id,timestamp,type,prob,phase_amplitude,event_idx,prob_gamma,event_id,event_id_mapped
AV.DEER..BH,2021-07-29T08:03:37.550000,P,0.692,1.609853825357277e-05,2,0.0005979079998146,20210729T080000_2,2
AV.DEER..BH,2021-07-29T08:10:30.840000,P,0.383,2.0390771169331856e-05,4,0.0005979079998146,20210729T080000_4,4
AV.DEER..BH,2021-07-29T08:16:35.300000,P,0.898,1.8066264601657167e-05,6,0.0005979079998146,20210729T080000_6,6
AV.DEER..BH,2021-07-29T08:26:15.040000,P,0.572,1.3446079719869886e-05,8,0.0005979079998146,20210729T080000_8,8
AV.DEER..BH,2021-07-29T08:41:01.790000,P,0.91,1.1133718544442672e-05,9,0.0005979079998146,20210729T080000_9,9
AV.DEER..BH,2021-07-29T09:08:34.220000,P,0.77,4.143421847402351e-06,12,0.0005979079998146,20210729T080000_12,12
AV.DEER..BH,2021-07-29T09:17:52.500000,P,0.583,5.420014531409834e-06,13,0.0005979079998146,20210729T080000_13,13
AV.DEER..BH,2021-07-29T09:23:38.580000,P,0.686,3.659670255728997e-06,14,0.0005979079998146,20210729T080000_14,14
AV.DEER..BH,2021-07-29T09:29:05.420000,P,0.453,1.3683794350072276e-05,16,0.0005979079998146,20210729T080000_16,16
AV.DEER..BH,2021-07-29T09:36:08.700000,P,0.758,2.8354747882985976e-06,17,0.0005979079998146,20210729T080000_17,17
AV.DEER..BH,2021-07-29T09:38:16.840000,P,0.484,3.505530230540898e-06,18,0.0005979079998146,20210729T080000_18,18
AV.DEER..BH,2021-07-29T09:44:01.540000,P,0.577,2.324962679267628e-06,19,0.0005979079998146,20210729T080000_19,19
AV.DEER..BH,2021-07-29T09:45:29.940000,P,0.896,1.949630814124248e-06,20,0.0005979079998146,20210729T080000_20,20
AV.DEER..BH,2021-07-29T09:53:06.260000,P,0.697,5.891109594813315e-06,21,0.0005979079998146,20210729T080000_21,21
AV.DEER..BH,2021-07-29T09:54:28.750000,P,0.636,7.507409918616759e-06,22,0.0005979079998146,20210729T080000_22,22
AV.DEER..BH,2021-07-29T09:59:23.860000,P,0.303,6.2390663515543565e-06,23,0.0005979079998146,20210729T080000_23,23
AV.DEER..BH,2021-07-29T10:08:40.900000,P,0.387,2.005657961490215e-06,27,0.0005979079998146,20210729T080000_27,27
AV.DEER..BH,2021-07-29T10:14:06.980000,P,0.835,2.3580703327752417e-06,28,0.0005979079998146,20210729T080000_28,28
AV.DEER..BH,2021-07-29T10:16:38.080000,P,0.557,1.8070496707878192e-06,29,0.0005979079998146,20210729T080000_29,29
AV.DEER..BH,2021-07-29T10:20:49.550000,P,0.537,1.8176359617427808e-06,32,0.0005979079998146,20210729T080000_32,32
AV.DEER..BH,2021-07-29T10:23:04.080000,P,0.621,1.4859791690469135e-06,34,0.0005979079998146,20210729T080000_34,34
AV.DEER..BH,2021-07-29T10:24:57.780000,P,0.701,1.639011429688253e-06,35,0.0005979079998146,20210729T080000_35,35
AV.DEER..BH,2021-07-29T10:27:41.040000,P,0.718,3.3558690120116808e-06,36,0.0005979079998146,20210729T080000_36,36
AV.DEER..BH,2021-07-29T10:38:44.990000,P,0.851,1.394405671817367e-06,37,0.0005979079998146,20210729T080000_37,37
AV.DEER..BH,2021-07-29T10:50:56.300000,P,0.98,4.935289780405583e-06,39,0.0005979079998146,20210729T080000_39,39
AV.DEER..BH,2021-07-29T10:54:46.750000,P,0.769,1.64190566920297e-06,41,0.0005979079998146,20210729T080000_41,41
AV.DEER..BH,2021-07-29T11:05:40.590000,P,0.746,1.828488620958524e-06,44,0.0005979079998146,20210729T080000_44,43
AV.DEER..BH,2021-07-29T11:09:30.590000,P,0.572,4.448593244887888e-06,45,0.0005979079998146,20210729T080000_45,45
AV.DEER..BH,2021-07-29T11:30:04.390000,P,0.824,2.1429914340842515e-06,48,0.0005979079998146,20210729T080000_48,48
AV.DEER..BH,2021-07-29T11:42:15.340000,P,0.86,1.1727669289030018e-06,49,0.0005979079998146,20210729T080000_49,49
AV.DEER..BH,2021-07-29T11:42:49.400000,P,0.342,3.1150989343586843e-06,50,0.0005979079998146,20210729T080000_50,50
AV.DEER..BH,2021-07-29T11:48:37.900000,P,0.511,1.630332917557098e-06,51,0.0005979079998146,20210729T080000_51,51
AV.DEER..BH,2021-07-29T12:17:33.710000,P,0.905,9.41834116474638e-07,52,0.0005979079998146,20210729T080000_52,52
AV.DEER..BH,2021-07-29T12:18:40.670000,P,0.852,1.7068530269170878e-06,53,0.0005979079998146,20210729T080000_53,53
AV.DEER..BH,2021-07-29T12:24:18.480000,P,0.556,1.3915225736127468e-06,54,0.0005979079998146,20210729T080000_54,54
AV.DEER..BH,2021-07-29T12:29:04.860000,P,0.749,1.809817376852152e-06,55,0.0005979079998146,20210729T080000_55,55
AV.DEER..BH,2021-07-29T12:32:56.500000,P,0.426,1.377470084662491e-06,56,0.0005979079998146,20210729T080000_56,56
AV.DEER..BH,2021-07-29T12:43:28.970000,P,0.92,5.855180006619776e-06,57,0.0005979079998146,20210729T080000_57,57
AV.DEER..BH,2021-07-29T12:52:30.080000,P,0.484,1.7529986280351295e-06,58,0.0005979079998146,20210729T080000_58,58
AV.DEER..BH,2021-07-29T13:13:12.230000,P,0.584,9.447949764762598e-07,61,0.0005979079998146,20210729T080000_61,61
AV.DEER..BH,2021-07-29T13:15:31.390000,P,0.802,2.798295781758497e-06,62,0.0005979079998146,20210729T080000_62,62
AV.DEER..BH,2021-07-29T13:18:44.310000,P,0.626,3.817504875769373e-06,63,0.0005979079998146,20210729T080000_63,63
AV.DEER..BH,2021-07-29T13:31:10.600000,P,0.652,1.3921242043579696e-06,64,0.0005979079998146,20210729T080000_64,64
AV.DEER..BH,2021-07-29T13:48:57.190000,P,0.585,1.325223024650768e-06,65,0.0005979079998146,20210729T080000_65,65
AV.DEER..BH,2021-07-29T14:02:54.680000,P,0.691,8.15999953829305e-07,66,0.0005979079998146,20210729T080000_66,66
AV.DEER..BH,2021-07-29T14:08:30.430000,P,0.613,8.80792129009933e-07,67,0.0005979079998146,20210729T080000_67,67
AV.DEER..BH,2021-07-29T14:16:46.870000,P,0.548,7.477012786694104e-07,69,0.0005979079998146,20210729T080000_69,69
AV.DEER..BH,2021-07-29T14:21:02.830000,P,0.827,7.767254714963201e-07,70,0.0005979079998146,20210729T080000_70,70
AV.DEER..BH,2021-07-29T14:50:08.660000,P,0.434,1.199586904476746e-06,72,0.0005979079998146,20210729T080000_72,72
AV.DEER..BH,2021-07-29T14:53:17.270000,P,0.719,1.078911395779869e-06,74,0.0005979079998146,20210729T080000_74,74
AV.DEER..BH,2021-07-29T14:58:46.910000,P,0.763,1.0572289284027647e-06,76,0.0005979079998146,20210729T080000_76,76
AV.DEER..BH,2021-07-29T15:11:15.070000,P,0.946,1.385482505611435e-06,77,0.0005979079998146,20210729T080000_77,77
AV.DEER..BH,2021-07-29T15:14:03.470000,P,0.783,1.4832305623713182e-06,78,0.0005979079998146,20210729T080000_78,78
AV.DEER..BH,2021-07-29T15:21:36.360000,P,0.698,7.806874577909184e-07,79,0.0005979079998146,20210729T080000_79,79
AV.DEER..BH,2021-07-29T15:30:32.150000,P,0.599,1.2730713478958933e-06,80,0.0005979079998146,20210729T080000_80,80
AV.DEER..BH,2021-07-29T15:54:33.580000,P,0.716,9.464734489483816e-07,82,0.0005979079998146,20210729T080000_82,82
AV.DEER..BH,2021-07-29T08:41:11.780000,S,0.303,1.1133718544442672e-05,9,1.620606399258123e-05,20210729T080000_9,9
AV.DEER..BH,2021-07-29T09:36:13.300000,S,0.205,3.876038590533426e-06,17,1.620606399258123e-05,20210729T080000_17,17
AV.DEER..BH,2021-07-29T09:44:08.220000,S,0.229,2.0016466351080453e-06,19,1.620606399258123e-05,20210729T080000_19,19
AV.DEER..BH,2021-07-29T10:08:53.680000,S,0.313,2.044024540737155e-06,27,1.620606399258123e-05,20210729T080000_27,27
AV.DEER..BH,2021-07-29T10:21:25.260000,S,0.284,2.1937353267276194e-06,33,0.0005979079998146,20210729T080000_33,33
AV.DEER..BH,2021-07-29T10:51:08.330000,S,0.853,7.102637482603313e-06,39,1.620606399258123e-05,20210729T080000_39,39
AV.DEER..BH,2021-07-29T11:24:22.170000,S,0.732,6.311598554020748e-06,47,0.0005979079998146,20210729T080000_47,47
AV.DEER..BH,2021-07-29T12:17:43.180000,S,0.329,8.99941937859694e-07,52,1.620606399258123e-05,20210729T080000_52,52
AV.DEER..BH,2021-07-29T14:16:35.840000,S,0.203,1.1347128747729585e-06,68,0.0005979079998146,20210729T080000_68,68
AV.DEER..BH,2021-07-29T15:11:25.050000,S,0.758,1.385482505611435e-06,77,1.620606399258123e-05,20210729T080000_77,77
AV.DEER..BH,2021-07-29T15:31:04.090000,S,0.41,4.743693352793343e-06,81,0.0005979079998146,20210729T080000_81,81
AV.DOL..BH,2021-07-29T08:00:00.010000,P,0.647,5.839277946506627e-05,1,0.0005979079998146,20210729T080000_1,1
AV.DOL..BH,2021-07-29T08:09:38.700000,P,0.328,2.07295215659542e-05,3,0.0005979079998146,20210729T080000_3,3
AV.DOL..BH,2021-07-29T08:13:35.980000,P,0.812,9.269354450225364e-06,5,0.0005979079998146,20210729T080000_5,5
AV.DOL..BH,2021-07-29T08:16:31.520000,P,0.499,3.1397030397783965e-05,6,1.620606399258123e-05,20210729T080000_6,6
AV.DOL..BH,2021-07-29T08:40:57.860000,P,0.851,1.7218178982147947e-05,9,0.0004050876116612,20210729T080000_9,9
AV.DOL..BH,2021-07-29T08:56:02.400000,P,0.463,1.1516407539602367e-05,10,0.0005979079998146,20210729T080000_10,10
AV.DOL..BH,2021-07-29T09:08:30.760000,P,0.936,6.262966508074896e-06,12,1.620606399258123e-05,20210729T080000_12,12
AV.DOL..BH,2021-07-29T09:17:49.030000,P,0.862,5.457341558212647e-06,13,1.620606399258123e-05,20210729T080000_13,13
AV.DOL..BH,2021-07-29T09:23:34.710000,P,0.913,4.144122613070067e-06,14,1.620606399258123e-05,20210729T080000_14,14
AV.DOL..BH,2021-07-29T09:26:59.780000,P,0.729,4.1630855776020326e-06,15,0.0005979079998146,20210729T080000_15,15
AV.DOL..BH,2021-07-29T09:29:01.710000,P,0.878,3.620882489485666e-05,16,1.620606399258123e-05,20210729T080000_16,16
AV.DOL..BH,2021-07-29T09:36:04.700000,P,0.605,4.659916157834232e-06,17,0.0004050876116612,20210729T080000_17,17
AV.DOL..BH,2021-07-29T09:43:57.360000,P,0.427,3.954230123781599e-06,19,0.0004050876116612,20210729T080000_19,19
AV.DOL..BH,2021-07-29T09:45:25.920000,P,0.441,2.9101572636136552e-06,20,1.620606399258123e-05,20210729T080000_20,20
AV.DOL..BH,2021-07-29T09:53:02.300000,P,0.845,9.666481673775706e-06,21,1.620606399258123e-05,20210729T080000_21,21
AV.DOL..BH,2021-07-29T09:54:24.640000,P,0.565,2.448816849209834e-05,22,1.620606399258123e-05,20210729T080000_22,22
AV.DOL..BH,2021-07-29T09:59:19.500000,P,0.65,6.898656465637032e-06,23,1.620606399258123e-05,20210729T080000_23,23
AV.DOL..BH,2021-07-29T10:02:18.750000,P,0.627,9.421355571248569e-06,24,0.0005979079998146,20210729T080000_24,24
AV.DOL..BH,2021-07-29T10:05:50.760000,P,0.52,2.7144751584273763e-06,25,0.0005979079998146,20210729T080000_25,25
AV.DOL..BH,2021-07-29T10:06:32.320000,P,0.408,5.8669124882726464e-06,26,0.0005979079998146,20210729T080000_26,26
AV.DOL..BH,2021-07-29T10:16:34.380000,P,0.84,4.5882093218097e-06,29,1.620606399258123e-05,20210729T080000_29,29
AV.DOL..BH,2021-07-29T10:18:00.050000,P,0.854,4.620641902874922e-06,31,0.0005979079998146,20210729T080000_31,31
AV.DOL..BH,2021-07-29T10:20:47.100000,P,0.486,2.2975455067353323e-06,32,1.620606399258123e-05,20210729T080000_32,32
AV.DOL..BH,2021-07-29T10:24:53.880000,P,0.597,5.167388280824525e-06,35,1.620606399258123e-05,20210729T080000_35,35
AV.DOL..BH,2021-07-29T10:27:38.180000,P,0.784,6.611031494685449e-06,36,1.620606399258123e-05,20210729T080000_36,36
AV.DOL..BH,2021-07-29T10:38:41.030000,P,0.73,2.951225496872212e-06,37,1.620606399258123e-05,20210729T080000_37,37
AV.DOL..BH,2021-07-29T10:50:56.340000,P,0.708,8.394048563786782e-06,39,0.0004050876116612,20210729T080000_39,39
AV.DOL..BH,2021-07-29T10:54:42.960000,P,0.45,1.851474280556431e-06,41,1.620606399258123e-05,20210729T080000_41,41
AV.DOL..BH,2021-07-29T10:59:11.360000,P,0.448,3.7677957607229473e-06,42,0.0005979079998146,20210729T080000_42,42
AV.DOL..BH,2021-07-29T11:05:36.740000,P,0.869,6.452268280554563e-06,44,1.620606399258123e-05,20210729T080000_44,43
AV.DOL..BH,2021-07-29T11:09:26.550000,P,0.697,1.3764051800535526e-05,45,1.620606399258123e-05,20210729T080000_45,45
AV.DOL..BH,2021-07-29T11:17:11.420000,P,0.338,2.427159415674396e-06,46,0.0005979079998146,20210729T080000_46,46
AV.DOL..BH,2021-07-29T11:30:00.420000,P,0.868,7.832838491594885e-06,48,1.620606399258123e-05,20210729T080000_48,48
AV.DOL..BH,2021-07-29T11:42:11.500000,P,0.747,2.512445234970073e-06,49,1.620606399258123e-05,20210729T080000_49,49
AV.DOL..BH,2021-07-29T11:42:43.600000,P,0.379,1.0271487553836778e-05,50,1.620606399258123e-05,20210729T080000_50,50
AV.DOL..BH,2021-07-29T11:48:33.900000,P,0.716,5.163655714568449e-06,51,1.620606399258123e-05,20210729T080000_51,51
AV.DOL..BH,2021-07-29T12:18:36.820000,P,0.833,5.016760496800998e-06,53,1.620606399258123e-05,20210729T080000_53,53
AV.DOL..BH,2021-07-29T12:29:01.190000,P,0.886,8.367950613319408e-06,55,1.620606399258123e-05,20210729T080000_55,55
AV.DOL..BH,2021-07-29T12:32:52.860000,P,0.344,3.0156531920511043e-06,56,1.620606399258123e-05,20210729T080000_56,56
AV.DOL..BH,2021-07-29T12:43:24.990000,P,0.91,2.0119465261814184e-05,57,1.620606399258123e-05,20210729T080000_57,57
AV.DOL..BH,2021-07-29T12:52:25.440000,P,0.349,6.331010354188038e-06,58,1.620606399258123e-05,20210729T080000_58,58
AV.DOL..BH,2021-07-29T13:03:49.920000,P,0.496,1.9343578969710502e-06,60,0.0005979079998146,20210729T080000_60,60
AV.DOL..BH,2021-07-29T13:15:27.920000,P,0.576,8.519200491718948e-06,62,1.620606399258123e-05,20210729T080000_62,62
AV.DOL..BH,2021-07-29T13:18:39.880000,P,0.789,9.748810953169595e-06,63,1.620606399258123e-05,20210729T080000_63,63
AV.DOL..BH,2021-07-29T13:31:06.400000,P,0.608,2.239872401332832e-06,64,1.620606399258123e-05,20210729T080000_64,64
AV.DOL..BH,2021-07-29T13:48:53.220000,P,0.825,3.2680961794540053e-06,65,1.620606399258123e-05,20210729T080000_65,65
AV.DOL..BH,2021-07-29T14:02:50.800000,P,0.831,1.7113612784669383e-06,66,1.620606399258123e-05,20210729T080000_66,66
AV.DOL..BH,2021-07-29T14:08:27.840000,P,0.604,1.2929411923323642e-06,67,1.620606399258123e-05,20210729T080000_67,67
AV.DOL..BH,2021-07-29T14:16:29.720000,P,0.545,1.8184372265750424e-06,68,1.620606399258123e-05,20210729T080000_68,68
AV.DOL..BH,2021-07-29T14:16:42.870000,P,0.462,1.8363160734224948e-06,69,1.620606399258123e-05,20210729T080000_69,69
AV.DOL..BH,2021-07-29T14:20:58.110000,P,0.411,1.2188389746370376e-06,70,1.620606399258123e-05,20210729T080000_70,70
AV.DOL..BH,2021-07-29T14:50:05.160000,P,0.414,2.4777220914984355e-06,72,1.620606399258123e-05,20210729T080000_72,72
AV.DOL..BH,2021-07-29T14:53:13.460000,P,0.675,2.6057296054204926e-06,74,1.620606399258123e-05,20210729T080000_74,74
AV.DOL..BH,2021-07-29T14:58:43.140000,P,0.579,1.825071990424476e-06,76,1.620606399258123e-05,20210729T080000_76,76
AV.DOL..BH,2021-07-29T15:11:14.200000,P,0.967,3.299471927675768e-06,77,0.0004050876116612,20210729T080000_77,77
AV.DOL..BH,2021-07-29T15:13:59.430000,P,0.728,4.248870027367957e-06,78,1.620606399258123e-05,20210729T080000_78,78
AV.DOL..BH,2021-07-29T15:21:32.660000,P,0.341,1.3573252317655715e-06,79,1.620606399258123e-05,20210729T080000_79,79
AV.DOL..BH,2021-07-29T15:30:28.510000,P,0.789,5.1472807172103785e-06,80,1.620606399258123e-05,20210729T080000_80,80
AV.DOL..BH,2021-07-29T08:41:05.840000,S,0.593,1.838173011492472e-05,9,0.0001504533844952,20210729T080000_9,9
AV.DOL..BH,2021-07-29T09:29:05.540000,S,0.239,4.22356570197735e-05,16,0.0004050876116612,20210729T080000_16,16
AV.DOL..BH,2021-07-29T09:54:32.920000,S,0.392,2.503120958863292e-05,22,0.0004050876116612,20210729T080000_22,22
AV.DOL..BH,2021-07-29T10:17:00.390000,S,0.516,1.811624133551959e-05,30,0.0005979079998146,20210729T080000_30,30
AV.DOL..BH,2021-07-29T10:25:02.000000,S,0.232,5.167388280824525e-06,35,0.0004050876116612,20210729T080000_35,35
AV.DOL..BH,2021-07-29T10:27:46.770000,S,0.502,6.611031494685449e-06,36,0.0004050876116612,20210729T080000_36,36
AV.DOL..BH,2021-07-29T10:54:49.470000,S,0.374,2.201088591391453e-06,41,0.0004050876116612,20210729T080000_41,41
AV.DOL..BH,2021-07-29T11:05:43.140000,S,0.313,6.865645900688833e-06,43,0.0005979079998146,20210729T080000_43,44
AV.DOL..BH,2021-07-29T11:48:37.700000,S,0.238,6.987823780946201e-06,51,0.0004050876116612,20210729T080000_51,51
AV.DOL..BH,2021-07-29T12:18:41.520000,S,0.369,6.3728402892593294e-06,53,0.0004050876116612,20210729T080000_53,53
AV.DOL..BH,2021-07-29T13:49:00.250000,S,0.318,3.767039515878423e-06,65,0.0004050876116612,20210729T080000_65,65
AV.DOL..BH,2021-07-29T14:16:39.220000,S,0.26,1.8363160734224948e-06,68,0.0004050876116612,20210729T080000_68,68
AV.DOL..BH,2021-07-29T14:50:27.730000,S,0.289,8.074163815763313e-06,73,0.0005979079998146,20210729T080000_73,73
AV.DOL..BH,2021-07-29T14:53:20.380000,S,0.206,2.6057296054204926e-06,74,0.0004050876116612,20210729T080000_74,74
AV.DOL..BH,2021-07-29T14:58:52.420000,S,0.238,2.3050235995469848e-06,76,0.0004050876116612,20210729T080000_76,76
AV.DOL..BH,2021-07-29T15:11:23.210000,S,0.803,3.299471927675768e-06,77,0.0001504533844952,20210729T080000_77,77
AV.DOL..BH,2021-07-29T15:30:54.500000,S,0.402,1.855982009146828e-05,81,1.620606399258123e-05,20210729T080000_81,81
AV.DT1..BH,2021-07-29T08:00:00.010000,P,0.308,1.5457273548236117e-05,1,1.620606399258123e-05,20210729T080000_1,1
AV.DT1..BH,2021-07-29T08:03:37.060000,P,0.73,1.058040106727276e-05,2,1.620606399258123e-05,20210729T080000_2,2
AV.DT1..BH,2021-07-29T08:10:29.780000,P,0.356,1.8900927898357622e-05,4,1.620606399258123e-05,20210729T080000_4,4
AV.DT1..BH,2021-07-29T08:13:39.940000,P,0.476,2.042096457444132e-05,5,1.620606399258123e-05,20210729T080000_5,5
AV.DT1..BH,2021-07-29T08:16:34.700000,P,0.829,1.3744686839345375e-05,6,0.0004050876116612,20210729T080000_6,6
AV.DT1..BH,2021-07-29T08:17:57.710000,P,0.337,1.6875033907126635e-05,7,0.0005979079998146,20210729T080000_7,7
AV.DT1..BH,2021-07-29T08:26:14.720000,P,0.606,7.959730282891542e-06,8,1.620606399258123e-05,20210729T080000_8,8
AV.DT1..BH,2021-07-29T08:41:01.300000,P,0.731,1.1591574548219796e-05,9,9.066641910142704e-05,20210729T080000_9,9
AV.DT1..BH,2021-07-29T08:56:06.160000,P,0.48,6.052648586774012e-06,10,1.620606399258123e-05,20210729T080000_10,10
AV.DT1..BH,2021-07-29T08:58:30.400000,P,0.477,8.250165592471603e-06,11,0.0005979079998146,20210729T080000_11,11
AV.DT1..BH,2021-07-29T09:08:34.190000,P,0.856,4.216547949909e-06,12,0.0004050876116612,20210729T080000_12,12
AV.DT1..BH,2021-07-29T09:17:52.020000,P,0.371,2.4037367438722868e-06,13,0.0004050876116612,20210729T080000_13,13
AV.DT1..BH,2021-07-29T09:23:38.020000,P,0.892,2.602583435873385e-06,14,0.0004050876116612,20210729T080000_14,14
AV.DT1..BH,2021-07-29T09:27:02.980000,P,0.867,3.137935664199176e-06,15,1.620606399258123e-05,20210729T080000_15,15
AV.DT1..BH,2021-07-29T09:29:05.030000,P,0.853,1.5862828149693087e-05,16,0.0001504533844952,20210729T080000_16,16
AV.DT1..BH,2021-07-29T09:38:15.840000,P,0.327,2.4725720777496463e-06,18,1.620606399258123e-05,20210729T080000_18,18
AV.DT1..BH,2021-07-29T09:44:01.590000,P,0.567,2.1900177671341226e-06,19,0.0001504533844952,20210729T080000_19,19
AV.DT1..BH,2021-07-29T09:45:29.280000,P,0.489,3.001182903972221e-06,20,0.0004050876116612,20210729T080000_20,20
AV.DT1..BH,2021-07-29T09:53:05.770000,P,0.871,5.610480002360418e-06,21,0.0004050876116612,20210729T080000_21,21
AV.DT1..BH,2021-07-29T09:54:27.920000,P,0.789,1.1494540558487644e-05,22,0.0001504533844952,20210729T080000_22,22
AV.DT1..BH,2021-07-29T09:59:23.080000,P,0.545,5.144852366356645e-06,23,0.0004050876116612,20210729T080000_23,23
AV.DT1..BH,2021-07-29T10:02:22.480000,P,0.375,3.4387408049951773e-06,24,1.620606399258123e-05,20210729T080000_24,24
AV.DT1..BH,2021-07-29T10:05:52.710000,P,0.94,1.6977655832306482e-06,25,1.620606399258123e-05,20210729T080000_25,25
AV.DT1..BH,2021-07-29T10:08:41.220000,P,0.353,2.6044358492072206e-06,27,0.0004050876116612,20210729T080000_27,27
AV.DT1..BH,2021-07-29T10:14:06.350000,P,0.61,2.3462309854949126e-06,28,1.620606399258123e-05,20210729T080000_28,28
AV.DT1..BH,2021-07-29T10:18:03.920000,P,0.352,2.5730910238053184e-06,31,1.620606399258123e-05,20210729T080000_31,31
AV.DT1..BH,2021-07-29T10:20:49.430000,P,0.714,1.6849978692334844e-06,32,0.0004050876116612,20210729T080000_32,32
AV.DT1..BH,2021-07-29T10:23:03.870000,P,0.774,1.9040171537199056e-06,34,1.620606399258123e-05,20210729T080000_34,34
AV.DT1..BH,2021-07-29T10:24:57.260000,P,0.853,3.15372722070606e-06,35,0.0001504533844952,20210729T080000_35,35
AV.DT1..BH,2021-07-29T10:27:40.980000,P,0.879,3.3884869026223896e-06,36,0.0001504533844952,20210729T080000_36,36
AV.DT1..BH,2021-07-29T10:38:44.500000,P,0.863,1.647822273298516e-06,37,0.0004050876116612,20210729T080000_37,37
AV.DT1..BH,2021-07-29T10:43:01.030000,P,0.875,1.356778170702455e-06,38,0.0005979079998146,20210729T080000_38,38
AV.DT1..BH,2021-07-29T10:50:56.060000,P,0.96,3.521067810652312e-06,39,0.0001504533844952,20210729T080000_39,39
AV.DT1..BH,2021-07-29T10:54:46.310000,P,0.867,1.2806528957298724e-06,41,0.0001504533844952,20210729T080000_41,41
AV.DT1..BH,2021-07-29T10:59:13.270000,P,0.424,1.7032220966939349e-06,42,1.620606399258123e-05,20210729T080000_42,42
AV.DT1..BH,2021-07-29T11:05:40.030000,P,0.938,2.7838966616400285e-06,44,0.0004050876116612,20210729T080000_44,43
AV.DT1..BH,2021-07-29T11:09:30.040000,P,0.643,7.043311597954016e-06,45,0.0004050876116612,20210729T080000_45,45
AV.DT1..BH,2021-07-29T11:17:14.390000,P,0.686,1.4328566066978965e-06,46,1.620606399258123e-05,20210729T080000_46,46
AV.DT1..BH,2021-07-29T11:24:13.730000,P,0.973,1.0933847079286352e-05,47,1.620606399258123e-05,20210729T080000_47,47
AV.DT1..BH,2021-07-29T11:30:03.780000,P,0.959,4.301665285311174e-06,48,0.0004050876116612,20210729T080000_48,48
AV.DT1..BH,2021-07-29T11:42:14.790000,P,0.83,1.6404467260144884e-06,49,0.0004050876116612,20210729T080000_49,49
AV.DT1..BH,2021-07-29T11:48:37.180000,P,0.907,2.280139824506477e-06,51,0.0001504533844952,20210729T080000_51,51
AV.DT1..BH,2021-07-29T12:17:33.390000,P,0.603,1.0737128377513727e-06,52,0.0004050876116612,20210729T080000_52,52
AV.DT1..BH,2021-07-29T12:18:40.150000,P,0.71,2.507435965526384e-06,53,0.0001504533844952,20210729T080000_53,53
AV.DT1..BH,2021-07-29T12:29:04.510000,P,0.824,2.315475285286084e-06,55,0.0004050876116612,20210729T080000_55,55
AV.DT1..BH,2021-07-29T12:32:55.680000,P,0.704,1.1927487548746285e-06,56,0.0004050876116612,20210729T080000_56,56
AV.DT1..BH,2021-07-29T12:43:28.270000,P,0.829,1.20081240311265e-05,57,0.0004050876116612,20210729T080000_57,57
AV.DT1..BH,2021-07-29T12:52:28.720000,P,0.364,2.5128877041424857e-06,58,0.0004050876116612,20210729T080000_58,58
AV.DT1..BH,2021-07-29T12:52:57.280000,P,0.339,9.159170076600276e-06,59,0.0005979079998146,20210729T080000_59,59
AV.DT1..BH,2021-07-29T13:03:49.860000,P,0.573,9.610945426175022e-07,60,1.620606399258123e-05,20210729T080000_60,60
AV.DT1..BH,2021-07-29T13:13:11.190000,P,0.894,8.505577397954767e-07,61,1.620606399258123e-05,20210729T080000_61,61
AV.DT1..BH,2021-07-29T13:15:31.470000,P,0.626,3.429233402130194e-06,62,0.0004050876116612,20210729T080000_62,62
AV.DT1..BH,2021-07-29T13:18:43.180000,P,0.747,6.528817721118685e-06,63,0.0004050876116612,20210729T080000_63,63
AV.DT1..BH,2021-07-29T13:31:10.110000,P,0.811,1.7000716070469934e-06,64,0.0004050876116612,20210729T080000_64,64
AV.DT1..BH,2021-07-29T13:48:56.550000,P,0.908,2.010524895013077e-06,65,0.0001504533844952,20210729T080000_65,65
AV.DT1..BH,2021-07-29T14:02:54.480000,P,0.924,1.2820410120184531e-06,66,0.0004050876116612,20210729T080000_66,66
AV.DT1..BH,2021-07-29T14:08:30.670000,P,0.565,9.424264248991676e-07,67,0.0004050876116612,20210729T080000_67,67
AV.DT1..BH,2021-07-29T14:16:46.360000,P,0.676,1.4542105191139854e-06,69,0.0004050876116612,20210729T080000_69,69
AV.DT1..BH,2021-07-29T14:21:02.670000,P,0.938,1.3934605931353872e-06,70,0.0004050876116612,20210729T080000_70,70
AV.DT1..BH,2021-07-29T14:48:13.750000,P,0.354,8.79412198173668e-07,71,0.0005979079998146,20210729T080000_71,71
AV.DT1..BH,2021-07-29T14:50:08.300000,P,0.805,1.6058130540841375e-06,72,0.0004050876116612,20210729T080000_72,72
AV.DT1..BH,2021-07-29T14:53:17.150000,P,0.878,1.2747967730319942e-06,74,0.0001504533844952,20210729T080000_74,74
AV.DT1..BH,2021-07-29T14:57:12.290000,P,0.881,1.0533060503803426e-06,75,0.0005979079998146,20210729T080000_75,75
AV.DT1..BH,2021-07-29T14:58:46.380000,P,0.623,2.3251466245710617e-06,76,0.0001504533844952,20210729T080000_76,76
AV.DT1..BH,2021-07-29T15:11:15.990000,P,0.95,1.855046320997644e-06,77,9.066641910142704e-05,20210729T080000_77,77
AV.DT1..BH,2021-07-29T15:14:02.800000,P,0.89,2.015233576457831e-06,78,0.0004050876116612,20210729T080000_78,78
AV.DT1..BH,2021-07-29T15:21:36.150000,P,0.944,8.643305022815184e-07,79,0.0004050876116612,20210729T080000_79,79
AV.DT1..BH,2021-07-29T15:30:31.750000,P,0.643,2.3545158001070376e-06,80,0.0004050876116612,20210729T080000_80,80
AV.DT1..BH,2021-07-29T15:54:33.750000,P,0.58,9.916077488014707e-07,82,1.620606399258123e-05,20210729T080000_82,82
AV.DT1..BH,2021-07-29T08:16:45.530000,S,0.213,1.4598489542549942e-05,6,0.0001504533844952,20210729T080000_6,6
AV.DT1..BH,2021-07-29T08:26:24.980000,S,0.362,6.368210051732604e-06,8,0.0004050876116612,20210729T080000_8,8
AV.DT1..BH,2021-07-29T08:41:11.920000,S,0.395,9.9459048215067e-06,9,0.0018216937879111,20210729T080000_9,9
AV.DT1..BH,2021-07-29T09:23:48.500000,S,0.273,3.080956275880453e-06,14,0.0001504533844952,20210729T080000_14,14
AV.DT1..BH,2021-07-29T09:45:39.680000,S,0.718,2.397006255705492e-06,20,0.0001504533844952,20210729T080000_20,20
AV.DT1..BH,2021-07-29T09:54:38.670000,S,0.669,1.198419340653345e-05,22,9.066641910142704e-05,20210729T080000_22,22
AV.DT1..BH,2021-07-29T10:17:05.400000,S,0.431,5.877400781173492e-06,30,1.620606399258123e-05,20210729T080000_30,30
AV.DT1..BH,2021-07-29T10:21:25.300000,S,0.318,2.085016831188113e-06,33,1.620606399258123e-05,20210729T080000_33,33
AV.DT1..BH,2021-07-29T10:38:55.060000,S,0.344,1.752772618601739e-06,37,0.0001504533844952,20210729T080000_37,37
AV.DT1..BH,2021-07-29T10:51:07.960000,S,0.774,6.903618213982554e-06,39,9.066641910142704e-05,20210729T080000_39,39
AV.DT1..BH,2021-07-29T10:51:13.880000,S,0.472,7.62388481234666e-06,40,0.0005979079998146,20210729T080000_40,40
AV.DT1..BH,2021-07-29T11:09:36.420000,S,0.256,7.043311597954016e-06,45,0.0001504533844952,20210729T080000_45,45
AV.DT1..BH,2021-07-29T11:24:24.710000,S,0.921,1.0933847079286352e-05,47,0.0004050876116612,20210729T080000_47,47
AV.DT1..BH,2021-07-29T11:42:25.340000,S,0.308,2.315518713658093e-06,49,0.0001504533844952,20210729T080000_49,49
AV.DT1..BH,2021-07-29T11:48:41.380000,S,0.231,2.468737420713296e-06,51,9.066641910142704e-05,20210729T080000_51,51
AV.DT1..BH,2021-07-29T12:18:44.860000,S,0.386,2.61359718933818e-06,53,9.066641910142704e-05,20210729T080000_53,53
AV.DT1..BH,2021-07-29T12:24:24.820000,S,0.325,1.5943845710353344e-06,54,1.620606399258123e-05,20210729T080000_54,54
AV.DT1..BH,2021-07-29T12:43:33.780000,S,0.353,1.20081240311265e-05,57,0.0001504533844952,20210729T080000_57,57
AV.DT1..BH,2021-07-29T12:53:02.900000,S,0.256,9.159170076600276e-06,59,1.620606399258123e-05,20210729T080000_59,59
AV.DT1..BH,2021-07-29T13:13:21.940000,S,0.215,7.669264618925808e-07,61,0.0004050876116612,20210729T080000_61,61
AV.DT1..BH,2021-07-29T13:15:37.660000,S,0.258,3.429233402130194e-06,62,0.0001504533844952,20210729T080000_62,62
AV.DT1..BH,2021-07-29T13:18:53.780000,S,0.31,6.528817721118685e-06,63,0.0001504533844952,20210729T080000_63,63
AV.DT1..BH,2021-07-29T13:31:20.830000,S,0.525,2.2050792267691577e-06,64,0.0001504533844952,20210729T080000_64,64
AV.DT1..BH,2021-07-29T14:03:04.910000,S,0.359,9.67514779404155e-07,66,0.0001504533844952,20210729T080000_66,66
AV.DT1..BH,2021-07-29T14:08:40.510000,S,0.373,9.41540918120154e-07,67,0.0001504533844952,20210729T080000_67,67
AV.DT1..BH,2021-07-29T14:16:35.550000,S,0.671,1.5025972288640332e-06,68,0.0001504533844952,20210729T080000_68,68
AV.DT1..BH,2021-07-29T14:16:56.880000,S,0.656,1.1210538559680572e-06,69,0.0001504533844952,20210729T080000_69,69
AV.DT1..BH,2021-07-29T14:50:33.310000,S,0.454,2.1242658476694487e-06,73,1.620606399258123e-05,20210729T080000_73,73
AV.DT1..BH,2021-07-29T14:57:22.460000,S,0.223,1.0533060503803426e-06,75,1.620606399258123e-05,20210729T080000_75,75
AV.DT1..BH,2021-07-29T15:11:26.410000,S,0.858,1.855046320997644e-06,77,0.0018216937879111,20210729T080000_77,77
AV.DT1..BH,2021-07-29T15:14:13.540000,S,0.315,1.93488585864543e-06,78,0.0001504533844952,20210729T080000_78,78
AV.DT1..BH,2021-07-29T15:21:45.940000,S,0.249,8.806725304566498e-07,79,0.0001504533844952,20210729T080000_79,79
AV.DT1..BH,2021-07-29T15:30:59.940000,S,0.385,4.3168420233996585e-06,81,0.0004050876116612,20210729T080000_81,81
AV.DTN..BH,2021-07-29T08:00:00.010000,P,0.558,3.631030267570168e-05,1,0.0004050876116612,20210729T080000_1,1
AV.DTN..BH,2021-07-29T08:03:36.990000,P,0.832,2.041900552285369e-05,2,0.0004050876116612,20210729T080000_2,2
AV.DTN..BH,2021-07-29T08:09:42.060000,P,0.55,2.680294528545346e-05,3,1.620606399258123e-05,20210729T080000_3,3
AV.DTN..BH,2021-07-29T08:10:29.880000,P,0.551,3.685850606416352e-05,4,0.0004050876116612,20210729T080000_4,4
AV.DTN..BH,2021-07-29T08:13:40.300000,P,0.422,1.990824239328504e-05,5,0.0004050876116612,20210729T080000_5,5
AV.DTN..BH,2021-07-29T08:16:34.710000,P,0.765,3.0665178201161325e-05,6,9.066641910142704e-05,20210729T080000_6,6
AV.DTN..BH,2021-07-29T08:26:14.280000,P,0.725,5.981223239359679e-06,8,0.0001504533844952,20210729T080000_8,8
AV.DTN..BH,2021-07-29T08:41:01.220000,P,0.757,1.1317771168251056e-05,9,0.0003326425624233,20210729T080000_9,9
AV.DTN..BH,2021-07-29T08:56:05.840000,P,0.717,9.128504643740598e-06,10,0.0004050876116612,20210729T080000_10,10
AV.DTN..BH,2021-07-29T08:58:29.920000,P,0.467,1.0664857654774096e-05,11,1.620606399258123e-05,20210729T080000_11,11
AV.DTN..BH,2021-07-29T09:08:34.600000,P,0.376,6.440284778364003e-06,12,0.0001504533844952,20210729T080000_12,12
AV.DTN..BH,2021-07-29T09:17:52.340000,P,0.773,6.310070148174418e-06,13,0.0001504533844952,20210729T080000_13,13
AV.DTN..BH,2021-07-29T09:23:38.070000,P,0.809,5.471690201375168e-06,14,9.066641910142704e-05,20210729T080000_14,14
AV.DTN..BH,2021-07-29T09:27:02.910000,P,0.734,4.70531995233614e-06,15,0.0004050876116612,20210729T080000_15,15
AV.DTN..BH,2021-07-29T09:29:04.940000,P,0.399,2.399401637376286e-06,16,9.066641910142704e-05,20210729T080000_16,16
AV.DTN..BH,2021-07-29T09:36:07.780000,P,0.765,1.964490138561814e-06,17,0.0001504533844952,20210729T080000_17,17
AV.DTN..BH,2021-07-29T09:38:16.320000,P,0.476,3.931732862838544e-06,18,0.0004050876116612,20210729T080000_18,18
AV.DTN..BH,2021-07-29T09:44:00.590000,P,0.832,3.720305585375172e-06,19,9.066641910142704e-05,20210729T080000_19,19
AV.DTN..BH,2021-07-29T09:45:29.380000,P,0.859,3.857213414448779e-06,20,9.066641910142704e-05,20210729T080000_20,20
AV.DTN..BH,2021-07-29T09:53:05.550000,P,0.843,6.95879816703382e-06,21,0.0001504533844952,20210729T080000_21,21
AV.DTN..BH,2021-07-29T09:54:27.710000,P,0.525,1.530630652268883e-05,22,0.0018216937879111,20210729T080000_22,22
AV.DTN..BH,2021-07-29T09:59:23.230000,P,0.814,8.471535693388432e-06,23,0.0001504533844952,20210729T080000_23,23
AV.DTN..BH,2021-07-29T10:02:22.180000,P,0.711,5.34654236616916e-06,24,0.0004050876116612,20210729T080000_24,24
AV.DTN..BH,2021-07-29T10:05:52.910000,P,0.896,2.2827141492598457e-06,25,0.0004050876116612,20210729T080000_25,25
AV.DTN..BH,2021-07-29T10:14:06.350000,P,0.62,2.595317710074596e-06,28,0.0004050876116612,20210729T080000_28,28
AV.DTN..BH,2021-07-29T10:16:37.950000,P,0.704,3.963697508879704e-06,29,0.0004050876116612,20210729T080000_29,29
AV.DTN..BH,2021-07-29T10:18:03.920000,P,0.533,2.9608368095068727e-06,31,0.0004050876116612,20210729T080000_31,31
AV.DTN..BH,2021-07-29T10:20:49.320000,P,0.534,3.1626582313037943e-06,32,0.0001504533844952,20210729T080000_32,32
AV.DTN..BH,2021-07-29T10:23:03.820000,P,0.782,2.669924242582056e-06,34,0.0004050876116612,20210729T080000_34,34
AV.DTN..BH,2021-07-29T10:24:57.230000,P,0.807,4.549034656520234e-06,35,9.066641910142704e-05,20210729T080000_35,35
AV.DTN..BH,2021-07-29T10:27:41.100000,P,0.806,4.411719146446558e-06,36,9.066641910142704e-05,20210729T080000_36,36
AV.DTN..BH,2021-07-29T10:38:44.400000,P,0.876,2.769625780274509e-06,37,9.066641910142704e-05,20210729T080000_37,37
AV.DTN..BH,2021-07-29T10:43:01.030000,P,0.761,2.767338173725875e-06,38,1.620606399258123e-05,20210729T080000_38,38
AV.DTN..BH,2021-07-29T10:50:56.490000,P,0.771,2.052602894764277e-06,39,0.0018216937879111,20210729T080000_39,39
AV.DTN..BH,2021-07-29T10:54:46.230000,P,0.906,2.465367515469552e-06,41,9.066641910142704e-05,20210729T080000_41,41
AV.DTN..BH,2021-07-29T10:59:13.040000,P,0.442,2.8221047614351846e-06,42,0.0004050876116612,20210729T080000_42,42
AV.DTN..BH,2021-07-29T11:05:40.030000,P,0.883,3.60443300451152e-06,44,0.0001504533844952,20210729T080000_44,43
AV.DTN..BH,2021-07-29T11:09:28.320000,P,0.542,1.6804499409772689e-06,45,9.066641910142704e-05,20210729T080000_45,45
AV.DTN..BH,2021-07-29T11:17:13.900000,P,0.541,2.6909747248282656e-06,46,0.0004050876116612,20210729T080000_46,46
AV.DTN..BH,2021-07-29T11:24:14.350000,P,0.963,3.602457582019269e-06,47,0.0001504533844952,20210729T080000_47,47
AV.DTN..BH,2021-07-29T11:30:03.710000,P,0.865,5.091736511531053e-06,48,0.0001504533844952,20210729T080000_48,48
AV.DTN..BH,2021-07-29T11:42:14.740000,P,0.792,2.207015540989232e-06,49,9.066641910142704e-05,20210729T080000_49,49
AV.DTN..BH,2021-07-29T11:42:48.800000,P,0.404,1.2706656889349688e-05,50,0.0004050876116612,20210729T080000_50,50
AV.DTN..BH,2021-07-29T11:48:37.190000,P,0.927,4.527214059635298e-06,51,0.0018216937879111,20210729T080000_51,51
AV.DTN..BH,2021-07-29T12:17:33.380000,P,0.817,1.494723278483434e-06,52,0.0001504533844952,20210729T080000_52,52
AV.DTN..BH,2021-07-29T12:18:40.110000,P,0.914,4.829829322261503e-06,53,0.0018216937879111,20210729T080000_53,53
AV.DTN..BH,2021-07-29T12:29:04.550000,P,0.865,5.794468506792327e-06,55,0.0001504533844952,20210729T080000_55,55
AV.DTN..BH,2021-07-29T12:32:55.700000,P,0.73,2.727736273300252e-06,56,0.0001504533844952,20210729T080000_56,56
AV.DTN..BH,2021-07-29T12:43:28.260000,P,0.869,1.917436020448804e-05,57,9.066641910142704e-05,20210729T080000_57,57
AV.DTN..BH,2021-07-29T12:52:29.190000,P,0.815,7.16570275471895e-06,58,0.0001504533844952,20210729T080000_58,58
AV.DTN..BH,2021-07-29T13:03:49.750000,P,0.872,2.0849870452366304e-06,60,0.0004050876116612,20210729T080000_60,60
AV.DTN..BH,2021-07-29T13:13:10.990000,P,0.378,1.5823568446649006e-06,61,0.0001504533844952,20210729T080000_61,61
AV.DTN..BH,2021-07-29T13:15:31.190000,P,0.823,7.961859409988392e-06,62,9.066641910142704e-05,20210729T080000_62,62
AV.DTN..BH,2021-07-29T13:18:43.140000,P,0.719,9.745311217557172e-06,63,9.066641910142704e-05,20210729T080000_63,63
AV.DTN..BH,2021-07-29T13:31:09.910000,P,0.911,1.985300059459405e-06,64,9.066641910142704e-05,20210729T080000_64,64
AV.DTN..BH,2021-07-29T13:48:56.510000,P,0.881,4.130570232518949e-06,65,9.066641910142704e-05,20210729T080000_65,65
AV.DTN..BH,2021-07-29T14:02:54.150000,P,0.86,1.7273276853302375e-06,66,9.066641910142704e-05,20210729T080000_66,66
AV.DTN..BH,2021-07-29T14:08:30.870000,P,0.832,2.396027184659033e-06,67,9.066641910142704e-05,20210729T080000_67,67
AV.DTN..BH,2021-07-29T14:16:46.110000,P,0.595,2.579914735179045e-06,69,9.066641910142704e-05,20210729T080000_69,69
AV.DTN..BH,2021-07-29T14:21:02.760000,P,0.618,2.598219680294278e-06,70,0.0001504533844952,20210729T080000_70,70
AV.DTN..BH,2021-07-29T14:48:13.430000,P,0.631,2.054991000477457e-06,71,1.620606399258123e-05,20210729T080000_71,71
AV.DTN..BH,2021-07-29T14:50:08.320000,P,0.594,2.6484160571271782e-06,72,0.0001504533844952,20210729T080000_72,72
AV.DTN..BH,2021-07-29T14:53:17.070000,P,0.845,2.6815816909220302e-06,74,9.066641910142704e-05,20210729T080000_74,74
AV.DTN..BH,2021-07-29T14:57:11.980000,P,0.487,1.7476463654020336e-06,75,0.0004050876116612,20210729T080000_75,75
AV.DTN..BH,2021-07-29T14:58:46.340000,P,0.626,2.5435413135710405e-06,76,9.066641910142704e-05,20210729T080000_76,76
AV.DTN..BH,2021-07-29T15:11:16.640000,P,0.643,2.0801912796741817e-06,77,0.0003326425624233,20210729T080000_77,77
AV.DTN..BH,2021-07-29T15:14:02.710000,P,0.895,2.7660316845867783e-06,78,9.066641910142704e-05,20210729T080000_78,78
AV.DTN..BH,2021-07-29T15:21:36.240000,P,0.571,2.3167433482740307e-06,79,9.066641910142704e-05,20210729T080000_79,79
AV.DTN..BH,2021-07-29T15:30:31.950000,P,0.866,4.05002629122464e-06,80,0.0001504533844952,20210729T080000_80,80
AV.DTN..BH,2021-07-29T15:54:33.390000,P,0.45,2.26673910219688e-06,82,0.0004050876116612,20210729T080000_82,82
AV.DTN..BH,2021-07-29T08:03:45.470000,S,0.519,1.2732629329548216e-05,2,0.0001504533844952,20210729T080000_2,2
AV.DTN..BH,2021-07-29T08:10:36.560000,S,0.265,4.604115383699536e-05,4,0.0001504533844952,20210729T080000_4,4
AV.DTN..BH,2021-07-29T09:23:48.420000,S,0.391,5.067302026873222e-06,14,0.0018216937879111,20210729T080000_14,14
AV.DTN..BH,2021-07-29T09:36:13.350000,S,0.219,2.731295808189316e-06,17,9.066641910142704e-05,20210729T080000_17,17
AV.DTN..BH,2021-07-29T09:38:24.400000,S,0.45,3.715141929205856e-06,18,0.0001504533844952,20210729T080000_18,18
AV.DTN..BH,2021-07-29T09:44:07.520000,S,0.48,3.720305585375172e-06,19,0.0018216937879111,20210729T080000_19,19
AV.DTN..BH,2021-07-29T09:53:12.820000,S,0.22,1.402948964823736e-05,21,9.066641910142704e-05,20210729T080000_21,21
AV.DTN..BH,2021-07-29T09:54:39.860000,S,0.267,2.570378637756221e-05,22,0.0003326425624233,20210729T080000_22,22
AV.DTN..BH,2021-07-29T10:06:37.760000,S,0.238,3.667555802167044e-06,26,1.620606399258123e-05,20210729T080000_26,26
AV.DTN..BH,2021-07-29T10:14:13.980000,S,0.37,2.595317710074596e-06,28,0.0001504533844952,20210729T080000_28,28
AV.DTN..BH,2021-07-29T10:17:05.660000,S,0.236,1.711441291263327e-05,30,0.0004050876116612,20210729T080000_30,30
AV.DTN..BH,2021-07-29T10:25:04.820000,S,0.204,6.402816779882414e-06,35,0.0018216937879111,20210729T080000_35,35
AV.DTN..BH,2021-07-29T10:38:53.460000,S,0.216,3.1704969387647e-06,37,0.0018216937879111,20210729T080000_37,37
AV.DTN..BH,2021-07-29T10:51:08.760000,S,0.66,4.7147345867415424e-06,39,0.0003326425624233,20210729T080000_39,39
AV.DTN..BH,2021-07-29T11:24:25.890000,S,0.81,3.852247573377099e-06,47,9.066641910142704e-05,20210729T080000_47,47
AV.DTN..BH,2021-07-29T11:30:07.870000,S,0.779,6.205627869348973e-06,48,9.066641910142704e-05,20210729T080000_48,48
AV.DTN..BH,2021-07-29T11:42:59.520000,S,0.323,1.7101707271649502e-05,50,0.0001504533844952,20210729T080000_50,50
AV.DTN..BH,2021-07-29T11:48:41.670000,S,0.525,4.527214059635298e-06,51,0.0003326425624233,20210729T080000_51,51
AV.DTN..BH,2021-07-29T12:18:45.020000,S,0.413,4.829829322261503e-06,53,0.0003326425624233,20210729T080000_53,53
AV.DTN..BH,2021-07-29T12:43:35.020000,S,0.319,3.131557605229318e-05,57,0.0018216937879111,20210729T080000_57,57
AV.DTN..BH,2021-07-29T13:15:37.460000,S,0.311,1.1061591976613272e-05,62,0.0018216937879111,20210729T080000_62,62
AV.DTN..BH,2021-07-29T13:31:20.340000,S,0.345,3.17164358420996e-06,64,0.0018216937879111,20210729T080000_64,64
AV.DTN..BH,2021-07-29T13:49:03.560000,S,0.245,4.130570232518949e-06,65,0.0018216937879111,20210729T080000_65,65
AV.DTN..BH,2021-07-29T14:16:36.000000,S,0.487,2.26174279305269e-06,68,9.066641910142704e-05,20210729T080000_68,68
AV.DTN..BH,2021-07-29T15:11:27.680000,S,0.314,2.032622205661028e-06,77,0.0025576351085371,20210729T080000_77,77
AV.HAG..SH,2021-07-29T08:00:00.010000,P,0.702,1.681770481809508e-05,1,0.0001504533844952,20210729T080000_1,1
AV.HAG..SH,2021-07-29T08:03:34.920000,P,0.615,1.4129910596238917e-05,2,9.066641910142704e-05,20210729T080000_2,2
AV.HAG..SH,2021-07-29T08:09:40.840000,P,0.444,4.6377203943848144e-06,3,0.0004050876116612,20210729T080000_3,3
AV.HAG..SH,2021-07-29T08:40:58.760000,P,0.376,1.1334146620356478e-05,9,0.0025576351085371,20210729T080000_9,9
AV.HAG..SH,2021-07-29T08:58:27.950000,P,0.324,1.0488501175132114e-05,11,0.0004050876116612,20210729T080000_11,11
AV.HAG..SH,2021-07-29T09:08:32.000000,P,0.636,6.149052751425188e-06,12,9.066641910142704e-05,20210729T080000_12,12
AV.HAG..SH,2021-07-29T09:17:50.280000,P,0.609,6.528853191412054e-06,13,9.066641910142704e-05,20210729T080000_13,13
AV.HAG..SH,2021-07-29T09:23:35.630000,P,0.769,3.998370630142745e-06,14,0.0003326425624233,20210729T080000_14,14
AV.HAG..SH,2021-07-29T09:29:02.310000,P,0.742,2.81334050669102e-05,16,0.0018216937879111,20210729T080000_16,16
AV.HAG..SH,2021-07-29T09:36:07.400000,P,0.468,1.5145956240303349e-06,17,0.0018216937879111,20210729T080000_17,17
AV.HAG..SH,2021-07-29T09:38:15.270000,P,0.731,6.041105734766461e-06,18,9.066641910142704e-05,20210729T080000_18,18
AV.HAG..SH,2021-07-29T09:53:02.870000,P,0.718,1.060963677446125e-05,21,0.0018216937879111,20210729T080000_21,21
AV.HAG..SH,2021-07-29T09:54:25.420000,P,0.456,2.267923264298588e-05,22,0.0025576351085371,20210729T080000_22,22
AV.HAG..SH,2021-07-29T09:59:20.820000,P,0.414,2.830588755386998e-06,23,9.066641910142704e-05,20210729T080000_23,23
AV.HAG..SH,2021-07-29T10:08:34.440000,P,0.441,2.981865918627591e-06,27,0.0001504533844952,20210729T080000_27,27
AV.HAG..SH,2021-07-29T10:14:04.000000,P,0.408,1.4712497886648634e-06,28,9.066641910142704e-05,20210729T080000_28,28
AV.HAG..SH,2021-07-29T10:16:35.480000,P,0.782,4.267665644874796e-06,29,0.0001504533844952,20210729T080000_29,29
AV.HAG..SH,2021-07-29T10:18:01.710000,P,0.693,4.188490493106656e-06,31,0.0001504533844952,20210729T080000_31,31
AV.HAG..SH,2021-07-29T10:23:01.240000,P,0.779,2.9099003313604044e-06,34,0.0001504533844952,20210729T080000_34,34
AV.HAG..SH,2021-07-29T10:24:55.040000,P,0.556,3.728895535459742e-06,35,0.0003326425624233,20210729T080000_35,35
AV.HAG..SH,2021-07-29T10:27:38.560000,P,0.558,3.0574851734854747e-06,36,0.0018216937879111,20210729T080000_36,36
AV.HAG..SH,2021-07-29T10:38:42.080000,P,0.749,3.1062970720086014e-06,37,0.0003326425624233,20210729T080000_37,37
AV.HAG..SH,2021-07-29T10:59:12.310000,P,0.762,3.7645077100023615e-06,42,0.0001504533844952,20210729T080000_42,42
AV.HAG..SH,2021-07-29T11:05:37.790000,P,0.733,4.396110853122082e-06,44,9.066641910142704e-05,20210729T080000_44,43
AV.HAG..SH,2021-07-29T11:09:27.100000,P,0.848,1.5733385225757957e-05,45,0.0018216937879111,20210729T080000_45,45
AV.HAG..SH,2021-07-29T11:30:01.610000,P,0.837,8.168872227543034e-06,48,0.0018216937879111,20210729T080000_48,48
AV.HAG..SH,2021-07-29T11:42:12.000000,P,0.338,2.05204787562252e-06,49,0.0018216937879111,20210729T080000_49,49
AV.HAG..SH,2021-07-29T11:48:35.110000,P,0.546,5.21044103152235e-06,51,0.0025576351085371,20210729T080000_51,51
AV.HAG..SH,2021-07-29T12:29:02.440000,P,0.669,6.201057658472564e-06,55,9.066641910142704e-05,20210729T080000_55,55
AV.HAG..SH,2021-07-29T12:32:53.320000,P,0.328,3.670871819849708e-06,56,9.066641910142704e-05,20210729T080000_56,56
AV.HAG..SH,2021-07-29T12:43:25.460000,P,0.931,3.2140527764568105e-05,57,0.0003326425624233,20210729T080000_57,57
AV.HAG..SH,2021-07-29T12:52:26.870000,P,0.307,1.1015204108844046e-06,58,9.066641910142704e-05,20210729T080000_58,58
AV.HAG..SH,2021-07-29T13:03:48.280000,P,0.488,1.0258015663566766e-06,60,0.0001504533844952,20210729T080000_60,60
AV.HAG..SH,2021-07-29T13:13:08.420000,P,0.528,3.9970308307601954e-07,61,9.066641910142704e-05,20210729T080000_61,61
AV.HAG..SH,2021-07-29T13:15:28.510000,P,0.846,6.322294211713597e-06,62,0.0003326425624233,20210729T080000_62,62
AV.HAG..SH,2021-07-29T13:18:40.350000,P,0.842,7.472954166587442e-06,63,0.0018216937879111,20210729T080000_63,63
AV.HAG..SH,2021-07-29T13:31:07.100000,P,0.838,2.0696211322501767e-06,64,0.0003326425624233,20210729T080000_64,64
AV.HAG..SH,2021-07-29T13:48:54.240000,P,0.378,3.625056933742599e-06,65,0.0003326425624233,20210729T080000_65,65
AV.HAG..SH,2021-07-29T14:02:52.000000,P,0.525,7.908876682449772e-07,66,0.0018216937879111,20210729T080000_66,66
AV.HAG..SH,2021-07-29T14:08:27.960000,P,0.37,9.678465175966269e-07,67,0.0018216937879111,20210729T080000_67,67
AV.HAG..SH,2021-07-29T14:16:33.000000,P,0.722,1.3327081660463591e-06,68,0.0018216937879111,20210729T080000_68,68
AV.HAG..SH,2021-07-29T14:21:00.200000,P,0.641,5.649167178489733e-07,70,9.066641910142704e-05,20210729T080000_70,70
AV.HAG..SH,2021-07-29T14:48:12.360000,P,0.568,8.110783369374985e-07,71,0.0004050876116612,20210729T080000_71,71
AV.HAG..SH,2021-07-29T14:50:05.470000,P,0.579,2.055006461887388e-06,72,9.066641910142704e-05,20210729T080000_72,72
AV.HAG..SH,2021-07-29T14:53:15.080000,P,0.365,3.2651846595399547e-06,74,0.0018216937879111,20210729T080000_74,74
AV.HAG..SH,2021-07-29T14:57:10.240000,P,0.532,4.4620972516895563e-07,75,0.0001504533844952,20210729T080000_75,75
AV.HAG..SH,2021-07-29T14:58:44.190000,P,0.783,2.364284910072456e-06,76,0.0018216937879111,20210729T080000_76,76
AV.HAG..SH,2021-07-29T15:11:16.900000,P,0.876,8.142514502651466e-07,77,0.0001302738796831,20210729T080000_77,77
AV.HAG..SH,2021-07-29T15:14:00.140000,P,0.746,3.642606543508009e-06,78,0.0018216937879111,20210729T080000_78,78
AV.HAG..SH,2021-07-29T15:21:33.760000,P,0.782,6.062314810151292e-07,79,0.0018216937879111,20210729T080000_79,79
AV.HAG..SH,2021-07-29T15:30:29.620000,P,0.947,6.669264621450566e-06,80,9.066641910142704e-05,20210729T080000_80,80
AV.HAG..SH,2021-07-29T15:54:32.060000,P,0.316,8.019219990273996e-07,82,0.0001504533844952,20210729T080000_82,82
AV.HAG..SH,2021-07-29T08:00:05.150000,S,0.236,1.681770481809508e-05,1,9.066641910142704e-05,20210729T080000_1,1
AV.HAG..SH,2021-07-29T08:09:47.280000,S,0.344,4.6377203943848144e-06,3,0.0001504533844952,20210729T080000_3,3
AV.HAG..SH,2021-07-29T08:10:33.360000,S,0.207,2.847920040949248e-05,4,9.066641910142704e-05,20210729T080000_4,4
AV.HAG..SH,2021-07-29T08:41:08.080000,S,0.327,1.5093990441528147e-05,9,0.0001302738796831,20210729T080000_9,9
AV.HAG..SH,2021-07-29T08:56:10.600000,S,0.23,1.7646032574702986e-05,10,0.0001504533844952,20210729T080000_10,10
AV.HAG..SH,2021-07-29T08:58:33.040000,S,0.641,1.0488501175132114e-05,11,0.0001504533844952,20210729T080000_11,11
AV.HAG..SH,2021-07-29T09:17:57.360000,S,0.68,6.528853191412054e-06,13,0.0018216937879111,20210729T080000_13,13
AV.HAG..SH,2021-07-29T09:29:06.060000,S,0.278,3.065947748837061e-05,16,0.0003326425624233,20210729T080000_16,16
AV.HAG..SH,2021-07-29T09:44:03.780000,S,0.318,1.5691615544710658e-06,19,0.0003326425624233,20210729T080000_19,19
AV.HAG..SH,2021-07-29T09:53:08.200000,S,0.401,1.060963677446125e-05,21,0.0003326425624233,20210729T080000_21,21
AV.HAG..SH,2021-07-29T09:54:33.620000,S,0.29,2.4031740395003e-05,22,0.0001302738796831,20210729T080000_22,22
AV.HAG..SH,2021-07-29T10:02:24.380000,S,0.383,8.424534826190211e-06,24,0.0001504533844952,20210729T080000_24,24
AV.HAG..SH,2021-07-29T10:05:51.680000,S,0.205,9.43388045016036e-07,25,0.0001504533844952,20210729T080000_25,25
AV.HAG..SH,2021-07-29T10:06:35.460000,S,0.307,2.1328125967556844e-06,26,0.0004050876116612,20210729T080000_26,26
AV.HAG..SH,2021-07-29T10:08:41.420000,S,0.246,2.981865918627591e-06,27,9.066641910142704e-05,20210729T080000_27,27
AV.HAG..SH,2021-07-29T10:14:09.980000,S,0.302,1.53100234001613e-06,28,0.0018216937879111,20210729T080000_28,28
AV.HAG..SH,2021-07-29T10:17:02.600000,S,0.385,1.0459133591211868e-05,30,0.0001504533844952,20210729T080000_30,30
AV.HAG..SH,2021-07-29T10:18:09.360000,S,0.394,5.48269508726662e-06,31,9.066641910142704e-05,20210729T080000_31,31
AV.HAG..SH,2021-07-29T10:21:22.040000,S,0.519,1.6411318028985988e-06,33,0.0004050876116612,20210729T080000_33,33
AV.HAG..SH,2021-07-29T10:23:04.270000,S,0.602,2.9099003313604044e-06,34,9.066641910142704e-05,20210729T080000_34,34
AV.HAG..SH,2021-07-29T10:25:02.560000,S,0.22,3.728895535459742e-06,35,0.0025576351085371,20210729T080000_35,35
AV.HAG..SH,2021-07-29T10:38:50.700000,S,0.44,3.1062970720086014e-06,37,0.0025576351085371,20210729T080000_37,37
AV.HAG..SH,2021-07-29T10:51:09.710000,S,0.62,2.635690634633648e-06,40,1.620606399258123e-05,20210729T080000_40,40
AV.HAG..SH,2021-07-29T10:54:48.380000,S,0.347,1.7497720818937523e-06,41,0.0018216937879111,20210729T080000_41,41
AV.HAG..SH,2021-07-29T11:24:29.820000,S,0.587,2.4389642021560576e-06,47,0.0018216937879111,20210729T080000_47,47
AV.HAG..SH,2021-07-29T11:30:04.460000,S,0.275,8.294890903925989e-06,48,0.0003326425624233,20210729T080000_48,48
AV.HAG..SH,2021-07-29T11:42:20.080000,S,0.251,3.396836973479367e-06,49,0.0003326425624233,20210729T080000_49,49
AV.HAG..SH,2021-07-29T12:24:17.680000,S,0.52,3.001949608005816e-06,54,0.0004050876116612,20210729T080000_54,54
AV.HAG..SH,2021-07-29T12:32:57.280000,S,0.209,3.670871819849708e-06,56,0.0018216937879111,20210729T080000_56,56
AV.HAG..SH,2021-07-29T12:43:30.100000,S,0.362,3.2140527764568105e-05,57,0.0025576351085371,20210729T080000_57,57
AV.HAG..SH,2021-07-29T13:15:33.340000,S,0.328,6.322294211713597e-06,62,0.0025576351085371,20210729T080000_62,62
AV.HAG..SH,2021-07-29T13:49:01.300000,S,0.256,3.625056933742599e-06,65,0.0025576351085371,20210729T080000_65,65
AV.HAG..SH,2021-07-29T14:50:30.080000,S,0.707,3.270079787398572e-06,73,0.0004050876116612,20210729T080000_73,73
AV.HAG..SH,2021-07-29T14:53:21.200000,S,0.717,3.2651846595399547e-06,74,0.0003326425624233,20210729T080000_74,74
AV.HAG..SH,2021-07-29T15:11:27.870000,S,0.298,1.332466013082012e-06,77,6.715680070415002e-05,20210729T080000_77,77
AV.HAG..SH,2021-07-29T15:21:44.660000,S,0.221,6.062314810151292e-07,79,0.0003326425624233,20210729T080000_79,79
AV.HAG..SH,2021-07-29T15:54:36.840000,S,0.209,8.021002599889471e-07,82,9.066641910142704e-05,20210729T080000_82,82
AV.PN7A..BH,2021-07-29T08:00:00.010000,P,0.414,3.761465995921753e-05,1,0.0018216937879111,20210729T080000_1,1
AV.PN7A..BH,2021-07-29T08:09:41.800000,P,0.367,2.838844193320256e-05,3,9.066641910142704e-05,20210729T080000_3,3
AV.PN7A..BH,2021-07-29T08:26:12.380000,P,0.83,2.658016092027537e-05,8,9.066641910142704e-05,20210729T080000_8,8
AV.PN7A..BH,2021-07-29T08:40:59.950000,P,0.646,1.477345904277172e-05,9,6.715680070415002e-05,20210729T080000_9,9
AV.PN7A..BH,2021-07-29T09:08:33.870000,P,0.415,1.3833150660502724e-05,12,0.0018216937879111,20210729T080000_12,12
AV.PN7A..BH,2021-07-29T09:23:36.640000,P,0.609,7.046378868835745e-06,14,0.0025576351085371,20210729T080000_14,14
AV.PN7A..BH,2021-07-29T09:27:00.780000,P,0.925,6.929129085619934e-06,15,0.0001504533844952,20210729T080000_15,15
AV.PN7A..BH,2021-07-29T09:29:03.230000,P,0.802,5.077271271147765e-05,16,0.0025576351085371,20210729T080000_16,16
AV.PN7A..BH,2021-07-29T09:36:09.220000,P,0.535,7.951484803925268e-06,17,0.0003326425624233,20210729T080000_17,17
AV.PN7A..BH,2021-07-29T09:38:17.670000,P,0.526,1.0996961464115884e-05,18,0.0018216937879111,20210729T080000_18,18
AV.PN7A..BH,2021-07-29T09:45:26.910000,P,0.563,5.245106876827776e-06,20,0.0018216937879111,20210729T080000_20,20
AV.PN7A..BH,2021-07-29T09:53:04.000000,P,0.763,9.19494868867332e-06,21,0.0025576351085371,20210729T080000_21,21
AV.PN7A..BH,2021-07-29T09:54:26.500000,P,0.324,1.852093919296749e-05,22,6.715680070415002e-05,20210729T080000_22,22
AV.PN7A..BH,2021-07-29T10:16:37.820000,P,0.405,7.038789590296801e-06,29,9.066641910142704e-05,20210729T080000_29,29
AV.PN7A..BH,2021-07-29T10:18:03.060000,P,0.583,6.31646298643318e-06,31,0.0018216937879111,20210729T080000_31,31
AV.PN7A..BH,2021-07-29T10:23:01.620000,P,0.649,4.4361086111166514e-06,34,0.0018216937879111,20210729T080000_34,34
AV.PN7A..BH,2021-07-29T10:24:55.840000,P,0.575,5.646052613883512e-06,35,0.0001302738796831,20210729T080000_35,35
AV.PN7A..BH,2021-07-29T10:27:39.820000,P,0.676,4.820748927159002e-06,36,0.0003326425624233,20210729T080000_36,36
AV.PN7A..BH,2021-07-29T10:38:43.110000,P,0.719,3.7672034522984177e-06,37,0.0001302738796831,20210729T080000_37,37
AV.PN7A..BH,2021-07-29T10:42:58.750000,P,0.82,2.1886351078137523e-06,38,0.0004050876116612,20210729T080000_38,38
AV.PN7A..BH,2021-07-29T10:50:57.440000,P,0.332,2.7848448098666267e-06,39,0.0025576351085371,20210729T080000_39,39
AV.PN7A..BH,2021-07-29T11:05:39.880000,P,0.506,5.645064447890036e-06,44,0.0018216937879111,20210729T080000_44,43
AV.PN7A..BH,2021-07-29T11:09:28.310000,P,0.751,1.6850452084327117e-05,45,0.0003326425624233,20210729T080000_45,45
AV.PN7A..BH,2021-07-29T11:17:12.560000,P,0.728,3.2256073154712794e-06,46,0.0001504533844952,20210729T080000_46,46
AV.PN7A..BH,2021-07-29T11:30:02.110000,P,0.796,1.1201383131265176e-05,48,0.0025576351085371,20210729T080000_48,48
AV.PN7A..BH,2021-07-29T11:42:13.600000,P,0.791,3.1905829018796794e-06,49,0.0025576351085371,20210729T080000_49,49
AV.PN7A..BH,2021-07-29T11:48:35.720000,P,0.509,7.234807981149061e-06,51,0.0001302738796831,20210729T080000_51,51
AV.PN7A..BH,2021-07-29T12:17:31.180000,P,0.87,2.13664998227614e-06,52,9.066641910142704e-05,20210729T080000_52,52
AV.PN7A..BH,2021-07-29T12:29:03.870000,P,0.79,7.038247076707194e-06,55,0.0018216937879111,20210729T080000_55,55
AV.PN7A..BH,2021-07-29T12:32:53.540000,P,0.77,5.406694981502369e-06,56,0.0003326425624233,20210729T080000_56,56
AV.PN7A..BH,2021-07-29T12:43:26.660000,P,0.849,3.161391941830516e-05,57,0.0001302738796831,20210729T080000_57,57
AV.PN7A..BH,2021-07-29T12:52:27.520000,P,0.457,1.1805303074652327e-05,58,0.0018216937879111,20210729T080000_58,58
AV.PN7A..BH,2021-07-29T13:15:29.920000,P,0.609,8.326889656018466e-06,62,0.0001302738796831,20210729T080000_62,62
AV.PN7A..BH,2021-07-29T13:18:41.120000,P,0.672,1.0950464456982443e-05,63,0.0003326425624233,20210729T080000_63,63
AV.PN7A..BH,2021-07-29T13:31:07.910000,P,0.803,4.449759217095561e-06,64,0.0025576351085371,20210729T080000_64,64
AV.PN7A..BH,2021-07-29T13:48:55.630000,P,0.53,4.024020199722145e-06,65,0.0001302738796831,20210729T080000_65,65
AV.PN7A..BH,2021-07-29T14:02:53.870000,P,0.652,1.638286107663589e-06,66,0.0003326425624233,20210729T080000_66,66
AV.PN7A..BH,2021-07-29T14:16:44.230000,P,0.623,2.767644673440373e-06,69,0.0018216937879111,20210729T080000_69,69
AV.PN7A..BH,2021-07-29T14:50:07.500000,P,0.6,3.598115881686681e-06,72,0.0018216937879111,20210729T080000_72,72
AV.PN7A..BH,2021-07-29T14:58:45.580000,P,0.783,2.871516926461481e-06,76,0.0003326425624233,20210729T080000_76,76
AV.PN7A..BH,2021-07-29T15:14:01.800000,P,0.706,4.584319412970217e-06,78,0.0003326425624233,20210729T080000_78,78
AV.PN7A..BH,2021-07-29T15:30:31.230000,P,0.365,1.320971659879433e-05,80,0.0018216937879111,20210729T080000_80,80
AV.PN7A..BH,2021-07-29T09:54:33.660000,S,0.357,3.591830682125874e-05,22,3.368926135739277e-05,20210729T080000_22,22
AV.PN7A..BH,2021-07-29T10:23:06.940000,S,0.234,4.4361086111166514e-06,34,0.0003326425624233,20210729T080000_34,34
AV.PN7A..BH,2021-07-29T10:43:05.220000,S,0.237,2.228504854429048e-06,38,0.0001504533844952,20210729T080000_38,38
AV.PN7A..BH,2021-07-29T10:51:09.760000,S,0.402,2.976873474835884e-06,39,0.0001302738796831,20210729T080000_39,39
AV.PN7A..BH,2021-07-29T10:59:19.280000,S,0.416,3.714992317327415e-06,42,9.066641910142704e-05,20210729T080000_42,42
AV.PN7A..BH,2021-07-29T11:05:46.590000,S,0.327,6.46543003313127e-06,44,0.0003326425624233,20210729T080000_44,43
AV.PN7A..BH,2021-07-29T11:42:23.540000,S,0.263,6.2199210333346855e-06,49,0.0001302738796831,20210729T080000_49,49
AV.PN7A..BH,2021-07-29T12:43:32.110000,S,0.615,3.161391941830516e-05,57,6.715680070415002e-05,20210729T080000_57,57
AV.PN7A..BH,2021-07-29T12:53:00.320000,S,0.453,2.031315307249315e-05,59,0.0004050876116612,20210729T080000_59,59
AV.PN7A..BH,2021-07-29T14:50:33.180000,S,0.342,4.499192073126324e-06,73,0.0001504533844952,20210729T080000_73,73
AV.PN7A..BH,2021-07-29T15:30:36.680000,S,0.3,1.320971659879433e-05,80,0.0003326425624233,20210729T080000_80,80
AV.PS1A..BH,2021-07-29T08:00:00.400000,P,0.373,8.083853754214942e-05,1,0.0003326425624233,20210729T080000_1,1
AV.PS1A..BH,2021-07-29T08:03:35.190000,P,0.442,2.587021117506083e-05,2,0.0018216937879111,20210729T080000_2,2
AV.PS1A..BH,2021-07-29T08:09:39.620000,P,0.809,2.080159174511209e-05,3,0.0018216937879111,20210729T080000_3,3
AV.PS1A..BH,2021-07-29T08:10:25.800000,P,0.338,3.014487992913928e-05,4,0.0018216937879111,20210729T080000_4,4
AV.PS1A..BH,2021-07-29T08:16:30.570000,P,0.911,2.6246600100421347e-05,6,0.0018216937879111,20210729T080000_6,6
AV.PS1A..BH,2021-07-29T08:40:57.070000,P,0.823,1.368554057989968e-05,9,3.368926135739277e-05,20210729T080000_9,9
AV.PS1A..BH,2021-07-29T08:58:29.980000,P,0.408,1.403675469191512e-05,11,9.066641910142704e-05,20210729T080000_11,11
AV.PS1A..BH,2021-07-29T09:08:30.910000,P,0.804,7.857069249439519e-06,12,0.0003326425624233,20210729T080000_12,12
AV.PS1A..BH,2021-07-29T09:17:48.390000,P,0.759,7.509624992962927e-06,13,0.0003326425624233,20210729T080000_13,13
AV.PS1A..BH,2021-07-29T09:23:33.950000,P,0.84,5.128149496158585e-06,14,0.0001302738796831,20210729T080000_14,14
AV.PS1A..BH,2021-07-29T09:29:00.910000,P,0.8,4.578596781357192e-05,16,0.0001302738796831,20210729T080000_16,16
AV.PS1A..BH,2021-07-29T09:36:08.000000,P,0.331,6.244822543521877e-06,17,0.0025576351085371,20210729T080000_17,17
AV.PS1A..BH,2021-07-29T09:44:01.300000,P,0.382,4.216346951579908e-06,19,0.0025576351085371,20210729T080000_19,19
AV.PS1A..BH,2021-07-29T09:53:01.390000,P,0.941,8.980260645330418e-06,21,0.0001302738796831,20210729T080000_21,21
AV.PS1A..BH,2021-07-29T09:54:23.750000,P,0.855,2.1736637791036628e-05,22,0.0008530471416065,20210729T080000_22,22
AV.PS1A..BH,2021-07-29T10:02:20.460000,P,0.745,8.139669262163807e-06,24,9.066641910142704e-05,20210729T080000_24,24
AV.PS1A..BH,2021-07-29T10:16:34.020000,P,0.427,6.55198164167814e-06,29,0.0018216937879111,20210729T080000_29,29
AV.PS1A..BH,2021-07-29T10:18:00.240000,P,0.714,5.250929461908527e-06,31,0.0003326425624233,20210729T080000_31,31
AV.PS1A..BH,2021-07-29T10:24:53.280000,P,0.54,4.415979219629662e-06,35,6.715680070415002e-05,20210729T080000_35,35
AV.PS1A..BH,2021-07-29T10:27:37.440000,P,0.524,3.290160293545341e-06,36,0.0025576351085371,20210729T080000_36,36
AV.PS1A..BH,2021-07-29T10:38:40.230000,P,0.899,3.115648723905906e-06,37,6.715680070415002e-05,20210729T080000_37,37
AV.PS1A..BH,2021-07-29T10:50:56.860000,P,0.749,2.8017400381941115e-06,39,6.715680070415002e-05,20210729T080000_39,39
AV.PS1A..BH,2021-07-29T10:59:10.540000,P,0.386,3.463745770204696e-06,42,0.0018216937879111,20210729T080000_42,42
AV.PS1A..BH,2021-07-29T11:05:38.110000,P,0.69,4.612818884197623e-06,44,0.0025576351085371,20210729T080000_44,43
AV.PS1A..BH,2021-07-29T11:09:25.820000,P,0.829,1.3857011254003735e-05,45,0.0025576351085371,20210729T080000_45,45
AV.PS1A..BH,2021-07-29T11:29:59.590000,P,0.769,7.078281669237185e-06,48,0.0001302738796831,20210729T080000_48,48
AV.PS1A..BH,2021-07-29T11:42:10.740000,P,0.875,4.230474587529898e-06,49,6.715680070415002e-05,20210729T080000_49,49
AV.PS1A..BH,2021-07-29T12:32:51.220000,P,0.452,3.905277026206022e-06,56,0.0025576351085371,20210729T080000_56,56
AV.PS1A..BH,2021-07-29T12:43:24.300000,P,0.898,2.178723480028566e-05,57,3.368926135739277e-05,20210729T080000_57,57
AV.PS1A..BH,2021-07-29T12:52:25.760000,P,0.553,7.772982826281805e-06,58,0.0003326425624233,20210729T080000_58,58
AV.PS1A..BH,2021-07-29T13:15:28.240000,P,0.355,7.640343028469943e-06,62,6.715680070415002e-05,20210729T080000_62,62
AV.PS1A..BH,2021-07-29T13:18:38.560000,P,0.49,9.511536518402863e-06,63,0.0025576351085371,20210729T080000_63,63
AV.PS1A..BH,2021-07-29T13:48:52.430000,P,0.439,3.49289848600165e-06,65,6.715680070415002e-05,20210729T080000_65,65
AV.PS1A..BH,2021-07-29T14:08:27.310000,P,0.679,1.7705002619550214e-06,67,0.0003326425624233,20210729T080000_67,67
AV.PS1A..BH,2021-07-29T14:50:04.590000,P,0.923,3.0756707474211e-06,72,0.0003326425624233,20210729T080000_72,72
AV.PS1A..BH,2021-07-29T14:53:13.280000,P,0.47,3.98590282202349e-06,74,0.0025576351085371,20210729T080000_74,74
AV.PS1A..BH,2021-07-29T14:58:42.120000,P,0.578,2.708466354306438e-06,76,0.0025576351085371,20210729T080000_76,76
AV.PS1A..BH,2021-07-29T15:11:17.730000,P,0.837,1.990652208405664e-06,77,3.368926135739277e-05,20210729T080000_77,77
AV.PS1A..BH,2021-07-29T15:13:58.710000,P,0.686,4.79521622764878e-06,78,0.0025576351085371,20210729T080000_78,78
AV.PS1A..BH,2021-07-29T15:30:28.490000,P,0.825,5.516950295714196e-06,80,0.0025576351085371,20210729T080000_80,80
AV.PS1A..BH,2021-07-29T08:16:38.820000,S,0.324,3.641177318058908e-05,6,0.0003326425624233,20210729T080000_6,6
AV.PS1A..BH,2021-07-29T08:58:33.540000,S,0.322,1.486668497818755e-05,11,0.0018216937879111,20210729T080000_11,11
AV.PS1A..BH,2021-07-29T09:08:36.340000,S,0.208,7.62299760026508e-06,12,0.0025576351085371,20210729T080000_12,12
AV.PS1A..BH,2021-07-29T09:17:55.180000,S,0.237,7.152748366934247e-06,13,0.0025576351085371,20210729T080000_13,13
AV.PS1A..BH,2021-07-29T09:53:07.580000,S,0.325,1.1014013580279425e-05,21,6.715680070415002e-05,20210729T080000_21,21
AV.PS1A..BH,2021-07-29T09:54:33.500000,S,0.309,2.5149149223580025e-05,22,0.000219828120161,20210729T080000_22,22
AV.PS1A..BH,2021-07-29T10:06:34.780000,S,0.312,4.172460648987908e-06,26,0.0001504533844952,20210729T080000_26,26
AV.PS1A..BH,2021-07-29T10:17:00.280000,S,0.459,2.282318200741429e-05,30,9.066641910142704e-05,20210729T080000_30,30
AV.PS1A..BH,2021-07-29T10:21:20.240000,S,0.472,4.376049673737725e-06,33,0.0001504533844952,20210729T080000_33,33
AV.PS1A..BH,2021-07-29T10:25:01.200000,S,0.24,5.169681116967695e-06,35,3.368926135739277e-05,20210729T080000_35,35
AV.PS1A..BH,2021-07-29T10:51:09.620000,S,0.285,2.847388714144472e-06,40,0.0004050876116612,20210729T080000_40,40
AV.PS1A..BH,2021-07-29T11:42:50.340000,S,0.21,1.5594698197674006e-05,50,9.066641910142704e-05,20210729T080000_50,50
AV.PS1A..BH,2021-07-29T14:50:11.900000,S,0.223,3.427630190344644e-06,72,0.0025576351085371,20210729T080000_72,72
AV.PS1A..BH,2021-07-29T14:53:20.500000,S,0.203,5.021457127440954e-06,74,0.0001302738796831,20210729T080000_74,74
AV.PS1A..BH,2021-07-29T14:58:49.180000,S,0.295,3.2334396564692724e-06,76,0.0001302738796831,20210729T080000_76,76
AV.PS1A..BH,2021-07-29T15:11:29.440000,S,0.575,3.726674549398013e-06,77,0.0008530471416065,20210729T080000_77,77
AV.PS1A..BH,2021-07-29T15:30:33.220000,S,0.215,6.045350346539635e-06,80,0.0001302738796831,20210729T080000_80,80
AV.PS1A..BH,2021-07-29T15:30:54.870000,S,0.363,2.3843980670790188e-05,81,0.0001504533844952,20210729T080000_81,81
AV.PS4A..BH,2021-07-29T08:00:00.010000,P,0.365,8.225349301937968e-05,1,0.0025576351085371,20210729T080000_1,1
AV.PS4A..BH,2021-07-29T08:03:35.670000,P,0.319,3.816491152974777e-05,2,0.0003326425624233,20210729T080000_2,2
AV.PS4A..BH,2021-07-29T08:13:35.860000,P,0.571,1.8121954781236127e-05,5,0.0001504533844952,20210729T080000_5,5
AV.PS4A..BH,2021-07-29T08:16:31.350000,P,0.949,3.835790994344279e-05,6,0.0025576351085371,20210729T080000_6,6
AV.PS4A..BH,2021-07-29T08:17:54.350000,P,0.806,2.2736361643183045e-05,7,1.620606399258123e-05,20210729T080000_7,7
AV.PS4A..BH,2021-07-29T08:26:10.790000,P,0.695,1.86305715033086e-05,8,0.0018216937879111,20210729T080000_8,8
AV.PS4A..BH,2021-07-29T08:40:57.940000,P,0.925,1.5625204468960874e-05,9,0.0008530471416065,20210729T080000_9,9
AV.PS4A..BH,2021-07-29T08:58:26.910000,P,0.82,1.4854031178401785e-05,11,0.0003326425624233,20210729T080000_11,11
AV.PS4A..BH,2021-07-29T09:08:31.190000,P,0.854,1.242121561517706e-05,12,0.0001302738796831,20210729T080000_12,12
AV.PS4A..BH,2021-07-29T09:17:48.860000,P,0.853,9.131033948506229e-06,13,0.0001302738796831,20210729T080000_13,13
AV.PS4A..BH,2021-07-29T09:23:34.770000,P,0.913,7.25296740711201e-06,14,6.715680070415002e-05,20210729T080000_14,14
AV.PS4A..BH,2021-07-29T09:26:58.980000,P,0.512,3.278639269410633e-06,15,9.066641910142704e-05,20210729T080000_15,15
AV.PS4A..BH,2021-07-29T09:29:01.810000,P,0.796,4.64658769487869e-05,16,6.715680070415002e-05,20210729T080000_16,16
AV.PS4A..BH,2021-07-29T09:38:15.430000,P,0.844,1.0613336598908065e-05,18,0.0003326425624233,20210729T080000_18,18
AV.PS4A..BH,2021-07-29T09:45:25.240000,P,0.68,4.234349489706801e-06,20,0.0003326425624233,20210729T080000_20,20
AV.PS4A..BH,2021-07-29T09:53:02.140000,P,0.898,1.161472755484283e-05,21,3.368926135739277e-05,20210729T080000_21,21
AV.PS4A..BH,2021-07-29T09:54:24.510000,P,0.715,2.596079502836801e-05,22,0.0006867222357288,20210729T080000_22,22
AV.PS4A..BH,2021-07-29T09:59:20.710000,P,0.527,7.646392077731434e-06,23,0.0018216937879111,20210729T080000_23,23
AV.PS4A..BH,2021-07-29T10:02:21.280000,P,0.756,1.0232977729174308e-05,24,0.0018216937879111,20210729T080000_24,24
AV.PS4A..BH,2021-07-29T10:16:34.760000,P,0.713,8.094333679764532e-06,29,0.0003326425624233,20210729T080000_29,29
AV.PS4A..BH,2021-07-29T10:18:00.590000,P,0.884,7.554342118964996e-06,31,0.0025576351085371,20210729T080000_31,31
AV.PS4A..BH,2021-07-29T10:22:59.440000,P,0.336,4.751763299282175e-06,34,0.0025576351085371,20210729T080000_34,34
AV.PS4A..BH,2021-07-29T10:27:38.100000,P,0.625,5.712814072467154e-06,36,0.0001302738796831,20210729T080000_36,36
AV.PS4A..BH,2021-07-29T10:38:40.950000,P,0.917,4.174103651166661e-06,37,3.368926135739277e-05,20210729T080000_37,37
AV.PS4A..BH,2021-07-29T10:42:57.080000,P,0.728,2.1080613805679604e-06,38,9.066641910142704e-05,20210729T080000_38,38
AV.PS4A..BH,2021-07-29T10:50:56.540000,P,0.824,2.4424775801890064e-06,39,3.368926135739277e-05,20210729T080000_39,39
AV.PS4A..BH,2021-07-29T10:59:11.230000,P,0.459,4.760833689942956e-06,42,0.0003326425624233,20210729T080000_42,42
AV.PS4A..BH,2021-07-29T11:05:36.820000,P,0.895,8.511465239280369e-06,43,1.620606399258123e-05,20210729T080000_43,44
AV.PS4A..BH,2021-07-29T11:09:26.580000,P,0.881,2.13610128412256e-05,45,0.0001302738796831,20210729T080000_45,45
AV.PS4A..BH,2021-07-29T11:30:00.380000,P,0.936,1.2638673979381563e-05,48,6.715680070415002e-05,20210729T080000_48,48
AV.PS4A..BH,2021-07-29T11:42:11.450000,P,0.88,3.175354322593193e-06,49,3.368926135739277e-05,20210729T080000_49,49
AV.PS4A..BH,2021-07-29T12:17:29.380000,P,0.868,2.6218308448733296e-06,52,0.0018216937879111,20210729T080000_52,52
AV.PS4A..BH,2021-07-29T12:18:36.880000,P,0.52,1.064465868694242e-05,53,0.0025576351085371,20210729T080000_53,53
AV.PS4A..BH,2021-07-29T12:24:13.240000,P,0.344,3.910014584107557e-06,54,0.0001504533844952,20210729T080000_54,54
AV.PS4A..BH,2021-07-29T12:29:01.560000,P,0.705,1.1362163604644591e-05,55,0.0003326425624233,20210729T080000_55,55
AV.PS4A..BH,2021-07-29T12:32:52.270000,P,0.793,4.9652230700303335e-06,56,0.0001302738796831,20210729T080000_56,56
AV.PS4A..BH,2021-07-29T12:43:24.980000,P,0.912,2.854578451660928e-05,57,0.0008530471416065,20210729T080000_57,57
AV.PS4A..BH,2021-07-29T12:52:26.030000,P,0.423,1.7992454104387434e-06,58,0.0025576351085371,20210729T080000_58,58
AV.PS4A..BH,2021-07-29T13:15:28.040000,P,0.911,1.059901296684984e-05,62,3.368926135739277e-05,20210729T080000_62,62
AV.PS4A..BH,2021-07-29T13:18:39.710000,P,0.743,1.071582573786145e-05,63,0.0001302738796831,20210729T080000_63,63
AV.PS4A..BH,2021-07-29T13:31:06.260000,P,0.65,3.7619154227286336e-06,64,0.0001302738796831,20210729T080000_64,64
AV.PS4A..BH,2021-07-29T13:48:53.280000,P,0.677,3.831180492852582e-06,65,3.368926135739277e-05,20210729T080000_65,65
AV.PS4A..BH,2021-07-29T14:02:50.990000,P,0.319,2.1699981971323723e-06,66,0.0025576351085371,20210729T080000_66,66
AV.PS4A..BH,2021-07-29T14:08:27.550000,P,0.502,2.4522137209714856e-06,67,0.0025576351085371,20210729T080000_67,67
AV.PS4A..BH,2021-07-29T14:48:10.180000,P,0.329,2.417898485873593e-06,71,0.0001504533844952,20210729T080000_71,71
AV.PS4A..BH,2021-07-29T14:50:04.990000,P,0.668,3.820180154434638e-06,72,0.0001302738796831,20210729T080000_72,72
AV.PS4A..BH,2021-07-29T14:53:13.600000,P,0.747,4.460620402824134e-06,74,6.715680070415002e-05,20210729T080000_74,74
AV.PS4A..BH,2021-07-29T14:57:08.220000,P,0.761,1.857807433225389e-06,75,9.066641910142704e-05,20210729T080000_75,75
AV.PS4A..BH,2021-07-29T14:58:43.220000,P,0.769,2.770225137282978e-06,76,6.715680070415002e-05,20210729T080000_76,76
AV.PS4A..BH,2021-07-29T15:13:59.600000,P,0.643,4.199389422865352e-06,78,0.0001302738796831,20210729T080000_78,78
AV.PS4A..BH,2021-07-29T15:30:29.140000,P,0.626,1.0202220437349752e-05,80,6.715680070415002e-05,20210729T080000_80,80
AV.PS4A..BH,2021-07-29T08:56:10.560000,S,0.409,2.1805837604915723e-05,10,9.066641910142704e-05,20210729T080000_10,10
AV.PS4A..BH,2021-07-29T09:08:39.030000,S,0.589,1.15549491965794e-05,12,6.715680070415002e-05,20210729T080000_12,12
AV.PS4A..BH,2021-07-29T09:17:57.020000,S,0.419,9.131033948506229e-06,13,6.715680070415002e-05,20210729T080000_13,13
AV.PS4A..BH,2021-07-29T09:29:06.210000,S,0.426,6.9880647060927e-05,16,3.368926135739277e-05,20210729T080000_16,16
AV.PS4A..BH,2021-07-29T09:53:07.620000,S,0.318,1.3256955753604416e-05,21,0.0008530471416065,20210729T080000_21,21
AV.PS4A..BH,2021-07-29T09:54:34.580000,S,0.321,4.17892006225884e-05,22,0.001029072612073,20210729T080000_22,22
AV.PS4A..BH,2021-07-29T10:06:34.600000,S,0.496,4.486367288336624e-06,26,9.066641910142704e-05,20210729T080000_26,26
AV.PS4A..BH,2021-07-29T10:17:01.370000,S,0.386,2.539730485295877e-05,30,0.0018216937879111,20210729T080000_30,30
AV.PS4A..BH,2021-07-29T10:21:20.570000,S,0.205,4.530157184490236e-06,33,9.066641910142704e-05,20210729T080000_33,33
AV.PS4A..BH,2021-07-29T10:25:02.340000,S,0.292,5.498895916389301e-06,35,0.0008530471416065,20210729T080000_35,35
AV.PS4A..BH,2021-07-29T10:51:08.720000,S,0.671,5.021423476136988e-06,40,0.0001504533844952,20210729T080000_40,40
AV.PS4A..BH,2021-07-29T11:05:40.860000,S,0.276,8.714388059161138e-06,43,0.0004050876116612,20210729T080000_43,44
AV.PS4A..BH,2021-07-29T11:24:30.300000,S,0.424,3.507781912048813e-06,47,0.0003326425624233,20210729T080000_47,47
AV.PS4A..BH,2021-07-29T11:30:03.260000,S,0.307,1.2638673979381563e-05,48,3.368926135739277e-05,20210729T080000_48,48
AV.PS4A..BH,2021-07-29T12:18:39.740000,S,0.247,1.064465868694242e-05,53,0.0001302738796831,20210729T080000_53,53
AV.PS4A..BH,2021-07-29T12:29:09.080000,S,0.328,1.1362163604644591e-05,55,0.0025576351085371,20210729T080000_55,55
AV.PS4A..BH,2021-07-29T12:43:30.460000,S,0.299,2.861237953766249e-05,57,0.000219828120161,20210729T080000_57,57
AV.PS4A..BH,2021-07-29T12:52:31.960000,S,0.254,1.3802282410324551e-05,58,0.0001302738796831,20210729T080000_58,58
AV.PS4A..BH,2021-07-29T12:52:54.980000,S,0.202,3.1440900784218684e-05,59,0.0001504533844952,20210729T080000_59,59
AV.PS4A..BH,2021-07-29T13:15:35.520000,S,0.225,1.3513205885828938e-05,62,0.0008530471416065,20210729T080000_62,62
AV.PS4A..BH,2021-07-29T13:31:14.260000,S,0.201,3.7729339510406135e-06,64,6.715680070415002e-05,20210729T080000_64,64
AV.PS4A..BH,2021-07-29T14:50:27.360000,S,0.55,8.438419172307476e-06,73,9.066641910142704e-05,20210729T080000_73,73
AV.PS4A..BH,2021-07-29T14:53:21.660000,S,0.353,4.460620402824134e-06,74,3.368926135739277e-05,20210729T080000_74,74
AV.PS4A..BH,2021-07-29T14:57:12.070000,S,0.331,2.141277946066112e-06,75,0.0018216937879111,20210729T080000_75,75
AV.PS4A..BH,2021-07-29T14:58:49.560000,S,0.363,3.4337986107857432e-06,76,3.368926135739277e-05,20210729T080000_76,76
AV.PS4A..BH,2021-07-29T15:11:28.720000,S,0.329,1.9055805751122528e-06,77,0.000219828120161,20210729T080000_77,77
AV.PS4A..BH,2021-07-29T15:30:34.820000,S,0.205,1.0202220437349752e-05,80,3.368926135739277e-05,20210729T080000_80,80
AV.PS4A..BH,2021-07-29T15:30:56.060000,S,0.26,2.474185203027445e-05,81,9.066641910142704e-05,20210729T080000_81,81
AV.PV6A..SH,2021-07-29T08:00:00.480000,P,0.65,9.357498129247688e-06,1,0.0001302738796831,20210729T080000_1,1
AV.PV6A..SH,2021-07-29T08:03:35.960000,P,0.342,5.546648026211187e-06,2,0.0025576351085371,20210729T080000_2,2
AV.PV6A..SH,2021-07-29T08:10:27.950000,P,0.451,9.762197805684991e-06,4,0.0003326425624233,20210729T080000_4,4
AV.PV6A..SH,2021-07-29T08:13:37.430000,P,0.754,1.352470576421183e-06,5,9.066641910142704e-05,20210729T080000_5,5
AV.PV6A..SH,2021-07-29T08:16:32.880000,P,0.445,6.446010047511663e-06,6,0.0001302738796831,20210729T080000_6,6
AV.PV6A..SH,2021-07-29T08:40:59.380000,P,0.898,3.5405000744503923e-06,9,0.000219828120161,20210729T080000_9,9
AV.PV6A..SH,2021-07-29T09:08:34.110000,P,0.421,2.6152522423217306e-06,12,3.368926135739277e-05,20210729T080000_12,12
AV.PV6A..SH,2021-07-29T09:17:50.640000,P,0.433,1.3402591321209911e-06,13,3.368926135739277e-05,20210729T080000_13,13
AV.PV6A..SH,2021-07-29T09:23:36.200000,P,0.964,1.0213432233285855e-06,14,3.368926135739277e-05,20210729T080000_14,14
AV.PV6A..SH,2021-07-29T09:27:00.260000,P,0.843,3.605609322221426e-07,15,0.0018216937879111,20210729T080000_15,15
AV.PV6A..SH,2021-07-29T09:29:03.140000,P,0.873,1.392820558976382e-05,16,0.0008530471416065,20210729T080000_16,16
AV.PV6A..SH,2021-07-29T09:53:03.480000,P,0.744,4.101209015061613e-06,21,0.000219828120161,20210729T080000_21,21
AV.PV6A..SH,2021-07-29T09:54:26.300000,P,0.407,1.1873715266119689e-05,22,0.0004097626443454,20210729T080000_22,22
AV.PV6A..SH,2021-07-29T09:59:21.900000,P,0.523,1.9613646600191714e-06,23,0.0003326425624233,20210729T080000_23,23
AV.PV6A..SH,2021-07-29T10:02:22.900000,P,0.336,2.3147149477154016e-06,24,0.0003326425624233,20210729T080000_24,24
AV.PV6A..SH,2021-07-29T10:16:37.990000,P,0.794,2.321579813724384e-06,29,0.0025576351085371,20210729T080000_29,29
AV.PV6A..SH,2021-07-29T10:18:02.420000,P,0.523,1.683159098320175e-06,31,0.0001302738796831,20210729T080000_31,31
AV.PV6A..SH,2021-07-29T10:20:49.300000,P,0.373,5.133850891070324e-07,32,9.066641910142704e-05,20210729T080000_32,32
AV.PV6A..SH,2021-07-29T10:23:01.110000,P,0.837,8.94668119144626e-07,34,0.0001302738796831,20210729T080000_34,34
AV.PV6A..SH,2021-07-29T10:24:55.440000,P,0.706,1.0956216556223808e-06,35,0.000219828120161,20210729T080000_35,35
AV.PV6A..SH,2021-07-29T10:27:39.760000,P,0.714,1.4131334182820865e-06,36,6.715680070415002e-05,20210729T080000_36,36
AV.PV6A..SH,2021-07-29T10:38:42.390000,P,0.917,8.68837560119573e-07,37,0.0008530471416065,20210729T080000_37,37
AV.PV6A..SH,2021-07-29T10:42:58.320000,P,0.596,3.204704057679919e-07,38,0.0018216937879111,20210729T080000_38,38
AV.PV6A..SH,2021-07-29T10:50:57.270000,P,0.892,4.821141601496493e-07,39,0.0008530471416065,20210729T080000_39,39
AV.PV6A..SH,2021-07-29T10:54:44.870000,P,0.355,6.201921678439248e-07,41,0.0003326425624233,20210729T080000_41,41
AV.PV6A..SH,2021-07-29T10:59:12.560000,P,0.51,1.5413397704833187e-06,42,0.0025576351085371,20210729T080000_42,42
AV.PV6A..SH,2021-07-29T11:05:38.310000,P,0.743,1.4913495078872074e-06,43,0.0001504533844952,20210729T080000_43,44
AV.PV6A..SH,2021-07-29T11:09:28.060000,P,0.853,5.545234216697281e-06,45,6.715680070415002e-05,20210729T080000_45,45
AV.PV6A..SH,2021-07-29T11:17:12.040000,P,0.313,8.295400562019495e-07,46,9.066641910142704e-05,20210729T080000_46,46
AV.PV6A..SH,2021-07-29T11:24:19.980000,P,0.766,2.746784559803928e-07,47,0.0025576351085371,20210729T080000_47,47
AV.PV6A..SH,2021-07-29T11:30:01.820000,P,0.8,3.615315563365584e-06,48,0.0008530471416065,20210729T080000_48,48
AV.PV6A..SH,2021-07-29T11:42:12.960000,P,0.682,9.300503620579548e-07,49,0.0008530471416065,20210729T080000_49,49
AV.PV6A..SH,2021-07-29T11:48:35.260000,P,0.7,1.956203050212934e-06,51,6.715680070415002e-05,20210729T080000_51,51
AV.PV6A..SH,2021-07-29T12:17:30.620000,P,0.838,4.67034794837673e-07,52,0.0003326425624233,20210729T080000_52,52
AV.PV6A..SH,2021-07-29T12:18:38.380000,P,0.708,1.889344730443554e-06,53,6.715680070415002e-05,20210729T080000_53,53
AV.PV6A..SH,2021-07-29T12:24:14.500000,P,0.354,8.985763884084008e-07,54,9.066641910142704e-05,20210729T080000_54,54
AV.PV6A..SH,2021-07-29T12:29:02.790000,P,0.833,1.7257526678804425e-06,55,0.0001302738796831,20210729T080000_55,55
AV.PV6A..SH,2021-07-29T12:43:26.460000,P,0.908,1.070172311301576e-05,57,0.0006867222357288,20210729T080000_57,57
AV.PV6A..SH,2021-07-29T13:13:08.920000,P,0.327,2.4247219698736444e-07,61,0.0018216937879111,20210729T080000_61,61
AV.PV6A..SH,2021-07-29T13:15:29.660000,P,0.899,1.9863914531015325e-06,62,0.000219828120161,20210729T080000_62,62
AV.PV6A..SH,2021-07-29T13:18:40.840000,P,0.848,4.122114205529215e-06,63,6.715680070415002e-05,20210729T080000_63,63
AV.PV6A..SH,2021-07-29T13:31:07.500000,P,0.566,7.856314141463372e-07,64,3.368926135739277e-05,20210729T080000_64,64
AV.PV6A..SH,2021-07-29T13:48:54.750000,P,0.92,1.352676008536946e-06,65,0.0008530471416065,20210729T080000_65,65
AV.PV6A..SH,2021-07-29T14:02:52.380000,P,0.937,2.925628166394745e-07,66,0.0001302738796831,20210729T080000_66,66
AV.PV6A..SH,2021-07-29T14:08:31.040000,P,0.805,3.7795473417645553e-07,67,0.0001302738796831,20210729T080000_67,67
AV.PV6A..SH,2021-07-29T14:21:00.600000,P,0.363,3.043010394776502e-07,70,0.0018216937879111,20210729T080000_70,70
AV.PV6A..SH,2021-07-29T14:48:11.640000,P,0.635,3.134690018669062e-07,71,9.066641910142704e-05,20210729T080000_71,71
AV.PV6A..SH,2021-07-29T14:50:06.820000,P,0.524,9.623596497476683e-07,72,6.715680070415002e-05,20210729T080000_72,72
AV.PV6A..SH,2021-07-29T14:53:15.180000,P,0.769,9.31990939534444e-07,74,0.0008530471416065,20210729T080000_74,74
AV.PV6A..SH,2021-07-29T14:57:10.160000,P,0.604,2.1535595351451775e-07,75,0.0003326425624233,20210729T080000_75,75
AV.PV6A..SH,2021-07-29T14:58:44.470000,P,0.725,6.678508270852035e-07,76,0.0008530471416065,20210729T080000_76,76
AV.PV6A..SH,2021-07-29T15:14:01.510000,P,0.83,1.7526709825688158e-06,78,6.715680070415002e-05,20210729T080000_78,78
AV.PV6A..SH,2021-07-29T08:03:42.590000,S,0.379,5.684398274752311e-06,2,0.0001302738796831,20210729T080000_2,2
AV.PV6A..SH,2021-07-29T10:18:09.350000,S,0.738,1.7291266658503446e-06,31,6.715680070415002e-05,20210729T080000_31,31
AV.PV6A..SH,2021-07-29T10:23:04.470000,S,0.234,1.001312398329901e-06,34,6.715680070415002e-05,20210729T080000_34,34
AV.PV6A..SH,2021-07-29T10:51:09.860000,S,0.61,7.119592737581115e-07,39,0.000219828120161,20210729T080000_39,39
AV.PV6A..SH,2021-07-29T10:59:18.280000,S,0.357,1.6177472161871265e-06,42,0.0001302738796831,20210729T080000_42,42
AV.PV6A..SH,2021-07-29T11:24:33.700000,S,0.268,4.628358851732628e-07,47,0.0001302738796831,20210729T080000_47,47
AV.PV6A..SH,2021-07-29T12:43:31.000000,S,0.484,1.6029944163165055e-05,57,0.001029072612073,20210729T080000_57,57
AV.PV6A..SH,2021-07-29T12:52:59.940000,S,0.363,6.702779955958249e-06,59,9.066641910142704e-05,20210729T080000_59,59
AV.PV6A..SH,2021-07-29T13:31:16.420000,S,0.254,1.0777300758491035e-06,64,0.0008530471416065,20210729T080000_64,64
AV.PV6A..SH,2021-07-29T14:50:12.420000,S,0.427,9.623596497476683e-07,72,3.368926135739277e-05,20210729T080000_72,72
AV.PV6A..SH,2021-07-29T14:50:32.560000,S,0.539,2.20010178964003e-06,73,0.0018216937879111,20210729T080000_73,73
AV.PV6A..SH,2021-07-29T14:58:50.910000,S,0.5,1.0360295163991395e-06,76,0.000219828120161,20210729T080000_76,76
AV.PV6A..SH,2021-07-29T15:30:37.630000,S,0.689,3.5567136364988983e-06,80,0.0008530471416065,20210729T080000_80,80
AV.PV6A..SH,2021-07-29T15:31:01.730000,S,0.446,4.760176125273574e-06,81,0.0018216937879111,20210729T080000_81,81
AV.PVV..SH,2021-07-29T08:00:00.010000,P,0.791,1.0027422831626607e-05,1,6.715680070415002e-05,20210729T080000_1,1
AV.PVV..SH,2021-07-29T08:03:35.300000,P,0.308,5.138717369845836e-06,2,6.715680070415002e-05,20210729T080000_2,2
AV.PVV..SH,2021-07-29T08:09:37.760000,P,0.525,1.769293248798931e-06,3,0.0003326425624233,20210729T080000_3,3
AV.PVV..SH,2021-07-29T08:13:35.380000,P,0.55,1.39601422688429e-06,5,0.0018216937879111,20210729T080000_5,5
AV.PVV..SH,2021-07-29T08:16:30.720000,P,0.712,9.40615154831903e-06,6,6.715680070415002e-05,20210729T080000_6,6
AV.PVV..SH,2021-07-29T08:17:54.740000,P,0.305,2.9006587283220142e-06,7,0.0004050876116612,20210729T080000_7,7
AV.PVV..SH,2021-07-29T08:40:57.350000,P,0.89,4.095879830856575e-06,9,0.0006867222357288,20210729T080000_9,9
AV.PVV..SH,2021-07-29T08:56:02.230000,P,0.597,4.414353043102892e-06,10,0.0018216937879111,20210729T080000_10,10
AV.PVV..SH,2021-07-29T08:58:29.640000,P,0.512,4.137494670430897e-06,11,0.0025576351085371,20210729T080000_11,11
AV.PVV..SH,2021-07-29T09:08:30.670000,P,0.934,2.6058778530568816e-06,12,0.0008530471416065,20210729T080000_12,12
AV.PVV..SH,2021-07-29T09:17:48.360000,P,0.444,2.876813368857256e-06,13,0.0008530471416065,20210729T080000_13,13
AV.PVV..SH,2021-07-29T09:23:34.100000,P,0.91,1.2488366110119389e-06,14,0.0008530471416065,20210729T080000_14,14
AV.PVV..SH,2021-07-29T09:26:58.260000,P,0.373,4.2267788558092434e-07,15,0.0003326425624233,20210729T080000_15,15
AV.PVV..SH,2021-07-29T09:29:01.030000,P,0.865,1.6351184967788868e-05,16,0.000219828120161,20210729T080000_16,16
AV.PVV..SH,2021-07-29T09:45:24.680000,P,0.848,1.0245978501188802e-06,20,0.0025576351085371,20210729T080000_20,20
AV.PVV..SH,2021-07-29T09:53:01.460000,P,0.869,3.505878794385353e-06,21,0.0006867222357288,20210729T080000_21,21
AV.PVV..SH,2021-07-29T09:54:23.930000,P,0.818,7.794114026182797e-06,22,0.0006543273548894,20210729T080000_22,22
AV.PVV..SH,2021-07-29T09:59:19.420000,P,0.363,1.4408168453883263e-06,23,0.0025576351085371,20210729T080000_23,23
AV.PVV..SH,2021-07-29T10:02:19.550000,P,0.343,3.070402954108431e-06,24,0.0025576351085371,20210729T080000_24,24
AV.PVV..SH,2021-07-29T10:14:03.900000,P,0.419,5.945244083704893e-07,28,0.0003326425624233,20210729T080000_28,28
AV.PVV..SH,2021-07-29T10:16:33.990000,P,0.724,2.517594566597836e-06,29,0.0001302738796831,20210729T080000_29,29
AV.PVV..SH,2021-07-29T10:17:59.990000,P,0.855,1.8840686379917315e-06,31,3.368926135739277e-05,20210729T080000_31,31
AV.PVV..SH,2021-07-29T10:22:59.170000,P,0.775,1.0299646646672045e-06,34,3.368926135739277e-05,20210729T080000_34,34
AV.PVV..SH,2021-07-29T10:24:53.320000,P,0.399,1.3151906159691862e-06,35,0.0006867222357288,20210729T080000_35,35
AV.PVV..SH,2021-07-29T10:27:37.540000,P,0.866,1.130311943597917e-06,36,3.368926135739277e-05,20210729T080000_36,36
AV.PVV..SH,2021-07-29T10:38:40.420000,P,0.776,7.435166935465531e-07,37,0.000219828120161,20210729T080000_37,37
AV.PVV..SH,2021-07-29T10:42:56.500000,P,0.679,2.9849269367332454e-07,38,0.0003326425624233,20210729T080000_38,38
AV.PVV..SH,2021-07-29T10:50:56.660000,P,0.976,1.2178402357676532e-06,39,0.0006867222357288,20210729T080000_39,39
AV.PVV..SH,2021-07-29T10:59:10.850000,P,0.555,1.3206035873736257e-06,42,6.715680070415002e-05,20210729T080000_42,42
AV.PVV..SH,2021-07-29T11:05:36.320000,P,0.637,2.002742121476331e-06,43,9.066641910142704e-05,20210729T080000_43,44
AV.PVV..SH,2021-07-29T11:09:26.020000,P,0.926,6.030995336914202e-06,45,3.368926135739277e-05,20210729T080000_45,45
AV.PVV..SH,2021-07-29T11:29:59.780000,P,0.949,3.3294415970885893e-06,48,0.000219828120161,20210729T080000_48,48
AV.PVV..SH,2021-07-29T11:42:10.840000,P,0.758,1.266574145120103e-06,49,0.000219828120161,20210729T080000_49,49
AV.PVV..SH,2021-07-29T11:42:42.360000,P,0.358,2.100542587868404e-06,50,0.0018216937879111,20210729T080000_50,50
AV.PVV..SH,2021-07-29T11:48:33.190000,P,0.806,1.8329587874177376e-06,51,3.368926135739277e-05,20210729T080000_51,51
AV.PVV..SH,2021-07-29T12:17:28.800000,P,0.558,4.730846399070289e-07,52,0.0025576351085371,20210729T080000_52,52
AV.PVV..SH,2021-07-29T12:18:36.420000,P,0.331,2.7792614218924427e-06,53,3.368926135739277e-05,20210729T080000_53,53
AV.PVV..SH,2021-07-29T12:24:12.640000,P,0.52,1.3104319123158348e-06,54,0.0018216937879111,20210729T080000_54,54
AV.PVV..SH,2021-07-29T12:29:00.740000,P,0.848,2.8828469567088177e-06,55,6.715680070415002e-05,20210729T080000_55,55
AV.PVV..SH,2021-07-29T12:32:51.330000,P,0.826,1.480313130741706e-06,56,6.715680070415002e-05,20210729T080000_56,56
AV.PVV..SH,2021-07-29T12:43:24.390000,P,0.852,1.357996734441258e-05,57,0.0004097626443454,20210729T080000_57,57
AV.PVV..SH,2021-07-29T12:52:25.840000,P,0.879,3.543280854501063e-06,58,6.715680070415002e-05,20210729T080000_58,58
AV.PVV..SH,2021-07-29T13:03:48.020000,P,0.328,3.631565164141648e-07,60,9.066641910142704e-05,20210729T080000_60,60
AV.PVV..SH,2021-07-29T13:15:27.520000,P,0.866,2.961359768960392e-06,62,0.0006867222357288,20210729T080000_62,62
AV.PVV..SH,2021-07-29T13:18:38.980000,P,0.85,5.255405994830653e-06,63,3.368926135739277e-05,20210729T080000_63,63
AV.PVV..SH,2021-07-29T13:31:05.670000,P,0.879,7.553661589554395e-07,64,0.000219828120161,20210729T080000_64,64
AV.PVV..SH,2021-07-29T13:48:52.800000,P,0.582,1.3429790897134808e-06,65,0.000219828120161,20210729T080000_65,65
AV.PVV..SH,2021-07-29T14:02:50.400000,P,0.408,3.936290511319385e-07,66,6.715680070415002e-05,20210729T080000_66,66
AV.PVV..SH,2021-07-29T14:16:41.960000,P,0.817,5.48192019778071e-07,69,0.0003326425624233,20210729T080000_69,69
AV.PVV..SH,2021-07-29T14:50:04.510000,P,0.882,9.327744692200212e-07,72,0.0008530471416065,20210729T080000_72,72
AV.PVV..SH,2021-07-29T14:53:12.960000,P,0.679,1.3617775493912632e-06,74,0.000219828120161,20210729T080000_74,74
AV.PVV..SH,2021-07-29T14:58:42.340000,P,0.569,9.319354035142168e-07,76,0.0006867222357288,20210729T080000_76,76
AV.PVV..SH,2021-07-29T15:11:16.990000,P,0.921,5.428174176813627e-07,77,0.0006867222357288,20210729T080000_77,77
AV.PVV..SH,2021-07-29T15:13:58.830000,P,0.446,1.1570671176741598e-06,78,3.368926135739277e-05,20210729T080000_78,78
AV.PVV..SH,2021-07-29T15:30:27.900000,P,0.479,2.7477058210934047e-06,80,0.000219828120161,20210729T080000_80,80
AV.PVV..SH,2021-07-29T08:10:30.500000,S,0.291,1.1201569577679038e-05,4,0.0025576351085371,20210729T080000_4,4
AV.PVV..SH,2021-07-29T08:16:39.060000,S,0.296,9.40615154831903e-06,6,3.368926135739277e-05,20210729T080000_6,6
AV.PVV..SH,2021-07-29T08:18:00.600000,S,0.366,2.9006587283220142e-06,7,0.0001504533844952,20210729T080000_7,7
AV.PVV..SH,2021-07-29T09:08:36.640000,S,0.61,2.6058778530568816e-06,12,0.000219828120161,20210729T080000_12,12
AV.PVV..SH,2021-07-29T09:17:55.170000,S,0.792,2.876813368857256e-06,13,0.000219828120161,20210729T080000_13,13
AV.PVV..SH,2021-07-29T09:23:41.920000,S,0.522,1.3264907465782017e-06,14,0.000219828120161,20210729T080000_14,14
AV.PVV..SH,2021-07-29T09:44:04.280000,S,0.676,9.26081611396512e-07,19,0.0001302738796831,20210729T080000_19,19
AV.PVV..SH,2021-07-29T09:53:06.680000,S,0.245,3.677443373817368e-06,21,0.001029072612073,20210729T080000_21,21
AV.PVV..SH,2021-07-29T09:54:33.920000,S,0.248,9.960024726751726e-06,22,0.0003428453960365,20210729T080000_22,22
AV.PVV..SH,2021-07-29T10:02:25.710000,S,0.511,3.070402954108431e-06,24,0.0001302738796831,20210729T080000_24,24
AV.PVV..SH,2021-07-29T10:05:50.720000,S,0.249,4.106432811568084e-07,25,9.066641910142704e-05,20210729T080000_25,25
AV.PVV..SH,2021-07-29T10:06:33.120000,S,0.382,6.633554221480154e-07,26,0.0018216937879111,20210729T080000_26,26
AV.PVV..SH,2021-07-29T10:08:37.740000,S,0.299,8.078390578702965e-07,27,0.0018216937879111,20210729T080000_27,27
AV.PVV..SH,2021-07-29T10:17:00.840000,S,0.29,3.16057321469998e-06,30,0.0003326425624233,20210729T080000_30,30
AV.PVV..SH,2021-07-29T10:18:05.680000,S,0.334,1.8840686379917315e-06,31,0.0008530471416065,20210729T080000_31,31
AV.PVV..SH,2021-07-29T10:21:21.280000,S,0.571,6.635490876760741e-07,33,0.0018216937879111,20210729T080000_33,33
AV.PVV..SH,2021-07-29T10:23:02.960000,S,0.755,1.0299646646672045e-06,34,0.0008530471416065,20210729T080000_34,34
AV.PVV..SH,2021-07-29T10:38:47.740000,S,0.381,8.93594858553115e-07,37,0.0006867222357288,20210729T080000_37,37
AV.PVV..SH,2021-07-29T10:51:09.040000,S,0.6,1.1385100151528604e-06,40,9.066641910142704e-05,20210729T080000_40,40
AV.PVV..SH,2021-07-29T10:54:45.840000,S,0.453,7.769419312353421e-07,41,0.0025576351085371,20210729T080000_41,41
AV.PVV..SH,2021-07-29T10:59:16.280000,S,0.372,1.3206035873736257e-06,42,3.368926135739277e-05,20210729T080000_42,42
AV.PVV..SH,2021-07-29T11:05:40.220000,S,0.28,1.4910043546478846e-06,43,0.0018216937879111,20210729T080000_43,44
AV.PVV..SH,2021-07-29T11:05:42.780000,S,0.294,2.002742121476331e-06,44,0.0001302738796831,20210729T080000_44,43
AV.PVV..SH,2021-07-29T11:24:30.950000,S,0.767,9.19678598165774e-07,47,6.715680070415002e-05,20210729T080000_47,47
AV.PVV..SH,2021-07-29T11:48:36.080000,S,0.388,1.8329587874177376e-06,51,0.0008530471416065,20210729T080000_51,51
AV.PVV..SH,2021-07-29T12:18:39.640000,S,0.398,2.7792614218924427e-06,53,0.0008530471416065,20210729T080000_53,53
AV.PVV..SH,2021-07-29T12:24:15.520000,S,0.592,1.3104319123158348e-06,54,0.0003326425624233,20210729T080000_54,54
AV.PVV..SH,2021-07-29T12:43:28.900000,S,0.328,1.357996734441258e-05,57,0.0006543273548894,20210729T080000_57,57
AV.PVV..SH,2021-07-29T12:52:53.380000,S,0.29,5.458196937979665e-06,59,0.0018216937879111,20210729T080000_59,59
AV.PVV..SH,2021-07-29T13:15:33.220000,S,0.328,3.3170417736982927e-06,62,0.001029072612073,20210729T080000_62,62
AV.PVV..SH,2021-07-29T13:18:46.200000,S,0.401,5.255405994830653e-06,63,0.0008530471416065,20210729T080000_63,63
AV.PVV..SH,2021-07-29T13:48:58.720000,S,0.347,1.3429790897134808e-06,65,0.0006867222357288,20210729T080000_65,65
AV.PVV..SH,2021-07-29T14:50:27.820000,S,0.238,1.2341420188022312e-06,73,0.0003326425624233,20210729T080000_73,73
AV.PVV..SH,2021-07-29T14:53:19.960000,S,0.589,1.3617775493912632e-06,74,0.0006867222357288,20210729T080000_74,74
AV.PVV..SH,2021-07-29T15:11:28.220000,S,0.433,5.028310852139839e-07,77,0.001029072612073,20210729T080000_77,77
AV.PVV..SH,2021-07-29T15:30:55.460000,S,0.355,4.023116161988583e-06,81,0.0003326425624233,20210729T080000_81,81
AV.S12K..BH,2021-07-29T08:00:00.010000,P,0.52,2.746893369476311e-05,1,3.368926135739277e-05,20210729T080000_1,1
AV.S12K..BH,2021-07-29T08:03:36.470000,P,0.652,1.9837187210214324e-05,2,3.368926135739277e-05,20210729T080000_2,2
AV.S12K..BH,2021-07-29T08:10:33.840000,P,0.428,3.0627939850091934e-05,4,0.0001302738796831,20210729T080000_4,4
AV.S12K..BH,2021-07-29T08:13:38.740000,P,0.354,1.0357623978052288e-05,5,0.0003326425624233,20210729T080000_5,5
AV.S12K..BH,2021-07-29T08:16:33.840000,P,0.599,2.567332558101043e-05,6,0.0008530471416065,20210729T080000_6,6
AV.S12K..BH,2021-07-29T08:17:57.520000,P,0.426,1.7307300367974676e-05,7,9.066641910142704e-05,20210729T080000_7,7
AV.S12K..BH,2021-07-29T08:26:12.800000,P,0.432,8.029740456549916e-06,8,0.0003326425624233,20210729T080000_8,8
AV.S12K..BH,2021-07-29T08:41:00.660000,P,0.85,1.6658188542351127e-05,9,0.001029072612073,20210729T080000_9,9
AV.S12K..BH,2021-07-29T08:56:05.280000,P,0.65,1.0337794265069531e-05,10,0.0003326425624233,20210729T080000_10,10
AV.S12K..BH,2021-07-29T09:17:51.700000,P,0.869,5.57240173293394e-06,13,0.0006867222357288,20210729T080000_13,13
AV.S12K..BH,2021-07-29T09:23:37.430000,P,0.844,6.799254606448812e-06,14,0.0006867222357288,20210729T080000_14,14
AV.S12K..BH,2021-07-29T09:27:00.740000,P,0.527,3.801837692662957e-06,15,0.0025576351085371,20210729T080000_15,15
AV.S12K..BH,2021-07-29T09:54:27.200000,P,0.729,2.109687920892611e-05,22,0.0001049387548815,20210729T080000_22,22
AV.S12K..BH,2021-07-29T09:59:22.900000,P,0.376,5.837190656166058e-06,23,0.0001302738796831,20210729T080000_23,23
AV.S12K..BH,2021-07-29T10:05:53.740000,P,0.819,2.682410467969021e-06,25,0.0018216937879111,20210729T080000_25,25
AV.S12K..BH,2021-07-29T10:08:34.870000,P,0.592,3.224100510124117e-06,27,0.0003326425624233,20210729T080000_27,27
AV.S12K..BH,2021-07-29T10:14:05.860000,P,0.853,3.4535094073362416e-06,28,0.0025576351085371,20210729T080000_28,28
AV.S12K..BH,2021-07-29T10:18:03.380000,P,0.769,3.943157025787514e-06,31,0.000219828120161,20210729T080000_31,31
AV.S12K..BH,2021-07-29T10:20:49.590000,P,0.784,2.052383251793799e-06,32,0.0018216937879111,20210729T080000_32,32
AV.S12K..BH,2021-07-29T10:23:02.190000,P,0.451,2.7199057512916625e-06,34,0.000219828120161,20210729T080000_34,34
AV.S12K..BH,2021-07-29T10:24:56.390000,P,0.585,3.712459601956653e-06,35,0.001029072612073,20210729T080000_35,35
AV.S12K..BH,2021-07-29T10:27:40.960000,P,0.639,4.238578640070045e-06,36,0.0008530471416065,20210729T080000_36,36
AV.S12K..BH,2021-07-29T10:38:43.590000,P,0.73,2.906259851442883e-06,37,0.001029072612073,20210729T080000_37,37
AV.S12K..BH,2021-07-29T10:50:58.100000,P,0.84,1.6719019413358185e-06,40,0.0018216937879111,20210729T080000_40,40
AV.S12K..BH,2021-07-29T10:54:45.830000,P,0.801,2.1638998077833094e-06,41,0.0001302738796831,20210729T080000_41,41
AV.S12K..BH,2021-07-29T10:59:12.700000,P,0.815,2.5553724753990537e-06,42,0.0008530471416065,20210729T080000_42,42
AV.S12K..BH,2021-07-29T11:05:39.590000,P,0.645,4.3525296860025264e-06,43,0.0003326425624233,20210729T080000_43,44
AV.S12K..BH,2021-07-29T11:09:28.960000,P,0.56,2.5086288587772287e-05,45,0.0008530471416065,20210729T080000_45,45
AV.S12K..BH,2021-07-29T11:17:12.200000,P,0.433,2.31185936172551e-06,46,0.0018216937879111,20210729T080000_46,46
AV.S12K..BH,2021-07-29T11:30:02.980000,P,0.858,7.681742317799944e-06,48,0.0006867222357288,20210729T080000_48,48
AV.S12K..BH,2021-07-29T11:42:14.140000,P,0.899,3.25543032886344e-06,49,0.0006867222357288,20210729T080000_49,49
AV.S12K..BH,2021-07-29T12:18:39.670000,P,0.895,5.065804998594103e-06,53,0.000219828120161,20210729T080000_53,53
AV.S12K..BH,2021-07-29T12:24:15.560000,P,0.409,3.748207745957188e-06,54,0.0025576351085371,20210729T080000_54,54
AV.S12K..BH,2021-07-29T12:29:03.870000,P,0.586,6.7108849179930985e-06,55,3.368926135739277e-05,20210729T080000_55,55
AV.S12K..BH,2021-07-29T12:43:27.390000,P,0.716,2.7922511435463093e-05,57,0.0003428453960365,20210729T080000_57,57
AV.S12K..BH,2021-07-29T13:03:49.000000,P,0.472,1.5488756162085338e-06,60,0.0018216937879111,20210729T080000_60,60
AV.S12K..BH,2021-07-29T13:15:30.940000,P,0.895,1.1336621355440002e-05,62,0.0004097626443454,20210729T080000_62,62
AV.S12K..BH,2021-07-29T13:18:40.400000,P,0.643,1.170931318483781e-05,63,0.000219828120161,20210729T080000_63,63
AV.S12K..BH,2021-07-29T13:31:07.040000,P,0.41,2.34279764299572e-06,64,0.0006867222357288,20210729T080000_64,64
AV.S12K..BH,2021-07-29T13:48:55.990000,P,0.906,3.6369772260513855e-06,65,0.001029072612073,20210729T080000_65,65
AV.S12K..BH,2021-07-29T14:02:53.660000,P,0.94,1.7580116491444642e-06,66,3.368926135739277e-05,20210729T080000_66,66
AV.S12K..BH,2021-07-29T14:08:30.560000,P,0.673,1.4860679584671743e-06,67,6.715680070415002e-05,20210729T080000_67,67
AV.S12K..BH,2021-07-29T14:21:01.870000,P,0.855,1.9435763078945456e-06,70,0.0003326425624233,20210729T080000_70,70
AV.S12K..BH,2021-07-29T14:48:12.980000,P,0.559,1.6470984292027424e-06,71,0.0018216937879111,20210729T080000_71,71
AV.S12K..BH,2021-07-29T14:50:07.980000,P,0.869,2.4270639187307097e-06,72,0.000219828120161,20210729T080000_72,72
AV.S12K..BH,2021-07-29T14:53:16.470000,P,0.796,4.1231810428143945e-06,74,0.001029072612073,20210729T080000_74,74
AV.S12K..BH,2021-07-29T14:58:45.380000,P,0.722,2.098746335832402e-06,76,0.001029072612073,20210729T080000_76,76
AV.S12K..BH,2021-07-29T15:14:02.000000,P,0.738,2.986665776916197e-06,78,0.0008530471416065,20210729T080000_78,78
AV.S12K..BH,2021-07-29T15:54:31.470000,P,0.795,1.3641786154039437e-06,82,0.0018216937879111,20210729T080000_82,82
AV.S12K..BH,2021-07-29T08:03:43.580000,S,0.335,1.9837187210214324e-05,2,0.0008530471416065,20210729T080000_2,2
AV.S12K..BH,2021-07-29T08:18:05.370000,S,0.604,1.6936970496317372e-05,7,0.0018216937879111,20210729T080000_7,7
AV.S12K..BH,2021-07-29T10:06:40.320000,S,0.208,3.0321320991788525e-06,26,0.0003326425624233,20210729T080000_26,26
AV.S12K..BH,2021-07-29T10:21:25.780000,S,0.314,3.5571169973991346e-06,33,0.0003326425624233,20210729T080000_33,33
AV.S12K..BH,2021-07-29T11:09:36.700000,S,0.259,2.5086288587772287e-05,45,0.000219828120161,20210729T080000_45,45
AV.S12K..BH,2021-07-29T13:15:38.190000,S,0.491,1.1336621355440002e-05,62,0.0006543273548894,20210729T080000_62,62
AV.DEER..BH,2021-07-29T16:00:33.580000,P,0.368,7.248401630022272e-07,1,0.0006829142310625,20210729T160000_1,83
AV.DEER..BH,2021-07-29T16:08:58.290000,P,0.927,1.0609545597617398e-06,2,0.0006829142310625,20210729T160000_2,84
AV.DEER..BH,2021-07-29T16:09:57.540000,P,0.782,2.357918674533721e-05,3,0.0006829142310625,20210729T160000_3,85
AV.DEER..BH,2021-07-29T16:38:43.340000,P,0.645,8.854972861627175e-07,4,0.0006829142310625,20210729T160000_4,86
AV.DEER..BH,2021-07-29T17:00:36.660000,P,0.708,1.319246734965418e-06,5,0.0006829142310625,20210729T160000_5,87
AV.DEER..BH,2021-07-29T17:04:38.840000,P,0.466,1.2995212728128536e-06,8,0.0006829142310625,20210729T160000_8,90
AV.DEER..BH,2021-07-29T17:23:11.070000,P,0.671,1.1134195574413752e-06,10,0.0006829142310625,20210729T160000_10,92
AV.DEER..BH,2021-07-29T17:33:19.820000,P,0.366,6.938116143828665e-07,12,0.0006829142310625,20210729T160000_12,94
AV.DEER..BH,2021-07-29T17:52:27.190000,P,0.914,1.0742886615844327e-06,14,0.0006829142310625,20210729T160000_14,96
AV.DEER..BH,2021-07-29T18:14:46.980000,P,0.337,1.4452084542426746e-06,15,0.0006829142310625,20210729T160000_15,97
AV.DEER..BH,2021-07-29T18:18:24.400000,P,0.3,1.384774805046618e-06,17,0.0006829142310625,20210729T160000_17,99
AV.DEER..BH,2021-07-29T18:38:26.950000,P,0.898,1.3059892580713497e-06,18,0.0006829142310625,20210729T160000_18,100
AV.DEER..BH,2021-07-29T18:47:05.620000,P,0.693,1.0676687907107407e-06,19,0.0006829142310625,20210729T160000_19,101
AV.DEER..BH,2021-07-29T19:12:19.390000,P,0.889,3.3087840165535454e-06,21,0.0006829142310625,20210729T160000_21,103
AV.DEER..BH,2021-07-29T19:53:46.220000,P,0.921,1.2670498108491302e-06,23,0.0006829142310625,20210729T160000_23,105
AV.DEER..BH,2021-07-29T20:22:00.140000,P,0.63,1.350965703750262e-06,24,0.0006829142310625,20210729T160000_24,106
AV.DEER..BH,2021-07-29T20:23:47.180000,P,0.689,1.0531416592129972e-06,25,0.0006829142310625,20210729T160000_25,107
AV.DEER..BH,2021-07-29T20:25:55.260000,P,0.763,1.2104570714654983e-06,26,0.0006829142310625,20210729T160000_26,108
AV.DEER..BH,2021-07-29T20:31:20.540000,P,0.568,9.2041709649493e-06,27,0.0006829142310625,20210729T160000_27,109
AV.DEER..BH,2021-07-29T20:33:31.190000,P,0.797,4.283674934413284e-05,28,0.0006829142310625,20210729T160000_28,110
AV.DEER..BH,2021-07-29T20:42:42.220000,P,0.424,2.1913340333412634e-06,29,0.0006829142310625,20210729T160000_29,111
AV.DEER..BH,2021-07-29T21:08:38.980000,P,0.473,1.984536083909916e-06,31,0.0006829142310625,20210729T160000_31,113
AV.DEER..BH,2021-07-29T21:18:39.760000,P,0.827,2.2678259483654983e-06,32,0.0006829142310625,20210729T160000_32,114
AV.DEER..BH,2021-07-29T21:40:01.030000,P,0.825,8.60634281707462e-06,33,0.0006829142310625,20210729T160000_33,115
AV.DEER..BH,2021-07-29T22:02:35.790000,P,0.782,1.072102463695046e-06,34,0.0006829142310625,20210729T160000_34,116
AV.DEER..BH,2021-07-29T22:19:13.780000,P,0.683,7.571518381155329e-06,35,0.0006829142310625,20210729T160000_35,117
AV.DEER..BH,2021-07-29T22:56:50.510000,P,0.74,1.5668709920646506e-06,36,0.0006829142310625,20210729T160000_36,118
AV.DEER..BH,2021-07-29T23:39:01.350000,P,0.605,2.754155502771028e-06,37,0.0006829142310625,20210729T160000_37,119
AV.DEER..BH,2021-07-29T16:38:53.270000,S,0.333,1.1187541986146243e-06,4,0.0001169090257824,20210729T160000_4,86
AV.DEER..BH,2021-07-29T17:01:14.260000,S,0.265,6.489687621069606e-06,6,0.0006829142310625,20210729T160000_6,88
AV.DEER..BH,2021-07-29T18:54:08.280000,S,0.496,2.7176336061529582e-06,20,0.0006829142310625,20210729T160000_20,102
AV.DEER..BH,2021-07-29T20:26:04.580000,S,0.326,1.1568419040486333e-06,26,0.0001169090257824,20210729T160000_26,108
AV.DEER..BH,2021-07-29T20:31:30.640000,S,0.415,9.519058949081227e-06,27,0.0001169090257824,20210729T160000_27,109
AV.DEER..BH,2021-07-29T21:00:49.930000,S,0.497,5.054161374573596e-05,30,0.0006829142310625,20210729T160000_30,112
AV.DOL..BH,2021-07-29T16:00:30.630000,P,0.724,1.6329772734025028e-06,1,0.0001169090257824,20210729T160000_1,83
AV.DOL..BH,2021-07-29T16:08:54.260000,P,0.869,1.390683678437199e-06,2,0.0001169090257824,20210729T160000_2,84
AV.DOL..BH,2021-07-29T16:09:53.830000,P,0.891,7.004212238825858e-05,3,0.0001169090257824,20210729T160000_3,85
AV.DOL..BH,2021-07-29T16:38:40.480000,P,0.701,2.0075726752111223e-06,4,0.0041274501596196,20210729T160000_4,86
AV.DOL..BH,2021-07-29T17:00:32.620000,P,0.661,4.187155354884453e-06,5,0.0001169090257824,20210729T160000_5,87
AV.DOL..BH,2021-07-29T17:04:08.270000,P,0.745,1.3033122741035186e-06,7,0.0006829142310625,20210729T160000_7,89
AV.DOL..BH,2021-07-29T17:04:31.720000,P,0.482,2.953004695882555e-06,8,0.0001169090257824,20210729T160000_8,90
AV.DOL..BH,2021-07-29T17:23:06.680000,P,0.586,2.014521442106343e-06,10,0.0001169090257824,20210729T160000_10,92
AV.DOL..BH,2021-07-29T17:33:16.460000,P,0.671,1.4601616840081988e-06,12,0.0001169090257824,20210729T160000_12,94
AV.DOL..BH,2021-07-29T17:34:20.820000,P,0.42,3.720243739735452e-06,13,0.0006829142310625,20210729T160000_13,95
AV.DOL..BH,2021-07-29T17:52:23.360000,P,0.805,2.280588887515478e-06,14,0.0001169090257824,20210729T160000_14,96
AV.DOL..BH,2021-07-29T18:14:42.740000,P,0.639,2.276457280458999e-06,15,0.0001169090257824,20210729T160000_15,97
AV.DOL..BH,2021-07-29T18:18:17.840000,P,0.453,3.225750788260484e-06,17,0.0001169090257824,20210729T160000_17,99
AV.DOL..BH,2021-07-29T18:38:23.500000,P,0.824,2.904538405346102e-06,18,0.0001169090257824,20210729T160000_18,100
AV.DOL..BH,2021-07-29T18:47:01.460000,P,0.853,1.5503508166148094e-06,19,0.0001169090257824,20210729T160000_19,101
AV.DOL..BH,2021-07-29T19:12:15.180000,P,0.759,8.98330381460255e-06,21,0.0001169090257824,20210729T160000_21,103
AV.DOL..BH,2021-07-29T19:30:43.600000,P,0.411,2.376032853135257e-06,22,0.0006829142310625,20210729T160000_22,104
AV.DOL..BH,2021-07-29T19:53:42.100000,P,0.88,2.203722033300437e-06,23,0.0001169090257824,20210729T160000_23,105
AV.DOL..BH,2021-07-29T20:21:56.550000,P,0.66,2.0267457330191974e-06,24,0.0001169090257824,20210729T160000_24,106
AV.DOL..BH,2021-07-29T20:23:43.760000,P,0.455,2.478951955708908e-06,25,0.0001169090257824,20210729T160000_25,107
AV.DOL..BH,2021-07-29T20:25:51.300000,P,0.917,1.6223960983552388e-06,26,0.0041274501596196,20210729T160000_26,108
AV.DOL..BH,2021-07-29T20:31:16.820000,P,0.872,2.499405491107609e-05,27,0.0041274501596196,20210729T160000_27,109
AV.DOL..BH,2021-07-29T20:33:27.230000,P,0.759,9.83025020104833e-05,28,0.0001169090257824,20210729T160000_28,110
AV.DOL..BH,2021-07-29T20:42:38.190000,P,0.308,3.941567229048815e-06,29,0.0001169090257824,20210729T160000_29,111
AV.DOL..BH,2021-07-29T21:00:40.500000,P,0.745,6.663029489573091e-05,30,0.0001169090257824,20210729T160000_30,112
AV.DOL..BH,2021-07-29T21:18:35.750000,P,0.866,5.561684247368248e-06,32,0.0001169090257824,20210729T160000_32,114
AV.DOL..BH,2021-07-29T21:39:57.310000,P,0.851,2.7098703867523e-05,33,0.0001169090257824,20210729T160000_33,115
AV.DOL..BH,2021-07-29T22:02:31.990000,P,0.617,1.3059476486887434e-06,34,0.0001169090257824,20210729T160000_34,116
AV.DOL..BH,2021-07-29T22:19:10.030000,P,0.938,2.286546623508912e-05,35,0.0001169090257824,20210729T160000_35,117
AV.DOL..BH,2021-07-29T22:56:46.440000,P,0.758,3.308290843051509e-06,36,0.0001169090257824,20210729T160000_36,118
AV.DOL..BH,2021-07-29T23:38:56.980000,P,0.901,6.260092504817294e-06,37,0.0001169090257824,20210729T160000_37,119
AV.DOL..BH,2021-07-29T16:09:02.340000,S,0.42,1.362221951239917e-06,2,0.0041274501596196,20210729T160000_2,84
AV.DOL..BH,2021-07-29T17:01:05.980000,S,0.286,1.4528261999657843e-05,6,0.0001169090257824,20210729T160000_6,88
AV.DOL..BH,2021-07-29T17:04:35.740000,S,0.403,3.074371988986968e-06,8,0.0041274501596196,20210729T160000_8,90
AV.DOL..BH,2021-07-29T18:18:01.060000,S,0.25,1.7631195987632964e-06,16,0.0006829142310625,20210729T160000_16,98
AV.DOL..BH,2021-07-29T18:18:23.940000,S,0.212,3.225750788260484e-06,17,0.0041274501596196,20210729T160000_17,99
AV.DOL..BH,2021-07-29T18:38:30.190000,S,0.438,3.023119006684283e-06,18,0.0041274501596196,20210729T160000_18,100
AV.DOL..BH,2021-07-29T18:54:11.500000,S,0.789,4.108603661734378e-06,20,0.0001169090257824,20210729T160000_20,102
AV.DOL..BH,2021-07-29T19:12:24.260000,S,0.202,1.5929572327877395e-05,21,0.0041274501596196,20210729T160000_21,103
AV.DOL..BH,2021-07-29T20:23:51.400000,S,0.588,2.959403673230554e-06,25,0.0041274501596196,20210729T160000_25,107
AV.DOL..BH,2021-07-29T20:25:59.740000,S,0.376,1.6223960983552388e-06,26,0.0044397070520276,20210729T160000_26,108
AV.DOL..BH,2021-07-29T20:31:24.500000,S,0.281,2.7422802304499783e-05,27,0.0044397070520276,20210729T160000_27,109
AV.DOL..BH,2021-07-29T21:40:04.580000,S,0.282,2.7098703867523e-05,33,0.0041274501596196,20210729T160000_33,115
AV.DOL..BH,2021-07-29T22:56:56.700000,S,0.418,4.5744613998977e-06,36,0.0041274501596196,20210729T160000_36,118
AV.DT1..BH,2021-07-29T16:00:33.780000,P,0.634,1.2877208064310253e-06,1,0.0041274501596196,20210729T160000_1,83
AV.DT1..BH,2021-07-29T16:08:57.510000,P,0.731,1.6324427178915355e-06,2,0.0044397070520276,20210729T160000_2,84
AV.DT1..BH,2021-07-29T16:09:57.130000,P,0.904,3.4939032047986984e-05,3,0.0041274501596196,20210729T160000_3,85
AV.DT1..BH,2021-07-29T16:38:43.320000,P,0.652,1.44841862947942e-06,4,0.0044397070520276,20210729T160000_4,86
AV.DT1..BH,2021-07-29T17:00:36.020000,P,0.701,1.895778382277058e-06,5,0.0041274501596196,20210729T160000_5,87
AV.DT1..BH,2021-07-29T17:08:20.830000,P,0.345,6.918143071743543e-07,9,0.0006829142310625,20210729T160000_9,91
AV.DT1..BH,2021-07-29T17:23:10.820000,P,0.417,1.3985810483063688e-06,10,0.0041274501596196,20210729T160000_10,92
AV.DT1..BH,2021-07-29T17:28:10.160000,P,0.466,1.111621145355457e-06,11,0.0006829142310625,20210729T160000_11,93
AV.DT1..BH,2021-07-29T17:33:19.750000,P,0.661,1.0053935284304316e-06,12,0.0041274501596196,20210729T160000_12,94
AV.DT1..BH,2021-07-29T17:34:25.350000,P,0.681,1.4559155943061342e-06,13,0.0001169090257824,20210729T160000_13,95
AV.DT1..BH,2021-07-29T17:52:26.710000,P,0.785,1.7241447949345456e-06,14,0.0041274501596196,20210729T160000_14,96
AV.DT1..BH,2021-07-29T18:14:46.660000,P,0.461,1.7396719158568883e-06,15,0.0041274501596196,20210729T160000_15,97
AV.DT1..BH,2021-07-29T18:17:54.710000,P,0.808,1.07123503312323e-06,16,0.0001169090257824,20210729T160000_16,98
AV.DT1..BH,2021-07-29T18:38:26.870000,P,0.637,1.7837433006206993e-06,18,0.0044397070520276,20210729T160000_18,100
AV.DT1..BH,2021-07-29T18:47:04.780000,P,0.701,1.89383524684672e-06,19,0.0041274501596196,20210729T160000_19,101
AV.DT1..BH,2021-07-29T19:12:18.630000,P,0.782,4.947226443619002e-06,21,0.0044397070520276,20210729T160000_21,103
AV.DT1..BH,2021-07-29T19:30:47.720000,P,0.36,1.5605247654093546e-06,22,0.0001169090257824,20210729T160000_22,104
AV.DT1..BH,2021-07-29T19:53:45.500000,P,0.677,2.771619392660796e-06,23,0.0041274501596196,20210729T160000_23,105
AV.DT1..BH,2021-07-29T20:21:59.780000,P,0.492,1.535821184006636e-06,24,0.0041274501596196,20210729T160000_24,106
AV.DT1..BH,2021-07-29T20:23:46.700000,P,0.536,1.0990920600306708e-06,25,0.0044397070520276,20210729T160000_25,107
AV.DT1..BH,2021-07-29T20:25:54.740000,P,0.903,1.3913136172050145e-06,26,0.0007965992530301,20210729T160000_26,108
AV.DT1..BH,2021-07-29T20:31:20.110000,P,0.868,1.2260798939678352e-05,27,0.0007965992530301,20210729T160000_27,109
AV.DT1..BH,2021-07-29T20:33:30.550000,P,0.856,5.936895468039438e-05,28,0.0041274501596196,20210729T160000_28,110
AV.DT1..BH,2021-07-29T20:42:41.190000,P,0.765,2.3209429400594672e-06,29,0.0041274501596196,20210729T160000_29,111
AV.DT1..BH,2021-07-29T21:00:44.070000,P,0.749,3.519641541060992e-05,30,0.0041274501596196,20210729T160000_30,112
AV.DT1..BH,2021-07-29T21:08:40.240000,P,0.433,1.980512251975597e-06,31,0.0001169090257824,20210729T160000_31,113
AV.DT1..BH,2021-07-29T21:18:39.180000,P,0.831,3.677336962937261e-06,32,0.0041274501596196,20210729T160000_32,114
AV.DT1..BH,2021-07-29T21:40:00.620000,P,0.888,1.3125491022947244e-05,33,0.0044397070520276,20210729T160000_33,115
AV.DT1..BH,2021-07-29T22:02:35.320000,P,0.43,1.0313711982234963e-06,34,0.0041274501596196,20210729T160000_34,116
AV.DT1..BH,2021-07-29T22:19:13.330000,P,0.938,1.0247411410091443e-05,35,0.0041274501596196,20210729T160000_35,117
AV.DT1..BH,2021-07-29T22:56:49.910000,P,0.926,2.9994937449373538e-06,36,0.0044397070520276,20210729T160000_36,118
AV.DT1..BH,2021-07-29T23:39:00.330000,P,0.885,4.133417405682849e-06,37,0.0041274501596196,20210729T160000_37,119
AV.DT1..BH,2021-07-29T16:09:08.320000,S,0.753,1.0068984011013526e-06,2,0.0007965992530301,20210729T160000_2,84
AV.DT1..BH,2021-07-29T16:10:05.680000,S,0.467,3.522907354636118e-05,3,0.0044397070520276,20210729T160000_3,85
AV.DT1..BH,2021-07-29T17:01:15.120000,S,0.411,5.190962838241831e-06,6,0.0041274501596196,20210729T160000_6,88
AV.DT1..BH,2021-07-29T17:28:15.340000,S,0.354,1.111621145355457e-06,11,0.0001169090257824,20210729T160000_11,93
AV.DT1..BH,2021-07-29T17:33:26.310000,S,0.212,1.0053935284304316e-06,12,0.0044397070520276,20210729T160000_12,94
AV.DT1..BH,2021-07-29T18:54:11.360000,S,0.764,2.9785574042762164e-06,20,0.0041274501596196,20210729T160000_20,102
AV.DT1..BH,2021-07-29T19:30:56.820000,S,0.305,1.3232894389147989e-06,22,0.0041274501596196,20210729T160000_22,104
AV.DT1..BH,2021-07-29T19:53:56.250000,S,0.61,1.2771416777468405e-06,23,0.0044397070520276,20210729T160000_23,105
AV.DT1..BH,2021-07-29T20:31:28.960000,S,0.241,1.5162513591349123e-05,27,0.0029433547133034,20210729T160000_27,109
AV.DT1..BH,2021-07-29T21:00:49.070000,S,0.467,3.519641541060992e-05,30,0.0044397070520276,20210729T160000_30,112
AV.DT1..BH,2021-07-29T21:18:49.960000,S,0.508,2.727384298850666e-06,32,0.0044397070520276,20210729T160000_32,114
AV.DT1..BH,2021-07-29T22:19:21.860000,S,0.214,1.6598722140770406e-05,35,0.0044397070520276,20210729T160000_35,117
AV.DT1..BH,2021-07-29T22:57:00.610000,S,0.542,2.9115558390913066e-06,36,0.0007965992530301,20210729T160000_36,118
AV.DT1..BH,2021-07-29T23:39:10.640000,S,0.317,5.129452347318875e-06,37,0.0044397070520276,20210729T160000_37,119
AV.DTN..BH,2021-07-29T16:00:34.480000,P,0.358,1.8736983520284407e-06,1,0.0044397070520276,20210729T160000_1,83
AV.DTN..BH,2021-07-29T16:08:57.550000,P,0.896,1.789697193999018e-06,2,0.0029433547133034,20210729T160000_2,84
AV.DTN..BH,2021-07-29T16:09:57.110000,P,0.832,7.135747000575066e-05,3,0.0007965992530301,20210729T160000_3,85
AV.DTN..BH,2021-07-29T16:38:43.360000,P,0.592,2.7493092602526303e-06,4,0.0007965992530301,20210729T160000_4,86
AV.DTN..BH,2021-07-29T17:00:36.070000,P,0.853,3.527626859067823e-06,5,0.0044397070520276,20210729T160000_5,87
AV.DTN..BH,2021-07-29T17:04:11.350000,P,0.508,1.834712293202756e-06,7,0.0001169090257824,20210729T160000_7,89
AV.DTN..BH,2021-07-29T17:08:20.230000,P,0.702,2.2314063699013782e-06,9,0.0001169090257824,20210729T160000_9,91
AV.DTN..BH,2021-07-29T17:23:10.340000,P,0.726,1.8843965108317209e-06,10,0.0044397070520276,20210729T160000_10,92
AV.DTN..BH,2021-07-29T17:28:10.920000,P,0.496,2.299214656886761e-06,11,0.0041274501596196,20210729T160000_11,93
AV.DTN..BH,2021-07-29T17:33:19.990000,P,0.78,2.372558356000809e-06,12,0.0007965992530301,20210729T160000_12,94
AV.DTN..BH,2021-07-29T17:34:24.310000,P,0.808,2.587722747193766e-06,13,0.0041274501596196,20210729T160000_13,95
AV.DTN..BH,2021-07-29T17:52:26.640000,P,0.76,2.3144259557739133e-06,14,0.0044397070520276,20210729T160000_14,96
AV.DTN..BH,2021-07-29T18:14:46.410000,P,0.886,2.6927368708129507e-06,15,0.0044397070520276,20210729T160000_15,97
AV.DTN..BH,2021-07-29T18:17:53.940000,P,0.381,1.826843799790368e-06,16,0.0041274501596196,20210729T160000_16,98
AV.DTN..BH,2021-07-29T18:38:26.980000,P,0.711,2.402646714472212e-06,18,0.0007965992530301,20210729T160000_18,100
AV.DTN..BH,2021-07-29T18:47:04.780000,P,0.503,2.601669393698103e-06,19,0.0044397070520276,20210729T160000_19,101
AV.DTN..BH,2021-07-29T19:12:18.500000,P,0.707,7.082810498104664e-06,21,0.0007965992530301,20210729T160000_21,103
AV.DTN..BH,2021-07-29T19:53:45.490000,P,0.899,2.810273826980847e-06,23,0.0007965992530301,20210729T160000_23,105
AV.DTN..BH,2021-07-29T20:21:59.590000,P,0.465,2.5131209895334905e-06,24,0.0044397070520276,20210729T160000_24,106
AV.DTN..BH,2021-07-29T20:23:47.120000,P,0.546,3.189596782249282e-06,25,0.0007965992530301,20210729T160000_25,107
AV.DTN..BH,2021-07-29T20:25:54.660000,P,0.904,2.6432060167280724e-06,26,0.0029433547133034,20210729T160000_26,108
AV.DTN..BH,2021-07-29T20:31:20.150000,P,0.509,2.159659197786823e-05,27,4.328093747353517e-05,20210729T160000_27,109
AV.DTN..BH,2021-07-29T20:33:30.470000,P,0.834,9.444932948099448e-05,28,0.0044397070520276,20210729T160000_28,110
AV.DTN..BH,2021-07-29T20:42:41.110000,P,0.462,3.861055120069068e-06,29,0.0044397070520276,20210729T160000_29,111
AV.DTN..BH,2021-07-29T21:00:44.190000,P,0.774,7.135515625122935e-05,30,0.0007965992530301,20210729T160000_30,112
AV.DTN..BH,2021-07-29T21:18:39.110000,P,0.907,4.730581622425234e-06,32,0.0007965992530301,20210729T160000_32,114
AV.DTN..BH,2021-07-29T21:40:00.700000,P,0.786,3.18691018037498e-05,33,0.0007965992530301,20210729T160000_33,115
AV.DTN..BH,2021-07-29T22:02:35.220000,P,0.415,2.685328354345984e-06,34,0.0044397070520276,20210729T160000_34,116
AV.DTN..BH,2021-07-29T22:19:13.270000,P,0.894,1.727368544379715e-05,35,0.0007965992530301,20210729T160000_35,117
AV.DTN..BH,2021-07-29T22:56:49.840000,P,0.528,3.505777385726105e-06,36,0.0029433547133034,20210729T160000_36,118
AV.DTN..BH,2021-07-29T23:39:00.290000,P,0.932,6.906554972374579e-06,37,0.0007965992530301,20210729T160000_37,119
AV.DTN..BH,2021-07-29T16:10:08.560000,S,0.224,0.0001145086935139,3,0.0029433547133034,20210729T160000_3,85
AV.DTN..BH,2021-07-29T16:38:54.260000,S,0.234,2.535380417612032e-06,4,0.0029433547133034,20210729T160000_4,86
AV.DTN..BH,2021-07-29T17:34:30.940000,S,0.295,3.332041842440958e-06,13,0.0044397070520276,20210729T160000_13,95
AV.DTN..BH,2021-07-29T18:54:12.670000,S,0.607,3.161955191899324e-06,20,0.0044397070520276,20210729T160000_20,102
AV.DTN..BH,2021-07-29T19:53:56.870000,S,0.491,2.810273826980847e-06,23,0.0029433547133034,20210729T160000_23,105
AV.DTN..BH,2021-07-29T20:22:07.100000,S,0.22,2.584122057669447e-06,24,0.0007965992530301,20210729T160000_24,106
AV.DTN..BH,2021-07-29T20:26:03.940000,S,0.204,2.968531362057547e-06,26,4.328093747353517e-05,20210729T160000_26,108
AV.DTN..BH,2021-07-29T20:31:28.670000,S,0.223,5.055072688264772e-05,27,0.0017260011856005,20210729T160000_27,109
AV.DTN..BH,2021-07-29T20:33:39.760000,S,0.314,0.0001434838486602,28,0.0007965992530301,20210729T160000_28,110
AV.DTN..BH,2021-07-29T21:00:49.940000,S,0.436,7.135515625122935e-05,30,0.0029433547133034,20210729T160000_30,112
AV.DTN..BH,2021-07-29T21:40:07.260000,S,0.339,3.18691018037498e-05,33,0.0029433547133034,20210729T160000_33,115
AV.DTN..BH,2021-07-29T22:19:20.340000,S,0.241,3.558522803359665e-05,35,0.0029433547133034,20210729T160000_35,117
AV.DTN..BH,2021-07-29T22:57:01.660000,S,0.401,6.336696969810873e-06,36,4.328093747353517e-05,20210729T160000_36,118
AV.HAG..SH,2021-07-29T16:00:32.030000,P,0.523,2.179607463403954e-06,1,0.0007965992530301,20210729T160000_1,83
AV.HAG..SH,2021-07-29T16:08:54.780000,P,0.849,1.1583798595893311e-06,2,4.328093747353517e-05,20210729T160000_2,84
AV.HAG..SH,2021-07-29T16:09:54.720000,P,0.59,4.906364119960927e-05,3,4.328093747353517e-05,20210729T160000_3,85
AV.HAG..SH,2021-07-29T16:38:40.960000,P,0.558,4.44586873982189e-07,4,4.328093747353517e-05,20210729T160000_4,86
AV.HAG..SH,2021-07-29T17:00:33.160000,P,0.643,3.4929169032693608e-06,5,0.0007965992530301,20210729T160000_5,87
AV.HAG..SH,2021-07-29T17:23:07.230000,P,0.788,2.0724173737107776e-06,10,0.0007965992530301,20210729T160000_10,92
AV.HAG..SH,2021-07-29T17:33:17.640000,P,0.512,1.174656404145935e-06,12,0.0029433547133034,20210729T160000_12,94
AV.HAG..SH,2021-07-29T17:34:22.140000,P,0.864,2.2972692477196688e-06,13,0.0007965992530301,20210729T160000_13,95
AV.HAG..SH,2021-07-29T17:52:24.300000,P,0.59,1.3832786862622015e-06,14,0.0007965992530301,20210729T160000_14,96
AV.HAG..SH,2021-07-29T18:14:44.320000,P,0.662,2.516296717658406e-06,15,0.0007965992530301,20210729T160000_15,97
AV.HAG..SH,2021-07-29T18:17:53.230000,P,0.359,1.1936505188714364e-06,16,0.0044397070520276,20210729T160000_16,98
AV.HAG..SH,2021-07-29T18:38:24.980000,P,0.859,3.950032350985566e-06,18,0.0029433547133034,20210729T160000_18,100
AV.HAG..SH,2021-07-29T19:12:15.580000,P,0.566,9.819722208703752e-07,21,0.0029433547133034,20210729T160000_21,103
AV.HAG..SH,2021-07-29T19:53:42.640000,P,0.464,2.023640490733669e-06,23,4.328093747353517e-05,20210729T160000_23,105
AV.HAG..SH,2021-07-29T20:21:56.990000,P,0.506,2.034081717283698e-06,24,0.0029433547133034,20210729T160000_24,106
AV.HAG..SH,2021-07-29T20:23:44.200000,P,0.581,2.5784445369936293e-06,25,0.0029433547133034,20210729T160000_25,107
AV.HAG..SH,2021-07-29T20:25:52.260000,P,0.344,1.5800004575794446e-06,26,0.0017260011856005,20210729T160000_26,108
AV.HAG..SH,2021-07-29T20:31:18.430000,P,0.642,1.989102747756988e-05,27,0.000577658575095,20210729T160000_27,109
AV.HAG..SH,2021-07-29T20:33:27.710000,P,0.84,6.596036837436259e-05,28,0.0029433547133034,20210729T160000_28,110
AV.HAG..SH,2021-07-29T21:00:42.680000,P,0.387,5.878581941942685e-05,30,4.328093747353517e-05,20210729T160000_30,112
AV.HAG..SH,2021-07-29T21:18:36.400000,P,0.778,4.661865659727482e-06,32,0.0029433547133034,20210729T160000_32,114
AV.HAG..SH,2021-07-29T21:39:58.320000,P,0.575,1.6894246073206887e-05,33,4.328093747353517e-05,20210729T160000_33,115
AV.HAG..SH,2021-07-29T22:19:11.120000,P,0.519,2.1615007426589727e-05,35,4.328093747353517e-05,20210729T160000_35,117
AV.HAG..SH,2021-07-29T22:56:47.620000,P,0.903,3.1795609629625687e-06,36,0.0017260011856005,20210729T160000_36,118
AV.HAG..SH,2021-07-29T23:38:57.840000,P,0.555,1.22397395898588e-05,37,0.0029433547133034,20210729T160000_37,119
AV.HAG..SH,2021-07-29T16:10:03.120000,S,0.485,6.75282281008549e-05,3,0.0017260011856005,20210729T160000_3,85
AV.HAG..SH,2021-07-29T17:01:08.160000,S,0.358,5.729670192522463e-06,6,0.0044397070520276,20210729T160000_6,88
AV.HAG..SH,2021-07-29T17:28:14.840000,S,0.294,9.178616551253072e-07,11,0.0044397070520276,20210729T160000_11,93
AV.HAG..SH,2021-07-29T17:52:33.460000,S,0.227,1.2717628123937177e-06,14,0.0029433547133034,20210729T160000_14,96
AV.HAG..SH,2021-07-29T18:18:25.600000,S,0.28,1.7150592839243473e-06,17,0.0044397070520276,20210729T160000_17,99
AV.HAG..SH,2021-07-29T18:54:18.080000,S,0.497,2.224040599685395e-06,20,0.0007965992530301,20210729T160000_20,102
AV.HAG..SH,2021-07-29T20:25:58.840000,S,0.437,1.5800004575794446e-06,26,0.000577658575095,20210729T160000_26,108
AV.HAG..SH,2021-07-29T20:33:35.120000,S,0.412,6.775574729545042e-05,28,4.328093747353517e-05,20210729T160000_28,110
AV.HAG..SH,2021-07-29T20:42:43.820000,S,0.293,2.200330072810175e-06,29,0.0007965992530301,20210729T160000_29,111
AV.HAG..SH,2021-07-29T21:00:48.340000,S,0.278,5.925393634242937e-05,30,0.0017260011856005,20210729T160000_30,112
AV.HAG..SH,2021-07-29T22:02:33.220000,S,0.265,6.767539275642775e-07,34,0.0007965992530301,20210729T160000_34,116
AV.PN7A..BH,2021-07-29T16:00:34.300000,P,0.797,2.851959607141908e-06,1,0.0029433547133034,20210729T160000_1,83
AV.PN7A..BH,2021-07-29T16:08:55.700000,P,0.883,2.701986886677332e-06,2,0.0017260011856005,20210729T160000_2,84
AV.PN7A..BH,2021-07-29T16:09:55.600000,P,0.6,7.771345553919673e-05,3,0.000577658575095,20210729T160000_3,85
AV.PN7A..BH,2021-07-29T16:38:42.500000,P,0.306,4.018398158223135e-06,4,0.0017260011856005,20210729T160000_4,86
AV.PN7A..BH,2021-07-29T17:00:34.400000,P,0.538,5.084094027552055e-06,5,0.0029433547133034,20210729T160000_5,87
AV.PN7A..BH,2021-07-29T17:08:18.060000,P,0.316,2.994795977429021e-06,9,0.0041274501596196,20210729T160000_9,91
AV.PN7A..BH,2021-07-29T17:23:09.300000,P,0.362,2.858914513126365e-06,10,0.0029433547133034,20210729T160000_10,92
AV.PN7A..BH,2021-07-29T17:28:13.280000,P,0.789,3.438635985730798e-06,11,0.0007965992530301,20210729T160000_11,93
AV.PN7A..BH,2021-07-29T17:34:23.280000,P,0.336,4.592831828631461e-06,13,0.0029433547133034,20210729T160000_13,95
AV.PN7A..BH,2021-07-29T18:14:46.760000,P,0.357,6.056877282389905e-06,15,0.0029433547133034,20210729T160000_15,97
AV.PN7A..BH,2021-07-29T18:38:26.160000,P,0.521,4.592684035742423e-06,18,4.328093747353517e-05,20210729T160000_18,100
AV.PN7A..BH,2021-07-29T19:12:16.880000,P,0.565,1.6374282495235093e-05,21,4.328093747353517e-05,20210729T160000_21,103
AV.PN7A..BH,2021-07-29T19:30:44.520000,P,0.395,2.874180154321948e-06,22,0.0044397070520276,20210729T160000_22,104
AV.PN7A..BH,2021-07-29T19:53:43.580000,P,0.801,4.620172603608808e-06,23,0.0017260011856005,20210729T160000_23,105
AV.PN7A..BH,2021-07-29T20:21:57.720000,P,0.654,4.531059403234394e-06,24,4.328093747353517e-05,20210729T160000_24,106
AV.PN7A..BH,2021-07-29T20:23:45.600000,P,0.546,3.631515710367239e-06,25,4.328093747353517e-05,20210729T160000_25,107
AV.PN7A..BH,2021-07-29T20:31:18.380000,P,0.751,2.441953620291315e-05,27,0.000160557625516,20210729T160000_27,109
AV.PN7A..BH,2021-07-29T20:33:28.920000,P,0.641,0.0001229873887496,28,0.0017260011856005,20210729T160000_28,110
AV.PN7A..BH,2021-07-29T21:00:43.230000,P,0.624,8.90139490365982e-05,30,0.000577658575095,20210729T160000_30,112
AV.PN7A..BH,2021-07-29T21:18:37.440000,P,0.867,7.087035100994399e-06,32,4.328093747353517e-05,20210729T160000_32,114
AV.PN7A..BH,2021-07-29T21:39:58.950000,P,0.684,2.2428439478971995e-05,33,0.0017260011856005,20210729T160000_33,115
AV.PN7A..BH,2021-07-29T22:02:33.350000,P,0.771,2.895284069381887e-06,34,0.0029433547133034,20210729T160000_34,116
AV.PN7A..BH,2021-07-29T22:19:11.660000,P,0.852,3.020185067725833e-05,35,0.0017260011856005,20210729T160000_35,117
AV.PN7A..BH,2021-07-29T22:56:48.220000,P,0.569,4.9567797759664245e-06,36,0.000577658575095,20210729T160000_36,118
AV.PN7A..BH,2021-07-29T23:38:59.110000,P,0.593,8.314773367601447e-06,37,4.328093747353517e-05,20210729T160000_37,119
AV.PN7A..BH,2021-07-29T16:10:03.950000,S,0.355,0.0001026834579533,3,0.000160557625516,20210729T160000_3,85
AV.PN7A..BH,2021-07-29T17:00:37.300000,S,0.293,5.084094027552055e-06,5,4.328093747353517e-05,20210729T160000_5,87
AV.PN7A..BH,2021-07-29T18:38:32.420000,S,0.227,4.592684035742423e-06,18,0.0017260011856005,20210729T160000_18,100
AV.PN7A..BH,2021-07-29T19:12:26.930000,S,0.736,1.9723025616258383e-05,21,0.0017260011856005,20210729T160000_21,103
AV.PN7A..BH,2021-07-29T21:40:06.460000,S,0.369,2.2651503968518227e-05,33,0.000577658575095,20210729T160000_33,115
AV.PN7A..BH,2021-07-29T22:19:21.950000,S,0.232,4.934025491820648e-05,35,0.000577658575095,20210729T160000_35,117
AV.PS1A..BH,2021-07-29T16:00:31.340000,P,0.848,2.782820502034156e-06,1,4.328093747353517e-05,20210729T160000_1,83
AV.PS1A..BH,2021-07-29T16:08:53.180000,P,0.617,2.483213393134065e-06,2,0.000577658575095,20210729T160000_2,84
AV.PS1A..BH,2021-07-29T16:09:53.030000,P,0.828,6.116057193139568e-05,3,0.0025906790550297,20210729T160000_3,85
AV.PS1A..BH,2021-07-29T16:38:39.630000,P,0.358,2.600445441203192e-06,4,0.000577658575095,20210729T160000_4,86
AV.PS1A..BH,2021-07-29T17:00:31.840000,P,0.468,4.154669113631826e-06,5,0.0017260011856005,20210729T160000_5,87
AV.PS1A..BH,2021-07-29T17:23:06.670000,P,0.568,3.135241286145174e-06,10,4.328093747353517e-05,20210729T160000_10,92
AV.PS1A..BH,2021-07-29T17:33:17.960000,P,0.496,2.6242526018904755e-06,12,4.328093747353517e-05,20210729T160000_12,94
AV.PS1A..BH,2021-07-29T17:34:20.290000,P,0.593,4.76061495646718e-06,13,4.328093747353517e-05,20210729T160000_13,95
AV.PS1A..BH,2021-07-29T17:52:22.590000,P,0.768,3.140929948131088e-06,14,4.328093747353517e-05,20210729T160000_14,96
AV.PS1A..BH,2021-07-29T18:14:43.470000,P,0.793,3.921828010788886e-06,15,4.328093747353517e-05,20210729T160000_15,97
AV.PS1A..BH,2021-07-29T18:18:21.440000,P,0.303,3.7421289107442135e-06,17,0.0007965992530301,20210729T160000_17,99
AV.PS1A..BH,2021-07-29T18:38:23.270000,P,0.845,3.899854618794052e-06,18,0.000577658575095,20210729T160000_18,100
AV.PS1A..BH,2021-07-29T19:12:14.310000,P,0.885,1.1958558388869278e-05,21,0.000577658575095,20210729T160000_21,103
AV.PS1A..BH,2021-07-29T19:53:41.110000,P,0.755,3.133581230940763e-06,23,0.000577658575095,20210729T160000_23,105
AV.PS1A..BH,2021-07-29T20:23:43.630000,P,0.634,3.949154688598355e-06,25,0.0017260011856005,20210729T160000_25,107
AV.PS1A..BH,2021-07-29T20:25:50.510000,P,0.466,3.908296548615908e-06,26,0.000160557625516,20210729T160000_26,108
AV.PS1A..BH,2021-07-29T20:31:15.940000,P,0.79,3.438545172684826e-05,27,0.0025906790550297,20210729T160000_27,109
AV.PS1A..BH,2021-07-29T20:33:26.510000,P,0.685,0.0001075143009074,28,0.000577658575095,20210729T160000_28,110
AV.PS1A..BH,2021-07-29T21:00:41.160000,P,0.347,0.0001068896963261,30,0.000160557625516,20210729T160000_30,112
AV.PS1A..BH,2021-07-29T21:08:36.180000,P,0.784,4.182906650385121e-06,31,0.0041274501596196,20210729T160000_31,113
AV.PS1A..BH,2021-07-29T21:18:34.860000,P,0.804,5.637441063299775e-06,32,0.0017260011856005,20210729T160000_32,114
AV.PS1A..BH,2021-07-29T21:39:56.590000,P,0.718,1.881978641904425e-05,33,0.000160557625516,20210729T160000_33,115
AV.PS1A..BH,2021-07-29T22:19:09.270000,P,0.907,2.372419294260908e-05,35,0.000160557625516,20210729T160000_35,117
AV.PS1A..BH,2021-07-29T22:56:45.600000,P,0.69,5.279534434521338e-06,36,0.000160557625516,20210729T160000_36,118
AV.PS1A..BH,2021-07-29T23:38:56.250000,P,0.924,8.202136996260379e-06,37,0.0017260011856005,20210729T160000_37,119
AV.PS1A..BH,2021-07-29T17:04:33.300000,S,0.278,3.435080770941568e-06,8,0.0044397070520276,20210729T160000_8,90
AV.PS1A..BH,2021-07-29T18:38:29.380000,S,0.338,3.899854618794052e-06,18,0.000160557625516,20210729T160000_18,100
AV.PS1A..BH,2021-07-29T18:54:20.000000,S,0.661,4.318008905102033e-06,20,0.0029433547133034,20210729T160000_20,102
AV.PS1A..BH,2021-07-29T20:31:21.220000,S,0.235,4.718266791314818e-05,27,0.0004177439555231,20210729T160000_27,109
AV.PS1A..BH,2021-07-29T20:33:35.120000,S,0.466,0.0001324708282481,28,0.000160557625516,20210729T160000_28,110
AV.PS1A..BH,2021-07-29T21:00:46.900000,S,0.221,0.0001339113659923,30,0.0025906790550297,20210729T160000_30,112
AV.PS1A..BH,2021-07-29T21:18:43.580000,S,0.201,5.637441063299775e-06,32,0.000577658575095,20210729T160000_32,114
AV.PS1A..BH,2021-07-29T21:40:01.990000,S,0.465,2.144429890904576e-05,33,0.0025906790550297,20210729T160000_33,115
AV.PS1A..BH,2021-07-29T23:39:04.340000,S,0.318,9.41258440434467e-06,37,0.000577658575095,20210729T160000_37,119
AV.PS4A..BH,2021-07-29T16:00:31.310000,P,0.761,3.175435722369002e-06,1,0.0017260011856005,20210729T160000_1,83
AV.PS4A..BH,2021-07-29T16:08:53.900000,P,0.875,3.107282054770621e-06,2,0.000160557625516,20210729T160000_2,84
AV.PS4A..BH,2021-07-29T16:09:53.830000,P,0.892,8.306236850330606e-05,3,0.0004177439555231,20210729T160000_3,85
AV.PS4A..BH,2021-07-29T16:38:40.380000,P,0.865,3.5230225421400974e-06,4,0.000160557625516,20210729T160000_4,86
AV.PS4A..BH,2021-07-29T17:00:32.780000,P,0.675,5.292210971674649e-06,5,0.000577658575095,20210729T160000_5,87
AV.PS4A..BH,2021-07-29T17:04:08.260000,P,0.803,2.614702452774509e-06,7,0.0041274501596196,20210729T160000_7,89
AV.PS4A..BH,2021-07-29T17:08:18.540000,P,0.315,2.09957079277956e-06,9,0.0044397070520276,20210729T160000_9,91
AV.PS4A..BH,2021-07-29T17:23:06.670000,P,0.904,3.545285835571121e-06,10,0.0017260011856005,20210729T160000_10,92
AV.PS4A..BH,2021-07-29T17:33:16.520000,P,0.657,2.583032483016723e-06,12,0.0017260011856005,20210729T160000_12,94
AV.PS4A..BH,2021-07-29T17:34:20.880000,P,0.713,4.309155883674976e-06,13,0.0017260011856005,20210729T160000_13,95
AV.PS4A..BH,2021-07-29T17:52:23.380000,P,0.864,3.208826001355192e-06,14,0.0017260011856005,20210729T160000_14,96
AV.PS4A..BH,2021-07-29T18:14:43.110000,P,0.763,4.847705895372201e-06,15,0.0017260011856005,20210729T160000_15,97
AV.PS4A..BH,2021-07-29T18:18:19.600000,P,0.45,3.665480335257598e-06,17,0.0029433547133034,20210729T160000_17,99
AV.PS4A..BH,2021-07-29T18:38:24.060000,P,0.693,4.725587587017799e-06,18,0.0025906790550297,20210729T160000_18,100
AV.PS4A..BH,2021-07-29T19:12:15.090000,P,0.934,1.920389331644401e-05,21,0.000160557625516,20210729T160000_21,103
AV.PS4A..BH,2021-07-29T19:30:42.430000,P,0.799,3.0366791179403663e-06,22,0.0007965992530301,20210729T160000_22,104
AV.PS4A..BH,2021-07-29T19:53:41.840000,P,0.912,3.527727585606044e-06,23,0.000160557625516,20210729T160000_23,105
AV.PS4A..BH,2021-07-29T20:21:56.270000,P,0.866,3.2062230275187176e-06,24,0.0017260011856005,20210729T160000_24,106
AV.PS4A..BH,2021-07-29T20:23:43.150000,P,0.831,3.981494955951348e-06,25,0.000577658575095,20210729T160000_25,107
AV.PS4A..BH,2021-07-29T20:25:51.270000,P,0.834,2.402741074547521e-06,26,0.0025906790550297,20210729T160000_26,108
AV.PS4A..BH,2021-07-29T20:31:16.720000,P,0.669,3.643193849711679e-05,27,0.0011052574329475,20210729T160000_27,109
AV.PS4A..BH,2021-07-29T20:33:27.190000,P,0.89,0.000135258611408,28,0.0025906790550297,20210729T160000_28,110
AV.PS4A..BH,2021-07-29T21:00:40.740000,P,0.88,0.000122022756841,30,0.0004177439555231,20210729T160000_30,112
AV.PS4A..BH,2021-07-29T21:08:36.800000,P,0.507,4.318395440350287e-06,31,0.0044397070520276,20210729T160000_31,113
AV.PS4A..BH,2021-07-29T21:18:35.720000,P,0.91,5.98885208091815e-06,32,0.000160557625516,20210729T160000_32,114
AV.PS4A..BH,2021-07-29T21:39:57.440000,P,0.827,2.4244192900368944e-05,33,0.0004177439555231,20210729T160000_33,115
AV.PS4A..BH,2021-07-29T22:02:31.710000,P,0.789,1.8519986042520031e-06,34,4.328093747353517e-05,20210729T160000_34,116
AV.PS4A..BH,2021-07-29T22:19:09.990000,P,0.831,2.776516157609876e-05,35,0.0025906790550297,20210729T160000_35,117
AV.PS4A..BH,2021-07-29T22:56:46.310000,P,0.938,7.900748641986866e-06,36,0.0025906790550297,20210729T160000_36,118
AV.PS4A..BH,2021-07-29T23:38:57.020000,P,0.85,1.0562636816757733e-05,37,0.000160557625516,20210729T160000_37,119
AV.PS4A..BH,2021-07-29T17:01:08.670000,S,0.302,1.8894865206675604e-05,6,0.0007965992530301,20210729T160000_6,88
AV.PS4A..BH,2021-07-29T17:04:14.300000,S,0.36,2.614702452774509e-06,7,0.0044397070520276,20210729T160000_7,89
AV.PS4A..BH,2021-07-29T17:04:33.950000,S,0.36,4.469502073334297e-06,8,0.0007965992530301,20210729T160000_8,90
AV.PS4A..BH,2021-07-29T17:33:23.260000,S,0.238,2.583032483016723e-06,12,0.000577658575095,20210729T160000_12,94
AV.PS4A..BH,2021-07-29T18:54:19.360000,S,0.323,3.524840622048941e-06,20,4.328093747353517e-05,20210729T160000_20,102
AV.PS4A..BH,2021-07-29T20:22:02.620000,S,0.349,3.2062230275187176e-06,24,0.000577658575095,20210729T160000_24,106
AV.PS4A..BH,2021-07-29T20:23:51.900000,S,0.309,4.8756878641142976e-06,25,0.000160557625516,20210729T160000_25,107
AV.PS4A..BH,2021-07-29T20:33:35.870000,S,0.579,0.0001622353447601,28,0.0004177439555231,20210729T160000_28,110
AV.PS4A..BH,2021-07-29T21:00:47.220000,S,0.32,0.000122022756841,30,0.0011052574329475,20210729T160000_30,112
AV.PS4A..BH,2021-07-29T21:08:45.780000,S,0.308,4.623900622391375e-06,31,0.0007965992530301,20210729T160000_31,113
AV.PS4A..BH,2021-07-29T21:40:05.520000,S,0.4,4.343519685789943e-05,33,0.0011052574329475,20210729T160000_33,115
AV.PS4A..BH,2021-07-29T22:19:18.460000,S,0.272,4.207024539937265e-05,35,0.0004177439555231,20210729T160000_35,117
AV.PS4A..BH,2021-07-29T22:56:56.670000,S,0.427,7.900748641986866e-06,36,0.0004177439555231,20210729T160000_36,118
AV.PV6A..SH,2021-07-29T16:00:32.860000,P,0.471,7.935902317512955e-07,1,0.000577658575095,20210729T160000_1,83
AV.PV6A..SH,2021-07-29T16:08:55.100000,P,0.33,4.797523729394015e-07,2,0.0025906790550297,20210729T160000_2,84
AV.PV6A..SH,2021-07-29T16:09:55.340000,P,0.744,2.2600972442887723e-05,3,0.0011052574329475,20210729T160000_3,85
AV.PV6A..SH,2021-07-29T16:38:43.000000,P,0.646,6.78389312724903e-07,4,0.0025906790550297,20210729T160000_4,86
AV.PV6A..SH,2021-07-29T17:00:34.030000,P,0.714,1.6936860447458455e-06,5,0.000160557625516,20210729T160000_5,87
AV.PV6A..SH,2021-07-29T17:08:17.520000,P,0.568,5.057553948972782e-07,9,0.0007965992530301,20210729T160000_9,91
AV.PV6A..SH,2021-07-29T17:23:09.200000,P,0.311,7.957596608321182e-07,10,0.000577658575095,20210729T160000_10,92
AV.PV6A..SH,2021-07-29T17:28:12.820000,P,0.817,4.816378122995957e-07,11,0.0029433547133034,20210729T160000_11,93
AV.PV6A..SH,2021-07-29T17:52:24.840000,P,0.887,4.664547645916173e-07,14,0.000577658575095,20210729T160000_14,96
AV.PV6A..SH,2021-07-29T18:38:25.550000,P,0.751,1.3331343780009774e-06,18,0.0004177439555231,20210729T160000_18,100
AV.PV6A..SH,2021-07-29T18:47:02.960000,P,0.546,4.433377682744322e-07,19,0.0007965992530301,20210729T160000_19,101
AV.PV6A..SH,2021-07-29T19:12:16.450000,P,0.952,4.426770374266198e-06,21,0.0025906790550297,20210729T160000_21,103
AV.PV6A..SH,2021-07-29T19:53:43.100000,P,0.827,6.305058377620298e-07,23,0.0025906790550297,20210729T160000_23,105
AV.PV6A..SH,2021-07-29T20:21:57.150000,P,0.759,7.891336508691893e-07,24,0.000160557625516,20210729T160000_24,106
AV.PV6A..SH,2021-07-29T20:23:45.620000,P,0.683,1.0682357469704584e-06,25,0.0025906790550297,20210729T160000_25,107
AV.PV6A..SH,2021-07-29T20:25:52.770000,P,0.935,6.235974865376193e-07,26,0.0004177439555231,20210729T160000_26,108
AV.PV6A..SH,2021-07-29T20:31:18.240000,P,0.783,6.549405043188017e-06,27,2.1643312183553035e-05,20210729T160000_27,109
AV.PV6A..SH,2021-07-29T20:33:28.800000,P,0.668,2.735906673478894e-05,28,0.0011052574329475,20210729T160000_28,110
AV.PV6A..SH,2021-07-29T20:42:42.560000,P,0.587,1.2980611927559949e-06,29,0.0029433547133034,20210729T160000_29,111
AV.PV6A..SH,2021-07-29T21:00:43.030000,P,0.607,2.80481981462799e-05,30,2.1643312183553035e-05,20210729T160000_30,112
AV.PV6A..SH,2021-07-29T21:08:38.430000,P,0.819,7.789240044075996e-07,31,0.0029433547133034,20210729T160000_31,113
AV.PV6A..SH,2021-07-29T21:18:36.980000,P,0.899,2.1330131403374253e-06,32,0.0025906790550297,20210729T160000_32,114
AV.PV6A..SH,2021-07-29T21:39:58.830000,P,0.788,7.733453458058648e-06,33,2.1643312183553035e-05,20210729T160000_33,115
AV.PV6A..SH,2021-07-29T22:02:33.480000,P,0.366,3.306396934021905e-07,34,0.0017260011856005,20210729T160000_34,116
AV.PV6A..SH,2021-07-29T22:19:11.530000,P,0.801,6.3502698139927816e-06,35,0.0011052574329475,20210729T160000_35,117
AV.PV6A..SH,2021-07-29T22:56:47.630000,P,0.719,1.4576418152500992e-06,36,0.0011052574329475,20210729T160000_36,118
AV.PV6A..SH,2021-07-29T23:38:58.540000,P,0.938,2.9528337108786218e-06,37,0.0025906790550297,20210729T160000_37,119
AV.PV6A..SH,2021-07-29T17:04:38.100000,S,0.206,1.1461845588200958e-06,8,0.0029433547133034,20210729T160000_8,90
AV.PV6A..SH,2021-07-29T17:23:16.000000,S,0.375,9.483358667239372e-07,10,0.000160557625516,20210729T160000_10,92
AV.PV6A..SH,2021-07-29T18:14:51.420000,S,0.316,1.6490430425619709e-06,15,0.000577658575095,20210729T160000_15,97
AV.PV6A..SH,2021-07-29T18:38:32.410000,S,0.403,1.500850657976116e-06,18,0.0011052574329475,20210729T160000_18,100
AV.PV6A..SH,2021-07-29T19:12:27.870000,S,0.273,5.856599273101892e-06,21,0.0004177439555231,20210729T160000_21,103
AV.PV6A..SH,2021-07-29T21:00:51.940000,S,0.224,5.455831706058234e-05,30,0.0027014009113135,20210729T160000_30,112
AV.PVV..SH,2021-07-29T16:08:53.340000,P,0.873,4.531350157321868e-07,2,0.0004177439555231,20210729T160000_2,84
AV.PVV..SH,2021-07-29T16:09:53.360000,P,0.937,2.698190291994252e-05,3,2.1643312183553035e-05,20210729T160000_3,85
AV.PVV..SH,2021-07-29T16:38:39.780000,P,0.922,8.193747476070712e-07,4,0.0004177439555231,20210729T160000_4,86
AV.PVV..SH,2021-07-29T17:00:31.920000,P,0.66,1.4103210332905292e-06,5,0.0025906790550297,20210729T160000_5,87
AV.PVV..SH,2021-07-29T17:04:08.320000,P,0.562,5.668661060553859e-07,7,0.0007965992530301,20210729T160000_7,89
AV.PVV..SH,2021-07-29T17:08:15.680000,P,0.794,5.778971399195143e-07,9,0.0029433547133034,20210729T160000_9,91
AV.PVV..SH,2021-07-29T17:23:06.520000,P,0.591,9.515158012618484e-07,10,0.0025906790550297,20210729T160000_10,92
AV.PVV..SH,2021-07-29T17:33:16.080000,P,0.751,6.53955453344679e-07,12,0.000160557625516,20210729T160000_12,94
AV.PVV..SH,2021-07-29T17:34:20.610000,P,0.884,1.0561815315668357e-06,13,0.000577658575095,20210729T160000_13,95
AV.PVV..SH,2021-07-29T17:52:22.860000,P,0.789,1.0344714382881648e-06,14,0.000160557625516,20210729T160000_14,96
AV.PVV..SH,2021-07-29T18:14:42.400000,P,0.616,1.6616907032585004e-06,15,0.000160557625516,20210729T160000_15,97
AV.PVV..SH,2021-07-29T18:17:51.220000,P,0.482,4.648275933050172e-07,16,0.0007965992530301,20210729T160000_16,98
AV.PVV..SH,2021-07-29T18:38:23.390000,P,0.822,1.4439053757087097e-06,18,2.1643312183553035e-05,20210729T160000_18,100
AV.PVV..SH,2021-07-29T18:47:00.830000,P,0.51,3.409834334888729e-07,19,0.0029433547133034,20210729T160000_19,101
AV.PVV..SH,2021-07-29T19:12:14.430000,P,0.784,3.676733058455284e-06,21,0.0011052574329475,20210729T160000_21,103
AV.PVV..SH,2021-07-29T19:30:41.860000,P,0.457,7.431717108374869e-07,22,0.0029433547133034,20210729T160000_22,104
AV.PVV..SH,2021-07-29T19:53:41.260000,P,0.902,9.15357929898164e-07,23,0.0004177439555231,20210729T160000_23,105
AV.PVV..SH,2021-07-29T20:23:43.040000,P,0.777,1.2989653441763949e-06,25,0.0004177439555231,20210729T160000_25,107
AV.PVV..SH,2021-07-29T20:25:50.660000,P,0.892,4.825732276003691e-07,26,0.0011052574329475,20210729T160000_26,108
AV.PVV..SH,2021-07-29T20:31:16.080000,P,0.748,6.590141310880426e-06,27,0.0027014009113135,20210729T160000_27,109
AV.PVV..SH,2021-07-29T20:33:26.640000,P,0.846,2.664410931174644e-05,28,2.1643312183553035e-05,20210729T160000_28,110
AV.PVV..SH,2021-07-29T21:00:40.220000,P,0.878,3.1732935894979164e-05,30,0.0004410002924741,20210729T160000_30,112
AV.PVV..SH,2021-07-29T21:18:35.050000,P,0.92,1.6578727581872954e-06,32,0.0004177439555231,20210729T160000_32,114
AV.PVV..SH,2021-07-29T21:39:56.840000,P,0.846,8.465123755740933e-06,33,0.0027014009113135,20210729T160000_33,115
AV.PVV..SH,2021-07-29T22:19:09.420000,P,0.839,1.237546621268848e-05,35,2.1643312183553035e-05,20210729T160000_35,117
AV.PVV..SH,2021-07-29T22:56:45.740000,P,0.859,1.6385622529924149e-06,36,2.1643312183553035e-05,20210729T160000_36,118
AV.PVV..SH,2021-07-29T23:38:56.470000,P,0.953,3.802192850344e-06,37,0.0004177439555231,20210729T160000_37,119
AV.PVV..SH,2021-07-29T16:10:01.270000,S,0.27,2.9602902941405773e-05,3,0.0027014009113135,20210729T160000_3,85
AV.PVV..SH,2021-07-29T16:38:49.680000,S,0.289,8.417960088991094e-07,4,0.0011052574329475,20210729T160000_4,86
AV.PVV..SH,2021-07-29T17:01:06.180000,S,0.222,3.083817318838556e-06,6,0.0029433547133034,20210729T160000_6,88
AV.PVV..SH,2021-07-29T17:04:33.140000,S,0.374,5.908509592700284e-07,8,4.328093747353517e-05,20210729T160000_8,90
AV.PVV..SH,2021-07-29T17:23:11.760000,S,0.206,9.515158012618484e-07,10,0.0004177439555231,20210729T160000_10,92
AV.PVV..SH,2021-07-29T17:33:22.880000,S,0.434,6.53955453344679e-07,12,0.0025906790550297,20210729T160000_12,94
AV.PVV..SH,2021-07-29T17:52:31.600000,S,0.454,1.0344714382881648e-06,14,0.0025906790550297,20210729T160000_14,96
AV.PVV..SH,2021-07-29T18:14:48.940000,S,0.259,1.6616907032585004e-06,15,0.0025906790550297,20210729T160000_15,97
AV.PVV..SH,2021-07-29T18:17:57.470000,S,0.303,4.648275933050172e-07,16,0.0029433547133034,20210729T160000_16,98
AV.PVV..SH,2021-07-29T18:38:30.080000,S,0.233,1.4439053757087097e-06,18,0.0027014009113135,20210729T160000_18,100
AV.PVV..SH,2021-07-29T18:47:08.850000,S,0.328,6.039600748408702e-07,19,4.328093747353517e-05,20210729T160000_19,101
AV.PVV..SH,2021-07-29T18:54:18.320000,S,0.371,6.933113354534726e-07,20,0.0017260011856005,20210729T160000_20,102
AV.PVV..SH,2021-07-29T19:12:24.160000,S,0.254,7.090961844369304e-06,21,2.1643312183553035e-05,20210729T160000_21,103
AV.PVV..SH,2021-07-29T19:53:48.060000,S,0.229,8.124670785036869e-07,23,0.0011052574329475,20210729T160000_23,105
AV.PVV..SH,2021-07-29T20:21:59.960000,S,0.258,8.293411042359367e-07,24,0.0025906790550297,20210729T160000_24,106
AV.PVV..SH,2021-07-29T20:25:59.520000,S,0.298,6.525095272991166e-07,26,2.1643312183553035e-05,20210729T160000_26,108
AV.PVV..SH,2021-07-29T20:31:21.340000,S,0.251,7.219490726129152e-06,27,0.0004410002924741,20210729T160000_27,109
AV.PVV..SH,2021-07-29T20:33:34.670000,S,0.2,1.9018825696548447e-05,28,0.0027014009113135,20210729T160000_28,110
AV.PVV..SH,2021-07-29T20:42:41.680000,S,0.392,9.347230047751508e-07,29,4.328093747353517e-05,20210729T160000_29,111
AV.PVV..SH,2021-07-29T21:00:45.750000,S,0.313,3.1732935894979164e-05,30,0.0009024682660969,20210729T160000_30,112
AV.PVV..SH,2021-07-29T21:40:02.780000,S,0.372,8.465123755740933e-06,33,0.0004410002924741,20210729T160000_33,115
AV.PVV..SH,2021-07-29T22:19:18.400000,S,0.317,1.284232348552905e-05,35,0.0027014009113135,20210729T160000_35,117
AV.PVV..SH,2021-07-29T23:39:04.960000,S,0.395,4.5122533265384845e-06,37,0.0011052574329475,20210729T160000_37,119
AV.S12K..BH,2021-07-29T16:00:33.820000,P,0.714,2.276937493661535e-06,1,0.000160557625516,20210729T160000_1,83
AV.S12K..BH,2021-07-29T16:08:55.760000,P,0.383,1.2778473319485784e-06,2,0.0011052574329475,20210729T160000_2,84
AV.S12K..BH,2021-07-29T16:09:56.260000,P,0.877,5.934711953159422e-05,3,0.0004410002924741,20210729T160000_3,85
AV.S12K..BH,2021-07-29T16:38:43.220000,P,0.651,2.3949060050654225e-06,4,2.1643312183553035e-05,20210729T160000_4,86
AV.S12K..BH,2021-07-29T17:00:35.180000,P,0.782,4.432477908267174e-06,5,0.0004177439555231,20210729T160000_5,87
AV.S12K..BH,2021-07-29T17:04:11.030000,P,0.803,1.3802848570776405e-06,7,0.0029433547133034,20210729T160000_7,89
AV.S12K..BH,2021-07-29T17:33:19.510000,P,0.551,2.1815096715727123e-06,12,0.0004177439555231,20210729T160000_12,94
AV.S12K..BH,2021-07-29T17:52:26.140000,P,0.871,2.0863496956735617e-06,14,0.0004177439555231,20210729T160000_14,96
AV.S12K..BH,2021-07-29T18:14:46.380000,P,0.796,3.340814146213233e-06,15,0.0004177439555231,20210729T160000_15,97
AV.S12K..BH,2021-07-29T18:17:53.800000,P,0.301,1.4987914482844644e-06,16,4.328093747353517e-05,20210729T160000_16,98
AV.S12K..BH,2021-07-29T18:38:26.940000,P,0.914,2.9915956929471577e-06,18,0.0004410002924741,20210729T160000_18,100
AV.S12K..BH,2021-07-29T18:47:03.990000,P,0.772,2.7410198981669964e-06,19,0.0017260011856005,20210729T160000_19,101
AV.S12K..BH,2021-07-29T19:30:44.960000,P,0.475,2.353836180191138e-06,22,4.328093747353517e-05,20210729T160000_22,104
AV.S12K..BH,2021-07-29T19:53:43.540000,P,0.82,1.81927066478238e-06,23,2.1643312183553035e-05,20210729T160000_23,105
AV.S12K..BH,2021-07-29T20:21:58.120000,P,0.817,2.7903865884582046e-06,24,0.0004177439555231,20210729T160000_24,106
AV.S12K..BH,2021-07-29T20:31:19.020000,P,0.383,2.25370895350352e-05,27,0.0009024682660969,20210729T160000_27,109
AV.S12K..BH,2021-07-29T20:33:29.760000,P,0.622,0.0001401198242092,28,0.0004410002924741,20210729T160000_28,110
AV.S12K..BH,2021-07-29T21:08:39.590000,P,0.644,3.6463065953284968e-06,31,4.328093747353517e-05,20210729T160000_31,113
AV.S12K..BH,2021-07-29T21:18:37.740000,P,0.597,4.392135451780632e-06,32,0.0011052574329475,20210729T160000_32,114
AV.S12K..BH,2021-07-29T21:39:59.870000,P,0.824,2.117059739248361e-05,33,0.0009024682660969,20210729T160000_33,115
AV.S12K..BH,2021-07-29T22:19:12.550000,P,0.845,3.407262192922644e-05,35,0.0004410002924741,20210729T160000_35,117
AV.S12K..BH,2021-07-29T22:56:48.390000,P,0.619,3.987423951912206e-06,36,0.0027014009113135,20210729T160000_36,118
AV.S12K..BH,2021-07-29T23:38:59.630000,P,0.854,1.0200841643381864e-05,37,2.1643312183553035e-05,20210729T160000_37,119
AV.S12K..BH,2021-07-29T18:47:14.910000,S,0.326,2.7410198981669964e-06,19,0.000577658575095,20210729T160000_19,101
AV.S12K..BH,2021-07-29T18:54:27.930000,S,0.238,2.7281860184302782e-06,20,0.000577658575095,20210729T160000_20,102
