station_id,begin_time,phase_index,phase_time,phase_score,phase_type,file_name,phase_amplitude,phase_amp
AV.DEER..BH,2021-07-29T16:00:00.000,1666,2021-07-29T16:00:33.320,0.364,P,2021-07-29T16-00-00.mseed,7.248401061588083e-07,7.248401061588083e-07
AV.DEER..BH,2021-07-29T16:00:00.000,3083,2021-07-29T16:01:01.660,0.694,P,2021-07-29T16-00-00.mseed,1.5041252936498495e-06,1.5041252936498495e-06
AV.DEER..BH,2021-07-29T16:00:00.000,26916,2021-07-29T16:08:58.320,0.723,P,2021-07-29T16-00-00.mseed,1.0609554692564416e-06,1.0609554692564416e-06
AV.DEER..BH,2021-07-29T16:00:00.000,29878,2021-07-29T16:09:57.560,0.866,P,2021-07-29T16-00-00.mseed,2.3579179469379596e-05,2.3579179469379596e-05
AV.DEER..BH,2021-07-29T16:00:00.000,81230,2021-07-29T16:27:04.600,0.331,P,2021-07-29T16-00-00.mseed,9.857978966465453e-07,9.857978966465453e-07
AV.DEER..BH,2021-07-29T16:00:00.000,93250,2021-07-29T16:31:05.000,0.471,P,2021-07-29T16-00-00.mseed,1.5410964806505945e-06,1.5410964806505945e-06
AV.DEER..BH,2021-07-29T16:00:00.000,116164,2021-07-29T16:38:43.280,0.89,P,2021-07-29T16-00-00.mseed,8.854980819705816e-07,8.854980819705816e-07
AV.DEER..BH,2021-07-29T16:00:00.000,117943,2021-07-29T16:39:18.860,0.371,P,2021-07-29T16-00-00.mseed,1.656836843721976e-06,1.656836843721976e-06
AV.DEER..BH,2021-07-29T16:00:00.000,192642,2021-07-29T17:04:12.840,0.577,P,2021-07-29T16-00-00.mseed,8.948042591327976e-07,8.948042591327976e-07
AV.DEER..BH,2021-07-29T16:00:00.000,250848,2021-07-29T17:23:36.960,0.573,P,2021-07-29T16-00-00.mseed,2.116272526109242e-06,2.116272526109242e-06
AV.DEER..BH,2021-07-29T16:00:00.000,267894,2021-07-29T17:29:17.880,0.414,P,2021-07-29T16-00-00.mseed,4.880678261542926e-06,4.880678261542926e-06
AV.DEER..BH,2021-07-29T16:00:00.000,279990,2021-07-29T17:33:19.800,0.55,P,2021-07-29T16-00-00.mseed,6.938116712262854e-07,6.938116712262854e-07
AV.DEER..BH,2021-07-29T16:00:00.000,281487,2021-07-29T17:33:49.740,0.783,P,2021-07-29T16-00-00.mseed,1.6468881085529574e-06,1.6468881085529574e-06
AV.DEER..BH,2021-07-29T16:00:00.000,337362,2021-07-29T17:52:27.240,0.669,P,2021-07-29T16-00-00.mseed,1.0742888889581081e-06,1.0742888889581081e-06
AV.DEER..BH,2021-07-29T16:00:00.000,339086,2021-07-29T17:53:01.720,0.838,P,2021-07-29T16-00-00.mseed,1.658069777477067e-06,1.658069777477067e-06
AV.DEER..BH,2021-07-29T16:00:00.000,404347,2021-07-29T18:14:46.940,0.589,P,2021-07-29T16-00-00.mseed,1.4452082268689992e-06,1.4452082268689992e-06
AV.DEER..BH,2021-07-29T16:00:00.000,415224,2021-07-29T18:18:24.480,0.437,P,2021-07-29T16-00-00.mseed,1.3847741229255917e-06,1.3847741229255917e-06
AV.DEER..BH,2021-07-29T16:00:00.000,521242,2021-07-29T18:53:44.840,0.836,P,2021-07-29T16-00-00.mseed,1.0297163726136205e-06,1.0297163726136205e-06
AV.DEER..BH,2021-07-29T16:00:00.000,576971,2021-07-29T19:12:19.420,0.92,P,2021-07-29T16-00-00.mseed,3.308783334432519e-06,3.308783334432519e-06
AV.DEER..BH,2021-07-29T16:00:00.000,585706,2021-07-29T19:15:14.120,0.572,P,2021-07-29T16-00-00.mseed,1.6310148112097522e-06,1.6310148112097522e-06
AV.DEER..BH,2021-07-29T16:00:00.000,634266,2021-07-29T19:31:25.320,0.326,P,2021-07-29T16-00-00.mseed,1.8997125152964145e-06,1.8997125152964145e-06
AV.DEER..BH,2021-07-29T16:00:00.000,701309,2021-07-29T19:53:46.180,0.863,P,2021-07-29T16-00-00.mseed,1.2670500382228056e-06,1.2670500382228056e-06
AV.DEER..BH,2021-07-29T16:00:00.000,703444,2021-07-29T19:54:28.880,0.427,P,2021-07-29T16-00-00.mseed,1.5268906281562522e-06,1.5268906281562522e-06
AV.DEER..BH,2021-07-29T16:00:00.000,786007,2021-07-29T20:22:00.140,0.636,P,2021-07-29T16-00-00.mseed,1.3509647942555603e-06,1.3509647942555603e-06
AV.DEER..BH,2021-07-29T16:00:00.000,791355,2021-07-29T20:23:47.100,0.548,P,2021-07-29T16-00-00.mseed,1.053141318152484e-06,1.053141318152484e-06
AV.DEER..BH,2021-07-29T16:00:00.000,792951,2021-07-29T20:24:19.020,0.71,P,2021-07-29T16-00-00.mseed,4.132532012590673e-06,4.132532012590673e-06
AV.DEER..BH,2021-07-29T16:00:00.000,814034,2021-07-29T20:31:20.680,0.779,P,2021-07-29T16-00-00.mseed,9.204170055454597e-06,9.204170055454597e-06
AV.DEER..BH,2021-07-29T16:00:00.000,815844,2021-07-29T20:31:56.880,0.626,P,2021-07-29T16-00-00.mseed,3.352327621541917e-05,3.352327621541917e-05
AV.DEER..BH,2021-07-29T16:00:00.000,820552,2021-07-29T20:33:31.040,0.625,P,2021-07-29T16-00-00.mseed,4.283674934413284e-05,4.283674934413284e-05
AV.DEER..BH,2021-07-29T16:00:00.000,902479,2021-07-29T21:00:49.580,0.853,P,2021-07-29T16-00-00.mseed,5.054161374573596e-05,5.054161374573596e-05
AV.DEER..BH,2021-07-29T16:00:00.000,927838,2021-07-29T21:09:16.760,0.433,P,2021-07-29T16-00-00.mseed,2.82124824479979e-06,2.82124824479979e-06
AV.DEER..BH,2021-07-29T16:00:00.000,955991,2021-07-29T21:18:39.820,0.936,P,2021-07-29T16-00-00.mseed,2.267827767354902e-06,2.267827767354902e-06
AV.DEER..BH,2021-07-29T16:00:00.000,1020062,2021-07-29T21:40:01.240,0.814,P,2021-07-29T16-00-00.mseed,8.606343726569321e-06,8.606343726569321e-06
AV.DEER..BH,2021-07-29T16:00:00.000,1087810,2021-07-29T22:02:36.200,0.334,P,2021-07-29T16-00-00.mseed,1.072102918442397e-06,1.072102918442397e-06
AV.DEER..BH,2021-07-29T16:00:00.000,1137694,2021-07-29T22:19:13.880,0.798,P,2021-07-29T16-00-00.mseed,7.571518381155329e-06,7.571518381155329e-06
AV.DEER..BH,2021-07-29T16:00:00.000,1250527,2021-07-29T22:56:50.540,0.917,P,2021-07-29T16-00-00.mseed,1.566870878377813e-06,1.566870878377813e-06
AV.DEER..BH,2021-07-29T16:00:00.000,1252460,2021-07-29T22:57:29.200,0.688,P,2021-07-29T16-00-00.mseed,4.2022020352305844e-06,4.2022020352305844e-06
AV.DEER..BH,2021-07-29T16:00:00.000,1377060,2021-07-29T23:39:01.200,0.698,P,2021-07-29T16-00-00.mseed,2.7541555027710274e-06,2.7541555027710274e-06
AV.DEER..BH,2021-07-29T16:00:00.000,1378764,2021-07-29T23:39:35.280,0.354,P,2021-07-29T16-00-00.mseed,9.722380127641372e-06,9.722380127641372e-06
AV.DEER..BH,2021-07-29T16:00:00.000,83602,2021-07-29T16:27:52.040,0.321,S,2021-07-29T16-00-00.mseed,1.314488258685742e-06,1.314488258685742e-06
AV.DEER..BH,2021-07-29T16:00:00.000,116664,2021-07-29T16:38:53.280,0.567,S,2021-07-29T16-00-00.mseed,1.118755108109326e-06,1.118755108109326e-06
AV.DEER..BH,2021-07-29T16:00:00.000,183719,2021-07-29T17:01:14.380,0.399,S,2021-07-29T16-00-00.mseed,6.4896871663222555e-06,6.4896871663222555e-06
AV.DEER..BH,2021-07-29T16:00:00.000,281985,2021-07-29T17:33:59.700,0.31,S,2021-07-29T16-00-00.mseed,1.2937896372022806e-06,1.2937896372022806e-06
AV.DEER..BH,2021-07-29T16:00:00.000,284780,2021-07-29T17:34:55.600,0.389,S,2021-07-29T16-00-00.mseed,2.8626436687773094e-06,2.8626436687773094e-06
AV.DEER..BH,2021-07-29T16:00:00.000,321205,2021-07-29T17:47:04.100,0.673,S,2021-07-29T16-00-00.mseed,8.510862130606256e-07,8.510862130606256e-07
AV.DEER..BH,2021-07-29T16:00:00.000,405926,2021-07-29T18:15:18.520,0.335,S,2021-07-29T16-00-00.mseed,3.1088893592823297e-06,3.1088893592823297e-06
AV.DEER..BH,2021-07-29T16:00:00.000,415658,2021-07-29T18:18:33.160,0.393,S,2021-07-29T16-00-00.mseed,1.3847741229255917e-06,1.3847741229255917e-06
AV.DEER..BH,2021-07-29T16:00:00.000,476782,2021-07-29T18:38:55.640,0.573,S,2021-07-29T16-00-00.mseed,3.5852574455930153e-06,3.5852574455930153e-06
AV.DEER..BH,2021-07-29T16:00:00.000,477276,2021-07-29T18:39:05.520,0.343,S,2021-07-29T16-00-00.mseed,2.3163840978668304e-06,2.3163840978668304e-06
AV.DEER..BH,2021-07-29T16:00:00.000,522412,2021-07-29T18:54:08.240,0.704,S,2021-07-29T16-00-00.mseed,2.7176336061529582e-06,2.7176336061529582e-06
AV.DEER..BH,2021-07-29T16:00:00.000,577474,2021-07-29T19:12:29.480,0.312,S,2021-07-29T16-00-00.mseed,4.9297677833237685e-06,4.9297677833237685e-06
AV.DEER..BH,2021-07-29T16:00:00.000,579452,2021-07-29T19:13:09.040,0.342,S,2021-07-29T16-00-00.mseed,1.5112544133444317e-05,1.5112544133444317e-05
AV.DEER..BH,2021-07-29T16:00:00.000,634979,2021-07-29T19:31:39.580,0.349,S,2021-07-29T16-00-00.mseed,1.7308893802692182e-06,1.7308893802692182e-06
AV.DEER..BH,2021-07-29T16:00:00.000,701763,2021-07-29T19:53:55.260,0.674,S,2021-07-29T16-00-00.mseed,1.3677415608981391e-06,1.3677415608981391e-06
AV.DEER..BH,2021-07-29T16:00:00.000,788586,2021-07-29T20:22:51.720,0.442,S,2021-07-29T16-00-00.mseed,3.6344129057397367e-06,3.6344129057397367e-06
AV.DEER..BH,2021-07-29T16:00:00.000,793338,2021-07-29T20:24:26.760,0.342,S,2021-07-29T16-00-00.mseed,4.132532012590673e-06,4.132532012590673e-06
AV.DEER..BH,2021-07-29T16:00:00.000,816362,2021-07-29T20:32:07.240,0.307,S,2021-07-29T16-00-00.mseed,4.177626033197157e-05,4.177626033197157e-05
AV.DEER..BH,2021-07-29T16:00:00.000,850087,2021-07-29T20:43:21.740,0.321,S,2021-07-29T16-00-00.mseed,2.5481463126197923e-06,2.5481463126197923e-06
AV.DEER..BH,2021-07-29T16:00:00.000,956465,2021-07-29T21:18:49.300,0.727,S,2021-07-29T16-00-00.mseed,2.267827767354902e-06,2.267827767354902e-06
AV.DEER..BH,2021-07-29T16:00:00.000,958158,2021-07-29T21:19:23.160,0.58,S,2021-07-29T16-00-00.mseed,2.3246577711688587e-06,2.3246577711688587e-06
AV.DEER..BH,2021-07-29T16:00:00.000,1022376,2021-07-29T21:40:47.520,0.499,S,2021-07-29T16-00-00.mseed,3.162476059515029e-05,3.162476059515029e-05
AV.DEER..BH,2021-07-29T16:00:00.000,1139952,2021-07-29T22:19:59.040,0.308,S,2021-07-29T16-00-00.mseed,4.341134990681894e-05,4.341134990681894e-05
AV.DEER..BH,2021-07-29T16:00:00.000,1250997,2021-07-29T22:56:59.940,0.739,S,2021-07-29T16-00-00.mseed,2.0334844066383084e-06,2.0334844066383084e-06
AV.DEER..BH,2021-07-29T16:00:00.000,1253112,2021-07-29T22:57:42.240,0.451,S,2021-07-29T16-00-00.mseed,7.483344688807847e-06,7.483344688807847e-06
AV.DEER..BH,2021-07-29T16:00:00.000,1378768,2021-07-29T23:39:35.360,0.313,S,2021-07-29T16-00-00.mseed,8.686313776706811e-06,8.686313776706811e-06
AV.DEER..BH,2021-07-29T16:00:00.000,1379296,2021-07-29T23:39:45.920,0.383,S,2021-07-29T16-00-00.mseed,1.3294003110786434e-05,1.3294003110786434e-05
AV.DOL..BH,2021-07-29T16:00:00.000,1531,2021-07-29T16:00:30.620,0.884,P,2021-07-29T16-00-00.mseed,1.632972271181643e-06,1.632972271181643e-06
AV.DOL..BH,2021-07-29T16:00:00.000,26708,2021-07-29T16:08:54.160,0.522,P,2021-07-29T16-00-00.mseed,1.3906826552556595e-06,1.3906826552556595e-06
AV.DOL..BH,2021-07-29T16:00:00.000,29693,2021-07-29T16:09:53.860,0.932,P,2021-07-29T16-00-00.mseed,7.004210783634335e-05,7.004210783634335e-05
AV.DOL..BH,2021-07-29T16:00:00.000,31399,2021-07-29T16:10:27.980,0.45,P,2021-07-29T16-00-00.mseed,0.000176090223249048,0.000176090223249048
AV.DOL..BH,2021-07-29T16:00:00.000,92932,2021-07-29T16:30:58.640,0.4,P,2021-07-29T16-00-00.mseed,2.2205279037734726e-06,2.2205279037734726e-06
AV.DOL..BH,2021-07-29T16:00:00.000,116024,2021-07-29T16:38:40.480,0.81,P,2021-07-29T16-00-00.mseed,2.007573584705824e-06,2.007573584705824e-06
AV.DOL..BH,2021-07-29T16:00:00.000,181635,2021-07-29T17:00:32.700,0.777,P,2021-07-29T16-00-00.mseed,4.187155354884453e-06,4.187155354884453e-06
AV.DOL..BH,2021-07-29T16:00:00.000,192415,2021-07-29T17:04:08.300,0.76,P,2021-07-29T16-00-00.mseed,1.3033121604166809e-06,1.3033121604166809e-06
AV.DOL..BH,2021-07-29T16:00:00.000,193586,2021-07-29T17:04:31.720,0.399,P,2021-07-29T16-00-00.mseed,2.9530044685088797e-06,2.9530044685088797e-06
AV.DOL..BH,2021-07-29T16:00:00.000,224962,2021-07-29T17:14:59.240,0.823,P,2021-07-29T16-00-00.mseed,1.1539162869667052e-06,1.1539162869667052e-06
AV.DOL..BH,2021-07-29T16:00:00.000,249330,2021-07-29T17:23:06.600,0.548,P,2021-07-29T16-00-00.mseed,2.0145207599853165e-06,2.0145207599853165e-06
AV.DOL..BH,2021-07-29T16:00:00.000,266064,2021-07-29T17:28:41.280,0.792,P,2021-07-29T16-00-00.mseed,5.620738193101715e-06,5.620738193101715e-06
AV.DOL..BH,2021-07-29T16:00:00.000,279827,2021-07-29T17:33:16.540,0.796,P,2021-07-29T16-00-00.mseed,1.4601616840081988e-06,1.4601616840081988e-06
AV.DOL..BH,2021-07-29T16:00:00.000,283050,2021-07-29T17:34:21.000,0.473,P,2021-07-29T16-00-00.mseed,3.7202432849881006e-06,3.7202432849881006e-06
AV.DOL..BH,2021-07-29T16:00:00.000,300163,2021-07-29T17:40:03.260,0.391,P,2021-07-29T16-00-00.mseed,1.7355497448079404e-06,1.7355497448079404e-06
AV.DOL..BH,2021-07-29T16:00:00.000,337167,2021-07-29T17:52:23.340,0.726,P,2021-07-29T16-00-00.mseed,2.2805891148891533e-06,2.2805891148891533e-06
AV.DOL..BH,2021-07-29T16:00:00.000,404166,2021-07-29T18:14:43.320,0.74,P,2021-07-29T16-00-00.mseed,2.2764570530853234e-06,2.2764570530853234e-06
AV.DOL..BH,2021-07-29T16:00:00.000,475182,2021-07-29T18:38:23.640,0.772,P,2021-07-29T16-00-00.mseed,2.904537268477725e-06,2.904537268477725e-06
AV.DOL..BH,2021-07-29T16:00:00.000,476512,2021-07-29T18:38:50.240,0.44,P,2021-07-29T16-00-00.mseed,5.868485004612012e-06,5.868485004612012e-06
AV.DOL..BH,2021-07-29T16:00:00.000,501075,2021-07-29T18:47:01.500,0.625,P,2021-07-29T16-00-00.mseed,1.5503510439884849e-06,1.5503510439884849e-06
AV.DOL..BH,2021-07-29T16:00:00.000,521345,2021-07-29T18:53:46.900,0.917,P,2021-07-29T16-00-00.mseed,1.2897660326416371e-06,1.2897660326416371e-06
AV.DOL..BH,2021-07-29T16:00:00.000,576763,2021-07-29T19:12:15.260,0.544,P,2021-07-29T16-00-00.mseed,8.695596989127807e-07,8.695596989127807e-07
AV.DOL..BH,2021-07-29T16:00:00.000,576801,2021-07-29T19:12:16.020,0.434,P,2021-07-29T16-00-00.mseed,9.345121725345962e-06,9.345121725345962e-06
AV.DOL..BH,2021-07-29T16:00:00.000,640398,2021-07-29T19:33:27.960,0.393,P,2021-07-29T16-00-00.mseed,1.3200411785874167e-06,1.3200411785874167e-06
AV.DOL..BH,2021-07-29T16:00:00.000,701107,2021-07-29T19:53:42.140,0.92,P,2021-07-29T16-00-00.mseed,2.203721578553086e-06,2.203721578553086e-06
AV.DOL..BH,2021-07-29T16:00:00.000,767682,2021-07-29T20:15:53.640,0.374,P,2021-07-29T16-00-00.mseed,1.1135432487208163e-06,1.1135432487208163e-06
AV.DOL..BH,2021-07-29T16:00:00.000,785831,2021-07-29T20:21:56.620,0.582,P,2021-07-29T16-00-00.mseed,2.0267461877665482e-06,2.0267461877665482e-06
AV.DOL..BH,2021-07-29T16:00:00.000,791163,2021-07-29T20:23:43.260,0.719,P,2021-07-29T16-00-00.mseed,2.478951500961557e-06,2.478951500961557e-06
AV.DOL..BH,2021-07-29T16:00:00.000,797566,2021-07-29T20:25:51.320,0.868,P,2021-07-29T16-00-00.mseed,1.6223965531025897e-06,1.6223965531025897e-06
AV.DOL..BH,2021-07-29T16:00:00.000,799286,2021-07-29T20:26:25.720,0.379,P,2021-07-29T16-00-00.mseed,3.6965266190236434e-06,3.6965266190236434e-06
AV.DOL..BH,2021-07-29T16:00:00.000,813842,2021-07-29T20:31:16.840,0.953,P,2021-07-29T16-00-00.mseed,2.4994051273097284e-05,2.4994051273097284e-05
AV.DOL..BH,2021-07-29T16:00:00.000,820362,2021-07-29T20:33:27.240,0.922,P,2021-07-29T16-00-00.mseed,9.830249473452568e-05,9.830249473452568e-05
AV.DOL..BH,2021-07-29T16:00:00.000,847948,2021-07-29T20:42:38.960,0.569,P,2021-07-29T16-00-00.mseed,3.941571321774973e-06,3.941571321774973e-06
AV.DOL..BH,2021-07-29T16:00:00.000,890006,2021-07-29T20:56:40.120,0.814,P,2021-07-29T16-00-00.mseed,1.2399571005516918e-06,1.2399571005516918e-06
AV.DOL..BH,2021-07-29T16:00:00.000,891207,2021-07-29T20:57:04.140,0.34,P,2021-07-29T16-00-00.mseed,2.1172761535126483e-06,2.1172761535126483e-06
AV.DOL..BH,2021-07-29T16:00:00.000,902018,2021-07-29T21:00:40.360,0.333,P,2021-07-29T16-00-00.mseed,6.663029489573091e-05,6.663029489573091e-05
AV.DOL..BH,2021-07-29T16:00:00.000,955791,2021-07-29T21:18:35.820,0.932,P,2021-07-29T16-00-00.mseed,5.561684247368248e-06,5.561684247368248e-06
AV.DOL..BH,2021-07-29T16:00:00.000,1019869,2021-07-29T21:39:57.380,0.918,P,2021-07-29T16-00-00.mseed,2.7098703867523e-05,2.7098703867523e-05
AV.DOL..BH,2021-07-29T16:00:00.000,1076566,2021-07-29T21:58:51.320,0.542,P,2021-07-29T16-00-00.mseed,1.1976528639934259e-06,1.1976528639934259e-06
AV.DOL..BH,2021-07-29T16:00:00.000,1087594,2021-07-29T22:02:31.880,0.827,P,2021-07-29T16-00-00.mseed,1.3059479897492565e-06,1.3059479897492565e-06
AV.DOL..BH,2021-07-29T16:00:00.000,1137503,2021-07-29T22:19:10.060,0.849,P,2021-07-29T16-00-00.mseed,2.286546805407852e-05,2.286546805407852e-05
AV.DOL..BH,2021-07-29T16:00:00.000,1157867,2021-07-29T22:25:57.340,0.601,P,2021-07-29T16-00-00.mseed,1.7851415350378375e-06,1.7851415350378375e-06
AV.DOL..BH,2021-07-29T16:00:00.000,1250330,2021-07-29T22:56:46.600,0.899,P,2021-07-29T16-00-00.mseed,4.48635000793729e-06,4.48635000793729e-06
AV.DOL..BH,2021-07-29T16:00:00.000,1376850,2021-07-29T23:38:57.000,0.958,P,2021-07-29T16-00-00.mseed,6.260092959564645e-06,6.260092959564645e-06
AV.DOL..BH,2021-07-29T16:00:00.000,1383643,2021-07-29T23:41:12.860,0.595,P,2021-07-29T16-00-00.mseed,1.996368837353657e-06,1.996368837353657e-06
AV.DOL..BH,2021-07-29T16:00:00.000,1426427,2021-07-29T23:55:28.540,0.352,P,2021-07-29T16-00-00.mseed,1.970463245015708e-06,1.970463245015708e-06
AV.DOL..BH,2021-07-29T16:00:00.000,2816,2021-07-29T16:00:56.320,0.744,S,2021-07-29T16-00-00.mseed,4.4682033149001654e-06,4.4682033149001654e-06
AV.DOL..BH,2021-07-29T16:00:00.000,3244,2021-07-29T16:01:04.880,0.313,S,2021-07-29T16-00-00.mseed,5.326504378899699e-06,5.326504378899699e-06
AV.DOL..BH,2021-07-29T16:00:00.000,116491,2021-07-29T16:38:49.820,0.585,S,2021-07-29T16-00-00.mseed,2.564457645348739e-06,2.564457645348739e-06
AV.DOL..BH,2021-07-29T16:00:00.000,117708,2021-07-29T16:39:14.160,0.416,S,2021-07-29T16-00-00.mseed,6.03044509261963e-06,6.03044509261963e-06
AV.DOL..BH,2021-07-29T16:00:00.000,183302,2021-07-29T17:01:06.040,0.485,S,2021-07-29T16-00-00.mseed,1.4528261999657843e-05,1.4528261999657843e-05
AV.DOL..BH,2021-07-29T16:00:00.000,193784,2021-07-29T17:04:35.680,0.523,S,2021-07-29T16-00-00.mseed,3.074371988986968e-06,3.074371988986968e-06
AV.DOL..BH,2021-07-29T16:00:00.000,206810,2021-07-29T17:08:56.200,0.343,S,2021-07-29T16-00-00.mseed,3.7325191897252807e-06,3.7325191897252807e-06
AV.DOL..BH,2021-07-29T16:00:00.000,250552,2021-07-29T17:23:31.040,0.707,S,2021-07-29T16-00-00.mseed,6.998131084401393e-06,6.998131084401393e-06
AV.DOL..BH,2021-07-29T16:00:00.000,268228,2021-07-29T17:29:24.560,0.358,S,2021-07-29T16-00-00.mseed,2.4942106392700225e-05,2.4942106392700225e-05
AV.DOL..BH,2021-07-29T16:00:00.000,281216,2021-07-29T17:33:44.320,0.582,S,2021-07-29T16-00-00.mseed,4.010768407169962e-06,4.010768407169962e-06
AV.DOL..BH,2021-07-29T16:00:00.000,284274,2021-07-29T17:34:45.480,0.55,S,2021-07-29T16-00-00.mseed,8.129578418447636e-06,8.129578418447636e-06
AV.DOL..BH,2021-07-29T16:00:00.000,300594,2021-07-29T17:40:11.880,0.342,S,2021-07-29T16-00-00.mseed,1.7355497448079404e-06,1.7355497448079404e-06
AV.DOL..BH,2021-07-29T16:00:00.000,338808,2021-07-29T17:52:56.160,0.56,S,2021-07-29T16-00-00.mseed,4.30023237640853e-06,4.30023237640853e-06
AV.DOL..BH,2021-07-29T16:00:00.000,405472,2021-07-29T18:15:09.440,0.646,S,2021-07-29T16-00-00.mseed,9.016272997541819e-06,9.016272997541819e-06
AV.DOL..BH,2021-07-29T16:00:00.000,415146,2021-07-29T18:18:22.920,0.353,S,2021-07-29T16-00-00.mseed,3.2257510156341596e-06,3.2257510156341596e-06
AV.DOL..BH,2021-07-29T16:00:00.000,476534,2021-07-29T18:38:50.680,0.318,S,2021-07-29T16-00-00.mseed,5.868485004612012e-06,5.868485004612012e-06
AV.DOL..BH,2021-07-29T16:00:00.000,503398,2021-07-29T18:47:47.960,0.334,S,2021-07-29T16-00-00.mseed,5.536993285204517e-06,5.536993285204517e-06
AV.DOL..BH,2021-07-29T16:00:00.000,522577,2021-07-29T18:54:11.540,0.91,S,2021-07-29T16-00-00.mseed,4.10860457122908e-06,4.10860457122908e-06
AV.DOL..BH,2021-07-29T16:00:00.000,641595,2021-07-29T19:33:51.900,0.388,S,2021-07-29T16-00-00.mseed,2.2979586447036127e-06,2.2979586447036127e-06
AV.DOL..BH,2021-07-29T16:00:00.000,701574,2021-07-29T19:53:51.480,0.323,S,2021-07-29T16-00-00.mseed,2.4404071155004203e-06,2.4404071155004203e-06
AV.DOL..BH,2021-07-29T16:00:00.000,756206,2021-07-29T20:12:04.120,0.322,S,2021-07-29T16-00-00.mseed,1.8347541299590375e-06,1.8347541299590375e-06
AV.DOL..BH,2021-07-29T16:00:00.000,768969,2021-07-29T20:16:19.380,0.377,S,2021-07-29T16-00-00.mseed,1.536874037810776e-06,1.536874037810776e-06
AV.DOL..BH,2021-07-29T16:00:00.000,792996,2021-07-29T20:24:19.920,0.349,S,2021-07-29T16-00-00.mseed,1.3443815987557173e-05,1.3443815987557173e-05
AV.DOL..BH,2021-07-29T16:00:00.000,797991,2021-07-29T20:25:59.820,0.488,S,2021-07-29T16-00-00.mseed,1.6223965531025897e-06,1.6223965531025897e-06
AV.DOL..BH,2021-07-29T16:00:00.000,799750,2021-07-29T20:26:35.000,0.379,S,2021-07-29T16-00-00.mseed,4.4142434489913285e-06,4.4142434489913285e-06
AV.DOL..BH,2021-07-29T16:00:00.000,822539,2021-07-29T20:34:10.780,0.333,S,2021-07-29T16-00-00.mseed,0.0007890437846072018,0.0007890437846072018
AV.DOL..BH,2021-07-29T16:00:00.000,849295,2021-07-29T20:43:05.900,0.738,S,2021-07-29T16-00-00.mseed,8.425183295912575e-06,8.425183295912575e-06
AV.DOL..BH,2021-07-29T16:00:00.000,891752,2021-07-29T20:57:15.040,0.553,S,2021-07-29T16-00-00.mseed,1.8227933651360217e-06,1.8227933651360217e-06
AV.DOL..BH,2021-07-29T16:00:00.000,903488,2021-07-29T21:01:09.760,0.61,S,2021-07-29T16-00-00.mseed,0.0004675467498600483,0.0004675467498600483
AV.DOL..BH,2021-07-29T16:00:00.000,1021996,2021-07-29T21:40:39.920,0.441,S,2021-07-29T16-00-00.mseed,8.56842816574499e-05,8.56842816574499e-05
AV.DOL..BH,2021-07-29T16:00:00.000,1078441,2021-07-29T21:59:28.820,0.377,S,2021-07-29T16-00-00.mseed,2.6977322704624385e-06,2.6977322704624385e-06
AV.DOL..BH,2021-07-29T16:00:00.000,1139568,2021-07-29T22:19:51.360,0.394,S,2021-07-29T16-00-00.mseed,0.000203314921236597,0.000203314921236597
AV.DOL..BH,2021-07-29T16:00:00.000,1159467,2021-07-29T22:26:29.340,0.538,S,2021-07-29T16-00-00.mseed,2.9056955099804327e-06,2.9056955099804327e-06
AV.DOL..BH,2021-07-29T16:00:00.000,1250843,2021-07-29T22:56:56.860,0.465,S,2021-07-29T16-00-00.mseed,4.5744613998977e-06,4.5744613998977e-06
AV.DOL..BH,2021-07-29T16:00:00.000,1252651,2021-07-29T22:57:33.020,0.57,S,2021-07-29T16-00-00.mseed,1.8983642803505063e-05,1.8983642803505063e-05
AV.DOL..BH,2021-07-29T16:00:00.000,1378948,2021-07-29T23:39:38.960,0.438,S,2021-07-29T16-00-00.mseed,4.5007633161731064e-05,4.5007633161731064e-05
AV.DOL..BH,2021-07-29T16:00:00.000,1384277,2021-07-29T23:41:25.540,0.596,S,2021-07-29T16-00-00.mseed,2.981164698212524e-06,2.981164698212524e-06
AV.DT1..BH,2021-07-29T16:00:00.000,26882,2021-07-29T16:08:57.640,0.787,P,2021-07-29T16-00-00.mseed,1.6324423768310226e-06,1.6324423768310226e-06
AV.DT1..BH,2021-07-29T16:00:00.000,29859,2021-07-29T16:09:57.180,0.942,P,2021-07-29T16-00-00.mseed,3.4939032047986984e-05,3.4939032047986984e-05
AV.DT1..BH,2021-07-29T16:00:00.000,33836,2021-07-29T16:11:16.720,0.441,P,2021-07-29T16-00-00.mseed,3.937614383175969e-05,3.937614383175969e-05
AV.DT1..BH,2021-07-29T16:00:00.000,116167,2021-07-29T16:38:43.340,0.702,P,2021-07-29T16-00-00.mseed,1.4484184021057445e-06,1.4484184021057445e-06
AV.DT1..BH,2021-07-29T16:00:00.000,125012,2021-07-29T16:41:40.240,0.32,P,2021-07-29T16-00-00.mseed,8.214425406549708e-07,8.214425406549708e-07
AV.DT1..BH,2021-07-29T16:00:00.000,181810,2021-07-29T17:00:36.200,0.702,P,2021-07-29T16-00-00.mseed,1.895777586469194e-06,1.895777586469194e-06
AV.DT1..BH,2021-07-29T16:00:00.000,205074,2021-07-29T17:08:21.480,0.759,P,2021-07-29T16-00-00.mseed,1.1140655260533094e-06,1.1140655260533094e-06
AV.DT1..BH,2021-07-29T16:00:00.000,249506,2021-07-29T17:23:10.120,0.619,P,2021-07-29T16-00-00.mseed,1.3985805935590179e-06,1.3985805935590179e-06
AV.DT1..BH,2021-07-29T16:00:00.000,267852,2021-07-29T17:29:17.040,0.559,P,2021-07-29T16-00-00.mseed,6.0483171182568185e-06,6.0483171182568185e-06
AV.DT1..BH,2021-07-29T16:00:00.000,280018,2021-07-29T17:33:20.360,0.74,P,2021-07-29T16-00-00.mseed,1.0053935284304316e-06,1.0053935284304316e-06
AV.DT1..BH,2021-07-29T16:00:00.000,281488,2021-07-29T17:33:49.760,0.38,P,2021-07-29T16-00-00.mseed,1.3535984635382192e-06,1.3535984635382192e-06
AV.DT1..BH,2021-07-29T16:00:00.000,283252,2021-07-29T17:34:25.040,0.662,P,2021-07-29T16-00-00.mseed,1.4559155943061342e-06,1.4559155943061342e-06
AV.DT1..BH,2021-07-29T16:00:00.000,337334,2021-07-29T17:52:26.680,0.816,P,2021-07-29T16-00-00.mseed,1.7241452496818965e-06,1.7241452496818965e-06
AV.DT1..BH,2021-07-29T16:00:00.000,339071,2021-07-29T17:53:01.420,0.429,P,2021-07-29T16-00-00.mseed,2.123015292454511e-06,2.123015292454511e-06
AV.DT1..BH,2021-07-29T16:00:00.000,405727,2021-07-29T18:15:14.540,0.488,P,2021-07-29T16-00-00.mseed,3.2289608498103917e-06,3.2289608498103917e-06
AV.DT1..BH,2021-07-29T16:00:00.000,503138,2021-07-29T18:47:42.760,0.705,P,2021-07-29T16-00-00.mseed,1.5182066590568866e-06,1.5182066590568866e-06
AV.DT1..BH,2021-07-29T16:00:00.000,521331,2021-07-29T18:53:46.620,0.47,P,2021-07-29T16-00-00.mseed,1.2871465742136934e-06,1.2871465742136934e-06
AV.DT1..BH,2021-07-29T16:00:00.000,576934,2021-07-29T19:12:18.680,0.58,P,2021-07-29T16-00-00.mseed,9.72518250819121e-07,9.72518250819121e-07
AV.DT1..BH,2021-07-29T16:00:00.000,576969,2021-07-29T19:12:19.380,0.848,P,2021-07-29T16-00-00.mseed,4.947226443619002e-06,4.947226443619002e-06
AV.DT1..BH,2021-07-29T16:00:00.000,585751,2021-07-29T19:15:15.020,0.367,P,2021-07-29T16-00-00.mseed,1.957303084054729e-06,1.957303084054729e-06
AV.DT1..BH,2021-07-29T16:00:00.000,632338,2021-07-29T19:30:46.760,0.753,P,2021-07-29T16-00-00.mseed,1.560525447530381e-06,1.560525447530381e-06
AV.DT1..BH,2021-07-29T16:00:00.000,701283,2021-07-29T19:53:45.660,0.886,P,2021-07-29T16-00-00.mseed,2.7716191652871203e-06,2.7716191652871203e-06
AV.DT1..BH,2021-07-29T16:00:00.000,785994,2021-07-29T20:21:59.880,0.352,P,2021-07-29T16-00-00.mseed,1.535821184006636e-06,1.535821184006636e-06
AV.DT1..BH,2021-07-29T16:00:00.000,791340,2021-07-29T20:23:46.800,0.597,P,2021-07-29T16-00-00.mseed,1.9535395949787926e-06,1.9535395949787926e-06
AV.DT1..BH,2021-07-29T16:00:00.000,797739,2021-07-29T20:25:54.780,0.468,P,2021-07-29T16-00-00.mseed,1.39131384457869e-06,1.39131384457869e-06
AV.DT1..BH,2021-07-29T16:00:00.000,814007,2021-07-29T20:31:20.140,0.91,P,2021-07-29T16-00-00.mseed,1.226079803018365e-05,1.226079803018365e-05
AV.DT1..BH,2021-07-29T16:00:00.000,820530,2021-07-29T20:33:30.600,0.949,P,2021-07-29T16-00-00.mseed,5.936895468039438e-05,5.936895468039438e-05
AV.DT1..BH,2021-07-29T16:00:00.000,848103,2021-07-29T20:42:42.060,0.726,P,2021-07-29T16-00-00.mseed,2.320942257938441e-06,2.320942257938441e-06
AV.DT1..BH,2021-07-29T16:00:00.000,902198,2021-07-29T21:00:43.960,0.534,P,2021-07-29T16-00-00.mseed,3.5196415410609916e-05,3.5196415410609916e-05
AV.DT1..BH,2021-07-29T16:00:00.000,955961,2021-07-29T21:18:39.220,0.918,P,2021-07-29T16-00-00.mseed,3.677336962937261e-06,3.677336962937261e-06
AV.DT1..BH,2021-07-29T16:00:00.000,1020034,2021-07-29T21:40:00.680,0.922,P,2021-07-29T16-00-00.mseed,1.3125492841936648e-05,1.3125492841936648e-05
AV.DT1..BH,2021-07-29T16:00:00.000,1078483,2021-07-29T21:59:29.660,0.427,P,2021-07-29T16-00-00.mseed,1.4329500572785037e-06,1.4329500572785037e-06
AV.DT1..BH,2021-07-29T16:00:00.000,1087762,2021-07-29T22:02:35.240,0.596,P,2021-07-29T16-00-00.mseed,1.0313722214050358e-06,1.0313722214050358e-06
AV.DT1..BH,2021-07-29T16:00:00.000,1137667,2021-07-29T22:19:13.340,0.95,P,2021-07-29T16-00-00.mseed,1.0247410500596743e-05,1.0247410500596743e-05
AV.DT1..BH,2021-07-29T16:00:00.000,1250499,2021-07-29T22:56:49.980,0.919,P,2021-07-29T16-00-00.mseed,2.9994930628163274e-06,2.9994930628163274e-06
AV.DT1..BH,2021-07-29T16:00:00.000,1279775,2021-07-29T23:06:35.500,0.909,P,2021-07-29T16-00-00.mseed,1.691917645985086e-06,1.691917645985086e-06
AV.DT1..BH,2021-07-29T16:00:00.000,1377019,2021-07-29T23:39:00.380,0.928,P,2021-07-29T16-00-00.mseed,4.133417405682849e-06,4.133417405682849e-06
AV.DT1..BH,2021-07-29T16:00:00.000,3096,2021-07-29T16:01:01.920,0.503,S,2021-07-29T16-00-00.mseed,1.7614345324545866e-06,1.7614345324545866e-06
AV.DT1..BH,2021-07-29T16:00:00.000,27416,2021-07-29T16:09:08.320,0.799,S,2021-07-29T16-00-00.mseed,1.006898287414515e-06,1.006898287414515e-06
AV.DT1..BH,2021-07-29T16:00:00.000,30286,2021-07-29T16:10:05.720,0.61,S,2021-07-29T16-00-00.mseed,3.52290844602976e-05,3.52290844602976e-05
AV.DT1..BH,2021-07-29T16:00:00.000,181982,2021-07-29T17:00:39.640,0.347,S,2021-07-29T16-00-00.mseed,1.895777586469194e-06,1.895777586469194e-06
AV.DT1..BH,2021-07-29T16:00:00.000,183753,2021-07-29T17:01:15.060,0.549,S,2021-07-29T16-00-00.mseed,5.1909628382418305e-06,5.1909628382418305e-06
AV.DT1..BH,2021-07-29T16:00:00.000,250808,2021-07-29T17:23:36.160,0.355,S,2021-07-29T16-00-00.mseed,2.136720468115527e-06,2.136720468115527e-06
AV.DT1..BH,2021-07-29T16:00:00.000,265305,2021-07-29T17:28:26.100,0.443,S,2021-07-29T16-00-00.mseed,1.1264021395618329e-06,1.1264021395618329e-06
AV.DT1..BH,2021-07-29T16:00:00.000,268460,2021-07-29T17:29:29.200,0.461,S,2021-07-29T16-00-00.mseed,9.8657237685984e-06,9.8657237685984e-06
AV.DT1..BH,2021-07-29T16:00:00.000,284732,2021-07-29T17:34:54.640,0.325,S,2021-07-29T16-00-00.mseed,3.144461288684397e-06,3.144461288684397e-06
AV.DT1..BH,2021-07-29T16:00:00.000,339130,2021-07-29T17:53:02.600,0.303,S,2021-07-29T16-00-00.mseed,2.123015292454511e-06,2.123015292454511e-06
AV.DT1..BH,2021-07-29T16:00:00.000,405984,2021-07-29T18:15:19.680,0.466,S,2021-07-29T16-00-00.mseed,3.2289608498103917e-06,3.2289608498103917e-06
AV.DT1..BH,2021-07-29T16:00:00.000,476775,2021-07-29T18:38:55.500,0.639,S,2021-07-29T16-00-00.mseed,5.336881713446928e-06,5.336881713446928e-06
AV.DT1..BH,2021-07-29T16:00:00.000,522569,2021-07-29T18:54:11.380,0.887,S,2021-07-29T16-00-00.mseed,2.978557631649892e-06,2.978557631649892e-06
AV.DT1..BH,2021-07-29T16:00:00.000,586102,2021-07-29T19:15:22.040,0.329,S,2021-07-29T16-00-00.mseed,1.4450745311478386e-06,1.4450745311478386e-06
AV.DT1..BH,2021-07-29T16:00:00.000,586140,2021-07-29T19:15:22.800,0.311,S,2021-07-29T16-00-00.mseed,1.957303084054729e-06,1.957303084054729e-06
AV.DT1..BH,2021-07-29T16:00:00.000,632848,2021-07-29T19:30:56.960,0.506,S,2021-07-29T16-00-00.mseed,1.3232895526016364e-06,1.3232895526016364e-06
AV.DT1..BH,2021-07-29T16:00:00.000,701819,2021-07-29T19:53:56.380,0.787,S,2021-07-29T16-00-00.mseed,1.2771415640600026e-06,1.2771415640600026e-06
AV.DT1..BH,2021-07-29T16:00:00.000,793056,2021-07-29T20:24:21.120,0.331,S,2021-07-29T16-00-00.mseed,3.1517311072093435e-06,3.1517311072093435e-06
AV.DT1..BH,2021-07-29T16:00:00.000,798146,2021-07-29T20:26:02.920,0.302,S,2021-07-29T16-00-00.mseed,1.2495177088567289e-06,1.2495177088567289e-06
AV.DT1..BH,2021-07-29T16:00:00.000,814448,2021-07-29T20:31:28.960,0.449,S,2021-07-29T16-00-00.mseed,1.5162513591349125e-05,1.5162513591349125e-05
AV.DT1..BH,2021-07-29T16:00:00.000,820987,2021-07-29T20:33:39.740,0.65,S,2021-07-29T16-00-00.mseed,5.936895468039438e-05,5.936895468039438e-05
AV.DT1..BH,2021-07-29T16:00:00.000,822904,2021-07-29T20:34:18.080,0.399,S,2021-07-29T16-00-00.mseed,0.00023282963957171887,0.00023282963957171887
AV.DT1..BH,2021-07-29T16:00:00.000,849592,2021-07-29T20:43:11.840,0.322,S,2021-07-29T16-00-00.mseed,3.4334391330048675e-06,3.4334391330048675e-06
AV.DT1..BH,2021-07-29T16:00:00.000,903762,2021-07-29T21:01:15.240,0.304,S,2021-07-29T16-00-00.mseed,0.00015839564730413258,0.00015839564730413258
AV.DT1..BH,2021-07-29T16:00:00.000,928518,2021-07-29T21:09:30.360,0.344,S,2021-07-29T16-00-00.mseed,2.195627530454658e-06,2.195627530454658e-06
AV.DT1..BH,2021-07-29T16:00:00.000,956497,2021-07-29T21:18:49.940,0.775,S,2021-07-29T16-00-00.mseed,2.7273856630927185e-06,2.7273856630927185e-06
AV.DT1..BH,2021-07-29T16:00:00.000,958176,2021-07-29T21:19:23.520,0.391,S,2021-07-29T16-00-00.mseed,3.4132654036511667e-06,3.4132654036511667e-06
AV.DT1..BH,2021-07-29T16:00:00.000,1022352,2021-07-29T21:40:47.040,0.313,S,2021-07-29T16-00-00.mseed,3.074959386140108e-05,3.074959386140108e-05
AV.DT1..BH,2021-07-29T16:00:00.000,1088295,2021-07-29T22:02:45.900,0.439,S,2021-07-29T16-00-00.mseed,1.1742821470761555e-06,1.1742821470761555e-06
AV.DT1..BH,2021-07-29T16:00:00.000,1251032,2021-07-29T22:57:00.640,0.684,S,2021-07-29T16-00-00.mseed,2.911556066464982e-06,2.911556066464982e-06
AV.DT1..BH,2021-07-29T16:00:00.000,1280223,2021-07-29T23:06:44.460,0.79,S,2021-07-29T16-00-00.mseed,1.691917645985086e-06,1.691917645985086e-06
AV.DT1..BH,2021-07-29T16:00:00.000,1377536,2021-07-29T23:39:10.720,0.565,S,2021-07-29T16-00-00.mseed,5.1294532568135764e-06,5.1294532568135764e-06
AV.DTN..BH,2021-07-29T16:00:00.000,1694,2021-07-29T16:00:33.880,0.417,P,2021-07-29T16-00-00.mseed,1.8736969877863885e-06,1.8736969877863885e-06
AV.DTN..BH,2021-07-29T16:00:00.000,26870,2021-07-29T16:08:57.400,0.496,P,2021-07-29T16-00-00.mseed,1.789697193999018e-06,1.789697193999018e-06
AV.DTN..BH,2021-07-29T16:00:00.000,29858,2021-07-29T16:09:57.160,0.919,P,2021-07-29T16-00-00.mseed,7.135747000575066e-05,7.135747000575066e-05
AV.DTN..BH,2021-07-29T16:00:00.000,81175,2021-07-29T16:27:03.500,0.395,P,2021-07-29T16-00-00.mseed,1.9280491869722027e-06,1.9280491869722027e-06
AV.DTN..BH,2021-07-29T16:00:00.000,116176,2021-07-29T16:38:43.520,0.775,P,2021-07-29T16-00-00.mseed,2.7493099423736567e-06,2.7493099423736567e-06
AV.DTN..BH,2021-07-29T16:00:00.000,145771,2021-07-29T16:48:35.420,0.844,P,2021-07-29T16-00-00.mseed,2.03007380150666e-06,2.03007380150666e-06
AV.DTN..BH,2021-07-29T16:00:00.000,181806,2021-07-29T17:00:36.120,0.904,P,2021-07-29T16-00-00.mseed,3.5276273138151737e-06,3.5276273138151737e-06
AV.DTN..BH,2021-07-29T16:00:00.000,183385,2021-07-29T17:01:07.700,0.348,P,2021-07-29T16-00-00.mseed,1.5119106137717608e-05,1.5119106137717608e-05
AV.DTN..BH,2021-07-29T16:00:00.000,192566,2021-07-29T17:04:11.320,0.507,P,2021-07-29T16-00-00.mseed,1.834712293202756e-06,1.834712293202756e-06
AV.DTN..BH,2021-07-29T16:00:00.000,205011,2021-07-29T17:08:20.220,0.529,P,2021-07-29T16-00-00.mseed,2.2314063699013786e-06,2.2314063699013786e-06
AV.DTN..BH,2021-07-29T16:00:00.000,249510,2021-07-29T17:23:10.200,0.783,P,2021-07-29T16-00-00.mseed,1.884395942397532e-06,1.884395942397532e-06
AV.DTN..BH,2021-07-29T16:00:00.000,266060,2021-07-29T17:28:41.200,0.441,P,2021-07-29T16-00-00.mseed,4.236779204802588e-06,4.236779204802588e-06
AV.DTN..BH,2021-07-29T16:00:00.000,280002,2021-07-29T17:33:20.040,0.897,P,2021-07-29T16-00-00.mseed,2.3725590381218353e-06,2.3725590381218353e-06
AV.DTN..BH,2021-07-29T16:00:00.000,283218,2021-07-29T17:34:24.360,0.364,P,2021-07-29T16-00-00.mseed,2.5877232019411167e-06,2.5877232019411167e-06
AV.DTN..BH,2021-07-29T16:00:00.000,337326,2021-07-29T17:52:26.520,0.781,P,2021-07-29T16-00-00.mseed,2.314426865268615e-06,2.314426865268615e-06
AV.DTN..BH,2021-07-29T16:00:00.000,404322,2021-07-29T18:14:46.440,0.801,P,2021-07-29T16-00-00.mseed,2.6927368708129507e-06,2.6927368708129507e-06
AV.DTN..BH,2021-07-29T16:00:00.000,413695,2021-07-29T18:17:53.900,0.717,P,2021-07-29T16-00-00.mseed,1.8268437997903675e-06,1.8268437997903675e-06
AV.DTN..BH,2021-07-29T16:00:00.000,475346,2021-07-29T18:38:26.920,0.606,P,2021-07-29T16-00-00.mseed,2.4026460323511856e-06,2.4026460323511856e-06
AV.DTN..BH,2021-07-29T16:00:00.000,522638,2021-07-29T18:54:12.760,0.326,P,2021-07-29T16-00-00.mseed,3.161954737151973e-06,3.161954737151973e-06
AV.DTN..BH,2021-07-29T16:00:00.000,576930,2021-07-29T19:12:18.600,0.811,P,2021-07-29T16-00-00.mseed,1.0922390174528118e-05,1.0922390174528118e-05
AV.DTN..BH,2021-07-29T16:00:00.000,583904,2021-07-29T19:14:38.080,0.54,P,2021-07-29T16-00-00.mseed,4.8872234401642345e-06,4.8872234401642345e-06
AV.DTN..BH,2021-07-29T16:00:00.000,632230,2021-07-29T19:30:44.600,0.622,P,2021-07-29T16-00-00.mseed,1.9640749542304548e-06,1.9640749542304548e-06
AV.DTN..BH,2021-07-29T16:00:00.000,701275,2021-07-29T19:53:45.500,0.86,P,2021-07-29T16-00-00.mseed,2.810273826980847e-06,2.810273826980847e-06
AV.DTN..BH,2021-07-29T16:00:00.000,703415,2021-07-29T19:54:28.300,0.421,P,2021-07-29T16-00-00.mseed,3.6424426070880145e-06,3.6424426070880145e-06
AV.DTN..BH,2021-07-29T16:00:00.000,767910,2021-07-29T20:15:58.200,0.369,P,2021-07-29T16-00-00.mseed,1.8523668359193834e-06,1.8523668359193834e-06
AV.DTN..BH,2021-07-29T16:00:00.000,785986,2021-07-29T20:21:59.720,0.386,P,2021-07-29T16-00-00.mseed,2.513122353775543e-06,2.513122353775543e-06
AV.DTN..BH,2021-07-29T16:00:00.000,791362,2021-07-29T20:23:47.240,0.539,P,2021-07-29T16-00-00.mseed,3.189596782249282e-06,3.189596782249282e-06
AV.DTN..BH,2021-07-29T16:00:00.000,797727,2021-07-29T20:25:54.540,0.309,P,2021-07-29T16-00-00.mseed,2.6432064714754233e-06,2.6432064714754233e-06
AV.DTN..BH,2021-07-29T16:00:00.000,814018,2021-07-29T20:31:20.360,0.856,P,2021-07-29T16-00-00.mseed,2.8414378903107718e-05,2.8414378903107718e-05
AV.DTN..BH,2021-07-29T16:00:00.000,820527,2021-07-29T20:33:30.540,0.545,P,2021-07-29T16-00-00.mseed,9.444932220503688e-05,9.444932220503688e-05
AV.DTN..BH,2021-07-29T16:00:00.000,848055,2021-07-29T20:42:41.100,0.692,P,2021-07-29T16-00-00.mseed,3.861051482090261e-06,3.861051482090261e-06
AV.DTN..BH,2021-07-29T16:00:00.000,902456,2021-07-29T21:00:49.120,0.525,P,2021-07-29T16-00-00.mseed,7.135515625122935e-05,7.135515625122935e-05
AV.DTN..BH,2021-07-29T16:00:00.000,955956,2021-07-29T21:18:39.120,0.89,P,2021-07-29T16-00-00.mseed,4.730580712930532e-06,4.730580712930532e-06
AV.DTN..BH,2021-07-29T16:00:00.000,989170,2021-07-29T21:29:43.400,0.693,P,2021-07-29T16-00-00.mseed,2.6368254566477844e-06,2.6368254566477844e-06
AV.DTN..BH,2021-07-29T16:00:00.000,998226,2021-07-29T21:32:44.520,0.449,P,2021-07-29T16-00-00.mseed,2.7228529688727576e-06,2.7228529688727576e-06
AV.DTN..BH,2021-07-29T16:00:00.000,1020035,2021-07-29T21:40:00.700,0.947,P,2021-07-29T16-00-00.mseed,3.18691018037498e-05,3.18691018037498e-05
AV.DTN..BH,2021-07-29T16:00:00.000,1087783,2021-07-29T22:02:35.660,0.449,P,2021-07-29T16-00-00.mseed,2.68532903646701e-06,2.68532903646701e-06
AV.DTN..BH,2021-07-29T16:00:00.000,1137666,2021-07-29T22:19:13.320,0.872,P,2021-07-29T16-00-00.mseed,1.7273687262786552e-05,1.7273687262786552e-05
AV.DTN..BH,2021-07-29T16:00:00.000,1158012,2021-07-29T22:26:00.240,0.373,P,2021-07-29T16-00-00.mseed,2.924965201600571e-06,2.924965201600571e-06
AV.DTN..BH,2021-07-29T16:00:00.000,1160628,2021-07-29T22:26:52.560,0.569,P,2021-07-29T16-00-00.mseed,3.0164940199028933e-06,3.0164940199028933e-06
AV.DTN..BH,2021-07-29T16:00:00.000,1204283,2021-07-29T22:41:25.660,0.706,P,2021-07-29T16-00-00.mseed,2.5283723061875207e-06,2.5283723061875207e-06
AV.DTN..BH,2021-07-29T16:00:00.000,1250493,2021-07-29T22:56:49.860,0.837,P,2021-07-29T16-00-00.mseed,3.50577715835243e-06,3.50577715835243e-06
AV.DTN..BH,2021-07-29T16:00:00.000,1377015,2021-07-29T23:39:00.300,0.955,P,2021-07-29T16-00-00.mseed,6.906553153385175e-06,6.906553153385175e-06
AV.DTN..BH,2021-07-29T16:00:00.000,1383800,2021-07-29T23:41:16.000,0.365,P,2021-07-29T16-00-00.mseed,3.1468541692447616e-06,3.1468541692447616e-06
AV.DTN..BH,2021-07-29T16:00:00.000,3267,2021-07-29T16:01:05.340,0.335,S,2021-07-29T16-00-00.mseed,4.265232291800203e-06,4.265232291800203e-06
AV.DTN..BH,2021-07-29T16:00:00.000,116708,2021-07-29T16:38:54.160,0.579,S,2021-07-29T16-00-00.mseed,2.5353822366014356e-06,2.5353822366014356e-06
AV.DTN..BH,2021-07-29T16:00:00.000,207120,2021-07-29T17:09:02.400,0.511,S,2021-07-29T16-00-00.mseed,5.053915174357826e-06,5.053915174357826e-06
AV.DTN..BH,2021-07-29T16:00:00.000,226480,2021-07-29T17:15:29.600,0.377,S,2021-07-29T16-00-00.mseed,2.0798147488676477e-06,2.0798147488676477e-06
AV.DTN..BH,2021-07-29T16:00:00.000,284704,2021-07-29T17:34:54.080,0.448,S,2021-07-29T16-00-00.mseed,9.173885700874962e-06,9.173885700874962e-06
AV.DTN..BH,2021-07-29T16:00:00.000,405760,2021-07-29T18:15:15.200,0.698,S,2021-07-29T16-00-00.mseed,8.318294931086712e-06,8.318294931086712e-06
AV.DTN..BH,2021-07-29T16:00:00.000,476792,2021-07-29T18:38:55.840,0.621,S,2021-07-29T16-00-00.mseed,5.322381639416562e-06,5.322381639416562e-06
AV.DTN..BH,2021-07-29T16:00:00.000,477334,2021-07-29T18:39:06.680,0.399,S,2021-07-29T16-00-00.mseed,6.450053660955746e-06,6.450053660955746e-06
AV.DTN..BH,2021-07-29T16:00:00.000,579238,2021-07-29T19:13:04.760,0.413,S,2021-07-29T16-00-00.mseed,7.889745756983757e-05,7.889745756983757e-05
AV.DTN..BH,2021-07-29T16:00:00.000,701798,2021-07-29T19:53:55.960,0.523,S,2021-07-29T16-00-00.mseed,2.4403698262176476e-06,2.4403698262176476e-06
AV.DTN..BH,2021-07-29T16:00:00.000,701844,2021-07-29T19:53:56.880,0.385,S,2021-07-29T16-00-00.mseed,2.810273826980847e-06,2.810273826980847e-06
AV.DTN..BH,2021-07-29T16:00:00.000,792960,2021-07-29T20:24:19.200,0.45,S,2021-07-29T16-00-00.mseed,1.2155885087850038e-05,1.2155885087850038e-05
AV.DTN..BH,2021-07-29T16:00:00.000,814436,2021-07-29T20:31:28.720,0.5,S,2021-07-29T16-00-00.mseed,5.05507159687113e-05,5.05507159687113e-05
AV.DTN..BH,2021-07-29T16:00:00.000,822907,2021-07-29T20:34:18.140,0.352,S,2021-07-29T16-00-00.mseed,0.0011357817566022277,0.0011357817566022277
AV.DTN..BH,2021-07-29T16:00:00.000,903765,2021-07-29T21:01:15.300,0.383,S,2021-07-29T16-00-00.mseed,0.000428183120675385,0.000428183120675385
AV.DTN..BH,2021-07-29T16:00:00.000,956549,2021-07-29T21:18:50.980,0.459,S,2021-07-29T16-00-00.mseed,5.370369308366207e-06,5.370369308366207e-06
AV.DTN..BH,2021-07-29T16:00:00.000,958170,2021-07-29T21:19:23.400,0.334,S,2021-07-29T16-00-00.mseed,5.28248529008124e-06,5.28248529008124e-06
AV.DTN..BH,2021-07-29T16:00:00.000,1020369,2021-07-29T21:40:07.380,0.613,S,2021-07-29T16-00-00.mseed,3.18691018037498e-05,3.18691018037498e-05
AV.DTN..BH,2021-07-29T16:00:00.000,1022368,2021-07-29T21:40:47.360,0.308,S,2021-07-29T16-00-00.mseed,0.00010023844515671954,0.00010023844515671954
AV.DTN..BH,2021-07-29T16:00:00.000,1138294,2021-07-29T22:19:25.880,0.315,S,2021-07-29T16-00-00.mseed,5.0200935220345855e-05,5.0200935220345855e-05
AV.DTN..BH,2021-07-29T16:00:00.000,1139888,2021-07-29T22:19:57.760,0.5,S,2021-07-29T16-00-00.mseed,0.00019900407642126083,0.00019900407642126083
AV.DTN..BH,2021-07-29T16:00:00.000,1251094,2021-07-29T22:57:01.880,0.504,S,2021-07-29T16-00-00.mseed,6.336695605568821e-06,6.336695605568821e-06
AV.DTN..BH,2021-07-29T16:00:00.000,1377566,2021-07-29T23:39:11.320,0.445,S,2021-07-29T16-00-00.mseed,1.142687051469693e-05,1.142687051469693e-05
AV.DTN..BH,2021-07-29T16:00:00.000,1378760,2021-07-29T23:39:35.200,0.593,S,2021-07-29T16-00-00.mseed,2.537903856136836e-05,2.537903856136836e-05
AV.HAG..SH,2021-07-29T16:00:00.000,1598,2021-07-29T16:00:31.960,0.813,P,2021-07-29T16-00-00.mseed,2.179607463403954e-06,2.179607463403954e-06
AV.HAG..SH,2021-07-29T16:00:00.000,26738,2021-07-29T16:08:54.760,0.952,P,2021-07-29T16-00-00.mseed,1.1583798595893313e-06,1.1583798595893313e-06
AV.HAG..SH,2021-07-29T16:00:00.000,29735,2021-07-29T16:09:54.700,0.795,P,2021-07-29T16-00-00.mseed,4.906364483758807e-05,4.906364483758807e-05
AV.HAG..SH,2021-07-29T16:00:00.000,81123,2021-07-29T16:27:02.460,0.547,P,2021-07-29T16-00-00.mseed,6.127045253379038e-07,6.127045253379038e-07
AV.HAG..SH,2021-07-29T16:00:00.000,116038,2021-07-29T16:38:40.760,0.412,P,2021-07-29T16-00-00.mseed,4.4458684556047956e-07,4.4458684556047956e-07
AV.HAG..SH,2021-07-29T16:00:00.000,116083,2021-07-29T16:38:41.660,0.454,P,2021-07-29T16-00-00.mseed,2.494225782356807e-06,2.494225782356807e-06
AV.HAG..SH,2021-07-29T16:00:00.000,181666,2021-07-29T17:00:33.320,0.447,P,2021-07-29T16-00-00.mseed,3.4929169032693608e-06,3.4929169032693608e-06
AV.HAG..SH,2021-07-29T16:00:00.000,192454,2021-07-29T17:04:09.080,0.547,P,2021-07-29T16-00-00.mseed,1.3879146081308136e-06,1.3879146081308136e-06
AV.HAG..SH,2021-07-29T16:00:00.000,224983,2021-07-29T17:14:59.660,0.439,P,2021-07-29T16-00-00.mseed,7.515415063608089e-07,7.515415063608089e-07
AV.HAG..SH,2021-07-29T16:00:00.000,249362,2021-07-29T17:23:07.240,0.859,P,2021-07-29T16-00-00.mseed,2.072417601084453e-06,2.072417601084453e-06
AV.HAG..SH,2021-07-29T16:00:00.000,266092,2021-07-29T17:28:41.840,0.396,P,2021-07-29T16-00-00.mseed,5.564834282267839e-06,5.564834282267839e-06
AV.HAG..SH,2021-07-29T16:00:00.000,279883,2021-07-29T17:33:17.660,0.797,P,2021-07-29T16-00-00.mseed,1.174656404145935e-06,1.174656404145935e-06
AV.HAG..SH,2021-07-29T16:00:00.000,281348,2021-07-29T17:33:46.960,0.307,P,2021-07-29T16-00-00.mseed,1.4447825833485695e-06,1.4447825833485695e-06
AV.HAG..SH,2021-07-29T16:00:00.000,283105,2021-07-29T17:34:22.100,0.946,P,2021-07-29T16-00-00.mseed,2.2972692477196688e-06,2.2972692477196688e-06
AV.HAG..SH,2021-07-29T16:00:00.000,337215,2021-07-29T17:52:24.300,0.778,P,2021-07-29T16-00-00.mseed,1.3832786862622015e-06,1.3832786862622015e-06
AV.HAG..SH,2021-07-29T16:00:00.000,404228,2021-07-29T18:14:44.560,0.756,P,2021-07-29T16-00-00.mseed,2.516296717658406e-06,2.516296717658406e-06
AV.HAG..SH,2021-07-29T16:00:00.000,413615,2021-07-29T18:17:52.300,0.435,P,2021-07-29T16-00-00.mseed,1.1346565997882863e-06,1.1346565997882863e-06
AV.HAG..SH,2021-07-29T16:00:00.000,475246,2021-07-29T18:38:24.920,0.781,P,2021-07-29T16-00-00.mseed,3.950032350985566e-06,3.950032350985566e-06
AV.HAG..SH,2021-07-29T16:00:00.000,501202,2021-07-29T18:47:04.040,0.919,P,2021-07-29T16-00-00.mseed,1.4724197399118566e-06,1.4724197399118566e-06
AV.HAG..SH,2021-07-29T16:00:00.000,502895,2021-07-29T18:47:37.900,0.401,P,2021-07-29T16-00-00.mseed,1.3165370091883233e-06,1.3165370091883233e-06
AV.HAG..SH,2021-07-29T16:00:00.000,576830,2021-07-29T19:12:16.600,0.893,P,2021-07-29T16-00-00.mseed,1.4908774573996197e-05,1.4908774573996197e-05
AV.HAG..SH,2021-07-29T16:00:00.000,632252,2021-07-29T19:30:45.040,0.754,P,2021-07-29T16-00-00.mseed,1.7773024865164189e-06,1.7773024865164189e-06
AV.HAG..SH,2021-07-29T16:00:00.000,640506,2021-07-29T19:33:30.120,0.431,P,2021-07-29T16-00-00.mseed,6.904131737428543e-07,6.904131737428543e-07
AV.HAG..SH,2021-07-29T16:00:00.000,701133,2021-07-29T19:53:42.660,0.817,P,2021-07-29T16-00-00.mseed,2.023640490733669e-06,2.023640490733669e-06
AV.HAG..SH,2021-07-29T16:00:00.000,785856,2021-07-29T20:21:57.120,0.677,P,2021-07-29T16-00-00.mseed,2.034081717283698e-06,2.034081717283698e-06
AV.HAG..SH,2021-07-29T16:00:00.000,791207,2021-07-29T20:23:44.140,0.742,P,2021-07-29T16-00-00.mseed,2.5784445369936293e-06,2.5784445369936293e-06
AV.HAG..SH,2021-07-29T16:00:00.000,797608,2021-07-29T20:25:52.160,0.61,P,2021-07-29T16-00-00.mseed,1.58000068495312e-06,1.58000068495312e-06
AV.HAG..SH,2021-07-29T16:00:00.000,799416,2021-07-29T20:26:28.320,0.338,P,2021-07-29T16-00-00.mseed,1.2518889889179263e-06,1.2518889889179263e-06
AV.HAG..SH,2021-07-29T16:00:00.000,813923,2021-07-29T20:31:18.460,0.686,P,2021-07-29T16-00-00.mseed,1.989102929655928e-05,1.989102929655928e-05
AV.HAG..SH,2021-07-29T16:00:00.000,820383,2021-07-29T20:33:27.660,0.92,P,2021-07-29T16-00-00.mseed,6.596036837436259e-05,6.596036837436259e-05
AV.HAG..SH,2021-07-29T16:00:00.000,848059,2021-07-29T20:42:41.180,0.335,P,2021-07-29T16-00-00.mseed,2.200330072810175e-06,2.200330072810175e-06
AV.HAG..SH,2021-07-29T16:00:00.000,891266,2021-07-29T20:57:05.320,0.35,P,2021-07-29T16-00-00.mseed,7.144100777622953e-07,7.144100777622953e-07
AV.HAG..SH,2021-07-29T16:00:00.000,902066,2021-07-29T21:00:41.320,0.568,P,2021-07-29T16-00-00.mseed,5.8785819419426844e-05,5.8785819419426844e-05
AV.HAG..SH,2021-07-29T16:00:00.000,955815,2021-07-29T21:18:36.300,0.882,P,2021-07-29T16-00-00.mseed,4.661865659727482e-06,4.661865659727482e-06
AV.HAG..SH,2021-07-29T16:00:00.000,1019911,2021-07-29T21:39:58.220,0.799,P,2021-07-29T16-00-00.mseed,1.6894246073206887e-05,1.6894246073206887e-05
AV.HAG..SH,2021-07-29T16:00:00.000,1087662,2021-07-29T22:02:33.240,0.624,P,2021-07-29T16-00-00.mseed,6.767539275642775e-07,6.767539275642775e-07
AV.HAG..SH,2021-07-29T16:00:00.000,1137538,2021-07-29T22:19:10.760,0.766,P,2021-07-29T16-00-00.mseed,2.1615007426589727e-05,2.1615007426589727e-05
AV.HAG..SH,2021-07-29T16:00:00.000,1157988,2021-07-29T22:25:59.760,0.605,P,2021-07-29T16-00-00.mseed,1.1875573591169086e-06,1.1875573591169086e-06
AV.HAG..SH,2021-07-29T16:00:00.000,1204166,2021-07-29T22:41:23.320,0.301,P,2021-07-29T16-00-00.mseed,9.046049740391027e-07,9.046049740391027e-07
AV.HAG..SH,2021-07-29T16:00:00.000,1205852,2021-07-29T22:41:57.040,0.37,P,2021-07-29T16-00-00.mseed,8.723952760192333e-07,8.723952760192333e-07
AV.HAG..SH,2021-07-29T16:00:00.000,1209950,2021-07-29T22:43:19.000,0.439,P,2021-07-29T16-00-00.mseed,4.3381399450481695e-07,4.3381399450481695e-07
AV.HAG..SH,2021-07-29T16:00:00.000,1250381,2021-07-29T22:56:47.620,0.933,P,2021-07-29T16-00-00.mseed,3.1795609629625687e-06,3.1795609629625687e-06
AV.HAG..SH,2021-07-29T16:00:00.000,1376879,2021-07-29T23:38:57.580,0.82,P,2021-07-29T16-00-00.mseed,1.0049213415186387e-05,1.0049213415186387e-05
AV.HAG..SH,2021-07-29T16:00:00.000,2988,2021-07-29T16:00:59.760,0.357,S,2021-07-29T16-00-00.mseed,2.7390258310333593e-06,2.7390258310333593e-06
AV.HAG..SH,2021-07-29T16:00:00.000,26857,2021-07-29T16:08:57.140,0.336,S,2021-07-29T16-00-00.mseed,1.1583798595893313e-06,1.1583798595893313e-06
AV.HAG..SH,2021-07-29T16:00:00.000,117935,2021-07-29T16:39:18.700,0.83,S,2021-07-29T16-00-00.mseed,3.969386398239294e-06,3.969386398239294e-06
AV.HAG..SH,2021-07-29T16:00:00.000,183402,2021-07-29T17:01:08.040,0.347,S,2021-07-29T16-00-00.mseed,5.7296701925224625e-06,5.7296701925224625e-06
AV.HAG..SH,2021-07-29T16:00:00.000,193910,2021-07-29T17:04:38.200,0.652,S,2021-07-29T16-00-00.mseed,2.160664735129103e-06,2.160664735129103e-06
AV.HAG..SH,2021-07-29T16:00:00.000,250712,2021-07-29T17:23:34.240,0.418,S,2021-07-29T16-00-00.mseed,3.7224488096399e-06,3.7224488096399e-06
AV.HAG..SH,2021-07-29T16:00:00.000,284364,2021-07-29T17:34:47.280,0.347,S,2021-07-29T16-00-00.mseed,4.187223566987086e-06,4.187223566987086e-06
AV.HAG..SH,2021-07-29T16:00:00.000,337670,2021-07-29T17:52:33.400,0.448,S,2021-07-29T16-00-00.mseed,1.6095757473522099e-06,1.6095757473522099e-06
AV.HAG..SH,2021-07-29T16:00:00.000,339464,2021-07-29T17:53:09.280,0.438,S,2021-07-29T16-00-00.mseed,2.4882476736820536e-06,2.4882476736820536e-06
AV.HAG..SH,2021-07-29T16:00:00.000,405730,2021-07-29T18:15:14.600,0.477,S,2021-07-29T16-00-00.mseed,4.0256632019008975e-06,4.0256632019008975e-06
AV.HAG..SH,2021-07-29T16:00:00.000,415270,2021-07-29T18:18:25.400,0.406,S,2021-07-29T16-00-00.mseed,1.7150592839243473e-06,1.7150592839243473e-06
AV.HAG..SH,2021-07-29T16:00:00.000,475636,2021-07-29T18:38:32.720,0.699,S,2021-07-29T16-00-00.mseed,3.950032350985566e-06,3.950032350985566e-06
AV.HAG..SH,2021-07-29T16:00:00.000,501542,2021-07-29T18:47:10.840,0.441,S,2021-07-29T16-00-00.mseed,1.4724197399118566e-06,1.4724197399118566e-06
AV.HAG..SH,2021-07-29T16:00:00.000,522910,2021-07-29T18:54:18.200,0.434,S,2021-07-29T16-00-00.mseed,2.224040599685395e-06,2.224040599685395e-06
AV.HAG..SH,2021-07-29T16:00:00.000,588464,2021-07-29T19:16:09.280,0.357,S,2021-07-29T16-00-00.mseed,9.853348501565051e-07,9.853348501565051e-07
AV.HAG..SH,2021-07-29T16:00:00.000,786120,2021-07-29T20:22:02.400,0.335,S,2021-07-29T16-00-00.mseed,2.3457637325918768e-06,2.3457637325918768e-06
AV.HAG..SH,2021-07-29T16:00:00.000,788379,2021-07-29T20:22:47.580,0.425,S,2021-07-29T16-00-00.mseed,3.026341119038989e-06,3.026341119038989e-06
AV.HAG..SH,2021-07-29T16:00:00.000,797944,2021-07-29T20:25:58.880,0.499,S,2021-07-29T16-00-00.mseed,1.58000068495312e-06,1.58000068495312e-06
AV.HAG..SH,2021-07-29T16:00:00.000,816020,2021-07-29T20:32:00.400,0.756,S,2021-07-29T16-00-00.mseed,2.8361981094349176e-05,2.8361981094349176e-05
AV.HAG..SH,2021-07-29T16:00:00.000,820742,2021-07-29T20:33:34.840,0.411,S,2021-07-29T16-00-00.mseed,6.775574729545042e-05,6.775574729545042e-05
AV.HAG..SH,2021-07-29T16:00:00.000,822640,2021-07-29T20:34:12.800,0.733,S,2021-07-29T16-00-00.mseed,0.00014660829037893564,0.00014660829037893564
AV.HAG..SH,2021-07-29T16:00:00.000,902406,2021-07-29T21:00:48.120,0.342,S,2021-07-29T16-00-00.mseed,5.925393634242937e-05,5.925393634242937e-05
AV.HAG..SH,2021-07-29T16:00:00.000,925990,2021-07-29T21:08:39.800,0.397,S,2021-07-29T16-00-00.mseed,1.8628588804858737e-06,1.8628588804858737e-06
AV.HAG..SH,2021-07-29T16:00:00.000,957990,2021-07-29T21:19:19.800,0.38,S,2021-07-29T16-00-00.mseed,2.9670809453818947e-06,2.9670809453818947e-06
AV.HAG..SH,2021-07-29T16:00:00.000,1022142,2021-07-29T21:40:42.840,0.541,S,2021-07-29T16-00-00.mseed,2.2956479369895533e-05,2.2956479369895533e-05
AV.HAG..SH,2021-07-29T16:00:00.000,1139610,2021-07-29T22:19:52.200,0.46,S,2021-07-29T16-00-00.mseed,5.198065991862677e-05,5.198065991862677e-05
AV.HAG..SH,2021-07-29T16:00:00.000,1155980,2021-07-29T22:25:19.600,0.343,S,2021-07-29T16-00-00.mseed,8.480282076561707e-07,8.480282076561707e-07
AV.HAG..SH,2021-07-29T16:00:00.000,1158286,2021-07-29T22:26:05.720,0.314,S,2021-07-29T16-00-00.mseed,1.1875573591169086e-06,1.1875573591169086e-06
AV.HAG..SH,2021-07-29T16:00:00.000,1159574,2021-07-29T22:26:31.480,0.546,S,2021-07-29T16-00-00.mseed,1.3385542843025178e-06,1.3385542843025178e-06
AV.HAG..SH,2021-07-29T16:00:00.000,1204614,2021-07-29T22:41:32.280,0.326,S,2021-07-29T16-00-00.mseed,9.046049740391027e-07,9.046049740391027e-07
AV.PN7A..BH,2021-07-29T16:00:00.000,1714,2021-07-29T16:00:34.280,0.831,P,2021-07-29T16-00-00.mseed,2.8519600618892582e-06,2.8519600618892582e-06
AV.PN7A..BH,2021-07-29T16:00:00.000,26783,2021-07-29T16:08:55.660,0.634,P,2021-07-29T16-00-00.mseed,2.701986204556306e-06,2.701986204556306e-06
AV.PN7A..BH,2021-07-29T16:00:00.000,29778,2021-07-29T16:09:55.560,0.86,P,2021-07-29T16-00-00.mseed,7.771344826323912e-05,7.771344826323912e-05
AV.PN7A..BH,2021-07-29T16:00:00.000,181722,2021-07-29T17:00:34.440,0.65,P,2021-07-29T16-00-00.mseed,5.08409630128881e-06,5.08409630128881e-06
AV.PN7A..BH,2021-07-29T16:00:00.000,249496,2021-07-29T17:23:09.920,0.367,P,2021-07-29T16-00-00.mseed,1.2561928315335535e-06,1.2561928315335535e-06
AV.PN7A..BH,2021-07-29T16:00:00.000,249528,2021-07-29T17:23:10.560,0.328,P,2021-07-29T16-00-00.mseed,2.858914058379014e-06,2.858914058379014e-06
AV.PN7A..BH,2021-07-29T16:00:00.000,264662,2021-07-29T17:28:13.240,0.447,P,2021-07-29T16-00-00.mseed,3.4386362131044734e-06,3.4386362131044734e-06
AV.PN7A..BH,2021-07-29T16:00:00.000,265960,2021-07-29T17:28:39.200,0.638,P,2021-07-29T16-00-00.mseed,6.517443580378313e-06,6.517443580378313e-06
AV.PN7A..BH,2021-07-29T16:00:00.000,283164,2021-07-29T17:34:23.280,0.63,P,2021-07-29T16-00-00.mseed,4.592830919136759e-06,4.592830919136759e-06
AV.PN7A..BH,2021-07-29T16:00:00.000,404347,2021-07-29T18:14:46.940,0.787,P,2021-07-29T16-00-00.mseed,6.056877737137256e-06,6.056877737137256e-06
AV.PN7A..BH,2021-07-29T16:00:00.000,576847,2021-07-29T19:12:16.940,0.944,P,2021-07-29T16-00-00.mseed,1.6374284314224496e-05,1.6374284314224496e-05
AV.PN7A..BH,2021-07-29T16:00:00.000,701179,2021-07-29T19:53:43.580,0.929,P,2021-07-29T16-00-00.mseed,4.620171694114106e-06,4.620171694114106e-06
AV.PN7A..BH,2021-07-29T16:00:00.000,785888,2021-07-29T20:21:57.760,0.827,P,2021-07-29T16-00-00.mseed,4.531059403234394e-06,4.531059403234394e-06
AV.PN7A..BH,2021-07-29T16:00:00.000,791320,2021-07-29T20:23:46.400,0.439,P,2021-07-29T16-00-00.mseed,3.6315148008725373e-06,3.6315148008725373e-06
AV.PN7A..BH,2021-07-29T16:00:00.000,813922,2021-07-29T20:31:18.440,0.827,P,2021-07-29T16-00-00.mseed,2.4419534383923747e-05,2.4419534383923747e-05
AV.PN7A..BH,2021-07-29T16:00:00.000,820446,2021-07-29T20:33:28.920,0.877,P,2021-07-29T16-00-00.mseed,0.00012298740330152214,0.00012298740330152214
AV.PN7A..BH,2021-07-29T16:00:00.000,848248,2021-07-29T20:42:44.960,0.41,P,2021-07-29T16-00-00.mseed,7.130314770620316e-06,7.130314770620316e-06
AV.PN7A..BH,2021-07-29T16:00:00.000,902210,2021-07-29T21:00:44.200,0.656,P,2021-07-29T16-00-00.mseed,8.90139490365982e-05,8.90139490365982e-05
AV.PN7A..BH,2021-07-29T16:00:00.000,925940,2021-07-29T21:08:38.800,0.3,P,2021-07-29T16-00-00.mseed,4.991390142095042e-06,4.991390142095042e-06
AV.PN7A..BH,2021-07-29T16:00:00.000,955874,2021-07-29T21:18:37.480,0.963,P,2021-07-29T16-00-00.mseed,7.087032827257644e-06,7.087032827257644e-06
AV.PN7A..BH,2021-07-29T16:00:00.000,1019950,2021-07-29T21:39:59.000,0.853,P,2021-07-29T16-00-00.mseed,2.2428437659982592e-05,2.2428437659982592e-05
AV.PN7A..BH,2021-07-29T16:00:00.000,1021062,2021-07-29T21:40:21.240,0.303,P,2021-07-29T16-00-00.mseed,2.236630280094687e-05,2.236630280094687e-05
AV.PN7A..BH,2021-07-29T16:00:00.000,1137586,2021-07-29T22:19:11.720,0.868,P,2021-07-29T16-00-00.mseed,3.0201854315237142e-05,3.0201854315237142e-05
AV.PN7A..BH,2021-07-29T16:00:00.000,1155824,2021-07-29T22:25:16.480,0.499,P,2021-07-29T16-00-00.mseed,7.070229003147688e-06,7.070229003147688e-06
AV.PN7A..BH,2021-07-29T16:00:00.000,1250411,2021-07-29T22:56:48.220,0.828,P,2021-07-29T16-00-00.mseed,4.95677750222967e-06,4.95677750222967e-06
AV.PN7A..BH,2021-07-29T16:00:00.000,1376959,2021-07-29T23:38:59.180,0.675,P,2021-07-29T16-00-00.mseed,8.314770639117341e-06,8.314770639117341e-06
AV.PN7A..BH,2021-07-29T16:00:00.000,3206,2021-07-29T16:01:04.120,0.308,S,2021-07-29T16-00-00.mseed,4.121674010093557e-06,4.121674010093557e-06
AV.PN7A..BH,2021-07-29T16:00:00.000,30196,2021-07-29T16:10:03.920,0.468,S,2021-07-29T16-00-00.mseed,0.00010268343612551689,0.00010268343612551689
AV.PN7A..BH,2021-07-29T16:00:00.000,193981,2021-07-29T17:04:39.620,0.614,S,2021-07-29T16-00-00.mseed,3.1058102649694774e-06,3.1058102649694774e-06
AV.PN7A..BH,2021-07-29T16:00:00.000,284542,2021-07-29T17:34:50.840,0.301,S,2021-07-29T16-00-00.mseed,5.503032753040316e-06,5.503032753040316e-06
AV.PN7A..BH,2021-07-29T16:00:00.000,405772,2021-07-29T18:15:15.440,0.367,S,2021-07-29T16-00-00.mseed,8.75616751727648e-06,8.75616751727648e-06
AV.PN7A..BH,2021-07-29T16:00:00.000,577347,2021-07-29T19:12:26.940,0.77,S,2021-07-29T16-00-00.mseed,1.972302379726898e-05,1.972302379726898e-05
AV.PN7A..BH,2021-07-29T16:00:00.000,820975,2021-07-29T20:33:39.500,0.493,S,2021-07-29T16-00-00.mseed,0.0001406395313097164,0.0001406395313097164
AV.PN7A..BH,2021-07-29T16:00:00.000,1138099,2021-07-29T22:19:21.980,0.572,S,2021-07-29T16-00-00.mseed,4.934025491820648e-05,4.934025491820648e-05
AV.PN7A..BH,2021-07-29T16:00:00.000,1139706,2021-07-29T22:19:54.120,0.322,S,2021-07-29T16-00-00.mseed,0.00012597317981999367,0.00012597317981999367
AV.PN7A..BH,2021-07-29T16:00:00.000,1377595,2021-07-29T23:39:11.900,0.544,S,2021-07-29T16-00-00.mseed,1.4254179404815659e-05,1.4254179404815659e-05
AV.PS1A..BH,2021-07-29T16:00:00.000,1,2021-07-29T16:00:00.020,0.317,P,2021-07-29T16-00-00.mseed,2.329618610019679e-06,2.329618610019679e-06
AV.PS1A..BH,2021-07-29T16:00:00.000,1560,2021-07-29T16:00:31.200,0.574,P,2021-07-29T16-00-00.mseed,2.7828184556710767e-06,2.7828184556710767e-06
AV.PS1A..BH,2021-07-29T16:00:00.000,29653,2021-07-29T16:09:53.060,0.914,P,2021-07-29T16-00-00.mseed,6.116057193139568e-05,6.116057193139568e-05
AV.PS1A..BH,2021-07-29T16:00:00.000,115994,2021-07-29T16:38:39.880,0.416,P,2021-07-29T16-00-00.mseed,2.6004440769611392e-06,2.6004440769611392e-06
AV.PS1A..BH,2021-07-29T16:00:00.000,181598,2021-07-29T17:00:31.960,0.429,P,2021-07-29T16-00-00.mseed,1.0825347089848947e-06,1.0825347089848947e-06
AV.PS1A..BH,2021-07-29T16:00:00.000,181631,2021-07-29T17:00:32.620,0.6,P,2021-07-29T16-00-00.mseed,4.154669113631826e-06,4.154669113631826e-06
AV.PS1A..BH,2021-07-29T16:00:00.000,249311,2021-07-29T17:23:06.220,0.774,P,2021-07-29T16-00-00.mseed,3.135242877760902e-06,3.135242877760902e-06
AV.PS1A..BH,2021-07-29T16:00:00.000,265858,2021-07-29T17:28:37.160,0.314,P,2021-07-29T16-00-00.mseed,6.574606686626794e-06,6.574606686626794e-06
AV.PS1A..BH,2021-07-29T16:00:00.000,279899,2021-07-29T17:33:17.980,0.352,P,2021-07-29T16-00-00.mseed,2.6242523745168e-06,2.6242523745168e-06
AV.PS1A..BH,2021-07-29T16:00:00.000,282992,2021-07-29T17:34:19.840,0.535,P,2021-07-29T16-00-00.mseed,4.76061495646718e-06,4.76061495646718e-06
AV.PS1A..BH,2021-07-29T16:00:00.000,337131,2021-07-29T17:52:22.620,0.845,P,2021-07-29T16-00-00.mseed,3.140930402878439e-06,3.140930402878439e-06
AV.PS1A..BH,2021-07-29T16:00:00.000,404175,2021-07-29T18:14:43.500,0.794,P,2021-07-29T16-00-00.mseed,3.921828920283588e-06,3.921828920283588e-06
AV.PS1A..BH,2021-07-29T16:00:00.000,475163,2021-07-29T18:38:23.260,0.871,P,2021-07-29T16-00-00.mseed,3.899854164046701e-06,3.899854164046701e-06
AV.PS1A..BH,2021-07-29T16:00:00.000,576715,2021-07-29T19:12:14.300,0.936,P,2021-07-29T16-00-00.mseed,1.1958562026848085e-05,1.1958562026848085e-05
AV.PS1A..BH,2021-07-29T16:00:00.000,701050,2021-07-29T19:53:41.000,0.713,P,2021-07-29T16-00-00.mseed,3.1335821404354647e-06,3.1335821404354647e-06
AV.PS1A..BH,2021-07-29T16:00:00.000,788080,2021-07-29T20:22:41.600,0.496,P,2021-07-29T16-00-00.mseed,7.1303620643448085e-06,7.1303620643448085e-06
AV.PS1A..BH,2021-07-29T16:00:00.000,791184,2021-07-29T20:23:43.680,0.426,P,2021-07-29T16-00-00.mseed,3.949152414861601e-06,3.949152414861601e-06
AV.PS1A..BH,2021-07-29T16:00:00.000,813797,2021-07-29T20:31:15.940,0.917,P,2021-07-29T16-00-00.mseed,3.438544808886945e-05,3.438544808886945e-05
AV.PS1A..BH,2021-07-29T16:00:00.000,820319,2021-07-29T20:33:26.380,0.838,P,2021-07-29T16-00-00.mseed,0.00010751429363153875,0.00010751429363153875
AV.PS1A..BH,2021-07-29T16:00:00.000,849408,2021-07-29T20:43:08.160,0.429,P,2021-07-29T16-00-00.mseed,9.477889761910774e-06,9.477889761910774e-06
AV.PS1A..BH,2021-07-29T16:00:00.000,902050,2021-07-29T21:00:41.000,0.407,P,2021-07-29T16-00-00.mseed,0.00010688971087802202,0.00010688971087802202
AV.PS1A..BH,2021-07-29T16:00:00.000,925812,2021-07-29T21:08:36.240,0.762,P,2021-07-29T16-00-00.mseed,4.243615876475815e-06,4.243615876475815e-06
AV.PS1A..BH,2021-07-29T16:00:00.000,955746,2021-07-29T21:18:34.920,0.96,P,2021-07-29T16-00-00.mseed,5.6374433370365296e-06,5.6374433370365296e-06
AV.PS1A..BH,2021-07-29T16:00:00.000,1019831,2021-07-29T21:39:56.620,0.92,P,2021-07-29T16-00-00.mseed,1.881978641904425e-05,1.881978641904425e-05
AV.PS1A..BH,2021-07-29T16:00:00.000,1137467,2021-07-29T22:19:09.340,0.737,P,2021-07-29T16-00-00.mseed,2.3724189304630272e-05,2.3724189304630272e-05
AV.PS1A..BH,2021-07-29T16:00:00.000,1219350,2021-07-29T22:46:27.000,0.402,P,2021-07-29T16-00-00.mseed,3.5496534565027105e-06,3.5496534565027105e-06
AV.PS1A..BH,2021-07-29T16:00:00.000,1250274,2021-07-29T22:56:45.480,0.865,P,2021-07-29T16-00-00.mseed,5.279533525026636e-06,5.279533525026636e-06
AV.PS1A..BH,2021-07-29T16:00:00.000,1376811,2021-07-29T23:38:56.220,0.953,P,2021-07-29T16-00-00.mseed,8.202136996260379e-06,8.202136996260379e-06
AV.PS1A..BH,2021-07-29T16:00:00.000,2855,2021-07-29T16:00:57.100,0.402,S,2021-07-29T16-00-00.mseed,4.669445843319409e-06,4.669445843319409e-06
AV.PS1A..BH,2021-07-29T16:00:00.000,116633,2021-07-29T16:38:52.660,0.33,S,2021-07-29T16-00-00.mseed,4.435686605575029e-06,4.435686605575029e-06
AV.PS1A..BH,2021-07-29T16:00:00.000,193656,2021-07-29T17:04:33.120,0.369,S,2021-07-29T16-00-00.mseed,3.435078951952164e-06,3.435078951952164e-06
AV.PS1A..BH,2021-07-29T16:00:00.000,250576,2021-07-29T17:23:31.520,0.478,S,2021-07-29T16-00-00.mseed,7.5723010013462044e-06,7.5723010013462044e-06
AV.PS1A..BH,2021-07-29T16:00:00.000,284269,2021-07-29T17:34:45.380,0.402,S,2021-07-29T16-00-00.mseed,6.788000973756425e-06,6.788000973756425e-06
AV.PS1A..BH,2021-07-29T16:00:00.000,405416,2021-07-29T18:15:08.320,0.514,S,2021-07-29T16-00-00.mseed,1.2902253729407676e-05,1.2902253729407676e-05
AV.PS1A..BH,2021-07-29T16:00:00.000,476493,2021-07-29T18:38:49.860,0.764,S,2021-07-29T16-00-00.mseed,6.0800362007285e-06,6.0800362007285e-06
AV.PS1A..BH,2021-07-29T16:00:00.000,523003,2021-07-29T18:54:20.060,0.714,S,2021-07-29T16-00-00.mseed,4.318006176617928e-06,4.318006176617928e-06
AV.PS1A..BH,2021-07-29T16:00:00.000,816187,2021-07-29T20:32:03.740,0.359,S,2021-07-29T16-00-00.mseed,0.00018707248091232032,0.00018707248091232032
AV.PS1A..BH,2021-07-29T16:00:00.000,820754,2021-07-29T20:33:35.080,0.33,S,2021-07-29T16-00-00.mseed,0.00013247079914435744,0.00013247079914435744
AV.PS1A..BH,2021-07-29T16:00:00.000,849694,2021-07-29T20:43:13.880,0.302,S,2021-07-29T16-00-00.mseed,9.477889761910774e-06,9.477889761910774e-06
AV.PS1A..BH,2021-07-29T16:00:00.000,903812,2021-07-29T21:01:16.240,0.407,S,2021-07-29T16-00-00.mseed,0.0007982613751664758,0.0007982613751664758
AV.PS1A..BH,2021-07-29T16:00:00.000,956187,2021-07-29T21:18:43.740,0.666,S,2021-07-29T16-00-00.mseed,5.6374433370365296e-06,5.6374433370365296e-06
AV.PS1A..BH,2021-07-29T16:00:00.000,1377218,2021-07-29T23:39:04.360,0.321,S,2021-07-29T16-00-00.mseed,9.412582585355267e-06,9.412582585355267e-06
AV.PS1A..BH,2021-07-29T16:00:00.000,1378869,2021-07-29T23:39:37.380,0.316,S,2021-07-29T16-00-00.mseed,5.857365977135487e-05,5.857365977135487e-05
AV.PS4A..BH,2021-07-29T16:00:00.000,1566,2021-07-29T16:00:31.320,0.852,P,2021-07-29T16-00-00.mseed,3.1754373139847303e-06,3.1754373139847303e-06
AV.PS4A..BH,2021-07-29T16:00:00.000,18396,2021-07-29T16:06:07.920,0.479,P,2021-07-29T16-00-00.mseed,2.130098664565594e-06,2.130098664565594e-06
AV.PS4A..BH,2021-07-29T16:00:00.000,26692,2021-07-29T16:08:53.840,0.302,P,2021-07-29T16-00-00.mseed,3.107282736891648e-06,3.107282736891648e-06
AV.PS4A..BH,2021-07-29T16:00:00.000,29694,2021-07-29T16:09:53.880,0.922,P,2021-07-29T16-00-00.mseed,8.306236122734845e-05,8.306236122734845e-05
AV.PS4A..BH,2021-07-29T16:00:00.000,93034,2021-07-29T16:31:00.680,0.38,P,2021-07-29T16-00-00.mseed,3.0584817523049423e-06,3.0584817523049423e-06
AV.PS4A..BH,2021-07-29T16:00:00.000,116018,2021-07-29T16:38:40.360,0.92,P,2021-07-29T16-00-00.mseed,3.5230241337558255e-06,3.5230241337558255e-06
AV.PS4A..BH,2021-07-29T16:00:00.000,181638,2021-07-29T17:00:32.760,0.869,P,2021-07-29T16-00-00.mseed,5.292211881169351e-06,5.292211881169351e-06
AV.PS4A..BH,2021-07-29T16:00:00.000,192411,2021-07-29T17:04:08.220,0.795,P,2021-07-29T16-00-00.mseed,2.614702452774509e-06,2.614702452774509e-06
AV.PS4A..BH,2021-07-29T16:00:00.000,249331,2021-07-29T17:23:06.620,0.922,P,2021-07-29T16-00-00.mseed,3.5452853808237705e-06,3.5452853808237705e-06
AV.PS4A..BH,2021-07-29T16:00:00.000,266030,2021-07-29T17:28:40.600,0.463,P,2021-07-29T16-00-00.mseed,6.526535798911937e-06,6.526535798911937e-06
AV.PS4A..BH,2021-07-29T16:00:00.000,267608,2021-07-29T17:29:12.160,0.492,P,2021-07-29T16-00-00.mseed,1.620592774997931e-05,1.620592774997931e-05
AV.PS4A..BH,2021-07-29T16:00:00.000,279831,2021-07-29T17:33:16.620,0.714,P,2021-07-29T16-00-00.mseed,2.5830329377640737e-06,2.5830329377640737e-06
AV.PS4A..BH,2021-07-29T16:00:00.000,283048,2021-07-29T17:34:20.960,0.696,P,2021-07-29T16-00-00.mseed,4.309156338422326e-06,4.309156338422326e-06
AV.PS4A..BH,2021-07-29T16:00:00.000,337167,2021-07-29T17:52:23.340,0.7,P,2021-07-29T16-00-00.mseed,3.2088273655972444e-06,3.2088273655972444e-06
AV.PS4A..BH,2021-07-29T16:00:00.000,404155,2021-07-29T18:14:43.100,0.542,P,2021-07-29T16-00-00.mseed,4.847704985877499e-06,4.847704985877499e-06
AV.PS4A..BH,2021-07-29T16:00:00.000,475202,2021-07-29T18:38:24.040,0.848,P,2021-07-29T16-00-00.mseed,4.725587587017799e-06,4.725587587017799e-06
AV.PS4A..BH,2021-07-29T16:00:00.000,576755,2021-07-29T19:12:15.100,0.964,P,2021-07-29T16-00-00.mseed,1.920389331644401e-05,1.920389331644401e-05
AV.PS4A..BH,2021-07-29T16:00:00.000,632168,2021-07-29T19:30:43.360,0.412,P,2021-07-29T16-00-00.mseed,3.0366786631930154e-06,3.0366786631930154e-06
AV.PS4A..BH,2021-07-29T16:00:00.000,701091,2021-07-29T19:53:41.820,0.94,P,2021-07-29T16-00-00.mseed,3.527726903485018e-06,3.527726903485018e-06
AV.PS4A..BH,2021-07-29T16:00:00.000,785806,2021-07-29T20:21:56.120,0.537,P,2021-07-29T16-00-00.mseed,3.2062218906503404e-06,3.2062218906503404e-06
AV.PS4A..BH,2021-07-29T16:00:00.000,791142,2021-07-29T20:23:42.840,0.419,P,2021-07-29T16-00-00.mseed,2.5211882075382164e-06,2.5211882075382164e-06
AV.PS4A..BH,2021-07-29T16:00:00.000,791200,2021-07-29T20:23:44.000,0.49,P,2021-07-29T16-00-00.mseed,4.575406364892842e-06,4.575406364892842e-06
AV.PS4A..BH,2021-07-29T16:00:00.000,797558,2021-07-29T20:25:51.160,0.757,P,2021-07-29T16-00-00.mseed,2.40274061980017e-06,2.40274061980017e-06
AV.PS4A..BH,2021-07-29T16:00:00.000,813834,2021-07-29T20:31:16.680,0.918,P,2021-07-29T16-00-00.mseed,3.643193485913798e-05,3.643193485913798e-05
AV.PS4A..BH,2021-07-29T16:00:00.000,820359,2021-07-29T20:33:27.180,0.941,P,2021-07-29T16-00-00.mseed,0.00013525861140806228,0.00013525861140806228
AV.PS4A..BH,2021-07-29T16:00:00.000,848042,2021-07-29T20:42:40.840,0.318,P,2021-07-29T16-00-00.mseed,5.709296146960696e-06,5.709296146960696e-06
AV.PS4A..BH,2021-07-29T16:00:00.000,955786,2021-07-29T21:18:35.720,0.957,P,2021-07-29T16-00-00.mseed,5.988850716676097e-06,5.988850716676097e-06
AV.PS4A..BH,2021-07-29T16:00:00.000,1019874,2021-07-29T21:39:57.480,0.931,P,2021-07-29T16-00-00.mseed,2.4244194719358347e-05,2.4244194719358347e-05
AV.PS4A..BH,2021-07-29T16:00:00.000,1137503,2021-07-29T22:19:10.060,0.513,P,2021-07-29T16-00-00.mseed,2.7765157938119955e-05,2.7765157938119955e-05
AV.PS4A..BH,2021-07-29T16:00:00.000,1162215,2021-07-29T22:27:24.300,0.443,P,2021-07-29T16-00-00.mseed,5.412321115727536e-06,5.412321115727536e-06
AV.PS4A..BH,2021-07-29T16:00:00.000,1250317,2021-07-29T22:56:46.340,0.957,P,2021-07-29T16-00-00.mseed,7.900749551481567e-06,7.900749551481567e-06
AV.PS4A..BH,2021-07-29T16:00:00.000,1376850,2021-07-29T23:38:57.000,0.935,P,2021-07-29T16-00-00.mseed,1.056263590726303e-05,1.056263590726303e-05
AV.PS4A..BH,2021-07-29T16:00:00.000,1413120,2021-07-29T23:51:02.400,0.552,P,2021-07-29T16-00-00.mseed,2.4875960207282333e-06,2.4875960207282333e-06
AV.PS4A..BH,2021-07-29T16:00:00.000,2900,2021-07-29T16:00:58.000,0.501,S,2021-07-29T16-00-00.mseed,6.4410146478621755e-06,6.4410146478621755e-06
AV.PS4A..BH,2021-07-29T16:00:00.000,93616,2021-07-29T16:31:12.320,0.359,S,2021-07-29T16-00-00.mseed,2.913090384026873e-06,2.913090384026873e-06
AV.PS4A..BH,2021-07-29T16:00:00.000,183306,2021-07-29T17:01:06.120,0.303,S,2021-07-29T16-00-00.mseed,1.889486884465441e-05,1.889486884465441e-05
AV.PS4A..BH,2021-07-29T16:00:00.000,193682,2021-07-29T17:04:33.640,0.325,S,2021-07-29T16-00-00.mseed,4.469502073334297e-06,4.469502073334297e-06
AV.PS4A..BH,2021-07-29T16:00:00.000,250582,2021-07-29T17:23:31.640,0.41,S,2021-07-29T16-00-00.mseed,8.22111360321287e-06,8.22111360321287e-06
AV.PS4A..BH,2021-07-29T16:00:00.000,280166,2021-07-29T17:33:23.320,0.412,S,2021-07-29T16-00-00.mseed,2.5830329377640737e-06,2.5830329377640737e-06
AV.PS4A..BH,2021-07-29T16:00:00.000,284316,2021-07-29T17:34:46.320,0.55,S,2021-07-29T16-00-00.mseed,9.17736269911984e-06,9.17736269911984e-06
AV.PS4A..BH,2021-07-29T16:00:00.000,337672,2021-07-29T17:52:33.440,0.349,S,2021-07-29T16-00-00.mseed,3.541440719345701e-06,3.541440719345701e-06
AV.PS4A..BH,2021-07-29T16:00:00.000,339312,2021-07-29T17:53:06.240,0.642,S,2021-07-29T16-00-00.mseed,5.954554580966942e-06,5.954554580966942e-06
AV.PS4A..BH,2021-07-29T16:00:00.000,405512,2021-07-29T18:15:10.240,0.619,S,2021-07-29T16-00-00.mseed,1.2069864169461653e-05,1.2069864169461653e-05
AV.PS4A..BH,2021-07-29T16:00:00.000,476604,2021-07-29T18:38:52.080,0.307,S,2021-07-29T16-00-00.mseed,7.920642019598745e-06,7.920642019598745e-06
AV.PS4A..BH,2021-07-29T16:00:00.000,522966,2021-07-29T18:54:19.320,0.365,S,2021-07-29T16-00-00.mseed,3.524840849422617e-06,3.524840849422617e-06
AV.PS4A..BH,2021-07-29T16:00:00.000,577284,2021-07-29T19:12:25.680,0.523,S,2021-07-29T16-00-00.mseed,1.9690072804223746e-05,1.9690072804223746e-05
AV.PS4A..BH,2021-07-29T16:00:00.000,578884,2021-07-29T19:12:57.680,0.359,S,2021-07-29T16-00-00.mseed,6.237242632778361e-05,6.237242632778361e-05
AV.PS4A..BH,2021-07-29T16:00:00.000,585774,2021-07-29T19:15:15.480,0.468,S,2021-07-29T16-00-00.mseed,5.216429599386174e-06,5.216429599386174e-06
AV.PS4A..BH,2021-07-29T16:00:00.000,632699,2021-07-29T19:30:53.980,0.713,S,2021-07-29T16-00-00.mseed,3.0471728678094223e-06,3.0471728678094223e-06
AV.PS4A..BH,2021-07-29T16:00:00.000,701638,2021-07-29T19:53:52.760,0.448,S,2021-07-29T16-00-00.mseed,3.527726903485018e-06,3.527726903485018e-06
AV.PS4A..BH,2021-07-29T16:00:00.000,792709,2021-07-29T20:24:14.180,0.416,S,2021-07-29T16-00-00.mseed,1.0675159501261078e-05,1.0675159501261078e-05
AV.PS4A..BH,2021-07-29T16:00:00.000,798072,2021-07-29T20:26:01.440,0.396,S,2021-07-29T16-00-00.mseed,2.664187604750623e-06,2.664187604750623e-06
AV.PS4A..BH,2021-07-29T16:00:00.000,815994,2021-07-29T20:31:59.880,0.331,S,2021-07-29T16-00-00.mseed,0.00013453594874590635,0.00013453594874590635
AV.PS4A..BH,2021-07-29T16:00:00.000,820795,2021-07-29T20:33:35.900,0.708,S,2021-07-29T16-00-00.mseed,0.00016223534476011992,0.00016223534476011992
AV.PS4A..BH,2021-07-29T16:00:00.000,849606,2021-07-29T20:43:12.120,0.503,S,2021-07-29T16-00-00.mseed,9.00234044820536e-06,9.00234044820536e-06
AV.PS4A..BH,2021-07-29T16:00:00.000,926294,2021-07-29T21:08:45.880,0.351,S,2021-07-29T16-00-00.mseed,4.623900622391375e-06,4.623900622391375e-06
AV.PS4A..BH,2021-07-29T16:00:00.000,927968,2021-07-29T21:09:19.360,0.404,S,2021-07-29T16-00-00.mseed,1.0023661161540076e-05,1.0023661161540076e-05
AV.PS4A..BH,2021-07-29T16:00:00.000,956228,2021-07-29T21:18:44.560,0.306,S,2021-07-29T16-00-00.mseed,5.988850716676097e-06,5.988850716676097e-06
AV.PS4A..BH,2021-07-29T16:00:00.000,1020275,2021-07-29T21:40:05.500,0.758,S,2021-07-29T16-00-00.mseed,4.3435200495878235e-05,4.3435200495878235e-05
AV.PS4A..BH,2021-07-29T16:00:00.000,1021950,2021-07-29T21:40:39.000,0.523,S,2021-07-29T16-00-00.mseed,9.316943032899871e-05,9.316943032899871e-05
AV.PS4A..BH,2021-07-29T16:00:00.000,1250876,2021-07-29T22:56:57.520,0.534,S,2021-07-29T16-00-00.mseed,7.900749551481567e-06,7.900749551481567e-06
AV.PV6A..SH,2021-07-29T16:00:00.000,1,2021-07-29T16:00:00.020,0.367,P,2021-07-29T16-00-00.mseed,1.8884226449245034e-07,1.8884226449245034e-07
AV.PV6A..SH,2021-07-29T16:00:00.000,64,2021-07-29T16:00:01.280,0.302,P,2021-07-29T16-00-00.mseed,2.837790873400081e-07,2.837790873400081e-07
AV.PV6A..SH,2021-07-29T16:00:00.000,1638,2021-07-29T16:00:32.760,0.54,P,2021-07-29T16-00-00.mseed,7.935902317512955e-07,7.935902317512955e-07
AV.PV6A..SH,2021-07-29T16:00:00.000,29763,2021-07-29T16:09:55.260,0.873,P,2021-07-29T16-00-00.mseed,2.2600972442887723e-05,2.2600972442887723e-05
AV.PV6A..SH,2021-07-29T16:00:00.000,93852,2021-07-29T16:31:17.040,0.636,P,2021-07-29T16-00-00.mseed,5.713808945984056e-07,5.713808945984056e-07
AV.PV6A..SH,2021-07-29T16:00:00.000,108759,2021-07-29T16:36:15.180,0.342,P,2021-07-29T16-00-00.mseed,4.299321005873935e-07,4.299321005873935e-07
AV.PV6A..SH,2021-07-29T16:00:00.000,116148,2021-07-29T16:38:42.960,0.793,P,2021-07-29T16-00-00.mseed,6.783892558814841e-07,6.783892558814841e-07
AV.PV6A..SH,2021-07-29T16:00:00.000,123755,2021-07-29T16:41:15.100,0.464,P,2021-07-29T16-00-00.mseed,4.6191962610464543e-07,4.6191962610464543e-07
AV.PV6A..SH,2021-07-29T16:00:00.000,181703,2021-07-29T17:00:34.060,0.741,P,2021-07-29T16-00-00.mseed,1.6936860447458457e-06,1.6936860447458457e-06
AV.PV6A..SH,2021-07-29T16:00:00.000,192559,2021-07-29T17:04:11.180,0.412,P,2021-07-29T16-00-00.mseed,5.701639906874334e-07,5.701639906874334e-07
AV.PV6A..SH,2021-07-29T16:00:00.000,204870,2021-07-29T17:08:17.400,0.485,P,2021-07-29T16-00-00.mseed,5.057553948972782e-07,5.057553948972782e-07
AV.PV6A..SH,2021-07-29T16:00:00.000,249460,2021-07-29T17:23:09.200,0.485,P,2021-07-29T16-00-00.mseed,2.8349145964057243e-07,2.8349145964057243e-07
AV.PV6A..SH,2021-07-29T16:00:00.000,249492,2021-07-29T17:23:09.840,0.41,P,2021-07-29T16-00-00.mseed,7.957597176755371e-07,7.957597176755371e-07
AV.PV6A..SH,2021-07-29T16:00:00.000,265964,2021-07-29T17:28:39.280,0.433,P,2021-07-29T16-00-00.mseed,1.9199073904019315e-06,1.9199073904019315e-06
AV.PV6A..SH,2021-07-29T16:00:00.000,279992,2021-07-29T17:33:19.840,0.361,P,2021-07-29T16-00-00.mseed,5.032493959333806e-07,5.032493959333806e-07
AV.PV6A..SH,2021-07-29T16:00:00.000,283118,2021-07-29T17:34:22.360,0.412,P,2021-07-29T16-00-00.mseed,1.1621972362263477e-06,1.1621972362263477e-06
AV.PV6A..SH,2021-07-29T16:00:00.000,337241,2021-07-29T17:52:24.820,0.922,P,2021-07-29T16-00-00.mseed,4.664547645916173e-07,4.664547645916173e-07
AV.PV6A..SH,2021-07-29T16:00:00.000,352919,2021-07-29T17:57:38.380,0.748,P,2021-07-29T16-00-00.mseed,4.703425418028928e-07,4.703425418028928e-07
AV.PV6A..SH,2021-07-29T16:00:00.000,404272,2021-07-29T18:14:45.440,0.449,P,2021-07-29T16-00-00.mseed,1.6490430425619707e-06,1.6490430425619707e-06
AV.PV6A..SH,2021-07-29T16:00:00.000,413694,2021-07-29T18:17:53.880,0.315,P,2021-07-29T16-00-00.mseed,3.685207730086404e-07,3.685207730086404e-07
AV.PV6A..SH,2021-07-29T16:00:00.000,475279,2021-07-29T18:38:25.580,0.908,P,2021-07-29T16-00-00.mseed,1.3331342643141397e-06,1.3331342643141397e-06
AV.PV6A..SH,2021-07-29T16:00:00.000,501147,2021-07-29T18:47:02.940,0.741,P,2021-07-29T16-00-00.mseed,4.4333776827443216e-07,4.4333776827443216e-07
AV.PV6A..SH,2021-07-29T16:00:00.000,576823,2021-07-29T19:12:16.460,0.967,P,2021-07-29T16-00-00.mseed,4.426770829013549e-06,4.426770829013549e-06
AV.PV6A..SH,2021-07-29T16:00:00.000,630988,2021-07-29T19:30:19.760,0.521,P,2021-07-29T16-00-00.mseed,2.5809237058638246e-07,2.5809237058638246e-07
AV.PV6A..SH,2021-07-29T16:00:00.000,632192,2021-07-29T19:30:43.840,0.446,P,2021-07-29T16-00-00.mseed,5.345992235561425e-07,5.345992235561425e-07
AV.PV6A..SH,2021-07-29T16:00:00.000,701155,2021-07-29T19:53:43.100,0.868,P,2021-07-29T16-00-00.mseed,6.305059514488676e-07,6.305059514488676e-07
AV.PV6A..SH,2021-07-29T16:00:00.000,746135,2021-07-29T20:08:42.700,0.409,P,2021-07-29T16-00-00.mseed,3.033846667221951e-07,3.033846667221951e-07
AV.PV6A..SH,2021-07-29T16:00:00.000,785859,2021-07-29T20:21:57.180,0.951,P,2021-07-29T16-00-00.mseed,7.891336508691893e-07,7.891336508691893e-07
AV.PV6A..SH,2021-07-29T16:00:00.000,791202,2021-07-29T20:23:44.040,0.398,P,2021-07-29T16-00-00.mseed,9.416425541530771e-07,9.416425541530771e-07
AV.PV6A..SH,2021-07-29T16:00:00.000,797638,2021-07-29T20:25:52.760,0.894,P,2021-07-29T16-00-00.mseed,6.235975433810381e-07,6.235975433810381e-07
AV.PV6A..SH,2021-07-29T16:00:00.000,813911,2021-07-29T20:31:18.220,0.928,P,2021-07-29T16-00-00.mseed,6.549405497935368e-06,6.549405497935368e-06
AV.PV6A..SH,2021-07-29T16:00:00.000,820434,2021-07-29T20:33:28.680,0.824,P,2021-07-29T16-00-00.mseed,2.7359070372767746e-05,2.7359070372767746e-05
AV.PV6A..SH,2021-07-29T16:00:00.000,848127,2021-07-29T20:42:42.540,0.592,P,2021-07-29T16-00-00.mseed,1.2980614201296703e-06,1.2980614201296703e-06
AV.PV6A..SH,2021-07-29T16:00:00.000,902162,2021-07-29T21:00:43.240,0.557,P,2021-07-29T16-00-00.mseed,4.440318662091158e-06,4.440318662091158e-06
AV.PV6A..SH,2021-07-29T16:00:00.000,902402,2021-07-29T21:00:48.040,0.496,P,2021-07-29T16-00-00.mseed,4.4344793423078954e-05,4.4344793423078954e-05
AV.PV6A..SH,2021-07-29T16:00:00.000,925924,2021-07-29T21:08:38.480,0.752,P,2021-07-29T16-00-00.mseed,7.789241180944373e-07,7.789241180944373e-07
AV.PV6A..SH,2021-07-29T16:00:00.000,955850,2021-07-29T21:18:37.000,0.965,P,2021-07-29T16-00-00.mseed,2.1330131403374253e-06,2.1330131403374253e-06
AV.PV6A..SH,2021-07-29T16:00:00.000,1019941,2021-07-29T21:39:58.820,0.893,P,2021-07-29T16-00-00.mseed,7.733453458058648e-06,7.733453458058648e-06
AV.PV6A..SH,2021-07-29T16:00:00.000,1077635,2021-07-29T21:59:12.700,0.496,P,2021-07-29T16-00-00.mseed,4.008356597751117e-07,4.008356597751117e-07
AV.PV6A..SH,2021-07-29T16:00:00.000,1087643,2021-07-29T22:02:32.860,0.769,P,2021-07-29T16-00-00.mseed,3.306397218238999e-07,3.306397218238999e-07
AV.PV6A..SH,2021-07-29T16:00:00.000,1137577,2021-07-29T22:19:11.540,0.932,P,2021-07-29T16-00-00.mseed,6.3502702687401325e-06,6.3502702687401325e-06
AV.PV6A..SH,2021-07-29T16:00:00.000,1155776,2021-07-29T22:25:15.520,0.67,P,2021-07-29T16-00-00.mseed,2.2727615487383446e-06,2.2727615487383446e-06
AV.PV6A..SH,2021-07-29T16:00:00.000,1190048,2021-07-29T22:36:40.960,0.31,P,2021-07-29T16-00-00.mseed,6.845497750873619e-07,6.845497750873619e-07
AV.PV6A..SH,2021-07-29T16:00:00.000,1195216,2021-07-29T22:38:24.320,0.434,P,2021-07-29T16-00-00.mseed,7.332983500418777e-07,7.332983500418777e-07
AV.PV6A..SH,2021-07-29T16:00:00.000,1250380,2021-07-29T22:56:47.600,0.608,P,2021-07-29T16-00-00.mseed,1.4576418152500992e-06,1.4576418152500992e-06
AV.PV6A..SH,2021-07-29T16:00:00.000,1263930,2021-07-29T23:01:18.600,0.391,P,2021-07-29T16-00-00.mseed,5.141417318554886e-07,5.141417318554886e-07
AV.PV6A..SH,2021-07-29T16:00:00.000,1271984,2021-07-29T23:03:59.680,0.599,P,2021-07-29T16-00-00.mseed,6.906353746671812e-07,6.906353746671812e-07
AV.PV6A..SH,2021-07-29T16:00:00.000,1317187,2021-07-29T23:19:03.740,0.528,P,2021-07-29T16-00-00.mseed,5.820955379931547e-07,5.820955379931547e-07
AV.PV6A..SH,2021-07-29T16:00:00.000,1373672,2021-07-29T23:37:53.440,0.348,P,2021-07-29T16-00-00.mseed,6.099828624428483e-07,6.099828624428483e-07
AV.PV6A..SH,2021-07-29T16:00:00.000,1376927,2021-07-29T23:38:58.540,0.967,P,2021-07-29T16-00-00.mseed,2.9528337108786218e-06,2.9528337108786218e-06
AV.PV6A..SH,2021-07-29T16:00:00.000,1413440,2021-07-29T23:51:08.800,0.343,P,2021-07-29T16-00-00.mseed,5.69016208373796e-07,5.69016208373796e-07
AV.PV6A..SH,2021-07-29T16:00:00.000,55690,2021-07-29T16:18:33.800,0.337,S,2021-07-29T16-00-00.mseed,4.694913116054522e-07,4.694913116054522e-07
AV.PV6A..SH,2021-07-29T16:00:00.000,102800,2021-07-29T16:34:16.000,0.451,S,2021-07-29T16-00-00.mseed,2.7661491230901447e-07,2.7661491230901447e-07
AV.PV6A..SH,2021-07-29T16:00:00.000,183539,2021-07-29T17:01:10.780,0.408,S,2021-07-29T16-00-00.mseed,2.802083372444031e-06,2.802083372444031e-06
AV.PV6A..SH,2021-07-29T16:00:00.000,193904,2021-07-29T17:04:38.080,0.689,S,2021-07-29T16-00-00.mseed,1.1461845588200958e-06,1.1461845588200958e-06
AV.PV6A..SH,2021-07-29T16:00:00.000,226455,2021-07-29T17:15:29.100,0.458,S,2021-07-29T16-00-00.mseed,4.963818582837121e-07,4.963818582837121e-07
AV.PV6A..SH,2021-07-29T16:00:00.000,250920,2021-07-29T17:23:38.400,0.458,S,2021-07-29T16-00-00.mseed,2.343866299270303e-06,2.343866299270303e-06
AV.PV6A..SH,2021-07-29T16:00:00.000,339760,2021-07-29T17:53:15.200,0.556,S,2021-07-29T16-00-00.mseed,1.1930468417631346e-06,1.1930468417631346e-06
AV.PV6A..SH,2021-07-29T16:00:00.000,353136,2021-07-29T17:57:42.720,0.666,S,2021-07-29T16-00-00.mseed,4.703425418028928e-07,4.703425418028928e-07
AV.PV6A..SH,2021-07-29T16:00:00.000,476822,2021-07-29T18:38:56.440,0.318,S,2021-07-29T16-00-00.mseed,2.576273345766822e-06,2.576273345766822e-06
AV.PV6A..SH,2021-07-29T16:00:00.000,501816,2021-07-29T18:47:16.320,0.31,S,2021-07-29T16-00-00.mseed,8.026944442462991e-07,8.026944442462991e-07
AV.PV6A..SH,2021-07-29T16:00:00.000,577398,2021-07-29T19:12:27.960,0.564,S,2021-07-29T16-00-00.mseed,5.856599273101892e-06,5.856599273101892e-06
AV.PV6A..SH,2021-07-29T16:00:00.000,631702,2021-07-29T19:30:34.040,0.317,S,2021-07-29T16-00-00.mseed,4.0622839492243656e-07,4.0622839492243656e-07
AV.PV6A..SH,2021-07-29T16:00:00.000,701816,2021-07-29T19:53:56.320,0.325,S,2021-07-29T16-00-00.mseed,9.386893680130015e-07,9.386893680130015e-07
AV.PV6A..SH,2021-07-29T16:00:00.000,769098,2021-07-29T20:16:21.960,0.434,S,2021-07-29T16-00-00.mseed,3.794604026552406e-07,3.794604026552406e-07
AV.PV6A..SH,2021-07-29T16:00:00.000,820988,2021-07-29T20:33:39.760,0.609,S,2021-07-29T16-00-00.mseed,5.932791100349277e-05,5.932791100349277e-05
AV.PV6A..SH,2021-07-29T16:00:00.000,850000,2021-07-29T20:43:20.000,0.343,S,2021-07-29T16-00-00.mseed,2.028064955084119e-06,2.028064955084119e-06
AV.PV6A..SH,2021-07-29T16:00:00.000,1139970,2021-07-29T22:19:59.400,0.301,S,2021-07-29T16-00-00.mseed,3.200244827894494e-05,3.200244827894494e-05
AV.PV6A..SH,2021-07-29T16:00:00.000,1156252,2021-07-29T22:25:25.040,0.513,S,2021-07-29T16-00-00.mseed,2.695152261367184e-06,2.695152261367184e-06
AV.PV6A..SH,2021-07-29T16:00:00.000,1377512,2021-07-29T23:39:10.240,0.357,S,2021-07-29T16-00-00.mseed,5.2591012718039565e-06,5.2591012718039565e-06
AV.PVV..SH,2021-07-29T16:00:00.000,1537,2021-07-29T16:00:30.740,0.904,P,2021-07-29T16-00-00.mseed,7.075963139868691e-07,7.075963139868691e-07
AV.PVV..SH,2021-07-29T16:00:00.000,26667,2021-07-29T16:08:53.340,0.94,P,2021-07-29T16-00-00.mseed,4.5313501573218673e-07,4.5313501573218673e-07
AV.PVV..SH,2021-07-29T16:00:00.000,29670,2021-07-29T16:09:53.400,0.972,P,2021-07-29T16-00-00.mseed,2.6981902919942513e-05,2.6981902919942513e-05
AV.PVV..SH,2021-07-29T16:00:00.000,81088,2021-07-29T16:27:01.760,0.45,P,2021-07-29T16-00-00.mseed,2.716409710501466e-07,2.716409710501466e-07
AV.PVV..SH,2021-07-29T16:00:00.000,115991,2021-07-29T16:38:39.820,0.959,P,2021-07-29T16-00-00.mseed,8.1937480445049e-07,8.1937480445049e-07
AV.PVV..SH,2021-07-29T16:00:00.000,147408,2021-07-29T16:49:08.160,0.314,P,2021-07-29T16-00-00.mseed,1.8504587728784827e-07,1.8504587728784827e-07
AV.PVV..SH,2021-07-29T16:00:00.000,181598,2021-07-29T17:00:31.960,0.91,P,2021-07-29T16-00-00.mseed,1.4103210332905292e-06,1.4103210332905292e-06
AV.PVV..SH,2021-07-29T16:00:00.000,192415,2021-07-29T17:04:08.300,0.678,P,2021-07-29T16-00-00.mseed,5.668661628988048e-07,5.668661628988048e-07
AV.PVV..SH,2021-07-29T16:00:00.000,204787,2021-07-29T17:08:15.740,0.757,P,2021-07-29T16-00-00.mseed,5.778971399195143e-07,5.778971399195143e-07
AV.PVV..SH,2021-07-29T16:00:00.000,224932,2021-07-29T17:14:58.640,0.696,P,2021-07-29T16-00-00.mseed,3.868407532081619e-07,3.868407532081619e-07
AV.PVV..SH,2021-07-29T16:00:00.000,249323,2021-07-29T17:23:06.460,0.801,P,2021-07-29T16-00-00.mseed,9.515157444184297e-07,9.515157444184297e-07
AV.PVV..SH,2021-07-29T16:00:00.000,279807,2021-07-29T17:33:16.140,0.696,P,2021-07-29T16-00-00.mseed,6.53955453344679e-07,6.53955453344679e-07
AV.PVV..SH,2021-07-29T16:00:00.000,283030,2021-07-29T17:34:20.600,0.875,P,2021-07-29T16-00-00.mseed,1.0561815315668355e-06,1.0561815315668355e-06
AV.PVV..SH,2021-07-29T16:00:00.000,306868,2021-07-29T17:42:17.360,0.523,P,2021-07-29T16-00-00.mseed,3.841690556782851e-07,3.841690556782851e-07
AV.PVV..SH,2021-07-29T16:00:00.000,337144,2021-07-29T17:52:22.880,0.869,P,2021-07-29T16-00-00.mseed,1.0344714382881648e-06,1.0344714382881648e-06
AV.PVV..SH,2021-07-29T16:00:00.000,404118,2021-07-29T18:14:42.360,0.405,P,2021-07-29T16-00-00.mseed,1.8154280212456797e-07,1.8154280212456797e-07
AV.PVV..SH,2021-07-29T16:00:00.000,404152,2021-07-29T18:14:43.040,0.588,P,2021-07-29T16-00-00.mseed,1.6616907032585004e-06,1.6616907032585004e-06
AV.PVV..SH,2021-07-29T16:00:00.000,413558,2021-07-29T18:17:51.160,0.485,P,2021-07-29T16-00-00.mseed,4.648275933050172e-07,4.648275933050172e-07
AV.PVV..SH,2021-07-29T16:00:00.000,475169,2021-07-29T18:38:23.380,0.961,P,2021-07-29T16-00-00.mseed,1.4439053757087095e-06,1.4439053757087095e-06
AV.PVV..SH,2021-07-29T16:00:00.000,501046,2021-07-29T18:47:00.920,0.695,P,2021-07-29T16-00-00.mseed,4.894181415693311e-07,4.894181415693311e-07
AV.PVV..SH,2021-07-29T16:00:00.000,576726,2021-07-29T19:12:14.520,0.948,P,2021-07-29T16-00-00.mseed,6.8123677010589745e-06,6.8123677010589745e-06
AV.PVV..SH,2021-07-29T16:00:00.000,583782,2021-07-29T19:14:35.640,0.363,P,2021-07-29T16-00-00.mseed,7.932083576633886e-07,7.932083576633886e-07
AV.PVV..SH,2021-07-29T16:00:00.000,632086,2021-07-29T19:30:41.720,0.463,P,2021-07-29T16-00-00.mseed,7.431717108374869e-07,7.431717108374869e-07
AV.PVV..SH,2021-07-29T16:00:00.000,701064,2021-07-29T19:53:41.280,0.955,P,2021-07-29T16-00-00.mseed,9.15357929898164e-07,9.15357929898164e-07
AV.PVV..SH,2021-07-29T16:00:00.000,768851,2021-07-29T20:16:17.020,0.817,P,2021-07-29T16-00-00.mseed,2.76598768778058e-07,2.76598768778058e-07
AV.PVV..SH,2021-07-29T16:00:00.000,785784,2021-07-29T20:21:55.680,0.521,P,2021-07-29T16-00-00.mseed,5.950282115918526e-07,5.950282115918526e-07
AV.PVV..SH,2021-07-29T16:00:00.000,791155,2021-07-29T20:23:43.100,0.814,P,2021-07-29T16-00-00.mseed,1.2989653441763949e-06,1.2989653441763949e-06
AV.PVV..SH,2021-07-29T16:00:00.000,797533,2021-07-29T20:25:50.660,0.972,P,2021-07-29T16-00-00.mseed,4.825732276003691e-07,4.825732276003691e-07
AV.PVV..SH,2021-07-29T16:00:00.000,813810,2021-07-29T20:31:16.200,0.889,P,2021-07-29T16-00-00.mseed,6.5901408561330754e-06,6.5901408561330754e-06
AV.PVV..SH,2021-07-29T16:00:00.000,820332,2021-07-29T20:33:26.640,0.919,P,2021-07-29T16-00-00.mseed,2.6644109311746433e-05,2.6644109311746433e-05
AV.PVV..SH,2021-07-29T16:00:00.000,847856,2021-07-29T20:42:37.120,0.449,P,2021-07-29T16-00-00.mseed,1.764448995800194e-07,1.764448995800194e-07
AV.PVV..SH,2021-07-29T16:00:00.000,847896,2021-07-29T20:42:37.920,0.558,P,2021-07-29T16-00-00.mseed,9.347231184619886e-07,9.347231184619886e-07
AV.PVV..SH,2021-07-29T16:00:00.000,889934,2021-07-29T20:56:38.680,0.463,P,2021-07-29T16-00-00.mseed,4.6118444174680917e-07,4.6118444174680917e-07
AV.PVV..SH,2021-07-29T16:00:00.000,902013,2021-07-29T21:00:40.260,0.92,P,2021-07-29T16-00-00.mseed,3.1732935894979164e-05,3.1732935894979164e-05
AV.PVV..SH,2021-07-29T16:00:00.000,925824,2021-07-29T21:08:36.480,0.66,P,2021-07-29T16-00-00.mseed,9.080095537683519e-07,9.080095537683519e-07
AV.PVV..SH,2021-07-29T16:00:00.000,955753,2021-07-29T21:18:35.060,0.972,P,2021-07-29T16-00-00.mseed,1.6578729855609708e-06,1.6578729855609708e-06
AV.PVV..SH,2021-07-29T16:00:00.000,1019844,2021-07-29T21:39:56.880,0.965,P,2021-07-29T16-00-00.mseed,8.465123755740933e-06,8.465123755740933e-06
AV.PVV..SH,2021-07-29T16:00:00.000,1076692,2021-07-29T21:58:53.840,0.305,P,2021-07-29T16-00-00.mseed,3.203867322554288e-07,3.203867322554288e-07
AV.PVV..SH,2021-07-29T16:00:00.000,1087548,2021-07-29T22:02:30.960,0.589,P,2021-07-29T16-00-00.mseed,2.9482333729902166e-07,2.9482333729902166e-07
AV.PVV..SH,2021-07-29T16:00:00.000,1137473,2021-07-29T22:19:09.460,0.937,P,2021-07-29T16-00-00.mseed,1.2375465303193778e-05,1.2375465303193778e-05
AV.PVV..SH,2021-07-29T16:00:00.000,1155703,2021-07-29T22:25:14.060,0.416,P,2021-07-29T16-00-00.mseed,1.8307906657355488e-06,1.8307906657355488e-06
AV.PVV..SH,2021-07-29T16:00:00.000,1244770,2021-07-29T22:54:55.400,0.347,P,2021-07-29T16-00-00.mseed,4.164386950833432e-07,4.164386950833432e-07
AV.PVV..SH,2021-07-29T16:00:00.000,1250287,2021-07-29T22:56:45.740,0.956,P,2021-07-29T16-00-00.mseed,1.6385622529924149e-06,1.6385622529924149e-06
AV.PVV..SH,2021-07-29T16:00:00.000,1376823,2021-07-29T23:38:56.460,0.977,P,2021-07-29T16-00-00.mseed,3.8021928503439995e-06,3.8021928503439995e-06
AV.PVV..SH,2021-07-29T16:00:00.000,2859,2021-07-29T16:00:57.180,0.606,S,2021-07-29T16-00-00.mseed,1.1810657269961666e-06,1.1810657269961666e-06
AV.PVV..SH,2021-07-29T16:00:00.000,116492,2021-07-29T16:38:49.840,0.332,S,2021-07-29T16-00-00.mseed,8.417960088991094e-07,8.417960088991094e-07
AV.PVV..SH,2021-07-29T16:00:00.000,183254,2021-07-29T17:01:05.080,0.306,S,2021-07-29T16-00-00.mseed,3.0838173188385554e-06,3.0838173188385554e-06
AV.PVV..SH,2021-07-29T16:00:00.000,193724,2021-07-29T17:04:34.480,0.498,S,2021-07-29T16-00-00.mseed,9.272045531361073e-07,9.272045531361073e-07
AV.PVV..SH,2021-07-29T16:00:00.000,250613,2021-07-29T17:23:32.260,0.679,S,2021-07-29T16-00-00.mseed,1.5809409887879156e-06,1.5809409887879156e-06
AV.PVV..SH,2021-07-29T16:00:00.000,266038,2021-07-29T17:28:40.760,0.396,S,2021-07-29T16-00-00.mseed,2.3348204649664694e-06,2.3348204649664694e-06
AV.PVV..SH,2021-07-29T16:00:00.000,280144,2021-07-29T17:33:22.880,0.706,S,2021-07-29T16-00-00.mseed,6.53955453344679e-07,6.53955453344679e-07
AV.PVV..SH,2021-07-29T16:00:00.000,281798,2021-07-29T17:33:55.960,0.504,S,2021-07-29T16-00-00.mseed,7.397337071779475e-07,7.397337071779475e-07
AV.PVV..SH,2021-07-29T16:00:00.000,284219,2021-07-29T17:34:44.380,0.706,S,2021-07-29T16-00-00.mseed,1.887056555460731e-06,1.887056555460731e-06
AV.PVV..SH,2021-07-29T16:00:00.000,337584,2021-07-29T17:52:31.680,0.743,S,2021-07-29T16-00-00.mseed,1.0344714382881648e-06,1.0344714382881648e-06
AV.PVV..SH,2021-07-29T16:00:00.000,413880,2021-07-29T18:17:57.600,0.416,S,2021-07-29T16-00-00.mseed,4.648275933050172e-07,4.648275933050172e-07
AV.PVV..SH,2021-07-29T16:00:00.000,475519,2021-07-29T18:38:30.380,0.48,S,2021-07-29T16-00-00.mseed,1.4439053757087095e-06,1.4439053757087095e-06
AV.PVV..SH,2021-07-29T16:00:00.000,476662,2021-07-29T18:38:53.240,0.318,S,2021-07-29T16-00-00.mseed,2.097966444125632e-06,2.097966444125632e-06
AV.PVV..SH,2021-07-29T16:00:00.000,501443,2021-07-29T18:47:08.860,0.607,S,2021-07-29T16-00-00.mseed,6.039600748408702e-07,6.039600748408702e-07
AV.PVV..SH,2021-07-29T16:00:00.000,522134,2021-07-29T18:54:02.680,0.346,S,2021-07-29T16-00-00.mseed,2.7781143785432505e-07,2.7781143785432505e-07
AV.PVV..SH,2021-07-29T16:00:00.000,577208,2021-07-29T19:12:24.160,0.711,S,2021-07-29T16-00-00.mseed,7.0909618443693034e-06,7.0909618443693034e-06
AV.PVV..SH,2021-07-29T16:00:00.000,701410,2021-07-29T19:53:48.200,0.375,S,2021-07-29T16-00-00.mseed,8.124670785036869e-07,8.124670785036869e-07
AV.PVV..SH,2021-07-29T16:00:00.000,767958,2021-07-29T20:15:59.160,0.391,S,2021-07-29T16-00-00.mseed,2.537419163672894e-07,2.537419163672894e-07
AV.PVV..SH,2021-07-29T16:00:00.000,769084,2021-07-29T20:16:21.680,0.332,S,2021-07-29T16-00-00.mseed,2.4360667794098845e-07,2.4360667794098845e-07
AV.PVV..SH,2021-07-29T16:00:00.000,786008,2021-07-29T20:22:00.160,0.525,S,2021-07-29T16-00-00.mseed,8.293411042359367e-07,8.293411042359367e-07
AV.PVV..SH,2021-07-29T16:00:00.000,792690,2021-07-29T20:24:13.800,0.417,S,2021-07-29T16-00-00.mseed,2.294505293320981e-06,2.294505293320981e-06
AV.PVV..SH,2021-07-29T16:00:00.000,797976,2021-07-29T20:25:59.520,0.616,S,2021-07-29T16-00-00.mseed,6.525095272991166e-07,6.525095272991166e-07
AV.PVV..SH,2021-07-29T16:00:00.000,814072,2021-07-29T20:31:21.440,0.534,S,2021-07-29T16-00-00.mseed,7.219491180876503e-06,7.219491180876503e-06
AV.PVV..SH,2021-07-29T16:00:00.000,820768,2021-07-29T20:33:35.360,0.441,S,2021-07-29T16-00-00.mseed,3.799751357291825e-05,3.799751357291825e-05
AV.PVV..SH,2021-07-29T16:00:00.000,822692,2021-07-29T20:34:13.840,0.334,S,2021-07-29T16-00-00.mseed,7.180087413871661e-05,7.180087413871661e-05
AV.PVV..SH,2021-07-29T16:00:00.000,848092,2021-07-29T20:42:41.840,0.361,S,2021-07-29T16-00-00.mseed,9.347231184619886e-07,9.347231184619886e-07
AV.PVV..SH,2021-07-29T16:00:00.000,903779,2021-07-29T21:01:15.580,0.385,S,2021-07-29T16-00-00.mseed,8.296216401504353e-05,8.296216401504353e-05
AV.PVV..SH,2021-07-29T16:00:00.000,926198,2021-07-29T21:08:43.960,0.574,S,2021-07-29T16-00-00.mseed,9.460839578423474e-07,9.460839578423474e-07
AV.PVV..SH,2021-07-29T16:00:00.000,956166,2021-07-29T21:18:43.320,0.319,S,2021-07-29T16-00-00.mseed,1.6578729855609708e-06,1.6578729855609708e-06
AV.PVV..SH,2021-07-29T16:00:00.000,957894,2021-07-29T21:19:17.880,0.379,S,2021-07-29T16-00-00.mseed,9.890113688015845e-07,9.890113688015845e-07
AV.PVV..SH,2021-07-29T16:00:00.000,1020144,2021-07-29T21:40:02.880,0.582,S,2021-07-29T16-00-00.mseed,8.465123755740933e-06,8.465123755740933e-06
AV.PVV..SH,2021-07-29T16:00:00.000,1087830,2021-07-29T22:02:36.600,0.463,S,2021-07-29T16-00-00.mseed,3.2867873756003974e-07,3.2867873756003974e-07
AV.PVV..SH,2021-07-29T16:00:00.000,1137919,2021-07-29T22:19:18.380,0.345,S,2021-07-29T16-00-00.mseed,1.2842322576034348e-05,1.2842322576034348e-05
AV.PVV..SH,2021-07-29T16:00:00.000,1139559,2021-07-29T22:19:51.180,0.452,S,2021-07-29T16-00-00.mseed,1.948099998116959e-05,1.948099998116959e-05
AV.PVV..SH,2021-07-29T16:00:00.000,1155965,2021-07-29T22:25:19.300,0.664,S,2021-07-29T16-00-00.mseed,1.8307906657355488e-06,1.8307906657355488e-06
AV.PVV..SH,2021-07-29T16:00:00.000,1377248,2021-07-29T23:39:04.960,0.574,S,2021-07-29T16-00-00.mseed,4.5122537812858354e-06,4.5122537812858354e-06
AV.S12K..BH,2021-07-29T16:00:00.000,1691,2021-07-29T16:00:33.820,0.763,P,2021-07-29T16-00-00.mseed,2.27601663027599e-06,2.27601663027599e-06
AV.S12K..BH,2021-07-29T16:00:00.000,29814,2021-07-29T16:09:56.280,0.95,P,2021-07-29T16-00-00.mseed,5.770638017565943e-05,5.770638017565943e-05
AV.S12K..BH,2021-07-29T16:00:00.000,116171,2021-07-29T16:38:43.420,0.906,P,2021-07-29T16-00-00.mseed,2.309044020876172e-06,2.309044020876172e-06
AV.S12K..BH,2021-07-29T16:00:00.000,181762,2021-07-29T17:00:35.240,0.701,P,2021-07-29T16-00-00.mseed,4.4334569793136325e-06,4.4334569793136325e-06
AV.S12K..BH,2021-07-29T16:00:00.000,192551,2021-07-29T17:04:11.020,0.688,P,2021-07-29T16-00-00.mseed,1.3694623248738935e-06,1.3694623248738935e-06
AV.S12K..BH,2021-07-29T16:00:00.000,249487,2021-07-29T17:23:09.740,0.531,P,2021-07-29T16-00-00.mseed,2.576563247203012e-06,2.576563247203012e-06
AV.S12K..BH,2021-07-29T16:00:00.000,265946,2021-07-29T17:28:38.920,0.333,P,2021-07-29T16-00-00.mseed,1.6371029687434202e-06,1.6371029687434202e-06
AV.S12K..BH,2021-07-29T16:00:00.000,265980,2021-07-29T17:28:39.600,0.553,P,2021-07-29T16-00-00.mseed,7.290291250683367e-06,7.290291250683367e-06
AV.S12K..BH,2021-07-29T16:00:00.000,279980,2021-07-29T17:33:19.600,0.336,P,2021-07-29T16-00-00.mseed,2.150064347006264e-06,2.150064347006264e-06
AV.S12K..BH,2021-07-29T16:00:00.000,283152,2021-07-29T17:34:23.040,0.738,P,2021-07-29T16-00-00.mseed,3.557216132321628e-06,3.557216132321628e-06
AV.S12K..BH,2021-07-29T16:00:00.000,337310,2021-07-29T17:52:26.200,0.859,P,2021-07-29T16-00-00.mseed,2.044302163994871e-06,2.044302163994871e-06
AV.S12K..BH,2021-07-29T16:00:00.000,404330,2021-07-29T18:14:46.600,0.631,P,2021-07-29T16-00-00.mseed,2.0611366835510125e-06,2.0611366835510125e-06
AV.S12K..BH,2021-07-29T16:00:00.000,404376,2021-07-29T18:14:47.520,0.311,P,2021-07-29T16-00-00.mseed,3.3414601148251677e-06,3.3414601148251677e-06
AV.S12K..BH,2021-07-29T16:00:00.000,405664,2021-07-29T18:15:13.280,0.333,P,2021-07-29T16-00-00.mseed,7.773945981170982e-06,7.773945981170982e-06
AV.S12K..BH,2021-07-29T16:00:00.000,475348,2021-07-29T18:38:26.960,0.904,P,2021-07-29T16-00-00.mseed,2.990806933667045e-06,2.990806933667045e-06
AV.S12K..BH,2021-07-29T16:00:00.000,501211,2021-07-29T18:47:04.220,0.661,P,2021-07-29T16-00-00.mseed,2.6952930056722835e-06,2.6952930056722835e-06
AV.S12K..BH,2021-07-29T16:00:00.000,576862,2021-07-29T19:12:17.240,0.845,P,2021-07-29T16-00-00.mseed,1.230690031661652e-05,1.230690031661652e-05
AV.S12K..BH,2021-07-29T16:00:00.000,585526,2021-07-29T19:15:10.520,0.583,P,2021-07-29T16-00-00.mseed,2.9424238618958043e-06,2.9424238618958043e-06
AV.S12K..BH,2021-07-29T16:00:00.000,701204,2021-07-29T19:53:44.080,0.446,P,2021-07-29T16-00-00.mseed,1.7363672668579966e-06,1.7363672668579966e-06
AV.S12K..BH,2021-07-29T16:00:00.000,785907,2021-07-29T20:21:58.140,0.683,P,2021-07-29T16-00-00.mseed,2.7908820356969954e-06,2.7908820356969954e-06
AV.S12K..BH,2021-07-29T16:00:00.000,813947,2021-07-29T20:31:18.940,0.546,P,2021-07-29T16-00-00.mseed,2.2534290110343136e-05,2.2534290110343136e-05
AV.S12K..BH,2021-07-29T16:00:00.000,820466,2021-07-29T20:33:29.320,0.76,P,2021-07-29T16-00-00.mseed,0.00014012533938512206,0.00014012533938512206
AV.S12K..BH,2021-07-29T16:00:00.000,848050,2021-07-29T20:42:41.000,0.339,P,2021-07-29T16-00-00.mseed,5.25061295775231e-06,5.25061295775231e-06
AV.S12K..BH,2021-07-29T16:00:00.000,902187,2021-07-29T21:00:43.740,0.844,P,2021-07-29T16-00-00.mseed,7.509648276027292e-05,7.509648276027292e-05
AV.S12K..BH,2021-07-29T16:00:00.000,925986,2021-07-29T21:08:39.720,0.783,P,2021-07-29T16-00-00.mseed,3.6092342270421796e-06,3.6092342270421796e-06
AV.S12K..BH,2021-07-29T16:00:00.000,955893,2021-07-29T21:18:37.860,0.794,P,2021-07-29T16-00-00.mseed,4.224003987474134e-06,4.224003987474134e-06
AV.S12K..BH,2021-07-29T16:00:00.000,1019995,2021-07-29T21:39:59.900,0.877,P,2021-07-29T16-00-00.mseed,2.1047348127467558e-05,2.1047348127467558e-05
AV.S12K..BH,2021-07-29T16:00:00.000,1137629,2021-07-29T22:19:12.580,0.919,P,2021-07-29T16-00-00.mseed,3.4074622817570344e-05,3.4074622817570344e-05
AV.S12K..BH,2021-07-29T16:00:00.000,1250434,2021-07-29T22:56:48.680,0.811,P,2021-07-29T16-00-00.mseed,3.908224698534468e-06,3.908224698534468e-06
AV.S12K..BH,2021-07-29T16:00:00.000,1252684,2021-07-29T22:57:33.680,0.337,P,2021-07-29T16-00-00.mseed,9.198420229949988e-06,9.198420229949988e-06
AV.S12K..BH,2021-07-29T16:00:00.000,1376986,2021-07-29T23:38:59.720,0.947,P,2021-07-29T16-00-00.mseed,1.0199879397987388e-05,1.0199879397987388e-05
AV.S12K..BH,2021-07-29T16:00:00.000,3237,2021-07-29T16:01:04.740,0.717,S,2021-07-29T16-00-00.mseed,3.3629805784585187e-06,3.3629805784585187e-06
AV.S12K..BH,2021-07-29T16:00:00.000,32136,2021-07-29T16:10:42.720,0.478,S,2021-07-29T16-00-00.mseed,0.00014425608969759196,0.00014425608969759196
AV.S12K..BH,2021-07-29T16:00:00.000,118000,2021-07-29T16:39:20.000,0.711,S,2021-07-29T16-00-00.mseed,5.215107194089796e-06,5.215107194089796e-06
AV.S12K..BH,2021-07-29T16:00:00.000,183574,2021-07-29T17:01:11.480,0.451,S,2021-07-29T16-00-00.mseed,7.381661816907581e-06,7.381661816907581e-06
AV.S12K..BH,2021-07-29T16:00:00.000,193850,2021-07-29T17:04:37.000,0.394,S,2021-07-29T16-00-00.mseed,2.455023604852613e-06,2.455023604852613e-06
AV.S12K..BH,2021-07-29T16:00:00.000,250771,2021-07-29T17:23:35.420,0.789,S,2021-07-29T16-00-00.mseed,6.323753041215241e-06,6.323753041215241e-06
AV.S12K..BH,2021-07-29T16:00:00.000,284517,2021-07-29T17:34:50.340,0.591,S,2021-07-29T16-00-00.mseed,4.842380349145969e-06,4.842380349145969e-06
AV.S12K..BH,2021-07-29T16:00:00.000,337886,2021-07-29T17:52:37.720,0.398,S,2021-07-29T16-00-00.mseed,2.3354848508461146e-06,2.3354848508461146e-06
AV.S12K..BH,2021-07-29T16:00:00.000,405919,2021-07-29T18:15:18.380,0.615,S,2021-07-29T16-00-00.mseed,7.773945981170982e-06,7.773945981170982e-06
AV.S12K..BH,2021-07-29T16:00:00.000,476768,2021-07-29T18:38:55.360,0.839,S,2021-07-29T16-00-00.mseed,5.662529929395532e-06,5.662529929395532e-06
AV.S12K..BH,2021-07-29T16:00:00.000,501736,2021-07-29T18:47:14.720,0.407,S,2021-07-29T16-00-00.mseed,2.6952930056722835e-06,2.6952930056722835e-06
AV.S12K..BH,2021-07-29T16:00:00.000,579046,2021-07-29T19:13:00.920,0.341,S,2021-07-29T16-00-00.mseed,2.553483864176087e-05,2.553483864176087e-05
AV.S12K..BH,2021-07-29T16:00:00.000,585952,2021-07-29T19:15:19.040,0.535,S,2021-07-29T16-00-00.mseed,2.9424238618958043e-06,2.9424238618958043e-06
AV.S12K..BH,2021-07-29T16:00:00.000,792884,2021-07-29T20:24:17.680,0.43,S,2021-07-29T16-00-00.mseed,8.337490726262331e-06,8.337490726262331e-06
AV.S12K..BH,2021-07-29T16:00:00.000,849488,2021-07-29T20:43:09.760,0.548,S,2021-07-29T16-00-00.mseed,4.947632987750694e-06,4.947632987750694e-06
AV.S12K..BH,2021-07-29T16:00:00.000,904105,2021-07-29T21:01:22.100,0.424,S,2021-07-29T16-00-00.mseed,0.00026763579808175564,0.00026763579808175564
AV.S12K..BH,2021-07-29T16:00:00.000,1252304,2021-07-29T22:57:26.080,0.585,S,2021-07-29T16-00-00.mseed,9.998346286010928e-06,9.998346286010928e-06
AV.S12K..BH,2021-07-29T16:00:00.000,1378618,2021-07-29T23:39:32.360,0.37,S,2021-07-29T16-00-00.mseed,1.7290782125201076e-05,1.7290782125201076e-05
