station_id,begin_time,phase_index,phase_time,phase_score,phase_type,file_name,phase_amplitude,phase_amp
AV.DEER..BH,2021-07-29T08:00:00.000,183,2021-07-29T08:00:03.660,0.577,P,2021-07-29T08-00-00.mseed,2.7636495360638946e-05,2.7636495360638946e-05
AV.DEER..BH,2021-07-29T08:00:00.000,10882,2021-07-29T08:03:37.640,0.471,P,2021-07-29T08-00-00.mseed,1.6098618289106525e-05,1.6098618289106525e-05
AV.DEER..BH,2021-07-29T08:00:00.000,24122,2021-07-29T08:08:02.440,0.454,P,2021-07-29T08-00-00.mseed,1.1814833669632208e-05,1.1814833669632208e-05
AV.DEER..BH,2021-07-29T08:00:00.000,29314,2021-07-29T08:09:46.280,0.393,P,2021-07-29T08-00-00.mseed,1.3146860510460101e-05,1.3146860510460101e-05
AV.DEER..BH,2021-07-29T08:00:00.000,30894,2021-07-29T08:10:17.880,0.539,P,2021-07-29T08-00-00.mseed,1.6105152099044062e-05,1.6105152099044062e-05
AV.DEER..BH,2021-07-29T08:00:00.000,42534,2021-07-29T08:14:10.680,0.746,P,2021-07-29T08-00-00.mseed,1.4387817827810068e-05,1.4387817827810068e-05
AV.DEER..BH,2021-07-29T08:00:00.000,44954,2021-07-29T08:14:59.080,0.719,P,2021-07-29T08-00-00.mseed,1.8922732124337927e-05,1.8922732124337927e-05
AV.DEER..BH,2021-07-29T08:00:00.000,49767,2021-07-29T08:16:35.340,0.903,P,2021-07-29T08-00-00.mseed,1.8066357370116748e-05,1.8066357370116748e-05
AV.DEER..BH,2021-07-29T08:00:00.000,55399,2021-07-29T08:18:27.980,0.827,P,2021-07-29T08-00-00.mseed,1.5078556316439062e-05,1.5078556316439062e-05
AV.DEER..BH,2021-07-29T08:00:00.000,78751,2021-07-29T08:26:15.020,0.821,P,2021-07-29T08-00-00.mseed,1.3446093362290412e-05,1.3446093362290412e-05
AV.DEER..BH,2021-07-29T08:00:00.000,101150,2021-07-29T08:33:43.000,0.569,P,2021-07-29T08-00-00.mseed,1.5259325664374046e-05,1.5259325664374046e-05
AV.DEER..BH,2021-07-29T08:00:00.000,120362,2021-07-29T08:40:07.240,0.58,P,2021-07-29T08-00-00.mseed,1.084706855181139e-05,1.084706855181139e-05
AV.DEER..BH,2021-07-29T08:00:00.000,123090,2021-07-29T08:41:01.800,0.642,P,2021-07-29T08-00-00.mseed,1.1133674888696987e-05,1.1133674888696987e-05
AV.DEER..BH,2021-07-29T08:00:00.000,156543,2021-07-29T08:52:10.860,0.358,P,2021-07-29T08-00-00.mseed,1.0622210538713261e-05,1.0622210538713261e-05
AV.DEER..BH,2021-07-29T08:00:00.000,177146,2021-07-29T08:59:02.920,0.387,P,2021-07-29T08-00-00.mseed,5.2331029110064264e-06,5.2331029110064264e-06
AV.DEER..BH,2021-07-29T08:00:00.000,205714,2021-07-29T09:08:34.280,0.67,P,2021-07-29T08-00-00.mseed,4.1434154809394386e-06,4.1434154809394386e-06
AV.DEER..BH,2021-07-29T08:00:00.000,224475,2021-07-29T09:14:49.500,0.542,P,2021-07-29T08-00-00.mseed,3.5294215194880962e-06,3.5294215194880962e-06
AV.DEER..BH,2021-07-29T08:00:00.000,233630,2021-07-29T09:17:52.600,0.735,P,2021-07-29T08-00-00.mseed,5.4199945225263946e-06,5.4199945225263946e-06
AV.DEER..BH,2021-07-29T08:00:00.000,250942,2021-07-29T09:23:38.840,0.64,P,2021-07-29T08-00-00.mseed,3.6596693462342955e-06,3.6596693462342955e-06
AV.DEER..BH,2021-07-29T08:00:00.000,261167,2021-07-29T09:27:03.340,0.352,P,2021-07-29T08-00-00.mseed,4.045997229695786e-06,4.045997229695786e-06
AV.DEER..BH,2021-07-29T08:00:00.000,263222,2021-07-29T09:27:44.440,0.345,P,2021-07-29T08-00-00.mseed,3.960650246881414e-06,3.960650246881414e-06
AV.DEER..BH,2021-07-29T08:00:00.000,267295,2021-07-29T09:29:05.900,0.652,P,2021-07-29T08-00-00.mseed,1.3683815268450417e-05,1.3683815268450417e-05
AV.DEER..BH,2021-07-29T08:00:00.000,296371,2021-07-29T09:38:47.420,0.681,P,2021-07-29T08-00-00.mseed,5.430620603874559e-06,5.430620603874559e-06
AV.DEER..BH,2021-07-29T08:00:00.000,312074,2021-07-29T09:44:01.480,0.642,P,2021-07-29T08-00-00.mseed,2.324965635125409e-06,2.324965635125409e-06
AV.DEER..BH,2021-07-29T08:00:00.000,316498,2021-07-29T09:45:29.960,0.437,P,2021-07-29T08-00-00.mseed,1.94966264643881e-06,1.94966264643881e-06
AV.DEER..BH,2021-07-29T08:00:00.000,334743,2021-07-29T09:51:34.860,0.477,P,2021-07-29T08-00-00.mseed,1.90959804058366e-06,1.90959804058366e-06
AV.DEER..BH,2021-07-29T08:00:00.000,339318,2021-07-29T09:53:06.360,0.942,P,2021-07-29T08-00-00.mseed,5.891110959055368e-06,5.891110959055368e-06
AV.DEER..BH,2021-07-29T08:00:00.000,340310,2021-07-29T09:53:26.200,0.328,P,2021-07-29T08-00-00.mseed,4.638134214474121e-06,4.638134214474121e-06
AV.DEER..BH,2021-07-29T08:00:00.000,343438,2021-07-29T09:54:28.760,0.761,P,2021-07-29T08-00-00.mseed,7.507412192353513e-06,7.507412192353513e-06
AV.DEER..BH,2021-07-29T08:00:00.000,358175,2021-07-29T09:59:23.500,0.584,P,2021-07-29T08-00-00.mseed,6.239068625291111e-06,6.239068625291111e-06
AV.DEER..BH,2021-07-29T08:00:00.000,360279,2021-07-29T10:00:05.580,0.331,P,2021-07-29T08-00-00.mseed,6.480760930571705e-06,6.480760930571705e-06
AV.DEER..BH,2021-07-29T08:00:00.000,367280,2021-07-29T10:02:25.600,0.705,P,2021-07-29T08-00-00.mseed,3.1604226933268365e-06,3.1604226933268365e-06
AV.DEER..BH,2021-07-29T08:00:00.000,368731,2021-07-29T10:02:54.620,0.545,P,2021-07-29T08-00-00.mseed,3.56939312950999e-06,3.56939312950999e-06
AV.DEER..BH,2021-07-29T08:00:00.000,373938,2021-07-29T10:04:38.760,0.421,P,2021-07-29T08-00-00.mseed,2.089374447677983e-06,2.089374447677983e-06
AV.DEER..BH,2021-07-29T08:00:00.000,377634,2021-07-29T10:05:52.680,0.352,P,2021-07-29T08-00-00.mseed,2.0809775378438644e-06,2.0809775378438644e-06
AV.DEER..BH,2021-07-29T08:00:00.000,386056,2021-07-29T10:08:41.120,0.406,P,2021-07-29T08-00-00.mseed,2.005653414016706e-06,2.005653414016706e-06
AV.DEER..BH,2021-07-29T08:00:00.000,387550,2021-07-29T10:09:11.000,0.373,P,2021-07-29T08-00-00.mseed,2.988117785207578e-06,2.988117785207578e-06
AV.DEER..BH,2021-07-29T08:00:00.000,402351,2021-07-29T10:14:07.020,0.366,P,2021-07-29T08-00-00.mseed,2.358073061259347e-06,2.358073061259347e-06
AV.DEER..BH,2021-07-29T08:00:00.000,404088,2021-07-29T10:14:41.760,0.327,P,2021-07-29T08-00-00.mseed,2.4432615646219347e-06,2.4432615646219347e-06
AV.DEER..BH,2021-07-29T08:00:00.000,409908,2021-07-29T10:16:38.160,0.565,P,2021-07-29T08-00-00.mseed,1.8070514897772227e-06,1.8070514897772227e-06
AV.DEER..BH,2021-07-29T08:00:00.000,422471,2021-07-29T10:20:49.420,0.472,P,2021-07-29T08-00-00.mseed,1.8176352796217543e-06,1.8176352796217543e-06
AV.DEER..BH,2021-07-29T08:00:00.000,424258,2021-07-29T10:21:25.160,0.421,P,2021-07-29T08-00-00.mseed,2.193733507738216e-06,2.193733507738216e-06
AV.DEER..BH,2021-07-29T08:00:00.000,429206,2021-07-29T10:23:04.120,0.369,P,2021-07-29T08-00-00.mseed,5.736050070481724e-07,5.736050070481724e-07
AV.DEER..BH,2021-07-29T08:00:00.000,429238,2021-07-29T10:23:04.760,0.497,P,2021-07-29T08-00-00.mseed,1.4859734847050277e-06,1.4859734847050277e-06
AV.DEER..BH,2021-07-29T08:00:00.000,431014,2021-07-29T10:23:40.280,0.609,P,2021-07-29T08-00-00.mseed,2.5386746074218536e-06,2.5386746074218536e-06
AV.DEER..BH,2021-07-29T08:00:00.000,434891,2021-07-29T10:24:57.820,0.574,P,2021-07-29T08-00-00.mseed,1.6390195014537312e-06,1.6390195014537312e-06
AV.DEER..BH,2021-07-29T08:00:00.000,443063,2021-07-29T10:27:41.260,0.66,P,2021-07-29T08-00-00.mseed,3.3558735594851896e-06,3.3558735594851896e-06
AV.DEER..BH,2021-07-29T08:00:00.000,449371,2021-07-29T10:29:47.420,0.485,P,2021-07-29T08-00-00.mseed,2.4974672214739257e-06,2.4974672214739257e-06
AV.DEER..BH,2021-07-29T08:00:00.000,465375,2021-07-29T10:35:07.500,0.354,P,2021-07-29T08-00-00.mseed,2.2669119061902165e-06,2.2669119061902165e-06
AV.DEER..BH,2021-07-29T08:00:00.000,476254,2021-07-29T10:38:45.080,0.843,P,2021-07-29T08-00-00.mseed,1.3944019201517222e-06,1.3944019201517222e-06
AV.DEER..BH,2021-07-29T08:00:00.000,512815,2021-07-29T10:50:56.300,0.986,P,2021-07-29T08-00-00.mseed,4.9352911446476355e-06,4.9352911446476355e-06
AV.DEER..BH,2021-07-29T08:00:00.000,524338,2021-07-29T10:54:46.760,0.665,P,2021-07-29T08-00-00.mseed,1.6419063513239962e-06,1.6419063513239962e-06
AV.DEER..BH,2021-07-29T08:00:00.000,547378,2021-07-29T11:02:27.560,0.342,P,2021-07-29T08-00-00.mseed,1.5837131286389194e-06,1.5837131286389194e-06
AV.DEER..BH,2021-07-29T08:00:00.000,557026,2021-07-29T11:05:40.520,0.742,P,2021-07-29T08-00-00.mseed,1.828491008382116e-06,1.828491008382116e-06
AV.DEER..BH,2021-07-29T08:00:00.000,558647,2021-07-29T11:06:12.940,0.747,P,2021-07-29T08-00-00.mseed,7.2939910751301795e-06,7.2939910751301795e-06
AV.DEER..BH,2021-07-29T08:00:00.000,568530,2021-07-29T11:09:30.600,0.946,P,2021-07-29T08-00-00.mseed,4.4485927901405375e-06,4.4485927901405375e-06
AV.DEER..BH,2021-07-29T08:00:00.000,570208,2021-07-29T11:10:04.160,0.734,P,2021-07-29T08-00-00.mseed,2.1313864635885693e-05,2.1313864635885693e-05
AV.DEER..BH,2021-07-29T08:00:00.000,575641,2021-07-29T11:11:52.820,0.847,P,2021-07-29T08-00-00.mseed,3.174264520566794e-06,3.174264520566794e-06
AV.DEER..BH,2021-07-29T08:00:00.000,603859,2021-07-29T11:21:17.180,0.427,P,2021-07-29T08-00-00.mseed,9.411726296093548e-07,9.411726296093548e-07
AV.DEER..BH,2021-07-29T08:00:00.000,612621,2021-07-29T11:24:12.420,0.97,P,2021-07-29T08-00-00.mseed,6.311597644526046e-06,6.311597644526046e-06
AV.DEER..BH,2021-07-29T08:00:00.000,630219,2021-07-29T11:30:04.380,0.908,P,2021-07-29T08-00-00.mseed,2.1429923435789533e-06,2.1429923435789533e-06
AV.DEER..BH,2021-07-29T08:00:00.000,666758,2021-07-29T11:42:15.160,0.383,P,2021-07-29T08-00-00.mseed,1.1727654509741114e-06,1.1727654509741114e-06
AV.DEER..BH,2021-07-29T08:00:00.000,668468,2021-07-29T11:42:49.360,0.608,P,2021-07-29T08-00-00.mseed,3.1151021175901406e-06,3.1151021175901406e-06
AV.DEER..BH,2021-07-29T08:00:00.000,685911,2021-07-29T11:48:38.220,0.661,P,2021-07-29T08-00-00.mseed,1.630331667001883e-06,1.630331667001883e-06
AV.DEER..BH,2021-07-29T08:00:00.000,712405,2021-07-29T11:57:28.100,0.817,P,2021-07-29T08-00-00.mseed,1.7075740288419183e-06,1.7075740288419183e-06
AV.DEER..BH,2021-07-29T08:00:00.000,777615,2021-07-29T12:19:12.300,0.658,P,2021-07-29T08-00-00.mseed,4.81476627101074e-06,4.81476627101074e-06
AV.DEER..BH,2021-07-29T08:00:00.000,794710,2021-07-29T12:24:54.200,0.838,P,2021-07-29T08-00-00.mseed,1.9796536889771232e-06,1.9796536889771232e-06
AV.DEER..BH,2021-07-29T08:00:00.000,807250,2021-07-29T12:29:05.000,0.809,P,2021-07-29T08-00-00.mseed,1.809817376852152e-06,1.809817376852152e-06
AV.DEER..BH,2021-07-29T08:00:00.000,808887,2021-07-29T12:29:37.740,0.392,P,2021-07-29T08-00-00.mseed,6.963315172470175e-06,6.963315172470175e-06
AV.DEER..BH,2021-07-29T08:00:00.000,818827,2021-07-29T12:32:56.540,0.77,P,2021-07-29T08-00-00.mseed,1.3774707667835173e-06,1.3774707667835173e-06
AV.DEER..BH,2021-07-29T08:00:00.000,832076,2021-07-29T12:37:21.520,0.568,P,2021-07-29T08-00-00.mseed,1.2528776096587535e-06,1.2528776096587535e-06
AV.DEER..BH,2021-07-29T08:00:00.000,850449,2021-07-29T12:43:28.980,0.96,P,2021-07-29T08-00-00.mseed,5.8551804613671266e-06,5.8551804613671266e-06
AV.DEER..BH,2021-07-29T08:00:00.000,877500,2021-07-29T12:52:30.000,0.72,P,2021-07-29T08-00-00.mseed,1.7529994238429936e-06,1.7529994238429936e-06
AV.DEER..BH,2021-07-29T08:00:00.000,911531,2021-07-29T13:03:50.620,0.493,P,2021-07-29T08-00-00.mseed,1.0588134955469286e-06,1.0588134955469286e-06
AV.DEER..BH,2021-07-29T08:00:00.000,946564,2021-07-29T13:15:31.280,0.66,P,2021-07-29T08-00-00.mseed,2.798295554384822e-06,2.798295554384822e-06
AV.DEER..BH,2021-07-29T08:00:00.000,956211,2021-07-29T13:18:44.220,0.831,P,2021-07-29T08-00-00.mseed,3.445034053584095e-06,3.445034053584095e-06
AV.DEER..BH,2021-07-29T08:00:00.000,958304,2021-07-29T13:19:26.080,0.6,P,2021-07-29T08-00-00.mseed,9.23668540053768e-06,9.23668540053768e-06
AV.DEER..BH,2021-07-29T08:00:00.000,965720,2021-07-29T13:21:54.400,0.316,P,2021-07-29T08-00-00.mseed,1.5478645991606754e-06,1.5478645991606754e-06
AV.DEER..BH,2021-07-29T08:00:00.000,993526,2021-07-29T13:31:10.520,0.689,P,2021-07-29T08-00-00.mseed,1.3921242043579696e-06,1.3921242043579696e-06
AV.DEER..BH,2021-07-29T08:00:00.000,995698,2021-07-29T13:31:53.960,0.887,P,2021-07-29T08-00-00.mseed,2.4909720650612144e-06,2.4909720650612144e-06
AV.DEER..BH,2021-07-29T08:00:00.000,1008722,2021-07-29T13:36:14.440,0.415,P,2021-07-29T08-00-00.mseed,8.46388843456225e-07,8.46388843456225e-07
AV.DEER..BH,2021-07-29T08:00:00.000,1046867,2021-07-29T13:48:57.340,0.841,P,2021-07-29T08-00-00.mseed,1.3252232520244434e-06,1.3252232520244434e-06
AV.DEER..BH,2021-07-29T08:00:00.000,1088735,2021-07-29T14:02:54.700,0.51,P,2021-07-29T08-00-00.mseed,8.15999953829305e-07,8.15999953829305e-07
AV.DEER..BH,2021-07-29T08:00:00.000,1092942,2021-07-29T14:04:18.840,0.398,P,2021-07-29T08-00-00.mseed,2.31622993851488e-06,2.31622993851488e-06
AV.DEER..BH,2021-07-29T08:00:00.000,1105523,2021-07-29T14:08:30.460,0.415,P,2021-07-29T08-00-00.mseed,8.807924132270273e-07,8.807924132270273e-07
AV.DEER..BH,2021-07-29T08:00:00.000,1108671,2021-07-29T14:09:33.420,0.513,P,2021-07-29T08-00-00.mseed,1.974489805434132e-06,1.974489805434132e-06
AV.DEER..BH,2021-07-29T08:00:00.000,1132478,2021-07-29T14:17:29.560,0.843,P,2021-07-29T08-00-00.mseed,1.3768310509476578e-06,1.3768310509476578e-06
AV.DEER..BH,2021-07-29T08:00:00.000,1143140,2021-07-29T14:21:02.800,0.418,P,2021-07-29T08-00-00.mseed,7.767253578094824e-07,7.767253578094824e-07
AV.DEER..BH,2021-07-29T08:00:00.000,1213220,2021-07-29T14:44:24.400,0.496,P,2021-07-29T08-00-00.mseed,1.1955193031099043e-06,1.1955193031099043e-06
AV.DEER..BH,2021-07-29T08:00:00.000,1226254,2021-07-29T14:48:45.080,0.862,P,2021-07-29T08-00-00.mseed,1.1704887583618984e-06,1.1704887583618984e-06
AV.DEER..BH,2021-07-29T08:00:00.000,1230426,2021-07-29T14:50:08.520,0.369,P,2021-07-29T08-00-00.mseed,1.0529023484195932e-06,1.0529023484195932e-06
AV.DEER..BH,2021-07-29T08:00:00.000,1239862,2021-07-29T14:53:17.240,0.447,P,2021-07-29T08-00-00.mseed,1.0789115094667068e-06,1.0789115094667068e-06
AV.DEER..BH,2021-07-29T08:00:00.000,1251631,2021-07-29T14:57:12.620,0.613,P,2021-07-29T08-00-00.mseed,7.649815074728394e-07,7.649815074728394e-07
AV.DEER..BH,2021-07-29T08:00:00.000,1256342,2021-07-29T14:58:46.840,0.762,P,2021-07-29T08-00-00.mseed,1.0572283599685761e-06,1.0572283599685761e-06
AV.DEER..BH,2021-07-29T08:00:00.000,1258500,2021-07-29T14:59:30.000,0.456,P,2021-07-29T08-00-00.mseed,3.096607088082237e-06,3.096607088082237e-06
AV.DEER..BH,2021-07-29T08:00:00.000,1293757,2021-07-29T15:11:15.140,0.934,P,2021-07-29T08-00-00.mseed,1.385482960358786e-06,1.385482960358786e-06
AV.DEER..BH,2021-07-29T08:00:00.000,1302175,2021-07-29T15:14:03.500,0.86,P,2021-07-29T08-00-00.mseed,1.4832304486844805e-06,1.4832304486844805e-06
AV.DEER..BH,2021-07-29T08:00:00.000,1303984,2021-07-29T15:14:39.680,0.497,P,2021-07-29T08-00-00.mseed,2.5307692794740433e-06,2.5307692794740433e-06
AV.DEER..BH,2021-07-29T08:00:00.000,1351640,2021-07-29T15:30:32.800,0.549,P,2021-07-29T08-00-00.mseed,1.2730716889564064e-06,1.2730716889564064e-06
AV.DEER..BH,2021-07-29T08:00:00.000,1425650,2021-07-29T15:55:13.000,0.902,P,2021-07-29T08-00-00.mseed,9.110149221669417e-07,9.110149221669417e-07
AV.DEER..BH,2021-07-29T08:00:00.000,613,2021-07-29T08:00:12.260,0.452,S,2021-07-29T08-00-00.mseed,2.7636495360638946e-05,2.7636495360638946e-05
AV.DEER..BH,2021-07-29T08:00:00.000,12867,2021-07-29T08:04:17.340,0.498,S,2021-07-29T08-00-00.mseed,2.011031574511435e-05,2.011031574511435e-05
AV.DEER..BH,2021-07-29T08:00:00.000,31752,2021-07-29T08:10:35.040,0.522,S,2021-07-29T08-00-00.mseed,2.0390698409755714e-05,2.0390698409755714e-05
AV.DEER..BH,2021-07-29T08:00:00.000,33826,2021-07-29T08:11:16.520,0.334,S,2021-07-29T08-00-00.mseed,4.8398025683127344e-05,4.8398025683127344e-05
AV.DEER..BH,2021-07-29T08:00:00.000,50214,2021-07-29T08:16:44.280,0.546,S,2021-07-29T08-00-00.mseed,7.1517019932798576e-06,7.1517019932798576e-06
AV.DEER..BH,2021-07-29T08:00:00.000,50248,2021-07-29T08:16:44.960,0.349,S,2021-07-29T08-00-00.mseed,1.4962965906306636e-05,1.4962965906306636e-05
AV.DEER..BH,2021-07-29T08:00:00.000,51614,2021-07-29T08:17:12.280,0.334,S,2021-07-29T08-00-00.mseed,1.769994560163468e-05,1.769994560163468e-05
AV.DEER..BH,2021-07-29T08:00:00.000,55945,2021-07-29T08:18:38.900,0.66,S,2021-07-29T08-00-00.mseed,9.606778803572524e-06,9.606778803572524e-06
AV.DEER..BH,2021-07-29T08:00:00.000,79442,2021-07-29T08:26:28.840,0.307,S,2021-07-29T08-00-00.mseed,1.1081646334787365e-05,1.1081646334787365e-05
AV.DEER..BH,2021-07-29T08:00:00.000,120711,2021-07-29T08:40:14.220,0.415,S,2021-07-29T08-00-00.mseed,1.2696575140580535e-05,1.2696575140580535e-05
AV.DEER..BH,2021-07-29T08:00:00.000,124802,2021-07-29T08:41:36.040,0.691,S,2021-07-29T08-00-00.mseed,1.8796139556798153e-05,1.8796139556798153e-05
AV.DEER..BH,2021-07-29T08:00:00.000,170326,2021-07-29T08:56:46.520,0.457,S,2021-07-29T08-00-00.mseed,2.005662645387929e-05,2.005662645387929e-05
AV.DEER..BH,2021-07-29T08:00:00.000,177539,2021-07-29T08:59:10.780,0.449,S,2021-07-29T08-00-00.mseed,9.354312169307377e-06,9.354312169307377e-06
AV.DEER..BH,2021-07-29T08:00:00.000,226866,2021-07-29T09:15:37.320,0.34,S,2021-07-29T08-00-00.mseed,5.64668243896449e-06,5.64668243896449e-06
AV.DEER..BH,2021-07-29T08:00:00.000,251474,2021-07-29T09:23:49.480,0.417,S,2021-07-29T08-00-00.mseed,3.0140593025862472e-06,3.0140593025862472e-06
AV.DEER..BH,2021-07-29T08:00:00.000,269202,2021-07-29T09:29:44.040,0.415,S,2021-07-29T08-00-00.mseed,7.122880924725905e-05,7.122880924725905e-05
AV.DEER..BH,2021-07-29T08:00:00.000,296739,2021-07-29T09:38:54.780,0.404,S,2021-07-29T08-00-00.mseed,5.557396889344091e-06,5.557396889344091e-06
AV.DEER..BH,2021-07-29T08:00:00.000,299046,2021-07-29T09:39:40.920,0.497,S,2021-07-29T08-00-00.mseed,4.6703435145900585e-06,4.6703435145900585e-06
AV.DEER..BH,2021-07-29T08:00:00.000,317427,2021-07-29T09:45:48.540,0.324,S,2021-07-29T08-00-00.mseed,2.913082653321908e-06,2.913082653321908e-06
AV.DEER..BH,2021-07-29T08:00:00.000,341961,2021-07-29T09:53:59.220,0.536,S,2021-07-29T08-00-00.mseed,7.585267667309381e-06,7.585267667309381e-06
AV.DEER..BH,2021-07-29T08:00:00.000,369120,2021-07-29T10:03:02.400,0.759,S,2021-07-29T08-00-00.mseed,4.3444383663882036e-06,4.3444383663882036e-06
AV.DEER..BH,2021-07-29T08:00:00.000,379850,2021-07-29T10:06:37.000,0.307,S,2021-07-29T08-00-00.mseed,2.932357801910257e-06,2.932357801910257e-06
AV.DEER..BH,2021-07-29T08:00:00.000,386698,2021-07-29T10:08:53.960,0.331,S,2021-07-29T08-00-00.mseed,2.0440243133634795e-06,2.0440243133634795e-06
AV.DEER..BH,2021-07-29T08:00:00.000,411478,2021-07-29T10:17:09.560,0.508,S,2021-07-29T08-00-00.mseed,5.3356748139776755e-06,5.3356748139776755e-06
AV.DEER..BH,2021-07-29T08:00:00.000,415547,2021-07-29T10:18:30.940,0.7,S,2021-07-29T08-00-00.mseed,4.3273957999190316e-06,4.3273957999190316e-06
AV.DEER..BH,2021-07-29T08:00:00.000,431458,2021-07-29T10:23:49.160,0.305,S,2021-07-29T08-00-00.mseed,2.8613662834686693e-06,2.8613662834686693e-06
AV.DEER..BH,2021-07-29T08:00:00.000,443456,2021-07-29T10:27:49.120,0.495,S,2021-07-29T08-00-00.mseed,3.3558735594851896e-06,3.3558735594851896e-06
AV.DEER..BH,2021-07-29T08:00:00.000,444794,2021-07-29T10:28:15.880,0.384,S,2021-07-29T08-00-00.mseed,4.705137143901084e-06,4.705137143901084e-06
AV.DEER..BH,2021-07-29T08:00:00.000,476672,2021-07-29T10:38:53.440,0.354,S,2021-07-29T08-00-00.mseed,1.3685609019375988e-06,1.3685609019375988e-06
AV.DEER..BH,2021-07-29T08:00:00.000,513419,2021-07-29T10:51:08.380,0.91,S,2021-07-29T08-00-00.mseed,7.102637482603313e-06,7.102637482603313e-06
AV.DEER..BH,2021-07-29T08:00:00.000,539554,2021-07-29T10:59:51.080,0.436,S,2021-07-29T08-00-00.mseed,2.2851450012240093e-06,2.2851450012240093e-06
AV.DEER..BH,2021-07-29T08:00:00.000,559030,2021-07-29T11:06:20.600,0.302,S,2021-07-29T08-00-00.mseed,7.2939910751301795e-06,7.2939910751301795e-06
AV.DEER..BH,2021-07-29T08:00:00.000,568856,2021-07-29T11:09:37.120,0.475,S,2021-07-29T08-00-00.mseed,6.071798452467192e-06,6.071798452467192e-06
AV.DEER..BH,2021-07-29T08:00:00.000,576476,2021-07-29T11:12:09.520,0.582,S,2021-07-29T08-00-00.mseed,3.250313739044941e-06,3.250313739044941e-06
AV.DEER..BH,2021-07-29T08:00:00.000,593608,2021-07-29T11:17:52.160,0.309,S,2021-07-29T08-00-00.mseed,2.3367051653622184e-06,2.3367051653622184e-06
AV.DEER..BH,2021-07-29T08:00:00.000,613110,2021-07-29T11:24:22.200,0.919,S,2021-07-29T08-00-00.mseed,6.311597644526046e-06,6.311597644526046e-06
AV.DEER..BH,2021-07-29T08:00:00.000,634012,2021-07-29T11:31:20.240,0.571,S,2021-07-29T08-00-00.mseed,4.4515168156067375e-06,4.4515168156067375e-06
AV.DEER..BH,2021-07-29T08:00:00.000,669094,2021-07-29T11:43:01.880,0.426,S,2021-07-29T08-00-00.mseed,5.258865257928846e-06,5.258865257928846e-06
AV.DEER..BH,2021-07-29T08:00:00.000,687942,2021-07-29T11:49:18.840,0.351,S,2021-07-29T08-00-00.mseed,6.921209660504246e-06,6.921209660504246e-06
AV.DEER..BH,2021-07-29T08:00:00.000,778037,2021-07-29T12:19:20.740,0.602,S,2021-07-29T08-00-00.mseed,4.81476627101074e-06,4.81476627101074e-06
AV.DEER..BH,2021-07-29T08:00:00.000,795352,2021-07-29T12:25:07.040,0.387,S,2021-07-29T08-00-00.mseed,2.9524230740207713e-06,2.9524230740207713e-06
AV.DEER..BH,2021-07-29T08:00:00.000,821298,2021-07-29T12:33:45.960,0.383,S,2021-07-29T08-00-00.mseed,4.4470471038948745e-06,4.4470471038948745e-06
AV.DEER..BH,2021-07-29T08:00:00.000,832706,2021-07-29T12:37:34.120,0.337,S,2021-07-29T08-00-00.mseed,1.0513144843571354e-06,1.0513144843571354e-06
AV.DEER..BH,2021-07-29T08:00:00.000,850708,2021-07-29T12:43:34.160,0.701,S,2021-07-29T08-00-00.mseed,7.5518855737755075e-06,7.5518855737755075e-06
AV.DEER..BH,2021-07-29T08:00:00.000,879062,2021-07-29T12:53:01.240,0.424,S,2021-07-29T08-00-00.mseed,6.3811098698352e-06,6.3811098698352e-06
AV.DEER..BH,2021-07-29T08:00:00.000,956734,2021-07-29T13:18:54.680,0.452,S,2021-07-29T08-00-00.mseed,4.795869244844653e-06,4.795869244844653e-06
AV.DEER..BH,2021-07-29T08:00:00.000,1093231,2021-07-29T14:04:24.620,0.455,S,2021-07-29T08-00-00.mseed,2.31622993851488e-06,2.31622993851488e-06
AV.DEER..BH,2021-07-29T08:00:00.000,1231696,2021-07-29T14:50:33.920,0.561,S,2021-07-29T08-00-00.mseed,2.2859735508973245e-06,2.2859735508973245e-06
AV.DEER..BH,2021-07-29T08:00:00.000,1241392,2021-07-29T14:53:47.840,0.566,S,2021-07-29T08-00-00.mseed,2.303895598743111e-06,2.303895598743111e-06
AV.DEER..BH,2021-07-29T08:00:00.000,1260972,2021-07-29T15:00:19.440,0.324,S,2021-07-29T08-00-00.mseed,3.4352829061390366e-06,3.4352829061390366e-06
AV.DEER..BH,2021-07-29T08:00:00.000,1294263,2021-07-29T15:11:25.260,0.661,S,2021-07-29T08-00-00.mseed,1.385482960358786e-06,1.385482960358786e-06
AV.DEER..BH,2021-07-29T08:00:00.000,1302643,2021-07-29T15:14:12.860,0.726,S,2021-07-29T08-00-00.mseed,1.4832304486844805e-06,1.4832304486844805e-06
AV.DEER..BH,2021-07-29T08:00:00.000,1304512,2021-07-29T15:14:50.240,0.447,S,2021-07-29T08-00-00.mseed,5.090435024612816e-06,5.090435024612816e-06
AV.DEER..BH,2021-07-29T08:00:00.000,1353206,2021-07-29T15:31:04.120,0.451,S,2021-07-29T08-00-00.mseed,4.743693352793343e-06,4.743693352793343e-06
AV.DEER..BH,2021-07-29T08:00:00.000,1426328,2021-07-29T15:55:26.560,0.483,S,2021-07-29T08-00-00.mseed,1.6935554185693036e-06,1.6935554185693036e-06
AV.DOL..BH,2021-07-29T08:00:00.000,1,2021-07-29T08:00:00.020,0.72,P,2021-07-29T08-00-00.mseed,5.839268851559609e-05,5.839268851559609e-05
AV.DOL..BH,2021-07-29T08:00:00.000,6990,2021-07-29T08:02:19.800,0.327,P,2021-07-29T08-00-00.mseed,1.5071531379362568e-05,1.5071531379362568e-05
AV.DOL..BH,2021-07-29T08:00:00.000,10691,2021-07-29T08:03:33.820,0.867,P,2021-07-29T08-00-00.mseed,2.5613129764678888e-05,2.5613129764678888e-05
AV.DOL..BH,2021-07-29T08:00:00.000,28980,2021-07-29T08:09:39.600,0.333,P,2021-07-29T08-00-00.mseed,2.072947972919792e-05,2.072947972919792e-05
AV.DOL..BH,2021-07-29T08:00:00.000,40802,2021-07-29T08:13:36.040,0.703,P,2021-07-29T08-00-00.mseed,9.269309884984978e-06,9.269309884984978e-06
AV.DOL..BH,2021-07-29T08:00:00.000,43440,2021-07-29T08:14:28.800,0.548,P,2021-07-29T08-00-00.mseed,1.1297182936687022e-05,1.1297182936687022e-05
AV.DOL..BH,2021-07-29T08:00:00.000,49578,2021-07-29T08:16:31.560,0.626,P,2021-07-29T08-00-00.mseed,3.1397019483847544e-05,3.1397019483847544e-05
AV.DOL..BH,2021-07-29T08:00:00.000,77663,2021-07-29T08:25:53.260,0.65,P,2021-07-29T08-00-00.mseed,1.0252988431602716e-05,1.0252988431602716e-05
AV.DOL..BH,2021-07-29T08:00:00.000,92323,2021-07-29T08:30:46.460,0.564,P,2021-07-29T08-00-00.mseed,6.671662958979141e-06,6.671662958979141e-06
AV.DOL..BH,2021-07-29T08:00:00.000,92372,2021-07-29T08:30:47.440,0.414,P,2021-07-29T08-00-00.mseed,4.832980721403146e-06,4.832980721403146e-06
AV.DOL..BH,2021-07-29T08:00:00.000,120107,2021-07-29T08:40:02.140,0.318,P,2021-07-29T08-00-00.mseed,1.9162949683959596e-05,1.9162949683959596e-05
AV.DOL..BH,2021-07-29T08:00:00.000,122895,2021-07-29T08:40:57.900,0.932,P,2021-07-29T08-00-00.mseed,1.7218102584592998e-05,1.7218102584592998e-05
AV.DOL..BH,2021-07-29T08:00:00.000,166279,2021-07-29T08:55:25.580,0.618,P,2021-07-29T08-00-00.mseed,4.425079623615602e-06,4.425079623615602e-06
AV.DOL..BH,2021-07-29T08:00:00.000,168120,2021-07-29T08:56:02.400,0.482,P,2021-07-29T08-00-00.mseed,1.151638753071893e-05,1.151638753071893e-05
AV.DOL..BH,2021-07-29T08:00:00.000,169614,2021-07-29T08:56:32.280,0.465,P,2021-07-29T08-00-00.mseed,3.521955295582302e-05,3.521955295582302e-05
AV.DOL..BH,2021-07-29T08:00:00.000,175327,2021-07-29T08:58:26.540,0.379,P,2021-07-29T08-00-00.mseed,8.250973223766778e-06,8.250973223766778e-06
AV.DOL..BH,2021-07-29T08:00:00.000,205537,2021-07-29T09:08:30.740,0.949,P,2021-07-29T08-00-00.mseed,6.262956048885826e-06,6.262956048885826e-06
AV.DOL..BH,2021-07-29T08:00:00.000,233451,2021-07-29T09:17:49.020,0.877,P,2021-07-29T08-00-00.mseed,5.457339739223244e-06,5.457339739223244e-06
AV.DOL..BH,2021-07-29T08:00:00.000,250735,2021-07-29T09:23:34.700,0.955,P,2021-07-29T08-00-00.mseed,4.144078957324382e-06,4.144078957324382e-06
AV.DOL..BH,2021-07-29T08:00:00.000,260995,2021-07-29T09:26:59.900,0.577,P,2021-07-29T08-00-00.mseed,4.163095582043752e-06,4.163095582043752e-06
AV.DOL..BH,2021-07-29T08:00:00.000,262872,2021-07-29T09:27:37.440,0.322,P,2021-07-29T08-00-00.mseed,4.981092388334218e-06,4.981092388334218e-06
AV.DOL..BH,2021-07-29T08:00:00.000,267087,2021-07-29T09:29:01.740,0.91,P,2021-07-29T08-00-00.mseed,3.620885399868712e-05,3.620885399868712e-05
AV.DOL..BH,2021-07-29T08:00:00.000,294635,2021-07-29T09:38:12.700,0.431,P,2021-07-29T08-00-00.mseed,7.776786333124619e-06,7.776786333124619e-06
AV.DOL..BH,2021-07-29T08:00:00.000,316296,2021-07-29T09:45:25.920,0.551,P,2021-07-29T08-00-00.mseed,2.910163857450243e-06,2.910163857450243e-06
AV.DOL..BH,2021-07-29T08:00:00.000,339115,2021-07-29T09:53:02.300,0.944,P,2021-07-29T08-00-00.mseed,9.666490768722724e-06,9.666490768722724e-06
AV.DOL..BH,2021-07-29T08:00:00.000,343222,2021-07-29T09:54:24.440,0.336,P,2021-07-29T08-00-00.mseed,7.00625014360412e-06,7.00625014360412e-06
AV.DOL..BH,2021-07-29T08:00:00.000,343260,2021-07-29T09:54:25.200,0.532,P,2021-07-29T08-00-00.mseed,2.4488166673108935e-05,2.4488166673108935e-05
AV.DOL..BH,2021-07-29T08:00:00.000,348722,2021-07-29T09:56:14.440,0.372,P,2021-07-29T08-00-00.mseed,1.4221380297385622e-05,1.4221380297385622e-05
AV.DOL..BH,2021-07-29T08:00:00.000,357982,2021-07-29T09:59:19.640,0.599,P,2021-07-29T08-00-00.mseed,6.898641004227102e-06,6.898641004227102e-06
AV.DOL..BH,2021-07-29T08:00:00.000,366940,2021-07-29T10:02:18.800,0.582,P,2021-07-29T08-00-00.mseed,3.5758209833147703e-06,3.5758209833147703e-06
AV.DOL..BH,2021-07-29T08:00:00.000,367075,2021-07-29T10:02:21.500,0.572,P,2021-07-29T08-00-00.mseed,9.421360118722077e-06,9.421360118722077e-06
AV.DOL..BH,2021-07-29T08:00:00.000,377535,2021-07-29T10:05:50.700,0.556,P,2021-07-29T08-00-00.mseed,2.7144742489326745e-06,2.7144742489326745e-06
AV.DOL..BH,2021-07-29T08:00:00.000,379616,2021-07-29T10:06:32.320,0.465,P,2021-07-29T08-00-00.mseed,5.8669161262514535e-06,5.8669161262514535e-06
AV.DOL..BH,2021-07-29T08:00:00.000,385871,2021-07-29T10:08:37.420,0.52,P,2021-07-29T08-00-00.mseed,5.80137475481024e-06,5.80137475481024e-06
AV.DOL..BH,2021-07-29T08:00:00.000,402403,2021-07-29T10:14:08.060,0.795,P,2021-07-29T08-00-00.mseed,3.2385023587266915e-06,3.2385023587266915e-06
AV.DOL..BH,2021-07-29T08:00:00.000,409719,2021-07-29T10:16:34.380,0.9,P,2021-07-29T08-00-00.mseed,4.588210686051752e-06,4.588210686051752e-06
AV.DOL..BH,2021-07-29T08:00:00.000,414002,2021-07-29T10:18:00.040,0.829,P,2021-07-29T08-00-00.mseed,4.620644176611677e-06,4.620644176611677e-06
AV.DOL..BH,2021-07-29T08:00:00.000,429052,2021-07-29T10:23:01.040,0.404,P,2021-07-29T08-00-00.mseed,1.2765959809257765e-06,1.2765959809257765e-06
AV.DOL..BH,2021-07-29T08:00:00.000,429115,2021-07-29T10:23:02.300,0.35,P,2021-07-29T08-00-00.mseed,3.1130346087593352e-06,3.1130346087593352e-06
AV.DOL..BH,2021-07-29T08:00:00.000,434698,2021-07-29T10:24:53.960,0.818,P,2021-07-29T08-00-00.mseed,5.16739055456128e-06,5.16739055456128e-06
AV.DOL..BH,2021-07-29T08:00:00.000,442911,2021-07-29T10:27:38.220,0.893,P,2021-07-29T08-00-00.mseed,6.611035132664256e-06,6.611035132664256e-06
AV.DOL..BH,2021-07-29T08:00:00.000,476053,2021-07-29T10:38:41.060,0.926,P,2021-07-29T08-00-00.mseed,2.9512186756619485e-06,2.9512186756619485e-06
AV.DOL..BH,2021-07-29T08:00:00.000,504742,2021-07-29T10:48:14.840,0.49,P,2021-07-29T08-00-00.mseed,2.0232928363839164e-06,2.0232928363839164e-06
AV.DOL..BH,2021-07-29T08:00:00.000,512818,2021-07-29T10:50:56.360,0.903,P,2021-07-29T08-00-00.mseed,8.394051292270888e-06,8.394051292270888e-06
AV.DOL..BH,2021-07-29T08:00:00.000,524156,2021-07-29T10:54:43.120,0.756,P,2021-07-29T08-00-00.mseed,1.8514745079301065e-06,1.8514745079301065e-06
AV.DOL..BH,2021-07-29T08:00:00.000,537571,2021-07-29T10:59:11.420,0.738,P,2021-07-29T08-00-00.mseed,3.767796670217649e-06,3.767796670217649e-06
AV.DOL..BH,2021-07-29T08:00:00.000,556835,2021-07-29T11:05:36.700,0.913,P,2021-07-29T08-00-00.mseed,6.452268735301914e-06,6.452268735301914e-06
AV.DOL..BH,2021-07-29T08:00:00.000,568330,2021-07-29T11:09:26.600,0.919,P,2021-07-29T08-00-00.mseed,1.3764051800535526e-05,1.3764051800535526e-05
AV.DOL..BH,2021-07-29T08:00:00.000,591794,2021-07-29T11:17:15.880,0.434,P,2021-07-29T08-00-00.mseed,2.4271598704217467e-06,2.4271598704217467e-06
AV.DOL..BH,2021-07-29T08:00:00.000,593256,2021-07-29T11:17:45.120,0.567,P,2021-07-29T08-00-00.mseed,3.4314834920223802e-06,3.4314834920223802e-06
AV.DOL..BH,2021-07-29T08:00:00.000,612663,2021-07-29T11:24:13.260,0.913,P,2021-07-29T08-00-00.mseed,4.357192665338516e-06,4.357192665338516e-06
AV.DOL..BH,2021-07-29T08:00:00.000,630023,2021-07-29T11:30:00.460,0.925,P,2021-07-29T08-00-00.mseed,7.832839401089586e-06,7.832839401089586e-06
AV.DOL..BH,2021-07-29T08:00:00.000,653945,2021-07-29T11:37:58.900,0.309,P,2021-07-29T08-00-00.mseed,2.453543174851802e-06,2.453543174851802e-06
AV.DOL..BH,2021-07-29T08:00:00.000,666576,2021-07-29T11:42:11.520,0.585,P,2021-07-29T08-00-00.mseed,2.5124447802227223e-06,2.5124447802227223e-06
AV.DOL..BH,2021-07-29T08:00:00.000,685694,2021-07-29T11:48:33.880,0.807,P,2021-07-29T08-00-00.mseed,5.163657078810502e-06,5.163657078810502e-06
AV.DOL..BH,2021-07-29T08:00:00.000,720371,2021-07-29T12:00:07.420,0.515,P,2021-07-29T08-00-00.mseed,1.6280101817756076e-06,1.6280101817756076e-06
AV.DOL..BH,2021-07-29T08:00:00.000,775839,2021-07-29T12:18:36.780,0.94,P,2021-07-29T08-00-00.mseed,5.016760496800998e-06,5.016760496800998e-06
AV.DOL..BH,2021-07-29T08:00:00.000,792908,2021-07-29T12:24:18.160,0.552,P,2021-07-29T08-00-00.mseed,3.104197730863234e-06,3.104197730863234e-06
AV.DOL..BH,2021-07-29T08:00:00.000,794352,2021-07-29T12:24:47.040,0.498,P,2021-07-29T08-00-00.mseed,6.422526439564535e-06,6.422526439564535e-06
AV.DOL..BH,2021-07-29T08:00:00.000,807061,2021-07-29T12:29:01.220,0.956,P,2021-07-29T08-00-00.mseed,8.367949703824706e-06,8.367949703824706e-06
AV.DOL..BH,2021-07-29T08:00:00.000,818644,2021-07-29T12:32:52.880,0.523,P,2021-07-29T08-00-00.mseed,3.015655011040508e-06,3.015655011040508e-06
AV.DOL..BH,2021-07-29T08:00:00.000,831767,2021-07-29T12:37:15.340,0.555,P,2021-07-29T08-00-00.mseed,1.7994344716498745e-06,1.7994344716498745e-06
AV.DOL..BH,2021-07-29T08:00:00.000,850253,2021-07-29T12:43:25.060,0.932,P,2021-07-29T08-00-00.mseed,2.0119465261814184e-05,2.0119465261814184e-05
AV.DOL..BH,2021-07-29T08:00:00.000,877304,2021-07-29T12:52:26.080,0.471,P,2021-07-29T08-00-00.mseed,6.331010354188038e-06,6.331010354188038e-06
AV.DOL..BH,2021-07-29T08:00:00.000,911512,2021-07-29T13:03:50.240,0.384,P,2021-07-29T08-00-00.mseed,1.9343588064657524e-06,1.9343588064657524e-06
AV.DOL..BH,2021-07-29T08:00:00.000,912908,2021-07-29T13:04:18.160,0.59,P,2021-07-29T08-00-00.mseed,2.7804046567325713e-06,2.7804046567325713e-06
AV.DOL..BH,2021-07-29T08:00:00.000,946402,2021-07-29T13:15:28.040,0.832,P,2021-07-29T08-00-00.mseed,8.51920140121365e-06,8.51920140121365e-06
AV.DOL..BH,2021-07-29T08:00:00.000,955995,2021-07-29T13:18:39.900,0.923,P,2021-07-29T08-00-00.mseed,9.748810953169595e-06,9.748810953169595e-06
AV.DOL..BH,2021-07-29T08:00:00.000,993323,2021-07-29T13:31:06.460,0.872,P,2021-07-29T08-00-00.mseed,2.2398726287065074e-06,2.2398726287065074e-06
AV.DOL..BH,2021-07-29T08:00:00.000,1002235,2021-07-29T13:34:04.700,0.799,P,2021-07-29T08-00-00.mseed,1.6535448139620712e-06,1.6535448139620712e-06
AV.DOL..BH,2021-07-29T08:00:00.000,1003520,2021-07-29T13:34:30.400,0.397,P,2021-07-29T08-00-00.mseed,2.328525852135499e-06,2.328525852135499e-06
AV.DOL..BH,2021-07-29T08:00:00.000,1014655,2021-07-29T13:38:13.100,0.508,P,2021-07-29T08-00-00.mseed,1.3230248896434205e-06,1.3230248896434205e-06
AV.DOL..BH,2021-07-29T08:00:00.000,1026011,2021-07-29T13:42:00.220,0.409,P,2021-07-29T08-00-00.mseed,1.830092628551938e-06,1.830092628551938e-06
AV.DOL..BH,2021-07-29T08:00:00.000,1042036,2021-07-29T13:47:20.720,0.631,P,2021-07-29T08-00-00.mseed,1.6052802038757363e-06,1.6052802038757363e-06
AV.DOL..BH,2021-07-29T08:00:00.000,1046662,2021-07-29T13:48:53.240,0.933,P,2021-07-29T08-00-00.mseed,3.2680945878382772e-06,3.2680945878382772e-06
AV.DOL..BH,2021-07-29T08:00:00.000,1048294,2021-07-29T13:49:25.880,0.327,P,2021-07-29T08-00-00.mseed,9.563726962369401e-06,9.563726962369401e-06
AV.DOL..BH,2021-07-29T08:00:00.000,1088540,2021-07-29T14:02:50.800,0.502,P,2021-07-29T08-00-00.mseed,1.71136071003275e-06,1.71136071003275e-06
AV.DOL..BH,2021-07-29T08:00:00.000,1091148,2021-07-29T14:03:42.960,0.367,P,2021-07-29T08-00-00.mseed,2.9771476874884684e-06,2.9771476874884684e-06
AV.DOL..BH,2021-07-29T08:00:00.000,1105387,2021-07-29T14:08:27.740,0.48,P,2021-07-29T08-00-00.mseed,1.292940851271851e-06,1.292940851271851e-06
AV.DOL..BH,2021-07-29T08:00:00.000,1106720,2021-07-29T14:08:54.400,0.508,P,2021-07-29T08-00-00.mseed,7.358969924098346e-06,7.358969924098346e-06
AV.DOL..BH,2021-07-29T08:00:00.000,1129484,2021-07-29T14:16:29.680,0.392,P,2021-07-29T08-00-00.mseed,1.8184372265750426e-06,1.8184372265750426e-06
AV.DOL..BH,2021-07-29T08:00:00.000,1142951,2021-07-29T14:20:59.020,0.719,P,2021-07-29T08-00-00.mseed,1.2188388609501999e-06,1.2188388609501999e-06
AV.DOL..BH,2021-07-29T08:00:00.000,1179551,2021-07-29T14:33:11.020,0.424,P,2021-07-29T08-00-00.mseed,1.182673372568388e-06,1.182673372568388e-06
AV.DOL..BH,2021-07-29T08:00:00.000,1211184,2021-07-29T14:43:43.680,0.529,P,2021-07-29T08-00-00.mseed,1.4530619409924839e-06,1.4530619409924839e-06
AV.DOL..BH,2021-07-29T08:00:00.000,1221086,2021-07-29T14:47:01.720,0.474,P,2021-07-29T08-00-00.mseed,2.0086768017790746e-06,2.0086768017790746e-06
AV.DOL..BH,2021-07-29T08:00:00.000,1225911,2021-07-29T14:48:38.220,0.558,P,2021-07-29T08-00-00.mseed,2.4416578980890336e-06,2.4416578980890336e-06
AV.DOL..BH,2021-07-29T08:00:00.000,1230240,2021-07-29T14:50:04.800,0.787,P,2021-07-29T08-00-00.mseed,2.477722773619462e-06,2.477722773619462e-06
AV.DOL..BH,2021-07-29T08:00:00.000,1239695,2021-07-29T14:53:13.900,0.806,P,2021-07-29T08-00-00.mseed,2.6057300601678435e-06,2.6057300601678435e-06
AV.DOL..BH,2021-07-29T08:00:00.000,1256170,2021-07-29T14:58:43.400,0.678,P,2021-07-29T08-00-00.mseed,1.8250715356771252e-06,1.8250715356771252e-06
AV.DOL..BH,2021-07-29T08:00:00.000,1258168,2021-07-29T14:59:23.360,0.314,P,2021-07-29T08-00-00.mseed,8.631604941911064e-06,8.631604941911064e-06
AV.DOL..BH,2021-07-29T08:00:00.000,1259385,2021-07-29T14:59:47.700,0.388,P,2021-07-29T08-00-00.mseed,6.334215413517086e-06,6.334215413517086e-06
AV.DOL..BH,2021-07-29T08:00:00.000,1293711,2021-07-29T15:11:14.220,0.944,P,2021-07-29T08-00-00.mseed,3.2994717003020924e-06,3.2994717003020924e-06
AV.DOL..BH,2021-07-29T08:00:00.000,1301979,2021-07-29T15:13:59.580,0.773,P,2021-07-29T08-00-00.mseed,4.248869572620606e-06,4.248869572620606e-06
AV.DOL..BH,2021-07-29T08:00:00.000,1347459,2021-07-29T15:29:09.180,0.678,P,2021-07-29T08-00-00.mseed,1.5981493106664857e-06,1.5981493106664857e-06
AV.DOL..BH,2021-07-29T08:00:00.000,1351424,2021-07-29T15:30:28.480,0.84,P,2021-07-29T08-00-00.mseed,5.147278898220975e-06,5.147278898220975e-06
AV.DOL..BH,2021-07-29T08:00:00.000,1374763,2021-07-29T15:38:15.260,0.52,P,2021-07-29T08-00-00.mseed,1.375573560835619e-06,1.375573560835619e-06
AV.DOL..BH,2021-07-29T08:00:00.000,1423490,2021-07-29T15:54:29.800,0.415,P,2021-07-29T08-00-00.mseed,1.2882755981991068e-06,1.2882755981991068e-06
AV.DOL..BH,2021-07-29T08:00:00.000,7544,2021-07-29T08:02:30.880,0.372,S,2021-07-29T08-00-00.mseed,1.8304896002518944e-05,1.8304896002518944e-05
AV.DOL..BH,2021-07-29T08:00:00.000,24262,2021-07-29T08:08:05.240,0.351,S,2021-07-29T08-00-00.mseed,2.4852532078512013e-05,2.4852532078512013e-05
AV.DOL..BH,2021-07-29T08:00:00.000,33401,2021-07-29T08:11:08.020,0.387,S,2021-07-29T08-00-00.mseed,0.0001391801197314635,0.0001391801197314635
AV.DOL..BH,2021-07-29T08:00:00.000,120357,2021-07-29T08:40:07.140,0.46,S,2021-07-29T08-00-00.mseed,1.9162949683959596e-05,1.9162949683959596e-05
AV.DOL..BH,2021-07-29T08:00:00.000,123353,2021-07-29T08:41:07.060,0.427,S,2021-07-29T08-00-00.mseed,1.8381686459179036e-05,1.8381686459179036e-05
AV.DOL..BH,2021-07-29T08:00:00.000,124508,2021-07-29T08:41:30.160,0.395,S,2021-07-29T08-00-00.mseed,3.75033232558053e-05,3.75033232558053e-05
AV.DOL..BH,2021-07-29T08:00:00.000,170019,2021-07-29T08:56:40.380,0.414,S,2021-07-29T08-00-00.mseed,5.4609736253041774e-05,5.4609736253041774e-05
AV.DOL..BH,2021-07-29T08:00:00.000,174500,2021-07-29T08:58:10.000,0.536,S,2021-07-29T08-00-00.mseed,1.451009029551642e-05,1.451009029551642e-05
AV.DOL..BH,2021-07-29T08:00:00.000,175730,2021-07-29T08:58:34.600,0.385,S,2021-07-29T08-00-00.mseed,8.250973223766778e-06,8.250973223766778e-06
AV.DOL..BH,2021-07-29T08:00:00.000,192266,2021-07-29T09:04:05.320,0.302,S,2021-07-29T08-00-00.mseed,6.281055448198458e-06,6.281055448198458e-06
AV.DOL..BH,2021-07-29T08:00:00.000,206787,2021-07-29T09:08:55.740,0.82,S,2021-07-29T08-00-00.mseed,1.4271347936301026e-05,1.4271347936301026e-05
AV.DOL..BH,2021-07-29T08:00:00.000,226456,2021-07-29T09:15:29.120,0.691,S,2021-07-29T08-00-00.mseed,5.971045538899489e-06,5.971045538899489e-06
AV.DOL..BH,2021-07-29T08:00:00.000,268822,2021-07-29T09:29:36.440,0.438,S,2021-07-29T08-00-00.mseed,0.00027971036615781486,0.00027971036615781486
AV.DOL..BH,2021-07-29T08:00:00.000,290082,2021-07-29T09:36:41.640,0.318,S,2021-07-29T08-00-00.mseed,5.071746272733435e-06,5.071746272733435e-06
AV.DOL..BH,2021-07-29T08:00:00.000,296332,2021-07-29T09:38:46.640,0.524,S,2021-07-29T08-00-00.mseed,1.19427186291432e-05,1.19427186291432e-05
AV.DOL..BH,2021-07-29T08:00:00.000,317161,2021-07-29T09:45:43.220,0.687,S,2021-07-29T08-00-00.mseed,4.345943580119638e-06,4.345943580119638e-06
AV.DOL..BH,2021-07-29T08:00:00.000,340992,2021-07-29T09:53:39.840,0.63,S,2021-07-29T08-00-00.mseed,1.349818649032386e-05,1.349818649032386e-05
AV.DOL..BH,2021-07-29T08:00:00.000,343643,2021-07-29T09:54:32.860,0.622,S,2021-07-29T08-00-00.mseed,2.5031218683579937e-05,2.5031218683579937e-05
AV.DOL..BH,2021-07-29T08:00:00.000,345368,2021-07-29T09:55:07.360,0.368,S,2021-07-29T08-00-00.mseed,0.0001249235647264868,0.0001249235647264868
AV.DOL..BH,2021-07-29T08:00:00.000,360038,2021-07-29T10:00:00.760,0.423,S,2021-07-29T08-00-00.mseed,2.6715530111687258e-05,2.6715530111687258e-05
AV.DOL..BH,2021-07-29T08:00:00.000,378017,2021-07-29T10:06:00.340,0.49,S,2021-07-29T08-00-00.mseed,2.7144742489326745e-06,2.7144742489326745e-06
AV.DOL..BH,2021-07-29T08:00:00.000,403792,2021-07-29T10:14:35.840,0.524,S,2021-07-29T08-00-00.mseed,3.1146921628533164e-06,3.1146921628533164e-06
AV.DOL..BH,2021-07-29T08:00:00.000,411019,2021-07-29T10:17:00.380,0.722,S,2021-07-29T08-00-00.mseed,1.8116239516530186e-05,1.8116239516530186e-05
AV.DOL..BH,2021-07-29T08:00:00.000,415243,2021-07-29T10:18:24.860,0.818,S,2021-07-29T08-00-00.mseed,1.2519799383881036e-05,1.2519799383881036e-05
AV.DOL..BH,2021-07-29T08:00:00.000,424032,2021-07-29T10:21:20.640,0.366,S,2021-07-29T08-00-00.mseed,4.657767931348644e-06,4.657767931348644e-06
AV.DOL..BH,2021-07-29T08:00:00.000,431016,2021-07-29T10:23:40.320,0.563,S,2021-07-29T08-00-00.mseed,5.694180799764581e-06,5.694180799764581e-06
AV.DOL..BH,2021-07-29T08:00:00.000,443350,2021-07-29T10:27:47.000,0.343,S,2021-07-29T08-00-00.mseed,6.611035132664256e-06,6.611035132664256e-06
AV.DOL..BH,2021-07-29T08:00:00.000,444580,2021-07-29T10:28:11.600,0.664,S,2021-07-29T08-00-00.mseed,1.6235089788096957e-05,1.6235089788096957e-05
AV.DOL..BH,2021-07-29T08:00:00.000,478246,2021-07-29T10:39:24.920,0.308,S,2021-07-29T08-00-00.mseed,8.389277354581282e-06,8.389277354581282e-06
AV.DOL..BH,2021-07-29T08:00:00.000,513396,2021-07-29T10:51:07.920,0.823,S,2021-07-29T08-00-00.mseed,2.0569326807162724e-05,2.0569326807162724e-05
AV.DOL..BH,2021-07-29T08:00:00.000,526038,2021-07-29T10:55:20.760,0.3,S,2021-07-29T08-00-00.mseed,4.438204086909536e-06,4.438204086909536e-06
AV.DOL..BH,2021-07-29T08:00:00.000,570143,2021-07-29T11:10:02.860,0.415,S,2021-07-29T08-00-00.mseed,7.63140051276423e-05,7.63140051276423e-05
AV.DOL..BH,2021-07-29T08:00:00.000,594019,2021-07-29T11:18:00.380,0.384,S,2021-07-29T08-00-00.mseed,5.819887974212179e-06,5.819887974212179e-06
AV.DOL..BH,2021-07-29T08:00:00.000,613193,2021-07-29T11:24:23.860,0.699,S,2021-07-29T08-00-00.mseed,4.56578163721133e-06,4.56578163721133e-06
AV.DOL..BH,2021-07-29T08:00:00.000,633979,2021-07-29T11:31:19.580,0.481,S,2021-07-29T08-00-00.mseed,8.785482350504026e-06,8.785482350504026e-06
AV.DOL..BH,2021-07-29T08:00:00.000,773272,2021-07-29T12:17:45.440,0.518,S,2021-07-29T08-00-00.mseed,1.524651111139974e-06,1.524651111139974e-06
AV.DOL..BH,2021-07-29T08:00:00.000,793532,2021-07-29T12:24:30.640,0.509,S,2021-07-29T08-00-00.mseed,4.811866801901488e-06,4.811866801901488e-06
AV.DOL..BH,2021-07-29T08:00:00.000,794860,2021-07-29T12:24:57.200,0.322,S,2021-07-29T08-00-00.mseed,9.92950390354963e-06,9.92950390354963e-06
AV.DOL..BH,2021-07-29T08:00:00.000,832484,2021-07-29T12:37:29.680,0.314,S,2021-07-29T08-00-00.mseed,2.4747769202804193e-06,2.4747769202804193e-06
AV.DOL..BH,2021-07-29T08:00:00.000,852382,2021-07-29T12:44:07.640,0.302,S,2021-07-29T08-00-00.mseed,0.00010759554425021634,0.00010759554425021634
AV.DOL..BH,2021-07-29T08:00:00.000,873822,2021-07-29T12:51:16.440,0.405,S,2021-07-29T08-00-00.mseed,1.5038358469610102e-06,1.5038358469610102e-06
AV.DOL..BH,2021-07-29T08:00:00.000,878694,2021-07-29T12:52:53.880,0.3,S,2021-07-29T08-00-00.mseed,2.4016255338210613e-05,2.4016255338210613e-05
AV.DOL..BH,2021-07-29T08:00:00.000,902546,2021-07-29T13:00:50.920,0.367,S,2021-07-29T08-00-00.mseed,1.351513787994918e-06,1.351513787994918e-06
AV.DOL..BH,2021-07-29T08:00:00.000,908010,2021-07-29T13:02:40.200,0.329,S,2021-07-29T08-00-00.mseed,2.0306281385273905e-06,2.0306281385273905e-06
AV.DOL..BH,2021-07-29T08:00:00.000,996356,2021-07-29T13:32:07.120,0.719,S,2021-07-29T08-00-00.mseed,8.306241397804115e-06,8.306241397804115e-06
AV.DOL..BH,2021-07-29T08:00:00.000,1003966,2021-07-29T13:34:39.320,0.308,S,2021-07-29T08-00-00.mseed,1.156689677372924e-06,1.156689677372924e-06
AV.DOL..BH,2021-07-29T08:00:00.000,1003997,2021-07-29T13:34:39.940,0.414,S,2021-07-29T08-00-00.mseed,2.328525852135499e-06,2.328525852135499e-06
AV.DOL..BH,2021-07-29T08:00:00.000,1043462,2021-07-29T13:47:49.240,0.443,S,2021-07-29T08-00-00.mseed,1.4866195670037996e-06,1.4866195670037996e-06
AV.DOL..BH,2021-07-29T08:00:00.000,1047015,2021-07-29T13:49:00.300,0.492,S,2021-07-29T08-00-00.mseed,3.767038379010046e-06,3.767038379010046e-06
AV.DOL..BH,2021-07-29T08:00:00.000,1092854,2021-07-29T14:04:17.080,0.427,S,2021-07-29T08-00-00.mseed,7.322527380893007e-06,7.322527380893007e-06
AV.DOL..BH,2021-07-29T08:00:00.000,1105854,2021-07-29T14:08:37.080,0.308,S,2021-07-29T08-00-00.mseed,1.2771278079526382e-06,1.2771278079526382e-06
AV.DOL..BH,2021-07-29T08:00:00.000,1107096,2021-07-29T14:09:01.920,0.714,S,2021-07-29T08-00-00.mseed,7.358969924098346e-06,7.358969924098346e-06
AV.DOL..BH,2021-07-29T08:00:00.000,1108960,2021-07-29T14:09:39.200,0.312,S,2021-07-29T08-00-00.mseed,9.938842595147435e-06,9.938842595147435e-06
AV.DOL..BH,2021-07-29T08:00:00.000,1129960,2021-07-29T14:16:39.200,0.478,S,2021-07-29T08-00-00.mseed,1.8363152776146308e-06,1.8363152776146308e-06
AV.DOL..BH,2021-07-29T08:00:00.000,1144844,2021-07-29T14:21:36.880,0.488,S,2021-07-29T08-00-00.mseed,3.120250767096877e-06,3.120250767096877e-06
AV.DOL..BH,2021-07-29T08:00:00.000,1213407,2021-07-29T14:44:28.140,0.436,S,2021-07-29T08-00-00.mseed,2.6535069537203526e-06,2.6535069537203526e-06
AV.DOL..BH,2021-07-29T08:00:00.000,1226182,2021-07-29T14:48:43.640,0.398,S,2021-07-29T08-00-00.mseed,2.4416578980890336e-06,2.4416578980890336e-06
AV.DOL..BH,2021-07-29T08:00:00.000,1231388,2021-07-29T14:50:27.760,0.623,S,2021-07-29T08-00-00.mseed,8.074164725258015e-06,8.074164725258015e-06
AV.DOL..BH,2021-07-29T08:00:00.000,1241120,2021-07-29T14:53:42.400,0.455,S,2021-07-29T08-00-00.mseed,7.381559953500982e-06,7.381559953500982e-06
AV.DOL..BH,2021-07-29T08:00:00.000,1294163,2021-07-29T15:11:23.260,0.76,S,2021-07-29T08-00-00.mseed,3.2994717003020924e-06,3.2994717003020924e-06
AV.DOL..BH,2021-07-29T08:00:00.000,1326521,2021-07-29T15:22:10.420,0.505,S,2021-07-29T08-00-00.mseed,2.150572754544555e-06,2.150572754544555e-06
AV.DOL..BH,2021-07-29T08:00:00.000,1347753,2021-07-29T15:29:15.060,0.546,S,2021-07-29T08-00-00.mseed,1.5981493106664857e-06,1.5981493106664857e-06
AV.DOL..BH,2021-07-29T08:00:00.000,1352727,2021-07-29T15:30:54.540,0.674,S,2021-07-29T08-00-00.mseed,1.8559821910457686e-05,1.8559821910457686e-05
AV.DT1..BH,2021-07-29T08:00:00.000,1,2021-07-29T08:00:00.020,0.585,P,2021-07-29T08-00-00.mseed,1.4808353625994641e-05,1.4808353625994641e-05
AV.DT1..BH,2021-07-29T08:00:00.000,48,2021-07-29T08:00:00.960,0.381,P,2021-07-29T08-00-00.mseed,3.4561169741209596e-05,3.4561169741209596e-05
AV.DT1..BH,2021-07-29T08:00:00.000,10855,2021-07-29T08:03:37.100,0.772,P,2021-07-29T08-00-00.mseed,1.0580473826848902e-05,1.0580473826848902e-05
AV.DT1..BH,2021-07-29T08:00:00.000,29134,2021-07-29T08:09:42.680,0.329,P,2021-07-29T08-00-00.mseed,2.7775222406489775e-05,2.7775222406489775e-05
AV.DT1..BH,2021-07-29T08:00:00.000,31520,2021-07-29T08:10:30.400,0.322,P,2021-07-29T08-00-00.mseed,1.8900913346442394e-05,1.8900913346442394e-05
AV.DT1..BH,2021-07-29T08:00:00.000,40994,2021-07-29T08:13:39.880,0.366,P,2021-07-29T08-00-00.mseed,2.0421035515028052e-05,2.0421035515028052e-05
AV.DT1..BH,2021-07-29T08:00:00.000,48339,2021-07-29T08:16:06.780,0.349,P,2021-07-29T08-00-00.mseed,1.827288906497415e-05,1.827288906497415e-05
AV.DT1..BH,2021-07-29T08:00:00.000,49743,2021-07-29T08:16:34.860,0.909,P,2021-07-29T08-00-00.mseed,1.3744845091423485e-05,1.3744845091423485e-05
AV.DT1..BH,2021-07-29T08:00:00.000,52086,2021-07-29T08:17:21.720,0.362,P,2021-07-29T08-00-00.mseed,2.5196868591592647e-05,2.5196868591592647e-05
AV.DT1..BH,2021-07-29T08:00:00.000,78744,2021-07-29T08:26:14.880,0.701,P,2021-07-29T08-00-00.mseed,7.959725735418033e-06,7.959725735418033e-06
AV.DT1..BH,2021-07-29T08:00:00.000,92554,2021-07-29T08:30:51.080,0.592,P,2021-07-29T08-00-00.mseed,9.073232831724454e-06,9.073232831724454e-06
AV.DT1..BH,2021-07-29T08:00:00.000,101114,2021-07-29T08:33:42.280,0.7,P,2021-07-29T08-00-00.mseed,1.5864212400629185e-05,1.5864212400629185e-05
AV.DT1..BH,2021-07-29T08:00:00.000,120346,2021-07-29T08:40:06.920,0.582,P,2021-07-29T08-00-00.mseed,1.8693230231292546e-05,1.8693230231292546e-05
AV.DT1..BH,2021-07-29T08:00:00.000,123071,2021-07-29T08:41:01.420,0.784,P,2021-07-29T08-00-00.mseed,1.1591568181756884e-05,1.1591568181756884e-05
AV.DT1..BH,2021-07-29T08:00:00.000,166482,2021-07-29T08:55:29.640,0.404,P,2021-07-29T08-00-00.mseed,5.557110398513032e-06,5.557110398513032e-06
AV.DT1..BH,2021-07-29T08:00:00.000,168304,2021-07-29T08:56:06.080,0.578,P,2021-07-29T08-00-00.mseed,6.0526585912157316e-06,6.0526585912157316e-06
AV.DT1..BH,2021-07-29T08:00:00.000,172568,2021-07-29T08:57:31.360,0.553,P,2021-07-29T08-00-00.mseed,6.198650225996971e-06,6.198650225996971e-06
AV.DT1..BH,2021-07-29T08:00:00.000,175519,2021-07-29T08:58:30.380,0.724,P,2021-07-29T08-00-00.mseed,8.250174687418621e-06,8.250174687418621e-06
AV.DT1..BH,2021-07-29T08:00:00.000,205711,2021-07-29T09:08:34.220,0.903,P,2021-07-29T08-00-00.mseed,4.216554316371912e-06,4.216554316371912e-06
AV.DT1..BH,2021-07-29T08:00:00.000,222302,2021-07-29T09:14:06.040,0.38,P,2021-07-29T08-00-00.mseed,2.5507590635243105e-06,2.5507590635243105e-06
AV.DT1..BH,2021-07-29T08:00:00.000,233634,2021-07-29T09:17:52.680,0.906,P,2021-07-29T08-00-00.mseed,4.4978701225772966e-06,4.4978701225772966e-06
AV.DT1..BH,2021-07-29T08:00:00.000,250905,2021-07-29T09:23:38.100,0.913,P,2021-07-29T08-00-00.mseed,2.6026029900094727e-06,2.6026029900094727e-06
AV.DT1..BH,2021-07-29T08:00:00.000,261147,2021-07-29T09:27:02.940,0.33,P,2021-07-29T08-00-00.mseed,3.1379220217786497e-06,3.1379220217786497e-06
AV.DT1..BH,2021-07-29T08:00:00.000,267255,2021-07-29T09:29:05.100,0.901,P,2021-07-29T08-00-00.mseed,1.586286089150235e-05,1.586286089150235e-05
AV.DT1..BH,2021-07-29T08:00:00.000,274120,2021-07-29T09:31:22.400,0.6,P,2021-07-29T08-00-00.mseed,6.147199201222975e-06,6.147199201222975e-06
AV.DT1..BH,2021-07-29T08:00:00.000,288434,2021-07-29T09:36:08.680,0.44,P,2021-07-29T08-00-00.mseed,2.631152028698125e-06,2.631152028698125e-06
AV.DT1..BH,2021-07-29T08:00:00.000,294810,2021-07-29T09:38:16.200,0.556,P,2021-07-29T08-00-00.mseed,2.472559117450146e-06,2.472559117450146e-06
AV.DT1..BH,2021-07-29T08:00:00.000,296364,2021-07-29T09:38:47.280,0.69,P,2021-07-29T08-00-00.mseed,5.575071554630995e-06,5.575071554630995e-06
AV.DT1..BH,2021-07-29T08:00:00.000,298516,2021-07-29T09:39:30.320,0.421,P,2021-07-29T08-00-00.mseed,3.9439587453671265e-06,3.9439587453671265e-06
AV.DT1..BH,2021-07-29T08:00:00.000,312080,2021-07-29T09:44:01.600,0.358,P,2021-07-29T08-00-00.mseed,2.190021177739254e-06,2.190021177739254e-06
AV.DT1..BH,2021-07-29T08:00:00.000,316458,2021-07-29T09:45:29.160,0.512,P,2021-07-29T08-00-00.mseed,1.3329737384992768e-06,1.3329737384992768e-06
AV.DT1..BH,2021-07-29T08:00:00.000,316509,2021-07-29T09:45:30.180,0.323,P,2021-07-29T08-00-00.mseed,3.0011599392310018e-06,3.0011599392310018e-06
AV.DT1..BH,2021-07-29T08:00:00.000,339289,2021-07-29T09:53:05.780,0.941,P,2021-07-29T08-00-00.mseed,5.6104836403392255e-06,5.6104836403392255e-06
AV.DT1..BH,2021-07-29T08:00:00.000,343398,2021-07-29T09:54:27.960,0.854,P,2021-07-29T08-00-00.mseed,1.1494541467982344e-05,1.1494541467982344e-05
AV.DT1..BH,2021-07-29T08:00:00.000,358158,2021-07-29T09:59:23.160,0.815,P,2021-07-29T08-00-00.mseed,5.1448537305986974e-06,5.1448537305986974e-06
AV.DT1..BH,2021-07-29T08:00:00.000,367131,2021-07-29T10:02:22.620,0.68,P,2021-07-29T08-00-00.mseed,3.4387492178211687e-06,3.4387492178211687e-06
AV.DT1..BH,2021-07-29T08:00:00.000,368755,2021-07-29T10:02:55.100,0.438,P,2021-07-29T08-00-00.mseed,4.687353339249967e-06,4.687353339249967e-06
AV.DT1..BH,2021-07-29T08:00:00.000,377635,2021-07-29T10:05:52.700,0.539,P,2021-07-29T08-00-00.mseed,1.6977588757072226e-06,1.6977588757072226e-06
AV.DT1..BH,2021-07-29T08:00:00.000,386064,2021-07-29T10:08:41.280,0.385,P,2021-07-29T08-00-00.mseed,2.604433575470466e-06,2.604433575470466e-06
AV.DT1..BH,2021-07-29T08:00:00.000,409872,2021-07-29T10:16:37.440,0.31,P,2021-07-29T08-00-00.mseed,2.9630314202222507e-06,2.9630314202222507e-06
AV.DT1..BH,2021-07-29T08:00:00.000,414178,2021-07-29T10:18:03.560,0.536,P,2021-07-29T08-00-00.mseed,2.573088295321213e-06,2.573088295321213e-06
AV.DT1..BH,2021-07-29T08:00:00.000,422476,2021-07-29T10:20:49.520,0.557,P,2021-07-29T08-00-00.mseed,1.684994799688866e-06,1.684994799688866e-06
AV.DT1..BH,2021-07-29T08:00:00.000,429195,2021-07-29T10:23:03.900,0.795,P,2021-07-29T08-00-00.mseed,1.9040179495277698e-06,1.9040179495277698e-06
AV.DT1..BH,2021-07-29T08:00:00.000,430999,2021-07-29T10:23:39.980,0.322,P,2021-07-29T08-00-00.mseed,2.1420089524326613e-06,2.1420089524326613e-06
AV.DT1..BH,2021-07-29T08:00:00.000,434866,2021-07-29T10:24:57.320,0.83,P,2021-07-29T08-00-00.mseed,3.153727448079735e-06,3.153727448079735e-06
AV.DT1..BH,2021-07-29T08:00:00.000,443051,2021-07-29T10:27:41.020,0.736,P,2021-07-29T08-00-00.mseed,3.3884959975694073e-06,3.3884959975694073e-06
AV.DT1..BH,2021-07-29T08:00:00.000,476222,2021-07-29T10:38:44.440,0.854,P,2021-07-29T08-00-00.mseed,1.6478227280458668e-06,1.6478227280458668e-06
AV.DT1..BH,2021-07-29T08:00:00.000,489046,2021-07-29T10:43:00.920,0.592,P,2021-07-29T08-00-00.mseed,1.3567766927735647e-06,1.3567766927735647e-06
AV.DT1..BH,2021-07-29T08:00:00.000,512803,2021-07-29T10:50:56.060,0.975,P,2021-07-29T08-00-00.mseed,3.52106940226804e-06,3.52106940226804e-06
AV.DT1..BH,2021-07-29T08:00:00.000,524331,2021-07-29T10:54:46.620,0.872,P,2021-07-29T08-00-00.mseed,1.2806556242139777e-06,1.2806556242139777e-06
AV.DT1..BH,2021-07-29T08:00:00.000,537679,2021-07-29T10:59:13.580,0.83,P,2021-07-29T08-00-00.mseed,1.7032207324518822e-06,1.7032207324518822e-06
AV.DT1..BH,2021-07-29T08:00:00.000,557003,2021-07-29T11:05:40.060,0.74,P,2021-07-29T08-00-00.mseed,2.783898025882081e-06,2.783898025882081e-06
AV.DT1..BH,2021-07-29T08:00:00.000,568499,2021-07-29T11:09:29.980,0.757,P,2021-07-29T08-00-00.mseed,7.043312962196069e-06,7.043312962196069e-06
AV.DT1..BH,2021-07-29T08:00:00.000,575340,2021-07-29T11:11:46.800,0.454,P,2021-07-29T08-00-00.mseed,3.1005065466160886e-06,3.1005065466160886e-06
AV.DT1..BH,2021-07-29T08:00:00.000,612686,2021-07-29T11:24:13.720,0.982,P,2021-07-29T08-00-00.mseed,1.0933847079286352e-05,1.0933847079286352e-05
AV.DT1..BH,2021-07-29T08:00:00.000,630189,2021-07-29T11:30:03.780,0.95,P,2021-07-29T08-00-00.mseed,4.301660283090314e-06,4.301660283090314e-06
AV.DT1..BH,2021-07-29T08:00:00.000,631879,2021-07-29T11:30:37.580,0.337,P,2021-07-29T08-00-00.mseed,6.220901468623197e-06,6.220901468623197e-06
AV.DT1..BH,2021-07-29T08:00:00.000,666739,2021-07-29T11:42:14.780,0.717,P,2021-07-29T08-00-00.mseed,1.6404466123276507e-06,1.6404466123276507e-06
AV.DT1..BH,2021-07-29T08:00:00.000,685861,2021-07-29T11:48:37.220,0.958,P,2021-07-29T08-00-00.mseed,2.2801393697591266e-06,2.2801393697591266e-06
AV.DT1..BH,2021-07-29T08:00:00.000,720688,2021-07-29T12:00:13.760,0.326,P,2021-07-29T08-00-00.mseed,1.277834826396429e-06,1.277834826396429e-06
AV.DT1..BH,2021-07-29T08:00:00.000,776007,2021-07-29T12:18:40.140,0.868,P,2021-07-29T08-00-00.mseed,2.5074366476474097e-06,2.5074366476474097e-06
AV.DT1..BH,2021-07-29T08:00:00.000,807227,2021-07-29T12:29:04.540,0.919,P,2021-07-29T08-00-00.mseed,2.3154746031650575e-06,2.3154746031650575e-06
AV.DT1..BH,2021-07-29T08:00:00.000,808854,2021-07-29T12:29:37.080,0.338,P,2021-07-29T08-00-00.mseed,8.092288226180244e-06,8.092288226180244e-06
AV.DT1..BH,2021-07-29T08:00:00.000,818795,2021-07-29T12:32:55.900,0.866,P,2021-07-29T08-00-00.mseed,1.1927487548746285e-06,1.1927487548746285e-06
AV.DT1..BH,2021-07-29T08:00:00.000,850418,2021-07-29T12:43:28.360,0.881,P,2021-07-29T08-00-00.mseed,6.870407105452614e-06,6.870407105452614e-06
AV.DT1..BH,2021-07-29T08:00:00.000,850686,2021-07-29T12:43:33.720,0.446,P,2021-07-29T08-00-00.mseed,1.20081240311265e-05,1.20081240311265e-05
AV.DT1..BH,2021-07-29T08:00:00.000,877468,2021-07-29T12:52:29.360,0.521,P,2021-07-29T08-00-00.mseed,2.512888841010863e-06,2.512888841010863e-06
AV.DT1..BH,2021-07-29T08:00:00.000,946568,2021-07-29T13:15:31.360,0.787,P,2021-07-29T08-00-00.mseed,3.429233402130194e-06,3.429233402130194e-06
AV.DT1..BH,2021-07-29T08:00:00.000,956164,2021-07-29T13:18:43.280,0.804,P,2021-07-29T08-00-00.mseed,6.528818175866036e-06,6.528818175866036e-06
AV.DT1..BH,2021-07-29T08:00:00.000,993495,2021-07-29T13:31:09.900,0.716,P,2021-07-29T08-00-00.mseed,1.7000724028548575e-06,1.7000724028548575e-06
AV.DT1..BH,2021-07-29T08:00:00.000,1003858,2021-07-29T13:34:37.160,0.829,P,2021-07-29T08-00-00.mseed,9.264668960895506e-07,9.264668960895506e-07
AV.DT1..BH,2021-07-29T08:00:00.000,1046828,2021-07-29T13:48:56.560,0.784,P,2021-07-29T08-00-00.mseed,2.010525349760428e-06,2.010525349760428e-06
AV.DT1..BH,2021-07-29T08:00:00.000,1088723,2021-07-29T14:02:54.460,0.818,P,2021-07-29T08-00-00.mseed,1.282041580452642e-06,1.282041580452642e-06
AV.DT1..BH,2021-07-29T08:00:00.000,1090660,2021-07-29T14:03:33.200,0.344,P,2021-07-29T08-00-00.mseed,1.7819627373683034e-06,1.7819627373683034e-06
AV.DT1..BH,2021-07-29T08:00:00.000,1105535,2021-07-29T14:08:30.700,0.901,P,2021-07-29T08-00-00.mseed,9.424264248991676e-07,9.424264248991676e-07
AV.DT1..BH,2021-07-29T08:00:00.000,1106796,2021-07-29T14:08:55.920,0.376,P,2021-07-29T08-00-00.mseed,1.6197208196899737e-06,1.6197208196899737e-06
AV.DT1..BH,2021-07-29T08:00:00.000,1108632,2021-07-29T14:09:32.640,0.423,P,2021-07-29T08-00-00.mseed,1.975554823729908e-06,1.975554823729908e-06
AV.DT1..BH,2021-07-29T08:00:00.000,1129774,2021-07-29T14:16:35.480,0.443,P,2021-07-29T08-00-00.mseed,1.5025977972982218e-06,1.5025977972982218e-06
AV.DT1..BH,2021-07-29T08:00:00.000,1130319,2021-07-29T14:16:46.380,0.558,P,2021-07-29T08-00-00.mseed,1.454210632800823e-06,1.454210632800823e-06
AV.DT1..BH,2021-07-29T08:00:00.000,1132430,2021-07-29T14:17:28.600,0.432,P,2021-07-29T08-00-00.mseed,1.4796665936955833e-06,1.4796665936955833e-06
AV.DT1..BH,2021-07-29T08:00:00.000,1145070,2021-07-29T14:21:41.400,0.441,P,2021-07-29T08-00-00.mseed,1.8001561556957313e-06,1.8001561556957313e-06
AV.DT1..BH,2021-07-29T08:00:00.000,1221490,2021-07-29T14:47:09.800,0.527,P,2021-07-29T08-00-00.mseed,1.034215301842778e-06,1.034215301842778e-06
AV.DT1..BH,2021-07-29T08:00:00.000,1226199,2021-07-29T14:48:43.980,0.669,P,2021-07-29T08-00-00.mseed,1.5291126373995212e-06,1.5291126373995212e-06
AV.DT1..BH,2021-07-29T08:00:00.000,1228623,2021-07-29T14:49:32.460,0.592,P,2021-07-29T08-00-00.mseed,9.442487680644263e-07,9.442487680644263e-07
AV.DT1..BH,2021-07-29T08:00:00.000,1230420,2021-07-29T14:50:08.400,0.755,P,2021-07-29T08-00-00.mseed,1.6058137362051639e-06,1.6058137362051639e-06
AV.DT1..BH,2021-07-29T08:00:00.000,1256332,2021-07-29T14:58:46.640,0.802,P,2021-07-29T08-00-00.mseed,2.325147306692088e-06,2.325147306692088e-06
AV.DT1..BH,2021-07-29T08:00:00.000,1293802,2021-07-29T15:11:16.040,0.961,P,2021-07-29T08-00-00.mseed,1.8550463209976442e-06,1.8550463209976442e-06
AV.DT1..BH,2021-07-29T08:00:00.000,1302142,2021-07-29T15:14:02.840,0.917,P,2021-07-29T08-00-00.mseed,2.01523312171048e-06,2.01523312171048e-06
AV.DT1..BH,2021-07-29T08:00:00.000,1324811,2021-07-29T15:21:36.220,0.424,P,2021-07-29T08-00-00.mseed,8.64330274907843e-07,8.64330274907843e-07
AV.DT1..BH,2021-07-29T08:00:00.000,1351664,2021-07-29T15:30:33.280,0.342,P,2021-07-29T08-00-00.mseed,2.3545158001070376e-06,2.3545158001070376e-06
AV.DT1..BH,2021-07-29T08:00:00.000,11354,2021-07-29T08:03:47.080,0.321,S,2021-07-29T08-00-00.mseed,1.3974095963931177e-05,1.3974095963931177e-05
AV.DT1..BH,2021-07-29T08:00:00.000,48778,2021-07-29T08:16:15.560,0.388,S,2021-07-29T08-00-00.mseed,1.997011167986784e-05,1.997011167986784e-05
AV.DT1..BH,2021-07-29T08:00:00.000,50277,2021-07-29T08:16:45.540,0.755,S,2021-07-29T08-00-00.mseed,1.4598444067814853e-05,1.4598444067814853e-05
AV.DT1..BH,2021-07-29T08:00:00.000,51568,2021-07-29T08:17:11.360,0.413,S,2021-07-29T08-00-00.mseed,2.116773248417303e-05,2.116773248417303e-05
AV.DT1..BH,2021-07-29T08:00:00.000,79248,2021-07-29T08:26:24.960,0.451,S,2021-07-29T08-00-00.mseed,6.368266895151464e-06,6.368266895151464e-06
AV.DT1..BH,2021-07-29T08:00:00.000,105962,2021-07-29T08:35:19.240,0.34,S,2021-07-29T08-00-00.mseed,5.520714694284834e-06,5.520714694284834e-06
AV.DT1..BH,2021-07-29T08:00:00.000,120744,2021-07-29T08:40:14.880,0.437,S,2021-07-29T08-00-00.mseed,1.1522808563313447e-05,1.1522808563313447e-05
AV.DT1..BH,2021-07-29T08:00:00.000,123601,2021-07-29T08:41:12.020,0.729,S,2021-07-29T08-00-00.mseed,9.945916644937824e-06,9.945916644937824e-06
AV.DT1..BH,2021-07-29T08:00:00.000,124822,2021-07-29T08:41:36.440,0.37,S,2021-07-29T08-00-00.mseed,2.2370864826370962e-05,2.2370864826370962e-05
AV.DT1..BH,2021-07-29T08:00:00.000,170224,2021-07-29T08:56:44.480,0.313,S,2021-07-29T08-00-00.mseed,1.2813864486815874e-05,1.2813864486815874e-05
AV.DT1..BH,2021-07-29T08:00:00.000,174759,2021-07-29T08:58:15.180,0.431,S,2021-07-29T08-00-00.mseed,8.474780770484358e-06,8.474780770484358e-06
AV.DT1..BH,2021-07-29T08:00:00.000,207081,2021-07-29T09:09:01.620,0.347,S,2021-07-29T08-00-00.mseed,6.0398620007617865e-06,6.0398620007617865e-06
AV.DT1..BH,2021-07-29T08:00:00.000,234026,2021-07-29T09:18:00.520,0.577,S,2021-07-29T08-00-00.mseed,4.817825811187504e-06,4.817825811187504e-06
AV.DT1..BH,2021-07-29T08:00:00.000,251423,2021-07-29T09:23:48.460,0.748,S,2021-07-29T08-00-00.mseed,3.080950591538567e-06,3.080950591538567e-06
AV.DT1..BH,2021-07-29T08:00:00.000,269142,2021-07-29T09:29:42.840,0.322,S,2021-07-29T08-00-00.mseed,6.55801995890215e-05,6.55801995890215e-05
AV.DT1..BH,2021-07-29T08:00:00.000,288742,2021-07-29T09:36:14.840,0.308,S,2021-07-29T08-00-00.mseed,2.631152028698125e-06,2.631152028698125e-06
AV.DT1..BH,2021-07-29T08:00:00.000,290409,2021-07-29T09:36:48.180,0.478,S,2021-07-29T08-00-00.mseed,2.6686543606047053e-06,2.6686543606047053e-06
AV.DT1..BH,2021-07-29T08:00:00.000,296788,2021-07-29T09:38:55.760,0.39,S,2021-07-29T08-00-00.mseed,5.575071554630995e-06,5.575071554630995e-06
AV.DT1..BH,2021-07-29T08:00:00.000,298834,2021-07-29T09:39:36.680,0.311,S,2021-07-29T08-00-00.mseed,5.196291567699518e-06,5.196291567699518e-06
AV.DT1..BH,2021-07-29T08:00:00.000,316985,2021-07-29T09:45:39.700,0.735,S,2021-07-29T08-00-00.mseed,2.397010575805325e-06,2.397010575805325e-06
AV.DT1..BH,2021-07-29T08:00:00.000,339848,2021-07-29T09:53:16.960,0.396,S,2021-07-29T08-00-00.mseed,7.051758984744083e-06,7.051758984744083e-06
AV.DT1..BH,2021-07-29T08:00:00.000,341272,2021-07-29T09:53:45.440,0.725,S,2021-07-29T08-00-00.mseed,5.609618256130489e-06,5.609618256130489e-06
AV.DT1..BH,2021-07-29T08:00:00.000,343933,2021-07-29T09:54:38.660,0.76,S,2021-07-29T08-00-00.mseed,1.1984176126134116e-05,1.1984176126134116e-05
AV.DT1..BH,2021-07-29T08:00:00.000,345278,2021-07-29T09:55:05.560,0.363,S,2021-07-29T08-00-00.mseed,2.2527548935613595e-05,2.2527548935613595e-05
AV.DT1..BH,2021-07-29T08:00:00.000,345792,2021-07-29T09:55:15.840,0.466,S,2021-07-29T08-00-00.mseed,4.265558527549729e-05,4.265558527549729e-05
AV.DT1..BH,2021-07-29T08:00:00.000,358466,2021-07-29T09:59:29.320,0.373,S,2021-07-29T08-00-00.mseed,5.1448537305986974e-06,5.1448537305986974e-06
AV.DT1..BH,2021-07-29T08:00:00.000,360288,2021-07-29T10:00:05.760,0.575,S,2021-07-29T08-00-00.mseed,9.703625437396113e-06,9.703625437396113e-06
AV.DT1..BH,2021-07-29T08:00:00.000,369147,2021-07-29T10:03:02.940,0.62,S,2021-07-29T08-00-00.mseed,4.687353339249967e-06,4.687353339249967e-06
AV.DT1..BH,2021-07-29T08:00:00.000,379870,2021-07-29T10:06:37.400,0.743,S,2021-07-29T08-00-00.mseed,2.942138962680474e-06,2.942138962680474e-06
AV.DT1..BH,2021-07-29T08:00:00.000,411268,2021-07-29T10:17:05.360,0.717,S,2021-07-29T08-00-00.mseed,5.877405328647001e-06,5.877405328647001e-06
AV.DT1..BH,2021-07-29T08:00:00.000,415560,2021-07-29T10:18:31.200,0.429,S,2021-07-29T08-00-00.mseed,3.6041976727574365e-06,3.6041976727574365e-06
AV.DT1..BH,2021-07-29T08:00:00.000,424288,2021-07-29T10:21:25.760,0.527,S,2021-07-29T08-00-00.mseed,2.0850254713877803e-06,2.0850254713877803e-06
AV.DT1..BH,2021-07-29T08:00:00.000,429482,2021-07-29T10:23:09.640,0.342,S,2021-07-29T08-00-00.mseed,1.9040179495277698e-06,1.9040179495277698e-06
AV.DT1..BH,2021-07-29T08:00:00.000,465296,2021-07-29T10:35:05.920,0.316,S,2021-07-29T08-00-00.mseed,1.1936643886656384e-06,1.1936643886656384e-06
AV.DT1..BH,2021-07-29T08:00:00.000,476752,2021-07-29T10:38:55.040,0.606,S,2021-07-29T08-00-00.mseed,1.7527707996123354e-06,1.7527707996123354e-06
AV.DT1..BH,2021-07-29T08:00:00.000,505048,2021-07-29T10:48:20.960,0.58,S,2021-07-29T08-00-00.mseed,1.9030934481634176e-06,1.9030934481634176e-06
AV.DT1..BH,2021-07-29T08:00:00.000,513397,2021-07-29T10:51:07.940,0.902,S,2021-07-29T08-00-00.mseed,7.623891633556923e-06,7.623891633556923e-06
AV.DT1..BH,2021-07-29T08:00:00.000,524826,2021-07-29T10:54:56.520,0.561,S,2021-07-29T08-00-00.mseed,1.294734488510585e-06,1.294734488510585e-06
AV.DT1..BH,2021-07-29T08:00:00.000,526368,2021-07-29T10:55:27.360,0.35,S,2021-07-29T08-00-00.mseed,1.6330880043824436e-06,1.6330880043824436e-06
AV.DT1..BH,2021-07-29T08:00:00.000,557590,2021-07-29T11:05:51.800,0.451,S,2021-07-29T08-00-00.mseed,3.362306188137154e-06,3.362306188137154e-06
AV.DT1..BH,2021-07-29T08:00:00.000,575606,2021-07-29T11:11:52.120,0.311,S,2021-07-29T08-00-00.mseed,3.1005065466160886e-06,3.1005065466160886e-06
AV.DT1..BH,2021-07-29T08:00:00.000,576600,2021-07-29T11:12:12.000,0.398,S,2021-07-29T08-00-00.mseed,3.7276888633641647e-06,3.7276888633641647e-06
AV.DT1..BH,2021-07-29T08:00:00.000,613235,2021-07-29T11:24:24.700,0.959,S,2021-07-29T08-00-00.mseed,1.0933847079286352e-05,1.0933847079286352e-05
AV.DT1..BH,2021-07-29T08:00:00.000,630467,2021-07-29T11:30:09.340,0.444,S,2021-07-29T08-00-00.mseed,4.301660283090314e-06,4.301660283090314e-06
AV.DT1..BH,2021-07-29T08:00:00.000,634132,2021-07-29T11:31:22.640,0.68,S,2021-07-29T08-00-00.mseed,6.628908522543497e-06,6.628908522543497e-06
AV.DT1..BH,2021-07-29T08:00:00.000,668476,2021-07-29T11:42:49.520,0.544,S,2021-07-29T08-00-00.mseed,3.5576586014940403e-06,3.5576586014940403e-06
AV.DT1..BH,2021-07-29T08:00:00.000,720810,2021-07-29T12:00:16.200,0.489,S,2021-07-29T08-00-00.mseed,1.277834826396429e-06,1.277834826396429e-06
AV.DT1..BH,2021-07-29T08:00:00.000,803776,2021-07-29T12:27:55.520,0.5,S,2021-07-29T08-00-00.mseed,1.2842173191529582e-06,1.2842173191529582e-06
AV.DT1..BH,2021-07-29T08:00:00.000,878870,2021-07-29T12:52:57.400,0.645,S,2021-07-29T08-00-00.mseed,9.159169167105574e-06,9.159169167105574e-06
AV.DT1..BH,2021-07-29T08:00:00.000,948430,2021-07-29T13:16:08.600,0.349,S,2021-07-29T08-00-00.mseed,1.1159886526002083e-05,1.1159886526002083e-05
AV.DT1..BH,2021-07-29T08:00:00.000,956693,2021-07-29T13:18:53.860,0.615,S,2021-07-29T08-00-00.mseed,6.528818175866036e-06,6.528818175866036e-06
AV.DT1..BH,2021-07-29T08:00:00.000,958272,2021-07-29T13:19:25.440,0.467,S,2021-07-29T08-00-00.mseed,9.959536328096874e-06,9.959536328096874e-06
AV.DT1..BH,2021-07-29T08:00:00.000,971730,2021-07-29T13:23:54.600,0.413,S,2021-07-29T08-00-00.mseed,7.755882620585908e-07,7.755882620585908e-07
AV.DT1..BH,2021-07-29T08:00:00.000,994037,2021-07-29T13:31:20.740,0.694,S,2021-07-29T08-00-00.mseed,2.2050789993954822e-06,2.2050789993954822e-06
AV.DT1..BH,2021-07-29T08:00:00.000,995662,2021-07-29T13:31:53.240,0.46,S,2021-07-29T08-00-00.mseed,3.483469299681019e-06,3.483469299681019e-06
AV.DT1..BH,2021-07-29T08:00:00.000,1047266,2021-07-29T13:49:05.320,0.313,S,2021-07-29T08-00-00.mseed,2.010525349760428e-06,2.010525349760428e-06
AV.DT1..BH,2021-07-29T08:00:00.000,1048644,2021-07-29T13:49:32.880,0.442,S,2021-07-29T08-00-00.mseed,4.1660659917397425e-06,4.1660659917397425e-06
AV.DT1..BH,2021-07-29T08:00:00.000,1089248,2021-07-29T14:03:04.960,0.401,S,2021-07-29T08-00-00.mseed,9.675151204646681e-07,9.675151204646681e-07
AV.DT1..BH,2021-07-29T08:00:00.000,1106040,2021-07-29T14:08:40.800,0.498,S,2021-07-29T08-00-00.mseed,9.415410318069917e-07,9.415410318069917e-07
AV.DT1..BH,2021-07-29T08:00:00.000,1109364,2021-07-29T14:09:47.280,0.444,S,2021-07-29T08-00-00.mseed,3.0179469376889756e-06,3.0179469376889756e-06
AV.DT1..BH,2021-07-29T08:00:00.000,1130845,2021-07-29T14:16:56.900,0.699,S,2021-07-29T08-00-00.mseed,1.1210545380890835e-06,1.1210545380890835e-06
AV.DT1..BH,2021-07-29T08:00:00.000,1145084,2021-07-29T14:21:41.680,0.337,S,2021-07-29T08-00-00.mseed,1.8001561556957313e-06,1.8001561556957313e-06
AV.DT1..BH,2021-07-29T08:00:00.000,1231672,2021-07-29T14:50:33.440,0.513,S,2021-07-29T08-00-00.mseed,2.1242656202957733e-06,2.1242656202957733e-06
AV.DT1..BH,2021-07-29T08:00:00.000,1241392,2021-07-29T14:53:47.840,0.362,S,2021-07-29T08-00-00.mseed,4.0780810195428785e-06,4.0780810195428785e-06
AV.DT1..BH,2021-07-29T08:00:00.000,1261479,2021-07-29T15:00:29.580,0.407,S,2021-07-29T08-00-00.mseed,4.406037987791933e-06,4.406037987791933e-06
AV.DT1..BH,2021-07-29T08:00:00.000,1294323,2021-07-29T15:11:26.460,0.879,S,2021-07-29T08-00-00.mseed,1.8550463209976442e-06,1.8550463209976442e-06
AV.DT1..BH,2021-07-29T08:00:00.000,1302679,2021-07-29T15:14:13.580,0.685,S,2021-07-29T08-00-00.mseed,1.9348851765244035e-06,1.9348851765244035e-06
AV.DT1..BH,2021-07-29T08:00:00.000,1348080,2021-07-29T15:29:21.600,0.534,S,2021-07-29T08-00-00.mseed,8.708160521564423e-07,8.708160521564423e-07
AV.DT1..BH,2021-07-29T08:00:00.000,1353008,2021-07-29T15:31:00.160,0.562,S,2021-07-29T08-00-00.mseed,3.817598553723656e-06,3.817598553723656e-06
AV.DT1..BH,2021-07-29T08:00:00.000,1353286,2021-07-29T15:31:05.720,0.377,S,2021-07-29T08-00-00.mseed,5.5701502787997015e-06,5.5701502787997015e-06
AV.DTN..BH,2021-07-29T08:00:00.000,1,2021-07-29T08:00:00.020,0.729,P,2021-07-29T08-00-00.mseed,1.6541885997867212e-05,1.6541885997867212e-05
AV.DTN..BH,2021-07-29T08:00:00.000,32,2021-07-29T08:00:00.640,0.339,P,2021-07-29T08-00-00.mseed,5.018891170038842e-05,5.018891170038842e-05
AV.DTN..BH,2021-07-29T08:00:00.000,10851,2021-07-29T08:03:37.020,0.873,P,2021-07-29T08-00-00.mseed,2.0418954591150396e-05,2.0418954591150396e-05
AV.DTN..BH,2021-07-29T08:00:00.000,24082,2021-07-29T08:08:01.640,0.307,P,2021-07-29T08-00-00.mseed,1.2211589819344226e-05,1.2211589819344226e-05
AV.DTN..BH,2021-07-29T08:00:00.000,29118,2021-07-29T08:09:42.360,0.734,P,2021-07-29T08-00-00.mseed,2.6802963475347497e-05,2.6802963475347497e-05
AV.DTN..BH,2021-07-29T08:00:00.000,41024,2021-07-29T08:13:40.480,0.54,P,2021-07-29T08-00-00.mseed,1.990820419450756e-05,1.990820419450756e-05
AV.DTN..BH,2021-07-29T08:00:00.000,43671,2021-07-29T08:14:33.420,0.31,P,2021-07-29T08-00-00.mseed,1.8597116650198586e-05,1.8597116650198586e-05
AV.DTN..BH,2021-07-29T08:00:00.000,49742,2021-07-29T08:16:34.840,0.896,P,2021-07-29T08-00-00.mseed,3.066513090743683e-05,3.066513090743683e-05
AV.DTN..BH,2021-07-29T08:00:00.000,77470,2021-07-29T08:25:49.400,0.396,P,2021-07-29T08-00-00.mseed,1.393263755744556e-05,1.393263755744556e-05
AV.DTN..BH,2021-07-29T08:00:00.000,78715,2021-07-29T08:26:14.300,0.802,P,2021-07-29T08-00-00.mseed,5.98121368966531e-06,5.98121368966531e-06
AV.DTN..BH,2021-07-29T08:00:00.000,80752,2021-07-29T08:26:55.040,0.317,P,2021-07-29T08-00-00.mseed,1.7647977074375376e-05,1.7647977074375376e-05
AV.DTN..BH,2021-07-29T08:00:00.000,92547,2021-07-29T08:30:50.940,0.403,P,2021-07-29T08-00-00.mseed,1.0179195669479668e-05,1.0179195669479668e-05
AV.DTN..BH,2021-07-29T08:00:00.000,101103,2021-07-29T08:33:42.060,0.422,P,2021-07-29T08-00-00.mseed,1.1638083378784359e-05,1.1638083378784359e-05
AV.DTN..BH,2021-07-29T08:00:00.000,123058,2021-07-29T08:41:01.160,0.864,P,2021-07-29T08-00-00.mseed,1.131780391006032e-05,1.131780391006032e-05
AV.DTN..BH,2021-07-29T08:00:00.000,166446,2021-07-29T08:55:28.920,0.6,P,2021-07-29T08-00-00.mseed,6.432291684177471e-06,6.432291684177471e-06
AV.DTN..BH,2021-07-29T08:00:00.000,168290,2021-07-29T08:56:05.800,0.837,P,2021-07-29T08-00-00.mseed,9.12854193302337e-06,9.12854193302337e-06
AV.DTN..BH,2021-07-29T08:00:00.000,172534,2021-07-29T08:57:30.680,0.341,P,2021-07-29T08-00-00.mseed,7.689439371461049e-06,7.689439371461049e-06
AV.DTN..BH,2021-07-29T08:00:00.000,175486,2021-07-29T08:58:29.720,0.52,P,2021-07-29T08-00-00.mseed,1.0664892215572763e-05,1.0664892215572763e-05
AV.DTN..BH,2021-07-29T08:00:00.000,205729,2021-07-29T09:08:34.580,0.923,P,2021-07-29T08-00-00.mseed,6.440295237553073e-06,6.440295237553073e-06
AV.DTN..BH,2021-07-29T08:00:00.000,233618,2021-07-29T09:17:52.360,0.896,P,2021-07-29T08-00-00.mseed,6.3100565057538915e-06,6.3100565057538915e-06
AV.DTN..BH,2021-07-29T08:00:00.000,236850,2021-07-29T09:18:57.000,0.659,P,2021-07-29T08-00-00.mseed,4.149234428041382e-06,4.149234428041382e-06
AV.DTN..BH,2021-07-29T08:00:00.000,250902,2021-07-29T09:23:38.040,0.817,P,2021-07-29T08-00-00.mseed,5.471689291880466e-06,5.471689291880466e-06
AV.DTN..BH,2021-07-29T08:00:00.000,261147,2021-07-29T09:27:02.940,0.739,P,2021-07-29T08-00-00.mseed,4.705298579210648e-06,4.705298579210648e-06
AV.DTN..BH,2021-07-29T08:00:00.000,267275,2021-07-29T09:29:05.500,0.441,P,2021-07-29T08-00-00.mseed,4.142426769249141e-05,4.142426769249141e-05
AV.DTN..BH,2021-07-29T08:00:00.000,288370,2021-07-29T09:36:07.400,0.638,P,2021-07-29T08-00-00.mseed,1.964464445336489e-06,1.964464445336489e-06
AV.DTN..BH,2021-07-29T08:00:00.000,294815,2021-07-29T09:38:16.300,0.682,P,2021-07-29T08-00-00.mseed,3.931748778995825e-06,3.931748778995825e-06
AV.DTN..BH,2021-07-29T08:00:00.000,312029,2021-07-29T09:44:00.580,0.909,P,2021-07-29T08-00-00.mseed,3.720294671438751e-06,3.720294671438751e-06
AV.DTN..BH,2021-07-29T08:00:00.000,316467,2021-07-29T09:45:29.340,0.795,P,2021-07-29T08-00-00.mseed,3.857217961922288e-06,3.857217961922288e-06
AV.DTN..BH,2021-07-29T08:00:00.000,334759,2021-07-29T09:51:35.180,0.359,P,2021-07-29T08-00-00.mseed,3.010899717992288e-06,3.010899717992288e-06
AV.DTN..BH,2021-07-29T08:00:00.000,339285,2021-07-29T09:53:05.700,0.911,P,2021-07-29T08-00-00.mseed,6.958789526834153e-06,6.958789526834153e-06
AV.DTN..BH,2021-07-29T08:00:00.000,343396,2021-07-29T09:54:27.920,0.654,P,2021-07-29T08-00-00.mseed,1.530631743662525e-05,1.530631743662525e-05
AV.DTN..BH,2021-07-29T08:00:00.000,358159,2021-07-29T09:59:23.180,0.625,P,2021-07-29T08-00-00.mseed,8.471535693388432e-06,8.471535693388432e-06
AV.DTN..BH,2021-07-29T08:00:00.000,367107,2021-07-29T10:02:22.140,0.752,P,2021-07-29T08-00-00.mseed,5.3465491873794235e-06,5.3465491873794235e-06
AV.DTN..BH,2021-07-29T08:00:00.000,377650,2021-07-29T10:05:53.000,0.788,P,2021-07-29T08-00-00.mseed,2.282719378854381e-06,2.282719378854381e-06
AV.DTN..BH,2021-07-29T08:00:00.000,385807,2021-07-29T10:08:36.140,0.719,P,2021-07-29T08-00-00.mseed,3.806035920206341e-06,3.806035920206341e-06
AV.DTN..BH,2021-07-29T08:00:00.000,402338,2021-07-29T10:14:06.760,0.587,P,2021-07-29T08-00-00.mseed,2.59531202573271e-06,2.59531202573271e-06
AV.DTN..BH,2021-07-29T08:00:00.000,409899,2021-07-29T10:16:37.980,0.759,P,2021-07-29T08-00-00.mseed,3.963704330089968e-06,3.963704330089968e-06
AV.DTN..BH,2021-07-29T08:00:00.000,414192,2021-07-29T10:18:03.840,0.494,P,2021-07-29T08-00-00.mseed,2.960846813948592e-06,2.960846813948592e-06
AV.DTN..BH,2021-07-29T08:00:00.000,422472,2021-07-29T10:20:49.440,0.674,P,2021-07-29T08-00-00.mseed,3.1626525469619082e-06,3.1626525469619082e-06
AV.DTN..BH,2021-07-29T08:00:00.000,429194,2021-07-29T10:23:03.880,0.738,P,2021-07-29T08-00-00.mseed,2.669922878340003e-06,2.669922878340003e-06
AV.DTN..BH,2021-07-29T08:00:00.000,434862,2021-07-29T10:24:57.240,0.843,P,2021-07-29T08-00-00.mseed,4.549036930256989e-06,4.549036930256989e-06
AV.DTN..BH,2021-07-29T08:00:00.000,443062,2021-07-29T10:27:41.240,0.792,P,2021-07-29T08-00-00.mseed,4.4117200559412595e-06,4.4117200559412595e-06
AV.DTN..BH,2021-07-29T08:00:00.000,476218,2021-07-29T10:38:44.360,0.921,P,2021-07-29T08-00-00.mseed,2.769624416032457e-06,2.769624416032457e-06
AV.DTN..BH,2021-07-29T08:00:00.000,489047,2021-07-29T10:43:00.940,0.768,P,2021-07-29T08-00-00.mseed,2.7673393105942523e-06,2.7673393105942523e-06
AV.DTN..BH,2021-07-29T08:00:00.000,512818,2021-07-29T10:50:56.360,0.808,P,2021-07-29T08-00-00.mseed,2.052602212643251e-06,2.052602212643251e-06
AV.DTN..BH,2021-07-29T08:00:00.000,524311,2021-07-29T10:54:46.220,0.934,P,2021-07-29T08-00-00.mseed,2.4653706987010082e-06,2.4653706987010082e-06
AV.DTN..BH,2021-07-29T08:00:00.000,537662,2021-07-29T10:59:13.240,0.552,P,2021-07-29T08-00-00.mseed,2.822108626787667e-06,2.822108626787667e-06
AV.DTN..BH,2021-07-29T08:00:00.000,545616,2021-07-29T11:01:52.320,0.458,P,2021-07-29T08-00-00.mseed,1.5591783721902175e-06,1.5591783721902175e-06
AV.DTN..BH,2021-07-29T08:00:00.000,557000,2021-07-29T11:05:40.000,0.933,P,2021-07-29T08-00-00.mseed,3.604431867643143e-06,3.604431867643143e-06
AV.DTN..BH,2021-07-29T08:00:00.000,568491,2021-07-29T11:09:29.820,0.825,P,2021-07-29T08-00-00.mseed,1.0930384632956702e-05,1.0930384632956702e-05
AV.DTN..BH,2021-07-29T08:00:00.000,573455,2021-07-29T11:11:09.100,0.329,P,2021-07-29T08-00-00.mseed,7.394505246338667e-06,7.394505246338667e-06
AV.DTN..BH,2021-07-29T08:00:00.000,591690,2021-07-29T11:17:13.800,0.441,P,2021-07-29T08-00-00.mseed,2.69097449745459e-06,2.69097449745459e-06
AV.DTN..BH,2021-07-29T08:00:00.000,598239,2021-07-29T11:19:24.780,0.305,P,2021-07-29T08-00-00.mseed,1.8205518017566646e-06,1.8205518017566646e-06
AV.DTN..BH,2021-07-29T08:00:00.000,612718,2021-07-29T11:24:14.360,0.972,P,2021-07-29T08-00-00.mseed,3.6024546261614887e-06,3.6024546261614887e-06
AV.DTN..BH,2021-07-29T08:00:00.000,630189,2021-07-29T11:30:03.780,0.932,P,2021-07-29T08-00-00.mseed,5.091736966278404e-06,5.091736966278404e-06
AV.DTN..BH,2021-07-29T08:00:00.000,662259,2021-07-29T11:40:45.180,0.361,P,2021-07-29T08-00-00.mseed,1.9302642613183707e-06,1.9302642613183707e-06
AV.DTN..BH,2021-07-29T08:00:00.000,666736,2021-07-29T11:42:14.720,0.464,P,2021-07-29T08-00-00.mseed,2.2070141767471796e-06,2.2070141767471796e-06
AV.DTN..BH,2021-07-29T08:00:00.000,685855,2021-07-29T11:48:37.100,0.802,P,2021-07-29T08-00-00.mseed,4.527215423877351e-06,4.527215423877351e-06
AV.DTN..BH,2021-07-29T08:00:00.000,708210,2021-07-29T11:56:04.200,0.561,P,2021-07-29T08-00-00.mseed,2.07876178137667e-06,2.07876178137667e-06
AV.DTN..BH,2021-07-29T08:00:00.000,710639,2021-07-29T11:56:52.780,0.521,P,2021-07-29T08-00-00.mseed,3.176085556333419e-06,3.176085556333419e-06
AV.DTN..BH,2021-07-29T08:00:00.000,753455,2021-07-29T12:11:09.100,0.303,P,2021-07-29T08-00-00.mseed,2.461643134665792e-06,2.461643134665792e-06
AV.DTN..BH,2021-07-29T08:00:00.000,771416,2021-07-29T12:17:08.320,0.531,P,2021-07-29T08-00-00.mseed,1.5634466308256378e-06,1.5634466308256378e-06
AV.DTN..BH,2021-07-29T08:00:00.000,772664,2021-07-29T12:17:33.280,0.715,P,2021-07-29T08-00-00.mseed,1.4947248700991622e-06,1.4947248700991622e-06
AV.DTN..BH,2021-07-29T08:00:00.000,776004,2021-07-29T12:18:40.080,0.954,P,2021-07-29T08-00-00.mseed,4.829829322261503e-06,4.829829322261503e-06
AV.DTN..BH,2021-07-29T08:00:00.000,777624,2021-07-29T12:19:12.480,0.463,P,2021-07-29T08-00-00.mseed,1.1842979802167974e-05,1.1842979802167974e-05
AV.DTN..BH,2021-07-29T08:00:00.000,807229,2021-07-29T12:29:04.580,0.95,P,2021-07-29T08-00-00.mseed,5.794467597297626e-06,5.794467597297626e-06
AV.DTN..BH,2021-07-29T08:00:00.000,818784,2021-07-29T12:32:55.680,0.744,P,2021-07-29T08-00-00.mseed,2.72773536380555e-06,2.72773536380555e-06
AV.DTN..BH,2021-07-29T08:00:00.000,830343,2021-07-29T12:36:46.860,0.494,P,2021-07-29T08-00-00.mseed,2.2255535441217944e-06,2.2255535441217944e-06
AV.DTN..BH,2021-07-29T08:00:00.000,850417,2021-07-29T12:43:28.340,0.941,P,2021-07-29T08-00-00.mseed,1.9174363842466846e-05,1.9174363842466846e-05
AV.DTN..BH,2021-07-29T08:00:00.000,877457,2021-07-29T12:52:29.140,0.914,P,2021-07-29T08-00-00.mseed,7.16570275471895e-06,7.16570275471895e-06
AV.DTN..BH,2021-07-29T08:00:00.000,891022,2021-07-29T12:57:00.440,0.433,P,2021-07-29T08-00-00.mseed,1.9609569790191017e-06,1.9609569790191017e-06
AV.DTN..BH,2021-07-29T08:00:00.000,906322,2021-07-29T13:02:06.440,0.476,P,2021-07-29T08-00-00.mseed,2.3312804842134938e-06,2.3312804842134938e-06
AV.DTN..BH,2021-07-29T08:00:00.000,911487,2021-07-29T13:03:49.740,0.908,P,2021-07-29T08-00-00.mseed,2.084987272610306e-06,2.084987272610306e-06
AV.DTN..BH,2021-07-29T08:00:00.000,923935,2021-07-29T13:07:58.700,0.529,P,2021-07-29T08-00-00.mseed,1.832906832532899e-06,1.832906832532899e-06
AV.DTN..BH,2021-07-29T08:00:00.000,946563,2021-07-29T13:15:31.260,0.853,P,2021-07-29T08-00-00.mseed,7.961860319483094e-06,7.961860319483094e-06
AV.DTN..BH,2021-07-29T08:00:00.000,956163,2021-07-29T13:18:43.260,0.821,P,2021-07-29T08-00-00.mseed,9.745312127051875e-06,9.745312127051875e-06
AV.DTN..BH,2021-07-29T08:00:00.000,993494,2021-07-29T13:31:09.880,0.746,P,2021-07-29T08-00-00.mseed,1.985298922591028e-06,1.985298922591028e-06
AV.DTN..BH,2021-07-29T08:00:00.000,1002259,2021-07-29T13:34:05.180,0.75,P,2021-07-29T08-00-00.mseed,2.3152863377617905e-06,2.3152863377617905e-06
AV.DTN..BH,2021-07-29T08:00:00.000,1014674,2021-07-29T13:38:13.480,0.679,P,2021-07-29T08-00-00.mseed,1.573145254951669e-06,1.573145254951669e-06
AV.DTN..BH,2021-07-29T08:00:00.000,1042220,2021-07-29T13:47:24.400,0.406,P,2021-07-29T08-00-00.mseed,1.8992537889062078e-06,1.8992537889062078e-06
AV.DTN..BH,2021-07-29T08:00:00.000,1046827,2021-07-29T13:48:56.540,0.896,P,2021-07-29T08-00-00.mseed,4.130569777771598e-06,4.130569777771598e-06
AV.DTN..BH,2021-07-29T08:00:00.000,1088706,2021-07-29T14:02:54.120,0.832,P,2021-07-29T08-00-00.mseed,1.7273282537644263e-06,1.7273282537644263e-06
AV.DTN..BH,2021-07-29T08:00:00.000,1105532,2021-07-29T14:08:30.640,0.727,P,2021-07-29T08-00-00.mseed,2.396027184659033e-06,2.396027184659033e-06
AV.DTN..BH,2021-07-29T08:00:00.000,1129803,2021-07-29T14:16:36.060,0.392,P,2021-07-29T08-00-00.mseed,2.261743247800041e-06,2.261743247800041e-06
AV.DTN..BH,2021-07-29T08:00:00.000,1143118,2021-07-29T14:21:02.360,0.661,P,2021-07-29T08-00-00.mseed,2.5982194529206026e-06,2.5982194529206026e-06
AV.DTN..BH,2021-07-29T08:00:00.000,1166050,2021-07-29T14:28:41.000,0.589,P,2021-07-29T08-00-00.mseed,1.5414117342515965e-06,1.5414117342515965e-06
AV.DTN..BH,2021-07-29T08:00:00.000,1211414,2021-07-29T14:43:48.280,0.421,P,2021-07-29T08-00-00.mseed,2.1246053165668854e-06,2.1246053165668854e-06
AV.DTN..BH,2021-07-29T08:00:00.000,1213200,2021-07-29T14:44:24.000,0.62,P,2021-07-29T08-00-00.mseed,2.6191185042989673e-06,2.6191185042989673e-06
AV.DTN..BH,2021-07-29T08:00:00.000,1219762,2021-07-29T14:46:35.240,0.343,P,2021-07-29T08-00-00.mseed,1.6753862155383104e-06,1.6753862155383104e-06
AV.DTN..BH,2021-07-29T08:00:00.000,1224668,2021-07-29T14:48:13.360,0.629,P,2021-07-29T08-00-00.mseed,2.0549905457301065e-06,2.0549905457301065e-06
AV.DTN..BH,2021-07-29T08:00:00.000,1226194,2021-07-29T14:48:43.880,0.456,P,2021-07-29T08-00-00.mseed,3.1702670639788266e-06,3.1702670639788266e-06
AV.DTN..BH,2021-07-29T08:00:00.000,1230418,2021-07-29T14:50:08.360,0.654,P,2021-07-29T08-00-00.mseed,2.6484149202588014e-06,2.6484149202588014e-06
AV.DTN..BH,2021-07-29T08:00:00.000,1239852,2021-07-29T14:53:17.040,0.95,P,2021-07-29T08-00-00.mseed,2.681582145669381e-06,2.681582145669381e-06
AV.DTN..BH,2021-07-29T08:00:00.000,1256322,2021-07-29T14:58:46.440,0.585,P,2021-07-29T08-00-00.mseed,2.543541540944716e-06,2.543541540944716e-06
AV.DTN..BH,2021-07-29T08:00:00.000,1260912,2021-07-29T15:00:18.240,0.537,P,2021-07-29T08-00-00.mseed,1.3465865777106956e-05,1.3465865777106956e-05
AV.DTN..BH,2021-07-29T08:00:00.000,1293837,2021-07-29T15:11:16.740,0.86,P,2021-07-29T08-00-00.mseed,2.0801910523005063e-06,2.0801910523005063e-06
AV.DTN..BH,2021-07-29T08:00:00.000,1302141,2021-07-29T15:14:02.820,0.894,P,2021-07-29T08-00-00.mseed,2.7660312298394274e-06,2.7660312298394274e-06
AV.DTN..BH,2021-07-29T08:00:00.000,1324814,2021-07-29T15:21:36.280,0.545,P,2021-07-29T08-00-00.mseed,2.3167451672634343e-06,2.3167451672634343e-06
AV.DTN..BH,2021-07-29T08:00:00.000,1331415,2021-07-29T15:23:48.300,0.423,P,2021-07-29T08-00-00.mseed,1.6147751011885703e-06,1.6147751011885703e-06
AV.DTN..BH,2021-07-29T08:00:00.000,1351594,2021-07-29T15:30:31.880,0.856,P,2021-07-29T08-00-00.mseed,4.050025836477289e-06,4.050025836477289e-06
AV.DTN..BH,2021-07-29T08:00:00.000,1382623,2021-07-29T15:40:52.460,0.459,P,2021-07-29T08-00-00.mseed,1.4224897313397378e-06,1.4224897313397378e-06
AV.DTN..BH,2021-07-29T08:00:00.000,1423675,2021-07-29T15:54:33.500,0.42,P,2021-07-29T08-00-00.mseed,2.266739784317906e-06,2.266739784317906e-06
AV.DTN..BH,2021-07-29T08:00:00.000,598,2021-07-29T08:00:11.960,0.484,S,2021-07-29T08-00-00.mseed,6.911809032317251e-05,6.911809032317251e-05
AV.DTN..BH,2021-07-29T08:00:00.000,11271,2021-07-29T08:03:45.420,0.494,S,2021-07-29T08-00-00.mseed,1.2732492905342951e-05,1.2732492905342951e-05
AV.DTN..BH,2021-07-29T08:00:00.000,22809,2021-07-29T08:07:36.180,0.464,S,2021-07-29T08-00-00.mseed,7.5626558100339025e-06,7.5626558100339025e-06
AV.DTN..BH,2021-07-29T08:00:00.000,33816,2021-07-29T08:11:16.320,0.49,S,2021-07-29T08-00-00.mseed,0.0001939624489750713,0.0001939624489750713
AV.DTN..BH,2021-07-29T08:00:00.000,51544,2021-07-29T08:17:10.880,0.416,S,2021-07-29T08-00-00.mseed,4.5416214561555535e-05,4.5416214561555535e-05
AV.DTN..BH,2021-07-29T08:00:00.000,79306,2021-07-29T08:26:26.120,0.347,S,2021-07-29T08-00-00.mseed,1.3467329154082108e-05,1.3467329154082108e-05
AV.DTN..BH,2021-07-29T08:00:00.000,94027,2021-07-29T08:31:20.540,0.464,S,2021-07-29T08-00-00.mseed,1.0938936611637473e-05,1.0938936611637473e-05
AV.DTN..BH,2021-07-29T08:00:00.000,125306,2021-07-29T08:41:46.120,0.389,S,2021-07-29T08-00-00.mseed,5.5791872000554577e-05,5.5791872000554577e-05
AV.DTN..BH,2021-07-29T08:00:00.000,234008,2021-07-29T09:18:00.160,0.674,S,2021-07-29T08-00-00.mseed,7.866322448535357e-06,7.866322448535357e-06
AV.DTN..BH,2021-07-29T08:00:00.000,251424,2021-07-29T09:23:48.480,0.566,S,2021-07-29T08-00-00.mseed,5.067293841420906e-06,5.067293841420906e-06
AV.DTN..BH,2021-07-29T08:00:00.000,295224,2021-07-29T09:38:24.480,0.409,S,2021-07-29T08-00-00.mseed,3.715124421432847e-06,3.715124421432847e-06
AV.DTN..BH,2021-07-29T08:00:00.000,312378,2021-07-29T09:44:07.560,0.314,S,2021-07-29T08-00-00.mseed,3.720294671438751e-06,3.720294671438751e-06
AV.DTN..BH,2021-07-29T08:00:00.000,339654,2021-07-29T09:53:13.080,0.326,S,2021-07-29T08-00-00.mseed,1.4029496014700271e-05,1.4029496014700271e-05
AV.DTN..BH,2021-07-29T08:00:00.000,343987,2021-07-29T09:54:39.740,0.37,S,2021-07-29T08-00-00.mseed,2.5703784558572806e-05,2.5703784558572806e-05
AV.DTN..BH,2021-07-29T08:00:00.000,345706,2021-07-29T09:55:14.120,0.305,S,2021-07-29T08-00-00.mseed,0.00010857028246391565,0.00010857028246391565
AV.DTN..BH,2021-07-29T08:00:00.000,379898,2021-07-29T10:06:37.960,0.483,S,2021-07-29T08-00-00.mseed,3.667556711661746e-06,3.667556711661746e-06
AV.DTN..BH,2021-07-29T08:00:00.000,404710,2021-07-29T10:14:54.200,0.306,S,2021-07-29T08-00-00.mseed,4.642676231014775e-06,4.642676231014775e-06
AV.DTN..BH,2021-07-29T08:00:00.000,411305,2021-07-29T10:17:06.100,0.412,S,2021-07-29T08-00-00.mseed,1.711441291263327e-05,1.711441291263327e-05
AV.DTN..BH,2021-07-29T08:00:00.000,415530,2021-07-29T10:18:30.600,0.517,S,2021-07-29T08-00-00.mseed,1.3725060853175819e-05,1.3725060853175819e-05
AV.DTN..BH,2021-07-29T08:00:00.000,431414,2021-07-29T10:23:48.280,0.342,S,2021-07-29T08-00-00.mseed,6.174442205519881e-06,6.174442205519881e-06
AV.DTN..BH,2021-07-29T08:00:00.000,435249,2021-07-29T10:25:04.980,0.379,S,2021-07-29T08-00-00.mseed,6.40281950836652e-06,6.40281950836652e-06
AV.DTN..BH,2021-07-29T08:00:00.000,437179,2021-07-29T10:25:43.580,0.375,S,2021-07-29T08-00-00.mseed,1.1025654202967416e-05,1.1025654202967416e-05
AV.DTN..BH,2021-07-29T08:00:00.000,444832,2021-07-29T10:28:16.640,0.534,S,2021-07-29T08-00-00.mseed,1.6855348803801462e-05,1.6855348803801462e-05
AV.DTN..BH,2021-07-29T08:00:00.000,465298,2021-07-29T10:35:05.960,0.367,S,2021-07-29T08-00-00.mseed,3.928294972865842e-06,3.928294972865842e-06
AV.DTN..BH,2021-07-29T08:00:00.000,476744,2021-07-29T10:38:54.880,0.524,S,2021-07-29T08-00-00.mseed,3.170493982906919e-06,3.170493982906919e-06
AV.DTN..BH,2021-07-29T08:00:00.000,505482,2021-07-29T10:48:29.640,0.34,S,2021-07-29T08-00-00.mseed,2.587053813840612e-06,2.587053813840612e-06
AV.DTN..BH,2021-07-29T08:00:00.000,513432,2021-07-29T10:51:08.640,0.616,S,2021-07-29T08-00-00.mseed,4.714736405730946e-06,4.714736405730946e-06
AV.DTN..BH,2021-07-29T08:00:00.000,526324,2021-07-29T10:55:26.480,0.347,S,2021-07-29T08-00-00.mseed,4.808267476619221e-06,4.808267476619221e-06
AV.DTN..BH,2021-07-29T08:00:00.000,538056,2021-07-29T10:59:21.120,0.351,S,2021-07-29T08-00-00.mseed,3.824417944997549e-06,3.824417944997549e-06
AV.DTN..BH,2021-07-29T08:00:00.000,539446,2021-07-29T10:59:48.920,0.546,S,2021-07-29T08-00-00.mseed,5.266484549792949e-06,5.266484549792949e-06
AV.DTN..BH,2021-07-29T08:00:00.000,558919,2021-07-29T11:06:18.380,0.485,S,2021-07-29T08-00-00.mseed,2.703999234654475e-05,2.703999234654475e-05
AV.DTN..BH,2021-07-29T08:00:00.000,570532,2021-07-29T11:10:10.640,0.478,S,2021-07-29T08-00-00.mseed,9.306281572207808e-05,9.306281572207808e-05
AV.DTN..BH,2021-07-29T08:00:00.000,613295,2021-07-29T11:24:25.900,0.855,S,2021-07-29T08-00-00.mseed,3.8522452996403445e-06,3.8522452996403445e-06
AV.DTN..BH,2021-07-29T08:00:00.000,630392,2021-07-29T11:30:07.840,0.511,S,2021-07-29T08-00-00.mseed,6.205627414601622e-06,6.205627414601622e-06
AV.DTN..BH,2021-07-29T08:00:00.000,632135,2021-07-29T11:30:42.700,0.566,S,2021-07-29T08-00-00.mseed,2.5678626116132364e-05,2.5678626116132364e-05
AV.DTN..BH,2021-07-29T08:00:00.000,634172,2021-07-29T11:31:23.440,0.453,S,2021-07-29T08-00-00.mseed,4.3081345211248845e-06,4.3081345211248845e-06
AV.DTN..BH,2021-07-29T08:00:00.000,668979,2021-07-29T11:42:59.580,0.441,S,2021-07-29T08-00-00.mseed,1.7101703633670695e-05,1.7101703633670695e-05
AV.DTN..BH,2021-07-29T08:00:00.000,686094,2021-07-29T11:48:41.880,0.332,S,2021-07-29T08-00-00.mseed,6.555525487783598e-06,6.555525487783598e-06
AV.DTN..BH,2021-07-29T08:00:00.000,687858,2021-07-29T11:49:17.160,0.33,S,2021-07-29T08-00-00.mseed,2.9948578230687417e-05,2.9948578230687417e-05
AV.DTN..BH,2021-07-29T08:00:00.000,793496,2021-07-29T12:24:29.920,0.421,S,2021-07-29T08-00-00.mseed,4.111466296308208e-06,4.111466296308208e-06
AV.DTN..BH,2021-07-29T08:00:00.000,794968,2021-07-29T12:24:59.360,0.312,S,2021-07-29T08-00-00.mseed,1.0267787729389966e-05,1.0267787729389966e-05
AV.DTN..BH,2021-07-29T08:00:00.000,818995,2021-07-29T12:32:59.900,0.507,S,2021-07-29T08-00-00.mseed,3.543432740116259e-06,3.543432740116259e-06
AV.DTN..BH,2021-07-29T08:00:00.000,878907,2021-07-29T12:52:58.140,0.392,S,2021-07-29T08-00-00.mseed,2.5208226361428387e-05,2.5208226361428387e-05
AV.DTN..BH,2021-07-29T08:00:00.000,913508,2021-07-29T13:04:30.160,0.555,S,2021-07-29T08-00-00.mseed,3.5648738503368804e-06,3.5648738503368804e-06
AV.DTN..BH,2021-07-29T08:00:00.000,946874,2021-07-29T13:15:37.480,0.435,S,2021-07-29T08-00-00.mseed,1.1061591976613272e-05,1.1061591976613272e-05
AV.DTN..BH,2021-07-29T08:00:00.000,948442,2021-07-29T13:16:08.840,0.348,S,2021-07-29T08-00-00.mseed,6.920145096955821e-05,6.920145096955821e-05
AV.DTN..BH,2021-07-29T08:00:00.000,956720,2021-07-29T13:18:54.400,0.346,S,2021-07-29T08-00-00.mseed,1.491698913014261e-05,1.491698913014261e-05
AV.DTN..BH,2021-07-29T08:00:00.000,994019,2021-07-29T13:31:20.380,0.739,S,2021-07-29T08-00-00.mseed,3.1716442663309863e-06,3.1716442663309863e-06
AV.DTN..BH,2021-07-29T08:00:00.000,995655,2021-07-29T13:31:53.100,0.756,S,2021-07-29T08-00-00.mseed,7.83324139774777e-06,7.83324139774777e-06
AV.DTN..BH,2021-07-29T08:00:00.000,1049152,2021-07-29T13:49:43.040,0.31,S,2021-07-29T08-00-00.mseed,1.66509416885674e-05,1.66509416885674e-05
AV.DTN..BH,2021-07-29T08:00:00.000,1093172,2021-07-29T14:04:23.440,0.554,S,2021-07-29T08-00-00.mseed,7.142116828617873e-06,7.142116828617873e-06
AV.DTN..BH,2021-07-29T08:00:00.000,1107232,2021-07-29T14:09:04.640,0.431,S,2021-07-29T08-00-00.mseed,6.366084107867209e-06,6.366084107867209e-06
AV.DTN..BH,2021-07-29T08:00:00.000,1130313,2021-07-29T14:16:46.260,0.52,S,2021-07-29T08-00-00.mseed,2.579915189926396e-06,2.579915189926396e-06
AV.DTN..BH,2021-07-29T08:00:00.000,1145129,2021-07-29T14:21:42.580,0.432,S,2021-07-29T08-00-00.mseed,3.5576520076574525e-06,3.5576520076574525e-06
AV.DTN..BH,2021-07-29T08:00:00.000,1231733,2021-07-29T14:50:34.660,0.727,S,2021-07-29T08-00-00.mseed,5.862999387318268e-06,5.862999387318268e-06
AV.DTN..BH,2021-07-29T08:00:00.000,1241372,2021-07-29T14:53:47.440,0.443,S,2021-07-29T08-00-00.mseed,7.264009582286235e-06,7.264009582286235e-06
AV.DTN..BH,2021-07-29T08:00:00.000,1258451,2021-07-29T14:59:29.020,0.579,S,2021-07-29T08-00-00.mseed,7.974957043188624e-06,7.974957043188624e-06
AV.DTN..BH,2021-07-29T08:00:00.000,1261416,2021-07-29T15:00:28.320,0.357,S,2021-07-29T08-00-00.mseed,1.441003678337438e-05,1.441003678337438e-05
AV.DTN..BH,2021-07-29T08:00:00.000,1294384,2021-07-29T15:11:27.680,0.34,S,2021-07-29T08-00-00.mseed,2.032622887782054e-06,2.032622887782054e-06
AV.DTN..BH,2021-07-29T08:00:00.000,1302646,2021-07-29T15:14:12.920,0.446,S,2021-07-29T08-00-00.mseed,4.725462076748954e-06,4.725462076748954e-06
AV.DTN..BH,2021-07-29T08:00:00.000,1304435,2021-07-29T15:14:48.700,0.518,S,2021-07-29T08-00-00.mseed,1.5969431842677295e-05,1.5969431842677295e-05
AV.DTN..BH,2021-07-29T08:00:00.000,1353052,2021-07-29T15:31:01.040,0.481,S,2021-07-29T08-00-00.mseed,1.9842922483803704e-05,1.9842922483803704e-05
AV.DTN..BH,2021-07-29T08:00:00.000,1424170,2021-07-29T15:54:43.400,0.345,S,2021-07-29T08-00-00.mseed,2.438142018945655e-06,2.438142018945655e-06
AV.HAG..SH,2021-07-29T08:00:00.000,30,2021-07-29T08:00:00.600,0.709,P,2021-07-29T08-00-00.mseed,1.681754110904876e-05,1.681754110904876e-05
AV.HAG..SH,2021-07-29T08:00:00.000,5859,2021-07-29T08:01:57.180,0.604,P,2021-07-29T08-00-00.mseed,7.058480946398049e-07,7.058480946398049e-07
AV.HAG..SH,2021-07-29T08:00:00.000,10738,2021-07-29T08:03:34.760,0.677,P,2021-07-29T08-00-00.mseed,1.4129908777249511e-05,1.4129908777249511e-05
AV.HAG..SH,2021-07-29T08:00:00.000,18352,2021-07-29T08:06:07.040,0.603,P,2021-07-29T08-00-00.mseed,1.255332563232514e-06,1.255332563232514e-06
AV.HAG..SH,2021-07-29T08:00:00.000,29040,2021-07-29T08:09:40.800,0.551,P,2021-07-29T08-00-00.mseed,4.637720849132165e-06,4.637720849132165e-06
AV.HAG..SH,2021-07-29T08:00:00.000,33182,2021-07-29T08:11:03.640,0.474,P,2021-07-29T08-00-00.mseed,5.6098255299730226e-05,5.6098255299730226e-05
AV.HAG..SH,2021-07-29T08:00:00.000,40888,2021-07-29T08:13:37.760,0.47,P,2021-07-29T08-00-00.mseed,3.6017513593833428e-06,3.6017513593833428e-06
AV.HAG..SH,2021-07-29T08:00:00.000,43516,2021-07-29T08:14:30.320,0.614,P,2021-07-29T08-00-00.mseed,4.032227025163593e-06,4.032227025163593e-06
AV.HAG..SH,2021-07-29T08:00:00.000,49591,2021-07-29T08:16:31.820,0.748,P,2021-07-29T08-00-00.mseed,1.707151204755064e-05,1.707151204755064e-05
AV.HAG..SH,2021-07-29T08:00:00.000,55411,2021-07-29T08:18:28.220,0.529,P,2021-07-29T08-00-00.mseed,7.3074893407465424e-06,7.3074893407465424e-06
AV.HAG..SH,2021-07-29T08:00:00.000,77836,2021-07-29T08:25:56.720,0.596,P,2021-07-29T08-00-00.mseed,1.4790064142289339e-06,1.4790064142289339e-06
AV.HAG..SH,2021-07-29T08:00:00.000,82086,2021-07-29T08:27:21.720,0.366,P,2021-07-29T08-00-00.mseed,2.7401292754802853e-06,2.7401292754802853e-06
AV.HAG..SH,2021-07-29T08:00:00.000,92427,2021-07-29T08:30:48.540,0.345,P,2021-07-29T08-00-00.mseed,1.4498605196422432e-06,1.4498605196422432e-06
AV.HAG..SH,2021-07-29T08:00:00.000,101003,2021-07-29T08:33:40.060,0.789,P,2021-07-29T08-00-00.mseed,3.174391167704016e-06,3.174391167704016e-06
AV.HAG..SH,2021-07-29T08:00:00.000,107028,2021-07-29T08:35:40.560,0.491,P,2021-07-29T08-00-00.mseed,2.0450261217774823e-06,2.0450261217774823e-06
AV.HAG..SH,2021-07-29T08:00:00.000,118651,2021-07-29T08:39:33.020,0.71,P,2021-07-29T08-00-00.mseed,2.6281702503183624e-06,2.6281702503183624e-06
AV.HAG..SH,2021-07-29T08:00:00.000,122939,2021-07-29T08:40:58.780,0.71,P,2021-07-29T08-00-00.mseed,1.1334146620356478e-05,1.1334146620356478e-05
AV.HAG..SH,2021-07-29T08:00:00.000,124575,2021-07-29T08:41:31.500,0.522,P,2021-07-29T08-00-00.mseed,1.9765790057135746e-05,1.9765790057135746e-05
AV.HAG..SH,2021-07-29T08:00:00.000,135804,2021-07-29T08:45:16.080,0.346,P,2021-07-29T08-00-00.mseed,5.953117465651303e-07,5.953117465651303e-07
AV.HAG..SH,2021-07-29T08:00:00.000,169775,2021-07-29T08:56:35.500,0.631,P,2021-07-29T08-00-00.mseed,1.5490026271436363e-05,1.5490026271436363e-05
AV.HAG..SH,2021-07-29T08:00:00.000,175410,2021-07-29T08:58:28.200,0.367,P,2021-07-29T08-00-00.mseed,1.0488501175132114e-05,1.0488501175132114e-05
AV.HAG..SH,2021-07-29T08:00:00.000,205599,2021-07-29T09:08:31.980,0.76,P,2021-07-29T08-00-00.mseed,6.149053206172539e-06,6.149053206172539e-06
AV.HAG..SH,2021-07-29T08:00:00.000,224275,2021-07-29T09:14:45.500,0.586,P,2021-07-29T08-00-00.mseed,1.2906839401694015e-06,1.2906839401694015e-06
AV.HAG..SH,2021-07-29T08:00:00.000,233515,2021-07-29T09:17:50.300,0.76,P,2021-07-29T08-00-00.mseed,6.528853191412054e-06,6.528853191412054e-06
AV.HAG..SH,2021-07-29T08:00:00.000,250780,2021-07-29T09:23:35.600,0.611,P,2021-07-29T08-00-00.mseed,3.998370630142745e-06,3.998370630142745e-06
AV.HAG..SH,2021-07-29T08:00:00.000,261011,2021-07-29T09:27:00.220,0.569,P,2021-07-29T08-00-00.mseed,9.672868372945231e-07,9.672868372945231e-07
AV.HAG..SH,2021-07-29T08:00:00.000,267114,2021-07-29T09:29:02.280,0.908,P,2021-07-29T08-00-00.mseed,2.8133403247920796e-05,2.8133403247920796e-05
AV.HAG..SH,2021-07-29T08:00:00.000,288368,2021-07-29T09:36:07.360,0.75,P,2021-07-29T08-00-00.mseed,1.5145956240303349e-06,1.5145956240303349e-06
AV.HAG..SH,2021-07-29T08:00:00.000,289897,2021-07-29T09:36:37.940,0.358,P,2021-07-29T08-00-00.mseed,1.4291096022134298e-06,1.4291096022134298e-06
AV.HAG..SH,2021-07-29T08:00:00.000,294762,2021-07-29T09:38:15.240,0.865,P,2021-07-29T08-00-00.mseed,6.041105734766461e-06,6.041105734766461e-06
AV.HAG..SH,2021-07-29T08:00:00.000,311918,2021-07-29T09:43:58.360,0.337,P,2021-07-29T08-00-00.mseed,1.5691615544710658e-06,1.5691615544710658e-06
AV.HAG..SH,2021-07-29T08:00:00.000,339143,2021-07-29T09:53:02.860,0.814,P,2021-07-29T08-00-00.mseed,1.060963677446125e-05,1.060963677446125e-05
AV.HAG..SH,2021-07-29T08:00:00.000,343263,2021-07-29T09:54:25.260,0.741,P,2021-07-29T08-00-00.mseed,2.267923264298588e-05,2.267923264298588e-05
AV.HAG..SH,2021-07-29T08:00:00.000,348778,2021-07-29T09:56:15.560,0.342,P,2021-07-29T08-00-00.mseed,3.6991348224546527e-06,3.6991348224546527e-06
AV.HAG..SH,2021-07-29T08:00:00.000,350736,2021-07-29T09:56:54.720,0.57,P,2021-07-29T08-00-00.mseed,4.717346655525034e-06,4.717346655525034e-06
AV.HAG..SH,2021-07-29T08:00:00.000,352275,2021-07-29T09:57:25.500,0.431,P,2021-07-29T08-00-00.mseed,5.5810046433180105e-06,5.5810046433180105e-06
AV.HAG..SH,2021-07-29T08:00:00.000,358044,2021-07-29T09:59:20.880,0.614,P,2021-07-29T08-00-00.mseed,2.830588755386998e-06,2.830588755386998e-06
AV.HAG..SH,2021-07-29T08:00:00.000,361623,2021-07-29T10:00:32.460,0.451,P,2021-07-29T08-00-00.mseed,4.403142611408839e-06,4.403142611408839e-06
AV.HAG..SH,2021-07-29T08:00:00.000,367136,2021-07-29T10:02:22.720,0.318,P,2021-07-29T08-00-00.mseed,8.424534826190211e-06,8.424534826190211e-06
AV.HAG..SH,2021-07-29T08:00:00.000,377580,2021-07-29T10:05:51.600,0.597,P,2021-07-29T08-00-00.mseed,9.43387988172617e-07,9.43387988172617e-07
AV.HAG..SH,2021-07-29T08:00:00.000,385683,2021-07-29T10:08:33.660,0.643,P,2021-07-29T08-00-00.mseed,2.9818656912539154e-06,2.9818656912539154e-06
AV.HAG..SH,2021-07-29T08:00:00.000,402199,2021-07-29T10:14:03.980,0.72,P,2021-07-29T08-00-00.mseed,1.4712496749780257e-06,1.4712496749780257e-06
AV.HAG..SH,2021-07-29T08:00:00.000,409778,2021-07-29T10:16:35.560,0.851,P,2021-07-29T08-00-00.mseed,4.267665644874796e-06,4.267665644874796e-06
AV.HAG..SH,2021-07-29T08:00:00.000,414079,2021-07-29T10:18:01.580,0.755,P,2021-07-29T08-00-00.mseed,4.188490947854007e-06,4.188490947854007e-06
AV.HAG..SH,2021-07-29T08:00:00.000,418291,2021-07-29T10:19:25.820,0.374,P,2021-07-29T08-00-00.mseed,3.8374511746042117e-07,3.8374511746042117e-07
AV.HAG..SH,2021-07-29T08:00:00.000,422326,2021-07-29T10:20:46.520,0.638,P,2021-07-29T08-00-00.mseed,9.673149179434404e-07,9.673149179434404e-07
AV.HAG..SH,2021-07-29T08:00:00.000,429062,2021-07-29T10:23:01.240,0.86,P,2021-07-29T08-00-00.mseed,2.9099007861077553e-06,2.9099007861077553e-06
AV.HAG..SH,2021-07-29T08:00:00.000,434744,2021-07-29T10:24:54.880,0.623,P,2021-07-29T08-00-00.mseed,3.7288957628334174e-06,3.7288957628334174e-06
AV.HAG..SH,2021-07-29T08:00:00.000,442926,2021-07-29T10:27:38.520,0.403,P,2021-07-29T08-00-00.mseed,4.585043882343598e-07,4.585043882343598e-07
AV.HAG..SH,2021-07-29T08:00:00.000,442973,2021-07-29T10:27:39.460,0.768,P,2021-07-29T08-00-00.mseed,3.543224011082202e-06,3.543224011082202e-06
AV.HAG..SH,2021-07-29T08:00:00.000,444598,2021-07-29T10:28:11.960,0.419,P,2021-07-29T08-00-00.mseed,6.6804082052840386e-06,6.6804082052840386e-06
AV.HAG..SH,2021-07-29T08:00:00.000,445504,2021-07-29T10:28:30.080,0.335,P,2021-07-29T08-00-00.mseed,5.175705609872239e-06,5.175705609872239e-06
AV.HAG..SH,2021-07-29T08:00:00.000,476102,2021-07-29T10:38:42.040,0.81,P,2021-07-29T08-00-00.mseed,3.1062970720086014e-06,3.1062970720086014e-06
AV.HAG..SH,2021-07-29T08:00:00.000,506979,2021-07-29T10:48:59.580,0.48,P,2021-07-29T08-00-00.mseed,2.758736172836507e-07,2.758736172836507e-07
AV.HAG..SH,2021-07-29T08:00:00.000,508804,2021-07-29T10:49:36.080,0.483,P,2021-07-29T08-00-00.mseed,6.389162763298373e-07,6.389162763298373e-07
AV.HAG..SH,2021-07-29T08:00:00.000,512846,2021-07-29T10:50:56.920,0.589,P,2021-07-29T08-00-00.mseed,1.7133017991000088e-06,1.7133017991000088e-06
AV.HAG..SH,2021-07-29T08:00:00.000,524275,2021-07-29T10:54:45.500,0.636,P,2021-07-29T08-00-00.mseed,1.7497720818937523e-06,1.7497720818937523e-06
AV.HAG..SH,2021-07-29T08:00:00.000,537614,2021-07-29T10:59:12.280,0.872,P,2021-07-29T08-00-00.mseed,3.764507937376038e-06,3.764507937376038e-06
AV.HAG..SH,2021-07-29T08:00:00.000,547576,2021-07-29T11:02:31.520,0.314,P,2021-07-29T08-00-00.mseed,8.388851711060852e-07,8.388851711060852e-07
AV.HAG..SH,2021-07-29T08:00:00.000,556887,2021-07-29T11:05:37.740,0.655,P,2021-07-29T08-00-00.mseed,4.396110853122082e-06,4.396110853122082e-06
AV.HAG..SH,2021-07-29T08:00:00.000,568353,2021-07-29T11:09:27.060,0.914,P,2021-07-29T08-00-00.mseed,1.5733385225757957e-05,1.5733385225757957e-05
AV.HAG..SH,2021-07-29T08:00:00.000,591599,2021-07-29T11:17:11.980,0.521,P,2021-07-29T08-00-00.mseed,1.8209542531621992e-06,1.8209542531621992e-06
AV.HAG..SH,2021-07-29T08:00:00.000,612823,2021-07-29T11:24:16.460,0.822,P,2021-07-29T08-00-00.mseed,1.6169548189282068e-06,1.6169548189282068e-06
AV.HAG..SH,2021-07-29T08:00:00.000,630078,2021-07-29T11:30:01.560,0.855,P,2021-07-29T08-00-00.mseed,8.168872227543034e-06,8.168872227543034e-06
AV.HAG..SH,2021-07-29T08:00:00.000,662215,2021-07-29T11:40:44.300,0.588,P,2021-07-29T08-00-00.mseed,4.571050169488444e-07,4.571050169488444e-07
AV.HAG..SH,2021-07-29T08:00:00.000,666606,2021-07-29T11:42:12.120,0.415,P,2021-07-29T08-00-00.mseed,2.386939854659431e-07,2.386939854659431e-07
AV.HAG..SH,2021-07-29T08:00:00.000,666639,2021-07-29T11:42:12.780,0.369,P,2021-07-29T08-00-00.mseed,2.4961996132333297e-06,2.4961996132333297e-06
AV.HAG..SH,2021-07-29T08:00:00.000,685751,2021-07-29T11:48:35.020,0.651,P,2021-07-29T08-00-00.mseed,3.6903992395309615e-07,3.6903992395309615e-07
AV.HAG..SH,2021-07-29T08:00:00.000,685800,2021-07-29T11:48:36.000,0.465,P,2021-07-29T08-00-00.mseed,5.21044103152235e-06,5.21044103152235e-06
AV.HAG..SH,2021-07-29T08:00:00.000,734563,2021-07-29T12:04:51.260,0.734,P,2021-07-29T08-00-00.mseed,7.394720000775123e-07,7.394720000775123e-07
AV.HAG..SH,2021-07-29T08:00:00.000,775905,2021-07-29T12:18:38.100,0.92,P,2021-07-29T08-00-00.mseed,8.107875146379229e-06,8.107875146379229e-06
AV.HAG..SH,2021-07-29T08:00:00.000,803633,2021-07-29T12:27:52.660,0.737,P,2021-07-29T08-00-00.mseed,5.809488357044756e-07,5.809488357044756e-07
AV.HAG..SH,2021-07-29T08:00:00.000,807106,2021-07-29T12:29:02.120,0.506,P,2021-07-29T08-00-00.mseed,6.201057658472564e-06,6.201057658472564e-06
AV.HAG..SH,2021-07-29T08:00:00.000,818626,2021-07-29T12:32:52.520,0.8,P,2021-07-29T08-00-00.mseed,3.6708715924760327e-06,3.6708715924760327e-06
AV.HAG..SH,2021-07-29T08:00:00.000,850275,2021-07-29T12:43:25.500,0.946,P,2021-07-29T08-00-00.mseed,4.251546670275275e-06,4.251546670275275e-06
AV.HAG..SH,2021-07-29T08:00:00.000,850496,2021-07-29T12:43:29.920,0.365,P,2021-07-29T08-00-00.mseed,3.2140527764568105e-05,3.2140527764568105e-05
AV.HAG..SH,2021-07-29T08:00:00.000,872260,2021-07-29T12:50:45.200,0.437,P,2021-07-29T08-00-00.mseed,4.6591824798269954e-07,4.6591824798269954e-07
AV.HAG..SH,2021-07-29T08:00:00.000,877343,2021-07-29T12:52:26.860,0.585,P,2021-07-29T08-00-00.mseed,9.528824193694163e-06,9.528824193694163e-06
AV.HAG..SH,2021-07-29T08:00:00.000,911418,2021-07-29T13:03:48.360,0.35,P,2021-07-29T08-00-00.mseed,1.0258015663566766e-06,1.0258015663566766e-06
AV.HAG..SH,2021-07-29T08:00:00.000,939428,2021-07-29T13:13:08.560,0.309,P,2021-07-29T08-00-00.mseed,3.9970308307601954e-07,3.9970308307601954e-07
AV.HAG..SH,2021-07-29T08:00:00.000,946423,2021-07-29T13:15:28.460,0.909,P,2021-07-29T08-00-00.mseed,6.322294211713597e-06,6.322294211713597e-06
AV.HAG..SH,2021-07-29T08:00:00.000,956017,2021-07-29T13:18:40.340,0.965,P,2021-07-29T08-00-00.mseed,7.472954166587442e-06,7.472954166587442e-06
AV.HAG..SH,2021-07-29T08:00:00.000,993354,2021-07-29T13:31:07.080,0.894,P,2021-07-29T08-00-00.mseed,2.0696211322501767e-06,2.0696211322501767e-06
AV.HAG..SH,2021-07-29T08:00:00.000,996223,2021-07-29T13:32:04.460,0.324,P,2021-07-29T08-00-00.mseed,2.3377126581181074e-06,2.3377126581181074e-06
AV.HAG..SH,2021-07-29T08:00:00.000,1014594,2021-07-29T13:38:11.880,0.344,P,2021-07-29T08-00-00.mseed,1.049170236910868e-06,1.049170236910868e-06
AV.HAG..SH,2021-07-29T08:00:00.000,1046719,2021-07-29T13:48:54.380,0.636,P,2021-07-29T08-00-00.mseed,3.6250564789952477e-06,3.6250564789952477e-06
AV.HAG..SH,2021-07-29T08:00:00.000,1088599,2021-07-29T14:02:51.980,0.709,P,2021-07-29T08-00-00.mseed,7.908876682449772e-07,7.908876682449772e-07
AV.HAG..SH,2021-07-29T08:00:00.000,1105399,2021-07-29T14:08:27.980,0.607,P,2021-07-29T08-00-00.mseed,9.678465175966267e-07,9.678465175966267e-07
AV.HAG..SH,2021-07-29T08:00:00.000,1129650,2021-07-29T14:16:33.000,0.892,P,2021-07-29T08-00-00.mseed,1.3327081660463591e-06,1.3327081660463591e-06
AV.HAG..SH,2021-07-29T08:00:00.000,1143007,2021-07-29T14:21:00.140,0.703,P,2021-07-29T08-00-00.mseed,5.649167178489733e-07,5.649167178489733e-07
AV.HAG..SH,2021-07-29T08:00:00.000,1179575,2021-07-29T14:33:11.500,0.703,P,2021-07-29T08-00-00.mseed,6.467316779890098e-07,6.467316779890098e-07
AV.HAG..SH,2021-07-29T08:00:00.000,1211244,2021-07-29T14:43:44.880,0.843,P,2021-07-29T08-00-00.mseed,1.3362869140109979e-06,1.3362869140109979e-06
AV.HAG..SH,2021-07-29T08:00:00.000,1221255,2021-07-29T14:47:05.100,0.391,P,2021-07-29T08-00-00.mseed,1.1206494718862814e-06,1.1206494718862814e-06
AV.HAG..SH,2021-07-29T08:00:00.000,1224614,2021-07-29T14:48:12.280,0.519,P,2021-07-29T08-00-00.mseed,8.110783369374985e-07,8.110783369374985e-07
AV.HAG..SH,2021-07-29T08:00:00.000,1230270,2021-07-29T14:50:05.400,0.871,P,2021-07-29T08-00-00.mseed,2.0550064618873876e-06,2.0550064618873876e-06
AV.HAG..SH,2021-07-29T08:00:00.000,1239750,2021-07-29T14:53:15.000,0.372,P,2021-07-29T08-00-00.mseed,3.2651846595399547e-06,3.2651846595399547e-06
AV.HAG..SH,2021-07-29T08:00:00.000,1256211,2021-07-29T14:58:44.220,0.845,P,2021-07-29T08-00-00.mseed,2.3642846826987807e-06,2.3642846826987807e-06
AV.HAG..SH,2021-07-29T08:00:00.000,1259463,2021-07-29T14:59:49.260,0.586,P,2021-07-29T08-00-00.mseed,4.379895017336821e-06,4.379895017336821e-06
AV.HAG..SH,2021-07-29T08:00:00.000,1278846,2021-07-29T15:06:16.920,0.685,P,2021-07-29T08-00-00.mseed,4.765620360558387e-07,4.765620360558387e-07
AV.HAG..SH,2021-07-29T08:00:00.000,1293847,2021-07-29T15:11:16.940,0.918,P,2021-07-29T08-00-00.mseed,8.142514502651466e-07,8.142514502651466e-07
AV.HAG..SH,2021-07-29T08:00:00.000,1302007,2021-07-29T15:14:00.140,0.779,P,2021-07-29T08-00-00.mseed,3.642606543508009e-06,3.642606543508009e-06
AV.HAG..SH,2021-07-29T08:00:00.000,1324688,2021-07-29T15:21:33.760,0.705,P,2021-07-29T08-00-00.mseed,6.062314810151292e-07,6.062314810151292e-07
AV.HAG..SH,2021-07-29T08:00:00.000,1351481,2021-07-29T15:30:29.620,0.967,P,2021-07-29T08-00-00.mseed,6.669264621450566e-06,6.669264621450566e-06
AV.HAG..SH,2021-07-29T08:00:00.000,1374781,2021-07-29T15:38:15.620,0.354,P,2021-07-29T08-00-00.mseed,6.686578331027704e-07,6.686578331027704e-07
AV.HAG..SH,2021-07-29T08:00:00.000,262,2021-07-29T08:00:05.240,0.423,S,2021-07-29T08-00-00.mseed,1.681754110904876e-05,1.681754110904876e-05
AV.HAG..SH,2021-07-29T08:00:00.000,12528,2021-07-29T08:04:10.560,0.304,S,2021-07-29T08-00-00.mseed,1.5610929040121846e-05,1.5610929040121846e-05
AV.HAG..SH,2021-07-29T08:00:00.000,29366,2021-07-29T08:09:47.320,0.323,S,2021-07-29T08-00-00.mseed,4.637720849132165e-06,4.637720849132165e-06
AV.HAG..SH,2021-07-29T08:00:00.000,42442,2021-07-29T08:14:08.840,0.335,S,2021-07-29T08-00-00.mseed,4.621936568582896e-06,4.621936568582896e-06
AV.HAG..SH,2021-07-29T08:00:00.000,44736,2021-07-29T08:14:54.720,0.319,S,2021-07-29T08-00-00.mseed,6.841789399913978e-06,6.841789399913978e-06
AV.HAG..SH,2021-07-29T08:00:00.000,49860,2021-07-29T08:16:37.200,0.423,S,2021-07-29T08-00-00.mseed,1.707151204755064e-05,1.707151204755064e-05
AV.HAG..SH,2021-07-29T08:00:00.000,51848,2021-07-29T08:17:16.960,0.394,S,2021-07-29T08-00-00.mseed,2.4927636331995018e-05,2.4927636331995018e-05
AV.HAG..SH,2021-07-29T08:00:00.000,55802,2021-07-29T08:18:36.040,0.377,S,2021-07-29T08-00-00.mseed,7.3074893407465424e-06,7.3074893407465424e-06
AV.HAG..SH,2021-07-29T08:00:00.000,93815,2021-07-29T08:31:16.300,0.441,S,2021-07-29T08-00-00.mseed,2.144439349649474e-06,2.144439349649474e-06
AV.HAG..SH,2021-07-29T08:00:00.000,120403,2021-07-29T08:40:08.060,0.437,S,2021-07-29T08-00-00.mseed,3.6160922718408983e-06,3.6160922718408983e-06
AV.HAG..SH,2021-07-29T08:00:00.000,123407,2021-07-29T08:41:08.140,0.591,S,2021-07-29T08-00-00.mseed,1.5093990441528149e-05,1.5093990441528149e-05
AV.HAG..SH,2021-07-29T08:00:00.000,125102,2021-07-29T08:41:42.040,0.338,S,2021-07-29T08-00-00.mseed,2.0169849449303e-05,2.0169849449303e-05
AV.HAG..SH,2021-07-29T08:00:00.000,137104,2021-07-29T08:45:42.080,0.507,S,2021-07-29T08-00-00.mseed,6.060315627109958e-07,6.060315627109958e-07
AV.HAG..SH,2021-07-29T08:00:00.000,166478,2021-07-29T08:55:29.560,0.339,S,2021-07-29T08-00-00.mseed,1.2578665291584912e-06,1.2578665291584912e-06
AV.HAG..SH,2021-07-29T08:00:00.000,168459,2021-07-29T08:56:09.180,0.423,S,2021-07-29T08-00-00.mseed,1.7646032574702986e-05,1.7646032574702986e-05
AV.HAG..SH,2021-07-29T08:00:00.000,170067,2021-07-29T08:56:41.340,0.528,S,2021-07-29T08-00-00.mseed,1.5681454897276126e-05,1.5681454897276126e-05
AV.HAG..SH,2021-07-29T08:00:00.000,175654,2021-07-29T08:58:33.080,0.458,S,2021-07-29T08-00-00.mseed,1.0488501175132114e-05,1.0488501175132114e-05
AV.HAG..SH,2021-07-29T08:00:00.000,192406,2021-07-29T09:04:08.120,0.496,S,2021-07-29T08-00-00.mseed,9.465806556363532e-07,9.465806556363532e-07
AV.HAG..SH,2021-07-29T08:00:00.000,207008,2021-07-29T09:09:00.160,0.616,S,2021-07-29T08-00-00.mseed,9.784029316506349e-06,9.784029316506349e-06
AV.HAG..SH,2021-07-29T08:00:00.000,226662,2021-07-29T09:15:33.240,0.393,S,2021-07-29T08-00-00.mseed,1.9056118389926269e-06,1.9056118389926269e-06
AV.HAG..SH,2021-07-29T08:00:00.000,233871,2021-07-29T09:17:57.420,0.816,S,2021-07-29T08-00-00.mseed,6.528853191412054e-06,6.528853191412054e-06
AV.HAG..SH,2021-07-29T08:00:00.000,290266,2021-07-29T09:36:45.320,0.403,S,2021-07-29T08-00-00.mseed,1.4291096022134298e-06,1.4291096022134298e-06
AV.HAG..SH,2021-07-29T08:00:00.000,312186,2021-07-29T09:44:03.720,0.303,S,2021-07-29T08-00-00.mseed,1.5691615544710658e-06,1.5691615544710658e-06
AV.HAG..SH,2021-07-29T08:00:00.000,313718,2021-07-29T09:44:34.360,0.304,S,2021-07-29T08-00-00.mseed,2.0467225567699643e-06,2.0467225567699643e-06
AV.HAG..SH,2021-07-29T08:00:00.000,339410,2021-07-29T09:53:08.200,0.401,S,2021-07-29T08-00-00.mseed,1.060963677446125e-05,1.060963677446125e-05
AV.HAG..SH,2021-07-29T08:00:00.000,341048,2021-07-29T09:53:40.960,0.399,S,2021-07-29T08-00-00.mseed,6.508457317977445e-06,6.508457317977445e-06
AV.HAG..SH,2021-07-29T08:00:00.000,341692,2021-07-29T09:53:53.840,0.383,S,2021-07-29T08-00-00.mseed,7.615248705405975e-06,7.615248705405975e-06
AV.HAG..SH,2021-07-29T08:00:00.000,343682,2021-07-29T09:54:33.640,0.323,S,2021-07-29T08-00-00.mseed,2.4031740395003e-05,2.4031740395003e-05
AV.HAG..SH,2021-07-29T08:00:00.000,364448,2021-07-29T10:01:28.960,0.567,S,2021-07-29T08-00-00.mseed,1.609944888514292e-06,1.609944888514292e-06
AV.HAG..SH,2021-07-29T08:00:00.000,379778,2021-07-29T10:06:35.560,0.387,S,2021-07-29T08-00-00.mseed,1.0380564390288782e-06,1.0380564390288782e-06
AV.HAG..SH,2021-07-29T08:00:00.000,379810,2021-07-29T10:06:36.200,0.301,S,2021-07-29T08-00-00.mseed,2.1328125967556844e-06,2.1328125967556844e-06
AV.HAG..SH,2021-07-29T08:00:00.000,387789,2021-07-29T10:09:15.780,0.636,S,2021-07-29T08-00-00.mseed,3.096890168308164e-06,3.096890168308164e-06
AV.HAG..SH,2021-07-29T08:00:00.000,402496,2021-07-29T10:14:09.920,0.567,S,2021-07-29T08-00-00.mseed,1.5310023400161299e-06,1.5310023400161299e-06
AV.HAG..SH,2021-07-29T08:00:00.000,411128,2021-07-29T10:17:02.560,0.52,S,2021-07-29T08-00-00.mseed,1.0459133591211867e-05,1.0459133591211867e-05
AV.HAG..SH,2021-07-29T08:00:00.000,415543,2021-07-29T10:18:30.860,0.841,S,2021-07-29T08-00-00.mseed,6.9045909185661e-06,6.9045909185661e-06
AV.HAG..SH,2021-07-29T08:00:00.000,424103,2021-07-29T10:21:22.060,0.755,S,2021-07-29T08-00-00.mseed,1.6411318028985988e-06,1.6411318028985988e-06
AV.HAG..SH,2021-07-29T08:00:00.000,429220,2021-07-29T10:23:04.400,0.554,S,2021-07-29T08-00-00.mseed,2.9099007861077553e-06,2.9099007861077553e-06
AV.HAG..SH,2021-07-29T08:00:00.000,431155,2021-07-29T10:23:43.100,0.539,S,2021-07-29T08-00-00.mseed,3.640943987193168e-06,3.640943987193168e-06
AV.HAG..SH,2021-07-29T08:00:00.000,435127,2021-07-29T10:25:02.540,0.528,S,2021-07-29T08-00-00.mseed,3.7288957628334174e-06,3.7288957628334174e-06
AV.HAG..SH,2021-07-29T08:00:00.000,436882,2021-07-29T10:25:37.640,0.347,S,2021-07-29T08-00-00.mseed,3.1263073196896585e-06,3.1263073196896585e-06
AV.HAG..SH,2021-07-29T08:00:00.000,444810,2021-07-29T10:28:16.200,0.373,S,2021-07-29T08-00-00.mseed,6.6804082052840386e-06,6.6804082052840386e-06
AV.HAG..SH,2021-07-29T08:00:00.000,476536,2021-07-29T10:38:50.720,0.685,S,2021-07-29T08-00-00.mseed,3.1062970720086014e-06,3.1062970720086014e-06
AV.HAG..SH,2021-07-29T08:00:00.000,513484,2021-07-29T10:51:09.680,0.534,S,2021-07-29T08-00-00.mseed,2.635691089380998e-06,2.635691089380998e-06
AV.HAG..SH,2021-07-29T08:00:00.000,524422,2021-07-29T10:54:48.440,0.306,S,2021-07-29T08-00-00.mseed,1.7497720818937523e-06,1.7497720818937523e-06
AV.HAG..SH,2021-07-29T08:00:00.000,539243,2021-07-29T10:59:44.860,0.485,S,2021-07-29T08-00-00.mseed,3.954944986617193e-06,3.954944986617193e-06
AV.HAG..SH,2021-07-29T08:00:00.000,576766,2021-07-29T11:12:15.320,0.377,S,2021-07-29T08-00-00.mseed,2.666784894245211e-06,2.666784894245211e-06
AV.HAG..SH,2021-07-29T08:00:00.000,593394,2021-07-29T11:17:47.880,0.486,S,2021-07-29T08-00-00.mseed,3.5272162222099723e-06,3.5272162222099723e-06
AV.HAG..SH,2021-07-29T08:00:00.000,613278,2021-07-29T11:24:25.560,0.373,S,2021-07-29T08-00-00.mseed,9.745065199240344e-07,9.745065199240344e-07
AV.HAG..SH,2021-07-29T08:00:00.000,613491,2021-07-29T11:24:29.820,0.586,S,2021-07-29T08-00-00.mseed,2.4389642021560576e-06,2.4389642021560576e-06
AV.HAG..SH,2021-07-29T08:00:00.000,631866,2021-07-29T11:30:37.320,0.357,S,2021-07-29T08-00-00.mseed,1.2477873497118708e-05,1.2477873497118708e-05
AV.HAG..SH,2021-07-29T08:00:00.000,634276,2021-07-29T11:31:25.520,0.726,S,2021-07-29T08-00-00.mseed,4.170113697909983e-06,4.170113697909983e-06
AV.HAG..SH,2021-07-29T08:00:00.000,687586,2021-07-29T11:49:11.720,0.34,S,2021-07-29T08-00-00.mseed,1.0948609087790828e-05,1.0948609087790828e-05
AV.HAG..SH,2021-07-29T08:00:00.000,698856,2021-07-29T11:52:57.120,0.353,S,2021-07-29T08-00-00.mseed,1.0475878298166208e-06,1.0475878298166208e-06
AV.HAG..SH,2021-07-29T08:00:00.000,776179,2021-07-29T12:18:43.580,0.529,S,2021-07-29T08-00-00.mseed,8.107875146379229e-06,8.107875146379229e-06
AV.HAG..SH,2021-07-29T08:00:00.000,777899,2021-07-29T12:19:17.980,0.464,S,2021-07-29T08-00-00.mseed,7.198077128123259e-06,7.198077128123259e-06
AV.HAG..SH,2021-07-29T08:00:00.000,792894,2021-07-29T12:24:17.880,0.428,S,2021-07-29T08-00-00.mseed,3.001949608005816e-06,3.001949608005816e-06
AV.HAG..SH,2021-07-29T08:00:00.000,803914,2021-07-29T12:27:58.280,0.331,S,2021-07-29T08-00-00.mseed,5.655077188748692e-07,5.655077188748692e-07
AV.HAG..SH,2021-07-29T08:00:00.000,804660,2021-07-29T12:28:13.200,0.329,S,2021-07-29T08-00-00.mseed,4.0734153117227834e-07,4.0734153117227834e-07
AV.HAG..SH,2021-07-29T08:00:00.000,808967,2021-07-29T12:29:39.340,0.695,S,2021-07-29T08-00-00.mseed,9.498042345512658e-06,9.498042345512658e-06
AV.HAG..SH,2021-07-29T08:00:00.000,818860,2021-07-29T12:32:57.200,0.318,S,2021-07-29T08-00-00.mseed,3.6708715924760327e-06,3.6708715924760327e-06
AV.HAG..SH,2021-07-29T08:00:00.000,852266,2021-07-29T12:44:05.320,0.308,S,2021-07-29T08-00-00.mseed,3.4980846976395696e-05,3.4980846976395696e-05
AV.HAG..SH,2021-07-29T08:00:00.000,908256,2021-07-29T13:02:45.120,0.47,S,2021-07-29T08-00-00.mseed,8.304040761686338e-07,8.304040761686338e-07
AV.HAG..SH,2021-07-29T08:00:00.000,996502,2021-07-29T13:32:10.040,0.365,S,2021-07-29T08-00-00.mseed,2.3377126581181074e-06,2.3377126581181074e-06
AV.HAG..SH,2021-07-29T08:00:00.000,1016234,2021-07-29T13:38:44.680,0.311,S,2021-07-29T08-00-00.mseed,9.07318963072612e-07,9.07318963072612e-07
AV.HAG..SH,2021-07-29T08:00:00.000,1043570,2021-07-29T13:47:51.400,0.476,S,2021-07-29T08-00-00.mseed,7.262214580805448e-07,7.262214580805448e-07
AV.HAG..SH,2021-07-29T08:00:00.000,1092848,2021-07-29T14:04:16.960,0.539,S,2021-07-29T08-00-00.mseed,3.6344040381663945e-06,3.6344040381663945e-06
AV.HAG..SH,2021-07-29T08:00:00.000,1108896,2021-07-29T14:09:37.920,0.63,S,2021-07-29T08-00-00.mseed,3.833097707683919e-06,3.833097707683919e-06
AV.HAG..SH,2021-07-29T08:00:00.000,1128575,2021-07-29T14:16:11.500,0.471,S,2021-07-29T08-00-00.mseed,5.471821964420087e-07,5.471821964420087e-07
AV.HAG..SH,2021-07-29T08:00:00.000,1130240,2021-07-29T14:16:44.800,0.618,S,2021-07-29T08-00-00.mseed,1.7218653738382272e-06,1.7218653738382272e-06
AV.HAG..SH,2021-07-29T08:00:00.000,1132286,2021-07-29T14:17:25.720,0.302,S,2021-07-29T08-00-00.mseed,1.1646407074294984e-06,1.1646407074294984e-06
AV.HAG..SH,2021-07-29T08:00:00.000,1144992,2021-07-29T14:21:39.840,0.61,S,2021-07-29T08-00-00.mseed,1.1252959666308016e-06,1.1252959666308016e-06
AV.HAG..SH,2021-07-29T08:00:00.000,1211620,2021-07-29T14:43:52.400,0.439,S,2021-07-29T08-00-00.mseed,1.3362869140109979e-06,1.3362869140109979e-06
AV.HAG..SH,2021-07-29T08:00:00.000,1213430,2021-07-29T14:44:28.600,0.417,S,2021-07-29T08-00-00.mseed,1.3620987147078267e-06,1.3620987147078267e-06
AV.HAG..SH,2021-07-29T08:00:00.000,1221560,2021-07-29T14:47:11.200,0.351,S,2021-07-29T08-00-00.mseed,1.1206494718862814e-06,1.1206494718862814e-06
AV.HAG..SH,2021-07-29T08:00:00.000,1225056,2021-07-29T14:48:21.120,0.506,S,2021-07-29T08-00-00.mseed,9.012850341605372e-07,9.012850341605372e-07
AV.HAG..SH,2021-07-29T08:00:00.000,1228680,2021-07-29T14:49:33.600,0.555,S,2021-07-29T08-00-00.mseed,9.826055702433223e-07,9.826055702433223e-07
AV.HAG..SH,2021-07-29T08:00:00.000,1231504,2021-07-29T14:50:30.080,0.79,S,2021-07-29T08-00-00.mseed,3.2700795600248966e-06,3.2700795600248966e-06
AV.HAG..SH,2021-07-29T08:00:00.000,1240064,2021-07-29T14:53:21.280,0.495,S,2021-07-29T08-00-00.mseed,3.2651846595399547e-06,3.2651846595399547e-06
AV.HAG..SH,2021-07-29T08:00:00.000,1253326,2021-07-29T14:57:46.520,0.56,S,2021-07-29T08-00-00.mseed,5.618231853077305e-07,5.618231853077305e-07
AV.HAG..SH,2021-07-29T08:00:00.000,1258386,2021-07-29T14:59:27.720,0.325,S,2021-07-29T08-00-00.mseed,5.694834271707805e-06,5.694834271707805e-06
AV.HAG..SH,2021-07-29T08:00:00.000,1260968,2021-07-29T15:00:19.360,0.313,S,2021-07-29T08-00-00.mseed,5.057787802797975e-06,5.057787802797975e-06
AV.HAG..SH,2021-07-29T08:00:00.000,1280068,2021-07-29T15:06:41.360,0.399,S,2021-07-29T08-00-00.mseed,5.539423568734492e-07,5.539423568734492e-07
AV.HAG..SH,2021-07-29T08:00:00.000,1294405,2021-07-29T15:11:28.100,0.65,S,2021-07-29T08-00-00.mseed,1.332466013082012e-06,1.332466013082012e-06
AV.HAG..SH,2021-07-29T08:00:00.000,1304252,2021-07-29T15:14:45.040,0.795,S,2021-07-29T08-00-00.mseed,4.741229986393591e-06,4.741229986393591e-06
AV.HAG..SH,2021-07-29T08:00:00.000,1325242,2021-07-29T15:21:44.840,0.398,S,2021-07-29T08-00-00.mseed,6.062314810151292e-07,6.062314810151292e-07
AV.HAG..SH,2021-07-29T08:00:00.000,1326630,2021-07-29T15:22:12.600,0.333,S,2021-07-29T08-00-00.mseed,8.747748552195844e-07,8.747748552195844e-07
AV.HAG..SH,2021-07-29T08:00:00.000,1347703,2021-07-29T15:29:14.060,0.428,S,2021-07-29T08-00-00.mseed,8.131667641464446e-07,8.131667641464446e-07
AV.HAG..SH,2021-07-29T08:00:00.000,1352923,2021-07-29T15:30:58.460,0.502,S,2021-07-29T08-00-00.mseed,9.187278010358568e-06,9.187278010358568e-06
AV.HAG..SH,2021-07-29T08:00:00.000,1374784,2021-07-29T15:38:15.680,0.451,S,2021-07-29T08-00-00.mseed,6.686578331027704e-07,6.686578331027704e-07
AV.HAG..SH,2021-07-29T08:00:00.000,1426220,2021-07-29T15:55:24.400,0.321,S,2021-07-29T08-00-00.mseed,1.1421722092563869e-06,1.1421722092563869e-06
AV.PN7A..BH,2021-07-29T08:00:00.000,1,2021-07-29T08:00:00.020,0.487,P,2021-07-29T08-00-00.mseed,3.761549305636436e-05,3.761549305636436e-05
AV.PN7A..BH,2021-07-29T08:00:00.000,10834,2021-07-29T08:03:36.680,0.634,P,2021-07-29T08-00-00.mseed,5.0124854169553146e-05,5.0124854169553146e-05
AV.PN7A..BH,2021-07-29T08:00:00.000,40955,2021-07-29T08:13:39.100,0.306,P,2021-07-29T08-00-00.mseed,1.88268404599512e-05,1.88268404599512e-05
AV.PN7A..BH,2021-07-29T08:00:00.000,49674,2021-07-29T08:16:33.480,0.699,P,2021-07-29T08-00-00.mseed,5.461512409965508e-05,5.461512409965508e-05
AV.PN7A..BH,2021-07-29T08:00:00.000,77863,2021-07-29T08:25:57.260,0.52,P,2021-07-29T08-00-00.mseed,2.3374270313070156e-05,2.3374270313070156e-05
AV.PN7A..BH,2021-07-29T08:00:00.000,78619,2021-07-29T08:26:12.380,0.631,P,2021-07-29T08-00-00.mseed,2.6580084522720426e-05,2.6580084522720426e-05
AV.PN7A..BH,2021-07-29T08:00:00.000,101022,2021-07-29T08:33:40.440,0.343,P,2021-07-29T08-00-00.mseed,2.5404586267541163e-05,2.5404586267541163e-05
AV.PN7A..BH,2021-07-29T08:00:00.000,122999,2021-07-29T08:40:59.980,0.855,P,2021-07-29T08-00-00.mseed,1.4773507245990913e-05,1.4773507245990913e-05
AV.PN7A..BH,2021-07-29T08:00:00.000,168402,2021-07-29T08:56:08.040,0.735,P,2021-07-29T08-00-00.mseed,1.608027014299296e-05,1.608027014299296e-05
AV.PN7A..BH,2021-07-29T08:00:00.000,172474,2021-07-29T08:57:29.480,0.367,P,2021-07-29T08-00-00.mseed,1.2864716154581401e-05,1.2864716154581401e-05
AV.PN7A..BH,2021-07-29T08:00:00.000,205678,2021-07-29T09:08:33.560,0.36,P,2021-07-29T08-00-00.mseed,6.571646281372523e-06,6.571646281372523e-06
AV.PN7A..BH,2021-07-29T08:00:00.000,205711,2021-07-29T09:08:34.220,0.653,P,2021-07-29T08-00-00.mseed,1.3833161574439146e-05,1.3833161574439146e-05
AV.PN7A..BH,2021-07-29T08:00:00.000,233604,2021-07-29T09:17:52.080,0.699,P,2021-07-29T08-00-00.mseed,9.670768122305162e-06,9.670768122305162e-06
AV.PN7A..BH,2021-07-29T08:00:00.000,250838,2021-07-29T09:23:36.760,0.592,P,2021-07-29T08-00-00.mseed,7.04637113813078e-06,7.04637113813078e-06
AV.PN7A..BH,2021-07-29T08:00:00.000,261039,2021-07-29T09:27:00.780,0.887,P,2021-07-29T08-00-00.mseed,6.929136361577548e-06,6.929136361577548e-06
AV.PN7A..BH,2021-07-29T08:00:00.000,267165,2021-07-29T09:29:03.300,0.878,P,2021-07-29T08-00-00.mseed,5.077267633168958e-05,5.077267633168958e-05
AV.PN7A..BH,2021-07-29T08:00:00.000,294882,2021-07-29T09:38:17.640,0.762,P,2021-07-29T08-00-00.mseed,1.0996930541296024e-05,1.0996930541296024e-05
AV.PN7A..BH,2021-07-29T08:00:00.000,339201,2021-07-29T09:53:04.020,0.93,P,2021-07-29T08-00-00.mseed,9.194954145641532e-06,9.194954145641532e-06
AV.PN7A..BH,2021-07-29T08:00:00.000,343328,2021-07-29T09:54:26.560,0.602,P,2021-07-29T08-00-00.mseed,1.8520942830946296e-05,1.8520942830946296e-05
AV.PN7A..BH,2021-07-29T08:00:00.000,358098,2021-07-29T09:59:21.960,0.389,P,2021-07-29T08-00-00.mseed,5.603426870948169e-06,5.603426870948169e-06
AV.PN7A..BH,2021-07-29T08:00:00.000,358140,2021-07-29T09:59:22.800,0.369,P,2021-07-29T08-00-00.mseed,9.00045779417269e-06,9.00045779417269e-06
AV.PN7A..BH,2021-07-29T08:00:00.000,367202,2021-07-29T10:02:24.040,0.831,P,2021-07-29T08-00-00.mseed,8.164219252648763e-06,8.164219252648763e-06
AV.PN7A..BH,2021-07-29T08:00:00.000,386051,2021-07-29T10:08:41.020,0.484,P,2021-07-29T08-00-00.mseed,7.064363671815954e-06,7.064363671815954e-06
AV.PN7A..BH,2021-07-29T08:00:00.000,409912,2021-07-29T10:16:38.240,0.561,P,2021-07-29T08-00-00.mseed,7.0387964115070645e-06,7.0387964115070645e-06
AV.PN7A..BH,2021-07-29T08:00:00.000,414144,2021-07-29T10:18:02.880,0.304,P,2021-07-29T08-00-00.mseed,4.098104454897111e-06,4.098104454897111e-06
AV.PN7A..BH,2021-07-29T08:00:00.000,414196,2021-07-29T10:18:03.920,0.447,P,2021-07-29T08-00-00.mseed,6.316459803201724e-06,6.316459803201724e-06
AV.PN7A..BH,2021-07-29T08:00:00.000,429086,2021-07-29T10:23:01.720,0.82,P,2021-07-29T08-00-00.mseed,4.4361122490954585e-06,4.4361122490954585e-06
AV.PN7A..BH,2021-07-29T08:00:00.000,434784,2021-07-29T10:24:55.680,0.594,P,2021-07-29T08-00-00.mseed,5.1089295993733685e-06,5.1089295993733685e-06
AV.PN7A..BH,2021-07-29T08:00:00.000,442991,2021-07-29T10:27:39.820,0.526,P,2021-07-29T08-00-00.mseed,4.820733920496423e-06,4.820733920496423e-06
AV.PN7A..BH,2021-07-29T08:00:00.000,462984,2021-07-29T10:34:19.680,0.324,P,2021-07-29T08-00-00.mseed,3.9877090785012115e-06,3.9877090785012115e-06
AV.PN7A..BH,2021-07-29T08:00:00.000,476157,2021-07-29T10:38:43.140,0.903,P,2021-07-29T08-00-00.mseed,3.767199586945935e-06,3.767199586945935e-06
AV.PN7A..BH,2021-07-29T08:00:00.000,488940,2021-07-29T10:42:58.800,0.496,P,2021-07-29T08-00-00.mseed,2.1886255581193836e-06,2.1886255581193836e-06
AV.PN7A..BH,2021-07-29T08:00:00.000,524487,2021-07-29T10:54:49.740,0.397,P,2021-07-29T08-00-00.mseed,2.9098721370246494e-06,2.9098721370246494e-06
AV.PN7A..BH,2021-07-29T08:00:00.000,537691,2021-07-29T10:59:13.820,0.75,P,2021-07-29T08-00-00.mseed,3.952098268200643e-06,3.952098268200643e-06
AV.PN7A..BH,2021-07-29T08:00:00.000,556999,2021-07-29T11:05:39.980,0.559,P,2021-07-29T08-00-00.mseed,5.645062628900632e-06,5.645062628900632e-06
AV.PN7A..BH,2021-07-29T08:00:00.000,568414,2021-07-29T11:09:28.280,0.872,P,2021-07-29T08-00-00.mseed,1.6850452084327117e-05,1.6850452084327117e-05
AV.PN7A..BH,2021-07-29T08:00:00.000,591627,2021-07-29T11:17:12.540,0.849,P,2021-07-29T08-00-00.mseed,3.2256023132504197e-06,3.2256023132504197e-06
AV.PN7A..BH,2021-07-29T08:00:00.000,630107,2021-07-29T11:30:02.140,0.905,P,2021-07-29T08-00-00.mseed,1.1201381312275771e-05,1.1201381312275771e-05
AV.PN7A..BH,2021-07-29T08:00:00.000,666686,2021-07-29T11:42:13.720,0.782,P,2021-07-29T08-00-00.mseed,3.1905813102639513e-06,3.1905813102639513e-06
AV.PN7A..BH,2021-07-29T08:00:00.000,685779,2021-07-29T11:48:35.580,0.835,P,2021-07-29T08-00-00.mseed,7.23480752640171e-06,7.23480752640171e-06
AV.PN7A..BH,2021-07-29T08:00:00.000,710491,2021-07-29T11:56:49.820,0.826,P,2021-07-29T08-00-00.mseed,2.8767572075594217e-06,2.8767572075594217e-06
AV.PN7A..BH,2021-07-29T08:00:00.000,772559,2021-07-29T12:17:31.180,0.601,P,2021-07-29T08-00-00.mseed,2.1366502096498152e-06,2.1366502096498152e-06
AV.PN7A..BH,2021-07-29T08:00:00.000,776003,2021-07-29T12:18:40.060,0.703,P,2021-07-29T08-00-00.mseed,7.86478994996287e-06,7.86478994996287e-06
AV.PN7A..BH,2021-07-29T08:00:00.000,792763,2021-07-29T12:24:15.260,0.723,P,2021-07-29T08-00-00.mseed,3.868825842801016e-06,3.868825842801016e-06
AV.PN7A..BH,2021-07-29T08:00:00.000,807198,2021-07-29T12:29:03.960,0.737,P,2021-07-29T08-00-00.mseed,7.038246167212492e-06,7.038246167212492e-06
AV.PN7A..BH,2021-07-29T08:00:00.000,818679,2021-07-29T12:32:53.580,0.833,P,2021-07-29T08-00-00.mseed,5.406694526755018e-06,5.406694526755018e-06
AV.PN7A..BH,2021-07-29T08:00:00.000,850335,2021-07-29T12:43:26.700,0.942,P,2021-07-29T08-00-00.mseed,3.161391578032635e-05,3.161391578032635e-05
AV.PN7A..BH,2021-07-29T08:00:00.000,877432,2021-07-29T12:52:28.640,0.377,P,2021-07-29T08-00-00.mseed,4.1318403418699745e-06,4.1318403418699745e-06
AV.PN7A..BH,2021-07-29T08:00:00.000,877496,2021-07-29T12:52:29.920,0.503,P,2021-07-29T08-00-00.mseed,1.1805303074652329e-05,1.1805303074652329e-05
AV.PN7A..BH,2021-07-29T08:00:00.000,946548,2021-07-29T13:15:30.960,0.611,P,2021-07-29T08-00-00.mseed,8.326888746523764e-06,8.326888746523764e-06
AV.PN7A..BH,2021-07-29T08:00:00.000,956062,2021-07-29T13:18:41.240,0.903,P,2021-07-29T08-00-00.mseed,1.095046172849834e-05,1.095046172849834e-05
AV.PN7A..BH,2021-07-29T08:00:00.000,993395,2021-07-29T13:31:07.900,0.874,P,2021-07-29T08-00-00.mseed,4.449760126590263e-06,4.449760126590263e-06
AV.PN7A..BH,2021-07-29T08:00:00.000,1046783,2021-07-29T13:48:55.660,0.762,P,2021-07-29T08-00-00.mseed,4.024018835480092e-06,4.024018835480092e-06
AV.PN7A..BH,2021-07-29T08:00:00.000,1088688,2021-07-29T14:02:53.760,0.787,P,2021-07-29T08-00-00.mseed,1.6382855392294005e-06,1.6382855392294005e-06
AV.PN7A..BH,2021-07-29T08:00:00.000,1105558,2021-07-29T14:08:31.160,0.722,P,2021-07-29T08-00-00.mseed,2.5185715912812157e-06,2.5185715912812157e-06
AV.PN7A..BH,2021-07-29T08:00:00.000,1230392,2021-07-29T14:50:07.840,0.379,P,2021-07-29T08-00-00.mseed,3.5981186101707863e-06,3.5981186101707863e-06
AV.PN7A..BH,2021-07-29T08:00:00.000,1239800,2021-07-29T14:53:16.000,0.429,P,2021-07-29T08-00-00.mseed,4.43456383436569e-06,4.43456383436569e-06
AV.PN7A..BH,2021-07-29T08:00:00.000,1256279,2021-07-29T14:58:45.580,0.797,P,2021-07-29T08-00-00.mseed,2.871517153835157e-06,2.871517153835157e-06
AV.PN7A..BH,2021-07-29T08:00:00.000,1302084,2021-07-29T15:14:01.680,0.621,P,2021-07-29T08-00-00.mseed,4.584318958222866e-06,4.584318958222866e-06
AV.PN7A..BH,2021-07-29T08:00:00.000,1351570,2021-07-29T15:30:31.400,0.556,P,2021-07-29T08-00-00.mseed,1.320971659879433e-05,1.320971659879433e-05
AV.PN7A..BH,2021-07-29T08:00:00.000,50176,2021-07-29T08:16:43.520,0.409,S,2021-07-29T08-00-00.mseed,5.931165287620388e-05,5.931165287620388e-05
AV.PN7A..BH,2021-07-29T08:00:00.000,207060,2021-07-29T09:09:01.200,0.339,S,2021-07-29T08-00-00.mseed,1.5213267943181563e-05,1.5213267943181563e-05
AV.PN7A..BH,2021-07-29T08:00:00.000,233958,2021-07-29T09:17:59.160,0.464,S,2021-07-29T08-00-00.mseed,1.1608780368987937e-05,1.1608780368987937e-05
AV.PN7A..BH,2021-07-29T08:00:00.000,251328,2021-07-29T09:23:46.560,0.349,S,2021-07-29T08-00-00.mseed,6.9638249442505185e-06,6.9638249442505185e-06
AV.PN7A..BH,2021-07-29T08:00:00.000,269080,2021-07-29T09:29:41.600,0.41,S,2021-07-29T08-00-00.mseed,0.00015343727136496454,0.00015343727136496454
AV.PN7A..BH,2021-07-29T08:00:00.000,411270,2021-07-29T10:17:05.400,0.512,S,2021-07-29T08-00-00.mseed,1.2621795576706063e-05,1.2621795576706063e-05
AV.PN7A..BH,2021-07-29T08:00:00.000,415504,2021-07-29T10:18:30.080,0.469,S,2021-07-29T08-00-00.mseed,1.0332060810469557e-05,1.0332060810469557e-05
AV.PN7A..BH,2021-07-29T08:00:00.000,513497,2021-07-29T10:51:09.940,0.717,S,2021-07-29T08-00-00.mseed,2.9768764306936646e-06,2.9768764306936646e-06
AV.PN7A..BH,2021-07-29T08:00:00.000,537956,2021-07-29T10:59:19.120,0.558,S,2021-07-29T08-00-00.mseed,3.7149895888433093e-06,3.7149895888433093e-06
AV.PN7A..BH,2021-07-29T08:00:00.000,539340,2021-07-29T10:59:46.800,0.599,S,2021-07-29T08-00-00.mseed,4.617217655322747e-06,4.617217655322747e-06
AV.PN7A..BH,2021-07-29T08:00:00.000,557326,2021-07-29T11:05:46.520,0.35,S,2021-07-29T08-00-00.mseed,6.4654268498998135e-06,6.4654268498998135e-06
AV.PN7A..BH,2021-07-29T08:00:00.000,570327,2021-07-29T11:10:06.540,0.365,S,2021-07-29T08-00-00.mseed,4.716530384030193e-05,4.716530384030193e-05
AV.PN7A..BH,2021-07-29T08:00:00.000,632016,2021-07-29T11:30:40.320,0.43,S,2021-07-29T08-00-00.mseed,1.477149453421589e-05,1.477149453421589e-05
AV.PN7A..BH,2021-07-29T08:00:00.000,772871,2021-07-29T12:17:37.420,0.413,S,2021-07-29T08-00-00.mseed,2.1366502096498152e-06,2.1366502096498152e-06
AV.PN7A..BH,2021-07-29T08:00:00.000,793310,2021-07-29T12:24:26.200,0.32,S,2021-07-29T08-00-00.mseed,4.717637693829602e-06,4.717637693829602e-06
AV.PN7A..BH,2021-07-29T08:00:00.000,809122,2021-07-29T12:29:42.440,0.329,S,2021-07-29T08-00-00.mseed,1.8499469661037438e-05,1.8499469661037438e-05
AV.PN7A..BH,2021-07-29T08:00:00.000,850612,2021-07-29T12:43:32.240,0.599,S,2021-07-29T08-00-00.mseed,3.161391578032635e-05,3.161391578032635e-05
AV.PN7A..BH,2021-07-29T08:00:00.000,879014,2021-07-29T12:53:00.280,0.303,S,2021-07-29T08-00-00.mseed,2.0313151253503747e-05,2.0313151253503747e-05
AV.PN7A..BH,2021-07-29T08:00:00.000,948464,2021-07-29T13:16:09.280,0.376,S,2021-07-29T08-00-00.mseed,2.7682406653184444e-05,2.7682406653184444e-05
AV.PN7A..BH,2021-07-29T08:00:00.000,958666,2021-07-29T13:19:33.320,0.316,S,2021-07-29T08-00-00.mseed,3.242147795390338e-05,3.242147795390338e-05
AV.PN7A..BH,2021-07-29T08:00:00.000,993704,2021-07-29T13:31:14.080,0.497,S,2021-07-29T08-00-00.mseed,4.449760126590263e-06,4.449760126590263e-06
AV.PN7A..BH,2021-07-29T08:00:00.000,1047258,2021-07-29T13:49:05.160,0.328,S,2021-07-29T08-00-00.mseed,4.657700628740713e-06,4.657700628740713e-06
AV.PN7A..BH,2021-07-29T08:00:00.000,1049063,2021-07-29T13:49:41.260,0.505,S,2021-07-29T08-00-00.mseed,6.8651938818220515e-06,6.8651938818220515e-06
AV.PN7A..BH,2021-07-29T08:00:00.000,1231734,2021-07-29T14:50:34.680,0.304,S,2021-07-29T08-00-00.mseed,4.08234973292565e-06,4.08234973292565e-06
AV.PN7A..BH,2021-07-29T08:00:00.000,1353003,2021-07-29T15:31:00.060,0.685,S,2021-07-29T08-00-00.mseed,1.1174031897098757e-05,1.1174031897098757e-05
AV.PS1A..BH,2021-07-29T08:00:00.000,34,2021-07-29T08:00:00.680,0.569,P,2021-07-29T08-00-00.mseed,8.084133878583089e-05,8.084133878583089e-05
AV.PS1A..BH,2021-07-29T08:00:00.000,10847,2021-07-29T08:03:36.940,0.504,P,2021-07-29T08-00-00.mseed,2.8973809094168246e-05,2.8973809094168246e-05
AV.PS1A..BH,2021-07-29T08:00:00.000,28991,2021-07-29T08:09:39.820,0.589,P,2021-07-29T08-00-00.mseed,2.080164267681539e-05,2.080164267681539e-05
AV.PS1A..BH,2021-07-29T08:00:00.000,31288,2021-07-29T08:10:25.760,0.338,P,2021-07-29T08-00-00.mseed,1.9941202481277287e-05,1.9941202481277287e-05
AV.PS1A..BH,2021-07-29T08:00:00.000,31480,2021-07-29T08:10:29.600,0.422,P,2021-07-29T08-00-00.mseed,3.0144863558234647e-05,3.0144863558234647e-05
AV.PS1A..BH,2021-07-29T08:00:00.000,40786,2021-07-29T08:13:35.720,0.314,P,2021-07-29T08-00-00.mseed,1.1905975952686276e-05,1.1905975952686276e-05
AV.PS1A..BH,2021-07-29T08:00:00.000,43392,2021-07-29T08:14:27.840,0.536,P,2021-07-29T08-00-00.mseed,2.40744211623678e-05,2.40744211623678e-05
AV.PS1A..BH,2021-07-29T08:00:00.000,49528,2021-07-29T08:16:30.560,0.95,P,2021-07-29T08-00-00.mseed,2.624668923090212e-05,2.624668923090212e-05
AV.PS1A..BH,2021-07-29T08:00:00.000,67726,2021-07-29T08:22:34.520,0.323,P,2021-07-29T08-00-00.mseed,1.362401235383004e-05,1.362401235383004e-05
AV.PS1A..BH,2021-07-29T08:00:00.000,105231,2021-07-29T08:35:04.620,0.429,P,2021-07-29T08-00-00.mseed,1.3900587873649783e-05,1.3900587873649783e-05
AV.PS1A..BH,2021-07-29T08:00:00.000,122861,2021-07-29T08:40:57.220,0.858,P,2021-07-29T08-00-00.mseed,1.3685520571016241e-05,1.3685520571016241e-05
AV.PS1A..BH,2021-07-29T08:00:00.000,168267,2021-07-29T08:56:05.340,0.607,P,2021-07-29T08-00-00.mseed,1.1364587408024818e-05,1.1364587408024818e-05
AV.PS1A..BH,2021-07-29T08:00:00.000,205547,2021-07-29T09:08:30.940,0.811,P,2021-07-29T08-00-00.mseed,7.857096534280572e-06,7.857096534280572e-06
AV.PS1A..BH,2021-07-29T08:00:00.000,233411,2021-07-29T09:17:48.220,0.359,P,2021-07-29T08-00-00.mseed,2.4839314392011147e-06,2.4839314392011147e-06
AV.PS1A..BH,2021-07-29T08:00:00.000,233452,2021-07-29T09:17:49.040,0.422,P,2021-07-29T08-00-00.mseed,7.509639544878155e-06,7.509639544878155e-06
AV.PS1A..BH,2021-07-29T08:00:00.000,250694,2021-07-29T09:23:33.880,0.84,P,2021-07-29T08-00-00.mseed,5.737102583225351e-06,5.737102583225351e-06
AV.PS1A..BH,2021-07-29T08:00:00.000,267042,2021-07-29T09:29:00.840,0.918,P,2021-07-29T08-00-00.mseed,4.5785956899635494e-05,4.5785956899635494e-05
AV.PS1A..BH,2021-07-29T08:00:00.000,294722,2021-07-29T09:38:14.440,0.659,P,2021-07-29T08-00-00.mseed,5.621667696686927e-06,5.621667696686927e-06
AV.PS1A..BH,2021-07-29T08:00:00.000,312211,2021-07-29T09:44:04.220,0.387,P,2021-07-29T08-00-00.mseed,4.216318302496802e-06,4.216318302496802e-06
AV.PS1A..BH,2021-07-29T08:00:00.000,339069,2021-07-29T09:53:01.380,0.961,P,2021-07-29T08-00-00.mseed,8.98025700735161e-06,8.98025700735161e-06
AV.PS1A..BH,2021-07-29T08:00:00.000,343187,2021-07-29T09:54:23.740,0.873,P,2021-07-29T08-00-00.mseed,2.1736652342951857e-05,2.1736652342951857e-05
AV.PS1A..BH,2021-07-29T08:00:00.000,357983,2021-07-29T09:59:19.660,0.52,P,2021-07-29T08-00-00.mseed,1.0338109859731048e-05,1.0338109859731048e-05
AV.PS1A..BH,2021-07-29T08:00:00.000,367030,2021-07-29T10:02:20.600,0.727,P,2021-07-29T08-00-00.mseed,8.139664714690298e-06,8.139664714690298e-06
AV.PS1A..BH,2021-07-29T08:00:00.000,409720,2021-07-29T10:16:34.400,0.619,P,2021-07-29T08-00-00.mseed,6.551983460667543e-06,6.551983460667543e-06
AV.PS1A..BH,2021-07-29T08:00:00.000,414011,2021-07-29T10:18:00.220,0.824,P,2021-07-29T08-00-00.mseed,5.2509344641293865e-06,5.2509344641293865e-06
AV.PS1A..BH,2021-07-29T08:00:00.000,429072,2021-07-29T10:23:01.440,0.338,P,2021-07-29T08-00-00.mseed,4.125380655750632e-06,4.125380655750632e-06
AV.PS1A..BH,2021-07-29T08:00:00.000,434658,2021-07-29T10:24:53.160,0.728,P,2021-07-29T08-00-00.mseed,4.415970579429995e-06,4.415970579429995e-06
AV.PS1A..BH,2021-07-29T08:00:00.000,442878,2021-07-29T10:27:37.560,0.361,P,2021-07-29T08-00-00.mseed,3.2901564281928586e-06,3.2901564281928586e-06
AV.PS1A..BH,2021-07-29T08:00:00.000,476013,2021-07-29T10:38:40.260,0.937,P,2021-07-29T08-00-00.mseed,3.1156498607742833e-06,3.1156498607742833e-06
AV.PS1A..BH,2021-07-29T08:00:00.000,512843,2021-07-29T10:50:56.860,0.7,P,2021-07-29T08-00-00.mseed,2.8017352633469272e-06,2.8017352633469272e-06
AV.PS1A..BH,2021-07-29T08:00:00.000,537534,2021-07-29T10:59:10.680,0.861,P,2021-07-29T08-00-00.mseed,3.4839069940062473e-06,3.4839069940062473e-06
AV.PS1A..BH,2021-07-29T08:00:00.000,556903,2021-07-29T11:05:38.060,0.903,P,2021-07-29T08-00-00.mseed,4.612825250660535e-06,4.612825250660535e-06
AV.PS1A..BH,2021-07-29T08:00:00.000,568290,2021-07-29T11:09:25.800,0.921,P,2021-07-29T08-00-00.mseed,1.3857011254003737e-05,1.3857011254003737e-05
AV.PS1A..BH,2021-07-29T08:00:00.000,629983,2021-07-29T11:29:59.660,0.84,P,2021-07-29T08-00-00.mseed,7.078282123984536e-06,7.078282123984536e-06
AV.PS1A..BH,2021-07-29T08:00:00.000,633838,2021-07-29T11:31:16.760,0.388,P,2021-07-29T08-00-00.mseed,4.628543592843926e-06,4.628543592843926e-06
AV.PS1A..BH,2021-07-29T08:00:00.000,685659,2021-07-29T11:48:33.180,0.561,P,2021-07-29T08-00-00.mseed,2.95493350677134e-06,2.95493350677134e-06
AV.PS1A..BH,2021-07-29T08:00:00.000,685791,2021-07-29T11:48:35.820,0.516,P,2021-07-29T08-00-00.mseed,4.818193701794371e-06,4.818193701794371e-06
AV.PS1A..BH,2021-07-29T08:00:00.000,775819,2021-07-29T12:18:36.380,0.372,P,2021-07-29T08-00-00.mseed,2.407925421721302e-06,2.407925421721302e-06
AV.PS1A..BH,2021-07-29T08:00:00.000,775896,2021-07-29T12:18:37.920,0.331,P,2021-07-29T08-00-00.mseed,6.476471753558144e-06,6.476471753558144e-06
AV.PS1A..BH,2021-07-29T08:00:00.000,792786,2021-07-29T12:24:15.720,0.435,P,2021-07-29T08-00-00.mseed,4.255382464180002e-06,4.255382464180002e-06
AV.PS1A..BH,2021-07-29T08:00:00.000,807036,2021-07-29T12:29:00.720,0.364,P,2021-07-29T08-00-00.mseed,6.395376658474561e-06,6.395376658474561e-06
AV.PS1A..BH,2021-07-29T08:00:00.000,818564,2021-07-29T12:32:51.280,0.707,P,2021-07-29T08-00-00.mseed,3.905280209437478e-06,3.905280209437478e-06
AV.PS1A..BH,2021-07-29T08:00:00.000,850213,2021-07-29T12:43:24.260,0.957,P,2021-07-29T08-00-00.mseed,2.178723480028566e-05,2.178723480028566e-05
AV.PS1A..BH,2021-07-29T08:00:00.000,877286,2021-07-29T12:52:25.720,0.789,P,2021-07-29T08-00-00.mseed,7.772982826281805e-06,7.772982826281805e-06
AV.PS1A..BH,2021-07-29T08:00:00.000,946368,2021-07-29T13:15:27.360,0.326,P,2021-07-29T08-00-00.mseed,2.21449386117456e-06,2.21449386117456e-06
AV.PS1A..BH,2021-07-29T08:00:00.000,946415,2021-07-29T13:15:28.300,0.495,P,2021-07-29T08-00-00.mseed,7.640344847459346e-06,7.640344847459346e-06
AV.PS1A..BH,2021-07-29T08:00:00.000,955940,2021-07-29T13:18:38.800,0.776,P,2021-07-29T08-00-00.mseed,9.511535608908162e-06,9.511535608908162e-06
AV.PS1A..BH,2021-07-29T08:00:00.000,993320,2021-07-29T13:31:06.400,0.556,P,2021-07-29T08-00-00.mseed,3.1599849990016082e-06,3.1599849990016082e-06
AV.PS1A..BH,2021-07-29T08:00:00.000,1046626,2021-07-29T13:48:52.520,0.456,P,2021-07-29T08-00-00.mseed,3.4928971217595972e-06,3.4928971217595972e-06
AV.PS1A..BH,2021-07-29T08:00:00.000,1091088,2021-07-29T14:03:41.760,0.677,P,2021-07-29T08-00-00.mseed,3.7590036754409084e-06,3.7590036754409084e-06
AV.PS1A..BH,2021-07-29T08:00:00.000,1230224,2021-07-29T14:50:04.480,0.721,P,2021-07-29T08-00-00.mseed,3.07566824631067e-06,3.07566824631067e-06
AV.PS1A..BH,2021-07-29T08:00:00.000,1239668,2021-07-29T14:53:13.360,0.662,P,2021-07-29T08-00-00.mseed,3.985901912528789e-06,3.985901912528789e-06
AV.PS1A..BH,2021-07-29T08:00:00.000,1241088,2021-07-29T14:53:41.760,0.494,P,2021-07-29T08-00-00.mseed,8.43135694594821e-06,8.43135694594821e-06
AV.PS1A..BH,2021-07-29T08:00:00.000,1256107,2021-07-29T14:58:42.140,0.483,P,2021-07-29T08-00-00.mseed,2.708469992285245e-06,2.708469992285245e-06
AV.PS1A..BH,2021-07-29T08:00:00.000,1293878,2021-07-29T15:11:17.560,0.526,P,2021-07-29T08-00-00.mseed,1.9906524357793387e-06,1.9906524357793387e-06
AV.PS1A..BH,2021-07-29T08:00:00.000,1301934,2021-07-29T15:13:58.680,0.797,P,2021-07-29T08-00-00.mseed,4.795216682396131e-06,4.795216682396131e-06
AV.PS1A..BH,2021-07-29T08:00:00.000,1351422,2021-07-29T15:30:28.440,0.922,P,2021-07-29T08-00-00.mseed,5.516949840966845e-06,5.516949840966845e-06
AV.PS1A..BH,2021-07-29T08:00:00.000,310,2021-07-29T08:00:06.200,0.384,S,2021-07-29T08-00-00.mseed,8.084133878583089e-05,8.084133878583089e-05
AV.PS1A..BH,2021-07-29T08:00:00.000,12519,2021-07-29T08:04:10.380,0.492,S,2021-07-29T08-00-00.mseed,5.585143298958428e-05,5.585143298958428e-05
AV.PS1A..BH,2021-07-29T08:00:00.000,44595,2021-07-29T08:14:51.900,0.501,S,2021-07-29T08-00-00.mseed,2.828261858667247e-05,2.828261858667247e-05
AV.PS1A..BH,2021-07-29T08:00:00.000,49945,2021-07-29T08:16:38.900,0.742,S,2021-07-29T08-00-00.mseed,3.6411765904631466e-05,3.6411765904631466e-05
AV.PS1A..BH,2021-07-29T08:00:00.000,120263,2021-07-29T08:40:05.260,0.467,S,2021-07-29T08-00-00.mseed,1.0714672498579603e-05,1.0714672498579603e-05
AV.PS1A..BH,2021-07-29T08:00:00.000,124832,2021-07-29T08:41:36.640,0.332,S,2021-07-29T08-00-00.mseed,5.268914173939265e-05,5.268914173939265e-05
AV.PS1A..BH,2021-07-29T08:00:00.000,206799,2021-07-29T09:08:55.980,0.749,S,2021-07-29T08-00-00.mseed,1.226298809342552e-05,1.226298809342552e-05
AV.PS1A..BH,2021-07-29T08:00:00.000,251272,2021-07-29T09:23:45.440,0.321,S,2021-07-29T08-00-00.mseed,6.048538125469349e-06,6.048538125469349e-06
AV.PS1A..BH,2021-07-29T08:00:00.000,252784,2021-07-29T09:24:15.680,0.335,S,2021-07-29T08-00-00.mseed,1.42985227284953e-05,1.42985227284953e-05
AV.PS1A..BH,2021-07-29T08:00:00.000,339384,2021-07-29T09:53:07.680,0.434,S,2021-07-29T08-00-00.mseed,1.101401630876353e-05,1.101401630876353e-05
AV.PS1A..BH,2021-07-29T08:00:00.000,341664,2021-07-29T09:53:53.280,0.377,S,2021-07-29T08-00-00.mseed,3.0483512091450393e-05,3.0483512091450393e-05
AV.PS1A..BH,2021-07-29T08:00:00.000,345396,2021-07-29T09:55:07.920,0.318,S,2021-07-29T08-00-00.mseed,0.00012743570550810546,0.00012743570550810546
AV.PS1A..BH,2021-07-29T08:00:00.000,410997,2021-07-29T10:16:59.940,0.558,S,2021-07-29T08-00-00.mseed,2.2823176550446078e-05,2.2823176550446078e-05
AV.PS1A..BH,2021-07-29T08:00:00.000,415264,2021-07-29T10:18:25.280,0.447,S,2021-07-29T08-00-00.mseed,5.767198672401719e-06,5.767198672401719e-06
AV.PS1A..BH,2021-07-29T08:00:00.000,415350,2021-07-29T10:18:27.000,0.31,S,2021-07-29T08-00-00.mseed,1.1689548045978881e-05,1.1689548045978881e-05
AV.PS1A..BH,2021-07-29T08:00:00.000,443491,2021-07-29T10:27:49.820,0.471,S,2021-07-29T08-00-00.mseed,6.227528501767665e-06,6.227528501767665e-06
AV.PS1A..BH,2021-07-29T08:00:00.000,476470,2021-07-29T10:38:49.400,0.454,S,2021-07-29T08-00-00.mseed,2.9905020255682757e-06,2.9905020255682757e-06
AV.PS1A..BH,2021-07-29T08:00:00.000,513480,2021-07-29T10:51:09.600,0.516,S,2021-07-29T08-00-00.mseed,2.8473962174757617e-06,2.8473962174757617e-06
AV.PS1A..BH,2021-07-29T08:00:00.000,558538,2021-07-29T11:06:10.760,0.39,S,2021-07-29T08-00-00.mseed,2.0354693333501928e-05,2.0354693333501928e-05
AV.PS1A..BH,2021-07-29T08:00:00.000,631672,2021-07-29T11:30:33.440,0.676,S,2021-07-29T08-00-00.mseed,1.6246149243670516e-05,1.6246149243670516e-05
AV.PS1A..BH,2021-07-29T08:00:00.000,634336,2021-07-29T11:31:26.720,0.377,S,2021-07-29T08-00-00.mseed,6.888293683005031e-06,6.888293683005031e-06
AV.PS1A..BH,2021-07-29T08:00:00.000,777510,2021-07-29T12:19:10.200,0.352,S,2021-07-29T08-00-00.mseed,1.3445629519992508e-05,1.3445629519992508e-05
AV.PS1A..BH,2021-07-29T08:00:00.000,850441,2021-07-29T12:43:28.820,0.56,S,2021-07-29T08-00-00.mseed,2.710253102122806e-05,2.710253102122806e-05
AV.PS1A..BH,2021-07-29T08:00:00.000,852195,2021-07-29T12:44:03.900,0.35,S,2021-07-29T08-00-00.mseed,0.00012480822624638677,0.00012480822624638677
AV.PS1A..BH,2021-07-29T08:00:00.000,878592,2021-07-29T12:52:51.840,0.551,S,2021-07-29T08-00-00.mseed,3.336317968205549e-05,3.336317968205549e-05
AV.PS1A..BH,2021-07-29T08:00:00.000,956404,2021-07-29T13:18:48.080,0.598,S,2021-07-29T08-00-00.mseed,1.6139954823302105e-05,1.6139954823302105e-05
AV.PS1A..BH,2021-07-29T08:00:00.000,1231400,2021-07-29T14:50:28.000,0.302,S,2021-07-29T08-00-00.mseed,6.143416612758301e-06,6.143416612758301e-06
AV.PS1A..BH,2021-07-29T08:00:00.000,1241582,2021-07-29T14:53:51.640,0.473,S,2021-07-29T08-00-00.mseed,8.626415365142748e-06,8.626415365142748e-06
AV.PS1A..BH,2021-07-29T08:00:00.000,1294480,2021-07-29T15:11:29.600,0.539,S,2021-07-29T08-00-00.mseed,3.7266750041453633e-06,3.7266750041453633e-06
AV.PS1A..BH,2021-07-29T08:00:00.000,1352735,2021-07-29T15:30:54.700,0.483,S,2021-07-29T08-00-00.mseed,2.3843978851800784e-05,2.3843978851800784e-05
AV.PS4A..BH,2021-07-29T08:00:00.000,1,2021-07-29T08:00:00.020,0.762,P,2021-07-29T08-00-00.mseed,8.22587899165228e-05,8.22587899165228e-05
AV.PS4A..BH,2021-07-29T08:00:00.000,10735,2021-07-29T08:03:34.700,0.572,P,2021-07-29T08-00-00.mseed,2.8199579901411198e-05,2.8199579901411198e-05
AV.PS4A..BH,2021-07-29T08:00:00.000,10863,2021-07-29T08:03:37.260,0.495,P,2021-07-29T08-00-00.mseed,4.007034658570774e-05,4.007034658570774e-05
AV.PS4A..BH,2021-07-29T08:00:00.000,23764,2021-07-29T08:07:55.280,0.589,P,2021-07-29T08-00-00.mseed,1.7717871742206626e-05,1.7717871742206626e-05
AV.PS4A..BH,2021-07-29T08:00:00.000,29003,2021-07-29T08:09:40.060,0.599,P,2021-07-29T08-00-00.mseed,1.7659256627666764e-05,1.7659256627666764e-05
AV.PS4A..BH,2021-07-29T08:00:00.000,40798,2021-07-29T08:13:35.960,0.579,P,2021-07-29T08-00-00.mseed,1.8121892935596406e-05,1.8121892935596406e-05
AV.PS4A..BH,2021-07-29T08:00:00.000,42168,2021-07-29T08:14:03.360,0.423,P,2021-07-29T08-00-00.mseed,1.5052770322654396e-05,1.5052770322654396e-05
AV.PS4A..BH,2021-07-29T08:00:00.000,43416,2021-07-29T08:14:28.320,0.328,P,2021-07-29T08-00-00.mseed,2.8296224627410993e-05,2.8296224627410993e-05
AV.PS4A..BH,2021-07-29T08:00:00.000,49567,2021-07-29T08:16:31.340,0.966,P,2021-07-29T08-00-00.mseed,3.8357931771315634e-05,3.8357931771315634e-05
AV.PS4A..BH,2021-07-29T08:00:00.000,55403,2021-07-29T08:18:28.060,0.622,P,2021-07-29T08-00-00.mseed,2.7639434847515076e-05,2.7639434847515076e-05
AV.PS4A..BH,2021-07-29T08:00:00.000,77698,2021-07-29T08:25:53.960,0.623,P,2021-07-29T08-00-00.mseed,8.107566827675328e-06,8.107566827675328e-06
AV.PS4A..BH,2021-07-29T08:00:00.000,78531,2021-07-29T08:26:10.620,0.635,P,2021-07-29T08-00-00.mseed,1.8630593331181444e-05,1.8630593331181444e-05
AV.PS4A..BH,2021-07-29T08:00:00.000,101122,2021-07-29T08:33:42.440,0.422,P,2021-07-29T08-00-00.mseed,1.1664684279821813e-05,1.1664684279821813e-05
AV.PS4A..BH,2021-07-29T08:00:00.000,122895,2021-07-29T08:40:57.900,0.943,P,2021-07-29T08-00-00.mseed,1.5625189917045645e-05,1.5625189917045645e-05
AV.PS4A..BH,2021-07-29T08:00:00.000,168180,2021-07-29T08:56:03.600,0.303,P,2021-07-29T08-00-00.mseed,6.560124347743113e-06,6.560124347743113e-06
AV.PS4A..BH,2021-07-29T08:00:00.000,168292,2021-07-29T08:56:05.840,0.478,P,2021-07-29T08-00-00.mseed,2.1805828509968705e-05,2.1805828509968705e-05
AV.PS4A..BH,2021-07-29T08:00:00.000,169576,2021-07-29T08:56:31.520,0.328,P,2021-07-29T08-00-00.mseed,4.103626997675747e-05,4.103626997675747e-05
AV.PS4A..BH,2021-07-29T08:00:00.000,175344,2021-07-29T08:58:26.880,0.45,P,2021-07-29T08-00-00.mseed,1.4854010260023642e-05,1.4854010260023642e-05
AV.PS4A..BH,2021-07-29T08:00:00.000,205558,2021-07-29T09:08:31.160,0.924,P,2021-07-29T08-00-00.mseed,1.2421211977198254e-05,1.2421211977198254e-05
AV.PS4A..BH,2021-07-29T08:00:00.000,233441,2021-07-29T09:17:48.820,0.943,P,2021-07-29T08-00-00.mseed,9.131017577601597e-06,9.131017577601597e-06
AV.PS4A..BH,2021-07-29T08:00:00.000,235019,2021-07-29T09:18:20.380,0.312,P,2021-07-29T08-00-00.mseed,1.787621295079589e-05,1.787621295079589e-05
AV.PS4A..BH,2021-07-29T08:00:00.000,250735,2021-07-29T09:23:34.700,0.945,P,2021-07-29T08-00-00.mseed,7.25295194570208e-06,7.25295194570208e-06
AV.PS4A..BH,2021-07-29T08:00:00.000,252364,2021-07-29T09:24:07.280,0.667,P,2021-07-29T08-00-00.mseed,8.629593139630742e-06,8.629593139630742e-06
AV.PS4A..BH,2021-07-29T08:00:00.000,255391,2021-07-29T09:25:07.820,0.429,P,2021-07-29T08-00-00.mseed,6.173929250508081e-06,6.173929250508081e-06
AV.PS4A..BH,2021-07-29T08:00:00.000,260946,2021-07-29T09:26:58.920,0.664,P,2021-07-29T08-00-00.mseed,3.2786022075015353e-06,3.2786022075015353e-06
AV.PS4A..BH,2021-07-29T08:00:00.000,267083,2021-07-29T09:29:01.660,0.894,P,2021-07-29T08-00-00.mseed,4.646584784495644e-05,4.646584784495644e-05
AV.PS4A..BH,2021-07-29T08:00:00.000,294770,2021-07-29T09:38:15.400,0.889,P,2021-07-29T08-00-00.mseed,1.0613336598908063e-05,1.0613336598908063e-05
AV.PS4A..BH,2021-07-29T08:00:00.000,316260,2021-07-29T09:45:25.200,0.924,P,2021-07-29T08-00-00.mseed,4.234380867274012e-06,4.234380867274012e-06
AV.PS4A..BH,2021-07-29T08:00:00.000,339107,2021-07-29T09:53:02.140,0.974,P,2021-07-29T08-00-00.mseed,1.1614732102316339e-05,1.1614732102316339e-05
AV.PS4A..BH,2021-07-29T08:00:00.000,343224,2021-07-29T09:54:24.480,0.8,P,2021-07-29T08-00-00.mseed,1.839949436543975e-05,1.839949436543975e-05
AV.PS4A..BH,2021-07-29T08:00:00.000,343720,2021-07-29T09:54:34.400,0.36,P,2021-07-29T08-00-00.mseed,4.1789200622588396e-05,4.1789200622588396e-05
AV.PS4A..BH,2021-07-29T08:00:00.000,348672,2021-07-29T09:56:13.440,0.4,P,2021-07-29T08-00-00.mseed,1.9833185433526523e-05,1.9833185433526523e-05
AV.PS4A..BH,2021-07-29T08:00:00.000,358032,2021-07-29T09:59:20.640,0.636,P,2021-07-29T08-00-00.mseed,7.646391168236732e-06,7.646391168236732e-06
AV.PS4A..BH,2021-07-29T08:00:00.000,359968,2021-07-29T09:59:59.360,0.628,P,2021-07-29T08-00-00.mseed,2.375401891185902e-05,2.375401891185902e-05
AV.PS4A..BH,2021-07-29T08:00:00.000,367067,2021-07-29T10:02:21.340,0.9,P,2021-07-29T08-00-00.mseed,1.023297863866901e-05,1.023297863866901e-05
AV.PS4A..BH,2021-07-29T08:00:00.000,409741,2021-07-29T10:16:34.820,0.75,P,2021-07-29T08-00-00.mseed,8.094331860775128e-06,8.094331860775128e-06
AV.PS4A..BH,2021-07-29T08:00:00.000,414029,2021-07-29T10:18:00.580,0.951,P,2021-07-29T08-00-00.mseed,7.554343483207049e-06,7.554343483207049e-06
AV.PS4A..BH,2021-07-29T08:00:00.000,429039,2021-07-29T10:23:00.780,0.72,P,2021-07-29T08-00-00.mseed,4.7517555685772095e-06,4.7517555685772095e-06
AV.PS4A..BH,2021-07-29T08:00:00.000,434696,2021-07-29T10:24:53.920,0.613,P,2021-07-29T08-00-00.mseed,5.173929821467027e-06,5.173929821467027e-06
AV.PS4A..BH,2021-07-29T08:00:00.000,442912,2021-07-29T10:27:38.240,0.69,P,2021-07-29T08-00-00.mseed,5.712813162972452e-06,5.712813162972452e-06
AV.PS4A..BH,2021-07-29T08:00:00.000,476046,2021-07-29T10:38:40.920,0.937,P,2021-07-29T08-00-00.mseed,4.1741045606613625e-06,4.1741045606613625e-06
AV.PS4A..BH,2021-07-29T08:00:00.000,512819,2021-07-29T10:50:56.380,0.753,P,2021-07-29T08-00-00.mseed,2.442478944431059e-06,2.442478944431059e-06
AV.PS4A..BH,2021-07-29T08:00:00.000,524159,2021-07-29T10:54:43.180,0.333,P,2021-07-29T08-00-00.mseed,3.239488705730764e-06,3.239488705730764e-06
AV.PS4A..BH,2021-07-29T08:00:00.000,537562,2021-07-29T10:59:11.240,0.738,P,2021-07-29T08-00-00.mseed,4.760835054185009e-06,4.760835054185009e-06
AV.PS4A..BH,2021-07-29T08:00:00.000,556846,2021-07-29T11:05:36.920,0.785,P,2021-07-29T08-00-00.mseed,8.51147069624858e-06,8.51147069624858e-06
AV.PS4A..BH,2021-07-29T08:00:00.000,568328,2021-07-29T11:09:26.560,0.967,P,2021-07-29T08-00-00.mseed,2.1361014660215005e-05,2.1361014660215005e-05
AV.PS4A..BH,2021-07-29T08:00:00.000,575287,2021-07-29T11:11:45.740,0.444,P,2021-07-29T08-00-00.mseed,7.70827227825066e-06,7.70827227825066e-06
AV.PS4A..BH,2021-07-29T08:00:00.000,576780,2021-07-29T11:12:15.600,0.345,P,2021-07-29T08-00-00.mseed,7.615828053531004e-06,7.615828053531004e-06
AV.PS4A..BH,2021-07-29T08:00:00.000,591551,2021-07-29T11:17:11.020,0.799,P,2021-07-29T08-00-00.mseed,3.955696683988208e-06,3.955696683988208e-06
AV.PS4A..BH,2021-07-29T08:00:00.000,612828,2021-07-29T11:24:16.560,0.438,P,2021-07-29T08-00-00.mseed,2.248534201498842e-06,2.248534201498842e-06
AV.PS4A..BH,2021-07-29T08:00:00.000,630017,2021-07-29T11:30:00.340,0.949,P,2021-07-29T08-00-00.mseed,1.2638673979381565e-05,1.2638673979381565e-05
AV.PS4A..BH,2021-07-29T08:00:00.000,630632,2021-07-29T11:30:12.640,0.365,P,2021-07-29T08-00-00.mseed,1.2169605724920984e-05,1.2169605724920984e-05
AV.PS4A..BH,2021-07-29T08:00:00.000,633972,2021-07-29T11:31:19.440,0.625,P,2021-07-29T08-00-00.mseed,8.90036335476907e-06,8.90036335476907e-06
AV.PS4A..BH,2021-07-29T08:00:00.000,666571,2021-07-29T11:42:11.420,0.469,P,2021-07-29T08-00-00.mseed,3.1753531857248163e-06,3.1753531857248163e-06
AV.PS4A..BH,2021-07-29T08:00:00.000,668143,2021-07-29T11:42:42.860,0.386,P,2021-07-29T08-00-00.mseed,1.241857262357371e-05,1.241857262357371e-05
AV.PS4A..BH,2021-07-29T08:00:00.000,772468,2021-07-29T12:17:29.360,0.623,P,2021-07-29T08-00-00.mseed,2.6218308448733296e-06,2.6218308448733296e-06
AV.PS4A..BH,2021-07-29T08:00:00.000,775854,2021-07-29T12:18:37.080,0.684,P,2021-07-29T08-00-00.mseed,1.0644658686942421e-05,1.0644658686942421e-05
AV.PS4A..BH,2021-07-29T08:00:00.000,792662,2021-07-29T12:24:13.240,0.671,P,2021-07-29T08-00-00.mseed,3.910012310370803e-06,3.910012310370803e-06
AV.PS4A..BH,2021-07-29T08:00:00.000,807075,2021-07-29T12:29:01.500,0.658,P,2021-07-29T08-00-00.mseed,1.136216178565519e-05,1.136216178565519e-05
AV.PS4A..BH,2021-07-29T08:00:00.000,818604,2021-07-29T12:32:52.080,0.593,P,2021-07-29T08-00-00.mseed,4.965223524777684e-06,4.965223524777684e-06
AV.PS4A..BH,2021-07-29T08:00:00.000,850248,2021-07-29T12:43:24.960,0.963,P,2021-07-29T08-00-00.mseed,2.8545784516609274e-05,2.8545784516609274e-05
AV.PS4A..BH,2021-07-29T08:00:00.000,851016,2021-07-29T12:43:40.320,0.483,P,2021-07-29T08-00-00.mseed,4.7582372644683346e-05,4.7582372644683346e-05
AV.PS4A..BH,2021-07-29T08:00:00.000,877326,2021-07-29T12:52:26.520,0.911,P,2021-07-29T08-00-00.mseed,1.3802282410324551e-05,1.3802282410324551e-05
AV.PS4A..BH,2021-07-29T08:00:00.000,946402,2021-07-29T13:15:28.040,0.973,P,2021-07-29T08-00-00.mseed,1.0599012966849841e-05,1.0599012966849841e-05
AV.PS4A..BH,2021-07-29T08:00:00.000,955986,2021-07-29T13:18:39.720,0.893,P,2021-07-29T08-00-00.mseed,1.071582573786145e-05,1.071582573786145e-05
AV.PS4A..BH,2021-07-29T08:00:00.000,993315,2021-07-29T13:31:06.300,0.825,P,2021-07-29T08-00-00.mseed,3.7619154227286344e-06,3.7619154227286344e-06
AV.PS4A..BH,2021-07-29T08:00:00.000,1046662,2021-07-29T13:48:53.240,0.727,P,2021-07-29T08-00-00.mseed,3.831180038105231e-06,3.831180038105231e-06
AV.PS4A..BH,2021-07-29T08:00:00.000,1106963,2021-07-29T14:08:59.260,0.422,P,2021-07-29T08-00-00.mseed,6.591247256437782e-06,6.591247256437782e-06
AV.PS4A..BH,2021-07-29T08:00:00.000,1132076,2021-07-29T14:17:21.520,0.35,P,2021-07-29T08-00-00.mseed,3.0043838705751114e-06,3.0043838705751114e-06
AV.PS4A..BH,2021-07-29T08:00:00.000,1180740,2021-07-29T14:33:34.800,0.302,P,2021-07-29T08-00-00.mseed,4.1054331632039975e-06,4.1054331632039975e-06
AV.PS4A..BH,2021-07-29T08:00:00.000,1212847,2021-07-29T14:44:16.940,0.411,P,2021-07-29T08-00-00.mseed,2.9415530207188567e-06,2.9415530207188567e-06
AV.PS4A..BH,2021-07-29T08:00:00.000,1225868,2021-07-29T14:48:37.360,0.305,P,2021-07-29T08-00-00.mseed,4.516296485235216e-06,4.516296485235216e-06
AV.PS4A..BH,2021-07-29T08:00:00.000,1230247,2021-07-29T14:50:04.940,0.887,P,2021-07-29T08-00-00.mseed,3.820179244939936e-06,3.820179244939936e-06
AV.PS4A..BH,2021-07-29T08:00:00.000,1239679,2021-07-29T14:53:13.580,0.753,P,2021-07-29T08-00-00.mseed,4.460619948076783e-06,4.460619948076783e-06
AV.PS4A..BH,2021-07-29T08:00:00.000,1241104,2021-07-29T14:53:42.080,0.435,P,2021-07-29T08-00-00.mseed,6.8029953581572045e-06,6.8029953581572045e-06
AV.PS4A..BH,2021-07-29T08:00:00.000,1301979,2021-07-29T15:13:59.580,0.807,P,2021-07-29T08-00-00.mseed,4.199388968118001e-06,4.199388968118001e-06
AV.PS4A..BH,2021-07-29T08:00:00.000,1351461,2021-07-29T15:30:29.220,0.952,P,2021-07-29T08-00-00.mseed,1.0202221346844453e-05,1.0202221346844453e-05
AV.PS4A..BH,2021-07-29T08:00:00.000,1425272,2021-07-29T15:55:05.440,0.361,P,2021-07-29T08-00-00.mseed,2.4995863441290567e-06,2.4995863441290567e-06
AV.PS4A..BH,2021-07-29T08:00:00.000,416,2021-07-29T08:00:08.320,0.533,S,2021-07-29T08-00-00.mseed,8.22587899165228e-05,8.22587899165228e-05
AV.PS4A..BH,2021-07-29T08:00:00.000,12483,2021-07-29T08:04:09.660,0.356,S,2021-07-29T08-00-00.mseed,6.161061901366338e-05,6.161061901366338e-05
AV.PS4A..BH,2021-07-29T08:00:00.000,19594,2021-07-29T08:06:31.880,0.386,S,2021-07-29T08-00-00.mseed,2.460902396705933e-05,2.460902396705933e-05
AV.PS4A..BH,2021-07-29T08:00:00.000,33362,2021-07-29T08:11:07.240,0.303,S,2021-07-29T08-00-00.mseed,5.166320624994114e-05,5.166320624994114e-05
AV.PS4A..BH,2021-07-29T08:00:00.000,33397,2021-07-29T08:11:07.940,0.461,S,2021-07-29T08-00-00.mseed,0.00014673912664875388,0.00014673912664875388
AV.PS4A..BH,2021-07-29T08:00:00.000,44723,2021-07-29T08:14:54.460,0.328,S,2021-07-29T08-00-00.mseed,3.269505032221787e-05,3.269505032221787e-05
AV.PS4A..BH,2021-07-29T08:00:00.000,55722,2021-07-29T08:18:34.440,0.396,S,2021-07-29T08-00-00.mseed,2.8278562240302563e-05,2.8278562240302563e-05
AV.PS4A..BH,2021-07-29T08:00:00.000,80438,2021-07-29T08:26:48.760,0.429,S,2021-07-29T08-00-00.mseed,1.981726018129848e-05,1.981726018129848e-05
AV.PS4A..BH,2021-07-29T08:00:00.000,93688,2021-07-29T08:31:13.760,0.344,S,2021-07-29T08-00-00.mseed,1.3687600585399196e-05,1.3687600585399196e-05
AV.PS4A..BH,2021-07-29T08:00:00.000,118938,2021-07-29T08:39:38.760,0.447,S,2021-07-29T08-00-00.mseed,1.1228550647501834e-05,1.1228550647501834e-05
AV.PS4A..BH,2021-07-29T08:00:00.000,124979,2021-07-29T08:41:39.580,0.537,S,2021-07-29T08-00-00.mseed,6.341249536490068e-05,6.341249536490068e-05
AV.PS4A..BH,2021-07-29T08:00:00.000,168529,2021-07-29T08:56:10.580,0.666,S,2021-07-29T08-00-00.mseed,2.1805828509968705e-05,2.1805828509968705e-05
AV.PS4A..BH,2021-07-29T08:00:00.000,174350,2021-07-29T08:58:07.000,0.448,S,2021-07-29T08-00-00.mseed,1.4397583981917705e-05,1.4397583981917705e-05
AV.PS4A..BH,2021-07-29T08:00:00.000,177178,2021-07-29T08:59:03.560,0.429,S,2021-07-29T08-00-00.mseed,2.070744631055277e-05,2.070744631055277e-05
AV.PS4A..BH,2021-07-29T08:00:00.000,206852,2021-07-29T09:08:57.040,0.676,S,2021-07-29T08-00-00.mseed,2.6998728571925312e-05,2.6998728571925312e-05
AV.PS4A..BH,2021-07-29T08:00:00.000,233855,2021-07-29T09:17:57.100,0.778,S,2021-07-29T08-00-00.mseed,9.131017577601597e-06,9.131017577601597e-06
AV.PS4A..BH,2021-07-29T08:00:00.000,235332,2021-07-29T09:18:26.640,0.503,S,2021-07-29T08-00-00.mseed,1.787621295079589e-05,1.787621295079589e-05
AV.PS4A..BH,2021-07-29T08:00:00.000,251183,2021-07-29T09:23:43.660,0.594,S,2021-07-29T08-00-00.mseed,8.665493623993825e-06,8.665493623993825e-06
AV.PS4A..BH,2021-07-29T08:00:00.000,268825,2021-07-29T09:29:36.500,0.642,S,2021-07-29T08-00-00.mseed,0.0002813486207742244,0.0002813486207742244
AV.PS4A..BH,2021-07-29T08:00:00.000,290022,2021-07-29T09:36:40.440,0.429,S,2021-07-29T08-00-00.mseed,5.811480150441639e-06,5.811480150441639e-06
AV.PS4A..BH,2021-07-29T08:00:00.000,296315,2021-07-29T09:38:46.300,0.412,S,2021-07-29T08-00-00.mseed,1.7105268852901645e-05,1.7105268852901645e-05
AV.PS4A..BH,2021-07-29T08:00:00.000,298547,2021-07-29T09:39:30.940,0.311,S,2021-07-29T08-00-00.mseed,1.4995603123679757e-05,1.4995603123679757e-05
AV.PS4A..BH,2021-07-29T08:00:00.000,313866,2021-07-29T09:44:37.320,0.306,S,2021-07-29T08-00-00.mseed,7.718759661656804e-06,7.718759661656804e-06
AV.PS4A..BH,2021-07-29T08:00:00.000,339448,2021-07-29T09:53:08.960,0.505,S,2021-07-29T08-00-00.mseed,1.3256979400466662e-05,1.3256979400466662e-05
AV.PS4A..BH,2021-07-29T08:00:00.000,379728,2021-07-29T10:06:34.560,0.595,S,2021-07-29T08-00-00.mseed,4.486372745304834e-06,4.486372745304834e-06
AV.PS4A..BH,2021-07-29T08:00:00.000,404416,2021-07-29T10:14:48.320,0.367,S,2021-07-29T08-00-00.mseed,5.18816159456037e-06,5.18816159456037e-06
AV.PS4A..BH,2021-07-29T08:00:00.000,411073,2021-07-29T10:17:01.460,0.58,S,2021-07-29T08-00-00.mseed,2.5397303033969365e-05,2.5397303033969365e-05
AV.PS4A..BH,2021-07-29T08:00:00.000,415319,2021-07-29T10:18:26.380,0.633,S,2021-07-29T08-00-00.mseed,1.8734755940386094e-05,1.8734755940386094e-05
AV.PS4A..BH,2021-07-29T08:00:00.000,424030,2021-07-29T10:21:20.600,0.318,S,2021-07-29T08-00-00.mseed,4.530156274995534e-06,4.530156274995534e-06
AV.PS4A..BH,2021-07-29T08:00:00.000,435119,2021-07-29T10:25:02.380,0.571,S,2021-07-29T08-00-00.mseed,5.4988954616419505e-06,5.4988954616419505e-06
AV.PS4A..BH,2021-07-29T08:00:00.000,444573,2021-07-29T10:28:11.460,0.561,S,2021-07-29T08-00-00.mseed,1.7528387616039254e-05,1.7528387616039254e-05
AV.PS4A..BH,2021-07-29T08:00:00.000,513437,2021-07-29T10:51:08.740,0.811,S,2021-07-29T08-00-00.mseed,5.021426204621093e-06,5.021426204621093e-06
AV.PS4A..BH,2021-07-29T08:00:00.000,525962,2021-07-29T10:55:19.240,0.334,S,2021-07-29T08-00-00.mseed,5.166216396901291e-06,5.166216396901291e-06
AV.PS4A..BH,2021-07-29T08:00:00.000,539132,2021-07-29T10:59:42.640,0.474,S,2021-07-29T08-00-00.mseed,8.262615665444173e-06,8.262615665444173e-06
AV.PS4A..BH,2021-07-29T08:00:00.000,570116,2021-07-29T11:10:02.320,0.438,S,2021-07-29T08-00-00.mseed,8.493723726132885e-05,8.493723726132885e-05
AV.PS4A..BH,2021-07-29T08:00:00.000,613504,2021-07-29T11:24:30.080,0.365,S,2021-07-29T08-00-00.mseed,3.507783503664541e-06,3.507783503664541e-06
AV.PS4A..BH,2021-07-29T08:00:00.000,630180,2021-07-29T11:30:03.600,0.358,S,2021-07-29T08-00-00.mseed,1.2638673979381565e-05,1.2638673979381565e-05
AV.PS4A..BH,2021-07-29T08:00:00.000,634243,2021-07-29T11:31:24.860,0.61,S,2021-07-29T08-00-00.mseed,8.90036335476907e-06,8.90036335476907e-06
AV.PS4A..BH,2021-07-29T08:00:00.000,668652,2021-07-29T11:42:53.040,0.523,S,2021-07-29T08-00-00.mseed,1.5353289199993014e-05,1.5353289199993014e-05
AV.PS4A..BH,2021-07-29T08:00:00.000,687447,2021-07-29T11:49:08.940,0.387,S,2021-07-29T08-00-00.mseed,2.6357254682807252e-05,2.6357254682807252e-05
AV.PS4A..BH,2021-07-29T08:00:00.000,777670,2021-07-29T12:19:13.400,0.417,S,2021-07-29T08-00-00.mseed,1.9733251974685118e-05,1.9733251974685118e-05
AV.PS4A..BH,2021-07-29T08:00:00.000,808860,2021-07-29T12:29:37.200,0.368,S,2021-07-29T08-00-00.mseed,3.138660031254403e-05,3.138660031254403e-05
AV.PS4A..BH,2021-07-29T08:00:00.000,819084,2021-07-29T12:33:01.680,0.345,S,2021-07-29T08-00-00.mseed,6.036162631062325e-06,6.036162631062325e-06
AV.PS4A..BH,2021-07-29T08:00:00.000,820697,2021-07-29T12:33:33.940,0.51,S,2021-07-29T08-00-00.mseed,1.2580740076373331e-05,1.2580740076373331e-05
AV.PS4A..BH,2021-07-29T08:00:00.000,850524,2021-07-29T12:43:30.480,0.653,S,2021-07-29T08-00-00.mseed,3.673049286589958e-05,3.673049286589958e-05
AV.PS4A..BH,2021-07-29T08:00:00.000,946776,2021-07-29T13:15:35.520,0.535,S,2021-07-29T08-00-00.mseed,1.3513205885828938e-05,1.3513205885828938e-05
AV.PS4A..BH,2021-07-29T08:00:00.000,948112,2021-07-29T13:16:02.240,0.506,S,2021-07-29T08-00-00.mseed,4.224778967909515e-05,4.224778967909515e-05
AV.PS4A..BH,2021-07-29T08:00:00.000,958720,2021-07-29T13:19:34.400,0.473,S,2021-07-29T08-00-00.mseed,5.293079448165372e-05,5.293079448165372e-05
AV.PS4A..BH,2021-07-29T08:00:00.000,993712,2021-07-29T13:31:14.240,0.565,S,2021-07-29T08-00-00.mseed,3.7729350879089907e-06,3.7729350879089907e-06
AV.PS4A..BH,2021-07-29T08:00:00.000,1047062,2021-07-29T13:49:01.240,0.325,S,2021-07-29T08-00-00.mseed,5.061098818259779e-06,5.061098818259779e-06
AV.PS4A..BH,2021-07-29T08:00:00.000,1048755,2021-07-29T13:49:35.100,0.491,S,2021-07-29T08-00-00.mseed,2.030954055953771e-05,2.030954055953771e-05
AV.PS4A..BH,2021-07-29T08:00:00.000,1133024,2021-07-29T14:17:40.480,0.466,S,2021-07-29T08-00-00.mseed,3.2795458082546247e-06,3.2795458082546247e-06
AV.PS4A..BH,2021-07-29T08:00:00.000,1180961,2021-07-29T14:33:39.220,0.57,S,2021-07-29T08-00-00.mseed,4.1054331632039975e-06,4.1054331632039975e-06
AV.PS4A..BH,2021-07-29T08:00:00.000,1213202,2021-07-29T14:44:24.040,0.361,S,2021-07-29T08-00-00.mseed,3.220557800887036e-06,3.220557800887036e-06
AV.PS4A..BH,2021-07-29T08:00:00.000,1231366,2021-07-29T14:50:27.320,0.782,S,2021-07-29T08-00-00.mseed,8.438418262812775e-06,8.438418262812775e-06
AV.PS4A..BH,2021-07-29T08:00:00.000,1240084,2021-07-29T14:53:21.680,0.689,S,2021-07-29T08-00-00.mseed,4.460619948076783e-06,4.460619948076783e-06
AV.PS4A..BH,2021-07-29T08:00:00.000,1241682,2021-07-29T14:53:53.640,0.3,S,2021-07-29T08-00-00.mseed,1.3114467037667055e-05,1.3114467037667055e-05
AV.PS4A..BH,2021-07-29T08:00:00.000,1257032,2021-07-29T14:59:00.640,0.583,S,2021-07-29T08-00-00.mseed,4.400405941851204e-06,4.400405941851204e-06
AV.PS4A..BH,2021-07-29T08:00:00.000,1302508,2021-07-29T15:14:10.160,0.508,S,2021-07-29T08-00-00.mseed,4.986011845176108e-06,4.986011845176108e-06
AV.PS4A..BH,2021-07-29T08:00:00.000,1352808,2021-07-29T15:30:56.160,0.583,S,2021-07-29T08-00-00.mseed,2.4741853849263862e-05,2.4741853849263862e-05
AV.PS4A..BH,2021-07-29T08:00:00.000,1425910,2021-07-29T15:55:18.200,0.325,S,2021-07-29T08-00-00.mseed,3.5952193684352096e-06,3.5952193684352096e-06
AV.PV6A..SH,2021-07-29T08:00:00.000,1,2021-07-29T08:00:00.020,0.708,P,2021-07-29T08-00-00.mseed,9.357372618978843e-06,9.357372618978843e-06
AV.PV6A..SH,2021-07-29T08:00:00.000,10766,2021-07-29T08:03:35.320,0.387,P,2021-07-29T08-00-00.mseed,5.546648026211187e-06,5.546648026211187e-06
AV.PV6A..SH,2021-07-29T08:00:00.000,29003,2021-07-29T08:09:40.060,0.425,P,2021-07-29T08-00-00.mseed,1.173148689304071e-06,1.173148689304071e-06
AV.PV6A..SH,2021-07-29T08:00:00.000,31395,2021-07-29T08:10:27.900,0.361,P,2021-07-29T08-00-00.mseed,9.762197805684991e-06,9.762197805684991e-06
AV.PV6A..SH,2021-07-29T08:00:00.000,40870,2021-07-29T08:13:37.400,0.507,P,2021-07-29T08-00-00.mseed,1.3524704627343453e-06,1.3524704627343453e-06
AV.PV6A..SH,2021-07-29T08:00:00.000,49644,2021-07-29T08:16:32.880,0.543,P,2021-07-29T08-00-00.mseed,6.446010047511663e-06,6.446010047511663e-06
AV.PV6A..SH,2021-07-29T08:00:00.000,122968,2021-07-29T08:40:59.360,0.925,P,2021-07-29T08-00-00.mseed,3.540500529197743e-06,3.540500529197743e-06
AV.PV6A..SH,2021-07-29T08:00:00.000,157199,2021-07-29T08:52:23.980,0.387,P,2021-07-29T08-00-00.mseed,5.624912091661827e-07,5.624912091661827e-07
AV.PV6A..SH,2021-07-29T08:00:00.000,185296,2021-07-29T09:01:45.920,0.415,P,2021-07-29T08-00-00.mseed,5.524128141587425e-07,5.524128141587425e-07
AV.PV6A..SH,2021-07-29T08:00:00.000,205627,2021-07-29T09:08:32.540,0.328,P,2021-07-29T08-00-00.mseed,5.585980602518248e-07,5.585980602518248e-07
AV.PV6A..SH,2021-07-29T08:00:00.000,205703,2021-07-29T09:08:34.060,0.349,P,2021-07-29T08-00-00.mseed,2.6152522423217306e-06,2.6152522423217306e-06
AV.PV6A..SH,2021-07-29T08:00:00.000,233526,2021-07-29T09:17:50.520,0.703,P,2021-07-29T08-00-00.mseed,1.3402591321209911e-06,1.3402591321209911e-06
AV.PV6A..SH,2021-07-29T08:00:00.000,250810,2021-07-29T09:23:36.200,0.962,P,2021-07-29T08-00-00.mseed,1.0213432233285857e-06,1.0213432233285857e-06
AV.PV6A..SH,2021-07-29T08:00:00.000,261014,2021-07-29T09:27:00.280,0.878,P,2021-07-29T08-00-00.mseed,3.60560960643852e-07,3.60560960643852e-07
AV.PV6A..SH,2021-07-29T08:00:00.000,263876,2021-07-29T09:27:57.520,0.597,P,2021-07-29T08-00-00.mseed,6.684353479613492e-07,6.684353479613492e-07
AV.PV6A..SH,2021-07-29T08:00:00.000,267155,2021-07-29T09:29:03.100,0.914,P,2021-07-29T08-00-00.mseed,1.3928206499258522e-05,1.3928206499258522e-05
AV.PV6A..SH,2021-07-29T08:00:00.000,288452,2021-07-29T09:36:09.040,0.38,P,2021-07-29T08-00-00.mseed,5.680309413946816e-07,5.680309413946816e-07
AV.PV6A..SH,2021-07-29T08:00:00.000,294794,2021-07-29T09:38:15.880,0.309,P,2021-07-29T08-00-00.mseed,2.040611207121401e-06,2.040611207121401e-06
AV.PV6A..SH,2021-07-29T08:00:00.000,311947,2021-07-29T09:43:58.940,0.383,P,2021-07-29T08-00-00.mseed,5.792657020720071e-07,5.792657020720071e-07
AV.PV6A..SH,2021-07-29T08:00:00.000,339175,2021-07-29T09:53:03.500,0.963,P,2021-07-29T08-00-00.mseed,4.101209015061613e-06,4.101209015061613e-06
AV.PV6A..SH,2021-07-29T08:00:00.000,343310,2021-07-29T09:54:26.200,0.608,P,2021-07-29T08-00-00.mseed,1.187371617561439e-05,1.187371617561439e-05
AV.PV6A..SH,2021-07-29T08:00:00.000,358096,2021-07-29T09:59:21.920,0.716,P,2021-07-29T08-00-00.mseed,1.961364432645496e-06,1.961364432645496e-06
AV.PV6A..SH,2021-07-29T08:00:00.000,367008,2021-07-29T10:02:20.160,0.417,P,2021-07-29T08-00-00.mseed,2.196773039031541e-06,2.196773039031541e-06
AV.PV6A..SH,2021-07-29T08:00:00.000,377698,2021-07-29T10:05:53.960,0.773,P,2021-07-29T08-00-00.mseed,3.0825998464933946e-07,3.0825998464933946e-07
AV.PV6A..SH,2021-07-29T08:00:00.000,402227,2021-07-29T10:14:04.540,0.773,P,2021-07-29T08-00-00.mseed,4.285376462576096e-07,4.285376462576096e-07
AV.PV6A..SH,2021-07-29T08:00:00.000,409898,2021-07-29T10:16:37.960,0.933,P,2021-07-29T08-00-00.mseed,2.3215798137243837e-06,2.3215798137243837e-06
AV.PV6A..SH,2021-07-29T08:00:00.000,414179,2021-07-29T10:18:03.580,0.551,P,2021-07-29T08-00-00.mseed,1.6831593256938504e-06,1.6831593256938504e-06
AV.PV6A..SH,2021-07-29T08:00:00.000,429055,2021-07-29T10:23:01.100,0.815,P,2021-07-29T08-00-00.mseed,8.94668119144626e-07,8.94668119144626e-07
AV.PV6A..SH,2021-07-29T08:00:00.000,434770,2021-07-29T10:24:55.400,0.935,P,2021-07-29T08-00-00.mseed,1.0956217693092185e-06,1.0956217693092185e-06
AV.PV6A..SH,2021-07-29T08:00:00.000,442990,2021-07-29T10:27:39.800,0.869,P,2021-07-29T08-00-00.mseed,1.4131334182820865e-06,1.4131334182820865e-06
AV.PV6A..SH,2021-07-29T08:00:00.000,462920,2021-07-29T10:34:18.400,0.571,P,2021-07-29T08-00-00.mseed,5.458167038341344e-07,5.458167038341344e-07
AV.PV6A..SH,2021-07-29T08:00:00.000,476120,2021-07-29T10:38:42.400,0.939,P,2021-07-29T08-00-00.mseed,8.68837560119573e-07,8.68837560119573e-07
AV.PV6A..SH,2021-07-29T08:00:00.000,488903,2021-07-29T10:42:58.060,0.423,P,2021-07-29T08-00-00.mseed,3.2047046261141077e-07,3.2047046261141077e-07
AV.PV6A..SH,2021-07-29T08:00:00.000,512859,2021-07-29T10:50:57.180,0.951,P,2021-07-29T08-00-00.mseed,4.821142169930681e-07,4.821142169930681e-07
AV.PV6A..SH,2021-07-29T08:00:00.000,537623,2021-07-29T10:59:12.460,0.813,P,2021-07-29T08-00-00.mseed,1.541339656796481e-06,1.541339656796481e-06
AV.PV6A..SH,2021-07-29T08:00:00.000,556915,2021-07-29T11:05:38.300,0.81,P,2021-07-29T08-00-00.mseed,1.4913498489477206e-06,1.4913498489477206e-06
AV.PV6A..SH,2021-07-29T08:00:00.000,568404,2021-07-29T11:09:28.080,0.917,P,2021-07-29T08-00-00.mseed,5.545234216697281e-06,5.545234216697281e-06
AV.PV6A..SH,2021-07-29T08:00:00.000,591564,2021-07-29T11:17:11.280,0.397,P,2021-07-29T08-00-00.mseed,2.366958398170027e-07,2.366958398170027e-07
AV.PV6A..SH,2021-07-29T08:00:00.000,591599,2021-07-29T11:17:11.980,0.532,P,2021-07-29T08-00-00.mseed,8.295400562019495e-07,8.295400562019495e-07
AV.PV6A..SH,2021-07-29T08:00:00.000,612996,2021-07-29T11:24:19.920,0.807,P,2021-07-29T08-00-00.mseed,2.7467845598039276e-07,2.7467845598039276e-07
AV.PV6A..SH,2021-07-29T08:00:00.000,630095,2021-07-29T11:30:01.900,0.946,P,2021-07-29T08-00-00.mseed,3.6153155633655842e-06,3.6153155633655842e-06
AV.PV6A..SH,2021-07-29T08:00:00.000,662335,2021-07-29T11:40:46.700,0.703,P,2021-07-29T08-00-00.mseed,2.7743041641770105e-07,2.7743041641770105e-07
AV.PV6A..SH,2021-07-29T08:00:00.000,666643,2021-07-29T11:42:12.860,0.926,P,2021-07-29T08-00-00.mseed,9.30050248371117e-07,9.30050248371117e-07
AV.PV6A..SH,2021-07-29T08:00:00.000,685763,2021-07-29T11:48:35.260,0.916,P,2021-07-29T08-00-00.mseed,1.9562030502129346e-06,1.9562030502129346e-06
AV.PV6A..SH,2021-07-29T08:00:00.000,712120,2021-07-29T11:57:22.400,0.458,P,2021-07-29T08-00-00.mseed,1.173817622657225e-06,1.173817622657225e-06
AV.PV6A..SH,2021-07-29T08:00:00.000,718543,2021-07-29T11:59:30.860,0.649,P,2021-07-29T08-00-00.mseed,2.374613359279465e-07,2.374613359279465e-07
AV.PV6A..SH,2021-07-29T08:00:00.000,753364,2021-07-29T12:11:07.280,0.541,P,2021-07-29T08-00-00.mseed,2.4267666276500677e-07,2.4267666276500677e-07
AV.PV6A..SH,2021-07-29T08:00:00.000,772531,2021-07-29T12:17:30.620,0.384,P,2021-07-29T08-00-00.mseed,4.670347379942541e-07,4.670347379942541e-07
AV.PV6A..SH,2021-07-29T08:00:00.000,775921,2021-07-29T12:18:38.420,0.907,P,2021-07-29T08-00-00.mseed,1.889344730443554e-06,1.889344730443554e-06
AV.PV6A..SH,2021-07-29T08:00:00.000,807143,2021-07-29T12:29:02.860,0.897,P,2021-07-29T08-00-00.mseed,1.7257525541936047e-06,1.7257525541936047e-06
AV.PV6A..SH,2021-07-29T08:00:00.000,818652,2021-07-29T12:32:53.040,0.629,P,2021-07-29T08-00-00.mseed,1.1395982255635317e-06,1.1395982255635317e-06
AV.PV6A..SH,2021-07-29T08:00:00.000,830489,2021-07-29T12:36:49.780,0.834,P,2021-07-29T08-00-00.mseed,4.6979349122011627e-07,4.6979349122011627e-07
AV.PV6A..SH,2021-07-29T08:00:00.000,850323,2021-07-29T12:43:26.460,0.959,P,2021-07-29T08-00-00.mseed,1.0701724022510462e-05,1.0701724022510462e-05
AV.PV6A..SH,2021-07-29T08:00:00.000,877443,2021-07-29T12:52:28.860,0.504,P,2021-07-29T08-00-00.mseed,3.955135525757214e-06,3.955135525757214e-06
AV.PV6A..SH,2021-07-29T08:00:00.000,906382,2021-07-29T13:02:07.640,0.444,P,2021-07-29T08-00-00.mseed,3.534325401233218e-07,3.534325401233218e-07
AV.PV6A..SH,2021-07-29T08:00:00.000,911438,2021-07-29T13:03:48.760,0.322,P,2021-07-29T08-00-00.mseed,1.4651521951236646e-07,1.4651521951236646e-07
AV.PV6A..SH,2021-07-29T08:00:00.000,911500,2021-07-29T13:03:50.000,0.34,P,2021-07-29T08-00-00.mseed,3.956557463880017e-07,3.956557463880017e-07
AV.PV6A..SH,2021-07-29T08:00:00.000,946483,2021-07-29T13:15:29.660,0.93,P,2021-07-29T08-00-00.mseed,1.986391680475208e-06,1.986391680475208e-06
AV.PV6A..SH,2021-07-29T08:00:00.000,956042,2021-07-29T13:18:40.840,0.932,P,2021-07-29T08-00-00.mseed,4.122114205529215e-06,4.122114205529215e-06
AV.PV6A..SH,2021-07-29T08:00:00.000,993373,2021-07-29T13:31:07.460,0.946,P,2021-07-29T08-00-00.mseed,7.856314141463372e-07,7.856314141463372e-07
AV.PV6A..SH,2021-07-29T08:00:00.000,1046739,2021-07-29T13:48:54.780,0.942,P,2021-07-29T08-00-00.mseed,1.3526761222237838e-06,1.3526761222237838e-06
AV.PV6A..SH,2021-07-29T08:00:00.000,1088619,2021-07-29T14:02:52.380,0.936,P,2021-07-29T08-00-00.mseed,2.925628166394745e-07,2.925628166394745e-07
AV.PV6A..SH,2021-07-29T08:00:00.000,1105502,2021-07-29T14:08:30.040,0.332,P,2021-07-29T08-00-00.mseed,1.8935116941065644e-07,1.8935116941065644e-07
AV.PV6A..SH,2021-07-29T08:00:00.000,1105543,2021-07-29T14:08:30.860,0.502,P,2021-07-29T08-00-00.mseed,3.7795473417645553e-07,3.7795473417645553e-07
AV.PV6A..SH,2021-07-29T08:00:00.000,1107211,2021-07-29T14:09:04.220,0.336,P,2021-07-29T08-00-00.mseed,1.6292342479573563e-06,1.6292342479573563e-06
AV.PV6A..SH,2021-07-29T08:00:00.000,1129750,2021-07-29T14:16:35.000,0.458,P,2021-07-29T08-00-00.mseed,4.896290306533047e-07,4.896290306533047e-07
AV.PV6A..SH,2021-07-29T08:00:00.000,1143032,2021-07-29T14:21:00.640,0.52,P,2021-07-29T08-00-00.mseed,3.0430098263423133e-07,3.0430098263423133e-07
AV.PV6A..SH,2021-07-29T08:00:00.000,1211244,2021-07-29T14:43:44.880,0.58,P,2021-07-29T08-00-00.mseed,4.7122907176344597e-07,4.7122907176344597e-07
AV.PV6A..SH,2021-07-29T08:00:00.000,1224575,2021-07-29T14:48:11.500,0.373,P,2021-07-29T08-00-00.mseed,3.134690018669062e-07,3.134690018669062e-07
AV.PV6A..SH,2021-07-29T08:00:00.000,1230334,2021-07-29T14:50:06.680,0.394,P,2021-07-29T08-00-00.mseed,7.617471169396595e-07,7.617471169396595e-07
AV.PV6A..SH,2021-07-29T08:00:00.000,1239759,2021-07-29T14:53:15.180,0.856,P,2021-07-29T08-00-00.mseed,9.319909395344439e-07,9.319909395344439e-07
AV.PV6A..SH,2021-07-29T08:00:00.000,1251507,2021-07-29T14:57:10.140,0.501,P,2021-07-29T08-00-00.mseed,2.153559108819536e-07,2.153559108819536e-07
AV.PV6A..SH,2021-07-29T08:00:00.000,1256215,2021-07-29T14:58:44.300,0.655,P,2021-07-29T08-00-00.mseed,6.678509407720412e-07,6.678509407720412e-07
AV.PV6A..SH,2021-07-29T08:00:00.000,1283046,2021-07-29T15:07:40.920,0.406,P,2021-07-29T08-00-00.mseed,3.331653601890139e-07,3.331653601890139e-07
AV.PV6A..SH,2021-07-29T08:00:00.000,1302070,2021-07-29T15:14:01.400,0.729,P,2021-07-29T08-00-00.mseed,1.7526709825688158e-06,1.7526709825688158e-06
AV.PV6A..SH,2021-07-29T08:00:00.000,1324702,2021-07-29T15:21:34.040,0.419,P,2021-07-29T08-00-00.mseed,2.8777023430848203e-07,2.8777023430848203e-07
AV.PV6A..SH,2021-07-29T08:00:00.000,1351626,2021-07-29T15:30:32.520,0.85,P,2021-07-29T08-00-00.mseed,3.5567136364988983e-06,3.5567136364988983e-06
AV.PV6A..SH,2021-07-29T08:00:00.000,1412059,2021-07-29T15:50:41.180,0.454,P,2021-07-29T08-00-00.mseed,6.530748350996873e-07,6.530748350996873e-07
AV.PV6A..SH,2021-07-29T08:00:00.000,1418056,2021-07-29T15:52:41.120,0.318,P,2021-07-29T08-00-00.mseed,6.512555614790472e-07,6.512555614790472e-07
AV.PV6A..SH,2021-07-29T08:00:00.000,524,2021-07-29T08:00:10.480,0.441,S,2021-07-29T08-00-00.mseed,1.4314891814137809e-05,1.4314891814137809e-05
AV.PV6A..SH,2021-07-29T08:00:00.000,73132,2021-07-29T08:24:22.640,0.411,S,2021-07-29T08-00-00.mseed,7.618170911882771e-07,7.618170911882771e-07
AV.PV6A..SH,2021-07-29T08:00:00.000,120501,2021-07-29T08:40:10.020,0.65,S,2021-07-29T08-00-00.mseed,2.042710320893093e-06,2.042710320893093e-06
AV.PV6A..SH,2021-07-29T08:00:00.000,125456,2021-07-29T08:41:49.120,0.475,S,2021-07-29T08-00-00.mseed,1.4428649592446163e-05,1.4428649592446163e-05
AV.PV6A..SH,2021-07-29T08:00:00.000,170248,2021-07-29T08:56:44.960,0.303,S,2021-07-29T08-00-00.mseed,1.5725361663498916e-05,1.5725361663498916e-05
AV.PV6A..SH,2021-07-29T08:00:00.000,203728,2021-07-29T09:07:54.560,0.449,S,2021-07-29T08-00-00.mseed,8.047032338254212e-07,8.047032338254212e-07
AV.PV6A..SH,2021-07-29T08:00:00.000,207011,2021-07-29T09:09:00.220,0.492,S,2021-07-29T08-00-00.mseed,5.586312909144908e-06,5.586312909144908e-06
AV.PV6A..SH,2021-07-29T08:00:00.000,233846,2021-07-29T09:17:56.920,0.332,S,2021-07-29T08-00-00.mseed,1.7282543467445066e-06,1.7282543467445066e-06
AV.PV6A..SH,2021-07-29T08:00:00.000,251577,2021-07-29T09:23:51.540,0.459,S,2021-07-29T08-00-00.mseed,1.6881209603525349e-06,1.6881209603525349e-06
AV.PV6A..SH,2021-07-29T08:00:00.000,264326,2021-07-29T09:28:06.520,0.336,S,2021-07-29T08-00-00.mseed,7.064093665576365e-07,7.064093665576365e-07
AV.PV6A..SH,2021-07-29T08:00:00.000,285988,2021-07-29T09:35:19.760,0.343,S,2021-07-29T08-00-00.mseed,3.589327093322936e-07,3.589327093322936e-07
AV.PV6A..SH,2021-07-29T08:00:00.000,288783,2021-07-29T09:36:15.660,0.575,S,2021-07-29T08-00-00.mseed,6.044256224413402e-07,6.044256224413402e-07
AV.PV6A..SH,2021-07-29T08:00:00.000,290142,2021-07-29T09:36:42.840,0.32,S,2021-07-29T08-00-00.mseed,7.356046012318984e-07,7.356046012318984e-07
AV.PV6A..SH,2021-07-29T08:00:00.000,296390,2021-07-29T09:38:47.800,0.368,S,2021-07-29T08-00-00.mseed,3.6288936371420277e-06,3.6288936371420277e-06
AV.PV6A..SH,2021-07-29T08:00:00.000,312643,2021-07-29T09:44:12.860,0.342,S,2021-07-29T08-00-00.mseed,8.078450832726958e-07,8.078450832726958e-07
AV.PV6A..SH,2021-07-29T08:00:00.000,339820,2021-07-29T09:53:16.400,0.475,S,2021-07-29T08-00-00.mseed,6.198285973368911e-06,6.198285973368911e-06
AV.PV6A..SH,2021-07-29T08:00:00.000,358646,2021-07-29T09:59:32.920,0.469,S,2021-07-29T08-00-00.mseed,2.3350487481366144e-06,2.3350487481366144e-06
AV.PV6A..SH,2021-07-29T08:00:00.000,379940,2021-07-29T10:06:38.800,0.34,S,2021-07-29T08-00-00.mseed,7.60514410558244e-07,7.60514410558244e-07
AV.PV6A..SH,2021-07-29T08:00:00.000,411326,2021-07-29T10:17:06.520,0.33,S,2021-07-29T08-00-00.mseed,4.61555691799731e-06,4.61555691799731e-06
AV.PV6A..SH,2021-07-29T08:00:00.000,414464,2021-07-29T10:18:09.280,0.453,S,2021-07-29T08-00-00.mseed,1.7291266658503446e-06,1.7291266658503446e-06
AV.PV6A..SH,2021-07-29T08:00:00.000,415518,2021-07-29T10:18:30.360,0.675,S,2021-07-29T08-00-00.mseed,3.6111939607508248e-06,3.6111939607508248e-06
AV.PV6A..SH,2021-07-29T08:00:00.000,424227,2021-07-29T10:21:24.540,0.496,S,2021-07-29T08-00-00.mseed,8.574311891607067e-07,8.574311891607067e-07
AV.PV6A..SH,2021-07-29T08:00:00.000,435432,2021-07-29T10:25:08.640,0.558,S,2021-07-29T08-00-00.mseed,1.6411258911830373e-06,1.6411258911830373e-06
AV.PV6A..SH,2021-07-29T08:00:00.000,489251,2021-07-29T10:43:05.020,0.598,S,2021-07-29T08-00-00.mseed,3.3270532640017336e-07,3.3270532640017336e-07
AV.PV6A..SH,2021-07-29T08:00:00.000,513494,2021-07-29T10:51:09.880,0.931,S,2021-07-29T08-00-00.mseed,7.119592737581115e-07,7.119592737581115e-07
AV.PV6A..SH,2021-07-29T08:00:00.000,537924,2021-07-29T10:59:18.480,0.316,S,2021-07-29T08-00-00.mseed,1.6177472161871265e-06,1.6177472161871265e-06
AV.PV6A..SH,2021-07-29T08:00:00.000,613684,2021-07-29T11:24:33.680,0.701,S,2021-07-29T08-00-00.mseed,4.6283582832984393e-07,4.6283582832984393e-07
AV.PV6A..SH,2021-07-29T08:00:00.000,631942,2021-07-29T11:30:38.840,0.498,S,2021-07-29T08-00-00.mseed,6.774623216188047e-06,6.774623216188047e-06
AV.PV6A..SH,2021-07-29T08:00:00.000,654126,2021-07-29T11:38:02.520,0.348,S,2021-07-29T08-00-00.mseed,6.427392804653209e-07,6.427392804653209e-07
AV.PV6A..SH,2021-07-29T08:00:00.000,663424,2021-07-29T11:41:08.480,0.629,S,2021-07-29T08-00-00.mseed,3.812909881162341e-07,3.812909881162341e-07
AV.PV6A..SH,2021-07-29T08:00:00.000,695286,2021-07-29T11:51:45.720,0.332,S,2021-07-29T08-00-00.mseed,3.481690100670676e-07,3.481690100670676e-07
AV.PV6A..SH,2021-07-29T08:00:00.000,712964,2021-07-29T11:57:39.280,0.434,S,2021-07-29T08-00-00.mseed,1.344095494459907e-06,1.344095494459907e-06
AV.PV6A..SH,2021-07-29T08:00:00.000,737176,2021-07-29T12:05:43.520,0.459,S,2021-07-29T08-00-00.mseed,5.035777803641395e-07,5.035777803641395e-07
AV.PV6A..SH,2021-07-29T08:00:00.000,772908,2021-07-29T12:17:38.160,0.53,S,2021-07-29T08-00-00.mseed,4.670347379942541e-07,4.670347379942541e-07
AV.PV6A..SH,2021-07-29T08:00:00.000,776342,2021-07-29T12:18:46.840,0.314,S,2021-07-29T08-00-00.mseed,2.4714165647310438e-06,2.4714165647310438e-06
AV.PV6A..SH,2021-07-29T08:00:00.000,878998,2021-07-29T12:52:59.960,0.446,S,2021-07-29T08-00-00.mseed,6.702779955958249e-06,6.702779955958249e-06
AV.PV6A..SH,2021-07-29T08:00:00.000,993826,2021-07-29T13:31:16.520,0.437,S,2021-07-29T08-00-00.mseed,1.0777300758491037e-06,1.0777300758491037e-06
AV.PV6A..SH,2021-07-29T08:00:00.000,1016224,2021-07-29T13:38:44.480,0.342,S,2021-07-29T08-00-00.mseed,4.39114160144527e-07,4.39114160144527e-07
AV.PV6A..SH,2021-07-29T08:00:00.000,1043651,2021-07-29T13:47:53.020,0.3,S,2021-07-29T08-00-00.mseed,4.43209188460969e-07,4.43209188460969e-07
AV.PV6A..SH,2021-07-29T08:00:00.000,1047183,2021-07-29T13:49:03.660,0.411,S,2021-07-29T08-00-00.mseed,2.192156671299017e-06,2.192156671299017e-06
AV.PV6A..SH,2021-07-29T08:00:00.000,1130260,2021-07-29T14:16:45.200,0.573,S,2021-07-29T08-00-00.mseed,5.599250698651304e-07,5.599250698651304e-07
AV.PV6A..SH,2021-07-29T08:00:00.000,1143696,2021-07-29T14:21:13.920,0.374,S,2021-07-29T08-00-00.mseed,3.636399981132854e-07,3.636399981132854e-07
AV.PV6A..SH,2021-07-29T08:00:00.000,1181088,2021-07-29T14:33:41.760,0.633,S,2021-07-29T08-00-00.mseed,6.074233738218027e-07,6.074233738218027e-07
AV.PV6A..SH,2021-07-29T08:00:00.000,1231632,2021-07-29T14:50:32.640,0.653,S,2021-07-29T08-00-00.mseed,2.20010178964003e-06,2.20010178964003e-06
AV.PV6A..SH,2021-07-29T08:00:00.000,1240178,2021-07-29T14:53:23.560,0.305,S,2021-07-29T08-00-00.mseed,1.3880545566280489e-06,1.3880545566280489e-06
AV.PV6A..SH,2021-07-29T08:00:00.000,1253344,2021-07-29T14:57:46.880,0.384,S,2021-07-29T08-00-00.mseed,2.9744964535893814e-07,2.9744964535893814e-07
AV.PV6A..SH,2021-07-29T08:00:00.000,1256854,2021-07-29T14:58:57.080,0.347,S,2021-07-29T08-00-00.mseed,1.115046188715496e-06,1.115046188715496e-06
AV.PV6A..SH,2021-07-29T08:00:00.000,1294692,2021-07-29T15:11:33.840,0.46,S,2021-07-29T08-00-00.mseed,3.60584863301483e-07,3.60584863301483e-07
AV.PV6A..SH,2021-07-29T08:00:00.000,1325358,2021-07-29T15:21:47.160,0.382,S,2021-07-29T08-00-00.mseed,3.0338554779518745e-07,3.0338554779518745e-07
AV.PV6A..SH,2021-07-29T08:00:00.000,1353087,2021-07-29T15:31:01.740,0.715,S,2021-07-29T08-00-00.mseed,4.760176125273574e-06,4.760176125273574e-06
AV.PV6A..SH,2021-07-29T08:00:00.000,1412426,2021-07-29T15:50:48.520,0.331,S,2021-07-29T08-00-00.mseed,7.954910756780009e-07,7.954910756780009e-07
AV.PVV..SH,2021-07-29T08:00:00.000,1,2021-07-29T08:00:00.020,0.815,P,2021-07-29T08-00-00.mseed,2.5146891857730225e-06,2.5146891857730225e-06
AV.PVV..SH,2021-07-29T08:00:00.000,32,2021-07-29T08:00:00.640,0.371,P,2021-07-29T08-00-00.mseed,1.0027549251390155e-05,1.0027549251390155e-05
AV.PVV..SH,2021-07-29T08:00:00.000,10646,2021-07-29T08:03:32.920,0.389,P,2021-07-29T08-00-00.mseed,5.1387173698458355e-06,5.1387173698458355e-06
AV.PVV..SH,2021-07-29T08:00:00.000,18260,2021-07-29T08:06:05.200,0.508,P,2021-07-29T08-00-00.mseed,7.328790729843604e-07,7.328790729843604e-07
AV.PVV..SH,2021-07-29T08:00:00.000,19298,2021-07-29T08:06:25.960,0.313,P,2021-07-29T08-00-00.mseed,1.0826522611750988e-06,1.0826522611750988e-06
AV.PVV..SH,2021-07-29T08:00:00.000,40774,2021-07-29T08:13:35.480,0.816,P,2021-07-29T08-00-00.mseed,1.3960141131974524e-06,1.3960141131974524e-06
AV.PVV..SH,2021-07-29T08:00:00.000,43375,2021-07-29T08:14:27.500,0.426,P,2021-07-29T08-00-00.mseed,1.7425171563445474e-06,1.7425171563445474e-06
AV.PVV..SH,2021-07-29T08:00:00.000,49538,2021-07-29T08:16:30.760,0.915,P,2021-07-29T08-00-00.mseed,9.40615154831903e-06,9.40615154831903e-06
AV.PVV..SH,2021-07-29T08:00:00.000,53732,2021-07-29T08:17:54.640,0.35,P,2021-07-29T08-00-00.mseed,2.9006585009483388e-06,2.9006585009483388e-06
AV.PVV..SH,2021-07-29T08:00:00.000,67584,2021-07-29T08:22:31.680,0.441,P,2021-07-29T08-00-00.mseed,7.258864229697792e-07,7.258864229697792e-07
AV.PVV..SH,2021-07-29T08:00:00.000,92292,2021-07-29T08:30:45.840,0.459,P,2021-07-29T08-00-00.mseed,9.067416044672427e-07,9.067416044672427e-07
AV.PVV..SH,2021-07-29T08:00:00.000,100910,2021-07-29T08:33:38.200,0.363,P,2021-07-29T08-00-00.mseed,1.214496933243936e-06,1.214496933243936e-06
AV.PVV..SH,2021-07-29T08:00:00.000,105238,2021-07-29T08:35:04.760,0.324,P,2021-07-29T08-00-00.mseed,1.192744434774795e-06,1.192744434774795e-06
AV.PVV..SH,2021-07-29T08:00:00.000,122867,2021-07-29T08:40:57.340,0.859,P,2021-07-29T08-00-00.mseed,4.095879830856575e-06,4.095879830856575e-06
AV.PVV..SH,2021-07-29T08:00:00.000,124444,2021-07-29T08:41:28.880,0.751,P,2021-07-29T08-00-00.mseed,7.751730663585477e-06,7.751730663585477e-06
AV.PVV..SH,2021-07-29T08:00:00.000,135816,2021-07-29T08:45:16.320,0.437,P,2021-07-29T08-00-00.mseed,3.9957996023076703e-07,3.9957996023076703e-07
AV.PVV..SH,2021-07-29T08:00:00.000,168111,2021-07-29T08:56:02.220,0.822,P,2021-07-29T08-00-00.mseed,4.414353043102892e-06,4.414353043102892e-06
AV.PVV..SH,2021-07-29T08:00:00.000,172415,2021-07-29T08:57:28.300,0.409,P,2021-07-29T08-00-00.mseed,2.065379931082134e-06,2.065379931082134e-06
AV.PVV..SH,2021-07-29T08:00:00.000,205533,2021-07-29T09:08:30.660,0.956,P,2021-07-29T08-00-00.mseed,2.6058778530568816e-06,2.6058778530568816e-06
AV.PVV..SH,2021-07-29T08:00:00.000,233426,2021-07-29T09:17:48.520,0.53,P,2021-07-29T08-00-00.mseed,2.876813368857256e-06,2.876813368857256e-06
AV.PVV..SH,2021-07-29T08:00:00.000,250706,2021-07-29T09:23:34.120,0.971,P,2021-07-29T08-00-00.mseed,1.2488366110119387e-06,1.2488366110119387e-06
AV.PVV..SH,2021-07-29T08:00:00.000,260915,2021-07-29T09:26:58.300,0.808,P,2021-07-29T08-00-00.mseed,4.226778571592149e-07,4.226778571592149e-07
AV.PVV..SH,2021-07-29T08:00:00.000,267054,2021-07-29T09:29:01.080,0.905,P,2021-07-29T08-00-00.mseed,1.6351184967788868e-05,1.6351184967788868e-05
AV.PVV..SH,2021-07-29T08:00:00.000,294688,2021-07-29T09:38:13.760,0.609,P,2021-07-29T08-00-00.mseed,1.5996815818652976e-06,1.5996815818652976e-06
AV.PVV..SH,2021-07-29T08:00:00.000,311924,2021-07-29T09:43:58.480,0.302,P,2021-07-29T08-00-00.mseed,7.851191412555636e-07,7.851191412555636e-07
AV.PVV..SH,2021-07-29T08:00:00.000,313471,2021-07-29T09:44:29.420,0.34,P,2021-07-29T08-00-00.mseed,1.1925485523534007e-06,1.1925485523534007e-06
AV.PVV..SH,2021-07-29T08:00:00.000,316230,2021-07-29T09:45:24.600,0.809,P,2021-07-29T08-00-00.mseed,1.0245978501188802e-06,1.0245978501188802e-06
AV.PVV..SH,2021-07-29T08:00:00.000,339074,2021-07-29T09:53:01.480,0.94,P,2021-07-29T08-00-00.mseed,3.505878794385353e-06,3.505878794385353e-06
AV.PVV..SH,2021-07-29T08:00:00.000,343197,2021-07-29T09:54:23.940,0.943,P,2021-07-29T08-00-00.mseed,7.794113116688095e-06,7.794113116688095e-06
AV.PVV..SH,2021-07-29T08:00:00.000,357959,2021-07-29T09:59:19.180,0.501,P,2021-07-29T08-00-00.mseed,1.440816959075164e-06,1.440816959075164e-06
AV.PVV..SH,2021-07-29T08:00:00.000,366932,2021-07-29T10:02:18.640,0.431,P,2021-07-29T08-00-00.mseed,3.070402954108431e-06,3.070402954108431e-06
AV.PVV..SH,2021-07-29T08:00:00.000,377532,2021-07-29T10:05:50.640,0.508,P,2021-07-29T08-00-00.mseed,4.1064328115680837e-07,4.1064328115680837e-07
AV.PVV..SH,2021-07-29T08:00:00.000,379652,2021-07-29T10:06:33.040,0.353,P,2021-07-29T08-00-00.mseed,6.633554221480154e-07,6.633554221480154e-07
AV.PVV..SH,2021-07-29T08:00:00.000,385684,2021-07-29T10:08:33.680,0.436,P,2021-07-29T08-00-00.mseed,8.078390578702965e-07,8.078390578702965e-07
AV.PVV..SH,2021-07-29T08:00:00.000,402198,2021-07-29T10:14:03.960,0.443,P,2021-07-29T08-00-00.mseed,5.945244083704893e-07,5.945244083704893e-07
AV.PVV..SH,2021-07-29T08:00:00.000,407699,2021-07-29T10:15:53.980,0.454,P,2021-07-29T08-00-00.mseed,2.628038089369511e-07,2.628038089369511e-07
AV.PVV..SH,2021-07-29T08:00:00.000,409698,2021-07-29T10:16:33.960,0.885,P,2021-07-29T08-00-00.mseed,2.517594566597836e-06,2.517594566597836e-06
AV.PVV..SH,2021-07-29T08:00:00.000,413999,2021-07-29T10:17:59.980,0.932,P,2021-07-29T08-00-00.mseed,1.8840686379917315e-06,1.8840686379917315e-06
AV.PVV..SH,2021-07-29T08:00:00.000,422323,2021-07-29T10:20:46.460,0.6,P,2021-07-29T08-00-00.mseed,3.6117813806413324e-07,3.6117813806413324e-07
AV.PVV..SH,2021-07-29T08:00:00.000,428958,2021-07-29T10:22:59.160,0.858,P,2021-07-29T08-00-00.mseed,1.0299647783540422e-06,1.0299647783540422e-06
AV.PVV..SH,2021-07-29T08:00:00.000,434739,2021-07-29T10:24:54.780,0.51,P,2021-07-29T08-00-00.mseed,1.3151906159691862e-06,1.3151906159691862e-06
AV.PVV..SH,2021-07-29T08:00:00.000,442880,2021-07-29T10:27:37.600,0.94,P,2021-07-29T08-00-00.mseed,1.130311943597917e-06,1.130311943597917e-06
AV.PVV..SH,2021-07-29T08:00:00.000,476022,2021-07-29T10:38:40.440,0.965,P,2021-07-29T08-00-00.mseed,7.43516750389972e-07,7.43516750389972e-07
AV.PVV..SH,2021-07-29T08:00:00.000,476762,2021-07-29T10:38:55.240,0.336,P,2021-07-29T08-00-00.mseed,8.922027632252139e-07,8.922027632252139e-07
AV.PVV..SH,2021-07-29T08:00:00.000,488820,2021-07-29T10:42:56.400,0.5,P,2021-07-29T08-00-00.mseed,2.9849272209503397e-07,2.9849272209503397e-07
AV.PVV..SH,2021-07-29T08:00:00.000,512832,2021-07-29T10:50:56.640,0.963,P,2021-07-29T08-00-00.mseed,1.2178402357676532e-06,1.2178402357676532e-06
AV.PVV..SH,2021-07-29T08:00:00.000,537538,2021-07-29T10:59:10.760,0.849,P,2021-07-29T08-00-00.mseed,1.3206034736867878e-06,1.3206034736867878e-06
AV.PVV..SH,2021-07-29T08:00:00.000,556814,2021-07-29T11:05:36.280,0.837,P,2021-07-29T08-00-00.mseed,2.002742121476331e-06,2.002742121476331e-06
AV.PVV..SH,2021-07-29T08:00:00.000,568301,2021-07-29T11:09:26.020,0.971,P,2021-07-29T08-00-00.mseed,6.030995336914202e-06,6.030995336914202e-06
AV.PVV..SH,2021-07-29T08:00:00.000,602254,2021-07-29T11:20:45.080,0.396,P,2021-07-29T08-00-00.mseed,3.5607357062872325e-07,3.5607357062872325e-07
AV.PVV..SH,2021-07-29T08:00:00.000,612834,2021-07-29T11:24:16.680,0.865,P,2021-07-29T08-00-00.mseed,3.7013205655966885e-07,3.7013205655966885e-07
AV.PVV..SH,2021-07-29T08:00:00.000,629989,2021-07-29T11:29:59.780,0.974,P,2021-07-29T08-00-00.mseed,3.3294415970885893e-06,3.3294415970885893e-06
AV.PVV..SH,2021-07-29T08:00:00.000,666543,2021-07-29T11:42:10.860,0.743,P,2021-07-29T08-00-00.mseed,1.266574145120103e-06,1.266574145120103e-06
AV.PVV..SH,2021-07-29T08:00:00.000,668124,2021-07-29T11:42:42.480,0.508,P,2021-07-29T08-00-00.mseed,2.1005425878684036e-06,2.1005425878684036e-06
AV.PVV..SH,2021-07-29T08:00:00.000,685662,2021-07-29T11:48:33.240,0.904,P,2021-07-29T08-00-00.mseed,1.8329587874177378e-06,1.8329587874177378e-06
AV.PVV..SH,2021-07-29T08:00:00.000,710378,2021-07-29T11:56:47.560,0.385,P,2021-07-29T08-00-00.mseed,1.3038865063208505e-06,1.3038865063208505e-06
AV.PVV..SH,2021-07-29T08:00:00.000,772436,2021-07-29T12:17:28.720,0.66,P,2021-07-29T08-00-00.mseed,4.730846683287382e-07,4.730846683287382e-07
AV.PVV..SH,2021-07-29T08:00:00.000,775832,2021-07-29T12:18:36.640,0.636,P,2021-07-29T08-00-00.mseed,2.7792614218924427e-06,2.7792614218924427e-06
AV.PVV..SH,2021-07-29T08:00:00.000,807039,2021-07-29T12:29:00.780,0.908,P,2021-07-29T08-00-00.mseed,2.8828469567088177e-06,2.8828469567088177e-06
AV.PVV..SH,2021-07-29T08:00:00.000,818566,2021-07-29T12:32:51.320,0.925,P,2021-07-29T08-00-00.mseed,1.4803132444285438e-06,1.4803132444285438e-06
AV.PVV..SH,2021-07-29T08:00:00.000,850219,2021-07-29T12:43:24.380,0.959,P,2021-07-29T08-00-00.mseed,1.357996734441258e-05,1.357996734441258e-05
AV.PVV..SH,2021-07-29T08:00:00.000,877290,2021-07-29T12:52:25.800,0.938,P,2021-07-29T08-00-00.mseed,3.543280854501063e-06,3.543280854501063e-06
AV.PVV..SH,2021-07-29T08:00:00.000,901339,2021-07-29T13:00:26.780,0.686,P,2021-07-29T08-00-00.mseed,2.539527201861347e-07,2.539527201861347e-07
AV.PVV..SH,2021-07-29T08:00:00.000,946376,2021-07-29T13:15:27.520,0.963,P,2021-07-29T08-00-00.mseed,2.961359768960392e-06,2.961359768960392e-06
AV.PVV..SH,2021-07-29T08:00:00.000,955951,2021-07-29T13:18:39.020,0.968,P,2021-07-29T08-00-00.mseed,5.255405085335951e-06,5.255405085335951e-06
AV.PVV..SH,2021-07-29T08:00:00.000,993284,2021-07-29T13:31:05.680,0.976,P,2021-07-29T08-00-00.mseed,7.553661589554395e-07,7.553661589554395e-07
AV.PVV..SH,2021-07-29T08:00:00.000,1002134,2021-07-29T13:34:02.680,0.361,P,2021-07-29T08-00-00.mseed,3.724378814240481e-07,3.724378814240481e-07
AV.PVV..SH,2021-07-29T08:00:00.000,1014546,2021-07-29T13:38:10.920,0.503,P,2021-07-29T08-00-00.mseed,4.316407284932211e-07,4.316407284932211e-07
AV.PVV..SH,2021-07-29T08:00:00.000,1042038,2021-07-29T13:47:20.760,0.632,P,2021-07-29T08-00-00.mseed,2.8214910230417445e-07,2.8214910230417445e-07
AV.PVV..SH,2021-07-29T08:00:00.000,1046639,2021-07-29T13:48:52.780,0.852,P,2021-07-29T08-00-00.mseed,1.3429790897134808e-06,1.3429790897134808e-06
AV.PVV..SH,2021-07-29T08:00:00.000,1088518,2021-07-29T14:02:50.360,0.492,P,2021-07-29T08-00-00.mseed,3.9362902271022904e-07,3.9362902271022904e-07
AV.PVV..SH,2021-07-29T08:00:00.000,1090420,2021-07-29T14:03:28.400,0.472,P,2021-07-29T08-00-00.mseed,4.580362258366222e-07,4.580362258366222e-07
AV.PVV..SH,2021-07-29T08:00:00.000,1105357,2021-07-29T14:08:27.140,0.564,P,2021-07-29T08-00-00.mseed,4.089179697075451e-07,4.089179697075451e-07
AV.PVV..SH,2021-07-29T08:00:00.000,1132032,2021-07-29T14:17:20.640,0.49,P,2021-07-29T08-00-00.mseed,5.824756499350769e-07,5.824756499350769e-07
AV.PVV..SH,2021-07-29T08:00:00.000,1142920,2021-07-29T14:20:58.400,0.53,P,2021-07-29T08-00-00.mseed,2.9826892955497897e-07,2.9826892955497897e-07
AV.PVV..SH,2021-07-29T08:00:00.000,1144831,2021-07-29T14:21:36.620,0.414,P,2021-07-29T08-00-00.mseed,3.812861280039215e-07,3.812861280039215e-07
AV.PVV..SH,2021-07-29T08:00:00.000,1179536,2021-07-29T14:33:10.720,0.431,P,2021-07-29T08-00-00.mseed,3.985059322531015e-07,3.985059322531015e-07
AV.PVV..SH,2021-07-29T08:00:00.000,1211179,2021-07-29T14:43:43.580,0.872,P,2021-07-29T08-00-00.mseed,6.289635052780795e-07,6.289635052780795e-07
AV.PVV..SH,2021-07-29T08:00:00.000,1219688,2021-07-29T14:46:33.760,0.617,P,2021-07-29T08-00-00.mseed,3.387573599411553e-07,3.387573599411553e-07
AV.PVV..SH,2021-07-29T08:00:00.000,1224544,2021-07-29T14:48:10.880,0.518,P,2021-07-29T08-00-00.mseed,3.583976422305568e-07,3.583976422305568e-07
AV.PVV..SH,2021-07-29T08:00:00.000,1225839,2021-07-29T14:48:36.780,0.432,P,2021-07-29T08-00-00.mseed,6.861635029054014e-07,6.861635029054014e-07
AV.PVV..SH,2021-07-29T08:00:00.000,1230226,2021-07-29T14:50:04.520,0.947,P,2021-07-29T08-00-00.mseed,9.327744692200213e-07,9.327744692200213e-07
AV.PVV..SH,2021-07-29T08:00:00.000,1239648,2021-07-29T14:53:12.960,0.831,P,2021-07-29T08-00-00.mseed,1.3617775493912632e-06,1.3617775493912632e-06
AV.PVV..SH,2021-07-29T08:00:00.000,1256119,2021-07-29T14:58:42.380,0.714,P,2021-07-29T08-00-00.mseed,9.319354035142169e-07,9.319354035142169e-07
AV.PVV..SH,2021-07-29T08:00:00.000,1293849,2021-07-29T15:11:16.980,0.958,P,2021-07-29T08-00-00.mseed,5.428174745247816e-07,5.428174745247816e-07
AV.PVV..SH,2021-07-29T08:00:00.000,1301956,2021-07-29T15:13:59.120,0.515,P,2021-07-29T08-00-00.mseed,1.2154542901043897e-06,1.2154542901043897e-06
AV.PVV..SH,2021-07-29T08:00:00.000,1346031,2021-07-29T15:28:40.620,0.408,P,2021-07-29T08-00-00.mseed,3.173867924033402e-07,3.173867924033402e-07
AV.PVV..SH,2021-07-29T08:00:00.000,1351403,2021-07-29T15:30:28.060,0.767,P,2021-07-29T08-00-00.mseed,2.7477058210934047e-06,2.7477058210934047e-06
AV.PVV..SH,2021-07-29T08:00:00.000,1373928,2021-07-29T15:37:58.560,0.409,P,2021-07-29T08-00-00.mseed,2.013464950323396e-07,2.013464950323396e-07
AV.PVV..SH,2021-07-29T08:00:00.000,1373960,2021-07-29T15:37:59.200,0.34,P,2021-07-29T08-00-00.mseed,3.0916018545212864e-07,3.0916018545212864e-07
AV.PVV..SH,2021-07-29T08:00:00.000,1412178,2021-07-29T15:50:43.560,0.72,P,2021-07-29T08-00-00.mseed,5.488325314217946e-07,5.488325314217946e-07
AV.PVV..SH,2021-07-29T08:00:00.000,10870,2021-07-29T08:03:37.400,0.335,S,2021-07-29T08-00-00.mseed,5.455637165141525e-06,5.455637165141525e-06
AV.PVV..SH,2021-07-29T08:00:00.000,12460,2021-07-29T08:04:09.200,0.737,S,2021-07-29T08-00-00.mseed,8.715922376723029e-06,8.715922376723029e-06
AV.PVV..SH,2021-07-29T08:00:00.000,19526,2021-07-29T08:06:30.520,0.56,S,2021-07-29T08-00-00.mseed,1.0826522611750988e-06,1.0826522611750988e-06
AV.PVV..SH,2021-07-29T08:00:00.000,31588,2021-07-29T08:10:31.760,0.385,S,2021-07-29T08-00-00.mseed,1.1201569577679038e-05,1.1201569577679038e-05
AV.PVV..SH,2021-07-29T08:00:00.000,33384,2021-07-29T08:11:07.680,0.592,S,2021-07-29T08-00-00.mseed,2.1696218027500436e-05,2.1696218027500436e-05
AV.PVV..SH,2021-07-29T08:00:00.000,44575,2021-07-29T08:14:51.500,0.574,S,2021-07-29T08-00-00.mseed,3.1496315386903007e-06,3.1496315386903007e-06
AV.PVV..SH,2021-07-29T08:00:00.000,49958,2021-07-29T08:16:39.160,0.382,S,2021-07-29T08-00-00.mseed,9.40615154831903e-06,9.40615154831903e-06
AV.PVV..SH,2021-07-29T08:00:00.000,55564,2021-07-29T08:18:31.280,0.38,S,2021-07-29T08-00-00.mseed,4.44407442046213e-06,4.44407442046213e-06
AV.PVV..SH,2021-07-29T08:00:00.000,67808,2021-07-29T08:22:36.160,0.449,S,2021-07-29T08-00-00.mseed,7.258864229697792e-07,7.258864229697792e-07
AV.PVV..SH,2021-07-29T08:00:00.000,91628,2021-07-29T08:30:32.560,0.38,S,2021-07-29T08-00-00.mseed,5.994396019559645e-07,5.994396019559645e-07
AV.PVV..SH,2021-07-29T08:00:00.000,93736,2021-07-29T08:31:14.720,0.719,S,2021-07-29T08-00-00.mseed,1.3208738209868898e-06,1.3208738209868898e-06
AV.PVV..SH,2021-07-29T08:00:00.000,125088,2021-07-29T08:41:41.760,0.454,S,2021-07-29T08-00-00.mseed,1.2169500223535579e-05,1.2169500223535579e-05
AV.PVV..SH,2021-07-29T08:00:00.000,205829,2021-07-29T09:08:36.580,0.489,S,2021-07-29T08-00-00.mseed,2.6058778530568816e-06,2.6058778530568816e-06
AV.PVV..SH,2021-07-29T08:00:00.000,206883,2021-07-29T09:08:57.660,0.478,S,2021-07-29T08-00-00.mseed,4.095080839761067e-06,4.095080839761067e-06
AV.PVV..SH,2021-07-29T08:00:00.000,233759,2021-07-29T09:17:55.180,0.784,S,2021-07-29T08-00-00.mseed,2.876813368857256e-06,2.876813368857256e-06
AV.PVV..SH,2021-07-29T08:00:00.000,235400,2021-07-29T09:18:28.000,0.307,S,2021-07-29T08-00-00.mseed,1.5958628409862285e-06,1.5958628409862285e-06
AV.PVV..SH,2021-07-29T08:00:00.000,251108,2021-07-29T09:23:42.160,0.646,S,2021-07-29T08-00-00.mseed,1.3264907465782017e-06,1.3264907465782017e-06
AV.PVV..SH,2021-07-29T08:00:00.000,262892,2021-07-29T09:27:37.840,0.329,S,2021-07-29T08-00-00.mseed,6.815486131017678e-07,6.815486131017678e-07
AV.PVV..SH,2021-07-29T08:00:00.000,296188,2021-07-29T09:38:43.760,0.348,S,2021-07-29T08-00-00.mseed,2.143765186701785e-06,2.143765186701785e-06
AV.PVV..SH,2021-07-29T08:00:00.000,298512,2021-07-29T09:39:30.240,0.406,S,2021-07-29T08-00-00.mseed,2.339045749977231e-06,2.339045749977231e-06
AV.PVV..SH,2021-07-29T08:00:00.000,312216,2021-07-29T09:44:04.320,0.852,S,2021-07-29T08-00-00.mseed,9.26081611396512e-07,9.26081611396512e-07
AV.PVV..SH,2021-07-29T08:00:00.000,313808,2021-07-29T09:44:36.160,0.384,S,2021-07-29T08-00-00.mseed,1.1925485523534007e-06,1.1925485523534007e-06
AV.PVV..SH,2021-07-29T08:00:00.000,339320,2021-07-29T09:53:06.400,0.446,S,2021-07-29T08-00-00.mseed,3.6774433738173684e-06,3.6774433738173684e-06
AV.PVV..SH,2021-07-29T08:00:00.000,343686,2021-07-29T09:54:33.720,0.301,S,2021-07-29T08-00-00.mseed,9.960024726751726e-06,9.960024726751726e-06
AV.PVV..SH,2021-07-29T08:00:00.000,345538,2021-07-29T09:55:10.760,0.414,S,2021-07-29T08-00-00.mseed,1.5463347153854556e-05,1.5463347153854556e-05
AV.PVV..SH,2021-07-29T08:00:00.000,349366,2021-07-29T09:56:27.320,0.368,S,2021-07-29T08-00-00.mseed,2.85939427158155e-06,2.85939427158155e-06
AV.PVV..SH,2021-07-29T08:00:00.000,358339,2021-07-29T09:59:26.780,0.452,S,2021-07-29T08-00-00.mseed,1.981232571779401e-06,1.981232571779401e-06
AV.PVV..SH,2021-07-29T08:00:00.000,360035,2021-07-29T10:00:00.700,0.612,S,2021-07-29T08-00-00.mseed,3.6506939977698494e-06,3.6506939977698494e-06
AV.PVV..SH,2021-07-29T08:00:00.000,385890,2021-07-29T10:08:37.800,0.429,S,2021-07-29T08-00-00.mseed,8.078390578702965e-07,8.078390578702965e-07
AV.PVV..SH,2021-07-29T08:00:00.000,411068,2021-07-29T10:17:01.360,0.48,S,2021-07-29T08-00-00.mseed,3.16057321469998e-06,3.16057321469998e-06
AV.PVV..SH,2021-07-29T08:00:00.000,415286,2021-07-29T10:18:25.720,0.433,S,2021-07-29T08-00-00.mseed,2.8454205676098354e-06,2.8454205676098354e-06
AV.PVV..SH,2021-07-29T08:00:00.000,429148,2021-07-29T10:23:02.960,0.769,S,2021-07-29T08-00-00.mseed,1.0299647783540422e-06,1.0299647783540422e-06
AV.PVV..SH,2021-07-29T08:00:00.000,476390,2021-07-29T10:38:47.800,0.573,S,2021-07-29T08-00-00.mseed,8.93594858553115e-07,8.93594858553115e-07
AV.PVV..SH,2021-07-29T08:00:00.000,489256,2021-07-29T10:43:05.120,0.44,S,2021-07-29T08-00-00.mseed,2.8440393862183555e-07,2.8440393862183555e-07
AV.PVV..SH,2021-07-29T08:00:00.000,503664,2021-07-29T10:47:53.280,0.352,S,2021-07-29T08-00-00.mseed,3.1546727541353903e-07,3.1546727541353903e-07
AV.PVV..SH,2021-07-29T08:00:00.000,513451,2021-07-29T10:51:09.020,0.857,S,2021-07-29T08-00-00.mseed,1.1385100151528604e-06,1.1385100151528604e-06
AV.PVV..SH,2021-07-29T08:00:00.000,524286,2021-07-29T10:54:45.720,0.389,S,2021-07-29T08-00-00.mseed,7.769419880787609e-07,7.769419880787609e-07
AV.PVV..SH,2021-07-29T08:00:00.000,525996,2021-07-29T10:55:19.920,0.386,S,2021-07-29T08-00-00.mseed,6.454733920691069e-07,6.454733920691069e-07
AV.PVV..SH,2021-07-29T08:00:00.000,537807,2021-07-29T10:59:16.140,0.508,S,2021-07-29T08-00-00.mseed,1.3206034736867878e-06,1.3206034736867878e-06
AV.PVV..SH,2021-07-29T08:00:00.000,558623,2021-07-29T11:06:12.460,0.825,S,2021-07-29T08-00-00.mseed,3.396770352992462e-06,3.396770352992462e-06
AV.PVV..SH,2021-07-29T08:00:00.000,613544,2021-07-29T11:24:30.880,0.806,S,2021-07-29T08-00-00.mseed,9.19678598165774e-07,9.19678598165774e-07
AV.PVV..SH,2021-07-29T08:00:00.000,634216,2021-07-29T11:31:24.320,0.502,S,2021-07-29T08-00-00.mseed,1.6053650142566767e-06,1.6053650142566767e-06
AV.PVV..SH,2021-07-29T08:00:00.000,685808,2021-07-29T11:48:36.160,0.455,S,2021-07-29T08-00-00.mseed,1.8329587874177378e-06,1.8329587874177378e-06
AV.PVV..SH,2021-07-29T08:00:00.000,687376,2021-07-29T11:49:07.520,0.582,S,2021-07-29T08-00-00.mseed,3.9469459807151e-06,3.9469459807151e-06
AV.PVV..SH,2021-07-29T08:00:00.000,708460,2021-07-29T11:56:09.200,0.319,S,2021-07-29T08-00-00.mseed,4.161146023307083e-07,4.161146023307083e-07
AV.PVV..SH,2021-07-29T08:00:00.000,710879,2021-07-29T11:56:57.580,0.487,S,2021-07-29T08-00-00.mseed,1.3038865063208505e-06,1.3038865063208505e-06
AV.PVV..SH,2021-07-29T08:00:00.000,819008,2021-07-29T12:33:00.160,0.43,S,2021-07-29T08-00-00.mseed,1.4803132444285438e-06,1.4803132444285438e-06
AV.PVV..SH,2021-07-29T08:00:00.000,850445,2021-07-29T12:43:28.900,0.696,S,2021-07-29T08-00-00.mseed,1.357996734441258e-05,1.357996734441258e-05
AV.PVV..SH,2021-07-29T08:00:00.000,852640,2021-07-29T12:44:12.800,0.634,S,2021-07-29T08-00-00.mseed,1.7774922525859438e-05,1.7774922525859438e-05
AV.PVV..SH,2021-07-29T08:00:00.000,878668,2021-07-29T12:52:53.360,0.646,S,2021-07-29T08-00-00.mseed,5.458196937979665e-06,5.458196937979665e-06
AV.PVV..SH,2021-07-29T08:00:00.000,901474,2021-07-29T13:00:29.480,0.505,S,2021-07-29T08-00-00.mseed,2.539527201861347e-07,2.539527201861347e-07
AV.PVV..SH,2021-07-29T08:00:00.000,903008,2021-07-29T13:01:00.160,0.518,S,2021-07-29T08-00-00.mseed,2.3989139208424604e-07,2.3989139208424604e-07
AV.PVV..SH,2021-07-29T08:00:00.000,913030,2021-07-29T13:04:20.600,0.384,S,2021-07-29T08-00-00.mseed,5.840007020196936e-07,5.840007020196936e-07
AV.PVV..SH,2021-07-29T08:00:00.000,946570,2021-07-29T13:15:31.400,0.331,S,2021-07-29T08-00-00.mseed,2.961359768960392e-06,2.961359768960392e-06
AV.PVV..SH,2021-07-29T08:00:00.000,956308,2021-07-29T13:18:46.160,0.649,S,2021-07-29T08-00-00.mseed,5.255405085335951e-06,5.255405085335951e-06
AV.PVV..SH,2021-07-29T08:00:00.000,993602,2021-07-29T13:31:12.040,0.384,S,2021-07-29T08-00-00.mseed,7.322398118958517e-07,7.322398118958517e-07
AV.PVV..SH,2021-07-29T08:00:00.000,1002406,2021-07-29T13:34:08.120,0.414,S,2021-07-29T08-00-00.mseed,3.724378814240481e-07,3.724378814240481e-07
AV.PVV..SH,2021-07-29T08:00:00.000,1014828,2021-07-29T13:38:16.560,0.376,S,2021-07-29T08-00-00.mseed,4.316407284932211e-07,4.316407284932211e-07
AV.PVV..SH,2021-07-29T08:00:00.000,1043456,2021-07-29T13:47:49.120,0.33,S,2021-07-29T08-00-00.mseed,3.8747319308640726e-07,3.8747319308640726e-07
AV.PVV..SH,2021-07-29T08:00:00.000,1046936,2021-07-29T13:48:58.720,0.356,S,2021-07-29T08-00-00.mseed,1.3429790897134808e-06,1.3429790897134808e-06
AV.PVV..SH,2021-07-29T08:00:00.000,1048832,2021-07-29T13:49:36.640,0.356,S,2021-07-29T08-00-00.mseed,2.1359671791287838e-06,2.1359671791287838e-06
AV.PVV..SH,2021-07-29T08:00:00.000,1089128,2021-07-29T14:03:02.560,0.403,S,2021-07-29T08-00-00.mseed,4.0815817214934214e-07,4.0815817214934214e-07
AV.PVV..SH,2021-07-29T08:00:00.000,1091110,2021-07-29T14:03:42.200,0.427,S,2021-07-29T08-00-00.mseed,8.808588631836756e-07,8.808588631836756e-07
AV.PVV..SH,2021-07-29T08:00:00.000,1106984,2021-07-29T14:08:59.680,0.693,S,2021-07-29T08-00-00.mseed,1.516706902293663e-06,1.516706902293663e-06
AV.PVV..SH,2021-07-29T08:00:00.000,1130102,2021-07-29T14:16:42.040,0.369,S,2021-07-29T08-00-00.mseed,5.48192019778071e-07,5.48192019778071e-07
AV.PVV..SH,2021-07-29T08:00:00.000,1132326,2021-07-29T14:17:26.520,0.463,S,2021-07-29T08-00-00.mseed,5.824756499350769e-07,5.824756499350769e-07
AV.PVV..SH,2021-07-29T08:00:00.000,1143530,2021-07-29T14:21:10.600,0.353,S,2021-07-29T08-00-00.mseed,3.503119501147012e-07,3.503119501147012e-07
AV.PVV..SH,2021-07-29T08:00:00.000,1181276,2021-07-29T14:33:45.520,0.317,S,2021-07-29T08-00-00.mseed,5.434727086139901e-07,5.434727086139901e-07
AV.PVV..SH,2021-07-29T08:00:00.000,1231385,2021-07-29T14:50:27.700,0.458,S,2021-07-29T08-00-00.mseed,1.2341420188022312e-06,1.2341420188022312e-06
AV.PVV..SH,2021-07-29T08:00:00.000,1239994,2021-07-29T14:53:19.880,0.493,S,2021-07-29T08-00-00.mseed,1.3617775493912632e-06,1.3617775493912632e-06
AV.PVV..SH,2021-07-29T08:00:00.000,1256858,2021-07-29T14:58:57.160,0.386,S,2021-07-29T08-00-00.mseed,1.0170398354603094e-06,1.0170398354603094e-06
AV.PVV..SH,2021-07-29T08:00:00.000,1259472,2021-07-29T14:59:49.440,0.545,S,2021-07-29T08-00-00.mseed,1.9835213151964126e-06,1.9835213151964126e-06
AV.PVV..SH,2021-07-29T08:00:00.000,1294433,2021-07-29T15:11:28.660,0.741,S,2021-07-29T08-00-00.mseed,5.428174745247816e-07,5.428174745247816e-07
AV.PVV..SH,2021-07-29T08:00:00.000,1352771,2021-07-29T15:30:55.420,0.56,S,2021-07-29T08-00-00.mseed,4.023116616735933e-06,4.023116616735933e-06
AV.S12K..BH,2021-07-29T08:00:00.000,1,2021-07-29T08:00:00.020,0.528,P,2021-07-29T08-00-00.mseed,2.746581594692543e-05,2.746581594692543e-05
AV.S12K..BH,2021-07-29T08:00:00.000,10829,2021-07-29T08:03:36.580,0.913,P,2021-07-29T08-00-00.mseed,1.9836674255202524e-05,1.9836674255202524e-05
AV.S12K..BH,2021-07-29T08:00:00.000,31663,2021-07-29T08:10:33.260,0.693,P,2021-07-29T08-00-00.mseed,3.062509131268598e-05,3.062509131268598e-05
AV.S12K..BH,2021-07-29T08:00:00.000,49694,2021-07-29T08:16:33.880,0.859,P,2021-07-29T08-00-00.mseed,2.5536475732224062e-05,2.5536475732224062e-05
AV.S12K..BH,2021-07-29T08:00:00.000,53874,2021-07-29T08:17:57.480,0.608,P,2021-07-29T08-00-00.mseed,1.725734182400629e-05,1.725734182400629e-05
AV.S12K..BH,2021-07-29T08:00:00.000,78651,2021-07-29T08:26:13.020,0.646,P,2021-07-29T08-00-00.mseed,8.029596756387036e-06,8.029596756387036e-06
AV.S12K..BH,2021-07-29T08:00:00.000,92430,2021-07-29T08:30:48.600,0.471,P,2021-07-29T08-00-00.mseed,1.5064867511682678e-05,1.5064867511682678e-05
AV.S12K..BH,2021-07-29T08:00:00.000,100990,2021-07-29T08:33:39.800,0.459,P,2021-07-29T08-00-00.mseed,2.233838677057065e-05,2.233838677057065e-05
AV.S12K..BH,2021-07-29T08:00:00.000,123031,2021-07-29T08:41:00.620,0.856,P,2021-07-29T08-00-00.mseed,1.6630241589155048e-05,1.6630241589155048e-05
AV.S12K..BH,2021-07-29T08:00:00.000,168270,2021-07-29T08:56:05.400,0.806,P,2021-07-29T08-00-00.mseed,1.0193696653004736e-05,1.0193696653004736e-05
AV.S12K..BH,2021-07-29T08:00:00.000,176032,2021-07-29T08:58:40.640,0.492,P,2021-07-29T08-00-00.mseed,7.853544047975447e-06,7.853544047975447e-06
AV.S12K..BH,2021-07-29T08:00:00.000,191118,2021-07-29T09:03:42.360,0.412,P,2021-07-29T08-00-00.mseed,4.266241830919171e-06,4.266241830919171e-06
AV.S12K..BH,2021-07-29T08:00:00.000,205701,2021-07-29T09:08:34.020,0.95,P,2021-07-29T08-00-00.mseed,9.839284757617861e-06,9.839284757617861e-06
AV.S12K..BH,2021-07-29T08:00:00.000,233587,2021-07-29T09:17:51.740,0.949,P,2021-07-29T08-00-00.mseed,5.57114981347695e-06,5.57114981347695e-06
AV.S12K..BH,2021-07-29T08:00:00.000,250872,2021-07-29T09:23:37.440,0.915,P,2021-07-29T08-00-00.mseed,6.737115199939581e-06,6.737115199939581e-06
AV.S12K..BH,2021-07-29T08:00:00.000,261056,2021-07-29T09:27:01.120,0.499,P,2021-07-29T08-00-00.mseed,3.8017039969417965e-06,3.8017039969417965e-06
AV.S12K..BH,2021-07-29T08:00:00.000,267198,2021-07-29T09:29:03.960,0.906,P,2021-07-29T08-00-00.mseed,4.9825102905742824e-05,4.9825102905742824e-05
AV.S12K..BH,2021-07-29T08:00:00.000,294851,2021-07-29T09:38:17.020,0.738,P,2021-07-29T08-00-00.mseed,5.561751549976179e-06,5.561751549976179e-06
AV.S12K..BH,2021-07-29T08:00:00.000,312027,2021-07-29T09:44:00.540,0.734,P,2021-07-29T08-00-00.mseed,3.459986601228593e-06,3.459986601228593e-06
AV.S12K..BH,2021-07-29T08:00:00.000,339214,2021-07-29T09:53:04.280,0.862,P,2021-07-29T08-00-00.mseed,1.184630673378706e-05,1.184630673378706e-05
AV.S12K..BH,2021-07-29T08:00:00.000,343358,2021-07-29T09:54:27.160,0.81,P,2021-07-29T08-00-00.mseed,2.0979954570066184e-05,2.0979954570066184e-05
AV.S12K..BH,2021-07-29T08:00:00.000,358148,2021-07-29T09:59:22.960,0.73,P,2021-07-29T08-00-00.mseed,5.83624796490767e-06,5.83624796490767e-06
AV.S12K..BH,2021-07-29T08:00:00.000,360132,2021-07-29T10:00:02.640,0.755,P,2021-07-29T08-00-00.mseed,1.326852088823216e-05,1.326852088823216e-05
AV.S12K..BH,2021-07-29T08:00:00.000,367079,2021-07-29T10:02:21.580,0.641,P,2021-07-29T08-00-00.mseed,7.2004063440545e-06,7.2004063440545e-06
AV.S12K..BH,2021-07-29T08:00:00.000,377686,2021-07-29T10:05:53.720,0.59,P,2021-07-29T08-00-00.mseed,2.682633748918306e-06,2.682633748918306e-06
AV.S12K..BH,2021-07-29T08:00:00.000,402294,2021-07-29T10:14:05.880,0.801,P,2021-07-29T08-00-00.mseed,3.453301815170562e-06,3.453301815170562e-06
AV.S12K..BH,2021-07-29T08:00:00.000,409907,2021-07-29T10:16:38.140,0.902,P,2021-07-29T08-00-00.mseed,5.013409008824965e-06,5.013409008824965e-06
AV.S12K..BH,2021-07-29T08:00:00.000,414166,2021-07-29T10:18:03.320,0.835,P,2021-07-29T08-00-00.mseed,3.5833513720717747e-06,3.5833513720717747e-06
AV.S12K..BH,2021-07-29T08:00:00.000,422472,2021-07-29T10:20:49.440,0.542,P,2021-07-29T08-00-00.mseed,2.0527211290755076e-06,2.0527211290755076e-06
AV.S12K..BH,2021-07-29T08:00:00.000,429123,2021-07-29T10:23:02.460,0.492,P,2021-07-29T08-00-00.mseed,2.719180201893323e-06,2.719180201893323e-06
AV.S12K..BH,2021-07-29T08:00:00.000,434826,2021-07-29T10:24:56.520,0.775,P,2021-07-29T08-00-00.mseed,4.706609161075903e-06,4.706609161075903e-06
AV.S12K..BH,2021-07-29T08:00:00.000,443051,2021-07-29T10:27:41.020,0.689,P,2021-07-29T08-00-00.mseed,4.236812856106553e-06,4.236812856106553e-06
AV.S12K..BH,2021-07-29T08:00:00.000,476179,2021-07-29T10:38:43.580,0.905,P,2021-07-29T08-00-00.mseed,2.9060884116915986e-06,2.9060884116915986e-06
AV.S12K..BH,2021-07-29T08:00:00.000,512906,2021-07-29T10:50:58.120,0.933,P,2021-07-29T08-00-00.mseed,1.6318290363415144e-06,1.6318290363415144e-06
AV.S12K..BH,2021-07-29T08:00:00.000,537643,2021-07-29T10:59:12.860,0.679,P,2021-07-29T08-00-00.mseed,2.554694901846233e-06,2.554694901846233e-06
AV.S12K..BH,2021-07-29T08:00:00.000,556978,2021-07-29T11:05:39.560,0.781,P,2021-07-29T08-00-00.mseed,4.355954843049403e-06,4.355954843049403e-06
AV.S12K..BH,2021-07-29T08:00:00.000,568450,2021-07-29T11:09:29.000,0.774,P,2021-07-29T08-00-00.mseed,2.4936975023592822e-05,2.4936975023592822e-05
AV.S12K..BH,2021-07-29T08:00:00.000,591619,2021-07-29T11:17:12.380,0.332,P,2021-07-29T08-00-00.mseed,2.3121451704355422e-06,2.3121451704355422e-06
AV.S12K..BH,2021-07-29T08:00:00.000,630149,2021-07-29T11:30:02.980,0.901,P,2021-07-29T08-00-00.mseed,7.605814971611835e-06,7.605814971611835e-06
AV.S12K..BH,2021-07-29T08:00:00.000,666706,2021-07-29T11:42:14.120,0.845,P,2021-07-29T08-00-00.mseed,3.2575137538515264e-06,3.2575137538515264e-06
AV.S12K..BH,2021-07-29T08:00:00.000,685826,2021-07-29T11:48:36.520,0.953,P,2021-07-29T08-00-00.mseed,4.94864161737496e-06,4.94864161737496e-06
AV.S12K..BH,2021-07-29T08:00:00.000,710518,2021-07-29T11:56:50.360,0.323,P,2021-07-29T08-00-00.mseed,1.8771080476653879e-06,1.8771080476653879e-06
AV.S12K..BH,2021-07-29T08:00:00.000,775982,2021-07-29T12:18:39.640,0.906,P,2021-07-29T08-00-00.mseed,4.898935912933666e-06,4.898935912933666e-06
AV.S12K..BH,2021-07-29T08:00:00.000,792779,2021-07-29T12:24:15.580,0.314,P,2021-07-29T08-00-00.mseed,3.7469678773049964e-06,3.7469678773049964e-06
AV.S12K..BH,2021-07-29T08:00:00.000,807199,2021-07-29T12:29:03.980,0.743,P,2021-07-29T08-00-00.mseed,6.679876150883501e-06,6.679876150883501e-06
AV.S12K..BH,2021-07-29T08:00:00.000,818702,2021-07-29T12:32:54.040,0.325,P,2021-07-29T08-00-00.mseed,3.282679244875908e-06,3.282679244875908e-06
AV.S12K..BH,2021-07-29T08:00:00.000,830352,2021-07-29T12:36:47.040,0.322,P,2021-07-29T08-00-00.mseed,1.5336601109083858e-06,1.5336601109083858e-06
AV.S12K..BH,2021-07-29T08:00:00.000,850378,2021-07-29T12:43:27.560,0.896,P,2021-07-29T08-00-00.mseed,2.7921856599277817e-05,2.7921856599277817e-05
AV.S12K..BH,2021-07-29T08:00:00.000,877444,2021-07-29T12:52:28.880,0.672,P,2021-07-29T08-00-00.mseed,8.052860721363686e-06,8.052860721363686e-06
AV.S12K..BH,2021-07-29T08:00:00.000,911466,2021-07-29T13:03:49.320,0.412,P,2021-07-29T08-00-00.mseed,1.5482518165299552e-06,1.5482518165299552e-06
AV.S12K..BH,2021-07-29T08:00:00.000,946547,2021-07-29T13:15:30.940,0.953,P,2021-07-29T08-00-00.mseed,1.1171043297508731e-05,1.1171043297508731e-05
AV.S12K..BH,2021-07-29T08:00:00.000,956022,2021-07-29T13:18:40.440,0.844,P,2021-07-29T08-00-00.mseed,1.1606908628891688e-05,1.1606908628891688e-05
AV.S12K..BH,2021-07-29T08:00:00.000,993350,2021-07-29T13:31:07.000,0.417,P,2021-07-29T08-00-00.mseed,1.5783551816639374e-06,1.5783551816639374e-06
AV.S12K..BH,2021-07-29T08:00:00.000,993402,2021-07-29T13:31:08.040,0.46,P,2021-07-29T08-00-00.mseed,2.331212272110861e-06,2.331212272110861e-06
AV.S12K..BH,2021-07-29T08:00:00.000,1002223,2021-07-29T13:34:04.460,0.348,P,2021-07-29T08-00-00.mseed,1.8220232504972955e-06,1.8220232504972955e-06
AV.S12K..BH,2021-07-29T08:00:00.000,1046799,2021-07-29T13:48:55.980,0.921,P,2021-07-29T08-00-00.mseed,3.6372741760715144e-06,3.6372741760715144e-06
AV.S12K..BH,2021-07-29T08:00:00.000,1088687,2021-07-29T14:02:53.740,0.647,P,2021-07-29T08-00-00.mseed,1.7289077050008927e-06,1.7289077050008927e-06
AV.S12K..BH,2021-07-29T08:00:00.000,1105535,2021-07-29T14:08:30.700,0.731,P,2021-07-29T08-00-00.mseed,1.4722913874720689e-06,1.4722913874720689e-06
AV.S12K..BH,2021-07-29T08:00:00.000,1107120,2021-07-29T14:09:02.400,0.431,P,2021-07-29T08-00-00.mseed,3.879090854752576e-06,3.879090854752576e-06
AV.S12K..BH,2021-07-29T08:00:00.000,1143090,2021-07-29T14:21:01.800,0.406,P,2021-07-29T08-00-00.mseed,1.9436506590864155e-06,1.9436506590864155e-06
AV.S12K..BH,2021-07-29T08:00:00.000,1211266,2021-07-29T14:43:45.320,0.47,P,2021-07-29T08-00-00.mseed,1.8871604652304086e-06,1.8871604652304086e-06
AV.S12K..BH,2021-07-29T08:00:00.000,1224658,2021-07-29T14:48:13.160,0.38,P,2021-07-29T08-00-00.mseed,1.6129598634506692e-06,1.6129598634506692e-06
AV.S12K..BH,2021-07-29T08:00:00.000,1230398,2021-07-29T14:50:07.960,0.895,P,2021-07-29T08-00-00.mseed,2.42576106757042e-06,2.42576106757042e-06
AV.S12K..BH,2021-07-29T08:00:00.000,1239825,2021-07-29T14:53:16.500,0.924,P,2021-07-29T08-00-00.mseed,4.097112650924828e-06,4.097112650924828e-06
AV.S12K..BH,2021-07-29T08:00:00.000,1256271,2021-07-29T14:58:45.420,0.532,P,2021-07-29T08-00-00.mseed,2.036676505667856e-06,2.036676505667856e-06
AV.S12K..BH,2021-07-29T08:00:00.000,1302103,2021-07-29T15:14:02.060,0.861,P,2021-07-29T08-00-00.mseed,2.825074034262798e-06,2.825074034262798e-06
AV.S12K..BH,2021-07-29T08:00:00.000,1351582,2021-07-29T15:30:31.640,0.535,P,2021-07-29T08-00-00.mseed,5.856018105987459e-06,5.856018105987459e-06
AV.S12K..BH,2021-07-29T08:00:00.000,44809,2021-07-29T08:14:56.180,0.711,S,2021-07-29T08-00-00.mseed,2.1280804503476247e-05,2.1280804503476247e-05
AV.S12K..BH,2021-07-29T08:00:00.000,51446,2021-07-29T08:17:08.920,0.383,S,2021-07-29T08-00-00.mseed,2.747557664406486e-05,2.747557664406486e-05
AV.S12K..BH,2021-07-29T08:00:00.000,54265,2021-07-29T08:18:05.300,0.709,S,2021-07-29T08-00-00.mseed,1.688147494860459e-05,1.688147494860459e-05
AV.S12K..BH,2021-07-29T08:00:00.000,125164,2021-07-29T08:41:43.280,0.522,S,2021-07-29T08-00-00.mseed,3.3347023418173194e-05,3.3347023418173194e-05
AV.S12K..BH,2021-07-29T08:00:00.000,177337,2021-07-29T08:59:06.740,0.529,S,2021-07-29T08-00-00.mseed,1.4699556231789757e-05,1.4699556231789757e-05
AV.S12K..BH,2021-07-29T08:00:00.000,191376,2021-07-29T09:03:47.520,0.491,S,2021-07-29T08-00-00.mseed,4.266241830919171e-06,4.266241830919171e-06
AV.S12K..BH,2021-07-29T08:00:00.000,206991,2021-07-29T09:08:59.820,0.745,S,2021-07-29T08-00-00.mseed,1.5214804079732858e-05,1.5214804079732858e-05
AV.S12K..BH,2021-07-29T08:00:00.000,226534,2021-07-29T09:15:30.680,0.378,S,2021-07-29T08-00-00.mseed,4.372124294604873e-06,4.372124294604873e-06
AV.S12K..BH,2021-07-29T08:00:00.000,235483,2021-07-29T09:18:29.660,0.459,S,2021-07-29T08-00-00.mseed,8.495082511217333e-06,8.495082511217333e-06
AV.S12K..BH,2021-07-29T08:00:00.000,251338,2021-07-29T09:23:46.760,0.54,S,2021-07-29T08-00-00.mseed,5.726880772272125e-06,5.726880772272125e-06
AV.S12K..BH,2021-07-29T08:00:00.000,252544,2021-07-29T09:24:10.880,0.675,S,2021-07-29T08-00-00.mseed,6.317900442809332e-06,6.317900442809332e-06
AV.S12K..BH,2021-07-29T08:00:00.000,298632,2021-07-29T09:39:32.640,0.534,S,2021-07-29T08-00-00.mseed,8.78724949870957e-06,8.78724949870957e-06
AV.S12K..BH,2021-07-29T08:00:00.000,312425,2021-07-29T09:44:08.500,0.52,S,2021-07-29T08-00-00.mseed,3.138068905172986e-06,3.138068905172986e-06
AV.S12K..BH,2021-07-29T08:00:00.000,339524,2021-07-29T09:53:10.480,0.701,S,2021-07-29T08-00-00.mseed,1.184630673378706e-05,1.184630673378706e-05
AV.S12K..BH,2021-07-29T08:00:00.000,345034,2021-07-29T09:55:00.680,0.486,S,2021-07-29T08-00-00.mseed,6.369611219270155e-05,6.369611219270155e-05
AV.S12K..BH,2021-07-29T08:00:00.000,368902,2021-07-29T10:02:58.040,0.324,S,2021-07-29T08-00-00.mseed,7.876457857491914e-06,7.876457857491914e-06
AV.S12K..BH,2021-07-29T08:00:00.000,411279,2021-07-29T10:17:05.580,0.787,S,2021-07-29T08-00-00.mseed,1.2010393220407423e-05,1.2010393220407423e-05
AV.S12K..BH,2021-07-29T08:00:00.000,415456,2021-07-29T10:18:29.120,0.753,S,2021-07-29T08-00-00.mseed,1.264191905647749e-05,1.264191905647749e-05
AV.S12K..BH,2021-07-29T08:00:00.000,424296,2021-07-29T10:21:25.920,0.462,S,2021-07-29T08-00-00.mseed,3.5434175060800044e-06,3.5434175060800044e-06
AV.S12K..BH,2021-07-29T08:00:00.000,431196,2021-07-29T10:23:43.920,0.363,S,2021-07-29T08-00-00.mseed,3.566774694263586e-06,3.566774694263586e-06
AV.S12K..BH,2021-07-29T08:00:00.000,444829,2021-07-29T10:28:16.580,0.656,S,2021-07-29T08-00-00.mseed,1.4717613339598756e-05,1.4717613339598756e-05
AV.S12K..BH,2021-07-29T08:00:00.000,513535,2021-07-29T10:51:10.700,0.825,S,2021-07-29T08-00-00.mseed,2.94503274744784e-06,2.94503274744784e-06
AV.S12K..BH,2021-07-29T08:00:00.000,539347,2021-07-29T10:59:46.940,0.463,S,2021-07-29T08-00-00.mseed,4.100764272152446e-06,4.100764272152446e-06
AV.S12K..BH,2021-07-29T08:00:00.000,558825,2021-07-29T11:06:16.500,0.344,S,2021-07-29T08-00-00.mseed,1.2649579730350524e-05,1.2649579730350524e-05
AV.S12K..BH,2021-07-29T08:00:00.000,570260,2021-07-29T11:10:05.200,0.471,S,2021-07-29T08-00-00.mseed,5.275864896248095e-05,5.275864896248095e-05
AV.S12K..BH,2021-07-29T08:00:00.000,593424,2021-07-29T11:17:48.480,0.517,S,2021-07-29T08-00-00.mseed,3.735138079719036e-06,3.735138079719036e-06
AV.S12K..BH,2021-07-29T08:00:00.000,634685,2021-07-29T11:31:33.700,0.687,S,2021-07-29T08-00-00.mseed,3.752347311092308e-06,3.752347311092308e-06
AV.S12K..BH,2021-07-29T08:00:00.000,654202,2021-07-29T11:38:04.040,0.513,S,2021-07-29T08-00-00.mseed,2.0359163954708492e-06,2.0359163954708492e-06
AV.S12K..BH,2021-07-29T08:00:00.000,668836,2021-07-29T11:42:56.720,0.302,S,2021-07-29T08-00-00.mseed,8.23979098640848e-06,8.23979098640848e-06
AV.S12K..BH,2021-07-29T08:00:00.000,687608,2021-07-29T11:49:12.160,0.451,S,2021-07-29T08-00-00.mseed,1.3057024261797778e-05,1.3057024261797778e-05
AV.S12K..BH,2021-07-29T08:00:00.000,777894,2021-07-29T12:19:17.880,0.4,S,2021-07-29T08-00-00.mseed,1.1827465641545132e-05,1.1827465641545132e-05
AV.S12K..BH,2021-07-29T08:00:00.000,809106,2021-07-29T12:29:42.120,0.434,S,2021-07-29T08-00-00.mseed,1.279865227843402e-05,1.279865227843402e-05
AV.S12K..BH,2021-07-29T08:00:00.000,852364,2021-07-29T12:44:07.280,0.568,S,2021-07-29T08-00-00.mseed,4.60034170828294e-05,4.60034170828294e-05
AV.S12K..BH,2021-07-29T08:00:00.000,879071,2021-07-29T12:53:01.420,0.762,S,2021-07-29T08-00-00.mseed,1.6784748368081637e-05,1.6784748368081637e-05
AV.S12K..BH,2021-07-29T08:00:00.000,946903,2021-07-29T13:15:38.060,0.605,S,2021-07-29T08-00-00.mseed,1.1171043297508731e-05,1.1171043297508731e-05
AV.S12K..BH,2021-07-29T08:00:00.000,948424,2021-07-29T13:16:08.480,0.575,S,2021-07-29T08-00-00.mseed,1.9399987650103867e-05,1.9399987650103867e-05
AV.S12K..BH,2021-07-29T08:00:00.000,993740,2021-07-29T13:31:14.800,0.521,S,2021-07-29T08-00-00.mseed,3.013243031091406e-06,3.013243031091406e-06
AV.S12K..BH,2021-07-29T08:00:00.000,1091266,2021-07-29T14:03:45.320,0.366,S,2021-07-29T08-00-00.mseed,2.5072313292184845e-06,2.5072313292184845e-06
AV.S12K..BH,2021-07-29T08:00:00.000,1231661,2021-07-29T14:50:33.220,0.586,S,2021-07-29T08-00-00.mseed,4.337640802987153e-06,4.337640802987153e-06
AV.S12K..BH,2021-07-29T08:00:00.000,1240233,2021-07-29T14:53:24.660,0.43,S,2021-07-29T08-00-00.mseed,4.097112650924828e-06,4.097112650924828e-06
AV.S12K..BH,2021-07-29T08:00:00.000,1241375,2021-07-29T14:53:47.500,0.576,S,2021-07-29T08-00-00.mseed,3.712775423991843e-06,3.712775423991843e-06
AV.S12K..BH,2021-07-29T08:00:00.000,1256742,2021-07-29T14:58:54.840,0.341,S,2021-07-29T08-00-00.mseed,3.4988181596418144e-06,3.4988181596418144e-06
AV.S12K..BH,2021-07-29T08:00:00.000,1258307,2021-07-29T14:59:26.140,0.382,S,2021-07-29T08-00-00.mseed,5.8941882343788166e-06,5.8941882343788166e-06
AV.S12K..BH,2021-07-29T08:00:00.000,1353011,2021-07-29T15:31:00.220,0.657,S,2021-07-29T08-00-00.mseed,1.5717287169536576e-05,1.5717287169536576e-05
