time,magnitude,longitude,latitude,depth(m),sigma_time,sigma_amp,cov_time_amp,gamma_score,event_index,event_id
2021-01-01T04:52:27.049,1.501,-161.06,54.902,2008.768,0.093,0.297,0.0,4.0,1,20210101T000000_1
2021-01-01T05:28:14.484,2.324,-161.003,55.113,57377.157,0.28,0.246,0.008,10.0,2,20210101T000000_2
2021-01-01T05:28:23.897,2.64,-161.003,55.125,61000.0,0.596,0.286,-0.001,12.0,3,20210101T000000_3
2021-01-01T08:31:49.150,1.879,-161.09,54.902,53225.937,0.19,0.276,0.009,6.0,1,20210101T080000_1
2021-01-01T08:31:58.250,1.906,-161.197,54.903,57070.733,0.57,0.301,-0.049,6.0,2,20210101T080000_2
2021-01-01T11:56:45.941,1.913,-161.616,54.905,61000.0,0.806,0.356,-0.063,11.0,3,20210101T080000_3
2021-01-01T12:15:44.858,1.487,-161.518,55.034,43564.795,0.0,0.447,0.0,4.0,4,20210101T080000_4
2021-01-01T12:35:11.610,1.644,-161.923,54.905,61000.0,0.643,0.355,-0.102,11.0,5,20210101T080000_5
2021-01-01T12:44:00.430,2.136,-161.035,54.902,48167.332,0.207,0.288,0.003,8.0,6,20210101T080000_6
2021-01-01T12:44:09.646,2.435,-161.133,54.903,52206.758,0.434,0.183,0.003,9.0,7,20210101T080000_7
2021-01-01T12:47:51.881,1.949,-161.04,54.902,45639.199,0.202,0.416,0.01,7.0,8,20210101T080000_8
2021-01-01T12:48:06.054,1.739,-161.006,55.002,5069.819,0.365,0.353,0.006,5.0,9,20210101T080000_9
2021-01-01T14:58:07.230,1.35,-161.352,55.32,52753.738,0.215,0.352,-0.046,5.0,10,20210101T080000_10
2021-01-01T16:55:06.500,1.721,-161.43,55.232,25233.964,0.333,0.398,0.033,9.885,1,20210101T160000_1
2021-01-01T16:55:19.024,2.618,-161.005,55.028,48796.939,0.257,0.275,-0.024,6.0,2,20210101T160000_2
2021-01-01T17:16:54.862,1.921,-161.503,54.904,35974.595,0.3,0.28,0.016,8.0,3,20210101T160000_3
2021-01-01T17:17:10.156,1.748,-161.611,54.905,28818.216,0.516,0.202,-0.039,6.0,4,20210101T160000_4
2021-01-01T19:49:37.570,2.02,-161.449,54.904,61000.0,0.739,0.483,-0.072,6.298,5,20210101T160000_5
2021-01-01T19:49:38.210,2.045,-162.704,54.902,61000.0,0.979,0.304,-0.093,9.702,6,20210101T160000_6
2021-01-01T20:08:58.432,1.482,-161.114,54.902,61000.0,0.437,0.553,-0.13,6.0,7,20210101T160000_7
2021-01-01T20:32:07.579,1.443,-161.04,54.902,43709.007,0.208,0.484,0.002,3.995,8,20210101T160000_8
2021-01-01T20:47:37.099,2.575,-162.773,54.902,61000.0,0.545,0.207,0.004,9.012,9,20210101T160000_9
2021-01-01T20:47:39.592,2.464,-161.773,54.905,61000.0,0.9,0.446,-0.024,7.951,10,20210101T160000_10
2021-01-01T20:52:38.978,1.84,-161.005,55.018,9.837,0.13,0.442,-0.01,5.0,11,20210101T160000_11
2021-01-01T20:52:46.944,2.208,-161.232,54.903,51996.102,0.599,0.211,0.006,7.0,12,20210101T160000_12
2021-01-01T21:02:22.724,1.343,-161.068,54.902,40950.727,0.284,0.47,0.016,5.0,13,20210101T160000_13
2021-01-02T00:27:51.698,2.407,-162.742,54.902,61000.0,0.624,0.399,-0.019,5.903,2,20210102T000000_2
2021-01-02T00:27:52.182,2.242,-161.54,54.904,61000.0,0.941,0.438,-0.113,8.83,1,20210102T000000_1
2021-01-02T02:17:22.859,2.207,-161.008,54.902,61000.0,0.639,0.374,-0.06,16.0,3,20210102T000000_3
2021-01-02T02:46:15.295,2.232,-161.104,55.211,61000.0,0.622,0.343,0.061,17.0,4,20210102T000000_4
2021-01-02T03:05:03.644,1.886,-161.004,55.099,61000.0,0.687,0.514,0.079,7.0,5,20210102T000000_5
2021-01-02T03:05:39.092,1.533,-161.508,55.258,15138.58,0.449,0.483,0.035,5.0,6,20210102T000000_6
2021-01-02T04:55:35.416,1.672,-161.033,54.902,2059.706,0.197,0.398,0.013,5.0,7,20210102T000000_7
2021-01-02T05:44:08.708,1.973,-161.244,54.903,37371.642,0.18,0.285,0.012,7.0,8,20210102T000000_8
2021-01-02T05:44:21.833,1.939,-161.31,54.904,30507.957,0.36,0.304,0.022,6.0,9,20210102T000000_9
2021-01-02T05:45:10.147,1.743,-161.185,54.903,32282.26,0.198,0.349,0.009,5.0,10,20210102T000000_10
2021-01-02T05:51:58.985,1.642,-161.008,54.924,2943.314,0.135,0.447,0.033,5.0,11,20210102T000000_11
2021-01-02T05:52:10.233,1.525,-161.011,54.902,1371.54,0.353,0.383,0.018,4.0,12,20210102T000000_12
2021-01-02T09:15:09.447,0.534,-161.92,55.177,15935.585,0.0,0.557,0.0,4.0,1,20210102T080000_1
2021-01-02T10:53:17.330,2.474,-161.245,54.903,59938.824,0.628,0.2,0.043,10.0,2,20210102T080000_2
2021-01-02T10:53:33.101,2.299,-161.438,54.904,33753.928,0.685,0.294,0.059,7.0,3,20210102T080000_3
2021-01-02T11:16:49.080,1.062,-161.001,55.207,31164.073,0.605,0.514,-0.073,5.0,4,20210102T080000_4
2021-01-02T11:51:54.281,1.438,-161.874,54.905,374.737,0.399,0.417,0.011,8.0,5,20210102T080000_5
2021-01-02T11:52:01.895,1.78,-161.871,54.905,277.544,0.548,0.319,0.007,10.0,6,20210102T080000_6
2021-01-02T11:53:37.962,1.747,-161.329,54.904,61000.0,0.683,0.544,-0.151,10.0,7,20210102T080000_7
2021-01-02T12:12:34.867,1.484,-161.909,54.905,30495.152,0.277,0.451,0.014,5.0,8,20210102T080000_8
2021-01-02T12:12:44.656,1.408,-161.893,54.905,0.0,0.529,0.266,-0.015,7.0,9,20210102T080000_9
2021-01-02T12:35:45.022,1.366,-161.008,54.902,50503.448,0.497,0.489,-0.094,4.0,10,20210102T080000_10
2021-01-02T13:54:14.293,1.246,-161.006,55.008,2615.478,0.204,0.442,-0.011,4.0,11,20210102T080000_11
2021-01-02T13:54:19.843,1.457,-161.008,54.902,45002.068,0.545,0.473,-0.028,4.0,12,20210102T080000_12
2021-01-02T14:13:29.641,1.907,-162.773,54.902,61000.0,0.845,0.366,-0.176,15.0,13,20210102T080000_13
2021-01-02T16:24:45.107,2.423,-161.203,54.903,45271.171,0.345,0.181,0.0,9.989,1,20210102T160000_1
2021-01-02T16:24:55.578,2.647,-161.181,54.903,45468.494,0.567,0.265,-0.029,6.837,2,20210102T160000_2
2021-01-02T18:07:19.889,1.156,-162.044,55.043,0.0,0.408,0.362,-0.07,14.0,3,20210102T160000_3
2021-01-02T19:13:28.990,2.547,-162.111,54.905,61000.0,1.048,0.348,-0.121,16.33,4,20210102T160000_4
2021-01-02T20:27:01.367,1.72,-161.181,54.903,37305.702,0.182,0.335,0.031,5.0,5,20210102T160000_5
2021-01-02T20:27:18.338,1.707,-161.493,54.904,19754.054,0.562,0.27,0.005,5.0,6,20210102T160000_6
2021-01-02T20:32:40.137,2.288,-161.002,55.168,55352.389,0.566,0.272,0.035,10.0,7,20210102T160000_7
2021-01-02T20:33:06.803,2.047,-161.0,55.272,2579.915,0.262,0.382,0.038,4.615,8,20210102T160000_8
2021-01-02T21:15:27.076,1.249,-161.618,55.227,15230.421,0.651,0.393,0.077,10.0,9,20210102T160000_9
2021-01-02T21:19:53.839,1.527,-161.004,55.081,42537.778,0.169,0.441,0.007,5.0,10,20210102T160000_10
2021-01-02T21:34:01.060,1.621,-161.687,55.046,29607.538,0.798,0.357,0.047,11.0,11,20210102T160000_11
2021-01-02T21:34:11.651,1.872,-161.506,54.904,31622.555,0.715,0.299,0.014,7.0,12,20210102T160000_12
2021-01-02T23:32:25.917,2.173,-161.437,54.904,50642.131,0.324,0.342,-0.028,10.0,13,20210102T160000_13
2021-01-02T23:32:36.780,2.113,-161.569,54.904,61000.0,0.802,0.232,-0.098,8.0,14,20210102T160000_14
2021-01-03T00:11:45.126,1.561,-161.372,54.904,29296.336,0.171,0.411,0.019,6.0,1,20210103T000000_1
2021-01-03T00:11:59.896,1.349,-161.63,54.905,32494.845,0.628,0.275,-0.028,4.0,2,20210103T000000_2
2021-01-03T01:52:16.505,1.764,-162.778,55.17,61000.0,0.213,0.508,0.008,7.928,3,20210103T000000_3
2021-01-03T02:15:56.682,1.315,-161.352,54.904,29004.45,0.092,0.496,0.002,5.0,4,20210103T000000_4
2021-01-03T02:16:11.385,1.175,-161.813,54.905,34315.929,0.136,0.317,-0.008,4.0,5,20210103T000000_5
2021-01-03T04:02:52.176,1.699,-161.262,54.903,57779.058,0.301,0.443,0.016,6.0,6,20210103T000000_6
2021-01-03T04:03:03.494,1.808,-161.327,54.904,46562.091,0.625,0.271,0.018,7.0,7,20210103T000000_7
2021-01-03T05:08:27.159,1.682,-162.773,54.902,34637.612,0.474,0.429,0.094,8.0,8,20210103T000000_8
2021-01-03T05:08:55.667,0.91,-162.292,55.003,0.0,0.799,0.518,-0.047,6.0,9,20210103T000000_9
2021-01-03T05:30:21.293,2.15,-161.449,54.904,45272.238,0.399,0.278,0.014,10.537,10,20210103T000000_10
2021-01-03T05:30:26.024,2.466,-162.792,55.759,61000.0,0.43,0.222,0.016,5.947,11,20210103T000000_11
2021-01-03T06:02:18.030,1.999,-161.29,54.903,61000.0,0.329,0.378,-0.007,10.0,12,20210103T000000_12
2021-01-03T06:02:32.562,1.635,-161.293,54.903,31417.506,0.324,0.339,0.014,5.0,13,20210103T000000_13
2021-01-03T06:04:23.292,1.613,-161.517,54.904,36469.248,0.231,0.294,0.014,7.0,14,20210103T000000_14
2021-01-03T06:04:35.196,2.384,-161.407,54.904,61000.0,0.343,0.144,0.025,7.357,15,20210103T000000_15
2021-01-03T06:05:05.095,1.21,-161.938,55.161,854.862,0.862,0.344,0.029,9.939,16,20210103T000000_16
2021-01-03T07:02:56.222,1.227,-161.357,54.904,19570.901,0.255,0.458,0.011,5.0,17,20210103T000000_17
2021-01-03T07:03:08.217,1.252,-161.256,54.903,21137.564,0.534,0.32,-0.03,4.0,18,20210103T000000_18
2021-01-03T07:19:40.510,1.593,-161.008,54.914,38633.739,0.263,0.507,0.007,6.0,20,20210103T000000_20
2021-01-03T07:19:48.008,1.699,-161.008,54.902,50041.933,0.708,0.4,0.047,6.0,19,20210103T000000_19
2021-01-03T07:24:09.939,2.197,-161.008,54.902,61000.0,0.881,0.321,-0.188,17.0,21,20210103T000000_21
2021-01-03T07:59:51.206,1.836,-161.654,54.905,61000.0,1.163,0.43,-0.16,11.032,1,20210103T080000_1
2021-01-03T08:00:00.348,1.859,-161.247,54.903,0.0,0.149,0.249,-0.02,4.968,2,20210103T080000_2
2021-01-03T08:41:01.859,2.132,-161.465,54.904,45223.535,0.381,0.305,0.016,10.581,3,20210103T080000_3
2021-01-03T08:41:06.611,2.49,-162.792,55.751,61000.0,0.444,0.239,0.014,5.847,4,20210103T080000_4
2021-01-03T08:46:02.462,2.676,-161.431,55.608,61000.0,0.506,0.168,-0.003,12.0,5,20210103T080000_5
2021-01-03T08:46:43.589,3.056,-160.986,55.887,44015.342,0.418,0.194,0.047,4.0,6,20210103T080000_6
2021-01-03T08:50:12.533,0.659,-161.868,55.146,7951.533,0.158,0.47,-0.012,5.0,7,20210103T080000_7
2021-01-03T09:20:31.927,1.084,-161.097,54.902,1053.065,0.133,0.435,0.001,4.0,8,20210103T080000_8
2021-01-03T09:20:45.540,1.114,-161.412,54.904,30971.693,0.143,0.387,-0.009,4.0,9,20210103T080000_9
2021-01-03T10:22:43.307,1.09,-161.706,55.079,21212.014,0.348,0.431,-0.041,8.0,10,20210103T080000_10
2021-01-03T10:22:53.339,1.538,-161.553,54.904,30303.29,0.339,0.346,-0.008,6.0,11,20210103T080000_11
2021-01-03T11:44:49.386,1.284,-161.39,54.904,29014.505,0.056,0.438,-0.006,4.0,12,20210103T080000_12
2021-01-03T12:41:20.602,2.308,-162.781,55.279,53473.903,0.484,0.22,0.046,8.747,14,20210103T080000_14
2021-01-03T12:41:25.018,1.771,-162.357,54.973,19129.887,0.351,0.664,0.068,8.253,13,20210103T080000_13
2021-01-03T12:59:07.237,2.274,-161.216,54.903,49617.98,0.288,0.224,-0.014,7.573,15,20210103T080000_15
2021-01-03T13:46:38.792,1.946,-162.773,54.902,61000.0,1.252,0.13,-0.05,6.0,16,20210103T080000_16
2021-01-03T17:22:37.592,-0.171,-161.906,55.331,23826.83,0.415,0.463,-0.03,7.0,1,20210103T160000_1
2021-01-03T17:26:46.317,1.443,-162.022,55.493,61000.0,0.566,0.49,-0.024,7.0,2,20210103T160000_2
2021-01-03T17:45:13.960,1.749,-161.424,54.904,44945.851,0.295,0.365,-0.024,9.92,3,20210103T160000_3
2021-01-03T17:45:20.378,2.141,-162.79,55.67,61000.0,0.622,0.329,-0.086,5.19,4,20210103T160000_4
2021-01-03T18:02:17.997,1.207,-161.43,54.904,31166.827,0.136,0.44,0.002,6.0,5,20210103T160000_5
2021-01-03T18:02:34.697,1.153,-161.594,54.905,14010.375,0.231,0.327,-0.012,4.0,6,20210103T160000_6
2021-01-03T19:56:21.228,2.052,-161.2,54.903,46810.279,0.339,0.231,0.004,11.0,7,20210103T160000_7
2021-01-03T19:56:29.914,2.207,-161.229,54.903,54146.605,0.541,0.226,0.01,10.0,8,20210103T160000_8
2021-01-03T20:36:47.911,1.607,-161.397,54.904,38229.734,0.209,0.348,0.019,7.0,9,20210103T160000_9
2021-01-03T20:37:05.891,1.357,-161.475,54.934,7938.521,0.495,0.285,-0.049,6.0,10,20210103T160000_10
2021-01-03T21:50:56.060,2.032,-161.769,54.905,61000.0,0.215,0.6,-0.005,6.246,12,20210103T160000_12
2021-01-03T21:50:56.098,1.843,-162.413,54.904,61000.0,0.524,0.373,0.067,7.754,11,20210103T160000_11
2021-01-03T23:33:14.434,1.346,-161.007,54.941,46176.029,0.192,0.468,0.003,5.0,13,20210103T160000_13
2021-01-03T23:33:23.615,1.747,-161.073,54.902,44680.612,0.267,0.408,0.044,7.0,14,20210103T160000_14
2021-01-04T00:02:16.925,2.153,-161.189,55.424,61000.0,0.228,0.259,0.034,9.868,1,20210104T000000_1
2021-01-04T00:02:59.752,1.558,-161.531,55.554,18999.059,0.465,0.314,0.002,7.487,2,20210104T000000_2
2021-01-04T00:03:09.702,1.093,-161.921,55.127,1117.096,0.061,0.462,0.005,4.0,3,20210104T000000_3
2021-01-04T00:33:14.475,2.092,-161.008,54.902,61000.0,0.734,0.3,-0.056,19.0,4,20210104T000000_4
2021-01-04T00:51:27.946,1.153,-161.328,54.904,30086.458,0.147,0.476,0.002,4.977,5,20210104T000000_5
2021-01-04T00:52:00.041,-0.694,-161.849,55.348,0.0,0.859,0.489,0.108,4.0,6,20210104T000000_6
2021-01-04T01:41:00.358,1.875,-160.991,55.661,61000.0,0.473,0.443,0.011,9.783,7,20210104T000000_7
2021-01-04T01:41:09.836,1.416,-160.991,55.645,1205.605,0.192,0.508,0.027,5.217,8,20210104T000000_8
2021-01-04T01:52:23.654,1.281,-161.359,54.904,31424.962,0.07,0.461,-0.0,4.0,9,20210104T000000_9
2021-01-04T01:52:37.593,1.044,-161.696,54.905,36077.9,0.385,0.286,-0.007,4.0,10,20210104T000000_10
2021-01-04T03:22:10.187,1.768,-161.49,54.927,61000.0,0.309,0.429,0.047,6.702,12,20210104T000000_12
2021-01-04T03:22:10.556,1.712,-162.78,55.237,61000.0,0.889,0.445,-0.067,14.298,11,20210104T000000_11
2021-01-04T04:01:09.944,1.787,-161.433,54.904,37953.937,0.354,0.313,-0.005,11.0,13,20210104T000000_13
2021-01-04T04:01:20.717,1.935,-161.452,54.904,49797.684,0.722,0.326,-0.122,10.0,14,20210104T000000_14
2021-01-04T05:47:53.321,1.363,-161.378,54.904,34400.196,0.181,0.497,0.007,7.0,15,20210104T000000_15
2021-01-04T05:48:07.372,1.029,-161.458,54.904,28587.509,0.439,0.36,-0.039,4.0,16,20210104T000000_16
2021-01-04T08:26:30.830,1.345,-161.439,54.904,31799.976,0.235,0.379,0.024,7.0,1,20210104T080000_1
2021-01-04T08:26:43.301,1.497,-161.433,54.904,32706.081,0.19,0.338,-0.008,7.0,2,20210104T080000_2
2021-01-04T09:10:28.990,1.471,-161.873,54.905,60615.49,0.372,0.38,-0.072,12.0,3,20210104T080000_3
2021-01-04T09:35:54.559,1.84,-161.325,54.904,44907.781,0.407,0.271,0.021,10.0,4,20210104T080000_4
2021-01-04T09:36:08.843,1.826,-161.278,54.903,12990.059,0.693,0.332,-0.026,8.0,5,20210104T080000_5
2021-01-04T11:49:50.867,3.365,-161.077,54.902,61000.0,0.944,0.26,0.073,15.023,6,20210104T080000_6
2021-01-04T11:49:58.613,3.547,-161.008,54.912,37363.511,0.256,0.22,-0.008,6.977,7,20210104T080000_7
2021-01-04T11:57:57.351,1.738,-161.506,54.904,61000.0,0.534,0.456,-0.01,8.72,9,20210104T080000_9
2021-01-04T11:57:59.566,1.349,-162.435,55.017,61000.0,0.409,0.419,0.01,4.28,8,20210104T080000_8
2021-01-04T15:16:25.954,0.664,-162.301,55.08,14010.43,0.13,0.126,0.003,4.0,10,20210104T080000_10
2021-01-04T15:39:26.896,1.475,-161.015,54.902,52163.783,0.132,0.514,-0.024,3.935,11,20210104T080000_11
2021-01-04T15:59:09.317,1.905,-161.41,54.904,52153.768,0.387,0.379,-0.057,9.0,12,20210104T080000_12
2021-01-04T15:59:24.674,1.631,-161.527,54.904,36118.555,0.83,0.248,-0.004,6.0,13,20210104T080000_13
2021-01-04T15:59:53.663,0.44,-161.97,55.406,36079.266,0.0,0.093,0.0,4.0,1,20210104T160000_1
2021-01-04T16:25:11.204,1.457,-161.489,54.904,32480.112,0.294,0.358,0.017,8.0,2,20210104T160000_2
2021-01-04T16:25:22.943,1.698,-161.398,54.904,33329.431,0.758,0.34,0.147,7.0,3,20210104T160000_3
2021-01-04T16:51:36.837,1.28,-161.508,54.904,26668.47,0.107,0.362,0.006,6.0,4,20210104T160000_4
2021-01-04T16:51:59.313,1.206,-161.889,55.293,0.0,0.4,0.284,0.048,3.659,5,20210104T160000_5
2021-01-04T17:07:48.396,1.002,-161.218,54.903,2036.856,0.229,0.467,-0.0,4.0,6,20210104T160000_6
2021-01-04T18:28:34.758,1.273,-161.005,55.056,22583.465,0.414,0.509,-0.003,3.992,7,20210104T160000_7
2021-01-04T18:37:14.748,0.421,-162.085,55.228,12120.914,0.0,0.226,-0.0,3.907,8,20210104T160000_8
2021-01-04T18:41:17.457,1.652,-161.618,54.905,61000.0,0.693,0.37,-0.091,14.0,9,20210104T160000_9
2021-01-04T19:00:01.139,0.807,-161.318,55.367,476.974,0.131,0.482,0.035,5.0,10,20210104T160000_10
2021-01-04T19:00:03.384,1.786,-161.045,55.454,61000.0,0.339,0.412,0.02,7.0,11,20210104T160000_11
2021-01-04T19:48:10.027,2.597,-161.675,54.905,61000.0,0.922,0.274,-0.134,21.0,12,20210104T160000_12
2021-01-04T20:44:30.144,2.958,-162.773,54.935,46045.219,0.424,0.245,-0.018,11.0,13,20210104T160000_13
2021-01-04T20:44:38.289,3.346,-162.759,54.902,35208.326,0.404,0.347,-0.049,9.902,14,20210104T160000_14
2021-01-04T21:22:29.701,0.995,-161.377,55.041,23413.823,0.369,0.6,0.103,6.0,15,20210104T160000_15
2021-01-04T21:35:13.783,1.579,-162.773,54.942,34573.516,0.462,0.308,0.101,7.882,16,20210104T160000_16
2021-01-04T21:35:34.350,1.793,-162.773,54.911,22530.086,0.02,0.323,-0.001,4.0,17,20210104T160000_17
2021-01-04T22:45:47.131,0.736,-161.54,55.056,33469.913,0.0,0.129,0.0,4.0,18,20210104T160000_18
2021-01-04T22:57:26.758,1.6,-162.37,55.921,61000.0,0.277,0.555,0.095,3.991,19,20210104T160000_19
2021-01-04T23:35:51.030,1.202,-161.007,54.962,3026.302,0.123,0.224,0.001,4.0,20,20210104T160000_20
2021-01-04T23:36:00.549,1.269,-161.263,54.903,43680.711,0.333,0.35,-0.023,4.0,21,20210104T160000_21
2021-01-05T00:40:05.325,1.784,-161.374,54.904,37793.288,0.178,0.345,-0.004,8.0,1,20210105T000000_1
2021-01-05T00:40:14.634,1.665,-161.4,54.904,61000.0,0.271,0.247,0.012,3.873,2,20210105T000000_2
2021-01-05T01:07:08.993,1.478,-161.155,54.903,44.753,0.192,0.362,-0.004,7.0,3,20210105T000000_3
2021-01-05T01:54:41.991,1.033,-161.816,54.905,12018.296,0.547,0.29,0.035,6.945,4,20210105T000000_4
2021-01-05T03:43:36.323,2.085,-161.482,54.904,49723.855,0.4,0.275,0.005,10.0,5,20210105T000000_5
2021-01-05T03:43:50.011,2.042,-161.637,54.905,42723.968,0.433,0.225,-0.057,8.0,6,20210105T000000_6
2021-01-05T04:32:56.339,1.616,-162.737,54.902,43547.484,0.871,0.226,-0.095,9.0,7,20210105T000000_7
2021-01-05T04:57:28.144,1.654,-161.098,54.902,38832.363,0.203,0.415,-0.013,6.0,8,20210105T000000_8
2021-01-05T04:57:37.061,1.816,-161.246,54.903,53890.429,0.436,0.301,0.067,7.0,9,20210105T000000_9
2021-01-05T05:15:41.721,0.769,-161.486,55.028,2578.219,0.255,0.482,-0.009,5.0,10,20210105T000000_10
2021-01-05T05:30:48.372,0.73,-161.341,55.01,268.178,0.112,0.306,0.01,4.0,11,20210105T000000_11
2021-01-05T06:39:19.903,1.435,-161.243,54.903,35166.26,0.182,0.466,0.019,6.0,12,20210105T000000_12
2021-01-05T07:28:19.151,1.584,-162.773,54.902,61000.0,0.74,0.307,0.162,5.0,13,20210105T000000_13
2021-01-05T14:13:59.354,2.043,-162.537,54.903,61000.0,0.781,0.463,-0.356,15.0,1,20210105T080000_1
2021-01-05T15:50:12.362,1.195,-161.152,54.903,13725.079,0.055,0.393,-0.005,4.0,2,20210105T080000_2
2021-01-05T15:50:24.931,1.657,-161.283,54.903,25828.813,0.371,0.265,-0.017,4.0,3,20210105T080000_3
2021-01-05T19:35:59.749,2.512,-162.773,54.902,41839.58,1.101,0.43,-0.044,18.747,1,20210105T160000_1
2021-01-05T21:53:51.746,1.507,-161.444,54.904,0.0,0.61,0.396,-0.024,4.391,2,20210105T160000_2
2021-01-05T22:19:46.057,1.463,-161.002,55.172,27849.177,0.123,0.348,0.009,5.0,3,20210105T160000_3
2021-01-05T22:20:00.633,1.66,-160.998,55.369,16950.783,0.215,0.504,-0.021,4.551,4,20210105T160000_4
2021-01-05T23:35:33.645,2.536,-162.773,54.902,61000.0,0.638,0.283,-0.092,17.526,6,20210105T160000_6
2021-01-05T23:35:35.446,2.172,-161.178,54.903,0.0,0.289,0.16,0.001,6.474,5,20210105T160000_5
2021-01-06T03:06:34.754,1.862,-161.332,54.904,59444.456,0.253,0.331,-0.012,6.0,1,20210106T000000_1
2021-01-06T03:06:43.397,2.179,-161.289,54.907,61000.0,0.526,0.198,-0.048,5.0,2,20210106T000000_2
2021-01-06T05:55:18.995,1.375,-161.005,55.06,57722.299,0.298,0.211,0.035,4.0,3,20210106T000000_3
2021-01-06T07:44:10.773,0.469,-161.489,55.279,375.079,0.087,0.24,0.013,4.0,4,20210106T000000_4
2021-01-06T13:38:08.446,0.197,-161.866,55.203,0.0,0.323,0.188,0.014,3.995,1,20210106T080000_1
2021-01-06T14:44:01.395,1.7,-161.004,55.086,61000.0,0.331,0.473,0.033,6.0,2,20210106T080000_2
2021-01-07T02:42:53.444,1.304,-162.469,55.126,0.0,0.975,0.422,-0.164,4.0,1,20210107T000000_1
2021-01-07T02:55:09.678,2.01,-161.008,54.922,33964.559,0.217,0.295,-0.007,8.0,2,20210107T000000_2
2021-01-07T02:55:19.497,2.194,-161.09,54.902,40830.588,0.439,0.313,-0.04,6.0,3,20210107T000000_3
2021-01-07T02:56:48.797,2.625,-161.399,54.904,54659.424,0.338,0.202,0.026,9.844,4,20210107T000000_4
2021-01-07T02:57:09.309,2.757,-161.002,55.157,4518.572,0.693,0.292,0.012,6.0,5,20210107T000000_5
2021-01-07T06:23:16.153,2.391,-161.482,54.904,40020.073,0.366,0.146,0.023,11.0,6,20210107T000000_6
2021-01-07T06:23:29.634,2.934,-161.546,54.904,43910.836,0.671,0.203,-0.055,10.0,7,20210107T000000_7
2021-01-07T07:06:30.700,0.959,-161.813,55.038,35637.077,0.0,0.247,0.0,4.0,8,20210107T000000_8
2021-01-07T08:46:16.425,1.699,-161.519,54.904,37401.584,0.237,0.294,0.022,6.0,1,20210107T080000_1
2021-01-07T08:46:36.580,1.856,-161.492,55.161,34121.759,0.429,0.297,-0.068,6.229,2,20210107T080000_2
2021-01-07T11:45:22.092,1.298,-161.299,55.209,26849.419,0.399,0.532,0.103,8.0,3,20210107T080000_3
2021-01-07T11:46:39.906,0.655,-161.908,55.237,0.0,0.187,0.34,-0.01,5.0,4,20210107T080000_4
2021-01-07T13:28:17.676,1.701,-161.008,54.923,52668.544,0.14,0.352,0.013,3.91,6,20210107T080000_6
2021-01-07T13:28:23.164,-0.146,-161.744,55.335,0.0,0.084,0.442,0.02,4.0,5,20210107T080000_5
2021-01-07T15:51:43.101,2.177,-161.16,54.903,50326.229,0.32,0.181,0.007,11.0,7,20210107T080000_7
2021-01-07T15:51:51.384,2.49,-161.087,54.902,50895.032,0.711,0.198,0.047,11.0,8,20210107T080000_8
2021-01-07T18:20:38.653,1.761,-161.266,54.903,33206.841,0.276,0.295,0.002,8.0,1,20210107T160000_1
2021-01-07T18:20:53.129,1.583,-161.335,54.904,3593.192,0.452,0.316,0.078,4.623,2,20210107T160000_2
2021-01-07T18:27:43.188,0.88,-161.877,54.973,0.0,0.811,0.337,0.184,5.0,3,20210107T160000_3
2021-01-07T18:28:09.691,-0.259,-161.784,55.349,2867.027,0.401,0.509,0.042,5.0,4,20210107T160000_4
2021-01-07T19:18:11.706,1.43,-161.045,54.902,8312.763,0.113,0.36,0.001,4.0,5,20210107T160000_5
2021-01-07T19:18:27.784,1.182,-161.762,54.905,32304.906,0.28,0.302,-0.016,4.0,6,20210107T160000_6
2021-01-07T19:34:36.248,2.052,-161.285,54.903,17651.959,0.523,0.192,0.02,9.005,7,20210107T160000_7
2021-01-07T19:35:07.730,0.843,-161.689,55.36,2761.271,0.008,0.423,0.001,4.299,8,20210107T160000_8
2021-01-07T19:36:15.386,0.751,-161.397,55.339,21317.824,0.0,0.23,0.0,4.0,9,20210107T160000_9
2021-01-07T20:41:49.154,1.938,-161.007,54.947,53538.644,0.188,0.312,-0.009,7.0,10,20210107T160000_10
2021-01-07T20:41:55.318,2.074,-161.008,54.911,61000.0,0.246,0.28,-0.018,8.0,11,20210107T160000_11
2021-01-07T22:11:20.336,1.05,-161.571,55.097,0.0,0.484,0.308,-0.042,8.582,12,20210107T160000_12
2021-01-07T23:38:38.827,2.69,-161.664,54.905,61000.0,0.848,0.285,-0.127,21.0,13,20210107T160000_13
2021-01-08T00:22:34.554,2.082,-161.008,54.902,59869.569,0.491,0.276,-0.01,9.0,2,20210108T000000_2
2021-01-08T00:22:39.755,0.652,-161.844,55.224,8814.839,0.48,0.357,-0.009,8.0,1,20210108T000000_1
2021-01-08T00:40:54.498,2.079,-161.713,54.905,0.0,0.359,0.079,0.012,4.104,3,20210108T000000_3
2021-01-08T00:53:51.822,1.89,-161.006,54.983,50210.049,0.149,0.301,-0.022,7.961,4,20210108T000000_4
2021-01-08T00:53:52.487,2.157,-161.008,54.902,61000.0,0.592,0.287,0.029,11.039,5,20210108T000000_5
2021-01-08T01:59:30.740,3.42,-161.008,54.925,61000.0,0.392,0.27,0.08,12.0,6,20210108T000000_6
2021-01-08T01:59:39.281,3.762,-161.06,54.902,55200.683,0.847,0.246,0.001,11.0,7,20210108T000000_7
2021-01-08T02:32:14.277,1.962,-161.008,54.911,49757.981,0.16,0.238,-0.001,7.0,8,20210108T000000_8
2021-01-08T02:32:25.020,2.038,-161.115,54.902,38365.224,0.534,0.236,0.004,9.0,9,20210108T000000_9
2021-01-08T04:43:49.214,0.976,-162.212,55.162,0.0,0.875,0.043,0.009,4.0,10,20210108T000000_10
2021-01-08T05:12:50.105,1.262,-162.079,55.098,15968.169,0.0,0.239,0.0,3.819,11,20210108T000000_11
2021-01-08T05:44:22.368,1.467,-161.0,55.274,4262.089,0.164,0.491,0.052,5.0,12,20210108T000000_12
2021-01-08T05:44:27.716,1.714,-161.002,55.171,28972.109,0.105,0.294,0.014,4.785,13,20210108T000000_13
2021-01-08T08:35:34.176,0.986,-161.644,55.1,19915.171,0.011,0.191,0.003,3.827,1,20210108T080000_1
2021-01-08T10:31:06.911,1.777,-161.007,54.928,48435.462,0.232,0.33,-0.008,7.0,2,20210108T080000_2
2021-01-08T10:31:13.188,1.82,-161.007,54.935,60297.682,0.202,0.283,-0.013,6.0,3,20210108T080000_3
2021-01-08T10:39:21.751,1.582,-161.325,54.904,38137.903,0.268,0.273,0.047,5.0,4,20210108T080000_4
2021-01-08T10:39:41.410,1.325,-161.691,55.003,17199.568,0.419,0.267,-0.054,4.925,5,20210108T080000_5
2021-01-08T12:44:44.722,1.6,-161.008,54.902,31769.745,0.279,0.406,-0.002,5.006,6,20210108T080000_6
2021-01-08T12:53:13.585,1.225,-161.394,54.904,29630.409,0.114,0.407,0.005,5.0,7,20210108T080000_7
2021-01-08T12:53:32.068,1.208,-161.598,54.926,0.0,0.241,0.118,0.004,4.979,8,20210108T080000_8
2021-01-08T13:32:50.784,1.637,-161.004,55.068,45938.127,0.285,0.432,0.05,7.0,9,20210108T080000_9
2021-01-08T13:33:04.343,1.522,-161.003,55.124,30228.662,0.632,0.308,0.028,8.0,10,20210108T080000_10
2021-01-08T13:37:34.211,0.866,-161.614,55.132,955.23,0.199,0.208,0.015,5.966,11,20210108T080000_11
2021-01-08T13:47:54.464,1.55,-161.416,54.904,34712.26,0.169,0.446,-0.031,6.0,12,20210108T080000_12
2021-01-08T16:25:59.937,1.563,-162.773,54.902,61000.0,0.955,0.381,-0.051,7.0,1,20210108T160000_1
2021-01-08T16:51:22.565,1.347,-161.008,54.902,591.785,0.302,0.462,-0.034,6.0,2,20210108T160000_2
2021-01-08T16:51:33.635,1.416,-161.008,54.902,1652.959,0.329,0.221,0.02,4.0,3,20210108T160000_3
2021-01-08T17:02:43.449,1.773,-161.21,55.344,61000.0,0.392,0.406,0.052,8.96,4,20210108T160000_4
2021-01-08T17:02:45.827,1.842,-162.773,54.932,61000.0,0.428,0.29,-0.019,3.87,5,20210108T160000_5
2021-01-08T17:13:50.405,1.033,-160.985,55.918,61000.0,0.799,0.144,0.032,4.0,6,20210108T160000_6
2021-01-08T18:29:41.457,1.646,-161.571,54.904,61000.0,0.447,0.245,-0.009,9.0,7,20210108T160000_7
2021-01-08T18:30:00.527,1.54,-161.697,54.905,33193.01,0.622,0.161,-0.0,7.0,8,20210108T160000_8
2021-01-08T18:58:02.681,-0.275,-161.831,55.369,17412.161,0.0,0.19,-0.0,4.0,9,20210108T160000_9
2021-01-08T21:12:51.067,0.779,-162.285,54.904,0.0,0.409,0.392,-0.074,5.0,10,20210108T160000_10
2021-01-08T21:13:04.392,1.215,-162.287,54.904,9964.576,0.571,0.494,-0.026,4.808,11,20210108T160000_11
2021-01-08T21:38:15.559,0.19,-161.81,55.336,14211.062,0.218,0.488,-0.011,5.0,12,20210108T160000_12
2021-01-08T22:26:43.012,1.196,-161.736,55.089,15218.168,0.386,0.518,0.009,11.0,13,20210108T160000_13
2021-01-08T22:27:00.160,1.3,-161.648,55.039,0.0,0.787,0.328,0.18,6.0,14,20210108T160000_14
2021-01-08T23:56:30.240,0.796,-162.012,55.591,21484.836,0.1,0.191,0.003,4.0,15,20210108T160000_15
2021-01-09T00:32:17.490,0.934,-161.005,55.036,4253.565,0.121,0.384,-0.008,4.0,1,20210109T000000_1
2021-01-09T00:32:27.499,1.243,-161.006,54.993,3077.811,0.232,0.469,0.046,5.0,2,20210109T000000_2
2021-01-09T00:38:11.476,2.291,-162.644,54.903,61000.0,0.915,0.388,0.074,20.0,3,20210109T000000_3
2021-01-09T02:39:01.661,1.447,-161.514,54.904,37384.262,0.289,0.346,-0.011,8.0,4,20210109T000000_4
2021-01-09T02:39:19.165,1.276,-161.718,54.986,26723.855,0.261,0.27,-0.007,6.0,5,20210109T000000_5
2021-01-09T03:50:47.129,0.98,-161.073,54.902,2160.651,0.084,0.35,-0.002,4.0,6,20210109T000000_6
2021-01-09T04:45:55.079,1.533,-161.003,55.151,37864.645,0.554,0.707,-0.213,5.0,7,20210109T000000_7
2021-01-09T04:46:06.051,1.32,-161.006,54.993,46317.552,0.517,0.457,0.005,5.0,8,20210109T000000_8
2021-01-09T05:05:20.356,1.378,-162.773,54.902,61000.0,0.992,0.371,-0.176,10.0,9,20210109T000000_9
2021-01-09T05:23:29.815,1.493,-162.432,55.023,27466.008,0.811,0.342,0.074,13.924,10,20210109T000000_10
2021-01-09T06:59:07.008,0.619,-161.456,55.275,8405.619,0.201,0.708,-0.006,6.0,11,20210109T000000_11
2021-01-09T06:59:22.782,0.519,-162.058,55.292,23623.695,0.974,0.526,-0.205,5.849,12,20210109T000000_12
2021-01-09T07:16:40.399,1.617,-161.8,54.905,13767.902,0.65,0.254,0.038,11.0,13,20210109T000000_13
2021-01-09T07:16:53.258,2.133,-161.767,54.905,14659.715,0.626,0.253,-0.037,8.881,14,20210109T000000_14
2021-01-09T07:28:39.448,0.293,-161.766,55.489,692.086,0.332,0.414,-0.086,6.0,15,20210109T000000_15
2021-01-09T07:32:36.863,0.375,-161.808,55.473,592.151,0.238,0.521,-0.077,6.0,16,20210109T000000_16
2021-01-09T07:47:42.047,0.353,-161.82,55.473,600.315,0.2,0.463,-0.053,6.0,17,20210109T000000_17
2021-01-09T07:49:08.259,1.533,-162.709,54.902,43762.136,0.186,0.276,0.014,4.81,19,20210109T000000_19
2021-01-09T07:49:16.501,0.413,-161.778,55.17,0.0,0.543,0.556,0.074,8.195,18,20210109T000000_18
2021-01-09T07:49:28.733,0.369,-161.493,55.185,214.846,0.686,0.169,0.058,4.995,20,20210109T000000_20
2021-01-09T07:54:32.644,1.455,-161.758,54.905,9841.322,0.534,0.323,0.067,12.0,21,20210109T000000_21
2021-01-09T07:54:33.422,2.162,-161.436,54.904,61000.0,0.896,0.33,0.115,5.002,22,20210109T000000_22
2021-01-09T07:54:45.622,1.839,-161.395,55.032,27663.565,0.07,0.212,0.009,4.998,23,20210109T000000_23
2021-01-09T07:56:43.940,1.622,-161.775,54.905,16571.285,0.462,0.422,0.042,10.794,24,20210109T000000_24
2021-01-09T08:33:26.036,1.22,-162.343,55.038,61000.0,0.301,0.479,0.007,4.0,1,20210109T080000_1
2021-01-09T09:08:11.757,1.456,-161.807,54.905,16741.733,0.414,0.303,0.028,10.0,2,20210109T080000_2
2021-01-09T09:08:24.895,1.948,-161.737,54.905,16959.849,0.77,0.209,-0.016,10.982,3,20210109T080000_3
2021-01-09T09:15:46.919,0.189,-161.78,55.464,512.502,0.28,0.42,-0.078,5.0,4,20210109T080000_4
2021-01-09T09:33:18.721,1.642,-161.763,54.905,19523.189,0.502,0.41,0.001,10.756,5,20210109T080000_5
2021-01-09T09:33:22.068,2.315,-162.786,55.493,61000.0,0.4,0.213,-0.03,5.059,6,20210109T080000_6
2021-01-09T10:26:49.945,1.541,-162.002,54.905,61000.0,0.64,0.458,-0.024,10.0,7,20210109T080000_7
2021-01-09T10:54:23.737,0.265,-161.835,55.412,155.797,0.547,0.602,-0.158,6.0,8,20210109T080000_8
2021-01-09T11:53:04.866,1.124,-161.008,54.917,13412.27,0.084,0.337,-0.001,4.0,9,20210109T080000_9
2021-01-09T11:53:19.450,1.031,-161.392,54.904,29973.958,0.316,0.36,-0.016,4.0,10,20210109T080000_10
2021-01-09T12:12:46.278,1.898,-161.285,54.903,61000.0,0.345,0.295,-0.024,10.0,11,20210109T080000_11
2021-01-09T12:12:53.938,2.369,-161.179,54.903,61000.0,0.544,0.229,-0.027,10.0,12,20210109T080000_12
2021-01-09T13:42:03.094,1.994,-161.477,55.59,61000.0,0.557,0.318,0.027,10.982,13,20210109T080000_13
2021-01-09T13:44:34.602,1.659,-161.601,54.905,61000.0,0.806,0.443,-0.059,14.0,14,20210109T080000_14
2021-01-10T01:59:26.289,1.581,-162.774,54.978,45681.217,0.134,0.412,0.019,6.0,2,20210110T000000_2
2021-01-10T01:59:36.589,1.67,-162.775,55.001,34794.83,0.383,0.418,0.061,4.0,1,20210110T000000_1
2021-01-10T02:20:19.461,1.327,-161.333,54.904,35451.484,0.183,0.417,-0.005,4.0,3,20210110T000000_3
2021-01-10T05:58:16.124,1.792,-162.766,55.73,61000.0,0.571,0.555,0.193,4.542,4,20210110T000000_4
2021-01-10T06:17:15.664,1.818,-161.004,55.101,47743.188,0.301,0.448,-0.024,4.922,5,20210110T000000_5
2021-01-10T06:17:31.944,1.65,-160.998,55.372,23142.487,0.515,0.38,-0.116,5.0,6,20210110T000000_6
2021-01-10T10:15:28.440,2.149,-161.516,54.904,47916.57,0.524,0.336,0.001,11.0,1,20210110T080000_1
2021-01-10T10:15:43.364,2.155,-161.514,54.904,27894.67,0.629,0.189,0.037,9.754,2,20210110T080000_2
2021-01-10T12:29:35.818,1.164,-161.569,55.127,523.12,0.177,0.405,0.006,7.0,3,20210110T080000_3
2021-01-10T13:18:27.558,1.791,-161.513,55.459,41033.231,0.153,0.408,0.023,6.0,4,20210110T080000_4
2021-01-10T14:32:10.570,2.399,-161.14,54.903,47898.431,0.243,0.24,0.013,11.0,5,20210110T080000_5
2021-01-10T14:32:18.310,2.676,-161.129,54.905,61000.0,0.112,0.321,-0.019,3.783,6,20210110T080000_6
2021-01-10T14:32:36.356,1.894,-161.419,55.331,16249.204,0.027,0.209,0.007,4.217,7,20210110T080000_7
2021-01-10T15:38:51.068,0.518,-161.652,55.277,178.095,0.796,0.533,0.639,5.0,8,20210110T080000_8
2021-01-10T20:34:30.999,2.757,-162.719,54.902,61000.0,1.042,0.309,-0.089,21.0,1,20210110T160000_1
2021-01-10T21:02:32.313,2.532,-162.743,54.902,61000.0,0.321,0.421,-0.026,4.463,2,20210110T160000_2
2021-01-10T21:02:34.386,2.423,-161.71,54.905,61000.0,0.971,0.53,0.007,8.543,3,20210110T160000_3
2021-01-10T22:31:37.984,2.481,-162.773,54.902,61000.0,1.011,0.375,-0.066,13.13,4,20210110T160000_4
2021-01-11T01:19:51.711,1.412,-161.135,54.905,613.146,0.056,0.469,0.007,4.0,1,20210111T000000_1
2021-01-11T01:32:26.176,0.061,-161.964,55.361,0.0,0.207,0.38,0.051,4.0,2,20210111T000000_2
2021-01-11T02:24:19.632,1.601,-161.617,54.905,32273.062,0.391,0.181,-0.011,4.0,3,20210111T000000_3
2021-01-11T03:58:05.333,1.825,-161.002,55.161,7122.422,0.43,0.605,0.087,6.0,4,20210111T000000_4
2021-01-11T03:58:29.870,0.921,-161.568,55.368,3838.447,0.145,0.356,-0.029,4.668,5,20210111T000000_5
2021-01-11T07:19:28.556,3.139,-162.321,54.904,7606.397,0.189,0.475,-0.014,11.021,6,20210111T000000_6
2021-01-11T07:19:45.296,3.955,-162.775,55.034,342.593,0.46,0.237,0.022,4.888,7,20210111T000000_7
2021-01-11T07:44:43.295,1.222,-162.315,54.904,0.0,0.334,0.332,-0.009,5.941,8,20210111T000000_8
2021-01-11T08:00:29.463,1.702,-162.398,54.904,12632.264,0.34,0.439,-0.038,8.512,1,20210111T080000_1
2021-01-11T09:23:56.832,2.009,-162.344,54.904,1250.454,0.793,0.552,0.073,11.0,2,20210111T080000_2
2021-01-11T09:24:14.458,2.055,-162.433,54.904,9564.713,0.453,0.528,0.006,6.954,3,20210111T080000_3
2021-01-11T09:24:28.531,1.529,-162.26,55.376,0.0,0.118,0.265,-0.003,4.046,4,20210111T080000_4
2021-01-11T10:45:20.562,2.425,-162.256,54.904,986.219,0.306,0.47,0.032,9.756,5,20210111T080000_5
2021-01-11T10:45:38.950,3.023,-162.391,54.904,0.0,0.731,0.55,0.056,8.0,6,20210111T080000_6
2021-01-11T10:49:53.775,-0.053,-161.732,55.346,0.0,0.351,0.579,0.045,5.0,7,20210111T080000_7
2021-01-11T11:07:38.864,2.331,-161.363,54.904,61000.0,0.329,0.321,-0.006,10.147,8,20210111T080000_8
2021-01-11T11:07:54.709,2.187,-161.398,54.904,28367.139,0.308,0.275,0.037,7.97,9,20210111T080000_9
2021-01-11T11:14:38.540,1.727,-161.348,54.904,45176.118,0.31,0.494,0.066,6.0,10,20210111T080000_10
2021-01-11T12:15:18.628,0.873,-161.445,55.238,261.626,0.103,0.485,0.032,4.0,11,20210111T080000_11
2021-01-11T13:10:21.841,-0.312,-161.764,55.39,0.0,0.388,0.869,0.005,4.0,12,20210111T080000_12
2021-01-11T13:50:57.187,1.499,-160.998,55.368,13287.146,0.304,0.563,-0.054,4.0,13,20210111T080000_13
2021-01-11T15:39:51.036,1.716,-161.003,55.136,960.956,0.137,0.454,-0.019,6.0,14,20210111T080000_14
2021-01-11T15:39:56.112,2.188,-161.003,55.132,61000.0,0.472,0.485,-0.105,5.0,15,20210111T080000_15
2021-01-11T16:27:17.615,1.739,-161.099,55.272,61000.0,0.433,0.536,-0.039,10.0,1,20210111T160000_1
2021-01-11T21:17:28.554,2.933,-161.0,55.267,61000.0,0.315,0.178,0.005,10.88,2,20210111T160000_2
2021-01-11T21:17:54.893,3.036,-161.213,55.372,61000.0,0.288,0.273,0.019,3.538,3,20210111T160000_3
2021-01-12T02:46:29.318,1.358,-161.0,55.268,61000.0,0.415,0.458,-0.049,5.0,1,20210112T000000_1
2021-01-12T03:22:53.059,1.379,-161.335,54.904,0.0,0.225,0.434,0.059,5.0,2,20210112T000000_2
2021-01-12T03:27:14.309,-0.153,-161.866,55.155,0.0,0.488,0.75,0.08,4.0,3,20210112T000000_3
2021-01-12T06:14:30.972,1.161,-161.381,55.019,878.238,0.101,0.394,0.019,6.0,4,20210112T000000_4
2021-01-12T07:14:59.934,2.331,-161.004,55.094,60347.174,0.366,0.229,0.007,10.903,5,20210112T000000_5
2021-01-12T07:15:07.600,2.838,-162.773,54.902,61000.0,0.995,0.212,-0.003,4.322,6,20210112T000000_6
2021-01-12T07:15:08.483,2.718,-162.028,55.922,61000.0,0.829,0.272,0.087,6.607,7,20210112T000000_7
2021-01-12T07:25:26.547,-0.609,-161.82,55.368,0.0,0.637,0.721,0.076,5.0,8,20210112T000000_8
2021-01-12T10:56:13.526,1.651,-161.007,54.944,61000.0,0.258,0.523,0.008,4.0,1,20210112T080000_1
2021-01-12T11:37:24.173,1.479,-161.802,54.905,16355.206,0.478,0.362,0.048,9.0,2,20210112T080000_2
2021-01-12T11:37:37.147,1.874,-161.786,54.905,20275.331,0.916,0.313,0.048,9.0,3,20210112T080000_3
2021-01-12T11:58:44.963,0.251,-161.434,55.195,372.297,0.006,0.252,0.001,4.0,4,20210112T080000_4
2021-01-12T12:44:23.312,2.797,-161.686,54.905,61000.0,1.064,0.324,-0.125,22.0,5,20210112T080000_5
2021-01-12T14:13:21.331,2.7,-161.413,54.904,51704.005,0.624,0.262,0.02,11.628,6,20210112T080000_6
2021-01-12T14:13:40.690,2.846,-161.255,55.456,61000.0,0.199,0.194,-0.006,3.22,7,20210112T080000_7
2021-01-12T15:20:39.687,1.436,-162.397,54.904,11968.799,0.364,0.504,-0.043,6.522,8,20210112T080000_8
2021-01-12T15:20:41.248,2.344,-162.788,55.596,61000.0,1.049,0.584,0.122,3.805,9,20210112T080000_9
2021-01-12T15:48:47.105,3.252,-161.367,54.904,55737.401,0.395,0.252,0.019,10.9,10,20210112T080000_10
2021-01-12T15:48:58.249,3.837,-161.569,54.904,60626.444,0.922,0.263,-0.055,8.82,11,20210112T080000_11
2021-01-12T17:55:01.364,1.225,-161.806,54.905,7316.479,0.438,0.316,0.023,9.0,1,20210112T160000_1
2021-01-12T17:55:13.653,1.849,-161.807,54.905,24280.133,0.846,0.309,-0.072,7.0,2,20210112T160000_2
2021-01-12T18:00:16.581,1.371,-161.778,54.905,18014.854,0.433,0.279,0.045,8.0,3,20210112T160000_3
2021-01-12T18:00:30.826,1.695,-161.748,54.905,9174.179,0.966,0.251,0.112,8.0,4,20210112T160000_4
2021-01-12T19:06:46.287,1.323,-161.735,54.905,13833.171,0.581,0.327,0.059,8.0,5,20210112T160000_5
2021-01-12T19:07:00.567,1.451,-161.739,54.905,7257.526,0.59,0.285,0.05,6.0,6,20210112T160000_6
2021-01-12T20:52:13.730,1.841,-161.372,54.904,37224.053,0.204,0.304,0.003,8.0,7,20210112T160000_7
2021-01-12T20:52:39.076,1.062,-161.88,55.127,10102.556,0.404,0.295,-0.003,7.879,8,20210112T160000_8
2021-01-12T21:02:31.185,1.491,-161.8,54.905,15031.382,0.455,0.345,0.016,9.97,9,20210112T160000_9
2021-01-12T21:02:43.040,1.729,-162.057,54.905,39048.565,0.322,0.198,-0.017,4.882,10,20210112T160000_10
2021-01-12T21:24:05.620,1.735,-162.773,54.902,24775.615,0.5,0.419,-0.036,8.0,11,20210112T160000_11
2021-01-12T21:24:41.664,1.62,-162.254,54.904,0.0,0.457,0.516,0.047,7.0,12,20210112T160000_12
2021-01-12T21:30:10.902,1.546,-161.017,54.902,18548.746,0.108,0.441,0.017,5.0,13,20210112T160000_13
2021-01-12T21:30:19.906,1.497,-161.008,54.912,36458.78,0.078,0.303,-0.002,4.0,14,20210112T160000_14
2021-01-12T21:37:24.117,1.392,-161.005,55.05,0.0,0.05,0.347,0.009,4.0,15,20210112T160000_15
2021-01-12T21:37:49.856,0.555,-161.719,55.261,7868.901,0.604,0.389,-0.094,5.0,16,20210112T160000_16
2021-01-13T00:01:46.838,2.89,-161.969,54.905,61000.0,0.477,0.34,-0.034,20.871,1,20210113T000000_1
2021-01-13T05:51:13.126,1.283,-160.998,55.367,25418.139,0.402,0.509,-0.112,5.0,2,20210113T000000_2
2021-01-13T08:00:58.513,-0.297,-161.726,55.318,0.0,0.049,0.62,0.013,4.0,1,20210113T080000_1
2021-01-13T11:30:24.022,1.595,-161.004,55.066,37955.354,0.335,0.384,-0.026,7.0,2,20210113T080000_2
2021-01-13T11:30:31.636,1.803,-161.002,55.169,61000.0,0.703,0.358,-0.124,9.0,3,20210113T080000_3
2021-01-13T12:29:25.893,1.677,-161.494,55.187,61000.0,0.529,0.102,-0.023,4.0,4,20210113T080000_4
2021-01-13T12:33:22.470,1.95,-161.003,55.15,61000.0,0.406,0.287,-0.001,10.0,5,20210113T080000_5
2021-01-13T12:33:32.125,2.197,-161.002,55.165,61000.0,0.819,0.272,-0.023,10.0,6,20210113T080000_6
2021-01-13T12:35:39.878,1.474,-161.529,54.991,30614.627,0.243,0.321,-0.003,7.764,7,20210113T080000_7
2021-01-13T12:35:57.288,1.482,-161.435,55.125,29703.195,0.067,0.369,-0.008,5.0,8,20210113T080000_8
2021-01-13T12:57:51.024,1.413,-161.273,54.903,23609.844,0.239,0.466,-0.024,6.0,9,20210113T080000_9
2021-01-13T12:57:59.894,1.623,-161.267,54.903,45914.372,0.449,0.332,0.026,6.0,10,20210113T080000_10
2021-01-13T14:42:16.525,0.657,-161.891,55.373,23940.429,0.632,0.519,-0.206,5.0,11,20210113T080000_11
2021-01-13T14:45:26.775,1.352,-160.999,55.314,40706.749,0.28,0.444,-0.058,5.0,12,20210113T080000_12
2021-01-13T14:57:12.243,0.796,-162.04,55.052,0.0,0.212,0.279,-0.043,10.0,13,20210113T080000_13
2021-01-13T15:22:07.033,1.852,-161.302,54.903,36049.031,0.441,0.258,0.013,10.0,14,20210113T080000_14
2021-01-13T15:22:21.077,1.592,-161.304,54.903,728.761,0.163,0.259,0.01,6.0,15,20210113T080000_15
2021-01-13T15:42:10.465,1.292,-161.411,54.904,37420.979,0.067,0.437,-0.004,6.0,16,20210113T080000_16
2021-01-13T15:53:50.282,1.138,-161.006,54.99,0.0,0.051,0.46,-0.013,4.0,17,20210113T080000_17
2021-01-13T16:13:51.301,1.851,-161.36,54.904,42318.46,0.372,0.244,0.007,11.0,1,20210113T160000_1
2021-01-13T16:14:07.312,1.815,-161.519,54.904,18304.741,0.707,0.264,0.114,8.0,2,20210113T160000_2
2021-01-13T16:23:59.523,1.735,-161.008,54.902,61000.0,1.074,0.322,0.064,13.0,3,20210113T160000_3
2021-01-13T16:40:02.233,0.248,-161.374,55.151,432.56,0.118,0.282,0.016,4.0,4,20210113T160000_4
2021-01-13T19:42:34.114,1.272,-161.008,54.902,29227.879,0.595,0.344,-0.121,4.0,5,20210113T160000_5
2021-01-13T20:28:47.907,1.369,-161.002,55.155,25688.702,0.171,0.448,-0.017,6.0,6,20210113T160000_6
2021-01-13T20:28:54.877,1.793,-161.002,55.168,58000.306,0.473,0.391,-0.045,7.0,7,20210113T160000_7
2021-01-13T20:42:18.124,1.523,-161.535,54.904,61000.0,0.538,0.36,-0.022,5.043,8,20210113T160000_8
2021-01-13T20:47:12.078,1.579,-161.008,54.902,61000.0,0.536,0.43,0.01,6.0,9,20210113T160000_9
2021-01-13T20:56:30.078,0.534,-162.049,55.042,0.0,0.405,0.362,-0.033,7.0,10,20210113T160000_10
2021-01-13T21:12:17.917,1.847,-161.002,55.153,60241.171,0.397,0.302,-0.003,9.0,11,20210113T160000_11
2021-01-13T21:12:27.620,2.139,-161.002,55.162,61000.0,0.67,0.256,0.006,11.0,12,20210113T160000_12
2021-01-13T21:31:22.143,1.81,-161.002,55.159,53721.874,0.362,0.376,-0.005,9.0,13,20210113T160000_13
2021-01-13T21:31:34.889,1.888,-161.001,55.205,44093.236,0.806,0.317,0.01,10.0,14,20210113T160000_14
2021-01-13T21:35:11.097,1.795,-161.34,54.904,59435.434,0.645,0.38,0.042,9.0,15,20210113T160000_15
2021-01-13T21:35:28.181,1.299,-161.476,54.904,25155.507,0.438,0.247,0.01,5.0,16,20210113T160000_16
2021-01-13T21:42:11.191,2.634,-161.003,55.139,61000.0,0.458,0.27,0.021,11.917,17,20210113T160000_17
2021-01-13T21:42:19.123,3.387,-162.19,55.921,61000.0,0.478,0.26,0.048,5.457,18,20210113T160000_18
2021-01-13T21:46:06.043,1.108,-161.03,54.902,0.0,0.531,0.482,-0.044,5.0,19,20210113T160000_19
2021-01-13T21:46:17.914,0.793,-161.494,54.904,854.93,0.439,0.279,-0.008,4.0,20,20210113T160000_20
2021-01-13T22:12:18.716,0.75,-161.285,55.085,18101.127,0.518,0.024,-0.002,3.717,21,20210113T160000_21
2021-01-13T22:24:55.991,0.635,-162.041,55.039,0.0,0.139,0.129,-0.012,7.0,22,20210113T160000_22
2021-01-13T22:45:41.958,0.911,-162.037,55.054,1080.362,0.109,0.269,0.001,11.0,23,20210113T160000_23
2021-01-13T22:46:11.567,0.565,-162.042,55.041,0.0,0.12,0.142,-0.007,6.0,24,20210113T160000_24
2021-01-13T22:54:22.287,0.453,-162.04,55.05,0.0,0.163,0.188,-0.013,7.0,25,20210113T160000_25
2021-01-13T23:19:55.014,0.685,-162.047,55.086,1370.746,0.297,0.29,0.02,14.0,26,20210113T160000_26
2021-01-13T23:37:36.610,0.717,-162.044,55.087,226.135,0.314,0.284,0.008,12.0,27,20210113T160000_27
2021-01-13T23:38:24.331,0.9,-160.997,55.413,1827.777,0.189,0.504,-0.014,4.0,28,20210113T160000_28
2021-01-13T23:45:35.425,1.323,-161.136,55.897,464.396,0.682,0.487,-0.154,8.0,29,20210113T160000_29
2021-01-13T23:49:38.277,1.299,-162.046,55.088,2974.61,0.306,0.268,0.003,16.0,30,20210113T160000_30
2021-01-13T23:52:02.572,1.039,-162.049,55.089,33.813,0.292,0.278,0.009,16.0,31,20210113T160000_31
2021-01-14T00:04:49.950,0.566,-162.044,55.045,0.0,0.141,0.118,-0.008,6.0,1,20210114T000000_1
2021-01-14T00:05:51.268,1.569,-161.333,54.904,35770.523,0.076,0.373,-0.015,7.0,2,20210114T000000_2
2021-01-14T00:06:08.661,1.315,-162.033,54.905,20122.513,0.519,0.288,0.045,5.0,3,20210114T000000_3
2021-01-14T00:38:13.018,1.553,-161.477,55.652,58935.623,0.417,0.457,-0.01,9.0,4,20210114T000000_4
2021-01-14T00:58:05.796,0.74,-162.045,55.051,0.0,0.121,0.275,-0.014,9.0,5,20210114T000000_5
2021-01-14T01:31:55.665,0.1,-162.216,55.166,9175.44,0.907,0.297,0.052,5.0,6,20210114T000000_6
2021-01-14T02:07:59.918,1.802,-162.484,54.903,61000.0,0.328,0.093,-0.021,5.169,7,20210114T000000_7
2021-01-14T02:08:03.898,1.535,-161.319,54.904,0.0,0.639,0.337,0.02,7.824,8,20210114T000000_8
2021-01-14T02:08:11.110,1.499,-161.254,54.903,0.0,0.403,0.352,-0.043,6.007,9,20210114T000000_9
2021-01-14T02:16:46.131,1.614,-162.773,54.902,61000.0,0.379,0.166,-0.036,4.371,10,20210114T000000_10
2021-01-14T02:16:50.392,1.363,-161.238,54.903,0.0,0.474,0.366,0.042,6.519,11,20210114T000000_11
2021-01-14T02:17:02.072,1.081,-161.964,54.905,0.0,0.347,0.273,-0.012,6.11,12,20210114T000000_12
2021-01-14T03:09:01.699,0.891,-161.068,54.902,13289.889,0.227,0.481,-0.007,4.0,13,20210114T000000_13
2021-01-14T03:41:37.621,2.546,-162.773,54.902,61000.0,0.607,0.104,0.011,6.951,14,20210114T000000_14
2021-01-14T03:41:40.459,2.246,-161.133,54.903,0.0,0.567,0.178,0.014,8.846,15,20210114T000000_15
2021-01-14T03:41:52.108,2.226,-161.658,54.905,0.0,0.434,0.2,-0.048,5.204,16,20210114T000000_16
2021-01-14T04:31:54.681,0.079,-161.594,55.354,0.0,0.02,0.594,0.008,4.0,17,20210114T000000_17
2021-01-14T05:15:40.188,1.225,-162.699,55.058,220.205,0.211,0.408,0.048,9.0,18,20210114T000000_18
2021-01-14T05:28:25.834,0.581,-162.056,55.038,0.0,0.228,0.175,-0.021,6.0,19,20210114T000000_19
2021-01-14T05:36:10.611,1.487,-161.178,54.903,61000.0,0.582,0.512,-0.16,5.677,20,20210114T000000_20
2021-01-14T06:06:00.749,2.657,-161.339,54.904,57711.501,0.528,0.195,0.028,10.838,21,20210114T000000_21
2021-01-14T06:06:09.530,2.997,-162.789,55.629,61000.0,0.555,0.134,0.058,3.912,23,20210114T000000_23
2021-01-14T06:06:15.615,2.704,-162.165,54.905,39365.87,0.511,0.28,-0.022,4.089,22,20210114T000000_22
2021-01-14T06:11:28.116,0.594,-161.666,55.31,28668.178,0.0,0.079,0.0,4.0,24,20210114T000000_24
2021-01-14T06:23:37.547,1.061,-161.008,54.902,28302.77,0.255,0.44,-0.004,4.0,25,20210114T000000_25
2021-01-14T06:30:48.883,2.02,-161.702,54.905,61000.0,0.819,0.348,-0.066,19.0,26,20210114T000000_26
2021-01-14T06:32:58.202,3.582,-161.654,54.905,61000.0,1.062,0.37,-0.124,23.0,27,20210114T000000_27
2021-01-14T06:33:54.675,2.816,-161.705,54.905,61000.0,1.013,0.217,-0.05,15.993,28,20210114T000000_28
2021-01-14T06:38:29.335,1.533,-161.793,54.905,61000.0,0.967,0.401,-0.141,16.0,29,20210114T000000_29
2021-01-14T06:43:28.700,1.837,-161.695,54.905,61000.0,0.917,0.343,-0.1,19.975,30,20210114T000000_30
2021-01-14T06:45:17.416,1.881,-161.326,54.904,43277.891,0.378,0.237,0.011,10.0,31,20210114T000000_31
2021-01-14T06:45:32.355,1.582,-161.435,54.904,21666.609,0.476,0.351,-0.021,8.0,32,20210114T000000_32
2021-01-14T07:12:26.847,1.804,-161.008,54.902,61000.0,0.943,0.428,-0.385,12.977,33,20210114T000000_33
2021-01-14T09:54:39.419,2.142,-161.202,54.903,57360.988,0.358,0.185,0.018,11.905,1,20210114T080000_1
2021-01-14T09:54:47.303,2.552,-162.572,55.824,61000.0,0.748,0.321,0.098,4.038,2,20210114T080000_2
2021-01-14T09:57:10.746,1.952,-161.166,54.903,50349.835,0.369,0.287,0.02,10.778,3,20210114T080000_3
2021-01-14T09:57:18.167,2.119,-162.594,55.829,61000.0,0.784,0.267,0.068,5.866,4,20210114T080000_4
2021-01-14T10:18:04.779,1.449,-161.923,54.905,61000.0,0.284,0.501,-0.044,4.0,5,20210114T080000_5
2021-01-14T11:01:30.551,2.229,-161.673,54.905,61000.0,0.98,0.327,-0.101,22.0,6,20210114T080000_6
2021-01-14T11:54:46.761,0.909,-161.373,55.689,3166.844,0.325,0.523,0.007,6.0,7,20210114T080000_7
2021-01-14T12:42:27.250,0.8,-161.962,55.062,0.0,1.138,0.169,-0.01,5.0,8,20210114T080000_8
2021-01-14T13:22:24.211,0.95,-160.99,55.688,61000.0,0.393,0.093,-0.003,5.0,9,20210114T080000_9
2021-01-14T14:33:52.730,1.966,-161.008,54.903,37794.363,0.249,0.311,0.029,9.0,10,20210114T080000_10
2021-01-14T14:34:00.044,1.86,-161.008,54.909,52948.51,0.608,0.368,0.017,7.0,11,20210114T080000_11
2021-01-14T15:59:36.359,0.429,-161.908,55.183,28394.693,0.156,0.501,-0.004,6.0,12,20210114T080000_12
2021-01-14T15:59:49.413,1.165,-162.375,55.101,45678.417,0.604,0.241,0.006,7.0,1,20210114T160000_1
2021-01-14T17:08:27.320,2.328,-161.004,55.077,61000.0,0.372,0.173,0.022,10.872,2,20210114T160000_2
2021-01-14T17:08:35.332,2.818,-162.186,55.921,61000.0,0.391,0.323,0.055,5.177,4,20210114T160000_4
2021-01-14T17:08:35.341,2.852,-162.773,54.902,61000.0,1.044,0.16,-0.071,4.834,3,20210114T160000_3
2021-01-14T18:00:34.318,1.857,-161.201,55.269,61000.0,0.184,0.402,-0.048,5.0,5,20210114T160000_5
2021-01-14T18:14:24.500,1.66,-161.008,54.902,61000.0,1.229,0.38,0.265,9.0,6,20210114T160000_6
2021-01-14T18:40:54.870,0.45,-161.664,55.287,122.692,0.509,0.561,0.066,4.0,7,20210114T160000_7
2021-01-14T19:23:41.475,1.836,-162.674,54.902,61000.0,0.518,0.383,-0.078,9.998,8,20210114T160000_8
2021-01-14T20:10:10.783,0.741,-161.551,55.142,20254.704,0.224,0.476,-0.02,5.0,9,20210114T160000_9
2021-01-14T20:19:08.890,0.97,-162.618,54.915,7693.676,0.123,0.251,0.011,4.0,10,20210114T160000_10
2021-01-14T20:19:15.275,1.569,-162.697,54.902,0.0,0.584,0.471,-0.157,7.0,11,20210114T160000_11
2021-01-14T20:44:44.536,1.867,-162.773,54.902,38434.727,0.763,0.134,0.054,5.0,12,20210114T160000_12
2021-01-14T21:31:37.276,1.397,-160.999,55.301,27800.162,0.207,0.457,-0.031,5.0,13,20210114T160000_13
2021-01-14T21:31:47.330,1.562,-160.999,55.314,45857.985,0.31,0.46,0.012,5.0,14,20210114T160000_14
2021-01-14T21:44:05.977,1.57,-162.389,54.904,61000.0,0.513,0.404,-0.054,9.0,15,20210114T160000_15
2021-01-14T22:32:15.312,2.339,-161.085,55.425,61000.0,0.266,0.319,0.035,8.846,16,20210114T160000_16
2021-01-14T22:51:21.910,0.286,-161.946,55.311,18957.216,0.275,0.507,0.016,6.0,17,20210114T160000_17
2021-01-14T23:09:42.899,1.624,-161.028,55.038,1986.815,0.067,0.387,0.0,6.0,18,20210114T160000_18
2021-01-14T23:09:50.998,1.861,-161.311,54.904,51521.535,0.592,0.386,0.039,6.0,19,20210114T160000_19
2021-01-14T23:56:03.173,1.509,-161.669,54.905,61000.0,0.915,0.48,-0.129,9.0,20,20210114T160000_20
2021-01-15T01:01:13.140,2.059,-162.611,54.903,61000.0,0.798,0.353,-0.068,8.913,1,20210115T000000_1
2021-01-15T01:53:42.086,1.83,-161.643,54.905,61000.0,0.604,0.474,-0.071,9.142,2,20210115T000000_2
2021-01-15T01:53:50.243,1.479,-161.7,54.905,29128.469,0.316,0.476,0.017,4.858,3,20210115T000000_3
2021-01-15T03:08:58.739,1.93,-161.165,54.903,40039.561,0.203,0.384,-0.004,6.999,4,20210115T000000_4
2021-01-15T03:09:17.094,1.666,-161.042,55.218,282.006,0.124,0.417,0.023,4.95,5,20210115T000000_5
2021-01-15T03:54:44.182,2.075,-161.007,54.949,61000.0,0.768,0.446,0.019,18.0,6,20210115T000000_6
2021-01-15T07:46:29.544,0.912,-161.692,54.905,0.0,0.378,0.377,-0.061,4.0,7,20210115T000000_7
2021-01-15T11:40:16.855,1.477,-161.003,55.114,48771.501,0.501,0.508,-0.011,6.0,1,20210115T080000_1
2021-01-15T15:49:16.153,1.744,-161.535,54.904,57544.102,0.354,0.506,-0.03,5.993,2,20210115T080000_2
2021-01-15T16:08:08.374,1.608,-161.24,54.903,38963.608,0.161,0.37,-0.006,5.0,1,20210115T160000_1
2021-01-15T16:08:17.828,1.684,-161.286,54.903,45051.356,0.447,0.351,0.012,5.0,2,20210115T160000_2
2021-01-15T17:17:59.419,1.272,-161.042,55.215,1835.853,0.166,0.486,-0.032,5.0,3,20210115T160000_3
2021-01-15T17:18:03.388,1.704,-161.004,55.081,61000.0,0.427,0.468,0.057,4.803,4,20210115T160000_4
2021-01-15T18:13:59.785,1.764,-161.171,54.903,35737.209,0.173,0.386,-0.009,8.0,5,20210115T160000_5
2021-01-15T18:22:17.542,1.876,-161.007,54.929,47586.436,0.215,0.447,0.001,8.0,6,20210115T160000_6
2021-01-15T18:22:23.631,2.018,-161.008,54.914,60365.336,0.252,0.44,-0.002,7.0,7,20210115T160000_7
2021-01-15T21:12:38.052,0.894,-161.775,55.562,6899.549,0.456,0.337,0.022,11.0,8,20210115T160000_8
2021-01-15T21:30:44.227,1.087,-161.097,54.902,14549.303,0.078,0.461,-0.012,4.0,9,20210115T160000_9
2021-01-16T03:39:31.948,0.872,-162.178,55.149,4772.191,0.388,0.52,0.04,4.524,1,20210116T000000_1
2021-01-16T03:46:09.406,1.021,-161.74,55.188,32863.815,0.0,0.312,0.0,4.0,2,20210116T000000_2
2021-01-16T04:15:07.626,1.53,-161.002,55.16,45361.967,0.251,0.429,-0.048,5.706,3,20210116T000000_3
2021-01-16T04:15:35.784,0.568,-161.907,55.315,14166.661,0.293,0.434,-0.053,5.0,4,20210116T000000_4
2021-01-16T05:14:48.376,-0.027,-161.572,55.293,209.52,0.33,0.135,0.0,4.0,5,20210116T000000_5
2021-01-16T06:41:58.339,1.66,-161.437,54.904,48526.59,0.302,0.392,-0.023,8.958,6,20210116T000000_6
2021-01-16T06:42:26.193,0.671,-161.855,55.211,14529.47,0.085,0.13,-0.016,3.783,7,20210116T000000_7
2021-01-16T07:11:07.309,1.185,-161.006,54.991,0.0,0.027,0.443,-0.007,4.0,8,20210116T000000_8
2021-01-16T09:04:06.724,0.916,-162.05,54.905,0.0,0.282,0.172,0.022,4.576,1,20210116T080000_1
2021-01-16T11:12:33.202,0.811,-162.298,55.194,16714.618,0.114,0.093,0.002,5.0,2,20210116T080000_2
2021-01-16T11:17:09.174,1.546,-161.656,55.097,61000.0,0.136,0.391,0.007,4.0,3,20210116T080000_3
2021-01-16T11:47:09.287,2.375,-161.118,54.902,56744.893,0.323,0.186,0.015,11.0,4,20210116T080000_4
2021-01-16T11:47:16.137,2.468,-161.008,54.915,59198.509,0.756,0.211,-0.012,11.0,5,20210116T080000_5
2021-01-16T18:00:25.472,2.029,-161.26,55.324,61000.0,0.428,0.361,-0.051,4.0,1,20210116T160000_1
2021-01-16T20:41:35.211,2.912,-162.773,54.902,61000.0,0.787,0.2,0.065,8.268,2,20210116T160000_2
2021-01-16T20:41:39.526,2.334,-161.379,54.904,0.0,0.323,0.229,0.014,7.553,3,20210116T160000_3
2021-01-17T08:14:33.182,2.858,-161.008,54.902,61000.0,0.745,0.274,0.001,21.0,1,20210117T080000_1
2021-01-17T12:02:50.915,1.619,-162.552,54.903,61000.0,0.677,0.408,0.115,5.0,2,20210117T080000_2
2021-01-17T16:26:14.695,1.055,-161.959,55.045,10206.013,0.175,0.378,-0.019,8.0,1,20210117T160000_1
2021-01-17T18:26:02.037,2.081,-161.924,54.905,61000.0,0.725,0.343,-0.17,16.0,2,20210117T160000_2
2021-01-17T18:59:24.345,2.748,-162.773,54.902,25098.487,0.094,0.374,0.006,4.52,3,20210117T160000_3
2021-01-17T18:59:25.804,2.331,-161.509,54.904,104.363,0.254,0.206,0.004,7.09,4,20210117T160000_4
2021-01-17T18:59:34.877,2.675,-161.953,54.905,53.297,0.46,0.182,-0.031,9.389,5,20210117T160000_5
2021-01-17T19:38:53.946,1.825,-162.773,54.902,61000.0,1.038,0.38,-0.194,12.0,6,20210117T160000_6
2021-01-17T19:59:15.484,2.207,-161.007,54.928,57483.854,0.194,0.308,-0.021,8.326,7,20210117T160000_7
2021-01-17T19:59:28.887,2.091,-161.955,54.905,58167.732,0.377,0.277,-0.053,3.894,8,20210117T160000_8
2021-01-17T20:28:46.747,2.364,-161.662,54.905,61000.0,0.928,0.326,-0.175,18.0,9,20210117T160000_9
2021-01-17T22:21:05.266,2.727,-161.665,54.905,61000.0,1.043,0.252,-0.16,22.0,10,20210117T160000_10
2021-01-18T02:07:32.326,1.573,-161.019,54.902,2661.196,0.069,0.424,0.012,5.0,1,20210118T000000_1
2021-01-18T02:27:23.206,1.302,-161.143,55.023,221.904,0.032,0.441,-0.001,5.0,2,20210118T000000_2
2021-01-18T02:56:47.809,1.813,-161.094,54.902,40299.235,0.209,0.307,-0.021,6.985,3,20210118T000000_3
2021-01-18T06:44:23.444,0.369,-161.592,55.463,9066.16,0.117,0.2,-0.007,5.0,4,20210118T000000_4
2021-01-18T09:17:27.863,1.819,-161.182,54.903,0.0,0.295,0.259,-0.018,5.101,1,20210118T080000_1
2021-01-18T09:17:48.914,0.924,-161.697,55.209,0.0,0.425,0.281,0.046,5.952,2,20210118T080000_2
2021-01-18T14:01:11.577,0.804,-161.461,55.262,242.579,0.112,0.399,0.026,4.0,3,20210118T080000_3
2021-01-18T14:24:40.458,1.809,-161.005,55.042,3891.008,0.302,0.47,0.084,5.0,4,20210118T080000_4
2021-01-18T20:06:27.460,1.085,-161.472,55.249,0.0,0.018,0.312,-0.004,5.0,1,20210118T160000_1
2021-01-18T20:06:30.121,1.686,-161.006,55.013,38066.753,0.016,0.311,0.003,3.696,2,20210118T160000_2
2021-01-18T20:08:15.799,1.025,-161.341,55.206,26598.026,0.0,0.333,-0.0,4.0,3,20210118T160000_3
2021-01-18T21:44:13.525,1.927,-161.523,55.669,61000.0,0.24,0.463,0.012,7.625,4,20210118T160000_4
2021-01-18T21:44:14.740,1.965,-161.063,54.976,52035.701,0.484,0.424,0.021,7.375,5,20210118T160000_5
2021-01-18T22:02:48.080,-0.695,-161.809,55.341,0.0,0.36,0.523,0.064,4.0,6,20210118T160000_6
2021-01-18T22:02:51.662,1.011,-161.086,55.188,27483.252,0.0,0.206,0.0,4.0,7,20210118T160000_7
2021-01-18T22:37:40.410,2.073,-161.498,54.904,33535.272,0.44,0.229,0.031,11.0,8,20210118T160000_8
2021-01-18T22:37:50.581,2.629,-161.463,54.904,44834.22,0.578,0.223,-0.029,10.0,9,20210118T160000_9
2021-01-19T00:14:19.996,1.538,-161.513,54.904,42448.281,0.034,0.46,-0.011,5.0,1,20210119T000000_1
2021-01-19T02:21:48.618,2.362,-161.12,54.902,56055.271,0.273,0.179,-0.002,10.0,2,20210119T000000_2
2021-01-19T02:21:55.345,2.742,-161.05,54.902,61000.0,0.756,0.269,0.053,10.0,3,20210119T000000_3
2021-01-19T02:22:54.676,2.477,-161.075,54.902,55674.794,0.294,0.157,0.013,10.0,4,20210119T000000_4
2021-01-19T02:23:01.730,2.724,-161.059,54.902,61000.0,0.541,0.245,0.035,10.0,5,20210119T000000_5
2021-01-19T02:24:27.017,2.887,-161.099,54.902,53109.934,0.273,0.197,0.023,10.0,6,20210119T000000_6
2021-01-19T02:24:35.469,3.577,-161.148,54.903,56659.652,0.507,0.263,0.022,11.0,7,20210119T000000_7
2021-01-19T02:25:22.387,2.848,-161.091,54.902,61000.0,0.559,0.218,-0.053,9.806,8,20210119T000000_8
2021-01-19T02:26:21.186,2.393,-161.037,54.902,52034.175,0.285,0.211,0.0,9.0,9,20210119T000000_9
2021-01-19T02:26:28.955,2.579,-161.087,54.902,57265.978,0.566,0.236,0.072,11.0,10,20210119T000000_10
2021-01-19T02:31:49.927,1.78,-161.083,54.902,44455.647,0.263,0.449,0.002,7.0,11,20210119T000000_11
2021-01-19T02:32:01.753,1.467,-161.524,55.011,61000.0,0.468,0.43,0.088,5.0,12,20210119T000000_12
2021-01-19T02:35:02.338,1.879,-161.078,54.902,45649.069,0.231,0.358,-0.014,8.0,13,20210119T000000_13
2021-01-19T02:35:11.030,1.716,-161.181,54.903,53080.222,0.574,0.326,0.027,5.0,14,20210119T000000_14
2021-01-19T02:41:36.671,0.97,-161.535,55.126,21429.701,0.232,0.546,-0.041,6.0,15,20210119T000000_15
2021-01-19T02:46:21.979,1.079,-161.63,55.124,22488.745,0.417,0.495,-0.027,9.0,16,20210119T000000_16
2021-01-19T02:46:22.685,1.707,-161.155,54.903,53408.503,0.442,0.389,0.011,6.0,17,20210119T000000_17
2021-01-19T02:47:00.122,1.223,-161.006,55.013,1216.375,0.139,0.249,0.014,4.0,18,20210119T000000_18
2021-01-19T02:47:03.643,1.855,-161.101,54.902,61000.0,0.44,0.365,0.06,6.0,19,20210119T000000_19
2021-01-19T03:07:35.951,1.824,-161.108,54.902,47604.335,0.244,0.445,-0.001,8.0,20,20210119T000000_20
2021-01-19T03:07:45.407,1.783,-161.134,54.903,45291.305,0.448,0.405,-0.004,7.0,21,20210119T000000_21
2021-01-19T03:39:41.851,2.058,-161.142,54.903,54935.115,0.278,0.286,-0.016,9.83,22,20210119T000000_22
2021-01-19T03:39:53.058,2.01,-162.023,54.905,61000.0,0.694,0.335,-0.041,4.743,23,20210119T000000_23
2021-01-19T04:22:18.007,1.751,-161.048,54.902,39079.242,0.184,0.41,0.008,8.0,24,20210119T000000_24
2021-01-19T04:22:28.721,1.417,-161.007,54.957,30169.462,0.435,0.408,-0.011,5.0,25,20210119T000000_25
2021-01-19T04:56:08.826,1.2,-161.397,54.904,27370.219,0.213,0.434,-0.003,5.0,26,20210119T000000_26
2021-01-19T04:56:24.380,1.075,-161.58,54.905,31168.772,0.424,0.254,0.002,4.0,27,20210119T000000_27
2021-01-19T05:12:50.298,0.969,-162.319,55.628,18429.666,0.11,0.45,0.025,4.0,28,20210119T000000_28
2021-01-19T08:10:52.815,1.514,-161.448,54.904,35237.441,0.353,0.381,-0.012,9.0,1,20210119T080000_1
2021-01-19T08:11:06.450,1.432,-161.559,54.904,34585.735,0.573,0.312,-0.011,7.0,2,20210119T080000_2
2021-01-19T09:02:36.300,1.06,-161.344,54.904,31713.093,0.315,0.56,0.033,6.0,3,20210119T080000_3
2021-01-19T09:03:45.087,1.706,-162.631,54.903,61000.0,0.451,0.405,0.071,9.169,4,20210119T080000_4
2021-01-19T09:03:46.287,1.961,-161.878,54.905,61000.0,0.434,0.084,-0.038,4.831,5,20210119T080000_5
2021-01-19T09:11:05.624,1.452,-161.134,54.903,35255.204,0.273,0.494,-0.026,7.0,6,20210119T080000_6
2021-01-19T09:11:15.104,1.373,-161.007,54.956,32800.512,0.486,0.449,-0.0,5.0,7,20210119T080000_7
2021-01-19T09:39:36.560,3.0,-161.584,54.905,61000.0,0.851,0.34,-0.219,20.0,8,20210119T080000_8
2021-01-19T10:15:16.864,1.218,-162.778,55.165,61000.0,0.37,0.485,-0.0,4.0,9,20210119T080000_9
2021-01-19T11:37:07.234,0.368,-161.283,55.208,737.069,0.057,0.233,0.006,4.0,10,20210119T080000_10
2021-01-19T12:27:59.612,1.088,-162.285,55.012,8390.781,0.432,0.381,0.064,7.065,11,20210119T080000_11
2021-01-19T12:28:33.768,1.272,-162.482,54.997,0.0,0.474,0.332,0.033,4.0,12,20210119T080000_12
2021-01-19T14:19:31.369,0.723,-162.215,55.111,14392.518,0.061,0.113,-0.001,6.0,13,20210119T080000_13
2021-01-19T15:59:48.790,1.711,-161.796,55.125,61000.0,0.243,0.498,-0.071,5.0,1,20210119T160000_1
2021-01-19T17:02:57.690,1.642,-162.773,54.902,61000.0,0.942,0.331,-0.131,11.0,2,20210119T160000_2
2021-01-19T18:07:58.971,2.179,-160.998,55.366,42257.583,0.447,0.229,0.035,10.0,3,20210119T160000_3
2021-01-19T18:08:18.764,2.554,-160.999,55.287,35274.632,0.705,0.345,0.058,9.0,4,20210119T160000_4
2021-01-19T18:37:51.104,0.439,-161.794,55.094,13596.548,0.101,0.185,-0.006,5.0,5,20210119T160000_5
2021-01-19T21:57:11.427,1.256,-161.57,54.99,24227.065,0.277,0.398,-0.058,7.0,6,20210119T160000_6
2021-01-19T21:57:32.174,1.175,-161.628,55.092,0.0,0.403,0.404,-0.006,4.864,7,20210119T160000_7
2021-01-19T23:32:54.805,1.261,-161.149,54.903,6719.545,0.064,0.368,-0.005,4.0,8,20210119T160000_8
2021-01-19T23:43:06.720,0.872,-162.091,55.073,723.696,0.35,0.108,0.004,9.0,9,20210119T160000_9
2021-01-19T23:59:47.840,1.703,-162.461,55.387,61000.0,0.563,0.557,-0.121,6.0,1,20210120T000000_1
2021-01-20T01:44:41.086,-0.144,-161.722,55.343,0.0,0.101,0.655,0.044,4.0,2,20210120T000000_2
2021-01-20T02:06:52.778,3.471,-161.008,54.902,61000.0,0.506,0.189,0.033,12.808,3,20210120T000000_3
2021-01-20T02:06:57.638,3.85,-161.008,54.902,45662.191,0.456,0.216,0.03,8.998,4,20210120T000000_4
2021-01-20T05:28:37.030,1.046,-160.998,55.376,58377.125,0.159,0.256,0.019,4.0,5,20210120T000000_5
2021-01-20T08:22:29.918,2.362,-161.21,54.903,49279.548,0.271,0.199,0.009,9.0,1,20210120T080000_1
2021-01-20T08:22:35.590,2.878,-161.096,54.902,61000.0,0.826,0.196,-0.046,9.876,2,20210120T080000_2
2021-01-20T19:50:07.599,2.244,-161.121,54.902,60098.639,0.191,0.278,0.012,8.0,1,20210120T160000_1
2021-01-20T19:50:15.763,2.351,-161.062,54.902,52561.288,0.591,0.288,-0.005,8.0,2,20210120T160000_2
2021-01-20T21:22:26.735,2.137,-161.008,54.911,48115.9,0.121,0.309,-0.006,7.0,3,20210120T160000_3
2021-01-20T21:22:41.340,2.1,-161.374,54.904,42961.507,0.343,0.322,0.054,6.0,4,20210120T160000_4
2021-01-20T21:30:29.043,1.945,-161.008,54.926,33048.027,0.288,0.321,0.025,7.0,5,20210120T160000_5
2021-01-20T21:30:38.059,2.282,-161.007,54.928,32983.2,0.31,0.397,0.04,5.736,6,20210120T160000_6
2021-01-21T01:55:34.052,2.412,-161.336,54.904,61000.0,0.689,0.176,0.026,11.0,1,20210121T000000_1
2021-01-21T01:55:51.369,2.283,-161.493,54.904,23369.83,0.698,0.225,0.008,8.0,2,20210121T000000_2
2021-01-21T05:01:54.088,1.91,-161.005,55.037,18711.801,0.52,0.381,0.099,7.0,3,20210121T000000_3
2021-01-21T05:02:00.523,2.499,-161.002,55.187,60599.32,0.564,0.235,-0.06,7.0,4,20210121T000000_4
2021-01-21T05:03:57.256,1.572,-162.773,54.902,61000.0,1.078,0.348,0.049,4.0,5,20210121T000000_5
2021-01-21T05:06:45.581,1.644,-161.006,55.011,14311.44,0.355,0.484,-0.02,5.0,6,20210121T000000_6
2021-01-21T05:06:56.666,1.991,-161.003,55.11,34580.969,0.643,0.403,0.033,7.0,7,20210121T000000_7
2021-01-21T07:20:49.154,-0.16,-161.731,55.351,0.0,0.085,0.6,0.029,4.0,8,20210121T000000_8
2021-01-21T07:21:13.278,0.188,-161.727,55.414,100.459,0.385,0.52,-0.022,4.0,9,20210121T000000_9
2021-01-21T07:50:07.617,1.589,-162.572,54.903,61000.0,0.644,0.463,0.157,7.645,10,20210121T000000_10
2021-01-21T08:08:29.203,2.271,-161.008,54.906,50330.482,0.361,0.255,0.021,10.0,1,20210121T080000_1
2021-01-21T08:08:35.765,2.523,-161.043,54.902,61000.0,0.409,0.259,0.013,10.0,2,20210121T080000_2
2021-01-21T08:21:17.591,1.394,-161.003,55.124,31229.002,0.18,0.475,0.014,5.0,3,20210121T080000_3
2021-01-21T08:21:44.701,0.247,-161.806,55.358,14729.985,0.101,0.376,-0.019,5.0,4,20210121T080000_4
2021-01-21T12:18:47.685,1.709,-162.754,54.902,61000.0,1.093,0.403,0.093,9.099,5,20210121T080000_5
2021-01-21T12:34:23.210,2.756,-162.237,55.039,61000.0,0.392,0.346,0.009,10.0,6,20210121T080000_6
2021-01-21T13:36:05.104,2.195,-162.779,55.171,61000.0,0.349,0.374,-0.048,8.999,8,20210121T080000_8
2021-01-21T13:36:16.127,1.925,-162.78,55.227,39721.116,0.876,0.338,-0.28,8.001,7,20210121T080000_7
2021-01-21T16:27:56.898,2.897,-162.138,54.905,61000.0,0.809,0.238,-0.101,17.454,1,20210121T160000_1
2021-01-21T17:08:10.045,1.79,-161.008,54.902,61000.0,0.786,0.456,-0.131,8.0,2,20210121T160000_2
2021-01-21T18:11:25.202,2.386,-161.007,54.952,60836.351,0.238,0.179,-0.001,10.0,3,20210121T160000_3
2021-01-21T18:11:33.051,2.597,-161.007,54.936,57984.479,0.758,0.239,-0.018,11.0,4,20210121T160000_4
2021-01-21T20:41:39.902,2.506,-161.007,54.954,61000.0,0.27,0.173,0.015,10.0,5,20210121T160000_5
2021-01-21T20:41:47.134,2.918,-161.007,54.935,61000.0,0.729,0.245,0.015,9.0,6,20210121T160000_6
2021-01-21T21:22:57.256,1.803,-161.002,55.186,55862.556,0.766,0.514,-0.127,6.0,8,20210121T160000_8
2021-01-21T21:23:00.438,0.618,-161.711,55.174,11218.842,0.0,0.525,0.0,4.0,7,20210121T160000_7
2021-01-21T23:35:31.041,1.546,-161.317,54.904,33971.657,0.131,0.473,-0.023,5.0,9,20210121T160000_9
2021-01-22T05:08:26.486,1.605,-161.794,54.905,61000.0,0.369,0.223,-0.025,5.0,1,20210122T000000_1
2021-01-22T05:08:53.306,1.525,-161.786,54.905,18478.357,0.551,0.151,0.003,7.0,2,20210122T000000_2
2021-01-22T06:05:52.743,0.458,-162.037,55.358,17966.578,0.551,0.565,-0.037,4.0,3,20210122T000000_3
2021-01-22T09:44:34.429,0.951,-161.438,55.365,21058.415,0.0,0.515,-0.0,4.0,1,20210122T080000_1
2021-01-22T11:08:16.096,1.434,-161.275,54.903,29398.405,0.109,0.394,0.006,5.0,2,20210122T080000_2
2021-01-22T11:08:31.165,1.469,-161.502,54.904,18479.418,0.317,0.269,0.012,6.0,3,20210122T080000_3
2021-01-22T11:29:20.993,1.596,-161.502,54.904,30055.1,0.314,0.27,0.019,8.0,4,20210122T080000_4
2021-01-22T11:29:30.464,2.149,-161.476,54.904,48552.606,0.524,0.224,-0.086,9.0,5,20210122T080000_5
2021-01-22T12:58:02.748,1.975,-162.648,54.903,61000.0,0.818,0.232,-0.045,10.0,6,20210122T080000_6
2021-01-22T14:38:42.454,1.778,-162.655,54.902,61000.0,0.366,0.321,0.036,4.984,7,20210122T080000_7
2021-01-22T14:38:43.281,1.928,-161.826,54.905,61000.0,0.441,0.079,-0.03,4.016,8,20210122T080000_8
2021-01-22T15:34:56.878,0.155,-161.904,55.393,12818.478,0.489,0.733,-0.105,4.0,9,20210122T080000_9
2021-01-22T15:59:48.990,1.887,-162.236,55.324,61000.0,0.179,0.105,0.007,4.0,1,20210122T160000_1
2021-01-22T16:21:00.275,1.419,-161.062,54.902,37301.168,0.337,0.337,-0.025,4.0,2,20210122T160000_2
2021-01-22T18:34:49.814,1.681,-161.004,55.081,36928.505,0.155,0.428,-0.0,5.0,3,20210122T160000_3
2021-01-22T18:34:57.812,1.885,-161.003,55.114,56557.309,0.458,0.336,0.01,5.0,4,20210122T160000_4
2021-01-22T19:16:43.450,2.045,-161.28,54.903,40060.467,0.329,0.207,0.027,10.0,5,20210122T160000_5
2021-01-22T19:16:52.972,2.283,-161.349,54.904,46887.699,0.547,0.267,0.003,9.0,6,20210122T160000_6
2021-01-22T19:42:17.815,0.508,-161.932,55.381,22741.206,0.633,0.555,-0.132,5.0,7,20210122T160000_7
2021-01-22T19:48:55.541,2.011,-161.043,54.902,52475.866,0.234,0.267,0.007,9.0,8,20210122T160000_8
2021-01-22T19:49:02.605,2.339,-161.063,54.902,60338.068,0.447,0.247,-0.005,11.0,9,20210122T160000_9
2021-01-22T21:06:35.504,2.095,-161.681,54.911,61000.0,0.168,0.317,-0.005,16.0,10,20210122T160000_10
2021-01-22T22:25:43.953,0.271,-161.733,55.19,0.0,0.485,0.26,0.037,5.881,11,20210122T160000_11
2021-01-22T22:25:58.803,0.564,-162.013,55.253,6012.183,0.643,0.359,-0.086,7.0,12,20210122T160000_12
2021-01-22T22:26:34.672,1.445,-161.427,55.174,5141.419,0.703,0.423,0.101,9.994,13,20210122T160000_13
2021-01-22T22:26:37.670,2.211,-161.159,54.903,926.306,0.52,0.198,-0.02,6.222,14,20210122T160000_14
2021-01-23T02:35:58.977,0.865,-161.667,55.302,24052.434,0.289,0.769,-0.036,5.0,1,20210123T000000_1
2021-01-23T04:02:01.254,1.289,-161.599,54.905,36756.605,0.495,0.463,-0.095,6.0,2,20210123T000000_2
2021-01-23T05:34:53.798,2.392,-161.003,55.138,57682.732,0.332,0.214,0.012,11.0,3,20210123T000000_3
2021-01-23T05:35:02.967,2.905,-161.003,55.116,61000.0,0.747,0.254,-0.068,11.0,4,20210123T000000_4
2021-01-23T07:07:10.302,1.738,-161.002,55.162,42271.801,0.159,0.391,0.001,6.0,5,20210123T000000_5
2021-01-23T07:07:18.160,2.228,-161.002,55.19,60239.427,0.524,0.3,-0.07,8.0,6,20210123T000000_6
2021-01-23T07:11:40.622,1.689,-161.298,54.903,37681.676,0.177,0.362,-0.013,7.992,7,20210123T000000_7
2021-01-23T07:12:05.563,1.691,-162.323,55.572,4078.527,0.399,0.391,0.03,5.062,8,20210123T000000_8
2021-01-23T07:12:09.417,1.748,-162.403,55.284,25423.63,0.173,0.224,-0.003,3.817,9,20210123T000000_9
2021-01-23T08:38:43.252,2.065,-162.187,54.905,0.0,0.23,0.343,0.011,9.847,1,20210123T080000_1
2021-01-23T08:38:54.044,2.677,-162.25,54.904,0.0,0.758,0.289,-0.05,8.064,2,20210123T080000_2
2021-01-23T10:30:24.457,0.027,-161.776,55.183,0.0,0.615,0.16,0.012,5.0,3,20210123T080000_3
2021-01-23T10:30:27.914,0.975,-161.733,54.905,18658.894,0.125,0.303,-0.005,4.0,4,20210123T080000_4
2021-01-23T12:41:43.057,1.422,-161.008,54.902,61000.0,1.299,0.372,0.171,8.0,5,20210123T080000_5
2021-01-23T13:28:33.850,1.571,-161.001,55.234,35742.862,0.454,0.345,-0.002,5.0,6,20210123T080000_6
2021-01-23T14:06:21.405,1.683,-162.745,54.902,34513.366,0.042,0.276,0.006,4.988,7,20210123T080000_7
2021-01-23T14:06:28.149,0.446,-161.72,55.15,0.0,0.394,0.458,0.033,5.946,8,20210123T080000_8
2021-01-23T14:06:44.901,0.353,-161.799,55.24,0.0,0.24,0.301,0.036,6.0,9,20210123T080000_9
2021-01-23T15:49:24.066,0.683,-162.074,55.408,29861.539,0.322,0.52,-0.015,4.0,10,20210123T080000_10
2021-01-23T16:56:22.727,1.777,-161.328,54.904,0.0,0.395,0.265,0.04,6.505,1,20210123T160000_1
2021-01-23T16:56:34.689,1.717,-161.822,54.905,3257.897,0.627,0.177,0.033,8.777,2,20210123T160000_2
2021-01-23T17:16:11.972,1.177,-161.24,54.903,1275.018,0.28,0.448,0.018,4.0,3,20210123T160000_3
2021-01-23T19:27:58.448,2.154,-162.773,54.902,37336.062,0.192,0.332,0.008,5.04,4,20210123T160000_4
2021-01-23T19:28:06.065,1.489,-161.746,55.154,0.0,0.339,0.391,0.074,8.872,5,20210123T160000_5
2021-01-23T19:28:20.343,1.564,-161.819,55.172,6209.998,0.191,0.35,0.015,6.377,6,20210123T160000_6
2021-01-23T21:06:21.082,1.709,-161.293,54.903,44897.657,0.109,0.352,0.011,6.0,7,20210123T160000_7
2021-01-23T21:06:48.955,0.555,-161.868,55.164,3502.192,0.175,0.397,-0.027,4.951,8,20210123T160000_8
2021-01-23T21:14:28.607,0.375,-161.662,55.276,26302.644,0.3,0.269,0.014,4.0,9,20210123T160000_9
2021-01-23T22:28:14.472,2.044,-161.253,54.903,36235.698,0.383,0.227,0.03,8.865,10,20210123T160000_10
2021-01-23T22:28:44.325,0.583,-161.683,55.332,3117.998,0.028,0.335,0.004,5.0,11,20210123T160000_11
2021-01-24T00:40:59.744,2.167,-162.774,54.956,45676.93,0.245,0.288,0.037,9.881,1,20210124T000000_1
2021-01-24T00:41:13.431,2.209,-162.783,55.363,61000.0,0.934,0.272,0.13,5.997,2,20210124T000000_2
2021-01-24T04:43:07.253,1.865,-161.014,54.902,39943.404,0.197,0.187,0.012,7.0,3,20210124T000000_3
2021-01-24T04:43:15.741,2.204,-161.136,54.903,50164.137,0.457,0.265,0.012,10.0,4,20210124T000000_4
2021-01-24T06:46:37.868,1.833,-161.669,54.905,29546.361,0.312,0.201,-0.02,10.0,5,20210124T000000_5
2021-01-24T06:46:46.854,2.178,-161.675,54.905,30028.467,0.757,0.194,-0.003,10.0,6,20210124T000000_6
2021-01-24T07:42:43.213,0.285,-161.708,55.157,25322.297,0.449,0.207,0.028,6.0,7,20210124T000000_7
2021-01-24T10:39:21.032,1.899,-161.459,54.904,39260.415,0.573,0.242,0.071,12.0,1,20210124T080000_1
2021-01-24T10:39:38.228,2.007,-161.415,54.904,0.0,0.734,0.208,0.064,8.0,2,20210124T080000_2
2021-01-24T11:56:31.870,0.862,-161.008,54.904,25013.484,0.142,0.431,-0.004,6.0,3,20210124T080000_3
2021-01-24T12:12:05.598,0.849,-161.525,55.162,0.0,0.049,0.51,0.003,4.0,4,20210124T080000_4
2021-01-24T12:21:59.121,2.043,-161.007,54.928,55239.798,0.392,0.277,0.005,10.518,5,20210124T080000_5
2021-01-24T12:22:00.823,2.186,-161.008,54.902,61000.0,0.439,0.221,-0.04,10.482,6,20210124T080000_6
2021-01-24T13:54:12.151,1.576,-161.548,55.011,37747.152,0.407,0.28,-0.012,10.0,7,20210124T080000_7
2021-01-24T13:54:34.567,1.665,-161.463,54.995,261.989,0.808,0.343,0.154,5.112,8,20210124T080000_8
2021-01-24T13:55:16.987,0.991,-162.015,55.178,30522.404,0.202,0.207,0.01,4.855,9,20210124T080000_9
2021-01-24T13:55:34.351,1.567,-161.271,54.903,34587.894,0.19,0.243,0.019,5.99,10,20210124T080000_10
2021-01-24T13:55:59.798,0.938,-162.043,55.218,18090.949,0.505,0.204,-0.055,4.975,11,20210124T080000_11
2021-01-24T15:10:40.340,1.53,-161.322,54.904,51022.681,0.178,0.385,-0.001,6.965,12,20210124T080000_12
2021-01-24T15:11:08.564,0.86,-162.151,55.257,7225.123,0.551,0.268,-0.059,4.923,13,20210124T080000_13
2021-01-24T16:09:10.087,1.42,-162.773,54.902,44253.856,0.902,0.208,-0.088,7.0,1,20210124T160000_1
2021-01-24T16:55:38.645,2.094,-161.008,54.902,61000.0,0.946,0.255,0.074,20.0,2,20210124T160000_2
2021-01-24T18:57:07.641,2.292,-161.281,54.903,41441.109,0.357,0.132,-0.014,10.0,3,20210124T160000_3
2021-01-24T18:57:17.797,2.435,-161.382,54.904,52097.823,0.81,0.194,0.004,11.0,4,20210124T160000_4
2021-01-24T19:12:01.383,0.737,-161.676,54.905,22549.819,0.252,0.422,-0.002,3.384,5,20210124T160000_5
2021-01-24T19:21:36.997,1.498,-161.008,54.907,29280.541,0.152,0.463,-0.027,6.0,6,20210124T160000_6
2021-01-24T19:35:58.197,0.994,-162.131,54.905,39287.925,0.683,0.269,0.038,5.0,7,20210124T160000_7
2021-01-24T20:52:42.363,1.359,-161.12,54.902,36758.693,0.247,0.482,-0.016,5.0,8,20210124T160000_8
2021-01-24T21:12:09.527,1.481,-161.313,54.904,40516.396,0.168,0.331,-0.006,6.0,9,20210124T160000_9
2021-01-24T21:12:25.530,1.304,-161.419,54.904,10467.42,0.553,0.262,0.063,6.0,10,20210124T160000_10
2021-01-24T21:16:25.218,5.313,-162.773,54.902,61000.0,0.846,0.346,-0.082,22.0,11,20210124T160000_11
2021-01-24T22:43:33.669,2.004,-161.012,54.902,49061.392,0.284,0.161,0.012,10.0,12,20210124T160000_12
2021-01-24T22:43:42.945,2.155,-161.067,54.902,46700.546,0.562,0.26,0.009,10.0,13,20210124T160000_13
2021-01-24T22:45:33.457,1.536,-161.166,54.903,45170.273,0.177,0.243,0.009,6.0,14,20210124T160000_14
2021-01-24T22:45:42.297,1.578,-161.177,54.903,48436.265,0.626,0.278,0.012,6.0,15,20210124T160000_15
2021-01-24T23:13:36.409,2.072,-161.422,54.904,52308.274,0.441,0.192,0.006,10.999,16,20210124T160000_16
2021-01-24T23:13:46.900,2.505,-161.446,54.904,54916.936,0.657,0.215,-0.023,9.995,17,20210124T160000_17
2021-01-25T04:42:40.985,0.751,-161.38,55.252,11044.868,0.145,0.439,0.035,6.0,1,20210125T000000_1
2021-01-25T05:26:58.856,1.239,-161.783,54.905,61000.0,0.787,0.391,-0.154,8.0,2,20210125T000000_2
2021-01-25T05:35:15.139,0.689,-161.517,55.136,721.898,0.118,0.381,-0.002,5.0,3,20210125T000000_3
2021-01-25T06:23:36.638,1.911,-161.008,54.921,45339.165,0.205,0.195,0.006,9.0,4,20210125T000000_4
2021-01-25T06:23:45.324,2.031,-161.008,54.902,43568.712,0.64,0.247,-0.039,9.0,5,20210125T000000_5
2021-01-25T08:17:14.469,1.638,-161.218,54.903,37406.804,0.19,0.206,-0.005,6.0,1,20210125T080000_1
2021-01-25T08:17:27.010,1.455,-161.347,54.904,35047.209,0.522,0.248,0.02,4.0,2,20210125T080000_2
2021-01-25T13:35:20.348,1.121,-161.365,54.904,0.0,0.189,0.289,-0.019,4.933,3,20210125T080000_3
2021-01-25T13:35:30.651,1.001,-161.661,54.905,0.0,0.438,0.153,-0.009,3.905,4,20210125T080000_4
2021-01-25T15:34:56.332,1.469,-162.331,54.904,16741.568,0.202,0.421,0.04,8.365,5,20210125T080000_5
2021-01-25T15:35:04.877,2.249,-162.556,55.157,61000.0,0.821,0.371,-0.151,6.0,6,20210125T080000_6
2021-01-25T21:59:07.217,1.379,-161.792,55.104,12859.301,0.476,0.237,-0.016,6.0,1,20210125T160000_1
2021-01-26T01:51:53.108,-1.289,-161.808,55.371,344.495,0.0,1.081,0.0,4.0,1,20210126T000000_1
2021-01-26T05:04:33.321,1.675,-161.005,55.026,37573.984,0.24,0.412,0.013,5.0,2,20210126T000000_2
2021-01-26T05:04:39.867,1.908,-161.006,55.004,44687.636,0.244,0.417,-0.021,4.0,3,20210126T000000_3
2021-01-26T07:54:40.500,1.595,-161.008,54.902,56302.045,0.495,0.371,-0.102,4.978,4,20210126T000000_4
2021-01-26T09:19:27.981,1.591,-161.008,54.902,61000.0,0.954,0.425,0.084,6.0,1,20210126T080000_1
2021-01-26T13:38:25.752,1.449,-161.558,54.904,61000.0,0.941,0.516,-0.15,4.0,2,20210126T080000_2
2021-01-26T14:33:16.793,2.41,-162.773,54.902,61000.0,0.799,0.265,0.007,8.696,3,20210126T080000_3
2021-01-26T14:33:34.635,1.975,-162.164,54.905,863.694,0.319,0.345,0.034,5.833,4,20210126T080000_4
2021-01-26T15:22:10.032,1.469,-161.008,54.904,32990.644,0.156,0.434,-0.005,3.94,5,20210126T080000_5
2021-01-26T15:38:44.784,1.718,-161.1,54.902,44239.011,0.242,0.387,-0.002,6.0,6,20210126T080000_6
2021-01-26T15:38:51.580,1.835,-161.185,54.903,61000.0,0.599,0.355,-0.013,6.0,7,20210126T080000_7
2021-01-26T16:12:10.021,0.516,-161.339,55.22,626.183,0.063,0.19,0.006,4.0,1,20210126T160000_1
2021-01-26T16:12:16.890,1.537,-161.397,54.904,28978.707,0.712,0.325,0.021,6.0,2,20210126T160000_2
2021-01-26T19:19:30.150,1.536,-161.122,54.902,45917.551,0.201,0.453,-0.017,5.0,3,20210126T160000_3
2021-01-26T19:36:58.166,1.51,-162.549,54.903,61000.0,0.555,0.388,0.088,8.113,4,20210126T160000_4
2021-01-26T21:59:35.339,1.055,-161.002,55.175,13606.551,0.041,0.39,0.003,5.0,5,20210126T160000_5
2021-01-26T21:59:40.931,1.404,-161.005,55.043,52971.415,0.334,0.282,-0.002,4.0,6,20210126T160000_6
2021-01-26T22:17:12.787,1.922,-162.244,54.904,61000.0,0.969,0.419,-0.092,19.0,7,20210126T160000_7
2021-01-26T22:24:48.628,1.645,-161.392,55.702,60358.196,0.391,0.459,0.176,8.0,8,20210126T160000_8
2021-01-26T22:30:34.335,0.884,-161.786,54.905,34148.441,0.136,0.325,-0.007,4.0,9,20210126T160000_9
2021-01-26T23:38:13.319,2.107,-162.773,54.902,61000.0,1.117,0.265,-0.099,21.0,10,20210126T160000_10
2021-01-26T23:39:22.119,1.972,-161.284,54.903,43771.037,0.367,0.187,0.03,11.0,11,20210126T160000_11
2021-01-26T23:39:27.585,2.172,-161.363,54.935,61000.0,0.443,0.206,0.029,10.0,12,20210126T160000_12
2021-01-26T23:47:28.678,1.936,-162.314,54.904,61000.0,0.588,0.335,-0.123,20.0,13,20210126T160000_13
2021-01-27T00:29:43.688,1.787,-161.008,54.902,61000.0,0.934,0.371,-0.067,8.66,1,20210127T000000_1
2021-01-27T00:29:53.419,1.402,-162.773,54.902,36.586,1.078,0.293,0.015,8.34,2,20210127T000000_2
2021-01-27T00:31:13.224,1.182,-162.773,54.902,61000.0,0.961,0.431,-0.026,7.0,3,20210127T000000_3
2021-01-27T00:37:14.998,1.315,-162.773,54.902,61000.0,0.482,0.377,-0.256,9.0,4,20210127T000000_4
2021-01-27T01:20:38.092,1.699,-161.246,55.473,61000.0,0.539,0.395,-0.025,8.756,5,20210127T000000_5
2021-01-27T01:21:13.714,2.074,-161.554,55.602,61000.0,0.049,0.339,-0.003,6.0,6,20210127T000000_6
2021-01-27T01:40:24.783,1.407,-161.175,54.903,31206.989,0.198,0.391,-0.019,5.0,7,20210127T000000_7
2021-01-27T01:40:38.471,0.988,-161.452,54.904,35043.368,0.438,0.367,-0.012,5.0,8,20210127T000000_8
2021-01-27T01:42:28.133,1.14,-161.429,54.904,19513.773,0.245,0.333,0.009,4.971,9,20210127T000000_9
2021-01-27T02:06:27.237,1.151,-161.006,54.974,3399.486,0.191,0.4,0.015,5.0,10,20210127T000000_10
2021-01-27T02:06:35.284,1.235,-161.007,54.932,34821.61,0.42,0.373,-0.005,4.0,11,20210127T000000_11
2021-01-27T02:07:18.578,1.808,-162.775,55.024,61000.0,0.401,0.395,0.034,12.205,13,20210127T000000_13
2021-01-27T02:07:21.393,1.765,-162.609,54.914,61000.0,0.566,0.481,-0.079,9.795,12,20210127T000000_12
2021-01-27T02:11:56.277,1.444,-161.003,55.136,61000.0,0.946,0.388,0.089,10.0,14,20210127T000000_14
2021-01-27T03:08:54.473,-0.202,-161.515,55.271,7767.1,0.0,0.298,0.0,3.923,15,20210127T000000_15
2021-01-27T04:14:06.588,1.599,-162.575,54.903,61000.0,0.565,0.272,0.029,9.608,16,20210127T000000_16
2021-01-27T04:23:59.838,1.7,-161.019,54.902,53796.088,0.254,0.404,0.029,9.0,17,20210127T000000_17
2021-01-27T04:24:10.464,1.325,-161.17,54.903,46781.039,0.646,0.307,0.02,5.0,18,20210127T000000_18
2021-01-27T04:46:02.486,2.193,-161.117,55.114,61000.0,0.368,0.152,0.006,21.922,19,20210127T000000_19
2021-01-27T07:10:23.311,1.382,-161.531,54.904,40402.791,0.27,0.284,-0.009,7.749,20,20210127T000000_20
2021-01-27T07:10:32.619,1.691,-161.491,55.62,29775.19,0.5,0.191,0.003,4.251,21,20210127T000000_21
2021-01-27T07:10:40.293,1.308,-161.001,55.206,3661.846,0.427,0.355,0.032,5.0,22,20210127T000000_22
2021-01-27T07:47:33.552,1.472,-161.198,54.903,40792.614,0.167,0.321,0.004,5.0,23,20210127T000000_23
2021-01-27T07:47:51.155,1.23,-161.001,55.206,749.23,0.144,0.327,0.029,4.0,24,20210127T000000_24
2021-01-27T08:54:47.732,0.969,-161.152,54.903,0.0,0.795,0.443,-0.136,4.0,1,20210127T080000_1
2021-01-27T08:54:59.126,0.749,-161.569,54.904,27.757,0.342,0.226,-0.008,4.0,2,20210127T080000_2
2021-01-27T09:06:01.263,2.0,-162.773,54.902,61000.0,0.915,0.369,-0.186,20.0,3,20210127T080000_3
2021-01-27T09:53:40.710,1.515,-161.002,55.161,61000.0,0.225,0.42,-0.03,6.0,4,20210127T080000_4
2021-01-27T09:53:50.613,1.576,-161.002,55.175,61000.0,0.574,0.394,-0.082,7.0,5,20210127T080000_5
2021-01-27T11:39:55.293,1.258,-161.51,54.904,25470.464,0.108,0.386,0.012,3.999,6,20210127T080000_6
2021-01-27T13:40:16.256,1.997,-161.002,55.16,61000.0,0.196,0.233,-0.009,9.0,7,20210127T080000_7
2021-01-27T13:40:25.896,2.276,-161.003,55.143,61000.0,0.592,0.238,-0.022,10.0,8,20210127T080000_8
2021-01-27T14:03:06.851,1.315,-161.007,54.969,50371.983,0.218,0.498,-0.006,4.0,9,20210127T080000_9
2021-01-27T14:03:20.890,1.169,-161.006,55.011,15427.425,0.475,0.401,0.033,5.0,10,20210127T080000_10
2021-01-27T15:20:20.963,1.82,-161.008,54.902,52312.313,0.208,0.264,-0.017,8.0,11,20210127T080000_11
2021-01-27T15:20:29.183,2.003,-161.008,54.913,53237.162,0.554,0.347,-0.001,9.0,12,20210127T080000_12
2021-01-27T15:31:04.437,2.573,-161.004,55.093,61000.0,0.256,0.215,0.006,9.946,13,20210127T080000_13
2021-01-27T15:31:12.980,3.183,-162.148,55.921,61000.0,0.764,0.277,0.075,5.584,14,20210127T080000_14
2021-01-27T15:32:45.749,1.065,-162.415,55.226,0.0,0.827,0.356,-0.226,5.0,15,20210127T080000_15
2021-01-27T16:11:47.762,1.504,-161.003,55.133,45544.838,0.157,0.396,-0.02,8.0,1,20210127T160000_1
2021-01-27T16:11:56.090,1.742,-161.002,55.178,61000.0,0.56,0.372,-0.049,7.0,2,20210127T160000_2
2021-01-27T16:46:07.515,2.23,-161.687,54.905,61000.0,0.993,0.305,-0.077,20.0,3,20210127T160000_3
2021-01-27T18:18:22.660,1.474,-161.671,55.051,37297.502,0.366,0.373,0.022,9.0,4,20210127T160000_4
2021-01-27T18:18:35.279,1.652,-161.543,54.904,28655.152,0.792,0.207,0.027,6.0,5,20210127T160000_5
2021-01-27T19:30:38.847,1.295,-162.534,55.18,15003.445,0.597,0.269,-0.032,7.0,6,20210127T160000_6
2021-01-27T19:31:13.283,2.041,-162.773,54.902,0.0,0.906,0.424,0.292,4.413,7,20210127T160000_7
2021-01-27T20:54:14.610,1.726,-162.774,54.948,61000.0,0.463,0.431,-0.079,3.854,8,20210127T160000_8
2021-01-27T21:14:15.509,1.67,-162.763,54.902,61000.0,0.71,0.387,0.088,9.312,9,20210127T160000_9
2021-01-27T21:23:43.163,0.867,-162.362,54.904,5615.273,0.141,0.365,-0.015,6.0,10,20210127T160000_10
2021-01-27T21:23:55.652,0.997,-162.382,54.904,3432.069,0.351,0.457,-0.01,5.0,11,20210127T160000_11
2021-01-27T21:51:41.785,1.26,-161.008,54.902,61000.0,1.01,0.283,0.158,4.89,12,20210127T160000_12
2021-01-27T22:16:52.904,1.657,-161.34,54.904,40888.992,0.285,0.293,-0.005,9.0,13,20210127T160000_13
2021-01-27T22:17:04.513,1.846,-161.309,54.904,35000.595,0.571,0.317,-0.033,8.0,14,20210127T160000_14
2021-01-27T23:29:03.508,2.265,-161.004,55.093,58400.593,0.393,0.207,-0.001,10.886,15,20210127T160000_15
2021-01-27T23:29:10.799,2.683,-162.28,55.907,61000.0,0.546,0.274,0.074,4.85,16,20210127T160000_16
2021-01-28T03:30:42.438,1.448,-162.773,54.931,61000.0,0.109,0.323,0.01,3.946,1,20210128T000000_1
2021-01-28T04:36:42.906,1.906,-161.008,54.904,46031.38,0.188,0.275,0.012,7.0,2,20210128T000000_2
2021-01-28T04:36:53.447,1.777,-161.216,54.903,49650.28,0.337,0.32,0.029,6.0,3,20210128T000000_3
2021-01-28T04:54:11.453,1.067,-161.004,55.098,15344.377,0.169,0.347,-0.017,4.0,4,20210128T000000_4
2021-01-28T05:02:04.876,1.143,-161.016,54.922,10813.379,0.673,0.233,-0.034,6.0,5,20210128T000000_5
2021-01-28T05:02:19.966,1.586,-161.109,54.951,924.308,0.407,0.304,-0.031,4.0,6,20210128T000000_6
2021-01-28T06:36:40.025,1.559,-161.162,54.903,30300.176,0.679,0.333,-0.054,4.0,7,20210128T000000_7
2021-01-28T06:46:45.670,2.505,-161.048,55.343,61000.0,0.528,0.209,0.018,11.0,8,20210128T000000_8
2021-01-28T06:46:57.892,3.104,-160.998,55.34,60235.734,0.741,0.28,-0.031,11.0,9,20210128T000000_9
2021-01-28T07:30:15.199,2.07,-162.647,54.903,58557.969,0.739,0.384,-0.223,11.036,10,20210128T000000_10
2021-01-28T07:30:31.680,1.337,-162.232,54.904,29.868,0.161,0.304,0.009,4.964,11,20210128T000000_11
2021-01-28T08:01:16.433,1.318,-161.541,54.904,61000.0,0.902,0.414,-0.169,6.856,1,20210128T080000_1
2021-01-28T10:11:34.905,1.38,-161.257,54.903,0.0,0.871,0.347,0.048,5.608,2,20210128T080000_2
2021-01-28T10:11:56.679,0.412,-161.688,55.229,4879.329,0.0,0.315,-0.0,3.999,3,20210128T080000_3
2021-01-28T10:39:23.005,1.714,-162.773,54.902,61000.0,0.973,0.193,-0.101,5.877,4,20210128T080000_4
2021-01-28T11:14:26.569,2.08,-161.508,54.904,61000.0,0.883,0.274,-0.075,17.0,5,20210128T080000_5
2021-01-28T16:46:00.885,3.269,-161.04,54.902,61000.0,0.334,0.257,0.028,11.0,1,20210128T160000_1
2021-01-28T16:46:11.616,3.278,-161.139,54.903,48659.368,0.748,0.249,0.023,11.0,2,20210128T160000_2
2021-01-28T18:14:27.253,1.141,-162.704,54.902,6946.967,0.271,0.274,-0.021,5.0,3,20210128T160000_3
2021-01-28T18:16:10.880,1.718,-162.517,54.903,59837.972,0.216,0.153,-0.001,6.0,4,20210128T160000_4
2021-01-28T18:32:38.285,1.414,-162.774,54.957,0.0,0.746,0.301,0.112,7.0,5,20210128T160000_5
2021-01-28T18:32:51.485,1.677,-162.694,54.902,16940.234,0.239,0.268,0.022,4.826,6,20210128T160000_6
2021-01-28T19:21:08.517,1.511,-161.006,54.988,2671.124,0.207,0.391,0.037,6.0,7,20210128T160000_7
2021-01-28T19:21:17.496,1.343,-161.007,54.94,22072.594,0.499,0.333,-0.008,5.0,8,20210128T160000_8
2021-01-28T20:22:22.658,1.499,-161.004,55.095,20476.518,0.314,0.463,0.03,9.0,9,20210128T160000_9
2021-01-28T20:22:38.425,1.657,-161.306,55.116,24216.426,0.489,0.367,0.021,10.0,10,20210128T160000_10
2021-01-29T00:16:22.814,2.285,-161.469,54.904,45066.761,0.393,0.117,0.008,10.992,1,20210129T000000_1
2021-01-29T00:16:40.309,2.574,-161.004,55.177,15500.842,0.185,0.307,-0.025,5.259,3,20210129T000000_3
2021-01-29T00:16:46.864,2.18,-162.171,55.331,25262.334,0.604,0.194,0.014,4.459,2,20210129T000000_2
2021-01-29T01:20:29.742,1.475,-162.773,54.902,61000.0,0.316,0.336,-0.171,10.0,4,20210129T000000_4
2021-01-29T03:20:03.005,1.023,-161.677,55.095,307.022,0.028,0.594,0.007,4.0,5,20210129T000000_5
2021-01-29T05:23:06.031,1.58,-161.053,54.902,50479.642,0.146,0.499,0.0,6.0,6,20210129T000000_6
2021-01-29T05:23:14.485,1.485,-161.008,54.902,50579.156,0.321,0.277,-0.006,4.0,7,20210129T000000_7
2021-01-29T06:34:18.239,2.183,-161.746,55.661,61000.0,0.634,0.297,-0.007,13.869,8,20210129T000000_8
2021-01-29T06:35:02.440,2.33,-161.507,55.288,61000.0,1.038,0.322,-0.08,5.0,9,20210129T000000_9
2021-01-29T09:19:52.504,1.369,-161.902,55.541,11587.719,0.439,0.313,-0.038,16.0,1,20210129T080000_1
2021-01-29T11:42:46.471,1.934,-161.482,54.904,35291.682,0.326,0.228,0.025,10.921,2,20210129T080000_2
2021-01-29T11:42:57.274,2.199,-161.468,54.904,42727.543,0.568,0.174,0.006,9.966,3,20210129T080000_3
2021-01-29T12:08:53.603,1.43,-161.71,55.585,61000.0,0.11,0.55,-0.002,4.0,4,20210129T080000_4
2021-01-29T12:09:21.536,-0.186,-161.824,55.366,13968.015,0.0,0.16,-0.0,3.875,5,20210129T080000_5
2021-01-29T13:27:52.000,2.095,-161.006,55.005,47091.095,0.447,0.373,0.02,11.843,6,20210129T080000_6
2021-01-29T13:28:00.265,2.124,-162.16,55.826,61000.0,0.494,0.289,0.036,5.127,8,20210129T080000_8
2021-01-29T13:28:02.211,2.156,-162.336,54.904,61000.0,1.011,0.266,-0.133,5.03,7,20210129T080000_7
2021-01-29T14:57:46.299,1.208,-161.684,54.905,14513.965,0.349,0.402,-0.022,7.0,9,20210129T080000_9
2021-01-29T14:57:53.474,1.09,-161.384,54.904,990.644,0.484,0.232,-0.006,4.0,10,20210129T080000_10
2021-01-29T21:11:57.558,2.507,-161.67,54.905,61000.0,0.528,0.261,-0.058,11.287,1,20210129T160000_1
2021-01-29T21:12:06.674,2.016,-161.633,54.905,19736.852,0.481,0.226,-0.029,8.713,2,20210129T160000_2
2021-01-29T23:59:55.794,0.77,-162.293,55.371,0.0,0.005,0.465,0.001,4.0,1,20210130T000000_1
2021-01-30T05:14:58.743,1.859,-160.997,55.393,57306.196,0.096,0.413,0.001,5.0,2,20210130T000000_2
2021-01-30T05:15:02.916,1.958,-160.997,55.407,61000.0,0.355,0.4,0.005,5.0,3,20210130T000000_3
2021-01-30T06:22:29.955,2.023,-161.008,54.902,61000.0,0.635,0.387,-0.031,11.0,4,20210130T000000_4
2021-01-30T08:39:09.245,0.32,-161.909,55.468,6234.303,0.0,0.384,0.0,4.0,1,20210130T080000_1
2021-01-30T12:39:55.093,1.82,-161.085,54.902,47164.56,0.552,0.402,0.011,6.0,2,20210130T080000_2
2021-01-30T12:42:03.534,2.076,-161.101,54.902,29511.587,0.418,0.294,0.06,10.0,3,20210130T080000_3
2021-01-30T12:42:10.807,2.28,-161.132,54.903,49054.046,0.695,0.246,0.031,9.0,4,20210130T080000_4
2021-01-30T14:42:47.332,1.306,-161.006,54.988,10177.832,0.185,0.298,0.004,4.0,5,20210130T080000_5
2021-01-30T15:54:44.418,1.432,-161.003,55.134,1473.088,0.135,0.378,0.013,5.0,6,20210130T080000_6
2021-01-30T15:54:49.715,2.04,-161.002,55.178,61000.0,0.528,0.339,-0.046,6.0,7,20210130T080000_7
2021-01-30T16:39:32.283,1.388,-161.006,55.015,1374.179,0.153,0.386,-0.007,5.0,1,20210130T160000_1
2021-01-30T16:39:43.181,1.455,-161.007,54.956,5018.876,0.855,0.484,0.023,5.0,2,20210130T160000_2
2021-01-30T17:50:48.066,1.419,-162.576,54.903,21930.174,0.065,0.311,-0.01,4.962,3,20210130T160000_3
2021-01-30T17:51:19.910,1.215,-162.575,55.133,0.0,0.499,0.157,-0.03,3.591,4,20210130T160000_4
2021-01-30T17:56:40.162,1.552,-161.449,54.904,39285.163,0.209,0.296,0.01,5.0,5,20210130T160000_5
2021-01-30T17:57:00.500,1.45,-161.719,55.041,19835.975,0.491,0.257,-0.035,6.0,6,20210130T160000_6
2021-01-30T18:13:58.622,1.991,-161.712,54.905,61000.0,1.078,0.318,-0.098,18.0,7,20210130T160000_7
2021-01-30T18:26:30.598,1.812,-161.403,54.904,35620.406,0.215,0.33,0.016,7.0,8,20210130T160000_8
2021-01-30T18:26:50.011,1.329,-161.66,55.019,21174.187,0.193,0.241,-0.009,5.0,9,20210130T160000_9
2021-01-30T19:12:24.622,2.797,-161.479,54.928,59957.849,0.312,0.279,-0.009,20.835,10,20210130T160000_10
2021-01-30T19:18:39.032,1.342,-161.482,54.943,36231.991,0.232,0.397,0.008,6.0,11,20210130T160000_11
2021-01-30T20:11:05.557,2.331,-162.773,54.902,61000.0,1.119,0.282,-0.083,11.191,12,20210130T160000_12
2021-01-30T20:11:10.066,1.916,-161.284,54.903,0.0,0.498,0.453,-0.013,5.503,13,20210130T160000_13
2021-01-30T20:48:10.348,1.988,-162.448,54.904,61000.0,0.67,0.41,-0.214,14.0,14,20210130T160000_14
2021-01-30T20:55:41.217,1.586,-161.739,54.905,61000.0,0.961,0.421,-0.127,8.019,15,20210130T160000_15
2021-01-30T20:55:54.703,0.983,-161.541,54.904,190.52,0.424,0.281,-0.009,3.981,16,20210130T160000_16
2021-01-30T21:39:57.128,1.962,-162.136,54.905,60560.399,0.343,0.359,-0.038,16.0,17,20210130T160000_17
2021-01-30T21:46:25.834,1.515,-161.341,54.904,44065.526,0.339,0.44,-0.036,6.0,18,20210130T160000_18
2021-01-30T23:05:35.437,1.387,-161.408,54.904,25031.102,0.241,0.316,0.003,4.989,19,20210130T160000_19
2021-01-31T00:52:53.893,1.744,-162.173,54.905,61000.0,0.638,0.365,-0.001,7.855,1,20210131T000000_1
2021-01-31T01:00:44.334,1.896,-162.071,54.905,56789.533,0.81,0.232,-0.008,12.0,2,20210131T000000_2
2021-01-31T01:01:07.016,1.852,-161.909,54.905,36462.527,0.489,0.249,-0.01,8.97,3,20210131T000000_3
2021-01-31T01:56:01.007,1.204,-161.007,54.97,5387.091,0.174,0.2,-0.007,4.0,4,20210131T000000_4
2021-01-31T05:23:34.776,1.606,-161.255,54.903,34519.973,0.214,0.242,0.016,7.0,5,20210131T000000_5
2021-01-31T05:23:45.981,1.693,-161.221,54.903,34519.962,0.394,0.315,-0.02,6.0,6,20210131T000000_6
2021-01-31T05:26:57.998,2.194,-161.355,54.904,48229.446,0.309,0.205,0.03,10.0,7,20210131T000000_7
2021-01-31T05:27:07.885,2.517,-161.349,54.904,54341.798,0.535,0.242,0.035,10.0,8,20210131T000000_8
2021-01-31T06:25:47.288,0.559,-161.347,55.179,12543.119,0.096,0.515,0.023,5.0,9,20210131T000000_9
2021-01-31T06:26:03.748,0.341,-161.404,55.214,15145.144,0.0,0.262,-0.0,3.657,10,20210131T000000_10
2021-01-31T06:26:33.288,1.593,-161.252,54.903,38575.439,0.206,0.284,-0.001,7.0,11,20210131T000000_11
2021-01-31T06:26:47.539,1.468,-161.46,54.904,33251.716,0.587,0.319,0.045,6.0,12,20210131T000000_12
2021-01-31T07:34:52.989,1.601,-161.284,54.903,35080.375,0.143,0.315,-0.003,8.0,13,20210131T000000_13
2021-01-31T07:35:08.208,1.397,-161.364,54.904,7971.635,0.381,0.304,-0.004,7.0,14,20210131T000000_14
2021-01-31T07:45:23.344,1.623,-161.304,54.903,40446.626,0.253,0.177,0.007,6.0,15,20210131T000000_15
2021-01-31T07:45:35.981,1.63,-161.427,54.904,39583.846,0.38,0.278,0.008,7.0,16,20210131T000000_16
2021-01-31T12:23:56.080,1.249,-161.032,54.902,42376.181,0.264,0.372,0.014,6.0,1,20210131T080000_1
2021-01-31T13:37:18.837,0.821,-162.264,54.949,4218.099,0.222,0.302,0.02,4.0,2,20210131T080000_2
2021-01-31T13:41:29.935,0.667,-161.926,54.905,1620.94,0.329,0.262,-0.014,5.821,3,20210131T080000_3
2021-01-31T13:46:15.143,1.534,-162.773,54.902,60599.757,0.794,0.285,0.018,6.0,4,20210131T080000_4
2021-01-31T13:57:55.435,0.897,-161.036,54.902,9893.507,0.055,0.358,-0.006,4.0,5,20210131T080000_5
2021-01-31T16:00:32.313,1.314,-162.46,55.231,61000.0,0.256,0.394,0.021,5.0,1,20210131T160000_1
2021-01-31T17:46:13.444,0.13,-161.741,55.368,16625.116,0.383,0.475,-0.128,8.0,2,20210131T160000_2
2021-01-31T18:09:52.009,0.812,-162.198,54.905,8525.103,0.058,0.187,0.002,5.0,3,20210131T160000_3
2021-01-31T18:11:43.826,1.203,-161.008,54.902,23461.137,0.687,0.301,-0.006,4.0,4,20210131T160000_4
2021-01-31T18:32:02.166,1.542,-162.773,54.902,60674.513,0.646,0.241,-0.021,4.971,5,20210131T160000_5
2021-01-31T20:52:11.448,1.232,-162.692,54.902,0.0,0.538,0.384,-0.108,7.0,6,20210131T160000_6
2021-01-31T22:30:38.444,1.285,-161.058,54.902,49041.534,0.387,0.323,-0.03,4.0,8,20210131T160000_8
2021-01-31T22:30:41.762,0.069,-161.661,55.301,0.0,0.059,0.364,0.014,4.0,7,20210131T160000_7
2021-01-31T23:24:48.753,1.525,-162.773,54.902,61000.0,0.926,0.33,0.077,5.0,9,20210131T160000_9
2021-02-01T00:03:48.467,2.263,-162.773,54.902,61000.0,0.864,0.299,0.109,9.829,1,20210201T000000_1
2021-02-01T00:04:08.683,1.961,-162.252,54.958,6051.128,0.293,0.38,-0.054,6.763,2,20210201T000000_2
2021-02-01T03:27:43.445,1.794,-162.773,54.902,61000.0,0.945,0.288,0.067,5.004,3,20210201T000000_3
2021-02-01T03:47:42.050,2.237,-161.219,55.369,61000.0,0.448,0.224,0.001,10.0,4,20210201T000000_4
2021-02-01T03:48:13.297,2.205,-161.496,55.234,15502.976,0.058,0.2,0.008,4.693,5,20210201T000000_5
2021-02-01T04:24:03.030,1.928,-161.303,54.903,45570.138,0.256,0.266,0.024,8.0,6,20210201T000000_6
2021-02-01T04:24:15.392,2.117,-161.324,54.904,37138.101,0.576,0.263,0.053,7.0,7,20210201T000000_7
2021-02-01T04:32:55.890,2.221,-162.483,54.903,61000.0,0.819,0.415,-0.27,17.0,8,20210201T000000_8
2021-02-01T04:48:15.097,1.404,-161.318,55.094,1301.963,0.081,0.53,0.013,5.0,9,20210201T000000_9
2021-02-01T04:48:21.150,1.545,-161.284,54.903,40039.023,0.458,0.426,0.005,5.0,10,20210201T000000_10
2021-02-01T08:20:40.605,1.912,-161.21,54.903,0.0,0.099,0.105,0.005,3.794,1,20210201T080000_1
2021-02-01T09:57:49.644,1.429,-161.007,54.932,14169.681,0.683,0.326,0.013,4.0,2,20210201T080000_2
2021-02-01T13:02:27.331,2.116,-162.773,54.902,61000.0,0.85,0.316,-0.098,8.468,3,20210201T080000_3
2021-02-01T15:49:36.286,2.804,-161.008,54.902,57762.375,0.255,0.212,0.015,11.0,4,20210201T080000_4
2021-02-01T15:49:44.112,3.157,-161.075,54.902,58733.199,0.714,0.208,0.014,11.0,5,20210201T080000_5
2021-02-01T17:22:18.229,1.557,-162.45,55.266,61000.0,0.156,0.457,0.004,3.925,1,20210201T160000_1
2021-02-01T17:28:26.490,2.069,-161.007,54.935,47677.66,0.163,0.299,0.006,7.0,2,20210201T160000_2
2021-02-01T17:28:36.116,2.078,-161.026,54.902,37827.057,0.542,0.253,0.037,8.0,3,20210201T160000_3
2021-02-01T18:25:00.511,1.281,-161.005,55.017,2674.332,0.198,0.314,0.005,4.0,4,20210201T160000_4
2021-02-01T19:17:12.286,1.547,-161.003,55.139,61000.0,0.265,0.346,-0.005,3.997,5,20210201T160000_5
2021-02-01T19:18:00.803,1.819,-161.008,54.902,61000.0,0.518,0.518,-0.059,9.0,6,20210201T160000_6
2021-02-01T20:17:09.129,2.571,-161.681,54.905,61000.0,0.936,0.269,-0.132,21.0,7,20210201T160000_7
2021-02-02T03:43:41.185,2.0,-162.172,54.905,61000.0,0.541,0.283,-0.068,5.485,1,20210202T000000_1
2021-02-02T07:32:01.973,2.072,-161.008,54.911,46576.968,0.269,0.345,0.025,8.0,2,20210202T000000_2
2021-02-02T07:32:13.556,2.08,-161.139,54.903,37576.642,0.251,0.296,-0.011,7.0,3,20210202T000000_3
2021-02-02T08:28:45.060,1.605,-161.196,54.903,54370.298,0.175,0.332,-0.011,3.927,1,20210202T080000_1
2021-02-02T09:34:13.154,1.614,-161.049,54.902,38633.038,0.145,0.411,-0.003,5.0,2,20210202T080000_2
2021-02-02T09:34:23.922,1.786,-161.229,54.903,46968.71,0.369,0.361,0.02,6.0,3,20210202T080000_3
2021-02-02T10:43:18.781,-0.476,-161.794,55.353,5758.815,0.363,0.412,0.021,6.0,4,20210202T080000_4
2021-02-02T10:43:20.176,1.415,-161.562,55.096,61000.0,0.418,0.317,-0.025,4.0,5,20210202T080000_5
2021-02-02T11:25:01.060,1.744,-161.008,54.914,47031.599,0.202,0.398,0.022,6.965,6,20210202T080000_6
2021-02-02T11:25:33.620,-0.354,-161.777,55.349,0.0,0.333,0.672,0.076,4.0,7,20210202T080000_7
2021-02-02T13:35:24.048,1.879,-161.008,54.921,37352.36,0.137,0.255,0.004,6.0,8,20210202T080000_8
2021-02-02T13:35:32.771,2.065,-161.007,54.948,43394.558,0.526,0.287,-0.02,8.0,9,20210202T080000_9
2021-02-02T22:32:27.014,0.997,-161.658,55.08,16506.933,0.292,0.312,0.026,5.993,1,20210202T160000_1
2021-02-03T00:49:33.500,1.429,-161.43,54.904,34203.254,0.23,0.285,0.01,5.0,1,20210203T000000_1
2021-02-03T00:49:58.583,0.73,-161.931,55.149,7980.2,0.0,0.234,-0.0,4.0,2,20210203T000000_2
2021-02-03T05:24:28.688,1.802,-161.323,54.904,44535.65,0.269,0.302,-0.001,9.0,3,20210203T000000_3
2021-02-03T05:24:45.004,1.73,-161.245,54.962,118.951,0.762,0.291,0.052,7.0,4,20210203T000000_4
2021-02-03T05:28:06.676,0.91,-162.25,54.959,0.0,0.286,0.462,-0.032,7.884,5,20210203T000000_5
2021-02-03T06:41:00.980,1.432,-161.194,55.068,60411.998,0.254,0.545,-0.015,10.0,6,20210203T000000_6
2021-02-03T07:25:26.788,0.784,-161.991,54.905,0.0,0.42,0.193,-0.005,4.94,7,20210203T000000_7
2021-02-03T07:25:42.354,0.851,-161.521,55.112,35330.244,0.002,0.229,-0.0,3.992,8,20210203T000000_8
2021-02-03T08:31:47.357,1.211,-161.446,54.904,43708.669,0.325,0.375,0.0,6.0,1,20210203T080000_1
2021-02-03T08:32:03.346,1.518,-161.474,54.904,18476.579,0.447,0.243,0.054,8.0,2,20210203T080000_2
2021-02-03T09:02:59.264,1.624,-162.569,54.903,61000.0,0.819,0.32,-0.092,10.0,3,20210203T080000_3
2021-02-03T11:02:22.225,1.132,-162.769,54.961,60982.392,0.004,0.403,-0.0,4.0,4,20210203T080000_4
2021-02-03T11:48:14.496,-0.965,-161.826,55.335,0.0,0.291,0.364,0.025,4.0,5,20210203T080000_5
2021-02-03T11:48:14.694,0.953,-161.006,55.001,15941.896,0.505,0.378,-0.023,4.0,6,20210203T080000_6
2021-02-03T12:05:36.677,0.396,-161.641,55.133,8277.761,0.855,0.441,-0.037,5.0,7,20210203T080000_7
2021-02-03T14:07:45.617,1.333,-161.008,54.902,61000.0,1.052,0.477,-0.265,4.0,8,20210203T080000_8
2021-02-03T15:34:39.426,1.476,-161.552,55.753,45287.223,0.145,0.543,-0.004,4.144,9,20210203T080000_9
2021-02-03T15:34:42.423,1.378,-162.773,54.902,61000.0,1.049,0.289,0.078,6.856,10,20210203T080000_10
2021-02-03T15:36:23.237,1.772,-161.005,55.049,61000.0,0.348,0.218,-0.008,10.918,11,20210203T080000_11
2021-02-03T15:36:31.410,1.982,-162.261,55.91,61000.0,0.353,0.294,0.036,5.308,13,20210203T080000_13
2021-02-03T15:36:34.006,2.025,-162.421,54.904,61000.0,0.336,0.258,-0.045,3.72,12,20210203T080000_12
2021-02-03T17:32:38.736,1.938,-161.39,54.904,47192.656,0.282,0.166,0.008,8.908,1,20210203T160000_1
2021-02-03T17:32:49.484,2.297,-161.005,55.019,42551.18,0.385,0.256,-0.012,6.959,2,20210203T160000_2
2021-02-03T17:35:51.640,1.732,-161.665,54.905,61000.0,0.933,0.352,-0.252,19.0,3,20210203T160000_3
2021-02-03T18:07:43.707,1.421,-161.563,54.904,36237.847,0.345,0.232,-0.035,9.644,4,20210203T160000_4
2021-02-03T18:07:48.188,1.688,-162.315,55.39,61000.0,0.541,0.195,-0.015,5.733,5,20210203T160000_5
2021-02-03T21:42:16.739,0.658,-161.64,55.092,22919.366,0.368,0.319,-0.034,7.894,6,20210203T160000_6
2021-02-03T22:08:41.764,0.207,-161.832,55.246,18008.345,0.497,0.465,-0.102,6.0,7,20210203T160000_7
2021-02-03T22:17:15.834,1.265,-161.471,55.345,44082.305,0.363,0.345,0.031,12.629,8,20210203T160000_8
2021-02-03T22:33:57.966,0.671,-161.778,54.905,11038.802,0.547,0.204,0.023,5.944,9,20210203T160000_9
2021-02-03T23:58:56.229,0.95,-161.102,54.902,42430.088,0.191,0.43,-0.015,4.0,10,20210203T160000_10
2021-02-04T01:09:52.437,0.963,-161.577,54.905,22658.517,0.536,0.353,0.065,7.824,1,20210204T000000_1
2021-02-04T01:09:58.095,1.16,-161.505,54.904,22921.269,0.532,0.249,-0.059,7.992,2,20210204T000000_2
2021-02-04T01:18:29.128,1.503,-161.338,54.904,47285.301,0.239,0.212,-0.001,7.975,3,20210204T000000_3
2021-02-04T01:18:45.095,1.293,-161.76,55.114,51709.006,0.139,0.309,0.02,6.936,4,20210204T000000_4
2021-02-04T02:01:23.667,1.394,-162.773,54.902,61000.0,0.999,0.411,-0.117,15.0,5,20210204T000000_5
2021-02-04T04:21:53.344,1.608,-162.773,54.902,61000.0,0.852,0.33,-0.097,6.004,6,20210204T000000_6
2021-02-04T06:06:54.403,1.974,-161.007,54.953,61000.0,0.374,0.146,0.006,11.0,7,20210204T000000_7
2021-02-04T06:07:01.129,2.294,-161.008,54.912,61000.0,0.566,0.198,0.005,11.0,8,20210204T000000_8
2021-02-04T06:09:23.229,1.58,-161.007,54.928,52789.511,0.206,0.323,-0.006,9.0,9,20210204T000000_9
2021-02-04T06:09:31.253,1.711,-161.008,54.919,53191.69,0.545,0.343,-0.025,8.0,10,20210204T000000_10
2021-02-04T06:32:04.113,1.567,-161.003,55.146,61000.0,0.473,0.366,0.016,9.821,11,20210204T000000_11
2021-02-04T06:32:25.366,1.357,-161.442,55.205,33396.575,1.005,0.327,-0.287,11.0,12,20210204T000000_12
2021-02-04T07:21:23.943,0.179,-161.626,55.434,14569.51,0.777,0.413,0.296,7.0,13,20210204T000000_13
2021-02-04T10:35:22.555,-0.225,-161.557,55.291,239.356,0.223,0.181,0.003,5.0,1,20210204T080000_1
2021-02-04T12:19:22.023,1.968,-162.773,54.902,41838.05,0.47,0.256,0.004,12.0,2,20210204T080000_2
2021-02-04T12:19:32.925,2.29,-162.674,54.902,31431.458,0.356,0.303,0.002,8.896,3,20210204T080000_3
2021-02-04T12:38:58.622,1.489,-162.779,55.205,61000.0,0.498,0.392,-0.032,7.702,4,20210204T080000_4
2021-02-04T14:11:47.824,0.795,-162.305,54.904,11781.845,0.316,0.479,0.091,4.946,5,20210204T080000_5
2021-02-04T17:15:40.270,1.009,-161.008,54.902,18586.334,0.286,0.392,-0.034,4.0,1,20210204T160000_1
2021-02-04T17:22:13.176,1.949,-161.297,54.903,37346.622,0.698,0.249,0.056,12.0,2,20210204T160000_2
2021-02-04T17:22:20.203,2.205,-161.249,54.903,57805.725,0.71,0.206,0.005,10.0,3,20210204T160000_3
2021-02-04T19:28:39.325,1.615,-162.485,54.903,61000.0,0.837,0.351,-0.261,15.0,4,20210204T160000_4
2021-02-04T20:24:59.316,1.671,-161.002,55.165,36417.507,0.164,0.298,-0.01,8.0,5,20210204T160000_5
2021-02-04T20:25:06.374,2.239,-161.002,55.171,61000.0,0.797,0.269,0.026,11.0,6,20210204T160000_6
2021-02-05T04:13:17.855,1.841,-161.103,54.902,36317.248,0.195,0.235,-0.002,8.0,1,20210205T000000_1
2021-02-05T04:13:27.513,1.676,-161.258,54.903,47994.439,0.592,0.312,0.024,6.0,2,20210205T000000_2
2021-02-05T04:19:26.048,0.316,-161.683,55.31,4770.187,0.023,0.378,0.006,5.0,3,20210205T000000_3
2021-02-05T04:19:28.041,1.429,-161.005,55.042,19756.781,0.351,0.367,0.026,5.0,4,20210205T000000_4
2021-02-05T05:36:20.451,0.797,-162.211,54.973,11034.769,0.0,0.307,0.0,4.0,5,20210205T000000_5
2021-02-05T06:29:32.174,1.537,-161.474,55.022,61000.0,0.31,0.392,0.006,5.0,6,20210205T000000_6
2021-02-05T12:14:00.412,1.477,-161.268,54.903,25743.953,0.186,0.428,-0.017,5.991,1,20210205T080000_1
2021-02-05T15:37:16.852,0.965,-161.006,54.986,2235.174,0.117,0.35,-0.002,4.0,2,20210205T080000_2
2021-02-05T15:56:07.597,1.385,-161.035,54.902,51222.086,0.283,0.477,0.013,5.0,3,20210205T080000_3
2021-02-05T16:09:18.446,1.392,-161.781,54.905,61000.0,0.325,0.47,-0.051,5.873,1,20210205T160000_1
2021-02-05T16:09:27.563,1.083,-161.965,54.905,32501.62,0.291,0.325,0.012,5.127,2,20210205T160000_2
2021-02-05T16:17:40.472,1.503,-161.271,54.903,57084.454,0.203,0.461,0.005,6.0,3,20210205T160000_3
2021-02-05T16:17:51.630,1.818,-161.267,54.903,44232.124,0.449,0.264,0.033,5.767,4,20210205T160000_4
2021-02-05T16:22:01.034,1.394,-161.428,54.904,30849.542,0.136,0.37,0.015,7.0,5,20210205T160000_5
2021-02-05T16:22:13.411,1.473,-161.519,54.904,36577.507,0.525,0.329,-0.002,6.0,6,20210205T160000_6
2021-02-05T17:07:52.861,1.77,-161.406,54.904,36261.664,0.317,0.261,-0.01,8.929,7,20210205T160000_7
2021-02-05T17:08:07.101,1.762,-161.534,54.904,30153.359,0.607,0.262,0.084,8.952,8,20210205T160000_8
2021-02-05T19:55:13.320,0.764,-161.39,54.904,196.398,0.31,0.337,0.006,4.0,9,20210205T160000_9
2021-02-05T20:31:44.018,1.28,-161.216,55.012,61000.0,0.258,0.453,-0.021,7.0,10,20210205T160000_10
2021-02-05T20:46:42.793,1.571,-162.008,54.905,61000.0,0.24,0.201,0.005,4.0,11,20210205T160000_11
2021-02-05T21:45:00.449,1.862,-161.28,54.903,61000.0,0.788,0.326,-0.013,11.022,12,20210205T160000_12
2021-02-05T21:45:13.723,1.628,-161.59,54.905,29978.44,0.419,0.364,-0.019,8.978,13,20210205T160000_13
2021-02-06T00:21:26.113,1.48,-162.088,54.905,49695.596,0.471,0.208,-0.052,5.729,1,20210206T000000_1
2021-02-06T02:27:29.290,1.73,-161.008,54.914,42232.513,0.214,0.318,-0.0,9.0,2,20210206T000000_2
2021-02-06T02:27:36.658,1.713,-161.007,54.941,56437.31,0.653,0.36,-0.068,7.0,3,20210206T000000_3
2021-02-06T05:02:59.667,1.437,-161.007,54.969,61000.0,0.547,0.477,0.083,11.747,4,20210206T000000_4
2021-02-06T05:46:20.970,1.499,-161.008,54.902,61000.0,0.742,0.463,-0.132,10.0,5,20210206T000000_5
2021-02-06T05:55:19.102,1.354,-161.381,54.904,32641.515,0.222,0.44,-0.011,7.0,6,20210206T000000_6
2021-02-06T05:55:33.739,0.98,-161.465,54.904,28192.21,0.598,0.277,-0.025,4.0,7,20210206T000000_7
2021-02-06T06:03:47.658,1.249,-162.774,54.962,33726.525,0.352,0.387,-0.027,14.892,8,20210206T000000_8
2021-02-06T06:04:05.642,1.268,-162.773,54.902,25035.86,0.414,0.24,-0.013,5.0,9,20210206T000000_9
2021-02-06T06:43:58.544,1.672,-162.29,54.904,61000.0,0.452,0.082,0.006,4.0,10,20210206T000000_10
2021-02-06T07:15:28.322,0.526,-161.764,55.105,17717.422,0.112,0.313,-0.006,6.0,11,20210206T000000_11
2021-02-06T12:04:27.551,2.035,-161.213,54.903,42920.138,0.442,0.135,0.038,12.0,1,20210206T080000_1
2021-02-06T12:04:34.042,2.621,-161.301,54.903,52037.277,0.824,0.175,-0.034,8.0,2,20210206T080000_2
2021-02-06T16:23:52.068,1.523,-161.331,54.904,31359.39,0.195,0.354,-0.009,7.0,1,20210206T160000_1
2021-02-06T16:24:07.497,1.225,-161.547,54.904,19273.062,0.086,0.24,-0.004,4.0,2,20210206T160000_2
2021-02-06T16:39:44.183,1.921,-161.385,54.904,50403.537,0.718,0.285,0.066,10.0,3,20210206T160000_3
2021-02-06T16:40:02.188,1.678,-161.454,54.904,600.613,0.885,0.252,0.157,7.0,4,20210206T160000_4
2021-02-06T16:50:02.334,1.498,-161.633,55.169,892.303,0.714,0.24,0.001,9.36,5,20210206T160000_5
2021-02-06T16:50:21.694,1.891,-162.261,55.248,33616.924,0.261,0.21,-0.017,4.397,6,20210206T160000_6
2021-02-06T18:39:51.431,4.47,-161.649,54.905,61000.0,0.935,0.388,-0.058,22.0,7,20210206T160000_7
2021-02-06T19:35:56.392,2.617,-161.706,54.905,61000.0,0.839,0.317,-0.112,20.0,8,20210206T160000_8
2021-02-06T19:50:10.485,2.073,-161.705,54.905,61000.0,0.87,0.331,-0.11,18.0,9,20210206T160000_9
2021-02-06T20:12:25.167,1.604,-161.676,54.905,61000.0,0.872,0.393,-0.167,13.0,10,20210206T160000_10
2021-02-06T20:15:42.897,1.839,-161.721,54.905,61000.0,0.873,0.361,-0.108,18.0,11,20210206T160000_11
2021-02-06T20:19:20.774,2.223,-161.7,54.905,61000.0,0.92,0.311,-0.086,19.0,12,20210206T160000_12
2021-02-06T21:19:06.007,1.45,-162.656,55.187,61000.0,0.177,0.392,-0.019,3.564,13,20210206T160000_13
2021-02-06T22:38:33.799,1.263,-162.507,55.92,28106.289,0.123,0.421,-0.02,6.0,14,20210206T160000_14
2021-02-07T00:29:47.874,1.042,-162.571,55.866,60429.956,0.176,0.171,0.001,4.0,1,20210207T000000_1
2021-02-07T00:37:47.970,0.172,-161.656,55.296,0.0,0.096,0.497,0.013,4.0,2,20210207T000000_2
2021-02-07T01:21:11.569,2.766,-161.001,55.225,61000.0,0.62,0.216,0.035,12.0,3,20210207T000000_3
2021-02-07T01:21:22.148,3.281,-161.001,55.234,59656.159,0.743,0.206,-0.007,11.0,4,20210207T000000_4
2021-02-07T01:43:48.780,1.823,-161.339,54.904,28385.852,0.273,0.393,-0.007,8.774,5,20210207T000000_5
2021-02-07T01:44:10.293,1.795,-162.043,55.207,45970.475,0.001,0.179,-0.0,3.754,6,20210207T000000_6
2021-02-07T01:58:58.966,1.493,-161.734,54.905,61000.0,0.81,0.348,-0.005,9.0,7,20210207T000000_7
2021-02-07T03:18:19.600,1.581,-161.007,54.943,13597.028,0.141,0.481,-0.011,6.0,8,20210207T000000_8
2021-02-07T03:40:11.949,1.899,-162.773,54.902,61000.0,1.275,0.105,-0.02,4.0,9,20210207T000000_9
2021-02-07T03:42:49.059,1.828,-161.005,55.034,41261.81,0.183,0.356,-0.014,8.0,10,20210207T000000_10
2021-02-07T03:42:55.045,2.154,-161.004,55.077,48911.0,0.483,0.219,-0.045,7.771,11,20210207T000000_11
2021-02-07T04:34:23.785,1.742,-162.349,55.068,61000.0,0.295,0.387,-0.03,5.886,12,20210207T000000_12
2021-02-07T04:49:33.892,2.257,-160.999,55.328,56483.998,0.195,0.257,0.028,11.627,13,20210207T000000_13
2021-02-07T04:50:20.396,1.801,-161.551,55.238,0.0,1.113,0.205,0.02,4.0,14,20210207T000000_14
2021-02-07T05:22:09.648,1.604,-161.273,54.903,43633.828,0.608,0.292,0.014,5.0,15,20210207T000000_15
2021-02-07T07:33:56.272,1.869,-161.506,55.55,61000.0,0.449,0.335,-0.043,7.876,16,20210207T000000_16
2021-02-07T07:59:48.583,1.455,-162.302,55.432,61000.0,0.32,0.565,-0.105,5.0,1,20210207T080000_1
2021-02-07T12:34:02.251,1.276,-161.632,54.905,61000.0,0.864,0.42,-0.08,5.0,2,20210207T080000_2
2021-02-07T12:38:40.563,1.692,-162.787,55.549,61000.0,0.725,0.388,-0.0,4.94,3,20210207T080000_3
2021-02-07T13:04:14.526,1.941,-160.999,55.296,61000.0,0.182,0.333,-0.023,8.824,4,20210207T080000_4
2021-02-07T13:04:27.934,1.817,-162.142,55.825,11308.574,0.428,0.35,-0.092,4.727,5,20210207T080000_5
2021-02-07T17:57:14.851,1.376,-161.415,54.904,19093.57,0.305,0.368,0.033,7.0,1,20210207T160000_1
2021-02-07T17:57:33.670,1.524,-162.035,54.905,309.441,0.255,0.202,0.003,4.0,2,20210207T160000_2
2021-02-07T18:15:37.866,0.721,-161.717,55.129,75.206,0.841,0.34,0.016,5.0,3,20210207T160000_3
2021-02-07T19:33:49.003,1.379,-161.512,54.918,19616.935,0.161,0.295,-0.014,6.982,4,20210207T160000_4
2021-02-07T20:17:33.582,2.434,-161.051,54.902,54083.883,0.288,0.181,0.009,11.0,5,20210207T160000_5
2021-02-07T20:17:43.273,2.504,-161.129,54.903,49568.09,0.644,0.218,0.024,11.0,6,20210207T160000_6
2021-02-07T20:24:40.913,1.845,-161.465,54.904,28169.667,0.256,0.243,0.02,8.99,7,20210207T160000_7
2021-02-07T20:25:04.563,1.455,-161.654,55.096,189.437,0.554,0.327,-0.011,7.949,8,20210207T160000_8
2021-02-07T21:56:41.845,0.96,-162.254,54.919,272.976,0.448,0.366,-0.023,8.0,9,20210207T160000_9
2021-02-08T02:30:20.418,1.442,-161.229,54.903,38270.957,0.085,0.366,-0.005,5.0,1,20210208T000000_1
2021-02-08T02:30:30.748,1.512,-161.218,54.903,38784.715,0.598,0.299,0.011,5.0,2,20210208T000000_2
2021-02-08T03:28:13.922,1.581,-161.31,54.904,33675.151,0.21,0.435,-0.021,5.925,3,20210208T000000_3
2021-02-08T03:45:47.600,1.516,-162.773,54.902,61000.0,1.068,0.328,0.16,5.0,4,20210208T000000_4
2021-02-08T04:17:48.954,1.955,-161.502,54.904,61000.0,0.766,0.302,-0.056,10.283,5,20210208T000000_5
2021-02-08T04:31:34.204,1.829,-160.999,55.318,32570.539,0.26,0.305,0.009,9.0,6,20210208T000000_6
2021-02-08T04:31:48.288,2.24,-160.994,55.519,52148.795,0.375,0.331,-0.002,5.994,7,20210208T000000_7
2021-02-08T04:37:46.113,1.671,-161.168,54.903,34353.017,0.194,0.363,-0.008,7.0,8,20210208T000000_8
2021-02-08T04:37:58.089,1.58,-161.292,54.903,34602.871,0.152,0.321,0.014,6.0,9,20210208T000000_9
2021-02-08T04:42:14.778,1.369,-161.166,54.903,25637.099,0.12,0.474,-0.007,5.0,10,20210208T000000_10
2021-02-08T07:13:53.436,1.358,-161.723,55.439,48337.177,0.024,0.473,-0.003,5.0,11,20210208T000000_11
2021-02-08T07:14:46.037,1.436,-162.159,55.34,27307.37,0.0,0.273,0.0,4.0,12,20210208T000000_12
2021-02-08T08:15:03.773,1.867,-161.665,54.905,61000.0,0.81,0.426,-0.07,11.0,1,20210208T080000_1
2021-02-08T08:18:12.638,1.746,-162.114,55.036,61000.0,0.407,0.362,-0.012,8.814,2,20210208T080000_2
2021-02-08T09:42:56.145,1.281,-161.002,55.169,61000.0,0.35,0.572,0.02,4.0,3,20210208T080000_3
2021-02-08T11:27:38.651,1.677,-161.687,54.905,61000.0,0.739,0.353,-0.115,12.0,4,20210208T080000_4
2021-02-08T12:00:33.730,1.466,-161.146,54.903,0.0,0.659,0.384,-0.038,6.431,6,20210208T080000_6
2021-02-08T12:00:34.403,1.442,-162.68,54.902,37066.74,0.269,0.285,0.034,4.57,5,20210208T080000_5
2021-02-08T12:00:58.848,-0.281,-161.819,55.284,0.0,0.131,0.345,0.02,4.893,7,20210208T080000_7
2021-02-08T12:35:30.948,0.878,-162.246,55.015,0.0,0.405,0.506,0.106,11.0,8,20210208T080000_8
2021-02-08T12:36:07.214,1.939,-162.773,54.902,0.0,0.744,0.344,0.122,4.754,9,20210208T080000_9
2021-02-08T12:49:24.810,1.655,-161.164,54.903,47323.977,0.211,0.22,0.011,6.0,10,20210208T080000_10
2021-02-08T12:49:32.421,1.717,-161.197,54.903,58482.888,0.637,0.327,0.014,6.0,11,20210208T080000_11
2021-02-08T13:46:16.400,1.911,-161.363,54.904,45761.384,0.371,0.199,0.023,9.0,12,20210208T080000_12
2021-02-08T13:46:30.778,1.73,-161.408,54.904,32952.767,0.408,0.258,0.012,6.0,13,20210208T080000_13
2021-02-08T16:06:11.844,1.753,-161.008,54.912,43015.535,0.2,0.283,-0.004,8.0,1,20210208T160000_1
2021-02-08T16:06:21.380,1.744,-161.067,54.902,45279.11,0.55,0.38,0.036,7.0,2,20210208T160000_2
2021-02-08T16:15:30.999,1.025,-161.006,55.0,1754.492,0.115,0.31,-0.007,4.0,3,20210208T160000_3
2021-02-08T17:27:00.034,1.535,-161.245,54.903,61000.0,0.506,0.548,-0.146,4.957,4,20210208T160000_4
2021-02-08T19:48:01.757,-1.063,-161.754,55.336,0.0,0.244,0.552,0.071,4.0,5,20210208T160000_5
2021-02-08T23:07:59.117,1.617,-160.986,55.918,2165.517,0.345,0.301,-0.002,4.0,6,20210208T160000_6
2021-02-08T23:58:42.404,1.594,-161.478,54.904,56724.199,0.328,0.509,-0.011,9.0,7,20210208T160000_7
2021-02-09T00:11:04.261,1.163,-162.781,55.284,61000.0,0.208,0.481,-0.02,3.599,1,20210209T000000_1
2021-02-09T00:16:46.051,1.113,-161.861,55.463,29916.823,0.265,0.554,0.008,15.0,2,20210209T000000_2
2021-02-09T00:20:20.298,1.17,-162.724,55.316,0.0,0.402,0.488,-0.023,6.0,3,20210209T000000_3
2021-02-09T00:56:20.557,0.999,-161.007,54.955,7456.235,0.142,0.307,-0.005,4.0,4,20210209T000000_4
2021-02-09T00:56:30.597,1.21,-161.008,54.902,17955.704,0.65,0.297,-0.02,4.0,5,20210209T000000_5
2021-02-09T01:38:23.490,0.773,-161.081,55.067,1069.934,0.097,0.367,0.005,4.0,6,20210209T000000_6
2021-02-09T01:38:42.057,0.426,-162.195,55.148,0.0,0.621,0.239,-0.067,4.0,7,20210209T000000_7
2021-02-09T02:43:51.630,1.576,-161.178,54.903,32478.036,0.188,0.288,-0.018,8.0,8,20210209T000000_8
2021-02-09T02:44:00.810,1.727,-161.22,54.903,47348.35,0.632,0.339,0.03,7.0,9,20210209T000000_9
2021-02-09T03:45:33.704,1.083,-161.385,54.904,21241.866,0.132,0.478,-0.01,4.0,10,20210209T000000_10
2021-02-09T08:02:11.268,1.767,-162.773,54.902,46735.694,0.92,0.274,-0.064,10.0,1,20210209T080000_1
2021-02-09T08:44:11.880,2.334,-161.343,54.904,60896.848,0.408,0.237,0.051,11.0,2,20210209T080000_2
2021-02-09T08:44:26.962,2.341,-161.513,54.904,38081.455,0.503,0.223,0.023,9.0,3,20210209T080000_3
2021-02-09T08:45:30.969,1.851,-161.279,54.903,48122.568,0.237,0.236,-0.015,9.0,4,20210209T080000_4
2021-02-09T08:45:47.295,1.765,-161.467,54.904,16866.457,0.494,0.317,0.038,7.0,5,20210209T080000_5
2021-02-09T10:13:16.955,3.379,-161.008,54.918,61000.0,1.028,0.306,0.171,22.0,6,20210209T080000_6
2021-02-09T11:44:40.281,-0.294,-161.874,55.332,11200.384,0.38,0.246,0.016,5.0,7,20210209T080000_7
2021-02-09T15:51:50.645,1.228,-161.003,55.117,16444.959,0.151,0.431,-0.0,5.0,8,20210209T080000_8
2021-02-09T17:36:06.472,1.796,-161.212,54.903,51352.927,0.243,0.268,-0.009,9.0,1,20210209T160000_1
2021-02-09T17:36:15.067,2.03,-161.372,54.904,61000.0,0.671,0.254,-0.04,10.0,2,20210209T160000_2
2021-02-09T18:30:08.341,1.11,-161.304,54.903,25148.776,0.071,0.276,-0.002,4.0,3,20210209T160000_3
2021-02-09T20:40:46.082,2.084,-161.004,55.104,61000.0,0.363,0.211,0.006,10.925,4,20210209T160000_4
2021-02-09T20:40:54.522,2.502,-162.172,55.921,61000.0,0.622,0.266,-0.021,5.43,6,20210209T160000_6
2021-02-09T20:40:54.552,2.567,-162.774,54.946,61000.0,1.079,0.261,-0.062,4.537,5,20210209T160000_5
2021-02-09T20:43:57.880,2.071,-162.732,54.902,61000.0,0.548,0.406,-0.038,15.0,7,20210209T160000_7
2021-02-09T21:31:45.857,1.328,-161.372,54.904,20281.17,0.324,0.387,-0.076,6.0,8,20210209T160000_8
2021-02-09T21:32:07.586,1.175,-161.85,55.189,32636.307,0.0,0.295,-0.0,3.79,9,20210209T160000_9
2021-02-09T23:37:49.282,1.818,-161.003,55.13,54617.646,0.291,0.306,0.002,10.0,10,20210209T160000_10
2021-02-09T23:37:58.819,2.037,-161.002,55.184,58849.967,0.598,0.237,-0.018,10.0,11,20210209T160000_11
2021-02-09T23:45:28.361,1.586,-161.606,54.995,61000.0,0.234,0.431,-0.041,11.0,12,20210209T160000_12
2021-02-10T02:32:46.698,2.003,-161.117,54.902,45759.492,0.286,0.189,0.014,10.0,1,20210210T000000_1
2021-02-10T02:32:58.345,2.048,-161.298,54.903,45469.519,0.694,0.267,-0.016,9.0,2,20210210T000000_2
2021-02-10T06:08:51.758,1.459,-161.71,54.905,61000.0,0.87,0.372,-0.174,14.0,3,20210210T000000_3
2021-02-10T08:01:01.899,2.074,-160.998,55.366,56772.211,0.189,0.252,0.027,7.851,1,20210210T080000_1
2021-02-10T08:01:39.320,1.593,-161.903,55.551,13192.935,0.312,0.373,-0.044,4.574,2,20210210T080000_2
2021-02-10T08:13:28.811,1.244,-161.359,54.904,24828.962,0.018,0.347,-0.002,3.978,3,20210210T080000_3
2021-02-10T11:41:54.810,1.584,-161.445,54.904,36728.917,0.189,0.26,0.015,5.666,4,20210210T080000_4
2021-02-10T11:42:02.972,2.021,-161.005,55.058,58600.217,0.334,0.235,-0.046,6.977,5,20210210T080000_5
2021-02-10T17:35:55.728,1.623,-162.773,54.902,60549.115,0.385,0.308,0.032,5.0,1,20210210T160000_1
2021-02-10T19:19:32.748,2.1,-161.145,54.903,60928.503,0.327,0.188,0.018,10.0,2,20210210T160000_2
2021-02-10T19:19:39.716,2.273,-161.008,54.924,61000.0,0.549,0.268,0.002,9.0,3,20210210T160000_3
2021-02-10T20:42:41.780,0.978,-161.241,55.36,41479.864,0.0,0.057,-0.0,4.0,4,20210210T160000_4
2021-02-10T21:08:34.580,2.05,-161.312,54.904,61000.0,0.41,0.253,-0.019,8.076,5,20210210T160000_5
2021-02-10T21:08:51.377,1.983,-161.274,54.903,1034.368,0.505,0.3,0.048,5.789,6,20210210T160000_6
2021-02-10T21:09:20.763,1.907,-161.432,54.904,46981.148,0.345,0.237,-0.001,6.0,7,20210210T160000_7
2021-02-10T21:09:37.161,1.937,-161.417,54.904,5808.132,0.682,0.227,0.029,7.0,8,20210210T160000_8
2021-02-10T21:41:59.789,0.876,-161.437,55.234,32.921,0.013,0.314,-0.001,4.0,9,20210210T160000_9
2021-02-10T23:19:42.794,1.66,-161.884,55.07,61000.0,0.387,0.309,-0.041,4.97,10,20210210T160000_10
2021-02-11T04:55:26.112,2.016,-162.773,54.902,61000.0,0.947,0.324,-0.009,9.0,1,20210211T000000_1
2021-02-11T05:53:11.236,2.103,-161.007,54.97,33877.094,0.375,0.324,0.03,6.898,2,20210211T000000_2
2021-02-11T05:53:25.211,2.115,-161.001,55.202,34734.614,0.047,0.319,-0.007,4.0,3,20210211T000000_3
2021-02-11T18:03:28.650,1.031,-161.413,55.265,549.511,0.06,0.328,0.007,3.833,1,20210211T160000_1
2021-02-11T18:53:41.354,1.57,-161.007,54.933,24278.673,0.166,0.389,-0.004,4.0,2,20210211T160000_2
2021-02-11T20:10:01.495,2.099,-161.543,55.792,61000.0,0.489,0.439,0.033,9.0,3,20210211T160000_3
2021-02-11T20:37:10.842,1.761,-162.06,55.456,6727.43,0.395,0.331,-0.081,15.0,4,20210211T160000_4
2021-02-11T22:27:51.373,2.719,-161.003,55.141,61000.0,0.451,0.279,0.05,19.564,5,20210211T160000_5
2021-02-12T07:34:15.322,1.164,-162.425,55.717,60972.091,0.027,0.15,0.002,4.0,1,20210212T000000_1
2021-02-12T14:15:03.739,2.635,-161.437,54.937,39576.457,0.353,0.222,0.0,10.998,1,20210212T080000_1
2021-02-12T14:15:29.308,1.979,-161.98,55.188,0.0,0.468,0.466,-0.064,4.225,2,20210212T080000_2
2021-02-12T15:10:09.970,2.036,-161.667,54.905,61000.0,0.928,0.524,-0.216,16.0,3,20210212T080000_3
2021-02-12T16:14:56.986,1.913,-161.486,55.024,61000.0,0.365,0.377,0.041,6.0,1,20210212T160000_1
2021-02-12T16:15:07.574,2.064,-161.232,54.903,39713.15,0.518,0.379,0.063,6.0,2,20210212T160000_2
2021-02-13T01:24:13.754,2.46,-161.304,54.903,60674.276,0.394,0.32,0.013,11.0,1,20210213T000000_1
2021-02-13T01:24:22.727,2.746,-161.302,54.903,61000.0,0.781,0.246,-0.031,11.0,2,20210213T000000_2
2021-02-13T07:26:06.058,1.823,-161.008,54.902,61000.0,1.016,0.487,-0.274,8.0,3,20210213T000000_3
2021-02-13T08:43:26.684,1.538,-161.555,54.904,13386.195,0.243,0.437,0.033,6.0,1,20210213T080000_1
2021-02-13T08:43:39.466,1.342,-161.717,55.02,13129.93,0.182,0.322,-0.008,5.0,2,20210213T080000_2
2021-02-13T09:56:46.512,0.995,-161.755,55.157,22819.247,0.0,0.436,0.0,3.933,3,20210213T080000_3
2021-02-13T13:09:42.418,3.276,-161.054,55.399,61000.0,0.276,0.266,0.04,9.876,4,20210213T080000_4
2021-02-13T13:10:41.778,2.835,-161.966,55.372,11086.944,0.398,0.596,-0.081,5.0,5,20210213T080000_5
2021-02-13T13:20:48.236,2.32,-160.989,55.743,61000.0,0.249,0.39,0.037,7.0,6,20210213T080000_6
2021-02-13T14:15:29.264,1.759,-162.193,55.039,0.0,0.172,0.442,0.03,4.366,7,20210213T080000_7
2021-02-13T14:22:56.791,1.888,-161.832,54.905,61000.0,0.272,0.448,-0.035,11.0,8,20210213T080000_8
2021-02-13T19:09:54.535,1.978,-162.506,54.903,61000.0,0.402,0.322,0.02,9.619,1,20210213T160000_1
2021-02-14T00:24:32.005,2.388,-161.313,54.998,61000.0,0.266,0.352,-0.018,16.987,1,20210214T000000_1
2021-02-14T00:51:16.334,2.711,-162.773,54.902,61000.0,0.895,0.32,0.016,11.708,2,20210214T000000_2
2021-02-14T00:51:33.738,2.446,-162.189,54.905,5.175,0.245,0.299,0.042,6.292,3,20210214T000000_3
2021-02-14T01:05:42.768,2.265,-162.774,54.971,61000.0,0.957,0.324,0.092,9.0,4,20210214T000000_4
2021-02-14T02:04:28.405,1.845,-161.631,55.28,61000.0,0.406,0.412,0.017,6.0,5,20210214T000000_5
2021-02-14T02:04:33.703,2.224,-161.004,55.072,57544.446,0.488,0.341,-0.079,8.0,6,20210214T000000_6
2021-02-14T03:53:27.673,2.248,-162.728,54.902,61000.0,0.482,0.221,0.025,5.955,7,20210214T000000_7
2021-02-14T08:11:01.784,2.464,-161.003,55.12,61000.0,1.168,0.372,-0.009,21.0,1,20210214T080000_1
2021-02-14T09:09:25.389,1.794,-161.139,54.903,44732.588,0.225,0.504,-0.011,6.0,2,20210214T080000_2
2021-02-14T09:09:53.437,0.783,-162.053,55.263,15512.32,0.0,0.497,0.0,4.0,3,20210214T080000_3
2021-02-14T09:46:07.764,1.939,-161.891,54.905,58752.052,0.322,0.376,-0.095,5.1,4,20210214T080000_4
2021-02-14T14:09:19.764,1.853,-161.218,54.903,41315.529,0.164,0.341,0.003,5.0,5,20210214T080000_5
2021-02-14T14:09:31.134,1.902,-161.008,54.902,10612.085,0.479,0.422,-0.001,5.0,6,20210214T080000_6
2021-02-14T17:55:14.732,1.172,-161.463,55.569,19681.02,0.092,0.483,0.026,5.0,1,20210214T160000_1
2021-02-14T19:15:43.665,1.968,-162.775,55.016,43851.774,0.56,0.263,-0.003,6.0,2,20210214T160000_2
2021-02-14T22:32:18.751,1.528,-161.004,55.085,562.638,0.1,0.391,0.025,4.0,3,20210214T160000_3
2021-02-15T01:27:57.472,2.262,-162.773,54.902,61000.0,1.057,0.346,0.081,7.74,1,20210215T000000_1
2021-02-15T01:28:00.734,2.038,-161.189,54.903,0.0,0.685,0.454,0.079,7.157,2,20210215T000000_2
2021-02-15T01:37:51.032,1.807,-162.773,54.902,61000.0,1.222,0.451,-0.025,5.0,3,20210215T000000_3
2021-02-15T17:29:55.857,1.117,-161.647,55.096,19529.189,0.258,0.354,-0.04,7.0,1,20210215T160000_1
2021-02-15T17:30:06.000,1.535,-161.371,54.904,7988.315,0.623,0.329,0.046,6.0,2,20210215T160000_2
2021-02-15T20:20:11.863,1.493,-162.78,55.235,61000.0,0.198,0.471,0.021,5.0,3,20210215T160000_3
2021-02-16T03:44:41.848,2.67,-161.303,54.903,61000.0,0.542,0.189,0.029,10.985,1,20210216T000000_1
2021-02-16T03:45:03.543,2.312,-161.641,54.905,722.292,0.389,0.181,-0.008,6.601,2,20210216T000000_2
2021-02-16T03:49:03.926,2.089,-161.006,54.995,54048.454,0.52,0.208,0.034,13.0,3,20210216T000000_3
2021-02-16T03:49:09.727,2.312,-161.005,55.051,56787.217,0.423,0.261,-0.027,10.0,4,20210216T000000_4
2021-02-16T04:27:24.458,2.383,-161.007,54.963,58330.196,0.296,0.154,0.008,11.0,5,20210216T000000_5
2021-02-16T04:27:31.832,2.517,-161.007,54.948,53603.827,0.505,0.227,0.023,13.0,6,20210216T000000_6
2021-02-16T05:33:19.001,2.104,-162.283,55.339,61000.0,0.219,0.165,0.002,3.619,8,20210216T000000_8
2021-02-16T05:33:19.709,1.389,-162.267,54.98,0.0,0.081,0.632,0.031,8.14,7,20210216T000000_7
2021-02-16T05:33:31.587,2.154,-162.773,54.902,21770.028,0.938,0.284,-0.192,7.24,9,20210216T000000_9
2021-02-16T05:56:27.857,1.383,-160.997,55.41,5554.317,0.355,0.476,0.033,6.0,10,20210216T000000_10
2021-02-16T05:56:40.083,2.021,-161.243,55.512,58190.47,0.628,0.326,-0.006,7.0,11,20210216T000000_11
2021-02-16T06:16:04.411,1.318,-161.593,55.044,23466.882,0.257,0.337,-0.007,9.0,12,20210216T000000_12
2021-02-16T06:16:26.432,0.849,-161.884,55.198,51.328,0.762,0.472,0.084,5.865,14,20210216T000000_14
2021-02-16T06:30:32.676,1.507,-161.614,54.905,61000.0,0.88,0.427,-0.192,8.999,13,20210216T000000_13
2021-02-16T08:29:54.187,1.933,-162.773,54.902,61000.0,0.928,0.419,0.123,8.841,1,20210216T080000_1
2021-02-16T08:29:55.733,2.095,-161.625,54.905,61000.0,0.944,0.057,-0.019,5.159,2,20210216T080000_2
2021-02-16T11:15:09.948,1.045,-162.628,54.903,0.0,0.226,0.266,-0.026,4.0,3,20210216T080000_3
2021-02-16T15:52:45.421,1.876,-161.531,54.981,40583.985,0.288,0.196,-0.012,10.0,4,20210216T080000_4
2021-02-16T15:53:10.840,1.237,-161.944,55.182,1909.701,0.97,0.408,-0.151,9.0,5,20210216T080000_5
2021-02-16T16:06:23.729,2.011,-161.29,54.903,49093.427,0.362,0.243,0.009,9.821,1,20210216T160000_1
2021-02-16T16:06:33.311,2.185,-161.007,54.942,54448.429,0.252,0.247,0.017,6.0,2,20210216T160000_2
2021-02-16T16:17:42.844,1.445,-161.686,54.905,61000.0,0.916,0.444,-0.132,11.0,3,20210216T160000_3
2021-02-16T18:13:11.575,1.142,-162.774,54.975,61000.0,1.196,0.445,0.307,6.0,4,20210216T160000_4
2021-02-16T19:05:03.672,1.539,-162.773,54.902,57649.75,0.686,0.285,-0.036,9.0,5,20210216T160000_5
2021-02-16T20:37:49.767,1.438,-161.026,54.902,32847.539,0.265,0.43,-0.04,6.0,6,20210216T160000_6
2021-02-16T20:37:57.916,1.666,-161.008,54.902,43009.673,0.746,0.337,0.024,6.0,7,20210216T160000_7
2021-02-16T20:59:30.750,1.732,-161.176,54.903,61000.0,0.265,0.382,-0.031,7.972,8,20210216T160000_8
2021-02-16T20:59:45.759,1.42,-161.738,54.905,47349.629,0.448,0.315,0.003,4.737,9,20210216T160000_9
2021-02-16T21:23:11.007,1.398,-161.016,54.902,22641.577,0.26,0.511,0.0,6.0,10,20210216T160000_10
2021-02-16T21:59:37.917,1.403,-161.422,54.904,61000.0,0.563,0.377,-0.249,5.0,11,20210216T160000_11
2021-02-16T22:20:08.055,1.511,-161.496,55.715,61000.0,0.257,0.421,-0.022,7.907,12,20210216T160000_12
2021-02-16T22:31:56.499,1.23,-161.365,54.904,33393.163,0.026,0.355,-0.002,4.0,13,20210216T160000_13
2021-02-16T23:19:04.063,3.187,-161.042,54.902,61000.0,0.347,0.248,0.025,10.0,14,20210216T160000_14
2021-02-16T23:19:15.703,3.501,-161.174,54.903,47415.842,0.55,0.181,0.03,10.0,15,20210216T160000_15
2021-02-17T01:24:44.092,1.111,-161.632,54.905,41324.863,0.504,0.225,-0.029,4.0,1,20210217T000000_1
2021-02-17T04:06:42.607,1.675,-161.621,54.905,61000.0,0.492,0.329,-0.051,7.516,2,20210217T000000_2
2021-02-17T04:58:52.166,1.684,-161.222,54.903,56034.711,0.222,0.329,0.009,7.0,3,20210217T000000_3
2021-02-17T04:59:00.443,1.664,-161.107,54.902,29998.669,0.62,0.267,0.01,7.0,4,20210217T000000_4
2021-02-17T05:29:31.766,2.279,-162.773,54.902,46388.866,0.684,0.267,-0.056,12.296,5,20210217T000000_5
2021-02-17T05:29:43.637,2.528,-162.303,55.113,61000.0,0.905,0.376,-0.198,6.999,6,20210217T000000_6
2021-02-17T07:32:38.513,1.644,-161.008,54.914,49321.328,0.222,0.351,-0.0,9.0,7,20210217T000000_7
2021-02-17T07:32:47.066,1.315,-161.173,54.903,58902.658,0.331,0.296,0.001,5.0,8,20210217T000000_8
2021-02-17T10:17:11.605,0.026,-161.65,55.267,21538.217,0.155,0.307,0.008,4.0,1,20210217T080000_1
2021-02-17T10:39:44.458,1.074,-162.526,54.903,56316.502,0.07,0.299,0.004,4.0,2,20210217T080000_2
2021-02-17T10:51:23.701,1.629,-161.006,54.976,61000.0,0.985,0.443,-0.011,15.0,3,20210217T080000_3
2021-02-17T12:21:39.840,1.108,-161.007,54.929,24768.971,0.214,0.401,0.001,5.0,4,20210217T080000_4
2021-02-17T12:56:34.499,1.794,-162.773,54.902,61000.0,1.049,0.45,-0.231,18.0,5,20210217T080000_5
2021-02-17T13:02:44.180,0.028,-161.826,55.351,20452.166,0.0,0.418,-0.0,4.0,6,20210217T080000_6
2021-02-17T14:46:21.180,1.541,-161.583,54.962,61000.0,0.173,0.088,0.006,6.0,7,20210217T080000_7
2021-02-17T15:41:51.507,1.321,-162.773,54.902,61000.0,1.121,0.279,0.083,7.0,8,20210217T080000_8
2021-02-17T17:01:28.142,0.075,-161.901,55.311,21206.431,0.0,0.401,-0.0,4.0,1,20210217T160000_1
2021-02-17T17:18:03.754,1.84,-161.008,54.902,55664.689,0.285,0.206,0.011,10.0,2,20210217T160000_2
2021-02-17T17:18:12.528,1.838,-161.151,54.903,61000.0,0.445,0.306,-0.029,9.0,3,20210217T160000_3
2021-02-17T19:37:20.349,1.2,-161.609,55.359,43239.854,0.803,0.434,-0.13,12.0,4,20210217T160000_4
2021-02-17T19:37:38.970,1.364,-162.738,55.202,61000.0,0.302,0.201,0.038,5.003,5,20210217T160000_5
2021-02-17T19:37:43.110,1.766,-161.592,55.663,50712.908,0.042,0.34,0.009,3.997,6,20210217T160000_6
2021-02-17T19:41:24.582,1.486,-161.141,54.903,51215.577,0.231,0.375,-0.039,7.0,7,20210217T160000_7
2021-02-17T19:41:35.139,1.534,-161.008,54.915,31144.223,0.608,0.271,0.052,7.0,8,20210217T160000_8
2021-02-17T21:02:17.066,1.721,-161.008,54.902,61000.0,1.206,0.322,0.097,18.0,9,20210217T160000_9
2021-02-18T02:02:13.454,1.54,-162.773,54.902,61000.0,0.785,0.289,-0.017,10.987,1,20210218T000000_1
2021-02-18T03:26:29.355,0.865,-162.6,54.903,0.0,0.14,0.302,-0.022,4.0,2,20210218T000000_2
2021-02-18T05:04:40.860,0.005,-161.399,55.303,624.839,0.983,0.34,0.149,8.0,3,20210218T000000_3
2021-02-18T06:21:55.281,1.423,-161.004,55.081,23285.07,0.359,0.296,0.015,6.788,4,20210218T000000_4
2021-02-18T07:29:34.624,1.491,-162.777,55.104,61000.0,0.174,0.398,0.011,9.0,6,20210218T000000_6
2021-02-18T07:29:52.171,1.051,-162.634,55.235,0.0,0.679,0.476,-0.136,5.0,5,20210218T000000_5
2021-02-18T07:49:53.083,0.946,-161.007,54.949,0.0,0.082,0.463,-0.001,4.0,7,20210218T000000_7
2021-02-18T08:08:26.771,1.618,-161.187,54.903,50537.531,0.365,0.364,0.022,7.893,1,20210218T080000_1
2021-02-18T08:09:00.405,-0.647,-161.781,55.356,0.0,0.118,0.743,0.035,4.0,2,20210218T080000_2
2021-02-18T09:43:36.052,-0.437,-161.695,55.326,0.0,0.006,0.511,0.001,4.0,3,20210218T080000_3
2021-02-18T10:44:51.089,1.313,-161.194,54.903,36247.51,0.143,0.422,-0.018,6.0,4,20210218T080000_4
2021-02-18T10:45:01.954,1.296,-161.37,54.904,51992.544,0.44,0.253,-0.024,5.0,5,20210218T080000_5
2021-02-18T11:09:26.869,1.465,-161.008,54.913,29292.247,0.335,0.363,0.039,9.005,6,20210218T080000_6
2021-02-18T11:09:33.246,1.743,-161.007,54.958,54897.063,0.705,0.344,-0.016,8.584,7,20210218T080000_7
2021-02-18T12:40:55.455,1.966,-161.704,54.905,61000.0,0.934,0.312,-0.143,20.0,8,20210218T080000_8
2021-02-18T13:37:35.399,1.426,-161.582,55.528,61000.0,0.435,0.442,0.074,6.648,9,20210218T080000_9
2021-02-18T13:43:08.459,0.71,-161.006,55.013,3336.35,0.312,0.306,-0.014,4.0,10,20210218T080000_10
2021-02-18T13:49:32.383,1.608,-161.917,54.905,61000.0,0.859,0.352,-0.028,15.0,11,20210218T080000_11
2021-02-18T15:24:18.894,0.923,-161.544,55.071,26207.385,0.273,0.339,-0.027,8.0,12,20210218T080000_12
2021-02-18T15:24:33.512,1.291,-161.584,54.905,0.0,0.843,0.149,0.034,4.0,13,20210218T080000_13
2021-02-18T16:39:46.178,-0.022,-162.078,55.225,0.0,0.098,0.237,-0.004,4.0,1,20210218T160000_1
2021-02-18T16:48:04.280,1.745,-161.368,54.904,45591.438,0.462,0.212,0.031,10.815,2,20210218T160000_2
2021-02-18T16:48:25.244,1.447,-161.486,55.233,35983.649,0.385,0.308,0.034,4.969,3,20210218T160000_3
2021-02-18T17:02:17.732,1.257,-161.336,54.904,30300.497,0.289,0.461,0.05,7.0,4,20210218T160000_4
2021-02-18T17:02:30.581,1.334,-161.482,54.904,33669.964,0.39,0.209,-0.006,5.0,5,20210218T160000_5
2021-02-18T17:03:40.234,1.734,-160.985,55.906,57697.799,0.366,0.343,-0.008,3.881,6,20210218T160000_6
2021-02-18T18:58:38.313,1.333,-160.999,55.33,57585.761,0.232,0.41,0.041,6.0,7,20210218T160000_7
2021-02-18T19:03:40.979,-0.861,-161.8,55.361,0.0,0.243,0.693,0.016,5.0,8,20210218T160000_8
2021-02-18T20:22:37.619,1.869,-161.132,54.903,44685.14,0.341,0.196,0.019,10.0,9,20210218T160000_9
2021-02-18T20:22:48.327,1.842,-161.301,54.903,48365.797,0.444,0.257,0.044,8.0,10,20210218T160000_10
2021-02-18T23:26:40.171,0.863,-161.386,55.064,61000.0,0.218,0.292,-0.01,7.0,11,20210218T160000_11
2021-02-18T23:59:49.583,0.962,-161.886,55.298,61000.0,0.285,0.696,-0.005,7.0,1,20210219T000000_1
2021-02-19T00:35:59.273,0.735,-162.022,55.378,28129.794,0.536,0.503,-0.082,12.0,2,20210219T000000_2
2021-02-19T01:42:18.175,1.96,-161.202,54.903,61000.0,0.303,0.277,-0.005,9.0,3,20210219T000000_3
2021-02-19T01:42:28.838,1.922,-161.354,54.965,61000.0,0.779,0.238,-0.05,8.0,4,20210219T000000_4
2021-02-19T01:57:14.683,0.938,-162.211,54.904,3508.509,0.397,0.157,0.031,4.0,5,20210219T000000_5
2021-02-19T02:07:18.028,0.344,-161.476,55.323,594.8,0.421,0.51,-0.013,8.0,6,20210219T000000_6
2021-02-19T02:56:52.227,0.499,-161.585,55.063,17201.306,0.143,0.182,-0.008,5.0,7,20210219T000000_7
2021-02-19T03:15:28.935,1.436,-161.103,54.902,2062.753,0.349,0.416,0.047,7.0,8,20210219T000000_8
2021-02-19T03:15:41.658,1.383,-161.421,54.904,34144.389,0.876,0.225,0.004,5.0,9,20210219T000000_9
2021-02-19T03:23:31.097,1.255,-161.241,54.903,29169.787,0.273,0.47,-0.07,6.0,10,20210219T000000_10
2021-02-19T03:33:29.888,2.592,-161.369,54.904,42826.108,0.481,0.251,0.044,11.0,11,20210219T000000_11
2021-02-19T03:33:44.334,2.783,-161.416,54.904,21502.09,0.825,0.226,0.045,9.958,12,20210219T000000_12
2021-02-19T03:38:01.816,1.729,-161.31,54.904,47948.248,0.295,0.263,-0.003,10.0,13,20210219T000000_13
2021-02-19T03:38:14.484,1.687,-161.383,54.904,42650.054,0.629,0.31,-0.026,7.0,14,20210219T000000_14
2021-02-19T03:44:56.855,0.855,-162.161,54.905,0.0,0.546,0.14,0.004,5.0,15,20210219T000000_15
2021-02-19T04:02:55.076,1.097,-161.005,55.026,0.0,0.112,0.499,-0.034,4.0,16,20210219T000000_16
2021-02-19T04:08:44.404,0.378,-161.884,55.198,0.0,0.301,0.374,0.033,5.986,17,20210219T000000_17
2021-02-19T04:08:47.683,1.55,-161.087,54.902,1613.752,0.728,0.286,-0.005,5.0,18,20210219T000000_18
2021-02-19T04:15:53.243,1.102,-161.299,54.903,24048.204,0.182,0.487,-0.021,5.0,19,20210219T000000_19
2021-02-19T04:21:42.499,-0.367,-161.714,55.361,0.0,0.404,0.631,-0.057,5.0,20,20210219T000000_20
2021-02-19T04:40:37.350,1.037,-161.006,54.999,0.0,0.056,0.59,-0.013,4.0,21,20210219T000000_21
2021-02-19T04:55:35.694,1.359,-161.022,54.902,491.77,0.143,0.469,0.002,6.0,22,20210219T000000_22
2021-02-19T05:48:00.585,1.212,-162.773,54.902,36660.735,0.571,0.21,0.041,6.0,23,20210219T000000_23
2021-02-19T06:20:10.660,1.29,-161.09,54.902,1943.95,0.089,0.348,0.01,6.0,24,20210219T000000_24
2021-02-19T06:50:39.906,1.452,-162.773,54.902,61000.0,1.043,0.324,-0.043,14.0,25,20210219T000000_25
2021-02-19T08:36:19.564,2.483,-161.408,54.904,61000.0,0.82,0.135,0.02,12.986,1,20210219T080000_1
2021-02-19T08:36:32.329,2.584,-161.539,54.904,25467.996,0.434,0.181,-0.009,10.014,2,20210219T080000_2
2021-02-19T09:06:31.699,1.016,-161.902,54.905,31243.6,0.347,0.247,0.019,5.0,3,20210219T080000_3
2021-02-19T09:06:48.322,1.313,-161.823,54.905,41709.412,0.801,0.423,0.061,9.0,4,20210219T080000_4
2021-02-19T09:11:10.757,1.344,-162.773,54.902,61000.0,0.537,0.398,0.026,5.688,5,20210219T080000_5
2021-02-19T09:13:48.877,1.99,-162.773,54.902,41043.895,0.207,0.276,0.032,6.732,6,20210219T080000_6
2021-02-19T09:13:53.168,1.838,-162.132,55.458,61000.0,0.309,0.36,0.062,8.268,7,20210219T080000_7
2021-02-19T09:21:33.133,1.562,-162.774,54.987,36796.798,0.509,0.337,0.105,9.801,8,20210219T080000_8
2021-02-19T09:38:14.336,1.159,-160.998,55.336,39360.321,0.506,0.623,-0.022,4.0,9,20210219T080000_9
2021-02-19T10:46:24.387,2.205,-161.027,54.902,57170.919,0.333,0.198,0.011,11.0,10,20210219T080000_10
2021-02-19T10:46:34.513,2.215,-161.2,54.903,60414.489,0.71,0.209,0.017,11.0,11,20210219T080000_11
2021-02-19T10:52:15.036,0.405,-161.565,55.242,7612.059,0.1,0.411,-0.012,5.821,12,20210219T080000_12
2021-02-19T10:52:24.220,0.971,-161.476,54.904,25223.129,0.154,0.269,-0.005,4.0,13,20210219T080000_13
2021-02-19T10:59:42.795,0.402,-162.242,54.963,0.0,0.253,0.562,-0.017,4.0,14,20210219T080000_14
2021-02-19T12:32:13.043,0.365,-162.28,55.026,0.0,0.306,0.439,-0.044,4.0,15,20210219T080000_15
2021-02-19T12:59:38.836,1.28,-161.0,55.265,12628.976,0.386,0.479,-0.001,9.0,16,20210219T080000_16
2021-02-19T12:59:49.536,1.785,-160.998,55.362,61000.0,0.63,0.398,0.086,6.0,17,20210219T080000_17
2021-02-19T13:23:52.983,1.172,-161.24,54.903,25095.314,0.129,0.43,-0.003,4.0,18,20210219T080000_18
2021-02-19T13:43:25.719,1.025,-161.008,54.92,0.0,0.059,0.363,-0.01,4.0,19,20210219T080000_19
2021-02-19T13:52:35.807,0.008,-161.575,55.294,11183.526,0.383,0.409,-0.086,7.0,20,20210219T080000_20
2021-02-19T14:04:01.902,1.621,-161.03,54.902,45215.912,0.181,0.355,-0.004,9.0,21,20210219T080000_21
2021-02-19T14:04:10.012,1.515,-161.075,54.902,54338.222,0.752,0.27,-0.002,6.0,22,20210219T080000_22
2021-02-19T14:14:58.667,0.874,-162.214,54.904,0.0,0.468,0.592,-0.051,4.834,23,20210219T080000_23
2021-02-19T14:22:53.459,1.085,-160.995,55.503,61000.0,0.506,0.429,-0.084,6.0,24,20210219T080000_24
2021-02-19T14:29:49.543,1.627,-162.773,54.902,61000.0,1.041,0.289,-0.086,7.149,25,20210219T080000_25
2021-02-19T14:59:54.575,0.765,-161.535,55.065,486.88,0.396,0.266,-0.016,3.85,26,20210219T080000_26
2021-02-19T15:06:11.231,0.508,-161.674,55.111,19284.646,0.408,0.418,0.006,7.0,27,20210219T080000_27
2021-02-19T15:06:14.961,1.056,-161.016,54.902,21613.288,0.475,0.333,-0.035,3.685,28,20210219T080000_28
2021-02-19T15:14:46.590,1.556,-161.007,54.971,61000.0,0.544,0.448,0.057,9.0,29,20210219T080000_29
2021-02-19T15:35:18.478,1.013,-162.412,54.904,29723.02,0.019,0.293,0.004,4.0,30,20210219T080000_30
2021-02-19T17:08:22.224,1.249,-162.322,54.904,61000.0,0.721,0.434,-0.039,5.702,1,20210219T160000_1
2021-02-19T20:15:02.195,1.443,-162.383,54.904,61000.0,0.932,0.305,-0.245,7.0,2,20210219T160000_2
2021-02-19T21:43:59.541,1.281,-161.728,54.905,40835.629,0.491,0.36,0.011,6.0,3,20210219T160000_3
2021-02-19T23:24:38.830,1.617,-162.545,55.023,57308.348,0.249,0.296,0.02,9.963,4,20210219T160000_4
2021-02-20T01:14:24.834,0.822,-161.749,55.095,21884.372,0.276,0.327,0.005,8.0,1,20210220T000000_1
2021-02-20T01:14:31.687,1.583,-161.353,54.904,30068.274,0.125,0.175,0.002,3.126,2,20210220T000000_2
2021-02-20T01:18:13.950,1.148,-161.164,54.903,2070.599,0.349,0.295,-0.009,4.0,3,20210220T000000_3
2021-02-20T03:29:32.720,1.904,-161.417,54.904,61000.0,0.711,0.425,-0.124,8.308,4,20210220T000000_4
2021-02-20T03:29:44.123,1.548,-161.505,54.904,4951.423,0.16,0.284,0.011,5.692,5,20210220T000000_5
2021-02-20T09:21:58.868,0.986,-162.011,54.905,375.039,0.261,0.278,0.011,4.963,1,20210220T080000_1
2021-02-20T09:22:20.846,1.416,-162.073,54.905,0.0,0.791,0.206,0.035,6.979,2,20210220T080000_2
2021-02-20T12:16:55.802,2.814,-162.658,54.902,60071.673,0.708,0.34,-0.044,22.0,3,20210220T080000_3
2021-02-20T16:02:32.294,1.277,-161.007,54.939,2322.931,0.049,0.394,0.0,4.0,1,20210220T160000_1
2021-02-20T19:53:57.775,1.437,-161.004,55.063,19588.44,0.157,0.463,0.046,4.0,2,20210220T160000_2
2021-02-20T19:54:08.560,1.603,-161.09,54.902,3198.558,0.308,0.317,0.002,4.0,3,20210220T160000_3
2021-02-21T01:46:47.752,1.451,-161.778,54.905,61000.0,0.729,0.606,-0.261,6.0,1,20210221T000000_1
2021-02-21T05:43:25.014,-0.327,-161.757,55.391,16756.291,0.047,0.082,0.001,4.0,2,20210221T000000_2
2021-02-21T07:11:56.115,1.937,-161.311,54.904,49502.404,0.322,0.349,-0.046,8.0,3,20210221T000000_3
2021-02-21T07:12:11.963,1.694,-161.213,54.903,0.0,0.583,0.354,-0.126,6.0,4,20210221T000000_4
2021-02-21T08:13:39.113,1.333,-162.773,54.902,48928.713,0.92,0.393,-0.139,4.0,1,20210221T080000_1
2021-02-21T08:24:26.787,1.042,-161.107,54.902,937.138,0.121,0.34,0.005,4.0,2,20210221T080000_2
2021-02-21T09:32:32.430,1.198,-161.324,54.904,14778.381,0.188,0.399,-0.005,4.0,3,20210221T080000_3
2021-02-21T11:06:23.208,2.044,-161.458,54.904,46357.202,0.38,0.254,0.012,10.968,4,20210221T080000_4
2021-02-21T11:06:36.802,2.144,-161.082,55.03,31617.368,0.223,0.3,-0.003,6.548,5,20210221T080000_5
2021-02-21T11:08:22.871,0.986,-161.423,55.153,170.002,0.125,0.391,0.01,4.0,6,20210221T080000_6
2021-02-21T11:08:39.926,1.278,-161.552,55.111,0.0,0.119,0.447,0.01,4.857,7,20210221T080000_7
2021-02-21T11:11:35.922,0.63,-161.554,55.115,216.036,0.17,0.415,-0.023,6.0,8,20210221T080000_8
2021-02-21T11:11:52.990,0.881,-161.561,55.11,0.0,0.307,0.377,0.008,5.0,9,20210221T080000_9
2021-02-21T11:19:35.088,1.109,-161.327,54.904,24693.203,0.065,0.28,-0.004,4.0,10,20210221T080000_10
2021-02-21T11:19:49.641,1.059,-161.496,54.904,27786.85,0.447,0.292,-0.013,4.0,11,20210221T080000_11
2021-02-21T12:11:07.425,1.513,-161.232,54.903,30664.181,0.12,0.502,0.019,6.0,12,20210221T080000_12
2021-02-21T12:11:19.476,1.224,-161.582,54.905,49000.102,0.443,0.315,-0.031,4.0,13,20210221T080000_13
2021-02-21T15:05:07.426,1.484,-162.678,55.151,23274.559,0.747,0.457,-0.209,8.0,14,20210221T080000_14
2021-02-21T16:00:52.845,1.782,-161.189,54.903,53170.728,0.207,0.466,-0.025,5.952,1,20210221T160000_1
2021-02-21T16:37:06.446,1.218,-161.455,54.931,23803.165,0.182,0.394,0.003,6.0,2,20210221T160000_2
2021-02-21T17:30:27.593,0.778,-161.658,55.113,20570.353,0.131,0.229,0.001,6.0,3,20210221T160000_3
2021-02-21T17:30:35.976,1.738,-161.511,54.904,31435.633,0.48,0.199,-0.008,4.726,4,20210221T160000_4
2021-02-21T18:53:44.217,0.494,-161.67,55.509,0.0,0.289,0.566,-0.055,6.0,5,20210221T160000_5
2021-02-21T18:54:15.414,1.014,-161.712,55.102,20263.658,0.214,0.193,0.007,7.0,6,20210221T160000_6
2021-02-21T18:54:23.303,1.834,-161.366,54.904,25986.048,0.652,0.283,0.048,6.813,7,20210221T160000_7
2021-02-21T19:53:29.265,1.705,-161.205,54.903,31857.603,0.146,0.334,-0.004,7.0,8,20210221T160000_8
2021-02-21T19:53:50.066,1.331,-161.236,55.25,14228.45,0.0,0.278,-0.0,3.639,9,20210221T160000_9
2021-02-21T21:57:45.676,1.135,-161.215,54.903,782.114,0.043,0.283,0.002,4.0,10,20210221T160000_10
2021-02-21T21:58:11.669,0.486,-161.844,55.164,4677.038,0.34,0.458,-0.016,5.0,11,20210221T160000_11
2021-02-21T22:04:56.464,1.443,-161.006,55.001,54454.178,0.423,0.555,-0.024,5.159,12,20210221T160000_12
2021-02-21T22:08:14.766,1.029,-161.588,55.115,221.268,0.289,0.368,-0.008,5.0,13,20210221T160000_13
2021-02-21T22:20:31.774,0.29,-161.895,55.112,0.0,0.765,0.253,-0.006,5.0,14,20210221T160000_14
2021-02-21T22:25:25.005,0.464,-161.414,55.188,17738.543,0.0,0.233,-0.0,4.0,15,20210221T160000_15
2021-02-21T22:41:01.121,1.6,-162.781,55.303,61000.0,0.866,0.431,-0.032,8.894,16,20210221T160000_16
2021-02-21T23:00:12.779,2.308,-161.706,54.905,61000.0,0.795,0.336,-0.109,20.0,17,20210221T160000_17
2021-02-21T23:56:39.610,2.012,-161.215,54.903,31490.912,0.592,0.412,0.096,11.0,18,20210221T160000_18
2021-02-21T23:57:06.136,1.325,-161.847,55.15,1919.729,0.656,0.459,0.048,7.863,19,20210221T160000_19
2021-02-21T23:57:54.921,1.166,-161.318,55.22,0.0,0.194,0.302,-0.017,6.648,20,20210221T160000_20
2021-02-21T23:58:16.252,1.224,-161.95,55.226,12237.886,0.435,0.216,-0.028,7.0,21,20210221T160000_21
2021-02-22T00:05:23.910,0.486,-161.299,55.211,703.425,0.246,0.262,0.041,5.962,1,20210222T000000_1
2021-02-22T00:37:34.182,1.644,-161.056,54.902,47838.303,0.292,0.292,0.013,6.0,2,20210222T000000_2
2021-02-22T00:37:44.223,2.025,-161.184,54.903,49589.27,0.341,0.297,0.01,7.901,3,20210222T000000_3
2021-02-22T00:43:02.931,0.59,-161.544,55.179,25570.253,0.0,0.157,0.0,4.0,4,20210222T000000_4
2021-02-22T00:43:24.863,-0.613,-161.867,55.149,0.0,0.875,1.056,0.194,5.0,5,20210222T000000_5
2021-02-22T01:18:38.411,1.895,-161.003,55.126,37420.253,0.461,0.277,-0.005,9.491,6,20210222T000000_6
2021-02-22T01:18:43.451,2.334,-162.21,55.921,61000.0,0.5,0.247,0.026,5.733,7,20210222T000000_7
2021-02-22T01:21:15.179,0.461,-161.849,55.18,19097.267,0.0,0.423,-0.0,3.572,8,20210222T000000_8
2021-02-22T01:47:09.204,2.019,-161.36,54.904,48453.325,0.27,0.24,-0.014,8.881,9,20210222T000000_9
2021-02-22T01:47:21.783,2.354,-161.006,55.014,35053.887,0.281,0.307,-0.013,4.842,10,20210222T000000_10
2021-02-22T02:08:56.345,1.446,-161.129,54.903,103.977,0.111,0.434,-0.021,6.0,11,20210222T000000_11
2021-02-22T02:12:31.771,1.698,-161.476,54.904,38737.612,0.231,0.309,0.014,8.892,12,20210222T000000_12
2021-02-22T02:12:35.781,2.2,-161.436,55.859,284.32,0.369,0.107,0.021,4.024,13,20210222T000000_13
2021-02-22T02:12:47.906,1.823,-161.001,55.2,17399.656,0.317,0.268,0.015,6.973,14,20210222T000000_14
2021-02-22T03:51:59.180,1.982,-161.003,55.143,41248.856,0.426,0.233,0.013,9.836,15,20210222T000000_15
2021-02-22T03:52:05.221,2.417,-162.083,55.921,61000.0,0.608,0.256,0.028,5.942,16,20210222T000000_16
2021-02-22T04:37:43.863,2.09,-161.135,54.903,58052.289,0.326,0.193,0.016,11.0,17,20210222T000000_17
2021-02-22T04:37:52.455,2.236,-161.208,54.903,61000.0,0.528,0.302,-0.012,12.0,18,20210222T000000_18
2021-02-22T07:39:13.233,1.956,-161.021,54.902,38318.51,0.278,0.309,0.019,9.0,19,20210222T000000_19
2021-02-22T07:39:21.925,2.06,-161.157,54.903,51014.36,0.476,0.336,0.009,8.0,20,20210222T000000_20
2021-02-22T07:41:04.326,2.305,-161.149,54.903,61000.0,0.45,0.16,0.025,11.0,21,20210222T000000_21
2021-02-22T07:41:16.183,2.575,-161.305,54.903,51099.472,0.601,0.217,0.01,10.0,22,20210222T000000_22
2021-02-22T09:02:25.233,0.809,-161.459,55.164,21256.744,0.234,0.473,0.047,6.744,1,20210222T080000_1
2021-02-22T09:02:45.863,0.614,-161.952,55.132,0.0,0.353,0.3,-0.012,4.391,2,20210222T080000_2
2021-02-22T09:38:47.861,1.463,-161.236,54.903,42389.564,0.254,0.261,-0.019,5.0,3,20210222T080000_3
2021-02-22T09:38:59.368,1.587,-161.299,54.903,38524.261,0.577,0.311,0.012,5.0,4,20210222T080000_4
2021-02-22T11:08:50.754,1.981,-161.022,55.121,61000.0,0.375,0.32,0.065,11.0,5,20210222T080000_5
2021-02-22T12:58:55.324,0.452,-161.638,55.254,0.679,0.048,0.459,0.007,4.0,6,20210222T080000_6
2021-02-22T12:59:11.746,0.894,-161.707,55.08,3775.015,0.355,0.336,0.005,3.64,7,20210222T080000_7
2021-02-22T13:01:30.430,2.356,-161.008,54.902,61000.0,1.106,0.231,0.128,22.0,8,20210222T080000_8
2021-02-22T13:49:40.844,0.877,-161.599,55.071,14259.561,0.261,0.466,-0.05,6.0,9,20210222T080000_9
2021-02-22T15:27:53.443,2.324,-160.995,55.502,61000.0,1.044,0.34,0.108,22.0,10,20210222T080000_10
2021-02-22T16:17:27.879,1.729,-161.709,54.905,61000.0,0.731,0.364,-0.17,19.0,1,20210222T160000_1
2021-02-22T16:38:57.597,2.344,-161.183,55.462,61000.0,0.538,0.203,0.018,11.0,2,20210222T160000_2
2021-02-22T16:39:12.065,2.851,-162.782,55.311,61000.0,0.78,0.26,0.078,7.0,3,20210222T160000_3
2021-02-22T16:50:29.677,0.768,-161.831,55.062,20670.356,0.21,0.395,-0.054,5.0,4,20210222T160000_4
2021-02-22T16:50:45.780,0.973,-161.707,55.054,17364.126,0.292,0.298,-0.013,6.0,5,20210222T160000_5
2021-02-22T19:49:38.851,1.537,-161.873,55.561,61000.0,0.458,0.439,-0.054,7.81,6,20210222T160000_6
2021-02-22T20:04:37.147,0.963,-162.398,54.904,22189.667,0.362,0.209,-0.023,6.912,7,20210222T160000_7
2021-02-22T20:15:47.927,0.872,-161.549,54.904,562.905,0.303,0.263,0.029,5.0,8,20210222T160000_8
2021-02-22T20:16:05.890,0.985,-161.469,55.063,339.274,0.622,0.289,-0.014,5.0,9,20210222T160000_9
2021-02-22T22:18:00.471,1.752,-161.4,54.904,46886.769,0.339,0.381,0.007,8.0,10,20210222T160000_10
2021-02-22T22:18:14.979,1.519,-162.015,54.905,40085.085,0.411,0.324,-0.065,6.0,11,20210222T160000_11
2021-02-23T03:46:51.266,1.496,-161.149,54.903,29346.224,0.041,0.346,-0.007,5.0,1,20210223T000000_1
2021-02-23T03:47:04.572,1.436,-161.419,54.904,33437.828,0.176,0.345,0.004,5.0,2,20210223T000000_2
2021-02-23T03:54:28.475,1.517,-161.979,54.905,61000.0,0.531,0.335,-0.105,5.0,3,20210223T000000_3
2021-02-23T06:20:12.262,1.865,-161.006,54.982,49471.708,0.18,0.315,-0.015,9.0,4,20210223T000000_4
2021-02-23T06:20:20.431,2.101,-161.006,54.983,52850.016,0.756,0.318,-0.026,8.0,5,20210223T000000_5
2021-02-23T06:40:51.745,1.84,-161.083,54.902,45547.508,0.229,0.316,-0.008,8.0,6,20210223T000000_6
2021-02-23T06:41:01.104,1.899,-161.161,54.903,48195.502,0.477,0.293,0.036,7.0,7,20210223T000000_7
2021-02-23T10:42:21.718,1.527,-161.451,54.904,37259.781,0.228,0.235,0.008,5.0,1,20210223T080000_1
2021-02-23T10:42:46.722,1.136,-161.821,55.149,10155.574,0.851,0.322,0.049,10.0,2,20210223T080000_2
2021-02-23T12:29:16.907,-0.112,-161.761,55.394,16049.566,0.367,0.205,0.02,7.0,3,20210223T080000_3
2021-02-23T12:33:11.354,1.575,-161.585,54.905,61000.0,0.701,0.412,-0.118,9.0,4,20210223T080000_4
2021-02-23T16:30:24.386,1.924,-162.773,54.902,61000.0,1.288,0.332,0.067,10.0,1,20210223T160000_1
2021-02-23T16:37:35.532,2.126,-161.005,55.042,61000.0,0.64,0.307,-0.085,9.0,3,20210223T160000_3
2021-02-23T16:37:42.809,0.274,-161.67,55.314,0.0,0.137,0.288,0.025,4.0,2,20210223T160000_2
2021-02-23T20:03:58.410,2.869,-161.874,54.905,61000.0,0.765,0.241,-0.121,20.96,4,20210223T160000_4
2021-02-23T21:59:53.248,1.213,-161.008,54.902,14376.836,0.328,0.339,0.016,5.0,5,20210223T160000_5
2021-02-23T22:00:07.850,1.616,-161.379,54.904,24751.738,0.714,0.28,0.029,6.0,6,20210223T160000_6
2021-02-23T22:02:31.256,1.257,-161.357,54.904,48490.563,0.317,0.42,0.031,5.0,7,20210223T160000_7
2021-02-23T22:02:45.763,1.569,-161.392,54.904,27714.995,0.766,0.272,0.014,6.0,8,20210223T160000_8
2021-02-23T22:34:32.899,1.001,-162.237,54.904,74.652,0.233,0.169,-0.002,5.873,9,20210223T160000_9
2021-02-23T22:35:14.616,1.07,-162.446,54.962,0.0,0.87,0.175,-0.021,4.0,10,20210223T160000_10
2021-02-23T22:41:48.909,1.986,-161.438,54.904,39024.281,0.401,0.185,0.018,11.0,11,20210223T160000_11
2021-02-23T22:41:57.574,2.378,-161.467,54.904,55817.788,0.918,0.223,-0.0,9.0,12,20210223T160000_12
2021-02-23T23:36:55.019,1.069,-161.468,55.086,9577.082,0.086,0.298,0.004,6.0,13,20210223T160000_13
2021-02-23T23:37:02.702,1.904,-161.4,54.904,33399.35,0.786,0.296,0.033,7.832,14,20210223T160000_14
2021-02-23T23:46:15.499,1.361,-162.435,55.725,20812.371,0.307,0.51,0.008,3.786,15,20210223T160000_15
2021-02-23T23:48:29.336,1.353,-161.331,54.904,37118.764,0.125,0.298,0.005,5.0,16,20210223T160000_16
2021-02-23T23:48:42.241,1.6,-161.377,54.904,31032.71,0.572,0.343,0.013,6.0,17,20210223T160000_17
2021-02-24T00:04:22.710,1.151,-161.742,54.905,20273.508,0.523,0.243,0.023,5.0,1,20210224T000000_1
2021-02-24T00:04:46.733,1.431,-161.688,54.905,16935.109,0.652,0.181,-0.032,5.0,2,20210224T000000_2
2021-02-24T01:14:34.047,1.694,-161.008,54.902,61000.0,0.809,0.388,0.023,7.458,3,20210224T000000_3
2021-02-24T02:36:39.951,2.08,-161.397,54.904,43900.349,0.436,0.223,0.046,11.0,4,20210224T000000_4
2021-02-24T02:36:48.986,2.52,-161.419,54.904,57789.08,0.827,0.234,0.023,10.0,5,20210224T000000_5
2021-02-24T03:19:58.540,1.186,-161.1,54.902,2351.104,0.134,0.28,-0.009,4.0,6,20210224T000000_6
2021-02-24T03:44:46.749,0.931,-161.445,55.162,18986.641,0.262,0.361,0.038,7.0,7,20210224T000000_7
2021-02-24T03:45:08.752,0.627,-162.044,55.249,13339.695,0.304,0.266,0.019,4.759,8,20210224T000000_8
2021-02-24T03:53:10.224,1.517,-161.316,54.904,41366.262,0.265,0.35,-0.008,6.0,9,20210224T000000_9
2021-02-24T03:53:23.156,1.553,-161.359,54.904,32846.053,0.807,0.288,0.016,6.0,10,20210224T000000_10
2021-02-24T04:27:18.533,1.782,-161.803,54.905,61000.0,0.579,0.276,-0.017,7.22,11,20210224T000000_11
2021-02-24T04:27:19.267,1.624,-162.338,54.904,61000.0,0.571,0.403,-0.006,5.624,12,20210224T000000_12
2021-02-24T04:47:03.310,1.326,-161.207,55.358,46786.322,0.291,0.507,0.013,7.0,13,20210224T000000_13
2021-02-24T04:47:04.882,1.679,-160.997,55.389,61000.0,0.397,0.381,-0.004,6.0,14,20210224T000000_14
2021-02-24T04:49:20.950,0.716,-161.491,55.121,24386.056,0.277,0.508,-0.014,5.0,15,20210224T000000_15
2021-02-24T05:24:13.018,0.471,-161.686,55.084,13473.565,0.227,0.465,-0.013,5.0,16,20210224T000000_16
2021-02-24T05:24:29.893,0.998,-161.669,55.061,0.0,0.183,0.379,-0.019,4.0,17,20210224T000000_17
2021-02-24T07:59:48.911,1.113,-162.11,55.247,61000.0,0.471,0.618,-0.048,5.0,1,20210224T080000_1
2021-02-24T08:09:47.423,1.588,-161.28,54.903,41770.429,0.188,0.346,0.008,5.0,2,20210224T080000_2
2021-02-24T08:10:03.220,1.81,-161.361,54.904,11911.406,0.731,0.271,0.038,7.0,3,20210224T080000_3
2021-02-24T10:03:10.430,1.557,-162.773,54.902,61000.0,1.044,0.176,0.034,5.287,4,20210224T080000_4
2021-02-24T11:15:54.961,1.411,-161.251,54.903,18084.985,0.26,0.313,0.015,7.0,5,20210224T080000_5
2021-02-24T14:19:29.500,1.652,-162.652,54.903,61000.0,0.425,0.297,0.047,9.629,6,20210224T080000_6
2021-02-24T14:19:30.825,1.782,-161.871,54.905,61000.0,0.503,0.123,-0.039,4.371,7,20210224T080000_7
2021-02-24T14:34:47.753,0.49,-162.155,55.017,0.0,0.537,0.296,0.039,5.628,8,20210224T080000_8
2021-02-24T14:35:41.353,1.343,-161.004,55.103,38614.964,0.256,0.451,-0.036,6.0,9,20210224T080000_9
2021-02-24T14:54:12.004,1.312,-161.144,54.903,40844.985,0.243,0.443,-0.016,5.0,10,20210224T080000_10
2021-02-24T14:54:22.286,1.142,-161.147,54.903,40749.917,0.335,0.293,-0.014,4.0,11,20210224T080000_11
2021-02-24T15:21:05.065,1.688,-162.773,54.902,16050.243,0.64,0.304,0.024,11.0,12,20210224T080000_12
2021-02-24T15:21:30.821,1.929,-162.435,54.904,0.0,0.797,0.524,0.049,8.0,13,20210224T080000_13
2021-02-24T16:20:23.209,1.327,-161.517,54.904,33702.505,0.285,0.275,0.034,7.89,1,20210224T160000_1
2021-02-24T16:20:26.978,1.715,-161.302,55.727,30535.258,0.628,0.482,0.043,4.11,2,20210224T160000_2
2021-02-24T16:20:53.494,-0.602,-161.821,55.356,0.0,0.111,0.57,0.021,4.0,3,20210224T160000_3
2021-02-24T17:41:27.608,1.663,-162.773,54.902,61000.0,1.027,0.261,-0.102,10.0,4,20210224T160000_4
2021-02-24T18:28:00.690,1.402,-161.06,54.902,39155.709,0.254,0.368,0.004,6.0,5,20210224T160000_5
2021-02-24T18:28:10.007,1.291,-161.204,54.903,50236.379,0.464,0.313,0.027,5.0,6,20210224T160000_6
2021-02-24T19:10:27.803,0.328,-161.852,55.5,27628.365,0.003,0.489,-0.001,5.0,7,20210224T160000_7
2021-02-24T19:51:24.896,1.579,-161.151,54.903,27728.243,0.399,0.311,0.07,8.0,8,20210224T160000_8
2021-02-24T19:51:29.976,1.76,-161.008,54.913,52897.76,0.748,0.258,-0.005,8.0,9,20210224T160000_9
2021-02-24T20:43:57.261,1.89,-162.773,54.902,61000.0,0.947,0.331,-0.041,10.933,10,20210224T160000_10
2021-02-24T20:44:15.170,1.588,-162.274,54.904,436.419,0.29,0.327,-0.016,6.04,11,20210224T160000_11
2021-02-24T20:59:30.472,1.735,-162.773,54.902,61000.0,0.998,0.349,-0.082,9.932,12,20210224T160000_12
2021-02-24T20:59:48.549,1.225,-162.25,54.904,0.0,0.272,0.322,-0.04,5.051,13,20210224T160000_13
2021-02-24T23:47:02.943,0.158,-161.927,55.239,0.0,0.261,0.379,0.05,3.919,14,20210224T160000_14
2021-02-25T02:04:17.500,1.166,-161.707,55.053,22311.788,0.254,0.268,0.03,7.986,1,20210225T000000_1
2021-02-25T02:04:36.953,1.222,-161.727,55.145,21791.454,0.321,0.338,-0.042,5.952,2,20210225T000000_2
2021-02-25T03:22:04.474,1.674,-162.328,54.904,0.0,0.333,0.358,0.058,8.008,3,20210225T000000_3
2021-02-25T03:22:08.478,1.497,-161.364,55.42,83.352,0.419,0.607,0.129,4.94,4,20210225T000000_4
2021-02-25T04:43:45.420,1.798,-161.075,54.902,33729.012,0.284,0.272,0.034,7.0,5,20210225T000000_5
2021-02-25T04:43:51.024,1.911,-161.098,54.902,61000.0,0.513,0.276,0.045,6.0,6,20210225T000000_6
2021-02-25T05:45:31.207,1.845,-161.296,54.903,39867.651,0.317,0.222,0.003,9.0,7,20210225T000000_7
2021-02-25T05:45:39.511,2.049,-161.233,54.903,49855.434,0.583,0.242,0.031,9.0,8,20210225T000000_8
2021-02-25T07:38:51.334,1.337,-161.472,54.904,35147.313,0.193,0.456,0.011,5.0,9,20210225T000000_9
2021-02-25T07:39:17.069,0.781,-161.868,55.132,10856.378,0.655,0.351,0.029,9.0,10,20210225T000000_10
2021-02-25T08:32:57.599,1.535,-161.134,55.155,61000.0,0.074,0.396,-0.012,4.0,1,20210225T080000_1
2021-02-25T08:33:09.511,1.661,-161.003,55.139,43295.021,0.38,0.372,0.004,6.0,2,20210225T080000_2
2021-02-25T12:55:45.506,1.903,-161.317,54.904,40735.573,0.539,0.224,0.017,8.034,3,20210225T080000_3
2021-02-25T12:55:57.490,2.008,-161.269,54.903,29136.01,0.434,0.258,-0.019,7.772,4,20210225T080000_4
2021-02-25T13:26:00.079,1.652,-162.773,54.902,46997.936,0.242,0.385,0.016,5.749,5,20210225T080000_5
2021-02-25T14:17:00.045,3.039,-161.006,55.015,61000.0,0.17,0.363,-0.005,11.201,6,20210225T080000_6
2021-02-25T14:17:00.973,2.942,-161.004,55.065,52908.006,0.217,0.325,-0.0,10.799,7,20210225T080000_7
2021-02-25T15:59:56.629,0.52,-162.059,55.088,14120.868,0.0,0.384,-0.0,3.78,1,20210225T160000_1
2021-02-25T16:35:53.936,2.955,-162.754,54.902,60813.406,0.79,0.353,-0.16,21.0,2,20210225T160000_2
2021-02-25T17:02:56.859,0.892,-161.818,54.905,16250.516,0.317,0.295,0.001,6.0,3,20210225T160000_3
2021-02-25T17:10:42.305,0.954,-161.462,54.904,16836.256,0.224,0.435,0.014,4.982,4,20210225T160000_4
2021-02-25T18:54:45.328,1.572,-161.595,54.905,61000.0,0.866,0.411,-0.111,17.0,5,20210225T160000_5
2021-02-25T19:57:39.650,1.336,-161.229,54.903,61000.0,0.238,0.564,0.017,4.0,6,20210225T160000_6
2021-02-25T22:00:36.098,1.846,-162.773,54.902,59331.805,0.172,0.232,-0.009,3.943,7,20210225T160000_7
2021-02-26T01:05:05.898,1.737,-161.382,54.904,34606.119,0.208,0.269,0.004,8.0,1,20210226T000000_1
2021-02-26T01:05:19.549,1.698,-161.302,54.903,25345.963,0.409,0.286,0.052,7.0,2,20210226T000000_2
2021-02-26T03:14:41.914,2.18,-162.709,54.902,61000.0,0.845,0.391,-0.097,10.355,3,20210226T000000_3
2021-02-26T03:14:43.193,1.714,-161.745,54.905,61000.0,0.246,0.475,0.002,5.645,4,20210226T000000_4
2021-02-26T07:09:46.046,0.712,-161.409,55.073,27288.219,0.0,0.1,-0.0,3.91,5,20210226T000000_5
2021-02-26T07:59:49.321,1.015,-162.016,55.272,61000.0,0.343,0.717,-0.063,5.0,1,20210226T080000_1
2021-02-26T09:03:48.752,1.987,-161.008,54.91,49374.326,0.234,0.238,0.005,10.0,2,20210226T080000_2
2021-02-26T09:03:56.261,2.214,-161.008,54.922,59083.395,0.845,0.226,-0.032,10.0,3,20210226T080000_3
2021-02-26T10:25:25.133,1.21,-161.18,54.903,30989.794,0.183,0.416,-0.003,4.0,4,20210226T080000_4
2021-02-26T11:50:40.534,-0.617,-161.792,55.426,0.0,0.217,0.499,0.013,4.0,5,20210226T080000_5
2021-02-26T12:09:10.455,1.965,-161.648,54.905,61000.0,0.502,0.281,-0.043,13.966,6,20210226T080000_6
2021-02-26T12:09:16.532,1.503,-161.691,54.905,42446.157,0.494,0.411,0.003,5.034,7,20210226T080000_7
2021-02-26T13:25:39.568,1.868,-161.008,54.902,61000.0,0.847,0.415,-0.057,13.0,8,20210226T080000_8
2021-02-26T14:29:57.585,1.234,-161.192,54.903,37344.193,0.193,0.345,-0.004,4.0,9,20210226T080000_9
2021-02-26T18:11:15.642,1.097,-161.645,55.509,48986.907,0.0,0.354,-0.0,4.0,1,20210226T160000_1
2021-02-26T19:00:38.780,0.268,-161.844,55.531,32377.715,0.393,0.442,0.036,6.0,2,20210226T160000_2
2021-02-26T19:39:49.077,0.924,-161.42,55.13,27941.084,0.008,0.379,-0.001,5.0,3,20210226T160000_3
2021-02-26T19:40:01.048,1.247,-161.44,54.904,13312.703,0.583,0.29,-0.034,5.0,4,20210226T160000_4
2021-02-26T20:59:57.279,1.592,-161.275,54.903,43056.293,0.145,0.319,0.009,7.0,5,20210226T160000_5
2021-02-26T21:00:04.225,2.19,-161.227,54.903,60569.486,0.813,0.247,-0.019,9.0,6,20210226T160000_6
2021-02-26T21:29:25.343,0.86,-161.964,55.07,0.0,0.289,0.248,0.045,4.882,7,20210226T160000_7
2021-02-26T21:30:37.926,1.815,-161.089,54.902,32640.534,0.43,0.278,0.022,9.0,8,20210226T160000_8
2021-02-26T23:38:22.189,1.744,-161.006,54.983,61000.0,0.687,0.266,0.027,6.221,9,20210226T160000_9
2021-02-27T00:06:38.390,1.223,-161.273,54.903,37165.193,0.122,0.379,-0.002,4.0,1,20210227T000000_1
2021-02-27T01:59:27.226,-0.139,-161.847,55.189,0.0,0.576,0.297,0.057,4.0,2,20210227T000000_2
2021-02-27T02:23:31.597,1.873,-162.357,55.15,61000.0,0.646,0.395,-0.02,7.696,3,20210227T000000_3
2021-02-27T06:27:01.736,1.208,-161.325,54.904,45853.043,0.138,0.512,-0.042,4.885,4,20210227T000000_4
2021-02-27T06:44:09.464,1.034,-161.789,55.042,22588.684,0.447,0.28,0.071,8.0,5,20210227T000000_5
2021-02-27T06:44:20.478,1.347,-161.589,54.905,32778.877,0.483,0.241,-0.031,6.0,6,20210227T000000_6
2021-02-27T08:36:15.811,1.102,-161.092,54.902,42760.105,0.232,0.444,-0.011,4.0,1,20210227T080000_1
2021-02-27T08:42:00.165,1.149,-161.589,54.913,0.0,0.534,0.39,-0.061,7.0,2,20210227T080000_2
2021-02-27T08:42:14.032,1.543,-161.774,55.107,54818.637,0.0,0.261,-0.0,4.0,3,20210227T080000_3
2021-02-27T09:20:22.010,1.977,-162.731,55.773,61000.0,0.33,0.291,0.012,5.184,5,20210227T080000_5
2021-02-27T09:20:24.913,0.835,-161.831,55.186,7592.12,0.632,0.304,0.076,10.352,4,20210227T080000_4
2021-02-27T14:58:37.006,1.216,-161.008,54.914,3042.262,1.118,0.358,-0.091,5.0,6,20210227T080000_6
2021-02-27T15:07:38.613,1.666,-162.773,54.902,61000.0,1.319,0.322,-0.017,6.951,7,20210227T080000_7
2021-02-27T15:30:11.777,1.382,-161.407,54.904,36063.083,0.219,0.386,-0.03,6.0,8,20210227T080000_8
2021-02-27T15:30:29.741,1.033,-161.625,54.905,13794.359,0.328,0.231,0.002,5.0,9,20210227T080000_9
2021-02-27T16:28:47.460,1.808,-160.993,55.556,61000.0,0.369,0.321,0.025,8.0,1,20210227T160000_1
2021-02-27T16:44:48.665,1.573,-161.045,55.872,61000.0,0.122,0.524,-0.003,3.504,2,20210227T160000_2
2021-02-27T19:01:17.769,2.009,-161.51,55.921,28250.666,0.324,0.347,-0.028,5.941,3,20210227T160000_3
2021-02-27T19:03:00.330,1.475,-161.65,55.188,0.0,0.061,0.333,0.008,3.368,4,20210227T160000_4
2021-02-27T20:10:48.912,2.005,-161.182,54.903,50226.367,0.447,0.202,0.007,9.979,5,20210227T160000_5
2021-02-27T20:11:03.905,1.944,-161.376,54.904,30785.001,0.387,0.186,-0.008,6.0,6,20210227T160000_6
2021-02-27T22:13:17.660,3.156,-161.006,55.001,49728.049,0.289,0.182,0.014,9.456,7,20210227T160000_7
2021-02-27T22:13:26.077,3.686,-161.005,55.052,51695.862,0.229,0.272,-0.019,5.417,9,20210227T160000_9
2021-02-27T22:13:36.542,3.137,-161.021,55.392,1715.941,0.199,0.265,0.013,4.583,8,20210227T160000_8
2021-02-28T03:20:10.552,1.519,-161.004,55.088,28580.304,0.171,0.427,0.03,5.0,1,20210228T000000_1
2021-02-28T03:20:12.565,2.101,-161.005,55.039,61000.0,0.54,0.337,-0.053,7.0,2,20210228T000000_2
2021-02-28T03:40:22.147,1.937,-161.225,54.903,18092.518,0.445,0.292,0.021,8.0,3,20210228T000000_3
2021-02-28T03:40:39.807,1.807,-161.542,54.904,3086.471,0.099,0.088,0.006,3.873,4,20210228T000000_4
2021-02-28T05:26:03.897,1.237,-161.675,55.112,52385.66,0.0,0.256,-0.0,4.0,5,20210228T000000_5
2021-02-28T06:20:59.729,2.164,-161.266,54.903,47141.199,0.207,0.215,0.01,9.0,6,20210228T000000_6
2021-02-28T06:21:14.173,2.259,-161.413,54.904,31657.994,0.895,0.215,0.029,11.0,7,20210228T000000_7
2021-02-28T06:50:30.076,1.248,-161.966,54.98,52471.042,0.859,0.1,0.051,5.0,8,20210228T000000_8
2021-02-28T07:12:23.114,1.803,-161.23,54.903,29380.792,0.642,0.226,0.158,9.0,9,20210228T000000_9
2021-02-28T07:12:33.548,2.029,-161.285,54.903,36056.743,0.607,0.261,0.048,7.0,10,20210228T000000_10
2021-02-28T08:10:25.203,1.665,-161.599,55.194,25146.986,0.443,0.161,0.031,11.0,1,20210228T080000_1
2021-02-28T08:10:27.283,2.696,-161.215,55.1,61000.0,0.218,0.151,0.019,5.819,2,20210228T080000_2
2021-02-28T08:10:44.651,1.714,-161.911,55.317,27646.341,0.42,0.204,0.01,5.967,3,20210228T080000_3
2021-02-28T10:47:17.081,1.968,-162.773,54.935,26722.251,0.211,0.304,-0.011,7.671,4,20210228T080000_4
2021-02-28T10:47:18.000,1.788,-161.091,55.087,313.628,0.092,0.102,0.003,3.848,5,20210228T080000_5
2021-02-28T15:59:49.485,1.31,-162.063,55.381,61000.0,0.042,0.617,0.011,4.0,1,20210228T160000_1
2021-02-28T18:01:23.284,1.742,-161.085,54.902,0.0,0.607,0.418,0.052,7.54,2,20210228T160000_2
2021-02-28T18:01:27.527,1.468,-162.773,54.902,926.838,1.127,0.43,-0.026,6.652,3,20210228T160000_3
2021-02-28T18:30:59.037,1.434,-161.361,54.904,0.0,0.662,0.395,0.068,6.604,5,20210228T160000_5
2021-02-28T18:31:00.296,1.601,-162.773,54.902,218.753,0.775,0.397,-0.057,9.396,4,20210228T160000_4
2021-02-28T21:22:03.934,0.985,-162.511,55.531,12146.411,0.0,0.674,0.0,3.978,6,20210228T160000_6
2021-02-28T21:50:31.718,1.083,-161.262,54.903,38456.943,0.131,0.365,0.002,4.0,7,20210228T160000_7
2021-02-28T22:09:00.547,2.337,-162.773,54.902,59345.244,0.973,0.377,0.061,14.016,8,20210228T160000_8
2021-02-28T22:09:07.456,2.108,-162.694,54.902,53102.22,0.721,0.401,-0.173,4.984,9,20210228T160000_9
2021-02-28T22:59:50.806,0.812,-161.842,55.382,7200.942,0.55,0.316,0.032,14.0,10,20210228T160000_10
2021-03-01T04:28:55.600,2.149,-161.451,54.904,54682.588,0.422,0.17,0.012,11.971,1,20210301T000000_1
2021-03-01T04:29:08.759,2.071,-161.715,54.928,61000.0,0.255,0.246,-0.025,5.148,2,20210301T000000_2
2021-03-01T14:27:35.961,1.929,-161.65,54.905,61000.0,0.416,0.084,0.014,4.999,1,20210301T080000_1
2021-03-01T14:58:13.293,2.505,-161.099,54.902,56806.33,0.28,0.155,0.014,10.0,2,20210301T080000_2
2021-03-01T14:58:20.520,3.031,-161.084,54.902,61000.0,0.634,0.224,0.011,10.0,3,20210301T080000_3
2021-03-01T14:59:58.050,2.368,-161.103,54.902,55527.034,0.278,0.147,0.011,10.0,4,20210301T080000_4
2021-03-01T15:00:05.311,2.814,-161.106,54.902,61000.0,0.521,0.235,0.023,10.0,5,20210301T080000_5
2021-03-01T20:37:56.208,1.329,-161.008,54.902,36473.885,0.178,0.503,-0.005,5.0,1,20210301T160000_1
2021-03-01T21:08:05.365,2.092,-161.007,54.931,54403.176,0.255,0.315,-0.013,9.215,2,20210301T160000_2
2021-03-01T21:08:14.936,2.062,-162.108,55.551,61000.0,0.566,0.239,0.011,5.451,3,20210301T160000_3
2021-03-02T01:54:23.283,1.316,-161.224,55.147,0.0,0.529,0.37,-0.062,7.0,1,20210302T000000_1
2021-03-02T01:54:31.402,2.016,-161.002,55.192,33180.195,0.503,0.263,-0.002,7.0,2,20210302T000000_2
2021-03-02T03:28:53.993,1.889,-161.0,55.26,53990.508,0.306,0.465,-0.075,4.873,3,20210302T000000_3
2021-03-02T11:48:01.544,1.875,-162.651,54.903,61000.0,0.409,0.127,-0.027,4.0,1,20210302T080000_1
2021-03-02T13:18:06.413,1.038,-162.209,54.917,0.0,0.061,0.319,0.005,5.0,2,20210302T080000_2
2021-03-02T14:45:30.319,1.583,-161.304,54.903,38989.487,0.298,0.391,0.03,7.0,3,20210302T080000_3
2021-03-02T14:45:41.973,1.629,-161.172,54.903,25733.14,0.335,0.484,-0.012,7.0,4,20210302T080000_4
2021-03-02T17:04:53.439,1.541,-161.008,54.902,21107.855,0.358,0.553,-0.007,5.677,1,20210302T160000_1
2021-03-02T18:20:06.376,2.182,-161.177,54.903,41736.23,0.344,0.294,0.01,8.927,2,20210302T160000_2
2021-03-02T18:20:18.188,1.951,-161.268,54.903,37606.541,0.323,0.376,-0.022,7.686,3,20210302T160000_3
2021-03-02T22:42:14.753,2.168,-161.003,55.134,0.0,0.405,0.213,-0.012,5.043,4,20210302T160000_4
2021-03-03T02:44:32.270,1.793,-162.454,54.904,58736.167,0.317,0.289,0.045,6.426,1,20210303T000000_1
2021-03-03T05:37:09.777,1.668,-161.797,55.382,61000.0,0.538,0.448,0.112,4.0,2,20210303T000000_2
2021-03-03T12:31:58.859,1.057,-161.573,55.275,431.097,0.705,0.377,0.088,8.0,1,20210303T080000_1
2021-03-03T12:32:03.514,2.212,-160.999,55.295,33647.576,0.247,0.329,-0.033,5.339,2,20210303T080000_2
2021-03-03T13:54:11.802,3.57,-161.07,54.902,61000.0,0.366,0.351,0.083,12.0,3,20210303T080000_3
2021-03-03T13:54:23.336,3.873,-161.139,54.903,42790.983,0.627,0.222,0.048,11.0,4,20210303T080000_4
2021-03-03T15:09:00.740,2.441,-161.356,54.904,61000.0,0.352,0.168,0.004,9.73,5,20210303T080000_5
2021-03-03T15:09:16.613,2.443,-162.003,54.905,44589.777,0.638,0.293,-0.039,5.558,6,20210303T080000_6
2021-03-03T22:09:03.252,1.131,-161.642,55.047,159.857,0.562,0.212,0.035,6.0,1,20210303T160000_1
2021-03-04T00:35:01.907,3.908,-162.773,54.933,61000.0,0.745,0.141,-0.027,7.93,1,20210304T000000_1
2021-03-04T00:35:03.654,3.422,-161.606,54.905,56291.107,0.648,0.324,-0.056,11.18,2,20210304T000000_2
2021-03-04T00:38:11.899,4.165,-162.643,54.903,61000.0,0.746,0.298,-0.075,10.105,3,20210304T000000_3
2021-03-04T00:38:15.918,3.519,-161.367,54.904,975.499,0.409,0.418,-0.04,8.103,4,20210304T000000_4
2021-03-04T00:38:18.309,3.847,-161.034,54.902,24263.657,0.175,0.19,-0.009,4.792,5,20210304T000000_5
2021-03-04T00:41:34.816,1.901,-162.773,54.902,61000.0,1.193,0.093,0.061,4.0,6,20210304T000000_6
2021-03-04T00:44:10.078,1.767,-161.717,54.905,57000.506,0.798,0.48,-0.129,6.797,7,20210304T000000_7
2021-03-04T00:44:32.473,0.64,-161.711,55.295,4405.723,0.0,0.279,-0.0,3.457,8,20210304T000000_8
2021-03-04T00:49:33.124,1.729,-162.665,54.902,61000.0,1.106,0.28,-0.001,6.0,9,20210304T000000_9
2021-03-04T00:58:35.029,2.953,-162.687,54.902,61000.0,0.856,0.258,-0.076,22.0,10,20210304T000000_10
2021-03-04T01:05:09.591,1.878,-162.097,54.905,61000.0,0.927,0.35,-0.123,5.93,11,20210304T000000_11
2021-03-04T01:22:57.046,2.473,-162.647,54.903,61000.0,1.051,0.253,-0.004,21.0,12,20210304T000000_12
2021-03-04T01:29:43.652,1.51,-161.118,54.902,61000.0,0.313,0.355,0.002,4.0,13,20210304T000000_13
2021-03-04T01:29:51.809,1.617,-161.008,54.902,53489.883,0.238,0.334,-0.01,4.0,14,20210304T000000_14
2021-03-04T01:58:12.200,1.607,-162.774,54.964,61000.0,0.916,0.308,0.149,8.0,15,20210304T000000_15
2021-03-04T02:20:36.629,2.291,-162.773,54.902,61000.0,1.032,0.305,-0.119,19.0,16,20210304T000000_16
2021-03-04T02:35:02.551,1.957,-161.116,54.902,38964.032,0.211,0.336,-0.004,8.0,17,20210304T000000_17
2021-03-04T02:35:12.042,2.162,-161.264,54.903,48310.797,0.405,0.239,0.002,7.0,18,20210304T000000_18
2021-03-04T03:07:54.030,2.767,-162.651,54.903,61000.0,1.094,0.312,-0.019,20.0,19,20210304T000000_19
2021-03-04T04:39:52.148,1.611,-161.007,54.933,18098.044,0.163,0.452,0.002,6.0,20,20210304T000000_20
2021-03-04T04:40:06.161,1.329,-161.003,55.11,19089.22,0.066,0.371,0.015,4.0,21,20210304T000000_21
2021-03-04T05:59:14.858,1.59,-162.773,54.902,61000.0,1.167,0.39,-0.155,13.0,22,20210304T000000_22
2021-03-04T06:25:02.249,1.578,-161.244,54.903,34561.052,0.233,0.454,-0.011,6.0,23,20210304T000000_23
2021-03-04T06:25:11.912,1.607,-161.296,54.903,50096.879,0.436,0.268,0.014,5.0,24,20210304T000000_24
2021-03-04T08:55:58.724,1.448,-162.773,54.902,61000.0,1.11,0.491,-0.107,8.0,1,20210304T080000_1
2021-03-04T09:29:10.910,0.323,-161.692,55.298,24836.088,0.32,0.289,0.016,4.0,2,20210304T080000_2
2021-03-04T09:38:51.753,2.252,-162.491,54.903,61000.0,0.763,0.347,-0.197,14.921,3,20210304T080000_3
2021-03-04T09:42:53.136,2.042,-162.456,54.904,61000.0,0.854,0.397,-0.241,17.0,4,20210304T080000_4
2021-03-04T10:49:27.125,1.909,-161.372,55.785,61000.0,0.578,0.569,0.059,10.0,5,20210304T080000_5
2021-03-04T12:59:05.047,1.404,-161.732,55.08,32122.29,0.544,0.284,-0.037,12.0,6,20210304T080000_6
2021-03-04T12:59:26.675,1.009,-161.853,55.159,8030.683,0.596,0.279,0.029,7.833,7,20210304T080000_7
2021-03-04T13:40:39.715,2.346,-162.776,55.057,60138.933,0.505,0.521,-0.141,6.777,8,20210304T080000_8
2021-03-04T13:55:02.255,0.658,-161.976,55.377,31370.314,0.32,0.563,0.077,6.99,9,20210304T080000_9
2021-03-04T15:29:13.186,0.775,-162.236,54.904,6104.191,0.194,0.362,0.017,4.0,10,20210304T080000_10
2021-03-04T15:51:11.456,1.427,-162.428,55.242,61000.0,0.872,0.462,0.195,11.0,11,20210304T080000_11
2021-03-04T15:58:56.282,1.51,-162.712,54.902,61000.0,1.123,0.409,-0.08,10.0,12,20210304T080000_12
2021-03-04T15:59:52.311,0.637,-161.815,55.142,3663.46,0.49,0.414,0.028,6.0,13,20210304T080000_13
2021-03-04T17:18:28.977,1.262,-161.559,54.904,0.0,0.276,0.32,0.002,5.0,1,20210304T160000_1
2021-03-04T17:53:46.273,2.078,-162.1,55.111,61000.0,0.257,0.637,0.008,7.0,2,20210304T160000_2
2021-03-04T18:36:32.693,1.864,-161.081,54.902,47429.725,0.215,0.378,-0.008,7.0,3,20210304T160000_3
2021-03-04T18:36:42.764,1.997,-161.006,55.003,47509.881,0.264,0.352,-0.028,4.903,4,20210304T160000_4
2021-03-04T19:22:06.105,2.031,-162.773,54.902,61000.0,0.99,0.216,0.043,16.0,5,20210304T160000_5
2021-03-04T19:41:00.150,2.073,-162.059,55.029,61000.0,0.451,0.531,-0.063,4.896,6,20210304T160000_6
2021-03-04T19:53:28.744,2.384,-161.29,54.937,42385.554,0.378,0.375,0.001,10.0,7,20210304T160000_7
2021-03-04T19:53:54.631,2.392,-162.773,54.902,61000.0,0.576,0.13,0.024,4.63,8,20210304T160000_8
2021-03-04T20:37:49.171,2.439,-161.401,55.28,56600.696,0.547,0.223,0.026,12.0,9,20210304T160000_9
2021-03-04T20:38:25.202,1.93,-161.959,55.452,11682.418,0.64,0.438,-0.073,7.666,10,20210304T160000_10
2021-03-04T21:12:08.900,1.577,-162.773,54.902,61000.0,0.78,0.365,-0.088,4.0,11,20210304T160000_11
2021-03-04T21:44:28.411,-0.465,-161.78,55.41,65.318,0.072,0.554,-0.012,4.0,12,20210304T160000_12
2021-03-04T22:48:58.309,2.626,-161.376,54.904,51599.397,0.583,0.219,0.023,11.834,13,20210304T160000_13
2021-03-04T22:49:12.082,2.968,-161.417,54.904,35044.983,0.358,0.078,0.036,5.881,14,20210304T160000_14
2021-03-04T23:56:25.223,1.727,-162.773,54.902,61000.0,1.318,0.317,0.017,6.365,15,20210304T160000_15
2021-03-04T23:56:26.253,1.926,-161.949,54.905,61000.0,0.708,0.425,-0.026,6.635,16,20210304T160000_16
2021-03-04T23:58:41.711,1.998,-162.773,54.902,61000.0,1.142,0.35,-0.225,16.0,17,20210304T160000_17
2021-03-04T23:59:55.052,0.332,-162.289,55.37,15562.494,0.0,0.573,0.0,4.0,1,20210305T000000_1
2021-03-05T00:11:37.025,3.077,-161.007,54.956,61000.0,0.372,0.211,0.035,11.0,2,20210305T000000_2
2021-03-05T00:11:43.795,3.406,-161.008,54.912,61000.0,0.555,0.26,0.009,10.0,3,20210305T000000_3
2021-03-05T00:26:44.479,1.452,-161.197,54.903,36597.419,0.241,0.318,0.016,5.998,4,20210305T000000_4
2021-03-05T00:27:17.652,1.143,-161.774,55.189,0.0,0.263,0.37,0.013,3.946,5,20210305T000000_5
2021-03-05T00:45:44.888,2.302,-162.644,54.984,61000.0,0.461,0.282,0.01,6.742,6,20210305T000000_6
2021-03-05T00:45:49.942,1.91,-161.411,54.904,0.0,0.326,0.366,0.021,5.345,7,20210305T000000_7
2021-03-05T00:46:07.823,1.496,-161.673,55.133,27.255,0.15,0.175,0.011,5.0,8,20210305T000000_8
2021-03-05T02:41:51.399,1.19,-161.007,54.966,2611.655,0.319,0.331,0.005,4.0,9,20210305T000000_9
2021-03-05T02:42:03.421,1.334,-161.005,55.044,7934.207,0.438,0.267,0.002,4.0,10,20210305T000000_10
2021-03-05T04:03:22.105,1.342,-161.17,54.903,786.247,0.28,0.489,0.051,5.0,11,20210305T000000_11
2021-03-05T04:03:47.334,1.611,-161.209,54.987,0.0,0.634,0.36,0.066,7.0,12,20210305T000000_12
2021-03-05T08:50:28.375,1.936,-161.273,54.903,42594.011,0.301,0.227,-0.015,4.0,1,20210305T080000_1
2021-03-05T08:58:54.146,0.96,-161.128,55.141,985.228,0.059,0.029,0.001,4.0,2,20210305T080000_2
2021-03-05T14:45:06.571,2.15,-161.015,54.902,47734.266,0.301,0.258,0.005,11.0,3,20210305T080000_3
2021-03-05T14:45:13.690,2.446,-161.008,54.902,57847.34,0.691,0.239,-0.008,10.0,4,20210305T080000_4
2021-03-05T16:11:05.982,2.301,-161.439,54.904,46302.183,0.391,0.171,0.012,11.0,1,20210305T160000_1
2021-03-05T16:11:18.709,2.404,-161.626,54.905,49505.964,0.796,0.226,-0.085,9.0,2,20210305T160000_2
2021-03-05T18:26:46.752,2.033,-161.008,54.902,61000.0,0.954,0.363,-0.06,9.798,3,20210305T160000_3
2021-03-05T18:27:00.908,1.322,-162.389,54.904,0.0,1.087,0.525,0.133,5.202,4,20210305T160000_4
2021-03-05T18:52:58.816,1.716,-161.453,54.904,39841.055,0.245,0.355,0.006,8.0,5,20210305T160000_5
2021-03-05T18:53:05.920,2.254,-161.221,54.903,51983.86,0.451,0.266,-0.033,9.0,6,20210305T160000_6
2021-03-05T20:08:59.101,1.077,-161.101,54.902,61000.0,0.067,0.143,-0.003,4.001,8,20210305T160000_8
2021-03-05T20:09:02.202,2.021,-162.773,54.902,61000.0,0.793,0.177,0.051,3.999,7,20210305T160000_7
2021-03-05T23:12:43.811,2.377,-161.007,54.929,50718.238,0.203,0.238,-0.001,9.0,9,20210305T160000_9
2021-03-05T23:12:50.090,2.406,-161.007,54.94,61000.0,0.502,0.219,-0.017,9.0,10,20210305T160000_10
2021-03-05T23:17:51.529,1.711,-161.139,54.903,54071.276,0.114,0.348,-0.023,4.0,11,20210305T160000_11
2021-03-05T23:18:00.930,1.988,-161.205,54.903,51346.273,0.279,0.242,-0.018,6.0,12,20210305T160000_12
2021-03-05T23:47:26.399,1.232,-161.006,54.998,5157.519,0.149,0.34,-0.003,4.0,13,20210305T160000_13
2021-03-05T23:47:39.973,1.282,-162.463,54.904,13473.602,0.618,0.241,-0.026,4.0,14,20210305T160000_14
2021-03-06T00:58:07.278,2.449,-161.192,55.278,61000.0,0.524,0.192,0.003,9.0,1,20210306T000000_1
2021-03-06T00:58:39.501,2.007,-161.342,55.354,0.0,0.528,0.289,-0.044,7.0,2,20210306T000000_2
2021-03-06T01:45:25.165,1.956,-162.479,54.903,61000.0,0.592,0.146,-0.012,6.0,3,20210306T000000_3
2021-03-06T06:25:43.043,1.29,-161.005,55.031,2796.761,0.21,0.539,0.005,4.0,4,20210306T000000_4
2021-03-06T08:09:14.717,1.669,-161.007,54.968,50978.019,0.213,0.525,0.02,5.0,1,20210306T080000_1
2021-03-06T08:09:25.795,1.47,-161.005,55.061,8357.73,0.469,0.42,-0.001,5.0,2,20210306T080000_2
2021-03-06T09:17:34.507,1.609,-161.003,55.12,40457.299,0.232,0.46,-0.011,5.0,3,20210306T080000_3
2021-03-06T09:17:45.214,1.436,-161.002,55.173,46723.253,0.779,0.446,-0.039,6.0,4,20210306T080000_4
2021-03-06T10:01:18.302,0.222,-161.553,55.238,231.219,0.554,0.428,-0.347,6.0,5,20210306T080000_5
2021-03-06T11:38:49.244,2.37,-161.295,54.903,48974.059,0.36,0.175,0.018,11.0,6,20210306T080000_6
2021-03-06T11:39:00.795,2.602,-161.378,54.904,45909.433,0.696,0.234,0.029,10.0,7,20210306T080000_7
2021-03-06T12:06:39.634,0.933,-162.296,54.904,6083.013,0.135,0.376,0.017,4.973,8,20210306T080000_8
2021-03-06T12:16:46.348,1.748,-161.193,54.903,40362.078,0.21,0.249,-0.02,6.0,9,20210306T080000_9
2021-03-06T12:16:59.080,1.778,-161.275,54.903,30967.288,0.586,0.333,-0.002,7.0,10,20210306T080000_10
2021-03-06T12:34:11.361,1.903,-161.239,54.903,37505.067,0.335,0.262,0.038,10.0,11,20210306T080000_11
2021-03-06T12:34:22.896,1.872,-161.317,54.904,37124.949,0.237,0.304,0.015,7.0,12,20210306T080000_12
2021-03-06T20:53:18.159,1.443,-162.773,54.902,61000.0,0.2,0.188,0.006,4.0,1,20210306T160000_1
2021-03-06T20:55:46.142,1.649,-161.462,54.904,34052.535,0.301,0.2,0.024,7.998,2,20210306T160000_2
2021-03-06T20:55:59.527,1.868,-161.444,54.904,29595.512,0.482,0.192,0.055,7.962,3,20210306T160000_3
2021-03-06T21:47:33.727,-0.703,-161.844,55.412,0.0,0.245,0.412,-0.003,4.0,4,20210306T160000_4
2021-03-07T08:09:22.629,1.014,-161.203,54.903,31426.665,0.301,0.424,-0.015,4.0,1,20210307T080000_1
2021-03-07T08:56:50.824,1.51,-161.573,54.904,61000.0,0.553,0.397,-0.062,9.0,2,20210307T080000_2
2021-03-07T09:25:07.081,1.58,-162.773,54.902,61000.0,1.016,0.362,-0.223,16.0,3,20210307T080000_3
2021-03-07T12:20:44.106,2.504,-161.169,54.903,51958.636,0.319,0.194,0.037,11.0,4,20210307T080000_4
2021-03-07T12:20:51.556,2.866,-161.136,54.903,56903.515,0.667,0.192,-0.007,11.0,5,20210307T080000_5
2021-03-07T12:24:45.633,1.447,-161.023,54.902,38144.404,0.212,0.46,-0.001,6.0,6,20210307T080000_6
2021-03-07T12:24:57.110,1.108,-161.007,54.943,19719.102,0.496,0.334,0.002,4.0,7,20210307T080000_7
2021-03-07T12:32:23.755,1.888,-161.084,54.902,52094.316,0.314,0.257,0.004,10.0,8,20210307T080000_8
2021-03-07T12:32:32.263,2.084,-161.099,54.902,51650.396,0.589,0.265,0.047,11.0,9,20210307T080000_9
2021-03-07T12:44:18.822,2.139,-161.154,54.903,56180.079,0.318,0.168,0.017,11.0,10,20210307T080000_10
2021-03-07T12:44:27.658,2.359,-161.159,54.903,53787.226,0.591,0.205,0.027,11.0,11,20210307T080000_11
2021-03-07T12:50:30.773,0.459,-161.215,55.106,25921.995,0.0,0.2,-0.0,3.796,12,20210307T080000_12
2021-03-07T13:42:32.514,1.902,-161.362,54.904,38708.29,0.48,0.246,0.033,11.0,13,20210307T080000_13
2021-03-07T13:42:45.959,2.05,-161.364,54.904,30187.361,0.722,0.218,0.054,10.0,14,20210307T080000_14
2021-03-07T14:11:34.496,2.136,-162.647,54.903,61000.0,0.961,0.281,-0.083,20.0,15,20210307T080000_15
2021-03-07T19:35:06.272,1.269,-161.314,54.904,32253.585,0.286,0.177,-0.01,4.0,1,20210307T160000_1
2021-03-07T20:09:23.009,1.806,-161.175,54.922,35854.002,0.116,0.311,0.008,6.0,2,20210307T160000_2
2021-03-07T20:09:35.661,1.859,-161.322,54.904,31097.81,0.311,0.239,-0.049,7.0,3,20210307T160000_3
2021-03-07T20:48:06.671,1.427,-161.874,54.905,61000.0,0.458,0.494,-0.263,6.0,4,20210307T160000_4
2021-03-07T23:31:57.256,2.561,-161.72,54.905,61000.0,0.914,0.282,-0.12,21.0,5,20210307T160000_5
2021-03-07T23:58:30.693,1.619,-161.045,55.462,61000.0,0.574,0.533,0.144,7.0,6,20210307T160000_6
2021-03-08T00:01:47.718,1.369,-161.482,55.159,24230.476,0.315,0.39,0.047,8.0,1,20210308T000000_1
2021-03-08T00:01:48.980,2.249,-161.003,55.13,61000.0,0.515,0.287,-0.015,10.0,2,20210308T000000_2
2021-03-08T01:09:19.774,2.086,-162.773,54.931,48953.6,0.21,0.266,0.033,8.697,3,20210308T000000_3
2021-03-08T03:09:30.203,1.33,-161.005,55.028,61000.0,0.518,0.408,0.117,4.937,4,20210308T000000_4
2021-03-08T03:53:25.426,2.03,-160.992,55.624,61000.0,0.38,0.483,-0.014,9.358,5,20210308T000000_5
2021-03-08T03:53:31.514,1.886,-162.645,55.386,61000.0,0.847,0.357,0.09,9.642,6,20210308T000000_6
2021-03-08T07:59:54.610,0.648,-162.475,55.405,0.0,0.668,0.438,0.052,4.0,1,20210308T080000_1
2021-03-08T08:49:50.694,2.323,-161.422,54.904,54302.663,0.345,0.206,0.008,8.966,2,20210308T080000_2
2021-03-08T08:50:08.717,2.41,-161.495,54.904,20163.02,0.665,0.248,-0.053,9.94,3,20210308T080000_3
2021-03-08T08:52:12.080,2.231,-161.322,54.904,51194.753,0.298,0.197,0.001,8.687,4,20210308T080000_4
2021-03-08T08:52:22.004,2.303,-162.795,55.886,0.0,0.482,0.346,-0.039,4.733,5,20210308T080000_5
2021-03-08T09:53:07.622,1.225,-161.691,55.075,13610.765,0.418,0.389,-0.058,9.0,6,20210308T080000_6
2021-03-08T11:34:25.379,-0.014,-161.9,55.136,0.0,0.998,0.458,0.076,4.915,7,20210308T080000_7
2021-03-08T19:49:32.333,1.873,-161.008,54.902,61000.0,0.134,0.419,-0.006,6.427,1,20210308T160000_1
2021-03-08T19:49:39.741,1.805,-162.572,55.756,45185.087,0.324,0.371,-0.033,4.763,2,20210308T160000_2
2021-03-08T19:54:31.788,2.045,-161.078,54.902,33923.68,0.338,0.226,0.034,9.0,3,20210308T160000_3
2021-03-08T19:54:40.282,2.088,-161.136,54.903,47314.36,0.453,0.286,0.071,7.0,4,20210308T160000_4
2021-03-08T21:17:44.812,1.805,-161.296,54.903,61000.0,0.428,0.499,-0.112,3.963,5,20210308T160000_5
2021-03-08T22:45:35.994,1.63,-160.993,55.587,48950.693,0.179,0.453,0.053,5.0,6,20210308T160000_6
2021-03-08T22:45:51.804,1.574,-160.996,55.446,39922.076,0.338,0.423,-0.0,5.0,7,20210308T160000_7
2021-03-08T22:56:22.946,1.573,-161.641,54.905,61000.0,0.933,0.397,-0.233,11.0,8,20210308T160000_8
2021-03-09T05:24:07.045,-0.065,-161.723,55.273,8090.055,0.478,0.381,-0.095,7.0,1,20210309T000000_1
2021-03-09T05:25:56.200,1.505,-161.246,55.354,39442.048,0.198,0.403,-0.017,6.0,2,20210309T000000_2
2021-03-09T06:11:32.206,1.909,-161.008,54.912,57997.406,0.223,0.336,0.002,8.987,3,20210309T000000_3
2021-03-09T06:11:55.927,1.224,-161.458,55.191,23239.694,0.252,0.341,-0.059,5.861,4,20210309T000000_4
2021-03-09T11:04:17.004,1.279,-161.189,54.903,33208.301,0.183,0.432,0.009,5.0,1,20210309T080000_1
2021-03-09T11:04:28.784,1.127,-161.03,54.902,1364.398,0.4,0.33,0.017,4.0,2,20210309T080000_2
2021-03-09T11:34:05.282,1.792,-161.217,54.903,46623.893,0.175,0.257,0.0,9.0,3,20210309T080000_3
2021-03-09T11:34:18.609,1.937,-161.266,54.903,31740.377,0.587,0.27,-0.012,7.0,4,20210309T080000_4
2021-03-09T11:35:18.506,2.274,-161.027,54.902,60383.239,0.203,0.141,0.004,10.0,5,20210309T080000_5
2021-03-09T11:35:28.245,2.62,-161.108,54.902,57109.086,0.716,0.269,-0.011,10.0,6,20210309T080000_6
2021-03-09T11:46:45.811,2.445,-161.32,54.904,61000.0,0.452,0.208,0.003,10.0,7,20210309T080000_7
2021-03-09T11:47:05.353,2.245,-161.474,54.904,9102.358,0.801,0.306,0.26,9.0,8,20210309T080000_8
2021-03-09T12:08:42.633,-0.079,-161.777,55.362,19306.908,0.188,0.236,0.008,4.0,9,20210309T080000_9
2021-03-09T15:28:25.714,1.022,-161.603,55.085,27523.511,0.714,0.392,-0.056,8.85,10,20210309T080000_10
2021-03-09T15:59:58.246,1.957,-161.691,54.905,61000.0,0.821,0.3,-0.077,21.0,1,20210309T160000_1
2021-03-09T17:00:14.838,1.34,-161.267,54.903,13164.511,0.843,0.38,0.151,6.0,2,20210309T160000_2
2021-03-09T17:00:21.571,1.713,-161.253,54.903,51813.665,0.607,0.231,0.027,8.0,3,20210309T160000_3
2021-03-09T17:12:02.571,1.346,-161.222,54.903,35378.84,0.21,0.389,-0.01,5.999,4,20210309T160000_4
2021-03-09T17:12:12.566,1.261,-161.134,54.903,38513.359,0.369,0.32,-0.017,4.0,5,20210309T160000_5
2021-03-09T18:24:18.746,0.79,-161.153,54.903,3637.501,0.177,0.301,-0.009,4.0,6,20210309T160000_6
2021-03-09T21:01:07.225,0.132,-162.279,54.976,0.0,0.517,0.634,-0.035,3.604,7,20210309T160000_7
2021-03-09T21:01:14.552,1.333,-162.775,55.01,33899.582,0.44,0.342,0.009,4.819,8,20210309T160000_8
2021-03-10T01:45:25.192,1.345,-161.008,54.902,61000.0,0.795,0.447,-0.207,10.0,1,20210310T000000_1
2021-03-10T02:19:37.679,1.165,-161.006,54.98,36226.699,0.234,0.456,-0.01,4.0,2,20210310T000000_2
2021-03-10T04:20:01.293,1.124,-162.773,54.902,60949.029,0.133,0.438,-0.001,4.0,3,20210310T000000_3
2021-03-10T06:53:20.059,1.837,-162.773,54.902,60119.467,0.992,0.354,0.057,13.005,4,20210310T000000_4
2021-03-10T06:53:27.694,1.841,-162.684,54.902,49751.078,0.546,0.341,-0.105,6.995,5,20210310T000000_5
2021-03-10T07:15:42.307,1.546,-162.502,54.903,9278.297,0.306,0.383,-0.018,10.0,6,20210310T000000_6
2021-03-10T07:15:53.986,1.863,-162.418,54.904,0.0,0.809,0.482,-0.1,11.0,7,20210310T000000_7
2021-03-10T08:40:11.360,1.306,-161.836,55.5,61000.0,0.207,0.428,0.014,7.0,1,20210310T080000_1
2021-03-10T08:52:32.804,1.357,-161.214,54.903,31777.591,0.188,0.335,-0.015,6.999,2,20210310T080000_2
2021-03-10T08:52:57.158,0.816,-162.022,55.209,24697.427,0.536,0.258,-0.084,4.998,3,20210310T080000_3
2021-03-10T09:15:18.080,0.837,-161.46,54.96,25599.364,0.171,0.368,0.01,6.0,4,20210310T080000_4
2021-03-10T09:15:41.398,0.514,-161.727,55.132,7699.196,0.341,0.315,-0.01,6.0,5,20210310T080000_5
2021-03-10T15:59:48.675,1.278,-161.964,55.206,61000.0,0.397,0.399,0.058,4.0,1,20210310T160000_1
2021-03-10T18:24:34.203,0.369,-161.535,55.201,133.772,0.373,0.364,0.013,6.0,2,20210310T160000_2
2021-03-10T20:21:08.482,2.04,-161.008,54.902,61000.0,0.646,0.27,0.042,22.0,3,20210310T160000_3
2021-03-10T20:23:25.615,1.837,-162.094,54.905,39421.072,0.148,0.416,0.027,4.703,4,20210310T160000_4
2021-03-10T23:39:10.836,1.55,-162.773,54.902,39106.589,0.497,0.332,0.014,9.831,5,20210310T160000_5
2021-03-11T05:14:24.003,1.75,-161.198,54.903,39802.959,0.268,0.199,0.014,10.0,1,20210311T000000_1
2021-03-11T05:14:31.803,2.041,-161.157,54.903,48951.36,0.543,0.237,0.041,9.0,2,20210311T000000_2
2021-03-11T05:48:59.021,1.716,-162.776,55.038,58972.619,0.352,0.298,0.014,10.885,3,20210311T000000_3
2021-03-11T05:57:55.157,1.609,-161.008,54.917,35312.052,0.185,0.364,-0.003,7.0,4,20210311T000000_4
2021-03-11T05:58:03.892,1.497,-161.228,54.903,52430.686,0.609,0.239,-0.011,5.0,5,20210311T000000_5
2021-03-11T06:03:12.157,2.065,-161.471,54.904,45775.497,0.362,0.137,0.008,11.0,6,20210311T000000_6
2021-03-11T06:03:32.238,2.16,-161.419,55.056,19898.086,0.545,0.284,-0.048,6.501,7,20210311T000000_7
2021-03-11T06:50:35.318,0.999,-161.006,54.995,2310.346,0.155,0.235,0.005,4.0,8,20210311T000000_8
2021-03-11T06:50:42.053,1.32,-161.147,54.903,50503.797,0.424,0.363,-0.015,5.0,9,20210311T000000_9
2021-03-11T07:46:29.253,1.718,-162.773,54.902,61000.0,0.449,0.171,-0.029,3.955,10,20210311T000000_10
2021-03-11T09:54:13.726,1.581,-161.699,54.905,61000.0,0.554,0.333,-0.054,8.896,1,20210311T080000_1
2021-03-11T12:25:04.993,1.81,-161.009,55.46,61000.0,0.582,0.325,-0.035,9.012,2,20210311T080000_2
2021-03-11T12:25:07.227,1.939,-160.995,55.477,61000.0,0.374,0.321,-0.047,4.988,3,20210311T080000_3
2021-03-11T13:08:24.339,1.795,-162.407,54.904,60653.074,0.833,0.337,-0.233,17.0,4,20210311T080000_4
2021-03-11T19:52:44.405,0.491,-161.688,55.043,20563.851,0.225,0.402,-0.009,6.0,1,20210311T160000_1
2021-03-11T20:50:49.268,1.138,-161.565,55.431,61000.0,0.218,0.464,0.049,6.72,2,20210311T160000_2
2021-03-11T20:50:50.720,1.366,-162.784,55.431,61000.0,0.751,0.474,-0.034,4.28,3,20210311T160000_3
2021-03-11T21:00:31.540,1.551,-161.477,54.904,61000.0,0.257,0.087,0.007,5.919,4,20210311T160000_4
2021-03-11T23:52:56.386,1.515,-162.526,54.903,61000.0,0.562,0.1,-0.002,8.0,5,20210311T160000_5
2021-03-15T00:56:02.164,0.804,-162.417,55.244,23204.454,0.263,0.305,0.014,7.899,1,20210315T000000_1
2021-03-15T01:10:31.366,0.282,-161.57,55.41,14705.489,0.449,0.43,-0.009,6.0,2,20210315T000000_2
2021-03-15T02:34:53.692,1.319,-161.026,54.902,37756.32,0.141,0.473,0.009,5.0,3,20210315T000000_3
2021-03-15T03:30:25.053,0.318,-161.427,55.308,0.0,0.223,0.394,0.04,4.0,4,20210315T000000_4
2021-03-15T03:36:21.902,1.432,-161.591,55.096,27684.747,0.47,0.252,-0.002,11.0,5,20210315T000000_5
2021-03-15T03:36:26.696,1.675,-161.334,54.904,49673.099,0.579,0.276,0.05,7.0,6,20210315T000000_6
2021-03-15T04:03:27.746,2.195,-161.679,54.905,29647.408,0.401,0.132,-0.007,11.0,7,20210315T000000_7
2021-03-15T04:03:36.789,2.462,-161.685,54.905,31578.401,0.946,0.192,0.018,10.0,8,20210315T000000_8
2021-03-15T04:11:52.930,1.661,-162.773,54.902,44384.809,0.831,0.206,-0.015,10.882,9,20210315T000000_9
2021-03-15T05:06:46.041,2.026,-161.161,54.903,49140.234,0.344,0.152,0.015,11.0,10,20210315T000000_10
2021-03-15T05:06:57.859,2.121,-161.265,54.903,41576.719,0.638,0.239,-0.002,10.0,11,20210315T000000_11
2021-03-15T05:15:18.923,1.102,-162.552,54.922,15651.484,0.0,0.206,0.0,4.0,12,20210315T000000_12
2021-03-15T06:12:38.726,0.958,-161.181,55.027,14051.566,0.2,0.564,0.046,5.0,13,20210315T000000_13
2021-03-15T06:19:46.479,1.279,-162.781,55.269,61000.0,0.517,0.486,-0.06,5.0,14,20210315T000000_14
2021-03-15T08:13:51.402,1.511,-162.773,54.902,61000.0,1.027,0.179,-0.052,6.463,1,20210315T080000_1
2021-03-15T08:34:37.779,1.207,-161.008,54.912,28979.012,0.157,0.477,-0.013,5.0,2,20210315T080000_2
2021-03-15T08:36:47.923,1.343,-161.007,54.936,40221.961,0.146,0.448,-0.017,5.993,3,20210315T080000_3
2021-03-15T08:39:05.523,1.53,-162.773,54.902,61000.0,1.045,0.413,0.005,4.876,4,20210315T080000_4
2021-03-15T10:12:01.008,2.352,-162.603,54.903,61000.0,1.051,0.268,-0.095,20.0,5,20210315T080000_5
2021-03-15T12:42:07.347,1.965,-161.236,54.903,59523.544,0.39,0.158,0.035,12.0,6,20210315T080000_6
2021-03-15T12:42:16.036,2.175,-161.112,54.902,51646.451,0.516,0.228,0.029,10.0,7,20210315T080000_7
2021-03-15T13:02:18.262,1.278,-162.773,54.902,61000.0,1.067,0.328,0.092,6.0,8,20210315T080000_8
2021-03-15T13:52:51.393,1.556,-162.462,54.904,23480.989,0.311,0.321,0.014,12.0,9,20210315T080000_9
2021-03-15T13:53:12.863,1.233,-162.276,54.904,3684.295,0.475,0.593,0.027,6.0,10,20210315T080000_10
2021-03-15T13:58:05.433,2.29,-160.987,55.828,61000.0,0.401,0.24,0.037,22.0,11,20210315T080000_11
2021-03-15T14:01:40.142,1.63,-160.987,55.837,61000.0,0.409,0.418,0.021,16.0,12,20210315T080000_12
2021-03-15T14:02:58.054,1.459,-161.335,55.704,61000.0,0.371,0.478,-0.038,9.0,13,20210315T080000_13
2021-03-15T17:01:39.396,1.581,-162.773,54.902,61000.0,1.096,0.418,0.011,14.0,1,20210315T160000_1
2021-03-15T19:09:48.992,0.407,-161.875,55.359,19996.611,0.585,0.487,-0.195,10.0,2,20210315T160000_2
2021-03-15T19:26:12.519,1.714,-161.405,54.904,53520.344,0.396,0.233,-0.007,8.823,3,20210315T160000_3
2021-03-15T20:06:09.174,1.728,-162.774,54.96,50213.546,0.386,0.367,0.074,9.891,4,20210315T160000_4
2021-03-15T23:59:49.425,1.434,-161.832,55.338,61000.0,0.243,0.465,0.039,4.0,1,20210316T000000_1
2021-03-16T01:44:48.194,-0.345,-161.837,55.201,0.0,0.646,0.075,-0.012,4.0,2,20210316T000000_2
2021-03-16T02:41:19.414,1.435,-161.773,54.905,61000.0,0.085,0.342,0.003,3.822,3,20210316T000000_3
2021-03-16T03:05:21.405,1.54,-162.773,54.902,61000.0,0.761,0.274,0.015,5.312,4,20210316T000000_4
2021-03-16T03:05:23.276,1.502,-161.833,54.905,61000.0,0.963,0.362,-0.056,5.688,5,20210316T000000_5
2021-03-16T05:15:05.274,1.623,-160.995,55.468,61000.0,0.455,0.388,-0.035,12.701,6,20210316T000000_6
2021-03-16T07:19:35.681,1.764,-161.008,54.918,42837.447,0.123,0.3,-0.0,8.0,7,20210316T000000_7
2021-03-16T07:19:46.456,1.698,-161.115,54.902,44278.615,0.433,0.349,0.034,9.0,8,20210316T000000_8
2021-03-16T09:17:34.752,3.292,-161.651,54.905,61000.0,0.451,0.341,-0.033,22.0,1,20210316T080000_1
2021-03-16T10:16:00.208,1.176,-162.078,54.905,61000.0,0.88,0.497,-0.174,4.523,2,20210316T080000_2
2021-03-16T10:40:11.735,1.607,-161.717,54.905,59840.796,0.616,0.348,-0.141,14.849,3,20210316T080000_3
2021-03-16T11:12:20.506,2.526,-161.309,54.904,61000.0,0.581,0.246,0.001,12.0,4,20210316T080000_4
2021-03-16T11:12:32.517,2.655,-161.317,54.904,50218.374,0.828,0.225,-0.006,12.0,5,20210316T080000_5
2021-03-16T11:26:14.660,2.011,-161.347,54.904,45719.78,0.493,0.255,0.062,12.0,6,20210316T080000_6
2021-03-16T11:26:23.344,2.586,-161.206,54.903,50195.311,0.77,0.209,0.008,11.0,7,20210316T080000_7
2021-03-16T15:08:24.013,1.981,-162.773,54.902,61000.0,0.98,0.301,-0.15,18.0,8,20210316T080000_8
2021-03-16T18:42:39.734,3.13,-162.754,55.141,61000.0,0.241,0.369,0.038,9.853,1,20210316T160000_1
2021-03-16T19:55:47.905,1.541,-162.308,55.047,61000.0,0.355,0.25,-0.011,4.0,2,20210316T160000_2
2021-03-16T20:52:41.720,1.48,-162.053,54.905,15577.994,0.703,0.318,0.004,8.0,3,20210316T160000_3
2021-03-16T21:46:30.431,1.035,-161.862,54.905,0.0,0.388,0.128,-0.006,4.704,4,20210316T160000_4
2021-03-16T22:23:16.961,0.783,-162.272,54.904,0.0,0.437,0.47,0.017,7.0,5,20210316T160000_5
2021-03-17T03:07:21.809,1.424,-161.008,54.902,39646.001,0.772,0.441,-0.207,4.0,1,20210317T000000_1
2021-03-17T03:43:56.969,1.993,-161.116,54.902,50838.251,0.208,0.226,-0.017,8.0,2,20210317T000000_2
2021-03-17T03:44:05.735,2.176,-161.172,54.903,56479.658,0.76,0.237,-0.014,11.0,3,20210317T000000_3
2021-03-17T03:58:37.753,1.623,-162.757,54.902,61000.0,0.776,0.376,-0.12,11.0,4,20210317T000000_4
2021-03-17T05:14:20.481,1.475,-162.773,54.902,61000.0,0.561,0.347,-0.329,11.0,5,20210317T000000_5
2021-03-17T05:43:35.942,1.802,-162.773,54.902,61000.0,0.791,0.387,0.025,4.063,6,20210317T000000_6
2021-03-17T06:55:33.774,0.643,-161.423,55.095,17315.744,0.0,0.173,0.0,4.0,7,20210317T000000_7
2021-03-17T08:50:36.334,0.088,-161.651,55.268,26333.824,0.285,0.292,0.007,4.0,1,20210317T080000_1
2021-03-17T09:09:25.752,0.324,-161.437,55.3,636.05,0.632,0.409,-0.089,6.0,2,20210317T080000_2
2021-03-17T09:16:46.383,1.324,-161.008,54.902,19082.301,0.169,0.356,0.026,5.0,3,20210317T080000_3
2021-03-17T09:16:57.231,1.205,-161.008,54.902,5838.949,0.733,0.357,0.014,4.0,4,20210317T080000_4
2021-03-17T11:41:46.952,1.188,-162.773,54.902,61000.0,1.081,0.324,0.06,5.0,5,20210317T080000_5
2021-03-17T11:48:25.038,2.622,-161.028,54.902,58599.221,0.292,0.206,0.022,11.0,6,20210317T080000_6
2021-03-17T11:48:33.601,3.05,-161.109,54.902,61000.0,0.636,0.223,0.016,11.0,7,20210317T080000_7
2021-03-17T16:22:06.007,1.401,-161.984,54.905,61000.0,1.075,0.157,0.019,7.0,1,20210317T160000_1
2021-03-17T16:50:22.318,0.958,-161.112,54.902,1423.594,0.145,0.507,-0.032,5.0,2,20210317T160000_2
2021-03-17T17:25:42.627,-0.245,-161.796,55.172,0.0,0.841,0.383,0.077,6.632,3,20210317T160000_3
2021-03-17T17:25:47.348,0.807,-161.8,54.905,0.0,0.469,0.356,-0.002,8.538,4,20210317T160000_4
2021-03-17T17:41:15.139,0.983,-160.989,55.73,38604.357,0.111,0.474,0.024,4.0,5,20210317T160000_5
2021-03-17T18:02:20.310,1.445,-162.776,55.05,32939.516,0.569,0.251,0.045,10.0,6,20210317T160000_6
2021-03-17T19:20:28.369,1.426,-161.389,54.919,44231.454,0.257,0.28,-0.029,9.972,7,20210317T160000_7
2021-03-17T19:45:19.359,2.046,-162.64,55.045,61000.0,0.609,0.302,-0.014,6.932,8,20210317T160000_8
2021-03-17T19:45:23.041,1.725,-161.236,54.903,98.49,0.502,0.413,0.01,8.066,9,20210317T160000_9
2021-03-17T19:45:32.824,1.66,-161.469,54.904,15690.142,0.333,0.248,-0.032,6.003,10,20210317T160000_10
2021-03-17T20:28:10.161,1.474,-161.94,55.338,61000.0,0.336,0.332,-0.0,8.857,11,20210317T160000_11
2021-03-17T21:13:15.971,0.525,-161.348,55.379,0.0,0.909,0.473,-0.101,9.0,12,20210317T160000_12
2021-03-17T21:50:06.512,0.779,-161.39,54.904,14007.802,0.235,0.365,0.01,5.0,13,20210317T160000_13
2021-03-17T21:50:20.941,1.126,-161.568,54.904,23697.309,0.565,0.276,0.044,7.0,14,20210317T160000_14
2021-03-17T22:03:44.263,1.098,-161.633,54.905,61000.0,0.89,0.432,-0.169,7.0,15,20210317T160000_15
2021-03-17T22:27:07.064,1.375,-162.243,55.28,60699.818,0.015,0.04,-0.0,4.0,16,20210317T160000_16
2021-03-17T22:42:30.745,1.903,-162.773,54.902,52248.479,0.983,0.382,-0.041,13.027,17,20210317T160000_17
2021-03-17T22:42:38.149,1.63,-162.358,54.904,57078.129,0.333,0.372,-0.197,5.973,18,20210317T160000_18
2021-03-17T23:00:25.979,1.285,-161.743,54.905,51443.267,0.638,0.224,-0.091,7.0,19,20210317T160000_19
2021-03-17T23:48:34.823,0.975,-161.149,54.903,43664.139,0.225,0.394,0.005,4.974,20,20210317T160000_20
2021-03-17T23:49:26.249,1.498,-162.773,54.902,61000.0,0.939,0.391,0.076,18.0,21,20210317T160000_21
2021-03-17T23:59:46.024,0.626,-162.749,55.261,61000.0,0.327,0.133,0.013,4.0,1,20210318T000000_1
2021-03-18T00:13:52.900,1.283,-162.572,55.139,61000.0,0.584,0.333,0.095,8.934,2,20210318T000000_2
2021-03-18T00:30:43.513,1.339,-162.773,54.902,61000.0,0.961,0.252,0.083,10.0,3,20210318T000000_3
2021-03-18T01:02:24.200,0.995,-161.135,54.903,2349.231,0.086,0.428,0.011,4.0,4,20210318T000000_4
2021-03-18T01:02:41.663,0.635,-161.512,54.904,5834.92,0.347,0.186,-0.009,4.0,5,20210318T000000_5
2021-03-18T01:31:30.167,1.248,-161.453,54.963,58577.067,0.299,0.365,-0.046,13.986,6,20210318T000000_6
2021-03-18T02:40:10.433,0.887,-162.779,55.202,26193.217,0.04,0.019,-0.0,4.0,7,20210318T000000_7
2021-03-18T02:45:38.769,0.994,-161.872,55.468,30460.38,0.326,0.361,-0.021,12.903,8,20210318T000000_8
2021-03-18T02:52:46.417,1.271,-162.555,55.088,61000.0,0.599,0.336,0.065,8.0,9,20210318T000000_9
2021-03-18T03:16:05.075,1.501,-162.773,54.902,61000.0,1.097,0.264,-0.041,16.0,10,20210318T000000_10
2021-03-18T03:42:01.834,0.505,-162.368,54.904,8118.413,0.113,0.366,-0.004,4.707,11,20210318T000000_11
2021-03-18T04:38:31.333,1.282,-161.701,54.905,61000.0,0.752,0.114,0.011,4.0,12,20210318T000000_12
2021-03-18T05:25:09.448,0.987,-162.518,54.903,53274.268,0.181,0.252,0.012,4.241,13,20210318T000000_13
2021-03-18T06:26:31.058,1.016,-162.773,54.902,0.0,1.038,0.407,-0.026,10.0,14,20210318T000000_14
2021-03-18T06:26:49.129,0.884,-162.476,54.903,0.0,0.76,0.477,-0.093,7.0,15,20210318T000000_15
2021-03-18T07:22:24.650,1.241,-162.773,54.902,55599.879,1.239,0.201,-0.067,8.0,16,20210318T000000_16
2021-03-18T08:06:48.302,0.87,-161.385,55.069,33326.591,0.263,0.386,-0.001,9.0,1,20210318T080000_1
2021-03-18T08:06:53.695,1.392,-161.079,54.902,43366.905,0.564,0.281,-0.042,6.0,2,20210318T080000_2
2021-03-18T08:24:08.512,1.388,-161.75,54.905,61000.0,1.074,0.131,0.027,7.0,3,20210318T080000_3
2021-03-18T08:34:25.555,2.337,-162.773,54.902,61000.0,0.947,0.437,-0.234,22.0,4,20210318T080000_4
2021-03-18T09:58:57.942,1.331,-162.735,55.053,46913.465,0.262,0.296,0.032,12.0,5,20210318T080000_5
2021-03-18T10:37:39.776,0.293,-162.197,54.978,0.0,0.098,0.39,-0.004,4.0,6,20210318T080000_6
2021-03-18T10:38:11.714,1.317,-162.773,54.902,30691.682,0.669,0.207,0.069,4.0,7,20210318T080000_7
2021-03-18T12:20:22.476,1.118,-161.004,55.066,31617.295,0.652,0.486,-0.003,7.655,8,20210318T080000_8
2021-03-18T13:03:48.934,0.92,-161.008,54.911,25179.094,0.092,0.455,0.007,5.0,9,20210318T080000_9
2021-03-18T14:34:48.583,1.423,-160.996,55.426,61000.0,0.413,0.327,-0.026,9.0,10,20210318T080000_10
2021-03-18T14:35:00.505,1.734,-161.077,55.398,61000.0,0.602,0.239,-0.032,9.003,11,20210318T080000_11
2021-03-18T14:36:20.179,0.663,-161.88,55.119,0.0,0.844,0.467,0.081,10.855,12,20210318T080000_12
2021-03-18T15:25:39.268,1.113,-161.565,54.904,61000.0,0.928,0.387,-0.195,14.0,13,20210318T080000_13
2021-03-18T16:56:52.495,1.372,-162.773,54.902,61000.0,0.934,0.305,-0.011,6.0,1,20210318T160000_1
2021-03-18T17:26:06.922,0.905,-161.299,54.903,34240.406,0.179,0.405,-0.023,3.914,2,20210318T160000_2
2021-03-18T19:02:06.108,0.051,-162.197,55.255,0.0,0.399,0.46,-0.118,4.0,3,20210318T160000_3
2021-03-18T19:22:16.662,1.381,-161.936,54.905,59374.331,0.628,0.108,0.032,5.779,4,20210318T160000_4
2021-03-18T19:35:48.680,1.694,-162.773,54.902,58423.237,1.002,0.313,0.095,14.013,5,20210318T160000_5
2021-03-18T19:35:54.346,1.782,-162.747,54.902,61000.0,0.75,0.349,-0.066,5.987,6,20210318T160000_6
2021-03-18T19:55:27.365,0.961,-161.431,55.484,61000.0,0.222,0.435,0.001,4.0,7,20210318T160000_7
2021-03-18T20:06:23.668,1.335,-161.389,54.904,33064.224,0.182,0.377,-0.0,7.0,8,20210318T160000_8
2021-03-18T20:06:35.537,1.277,-161.354,54.904,32139.004,0.279,0.228,0.027,6.0,9,20210318T160000_9
2021-03-18T20:14:59.211,0.392,-161.493,55.223,224.619,0.412,0.399,0.054,8.0,10,20210318T160000_10
2021-03-18T22:50:26.632,4.063,-161.005,55.06,61000.0,0.591,0.229,0.109,14.997,11,20210318T160000_11
2021-03-18T23:25:42.445,1.093,-161.316,54.904,35813.886,0.142,0.423,-0.004,4.0,12,20210318T160000_12
2021-03-19T01:24:57.803,0.877,-161.006,54.999,1353.478,0.143,0.204,0.002,4.0,1,20210319T000000_1
2021-03-19T01:54:05.100,1.561,-162.783,55.387,61000.0,0.777,0.084,0.014,3.642,2,20210319T000000_2
2021-03-19T02:17:28.346,1.931,-161.008,54.902,61000.0,0.515,0.315,0.045,17.867,3,20210319T000000_3
2021-03-19T05:06:18.824,0.654,-162.368,54.904,8419.629,0.147,0.353,-0.008,4.362,4,20210319T000000_4
2021-03-19T06:01:34.027,1.629,-162.773,54.902,61000.0,0.736,0.233,0.014,10.0,5,20210319T000000_5
2021-03-19T06:02:53.925,0.502,-162.343,54.995,187.9,0.186,0.596,-0.006,6.0,6,20210319T000000_6
2021-03-19T06:02:58.473,1.068,-162.618,54.903,0.0,0.854,0.385,-0.206,8.0,7,20210319T000000_7
2021-03-19T06:30:05.102,0.209,-162.355,54.994,141.221,0.185,0.618,-0.015,5.0,8,20210319T000000_8
2021-03-19T07:15:18.712,1.186,-161.348,54.904,29921.163,0.046,0.358,-0.002,4.0,9,20210319T000000_9
2021-03-19T07:25:38.928,0.955,-162.773,54.902,61000.0,0.999,0.42,-0.008,3.643,10,20210319T000000_10
2021-03-19T08:29:21.270,1.958,-162.647,54.903,61000.0,1.027,0.376,-0.016,20.0,1,20210319T080000_1
2021-03-19T09:27:57.354,1.318,-162.706,54.902,60320.502,0.839,0.411,-0.203,5.0,2,20210319T080000_2
2021-03-19T13:39:53.259,1.061,-162.481,54.903,10792.294,0.137,0.253,-0.009,6.0,3,20210319T080000_3
2021-03-19T13:40:00.395,1.445,-162.604,54.903,0.0,0.733,0.425,-0.164,8.0,4,20210319T080000_4
2021-03-19T14:01:31.941,2.549,-161.008,54.904,61000.0,0.376,0.188,0.046,12.0,5,20210319T080000_5
2021-03-19T14:01:41.740,2.864,-161.126,54.903,58129.398,0.673,0.221,0.014,11.0,6,20210319T080000_6
2021-03-19T15:40:05.293,1.672,-161.006,54.974,22283.649,0.11,0.361,-0.001,7.0,7,20210319T080000_7
2021-03-19T15:40:14.308,1.615,-161.124,54.902,39200.353,0.73,0.36,0.029,6.0,8,20210319T080000_8
2021-03-19T18:47:45.739,2.199,-161.354,54.904,54012.47,0.299,0.339,-0.035,8.0,1,20210319T160000_1
2021-03-19T18:47:59.892,2.014,-161.273,54.903,27762.105,0.518,0.28,-0.009,9.0,2,20210319T160000_2
2021-03-19T20:01:37.827,0.942,-161.751,55.495,15485.967,0.509,0.477,0.066,11.0,3,20210319T160000_3
2021-03-19T21:37:16.955,1.191,-161.004,55.104,1579.432,0.157,0.316,0.009,4.0,4,20210319T160000_4
2021-03-19T22:55:06.068,1.49,-161.286,54.903,61000.0,0.743,0.433,-0.229,6.0,5,20210319T160000_5
2021-03-20T07:47:56.280,1.498,-161.007,54.933,22932.87,0.206,0.28,-0.009,4.0,1,20210320T000000_1
2021-03-20T07:48:04.728,1.851,-161.008,54.902,35316.409,0.566,0.223,0.003,4.0,2,20210320T000000_2
2021-03-20T10:26:13.215,1.96,-160.999,55.303,57589.737,0.266,0.5,0.035,8.0,1,20210320T080000_1
2021-03-20T10:27:45.261,1.057,-161.883,55.217,0.0,0.325,0.424,0.022,3.33,2,20210320T080000_2
2021-03-20T11:44:02.532,2.423,-162.782,55.327,61000.0,0.784,0.4,-0.098,9.65,3,20210320T080000_3
2021-03-20T11:44:03.682,2.159,-162.773,54.902,61000.0,0.876,0.367,-0.148,4.799,4,20210320T080000_4
2021-03-20T11:47:46.494,1.479,-161.703,54.905,61000.0,0.785,0.375,-0.183,8.0,5,20210320T080000_5
2021-03-20T14:25:09.520,1.716,-161.063,54.902,22728.022,0.194,0.412,-0.001,7.0,6,20210320T080000_6
2021-03-20T14:25:19.511,1.374,-161.008,54.902,24964.314,0.317,0.28,-0.016,4.0,7,20210320T080000_7
2021-03-20T15:40:32.865,1.959,-162.773,54.902,61000.0,1.047,0.338,0.011,12.061,8,20210320T080000_8
2021-03-20T15:40:57.374,0.889,-162.221,55.154,5801.164,0.649,0.371,0.112,4.939,9,20210320T080000_9
2021-03-20T18:45:29.502,1.794,-161.193,54.903,57615.344,0.285,0.363,-0.003,7.0,1,20210320T160000_1
2021-03-20T18:46:11.286,1.238,-161.845,55.202,10535.869,0.89,0.299,-0.127,15.0,2,20210320T160000_2
2021-03-20T18:54:26.666,1.458,-161.007,54.944,42068.399,0.159,0.503,0.005,5.0,3,20210320T160000_3
2021-03-20T19:50:03.204,1.661,-162.675,55.22,61000.0,0.2,0.316,-0.003,5.0,4,20210320T160000_4
2021-03-20T21:22:30.168,1.499,-161.005,55.039,47926.181,0.143,0.437,0.004,5.0,5,20210320T160000_5
2021-03-20T21:22:46.088,1.64,-161.004,55.105,13769.262,0.432,0.447,0.07,4.874,6,20210320T160000_6
2021-03-21T01:14:51.518,1.737,-161.006,54.998,26871.295,0.436,0.329,0.085,7.0,1,20210321T000000_1
2021-03-21T01:14:59.360,2.077,-161.004,55.065,57595.666,0.428,0.269,0.002,7.87,2,20210321T000000_2
2021-03-21T03:08:03.258,1.556,-161.676,54.905,61000.0,0.65,0.406,-0.006,3.966,3,20210321T000000_3
2021-03-21T03:53:41.326,0.886,-161.902,55.649,0.0,0.531,0.529,-0.185,8.0,4,20210321T000000_4
2021-03-21T04:51:43.629,1.676,-161.229,54.903,51191.664,0.179,0.348,0.003,9.0,5,20210321T000000_5
2021-03-21T04:52:15.362,1.074,-161.857,55.156,9020.336,0.592,0.316,0.036,6.501,6,20210321T000000_6
2021-03-21T06:20:17.679,-0.04,-161.578,55.252,129.164,0.065,0.262,-0.0,5.0,7,20210321T000000_7
2021-03-21T09:13:38.059,1.643,-162.773,54.902,61000.0,0.568,0.144,-0.016,6.0,1,20210321T080000_1
2021-03-21T13:30:53.028,1.627,-162.773,54.902,57669.77,0.701,0.31,0.021,9.0,2,20210321T080000_2
2021-03-21T15:23:17.726,0.971,-162.783,55.377,27550.759,0.486,0.418,-0.073,8.0,3,20210321T080000_3
2021-03-21T15:28:05.464,2.323,-162.573,54.903,61000.0,0.547,0.466,-0.159,21.0,4,20210321T080000_4
2021-03-21T16:05:18.359,0.818,-162.784,55.399,15797.009,0.224,0.468,-0.011,7.0,1,20210321T160000_1
2021-03-21T18:46:24.289,0.72,-162.191,55.921,0.0,0.113,0.263,-0.017,4.0,2,20210321T160000_2
2021-03-21T18:48:15.885,1.299,-162.773,54.902,61000.0,0.789,0.281,-0.02,4.989,3,20210321T160000_3
2021-03-21T21:17:31.868,0.946,-162.316,55.288,61000.0,0.233,0.37,-0.033,4.0,4,20210321T160000_4
2021-03-21T22:47:01.341,1.558,-161.569,54.904,61000.0,0.772,0.408,-0.207,5.001,5,20210321T160000_5
2021-03-21T23:00:52.417,-0.182,-161.604,55.281,114.762,0.133,0.297,0.023,4.0,6,20210321T160000_6
2021-03-22T00:10:53.062,2.082,-161.007,54.956,61000.0,0.323,0.184,0.024,11.579,1,20210322T000000_1
2021-03-22T00:11:02.372,2.272,-162.604,54.903,38512.255,0.318,0.195,-0.034,5.847,2,20210322T000000_2
2021-03-22T00:11:02.812,2.416,-162.164,55.662,61000.0,0.607,0.148,-0.006,4.48,3,20210322T000000_3
2021-03-22T00:36:03.328,1.522,-161.006,54.985,31672.16,0.384,0.3,-0.063,7.218,4,20210322T000000_4
2021-03-22T00:36:10.349,1.744,-162.038,55.654,61000.0,0.211,0.291,0.023,4.83,5,20210322T000000_5
2021-03-22T00:36:26.590,0.815,-161.891,55.312,19806.99,0.629,0.377,-0.007,5.212,6,20210322T000000_6
2021-03-22T02:45:32.296,1.864,-160.999,55.326,61000.0,0.364,0.224,0.023,12.986,7,20210322T000000_7
2021-03-22T02:46:09.066,0.899,-161.63,55.382,207.197,0.653,0.44,0.18,5.0,8,20210322T000000_8
2021-03-22T03:53:05.553,1.569,-161.924,54.905,61000.0,1.164,0.267,-0.056,7.802,9,20210322T000000_9
2021-03-22T05:43:51.699,1.608,-161.244,54.903,50658.554,0.245,0.291,-0.015,8.0,10,20210322T000000_10
2021-03-22T05:44:07.242,1.42,-161.205,54.903,445.106,0.599,0.304,-0.05,5.0,11,20210322T000000_11
2021-03-22T05:45:11.304,1.118,-160.99,55.714,61000.0,0.587,0.531,0.046,5.0,12,20210322T000000_12
2021-03-22T06:27:29.704,1.706,-161.05,54.902,47872.333,0.355,0.305,-0.001,10.0,13,20210322T000000_13
2021-03-22T06:27:48.236,1.361,-161.271,55.075,31897.865,0.387,0.376,-0.015,8.0,14,20210322T000000_14
2021-03-22T08:36:55.086,1.367,-161.005,55.025,36985.769,0.203,0.336,0.025,5.782,1,20210322T080000_1
2021-03-22T08:42:06.187,-0.025,-161.665,55.292,0.0,0.014,0.47,0.002,4.0,2,20210322T080000_2
2021-03-22T09:03:51.528,0.901,-161.413,54.939,26300.378,0.122,0.436,0.001,6.0,3,20210322T080000_3
2021-03-22T09:21:53.234,0.606,-161.664,55.02,24633.973,0.494,0.488,-0.021,5.96,4,20210322T080000_4
2021-03-22T09:53:22.487,1.424,-162.283,54.904,52545.641,0.656,0.384,-0.138,3.996,5,20210322T080000_5
2021-03-22T11:06:39.561,1.46,-162.506,55.182,61000.0,0.302,0.3,0.036,5.504,6,20210322T080000_6
2021-03-22T11:34:57.815,2.233,-161.266,54.903,44024.3,0.344,0.161,0.023,9.918,7,20210322T080000_7
2021-03-22T11:35:03.732,2.577,-162.447,55.863,61000.0,0.19,0.312,-0.006,5.387,8,20210322T080000_8
2021-03-22T14:47:05.960,1.739,-161.305,54.903,41994.412,0.181,0.233,-0.007,6.0,9,20210322T080000_9
2021-03-22T14:47:13.499,1.92,-161.297,54.944,61000.0,0.645,0.192,-0.056,7.0,10,20210322T080000_10
2021-03-22T17:43:04.905,2.151,-161.287,55.736,61000.0,0.51,0.335,-0.071,9.0,1,20210322T160000_1
2021-03-22T18:43:47.047,3.155,-161.192,54.903,46155.159,0.349,0.212,0.012,10.86,2,20210322T160000_2
2021-03-22T18:43:53.282,3.442,-161.277,54.903,55460.049,0.413,0.214,-0.052,10.942,3,20210322T160000_3
2021-03-22T19:00:34.114,1.234,-161.837,55.134,13165.331,0.348,0.389,0.012,7.878,4,20210322T160000_4
2021-03-22T19:00:45.795,1.968,-161.79,55.154,56456.544,0.0,0.173,0.0,4.0,5,20210322T160000_5
2021-03-22T21:02:37.810,0.701,-161.526,55.505,663.335,0.829,0.011,-0.006,4.0,6,20210322T160000_6
2021-03-23T03:21:18.468,-0.427,-161.842,55.449,0.0,0.401,0.224,0.02,4.0,1,20210323T000000_1
2021-03-23T11:00:43.512,1.031,-161.984,54.905,22724.142,0.311,0.343,0.002,5.0,1,20210323T080000_1
2021-03-23T11:28:04.502,2.138,-162.559,55.004,61000.0,0.226,0.398,-0.024,6.52,4,20210323T080000_4
2021-03-23T11:28:04.925,2.691,-161.654,54.905,61000.0,0.447,0.303,-0.028,9.158,2,20210323T080000_2
2021-03-23T11:28:08.831,2.31,-161.997,55.0,61000.0,0.253,0.497,-0.015,5.321,3,20210323T080000_3
2021-03-23T13:23:54.423,1.039,-161.273,54.903,0.0,0.691,0.538,0.041,5.0,5,20210323T080000_5
2021-03-23T15:12:04.801,0.41,-161.561,55.23,0.0,0.091,0.394,0.025,5.0,6,20210323T080000_6
2021-03-23T20:23:35.427,1.72,-161.219,54.903,42941.877,0.214,0.237,0.0,7.0,1,20210323T160000_1
2021-03-23T20:23:50.625,1.559,-161.512,54.904,31215.155,0.563,0.219,0.051,7.0,2,20210323T160000_2
2021-03-23T20:34:51.320,1.654,-162.773,54.902,61000.0,0.276,0.119,0.015,4.563,3,20210323T160000_3
2021-03-23T20:34:52.910,2.033,-161.454,54.904,61000.0,0.561,0.05,-0.005,3.908,5,20210323T160000_5
2021-03-23T20:34:55.530,1.329,-161.325,54.904,0.0,0.273,0.483,0.021,5.731,4,20210323T160000_4
2021-03-23T20:35:18.994,-0.221,-161.858,55.293,0.0,0.234,0.309,0.026,3.798,6,20210323T160000_6
2021-03-23T21:20:30.452,1.237,-162.773,54.934,61000.0,0.41,0.331,0.041,3.707,7,20210323T160000_7
2021-03-23T21:20:32.206,1.698,-161.823,54.905,61000.0,1.076,0.082,-0.083,6.293,8,20210323T160000_8
2021-03-23T21:22:22.302,1.568,-162.736,54.902,61000.0,0.889,0.388,-0.121,9.772,9,20210323T160000_9
2021-03-23T21:22:23.060,1.725,-161.608,54.905,61000.0,0.604,0.376,-0.01,6.228,10,20210323T160000_10
2021-03-23T23:28:46.855,1.387,-161.008,54.915,23407.069,0.134,0.494,-0.029,5.0,11,20210323T160000_11
2021-03-23T23:28:59.626,1.295,-161.749,54.905,48690.941,0.321,0.275,-0.014,3.813,12,20210323T160000_12
2021-03-23T23:59:48.910,1.379,-162.0,55.25,61000.0,0.229,0.432,0.036,3.787,1,20210324T000000_1
2021-03-24T01:48:00.035,-0.052,-161.812,55.288,13360.648,0.0,0.426,-0.0,4.0,2,20210324T000000_2
2021-03-24T06:30:31.549,2.296,-162.782,55.419,20706.461,0.297,0.239,-0.004,19.0,3,20210324T000000_3
2021-03-24T06:47:10.527,1.569,-162.784,55.418,16821.124,0.313,0.175,-0.021,13.198,4,20210324T000000_4
2021-03-24T07:23:36.770,1.599,-162.773,54.902,59967.364,1.118,0.262,-0.11,7.973,5,20210324T000000_5
2021-03-24T07:23:53.984,0.929,-162.322,54.904,0.0,0.589,0.261,-0.062,4.027,6,20210324T000000_6
2021-03-24T08:34:51.756,1.804,-161.135,54.903,37101.248,0.21,0.185,0.005,9.0,1,20210324T080000_1
2021-03-24T08:35:00.730,1.753,-161.245,54.903,52330.318,0.513,0.238,0.042,7.0,2,20210324T080000_2
2021-03-24T09:59:01.925,0.456,-161.465,55.535,29337.018,0.982,0.1,-0.015,4.0,3,20210324T080000_3
2021-03-24T13:06:26.851,1.228,-161.384,54.904,25866.382,0.151,0.459,0.007,4.0,4,20210324T080000_4
2021-03-24T16:19:19.741,1.82,-161.168,54.903,32568.619,0.42,0.244,0.023,8.814,1,20210324T160000_1
2021-03-24T16:19:47.354,0.789,-161.555,55.292,65.495,0.174,0.305,0.03,5.0,2,20210324T160000_2
2021-03-24T16:33:51.564,1.24,-161.006,54.987,49413.738,0.078,0.457,-0.017,4.0,3,20210324T160000_3
2021-03-24T18:16:59.038,1.317,-161.171,54.903,35542.334,0.186,0.387,-0.001,4.0,4,20210324T160000_4
2021-03-24T18:17:24.517,0.52,-161.485,55.264,209.264,0.168,0.376,0.041,4.0,5,20210324T160000_5
2021-03-25T01:03:56.290,0.831,-161.314,55.232,1314.706,0.156,0.37,0.005,6.0,1,20210325T000000_1
2021-03-25T01:03:57.441,1.859,-161.002,55.167,61000.0,0.599,0.362,-0.051,5.9,2,20210325T000000_2
2021-03-25T04:23:04.194,1.776,-161.61,54.905,61000.0,0.531,0.273,-0.029,6.798,3,20210325T000000_3
2021-03-25T04:41:51.747,0.835,-162.131,54.905,0.0,0.631,0.272,0.047,5.0,4,20210325T000000_4
2021-03-25T08:55:07.552,1.359,-161.331,54.904,50211.164,0.251,0.357,0.011,5.0,1,20210325T080000_1
2021-03-25T09:29:34.320,1.78,-161.808,54.905,61000.0,0.71,0.388,-0.079,7.184,2,20210325T080000_2
2021-03-25T13:25:33.783,1.666,-161.215,55.484,61000.0,0.489,0.301,-0.028,9.857,3,20210325T080000_3
2021-03-25T13:25:40.937,2.218,-160.998,55.335,59856.251,0.439,0.271,0.02,10.0,4,20210325T080000_4
2021-03-25T13:31:54.023,1.88,-162.773,54.902,61000.0,1.199,0.324,-0.072,18.0,5,20210325T080000_5
2021-03-25T14:59:08.594,0.349,-161.656,55.188,0.0,0.481,0.332,0.036,5.0,6,20210325T080000_6
2021-03-25T15:24:57.240,0.648,-161.493,55.127,20874.584,0.224,0.522,-0.045,6.0,7,20210325T080000_7
2021-03-25T15:25:42.574,0.62,-161.35,55.13,936.18,0.08,0.418,0.009,5.0,8,20210325T080000_8
2021-03-25T15:25:45.767,1.486,-161.269,54.903,51112.027,0.398,0.223,0.008,4.81,9,20210325T080000_9
2021-03-25T15:34:35.552,1.578,-162.773,54.902,57374.612,0.914,0.33,-0.015,11.021,10,20210325T080000_10
2021-03-25T15:35:06.427,-0.426,-161.982,55.321,0.0,0.534,0.282,-0.027,4.979,11,20210325T080000_11
2021-03-25T16:02:33.367,1.56,-161.693,54.905,61000.0,1.123,0.101,0.04,6.0,1,20210325T160000_1
2021-03-25T19:35:12.096,1.319,-161.008,54.902,61000.0,0.903,0.426,0.071,8.0,2,20210325T160000_2
2021-03-25T20:12:08.067,1.747,-161.364,54.904,49846.67,0.406,0.257,-0.001,10.699,3,20210325T160000_3
2021-03-25T20:12:31.414,1.325,-161.729,55.178,32365.741,0.599,0.257,-0.05,7.942,4,20210325T160000_4
2021-03-25T23:13:55.363,1.182,-161.138,54.903,36121.003,0.235,0.409,-0.029,6.0,5,20210325T160000_5
2021-03-25T23:14:05.073,1.382,-161.343,54.904,55520.626,0.362,0.224,-0.019,4.0,6,20210325T160000_6
2021-03-25T23:59:49.155,0.896,-162.005,55.223,61000.0,0.5,0.53,0.012,8.85,1,20210326T000000_1
2021-03-26T00:22:15.649,1.12,-161.008,54.902,61000.0,0.806,0.475,-0.064,4.0,2,20210326T000000_2
2021-03-26T02:06:14.037,1.838,-162.76,54.902,61000.0,1.106,0.329,-0.14,19.0,3,20210326T000000_3
2021-03-26T02:57:11.969,1.101,-162.773,54.902,61000.0,1.038,0.297,0.081,4.0,4,20210326T000000_4
2021-03-26T03:20:52.316,0.651,-161.557,55.164,16353.875,0.371,0.507,-0.065,5.0,5,20210326T000000_5
2021-03-26T05:03:50.209,1.378,-161.916,55.265,61000.0,0.262,0.518,0.054,5.0,6,20210326T000000_6
2021-03-26T05:21:15.354,1.326,-161.227,54.903,16082.478,0.447,0.306,0.01,11.0,7,20210326T000000_7
2021-03-26T05:21:20.272,1.88,-161.139,54.903,56629.108,0.714,0.232,-0.008,11.0,8,20210326T000000_8
2021-03-26T05:25:03.704,1.064,-162.308,54.959,23246.372,0.0,0.193,-0.0,3.996,9,20210326T000000_9
2021-03-26T05:48:02.240,3.229,-161.062,54.902,61000.0,0.39,0.227,0.034,11.0,10,20210326T000000_10
2021-03-26T05:48:13.800,3.472,-161.132,54.903,42386.45,0.616,0.214,0.03,11.0,11,20210326T000000_11
2021-03-26T06:39:19.032,1.513,-162.779,55.206,56098.984,0.548,0.302,-0.026,9.929,13,20210326T000000_13
2021-03-26T06:39:38.269,1.447,-162.477,55.194,26542.778,0.0,0.239,0.0,4.0,12,20210326T000000_12
2021-03-26T07:17:29.043,1.572,-160.987,55.824,61000.0,0.483,0.33,0.021,15.0,14,20210326T000000_14
2021-03-26T07:26:40.692,1.436,-162.206,54.905,61000.0,0.715,0.216,-0.026,6.959,15,20210326T000000_15
2021-03-26T07:27:35.742,1.403,-162.222,54.904,61000.0,0.85,0.241,-0.023,5.931,16,20210326T000000_16
2021-03-26T07:31:45.529,1.23,-162.243,54.904,374.21,0.604,0.529,0.069,10.0,17,20210326T000000_17
2021-03-26T07:32:00.972,0.965,-162.169,54.981,0.0,0.498,0.371,-0.029,9.0,19,20210326T000000_19
2021-03-26T07:51:12.835,1.384,-161.008,54.902,61000.0,0.847,0.376,-0.412,14.0,18,20210326T000000_18
2021-03-26T07:59:49.479,1.009,-162.021,55.376,61000.0,0.102,0.637,-0.04,4.0,1,20210326T080000_1
2021-03-26T09:03:21.402,1.504,-161.649,54.905,61000.0,1.238,0.361,0.066,11.006,2,20210326T080000_2
2021-03-26T09:03:44.163,0.166,-161.663,55.201,10159.376,0.0,0.272,-0.0,3.994,3,20210326T080000_3
2021-03-26T09:16:52.456,1.326,-162.773,54.902,61000.0,0.682,0.353,-0.049,10.0,4,20210326T080000_4
2021-03-26T11:37:55.975,0.48,-162.336,54.975,11605.193,0.0,0.322,-0.0,4.0,5,20210326T080000_5
2021-03-26T11:38:08.633,0.151,-162.284,54.998,702.566,0.049,0.594,0.0,4.0,6,20210326T080000_6
2021-03-26T11:51:42.323,1.105,-161.389,54.904,25769.23,0.299,0.427,-0.035,8.0,7,20210326T080000_7
2021-03-26T11:51:55.980,1.166,-161.53,54.904,31608.588,0.475,0.295,-0.041,8.0,8,20210326T080000_8
2021-03-26T13:34:57.893,1.369,-162.711,54.902,36159.833,0.062,0.333,0.01,5.0,9,20210326T080000_9
2021-03-26T13:35:20.783,0.885,-162.394,54.98,13144.487,0.0,0.357,-0.0,4.0,10,20210326T080000_10
2021-03-26T13:52:01.688,1.015,-161.184,54.903,29168.681,0.154,0.469,-0.028,5.0,11,20210326T080000_11
2021-03-26T13:52:13.592,1.175,-161.293,54.903,33295.877,0.226,0.348,-0.023,6.0,12,20210326T080000_12
2021-03-26T13:57:07.721,0.946,-161.626,54.977,21527.849,0.304,0.18,0.008,8.0,13,20210326T080000_13
2021-03-26T13:57:13.875,1.436,-161.328,54.904,41036.129,0.611,0.283,-0.02,7.0,14,20210326T080000_14
2021-03-26T14:09:34.894,2.116,-161.036,54.902,61000.0,1.001,0.302,0.041,17.864,15,20210326T080000_15
2021-03-26T14:42:31.504,1.458,-162.773,54.924,21568.071,0.708,0.234,0.054,5.828,16,20210326T080000_16
2021-03-26T15:00:17.716,1.69,-162.773,54.902,61000.0,1.166,0.347,0.114,10.035,17,20210326T080000_17
2021-03-26T15:00:48.695,-0.335,-161.987,55.322,0.0,0.863,0.443,-0.128,4.964,18,20210326T080000_18
2021-03-26T15:04:32.362,1.364,-162.773,54.902,61000.0,1.042,0.187,-0.024,6.51,19,20210326T080000_19
2021-03-26T16:13:03.540,0.961,-162.101,54.905,310.457,0.521,0.323,0.083,10.0,1,20210326T160000_1
2021-03-26T16:13:28.768,1.389,-162.073,54.905,0.0,0.822,0.291,-0.02,11.0,2,20210326T160000_2
2021-03-26T16:16:56.009,1.137,-161.008,54.902,61000.0,0.563,0.443,0.05,8.973,3,20210326T160000_3
2021-03-26T16:29:30.215,1.285,-162.776,55.038,43692.153,0.222,0.401,0.033,6.761,4,20210326T160000_4
2021-03-26T16:47:58.928,-0.02,-161.68,55.289,22524.799,0.127,0.304,-0.007,4.0,5,20210326T160000_5
2021-03-26T16:58:20.161,2.134,-162.773,54.902,61000.0,0.559,0.361,-0.021,9.608,6,20210326T160000_6
2021-03-26T16:58:22.074,1.918,-161.749,54.905,61000.0,0.738,0.4,-0.109,6.256,7,20210326T160000_7
2021-03-26T17:30:08.992,1.161,-161.007,54.937,18911.619,0.157,0.395,-0.024,5.0,8,20210326T160000_8
2021-03-26T17:30:17.719,1.117,-161.223,54.903,46703.765,0.617,0.324,0.03,5.0,9,20210326T160000_9
2021-03-26T18:15:28.514,1.482,-161.161,54.903,36789.598,0.332,0.308,0.001,9.0,10,20210326T160000_10
2021-03-26T18:15:34.911,1.401,-161.089,54.902,53420.622,0.466,0.311,0.001,6.0,11,20210326T160000_11
2021-03-26T18:45:14.032,2.403,-161.138,54.903,61000.0,0.373,0.193,0.028,11.0,12,20210326T160000_12
2021-03-26T18:45:23.665,2.809,-161.151,54.903,52043.545,0.959,0.207,0.046,11.0,13,20210326T160000_13
2021-03-26T19:19:47.724,1.368,-161.007,54.959,61000.0,0.107,0.5,-0.004,4.0,14,20210326T160000_14
2021-03-26T21:46:37.373,1.882,-161.97,54.905,61000.0,0.31,0.246,-0.033,16.0,15,20210326T160000_15
2021-03-26T22:11:47.721,1.809,-162.78,55.231,61000.0,0.595,0.235,-0.041,13.0,16,20210326T160000_16
2021-03-27T02:37:53.266,1.343,-161.83,54.905,61000.0,0.583,0.343,0.016,8.0,1,20210327T000000_1
2021-03-27T02:38:22.667,1.07,-161.822,54.962,11325.8,0.227,0.267,-0.008,6.804,2,20210327T000000_2
2021-03-27T02:47:24.223,0.568,-161.874,55.297,60346.584,0.749,0.443,-0.026,7.0,3,20210327T000000_3
2021-03-27T03:18:54.369,0.574,-161.826,55.506,28129.519,0.111,0.478,0.008,7.853,4,20210327T000000_4
2021-03-27T03:51:59.176,1.153,-161.004,55.071,2205.943,0.274,0.477,-0.035,6.0,5,20210327T000000_5
2021-03-27T06:00:43.630,1.552,-161.762,54.905,61000.0,0.877,0.317,-0.097,15.0,6,20210327T000000_6
2021-03-27T08:25:28.716,1.402,-161.191,54.903,41975.551,0.237,0.485,-0.025,5.0,1,20210327T080000_1
2021-03-27T10:30:59.666,-0.001,-161.826,55.359,17718.667,0.0,0.402,-0.0,4.0,2,20210327T080000_2
2021-03-27T12:27:13.581,1.401,-161.005,55.036,467.012,0.303,0.4,0.032,6.0,3,20210327T080000_3
2021-03-27T12:50:03.664,1.791,-160.995,55.48,47792.188,0.125,0.294,0.018,5.0,4,20210327T080000_4
2021-03-27T12:50:21.057,2.018,-160.999,55.322,54663.426,0.328,0.392,-0.037,5.919,5,20210327T080000_5
2021-03-27T14:02:06.690,1.883,-161.359,55.286,61000.0,0.46,0.303,0.023,11.96,6,20210327T080000_6
2021-03-27T14:02:47.612,1.285,-161.702,55.219,10606.124,0.248,0.214,-0.003,5.478,7,20210327T080000_7
2021-03-27T15:30:11.900,2.664,-161.218,54.903,50814.004,0.326,0.22,0.033,11.0,8,20210327T080000_8
2021-03-27T15:30:20.124,2.93,-161.24,54.903,56819.397,0.746,0.211,0.039,11.0,9,20210327T080000_9
2021-03-27T20:08:53.903,1.486,-161.514,54.904,57109.154,0.385,0.365,-0.082,5.0,1,20210327T160000_1
2021-03-27T23:39:47.977,0.519,-162.288,54.991,0.0,0.279,0.565,-0.012,4.985,2,20210327T160000_2
2021-03-28T02:05:26.476,1.638,-161.28,54.903,33972.216,0.138,0.308,0.005,7.0,1,20210328T000000_1
2021-03-28T02:05:42.417,1.27,-161.538,54.904,18468.532,1.094,0.295,0.073,5.0,2,20210328T000000_2
2021-03-28T02:34:30.692,1.334,-161.677,54.905,61000.0,0.346,0.416,-0.066,4.0,3,20210328T000000_3
2021-03-28T03:01:51.204,1.571,-162.304,54.904,61000.0,0.16,0.056,-0.0,4.0,4,20210328T000000_4
2021-03-28T03:51:46.348,0.261,-161.832,55.368,17237.63,0.562,0.441,-0.162,10.0,5,20210328T000000_5
2021-03-28T04:40:19.774,1.622,-161.629,54.905,61000.0,0.967,0.339,-0.066,12.0,6,20210328T000000_6
2021-03-28T05:35:05.783,1.711,-161.192,54.903,47580.92,0.233,0.31,-0.017,7.902,7,20210328T000000_7
2021-03-28T05:35:34.037,0.494,-161.571,55.298,105.47,0.036,0.34,0.008,4.0,8,20210328T000000_8
2021-03-28T06:37:39.044,0.365,-161.738,55.321,18963.796,0.487,0.598,-0.155,9.0,9,20210328T000000_9
2021-03-28T07:52:28.795,2.205,-162.27,54.904,9918.56,0.435,0.567,0.008,11.92,10,20210328T000000_10
2021-03-28T07:59:47.800,1.593,-162.403,55.358,61000.0,0.406,0.426,-0.114,4.0,1,20210328T080000_1
2021-03-28T08:39:00.115,0.488,-161.969,55.206,15262.297,0.0,0.409,0.0,4.0,2,20210328T080000_2
2021-03-28T08:42:23.161,1.863,-161.026,54.902,37616.127,0.258,0.304,0.019,9.0,3,20210328T080000_3
2021-03-28T08:42:30.461,2.162,-161.055,54.902,51009.943,0.575,0.24,0.007,7.0,4,20210328T080000_4
2021-03-28T09:05:35.200,1.06,-162.158,55.8,10795.234,0.218,0.481,-0.027,6.0,5,20210328T080000_5
2021-03-28T09:59:11.984,3.015,-162.773,54.902,61000.0,0.606,0.217,0.009,7.632,6,20210328T080000_6
2021-03-28T09:59:16.887,2.542,-161.351,54.904,0.0,0.411,0.313,-0.056,8.559,7,20210328T080000_7
2021-03-28T10:46:00.630,1.565,-161.324,55.92,61000.0,0.42,0.581,0.017,5.0,8,20210328T080000_8
2021-03-28T11:05:09.513,1.169,-161.527,55.248,35993.683,0.296,0.403,-0.007,7.989,9,20210328T080000_9
2021-03-28T11:05:13.205,1.946,-161.002,55.154,46453.154,0.535,0.302,0.054,6.903,10,20210328T080000_10
2021-03-28T14:00:21.241,1.609,-161.146,54.903,25830.979,0.257,0.3,0.019,6.0,11,20210328T080000_11
2021-03-28T14:00:29.384,1.855,-161.204,54.903,47679.033,0.497,0.249,0.022,8.0,12,20210328T080000_12
2021-03-28T15:23:35.280,1.164,-162.216,54.904,2354.402,0.141,0.466,0.023,6.908,13,20210328T080000_13
2021-03-28T15:23:50.240,1.681,-162.251,54.904,0.0,0.737,0.506,-0.045,8.0,14,20210328T080000_14
2021-03-29T01:42:47.233,1.119,-161.489,55.311,514.254,0.162,0.415,0.009,4.596,1,20210329T000000_1
2021-03-29T07:08:09.605,1.816,-161.159,54.903,44032.093,0.174,0.166,0.009,7.0,2,20210329T000000_2
2021-03-29T14:20:13.562,1.507,-161.249,54.903,34298.498,0.166,0.388,-0.002,4.0,1,20210329T080000_1
2021-03-29T22:15:07.202,1.017,-161.517,54.904,277.417,0.322,0.44,-0.008,5.936,1,20210329T160000_1
2021-03-29T23:42:33.761,1.778,-162.773,54.902,61000.0,1.188,0.342,-0.083,17.0,2,20210329T160000_2
2021-03-29T23:44:01.888,1.692,-161.008,54.902,61000.0,0.389,0.455,-0.027,9.005,3,20210329T160000_3
2021-03-29T23:44:08.709,1.348,-161.005,55.03,46743.186,0.03,0.413,0.007,3.995,4,20210329T160000_4
2021-03-29T23:50:53.426,1.714,-162.776,55.042,49981.237,0.329,0.358,0.069,9.94,5,20210329T160000_5
2021-03-30T02:00:39.966,1.196,-162.076,54.905,15555.2,0.223,0.426,-0.046,4.0,1,20210330T000000_1
2021-03-30T02:01:02.698,1.043,-162.044,54.905,0.0,0.812,0.236,0.098,6.0,2,20210330T000000_2
2021-03-30T02:06:53.778,0.825,-161.531,55.242,851.39,0.588,0.574,0.214,7.0,3,20210330T000000_3
2021-03-30T02:26:35.733,1.612,-161.007,54.94,24009.974,0.406,0.378,-0.035,7.972,4,20210330T000000_4
2021-03-30T02:26:48.001,1.625,-161.133,55.245,27480.632,0.261,0.311,-0.016,5.566,5,20210330T000000_5
2021-03-30T03:18:52.974,1.53,-161.64,54.905,61000.0,0.86,0.406,-0.169,12.0,6,20210330T000000_6
2021-03-30T03:36:24.195,1.727,-161.508,54.904,61000.0,1.016,0.331,-0.072,17.111,7,20210330T000000_7
2021-03-30T04:31:48.177,1.276,-161.005,55.042,17605.154,0.135,0.502,0.005,5.0,8,20210330T000000_8
2021-03-30T04:31:58.350,1.486,-161.004,55.1,40853.834,0.456,0.359,-0.006,6.0,9,20210330T000000_9
2021-03-30T04:38:23.282,1.619,-162.773,54.902,61000.0,1.134,0.232,-0.089,5.971,10,20210330T000000_10
2021-03-30T06:26:06.109,1.18,-161.618,55.022,1392.316,0.071,0.254,0.005,4.0,11,20210330T000000_11
2021-03-30T07:51:46.811,1.465,-161.006,54.974,61000.0,0.248,0.515,0.011,5.0,12,20210330T000000_12
2021-03-30T07:52:00.361,1.018,-161.005,55.033,31871.237,0.29,0.294,-0.013,4.0,13,20210330T000000_13
2021-03-30T14:13:27.051,2.295,-161.008,54.922,61000.0,0.415,0.14,0.021,10.919,1,20210330T080000_1
2021-03-30T14:13:41.476,2.211,-162.331,55.568,61000.0,0.567,0.235,-0.008,6.262,2,20210330T080000_2
2021-03-30T15:06:54.554,1.871,-162.773,54.902,50079.036,0.84,0.232,-0.019,13.466,3,20210330T080000_3
2021-03-30T15:32:59.385,1.301,-161.379,54.904,40528.444,0.103,0.327,-0.017,6.0,4,20210330T080000_4
2021-03-30T15:33:08.192,1.891,-161.272,54.903,47012.977,0.278,0.215,0.003,9.0,5,20210330T080000_5
2021-03-30T17:28:24.803,1.214,-161.005,55.046,30612.274,0.114,0.426,0.002,5.0,1,20210330T160000_1
2021-03-30T17:28:30.811,1.585,-161.004,55.087,61000.0,0.47,0.31,-0.018,6.0,2,20210330T160000_2
2021-03-30T18:38:53.681,1.862,-162.773,54.902,61000.0,1.004,0.311,0.072,10.734,3,20210330T160000_3
2021-03-30T23:59:48.519,1.01,-162.377,55.322,61000.0,0.708,0.639,-0.212,6.0,1,20210331T000000_1
2021-03-31T01:17:16.126,2.467,-160.998,55.365,61000.0,0.614,0.379,0.065,13.0,2,20210331T000000_2
2021-03-31T01:17:37.438,2.971,-161.255,55.241,61000.0,0.981,0.257,0.079,5.894,4,20210331T000000_4
2021-03-31T01:17:47.258,2.714,-161.707,55.489,29522.179,0.315,0.246,0.01,5.106,3,20210331T000000_3
2021-03-31T06:11:04.282,1.992,-162.773,54.902,26500.163,1.196,0.379,0.101,14.538,5,20210331T000000_5
2021-03-31T06:42:19.573,2.041,-161.321,54.904,61000.0,0.641,0.482,-0.086,16.0,6,20210331T000000_6
2021-03-31T07:44:10.940,0.868,-161.149,55.223,1070.11,0.06,0.137,0.004,4.0,7,20210331T000000_7
2021-04-01T16:25:49.531,1.161,-161.653,55.017,26941.887,0.234,0.326,0.003,6.0,1,20210401T160000_1
2021-04-01T16:26:06.484,1.268,-161.725,55.031,20542.622,0.292,0.297,-0.002,6.0,2,20210401T160000_2
2021-04-01T16:58:13.820,1.731,-161.002,55.157,61000.0,0.556,0.489,-0.041,6.0,3,20210401T160000_3
2021-04-01T18:17:28.560,1.189,-161.107,54.902,1042.126,0.08,0.288,0.004,4.0,4,20210401T160000_4
2021-04-02T00:36:06.618,2.249,-161.116,55.129,61000.0,0.313,0.237,0.028,19.877,1,20210402T000000_1
2021-04-02T04:26:07.995,1.622,-161.377,54.904,61000.0,0.632,0.39,-0.046,9.858,2,20210402T000000_2
2021-04-02T04:45:42.226,2.099,-161.383,54.904,61000.0,0.72,0.28,0.029,12.604,3,20210402T000000_3
2021-04-02T04:45:51.966,1.909,-161.504,54.904,29596.47,0.407,0.232,-0.038,7.396,4,20210402T000000_4
2021-04-02T05:07:14.338,0.848,-161.947,55.456,29948.926,0.116,0.571,0.011,4.0,5,20210402T000000_5
2021-04-02T05:22:01.604,1.53,-162.768,54.902,61000.0,0.623,0.422,-0.101,3.825,6,20210402T000000_6
2021-04-02T06:02:17.001,1.394,-161.007,54.931,54552.7,0.443,0.36,-0.002,4.971,7,20210402T000000_7
2021-04-02T07:24:36.639,0.852,-161.976,55.603,0.0,0.067,0.585,0.015,4.0,8,20210402T000000_8
2021-04-02T09:17:46.084,1.57,-161.903,54.905,61000.0,0.676,0.037,-0.001,5.0,1,20210402T080000_1
2021-04-02T11:51:31.178,1.224,-162.773,54.902,21095.381,0.917,0.282,0.038,6.994,2,20210402T080000_2
2021-04-02T12:12:29.082,0.183,-161.471,55.504,889.892,0.695,0.474,0.073,6.0,3,20210402T080000_3
2021-04-02T12:51:51.665,0.776,-162.773,54.902,11605.011,0.493,0.189,-0.021,4.0,4,20210402T080000_4
2021-04-02T15:04:31.436,1.15,-161.006,54.993,1641.956,0.103,0.342,0.006,5.0,5,20210402T080000_5
2021-04-02T15:04:41.174,1.31,-161.007,54.947,24085.676,0.764,0.325,0.027,5.0,6,20210402T080000_6
2021-04-02T15:27:53.732,1.555,-162.773,54.902,61000.0,0.684,0.258,-0.082,5.42,7,20210402T080000_7
2021-04-02T15:28:08.924,1.096,-162.478,54.903,943.253,0.434,0.189,-0.034,3.58,8,20210402T080000_8
2021-04-02T19:13:43.386,0.397,-161.556,55.258,19.706,0.078,0.401,0.003,4.0,1,20210402T160000_1
2021-04-02T19:13:44.075,1.175,-161.007,54.952,32314.154,0.768,0.241,-0.016,4.0,2,20210402T160000_2
2021-04-02T23:59:49.163,1.292,-162.121,55.334,61000.0,0.173,0.48,-0.009,4.0,1,20210403T000000_1
2021-04-03T02:54:50.722,0.127,-161.604,55.163,0.0,0.469,0.396,0.042,4.0,2,20210403T000000_2
2021-04-03T02:57:25.272,2.263,-161.433,54.904,51500.798,0.389,0.209,0.039,11.0,3,20210403T000000_3
2021-04-03T02:57:35.853,2.691,-161.495,54.904,61000.0,0.894,0.239,-0.066,10.711,4,20210403T000000_4
2021-04-03T03:39:58.871,0.785,-161.383,55.265,33039.164,0.49,0.369,-0.005,5.0,5,20210403T000000_5
2021-04-03T05:46:39.144,1.782,-161.451,54.904,43557.801,0.38,0.209,0.025,11.0,6,20210403T000000_6
2021-04-03T05:46:50.678,2.283,-161.534,54.904,50305.181,0.726,0.213,-0.04,10.0,7,20210403T000000_7
2021-04-03T05:56:17.295,1.966,-161.364,54.904,45742.109,0.364,0.208,0.027,11.0,8,20210403T000000_8
2021-04-03T05:56:28.000,2.255,-161.414,54.904,49060.809,0.738,0.228,-0.036,11.0,9,20210403T000000_9
2021-04-03T06:10:21.182,1.389,-162.5,54.997,61000.0,0.591,0.49,-0.081,5.48,10,20210403T000000_10
2021-04-03T06:34:51.654,0.028,-161.816,55.49,0.0,0.078,0.447,0.01,4.0,11,20210403T000000_11
2021-04-03T07:33:10.500,1.313,-161.345,54.904,55035.469,0.538,0.319,0.056,5.914,12,20210403T000000_12
2021-04-03T07:44:46.820,1.956,-162.773,54.902,61000.0,1.274,0.34,0.905,19.0,13,20210403T000000_13
2021-04-03T07:59:48.557,1.088,-161.996,55.179,61000.0,0.256,0.576,0.034,5.0,1,20210403T080000_1
2021-04-03T09:15:36.485,0.085,-161.986,55.345,10302.838,0.532,0.359,-0.052,10.0,2,20210403T080000_2
2021-04-03T10:17:21.311,0.524,-161.464,55.219,164.412,0.053,0.404,0.005,5.0,3,20210403T080000_3
2021-04-03T10:17:43.959,-0.989,-161.823,55.364,0.0,0.24,0.651,0.004,4.0,4,20210403T080000_4
2021-04-03T11:56:57.549,1.026,-161.374,54.904,34898.782,0.152,0.494,0.004,4.0,5,20210403T080000_5
2021-04-03T12:42:23.097,0.951,-161.908,54.905,12501.464,0.482,0.341,-0.044,8.0,6,20210403T080000_6
2021-04-03T12:42:35.747,1.137,-161.886,54.905,165.423,0.698,0.255,-0.025,10.0,7,20210403T080000_7
2021-04-03T13:09:18.441,0.891,-161.822,55.594,194.002,0.788,0.45,-0.069,3.813,8,20210403T080000_8
2021-04-03T14:58:13.352,1.522,-161.008,54.902,61000.0,0.853,0.386,-0.222,15.0,9,20210403T080000_9
2021-04-03T15:41:46.947,1.229,-161.062,54.902,40417.445,0.204,0.51,-0.017,4.99,10,20210403T080000_10
2021-04-03T16:10:10.350,1.209,-161.008,54.902,61000.0,0.915,0.251,-0.062,5.0,1,20210403T160000_1
2021-04-03T16:54:36.330,1.357,-162.341,54.904,15317.06,0.161,0.389,0.032,9.876,2,20210403T160000_2
2021-04-03T16:54:56.745,1.452,-161.833,54.905,9447.319,0.643,0.284,-0.086,5.851,3,20210403T160000_3
2021-04-03T17:03:25.043,1.327,-161.793,54.905,61000.0,0.909,0.344,-0.151,5.0,4,20210403T160000_4
2021-04-03T18:04:19.765,1.575,-161.031,54.902,39797.457,0.323,0.27,0.016,9.0,5,20210403T160000_5
2021-04-03T18:04:28.684,1.372,-161.19,54.903,54756.314,0.8,0.291,0.011,7.0,6,20210403T160000_6
2021-04-03T18:53:38.753,1.58,-162.113,55.184,61000.0,0.246,0.3,0.01,7.733,7,20210403T160000_7
2021-04-03T19:01:16.299,1.404,-162.773,54.902,56888.835,1.078,0.221,0.031,8.0,8,20210403T160000_8
2021-04-04T02:00:33.007,0.85,-162.001,55.338,155.602,0.605,0.518,0.089,5.0,1,20210404T000000_1
2021-04-04T04:30:48.398,1.837,-161.008,54.904,49205.521,0.233,0.284,0.023,8.0,2,20210404T000000_2
2021-04-04T04:30:51.675,2.043,-161.068,54.902,53963.104,0.423,0.236,-0.011,8.0,3,20210404T000000_3
2021-04-04T04:59:17.203,0.019,-161.869,55.181,0.0,0.118,0.63,0.005,4.0,4,20210404T000000_4
2021-04-04T05:28:34.118,1.579,-162.773,54.902,61000.0,0.982,0.288,-0.097,4.082,5,20210404T000000_5
2021-04-04T06:07:36.080,1.273,-162.477,54.966,21219.622,0.0,0.318,-0.0,3.959,6,20210404T000000_6
2021-04-04T07:15:59.770,0.775,-162.177,54.926,34.586,0.19,0.333,-0.004,5.441,7,20210404T000000_7
2021-04-04T07:16:00.506,1.973,-162.456,55.344,61000.0,0.712,0.521,0.08,3.421,8,20210404T000000_8
2021-04-04T07:41:16.025,0.618,-161.757,55.208,717.175,1.145,0.372,-0.066,5.0,9,20210404T000000_9
2021-04-04T07:41:16.124,1.821,-161.196,54.903,46768.448,0.427,0.294,-0.055,5.727,10,20210404T000000_10
2021-04-04T08:56:40.222,1.088,-161.604,55.065,23428.685,0.317,0.28,0.022,7.0,1,20210404T080000_1
2021-04-04T08:56:47.499,1.757,-161.293,54.903,30987.793,0.477,0.271,0.05,7.927,2,20210404T080000_2
2021-04-04T09:04:19.691,2.467,-161.256,54.903,61000.0,0.484,0.177,0.029,11.0,3,20210404T080000_3
2021-04-04T09:04:32.590,2.623,-161.454,54.904,49727.21,0.609,0.219,0.037,10.0,4,20210404T080000_4
2021-04-04T12:21:48.868,1.467,-161.392,54.904,49166.464,0.267,0.267,0.036,6.0,5,20210404T080000_5
2021-04-04T12:22:00.452,1.703,-161.239,54.903,34139.208,0.286,0.268,-0.04,7.0,6,20210404T080000_6
2021-04-04T12:39:45.585,1.545,-162.065,55.542,48742.276,0.459,0.37,-0.013,11.0,7,20210404T080000_7
2021-04-04T12:39:54.823,2.194,-162.214,55.556,61000.0,0.908,0.365,-0.138,8.282,8,20210404T080000_8
2021-04-04T12:47:05.404,1.507,-162.773,54.94,0.0,0.67,0.377,0.085,7.0,9,20210404T080000_9
2021-04-04T12:47:18.853,1.599,-162.757,54.902,6490.859,0.528,0.253,-0.015,4.938,10,20210404T080000_10
2021-04-04T14:44:30.230,1.205,-161.38,55.354,36983.347,0.404,0.512,0.077,9.0,11,20210404T080000_11
2021-04-04T14:45:00.879,0.968,-161.967,55.366,0.0,0.381,0.476,0.01,4.956,12,20210404T080000_12
2021-04-04T15:59:49.092,1.157,-162.149,55.33,61000.0,0.216,0.646,-0.072,5.0,1,20210404T160000_1
2021-04-04T16:25:22.957,1.394,-161.171,54.903,61000.0,0.746,0.479,-0.205,6.0,2,20210404T160000_2
2021-04-04T16:51:05.189,0.614,-162.338,54.992,0.0,0.212,0.689,-0.028,6.0,3,20210404T160000_3
2021-04-04T16:51:09.948,1.181,-162.602,54.903,0.0,0.856,0.388,-0.175,7.0,4,20210404T160000_4
2021-04-04T17:43:31.275,1.534,-161.604,54.905,61000.0,0.496,0.343,-0.03,8.935,5,20210404T160000_5
2021-04-04T18:22:11.013,2.006,-162.773,54.902,59067.329,0.952,0.361,0.092,13.823,6,20210404T160000_6
2021-04-04T18:22:23.142,1.589,-162.773,54.942,0.0,0.637,0.465,-0.174,4.177,7,20210404T160000_7
2021-04-04T19:45:02.201,1.388,-161.312,54.904,31831.65,0.162,0.443,-0.019,6.0,8,20210404T160000_8
2021-04-04T19:45:28.449,0.456,-161.796,55.152,6366.511,0.32,0.415,0.001,6.0,9,20210404T160000_9
2021-04-04T21:17:26.669,0.243,-161.552,55.235,47.406,0.04,0.579,0.005,4.0,10,20210404T160000_10
2021-04-04T21:47:58.892,1.765,-161.006,55.014,49597.668,0.201,0.245,-0.007,10.0,11,20210404T160000_11
2021-04-04T21:48:04.425,2.125,-161.005,55.04,57502.368,0.558,0.229,-0.01,11.0,12,20210404T160000_12
2021-04-04T22:23:58.799,1.851,-161.363,54.904,61000.0,0.758,0.244,-0.04,11.085,13,20210404T160000_13
2021-04-04T22:24:08.773,1.692,-161.539,54.904,32308.081,0.531,0.259,-0.062,7.915,14,20210404T160000_14
2021-04-04T22:55:25.623,1.751,-162.024,54.905,61000.0,0.952,0.413,-0.022,17.0,15,20210404T160000_15
2021-04-04T23:59:49.438,0.791,-162.069,55.289,61000.0,0.429,0.822,-0.126,7.0,1,20210405T000000_1
2021-04-05T00:16:02.929,0.914,-161.001,55.217,38488.807,0.15,0.506,0.001,4.0,2,20210405T000000_2
2021-04-05T02:02:21.352,1.232,-162.254,54.904,13544.5,0.382,0.474,-0.038,10.589,3,20210405T000000_3
2021-04-05T02:02:21.600,1.894,-161.173,54.903,5734.891,0.502,0.266,0.021,4.249,4,20210405T000000_4
2021-04-05T06:59:26.099,1.24,-161.249,54.903,44659.402,0.247,0.374,0.013,5.0,5,20210405T000000_5
2021-04-05T20:51:34.493,1.32,-162.773,54.902,61000.0,1.074,0.238,-0.035,6.24,1,20210405T160000_1
2021-04-05T20:54:23.487,1.651,-162.647,54.903,7200.415,0.287,0.254,-0.005,11.0,2,20210405T160000_2
2021-04-05T20:54:32.284,1.832,-162.567,54.903,0.0,0.694,0.358,-0.121,12.0,3,20210405T160000_3
2021-04-05T21:21:45.925,1.06,-161.595,54.905,29781.169,0.459,0.368,-0.068,11.0,4,20210405T160000_4
2021-04-05T21:22:05.035,0.531,-162.245,55.23,16007.984,0.089,0.302,-0.01,3.849,5,20210405T160000_5
2021-04-05T21:32:26.440,1.352,-161.724,54.905,58855.253,0.518,0.318,-0.069,4.739,6,20210405T160000_6
2021-04-05T21:45:51.593,0.702,-161.437,54.904,2059.638,0.248,0.305,-0.003,5.0,7,20210405T160000_7
2021-04-05T21:46:13.439,-0.095,-161.801,55.326,14852.51,0.055,0.297,-0.008,4.848,8,20210405T160000_8
2021-04-05T21:53:00.363,0.81,-161.006,54.979,14572.495,0.093,0.218,-0.005,4.0,9,20210405T160000_9
2021-04-05T22:30:18.129,1.436,-162.773,54.902,61000.0,1.016,0.272,-0.268,6.0,10,20210405T160000_10
2021-04-05T23:06:12.651,0.791,-161.682,55.421,32811.217,0.506,0.442,-0.007,7.7,11,20210405T160000_11
2021-04-05T23:15:28.118,0.895,-161.591,54.905,18491.517,0.362,0.343,-0.023,8.0,12,20210405T160000_12
2021-04-05T23:15:36.140,1.11,-161.603,54.905,24657.522,0.319,0.262,0.024,7.0,13,20210405T160000_13
2021-04-05T23:38:34.535,0.993,-161.44,54.904,25230.107,0.249,0.311,0.01,5.993,14,20210405T160000_14
2021-04-05T23:59:52.085,0.703,-162.474,55.558,5323.217,0.231,0.547,-0.059,4.0,1,20210406T000000_1
2021-04-06T02:26:47.343,1.64,-162.773,54.902,61000.0,1.093,0.359,-0.123,19.0,2,20210406T000000_2
2021-04-06T02:29:11.892,1.668,-162.663,54.902,61000.0,0.662,0.306,0.058,12.152,3,20210406T000000_3
2021-04-06T03:09:02.291,1.271,-161.895,54.905,61000.0,1.105,0.019,0.014,6.0,4,20210406T000000_4
2021-04-06T05:48:30.535,0.971,-161.057,54.902,33224.911,0.154,0.384,-0.005,4.0,5,20210406T000000_5
2021-04-06T05:51:59.829,1.168,-161.543,55.573,0.0,0.335,0.316,0.016,16.0,6,20210406T000000_6
2021-04-06T06:40:27.254,1.204,-161.008,54.919,33413.399,0.118,0.433,0.006,5.989,7,20210406T000000_7
2021-04-06T06:42:44.213,1.397,-161.005,55.049,43787.801,0.334,0.31,0.021,8.96,8,20210406T000000_8
2021-04-06T06:42:53.147,1.539,-161.004,55.094,44199.242,0.465,0.254,0.003,8.939,9,20210406T000000_9
2021-04-06T08:43:56.010,1.608,-162.773,54.904,58217.105,0.037,0.211,-0.0,5.0,1,20210406T080000_1
2021-04-06T09:04:30.155,1.263,-162.672,54.902,33589.896,0.504,0.332,-0.018,8.0,2,20210406T080000_2
2021-04-06T10:53:44.197,1.421,-161.335,54.904,39203.275,0.259,0.186,-0.001,8.0,3,20210406T080000_3
2021-04-06T10:54:05.269,1.069,-161.506,55.132,22957.56,0.259,0.308,0.048,4.849,4,20210406T080000_4
2021-04-06T12:00:16.923,0.419,-161.844,55.335,26145.594,0.0,0.418,0.0,4.0,5,20210406T080000_5
2021-04-06T12:22:27.716,1.311,-161.432,54.904,33070.832,0.193,0.261,0.027,7.0,6,20210406T080000_6
2021-04-06T12:22:42.110,1.415,-161.587,54.905,32334.651,0.423,0.147,-0.025,7.0,7,20210406T080000_7
2021-04-06T13:04:58.699,1.312,-161.105,54.902,2804.188,0.249,0.335,0.053,6.0,8,20210406T080000_8
2021-04-06T13:05:08.457,1.632,-161.234,54.903,38893.378,0.753,0.313,-0.103,8.0,9,20210406T080000_9
2021-04-06T13:12:32.523,1.188,-161.257,54.903,47414.058,0.186,0.392,-0.032,4.666,10,20210406T080000_10
2021-04-06T13:12:59.680,0.113,-162.314,55.233,0.0,0.347,0.112,-0.023,4.0,11,20210406T080000_11
2021-04-06T13:25:03.920,1.218,-161.219,54.903,38468.961,0.175,0.366,0.021,4.925,12,20210406T080000_12
2021-04-06T13:25:29.737,0.332,-162.373,55.238,0.0,0.769,0.128,-0.046,4.0,13,20210406T080000_13
2021-04-06T16:08:30.334,1.155,-161.393,55.319,18793.095,0.216,0.336,0.038,6.0,1,20210406T160000_1
2021-04-06T16:08:58.203,1.088,-161.815,55.217,0.0,0.941,0.311,-0.039,6.542,2,20210406T160000_2
2021-04-06T17:03:35.151,1.638,-162.45,55.301,61000.0,0.357,0.34,0.002,7.997,3,20210406T160000_3
2021-04-06T17:23:28.619,1.531,-161.232,54.903,43491.564,0.24,0.274,-0.008,7.0,4,20210406T160000_4
2021-04-06T17:23:57.287,0.396,-162.192,55.281,0.0,0.929,0.269,-0.135,6.0,5,20210406T160000_5
2021-04-06T17:54:11.692,1.618,-161.181,54.903,52924.01,0.178,0.226,-0.007,6.985,6,20210406T160000_6
2021-04-06T17:54:38.974,0.902,-162.118,55.235,24120.596,0.0,0.133,-0.0,4.0,7,20210406T160000_7
2021-04-06T20:05:29.709,1.147,-162.773,54.902,45143.279,0.675,0.263,0.035,5.0,8,20210406T160000_8
2021-04-06T20:22:05.885,1.432,-161.005,55.025,2630.37,0.639,0.397,0.116,5.0,9,20210406T160000_9
2021-04-06T20:22:17.594,1.811,-160.999,55.597,61000.0,0.253,0.365,0.01,4.952,10,20210406T160000_10
2021-04-06T20:30:24.808,2.524,-161.077,54.902,56058.538,0.309,0.251,0.031,11.0,11,20210406T160000_11
2021-04-06T20:30:36.349,2.605,-161.226,54.903,46942.386,0.529,0.222,0.008,11.0,12,20210406T160000_12
2021-04-06T22:55:43.842,1.482,-162.773,54.902,61000.0,0.767,0.309,-0.12,7.0,13,20210406T160000_13
2021-04-06T23:59:48.880,1.067,-162.223,55.242,61000.0,0.596,0.633,-0.122,8.0,1,20210407T000000_1
2021-04-07T00:08:16.894,0.805,-161.274,54.988,847.551,0.122,0.293,0.008,5.0,2,20210407T000000_2
2021-04-07T00:19:20.127,1.859,-161.251,54.903,40882.519,0.319,0.173,0.0,9.891,3,20210407T000000_3
2021-04-07T00:19:35.518,1.965,-161.002,55.19,27264.771,0.399,0.248,0.034,7.0,4,20210407T000000_4
2021-04-07T00:23:02.298,1.626,-161.147,55.101,51987.1,0.398,0.341,0.004,9.0,5,20210407T000000_5
2021-04-07T00:23:23.187,1.089,-162.773,55.268,0.0,0.16,0.334,0.009,3.291,6,20210407T000000_6
2021-04-07T00:35:17.818,1.069,-161.004,55.068,0.0,0.168,0.288,0.031,4.0,7,20210407T000000_7
2021-04-07T01:03:23.185,1.666,-160.988,55.78,61000.0,0.387,0.346,0.046,5.0,8,20210407T000000_8
2021-04-07T03:03:00.524,0.42,-161.616,55.245,17861.543,0.526,0.484,-0.234,8.0,9,20210407T000000_9
2021-04-07T03:37:38.635,2.313,-161.444,54.904,52144.098,0.418,0.253,0.022,11.0,10,20210407T000000_10
2021-04-07T03:37:49.169,2.607,-161.511,54.904,61000.0,0.835,0.173,-0.055,10.0,11,20210407T000000_11
2021-04-07T05:21:18.064,1.389,-162.775,55.004,42400.578,0.289,0.268,0.046,7.999,12,20210407T000000_12
2021-04-07T05:23:22.341,1.701,-162.475,55.048,61000.0,0.24,0.183,0.014,6.0,13,20210407T000000_13
2021-04-07T06:10:41.629,1.214,-161.006,54.989,50497.379,0.43,0.337,0.047,11.0,14,20210407T000000_14
2021-04-07T06:28:26.429,0.807,-161.444,55.528,492.414,0.36,0.316,0.031,13.0,15,20210407T000000_15
2021-04-07T06:36:56.110,1.294,-161.082,55.259,61000.0,0.009,0.527,0.0,4.0,16,20210407T000000_16
2021-04-07T07:59:49.097,1.37,-162.166,55.332,61000.0,0.259,0.476,-0.019,7.0,1,20210407T080000_1
2021-04-07T08:43:31.289,0.296,-161.619,55.605,0.0,0.343,0.416,-0.06,9.0,2,20210407T080000_2
2021-04-07T11:28:48.700,1.216,-161.255,54.903,40546.428,0.265,0.257,-0.005,8.898,3,20210407T080000_3
2021-04-07T12:19:08.700,1.027,-161.736,54.905,17033.202,0.419,0.332,-0.012,9.0,4,20210407T080000_4
2021-04-07T12:19:15.729,1.304,-161.717,54.905,15666.181,0.61,0.18,-0.015,9.0,5,20210407T080000_5
2021-04-07T13:36:01.266,1.613,-160.998,55.333,54423.955,0.519,0.293,0.003,10.693,6,20210407T080000_6
2021-04-07T13:36:37.908,1.659,-161.076,55.18,0.0,0.56,0.244,0.023,6.0,7,20210407T080000_7
2021-04-07T14:31:22.956,1.163,-161.639,54.905,61000.0,0.836,0.329,-0.114,12.0,8,20210407T080000_8
2021-04-07T15:04:09.455,0.826,-162.499,54.903,52238.146,0.088,0.324,0.005,4.0,9,20210407T080000_9
2021-04-07T15:59:42.804,1.605,-161.006,54.996,61000.0,0.142,0.433,0.024,4.0,1,20210407T160000_1
2021-04-07T19:33:06.464,1.522,-162.567,55.022,2688.812,0.771,0.343,0.162,11.0,2,20210407T160000_2
2021-04-07T19:54:12.473,1.278,-161.12,54.902,9540.709,0.069,0.268,-0.0,4.0,3,20210407T160000_3
2021-04-07T19:54:37.591,0.862,-161.678,55.111,5784.578,0.609,0.378,0.028,7.0,4,20210407T160000_4
2021-04-07T21:34:01.610,1.489,-161.264,54.903,61000.0,0.829,0.362,-0.154,5.519,5,20210407T160000_5
2021-04-07T21:34:26.446,0.371,-162.029,55.144,0.0,0.384,0.193,0.01,4.705,6,20210407T160000_6
2021-04-07T23:59:12.760,0.874,-161.505,55.096,0.0,0.158,0.369,-0.032,4.994,7,20210407T160000_7
2021-04-07T23:59:49.123,1.538,-162.058,55.313,61000.0,0.019,0.337,-0.004,4.0,1,20210408T000000_1
2021-04-08T00:08:06.837,1.698,-162.204,55.018,52154.681,0.007,0.112,0.0,4.0,2,20210408T000000_2
2021-04-08T06:13:29.041,2.783,-161.204,54.903,52271.897,0.293,0.243,0.031,9.989,3,20210408T000000_3
2021-04-08T06:13:37.960,2.844,-161.236,54.903,55006.346,0.362,0.166,0.019,8.988,4,20210408T000000_4
2021-04-08T06:34:03.960,1.9,-161.455,54.904,35059.761,0.14,0.25,0.003,4.984,5,20210408T000000_5
2021-04-08T06:34:17.429,1.89,-162.79,55.682,851.17,0.703,0.188,0.031,5.097,7,20210408T000000_7
2021-04-08T06:34:29.514,0.88,-161.921,55.164,4495.333,0.157,0.382,0.024,5.903,6,20210408T000000_6
2021-04-08T07:03:23.794,2.143,-161.16,54.903,51357.048,0.265,0.233,0.01,9.0,8,20210408T000000_8
2021-04-08T07:03:36.136,2.334,-161.289,54.903,45533.719,0.746,0.179,-0.034,7.0,9,20210408T000000_9
2021-04-08T07:58:25.843,0.966,-161.264,55.634,1472.292,0.583,0.084,0.011,3.994,10,20210408T000000_10
2021-04-08T08:22:48.182,1.183,-161.23,55.269,1086.42,0.283,0.377,0.004,4.698,1,20210408T080000_1
2021-04-08T08:25:54.086,1.634,-161.342,54.904,20633.018,0.316,0.351,-0.0,7.903,2,20210408T080000_2
2021-04-08T08:26:23.310,0.224,-161.721,55.356,25.4,0.165,0.508,0.021,4.0,3,20210408T080000_3
2021-04-08T10:34:48.507,1.123,-161.363,55.236,1003.297,0.181,0.411,0.01,4.823,4,20210408T080000_4
2021-04-08T12:52:33.300,2.113,-162.773,54.902,61000.0,0.627,0.099,0.018,4.955,5,20210408T080000_5
2021-04-08T12:52:37.973,1.676,-162.274,54.904,58446.906,0.073,0.325,-0.012,4.029,6,20210408T080000_6
2021-04-08T12:52:59.994,0.751,-162.205,55.17,0.0,0.291,0.307,-0.019,3.813,7,20210408T080000_7
2021-04-08T17:12:32.254,1.967,-160.995,55.484,40778.571,0.089,0.278,0.007,3.607,1,20210408T160000_1
2021-04-08T17:12:36.131,2.241,-161.931,55.44,61000.0,0.114,0.25,-0.011,5.393,2,20210408T160000_2
2021-04-08T21:11:47.057,2.38,-161.004,55.068,61000.0,0.343,0.208,-0.016,10.861,4,20210408T160000_4
2021-04-08T21:11:48.027,2.137,-161.047,55.429,61000.0,0.143,0.378,-0.015,6.194,3,20210408T160000_3
2021-04-08T23:59:18.812,1.958,-161.204,54.903,35758.929,0.193,0.27,0.003,8.0,5,20210408T160000_5
2021-04-08T23:59:50.851,1.624,-162.276,55.427,45905.706,0.329,0.361,-0.044,7.774,1,20210409T000000_1
2021-04-09T02:57:42.412,1.479,-162.767,54.902,61000.0,1.072,0.306,0.139,8.787,2,20210409T000000_2
2021-04-09T05:37:10.341,-0.276,-161.967,55.285,0.0,0.418,0.219,0.019,4.0,3,20210409T000000_3
2021-04-09T05:44:06.858,-0.11,-161.911,55.335,0.041,1.061,1.324,0.148,4.0,4,20210409T000000_4
2021-04-09T07:09:07.777,2.24,-161.872,54.905,61000.0,0.867,0.243,-0.058,15.139,5,20210409T000000_5
2021-04-09T07:09:15.742,1.813,-161.694,54.905,22583.619,0.398,0.227,-0.039,4.861,6,20210409T000000_6
2021-04-09T07:48:30.604,0.053,-161.895,55.29,0.0,0.943,0.616,0.273,4.0,7,20210409T000000_7
2021-04-09T07:59:48.452,1.516,-162.773,54.902,61000.0,1.032,0.227,0.065,4.869,1,20210409T080000_1
2021-04-09T09:12:12.236,-0.343,-162.053,55.675,0.0,0.173,0.23,0.005,4.0,2,20210409T080000_2
2021-04-09T10:49:44.509,0.935,-161.905,54.905,17263.942,0.379,0.333,-0.047,6.826,3,20210409T080000_3
2021-04-09T10:49:58.789,1.643,-161.558,54.904,49740.432,0.386,0.315,-0.049,5.003,4,20210409T080000_4
2021-04-09T10:54:43.284,1.241,-162.504,54.903,61000.0,0.737,0.314,0.008,7.0,5,20210409T080000_5
2021-04-09T10:55:07.454,0.737,-162.021,54.905,0.0,0.565,0.137,0.007,5.0,6,20210409T080000_6
2021-04-09T12:25:30.212,2.342,-162.434,54.904,61000.0,1.042,0.362,0.007,21.0,7,20210409T080000_7
2021-04-09T12:48:10.946,0.683,-162.306,54.904,3786.023,0.13,0.419,-0.003,5.0,8,20210409T080000_8
2021-04-09T12:48:27.994,0.708,-162.314,54.904,0.0,0.701,0.511,0.057,5.0,9,20210409T080000_9
2021-04-09T13:04:54.468,1.734,-161.101,54.902,49308.97,0.319,0.219,-0.009,9.0,10,20210409T080000_10
2021-04-09T13:05:01.538,2.042,-161.095,54.902,59981.477,0.599,0.237,-0.018,9.0,11,20210409T080000_11
2021-04-09T15:14:09.428,1.765,-161.235,54.903,48095.064,0.243,0.168,-0.002,8.97,12,20210409T080000_12
2021-04-09T15:14:32.176,1.24,-161.275,55.278,13385.374,0.217,0.314,0.012,6.0,13,20210409T080000_13
2021-04-09T17:31:26.605,1.426,-162.773,54.902,44032.009,0.943,0.236,-0.069,10.0,1,20210409T160000_1
2021-04-09T17:37:12.341,1.477,-160.994,55.526,61000.0,0.963,0.468,-0.178,14.0,2,20210409T160000_2
2021-04-09T18:15:23.933,0.831,-161.41,55.163,4550.724,0.092,0.407,0.02,5.0,3,20210409T160000_3
2021-04-09T18:15:28.369,1.086,-161.008,54.902,10508.324,0.943,0.296,-0.007,4.0,4,20210409T160000_4
2021-04-09T19:25:58.518,1.199,-161.031,54.902,5189.394,0.181,0.414,0.005,5.0,5,20210409T160000_5
2021-04-09T21:15:04.541,1.73,-162.773,54.902,61000.0,1.202,0.258,-0.05,18.0,6,20210409T160000_6
2021-04-09T23:19:52.351,3.012,-161.162,54.903,61000.0,0.356,0.217,0.038,10.0,7,20210409T160000_7
2021-04-09T23:20:02.093,3.108,-161.202,54.903,56745.709,0.785,0.218,0.043,10.0,8,20210409T160000_8
2021-04-10T01:09:11.647,2.026,-161.108,54.902,53318.614,0.206,0.182,-0.009,7.694,1,20210410T000000_1
2021-04-10T01:09:20.239,2.068,-162.485,55.787,61000.0,0.79,0.331,0.084,5.66,2,20210410T000000_2
2021-04-10T03:21:14.028,1.219,-161.357,54.904,29091.684,0.142,0.503,-0.007,3.659,3,20210410T000000_3
2021-04-10T05:02:26.106,1.594,-162.773,54.902,61000.0,0.861,0.262,-0.089,9.0,4,20210410T000000_4
2021-04-10T07:02:00.879,1.896,-162.613,54.903,61000.0,0.802,0.436,-0.242,15.0,5,20210410T000000_5
2021-04-10T07:13:15.252,1.763,-162.358,55.128,61000.0,0.444,0.361,0.016,7.0,6,20210410T000000_6
2021-04-10T09:21:11.012,1.353,-162.773,54.902,61000.0,1.133,0.396,0.117,5.0,1,20210410T080000_1
2021-04-10T09:36:20.740,1.704,-161.008,54.902,61000.0,0.833,0.299,-0.094,10.0,2,20210410T080000_2
2021-04-10T09:41:51.172,2.487,-162.527,55.171,61000.0,0.324,0.31,0.033,8.0,3,20210410T080000_3
2021-04-10T12:37:57.013,1.88,-161.687,54.905,61000.0,0.834,0.382,-0.123,16.0,4,20210410T080000_4
2021-04-10T12:56:43.834,2.255,-162.773,54.902,61000.0,0.612,0.489,-0.154,13.088,5,20210410T080000_5
2021-04-10T13:26:00.544,1.537,-161.005,55.035,21879.684,0.47,0.334,0.099,5.0,6,20210410T080000_6
2021-04-10T13:26:06.740,2.091,-161.004,55.073,61000.0,0.448,0.397,-0.057,7.0,7,20210410T080000_7
2021-04-10T13:42:21.961,1.103,-161.127,55.135,1098.637,0.077,0.328,0.004,4.0,8,20210410T080000_8
2021-04-10T13:42:27.602,1.472,-161.005,55.048,51095.783,0.421,0.281,-0.015,4.0,9,20210410T080000_9
2021-04-10T14:10:08.788,1.149,-161.001,55.199,1475.758,0.367,0.705,0.032,3.365,10,20210410T080000_10
2021-04-10T16:54:02.301,1.978,-162.773,54.902,61000.0,0.75,0.363,-0.121,13.0,1,20210410T160000_1
2021-04-10T18:25:23.861,-1.252,-161.809,55.36,0.0,0.051,0.881,-0.002,4.0,2,20210410T160000_2
2021-04-10T19:21:54.132,1.643,-162.773,54.902,61000.0,1.082,0.313,0.077,6.0,3,20210410T160000_3
2021-04-10T21:17:05.288,0.464,-161.744,55.265,16579.076,0.314,0.502,-0.104,6.0,4,20210410T160000_4
2021-04-10T21:17:36.641,1.993,-162.773,54.922,61000.0,0.802,0.263,-0.171,12.474,6,20210410T160000_6
2021-04-10T21:17:37.090,2.02,-161.533,54.904,61000.0,0.646,0.294,0.022,6.526,5,20210410T160000_5
2021-04-10T22:27:01.355,1.238,-161.751,54.905,33283.968,0.131,0.234,-0.002,4.0,7,20210410T160000_7
2021-04-11T05:00:40.043,1.672,-162.773,54.939,20578.443,0.121,0.29,0.013,7.0,1,20210411T000000_1
2021-04-11T05:00:54.003,1.787,-162.773,54.902,11316.939,0.436,0.269,-0.019,6.0,2,20210411T000000_2
2021-04-11T07:11:03.118,3.121,-161.387,54.904,50617.573,0.585,0.25,0.029,10.915,3,20210411T000000_3
2021-04-11T07:11:25.225,3.217,-161.749,54.905,0.0,0.773,0.188,0.262,6.473,4,20210411T000000_4
2021-04-11T07:18:14.973,-0.33,-161.835,55.382,0.0,0.133,0.594,-0.0,4.0,5,20210411T000000_5
2021-04-11T07:41:29.712,1.863,-160.999,55.311,61000.0,0.476,0.331,0.019,4.985,6,20210411T000000_6
2021-04-11T18:00:38.575,1.263,-161.315,54.904,19501.804,0.192,0.312,-0.003,5.0,1,20210411T160000_1
2021-04-11T18:00:47.538,1.844,-161.279,54.903,39957.645,0.469,0.269,0.009,6.0,2,20210411T160000_2
2021-04-11T21:27:47.074,1.888,-161.379,54.904,42342.221,0.33,0.196,0.02,9.0,3,20210411T160000_3
2021-04-11T21:27:59.128,1.983,-161.272,54.903,33720.734,0.391,0.248,0.035,6.0,4,20210411T160000_4
2021-04-12T00:21:41.113,1.976,-161.658,54.905,61000.0,0.866,0.375,-0.123,17.0,1,20210412T000000_1
2021-04-12T01:11:19.293,1.102,-161.008,54.902,61000.0,0.732,0.096,0.033,4.0,2,20210412T000000_2
2021-04-12T02:18:12.854,2.199,-162.617,54.903,61000.0,0.793,0.416,-0.317,19.0,3,20210412T000000_3
2021-04-12T05:51:51.471,1.264,-162.726,55.282,61000.0,0.817,0.437,0.088,7.655,4,20210412T000000_4
2021-04-12T06:31:00.608,1.7,-161.433,54.904,38241.449,0.269,0.272,0.012,7.841,5,20210412T000000_5
2021-04-12T06:31:18.049,1.619,-161.173,55.02,615.034,0.582,0.303,0.089,4.966,6,20210412T000000_6
2021-04-12T07:03:23.262,0.292,-162.253,54.997,0.0,0.037,0.302,0.001,4.994,7,20210412T000000_7
2021-04-12T11:38:49.414,1.967,-160.996,55.45,61000.0,0.429,0.342,0.009,10.788,1,20210412T080000_1
2021-04-12T11:39:39.466,2.145,-160.992,55.611,0.0,0.71,0.077,0.036,4.0,2,20210412T080000_2
2021-04-12T14:08:29.302,2.095,-162.676,54.902,60721.394,0.641,0.451,-0.187,19.0,3,20210412T080000_3
2021-04-12T15:41:06.854,1.453,-161.9,54.905,61000.0,0.575,0.318,-0.09,13.0,4,20210412T080000_4
2021-04-12T15:47:42.677,1.463,-161.002,55.195,61000.0,0.806,0.444,0.059,12.0,5,20210412T080000_5
2021-04-12T16:40:05.984,1.23,-162.516,54.903,32584.189,0.21,0.36,-0.045,4.0,1,20210412T160000_1
2021-04-12T17:26:44.390,1.175,-162.52,54.903,13971.232,0.453,0.388,-0.117,8.0,2,20210412T160000_2
2021-04-12T17:27:01.961,1.195,-162.455,54.904,0.0,0.639,0.419,-0.051,8.0,3,20210412T160000_3
2021-04-12T18:25:25.873,1.103,-161.002,55.186,14460.396,0.204,0.594,0.01,4.0,4,20210412T160000_4
2021-04-12T18:43:41.460,-0.031,-161.74,55.378,19761.174,0.212,0.446,-0.03,7.0,5,20210412T160000_5
2021-04-12T19:07:02.910,0.098,-161.995,55.325,0.0,0.597,0.27,-0.08,4.0,6,20210412T160000_6
2021-04-12T20:44:46.526,0.56,-161.067,55.261,1320.76,0.248,0.187,0.021,5.0,7,20210412T160000_7
2021-04-12T22:17:16.900,1.535,-162.773,54.902,61000.0,0.86,0.252,-0.079,4.697,8,20210412T160000_8
2021-04-13T01:16:30.849,1.595,-161.058,54.902,30533.909,0.325,0.278,0.021,9.0,1,20210413T000000_1
2021-04-13T01:16:38.954,1.71,-161.089,54.902,48084.754,0.498,0.333,0.019,8.0,2,20210413T000000_2
2021-04-13T01:26:25.629,1.609,-161.229,55.481,61000.0,0.277,0.397,0.067,7.761,3,20210413T000000_3
2021-04-13T01:59:42.884,1.256,-162.773,54.902,61000.0,0.505,0.282,-0.003,6.0,4,20210413T000000_4
2021-04-13T05:39:57.408,0.559,-162.122,55.247,0.0,0.367,0.311,-0.04,7.394,5,20210413T000000_5
2021-04-13T06:28:54.140,1.394,-161.67,54.934,61000.0,0.197,0.343,0.02,9.0,6,20210413T000000_6
2021-04-13T06:53:04.911,1.228,-161.329,55.421,61000.0,0.275,0.432,0.061,5.0,7,20210413T000000_7
2021-04-13T06:53:47.709,1.493,-161.48,55.557,0.0,0.336,0.242,0.043,5.0,8,20210413T000000_8
2021-04-13T07:22:58.948,-0.168,-161.524,55.255,255.694,0.049,0.257,0.003,4.0,9,20210413T000000_9
2021-04-13T07:38:02.444,1.18,-161.081,54.902,1773.683,0.315,0.394,0.0,6.0,10,20210413T000000_10
2021-04-13T07:38:26.419,0.225,-161.907,55.328,11915.115,0.803,0.563,0.04,7.0,11,20210413T000000_11
2021-04-13T08:08:06.931,1.196,-162.773,54.902,45280.654,0.212,0.266,0.013,4.762,1,20210413T080000_1
2021-04-13T09:22:43.250,1.48,-161.148,54.903,49184.408,0.227,0.297,-0.022,5.854,2,20210413T080000_2
2021-04-13T09:23:00.379,1.177,-161.175,55.171,31753.223,0.365,0.373,0.056,5.0,3,20210413T080000_3
2021-04-13T09:28:56.581,1.703,-162.306,55.664,61000.0,0.295,0.092,-0.013,3.891,4,20210413T080000_4
2021-04-13T09:51:56.991,1.516,-161.244,54.903,36780.501,0.402,0.298,0.035,9.0,5,20210413T080000_5
2021-04-13T09:52:05.008,1.783,-161.206,54.903,51809.927,0.643,0.239,0.004,8.0,6,20210413T080000_6
2021-04-13T10:46:17.360,0.926,-161.011,54.902,47759.332,0.042,0.522,-0.009,3.548,7,20210413T080000_7
2021-04-13T12:15:44.215,1.152,-161.816,55.272,51557.101,0.0,0.527,-0.0,4.0,8,20210413T080000_8
2021-04-13T12:44:21.756,1.195,-161.158,54.903,35523.692,0.156,0.469,-0.022,4.965,9,20210413T080000_9
2021-04-13T14:14:56.711,1.055,-161.046,54.902,1317.772,0.076,0.409,-0.002,5.0,10,20210413T080000_10
2021-04-13T14:40:52.066,0.641,-161.808,55.647,32361.531,0.342,0.38,0.033,6.886,11,20210413T080000_11
2021-04-13T15:59:48.367,1.21,-162.349,55.288,61000.0,0.429,0.487,-0.1,6.0,1,20210413T160000_1
2021-04-13T18:50:59.699,1.121,-161.281,54.903,61000.0,0.754,0.434,-0.101,3.247,2,20210413T160000_2
2021-04-13T19:05:26.557,1.493,-161.655,54.905,61000.0,0.803,0.328,-0.107,17.0,3,20210413T160000_3
2021-04-13T19:12:58.854,0.665,-161.746,55.651,577.613,0.508,0.278,0.023,13.0,4,20210413T160000_4
2021-04-13T20:25:07.179,1.565,-161.093,55.492,61000.0,0.497,0.297,0.011,9.0,5,20210413T160000_5
2021-04-13T20:25:34.523,1.326,-160.994,55.517,5855.852,0.118,0.323,0.011,3.622,6,20210413T160000_6
2021-04-13T22:48:04.470,0.098,-161.803,55.386,22944.97,0.508,0.403,-0.114,7.0,7,20210413T160000_7
2021-04-14T00:37:31.712,-0.032,-161.922,55.371,20234.641,0.0,0.369,0.0,4.0,1,20210414T000000_1
2021-04-14T01:31:35.568,0.841,-161.005,55.046,40818.172,0.439,0.259,-0.009,3.296,2,20210414T000000_2
2021-04-14T02:49:57.868,1.411,-161.08,54.902,54344.131,0.292,0.35,0.007,8.9,3,20210414T000000_3
2021-04-14T02:50:07.502,1.611,-161.163,54.903,50030.024,0.262,0.235,-0.012,8.947,4,20210414T000000_4
2021-04-14T04:02:16.369,0.46,-161.583,55.116,11132.693,0.309,0.35,-0.027,6.0,5,20210414T000000_5
2021-04-14T04:02:17.704,1.308,-161.257,54.903,61000.0,0.154,0.298,0.006,4.0,6,20210414T000000_6
2021-04-14T04:20:56.793,1.585,-161.008,54.902,37010.544,0.573,0.268,0.039,7.893,7,20210414T000000_7
2021-04-14T04:21:08.254,1.672,-161.142,54.903,29573.867,0.139,0.264,-0.002,7.0,8,20210414T000000_8
2021-04-14T05:25:15.274,0.1,-162.173,55.271,0.0,0.363,0.277,0.062,4.0,9,20210414T000000_9
2021-04-14T05:57:56.879,1.248,-160.997,55.413,61000.0,0.257,0.448,-0.034,5.0,10,20210414T000000_10
2021-04-14T06:13:39.562,1.426,-161.253,55.285,39346.551,0.626,0.27,0.041,11.0,11,20210414T000000_11
2021-04-14T06:13:53.453,1.997,-161.238,55.368,61000.0,0.807,0.231,-0.044,10.0,12,20210414T000000_12
2021-04-14T06:18:52.491,-0.025,-162.119,55.616,0.0,0.994,0.528,0.348,4.0,13,20210414T000000_13
2021-04-14T07:09:04.545,1.373,-161.001,55.216,61000.0,0.48,0.389,-0.094,4.0,14,20210414T000000_14
2021-04-14T07:29:05.853,0.353,-161.651,55.735,3051.086,0.26,0.568,0.081,4.174,15,20210414T000000_15
2021-04-14T07:29:46.105,1.68,-162.629,55.491,61000.0,0.62,0.373,-0.105,6.0,16,20210414T000000_16
2021-04-14T07:51:57.695,0.569,-161.917,55.662,26345.412,0.18,0.501,-0.022,4.0,17,20210414T000000_17
2021-04-14T07:59:48.010,1.226,-162.291,55.561,61000.0,0.01,0.379,-0.002,4.0,1,20210414T080000_1
2021-04-14T08:00:48.098,-0.153,-161.976,55.33,0.0,0.239,0.314,-0.05,4.0,2,20210414T080000_2
2021-04-14T09:06:41.975,0.348,-162.146,55.542,20025.432,0.66,0.364,0.168,5.0,3,20210414T080000_3
2021-04-14T11:29:11.481,1.414,-162.773,54.902,45986.584,0.6,0.216,0.051,6.0,4,20210414T080000_4
2021-04-14T11:45:34.533,1.36,-161.001,55.234,36519.072,0.366,0.334,0.007,8.0,5,20210414T080000_5
2021-04-14T11:45:38.159,1.833,-161.001,55.199,51740.752,0.697,0.244,0.01,11.0,6,20210414T080000_6
2021-04-14T12:34:19.328,1.651,-161.305,54.903,49558.167,0.477,0.24,0.031,12.0,7,20210414T080000_7
2021-04-14T12:34:30.175,1.873,-161.279,54.903,45251.389,0.654,0.203,-0.075,8.0,8,20210414T080000_8
2021-04-14T15:29:22.503,1.596,-161.006,54.995,31122.934,0.569,0.237,0.026,11.0,9,20210414T080000_9
2021-04-14T15:29:30.324,1.988,-161.004,55.085,61000.0,0.752,0.271,-0.002,11.0,10,20210414T080000_10
2021-04-14T15:33:52.984,1.184,-162.773,54.902,61000.0,0.898,0.331,0.086,5.0,11,20210414T080000_11
2021-04-14T15:49:49.574,1.354,-162.773,54.902,55070.689,0.68,0.346,-0.066,16.0,12,20210414T080000_12
2021-04-14T15:59:49.165,1.074,-162.106,55.467,61000.0,0.271,0.603,-0.078,5.0,1,20210414T160000_1
2021-04-14T16:19:12.657,1.756,-162.773,54.902,61000.0,0.933,0.324,0.046,8.558,2,20210414T160000_2
2021-04-14T16:19:14.022,1.53,-161.63,54.905,61000.0,0.733,0.337,-0.035,6.262,3,20210414T160000_3
2021-04-14T18:14:08.528,0.726,-162.592,54.903,0.0,0.47,0.219,-0.045,5.0,4,20210414T160000_4
2021-04-14T18:14:21.725,0.859,-162.489,54.903,9.652,0.169,0.341,0.015,4.0,5,20210414T160000_5
2021-04-14T18:31:02.800,0.297,-161.901,55.126,25355.669,0.0,0.286,0.0,4.0,6,20210414T160000_6
2021-04-14T20:23:05.967,1.269,-161.028,54.902,40149.073,0.244,0.312,0.013,6.0,7,20210414T160000_7
2021-04-14T20:23:14.012,1.311,-161.049,54.902,49926.479,0.527,0.343,-0.01,5.0,8,20210414T160000_8
2021-04-14T20:54:48.443,1.295,-161.692,54.905,61000.0,0.433,0.301,-0.014,4.752,9,20210414T160000_9
2021-04-14T21:41:54.693,0.483,-161.858,55.123,22263.294,0.071,0.172,0.002,5.0,10,20210414T160000_10
2021-04-14T23:52:41.978,1.336,-161.23,54.903,61000.0,0.926,0.42,-0.254,7.989,11,20210414T160000_11
2021-04-15T01:35:01.010,0.9,-162.254,54.904,0.0,0.559,0.501,0.048,9.53,1,20210415T000000_1
2021-04-15T04:55:00.290,-0.3,-161.952,55.394,0.0,0.02,0.236,-0.002,4.0,2,20210415T000000_2
2021-04-15T07:31:44.730,0.264,-161.586,55.257,303.495,0.443,0.639,0.102,5.0,3,20210415T000000_3
2021-04-15T09:18:21.770,1.52,-161.627,55.345,37616.598,0.793,0.193,0.025,12.0,1,20210415T080000_1
2021-04-15T09:18:54.098,1.315,-161.708,55.226,323.978,0.292,0.421,0.03,4.481,2,20210415T080000_2
2021-04-15T19:27:22.391,1.596,-162.773,54.902,61000.0,0.352,0.37,-0.027,3.834,1,20210415T160000_1
2021-04-15T20:46:42.994,0.457,-161.6,55.279,33422.299,0.386,0.179,0.038,7.0,2,20210415T160000_2
2021-04-15T22:07:24.364,1.609,-162.25,54.904,61000.0,0.491,0.101,-0.084,3.445,3,20210415T160000_3
2021-04-15T22:24:41.075,3.274,-161.008,54.902,61000.0,0.676,0.27,-0.008,22.0,4,20210415T160000_4
2021-04-15T22:26:55.701,1.014,-161.008,54.902,61000.0,0.472,0.164,0.029,5.0,5,20210415T160000_5
2021-04-15T23:32:42.185,1.234,-161.312,54.904,28911.816,0.115,0.354,-0.007,5.0,6,20210415T160000_6
2021-04-15T23:32:52.877,1.088,-161.436,54.904,31112.684,0.608,0.211,-0.031,4.0,7,20210415T160000_7
2021-04-16T00:06:39.464,1.264,-161.115,55.294,61000.0,0.192,0.445,-0.009,4.348,1,20210416T000000_1
2021-04-16T02:36:19.861,1.696,-162.654,54.903,61000.0,0.582,0.219,0.001,7.491,2,20210416T000000_2
2021-04-16T04:28:10.808,1.235,-161.045,54.902,0.0,0.551,0.403,-0.071,4.039,3,20210416T000000_3
2021-04-16T04:28:18.095,1.058,-162.578,54.903,0.0,1.028,0.336,-0.097,4.961,4,20210416T000000_4
2021-04-16T05:13:44.647,0.292,-162.259,55.585,1842.17,0.236,0.332,0.038,5.949,5,20210416T000000_5
2021-04-16T06:08:46.627,2.295,-161.386,54.941,61000.0,0.471,0.317,-0.02,23.0,6,20210416T000000_6
2021-04-16T07:37:08.456,1.191,-162.773,54.902,61000.0,0.66,0.352,0.002,4.409,7,20210416T000000_7
2021-04-16T13:02:47.876,1.508,-161.38,54.967,61000.0,0.276,0.43,-0.076,5.723,1,20210416T080000_1
2021-04-16T13:03:04.819,1.77,-162.444,55.607,36090.314,0.066,0.209,-0.005,5.0,2,20210416T080000_2
2021-04-16T13:03:14.155,0.916,-162.432,55.269,18866.063,0.0,0.213,0.0,3.94,3,20210416T080000_3
2021-04-16T14:18:58.075,1.403,-162.773,54.902,61000.0,0.463,0.017,0.003,3.577,4,20210416T080000_4
2021-04-16T14:58:53.165,1.149,-162.469,54.911,61000.0,0.04,0.237,-0.002,3.474,5,20210416T080000_5
2021-04-16T15:59:47.438,1.281,-162.648,55.474,61000.0,0.108,0.399,-0.005,4.35,1,20210416T160000_1
2021-04-16T16:51:23.237,0.938,-162.083,55.297,15064.283,0.865,0.447,-0.066,9.0,2,20210416T160000_2
2021-04-16T18:38:21.982,1.778,-161.27,54.903,50334.642,0.239,0.046,0.003,3.62,3,20210416T160000_3
2021-04-16T19:12:17.130,0.896,-161.586,55.727,1853.913,0.07,0.49,0.017,4.0,4,20210416T160000_4
2021-04-16T19:45:39.928,1.052,-161.65,55.018,51725.04,0.0,0.202,-0.0,4.0,5,20210416T160000_5
2021-04-16T19:46:03.787,0.627,-162.062,55.228,21352.498,0.445,0.18,0.013,5.0,6,20210416T160000_6
2021-04-16T20:51:00.782,0.426,-162.194,54.905,2208.978,0.34,0.354,0.02,3.443,7,20210416T160000_7
2021-04-16T20:51:12.594,0.98,-162.058,54.905,0.0,0.489,0.186,-0.054,5.0,8,20210416T160000_8
2021-04-16T21:06:59.092,-0.339,-161.92,55.406,0.0,0.195,0.307,0.026,3.672,9,20210416T160000_9
2021-04-16T23:59:49.017,1.006,-162.2,55.225,61000.0,0.209,0.529,-0.016,6.0,1,20210417T000000_1
2021-04-17T00:33:30.749,1.659,-161.037,54.902,61000.0,0.703,0.321,0.012,14.964,2,20210417T000000_2
2021-04-17T01:13:18.652,1.817,-161.236,55.013,61000.0,0.479,0.229,-0.009,22.0,3,20210417T000000_3
2021-04-17T01:26:24.545,2.013,-161.007,54.933,61000.0,1.063,0.277,0.164,22.0,4,20210417T000000_4
2021-04-17T01:36:24.489,-0.812,-161.799,55.331,0.0,0.235,0.563,0.018,5.0,5,20210417T000000_5
2021-04-17T02:20:12.447,0.669,-161.715,55.827,2848.858,0.372,0.323,0.062,9.0,6,20210417T000000_6
2021-04-17T02:23:41.959,1.247,-161.135,54.903,36336.523,0.212,0.346,0.006,4.997,7,20210417T000000_7
2021-04-17T04:09:52.484,1.325,-162.773,54.902,61000.0,0.51,0.251,0.066,7.779,8,20210417T000000_8
2021-04-17T04:19:22.565,0.39,-161.718,55.265,19755.499,0.579,0.423,-0.044,6.0,9,20210417T000000_9
2021-04-17T04:19:49.544,0.423,-161.685,55.277,0.0,0.432,0.569,0.098,5.0,10,20210417T000000_10
2021-04-17T04:24:05.826,0.92,-162.091,54.905,13453.993,0.234,0.32,-0.038,4.0,11,20210417T000000_11
2021-04-17T04:24:17.503,1.796,-162.638,54.903,50217.66,1.096,0.323,-0.09,15.0,12,20210417T000000_12
2021-04-17T05:28:30.460,0.158,-162.061,55.26,0.0,0.46,0.253,-0.038,4.0,13,20210417T000000_13
2021-04-17T05:53:44.701,1.33,-162.215,54.904,61000.0,0.876,0.286,-0.05,8.022,14,20210417T000000_14
2021-04-17T06:49:57.349,0.134,-161.609,55.374,0.0,0.403,0.487,-0.034,6.754,15,20210417T000000_15
2021-04-17T07:53:26.018,1.759,-161.315,54.904,58522.293,0.523,0.15,0.032,10.889,16,20210417T000000_16
2021-04-17T07:53:41.092,1.866,-161.37,54.904,31105.308,0.509,0.187,-0.023,8.0,17,20210417T000000_17
2021-04-17T07:58:19.972,1.941,-161.389,54.904,55078.863,0.561,0.186,0.019,11.0,18,20210417T000000_18
2021-04-17T07:58:37.825,1.775,-162.355,54.904,0.0,1.115,0.962,0.566,5.0,19,20210417T000000_19
2021-04-17T07:59:48.582,1.179,-162.265,55.383,61000.0,0.685,0.347,-0.058,7.737,1,20210417T080000_1
2021-04-17T08:02:42.804,1.451,-161.852,54.905,61000.0,0.692,0.243,-0.065,15.986,2,20210417T080000_2
2021-04-17T08:42:19.014,1.068,-162.504,54.903,23994.506,0.222,0.234,0.004,5.0,3,20210417T080000_3
2021-04-17T08:42:39.389,0.579,-162.376,54.979,339.833,0.038,0.746,0.0,4.0,4,20210417T080000_4
2021-04-17T08:42:57.131,2.145,-161.388,54.904,55353.803,0.598,0.201,0.022,10.83,5,20210417T080000_5
2021-04-17T08:43:26.327,1.555,-162.086,55.191,9804.848,0.073,0.305,-0.009,4.817,6,20210417T080000_6
2021-04-17T09:10:44.872,0.095,-162.099,55.27,0.0,0.194,0.409,0.021,5.0,7,20210417T080000_7
2021-04-17T09:27:51.734,1.05,-161.066,54.92,61000.0,0.053,0.451,-0.012,3.762,8,20210417T080000_8
2021-04-17T09:28:25.099,-0.39,-161.69,55.335,0.0,0.309,0.468,0.086,4.0,9,20210417T080000_9
2021-04-17T09:35:44.730,1.29,-161.359,54.904,35464.297,0.38,0.264,0.006,10.0,10,20210417T080000_10
2021-04-17T09:36:00.310,1.081,-161.548,54.904,22486.56,0.832,0.254,0.081,6.0,11,20210417T080000_11
2021-04-17T09:37:45.230,1.662,-161.275,54.903,60901.053,0.589,0.201,0.035,10.0,12,20210417T080000_12
2021-04-17T09:38:02.342,1.461,-161.425,54.904,23590.741,0.36,0.229,0.022,10.0,13,20210417T080000_13
2021-04-17T09:40:00.765,-0.24,-161.664,55.286,728.103,0.0,0.437,-0.0,2.766,14,20210417T080000_14
2021-04-17T09:40:16.211,0.201,-162.289,55.147,0.0,0.477,0.135,-0.021,4.0,15,20210417T080000_15
2021-04-17T09:51:05.160,1.607,-161.399,54.904,51630.517,0.528,0.196,0.038,11.0,16,20210417T080000_16
2021-04-17T09:51:18.070,1.789,-161.421,54.904,41318.732,0.519,0.201,0.017,9.959,17,20210417T080000_17
2021-04-17T09:55:21.789,1.312,-161.39,54.904,4558.176,0.633,0.24,0.038,9.999,18,20210417T080000_18
2021-04-17T09:55:43.496,1.141,-162.039,55.039,0.0,0.288,0.257,0.027,3.92,19,20210417T080000_19
2021-04-17T09:56:19.063,0.487,-161.862,55.345,7566.26,0.39,0.444,-0.013,5.999,20,20210417T080000_20
2021-04-17T11:36:46.329,2.616,-161.233,54.912,39924.995,0.482,0.15,-0.004,11.999,21,20210417T080000_21
2021-04-17T11:37:12.624,2.454,-161.978,55.182,23585.018,0.63,0.251,0.004,7.723,22,20210417T080000_22
2021-04-17T11:50:22.308,0.875,-161.507,54.904,26938.001,0.116,0.325,0.01,3.994,23,20210417T080000_23
2021-04-17T12:17:43.462,1.446,-161.354,55.448,61000.0,0.53,0.224,-0.005,12.739,24,20210417T080000_24
2021-04-17T15:59:46.587,1.098,-162.784,55.424,61000.0,0.47,0.377,0.021,4.762,1,20210417T160000_1
2021-04-17T16:10:17.980,2.106,-161.008,54.902,61000.0,0.661,0.271,-0.017,22.0,2,20210417T160000_2
2021-04-17T16:11:48.119,1.252,-162.773,54.902,58055.171,1.165,0.376,-0.018,11.215,3,20210417T160000_3
2021-04-17T16:53:15.928,1.598,-161.003,55.139,61000.0,0.372,0.368,0.042,10.306,4,20210417T160000_4
2021-04-17T16:53:21.678,1.909,-162.522,55.92,61000.0,0.584,0.248,0.023,6.377,5,20210417T160000_5
2021-04-17T16:53:26.278,1.881,-162.775,55.031,61000.0,1.042,0.12,0.0,4.317,6,20210417T160000_6
2021-04-17T17:39:28.153,0.948,-161.444,54.904,34968.559,0.257,0.295,-0.043,9.0,7,20210417T160000_7
2021-04-17T17:39:54.613,0.209,-161.927,55.174,4359.749,0.574,0.368,0.031,5.891,8,20210417T160000_8
2021-04-17T18:17:02.165,1.107,-162.773,54.902,59001.725,0.978,0.174,-0.052,6.133,9,20210417T160000_9
2021-04-17T18:17:15.054,0.984,-162.642,54.903,3239.65,0.567,0.304,-0.058,3.867,10,20210417T160000_10
2021-04-17T18:50:41.195,0.99,-161.562,54.922,45048.17,0.306,0.275,-0.031,9.0,11,20210417T160000_11
2021-04-17T18:51:07.196,0.49,-161.904,55.152,11036.171,0.807,0.239,-0.117,8.0,12,20210417T160000_12
2021-04-17T20:31:45.146,1.723,-161.068,54.902,59422.49,0.307,0.166,0.018,11.0,13,20210417T160000_13
2021-04-17T20:31:53.973,2.085,-161.132,54.903,55741.172,0.637,0.23,0.007,11.0,14,20210417T160000_14
2021-04-17T22:13:45.204,0.089,-161.929,55.536,14648.345,0.533,0.307,-0.074,6.0,15,20210417T160000_15
2021-04-17T23:04:06.767,1.211,-161.634,54.905,61000.0,0.863,0.279,-0.123,11.998,16,20210417T160000_16
2021-04-17T23:07:17.602,0.676,-161.67,55.432,32297.623,0.373,0.345,0.028,8.809,17,20210417T160000_17
2021-04-17T23:08:01.943,1.107,-161.818,55.632,0.0,0.906,0.503,-0.112,7.95,18,20210417T160000_18
2021-04-18T01:07:50.657,1.159,-161.24,54.903,39289.278,0.403,0.236,0.025,10.0,1,20210418T000000_1
2021-04-18T01:07:57.893,1.275,-161.196,54.903,61000.0,0.513,0.31,0.066,6.0,2,20210418T000000_2
2021-04-18T01:12:14.855,1.707,-161.388,54.904,59067.212,0.487,0.212,0.062,12.0,3,20210418T000000_3
2021-04-18T01:12:32.039,1.76,-161.458,54.904,20133.355,0.627,0.222,0.09,8.0,4,20210418T000000_4
2021-04-18T02:09:01.273,0.623,-162.64,54.903,8715.924,0.619,0.418,-0.1,3.865,5,20210418T000000_5
2021-04-18T02:19:59.467,-0.049,-162.015,55.274,23757.277,0.166,0.35,-0.005,5.0,6,20210418T000000_6
2021-04-18T03:52:39.730,2.228,-161.008,54.902,61000.0,1.157,0.255,0.199,23.0,7,20210418T000000_7
2021-04-18T04:29:38.800,0.404,-161.854,54.905,10778.89,0.212,0.154,0.013,6.0,8,20210418T000000_8
2021-04-18T04:29:52.094,0.542,-161.861,54.905,6428.327,0.359,0.09,0.012,6.0,9,20210418T000000_9
2021-04-18T05:45:18.497,-0.153,-161.561,55.309,0.0,0.48,0.353,-0.028,4.0,10,20210418T000000_10
2021-04-18T07:30:05.574,0.362,-161.86,55.46,27923.217,0.359,0.408,0.146,8.0,11,20210418T000000_11
2021-04-18T07:34:34.266,0.49,-161.767,55.489,29194.981,0.267,0.373,0.058,10.942,12,20210418T000000_12
2021-04-18T07:35:58.449,1.026,-161.86,55.464,31845.808,0.244,0.311,-0.028,9.964,13,20210418T000000_13
2021-04-18T07:37:54.315,-0.343,-162.167,55.12,68.658,0.795,0.349,0.023,4.0,14,20210418T000000_14
2021-04-18T07:38:17.812,0.283,-162.235,54.904,0.0,0.922,0.364,0.052,5.0,15,20210418T000000_15
2021-04-18T07:48:20.282,1.408,-162.773,54.902,61000.0,0.83,0.245,-0.165,22.0,16,20210418T000000_16
2021-04-18T08:30:13.366,0.278,-162.407,55.255,0.0,0.403,0.352,-0.058,3.766,1,20210418T080000_1
2021-04-18T09:38:09.755,2.176,-161.706,54.905,61000.0,0.894,0.316,-0.149,21.0,2,20210418T080000_2
2021-04-18T10:18:34.159,1.148,-161.006,54.974,59817.07,0.12,0.33,0.011,4.0,3,20210418T080000_3
2021-04-18T10:20:57.688,1.523,-161.008,54.902,54233.284,0.27,0.156,-0.002,10.0,4,20210418T080000_4
2021-04-18T10:21:05.933,1.608,-161.007,54.93,54589.106,0.846,0.211,0.021,11.0,5,20210418T080000_5
2021-04-18T11:29:57.732,1.038,-161.008,54.902,61000.0,0.639,0.376,-0.115,8.909,6,20210418T080000_6
2021-04-18T11:38:32.812,0.77,-161.447,54.904,35392.137,0.104,0.176,-0.008,5.0,7,20210418T080000_7
2021-04-18T11:38:59.606,0.191,-161.816,55.105,0.0,0.436,0.52,0.008,4.722,8,20210418T080000_8
2021-04-18T12:05:34.471,2.268,-162.559,54.903,61000.0,0.633,0.586,-0.105,23.0,9,20210418T080000_9
2021-04-18T12:38:05.166,1.3,-161.406,54.904,51253.449,0.335,0.2,-0.001,8.988,10,20210418T080000_10
2021-04-18T12:38:30.913,0.805,-162.116,55.295,24983.721,0.669,0.31,0.08,7.908,11,20210418T080000_11
2021-04-18T13:28:34.625,1.129,-161.004,55.095,47885.722,0.421,0.347,0.004,7.838,12,20210418T080000_12
2021-04-18T13:28:44.254,1.162,-161.001,55.239,61000.0,0.887,0.337,-0.09,9.0,13,20210418T080000_13
2021-04-18T14:24:53.145,1.15,-162.565,55.135,42613.032,0.233,0.43,-0.049,6.0,14,20210418T080000_14
2021-04-18T14:33:41.921,1.164,-161.008,54.907,56809.515,0.194,0.386,-0.03,5.933,15,20210418T080000_15
2021-04-18T14:34:42.198,1.047,-161.008,54.913,41871.207,0.004,0.506,-0.001,4.0,16,20210418T080000_16
2021-04-18T14:42:04.574,0.532,-161.567,55.09,30010.2,0.29,0.424,-0.063,7.0,17,20210418T080000_17
2021-04-18T14:42:26.564,0.025,-162.04,55.247,19166.514,0.0,0.285,0.0,4.0,18,20210418T080000_18
2021-04-18T15:03:58.268,-0.512,-161.751,55.423,3907.992,0.489,0.438,-0.08,6.0,19,20210418T080000_19
2021-04-18T15:03:59.171,1.143,-160.998,55.332,49989.317,0.5,0.316,-0.082,5.0,20,20210418T080000_20
2021-04-18T15:39:10.021,0.756,-161.548,54.904,34497.219,0.083,0.156,-0.005,4.0,21,20210418T080000_21
2021-04-18T15:39:33.719,0.512,-161.911,55.278,0.0,0.287,0.341,0.053,3.724,22,20210418T080000_22
2021-04-18T15:48:56.609,2.173,-161.074,55.036,61000.0,0.191,0.327,0.014,12.619,24,20210418T080000_24
2021-04-18T15:48:56.921,2.019,-160.996,55.454,61000.0,0.425,0.29,-0.046,9.381,23,20210418T080000_23
2021-04-18T15:54:32.808,1.305,-162.152,54.905,56904.076,0.968,0.267,-0.119,14.854,26,20210418T080000_26
2021-04-18T15:54:49.617,0.363,-162.316,55.163,0.0,0.327,0.36,0.047,4.146,25,20210418T080000_25
2021-04-18T15:59:48.840,0.832,-162.207,55.271,61000.0,0.443,0.408,0.052,4.0,1,20210418T160000_1
2021-04-18T17:22:00.351,1.161,-162.773,54.902,52510.498,1.037,0.105,0.041,6.955,2,20210418T160000_2
2021-04-18T17:44:20.203,1.056,-161.553,55.223,19368.7,0.542,0.174,0.031,13.837,3,20210418T160000_3
2021-04-18T17:44:35.827,1.856,-161.0,55.278,30680.908,0.693,0.268,0.076,9.715,4,20210418T160000_4
2021-04-18T19:06:05.664,1.079,-161.652,55.356,43693.453,0.682,0.208,-0.021,13.0,5,20210418T160000_5
2021-04-18T19:06:30.708,1.36,-161.571,55.353,36367.186,0.707,0.216,0.016,7.543,6,20210418T160000_6
2021-04-18T20:42:12.342,1.348,-162.773,54.902,43972.527,0.862,0.208,0.054,4.0,7,20210418T160000_7
2021-04-18T21:01:37.329,1.421,-162.678,55.105,61000.0,0.715,0.535,-0.139,6.726,9,20210418T160000_9
2021-04-18T21:01:38.272,1.658,-161.577,54.944,61000.0,0.343,0.357,0.036,14.274,8,20210418T160000_8
2021-04-18T22:58:06.705,0.894,-162.606,54.903,56479.234,0.305,0.177,-0.005,5.0,10,20210418T160000_10
2021-04-19T01:22:15.258,1.355,-161.002,55.174,55858.414,0.352,0.263,-0.061,7.822,1,20210419T000000_1
2021-04-19T01:22:22.219,1.643,-162.194,55.921,61000.0,0.568,0.258,0.055,5.864,2,20210419T000000_2
2021-04-19T01:44:16.119,0.981,-161.475,54.904,56807.505,0.177,0.246,-0.019,3.618,3,20210419T000000_3
2021-04-19T04:43:25.757,1.724,-162.773,54.902,56516.369,0.921,0.321,0.034,10.003,4,20210419T000000_4
2021-04-19T04:43:40.330,1.299,-162.776,55.057,0.0,0.73,0.375,-0.134,4.997,5,20210419T000000_5
2021-04-19T07:26:15.810,0.827,-162.384,55.121,5344.995,0.11,0.289,-0.005,3.998,6,20210419T000000_6
2021-04-19T09:55:40.572,0.571,-162.225,55.415,22642.376,0.033,0.342,0.002,5.0,1,20210419T080000_1
2021-04-19T10:24:40.339,1.381,-162.624,54.908,52061.713,0.171,0.362,0.002,7.0,3,20210419T080000_3
2021-04-19T10:24:48.626,1.486,-162.581,55.017,42763.514,0.008,0.411,-0.001,5.0,2,20210419T080000_2
2021-04-19T11:17:12.996,1.445,-161.03,55.305,3.888,0.731,0.134,0.019,3.743,4,20210419T080000_4
2021-04-19T11:20:05.181,0.679,-162.233,55.151,0.0,0.796,0.177,0.027,4.0,5,20210419T080000_5
2021-04-19T12:01:24.993,1.407,-161.728,55.539,61000.0,0.304,0.253,-0.03,5.0,6,20210419T080000_6
2021-04-19T12:06:06.436,1.416,-162.277,54.913,525.676,0.297,0.562,-0.021,6.716,7,20210419T080000_7
2021-04-19T12:06:21.608,2.199,-162.755,54.902,7539.233,0.631,0.293,0.062,4.882,8,20210419T080000_8
2021-04-19T12:41:12.284,0.748,-161.405,55.565,1037.424,0.653,0.033,-0.005,4.0,9,20210419T080000_9
2021-04-19T13:26:12.149,1.459,-161.179,54.903,39447.043,0.263,0.467,-0.078,4.0,10,20210419T080000_10
2021-04-19T13:41:43.125,1.848,-161.168,54.903,53929.605,0.285,0.214,0.009,11.0,11,20210419T080000_11
2021-04-19T13:41:53.848,1.921,-161.247,54.903,49296.668,0.578,0.286,-0.003,10.0,12,20210419T080000_12
2021-04-19T15:59:49.283,1.402,-162.05,55.295,61000.0,0.219,0.566,-0.082,4.0,1,20210419T160000_1
2021-04-19T17:30:39.881,1.647,-162.773,54.902,61000.0,0.688,0.062,0.012,4.0,2,20210419T160000_2
2021-04-19T18:32:53.363,2.473,-161.391,54.904,45166.448,0.319,0.128,0.0,9.976,3,20210419T160000_3
2021-04-19T18:33:16.693,2.396,-162.37,55.513,2877.217,0.408,0.291,0.032,6.0,4,20210419T160000_4
2021-04-19T19:54:07.667,0.851,-161.697,55.014,26501.461,0.174,0.41,-0.004,7.0,5,20210419T160000_5
2021-04-19T21:14:13.258,2.303,-162.773,54.902,56515.324,0.965,0.275,-0.012,14.089,6,20210419T160000_6
2021-04-19T21:14:29.551,1.944,-162.209,54.904,12968.436,0.198,0.224,0.015,7.764,7,20210419T160000_7
2021-04-20T00:25:59.457,0.41,-161.792,55.204,17682.944,0.374,0.405,-0.014,5.0,1,20210420T000000_1
2021-04-20T01:28:22.782,1.375,-161.702,54.905,23802.649,0.381,0.338,0.003,9.0,2,20210420T000000_2
2021-04-20T01:28:31.733,1.69,-161.725,54.905,26925.632,0.634,0.286,0.006,9.0,3,20210420T000000_3
2021-04-20T01:42:19.967,1.316,-162.773,54.902,60838.43,0.434,0.388,-0.052,3.938,4,20210420T000000_4
2021-04-20T01:51:26.657,2.47,-161.317,55.017,61000.0,0.328,0.237,0.009,20.772,5,20210420T000000_5
2021-04-20T06:49:01.899,0.189,-161.609,55.265,78.063,0.01,0.286,0.002,3.875,6,20210420T000000_6
2021-04-20T08:07:26.205,1.606,-161.123,54.902,32671.651,0.159,0.418,-0.017,5.0,1,20210420T080000_1
2021-04-20T08:07:38.069,1.446,-161.249,54.903,33865.136,0.559,0.314,0.026,6.0,2,20210420T080000_2
2021-04-20T11:09:13.748,1.685,-161.009,54.902,29920.266,0.139,0.365,-0.002,4.979,3,20210420T080000_3
2021-04-20T11:09:42.891,0.266,-161.65,55.332,1250.564,0.0,0.41,-0.0,3.743,4,20210420T080000_4
2021-04-20T13:14:09.987,1.669,-162.773,54.902,59160.134,0.611,0.379,-0.128,8.0,5,20210420T080000_5
2021-04-20T15:05:59.709,1.311,-162.773,54.902,61000.0,1.356,0.362,0.029,4.0,6,20210420T080000_6
2021-04-20T19:58:10.739,2.577,-161.03,55.421,61000.0,0.305,0.186,-0.015,10.995,1,20210420T160000_1
2021-04-20T19:58:31.030,2.553,-161.563,55.32,23684.753,0.771,0.291,0.026,10.547,2,20210420T160000_2
2021-04-20T22:13:04.531,1.467,-161.004,55.078,2871.444,0.265,0.409,0.065,5.0,3,20210420T160000_3
2021-04-20T22:13:21.453,1.189,-161.558,55.128,32924.51,0.386,0.345,0.014,5.0,4,20210420T160000_4
2021-04-21T00:13:06.833,1.72,-161.008,54.922,45652.873,0.213,0.256,-0.011,7.0,1,20210421T000000_1
2021-04-21T00:13:14.239,1.824,-161.114,54.902,59182.056,0.529,0.293,-0.013,7.0,2,20210421T000000_2
2021-04-21T05:51:12.286,0.302,-161.581,55.275,0.0,0.007,0.45,0.0,4.0,3,20210421T000000_3
2021-04-21T07:59:16.546,1.537,-161.008,54.902,48774.107,0.328,0.393,0.029,6.906,4,20210421T000000_4
2021-04-21T20:55:01.861,2.004,-162.535,54.903,61000.0,0.872,0.511,-0.267,14.0,1,20210421T160000_1
2021-04-21T22:14:15.400,1.686,-162.702,54.902,38386.766,0.942,0.129,0.003,8.0,2,20210421T160000_2
2021-04-22T09:54:16.689,-0.13,-161.762,55.317,0.0,0.262,0.511,0.064,4.0,1,20210422T080000_1
2021-04-22T09:54:28.058,0.507,-161.468,55.491,8355.203,0.0,0.16,-0.0,4.0,2,20210422T080000_2
2021-04-22T12:46:41.683,1.314,-161.248,55.031,417.53,0.034,0.463,0.002,4.765,3,20210422T080000_3
2021-04-22T22:41:31.010,1.054,-161.296,55.053,22550.813,0.0,0.389,0.0,4.0,1,20210422T160000_1
2021-04-22T22:48:33.898,1.585,-161.007,54.931,18695.643,0.17,0.345,-0.025,5.0,2,20210422T160000_2
2021-04-22T22:48:40.547,1.54,-161.138,54.903,50307.663,0.26,0.291,0.025,4.0,3,20210422T160000_3
2021-04-22T23:25:30.884,1.605,-162.321,54.938,12197.196,0.533,0.49,-0.018,13.0,4,20210422T160000_4
2021-04-22T23:28:54.630,1.224,-161.006,55.006,0.0,0.051,0.448,0.005,4.0,5,20210422T160000_5
2021-04-22T23:50:31.747,1.185,-162.305,54.904,13019.16,0.101,0.4,-0.006,7.979,6,20210422T160000_6
2021-04-23T00:10:24.211,1.131,-161.007,54.931,0.0,0.312,0.475,-0.047,5.0,1,20210423T000000_1
2021-04-23T01:30:29.278,0.668,-162.202,54.905,0.0,0.105,0.28,0.015,4.0,2,20210423T000000_2
2021-04-23T02:03:40.721,2.195,-162.773,54.902,61000.0,0.586,0.245,-0.104,11.049,3,20210423T000000_3
2021-04-23T02:03:46.669,1.497,-161.414,54.904,96.768,0.455,0.484,-0.018,7.804,4,20210423T000000_4
2021-04-23T05:36:40.882,1.373,-161.243,54.903,32051.009,0.176,0.441,-0.047,5.0,5,20210423T000000_5
2021-04-23T05:58:24.170,1.516,-162.51,54.903,61000.0,0.946,0.374,-0.244,13.0,6,20210423T000000_6
2021-04-23T07:11:17.650,0.736,-161.481,55.527,799.277,0.479,0.418,-0.103,5.0,7,20210423T000000_7
2021-04-23T07:41:33.937,1.618,-162.773,54.902,38917.539,0.821,0.282,0.015,7.984,8,20210423T000000_8
2021-04-23T07:41:45.830,1.401,-162.407,54.904,0.0,0.357,0.332,-0.011,5.965,9,20210423T000000_9
2021-04-23T07:50:17.963,1.594,-162.348,54.904,3453.189,0.457,0.585,0.091,11.838,10,20210423T000000_10
2021-04-23T07:50:34.924,2.545,-162.567,54.903,0.0,0.911,0.431,-0.082,8.961,11,20210423T000000_11
2021-04-23T08:11:21.193,1.063,-161.885,54.948,0.0,0.447,0.336,-0.042,3.6,1,20210423T080000_1
2021-04-23T11:41:11.070,1.044,-162.325,54.904,9957.067,0.296,0.447,-0.004,8.918,2,20210423T080000_2
2021-04-23T12:16:52.463,1.698,-161.641,54.905,61000.0,0.954,0.324,-0.15,19.0,3,20210423T080000_3
2021-04-23T13:04:54.509,1.184,-162.773,54.902,61000.0,1.333,0.311,0.072,4.0,4,20210423T080000_4
2021-04-23T13:50:40.240,1.488,-161.003,55.141,52528.556,0.482,0.355,0.009,7.0,5,20210423T080000_5
2021-04-23T13:50:48.731,1.84,-161.001,55.21,61000.0,0.875,0.263,0.013,9.0,6,20210423T080000_6
2021-04-23T16:20:13.272,0.713,-161.736,54.905,24368.402,0.274,0.315,-0.0,5.0,1,20210423T160000_1
2021-04-23T17:36:09.727,1.874,-162.773,54.902,61000.0,0.994,0.272,-0.119,21.0,2,20210423T160000_2
2021-04-23T18:29:47.022,1.237,-162.781,55.293,61000.0,1.051,0.372,0.139,7.0,3,20210423T160000_3
2021-04-23T18:49:21.719,0.452,-161.951,55.128,0.0,0.244,0.357,-0.03,4.0,4,20210423T160000_4
2021-04-23T19:45:34.655,1.571,-162.773,54.902,61000.0,0.696,0.284,0.027,8.861,6,20210423T160000_6
2021-04-23T19:45:41.661,1.824,-162.775,55.003,52453.791,0.079,0.483,-0.004,3.971,5,20210423T160000_5
2021-04-23T23:22:44.939,1.31,-162.065,54.905,39501.908,0.021,0.067,0.0,3.188,7,20210423T160000_7
2021-04-23T23:59:48.922,1.019,-162.261,55.287,61000.0,0.458,0.451,0.044,5.0,1,20210424T000000_1
2021-04-24T00:01:25.575,2.594,-161.27,54.903,61000.0,0.428,0.221,0.018,11.0,2,20210424T000000_2
2021-04-24T00:01:35.343,2.636,-161.329,54.904,58053.161,0.869,0.25,-0.039,12.0,3,20210424T000000_3
2021-04-24T00:07:29.033,1.884,-162.582,54.903,61000.0,0.891,0.489,-0.343,17.0,4,20210424T000000_4
2021-04-24T00:34:31.978,2.294,-162.104,54.905,61000.0,0.468,0.492,0.021,9.887,5,20210424T000000_5
2021-04-24T00:43:36.151,2.94,-162.053,55.017,61000.0,0.595,0.044,0.01,5.0,6,20210424T000000_6
2021-04-24T01:52:09.420,1.176,-162.244,54.904,0.0,0.433,0.494,-0.004,10.338,7,20210424T000000_7
2021-04-24T01:52:23.804,1.727,-161.96,54.905,660.139,0.525,0.168,0.02,5.0,8,20210424T000000_8
2021-04-24T07:59:47.276,1.392,-161.567,54.999,61000.0,0.292,0.469,-0.054,5.0,1,20210424T080000_1
2021-04-24T09:33:17.530,1.982,-162.382,54.955,61000.0,0.712,0.287,0.049,13.775,2,20210424T080000_2
2021-04-24T09:58:37.055,0.787,-162.779,55.419,0.0,0.211,0.362,-0.029,7.895,3,20210424T080000_3
2021-04-24T19:49:56.528,-0.097,-161.793,55.304,0.0,0.149,0.445,0.012,5.0,1,20210424T160000_1
2021-04-25T00:01:40.754,2.022,-162.773,54.902,44248.662,1.096,0.189,0.002,7.953,1,20210425T000000_1
2021-04-25T01:22:47.053,1.072,-162.159,55.003,0.0,0.128,0.496,0.02,4.0,2,20210425T000000_2
2021-04-25T01:44:56.827,2.179,-161.731,54.905,61000.0,0.463,0.38,-0.034,20.0,3,20210425T000000_3
2021-04-25T03:31:38.843,2.515,-161.007,54.932,61000.0,0.375,0.217,0.046,11.0,4,20210425T000000_4
2021-04-25T03:31:45.937,2.934,-161.008,54.902,61000.0,0.624,0.234,0.023,10.0,5,20210425T000000_5
2021-04-25T06:36:21.049,1.427,-162.773,54.902,61000.0,1.106,0.222,-0.056,7.0,6,20210425T000000_6
2021-04-25T07:59:49.379,1.037,-162.102,55.286,61000.0,0.392,0.647,0.041,6.0,1,20210425T080000_1
2021-04-25T10:08:27.537,1.528,-162.76,55.164,61000.0,0.185,0.362,0.012,6.615,2,20210425T080000_2
2021-04-25T11:37:08.462,0.453,-161.486,55.179,9675.026,0.0,0.453,-0.0,4.0,3,20210425T080000_3
2021-04-25T14:49:22.627,1.409,-161.103,54.902,61000.0,0.693,0.421,-0.152,11.0,4,20210425T080000_4
2021-04-25T16:49:08.915,1.863,-162.773,54.902,61000.0,1.164,0.235,-0.069,11.0,1,20210425T160000_1
2021-04-25T18:17:44.003,1.485,-161.984,55.315,34962.103,0.539,0.338,0.045,9.235,2,20210425T160000_2
2021-04-25T18:18:04.691,0.45,-161.709,55.224,239.789,0.332,0.311,-0.052,3.994,3,20210425T160000_3
2021-04-25T21:01:23.463,-0.142,-161.819,55.388,16448.247,0.001,0.278,-0.0,3.317,4,20210425T160000_4
2021-04-25T21:03:28.252,1.13,-161.817,55.45,34618.386,0.363,0.42,-0.02,12.0,5,20210425T160000_5
2021-04-25T22:11:23.405,1.743,-162.792,55.769,61000.0,0.324,0.516,0.027,2.498,6,20210425T160000_6
2021-04-25T22:39:18.250,2.007,-162.377,55.157,61000.0,0.566,0.441,-0.05,10.0,7,20210425T160000_7
2021-04-26T07:29:28.939,1.553,-161.915,54.905,61000.0,0.341,0.39,-0.072,6.0,1,20210426T000000_1
2021-04-26T08:18:05.783,1.604,-161.481,54.904,61000.0,0.804,0.2,-0.055,9.0,1,20210426T080000_1
2021-04-26T10:44:00.998,1.862,-161.27,54.903,49045.167,0.257,0.197,0.003,10.0,2,20210426T080000_2
2021-04-26T10:44:11.447,1.938,-161.324,54.904,47683.052,0.637,0.29,-0.013,9.0,3,20210426T080000_3
2021-04-26T13:09:44.868,1.452,-161.262,54.903,44259.628,0.204,0.413,0.015,6.0,4,20210426T080000_4
2021-04-26T13:09:53.816,1.682,-161.184,54.903,50440.664,0.66,0.341,0.0,6.0,5,20210426T080000_5
2021-04-26T14:39:21.721,2.218,-161.338,54.904,50600.75,0.284,0.186,0.013,10.0,6,20210426T080000_6
2021-04-26T14:39:32.584,2.491,-161.357,54.904,45363.347,0.685,0.242,0.02,10.0,7,20210426T080000_7
2021-04-26T15:12:00.220,1.305,-162.776,55.038,23473.953,0.246,0.344,0.056,5.0,8,20210426T080000_8
2021-04-26T15:12:09.503,1.487,-162.776,55.066,18226.696,0.802,0.35,-0.084,6.0,9,20210426T080000_9
2021-04-26T15:52:02.730,1.496,-161.008,54.902,59798.978,0.426,0.456,-0.088,5.0,10,20210426T080000_10
2021-04-26T17:39:39.081,1.4,-161.119,54.902,43930.014,0.244,0.518,-0.048,5.0,1,20210426T160000_1
2021-04-26T18:16:21.146,2.132,-161.499,54.904,61000.0,1.119,0.378,0.038,15.312,2,20210426T160000_2
2021-04-26T18:16:43.717,1.183,-161.654,55.254,0.0,0.252,0.435,0.015,5.688,3,20210426T160000_3
2021-04-27T02:25:27.081,1.328,-161.654,54.905,29344.665,0.346,0.271,0.033,7.0,1,20210427T000000_1
2021-04-27T02:25:47.629,1.697,-161.625,54.905,42130.677,0.866,0.286,-0.083,8.0,2,20210427T000000_2
2021-04-27T02:32:59.920,1.996,-162.616,55.839,59011.5,0.362,0.373,0.06,7.082,3,20210427T000000_3
2021-04-27T02:33:07.112,1.552,-161.773,55.575,23906.24,0.344,0.38,-0.033,8.512,4,20210427T000000_4
2021-04-27T02:33:58.119,1.266,-161.627,55.359,0.0,0.242,0.798,0.05,4.0,5,20210427T000000_5
2021-04-27T04:51:49.259,2.751,-161.106,54.902,254.238,0.424,0.209,-0.033,8.303,6,20210427T000000_6
2021-04-27T04:51:52.965,2.513,-162.773,54.91,0.0,0.149,0.585,-0.021,4.004,7,20210427T000000_7
2021-04-27T04:51:52.992,3.224,-161.008,54.902,44412.948,0.398,0.262,-0.055,6.648,8,20210427T000000_8
2021-04-27T06:18:20.432,2.777,-161.052,54.902,0.0,0.669,0.307,0.006,9.069,9,20210427T000000_9
2021-04-27T06:18:32.774,3.132,-161.602,54.905,16535.305,0.697,0.258,-0.053,8.495,10,20210427T000000_10
2021-04-27T08:06:50.990,0.862,-161.362,55.586,49381.203,0.175,0.158,-0.005,4.0,1,20210427T080000_1
2021-04-27T08:34:07.689,1.725,-162.773,54.902,61000.0,1.088,0.255,-0.037,7.384,2,20210427T080000_2
2021-04-27T12:45:22.619,2.94,-161.008,54.902,49338.995,0.248,0.181,0.023,11.0,3,20210427T080000_3
2021-04-27T12:45:31.336,3.303,-161.135,54.903,61000.0,0.711,0.262,-0.043,10.0,4,20210427T080000_4
2021-04-27T13:14:38.852,-0.115,-161.956,55.28,15224.803,0.598,0.539,-0.003,6.0,5,20210427T080000_5
2021-04-27T13:32:45.450,1.173,-161.33,54.904,29013.634,0.26,0.403,-0.002,5.0,6,20210427T080000_6
2021-04-27T13:49:32.656,1.574,-161.026,54.902,40834.047,0.187,0.404,-0.007,7.0,7,20210427T080000_7
2021-04-27T13:49:43.561,1.217,-161.007,54.951,40876.567,0.866,0.269,-0.002,5.0,8,20210427T080000_8
2021-04-27T17:27:55.940,1.793,-161.315,55.92,61000.0,0.408,0.382,-0.016,6.945,1,20210427T160000_1
2021-04-27T17:56:29.983,1.186,-161.468,55.366,45959.713,0.016,0.462,0.006,3.882,2,20210427T160000_2
2021-04-27T19:30:06.166,1.116,-161.65,55.077,14600.828,0.482,0.263,-0.01,7.655,3,20210427T160000_3
2021-04-27T19:30:29.384,0.927,-162.106,55.218,0.0,0.758,0.338,0.04,5.645,4,20210427T160000_4
2021-04-27T20:24:13.018,1.442,-162.773,54.902,55971.192,0.914,0.285,-0.144,4.622,5,20210427T160000_5
2021-04-27T20:24:25.670,1.316,-162.652,54.903,1087.735,0.596,0.337,-0.093,4.378,6,20210427T160000_6
2021-04-27T23:14:36.562,1.43,-161.061,54.902,29589.527,0.235,0.385,-0.003,6.0,7,20210427T160000_7
2021-04-27T23:14:46.985,1.424,-161.283,54.903,44020.555,0.434,0.326,-0.045,6.0,8,20210427T160000_8
2021-04-27T23:34:14.928,-0.159,-161.863,55.152,0.0,0.225,1.051,-0.012,5.0,9,20210427T160000_9
2021-04-27T23:36:58.501,0.779,-161.484,54.904,0.0,0.57,0.347,-0.064,4.0,10,20210427T160000_10
2021-04-27T23:37:07.381,0.626,-161.637,54.905,0.0,0.455,0.223,-0.032,4.0,11,20210427T160000_11
2021-04-28T03:42:26.572,2.036,-161.09,54.902,61000.0,0.298,0.162,0.012,10.0,1,20210428T000000_1
2021-04-28T03:42:34.702,2.174,-161.146,54.903,60162.64,0.635,0.219,0.005,10.0,2,20210428T000000_2
2021-04-28T04:31:26.343,2.813,-161.316,54.986,61000.0,0.467,0.358,0.009,22.0,3,20210428T000000_3
2021-04-28T06:01:48.246,1.722,-161.275,54.903,40022.726,0.316,0.22,0.009,11.0,4,20210428T000000_4
2021-04-28T06:01:57.990,1.989,-161.206,54.903,43227.033,0.489,0.202,-0.007,11.0,5,20210428T000000_5
2021-04-28T06:35:45.815,0.554,-161.956,55.55,22352.408,0.386,0.489,-0.033,4.0,6,20210428T000000_6
2021-04-28T10:23:01.108,1.627,-162.773,54.902,61000.0,0.531,0.334,-0.1,9.889,1,20210428T080000_1
2021-04-28T19:08:55.427,1.491,-161.005,55.037,45801.414,0.185,0.352,-0.033,7.917,1,20210428T160000_1
2021-04-28T19:09:06.436,1.683,-161.0,55.278,61000.0,0.258,0.26,0.003,4.015,2,20210428T160000_2
2021-04-28T21:55:33.583,0.602,-162.3,55.279,0.0,0.494,0.36,-0.098,6.0,3,20210428T160000_3
2021-04-29T00:13:14.368,1.431,-162.776,55.048,61000.0,0.155,0.32,0.035,6.0,1,20210429T000000_1
2021-04-29T01:20:18.021,0.166,-161.73,55.116,6586.895,0.966,0.404,-0.127,8.0,2,20210429T000000_2
2021-04-29T01:20:38.174,0.417,-162.151,55.231,10868.248,0.421,0.255,0.012,5.913,3,20210429T000000_3
2021-04-29T03:54:28.372,1.359,-161.113,55.289,61000.0,0.7,0.259,-0.12,10.0,4,20210429T000000_4
2021-04-29T04:17:35.429,1.75,-162.78,55.259,61000.0,0.671,0.22,0.014,10.0,5,20210429T000000_5
2021-04-29T04:20:35.341,1.539,-162.773,54.902,61000.0,0.698,0.158,0.023,3.875,6,20210429T000000_6
2021-04-29T04:59:16.329,0.704,-161.723,55.331,31447.555,0.331,0.35,0.022,6.0,7,20210429T000000_7
2021-04-29T05:11:02.098,2.048,-162.773,54.902,61000.0,0.772,0.186,-0.015,9.431,8,20210429T000000_8
2021-04-29T05:11:07.307,1.403,-161.358,54.904,0.0,0.538,0.457,-0.035,6.248,9,20210429T000000_9
2021-04-29T05:23:42.683,1.4,-162.643,54.903,61000.0,0.961,0.232,-0.018,12.738,10,20210429T000000_10
2021-04-29T06:37:38.099,1.293,-162.743,55.163,61000.0,0.381,0.223,0.009,8.0,11,20210429T000000_11
2021-04-29T09:00:33.228,2.123,-161.0,55.248,61000.0,0.338,0.197,0.007,10.606,1,20210429T080000_1
2021-04-29T09:00:38.903,2.625,-161.882,55.922,61000.0,0.465,0.192,-0.025,4.668,2,20210429T080000_2
2021-04-29T09:17:43.157,1.506,-162.78,55.237,61000.0,0.944,0.394,-0.05,16.0,3,20210429T080000_3
2021-04-29T09:46:02.281,1.415,-162.041,54.905,61000.0,0.716,0.336,-0.114,11.0,4,20210429T080000_4
2021-04-29T12:41:23.495,1.478,-161.479,55.566,61000.0,0.66,0.404,-0.036,10.0,5,20210429T080000_5
2021-04-29T13:27:34.897,1.238,-162.216,54.904,48.082,0.292,0.538,0.032,10.092,6,20210429T080000_6
2021-04-29T13:27:48.376,1.374,-161.769,54.905,0.0,0.308,0.354,0.043,5.0,7,20210429T080000_7
2021-04-29T15:32:37.247,-0.025,-161.832,55.42,13992.413,0.0,0.423,-0.0,4.0,8,20210429T080000_8
2021-04-29T16:48:00.287,1.415,-162.773,54.902,40364.911,0.337,0.312,0.002,10.0,1,20210429T160000_1
2021-04-29T17:10:51.903,1.543,-162.285,54.904,61000.0,0.576,0.396,-0.068,3.803,2,20210429T160000_2
2021-04-29T17:55:30.285,1.404,-160.995,55.479,61000.0,0.547,0.388,-0.052,4.701,3,20210429T160000_3
2021-04-29T17:56:01.666,0.363,-161.774,55.24,24.559,0.489,0.438,-0.048,5.004,4,20210429T160000_4
2021-04-29T20:07:38.137,1.634,-161.442,54.904,44494.547,0.269,0.249,0.003,9.987,5,20210429T160000_5
2021-04-29T20:07:49.611,1.726,-162.062,54.905,51182.097,0.572,0.251,-0.012,4.849,6,20210429T160000_6
2021-04-29T23:12:01.501,1.197,-161.008,54.902,61000.0,1.115,0.378,-0.387,7.0,7,20210429T160000_7
2021-04-29T23:59:46.512,1.396,-162.784,55.426,61000.0,0.498,0.369,0.029,4.0,1,20210430T000000_1
2021-04-30T04:48:11.523,0.575,-161.445,55.598,999.88,0.174,0.341,-0.013,4.0,2,20210430T000000_2
2021-04-30T05:47:59.932,0.444,-162.421,54.977,283.601,0.144,0.46,-0.016,4.917,3,20210430T000000_3
2021-04-30T07:58:43.687,0.954,-161.223,55.253,61000.0,0.421,0.486,-0.043,3.857,4,20210430T000000_4
2021-04-30T08:07:19.111,1.951,-161.113,54.902,59925.008,0.255,0.169,0.011,10.0,1,20210430T080000_1
2021-04-30T08:07:28.123,2.013,-161.169,54.903,61000.0,0.868,0.232,0.018,10.0,2,20210430T080000_2
2021-04-30T08:27:29.290,-0.46,-161.74,55.423,37.54,0.48,0.545,0.137,5.0,3,20210430T080000_3
2021-04-30T10:03:00.672,0.483,-161.824,55.397,46623.879,0.793,0.061,0.008,4.0,4,20210430T080000_4
2021-04-30T10:53:19.499,1.379,-162.773,54.902,61000.0,1.206,0.086,0.026,4.0,5,20210430T080000_5
2021-04-30T12:55:35.377,0.971,-161.008,54.902,40896.887,0.299,0.444,-0.007,4.0,6,20210430T080000_6
2021-04-30T13:01:15.987,2.511,-161.008,54.902,61000.0,0.475,0.289,-0.006,12.724,8,20210430T080000_8
2021-04-30T13:01:18.585,2.418,-162.782,55.317,61000.0,0.87,0.396,-0.015,7.276,7,20210430T080000_7
2021-04-30T13:38:49.120,1.698,-162.773,54.902,61000.0,0.811,0.206,-0.04,9.684,9,20210430T080000_9
2021-04-30T13:38:54.596,1.205,-161.379,54.904,0.0,0.494,0.534,-0.047,5.658,10,20210430T080000_10
2021-04-30T14:16:29.882,0.33,-161.97,55.197,22972.865,0.317,0.221,-0.024,5.0,11,20210430T080000_11
2021-04-30T14:17:58.202,1.575,-160.998,55.337,56255.139,0.284,0.319,-0.047,9.0,12,20210430T080000_12
2021-04-30T14:18:07.181,1.945,-160.999,55.314,60462.95,0.569,0.275,0.043,10.0,13,20210430T080000_13
2021-04-30T14:20:18.986,0.496,-162.228,54.974,11781.619,0.0,0.194,0.0,4.0,14,20210430T080000_14
2021-04-30T14:48:32.485,1.336,-161.008,54.925,61000.0,0.69,0.326,0.074,6.795,15,20210430T080000_15
2021-04-30T15:11:24.534,0.961,-161.037,54.902,22509.146,0.082,0.377,0.0,5.0,16,20210430T080000_16
2021-04-30T15:17:25.391,1.431,-162.773,54.939,61000.0,0.599,0.302,0.052,10.0,17,20210430T080000_17
2021-04-30T16:37:13.228,1.177,-161.008,54.919,29986.515,0.19,0.358,0.011,5.671,1,20210430T160000_1
2021-04-30T16:37:39.754,0.414,-161.908,55.301,24962.399,0.001,0.442,0.0,4.0,2,20210430T160000_2
2021-04-30T17:52:29.765,1.39,-162.773,54.902,53856.878,1.014,0.177,0.053,7.196,3,20210430T160000_3
2021-04-30T17:52:41.451,1.322,-162.648,54.903,6264.172,0.617,0.245,-0.056,3.804,4,20210430T160000_4
2021-04-30T18:21:49.326,1.658,-162.774,54.967,23999.599,0.611,0.313,0.009,16.607,5,20210430T160000_5
2021-04-30T18:22:10.728,0.927,-162.113,55.529,0.0,0.466,0.25,0.047,4.241,6,20210430T160000_6
2021-04-30T18:24:23.146,1.267,-162.775,54.994,21826.016,0.385,0.305,-0.008,11.0,7,20210430T160000_7
2021-04-30T18:25:56.446,0.991,-162.776,55.044,21317.272,0.214,0.159,0.001,5.0,8,20210430T160000_8
2021-04-30T18:36:10.309,1.238,-162.198,54.905,58588.659,0.704,0.221,-0.02,7.723,9,20210430T160000_9
2021-04-30T18:46:13.337,1.045,-162.319,54.984,38742.441,0.013,0.245,-0.0,4.0,10,20210430T160000_10
2021-04-30T19:41:18.932,0.968,-162.774,54.974,22430.843,0.449,0.348,-0.044,13.988,11,20210430T160000_11
2021-04-30T19:47:23.425,2.786,-162.722,54.902,61000.0,0.683,0.268,-0.125,11.216,12,20210430T160000_12
2021-04-30T19:47:28.468,2.304,-161.351,54.904,0.0,0.406,0.388,-0.067,6.784,13,20210430T160000_13
2021-04-30T20:00:07.103,0.849,-162.776,55.049,20531.097,0.214,0.225,0.033,7.0,14,20210430T160000_14
2021-04-30T20:24:57.381,1.41,-161.797,54.905,61000.0,1.024,0.274,-0.051,17.0,15,20210430T160000_15
2021-04-30T22:33:42.733,1.748,-162.773,54.902,61000.0,1.234,0.323,0.034,17.073,16,20210430T160000_16
2021-04-30T23:15:36.672,1.278,-161.826,54.905,16934.678,0.535,0.429,-0.116,18.0,17,20210430T160000_17
2021-05-01T00:03:59.378,0.103,-162.029,55.055,0.0,0.744,0.095,-0.025,6.98,1,20210501T000000_1
2021-05-01T00:15:53.974,1.642,-162.642,54.903,61000.0,0.946,0.285,-0.14,20.0,2,20210501T000000_2
2021-05-01T00:22:15.023,1.772,-162.579,54.903,61000.0,0.688,0.491,-0.256,19.0,3,20210501T000000_3
2021-05-01T01:01:40.753,1.218,-161.5,54.904,61000.0,0.353,0.098,0.01,6.0,4,20210501T000000_4
2021-05-01T01:17:48.964,-0.237,-161.857,55.422,18912.864,0.045,0.21,-0.002,4.0,5,20210501T000000_5
2021-05-01T02:31:28.103,1.172,-162.712,54.902,96.677,0.368,0.342,-0.036,3.526,6,20210501T000000_6
2021-05-01T03:54:13.334,-0.16,-161.541,55.303,0.0,0.358,0.311,-0.019,4.0,7,20210501T000000_7
2021-05-01T04:10:12.155,1.774,-162.773,54.902,61000.0,1.136,0.244,0.027,20.0,8,20210501T000000_8
2021-05-01T04:35:00.088,1.285,-161.62,54.905,61000.0,0.941,0.316,-0.079,13.89,9,20210501T000000_9
2021-05-01T04:58:39.984,1.243,-161.109,55.376,61000.0,0.448,0.35,-0.018,8.068,10,20210501T000000_10
2021-05-01T04:58:43.803,1.789,-161.882,55.922,61000.0,0.919,0.239,0.013,5.822,11,20210501T000000_11
2021-05-01T05:13:58.295,0.043,-161.874,55.305,40237.17,0.442,0.393,-0.042,6.0,12,20210501T000000_12
2021-05-01T07:59:49.392,0.636,-161.975,55.324,61000.0,0.208,0.488,-0.042,4.0,1,20210501T080000_1
2021-05-01T08:21:32.169,1.158,-162.773,54.902,61000.0,1.042,0.27,-0.175,9.0,2,20210501T080000_2
2021-05-01T09:51:53.338,1.408,-161.918,54.905,61000.0,1.026,0.405,-0.001,12.04,3,20210501T080000_3
2021-05-01T09:52:16.585,-0.503,-161.76,55.276,5504.84,0.0,0.195,-0.0,3.96,4,20210501T080000_4
2021-05-01T09:53:11.574,-0.399,-161.779,55.393,0.0,0.35,0.513,-0.119,4.0,5,20210501T080000_5
2021-05-01T13:32:10.698,-0.113,-161.65,55.232,0.0,0.381,0.35,0.052,4.0,6,20210501T080000_6
2021-05-01T14:58:20.956,1.065,-161.86,54.905,61000.0,1.114,0.254,-0.019,6.0,7,20210501T080000_7
2021-05-01T15:26:18.026,1.626,-160.99,55.691,61000.0,0.672,0.28,-0.016,12.0,8,20210501T080000_8
2021-05-02T00:39:48.832,1.24,-162.326,54.904,61000.0,0.742,0.268,-0.072,11.0,1,20210502T000000_1
2021-05-02T02:15:57.587,1.319,-161.354,54.904,56355.624,0.666,0.259,-0.109,6.0,2,20210502T000000_2
2021-05-02T02:50:35.080,1.249,-162.773,54.902,20768.239,0.847,0.068,-0.029,6.0,3,20210502T000000_3
2021-05-02T03:02:57.174,1.239,-162.773,54.902,61000.0,0.987,0.225,-0.08,4.098,4,20210502T000000_4
2021-05-02T03:37:02.720,1.497,-162.781,55.294,61000.0,0.66,0.115,-0.02,4.937,5,20210502T000000_5
2021-05-02T05:28:50.606,1.493,-162.773,54.902,61000.0,1.007,0.327,0.192,9.789,6,20210502T000000_6
2021-05-03T00:16:55.672,3.0,-162.773,54.902,61000.0,0.903,0.371,0.108,9.78,1,20210503T000000_1
2021-05-03T00:16:59.766,2.525,-161.379,54.904,0.0,0.347,0.197,-0.001,7.241,2,20210503T000000_2
2021-05-03T00:29:04.401,3.293,-162.773,54.902,61000.0,0.828,0.452,0.122,6.585,3,20210503T000000_3
2021-05-03T00:29:08.763,2.731,-161.394,54.904,0.0,0.345,0.289,0.016,7.334,4,20210503T000000_4
2021-05-03T01:47:42.304,2.031,-161.1,54.902,61000.0,0.232,0.222,0.01,8.0,5,20210503T000000_5
2021-05-03T01:47:50.606,2.521,-161.07,54.902,61000.0,0.591,0.282,-0.01,10.0,6,20210503T000000_6
2021-05-03T05:03:59.332,1.699,-162.773,54.902,61000.0,1.142,0.389,0.161,10.0,7,20210503T000000_7
2021-05-03T05:17:03.575,1.503,-162.78,55.235,61000.0,0.495,0.253,0.012,4.0,8,20210503T000000_8
2021-05-03T06:11:26.288,-1.161,-161.803,55.363,0.0,0.073,0.935,-0.004,4.0,9,20210503T000000_9
2021-05-03T06:15:24.930,1.749,-161.008,54.911,47600.602,0.489,0.233,0.01,5.0,11,20210503T000000_11
2021-05-03T06:15:29.076,0.11,-161.699,55.324,0.0,0.032,0.418,0.004,4.0,10,20210503T000000_10
2021-05-03T07:32:18.123,2.335,-161.694,54.905,61000.0,1.006,0.325,-0.164,20.0,12,20210503T000000_12
2021-05-03T07:39:56.238,1.922,-161.008,54.902,61000.0,1.122,0.266,-0.142,14.0,13,20210503T000000_13
2021-05-03T10:25:33.705,1.551,-162.773,54.902,61000.0,0.882,0.377,-0.084,14.0,1,20210503T080000_1
2021-05-03T10:47:59.658,1.542,-162.773,54.902,43213.814,0.948,0.107,0.07,5.0,2,20210503T080000_2
2021-05-03T12:08:03.798,2.223,-161.702,54.905,61000.0,1.021,0.265,-0.128,18.0,3,20210503T080000_3
2021-05-03T14:10:12.723,1.267,-161.712,54.905,61000.0,1.014,0.288,-0.233,10.0,4,20210503T080000_4
2021-05-03T14:33:37.050,1.484,-161.002,55.183,53427.433,0.212,0.394,0.005,5.0,5,20210503T080000_5
2021-05-03T14:33:50.693,1.55,-161.0,55.256,20868.809,0.44,0.238,0.031,7.0,6,20210503T080000_6
2021-05-03T16:39:07.225,1.504,-162.773,54.902,58237.673,0.905,0.247,-0.064,6.006,1,20210503T160000_1
2021-05-03T17:17:41.863,1.744,-161.005,55.026,51765.214,0.613,0.338,0.041,14.0,2,20210503T160000_2
2021-05-03T19:00:23.330,1.369,-161.754,55.418,31503.341,0.771,0.417,-0.037,11.995,3,20210503T160000_3
2021-05-03T19:01:21.316,1.396,-161.968,55.453,37063.876,0.517,0.324,-0.012,13.923,4,20210503T160000_4
2021-05-03T20:47:29.968,0.258,-161.615,55.13,0.0,0.088,0.186,0.009,4.0,5,20210503T160000_5
2021-05-03T20:52:23.189,0.165,-162.29,54.968,1842.06,0.068,0.605,0.006,4.0,6,20210503T160000_6
2021-05-03T21:38:25.386,1.174,-161.323,54.904,28245.355,0.121,0.39,0.0,5.0,7,20210503T160000_7
2021-05-03T21:38:34.555,0.948,-161.386,54.904,33579.93,0.196,0.306,-0.012,4.0,8,20210503T160000_8
2021-05-04T06:52:39.377,1.412,-162.773,54.902,60183.364,0.5,0.026,0.007,3.94,1,20210504T000000_1
2021-05-04T09:00:59.352,1.562,-162.781,55.273,61000.0,0.5,0.232,0.018,3.844,1,20210504T080000_1
2021-05-04T12:29:51.655,1.697,-160.997,55.402,61000.0,0.273,0.342,-0.042,7.581,2,20210504T080000_2
2021-05-04T12:29:56.700,2.224,-162.025,55.922,61000.0,0.93,0.266,0.088,6.963,3,20210504T080000_3
2021-05-04T16:48:58.732,1.58,-162.584,54.903,32341.328,0.587,0.245,0.046,6.78,1,20210504T160000_1
2021-05-04T17:00:48.117,1.693,-161.007,54.964,47641.019,0.27,0.262,-0.012,7.717,2,20210504T160000_2
2021-05-04T17:00:54.008,1.981,-162.349,54.904,60346.801,0.559,0.3,-0.073,6.138,3,20210504T160000_3
2021-05-04T19:43:59.862,1.417,-161.288,54.903,44725.972,0.22,0.249,0.016,5.0,4,20210504T160000_4
2021-05-04T23:10:38.185,1.608,-162.751,55.201,61000.0,0.259,0.293,0.022,4.833,5,20210504T160000_5
2021-05-05T01:10:25.637,1.481,-161.532,55.524,61000.0,0.434,0.399,0.003,9.82,1,20210505T000000_1
2021-05-05T01:43:33.745,0.185,-161.616,55.241,8716.603,0.06,0.315,-0.003,4.0,2,20210505T000000_2
2021-05-05T02:30:09.849,-0.31,-161.928,55.321,6828.859,0.339,0.336,0.017,5.0,3,20210505T000000_3
2021-05-05T04:09:08.045,1.192,-161.496,55.404,61000.0,0.187,0.438,-0.029,6.0,4,20210505T000000_4
2021-05-05T04:54:45.121,1.385,-162.773,54.902,61000.0,1.079,0.171,-0.071,4.154,5,20210505T000000_5
2021-05-05T05:48:29.002,0.621,-162.198,55.253,0.0,0.306,0.306,-0.061,6.892,6,20210505T000000_6
2021-05-05T06:00:34.200,1.277,-162.773,54.902,61000.0,0.947,0.301,-0.214,7.804,7,20210505T000000_7
2021-05-05T07:39:24.705,0.16,-161.866,55.424,7954.932,0.56,0.4,-0.006,9.697,8,20210505T000000_8
2021-05-05T07:52:09.039,0.363,-161.976,55.31,22844.015,0.876,0.354,-0.091,8.0,9,20210505T000000_9
2021-05-05T07:59:49.109,1.167,-162.144,55.32,61000.0,0.206,0.443,0.032,5.0,1,20210505T080000_1
2021-05-05T08:17:27.621,1.06,-161.061,54.902,26770.905,0.18,0.436,-0.004,5.0,2,20210505T080000_2
2021-05-05T10:18:02.918,1.226,-161.071,55.226,61000.0,0.139,0.467,-0.003,4.0,3,20210505T080000_3
2021-05-05T10:51:31.061,1.511,-162.715,54.902,61000.0,1.072,0.309,-0.108,9.0,4,20210505T080000_4
2021-05-05T12:33:51.080,1.07,-161.873,55.225,61000.0,0.675,0.354,0.046,5.0,5,20210505T080000_5
2021-05-05T13:10:45.756,2.066,-161.157,54.903,52058.388,0.311,0.186,0.027,11.0,6,20210505T080000_6
2021-05-05T13:10:54.438,2.279,-161.259,54.903,60261.536,0.796,0.283,0.121,12.0,7,20210505T080000_7
2021-05-05T13:16:41.908,1.458,-161.921,54.905,61000.0,0.675,0.391,-0.021,7.0,8,20210505T080000_8
2021-05-05T14:17:39.208,1.409,-161.242,54.984,36016.501,0.387,0.237,0.01,11.999,9,20210505T080000_9
2021-05-05T14:17:44.528,1.865,-161.129,54.903,55028.092,0.594,0.285,-0.018,10.978,10,20210505T080000_10
2021-05-05T14:19:59.190,1.528,-161.008,54.919,50973.017,0.264,0.372,-0.008,7.996,11,20210505T080000_11
2021-05-05T14:20:08.530,1.493,-161.066,54.902,48916.928,0.364,0.325,-0.021,7.992,12,20210505T080000_12
2021-05-05T21:40:49.670,0.719,-161.845,55.452,24161.572,0.047,0.603,0.007,5.0,1,20210505T160000_1
2021-05-06T00:19:49.895,3.99,-162.773,54.902,61000.0,0.775,0.276,0.078,21.0,1,20210506T000000_1
2021-05-06T01:17:37.620,1.426,-162.773,54.902,61000.0,1.031,0.11,-0.062,3.882,2,20210506T000000_2
2021-05-06T02:11:27.615,1.292,-162.362,54.904,34073.575,0.602,0.428,-0.008,7.0,3,20210506T000000_3
2021-05-06T06:49:53.341,1.801,-160.991,55.668,61000.0,0.328,0.334,-0.012,8.19,4,20210506T000000_4
2021-05-06T06:49:59.457,1.568,-162.783,55.35,61000.0,0.883,0.336,0.069,7.742,5,20210506T000000_5
2021-05-06T08:15:26.374,0.984,-162.084,54.905,0.0,0.451,0.172,0.035,4.0,1,20210506T080000_1
2021-05-06T08:32:36.593,0.79,-162.191,55.003,0.0,0.307,0.416,-0.045,4.491,2,20210506T080000_2
2021-05-06T11:47:00.366,0.746,-161.523,55.17,17612.211,0.174,0.383,-0.038,5.0,3,20210506T080000_3
2021-05-06T12:12:25.965,1.287,-162.556,54.903,24671.981,0.04,0.22,0.004,4.0,4,20210506T080000_4
2021-05-06T16:32:54.886,0.963,-162.082,55.171,41402.923,0.351,0.381,-0.027,3.999,1,20210506T160000_1
2021-05-07T03:50:00.092,2.573,-161.19,54.903,61000.0,0.527,0.235,0.008,11.905,1,20210507T000000_1
2021-05-07T03:50:07.517,2.855,-161.36,54.904,42423.195,0.458,0.253,-0.044,9.095,2,20210507T000000_2
2021-05-07T07:37:31.955,-0.331,-161.756,55.336,0.0,0.031,0.415,0.006,4.0,3,20210507T000000_3
2021-05-07T07:37:43.970,0.832,-161.6,55.298,46.536,0.853,0.408,0.114,8.0,4,20210507T000000_4
2021-05-07T16:23:40.498,2.042,-161.2,54.903,50821.058,0.273,0.24,-0.008,9.0,1,20210507T160000_1
2021-05-07T16:23:53.413,2.174,-161.34,54.904,42426.73,0.857,0.218,0.018,9.0,2,20210507T160000_2
2021-05-07T20:27:51.649,1.477,-162.773,54.902,61000.0,0.927,0.291,0.056,4.0,3,20210507T160000_3
2021-05-07T21:03:01.890,0.317,-162.252,55.379,16333.819,0.455,0.115,0.023,5.0,4,20210507T160000_4
2021-05-07T23:46:00.995,2.087,-162.383,55.153,61000.0,0.545,0.429,-0.064,10.0,5,20210507T160000_5
2021-05-08T00:30:59.498,1.79,-161.899,54.905,61000.0,0.52,0.327,-0.053,12.948,1,20210508T000000_1
2021-05-08T01:54:59.152,0.439,-161.873,55.169,29017.361,0.0,0.122,0.0,4.0,2,20210508T000000_2
2021-05-08T03:41:23.351,1.857,-161.241,54.903,47883.146,0.227,0.262,-0.002,8.772,3,20210508T000000_3
2021-05-08T03:41:30.233,1.898,-162.644,55.771,61000.0,0.584,0.329,0.08,4.55,4,20210508T000000_4
2021-05-08T03:41:48.505,1.124,-161.411,55.307,13432.096,0.263,0.329,0.005,4.48,5,20210508T000000_5
2021-05-08T03:47:46.790,1.031,-162.553,54.903,9373.482,0.144,0.304,-0.018,7.0,6,20210508T000000_6
2021-05-08T03:47:59.896,1.166,-162.424,54.904,0.0,0.185,0.375,-0.052,4.268,7,20210508T000000_7
2021-05-08T05:35:44.189,0.217,-161.686,55.378,11620.64,0.205,0.283,0.011,5.0,8,20210508T000000_8
2021-05-08T07:03:00.427,0.718,-162.199,54.905,0.0,0.245,0.348,0.012,4.924,9,20210508T000000_9
2021-05-08T08:52:14.706,0.96,-161.749,54.905,2283.208,0.485,0.311,0.022,5.0,1,20210508T080000_1
2021-05-08T10:33:01.899,0.928,-162.214,54.904,153.802,0.478,0.333,0.003,7.0,2,20210508T080000_2
2021-05-08T10:33:59.959,0.845,-162.235,54.904,13057.323,0.318,0.293,0.048,6.0,3,20210508T080000_3
2021-05-08T11:07:17.447,0.183,-161.748,55.222,10621.176,0.192,0.211,-0.007,4.0,4,20210508T080000_4
2021-05-08T13:32:28.933,1.91,-161.418,54.904,56003.419,0.359,0.205,-0.017,10.0,5,20210508T080000_5
2021-05-08T13:32:39.011,2.376,-161.438,54.904,55606.954,0.688,0.229,0.006,10.0,6,20210508T080000_6
2021-05-08T14:00:38.858,0.266,-161.787,55.166,29787.214,0.0,0.182,-0.0,4.0,7,20210508T080000_7
2021-05-08T16:09:23.930,1.11,-161.354,54.904,49834.28,0.255,0.342,0.001,4.951,1,20210508T160000_1
2021-05-08T16:09:52.332,0.326,-162.094,55.212,0.0,0.053,0.117,-0.0,3.93,2,20210508T160000_2
2021-05-08T16:35:00.269,0.543,-161.624,55.062,30615.211,0.581,0.21,-0.023,6.0,3,20210508T160000_3
2021-05-08T17:42:12.152,1.916,-161.002,55.164,59181.199,0.357,0.235,-0.023,9.633,4,20210508T160000_4
2021-05-08T17:42:19.420,2.187,-162.123,55.921,61000.0,0.592,0.261,0.055,6.947,5,20210508T160000_5
2021-05-08T17:47:04.879,1.763,-161.391,54.904,35027.044,0.384,0.202,-0.004,9.0,6,20210508T160000_6
2021-05-08T17:47:15.605,1.844,-161.456,54.904,34805.622,0.621,0.23,0.02,9.0,7,20210508T160000_7
2021-05-08T18:23:08.756,1.432,-161.597,54.905,61000.0,0.808,0.307,-0.084,10.0,8,20210508T160000_8
2021-05-08T18:30:38.934,1.444,-162.773,54.902,61000.0,0.718,0.342,0.084,6.236,9,20210508T160000_9
2021-05-08T19:36:38.234,1.862,-162.773,54.902,61000.0,1.12,0.335,0.047,11.007,10,20210508T160000_10
2021-05-08T19:36:44.057,1.601,-162.76,54.902,61000.0,0.54,0.416,-0.094,3.993,11,20210508T160000_11
2021-05-08T19:59:32.574,2.07,-161.208,54.917,61000.0,0.352,0.209,-0.006,10.0,12,20210508T160000_12
2021-05-08T19:59:40.821,2.652,-161.206,54.903,61000.0,0.782,0.239,-0.007,10.0,13,20210508T160000_13
2021-05-08T20:15:18.410,-0.276,-161.583,55.288,175.502,1.028,0.317,0.205,7.0,14,20210508T160000_14
2021-05-08T21:26:13.756,1.512,-161.146,54.903,43835.302,0.252,0.384,-0.018,6.0,15,20210508T160000_15
2021-05-08T21:26:25.544,1.468,-161.286,54.903,42400.629,0.397,0.296,-0.001,5.0,16,20210508T160000_16
2021-05-09T00:53:54.005,1.772,-162.773,54.902,61000.0,0.843,0.288,-0.047,10.0,1,20210509T000000_1
2021-05-09T00:58:32.086,0.974,-161.411,54.904,25615.79,0.069,0.223,-0.001,4.0,2,20210509T000000_2
2021-05-09T00:58:53.790,0.821,-161.647,55.078,13649.045,0.674,0.35,-0.025,7.0,3,20210509T000000_3
2021-05-09T02:06:37.927,1.521,-161.862,55.702,61000.0,0.513,0.421,-0.091,7.0,4,20210509T000000_4
2021-05-09T02:51:16.587,0.353,-162.283,54.951,0.0,0.411,0.593,0.0,4.656,5,20210509T000000_5
2021-05-09T03:25:00.796,0.52,-162.187,55.159,0.0,0.461,0.217,-0.053,3.86,6,20210509T000000_6
2021-05-09T07:25:33.809,1.354,-162.773,54.902,61000.0,1.173,0.346,-0.067,5.0,7,20210509T000000_7
2021-05-09T07:47:42.385,-0.136,-161.614,55.345,197.255,0.692,0.3,0.081,4.0,8,20210509T000000_8
2021-05-09T08:00:00.698,2.246,-162.773,54.902,61000.0,0.914,0.218,0.031,8.256,1,20210509T080000_1
2021-05-09T08:00:05.389,2.039,-161.524,54.904,47488.917,0.499,0.365,-0.006,5.565,2,20210509T080000_2
2021-05-09T08:00:21.198,1.683,-161.906,54.905,0.0,0.937,0.294,-0.117,4.179,3,20210509T080000_3
2021-05-09T11:26:08.714,0.896,-161.76,54.905,23699.875,0.29,0.233,-0.03,3.91,4,20210509T080000_4
2021-05-09T12:17:02.640,2.343,-162.773,54.902,61000.0,0.845,0.247,0.036,11.692,5,20210509T080000_5
2021-05-09T12:17:06.979,1.914,-161.401,54.904,0.0,0.324,0.227,0.022,6.342,6,20210509T080000_6
2021-05-09T12:17:13.111,2.161,-162.617,54.903,37822.785,0.161,0.215,0.001,3.965,7,20210509T080000_7
2021-05-09T14:24:57.969,1.172,-161.008,54.904,28054.157,0.155,0.347,-0.002,4.0,8,20210509T080000_8
2021-05-09T19:43:53.392,3.056,-162.773,54.902,61000.0,0.775,0.324,0.192,15.163,1,20210509T160000_1
2021-05-09T19:44:25.261,1.275,-161.899,55.335,4727.439,0.068,0.287,-0.013,4.837,2,20210509T160000_2
2021-05-09T19:47:35.096,1.758,-161.004,55.073,25741.088,0.344,0.234,-0.018,18.0,3,20210509T160000_3
2021-05-09T23:34:24.690,2.052,-161.447,55.558,61000.0,0.418,0.236,-0.036,10.0,4,20210509T160000_4
2021-05-09T23:34:39.892,2.397,-161.188,55.605,61000.0,0.742,0.247,-0.007,8.0,5,20210509T160000_5
2021-05-10T02:57:04.491,0.941,-161.525,54.904,8707.156,0.542,0.23,0.024,6.0,1,20210510T000000_1
2021-05-10T02:57:19.053,1.233,-161.581,54.905,16787.94,0.4,0.328,0.017,4.935,2,20210510T000000_2
2021-05-10T03:08:33.513,1.334,-162.773,54.902,61000.0,0.987,0.096,-0.006,4.641,3,20210510T000000_3
2021-05-10T05:45:37.926,1.541,-162.773,54.902,61000.0,1.064,0.195,0.05,8.0,4,20210510T000000_4
2021-05-10T06:12:29.807,2.075,-161.407,54.904,49145.209,0.269,0.214,0.026,9.743,5,20210510T000000_5
2021-05-10T06:12:35.540,2.43,-162.6,55.898,61000.0,0.622,0.253,0.04,6.945,6,20210510T000000_6
2021-05-10T06:23:30.243,1.545,-161.995,54.905,61000.0,0.669,0.03,-0.001,8.0,7,20210510T000000_7
2021-05-10T06:34:07.152,2.608,-161.007,54.962,61000.0,0.333,0.23,0.033,10.0,8,20210510T000000_8
2021-05-10T06:34:14.339,2.883,-161.007,54.927,60443.256,0.874,0.23,-0.001,10.0,9,20210510T000000_9
2021-05-10T06:39:13.299,1.321,-161.006,54.974,61000.0,0.536,0.404,-0.01,6.0,10,20210510T000000_10
2021-05-10T07:05:00.501,1.231,-161.822,55.366,47061.031,0.32,0.412,-0.007,8.178,11,20210510T000000_11
2021-05-10T07:59:49.328,1.465,-161.973,55.293,61000.0,0.202,0.266,0.022,5.0,1,20210510T080000_1
2021-05-10T08:06:35.875,1.628,-161.378,54.904,30261.303,0.357,0.229,0.024,9.0,2,20210510T080000_2
2021-05-10T08:07:05.857,-0.23,-161.775,55.375,4606.63,0.228,0.598,0.001,5.571,3,20210510T080000_3
2021-05-10T12:56:23.535,1.217,-161.12,54.902,0.0,0.356,0.359,0.02,5.831,4,20210510T080000_4
2021-05-10T12:56:36.857,0.958,-161.775,54.905,7799.072,0.45,0.23,0.023,6.035,5,20210510T080000_5
2021-05-10T14:09:39.274,1.127,-162.773,54.902,30366.68,0.156,0.37,0.017,5.602,6,20210510T080000_6
2021-05-10T14:10:09.537,1.135,-162.513,54.914,0.0,0.77,0.433,0.15,6.0,7,20210510T080000_7
2021-05-10T14:30:38.831,0.498,-161.666,55.222,39502.629,0.322,0.079,-0.002,6.0,8,20210510T080000_8
2021-05-10T14:34:24.879,0.712,-161.953,55.075,38875.239,0.358,0.365,-0.067,6.0,9,20210510T080000_9
2021-05-10T15:36:01.789,1.425,-161.008,54.902,61000.0,0.959,0.335,-0.18,7.0,10,20210510T080000_10
2021-05-10T16:57:51.903,1.515,-162.785,55.457,61000.0,0.413,0.245,-0.005,5.0,1,20210510T160000_1
2021-05-10T17:49:28.417,1.029,-162.083,55.071,1054.981,0.311,0.244,0.032,15.0,2,20210510T160000_2
2021-05-10T18:04:03.194,0.779,-161.81,55.29,30166.908,0.431,0.402,-0.114,9.0,3,20210510T160000_3
2021-05-10T18:20:05.746,0.123,-161.853,55.389,16135.197,0.426,0.367,-0.063,6.0,4,20210510T160000_4
2021-05-10T19:19:45.315,1.282,-161.0,55.242,61000.0,0.837,0.383,0.062,11.0,5,20210510T160000_5
2021-05-10T19:59:14.700,1.502,-161.01,55.165,61000.0,0.064,0.025,-0.001,3.438,6,20210510T160000_6
2021-05-10T20:25:23.098,1.223,-162.292,54.904,61000.0,0.516,0.078,-0.022,4.0,7,20210510T160000_7
2021-05-10T20:40:38.387,1.16,-162.014,54.927,31116.637,0.171,0.394,-0.042,5.0,8,20210510T160000_8
2021-05-10T22:04:29.802,1.654,-161.006,54.975,58201.309,0.556,0.314,0.023,14.907,9,20210510T160000_9
2021-05-10T22:49:41.064,0.818,-161.177,55.668,3448.267,0.499,0.307,0.029,5.0,10,20210510T160000_10
2021-05-10T23:02:40.548,1.081,-161.203,55.338,38967.305,0.213,0.308,0.01,5.0,11,20210510T160000_11
2021-05-11T01:42:09.663,0.624,-161.923,55.132,5470.604,0.689,0.403,-0.032,9.855,1,20210511T000000_1
2021-05-11T01:42:20.337,1.1,-161.769,55.069,26179.804,0.932,0.313,-0.141,11.0,2,20210511T000000_2
2021-05-11T02:04:07.743,0.15,-161.677,55.336,14986.907,0.142,0.324,-0.012,6.0,3,20210511T000000_3
2021-05-11T02:16:14.347,0.543,-161.787,55.221,45155.776,0.428,0.336,-0.028,6.0,4,20210511T000000_4
2021-05-11T03:42:55.382,1.28,-162.77,55.777,61000.0,0.077,0.375,0.011,3.534,5,20210511T000000_5
2021-05-11T03:44:43.018,1.058,-161.948,55.454,34710.513,0.518,0.262,-0.034,12.995,6,20210511T000000_6
2021-05-11T03:46:30.979,0.564,-161.832,55.505,32631.477,0.389,0.376,0.012,9.0,7,20210511T000000_7
2021-05-11T03:59:12.712,1.41,-162.773,54.902,61000.0,1.099,0.176,0.111,10.006,8,20210511T000000_8
2021-05-11T04:00:15.861,1.214,-162.056,54.905,61000.0,1.154,0.182,0.005,8.0,9,20210511T000000_9
2021-05-11T04:33:01.517,0.721,-161.535,55.104,25934.646,0.0,0.398,-0.0,4.0,10,20210511T000000_10
2021-05-11T07:17:23.142,0.139,-162.29,55.349,0.0,0.565,0.357,-0.06,5.276,11,20210511T000000_11
2021-05-11T08:09:44.530,1.12,-161.434,55.675,61000.0,0.483,0.345,-0.001,6.0,1,20210511T080000_1
2021-05-11T09:52:01.982,1.904,-162.382,54.904,61000.0,0.805,0.4,-0.253,21.0,2,20210511T080000_2
2021-05-11T10:20:53.647,0.786,-161.36,54.904,11424.691,0.21,0.299,-0.002,3.951,3,20210511T080000_3
2021-05-11T10:22:43.709,1.245,-161.008,54.902,61000.0,0.487,0.465,-0.027,6.999,4,20210511T080000_4
2021-05-11T10:23:08.841,0.092,-161.621,55.268,487.263,0.046,0.393,-0.01,4.001,5,20210511T080000_5
2021-05-11T11:04:49.808,-0.247,-162.217,55.212,3319.392,0.097,0.058,-0.001,4.0,6,20210511T080000_6
2021-05-11T11:31:43.882,0.624,-162.21,54.904,0.0,0.164,0.497,0.014,7.777,7,20210511T080000_7
2021-05-11T12:39:00.864,0.649,-161.97,55.374,34091.719,0.671,0.459,-0.05,9.0,8,20210511T080000_8
2021-05-11T12:49:16.953,0.885,-161.509,55.375,29813.832,0.452,0.342,-0.063,8.0,9,20210511T080000_9
2021-05-11T13:57:45.470,0.554,-162.489,55.201,0.0,0.613,0.294,-0.112,4.999,10,20210511T080000_10
2021-05-11T13:57:57.089,1.069,-161.716,55.417,61000.0,0.031,0.35,-0.005,3.95,11,20210511T080000_11
2021-05-11T14:50:37.482,0.768,-161.735,55.41,34175.974,0.677,0.328,-0.072,9.0,12,20210511T080000_12
2021-05-11T15:07:47.333,1.644,-161.099,54.902,49145.409,0.308,0.118,0.006,9.875,13,20210511T080000_13
2021-05-11T15:08:09.251,1.239,-161.198,55.262,11834.438,0.185,0.28,0.025,7.0,14,20210511T080000_14
2021-05-11T15:08:56.588,-0.013,-161.542,55.374,5934.103,0.74,0.413,-0.109,5.0,15,20210511T080000_15
2021-05-11T15:18:39.489,0.701,-161.75,55.38,27163.682,0.766,0.319,-0.143,11.0,16,20210511T080000_16
2021-05-11T15:33:26.848,1.753,-161.416,54.904,44927.411,0.391,0.185,0.023,11.0,17,20210511T080000_17
2021-05-11T15:33:38.889,1.916,-161.476,54.904,42439.562,0.872,0.184,-0.012,12.0,18,20210511T080000_18
2021-05-11T15:35:18.677,0.703,-162.465,55.645,31870.693,0.131,0.451,0.013,5.0,19,20210511T080000_19
2021-05-11T15:39:07.150,1.181,-161.335,54.904,33337.168,0.215,0.214,-0.021,6.0,20,20210511T080000_20
2021-05-11T15:39:22.617,0.992,-161.494,54.904,16670.619,0.413,0.248,0.021,6.0,21,20210511T080000_21
2021-05-11T17:07:35.305,0.899,-161.712,55.295,40469.466,0.417,0.35,-0.013,8.754,1,20210511T160000_1
2021-05-11T17:24:33.937,0.736,-161.622,55.343,40344.633,0.326,0.316,-0.046,5.804,2,20210511T160000_2
2021-05-11T17:33:51.553,0.458,-161.616,55.146,214.952,0.472,0.343,0.016,6.0,3,20210511T160000_3
2021-05-11T19:19:53.062,0.647,-161.851,55.309,23158.429,0.526,0.244,-0.005,9.0,4,20210511T160000_4
2021-05-11T19:54:22.875,0.424,-161.684,55.413,17306.794,0.506,0.367,-0.093,8.0,5,20210511T160000_5
2021-05-11T20:06:27.976,0.818,-161.855,55.363,29222.934,0.726,0.337,-0.066,10.873,6,20210511T160000_6
2021-05-11T20:10:20.742,0.768,-162.002,55.25,17693.315,0.44,0.268,0.028,8.829,7,20210511T160000_7
2021-05-11T20:28:07.605,1.801,-161.008,54.919,61000.0,0.346,0.219,0.043,12.0,8,20210511T160000_8
2021-05-11T20:28:16.668,2.178,-161.008,54.902,50868.411,0.583,0.244,0.038,10.0,9,20210511T160000_9
2021-05-11T20:35:40.034,1.25,-162.759,54.902,45608.745,0.519,0.205,-0.05,6.0,10,20210511T160000_10
2021-05-11T20:36:35.800,-1.084,-161.865,55.144,0.0,0.626,0.887,0.329,3.942,11,20210511T160000_11
2021-05-11T21:12:48.009,1.173,-161.417,54.904,54415.506,0.248,0.17,-0.018,4.0,12,20210511T160000_12
2021-05-11T21:13:17.758,0.337,-162.234,55.25,0.0,0.131,0.37,0.009,5.0,13,20210511T160000_13
2021-05-11T21:19:06.870,0.729,-161.13,54.903,0.0,0.269,0.345,-0.027,4.906,14,20210511T160000_14
2021-05-11T21:49:11.220,0.535,-161.741,55.39,25005.835,0.502,0.362,-0.116,10.0,15,20210511T160000_15
2021-05-11T22:58:11.167,-0.034,-162.012,55.263,23517.899,0.948,0.339,-0.021,5.0,16,20210511T160000_16
2021-05-11T23:08:26.040,1.333,-161.385,54.926,47712.429,0.311,0.278,-0.028,8.969,17,20210511T160000_17
2021-05-11T23:08:39.952,1.167,-161.746,55.016,61000.0,0.611,0.176,-0.008,5.818,18,20210511T160000_18
2021-05-11T23:16:28.010,1.225,-162.407,54.948,61000.0,0.283,0.16,0.017,5.01,19,20210511T160000_19
2021-05-11T23:16:53.243,0.538,-162.175,55.041,6667.888,0.0,0.294,0.0,3.677,20,20210511T160000_20
2021-05-12T00:00:14.519,0.084,-162.187,55.239,0.0,0.602,0.288,-0.097,4.0,1,20210512T000000_1
2021-05-12T00:15:36.140,-0.442,-161.899,55.419,32.238,0.449,0.35,-0.053,4.0,2,20210512T000000_2
2021-05-12T00:42:03.436,0.123,-162.006,55.101,16466.494,0.128,0.286,0.005,5.0,3,20210512T000000_3
2021-05-12T00:51:05.455,0.588,-161.877,55.526,31706.081,0.225,0.315,0.0,7.28,4,20210512T000000_4
2021-05-12T01:20:23.509,1.224,-162.378,55.074,61000.0,0.345,0.47,-0.046,7.842,5,20210512T000000_5
2021-05-12T01:48:38.653,1.083,-161.436,55.364,54532.584,0.531,0.316,-0.037,11.636,6,20210512T000000_6
2021-05-12T02:04:20.729,1.284,-162.414,54.904,17231.632,0.503,0.368,-0.019,10.0,7,20210512T000000_7
2021-05-12T02:04:36.274,1.765,-162.682,54.902,18683.974,0.498,0.263,0.017,6.0,8,20210512T000000_8
2021-05-12T02:29:56.172,1.301,-161.005,55.025,41094.001,0.182,0.163,0.019,5.0,9,20210512T000000_9
2021-05-12T03:00:06.394,0.463,-162.157,54.905,14352.655,0.347,0.29,-0.018,7.0,10,20210512T000000_10
2021-05-12T03:00:27.898,1.284,-162.773,54.902,10196.901,0.649,0.291,-0.018,6.784,11,20210512T000000_11
2021-05-12T03:14:42.959,1.051,-162.177,54.905,61000.0,0.295,0.014,0.002,6.0,12,20210512T000000_12
2021-05-12T03:14:59.163,0.746,-161.744,54.905,0.0,0.746,0.402,-0.134,7.0,13,20210512T000000_13
2021-05-12T03:26:33.303,0.737,-161.661,55.255,26928.131,0.494,0.36,-0.041,7.0,14,20210512T000000_14
2021-05-12T04:44:38.500,0.35,-161.862,55.148,0.0,0.508,0.356,0.02,8.0,15,20210512T000000_15
2021-05-12T05:00:14.135,0.609,-161.731,55.491,30502.702,0.112,0.368,0.014,7.897,16,20210512T000000_16
2021-05-12T05:19:01.156,0.441,-161.922,55.47,33511.889,0.332,0.369,-0.024,11.0,17,20210512T000000_17
2021-05-12T05:34:21.490,0.822,-161.922,55.044,0.0,0.595,0.323,-0.105,6.0,18,20210512T000000_18
2021-05-12T06:28:01.337,0.489,-161.94,55.379,21446.736,0.728,0.364,0.427,10.0,19,20210512T000000_19
2021-05-12T07:48:40.386,0.581,-161.674,55.729,0.0,0.712,0.268,-0.115,4.873,20,20210512T000000_20
2021-05-12T08:26:27.353,0.924,-161.197,54.903,35219.843,0.268,0.199,-0.018,7.0,1,20210512T080000_1
2021-05-12T08:26:38.117,0.827,-161.27,54.903,41186.974,0.502,0.238,0.009,5.0,2,20210512T080000_2
2021-05-12T08:56:35.979,1.252,-162.008,55.291,61000.0,0.686,0.334,-0.023,11.0,3,20210512T080000_3
2021-05-12T09:34:33.037,1.869,-162.213,54.904,0.0,0.449,0.517,0.03,10.745,4,20210512T080000_4
2021-05-12T09:34:44.270,2.41,-162.713,54.902,32434.61,0.171,0.334,-0.006,5.0,5,20210512T080000_5
2021-05-12T09:35:33.143,2.018,-162.778,55.147,61000.0,0.705,0.242,0.028,9.0,6,20210512T080000_6
2021-05-12T09:38:21.177,0.162,-162.227,55.016,0.0,0.14,0.522,-0.018,5.0,7,20210512T080000_7
2021-05-12T10:09:16.354,-0.376,-162.344,54.996,400.885,0.028,0.691,0.002,4.0,8,20210512T080000_8
2021-05-12T10:22:11.664,0.147,-161.731,55.44,12503.228,0.631,0.296,-0.086,7.0,9,20210512T080000_9
2021-05-12T10:32:30.349,0.513,-161.837,55.305,21704.301,0.38,0.315,-0.035,5.729,10,20210512T080000_10
2021-05-12T10:33:17.230,1.103,-162.068,54.905,61000.0,0.863,0.147,-0.01,8.0,11,20210512T080000_11
2021-05-12T12:14:07.378,1.052,-161.342,54.904,43711.019,0.235,0.231,-0.013,5.0,12,20210512T080000_12
2021-05-12T12:14:25.900,0.725,-161.613,54.905,15509.43,0.357,0.099,0.016,5.0,13,20210512T080000_13
2021-05-12T12:24:44.522,1.306,-161.002,55.197,61000.0,0.639,0.187,0.034,9.0,14,20210512T080000_14
2021-05-12T12:25:04.289,1.424,-161.003,55.114,34809.61,0.754,0.278,0.035,5.23,15,20210512T080000_15
2021-05-12T12:45:13.100,0.216,-161.871,55.447,16375.034,0.517,0.309,-0.115,10.0,16,20210512T080000_16
2021-05-12T13:58:27.967,0.669,-161.546,54.904,17292.616,0.202,0.096,0.029,4.148,17,20210512T080000_17
2021-05-12T13:58:30.854,1.235,-161.263,55.745,2246.092,0.754,0.05,-0.01,4.852,18,20210512T080000_18
2021-05-12T15:08:52.061,0.566,-162.006,55.32,30730.154,0.886,0.336,-0.104,9.0,19,20210512T080000_19
2021-05-12T15:26:01.990,0.369,-161.819,55.304,23888.018,0.746,0.442,-0.118,9.0,20,20210512T080000_20
2021-05-12T15:37:15.042,0.667,-161.689,55.444,31682.49,0.509,0.29,-0.05,7.718,21,20210512T080000_21
2021-05-12T15:38:58.782,0.095,-162.048,54.995,29.161,0.323,0.15,-0.032,10.0,22,20210512T080000_22
2021-05-12T16:20:00.081,1.507,-161.11,54.902,59892.225,0.389,0.141,0.034,10.516,1,20210512T160000_1
2021-05-12T16:20:07.433,1.667,-162.779,55.796,61000.0,0.525,0.261,0.065,6.25,2,20210512T160000_2
2021-05-12T17:02:26.671,0.885,-162.29,54.904,61000.0,0.844,0.256,0.018,7.0,3,20210512T160000_3
2021-05-12T17:53:43.264,2.849,-161.033,54.902,61000.0,0.392,0.409,0.104,12.0,4,20210512T160000_4
2021-05-12T17:53:51.619,3.074,-161.114,54.902,61000.0,0.738,0.225,-0.012,11.0,5,20210512T160000_5
2021-05-12T18:02:09.752,0.196,-161.609,55.519,664.021,0.651,0.404,-0.135,4.0,6,20210512T160000_6
2021-05-12T18:14:52.060,0.883,-161.748,55.129,35242.435,0.243,0.298,-0.035,6.118,7,20210512T160000_7
2021-05-12T18:31:53.027,1.613,-162.491,55.164,61000.0,0.408,0.375,0.019,10.997,8,20210512T160000_8
2021-05-12T20:26:40.055,0.076,-161.645,55.398,13952.999,0.226,0.338,-0.007,5.0,9,20210512T160000_9
2021-05-12T20:50:49.755,1.04,-161.258,54.903,31821.135,0.111,0.341,-0.024,4.908,10,20210512T160000_10
2021-05-12T20:51:16.483,0.244,-162.188,55.258,11647.224,0.736,0.181,0.031,5.681,11,20210512T160000_11
2021-05-12T21:33:09.928,1.165,-161.251,54.903,0.0,0.877,0.294,0.031,8.809,13,20210512T160000_13
2021-05-12T21:33:10.973,1.033,-162.773,54.902,0.0,0.094,0.215,0.025,4.549,12,20210512T160000_12
2021-05-12T21:33:34.602,-0.611,-161.796,55.332,0.0,0.301,0.392,0.057,5.642,14,20210512T160000_14
2021-05-12T21:42:25.299,1.25,-162.773,54.902,61000.0,0.959,0.222,-0.086,7.571,15,20210512T160000_15
2021-05-12T22:03:27.857,1.658,-162.773,54.907,61000.0,0.608,0.284,0.06,10.703,16,20210512T160000_16
2021-05-12T22:06:14.545,0.988,-162.204,54.905,0.0,0.233,0.488,-0.01,8.73,17,20210512T160000_17
2021-05-12T22:22:55.633,0.708,-161.129,55.009,379.549,0.201,0.385,-0.0,4.0,18,20210512T160000_18
2021-05-12T22:24:53.144,0.128,-161.963,55.139,0.0,0.303,0.359,-0.004,5.0,19,20210512T160000_19
2021-05-12T22:24:56.263,1.497,-161.608,54.905,53478.602,0.768,0.241,-0.064,8.0,20,20210512T160000_20
2021-05-12T23:02:41.253,0.585,-162.251,54.981,7004.469,0.229,0.477,-0.006,9.0,21,20210512T160000_21
2021-05-12T23:25:04.905,1.435,-161.265,54.903,61000.0,0.799,0.341,0.089,9.949,22,20210512T160000_22
2021-05-13T01:35:23.479,1.196,-161.146,54.903,2024.228,0.364,0.271,0.023,5.828,1,20210513T000000_1
2021-05-13T01:43:48.836,-0.111,-161.756,55.388,10641.34,0.331,0.351,-0.039,5.856,2,20210513T000000_2
2021-05-13T01:58:12.046,0.215,-161.748,55.436,13090.809,0.549,0.371,-0.092,9.0,3,20210513T000000_3
2021-05-13T02:08:53.989,0.507,-161.721,55.402,20296.339,0.522,0.365,-0.076,11.0,4,20210513T000000_4
2021-05-13T02:15:35.105,0.181,-161.643,55.435,12307.45,0.69,0.444,-0.079,8.0,5,20210513T000000_5
2021-05-13T03:22:18.349,1.103,-161.64,55.018,12992.022,0.442,0.35,0.023,10.641,6,20210513T000000_6
2021-05-13T03:22:20.401,2.117,-161.306,55.526,52990.937,0.486,0.122,0.015,4.359,7,20210513T000000_7
2021-05-13T03:22:33.469,1.567,-161.326,55.161,25376.018,0.288,0.291,-0.031,7.0,8,20210513T000000_8
2021-05-13T04:20:47.156,0.173,-161.507,55.351,21638.873,0.464,0.255,0.022,5.0,9,20210513T000000_9
2021-05-13T05:26:46.194,1.412,-161.567,54.904,61000.0,0.421,0.257,-0.048,5.924,10,20210513T000000_10
2021-05-13T05:29:02.196,0.736,-162.229,54.904,0.0,0.179,0.229,0.009,4.0,11,20210513T000000_11
2021-05-13T06:17:17.512,1.975,-161.0,55.255,61000.0,0.382,0.223,-0.007,10.823,12,20210513T000000_12
2021-05-13T06:17:24.502,2.561,-162.051,55.922,61000.0,0.538,0.255,0.056,5.819,13,20210513T000000_13
2021-05-13T06:19:38.454,0.693,-161.729,55.322,30495.944,0.727,0.296,-0.122,10.0,14,20210513T000000_14
2021-05-13T06:40:29.355,0.511,-161.567,55.342,25423.283,0.632,0.352,-0.055,10.999,15,20210513T000000_15
2021-05-13T08:10:32.057,1.597,-162.233,54.904,336.973,0.508,0.525,0.001,11.687,1,20210513T080000_1
2021-05-13T08:10:50.976,1.91,-162.109,54.905,0.0,0.856,0.16,0.032,5.0,2,20210513T080000_2
2021-05-13T08:37:31.916,1.211,-161.967,55.922,61000.0,0.104,0.516,-0.004,3.99,3,20210513T080000_3
2021-05-13T08:53:59.043,1.16,-161.008,54.902,4818.676,0.169,0.211,0.018,5.0,4,20210513T080000_4
2021-05-13T08:54:10.371,1.283,-161.25,54.903,40199.315,0.526,0.276,-0.013,8.0,5,20210513T080000_5
2021-05-13T09:29:58.071,1.369,-162.256,54.904,6325.444,0.321,0.477,0.013,10.949,6,20210513T080000_6
2021-05-13T09:30:11.902,1.736,-162.579,54.903,0.0,0.85,0.448,0.035,7.759,7,20210513T080000_7
2021-05-13T11:39:09.228,1.886,-162.773,54.902,61000.0,0.878,0.446,-0.134,16.0,8,20210513T080000_8
2021-05-13T11:43:33.358,0.704,-161.947,55.078,1226.142,0.509,0.393,0.072,4.0,9,20210513T080000_9
2021-05-13T11:47:14.947,1.505,-161.534,54.904,56967.159,0.404,0.357,-0.019,14.991,10,20210513T080000_10
2021-05-13T13:05:31.574,0.65,-161.561,55.199,19698.124,0.072,0.336,0.004,4.0,11,20210513T080000_11
2021-05-13T13:16:17.062,1.53,-161.243,54.903,39312.121,0.223,0.189,0.003,8.0,12,20210513T080000_12
2021-05-13T13:16:26.011,1.765,-161.367,54.904,60952.765,0.532,0.269,-0.017,8.833,13,20210513T080000_13
2021-05-13T13:31:41.979,1.097,-161.484,55.47,61000.0,0.168,0.341,0.017,4.808,14,20210513T080000_14
2021-05-13T15:01:12.278,1.466,-162.402,54.904,61000.0,0.649,0.238,-0.007,8.0,15,20210513T080000_15
2021-05-13T15:18:35.957,2.371,-162.139,54.905,46741.028,0.857,0.402,-0.201,15.0,16,20210513T080000_16
2021-05-13T15:26:30.393,0.489,-161.604,55.31,13741.777,0.203,0.346,0.01,6.0,17,20210513T080000_17
2021-05-13T19:11:29.718,1.729,-162.773,54.902,61000.0,0.96,0.378,0.009,6.0,1,20210513T160000_1
2021-05-13T19:11:58.329,0.74,-162.126,55.359,0.0,0.504,0.59,-0.024,4.0,2,20210513T160000_2
2021-05-13T21:06:11.679,1.558,-162.243,54.904,0.0,0.345,0.356,0.006,8.881,3,20210513T160000_3
2021-05-13T21:06:29.154,1.717,-162.229,54.904,0.0,0.998,0.386,0.059,6.003,4,20210513T160000_4
2021-05-14T02:07:40.670,2.28,-161.001,55.295,61000.0,0.419,0.265,-0.029,8.25,1,20210514T000000_1
2021-05-14T02:07:47.578,2.721,-162.048,55.922,61000.0,0.513,0.272,0.038,6.692,2,20210514T000000_2
2021-05-14T07:59:44.608,1.122,-162.308,55.921,61000.0,0.556,0.153,0.029,3.835,1,20210514T080000_1
2021-05-14T08:12:16.200,0.561,-162.3,55.117,16636.724,0.367,0.082,0.005,4.0,2,20210514T080000_2
2021-05-14T10:49:45.664,1.808,-161.0,55.259,50781.87,0.269,0.473,0.039,7.884,3,20210514T080000_3
2021-05-14T10:51:10.992,0.947,-161.721,55.296,15075.412,0.534,0.46,0.024,7.784,4,20210514T080000_4
2021-05-14T12:16:18.561,0.923,-161.461,55.374,13793.92,0.497,0.346,0.058,8.0,5,20210514T080000_5
2021-05-14T14:14:22.938,2.044,-161.006,55.013,49694.24,0.207,0.298,0.014,8.0,6,20210514T080000_6
2021-05-14T14:14:27.962,2.263,-161.007,54.963,57974.967,0.635,0.275,0.013,9.0,7,20210514T080000_7
2021-05-14T14:15:58.609,0.619,-161.396,55.374,745.43,0.288,0.208,0.011,6.0,8,20210514T080000_8
2021-05-14T16:42:12.674,1.058,-161.7,55.284,18554.605,0.417,0.412,-0.071,8.786,1,20210514T160000_1
2021-05-14T19:17:25.289,0.57,-161.361,55.318,736.132,0.592,0.3,0.067,7.0,2,20210514T160000_2
2021-05-14T20:59:04.344,2.029,-162.773,54.902,61000.0,1.055,0.343,0.017,11.002,3,20210514T160000_3
2021-05-14T20:59:11.457,1.81,-162.773,54.902,55189.614,0.485,0.39,-0.105,3.998,4,20210514T160000_4
2021-05-14T22:27:21.628,2.1,-162.64,54.903,61000.0,1.263,0.439,0.058,10.211,5,20210514T160000_5
2021-05-14T23:36:10.072,0.672,-161.359,55.294,701.213,0.584,0.254,0.035,6.0,6,20210514T160000_6
2021-05-15T00:02:16.798,0.387,-161.423,55.327,607.37,0.422,0.2,0.039,5.0,1,20210515T000000_1
2021-05-15T00:48:58.445,2.199,-161.008,54.926,55159.725,0.204,0.252,-0.007,9.0,2,20210515T000000_2
2021-05-15T00:49:07.224,2.569,-161.017,54.902,50778.238,0.734,0.201,0.036,11.0,3,20210515T000000_3
2021-05-15T01:49:59.954,1.05,-161.951,54.923,30525.47,0.0,0.162,-0.0,4.0,4,20210515T000000_4
2021-05-15T02:01:58.174,0.652,-161.597,55.392,17778.945,0.424,0.386,0.053,8.0,5,20210515T000000_5
2021-05-15T03:36:57.391,0.816,-161.326,54.904,683.625,0.074,0.282,-0.004,4.0,6,20210515T000000_6
2021-05-15T03:42:34.507,2.293,-161.083,54.902,61000.0,0.946,0.25,0.058,15.072,7,20210515T000000_7
2021-05-15T03:43:01.885,1.041,-161.701,55.317,7586.393,0.328,0.463,-0.006,5.928,8,20210515T000000_8
2021-05-15T03:49:30.942,0.616,-161.264,55.44,1157.988,0.502,0.17,-0.01,6.0,9,20210515T000000_9
2021-05-15T05:57:20.016,1.708,-161.289,55.427,58131.658,0.49,0.394,-0.052,9.074,10,20210515T000000_10
2021-05-15T06:21:30.894,3.549,-161.008,54.902,61000.0,0.87,0.296,0.045,20.0,11,20210515T000000_11
2021-05-15T06:32:46.090,1.458,-161.008,54.902,61000.0,0.898,0.455,-0.118,4.0,12,20210515T000000_12
2021-05-15T06:37:33.739,1.894,-161.435,54.904,44232.296,0.357,0.251,0.04,10.954,13,20210515T000000_13
2021-05-15T07:14:59.122,1.814,-161.348,54.904,30383.826,0.405,0.277,-0.003,8.965,14,20210515T000000_14
2021-05-15T07:15:16.190,1.834,-161.646,55.512,48236.532,0.027,0.38,0.002,5.075,15,20210515T000000_15
2021-05-15T07:15:26.016,1.425,-162.276,55.245,9690.824,0.117,0.291,0.014,4.732,16,20210515T000000_16
2021-05-15T10:36:18.068,1.655,-161.29,54.903,38533.226,0.328,0.204,0.003,9.0,1,20210515T080000_1
2021-05-15T10:36:28.987,1.523,-161.496,54.949,38071.656,0.757,0.275,-0.014,8.0,2,20210515T080000_2
2021-05-15T11:14:02.174,1.653,-162.773,54.902,61000.0,0.98,0.116,0.049,3.412,3,20210515T080000_3
2021-05-15T11:25:46.106,0.536,-161.741,55.335,38184.175,0.522,0.177,0.001,4.0,4,20210515T080000_4
2021-05-15T13:02:37.435,1.546,-161.008,54.902,61000.0,0.897,0.42,-0.107,11.0,5,20210515T080000_5
2021-05-15T13:13:13.900,1.184,-161.346,54.904,37384.371,0.261,0.213,-0.042,5.408,6,20210515T080000_6
2021-05-15T13:13:22.762,1.888,-161.498,55.628,34014.728,0.003,0.207,0.001,3.592,7,20210515T080000_7
2021-05-15T13:13:31.800,1.533,-161.097,55.142,0.0,0.025,0.296,0.0,4.0,8,20210515T080000_8
2021-05-15T13:35:12.081,0.999,-161.886,55.275,38677.497,0.42,0.353,-0.14,9.0,9,20210515T080000_9
2021-05-15T14:52:21.095,0.867,-162.551,54.903,7214.24,0.023,0.398,-0.005,4.0,10,20210515T080000_10
2021-05-15T15:36:53.665,0.889,-161.445,55.213,25246.936,0.327,0.358,0.056,6.0,11,20210515T080000_11
2021-05-15T15:47:36.421,0.984,-162.074,55.337,33908.513,0.471,0.353,-0.13,8.0,12,20210515T080000_12
2021-05-15T18:00:19.077,1.391,-162.619,54.903,61000.0,0.855,0.275,0.037,10.0,1,20210515T160000_1
2021-05-15T20:18:10.834,1.441,-161.031,54.902,32040.052,0.278,0.319,-0.011,6.0,2,20210515T160000_2
2021-05-15T20:18:25.104,1.006,-161.751,55.08,61000.0,0.08,0.265,0.004,4.0,3,20210515T160000_3
2021-05-15T21:00:58.610,1.284,-161.576,54.905,33367.286,0.353,0.286,-0.013,9.0,4,20210515T160000_4
2021-05-15T21:01:05.836,1.515,-161.621,54.905,40256.051,0.736,0.208,-0.023,8.0,5,20210515T160000_5
2021-05-15T23:36:50.916,0.15,-162.303,55.219,0.0,0.309,0.091,-0.003,4.0,6,20210515T160000_6
2021-05-15T23:59:49.580,0.887,-161.903,55.334,61000.0,0.424,0.602,-0.083,4.0,1,20210516T000000_1
2021-05-16T00:53:06.802,0.934,-161.484,55.004,29345.871,0.261,0.28,0.021,7.0,2,20210516T000000_2
2021-05-16T00:53:18.974,1.973,-161.214,54.903,54255.908,0.362,0.27,0.004,6.489,3,20210516T000000_3
2021-05-16T01:06:36.748,0.608,-161.859,55.026,0.0,0.391,0.234,0.039,6.0,4,20210516T000000_4
2021-05-16T01:09:06.530,0.899,-162.115,55.173,0.0,0.33,0.346,-0.03,6.298,5,20210516T000000_5
2021-05-16T01:33:38.941,1.523,-161.458,55.122,53769.156,0.509,0.31,0.003,8.0,6,20210516T000000_6
2021-05-16T02:20:02.940,0.384,-162.008,55.164,16203.386,0.006,0.222,0.0,5.0,7,20210516T000000_7
2021-05-16T02:27:53.458,0.223,-161.446,55.394,1909.269,0.418,0.307,0.076,5.0,8,20210516T000000_8
2021-05-16T04:52:24.716,0.677,-161.288,55.438,2530.634,0.036,0.359,0.008,4.0,9,20210516T000000_9
2021-05-16T07:19:34.832,1.111,-161.008,54.902,3092.67,0.17,0.431,-0.026,5.0,10,20210516T000000_10
2021-05-16T08:16:24.197,0.622,-162.08,55.195,0.0,0.374,0.228,-0.056,4.0,1,20210516T080000_1
2021-05-16T08:26:13.340,1.512,-161.777,55.265,61000.0,0.138,0.047,0.016,4.191,3,20210516T080000_3
2021-05-16T08:26:15.102,0.663,-162.233,55.484,45069.803,0.352,0.427,-0.034,4.809,2,20210516T080000_2
2021-05-16T08:39:50.494,1.291,-161.21,54.903,61000.0,0.508,0.383,-0.104,6.926,4,20210516T080000_4
2021-05-16T13:25:13.250,0.242,-161.564,55.286,28082.966,0.068,0.417,0.011,5.0,5,20210516T080000_5
2021-05-16T13:30:07.766,0.558,-162.254,54.993,0.0,0.48,0.588,-0.044,7.763,6,20210516T080000_6
2021-05-16T13:53:42.487,0.818,-162.114,55.35,33773.786,0.567,0.282,-0.045,6.319,7,20210516T080000_7
2021-05-16T14:13:06.903,0.884,-161.846,55.316,45081.905,0.341,0.377,-0.044,7.312,8,20210516T080000_8
2021-05-16T14:18:31.956,1.413,-162.773,54.902,61000.0,1.142,0.174,-0.037,10.0,9,20210516T080000_9
2021-05-16T14:21:21.560,1.322,-161.238,54.903,57344.202,0.283,0.322,0.026,7.0,10,20210516T080000_10
2021-05-16T14:21:35.695,1.241,-161.337,54.904,35622.116,0.222,0.233,-0.003,6.0,11,20210516T080000_11
2021-05-16T15:47:55.978,1.918,-161.309,54.904,61000.0,0.534,0.131,0.02,10.975,12,20210516T080000_12
2021-05-16T15:48:11.085,2.052,-161.839,54.99,61000.0,0.7,0.121,-0.037,5.896,13,20210516T080000_13
2021-05-16T16:14:24.541,1.788,-162.796,55.918,61000.0,0.335,0.291,0.041,5.02,1,20210516T160000_1
2021-05-16T16:14:45.884,0.84,-161.779,55.184,14459.33,0.0,0.298,-0.0,3.98,2,20210516T160000_2
2021-05-16T16:16:55.022,1.415,-162.773,54.902,61000.0,0.95,0.088,0.022,6.024,3,20210516T160000_3
2021-05-16T17:39:54.974,0.835,-161.658,55.05,37576.196,0.0,0.27,0.0,4.0,4,20210516T160000_4
2021-05-16T18:12:15.436,0.06,-162.352,54.994,134.691,0.211,0.562,-0.015,5.0,5,20210516T160000_5
2021-05-16T18:12:19.244,0.949,-162.633,54.903,8314.362,0.476,0.354,-0.073,6.0,6,20210516T160000_6
2021-05-16T18:17:58.839,0.858,-161.25,54.99,20715.602,0.0,0.284,-0.0,4.0,7,20210516T160000_7
2021-05-16T18:18:12.773,0.998,-161.322,55.055,21525.826,0.0,0.225,-0.0,4.0,8,20210516T160000_8
2021-05-16T18:54:44.458,1.396,-161.145,54.903,43622.048,0.211,0.217,-0.008,7.0,9,20210516T160000_9
2021-05-16T18:54:55.660,1.288,-161.245,54.903,46616.538,0.558,0.263,0.007,6.0,10,20210516T160000_10
2021-05-16T20:19:14.627,0.987,-162.067,55.346,34907.829,0.652,0.289,-0.099,10.0,11,20210516T160000_11
2021-05-16T21:36:25.875,2.116,-161.008,54.906,61000.0,0.328,0.158,0.01,11.0,12,20210516T160000_12
2021-05-16T21:36:34.400,2.432,-161.008,54.905,55425.279,0.765,0.249,-0.021,11.0,13,20210516T160000_13
2021-05-16T21:59:23.755,0.683,-161.355,55.345,25529.887,0.298,0.425,0.042,9.0,14,20210516T160000_14
2021-05-16T22:14:27.005,1.17,-161.915,55.071,42831.523,0.204,0.231,-0.017,4.883,15,20210516T160000_15
2021-05-16T22:26:45.199,0.678,-162.248,55.161,29065.542,0.384,0.354,-0.179,7.0,16,20210516T160000_16
2021-05-16T23:43:20.116,2.072,-162.773,54.902,61000.0,1.211,0.342,-0.122,20.0,17,20210516T160000_17
2021-05-17T00:24:52.901,1.548,-162.783,55.388,61000.0,0.586,0.104,0.027,5.0,1,20210517T000000_1
2021-05-17T00:38:22.078,1.109,-161.56,55.317,49309.292,0.069,0.243,0.001,6.818,2,20210517T000000_2
2021-05-17T00:47:32.746,1.011,-162.1,55.259,45164.801,0.321,0.22,-0.0,5.984,3,20210517T000000_3
2021-05-17T00:47:46.996,1.021,-162.513,55.332,0.0,0.086,0.219,-0.0,3.661,4,20210517T000000_4
2021-05-17T00:52:30.977,1.044,-162.239,54.904,0.0,0.694,0.401,0.024,9.956,5,20210517T000000_5
2021-05-17T03:27:37.169,0.558,-162.235,55.083,0.0,0.737,0.283,-0.123,4.0,6,20210517T000000_6
2021-05-17T04:38:12.447,1.414,-162.773,54.902,61000.0,0.933,0.29,-0.148,16.0,7,20210517T000000_7
2021-05-17T05:09:58.236,0.801,-160.995,55.471,2102.552,0.115,0.29,-0.004,4.0,8,20210517T000000_8
2021-05-17T05:41:44.157,0.992,-161.623,55.199,33970.256,0.733,0.22,-0.045,8.0,9,20210517T000000_9
2021-05-17T06:02:14.782,1.534,-161.066,54.902,46868.219,0.203,0.17,-0.005,8.0,10,20210517T000000_10
2021-05-17T06:02:23.725,1.543,-161.077,54.902,50438.04,0.6,0.298,0.058,10.0,11,20210517T000000_11
2021-05-17T08:16:27.542,1.105,-161.985,55.264,43892.413,0.56,0.351,0.001,9.77,1,20210517T080000_1
2021-05-17T08:24:27.320,1.397,-161.612,54.905,61000.0,1.097,0.087,0.007,8.0,2,20210517T080000_2
2021-05-17T09:02:03.461,1.309,-162.122,54.905,61000.0,0.761,0.205,-0.025,7.665,3,20210517T080000_3
2021-05-17T09:36:42.526,0.076,-162.081,55.27,0.0,0.27,0.358,-0.003,7.0,4,20210517T080000_4
2021-05-17T10:19:12.163,2.313,-162.05,54.905,40052.677,0.767,0.493,-0.184,17.845,5,20210517T080000_5
2021-05-17T10:19:18.467,1.894,-161.661,54.905,0.0,0.583,0.4,0.108,4.155,6,20210517T080000_6
2021-05-17T10:36:45.325,1.291,-161.317,54.904,55959.212,0.415,0.22,-0.032,6.68,7,20210517T080000_7
2021-05-17T12:51:45.341,1.31,-161.008,54.902,61000.0,0.842,0.343,0.021,14.989,8,20210517T080000_8
2021-05-17T13:21:06.904,1.754,-161.351,54.904,46999.9,0.401,0.156,0.025,11.0,9,20210517T080000_9
2021-05-17T13:21:18.173,1.931,-161.411,54.904,44942.11,0.619,0.208,0.018,11.0,10,20210517T080000_10
2021-05-17T13:22:04.352,1.098,-162.673,54.902,11817.019,0.267,0.264,-0.01,6.0,11,20210517T080000_11
2021-05-17T13:22:10.737,1.626,-162.775,55.004,41042.8,0.554,0.195,-0.043,5.0,12,20210517T080000_12
2021-05-17T13:34:28.739,0.835,-161.294,54.903,31742.276,0.318,0.294,-0.009,4.95,13,20210517T080000_13
2021-05-17T14:22:23.185,0.921,-162.773,54.902,9752.766,0.548,0.261,0.327,4.974,14,20210517T080000_14
2021-05-17T16:10:54.102,1.542,-161.283,54.903,43327.171,0.356,0.151,0.013,9.491,1,20210517T160000_1
2021-05-17T16:10:59.861,1.701,-162.697,55.738,61000.0,0.366,0.278,-0.012,6.657,2,20210517T160000_2
2021-05-17T16:11:17.604,1.061,-161.807,55.224,33426.298,0.034,0.297,0.001,3.622,3,20210517T160000_3
2021-05-17T16:22:47.015,0.668,-161.93,55.031,0.0,0.261,0.391,-0.02,5.0,4,20210517T160000_4
2021-05-17T16:53:22.108,1.133,-162.558,54.903,61000.0,0.433,0.13,-0.0,8.0,5,20210517T160000_5
2021-05-17T16:59:37.242,1.526,-161.287,54.903,46821.627,0.343,0.124,0.009,9.673,6,20210517T160000_6
2021-05-17T16:59:52.939,1.542,-161.003,55.139,9191.768,0.344,0.225,-0.006,7.0,7,20210517T160000_7
2021-05-17T17:14:46.541,0.721,-161.67,55.099,28003.208,0.39,0.275,-0.004,10.0,8,20210517T160000_8
2021-05-17T17:15:06.451,0.298,-161.841,55.058,1495.033,0.234,0.227,0.009,4.636,9,20210517T160000_9
2021-05-17T17:44:57.292,0.118,-161.732,55.328,38632.505,0.02,0.098,0.0,4.0,10,20210517T160000_10
2021-05-17T17:57:33.855,1.189,-161.672,55.467,61000.0,0.346,0.087,0.007,5.0,11,20210517T160000_11
2021-05-17T19:28:20.198,1.29,-162.773,54.902,61000.0,1.099,0.171,0.099,9.862,12,20210517T160000_12
2021-05-17T20:27:47.037,1.692,-162.783,55.364,43679.717,0.269,0.118,0.021,4.62,14,20210517T160000_14
2021-05-17T20:27:51.788,0.696,-162.251,55.01,8692.297,0.44,0.788,0.087,9.38,13,20210517T160000_13
2021-05-17T21:59:40.427,1.22,-161.957,54.905,61000.0,0.811,0.243,-0.056,13.0,15,20210517T160000_15
2021-05-17T23:49:30.269,1.222,-161.003,55.139,61000.0,0.404,0.295,-0.0,7.359,16,20210517T160000_16
2021-05-17T23:49:32.311,1.303,-160.998,55.364,61000.0,0.439,0.302,-0.016,5.378,17,20210517T160000_17
2021-05-18T01:36:49.441,1.268,-161.208,54.903,61000.0,0.649,0.059,0.01,8.0,1,20210518T000000_1
2021-05-18T02:09:25.828,0.88,-161.852,55.18,30097.737,0.699,0.26,-0.052,10.0,2,20210518T000000_2
2021-05-18T02:18:49.582,2.087,-162.725,54.902,61000.0,0.836,0.254,0.029,8.567,3,20210518T000000_3
2021-05-18T02:18:50.940,1.873,-161.637,54.905,61000.0,0.667,0.392,-0.093,8.718,4,20210518T000000_4
2021-05-18T02:51:03.371,0.979,-161.954,54.905,46590.474,0.646,0.097,-0.04,7.0,5,20210518T000000_5
2021-05-18T03:55:01.972,1.675,-161.206,55.327,61000.0,0.607,0.207,0.0,11.377,6,20210518T000000_6
2021-05-18T03:56:23.047,1.662,-161.518,55.335,0.0,0.257,0.314,0.036,3.992,7,20210518T000000_7
2021-05-18T03:59:33.647,1.282,-161.527,54.955,24941.911,0.343,0.153,-0.015,7.0,8,20210518T000000_8
2021-05-18T04:31:45.338,0.323,-162.322,55.248,15985.617,0.44,0.16,-0.007,4.286,9,20210518T000000_9
2021-05-18T04:49:36.439,0.712,-161.713,55.317,16378.55,0.186,0.281,-0.034,7.661,10,20210518T000000_10
2021-05-18T05:08:00.759,0.937,-161.802,55.447,12049.906,0.59,0.318,-0.083,10.0,11,20210518T000000_11
2021-05-18T05:27:31.525,0.034,-161.802,55.248,11934.439,0.66,0.418,0.022,6.0,12,20210518T000000_12
2021-05-18T05:42:32.384,1.556,-162.774,54.944,53914.103,0.534,0.32,0.07,10.095,13,20210518T000000_13
2021-05-18T07:19:27.738,0.462,-161.648,55.291,19274.041,0.512,0.312,-0.067,7.999,14,20210518T000000_14
2021-05-18T08:35:31.955,0.085,-161.757,55.175,0.0,0.809,0.37,-0.015,5.0,1,20210518T080000_1
2021-05-18T08:49:21.185,1.018,-161.518,54.904,61000.0,0.351,0.055,0.008,7.0,2,20210518T080000_2
2021-05-18T09:12:16.110,0.965,-162.419,55.226,61000.0,0.454,0.222,-0.017,5.0,3,20210518T080000_3
2021-05-18T09:37:07.667,1.042,-161.497,54.904,35837.218,0.56,0.165,0.019,9.931,4,20210518T080000_4
2021-05-18T09:37:10.959,1.337,-162.652,55.772,61000.0,0.569,0.323,0.053,5.711,5,20210518T080000_5
2021-05-18T09:47:08.812,1.839,-161.349,54.904,49689.371,0.372,0.155,0.019,11.0,6,20210518T080000_6
2021-05-18T09:47:19.921,2.036,-161.384,54.904,46534.832,1.038,0.15,0.008,10.0,7,20210518T080000_7
2021-05-18T10:42:08.700,1.259,-162.474,55.185,61000.0,0.483,0.245,-0.026,7.0,8,20210518T080000_8
2021-05-18T10:48:38.178,0.608,-161.432,54.904,631.177,0.887,0.299,0.017,6.0,9,20210518T080000_9
2021-05-18T10:48:59.184,0.385,-161.464,55.293,19157.099,0.268,0.232,0.013,4.043,10,20210518T080000_10
2021-05-18T11:07:28.152,0.449,-161.86,55.398,24177.92,0.489,0.311,-0.046,9.0,11,20210518T080000_11
2021-05-18T11:18:45.505,0.915,-162.773,54.902,61000.0,0.339,0.236,0.0,4.37,12,20210518T080000_12
2021-05-18T11:18:45.965,0.923,-162.291,54.904,61000.0,0.391,0.048,-0.001,4.63,13,20210518T080000_13
2021-05-18T11:21:53.018,0.525,-162.376,55.029,4712.614,0.81,0.324,-0.213,7.0,14,20210518T080000_14
2021-05-18T12:47:12.323,0.381,-162.258,55.266,0.0,0.373,0.309,-0.032,8.0,15,20210518T080000_15
2021-05-18T13:38:40.005,0.918,-161.345,55.756,61000.0,0.358,0.352,-0.007,8.0,16,20210518T080000_16
2021-05-18T14:04:38.041,0.72,-161.953,55.126,0.0,0.301,0.246,-0.016,7.253,17,20210518T080000_17
2021-05-18T14:11:34.879,0.8,-162.053,55.537,34965.389,0.403,0.251,0.037,6.633,18,20210518T080000_18
2021-05-18T15:45:01.552,0.604,-161.882,55.449,29548.579,0.242,0.314,-0.032,14.0,19,20210518T080000_19
2021-05-18T15:49:03.185,0.374,-161.808,55.457,28815.741,0.117,0.311,-0.009,7.0,20,20210518T080000_20
2021-05-18T15:59:08.176,0.74,-161.992,55.281,34852.442,0.721,0.286,-0.194,10.0,21,20210518T080000_21
2021-05-18T17:28:18.913,0.565,-161.945,55.741,0.0,0.132,0.379,-0.011,4.703,1,20210518T160000_1
2021-05-18T17:33:45.974,1.504,-161.005,55.049,20110.953,0.414,0.202,0.03,19.991,2,20210518T160000_2
2021-05-18T18:08:17.508,0.537,-161.49,55.245,15378.901,0.889,0.39,-0.096,9.0,3,20210518T160000_3
2021-05-18T18:53:54.621,0.861,-161.008,54.902,61000.0,1.096,0.252,-0.002,4.0,4,20210518T160000_4
2021-05-18T20:29:18.277,1.428,-162.116,55.872,0.0,0.382,0.344,0.043,5.884,6,20210518T160000_6
2021-05-18T20:29:19.978,1.334,-162.773,54.902,61000.0,0.78,0.183,-0.009,4.969,5,20210518T160000_5
2021-05-18T21:56:51.669,0.484,-162.401,55.14,5912.006,0.081,0.16,-0.001,4.0,7,20210518T160000_7
2021-05-18T23:28:10.293,2.09,-161.092,54.902,58712.038,0.279,0.205,0.02,10.0,8,20210518T160000_8
2021-05-18T23:28:19.509,2.491,-161.13,54.903,53593.639,0.443,0.251,0.049,10.0,9,20210518T160000_9
2021-05-19T00:58:11.869,1.809,-161.588,54.905,61000.0,0.612,0.266,-0.042,15.0,1,20210519T000000_1
2021-05-19T03:05:12.925,0.654,-162.345,55.035,0.0,0.462,0.633,0.027,3.857,2,20210519T000000_2
2021-05-19T04:16:32.793,2.015,-162.773,54.902,61000.0,0.978,0.275,0.058,19.0,3,20210519T000000_3
2021-05-19T04:20:01.411,1.643,-162.773,54.902,61000.0,1.13,0.293,-0.111,14.0,4,20210519T000000_4
2021-05-19T09:51:16.176,1.978,-161.383,54.904,54213.632,0.427,0.194,-0.005,8.72,1,20210519T080000_1
2021-05-19T09:51:22.441,2.181,-162.731,55.736,61000.0,0.482,0.22,0.031,5.657,2,20210519T080000_2
2021-05-19T11:27:33.600,2.433,-161.008,54.902,61000.0,0.82,0.252,-0.014,20.0,3,20210519T080000_3
2021-05-19T13:17:02.626,1.494,-161.379,54.904,24019.523,0.202,0.272,0.003,5.0,4,20210519T080000_4
2021-05-19T13:17:26.943,1.009,-161.852,55.179,19248.442,0.185,0.363,-0.009,5.786,5,20210519T080000_5
2021-05-19T13:32:46.242,1.497,-161.005,55.018,3040.912,0.268,0.383,0.052,5.0,6,20210519T080000_6
2021-05-19T13:32:54.842,1.419,-161.008,54.902,20740.222,0.724,0.271,0.002,4.0,7,20210519T080000_7
2021-05-19T19:05:55.181,0.235,-161.63,55.319,3536.523,0.0,0.453,0.0,3.985,1,20210519T160000_1
2021-05-19T20:35:08.022,1.296,-161.135,54.903,1844.964,0.382,0.206,-0.004,4.0,2,20210519T160000_2
2021-05-19T20:35:15.696,1.677,-161.005,55.03,37129.477,0.283,0.336,-0.008,6.0,3,20210519T160000_3
2021-05-20T04:12:07.389,1.753,-161.0,55.274,60621.478,0.215,0.32,-0.045,6.0,1,20210520T000000_1
2021-05-20T04:12:47.839,-0.004,-161.813,55.406,0.0,0.386,0.869,0.112,5.918,2,20210520T000000_2
2021-05-20T05:19:20.613,1.338,-162.773,54.902,26865.459,0.752,0.143,-0.021,5.0,3,20210520T000000_3
2021-05-20T05:19:40.565,1.017,-162.277,54.936,0.0,0.499,0.603,0.061,4.806,4,20210520T000000_4
2021-05-20T08:39:33.296,2.251,-162.773,54.902,61000.0,0.917,0.416,-0.209,18.0,1,20210520T080000_1
2021-05-20T09:10:10.043,1.528,-161.303,54.903,36338.548,0.228,0.346,-0.023,7.0,2,20210520T080000_2
2021-05-20T09:10:22.515,1.437,-161.274,54.903,28661.394,0.592,0.333,0.024,5.0,3,20210520T080000_3
2021-05-20T11:01:15.924,2.136,-162.773,54.902,61000.0,0.907,0.322,-0.004,11.354,4,20210520T080000_4
2021-05-20T11:01:18.410,1.946,-161.672,54.905,58537.333,0.413,0.367,-0.026,6.248,5,20210520T080000_5
2021-05-20T11:15:56.191,0.881,-162.262,54.904,0.0,0.218,0.502,-0.025,6.151,6,20210520T080000_6
2021-05-20T11:15:57.399,1.762,-162.707,55.386,61000.0,0.695,0.426,0.036,4.346,7,20210520T080000_7
2021-05-20T14:22:04.068,0.196,-161.585,55.217,54.499,0.35,0.354,0.076,4.0,8,20210520T080000_8
2021-05-20T16:56:14.188,1.475,-162.382,54.904,47153.26,0.947,0.242,-0.075,7.0,1,20210520T160000_1
2021-05-20T17:53:45.284,2.428,-161.657,54.905,30031.14,0.328,0.15,0.009,10.0,2,20210520T160000_2
2021-05-20T17:53:53.993,2.834,-161.658,54.905,31016.75,0.72,0.22,0.006,10.0,3,20210520T160000_3
2021-05-20T19:41:11.337,0.425,-161.912,55.3,17637.221,0.045,0.33,0.0,6.0,4,20210520T160000_4
2021-05-20T20:17:43.352,0.307,-161.521,55.169,22312.435,0.186,0.224,0.007,4.0,5,20210520T160000_5
2021-05-20T20:53:14.286,1.929,-161.27,54.903,47564.163,0.239,0.263,-0.006,9.0,6,20210520T160000_6
2021-05-20T20:53:28.949,1.955,-161.417,54.904,30459.182,0.622,0.267,0.046,12.0,7,20210520T160000_7
2021-05-20T22:38:05.644,1.383,-161.007,54.93,31023.746,0.234,0.346,-0.005,4.961,8,20210520T160000_8
2021-05-20T22:38:31.069,0.6,-162.042,55.242,23380.091,0.465,0.252,0.004,4.848,9,20210520T160000_9
2021-05-20T23:06:02.333,1.602,-161.692,54.905,61000.0,0.858,0.39,-0.255,15.0,10,20210520T160000_10
2021-05-20T23:27:44.101,1.73,-162.158,54.905,61000.0,0.854,0.304,-0.02,7.0,11,20210520T160000_11
2021-05-21T00:01:13.454,0.761,-162.198,55.339,49.724,0.372,0.548,0.034,4.991,1,20210521T000000_1
2021-05-21T01:00:30.454,1.085,-161.312,54.904,30320.303,0.148,0.35,-0.003,5.0,2,20210521T000000_2
2021-05-21T01:06:36.434,0.849,-162.337,55.22,2470.791,0.0,0.315,0.0,3.834,3,20210521T000000_3
2021-05-21T01:07:07.985,1.986,-162.778,55.139,25967.015,0.192,0.303,0.031,4.0,4,20210521T000000_4
2021-05-21T01:48:45.421,1.823,-162.628,55.174,61000.0,0.59,0.11,-0.013,4.0,5,20210521T000000_5
2021-05-21T03:21:15.548,1.015,-161.846,54.905,0.0,0.405,0.428,0.1,8.0,6,20210521T000000_6
2021-05-21T03:21:23.289,1.309,-161.862,54.905,0.0,0.382,0.37,0.014,9.0,7,20210521T000000_7
2021-05-21T04:48:44.001,0.506,-161.844,55.4,30024.494,0.322,0.411,-0.054,5.0,8,20210521T000000_8
2021-05-21T07:37:23.786,0.009,-161.616,55.241,21.504,0.189,0.285,0.033,4.0,9,20210521T000000_9
2021-05-21T11:05:35.215,1.175,-161.024,55.02,1142.152,0.221,0.355,0.007,4.0,1,20210521T080000_1
2021-05-21T11:05:36.735,1.874,-161.006,55.012,56031.476,0.358,0.289,-0.019,6.0,2,20210521T080000_2
2021-05-21T14:50:58.640,2.356,-161.675,54.905,61000.0,0.965,0.325,-0.111,18.0,3,20210521T080000_3
2021-05-21T15:29:02.926,0.342,-161.609,55.236,19544.461,0.451,0.319,0.025,4.0,4,20210521T080000_4
2021-05-21T15:43:09.421,2.295,-161.027,55.279,61000.0,0.348,0.224,-0.029,9.597,5,20210521T080000_5
2021-05-21T15:43:15.260,3.035,-161.843,55.745,61000.0,0.381,0.254,0.04,5.909,6,20210521T080000_6
2021-05-21T16:26:30.534,1.465,-162.541,54.964,37474.822,1.126,0.325,-0.091,4.0,1,20210521T160000_1
2021-05-21T16:55:24.633,0.861,-162.219,54.904,836.541,0.133,0.347,0.011,5.535,2,20210521T160000_2
2021-05-21T19:31:35.392,1.503,-161.004,55.081,28760.36,0.341,0.301,0.0,8.924,3,20210521T160000_3
2021-05-21T21:43:12.399,1.98,-161.0,55.268,61000.0,0.678,0.301,0.026,15.97,4,20210521T160000_4
2021-05-21T23:33:55.480,1.93,-162.773,54.902,61000.0,1.216,0.299,0.103,7.0,5,20210521T160000_5
2021-05-22T03:41:16.719,1.805,-162.634,54.903,61000.0,0.635,0.351,-0.034,11.0,1,20210522T000000_1
2021-05-22T05:03:47.683,0.369,-161.541,55.275,0.0,0.062,0.381,0.0,4.0,2,20210522T000000_2
2021-05-22T06:12:11.450,1.846,-162.791,55.738,61000.0,0.501,0.107,0.03,5.0,3,20210522T000000_3
2021-05-22T09:06:21.541,1.533,-162.771,54.902,34677.958,0.868,0.406,-0.032,11.0,1,20210522T080000_1
2021-05-22T09:23:31.194,1.401,-162.581,54.903,54340.033,0.281,0.296,0.012,4.794,2,20210522T080000_2
2021-05-22T11:47:48.466,0.293,-161.617,55.242,14290.434,0.525,0.352,0.032,4.0,3,20210522T080000_3
2021-05-22T12:36:25.372,0.877,-162.241,55.033,0.0,0.575,0.356,-0.108,5.678,4,20210522T080000_4
2021-05-22T15:51:28.397,1.512,-161.008,54.902,61000.0,0.838,0.301,-0.081,9.89,5,20210522T080000_5
2021-05-22T16:17:28.652,0.027,-162.265,55.009,0.0,0.289,0.383,0.003,5.061,1,20210522T160000_1
2021-05-22T17:05:59.232,1.315,-161.48,54.904,30682.263,0.375,0.387,0.045,8.958,2,20210522T160000_2
2021-05-22T17:06:17.107,1.387,-161.218,55.17,26143.881,0.144,0.323,0.029,4.363,3,20210522T160000_3
2021-05-22T18:27:57.057,0.324,-162.312,54.904,0.0,0.818,0.489,0.011,5.0,4,20210522T160000_4
2021-05-22T18:30:56.724,1.048,-161.207,55.92,30690.379,0.089,0.327,-0.01,4.074,5,20210522T160000_5
2021-05-22T19:07:20.833,0.381,-161.518,55.397,0.0,0.838,0.469,-0.074,5.0,6,20210522T160000_6
2021-05-22T19:12:56.861,0.736,-161.297,55.256,16018.602,0.0,0.354,0.0,4.0,7,20210522T160000_7
2021-05-22T19:35:41.593,2.647,-161.212,54.903,47838.784,0.313,0.209,0.03,11.0,8,20210522T160000_8
2021-05-22T19:35:50.650,3.173,-161.165,54.903,52472.421,0.859,0.208,-0.007,10.0,9,20210522T160000_9
2021-05-22T19:41:15.987,1.11,-161.222,54.903,28856.477,0.236,0.305,-0.025,6.0,10,20210522T160000_10
2021-05-22T19:41:25.558,1.085,-161.021,54.902,25843.434,0.474,0.263,-0.016,3.69,11,20210522T160000_11
2021-05-22T22:37:06.294,1.146,-161.286,54.903,30741.729,0.365,0.344,-0.007,7.944,12,20210522T160000_12
2021-05-22T22:37:19.046,1.248,-161.002,55.169,32589.673,0.373,0.37,0.058,6.0,13,20210522T160000_13
2021-05-22T23:59:46.561,1.275,-161.512,54.933,61000.0,0.225,0.331,-0.019,6.0,1,20210523T000000_1
2021-05-23T00:08:41.884,1.075,-161.453,54.904,31094.557,0.208,0.261,0.017,6.0,2,20210523T000000_2
2021-05-23T00:08:52.697,1.255,-161.402,54.904,42061.185,0.591,0.264,-0.04,6.0,3,20210523T000000_3
2021-05-23T01:22:49.987,1.565,-161.158,54.903,50064.061,0.256,0.198,0.003,10.0,4,20210523T000000_4
2021-05-23T01:23:00.861,1.43,-161.188,54.903,42095.592,0.332,0.229,-0.001,5.0,5,20210523T000000_5
2021-05-23T02:13:26.796,1.917,-162.296,55.078,61000.0,0.462,0.365,-0.015,9.0,6,20210523T000000_6
2021-05-23T03:56:10.295,2.185,-162.481,54.903,61000.0,1.08,0.299,0.01,20.0,7,20210523T000000_7
2021-05-23T04:28:57.068,1.75,-161.143,54.903,61000.0,0.788,0.181,0.014,5.748,8,20210523T000000_8
2021-05-23T04:29:14.700,0.954,-161.88,54.905,0.0,0.314,0.4,0.011,4.252,9,20210523T000000_9
2021-05-23T04:52:41.127,1.254,-162.511,55.106,61000.0,0.228,0.294,0.007,4.0,10,20210523T000000_10
2021-05-23T05:15:38.614,1.557,-161.785,54.905,52127.083,0.745,0.36,-0.165,13.0,11,20210523T000000_11
2021-05-23T05:39:53.458,2.747,-161.379,54.904,32071.156,0.416,0.356,0.038,11.0,12,20210523T000000_12
2021-05-23T05:40:00.630,3.543,-161.462,54.904,53440.342,0.693,0.279,-0.007,10.0,13,20210523T000000_13
2021-05-23T06:12:40.427,1.757,-162.774,54.984,61000.0,0.567,0.347,0.033,5.075,14,20210523T000000_14
2021-05-23T06:12:41.309,1.816,-161.633,54.905,61000.0,0.743,0.419,-0.069,5.925,15,20210523T000000_15
2021-05-23T07:38:44.925,1.536,-161.615,54.905,61000.0,0.874,0.299,-0.155,13.0,16,20210523T000000_16
2021-05-23T08:01:34.356,0.849,-161.489,54.904,688.398,0.262,0.134,-0.008,4.0,1,20210523T080000_1
2021-05-23T08:01:43.183,1.043,-161.524,54.904,33803.56,0.015,0.238,-0.001,4.0,2,20210523T080000_2
2021-05-23T09:19:17.447,1.739,-162.773,54.902,61000.0,1.231,0.321,-0.088,17.0,3,20210523T080000_3
2021-05-23T12:28:45.976,1.662,-162.619,54.903,61000.0,0.473,0.195,0.015,7.3,4,20210523T080000_4
2021-05-23T15:49:26.065,0.956,-161.006,54.981,1231.521,0.091,0.245,0.001,4.0,5,20210523T080000_5
2021-05-23T15:49:32.278,1.303,-161.255,54.951,61000.0,0.4,0.224,0.015,5.0,6,20210523T080000_6
2021-05-23T15:59:49.209,0.989,-162.115,55.311,61000.0,0.198,0.376,-0.026,4.0,1,20210523T160000_1
2021-05-23T16:13:23.569,1.237,-162.117,55.136,29842.782,0.479,0.348,0.021,7.0,2,20210523T160000_2
2021-05-23T16:37:49.889,0.835,-161.99,55.217,30345.929,0.142,0.175,0.009,4.916,3,20210523T160000_3
2021-05-23T17:11:26.479,1.64,-161.466,54.904,28983.567,0.352,0.184,0.007,10.0,4,20210523T160000_4
2021-05-23T17:11:34.053,2.024,-161.447,54.904,47246.462,0.719,0.202,-0.026,10.0,5,20210523T160000_5
2021-05-23T18:05:46.047,1.533,-161.005,55.086,24721.936,0.349,0.264,-0.016,12.0,6,20210523T160000_6
2021-05-23T22:32:27.814,0.82,-161.366,54.968,318.521,0.19,0.208,0.01,5.0,7,20210523T160000_7
2021-05-23T22:32:50.775,0.881,-161.737,55.061,8748.137,0.002,0.259,0.0,3.756,8,20210523T160000_8
2021-05-23T23:35:37.406,1.469,-161.991,55.279,45591.203,0.497,0.321,-0.043,8.0,9,20210523T160000_9
2021-05-24T03:40:09.924,1.552,-162.773,54.902,61000.0,0.731,0.363,0.096,5.339,1,20210524T000000_1
2021-05-24T03:40:27.270,1.073,-162.058,54.924,0.0,0.376,0.07,-0.005,5.661,2,20210524T000000_2
2021-05-24T04:11:48.172,1.564,-162.773,54.902,39264.313,0.713,0.397,-0.023,5.922,3,20210524T000000_3
2021-05-24T10:29:54.351,1.261,-162.37,54.904,0.0,0.868,0.331,-0.037,6.394,1,20210524T080000_1
2021-05-24T10:30:07.158,1.407,-162.342,54.904,3726.538,0.449,0.479,-0.017,4.557,2,20210524T080000_2
2021-05-24T12:24:06.530,1.713,-162.773,54.902,48938.414,0.884,0.196,-0.023,5.087,3,20210524T080000_3
2021-05-24T14:33:48.110,1.013,-161.873,55.373,38879.04,0.25,0.491,0.008,5.0,4,20210524T080000_4
2021-05-24T14:33:49.946,1.732,-161.008,54.902,41364.103,0.627,0.373,-0.004,7.0,5,20210524T080000_5
2021-05-24T21:19:58.259,2.205,-161.008,54.902,61000.0,0.794,0.271,0.067,15.0,1,20210524T160000_1
2021-05-25T06:58:09.665,1.757,-162.336,54.976,4048.541,0.322,0.632,0.008,8.809,1,20210525T000000_1
2021-05-25T06:58:23.686,2.462,-162.781,55.266,61000.0,0.504,0.317,-0.237,6.0,2,20210525T000000_2
2021-05-25T07:29:02.701,2.192,-160.985,55.918,61000.0,0.759,0.264,0.007,3.954,3,20210525T000000_3
2021-05-25T14:27:26.483,1.051,-161.436,55.385,29985.565,0.113,0.276,-0.003,5.0,1,20210525T080000_1
2021-05-25T20:41:31.290,1.465,-161.0,55.267,61000.0,0.444,0.387,0.033,5.0,1,20210525T160000_1
2021-05-25T22:51:40.465,0.152,-161.929,55.157,0.0,0.203,0.432,-0.004,5.0,2,20210525T160000_2
2021-05-25T23:51:37.845,1.355,-161.318,54.904,23879.655,0.233,0.345,-0.043,6.0,3,20210525T160000_3
2021-05-25T23:52:00.509,0.986,-161.592,55.101,0.0,0.58,0.398,-0.039,7.0,4,20210525T160000_4
2021-05-26T01:45:49.514,1.055,-161.186,55.92,46343.331,0.165,0.13,0.01,6.0,1,20210526T000000_1
2021-05-26T09:35:39.065,2.054,-162.726,54.902,61000.0,0.845,0.237,-0.118,19.0,1,20210526T080000_1
2021-05-26T14:33:14.907,0.694,-161.773,55.359,31568.963,0.006,0.182,0.0,4.0,2,20210526T080000_2
2021-05-26T15:59:48.926,1.232,-162.112,55.251,61000.0,0.431,0.43,0.01,6.0,1,20210526T160000_1
2021-05-26T16:21:07.259,1.41,-161.005,55.061,32271.521,0.361,0.397,-0.044,6.0,2,20210526T160000_2
2021-05-26T16:21:16.592,1.912,-161.002,55.193,49057.99,0.64,0.297,-0.095,7.0,3,20210526T160000_3
2021-05-26T21:25:33.720,1.586,-162.773,54.902,61000.0,1.026,0.149,-0.007,6.896,4,20210526T160000_4
2021-05-26T21:40:12.654,0.706,-162.161,55.895,0.0,0.644,0.192,-0.032,4.0,5,20210526T160000_5
2021-05-26T23:37:21.400,1.631,-161.115,54.902,54933.048,0.368,0.303,0.01,8.0,6,20210526T160000_6
2021-05-26T23:37:28.666,2.052,-161.161,54.903,61000.0,0.727,0.277,-0.07,9.0,7,20210526T160000_7
2021-05-26T23:59:48.450,1.13,-162.281,55.275,61000.0,0.349,0.449,-0.084,4.0,1,20210527T000000_1
2021-05-27T01:08:58.537,2.569,-161.001,55.223,61000.0,0.399,0.228,-0.0,11.0,2,20210527T000000_2
2021-05-27T01:09:17.177,3.119,-161.005,55.031,34884.312,0.424,0.215,0.012,8.872,3,20210527T000000_3
2021-05-27T02:24:39.950,1.051,-162.024,55.28,46450.774,0.0,0.278,-0.0,3.967,4,20210527T000000_4
2021-05-27T05:33:14.174,1.569,-162.791,55.722,61000.0,0.631,0.418,0.07,4.205,5,20210527T000000_5
2021-05-27T10:56:01.720,0.462,-162.172,55.283,0.0,0.151,0.167,-0.01,4.0,1,20210527T080000_1
2021-05-27T12:21:51.296,1.586,-162.773,54.902,61000.0,0.915,0.093,0.016,9.0,2,20210527T080000_2
2021-05-27T14:28:07.349,1.388,-161.278,54.903,40119.724,0.279,0.216,0.012,4.0,3,20210527T080000_3
2021-05-27T14:38:34.090,1.195,-162.64,55.038,29178.418,0.602,0.324,-0.01,7.0,4,20210527T080000_4
2021-05-27T16:55:53.103,1.639,-162.753,54.902,60103.319,0.833,0.194,-0.013,9.969,1,20210527T160000_1
2021-05-27T17:57:43.175,1.255,-161.531,55.171,61000.0,0.168,0.129,-0.002,5.0,2,20210527T160000_2
2021-05-27T19:50:31.047,1.559,-161.143,54.903,52877.397,0.083,0.076,0.003,4.0,3,20210527T160000_3
2021-05-27T19:50:42.352,1.45,-161.107,54.902,43761.419,0.501,0.222,-0.064,5.0,4,20210527T160000_4
2021-05-27T21:41:48.413,2.792,-161.013,54.902,61000.0,0.363,0.285,0.034,10.0,5,20210527T160000_5
2021-05-27T21:41:57.498,3.036,-161.137,54.903,59948.312,0.567,0.228,0.031,10.0,6,20210527T160000_6
2021-05-27T22:52:47.604,1.424,-161.684,55.556,54704.472,0.542,0.207,-0.034,10.0,7,20210527T160000_7
2021-05-27T22:53:35.984,1.416,-161.461,55.601,0.0,0.299,0.407,-0.012,3.645,8,20210527T160000_8
2021-05-27T22:57:35.787,1.693,-161.17,54.903,55540.202,0.289,0.213,-0.005,9.0,9,20210527T160000_9
2021-05-27T22:57:45.948,1.834,-161.229,54.903,53864.213,0.506,0.262,0.005,10.0,10,20210527T160000_10
2021-05-27T23:29:14.140,1.335,-162.581,55.015,50238.886,0.228,0.233,-0.007,5.729,11,20210527T160000_11
2021-05-28T00:47:56.522,1.467,-162.78,55.23,61000.0,0.687,0.076,-0.016,5.0,1,20210528T000000_1
2021-05-28T06:03:07.946,2.112,-161.634,54.905,61000.0,0.849,0.473,-0.043,23.0,2,20210528T000000_2
2021-05-28T07:00:22.007,1.618,-161.226,54.903,48588.881,0.245,0.172,0.007,10.0,3,20210528T000000_3
2021-05-28T07:00:32.445,1.849,-161.295,54.903,51440.546,0.474,0.232,-0.042,9.0,4,20210528T000000_4
2021-05-28T07:59:49.165,0.931,-162.156,55.35,61000.0,0.202,0.394,-0.028,5.0,1,20210528T080000_1
2021-05-28T10:02:02.916,0.505,-162.159,55.89,0.0,0.701,0.205,-0.044,4.0,2,20210528T080000_2
2021-05-28T10:54:30.225,1.075,-161.008,54.914,22289.051,0.217,0.294,-0.03,6.0,3,20210528T080000_3
2021-05-28T12:11:13.313,1.405,-162.089,54.905,61000.0,0.683,0.15,-0.041,7.0,4,20210528T080000_4
2021-05-28T12:39:16.433,0.433,-161.512,55.162,3937.271,0.054,0.334,0.003,4.0,5,20210528T080000_5
2021-05-28T14:26:06.898,1.743,-161.04,54.902,56028.57,0.287,0.138,0.007,11.0,6,20210528T080000_6
2021-05-28T14:26:16.635,1.889,-161.214,54.903,57079.553,0.593,0.249,0.032,10.0,7,20210528T080000_7
2021-05-28T16:12:18.068,1.867,-162.746,54.902,59218.85,0.672,0.285,0.0,11.576,1,20210528T160000_1
2021-05-28T19:00:32.525,-0.14,-161.627,55.366,12917.418,0.0,0.233,-0.0,4.0,2,20210528T160000_2
2021-05-29T00:41:08.761,1.81,-161.603,54.939,61000.0,0.299,0.392,0.022,18.0,1,20210529T000000_1
2021-05-29T07:51:42.244,1.331,-161.302,54.903,801.477,0.414,0.212,0.026,4.0,2,20210529T000000_2
2021-05-29T08:04:45.537,1.729,-161.17,54.903,6171.554,0.508,0.23,0.047,7.0,1,20210529T080000_1
2021-05-29T08:04:59.612,1.804,-161.434,54.904,18705.339,0.322,0.261,-0.003,7.0,2,20210529T080000_2
2021-05-29T08:05:58.382,1.612,-161.994,55.549,50824.002,0.0,0.33,-0.0,4.0,3,20210529T080000_3
2021-05-29T15:48:13.093,0.679,-161.92,55.392,26503.255,0.0,0.484,-0.0,4.0,4,20210529T080000_4
2021-05-29T18:29:47.343,1.864,-162.773,54.902,61000.0,0.859,0.334,-0.046,11.468,1,20210529T160000_1
2021-05-29T21:01:23.881,1.68,-162.773,54.902,61000.0,0.965,0.159,0.151,7.0,2,20210529T160000_2
2021-05-29T22:15:06.206,1.788,-161.222,54.903,42290.448,0.387,0.16,0.007,9.0,3,20210529T160000_3
2021-05-29T22:15:17.732,2.05,-161.234,54.903,36003.743,0.697,0.264,-0.062,8.0,4,20210529T160000_4
2021-05-29T22:49:11.413,1.962,-161.008,54.902,61000.0,1.056,0.27,0.051,19.0,5,20210529T160000_5
2021-05-30T04:05:51.614,1.026,-162.061,54.94,3505.986,0.022,0.193,0.001,3.889,1,20210530T000000_1
2021-05-30T05:38:03.273,2.158,-161.0,55.263,61000.0,0.536,0.178,0.051,10.0,2,20210530T000000_2
2021-05-30T05:38:44.529,1.564,-161.815,55.22,7024.031,0.492,0.382,-0.003,7.828,3,20210530T000000_3
2021-05-30T07:40:45.489,2.373,-161.684,54.905,61000.0,0.941,0.363,-0.153,21.0,4,20210530T000000_4
2021-05-30T08:27:17.662,0.931,-161.793,55.304,26166.189,0.385,0.41,0.009,6.0,1,20210530T080000_1
2021-05-30T11:11:23.389,1.458,-162.775,55.013,45976.064,0.286,0.235,0.008,4.755,2,20210530T080000_2
2021-05-30T13:41:21.006,1.716,-162.781,55.286,61000.0,0.807,0.31,0.043,12.859,3,20210530T080000_3
2021-05-30T14:25:32.046,1.758,-161.219,54.903,60261.858,0.252,0.099,-0.001,8.0,4,20210530T080000_4
2021-05-30T14:36:42.725,1.786,-161.192,55.02,61000.0,0.331,0.268,0.013,11.0,5,20210530T080000_5
2021-05-30T15:58:23.945,1.605,-162.785,55.452,61000.0,0.713,0.05,-0.009,5.0,6,20210530T080000_6
2021-05-30T17:08:23.578,1.627,-162.779,55.201,61000.0,0.63,0.359,-0.012,7.0,1,20210530T160000_1
2021-05-30T18:08:58.190,1.326,-162.774,54.979,38009.197,0.553,0.35,0.082,7.779,2,20210530T160000_2
2021-05-30T18:21:20.472,1.373,-161.168,55.267,59244.136,0.498,0.4,-0.014,9.821,3,20210530T160000_3
2021-05-30T18:22:22.817,1.017,-161.754,55.093,14864.587,0.478,0.188,0.017,6.711,4,20210530T160000_4
2021-05-30T18:23:17.992,0.93,-162.507,54.95,22464.682,0.053,0.354,0.0,4.277,5,20210530T160000_5
2021-05-30T19:22:03.673,2.522,-162.773,54.902,61000.0,1.251,0.327,-0.095,21.0,6,20210530T160000_6
2021-05-31T04:14:03.545,1.693,-162.773,54.902,61000.0,1.001,0.136,-0.025,7.0,1,20210531T000000_1
2021-05-31T06:06:47.589,0.88,-161.773,55.168,21911.331,0.515,0.351,-0.092,8.0,2,20210531T000000_2
2021-05-31T07:02:03.450,2.46,-161.378,55.515,61000.0,0.353,0.834,0.094,10.306,3,20210531T000000_3
2021-05-31T07:15:56.766,1.661,-161.209,54.903,42602.299,0.772,0.536,-0.215,5.883,4,20210531T000000_4
2021-05-31T07:16:07.482,1.022,-162.38,54.904,0.0,1.202,0.448,0.051,5.023,5,20210531T000000_5
2021-05-31T10:33:13.171,1.556,-161.122,54.902,0.0,0.376,0.252,0.003,6.737,1,20210531T080000_1
2021-05-31T10:33:16.146,1.447,-162.713,54.902,22333.38,0.121,0.382,-0.012,4.463,2,20210531T080000_2
2021-05-31T10:33:37.074,0.48,-161.662,55.283,0.0,0.403,0.414,-0.053,7.216,3,20210531T080000_3
2021-05-31T11:46:10.283,1.567,-162.766,54.902,61000.0,0.827,0.38,-0.113,12.0,4,20210531T080000_4
2021-05-31T12:16:55.165,1.807,-161.481,55.591,54306.985,0.341,0.339,-0.009,11.508,5,20210531T080000_5
2021-05-31T13:02:14.534,1.482,-160.999,55.304,45877.646,0.308,0.313,0.012,9.0,6,20210531T080000_6
2021-05-31T13:02:20.465,1.681,-160.999,55.33,47854.273,0.573,0.262,0.032,7.0,7,20210531T080000_7
2021-05-31T14:56:38.769,1.751,-161.534,54.904,61000.0,0.933,0.245,-0.12,20.998,8,20210531T080000_8
2021-05-31T18:40:58.630,2.67,-161.653,54.905,61000.0,1.03,0.267,-0.126,22.0,1,20210531T160000_1
2021-06-01T00:14:03.283,1.768,-161.054,54.902,55104.622,0.259,0.26,0.003,8.983,1,20210601T000000_1
2021-06-01T00:14:27.764,1.036,-161.37,55.283,12950.121,0.134,0.317,-0.017,6.913,2,20210601T000000_2
2021-06-01T00:14:32.804,1.071,-162.086,54.929,8108.054,0.012,0.19,-0.0,3.918,3,20210601T000000_3
2021-06-01T04:30:18.010,0.033,-162.011,55.281,0.0,0.278,0.336,-0.028,5.0,4,20210601T000000_4
2021-06-01T10:00:25.474,1.6,-161.916,54.905,61000.0,1.188,0.126,0.053,7.0,1,20210601T080000_1
2021-06-01T12:05:04.181,1.5,-161.002,55.196,61000.0,1.161,0.404,-0.094,9.897,2,20210601T080000_2
2021-06-01T16:32:07.582,1.438,-161.152,54.903,43253.005,0.267,0.309,-0.025,7.0,1,20210601T160000_1
2021-06-01T16:32:16.459,1.644,-161.196,54.903,54212.818,0.417,0.272,-0.053,7.0,2,20210601T160000_2
2021-06-01T17:37:20.606,1.257,-161.0,55.259,61000.0,0.472,0.302,-0.039,4.0,3,20210601T160000_3
2021-06-01T18:53:48.527,0.907,-161.71,55.368,34468.898,0.269,0.311,0.012,6.0,4,20210601T160000_4
2021-06-01T21:44:02.238,2.088,-162.795,55.891,61000.0,0.947,0.188,0.096,5.0,5,20210601T160000_5
2021-06-01T22:03:44.839,1.816,-161.132,54.903,61000.0,0.799,0.274,-0.023,18.0,6,20210601T160000_6
2021-06-02T01:19:17.426,0.798,-162.164,54.905,0.0,0.371,0.334,0.033,6.417,1,20210602T000000_1
2021-06-02T01:19:38.328,0.273,-161.882,55.15,0.0,0.42,0.133,0.006,4.224,2,20210602T000000_2
2021-06-02T01:31:31.407,1.415,-162.773,54.902,61000.0,0.929,0.114,0.0,4.817,3,20210602T000000_3
2021-06-02T07:15:39.681,1.76,-162.214,54.904,25.406,0.352,0.432,-0.001,11.0,4,20210602T000000_4
2021-06-02T07:15:54.533,2.067,-162.298,54.904,10613.891,0.506,0.551,-0.007,10.0,5,20210602T000000_5
2021-06-02T07:59:49.176,1.165,-162.128,55.341,61000.0,0.206,0.542,-0.063,4.0,1,20210602T080000_1
2021-06-02T10:38:49.617,0.168,-161.805,55.146,0.0,0.67,0.452,-0.073,6.0,2,20210602T080000_2
2021-06-02T16:07:26.059,1.538,-161.743,54.946,61000.0,0.291,0.274,0.009,14.918,1,20210602T160000_1
2021-06-02T19:46:18.680,0.136,-161.872,55.225,13524.941,0.295,0.169,-0.009,4.0,2,20210602T160000_2
2021-06-02T19:56:19.633,0.268,-161.801,55.241,17.178,0.683,0.486,0.041,5.748,3,20210602T160000_3
2021-06-02T23:38:58.761,1.456,-161.164,54.903,48454.307,0.253,0.231,-0.011,6.891,4,20210602T160000_4
2021-06-02T23:59:45.563,1.453,-161.329,54.904,61000.0,0.291,0.418,-0.021,4.0,1,20210603T000000_1
2021-06-03T02:17:29.527,1.347,-161.957,54.905,61000.0,0.434,0.223,0.037,6.0,2,20210603T000000_2
2021-06-03T03:27:52.970,1.805,-162.672,55.919,61000.0,0.928,0.09,0.015,6.0,3,20210603T000000_3
2021-06-03T05:16:29.463,2.353,-161.447,54.904,52569.668,0.428,0.262,0.034,10.987,4,20210603T000000_4
2021-06-03T05:16:46.516,2.325,-161.528,54.904,30894.158,0.581,0.193,0.011,10.925,5,20210603T000000_5
2021-06-03T06:33:28.153,0.731,-161.859,55.459,27612.909,0.179,0.418,-0.017,6.0,6,20210603T000000_6
2021-06-03T09:54:50.560,0.598,-161.836,55.497,27800.349,0.142,0.367,-0.005,8.0,1,20210603T080000_1
2021-06-03T10:21:49.827,2.149,-162.486,55.221,61000.0,0.556,0.393,0.036,13.0,2,20210603T080000_2
2021-06-03T10:41:48.134,0.399,-161.723,55.298,0.0,0.066,0.303,-0.01,3.706,3,20210603T080000_3
2021-06-03T11:48:49.853,0.551,-162.219,54.904,0.0,0.68,0.359,0.017,6.0,4,20210603T080000_4
2021-06-03T14:31:32.548,1.166,-161.107,54.902,35597.889,0.352,0.248,0.017,7.993,5,20210603T080000_5
2021-06-03T14:31:59.032,0.343,-162.108,55.232,19468.528,0.0,0.142,0.0,4.0,6,20210603T080000_6
2021-06-03T15:40:13.861,0.28,-162.041,54.905,0.0,0.287,0.138,0.021,4.0,7,20210603T080000_7
2021-06-03T15:40:37.180,0.394,-162.111,54.905,0.0,0.836,0.211,0.005,4.0,8,20210603T080000_8
2021-06-03T16:32:52.520,1.753,-161.078,54.902,61000.0,0.451,0.149,0.027,12.0,1,20210603T160000_1
2021-06-03T16:33:03.270,1.884,-161.191,54.903,53336.974,0.698,0.208,0.026,10.0,2,20210603T160000_2
2021-06-03T16:43:09.204,1.2,-161.077,54.902,46938.724,0.323,0.25,-0.013,6.0,3,20210603T160000_3
2021-06-03T16:43:20.971,1.208,-161.206,54.903,43646.464,0.673,0.222,0.023,5.0,4,20210603T160000_4
2021-06-03T18:08:44.676,0.911,-162.217,55.345,37960.571,0.27,0.052,-0.002,5.848,5,20210603T160000_5
2021-06-03T18:13:35.760,0.306,-162.053,55.256,4709.903,0.185,0.339,0.009,6.0,6,20210603T160000_6
2021-06-03T18:46:07.628,1.065,-162.112,55.1,0.0,0.882,0.607,-0.356,4.0,7,20210603T160000_7
2021-06-03T20:34:55.499,1.132,-162.593,54.903,34448.321,0.901,0.103,0.011,8.021,8,20210603T160000_8
2021-06-03T20:36:21.455,1.137,-162.255,54.904,61000.0,0.774,0.076,-0.0,4.935,9,20210603T160000_9
2021-06-03T21:00:32.732,1.405,-161.153,54.903,47744.006,0.384,0.152,0.018,8.92,10,20210603T160000_10
2021-06-03T21:01:04.314,-0.591,-161.742,55.372,0.0,0.243,0.606,-0.086,4.0,11,20210603T160000_11
2021-06-03T23:26:17.712,0.402,-162.19,54.905,0.0,0.363,0.343,0.003,5.0,12,20210603T160000_12
2021-06-03T23:26:28.928,0.415,-162.261,54.904,0.0,0.727,0.421,0.058,5.0,13,20210603T160000_13
2021-06-04T03:26:24.925,-0.121,-161.717,55.199,7010.684,0.0,0.105,-0.0,4.0,1,20210604T000000_1
2021-06-04T03:40:23.358,1.27,-161.578,55.468,41846.482,0.528,0.476,0.046,7.658,2,20210604T000000_2
2021-06-04T03:54:33.717,1.356,-161.481,55.797,664.297,0.043,0.299,0.001,4.724,3,20210604T000000_3
2021-06-04T06:39:05.187,1.321,-162.284,54.987,61000.0,0.264,0.006,-0.0,4.0,4,20210604T000000_4
2021-06-04T07:07:31.038,0.578,-161.674,55.285,43030.104,0.577,0.245,0.018,4.0,5,20210604T000000_5
2021-06-04T08:03:50.492,0.801,-161.865,55.467,30191.438,0.002,0.349,-0.0,4.0,1,20210604T080000_1
2021-06-04T08:22:27.804,1.101,-161.713,55.177,61000.0,0.503,0.559,-0.05,5.0,2,20210604T080000_2
2021-06-04T09:09:38.217,0.958,-161.454,55.272,39620.513,0.163,0.285,0.004,5.0,3,20210604T080000_3
2021-06-04T10:10:23.468,2.29,-161.159,54.903,57010.126,0.309,0.135,0.021,11.0,4,20210604T080000_4
2021-06-04T10:10:32.789,2.716,-161.272,54.903,58397.506,0.453,0.199,0.007,11.0,5,20210604T080000_5
2021-06-04T10:13:50.099,-0.461,-161.767,55.34,11541.971,0.0,0.141,-0.0,4.0,6,20210604T080000_6
2021-06-04T11:45:40.645,1.505,-162.773,54.902,61000.0,0.445,0.278,0.02,6.643,7,20210604T080000_7
2021-06-04T11:46:48.471,0.369,-162.29,55.001,0.0,0.604,0.747,0.074,4.064,8,20210604T080000_8
2021-06-04T12:20:26.744,1.307,-162.773,54.902,48696.63,0.178,0.079,0.008,4.0,9,20210604T080000_9
2021-06-04T13:04:10.561,1.478,-162.773,54.902,61000.0,0.293,0.193,0.112,5.001,10,20210604T080000_10
2021-06-04T13:04:25.768,1.17,-162.467,54.916,27332.967,0.102,0.3,-0.005,4.999,11,20210604T080000_11
2021-06-04T13:57:07.953,1.684,-162.38,55.15,61000.0,0.49,0.368,0.005,10.0,12,20210604T080000_12
2021-06-04T14:45:06.548,1.199,-162.754,54.902,0.0,0.289,0.39,-0.011,4.778,13,20210604T080000_13
2021-06-04T14:45:11.131,0.013,-161.755,55.166,0.0,0.36,0.617,0.075,6.287,14,20210604T080000_14
2021-06-04T14:45:27.352,-0.199,-161.766,55.283,4320.157,0.216,0.369,-0.029,5.097,15,20210604T080000_15
2021-06-04T15:36:49.018,-0.742,-161.891,55.374,0.0,0.418,0.138,0.017,5.0,16,20210604T080000_16
2021-06-04T15:38:23.147,1.425,-161.484,54.904,61000.0,0.896,0.078,-0.031,6.0,17,20210604T080000_17
2021-06-04T15:40:21.711,1.369,-161.007,54.963,46064.97,0.273,0.311,0.02,8.465,18,20210604T080000_18
2021-06-04T15:40:30.888,1.656,-162.132,55.666,61000.0,0.597,0.171,-0.031,5.175,19,20210604T080000_19
2021-06-04T16:28:33.910,1.091,-161.32,54.904,30534.823,0.191,0.308,-0.039,6.0,1,20210604T160000_1
2021-06-04T16:34:59.019,2.183,-161.004,55.067,61000.0,0.324,0.214,0.024,10.92,2,20210604T160000_2
2021-06-04T16:35:08.290,2.701,-161.003,55.117,61000.0,0.498,0.257,-0.046,10.0,3,20210604T160000_3
2021-06-04T16:57:47.136,-0.011,-162.131,55.286,0.0,0.265,0.337,-0.006,4.0,4,20210604T160000_4
2021-06-04T17:11:10.115,1.302,-161.003,55.14,44843.861,0.374,0.257,0.002,8.0,5,20210604T160000_5
2021-06-04T17:11:29.700,1.045,-161.11,55.465,1222.312,0.386,0.342,-0.054,6.0,6,20210604T160000_6
2021-06-04T17:48:46.557,1.927,-162.711,54.939,61000.0,0.356,0.337,-0.043,11.0,8,20210604T160000_8
2021-06-04T17:48:51.295,2.254,-162.773,54.902,52458.505,0.829,0.453,-0.278,10.82,7,20210604T160000_7
2021-06-04T18:25:29.185,1.474,-162.773,54.902,61000.0,1.277,0.116,0.026,9.0,9,20210604T160000_9
2021-06-04T19:07:58.016,0.922,-162.713,54.902,22042.514,0.491,0.179,0.021,7.0,10,20210604T160000_10
2021-06-04T20:24:42.725,1.042,-161.954,54.905,24408.828,0.435,0.23,-0.014,4.0,11,20210604T160000_11
2021-06-04T22:11:25.720,0.995,-161.158,54.903,34080.05,0.332,0.299,0.001,5.0,12,20210604T160000_12
2021-06-04T22:11:34.446,1.079,-161.319,54.904,55350.6,0.51,0.278,-0.036,4.0,13,20210604T160000_13
2021-06-04T22:43:09.350,1.434,-162.359,54.904,61000.0,0.506,0.202,0.012,8.0,14,20210604T160000_14
2021-06-04T23:05:07.788,1.864,-162.773,54.902,44517.884,0.602,0.212,0.04,11.895,15,20210604T160000_15
2021-06-05T02:13:21.164,0.826,-161.505,55.425,35489.21,0.574,0.173,0.002,5.0,1,20210605T000000_1
2021-06-05T03:37:30.348,1.154,-162.268,54.993,61000.0,0.258,0.124,-0.003,4.0,2,20210605T000000_2
2021-06-05T06:23:39.038,1.229,-162.773,54.902,61000.0,0.932,0.137,0.087,6.0,3,20210605T000000_3
2021-06-05T11:15:54.107,1.366,-161.215,54.903,61000.0,0.354,0.228,0.004,7.0,1,20210605T080000_1
2021-06-05T11:16:02.829,1.936,-161.251,54.903,61000.0,0.791,0.239,-0.013,10.0,2,20210605T080000_2
2021-06-05T12:43:34.265,1.871,-161.003,55.121,26374.33,0.725,0.436,0.14,7.762,3,20210605T080000_3
2021-06-05T12:43:57.491,2.471,-161.003,55.124,2187.203,0.587,0.313,-0.109,8.573,4,20210605T080000_4
2021-06-05T13:58:05.905,1.992,-160.993,55.571,61000.0,0.521,0.29,0.004,10.559,5,20210605T080000_5
2021-06-05T13:58:06.195,1.841,-161.006,54.991,61000.0,0.706,0.218,0.05,11.298,6,20210605T080000_6
2021-06-05T14:50:03.101,1.721,-162.773,54.902,61000.0,1.144,0.135,0.115,9.0,7,20210605T080000_7
2021-06-05T15:09:29.510,0.404,-162.465,55.206,0.0,0.297,0.093,-0.014,4.0,8,20210605T080000_8
2021-06-05T15:12:22.114,0.731,-161.799,55.551,0.0,0.473,0.619,0.145,4.713,9,20210605T080000_9
2021-06-05T16:05:25.012,1.48,-161.201,54.903,43951.687,0.405,0.162,0.001,7.0,1,20210605T160000_1
2021-06-05T16:05:34.412,1.345,-161.254,54.903,49550.264,0.631,0.244,0.025,6.0,2,20210605T160000_2
2021-06-05T17:38:04.980,1.137,-161.001,55.205,2753.546,0.214,0.379,0.038,4.0,3,20210605T160000_3
2021-06-05T17:38:29.106,0.242,-162.079,55.196,0.0,0.39,0.183,-0.048,3.815,4,20210605T160000_4
2021-06-05T21:42:26.987,1.334,-161.235,54.903,55664.691,0.462,0.327,-0.026,4.846,5,20210605T160000_5
2021-06-05T21:51:00.622,1.232,-161.082,54.902,0.0,0.068,0.35,-0.014,4.0,6,20210605T160000_6
2021-06-05T21:51:26.351,0.916,-161.559,55.241,0.0,0.506,0.286,0.071,3.627,7,20210605T160000_7
2021-06-05T22:11:21.318,2.109,-161.061,55.395,61000.0,0.214,0.197,0.02,9.895,8,20210605T160000_8
2021-06-05T22:12:08.079,1.605,-161.742,55.447,0.0,0.705,0.382,0.088,5.513,9,20210605T160000_9
2021-06-05T23:59:49.161,1.42,-162.012,55.288,61000.0,0.13,0.328,0.013,4.0,1,20210606T000000_1
2021-06-06T00:41:15.859,1.282,-161.477,54.904,21684.615,0.474,0.313,-0.009,6.66,2,20210606T000000_2
2021-06-06T00:41:28.517,1.375,-161.504,54.904,32453.957,0.479,0.222,0.021,5.904,3,20210606T000000_3
2021-06-06T00:58:23.234,1.843,-161.013,54.902,40630.326,0.269,0.216,-0.0,9.0,4,20210606T000000_4
2021-06-06T00:58:30.254,1.92,-161.033,54.902,57120.377,0.611,0.284,-0.017,7.0,5,20210606T000000_5
2021-06-06T02:31:12.877,0.991,-161.795,55.124,383.132,0.139,0.423,0.036,4.0,6,20210606T000000_6
2021-06-06T02:33:31.833,1.91,-162.773,54.902,40768.408,1.029,0.338,0.075,14.0,7,20210606T000000_7
2021-06-06T04:47:58.839,1.312,-161.292,54.903,36018.252,0.247,0.255,0.01,5.0,8,20210606T000000_8
2021-06-06T04:48:12.785,1.586,-161.398,54.904,31347.132,0.563,0.259,0.079,7.0,9,20210606T000000_9
2021-06-06T06:20:00.202,-0.028,-161.648,55.331,0.0,0.383,0.419,0.042,4.0,10,20210606T000000_10
2021-06-06T06:20:15.775,0.621,-162.005,55.202,16940.776,0.556,0.197,-0.078,6.0,11,20210606T000000_11
2021-06-06T07:58:30.424,0.856,-161.391,55.199,674.551,0.162,0.334,0.025,5.832,12,20210606T000000_12
2021-06-06T07:58:53.421,-0.286,-161.785,55.38,3209.491,0.221,0.596,-0.06,6.833,13,20210606T000000_13
2021-06-06T08:04:22.340,1.116,-161.465,55.337,25370.542,0.268,0.213,0.004,7.729,1,20210606T080000_1
2021-06-06T09:26:54.828,1.63,-161.002,55.181,61000.0,0.964,0.335,0.107,15.0,2,20210606T080000_2
2021-06-06T12:18:13.551,1.886,-161.402,54.904,53139.888,0.561,0.2,0.021,10.832,3,20210606T080000_3
2021-06-06T12:18:38.820,1.19,-161.871,55.026,0.0,0.52,0.357,0.056,7.0,4,20210606T080000_4
2021-06-06T13:56:10.797,2.774,-162.773,54.902,56040.422,0.986,0.294,-0.083,14.101,5,20210606T080000_5
2021-06-06T13:56:26.698,2.545,-162.19,54.905,18108.162,0.377,0.287,-0.021,5.77,6,20210606T080000_6
2021-06-06T14:11:33.924,1.889,-162.773,54.902,61000.0,1.026,0.307,0.046,16.576,7,20210606T080000_7
2021-06-06T14:12:17.161,1.47,-161.993,54.905,23446.299,0.38,0.277,0.004,4.902,8,20210606T080000_8
2021-06-06T15:46:44.013,0.722,-161.658,55.166,2531.78,0.191,0.429,0.051,4.0,9,20210606T080000_9
2021-06-06T17:01:12.878,1.116,-161.448,54.904,34483.794,0.3,0.349,-0.027,7.0,1,20210606T160000_1
2021-06-06T17:01:35.929,0.713,-161.616,55.085,0.0,0.362,0.346,0.021,4.762,2,20210606T160000_2
2021-06-06T17:17:13.497,2.118,-161.468,54.904,43996.603,0.378,0.152,0.011,10.986,3,20210606T160000_3
2021-06-06T17:17:35.540,2.014,-162.373,55.413,24390.385,0.831,0.153,0.02,5.741,4,20210606T160000_4
2021-06-06T18:01:35.100,0.793,-161.846,55.619,30303.625,0.132,0.411,-0.037,5.0,5,20210606T160000_5
2021-06-06T18:21:33.726,1.777,-161.399,54.904,32183.704,0.282,0.13,0.008,9.0,6,20210606T160000_6
2021-06-06T18:21:48.640,1.932,-161.559,55.465,17713.89,0.698,0.149,0.004,5.001,7,20210606T160000_7
2021-06-06T18:21:51.770,1.87,-161.206,55.142,17010.74,0.345,0.235,0.005,6.955,8,20210606T160000_8
2021-06-06T19:48:39.157,1.395,-161.493,54.904,32600.308,0.183,0.155,0.013,6.0,9,20210606T160000_9
2021-06-06T19:49:01.367,0.869,-161.877,55.311,0.0,0.564,0.616,0.072,5.449,10,20210606T160000_10
2021-06-06T19:49:47.453,1.304,-161.62,54.926,0.0,0.418,0.124,-0.015,3.864,11,20210606T160000_11
2021-06-06T20:41:08.652,1.997,-162.773,54.902,61000.0,0.874,0.319,0.045,9.283,13,20210606T160000_13
2021-06-06T20:41:16.137,-0.138,-161.893,55.371,0.0,0.143,0.7,0.03,3.873,12,20210606T160000_12
2021-06-06T21:34:42.399,2.695,-161.298,54.903,61000.0,0.471,0.166,0.009,11.771,14,20210606T160000_14
2021-06-06T21:35:25.297,2.831,-161.79,55.084,38093.122,0.918,0.343,-0.005,13.0,15,20210606T160000_15
2021-06-06T22:16:46.802,1.471,-161.389,54.904,35565.003,0.262,0.257,-0.013,8.0,16,20210606T160000_16
2021-06-06T22:17:10.477,1.273,-161.625,55.082,0.0,0.36,0.257,0.017,4.419,17,20210606T160000_17
2021-06-07T00:09:19.441,0.718,-161.583,55.216,35969.565,0.464,0.161,0.013,4.0,1,20210607T000000_1
2021-06-07T00:29:07.357,1.628,-161.163,54.903,45686.245,0.257,0.24,0.009,8.0,2,20210607T000000_2
2021-06-07T00:29:20.992,1.485,-161.375,54.904,37580.779,0.736,0.242,0.018,6.0,3,20210607T000000_3
2021-06-07T02:16:53.757,1.026,-161.442,55.216,849.477,0.491,0.296,-0.044,6.0,4,20210607T000000_4
2021-06-07T03:31:46.692,1.301,-161.468,54.904,35011.092,0.298,0.37,-0.04,7.0,5,20210607T000000_5
2021-06-07T03:32:08.980,1.174,-161.733,55.144,26787.655,0.027,0.21,0.001,3.574,6,20210607T000000_6
2021-06-07T05:37:35.974,0.842,-161.274,55.326,25624.345,0.314,0.354,0.006,5.0,7,20210607T000000_7
2021-06-07T06:10:51.884,0.988,-162.069,55.116,0.0,1.1,0.295,-0.075,7.0,8,20210607T000000_8
2021-06-07T08:26:16.372,1.126,-162.132,55.066,0.0,0.848,0.383,-0.301,8.0,1,20210607T080000_1
2021-06-07T12:12:57.599,2.158,-161.008,54.902,32430.658,0.74,0.297,-0.049,11.083,2,20210607T080000_2
2021-06-07T12:13:02.732,1.833,-162.665,54.902,26049.975,0.1,0.438,-0.029,4.691,3,20210607T080000_3
2021-06-07T12:13:05.594,2.169,-161.008,54.91,11828.938,0.226,0.284,-0.025,6.226,4,20210607T080000_4
2021-06-07T12:28:22.192,1.749,-162.651,55.81,60830.12,0.388,0.12,0.023,5.0,5,20210607T080000_5
2021-06-07T12:44:57.048,1.585,-161.008,54.902,61000.0,0.939,0.345,-0.029,9.144,7,20210607T080000_7
2021-06-07T12:45:03.603,1.177,-161.799,55.795,33966.383,0.35,0.509,-0.046,4.856,6,20210607T080000_6
2021-06-07T13:53:39.723,1.325,-161.166,54.903,0.0,0.336,0.385,-0.058,6.0,8,20210607T080000_8
2021-06-07T13:53:49.308,1.5,-161.269,54.903,39833.296,0.677,0.228,0.046,6.0,9,20210607T080000_9
2021-06-07T16:04:51.282,1.417,-161.0,55.283,49357.734,0.132,0.436,0.019,4.0,1,20210607T160000_1
2021-06-07T18:12:21.432,0.218,-162.209,55.261,0.0,0.441,0.224,0.067,5.0,2,20210607T160000_2
2021-06-07T19:09:55.628,1.024,-161.342,55.33,36961.61,0.0,0.286,0.0,4.0,3,20210607T160000_3
2021-06-07T21:21:05.474,0.788,-161.952,55.061,0.0,0.335,0.365,-0.07,5.0,4,20210607T160000_4
2021-06-08T00:35:10.654,2.853,-162.733,54.902,61000.0,0.878,0.285,-0.12,20.0,1,20210608T000000_1
2021-06-08T05:25:46.325,1.163,-162.139,55.041,36941.679,0.0,0.164,-0.0,4.0,2,20210608T000000_2
2021-06-08T11:07:29.871,1.798,-162.565,55.04,61000.0,0.319,0.331,0.062,3.826,1,20210608T080000_1
2021-06-08T11:07:50.029,1.087,-161.953,55.141,38155.974,0.0,0.175,0.0,4.0,2,20210608T080000_2
2021-06-08T11:10:49.616,0.245,-161.573,55.236,11429.873,0.0,0.214,0.0,3.966,3,20210608T080000_3
2021-06-08T16:16:31.175,1.403,-162.516,54.903,61000.0,0.529,0.298,0.044,5.458,1,20210608T160000_1
2021-06-08T17:56:08.382,1.773,-161.262,54.903,61000.0,0.355,0.255,-0.035,7.87,2,20210608T160000_2
2021-06-08T17:56:25.249,1.64,-161.002,55.169,27074.693,0.08,0.329,0.008,5.0,3,20210608T160000_3
2021-06-08T18:49:25.627,1.828,-162.773,54.903,61000.0,0.875,0.329,0.162,7.9,4,20210608T160000_4
2021-06-08T18:49:26.677,1.908,-161.713,54.905,61000.0,0.533,0.131,-0.046,4.1,5,20210608T160000_5
2021-06-08T19:34:50.717,1.277,-162.773,54.902,41882.857,0.706,0.16,0.048,5.0,6,20210608T160000_6
2021-06-08T19:57:23.768,1.396,-161.31,54.904,30143.089,0.346,0.244,-0.005,4.0,7,20210608T160000_7
2021-06-08T20:01:53.861,0.894,-161.79,55.372,53181.845,0.626,0.052,-0.006,4.0,8,20210608T160000_8
2021-06-08T21:15:57.823,0.927,-161.758,55.316,40339.641,0.451,0.303,-0.018,6.0,9,20210608T160000_9
2021-06-08T22:45:37.534,1.818,-162.152,54.905,61000.0,0.931,0.26,-0.1,10.0,10,20210608T160000_10
2021-06-08T23:27:54.604,0.349,-161.652,55.407,19214.389,0.218,0.138,0.003,6.0,11,20210608T160000_11
2021-06-09T01:21:19.792,1.605,-160.998,55.36,54761.446,0.596,0.373,0.017,9.484,1,20210609T000000_1
2021-06-09T02:17:48.532,0.926,-162.486,55.225,0.468,0.196,0.151,-0.005,3.864,2,20210609T000000_2
2021-06-09T04:36:34.891,1.604,-161.095,55.603,0.0,0.173,0.32,0.022,3.97,4,20210609T000000_4
2021-06-09T04:36:36.991,1.292,-161.557,55.224,22827.847,0.399,0.375,-0.036,5.03,3,20210609T000000_3
2021-06-09T06:15:58.558,1.641,-162.773,54.902,61000.0,0.725,0.14,0.026,4.0,5,20210609T000000_5
2021-06-09T07:41:32.453,1.47,-162.041,55.257,43194.091,0.456,0.325,0.0,9.404,6,20210609T000000_6
2021-06-09T09:16:39.179,1.235,-161.177,54.903,39055.251,0.194,0.202,-0.004,4.0,1,20210609T080000_1
2021-06-09T09:56:10.250,1.675,-162.781,55.292,61000.0,0.889,0.373,0.007,12.007,2,20210609T080000_2
2021-06-09T11:46:40.469,1.085,-161.559,55.196,21280.779,0.776,0.357,-0.233,7.0,3,20210609T080000_3
2021-06-09T12:40:29.634,1.356,-161.541,55.474,55188.424,0.337,0.378,-0.012,6.0,4,20210609T080000_4
2021-06-09T12:41:54.360,0.682,-161.249,55.41,1142.143,0.455,0.161,0.042,5.0,5,20210609T080000_5
2021-06-09T14:33:35.378,1.802,-161.003,55.141,33847.63,0.341,0.205,0.018,8.0,6,20210609T080000_6
2021-06-09T14:33:54.951,1.57,-161.499,55.206,23633.225,1.009,0.323,-0.152,10.0,7,20210609T080000_7
2021-06-09T15:42:07.032,1.028,-161.671,55.282,48456.917,0.334,0.11,0.006,4.0,8,20210609T080000_8
2021-06-09T20:22:40.179,1.183,-162.224,55.194,37563.276,0.282,0.249,0.0,6.0,1,20210609T160000_1
2021-06-09T20:59:38.323,1.199,-162.236,54.904,0.0,0.319,0.159,-0.006,3.528,2,20210609T160000_2
2021-06-09T23:57:32.863,1.382,-160.986,55.862,8464.227,0.317,0.36,0.011,5.0,3,20210609T160000_3
2021-06-09T23:57:35.712,1.688,-160.987,55.848,60335.928,0.52,0.405,0.074,5.0,4,20210609T160000_4
2021-06-10T03:12:23.889,1.363,-161.117,54.902,54150.208,0.242,0.186,0.003,4.0,1,20210610T000000_1
2021-06-10T03:13:16.503,1.692,-161.206,54.903,42953.748,0.076,0.182,0.0,4.0,2,20210610T000000_2
2021-06-10T10:19:52.301,0.999,-161.769,55.518,30032.992,0.349,0.408,0.007,7.848,1,20210610T080000_1
2021-06-10T15:02:46.716,1.253,-161.823,54.905,23069.953,0.619,0.309,-0.026,6.0,2,20210610T080000_2
2021-06-10T17:27:57.065,2.341,-162.72,54.902,61000.0,0.731,0.445,-0.122,22.0,1,20210610T160000_1
2021-06-10T20:23:10.187,1.856,-161.118,54.902,61000.0,0.7,0.175,0.012,8.591,2,20210610T160000_2
2021-06-10T20:23:13.365,1.601,-162.567,54.919,61000.0,0.651,0.281,0.066,8.463,3,20210610T160000_3
2021-06-10T20:58:13.293,1.401,-161.021,54.902,40958.735,0.261,0.257,-0.007,7.0,4,20210610T160000_4
2021-06-10T20:58:21.210,1.589,-161.129,54.903,52097.868,0.309,0.288,-0.042,7.0,5,20210610T160000_5
2021-06-10T22:22:20.889,1.446,-162.093,54.905,61000.0,0.814,0.026,0.007,4.0,6,20210610T160000_6
2021-06-10T22:23:18.957,1.259,-161.943,55.129,39114.467,0.0,0.296,-0.0,4.0,7,20210610T160000_7
2021-06-11T02:35:37.964,1.711,-162.354,55.135,61000.0,0.344,0.374,0.028,11.0,1,20210611T000000_1
2021-06-11T03:56:22.854,0.895,-161.722,55.135,48077.574,0.0,0.117,-0.0,4.0,2,20210611T000000_2
2021-06-11T04:28:47.339,0.999,-161.842,54.905,416.114,0.557,0.274,-0.075,8.0,3,20210611T000000_3
2021-06-11T05:59:20.613,1.164,-162.058,55.092,37356.046,0.202,0.255,-0.015,6.0,4,20210611T000000_4
2021-06-11T07:03:13.790,1.495,-161.825,54.905,61000.0,0.341,0.133,0.005,6.0,5,20210611T000000_5
2021-06-11T07:59:48.421,1.21,-162.34,55.267,61000.0,0.165,0.255,0.024,4.0,1,20210611T080000_1
2021-06-11T08:36:52.093,1.567,-161.581,55.571,61000.0,0.674,0.233,0.014,8.758,2,20210611T080000_2
2021-06-11T10:14:23.578,1.303,-162.684,55.332,61000.0,0.69,0.128,-0.023,4.9,3,20210611T080000_3
2021-06-11T14:44:33.546,1.389,-162.773,54.902,61000.0,0.989,0.185,0.139,7.0,4,20210611T080000_4
2021-06-11T15:11:47.902,1.115,-161.254,55.557,0.0,0.608,0.293,-0.028,6.0,5,20210611T080000_5
2021-06-11T16:34:50.265,1.571,-161.186,54.903,61000.0,0.963,0.183,0.005,7.346,1,20210611T160000_1
2021-06-11T18:17:16.468,1.272,-161.307,54.904,27518.625,0.461,0.276,-0.015,8.0,2,20210611T160000_2
2021-06-11T18:17:25.792,1.621,-161.234,54.903,38917.834,0.416,0.215,0.014,8.973,3,20210611T160000_3
2021-06-11T18:41:12.760,0.621,-161.67,55.453,38392.68,0.65,0.287,-0.041,5.739,4,20210611T160000_4
2021-06-11T19:26:31.969,0.935,-162.447,54.904,22333.96,0.094,0.333,-0.008,5.936,5,20210611T160000_5
2021-06-11T19:41:33.514,0.547,-161.855,55.052,21496.718,0.425,0.105,0.011,5.948,6,20210611T160000_6
2021-06-11T19:49:47.301,1.515,-162.788,55.611,61000.0,0.851,0.11,-0.01,5.552,7,20210611T160000_7
2021-06-11T21:52:49.527,1.475,-161.587,54.905,59103.242,0.089,0.144,-0.003,8.0,8,20210611T160000_8
2021-06-11T22:53:05.028,0.338,-161.805,55.45,8679.687,0.687,0.329,0.03,7.771,9,20210611T160000_9
2021-06-11T23:59:49.176,0.952,-162.128,55.341,61000.0,0.206,0.438,-0.052,4.0,1,20210612T000000_1
2021-06-12T00:01:43.395,0.337,-162.143,55.286,0.0,0.05,0.217,-0.006,4.0,2,20210612T000000_2
2021-06-12T03:58:29.211,1.004,-162.184,55.102,0.0,0.686,0.297,-0.109,6.0,3,20210612T000000_3
2021-06-12T05:10:55.195,0.665,-161.817,54.905,0.0,0.917,0.068,0.038,4.0,4,20210612T000000_4
2021-06-12T05:46:08.408,1.547,-161.129,54.903,46656.431,0.344,0.184,0.016,9.871,5,20210612T000000_5
2021-06-12T05:46:12.950,1.757,-160.985,55.918,61000.0,0.812,0.28,0.026,3.39,6,20210612T000000_6
2021-06-12T08:33:13.202,-0.013,-161.965,55.496,0.0,1.068,0.238,-0.145,5.0,1,20210612T080000_1
2021-06-12T09:22:07.542,1.239,-161.196,54.903,54493.273,0.402,0.398,-0.088,4.0,2,20210612T080000_2
2021-06-12T10:05:42.074,1.594,-160.985,55.918,61000.0,0.804,0.392,-0.153,6.213,3,20210612T080000_3
2021-06-12T10:06:13.922,0.558,-161.841,55.28,15288.229,0.853,0.396,-0.084,9.787,4,20210612T080000_4
2021-06-12T10:42:24.142,0.924,-162.68,55.149,32029.422,0.0,0.125,-0.0,4.0,5,20210612T080000_5
2021-06-12T11:30:08.520,1.718,-162.697,54.902,61000.0,1.005,0.311,-0.082,17.0,6,20210612T080000_6
2021-06-12T11:31:42.779,2.536,-162.587,54.903,61000.0,1.032,0.349,-0.027,23.0,7,20210612T080000_7
2021-06-12T11:46:28.530,3.601,-161.895,54.905,61000.0,0.885,0.464,-0.172,16.043,8,20210612T080000_8
2021-06-12T11:46:33.945,3.584,-161.188,54.903,36471.132,0.448,0.28,-0.023,5.957,9,20210612T080000_9
2021-06-12T11:54:34.491,1.523,-161.603,54.905,61000.0,1.106,0.143,-0.048,8.0,10,20210612T080000_10
2021-06-12T11:57:39.959,1.494,-161.687,54.905,61000.0,1.277,0.092,-0.057,8.0,11,20210612T080000_11
2021-06-12T12:04:04.789,1.252,-162.773,54.902,61000.0,1.072,0.216,-0.03,4.0,12,20210612T080000_12
2021-06-12T12:10:54.233,2.494,-162.77,54.902,61000.0,0.892,0.294,-0.103,22.0,13,20210612T080000_13
2021-06-12T16:29:44.241,0.037,-162.095,55.125,9647.824,0.004,0.155,-0.0,4.0,1,20210612T160000_1
2021-06-12T18:02:20.169,1.498,-161.329,54.904,33324.791,0.571,0.187,0.048,10.0,2,20210612T160000_2
2021-06-12T18:02:24.563,2.106,-161.209,54.903,61000.0,0.718,0.206,-0.046,10.0,3,20210612T160000_3
2021-06-12T18:33:24.338,0.39,-161.813,55.299,15698.269,0.242,0.324,-0.019,7.0,4,20210612T160000_4
2021-06-12T18:53:16.210,0.678,-161.906,55.298,41426.157,0.427,0.111,0.008,5.0,5,20210612T160000_5
2021-06-12T20:33:44.341,1.499,-162.773,54.902,61000.0,1.117,0.314,-0.069,15.0,6,20210612T160000_6
2021-06-12T20:49:08.470,1.592,-160.999,55.325,61000.0,0.306,0.237,0.043,8.0,7,20210612T160000_7
2021-06-12T21:52:10.214,1.548,-161.204,54.903,61000.0,0.37,0.136,-0.007,9.0,8,20210612T160000_8
2021-06-12T21:52:19.160,1.945,-161.303,54.903,61000.0,0.732,0.239,-0.005,10.0,9,20210612T160000_9
2021-06-12T23:26:28.281,1.815,-161.413,54.904,45003.259,0.428,0.185,0.012,10.756,10,20210612T160000_10
2021-06-12T23:26:33.315,2.464,-162.791,55.732,61000.0,0.86,0.25,0.083,5.409,11,20210612T160000_11
2021-06-12T23:54:40.986,0.53,-161.698,55.078,13700.838,0.259,0.247,0.013,6.0,12,20210612T160000_12
2021-06-12T23:54:47.944,1.213,-161.238,54.903,12316.515,0.667,0.218,-0.073,6.0,13,20210612T160000_13
2021-06-12T23:59:49.138,0.934,-162.179,55.35,61000.0,0.226,0.327,0.003,5.0,1,20210613T000000_1
2021-06-13T01:51:52.867,0.583,-161.776,55.436,34972.287,0.0,0.267,-0.0,4.0,2,20210613T000000_2
2021-06-13T02:11:22.062,0.922,-161.841,54.905,2314.074,0.486,0.246,0.026,8.536,3,20210613T000000_3
2021-06-13T02:11:36.686,1.413,-161.745,54.905,21798.433,0.528,0.224,-0.054,5.004,4,20210613T000000_4
2021-06-13T02:18:54.820,1.444,-162.538,54.903,61000.0,0.934,0.349,-0.17,14.0,5,20210613T000000_5
2021-06-13T02:48:53.948,1.427,-162.773,54.902,60368.969,0.559,0.156,0.061,6.0,6,20210613T000000_6
2021-06-13T03:03:50.071,2.267,-162.582,54.903,61000.0,1.097,0.333,0.018,21.0,7,20210613T000000_7
2021-06-13T04:01:27.935,0.559,-162.015,54.905,7381.673,0.07,0.034,-0.0,4.0,8,20210613T000000_8
2021-06-13T04:01:52.228,0.71,-162.079,54.905,0.0,0.685,0.178,-0.007,5.0,9,20210613T000000_9
2021-06-13T04:23:46.587,1.925,-161.005,55.033,58219.983,0.33,0.186,0.012,11.0,10,20210613T000000_10
2021-06-13T04:23:55.697,2.293,-161.005,55.042,61000.0,0.74,0.267,-0.044,11.0,11,20210613T000000_11
2021-06-13T04:38:45.316,2.15,-161.008,54.902,61000.0,1.089,0.329,0.295,22.0,12,20210613T000000_12
2021-06-13T05:13:51.553,0.058,-161.493,55.416,11389.269,0.222,0.235,-0.006,5.0,13,20210613T000000_13
2021-06-13T05:31:57.046,1.365,-160.985,55.918,341.544,0.478,0.563,0.057,3.981,14,20210613T000000_14
2021-06-13T05:37:40.949,1.5,-162.723,54.902,61000.0,0.987,0.341,-0.071,16.0,15,20210613T000000_15
2021-06-13T05:54:09.176,1.132,-162.773,54.902,61000.0,0.98,0.023,0.01,5.0,16,20210613T000000_16
2021-06-13T07:59:48.888,0.876,-162.323,55.382,61000.0,0.176,0.469,-0.038,4.0,1,20210613T080000_1
2021-06-13T08:59:57.540,0.69,-161.781,55.116,0.0,0.255,0.311,0.014,6.0,2,20210613T080000_2
2021-06-13T10:19:32.022,2.028,-162.631,54.903,61000.0,1.113,0.399,-0.036,23.0,3,20210613T080000_3
2021-06-13T10:27:11.396,1.436,-161.002,55.192,61000.0,0.902,0.247,-0.007,17.0,4,20210613T080000_4
2021-06-13T11:05:02.747,1.222,-162.071,55.099,31234.598,0.869,0.337,-0.161,6.0,5,20210613T080000_5
2021-06-13T11:42:25.883,1.077,-161.625,54.905,61000.0,0.907,0.056,-0.006,4.0,6,20210613T080000_6
2021-06-13T12:12:45.244,0.649,-161.968,54.905,31681.889,0.26,0.069,-0.003,6.0,7,20210613T080000_7
2021-06-13T14:20:27.408,0.922,-161.095,55.193,0.0,0.096,0.201,-0.007,3.742,8,20210613T080000_8
2021-06-13T14:47:51.032,0.05,-161.868,55.428,0.0,0.651,0.344,-0.03,8.763,9,20210613T080000_9
2021-06-13T15:30:13.484,2.026,-162.553,54.903,61000.0,0.879,0.512,-0.449,21.0,10,20210613T080000_10
2021-06-13T15:59:48.694,0.818,-162.316,55.437,61000.0,0.382,0.327,-0.055,5.0,1,20210613T160000_1
2021-06-13T17:49:14.564,1.141,-162.784,55.428,40616.275,0.172,0.089,0.007,3.966,2,20210613T160000_2
2021-06-13T18:40:02.342,0.875,-162.086,54.905,0.0,0.773,0.422,-0.058,6.816,3,20210613T160000_3
2021-06-13T18:58:33.965,1.528,-162.497,55.544,61000.0,0.939,0.178,-0.064,7.0,4,20210613T160000_4
2021-06-13T19:13:58.857,1.094,-161.779,54.905,61000.0,1.192,0.079,-0.046,6.0,5,20210613T160000_5
2021-06-13T19:27:06.848,1.337,-162.459,55.45,61000.0,1.015,0.075,-0.045,7.0,6,20210613T160000_6
2021-06-13T19:37:21.851,1.294,-161.142,55.047,61000.0,0.19,0.106,0.009,8.963,7,20210613T160000_7
2021-06-13T19:43:33.647,0.745,-161.503,54.904,29659.53,0.03,0.157,-0.001,4.0,8,20210613T160000_8
2021-06-13T19:43:45.889,1.25,-161.543,54.945,40079.433,0.853,0.239,-0.107,8.0,9,20210613T160000_9
2021-06-13T20:25:44.320,1.519,-161.008,54.902,61000.0,0.424,0.227,0.016,10.98,10,20210613T160000_10
2021-06-13T20:25:47.775,1.774,-161.069,54.902,61000.0,0.666,0.215,-0.025,10.02,11,20210613T160000_11
2021-06-13T20:40:10.443,0.82,-162.501,55.33,1644.965,0.567,0.165,0.032,4.636,12,20210613T160000_12
2021-06-13T22:24:49.134,1.645,-162.729,54.902,61000.0,0.364,0.165,-0.012,5.17,13,20210613T160000_13
2021-06-13T22:24:53.677,1.507,-161.215,54.903,0.0,1.014,0.365,0.033,7.871,14,20210613T160000_14
2021-06-13T22:25:18.387,0.237,-161.792,55.307,3783.987,0.177,0.529,-0.02,4.96,15,20210613T160000_15
2021-06-13T23:39:28.132,1.178,-162.428,54.904,0.0,0.673,0.602,0.054,7.0,16,20210613T160000_16
2021-06-13T23:39:46.150,1.284,-162.346,54.904,8975.11,0.563,0.555,-0.023,4.996,17,20210613T160000_17
2021-06-14T00:12:28.855,0.288,-162.03,55.157,0.0,0.858,0.323,-0.152,4.0,1,20210614T000000_1
2021-06-14T00:26:11.761,1.539,-161.49,54.904,25006.286,0.395,0.208,0.002,11.0,2,20210614T000000_2
2021-06-14T00:26:18.488,2.139,-161.396,54.904,44189.021,0.582,0.248,-0.007,11.0,3,20210614T000000_3
2021-06-14T00:54:54.171,1.814,-161.008,54.902,50945.762,0.301,0.216,0.018,11.0,4,20210614T000000_4
2021-06-14T00:55:04.898,2.302,-161.006,54.976,48495.746,0.531,0.26,0.006,9.842,5,20210614T000000_5
2021-06-14T01:55:06.134,1.818,-161.183,54.903,61000.0,0.615,0.279,-0.085,8.541,6,20210614T000000_6
2021-06-14T02:05:22.453,1.447,-162.773,54.902,61000.0,0.887,0.241,-0.043,14.0,7,20210614T000000_7
2021-06-14T04:38:28.030,0.847,-161.65,55.266,54652.339,0.131,0.079,-0.001,4.0,8,20210614T000000_8
2021-06-14T06:18:26.669,1.414,-161.008,54.912,44005.254,0.246,0.388,-0.008,4.0,9,20210614T000000_9
2021-06-14T06:18:52.229,0.887,-162.46,55.181,0.0,0.304,0.27,-0.014,4.388,10,20210614T000000_10
2021-06-14T06:43:05.314,1.62,-162.723,54.902,61000.0,1.03,0.337,-0.137,15.0,11,20210614T000000_11
2021-06-14T10:42:20.253,3.066,-161.651,54.905,45227.114,0.422,0.091,-0.003,12.0,1,20210614T080000_1
2021-06-14T10:42:41.165,3.382,-161.716,54.905,39002.191,0.953,0.24,-0.036,12.0,2,20210614T080000_2
2021-06-14T16:50:24.490,0.468,-161.848,55.139,0.0,0.507,0.441,0.068,5.0,1,20210614T160000_1
2021-06-14T20:30:23.396,0.654,-161.452,55.263,0.0,0.081,0.343,-0.004,4.0,2,20210614T160000_2
2021-06-14T21:39:59.186,1.162,-161.75,55.356,40702.296,0.0,0.455,-0.0,4.0,3,20210614T160000_3
2021-06-14T21:43:39.016,1.65,-161.305,55.26,61000.0,0.293,0.331,-0.014,7.0,4,20210614T160000_4
2021-06-15T00:25:40.158,2.225,-161.006,55.004,45473.424,0.563,0.291,-0.013,10.374,1,20210615T000000_1
2021-06-15T00:25:45.744,2.625,-162.338,54.904,61000.0,0.817,0.272,-0.088,4.773,2,20210615T000000_2
2021-06-15T00:25:46.624,2.46,-162.19,55.71,61000.0,0.518,0.367,0.03,6.542,3,20210615T000000_3
2021-06-15T04:53:41.388,1.314,-162.773,54.902,44123.493,0.353,0.239,-0.054,4.0,4,20210615T000000_4
2021-06-15T05:07:34.881,1.75,-161.027,54.902,52017.296,0.298,0.285,0.005,7.0,5,20210615T000000_5
2021-06-15T05:07:43.750,2.019,-161.126,54.903,53365.333,0.487,0.288,0.075,8.0,6,20210615T000000_6
2021-06-15T05:53:34.409,1.612,-161.163,54.903,61000.0,0.902,0.294,0.049,6.0,7,20210615T000000_7
2021-06-15T05:53:47.013,1.569,-161.236,54.903,38938.085,0.474,0.364,0.017,7.0,8,20210615T000000_8
2021-06-15T06:51:57.417,1.848,-160.985,55.918,61000.0,0.371,0.448,0.032,5.411,9,20210615T000000_9
2021-06-15T08:17:17.245,1.752,-161.151,54.903,32063.125,0.31,0.23,0.018,7.0,1,20210615T080000_1
2021-06-15T08:17:27.396,1.617,-161.148,54.903,33596.23,0.711,0.268,0.03,6.0,2,20210615T080000_2
2021-06-15T10:40:37.438,1.676,-162.332,54.904,56879.778,0.901,0.136,0.068,8.011,3,20210615T080000_3
2021-06-15T11:57:38.579,1.881,-161.38,54.904,61000.0,0.916,0.206,0.03,11.143,4,20210615T080000_4
2021-06-15T11:58:01.651,0.443,-162.003,55.176,4633.026,0.307,0.241,0.005,6.857,5,20210615T080000_5
2021-06-16T13:52:27.707,0.549,-161.665,55.374,13725.361,0.583,0.352,-0.141,6.0,1,20210616T080000_1
2021-06-16T17:04:24.271,1.933,-161.345,54.904,61000.0,0.863,0.234,0.02,9.568,1,20210616T160000_1
2021-06-16T17:04:24.505,1.823,-162.773,54.902,61000.0,0.439,0.209,-0.017,4.882,2,20210616T160000_2
2021-06-16T17:19:52.601,1.834,-161.6,54.981,60969.13,0.155,0.107,-0.007,9.0,3,20210616T160000_3
2021-06-16T17:51:30.726,1.036,-162.028,54.905,0.0,0.46,0.043,0.009,3.717,4,20210616T160000_4
2021-06-16T18:14:32.921,1.812,-162.316,54.904,8884.172,0.327,0.462,-0.001,10.9,5,20210616T160000_5
2021-06-16T18:14:48.276,2.465,-162.775,55.023,1042.412,0.565,0.341,0.058,6.999,6,20210616T160000_6
2021-06-16T18:34:58.648,0.394,-162.299,54.985,908.658,0.091,0.803,0.012,4.999,7,20210616T160000_7
2021-06-16T18:35:14.765,1.029,-162.366,54.904,2411.061,0.557,0.415,0.027,5.999,8,20210616T160000_8
2021-06-16T18:48:05.581,1.941,-162.773,54.902,61000.0,0.499,0.174,-0.034,3.999,9,20210616T160000_9
2021-06-16T19:01:29.860,1.993,-161.006,54.981,58502.73,0.568,0.191,0.016,11.999,10,20210616T160000_10
2021-06-16T19:01:37.742,2.473,-161.005,55.054,48121.491,0.419,0.277,-0.035,10.0,11,20210616T160000_11
2021-06-17T00:44:46.386,0.187,-162.07,55.255,0.0,0.228,0.289,-0.001,5.0,1,20210617T000000_1
2021-06-17T04:22:40.114,1.455,-161.947,54.905,61000.0,0.554,0.164,-0.03,6.965,2,20210617T000000_2
2021-06-17T04:23:12.935,1.079,-162.097,55.121,25339.874,0.742,0.26,-0.082,8.001,3,20210617T000000_3
2021-06-17T05:04:34.727,2.329,-161.407,54.911,61000.0,0.48,0.351,-0.032,21.0,4,20210617T000000_4
2021-06-17T05:11:16.605,0.68,-161.873,55.47,28721.786,0.138,0.45,0.011,4.0,5,20210617T000000_5
2021-06-17T07:04:31.776,1.505,-162.773,54.902,61000.0,0.667,0.058,0.002,4.0,6,20210617T000000_6
2021-06-17T09:28:22.988,1.838,-162.773,54.902,61000.0,0.924,0.101,-0.001,8.0,1,20210617T080000_1
2021-06-17T09:32:49.012,1.579,-161.718,54.905,61000.0,0.641,0.247,-0.07,7.0,2,20210617T080000_2
2021-06-17T10:09:15.318,0.805,-161.783,55.504,24323.255,0.019,0.401,-0.004,5.0,3,20210617T080000_3
2021-06-17T10:11:48.350,1.03,-161.893,55.457,32567.499,0.0,0.249,0.0,4.0,4,20210617T080000_4
2021-06-17T10:12:23.068,0.828,-161.819,55.513,28539.115,0.212,0.355,0.052,9.0,5,20210617T080000_5
2021-06-17T13:00:04.754,1.349,-161.38,54.904,47730.084,0.427,0.21,0.029,4.0,6,20210617T080000_6
2021-06-17T13:00:16.474,1.351,-161.268,54.903,36880.747,0.256,0.29,0.028,4.0,7,20210617T080000_7
2021-06-17T14:24:39.382,1.805,-162.345,54.904,61000.0,0.998,0.41,-0.216,22.0,8,20210617T080000_8
2021-06-17T14:41:05.509,1.046,-161.188,55.337,10957.283,0.442,0.523,0.064,7.0,9,20210617T080000_9
2021-06-17T14:42:21.316,1.091,-161.527,55.324,35354.097,0.157,0.405,-0.009,4.957,10,20210617T080000_10
2021-06-17T17:01:05.390,0.651,-161.782,55.366,38461.943,0.073,0.069,-0.001,4.0,1,20210617T160000_1
2021-06-17T17:11:04.588,2.139,-162.773,54.902,61000.0,1.058,0.276,-0.154,20.0,2,20210617T160000_2
2021-06-17T17:44:39.029,2.088,-160.998,55.335,61000.0,0.298,0.175,0.01,10.667,3,20210617T160000_3
2021-06-17T17:44:44.429,2.616,-162.088,55.918,61000.0,0.762,0.236,0.08,6.835,4,20210617T160000_4
2021-06-17T18:42:25.105,1.992,-162.773,54.902,61000.0,0.524,0.432,0.015,12.025,6,20210617T160000_6
2021-06-17T18:42:32.807,2.008,-162.493,54.903,50735.036,0.309,0.376,-0.019,8.975,5,20210617T160000_5
2021-06-17T19:13:52.519,1.907,-161.041,55.091,61000.0,0.624,0.412,-0.039,7.0,7,20210617T160000_7
2021-06-18T01:42:46.644,2.409,-160.999,55.325,59356.774,0.524,0.276,-0.021,12.0,1,20210618T000000_1
2021-06-18T01:42:59.459,2.643,-160.998,55.339,61000.0,0.866,0.228,0.063,11.0,2,20210618T000000_2
2021-06-18T02:59:47.106,0.22,-162.221,55.082,0.0,0.329,0.54,0.01,4.0,3,20210618T000000_3
2021-06-18T03:52:19.932,1.656,-162.512,54.903,61000.0,0.931,0.281,-0.107,20.0,4,20210618T000000_4
2021-06-18T04:08:58.979,1.042,-162.332,54.904,11610.261,0.129,0.446,-0.013,8.0,5,20210618T000000_5
2021-06-18T04:09:18.270,1.373,-162.338,54.904,7613.886,0.491,0.49,0.05,7.791,6,20210618T000000_6
2021-06-18T04:33:53.579,1.855,-162.675,54.902,41904.056,0.428,0.314,-0.041,11.0,7,20210618T000000_7
2021-06-18T04:34:04.781,1.996,-162.537,54.903,28566.542,0.51,0.439,-0.285,10.999,8,20210618T000000_8
2021-06-18T09:38:32.816,0.455,-161.15,55.307,0.0,0.628,0.354,-0.104,5.0,1,20210618T080000_1
2021-06-18T10:03:08.788,3.353,-161.85,54.905,31636.458,0.43,0.189,-0.011,11.0,2,20210618T080000_2
2021-06-18T10:03:30.867,4.071,-161.856,54.905,25222.658,1.026,0.308,-0.143,12.0,3,20210618T080000_3
2021-06-18T11:11:41.404,1.153,-161.885,54.905,35235.767,0.425,0.174,0.007,7.0,4,20210618T080000_4
2021-06-18T11:12:02.390,2.018,-161.886,54.905,33732.007,0.718,0.237,0.002,11.0,5,20210618T080000_5
2021-06-18T11:40:52.444,1.289,-161.995,54.905,61000.0,1.009,0.273,-0.053,10.754,6,20210618T080000_6
2021-06-18T11:50:50.585,1.583,-162.704,55.54,61000.0,1.001,0.141,-0.101,6.0,7,20210618T080000_7
2021-06-18T12:24:09.769,0.864,-161.531,55.044,30294.399,0.0,0.353,-0.0,4.0,8,20210618T080000_8
2021-06-18T12:26:06.097,0.688,-161.115,55.386,0.0,0.404,0.256,0.026,6.0,9,20210618T080000_9
2021-06-18T13:00:29.598,1.578,-161.358,54.904,52034.182,0.304,0.195,-0.029,7.98,10,20210618T080000_10
2021-06-18T13:00:55.908,0.785,-162.247,55.369,0.0,0.372,0.327,-0.016,4.227,11,20210618T080000_11
2021-06-18T13:18:37.092,0.939,-161.794,54.935,31959.373,0.679,0.166,0.007,6.778,12,20210618T080000_12
2021-06-18T18:29:18.682,1.042,-162.773,54.902,61000.0,0.928,0.119,-0.003,5.0,1,20210618T160000_1
2021-06-18T19:14:52.739,1.7,-161.215,54.903,61000.0,0.688,0.225,0.089,16.395,2,20210618T160000_2
2021-06-18T19:15:14.524,0.514,-162.099,55.203,15241.996,0.344,0.39,-0.057,4.508,3,20210618T160000_3
2021-06-18T19:44:40.995,1.491,-161.112,54.902,61000.0,0.932,0.175,-0.08,5.0,4,20210618T160000_4
2021-06-18T19:44:59.436,1.428,-161.549,54.904,32150.564,0.178,0.26,-0.022,4.0,5,20210618T160000_5
2021-06-18T20:26:20.192,0.972,-161.199,55.499,0.0,0.009,0.171,-0.001,4.0,6,20210618T160000_6
2021-06-18T20:34:29.862,1.195,-161.323,55.027,60909.044,0.127,0.042,-0.001,4.0,7,20210618T160000_7
2021-06-18T20:48:12.069,2.83,-161.144,54.903,61000.0,0.384,0.218,0.016,11.0,8,20210618T160000_8
2021-06-18T20:48:20.857,3.236,-161.234,54.903,61000.0,0.673,0.235,-0.008,12.0,9,20210618T160000_9
2021-06-18T20:51:35.869,1.601,-162.773,54.902,61000.0,1.2,0.305,0.212,8.012,10,20210618T160000_10
2021-06-18T20:52:06.733,-0.067,-162.08,55.301,0.0,0.662,0.212,-0.048,4.781,11,20210618T160000_11
2021-06-18T21:25:32.854,1.112,-161.865,55.382,61000.0,0.295,0.12,0.01,5.0,12,20210618T160000_12
2021-06-18T21:52:32.188,1.565,-160.987,55.839,61000.0,0.764,0.283,0.056,4.836,13,20210618T160000_13
2021-06-18T22:39:54.009,1.446,-161.109,54.902,61000.0,0.264,0.177,0.007,6.0,14,20210618T160000_14
2021-06-18T22:54:12.889,1.109,-162.773,54.902,61000.0,1.269,0.175,0.18,6.0,15,20210618T160000_15
2021-06-18T23:00:35.754,0.594,-162.475,54.903,0.0,0.421,0.476,0.07,4.919,16,20210618T160000_16
2021-06-18T23:18:22.260,1.092,-162.773,54.902,61000.0,0.712,0.098,0.026,4.012,17,20210618T160000_17
2021-06-18T23:52:57.764,0.955,-162.427,55.32,36742.06,0.436,0.053,0.029,5.328,18,20210618T160000_18
2021-06-18T23:53:02.087,0.752,-162.773,54.902,21686.242,0.335,0.238,-0.027,3.672,19,20210618T160000_19
2021-06-18T23:55:06.917,1.449,-161.006,54.983,61000.0,0.784,0.241,0.056,16.766,20,20210618T160000_20
2021-06-19T01:15:29.010,0.33,-161.894,54.983,0.0,0.659,0.023,-0.004,4.0,1,20210619T000000_1
2021-06-19T01:25:09.542,0.359,-161.888,55.39,17316.115,0.237,0.285,-0.033,6.817,2,20210619T000000_2
2021-06-19T02:53:20.786,1.656,-162.775,54.993,42002.283,0.584,0.187,0.01,11.0,3,20210619T000000_3
2021-06-19T02:53:54.645,0.638,-162.317,55.011,0.0,0.03,0.706,-0.001,4.002,4,20210619T000000_4
2021-06-19T02:54:05.632,0.853,-161.958,55.52,0.0,0.931,0.053,-0.008,3.998,5,20210619T000000_5
2021-06-19T06:30:02.390,1.564,-160.988,55.81,48083.324,0.692,0.058,0.021,3.901,6,20210619T000000_6
2021-06-19T07:50:36.399,3.065,-162.773,54.902,61000.0,0.948,0.348,-0.251,22.0,7,20210619T000000_7
2021-06-19T07:59:44.133,1.188,-162.791,55.74,61000.0,0.296,0.371,-0.036,5.0,1,20210619T080000_1
2021-06-19T08:40:12.063,1.518,-161.889,54.905,61000.0,1.001,0.148,0.038,10.0,2,20210619T080000_2
2021-06-19T10:14:04.271,1.376,-161.191,54.903,52369.972,0.366,0.123,0.006,10.0,3,20210619T080000_3
2021-06-19T10:14:26.075,0.903,-161.769,55.084,29571.557,1.25,0.277,-0.327,10.0,4,20210619T080000_4
2021-06-19T10:16:26.168,1.413,-161.006,54.98,51424.385,0.377,0.245,-0.005,13.902,5,20210619T080000_5
2021-06-19T10:58:40.138,1.353,-162.773,54.902,61000.0,1.083,0.227,0.031,10.938,6,20210619T080000_6
2021-06-19T12:10:30.058,1.487,-162.478,55.14,61000.0,0.715,0.371,-0.089,10.0,7,20210619T080000_7
2021-06-19T12:35:16.727,1.177,-162.427,55.413,61000.0,0.68,0.07,-0.014,7.0,8,20210619T080000_8
2021-06-19T12:35:57.273,1.547,-161.434,55.635,61000.0,0.504,0.203,0.013,12.0,9,20210619T080000_9
2021-06-19T12:36:39.197,0.456,-161.781,55.519,9.984,0.241,0.361,0.087,4.4,10,20210619T080000_10
2021-06-19T14:34:04.823,0.635,-161.48,55.675,0.0,0.325,0.16,0.006,4.0,11,20210619T080000_11
2021-06-19T15:59:48.252,0.843,-162.379,55.409,61000.0,0.382,0.326,-0.062,6.0,1,20210619T160000_1
2021-06-19T16:09:54.791,0.772,-162.322,55.276,31951.488,0.0,0.202,-0.0,3.838,2,20210619T160000_2
2021-06-19T16:16:09.322,1.344,-161.163,54.903,61000.0,0.676,0.223,-0.03,6.0,3,20210619T160000_3
2021-06-19T16:32:56.624,0.116,-162.072,54.951,3170.975,0.073,0.194,0.005,3.63,4,20210619T160000_4
2021-06-19T21:40:48.177,0.978,-161.866,55.327,33126.899,0.58,0.392,0.448,10.0,5,20210619T160000_5
2021-06-19T23:18:53.357,-0.105,-161.897,55.092,0.0,0.391,0.369,0.058,4.036,6,20210619T160000_6
2021-06-19T23:59:49.392,0.656,-161.975,55.324,61000.0,0.208,0.405,-0.005,4.0,1,20210620T000000_1
2021-06-20T00:15:12.143,0.506,-161.906,54.905,22448.608,0.744,0.306,-0.066,8.0,2,20210620T000000_2
2021-06-20T00:15:31.101,1.205,-161.917,54.905,32802.021,0.94,0.157,-0.065,5.581,3,20210620T000000_3
2021-06-20T00:20:56.063,1.111,-162.308,54.904,6749.359,0.577,0.454,-0.005,11.0,4,20210620T000000_4
2021-06-20T00:21:09.130,1.508,-162.498,54.903,0.0,0.955,0.458,0.035,9.0,5,20210620T000000_5
2021-06-20T00:45:22.235,1.099,-162.228,54.904,61000.0,0.569,0.111,-0.013,4.0,6,20210620T000000_6
2021-06-20T01:48:15.859,1.011,-161.857,55.396,61000.0,0.34,0.096,-0.018,3.911,7,20210620T000000_7
2021-06-20T01:58:08.919,0.732,-161.929,55.007,0.0,0.838,0.3,-0.145,7.0,8,20210620T000000_8
2021-06-20T02:39:18.624,3.02,-162.773,54.902,61000.0,0.711,0.316,-0.066,12.248,9,20210620T000000_9
2021-06-20T02:39:23.359,2.464,-161.415,54.904,0.0,0.249,0.257,0.012,6.659,10,20210620T000000_10
2021-06-20T02:41:27.594,1.147,-161.513,54.904,61000.0,0.932,0.123,-0.012,5.757,11,20210620T000000_11
2021-06-20T02:44:46.234,1.123,-161.527,54.904,61000.0,0.73,0.011,-0.004,4.299,13,20210620T000000_13
2021-06-20T02:44:47.889,1.153,-162.41,54.904,61000.0,0.222,0.254,-0.02,3.701,12,20210620T000000_12
2021-06-20T03:23:41.959,1.294,-162.773,54.902,61000.0,0.562,0.274,-0.108,12.285,14,20210620T000000_14
2021-06-20T05:09:17.030,1.32,-162.794,55.872,61000.0,0.549,0.102,0.022,5.0,15,20210620T000000_15
2021-06-20T05:48:40.431,1.02,-162.773,54.902,61000.0,1.028,0.117,0.039,6.0,16,20210620T000000_16
2021-06-20T06:25:37.571,1.808,-162.773,54.902,61000.0,1.045,0.234,-0.131,20.0,17,20210620T000000_17
2021-06-20T06:56:26.943,1.498,-161.008,54.902,61000.0,0.93,0.275,-0.011,18.0,18,20210620T000000_18
2021-06-20T07:47:30.937,1.274,-161.373,54.904,0.0,0.51,0.273,-0.017,7.817,20,20210620T000000_20
2021-06-20T07:47:32.165,1.442,-162.773,54.902,1611.72,0.884,0.324,0.068,12.183,19,20210620T000000_19
2021-06-20T07:59:49.392,0.677,-161.975,55.324,61000.0,0.208,0.375,-0.003,4.0,1,20210620T080000_1
2021-06-20T11:15:03.822,1.105,-162.515,55.41,61000.0,0.264,0.272,-0.039,3.918,2,20210620T080000_2
2021-06-20T11:16:44.838,0.689,-162.084,55.618,8648.4,0.419,0.277,-0.13,7.0,3,20210620T080000_3
2021-06-20T12:02:21.353,1.078,-161.004,55.078,47523.57,0.215,0.299,-0.016,5.567,4,20210620T080000_4
2021-06-20T12:02:43.137,0.731,-161.512,55.422,24499.087,0.268,0.439,0.036,5.0,5,20210620T080000_5
2021-06-20T12:04:46.148,0.948,-161.003,55.108,0.0,0.573,0.293,-0.066,4.0,6,20210620T080000_6
2021-06-20T12:39:04.498,1.199,-162.779,55.181,61000.0,0.208,0.092,0.008,3.699,7,20210620T080000_7
2021-06-20T12:52:19.032,1.2,-162.419,55.176,61000.0,0.569,0.188,-0.009,6.0,8,20210620T080000_8
2021-06-20T15:00:37.543,1.295,-161.438,54.904,48561.362,0.356,0.203,-0.05,7.833,9,20210620T080000_9
2021-06-20T15:01:00.835,0.99,-161.756,55.163,29637.775,0.313,0.209,-0.025,5.937,10,20210620T080000_10
2021-06-20T15:05:21.193,1.615,-162.505,54.903,61000.0,0.879,0.394,-0.299,18.0,11,20210620T080000_11
2021-06-20T15:14:52.604,1.141,-160.997,55.377,61000.0,0.745,0.313,-0.062,4.997,12,20210620T080000_12
2021-06-20T15:40:59.448,0.031,-161.873,55.428,0.0,0.565,0.355,-0.028,5.0,13,20210620T080000_13
2021-06-20T16:05:21.762,1.658,-161.42,54.904,30211.922,0.505,0.243,0.046,11.01,1,20210620T160000_1
2021-06-20T16:05:25.001,2.253,-162.653,55.845,61000.0,0.429,0.271,0.035,7.446,2,20210620T160000_2
2021-06-20T17:18:17.774,2.365,-162.366,55.177,61000.0,0.779,0.369,-0.078,16.0,3,20210620T160000_3
2021-06-20T17:37:04.469,1.64,-162.426,55.171,61000.0,0.612,0.375,-0.123,10.0,4,20210620T160000_4
2021-06-20T18:08:51.212,1.323,-161.381,54.904,61000.0,0.939,0.098,0.029,7.0,5,20210620T160000_5
2021-06-20T21:04:29.948,0.302,-161.912,54.98,0.0,0.085,0.047,-0.001,4.0,6,20210620T160000_6
2021-06-20T21:38:06.109,2.219,-162.773,54.902,0.0,0.964,0.363,-0.113,19.021,7,20210620T160000_7
2021-06-20T22:53:51.970,1.306,-160.992,55.633,50270.565,0.424,0.417,0.018,3.902,8,20210620T160000_8
2021-06-20T23:53:55.895,1.188,-161.823,54.905,38553.262,0.543,0.203,-0.03,9.0,9,20210620T160000_9
2021-06-20T23:55:24.789,0.833,-162.773,54.902,15118.857,0.176,0.277,0.018,4.0,10,20210620T160000_10
2021-06-21T00:08:37.671,0.502,-162.21,54.904,0.0,0.304,0.596,0.069,5.868,1,20210621T000000_1
2021-06-21T00:08:52.252,0.715,-162.228,54.904,0.0,0.566,0.273,0.035,5.001,2,20210621T000000_2
2021-06-21T01:44:21.933,0.6,-161.879,55.251,29326.14,0.024,0.301,-0.001,4.58,3,20210621T000000_3
2021-06-21T01:52:57.156,1.687,-162.587,55.116,61000.0,0.394,0.275,0.034,8.789,4,20210621T000000_4
2021-06-21T02:15:44.595,1.42,-161.715,54.905,61000.0,0.786,0.351,0.09,14.0,5,20210621T000000_5
2021-06-21T02:33:12.279,0.329,-162.218,54.904,0.0,0.209,0.497,-0.015,4.856,6,20210621T000000_6
2021-06-21T02:33:17.171,0.118,-161.882,55.075,0.0,0.644,0.229,-0.023,4.144,7,20210621T000000_7
2021-06-21T02:33:26.868,0.768,-162.238,54.904,0.0,0.482,0.22,-0.002,5.0,8,20210621T000000_8
2021-06-21T02:35:11.516,0.146,-162.248,55.101,6292.409,0.026,0.379,0.0,6.0,9,20210621T000000_9
2021-06-21T03:36:23.345,0.793,-161.573,54.904,22730.886,0.135,0.115,-0.001,4.0,10,20210621T000000_10
2021-06-21T07:59:55.143,0.09,-161.92,55.412,26739.957,0.0,0.34,0.0,4.0,1,20210621T080000_1
2021-06-21T08:02:03.110,0.766,-161.423,55.348,17848.182,0.525,0.331,-0.079,8.0,2,20210621T080000_2
2021-06-21T09:56:52.202,2.149,-161.408,54.904,56643.999,0.538,0.22,0.037,10.937,3,20210621T080000_3
2021-06-21T09:57:15.084,2.015,-161.509,55.165,28208.531,0.786,0.249,-0.082,8.996,4,20210621T080000_4
2021-06-21T10:04:51.369,0.34,-162.232,55.111,4556.298,0.155,0.336,-0.013,9.0,5,20210621T080000_5
2021-06-21T11:26:38.878,1.609,-162.04,54.905,61000.0,0.207,0.152,0.01,5.582,6,20210621T080000_6
2021-06-21T11:55:38.285,0.982,-161.988,55.065,0.0,0.395,0.271,-0.197,6.0,7,20210621T080000_7
2021-06-21T13:04:24.982,1.24,-161.001,55.237,61000.0,0.804,0.329,0.088,8.378,8,20210621T080000_8
2021-06-21T13:04:41.256,1.145,-162.203,55.651,0.0,0.518,0.105,0.0,3.637,9,20210621T080000_9
2021-06-21T13:04:47.388,0.551,-161.77,55.397,27302.081,0.143,0.457,-0.021,4.985,10,20210621T080000_10
2021-06-21T13:54:12.453,1.365,-161.863,54.905,23440.496,0.488,0.225,-0.012,8.979,11,20210621T080000_11
2021-06-21T13:54:33.741,2.164,-161.841,54.905,22215.833,1.067,0.284,-0.093,10.0,12,20210621T080000_12
2021-06-21T13:58:15.794,0.434,-161.935,55.026,18074.009,0.618,0.321,-0.03,6.0,13,20210621T080000_13
2021-06-21T14:03:03.839,0.903,-161.899,54.905,34107.628,0.541,0.296,-0.014,6.0,14,20210621T080000_14
2021-06-21T14:03:33.443,0.957,-161.955,55.099,8117.528,0.967,0.369,-0.111,7.922,15,20210621T080000_15
2021-06-21T14:23:52.832,0.873,-161.919,54.905,30485.162,0.371,0.238,-0.004,5.0,16,20210621T080000_16
2021-06-21T14:24:12.412,1.351,-161.711,54.905,33157.879,0.777,0.296,-0.113,7.76,17,20210621T080000_17
2021-06-21T14:53:46.789,2.318,-162.753,54.902,61000.0,0.592,0.387,-0.097,9.677,18,20210621T080000_18
2021-06-21T14:53:49.250,2.031,-161.644,54.905,54559.347,0.789,0.416,-0.137,11.322,19,20210621T080000_19
2021-06-21T16:00:34.272,0.756,-161.903,55.149,44920.598,0.36,0.271,-0.244,5.0,1,20210621T160000_1
2021-06-21T17:21:06.893,2.877,-161.641,54.905,61000.0,0.962,0.411,-0.088,22.0,2,20210621T160000_2
2021-06-21T23:59:48.911,0.926,-162.11,55.247,61000.0,0.471,0.399,0.003,5.0,1,20210622T000000_1
2021-06-22T02:35:40.786,1.131,-161.659,55.239,61000.0,0.129,0.381,-0.026,4.0,2,20210622T000000_2
2021-06-22T04:04:43.257,0.421,-161.719,55.094,0.0,0.345,0.213,0.043,5.0,3,20210622T000000_3
2021-06-22T05:22:03.979,2.326,-160.987,55.845,61000.0,0.771,0.264,0.078,12.0,4,20210622T000000_4
2021-06-22T05:22:20.406,2.954,-160.987,55.841,43833.749,0.591,0.389,-0.058,7.772,5,20210622T000000_5
2021-06-22T06:26:28.073,1.529,-161.598,55.54,55567.698,0.045,0.17,0.004,4.896,6,20210622T000000_6
2021-06-22T07:04:19.376,1.822,-161.795,54.905,61000.0,0.929,0.326,-0.031,18.0,7,20210622T000000_7
2021-06-22T07:55:26.452,1.437,-162.773,54.902,61000.0,1.232,0.306,-0.282,7.0,8,20210622T000000_8
2021-06-22T07:59:49.165,1.084,-162.156,55.35,61000.0,0.202,0.475,-0.033,5.0,1,20210622T080000_1
2021-06-22T08:02:10.425,0.948,-161.797,55.208,27764.729,0.306,0.244,-0.105,7.0,2,20210622T080000_2
2021-06-22T09:14:19.088,1.419,-161.977,54.905,61000.0,0.107,0.18,0.004,5.0,3,20210622T080000_3
2021-06-22T09:54:06.377,1.361,-162.776,55.059,30866.585,0.429,0.213,0.031,9.0,4,20210622T080000_4
2021-06-22T09:59:29.034,1.231,-161.74,55.256,31231.057,0.765,0.278,-0.109,11.0,5,20210622T080000_5
2021-06-22T10:01:51.374,1.17,-161.243,54.903,3951.467,0.727,0.273,0.029,7.0,6,20210622T080000_6
2021-06-22T10:01:54.795,1.702,-161.14,54.903,61000.0,0.849,0.233,-0.054,9.0,7,20210622T080000_7
2021-06-22T13:54:13.972,0.656,-161.851,54.989,15962.84,0.831,0.255,-0.069,8.0,8,20210622T080000_8
2021-06-22T15:54:00.007,1.25,-161.882,54.905,31168.897,0.401,0.271,0.001,9.0,9,20210622T080000_9
2021-06-22T15:54:21.049,1.8,-161.857,54.905,28457.371,0.958,0.231,-0.092,9.998,10,20210622T080000_10
2021-06-22T17:35:52.433,1.637,-162.773,54.902,61000.0,1.314,0.366,0.226,13.0,1,20210622T160000_1
2021-06-22T18:38:41.560,2.066,-161.008,54.902,61000.0,0.304,0.164,0.023,11.0,2,20210622T160000_2
2021-06-22T18:38:51.053,2.259,-161.059,54.902,52734.749,0.584,0.21,0.03,11.0,3,20210622T160000_3
2021-06-22T19:03:27.109,1.511,-161.397,54.904,57765.707,0.478,0.132,0.041,8.998,4,20210622T160000_4
2021-06-22T19:40:22.161,1.8,-162.488,54.903,61000.0,0.834,0.464,-0.383,15.0,5,20210622T160000_5
2021-06-22T19:54:12.886,1.284,-161.047,54.902,0.0,0.648,0.258,-0.071,4.336,6,20210622T160000_6
2021-06-22T20:02:09.401,0.681,-161.716,55.431,22893.594,0.23,0.303,0.043,6.0,7,20210622T160000_7
2021-06-22T20:35:12.798,0.32,-161.814,55.254,0.0,0.823,0.615,0.282,4.0,8,20210622T160000_8
2021-06-22T23:12:19.726,0.837,-161.92,54.905,27073.877,0.427,0.101,0.016,6.0,9,20210622T160000_9
2021-06-22T23:12:45.293,0.943,-161.856,54.962,3561.019,0.497,0.209,0.033,6.458,10,20210622T160000_10
2021-06-23T01:16:31.434,0.682,-161.594,54.905,13515.886,0.384,0.311,-0.066,6.0,1,20210623T000000_1
2021-06-23T01:16:54.392,0.322,-161.907,55.168,4961.491,0.846,0.365,0.023,7.0,2,20210623T000000_2
2021-06-23T05:06:26.545,0.792,-161.688,55.304,19018.672,0.476,0.334,0.015,10.802,3,20210623T000000_3
2021-06-23T05:06:29.480,1.494,-161.45,55.404,61000.0,0.489,0.345,-0.041,8.0,4,20210623T000000_4
2021-06-23T10:29:21.422,1.552,-161.14,54.903,28606.663,0.123,0.403,-0.02,5.0,1,20210623T080000_1
2021-06-23T10:29:36.104,1.491,-161.287,54.903,2459.1,0.341,0.371,-0.015,5.0,2,20210623T080000_2
2021-06-23T12:36:41.098,2.108,-162.601,55.235,61000.0,0.297,0.239,0.009,6.219,4,20210623T080000_4
2021-06-23T12:36:43.108,1.909,-161.167,54.903,0.0,0.669,0.35,0.004,6.225,3,20210623T080000_3
2021-06-23T12:36:47.331,2.163,-161.16,54.903,42508.97,0.39,0.302,-0.025,5.997,5,20210623T080000_5
2021-06-23T17:50:24.502,1.376,-161.224,54.903,36351.799,0.17,0.466,-0.002,5.0,1,20210623T160000_1
2021-06-23T22:05:06.145,1.105,-161.592,55.223,45981.247,0.067,0.02,0.001,4.0,2,20210623T160000_2
2021-06-24T02:36:44.183,-0.138,-161.986,55.384,0.0,0.405,0.275,0.048,5.0,1,20210624T000000_1
2021-06-24T03:46:55.833,1.154,-161.5,54.904,13396.091,0.17,0.292,-0.004,4.946,2,20210624T000000_2
2021-06-25T00:39:22.745,2.124,-161.266,54.903,57184.614,0.478,0.158,0.016,9.637,1,20210625T000000_1
2021-06-25T00:39:28.748,2.235,-162.792,55.764,61000.0,0.601,0.266,0.063,5.276,2,20210625T000000_2
2021-06-25T03:29:07.419,0.497,-161.642,55.26,17966.744,0.044,0.295,-0.002,4.0,3,20210625T000000_3
2021-06-25T08:20:16.691,0.874,-161.926,55.374,36843.089,0.0,0.432,-0.0,3.923,1,20210625T080000_1
2021-06-25T09:27:19.020,-0.069,-161.671,55.286,0.0,0.494,0.248,0.071,4.0,2,20210625T080000_2
2021-06-25T11:10:27.644,1.214,-162.245,54.904,411.651,0.739,0.31,-0.128,3.805,3,20210625T080000_3
2021-06-25T14:48:03.260,1.303,-162.109,54.905,38175.881,0.207,0.093,-0.008,5.0,4,20210625T080000_4
2021-06-25T15:19:20.582,1.43,-161.22,54.903,36372.497,0.334,0.318,-0.064,5.0,5,20210625T080000_5
2021-06-25T15:22:23.910,2.117,-161.006,55.01,61000.0,0.446,0.094,0.036,3.963,6,20210625T080000_6
2021-06-25T15:22:45.731,1.993,-161.001,55.227,61000.0,0.69,0.334,0.085,8.0,7,20210625T080000_7
2021-06-25T18:16:05.286,2.023,-161.008,54.902,61000.0,1.001,0.246,0.096,21.0,1,20210625T160000_1
2021-06-25T18:34:43.851,1.285,-161.384,54.904,39285.679,0.177,0.251,0.006,5.0,2,20210625T160000_2
2021-06-25T18:34:56.669,1.247,-161.385,54.904,30545.946,0.221,0.249,-0.0,5.0,3,20210625T160000_3
2021-06-25T19:11:44.057,2.403,-162.777,55.116,61000.0,1.081,0.382,0.039,23.0,4,20210625T160000_4
2021-06-25T20:29:22.495,1.24,-161.378,54.904,32781.36,0.042,0.383,0.001,4.0,5,20210625T160000_5
2021-06-25T22:04:54.202,-0.03,-161.798,55.377,18719.309,0.353,0.113,0.004,4.0,6,20210625T160000_6
2021-06-26T00:43:59.390,0.988,-162.185,54.905,0.0,0.227,0.391,-0.001,6.0,1,20210626T000000_1
2021-06-26T02:45:37.049,1.766,-161.7,54.905,61000.0,0.891,0.343,-0.083,19.0,2,20210626T000000_2
2021-06-26T03:05:09.133,1.436,-161.371,54.904,47905.315,0.343,0.326,-0.069,4.87,3,20210626T000000_3
2021-06-26T03:13:43.079,1.355,-161.25,55.175,8960.151,0.524,0.41,0.088,10.996,4,20210626T000000_4
2021-06-26T03:14:13.693,0.734,-161.958,55.302,18368.434,0.304,0.347,-0.047,4.127,5,20210626T000000_5
2021-06-26T03:43:48.613,0.623,-162.453,54.904,0.0,0.732,0.283,0.051,5.0,6,20210626T000000_6
2021-06-26T12:49:09.624,1.121,-162.195,54.905,0.0,0.198,0.402,-0.019,10.0,1,20210626T080000_1
2021-06-26T12:49:19.617,1.544,-162.208,54.904,0.0,0.653,0.434,-0.029,10.0,2,20210626T080000_2
2021-06-26T15:14:10.082,1.375,-162.532,54.903,59239.855,0.407,0.09,0.02,6.303,3,20210626T080000_3
2021-06-26T15:35:55.087,1.166,-161.008,54.91,40836.362,0.081,0.321,0.002,4.0,4,20210626T080000_4
2021-06-26T16:03:35.305,1.01,-161.908,55.052,42319.166,0.34,0.37,0.011,6.845,1,20210626T160000_1
2021-06-26T16:31:50.269,1.48,-161.362,55.396,61000.0,0.444,0.351,-0.009,7.722,2,20210626T160000_2
2021-06-26T16:33:14.149,1.02,-161.46,55.421,0.0,0.346,0.524,0.068,4.748,3,20210626T160000_3
2021-06-26T18:36:15.877,0.636,-161.809,55.386,47664.141,0.56,0.022,-0.001,4.0,4,20210626T160000_4
2021-06-26T18:49:48.350,2.379,-161.0,55.244,61000.0,0.539,0.308,0.007,12.0,5,20210626T160000_5
2021-06-26T18:50:26.995,2.177,-161.444,55.432,25959.444,0.0,0.162,0.0,3.342,6,20210626T160000_6
2021-06-26T18:57:37.955,0.588,-162.08,54.905,0.0,0.346,0.238,0.039,3.922,7,20210626T160000_7
2021-06-26T20:04:12.964,2.596,-161.924,54.905,42032.428,0.383,0.381,-0.03,11.0,8,20210626T160000_8
2021-06-26T20:04:17.246,2.958,-161.954,54.905,42895.083,0.79,0.226,-0.059,12.0,9,20210626T160000_9
2021-06-27T00:18:59.179,1.456,-162.773,54.902,51401.234,0.76,0.156,0.065,5.896,1,20210627T000000_1
2021-06-27T01:20:53.785,2.091,-161.67,54.905,61000.0,0.828,0.377,0.142,22.0,2,20210627T000000_2
2021-06-27T01:22:20.509,1.91,-162.773,54.902,61000.0,1.007,0.184,0.107,5.778,4,20210627T000000_4
2021-06-27T01:22:24.808,0.94,-162.143,54.905,0.0,0.301,0.422,0.026,6.225,3,20210627T000000_3
2021-06-27T01:22:46.213,0.227,-162.242,55.133,0.0,0.563,1.048,-0.006,4.814,5,20210627T000000_5
2021-06-27T01:59:58.026,1.652,-161.555,54.904,61000.0,0.567,0.145,0.007,9.0,6,20210627T000000_6
2021-06-27T03:10:27.790,0.376,-162.229,55.11,3670.054,0.128,0.245,-0.005,8.0,7,20210627T000000_7
2021-06-27T03:22:36.684,-0.649,-161.864,55.424,0.0,0.347,0.097,0.005,3.781,8,20210627T000000_8
2021-06-27T03:22:38.161,0.894,-161.003,55.133,61000.0,0.325,0.326,-0.015,7.0,9,20210627T000000_9
2021-06-27T04:32:37.703,0.991,-161.381,54.904,35774.733,0.364,0.253,0.0,5.0,10,20210627T000000_10
2021-06-27T04:51:44.927,0.488,-161.62,55.267,12717.246,0.686,0.46,-0.148,8.0,11,20210627T000000_11
2021-06-27T04:51:49.367,1.83,-161.002,55.174,56782.468,0.468,0.101,-0.018,5.064,12,20210627T000000_12
2021-06-27T05:24:28.145,0.915,-162.776,55.062,22296.487,0.184,0.126,0.014,5.0,13,20210627T000000_13
2021-06-27T07:15:08.605,2.187,-160.985,55.918,61000.0,0.607,0.31,-0.147,22.0,15,20210627T000000_15
2021-06-27T07:25:18.295,1.707,-162.584,55.167,61000.0,0.363,0.317,0.03,10.0,14,20210627T000000_14
2021-06-27T08:17:32.195,0.611,-161.761,55.108,17722.073,0.429,0.298,-0.03,10.0,1,20210627T080000_1
2021-06-27T08:17:33.969,1.705,-161.33,54.904,58857.878,0.713,0.185,-0.049,7.0,2,20210627T080000_2
2021-06-27T09:36:36.909,1.401,-162.773,54.902,61000.0,1.276,0.122,0.049,6.0,3,20210627T080000_3
2021-06-27T09:40:17.528,0.241,-161.705,55.425,9680.813,0.422,0.292,-0.034,5.0,4,20210627T080000_4
2021-06-27T10:16:59.074,0.238,-161.524,55.374,8835.887,0.0,0.263,-0.0,4.0,5,20210627T080000_5
2021-06-27T12:23:06.740,1.314,-162.781,55.301,61000.0,0.849,0.125,0.018,4.715,6,20210627T080000_6
2021-06-27T14:24:17.178,0.625,-161.739,54.905,0.0,0.389,0.046,0.009,3.316,7,20210627T080000_7
2021-06-27T14:31:30.177,0.234,-161.654,55.279,14498.767,0.0,0.331,0.0,4.0,8,20210627T080000_8
2021-06-27T16:27:46.936,1.472,-161.126,54.903,61000.0,0.376,0.326,0.034,9.0,1,20210627T160000_1
2021-06-27T16:28:07.621,1.291,-161.637,55.06,34673.533,0.84,0.296,-0.005,11.0,2,20210627T160000_2
2021-06-27T16:34:08.394,1.321,-162.033,55.537,61000.0,0.46,0.281,0.01,8.564,3,20210627T160000_3
2021-06-27T16:34:12.214,1.335,-162.654,54.917,61000.0,0.964,0.292,-0.009,4.25,4,20210627T160000_4
2021-06-27T17:15:19.202,1.509,-161.375,54.904,49568.666,0.368,0.228,-0.032,8.833,5,20210627T160000_5
2021-06-27T17:15:49.496,0.64,-161.56,55.413,8372.037,0.186,0.369,0.003,4.152,6,20210627T160000_6
2021-06-27T21:57:59.769,0.786,-162.274,55.105,0.0,0.626,0.304,-0.123,5.0,7,20210627T160000_7
2021-06-27T22:52:16.184,1.575,-160.996,55.426,61000.0,1.051,0.269,0.001,21.0,8,20210627T160000_8
2021-06-27T23:55:55.556,0.831,-161.685,55.023,37639.954,0.488,0.246,0.001,8.0,9,20210627T160000_9
2021-06-27T23:56:04.811,1.349,-161.463,54.904,44890.014,0.507,0.175,-0.047,7.0,10,20210627T160000_10
2021-06-28T01:18:17.580,2.109,-161.504,55.643,61000.0,0.512,0.254,-0.021,9.979,1,20210628T000000_1
2021-06-28T01:53:03.991,1.206,-161.479,54.904,61000.0,0.925,0.144,-0.001,4.868,2,20210628T000000_2
2021-06-28T02:59:10.127,1.007,-161.105,54.902,9610.156,0.227,0.357,-0.05,4.0,3,20210628T000000_3
2021-06-28T08:06:19.232,0.902,-161.042,55.389,2834.365,0.833,0.249,0.125,6.0,1,20210628T080000_1
2021-06-28T08:59:29.468,1.287,-162.774,54.969,61000.0,0.741,0.169,0.071,5.0,2,20210628T080000_2
2021-06-28T09:12:58.526,0.542,-162.476,54.903,13034.952,0.718,0.382,-0.051,5.0,3,20210628T080000_3
2021-06-28T09:13:13.044,0.621,-162.32,54.904,12642.372,0.53,0.377,-0.015,5.0,4,20210628T080000_4
2021-06-28T09:19:35.578,1.328,-162.773,54.902,61000.0,1.137,0.248,0.171,8.059,5,20210628T080000_5
2021-06-28T10:15:47.057,1.477,-162.627,54.903,61000.0,0.93,0.236,0.007,15.997,6,20210628T080000_6
2021-06-28T10:25:55.714,1.689,-162.56,54.903,61000.0,1.077,0.359,-0.148,19.0,7,20210628T080000_7
2021-06-28T11:33:29.665,1.148,-162.773,54.902,61000.0,0.68,0.135,0.045,4.28,8,20210628T080000_8
2021-06-28T12:00:14.611,1.114,-161.573,55.242,41198.843,0.658,0.251,0.018,10.0,9,20210628T080000_9
2021-06-28T12:32:08.645,1.06,-161.493,54.904,45107.182,0.45,0.251,-0.059,7.0,10,20210628T080000_10
2021-06-28T12:32:21.112,1.135,-161.392,54.904,35747.411,0.698,0.243,-0.052,8.0,11,20210628T080000_11
2021-06-28T13:22:15.258,1.28,-161.367,54.904,49976.038,0.324,0.249,-0.038,7.779,12,20210628T080000_12
2021-06-28T13:22:43.540,0.547,-161.422,55.421,407.17,0.219,0.422,0.008,3.837,13,20210628T080000_13
2021-06-28T13:46:10.340,1.092,-161.063,54.902,61000.0,0.34,0.232,-0.005,5.672,14,20210628T080000_14
2021-06-28T15:59:49.030,0.772,-162.216,55.475,61000.0,0.333,0.346,-0.017,5.0,1,20210628T160000_1
2021-06-28T16:04:47.775,1.225,-161.875,54.905,61000.0,0.524,0.154,0.032,10.0,2,20210628T160000_2
2021-06-28T16:07:10.809,0.984,-162.773,54.902,61000.0,1.047,0.044,0.005,5.0,3,20210628T160000_3
2021-06-28T17:09:02.261,0.581,-161.77,55.195,21658.259,0.0,0.231,-0.0,4.0,4,20210628T160000_4
2021-06-28T18:16:15.274,1.048,-162.773,54.902,61000.0,0.57,0.157,0.042,4.739,5,20210628T160000_5
2021-06-28T18:16:28.392,0.913,-162.605,54.903,14987.155,0.107,0.283,-0.0,4.261,6,20210628T160000_6
2021-06-28T18:39:43.167,0.997,-162.134,54.905,61000.0,0.774,0.081,-0.054,8.0,7,20210628T160000_7
2021-06-28T19:29:00.243,0.986,-161.248,54.903,44580.931,0.326,0.179,-0.014,6.914,8,20210628T160000_8
2021-06-28T20:20:45.395,1.094,-161.925,54.905,61000.0,0.347,0.185,0.019,4.0,9,20210628T160000_9
2021-06-28T20:21:15.348,0.822,-161.843,54.99,15320.313,0.269,0.129,-0.036,6.845,10,20210628T160000_10
2021-06-28T20:55:37.260,1.496,-161.282,55.798,61000.0,0.748,0.27,-0.092,9.797,11,20210628T160000_11
2021-06-28T21:09:17.286,1.108,-162.775,54.997,42839.419,0.448,0.228,-0.015,7.142,12,20210628T160000_12
2021-06-28T21:09:19.012,1.675,-161.828,54.905,61000.0,0.941,0.18,0.116,4.841,13,20210628T160000_13
2021-06-28T22:39:54.834,1.121,-161.149,54.903,53619.557,0.296,0.174,0.001,7.0,14,20210628T160000_14
2021-06-28T22:40:02.103,1.259,-161.138,54.903,60319.472,0.582,0.144,-0.005,7.0,15,20210628T160000_15
2021-06-28T23:59:48.675,0.865,-161.964,55.206,61000.0,0.397,0.371,0.045,4.0,1,20210629T000000_1
2021-06-29T00:17:22.320,0.373,-162.299,55.2,856.034,0.035,0.239,0.002,6.0,2,20210629T000000_2
2021-06-29T00:57:22.546,1.115,-162.034,54.905,36309.019,0.567,0.172,0.032,4.957,3,20210629T000000_3
2021-06-29T00:57:36.537,1.88,-161.666,55.177,61000.0,0.797,0.178,-0.009,4.0,4,20210629T000000_4
2021-06-29T00:57:38.793,1.853,-161.004,55.066,47038.77,0.317,0.311,-0.02,6.0,5,20210629T000000_5
2021-06-29T01:42:06.588,1.207,-161.083,54.902,61000.0,0.314,0.174,-0.013,7.813,6,20210629T000000_6
2021-06-29T01:48:17.656,1.036,-162.773,54.902,61000.0,0.672,0.133,0.037,3.873,7,20210629T000000_7
2021-06-29T03:09:39.811,1.087,-161.735,54.905,61000.0,0.192,0.085,0.004,8.0,8,20210629T000000_8
2021-06-29T03:55:31.612,0.917,-161.164,54.974,0.0,0.104,0.169,0.007,4.0,9,20210629T000000_9
2021-06-29T07:59:47.983,1.187,-162.334,55.377,61000.0,0.512,0.212,0.055,5.0,1,20210629T080000_1
2021-06-29T08:12:25.893,1.103,-161.569,54.904,52695.017,0.41,0.206,-0.002,7.973,2,20210629T080000_2
2021-06-29T08:12:43.007,1.055,-161.601,54.905,25545.699,0.344,0.08,-0.004,4.952,3,20210629T080000_3
2021-06-29T08:22:22.731,1.236,-162.148,54.905,61000.0,0.672,0.26,-0.131,9.0,4,20210629T080000_4
2021-06-29T08:46:29.809,1.893,-161.497,55.492,56183.077,0.723,0.246,0.06,19.869,5,20210629T080000_5
2021-06-29T10:53:25.248,1.264,-161.016,54.902,39545.049,0.202,0.202,-0.004,7.0,6,20210629T080000_6
2021-06-29T10:53:33.012,1.557,-161.108,54.902,54188.314,0.609,0.264,-0.004,8.0,7,20210629T080000_7
2021-06-29T12:24:03.812,2.126,-162.778,55.165,61000.0,0.57,0.328,-0.058,15.036,8,20210629T080000_8
2021-06-29T12:24:06.258,1.941,-162.779,55.194,61000.0,0.6,0.35,-0.029,6.964,9,20210629T080000_9
2021-06-29T12:38:20.360,0.427,-161.943,55.189,0.0,0.656,0.432,-0.06,6.0,10,20210629T080000_10
2021-06-29T17:30:31.530,1.374,-161.001,55.231,42607.745,0.665,0.293,-0.074,5.0,1,20210629T160000_1
2021-06-29T17:54:54.485,1.328,-162.017,54.905,15542.082,0.346,0.27,-0.023,9.727,2,20210629T160000_2
2021-06-29T17:55:07.729,2.001,-161.408,54.904,59587.531,0.381,0.296,-0.052,6.0,3,20210629T160000_3
2021-06-29T20:12:37.356,1.563,-161.008,54.902,61000.0,0.717,0.307,-0.009,14.0,4,20210629T160000_4
2021-06-29T21:04:29.754,1.495,-161.076,54.902,48351.271,0.223,0.226,-0.002,7.0,5,20210629T160000_5
2021-06-29T21:04:39.428,1.415,-161.248,54.903,56036.741,0.574,0.231,-0.003,6.0,6,20210629T160000_6
2021-06-29T21:43:12.050,1.11,-162.127,55.083,42984.026,0.148,0.252,0.003,5.806,7,20210629T160000_7
2021-06-30T01:45:48.539,0.919,-161.733,54.905,1547.965,0.308,0.22,0.011,5.0,1,20210630T000000_1
2021-06-30T01:46:11.023,1.384,-161.805,54.988,23124.404,0.875,0.276,-0.076,10.0,2,20210630T000000_2
2021-06-30T01:48:23.612,1.728,-161.604,54.905,61000.0,0.778,0.298,-0.104,12.0,3,20210630T000000_3
2021-06-30T02:59:09.437,1.166,-162.563,54.976,16123.736,0.466,0.386,-0.061,8.847,4,20210630T000000_4
2021-06-30T10:39:51.312,1.653,-161.008,54.911,16976.582,0.194,0.287,0.009,5.0,1,20210630T080000_1
2021-06-30T10:39:58.969,1.944,-161.165,54.903,51219.734,0.525,0.229,0.021,7.0,2,20210630T080000_2
2021-06-30T20:05:50.365,1.966,-160.988,55.798,61000.0,0.389,0.345,-0.024,3.732,1,20210630T160000_1
2021-06-30T21:50:10.690,3.231,-161.007,54.972,61000.0,0.309,0.146,0.009,9.953,2,20210630T160000_2
2021-06-30T21:50:13.572,3.776,-161.086,55.333,61000.0,0.874,0.165,0.052,5.018,3,20210630T160000_3
2021-06-30T21:50:20.290,3.464,-162.046,55.582,61000.0,0.324,0.296,0.046,3.9,4,20210630T160000_4
2021-06-30T23:50:35.879,2.227,-161.008,54.902,61000.0,0.996,0.28,-0.148,7.966,5,20210630T160000_5
2021-07-01T00:35:51.550,2.531,-161.176,55.122,61000.0,0.49,0.253,0.029,18.908,1,20210701T000000_1
2021-07-01T05:23:23.643,2.028,-162.773,54.902,61000.0,1.116,0.065,0.036,8.0,2,20210701T000000_2
2021-07-01T10:29:38.678,2.109,-161.503,54.904,61000.0,0.696,0.278,-0.015,4.968,2,20210701T080000_2
2021-07-01T10:29:39.465,2.03,-162.773,54.902,61000.0,0.787,0.442,-0.24,6.006,1,20210701T080000_1
2021-07-01T17:26:21.708,2.289,-162.773,54.902,61000.0,0.898,0.29,-0.143,18.0,1,20210701T160000_1
2021-07-01T19:26:09.981,1.232,-161.634,55.026,38750.87,0.164,0.29,0.007,5.0,2,20210701T160000_2
2021-07-02T06:43:34.636,2.076,-161.104,55.065,61000.0,0.142,0.112,0.028,5.318,2,20210702T000000_2
2021-07-02T06:43:34.822,1.665,-160.997,55.399,61000.0,0.298,0.459,0.059,4.682,1,20210702T000000_1
2021-07-02T06:50:41.758,2.494,-161.008,54.902,61000.0,1.191,0.32,0.382,22.0,3,20210702T000000_3
2021-07-02T07:02:34.494,2.322,-162.726,54.902,61000.0,1.012,0.336,-0.075,21.0,4,20210702T000000_4
2021-07-02T10:50:19.039,1.685,-162.773,54.902,61000.0,1.232,0.052,0.017,4.0,1,20210702T080000_1
2021-07-02T15:59:37.640,1.581,-162.773,54.902,59680.477,0.183,0.131,0.008,4.0,2,20210702T080000_2
2021-07-02T20:10:14.779,1.634,-162.773,54.902,61000.0,0.9,0.051,0.01,6.0,1,20210702T160000_1
2021-07-02T20:25:27.668,1.666,-162.096,54.905,30231.297,0.052,0.111,-0.002,4.0,2,20210702T160000_2
2021-07-03T00:22:32.859,1.302,-162.665,54.902,0.0,0.852,0.437,0.518,6.0,1,20210703T000000_1
2021-07-03T10:05:42.733,1.819,-161.008,54.902,61000.0,1.037,0.286,0.035,15.866,1,20210703T080000_1
2021-07-03T10:17:06.448,2.62,-161.138,55.139,61000.0,0.608,0.235,-0.018,23.0,2,20210703T080000_2
2021-07-03T11:09:20.888,0.15,-161.802,55.374,12610.38,0.215,0.412,0.032,5.0,3,20210703T080000_3
2021-07-03T12:15:39.573,1.938,-162.342,54.904,61000.0,0.929,0.267,-0.183,14.952,4,20210703T080000_4
2021-07-03T13:43:37.452,2.121,-162.774,54.965,12930.182,0.447,0.264,0.021,5.705,5,20210703T080000_5
2021-07-03T17:55:40.258,1.412,-161.52,54.904,61000.0,0.988,0.085,0.025,8.0,1,20210703T160000_1
2021-07-03T18:42:43.836,1.43,-162.776,55.068,38516.741,0.438,0.179,0.016,5.0,2,20210703T160000_2
2021-07-03T20:00:25.515,1.811,-162.719,54.902,61000.0,0.881,0.278,-0.055,20.0,3,20210703T160000_3
2021-07-04T00:18:08.997,1.521,-161.168,54.903,49481.027,0.336,0.174,0.007,8.783,1,20210704T000000_1
2021-07-04T00:18:40.066,0.135,-161.66,55.397,153.431,0.374,0.557,0.054,4.0,2,20210704T000000_2
2021-07-04T02:20:59.789,1.334,-161.509,54.904,46709.032,0.491,0.196,-0.037,6.969,3,20210704T000000_3
2021-07-04T02:21:23.940,0.947,-161.589,55.076,0.0,0.408,0.203,0.014,3.825,4,20210704T000000_4
2021-07-04T03:32:58.344,1.392,-161.166,54.903,61000.0,0.255,0.259,-0.039,6.0,5,20210704T000000_5
2021-07-04T03:33:10.879,1.169,-161.214,54.903,38591.86,0.045,0.239,-0.007,4.0,6,20210704T000000_6
2021-07-04T07:06:30.642,0.819,-162.143,55.083,0.0,0.641,0.263,-0.105,6.0,7,20210704T000000_7
2021-07-04T13:30:42.450,1.49,-161.437,55.905,61000.0,0.18,0.09,0.006,4.569,1,20210704T080000_1
2021-07-04T14:27:16.172,1.153,-162.281,54.904,58284.788,0.944,0.122,0.05,8.0,2,20210704T080000_2
2021-07-04T15:01:17.359,1.58,-160.994,55.526,58315.414,0.664,0.28,0.052,6.0,4,20210704T080000_4
2021-07-04T15:01:18.023,0.82,-161.799,55.5,0.0,0.478,0.152,0.05,5.0,3,20210704T080000_3
2021-07-04T15:59:49.176,1.08,-162.083,55.313,61000.0,0.17,0.4,0.012,5.0,1,20210704T160000_1
2021-07-04T18:15:21.721,0.263,-161.919,55.203,4386.601,0.211,0.298,0.003,4.74,2,20210704T160000_2
2021-07-04T19:15:31.336,0.74,-161.866,55.148,18859.205,0.49,0.281,-0.039,7.821,3,20210704T160000_3
2021-07-04T19:15:49.500,0.972,-162.181,55.236,31533.762,0.029,0.31,0.004,3.825,4,20210704T160000_4
2021-07-04T19:53:43.391,1.924,-161.395,54.904,48891.062,0.549,0.208,0.032,10.848,5,20210704T160000_5
2021-07-04T19:53:57.423,2.089,-162.777,55.114,61000.0,0.89,0.218,0.041,6.696,6,20210704T160000_6
2021-07-04T20:38:55.458,1.226,-161.369,54.904,46539.378,0.338,0.25,-0.021,10.0,7,20210704T160000_7
2021-07-04T20:39:03.644,1.443,-161.592,54.978,61000.0,0.647,0.242,-0.027,9.0,8,20210704T160000_8
2021-07-04T23:18:35.179,1.174,-161.237,54.903,36199.998,0.407,0.227,-0.047,3.569,9,20210704T160000_9
2021-07-04T23:18:47.656,1.225,-161.661,54.95,61000.0,0.01,0.114,-0.0,3.182,10,20210704T160000_10
2021-07-04T23:59:48.107,0.82,-162.474,55.446,61000.0,0.218,0.323,-0.021,4.0,1,20210705T000000_1
2021-07-05T01:22:12.136,0.322,-161.616,55.241,15348.097,0.362,0.244,0.015,4.0,2,20210705T000000_2
2021-07-05T02:20:36.274,0.023,-162.037,55.425,11904.152,0.527,0.264,-0.068,5.707,3,20210705T000000_3
2021-07-05T02:22:36.274,0.87,-161.754,55.086,24054.664,0.494,0.233,-0.05,8.953,4,20210705T000000_4
2021-07-05T02:22:49.744,1.258,-161.72,55.449,0.0,0.194,0.159,0.009,4.37,5,20210705T000000_5
2021-07-05T02:47:31.281,1.367,-161.117,55.061,61000.0,0.406,0.269,-0.031,16.952,6,20210705T000000_6
2021-07-05T03:36:23.171,1.401,-162.773,54.902,59009.67,1.056,0.19,0.123,8.245,7,20210705T000000_7
2021-07-05T04:04:56.023,0.842,-162.614,54.903,13927.671,0.046,0.408,-0.001,3.755,8,20210705T000000_8
2021-07-05T04:10:43.707,1.565,-161.339,54.904,61000.0,0.81,0.306,-0.021,7.119,9,20210705T000000_9
2021-07-05T04:53:28.792,1.464,-161.003,55.111,61000.0,0.961,0.406,-0.019,15.0,10,20210705T000000_10
2021-07-05T13:25:48.349,1.756,-162.773,54.902,61000.0,1.344,0.18,0.063,8.0,1,20210705T080000_1
2021-07-05T15:59:46.730,1.429,-162.785,55.468,61000.0,0.453,0.205,0.026,5.0,1,20210705T160000_1
2021-07-05T18:18:07.847,1.184,-162.321,54.904,5670.541,0.103,0.519,-0.009,7.0,2,20210705T160000_2
2021-07-05T18:18:19.704,1.617,-162.359,54.904,6405.756,0.722,0.438,-0.145,10.0,3,20210705T160000_3
2021-07-05T19:48:43.341,2.398,-162.394,54.904,61000.0,0.37,0.446,0.062,5.176,4,20210705T160000_4
2021-07-05T19:48:44.660,2.157,-161.824,55.618,61000.0,0.348,0.243,-0.01,7.218,6,20210705T160000_6
2021-07-05T19:48:54.233,2.484,-162.61,55.237,61000.0,0.372,0.33,0.012,8.606,5,20210705T160000_5
2021-07-05T19:51:51.107,1.059,-162.548,54.903,0.0,1.142,0.409,0.115,4.829,7,20210705T160000_7
2021-07-05T23:55:26.556,1.445,-162.718,54.902,52128.451,0.915,0.132,0.082,8.0,8,20210705T160000_8
2021-07-06T00:32:47.601,0.463,-161.732,55.228,11902.05,0.308,0.41,0.001,6.0,1,20210706T000000_1
2021-07-06T03:18:24.844,1.478,-162.773,54.902,60967.136,0.75,0.199,0.07,4.0,2,20210706T000000_2
2021-07-06T05:09:16.696,1.565,-162.229,54.904,1567.991,0.303,0.502,0.037,13.0,3,20210706T000000_3
2021-07-06T05:09:37.738,1.901,-162.276,54.904,0.0,0.71,0.63,-0.035,6.0,4,20210706T000000_4
2021-07-06T05:21:26.859,0.425,-162.046,55.237,8186.483,0.0,0.191,0.0,4.0,5,20210706T000000_5
2021-07-06T07:30:28.933,1.87,-161.001,55.204,61000.0,0.529,0.271,0.085,8.127,6,20210706T000000_6
2021-07-06T07:30:36.603,0.853,-162.133,55.406,558.928,0.082,0.55,-0.004,3.873,7,20210706T000000_7
2021-07-06T07:31:11.120,1.158,-162.18,55.431,0.0,0.313,0.248,0.014,3.428,8,20210706T000000_8
2021-07-06T07:59:48.642,0.99,-162.244,55.287,61000.0,0.376,0.389,-0.024,5.0,1,20210706T080000_1
2021-07-06T10:11:23.136,1.502,-162.153,54.905,61000.0,0.769,0.122,0.011,8.0,2,20210706T080000_2
2021-07-06T12:26:51.161,1.209,-161.973,54.905,40861.708,0.315,0.255,-0.037,4.0,3,20210706T080000_3
2021-07-06T12:27:13.337,1.283,-161.927,54.905,29895.188,1.032,0.255,-0.086,5.0,4,20210706T080000_4
2021-07-06T12:45:54.760,0.175,-161.533,55.278,0.0,0.34,0.336,0.008,6.0,5,20210706T080000_5
2021-07-06T15:59:49.266,1.211,-162.0,55.317,61000.0,0.427,0.399,0.044,4.0,1,20210706T160000_1
2021-07-06T17:56:15.326,1.871,-161.298,54.903,51224.315,0.417,0.247,0.04,12.0,2,20210706T160000_2
2021-07-06T17:56:25.727,2.192,-161.298,54.903,50067.28,0.628,0.244,-0.018,10.0,3,20210706T160000_3
2021-07-06T18:44:12.591,1.229,-161.419,55.147,18197.651,0.685,0.285,-0.005,10.652,4,20210706T160000_4
2021-07-06T18:44:43.037,1.257,-161.456,55.149,31071.215,0.66,0.171,0.021,6.706,5,20210706T160000_5
2021-07-06T19:44:41.951,1.395,-161.611,54.905,59203.134,0.33,0.092,0.019,5.0,6,20210706T160000_6
2021-07-06T21:35:05.428,2.414,-161.383,54.904,49435.082,0.427,0.242,0.046,11.0,7,20210706T160000_7
2021-07-06T21:35:16.382,2.766,-161.339,54.904,46349.004,0.7,0.271,0.006,12.0,8,20210706T160000_8
2021-07-06T22:19:00.629,0.671,-161.817,55.277,0.0,0.429,0.17,-0.041,7.0,9,20210706T160000_9
2021-07-06T23:04:12.471,1.587,-161.625,54.905,60997.011,0.422,0.096,0.019,8.0,10,20210706T160000_10
2021-07-07T00:33:07.458,0.672,-161.988,54.905,0.0,0.817,0.139,0.057,5.0,1,20210707T000000_1
2021-07-07T06:50:07.953,1.515,-162.104,54.971,61000.0,0.217,0.232,0.02,4.0,2,20210707T000000_2
2021-07-07T07:31:00.940,1.531,-161.056,54.902,61000.0,0.785,0.124,-0.001,4.0,3,20210707T000000_3
2021-07-07T07:55:12.819,1.194,-161.779,54.905,42438.026,0.613,0.342,-0.007,4.894,4,20210707T000000_4
2021-07-07T07:59:49.123,1.227,-162.058,55.313,60996.968,0.02,0.385,-0.004,4.0,1,20210707T080000_1
2021-07-07T09:06:24.042,1.591,-161.054,54.902,46007.793,0.222,0.203,-0.013,5.229,2,20210707T080000_2
2021-07-07T09:44:11.720,0.657,-162.404,55.108,6451.952,0.059,0.346,-0.01,6.966,3,20210707T080000_3
2021-07-07T09:45:50.534,0.377,-162.42,55.101,2585.821,0.119,0.235,-0.008,5.0,4,20210707T080000_4
2021-07-07T11:42:57.887,0.532,-162.173,55.063,602.284,0.472,0.3,-0.007,8.97,5,20210707T080000_5
2021-07-07T12:00:59.362,1.426,-161.184,54.903,50009.284,0.323,0.216,-0.034,5.0,6,20210707T080000_6
2021-07-07T12:01:08.966,1.4,-161.202,54.903,47433.32,0.323,0.108,0.003,4.0,7,20210707T080000_7
2021-07-07T12:16:43.104,0.536,-162.284,55.1,10100.735,0.029,0.205,0.001,4.0,8,20210707T080000_8
2021-07-07T12:26:01.669,0.327,-162.302,54.993,8210.512,0.0,0.402,-0.0,3.507,9,20210707T080000_9
2021-07-07T14:16:21.360,0.337,-162.434,55.111,2943.582,0.055,0.205,-0.005,6.0,10,20210707T080000_10
2021-07-07T15:11:33.866,1.431,-162.773,54.902,61000.0,0.857,0.107,-0.019,5.0,11,20210707T080000_11
2021-07-07T15:59:49.046,1.225,-162.063,55.263,61000.0,0.532,0.361,0.009,6.0,1,20210707T160000_1
2021-07-07T19:52:43.598,1.406,-161.445,54.904,27392.953,0.431,0.191,0.041,11.0,2,20210707T160000_2
2021-07-07T19:52:50.903,2.062,-161.497,54.904,60964.608,0.708,0.257,-0.03,13.0,3,20210707T160000_3
2021-07-07T20:45:09.904,1.567,-160.999,55.294,61000.0,0.476,0.251,0.01,8.475,4,20210707T160000_4
2021-07-07T20:45:35.457,0.895,-161.837,55.24,15757.254,0.563,0.259,-0.012,7.575,5,20210707T160000_5
2021-07-07T22:34:10.403,0.651,-161.574,55.391,25197.798,0.583,0.316,-0.049,6.695,6,20210707T160000_6
2021-07-07T22:43:27.088,1.374,-161.511,54.904,34915.8,0.299,0.179,0.016,6.761,7,20210707T160000_7
2021-07-07T23:16:10.073,0.979,-161.601,54.905,22372.246,0.217,0.126,0.002,4.827,8,20210707T160000_8
2021-07-07T23:59:49.176,0.908,-161.672,55.583,61000.0,0.199,0.357,0.023,4.0,1,20210708T000000_1
2021-07-08T03:27:58.489,1.575,-161.225,54.903,54816.636,0.581,0.145,-0.041,5.922,2,20210708T000000_2
2021-07-08T04:01:36.355,1.172,-161.522,54.904,948.051,0.574,0.193,-0.022,6.0,3,20210708T000000_3
2021-07-08T04:01:50.473,1.574,-161.376,55.095,35163.92,0.399,0.174,-0.004,6.15,4,20210708T000000_4
2021-07-08T05:11:42.667,1.713,-162.486,55.583,61000.0,0.472,0.101,-0.012,5.0,5,20210708T000000_5
2021-07-08T05:16:45.430,1.347,-161.328,54.904,41530.656,0.346,0.326,-0.021,8.0,6,20210708T000000_6
2021-07-08T05:16:49.932,1.823,-161.172,54.903,61000.0,0.893,0.148,-0.051,9.0,7,20210708T000000_7
2021-07-08T05:21:56.873,1.682,-161.366,55.555,61000.0,0.436,0.295,-0.005,7.958,8,20210708T000000_8
2021-07-08T05:22:55.262,1.35,-161.867,55.11,0.0,0.563,0.621,0.045,4.252,9,20210708T000000_9
2021-07-08T07:45:41.002,0.976,-161.222,55.678,0.0,1.008,0.253,-0.057,5.0,10,20210708T000000_10
2021-07-08T09:46:23.598,1.662,-161.21,54.903,45800.798,0.424,0.154,0.009,11.0,1,20210708T080000_1
2021-07-08T09:46:34.139,1.852,-161.286,54.903,47272.997,0.532,0.241,0.013,10.0,2,20210708T080000_2
2021-07-08T12:11:35.330,1.602,-162.773,54.902,61000.0,1.073,0.185,0.158,11.009,3,20210708T080000_3
2021-07-08T12:13:06.518,1.292,-161.503,54.904,0.0,1.237,0.315,-0.253,5.0,4,20210708T080000_4
2021-07-08T14:50:10.274,1.594,-161.008,54.902,61000.0,1.087,0.228,0.01,8.34,5,20210708T080000_5
2021-07-08T15:10:19.306,1.263,-162.773,54.902,61000.0,0.957,0.154,0.119,7.0,6,20210708T080000_6
2021-07-08T15:59:56.448,0.132,-162.03,55.317,37.825,0.285,0.332,0.022,5.0,1,20210708T160000_1
2021-07-08T16:09:53.827,1.429,-162.773,54.902,61000.0,0.594,0.112,0.005,7.0,2,20210708T160000_2
2021-07-08T16:47:16.736,1.874,-161.008,54.902,61000.0,1.1,0.252,0.194,21.0,3,20210708T160000_3
2021-07-08T17:36:57.204,1.168,-162.773,54.902,61000.0,0.944,0.132,0.047,5.78,4,20210708T160000_4
2021-07-08T20:43:29.423,1.403,-161.235,55.457,61000.0,0.243,0.303,0.016,5.0,5,20210708T160000_5
2021-07-08T21:55:06.624,0.763,-162.088,55.231,20164.621,0.685,0.261,0.078,6.0,6,20210708T160000_6
2021-07-08T22:29:35.201,1.265,-162.773,54.902,40698.587,0.786,0.135,0.057,8.0,7,20210708T160000_7
2021-07-08T22:50:08.411,1.39,-161.702,54.905,61000.0,0.609,0.177,-0.001,10.704,8,20210708T160000_8
2021-07-08T22:56:13.578,1.696,-161.763,55.213,61000.0,0.344,0.45,0.025,9.0,9,20210708T160000_9
2021-07-09T00:29:58.482,1.575,-161.008,54.902,61000.0,1.135,0.233,0.089,20.0,1,20210709T000000_1
2021-07-09T00:32:11.192,1.065,-162.244,55.169,55422.53,0.348,0.312,0.047,6.066,2,20210709T000000_2
2021-07-09T02:02:47.102,0.816,-162.109,55.48,33845.722,0.703,0.239,-0.018,5.0,3,20210709T000000_3
2021-07-09T03:56:26.680,1.183,-162.774,54.963,59723.957,0.262,0.159,0.016,3.951,4,20210709T000000_4
2021-07-09T04:23:34.282,-0.092,-161.796,55.419,0.0,0.814,0.396,0.058,5.0,5,20210709T000000_5
2021-07-09T04:34:31.704,1.603,-161.375,55.582,61000.0,0.708,0.225,-0.096,4.0,6,20210709T000000_6
2021-07-09T04:43:56.521,-0.472,-161.736,55.423,0.0,0.793,1.003,0.483,3.997,7,20210709T000000_7
2021-07-09T05:46:12.436,-0.332,-161.822,55.382,0.0,0.421,0.712,-0.018,4.0,8,20210709T000000_8
2021-07-09T08:19:50.799,1.375,-161.565,54.904,22948.384,0.419,0.301,-0.078,5.0,1,20210709T080000_1
2021-07-09T08:59:06.670,0.667,-162.153,55.255,0.0,0.781,0.224,-0.014,5.0,2,20210709T080000_2
2021-07-09T09:00:47.706,1.253,-161.369,54.904,40912.631,0.287,0.198,0.002,7.723,3,20210709T080000_3
2021-07-09T09:04:56.342,0.408,-161.908,55.26,0.0,0.935,0.322,-0.02,4.0,4,20210709T080000_4
2021-07-09T09:13:14.187,1.04,-161.465,54.904,29700.856,0.114,0.114,0.004,3.881,5,20210709T080000_5
2021-07-09T09:13:29.671,1.03,-161.583,54.905,13957.92,0.292,0.102,0.015,3.986,6,20210709T080000_6
2021-07-09T09:19:37.015,1.616,-161.426,54.904,38111.936,0.401,0.199,0.036,8.911,7,20210709T080000_7
2021-07-09T09:19:43.692,1.932,-161.004,55.078,40968.195,0.308,0.318,0.021,4.0,8,20210709T080000_8
2021-07-09T09:19:48.797,1.921,-161.002,55.164,42735.26,0.503,0.163,-0.057,5.0,9,20210709T080000_9
2021-07-09T12:38:21.165,0.543,-162.047,55.258,0.0,0.913,0.192,-0.052,4.0,10,20210709T080000_10
2021-07-09T12:54:50.201,1.657,-161.227,54.913,61000.0,0.188,0.268,-0.003,4.0,11,20210709T080000_11
2021-07-09T13:42:58.583,2.186,-162.401,55.154,61000.0,0.451,0.409,0.023,11.0,12,20210709T080000_12
2021-07-09T14:48:06.289,1.08,-161.958,54.905,61000.0,0.261,0.339,-0.014,3.443,13,20210709T080000_13
2021-07-09T15:03:44.386,0.803,-161.879,54.905,0.0,0.742,0.248,0.11,5.641,14,20210709T080000_14
2021-07-09T15:03:54.463,1.22,-161.584,54.978,26575.206,0.233,0.206,-0.009,5.763,15,20210709T080000_15
2021-07-09T15:53:06.417,1.478,-162.74,55.485,61000.0,0.912,0.11,-0.019,6.0,16,20210709T080000_16
2021-07-09T16:22:01.483,1.244,-162.522,55.45,61000.0,0.722,0.053,0.003,7.0,1,20210709T160000_1
2021-07-09T18:20:44.940,1.093,-162.707,54.908,0.0,0.847,0.08,0.02,4.0,2,20210709T160000_2
2021-07-09T19:13:59.980,1.443,-162.773,54.902,61000.0,1.242,0.121,0.046,6.243,3,20210709T160000_3
2021-07-09T19:16:50.054,1.856,-162.776,55.046,61000.0,0.405,0.171,-0.0,3.951,4,20210709T160000_4
2021-07-09T23:59:48.611,1.2,-162.229,55.278,61000.0,0.298,0.456,0.031,5.0,1,20210710T000000_1
2021-07-10T00:05:45.193,1.971,-161.073,55.919,61000.0,0.601,0.175,0.049,4.338,3,20210710T000000_3
2021-07-10T00:05:56.837,0.53,-161.955,55.193,13149.163,0.949,0.282,-0.009,4.979,2,20210710T000000_2
2021-07-10T00:55:31.738,1.606,-162.782,55.316,61000.0,0.669,0.267,0.031,4.0,4,20210710T000000_4
2021-07-10T01:03:50.073,-0.362,-161.882,55.414,0.0,0.824,0.383,-0.167,4.0,5,20210710T000000_5
2021-07-10T02:31:58.488,0.49,-161.811,55.175,0.0,0.328,0.322,-0.018,4.492,6,20210710T000000_6
2021-07-10T05:21:16.216,1.101,-162.773,54.902,61000.0,0.583,0.043,0.003,4.0,7,20210710T000000_7
2021-07-10T07:05:57.635,0.524,-162.075,55.247,0.0,0.454,0.397,-0.037,6.732,8,20210710T000000_8
2021-07-10T07:19:00.591,0.234,-161.603,55.231,18092.657,0.708,0.23,-0.012,5.0,9,20210710T000000_9
2021-07-10T09:46:29.174,1.261,-161.064,54.902,38459.41,0.353,0.359,-0.038,6.667,1,20210710T080000_1
2021-07-10T11:03:19.254,1.093,-161.902,55.45,31326.411,0.342,0.299,-0.013,17.79,2,20210710T080000_2
2021-07-10T11:05:12.761,0.757,-161.648,55.705,11886.807,0.136,0.355,0.012,4.766,3,20210710T080000_3
2021-07-10T13:23:43.073,1.075,-161.278,55.7,475.231,0.715,0.48,-0.018,5.405,4,20210710T080000_4
2021-07-10T14:11:18.772,1.779,-162.788,55.586,61000.0,0.816,0.071,0.01,3.563,6,20210710T080000_6
2021-07-10T14:11:21.965,0.44,-162.266,54.904,0.0,0.21,0.509,0.052,4.368,5,20210710T080000_5
2021-07-10T14:34:13.882,0.831,-161.79,55.112,0.0,0.572,0.261,-0.022,8.0,7,20210710T080000_7
2021-07-10T15:59:49.357,0.856,-162.117,55.307,61000.0,0.385,0.411,0.02,9.0,1,20210710T160000_1
2021-07-10T19:05:11.960,1.569,-162.581,55.037,0.0,0.963,0.276,0.148,6.503,2,20210710T160000_2
2021-07-10T20:31:51.841,0.474,-161.944,55.451,31649.511,0.035,0.537,0.002,4.0,3,20210710T160000_3
2021-07-10T22:58:19.811,1.635,-161.567,54.922,61000.0,0.266,0.24,-0.016,11.0,4,20210710T160000_4
2021-07-10T23:13:41.748,0.284,-161.566,55.203,5042.604,0.438,0.183,0.039,5.0,5,20210710T160000_5
2021-07-11T00:21:19.415,0.417,-162.273,54.904,231.102,0.111,0.54,0.009,3.89,1,20210711T000000_1
2021-07-11T00:36:06.200,1.395,-162.515,54.903,0.0,0.781,0.454,0.078,12.0,2,20210711T000000_2
2021-07-11T00:36:24.498,1.513,-162.428,54.904,9247.738,0.95,0.443,-0.008,7.899,3,20210711T000000_3
2021-07-11T01:25:35.670,1.472,-161.477,55.529,61000.0,0.479,0.309,-0.034,9.767,4,20210711T000000_4
2021-07-11T01:59:08.461,0.556,-161.838,55.464,8411.091,0.744,0.26,-0.056,9.0,5,20210711T000000_5
2021-07-11T05:25:22.407,1.361,-162.148,54.996,0.0,0.317,0.266,-0.012,4.0,6,20210711T000000_6
2021-07-11T07:57:12.137,0.848,-162.361,55.245,365.681,0.541,0.344,0.105,4.0,7,20210711T000000_7
2021-07-11T07:59:47.500,1.16,-162.471,55.355,61000.0,0.404,0.429,-0.103,4.0,1,20210711T080000_1
2021-07-11T09:17:18.615,-0.156,-161.918,55.45,0.0,0.459,0.459,0.064,5.0,2,20210711T080000_2
2021-07-11T10:56:20.528,1.767,-161.458,55.5,61000.0,0.546,0.232,-0.025,11.755,3,20210711T080000_3
2021-07-11T10:56:27.874,0.832,-161.622,55.323,16941.894,0.498,0.262,0.02,7.056,4,20210711T080000_4
2021-07-11T10:57:40.682,1.073,-161.702,55.132,47248.883,0.655,0.33,-0.006,5.696,5,20210711T080000_5
2021-07-11T11:28:36.140,0.23,-161.697,55.2,144.017,0.022,0.333,0.003,4.0,6,20210711T080000_6
2021-07-11T17:06:32.532,1.602,-162.773,54.902,52686.631,0.5,0.446,0.102,11.912,1,20210711T160000_1
2021-07-11T17:33:09.779,0.641,-162.574,54.913,11962.208,0.002,0.403,-0.0,4.0,2,20210711T160000_2
2021-07-11T18:02:09.307,1.228,-162.684,54.902,0.0,0.301,0.274,0.001,7.0,3,20210711T160000_3
2021-07-11T18:02:20.923,1.332,-162.462,54.904,0.0,0.556,0.427,-0.01,8.874,4,20210711T160000_4
2021-07-11T18:26:42.711,1.17,-161.354,54.904,34989.657,0.21,0.205,0.009,6.0,5,20210711T160000_5
2021-07-11T18:26:55.369,1.214,-161.44,54.904,32254.226,0.518,0.191,-0.007,5.0,6,20210711T160000_6
2021-07-11T20:06:32.370,1.318,-162.773,54.902,61000.0,0.626,0.209,0.049,4.905,7,20210711T160000_7
2021-07-11T20:18:41.760,1.322,-162.115,54.905,61000.0,0.507,0.082,0.0,10.0,8,20210711T160000_8
2021-07-11T20:25:22.864,1.594,-161.613,55.726,60557.078,0.399,0.265,-0.012,10.766,9,20210711T160000_9
2021-07-11T20:26:14.371,0.869,-161.856,55.243,0.0,0.108,0.554,-0.005,3.23,10,20210711T160000_10
2021-07-11T20:29:25.567,1.319,-161.008,54.902,59305.468,0.227,0.331,-0.043,4.0,11,20210711T160000_11
2021-07-11T20:45:12.954,-0.067,-161.748,55.258,0.0,0.98,0.374,-0.06,5.0,12,20210711T160000_12
2021-07-11T23:03:15.349,1.586,-162.368,54.904,36469.948,0.841,0.381,-0.394,15.824,13,20210711T160000_13
2021-07-11T23:28:15.772,1.09,-161.51,55.065,0.0,0.174,0.124,-0.011,4.0,14,20210711T160000_14
2021-07-11T23:32:30.526,0.477,-161.762,55.145,2664.571,0.0,0.269,0.0,4.0,15,20210711T160000_15
2021-07-11T23:59:45.826,1.228,-161.414,54.904,61000.0,0.234,0.342,-0.051,4.0,1,20210712T000000_1
2021-07-12T00:29:30.502,1.104,-161.32,54.904,40970.81,0.168,0.196,0.003,5.0,2,20210712T000000_2
2021-07-12T00:29:42.640,0.975,-161.34,54.904,34458.563,0.375,0.187,-0.013,4.0,3,20210712T000000_3
2021-07-12T03:39:11.568,1.992,-161.164,54.903,61000.0,0.641,0.22,-0.025,12.018,4,20210712T000000_4
2021-07-12T03:39:20.218,2.045,-161.414,54.904,43639.957,0.654,0.246,-0.103,7.982,5,20210712T000000_5
2021-07-12T04:50:38.544,-0.168,-161.927,55.409,337.483,0.531,0.292,0.096,4.0,6,20210712T000000_6
2021-07-12T04:59:38.262,-0.45,-161.896,55.419,0.0,0.299,0.381,0.047,5.0,7,20210712T000000_7
2021-07-12T05:01:53.340,0.89,-161.524,55.601,26468.059,0.34,0.283,0.049,6.0,8,20210712T000000_8
2021-07-12T07:26:38.823,1.121,-161.136,55.705,0.0,0.814,0.315,-0.011,6.0,9,20210712T000000_9
2021-07-12T07:31:12.194,0.916,-162.284,54.987,52442.114,0.062,0.16,0.002,4.0,10,20210712T000000_10
2021-07-12T07:42:27.697,0.915,-162.082,55.193,0.0,1.15,0.232,-0.058,4.0,11,20210712T000000_11
2021-07-12T08:31:03.633,1.132,-162.095,54.905,50808.419,0.535,0.11,0.011,7.0,1,20210712T080000_1
2021-07-12T08:42:01.644,1.301,-161.691,54.905,0.0,0.482,0.163,-0.048,4.0,2,20210712T080000_2
2021-07-12T09:02:30.053,1.513,-161.5,55.921,61000.0,0.688,0.254,-0.109,4.0,3,20210712T080000_3
2021-07-12T10:41:13.394,1.403,-161.543,54.904,49823.597,0.305,0.188,0.005,9.944,4,20210712T080000_4
2021-07-12T10:41:31.724,1.6,-161.115,55.167,22946.594,0.0,0.171,0.0,4.0,5,20210712T080000_5
2021-07-12T12:10:07.117,1.449,-162.543,54.903,0.0,0.538,0.211,-0.052,4.0,6,20210712T080000_6
2021-07-12T12:15:27.811,1.402,-161.045,55.067,0.0,1.063,0.177,-0.141,5.0,7,20210712T080000_7
2021-07-12T12:26:47.392,0.927,-161.172,55.125,2175.47,0.258,0.3,0.043,4.0,8,20210712T080000_8
2021-07-12T12:33:53.606,1.306,-161.123,54.902,61000.0,0.91,0.102,0.05,8.0,9,20210712T080000_9
2021-07-12T13:35:24.611,0.387,-161.96,54.905,0.0,0.588,0.099,0.011,4.0,10,20210712T080000_10
2021-07-12T13:35:44.021,1.071,-162.101,55.021,38375.476,0.162,0.195,0.015,5.263,11,20210712T080000_11
2021-07-12T14:53:24.471,1.074,-161.411,54.904,61000.0,0.616,0.036,-0.001,6.0,12,20210712T080000_12
2021-07-12T14:54:22.988,1.424,-161.157,55.328,61000.0,0.477,0.239,0.04,10.616,13,20210712T080000_13
2021-07-12T14:54:32.047,1.268,-162.131,55.921,0.0,0.418,0.439,0.088,6.486,14,20210712T080000_14
2021-07-12T15:05:37.210,1.06,-162.093,54.905,61000.0,0.565,0.032,0.012,6.0,15,20210712T080000_15
2021-07-12T16:06:55.580,0.871,-162.773,54.943,24906.347,0.445,0.29,0.12,9.0,1,20210712T160000_1
2021-07-12T16:08:33.464,0.927,-162.773,54.902,35476.279,0.967,0.253,0.115,7.894,2,20210712T160000_2
2021-07-12T18:53:39.999,0.707,-161.965,55.426,26395.347,0.171,0.11,0.003,4.0,3,20210712T160000_3
2021-07-12T19:00:21.063,0.974,-161.274,55.741,0.0,0.398,0.24,0.014,6.0,4,20210712T160000_4
2021-07-12T20:38:08.262,1.275,-162.786,55.486,61000.0,0.245,0.07,-0.007,4.0,5,20210712T160000_5
2021-07-12T21:46:20.342,1.284,-162.42,54.904,61000.0,0.468,0.239,-0.01,7.0,6,20210712T160000_6
2021-07-12T21:46:39.387,1.325,-162.773,54.902,61000.0,0.35,0.368,0.036,5.995,7,20210712T160000_7
2021-07-12T21:46:46.686,1.434,-162.775,55.016,52614.183,0.149,0.512,-0.005,4.975,8,20210712T160000_8
2021-07-12T22:14:19.350,0.702,-161.59,55.587,2244.035,0.107,0.2,0.011,4.0,9,20210712T160000_9
2021-07-12T23:37:01.329,1.103,-162.773,54.902,61000.0,1.061,0.232,0.145,3.422,10,20210712T160000_10
2021-07-12T23:37:38.503,0.973,-161.811,55.136,61000.0,0.449,0.3,0.007,9.0,11,20210712T160000_11
2021-07-13T00:39:11.659,1.395,-162.237,55.168,61000.0,0.227,0.106,-0.011,5.0,1,20210713T000000_1
2021-07-13T01:08:18.354,0.598,-162.773,54.902,19387.263,0.59,0.224,-0.007,6.0,2,20210713T000000_2
2021-07-13T01:13:59.345,0.623,-162.063,54.905,14842.553,0.333,0.425,-0.013,5.666,3,20210713T000000_3
2021-07-13T01:14:13.572,1.146,-161.698,54.905,56081.045,0.49,0.355,-0.084,5.0,4,20210713T000000_4
2021-07-13T02:12:40.623,1.475,-162.717,55.043,30604.524,0.517,0.272,-0.012,10.632,5,20210713T000000_5
2021-07-13T02:33:37.883,1.366,-162.781,55.281,61000.0,0.894,0.399,-0.025,10.0,6,20210713T000000_6
2021-07-13T04:09:16.206,0.101,-161.805,55.447,0.0,0.913,0.404,-0.07,7.0,7,20210713T000000_7
2021-07-13T04:23:53.521,1.127,-161.427,55.67,11901.237,0.415,0.201,-0.011,9.0,8,20210713T000000_8
2021-07-13T04:30:09.482,0.186,-161.856,55.373,15258.857,0.164,0.248,0.013,5.0,9,20210713T000000_9
2021-07-13T04:47:44.210,1.476,-162.773,54.902,61000.0,1.024,0.263,0.158,10.0,10,20210713T000000_10
2021-07-13T04:52:25.981,1.41,-161.008,54.902,61000.0,1.034,0.201,0.088,9.729,11,20210713T000000_11
2021-07-13T05:28:51.583,1.141,-161.351,55.326,61000.0,0.005,0.134,0.0,4.0,12,20210713T000000_12
2021-07-13T06:03:29.734,1.53,-162.672,54.902,61000.0,0.301,0.204,-0.008,5.402,13,20210713T000000_13
2021-07-13T06:03:30.729,1.362,-161.722,54.905,61000.0,0.94,0.214,-0.011,12.335,14,20210713T000000_14
2021-07-13T06:03:54.072,0.356,-161.969,55.256,7972.033,0.394,0.451,-0.1,5.144,15,20210713T000000_15
2021-07-13T06:48:00.159,1.464,-162.773,54.902,61000.0,1.054,0.145,-0.008,7.925,16,20210713T000000_16
2021-07-13T07:11:05.127,1.454,-162.788,55.584,61000.0,0.617,0.176,0.006,4.0,17,20210713T000000_17
2021-07-13T07:20:53.962,0.649,-161.907,55.384,16108.28,0.0,0.304,0.0,4.0,18,20210713T000000_18
2021-07-13T07:48:44.158,2.364,-162.774,54.981,49758.224,0.414,0.263,-0.007,11.0,20,20210713T000000_20
2021-07-13T07:48:54.311,2.77,-162.774,54.988,35521.94,0.742,0.419,-0.107,12.0,19,20210713T000000_19
2021-07-13T07:59:48.911,0.729,-162.11,55.247,61000.0,0.471,0.367,-0.008,5.0,1,20210713T080000_1
2021-07-13T10:12:09.026,-0.584,-161.741,55.425,0.0,0.271,0.895,0.032,4.0,2,20210713T080000_2
2021-07-13T10:23:53.501,-0.353,-161.901,55.395,169.033,0.553,0.286,-0.126,6.0,3,20210713T080000_3
2021-07-13T10:29:35.892,-0.166,-161.755,55.382,0.0,0.349,0.684,0.134,4.0,4,20210713T080000_4
2021-07-13T10:34:00.352,0.058,-161.67,55.385,0.0,0.429,0.5,0.044,5.0,5,20210713T080000_5
2021-07-13T10:40:28.116,1.451,-162.776,55.077,0.0,0.513,0.284,-0.091,4.0,6,20210713T080000_6
2021-07-13T10:50:02.169,0.622,-161.947,55.455,26899.759,0.376,0.298,0.12,5.946,7,20210713T080000_7
2021-07-13T10:53:05.277,-0.326,-161.7,55.391,0.0,0.29,0.483,0.092,4.0,8,20210713T080000_8
2021-07-13T10:59:56.034,1.201,-161.004,55.1,0.0,0.317,0.259,-0.05,4.0,9,20210713T080000_9
2021-07-13T11:32:28.617,-0.3,-161.997,55.373,0.0,0.757,0.176,0.043,4.0,10,20210713T080000_10
2021-07-13T12:08:58.423,1.333,-161.008,54.922,43012.588,0.158,0.161,0.001,5.0,11,20210713T080000_11
2021-07-13T12:09:19.803,0.782,-161.663,55.15,31604.994,0.0,0.17,-0.0,4.0,12,20210713T080000_12
2021-07-13T12:18:54.810,1.158,-161.314,55.67,32712.697,0.435,0.297,0.052,6.0,13,20210713T080000_13
2021-07-13T12:41:44.660,0.899,-160.998,55.333,0.0,0.954,0.288,-0.165,4.0,14,20210713T080000_14
2021-07-13T12:57:52.446,0.967,-161.961,55.536,61000.0,0.262,0.281,-0.026,5.808,15,20210713T080000_15
2021-07-13T13:04:17.832,0.938,-162.291,54.904,61000.0,0.394,0.169,0.014,7.0,16,20210713T080000_16
2021-07-13T13:05:16.291,1.032,-161.502,55.369,20745.996,0.51,0.266,0.035,7.0,17,20210713T080000_17
2021-07-13T13:25:42.901,0.086,-161.979,55.487,0.0,0.2,0.373,-0.039,4.0,18,20210713T080000_18
2021-07-13T14:32:07.258,0.49,-162.097,55.144,0.0,0.54,0.259,-0.071,5.0,19,20210713T080000_19
2021-07-13T14:46:34.279,1.28,-161.703,54.905,58087.715,0.282,0.101,-0.008,10.0,20,20210713T080000_20
2021-07-13T15:25:35.514,0.412,-162.022,55.284,8873.591,0.645,0.215,-0.007,8.0,21,20210713T080000_21
2021-07-13T16:05:16.921,1.794,-162.55,54.903,61000.0,0.839,0.316,-0.117,22.0,1,20210713T160000_1
2021-07-13T16:41:30.788,1.754,-161.358,54.904,60763.277,0.471,0.188,0.015,11.0,2,20210713T160000_2
2021-07-13T16:41:41.477,2.263,-161.393,54.904,61000.0,0.703,0.172,-0.045,11.0,3,20210713T160000_3
2021-07-13T17:23:25.128,0.337,-161.867,55.137,0.0,0.105,0.248,-0.012,4.0,4,20210713T160000_4
2021-07-13T18:27:25.121,0.492,-161.971,55.329,14000.652,0.382,0.485,-0.029,8.747,5,20210713T160000_5
2021-07-13T18:33:09.509,1.025,-162.773,54.902,0.0,0.508,0.408,0.093,5.036,6,20210713T160000_6
2021-07-13T18:33:12.074,0.641,-161.568,55.04,0.0,0.363,0.276,0.055,7.0,7,20210713T160000_7
2021-07-13T18:33:27.132,0.298,-162.206,55.122,4944.001,0.549,0.47,-0.063,6.918,8,20210713T160000_8
2021-07-13T18:35:57.349,0.554,-161.938,55.326,17231.558,0.347,0.329,0.03,7.0,9,20210713T160000_9
2021-07-13T20:12:21.956,1.187,-162.574,54.917,61000.0,0.522,0.203,0.004,7.95,10,20210713T160000_10
2021-07-13T20:31:00.371,0.762,-162.217,54.904,0.0,0.321,0.37,0.046,5.0,11,20210713T160000_11
2021-07-13T20:31:19.853,0.748,-162.277,54.91,1178.249,0.316,0.612,0.001,4.553,12,20210713T160000_12
2021-07-13T21:36:08.139,1.67,-162.773,54.902,61000.0,0.498,0.177,-0.021,8.987,13,20210713T160000_13
2021-07-13T22:16:54.200,1.154,-161.577,54.905,61000.0,1.137,0.23,-0.01,8.467,15,20210713T160000_15
2021-07-13T22:16:58.315,0.835,-162.773,54.902,0.0,0.529,0.271,0.042,4.041,14,20210713T160000_14
2021-07-13T23:59:54.618,0.334,-162.098,55.313,27608.617,0.356,0.423,0.162,7.0,1,20210714T000000_1
2021-07-14T00:45:33.244,-0.29,-161.708,55.419,0.0,0.147,0.694,0.068,4.0,2,20210714T000000_2
2021-07-14T00:53:06.501,1.796,-161.008,54.902,61000.0,0.83,0.202,0.21,15.894,3,20210714T000000_3
2021-07-14T01:47:57.848,1.004,-161.297,54.903,32083.634,0.306,0.113,-0.001,6.0,4,20210714T000000_4
2021-07-14T01:48:09.183,1.149,-161.64,54.974,61000.0,0.327,0.175,-0.006,5.8,5,20210714T000000_5
2021-07-14T03:00:33.601,1.136,-161.288,54.903,42992.766,0.303,0.173,-0.01,8.0,6,20210714T000000_6
2021-07-14T03:00:47.236,1.255,-161.335,54.904,31519.511,0.409,0.154,-0.015,7.0,7,20210714T000000_7
2021-07-14T04:21:27.116,2.09,-161.082,54.902,61000.0,0.971,0.226,0.026,15.059,8,20210714T000000_8
2021-07-14T04:21:39.119,1.98,-161.005,55.051,22432.268,0.41,0.234,-0.044,6.941,9,20210714T000000_9
2021-07-14T04:25:35.579,1.113,-161.008,54.902,61000.0,1.327,0.107,0.057,7.0,10,20210714T000000_10
2021-07-14T05:05:16.879,1.132,-161.7,55.061,40776.873,0.41,0.323,-0.145,9.0,11,20210714T000000_11
2021-07-14T06:35:12.025,0.693,-162.312,54.988,0.0,0.547,0.449,0.107,8.541,12,20210714T000000_12
2021-07-14T06:35:28.532,0.622,-162.335,54.935,15176.686,0.315,0.392,0.019,5.798,13,20210714T000000_13
2021-07-14T08:18:25.294,1.316,-161.928,54.905,61000.0,0.982,0.202,-0.027,7.999,1,20210714T080000_1
2021-07-14T08:41:38.216,0.413,-162.102,55.101,0.0,0.372,0.333,-0.006,9.0,2,20210714T080000_2
2021-07-14T08:46:33.963,0.415,-162.333,55.274,19779.61,0.316,0.188,0.013,4.403,3,20210714T080000_3
2021-07-14T10:44:49.775,1.154,-161.188,54.903,61000.0,0.213,0.137,0.004,5.431,4,20210714T080000_4
2021-07-14T12:30:41.448,1.221,-162.773,54.911,38757.806,0.692,0.202,-0.072,12.0,5,20210714T080000_5
2021-07-14T12:41:07.990,0.828,-161.954,54.905,58633.74,0.527,0.09,0.028,6.0,6,20210714T080000_6
2021-07-14T12:50:38.144,0.891,-162.083,55.746,55100.897,0.073,0.134,0.001,4.0,7,20210714T080000_7
2021-07-14T15:59:49.113,0.647,-162.2,55.354,61000.0,0.262,0.314,0.002,5.0,1,20210714T160000_1
2021-07-14T16:18:53.209,1.743,-162.773,54.902,61000.0,0.423,0.25,-0.065,4.446,2,20210714T160000_2
2021-07-14T16:18:53.926,1.984,-162.773,54.902,37435.746,0.749,0.348,-0.096,18.554,3,20210714T160000_3
2021-07-14T16:25:40.225,0.45,-162.724,55.059,71.115,0.922,0.385,0.171,4.0,4,20210714T160000_4
2021-07-14T16:26:06.725,0.933,-162.773,54.942,40366.654,0.545,0.16,0.016,9.0,5,20210714T160000_5
2021-07-14T16:36:55.738,0.74,-161.633,54.987,32349.593,0.343,0.19,-0.029,8.155,6,20210714T160000_6
2021-07-14T16:37:18.058,0.768,-161.833,55.145,15139.673,0.577,0.301,-0.06,8.0,7,20210714T160000_7
2021-07-14T16:41:09.721,1.746,-162.095,54.905,61000.0,0.644,0.346,-0.119,20.0,8,20210714T160000_8
2021-07-14T17:07:54.493,1.385,-161.382,54.904,61000.0,0.979,0.231,-0.03,18.0,9,20210714T160000_9
2021-07-14T17:26:14.631,0.795,-162.773,54.943,40439.253,0.634,0.19,0.043,7.933,10,20210714T160000_10
2021-07-14T17:29:23.061,0.96,-161.507,54.904,61000.0,1.037,0.119,0.039,6.0,11,20210714T160000_11
2021-07-14T17:31:10.524,2.13,-161.079,54.902,61000.0,0.376,0.327,0.088,12.0,12,20210714T160000_12
2021-07-14T17:31:19.608,2.289,-161.134,54.903,61000.0,0.83,0.241,0.024,11.0,13,20210714T160000_13
2021-07-14T18:07:54.450,2.315,-162.746,54.902,61000.0,0.947,0.375,-0.011,19.359,14,20210714T160000_14
2021-07-14T18:16:03.286,1.418,-161.016,55.265,46340.873,0.608,0.19,-0.009,11.829,15,20210714T160000_15
2021-07-14T18:16:41.581,1.378,-161.364,55.249,31437.315,0.922,0.108,-0.056,6.0,16,20210714T160000_16
2021-07-14T18:41:00.832,0.082,-162.029,55.328,10051.791,0.251,0.224,0.012,8.0,17,20210714T160000_17
2021-07-14T18:44:43.359,0.701,-162.646,54.903,28897.695,0.824,0.144,0.02,7.0,18,20210714T160000_18
2021-07-14T19:15:48.063,1.142,-162.734,55.408,61000.0,0.73,0.091,-0.018,4.681,19,20210714T160000_19
2021-07-15T00:53:27.258,1.11,-161.131,54.903,44582.611,0.327,0.225,-0.02,8.969,1,20210715T000000_1
2021-07-15T00:53:37.809,1.212,-161.257,54.903,47028.378,0.738,0.201,-0.005,6.948,2,20210715T000000_2
2021-07-15T01:02:41.293,1.671,-161.001,55.218,61000.0,0.537,0.291,0.036,12.0,3,20210715T000000_3
2021-07-15T01:02:56.868,2.002,-160.996,55.441,61000.0,0.524,0.323,-0.013,5.803,4,20210715T000000_4
2021-07-15T01:03:01.313,1.901,-161.006,54.975,17232.919,0.202,0.139,0.009,4.197,5,20210715T000000_5
2021-07-15T01:33:33.012,1.034,-161.817,54.905,61000.0,0.422,0.108,0.023,6.0,6,20210715T000000_6
2021-07-15T02:59:18.404,1.331,-161.222,54.903,52118.689,0.235,0.216,0.004,8.797,7,20210715T000000_7
2021-07-15T02:59:33.405,1.308,-161.003,55.131,31300.769,0.148,0.181,-0.016,4.0,8,20210715T000000_8
2021-07-15T03:29:17.535,1.286,-160.991,55.662,61000.0,0.983,0.349,-0.008,4.955,9,20210715T000000_9
2021-07-15T05:18:52.656,0.33,-162.233,54.904,0.0,0.21,0.442,0.03,4.813,10,20210715T000000_10
2021-07-15T05:19:05.373,0.831,-162.363,54.904,9187.023,0.582,0.446,-0.01,5.869,11,20210715T000000_11
2021-07-15T05:51:52.523,0.952,-161.33,54.904,30371.437,0.229,0.192,-0.017,7.0,12,20210715T000000_12
2021-07-15T05:52:02.388,1.059,-161.412,54.904,44315.12,0.785,0.236,-0.075,8.0,13,20210715T000000_13
2021-07-15T07:55:39.906,1.748,-162.779,55.203,61000.0,0.649,0.292,-0.01,14.61,14,20210715T000000_14
2021-07-15T07:59:48.908,0.824,-162.161,55.258,61000.0,0.41,0.246,0.004,7.0,1,20210715T080000_1
2021-07-15T11:01:53.711,1.204,-162.311,54.904,0.0,0.546,0.562,0.104,9.817,2,20210715T080000_2
2021-07-15T11:11:58.360,0.689,-161.845,55.161,19955.137,0.497,0.196,-0.036,5.959,3,20210715T080000_3
2021-07-15T11:12:17.808,0.655,-162.595,55.313,481.657,0.6,0.173,-0.003,5.814,4,20210715T080000_4
2021-07-15T13:01:08.457,0.972,-161.692,54.905,51772.293,0.28,0.08,0.004,5.0,5,20210715T080000_5
2021-07-15T13:02:59.520,-0.051,-162.063,55.355,0.0,0.772,0.147,-0.065,4.0,6,20210715T080000_6
2021-07-15T13:27:16.847,0.343,-162.24,55.318,0.0,0.228,0.248,-0.029,4.0,7,20210715T080000_7
2021-07-15T13:37:58.066,3.07,-162.704,54.902,9075.395,0.39,0.352,0.035,9.743,8,20210715T080000_8
2021-07-15T13:38:10.381,3.47,-162.773,54.902,61000.0,0.432,0.306,-0.065,6.0,9,20210715T080000_9
2021-07-15T15:59:48.483,0.974,-162.193,55.41,61000.0,0.231,0.112,0.012,4.0,1,20210715T160000_1
2021-07-15T17:35:24.417,2.565,-161.156,54.903,52177.752,0.319,0.268,0.041,11.0,2,20210715T160000_2
2021-07-15T17:35:31.674,2.962,-161.168,54.903,60041.019,0.72,0.213,0.066,11.0,3,20210715T160000_3
2021-07-15T17:51:23.485,1.113,-161.056,54.902,54901.534,0.339,0.215,-0.033,6.669,4,20210715T160000_4
2021-07-15T18:54:09.355,1.413,-161.315,54.904,47900.096,0.343,0.17,0.021,11.0,5,20210715T160000_5
2021-07-15T18:54:17.459,1.614,-161.326,54.904,48217.215,0.693,0.23,0.034,12.0,6,20210715T160000_6
2021-07-15T19:11:23.889,1.042,-162.773,54.902,61000.0,0.553,0.096,0.003,8.0,7,20210715T160000_7
2021-07-15T20:02:09.441,1.179,-162.719,55.582,61000.0,0.81,0.105,-0.011,7.0,8,20210715T160000_8
2021-07-15T20:47:32.455,1.492,-162.773,54.902,61000.0,0.77,0.297,0.281,12.464,9,20210715T160000_9
2021-07-15T20:54:56.346,1.054,-161.959,54.905,0.0,1.136,0.303,-0.09,4.0,10,20210715T160000_10
2021-07-15T23:15:40.678,1.072,-162.773,54.902,61000.0,0.584,0.123,0.023,5.022,11,20210715T160000_11
2021-07-15T23:59:49.113,0.87,-162.16,55.24,61000.0,0.479,0.308,-0.002,10.0,1,20210716T000000_1
2021-07-16T00:42:35.218,1.698,-161.007,54.968,28488.126,0.329,0.3,0.03,11.043,2,20210716T000000_2
2021-07-16T00:42:40.553,2.377,-162.395,55.921,61000.0,0.21,0.373,-0.034,6.229,4,20210716T000000_4
2021-07-16T00:42:45.117,2.309,-162.405,54.904,61000.0,0.887,0.277,-0.108,5.634,3,20210716T000000_3
2021-07-16T00:46:28.297,1.724,-162.7,55.039,61000.0,0.047,0.032,-0.0,2.999,5,20210716T000000_5
2021-07-16T01:26:16.723,2.246,-162.603,54.903,61000.0,0.705,0.309,-0.082,22.0,6,20210716T000000_6
2021-07-16T01:29:28.525,0.703,-161.596,55.303,15113.665,0.767,0.282,-0.13,4.0,7,20210716T000000_7
2021-07-16T04:08:17.037,1.964,-161.005,55.038,61000.0,0.494,0.227,-0.003,11.0,8,20210716T000000_8
2021-07-16T04:08:26.438,2.536,-161.005,55.04,61000.0,0.62,0.293,-0.028,10.0,9,20210716T000000_9
2021-07-16T04:56:04.457,0.697,-162.774,54.952,21837.449,0.086,0.278,0.004,3.94,10,20210716T000000_10
2021-07-16T05:00:21.873,0.723,-162.568,55.191,14561.597,0.235,0.229,0.006,4.958,11,20210716T000000_11
2021-07-16T05:00:42.559,0.275,-162.368,54.978,3065.091,0.133,0.616,0.015,4.999,12,20210716T000000_12
2021-07-16T05:27:37.934,1.255,-162.789,55.622,61000.0,0.318,0.33,0.013,5.197,13,20210716T000000_13
2021-07-16T05:48:59.645,2.178,-161.358,55.384,61000.0,0.686,0.271,0.031,10.0,14,20210716T000000_14
2021-07-16T05:49:13.302,2.956,-161.001,55.219,57920.613,0.595,0.272,0.039,8.84,15,20210716T000000_15
2021-07-16T07:28:44.140,1.466,-161.008,54.902,61000.0,0.538,0.167,0.02,12.0,16,20210716T000000_16
2021-07-16T07:28:54.511,1.638,-161.181,54.903,56588.461,0.613,0.225,0.033,11.0,17,20210716T000000_17
2021-07-16T07:59:48.072,0.904,-162.342,55.392,61000.0,0.506,0.202,0.004,7.0,1,20210716T080000_1
2021-07-16T09:46:46.771,2.106,-161.008,54.902,61000.0,0.564,0.228,0.059,12.0,2,20210716T080000_2
2021-07-16T09:46:57.592,2.355,-161.24,54.903,59532.888,0.646,0.248,-0.005,11.0,3,20210716T080000_3
2021-07-16T11:24:30.925,-0.246,-162.255,55.042,0.0,0.066,0.459,-0.002,4.0,4,20210716T080000_4
2021-07-16T13:21:06.534,0.684,-162.334,54.939,53924.161,0.04,0.031,0.0,4.0,5,20210716T080000_5
2021-07-16T14:27:50.862,1.933,-161.051,55.032,61000.0,0.555,0.217,-0.019,12.108,6,20210716T080000_6
2021-07-16T14:27:52.031,2.212,-161.008,54.902,61000.0,0.674,0.203,0.028,9.892,7,20210716T080000_7
2021-07-16T15:59:48.871,0.889,-162.223,55.364,61000.0,0.617,0.385,-0.061,8.0,1,20210716T160000_1
2021-07-16T17:46:02.303,1.644,-161.156,54.903,54410.294,0.33,0.138,0.015,11.0,2,20210716T160000_2
2021-07-16T17:46:10.071,1.945,-161.168,54.903,58532.121,0.669,0.19,0.029,12.0,3,20210716T160000_3
2021-07-16T19:00:22.673,1.115,-162.5,55.067,0.0,0.086,0.348,0.003,4.0,4,20210716T160000_4
2021-07-16T19:08:24.354,0.991,-162.773,54.902,41801.868,0.826,0.117,0.058,5.0,5,20210716T160000_5
2021-07-16T19:12:19.892,1.299,-161.132,55.001,49255.453,0.453,0.189,0.04,8.852,6,20210716T160000_6
2021-07-16T19:14:03.373,1.125,-161.407,54.98,0.0,0.594,0.165,-0.019,8.0,7,20210716T160000_7
2021-07-16T19:15:26.029,0.793,-162.196,55.535,0.0,0.578,0.314,-0.028,5.707,8,20210716T160000_8
2021-07-16T20:03:14.068,1.253,-161.249,55.016,48761.216,0.287,0.126,0.005,5.886,9,20210716T160000_9
2021-07-16T20:04:41.014,0.737,-161.698,55.314,17019.518,0.797,0.242,-0.174,6.0,10,20210716T160000_10
2021-07-16T23:53:11.354,1.253,-161.005,55.048,47260.561,0.12,0.237,-0.008,5.0,11,20210716T160000_11
2021-07-16T23:53:25.525,1.252,-161.383,54.904,32910.959,0.125,0.093,0.003,5.0,12,20210716T160000_12
2021-07-16T23:59:49.174,0.916,-162.196,55.301,61000.0,0.514,0.407,0.071,7.0,1,20210717T000000_1
2021-07-17T01:01:42.393,1.211,-161.46,55.387,46918.389,0.536,0.23,-0.009,11.0,2,20210717T000000_2
2021-07-17T01:02:07.526,1.33,-161.344,55.566,1855.67,0.259,0.086,0.015,3.899,3,20210717T000000_3
2021-07-17T01:13:00.851,1.039,-162.137,55.314,61000.0,0.814,0.296,-0.159,4.0,4,20210717T000000_4
2021-07-17T01:15:07.951,2.709,-161.008,54.902,61000.0,1.147,0.41,0.269,24.0,5,20210717T000000_5
2021-07-17T01:29:15.699,1.722,-161.005,55.026,59003.328,0.423,0.141,0.004,10.0,6,20210717T000000_6
2021-07-17T01:29:19.406,2.088,-161.006,54.989,61000.0,0.541,0.241,-0.004,10.942,7,20210717T000000_7
2021-07-17T01:29:46.422,1.008,-162.423,54.965,0.0,0.773,0.151,0.029,4.058,8,20210717T000000_8
2021-07-17T01:58:14.918,1.614,-161.005,55.048,61000.0,0.232,0.243,0.014,8.844,9,20210717T000000_9
2021-07-17T01:58:25.420,1.983,-162.554,54.919,61000.0,0.583,0.241,-0.068,4.073,10,20210717T000000_10
2021-07-17T02:40:48.836,1.1,-161.349,54.904,58169.632,0.41,0.217,-0.007,8.39,11,20210717T000000_11
2021-07-17T03:34:28.932,1.956,-162.347,55.145,61000.0,0.58,0.339,-0.056,9.874,12,20210717T000000_12
2021-07-17T04:54:57.698,1.702,-161.008,54.902,61000.0,0.338,0.169,0.011,11.0,13,20210717T000000_13
2021-07-17T04:55:06.223,1.985,-161.065,54.902,60132.429,0.656,0.248,-0.03,11.0,14,20210717T000000_14
2021-07-17T05:21:18.072,2.286,-161.16,54.903,54777.701,0.318,0.208,0.034,11.0,15,20210717T000000_15
2021-07-17T05:21:26.999,2.716,-161.204,54.903,54273.873,0.485,0.196,0.05,10.0,16,20210717T000000_16
2021-07-17T05:23:25.975,1.547,-160.995,55.483,61000.0,0.486,0.238,0.068,3.794,18,20210717T000000_18
2021-07-17T05:23:28.210,0.836,-160.996,55.438,0.0,0.629,0.276,0.048,3.967,17,20210717T000000_17
2021-07-17T06:51:04.530,0.223,-161.828,55.531,8666.792,0.197,0.379,0.005,8.0,19,20210717T000000_19
2021-07-17T07:17:06.100,1.025,-162.215,54.904,6843.624,0.176,0.493,0.017,8.947,20,20210717T000000_20
2021-07-17T07:17:18.317,1.21,-162.241,54.904,0.0,0.519,0.543,0.076,7.529,21,20210717T000000_21
2021-07-17T07:59:49.331,0.985,-162.044,55.021,61000.0,0.037,0.123,-0.002,4.0,1,20210717T080000_1
2021-07-17T08:17:36.956,1.162,-161.454,54.904,17314.238,0.074,0.175,0.005,3.938,2,20210717T080000_2
2021-07-17T09:06:56.965,1.615,-162.624,54.903,61000.0,0.764,0.236,-0.031,5.327,3,20210717T080000_3
2021-07-17T09:06:59.798,1.381,-161.835,54.905,58800.068,0.271,0.11,0.006,3.673,4,20210717T080000_4
2021-07-17T10:23:26.291,0.804,-162.708,54.902,19309.477,0.604,0.202,0.043,7.0,5,20210717T080000_5
2021-07-17T12:14:25.478,1.469,-161.115,54.902,53479.22,0.397,0.16,0.023,11.0,6,20210717T080000_6
2021-07-17T12:14:32.555,1.715,-161.02,54.902,61000.0,0.846,0.2,-0.075,10.0,7,20210717T080000_7
2021-07-17T15:42:26.085,2.077,-162.773,54.902,61000.0,0.963,0.388,-0.241,22.0,8,20210717T080000_8
2021-07-17T15:59:48.583,0.884,-162.302,55.432,61000.0,0.32,0.427,-0.087,5.0,1,20210717T160000_1
2021-07-17T18:07:21.057,1.312,-161.349,54.904,61000.0,0.534,0.098,0.007,5.0,2,20210717T160000_2
2021-07-17T20:27:25.850,0.181,-162.349,55.21,1963.33,0.031,0.32,0.0,5.0,3,20210717T160000_3
2021-07-17T20:29:19.900,1.784,-161.569,54.904,61000.0,0.512,0.346,-0.065,12.171,4,20210717T160000_4
2021-07-17T20:29:28.682,1.552,-161.613,54.905,26250.676,0.5,0.224,0.017,7.829,5,20210717T160000_5
2021-07-17T21:08:00.323,1.687,-161.683,55.225,61000.0,0.27,0.344,-0.03,6.8,6,20210717T160000_6
2021-07-17T21:47:27.667,1.103,-161.129,55.303,61000.0,0.624,0.333,-0.103,5.0,7,20210717T160000_7
2021-07-17T22:27:02.776,1.873,-161.428,54.904,51533.705,0.424,0.245,0.012,10.997,8,20210717T160000_8
2021-07-17T22:27:13.421,2.151,-161.564,54.904,60165.063,0.902,0.247,-0.047,11.967,9,20210717T160000_9
2021-07-17T23:59:49.458,0.853,-162.036,55.315,59174.151,0.0,0.418,-0.0,4.0,1,20210718T000000_1
2021-07-18T00:17:43.216,1.143,-161.281,54.903,61000.0,0.895,0.115,0.037,5.0,2,20210718T000000_2
2021-07-18T00:47:38.612,1.634,-162.045,54.974,61000.0,0.38,0.084,-0.001,5.905,3,20210718T000000_3
2021-07-18T01:01:12.034,0.63,-162.257,55.156,0.0,0.935,0.271,-0.136,4.0,4,20210718T000000_4
2021-07-18T01:01:55.331,2.139,-162.561,54.903,61000.0,0.953,0.423,-0.184,23.0,5,20210718T000000_5
2021-07-18T03:22:22.454,1.431,-161.504,54.904,61000.0,0.66,0.172,0.009,9.0,6,20210718T000000_6
2021-07-18T03:42:51.394,1.139,-161.428,54.904,41539.653,0.285,0.203,-0.016,5.976,7,20210718T000000_7
2021-07-18T03:43:03.911,0.997,-161.463,54.904,21698.947,0.662,0.176,0.059,5.0,8,20210718T000000_8
2021-07-18T05:26:36.009,0.647,-162.775,54.996,20289.965,0.454,0.331,0.05,7.0,9,20210718T000000_9
2021-07-18T07:26:44.498,1.32,-162.737,55.56,61000.0,0.086,0.063,-0.002,4.0,10,20210718T000000_10
2021-07-18T07:59:48.877,0.998,-162.172,55.317,61000.0,0.701,0.273,0.026,8.0,1,20210718T080000_1
2021-07-18T10:33:10.265,1.462,-161.064,55.742,61000.0,0.403,0.228,-0.042,5.0,2,20210718T080000_2
2021-07-18T11:27:22.071,1.784,-162.327,54.904,46862.699,0.846,0.404,-0.213,17.752,3,20210718T080000_3
2021-07-18T11:54:42.757,0.301,-162.284,54.904,11145.999,0.163,0.647,0.003,6.0,4,20210718T080000_4
2021-07-18T12:55:43.850,0.326,-161.847,55.235,0.0,0.107,0.433,0.01,3.93,5,20210718T080000_5
2021-07-18T13:01:04.480,0.838,-161.549,55.449,13005.785,0.309,0.181,0.008,21.0,6,20210718T080000_6
2021-07-18T14:33:38.241,0.691,-161.745,54.905,21996.924,0.162,0.064,0.002,7.0,7,20210718T080000_7
2021-07-18T15:22:36.631,2.818,-161.008,54.902,0.0,0.602,0.234,0.005,11.053,8,20210718T080000_8
2021-07-18T15:22:40.325,2.674,-162.709,54.902,24001.971,0.1,0.367,-0.015,4.46,9,20210718T080000_9
2021-07-18T15:22:41.860,2.971,-161.024,54.902,34792.108,0.189,0.177,-0.01,7.487,10,20210718T080000_10
2021-07-18T15:59:03.019,1.517,-161.005,55.029,40093.005,0.348,0.237,0.006,10.902,11,20210718T080000_11
2021-07-18T15:59:23.805,1.749,-161.005,55.042,27827.131,0.389,0.306,0.023,6.0,12,20210718T080000_12
2021-07-18T15:59:48.343,1.4,-162.352,55.365,61000.0,0.517,0.237,0.005,10.741,1,20210718T160000_1
2021-07-18T16:10:46.325,0.951,-161.331,55.328,31816.555,0.36,0.137,0.011,7.311,2,20210718T160000_2
2021-07-18T16:11:35.437,1.665,-162.394,55.921,61000.0,0.194,0.186,-0.001,3.965,4,20210718T160000_4
2021-07-18T16:11:36.302,1.036,-161.359,55.702,0.0,0.082,0.319,-0.006,4.035,3,20210718T160000_3
2021-07-18T17:08:14.349,1.368,-160.997,55.4,61000.0,0.315,0.24,0.01,10.828,5,20210718T160000_5
2021-07-18T17:08:22.218,1.592,-162.779,55.182,61000.0,0.354,0.192,-0.033,5.097,6,20210718T160000_6
2021-07-18T17:55:37.866,1.152,-161.245,54.903,41826.387,0.193,0.204,0.015,5.848,7,20210718T160000_7
2021-07-18T17:55:42.255,1.527,-162.256,55.921,61000.0,0.575,0.325,0.034,6.701,8,20210718T160000_8
2021-07-18T20:41:54.963,1.165,-161.006,54.991,32033.554,0.075,0.239,0.007,5.0,9,20210718T160000_9
2021-07-18T20:51:56.729,1.138,-161.724,55.056,685.501,0.8,0.097,0.028,4.0,10,20210718T160000_10
2021-07-18T22:16:36.690,1.415,-162.774,54.988,50756.407,0.425,0.411,0.009,7.826,11,20210718T160000_11
2021-07-18T22:16:46.861,1.206,-162.775,55.0,39929.985,0.433,0.473,0.005,6.875,12,20210718T160000_12
2021-07-18T22:45:31.145,-0.082,-162.27,54.981,0.0,0.78,0.608,0.07,6.0,13,20210718T160000_13
2021-07-18T23:53:02.018,-0.113,-162.301,55.012,430.607,0.018,0.599,0.001,4.0,14,20210718T160000_14
2021-07-18T23:59:48.723,1.259,-162.273,55.241,61000.0,0.306,0.362,0.029,9.0,1,20210719T000000_1
2021-07-19T00:00:36.328,1.22,-162.079,54.905,61000.0,0.825,0.148,0.028,7.0,2,20210719T000000_2
2021-07-19T01:07:30.518,1.644,-162.406,55.039,61000.0,0.246,0.247,-0.024,5.781,3,20210719T000000_3
2021-07-19T01:35:48.889,1.839,-160.987,55.85,61000.0,0.638,0.156,0.034,5.058,4,20210719T000000_4
2021-07-19T01:44:58.936,0.88,-162.342,55.268,0.0,0.969,0.439,-0.192,4.0,5,20210719T000000_5
2021-07-19T01:55:18.271,1.004,-161.445,54.904,61000.0,1.069,0.1,0.024,6.0,6,20210719T000000_6
2021-07-19T02:06:37.570,0.765,-162.719,54.902,19980.55,0.586,0.142,-0.011,7.0,7,20210719T000000_7
2021-07-19T02:15:33.771,-0.074,-161.705,55.452,0.0,0.68,0.418,0.186,4.0,8,20210719T000000_8
2021-07-19T02:44:33.705,0.877,-162.284,55.126,0.0,0.627,0.364,0.029,4.0,9,20210719T000000_9
2021-07-19T02:49:29.281,1.744,-162.208,54.904,61000.0,0.547,0.186,-0.018,9.931,10,20210719T000000_10
2021-07-19T03:05:34.426,0.741,-161.859,55.522,188.926,0.353,0.25,-0.004,4.0,11,20210719T000000_11
2021-07-19T03:45:29.778,1.668,-162.795,55.892,44637.257,0.391,0.277,-0.009,4.0,12,20210719T000000_12
2021-07-19T05:16:26.888,1.192,-161.519,55.919,0.0,0.924,0.312,-0.076,5.0,13,20210719T000000_13
2021-07-19T05:28:42.764,1.546,-162.773,54.902,56976.836,1.168,0.27,0.046,10.017,14,20210719T000000_14
2021-07-19T05:55:26.791,0.594,-162.143,55.227,0.0,0.942,0.357,-0.129,4.0,15,20210719T000000_15
2021-07-19T06:06:14.004,1.308,-161.007,54.966,0.0,0.619,0.266,-0.096,4.0,16,20210719T000000_16
2021-07-19T06:49:38.778,1.226,-161.366,54.968,61000.0,0.205,0.095,0.007,4.891,17,20210719T000000_17
2021-07-19T06:50:02.972,1.09,-162.744,55.296,1235.12,0.053,0.332,0.007,3.82,18,20210719T000000_18
2021-07-19T06:50:38.720,0.783,-162.128,55.162,38156.935,0.792,0.186,0.017,6.0,19,20210719T000000_19
2021-07-19T07:59:48.100,0.813,-162.468,55.36,61000.0,0.626,0.305,0.007,7.0,1,20210719T080000_1
2021-07-19T10:31:30.125,0.11,-161.97,55.381,0.0,0.448,0.28,-0.052,4.0,2,20210719T080000_2
2021-07-19T10:48:07.428,0.365,-161.761,55.442,15154.45,0.329,0.305,0.038,5.0,3,20210719T080000_3
2021-07-19T10:54:02.024,0.795,-161.771,55.372,9012.839,0.436,0.294,-0.005,7.784,4,20210719T080000_4
2021-07-19T11:01:13.441,1.931,-161.008,54.902,61000.0,1.072,0.287,0.196,19.706,5,20210719T080000_5
2021-07-19T11:01:37.331,1.055,-162.086,55.206,10896.295,0.573,0.188,0.046,6.291,6,20210719T080000_6
2021-07-19T11:02:03.864,2.007,-161.008,54.902,61000.0,0.602,0.233,0.106,13.059,7,20210719T080000_7
2021-07-19T11:02:12.187,2.241,-161.277,54.903,41919.349,0.467,0.228,-0.042,7.941,8,20210719T080000_8
2021-07-19T11:38:07.696,1.216,-162.773,54.902,61000.0,1.224,0.129,0.034,6.0,9,20210719T080000_9
2021-07-19T13:46:24.921,0.771,-162.293,54.904,7938.472,0.242,0.544,0.024,8.743,10,20210719T080000_10
2021-07-19T13:46:27.520,1.001,-161.511,54.904,0.0,0.567,0.315,-0.033,4.624,11,20210719T080000_11
2021-07-19T13:46:36.337,1.479,-162.229,54.904,21017.799,0.668,0.228,0.058,5.205,12,20210719T080000_12
2021-07-19T13:50:47.624,1.385,-162.773,54.902,61000.0,0.653,0.173,-0.043,5.0,13,20210719T080000_13
2021-07-19T13:53:47.909,0.417,-161.709,55.284,18692.355,0.074,0.243,-0.01,5.868,14,20210719T080000_14
2021-07-19T14:05:47.306,0.47,-162.467,55.226,0.0,1.053,0.262,-0.008,7.0,15,20210719T080000_15
2021-07-19T14:13:08.115,2.103,-162.777,55.094,61000.0,0.886,0.413,-0.112,20.0,16,20210719T080000_16
2021-07-19T15:59:48.177,0.995,-162.421,55.359,61000.0,0.589,0.362,0.049,13.0,1,20210719T160000_1
2021-07-19T16:35:01.009,1.224,-162.538,55.082,12547.308,0.0,0.192,-0.0,4.0,2,20210719T160000_2
2021-07-19T16:48:16.145,1.506,-162.181,55.921,37207.151,0.293,0.295,0.009,4.0,3,20210719T160000_3
2021-07-19T17:40:26.386,-0.303,-161.935,55.359,0.0,0.35,0.416,-0.043,5.0,4,20210719T160000_4
2021-07-19T18:54:42.941,1.245,-162.564,55.395,34802.515,0.133,0.446,0.013,5.0,5,20210719T160000_5
2021-07-19T20:07:10.296,1.578,-160.998,55.365,61000.0,0.96,0.392,-0.193,12.588,6,20210719T160000_6
2021-07-19T20:12:01.309,1.308,-161.473,54.904,54546.659,0.436,0.214,-0.012,7.0,7,20210719T160000_7
2021-07-19T20:12:14.545,1.434,-161.497,54.904,46191.087,0.551,0.16,-0.002,6.149,8,20210719T160000_8
2021-07-19T20:12:26.594,0.93,-162.207,55.332,28103.696,0.171,0.081,-0.015,3.851,9,20210719T160000_9
2021-07-19T22:44:05.691,1.581,-161.41,54.904,53274.645,0.386,0.178,0.025,9.0,10,20210719T160000_10
2021-07-19T22:44:19.284,1.792,-161.497,54.904,41542.297,0.633,0.157,0.008,9.0,11,20210719T160000_11
2021-07-19T23:59:48.926,1.155,-162.295,55.416,61000.0,0.517,0.345,-0.066,8.0,1,20210720T000000_1
2021-07-20T07:18:23.879,1.006,-161.63,54.905,22124.569,0.206,0.227,-0.008,5.423,2,20210720T000000_2
2021-07-20T07:59:49.479,1.22,-162.021,55.376,61000.0,0.102,0.463,-0.027,4.0,1,20210720T080000_1
2021-07-20T14:22:33.495,1.732,-162.774,54.973,61000.0,0.941,0.281,0.037,4.0,2,20210720T080000_2
2021-07-20T15:35:09.134,1.524,-162.783,55.378,61000.0,0.732,0.077,0.023,4.0,3,20210720T080000_3
2021-07-20T15:48:00.436,1.258,-162.773,54.902,61000.0,0.039,0.141,0.002,4.0,4,20210720T080000_4
2021-07-20T20:46:36.317,0.076,-162.344,54.989,0.0,0.655,0.76,0.197,3.998,1,20210720T160000_1
2021-07-20T22:44:26.709,1.247,-162.773,54.902,61000.0,1.275,0.162,-0.07,4.0,2,20210720T160000_2
2021-07-20T23:59:49.057,1.153,-162.111,55.287,61000.0,0.232,0.182,0.02,6.0,1,20210721T000000_1
2021-07-21T03:03:09.252,2.358,-162.773,54.902,61000.0,0.949,0.265,-0.058,22.0,2,20210721T000000_2
2021-07-21T03:58:00.655,1.566,-162.146,54.905,61000.0,0.776,0.135,0.008,7.0,3,20210721T000000_3
2021-07-21T04:05:49.118,1.865,-161.008,54.902,61000.0,0.74,0.245,-0.011,17.0,4,20210721T000000_4
2021-07-21T06:38:54.091,1.934,-161.172,54.903,49269.782,0.357,0.15,0.015,11.931,5,20210721T000000_5
2021-07-21T06:39:04.344,1.984,-161.337,54.946,41683.204,0.978,0.221,-0.033,11.997,6,20210721T000000_6
2021-07-21T06:50:46.577,1.328,-161.673,55.192,35745.768,0.339,0.123,-0.007,6.874,7,20210721T000000_7
2021-07-21T07:59:48.690,1.093,-161.924,55.202,61000.0,0.389,0.337,0.06,5.0,1,20210721T080000_1
2021-07-21T09:29:29.545,1.641,-162.773,54.902,61000.0,1.129,0.169,0.008,7.0,2,20210721T080000_2
2021-07-21T12:41:46.434,1.838,-162.773,54.902,61000.0,1.087,0.228,0.165,9.005,3,20210721T080000_3
2021-07-21T15:59:48.946,1.299,-162.177,55.258,61000.0,0.445,0.308,0.037,8.0,1,20210721T160000_1
2021-07-21T20:31:49.701,2.217,-162.504,54.903,61000.0,0.834,0.447,-0.316,19.0,2,20210721T160000_2
2021-07-21T23:59:49.249,1.313,-162.059,55.275,61000.0,0.19,0.348,-0.033,7.0,1,20210722T000000_1
2021-07-22T00:25:04.884,1.347,-161.006,54.994,44923.517,0.449,0.255,0.015,4.39,2,20210722T000000_2
2021-07-22T00:25:21.825,1.493,-162.106,55.702,0.0,0.478,0.322,-0.011,4.901,3,20210722T000000_3
2021-07-22T01:40:13.413,3.644,-161.574,54.904,61000.0,0.803,0.326,-0.147,21.0,4,20210722T000000_4
2021-07-22T06:48:09.224,1.211,-161.224,55.701,0.0,0.827,0.269,-0.082,5.0,5,20210722T000000_5
2021-07-22T07:22:37.917,1.972,-162.773,54.902,61000.0,1.161,0.117,0.039,12.0,6,20210722T000000_6
2021-07-22T07:28:18.185,1.74,-161.008,54.902,61000.0,1.246,0.175,0.114,8.0,7,20210722T000000_7
2021-07-22T07:59:48.582,1.368,-162.274,55.267,61000.0,0.297,0.326,-0.017,8.0,1,20210722T080000_1
2021-07-22T09:04:44.256,0.132,-161.948,55.274,6550.623,0.408,0.35,0.021,8.0,2,20210722T080000_2
2021-07-22T13:12:53.639,2.315,-162.202,54.905,376.897,0.438,0.667,0.062,10.874,3,20210722T080000_3
2021-07-22T13:13:17.920,2.37,-162.207,55.186,0.0,0.899,0.512,-0.173,4.833,4,20210722T080000_4
2021-07-22T14:22:10.150,1.15,-162.288,54.976,0.0,0.555,0.423,0.067,8.707,5,20210722T080000_5
2021-07-22T14:22:21.912,1.759,-162.395,54.904,29004.702,0.599,0.256,-0.019,5.895,6,20210722T080000_6
2021-07-22T15:24:46.948,0.031,-161.922,55.159,0.0,0.009,0.38,-0.0,4.0,7,20210722T080000_7
2021-07-22T15:54:08.743,1.293,-162.137,55.028,0.0,0.67,0.229,-0.078,5.0,8,20210722T080000_8
2021-07-22T20:06:24.281,1.498,-162.782,55.331,61000.0,0.933,0.194,-0.042,5.968,1,20210722T160000_1
2021-07-22T22:02:50.536,1.456,-162.306,55.135,3855.891,0.552,0.353,-0.024,23.0,2,20210722T160000_2
2021-07-22T22:11:02.447,0.452,-162.205,54.905,0.0,0.485,0.531,0.019,6.0,3,20210722T160000_3
2021-07-22T22:11:17.323,0.889,-162.531,54.903,0.0,0.577,0.395,0.076,4.0,4,20210722T160000_4
2021-07-22T23:59:49.180,1.513,-162.212,55.37,61000.0,0.314,0.432,0.014,9.0,1,20210723T000000_1
2021-07-23T09:54:24.328,1.394,-162.773,54.902,61000.0,1.002,0.207,0.043,5.566,1,20210723T080000_1
2021-07-23T12:04:31.254,1.224,-161.464,55.214,12845.434,0.0,0.211,0.0,4.0,2,20210723T080000_2
2021-07-23T12:09:54.623,1.207,-161.709,55.285,33134.492,0.076,0.252,0.005,5.0,3,20210723T080000_3
2021-07-23T12:49:29.981,0.655,-161.487,55.108,221.686,0.333,0.515,0.19,5.0,4,20210723T080000_4
2021-07-23T12:49:55.027,-1.401,-161.804,55.382,0.0,0.027,0.975,-0.003,3.825,5,20210723T080000_5
2021-07-23T15:59:48.579,1.392,-162.063,55.207,61000.0,0.191,0.306,0.022,4.0,1,20210723T160000_1
2021-07-23T16:49:51.562,1.656,-162.773,54.902,61000.0,0.821,0.031,-0.002,4.0,2,20210723T160000_2
2021-07-23T17:05:47.963,1.444,-161.955,55.738,7299.179,0.398,0.307,0.027,13.0,3,20210723T160000_3
2021-07-23T18:32:34.281,0.177,-161.777,55.462,0.0,0.581,0.434,0.069,4.0,4,20210723T160000_4
2021-07-23T21:00:01.136,1.922,-161.975,54.905,0.0,0.529,0.202,-0.044,3.914,5,20210723T160000_5
2021-07-23T22:14:10.153,1.205,-161.4,54.904,28417.947,0.039,0.264,0.001,4.0,6,20210723T160000_6
2021-07-23T22:52:11.700,1.498,-161.387,54.904,27763.145,0.285,0.281,0.025,9.0,7,20210723T160000_7
2021-07-23T22:52:21.590,1.67,-161.496,54.904,50122.483,0.604,0.247,-0.053,10.0,8,20210723T160000_8
2021-07-23T23:59:49.138,1.114,-162.179,55.35,61000.0,0.226,0.485,0.001,5.0,1,20210724T000000_1
2021-07-24T00:23:33.753,1.887,-162.759,54.902,61000.0,0.782,0.519,0.013,11.867,2,20210724T000000_2
2021-07-24T01:26:21.122,0.882,-161.921,55.745,0.0,0.28,0.255,-0.008,6.0,3,20210724T000000_3
2021-07-24T02:11:21.789,1.393,-161.466,54.904,33091.878,0.147,0.185,0.01,6.0,4,20210724T000000_4
2021-07-24T02:11:37.959,1.226,-161.595,54.905,19065.252,0.555,0.17,-0.043,4.611,5,20210724T000000_5
2021-07-24T05:02:07.808,1.338,-162.773,54.902,61000.0,0.735,0.252,-0.15,12.0,6,20210724T000000_6
2021-07-24T07:59:49.383,1.192,-161.935,55.206,61000.0,0.375,0.45,-0.096,3.795,1,20210724T080000_1
2021-07-24T09:23:57.154,1.4,-161.257,54.903,0.0,0.944,0.332,-0.056,9.411,3,20210724T080000_3
2021-07-24T09:23:59.109,1.242,-162.758,54.991,0.0,0.222,0.282,-0.003,4.589,2,20210724T080000_2
2021-07-24T09:24:05.635,1.406,-161.584,54.905,32155.165,0.346,0.235,-0.05,6.0,4,20210724T080000_4
2021-07-24T13:08:45.309,0.396,-162.255,55.262,0.0,0.293,0.13,-0.008,3.769,5,20210724T080000_5
2021-07-24T13:15:17.194,1.584,-161.66,55.259,44251.52,0.428,0.295,-0.034,8.866,6,20210724T080000_6
2021-07-24T13:22:54.052,1.332,-161.835,55.353,35763.783,0.28,0.31,-0.028,6.879,7,20210724T080000_7
2021-07-24T14:37:48.314,1.668,-161.33,54.904,44584.246,0.392,0.19,0.019,11.0,8,20210724T080000_8
2021-07-24T14:37:59.728,1.684,-161.338,54.904,22027.515,0.763,0.137,0.047,10.0,9,20210724T080000_9
2021-07-24T14:48:59.932,1.64,-162.174,54.905,61000.0,0.743,0.349,0.127,15.002,10,20210724T080000_10
2021-07-24T14:49:13.939,1.925,-162.281,54.904,33868.151,0.294,0.263,0.005,5.012,11,20210724T080000_11
2021-07-24T14:49:28.464,1.209,-161.84,55.141,448.377,0.506,0.282,0.035,5.985,12,20210724T080000_12
2021-07-24T17:14:27.105,0.397,-161.467,55.617,0.0,0.49,0.327,-0.101,9.0,1,20210724T160000_1
2021-07-24T17:27:41.917,0.773,-161.838,55.425,23466.928,0.7,0.49,0.165,7.0,2,20210724T160000_2
2021-07-24T17:53:31.165,0.935,-162.706,54.902,30179.975,0.503,0.245,0.021,6.0,3,20210724T160000_3
2021-07-24T18:34:32.132,1.119,-161.579,55.033,61000.0,0.044,0.308,-0.006,4.0,4,20210724T160000_4
2021-07-24T18:53:47.779,0.803,-161.907,55.107,18437.964,0.562,0.312,-0.072,10.92,5,20210724T160000_5
2021-07-24T18:54:03.800,1.039,-161.913,54.905,36218.911,0.797,0.195,0.02,5.0,6,20210724T160000_6
2021-07-24T21:20:36.233,1.518,-161.004,55.092,54054.449,0.475,0.19,0.002,11.66,7,20210724T160000_7
2021-07-24T21:20:43.289,1.974,-162.26,55.921,61000.0,0.711,0.28,0.018,7.277,8,20210724T160000_8
2021-07-24T22:52:32.121,1.319,-162.773,54.902,61000.0,1.124,0.143,0.071,8.0,9,20210724T160000_9
2021-07-24T23:24:55.780,0.721,-161.736,55.331,57722.989,0.653,0.353,0.096,5.0,10,20210724T160000_10
2021-07-24T23:34:55.379,1.521,-161.474,54.904,61000.0,0.804,0.175,-0.012,13.0,11,20210724T160000_11
2021-07-24T23:59:49.402,0.869,-161.943,55.522,61000.0,0.259,0.305,0.009,4.77,1,20210725T000000_1
2021-07-25T02:34:29.066,-0.227,-161.883,55.434,0.0,0.003,0.367,0.0,4.0,2,20210725T000000_2
2021-07-25T03:05:50.027,1.319,-161.088,54.902,55440.996,0.282,0.188,-0.005,10.0,3,20210725T000000_3
2021-07-25T03:06:02.423,1.559,-161.288,54.903,46949.26,0.52,0.191,-0.011,9.0,4,20210725T000000_4
2021-07-25T03:23:09.178,1.687,-162.773,54.902,61000.0,1.183,0.254,-0.105,18.799,5,20210725T000000_5
2021-07-25T03:45:13.541,-0.253,-162.347,55.0,357.967,0.007,0.681,0.001,4.0,6,20210725T000000_6
2021-07-25T03:45:26.616,0.951,-162.641,54.903,17005.57,0.436,0.381,0.006,4.947,7,20210725T000000_7
2021-07-25T05:01:30.069,1.133,-162.773,54.902,61000.0,1.181,0.021,0.012,5.0,8,20210725T000000_8
2021-07-25T05:31:42.572,1.111,-162.082,55.301,53899.36,0.709,0.248,0.002,10.0,9,20210725T000000_9
2021-07-25T05:32:57.507,0.82,-161.728,55.189,39375.907,0.0,0.193,-0.0,4.0,10,20210725T000000_10
2021-07-25T06:24:45.210,1.058,-161.529,54.904,30278.004,0.285,0.189,0.014,7.0,11,20210725T000000_11
2021-07-25T06:24:55.270,1.291,-161.526,54.904,47487.165,0.629,0.233,-0.034,8.0,12,20210725T000000_12
2021-07-25T06:26:16.241,1.332,-161.407,54.904,51612.012,0.395,0.2,-0.002,11.0,13,20210725T000000_13
2021-07-25T06:26:29.306,1.517,-161.48,54.904,44541.694,0.651,0.261,-0.002,10.0,14,20210725T000000_14
2021-07-25T08:04:09.898,1.3,-162.774,54.954,61000.0,0.424,0.166,0.023,5.0,1,20210725T080000_1
2021-07-25T08:04:17.962,1.389,-162.198,54.905,61000.0,0.694,0.177,0.06,4.0,2,20210725T080000_2
2021-07-25T09:27:14.293,0.692,-162.219,55.26,36599.126,0.0,0.213,-0.0,3.822,3,20210725T080000_3
2021-07-25T09:49:18.498,1.207,-161.041,54.902,53530.112,0.324,0.198,-0.012,7.968,4,20210725T080000_4
2021-07-25T09:49:46.152,0.462,-161.957,55.24,22344.219,0.69,0.186,0.001,5.811,5,20210725T080000_5
2021-07-25T10:02:24.739,1.288,-160.993,55.579,61000.0,0.715,0.3,0.035,5.927,6,20210725T080000_6
2021-07-25T10:21:46.274,1.289,-161.008,54.902,55504.923,0.417,0.172,0.004,10.958,7,20210725T080000_7
2021-07-25T10:21:54.661,1.439,-161.039,54.902,54725.701,0.67,0.146,0.013,8.901,8,20210725T080000_8
2021-07-25T10:32:21.772,0.894,-161.367,54.904,32243.043,0.484,0.18,-0.015,5.494,9,20210725T080000_9
2021-07-25T12:04:53.912,0.766,-162.343,55.532,0.0,0.298,0.362,0.024,5.0,10,20210725T080000_10
2021-07-25T12:08:53.158,0.974,-161.752,55.009,0.0,0.725,0.294,-0.072,6.0,11,20210725T080000_11
2021-07-25T12:12:45.583,0.743,-161.48,55.219,0.0,1.003,0.266,-0.001,8.0,12,20210725T080000_12
2021-07-25T12:23:15.297,0.794,-162.016,55.105,0.0,0.455,0.333,-0.066,6.0,13,20210725T080000_13
2021-07-25T12:27:52.104,0.678,-161.933,55.076,0.0,0.664,0.329,-0.129,5.0,14,20210725T080000_14
2021-07-25T12:38:52.956,1.135,-161.317,54.904,53722.403,0.248,0.154,0.013,6.0,15,20210725T080000_15
2021-07-25T12:39:04.105,1.238,-161.422,54.904,53502.1,0.53,0.238,0.002,6.0,16,20210725T080000_16
2021-07-25T12:47:35.115,1.56,-161.008,54.905,61000.0,0.431,0.158,0.003,11.0,17,20210725T080000_17
2021-07-25T12:47:45.484,1.857,-161.158,54.903,53892.566,0.57,0.174,0.012,11.0,18,20210725T080000_18
2021-07-25T13:57:57.925,0.868,-161.427,54.904,0.0,0.18,0.108,0.009,3.933,19,20210725T080000_19
2021-07-25T14:39:58.259,1.388,-162.773,54.902,59708.256,1.0,0.276,0.038,14.025,20,20210725T080000_20
2021-07-25T14:40:12.664,1.097,-162.777,55.091,23734.089,0.376,0.383,-0.086,3.975,21,20210725T080000_21
2021-07-25T15:53:46.244,0.349,-162.225,55.346,0.0,0.942,0.312,-0.158,4.0,22,20210725T080000_22
2021-07-25T16:25:01.768,1.638,-162.288,54.904,15544.881,0.148,0.258,0.017,9.652,1,20210725T160000_1
2021-07-25T16:25:03.869,2.546,-162.459,54.904,48670.862,0.248,0.2,-0.028,4.024,2,20210725T160000_2
2021-07-25T16:25:27.477,0.47,-161.842,55.332,7242.633,0.133,0.202,0.006,5.975,3,20210725T160000_3
2021-07-25T17:25:25.183,1.205,-161.232,54.903,53428.895,0.284,0.074,0.009,4.0,4,20210725T160000_4
2021-07-25T18:15:22.462,0.869,-161.79,54.905,61000.0,0.756,0.052,0.001,5.999,5,20210725T160000_5
2021-07-25T18:59:24.752,0.301,-162.023,54.927,3970.099,0.018,0.164,0.0,4.0,6,20210725T160000_6
2021-07-25T19:30:38.357,1.212,-161.002,55.174,61000.0,0.882,0.118,0.001,8.0,7,20210725T160000_7
2021-07-25T19:36:07.215,0.333,-161.834,55.199,9148.97,0.0,0.371,0.0,4.0,8,20210725T160000_8
2021-07-25T20:33:49.685,0.931,-161.316,55.246,0.0,0.437,0.21,0.132,5.0,9,20210725T160000_9
2021-07-25T20:36:30.369,1.037,-161.804,55.431,25730.518,0.445,0.267,-0.04,7.784,10,20210725T160000_10
2021-07-25T22:15:12.282,1.084,-161.415,54.904,40675.023,0.396,0.268,-0.03,5.907,11,20210725T160000_11
2021-07-25T22:15:34.314,0.902,-162.151,55.258,43344.637,0.0,0.057,-0.0,3.776,12,20210725T160000_12
2021-07-25T23:50:12.197,0.213,-162.345,54.969,15467.865,0.209,0.506,0.014,4.961,13,20210725T160000_13
2021-07-25T23:51:52.605,0.129,-162.317,54.982,8728.858,0.0,0.399,0.0,4.0,14,20210725T160000_14
2021-07-26T01:08:43.094,-0.312,-161.808,55.414,0.0,0.785,0.528,-0.184,4.0,1,20210726T000000_1
2021-07-26T02:56:39.102,0.146,-162.066,55.275,0.0,0.889,0.202,-0.102,4.0,2,20210726T000000_2
2021-07-26T03:54:54.438,1.169,-161.372,54.904,35028.172,0.248,0.226,-0.011,7.929,3,20210726T000000_3
2021-07-26T03:55:08.023,1.156,-161.836,55.032,61000.0,0.424,0.195,0.0,5.831,4,20210726T000000_4
2021-07-26T04:04:17.816,0.916,-162.526,55.179,14726.101,0.576,0.27,-0.08,4.0,5,20210726T000000_5
2021-07-26T04:51:59.051,0.014,-162.141,54.978,0.0,0.193,0.265,-0.01,3.756,6,20210726T000000_6
2021-07-26T05:37:54.139,0.067,-162.337,54.994,458.975,0.236,0.858,0.023,4.0,7,20210726T000000_7
2021-07-26T07:02:46.386,1.48,-161.0,55.283,61000.0,1.141,0.258,-0.033,16.0,8,20210726T000000_8
2021-07-26T07:39:32.213,0.819,-161.999,55.263,28312.282,0.867,0.257,-0.266,10.998,9,20210726T000000_9
2021-07-26T07:59:47.993,0.991,-162.413,55.326,61000.0,0.392,0.374,-0.035,5.0,1,20210726T080000_1
2021-07-26T08:11:20.004,0.325,-161.898,55.149,8798.222,0.3,0.189,0.004,6.0,2,20210726T080000_2
2021-07-26T08:11:25.251,1.294,-161.439,54.904,36517.518,0.41,0.207,-0.01,7.0,3,20210726T080000_3
2021-07-26T09:47:47.426,1.219,-162.488,54.903,61000.0,0.603,0.257,0.059,4.0,4,20210726T080000_4
2021-07-26T11:28:51.080,0.227,-161.685,55.553,9693.138,0.483,0.347,-0.071,6.0,5,20210726T080000_5
2021-07-26T12:21:15.281,1.732,-162.735,55.17,61000.0,0.527,0.416,0.061,7.0,6,20210726T080000_6
2021-07-26T15:59:49.013,1.079,-162.101,55.309,61000.0,0.057,0.436,-0.011,4.0,1,20210726T160000_1
2021-07-26T16:16:04.053,1.311,-162.106,55.179,61000.0,0.255,0.232,0.035,5.894,2,20210726T160000_2
2021-07-26T16:27:53.749,1.582,-162.233,54.904,61000.0,1.106,0.173,0.048,5.0,3,20210726T160000_3
2021-07-26T18:28:37.170,2.289,-162.143,54.905,61000.0,0.514,0.413,-0.091,20.0,4,20210726T160000_4
2021-07-26T22:36:55.129,1.082,-161.468,54.904,36764.463,0.15,0.243,0.004,5.0,5,20210726T160000_5
2021-07-26T23:04:32.754,1.503,-161.145,54.903,47907.385,0.238,0.293,-0.007,6.994,6,20210726T160000_6
2021-07-26T23:04:49.700,1.296,-162.459,54.904,5035.746,0.646,0.204,-0.049,3.963,7,20210726T160000_7
2021-07-27T00:32:34.262,1.319,-161.343,55.558,37276.741,0.307,0.281,-0.006,7.0,1,20210727T000000_1
2021-07-27T00:59:00.422,1.466,-162.426,54.904,61000.0,0.744,0.175,-0.015,11.0,2,20210727T000000_2
2021-07-27T03:17:58.770,1.855,-161.571,54.904,61000.0,0.645,0.305,-0.014,14.172,3,20210727T000000_3
2021-07-27T03:50:13.373,1.759,-161.104,54.902,61000.0,0.684,0.17,0.023,12.18,4,20210727T000000_4
2021-07-27T03:50:23.567,2.007,-161.372,54.904,35168.546,0.721,0.289,-0.025,9.82,5,20210727T000000_5
2021-07-27T04:22:57.016,1.489,-161.006,55.003,46022.085,0.367,0.225,-0.014,7.707,6,20210727T000000_6
2021-07-27T04:23:03.511,1.653,-162.516,54.903,49279.567,0.43,0.291,-0.049,5.316,7,20210727T000000_7
2021-07-27T04:23:25.235,0.627,-162.644,55.065,6918.996,0.061,0.124,-0.0,4.822,8,20210727T000000_8
2021-07-27T05:19:47.656,1.199,-161.771,55.631,61000.0,0.238,0.389,-0.0,6.978,9,20210727T000000_9
2021-07-27T07:59:49.024,1.15,-162.146,55.265,61000.0,0.37,0.31,-0.005,9.893,1,20210727T080000_1
2021-07-27T08:31:01.779,1.754,-161.723,55.077,39872.211,0.73,0.528,-0.091,9.0,2,20210727T080000_2
2021-07-27T08:44:35.229,-0.534,-161.874,55.331,0.0,0.635,0.525,0.036,4.0,3,20210727T080000_3
2021-07-27T08:47:43.100,1.544,-161.003,55.14,61000.0,0.838,0.205,-0.014,4.0,4,20210727T080000_4
2021-07-27T10:37:11.744,1.688,-161.262,55.539,61000.0,0.48,0.356,0.031,15.545,5,20210727T080000_5
2021-07-27T12:12:37.199,2.822,-161.702,54.905,61000.0,0.994,0.36,-0.158,22.0,6,20210727T080000_6
2021-07-27T12:17:42.966,1.428,-161.602,54.905,61000.0,0.675,0.165,0.049,9.0,7,20210727T080000_7
2021-07-27T12:28:41.535,0.223,-162.048,55.253,13955.87,0.035,0.306,-0.001,4.906,8,20210727T080000_8
2021-07-27T13:14:27.286,1.289,-161.004,55.103,26030.792,0.037,0.082,-0.001,4.0,9,20210727T080000_9
2021-07-27T14:26:33.884,0.899,-161.752,55.622,61000.0,0.493,0.394,-0.053,6.0,10,20210727T080000_10
2021-07-27T15:00:46.855,1.119,-161.014,54.902,52335.371,0.232,0.326,0.025,4.932,11,20210727T080000_11
2021-07-27T15:07:22.495,0.898,-161.978,54.968,0.0,0.329,0.336,-0.052,4.0,12,20210727T080000_12
2021-07-27T15:59:49.409,1.174,-161.947,55.27,61000.0,0.308,0.282,-0.001,8.857,1,20210727T160000_1
2021-07-27T16:43:32.205,1.268,-161.352,55.92,0.0,0.536,0.348,-0.119,4.0,2,20210727T160000_2
2021-07-27T20:03:18.754,1.191,-161.097,55.289,51920.327,0.253,0.27,0.028,4.776,3,20210727T160000_3
2021-07-27T20:04:43.643,0.596,-161.813,55.28,17074.095,0.831,0.386,0.067,7.0,4,20210727T160000_4
2021-07-27T20:20:50.250,1.556,-162.269,54.904,2799.723,0.395,0.468,0.022,9.563,5,20210727T160000_5
2021-07-27T20:21:08.408,2.174,-162.774,54.973,293.471,0.632,0.326,-0.036,6.964,6,20210727T160000_6
2021-07-27T23:12:29.125,1.319,-162.773,54.928,43873.743,0.567,0.191,0.029,10.962,7,20210727T160000_7
2021-07-27T23:59:49.402,1.149,-162.089,55.35,61000.0,0.237,0.317,0.02,9.0,1,20210728T000000_1
2021-07-28T01:31:19.472,1.387,-161.456,54.904,56644.275,0.225,0.133,0.018,7.0,2,20210728T000000_2
2021-07-28T02:44:27.433,1.457,-161.168,54.903,0.0,0.981,0.339,-0.205,4.0,3,20210728T000000_3
2021-07-28T03:49:02.347,0.722,-161.592,55.512,19322.832,0.0,0.412,-0.0,4.0,4,20210728T000000_4
2021-07-28T07:59:48.484,1.044,-162.401,55.421,61000.0,0.393,0.415,0.003,8.0,1,20210728T080000_1
2021-07-28T11:54:48.218,1.859,-162.773,54.902,17522.352,0.628,0.334,-0.049,9.612,2,20210728T080000_2
2021-07-28T11:54:55.203,1.758,-162.495,54.903,0.0,0.208,0.352,0.025,7.388,3,20210728T080000_3
2021-07-28T12:51:41.294,0.691,-162.044,55.231,16732.753,0.036,0.34,-0.002,4.0,4,20210728T080000_4
2021-07-28T13:28:20.621,1.886,-162.773,54.902,61000.0,0.747,0.173,0.024,8.857,5,20210728T080000_5
2021-07-28T15:34:12.962,1.46,-162.775,55.029,28594.79,0.649,0.252,-0.005,8.749,6,20210728T080000_6
2021-07-28T15:35:11.910,0.338,-162.258,55.006,0.0,0.434,0.53,0.043,5.985,7,20210728T080000_7
2021-07-28T16:10:08.701,1.724,-162.773,54.902,61000.0,0.981,0.174,0.032,6.962,1,20210728T160000_1
2021-07-28T18:27:57.219,0.842,-162.475,54.904,13719.195,0.09,0.342,0.0,4.0,2,20210728T160000_2
2021-07-28T21:12:14.622,1.926,-161.537,54.996,61000.0,0.339,0.294,0.007,15.618,3,20210728T160000_3
2021-07-28T22:18:57.364,1.653,-161.965,55.922,48415.204,0.205,0.266,0.007,3.958,4,20210728T160000_4
2021-07-29T04:56:16.560,1.196,-161.149,54.903,25827.393,0.172,0.205,0.017,3.997,1,20210729T000000_1
2021-07-29T05:47:12.168,1.842,-162.773,54.902,56641.289,1.143,0.175,0.024,9.767,2,20210729T000000_2
2021-07-29T05:49:48.384,2.031,-161.0,55.27,61000.0,0.172,0.386,0.026,5.533,4,20210729T000000_4
2021-07-29T05:49:49.259,1.81,-161.41,55.673,61000.0,0.28,0.454,-0.028,5.05,5,20210729T000000_5
2021-07-29T05:49:50.084,1.836,-162.773,54.902,61000.0,1.041,0.16,0.119,6.05,3,20210729T000000_3
2021-07-29T06:16:12.066,4.95,-160.998,55.375,52839.179,0.743,0.44,0.21,7.0,6,20210729T000000_6
2021-07-29T06:16:33.457,6.164,-161.11,55.534,61000.0,0.67,0.327,-0.136,5.0,7,20210729T000000_7
2021-07-29T06:20:23.864,4.873,-161.92,54.905,46965.713,0.502,0.103,-0.007,5.336,8,20210729T000000_8
2021-07-29T06:24:01.266,4.814,-161.931,55.71,61000.0,1.015,0.3,0.091,6.355,9,20210729T000000_9
2021-07-29T06:24:36.434,4.207,-161.424,55.256,0.0,0.531,0.483,-0.055,4.0,10,20210729T000000_10
2021-07-29T06:29:32.450,1.801,-161.899,55.361,0.0,0.316,0.742,0.136,4.0,11,20210729T000000_11
2021-07-29T06:33:07.004,3.987,-161.123,55.333,54439.034,0.404,0.448,0.029,11.979,12,20210729T000000_12
2021-07-29T06:33:43.761,4.332,-161.003,55.119,44799.755,0.598,0.41,-0.121,6.0,13,20210729T000000_13
2021-07-29T06:37:19.303,1.622,-161.789,55.409,37.082,0.44,0.575,-0.073,4.002,14,20210729T000000_14
2021-07-29T06:37:19.718,2.919,-161.803,55.105,0.0,0.549,0.402,0.075,3.998,15,20210729T000000_15
2021-07-29T06:39:02.455,2.351,-161.358,55.065,1036.131,0.135,0.35,0.002,3.972,16,20210729T000000_16
2021-07-29T06:45:46.361,3.218,-161.329,55.263,819.528,0.911,0.5,0.201,9.0,17,20210729T000000_17
2021-07-29T06:47:56.384,2.94,-161.613,55.391,32458.467,0.657,0.515,-0.019,11.57,18,20210729T000000_18
2021-07-29T06:53:58.129,3.333,-160.997,55.414,61000.0,0.766,0.583,0.028,14.718,19,20210729T000000_19
2021-07-29T06:54:34.015,3.336,-160.993,55.557,45150.669,0.869,0.53,0.612,5.999,20,20210729T000000_20
2021-07-29T06:57:34.206,2.721,-160.996,55.448,50584.176,0.261,0.665,0.02,8.0,21,20210729T000000_21
2021-07-29T07:03:46.149,1.353,-161.297,55.691,0.0,0.759,0.692,0.561,6.0,22,20210729T000000_22
2021-07-29T07:10:12.305,0.557,-161.751,55.393,0.0,0.041,0.898,0.013,4.0,23,20210729T000000_23
2021-07-29T07:10:31.998,1.967,-161.495,55.427,0.0,0.641,0.896,-0.121,5.0,24,20210729T000000_24
2021-07-29T07:11:45.043,3.468,-161.001,55.232,61000.0,0.735,0.427,0.068,12.0,25,20210729T000000_25
2021-07-29T07:12:01.917,3.521,-161.004,55.069,47058.556,0.771,0.342,0.03,9.815,26,20210729T000000_26
2021-07-29T07:20:23.447,2.826,-160.999,55.296,61000.0,0.171,0.472,-0.03,7.0,27,20210729T000000_27
2021-07-29T07:20:48.990,2.712,-162.64,55.212,0.0,0.402,0.545,-0.113,4.001,28,20210729T000000_28
2021-07-29T07:21:49.285,1.527,-161.464,55.373,29611.912,0.0,0.768,-0.0,4.0,29,20210729T000000_29
2021-07-29T07:22:48.321,2.502,-161.474,55.176,15427.502,0.391,0.314,0.019,10.928,30,20210729T000000_30
2021-07-29T07:23:15.274,3.24,-160.994,55.515,850.659,0.433,0.323,-0.512,7.422,31,20210729T000000_31
2021-07-29T07:27:35.360,2.265,-161.662,55.322,61000.0,0.707,0.688,0.093,5.0,32,20210729T000000_32
2021-07-29T07:28:07.620,2.335,-161.589,55.156,0.0,0.489,0.398,0.04,3.644,33,20210729T000000_33
2021-07-29T07:30:21.115,1.511,-161.533,55.275,30469.187,0.548,0.649,-0.051,5.566,34,20210729T000000_34
2021-07-29T07:31:50.020,2.514,-161.37,55.375,47056.289,0.614,0.737,0.045,9.0,35,20210729T000000_35
2021-07-29T07:33:03.458,3.179,-161.397,55.345,54853.517,0.697,0.254,0.011,18.0,36,20210729T000000_36
2021-07-29T07:33:44.096,2.692,-161.516,55.259,0.0,0.164,0.542,0.013,4.867,37,20210729T000000_37
2021-07-29T07:35:17.488,2.176,-161.875,55.182,21008.475,0.421,0.257,0.04,4.894,38,20210729T000000_38
2021-07-29T07:39:32.501,1.056,-161.059,55.284,47101.756,0.0,0.14,-0.0,4.0,39,20210729T000000_39
2021-07-29T07:42:29.815,0.108,-161.774,55.38,0.0,0.423,0.914,0.224,4.0,40,20210729T000000_40
2021-07-29T07:46:56.424,2.868,-161.085,55.254,61000.0,0.32,0.398,0.028,8.583,41,20210729T000000_41
2021-07-29T07:47:18.220,2.92,-161.056,55.184,31346.153,0.356,0.409,-0.048,7.985,42,20210729T000000_42
2021-07-29T07:50:25.390,3.215,-160.999,55.291,61000.0,0.326,0.296,0.002,10.943,43,20210729T000000_43
2021-07-29T07:59:48.972,3.086,-161.541,55.204,61000.0,0.516,0.262,0.067,7.462,2,20210729T080000_2
2021-07-29T07:59:52.699,2.507,-162.271,55.419,34614.33,0.53,0.454,-0.034,14.538,1,20210729T080000_1
2021-07-29T08:03:24.362,2.859,-162.513,55.479,61000.0,0.45,0.213,0.029,7.961,4,20210729T080000_4
2021-07-29T08:03:27.660,2.164,-161.289,55.262,3477.758,0.529,0.637,0.11,8.039,3,20210729T080000_3
2021-07-29T08:03:59.053,2.468,-161.389,55.15,7677.85,0.296,0.348,0.013,5.0,5,20210729T080000_5
2021-07-29T08:07:46.114,2.728,-160.995,55.47,6869.167,0.517,0.104,0.0,4.0,6,20210729T080000_6
2021-07-29T08:09:30.220,2.561,-161.566,55.385,54156.96,0.781,0.502,-0.009,9.0,7,20210729T080000_7
2021-07-29T08:10:24.487,2.243,-162.009,55.238,14584.455,0.693,0.332,-0.047,4.808,8,20210729T080000_8
2021-07-29T08:10:56.436,3.059,-161.271,55.217,5527.906,0.762,0.391,0.092,7.0,9,20210729T080000_9
2021-07-29T08:13:25.599,2.338,-161.001,55.23,31651.185,0.65,0.504,0.071,9.0,10,20210729T080000_10
2021-07-29T08:14:19.561,2.296,-160.999,55.299,1588.67,0.574,0.483,-0.004,6.0,11,20210729T080000_11
2021-07-29T08:14:46.702,1.806,-161.701,55.52,11680.04,0.566,0.555,0.152,7.0,12,20210729T080000_12
2021-07-29T08:16:19.114,2.919,-161.112,55.254,53913.649,0.534,0.288,0.044,13.481,13,20210729T080000_13
2021-07-29T08:16:58.820,2.59,-162.779,55.203,25860.663,0.214,0.175,-0.014,3.734,14,20210729T080000_14
2021-07-29T08:18:19.098,2.28,-161.216,55.639,1487.034,0.716,0.339,0.122,5.0,15,20210729T080000_15
2021-07-29T08:25:45.447,2.101,-162.467,54.911,184.325,1.252,0.42,-0.085,5.0,16,20210729T080000_16
2021-07-29T08:25:58.438,2.705,-161.211,55.372,61000.0,0.612,0.174,0.034,9.0,17,20210729T080000_17
2021-07-29T08:30:33.958,2.261,-160.996,55.427,50184.749,0.745,0.498,-0.117,7.0,18,20210729T080000_18
2021-07-29T08:30:55.311,2.105,-162.149,55.921,12353.409,0.686,0.485,-0.158,4.0,19,20210729T080000_19
2021-07-29T08:33:28.194,2.655,-162.559,55.58,61000.0,0.817,0.408,0.383,9.0,20,20210729T080000_20
2021-07-29T08:39:55.759,2.186,-161.426,55.253,23016.139,0.919,0.367,-0.014,10.0,21,20210729T080000_21
2021-07-29T08:40:45.457,2.73,-161.198,55.259,61000.0,0.461,0.241,-0.003,14.0,22,20210729T080000_22
2021-07-29T08:41:17.872,3.255,-160.996,55.436,47209.102,0.479,0.407,0.026,4.898,23,20210729T080000_23
2021-07-29T08:41:18.735,2.727,-162.275,54.951,59435.008,0.656,0.083,0.007,4.121,24,20210729T080000_24
2021-07-29T08:55:16.734,1.874,-161.266,55.483,0.0,0.043,0.433,0.0,4.0,25,20210729T080000_25
2021-07-29T08:55:57.244,2.156,-161.469,55.017,3014.458,0.736,0.252,0.166,9.935,26,20210729T080000_26
2021-07-29T08:56:19.834,2.958,-161.305,55.131,61000.0,0.485,0.18,0.002,6.82,27,20210729T080000_27
2021-07-29T08:57:26.099,1.295,-161.877,55.265,0.0,0.031,0.48,0.001,4.0,28,20210729T080000_28
2021-07-29T08:58:18.387,2.29,-161.504,55.306,45693.345,0.594,0.102,0.001,6.952,29,20210729T080000_29
2021-07-29T08:58:52.152,2.285,-162.006,55.404,37532.63,0.0,0.111,-0.0,4.0,30,20210729T080000_30
2021-07-29T09:08:23.087,1.986,-161.274,55.125,20430.108,0.603,0.349,0.12,12.843,31,20210729T080000_31
2021-07-29T09:08:45.095,2.101,-161.139,55.484,1192.712,0.232,0.248,0.003,4.802,32,20210729T080000_32
2021-07-29T09:17:39.265,2.114,-161.529,55.299,54830.652,0.745,0.273,0.1,19.0,33,20210729T080000_33
2021-07-29T09:18:11.786,2.161,-162.653,55.257,0.0,0.009,0.407,-0.002,4.0,34,20210729T080000_34
2021-07-29T09:23:23.434,2.075,-161.044,55.132,37580.535,0.416,0.4,0.063,17.089,35,20210729T080000_35
2021-07-29T09:26:46.164,1.923,-161.11,55.368,61000.0,0.502,0.481,-0.026,10.0,36,20210729T080000_36
2021-07-29T09:28:47.865,3.145,-160.999,55.313,61000.0,0.375,0.355,0.006,12.0,37,20210729T080000_37
2021-07-29T09:29:19.064,3.713,-161.05,55.101,26088.721,0.59,0.173,-0.005,5.0,38,20210729T080000_38
2021-07-29T09:35:59.277,1.333,-161.931,55.218,46773.105,0.312,0.24,0.002,7.0,39,20210729T080000_39
2021-07-29T09:36:32.305,1.21,-161.602,55.325,23255.998,0.518,0.342,-0.178,6.0,40,20210729T080000_40
2021-07-29T09:38:04.882,1.969,-161.348,55.044,33814.862,0.683,0.254,0.123,10.857,41,20210729T080000_41
2021-07-29T09:38:35.414,2.048,-161.32,55.337,0.0,0.751,0.351,0.019,9.0,42,20210729T080000_42
2021-07-29T09:39:21.266,1.957,-161.94,55.473,28408.035,0.221,0.313,0.031,6.0,43,20210729T080000_43
2021-07-29T09:43:50.503,1.457,-161.843,55.361,46592.785,0.422,0.355,-0.017,10.568,44,20210729T080000_44
2021-07-29T09:44:19.630,1.567,-161.916,54.905,25971.54,0.868,0.318,0.168,4.0,45,20210729T080000_45
2021-07-29T09:45:15.337,1.904,-161.131,55.286,36927.564,0.399,0.259,0.031,8.0,46,20210729T080000_46
2021-07-29T09:52:52.741,2.216,-161.072,55.248,18718.654,0.612,0.252,0.047,13.805,47,20210729T080000_47
2021-07-29T09:54:12.319,2.787,-161.143,55.26,56606.769,0.557,0.202,-0.006,16.975,48,20210729T080000_48
2021-07-29T09:54:51.628,3.266,-161.004,55.088,0.0,0.682,0.374,-0.277,4.774,49,20210729T080000_49
2021-07-29T09:56:00.221,2.492,-162.776,55.077,61000.0,0.979,0.352,-0.178,4.0,50,20210729T080000_50
2021-07-29T09:59:09.689,2.078,-161.311,55.238,49744.642,0.617,0.433,0.042,14.105,51,20210729T080000_51
2021-07-29T09:59:56.547,1.665,-161.884,55.278,8014.141,0.849,0.451,-0.152,6.0,52,20210729T080000_52
2021-07-29T10:02:10.049,2.182,-161.746,55.427,61000.0,0.791,0.213,0.143,12.0,53,20210729T080000_53
2021-07-29T10:02:44.506,1.965,-162.333,54.944,61000.0,0.111,0.06,0.001,4.0,54,20210729T080000_54
2021-07-29T10:05:35.859,1.732,-161.046,54.916,61000.0,0.375,0.33,0.033,7.837,55,20210729T080000_55
2021-07-29T10:06:27.115,1.146,-161.96,55.223,26388.491,0.687,0.331,-0.12,9.0,56,20210729T080000_56
2021-07-29T10:08:23.923,2.205,-161.007,54.964,60059.18,0.277,0.204,-0.005,4.521,58,20210729T080000_58
2021-07-29T10:08:28.025,1.2,-162.171,55.589,0.0,0.115,0.413,0.022,4.479,57,20210729T080000_57
2021-07-29T10:13:56.891,1.329,-162.007,55.42,42957.69,0.606,0.369,0.052,9.0,59,20210729T080000_59
2021-07-29T10:16:24.119,2.022,-161.005,55.022,11570.004,0.555,0.186,0.02,10.863,60,20210729T080000_60
2021-07-29T10:16:38.043,2.607,-161.006,54.991,49472.842,0.405,0.289,0.019,6.919,61,20210729T080000_61
2021-07-29T10:17:55.226,1.564,-161.458,55.181,8896.767,0.527,0.212,0.037,10.859,62,20210729T080000_62
2021-07-29T10:18:03.877,2.435,-161.005,55.035,44175.332,0.486,0.264,0.043,9.843,63,20210729T080000_63
2021-07-29T10:20:35.109,1.622,-161.421,55.275,61000.0,0.461,0.376,-0.02,6.0,64,20210729T080000_64
2021-07-29T10:21:11.124,1.417,-161.345,55.455,0.0,0.916,0.35,-0.17,4.3,65,20210729T080000_65
2021-07-29T10:22:54.916,1.249,-161.852,55.396,30776.711,0.873,0.263,0.109,18.0,66,20210729T080000_66
2021-07-29T10:23:28.123,1.869,-161.194,55.085,0.0,0.249,0.256,0.025,7.0,67,20210729T080000_67
2021-07-29T10:24:43.675,2.052,-161.593,55.31,60928.099,0.601,0.256,-0.043,13.887,68,20210729T080000_68
2021-07-29T10:27:26.086,2.069,-161.278,55.247,61000.0,0.483,0.353,-0.013,12.505,69,20210729T080000_69
2021-07-29T10:28:05.144,1.863,-161.737,54.981,7230.052,0.289,0.189,0.025,4.512,70,20210729T080000_70
2021-07-29T10:38:29.218,1.863,-161.253,55.295,58907.554,0.556,0.252,0.052,15.947,71,20210729T080000_71
2021-07-29T10:42:47.121,1.076,-161.562,55.477,57809.953,0.517,0.517,0.069,8.0,72,20210729T080000_72
2021-07-29T10:50:41.800,2.124,-161.281,54.903,61000.0,0.494,0.317,0.05,9.07,74,20210729T080000_74
2021-07-29T10:50:43.489,1.908,-162.78,55.234,61000.0,0.656,0.411,-0.018,11.93,73,20210729T080000_73
2021-07-29T10:54:35.266,1.364,-161.235,55.329,13818.386,0.582,0.272,0.026,5.944,75,20210729T080000_75
2021-07-29T10:55:16.536,0.769,-161.771,55.272,0.0,0.098,0.559,-0.002,5.0,76,20210729T080000_76
2021-07-29T10:59:02.799,1.637,-161.658,55.322,47248.339,0.607,0.211,0.032,14.0,77,20210729T080000_77
2021-07-29T10:59:26.915,1.994,-161.143,55.178,29866.426,0.546,0.177,-0.035,5.688,78,20210729T080000_78
2021-07-29T11:05:25.463,2.047,-161.334,55.298,61000.0,0.857,0.23,-0.024,14.0,79,20210729T080000_79
2021-07-29T11:09:12.842,2.694,-161.018,55.286,61000.0,0.354,0.23,-0.012,10.884,80,20210729T080000_80
2021-07-29T11:09:51.880,3.013,-161.28,55.254,158.784,0.362,0.19,0.025,4.888,81,20210729T080000_81
2021-07-29T11:17:04.749,1.45,-162.129,55.494,39596.895,0.842,0.448,-0.008,7.999,82,20210729T080000_82
2021-07-29T11:17:36.855,1.566,-162.438,55.43,12042.469,0.0,0.064,0.0,3.957,83,20210729T080000_83
2021-07-29T11:24:01.995,2.018,-162.773,54.902,61000.0,0.715,0.424,-0.097,9.253,84,20210729T080000_84
2021-07-29T11:24:03.221,1.8,-161.661,54.905,61000.0,0.64,0.406,-0.067,7.745,85,20210729T080000_85
2021-07-29T11:29:55.124,1.801,-161.746,55.301,28099.585,0.763,0.198,-0.016,13.99,86,20210729T080000_86
2021-07-29T11:30:27.062,1.999,-161.398,55.318,3922.697,0.977,0.305,-0.044,5.997,87,20210729T080000_87
2021-07-29T11:31:05.589,2.135,-161.79,54.905,42689.782,0.908,0.216,0.066,10.995,88,20210729T080000_88
2021-07-29T11:41:58.598,1.867,-161.123,55.264,61000.0,0.544,0.352,-0.015,10.998,89,20210729T080000_89
2021-07-29T11:42:30.155,2.618,-161.06,55.422,58851.747,0.36,0.351,0.015,6.902,90,20210729T080000_90
2021-07-29T11:48:29.084,1.296,-161.659,55.272,19995.689,0.352,0.337,0.001,7.637,91,20210729T080000_91
2021-07-29T11:48:45.104,2.736,-160.995,55.496,61000.0,0.823,0.322,0.099,6.992,92,20210729T080000_92
2021-07-29T11:56:34.974,1.864,-160.995,55.489,58169.83,0.263,0.239,0.026,4.995,93,20210729T080000_93
2021-07-29T12:17:21.447,1.22,-161.275,55.304,28257.545,0.233,0.352,0.018,6.875,94,20210729T080000_94
2021-07-29T12:18:27.905,1.927,-161.424,55.26,46317.916,0.759,0.265,0.048,13.973,95,20210729T080000_95
2021-07-29T12:18:59.000,2.406,-161.117,55.471,0.0,0.238,0.169,0.019,3.511,96,20210729T080000_96
2021-07-29T12:24:10.848,1.219,-162.016,55.472,17518.004,0.904,0.145,-0.015,6.941,97,20210729T080000_97
2021-07-29T12:24:35.499,2.33,-161.396,55.767,0.0,1.008,0.203,-0.112,4.944,98,20210729T080000_98
2021-07-29T12:28:47.480,2.297,-161.001,55.24,61000.0,0.557,0.246,0.023,10.968,100,20210729T080000_100
2021-07-29T12:29:21.087,2.603,-160.995,55.476,16293.011,0.52,0.141,-0.009,5.933,99,20210729T080000_99
2021-07-29T12:32:39.068,1.908,-161.123,55.379,61000.0,0.333,0.254,0.041,14.98,101,20210729T080000_101
2021-07-29T16:00:16.943,1.786,-161.003,55.127,61000.0,0.806,0.239,0.041,12.0,1,20210729T160000_1
2021-07-29T16:00:34.167,2.048,-161.122,55.133,61000.0,0.171,0.271,-0.009,4.422,2,20210729T160000_2
2021-07-29T16:00:48.462,1.688,-161.973,55.651,1740.347,0.308,0.217,0.009,5.443,3,20210729T160000_3
2021-07-29T16:08:49.470,1.063,-161.633,55.246,19144.834,0.395,0.351,0.01,8.725,4,20210729T160000_4
2021-07-29T16:09:43.264,3.212,-161.45,55.283,57375.639,0.565,0.202,0.021,13.0,5,20210729T160000_5
2021-07-29T16:26:50.871,1.269,-161.546,55.177,61000.0,0.222,0.359,0.004,4.0,6,20210729T160000_6
2021-07-29T16:30:46.613,1.968,-161.004,55.079,61000.0,1.055,0.08,0.015,3.989,7,20210729T160000_7
2021-07-29T16:38:27.472,1.755,-161.149,55.184,61000.0,0.536,0.286,-0.013,14.519,8,20210729T160000_8
2021-07-29T17:00:19.253,2.092,-161.035,55.311,61000.0,0.352,0.261,0.011,10.896,9,20210729T160000_9
2021-07-29T17:00:58.188,1.824,-161.631,55.438,21946.347,0.414,0.4,0.005,5.24,10,20210729T160000_10
2021-07-29T17:03:55.713,1.595,-161.151,55.275,61000.0,0.615,0.236,-0.076,8.0,11,20210729T160000_11
2021-07-29T17:04:16.309,1.866,-161.681,55.413,58862.883,0.164,0.055,-0.035,3.954,12,20210729T160000_12
2021-07-29T17:04:20.998,1.554,-161.025,55.472,2112.126,0.574,0.27,0.069,5.046,13,20210729T160000_13
2021-07-29T17:08:14.733,0.31,-161.888,55.372,0.0,0.196,0.751,-0.009,4.0,14,20210729T160000_14
2021-07-29T17:22:55.441,1.71,-161.003,55.152,37945.833,0.613,0.297,-0.056,13.0,15,20210729T160000_15
2021-07-29T17:23:13.771,2.034,-161.698,55.347,61000.0,0.782,0.265,-0.098,7.051,16,20210729T160000_16
2021-07-29T17:28:28.156,2.085,-162.402,55.562,61000.0,0.595,0.262,0.023,7.318,17,20210729T160000_17
2021-07-29T17:28:59.383,2.709,-161.252,55.575,61000.0,0.276,0.184,0.01,5.0,18,20210729T160000_18
2021-07-29T17:33:08.364,1.354,-161.459,55.202,42175.073,0.624,0.279,-0.038,11.999,19,20210729T160000_19
2021-07-29T17:33:35.486,1.568,-161.007,54.929,0.0,0.281,0.165,-0.002,5.0,20,20210729T160000_20
2021-07-29T17:34:07.323,2.003,-160.998,55.362,61000.0,0.561,0.237,-0.023,10.0,21,20210729T160000_21
2021-07-29T17:34:30.284,2.136,-161.001,55.211,581.892,0.67,0.26,0.082,8.865,22,20210729T160000_22
2021-07-29T17:52:10.283,1.822,-161.108,55.31,61000.0,0.399,0.246,-0.011,14.0,23,20210729T160000_23
2021-07-29T17:52:47.583,1.881,-161.008,54.902,7587.341,0.67,0.184,-0.169,4.763,24,20210729T160000_24
2021-07-29T18:14:29.524,2.048,-161.002,55.188,61000.0,0.743,0.406,0.118,12.0,25,20210729T160000_25
2021-07-29T18:14:55.687,2.207,-161.262,55.229,26267.427,0.448,0.135,-0.012,5.614,26,20210729T160000_26
2021-07-29T18:15:05.713,1.717,-161.936,55.4,30171.485,0.452,0.179,0.002,5.386,27,20210729T160000_27
2021-07-29T18:17:43.123,1.029,-161.414,55.159,37023.189,0.292,0.306,0.013,5.0,28,20210729T160000_28
2021-07-29T18:18:13.245,1.397,-161.314,55.159,0.0,0.305,0.109,0.0,4.0,29,20210729T160000_29
2021-07-29T18:38:12.977,1.816,-161.185,55.296,48195.568,0.45,0.211,0.017,10.0,30,20210729T160000_30
2021-07-29T18:38:47.934,1.041,-161.908,55.235,4995.354,0.463,0.268,-0.016,6.517,31,20210729T160000_31
2021-07-29T18:46:49.667,1.48,-161.116,55.365,51329.252,0.335,0.375,-0.044,6.722,32,20210729T160000_32
2021-07-29T18:53:34.208,1.369,-162.65,54.903,61000.0,0.815,0.207,-0.058,4.0,33,20210729T160000_33
2021-07-29T18:54:03.574,1.346,-162.077,54.905,0.0,0.846,0.364,-0.0,5.342,34,20210729T160000_34
2021-07-29T19:12:01.510,2.619,-160.999,55.321,61000.0,0.515,0.397,0.041,16.807,35,20210729T160000_35
2021-07-29T19:12:45.951,2.906,-161.61,55.474,34421.41,0.0,0.252,0.0,4.0,36,20210729T160000_36
2021-07-29T19:30:31.214,1.757,-162.323,55.687,61000.0,0.788,0.292,0.0,8.0,37,20210729T160000_37
2021-07-29T19:53:30.695,1.745,-161.2,55.367,50778.461,0.495,0.27,0.036,15.527,38,20210729T160000_38
2021-07-29T20:16:10.628,0.479,-162.328,55.217,0.0,0.028,0.248,-0.003,3.998,39,20210729T160000_39
2021-07-29T20:21:48.225,1.436,-161.531,55.366,40884.331,0.657,0.311,0.015,11.998,40,20210729T160000_40
2021-07-29T20:23:29.942,1.94,-161.002,55.181,58706.37,0.683,0.205,0.096,10.998,41,20210729T160000_41
2021-07-29T20:24:09.438,1.753,-162.022,55.45,103.957,0.56,0.429,0.047,7.997,42,20210729T160000_42
2021-07-29T20:25:40.919,1.541,-161.511,55.256,59202.882,0.575,0.255,0.07,11.996,43,20210729T160000_43
2021-07-29T20:31:08.041,2.552,-161.462,55.345,43539.789,0.685,0.336,0.047,14.995,44,20210729T160000_44
2021-07-29T20:31:42.673,3.198,-161.049,55.124,17686.562,0.032,0.236,-0.005,3.965,45,20210729T160000_45
2021-07-29T20:33:16.054,3.394,-161.092,55.109,37719.534,0.542,0.282,0.051,18.874,46,20210729T160000_46
2021-07-29T20:34:08.035,3.073,-161.74,55.197,0.0,0.255,0.567,0.043,4.995,47,20210729T160000_47
2021-07-29T20:42:31.486,1.16,-161.63,55.378,34272.347,0.254,0.629,0.023,5.64,48,20210729T160000_48
2021-07-29T20:42:59.839,1.828,-161.679,54.973,0.0,0.304,0.268,-0.052,5.965,49,20210729T160000_49
2021-07-29T23:59:49.165,1.403,-162.156,55.35,61000.0,0.202,0.426,-0.043,5.0,1,20210730T000000_1
2021-07-30T00:55:43.523,1.748,-161.172,55.338,55813.855,0.425,0.288,0.027,10.874,2,20210730T000000_2
2021-07-30T01:12:33.708,1.852,-161.0,55.244,61000.0,0.1,0.107,0.005,3.852,3,20210730T000000_3
2021-07-30T01:27:15.434,2.108,-161.57,55.398,60621.494,0.725,0.209,0.044,14.729,4,20210730T000000_4
2021-07-30T02:00:31.285,1.74,-161.122,55.258,36608.279,0.0,0.179,0.0,4.0,5,20210730T000000_5
2021-07-30T02:56:25.444,1.949,-161.246,55.252,61000.0,0.556,0.243,0.023,12.738,6,20210730T000000_6
2021-07-30T02:56:56.356,2.507,-162.013,55.254,61000.0,0.031,0.105,0.0,3.575,7,20210730T000000_7
2021-07-30T02:57:14.023,1.423,-161.902,55.177,0.0,0.406,0.271,0.02,5.425,8,20210730T000000_8
2021-07-30T03:37:05.831,1.377,-161.09,55.367,1873.82,0.039,0.263,-0.005,4.0,9,20210730T000000_9
2021-07-30T03:37:39.730,1.558,-161.603,55.231,23825.275,0.141,0.27,0.02,5.0,10,20210730T000000_10
2021-07-30T03:52:43.738,3.367,-161.083,55.26,61000.0,0.474,0.233,0.009,14.0,11,20210730T000000_11
2021-07-30T04:12:08.697,1.89,-161.173,55.267,57828.68,0.413,0.243,0.034,14.891,12,20210730T000000_12
2021-07-30T04:21:56.745,1.851,-161.004,55.075,60743.364,0.606,0.378,0.068,9.999,13,20210730T000000_13
2021-07-30T04:22:31.751,1.53,-161.566,55.352,18085.288,0.774,0.361,-0.022,10.813,14,20210730T000000_14
2021-07-30T05:12:48.130,0.708,-161.642,55.191,27436.348,0.0,0.191,0.0,4.0,15,20210730T000000_15
2021-07-30T05:12:54.609,1.854,-161.004,55.077,61000.0,0.296,0.24,-0.013,4.0,16,20210730T000000_16
2021-07-30T05:32:28.424,3.439,-161.001,55.211,61000.0,0.406,0.218,0.008,11.0,17,20210730T000000_17
2021-07-30T05:32:41.714,4.028,-161.002,55.188,61000.0,0.627,0.299,-0.044,11.0,18,20210730T000000_18
2021-07-30T05:41:30.060,1.911,-161.508,55.24,30521.135,0.425,0.286,0.052,11.37,19,20210730T000000_19
2021-07-30T05:42:09.597,2.124,-162.317,55.232,13752.409,0.454,0.416,-0.447,7.998,20,20210730T000000_20
2021-07-30T05:49:52.963,2.078,-161.002,55.208,61000.0,0.766,0.245,0.013,17.818,21,20210730T000000_21
2021-07-30T05:50:35.128,1.896,-162.755,55.177,28036.14,0.039,0.215,0.001,3.935,22,20210730T000000_22
2021-07-30T06:27:06.158,1.585,-161.245,54.903,37652.612,0.277,0.232,-0.028,4.0,23,20210730T000000_23
2021-07-30T06:46:59.341,1.97,-161.473,55.483,60702.361,0.393,0.212,-0.004,9.929,24,20210730T000000_24
2021-07-30T06:47:00.413,1.881,-161.333,55.238,48756.134,0.314,0.206,0.014,8.071,25,20210730T000000_25
2021-07-30T07:25:12.618,2.66,-161.005,55.027,61000.0,0.309,0.226,0.013,5.168,27,20210730T000000_27
2021-07-30T07:25:12.867,2.591,-161.02,55.333,61000.0,0.397,0.311,-0.009,11.813,26,20210730T000000_26
2021-07-30T07:43:52.591,0.898,-161.004,55.084,43530.737,0.363,0.428,0.003,3.555,28,20210730T000000_28
2021-07-30T07:43:57.340,1.667,-162.773,54.902,61000.0,0.745,0.332,0.044,6.397,29,20210730T000000_29
2021-07-30T07:59:49.028,1.257,-162.24,55.269,61000.0,0.424,0.396,-0.013,8.0,1,20210730T080000_1
2021-07-30T08:40:29.863,1.003,-161.746,55.08,917.865,0.677,0.338,0.247,8.047,2,20210730T080000_2
2021-07-30T09:27:54.933,1.58,-161.001,55.199,61000.0,0.724,0.278,-0.064,10.0,3,20210730T080000_3
2021-07-30T09:28:31.993,1.864,-161.111,55.359,0.0,0.909,0.147,0.068,6.0,4,20210730T080000_4
2021-07-30T09:55:18.182,1.494,-161.437,54.983,13885.93,0.248,0.216,0.001,5.0,5,20210730T080000_5
2021-07-30T09:55:45.694,1.892,-161.004,55.093,0.0,0.638,0.236,0.099,4.0,6,20210730T080000_6
2021-07-30T09:58:40.963,1.844,-161.762,55.112,15379.467,0.668,0.262,0.071,9.654,7,20210730T080000_7
2021-07-30T09:59:02.875,2.926,-161.171,55.639,43651.49,0.479,0.321,-0.062,5.816,8,20210730T080000_8
2021-07-30T10:21:29.798,1.788,-161.147,55.33,61000.0,0.544,0.235,0.025,14.0,9,20210730T080000_9
2021-07-30T10:29:55.996,1.372,-161.541,55.112,46053.253,0.261,0.159,0.005,4.0,10,20210730T080000_10
2021-07-30T11:55:56.250,1.695,-161.297,55.289,61000.0,0.313,0.194,-0.008,5.0,11,20210730T080000_11
2021-07-30T12:34:09.242,1.479,-160.999,55.314,54703.274,0.453,0.345,-0.064,7.0,12,20210730T080000_12
2021-07-30T12:34:24.196,1.554,-160.998,55.362,50482.636,0.444,0.322,-0.005,8.878,13,20210730T080000_13
2021-07-30T12:38:05.539,1.431,-161.11,55.131,23922.715,0.6,0.265,0.005,7.71,14,20210730T080000_14
2021-07-30T12:53:06.990,1.88,-161.084,55.179,61000.0,0.34,0.12,0.022,4.966,15,20210730T080000_15
2021-07-30T12:53:42.229,0.76,-161.609,55.355,0.0,0.514,0.136,-0.013,4.0,16,20210730T080000_16
2021-07-30T13:28:44.726,2.343,-161.198,55.302,59764.046,0.366,0.222,0.011,12.0,17,20210730T080000_17
2021-07-30T13:29:21.615,2.476,-161.25,55.258,16006.429,0.209,0.335,0.048,4.905,18,20210730T080000_18
2021-07-30T13:53:47.016,1.587,-160.999,55.331,61000.0,0.393,0.28,-0.039,7.0,19,20210730T080000_19
2021-07-30T14:20:40.961,1.921,-161.477,55.087,13463.011,0.825,0.215,0.014,10.74,20,20210730T080000_20
2021-07-30T14:21:08.829,2.644,-161.475,55.432,22674.025,0.0,0.045,0.0,3.941,21,20210730T080000_21
2021-07-30T14:31:07.880,0.818,-161.443,55.233,200.656,0.344,0.223,-0.008,6.0,22,20210730T080000_22
2021-07-30T14:31:15.907,1.838,-161.006,54.978,50040.866,0.626,0.294,0.06,6.0,23,20210730T080000_23
2021-07-30T14:35:29.688,1.034,-161.413,55.057,0.0,0.619,0.217,0.014,7.804,24,20210730T080000_24
2021-07-30T14:40:00.756,-0.057,-161.879,55.175,2197.456,0.0,0.579,-0.0,4.0,25,20210730T080000_25
2021-07-30T14:42:17.379,2.544,-161.196,55.269,58483.208,0.507,0.208,0.035,19.0,26,20210730T080000_26
2021-07-30T14:42:36.442,2.926,-161.005,55.027,53568.299,0.529,0.375,-0.008,11.808,27,20210730T080000_27
2021-07-30T14:44:27.341,1.65,-161.002,55.155,34786.517,0.434,0.278,-0.015,10.0,28,20210730T080000_28
2021-07-30T14:58:54.537,2.234,-161.515,55.32,42309.105,0.729,0.206,0.024,14.0,29,20210730T080000_29
2021-07-30T14:59:27.486,2.354,-161.735,55.141,26718.922,0.037,0.215,-0.004,4.958,30,20210730T080000_30
2021-07-30T15:27:16.627,0.797,-161.845,55.298,4906.082,0.652,0.565,0.027,6.0,31,20210730T080000_31
2021-07-30T16:57:34.380,2.047,-162.62,54.903,61000.0,0.764,0.365,-0.431,13.0,1,20210730T160000_1
2021-07-30T19:03:20.517,1.332,-161.599,54.905,60579.48,0.411,0.082,0.022,4.0,2,20210730T160000_2
2021-07-30T19:16:07.283,2.222,-161.239,55.296,55430.074,0.449,0.198,-0.001,12.0,3,20210730T160000_3
2021-07-30T20:11:37.377,1.39,-161.008,54.902,61000.0,0.812,0.175,-0.054,4.0,4,20210730T160000_4
2021-07-30T21:25:34.341,1.798,-161.561,54.904,61000.0,0.943,0.236,-0.085,7.608,5,20210730T160000_5
2021-07-30T21:45:01.977,2.106,-161.328,55.377,61000.0,0.463,0.161,0.022,10.855,6,20210730T160000_6
2021-07-30T21:55:15.194,1.569,-161.345,55.368,61000.0,0.194,0.255,0.006,5.0,7,20210730T160000_7
2021-07-30T22:12:28.081,2.206,-161.0,55.286,51799.194,0.533,0.274,-0.023,7.0,8,20210730T160000_8
2021-07-30T23:32:07.758,1.847,-161.108,55.337,61000.0,0.133,0.224,0.008,7.0,9,20210730T160000_9
2021-07-30T23:42:30.682,1.778,-161.0,55.276,54136.094,0.203,0.205,0.016,10.0,10,20210730T160000_10
2021-07-31T00:59:21.241,1.758,-160.999,55.312,59994.929,0.202,0.229,0.029,9.0,1,20210731T000000_1
2021-07-31T01:48:22.787,1.421,-161.5,54.904,61000.0,0.446,0.102,0.017,4.0,2,20210731T000000_2
2021-07-31T03:25:46.331,2.46,-161.0,55.275,61000.0,0.346,0.249,0.003,9.0,3,20210731T000000_3
2021-07-31T03:31:18.765,1.496,-161.001,55.226,49512.141,0.074,0.189,0.002,4.0,4,20210731T000000_4
2021-07-31T04:20:50.438,1.718,-161.0,55.282,61000.0,0.262,0.14,-0.009,6.0,5,20210731T000000_5
2021-07-31T04:48:07.831,2.13,-161.414,55.37,61000.0,0.639,0.233,0.046,8.0,6,20210731T000000_6
2021-07-31T05:03:06.856,2.073,-161.0,55.277,61000.0,0.295,0.177,0.043,8.0,7,20210731T000000_7
2021-07-31T05:05:29.616,1.578,-161.223,55.365,50442.362,0.198,0.088,0.01,6.0,8,20210731T000000_8
2021-07-31T11:13:16.709,-0.314,-161.809,55.401,0.0,0.02,0.499,-0.001,4.0,1,20210731T080000_1
2021-07-31T11:31:13.758,1.563,-161.007,54.937,30624.457,0.021,0.164,0.001,4.0,2,20210731T080000_2
2021-07-31T12:12:42.664,2.711,-162.397,54.904,56680.803,0.885,0.457,-0.327,18.0,3,20210731T080000_3
2021-07-31T12:58:43.465,1.725,-161.003,55.113,51601.624,0.019,0.102,0.001,4.0,4,20210731T080000_4
2021-07-31T14:04:07.767,0.874,-162.396,54.965,26509.704,0.201,0.304,0.015,5.0,5,20210731T080000_5
2021-07-31T15:28:52.736,2.405,-160.999,55.293,61000.0,0.452,0.189,0.004,10.0,6,20210731T080000_6
2021-07-31T15:40:48.617,1.75,-161.0,55.283,61000.0,0.307,0.153,0.024,5.0,7,20210731T080000_7
2021-07-31T18:04:52.596,2.278,-161.321,55.485,61000.0,0.586,0.219,0.013,10.0,1,20210731T160000_1
2021-07-31T18:28:31.588,1.267,-161.11,54.902,43632.255,0.182,0.129,0.004,4.963,2,20210731T160000_2
2021-07-31T19:15:10.073,1.671,-160.997,55.395,61000.0,0.584,0.265,-0.083,6.0,3,20210731T160000_3
2021-07-31T19:29:39.722,1.915,-160.999,55.293,61000.0,0.262,0.192,0.057,6.0,4,20210731T160000_4
2021-07-31T19:38:20.615,1.481,-162.773,54.902,61000.0,0.699,0.131,0.043,6.0,5,20210731T160000_5
2021-07-31T23:17:06.538,2.032,-161.218,55.189,61000.0,0.705,0.206,0.063,16.0,6,20210731T160000_6
2021-07-31T23:59:56.317,0.414,-162.078,55.313,0.0,0.267,0.383,0.05,5.0,1,20210801T000000_1
2021-08-01T01:20:33.250,1.363,-162.672,54.902,61000.0,0.453,0.159,-0.003,6.012,2,20210801T000000_2
2021-08-01T01:49:33.474,1.509,-161.594,55.317,36095.218,0.731,0.235,0.031,15.0,3,20210801T000000_3
2021-08-01T01:49:53.181,2.17,-161.285,54.903,23671.823,0.047,0.241,0.005,3.999,4,20210801T000000_4
2021-08-01T01:49:59.793,1.979,-161.045,55.099,911.359,0.483,0.176,0.034,4.001,5,20210801T000000_5
2021-08-01T03:50:46.754,1.282,-162.335,55.262,61000.0,0.411,0.087,0.011,4.0,6,20210801T000000_6
2021-08-01T04:56:16.365,1.791,-162.774,54.955,61000.0,0.881,0.358,-0.013,8.791,8,20210801T000000_8
2021-08-01T04:56:17.264,1.56,-161.584,54.905,61000.0,0.75,0.289,-0.014,7.983,7,20210801T000000_7
2021-08-01T05:37:30.443,1.693,-161.181,55.14,61000.0,0.624,0.234,-0.018,12.927,9,20210801T000000_9
2021-08-01T05:37:58.473,1.589,-161.469,55.245,61000.0,0.718,0.307,-0.14,5.0,10,20210801T000000_10
2021-08-01T05:56:53.480,1.949,-161.094,55.436,61000.0,0.545,0.251,0.011,12.859,11,20210801T000000_11
2021-08-01T05:56:58.466,2.575,-162.09,55.921,61000.0,0.86,0.257,0.022,6.416,12,20210801T000000_12
2021-08-01T05:57:02.196,2.397,-162.716,55.261,61000.0,0.803,0.354,-0.063,5.726,13,20210801T000000_13
2021-08-01T06:07:50.504,1.363,-161.111,54.902,36011.57,0.371,0.218,-0.026,5.785,14,20210801T000000_14
2021-08-01T06:08:26.635,1.478,-161.045,55.338,0.0,0.529,0.062,-0.013,6.0,15,20210801T000000_15
2021-08-01T06:37:11.481,2.049,-162.773,54.902,59771.136,0.99,0.338,0.048,14.005,16,20210801T000000_16
2021-08-01T06:37:16.842,2.124,-162.773,54.902,61000.0,0.625,0.406,-0.104,4.995,17,20210801T000000_17
2021-08-01T07:42:31.871,1.139,-161.333,54.904,12133.41,0.203,0.217,0.008,5.0,18,20210801T000000_18
2021-08-01T07:43:02.623,1.336,-161.196,55.056,0.0,0.578,0.228,0.031,7.0,19,20210801T000000_19
2021-08-01T07:51:00.352,1.908,-161.359,54.904,61000.0,0.405,0.165,0.012,10.0,20,20210801T000000_20
2021-08-01T07:51:38.600,1.729,-161.815,55.146,6623.507,0.747,0.398,0.037,9.917,21,20210801T000000_21
2021-08-01T08:59:43.511,2.288,-161.314,55.329,61000.0,0.553,0.325,0.014,11.572,1,20210801T080000_1
2021-08-01T09:00:15.657,2.774,-161.005,55.029,61000.0,0.639,0.296,0.038,7.0,2,20210801T080000_2
2021-08-01T09:50:47.893,2.63,-161.002,55.164,61000.0,0.536,0.243,0.033,11.0,3,20210801T080000_3
2021-08-01T09:51:05.953,3.006,-161.005,55.046,49739.33,0.788,0.234,0.089,8.374,4,20210801T080000_4
2021-08-01T10:08:40.524,1.214,-161.3,55.133,30116.345,0.585,0.341,-0.057,7.0,5,20210801T080000_5
2021-08-01T10:09:05.245,1.027,-161.415,55.177,4849.763,0.549,0.276,-0.026,4.695,6,20210801T080000_6
2021-08-01T10:28:08.046,0.205,-161.903,55.111,0.0,0.882,0.422,0.152,4.832,7,20210801T080000_7
2021-08-01T11:52:28.699,1.697,-161.082,55.321,51828.943,0.594,0.221,0.002,10.85,8,20210801T080000_8
2021-08-01T12:10:33.606,0.463,-161.887,55.203,0.0,0.816,0.415,0.047,4.981,9,20210801T080000_9
2021-08-01T13:04:08.368,2.41,-161.113,54.902,57544.495,0.365,0.216,0.018,11.0,10,20210801T080000_10
2021-08-01T13:04:17.171,2.614,-161.192,54.903,59034.815,0.405,0.226,0.019,10.0,11,20210801T080000_11
2021-08-01T13:43:16.546,2.026,-161.102,55.068,61000.0,0.727,0.235,0.035,19.0,12,20210801T080000_12
2021-08-01T13:43:39.602,2.155,-161.031,54.98,61000.0,0.305,0.266,0.024,5.859,13,20210801T080000_13
2021-08-01T14:44:18.147,2.117,-161.007,55.25,54785.03,0.619,0.195,0.041,17.789,14,20210801T080000_14
2021-08-01T14:44:51.791,2.792,-160.992,55.601,61000.0,0.736,0.17,-0.006,5.849,15,20210801T080000_15
2021-08-01T15:27:58.555,3.25,-161.001,55.217,61000.0,0.692,0.481,0.111,13.0,16,20210801T080000_16
2021-08-01T15:28:13.597,4.043,-160.999,55.324,61000.0,1.21,0.274,-0.098,10.953,17,20210801T080000_17
2021-08-01T15:59:45.849,1.523,-161.003,55.123,61000.0,0.932,0.312,0.089,5.0,1,20210801T160000_1
2021-08-01T16:11:16.736,1.852,-161.001,55.233,61000.0,0.323,0.255,-0.034,9.0,2,20210801T160000_2
2021-08-01T16:11:34.389,1.985,-161.003,55.152,34264.767,0.585,0.25,-0.016,8.871,3,20210801T160000_3
2021-08-01T19:35:41.222,0.337,-161.691,55.415,152.293,0.533,0.659,0.108,4.0,4,20210801T160000_4
2021-08-01T20:01:49.140,1.634,-161.464,55.327,38701.933,0.757,0.299,-0.029,11.71,5,20210801T160000_5
2021-08-01T20:02:15.976,2.466,-161.251,55.92,28239.641,0.591,0.275,-0.087,5.0,6,20210801T160000_6
2021-08-01T20:37:27.454,1.509,-162.737,54.902,61000.0,0.232,0.052,-0.006,4.0,7,20210801T160000_7
2021-08-01T21:35:39.396,1.577,-161.186,55.295,43272.766,0.394,0.237,0.01,12.0,8,20210801T160000_8
2021-08-01T21:45:43.316,1.533,-161.25,54.903,39991.73,0.431,0.268,-0.003,8.0,9,20210801T160000_9
2021-08-01T21:45:53.073,1.902,-161.221,54.903,45727.618,0.591,0.283,-0.001,8.0,10,20210801T160000_10
2021-08-02T00:25:14.126,1.444,-161.334,54.904,35026.995,0.221,0.36,-0.038,7.0,1,20210802T000000_1
2021-08-02T00:57:41.042,1.951,-161.405,54.904,61000.0,0.853,0.394,0.091,16.414,2,20210802T000000_2
2021-08-02T04:48:31.221,1.688,-161.248,55.162,40407.345,0.362,0.316,-0.046,8.765,3,20210802T000000_3
2021-08-02T04:49:03.158,1.979,-161.173,55.552,1096.619,0.033,0.153,-0.003,4.601,4,20210802T000000_4
2021-08-02T05:21:34.447,0.869,-161.526,55.177,0.0,0.345,0.462,-0.085,5.0,5,20210802T000000_5
2021-08-02T05:24:24.627,1.198,-161.652,55.409,33235.897,0.514,0.329,-0.043,9.0,6,20210802T000000_6
2021-08-02T05:24:53.499,1.937,-160.999,55.295,967.072,0.875,0.169,-0.06,7.0,7,20210802T000000_7
2021-08-02T05:30:25.421,1.645,-161.001,55.221,25311.243,0.137,0.174,0.009,4.0,8,20210802T000000_8
2021-08-02T05:52:53.959,1.524,-161.209,54.948,37888.257,0.065,0.096,-0.001,5.536,9,20210802T000000_9
2021-08-02T06:31:56.556,1.337,-162.526,54.903,0.0,0.579,0.419,0.129,3.897,10,20210802T000000_10
2021-08-02T06:32:22.494,1.808,-162.709,55.045,0.0,0.229,0.368,0.031,4.0,11,20210802T000000_11
2021-08-02T07:16:07.354,1.51,-161.185,55.309,48738.437,0.346,0.333,-0.028,9.998,12,20210802T000000_12
2021-08-02T08:00:13.680,1.845,-161.45,54.904,61000.0,1.075,0.296,-0.16,17.0,1,20210802T080000_1
2021-08-02T09:02:18.661,1.081,-161.441,55.085,0.0,0.33,0.275,0.042,4.912,2,20210802T080000_2
2021-08-02T13:21:21.242,1.855,-162.773,54.902,61000.0,1.11,0.195,0.019,11.0,3,20210802T080000_3
2021-08-02T13:24:13.803,1.429,-161.781,55.198,37040.334,0.59,0.276,-0.066,9.0,4,20210802T080000_4
2021-08-02T13:24:33.209,2.504,-161.331,55.441,61000.0,0.621,0.392,0.156,6.0,5,20210802T080000_5
2021-08-02T13:38:55.755,1.908,-161.638,54.905,61000.0,0.229,0.148,0.006,4.247,7,20210802T080000_7
2021-08-02T13:38:56.153,1.763,-162.448,54.904,61000.0,0.183,0.253,-0.015,4.753,6,20210802T080000_6
2021-08-02T17:31:09.289,1.57,-162.773,54.902,61000.0,0.604,0.056,0.013,5.0,1,20210802T160000_1
2021-08-02T18:34:10.542,1.129,-161.004,55.105,15575.887,0.246,0.325,-0.005,4.0,2,20210802T160000_2
2021-08-02T19:47:01.990,1.572,-161.545,54.904,31936.255,0.356,0.277,0.022,7.0,3,20210802T160000_3
2021-08-02T19:47:25.791,0.802,-161.895,55.13,8831.113,0.767,0.195,0.007,7.0,4,20210802T160000_4
2021-08-02T20:10:22.779,1.395,-162.773,54.902,61000.0,1.351,0.054,0.016,5.0,5,20210802T160000_5
2021-08-02T21:57:27.518,0.902,-161.632,55.087,22584.086,0.39,0.373,-0.022,7.0,6,20210802T160000_6
2021-08-02T21:57:45.083,1.123,-161.953,55.215,30121.462,0.785,0.257,0.074,8.0,7,20210802T160000_7
2021-08-02T22:36:37.168,1.931,-161.365,55.347,61000.0,0.62,0.228,-0.002,10.816,8,20210802T160000_8
2021-08-02T23:42:05.535,1.697,-162.773,54.902,61000.0,0.65,0.308,0.105,6.0,9,20210802T160000_9
2021-08-03T03:28:18.612,2.013,-161.424,54.969,61000.0,0.531,0.287,-0.016,21.0,1,20210803T000000_1
2021-08-03T03:44:48.471,0.887,-161.92,55.329,33914.101,0.348,0.311,-0.016,4.921,2,20210803T000000_2
2021-08-03T06:38:19.723,1.484,-162.773,54.902,61000.0,1.345,0.087,-0.017,4.894,3,20210803T000000_3
2021-08-03T06:43:31.399,2.008,-161.0,55.275,61000.0,0.497,0.219,0.012,11.0,4,20210803T000000_4
2021-08-03T06:44:14.715,1.147,-161.882,55.271,0.0,0.777,0.274,0.081,4.832,5,20210803T000000_5
2021-08-03T07:33:36.813,1.327,-161.273,55.252,45020.577,0.0,0.327,0.0,4.0,6,20210803T000000_6
2021-08-03T07:40:07.684,1.979,-161.371,55.242,61000.0,0.411,0.191,0.004,10.92,7,20210803T000000_7
2021-08-03T07:40:38.478,2.156,-162.06,55.391,61000.0,0.3,0.224,-0.04,3.991,8,20210803T000000_8
2021-08-03T08:24:50.741,1.662,-161.008,54.902,61000.0,1.11,0.332,0.112,12.0,1,20210803T080000_1
2021-08-03T09:28:12.520,-0.119,-161.67,55.326,0.0,0.349,0.538,-0.051,5.0,2,20210803T080000_2
2021-08-03T16:02:17.891,1.142,-161.15,55.489,1940.834,0.083,0.407,0.013,4.814,1,20210803T160000_1
2021-08-03T16:43:38.637,1.544,-162.255,54.907,0.0,0.254,0.589,-0.012,9.874,2,20210803T160000_2
2021-08-03T16:43:49.773,2.019,-162.647,54.903,28196.211,0.458,0.249,-0.019,5.945,3,20210803T160000_3
2021-08-03T16:50:06.406,2.061,-162.265,54.904,7499.891,0.264,0.509,0.006,9.076,4,20210803T160000_4
2021-08-03T16:50:19.885,2.519,-162.545,54.903,24067.219,0.493,0.241,-0.009,6.962,5,20210803T160000_5
2021-08-03T17:49:47.422,1.419,-162.456,54.904,15507.928,0.361,0.402,-0.011,5.912,6,20210803T160000_6
2021-08-03T17:50:38.920,1.995,-162.21,54.904,0.0,0.792,0.384,0.098,4.706,7,20210803T160000_7
2021-08-03T18:41:22.623,2.286,-161.144,54.903,50833.243,0.322,0.201,0.029,11.0,8,20210803T160000_8
2021-08-03T18:41:30.842,2.551,-161.21,54.903,61000.0,0.744,0.251,0.037,10.0,9,20210803T160000_9
2021-08-03T18:43:42.472,0.105,-161.665,55.323,5454.099,0.0,0.464,-0.0,4.0,10,20210803T160000_10
2021-08-03T19:14:43.782,-0.142,-161.704,55.452,0.0,0.339,0.339,0.0,3.781,11,20210803T160000_11
2021-08-03T20:05:33.808,1.619,-161.088,55.41,40522.956,0.408,0.283,0.02,9.0,12,20210803T160000_12
2021-08-03T21:16:59.741,0.387,-161.729,55.471,208.037,0.474,0.306,0.044,5.69,13,20210803T160000_13
2021-08-03T21:30:13.071,1.919,-161.066,55.302,61000.0,0.577,0.203,0.003,12.704,14,20210803T160000_14
2021-08-03T21:40:22.572,1.521,-161.062,54.902,21072.188,0.293,0.401,-0.02,5.0,15,20210803T160000_15
2021-08-03T22:14:57.019,0.948,-162.039,55.313,0.0,1.068,0.683,-0.481,4.0,16,20210803T160000_16
2021-08-03T23:31:43.398,1.79,-161.657,55.269,33095.393,0.934,0.252,0.048,18.0,17,20210803T160000_17
2021-08-03T23:32:21.857,1.767,-162.208,55.238,18328.598,0.268,0.357,0.022,5.0,18,20210803T160000_18
2021-08-04T03:18:22.288,2.248,-161.041,55.297,61000.0,0.538,0.267,0.047,12.0,1,20210804T000000_1
2021-08-04T03:19:00.952,1.875,-161.701,55.506,18694.426,0.445,0.259,-0.014,7.956,2,20210804T000000_2
2021-08-04T04:34:56.667,1.745,-161.002,55.187,45565.867,0.229,0.409,0.024,3.605,3,20210804T000000_3
2021-08-04T05:21:39.749,0.634,-161.804,55.215,10151.44,0.139,0.346,-0.003,6.0,4,20210804T000000_4
2021-08-04T05:35:04.178,2.066,-162.17,54.905,51666.878,1.092,0.123,0.025,6.008,5,20210804T000000_5
2021-08-04T05:35:09.526,1.999,-161.993,54.905,48666.037,0.597,0.335,-0.092,6.743,6,20210804T000000_6
2021-08-04T07:21:39.887,2.033,-161.133,54.903,44609.791,0.213,0.155,0.002,8.0,7,20210804T000000_7
2021-08-04T07:21:49.901,2.126,-161.195,54.903,42694.394,0.648,0.195,0.047,9.0,8,20210804T000000_8
2021-08-04T08:15:16.981,1.705,-162.773,54.902,61000.0,0.608,0.291,0.09,5.022,1,20210804T080000_1
2021-08-04T10:09:02.923,2.28,-162.773,54.902,61000.0,0.86,0.293,0.0,14.584,2,20210804T080000_2
2021-08-04T10:26:49.121,2.101,-162.773,54.902,61000.0,0.926,0.291,-0.021,13.942,3,20210804T080000_3
2021-08-04T11:05:23.586,1.822,-161.432,55.494,61000.0,0.162,0.302,0.024,5.631,5,20210804T080000_5
2021-08-04T11:05:24.007,1.824,-161.246,55.087,61000.0,0.261,0.26,-0.021,5.369,4,20210804T080000_4
2021-08-04T11:07:19.464,1.931,-161.327,55.444,61000.0,0.358,0.321,0.033,7.0,6,20210804T080000_6
2021-08-04T14:47:30.240,1.787,-161.446,55.313,61000.0,0.519,0.178,-0.048,5.939,7,20210804T080000_7
2021-08-04T14:48:09.741,1.768,-161.666,55.472,26912.909,0.52,0.121,-0.032,4.937,8,20210804T080000_8
2021-08-04T16:39:50.467,1.573,-162.149,55.869,0.0,0.48,0.484,-0.149,4.0,1,20210804T160000_1
2021-08-04T16:50:10.295,1.784,-161.209,54.931,61000.0,0.653,0.22,-0.037,6.0,2,20210804T160000_2
2021-08-04T16:50:23.589,1.999,-161.262,54.903,38901.349,0.451,0.267,0.005,8.0,3,20210804T160000_3
2021-08-04T18:23:17.904,1.279,-161.29,55.196,39687.211,0.0,0.115,-0.0,4.0,4,20210804T160000_4
2021-08-04T23:59:57.895,-0.436,-161.936,55.423,0.0,0.424,0.357,-0.054,5.0,1,20210805T000000_1
2021-08-05T00:36:30.087,1.159,-162.361,55.011,17103.783,0.685,0.266,0.035,8.0,2,20210805T000000_2
2021-08-05T01:46:42.661,1.573,-161.644,55.401,61000.0,0.334,0.258,0.021,8.69,3,20210805T000000_3
2021-08-05T03:54:50.976,1.239,-161.534,55.158,32697.156,0.152,0.257,0.006,4.941,4,20210805T000000_4
2021-08-05T06:30:36.005,1.554,-160.999,55.31,4817.884,0.294,0.39,-0.028,3.677,5,20210805T000000_5
2021-08-05T07:16:00.372,1.949,-161.594,55.272,55796.163,0.903,0.23,-0.017,13.0,6,20210805T000000_6
2021-08-05T07:16:26.491,2.405,-161.214,55.582,61000.0,0.599,0.164,0.029,4.886,7,20210805T000000_7
2021-08-05T07:59:47.668,1.373,-162.506,55.378,61000.0,0.504,0.317,-0.124,8.999,1,20210805T080000_1
2021-08-05T08:28:54.430,1.875,-162.224,54.904,0.0,0.541,0.513,0.027,10.769,2,20210805T080000_2
2021-08-05T08:29:06.685,2.555,-162.577,54.903,28797.24,0.493,0.349,-0.012,6.968,3,20210805T080000_3
2021-08-05T09:31:49.834,2.084,-161.369,54.904,49986.416,0.499,0.213,0.034,10.444,4,20210805T080000_4
2021-08-05T09:32:05.854,2.418,-161.003,55.133,2938.703,0.28,0.239,0.026,6.914,5,20210805T080000_5
2021-08-05T09:32:39.117,1.845,-161.354,55.248,295.886,0.371,0.316,0.051,5.123,6,20210805T080000_6
2021-08-05T09:38:43.560,1.425,-161.008,54.904,50749.016,0.228,0.283,0.02,6.0,7,20210805T080000_7
2021-08-05T09:38:56.775,1.545,-161.162,54.903,35776.076,0.267,0.233,0.024,4.0,8,20210805T080000_8
2021-08-05T09:40:27.913,1.403,-161.451,54.904,46253.577,0.444,0.225,-0.018,7.0,9,20210805T080000_9
2021-08-05T09:40:39.301,1.55,-161.286,54.903,35768.844,0.277,0.174,0.008,6.0,10,20210805T080000_10
2021-08-05T09:47:03.294,1.838,-162.746,55.119,61000.0,0.916,0.239,-0.121,9.0,11,20210805T080000_11
2021-08-05T10:18:55.906,1.382,-161.749,54.905,61000.0,0.771,0.041,0.017,4.0,12,20210805T080000_12
2021-08-05T10:54:55.000,0.396,-162.039,55.314,0.0,0.897,0.761,-0.388,5.0,13,20210805T080000_13
2021-08-05T12:18:51.486,1.247,-161.306,55.144,61000.0,0.28,0.352,-0.047,5.0,14,20210805T080000_14
2021-08-05T12:19:40.839,0.487,-161.676,55.498,23238.136,0.022,0.366,0.001,4.835,15,20210805T080000_15
2021-08-05T13:16:22.222,0.994,-162.35,54.904,0.0,0.361,0.4,0.024,5.619,16,20210805T080000_16
2021-08-05T13:16:24.385,1.197,-161.457,54.904,0.0,0.453,0.249,0.033,3.811,17,20210805T080000_17
2021-08-05T13:36:30.018,1.733,-161.653,54.905,26523.127,0.426,0.112,-0.002,11.0,18,20210805T080000_18
2021-08-05T13:36:38.654,2.231,-161.625,54.905,28077.862,0.81,0.197,-0.044,11.0,19,20210805T080000_19
2021-08-05T13:54:32.153,1.436,-161.174,55.226,61000.0,0.95,0.285,-0.138,6.0,20,20210805T080000_20
2021-08-05T13:55:02.701,0.614,-161.422,55.33,697.156,0.321,0.29,0.03,3.914,21,20210805T080000_21
2021-08-05T14:10:09.882,0.647,-162.152,55.314,13659.229,0.125,0.169,-0.001,4.0,22,20210805T080000_22
2021-08-05T15:45:21.104,1.405,-161.006,55.012,61000.0,0.417,0.239,-0.057,5.0,23,20210805T080000_23
2021-08-05T15:46:08.157,0.687,-161.83,55.352,18438.433,0.3,0.376,0.02,5.0,24,20210805T080000_24
2021-08-05T16:12:52.124,1.383,-161.737,55.1,23161.981,0.76,0.235,-0.109,5.905,1,20210805T160000_1
2021-08-05T16:19:21.136,0.986,-162.587,55.215,2.591,0.367,0.1,0.009,3.759,2,20210805T160000_2
2021-08-05T16:19:45.311,1.134,-161.596,55.207,2556.064,0.212,0.36,0.042,3.977,3,20210805T160000_3
2021-08-05T16:27:40.293,1.202,-161.432,55.138,45449.107,0.646,0.248,0.027,5.578,4,20210805T160000_4
2021-08-05T16:28:13.128,1.246,-161.75,55.349,24601.795,0.728,0.204,-0.063,10.0,5,20210805T160000_5
2021-08-05T16:30:18.339,1.202,-161.59,55.36,61000.0,0.732,0.32,-0.134,7.0,6,20210805T160000_6
2021-08-05T17:04:40.567,1.372,-161.569,55.292,61000.0,0.885,0.252,0.002,10.0,7,20210805T160000_7
2021-08-05T17:05:20.074,0.749,-162.347,55.428,6246.201,0.592,0.289,0.01,5.911,8,20210805T160000_8
2021-08-05T17:20:25.966,1.692,-161.007,54.95,61000.0,0.501,0.204,0.023,9.846,9,20210805T160000_9
2021-08-05T18:00:51.309,2.09,-161.606,55.343,43201.226,0.639,0.68,0.02,12.98,10,20210805T160000_10
2021-08-05T18:00:59.712,1.981,-161.817,55.211,153.008,0.809,0.075,0.02,6.02,11,20210805T160000_11
2021-08-05T18:01:19.119,3.42,-161.053,55.411,61000.0,0.573,0.253,0.065,4.0,12,20210805T160000_12
2021-08-05T19:19:42.424,1.296,-161.559,54.904,61000.0,0.5,0.144,0.03,6.0,13,20210805T160000_13
2021-08-05T19:34:25.769,1.4,-161.475,55.465,56426.645,0.59,0.183,-0.036,8.0,14,20210805T160000_14
2021-08-05T19:53:21.697,1.568,-161.176,55.255,61000.0,0.655,0.221,-0.012,8.0,15,20210805T160000_15
2021-08-05T21:11:44.711,0.977,-162.546,54.903,30016.971,0.015,0.157,-0.001,3.731,16,20210805T160000_16
2021-08-05T21:24:05.536,1.36,-161.425,55.146,41087.074,0.284,0.114,-0.017,6.392,17,20210805T160000_17
2021-08-05T21:43:37.995,1.713,-161.197,55.305,48719.056,0.742,0.188,-0.008,12.822,18,20210805T160000_18
2021-08-05T21:44:08.373,2.138,-161.003,55.118,61000.0,0.587,0.216,0.029,6.973,19,20210805T160000_19
2021-08-05T22:08:23.247,0.638,-162.151,55.873,23291.895,0.194,0.314,-0.007,4.0,20,20210805T160000_20
2021-08-05T23:02:06.998,0.635,-162.544,54.987,10557.689,0.0,0.394,0.0,4.0,21,20210805T160000_21
2021-08-05T23:12:11.813,1.671,-162.242,54.904,180.975,0.261,0.545,0.01,9.791,22,20210805T160000_22
2021-08-05T23:12:27.595,1.647,-162.355,54.904,12005.952,0.572,0.502,-0.052,5.788,23,20210805T160000_23
2021-08-05T23:26:20.715,1.626,-162.211,54.904,0.0,0.401,0.536,0.006,9.123,24,20210805T160000_24
2021-08-05T23:26:33.969,2.192,-162.45,54.904,24161.02,0.412,0.328,-0.042,5.893,25,20210805T160000_25
2021-08-05T23:47:08.871,0.29,-162.255,54.904,3132.204,0.156,0.527,0.006,4.0,26,20210805T160000_26
2021-08-05T23:47:25.933,0.742,-162.229,54.904,270.218,0.661,0.238,0.047,3.851,27,20210805T160000_27
2021-08-05T23:56:16.138,1.238,-161.343,55.386,36711.386,0.657,0.259,0.022,10.0,28,20210805T160000_28
2021-08-05T23:56:28.379,1.896,-161.212,55.424,61000.0,0.948,0.134,0.041,7.964,29,20210805T160000_29
2021-08-05T23:59:48.552,1.259,-162.256,55.263,61000.0,0.249,0.345,-0.001,7.0,1,20210806T000000_1
2021-08-06T01:09:09.327,1.19,-161.536,55.232,31615.695,0.314,0.302,-0.042,8.0,2,20210806T000000_2
2021-08-06T03:07:30.550,0.342,-161.665,55.424,8298.471,0.452,0.36,-0.03,6.0,3,20210806T000000_3
2021-08-06T03:07:57.308,-0.753,-161.816,55.353,0.0,0.891,0.483,0.265,3.999,4,20210806T000000_4
2021-08-06T03:37:42.704,0.944,-161.825,55.298,22060.974,0.43,0.288,-0.014,6.277,5,20210806T000000_5
2021-08-06T03:40:56.708,0.543,-162.223,54.943,253.913,0.224,0.624,0.032,6.088,6,20210806T000000_6
2021-08-06T03:40:57.476,1.698,-162.541,55.505,57818.737,0.0,0.403,0.0,3.615,7,20210806T000000_7
2021-08-06T03:41:01.592,1.906,-162.773,54.902,55552.62,0.62,0.177,-0.05,4.03,8,20210806T000000_8
2021-08-06T04:27:58.952,1.464,-161.001,55.238,61000.0,0.598,0.223,-0.021,10.0,9,20210806T000000_9
2021-08-06T04:28:12.055,1.737,-161.002,55.182,61000.0,0.764,0.16,0.001,10.0,10,20210806T000000_10
2021-08-06T06:10:51.758,0.706,-161.785,55.222,10521.092,0.576,0.323,0.062,11.0,11,20210806T000000_11
2021-08-06T07:53:26.699,1.768,-161.0,55.273,61000.0,0.372,0.258,0.018,7.894,12,20210806T000000_12
2021-08-06T07:54:03.782,1.666,-161.298,55.191,18716.378,0.653,0.26,0.116,6.0,13,20210806T000000_13
2021-08-06T09:10:35.895,0.967,-162.216,54.904,61000.0,1.033,0.065,-0.018,5.0,1,20210806T080000_1
2021-08-06T09:18:49.107,0.461,-161.723,55.222,1620.893,1.008,0.269,0.139,5.0,2,20210806T080000_2
2021-08-06T10:44:04.322,1.338,-162.78,55.227,61000.0,0.678,0.226,0.046,7.57,3,20210806T080000_3
2021-08-06T11:25:03.540,0.439,-161.534,55.351,985.068,0.113,0.365,0.022,3.794,4,20210806T080000_4
2021-08-06T11:32:39.250,1.447,-161.261,55.729,394.522,0.359,0.303,-0.019,3.76,5,20210806T080000_5
2021-08-06T11:34:57.693,0.107,-162.234,54.944,873.09,0.439,0.558,0.067,6.0,6,20210806T080000_6
2021-08-06T11:35:14.350,0.432,-162.205,54.905,0.0,0.584,0.415,0.03,5.0,7,20210806T080000_7
2021-08-06T12:08:50.487,1.152,-162.01,55.718,61000.0,0.397,0.111,0.028,4.433,8,20210806T080000_8
2021-08-06T12:24:05.592,1.408,-162.773,54.902,61000.0,0.785,0.166,-0.029,5.803,9,20210806T080000_9
2021-08-06T12:24:23.269,0.818,-162.312,54.904,166.632,0.67,0.135,-0.015,4.197,10,20210806T080000_10
2021-08-06T12:42:24.621,1.209,-161.592,55.098,54618.669,0.691,0.163,0.028,12.93,11,20210806T080000_11
2021-08-06T12:42:42.266,1.591,-161.256,54.903,32708.93,0.75,0.137,-0.027,8.0,12,20210806T080000_12
2021-08-06T13:43:25.167,1.069,-161.832,54.905,61000.0,1.058,0.138,0.046,8.0,13,20210806T080000_13
2021-08-06T13:50:28.718,2.885,-161.005,55.031,61000.0,0.974,0.411,0.251,22.0,14,20210806T080000_14
2021-08-06T14:04:35.760,1.623,-161.005,55.028,61000.0,0.596,0.321,0.028,13.405,15,20210806T080000_15
2021-08-06T14:04:50.114,1.509,-161.415,55.053,22331.709,0.281,0.185,0.002,7.595,16,20210806T080000_16
2021-08-06T14:25:06.345,1.122,-161.008,54.902,5877.879,0.391,0.226,-0.003,3.685,17,20210806T080000_17
2021-08-06T14:31:18.754,1.392,-161.396,54.904,61000.0,1.095,0.175,-0.095,8.0,18,20210806T080000_18
2021-08-06T14:53:53.081,1.007,-161.44,54.904,26289.235,0.357,0.297,-0.058,4.0,19,20210806T080000_19
2021-08-06T14:54:15.064,0.644,-161.792,55.292,0.0,0.224,0.315,0.028,3.702,20,20210806T080000_20
2021-08-06T15:23:14.320,0.222,-162.042,55.303,0.0,0.796,0.341,-0.181,4.0,21,20210806T080000_21
2021-08-06T15:59:47.307,1.263,-162.493,55.371,61000.0,0.278,0.148,0.002,4.0,1,20210806T160000_1
2021-08-06T16:18:20.458,1.017,-162.202,54.905,0.0,0.396,0.52,0.024,9.697,2,20210806T160000_2
2021-08-06T16:23:24.462,1.216,-162.218,54.904,0.0,0.407,0.565,0.021,8.761,3,20210806T160000_3
2021-08-06T16:50:49.337,1.204,-161.102,54.902,46311.351,0.224,0.251,-0.012,5.639,4,20210806T160000_4
2021-08-06T16:58:38.342,1.409,-161.28,55.364,61000.0,0.645,0.17,0.02,9.823,5,20210806T160000_5
2021-08-06T16:59:17.072,1.44,-161.004,55.091,61000.0,0.501,0.132,-0.01,4.0,6,20210806T160000_6
2021-08-06T17:10:04.481,1.227,-161.555,54.904,61000.0,0.53,0.089,0.014,8.0,7,20210806T160000_7
2021-08-06T17:24:18.022,0.198,-162.07,55.222,0.0,0.66,0.354,-0.154,4.0,8,20210806T160000_8
2021-08-06T17:51:43.466,1.108,-162.109,54.905,61000.0,0.799,0.125,-0.009,8.0,9,20210806T160000_9
2021-08-06T18:01:05.408,0.041,-162.006,55.352,0.0,0.812,0.321,-0.048,9.0,10,20210806T160000_10
2021-08-06T20:31:19.427,1.093,-161.34,54.904,57688.029,0.409,0.176,-0.019,6.0,11,20210806T160000_11
2021-08-06T20:31:35.346,0.974,-161.509,54.904,35905.582,0.51,0.122,0.021,5.0,12,20210806T160000_12
2021-08-06T21:00:25.851,-0.291,-161.796,55.301,450.235,0.931,0.316,0.179,6.0,13,20210806T160000_13
2021-08-06T22:23:05.036,0.889,-162.535,55.52,47686.756,0.229,0.206,-0.015,6.0,14,20210806T160000_14
2021-08-06T22:33:34.892,1.431,-162.208,54.904,0.0,0.38,0.571,0.053,10.021,15,20210806T160000_15
2021-08-06T22:33:48.216,2.217,-162.431,54.904,28583.034,0.885,0.322,-0.031,5.977,16,20210806T160000_16
2021-08-06T23:07:14.923,0.904,-162.376,54.904,12031.835,0.306,0.35,-0.0,9.0,17,20210806T160000_17
2021-08-06T23:07:28.072,1.274,-162.454,54.904,6852.926,0.589,0.418,-0.049,8.0,18,20210806T160000_18
2021-08-07T00:29:15.712,1.415,-162.773,54.902,43568.029,0.304,0.21,0.035,6.315,1,20210807T000000_1
2021-08-07T00:40:02.340,0.434,-161.901,55.264,1446.328,0.856,0.36,0.017,6.0,2,20210807T000000_2
2021-08-07T01:15:34.046,0.65,-161.881,55.474,26601.03,0.0,0.371,-0.0,4.0,3,20210807T000000_3
2021-08-07T03:25:50.464,0.552,-161.623,55.46,238.356,0.642,0.312,0.108,4.0,4,20210807T000000_4
2021-08-07T03:58:05.154,1.707,-161.24,55.195,61000.0,0.49,0.195,0.031,13.849,5,20210807T000000_5
2021-08-07T03:58:32.076,2.125,-161.342,54.944,54881.564,0.007,0.179,-0.001,3.851,6,20210807T000000_6
2021-08-07T04:02:21.228,1.485,-162.773,54.902,61000.0,1.08,0.217,0.175,11.003,7,20210807T000000_7
2021-08-07T04:02:48.212,0.576,-162.32,55.319,0.0,0.794,0.41,-0.171,3.997,8,20210807T000000_8
2021-08-07T04:09:15.793,1.086,-162.061,55.681,0.0,0.43,0.172,-0.006,3.807,9,20210807T000000_9
2021-08-07T05:07:12.860,1.242,-162.515,54.903,61000.0,0.344,0.281,-0.039,4.713,10,20210807T000000_10
2021-08-07T05:14:42.434,1.257,-161.008,54.921,26497.347,0.221,0.253,-0.028,6.0,11,20210807T000000_11
2021-08-07T05:14:50.186,1.286,-161.127,54.903,50707.378,0.636,0.181,0.039,5.0,12,20210807T000000_12
2021-08-07T06:29:54.160,1.264,-161.911,54.905,61000.0,0.259,0.057,-0.009,4.0,13,20210807T000000_13
2021-08-07T09:13:35.131,1.609,-162.374,54.904,61000.0,0.602,0.231,-0.062,13.0,1,20210807T080000_1
2021-08-07T10:03:16.215,0.684,-161.983,55.308,21872.688,0.396,0.369,-0.15,4.955,2,20210807T080000_2
2021-08-07T11:35:24.158,1.601,-162.773,54.902,61000.0,0.504,0.123,0.015,6.067,3,20210807T080000_3
2021-08-07T12:34:51.996,1.686,-162.773,54.902,61000.0,0.671,0.205,0.076,5.0,4,20210807T080000_4
2021-08-07T12:45:32.783,1.428,-161.007,54.956,31506.173,0.175,0.384,0.01,5.0,5,20210807T080000_5
2021-08-07T12:45:39.340,1.677,-161.093,54.902,54478.328,0.476,0.278,-0.017,7.0,6,20210807T080000_6
2021-08-07T12:47:22.635,1.709,-161.008,54.902,42573.354,0.247,0.284,0.019,8.0,7,20210807T080000_7
2021-08-07T12:47:31.104,1.964,-161.233,54.903,61000.0,0.72,0.217,-0.033,10.0,8,20210807T080000_8
2021-08-07T14:11:23.725,1.095,-162.663,55.284,0.0,0.079,0.327,-0.014,3.682,9,20210807T080000_9
2021-08-07T15:02:35.509,1.736,-162.622,55.168,61000.0,0.65,0.288,-0.011,6.0,10,20210807T080000_10
2021-08-07T16:50:03.365,1.288,-161.737,55.3,44381.275,0.658,0.323,0.065,9.0,1,20210807T160000_1
2021-08-07T16:50:37.258,0.925,-161.864,55.372,13580.406,0.495,0.46,0.021,6.599,2,20210807T160000_2
2021-08-07T18:11:46.328,1.009,-162.158,54.905,0.0,0.805,0.417,0.079,5.405,3,20210807T160000_3
2021-08-07T22:30:42.451,0.515,-162.357,55.0,142.037,0.024,0.636,0.003,5.0,4,20210807T160000_4
2021-08-07T22:31:00.769,1.182,-162.43,54.941,852.254,0.649,0.525,0.001,5.944,5,20210807T160000_5
2021-08-07T23:21:44.632,0.8,-161.817,55.395,30304.47,0.888,0.409,0.228,5.0,6,20210807T160000_6
2021-08-07T23:31:50.849,1.344,-161.508,55.52,57392.416,0.0,0.345,-0.0,4.0,7,20210807T160000_7
2021-08-07T23:39:26.548,0.349,-162.076,55.473,0.0,1.211,0.624,0.547,7.876,8,20210807T160000_8
2021-08-08T01:25:22.253,1.431,-161.003,55.132,45069.38,0.221,0.371,-0.007,4.998,1,20210808T000000_1
2021-08-08T05:07:17.728,2.417,-161.18,54.903,61000.0,0.568,0.311,-0.0,22.0,2,20210808T000000_2
2021-08-08T11:22:49.585,1.567,-161.077,55.409,0.0,0.509,0.264,-0.093,5.0,1,20210808T080000_1
2021-08-08T14:53:26.619,1.649,-162.776,55.038,61000.0,0.308,0.257,0.019,7.0,2,20210808T080000_2
2021-08-08T15:04:13.683,1.26,-161.652,54.972,61000.0,0.023,0.394,-0.002,3.822,3,20210808T080000_3
2021-08-08T18:43:53.175,0.135,-161.927,55.398,402.518,0.925,0.383,0.133,6.0,1,20210808T160000_1
2021-08-08T18:49:55.912,0.46,-161.73,55.439,3743.696,0.0,0.423,0.0,3.432,2,20210808T160000_2
2021-08-08T20:42:19.805,1.853,-161.988,55.455,61000.0,0.683,0.243,0.072,7.0,3,20210808T160000_3
2021-08-08T23:04:24.508,2.026,-160.998,55.35,61000.0,0.379,0.245,0.025,9.0,4,20210808T160000_4
2021-08-08T23:04:37.954,2.25,-161.297,55.416,61000.0,0.743,0.232,-0.071,8.967,5,20210808T160000_5
2021-08-09T01:43:13.784,0.749,-162.112,55.282,1102.524,0.414,0.304,0.039,6.0,1,20210809T000000_1
2021-08-09T01:59:57.629,2.122,-161.112,55.238,61000.0,0.395,0.276,-0.006,6.687,2,20210809T000000_2
2021-08-09T01:59:58.910,2.006,-162.773,54.915,61000.0,0.667,0.309,0.04,9.169,3,20210809T000000_3
2021-08-09T02:00:03.514,1.383,-161.573,55.628,29143.793,0.281,0.284,-0.01,5.144,4,20210809T000000_4
2021-08-09T02:58:04.944,-0.502,-161.82,55.338,0.0,0.252,0.544,0.042,3.987,5,20210809T000000_5
2021-08-09T03:15:43.486,0.465,-162.074,55.347,0.0,1.07,0.261,0.082,5.0,6,20210809T000000_6
2021-08-09T04:33:06.657,1.497,-162.493,54.903,5248.396,0.886,0.439,-0.015,12.0,7,20210809T000000_7
2021-08-09T04:33:25.538,2.028,-162.448,54.904,0.0,0.66,0.519,-0.324,9.0,8,20210809T000000_8
2021-08-09T06:08:39.711,1.83,-161.004,55.085,61000.0,0.766,0.276,0.098,11.963,9,20210809T000000_9
2021-08-09T06:09:06.614,2.206,-161.066,54.902,61000.0,0.207,0.24,0.001,6.0,10,20210809T000000_10
2021-08-09T08:31:07.304,1.848,-161.001,55.234,55039.828,0.696,0.222,-0.005,13.747,1,20210809T080000_1
2021-08-09T08:32:00.376,0.656,-162.007,55.299,76.943,0.928,0.45,-0.042,6.0,2,20210809T080000_2
2021-08-09T08:59:12.723,0.795,-161.576,55.105,0.0,0.174,0.255,-0.01,4.818,3,20210809T080000_3
2021-08-09T09:16:09.469,1.331,-161.008,54.906,1784.382,0.141,0.338,0.006,4.896,4,20210809T080000_4
2021-08-09T09:45:40.901,1.435,-162.628,55.089,32614.812,0.468,0.409,0.103,6.859,5,20210809T080000_5
2021-08-09T10:55:30.461,1.218,-162.713,54.902,3116.589,0.424,0.358,-0.048,4.0,6,20210809T080000_6
2021-08-09T10:55:42.909,1.285,-162.663,54.902,10940.813,0.595,0.339,-0.045,5.0,7,20210809T080000_7
2021-08-09T11:21:37.814,1.576,-161.0,55.259,57898.525,0.384,0.321,0.049,8.387,8,20210809T080000_8
2021-08-09T11:21:43.258,2.008,-161.793,55.922,61000.0,0.458,0.23,0.049,5.698,9,20210809T080000_9
2021-08-09T11:29:57.836,2.535,-161.635,54.905,61000.0,0.977,0.473,0.039,22.0,10,20210809T080000_10
2021-08-09T12:56:47.073,1.537,-162.581,54.903,11690.621,0.621,0.337,-0.02,10.405,11,20210809T080000_11
2021-08-09T12:56:53.583,2.08,-162.773,54.902,61000.0,0.066,0.353,0.006,4.001,12,20210809T080000_12
2021-08-09T12:57:20.901,1.104,-162.115,55.4,1679.63,0.141,0.184,-0.001,4.0,13,20210809T080000_13
2021-08-09T13:02:13.068,0.386,-162.281,54.974,0.0,0.442,0.871,0.081,4.848,14,20210809T080000_14
2021-08-09T13:02:45.985,2.293,-161.151,55.31,61000.0,0.525,0.18,0.022,9.883,15,20210809T080000_15
2021-08-09T13:03:07.443,2.85,-160.995,55.465,61000.0,0.89,0.295,0.021,7.0,16,20210809T080000_16
2021-08-09T13:30:29.721,1.385,-162.072,54.905,61000.0,0.921,0.119,-0.035,6.0,17,20210809T080000_17
2021-08-09T13:56:07.376,0.76,-161.765,55.129,0.0,0.682,0.304,0.1,5.0,18,20210809T080000_18
2021-08-09T14:51:09.484,1.571,-161.575,55.307,42480.248,0.552,0.172,0.001,12.855,19,20210809T080000_19
2021-08-09T14:51:50.762,1.346,-162.608,55.163,0.0,0.291,0.331,0.004,3.991,20,20210809T080000_20
2021-08-09T14:55:05.255,1.959,-161.001,55.226,61000.0,0.729,0.222,0.036,15.975,21,20210809T080000_21
2021-08-09T17:47:54.258,2.358,-160.998,55.36,61000.0,0.525,0.189,0.001,9.0,1,20210809T160000_1
2021-08-09T17:48:13.169,2.673,-161.398,55.453,61000.0,0.334,0.245,0.011,5.234,2,20210809T160000_2
2021-08-09T17:48:29.072,1.759,-161.59,55.424,617.176,0.263,0.29,0.032,4.766,3,20210809T160000_3
2021-08-09T18:33:37.493,1.106,-162.321,54.996,0.0,0.33,0.445,0.028,8.085,4,20210809T160000_4
2021-08-09T18:33:48.151,1.497,-162.448,54.904,16430.281,0.684,0.348,0.04,8.0,5,20210809T160000_5
2021-08-10T03:50:22.693,1.88,-162.773,54.902,61000.0,1.099,0.151,0.118,9.001,1,20210810T000000_1
2021-08-10T03:50:50.054,0.999,-162.329,55.315,0.0,0.733,0.422,-0.153,3.999,2,20210810T000000_2
2021-08-10T03:51:37.565,1.749,-161.095,54.902,46528.724,0.292,0.24,-0.011,7.0,3,20210810T000000_3
2021-08-10T03:51:48.401,1.958,-161.317,54.904,51047.703,0.541,0.248,-0.009,4.789,4,20210810T000000_4
2021-08-10T06:04:47.615,1.792,-161.273,55.351,61000.0,0.546,0.286,-0.009,13.676,5,20210810T000000_5
2021-08-10T06:20:12.785,2.994,-162.773,54.902,61000.0,0.764,0.367,-0.092,10.811,6,20210810T000000_6
2021-08-10T06:20:17.709,2.381,-161.318,54.904,0.0,0.422,0.446,-0.054,8.903,7,20210810T000000_7
2021-08-10T07:35:28.972,1.529,-161.035,54.902,23021.513,0.388,0.315,0.01,5.922,8,20210810T000000_8
2021-08-10T07:36:00.424,-0.548,-161.753,55.371,0.0,0.063,0.742,-0.007,5.0,9,20210810T000000_9
2021-08-10T07:49:39.706,1.859,-162.773,54.902,61000.0,0.765,0.299,-0.184,18.0,10,20210810T000000_10
2021-08-10T09:00:14.425,1.826,-160.989,55.758,0.0,0.963,0.293,0.03,8.949,1,20210810T080000_1
2021-08-10T10:56:11.646,0.521,-161.693,55.345,23214.747,0.947,0.365,-0.214,8.0,2,20210810T080000_2
2021-08-10T13:52:47.776,1.569,-161.525,55.587,27233.034,0.84,0.291,0.005,14.969,3,20210810T080000_3
2021-08-10T13:52:55.950,2.439,-160.99,55.724,39151.82,0.543,0.217,0.046,8.005,4,20210810T080000_4
2021-08-10T19:25:15.525,1.536,-161.122,55.229,43649.86,0.309,0.302,0.035,7.639,1,20210810T160000_1
2021-08-10T19:25:54.353,1.574,-161.511,55.209,9681.356,0.485,0.294,0.058,6.959,2,20210810T160000_2
2021-08-10T21:16:17.950,1.92,-161.752,54.905,34221.206,0.59,0.177,0.023,11.0,3,20210810T160000_3
2021-08-10T21:16:38.701,2.474,-161.923,54.953,33504.948,0.314,0.37,-0.031,5.322,4,20210810T160000_4
2021-08-10T21:16:44.310,2.178,-161.852,54.96,0.0,0.491,0.175,0.033,8.678,5,20210810T160000_5
2021-08-10T22:12:34.344,1.41,-161.007,54.96,56745.138,0.295,0.361,-0.003,6.0,6,20210810T160000_6
2021-08-10T22:12:39.391,1.607,-161.008,54.91,59077.79,0.7,0.321,-0.041,4.0,7,20210810T160000_7
2021-08-10T22:21:37.452,0.96,-162.197,55.138,0.0,0.089,0.287,0.015,4.0,8,20210810T160000_8
2021-08-10T22:25:18.462,1.648,-161.065,54.902,34073.943,0.319,0.179,0.017,9.0,9,20210810T160000_9
2021-08-10T22:25:23.815,1.866,-161.055,54.902,61000.0,0.71,0.235,0.01,9.0,10,20210810T160000_10
2021-08-11T01:28:23.271,0.773,-162.188,54.905,0.0,0.142,0.429,0.003,6.0,1,20210811T000000_1
2021-08-11T01:28:36.650,1.541,-162.671,54.902,17753.47,0.705,0.311,0.011,5.67,2,20210811T000000_2
2021-08-11T01:32:42.290,1.396,-162.773,54.902,43958.658,0.672,0.023,0.003,5.0,3,20210811T000000_3
2021-08-11T05:31:27.332,1.794,-161.273,55.246,61000.0,0.527,0.192,0.015,12.0,4,20210811T000000_4
2021-08-11T05:32:08.684,1.221,-161.752,55.145,15365.641,0.723,0.161,0.047,4.935,5,20210811T000000_5
2021-08-11T05:44:08.243,2.263,-161.002,55.18,61000.0,0.504,0.209,-0.017,10.881,6,20210811T000000_6
2021-08-11T05:46:45.489,2.313,-161.315,55.247,61000.0,0.49,0.203,0.021,13.0,7,20210811T000000_7
2021-08-11T05:47:07.622,2.781,-161.002,55.169,61000.0,0.746,0.232,-0.026,8.771,8,20210811T000000_8
2021-08-11T05:51:32.417,2.219,-161.004,55.078,61000.0,0.807,0.235,-0.024,14.995,9,20210811T000000_9
2021-08-11T05:52:01.542,2.568,-161.494,55.252,61000.0,0.45,0.225,-0.017,4.971,10,20210811T000000_10
2021-08-11T05:52:18.918,1.652,-161.962,55.256,12361.561,0.026,0.241,0.002,3.974,11,20210811T000000_11
2021-08-11T06:44:14.765,-0.709,-161.865,55.15,0.0,0.919,1.007,0.258,3.94,12,20210811T000000_12
2021-08-11T06:53:33.208,1.655,-161.096,54.902,48513.496,0.219,0.203,-0.003,9.0,13,20210811T000000_13
2021-08-11T06:53:42.739,1.663,-161.182,54.903,52675.208,0.603,0.204,-0.055,8.0,14,20210811T000000_14
2021-08-11T07:01:58.395,1.531,-161.359,54.904,43806.848,0.575,0.177,0.031,9.853,15,20210811T000000_15
2021-08-11T07:02:09.373,1.674,-161.446,54.904,47230.385,0.671,0.241,-0.006,9.987,16,20210811T000000_16
2021-08-11T08:15:45.635,2.55,-161.005,55.053,61000.0,0.805,0.228,0.023,16.0,1,20210811T080000_1
2021-08-11T08:16:32.237,1.514,-161.898,55.218,0.0,0.298,0.351,0.045,3.964,2,20210811T080000_2
2021-08-11T08:18:05.063,1.995,-162.684,54.974,61000.0,0.528,0.308,-0.022,6.0,3,20210811T080000_3
2021-08-11T08:18:51.330,0.928,-161.914,55.184,6717.81,0.811,0.294,-0.042,4.825,4,20210811T080000_4
2021-08-11T09:25:19.396,1.233,-162.773,54.902,53355.356,1.144,0.121,0.088,4.0,5,20210811T080000_5
2021-08-11T09:51:16.714,0.704,-162.241,54.904,0.0,0.684,0.43,-0.05,7.0,6,20210811T080000_6
2021-08-11T09:51:27.253,1.083,-162.259,54.904,0.0,0.493,0.491,0.043,6.994,7,20210811T080000_7
2021-08-11T10:11:40.355,1.28,-161.402,54.904,57103.454,0.241,0.272,-0.023,7.0,8,20210811T080000_8
2021-08-11T10:11:50.593,1.541,-161.289,54.903,50333.827,0.792,0.242,-0.026,8.0,9,20210811T080000_9
2021-08-11T12:04:57.169,0.35,-162.046,55.438,0.0,0.865,0.522,0.271,3.999,10,20210811T080000_10
2021-08-11T12:59:01.375,1.709,-161.005,55.051,45288.461,0.511,0.251,0.018,11.878,11,20210811T080000_11
2021-08-11T12:59:24.820,1.756,-161.001,55.211,0.0,0.69,0.268,-0.115,6.69,12,20210811T080000_12
2021-08-11T14:30:22.804,1.369,-161.001,55.242,61000.0,0.397,0.445,-0.06,5.0,13,20210811T080000_13
2021-08-11T14:32:19.883,1.0,-162.752,54.906,4688.329,0.084,0.269,0.006,3.761,14,20210811T080000_14
2021-08-11T17:45:53.829,1.484,-162.773,54.902,61000.0,1.214,0.217,-0.273,9.0,1,20210811T160000_1
2021-08-11T17:53:28.156,0.628,-161.74,55.24,14204.2,0.798,0.47,-0.21,6.638,2,20210811T160000_2
2021-08-11T17:53:43.904,1.484,-160.997,55.398,61000.0,0.678,0.261,-0.078,3.742,3,20210811T160000_3
2021-08-11T17:57:41.072,2.002,-161.765,55.502,61000.0,0.45,0.432,-0.087,4.731,5,20210811T160000_5
2021-08-11T17:57:41.305,1.033,-161.769,55.202,889.004,0.33,0.59,0.074,4.269,4,20210811T160000_4
2021-08-11T18:07:58.265,1.439,-161.006,54.994,2366.858,0.171,0.484,-0.023,5.0,6,20210811T160000_6
2021-08-11T18:51:11.381,0.652,-161.728,55.243,17775.728,0.0,0.326,0.0,4.0,7,20210811T160000_7
2021-08-11T19:28:10.929,1.447,-161.452,55.3,40099.684,0.533,0.298,-0.017,10.792,8,20210811T160000_8
2021-08-11T19:28:40.801,1.552,-161.475,55.162,0.0,0.587,0.344,0.017,6.0,9,20210811T160000_9
2021-08-11T20:39:50.769,1.29,-162.044,54.905,56514.834,0.474,0.131,0.021,5.0,10,20210811T160000_10
2021-08-12T00:38:23.441,1.608,-161.216,55.346,61000.0,0.605,0.23,0.027,11.0,1,20210812T000000_1
2021-08-12T00:38:56.301,1.046,-161.646,55.288,15.422,0.651,0.349,0.092,9.176,2,20210812T000000_2
2021-08-12T01:32:37.403,-0.731,-161.783,55.432,0.0,0.361,0.267,0.007,4.0,3,20210812T000000_3
2021-08-12T02:54:59.961,1.109,-162.775,55.021,8591.855,0.316,0.299,0.003,8.0,4,20210812T000000_4
2021-08-12T02:55:11.172,1.431,-162.777,55.093,25859.43,0.794,0.213,-0.047,6.0,5,20210812T000000_5
2021-08-12T03:10:29.728,1.891,-161.078,55.368,61000.0,0.457,0.166,0.025,11.0,6,20210812T000000_6
2021-08-12T03:10:44.291,2.261,-160.997,55.394,61000.0,0.986,0.184,0.021,10.0,7,20210812T000000_7
2021-08-12T03:14:49.468,1.181,-162.776,55.062,20622.556,0.654,0.22,-0.028,7.0,8,20210812T000000_8
2021-08-12T03:15:05.305,1.237,-162.588,55.068,16948.924,0.186,0.297,0.001,5.828,9,20210812T000000_9
2021-08-12T03:23:27.146,1.434,-160.997,55.382,61000.0,0.635,0.37,-0.008,5.0,10,20210812T000000_10
2021-08-12T03:57:32.026,1.3,-162.145,54.985,61000.0,0.333,0.281,0.042,4.0,11,20210812T000000_11
2021-08-12T04:52:40.704,2.443,-161.768,54.905,61000.0,0.925,0.388,-0.027,22.999,12,20210812T000000_12
2021-08-12T05:13:53.274,0.239,-162.278,54.941,3645.262,0.031,0.543,0.002,3.997,13,20210812T000000_13
2021-08-12T05:14:03.218,0.645,-162.242,54.904,0.0,0.389,0.43,0.03,4.975,14,20210812T000000_14
2021-08-12T05:15:08.143,0.697,-162.236,54.904,0.0,0.652,0.411,-0.041,6.994,15,20210812T000000_15
2021-08-12T05:15:18.557,1.054,-162.244,54.904,0.0,0.538,0.469,-0.061,7.96,16,20210812T000000_16
2021-08-12T08:52:05.003,1.451,-161.001,55.239,61000.0,0.772,0.255,0.008,9.0,1,20210812T080000_1
2021-08-12T08:52:25.590,1.411,-161.579,55.406,61000.0,0.182,0.256,-0.019,5.149,2,20210812T080000_2
2021-08-12T09:55:04.154,2.526,-161.438,55.235,61000.0,0.768,0.23,0.028,16.0,3,20210812T080000_3
2021-08-12T09:55:37.672,2.615,-161.065,55.336,0.0,0.578,0.421,0.027,5.54,4,20210812T080000_4
2021-08-12T10:05:07.248,1.377,-162.787,55.544,61000.0,0.706,0.089,0.039,5.0,5,20210812T080000_5
2021-08-12T10:28:18.194,1.918,-161.007,54.928,61000.0,0.437,0.226,0.043,7.146,7,20210812T080000_7
2021-08-12T10:28:19.360,1.867,-160.998,55.362,61000.0,0.377,0.295,0.057,6.854,6,20210812T080000_6
2021-08-12T10:28:35.527,2.414,-161.006,54.991,55891.193,0.47,0.269,-0.012,10.0,8,20210812T080000_8
2021-08-12T10:39:47.828,1.43,-161.108,55.517,61000.0,0.621,0.266,-0.022,7.758,9,20210812T080000_9
2021-08-12T10:40:31.829,1.257,-161.871,55.327,0.0,0.105,0.137,0.004,4.0,10,20210812T080000_10
2021-08-12T10:55:05.501,-0.064,-162.006,55.431,0.0,0.859,0.794,0.268,5.0,11,20210812T080000_11
2021-08-12T11:12:27.290,0.56,-161.729,55.333,21130.002,0.739,0.336,-0.053,8.0,12,20210812T080000_12
2021-08-12T11:12:48.736,1.023,-162.154,55.454,0.0,0.683,0.422,0.213,4.996,13,20210812T080000_13
2021-08-12T12:09:05.083,1.714,-162.759,54.902,61000.0,0.519,0.273,0.016,9.553,14,20210812T080000_14
2021-08-12T12:56:16.553,1.359,-161.478,54.904,61000.0,0.406,0.172,0.038,6.0,15,20210812T080000_15
2021-08-12T13:19:07.025,1.564,-161.391,54.904,50788.583,0.601,0.159,0.032,11.0,16,20210812T080000_16
2021-08-12T13:19:20.143,1.862,-161.367,54.904,34496.491,0.587,0.186,0.005,10.0,17,20210812T080000_17
2021-08-12T13:31:27.357,1.277,-161.005,55.045,52345.978,0.45,0.23,-0.064,4.0,18,20210812T080000_18
2021-08-12T15:59:54.550,0.549,-161.885,55.442,31188.769,0.0,0.35,-0.0,4.0,1,20210812T160000_1
2021-08-12T16:04:54.567,1.528,-162.452,55.167,61000.0,0.399,0.292,0.011,9.876,2,20210812T160000_2
2021-08-12T17:20:15.983,1.089,-160.997,55.389,53717.632,0.404,0.34,0.034,4.818,3,20210812T160000_3
2021-08-12T19:36:55.964,1.755,-161.002,55.183,25112.267,0.531,0.357,0.054,13.0,4,20210812T160000_4
2021-08-12T19:37:16.970,1.979,-161.003,55.151,0.0,0.831,0.3,0.046,7.0,5,20210812T160000_5
2021-08-12T20:39:56.417,1.335,-162.778,55.161,61000.0,0.357,0.434,-0.008,7.831,6,20210812T160000_6
2021-08-12T20:45:43.894,1.923,-161.218,55.258,61000.0,0.52,0.211,0.009,12.0,7,20210812T160000_7
2021-08-12T20:45:59.479,2.142,-161.005,55.031,48329.255,0.618,0.235,0.03,9.921,8,20210812T160000_8
2021-08-12T21:15:04.163,1.411,-162.48,55.122,61000.0,0.345,0.299,-0.04,8.0,9,20210812T160000_9
2021-08-12T21:16:42.979,1.49,-161.003,55.108,56228.6,0.563,0.219,-0.005,10.869,10,20210812T160000_10
2021-08-12T21:17:08.586,0.947,-161.658,55.131,15965.878,0.816,0.307,-0.017,8.111,11,20210812T160000_11
2021-08-12T21:49:57.465,1.647,-161.218,54.903,52233.754,0.522,0.225,0.01,12.0,12,20210812T160000_12
2021-08-12T21:50:10.326,1.901,-161.347,54.904,41616.988,0.616,0.237,-0.003,11.0,13,20210812T160000_13
2021-08-12T22:01:22.632,1.734,-161.365,55.331,54817.659,0.444,0.186,-0.012,10.505,14,20210812T160000_14
2021-08-12T22:02:06.251,1.164,-162.282,55.22,14694.386,0.0,0.324,0.0,3.95,15,20210812T160000_15
2021-08-12T22:07:49.152,1.496,-161.0,55.255,61000.0,0.528,0.227,-0.019,9.0,16,20210812T160000_16
2021-08-12T22:08:02.609,1.776,-161.001,55.241,60541.616,0.747,0.256,-0.003,8.258,17,20210812T160000_17
2021-08-12T22:37:48.058,1.184,-161.694,55.393,61000.0,0.669,0.173,-0.077,4.0,18,20210812T160000_18
2021-08-12T22:54:20.704,1.078,-161.277,55.733,0.0,0.256,0.22,-0.023,4.83,19,20210812T160000_19
2021-08-12T23:16:03.028,0.544,-161.829,55.339,27394.211,0.0,0.272,0.0,4.0,20,20210812T160000_20
2021-08-13T00:37:11.582,-0.169,-161.763,55.399,0.0,0.491,0.532,-0.029,4.0,1,20210813T000000_1
2021-08-13T00:45:30.640,1.206,-161.559,54.904,0.0,0.855,0.419,-0.056,4.0,2,20210813T000000_2
2021-08-13T00:52:56.147,1.496,-161.006,55.014,61000.0,0.713,0.174,-0.05,7.99,3,20210813T000000_3
2021-08-13T00:55:06.177,1.768,-160.997,55.382,61000.0,0.592,0.229,0.017,9.0,4,20210813T000000_4
2021-08-13T00:55:23.406,2.196,-160.998,55.342,54867.99,0.516,0.307,-0.02,7.007,5,20210813T000000_5
2021-08-13T00:55:30.937,1.833,-160.995,55.481,26062.484,0.161,0.159,0.013,3.993,6,20210813T000000_6
2021-08-13T01:51:25.489,1.269,-162.773,54.902,61000.0,1.004,0.038,-0.011,4.0,7,20210813T000000_7
2021-08-13T02:59:38.909,1.201,-162.773,54.902,61000.0,1.412,0.118,0.003,3.681,8,20210813T000000_8
2021-08-13T04:03:02.205,1.441,-161.771,54.93,61000.0,0.497,0.198,-0.024,4.932,9,20210813T000000_9
2021-08-13T04:08:21.093,1.261,-161.154,54.963,35253.914,0.309,0.13,-0.014,6.0,10,20210813T000000_10
2021-08-13T04:29:56.058,1.039,-162.511,54.903,0.0,0.779,0.406,-0.022,10.0,11,20210813T000000_11
2021-08-13T04:30:07.932,1.341,-162.516,54.903,8534.153,0.84,0.306,-0.082,6.958,12,20210813T000000_12
2021-08-13T06:03:21.668,1.485,-161.453,55.282,58734.365,0.581,0.224,0.018,15.0,13,20210813T000000_13
2021-08-13T06:04:02.599,0.817,-161.929,55.101,0.0,1.265,0.38,0.321,4.903,14,20210813T000000_14
2021-08-13T06:47:07.491,1.264,-161.008,54.902,60881.293,0.962,0.392,-0.115,4.0,15,20210813T000000_15
2021-08-13T07:30:45.408,0.168,-161.95,55.291,0.0,0.124,0.213,-0.004,4.0,16,20210813T000000_16
2021-08-13T08:12:43.136,1.328,-162.773,54.902,61000.0,1.01,0.139,0.067,5.054,1,20210813T080000_1
2021-08-13T10:49:33.170,1.166,-161.572,55.443,61000.0,0.54,0.247,0.026,7.0,2,20210813T080000_2
2021-08-13T10:49:49.953,1.373,-160.998,55.366,32811.627,0.533,0.289,0.003,8.0,3,20210813T080000_3
2021-08-13T11:38:42.463,1.211,-161.666,54.905,61000.0,0.259,0.044,-0.002,6.0,4,20210813T080000_4
2021-08-13T12:10:29.322,2.087,-161.921,54.905,61000.0,1.063,0.523,0.005,21.0,5,20210813T080000_5
2021-08-13T13:15:25.388,1.053,-162.777,55.082,61000.0,0.19,0.042,0.003,4.0,6,20210813T080000_6
2021-08-13T13:39:18.933,1.287,-160.996,55.446,0.0,0.68,0.093,0.011,5.0,7,20210813T080000_7
2021-08-13T13:53:51.149,0.833,-161.593,54.905,29937.737,0.237,0.159,0.022,7.0,8,20210813T080000_8
2021-08-13T13:54:16.211,0.541,-162.046,55.186,16463.254,0.425,0.157,-0.026,5.898,9,20210813T080000_9
2021-08-13T14:21:45.478,0.774,-161.791,55.203,17659.658,0.452,0.256,-0.073,8.6,10,20210813T080000_10
2021-08-13T14:54:34.194,1.342,-161.004,55.103,50057.193,0.64,0.337,0.024,6.0,11,20210813T080000_11
2021-08-13T15:17:06.771,1.14,-162.653,54.903,41423.46,0.113,0.386,-0.003,5.0,12,20210813T080000_12
2021-08-13T15:19:25.951,1.595,-162.452,55.099,61000.0,0.156,0.426,-0.002,6.0,13,20210813T080000_13
2021-08-13T16:07:02.584,1.196,-161.563,54.904,61000.0,0.577,0.171,0.054,9.0,1,20210813T160000_1
2021-08-13T16:24:11.145,1.186,-161.109,54.902,43555.191,0.359,0.192,-0.023,6.0,2,20210813T160000_2
2021-08-13T16:33:14.907,0.465,-162.773,54.902,4577.745,0.45,0.198,0.036,4.0,3,20210813T160000_3
2021-08-13T17:29:10.519,1.975,-161.479,55.31,56688.322,0.49,0.277,0.028,12.0,4,20210813T160000_4
2021-08-13T17:29:48.749,2.047,-161.724,55.173,28309.915,0.124,0.169,-0.008,4.039,5,20210813T160000_5
2021-08-13T17:33:49.195,1.559,-162.773,54.902,45611.608,0.257,0.282,0.033,9.56,6,20210813T160000_6
2021-08-13T17:49:59.812,0.987,-162.071,55.22,0.0,0.48,0.669,-0.214,4.0,7,20210813T160000_7
2021-08-13T18:03:10.618,1.09,-161.936,54.905,61000.0,0.647,0.077,0.025,8.0,8,20210813T160000_8
2021-08-13T18:51:22.736,0.468,-161.888,55.461,25713.515,0.347,0.314,-0.044,7.0,9,20210813T160000_9
2021-08-13T19:11:54.535,1.003,-162.429,55.049,61000.0,0.199,0.179,-0.007,5.0,10,20210813T160000_10
2021-08-13T19:24:10.399,1.358,-160.999,55.291,57995.549,0.228,0.067,0.0,4.0,11,20210813T160000_11
2021-08-13T19:53:20.885,1.392,-161.008,54.902,61000.0,0.923,0.075,-0.027,8.0,12,20210813T160000_12
2021-08-13T21:02:34.103,1.202,-161.594,54.905,61000.0,0.382,0.303,0.025,5.0,13,20210813T160000_13
2021-08-13T21:19:53.092,0.989,-162.662,54.902,49693.038,0.608,0.087,0.015,6.0,14,20210813T160000_14
2021-08-13T21:46:38.462,1.543,-160.999,55.314,61000.0,0.292,0.254,-0.021,7.0,15,20210813T160000_15
2021-08-13T22:18:19.878,1.422,-161.174,54.903,53245.913,0.303,0.185,0.015,11.0,16,20210813T160000_16
2021-08-13T22:18:30.696,1.585,-161.311,54.904,51542.812,0.558,0.213,-0.005,10.0,17,20210813T160000_17
2021-08-13T23:14:07.976,1.388,-161.006,54.989,2286.833,0.176,0.292,-0.004,4.0,18,20210813T160000_18
2021-08-13T23:26:32.175,1.331,-161.391,55.253,61000.0,0.467,0.188,0.018,8.0,19,20210813T160000_19
2021-08-13T23:45:17.902,0.881,-161.321,54.904,38501.985,0.372,0.136,0.011,4.997,20,20210813T160000_20
2021-08-13T23:45:42.393,0.559,-162.17,55.237,22861.175,0.439,0.179,0.029,4.989,21,20210813T160000_21
2021-08-13T23:59:48.523,0.873,-162.231,55.415,61000.0,0.341,0.204,-0.019,5.0,1,20210814T000000_1
2021-08-14T00:30:48.027,-0.241,-162.025,55.432,0.0,0.939,0.622,0.484,5.0,2,20210814T000000_2
2021-08-14T01:39:02.794,1.318,-162.412,55.097,61000.0,0.342,0.363,-0.017,9.0,3,20210814T000000_3
2021-08-14T01:56:53.281,1.229,-162.773,54.902,61000.0,0.309,0.099,0.003,4.482,4,20210814T000000_4
2021-08-14T02:45:29.108,1.046,-161.361,55.435,51692.826,0.42,0.233,0.01,6.917,5,20210814T000000_5
2021-08-14T02:46:27.313,0.645,-161.771,55.291,0.0,0.661,0.328,0.098,7.0,6,20210814T000000_6
2021-08-14T03:09:28.399,1.08,-161.046,54.902,38604.273,0.34,0.182,-0.018,5.919,7,20210814T000000_7
2021-08-14T03:31:19.219,0.722,-161.597,55.278,27910.914,0.626,0.277,0.055,12.933,8,20210814T000000_8
2021-08-14T04:20:29.361,0.922,-162.773,54.902,12920.153,0.07,0.339,0.008,4.016,9,20210814T000000_9
2021-08-14T04:21:29.700,1.067,-161.251,54.903,0.0,0.721,0.316,-0.059,9.465,11,20210814T000000_11
2021-08-14T04:21:30.850,0.912,-162.773,54.902,0.0,0.69,0.169,0.044,5.519,10,20210814T000000_10
2021-08-14T04:22:28.150,1.26,-161.793,54.905,61000.0,0.806,0.216,-0.221,17.0,12,20210814T000000_12
2021-08-14T05:12:01.022,1.146,-161.234,54.903,61000.0,1.084,0.052,0.032,5.0,13,20210814T000000_13
2021-08-14T06:21:09.476,1.91,-161.444,54.904,61000.0,0.751,0.39,0.121,19.537,14,20210814T000000_14
2021-08-14T07:59:49.201,0.757,-162.078,55.315,61000.0,0.205,0.426,-0.021,5.0,1,20210814T080000_1
2021-08-14T08:43:06.840,1.121,-161.633,54.949,61000.0,0.295,0.17,0.004,9.728,2,20210814T080000_2
2021-08-14T10:26:06.799,-0.109,-162.066,55.428,3143.273,0.582,0.444,0.094,6.0,3,20210814T080000_3
2021-08-14T10:36:34.894,1.614,-162.234,55.827,61000.0,0.838,0.373,-0.018,15.935,4,20210814T080000_4
2021-08-14T10:37:55.403,0.633,-161.954,55.4,16081.645,0.39,0.443,-0.063,3.83,5,20210814T080000_5
2021-08-14T10:41:18.385,1.011,-162.773,54.902,61000.0,1.122,0.143,0.108,6.0,6,20210814T080000_6
2021-08-14T10:55:24.705,1.179,-161.287,55.361,61000.0,0.414,0.235,0.002,11.0,7,20210814T080000_7
2021-08-14T11:58:09.248,4.544,-161.097,55.252,61000.0,0.425,0.283,-0.015,11.0,8,20210814T080000_8
2021-08-14T11:58:39.330,5.399,-161.181,55.007,61000.0,0.113,0.346,0.021,3.636,9,20210814T080000_9
2021-08-14T12:15:27.070,2.416,-161.531,55.31,31251.018,0.626,0.489,-0.018,7.0,10,20210814T080000_10
2021-08-14T12:15:46.030,2.811,-161.001,55.238,46156.06,0.783,0.521,0.128,5.0,11,20210814T080000_11
2021-08-14T12:22:30.979,3.246,-162.767,54.902,61000.0,1.008,0.238,-0.003,21.0,12,20210814T080000_12
2021-08-14T12:35:26.838,1.872,-161.619,55.382,33468.547,0.726,0.386,0.036,13.0,13,20210814T080000_13
2021-08-14T12:35:50.581,2.2,-161.0,55.257,0.0,0.847,0.465,0.142,4.0,14,20210814T080000_14
2021-08-14T12:40:34.858,1.864,-160.988,55.805,4025.25,0.526,0.588,0.054,3.658,15,20210814T080000_15
2021-08-14T13:00:12.641,1.819,-161.227,55.31,55623.356,0.18,0.53,-0.017,9.203,16,20210814T080000_16
2021-08-14T13:07:08.233,2.469,-161.575,55.351,53553.794,0.675,0.372,0.001,11.657,17,20210814T080000_17
2021-08-14T13:12:17.309,1.423,-161.336,55.077,43736.695,0.192,0.509,0.004,4.737,18,20210814T080000_18
2021-08-14T13:30:21.976,1.667,-162.778,55.17,61000.0,0.464,0.58,-0.121,4.0,19,20210814T080000_19
2021-08-14T13:45:21.054,1.239,-161.564,55.141,32474.25,0.459,0.323,0.059,9.597,20,20210814T080000_20
2021-08-14T13:45:57.754,1.298,-161.518,55.182,0.0,0.335,0.354,-0.029,4.0,21,20210814T080000_21
2021-08-14T14:00:20.717,1.637,-162.513,55.471,49409.992,0.141,0.097,0.003,4.926,22,20210814T080000_22
2021-08-14T14:21:27.452,1.46,-161.355,55.099,22649.991,0.759,0.283,0.115,13.777,23,20210814T080000_23
2021-08-14T14:22:02.056,1.154,-161.788,55.271,17710.786,0.0,0.39,0.0,3.574,24,20210814T080000_24
2021-08-14T14:34:19.698,1.446,-161.053,55.239,56134.567,0.305,0.333,-0.012,9.913,25,20210814T080000_25
2021-08-14T14:47:31.493,1.13,-161.307,55.365,31935.409,0.0,0.061,0.0,4.0,26,20210814T080000_26
2021-08-14T14:55:32.259,1.921,-161.568,55.331,50902.003,0.696,0.336,0.027,17.634,27,20210814T080000_27
2021-08-14T14:56:03.204,2.185,-161.033,55.102,0.0,0.381,0.245,0.038,8.401,28,20210814T080000_28
2021-08-14T15:11:31.737,1.055,-161.615,55.352,35118.882,0.62,0.227,0.032,10.0,29,20210814T080000_29
2021-08-14T15:12:11.158,0.784,-161.735,55.225,0.0,0.467,0.371,0.101,3.766,30,20210814T080000_30
2021-08-14T15:21:21.682,1.864,-161.19,55.216,61000.0,0.443,0.205,0.001,10.847,31,20210814T080000_31
2021-08-14T15:21:44.428,2.449,-161.006,55.015,61000.0,0.703,0.166,0.049,6.648,32,20210814T080000_32
2021-08-14T15:59:48.662,0.81,-162.197,55.393,61000.0,0.398,0.397,-0.069,5.0,1,20210814T160000_1
2021-08-14T16:55:22.863,0.41,-161.872,55.158,816.069,0.817,0.301,0.076,7.819,2,20210814T160000_2
2021-08-14T16:55:44.997,1.105,-161.369,55.406,21244.992,1.005,0.197,-0.111,10.0,3,20210814T160000_3
2021-08-14T16:57:05.844,1.344,-161.001,55.234,61000.0,0.582,0.255,-0.084,8.0,4,20210814T160000_4
2021-08-14T16:57:46.085,0.336,-161.876,55.238,0.0,0.327,0.235,0.022,3.992,5,20210814T160000_5
2021-08-14T17:02:14.113,1.391,-161.377,55.193,45902.002,0.627,0.2,0.027,17.19,6,20210814T160000_6
2021-08-14T17:02:50.585,1.176,-161.884,55.426,30556.637,0.953,0.376,-0.541,10.0,7,20210814T160000_7
2021-08-14T17:33:48.230,1.611,-161.252,55.148,61000.0,0.706,0.254,0.047,16.0,8,20210814T160000_8
2021-08-14T17:34:14.094,1.89,-161.006,54.992,37968.743,0.835,0.24,0.002,6.706,9,20210814T160000_9
2021-08-14T17:47:00.126,1.18,-161.432,54.954,61000.0,0.274,0.194,0.001,5.202,11,20210814T160000_11
2021-08-14T17:47:04.645,0.797,-162.522,54.977,40911.6,0.379,0.133,-0.011,4.798,10,20210814T160000_10
2021-08-14T17:58:16.498,1.317,-161.433,55.476,30584.597,0.472,0.343,-0.028,5.728,12,20210814T160000_12
2021-08-14T18:07:01.952,1.019,-162.516,55.174,17758.499,0.196,0.063,-0.027,4.932,14,20210814T160000_14
2021-08-14T18:07:07.006,0.906,-162.161,55.372,0.0,0.375,0.323,0.031,4.068,13,20210814T160000_13
2021-08-14T18:07:26.485,1.2,-162.175,55.599,0.0,0.409,0.328,0.086,4.0,15,20210814T160000_15
2021-08-14T18:26:42.684,1.215,-161.0,55.273,49589.917,0.206,0.058,0.002,4.0,16,20210814T160000_16
2021-08-14T18:38:45.613,1.171,-161.764,55.119,28445.44,0.696,0.211,0.013,9.336,18,20210814T160000_18
2021-08-14T18:38:46.343,0.936,-161.475,55.541,0.0,0.522,0.24,-0.048,5.664,17,20210814T160000_17
2021-08-14T18:39:08.853,1.954,-160.992,55.616,11495.126,0.905,0.204,-0.051,6.759,19,20210814T160000_19
2021-08-14T18:45:06.493,2.342,-161.276,55.308,53606.872,0.462,0.24,0.015,11.923,20,20210814T160000_20
2021-08-14T18:45:12.874,1.855,-161.592,55.031,2701.87,0.485,0.13,0.022,5.077,21,20210814T160000_21
2021-08-14T18:45:34.843,2.771,-161.725,55.922,15929.598,0.232,0.468,-0.061,4.079,22,20210814T160000_22
2021-08-14T19:39:24.436,1.773,-162.773,54.902,61000.0,0.629,0.422,-0.054,7.46,23,20210814T160000_23
2021-08-14T19:39:25.841,1.612,-161.672,54.905,61000.0,0.723,0.203,-0.084,6.928,24,20210814T160000_24
2021-08-14T19:46:56.464,1.323,-161.006,54.993,61000.0,0.382,0.116,0.008,3.996,25,20210814T160000_25
2021-08-14T20:54:14.433,1.216,-160.999,55.32,60436.943,0.294,0.23,0.021,9.93,26,20210814T160000_26
2021-08-14T20:54:21.684,1.713,-161.731,55.922,61000.0,0.52,0.263,0.041,5.427,27,20210814T160000_27
2021-08-14T20:56:42.595,1.28,-162.249,54.904,40747.602,0.636,0.309,-0.082,14.897,28,20210814T160000_28
2021-08-14T23:59:48.818,0.818,-162.154,55.273,61000.0,0.423,0.35,0.005,5.0,1,20210815T000000_1
2021-08-15T00:04:46.534,1.347,-161.008,54.902,61000.0,1.053,0.273,0.122,17.0,2,20210815T000000_2
2021-08-15T00:10:19.544,0.474,-161.799,55.011,0.0,0.341,0.362,0.079,5.0,3,20210815T000000_3
2021-08-15T00:29:46.566,1.286,-161.006,54.98,53335.893,0.34,0.286,-0.002,11.0,4,20210815T000000_4
2021-08-15T00:45:24.698,0.971,-162.114,54.905,61000.0,0.692,0.081,-0.008,6.0,5,20210815T000000_5
2021-08-15T01:07:27.563,0.34,-162.339,54.904,18650.845,0.456,0.236,-0.005,3.926,6,20210815T000000_6
2021-08-15T02:32:36.732,1.085,-161.792,55.261,25090.675,0.674,0.366,-0.094,6.201,7,20210815T000000_7
2021-08-15T02:33:01.049,0.15,-162.032,55.439,0.0,0.698,0.88,0.355,5.0,8,20210815T000000_8
2021-08-15T04:08:42.212,0.106,-161.761,55.33,4.646,0.33,0.367,-0.044,4.0,9,20210815T000000_9
2021-08-15T07:09:25.222,1.711,-161.008,54.904,60468.769,0.312,0.185,0.017,11.0,10,20210815T000000_10
2021-08-15T07:09:32.821,2.056,-161.008,54.902,59560.872,0.663,0.221,0.019,11.0,11,20210815T000000_11
2021-08-15T07:58:24.030,1.325,-161.201,54.903,44903.295,0.32,0.205,0.022,11.0,12,20210815T000000_12
2021-08-15T07:58:31.064,1.462,-161.148,54.903,61000.0,0.717,0.237,0.012,9.0,13,20210815T000000_13
2021-08-15T07:59:49.131,0.993,-162.188,55.354,61000.0,0.21,0.331,-0.003,6.0,1,20210815T080000_1
2021-08-15T09:08:39.131,1.125,-160.994,55.541,37113.225,0.484,0.454,-0.01,7.707,2,20210815T080000_2
2021-08-15T09:09:13.674,1.258,-161.244,55.209,26339.979,0.644,0.143,0.017,8.0,3,20210815T080000_3
2021-08-15T09:13:37.588,2.063,-161.347,54.904,45618.971,0.382,0.226,0.032,10.794,4,20210815T080000_4
2021-08-15T09:14:01.116,1.899,-161.358,55.302,10361.661,0.04,0.314,0.002,7.0,5,20210815T080000_5
2021-08-15T11:22:19.227,1.427,-161.48,55.276,53249.697,0.569,0.285,-0.001,11.748,6,20210815T080000_6
2021-08-15T11:22:46.526,1.863,-160.994,55.518,34722.225,0.289,0.169,0.008,5.83,7,20210815T080000_7
2021-08-15T11:56:59.153,1.672,-160.988,55.777,61000.0,0.782,0.193,0.026,4.08,9,20210815T080000_9
2021-08-15T11:57:01.999,1.109,-161.35,54.904,41287.227,0.178,0.203,-0.011,5.05,8,20210815T080000_8
2021-08-15T11:57:12.607,1.175,-161.164,55.132,61000.0,0.283,0.263,-0.02,3.87,10,20210815T080000_10
2021-08-15T11:59:06.977,1.145,-161.284,55.266,54183.649,0.181,0.247,0.001,7.087,11,20210815T080000_11
2021-08-15T11:59:11.133,1.051,-161.845,55.136,52187.238,0.242,0.166,-0.016,6.913,12,20210815T080000_12
2021-08-15T12:18:40.557,1.166,-161.651,54.975,30573.745,0.489,0.218,-0.039,8.23,13,20210815T080000_13
2021-08-15T12:19:04.317,2.25,-161.009,55.267,59265.387,0.426,0.085,0.006,4.703,14,20210815T080000_14
2021-08-15T12:38:49.385,1.301,-161.006,55.008,42436.453,0.193,0.132,0.007,3.769,15,20210815T080000_15
2021-08-15T12:57:21.366,1.139,-161.0,55.281,55824.183,0.083,0.307,-0.016,5.0,16,20210815T080000_16
2021-08-15T13:53:32.494,1.285,-162.773,54.902,61000.0,1.344,0.164,0.084,8.0,17,20210815T080000_17
2021-08-15T14:31:38.200,0.965,-161.65,54.905,35839.439,0.36,0.213,-0.004,4.945,18,20210815T080000_18
2021-08-15T15:14:18.576,1.292,-161.606,54.905,61000.0,0.894,0.269,-0.032,17.0,19,20210815T080000_19
2021-08-15T17:25:11.876,1.229,-161.002,55.195,61000.0,0.098,0.365,0.008,4.646,1,20210815T160000_1
2021-08-15T17:42:35.369,1.596,-160.998,55.349,61000.0,0.71,0.246,0.177,12.351,2,20210815T160000_2
2021-08-15T17:47:24.769,1.377,-161.09,55.131,61000.0,0.189,0.103,-0.007,5.721,3,20210815T160000_3
2021-08-15T19:18:24.437,2.102,-162.482,54.903,54641.534,0.659,0.448,-0.22,15.559,4,20210815T160000_4
2021-08-15T19:45:13.107,1.179,-161.203,55.209,35465.436,0.283,0.3,-0.033,6.0,5,20210815T160000_5
2021-08-15T19:45:59.852,0.406,-161.83,55.232,0.0,0.778,0.306,0.1,6.0,6,20210815T160000_6
2021-08-15T22:19:26.214,1.628,-161.005,55.027,59447.79,0.358,0.202,0.028,10.0,7,20210815T160000_7
2021-08-15T22:19:34.011,1.78,-161.005,55.021,58165.365,0.461,0.296,-0.018,10.0,8,20210815T160000_8
2021-08-15T22:30:14.490,1.176,-161.152,54.935,50833.29,0.324,0.304,-0.001,5.0,9,20210815T160000_9
2021-08-16T00:40:22.676,0.651,-162.282,54.904,0.0,0.68,0.494,-0.007,6.0,1,20210816T000000_1
2021-08-16T00:40:41.563,0.498,-162.268,54.904,0.0,0.233,0.481,0.031,3.52,2,20210816T000000_2
2021-08-16T01:44:36.902,0.909,-161.277,54.903,18.182,0.231,0.301,-0.027,4.0,3,20210816T000000_3
2021-08-16T01:47:30.747,1.877,-161.208,55.178,61000.0,0.516,0.214,0.027,12.883,4,20210816T000000_4
2021-08-16T01:48:00.500,2.237,-161.203,55.054,61000.0,0.479,0.266,0.02,6.426,5,20210816T000000_5
2021-08-16T03:16:14.280,1.164,-161.477,54.904,43561.395,0.392,0.195,-0.007,8.703,6,20210816T000000_6
2021-08-16T03:16:44.277,0.093,-161.727,55.334,0.0,0.263,0.589,0.031,7.0,7,20210816T000000_7
2021-08-16T04:12:30.964,1.108,-161.252,54.903,0.0,0.729,0.295,0.001,7.947,9,20210816T000000_9
2021-08-16T04:12:32.438,0.948,-162.773,54.902,0.0,0.554,0.237,-0.004,4.817,8,20210816T000000_8
2021-08-16T04:12:56.007,-0.469,-161.794,55.335,0.0,0.081,0.297,0.017,4.236,10,20210816T000000_10
2021-08-16T04:47:57.085,0.45,-161.838,55.205,9486.096,0.655,0.249,-0.067,5.969,11,20210816T000000_11
2021-08-16T04:53:28.932,1.815,-162.773,54.902,46760.196,0.801,0.144,0.057,14.941,12,20210816T000000_12
2021-08-16T08:05:50.858,0.778,-161.912,55.352,31497.568,0.428,0.389,-0.088,4.939,1,20210816T080000_1
2021-08-16T08:48:33.490,1.649,-162.773,54.902,61000.0,1.021,0.262,-0.133,3.824,2,20210816T080000_2
2021-08-16T08:48:56.533,0.315,-161.561,55.519,0.0,0.226,0.436,-0.035,3.583,3,20210816T080000_3
2021-08-16T09:56:04.531,1.91,-162.761,54.902,61000.0,0.819,0.231,-0.016,15.0,4,20210816T080000_4
2021-08-16T11:31:02.603,-0.169,-161.901,55.386,0.0,0.388,0.213,0.035,5.0,5,20210816T080000_5
2021-08-16T12:20:11.147,1.904,-161.0,55.27,61000.0,0.478,0.357,0.045,13.0,6,20210816T080000_6
2021-08-16T12:56:08.534,0.259,-161.812,55.239,10644.136,0.547,0.324,-0.088,8.0,7,20210816T080000_7
2021-08-16T13:05:47.161,1.241,-161.272,55.146,61000.0,0.08,0.29,0.004,4.0,8,20210816T080000_8
2021-08-16T13:06:38.435,0.705,-161.731,55.169,0.0,0.608,0.402,0.03,5.0,9,20210816T080000_9
2021-08-16T13:07:24.070,0.341,-161.802,55.211,0.0,0.101,0.457,0.021,5.0,10,20210816T080000_10
2021-08-16T15:39:12.237,1.688,-162.773,54.902,61000.0,1.046,0.32,-0.233,16.0,11,20210816T080000_11
2021-08-16T16:24:29.137,2.63,-161.0,55.286,61000.0,0.393,0.263,0.007,10.864,1,20210816T160000_1
2021-08-16T16:25:06.211,2.694,-161.068,55.215,1681.056,0.296,0.357,0.014,3.775,2,20210816T160000_2
2021-08-17T00:22:42.036,2.225,-161.048,55.485,61000.0,0.316,0.259,0.03,9.595,1,20210817T000000_1
2021-08-17T00:23:23.236,2.291,-161.322,55.381,53095.67,0.434,0.007,0.001,4.0,2,20210817T000000_2
2021-08-17T04:51:47.184,1.759,-162.773,54.902,50336.649,0.73,0.169,0.059,7.0,3,20210817T000000_3
2021-08-17T08:00:41.399,1.588,-162.773,54.902,28225.338,0.429,0.152,0.035,3.638,1,20210817T080000_1
2021-08-17T09:14:19.980,1.416,-161.962,55.243,50261.641,0.453,0.299,-0.084,6.654,3,20210817T080000_3
2021-08-17T09:14:25.016,1.417,-161.672,54.991,0.0,0.325,0.182,0.044,5.346,2,20210817T080000_2
2021-08-17T09:14:43.577,1.904,-162.758,54.902,0.0,1.025,0.433,-0.07,4.0,4,20210817T080000_4
2021-08-17T09:49:27.476,1.495,-161.487,55.348,39802.2,0.486,0.363,-0.007,11.0,5,20210817T080000_5
2021-08-17T09:49:53.483,1.384,-161.124,55.265,12873.721,0.597,0.418,0.083,6.0,6,20210817T080000_6
2021-08-17T11:24:55.933,0.885,-161.459,55.305,20847.421,0.0,0.352,-0.0,4.0,7,20210817T080000_7
2021-08-17T14:04:54.682,1.747,-161.298,54.903,47872.282,0.31,0.333,-0.049,7.999,8,20210817T080000_8
2021-08-17T14:05:08.285,1.514,-161.808,54.905,54173.398,0.844,0.282,-0.121,4.997,9,20210817T080000_9
2021-08-17T17:06:06.967,1.523,-161.421,54.904,50402.698,0.336,0.4,-0.09,7.0,1,20210817T160000_1
2021-08-17T17:11:44.627,1.494,-162.773,54.928,0.0,0.916,0.271,-0.172,7.0,2,20210817T160000_2
2021-08-17T22:23:01.519,1.184,-161.618,55.581,53951.916,0.571,0.497,0.093,6.0,3,20210817T160000_3
2021-08-17T22:46:28.548,1.351,-161.0,55.677,8160.994,0.406,0.411,0.091,4.0,4,20210817T160000_4
2021-08-18T04:35:04.705,0.909,-161.659,55.48,17282.821,0.61,0.288,-0.157,7.0,1,20210818T000000_1
2021-08-18T04:50:44.623,1.563,-161.413,54.904,61000.0,1.12,0.076,-0.015,6.0,2,20210818T000000_2
2021-08-18T04:58:43.552,1.559,-161.259,54.903,0.0,0.968,0.325,-0.014,9.435,4,20210818T000000_4
2021-08-18T04:58:45.272,1.42,-162.77,54.977,0.0,0.161,0.243,0.007,4.575,3,20210818T000000_3
2021-08-18T04:58:51.389,1.673,-161.516,54.904,32265.761,0.4,0.258,-0.027,5.991,5,20210818T000000_5
2021-08-18T07:03:26.417,1.351,-161.008,54.902,35701.296,0.611,0.41,0.0,4.441,6,20210818T000000_6
2021-08-18T09:43:23.884,1.452,-161.005,55.031,53030.569,0.203,0.3,0.001,6.357,1,20210818T080000_1
2021-08-18T09:43:33.386,1.718,-162.04,55.639,61000.0,0.814,0.263,-0.022,6.801,2,20210818T080000_2
2021-08-18T10:16:15.785,0.415,-162.194,55.248,0.0,0.411,0.271,-0.021,4.0,3,20210818T080000_3
2021-08-18T10:21:22.429,1.794,-162.131,54.905,41060.607,0.315,0.399,0.014,5.567,4,20210818T080000_4
2021-08-18T12:09:20.385,1.102,-162.167,55.115,0.0,0.834,0.254,-0.171,6.0,5,20210818T080000_5
2021-08-18T12:40:37.203,0.723,-161.631,55.075,0.0,0.531,0.351,-0.051,4.0,6,20210818T080000_6
2021-08-18T13:30:03.546,1.178,-162.536,54.903,41256.238,0.208,0.347,0.05,4.657,7,20210818T080000_7
2021-08-18T15:00:21.630,0.322,-161.694,55.455,0.0,0.905,0.448,0.148,4.995,8,20210818T080000_8
2021-08-18T17:20:03.403,1.771,-161.432,54.904,39928.614,0.506,0.191,0.017,10.233,1,20210818T160000_1
2021-08-18T17:20:08.377,2.037,-162.635,55.739,61000.0,0.691,0.229,0.018,6.124,2,20210818T160000_2
2021-08-18T17:42:25.431,1.663,-162.773,54.902,0.0,0.627,0.297,-0.165,5.0,3,20210818T160000_3
2021-08-18T17:49:53.101,1.046,-161.833,55.381,25472.145,0.402,0.319,0.066,7.0,4,20210818T160000_4
2021-08-18T17:56:48.797,0.489,-161.698,55.453,11112.061,0.416,0.344,0.082,5.674,5,20210818T160000_5
2021-08-18T18:03:17.087,1.545,-161.23,55.703,0.0,0.093,0.254,-0.002,5.0,6,20210818T160000_6
2021-08-18T18:10:07.791,0.477,-161.76,55.54,0.0,0.554,0.357,-0.099,7.0,7,20210818T160000_7
2021-08-18T18:16:42.745,0.789,-162.1,55.239,24177.628,0.095,0.309,-0.004,5.0,8,20210818T160000_8
2021-08-18T18:22:00.129,1.722,-161.224,54.903,50834.917,0.329,0.155,0.022,11.0,9,20210818T160000_9
2021-08-18T18:22:10.265,1.848,-161.311,54.904,53657.493,0.306,0.23,-0.007,9.0,10,20210818T160000_10
2021-08-18T19:31:12.599,2.505,-161.467,54.904,49318.656,0.445,0.146,0.023,10.729,11,20210818T160000_11
2021-08-18T19:31:17.171,2.828,-162.794,55.839,61000.0,0.893,0.185,-0.022,5.779,12,20210818T160000_12
2021-08-18T20:07:25.015,1.917,-161.003,55.141,61000.0,0.771,0.203,-0.002,12.0,13,20210818T160000_13
2021-08-18T20:07:48.260,2.408,-161.005,55.038,61000.0,0.541,0.234,-0.008,6.751,14,20210818T160000_14
2021-08-18T20:29:23.757,1.026,-161.467,55.177,22179.694,0.649,0.237,0.031,11.825,15,20210818T160000_15
2021-08-18T20:29:49.817,1.217,-161.505,55.357,535.555,0.625,0.427,0.032,7.424,16,20210818T160000_16
2021-08-18T21:22:24.459,1.297,-161.846,55.63,61000.0,0.61,0.348,-0.005,7.0,17,20210818T160000_17
2021-08-18T21:40:15.632,1.62,-160.997,55.418,61000.0,0.423,0.234,0.011,8.0,18,20210818T160000_18
2021-08-18T21:40:37.076,1.587,-160.992,55.628,7514.796,0.738,0.227,-0.037,7.809,19,20210818T160000_19
2021-08-18T21:50:32.366,1.229,-161.471,54.904,26281.156,0.73,0.219,0.032,5.706,20,20210818T160000_20
2021-08-18T22:16:30.379,1.678,-161.272,54.903,42556.694,0.463,0.317,0.054,12.85,21,20210818T160000_21
2021-08-18T22:16:34.090,1.906,-161.251,54.904,61000.0,0.749,0.225,-0.052,10.994,22,20210818T160000_22
2021-08-18T22:27:51.713,0.991,-161.573,55.317,28661.332,0.251,0.398,0.006,7.86,23,20210818T160000_23
2021-08-18T23:59:49.522,0.887,-162.0,55.383,61000.0,0.079,0.502,-0.021,4.0,1,20210819T000000_1
2021-08-19T00:10:33.910,1.18,-161.435,54.904,29880.969,0.275,0.272,-0.045,6.0,2,20210819T000000_2
2021-08-19T00:10:59.128,0.526,-161.737,55.072,0.0,0.399,0.377,0.027,4.0,3,20210819T000000_3
2021-08-19T01:11:17.456,1.623,-161.001,55.198,55347.789,0.71,0.226,-0.005,6.0,4,20210819T000000_4
2021-08-19T01:35:19.806,1.302,-161.965,55.587,61000.0,0.575,0.294,-0.01,10.133,5,20210819T000000_5
2021-08-19T02:10:02.740,1.71,-161.004,55.065,61000.0,1.081,0.25,0.177,21.0,6,20210819T000000_6
2021-08-19T02:23:06.989,1.955,-161.536,55.434,42925.534,0.429,0.222,0.027,10.848,7,20210819T000000_7
2021-08-19T02:23:47.631,2.532,-161.719,55.31,47350.756,0.266,0.215,-0.031,4.916,8,20210819T000000_8
2021-08-19T02:43:30.236,0.439,-161.682,55.314,0.0,0.582,0.37,-0.02,7.144,9,20210819T000000_9
2021-08-19T02:44:05.120,1.295,-162.693,55.631,0.0,0.041,0.21,-0.005,3.782,10,20210819T000000_10
2021-08-19T03:01:34.940,1.15,-161.28,54.903,31403.235,0.247,0.231,-0.027,6.0,11,20210819T000000_11
2021-08-19T03:01:48.079,1.033,-161.263,54.903,2504.509,0.235,0.216,0.014,4.0,12,20210819T000000_12
2021-08-19T03:34:56.091,0.985,-161.74,55.513,28618.126,0.518,0.275,-0.016,8.0,13,20210819T000000_13
2021-08-19T06:42:52.556,1.792,-162.773,54.902,47623.408,1.064,0.36,0.087,3.722,14,20210819T000000_14
2021-08-19T08:02:37.104,1.082,-161.003,55.141,40083.63,0.749,0.433,-0.378,6.0,1,20210819T080000_1
2021-08-19T08:03:10.426,0.655,-161.397,55.355,11639.729,0.504,0.363,-0.081,6.96,2,20210819T080000_2
2021-08-19T08:46:05.431,1.636,-161.686,54.905,61000.0,0.844,0.314,-0.103,20.0,3,20210819T080000_3
2021-08-19T10:12:03.496,1.284,-162.084,54.905,61000.0,0.804,0.2,0.015,8.0,4,20210819T080000_4
2021-08-19T12:20:14.636,1.12,-161.723,55.311,39690.238,0.743,0.238,0.012,11.759,5,20210819T080000_5
2021-08-19T12:20:54.295,1.027,-161.969,55.22,7739.436,0.457,0.13,0.01,5.816,6,20210819T080000_6
2021-08-19T12:27:28.925,1.286,-161.333,55.208,58437.327,0.854,0.255,-0.015,8.0,7,20210819T080000_7
2021-08-19T13:16:52.937,1.293,-162.787,55.552,61000.0,0.377,0.053,0.006,3.97,8,20210819T080000_8
2021-08-19T13:40:17.593,1.124,-161.006,54.973,37760.341,0.303,0.18,0.009,4.0,9,20210819T080000_9
2021-08-19T15:59:49.392,0.678,-161.975,55.324,61000.0,0.208,0.372,-0.006,4.0,1,20210819T160000_1
2021-08-19T16:55:42.970,0.732,-161.652,55.238,39816.49,0.828,0.284,-0.026,10.0,2,20210819T160000_2
2021-08-19T18:29:06.196,0.965,-162.773,54.902,20497.783,0.642,0.22,-0.011,8.0,3,20210819T160000_3
2021-08-19T18:32:07.247,1.155,-161.193,54.903,46097.79,0.259,0.164,0.021,6.0,4,20210819T160000_4
2021-08-19T18:32:18.667,1.171,-161.219,54.903,42934.635,0.692,0.208,0.018,7.0,5,20210819T160000_5
2021-08-19T19:31:12.754,2.239,-161.088,54.902,59173.453,0.319,0.244,0.026,11.0,6,20210819T160000_6
2021-08-19T19:31:22.612,2.448,-161.181,54.903,53969.617,0.577,0.221,0.003,11.0,7,20210819T160000_7
2021-08-19T20:35:13.351,1.256,-162.785,55.452,61000.0,0.87,0.052,0.001,5.0,8,20210819T160000_8
2021-08-20T02:08:51.679,1.026,-161.129,55.586,61000.0,0.193,0.284,-0.02,4.0,1,20210820T000000_1
2021-08-20T05:30:17.333,1.009,-161.385,54.904,20438.507,0.268,0.284,-0.049,3.928,2,20210820T000000_2
2021-08-20T06:18:24.427,1.031,-161.417,55.477,61000.0,0.398,0.325,-0.016,6.0,3,20210820T000000_3
2021-08-20T06:53:34.566,0.841,-161.782,55.238,37080.773,0.0,0.264,0.0,4.0,4,20210820T000000_4
2021-08-20T06:57:33.993,0.788,-161.682,55.211,49158.48,0.369,0.371,0.003,7.0,5,20210820T000000_5
2021-08-20T09:02:34.764,1.527,-162.307,54.904,10972.999,0.228,0.41,0.02,10.0,1,20210820T080000_1
2021-08-20T09:03:00.603,1.101,-162.294,54.973,1553.355,0.359,0.843,0.052,4.744,2,20210820T080000_2
2021-08-20T09:54:39.315,1.313,-161.276,54.903,41246.59,0.229,0.183,0.001,8.0,3,20210820T080000_3
2021-08-20T09:54:51.974,1.305,-161.37,54.904,36888.211,0.73,0.162,-0.044,8.0,4,20210820T080000_4
2021-08-20T10:29:24.738,1.147,-162.773,54.94,54705.659,0.179,0.184,0.005,4.0,5,20210820T080000_5
2021-08-20T10:47:20.890,1.175,-161.582,55.184,61000.0,0.499,0.119,-0.001,6.0,6,20210820T080000_6
2021-08-20T12:21:50.236,1.489,-162.773,54.902,61000.0,0.644,0.249,0.018,9.546,7,20210820T080000_7
2021-08-20T13:38:19.901,-0.063,-161.883,55.159,7444.076,0.206,0.236,0.001,5.0,8,20210820T080000_8
2021-08-20T15:34:44.404,0.997,-162.511,55.031,61000.0,0.563,0.261,-0.029,4.779,9,20210820T080000_9
2021-08-20T15:46:10.656,0.847,-162.779,55.2,27876.963,0.106,0.302,0.008,5.0,10,20210820T080000_10
2021-08-20T16:27:21.634,1.094,-162.3,54.904,61000.0,0.897,0.078,0.021,5.746,1,20210820T160000_1
2021-08-20T16:34:22.510,1.138,-162.773,54.902,61000.0,0.922,0.107,0.043,6.92,2,20210820T160000_2
2021-08-20T16:57:38.954,0.1,-162.205,55.187,0.0,0.406,0.017,0.002,3.618,3,20210820T160000_3
2021-08-20T17:31:55.761,1.268,-162.79,55.699,61000.0,0.728,0.096,0.0,4.873,4,20210820T160000_4
2021-08-20T20:02:34.951,0.862,-162.773,54.902,40408.398,0.718,0.082,0.022,5.0,5,20210820T160000_5
2021-08-20T20:18:44.852,1.173,-160.99,55.716,61000.0,0.714,0.376,0.03,3.887,6,20210820T160000_6
2021-08-20T21:55:53.051,1.466,-161.189,55.368,61000.0,0.675,0.183,0.03,9.0,7,20210820T160000_7
2021-08-20T21:56:12.561,1.44,-160.999,55.327,26908.841,0.683,0.244,0.023,7.565,8,20210820T160000_8
2021-08-20T23:49:06.728,1.512,-161.566,55.258,36274.28,0.491,0.22,0.02,11.973,9,20210820T160000_9
2021-08-20T23:49:47.774,1.304,-162.096,54.978,0.0,0.616,0.466,-0.038,4.0,10,20210820T160000_10
2021-08-21T03:40:26.939,1.072,-162.78,55.25,27.675,0.345,0.395,-0.054,3.847,1,20210821T000000_1
2021-08-21T03:54:32.031,1.793,-161.485,55.251,36284.766,0.411,0.237,0.021,9.586,2,20210821T000000_2
2021-08-21T03:55:00.198,2.647,-160.997,55.393,39330.685,0.1,0.215,-0.004,3.473,3,20210821T000000_3
2021-08-21T08:12:39.592,1.455,-161.004,55.091,46799.8,0.385,0.353,-0.007,6.975,1,20210821T080000_1
2021-08-21T08:45:04.337,1.706,-161.0,55.28,61000.0,0.335,0.324,0.051,10.738,2,20210821T080000_2
2021-08-21T08:52:14.561,2.005,-162.773,54.902,61000.0,0.583,0.414,0.061,11.009,4,20210821T080000_4
2021-08-21T08:52:24.110,2.117,-162.437,54.904,44263.39,0.314,0.551,-0.012,9.991,3,20210821T080000_3
2021-08-21T10:29:16.407,1.157,-161.097,54.902,18583.541,0.201,0.299,0.002,5.0,5,20210821T080000_5
2021-08-21T10:29:23.980,1.502,-161.212,54.903,45842.301,0.619,0.279,0.014,7.0,6,20210821T080000_6
2021-08-21T14:32:29.954,0.832,-162.251,54.904,201.844,0.207,0.173,0.018,4.0,7,20210821T080000_7
2021-08-21T14:32:45.335,0.917,-162.278,54.904,0.0,0.413,0.487,0.05,5.0,8,20210821T080000_8
2021-08-21T16:40:12.357,1.462,-162.773,54.902,61000.0,0.972,0.29,-0.054,14.0,1,20210821T160000_1
2021-08-21T16:56:18.648,1.116,-161.466,54.904,28272.921,0.063,0.238,0.001,3.95,2,20210821T160000_2
2021-08-21T19:52:05.849,1.013,-162.425,54.904,8321.63,0.525,0.561,-0.01,6.319,3,20210821T160000_3
2021-08-22T00:05:25.556,0.761,-162.22,54.938,0.0,0.189,0.662,0.023,5.638,1,20210822T000000_1
2021-08-22T00:05:42.735,0.918,-162.236,55.028,0.0,0.741,0.587,-0.001,5.0,2,20210822T000000_2
2021-08-22T01:05:25.865,2.233,-161.903,54.905,2428.738,0.263,0.343,0.007,4.0,3,20210822T000000_3
2021-08-22T01:46:13.754,1.543,-161.006,55.015,45214.977,0.129,0.241,0.01,4.0,4,20210822T000000_4
2021-08-22T02:19:08.562,1.768,-162.773,54.902,61000.0,1.003,0.113,0.001,6.07,5,20210822T000000_5
2021-08-22T02:19:21.484,1.455,-162.664,54.902,0.0,0.492,0.388,-0.12,4.93,6,20210822T000000_6
2021-08-22T06:42:15.706,0.949,-161.802,55.136,14835.414,0.338,0.215,-0.022,7.053,7,20210822T000000_7
2021-08-22T06:42:43.724,1.678,-161.461,55.056,32286.247,0.794,0.23,-0.027,5.969,8,20210822T000000_8
2021-08-22T07:51:15.444,1.444,-162.78,55.246,61000.0,0.718,0.066,0.019,4.0,9,20210822T000000_9
2021-08-22T07:59:47.922,1.529,-162.365,55.384,61000.0,0.567,0.214,0.033,4.0,1,20210822T080000_1
2021-08-22T09:53:23.986,1.433,-162.773,54.902,61000.0,1.094,0.173,0.078,5.954,2,20210822T080000_2
2021-08-22T09:53:42.310,1.522,-162.787,55.569,61000.0,0.484,0.213,-0.055,3.83,3,20210822T080000_3
2021-08-22T11:47:21.031,1.478,-162.777,55.12,37822.469,0.578,0.273,0.037,7.0,4,20210822T080000_4
2021-08-22T13:44:40.147,-0.526,-162.313,54.981,0.0,0.223,0.931,0.031,3.695,5,20210822T080000_5
2021-08-22T14:42:51.478,1.549,-160.99,55.696,61000.0,0.862,0.404,-0.316,9.0,6,20210822T080000_6
2021-08-22T18:25:11.744,2.031,-161.066,54.902,53315.415,0.339,0.21,0.026,11.0,1,20210822T160000_1
2021-08-22T18:25:18.004,2.219,-161.015,54.902,61000.0,0.778,0.201,0.005,11.0,2,20210822T160000_2
2021-08-22T18:47:16.216,0.692,-161.997,55.149,0.0,0.413,0.26,-0.041,6.0,3,20210822T160000_3
2021-08-22T20:51:26.515,2.37,-161.214,54.903,61000.0,0.455,0.14,0.015,11.0,4,20210822T160000_4
2021-08-22T20:51:36.618,2.831,-161.229,54.903,54826.263,0.784,0.185,0.007,11.0,5,20210822T160000_5
2021-08-23T07:18:45.907,1.26,-161.399,55.261,1811.69,0.476,0.262,0.035,7.994,1,20210823T000000_1
2021-08-23T07:18:54.498,2.021,-161.945,55.922,30139.023,0.239,0.341,-0.016,4.815,2,20210823T000000_2
2021-08-23T07:21:45.378,1.474,-161.287,55.433,12676.442,0.42,0.292,0.043,5.949,3,20210823T000000_3
2021-08-23T10:56:13.790,2.131,-162.773,54.902,59874.943,0.998,0.351,0.054,14.01,1,20210823T080000_1
2021-08-23T10:56:26.237,1.921,-162.272,55.085,61000.0,0.641,0.375,-0.103,6.99,2,20210823T080000_2
2021-08-23T12:22:34.705,0.352,-161.759,55.36,20499.924,0.607,0.328,-0.115,10.0,3,20210823T080000_3
2021-08-23T13:15:22.242,1.01,-161.844,55.485,25255.325,0.219,0.292,0.007,6.0,4,20210823T080000_4
2021-08-23T15:37:09.808,2.038,-162.29,54.904,3479.868,0.426,0.394,-0.09,17.005,5,20210823T080000_5
2021-08-23T17:01:54.407,1.37,-162.467,54.904,61000.0,0.351,0.149,0.018,6.0,1,20210823T160000_1
2021-08-23T18:02:58.967,2.003,-161.857,54.905,61000.0,0.706,0.226,-0.065,17.907,2,20210823T160000_2
2021-08-23T18:24:59.336,0.859,-161.357,55.395,899.731,0.182,0.406,0.017,4.737,3,20210823T160000_3
2021-08-23T18:25:06.294,1.516,-161.004,55.102,35475.532,0.197,0.307,0.03,4.0,4,20210823T160000_4
2021-08-23T18:53:12.232,1.194,-161.684,55.086,21546.676,0.327,0.233,-0.002,9.0,5,20210823T160000_5
2021-08-23T18:53:19.398,1.906,-161.42,54.904,35072.275,0.64,0.123,-0.028,6.798,6,20210823T160000_6
2021-08-23T19:30:27.078,1.552,-161.497,55.449,61000.0,0.378,0.134,-0.0,5.0,7,20210823T160000_7
2021-08-23T22:11:27.065,1.867,-160.988,55.779,45046.032,0.594,0.055,-0.008,4.725,8,20210823T160000_8
2021-08-24T00:38:52.930,1.301,-162.773,54.902,58957.107,0.299,0.196,0.023,5.0,1,20210824T000000_1
2021-08-24T00:52:16.081,1.628,-161.069,54.902,61000.0,1.012,0.273,-0.014,9.112,2,20210824T000000_2
2021-08-24T00:52:39.436,0.583,-161.908,55.139,18246.178,0.118,0.262,-0.013,6.888,3,20210824T000000_3
2021-08-24T00:59:41.846,1.008,-162.269,54.904,4915.834,0.56,0.16,-0.04,9.0,4,20210824T000000_4
2021-08-24T02:45:22.412,1.57,-162.773,54.902,61000.0,1.083,0.232,-0.098,7.39,5,20210824T000000_5
2021-08-24T02:45:40.226,1.181,-162.202,54.905,0.0,0.255,0.273,0.035,4.544,6,20210824T000000_6
2021-08-24T03:32:14.425,1.308,-161.004,55.103,54415.848,0.378,0.264,-0.026,7.0,7,20210824T000000_7
2021-08-24T03:32:23.880,1.665,-161.003,55.112,54261.292,0.631,0.288,-0.025,10.0,8,20210824T000000_8
2021-08-24T03:56:35.925,0.214,-161.966,55.235,4957.284,0.0,0.328,-0.0,4.0,9,20210824T000000_9
2021-08-24T08:58:16.559,1.248,-161.003,55.113,32510.83,0.335,0.411,-0.04,7.0,1,20210824T080000_1
2021-08-24T08:58:23.731,1.521,-161.003,55.139,57910.321,0.807,0.286,-0.014,9.0,2,20210824T080000_2
2021-08-24T09:34:34.815,1.049,-161.004,55.103,19721.589,0.429,0.352,0.023,6.0,3,20210824T080000_3
2021-08-24T09:34:40.843,1.576,-161.001,55.216,59754.379,0.773,0.361,-0.149,8.0,4,20210824T080000_4
2021-08-24T09:44:45.254,1.463,-160.991,55.681,45515.379,0.702,0.335,-0.032,7.0,5,20210824T080000_5
2021-08-24T11:52:48.593,1.291,-162.773,54.902,61000.0,0.961,0.161,0.043,5.811,6,20210824T080000_6
2021-08-24T11:53:56.335,1.964,-162.776,55.062,61000.0,0.563,0.442,0.011,5.0,7,20210824T080000_7
2021-08-24T12:24:01.530,1.936,-162.773,54.902,39455.016,1.123,0.31,-0.092,15.785,8,20210824T080000_8
2021-08-24T12:31:39.968,1.493,-161.578,55.001,24462.174,0.378,0.182,0.004,10.986,9,20210824T080000_9
2021-08-24T12:32:00.243,1.625,-162.192,55.351,26853.581,0.73,0.256,0.009,7.891,10,20210824T080000_10
2021-08-24T12:32:11.459,1.249,-162.183,55.449,0.0,0.228,0.469,0.039,4.0,11,20210824T080000_11
2021-08-24T12:36:25.845,1.069,-161.459,55.335,16238.321,0.503,0.387,0.554,7.0,12,20210824T080000_12
2021-08-24T12:43:05.966,1.33,-162.354,55.23,0.0,0.275,0.184,0.011,4.0,13,20210824T080000_13
2021-08-24T13:21:04.882,0.119,-161.802,55.308,0.0,0.339,0.51,0.062,3.943,14,20210824T080000_14
2021-08-24T14:25:49.902,1.33,-161.002,55.187,41995.939,0.615,0.292,-0.069,5.0,15,20210824T080000_15
2021-08-24T14:26:08.844,1.164,-161.408,55.126,23841.533,0.472,0.226,0.024,7.826,16,20210824T080000_16
2021-08-24T16:36:21.467,1.307,-161.008,54.902,45699.181,0.266,0.246,0.005,9.0,1,20210824T160000_1
2021-08-24T16:36:33.590,1.463,-161.007,54.965,35390.252,0.754,0.294,-0.036,8.0,2,20210824T160000_2
2021-08-24T16:44:01.591,1.355,-162.773,54.902,61000.0,0.919,0.132,0.041,4.676,3,20210824T160000_3
2021-08-24T16:44:19.985,1.053,-162.194,54.905,0.0,0.388,0.25,0.047,4.324,4,20210824T160000_4
2021-08-24T17:29:37.977,1.175,-161.915,54.905,54873.06,0.457,0.044,0.009,5.0,5,20210824T160000_5
2021-08-24T17:48:36.316,1.623,-161.002,55.17,61000.0,0.777,0.339,-0.049,8.0,6,20210824T160000_6
2021-08-24T19:50:35.529,1.141,-162.608,55.01,0.0,0.607,0.551,-0.004,10.076,7,20210824T160000_7
2021-08-24T20:11:10.309,1.4,-161.402,55.346,0.0,0.657,0.213,-0.051,6.442,8,20210824T160000_8
2021-08-24T20:16:49.673,1.907,-161.735,54.905,61000.0,0.448,0.376,0.061,4.0,9,20210824T160000_9
2021-08-24T20:27:23.628,1.519,-161.96,55.259,21003.92,0.477,0.114,-0.008,5.867,10,20210824T160000_10
2021-08-24T20:33:13.962,2.152,-162.271,55.133,35646.797,0.107,0.156,-0.001,4.85,11,20210824T160000_11
2021-08-24T20:50:42.116,1.911,-162.637,54.939,1091.003,0.599,0.411,0.109,3.875,12,20210824T160000_12
2021-08-24T20:56:47.394,0.275,-161.891,55.411,157.472,0.568,0.475,0.371,8.0,13,20210824T160000_13
2021-08-24T21:02:38.074,1.825,-161.355,54.927,2382.81,0.847,0.378,0.225,4.758,14,20210824T160000_14
2021-08-24T22:28:21.854,1.413,-161.003,55.121,44420.23,0.41,0.223,0.019,9.982,15,20210824T160000_15
2021-08-24T22:28:33.502,1.813,-161.004,55.077,33896.266,0.739,0.221,0.033,9.967,16,20210824T160000_16
2021-08-24T23:59:48.676,0.995,-161.964,55.206,61000.0,0.397,0.355,0.066,4.0,1,20210825T000000_1
2021-08-25T00:32:31.882,1.617,-162.773,54.902,61000.0,0.73,0.122,0.041,12.0,2,20210825T000000_2
2021-08-25T01:31:45.038,3.622,-161.052,55.341,61000.0,0.432,0.208,0.045,11.0,3,20210825T000000_3
2021-08-25T01:32:04.764,3.944,-161.596,55.426,61000.0,0.178,0.272,0.022,4.442,4,20210825T000000_4
2021-08-25T01:32:07.474,4.078,-161.003,55.139,24524.411,0.235,0.146,0.026,4.558,5,20210825T000000_5
2021-08-25T02:11:29.451,1.017,-161.705,55.39,21899.227,0.239,0.348,-0.016,5.0,6,20210825T000000_6
2021-08-25T02:17:46.356,0.574,-161.684,55.337,10037.933,0.032,0.394,0.007,5.0,7,20210825T000000_7
2021-08-25T02:24:06.110,1.143,-161.508,55.637,41.146,0.48,0.17,-0.021,4.0,8,20210825T000000_8
2021-08-25T02:40:02.476,-0.033,-161.885,55.463,0.0,0.584,0.308,0.098,6.0,9,20210825T000000_9
2021-08-25T03:51:07.852,0.46,-161.671,55.281,457.943,0.123,0.385,-0.028,4.0,10,20210825T000000_10
2021-08-25T04:08:06.864,-0.432,-161.898,55.395,0.0,0.902,0.149,0.003,7.0,11,20210825T000000_11
2021-08-25T04:42:10.146,0.891,-161.558,55.008,0.0,0.341,0.174,0.035,5.0,12,20210825T000000_12
2021-08-25T04:55:08.910,-0.042,-162.009,55.436,0.0,0.817,0.961,0.294,5.53,13,20210825T000000_13
2021-08-25T05:03:59.147,0.219,-161.836,55.452,0.0,0.248,0.252,0.028,5.0,14,20210825T000000_14
2021-08-25T05:22:42.972,1.382,-162.01,55.297,55024.833,0.0,0.207,0.0,4.0,15,20210825T000000_15
2021-08-25T05:34:12.567,0.265,-161.753,55.376,20919.569,0.035,0.232,0.004,6.0,16,20210825T000000_16
2021-08-25T05:41:35.621,1.148,-161.281,54.903,1708.658,0.519,0.21,0.036,8.0,17,20210825T000000_17
2021-08-25T05:41:46.068,1.183,-161.341,54.904,35009.404,0.414,0.207,0.036,6.0,18,20210825T000000_18
2021-08-25T06:15:42.823,1.322,-160.999,55.302,61000.0,1.118,0.262,-0.009,15.0,19,20210825T000000_19
2021-08-25T06:44:55.603,0.494,-161.787,55.149,0.0,0.431,0.413,0.513,6.0,20,20210825T000000_20
2021-08-25T06:54:35.648,1.177,-161.883,55.384,42090.604,0.243,0.088,-0.004,4.0,21,20210825T000000_21
2021-08-25T07:36:22.420,1.428,-161.846,54.905,61000.0,0.687,0.218,-0.022,16.02,22,20210825T000000_22
2021-08-25T07:51:09.014,0.979,-161.626,55.224,8016.359,0.636,0.288,-0.049,5.0,23,20210825T000000_23
2021-08-25T07:51:31.123,0.914,-162.062,55.419,0.0,0.888,0.465,0.224,6.118,24,20210825T000000_24
2021-08-25T07:59:50.957,1.361,-162.309,55.264,43933.559,0.258,0.33,0.005,6.564,1,20210825T080000_1
2021-08-25T08:00:11.495,1.491,-162.209,55.58,0.0,0.446,0.211,0.062,4.0,2,20210825T080000_2
2021-08-25T08:04:08.363,0.746,-161.548,55.249,1236.112,0.046,0.328,-0.008,4.0,3,20210825T080000_3
2021-08-25T08:09:20.898,1.27,-161.875,55.432,38704.415,0.19,0.279,0.0,5.885,4,20210825T080000_4
2021-08-25T08:28:28.927,0.676,-161.845,55.365,15831.82,0.428,0.359,0.086,6.613,5,20210825T080000_5
2021-08-25T08:34:52.477,2.025,-160.99,55.704,58617.552,0.581,0.455,0.076,9.683,6,20210825T080000_6
2021-08-25T09:37:36.949,1.218,-161.002,55.176,32287.266,0.602,0.293,-0.011,8.0,7,20210825T080000_7
2021-08-25T09:37:47.907,1.523,-161.0,55.285,61000.0,0.784,0.26,0.07,8.867,8,20210825T080000_8
2021-08-25T10:00:18.506,1.112,-161.117,54.902,43478.559,0.258,0.266,-0.028,6.0,9,20210825T080000_9
2021-08-25T10:00:25.937,1.161,-161.174,54.903,58061.095,0.366,0.214,0.008,6.0,10,20210825T080000_10
2021-08-25T10:18:19.784,1.631,-162.777,55.095,42802.612,0.631,0.268,0.007,10.837,11,20210825T080000_11
2021-08-25T11:42:45.760,0.316,-161.805,55.479,0.0,0.599,0.293,-0.002,6.671,12,20210825T080000_12
2021-08-25T11:49:16.734,-0.279,-161.776,55.452,2632.505,0.337,0.354,0.049,4.0,13,20210825T080000_13
2021-08-25T11:59:44.991,-0.335,-161.791,55.345,0.0,0.841,0.888,0.351,4.0,14,20210825T080000_14
2021-08-25T11:59:45.125,1.287,-161.005,55.054,49005.239,0.097,0.273,0.014,4.0,15,20210825T080000_15
2021-08-25T12:06:34.477,1.794,-162.777,55.118,0.0,0.236,0.328,-0.035,5.033,16,20210825T080000_16
2021-08-25T12:07:09.977,2.032,-161.008,54.902,39929.129,0.875,0.305,-0.119,5.691,17,20210825T080000_17
2021-08-25T12:23:18.498,0.374,-161.866,55.301,17.76,1.093,0.599,0.322,4.0,18,20210825T080000_18
2021-08-25T13:40:08.153,0.999,-162.404,54.904,56470.102,0.994,0.056,0.012,7.0,19,20210825T080000_19
2021-08-25T14:46:34.829,1.157,-161.838,54.905,61000.0,0.612,0.287,-0.099,14.999,20,20210825T080000_20
2021-08-25T15:59:49.315,0.708,-162.112,55.319,61000.0,0.422,0.383,-0.059,6.0,1,20210825T160000_1
2021-08-25T16:13:23.297,-0.047,-161.719,55.324,11666.036,0.0,0.375,0.0,4.0,2,20210825T160000_2
2021-08-25T16:22:55.607,1.096,-161.264,54.903,49036.835,0.316,0.334,-0.06,4.0,3,20210825T160000_3
2021-08-25T16:51:16.457,0.92,-162.069,55.454,61000.0,0.079,0.356,-0.013,4.857,4,20210825T160000_4
2021-08-25T17:32:22.793,0.091,-161.748,55.34,29924.398,0.075,0.169,-0.002,4.0,5,20210825T160000_5
2021-08-25T17:35:50.651,1.018,-160.997,55.399,29189.932,0.219,0.392,-0.042,3.927,6,20210825T160000_6
2021-08-25T18:51:12.509,1.37,-161.385,54.904,56373.378,0.35,0.201,-0.007,10.0,7,20210825T160000_7
2021-08-25T18:51:21.613,1.601,-161.275,54.903,55395.807,0.699,0.231,-0.052,10.0,8,20210825T160000_8
2021-08-25T18:52:49.101,1.187,-160.992,55.614,61000.0,0.835,0.38,-0.052,8.0,9,20210825T160000_9
2021-08-25T18:53:10.416,0.567,-161.448,55.345,16429.448,0.434,0.392,-0.034,6.0,10,20210825T160000_10
2021-08-25T18:57:18.813,0.616,-161.369,55.192,534.511,0.367,0.381,0.022,6.0,11,20210825T160000_11
2021-08-25T19:12:02.485,-0.343,-161.941,55.433,0.0,0.093,0.359,0.018,4.0,12,20210825T160000_12
2021-08-25T19:34:37.254,0.975,-161.68,55.095,0.0,0.615,0.32,0.068,6.0,13,20210825T160000_13
2021-08-25T19:40:42.676,1.233,-161.354,54.928,61000.0,0.514,0.103,0.003,5.0,14,20210825T160000_14
2021-08-25T19:56:15.714,1.996,-161.869,54.905,61000.0,0.798,0.293,-0.12,21.0,15,20210825T160000_15
2021-08-25T19:57:35.297,0.943,-161.284,55.006,44252.564,0.067,0.206,0.004,5.0,16,20210825T160000_16
2021-08-25T19:57:58.210,1.579,-161.008,54.912,61000.0,0.461,0.25,0.001,6.929,17,20210825T160000_17
2021-08-25T21:15:08.977,1.349,-161.678,55.222,61000.0,0.199,0.322,0.003,6.0,18,20210825T160000_18
2021-08-25T21:47:48.620,1.576,-161.131,55.591,0.0,0.692,0.526,0.031,9.0,19,20210825T160000_19
2021-08-25T22:02:57.923,0.268,-162.088,55.439,0.0,0.571,0.464,0.295,6.0,20,20210825T160000_20
2021-08-25T22:07:52.563,1.396,-161.002,55.163,55395.933,0.508,0.196,0.013,9.54,21,20210825T160000_21
2021-08-25T22:07:58.770,1.842,-162.773,54.911,61000.0,0.696,0.31,0.021,6.069,22,20210825T160000_22
2021-08-25T22:07:59.227,1.845,-162.127,55.921,61000.0,0.491,0.331,0.082,5.284,23,20210825T160000_23
2021-08-25T22:09:05.010,0.865,-162.322,55.421,0.0,0.264,0.121,-0.018,3.883,24,20210825T160000_24
2021-08-25T22:54:31.007,1.081,-161.74,54.905,57387.042,0.309,0.048,-0.01,6.935,25,20210825T160000_25
2021-08-26T00:26:23.728,1.228,-161.303,54.903,52148.243,0.316,0.186,-0.005,7.864,1,20210826T000000_1
2021-08-26T00:26:49.443,0.733,-161.388,55.282,0.0,0.373,0.372,0.011,6.0,2,20210826T000000_2
2021-08-26T01:15:20.792,0.408,-161.86,55.383,0.0,0.336,0.424,-0.001,6.0,3,20210826T000000_3
2021-08-26T01:22:23.380,-0.021,-161.721,55.421,3421.932,0.506,0.691,0.094,6.675,4,20210826T000000_4
2021-08-26T01:30:15.082,0.149,-161.848,55.413,0.0,0.684,0.59,0.122,8.0,5,20210826T000000_5
2021-08-26T01:44:12.756,0.942,-161.018,54.902,45232.157,0.12,0.153,0.002,3.763,6,20210826T000000_6
2021-08-26T01:51:17.229,1.166,-161.304,54.903,46983.131,0.303,0.195,0.012,7.677,7,20210826T000000_7
2021-08-26T01:51:22.949,1.508,-162.728,55.821,61000.0,1.146,0.233,0.155,5.872,8,20210826T000000_8
2021-08-26T01:59:09.751,1.419,-161.279,54.903,46904.215,0.426,0.159,0.022,10.0,9,20210826T000000_9
2021-08-26T01:59:23.126,1.463,-161.281,54.903,31685.014,0.462,0.243,0.039,6.0,10,20210826T000000_10
2021-08-26T02:22:17.079,0.37,-161.917,55.342,18177.093,0.13,0.238,-0.007,6.487,11,20210826T000000_11
2021-08-26T02:26:43.480,0.26,-162.104,54.985,10471.668,0.35,0.134,-0.012,5.0,12,20210826T000000_12
2021-08-26T03:15:56.525,1.032,-162.773,54.902,43152.245,0.918,0.198,0.078,8.956,13,20210826T000000_13
2021-08-26T04:40:27.565,1.103,-162.776,55.057,54972.241,0.382,0.315,-0.046,5.982,14,20210826T000000_14
2021-08-26T05:34:43.743,1.371,-161.002,55.189,61000.0,0.714,0.261,-0.044,10.0,16,20210826T000000_16
2021-08-26T05:34:45.481,-0.097,-161.982,55.426,2.962,0.86,0.502,0.287,8.0,15,20210826T000000_15
2021-08-26T06:13:41.967,1.167,-162.773,54.902,61000.0,1.265,0.11,0.067,10.0,17,20210826T000000_17
2021-08-26T08:26:44.978,0.388,-161.814,55.407,0.0,0.88,0.711,0.012,9.0,1,20210826T080000_1
2021-08-26T08:39:05.431,0.609,-162.103,55.455,0.0,0.66,0.578,0.26,4.924,2,20210826T080000_2
2021-08-26T08:49:43.983,0.849,-162.018,54.905,52171.96,0.45,0.097,0.004,6.954,3,20210826T080000_3
2021-08-26T09:08:03.943,0.355,-162.156,55.309,0.0,0.666,0.382,0.069,5.0,4,20210826T080000_4
2021-08-26T10:38:26.824,-0.408,-161.852,55.314,0.0,0.937,0.33,0.166,4.0,5,20210826T080000_5
2021-08-26T10:41:56.606,1.03,-161.004,55.338,36102.857,0.389,0.268,-0.024,7.945,6,20210826T080000_6
2021-08-26T11:00:03.054,1.081,-161.23,55.381,61000.0,0.951,0.09,-0.023,4.997,7,20210826T080000_7
2021-08-26T11:00:24.092,0.692,-160.998,55.349,6047.532,0.71,0.252,0.032,3.91,8,20210826T080000_8
2021-08-26T12:16:07.647,1.036,-161.001,55.227,32326.47,0.046,0.154,0.004,4.0,9,20210826T080000_9
2021-08-26T12:16:16.905,1.106,-161.184,55.213,57392.093,0.69,0.242,-0.034,9.0,10,20210826T080000_10
2021-08-26T13:57:14.128,1.027,-161.666,55.581,61000.0,0.492,0.276,-0.006,9.927,11,20210826T080000_11
2021-08-26T13:57:27.234,1.181,-161.414,55.463,61000.0,0.543,0.334,0.004,9.0,12,20210826T080000_12
2021-08-26T14:47:46.182,0.526,-162.371,55.237,0.0,0.283,0.414,-0.082,7.0,13,20210826T080000_13
2021-08-26T15:06:20.096,1.16,-161.24,55.267,60672.855,0.439,0.204,-0.005,14.0,14,20210826T080000_14
2021-08-26T15:06:50.607,1.6,-161.746,55.908,50384.047,0.0,0.26,0.0,3.714,15,20210826T080000_15
2021-08-26T16:27:59.196,1.497,-161.423,54.904,61000.0,0.59,0.241,0.074,12.0,1,20210826T160000_1
2021-08-26T16:28:17.450,1.386,-161.503,54.904,18268.115,1.068,0.226,-0.024,10.0,2,20210826T160000_2
2021-08-26T16:46:53.479,1.214,-162.773,54.902,61000.0,0.875,0.222,-0.093,8.458,3,20210826T160000_3
2021-08-26T16:48:15.385,0.091,-161.903,55.269,19634.876,0.283,0.38,0.007,6.0,4,20210826T160000_4
2021-08-26T17:39:37.088,0.956,-160.999,55.319,39254.19,0.485,0.274,0.024,4.939,5,20210826T160000_5
2021-08-26T19:22:30.037,0.792,-162.773,54.902,43866.416,0.395,0.161,0.032,4.924,6,20210826T160000_6
2021-08-26T20:14:19.062,1.327,-160.999,55.305,61000.0,0.655,0.242,-0.064,11.0,7,20210826T160000_7
2021-08-26T20:14:28.690,1.5,-160.999,55.3,61000.0,0.6,0.222,0.023,10.0,8,20210826T160000_8
2021-08-26T20:26:27.159,0.92,-162.773,54.902,61000.0,0.935,0.139,0.032,5.793,9,20210826T160000_9
2021-08-26T20:43:36.718,1.937,-161.241,54.903,47660.943,0.314,0.215,0.024,11.0,10,20210826T160000_10
2021-08-26T20:43:45.672,2.238,-161.264,54.903,53117.989,0.781,0.21,0.012,11.0,11,20210826T160000_11
2021-08-26T22:06:41.853,1.068,-161.854,54.905,60661.441,0.588,0.181,0.082,11.993,12,20210826T160000_12
2021-08-27T00:25:56.842,1.113,-162.404,54.904,57772.464,0.837,0.109,0.027,6.0,1,20210827T000000_1
2021-08-27T01:11:23.650,1.051,-161.447,55.358,42739.583,0.761,0.161,-0.007,9.0,2,20210827T000000_2
2021-08-27T01:19:37.939,1.188,-161.955,55.071,61000.0,0.48,0.132,-0.001,4.563,3,20210827T000000_3
2021-08-27T02:11:54.841,0.81,-162.773,54.924,0.0,0.584,0.279,-0.059,4.0,4,20210827T000000_4
2021-08-27T02:12:01.317,1.306,-161.002,55.162,61000.0,0.837,0.23,-0.021,9.854,5,20210827T000000_5
2021-08-27T02:40:04.878,1.878,-161.236,54.903,61000.0,0.583,0.34,0.021,12.0,6,20210827T000000_6
2021-08-27T02:40:12.071,2.306,-161.126,54.902,61000.0,0.881,0.189,0.005,11.0,7,20210827T000000_7
2021-08-27T02:44:06.536,0.832,-161.981,55.38,39139.432,0.442,0.307,0.009,10.846,8,20210827T000000_8
2021-08-27T02:44:14.491,1.484,-162.214,55.584,61000.0,0.559,0.308,-0.009,6.947,9,20210827T000000_9
2021-08-27T02:57:38.918,-0.197,-162.04,55.309,0.0,0.88,0.535,-0.26,5.0,10,20210827T000000_10
2021-08-27T03:05:33.700,0.075,-161.751,55.132,20667.35,0.314,0.361,-0.044,4.485,11,20210827T000000_11
2021-08-27T03:23:35.376,0.982,-162.338,55.023,61000.0,0.449,0.238,0.047,4.0,12,20210827T000000_12
2021-08-27T03:34:55.224,2.5,-161.535,54.904,61000.0,0.884,0.294,-0.114,21.001,13,20210827T000000_13
2021-08-27T05:24:17.359,1.487,-161.104,54.902,58629.435,0.332,0.134,0.02,11.0,14,20210827T000000_14
2021-08-27T05:24:27.196,1.73,-161.14,54.903,48563.425,0.549,0.228,0.029,11.0,15,20210827T000000_15
2021-08-27T06:32:50.670,1.123,-162.681,54.902,61000.0,0.453,0.084,-0.0,4.5,16,20210827T000000_16
2021-08-27T06:55:08.404,1.186,-161.006,55.009,60515.654,0.028,0.288,0.002,3.721,17,20210827T000000_17
2021-08-27T07:12:07.930,0.874,-161.933,55.106,61000.0,0.111,0.172,0.004,4.0,18,20210827T000000_18
2021-08-27T07:51:15.508,1.049,-161.003,55.142,43420.402,0.641,0.31,-0.066,7.0,19,20210827T000000_19
2021-08-27T07:51:22.356,1.55,-161.002,55.191,61000.0,0.757,0.274,-0.001,12.0,20,20210827T000000_20
2021-08-27T07:56:38.664,1.18,-162.778,55.138,61000.0,0.838,0.347,-0.076,10.971,21,20210827T000000_21
2021-08-27T07:59:49.201,0.856,-162.078,55.315,61000.0,0.205,0.371,-0.019,5.0,1,20210827T080000_1
2021-08-27T09:40:15.526,2.277,-161.003,55.141,61000.0,0.486,0.299,0.032,11.97,2,20210827T080000_2
2021-08-27T09:40:30.664,2.992,-161.006,55.013,61000.0,0.486,0.22,0.078,6.214,4,20210827T080000_4
2021-08-27T09:40:34.719,2.929,-161.335,55.338,61000.0,0.266,0.306,-0.022,4.753,3,20210827T080000_3
2021-08-27T10:20:01.932,0.262,-161.779,55.177,0.0,0.693,0.304,0.104,8.984,5,20210827T080000_5
2021-08-27T10:20:16.866,0.595,-162.019,55.21,27719.567,0.461,0.207,-0.022,6.0,6,20210827T080000_6
2021-08-27T10:33:51.946,1.892,-162.78,55.217,61000.0,0.584,0.356,0.001,12.0,7,20210827T080000_7
2021-08-27T11:33:31.517,1.24,-161.112,55.49,47189.942,0.62,0.248,-0.055,6.0,8,20210827T080000_8
2021-08-27T11:36:48.940,1.43,-161.002,55.181,61000.0,0.659,0.241,-0.09,9.857,9,20210827T080000_9
2021-08-27T11:37:26.194,1.14,-161.239,54.903,0.0,0.148,0.157,-0.003,3.929,10,20210827T080000_10
2021-08-27T12:54:39.859,1.378,-161.177,54.935,61000.0,0.149,0.078,0.007,4.999,11,20210827T080000_11
2021-08-27T13:02:07.707,-0.346,-161.828,55.394,0.0,0.046,0.791,0.015,3.994,12,20210827T080000_12
2021-08-27T15:59:48.549,1.062,-161.817,55.178,61000.0,0.517,0.226,0.073,6.0,1,20210827T160000_1
2021-08-27T16:24:35.836,0.325,-162.067,55.257,11498.108,0.281,0.238,0.012,4.0,2,20210827T160000_2
2021-08-27T16:34:07.293,1.444,-160.985,55.918,61000.0,0.285,0.327,-0.01,3.92,3,20210827T160000_3
2021-08-27T17:08:45.468,1.856,-161.001,55.216,57043.476,0.468,0.217,0.049,7.847,4,20210827T160000_4
2021-08-27T17:08:53.359,2.111,-161.002,55.182,61000.0,0.769,0.247,0.016,11.0,5,20210827T160000_5
2021-08-27T20:22:48.167,1.958,-161.19,54.903,61000.0,0.517,0.215,0.007,9.977,6,20210827T160000_6
2021-08-27T20:23:05.063,2.802,-161.213,54.903,61000.0,0.838,0.267,-0.004,10.979,7,20210827T160000_7
2021-08-27T21:55:11.795,1.431,-162.796,55.918,61000.0,0.845,0.231,0.045,4.058,9,20210827T160000_9
2021-08-27T21:55:18.140,0.629,-161.969,55.153,28886.382,0.256,0.184,0.032,5.658,8,20210827T160000_8
2021-08-27T23:59:49.546,0.572,-161.984,55.269,61000.0,0.519,0.265,0.052,6.0,1,20210828T000000_1
2021-08-28T01:35:00.136,1.572,-161.253,54.903,49715.654,0.294,0.225,0.0,8.0,2,20210828T000000_2
2021-08-28T01:35:20.134,1.081,-161.512,55.015,22467.741,0.402,0.232,0.067,7.0,3,20210828T000000_3
2021-08-28T03:57:31.509,1.752,-162.348,54.904,61000.0,1.13,0.297,-0.052,20.0,4,20210828T000000_4
2021-08-28T05:24:25.204,1.429,-161.299,54.903,48908.638,0.276,0.334,-0.019,8.0,5,20210828T000000_5
2021-08-28T05:24:38.584,1.253,-161.243,54.903,31841.076,0.481,0.299,0.02,6.0,6,20210828T000000_6
2021-08-28T05:36:54.893,1.53,-162.773,54.902,61000.0,0.931,0.308,-0.186,16.0,7,20210828T000000_7
2021-08-28T05:45:02.957,0.958,-161.007,54.936,6413.249,0.481,0.249,0.014,4.0,8,20210828T000000_8
2021-08-28T07:59:36.915,1.347,-161.888,55.283,61000.0,0.334,0.271,0.026,8.675,9,20210828T000000_9
2021-08-28T07:59:47.833,1.604,-162.469,55.374,61000.0,0.745,0.365,-0.062,6.576,1,20210828T080000_1
2021-08-28T08:06:43.223,-0.076,-161.623,55.246,11726.992,0.125,0.226,-0.005,4.0,2,20210828T080000_2
2021-08-28T08:10:58.219,0.815,-162.41,54.987,0.0,0.164,0.385,0.015,4.0,3,20210828T080000_3
2021-08-28T08:16:50.488,0.315,-162.099,55.768,0.0,0.796,0.333,-0.139,4.0,4,20210828T080000_4
2021-08-28T10:14:53.147,1.209,-162.773,54.902,61000.0,0.448,0.142,0.036,5.0,5,20210828T080000_5
2021-08-28T10:27:22.555,2.156,-161.002,55.17,61000.0,1.059,0.319,0.212,21.0,6,20210828T080000_6
2021-08-28T11:49:55.418,1.437,-161.002,55.167,61000.0,0.833,0.103,-0.001,5.0,7,20210828T080000_7
2021-08-28T11:52:14.937,0.335,-162.367,55.23,0.0,0.273,0.325,-0.014,6.0,8,20210828T080000_8
2021-08-28T12:38:52.574,1.536,-162.779,55.182,61000.0,0.623,0.293,-0.059,10.0,9,20210828T080000_9
2021-08-28T12:49:19.779,1.407,-161.002,55.162,61000.0,1.038,0.322,-0.013,19.0,10,20210828T080000_10
2021-08-28T13:32:12.770,1.177,-161.529,55.774,57640.209,0.522,0.318,-0.031,10.0,11,20210828T080000_11
2021-08-28T13:48:54.825,1.416,-161.002,55.186,61000.0,0.83,0.162,0.008,5.983,12,20210828T080000_12
2021-08-28T14:01:20.796,0.974,-162.773,54.902,61000.0,1.033,0.047,0.014,4.0,13,20210828T080000_13
2021-08-28T15:59:47.961,0.846,-162.441,55.372,61000.0,0.807,0.301,-0.017,6.0,1,20210828T160000_1
2021-08-28T16:50:36.348,0.938,-161.002,55.175,2320.099,0.653,0.308,-0.033,5.237,2,20210828T160000_2
2021-08-28T16:50:38.918,1.464,-162.152,55.921,61000.0,0.539,0.311,0.081,7.796,3,20210828T160000_3
2021-08-28T16:50:58.917,0.765,-162.038,55.494,33352.584,0.0,0.27,0.0,4.0,4,20210828T160000_4
2021-08-28T17:11:17.896,1.266,-162.773,54.902,61000.0,0.617,0.228,-0.026,3.911,5,20210828T160000_5
2021-08-28T17:31:23.429,0.879,-162.127,55.355,0.0,0.228,0.397,-0.03,4.0,6,20210828T160000_6
2021-08-28T18:20:12.852,1.778,-161.128,55.074,61000.0,0.583,0.303,0.04,20.652,7,20210828T160000_7
2021-08-28T18:33:17.911,1.283,-161.877,54.905,61000.0,0.897,0.267,-0.034,19.0,8,20210828T160000_8
2021-08-28T18:37:30.533,1.193,-161.255,54.903,43287.148,0.263,0.215,0.0,9.0,9,20210828T160000_9
2021-08-28T18:37:43.774,1.236,-161.286,54.903,28712.868,0.697,0.206,-0.004,8.0,10,20210828T160000_10
2021-08-28T18:38:30.749,1.321,-161.259,54.903,46450.8,0.248,0.17,0.006,8.833,11,20210828T160000_11
2021-08-28T18:38:47.710,1.204,-161.002,55.171,7647.352,0.362,0.234,-0.014,6.0,12,20210828T160000_12
2021-08-28T18:55:55.642,1.321,-161.233,54.903,42745.42,0.276,0.162,0.009,9.0,13,20210828T160000_13
2021-08-28T18:56:07.174,1.586,-161.248,54.903,37662.473,0.809,0.247,-0.048,9.0,14,20210828T160000_14
2021-08-28T19:00:46.049,0.99,-161.188,54.903,35635.791,0.222,0.341,-0.034,5.0,15,20210828T160000_15
2021-08-28T19:16:07.320,1.529,-161.277,55.354,61000.0,0.445,0.194,0.018,11.868,16,20210828T160000_16
2021-08-28T19:16:36.562,1.412,-160.997,55.393,19025.391,0.162,0.405,-0.012,3.919,17,20210828T160000_17
2021-08-28T19:45:07.839,1.385,-162.773,54.902,61000.0,0.5,0.301,0.118,6.317,18,20210828T160000_18
2021-08-28T19:45:18.975,1.204,-162.642,54.903,29024.387,0.534,0.378,0.009,6.612,19,20210828T160000_19
2021-08-28T19:51:00.976,0.977,-161.41,54.904,52548.084,0.299,0.154,0.02,8.0,20,20210828T160000_20
2021-08-28T19:51:25.843,1.384,-161.076,54.959,61000.0,0.507,0.208,0.012,7.011,21,20210828T160000_21
2021-08-28T19:54:26.013,-0.053,-161.85,55.404,21623.485,0.0,0.382,-0.0,4.0,22,20210828T160000_22
2021-08-28T20:01:30.584,1.287,-161.384,54.904,40549.051,0.458,0.211,-0.008,10.0,23,20210828T160000_23
2021-08-28T20:01:44.110,0.914,-161.464,54.904,35632.662,0.586,0.265,0.072,6.0,24,20210828T160000_24
2021-08-28T20:08:47.052,1.029,-162.773,54.902,61000.0,0.638,0.177,0.031,6.0,25,20210828T160000_25
2021-08-28T20:22:12.501,1.89,-161.078,55.231,61000.0,0.413,0.247,0.032,11.0,26,20210828T160000_26
2021-08-28T21:55:24.273,0.952,-161.54,55.365,48620.07,0.545,0.297,0.007,11.0,27,20210828T160000_27
2021-08-28T23:59:48.880,0.79,-161.871,55.175,61000.0,0.58,0.446,0.02,7.0,1,20210829T000000_1
2021-08-29T00:05:23.992,1.339,-160.998,55.367,61000.0,1.087,0.279,-0.067,10.863,2,20210829T000000_2
2021-08-29T00:41:15.578,1.947,-161.383,54.904,45778.893,0.439,0.18,0.033,11.0,3,20210829T000000_3
2021-08-29T00:41:25.293,2.373,-161.45,54.904,55210.69,0.729,0.21,-0.012,11.0,4,20210829T000000_4
2021-08-29T00:55:05.573,1.165,-160.999,55.288,61000.0,0.292,0.306,-0.015,4.953,5,20210829T000000_5
2021-08-29T01:04:31.316,1.143,-161.312,54.904,41771.55,0.401,0.186,-0.008,7.0,6,20210829T000000_6
2021-08-29T01:04:52.069,0.83,-161.649,55.05,22593.25,0.252,0.177,0.025,6.0,7,20210829T000000_7
2021-08-29T01:16:04.304,1.619,-161.002,55.167,61000.0,1.025,0.282,0.149,21.0,8,20210829T000000_8
2021-08-29T07:13:04.967,0.904,-161.329,54.904,40318.021,0.344,0.274,-0.008,6.995,9,20210829T000000_9
2021-08-29T07:59:49.138,0.781,-162.179,55.35,61000.0,0.226,0.366,0.003,5.0,1,20210829T080000_1
2021-08-29T08:31:13.667,1.462,-162.509,54.948,25935.422,0.638,0.335,0.043,13.876,2,20210829T080000_2
2021-08-29T08:36:57.069,0.594,-162.707,54.975,6.288,0.784,0.396,0.323,5.0,3,20210829T080000_3
2021-08-29T10:32:48.736,1.347,-161.203,54.903,61000.0,0.486,0.202,0.021,5.0,4,20210829T080000_4
2021-08-29T10:46:26.976,1.276,-161.859,54.905,61000.0,0.72,0.252,0.008,15.788,5,20210829T080000_5
2021-08-29T11:23:41.583,1.392,-161.002,55.155,53374.913,0.484,0.296,0.04,10.587,6,20210829T080000_6
2021-08-29T11:23:47.971,1.735,-162.773,54.943,61000.0,0.927,0.231,-0.058,5.16,7,20210829T080000_7
2021-08-29T11:23:48.086,1.659,-162.12,55.921,61000.0,0.576,0.306,0.072,5.113,8,20210829T080000_8
2021-08-29T12:20:04.156,-0.263,-161.526,55.434,0.0,0.714,0.174,-0.018,4.0,9,20210829T080000_9
2021-08-29T12:45:52.697,1.233,-160.986,55.895,61000.0,0.759,0.383,-0.021,5.362,10,20210829T080000_10
2021-08-29T12:54:23.680,0.114,-161.76,55.13,0.0,0.383,0.483,0.056,4.0,11,20210829T080000_11
2021-08-29T13:18:32.979,1.216,-161.002,55.155,61000.0,0.589,0.173,-0.022,7.366,12,20210829T080000_12
2021-08-29T13:18:40.101,1.609,-162.038,55.922,61000.0,0.696,0.293,0.071,5.893,13,20210829T080000_13
2021-08-29T13:56:05.595,1.259,-161.008,54.902,61000.0,1.19,0.211,0.063,16.932,14,20210829T080000_14
2021-08-29T14:01:12.258,2.458,-161.116,54.902,61000.0,0.957,0.256,0.017,13.105,15,20210829T080000_15
2021-08-29T14:01:24.710,2.68,-161.295,54.903,22653.944,0.68,0.232,-0.056,7.895,16,20210829T080000_16
2021-08-29T14:07:35.847,1.037,-162.773,54.918,41160.71,0.477,0.262,-0.021,8.0,17,20210829T080000_17
2021-08-29T14:07:40.481,1.422,-162.773,54.907,50067.982,0.624,0.232,-0.033,6.0,18,20210829T080000_18
2021-08-29T14:14:51.869,1.036,-161.113,54.902,41801.769,0.273,0.23,-0.014,7.0,19,20210829T080000_19
2021-08-29T14:15:01.477,1.061,-161.219,54.903,51889.803,0.289,0.223,0.028,5.0,20,20210829T080000_20
2021-08-29T15:03:44.042,0.898,-161.338,54.904,32743.879,0.266,0.252,-0.033,5.999,21,20210829T080000_21
2021-08-29T15:03:49.772,1.184,-161.288,54.903,60442.729,0.475,0.077,-0.051,5.188,22,20210829T080000_22
2021-08-29T15:04:33.759,1.514,-161.008,54.902,61000.0,1.46,0.296,0.572,21.991,23,20210829T080000_23
2021-08-29T15:59:49.392,0.564,-161.975,55.324,61000.0,0.208,0.349,-0.007,4.0,1,20210829T160000_1
2021-08-29T16:23:16.005,0.602,-161.805,55.095,21441.053,0.631,0.226,-0.057,12.0,2,20210829T160000_2
2021-08-29T16:23:19.925,1.251,-162.583,55.638,61000.0,0.542,0.115,0.031,6.872,3,20210829T160000_3
2021-08-29T17:16:23.933,1.138,-161.004,55.093,61000.0,0.62,0.21,0.013,16.0,4,20210829T160000_4
2021-08-29T17:39:12.513,2.143,-161.002,55.174,61000.0,0.359,0.263,0.028,10.679,5,20210829T160000_5
2021-08-29T17:39:19.748,2.587,-162.02,55.922,61000.0,0.504,0.273,0.055,5.553,6,20210829T160000_6
2021-08-29T17:43:36.604,1.388,-161.003,55.139,58259.668,0.491,0.252,0.025,10.529,7,20210829T160000_7
2021-08-29T17:43:43.750,1.72,-162.106,55.921,61000.0,0.438,0.251,0.02,6.051,8,20210829T160000_8
2021-08-29T18:38:40.377,0.944,-161.756,54.905,59758.384,0.395,0.081,0.011,6.0,9,20210829T160000_9
2021-08-29T18:49:35.123,1.096,-161.004,55.067,61000.0,0.408,0.148,-0.012,5.521,10,20210829T160000_10
2021-08-29T18:49:43.092,1.047,-162.006,55.897,61000.0,0.465,0.208,0.019,4.703,11,20210829T160000_11
2021-08-29T18:50:06.388,0.1,-161.978,55.32,5702.635,0.365,0.234,-0.022,5.369,12,20210829T160000_12
2021-08-29T19:32:42.381,1.247,-161.003,55.148,54830.905,0.538,0.235,0.016,10.684,13,20210829T160000_13
2021-08-29T19:32:49.006,1.657,-162.097,55.921,61000.0,0.419,0.274,0.008,5.841,14,20210829T160000_14
2021-08-29T19:39:22.849,1.086,-161.581,55.082,61000.0,0.404,0.209,0.013,5.733,15,20210829T160000_15
2021-08-29T20:27:06.791,1.713,-161.003,55.133,61000.0,0.53,0.183,0.019,10.987,16,20210829T160000_16
2021-08-29T20:27:13.322,2.205,-161.002,55.17,61000.0,0.704,0.245,0.023,10.987,17,20210829T160000_17
2021-08-30T01:18:15.471,0.115,-162.335,55.524,0.0,0.887,0.294,-0.147,4.0,1,20210830T000000_1
2021-08-30T14:30:06.869,1.675,-160.993,55.587,61000.0,0.333,0.275,0.056,3.916,1,20210830T080000_1
2021-08-30T21:46:27.287,1.963,-161.798,54.905,0.0,0.954,0.16,0.089,3.0,1,20210830T160000_1
2021-08-31T02:09:01.454,0.008,-161.941,55.493,0.0,0.0,0.824,-0.0,3.0,2,20210830T160000_2
2021-08-31T04:00:30.850,0.169,-162.064,55.526,0.0,0.862,0.546,0.026,4.0,1,20210831T000000_1
2021-08-31T10:05:48.218,1.266,-160.992,55.638,61000.0,0.565,0.302,-0.03,4.0,1,20210831T080000_1
2021-08-31T13:47:51.378,1.68,-161.005,55.047,61000.0,0.564,0.402,-0.033,5.0,2,20210831T080000_2
2021-08-31T21:48:17.810,1.524,-161.002,55.167,55009.952,0.497,0.361,-0.016,11.555,1,20210831T160000_1
2021-08-31T21:48:24.036,1.892,-162.773,54.902,61000.0,1.077,0.221,-0.059,6.323,2,20210831T160000_2
2021-08-31T21:48:24.319,1.781,-162.067,55.922,61000.0,0.7,0.287,0.112,4.978,3,20210831T160000_3
2021-08-31T22:16:22.999,2.369,-161.003,55.132,61000.0,0.477,0.205,0.023,11.803,4,20210831T160000_4
2021-08-31T22:16:51.593,2.592,-161.39,55.27,61000.0,0.817,0.228,0.039,9.411,5,20210831T160000_5
2021-08-31T22:55:30.921,1.61,-161.075,55.291,61000.0,0.338,0.232,-0.003,10.0,6,20210831T160000_6
2021-08-31T22:56:00.185,1.332,-161.404,55.184,572.196,0.551,0.315,0.094,5.697,7,20210831T160000_7
2021-08-31T23:17:48.229,1.273,-162.773,54.902,61000.0,1.112,0.018,0.005,4.0,8,20210831T160000_8
2021-09-01T00:14:46.662,1.436,-161.0,55.257,51830.757,0.506,0.321,-0.019,8.0,1,20210901T000000_1
2021-09-01T00:49:55.780,1.239,-161.479,54.904,55872.852,0.316,0.316,-0.05,6.0,2,20210901T000000_2
2021-09-01T00:50:13.134,1.108,-161.53,54.904,24517.769,0.45,0.122,-0.0,5.0,3,20210901T000000_3
2021-09-01T02:15:42.414,1.371,-161.887,54.905,61000.0,0.833,0.198,-0.044,7.426,4,20210901T000000_4
2021-09-01T02:48:46.222,2.023,-162.773,54.905,61000.0,0.735,0.343,0.036,8.098,5,20210901T000000_5
2021-09-01T02:48:48.843,1.878,-161.713,54.905,58677.03,0.572,0.397,-0.126,7.45,6,20210901T000000_6
2021-09-01T05:02:29.749,0.136,-162.014,55.139,0.0,0.324,0.142,-0.006,3.754,7,20210901T000000_7
2021-09-01T05:20:18.517,2.385,-161.745,54.905,61000.0,0.853,0.496,0.153,22.0,8,20210901T000000_8
2021-09-01T06:21:07.770,1.176,-162.13,55.289,0.0,0.112,0.47,-0.017,6.0,9,20210901T000000_9
2021-09-01T06:54:58.048,1.214,-161.42,55.279,47647.023,0.278,0.242,0.018,9.0,10,20210901T000000_10
2021-09-01T06:55:35.884,0.194,-161.705,55.3,0.0,0.909,0.468,0.174,4.0,11,20210901T000000_11
2021-09-01T07:11:13.309,1.739,-160.996,55.421,61000.0,1.137,0.281,0.104,21.0,12,20210901T000000_12
2021-09-01T09:04:54.277,1.285,-161.412,54.904,32983.64,0.211,0.331,-0.022,6.832,1,20210901T080000_1
2021-09-01T09:05:02.672,1.358,-161.005,55.048,54701.374,0.365,0.293,-0.016,4.831,2,20210901T080000_2
2021-09-01T09:45:56.719,1.789,-162.782,55.34,61000.0,0.661,0.323,0.087,11.541,4,20210901T080000_4
2021-09-01T09:46:04.015,1.855,-162.361,55.293,61000.0,0.597,0.309,-0.001,9.459,3,20210901T080000_3
2021-09-01T13:17:16.320,1.691,-161.0,55.246,61000.0,0.508,0.259,0.006,9.0,5,20210901T080000_5
2021-09-01T13:17:39.948,2.082,-161.005,55.042,60888.372,0.765,0.274,0.085,7.522,6,20210901T080000_6
2021-09-01T14:25:30.533,1.337,-161.101,54.902,44871.804,0.241,0.318,-0.011,6.0,7,20210901T080000_7
2021-09-01T14:25:40.633,1.066,-161.157,54.903,43508.981,0.463,0.308,0.039,6.0,8,20210901T080000_8
2021-09-01T14:33:37.606,0.288,-161.513,55.216,77.665,0.231,0.29,0.008,4.896,9,20210901T080000_9
2021-09-01T16:05:40.856,1.538,-161.864,54.905,61000.0,0.964,0.263,-0.032,16.0,1,20210901T160000_1
2021-09-01T16:32:15.444,0.681,-161.66,55.732,49313.291,0.0,0.317,0.0,3.602,2,20210901T160000_2
2021-09-01T17:27:19.400,1.301,-162.011,55.505,61000.0,0.365,0.453,-0.046,6.0,3,20210901T160000_3
2021-09-01T17:34:26.317,0.609,-162.37,54.984,11097.289,0.0,0.422,0.0,4.0,4,20210901T160000_4
2021-09-01T17:56:21.594,1.317,-161.005,55.06,51142.091,0.324,0.318,-0.02,6.0,5,20210901T160000_5
2021-09-01T17:56:28.126,1.529,-161.004,55.079,61000.0,0.626,0.352,-0.068,9.0,6,20210901T160000_6
2021-09-01T19:53:32.872,1.802,-162.391,54.904,46906.196,0.941,0.425,0.083,14.0,7,20210901T160000_7
2021-09-01T23:47:50.821,1.616,-161.254,54.903,43871.296,0.415,0.222,0.033,10.0,8,20210901T160000_8
2021-09-01T23:48:02.007,1.837,-161.294,54.903,43163.757,0.851,0.256,-0.056,9.0,9,20210901T160000_9
2021-09-02T00:36:38.710,1.066,-161.022,54.902,17844.002,0.409,0.283,-0.025,3.951,1,20210902T000000_1
2021-09-02T00:58:13.514,1.282,-161.246,54.903,41629.03,0.263,0.249,-0.023,7.0,2,20210902T000000_2
2021-09-02T00:58:25.327,1.187,-161.319,54.904,39907.832,0.565,0.328,0.023,6.0,3,20210902T000000_3
2021-09-02T03:27:01.165,1.488,-161.702,54.905,28195.601,0.409,0.174,0.014,11.0,4,20210902T000000_4
2021-09-02T03:27:09.327,1.789,-161.714,54.905,25223.459,0.745,0.196,-0.001,11.0,5,20210902T000000_5
2021-09-02T03:41:48.252,0.457,-161.45,55.635,1072.365,0.841,0.262,0.098,4.0,6,20210902T000000_6
2021-09-02T04:28:27.142,0.007,-161.871,55.385,12439.952,0.296,0.281,-0.011,5.0,7,20210902T000000_7
2021-09-02T04:56:29.364,0.992,-161.385,55.285,44663.391,0.34,0.363,-0.05,7.0,8,20210902T000000_8
2021-09-02T04:57:28.785,1.232,-162.144,54.958,44317.899,0.0,0.227,0.0,3.978,9,20210902T000000_9
2021-09-02T05:10:38.569,1.683,-161.376,54.904,43811.358,0.451,0.184,0.028,11.0,10,20210902T000000_10
2021-09-02T05:10:49.136,2.094,-161.293,54.903,42316.516,0.642,0.204,-0.001,11.0,11,20210902T000000_11
2021-09-02T08:07:49.327,2.422,-161.216,54.903,61000.0,0.508,0.38,0.062,12.0,1,20210902T080000_1
2021-09-02T08:08:00.429,2.703,-161.381,54.904,58535.327,0.849,0.259,0.004,11.0,2,20210902T080000_2
2021-09-02T08:08:46.883,3.432,-161.207,54.903,61000.0,0.516,0.191,0.024,11.0,3,20210902T080000_3
2021-09-02T08:08:58.185,3.858,-161.269,54.903,56140.851,0.672,0.288,-0.046,10.0,4,20210902T080000_4
2021-09-02T08:46:46.363,1.201,-161.008,54.902,61000.0,0.607,0.352,-0.005,5.358,5,20210902T080000_5
2021-09-02T09:19:24.334,1.328,-161.097,54.902,51070.579,0.239,0.288,-0.014,6.0,6,20210902T080000_6
2021-09-02T09:19:35.666,1.394,-161.213,54.903,47650.409,0.715,0.251,-0.047,6.0,7,20210902T080000_7
2021-09-02T10:03:14.964,1.946,-162.773,54.902,61000.0,1.148,0.307,0.051,17.848,8,20210902T080000_8
2021-09-02T10:18:38.338,1.423,-161.559,54.968,31324.566,0.417,0.224,0.038,12.0,9,20210902T080000_9
2021-09-02T10:18:46.415,2.061,-161.431,54.904,50916.677,0.472,0.238,-0.04,9.0,10,20210902T080000_10
2021-09-02T11:09:09.736,1.125,-161.007,54.958,2526.277,0.195,0.24,-0.005,5.0,11,20210902T080000_11
2021-09-02T11:09:16.975,1.588,-161.247,54.903,56115.348,0.661,0.262,0.011,9.0,12,20210902T080000_12
2021-09-02T12:09:17.147,0.445,-162.333,54.904,7380.762,0.149,0.483,-0.002,4.0,13,20210902T080000_13
2021-09-02T12:09:31.528,0.406,-162.35,54.904,2535.48,0.39,0.527,-0.023,4.0,14,20210902T080000_14
2021-09-02T12:56:23.546,1.299,-161.008,54.908,48494.067,0.226,0.271,-0.01,6.0,15,20210902T080000_15
2021-09-02T12:56:31.620,1.273,-161.15,54.903,61000.0,0.812,0.283,0.016,5.0,16,20210902T080000_16
2021-09-02T16:02:52.409,2.246,-161.09,54.902,61000.0,0.752,0.264,0.032,21.0,1,20210902T160000_1
2021-09-02T16:53:46.025,1.833,-162.676,54.902,61000.0,0.824,0.291,-0.064,20.0,2,20210902T160000_2
2021-09-02T16:57:39.951,2.015,-162.636,54.903,61000.0,1.029,0.323,-0.092,20.0,3,20210902T160000_3
2021-09-02T17:50:39.481,1.748,-161.167,54.903,50320.197,0.341,0.151,0.005,9.942,4,20210902T160000_4
2021-09-02T17:51:07.783,0.919,-161.482,55.32,484.04,0.317,0.343,0.043,7.0,5,20210902T160000_5
2021-09-02T18:01:35.832,1.638,-161.012,55.86,61000.0,0.353,0.297,0.05,3.662,6,20210902T160000_6
2021-09-02T18:07:32.970,1.402,-162.594,54.903,61000.0,0.74,0.296,-0.184,16.0,7,20210902T160000_7
2021-09-02T21:14:41.190,0.72,-162.071,55.222,0.0,0.44,0.645,-0.189,3.992,8,20210902T160000_8
2021-09-03T01:30:50.755,1.326,-161.008,54.904,34282.442,0.316,0.5,0.013,4.0,1,20210903T000000_1
2021-09-03T03:25:25.590,0.106,-162.13,55.322,0.0,0.104,0.357,-0.019,4.0,2,20210903T000000_2
2021-09-03T03:48:02.035,1.494,-162.397,54.904,61000.0,0.651,0.193,0.062,8.0,3,20210903T000000_3
2021-09-03T03:56:11.661,2.667,-162.256,54.904,7122.905,0.568,0.421,-0.031,11.0,4,20210903T000000_4
2021-09-03T03:56:32.718,2.608,-162.105,54.905,5564.636,0.457,0.205,0.061,4.0,5,20210903T000000_5
2021-09-03T06:19:42.192,1.317,-162.773,54.902,20553.739,1.112,0.352,-0.054,13.0,6,20210903T000000_6
2021-09-03T10:19:51.371,0.749,-161.568,55.666,0.0,0.301,0.364,-0.017,4.55,1,20210903T080000_1
2021-09-03T10:22:32.806,-0.176,-161.912,55.402,4718.59,0.215,0.336,0.045,4.542,2,20210903T080000_2
2021-09-03T13:43:41.792,1.543,-161.736,54.905,61000.0,1.051,0.23,-0.085,7.0,3,20210903T080000_3
2021-09-03T13:44:09.287,2.25,-162.773,54.902,61000.0,0.964,0.238,0.01,8.745,4,20210903T080000_4
2021-09-03T13:44:13.141,1.764,-161.255,54.903,432.715,0.465,0.207,-0.014,8.369,5,20210903T080000_5
2021-09-03T14:50:28.538,-0.453,-161.754,55.35,3878.436,0.0,0.55,0.0,4.0,6,20210903T080000_6
2021-09-03T15:46:33.750,0.357,-162.306,54.904,391.932,0.319,0.494,-0.009,5.0,7,20210903T080000_7
2021-09-03T15:55:22.874,1.932,-161.002,55.18,61000.0,0.673,0.225,0.598,20.0,8,20210903T080000_8
2021-09-03T15:59:51.963,0.902,-162.045,55.307,42313.492,0.0,0.411,0.0,4.0,1,20210903T160000_1
2021-09-03T16:04:20.358,1.296,-161.113,54.902,46135.271,0.387,0.222,0.026,9.0,2,20210903T160000_2
2021-09-03T16:04:28.812,1.585,-161.117,54.902,50524.825,0.841,0.234,0.059,9.0,3,20210903T160000_3
2021-09-03T16:05:57.331,1.756,-161.124,54.902,60367.455,0.343,0.131,0.017,11.0,4,20210903T160000_4
2021-09-03T16:06:05.642,2.113,-161.116,54.902,58728.865,0.809,0.221,0.028,11.0,5,20210903T160000_5
2021-09-03T16:47:00.129,2.462,-162.773,54.902,61000.0,1.237,0.376,0.003,7.643,6,20210903T160000_6
2021-09-03T16:47:04.624,1.88,-161.25,54.903,699.408,0.549,0.355,-0.009,9.563,7,20210903T160000_7
2021-09-03T16:47:08.264,2.301,-161.074,54.902,32434.542,0.368,0.25,0.001,5.795,8,20210903T160000_8
2021-09-03T16:48:43.805,1.269,-161.209,54.903,28929.439,0.408,0.235,0.038,7.0,9,20210903T160000_9
2021-09-03T16:48:47.761,1.595,-161.043,54.902,61000.0,0.567,0.251,0.029,8.0,10,20210903T160000_10
2021-09-03T16:52:38.858,-0.746,-161.708,55.4,0.0,0.45,0.39,0.115,4.0,11,20210903T160000_11
2021-09-03T16:52:55.276,0.727,-161.273,55.347,1296.444,0.365,0.337,0.028,5.0,12,20210903T160000_12
2021-09-03T16:58:08.516,1.384,-162.773,54.902,61000.0,1.112,0.266,-0.126,13.0,13,20210903T160000_13
2021-09-03T17:31:03.038,1.283,-161.164,54.903,45640.928,0.27,0.229,0.003,7.0,14,20210903T160000_14
2021-09-03T17:31:07.683,1.777,-161.008,54.902,61000.0,0.843,0.205,0.018,8.871,15,20210903T160000_15
2021-09-03T18:36:23.989,1.167,-162.297,54.904,41833.872,0.63,0.319,-0.052,8.617,16,20210903T160000_16
2021-09-03T23:59:48.920,0.903,-162.111,55.249,61000.0,0.431,0.335,0.028,6.0,1,20210904T000000_1
2021-09-04T00:46:26.484,1.126,-161.579,55.295,19009.044,0.352,0.291,0.034,7.999,2,20210904T000000_2
2021-09-04T01:23:54.832,0.961,-161.558,55.125,61000.0,0.82,0.267,0.046,7.0,3,20210904T000000_3
2021-09-04T01:38:35.854,1.143,-161.008,54.902,10151.445,0.112,0.271,0.015,4.0,4,20210904T000000_4
2021-09-04T01:39:16.402,0.65,-161.563,55.385,0.0,0.654,0.496,0.002,5.0,5,20210904T000000_5
2021-09-04T02:35:16.239,0.967,-162.732,54.99,22246.048,0.364,0.315,0.025,9.978,6,20210904T000000_6
2021-09-04T02:55:00.299,0.477,-161.45,55.452,1896.513,0.247,0.315,0.049,5.0,7,20210904T000000_7
2021-09-04T04:02:20.070,1.803,-161.468,54.904,61000.0,0.655,0.234,-0.052,8.605,8,20210904T000000_8
2021-09-04T04:02:20.533,1.747,-162.584,54.903,61000.0,0.603,0.297,0.035,9.395,9,20210904T000000_9
2021-09-04T04:02:55.703,1.262,-161.58,54.905,22542.506,0.345,0.139,-0.017,6.946,10,20210904T000000_10
2021-09-04T04:03:06.294,1.124,-161.842,54.957,4578.858,0.673,0.214,0.03,11.0,11,20210904T000000_11
2021-09-04T04:05:26.136,0.372,-161.707,55.437,7145.173,0.482,0.372,0.072,6.0,12,20210904T000000_12
2021-09-04T05:45:03.888,0.179,-161.707,55.262,11960.764,0.275,0.236,0.002,6.0,13,20210904T000000_13
2021-09-04T07:25:24.375,0.049,-161.606,55.233,17143.03,0.092,0.242,-0.004,4.0,14,20210904T000000_14
2021-09-04T10:01:01.643,0.874,-161.811,55.05,26421.976,0.0,0.254,0.0,4.0,1,20210904T080000_1
2021-09-04T10:23:39.227,1.2,-162.779,55.198,61000.0,0.151,0.296,0.012,4.0,2,20210904T080000_2
2021-09-04T10:30:06.830,1.781,-161.004,55.099,59711.786,0.352,0.195,0.032,10.0,3,20210904T080000_3
2021-09-04T10:30:15.893,2.162,-161.003,55.124,61000.0,0.646,0.206,-0.002,11.0,4,20210904T080000_4
2021-09-04T10:52:37.550,1.51,-161.004,55.073,51269.85,0.425,0.339,0.002,10.0,5,20210904T080000_5
2021-09-04T10:52:45.762,1.741,-161.003,55.132,61000.0,0.72,0.244,0.034,11.0,6,20210904T080000_6
2021-09-04T11:41:45.281,0.585,-162.218,54.904,0.0,0.489,0.39,0.022,5.0,7,20210904T080000_7
2021-09-04T13:31:07.741,1.334,-161.001,55.198,61000.0,0.391,0.379,0.049,6.0,8,20210904T080000_8
2021-09-04T13:31:16.321,1.401,-161.002,55.183,61000.0,0.775,0.332,-0.047,7.0,9,20210904T080000_9
2021-09-04T14:05:55.654,0.194,-162.215,55.142,0.0,0.771,0.51,0.071,4.715,10,20210904T080000_10
2021-09-04T16:00:24.404,0.864,-161.722,55.395,18905.925,0.424,0.245,0.018,10.0,1,20210904T160000_1
2021-09-04T16:02:14.088,1.342,-161.235,55.171,38436.847,0.712,0.214,0.057,11.0,2,20210904T160000_2
2021-09-04T16:02:47.414,1.464,-161.501,55.427,29929.796,0.284,0.356,0.022,6.362,3,20210904T160000_3
2021-09-04T16:19:49.788,1.355,-161.645,55.024,22467.274,0.657,0.172,0.042,12.094,4,20210904T160000_4
2021-09-04T16:19:50.448,1.741,-162.587,55.836,61000.0,0.375,0.303,0.06,5.642,5,20210904T160000_5
2021-09-04T16:25:39.597,0.54,-161.962,55.282,15604.659,0.038,0.273,0.002,4.0,6,20210904T160000_6
2021-09-04T18:54:38.823,1.352,-162.543,55.211,61000.0,0.562,0.287,-0.019,7.0,7,20210904T160000_7
2021-09-04T19:32:33.663,1.521,-161.271,55.236,60895.075,0.767,0.286,-0.026,12.0,8,20210904T160000_8
2021-09-04T19:33:38.618,0.784,-161.633,55.239,0.0,0.701,0.219,0.024,8.962,9,20210904T160000_9
2021-09-04T21:22:56.842,2.75,-161.008,54.902,61000.0,0.827,0.221,-0.048,6.0,10,20210904T160000_10
2021-09-04T23:59:48.338,1.105,-162.286,55.285,61000.0,0.211,0.387,-0.034,4.0,1,20210905T000000_1
2021-09-05T00:35:25.745,0.516,-161.622,55.331,22755.226,0.0,0.404,0.0,4.0,2,20210905T000000_2
2021-09-05T02:22:56.521,1.34,-161.917,55.251,36463.738,0.156,0.247,-0.0,5.795,3,20210905T000000_3
2021-09-05T03:57:40.676,0.885,-161.269,55.419,718.76,0.253,0.41,0.029,4.0,4,20210905T000000_4
2021-09-05T05:07:28.433,1.528,-161.723,55.521,61000.0,0.447,0.319,0.062,11.0,5,20210905T000000_5
2021-09-05T07:59:49.259,1.022,-162.158,55.27,58574.032,0.427,0.426,-0.01,7.0,1,20210905T080000_1
2021-09-05T08:05:12.063,0.804,-161.429,55.238,463.98,0.453,0.347,0.041,5.0,2,20210905T080000_2
2021-09-05T12:29:34.274,1.451,-161.787,55.708,61000.0,0.522,0.325,-0.041,10.0,3,20210905T080000_3
2021-09-05T14:56:29.925,1.302,-161.39,55.342,55902.986,0.557,0.36,0.054,7.0,4,20210905T080000_4
2021-09-05T16:02:50.221,1.153,-162.773,54.902,61000.0,0.695,0.089,-0.005,4.0,1,20210905T160000_1
2021-09-05T16:42:33.435,1.292,-161.391,54.904,36317.457,0.153,0.28,0.007,7.0,2,20210905T160000_2
2021-09-05T16:42:48.434,1.405,-161.517,54.904,28040.843,0.24,0.302,0.015,9.0,3,20210905T160000_3
2021-09-05T17:12:50.337,1.604,-161.008,54.902,61000.0,0.66,0.343,-0.013,16.0,4,20210905T160000_4
2021-09-05T17:46:23.666,0.138,-161.859,55.425,0.0,0.564,0.354,-0.102,5.0,5,20210905T160000_5
2021-09-05T18:03:28.421,1.743,-162.412,55.005,61000.0,0.26,0.492,0.048,6.0,6,20210905T160000_6
2021-09-05T18:15:14.238,1.453,-160.999,55.287,46494.046,0.392,0.381,-0.032,5.999,7,20210905T160000_7
2021-09-05T20:11:16.696,1.034,-162.294,55.182,0.0,0.046,0.177,-0.005,4.0,8,20210905T160000_8
2021-09-05T22:48:33.930,0.903,-162.773,54.902,18005.683,0.173,0.25,0.017,4.83,9,20210905T160000_9
2021-09-05T23:19:29.116,1.534,-162.784,55.411,61000.0,0.249,0.028,-0.015,4.171,10,20210905T160000_10
2021-09-05T23:59:48.487,1.21,-162.304,55.416,61000.0,0.329,0.37,-0.068,5.0,1,20210906T000000_1
2021-09-06T01:52:43.990,0.996,-161.452,55.216,5801.795,0.477,0.333,0.006,7.984,2,20210906T000000_2
2021-09-06T02:34:22.908,1.14,-162.727,54.902,31180.936,0.407,0.237,0.007,5.409,3,20210906T000000_3
2021-09-06T02:34:23.411,1.129,-161.286,54.903,0.0,1.035,0.376,-0.077,5.479,4,20210906T000000_4
2021-09-06T03:20:59.022,1.126,-162.256,55.646,0.0,0.602,0.286,0.06,4.999,5,20210906T000000_5
2021-09-06T04:13:42.704,0.868,-162.633,55.21,0.0,0.528,0.443,0.065,4.0,6,20210906T000000_6
2021-09-06T05:07:29.105,0.397,-161.687,55.124,0.0,0.301,0.414,0.009,4.0,7,20210906T000000_7
2021-09-06T05:54:45.287,1.52,-162.773,54.902,61000.0,0.391,0.38,0.049,4.699,8,20210906T000000_8
2021-09-06T05:54:48.296,1.49,-161.05,54.902,0.0,0.948,0.339,-0.009,8.303,9,20210906T000000_9
2021-09-06T05:55:14.303,0.261,-161.728,55.266,0.0,0.176,0.241,-0.006,4.998,10,20210906T000000_10
2021-09-06T07:59:48.991,1.221,-162.162,55.272,61000.0,0.411,0.278,-0.013,8.0,1,20210906T080000_1
2021-09-06T08:16:09.421,2.241,-161.008,54.902,61000.0,1.198,0.279,0.238,21.0,2,20210906T080000_2
2021-09-06T08:35:44.656,1.468,-162.773,54.902,61000.0,1.009,0.24,-0.006,7.117,3,20210906T080000_3
2021-09-06T08:35:46.618,1.535,-161.663,54.905,61000.0,0.793,0.245,-0.037,6.883,4,20210906T080000_4
2021-09-06T09:31:42.812,1.272,-162.773,54.902,61000.0,1.126,0.205,0.136,6.0,5,20210906T080000_5
2021-09-06T10:58:02.436,1.144,-162.773,54.902,61000.0,0.218,0.176,0.009,4.0,6,20210906T080000_6
2021-09-06T12:07:41.491,1.401,-162.183,55.664,61000.0,0.601,0.184,0.009,5.0,7,20210906T080000_7
2021-09-06T12:34:52.337,1.555,-161.133,54.903,61000.0,0.4,0.234,-0.008,8.897,8,20210906T080000_8
2021-09-06T13:52:12.983,1.47,-161.823,54.905,61000.0,0.371,0.128,0.019,8.0,9,20210906T080000_9
2021-09-06T15:59:48.911,1.087,-162.11,55.247,61000.0,0.471,0.446,-0.012,5.0,1,20210906T160000_1
2021-09-06T16:23:27.884,0.501,-161.792,55.192,6914.817,0.26,0.313,-0.027,5.0,2,20210906T160000_2
2021-09-06T16:25:54.676,1.197,-162.572,55.21,61000.0,0.636,0.084,0.011,4.0,3,20210906T160000_3
2021-09-06T17:28:30.149,1.28,-162.221,54.904,0.0,0.204,0.535,0.032,8.974,4,20210906T160000_4
2021-09-06T17:28:50.224,1.499,-162.262,54.904,311.992,0.563,0.532,0.037,7.951,5,20210906T160000_5
2021-09-06T19:24:30.796,1.287,-161.428,54.904,37176.814,0.313,0.196,-0.0,9.0,6,20210906T160000_6
2021-09-06T19:24:43.524,1.424,-161.501,54.904,34500.408,0.556,0.252,0.095,10.0,7,20210906T160000_7
2021-09-06T21:43:12.704,1.276,-161.006,54.982,50067.263,0.28,0.204,0.019,4.0,8,20210906T160000_8
2021-09-06T21:53:44.825,2.731,-161.003,55.145,57394.545,0.309,0.494,0.054,11.041,9,20210906T160000_9
2021-09-06T21:53:51.716,3.11,-162.23,55.921,61000.0,1.07,0.276,0.159,7.274,10,20210906T160000_10
2021-09-06T21:53:53.419,3.172,-162.775,55.003,61000.0,1.059,0.184,-0.074,5.684,11,20210906T160000_11
2021-09-06T22:04:35.709,1.402,-162.543,55.387,61000.0,0.618,0.203,-0.076,4.82,12,20210906T160000_12
2021-09-06T22:50:51.515,0.394,-162.259,54.904,0.0,0.787,0.475,0.082,5.0,13,20210906T160000_13
2021-09-06T23:59:48.877,0.759,-162.309,55.363,61000.0,0.086,0.311,0.009,4.0,1,20210907T000000_1
2021-09-07T00:34:35.629,1.105,-161.004,55.103,11937.576,0.461,0.306,-0.008,8.0,2,20210907T000000_2
2021-09-07T00:34:45.935,1.409,-161.09,55.08,36679.353,0.56,0.253,0.022,10.822,3,20210907T000000_3
2021-09-07T00:48:47.373,1.426,-161.008,54.902,61000.0,0.296,0.256,-0.019,5.0,4,20210907T000000_4
2021-09-07T00:49:06.390,1.029,-161.369,54.904,15965.682,0.439,0.209,0.027,4.0,5,20210907T000000_5
2021-09-07T01:32:18.924,1.544,-162.517,54.903,61000.0,0.784,0.284,-0.104,14.0,6,20210907T000000_6
2021-09-07T02:32:45.548,0.965,-161.846,55.235,17342.195,0.312,0.239,0.017,8.0,7,20210907T000000_7
2021-09-07T02:33:26.614,0.775,-161.606,55.163,0.0,0.239,0.312,0.011,4.0,8,20210907T000000_8
2021-09-07T02:45:21.335,0.632,-161.682,55.445,0.0,0.375,0.281,0.006,3.585,9,20210907T000000_9
2021-09-07T03:47:45.041,-0.06,-161.893,55.329,13996.909,0.0,0.193,0.0,4.0,10,20210907T000000_10
2021-09-07T03:56:23.678,1.048,-161.092,54.902,698.656,0.322,0.22,-0.001,5.802,11,20210907T000000_11
2021-09-07T04:28:15.727,-0.218,-161.821,55.343,12288.418,0.324,0.296,-0.011,5.0,12,20210907T000000_12
2021-09-07T04:39:39.291,1.41,-162.053,55.085,35188.041,0.215,0.244,0.015,4.712,14,20210907T000000_14
2021-09-07T04:39:45.557,0.577,-161.824,55.522,0.0,0.401,0.215,0.035,5.288,13,20210907T000000_13
2021-09-07T04:47:01.693,0.881,-161.769,55.303,23318.447,0.498,0.409,0.142,8.0,15,20210907T000000_15
2021-09-07T05:12:29.221,1.126,-161.445,55.424,61000.0,0.267,0.109,0.01,6.0,16,20210907T000000_16
2021-09-07T06:05:39.307,1.243,-161.234,55.36,61000.0,0.461,0.292,0.025,10.862,17,20210907T000000_17
2021-09-07T06:11:54.679,0.397,-161.491,55.174,96.172,1.035,0.246,0.065,4.0,18,20210907T000000_18
2021-09-07T06:45:28.937,1.164,-161.188,54.903,36784.58,0.299,0.267,-0.016,7.0,19,20210907T000000_19
2021-09-07T06:45:38.902,1.286,-161.151,54.903,40236.218,0.717,0.263,0.058,7.0,20,20210907T000000_20
2021-09-07T07:06:39.144,0.991,-161.821,55.033,0.0,0.598,0.31,0.143,7.0,21,20210907T000000_21
2021-09-07T07:59:48.120,0.853,-162.368,55.377,61000.0,0.442,0.361,-0.093,5.0,1,20210907T080000_1
2021-09-07T08:48:13.708,1.368,-162.773,54.902,61000.0,0.611,0.279,-0.048,4.689,2,20210907T080000_2
2021-09-07T10:03:09.996,1.331,-160.997,55.378,61000.0,1.063,0.298,0.061,4.921,3,20210907T080000_3
2021-09-07T10:04:19.058,2.889,-161.027,54.902,61000.0,0.375,0.351,0.087,12.0,4,20210907T080000_4
2021-09-07T10:04:28.384,3.09,-161.093,54.902,58307.675,0.724,0.219,0.01,11.0,5,20210907T080000_5
2021-09-07T10:22:46.604,0.439,-161.784,55.576,15611.196,0.495,0.255,-0.017,11.0,6,20210907T080000_6
2021-09-07T12:20:00.196,0.997,-162.773,54.902,61000.0,0.719,0.063,0.025,4.0,7,20210907T080000_7
2021-09-07T13:48:06.702,0.786,-161.767,55.391,22908.164,0.365,0.39,-0.0,5.0,8,20210907T080000_8
2021-09-07T14:10:02.003,1.148,-161.542,55.359,54414.146,0.217,0.062,0.001,4.977,9,20210907T080000_9
2021-09-07T14:27:35.546,-0.025,-161.915,55.115,0.0,0.278,0.399,0.01,4.0,10,20210907T080000_10
2021-09-07T15:11:01.442,1.525,-162.773,54.902,61000.0,1.097,0.247,0.096,13.221,11,20210907T080000_11
2021-09-07T15:19:33.986,1.307,-161.512,55.29,35580.871,0.743,0.21,-0.004,13.0,12,20210907T080000_12
2021-09-07T17:24:06.090,1.21,-161.234,55.645,0.0,0.448,0.301,0.234,6.0,1,20210907T160000_1
2021-09-07T17:26:25.050,0.843,-161.866,55.449,28898.971,0.09,0.33,0.007,6.0,2,20210907T160000_2
2021-09-07T17:26:51.948,0.469,-161.935,55.433,29510.756,0.103,0.395,0.007,4.0,3,20210907T160000_3
2021-09-07T17:27:28.117,0.532,-161.954,55.481,25473.588,0.0,0.42,0.0,4.0,4,20210907T160000_4
2021-09-07T17:44:28.152,0.11,-161.912,55.518,995.265,0.067,0.36,-0.015,4.0,5,20210907T160000_5
2021-09-07T17:51:27.781,0.458,-162.025,55.342,7213.436,0.702,0.467,-0.041,5.0,6,20210907T160000_6
2021-09-07T18:10:16.430,1.181,-161.213,55.308,61000.0,0.504,0.172,0.003,9.0,7,20210907T160000_7
2021-09-07T18:11:36.146,0.801,-161.38,55.095,21605.155,0.093,0.196,-0.007,4.886,8,20210907T160000_8
2021-09-07T18:25:25.509,0.428,-162.167,55.291,0.0,0.708,0.32,-0.085,4.0,9,20210907T160000_9
2021-09-07T18:58:32.625,1.561,-162.773,54.902,61000.0,1.152,0.18,-0.024,19.0,10,20210907T160000_10
2021-09-07T19:54:35.913,0.52,-162.03,55.436,21350.537,0.001,0.241,0.0,3.995,11,20210907T160000_11
2021-09-07T20:57:55.313,1.444,-161.008,54.902,61000.0,1.16,0.216,0.104,15.0,12,20210907T160000_12
2021-09-07T21:19:55.866,1.366,-161.003,55.109,61000.0,0.478,0.198,-0.002,8.719,13,20210907T160000_13
2021-09-07T21:20:03.214,1.793,-162.207,55.921,61000.0,0.619,0.355,-0.001,6.065,14,20210907T160000_14
2021-09-07T21:27:15.810,0.959,-162.58,54.903,21600.855,0.558,0.426,-0.034,9.0,15,20210907T160000_15
2021-09-07T21:27:38.238,1.132,-162.233,54.904,0.0,0.596,0.519,0.099,8.0,16,20210907T160000_16
2021-09-07T21:35:19.751,0.378,-162.444,54.904,17276.931,0.076,0.328,-0.002,3.752,17,20210907T160000_17
2021-09-07T21:35:46.617,0.565,-162.512,55.066,102.892,0.332,0.419,0.06,5.971,18,20210907T160000_18
2021-09-07T21:53:20.584,2.274,-162.773,54.902,61000.0,0.931,0.322,0.078,8.518,19,20210907T160000_19
2021-09-07T21:53:21.163,1.947,-161.534,54.904,61000.0,0.748,0.214,-0.003,7.978,20,20210907T160000_20
2021-09-07T23:59:49.275,1.183,-162.082,55.307,61000.0,0.2,0.395,-0.02,8.0,1,20210908T000000_1
2021-09-08T00:22:03.362,0.598,-161.548,55.28,25908.308,0.0,0.22,-0.0,4.0,2,20210908T000000_2
2021-09-08T01:34:39.893,1.604,-160.995,55.491,56965.159,0.355,0.248,0.024,11.0,3,20210908T000000_3
2021-09-08T01:34:46.478,1.755,-160.994,55.517,56121.78,0.656,0.237,0.064,11.0,4,20210908T000000_4
2021-09-08T01:42:23.120,0.962,-162.781,55.26,37105.011,0.364,0.232,-0.001,6.0,5,20210908T000000_5
2021-09-08T01:57:53.858,0.338,-161.794,55.433,0.0,0.323,0.574,-0.114,5.0,6,20210908T000000_6
2021-09-08T02:55:13.940,0.577,-162.217,55.211,12505.23,0.146,0.266,-0.005,4.0,7,20210908T000000_7
2021-09-08T02:57:40.507,1.223,-161.36,54.904,55965.726,0.902,0.404,-0.042,5.0,8,20210908T000000_8
2021-09-08T02:57:49.816,1.42,-161.249,54.903,51931.752,0.572,0.384,0.109,5.0,9,20210908T000000_9
2021-09-08T03:09:45.181,1.519,-162.366,54.904,12601.587,0.351,0.407,0.0,11.0,10,20210908T000000_10
2021-09-08T03:10:06.062,1.839,-162.242,54.904,6220.749,0.494,0.51,0.051,9.0,11,20210908T000000_11
2021-09-08T03:12:53.055,1.31,-162.326,54.904,12594.403,0.529,0.359,-0.004,11.0,12,20210908T000000_12
2021-09-08T03:13:08.559,1.801,-162.595,54.903,23288.91,0.918,0.333,0.017,9.0,13,20210908T000000_13
2021-09-08T03:25:15.667,1.255,-161.197,54.903,55953.991,0.23,0.291,-0.02,5.942,14,20210908T000000_14
2021-09-08T04:53:02.318,1.118,-161.511,54.904,61000.0,0.937,0.058,-0.029,6.0,15,20210908T000000_15
2021-09-08T04:54:37.566,0.103,-162.171,55.024,0.0,0.365,0.205,0.01,3.898,16,20210908T000000_16
2021-09-08T04:56:17.919,0.333,-161.883,55.386,13112.369,0.35,0.283,0.002,8.0,17,20210908T000000_17
2021-09-08T05:43:48.428,-0.003,-161.947,55.299,0.0,0.765,0.307,0.116,5.0,18,20210908T000000_18
2021-09-08T07:00:18.657,1.278,-161.007,54.947,61000.0,0.155,0.156,0.007,3.995,19,20210908T000000_19
2021-09-08T07:59:48.450,0.706,-162.281,55.275,61000.0,0.349,0.402,-0.07,4.0,1,20210908T080000_1
2021-09-08T09:34:40.916,0.738,-162.244,54.904,0.0,0.56,0.335,-0.083,4.0,2,20210908T080000_2
2021-09-08T09:35:01.355,0.855,-162.253,54.921,5144.814,0.383,0.308,0.011,5.0,3,20210908T080000_3
2021-09-08T10:37:55.392,-0.033,-161.731,55.152,13864.17,0.0,0.125,0.0,4.0,4,20210908T080000_4
2021-09-08T11:12:40.116,1.319,-162.066,54.905,61000.0,0.786,0.215,-0.018,9.0,5,20210908T080000_5
2021-09-08T11:39:09.380,0.464,-161.455,55.39,14125.478,0.423,0.377,0.028,5.593,6,20210908T080000_6
2021-09-08T11:46:22.037,-0.313,-161.873,55.399,0.0,0.962,0.375,-0.175,5.0,7,20210908T080000_7
2021-09-08T14:29:21.402,1.314,-161.289,55.27,61000.0,0.504,0.272,-0.061,8.0,8,20210908T080000_8
2021-09-08T14:29:57.812,-0.132,-161.728,55.349,49.526,0.558,0.589,0.207,4.0,9,20210908T080000_9
2021-09-08T14:43:10.409,0.749,-162.217,55.166,0.0,0.866,0.352,0.038,7.0,10,20210908T080000_10
2021-09-08T15:59:49.278,0.841,-161.952,55.233,61000.0,0.483,0.527,-0.037,5.0,1,20210908T160000_1
2021-09-08T16:18:12.662,1.47,-161.325,55.314,55716.487,0.625,0.251,0.026,9.0,2,20210908T160000_2
2021-09-08T16:18:52.051,1.105,-161.821,55.267,20380.812,0.327,0.139,-0.006,5.0,3,20210908T160000_3
2021-09-08T18:31:21.643,2.069,-161.029,55.381,61000.0,0.355,0.194,0.016,10.788,4,20210908T160000_4
2021-09-08T18:31:26.411,2.786,-161.896,55.916,61000.0,0.864,0.24,0.055,6.41,5,20210908T160000_5
2021-09-08T18:31:28.982,2.739,-162.779,55.2,61000.0,0.998,0.233,-0.055,5.802,6,20210908T160000_6
2021-09-08T19:26:30.993,0.323,-161.539,55.25,186.554,0.246,0.374,0.022,5.0,7,20210908T160000_7
2021-09-08T19:36:06.992,1.475,-161.173,55.319,61000.0,0.819,0.386,-0.068,8.0,8,20210908T160000_8
2021-09-08T19:36:53.542,0.572,-161.71,55.376,0.0,0.695,0.808,0.147,4.853,9,20210908T160000_9
2021-09-09T03:15:52.701,2.429,-161.395,54.904,50002.344,0.432,0.231,0.03,11.0,1,20210909T000000_1
2021-09-09T03:16:05.560,2.578,-161.282,54.903,30404.813,0.798,0.266,0.025,8.0,2,20210909T000000_2
2021-09-09T04:22:08.098,2.064,-161.679,55.269,61000.0,0.785,0.202,0.03,11.901,3,20210909T000000_3
2021-09-09T04:22:24.617,2.333,-161.007,54.967,59910.827,0.336,0.179,0.027,4.952,4,20210909T000000_4
2021-09-09T08:03:50.778,1.328,-161.802,55.463,27586.211,0.286,0.361,0.004,10.0,1,20210909T080000_1
2021-09-09T08:05:00.593,1.285,-161.844,55.459,26375.372,0.149,0.409,0.031,13.0,2,20210909T080000_2
2021-09-09T08:05:36.702,1.107,-161.79,55.461,26894.045,0.127,0.399,0.006,7.0,3,20210909T080000_3
2021-09-09T08:06:02.027,0.974,-161.477,55.504,0.0,0.11,0.413,-0.015,3.993,4,20210909T080000_4
2021-09-09T08:06:53.944,1.413,-161.893,55.44,37132.477,0.516,0.415,-0.084,5.969,5,20210909T080000_5
2021-09-09T13:49:30.542,0.383,-162.096,55.396,198.783,0.122,0.432,-0.023,5.0,6,20210909T080000_6
2021-09-09T14:28:51.125,1.818,-162.686,54.902,61000.0,0.442,0.237,0.052,6.899,7,20210909T080000_7
2021-09-09T17:57:30.304,1.466,-162.395,54.904,20773.368,0.389,0.203,0.003,7.0,1,20210909T160000_1
2021-09-09T17:57:51.014,1.454,-162.218,54.904,0.0,0.481,0.452,0.074,7.0,2,20210909T160000_2
2021-09-09T19:23:51.269,2.588,-162.235,54.904,3773.981,0.228,0.406,0.039,8.829,3,20210909T160000_3
2021-09-10T00:44:17.308,1.524,-161.294,55.326,61000.0,0.709,0.461,-0.002,6.0,1,20210910T000000_1
2021-09-10T05:31:55.408,1.675,-162.773,54.902,56384.239,1.262,0.443,-0.239,9.313,2,20210910T000000_2
2021-09-10T05:42:51.286,0.172,-161.501,55.321,419.785,0.291,0.388,0.04,5.0,3,20210910T000000_3
2021-09-10T05:58:24.394,1.671,-162.253,54.926,0.0,0.382,0.611,-0.043,7.847,4,20210910T000000_4
2021-09-10T05:58:52.914,0.828,-161.905,55.15,0.0,0.032,0.621,-0.006,4.0,5,20210910T000000_5
2021-09-10T07:41:00.912,1.424,-162.238,54.944,0.0,0.487,0.607,-0.082,7.0,6,20210910T000000_6
2021-09-10T07:41:16.004,1.657,-162.376,54.904,28793.234,0.537,0.353,0.089,6.0,7,20210910T000000_7
2021-09-10T09:15:40.956,2.222,-162.367,54.904,20814.812,0.447,0.332,0.034,12.0,1,20210910T080000_1
2021-09-10T09:16:02.161,2.234,-162.21,54.904,0.0,0.556,0.484,0.074,7.0,2,20210910T080000_2
2021-09-10T09:21:36.768,2.015,-161.003,55.122,61000.0,0.774,0.369,0.021,10.956,3,20210910T080000_3
2021-09-10T09:22:03.009,2.14,-161.002,55.16,52952.977,0.301,0.304,0.019,4.795,4,20210910T080000_4
2021-09-10T09:24:01.241,0.534,-161.674,55.144,0.0,0.719,0.382,0.064,7.0,5,20210910T080000_5
2021-09-10T10:20:51.647,1.533,-162.378,54.904,5936.33,0.508,0.515,-0.114,9.0,6,20210910T080000_6
2021-09-10T10:21:03.631,1.849,-162.538,54.903,11421.32,0.809,0.308,-0.059,8.0,7,20210910T080000_7
2021-09-10T11:15:37.104,1.015,-162.064,55.536,51312.156,0.097,0.526,-0.002,4.0,8,20210910T080000_8
2021-09-10T11:45:39.425,1.687,-162.773,54.902,61000.0,0.786,0.312,-0.234,8.0,9,20210910T080000_9
2021-09-10T12:07:21.177,1.86,-162.486,54.978,61000.0,0.27,0.293,-0.03,3.636,11,20210910T080000_11
2021-09-10T12:07:24.203,0.654,-161.449,55.281,2251.049,0.35,0.451,0.004,4.948,10,20210910T080000_10
2021-09-10T12:34:42.271,0.687,-161.598,55.264,6122.174,0.0,0.437,-0.0,4.0,12,20210910T080000_12
2021-09-10T12:40:45.557,2.431,-161.008,54.915,52542.663,0.25,0.136,0.004,11.0,13,20210910T080000_13
2021-09-10T12:40:50.318,2.651,-161.008,54.902,44021.902,0.366,0.211,0.036,8.0,14,20210910T080000_14
2021-09-10T13:08:31.805,1.805,-162.773,54.902,56787.528,1.136,0.349,-0.142,6.999,15,20210910T080000_15
2021-09-10T13:08:51.786,1.069,-162.288,54.96,0.0,0.355,0.269,-0.047,4.001,16,20210910T080000_16
2021-09-10T14:59:36.578,1.407,-161.434,55.519,61000.0,0.689,0.478,0.137,4.0,17,20210910T080000_17
2021-09-10T15:17:04.618,0.297,-161.609,55.379,11560.198,0.279,0.242,-0.047,5.0,18,20210910T080000_18
2021-09-10T15:17:37.967,0.71,-161.686,55.25,0.0,1.172,0.427,0.352,6.0,19,20210910T080000_19
2021-09-10T15:27:15.107,1.63,-162.722,54.902,54556.407,0.229,0.154,0.013,4.0,20,20210910T080000_20
2021-09-10T19:56:35.245,0.99,-161.501,54.904,520.97,0.233,0.167,0.006,4.0,1,20210910T160000_1
2021-09-10T21:49:34.918,0.491,-161.552,55.455,1369.058,0.202,0.516,0.058,4.0,2,20210910T160000_2
2021-09-11T00:03:32.623,0.981,-162.258,54.974,0.0,0.412,0.823,0.003,11.0,1,20210911T000000_1
2021-09-11T00:03:51.448,1.52,-162.255,54.904,0.0,0.504,0.592,0.114,8.0,2,20210911T000000_2
2021-09-11T00:14:04.627,1.582,-161.001,55.241,47987.376,0.287,0.387,-0.04,8.06,3,20210911T000000_3
2021-09-11T00:14:08.727,2.043,-162.749,54.996,61000.0,0.968,0.183,-0.023,4.843,4,20210911T000000_4
2021-09-11T00:14:09.755,2.012,-161.814,55.843,61000.0,0.399,0.267,0.058,5.88,5,20210911T000000_5
2021-09-11T01:27:01.844,1.369,-161.294,55.486,61000.0,0.501,0.465,0.028,7.0,6,20210911T000000_6
2021-09-11T01:27:30.985,0.886,-161.48,55.433,4602.448,0.652,0.421,-0.007,5.0,7,20210911T000000_7
2021-09-11T04:03:08.901,1.41,-161.462,54.904,61000.0,0.787,0.395,-0.119,7.0,8,20210911T000000_8
2021-09-11T05:32:13.925,2.216,-162.773,54.902,61000.0,0.775,0.275,0.002,11.522,9,20210911T000000_9
2021-09-11T05:32:15.841,2.113,-161.725,54.905,61000.0,1.079,0.258,-0.066,6.443,10,20210911T000000_10
2021-09-11T06:00:20.562,1.054,-161.864,55.607,61000.0,0.131,0.327,0.009,4.0,11,20210911T000000_11
2021-09-11T07:25:28.570,1.369,-162.666,55.46,61000.0,0.81,0.343,0.153,12.0,12,20210911T000000_12
2021-09-11T09:51:53.691,-0.717,-161.883,55.416,0.0,0.27,0.248,-0.009,4.0,1,20210911T080000_1
2021-09-11T10:03:45.525,1.408,-161.003,55.128,15469.03,0.643,0.295,0.099,6.0,2,20210911T080000_2
2021-09-11T10:04:03.147,1.823,-161.0,55.272,28010.02,0.69,0.261,0.078,10.783,3,20210911T080000_3
2021-09-11T12:24:28.924,-0.014,-161.613,55.482,329.48,0.429,0.459,0.105,5.0,4,20210911T080000_4
2021-09-11T18:51:33.966,0.684,-161.641,54.905,0.0,0.334,0.261,-0.003,4.0,1,20210911T160000_1
2021-09-11T18:59:16.359,1.261,-162.466,55.215,0.0,0.5,0.387,0.075,5.772,2,20210911T160000_2
2021-09-11T19:23:09.541,1.799,-161.203,54.903,43790.839,0.321,0.195,0.006,9.639,3,20210911T160000_3
2021-09-11T19:23:15.971,1.987,-162.63,55.782,61000.0,0.584,0.27,0.065,6.02,4,20210911T160000_4
2021-09-11T20:55:53.863,1.519,-162.773,54.902,59759.567,0.936,0.145,0.01,6.063,5,20210911T160000_5
2021-09-11T20:56:05.677,1.487,-162.721,54.902,7383.309,0.633,0.294,-0.067,3.927,6,20210911T160000_6
2021-09-11T23:33:48.366,1.382,-161.673,54.905,28285.125,0.322,0.232,-0.014,9.81,7,20210911T160000_7
2021-09-11T23:34:03.278,0.967,-161.822,55.043,19038.987,0.643,0.247,-0.019,10.003,8,20210911T160000_8
2021-09-11T23:59:48.535,1.27,-162.332,55.284,61000.0,0.517,0.442,-0.07,8.0,1,20210912T000000_1
2021-09-12T00:31:10.428,1.678,-162.773,54.902,25358.657,0.175,0.243,0.014,3.836,2,20210912T000000_2
2021-09-12T05:00:00.542,0.918,-161.105,54.902,19714.066,0.314,0.275,0.015,5.0,3,20210912T000000_3
2021-09-12T05:00:10.464,1.219,-161.008,54.902,13474.227,0.392,0.192,-0.012,4.0,4,20210912T000000_4
2021-09-12T05:18:09.568,1.668,-161.422,55.289,61000.0,0.552,0.204,-0.029,10.0,5,20210912T000000_5
2021-09-12T05:33:12.051,1.465,-161.005,55.059,48974.507,0.45,0.438,-0.044,3.543,6,20210912T000000_6
2021-09-12T06:01:28.730,0.804,-161.668,55.384,16916.335,0.324,0.335,-0.038,9.0,7,20210912T000000_7
2021-09-12T07:59:49.176,1.218,-162.128,55.341,61000.0,0.206,0.562,-0.067,4.0,1,20210912T080000_1
2021-09-12T08:45:21.705,1.946,-161.24,54.903,48577.522,0.356,0.197,0.019,11.0,2,20210912T080000_2
2021-09-12T08:45:32.085,1.997,-161.336,54.904,52259.614,0.657,0.279,-0.016,11.0,3,20210912T080000_3
2021-09-12T10:40:49.777,1.694,-161.488,54.904,61000.0,0.537,0.259,0.005,4.91,4,20210912T080000_4
2021-09-12T11:30:34.447,1.337,-162.773,54.902,46746.387,0.537,0.231,-0.072,4.624,5,20210912T080000_5
2021-09-12T11:30:37.757,1.202,-161.351,54.904,0.0,0.687,0.256,0.009,4.376,6,20210912T080000_6
2021-09-12T16:57:49.681,1.451,-161.623,55.229,22903.575,0.684,0.398,-0.03,12.0,1,20210912T160000_1
2021-09-12T17:03:37.575,2.48,-162.24,54.904,5645.27,0.222,0.459,0.014,10.945,2,20210912T160000_2
2021-09-12T17:04:12.998,1.034,-161.854,55.339,1028.883,0.0,0.526,0.0,4.0,3,20210912T160000_3
2021-09-12T17:09:21.456,1.001,-161.814,55.406,20068.454,0.88,0.489,-0.151,5.0,4,20210912T160000_4
2021-09-12T22:49:00.484,1.967,-161.262,54.903,585.313,0.141,0.286,0.016,3.616,6,20210912T160000_6
2021-09-12T22:49:02.574,1.837,-162.737,54.902,0.0,0.2,0.307,-0.017,4.737,5,20210912T160000_5
2021-09-12T22:49:20.623,1.251,-161.658,55.21,0.0,0.112,0.29,0.015,5.22,7,20210912T160000_7
2021-09-13T01:21:25.397,2.186,-161.566,54.904,57089.805,0.319,0.119,0.005,3.714,1,20210913T000000_1
2021-09-13T03:15:44.069,2.168,-161.275,54.903,36338.585,0.514,0.229,0.047,10.0,2,20210913T000000_2
2021-09-13T03:15:54.913,2.335,-161.194,54.903,31213.14,0.355,0.305,0.048,5.38,3,20210913T000000_3
2021-09-13T03:20:13.134,1.398,-162.329,54.933,17171.706,0.211,0.276,0.006,8.0,4,20210913T000000_4
2021-09-13T03:20:33.293,1.477,-162.243,54.904,5002.061,0.257,0.464,0.022,5.0,5,20210913T000000_5
2021-09-13T13:31:34.613,1.195,-162.281,54.904,0.0,0.818,0.532,-0.066,4.0,1,20210913T080000_1
2021-09-13T13:42:19.754,1.278,-162.23,54.904,12065.718,0.175,0.335,0.019,5.0,2,20210913T080000_2
2021-09-13T13:42:39.213,1.265,-162.275,54.904,0.0,0.135,0.54,0.022,4.0,3,20210913T080000_3
2021-09-13T14:03:14.849,1.837,-162.751,54.902,41179.708,0.096,0.18,0.006,5.0,4,20210913T080000_4
2021-09-13T14:03:46.459,1.097,-162.339,55.013,286.23,0.221,0.748,0.022,4.0,5,20210913T080000_5
2021-09-13T16:09:43.937,1.592,-162.344,54.904,11803.73,0.622,0.455,-0.039,8.0,1,20210913T160000_1
2021-09-13T16:09:47.413,2.328,-162.786,55.512,61000.0,0.696,0.427,0.059,4.0,2,20210913T160000_2
2021-09-13T17:44:25.828,1.557,-162.203,55.439,0.0,0.181,0.303,-0.034,3.777,3,20210913T160000_3
2021-09-13T18:19:28.899,2.005,-161.182,54.903,46779.612,0.259,0.232,0.009,8.98,4,20210913T160000_4
2021-09-13T18:19:55.500,1.268,-162.037,55.235,20934.311,0.832,0.221,0.006,5.973,5,20210913T160000_5
2021-09-13T18:28:38.960,1.195,-161.461,55.622,61000.0,0.541,0.226,-0.05,4.0,6,20210913T160000_6
2021-09-13T18:29:10.976,1.064,-161.937,55.458,29978.292,0.272,0.383,0.031,7.0,7,20210913T160000_7
2021-09-13T19:37:32.827,1.051,-161.209,55.301,1083.053,0.573,0.428,0.115,4.0,8,20210913T160000_8
2021-09-13T22:53:50.509,2.007,-162.398,54.985,61000.0,0.202,0.186,-0.015,3.532,9,20210913T160000_9
2021-09-13T23:22:35.286,2.056,-161.008,54.916,61000.0,0.158,0.322,0.022,6.06,10,20210913T160000_10
2021-09-13T23:22:37.529,2.078,-161.008,54.902,61000.0,0.597,0.344,0.066,8.94,11,20210913T160000_11
2021-09-14T01:40:10.461,2.294,-161.25,54.903,48325.416,0.321,0.207,0.022,11.0,1,20210914T000000_1
2021-09-14T01:40:17.698,2.715,-161.192,54.903,60270.497,0.573,0.257,0.013,11.0,2,20210914T000000_2
2021-09-14T02:07:58.580,1.332,-161.063,55.731,53093.705,0.456,0.21,0.03,4.0,3,20210914T000000_3
2021-09-14T03:18:48.525,2.306,-161.106,54.902,61000.0,0.785,0.297,0.02,19.933,4,20210914T000000_4
2021-09-14T04:58:38.840,1.236,-162.47,55.002,29964.45,0.024,0.281,-0.002,5.0,6,20210914T000000_6
2021-09-14T04:58:46.914,1.49,-162.526,55.013,32702.19,0.0,0.523,-0.0,4.0,5,20210914T000000_5
2021-09-14T15:06:19.390,2.189,-161.008,54.902,59632.62,0.386,0.194,0.016,10.864,1,20210914T080000_1
2021-09-14T15:06:21.749,2.395,-161.008,54.902,61000.0,0.692,0.219,0.042,10.136,2,20210914T080000_2
2021-09-14T15:21:19.416,1.757,-161.005,55.048,9864.834,0.173,0.238,-0.025,4.0,3,20210914T080000_3
2021-09-14T15:59:49.083,1.525,-162.106,55.313,61000.0,0.123,0.469,-0.025,5.0,1,20210914T160000_1
2021-09-14T17:37:19.150,2.15,-161.38,55.001,60266.269,0.215,0.301,0.002,15.0,2,20210914T160000_2
2021-09-14T18:32:58.424,0.813,-161.514,55.269,2216.5,0.585,0.393,-0.209,6.0,3,20210914T160000_3
2021-09-14T19:17:00.444,1.59,-162.773,54.902,61000.0,0.964,0.319,-0.068,12.0,4,20210914T160000_4
2021-09-14T23:59:49.296,1.276,-162.231,55.348,61000.0,0.708,0.573,0.019,6.0,1,20210915T000000_1
2021-09-15T00:36:39.315,1.063,-162.773,54.902,29734.309,0.723,0.2,-0.086,6.0,2,20210915T000000_2
2021-09-15T01:10:50.131,2.241,-160.992,55.64,61000.0,0.377,0.123,0.011,3.999,3,20210915T000000_3
2021-09-15T03:34:52.113,2.291,-162.773,54.909,41765.713,0.407,0.25,-0.0,11.0,4,20210915T000000_4
2021-09-15T03:35:01.375,2.852,-162.773,54.902,32701.186,0.423,0.324,-0.156,11.0,5,20210915T000000_5
2021-09-15T04:33:55.056,1.365,-161.008,54.908,48821.728,0.235,0.28,0.003,3.931,6,20210915T000000_6
2021-09-15T05:53:08.189,0.111,-161.795,55.357,15517.484,0.0,0.462,0.0,4.0,7,20210915T000000_7
2021-09-15T07:59:48.549,1.267,-162.339,55.53,61000.0,0.457,0.508,-0.141,4.0,1,20210915T080000_1
2021-09-15T10:49:31.243,2.363,-161.007,54.968,61000.0,0.77,0.19,0.018,5.463,3,20210915T080000_3
2021-09-15T10:49:32.783,2.071,-161.222,55.279,61000.0,0.449,0.228,-0.015,11.537,2,20210915T080000_2
2021-09-15T12:30:02.576,1.187,-161.65,54.905,35399.787,0.062,0.106,0.002,4.0,4,20210915T080000_4
2021-09-15T12:30:24.321,0.977,-161.547,55.084,646.729,0.736,0.287,0.007,6.0,5,20210915T080000_5
2021-09-15T13:30:01.541,1.713,-162.773,54.902,53139.293,0.683,0.366,0.089,9.0,6,20210915T080000_6
2021-09-15T14:16:35.040,1.3,-161.006,54.993,19546.426,0.276,0.177,0.015,4.0,7,20210915T080000_7
2021-09-15T14:16:43.980,1.576,-161.212,54.903,41720.676,0.381,0.25,0.035,5.0,8,20210915T080000_8
2021-09-15T17:07:55.750,1.049,-161.459,55.249,376.124,0.881,0.334,0.151,7.0,1,20210915T160000_1
2021-09-15T19:56:37.373,1.414,-161.456,54.904,40191.624,0.263,0.161,0.003,6.0,2,20210915T160000_2
2021-09-15T19:56:53.070,1.268,-161.455,54.916,0.0,0.029,0.344,0.003,4.0,3,20210915T160000_3
2021-09-15T20:51:02.775,1.496,-162.773,54.902,38459.051,0.616,0.235,0.037,5.0,4,20210915T160000_4
2021-09-15T21:52:39.082,1.787,-162.339,54.904,61000.0,1.023,0.09,0.059,8.0,5,20210915T160000_5
2021-09-16T00:27:54.649,-0.496,-161.873,55.397,0.0,0.239,0.544,-0.02,3.0,1,20210916T000000_1
2021-09-16T00:36:07.336,0.874,-161.422,55.53,894.379,0.97,0.374,0.016,4.0,2,20210916T000000_2
2021-09-16T04:31:08.395,0.258,-162.348,54.904,0.0,1.221,0.503,0.402,4.0,3,20210916T000000_3
2021-09-16T14:18:31.940,-0.224,-161.892,55.448,8212.161,0.607,0.171,-0.014,4.0,1,20210916T080000_1
2021-09-16T15:24:10.073,1.694,-161.003,55.15,48117.999,0.696,0.514,0.081,8.0,2,20210916T080000_2
2021-09-16T17:52:28.734,3.205,-161.0,55.274,61000.0,0.526,0.345,0.017,13.261,1,20210916T160000_1
2021-09-16T18:35:42.225,1.375,-161.332,55.259,37698.506,0.383,0.388,0.007,6.59,2,20210916T160000_2
2021-09-16T18:36:25.396,0.762,-161.813,55.188,0.0,0.092,0.448,0.025,3.65,3,20210916T160000_3
2021-09-16T19:49:09.359,2.065,-161.005,55.061,61000.0,0.837,0.333,0.112,18.0,4,20210916T160000_4
2021-09-16T22:49:08.535,1.305,-161.191,54.903,890.571,0.063,0.262,0.001,4.0,5,20210916T160000_5
2021-09-16T22:49:18.560,1.573,-161.156,54.903,19605.252,0.288,0.235,0.002,4.0,6,20210916T160000_6
2021-09-16T23:05:42.144,3.141,-161.07,55.262,61000.0,0.361,0.276,-0.006,11.934,7,20210916T160000_7
2021-09-16T23:06:13.398,3.373,-161.35,55.1,61000.0,0.53,0.357,0.066,4.0,8,20210916T160000_8
2021-09-16T23:28:00.011,2.214,-161.416,54.904,54705.74,0.388,0.246,0.011,9.75,9,20210916T160000_9
2021-09-16T23:28:20.506,1.896,-161.61,54.926,3253.398,0.327,0.201,0.007,7.79,10,20210916T160000_10
2021-09-16T23:38:31.230,1.858,-161.007,54.94,35600.371,0.188,0.383,-0.029,6.0,11,20210916T160000_11
2021-09-16T23:38:41.181,1.702,-161.077,54.902,33016.247,0.647,0.361,0.013,5.0,12,20210916T160000_12
2021-09-16T23:45:22.424,1.932,-161.003,55.115,46950.968,0.203,0.379,0.011,6.83,13,20210916T160000_13
2021-09-16T23:45:36.866,1.972,-161.005,55.052,24526.051,0.56,0.374,-0.042,7.0,14,20210916T160000_14
2021-09-17T03:54:39.783,1.191,-162.385,54.904,6911.554,0.253,0.433,-0.017,3.907,1,20210917T000000_1
2021-09-17T13:43:06.692,0.45,-161.868,55.43,17804.064,0.058,0.163,-0.001,4.0,1,20210917T080000_1
2021-09-17T18:20:37.368,1.031,-160.998,55.375,5508.668,0.784,0.22,0.114,4.0,1,20210917T160000_1
2021-09-17T22:04:37.290,1.731,-161.843,55.473,61000.0,0.275,0.358,0.043,6.0,2,20210917T160000_2
2021-09-17T23:15:57.507,1.475,-161.802,54.905,24246.463,0.575,0.262,-0.031,7.973,3,20210917T160000_3
2021-09-17T23:16:15.700,2.148,-161.694,54.905,38885.526,0.433,0.304,-0.027,8.0,4,20210917T160000_4
2021-09-18T01:13:27.325,1.929,-161.128,54.903,37452.286,0.286,0.256,0.019,7.999,1,20210918T000000_1
2021-09-18T01:13:31.099,2.13,-162.793,55.831,61000.0,0.738,0.337,0.03,4.001,2,20210918T000000_2
2021-09-18T01:56:38.975,1.691,-162.773,54.902,52013.506,0.688,0.257,0.069,5.511,3,20210918T000000_3
2021-09-18T05:01:17.181,1.301,-161.758,55.465,14355.143,0.249,0.284,-0.006,17.0,4,20210918T000000_4
2021-09-18T05:03:05.539,0.279,-161.783,55.491,8999.541,0.383,0.376,-0.012,8.0,5,20210918T000000_5
2021-09-18T05:15:36.240,-0.015,-161.883,55.452,8184.843,0.532,0.416,-0.003,5.0,6,20210918T000000_6
2021-09-18T05:48:43.329,1.658,-162.773,54.902,61000.0,0.759,0.212,0.054,7.824,7,20210918T000000_7
2021-09-18T07:14:43.018,1.74,-161.525,54.904,48962.367,0.458,0.281,-0.014,8.886,8,20210918T000000_8
2021-09-18T07:14:57.401,1.836,-162.459,54.904,7193.379,0.585,0.249,-0.093,4.993,9,20210918T000000_9
2021-09-18T08:00:47.788,1.817,-161.029,54.902,35496.155,0.293,0.302,0.029,8.0,1,20210918T080000_1
2021-09-18T08:00:55.772,1.891,-161.008,54.902,45696.628,0.663,0.337,0.063,8.0,2,20210918T080000_2
2021-09-18T08:02:03.436,0.271,-161.612,55.306,1.068,0.003,0.466,-0.0,4.0,3,20210918T080000_3
2021-09-18T09:36:34.669,1.529,-161.85,55.27,61000.0,0.578,0.323,-0.072,4.478,4,20210918T080000_4
2021-09-18T10:44:26.757,1.322,-161.205,54.903,46640.372,0.439,0.283,0.002,5.0,5,20210918T080000_5
2021-09-18T11:33:16.655,1.956,-161.002,55.176,61000.0,0.6,0.277,0.007,11.0,6,20210918T080000_6
2021-09-18T11:33:34.050,2.004,-161.325,55.318,61000.0,0.305,0.329,-0.027,5.789,7,20210918T080000_7
2021-09-18T11:33:57.295,2.018,-162.348,55.919,51922.263,0.193,0.066,-0.001,3.884,8,20210918T080000_8
2021-09-18T11:44:35.948,1.692,-162.629,54.903,59664.011,0.474,0.164,0.04,4.707,9,20210918T080000_9
2021-09-18T11:47:18.416,0.786,-162.192,54.905,1511.489,0.463,0.307,0.045,5.93,10,20210918T080000_10
2021-09-18T14:09:14.582,0.381,-161.409,55.233,486.424,0.643,0.23,0.031,5.0,11,20210918T080000_11
2021-09-18T14:22:16.615,2.3,-161.371,54.904,57258.044,0.396,0.163,0.016,9.97,12,20210918T080000_12
2021-09-18T14:22:33.632,2.322,-161.423,54.904,17243.286,0.794,0.249,0.124,7.954,13,20210918T080000_13
2021-09-18T14:32:37.011,1.278,-161.622,54.905,0.0,0.365,0.158,0.02,4.0,14,20210918T080000_14
2021-09-18T15:04:15.580,1.573,-161.797,54.905,61000.0,1.001,0.218,-0.024,10.68,15,20210918T080000_15
2021-09-18T17:14:22.694,1.264,-161.008,54.902,61000.0,1.073,0.336,-0.012,8.0,1,20210918T160000_1
2021-09-18T23:06:27.164,0.546,-161.523,55.248,218.025,0.011,0.405,0.001,4.0,2,20210918T160000_2
2021-09-18T23:57:27.436,1.46,-162.773,54.902,16305.137,0.806,0.132,-0.013,9.0,3,20210918T160000_3
2021-09-19T01:31:02.017,1.296,-161.411,54.904,33839.803,0.294,0.267,0.017,6.0,1,20210919T000000_1
2021-09-19T01:31:13.185,1.659,-161.343,54.904,35827.192,0.503,0.297,0.038,8.0,2,20210919T000000_2
2021-09-19T04:00:10.346,1.51,-160.993,55.588,44130.657,0.208,0.487,-0.045,4.0,3,20210919T000000_3
2021-09-19T05:20:31.280,0.773,-161.748,55.485,14538.684,0.112,0.32,0.014,12.0,4,20210919T000000_4
2021-09-19T08:36:27.548,2.033,-161.003,55.137,16822.773,0.326,0.245,0.029,11.0,1,20210919T080000_1
2021-09-19T08:36:30.314,2.587,-161.001,55.231,49422.013,0.554,0.206,0.007,11.0,2,20210919T080000_2
2021-09-19T08:54:38.664,0.095,-161.677,55.322,0.0,0.011,0.395,0.001,4.0,3,20210919T080000_3
2021-09-19T11:13:34.928,2.237,-161.254,54.903,46534.39,0.396,0.241,0.036,12.0,4,20210919T080000_4
2021-09-19T11:13:43.921,2.51,-161.23,54.903,50886.957,0.834,0.273,0.03,11.0,5,20210919T080000_5
2021-09-19T12:31:00.058,1.062,-161.755,55.473,14076.224,0.211,0.325,0.007,14.0,6,20210919T080000_6
2021-09-19T12:35:18.452,1.754,-162.773,54.902,61000.0,0.691,0.157,-0.096,5.0,7,20210919T080000_7
2021-09-19T13:18:04.686,2.707,-161.161,55.156,61000.0,0.487,0.27,0.045,12.0,8,20210919T080000_8
2021-09-19T13:18:17.314,3.103,-161.005,55.022,61000.0,1.029,0.265,-0.043,10.726,9,20210919T080000_9
2021-09-19T14:13:08.706,2.021,-161.234,54.903,40057.101,0.377,0.234,0.031,9.736,10,20210919T080000_10
2021-09-19T14:13:15.199,2.295,-162.59,55.764,61000.0,0.6,0.297,0.067,4.472,11,20210919T080000_11
2021-09-19T14:13:25.043,2.103,-162.436,54.904,4806.086,0.69,0.108,-0.041,3.684,12,20210919T080000_12
2021-09-19T14:24:20.873,0.776,-161.963,55.53,19615.258,0.139,0.379,0.009,4.0,13,20210919T080000_13
2021-09-19T14:30:24.259,1.968,-161.193,54.903,48884.14,0.202,0.235,-0.002,9.0,14,20210919T080000_14
2021-09-19T14:30:36.257,2.088,-161.368,54.904,48636.755,0.646,0.243,0.035,9.0,15,20210919T080000_15
2021-09-19T14:51:35.899,1.842,-161.224,54.903,53147.757,0.279,0.275,0.032,7.999,16,20210919T080000_16
2021-09-19T14:51:46.909,2.052,-161.148,54.903,43030.123,0.502,0.349,0.005,6.997,17,20210919T080000_17
2021-09-19T15:18:44.673,2.045,-162.773,54.902,35023.585,0.995,0.359,-0.083,16.933,18,20210919T080000_18
2021-09-19T16:02:01.814,0.377,-161.535,55.179,2763.506,0.545,0.291,-0.027,4.0,1,20210919T160000_1
2021-09-19T16:06:22.172,0.38,-161.363,55.366,809.224,0.717,0.224,0.094,5.0,2,20210919T160000_2
2021-09-19T16:11:04.195,1.35,-161.008,54.909,7755.911,0.206,0.292,0.004,4.0,3,20210919T160000_3
2021-09-19T16:11:17.484,1.452,-161.251,54.903,22842.421,0.519,0.341,0.053,5.0,4,20210919T160000_4
2021-09-19T16:16:05.918,0.585,-161.524,55.26,229.162,0.039,0.439,0.003,4.0,5,20210919T160000_5
2021-09-19T17:18:19.567,0.522,-161.749,55.603,1164.287,0.629,0.545,0.199,5.0,6,20210919T160000_6
2021-09-19T17:45:23.124,0.751,-161.757,55.488,13220.309,0.377,0.35,-0.022,11.0,7,20210919T160000_7
2021-09-19T18:15:05.327,1.921,-161.252,54.903,40045.479,0.301,0.335,0.039,9.0,8,20210919T160000_8
2021-09-19T18:15:18.487,2.005,-161.262,54.903,22392.368,0.696,0.282,-0.008,7.0,9,20210919T160000_9
2021-09-19T18:16:41.293,1.289,-161.007,54.937,6423.946,0.214,0.28,0.016,4.0,10,20210919T160000_10
2021-09-19T18:16:52.784,1.526,-161.236,54.903,34490.532,0.584,0.347,0.028,5.0,11,20210919T160000_11
2021-09-19T18:18:40.486,2.092,-161.242,54.903,47592.773,0.341,0.226,0.016,11.0,12,20210919T160000_12
2021-09-19T18:18:52.754,2.051,-161.329,54.904,41245.054,0.67,0.282,0.023,12.0,13,20210919T160000_13
2021-09-19T18:27:16.974,1.783,-161.3,54.903,39690.327,0.293,0.297,0.026,9.0,14,20210919T160000_14
2021-09-19T18:27:26.569,1.808,-161.303,54.903,49317.033,0.557,0.292,0.015,6.0,15,20210919T160000_15
2021-09-19T18:30:08.533,1.801,-161.284,54.903,26602.24,0.695,0.331,0.117,9.0,16,20210919T160000_16
2021-09-19T18:30:18.971,1.709,-161.261,54.903,34001.869,0.299,0.304,0.022,5.0,17,20210919T160000_17
2021-09-19T19:25:59.740,2.021,-161.342,54.904,45861.296,0.334,0.258,0.029,11.0,18,20210919T160000_18
2021-09-19T19:26:11.554,2.244,-161.23,54.903,30979.945,0.467,0.274,-0.034,8.0,19,20210919T160000_19
2021-09-19T19:33:52.025,0.678,-161.865,55.159,19958.397,0.0,0.347,-0.0,4.0,20,20210919T160000_20
2021-09-19T19:36:37.619,1.551,-161.293,54.903,31783.233,0.23,0.348,-0.002,4.997,21,20210919T160000_21
2021-09-19T19:36:39.594,2.015,-162.795,55.882,61000.0,0.834,0.295,0.061,3.538,22,20210919T160000_22
2021-09-19T22:49:26.796,1.969,-161.003,55.144,61000.0,0.32,0.348,-0.034,7.0,23,20210919T160000_23
2021-09-19T22:49:43.638,2.065,-161.005,55.04,41418.214,0.733,0.323,-0.028,7.0,24,20210919T160000_24
2021-09-20T02:39:54.000,1.647,-162.773,54.902,61000.0,0.905,0.292,-0.047,6.0,1,20210920T000000_1
2021-09-20T09:08:45.845,1.753,-161.007,54.951,3362.711,0.386,0.252,-0.018,5.0,1,20210920T080000_1
2021-09-20T09:08:56.942,1.812,-161.008,54.923,1467.912,0.331,0.301,0.028,4.0,2,20210920T080000_2
2021-09-20T11:53:20.889,1.674,-161.008,54.902,46479.24,0.211,0.337,-0.041,3.926,4,20210920T080000_4
2021-09-20T11:53:21.906,1.836,-162.774,54.951,61000.0,0.316,0.269,0.037,5.074,3,20210920T080000_3
2021-09-20T12:32:51.724,1.689,-161.301,54.903,50845.573,0.366,0.411,0.08,3.974,5,20210920T080000_5
2021-09-20T18:28:43.619,-0.02,-161.722,55.317,0.0,0.24,0.379,0.046,4.0,1,20210920T160000_1
2021-09-20T18:28:55.573,1.213,-161.363,55.187,29952.176,0.382,0.321,0.029,6.0,2,20210920T160000_2
2021-09-21T00:03:25.319,1.907,-161.008,54.905,61000.0,0.298,0.263,0.006,5.0,1,20210921T000000_1
2021-09-21T00:03:35.137,1.807,-161.007,54.93,31394.293,0.504,0.305,0.024,8.0,2,20210921T000000_2
2021-09-21T04:00:06.093,0.308,-161.77,55.357,31828.31,0.115,0.217,-0.004,4.0,3,20210921T000000_3
2021-09-21T04:37:14.312,0.725,-161.667,55.32,12985.872,0.518,0.349,0.271,7.0,4,20210921T000000_4
2021-09-21T08:45:13.138,1.938,-161.002,55.176,61000.0,0.451,0.214,0.014,17.712,1,20210921T080000_1
2021-09-21T10:24:14.082,1.464,-161.347,54.904,30478.715,0.221,0.228,0.018,8.0,2,20210921T080000_2
2021-09-21T10:24:24.609,1.551,-161.339,54.904,40386.755,0.493,0.253,0.07,7.0,3,20210921T080000_3
2021-09-21T11:12:00.059,0.362,-161.613,55.301,8404.913,0.251,0.45,-0.063,6.0,4,20210921T080000_4
2021-09-21T11:15:43.500,0.419,-161.763,55.231,13024.853,0.434,0.379,0.109,6.0,5,20210921T080000_5
2021-09-21T11:16:54.735,0.222,-161.57,55.231,102.167,0.36,0.377,0.064,5.0,6,20210921T080000_6
2021-09-21T11:23:14.834,1.539,-161.529,54.904,57568.39,0.195,0.36,-0.022,11.769,7,20210921T080000_7
2021-09-21T11:32:30.758,0.132,-161.614,55.246,33.315,0.452,0.442,0.071,4.0,8,20210921T080000_8
2021-09-21T11:35:56.263,0.175,-161.921,55.33,13453.794,0.481,0.406,-0.114,6.0,9,20210921T080000_9
2021-09-21T11:50:29.012,1.167,-161.404,55.261,3272.945,0.44,0.465,0.13,4.911,10,20210921T080000_10
2021-09-21T12:07:13.107,1.474,-161.891,55.423,61000.0,0.327,0.388,0.003,8.411,11,20210921T080000_11
2021-09-21T13:21:32.064,2.051,-162.773,54.902,53293.644,0.805,0.263,-0.008,10.122,12,20210921T080000_12
2021-09-21T13:21:34.569,2.035,-162.773,54.902,59438.325,0.449,0.351,0.041,6.877,13,20210921T080000_13
2021-09-21T13:25:19.633,1.513,-162.773,54.902,61000.0,0.994,0.233,-0.033,9.0,14,20210921T080000_14
2021-09-21T13:50:54.219,1.505,-162.773,54.902,60999.25,0.801,0.258,-0.085,8.0,15,20210921T080000_15
2021-09-21T13:58:47.958,0.02,-161.874,55.38,28282.454,0.0,0.194,-0.0,4.0,16,20210921T080000_16
2021-09-21T16:47:31.557,0.5,-161.317,55.249,0.0,0.03,0.391,-0.007,4.0,1,20210921T160000_1
2021-09-21T16:47:35.072,1.349,-161.004,55.087,46458.737,0.547,0.409,0.049,7.575,2,20210921T160000_2
2021-09-21T17:04:37.387,1.42,-161.307,54.904,49523.276,0.251,0.275,-0.026,5.788,3,20210921T160000_3
2021-09-21T21:03:40.560,0.031,-161.498,55.437,615.426,0.076,0.152,0.005,4.0,4,20210921T160000_4
2021-09-21T21:25:06.951,1.294,-161.11,54.902,45517.227,0.298,0.404,-0.014,6.0,5,20210921T160000_5
2021-09-21T22:56:34.926,1.269,-161.324,54.904,43498.07,0.223,0.302,-0.023,7.0,6,20210921T160000_6
2021-09-21T22:57:02.909,0.363,-162.223,55.253,6667.506,0.112,0.215,-0.009,5.0,7,20210921T160000_7
2021-09-21T22:59:09.050,1.214,-161.074,54.902,5443.919,0.202,0.335,0.016,6.0,8,20210921T160000_8
2021-09-21T22:59:20.601,1.18,-161.399,54.904,40863.456,0.363,0.33,0.045,6.0,9,20210921T160000_9
2021-09-22T01:13:06.541,1.294,-161.414,54.904,39873.463,0.479,0.216,0.011,8.0,1,20210922T000000_1
2021-09-22T01:13:18.447,1.342,-161.306,54.904,35133.052,0.783,0.282,0.031,6.0,2,20210922T000000_2
2021-09-22T03:48:38.098,2.634,-162.749,54.902,61000.0,0.824,0.343,-0.133,23.0,3,20210922T000000_3
2021-09-22T06:18:09.285,0.351,-161.502,55.303,0.0,0.524,0.31,-0.081,7.791,4,20210922T000000_4
2021-09-22T07:35:52.396,1.83,-160.987,55.827,61000.0,0.872,0.448,-0.002,9.557,5,20210922T000000_5
2021-09-22T07:36:01.211,1.384,-162.021,54.905,61000.0,0.635,0.3,-0.085,3.757,6,20210922T000000_6
2021-09-22T07:36:06.384,1.513,-162.52,55.275,61000.0,0.371,0.205,-0.052,3.686,7,20210922T000000_7
2021-09-22T07:59:49.295,0.907,-162.091,55.353,61000.0,0.247,0.47,-0.024,5.0,1,20210922T080000_1
2021-09-22T09:05:30.516,0.62,-162.566,54.974,0.0,0.139,0.335,0.014,3.572,2,20210922T080000_2
2021-09-22T09:06:00.542,1.31,-162.773,54.902,8186.111,0.597,0.19,0.018,5.0,3,20210922T080000_3
2021-09-22T09:52:39.179,1.736,-162.773,54.902,54941.934,0.223,0.169,-0.018,8.024,5,20210922T080000_5
2021-09-22T09:52:39.300,1.605,-162.546,54.903,50723.246,0.101,0.198,-0.002,3.976,4,20210922T080000_4
2021-09-22T10:08:13.470,1.503,-161.002,55.18,0.0,0.081,0.507,-0.022,5.0,6,20210922T080000_6
2021-09-22T11:59:38.168,1.167,-161.007,54.958,39426.8,0.152,0.331,0.006,5.0,7,20210922T080000_7
2021-09-22T12:34:20.441,-0.662,-161.757,55.437,0.0,0.021,0.504,0.006,4.0,8,20210922T080000_8
2021-09-22T12:35:59.315,1.041,-161.237,55.293,53956.233,0.271,0.283,0.001,4.827,9,20210922T080000_9
2021-09-22T12:38:15.845,0.336,-161.848,55.303,18252.805,0.284,0.346,0.051,7.0,10,20210922T080000_10
2021-09-22T12:43:11.160,0.318,-161.771,55.361,18095.855,0.185,0.355,0.016,6.0,11,20210922T080000_11
2021-09-22T12:46:33.109,0.292,-161.575,55.257,51.989,0.319,0.451,-0.043,7.794,12,20210922T080000_12
2021-09-22T12:49:28.912,0.476,-161.766,55.331,24190.636,0.785,0.352,0.172,8.0,13,20210922T080000_13
2021-09-22T12:51:11.462,0.069,-161.821,55.366,14322.231,0.0,0.338,-0.0,4.0,14,20210922T080000_14
2021-09-22T12:51:58.599,0.474,-161.381,55.469,774.728,0.592,0.464,0.296,5.0,15,20210922T080000_15
2021-09-22T12:54:10.191,0.979,-161.241,55.056,25396.232,0.397,0.44,0.386,6.0,16,20210922T080000_16
2021-09-22T12:54:53.747,0.46,-161.729,55.352,18500.67,0.138,0.34,0.013,4.892,17,20210922T080000_17
2021-09-22T12:57:09.336,-0.388,-161.785,55.43,2941.462,0.46,0.396,0.049,7.0,18,20210922T080000_18
2021-09-22T12:58:48.661,0.376,-161.746,55.349,17453.266,0.1,0.348,0.013,5.0,19,20210922T080000_19
2021-09-22T13:00:19.273,-0.413,-161.768,55.445,0.0,0.33,0.568,-0.023,5.0,20,20210922T080000_20
2021-09-22T13:03:24.373,0.523,-161.892,55.452,20375.025,0.38,0.361,0.234,6.0,21,20210922T080000_21
2021-09-22T13:06:04.279,0.238,-161.728,55.384,14260.44,0.109,0.467,0.013,7.0,22,20210922T080000_22
2021-09-22T13:07:58.465,1.754,-162.794,55.849,61000.0,0.197,0.396,-0.047,4.0,23,20210922T080000_23
2021-09-22T13:10:55.627,1.113,-162.168,55.753,0.0,0.588,0.334,-0.053,5.0,24,20210922T080000_24
2021-09-22T15:31:32.725,1.605,-160.985,55.918,61000.0,0.528,0.347,-0.089,3.515,25,20210922T080000_25
2021-09-22T15:31:51.291,1.495,-161.004,55.066,7995.167,0.377,0.336,0.049,5.809,26,20210922T080000_26
2021-09-22T15:54:12.387,1.549,-162.773,54.902,61000.0,0.939,0.16,-0.021,6.998,27,20210922T080000_27
2021-09-22T15:59:49.123,1.263,-162.058,55.313,61000.0,0.019,0.368,-0.004,4.0,1,20210922T160000_1
2021-09-22T20:30:04.698,1.507,-161.003,55.143,61000.0,0.551,0.347,-0.151,5.702,2,20210922T160000_2
2021-09-22T21:40:23.945,1.891,-161.396,55.271,61000.0,0.409,0.106,-0.004,8.0,3,20210922T160000_3
2021-09-22T21:40:38.459,2.15,-161.006,54.976,37008.591,0.436,0.259,0.033,7.161,4,20210922T160000_4
2021-09-22T22:20:59.341,0.638,-161.671,55.316,22099.96,0.226,0.599,0.003,5.0,5,20210922T160000_5
2021-09-22T22:53:43.456,1.946,-162.773,54.902,61000.0,0.882,0.305,-0.246,15.0,6,20210922T160000_6
2021-09-22T23:59:52.658,1.162,-162.067,55.321,37249.877,0.0,0.346,-0.0,3.814,1,20210923T000000_1
2021-09-23T01:57:42.803,0.812,-161.304,55.283,810.494,0.177,0.119,0.012,4.0,2,20210923T000000_2
2021-09-23T04:33:30.616,2.104,-161.001,55.22,61000.0,0.426,0.197,-0.001,10.0,3,20210923T000000_3
2021-09-23T04:33:46.120,2.336,-161.002,55.16,46956.968,0.307,0.239,0.023,8.728,4,20210923T000000_4
2021-09-23T10:04:53.713,1.509,-162.358,54.904,61000.0,0.942,0.303,-0.109,12.0,1,20210923T080000_1
2021-09-23T10:47:36.051,0.404,-161.666,55.39,16557.571,0.077,0.542,-0.008,5.0,2,20210923T080000_2
2021-09-23T10:50:01.821,0.53,-161.578,55.222,73.514,0.431,0.384,0.07,4.0,3,20210923T080000_3
2021-09-23T11:22:32.264,0.517,-161.926,55.487,12135.528,0.211,0.377,-0.037,4.995,4,20210923T080000_4
2021-09-23T17:23:05.145,0.925,-162.084,55.078,1752.535,0.218,0.117,0.011,10.0,1,20210923T160000_1
2021-09-23T17:31:52.806,1.163,-162.494,55.909,60729.797,0.098,0.134,0.001,4.0,2,20210923T160000_2
2021-09-23T21:55:59.981,2.237,-162.773,54.902,61000.0,0.854,0.271,-0.062,19.0,3,20210923T160000_3
2021-09-23T22:42:10.869,1.593,-162.433,54.904,0.0,1.0,0.338,0.021,8.0,4,20210923T160000_4
2021-09-23T23:37:28.290,1.875,-161.216,54.903,61000.0,0.399,0.206,-0.035,3.928,5,20210923T160000_5
2021-09-24T04:56:05.604,1.106,-161.684,54.905,162.104,0.267,0.304,0.003,4.0,1,20210924T000000_1
2021-09-24T07:04:54.567,1.957,-162.775,55.002,46998.24,0.681,0.297,0.084,11.0,2,20210924T000000_2
2021-09-24T07:15:57.444,1.679,-161.262,54.903,45117.69,0.277,0.317,0.002,8.0,3,20210924T000000_3
2021-09-24T07:16:09.363,1.923,-161.273,54.903,39406.067,0.707,0.311,-0.008,8.0,4,20210924T000000_4
2021-09-24T07:28:21.747,1.665,-161.303,54.903,42131.443,0.249,0.238,0.003,8.0,5,20210924T000000_5
2021-09-24T07:28:33.333,1.885,-161.279,54.903,39278.196,0.62,0.279,0.007,8.0,6,20210924T000000_6
2021-09-24T08:18:46.630,-0.411,-161.711,55.301,0.0,0.581,0.407,0.135,4.0,1,20210924T080000_1
2021-09-24T08:50:22.235,0.32,-161.784,55.367,15662.899,0.018,0.441,-0.006,5.0,2,20210924T080000_2
2021-09-24T08:53:23.995,0.473,-161.788,55.198,14981.532,0.357,0.34,0.004,6.0,3,20210924T080000_3
2021-09-24T08:55:44.771,0.397,-161.793,55.358,17103.932,0.019,0.4,0.005,5.0,4,20210924T080000_4
2021-09-24T09:07:11.745,-0.138,-161.709,55.426,3907.406,0.512,0.429,-0.123,5.0,5,20210924T080000_5
2021-09-24T09:09:02.369,0.51,-161.575,55.219,75.15,0.218,0.345,0.033,4.0,6,20210924T080000_6
2021-09-24T09:12:18.360,0.383,-161.891,55.315,15138.233,0.312,0.415,0.08,4.956,7,20210924T080000_7
2021-09-24T09:13:04.052,1.002,-162.779,55.211,61000.0,0.694,0.119,0.013,4.0,8,20210924T080000_8
2021-09-24T09:39:16.295,0.753,-162.335,54.904,9645.245,0.038,0.415,-0.003,4.0,9,20210924T080000_9
2021-09-24T09:39:28.675,0.879,-162.24,54.904,0.0,0.396,0.493,0.027,4.0,10,20210924T080000_10
2021-09-24T11:47:37.879,1.681,-162.773,54.902,58766.362,0.943,0.139,0.011,6.043,11,20210924T080000_11
2021-09-24T11:47:49.563,1.687,-162.717,54.902,4842.091,0.423,0.298,-0.047,3.957,12,20210924T080000_12
2021-09-24T11:54:54.478,2.219,-162.773,54.902,34576.976,0.753,0.253,0.029,11.0,13,20210924T080000_13
2021-09-24T14:00:47.895,1.703,-161.343,55.279,61000.0,0.595,0.342,0.024,8.0,14,20210924T080000_14
2021-09-24T15:32:14.087,1.329,-160.995,55.5,12983.246,0.247,0.395,-0.02,7.0,15,20210924T080000_15
2021-09-24T15:32:32.159,1.304,-160.998,55.344,18518.875,0.197,0.321,-0.016,5.0,16,20210924T080000_16
2021-09-24T15:59:48.450,1.013,-162.281,55.275,61000.0,0.349,0.535,-0.107,4.0,1,20210924T160000_1
2021-09-24T16:57:51.299,2.042,-161.33,54.904,49197.967,0.333,0.193,0.028,11.0,2,20210924T160000_2
2021-09-24T16:58:02.231,2.231,-161.374,54.904,47416.548,0.741,0.235,0.043,10.0,3,20210924T160000_3
2021-09-24T16:59:57.334,1.607,-162.773,54.902,61000.0,0.535,0.307,-0.001,12.0,4,20210924T160000_4
2021-09-24T19:18:25.723,0.069,-161.767,55.358,14364.337,0.087,0.4,0.019,6.0,5,20210924T160000_5
2021-09-24T19:19:11.090,0.358,-161.548,55.253,172.222,0.063,0.372,0.011,5.0,6,20210924T160000_6
2021-09-24T19:19:37.846,0.082,-161.748,55.233,0.0,0.26,0.453,0.067,4.0,7,20210924T160000_7
2021-09-24T19:20:20.067,0.543,-162.051,55.233,0.0,0.805,0.338,-0.12,5.0,8,20210924T160000_8
2021-09-24T23:01:39.495,1.376,-161.001,55.225,59403.963,0.654,0.447,0.026,8.976,9,20210924T160000_9
2021-09-24T23:18:59.596,-0.669,-161.808,55.376,0.0,0.388,0.142,-0.015,3.825,10,20210924T160000_10
2021-09-24T23:51:29.608,1.218,-161.002,55.188,35403.275,0.258,0.339,-0.007,6.534,11,20210924T160000_11
2021-09-24T23:51:34.419,1.716,-162.147,55.921,61000.0,0.382,0.268,0.014,6.406,12,20210924T160000_12
2021-09-25T00:49:43.228,0.975,-162.315,55.219,0.0,0.217,0.345,0.003,5.028,1,20210925T000000_1
2021-09-25T00:51:59.853,0.519,-161.624,55.265,14422.262,0.314,0.263,0.034,7.0,2,20210925T000000_2
2021-09-25T00:58:56.513,0.435,-161.614,55.219,0.0,0.288,0.329,0.004,5.0,3,20210925T000000_3
2021-09-25T01:00:31.894,0.427,-161.592,55.183,0.0,0.484,0.383,0.009,4.0,4,20210925T000000_4
2021-09-25T01:01:19.734,0.334,-161.572,55.292,0.0,0.098,0.326,-0.011,4.0,5,20210925T000000_5
2021-09-25T01:03:30.593,0.518,-161.576,55.183,29.415,0.459,0.285,0.035,3.999,6,20210925T000000_6
2021-09-25T01:04:26.734,0.603,-161.647,55.189,2392.866,0.277,0.344,0.058,5.0,7,20210925T000000_7
2021-09-25T01:08:04.641,0.348,-161.871,55.382,18380.704,0.144,0.411,0.03,5.0,8,20210925T000000_8
2021-09-25T01:08:24.937,0.509,-161.586,55.229,2415.579,0.139,0.364,0.031,4.0,9,20210925T000000_9
2021-09-25T01:10:29.740,0.35,-161.982,55.446,4129.917,0.736,0.313,-0.041,5.0,10,20210925T000000_10
2021-09-25T02:59:01.718,1.17,-161.456,54.904,46851.85,0.5,0.289,-0.025,7.0,11,20210925T000000_11
2021-09-25T02:59:13.018,1.417,-161.304,54.903,36992.867,0.446,0.234,0.042,7.0,12,20210925T000000_12
2021-09-25T03:16:30.632,0.971,-161.582,54.905,26232.555,0.295,0.11,0.012,3.768,13,20210925T000000_13
2021-09-25T03:16:46.883,1.038,-161.577,54.905,0.0,0.323,0.157,0.034,4.917,14,20210925T000000_14
2021-09-25T03:25:09.147,1.458,-162.782,55.309,61000.0,0.621,0.1,-0.013,7.0,15,20210925T000000_15
2021-09-25T05:10:56.549,1.485,-161.003,55.113,59567.598,0.401,0.278,0.008,10.785,16,20210925T000000_16
2021-09-25T05:11:04.326,1.812,-162.005,55.922,61000.0,0.683,0.219,0.096,5.5,17,20210925T000000_17
2021-09-25T05:35:50.326,1.128,-161.893,55.73,56646.329,0.357,0.406,-0.029,4.0,18,20210925T000000_18
2021-09-25T05:50:30.024,1.113,-161.313,54.904,30676.049,0.295,0.336,-0.052,6.0,19,20210925T000000_19
2021-09-25T07:52:20.390,1.646,-161.029,54.902,61000.0,0.456,0.208,0.009,8.554,20,20210925T000000_20
2021-09-25T07:52:39.794,1.331,-161.001,55.21,0.0,0.405,0.253,-0.044,6.0,21,20210925T000000_21
2021-09-25T07:59:47.262,0.976,-162.554,55.371,61000.0,0.421,0.508,-0.148,5.0,1,20210925T080000_1
2021-09-25T08:03:39.994,1.671,-161.008,54.924,59410.389,0.309,0.195,0.027,10.0,2,20210925T080000_2
2021-09-25T08:03:47.148,2.02,-161.008,54.902,61000.0,0.683,0.192,0.025,10.0,3,20210925T080000_3
2021-09-25T09:12:05.697,1.495,-161.007,54.952,61000.0,1.131,0.195,0.027,12.0,4,20210925T080000_4
2021-09-25T09:12:18.076,1.624,-161.007,54.951,46782.704,0.344,0.191,0.028,9.0,5,20210925T080000_5
2021-09-25T09:18:45.486,0.399,-161.818,55.388,18113.056,0.14,0.325,0.016,5.0,6,20210925T080000_6
2021-09-25T09:19:24.545,0.145,-161.807,55.36,16272.188,0.078,0.384,0.001,7.0,7,20210925T080000_7
2021-09-25T09:21:24.993,0.079,-161.885,55.402,7187.591,0.515,0.324,0.044,9.689,8,20210925T080000_8
2021-09-25T09:25:06.634,0.752,-162.07,55.333,9270.756,0.485,0.46,0.039,7.857,9,20210925T080000_9
2021-09-25T09:25:58.668,0.107,-161.808,55.419,0.0,0.889,0.517,0.193,6.0,10,20210925T080000_10
2021-09-25T10:22:08.817,2.538,-161.043,54.902,61000.0,0.357,0.282,0.068,12.0,11,20210925T080000_11
2021-09-25T10:22:18.090,3.0,-161.114,54.902,55768.68,0.419,0.179,0.013,11.0,12,20210925T080000_12
2021-09-25T10:35:13.067,1.061,-162.773,54.902,58832.266,0.296,0.11,0.013,4.956,13,20210925T080000_13
2021-09-25T11:22:19.765,1.223,-162.661,55.35,61000.0,0.777,0.068,-0.024,4.896,14,20210925T080000_14
2021-09-25T12:45:40.037,1.164,-161.003,55.125,61000.0,0.604,0.401,-0.161,6.621,15,20210925T080000_15
2021-09-25T12:45:47.406,1.335,-162.198,55.887,61000.0,0.881,0.301,0.046,4.751,16,20210925T080000_16
2021-09-25T12:58:23.916,1.133,-161.003,55.135,61000.0,0.776,0.329,-0.085,5.791,17,20210925T080000_17
2021-09-25T13:05:11.017,1.272,-162.786,55.492,61000.0,0.44,0.129,0.023,3.989,18,20210925T080000_18
2021-09-25T16:16:16.479,0.048,-161.691,55.306,12609.632,0.294,0.369,-0.004,6.798,1,20210925T160000_1
2021-09-25T16:17:20.607,0.433,-161.88,55.331,17988.822,0.125,0.314,0.015,7.0,2,20210925T160000_2
2021-09-25T16:19:30.990,0.553,-161.782,55.208,17699.072,0.114,0.289,0.022,5.0,3,20210925T160000_3
2021-09-25T16:21:35.429,-0.096,-161.665,55.291,0.0,0.037,0.381,0.008,4.0,4,20210925T160000_4
2021-09-25T18:36:57.763,0.664,-161.551,54.904,0.0,0.07,0.169,0.003,4.0,5,20210925T160000_5
2021-09-25T18:37:36.506,-0.504,-161.883,55.189,0.0,0.141,0.539,-0.006,4.0,6,20210925T160000_6
2021-09-25T22:51:37.413,0.176,-161.826,55.31,15452.478,0.455,0.316,-0.003,7.0,7,20210925T160000_7
2021-09-25T22:57:39.884,0.244,-161.755,55.39,16262.515,0.002,0.266,-0.0,5.0,8,20210925T160000_8
2021-09-25T22:58:44.333,0.254,-161.579,55.193,26.113,0.446,0.279,0.022,6.0,9,20210925T160000_9
2021-09-25T22:59:12.203,0.366,-161.864,55.432,14919.66,0.142,0.274,0.017,4.845,10,20210925T160000_10
2021-09-25T23:00:45.143,-0.321,-161.878,55.417,0.0,0.657,0.214,-0.035,4.0,11,20210925T160000_11
2021-09-26T00:19:06.028,1.065,-161.308,54.999,42770.551,0.558,0.244,0.029,10.098,1,20210926T000000_1
2021-09-26T00:19:46.824,0.733,-161.305,55.418,0.0,0.297,0.372,-0.053,5.533,3,20210926T000000_3
2021-09-26T00:19:51.853,0.345,-161.881,55.146,7580.634,0.442,0.365,0.034,5.467,2,20210926T000000_2
2021-09-26T00:26:43.928,0.826,-162.238,54.904,0.0,0.584,0.491,0.069,10.676,4,20210926T000000_4
2021-09-26T00:27:06.472,1.049,-162.778,55.151,2065.185,0.874,0.208,0.039,4.0,5,20210926T000000_5
2021-09-26T02:13:55.684,1.198,-162.019,54.905,61000.0,0.402,0.206,-0.012,10.0,6,20210926T000000_6
2021-09-26T02:44:42.299,1.106,-162.444,54.904,12906.816,0.621,0.424,-0.066,9.0,7,20210926T000000_7
2021-09-26T02:44:53.584,1.265,-162.678,54.902,0.0,0.713,0.279,-0.075,8.0,8,20210926T000000_8
2021-09-26T03:07:43.945,-0.293,-161.861,55.403,10909.603,0.279,0.301,0.024,9.0,9,20210926T000000_9
2021-09-26T03:22:53.446,1.899,-160.999,55.297,61000.0,0.445,0.209,0.039,12.0,10,20210926T000000_10
2021-09-26T03:23:13.029,2.171,-161.0,55.262,45679.002,0.563,0.288,0.09,9.81,11,20210926T000000_11
2021-09-26T05:30:46.969,1.319,-161.543,54.904,61000.0,0.828,0.051,-0.019,3.765,12,20210926T000000_12
2021-09-26T05:48:24.147,0.335,-161.795,55.364,16636.87,0.024,0.419,0.002,5.0,13,20210926T000000_13
2021-09-26T05:49:10.666,0.36,-161.868,55.334,17118.483,0.218,0.352,-0.021,6.0,14,20210926T000000_14
2021-09-26T05:50:51.217,0.152,-161.728,55.42,12794.988,0.443,0.321,-0.058,8.0,15,20210926T000000_15
2021-09-26T05:55:43.439,-0.932,-161.833,55.411,0.0,0.191,0.444,-0.009,4.0,16,20210926T000000_16
2021-09-26T05:59:55.673,0.033,-161.558,55.376,11308.589,0.817,0.288,0.021,5.0,17,20210926T000000_17
2021-09-26T06:00:20.268,0.387,-161.667,55.409,17779.503,0.23,0.385,0.013,6.0,18,20210926T000000_18
2021-09-26T06:00:24.751,1.652,-162.115,54.905,61000.0,0.415,0.273,0.047,4.0,19,20210926T000000_19
2021-09-26T06:04:51.203,0.165,-162.105,55.278,0.0,0.462,0.25,-0.06,4.0,20,20210926T000000_20
2021-09-26T06:06:24.160,0.545,-161.669,55.499,15007.915,0.486,0.375,0.156,6.0,21,20210926T000000_21
2021-09-26T07:59:49.334,0.847,-162.019,55.242,61000.0,0.27,0.449,-0.074,5.0,1,20210926T080000_1
2021-09-26T09:18:48.214,1.07,-161.007,54.955,29455.683,0.356,0.393,0.016,5.0,2,20210926T080000_2
2021-09-26T09:18:53.048,1.392,-161.039,54.902,60450.237,0.578,0.311,-0.031,6.0,3,20210926T080000_3
2021-09-26T10:49:31.588,1.28,-161.573,54.904,61000.0,0.7,0.225,0.014,5.531,4,20210926T080000_4
2021-09-26T12:19:17.921,0.719,-161.628,55.233,4788.517,0.928,0.432,-0.027,4.0,5,20210926T080000_5
2021-09-26T12:28:25.288,1.434,-162.773,54.902,61000.0,0.465,0.114,0.022,4.0,6,20210926T080000_6
2021-09-26T12:54:39.643,1.486,-162.773,54.902,61000.0,0.977,0.155,0.021,8.0,7,20210926T080000_7
2021-09-26T13:02:24.337,0.452,-162.208,54.904,0.0,0.046,0.3,-0.001,4.0,8,20210926T080000_8
2021-09-26T13:02:43.341,1.102,-162.092,54.905,2545.138,0.765,0.328,-0.043,9.708,9,20210926T080000_9
2021-09-26T14:02:00.940,1.518,-162.783,55.383,61000.0,0.372,0.143,0.006,3.681,10,20210926T080000_10
2021-09-26T14:04:40.844,1.831,-162.796,55.918,61000.0,0.344,0.057,0.001,4.0,11,20210926T080000_11
2021-09-26T15:24:13.850,1.276,-162.257,55.921,61000.0,0.275,0.379,0.022,3.999,12,20210926T080000_12
2021-09-26T16:23:47.406,0.803,-162.346,54.904,90.45,0.877,0.338,0.2,6.0,1,20210926T160000_1
2021-09-26T16:24:05.335,0.968,-162.469,54.904,5129.948,0.405,0.416,-0.012,5.0,2,20210926T160000_2
2021-09-26T17:20:52.755,1.456,-161.002,55.194,61000.0,0.595,0.329,-0.051,6.0,3,20210926T160000_3
2021-09-26T17:23:03.814,1.153,-162.486,55.119,61000.0,0.325,0.324,-0.004,4.0,4,20210926T160000_4
2021-09-26T17:39:55.515,1.708,-161.238,54.903,61000.0,0.598,0.331,-0.058,21.0,5,20210926T160000_5
2021-09-26T17:57:05.078,1.436,-161.269,54.903,37909.618,0.319,0.272,-0.02,7.0,6,20210926T160000_6
2021-09-26T17:57:16.067,1.363,-161.244,54.903,35471.792,0.39,0.295,-0.023,6.0,7,20210926T160000_7
2021-09-26T18:54:55.326,1.684,-160.996,55.448,61000.0,1.235,0.352,-0.048,13.957,8,20210926T160000_8
2021-09-26T19:10:12.034,0.427,-161.551,55.233,7987.289,0.42,0.398,-0.005,6.0,9,20210926T160000_9
2021-09-26T19:15:39.108,0.856,-161.765,55.131,0.0,0.656,0.371,-0.003,8.0,10,20210926T160000_10
2021-09-26T21:19:03.164,1.428,-161.209,54.903,41435.921,0.289,0.288,-0.052,5.0,11,20210926T160000_11
2021-09-26T21:19:10.835,1.467,-161.199,54.903,58189.191,0.333,0.297,0.038,6.0,12,20210926T160000_12
2021-09-27T00:31:35.563,1.785,-160.999,55.29,57413.982,0.332,0.197,-0.002,9.0,1,20210927T000000_1
2021-09-27T00:31:52.020,1.914,-161.002,55.158,13967.606,0.457,0.232,0.042,9.818,2,20210927T000000_2
2021-09-27T01:24:29.829,1.279,-161.001,55.229,31532.919,0.37,0.456,-0.018,7.725,3,20210927T000000_3
2021-09-27T01:33:26.011,1.531,-161.004,55.066,54912.037,0.355,0.353,0.047,8.0,4,20210927T000000_4
2021-09-27T01:34:11.254,0.701,-161.841,55.247,8159.791,0.775,0.395,0.249,8.999,5,20210927T000000_5
2021-09-27T01:40:44.590,1.609,-161.718,54.905,61000.0,0.887,0.254,-0.004,16.0,6,20210927T000000_6
2021-09-27T02:43:10.931,1.502,-162.773,54.902,58733.734,0.691,0.192,-0.032,5.991,7,20210927T000000_7
2021-09-27T03:04:12.391,0.09,-161.896,55.329,16406.416,0.026,0.401,0.002,4.0,8,20210927T000000_8
2021-09-27T03:48:08.092,0.372,-161.477,55.136,168.461,1.215,0.259,0.189,4.0,9,20210927T000000_9
2021-09-27T03:58:01.688,0.382,-161.747,55.354,18906.375,0.118,0.356,0.004,7.0,10,20210927T000000_10
2021-09-27T03:58:25.967,0.559,-161.567,55.392,17065.874,0.413,0.493,-0.085,6.0,11,20210927T000000_11
2021-09-27T04:01:23.494,0.523,-161.851,55.376,17919.745,0.24,0.369,0.02,8.0,12,20210927T000000_12
2021-09-27T04:02:16.470,0.319,-161.627,55.319,16540.91,0.114,0.343,-0.007,5.0,13,20210927T000000_13
2021-09-27T04:03:00.022,0.35,-161.853,55.332,18622.626,0.009,0.412,0.001,5.0,14,20210927T000000_14
2021-09-27T04:04:01.029,0.608,-161.425,55.227,537.949,0.671,0.428,0.047,5.642,15,20210927T000000_15
2021-09-27T04:11:40.923,1.255,-162.284,55.148,0.0,0.345,0.457,-0.019,5.0,16,20210927T000000_16
2021-09-27T04:42:24.463,0.213,-161.392,55.255,6025.591,0.0,0.266,-0.0,4.0,17,20210927T000000_17
2021-09-27T05:05:57.591,1.42,-161.127,54.903,43413.996,0.278,0.34,0.002,7.0,18,20210927T000000_18
2021-09-27T05:06:09.817,1.1,-161.265,54.903,34759.416,0.524,0.25,-0.012,5.0,19,20210927T000000_19
2021-09-27T06:17:57.799,1.246,-161.353,54.904,34149.501,0.187,0.375,-0.021,7.0,20,20210927T000000_20
2021-09-27T06:18:10.765,1.073,-161.38,54.904,29334.37,0.52,0.266,0.004,5.0,21,20210927T000000_21
2021-09-27T08:56:18.829,1.878,-160.997,55.377,61000.0,0.37,0.217,-0.005,8.0,1,20210927T080000_1
2021-09-27T08:56:39.548,1.971,-160.996,55.442,10143.143,0.03,0.289,-0.005,4.022,2,20210927T080000_2
2021-09-27T10:17:29.926,0.435,-161.86,55.562,26330.311,0.444,0.314,-0.019,6.0,3,20210927T080000_3
2021-09-27T13:01:47.519,2.317,-161.008,54.902,59059.575,0.267,0.164,0.021,11.0,4,20210927T080000_4
2021-09-27T13:01:56.013,2.661,-161.055,54.902,56181.546,0.593,0.22,0.012,11.0,5,20210927T080000_5
2021-09-27T13:58:57.140,2.019,-161.469,54.904,61000.0,0.701,0.204,-0.033,9.162,6,20210927T080000_6
2021-09-27T13:58:58.902,1.806,-162.356,54.904,61000.0,0.413,0.392,0.039,5.838,7,20210927T080000_7
2021-09-27T15:09:51.882,0.571,-161.545,55.269,4386.15,0.044,0.398,-0.003,5.0,8,20210927T080000_8
2021-09-27T15:11:29.409,1.299,-161.0,55.267,29723.083,0.761,0.472,-0.14,5.0,9,20210927T080000_9
2021-09-27T18:43:03.638,1.344,-161.479,54.904,30162.12,0.052,0.261,-0.001,3.923,1,20210927T160000_1
2021-09-27T19:20:10.910,1.598,-161.006,54.992,61000.0,0.605,0.361,-0.02,6.749,2,20210927T160000_2
2021-09-27T22:33:46.450,0.734,-161.526,55.341,14991.251,0.529,0.423,-0.056,10.0,3,20210927T160000_3
2021-09-27T22:43:50.637,0.616,-161.872,55.332,16577.569,0.101,0.427,0.003,7.0,4,20210927T160000_4
2021-09-27T23:56:46.777,2.018,-161.002,55.185,61000.0,0.445,0.344,0.081,9.985,5,20210927T160000_5
2021-09-27T23:56:52.019,2.072,-160.999,55.326,54798.089,0.249,0.245,0.026,8.015,6,20210927T160000_6
2021-09-28T00:21:49.552,1.198,-162.521,54.903,20176.738,0.517,0.26,-0.051,7.0,1,20210928T000000_1
2021-09-28T12:06:14.059,1.786,-161.348,54.904,11883.212,0.481,0.299,0.097,7.0,1,20210928T080000_1
2021-09-28T12:06:18.176,2.314,-161.153,54.903,52864.641,0.417,0.237,0.043,7.0,2,20210928T080000_2
2021-09-28T15:57:34.607,1.249,-161.473,55.506,12688.294,0.556,0.454,0.05,4.0,3,20210928T080000_3
2021-09-28T17:02:19.401,1.226,-161.683,55.076,17642.743,0.215,0.323,0.007,5.993,1,20210928T160000_1
2021-09-28T21:33:39.526,1.991,-161.481,54.904,31773.293,0.405,0.267,0.05,6.942,2,20210928T160000_2
2021-09-29T01:12:30.752,1.742,-161.196,54.903,26704.176,0.281,0.227,0.024,5.0,1,20210929T000000_1
2021-09-29T01:12:40.919,1.924,-161.006,54.978,40342.415,0.18,0.307,0.033,3.761,2,20210929T000000_2
2021-09-29T05:14:07.522,1.747,-161.001,55.209,53479.593,0.086,0.41,0.009,4.83,3,20210929T000000_3
2021-09-29T08:44:24.902,1.794,-162.531,55.084,61000.0,0.114,0.177,0.009,3.746,1,20210929T080000_1
2021-09-29T11:31:35.856,1.843,-161.003,55.135,59897.13,0.634,0.442,0.087,9.0,2,20210929T080000_2
2021-09-29T11:32:21.201,0.893,-161.841,55.209,0.0,0.258,0.544,0.049,3.861,3,20210929T080000_3
2021-09-29T14:25:41.970,0.942,-161.457,55.221,651.912,0.569,0.311,0.117,9.0,4,20210929T080000_4
2021-09-29T15:59:49.730,1.24,-162.088,55.386,61000.0,0.42,0.545,-0.03,6.69,1,20210929T160000_1
2021-09-29T17:32:21.317,1.492,-162.301,54.904,61000.0,0.971,0.255,-0.099,13.0,2,20210929T160000_2
2021-09-29T23:07:14.753,0.733,-161.657,55.306,16765.138,0.09,0.385,0.024,5.0,3,20210929T160000_3
2021-09-29T23:59:49.951,1.133,-161.939,55.411,59057.498,0.029,0.386,-0.004,5.0,1,20210930T000000_1
2021-09-30T01:02:42.779,1.452,-162.281,55.161,3290.086,0.259,0.287,-0.021,14.0,2,20210930T000000_2
2021-09-30T04:38:28.275,0.936,-161.986,55.321,19091.032,0.791,0.345,-0.068,6.696,3,20210930T000000_3
2021-09-30T05:36:15.184,0.74,-162.239,55.021,266.567,0.318,0.319,-0.01,4.942,4,20210930T000000_4
2021-09-30T06:25:41.538,1.063,-161.434,55.279,1150.463,1.069,0.325,-0.045,8.0,5,20210930T000000_5
2021-09-30T10:54:03.701,2.625,-161.387,54.904,50783.868,0.508,0.166,0.002,11.859,1,20210930T080000_1
2021-09-30T10:54:13.535,2.782,-161.382,54.904,53252.42,0.767,0.201,-0.016,9.985,2,20210930T080000_2
2021-09-30T11:05:26.187,1.332,-161.902,54.905,0.0,0.22,0.197,0.001,4.861,3,20210930T080000_3
2021-09-30T12:06:01.872,1.712,-161.515,54.904,28186.192,0.561,0.283,0.026,9.0,4,20210930T080000_4
2021-09-30T12:06:15.704,2.081,-161.516,54.904,25702.7,0.502,0.267,0.064,7.0,5,20210930T080000_5
2021-09-30T16:10:14.380,1.044,-162.309,55.008,12766.254,0.026,0.266,-0.002,4.846,1,20210930T160000_1
2021-09-30T23:14:04.484,1.586,-161.558,54.904,28478.168,0.202,0.273,0.02,6.0,2,20210930T160000_2
2021-09-30T23:14:20.668,1.627,-161.568,54.904,9707.034,0.206,0.158,0.015,4.0,3,20210930T160000_3
2021-09-30T23:15:46.603,1.7,-161.112,55.33,37303.345,0.159,0.3,0.009,6.0,4,20210930T160000_4
2021-09-30T23:15:58.101,2.191,-160.999,55.302,35245.676,0.396,0.324,0.044,8.0,5,20210930T160000_5
2021-10-01T00:12:20.816,0.771,-162.261,55.035,0.0,0.512,0.417,-0.032,5.0,1,20211001T000000_1
2021-10-01T03:55:57.387,1.78,-162.773,54.902,61000.0,0.833,0.179,-0.029,4.597,2,20211001T000000_2
2021-10-01T03:56:15.378,1.108,-162.214,54.904,0.0,0.416,0.255,0.032,5.403,3,20211001T000000_3
2021-10-01T05:08:21.557,0.618,-162.248,54.989,0.0,0.071,0.448,-0.006,4.558,4,20211001T000000_4
2021-10-01T07:34:28.064,1.793,-162.773,54.902,61000.0,0.753,0.278,-0.079,8.883,5,20211001T000000_5
2021-10-01T07:59:49.361,1.521,-162.064,55.291,61000.0,0.261,0.517,-0.026,7.927,1,20211001T080000_1
2021-10-01T12:27:16.708,1.877,-161.298,54.903,47752.488,0.143,0.289,0.01,7.0,2,20211001T080000_2
2021-10-01T12:27:26.029,2.304,-161.326,54.904,56663.864,0.81,0.268,-0.032,12.0,3,20211001T080000_3
2021-10-01T14:13:27.537,3.199,-161.298,55.433,61000.0,0.533,0.217,0.003,10.974,4,20211001T080000_4
2021-10-01T14:13:58.642,3.802,-161.889,55.488,61000.0,0.411,0.193,-0.106,5.607,5,20211001T080000_5
2021-10-01T17:29:23.785,1.461,-161.351,55.232,9610.169,0.21,0.403,0.009,4.481,1,20211001T160000_1
2021-10-01T21:23:34.626,1.91,-162.774,54.976,45915.242,0.33,0.286,0.043,8.0,2,20211001T160000_2
2021-10-02T06:54:35.233,1.289,-161.609,55.41,2247.159,0.423,0.41,0.078,5.0,1,20211002T000000_1
2021-10-02T23:41:43.352,1.163,-161.912,55.385,0.0,0.632,0.584,0.194,3.0,1,20211002T160000_1
2021-10-03T18:09:16.936,1.837,-161.004,55.096,37883.502,0.345,0.202,0.043,5.0,1,20211003T080000_1
2021-10-04T11:07:18.036,1.584,-161.9,55.708,30398.259,0.0,0.333,0.0,4.0,1,20211004T080000_1
2021-10-04T11:07:58.411,1.236,-162.2,55.598,0.0,0.157,0.244,-0.017,4.0,2,20211004T080000_2
2021-10-04T20:53:02.922,0.947,-162.254,54.904,0.0,0.506,0.515,0.064,5.0,1,20211004T160000_1
2021-10-04T23:59:49.710,1.479,-162.005,55.477,61000.0,0.435,0.493,-0.061,6.0,1,20211005T000000_1
2021-10-05T02:40:18.349,1.852,-162.773,54.904,61000.0,0.578,0.144,-0.01,8.777,2,20211005T000000_2
2021-10-05T04:27:31.212,1.338,-161.299,55.525,61000.0,0.253,0.484,0.046,3.33,3,20211005T000000_3
2021-10-05T04:28:36.881,0.939,-161.69,55.372,0.0,0.607,0.767,0.024,6.0,4,20211005T000000_4
2021-10-05T04:31:00.787,1.522,-162.779,55.181,24502.719,0.646,0.359,0.136,5.0,5,20211005T000000_5
2021-10-05T05:47:47.048,1.611,-162.773,54.902,61000.0,1.079,0.16,0.012,7.32,6,20211005T000000_6
2021-10-05T07:59:49.173,1.102,-162.133,55.342,61000.0,0.185,0.392,-0.046,5.0,1,20211005T080000_1
2021-10-05T09:17:43.100,1.774,-161.338,54.904,231.278,0.557,0.214,-0.002,8.266,2,20211005T080000_2
2021-10-05T09:17:52.716,1.824,-161.975,54.905,318.793,0.609,0.231,0.033,9.312,3,20211005T080000_3
2021-10-05T11:39:43.545,0.376,-161.663,55.424,3512.727,0.336,0.418,0.069,5.369,4,20211005T080000_4
2021-10-05T15:44:09.242,0.924,-161.445,55.342,16656.109,0.646,0.345,0.017,8.0,5,20211005T080000_5
2021-10-05T15:59:49.110,1.163,-162.174,55.317,61000.0,0.297,0.422,-0.03,6.0,1,20211005T160000_1
2021-10-05T16:39:40.332,1.694,-161.323,54.904,61000.0,0.941,0.076,-0.038,5.0,2,20211005T160000_2
2021-10-05T18:22:33.072,1.722,-162.773,54.902,61000.0,1.197,0.205,-0.062,14.0,3,20211005T160000_3
2021-10-05T19:58:15.715,1.25,-162.773,54.902,38106.997,0.796,0.089,0.032,5.0,4,20211005T160000_4
2021-10-05T19:58:42.364,1.672,-161.79,55.453,61000.0,0.337,0.093,0.019,4.0,5,20211005T160000_5
2021-10-05T19:59:05.800,1.735,-161.686,55.462,32973.395,0.551,0.291,-0.021,7.0,6,20211005T160000_6
2021-10-05T22:15:36.530,0.743,-161.358,55.286,945.701,0.536,0.412,0.11,4.877,7,20211005T160000_7
2021-10-05T22:59:42.258,2.128,-162.218,54.904,667.526,0.283,0.52,0.004,10.919,8,20211005T160000_8
2021-10-05T22:59:53.843,2.677,-162.612,54.903,32252.672,0.594,0.261,0.01,7.0,9,20211005T160000_9
2021-10-05T23:59:49.650,1.176,-161.927,55.412,61000.0,0.034,0.426,0.0,5.0,1,20211006T000000_1
2021-10-06T02:02:21.511,1.318,-161.448,54.904,36455.784,0.165,0.28,0.016,4.0,2,20211006T000000_2
2021-10-06T03:31:49.345,1.812,-162.774,54.981,61000.0,0.535,0.353,0.066,5.924,3,20211006T000000_3
2021-10-06T03:42:48.212,2.295,-162.291,54.904,12637.657,0.493,0.448,0.002,11.0,4,20211006T000000_4
2021-10-06T03:43:08.695,2.371,-162.263,54.908,2727.62,0.108,0.506,0.01,6.0,5,20211006T000000_5
2021-10-06T03:52:46.394,-0.243,-161.893,55.408,0.0,0.642,0.32,0.383,5.0,6,20211006T000000_6
2021-10-06T04:08:47.833,1.143,-161.004,55.095,3508.868,0.183,0.444,0.009,3.998,7,20211006T000000_7
2021-10-06T04:09:22.914,1.17,-162.092,55.617,7176.984,0.485,0.557,0.012,4.0,8,20211006T000000_8
2021-10-06T04:51:56.169,1.423,-162.773,54.902,61000.0,1.537,0.227,0.02,4.0,9,20211006T000000_9
2021-10-06T05:22:18.044,1.863,-162.255,54.904,0.0,0.403,0.46,-0.005,10.792,10,20211006T000000_10
2021-10-06T06:28:33.178,1.827,-162.773,54.91,26701.739,0.275,0.313,-0.0,6.0,11,20211006T000000_11
2021-10-06T06:28:55.830,1.924,-162.324,54.904,6680.563,0.291,0.567,0.048,7.0,12,20211006T000000_12
2021-10-06T06:43:17.276,1.922,-162.259,54.998,0.0,0.342,0.601,0.015,10.891,13,20211006T000000_13
2021-10-06T06:43:28.065,2.959,-162.774,54.957,29327.167,0.398,0.275,0.063,6.949,14,20211006T000000_14
2021-10-06T07:59:50.999,1.389,-161.499,54.908,8972.654,0.17,0.552,0.02,5.0,1,20211006T080000_1
2021-10-06T09:02:11.033,1.949,-161.027,55.376,61000.0,0.195,0.256,0.025,7.866,2,20211006T080000_2
2021-10-06T09:02:46.718,2.151,-162.784,55.412,53979.213,0.037,0.182,0.003,4.884,3,20211006T080000_3
2021-10-06T12:40:17.477,1.902,-161.449,54.904,61000.0,0.521,0.089,0.016,5.0,4,20211006T080000_4
2021-10-06T15:08:00.145,1.709,-162.777,55.111,61000.0,0.514,0.092,0.012,4.0,5,20211006T080000_5
2021-10-06T15:50:00.483,1.647,-161.05,54.902,52475.971,0.39,0.286,0.019,5.0,6,20211006T080000_6
2021-10-06T15:59:49.226,1.325,-162.119,55.317,61000.0,0.116,0.575,0.031,4.0,1,20211006T160000_1
2021-10-06T17:06:45.055,0.212,-161.891,55.404,886.867,0.229,0.355,0.049,5.0,2,20211006T160000_2
2021-10-06T21:17:39.411,1.958,-162.773,54.902,61000.0,1.009,0.253,0.038,13.0,3,20211006T160000_3
2021-10-06T23:59:49.297,1.479,-162.021,55.268,61000.0,0.286,0.46,-0.009,7.0,1,20211007T000000_1
2021-10-07T06:07:58.343,0.364,-161.965,55.371,0.0,0.911,0.756,0.259,4.0,2,20211007T000000_2
2021-10-07T06:08:02.280,1.332,-161.906,55.455,36351.644,0.442,0.36,0.042,11.0,3,20211007T000000_3
2021-10-07T08:35:21.158,1.154,-161.538,55.098,26992.083,0.544,0.407,0.038,5.0,1,20211007T080000_1
2021-10-07T08:41:32.777,0.285,-161.839,55.454,0.0,0.261,0.409,-0.063,4.0,2,20211007T080000_2
2021-10-07T12:25:29.790,0.103,-161.898,55.447,1619.436,0.685,0.458,0.293,6.0,3,20211007T080000_3
2021-10-07T15:59:49.282,1.291,-162.132,55.331,61000.0,0.295,0.429,0.034,8.0,1,20211007T160000_1
2021-10-07T16:55:05.898,0.58,-161.634,55.363,13462.126,0.517,0.41,0.121,5.0,2,20211007T160000_2
2021-10-07T20:12:26.734,1.604,-161.004,55.098,23179.783,0.187,0.351,0.009,4.0,3,20211007T160000_3
2021-10-07T20:41:41.044,1.364,-161.881,55.23,36795.813,0.507,0.372,0.122,5.0,4,20211007T160000_4
2021-10-08T00:01:19.354,0.287,-161.892,55.388,10918.373,0.741,0.64,-0.1,4.0,1,20211008T000000_1
2021-10-08T06:07:01.936,0.589,-161.618,55.473,476.695,0.583,0.45,-0.062,3.597,2,20211008T000000_2
2021-10-08T06:07:03.406,0.264,-161.88,55.416,0.0,0.169,0.462,0.023,3.403,3,20211008T000000_3
2021-10-08T06:36:54.247,1.911,-161.26,55.92,2015.495,0.527,0.491,-0.264,4.0,4,20211008T000000_4
2021-10-08T21:04:25.233,1.637,-161.329,55.012,1.359,0.325,0.207,0.006,3.703,1,20211008T080000_1
2021-10-09T05:58:09.037,1.963,-162.184,55.368,60999.96,0.0,0.138,-0.0,3.0,1,20211008T160000_1
2021-10-09T07:54:55.678,0.89,-161.632,55.452,332.624,0.464,0.533,0.652,4.0,2,20211008T160000_2
2021-10-09T04:57:27.051,1.997,-161.516,54.904,36764.712,0.303,0.236,0.04,8.0,1,20211009T000000_1
2021-10-09T04:57:49.451,1.828,-162.067,55.275,31282.82,0.278,0.259,0.03,5.76,2,20211009T000000_2
2021-10-09T06:00:38.190,1.003,-162.231,54.989,0.0,0.481,0.443,0.047,6.308,3,20211009T000000_3
2021-10-09T11:09:31.920,2.491,-162.052,54.916,23787.668,0.13,0.124,-0.007,4.935,1,20211009T080000_1
2021-10-09T15:06:01.348,2.393,-162.48,54.903,54879.859,0.682,0.349,-0.109,11.23,2,20211009T080000_2
2021-10-09T21:08:34.696,1.805,-161.007,54.965,28492.962,0.334,0.278,0.0,6.287,1,20211009T160000_1
2021-10-09T21:08:37.892,2.109,-162.236,55.846,61000.0,0.573,0.301,0.056,4.989,2,20211009T160000_2
2021-10-09T21:39:22.036,1.758,-162.773,54.902,60447.231,0.216,0.053,0.007,4.0,3,20211009T160000_3
2021-10-10T04:20:38.425,1.581,-160.999,55.327,30529.242,0.311,0.428,0.079,6.0,1,20211010T000000_1
2021-10-10T04:20:52.537,1.629,-160.997,55.378,49312.058,0.628,0.258,0.004,4.0,2,20211010T000000_2
2021-10-10T05:44:42.621,1.64,-161.071,54.902,52441.01,0.272,0.379,0.021,5.0,3,20211010T000000_3
2021-10-10T05:44:53.722,1.602,-161.205,54.903,44226.853,0.529,0.223,0.001,5.0,4,20211010T000000_4
2021-10-10T05:56:19.150,2.045,-161.007,54.94,37135.628,0.286,0.168,0.029,11.156,5,20211010T000000_5
2021-10-10T05:56:28.035,2.336,-162.027,55.589,61000.0,0.684,0.188,0.045,4.977,6,20211010T000000_6
2021-10-10T07:59:49.215,1.408,-162.062,55.305,61000.0,0.147,0.465,-0.006,5.0,1,20211010T080000_1
2021-10-10T10:24:45.984,0.012,-161.876,55.408,0.0,0.885,0.451,0.271,7.0,2,20211010T080000_2
2021-10-10T14:34:53.990,1.879,-161.808,54.905,48088.252,0.51,0.228,-0.023,9.0,3,20211010T080000_3
2021-10-10T14:35:12.170,2.234,-161.666,54.905,55257.769,0.404,0.238,0.013,5.511,4,20211010T080000_4
2021-10-10T15:02:09.668,-0.531,-161.804,55.36,0.0,1.06,0.801,0.496,5.0,5,20211010T080000_5
2021-10-10T18:56:38.162,0.885,-161.661,55.308,15601.491,0.869,0.468,0.229,7.0,1,20211010T160000_1
2021-10-10T18:56:57.101,1.055,-161.979,55.347,18750.654,0.36,0.375,-0.079,5.572,2,20211010T160000_2
2021-10-10T19:13:44.640,0.003,-161.882,55.373,0.0,0.582,0.491,0.197,5.0,3,20211010T160000_3
2021-10-10T21:55:28.667,2.367,-162.785,55.445,61000.0,0.229,0.434,-0.007,4.698,4,20211010T160000_4
2021-10-11T00:19:10.298,1.171,-162.516,54.903,16874.827,0.324,0.249,-0.023,5.41,1,20211011T000000_1
2021-10-11T04:21:04.719,0.619,-161.586,55.384,7555.721,0.319,0.598,0.036,7.0,2,20211011T000000_2
2021-10-11T09:10:57.900,4.84,-160.999,55.318,61000.0,0.342,0.227,0.022,9.063,1,20211011T080000_1
2021-10-11T09:11:25.043,5.551,-161.05,55.469,61000.0,0.555,0.285,-0.088,5.876,2,20211011T080000_2
2021-10-11T09:27:02.447,2.198,-161.591,55.343,25660.621,0.34,0.636,0.022,8.422,3,20211011T080000_3
2021-10-11T09:27:20.169,2.307,-160.997,55.407,57241.916,0.4,0.687,0.035,5.0,4,20211011T080000_4
2021-10-11T10:17:17.334,2.002,-161.492,54.904,61000.0,0.731,0.292,-0.076,11.0,5,20211011T080000_5
2021-10-11T12:09:46.562,-0.204,-161.854,55.363,0.0,0.427,0.385,-0.021,4.0,6,20211011T080000_6
2021-10-11T12:25:16.612,1.585,-161.784,54.905,23344.975,0.385,0.214,0.016,7.0,7,20211011T080000_7
2021-10-11T12:25:35.914,2.158,-161.672,54.905,35171.767,0.511,0.267,-0.043,7.758,8,20211011T080000_8
2021-10-11T14:00:04.111,2.394,-161.001,55.354,61000.0,0.247,0.219,0.035,9.883,9,20211011T080000_9
2021-10-11T14:34:09.491,1.595,-161.649,54.905,23601.455,0.438,0.258,0.061,5.0,10,20211011T080000_10
2021-10-11T14:34:16.995,1.541,-161.358,54.904,1042.585,0.478,0.222,0.056,4.0,11,20211011T080000_11
2021-10-11T17:56:57.713,2.457,-161.024,55.361,61000.0,0.257,0.228,0.038,9.871,1,20211011T160000_1
2021-10-11T17:57:46.787,1.359,-161.834,55.274,0.0,0.604,0.481,0.009,6.866,2,20211011T160000_2
2021-10-11T19:36:31.228,2.043,-160.999,55.32,51865.049,0.235,0.3,0.027,7.0,3,20211011T160000_3
2021-10-11T19:37:18.704,0.447,-161.786,55.375,0.0,0.183,0.919,0.091,4.999,4,20211011T160000_4
2021-10-11T19:41:00.915,2.492,-161.437,55.449,55127.899,0.47,0.182,0.04,12.0,5,20211011T160000_5
2021-10-11T19:41:44.795,2.211,-161.879,55.23,9811.104,0.325,0.288,0.026,4.548,7,20211011T160000_7
2021-10-11T19:41:45.159,1.711,-161.777,55.386,0.0,0.397,1.013,0.172,5.452,6,20211011T160000_6
2021-10-12T00:54:54.617,1.586,-161.596,55.374,30111.302,0.312,0.334,0.035,9.0,1,20211012T000000_1
2021-10-12T00:57:42.619,1.219,-161.748,55.099,19485.467,0.321,0.223,0.027,7.0,2,20211012T000000_2
2021-10-12T00:58:01.488,1.295,-161.871,55.058,0.0,0.208,0.258,0.026,5.973,3,20211012T000000_3
2021-10-12T03:54:55.673,1.11,-161.474,55.226,898.03,0.368,0.392,0.096,6.0,4,20211012T000000_4
2021-10-12T04:41:56.172,2.161,-161.323,55.532,61000.0,0.425,0.268,0.012,8.0,5,20211012T000000_5
2021-10-12T04:42:45.091,0.681,-161.869,55.158,0.0,0.651,1.003,0.189,5.917,6,20211012T000000_6
2021-10-12T05:07:31.789,2.334,-161.328,54.904,44292.278,0.35,0.233,0.032,11.0,7,20211012T000000_7
2021-10-12T05:07:40.964,2.632,-161.311,54.904,51259.707,0.826,0.294,0.031,12.0,8,20211012T000000_8
2021-10-12T09:44:18.293,2.076,-161.222,54.903,57827.3,0.207,0.266,-0.002,8.0,1,20211012T080000_1
2021-10-12T09:44:30.468,2.221,-161.37,54.904,51748.794,0.488,0.28,-0.004,9.0,2,20211012T080000_2
2021-10-12T10:18:56.615,0.837,-161.551,55.195,93.862,0.735,0.383,0.095,4.0,3,20211012T080000_3
2021-10-12T11:12:34.155,0.905,-162.431,54.964,10347.283,0.0,0.325,-0.0,4.0,4,20211012T080000_4
2021-10-12T11:12:51.009,0.797,-162.284,55.0,0.0,0.257,0.6,-0.017,5.0,5,20211012T080000_5
2021-10-12T14:15:02.138,0.008,-161.893,55.325,0.0,0.987,0.919,0.418,5.0,6,20211012T080000_6
2021-10-12T18:48:31.662,1.798,-161.175,55.358,61000.0,0.161,0.37,-0.01,6.0,1,20211012T160000_1
2021-10-12T19:05:41.736,2.188,-161.095,55.363,61000.0,0.233,0.268,0.032,8.936,2,20211012T160000_2
2021-10-12T19:06:26.863,1.391,-161.982,55.313,17091.407,0.344,0.207,-0.016,5.998,3,20211012T160000_3
2021-10-12T20:41:55.754,1.812,-161.358,54.904,32885.87,0.374,0.235,0.058,8.0,4,20211012T160000_4
2021-10-12T20:42:05.972,1.958,-161.232,54.903,30904.947,0.323,0.305,0.001,7.0,5,20211012T160000_5
2021-10-13T00:26:29.995,2.471,-161.232,54.903,53536.611,0.375,0.162,0.025,11.0,1,20211013T000000_1
2021-10-13T00:26:37.967,2.661,-161.163,54.903,57999.429,0.711,0.214,0.016,11.0,2,20211013T000000_2
2021-10-13T01:36:27.567,1.724,-161.418,54.904,36979.673,0.377,0.226,-0.01,8.0,3,20211013T000000_3
2021-10-13T01:36:44.609,1.747,-161.483,54.904,705.456,1.08,0.241,0.091,6.0,4,20211013T000000_4
2021-10-13T02:01:41.844,1.731,-161.346,54.904,33517.106,0.183,0.278,-0.022,7.0,5,20211013T000000_5
2021-10-13T02:01:57.015,1.732,-161.402,54.904,13661.714,0.63,0.26,0.065,6.0,6,20211013T000000_6
2021-10-13T03:04:59.335,1.934,-161.002,55.183,61000.0,0.397,0.296,-0.072,6.913,7,20211013T000000_7
2021-10-13T03:05:09.008,2.01,-162.068,55.816,61000.0,0.513,0.269,0.021,5.859,8,20211013T000000_8
2021-10-13T05:25:08.676,1.411,-162.417,54.952,18324.146,0.079,0.473,-0.008,6.0,9,20211013T000000_9
2021-10-13T05:25:22.424,1.561,-162.553,54.903,25896.992,0.041,0.268,-0.0,4.0,10,20211013T000000_10
2021-10-13T06:06:46.079,1.772,-161.888,54.905,61000.0,0.216,0.271,-0.018,8.0,11,20211013T000000_11
2021-10-13T07:26:01.011,0.828,-161.941,55.147,0.0,0.674,0.527,0.07,5.0,12,20211013T000000_12
2021-10-13T11:34:54.526,2.139,-161.0,55.281,61000.0,0.272,0.347,-0.042,6.266,1,20211013T080000_1
2021-10-13T11:34:56.371,2.14,-161.155,54.947,49776.5,0.422,0.187,-0.003,10.734,2,20211013T080000_2
2021-10-13T11:35:27.287,2.422,-161.008,54.924,0.0,0.117,0.181,0.013,3.771,3,20211013T080000_3
2021-10-13T13:09:20.340,1.672,-161.121,54.902,46936.005,0.108,0.388,0.002,4.0,4,20211013T080000_4
2021-10-13T15:54:12.066,1.597,-161.017,55.43,61000.0,0.136,0.447,0.009,4.0,5,20211013T080000_5
2021-10-13T17:58:25.909,1.934,-162.235,54.904,47679.942,0.71,0.324,-0.216,14.0,1,20211013T160000_1
2021-10-14T01:13:59.485,1.868,-160.995,55.472,44123.627,0.344,0.388,0.06,10.0,1,20211014T000000_1
2021-10-14T01:14:13.889,2.089,-160.999,55.325,54890.387,0.482,0.336,0.021,6.0,2,20211014T000000_2
2021-10-14T01:23:32.998,0.996,-161.554,54.904,0.0,0.696,0.299,0.035,4.0,3,20211014T000000_3
2021-10-14T01:23:46.183,1.198,-161.568,54.904,21976.775,0.281,0.264,0.014,4.831,4,20211014T000000_4
2021-10-14T01:49:26.724,0.021,-161.84,55.335,0.0,0.916,0.705,0.406,5.364,5,20211014T000000_5
2021-10-14T02:34:35.794,2.257,-161.157,55.296,61000.0,0.573,0.217,0.023,11.0,6,20211014T000000_6
2021-10-14T02:34:46.689,2.58,-161.002,55.178,48907.162,0.775,0.253,0.077,10.0,7,20211014T000000_7
2021-10-14T05:15:30.530,1.246,-162.163,55.7,2521.542,0.571,0.404,-0.14,4.0,8,20211014T000000_8
2021-10-14T05:16:01.442,-0.518,-161.853,55.378,957.372,0.249,0.23,-0.01,4.0,9,20211014T000000_9
2021-10-14T13:04:29.231,0.812,-161.863,55.225,12692.469,0.452,0.466,-0.024,7.0,1,20211014T080000_1
2021-10-14T13:54:55.971,2.525,-161.839,54.905,61000.0,0.594,0.224,-0.051,16.938,2,20211014T080000_2
2021-10-14T14:10:33.332,1.739,-161.096,55.423,61000.0,0.281,0.422,0.063,7.0,3,20211014T080000_3
2021-10-14T15:23:07.735,0.303,-161.46,55.252,399.16,0.994,0.299,-0.003,6.0,4,20211014T080000_4
2021-10-14T15:28:16.454,1.818,-162.438,55.086,61000.0,0.263,0.31,-0.007,6.0,5,20211014T080000_5
2021-10-14T15:59:57.887,0.271,-161.942,55.38,9949.278,0.097,0.451,0.022,6.0,1,20211014T160000_1
2021-10-14T18:05:56.735,1.072,-161.672,55.116,30327.18,0.001,0.37,0.0,4.99,2,20211014T160000_2
2021-10-14T18:10:41.788,0.537,-161.68,55.399,16673.607,0.347,0.391,0.005,10.0,3,20211014T160000_3
2021-10-14T19:01:52.478,1.763,-161.224,55.619,61000.0,0.533,0.383,-0.009,7.0,4,20211014T160000_4
2021-10-14T19:02:41.230,0.854,-161.847,55.255,0.0,1.022,0.611,0.2,3.854,5,20211014T160000_5
2021-10-14T19:30:10.123,2.538,-162.773,54.902,61000.0,1.067,0.26,0.08,12.045,6,20211014T160000_6
2021-10-14T19:30:14.529,2.07,-161.266,54.903,0.0,0.518,0.413,0.021,8.396,7,20211014T160000_7
2021-10-14T19:44:02.519,2.341,-162.626,54.903,61000.0,0.779,0.434,-0.345,17.0,8,20211014T160000_8
2021-10-14T20:04:46.401,2.064,-162.659,54.902,61000.0,0.558,0.439,-0.088,18.0,9,20211014T160000_9
2021-10-14T20:21:06.378,1.509,-162.773,54.902,0.0,0.798,0.289,0.101,5.0,10,20211014T160000_10
2021-10-14T20:29:38.179,1.798,-161.216,54.903,61000.0,0.51,0.248,0.004,10.0,11,20211014T160000_11
2021-10-14T20:51:03.249,1.114,-162.071,55.084,0.0,0.387,0.278,-0.005,16.0,12,20211014T160000_12
2021-10-14T21:35:33.098,1.74,-162.52,54.96,15214.976,0.646,0.424,0.02,8.0,13,20211014T160000_13
2021-10-14T21:35:59.953,1.507,-162.271,54.963,0.0,0.915,0.747,-0.054,8.0,14,20211014T160000_14
2021-10-15T00:17:47.568,1.002,-161.416,55.256,3664.142,0.897,0.349,0.171,7.0,1,20211015T000000_1
2021-10-15T02:46:25.262,0.916,-161.643,55.44,18368.712,0.307,0.37,0.068,7.0,2,20211015T000000_2
2021-10-15T02:46:59.212,1.062,-161.643,55.515,731.554,0.18,0.453,-0.006,4.023,3,20211015T000000_3
2021-10-15T02:51:02.290,2.078,-161.499,55.263,26574.787,0.503,0.462,0.067,7.49,5,20211015T000000_5
2021-10-15T02:51:02.563,2.245,-162.43,55.482,37370.026,0.148,0.149,0.02,5.51,4,20211015T000000_4
2021-10-15T02:51:31.895,3.295,-161.541,55.62,61000.0,0.359,0.313,-0.021,3.575,6,20211015T000000_6
2021-10-15T05:12:27.032,0.657,-162.052,55.441,0.0,0.784,0.714,0.364,4.0,7,20211015T000000_7
2021-10-15T06:13:24.804,1.651,-162.773,54.902,59469.136,0.505,0.059,0.012,4.0,8,20211015T000000_8
2021-10-15T08:18:36.628,3.697,-162.773,54.902,61000.0,0.727,0.185,0.025,9.371,1,20211015T080000_1
2021-10-15T08:18:39.264,3.139,-161.631,54.905,54738.935,0.815,0.431,-0.067,10.548,2,20211015T080000_2
2021-10-15T08:20:00.305,2.523,-162.773,54.902,61000.0,0.799,0.322,0.126,16.88,3,20211015T080000_3
2021-10-15T09:49:13.277,0.551,-162.28,54.993,4282.68,0.0,0.484,0.0,4.0,4,20211015T080000_4
2021-10-15T09:49:15.643,1.723,-162.773,54.902,34074.852,0.626,0.317,-0.004,5.999,5,20211015T080000_5
2021-10-15T15:23:36.439,1.252,-162.224,55.139,61000.0,0.902,0.316,-0.009,4.0,6,20211015T080000_6
2021-10-15T17:05:09.742,0.437,-161.558,55.417,1679.447,0.525,0.421,0.113,5.0,1,20211015T160000_1
2021-10-15T17:18:28.121,0.736,-161.989,55.279,0.0,0.516,0.584,0.112,4.0,2,20211015T160000_2
2021-10-15T17:18:42.689,2.065,-160.998,55.337,61000.0,0.29,0.285,0.059,8.0,3,20211015T160000_3
2021-10-15T17:19:30.831,1.189,-161.72,55.362,0.0,1.064,0.581,0.271,5.0,4,20211015T160000_4
2021-10-16T04:28:12.643,1.351,-161.177,55.483,33899.119,0.234,0.374,0.059,6.0,1,20211016T000000_1
2021-10-16T04:28:56.540,0.909,-161.736,55.288,0.0,0.668,0.449,0.113,4.0,2,20211016T000000_2
2021-10-16T06:16:29.808,1.626,-160.999,55.289,61000.0,0.497,0.398,-0.011,12.0,3,20211016T000000_3
2021-10-16T06:22:51.357,0.922,-161.649,54.913,0.0,0.07,0.26,0.006,3.858,4,20211016T000000_4
2021-10-16T07:37:39.496,1.79,-161.058,54.902,58267.889,0.201,0.273,0.019,4.0,5,20211016T000000_5
2021-10-16T07:38:27.097,1.223,-161.758,55.019,9474.508,0.547,0.189,0.081,6.0,6,20211016T000000_6
2021-10-16T07:59:49.083,1.369,-162.282,55.371,61000.0,0.349,0.562,-0.015,8.0,1,20211016T080000_1
2021-10-16T09:27:40.186,0.028,-161.776,55.441,420.419,0.054,0.405,0.014,3.72,2,20211016T080000_2
2021-10-16T09:36:59.936,0.151,-161.723,55.414,11149.539,0.414,0.321,0.085,9.0,3,20211016T080000_3
2021-10-16T09:42:49.664,0.763,-161.529,55.241,777.348,0.82,0.38,-0.008,7.0,4,20211016T080000_4
2021-10-16T09:53:38.022,0.958,-161.295,55.117,617.5,0.819,0.329,-0.004,6.0,5,20211016T080000_5
2021-10-16T10:05:19.849,0.403,-161.715,55.423,12611.479,0.452,0.467,0.104,9.0,6,20211016T080000_6
2021-10-16T10:40:23.363,0.439,-161.436,55.254,459.118,0.625,0.298,0.061,5.0,7,20211016T080000_7
2021-10-16T10:50:36.724,0.657,-161.713,55.398,19241.1,0.551,0.398,-0.062,9.0,8,20211016T080000_8
2021-10-16T10:54:27.636,1.396,-161.48,54.904,32982.337,0.094,0.355,-0.009,7.0,9,20211016T080000_9
2021-10-16T10:54:36.302,1.878,-161.354,54.904,46087.764,0.46,0.261,-0.014,9.0,10,20211016T080000_10
2021-10-16T14:20:00.566,0.693,-161.673,55.405,10878.063,0.364,0.328,-0.053,5.893,11,20211016T080000_11
2021-10-16T14:20:25.034,-0.152,-161.8,55.342,67.773,0.456,0.531,0.102,3.984,12,20211016T080000_12
2021-10-16T14:30:48.466,1.881,-161.141,55.373,61000.0,0.258,0.313,0.047,8.92,13,20211016T080000_13
2021-10-16T15:59:48.988,1.381,-161.487,55.445,61000.0,0.402,0.47,0.061,4.855,1,20211016T160000_1
2021-10-16T16:09:09.647,2.075,-161.01,55.175,61000.0,0.381,0.271,0.017,9.0,2,20211016T160000_2
2021-10-16T16:09:23.423,2.125,-160.997,55.39,61000.0,0.391,0.288,-0.04,6.0,3,20211016T160000_3
2021-10-16T17:35:58.340,0.723,-161.489,55.369,268.179,0.304,0.351,0.048,5.757,4,20211016T160000_4
2021-10-16T17:46:22.024,1.014,-161.492,55.232,581.819,0.772,0.412,0.087,8.0,5,20211016T160000_5
2021-10-16T17:48:55.884,2.186,-161.517,55.789,61000.0,0.392,0.291,0.043,11.0,6,20211016T160000_6
2021-10-16T21:00:21.180,1.889,-162.686,54.902,61000.0,0.512,0.116,0.032,5.905,7,20211016T160000_7
2021-10-16T22:43:50.160,1.98,-162.549,55.067,0.0,0.665,0.352,0.027,4.0,8,20211016T160000_8
2021-10-16T22:51:46.315,1.295,-161.645,55.668,2993.385,0.159,0.443,-0.012,3.839,9,20211016T160000_9
2021-10-17T14:18:14.198,1.449,-162.745,55.188,143.48,0.0,0.219,-0.0,3.0,1,20211017T000000_1
2021-10-17T15:01:26.725,1.208,-161.901,55.266,105.949,0.955,0.371,0.18,4.0,1,20211017T080000_1
2021-10-17T16:25:08.909,1.968,-162.773,54.902,61000.0,1.153,0.018,0.008,4.0,1,20211017T160000_1
2021-10-17T19:27:37.687,2.85,-161.251,55.259,54213.215,0.542,0.253,-0.004,12.0,2,20211017T160000_2
2021-10-17T19:32:56.490,1.455,-161.613,55.147,18401.334,0.0,0.209,0.0,4.0,3,20211017T160000_3
2021-10-17T23:36:17.928,0.638,-162.024,55.497,910.674,0.248,0.376,-0.034,4.0,4,20211017T160000_4
2021-10-17T23:36:41.696,0.424,-161.796,55.314,337.599,0.452,0.451,0.122,4.0,5,20211017T160000_5
2021-10-18T04:12:55.895,0.347,-161.948,55.389,0.0,0.763,0.568,0.243,5.0,1,20211018T000000_1
2021-10-18T04:13:04.820,2.096,-161.191,55.775,478.697,0.54,0.144,-0.028,3.709,2,20211018T000000_2
2021-10-18T11:13:55.236,1.185,-161.934,55.308,21670.262,0.582,0.509,0.431,5.0,1,20211018T080000_1
2021-10-18T13:43:06.115,1.932,-162.773,54.902,61000.0,1.207,0.238,0.068,5.0,2,20211018T080000_2
2021-10-18T14:51:35.083,2.035,-162.6,55.283,52020.013,0.0,0.117,-0.0,3.837,3,20211018T080000_3
2021-10-18T15:00:54.330,1.148,-162.079,55.104,9751.917,0.031,0.123,-0.0,5.0,4,20211018T080000_4
2021-10-18T20:17:31.215,1.028,-161.587,55.321,25044.809,0.24,0.223,0.036,4.991,1,20211018T160000_1
2021-10-18T20:24:47.771,1.482,-162.185,54.905,0.0,0.225,0.467,0.027,8.895,2,20211018T160000_2
2021-10-18T20:24:48.977,2.301,-161.412,54.904,2454.206,0.24,0.327,-0.017,4.28,3,20211018T160000_3
2021-10-18T20:25:05.205,1.566,-161.86,55.036,0.0,0.08,0.313,0.013,4.0,4,20211018T160000_4
2021-10-18T22:23:28.096,0.428,-161.455,55.364,593.639,0.236,0.203,0.005,5.0,5,20211018T160000_5
2021-10-19T02:43:24.449,1.799,-162.773,54.902,61000.0,0.678,0.265,0.011,5.0,1,20211019T000000_1
2021-10-19T03:03:40.806,1.752,-161.008,54.919,39781.896,0.218,0.362,-0.0,5.0,2,20211019T000000_2
2021-10-19T04:56:47.748,0.477,-161.622,55.397,201.87,0.359,0.467,0.1,6.0,3,20211019T000000_3
2021-10-19T05:02:19.383,0.578,-161.92,55.409,0.0,0.619,0.524,-0.111,4.0,4,20211019T000000_4
2021-10-19T05:02:39.904,1.006,-161.877,55.277,155.159,0.8,0.355,0.096,4.0,5,20211019T000000_5
2021-10-19T09:55:44.612,1.783,-161.428,54.944,0.0,0.883,0.262,0.107,5.0,1,20211019T080000_1
2021-10-19T18:19:47.359,1.729,-161.233,55.405,45980.665,0.123,0.296,-0.015,5.0,1,20211019T160000_1
2021-10-19T20:26:30.628,1.557,-161.078,55.475,42022.126,0.203,0.438,0.051,7.0,2,20211019T160000_2
2021-10-19T20:34:25.516,1.586,-161.099,54.902,5498.191,0.461,0.258,0.058,6.0,3,20211019T160000_3
2021-10-19T20:34:49.316,0.904,-161.452,55.25,251.228,0.108,0.317,0.02,3.534,4,20211019T160000_4
2021-10-19T20:35:43.171,1.538,-161.274,55.731,315.346,0.359,0.206,-0.045,4.0,5,20211019T160000_5
2021-10-19T20:46:20.327,0.962,-161.701,55.305,23466.805,0.295,0.417,0.048,6.0,6,20211019T160000_6
2021-10-19T20:57:50.471,0.218,-161.845,55.441,0.0,0.68,0.432,0.333,5.0,7,20211019T160000_7
2021-10-19T21:04:22.294,0.513,-161.652,55.304,51.66,0.23,0.382,0.029,4.0,8,20211019T160000_8
2021-10-19T21:21:46.964,0.666,-162.046,55.034,0.0,0.29,0.089,-0.0,4.0,9,20211019T160000_9
2021-10-19T21:56:56.528,1.88,-162.773,54.902,61000.0,0.984,0.18,-0.039,5.0,10,20211019T160000_10
2021-10-20T00:16:49.031,0.496,-161.868,55.458,0.0,0.28,0.44,-0.075,4.0,1,20211020T000000_1
2021-10-20T03:01:01.189,0.683,-161.695,55.401,18355.425,0.599,0.391,-0.074,9.0,2,20211020T000000_2
2021-10-20T03:21:52.870,0.47,-161.711,55.499,731.956,0.244,0.502,-0.074,4.0,3,20211020T000000_3
2021-10-20T03:43:30.145,1.67,-161.788,55.09,0.0,0.371,0.338,-0.072,6.0,4,20211020T000000_4
2021-10-20T05:26:53.191,0.2,-161.552,55.407,441.739,0.022,0.194,0.002,4.0,5,20211020T000000_5
2021-10-20T05:48:18.026,1.404,-161.344,55.127,23960.199,0.0,0.396,0.0,3.761,6,20211020T000000_6
2021-10-20T09:45:37.393,1.965,-160.999,55.316,47087.344,0.361,0.341,0.025,7.0,1,20211020T080000_1
2021-10-20T09:45:55.599,1.886,-160.997,55.389,26522.354,0.258,0.331,0.049,5.67,2,20211020T080000_2
2021-10-20T10:35:12.749,0.893,-161.642,55.157,1296.617,0.807,0.462,0.015,8.0,3,20211020T080000_3
2021-10-20T10:56:01.182,-0.179,-161.715,55.324,0.0,0.574,0.429,0.145,4.0,4,20211020T080000_4
2021-10-20T11:04:56.283,0.442,-161.549,55.381,8935.47,0.261,0.318,0.054,6.0,5,20211020T080000_5
2021-10-20T12:41:29.619,0.562,-161.673,55.445,0.0,0.325,0.518,0.019,6.0,6,20211020T080000_6
2021-10-20T12:50:04.008,0.444,-161.603,55.238,44.231,0.133,0.436,0.019,4.0,7,20211020T080000_7
2021-10-20T20:32:46.749,1.149,-161.605,55.16,0.0,0.271,0.474,0.018,4.0,1,20211020T160000_1
2021-10-20T20:33:09.900,0.968,-162.046,55.37,0.0,0.365,0.354,0.084,5.0,2,20211020T160000_2
2021-10-20T20:37:07.711,1.028,-161.595,55.259,0.0,0.66,0.484,-0.167,5.0,3,20211020T160000_3
2021-10-20T23:59:52.213,1.122,-162.176,55.21,32829.891,0.291,0.523,-0.07,5.0,1,20211021T000000_1
2021-10-21T01:55:37.778,0.444,-161.638,55.29,38.438,0.327,0.384,0.062,4.0,2,20211021T000000_2
2021-10-21T02:07:41.855,2.784,-161.008,54.902,61000.0,0.777,0.292,0.015,22.0,3,20211021T000000_3
2021-10-21T06:32:41.937,1.91,-161.034,54.902,36338.632,0.194,0.312,-0.002,8.0,4,20211021T000000_4
2021-10-21T06:32:52.548,1.943,-161.008,54.902,25277.541,0.415,0.293,0.039,5.884,5,20211021T000000_5
2021-10-21T07:59:49.072,1.297,-162.224,55.367,61000.0,0.317,0.587,-0.063,7.0,1,20211021T080000_1
2021-10-21T08:25:34.844,1.831,-161.463,55.258,33895.241,0.387,0.271,-0.014,12.043,2,20211021T080000_2
2021-10-21T10:18:43.528,0.264,-161.836,55.478,655.69,0.118,0.401,-0.009,5.0,3,20211021T080000_3
2021-10-21T11:00:32.085,0.592,-161.919,55.404,38.23,0.572,0.504,0.15,5.0,4,20211021T080000_4
2021-10-21T11:00:50.971,0.356,-162.012,55.435,0.0,0.854,0.864,0.429,6.0,5,20211021T080000_5
2021-10-21T11:07:18.392,1.12,-161.719,55.367,18346.924,0.253,0.412,0.042,7.999,6,20211021T080000_6
2021-10-21T11:07:43.366,0.296,-161.793,55.319,309.691,0.436,0.422,0.057,5.0,7,20211021T080000_7
2021-10-21T12:32:43.727,1.796,-161.764,54.905,55250.294,0.535,0.216,-0.041,9.0,8,20211021T080000_8
2021-10-21T13:18:21.168,0.662,-161.854,55.415,14937.176,0.151,0.39,0.004,9.0,9,20211021T080000_9
2021-10-21T17:50:26.424,0.843,-162.574,55.458,0.0,0.894,0.041,0.02,4.0,1,20211021T160000_1
2021-10-22T00:11:27.637,2.154,-162.773,54.902,61000.0,1.144,0.148,-0.022,6.0,1,20211022T000000_1
2021-10-22T07:18:34.622,2.417,-161.0,55.279,42998.132,0.301,0.328,-0.054,6.0,2,20211022T000000_2
2021-10-22T07:18:46.359,2.37,-161.003,55.13,23959.541,0.272,0.332,0.0,5.0,3,20211022T000000_3
2021-10-22T07:32:05.699,0.894,-161.903,55.298,30978.728,0.0,0.104,0.0,3.91,4,20211022T000000_4
2021-10-22T07:32:33.292,0.245,-161.803,55.345,17.37,0.779,0.663,0.282,4.0,5,20211022T000000_5
2021-10-22T13:49:10.198,2.608,-160.986,55.9,3298.254,0.781,0.297,0.125,3.0,1,20211022T080000_1
2021-10-22T18:36:32.835,1.681,-162.255,54.904,12632.94,0.045,0.173,0.002,5.0,2,20211022T080000_2
2021-10-22T20:12:43.289,1.94,-161.118,54.902,1141.49,0.542,0.456,-0.041,5.0,3,20211022T080000_3
2021-10-22T16:11:29.261,0.99,-161.798,55.301,438.552,0.968,0.476,0.294,4.0,1,20211022T160000_1
2021-10-22T23:51:54.759,2.501,-162.773,54.902,61000.0,0.851,0.446,-0.073,18.0,2,20211022T160000_2
2021-10-23T12:42:34.543,0.904,-162.372,54.963,535.934,0.427,0.598,0.023,2.988,1,20211023T000000_1
2021-10-23T20:58:48.648,2.458,-161.057,54.902,53960.315,0.286,0.254,0.006,9.972,1,20211023T160000_1
2021-10-23T20:59:00.542,2.464,-161.006,54.976,37217.257,0.508,0.296,-0.019,6.989,2,20211023T160000_2
2021-10-23T23:03:06.706,2.234,-160.999,55.306,50766.802,0.504,0.433,0.127,6.0,3,20211023T160000_3
2021-10-24T05:21:35.946,2.028,-162.703,55.143,61000.0,0.469,0.31,-0.018,5.983,1,20211024T000000_1
2021-10-24T07:59:54.550,1.198,-161.885,55.442,31188.775,0.0,0.545,-0.0,4.0,1,20211024T080000_1
2021-10-24T10:13:50.647,1.632,-161.502,54.927,27792.329,0.0,0.264,0.0,4.0,2,20211024T080000_2
2021-10-24T14:23:09.381,1.819,-161.008,54.902,61000.0,0.461,0.556,0.051,5.0,3,20211024T080000_3
2021-10-24T14:30:23.177,1.15,-162.223,54.904,0.0,0.188,0.516,0.022,7.904,4,20211024T080000_4
2021-10-24T14:30:34.510,1.616,-162.242,54.904,1273.877,0.242,0.265,0.017,4.24,5,20211024T080000_5
2021-10-24T19:11:58.923,1.874,-160.985,55.918,61000.0,0.689,0.49,0.041,4.0,1,20211024T160000_1
2021-10-24T23:08:51.341,1.055,-161.006,54.989,4171.01,0.255,0.307,-0.008,4.0,2,20211024T160000_2
2021-10-24T23:08:58.880,1.16,-161.008,54.92,37027.461,0.482,0.421,-0.046,4.0,3,20211024T160000_3
2021-10-24T23:13:53.949,1.823,-161.132,54.903,34072.329,0.2,0.264,-0.02,6.0,4,20211024T160000_4
2021-10-24T23:14:08.591,1.617,-161.405,54.904,30449.977,0.154,0.219,0.016,4.0,5,20211024T160000_5
2021-10-24T23:59:49.237,1.735,-162.158,55.334,61000.0,0.233,0.332,0.024,8.0,1,20211025T000000_1
2021-10-25T07:18:06.574,2.039,-162.773,54.902,61000.0,0.977,0.27,-0.165,19.0,2,20211025T000000_2
2021-10-25T07:59:49.421,1.416,-162.084,55.301,61000.0,0.643,0.46,-0.118,10.0,1,20211025T080000_1
2021-10-25T08:37:20.180,1.984,-162.773,54.902,61000.0,0.693,0.222,0.055,7.925,2,20211025T080000_2
2021-10-25T08:37:24.459,1.739,-161.298,54.903,0.0,0.457,0.266,-0.004,6.839,3,20211025T080000_3
2021-10-25T13:19:39.867,1.47,-162.07,55.071,19.354,0.264,0.172,-0.004,12.0,4,20211025T080000_4
2021-10-25T16:44:29.036,0.786,-162.064,55.045,0.0,0.065,0.225,-0.006,7.0,1,20211025T160000_1
2021-10-25T17:40:21.443,1.988,-161.197,55.599,61000.0,0.225,0.41,0.037,5.0,2,20211025T160000_2
2021-10-25T21:55:27.454,2.105,-161.004,55.066,43554.521,0.492,0.251,0.013,10.0,3,20211025T160000_3
2021-10-25T21:55:34.818,2.341,-161.002,55.154,61000.0,0.735,0.263,-0.028,10.0,4,20211025T160000_4
2021-10-25T23:46:36.077,2.337,-161.007,54.934,57187.348,0.335,0.188,0.017,11.0,5,20211025T160000_5
2021-10-25T23:46:43.518,2.657,-161.007,54.93,56537.422,0.577,0.225,0.03,11.0,6,20211025T160000_6
2021-10-26T15:10:52.929,1.353,-162.293,55.075,31699.233,0.587,0.001,-0.0,4.0,1,20211026T000000_1
2021-10-26T08:54:27.665,0.861,-161.383,55.241,537.235,0.592,0.34,0.033,6.0,1,20211026T080000_1
2021-10-26T10:52:59.747,2.573,-162.773,54.902,61000.0,0.956,0.24,0.083,10.979,2,20211026T080000_2
2021-10-26T10:53:17.604,2.407,-162.214,54.904,2576.762,0.201,0.263,0.016,7.021,3,20211026T080000_3
2021-10-26T15:57:44.525,1.108,-161.475,55.301,1837.725,0.463,0.43,0.11,6.0,4,20211026T080000_4
2021-10-26T20:11:27.767,1.439,-161.007,54.963,2846.313,0.408,0.335,0.03,4.0,1,20211026T160000_1
2021-10-26T20:49:27.526,0.756,-161.53,55.242,264.019,0.573,0.392,-0.032,7.0,2,20211026T160000_2
2021-10-26T21:09:53.679,1.677,-161.008,54.902,61000.0,0.54,0.43,0.055,4.001,3,20211026T160000_3
2021-10-26T22:10:26.596,2.066,-161.932,54.905,61000.0,1.085,0.242,-0.051,8.0,4,20211026T160000_4
2021-10-26T23:30:01.656,1.514,-162.773,54.902,61000.0,1.102,0.32,0.128,6.875,5,20211026T160000_5
2021-10-26T23:59:54.560,1.089,-161.885,55.442,31125.353,0.0,0.472,-0.0,4.0,1,20211027T000000_1
2021-10-27T00:00:14.248,1.89,-162.773,54.923,61000.0,1.011,0.299,0.174,9.0,2,20211027T000000_2
2021-10-27T00:29:18.479,1.757,-162.773,54.902,61000.0,1.063,0.285,0.102,7.0,3,20211027T000000_3
2021-10-27T02:51:52.723,2.049,-162.212,54.904,310.082,0.149,0.537,0.011,9.967,4,20211027T000000_4
2021-10-27T02:52:07.146,2.643,-162.215,54.904,0.0,0.34,0.309,0.01,7.943,5,20211027T000000_5
2021-10-27T03:08:19.338,1.106,-162.224,54.904,0.0,0.372,0.452,-0.003,8.817,6,20211027T000000_6
2021-10-27T03:08:33.734,1.39,-162.232,54.904,0.0,0.348,0.51,0.068,6.999,7,20211027T000000_7
2021-10-27T06:59:20.161,3.091,-162.631,54.903,61000.0,0.845,0.334,-0.004,22.0,8,20211027T000000_8
2021-10-27T07:59:49.128,1.097,-162.191,55.349,61000.0,0.12,0.478,-0.01,4.0,1,20211027T080000_1
2021-10-27T08:30:45.051,2.075,-162.773,54.922,61000.0,0.761,0.258,-0.003,9.077,2,20211027T080000_2
2021-10-27T08:30:46.887,1.978,-161.706,54.905,61000.0,0.8,0.273,-0.012,6.923,3,20211027T080000_3
2021-10-27T10:06:40.855,1.002,-162.073,55.07,0.0,0.259,0.249,-0.004,12.0,4,20211027T080000_4
2021-10-27T10:13:27.418,1.507,-162.073,55.07,0.0,0.253,0.15,-0.002,13.988,5,20211027T080000_5
2021-10-27T11:50:09.906,2.859,-162.773,54.902,61000.0,0.937,0.234,0.058,8.861,6,20211027T080000_6
2021-10-27T11:50:29.813,2.658,-161.955,54.905,0.0,0.347,0.268,-0.032,4.29,7,20211027T080000_7
2021-10-27T12:56:54.997,1.104,-162.075,55.069,0.0,0.274,0.281,0.009,15.0,8,20211027T080000_8
2021-10-27T12:58:55.628,1.297,-161.577,55.9,3658.396,0.171,0.412,-0.041,4.0,9,20211027T080000_9
2021-10-27T13:56:16.484,3.028,-161.007,54.95,59717.975,0.184,0.182,0.017,8.963,10,20211027T080000_10
2021-10-27T13:56:19.073,3.803,-161.008,54.905,60110.359,0.724,0.234,0.022,9.759,11,20211027T080000_11
2021-10-27T15:11:10.555,2.486,-162.757,54.902,61000.0,1.236,0.205,0.103,18.0,12,20211027T080000_12
2021-10-27T15:59:43.806,1.659,-162.792,55.755,61000.0,0.081,0.474,-0.015,4.0,1,20211027T160000_1
2021-10-27T16:16:06.865,1.484,-161.156,54.903,46265.448,0.362,0.523,-0.062,7.0,2,20211027T160000_2
2021-10-27T16:16:16.362,1.822,-161.007,54.943,36472.177,0.577,0.362,0.104,5.0,3,20211027T160000_3
2021-10-27T17:08:21.758,1.458,-161.676,55.013,15724.845,0.386,0.149,-0.027,6.0,4,20211027T160000_4
2021-10-27T20:14:58.760,1.06,-161.517,55.182,21906.334,0.0,0.554,0.0,3.68,5,20211027T160000_5
2021-10-27T22:32:48.081,1.101,-162.615,55.061,68.789,0.428,0.322,0.043,5.0,6,20211027T160000_6
2021-10-27T23:59:49.592,1.356,-162.038,55.386,61000.0,0.189,0.473,0.036,6.0,1,20211028T000000_1
2021-10-28T02:58:57.357,2.332,-162.621,54.903,49408.428,0.808,0.16,-0.038,15.0,2,20211028T000000_2
2021-10-28T05:48:00.816,0.914,-161.423,55.236,622.966,0.57,0.372,-0.006,7.892,3,20211028T000000_3
2021-10-28T05:53:47.071,0.316,-161.56,55.374,10944.55,0.0,0.354,0.0,4.0,4,20211028T000000_4
2021-10-28T07:59:49.292,1.405,-162.114,55.36,61000.0,0.219,0.425,-0.007,7.0,1,20211028T080000_1
2021-10-28T11:56:19.719,1.011,-161.685,55.323,19595.038,0.29,0.384,0.004,8.0,2,20211028T080000_2
2021-10-28T12:23:55.079,1.987,-161.007,54.958,30643.857,0.588,0.23,0.068,8.0,3,20211028T080000_3
2021-10-28T12:55:02.474,1.667,-161.939,55.578,61000.0,0.448,0.327,0.015,5.876,4,20211028T080000_4
2021-10-28T15:05:53.301,1.862,-161.518,54.904,61000.0,0.677,0.104,0.033,8.0,5,20211028T080000_5
2021-10-28T15:24:44.436,0.317,-161.656,55.439,241.914,0.862,0.474,0.109,4.0,6,20211028T080000_6
2021-10-28T15:30:30.666,1.684,-161.004,55.083,39769.395,0.796,0.485,0.015,5.0,7,20211028T080000_7
2021-10-28T15:59:49.181,1.582,-162.138,55.317,61000.0,0.207,0.33,-0.013,8.0,1,20211028T160000_1
2021-10-28T18:35:57.840,1.724,-161.702,54.905,61000.0,0.815,0.278,-0.034,17.0,2,20211028T160000_2
2021-10-28T19:07:12.320,3.898,-161.042,55.197,61000.0,0.423,0.226,0.007,11.0,3,20211028T160000_3
2021-10-28T19:07:30.288,4.444,-161.004,55.066,24834.916,0.797,0.361,0.077,9.61,4,20211028T160000_4
2021-10-28T20:06:24.923,1.372,-161.351,54.967,47020.181,0.0,0.283,-0.0,4.0,5,20211028T160000_5
2021-10-28T20:22:29.943,-0.345,-161.834,55.347,0.0,1.143,0.747,0.477,4.0,6,20211028T160000_6
2021-10-28T21:30:18.265,1.563,-162.548,54.903,49081.232,0.232,0.171,0.004,4.187,7,20211028T160000_7
2021-10-28T21:37:22.913,1.697,-161.268,54.903,16247.176,0.333,0.277,0.018,7.0,8,20211028T160000_8
2021-10-28T21:37:38.283,1.629,-161.545,54.904,17334.434,0.482,0.137,0.031,6.0,9,20211028T160000_9
2021-10-28T22:41:13.282,1.885,-161.342,54.904,44429.624,0.24,0.179,0.0,9.0,10,20211028T160000_10
2021-10-28T22:41:27.803,1.967,-161.436,54.904,27213.853,0.704,0.213,0.058,8.808,11,20211028T160000_11
2021-10-28T22:44:05.916,1.672,-161.292,54.903,33376.131,0.292,0.343,-0.038,3.096,12,20211028T160000_12
2021-10-28T23:59:49.319,1.453,-162.08,55.29,61000.0,0.226,0.328,0.011,9.851,1,20211029T000000_1
2021-10-29T00:16:01.852,2.042,-161.228,54.903,61000.0,0.369,0.149,-0.0,9.0,2,20211029T000000_2
2021-10-29T00:16:14.095,2.394,-161.299,54.903,46621.607,0.526,0.211,0.026,10.0,3,20211029T000000_3
2021-10-29T00:58:11.975,1.713,-161.702,54.905,61000.0,0.714,0.112,-0.021,4.263,5,20211029T000000_5
2021-10-29T00:58:12.782,1.473,-162.513,54.903,59110.361,0.22,0.243,0.012,3.737,4,20211029T000000_4
2021-10-29T02:48:16.808,1.507,-161.175,55.92,61000.0,0.389,0.391,0.076,4.0,6,20211029T000000_6
2021-10-29T04:44:45.759,1.534,-162.369,55.127,61000.0,0.209,0.276,-0.001,5.0,7,20211029T000000_7
2021-10-29T05:21:00.571,1.575,-161.397,54.904,36779.332,0.15,0.254,-0.013,5.0,8,20211029T000000_8
2021-10-29T05:21:20.053,1.212,-161.696,54.905,0.0,0.416,0.135,0.027,6.0,9,20211029T000000_9
2021-10-29T06:29:05.977,1.647,-162.694,55.054,0.0,0.625,0.332,0.048,12.0,10,20211029T000000_10
2021-10-29T06:38:33.748,2.074,-161.002,55.197,61000.0,0.512,0.158,0.015,10.0,11,20211029T000000_11
2021-10-29T06:38:52.568,2.277,-161.005,55.027,1938.768,0.3,0.248,0.034,7.692,12,20211029T000000_12
2021-10-29T08:15:33.355,0.105,-161.753,55.316,12261.157,0.0,0.342,0.0,4.0,1,20211029T080000_1
2021-10-29T08:23:08.362,1.345,-162.773,54.902,61000.0,1.366,0.246,-0.015,7.738,2,20211029T080000_2
2021-10-29T08:23:08.860,1.512,-162.571,55.2,61000.0,0.337,0.432,0.024,4.262,3,20211029T080000_3
2021-10-29T08:32:41.189,0.11,-161.88,55.298,9313.454,0.606,0.451,0.058,7.0,4,20211029T080000_4
2021-10-29T08:36:34.250,-0.041,-161.872,55.467,0.0,0.595,0.491,0.174,4.0,5,20211029T080000_5
2021-10-29T08:50:29.119,0.288,-161.487,55.219,282.289,0.604,0.254,0.08,4.0,6,20211029T080000_6
2021-10-29T08:52:49.863,-1.001,-161.832,55.36,0.0,0.271,0.245,-0.014,4.0,7,20211029T080000_7
2021-10-29T09:20:41.051,1.903,-161.194,55.28,48193.789,0.285,0.263,-0.033,6.0,8,20211029T080000_8
2021-10-29T09:22:05.247,1.26,-161.773,55.3,21581.929,0.0,0.12,0.0,3.956,9,20211029T080000_9
2021-10-29T18:30:56.084,2.214,-161.538,54.904,61000.0,0.555,0.159,0.005,5.0,1,20211029T160000_1
2021-10-29T22:38:12.174,1.484,-161.497,55.028,107.755,0.811,0.305,-0.08,4.0,2,20211029T160000_2
2021-10-30T01:59:15.930,1.996,-161.36,55.091,30646.041,0.171,0.379,0.006,3.985,1,20211030T000000_1
2021-10-31T01:49:58.967,1.831,-161.168,55.261,1225.812,0.773,0.212,-0.07,5.754,1,20211031T000000_1
2021-10-31T01:55:53.920,1.992,-162.418,55.163,0.0,0.407,0.386,0.08,4.0,2,20211031T000000_2
2021-10-31T02:07:18.385,0.665,-161.888,55.406,0.0,0.706,0.111,-0.024,5.0,3,20211031T000000_3
2021-10-31T10:21:18.240,1.881,-161.006,55.005,20340.862,0.665,0.263,-0.093,5.0,1,20211031T080000_1
2021-10-31T10:37:39.419,1.88,-161.418,55.166,12468.351,0.443,0.264,-0.062,8.0,2,20211031T080000_2
2021-10-31T13:18:29.423,1.983,-161.004,55.107,18407.268,0.377,0.418,0.053,5.0,3,20211031T080000_3
2021-10-31T13:18:39.632,1.879,-161.001,55.2,36962.188,0.37,0.368,0.058,7.0,4,20211031T080000_4
2021-10-31T14:28:02.910,0.426,-161.874,55.402,0.0,0.539,0.359,0.007,5.0,5,20211031T080000_5
2021-10-31T14:38:53.730,1.558,-162.287,55.276,0.0,0.72,0.332,-0.3,6.0,6,20211031T080000_6
2021-10-31T14:56:38.580,2.312,-161.362,54.904,41403.5,0.381,0.172,0.02,10.753,7,20211031T080000_7
2021-10-31T14:56:44.332,2.611,-162.613,55.762,61000.0,0.541,0.23,0.029,4.767,9,20211031T080000_9
2021-10-31T14:56:54.830,2.458,-162.329,54.904,0.0,0.538,0.182,-0.057,4.372,8,20211031T080000_8
2021-10-31T15:59:49.631,1.379,-161.94,55.411,61000.0,0.032,0.51,-0.008,4.0,1,20211031T160000_1
2021-10-31T16:38:02.223,4.054,-161.005,55.06,61000.0,0.404,0.391,0.07,11.78,2,20211031T160000_2
2021-10-31T16:38:16.855,5.214,-161.003,55.129,61000.0,0.355,0.37,0.007,6.885,3,20211031T160000_3
2021-10-31T17:11:36.738,1.337,-161.398,55.328,4700.533,0.472,0.388,0.456,7.0,4,20211031T160000_4
2021-10-31T18:36:43.434,1.736,-161.101,54.902,13133.728,0.384,0.322,0.02,4.0,5,20211031T160000_5
2021-10-31T20:18:04.592,0.854,-161.808,55.527,1004.626,0.599,0.318,-0.111,5.0,6,20211031T160000_6
2021-10-31T20:18:29.057,-0.0,-161.806,55.325,178.114,0.172,0.513,0.014,4.267,7,20211031T160000_7
2021-10-31T20:21:23.793,1.394,-162.166,55.545,0.0,1.019,0.12,0.058,4.0,8,20211031T160000_8
2021-10-31T23:59:49.487,1.663,-162.101,55.37,61000.0,0.268,0.48,0.035,7.0,1,20211101T000000_1
2021-11-01T00:50:46.364,0.2,-161.849,55.337,0.0,0.845,0.713,0.229,3.813,2,20211101T000000_2
2021-11-01T01:00:30.113,0.991,-162.211,55.118,0.0,0.014,0.451,0.001,4.0,3,20211101T000000_3
2021-11-01T01:08:36.800,1.484,-161.176,54.985,588.822,0.114,0.33,0.016,4.0,4,20211101T000000_4
2021-11-01T03:48:33.445,1.525,-162.036,55.248,0.0,0.319,0.288,0.024,3.412,5,20211101T000000_5
2021-11-01T04:16:27.289,1.02,-161.998,54.905,0.0,0.142,0.165,0.011,4.0,6,20211101T000000_6
2021-11-01T07:01:08.379,1.005,-161.767,55.561,4209.957,0.225,0.042,-0.002,4.187,8,20211101T000000_8
2021-11-01T07:01:10.221,1.354,-162.026,55.319,6640.08,0.055,0.272,0.011,3.813,7,20211101T000000_7
2021-11-01T07:02:54.960,0.457,-161.927,55.405,13.76,0.717,0.44,0.107,5.0,9,20211101T000000_9
2021-11-01T07:13:13.210,0.476,-161.863,55.425,4110.519,0.451,0.323,0.034,5.0,10,20211101T000000_10
2021-11-01T07:59:49.847,1.342,-161.955,55.351,61000.0,0.354,0.471,0.083,7.0,1,20211101T080000_1
2021-11-01T08:41:32.017,1.523,-162.773,54.902,17815.293,0.401,0.137,-0.015,9.0,2,20211101T080000_2
2021-11-01T09:26:27.545,2.145,-160.985,55.918,18992.047,0.585,0.052,0.014,4.0,3,20211101T080000_3
2021-11-01T10:12:25.674,1.836,-162.525,55.417,61000.0,0.779,0.127,-0.052,7.0,4,20211101T080000_4
2021-11-01T10:15:22.731,2.203,-161.127,55.347,60092.876,0.403,0.238,-0.003,12.174,5,20211101T080000_5
2021-11-01T10:15:54.278,2.637,-161.101,55.192,61000.0,0.535,0.173,0.057,3.819,6,20211101T080000_6
2021-11-01T10:25:57.153,1.208,-162.457,54.904,12017.418,0.653,0.441,-0.063,6.0,7,20211101T080000_7
2021-11-01T10:26:17.049,0.936,-162.315,54.904,0.0,0.605,0.571,0.05,4.0,8,20211101T080000_8
2021-11-01T10:55:26.859,1.406,-162.068,55.122,339.158,0.931,0.241,0.123,3.804,9,20211101T080000_9
2021-11-01T10:58:10.912,0.038,-161.652,55.368,186.229,0.224,0.43,0.003,4.0,10,20211101T080000_10
2021-11-01T11:00:23.371,1.639,-161.547,55.24,23574.632,0.196,0.327,-0.025,6.703,11,20211101T080000_11
2021-11-01T11:00:24.789,1.384,-161.735,55.569,419.821,0.287,0.322,0.012,5.297,12,20211101T080000_12
2021-11-01T11:03:27.777,-0.149,-161.776,55.344,0.0,0.313,0.543,0.065,4.0,13,20211101T080000_13
2021-11-01T11:26:47.120,2.256,-161.211,54.903,46925.169,0.465,0.271,0.036,11.0,14,20211101T080000_14
2021-11-01T11:26:58.142,2.632,-161.309,54.904,46347.029,0.423,0.226,0.003,12.0,15,20211101T080000_15
2021-11-01T11:30:47.959,1.955,-161.258,54.903,61000.0,1.119,0.129,-0.019,4.5,17,20211101T080000_17
2021-11-01T11:30:49.597,1.717,-162.66,54.902,61000.0,0.23,0.156,0.016,4.5,16,20211101T080000_16
2021-11-01T11:31:53.463,1.529,-161.272,54.903,43765.132,0.221,0.233,0.0,5.0,18,20211101T080000_18
2021-11-01T11:32:02.973,1.871,-161.263,54.903,49435.684,0.532,0.306,-0.012,8.0,19,20211101T080000_19
2021-11-01T12:07:09.415,1.736,-162.595,54.903,61000.0,0.536,0.243,-0.076,8.083,20,20211101T080000_20
2021-11-01T14:16:36.563,-0.18,-161.818,55.351,0.0,0.509,0.653,-0.023,7.0,21,20211101T080000_21
2021-11-01T14:17:57.307,-0.055,-161.748,55.329,629.245,0.837,0.433,0.15,5.0,22,20211101T080000_22
2021-11-01T14:24:14.541,0.092,-161.967,55.377,0.0,0.72,0.438,0.12,6.0,23,20211101T080000_23
2021-11-01T14:58:47.488,1.784,-161.258,55.209,48684.653,0.351,0.369,-0.071,6.0,24,20211101T080000_24
2021-11-01T15:56:25.329,-0.222,-161.772,55.348,0.0,0.827,0.829,0.442,4.0,25,20211101T080000_25
2021-11-01T15:59:49.895,1.37,-161.874,55.433,61000.0,0.642,0.462,0.077,8.0,1,20211101T160000_1
2021-11-01T16:18:59.088,-0.309,-161.848,55.331,0.0,0.92,0.849,0.508,6.0,2,20211101T160000_2
2021-11-01T17:08:22.793,0.899,-162.261,54.957,0.0,0.211,0.734,0.03,5.838,3,20211101T160000_3
2021-11-01T17:08:41.889,1.676,-162.776,55.078,18500.618,0.605,0.185,0.036,4.571,4,20211101T160000_4
2021-11-01T18:29:19.544,2.799,-162.679,54.902,61000.0,1.114,0.241,-0.025,20.0,5,20211101T160000_5
2021-11-01T19:30:57.649,1.661,-161.368,55.11,537.0,0.431,0.422,0.15,6.001,6,20211101T160000_6
2021-11-01T19:31:07.531,1.328,-161.61,55.258,14587.342,0.397,0.363,-0.023,5.999,7,20211101T160000_7
2021-11-01T19:42:58.890,1.594,-161.574,55.752,0.0,0.471,0.319,-0.13,5.0,8,20211101T160000_8
2021-11-01T20:26:55.192,0.671,-161.608,55.361,8881.823,0.122,0.448,0.008,5.0,9,20211101T160000_9
2021-11-01T21:15:37.346,1.861,-160.99,55.715,61000.0,0.483,0.376,-0.086,3.981,10,20211101T160000_10
2021-11-01T23:40:22.083,1.788,-161.571,54.904,61000.0,0.644,0.207,-0.058,11.0,11,20211101T160000_11
2021-11-01T23:59:49.644,1.404,-161.936,55.415,61000.0,0.036,0.47,0.0,5.0,1,20211102T000000_1
2021-11-02T01:13:12.021,-0.545,-161.793,55.374,0.0,0.873,0.789,0.349,5.0,2,20211102T000000_2
2021-11-02T01:36:11.128,1.198,-161.222,55.304,1073.67,0.459,0.376,-0.035,6.0,3,20211102T000000_3
2021-11-02T01:46:37.938,0.47,-161.809,55.289,476.496,0.49,0.354,0.054,3.351,4,20211102T000000_4
2021-11-02T01:51:06.291,2.077,-162.309,54.904,61000.0,0.691,0.251,0.027,17.0,5,20211102T000000_5
2021-11-02T02:17:54.733,-0.375,-161.796,55.417,0.0,0.772,0.718,-0.02,6.0,6,20211102T000000_6
2021-11-02T02:20:11.043,0.578,-161.762,55.439,8768.283,0.609,0.38,-0.106,6.0,7,20211102T000000_7
2021-11-02T06:29:27.546,1.107,-161.962,55.46,23335.566,0.0,0.359,-0.0,3.658,8,20211102T000000_8
2021-11-02T07:04:44.963,1.616,-162.773,54.902,61000.0,0.883,0.204,-0.061,4.494,9,20211102T000000_9
2021-11-02T07:05:02.904,0.947,-162.259,54.904,5653.168,0.113,0.398,0.004,3.506,10,20211102T000000_10
2021-11-02T07:59:51.387,1.371,-161.882,55.399,51615.674,0.3,0.438,0.028,8.0,1,20211102T080000_1
2021-11-02T08:21:19.992,1.731,-161.177,55.633,54949.995,0.212,0.488,-0.052,5.817,2,20211102T080000_2
2021-11-02T08:21:55.899,1.49,-162.178,55.559,0.0,0.639,0.39,0.164,3.959,3,20211102T080000_3
2021-11-02T08:37:55.553,0.908,-162.244,55.332,7148.057,0.389,0.493,0.186,5.0,4,20211102T080000_4
2021-11-02T08:47:20.433,0.712,-161.45,55.437,1710.661,0.4,0.348,-0.038,5.633,5,20211102T080000_5
2021-11-02T15:12:14.103,-0.562,-161.799,55.343,0.0,0.271,0.748,0.062,5.0,6,20211102T080000_6
2021-11-02T15:15:59.499,0.126,-161.882,55.436,0.0,0.306,0.393,-0.075,3.999,7,20211102T080000_7
2021-11-02T15:16:53.930,1.719,-161.974,55.084,1277.078,0.857,0.171,0.066,3.998,8,20211102T080000_8
2021-11-02T15:24:30.155,1.119,-162.098,55.522,0.0,0.641,0.294,0.075,4.0,9,20211102T080000_9
2021-11-02T15:26:49.777,0.604,-162.05,55.29,10766.846,0.984,0.49,0.022,7.0,10,20211102T080000_10
2021-11-02T15:27:13.760,-0.569,-161.806,55.36,0.0,0.771,0.623,0.251,4.0,11,20211102T080000_11
2021-11-02T15:36:05.287,-0.883,-161.784,55.367,0.0,1.227,0.871,0.607,4.0,12,20211102T080000_12
2021-11-02T15:59:49.593,1.603,-162.038,55.386,61000.0,0.175,0.397,0.023,7.0,1,20211102T160000_1
2021-11-02T16:55:55.954,1.877,-162.48,55.086,61000.0,0.204,0.293,-0.029,4.0,2,20211102T160000_2
2021-11-02T18:12:27.779,0.969,-162.232,54.904,8337.443,0.119,0.214,0.008,4.0,3,20211102T160000_3
2021-11-02T18:21:04.185,2.049,-161.007,54.953,48325.826,0.478,0.247,-0.015,10.0,4,20211102T160000_4
2021-11-02T18:21:09.258,1.976,-161.008,54.923,36306.885,0.253,0.213,-0.003,7.0,5,20211102T160000_5
2021-11-02T18:48:50.926,-0.165,-161.821,55.356,0.0,0.358,0.717,0.146,4.0,6,20211102T160000_6
2021-11-02T19:03:35.863,0.802,-161.882,55.385,13685.787,0.246,0.371,-0.033,6.775,7,20211102T160000_7
2021-11-02T19:09:32.366,0.313,-161.941,55.353,0.0,0.579,0.459,0.08,4.0,8,20211102T160000_8
2021-11-02T19:12:56.736,-0.057,-161.821,55.356,0.0,0.053,0.581,0.001,4.0,9,20211102T160000_9
2021-11-02T23:59:48.604,1.489,-162.293,55.432,61000.0,0.277,0.471,-0.057,7.0,1,20211103T000000_1
2021-11-03T01:26:20.981,0.479,-161.532,55.177,9164.949,0.411,0.244,-0.014,4.0,2,20211103T000000_2
2021-11-03T01:28:35.162,1.1,-161.708,55.194,25313.326,0.008,0.236,0.003,3.119,3,20211103T000000_3
2021-11-03T07:48:30.206,2.25,-161.318,55.042,61000.0,0.268,0.219,0.022,16.939,4,20211103T000000_4
2021-11-03T13:15:16.810,2.248,-161.261,54.903,19661.99,0.446,0.277,0.04,9.674,1,20211103T080000_1
2021-11-03T13:15:43.738,1.245,-161.659,55.312,4553.208,0.001,0.321,-0.0,4.726,2,20211103T080000_2
2021-11-03T22:25:45.817,2.381,-162.67,54.902,61000.0,0.897,0.304,-0.041,15.0,1,20211103T160000_1
2021-11-04T00:07:33.062,1.428,-161.561,55.222,2976.268,0.547,0.474,0.29,7.0,1,20211104T000000_1
2021-11-04T00:18:48.372,0.741,-161.77,55.441,0.0,0.051,0.45,0.01,4.0,2,20211104T000000_2
2021-11-04T03:40:52.779,1.895,-162.773,54.902,58292.974,0.709,0.277,-0.081,4.918,3,20211104T000000_3
2021-11-04T03:45:19.619,0.986,-161.515,55.397,684.047,0.268,0.334,-0.034,6.0,4,20211104T000000_4
2021-11-04T03:54:34.324,1.282,-161.387,55.291,633.982,0.432,0.238,-0.003,5.0,5,20211104T000000_5
2021-11-04T03:54:56.372,1.52,-162.116,55.526,0.0,0.461,0.341,0.089,5.0,6,20211104T000000_6
2021-11-04T04:05:06.672,0.073,-161.822,55.353,0.0,0.422,0.562,0.035,4.0,7,20211104T000000_7
2021-11-04T06:52:14.907,2.29,-161.486,55.5,61000.0,0.475,0.225,0.02,9.713,8,20211104T000000_8
2021-11-04T06:52:54.036,1.611,-161.81,55.547,12008.06,0.0,0.462,-0.0,3.961,9,20211104T000000_9
2021-11-04T06:52:58.367,2.125,-161.418,55.182,3287.501,0.214,0.15,0.021,5.039,10,20211104T000000_10
2021-11-04T08:58:01.331,2.842,-162.625,54.903,32489.982,0.223,0.247,0.012,9.597,1,20211104T080000_1
2021-11-04T08:58:46.011,3.079,-162.531,54.903,17248.477,0.319,0.346,-0.004,6.762,2,20211104T080000_2
2021-11-04T09:53:17.555,1.941,-161.683,55.849,3470.522,0.228,0.337,-0.051,4.0,3,20211104T080000_3
2021-11-04T12:58:54.826,2.238,-160.998,55.348,56828.045,0.295,0.286,0.031,8.0,4,20211104T080000_4
2021-11-04T13:26:32.473,1.813,-162.111,54.973,2779.193,0.819,0.329,0.167,5.0,5,20211104T080000_5
2021-11-04T19:17:49.882,2.432,-161.301,55.209,60247.556,0.508,0.198,0.014,12.868,1,20211104T160000_1
2021-11-04T19:18:28.852,2.251,-162.041,55.613,0.0,0.047,0.191,0.001,4.651,2,20211104T160000_2
2021-11-04T23:39:52.464,2.236,-161.265,55.2,61000.0,0.574,0.317,0.003,8.0,3,20211104T160000_3
2021-11-04T23:40:36.745,1.177,-161.899,55.199,3426.272,0.609,0.432,0.061,6.997,4,20211104T160000_4
2021-11-05T00:05:38.051,1.128,-161.589,55.246,0.0,0.574,0.365,-0.013,5.0,1,20211105T000000_1
2021-11-05T00:14:15.384,1.429,-162.773,54.909,61000.0,1.242,0.291,0.211,7.0,2,20211105T000000_2
2021-11-05T00:23:52.566,0.541,-161.684,55.285,637.817,0.616,0.614,0.181,4.0,3,20211105T000000_3
2021-11-05T04:25:23.274,1.035,-161.637,55.426,16674.486,0.303,0.376,-0.045,7.0,4,20211105T000000_4
2021-11-05T04:27:55.567,1.184,-161.452,55.296,618.976,0.364,0.288,-0.036,6.766,5,20211105T000000_5
2021-11-05T04:28:19.097,0.637,-161.975,55.412,0.0,0.7,0.47,0.152,6.0,6,20211105T000000_6
2021-11-05T04:41:19.173,0.049,-161.819,55.351,0.0,0.873,0.785,0.315,5.0,7,20211105T000000_7
2021-11-05T04:54:31.708,0.196,-161.739,55.353,21.891,0.184,0.768,0.071,4.0,8,20211105T000000_8
2021-11-05T07:28:38.520,1.599,-161.467,55.35,0.0,0.013,0.312,0.001,3.567,9,20211105T000000_9
2021-11-05T07:59:51.120,1.603,-162.11,55.346,49195.696,0.253,0.315,0.038,6.0,1,20211105T080000_1
2021-11-05T10:43:23.965,-0.079,-161.791,55.356,0.0,0.363,0.624,0.029,3.57,2,20211105T080000_2
2021-11-05T10:43:32.879,1.995,-161.624,55.921,0.0,0.05,0.236,0.006,3.405,3,20211105T080000_3
2021-11-05T10:51:38.419,0.989,-161.832,55.474,27.199,0.435,0.273,-0.034,4.891,4,20211105T080000_4
2021-11-05T13:17:58.440,0.977,-161.81,55.446,22105.549,0.154,0.326,0.026,9.0,5,20211105T080000_5
2021-11-05T15:50:43.642,1.263,-162.059,55.035,4289.598,0.447,0.576,0.473,7.0,6,20211105T080000_6
2021-11-05T15:59:49.599,1.65,-162.087,55.42,61000.0,0.429,0.463,-0.044,7.0,1,20211105T160000_1
2021-11-05T17:27:27.045,1.833,-161.479,55.219,16679.712,0.758,0.404,-0.005,10.0,2,20211105T160000_2
2021-11-05T17:27:52.541,0.72,-161.95,55.438,0.0,0.301,0.553,0.042,5.013,3,20211105T160000_3
2021-11-05T17:39:36.680,1.582,-162.411,54.904,3462.184,0.085,0.339,0.018,3.853,4,20211105T160000_4
2021-11-05T21:49:04.256,1.917,-162.773,54.902,61000.0,0.791,0.148,-0.008,7.0,5,20211105T160000_5
2021-11-05T23:58:01.948,1.865,-161.859,55.105,0.0,0.304,0.243,-0.036,6.694,6,20211105T160000_6
2021-11-05T23:58:03.197,0.852,-161.586,55.39,21805.196,0.079,0.352,0.019,4.306,7,20211105T160000_7
2021-11-06T00:01:47.509,1.325,-161.658,55.321,25998.417,0.207,0.493,-0.039,6.0,1,20211106T000000_1
2021-11-06T07:59:49.145,1.568,-162.079,55.313,61000.0,0.099,0.397,-0.024,5.0,1,20211106T080000_1
2021-11-06T11:17:24.047,1.248,-162.31,54.904,8005.2,0.079,0.374,0.005,5.0,2,20211106T080000_2
2021-11-06T11:17:37.482,1.214,-162.371,54.904,5361.742,0.483,0.484,-0.007,5.0,3,20211106T080000_3
2021-11-06T14:47:25.316,1.609,-161.495,55.274,3445.072,0.476,0.366,-0.071,9.0,4,20211106T080000_4
2021-11-06T14:47:50.703,0.931,-161.797,55.322,265.311,0.188,0.336,0.038,3.811,5,20211106T080000_5
2021-11-06T14:49:32.257,1.87,-162.779,55.178,61000.0,0.165,0.287,-0.012,5.0,6,20211106T080000_6
2021-11-06T14:56:48.033,2.452,-162.703,55.166,61000.0,0.674,0.513,-0.048,5.932,7,20211106T080000_7
2021-11-06T14:57:28.245,1.292,-162.102,55.454,0.0,0.45,0.578,0.175,5.0,8,20211106T080000_8
2021-11-06T15:59:49.316,1.672,-162.12,55.292,61000.0,0.32,0.357,0.009,10.621,1,20211106T160000_1
2021-11-06T21:35:46.733,0.285,-161.84,55.392,0.0,0.212,0.505,-0.036,5.0,2,20211106T160000_2
2021-11-06T23:00:01.901,2.187,-160.985,55.918,16183.664,0.591,0.395,0.074,4.816,3,20211106T160000_3
2021-11-06T23:00:14.129,2.024,-161.51,55.047,11494.348,0.221,0.264,0.027,5.184,4,20211106T160000_4
2021-11-06T23:59:49.259,1.727,-162.07,55.306,61000.0,0.192,0.408,-0.033,7.0,1,20211107T000000_1
2021-11-07T03:21:03.136,2.312,-161.006,55.016,61000.0,0.459,0.244,0.038,10.511,2,20211107T000000_2
2021-11-07T03:21:11.335,2.576,-162.024,55.686,61000.0,0.268,0.292,0.027,6.641,3,20211107T000000_3
2021-11-07T04:01:41.413,1.791,-161.495,54.904,61000.0,0.422,0.194,-0.043,4.929,4,20211107T000000_4
2021-11-07T05:26:25.750,-0.489,-161.79,55.369,0.0,0.91,0.732,0.146,5.0,5,20211107T000000_5
2021-11-07T05:26:44.732,0.892,-161.899,55.426,0.0,0.471,0.32,0.093,5.0,6,20211107T000000_6
2021-11-07T05:26:59.418,1.442,-161.956,55.576,0.0,0.03,0.397,0.008,3.984,7,20211107T000000_7
2021-11-07T05:27:31.389,0.703,-161.83,55.463,16.779,0.094,0.317,-0.015,3.86,8,20211107T000000_8
2021-11-07T07:59:48.753,1.707,-162.222,55.266,61000.0,0.314,0.46,-0.018,8.0,1,20211107T080000_1
2021-11-07T09:33:06.686,1.956,-161.162,54.903,61000.0,0.652,0.128,0.043,8.0,2,20211107T080000_2
2021-11-07T10:51:56.243,1.493,-161.989,55.375,14031.789,0.391,0.458,-0.016,5.634,3,20211107T080000_3
2021-11-07T10:52:17.556,1.342,-162.073,55.395,0.0,0.635,0.645,0.131,6.0,4,20211107T080000_4
2021-11-07T11:01:16.987,0.856,-161.968,55.36,1052.084,0.247,0.52,0.045,5.736,5,20211107T080000_5
2021-11-07T11:01:34.127,1.709,-162.165,55.38,0.0,0.518,0.424,0.078,4.0,6,20211107T080000_6
2021-11-07T15:59:49.657,1.905,-161.926,55.415,61000.0,0.035,0.363,0.003,6.0,1,20211107T160000_1
2021-11-07T16:53:31.037,2.075,-161.838,55.078,0.0,0.176,0.151,-0.004,4.8,3,20211107T160000_3
2021-11-07T16:53:34.098,1.168,-161.692,55.435,17586.536,0.199,0.122,0.004,6.2,2,20211107T160000_2
2021-11-07T16:53:55.876,0.403,-161.936,55.44,0.0,0.337,0.448,0.056,3.358,4,20211107T160000_4
2021-11-07T16:58:03.548,0.419,-161.852,55.424,2762.784,0.875,0.387,0.085,5.0,5,20211107T160000_5
2021-11-07T17:58:05.080,3.069,-161.007,54.969,61000.0,0.486,0.35,0.062,11.722,7,20211107T160000_7
2021-11-07T17:58:06.523,3.117,-160.999,55.324,61000.0,0.632,0.373,0.115,11.278,6,20211107T160000_6
2021-11-07T23:59:49.482,1.528,-162.021,55.252,61000.0,0.336,0.33,-0.007,8.0,1,20211108T000000_1
2021-11-08T03:22:51.532,1.864,-161.58,55.268,26813.387,0.241,0.391,-0.017,6.719,2,20211108T000000_2
2021-11-08T03:31:25.045,1.896,-161.554,55.233,23310.425,0.787,0.425,-0.069,10.709,3,20211108T000000_3
2021-11-08T03:31:45.839,2.23,-161.171,55.562,4032.684,0.486,0.24,0.052,4.835,4,20211108T000000_4
2021-11-08T03:38:35.751,1.014,-162.275,55.567,0.0,0.203,0.528,0.032,3.692,5,20211108T000000_5
2021-11-08T05:30:11.271,1.823,-161.714,54.905,61000.0,0.199,0.045,0.013,5.006,7,20211108T000000_7
2021-11-08T05:30:12.611,1.448,-162.405,54.904,61000.0,0.27,0.047,0.023,4.994,6,20211108T000000_6
2021-11-08T07:59:49.205,1.405,-162.145,55.304,61000.0,0.292,0.398,0.005,8.0,1,20211108T080000_1
2021-11-08T10:05:01.401,1.764,-162.71,54.902,5696.818,0.283,0.231,0.0,8.0,2,20211108T080000_2
2021-11-08T10:05:08.346,2.002,-162.699,54.902,3162.662,0.452,0.426,-0.061,7.0,3,20211108T080000_3
2021-11-08T10:34:53.356,1.833,-161.161,54.903,59722.978,0.318,0.185,-0.002,4.861,4,20211108T080000_4
2021-11-08T10:53:41.181,1.696,-162.773,54.902,61000.0,0.865,0.093,0.09,9.0,5,20211108T080000_5
2021-11-08T11:05:14.673,2.227,-161.006,54.988,27073.854,0.355,0.487,0.054,6.108,6,20211108T080000_6
2021-11-08T11:05:30.453,1.432,-162.008,55.508,12613.631,0.062,0.237,0.006,4.853,7,20211108T080000_7
2021-11-08T11:06:31.715,1.119,-162.117,55.24,0.0,0.807,0.315,-0.11,4.0,8,20211108T080000_8
2021-11-08T11:10:14.054,0.098,-161.857,55.342,1008.757,0.561,0.73,0.092,6.0,9,20211108T080000_9
2021-11-08T13:22:57.308,1.456,-161.249,54.925,2958.708,0.006,0.168,0.0,4.0,10,20211108T080000_10
2021-11-08T13:23:09.723,2.184,-161.0,55.284,61000.0,0.412,0.195,-0.059,6.0,11,20211108T080000_11
2021-11-08T14:19:34.439,2.108,-160.988,55.799,61000.0,0.607,0.148,0.011,3.461,12,20211108T080000_12
2021-11-08T15:59:50.614,1.571,-162.303,55.341,49816.181,0.129,0.38,0.011,8.0,1,20211108T160000_1
2021-11-08T16:27:16.552,1.532,-162.014,55.11,61000.0,0.084,0.147,0.002,3.83,2,20211108T160000_2
2021-11-08T16:33:15.987,2.077,-161.129,55.316,49491.953,0.152,0.225,0.001,9.948,3,20211108T160000_3
2021-11-08T16:33:25.764,2.276,-162.087,55.921,0.0,0.924,0.405,0.215,5.411,4,20211108T160000_4
2021-11-08T18:37:30.185,2.341,-160.985,55.918,61000.0,1.135,0.254,-0.197,9.828,6,20211108T160000_6
2021-11-08T18:37:31.928,2.124,-161.181,55.409,61000.0,0.177,0.271,0.015,9.172,5,20211108T160000_5
2021-11-08T19:22:53.550,-0.108,-161.79,55.33,0.0,0.284,0.717,0.116,4.0,7,20211108T160000_7
2021-11-08T19:29:08.382,1.929,-161.577,55.235,19748.928,0.271,0.185,-0.017,5.606,9,20211108T160000_9
2021-11-08T19:29:09.682,1.29,-161.79,55.545,10526.845,0.341,0.195,0.02,8.394,8,20211108T160000_8
2021-11-08T19:29:27.000,2.634,-161.27,55.721,387.971,0.447,0.221,0.029,3.498,10,20211108T160000_10
2021-11-08T19:30:36.770,0.323,-161.875,55.354,0.0,0.633,0.489,0.025,3.787,11,20211108T160000_11
2021-11-08T19:36:56.486,1.002,-162.167,55.192,0.0,1.325,0.285,0.058,5.0,12,20211108T160000_12
2021-11-08T19:37:10.995,1.785,-162.066,55.559,9090.219,0.148,0.295,0.017,6.159,13,20211108T160000_13
2021-11-08T20:49:35.415,0.945,-162.358,54.904,15133.459,0.106,0.518,-0.011,4.0,14,20211108T160000_14
2021-11-08T21:15:00.498,0.972,-161.799,55.1,23293.001,0.372,0.27,-0.007,6.0,15,20211108T160000_15
2021-11-08T23:59:49.545,1.9,-161.93,55.298,61000.0,0.165,0.392,-0.013,6.0,1,20211109T000000_1
2021-11-09T00:01:28.720,1.251,-162.006,54.905,44937.023,0.435,0.102,-0.007,7.0,2,20211109T000000_2
2021-11-09T01:52:20.075,1.319,-161.693,54.905,61000.0,0.833,0.157,0.064,4.0,3,20211109T000000_3
2021-11-09T01:56:14.553,1.394,-162.773,54.902,61000.0,1.063,0.159,-0.053,7.0,4,20211109T000000_4
2021-11-09T03:05:02.554,2.032,-161.643,54.906,61000.0,0.015,0.126,0.0,5.0,5,20211109T000000_5
2021-11-09T05:20:31.971,1.499,-162.371,54.904,61000.0,0.826,0.12,-0.023,5.987,6,20211109T000000_6
2021-11-09T05:52:12.221,1.089,-161.637,55.591,0.0,0.655,0.268,-0.013,9.0,7,20211109T000000_7
2021-11-09T05:58:03.001,1.71,-162.122,55.563,61000.0,0.544,0.215,0.005,9.879,9,20211109T000000_9
2021-11-09T05:58:18.079,2.086,-161.746,55.38,61000.0,0.668,0.313,-0.07,8.0,8,20211109T000000_8
2021-11-09T06:36:27.906,2.204,-161.838,55.075,61000.0,0.391,0.091,0.011,4.75,10,20211109T000000_10
2021-11-09T06:54:33.926,2.068,-161.461,54.904,51066.382,0.43,0.179,0.007,11.0,11,20211109T000000_11
2021-11-09T06:54:44.306,2.443,-161.533,54.904,59793.658,0.875,0.219,-0.002,10.0,12,20211109T000000_12
2021-11-09T11:05:10.281,1.015,-161.969,54.905,0.0,0.826,0.456,0.037,6.0,1,20211109T080000_1
2021-11-09T13:08:39.955,1.104,-162.221,55.012,39789.855,0.49,0.193,-0.005,7.0,2,20211109T080000_2
2021-11-09T13:09:16.190,1.788,-162.702,54.902,43751.679,0.104,0.284,0.011,4.0,3,20211109T080000_3
2021-11-09T13:16:12.332,0.303,-161.894,55.17,0.0,0.831,0.692,0.17,6.0,4,20211109T080000_4
2021-11-09T15:59:49.021,1.827,-162.222,55.38,61000.0,0.651,0.461,0.107,12.0,1,20211109T160000_1
2021-11-09T17:08:39.770,1.635,-161.298,54.903,61000.0,0.385,0.107,0.015,5.545,2,20211109T160000_2
2021-11-09T17:19:08.533,1.536,-161.373,54.904,50813.028,0.364,0.185,0.007,3.9,3,20211109T160000_3
2021-11-09T17:49:54.836,1.53,-161.385,54.904,61000.0,1.081,0.126,0.012,5.577,4,20211109T160000_4
2021-11-09T18:11:28.749,1.314,-162.023,54.905,61000.0,0.732,0.081,0.01,7.0,5,20211109T160000_5
2021-11-09T18:21:38.971,0.358,-162.227,54.904,0.0,0.021,0.399,0.001,3.504,6,20211109T160000_6
2021-11-09T18:54:01.566,0.725,-161.721,55.447,164.349,0.312,0.295,-0.052,4.0,7,20211109T160000_7
2021-11-09T20:21:55.134,1.506,-161.528,54.904,61000.0,1.104,0.058,0.003,7.0,8,20211109T160000_8
2021-11-09T23:24:07.936,1.911,-161.101,54.902,60366.715,0.198,0.3,-0.007,7.0,9,20211109T160000_9
2021-11-09T23:59:46.186,1.579,-162.779,55.204,61000.0,0.57,0.53,0.06,10.0,1,20211110T000000_1
2021-11-10T00:54:53.468,1.646,-161.002,55.153,61000.0,0.325,0.343,-0.022,5.985,2,20211110T000000_2
2021-11-10T01:47:22.738,2.065,-162.773,54.902,61000.0,1.018,0.229,0.167,11.011,3,20211110T000000_3
2021-11-10T07:59:54.291,1.292,-161.898,55.393,33074.881,0.177,0.451,0.005,7.0,1,20211110T080000_1
2021-11-10T15:59:49.270,1.827,-162.116,55.33,61000.0,0.194,0.38,-0.022,6.751,1,20211110T160000_1
2021-11-10T17:17:40.158,0.235,-161.863,55.389,0.0,0.556,0.48,0.086,4.0,2,20211110T160000_2
2021-11-10T21:39:52.615,1.95,-161.364,55.363,61000.0,0.321,0.284,0.017,9.788,3,20211110T160000_3
2021-11-10T23:59:49.270,1.644,-162.116,55.33,61000.0,0.194,0.459,-0.022,7.0,1,20211111T000000_1
2021-11-11T00:36:57.860,2.342,-162.501,54.998,61000.0,0.54,0.254,0.007,8.158,2,20211111T000000_2
2021-11-11T00:37:11.708,2.01,-161.951,54.905,5742.877,0.348,0.157,-0.024,4.895,3,20211111T000000_3
2021-11-11T04:52:50.271,1.433,-161.631,55.231,0.0,0.7,0.295,-0.029,6.767,4,20211111T000000_4
2021-11-11T06:37:31.918,2.101,-160.999,55.301,61000.0,0.434,0.203,-0.053,4.0,5,20211111T000000_5
2021-11-11T07:16:37.049,2.001,-161.005,55.027,61000.0,0.315,0.265,-0.011,6.418,6,20211111T000000_6
2021-11-11T07:17:00.450,1.22,-161.548,55.199,785.755,0.283,0.245,-0.005,4.649,7,20211111T000000_7
2021-11-11T07:59:49.419,1.659,-162.065,55.275,61000.0,0.385,0.418,-0.026,8.0,1,20211111T080000_1
2021-11-11T08:43:31.038,1.738,-161.639,55.499,49052.727,0.164,0.215,-0.007,5.956,2,20211111T080000_2
2021-11-11T08:44:02.351,0.688,-161.943,55.257,0.0,0.499,0.548,-0.005,4.0,3,20211111T080000_3
2021-11-11T15:59:48.850,1.743,-162.143,55.216,61000.0,0.392,0.316,-0.009,8.0,1,20211111T160000_1
2021-11-11T18:21:37.569,1.817,-160.998,55.354,61000.0,0.357,0.346,0.055,4.0,2,20211111T160000_2
2021-11-11T18:21:58.388,1.292,-161.493,55.373,0.0,0.467,0.362,-0.056,5.0,3,20211111T160000_3
2021-11-11T19:00:14.311,1.813,-161.818,55.459,49393.293,0.332,0.231,0.03,6.538,4,20211111T160000_4
2021-11-11T19:41:08.841,1.77,-162.67,54.902,60623.807,0.078,0.066,-0.001,3.98,5,20211111T160000_5
2021-11-11T23:59:48.814,1.604,-162.295,55.416,61000.0,0.506,0.376,-0.049,9.0,1,20211112T000000_1
2021-11-12T00:50:11.622,1.46,-162.775,54.994,21888.291,0.372,0.299,0.012,8.0,2,20211112T000000_2
2021-11-12T07:59:49.644,1.621,-161.936,55.415,61000.0,0.036,0.401,0.001,5.0,1,20211112T080000_1
2021-11-12T10:27:10.472,0.817,-161.691,55.299,3618.352,0.757,0.411,-0.009,5.0,2,20211112T080000_2
2021-11-12T10:28:10.738,0.653,-161.436,55.241,435.703,0.733,0.213,0.079,4.0,3,20211112T080000_3
2021-11-12T10:28:59.272,1.703,-161.546,55.237,10614.146,0.491,0.355,-0.022,8.0,4,20211112T080000_4
2021-11-12T12:12:10.406,2.196,-162.773,54.902,39914.425,0.83,0.342,0.121,5.0,5,20211112T080000_5
2021-11-12T12:16:57.802,1.481,-161.292,55.237,4763.876,0.401,0.334,-0.054,6.0,6,20211112T080000_6
2021-11-12T12:22:52.809,0.076,-161.945,55.355,0.0,0.11,0.464,0.011,4.984,7,20211112T080000_7
2021-11-12T12:28:35.094,-0.044,-161.734,55.404,33.071,0.201,0.572,0.008,4.0,8,20211112T080000_8
2021-11-12T15:59:48.499,1.624,-162.316,55.268,61000.0,0.343,0.36,0.03,9.0,1,20211112T160000_1
2021-11-12T16:32:28.617,1.053,-162.136,55.287,13148.672,0.589,0.637,0.404,6.0,2,20211112T160000_2
2021-11-12T16:36:09.972,-0.022,-161.776,55.354,0.0,0.775,0.704,0.172,5.0,3,20211112T160000_3
2021-11-12T16:36:38.709,0.674,-161.845,55.427,0.0,0.198,0.46,-0.005,4.0,4,20211112T160000_4
2021-11-12T16:39:47.754,2.441,-162.727,54.902,45378.531,0.27,0.624,0.095,5.0,5,20211112T160000_5
2021-11-12T16:40:24.139,2.228,-161.264,55.731,361.716,0.442,0.051,-0.006,3.859,6,20211112T160000_6
2021-11-12T16:46:30.107,0.843,-161.933,55.276,14951.067,0.298,0.499,0.051,5.643,7,20211112T160000_7
2021-11-12T19:29:06.418,-0.366,-161.813,55.414,32.516,0.18,0.466,-0.034,4.0,8,20211112T160000_8
2021-11-12T19:29:51.665,1.584,-161.494,55.261,15824.208,0.814,0.356,-0.148,7.97,9,20211112T160000_9
2021-11-12T19:30:09.952,2.439,-161.275,55.729,323.53,0.523,0.276,-0.023,3.793,10,20211112T160000_10
2021-11-12T19:32:35.652,0.653,-161.84,55.477,256.599,0.895,0.421,0.237,7.0,11,20211112T160000_11
2021-11-12T19:37:15.392,0.313,-161.825,55.404,3812.454,0.0,0.439,0.0,4.0,12,20211112T160000_12
2021-11-12T19:44:22.149,0.068,-161.817,55.418,0.0,0.5,0.515,0.094,7.0,13,20211112T160000_13
2021-11-12T19:46:31.274,1.436,-162.775,54.992,11424.802,0.078,0.381,0.008,5.0,14,20211112T160000_14
2021-11-12T21:19:56.835,2.155,-162.773,54.902,61000.0,1.075,0.216,0.193,10.018,15,20211112T160000_15
2021-11-12T23:59:48.560,0.93,-162.42,55.28,61000.0,0.568,0.385,0.077,6.0,1,20211113T000000_1
2021-11-13T00:44:41.318,1.777,-161.816,55.164,734.786,0.135,0.391,0.028,4.0,2,20211113T000000_2
2021-11-13T00:44:58.034,2.566,-161.244,55.74,409.642,0.466,0.126,0.022,4.832,3,20211113T000000_3
2021-11-13T00:51:53.796,2.118,-161.664,55.909,61000.0,0.153,0.561,-0.03,4.915,4,20211113T000000_4
2021-11-13T01:33:41.019,1.802,-162.619,55.512,61000.0,0.902,0.14,-0.047,6.0,5,20211113T000000_5
2021-11-13T03:01:50.855,0.976,-161.84,55.515,8275.609,0.248,0.25,0.007,5.526,6,20211113T000000_6
2021-11-13T03:02:07.659,2.286,-161.321,55.694,303.21,0.345,0.228,0.013,4.702,7,20211113T000000_7
2021-11-13T03:08:48.170,1.208,-161.918,55.425,9142.859,0.316,0.288,0.022,5.0,8,20211113T000000_8
2021-11-13T03:09:09.804,1.098,-161.816,55.291,420.502,0.399,0.298,0.035,5.0,9,20211113T000000_9
2021-11-13T03:15:14.524,1.915,-162.777,55.111,38682.699,0.442,0.594,0.165,4.0,10,20211113T000000_10
2021-11-13T03:15:44.063,0.99,-161.92,55.423,0.0,0.584,0.568,0.213,6.0,11,20211113T000000_11
2021-11-13T03:16:02.090,1.587,-162.074,55.407,0.0,0.415,0.605,0.029,4.0,12,20211113T000000_12
2021-11-13T04:36:41.575,2.23,-161.003,55.117,61000.0,0.465,0.219,0.049,12.0,13,20211113T000000_13
2021-11-13T04:36:57.680,2.419,-161.004,55.076,42683.375,0.653,0.238,0.061,9.757,14,20211113T000000_14
2021-11-13T06:16:51.503,1.337,-160.987,55.857,61000.0,0.152,0.438,0.029,3.424,15,20211113T000000_15
2021-11-13T06:18:09.573,2.245,-161.003,55.119,58719.771,0.288,0.562,-0.082,5.316,16,20211113T000000_16
2021-11-13T07:59:49.230,1.672,-162.199,55.36,61000.0,0.422,0.367,0.019,7.0,1,20211113T080000_1
2021-11-13T10:29:04.952,0.132,-161.992,55.37,0.0,1.35,0.5,0.11,5.0,2,20211113T080000_2
2021-11-13T12:07:46.269,2.109,-162.773,54.902,61000.0,1.042,0.245,0.1,12.037,3,20211113T080000_3
2021-11-13T13:56:06.489,0.741,-161.786,55.377,0.0,0.328,0.279,-0.031,3.202,4,20211113T080000_4
2021-11-13T13:59:09.525,2.498,-161.709,55.922,60836.801,0.334,0.426,-0.066,6.313,5,20211113T080000_5
2021-11-13T13:59:50.445,1.436,-162.067,55.455,0.0,0.358,0.63,0.08,3.886,6,20211113T080000_6
2021-11-13T15:59:29.619,0.257,-161.607,55.388,8446.295,0.346,0.658,0.045,6.0,7,20211113T080000_7
2021-11-13T15:59:31.507,2.279,-161.3,55.92,61000.0,0.609,0.523,-0.08,4.0,8,20211113T080000_8
2021-11-13T15:59:58.399,0.836,-161.919,55.389,2882.277,0.345,0.317,0.015,7.227,1,20211113T160000_1
2021-11-13T16:01:49.574,0.277,-161.923,55.384,0.0,0.53,0.437,0.029,8.0,2,20211113T160000_2
2021-11-13T16:08:04.643,-0.846,-161.789,55.37,0.0,0.623,1.005,0.151,4.197,3,20211113T160000_3
2021-11-13T16:11:31.459,1.839,-161.554,55.252,16966.928,0.803,0.406,-0.132,10.0,4,20211113T160000_4
2021-11-13T17:51:10.033,1.273,-161.577,55.163,19582.066,0.559,0.338,-0.007,5.709,5,20211113T160000_5
2021-11-13T17:55:56.091,1.738,-162.086,54.973,1704.358,0.776,0.283,0.154,5.0,6,20211113T160000_6
2021-11-13T18:00:45.492,-0.448,-161.809,55.39,0.0,0.417,0.826,-0.025,4.0,7,20211113T160000_7
2021-11-13T19:22:38.328,0.362,-161.676,55.404,13885.482,0.152,0.545,-0.037,5.0,8,20211113T160000_8
2021-11-13T19:23:26.886,2.232,-161.476,55.921,5390.862,0.389,0.322,-0.067,8.0,9,20211113T160000_9
2021-11-13T19:23:48.365,2.305,-161.703,55.849,0.0,0.673,0.103,-0.022,4.991,10,20211113T160000_10
2021-11-13T19:23:54.373,2.629,-162.466,54.904,34943.084,0.502,0.231,-0.062,3.8,11,20211113T160000_11
2021-11-13T19:25:41.850,1.661,-161.576,55.165,0.0,0.623,0.237,-0.007,6.965,12,20211113T160000_12
2021-11-13T19:26:02.580,1.84,-161.432,55.484,25644.393,0.0,0.124,0.0,3.943,13,20211113T160000_13
2021-11-13T19:27:00.382,1.596,-161.313,54.904,31490.672,0.33,0.271,0.049,7.0,14,20211113T160000_14
2021-11-13T19:27:08.271,1.82,-161.362,54.904,54644.131,0.586,0.268,0.02,8.0,15,20211113T160000_15
2021-11-13T19:28:53.494,0.975,-161.892,55.793,2524.477,0.328,0.438,-0.076,4.0,16,20211113T160000_16
2021-11-13T19:35:13.054,0.324,-161.788,55.355,9096.393,0.359,0.635,-0.043,7.0,17,20211113T160000_17
2021-11-13T23:27:28.919,0.289,-161.781,55.337,0.0,0.148,0.476,0.027,4.0,18,20211113T160000_18
2021-11-13T23:28:47.683,1.268,-161.358,55.183,11906.48,0.0,0.33,-0.0,4.0,19,20211113T160000_19
2021-11-13T23:29:32.452,0.5,-161.851,55.355,0.0,0.125,0.74,0.0,4.0,20,20211113T160000_20
2021-11-13T23:39:05.275,0.81,-162.043,54.905,0.0,0.32,0.23,0.04,4.0,21,20211113T160000_21
2021-11-13T23:59:49.275,1.962,-162.082,55.307,61000.0,0.2,0.33,-0.005,8.0,1,20211114T000000_1
2021-11-14T00:04:51.035,1.672,-162.773,54.902,61000.0,1.091,0.096,0.015,6.565,2,20211114T000000_2
2021-11-14T02:14:12.107,1.618,-161.551,55.384,61000.0,0.873,0.49,0.195,9.0,3,20211114T000000_3
2021-11-14T02:14:26.190,1.931,-161.85,55.095,33617.209,0.312,0.421,0.04,5.993,4,20211114T000000_4
2021-11-14T02:18:36.192,1.27,-161.778,55.551,0.0,0.482,0.347,0.027,10.562,5,20211114T000000_5
2021-11-14T02:18:53.093,2.229,-161.307,55.699,330.324,0.407,0.219,0.005,3.486,6,20211114T000000_6
2021-11-14T02:21:37.428,-0.386,-161.86,55.337,173.967,0.554,0.768,0.161,5.0,7,20211114T000000_7
2021-11-14T02:24:57.988,1.503,-161.566,55.177,5636.007,0.753,0.288,0.001,5.606,8,20211114T000000_8
2021-11-14T02:25:21.660,0.836,-162.046,55.44,0.0,0.585,0.744,0.286,6.0,9,20211114T000000_9
2021-11-14T02:26:27.833,1.258,-161.811,55.502,0.0,0.432,0.268,-0.008,4.803,10,20211114T000000_10
2021-11-14T02:26:50.196,0.961,-161.813,55.296,398.04,0.532,0.294,0.062,3.99,11,20211114T000000_11
2021-11-14T03:04:31.000,1.664,-162.776,55.041,61000.0,0.61,0.084,0.004,4.957,12,20211114T000000_12
2021-11-14T03:12:26.571,1.531,-162.773,54.902,60896.182,0.699,0.161,0.065,4.957,13,20211114T000000_13
2021-11-14T06:32:34.911,1.814,-161.004,55.08,53960.41,0.319,0.216,-0.031,9.0,14,20211114T000000_14
2021-11-14T07:23:48.612,1.876,-161.611,55.711,48258.762,0.336,0.586,-0.008,7.715,15,20211114T000000_15
2021-11-14T07:24:12.031,2.455,-161.754,54.905,17071.725,0.727,0.21,-0.087,4.823,16,20211114T000000_16
2021-11-14T07:25:26.813,0.931,-161.608,55.382,16689.27,0.453,0.44,0.002,7.0,17,20211114T000000_17
2021-11-14T07:26:08.171,1.256,-161.881,55.436,16939.585,0.205,0.251,0.026,8.63,18,20211114T000000_18
2021-11-14T07:59:49.169,1.72,-162.174,55.305,61000.0,0.366,0.368,-0.054,7.0,1,20211114T080000_1
2021-11-14T10:06:09.713,1.044,-162.735,54.941,4092.289,0.044,0.344,0.003,3.335,2,20211114T080000_2
2021-11-14T10:43:48.766,1.077,-161.709,55.208,115.08,0.666,0.334,0.288,5.0,3,20211114T080000_3
2021-11-14T10:48:16.102,0.93,-161.806,55.377,0.0,0.194,0.319,0.029,3.696,4,20211114T080000_4
2021-11-14T10:48:26.859,2.818,-161.25,55.738,399.309,0.471,0.28,0.058,3.816,5,20211114T080000_5
2021-11-14T10:54:24.266,-0.542,-161.79,55.368,0.0,0.503,1.054,0.083,5.0,6,20211114T080000_6
2021-11-14T10:55:26.635,0.78,-161.865,55.409,0.0,0.91,0.273,0.009,9.0,7,20211114T080000_7
2021-11-14T12:48:15.163,1.579,-161.055,54.934,36993.182,0.072,0.083,0.002,4.965,8,20211114T080000_8
2021-11-14T13:55:19.337,1.379,-161.903,55.505,6816.471,0.622,0.253,-0.015,9.784,9,20211114T080000_9
2021-11-14T13:55:34.973,2.301,-161.282,55.715,368.593,0.452,0.247,-0.022,3.846,10,20211114T080000_10
2021-11-14T13:56:50.104,1.109,-161.542,55.227,2711.155,0.201,0.258,0.032,4.0,11,20211114T080000_11
2021-11-14T13:59:17.537,-0.483,-161.867,55.368,0.0,0.718,0.472,-0.008,5.0,12,20211114T080000_12
2021-11-14T14:02:33.507,1.546,-162.23,55.073,0.0,1.162,0.322,0.097,5.0,13,20211114T080000_13
2021-11-14T14:08:54.842,-0.153,-161.824,55.381,0.0,0.474,0.718,-0.016,4.0,14,20211114T080000_14
2021-11-14T15:59:48.788,1.406,-162.338,55.431,61000.0,0.511,0.379,-0.015,10.0,1,20211114T160000_1
2021-11-14T17:14:52.630,1.38,-162.773,54.902,61000.0,0.622,0.119,0.034,6.087,2,20211114T160000_2
2021-11-14T17:15:03.222,1.044,-162.193,55.211,39905.057,0.499,0.329,0.024,8.48,3,20211114T160000_3
2021-11-14T17:16:04.570,1.644,-161.689,55.632,0.0,0.622,0.197,0.021,5.8,4,20211114T160000_4
2021-11-14T17:16:24.030,2.39,-161.263,55.727,392.225,0.431,0.191,-0.016,3.857,5,20211114T160000_5
2021-11-14T17:18:05.175,0.658,-161.754,55.347,0.0,0.145,0.445,-0.02,5.67,6,20211114T160000_6
2021-11-14T17:18:25.748,1.144,-161.854,55.312,0.0,1.029,0.35,0.156,4.0,7,20211114T160000_7
2021-11-14T17:25:58.755,1.46,-161.636,55.274,30910.892,0.369,0.546,0.084,7.0,8,20211114T160000_8
2021-11-14T17:26:42.506,1.366,-161.936,55.544,0.0,0.263,0.261,-0.042,3.739,9,20211114T160000_9
2021-11-14T17:27:03.669,1.973,-161.515,55.218,2993.318,0.169,0.212,0.014,3.999,10,20211114T160000_10
2021-11-14T18:28:36.105,0.875,-162.774,54.973,19028.7,0.397,0.338,0.024,6.675,11,20211114T160000_11
2021-11-14T19:19:48.780,0.925,-161.902,55.48,3174.004,0.55,0.251,0.01,7.246,12,20211114T160000_12
2021-11-14T19:23:12.800,1.104,-161.794,55.394,23997.312,0.405,0.234,-0.028,9.806,13,20211114T160000_13
2021-11-14T19:26:49.407,1.88,-162.247,55.374,24543.478,0.974,0.326,0.12,6.0,14,20211114T160000_14
2021-11-14T19:27:16.906,1.342,-161.808,55.292,458.002,0.521,0.171,0.04,3.998,15,20211114T160000_15
2021-11-14T19:32:17.265,1.708,-161.005,55.038,0.0,0.699,0.457,0.089,5.0,16,20211114T160000_16
2021-11-14T19:34:36.435,0.113,-161.892,55.354,0.0,0.575,0.569,0.185,8.0,17,20211114T160000_17
2021-11-14T19:35:36.022,0.278,-161.792,55.426,0.0,0.225,0.518,0.051,4.0,18,20211114T160000_18
2021-11-14T22:28:10.981,1.298,-161.886,55.461,8843.668,0.6,0.345,-0.021,8.0,19,20211114T160000_19
2021-11-14T22:28:29.721,1.743,-162.162,55.455,0.0,0.968,0.33,0.21,4.0,20,20211114T160000_20
2021-11-14T22:34:55.227,-0.118,-161.848,55.361,0.0,0.689,0.64,0.1,6.0,21,20211114T160000_21
2021-11-14T22:42:21.313,0.102,-161.847,55.404,0.0,0.571,0.499,0.166,7.0,22,20211114T160000_22
2021-11-14T22:44:30.428,1.057,-160.986,55.876,3019.457,0.564,0.381,-0.124,5.0,23,20211114T160000_23
2021-11-14T22:45:34.223,2.352,-162.772,55.918,61000.0,1.063,0.324,0.112,3.308,24,20211114T160000_24
2021-11-14T23:59:49.012,1.664,-162.23,55.348,61000.0,0.348,0.418,0.04,11.0,1,20211115T000000_1
2021-11-15T00:46:32.459,2.009,-161.416,54.985,61000.0,0.32,0.203,0.0,18.905,2,20211115T000000_2
2021-11-15T01:23:51.743,1.728,-161.504,55.257,10508.747,0.404,0.354,0.025,4.89,3,20211115T000000_3
2021-11-15T01:28:56.081,1.916,-161.003,55.112,41075.672,0.267,0.429,0.014,6.0,4,20211115T000000_4
2021-11-15T01:32:08.682,-0.115,-161.775,55.315,0.0,0.421,0.436,0.046,4.895,5,20211115T000000_5
2021-11-15T02:05:39.415,1.538,-162.069,54.905,61000.0,0.862,0.093,-0.002,8.0,6,20211115T000000_6
2021-11-15T03:36:20.612,0.086,-161.901,55.394,0.0,0.344,0.419,-0.053,5.0,7,20211115T000000_7
2021-11-15T03:37:14.813,1.729,-162.773,54.902,61000.0,0.881,0.171,0.027,6.071,8,20211115T000000_8
2021-11-15T03:37:33.436,1.054,-162.19,54.905,0.0,0.477,0.218,0.056,3.929,9,20211115T000000_9
2021-11-15T03:43:34.156,-0.626,-161.794,55.372,0.0,1.277,0.713,0.874,5.0,10,20211115T000000_10
2021-11-15T03:50:41.149,1.278,-161.658,55.218,61000.0,0.497,0.56,0.204,6.0,11,20211115T000000_11
2021-11-15T05:14:47.239,1.617,-162.773,54.902,61000.0,0.926,0.161,0.029,6.206,12,20211115T000000_12
2021-11-15T05:49:14.032,0.885,-162.072,55.098,529.763,1.355,0.635,0.339,4.0,13,20211115T000000_13
2021-11-15T05:51:08.792,1.429,-161.525,55.254,17908.621,0.482,0.319,-0.02,9.835,14,20211115T000000_14
2021-11-15T05:53:36.208,1.95,-162.615,54.903,25838.555,0.453,0.515,0.183,6.0,15,20211115T000000_15
2021-11-15T06:18:08.123,1.963,-162.693,54.902,61000.0,1.253,0.241,0.077,16.0,16,20211115T000000_16
2021-11-15T06:25:18.852,1.849,-161.098,54.902,61000.0,0.27,0.173,0.0,6.0,17,20211115T000000_17
2021-11-15T07:59:49.078,1.431,-162.174,55.337,61000.0,0.199,0.466,-0.04,7.0,1,20211115T080000_1
2021-11-15T08:49:00.569,0.99,-161.454,55.276,2625.426,0.607,0.296,0.083,8.0,2,20211115T080000_2
2021-11-15T08:54:46.852,-0.037,-161.755,55.399,0.0,0.639,0.976,0.181,6.0,3,20211115T080000_3
2021-11-15T08:56:46.175,0.457,-161.872,55.314,5.811,0.47,0.762,0.09,6.0,4,20211115T080000_4
2021-11-15T09:12:12.392,1.588,-162.451,54.975,61000.0,0.862,0.575,0.302,7.0,5,20211115T080000_5
2021-11-15T09:15:50.148,1.822,-161.885,54.905,61000.0,0.687,0.251,-0.023,7.783,6,20211115T080000_6
2021-11-15T09:19:56.639,2.517,-161.281,55.435,61000.0,0.714,0.26,0.006,17.0,7,20211115T080000_7
2021-11-15T10:12:40.474,1.697,-162.773,54.902,61000.0,1.02,0.067,-0.017,7.011,8,20211115T080000_8
2021-11-15T11:22:48.815,1.45,-161.776,55.309,21988.54,0.286,0.501,0.059,7.058,9,20211115T080000_9
2021-11-15T11:24:49.151,2.133,-162.749,54.992,61000.0,0.362,0.409,0.09,5.0,10,20211115T080000_10
2021-11-15T11:26:16.890,1.79,-162.313,54.936,46861.221,0.913,0.432,0.05,8.0,11,20211115T080000_11
2021-11-15T11:29:22.903,0.471,-161.765,55.331,0.0,0.438,0.467,0.075,4.0,12,20211115T080000_12
2021-11-15T11:29:42.698,0.963,-161.825,55.294,337.055,0.599,0.356,0.073,3.969,13,20211115T080000_13
2021-11-15T11:32:19.542,0.456,-161.772,55.325,0.0,0.277,0.556,0.094,4.0,14,20211115T080000_14
2021-11-15T11:43:50.314,1.492,-160.995,55.484,3060.412,0.357,0.697,0.165,5.0,15,20211115T080000_15
2021-11-15T12:32:17.594,1.6,-162.773,54.902,57290.363,0.95,0.073,-0.006,4.0,16,20211115T080000_16
2021-11-15T13:05:53.503,1.278,-161.781,55.585,1.026,0.189,0.324,0.015,6.08,17,20211115T080000_17
2021-11-15T13:09:28.616,1.219,-161.922,55.371,16080.699,0.257,0.299,-0.015,9.322,18,20211115T080000_18
2021-11-15T13:18:07.198,1.752,-161.007,54.942,52311.844,0.52,0.356,-0.077,5.0,19,20211115T080000_19
2021-11-15T14:17:58.146,1.811,-162.773,54.902,59078.032,0.922,0.113,-0.013,5.981,20,20211115T080000_20
2021-11-15T14:18:10.056,1.74,-162.682,54.902,10597.637,0.444,0.402,-0.075,4.019,21,20211115T080000_21
2021-11-15T14:21:15.759,1.024,-161.835,55.251,10234.153,0.403,0.386,0.046,5.879,22,20211115T080000_22
2021-11-15T14:34:41.293,0.556,-161.799,55.376,7105.362,0.814,0.427,0.077,5.0,23,20211115T080000_23
2021-11-15T14:34:55.783,1.549,-161.867,55.446,14556.86,0.303,0.33,-0.024,5.882,24,20211115T080000_24
2021-11-15T14:36:09.534,1.53,-162.505,55.155,34549.951,0.865,0.401,0.167,6.0,25,20211115T080000_25
2021-11-15T14:39:08.746,-0.381,-161.815,55.398,0.0,0.127,0.504,-0.026,4.0,26,20211115T080000_26
2021-11-15T14:41:13.128,0.936,-161.908,55.431,0.0,0.56,0.332,-0.026,5.649,27,20211115T080000_27
2021-11-15T14:45:40.876,1.356,-162.126,55.133,0.0,0.997,0.582,0.173,4.0,28,20211115T080000_28
2021-11-15T14:47:00.817,1.205,-162.027,55.437,0.0,0.942,0.597,0.198,6.0,29,20211115T080000_29
2021-11-15T14:49:01.385,-0.256,-161.814,55.356,0.0,1.001,0.603,0.342,4.0,30,20211115T080000_30
2021-11-15T14:51:20.004,1.793,-162.251,55.305,61000.0,0.563,0.483,0.172,6.0,31,20211115T080000_31
2021-11-15T15:55:27.358,1.896,-161.873,55.092,0.0,0.725,0.229,-0.029,5.0,32,20211115T080000_32
2021-11-15T15:56:28.107,0.79,-161.861,55.432,0.0,0.015,0.33,-0.003,4.0,33,20211115T080000_33
2021-11-15T16:02:05.867,1.676,-162.289,55.016,61000.0,0.684,0.647,0.206,6.0,1,20211115T160000_1
2021-11-15T17:16:08.676,1.405,-161.446,55.247,16841.253,0.212,0.213,-0.013,5.677,3,20211115T160000_3
2021-11-15T17:16:09.800,1.468,-161.973,55.365,21703.807,0.241,0.185,0.016,5.323,2,20211115T160000_2
2021-11-15T17:16:27.455,2.358,-161.272,55.727,353.679,0.355,0.16,-0.0,3.746,4,20211115T160000_4
2021-11-15T17:22:27.653,1.402,-161.86,55.007,61000.0,0.474,0.547,0.173,5.0,5,20211115T160000_5
2021-11-15T17:25:49.534,0.589,-161.931,55.385,0.0,0.634,0.354,-0.079,6.0,6,20211115T160000_6
2021-11-15T20:41:50.450,1.011,-161.745,55.34,18921.051,0.204,0.383,0.019,6.798,7,20211115T160000_7
2021-11-15T20:42:07.086,2.33,-161.348,55.74,0.0,0.281,0.179,-0.012,3.977,8,20211115T160000_8
2021-11-15T20:43:26.462,1.257,-161.98,55.191,281.73,0.987,0.356,0.148,3.989,9,20211115T160000_9
2021-11-15T20:43:57.588,1.099,-161.505,55.261,413.995,0.388,0.337,-0.03,6.0,10,20211115T160000_10
2021-11-15T20:44:23.111,0.87,-161.861,55.306,4.334,0.916,0.307,0.115,3.998,11,20211115T160000_11
2021-11-15T20:49:02.761,1.069,-161.268,55.626,1424.256,0.873,0.498,0.223,5.0,12,20211115T160000_12
2021-11-15T20:49:23.959,0.486,-161.837,55.37,0.0,0.043,0.55,-0.004,4.0,13,20211115T160000_13
2021-11-15T20:51:40.289,-0.235,-161.877,55.357,7762.633,0.32,0.756,0.044,6.038,14,20211115T160000_14
2021-11-15T20:57:01.406,1.371,-161.434,55.279,61000.0,0.029,0.525,0.01,4.0,15,20211115T160000_15
2021-11-15T21:18:52.792,2.032,-161.538,55.694,61000.0,0.271,0.319,0.008,6.509,17,20211115T160000_17
2021-11-15T21:18:54.226,2.086,-162.126,55.118,61000.0,0.279,0.244,0.024,4.574,16,20211115T160000_16
2021-11-15T23:13:36.622,0.132,-161.53,55.298,313.911,0.553,0.258,0.066,6.0,18,20211115T160000_18
2021-11-15T23:15:18.117,1.387,-161.449,55.261,311.942,0.519,0.289,0.004,7.0,19,20211115T160000_19
2021-11-15T23:19:45.645,-0.565,-161.775,55.347,0.0,0.517,0.621,0.102,4.0,20,20211115T160000_20
2021-11-15T23:19:59.021,0.339,-161.894,55.404,0.0,0.513,0.413,0.07,5.0,21,20211115T160000_21
2021-11-15T23:22:15.684,1.755,-162.773,54.902,56273.664,0.887,0.228,-0.08,5.606,22,20211115T160000_22
2021-11-15T23:22:30.356,1.115,-162.513,54.903,0.0,0.519,0.342,-0.104,5.394,23,20211115T160000_23
2021-11-15T23:25:58.522,0.377,-161.87,55.369,6578.353,0.38,0.435,0.098,5.0,24,20211115T160000_24
2021-11-15T23:31:43.016,-0.329,-161.764,55.391,0.0,0.557,0.827,0.119,7.0,25,20211115T160000_25
2021-11-15T23:59:49.747,1.425,-161.859,55.375,61000.0,0.183,0.531,0.016,6.0,1,20211116T000000_1
2021-11-16T02:11:34.884,1.97,-161.26,54.903,36731.689,0.333,0.295,-0.031,5.0,2,20211116T000000_2
2021-11-16T03:30:03.625,0.821,-161.788,55.315,0.0,0.151,0.327,0.013,4.194,4,20211116T000000_4
2021-11-16T03:30:05.150,0.913,-161.816,55.373,0.0,0.308,0.344,0.031,3.806,3,20211116T000000_3
2021-11-16T03:49:23.902,1.816,-161.008,54.902,61000.0,0.686,0.448,0.001,4.0,5,20211116T000000_5
2021-11-16T06:56:11.746,0.173,-161.449,55.338,566.931,0.187,0.257,0.021,4.0,6,20211116T000000_6
2021-11-16T06:59:05.036,1.227,-161.699,55.388,21767.173,0.682,0.468,-0.274,9.0,7,20211116T000000_7
2021-11-16T07:00:16.417,0.516,-161.814,55.387,10332.573,0.0,0.347,0.0,4.0,8,20211116T000000_8
2021-11-16T07:04:30.835,0.863,-161.916,55.422,0.0,0.585,0.397,0.066,6.299,9,20211116T000000_9
2021-11-16T07:04:43.575,2.706,-161.264,55.726,395.763,0.367,0.304,0.024,4.636,10,20211116T000000_10
2021-11-16T07:06:23.356,0.716,-161.595,55.379,24.879,0.506,0.3,-0.048,5.0,11,20211116T000000_11
2021-11-16T07:06:50.932,0.157,-161.834,55.398,0.0,0.118,0.542,-0.019,4.0,12,20211116T000000_12
2021-11-16T07:15:07.745,0.777,-161.387,55.286,623.395,0.82,0.396,0.097,5.0,13,20211116T000000_13
2021-11-16T07:59:48.747,1.734,-162.459,55.303,55641.69,0.255,0.43,0.03,6.0,1,20211116T080000_1
2021-11-16T08:02:54.018,1.928,-161.048,54.902,53462.832,0.123,0.31,-0.014,4.0,2,20211116T080000_2
2021-11-16T08:03:07.672,2.052,-161.271,54.903,37380.566,0.59,0.235,0.005,6.0,3,20211116T080000_3
2021-11-16T10:51:28.864,1.406,-161.241,55.171,844.462,0.508,0.301,0.024,7.0,4,20211116T080000_4
2021-11-16T10:54:16.383,-0.061,-161.838,55.356,0.0,0.036,0.768,0.001,3.9,5,20211116T080000_5
2021-11-16T14:00:12.340,1.447,-161.815,55.475,16248.89,0.318,0.343,-0.015,5.635,6,20211116T080000_6
2021-11-16T14:00:30.816,2.013,-162.186,55.624,0.0,0.502,0.292,0.087,4.0,7,20211116T080000_7
2021-11-16T14:04:02.569,1.331,-162.726,55.702,61000.0,0.107,0.612,0.005,4.0,8,20211116T080000_8
2021-11-16T14:07:29.331,0.628,-161.999,55.434,0.0,0.582,1.051,0.172,5.042,9,20211116T080000_9
2021-11-16T14:09:17.348,2.099,-161.682,55.104,61000.0,0.635,0.432,0.134,6.0,10,20211116T080000_10
2021-11-16T14:13:57.403,1.817,-161.708,55.337,57576.69,0.553,0.435,0.154,6.0,11,20211116T080000_11
2021-11-16T15:08:40.696,0.969,-161.664,55.431,194.354,0.609,0.379,-0.124,5.0,12,20211116T080000_12
2021-11-16T15:18:50.765,2.407,-162.773,54.902,43154.075,0.908,0.218,-0.086,11.0,13,20211116T080000_13
2021-11-16T15:59:43.825,1.353,-160.987,55.842,61000.0,0.539,0.091,0.027,4.0,1,20211116T160000_1
2021-11-16T16:50:34.376,2.182,-161.005,55.047,16951.891,0.42,0.3,-0.05,4.63,2,20211116T160000_2
2021-11-16T16:51:07.358,2.004,-161.487,55.228,3049.925,0.299,0.369,0.07,3.991,3,20211116T160000_3
2021-11-16T18:50:01.625,2.53,-162.773,54.902,58000.057,0.992,0.258,0.026,13.099,4,20211116T160000_4
2021-11-16T18:50:18.350,2.028,-162.29,54.904,0.0,0.19,0.377,-0.005,4.828,5,20211116T160000_5
2021-11-16T19:39:23.281,2.15,-162.773,54.902,61000.0,0.973,0.218,-0.168,9.0,6,20211116T160000_6
2021-11-16T20:07:08.193,1.38,-161.463,55.232,15280.989,0.633,0.377,-0.04,7.0,7,20211116T160000_7
2021-11-16T20:07:25.837,1.984,-161.455,55.834,0.0,0.108,0.293,-0.014,3.815,8,20211116T160000_8
2021-11-16T20:12:24.054,1.841,-162.777,55.092,0.0,0.732,0.548,0.182,4.0,9,20211116T160000_9
2021-11-16T20:13:13.379,0.764,-161.869,55.427,0.0,0.388,0.356,-0.047,4.894,10,20211116T160000_10
2021-11-16T22:56:03.432,1.751,-161.607,55.038,857.357,0.737,0.314,0.286,6.0,11,20211116T160000_11
2021-11-16T22:57:23.963,1.775,-161.259,55.196,311.04,0.383,0.357,-0.074,5.956,12,20211116T160000_12
2021-11-16T23:00:32.609,1.084,-161.959,55.148,14378.575,0.664,0.681,-0.089,6.0,13,20211116T160000_13
2021-11-16T23:01:55.932,1.275,-161.885,55.162,0.0,0.757,0.511,0.056,7.0,14,20211116T160000_14
2021-11-16T23:02:27.182,0.792,-161.872,55.42,0.0,0.192,0.389,-0.041,3.888,15,20211116T160000_15
2021-11-16T23:08:23.010,0.775,-161.699,55.387,162.244,0.309,0.581,0.113,5.0,16,20211116T160000_16
2021-11-16T23:59:49.620,1.644,-162.025,55.418,61000.0,0.236,0.569,-0.024,6.0,1,20211117T000000_1
2021-11-17T02:35:09.305,1.495,-161.741,54.905,2476.383,1.176,0.688,0.51,4.999,2,20211117T000000_2
2021-11-17T02:41:10.305,0.238,-161.86,55.4,0.0,0.275,0.518,0.036,5.0,3,20211117T000000_3
2021-11-17T02:43:55.912,1.768,-160.99,55.725,61000.0,0.472,0.508,0.113,5.948,4,20211117T000000_4
2021-11-17T02:54:05.583,2.208,-161.658,54.905,61000.0,0.871,0.258,0.03,9.738,6,20211117T000000_6
2021-11-17T02:54:06.166,2.122,-162.771,54.902,45479.684,0.194,0.363,0.011,5.095,5,20211117T000000_5
2021-11-17T04:30:16.244,2.435,-160.993,55.567,38396.065,1.038,0.437,0.065,5.748,7,20211117T000000_7
2021-11-17T06:12:30.908,1.648,-162.645,54.903,10164.604,0.217,0.296,-0.025,7.0,8,20211117T000000_8
2021-11-17T06:12:37.322,1.886,-162.69,54.902,9683.784,0.445,0.372,-0.057,6.0,9,20211117T000000_9
2021-11-17T06:30:29.101,0.206,-161.407,55.494,918.728,0.475,0.207,0.014,3.781,10,20211117T000000_10
2021-11-17T06:32:56.392,1.92,-160.999,55.317,29420.216,0.1,0.251,0.009,3.948,11,20211117T000000_11
2021-11-17T06:33:24.779,1.532,-162.158,55.555,0.0,0.481,0.192,0.049,4.0,12,20211117T000000_12
2021-11-17T06:35:29.834,0.387,-161.432,55.243,450.385,0.571,0.241,0.038,3.532,13,20211117T000000_13
2021-11-17T06:43:04.086,2.066,-162.518,54.903,4034.572,0.386,0.443,0.209,6.0,14,20211117T000000_14
2021-11-17T06:44:41.945,1.783,-160.999,55.312,42821.608,0.241,0.331,-0.054,4.945,15,20211117T000000_15
2021-11-17T06:49:30.227,0.086,-161.844,55.321,0.0,0.322,0.65,0.079,4.0,16,20211117T000000_16
2021-11-17T06:56:29.443,0.538,-161.574,55.35,256.41,0.504,0.468,0.135,4.986,17,20211117T000000_17
2021-11-17T09:37:22.636,-0.329,-161.755,55.344,0.0,0.311,0.608,0.099,4.0,1,20211117T080000_1
2021-11-17T10:03:03.718,2.477,-162.773,54.902,58393.347,0.877,0.369,0.016,13.205,2,20211117T080000_2
2021-11-17T11:23:26.446,0.162,-161.776,55.329,0.0,0.2,0.542,-0.015,4.0,3,20211117T080000_3
2021-11-17T11:28:57.890,1.342,-161.925,55.384,18130.708,0.345,0.266,-0.009,9.168,4,20211117T080000_4
2021-11-17T11:29:19.963,1.916,-161.98,55.255,0.0,0.072,0.166,0.008,4.0,5,20211117T080000_5
2021-11-17T11:31:27.825,1.39,-162.254,55.281,26332.964,0.884,0.566,0.356,7.0,6,20211117T080000_6
2021-11-17T11:36:52.677,-0.163,-161.809,55.364,0.0,0.87,0.679,0.376,6.0,7,20211117T080000_7
2021-11-17T15:59:54.169,1.252,-162.069,55.354,32237.48,0.231,0.42,0.036,7.0,1,20211117T160000_1
2021-11-17T16:11:07.541,1.477,-161.657,55.697,33169.179,0.389,0.313,-0.06,9.0,2,20211117T160000_2
2021-11-17T16:49:17.795,0.905,-161.845,55.445,0.0,0.259,0.324,0.007,4.893,3,20211117T160000_3
2021-11-17T17:07:34.507,0.35,-161.77,55.335,0.0,0.334,0.488,0.069,4.0,4,20211117T160000_4
2021-11-17T17:12:49.341,2.203,-162.773,54.902,61000.0,0.775,0.208,-0.005,7.609,5,20211117T160000_5
2021-11-17T17:13:09.163,1.381,-162.274,55.004,0.0,0.145,0.328,-0.005,4.215,6,20211117T160000_6
2021-11-17T20:19:23.180,1.105,-161.669,54.905,17030.1,0.279,0.28,0.018,8.0,7,20211117T160000_7
2021-11-17T20:19:30.401,1.474,-161.566,54.904,23519.214,0.506,0.304,-0.002,8.0,8,20211117T160000_8
2021-11-17T20:22:04.990,0.008,-161.777,55.342,0.0,0.232,0.546,0.042,4.0,9,20211117T160000_9
2021-11-17T20:23:38.406,0.463,-161.883,55.382,0.0,0.275,0.686,0.042,6.57,10,20211117T160000_10
2021-11-17T20:25:15.364,0.614,-161.711,55.275,643.595,0.538,0.471,0.137,5.0,11,20211117T160000_11
2021-11-17T20:32:56.338,0.524,-161.933,55.393,5570.458,0.419,0.492,0.114,5.0,12,20211117T160000_12
2021-11-17T20:34:05.718,1.189,-161.541,55.223,4255.812,0.358,0.295,-0.026,7.964,13,20211117T160000_13
2021-11-17T20:34:23.667,2.078,-161.771,55.821,0.0,0.197,0.232,-0.02,4.806,14,20211117T160000_14
2021-11-17T20:40:04.191,2.056,-161.008,54.902,61000.0,0.93,0.146,0.004,6.402,15,20211117T160000_15
2021-11-17T20:40:07.380,1.703,-162.773,54.902,61000.0,0.391,0.122,0.017,3.598,16,20211117T160000_16
2021-11-17T22:50:48.857,1.174,-162.463,54.904,0.0,0.531,0.484,0.073,5.0,17,20211117T160000_17
2021-11-17T23:18:51.500,1.305,-162.773,54.902,29275.653,0.651,0.215,0.014,6.0,18,20211117T160000_18
2021-11-17T23:59:48.694,1.546,-162.289,55.287,61000.0,0.402,0.397,0.013,9.0,1,20211118T000000_1
2021-11-18T00:22:35.036,1.78,-162.732,55.636,61000.0,0.579,0.118,-0.007,6.0,2,20211118T000000_2
2021-11-18T00:24:37.697,2.104,-162.773,54.902,61000.0,1.268,0.232,-0.007,18.0,3,20211118T000000_3
2021-11-18T00:31:44.781,2.219,-162.049,54.905,61000.0,1.101,0.273,-0.09,18.783,4,20211118T000000_4
2021-11-18T02:19:59.941,1.925,-161.006,54.997,61000.0,0.301,0.251,0.007,6.982,5,20211118T000000_5
2021-11-18T02:20:22.588,1.404,-161.687,55.05,8589.406,0.49,0.129,0.02,6.938,6,20211118T000000_6
2021-11-18T03:20:57.068,3.44,-161.006,54.975,61000.0,0.39,0.247,0.009,11.0,7,20211118T000000_7
2021-11-18T03:21:04.426,4.148,-161.007,54.938,57719.445,0.555,0.292,0.005,11.0,8,20211118T000000_8
2021-11-18T04:44:50.108,1.732,-161.256,55.179,61000.0,0.557,0.252,-0.021,8.0,9,20211118T000000_9
2021-11-18T04:45:27.544,1.393,-162.143,55.533,20137.651,0.916,0.287,0.044,5.0,10,20211118T000000_10
2021-11-18T05:15:26.749,1.566,-160.998,55.374,18107.871,1.176,0.327,0.334,6.0,11,20211118T000000_11
2021-11-18T05:16:43.338,0.929,-161.856,55.433,0.0,0.326,0.304,-0.023,4.856,12,20211118T000000_12
2021-11-18T05:17:02.491,0.917,-162.026,55.437,0.0,0.839,0.768,0.389,6.0,13,20211118T000000_13
2021-11-18T05:17:35.656,1.585,-161.466,55.617,2877.962,0.107,0.306,-0.017,5.0,14,20211118T000000_14
2021-11-18T05:20:31.040,1.374,-161.498,55.428,29615.134,0.061,0.332,0.013,4.974,15,20211118T000000_15
2021-11-18T07:59:49.877,1.535,-161.942,55.444,61000.0,0.384,0.387,0.028,9.0,1,20211118T080000_1
2021-11-18T08:41:01.081,1.632,-162.791,55.708,61000.0,0.809,0.124,-0.034,4.0,2,20211118T080000_2
2021-11-18T09:27:27.244,1.419,-161.47,55.259,408.044,0.368,0.312,-0.02,4.533,3,20211118T080000_3
2021-11-18T09:33:23.887,1.372,-161.675,55.017,16133.241,0.649,0.707,0.184,6.0,4,20211118T080000_4
2021-11-18T09:53:02.201,0.382,-162.284,55.012,499.925,0.06,0.627,0.004,4.0,5,20211118T080000_5
2021-11-18T13:55:35.109,-0.384,-161.744,55.327,1004.078,0.881,0.506,0.115,5.0,6,20211118T080000_6
2021-11-18T13:57:47.027,1.188,-161.589,55.214,19297.305,0.757,0.328,-0.044,10.0,7,20211118T080000_7
2021-11-18T13:58:10.100,1.383,-162.045,55.233,0.0,0.338,0.114,0.009,4.994,8,20211118T080000_8
2021-11-18T14:00:37.991,-0.746,-161.794,55.374,0.0,0.765,0.773,-0.11,5.0,9,20211118T080000_9
2021-11-18T14:06:28.930,1.938,-162.264,54.904,304.204,0.508,0.494,0.019,9.705,10,20211118T080000_10
2021-11-18T14:06:51.909,2.458,-162.345,54.987,288.851,0.963,0.423,0.127,5.036,11,20211118T080000_11
2021-11-18T14:07:41.804,2.067,-161.845,55.401,61000.0,0.341,0.376,0.063,4.0,12,20211118T080000_12
2021-11-18T14:14:49.237,1.833,-161.992,54.905,61000.0,0.841,0.561,0.11,9.0,13,20211118T080000_13
2021-11-18T14:19:04.462,1.94,-162.162,54.905,54097.687,0.65,0.229,0.026,7.0,14,20211118T080000_14
2021-11-18T14:45:49.506,3.053,-161.694,54.905,61000.0,0.959,0.354,-0.095,22.0,15,20211118T080000_15
2021-11-18T15:59:49.270,1.713,-162.116,55.33,61000.0,0.194,0.414,-0.022,7.0,1,20211118T160000_1
2021-11-18T17:07:50.506,1.141,-161.907,55.216,22490.178,0.084,0.319,0.004,5.0,2,20211118T160000_2
2021-11-18T17:49:22.270,1.067,-161.854,55.432,18299.087,0.447,0.263,-0.053,9.695,3,20211118T160000_3
2021-11-18T17:49:43.325,1.708,-162.107,55.278,0.0,0.332,0.077,-0.013,3.8,4,20211118T160000_4
2021-11-18T17:54:38.157,1.332,-161.672,55.384,22743.475,0.322,0.316,-0.015,8.436,5,20211118T160000_5
2021-11-18T17:54:58.191,1.573,-162.227,55.586,0.0,0.614,0.254,0.08,4.0,6,20211118T160000_6
2021-11-18T17:55:23.325,0.889,-161.902,55.412,0.0,0.491,0.314,0.038,5.671,7,20211118T160000_7
2021-11-18T17:55:38.482,2.135,-162.236,55.561,0.0,0.64,0.357,0.147,4.727,8,20211118T160000_8
2021-11-18T18:00:54.560,-1.044,-161.79,55.373,0.0,0.736,1.347,0.591,6.0,9,20211118T160000_9
2021-11-18T18:02:19.617,-0.476,-161.794,55.336,0.0,0.82,0.733,0.577,6.0,10,20211118T160000_10
2021-11-18T18:06:30.712,2.141,-161.55,55.921,25688.932,0.362,0.375,0.01,6.805,11,20211118T160000_11
2021-11-18T19:34:32.910,2.07,-161.007,54.957,61000.0,0.266,0.187,0.004,7.777,12,20211118T160000_12
2021-11-18T19:34:42.643,2.102,-162.294,55.794,61000.0,0.53,0.254,0.032,4.297,14,20211118T160000_14
2021-11-18T19:34:44.668,2.18,-162.136,54.905,61000.0,0.619,0.212,-0.082,3.893,13,20211118T160000_13
2021-11-18T20:18:26.362,0.6,-161.705,55.36,3985.618,0.209,0.55,0.018,5.0,15,20211118T160000_15
2021-11-18T23:59:49.368,1.636,-162.087,55.343,61000.0,0.218,0.389,0.021,8.0,1,20211119T000000_1
2021-11-19T00:28:50.876,1.838,-162.028,54.905,15780.954,0.842,0.349,0.181,4.0,2,20211119T000000_2
2021-11-19T01:38:30.997,1.55,-160.995,55.468,46379.964,0.013,0.403,0.004,4.0,3,20211119T000000_3
2021-11-19T01:51:43.171,-0.319,-161.86,55.377,0.0,0.661,0.483,-0.161,5.0,4,20211119T000000_4
2021-11-19T01:53:00.690,1.076,-161.895,55.5,360.394,0.151,0.285,-0.027,4.0,5,20211119T000000_5
2021-11-19T01:53:18.650,2.045,-162.225,55.572,0.0,0.604,0.322,0.107,3.886,6,20211119T000000_6
2021-11-19T01:59:23.994,1.147,-161.852,55.44,17238.926,0.48,0.247,-0.043,9.678,7,20211119T000000_7
2021-11-19T02:01:00.262,1.606,-162.078,55.317,28952.417,0.592,0.416,-0.052,8.0,8,20211119T000000_8
2021-11-19T02:03:35.185,0.839,-161.73,55.331,9816.472,0.557,0.441,0.101,5.0,9,20211119T000000_9
2021-11-19T02:06:42.309,1.132,-161.712,55.343,21987.189,0.436,0.346,-0.026,8.0,10,20211119T000000_10
2021-11-19T02:08:59.712,1.217,-161.078,55.527,0.0,0.387,0.754,-0.019,4.898,11,20211119T000000_11
2021-11-19T02:11:29.974,-0.222,-161.835,55.354,646.729,0.411,0.938,0.387,7.0,12,20211119T000000_12
2021-11-19T02:16:26.060,0.273,-161.809,55.334,3864.394,0.502,0.48,0.125,5.0,13,20211119T000000_13
2021-11-19T02:16:38.891,1.734,-161.419,55.185,614.504,0.433,0.327,-0.073,4.0,14,20211119T000000_14
2021-11-19T03:51:11.303,2.791,-161.731,54.905,61000.0,0.771,0.414,-0.015,17.853,15,20211119T000000_15
2021-11-19T07:59:49.718,1.522,-161.905,55.451,61000.0,0.237,0.376,0.037,6.0,1,20211119T080000_1
2021-11-19T10:11:09.785,1.46,-161.442,55.921,660.2,0.428,0.675,0.139,4.859,2,20211119T080000_2
2021-11-19T12:13:42.175,1.739,-162.004,54.905,61000.0,0.905,0.228,-0.07,10.0,3,20211119T080000_3
2021-11-19T13:51:05.127,2.044,-161.018,54.902,42498.302,0.336,0.228,0.021,8.621,4,20211119T080000_4
2021-11-19T13:51:13.758,2.061,-162.246,55.833,61000.0,0.38,0.27,0.009,4.283,5,20211119T080000_5
2021-11-19T16:04:09.036,0.564,-161.925,55.401,43.071,0.578,0.354,0.086,5.0,1,20211119T160000_1
2021-11-19T17:28:30.187,1.855,-161.718,55.527,61000.0,0.145,0.33,0.03,4.549,2,20211119T160000_2
2021-11-19T17:47:19.818,0.809,-162.256,54.904,4667.811,0.115,0.408,0.008,4.0,3,20211119T160000_3
2021-11-19T18:23:41.371,2.005,-161.46,55.388,41053.86,0.391,0.207,0.054,10.845,4,20211119T160000_4
2021-11-19T18:24:17.594,1.744,-161.763,55.333,19074.793,0.291,0.233,0.037,4.224,6,20211119T160000_6
2021-11-19T18:24:19.844,0.897,-161.774,55.481,919.83,0.275,0.441,0.048,4.13,5,20211119T160000_5
2021-11-19T18:38:39.097,1.557,-161.33,55.243,0.0,0.278,0.124,-0.011,4.479,7,20211119T160000_7
2021-11-19T21:14:06.053,1.397,-162.333,55.921,21833.026,0.504,0.363,-0.116,4.0,8,20211119T160000_8
2021-11-19T21:15:03.894,1.712,-161.912,55.464,21316.395,0.489,0.379,-0.023,8.0,9,20211119T160000_9
2021-11-19T21:45:54.961,0.929,-162.276,54.904,6475.76,0.176,0.462,-0.021,4.0,10,20211119T160000_10
2021-11-19T23:44:05.235,1.406,-161.514,54.904,26557.109,0.263,0.352,-0.031,6.927,11,20211119T160000_11
2021-11-19T23:44:12.440,1.235,-161.978,54.905,38395.163,0.15,0.163,-0.002,3.935,12,20211119T160000_12
2021-11-19T23:49:32.313,0.596,-161.838,55.328,0.0,0.965,0.498,0.149,4.0,13,20211119T160000_13
2021-11-19T23:59:49.311,1.737,-162.118,55.311,61000.0,0.343,0.327,0.009,9.0,1,20211120T000000_1
2021-11-20T02:34:11.684,0.719,-161.858,55.427,0.0,0.08,0.346,-0.014,4.0,2,20211120T000000_2
2021-11-20T02:51:43.065,1.728,-161.37,54.94,61000.0,0.381,0.195,0.015,4.666,3,20211120T000000_3
2021-11-20T04:39:09.883,1.35,-161.9,55.359,17680.385,0.463,0.446,-0.036,10.774,4,20211120T000000_4
2021-11-20T04:39:32.617,1.13,-161.802,55.248,889.644,0.538,0.345,-0.005,6.0,5,20211120T000000_5
2021-11-20T04:51:34.746,1.548,-162.263,55.628,50974.739,0.0,0.474,-0.0,4.0,6,20211120T000000_6
2021-11-20T06:28:28.640,2.146,-161.279,54.903,58833.719,0.299,0.242,-0.044,10.0,7,20211120T000000_7
2021-11-20T07:59:53.475,0.939,-162.347,55.373,28745.137,0.225,0.375,0.037,4.677,1,20211120T080000_1
2021-11-20T10:46:22.606,1.79,-161.328,54.988,61000.0,0.147,0.339,-0.026,6.0,2,20211120T080000_2
2021-11-20T13:01:06.786,0.449,-161.788,55.448,576.164,0.109,0.395,-0.025,4.0,3,20211120T080000_3
2021-11-20T13:11:46.021,1.234,-162.261,55.097,0.0,0.769,0.495,0.131,7.0,4,20211120T080000_4
2021-11-20T15:21:52.537,1.184,-161.452,55.268,611.071,0.384,0.339,-0.042,7.632,5,20211120T080000_5
2021-11-20T15:22:09.999,2.235,-161.273,55.738,278.813,0.202,0.128,-0.002,3.848,6,20211120T080000_6
2021-11-20T15:26:50.928,1.755,-162.277,55.477,0.0,0.914,0.331,0.158,5.951,7,20211120T080000_7
2021-11-20T15:33:57.117,1.767,-161.0,55.254,36670.85,0.673,0.581,0.262,5.0,8,20211120T080000_8
2021-11-20T15:59:49.170,1.7,-162.15,55.349,61000.0,0.186,0.413,-0.035,6.0,1,20211120T160000_1
2021-11-20T18:15:33.772,0.174,-161.746,55.441,100.742,0.261,0.609,0.092,4.0,2,20211120T160000_2
2021-11-20T18:17:20.152,1.384,-161.313,55.334,2579.533,0.156,0.177,0.001,4.421,3,20211120T160000_3
2021-11-20T18:17:22.825,1.26,-161.892,55.416,16499.188,0.048,0.272,0.007,4.579,4,20211120T160000_4
2021-11-20T18:17:45.732,1.011,-161.878,55.264,278.552,0.474,0.266,0.048,4.997,5,20211120T160000_5
2021-11-20T18:19:36.061,1.14,-161.827,55.397,18723.407,0.249,0.393,0.011,7.0,6,20211120T160000_6
2021-11-20T18:26:59.018,1.986,-162.628,54.903,0.0,0.605,0.31,0.039,5.0,7,20211120T160000_7
2021-11-20T18:40:15.124,1.882,-162.641,54.903,0.0,0.889,0.517,0.221,4.0,8,20211120T160000_8
2021-11-20T22:35:25.052,1.974,-162.64,54.903,3959.009,0.773,0.538,-0.145,4.0,9,20211120T160000_9
2021-11-20T23:34:04.449,1.996,-161.437,54.904,61000.0,0.628,0.203,-0.031,7.0,10,20211120T160000_10
2021-11-20T23:59:49.663,1.549,-162.006,55.418,61000.0,0.22,0.48,-0.017,7.0,1,20211121T000000_1
2021-11-21T00:38:52.590,1.159,-161.958,55.443,29778.98,0.178,0.295,0.011,3.842,2,20211121T000000_2
2021-11-21T01:49:22.877,-0.569,-161.851,55.346,0.0,0.822,0.91,0.384,4.0,3,20211121T000000_3
2021-11-21T01:51:42.942,2.058,-162.614,54.965,0.0,0.433,0.482,0.063,5.0,4,20211121T000000_4
2021-11-21T02:34:26.405,2.143,-162.411,54.904,61000.0,0.349,0.236,-0.006,10.864,5,20211121T000000_5
2021-11-21T03:30:20.379,1.11,-161.843,55.455,0.0,0.741,0.305,-0.074,6.0,6,20211121T000000_6
2021-11-21T03:30:41.229,1.529,-161.858,55.269,355.841,0.589,0.172,0.044,3.912,7,20211121T000000_7
2021-11-21T03:41:21.131,1.532,-161.899,55.357,17736.515,0.419,0.49,-0.04,11.0,8,20211121T000000_8
2021-11-21T03:41:43.384,1.686,-161.745,55.218,1519.416,0.857,0.173,-0.042,5.0,9,20211121T000000_9
2021-11-21T07:59:49.619,1.157,-161.986,55.405,61000.0,0.019,0.444,0.005,4.0,1,20211121T080000_1
2021-11-21T10:03:08.554,0.604,-161.807,55.461,0.0,0.259,0.305,-0.033,4.582,2,20211121T080000_2
2021-11-21T10:06:47.661,2.549,-162.773,54.902,61000.0,0.617,0.243,0.079,5.0,3,20211121T080000_3
2021-11-21T10:13:05.954,1.244,-161.009,55.741,2128.553,0.584,0.563,0.145,5.0,4,20211121T080000_4
2021-11-21T10:29:06.507,0.807,-161.855,55.432,0.0,0.301,0.333,-0.052,3.842,5,20211121T080000_5
2021-11-21T10:29:19.277,2.421,-161.273,55.735,304.469,0.147,0.335,-0.013,3.897,6,20211121T080000_6
2021-11-21T10:48:18.194,2.291,-161.004,55.102,60756.04,0.295,0.251,-0.003,8.791,7,20211121T080000_7
2021-11-21T10:48:24.792,2.629,-162.773,54.902,61000.0,0.321,0.182,0.047,5.292,8,20211121T080000_8
2021-11-21T10:48:26.045,2.549,-162.044,55.922,61000.0,0.29,0.247,0.016,4.731,9,20211121T080000_9
2021-11-21T14:34:31.464,1.964,-161.969,54.905,35111.475,0.536,0.34,-0.075,12.0,10,20211121T080000_10
2021-11-21T14:40:33.717,1.697,-161.951,54.905,36749.351,0.553,0.359,-0.103,10.0,11,20211121T080000_11
2021-11-21T15:59:49.170,1.643,-162.15,55.349,61000.0,0.186,0.469,-0.039,6.0,1,20211121T160000_1
2021-11-21T16:20:54.906,2.39,-161.006,55.011,61000.0,0.465,0.171,0.03,10.773,2,20211121T160000_2
2021-11-21T16:21:03.000,2.622,-162.314,55.889,61000.0,0.473,0.277,0.073,4.471,4,20211121T160000_4
2021-11-21T16:21:05.976,2.666,-162.427,54.904,61000.0,0.598,0.238,-0.076,4.662,3,20211121T160000_3
2021-11-21T18:03:00.897,2.461,-162.791,55.726,61000.0,0.739,0.063,0.03,4.0,5,20211121T160000_5
2021-11-21T19:28:52.076,0.251,-161.922,55.493,820.217,0.075,0.394,-0.018,4.0,6,20211121T160000_6
2021-11-21T23:59:49.230,1.605,-162.169,55.343,61000.0,0.257,0.462,-0.043,8.0,1,20211122T000000_1
2021-11-22T01:45:43.865,1.57,-162.276,54.904,1664.983,0.767,0.511,0.214,4.0,2,20211122T000000_2
2021-11-22T04:30:00.455,2.011,-161.6,55.55,61000.0,0.451,0.178,0.017,6.0,3,20211122T000000_3
2021-11-22T07:45:48.240,2.09,-161.51,54.904,61000.0,0.759,0.201,0.001,12.526,4,20211122T000000_4
2021-11-22T07:45:55.951,1.995,-161.547,54.904,35493.945,0.549,0.238,-0.063,7.474,5,20211122T000000_5
2021-11-22T07:59:49.782,1.495,-161.787,55.375,61000.0,0.027,0.413,-0.007,4.0,1,20211122T080000_1
2021-11-22T08:58:35.078,0.673,-162.324,55.006,4173.299,0.0,0.6,-0.0,4.0,2,20211122T080000_2
2021-11-22T11:28:03.139,2.106,-161.385,55.442,61000.0,0.441,0.249,-0.035,6.129,3,20211122T080000_3
2021-11-22T11:29:03.645,1.489,-161.783,55.231,0.0,0.697,0.508,0.088,7.0,4,20211122T080000_4
2021-11-22T12:36:19.488,1.71,-162.568,54.903,57194.159,0.402,0.118,-0.012,4.914,5,20211122T080000_5
2021-11-22T15:59:51.223,1.667,-161.92,55.418,51487.247,0.039,0.366,0.004,7.0,1,20211122T160000_1
2021-11-22T20:19:44.551,1.085,-162.45,54.904,0.0,0.327,0.235,-0.034,3.928,2,20211122T160000_2
2021-11-22T21:26:03.148,1.814,-161.397,54.904,42959.203,0.374,0.294,-0.023,6.0,3,20211122T160000_3
2021-11-22T23:59:52.626,1.061,-162.126,55.391,40129.491,0.492,0.44,-0.05,8.0,1,20211123T000000_1
2021-11-23T01:14:40.113,0.823,-162.108,54.905,0.0,0.138,0.251,0.013,4.0,2,20211123T000000_2
2021-11-23T01:15:00.056,1.23,-162.11,54.905,16953.747,0.76,0.264,-0.044,6.0,3,20211123T000000_3
2021-11-23T03:36:27.229,1.925,-162.719,55.158,61000.0,1.108,0.243,-0.082,6.686,4,20211123T000000_4
2021-11-23T03:36:40.400,1.516,-162.573,54.903,16067.328,0.203,0.381,-0.004,4.314,5,20211123T000000_5
2021-11-23T05:05:19.320,1.959,-161.659,54.968,61000.0,0.401,0.234,-0.026,14.816,6,20211123T000000_6
2021-11-23T05:20:55.547,2.002,-161.001,55.202,36510.775,0.189,0.294,0.01,5.744,7,20211123T000000_7
2021-11-23T05:21:39.608,0.957,-161.88,55.246,11290.193,0.472,0.395,-0.019,3.872,8,20211123T000000_8
2021-11-23T07:19:06.806,1.726,-161.582,55.449,60221.05,0.8,0.239,-0.047,12.884,9,20211123T000000_9
2021-11-23T07:20:36.039,0.933,-161.782,55.181,7684.103,0.736,0.326,0.041,4.0,10,20211123T000000_10
2021-11-23T07:59:48.955,1.052,-162.291,55.397,61000.0,0.46,0.579,-0.081,7.0,1,20211123T080000_1
2021-11-23T10:11:17.410,1.628,-160.998,55.332,33349.18,0.224,0.363,-0.051,4.0,2,20211123T080000_2
2021-11-23T11:15:25.820,0.875,-161.911,55.187,274.174,0.445,0.44,0.042,5.0,3,20211123T080000_3
2021-11-23T11:23:56.535,1.652,-161.36,55.46,33538.842,0.005,0.246,0.001,3.064,4,20211123T080000_4
2021-11-23T11:24:16.203,2.09,-161.219,55.257,61000.0,0.349,0.242,-0.045,5.367,5,20211123T080000_5
2021-11-23T12:29:20.645,1.711,-161.294,54.903,36398.849,0.159,0.271,-0.027,4.0,6,20211123T080000_6
2021-11-23T14:17:51.732,1.988,-161.013,55.351,61000.0,0.24,0.23,0.023,7.893,7,20211123T080000_7
2021-11-23T14:18:28.713,2.005,-160.987,55.817,0.0,0.668,0.168,0.04,4.744,8,20211123T080000_8
2021-11-23T15:59:49.138,0.871,-162.236,55.349,61000.0,0.203,0.667,0.031,5.811,1,20211123T160000_1
2021-11-23T19:31:51.762,2.095,-161.288,54.903,48876.734,0.332,0.195,0.018,11.0,2,20211123T160000_2
2021-11-23T19:32:01.521,2.298,-161.203,54.903,47415.087,0.714,0.254,-0.038,11.0,3,20211123T160000_3
2021-11-23T21:04:14.223,1.953,-162.773,54.902,61000.0,1.045,0.185,0.13,10.744,4,20211123T160000_4
2021-11-23T23:59:49.265,1.601,-162.105,55.305,61000.0,0.213,0.388,0.01,9.0,1,20211124T000000_1
2021-11-24T00:35:33.335,1.044,-161.776,55.44,22358.685,0.215,0.308,0.015,10.0,2,20211124T000000_2
2021-11-24T01:01:49.666,1.922,-161.033,55.82,61000.0,0.527,0.338,0.101,4.869,3,20211124T000000_3
2021-11-24T03:46:16.741,2.153,-161.004,55.1,61000.0,0.349,0.233,0.011,10.851,4,20211124T000000_4
2021-11-24T03:46:24.838,2.52,-162.13,55.921,61000.0,0.464,0.261,0.048,5.584,5,20211124T000000_5
2021-11-24T07:59:49.589,1.545,-162.059,55.419,61000.0,0.321,0.402,-0.037,6.0,1,20211124T080000_1
2021-11-24T12:56:57.172,2.16,-161.004,55.101,61000.0,0.352,0.237,0.005,10.905,2,20211124T080000_2
2021-11-24T12:57:05.519,2.501,-162.055,55.922,61000.0,0.496,0.295,0.069,5.747,3,20211124T080000_3
2021-11-24T15:59:49.387,1.735,-162.017,55.279,61000.0,0.364,0.376,0.014,7.0,1,20211124T160000_1
2021-11-24T17:26:46.637,1.808,-161.266,54.903,47908.842,0.264,0.327,-0.026,6.0,2,20211124T160000_2
2021-11-24T23:59:49.356,1.814,-162.024,55.312,61000.0,0.175,0.333,0.01,6.0,1,20211125T000000_1
2021-11-25T02:42:31.140,0.723,-161.589,55.366,10344.397,0.772,0.407,0.043,8.0,2,20211125T000000_2
2021-11-25T02:43:26.610,1.705,-161.51,55.232,1451.246,0.335,0.292,-0.021,7.0,3,20211125T000000_3
2021-11-25T03:06:56.585,1.714,-160.999,55.299,61000.0,0.631,0.551,0.207,5.0,4,20211125T000000_4
2021-11-25T08:43:55.780,1.99,-161.205,54.903,47988.502,0.226,0.211,0.002,6.0,1,20211125T080000_1
2021-11-25T08:44:05.726,2.227,-161.199,54.903,44796.089,0.45,0.311,-0.005,8.0,2,20211125T080000_2
2021-11-25T09:41:14.040,1.899,-161.005,55.058,40607.31,0.409,0.315,0.009,6.0,3,20211125T080000_3
2021-11-25T09:41:21.374,2.083,-161.002,55.171,61000.0,0.899,0.256,-0.057,5.0,4,20211125T080000_4
2021-11-25T09:49:20.416,0.511,-161.819,55.351,0.0,0.291,0.525,0.1,4.0,5,20211125T080000_5
2021-11-25T11:52:36.220,1.085,-162.36,54.904,0.0,0.526,0.564,-0.005,4.0,6,20211125T080000_6
2021-11-25T11:52:55.229,1.459,-162.268,54.953,13815.396,0.0,0.226,-0.0,4.0,7,20211125T080000_7
2021-11-25T15:59:49.110,1.534,-162.226,55.392,61000.0,0.524,0.418,-0.091,8.0,1,20211125T160000_1
2021-11-25T16:50:49.948,1.731,-161.783,54.905,60788.178,0.378,0.143,0.008,7.0,2,20211125T160000_2
2021-11-25T17:23:18.251,-0.489,-161.801,55.367,0.0,0.531,0.827,0.133,4.0,3,20211125T160000_3
2021-11-25T18:59:34.101,1.171,-161.37,55.202,0.0,0.054,0.362,-0.002,3.901,4,20211125T160000_4
2021-11-25T18:59:36.526,0.936,-161.704,55.351,16603.338,0.077,0.326,-0.012,4.099,5,20211125T160000_5
2021-11-25T19:00:22.474,2.027,-161.971,55.008,0.0,0.161,0.165,-0.013,3.962,6,20211125T160000_6
2021-11-25T19:00:26.586,1.251,-161.832,55.478,16389.462,0.355,0.318,-0.036,6.038,7,20211125T160000_7
2021-11-25T19:00:51.715,0.287,-161.814,55.346,0.0,0.512,0.396,0.127,4.0,8,20211125T160000_8
2021-11-25T22:00:09.947,1.818,-162.638,55.225,61000.0,0.655,0.094,0.006,6.028,9,20211125T160000_9
2021-11-25T22:33:55.391,1.453,-161.928,55.379,20038.795,0.369,0.295,-0.021,9.272,10,20211125T160000_10
2021-11-25T22:34:05.977,2.276,-162.705,55.397,0.0,0.302,0.224,0.012,3.77,11,20211125T160000_11
2021-11-25T22:36:49.223,1.522,-162.148,55.017,0.0,1.06,0.405,0.298,6.0,12,20211125T160000_12
2021-11-25T22:38:06.610,2.202,-162.191,54.905,14758.309,0.276,0.222,-0.007,3.541,13,20211125T160000_13
2021-11-25T22:44:05.388,0.393,-161.562,55.488,553.915,0.734,0.57,0.124,5.0,14,20211125T160000_14
2021-11-25T23:59:49.453,1.562,-161.999,55.321,61000.0,0.197,0.398,-0.01,7.0,1,20211126T000000_1
2021-11-26T02:05:10.664,1.259,-161.635,54.905,16974.36,0.197,0.198,0.022,4.0,2,20211126T000000_2
2021-11-26T02:05:25.028,1.377,-161.553,54.904,3174.031,0.584,0.138,0.053,5.0,3,20211126T000000_3
2021-11-26T02:25:48.304,1.966,-161.14,54.903,49300.766,0.254,0.262,0.003,8.0,4,20211126T000000_4
2021-11-26T02:25:59.304,2.066,-161.358,54.904,56293.203,0.481,0.195,-0.011,7.0,5,20211126T000000_5
2021-11-26T02:59:08.231,1.048,-161.874,54.905,0.0,0.995,0.088,0.059,5.0,6,20211126T000000_6
2021-11-26T03:17:32.064,-0.176,-161.848,55.368,2562.324,0.001,0.532,-0.001,3.45,7,20211126T000000_7
2021-11-26T03:24:11.625,0.734,-161.572,55.281,14144.014,0.449,0.559,0.159,9.0,8,20211126T000000_8
2021-11-26T03:45:34.894,0.241,-161.982,55.372,0.0,0.488,0.396,-0.086,4.0,9,20211126T000000_9
2021-11-26T05:07:37.837,1.82,-161.502,55.342,61000.0,0.377,0.253,-0.06,4.0,10,20211126T000000_10
2021-11-26T05:08:19.691,0.811,-161.868,55.17,7577.113,0.348,0.32,0.027,4.774,11,20211126T000000_11
2021-11-26T07:59:48.654,1.685,-162.286,55.39,61000.0,0.39,0.306,0.021,11.0,1,20211126T080000_1
2021-11-26T08:18:37.456,2.036,-162.773,54.902,61000.0,0.981,0.22,0.115,7.749,2,20211126T080000_2
2021-11-26T10:26:07.730,1.48,-161.417,54.904,61000.0,0.692,0.084,0.015,4.0,3,20211126T080000_3
2021-11-26T15:59:49.106,1.554,-162.203,55.399,61000.0,0.554,0.326,0.038,12.0,1,20211126T160000_1
2021-11-26T21:54:40.032,1.501,-162.773,54.902,61000.0,0.955,0.115,0.037,5.0,2,20211126T160000_2
2021-11-26T23:59:49.657,1.292,-161.926,55.415,61000.0,0.035,0.39,0.004,6.0,1,20211127T000000_1
2021-11-27T01:56:46.729,2.358,-162.73,54.902,61000.0,1.114,0.218,-0.139,21.0,2,20211127T000000_2
2021-11-27T04:25:45.408,1.577,-162.529,54.91,28400.538,0.117,0.321,-0.014,7.0,3,20211127T000000_3
2021-11-27T04:26:14.145,0.792,-162.339,55.007,7850.202,0.0,0.484,0.0,4.0,4,20211127T000000_4
2021-11-27T07:59:49.380,1.467,-161.894,55.534,61000.0,0.233,0.428,0.014,8.0,1,20211127T080000_1
2021-11-27T08:01:45.691,1.376,-162.669,54.902,11676.967,0.297,0.218,-0.009,6.0,2,20211127T080000_2
2021-11-27T08:01:52.321,1.649,-162.71,54.902,5163.776,0.466,0.364,-0.026,7.0,3,20211127T080000_3
2021-11-27T08:04:24.251,2.307,-162.297,54.904,52658.628,0.6,0.263,-0.026,11.019,4,20211127T080000_4
2021-11-27T15:59:49.549,1.54,-161.977,55.349,61000.0,0.232,0.374,0.029,8.0,1,20211127T160000_1
2021-11-27T19:49:27.047,0.952,-162.044,54.905,0.0,0.345,0.244,0.038,5.0,2,20211127T160000_2
2021-11-27T19:49:47.321,1.388,-162.101,54.905,17818.896,0.652,0.286,-0.017,6.0,3,20211127T160000_3
2021-11-27T23:59:49.468,1.564,-162.167,55.346,61000.0,0.487,0.39,0.035,11.0,1,20211128T000000_1
2021-11-28T04:12:52.145,1.489,-162.375,54.904,50839.259,0.418,0.131,-0.015,6.034,2,20211128T000000_2
2021-11-28T04:19:01.425,-0.019,-161.834,55.332,0.0,1.063,0.633,0.28,4.0,3,20211128T000000_3
2021-11-28T05:18:45.875,1.339,-162.773,54.902,32512.179,0.397,0.115,0.019,4.84,4,20211128T000000_4
2021-11-28T06:18:25.771,1.901,-162.505,55.92,61000.0,0.893,0.397,-0.051,4.0,5,20211128T000000_5
2021-11-28T06:23:05.573,1.556,-162.083,54.905,61000.0,0.59,0.078,0.013,6.0,6,20211128T000000_6
2021-11-28T07:59:57.707,0.419,-161.885,55.39,11411.022,0.166,0.355,-0.017,6.0,1,20211128T080000_1
2021-11-28T08:37:12.969,2.192,-161.444,54.904,61000.0,0.592,0.234,0.011,12.768,2,20211128T080000_2
2021-11-28T10:12:13.044,2.037,-162.773,54.902,61000.0,0.74,0.233,-0.066,18.0,3,20211128T080000_3
2021-11-28T11:04:52.136,2.376,-161.764,54.917,61000.0,0.075,0.214,0.001,4.776,4,20211128T080000_4
2021-11-28T15:59:49.537,1.448,-161.446,54.904,26450.145,0.307,0.411,-0.015,5.516,1,20211128T160000_1
2021-11-28T17:45:02.250,1.94,-161.407,55.086,57104.582,0.232,0.207,-0.018,5.247,2,20211128T160000_2
2021-11-28T17:45:05.115,1.912,-162.423,54.904,61000.0,0.232,0.204,0.008,4.731,3,20211128T160000_3
2021-11-28T20:25:11.374,1.841,-161.005,55.017,51195.979,0.285,0.152,-0.002,7.482,4,20211128T160000_4
2021-11-28T20:25:19.775,1.944,-162.773,54.902,27447.768,0.425,0.206,-0.029,3.972,5,20211128T160000_5
2021-11-28T23:59:58.075,-0.128,-162.031,55.39,0.0,0.407,0.332,0.02,6.0,1,20211129T000000_1
2021-11-29T04:14:51.767,1.033,-161.646,55.372,18758.544,0.0,0.403,0.0,4.0,2,20211129T000000_2
2021-11-29T04:21:09.489,1.662,-161.841,55.247,32698.462,0.872,0.248,0.128,9.0,3,20211129T000000_3
2021-11-29T04:21:16.461,2.488,-162.787,55.918,61000.0,0.64,0.263,-0.033,3.521,4,20211129T000000_4
2021-11-29T04:25:03.867,0.362,-161.854,55.417,1954.832,0.582,0.387,0.117,5.0,5,20211129T000000_5
2021-11-29T07:59:49.632,1.679,-161.94,55.411,61000.0,0.032,0.409,-0.005,4.0,1,20211129T080000_1
2021-11-29T08:37:36.780,0.984,-161.803,55.236,24410.287,0.0,0.023,0.0,4.0,2,20211129T080000_2
2021-11-29T08:50:34.596,2.083,-162.778,55.154,1599.463,0.426,0.399,-0.036,4.612,3,20211129T080000_3
2021-11-29T11:15:42.023,2.145,-162.773,54.902,61000.0,1.166,0.274,-0.044,7.0,4,20211129T080000_4
2021-11-29T12:40:57.778,2.238,-162.773,54.902,61000.0,0.972,0.178,-0.078,7.0,5,20211129T080000_5
2021-11-29T13:02:50.494,0.841,-162.238,55.183,5155.937,0.049,0.116,0.001,4.0,6,20211129T080000_6
2021-11-29T13:30:53.114,2.138,-162.673,55.251,0.0,0.541,0.373,0.125,4.277,7,20211129T080000_7
2021-11-29T13:36:24.249,0.562,-161.88,55.39,0.0,0.777,0.35,-0.097,6.0,8,20211129T080000_8
2021-11-29T13:43:40.689,0.581,-161.817,55.448,0.0,0.449,0.424,-0.096,5.0,9,20211129T080000_9
2021-11-29T18:02:47.854,1.104,-161.898,55.425,7277.071,0.0,0.273,0.0,3.751,1,20211129T160000_1
2021-11-29T20:17:30.198,1.388,-162.248,55.23,0.0,0.345,0.391,0.035,4.996,2,20211129T160000_2
2021-11-29T20:24:27.562,1.012,-161.928,55.434,2492.054,0.206,0.364,0.022,4.0,3,20211129T160000_3
2021-11-29T20:24:40.056,2.873,-162.493,54.921,0.0,0.414,0.086,-0.016,3.709,4,20211129T160000_4
2021-11-29T22:31:53.615,0.593,-161.837,55.399,0.0,0.717,0.446,-0.076,4.0,5,20211129T160000_5
2021-11-29T22:32:10.979,1.939,-162.019,55.15,397.896,1.028,0.188,0.092,4.0,6,20211129T160000_6
2021-11-29T23:59:25.443,0.407,-161.643,55.396,11978.388,0.037,0.384,-0.006,6.0,7,20211129T160000_7
2021-11-30T00:00:15.776,1.33,-161.695,55.014,0.0,0.169,0.476,0.047,5.0,1,20211130T000000_1
2021-11-30T03:39:29.520,1.962,-161.005,55.116,61000.0,0.298,0.584,0.121,5.999,2,20211130T000000_2
2021-11-30T05:28:08.678,0.4,-161.736,55.349,10021.557,0.434,0.688,-0.005,5.0,3,20211130T000000_3
2021-11-30T05:32:42.765,1.382,-162.423,55.402,0.0,0.132,0.406,0.028,3.764,4,20211130T000000_4
2021-11-30T07:01:22.641,1.279,-161.704,55.21,9602.742,0.766,0.345,0.144,7.0,5,20211130T000000_5
2021-11-30T07:02:53.849,1.418,-161.491,55.32,474.478,0.658,0.311,-0.107,5.0,6,20211130T000000_6
2021-11-30T07:03:18.340,1.095,-161.794,55.309,395.098,0.337,0.071,0.009,3.997,7,20211130T000000_7
2021-11-30T08:02:24.376,-0.598,-161.856,55.357,0.0,0.305,0.596,0.023,4.86,1,20211130T080000_1
2021-11-30T09:02:06.962,1.78,-161.66,55.184,16028.979,0.232,0.255,0.035,4.856,2,20211130T080000_2
2021-11-30T09:10:00.876,1.116,-161.54,55.235,0.0,0.704,0.462,0.107,6.0,3,20211130T080000_3
2021-11-30T09:57:03.548,0.927,-161.566,55.243,1132.474,0.285,0.5,0.064,6.0,4,20211130T080000_4
2021-11-30T10:02:33.757,-0.165,-161.838,55.394,0.0,0.248,0.433,0.043,4.0,5,20211130T080000_5
2021-11-30T10:42:42.644,1.972,-161.008,54.902,55432.777,0.205,0.252,0.001,3.878,6,20211130T080000_6
2021-11-30T12:08:43.851,-0.159,-161.771,55.393,0.0,0.7,1.182,0.242,5.0,7,20211130T080000_7
2021-11-30T12:34:36.342,1.132,-162.287,55.035,14208.125,0.0,0.266,0.0,4.0,8,20211130T080000_8
2021-11-30T13:54:35.097,1.664,-161.528,55.281,22021.447,0.369,0.475,0.047,10.974,9,20211130T080000_9
2021-11-30T13:59:23.054,1.648,-161.183,55.457,0.0,0.99,0.438,0.032,5.0,10,20211130T080000_10
2021-11-30T15:24:16.111,2.076,-161.596,54.905,24395.859,0.62,0.342,-0.021,5.0,11,20211130T080000_11
2021-11-30T15:28:38.664,1.857,-162.433,54.904,1294.956,1.022,0.446,0.248,4.0,12,20211130T080000_12
2021-11-30T15:59:49.619,1.546,-161.986,55.405,61000.0,0.019,0.293,0.004,4.0,1,20211130T160000_1
2021-11-30T16:15:07.578,0.593,-161.76,55.331,0.0,0.204,0.39,0.035,4.0,2,20211130T160000_2
2021-11-30T16:30:25.356,1.576,-161.339,55.301,1560.645,0.382,0.425,0.066,7.888,3,20211130T160000_3
2021-11-30T16:33:34.951,1.027,-162.005,55.008,723.235,1.043,0.557,0.4,5.0,4,20211130T160000_4
2021-11-30T17:50:01.765,1.972,-161.043,55.919,2006.761,0.422,0.464,0.03,3.303,5,20211130T160000_5
2021-11-30T18:47:49.704,2.034,-162.591,54.903,61000.0,0.309,0.21,-0.01,7.232,6,20211130T160000_6
2021-11-30T18:47:50.367,2.135,-161.893,54.905,61000.0,0.309,0.051,-0.002,3.768,7,20211130T160000_7
2021-11-30T19:12:10.601,0.248,-161.678,55.299,0.0,0.344,0.431,0.091,4.0,8,20211130T160000_8
2021-11-30T19:19:26.365,2.018,-161.791,55.238,43582.117,0.524,0.288,0.009,5.415,9,20211130T160000_9
2021-11-30T20:33:04.536,-0.006,-161.863,55.351,0.0,1.089,0.792,0.121,6.999,10,20211130T160000_10
2021-11-30T21:39:04.631,1.627,-161.91,54.923,858.876,0.818,0.399,0.127,4.0,11,20211130T160000_11
2021-11-30T22:56:24.460,1.111,-161.518,55.296,278.286,0.251,0.256,-0.035,6.0,12,20211130T160000_12
2021-11-30T23:02:06.596,0.068,-161.825,55.352,0.0,0.547,0.499,0.043,4.0,13,20211130T160000_13
2021-11-30T23:35:58.099,1.792,-161.48,54.904,27702.569,0.105,0.122,0.006,4.0,14,20211130T160000_14
2021-11-30T23:36:09.720,1.998,-161.459,54.904,33251.184,0.345,0.267,0.026,6.0,15,20211130T160000_15
2021-11-30T23:59:49.170,1.76,-162.15,55.349,61000.0,0.186,0.48,-0.04,6.0,1,20211201T000000_1
2021-12-01T00:21:28.895,1.223,-161.672,55.274,17851.911,0.858,0.379,-0.115,5.0,2,20211201T000000_2
2021-12-01T00:26:27.291,0.211,-161.743,55.423,0.0,0.346,0.556,-0.007,3.848,3,20211201T000000_3
2021-12-01T00:31:16.238,2.149,-161.008,54.902,61000.0,0.925,0.471,0.239,4.896,4,20211201T000000_4
2021-12-01T00:50:59.606,1.423,-161.649,55.366,31797.114,0.871,0.445,-0.208,6.0,5,20211201T000000_5
2021-12-01T01:32:27.057,0.516,-161.927,55.402,0.0,0.51,0.418,-0.007,5.0,6,20211201T000000_6
2021-12-01T01:35:02.793,1.497,-161.395,55.261,2669.799,0.338,0.151,-0.009,6.473,8,20211201T000000_8
2021-12-01T01:35:04.570,1.736,-161.924,55.438,18940.548,0.202,0.151,0.008,5.527,7,20211201T000000_7
2021-12-01T01:35:28.196,0.984,-161.965,55.414,0.0,0.411,0.712,0.04,5.533,9,20211201T000000_9
2021-12-01T02:49:49.283,0.144,-161.786,55.44,12143.972,0.7,0.08,-0.009,5.0,10,20211201T000000_10
2021-12-01T02:51:19.425,1.309,-161.777,55.339,14386.184,0.059,0.406,-0.003,6.0,11,20211201T000000_11
2021-12-01T02:51:41.867,1.359,-161.637,55.438,225.18,0.69,0.087,-0.011,4.0,12,20211201T000000_12
2021-12-01T04:13:23.527,0.969,-161.417,55.283,620.813,0.278,0.184,-0.023,5.051,13,20211201T000000_13
2021-12-01T04:13:50.583,-0.103,-161.817,55.346,0.0,0.226,0.549,0.067,4.0,14,20211201T000000_14
2021-12-01T04:22:37.031,1.352,-161.225,55.137,808.277,0.559,0.282,0.055,5.0,15,20211201T000000_15
2021-12-01T05:27:35.915,0.477,-161.855,55.433,0.0,0.151,0.349,-0.022,3.57,16,20211201T000000_16
2021-12-01T05:36:54.547,0.707,-161.447,55.394,0.0,0.288,0.45,0.067,3.987,17,20211201T000000_17
2021-12-01T06:49:08.472,0.892,-161.54,55.343,9836.802,0.0,0.482,-0.0,4.0,18,20211201T000000_18
2021-12-01T06:53:31.672,1.757,-161.206,55.22,1834.978,0.939,0.336,0.199,4.813,19,20211201T000000_19
2021-12-01T06:59:49.861,2.253,-162.773,54.902,46755.401,0.732,0.457,0.331,5.0,20,20211201T000000_20
2021-12-01T07:59:49.222,1.593,-162.172,55.335,61000.0,0.134,0.4,0.013,6.0,1,20211201T080000_1
2021-12-01T08:10:19.624,0.17,-161.607,55.419,4639.128,0.366,0.4,-0.042,7.0,2,20211201T080000_2
2021-12-01T09:20:19.551,1.335,-161.569,55.299,21576.69,0.191,0.416,0.026,7.0,3,20211201T080000_3
2021-12-01T09:25:41.125,1.853,-162.566,54.903,1502.169,1.128,0.453,0.272,4.0,4,20211201T080000_4
2021-12-01T10:29:16.539,0.799,-161.57,55.365,9476.067,0.66,0.466,-0.061,9.0,5,20211201T080000_5
2021-12-01T10:30:32.220,0.531,-161.829,55.344,0.0,0.734,0.455,0.092,4.0,6,20211201T080000_6
2021-12-01T10:34:26.691,1.886,-161.008,54.902,56121.894,0.834,0.515,0.198,7.279,7,20211201T080000_7
2021-12-01T11:31:05.821,1.457,-161.951,55.371,18845.268,0.423,0.199,-0.033,7.768,8,20211201T080000_8
2021-12-01T11:31:28.591,1.343,-161.625,55.248,2011.929,0.072,0.164,0.003,3.812,9,20211201T080000_9
2021-12-01T11:37:10.622,1.506,-161.007,54.948,16446.916,0.309,0.471,-0.039,5.0,10,20211201T080000_10
2021-12-01T11:44:55.713,1.371,-161.865,55.034,0.0,0.694,0.445,0.094,6.0,11,20211201T080000_11
2021-12-01T14:06:50.084,-0.327,-161.802,55.366,0.0,0.254,0.822,0.127,4.0,12,20211201T080000_12
2021-12-01T14:12:59.470,1.406,-161.908,55.429,61000.0,0.597,0.392,0.155,4.0,13,20211201T080000_13
2021-12-01T14:16:09.256,-0.547,-161.769,55.35,0.0,0.57,0.819,0.208,5.0,14,20211201T080000_14
2021-12-01T15:19:33.082,0.511,-161.949,55.444,0.0,0.393,0.39,0.039,4.0,15,20211201T080000_15
2021-12-01T15:24:36.405,1.375,-162.136,55.034,318.831,1.124,0.469,0.285,3.991,16,20211201T080000_16
2021-12-01T15:59:49.382,1.496,-162.107,55.259,61000.0,0.47,0.47,0.022,9.566,1,20211201T160000_1
2021-12-01T16:26:31.750,1.026,-161.819,55.342,23437.627,0.328,0.346,-0.02,8.0,2,20211201T160000_2
2021-12-01T16:35:10.836,0.528,-161.568,55.376,15282.822,0.234,0.66,0.043,4.997,3,20211201T160000_3
2021-12-01T16:36:33.039,2.086,-161.111,54.902,61000.0,0.248,0.183,0.009,9.0,4,20211201T160000_4
2021-12-01T16:36:41.914,2.29,-161.168,54.903,59456.533,0.487,0.263,0.021,10.0,5,20211201T160000_5
2021-12-01T17:34:15.910,0.885,-162.497,55.177,11414.944,0.311,0.431,-0.054,4.711,6,20211201T160000_6
2021-12-01T17:46:34.451,1.061,-161.41,54.989,44405.741,0.202,0.356,0.035,5.0,7,20211201T160000_7
2021-12-01T18:43:41.839,0.512,-161.838,55.264,522.856,0.631,0.304,0.092,3.789,8,20211201T160000_8
2021-12-01T18:54:35.200,-0.275,-161.817,55.377,0.0,0.802,0.797,0.22,4.0,9,20211201T160000_9
2021-12-01T20:09:27.736,0.04,-161.928,55.337,0.0,0.178,0.547,-0.037,4.0,10,20211201T160000_10
2021-12-01T20:10:40.461,-0.308,-161.845,55.316,26.481,0.857,0.668,0.223,4.0,11,20211201T160000_11
2021-12-01T20:14:23.784,1.818,-161.372,55.004,61000.0,0.598,0.365,0.116,6.0,12,20211201T160000_12
2021-12-01T20:56:37.918,2.12,-161.0,55.275,53606.764,0.239,0.286,-0.021,10.848,13,20211201T160000_13
2021-12-01T20:56:40.757,2.227,-161.784,55.847,61000.0,0.306,0.262,0.024,5.782,14,20211201T160000_14
2021-12-01T21:03:45.395,-0.235,-161.769,55.384,0.0,0.293,0.768,0.107,4.0,15,20211201T160000_15
2021-12-01T21:13:10.398,1.696,-161.1,55.822,2791.973,0.242,0.446,-0.057,4.0,16,20211201T160000_16
2021-12-01T21:13:39.397,0.647,-161.651,55.43,7535.709,0.304,0.402,-0.027,4.0,17,20211201T160000_17
2021-12-01T21:18:48.791,1.778,-162.778,55.139,48585.343,0.327,0.392,0.07,5.0,18,20211201T160000_18
2021-12-01T21:19:18.273,1.721,-162.272,55.425,0.0,0.845,0.359,0.094,5.0,19,20211201T160000_19
2021-12-01T21:23:21.141,2.219,-160.985,55.918,61000.0,0.414,0.449,0.066,4.392,20,20211201T160000_20
2021-12-01T21:24:07.525,0.507,-162.001,55.433,0.0,0.136,0.966,0.059,3.82,21,20211201T160000_21
2021-12-01T22:00:17.108,1.518,-162.398,54.904,61000.0,0.441,0.143,-0.016,5.0,22,20211201T160000_22
2021-12-01T22:22:32.449,1.003,-162.194,55.179,9253.426,0.0,0.445,-0.0,4.0,23,20211201T160000_23
2021-12-01T22:26:48.712,0.724,-161.785,55.419,18747.516,0.027,0.393,0.006,5.0,24,20211201T160000_24
2021-12-01T22:27:34.025,0.799,-161.855,55.32,0.0,0.366,0.519,-0.023,4.0,25,20211201T160000_25
2021-12-01T22:31:39.506,1.66,-161.001,55.216,53776.736,0.545,0.47,0.099,5.722,26,20211201T160000_26
2021-12-01T23:24:03.996,1.751,-160.986,55.878,3576.399,0.353,0.486,-0.032,5.792,27,20211201T160000_27
2021-12-01T23:28:56.988,1.886,-161.96,54.984,61000.0,0.334,0.443,0.087,5.0,28,20211201T160000_28
2021-12-01T23:36:35.209,1.831,-162.425,54.904,0.0,0.802,0.306,0.047,5.0,29,20211201T160000_29
2021-12-01T23:55:35.401,2.335,-161.428,55.31,60447.784,0.468,0.202,0.003,9.686,30,20211201T160000_30
2021-12-01T23:56:08.397,2.774,-161.681,55.368,44194.175,0.946,0.31,0.087,9.0,31,20211201T160000_31
2021-12-01T23:59:50.100,1.219,-161.739,55.324,61000.0,0.648,0.384,0.009,6.0,1,20211202T000000_1
2021-12-02T00:34:20.801,1.806,-160.995,55.495,19098.07,0.518,0.218,-0.02,4.901,2,20211202T000000_2
2021-12-02T00:41:44.048,0.817,-161.675,55.162,1414.206,0.774,0.487,0.196,4.0,3,20211202T000000_3
2021-12-02T00:42:11.086,1.539,-162.773,54.902,61000.0,0.207,0.055,0.008,4.0,4,20211202T000000_4
2021-12-02T00:45:01.574,0.259,-162.0,55.381,1981.849,0.798,0.568,0.271,7.0,5,20211202T000000_5
2021-12-02T01:17:29.666,1.688,-161.215,54.903,36686.854,0.234,0.091,0.015,7.0,6,20211202T000000_6
2021-12-02T01:17:35.637,1.782,-161.158,54.903,61000.0,0.616,0.209,0.046,4.0,7,20211202T000000_7
2021-12-02T01:32:25.441,1.28,-162.074,55.041,0.0,0.859,0.474,0.188,7.0,8,20211202T000000_8
2021-12-02T01:40:34.084,1.88,-161.0,55.269,61000.0,0.39,0.259,0.011,10.186,9,20211202T000000_9
2021-12-02T01:40:39.773,2.288,-161.805,55.832,61000.0,0.342,0.209,0.032,5.85,10,20211202T000000_10
2021-12-02T01:40:39.873,2.274,-162.771,55.131,61000.0,0.965,0.232,-0.047,4.806,11,20211202T000000_11
2021-12-02T02:00:24.520,2.078,-162.695,55.919,61000.0,0.303,0.198,0.018,5.807,12,20211202T000000_12
2021-12-02T02:17:38.774,2.486,-162.656,54.902,8828.552,0.27,0.23,-0.012,10.563,13,20211202T000000_13
2021-12-02T02:17:51.538,2.74,-162.152,54.905,16080.413,0.233,0.248,0.004,7.917,14,20211202T000000_14
2021-12-02T02:29:36.065,2.394,-162.774,54.981,32846.963,0.416,0.285,0.009,9.879,15,20211202T000000_15
2021-12-02T02:44:47.501,1.675,-162.773,54.902,61000.0,0.899,0.136,0.085,7.0,16,20211202T000000_16
2021-12-02T03:00:47.763,0.646,-161.807,55.495,170.444,0.608,0.361,-0.131,4.0,17,20211202T000000_17
2021-12-02T03:01:07.809,1.323,-162.101,55.339,0.0,0.98,0.325,0.213,6.0,18,20211202T000000_18
2021-12-02T03:06:37.216,0.603,-161.561,55.137,0.0,0.434,0.546,0.156,5.0,19,20211202T000000_19
2021-12-02T04:35:31.224,1.764,-161.001,55.212,36790.689,0.587,0.394,0.104,6.0,20,20211202T000000_20
2021-12-02T04:41:16.856,1.53,-161.862,54.994,0.0,0.69,0.201,-0.075,4.008,21,20211202T000000_21
2021-12-02T04:45:45.812,0.075,-161.761,55.418,0.0,0.257,0.663,-0.032,6.0,22,20211202T000000_22
2021-12-02T05:00:00.270,1.246,-162.773,54.902,44393.983,0.757,0.007,0.003,4.0,23,20211202T000000_23
2021-12-02T05:44:39.468,1.883,-161.002,55.178,40416.426,0.334,0.243,0.015,16.0,24,20211202T000000_24
2021-12-02T07:16:08.126,1.807,-162.773,54.902,61000.0,0.988,0.173,0.13,9.002,25,20211202T000000_25
2021-12-02T07:59:46.668,1.425,-162.786,55.483,61000.0,0.08,0.426,0.004,4.0,1,20211202T080000_1
2021-12-02T08:01:58.995,1.003,-161.793,55.23,21831.923,0.0,0.371,0.0,4.0,2,20211202T080000_2
2021-12-02T08:03:06.521,-0.301,-161.81,55.379,0.0,0.612,0.867,0.081,7.0,3,20211202T080000_3
2021-12-02T08:09:00.194,0.924,-161.603,55.36,21335.326,0.463,0.417,0.08,9.0,4,20211202T080000_4
2021-12-02T08:09:39.153,0.464,-161.754,55.316,583.832,0.7,0.33,0.104,5.0,5,20211202T080000_5
2021-12-02T08:14:28.324,0.13,-161.885,55.395,0.0,0.234,0.435,0.02,3.577,6,20211202T080000_6
2021-12-02T08:25:54.356,0.989,-161.743,55.337,23954.088,0.616,0.39,-0.075,10.0,7,20211202T080000_7
2021-12-02T10:35:13.368,0.63,-161.655,55.313,20937.744,0.52,0.464,0.014,7.0,8,20211202T080000_8
2021-12-02T10:36:33.587,0.429,-161.754,55.299,12531.169,0.0,0.416,0.0,4.0,9,20211202T080000_9
2021-12-02T10:40:02.083,0.086,-161.92,55.374,0.0,0.54,0.439,-0.093,3.975,10,20211202T080000_10
2021-12-02T10:42:47.452,1.283,-161.758,55.415,23357.597,0.442,0.399,-0.077,8.0,11,20211202T080000_11
2021-12-02T10:50:03.361,2.273,-161.212,54.903,52716.088,0.319,0.191,0.021,11.0,12,20211202T080000_12
2021-12-02T10:50:09.659,2.573,-161.293,54.903,52381.528,0.62,0.195,0.033,11.0,13,20211202T080000_13
2021-12-02T12:20:12.640,1.252,-161.696,55.27,26425.755,1.083,0.356,-0.034,7.0,14,20211202T080000_14
2021-12-02T12:20:44.604,2.195,-162.475,55.92,16367.466,0.335,0.173,0.038,3.935,15,20211202T080000_15
2021-12-02T12:25:11.966,-0.05,-161.777,55.401,0.0,0.597,0.715,-0.014,4.0,16,20211202T080000_16
2021-12-02T13:10:59.213,1.693,-162.78,55.226,38609.956,0.74,0.395,-0.182,4.74,17,20211202T080000_17
2021-12-02T13:15:52.859,1.076,-162.262,55.012,0.0,0.902,0.382,0.213,4.0,18,20211202T080000_18
2021-12-02T13:28:17.740,0.242,-161.893,55.387,0.0,0.33,0.384,0.008,6.965,19,20211202T080000_19
2021-12-02T13:33:03.802,1.867,-160.985,55.918,61000.0,0.224,0.487,0.016,4.0,20,20211202T080000_20
2021-12-02T13:37:35.987,1.937,-161.249,54.914,60877.687,0.313,0.277,-0.011,17.0,21,20211202T080000_21
2021-12-02T13:41:24.170,2.107,-161.177,54.903,46984.081,0.408,0.163,0.03,11.0,22,20211202T080000_22
2021-12-02T13:41:31.905,2.46,-161.211,54.903,58726.827,0.632,0.237,0.026,9.964,23,20211202T080000_23
2021-12-02T14:16:11.379,1.445,-161.955,54.905,59604.337,0.126,0.11,0.006,6.0,24,20211202T080000_24
2021-12-02T14:37:02.237,0.509,-162.006,55.319,0.0,0.556,0.344,0.056,5.0,25,20211202T080000_25
2021-12-02T14:37:17.889,0.232,-161.817,55.392,0.0,0.214,0.582,0.012,4.453,26,20211202T080000_26
2021-12-02T14:43:01.825,1.85,-162.778,55.157,20248.512,0.336,0.43,0.066,6.319,27,20211202T080000_27
2021-12-02T14:44:14.184,1.359,-161.449,55.304,2602.598,0.169,0.168,0.018,4.0,28,20211202T080000_28
2021-12-02T14:47:13.525,0.009,-161.826,55.389,0.0,0.275,0.572,0.048,6.0,29,20211202T080000_29
2021-12-02T15:52:34.291,1.442,-161.562,55.575,61000.0,0.473,0.453,-0.035,9.0,30,20211202T080000_30
2021-12-02T15:55:36.170,0.37,-161.694,55.309,220.494,0.279,0.571,0.034,4.0,31,20211202T080000_31
2021-12-02T15:59:26.164,1.681,-162.253,54.904,53172.682,0.52,0.381,0.127,4.0,32,20211202T080000_32
2021-12-02T15:59:49.275,1.585,-162.082,55.307,61000.0,0.2,0.353,-0.024,8.0,1,20211202T160000_1
2021-12-02T16:00:06.935,2.263,-162.773,54.902,36241.281,0.339,0.23,-0.052,4.0,2,20211202T160000_2
2021-12-02T16:04:17.412,0.679,-161.794,55.565,1272.531,0.342,0.353,-0.067,6.0,3,20211202T160000_3
2021-12-02T16:05:13.415,0.543,-161.802,55.358,8964.122,0.423,0.672,0.03,8.0,4,20211202T160000_4
2021-12-02T17:21:54.137,0.492,-162.045,55.423,0.0,0.379,0.556,0.003,4.357,5,20211202T160000_5
2021-12-02T17:28:37.466,0.361,-161.606,55.248,50.258,0.046,0.364,0.0,5.0,6,20211202T160000_6
2021-12-02T17:29:43.044,1.298,-162.101,55.307,0.0,0.195,0.278,-0.026,3.975,7,20211202T160000_7
2021-12-02T17:40:09.360,1.464,-162.116,55.605,0.0,0.373,0.161,0.027,4.0,8,20211202T160000_8
2021-12-02T18:38:52.872,0.024,-161.771,55.524,956.904,0.335,0.355,-0.072,4.0,9,20211202T160000_9
2021-12-02T18:45:55.198,1.01,-162.189,55.313,24424.963,0.014,0.385,0.003,5.0,10,20211202T160000_10
2021-12-02T18:49:27.978,1.253,-160.986,55.881,20789.869,0.126,0.101,0.006,3.911,11,20211202T160000_11
2021-12-02T18:52:09.284,0.126,-161.905,55.347,3353.829,0.27,0.55,-0.006,5.0,12,20211202T160000_12
2021-12-02T18:56:18.521,1.67,-161.162,55.241,61000.0,0.807,0.37,0.192,4.0,13,20211202T160000_13
2021-12-02T20:53:01.340,1.742,-161.005,55.03,1625.872,0.102,0.281,0.015,3.655,14,20211202T160000_14
2021-12-02T20:56:09.055,1.709,-161.126,55.849,3007.487,0.636,0.315,-0.098,5.0,15,20211202T160000_15
2021-12-02T21:00:16.244,1.373,-162.026,55.922,43104.676,0.005,0.418,-0.001,4.0,16,20211202T160000_16
2021-12-02T21:08:02.830,1.363,-162.376,55.348,61000.0,0.608,0.583,0.201,6.0,17,20211202T160000_17
2021-12-02T21:22:11.230,1.525,-162.642,54.903,61000.0,0.266,0.058,0.008,5.028,18,20211202T160000_18
2021-12-02T21:22:12.105,1.762,-161.899,54.905,61000.0,0.296,0.147,-0.003,3.972,19,20211202T160000_19
2021-12-02T21:56:52.494,1.926,-162.791,55.721,61000.0,0.439,0.044,0.005,4.0,20,20211202T160000_20
2021-12-02T22:41:36.991,0.204,-161.63,55.373,0.0,0.94,0.361,0.142,5.0,21,20211202T160000_21
2021-12-02T22:46:22.660,1.478,-161.255,55.466,1342.997,0.785,0.459,0.226,4.288,22,20211202T160000_22
2021-12-02T22:46:27.606,1.722,-161.614,55.625,0.0,0.443,0.268,0.007,4.708,23,20211202T160000_23
2021-12-02T22:49:15.476,1.423,-161.229,55.678,1789.993,0.404,0.403,-0.037,3.941,24,20211202T160000_24
2021-12-02T23:44:44.174,0.747,-161.651,55.352,7152.042,0.0,0.301,-0.0,3.71,25,20211202T160000_25
2021-12-02T23:53:33.275,0.558,-161.859,55.417,0.0,0.599,0.272,0.055,7.0,26,20211202T160000_26
2021-12-02T23:58:35.065,1.591,-162.293,54.904,5802.701,0.389,0.597,0.371,6.0,27,20211202T160000_27
2021-12-02T23:59:49.679,1.111,-161.878,55.481,61000.0,0.234,0.538,0.04,8.0,1,20211203T000000_1
2021-12-03T00:49:55.330,1.721,-161.511,55.216,295.796,0.306,0.334,-0.022,6.0,2,20211203T000000_2
2021-12-03T00:50:19.889,1.795,-161.893,55.228,501.366,0.746,0.081,0.037,3.999,3,20211203T000000_3
2021-12-03T00:54:29.597,0.832,-161.854,55.359,16657.214,0.419,0.378,-0.028,8.0,4,20211203T000000_4
2021-12-03T01:01:09.887,-1.025,-161.785,55.368,0.0,0.412,1.306,0.197,4.873,5,20211203T000000_5
2021-12-03T01:49:11.001,1.271,-161.797,55.533,6498.703,0.576,0.228,-0.031,9.042,6,20211203T000000_6
2021-12-03T01:53:31.661,1.804,-161.504,55.202,881.59,0.419,0.309,-0.034,6.956,7,20211203T000000_7
2021-12-03T03:05:35.178,1.595,-161.851,55.48,17801.062,0.31,0.332,-0.029,6.705,8,20211203T000000_8
2021-12-03T03:13:35.854,1.543,-162.773,54.902,61000.0,0.606,0.202,-0.019,6.0,9,20211203T000000_9
2021-12-03T03:14:45.351,1.0,-162.207,55.24,0.0,0.798,0.616,0.384,6.0,10,20211203T000000_10
2021-12-03T04:16:15.164,1.219,-161.817,55.452,20893.352,0.29,0.272,-0.027,8.334,11,20211203T000000_11
2021-12-03T04:19:21.409,1.291,-161.537,55.147,33081.018,0.0,0.392,0.0,4.0,12,20211203T000000_12
2021-12-03T04:21:48.004,0.777,-161.622,55.475,468.969,0.422,0.463,-0.051,5.0,13,20211203T000000_13
2021-12-03T05:20:49.862,1.587,-161.502,55.23,84.892,0.454,0.24,-0.021,5.439,14,20211203T000000_14
2021-12-03T05:21:10.248,1.875,-162.173,55.58,0.0,0.563,0.259,0.085,3.707,15,20211203T000000_15
2021-12-03T05:28:05.443,-0.128,-161.802,55.331,0.0,0.604,0.931,0.124,9.0,16,20211203T000000_16
2021-12-03T06:29:23.904,1.696,-162.169,55.605,47664.703,0.391,0.316,-0.047,4.905,17,20211203T000000_17
2021-12-03T07:34:06.841,0.885,-161.651,55.39,16934.589,0.0,0.415,0.0,3.94,18,20211203T000000_18
2021-12-03T07:34:46.517,1.191,-161.899,55.41,20227.068,0.128,0.248,-0.011,6.665,19,20211203T000000_19
2021-12-03T07:42:17.787,-0.018,-161.756,55.347,0.0,0.585,0.651,0.22,6.0,20,20211203T000000_20
2021-12-03T07:59:49.468,1.761,-162.035,55.274,61000.0,0.284,0.476,-0.017,7.0,1,20211203T080000_1
2021-12-03T08:35:33.894,1.928,-161.218,54.903,51316.467,0.44,0.164,0.036,8.0,2,20211203T080000_2
2021-12-03T08:35:44.854,1.917,-161.337,54.904,51012.924,0.422,0.152,-0.015,6.0,3,20211203T080000_3
2021-12-03T08:37:00.054,1.817,-161.201,54.903,53145.459,0.285,0.244,-0.003,6.979,4,20211203T080000_4
2021-12-03T08:37:28.416,0.434,-161.918,55.131,5496.095,0.0,0.229,-0.0,3.933,5,20211203T080000_5
2021-12-03T08:57:34.233,1.126,-161.923,55.354,16996.961,0.422,0.449,-0.036,10.631,6,20211203T080000_6
2021-12-03T08:57:49.736,2.05,-161.224,55.752,445.81,0.218,0.212,0.013,3.862,7,20211203T080000_7
2021-12-03T08:58:22.484,0.343,-161.83,55.286,380.714,0.506,0.302,0.016,4.0,8,20211203T080000_8
2021-12-03T09:01:47.467,0.14,-161.424,55.321,594.584,0.296,0.179,0.011,5.0,9,20211203T080000_9
2021-12-03T09:02:59.739,1.174,-161.841,55.452,16658.893,0.361,0.249,-0.027,7.059,10,20211203T080000_10
2021-12-03T09:05:20.126,0.289,-161.691,55.391,8337.994,0.146,0.415,-0.039,4.647,11,20211203T080000_11
2021-12-03T09:08:20.224,-0.825,-161.796,55.38,0.0,0.827,0.901,0.296,7.0,12,20211203T080000_12
2021-12-03T09:11:05.961,1.584,-162.533,54.903,14554.187,0.361,0.446,0.168,6.0,13,20211203T080000_13
2021-12-03T09:13:30.234,0.773,-162.127,55.154,0.0,0.514,0.677,0.099,6.0,14,20211203T080000_14
2021-12-03T10:31:42.208,1.842,-162.773,55.047,47331.189,0.212,0.263,0.027,10.671,15,20211203T080000_15
2021-12-03T10:32:50.474,1.801,-161.483,55.203,2450.805,0.471,0.251,-0.022,7.974,16,20211203T080000_16
2021-12-03T10:33:52.675,2.039,-161.442,55.291,57805.578,0.0,0.192,0.0,4.0,17,20211203T080000_17
2021-12-03T10:45:25.758,1.073,-161.344,55.412,16220.409,0.67,0.297,0.038,6.0,18,20211203T080000_18
2021-12-03T11:09:31.608,1.708,-161.352,54.904,57667.209,0.223,0.314,-0.029,3.643,19,20211203T080000_19
2021-12-03T12:37:22.908,1.213,-161.951,55.376,19632.91,0.369,0.283,0.022,10.217,20,20211203T080000_20
2021-12-03T12:43:57.576,0.596,-161.784,55.475,0.0,0.297,0.328,0.035,5.728,21,20211203T080000_21
2021-12-03T12:44:42.522,1.494,-161.055,54.921,4826.707,1.01,0.367,-0.009,7.0,22,20211203T080000_22
2021-12-03T12:49:41.066,1.238,-161.572,55.189,0.0,0.638,0.42,-0.025,8.0,23,20211203T080000_23
2021-12-03T13:31:55.959,1.737,-161.01,54.902,61000.0,0.463,0.25,-0.04,7.0,24,20211203T080000_24
2021-12-03T13:35:31.517,2.446,-162.773,54.902,61000.0,0.599,0.261,0.013,7.511,25,20211203T080000_25
2021-12-03T13:35:34.368,2.044,-161.718,54.905,55688.593,0.791,0.405,-0.086,7.198,26,20211203T080000_26
2021-12-03T15:05:04.215,1.275,-161.823,55.385,24335.528,0.427,0.273,-0.042,9.56,27,20211203T080000_27
2021-12-03T15:06:46.486,-0.034,-161.853,55.404,982.962,1.078,0.407,0.179,6.0,28,20211203T080000_28
2021-12-03T15:12:35.011,1.359,-161.527,54.904,416.06,0.722,0.506,0.215,4.0,29,20211203T080000_29
2021-12-03T15:59:47.840,1.428,-162.45,55.355,61000.0,0.434,0.339,-0.023,10.0,1,20211203T160000_1
2021-12-03T16:51:15.311,-0.121,-161.779,55.384,0.0,0.685,0.79,0.121,5.0,2,20211203T160000_2
2021-12-03T16:53:35.929,1.02,-161.84,55.436,18228.924,0.461,0.248,-0.054,9.766,3,20211203T160000_3
2021-12-03T16:53:47.114,1.712,-162.079,55.777,0.0,0.225,0.257,0.027,3.76,4,20211203T160000_4
2021-12-03T16:57:11.903,-0.159,-161.815,55.356,0.0,0.995,0.644,0.329,5.0,5,20211203T160000_5
2021-12-03T17:01:52.533,0.947,-161.366,55.523,717.511,0.54,0.401,0.137,4.0,6,20211203T160000_6
2021-12-03T18:54:46.045,1.141,-161.88,54.905,61000.0,0.245,0.204,0.028,3.389,7,20211203T160000_7
2021-12-03T19:02:22.658,1.017,-161.932,55.294,19014.074,0.611,0.344,-0.092,7.0,8,20211203T160000_8
2021-12-03T19:20:15.541,1.538,-162.539,54.903,43413.102,0.358,0.205,0.006,5.0,9,20211203T160000_9
2021-12-03T19:20:20.551,1.608,-162.541,54.903,44989.497,0.56,0.237,0.013,5.0,10,20211203T160000_10
2021-12-03T19:22:16.682,1.825,-161.437,54.904,61000.0,0.84,0.069,-0.008,4.099,12,20211203T160000_12
2021-12-03T19:22:17.172,1.675,-162.773,54.902,61000.0,0.917,0.176,0.019,6.901,11,20211203T160000_11
2021-12-03T22:00:41.299,2.098,-162.582,54.903,42373.912,0.481,0.287,0.086,5.0,13,20211203T160000_13
2021-12-03T22:37:16.521,1.399,-160.997,55.397,13736.105,0.336,0.355,0.02,5.0,14,20211203T160000_14
2021-12-03T23:35:19.477,1.457,-161.413,54.904,29702.022,0.205,0.058,0.008,4.0,15,20211203T160000_15
2021-12-03T23:35:31.100,1.636,-161.407,54.904,29623.614,0.277,0.144,0.024,5.0,16,20211203T160000_16
2021-12-03T23:59:49.605,1.614,-161.943,55.297,61000.0,0.408,0.355,0.026,8.0,1,20211204T000000_1
2021-12-04T00:30:27.483,-0.873,-161.79,55.368,0.0,0.782,0.905,0.919,7.0,2,20211204T000000_2
2021-12-04T00:38:17.968,1.633,-162.211,54.904,0.0,0.284,0.504,0.021,8.817,3,20211204T000000_3
2021-12-04T00:38:30.674,2.061,-162.46,54.904,24923.776,0.52,0.315,0.005,6.901,4,20211204T000000_4
2021-12-04T02:33:25.299,-0.08,-161.795,55.328,3313.427,0.694,0.647,0.103,4.0,5,20211204T000000_5
2021-12-04T04:02:32.760,1.763,-162.773,54.902,61000.0,0.893,0.256,0.138,9.008,6,20211204T000000_6
2021-12-04T04:09:43.165,2.584,-160.999,55.328,56553.944,0.304,0.238,0.031,10.984,7,20211204T000000_7
2021-12-04T04:09:56.287,2.787,-161.001,55.217,37059.711,0.537,0.215,0.031,9.971,8,20211204T000000_8
2021-12-04T04:32:42.948,1.323,-161.004,55.105,29533.708,0.608,0.42,0.17,4.0,9,20211204T000000_9
2021-12-04T06:03:50.478,1.389,-161.354,55.488,39354.177,0.346,0.401,0.078,6.0,10,20211204T000000_10
2021-12-04T07:03:28.996,1.096,-161.799,55.266,21292.564,0.445,0.343,0.037,8.0,11,20211204T000000_11
2021-12-04T07:04:09.732,1.429,-162.025,55.355,6898.095,0.022,0.291,0.003,3.29,12,20211204T000000_12
2021-12-04T07:09:49.674,1.36,-160.997,55.41,4146.904,0.222,0.435,0.062,5.0,13,20211204T000000_13
2021-12-04T07:37:15.584,1.126,-162.188,54.905,0.0,0.196,0.472,0.027,5.91,14,20211204T000000_14
2021-12-04T07:37:32.187,1.321,-162.175,54.905,329.516,0.491,0.213,0.031,4.0,15,20211204T000000_15
2021-12-04T07:59:49.275,1.533,-162.081,55.307,61000.0,0.2,0.479,-0.024,7.864,1,20211204T080000_1
2021-12-04T09:08:38.185,0.08,-161.903,55.388,0.0,0.272,0.375,-0.017,3.926,2,20211204T080000_2
2021-12-04T09:10:01.862,0.988,-161.885,55.435,0.0,0.467,0.257,0.041,5.627,3,20211204T080000_3
2021-12-04T09:21:54.605,1.978,-161.707,55.616,30926.997,0.242,0.275,-0.039,5.0,4,20211204T080000_4
2021-12-04T09:46:54.536,1.273,-162.182,54.905,0.0,0.237,0.305,0.035,4.0,5,20211204T080000_5
2021-12-04T09:47:11.185,1.258,-162.276,54.904,0.0,0.277,0.585,0.017,4.862,6,20211204T080000_6
2021-12-04T12:03:47.369,1.733,-162.158,54.905,1862.333,0.538,0.15,-0.002,4.0,7,20211204T080000_7
2021-12-04T14:00:13.283,1.999,-161.008,54.902,61000.0,0.48,0.433,0.064,4.0,8,20211204T080000_8
2021-12-04T14:02:28.408,1.742,-161.524,55.302,56953.693,0.0,0.244,0.0,3.532,9,20211204T080000_9
2021-12-04T14:06:08.716,1.65,-161.483,55.277,3854.923,0.216,0.371,-0.007,6.0,10,20211204T080000_10
2021-12-04T15:52:46.179,1.366,-161.606,55.258,16371.351,0.509,0.326,0.016,9.0,11,20211204T080000_11
2021-12-04T15:57:48.641,1.239,-161.824,55.448,15403.958,0.253,0.285,0.007,5.991,12,20211204T080000_12
2021-12-04T15:58:10.380,0.984,-162.014,55.409,0.0,0.926,0.609,0.079,4.947,13,20211204T080000_13
2021-12-04T17:28:52.630,0.738,-161.783,55.243,32323.413,0.0,0.181,-0.0,4.0,1,20211204T160000_1
2021-12-04T17:34:15.100,0.715,-161.824,55.464,44.011,0.457,0.366,-0.1,3.979,2,20211204T160000_2
2021-12-04T17:39:59.703,2.13,-161.745,55.519,9889.043,0.28,0.268,-0.028,20.0,3,20211204T160000_3
2021-12-04T17:40:58.164,1.612,-161.755,55.519,9503.58,0.317,0.159,-0.024,16.0,4,20211204T160000_4
2021-12-04T19:15:55.735,0.939,-161.873,55.43,4729.64,0.061,0.27,-0.009,4.871,5,20211204T160000_5
2021-12-04T20:15:07.525,-0.182,-161.896,55.409,0.0,0.151,0.325,-0.03,4.0,6,20211204T160000_6
2021-12-04T20:16:10.729,1.144,-161.655,55.305,15730.225,0.287,0.183,0.019,4.933,7,20211204T160000_7
2021-12-04T20:16:44.661,2.23,-162.783,55.37,0.0,0.215,0.222,-0.013,3.573,8,20211204T160000_8
2021-12-04T20:22:02.777,1.532,-162.385,54.904,61000.0,0.275,0.399,0.093,5.003,9,20211204T160000_9
2021-12-04T20:34:01.672,1.498,-161.205,54.903,20817.45,0.169,0.302,0.017,3.65,10,20211204T160000_10
2021-12-04T22:24:10.195,0.17,-161.519,55.305,488.266,0.562,0.556,-0.132,6.0,11,20211204T160000_11
2021-12-04T22:26:24.882,1.569,-161.286,55.341,335.689,0.399,0.328,-0.022,7.897,12,20211204T160000_12
2021-12-04T22:26:44.156,2.031,-160.985,55.918,58911.113,0.421,0.386,-0.09,4.0,13,20211204T160000_13
2021-12-04T22:27:52.935,0.099,-161.795,55.356,0.0,0.594,0.659,0.221,6.0,14,20211204T160000_14
2021-12-04T22:28:05.395,0.959,-161.89,55.423,0.0,0.163,0.297,-0.013,5.0,15,20211204T160000_15
2021-12-04T22:28:23.396,1.351,-162.027,55.421,0.0,0.305,0.762,-0.017,4.0,16,20211204T160000_16
2021-12-04T22:45:55.272,1.543,-162.364,54.904,56425.951,0.183,0.043,-0.002,4.0,17,20211204T160000_17
2021-12-04T22:46:45.071,1.417,-161.873,55.432,16156.666,0.479,0.274,-0.06,9.0,18,20211204T160000_18
2021-12-04T23:38:05.274,0.807,-161.483,54.904,17315.732,0.456,0.574,-0.056,3.639,19,20211204T160000_19
2021-12-04T23:40:35.209,0.859,-161.427,55.382,651.016,0.397,0.379,0.161,5.0,20,20211204T160000_20
2021-12-04T23:44:55.951,0.286,-161.716,55.565,1232.35,0.061,0.475,-0.018,4.0,21,20211204T160000_21
2021-12-04T23:45:31.992,0.562,-162.065,55.255,10207.963,0.511,0.444,0.004,6.0,22,20211204T160000_22
2021-12-04T23:53:27.623,0.975,-161.867,55.441,145.919,0.583,0.241,0.032,7.0,23,20211204T160000_23
2021-12-04T23:53:48.317,1.405,-161.821,55.285,439.939,0.403,0.097,0.02,3.948,24,20211204T160000_24
2021-12-04T23:56:39.537,0.998,-161.359,55.23,2444.498,0.593,0.466,-0.029,4.761,25,20211204T160000_25
2021-12-04T23:59:08.629,2.721,-162.501,55.158,61000.0,0.348,0.311,0.001,10.985,26,20211204T160000_26
2021-12-04T23:59:48.224,1.93,-162.362,55.373,61000.0,0.497,0.338,-0.043,10.0,1,20211205T000000_1
2021-12-05T01:02:21.283,2.349,-162.432,54.904,22168.831,0.195,0.277,0.021,9.507,2,20211205T000000_2
2021-12-05T01:03:05.507,2.632,-162.412,54.904,16182.632,0.386,0.377,0.002,7.715,3,20211205T000000_3
2021-12-05T01:13:40.958,1.891,-161.015,55.158,61000.0,0.286,0.256,-0.01,5.634,4,20211205T000000_4
2021-12-05T02:48:18.979,0.274,-162.038,55.429,0.0,0.309,0.529,-0.068,4.0,5,20211205T000000_5
2021-12-05T03:52:53.791,-0.939,-161.858,55.345,0.0,0.695,0.943,0.363,4.0,6,20211205T000000_6
2021-12-05T03:59:26.095,1.682,-161.583,54.905,61000.0,0.413,0.145,0.028,7.0,7,20211205T000000_7
2021-12-05T07:59:49.016,1.527,-162.274,55.379,61000.0,0.44,0.465,0.046,7.0,1,20211205T080000_1
2021-12-05T09:16:27.367,1.919,-161.656,54.905,61000.0,0.627,0.214,-0.011,9.931,2,20211205T080000_2
2021-12-05T15:59:49.711,1.74,-161.912,55.475,61000.0,0.3,0.461,0.054,6.0,1,20211205T160000_1
2021-12-05T17:33:52.490,0.287,-161.795,55.351,0.0,0.05,0.635,0.021,4.0,2,20211205T160000_2
2021-12-05T17:34:30.673,0.651,-161.684,55.146,0.0,0.375,0.396,0.085,4.0,3,20211205T160000_3
2021-12-05T17:36:11.716,0.635,-161.674,55.484,593.952,0.645,0.357,-0.118,5.0,4,20211205T160000_4
2021-12-05T20:52:49.673,0.583,-161.938,55.347,0.0,0.558,0.608,0.145,5.0,5,20211205T160000_5
2021-12-06T00:04:59.190,0.537,-161.9,55.398,0.0,0.566,0.486,0.109,5.0,1,20211206T000000_1
2021-12-06T01:30:01.760,1.828,-162.133,54.905,0.0,0.275,0.408,0.011,9.931,2,20211206T000000_2
2021-12-06T01:30:10.057,2.367,-162.439,54.904,26797.073,0.401,0.179,0.006,4.847,3,20211206T000000_3
2021-12-06T04:04:46.914,1.352,-161.774,55.623,1703.177,0.289,0.467,-0.073,4.0,4,20211206T000000_4
2021-12-06T04:08:57.362,1.823,-162.773,54.902,61000.0,0.894,0.55,0.323,3.931,5,20211206T000000_5
2021-12-06T07:37:43.970,1.086,-161.442,55.173,141.679,0.02,0.429,-0.001,4.0,6,20211206T000000_6
2021-12-06T08:16:10.414,2.447,-161.006,54.993,61000.0,0.691,0.205,0.061,10.535,1,20211206T080000_1
2021-12-06T08:16:41.390,2.742,-161.027,55.471,61000.0,0.622,0.352,0.132,5.0,2,20211206T080000_2
2021-12-06T08:21:39.300,0.58,-161.904,55.402,0.0,0.453,0.41,0.02,5.0,3,20211206T080000_3
2021-12-06T08:32:47.444,1.563,-161.002,55.185,35682.748,0.732,0.397,0.193,3.915,4,20211206T080000_4
2021-12-06T11:46:45.025,2.268,-161.006,54.987,61000.0,0.195,0.336,-0.045,5.535,5,20211206T080000_5
2021-12-06T12:18:24.540,0.589,-161.919,55.429,5003.043,0.094,0.43,0.023,5.0,6,20211206T080000_6
2021-12-06T12:24:03.763,1.108,-161.963,55.162,0.0,0.515,0.496,0.112,4.0,7,20211206T080000_7
2021-12-06T13:16:08.551,2.76,-161.571,54.904,61000.0,0.685,0.157,-0.032,12.675,8,20211206T080000_8
2021-12-06T13:16:16.854,2.617,-161.622,54.905,32594.839,0.562,0.185,-0.03,9.325,9,20211206T080000_9
2021-12-06T15:44:54.011,2.299,-162.126,54.905,61000.0,0.838,0.392,-0.227,17.0,10,20211206T080000_10
2021-12-06T15:59:49.650,1.534,-161.954,55.405,61000.0,0.03,0.331,0.005,4.0,1,20211206T160000_1
2021-12-06T17:19:43.499,1.767,-162.428,54.904,18510.7,0.361,0.306,-0.026,5.992,2,20211206T160000_2
2021-12-06T17:19:59.463,1.992,-162.576,54.903,9431.192,0.974,0.387,-0.062,4.653,3,20211206T160000_3
2021-12-06T22:21:27.918,2.357,-161.293,55.43,61000.0,0.568,0.27,0.016,13.821,4,20211206T160000_4
2021-12-06T23:59:49.251,1.722,-162.142,55.333,61000.0,0.203,0.45,0.012,8.0,1,20211207T000000_1
2021-12-07T00:05:02.138,0.381,-161.72,55.419,30099.342,0.487,0.285,0.061,5.0,2,20211207T000000_2
2021-12-07T01:34:27.503,1.902,-162.784,55.422,0.0,0.286,0.239,-0.017,14.0,3,20211207T000000_3
2021-12-07T06:10:27.761,1.228,-161.815,55.439,16198.86,0.523,0.346,-0.08,7.477,4,20211207T000000_4
2021-12-07T07:59:49.147,1.698,-162.175,55.35,61000.0,0.199,0.425,-0.001,7.0,1,20211207T080000_1
2021-12-07T08:16:22.602,0.947,-161.04,55.45,48169.157,0.0,0.16,0.0,4.0,2,20211207T080000_2
2021-12-07T10:38:57.489,1.667,-162.177,54.933,26420.122,0.0,0.256,0.0,4.0,3,20211207T080000_3
2021-12-07T11:17:09.887,0.058,-161.821,55.425,99.462,0.124,0.341,-0.02,4.0,4,20211207T080000_4
2021-12-07T11:17:30.658,0.505,-161.884,55.303,0.0,1.086,0.446,0.304,5.0,5,20211207T080000_5
2021-12-07T11:23:48.346,0.371,-162.035,55.326,0.0,0.479,0.585,0.069,5.0,6,20211207T080000_6
2021-12-07T11:30:10.341,1.723,-161.002,55.153,31865.373,0.619,0.508,0.133,7.0,7,20211207T080000_7
2021-12-07T12:50:00.829,2.086,-161.167,54.903,41989.095,0.363,0.259,0.019,11.0,8,20211207T080000_8
2021-12-07T12:50:11.809,2.179,-161.297,54.903,44048.612,0.55,0.266,0.069,9.0,9,20211207T080000_9
2021-12-07T13:45:15.291,1.588,-161.393,55.62,34163.877,0.0,0.451,-0.0,3.751,10,20211207T080000_10
2021-12-07T13:47:07.359,1.829,-161.003,55.129,6822.759,0.386,0.452,0.125,6.0,11,20211207T080000_11
2021-12-07T13:51:02.228,0.95,-162.128,55.066,0.0,0.626,0.454,0.162,4.0,12,20211207T080000_12
2021-12-07T15:59:49.265,1.573,-162.099,55.324,61000.0,0.196,0.553,-0.042,6.0,1,20211207T160000_1
2021-12-07T17:07:13.710,0.086,-161.728,55.415,108.963,0.631,0.478,-0.081,4.0,2,20211207T160000_2
2021-12-07T17:12:45.655,1.238,-161.841,55.325,20745.387,0.34,0.393,-0.01,7.0,3,20211207T160000_3
2021-12-07T18:47:57.663,-0.237,-161.778,55.369,0.0,0.263,1.217,0.209,4.0,4,20211207T160000_4
2021-12-07T18:53:56.292,1.273,-161.629,55.361,19221.448,0.28,0.339,0.037,8.0,5,20211207T160000_5
2021-12-07T21:13:50.093,0.275,-161.568,55.393,6721.11,0.433,0.422,0.092,7.0,6,20211207T160000_6
2021-12-07T21:19:21.259,1.69,-161.004,55.104,869.791,0.387,0.552,0.11,5.0,7,20211207T160000_7
2021-12-07T21:50:33.266,2.104,-162.771,54.902,61000.0,0.586,0.304,-0.086,10.0,8,20211207T160000_8
2021-12-07T22:53:31.200,1.845,-162.773,54.902,61000.0,0.921,0.195,0.019,6.0,9,20211207T160000_9
2021-12-07T23:59:49.507,1.726,-162.025,55.323,61000.0,0.354,0.443,0.004,7.0,1,20211208T000000_1
2021-12-08T02:53:13.755,1.889,-162.773,54.902,56297.154,0.916,0.181,-0.003,5.713,2,20211208T000000_2
2021-12-08T02:53:26.253,1.663,-162.631,54.903,8284.831,0.504,0.32,-0.062,5.287,3,20211208T000000_3
2021-12-08T07:21:08.163,2.535,-162.773,54.902,61000.0,1.117,0.251,-0.077,21.0,4,20211208T000000_4
2021-12-08T07:36:55.235,2.021,-161.001,55.218,38518.13,0.555,0.245,-0.019,8.0,5,20211208T000000_5
2021-12-08T07:37:13.191,2.04,-161.0,55.278,15650.291,0.691,0.15,-0.054,7.0,6,20211208T000000_6
2021-12-08T07:59:56.550,0.481,-161.899,55.432,18145.529,0.18,0.544,0.014,6.0,1,20211208T080000_1
2021-12-08T15:59:02.081,2.45,-161.008,54.902,61000.0,0.548,0.237,0.003,20.0,2,20211208T080000_2
2021-12-08T15:59:47.881,1.929,-161.675,55.753,61000.0,0.582,0.366,0.0,8.0,1,20211208T160000_1
2021-12-08T21:24:40.142,1.924,-161.258,54.903,57023.243,0.527,0.309,-0.097,5.867,2,20211208T160000_2
2021-12-08T23:03:31.933,0.911,-162.157,55.025,0.0,0.581,0.275,0.032,6.0,3,20211208T160000_3
2021-12-08T23:59:49.344,1.612,-162.048,55.284,61000.0,0.247,0.404,-0.019,9.0,1,20211209T000000_1
2021-12-09T00:16:57.589,1.878,-162.767,54.902,38675.933,0.564,0.21,-0.001,5.0,2,20211209T000000_2
2021-12-09T02:12:49.294,1.62,-162.786,55.518,61000.0,0.367,0.403,-0.072,4.0,3,20211209T000000_3
2021-12-09T07:59:48.455,1.837,-162.381,55.298,61000.0,0.289,0.471,0.053,6.0,1,20211209T080000_1
2021-12-09T14:15:49.935,1.477,-162.384,55.091,0.0,0.895,0.568,0.263,5.0,2,20211209T080000_2
2021-12-09T15:50:17.438,2.315,-161.021,54.902,31270.076,0.063,0.161,-0.006,4.0,3,20211209T080000_3
2021-12-09T15:50:32.599,1.98,-161.38,54.961,30918.662,0.551,0.244,0.085,6.0,4,20211209T080000_4
2021-12-09T23:59:49.265,1.855,-162.099,55.324,61000.0,0.196,0.617,-0.038,6.0,1,20211210T000000_1
2021-12-10T06:58:07.742,1.951,-161.323,54.904,61000.0,0.966,0.364,-0.156,8.025,2,20211210T000000_2
2021-12-10T06:58:20.891,1.248,-161.405,54.904,1159.894,0.24,0.234,-0.007,3.975,3,20211210T000000_3
2021-12-10T07:59:49.831,0.921,-161.94,55.383,61000.0,0.3,0.566,-0.014,3.157,1,20211210T080000_1
2021-12-10T08:37:24.292,2.612,-161.69,54.905,61000.0,0.597,0.273,-0.044,20.0,2,20211210T080000_2
2021-12-10T15:59:49.251,1.853,-162.142,55.332,61000.0,0.203,0.412,0.006,8.0,1,20211210T160000_1
2021-12-10T17:51:19.563,2.094,-162.773,54.902,61000.0,0.577,0.082,-0.004,5.318,2,20211210T160000_2
2021-12-10T18:09:34.475,1.23,-162.297,54.904,3119.893,0.291,0.434,-0.009,4.918,3,20211210T160000_3
2021-12-10T20:39:33.115,1.649,-162.485,54.903,44819.757,0.344,0.107,0.009,5.02,4,20211210T160000_4
2021-12-11T12:09:26.418,2.003,-162.773,54.902,61000.0,0.925,0.216,-0.072,4.043,1,20211211T080000_1
2021-12-11T14:16:11.957,2.003,-162.773,54.902,60696.544,0.742,0.199,-0.013,4.941,2,20211211T080000_2
2021-12-11T15:59:50.239,1.027,-161.982,55.403,57172.388,0.0,0.076,-0.0,4.0,1,20211211T160000_1
2021-12-11T20:04:04.866,1.282,-162.334,54.904,0.0,0.076,0.28,-0.013,3.645,2,20211211T160000_2
2021-12-11T23:59:49.657,1.74,-161.926,55.415,61000.0,0.035,0.464,0.002,6.0,1,20211212T000000_1
2021-12-12T00:27:14.398,1.121,-162.196,54.905,753.338,0.374,0.317,0.047,5.0,2,20211212T000000_2
2021-12-12T05:25:27.189,2.423,-162.773,54.922,61000.0,0.471,0.353,0.025,11.001,4,20211212T000000_4
2021-12-12T05:25:31.842,2.611,-162.764,54.902,52312.045,0.205,0.448,-0.029,7.999,3,20211212T000000_3
2021-12-12T07:59:49.173,1.545,-162.133,55.342,61000.0,0.185,0.466,-0.057,5.0,1,20211212T080000_1
2021-12-12T09:50:24.842,1.683,-161.514,54.904,26182.76,0.143,0.23,0.009,4.0,2,20211212T080000_2
2021-12-12T09:50:36.719,1.859,-161.435,54.904,30529.032,0.165,0.286,-0.002,4.0,3,20211212T080000_3
2021-12-12T09:55:55.434,3.275,-161.072,55.309,61000.0,0.384,0.214,0.0,11.0,4,20211212T080000_4
2021-12-12T09:56:22.619,3.829,-161.115,55.164,60678.591,0.003,0.183,-0.0,3.698,5,20211212T080000_5
2021-12-12T12:41:37.427,2.368,-162.529,54.903,268.882,0.323,0.42,0.017,8.71,6,20211212T080000_6
2021-12-12T15:59:49.747,1.398,-161.802,55.345,61000.0,0.047,0.525,-0.007,5.0,1,20211212T160000_1
2021-12-12T16:50:34.025,1.752,-162.784,55.429,13656.22,0.402,0.281,-0.08,15.0,2,20211212T160000_2
2021-12-12T17:54:26.334,2.124,-162.782,55.314,61000.0,1.282,0.39,0.131,6.0,3,20211212T160000_3
2021-12-12T18:25:26.990,2.624,-161.931,54.905,42317.907,0.358,0.321,-0.042,11.0,4,20211212T160000_4
2021-12-12T18:25:30.630,2.78,-161.971,54.905,46579.41,0.626,0.258,-0.064,10.0,5,20211212T160000_5
2021-12-12T23:14:49.477,0.368,-162.348,54.992,423.448,0.035,0.73,0.004,4.0,6,20211212T160000_6
2021-12-12T23:59:48.464,1.062,-162.378,55.447,61000.0,0.325,0.452,0.02,5.0,1,20211213T000000_1
2021-12-13T05:58:12.691,0.694,-161.829,55.335,2696.254,1.001,0.366,0.052,16.0,2,20211213T000000_2
2021-12-13T07:59:49.270,1.605,-162.116,55.33,61000.0,0.194,0.409,-0.023,7.0,1,20211213T080000_1
2021-12-13T08:03:06.460,1.68,-162.134,54.905,61000.0,0.335,0.081,-0.003,5.0,2,20211213T080000_2
2021-12-13T13:50:23.663,2.05,-161.294,55.341,38328.039,0.22,0.12,-0.011,8.698,3,20211213T080000_3
2021-12-13T14:42:32.845,2.2,-161.35,54.904,32752.641,0.197,0.18,0.012,9.944,4,20211213T080000_4
2021-12-13T14:42:43.473,2.513,-161.413,54.904,44842.656,0.754,0.241,0.043,9.974,5,20211213T080000_5
2021-12-13T15:59:49.718,1.609,-161.905,55.451,61000.0,0.237,0.368,0.032,6.0,1,20211213T160000_1
2021-12-13T19:32:54.791,1.89,-162.675,54.902,11221.085,0.25,0.376,-0.021,7.685,2,20211213T160000_2
2021-12-13T19:33:03.192,1.954,-162.646,55.021,37644.915,0.297,0.294,0.012,5.0,3,20211213T160000_3
2021-12-13T23:59:49.741,1.514,-161.832,55.356,61000.0,0.275,0.436,-0.002,5.0,1,20211214T000000_1
2021-12-14T00:02:38.151,2.827,-161.285,55.214,61000.0,0.7,0.168,0.031,11.0,2,20211214T000000_2
2021-12-14T00:03:00.446,3.439,-161.235,54.903,41007.73,0.151,0.191,0.018,3.771,3,20211214T000000_3
2021-12-14T01:23:10.030,2.795,-161.005,55.031,38962.86,0.578,0.203,0.078,9.593,4,20211214T000000_4
2021-12-14T01:23:30.960,3.183,-161.439,55.311,61000.0,0.33,0.243,-0.011,6.598,5,20211214T000000_5
2021-12-14T03:23:48.279,0.791,-161.804,55.355,0.0,0.113,0.415,0.001,3.558,6,20211214T000000_6
2021-12-14T04:37:49.041,2.202,-161.044,55.256,61000.0,0.209,0.366,-0.033,7.0,7,20211214T000000_7
2021-12-14T04:38:33.320,1.266,-161.911,55.187,10421.591,0.0,0.118,0.0,3.572,8,20211214T000000_8
2021-12-14T05:51:06.151,2.033,-161.008,54.902,61000.0,0.613,0.28,-0.009,6.754,9,20211214T000000_9
2021-12-14T07:19:10.766,1.122,-161.88,55.431,0.0,0.414,0.38,0.072,6.0,10,20211214T000000_10
2021-12-14T10:44:00.742,1.059,-161.55,55.357,17630.213,0.235,0.236,0.035,6.0,1,20211214T080000_1
2021-12-14T12:50:16.511,1.358,-161.457,55.272,798.154,0.402,0.283,-0.054,7.301,2,20211214T080000_2
2021-12-14T12:53:15.859,1.448,-161.377,55.296,0.0,0.38,0.321,-0.176,8.0,3,20211214T080000_3
2021-12-14T13:00:24.680,1.31,-160.999,55.307,0.0,0.745,0.586,0.267,5.0,4,20211214T080000_4
2021-12-14T13:17:27.371,1.911,-161.488,54.904,27474.593,0.061,0.249,0.005,4.0,5,20211214T080000_5
2021-12-14T15:59:49.655,1.749,-161.957,55.407,61000.0,0.03,0.508,0.009,5.0,1,20211214T160000_1
2021-12-14T18:31:30.035,2.386,-161.002,55.188,61000.0,0.47,0.257,0.006,17.926,2,20211214T160000_2
2021-12-14T19:06:21.343,2.408,-161.187,54.918,56987.724,0.487,0.228,0.032,12.0,3,20211214T160000_3
2021-12-14T19:06:43.736,2.232,-162.075,55.214,61000.0,0.289,0.24,-0.029,4.795,4,20211214T160000_4
2021-12-14T20:57:02.210,1.884,-161.068,54.902,42036.858,0.221,0.337,-0.001,5.0,5,20211214T160000_5
2021-12-14T20:57:13.231,1.918,-161.193,54.903,38942.209,0.545,0.315,0.042,6.0,6,20211214T160000_6
2021-12-14T23:26:26.951,2.509,-160.999,55.315,61000.0,0.362,0.199,0.015,10.659,7,20211214T160000_7
2021-12-14T23:26:32.097,3.294,-161.839,55.898,61000.0,0.385,0.214,0.037,5.81,8,20211214T160000_8
2021-12-14T23:59:41.236,0.686,-161.572,55.382,15594.052,0.25,0.408,-0.055,7.0,9,20211214T160000_9
2021-12-14T23:59:49.632,1.274,-161.94,55.411,61000.0,0.032,0.45,-0.005,4.0,1,20211215T000000_1
2021-12-15T00:05:38.961,1.199,-161.901,55.302,19367.995,0.513,0.543,-0.009,6.0,2,20211215T000000_2
2021-12-15T00:56:41.392,2.236,-162.465,55.896,61000.0,0.068,0.309,0.013,3.941,3,20211215T000000_3
2021-12-15T04:02:30.933,2.018,-161.374,54.904,61000.0,0.342,0.114,0.017,4.631,5,20211215T000000_5
2021-12-15T04:02:33.866,1.67,-162.486,54.903,53316.092,0.163,0.218,-0.004,4.062,4,20211215T000000_4
2021-12-15T07:59:49.231,1.287,-162.166,55.342,61000.0,0.274,0.55,-0.052,7.0,1,20211215T080000_1
2021-12-15T15:34:39.144,1.404,-161.472,55.643,1629.223,0.221,0.325,0.001,12.0,2,20211215T080000_2
2021-12-15T20:01:27.111,1.728,-162.242,55.368,61000.0,0.418,0.069,-0.016,4.0,1,20211215T160000_1
2021-12-15T23:10:21.972,1.956,-161.278,54.903,60112.619,0.248,0.384,0.009,15.0,2,20211215T160000_2
2021-12-15T23:59:49.230,1.635,-162.169,55.343,61000.0,0.257,0.467,-0.03,8.0,1,20211216T000000_1
2021-12-16T04:06:54.967,1.888,-160.988,55.792,0.0,0.773,0.352,0.058,6.607,2,20211216T000000_2
2021-12-16T05:20:49.958,1.702,-161.631,54.995,60355.946,0.0,0.081,0.0,4.0,3,20211216T000000_3
2021-12-16T07:53:57.662,1.54,-162.246,54.904,61000.0,0.454,0.151,-0.0,7.0,4,20211216T000000_4
2021-12-16T07:59:48.042,1.55,-162.395,55.378,61000.0,0.389,0.341,-0.051,7.0,1,20211216T080000_1
2021-12-16T10:39:51.253,0.721,-162.077,55.147,16430.886,0.211,0.044,-0.004,4.0,2,20211216T080000_2
2021-12-16T10:49:03.038,1.804,-161.405,54.904,61000.0,0.384,0.217,-0.029,9.97,3,20211216T080000_3
2021-12-16T11:38:26.816,2.938,-161.004,55.064,61000.0,0.837,0.36,0.184,19.611,4,20211216T080000_4
2021-12-16T13:48:15.065,1.669,-162.773,54.902,61000.0,1.221,0.171,-0.051,7.096,5,20211216T080000_5
2021-12-16T14:38:20.364,1.669,-162.773,54.902,61000.0,0.946,0.107,0.018,6.433,6,20211216T080000_6
2021-12-16T14:38:33.091,1.601,-162.664,54.902,8356.588,0.595,0.326,-0.08,4.566,7,20211216T080000_7
2021-12-16T15:59:49.663,1.253,-162.006,55.418,61000.0,0.22,0.482,-0.012,7.0,1,20211216T160000_1
2021-12-16T17:00:06.861,1.607,-162.773,54.902,61000.0,1.097,0.195,0.011,8.0,2,20211216T160000_2
2021-12-16T17:25:24.900,1.493,-162.773,54.902,61000.0,1.167,0.131,-0.023,7.094,3,20211216T160000_3
2021-12-16T21:14:39.534,1.593,-162.145,54.905,61000.0,0.93,0.15,-0.085,9.0,4,20211216T160000_4
2021-12-16T23:59:49.523,1.409,-161.983,55.34,61000.0,0.209,0.378,0.006,8.0,1,20211217T000000_1
2021-12-17T01:38:49.842,1.903,-160.994,55.513,61000.0,0.971,0.232,-0.046,15.0,2,20211217T000000_2
2021-12-17T01:52:04.408,1.747,-162.722,55.919,50487.014,0.085,0.277,-0.015,3.937,3,20211217T000000_3
2021-12-17T03:00:48.505,1.7,-162.559,55.92,61000.0,0.314,0.258,0.018,4.788,4,20211217T000000_4
2021-12-17T07:59:49.721,1.473,-161.771,55.33,61000.0,0.049,0.452,-0.002,5.0,1,20211217T080000_1
2021-12-17T08:25:50.332,0.908,-162.212,54.904,0.0,0.226,0.485,0.025,6.0,2,20211217T080000_2
2021-12-17T08:26:02.258,1.206,-162.252,54.904,0.0,0.662,0.509,0.073,7.0,3,20211217T080000_3
2021-12-17T08:48:04.857,2.068,-160.996,55.444,61000.0,0.896,0.188,-0.033,4.581,5,20211217T080000_5
2021-12-17T08:48:06.461,1.625,-162.728,55.14,61000.0,0.156,0.222,-0.014,5.142,4,20211217T080000_4
2021-12-17T09:45:39.671,0.843,-162.43,54.904,5137.469,0.63,0.378,-0.015,5.0,6,20211217T080000_6
2021-12-17T10:33:55.541,1.858,-162.774,54.987,16733.058,0.164,0.288,0.006,9.922,7,20211217T080000_7
2021-12-17T10:34:06.354,2.227,-162.774,54.983,17193.512,0.331,0.342,-0.032,8.925,8,20211217T080000_8
2021-12-17T11:45:22.036,1.945,-162.775,55.014,59787.916,0.438,0.303,-0.012,7.186,9,20211217T080000_9
2021-12-17T11:45:24.487,2.281,-161.617,54.905,61000.0,0.643,0.136,0.042,5.724,10,20211217T080000_10
2021-12-17T14:53:42.559,1.603,-162.773,54.902,55252.432,0.257,0.225,0.021,4.726,11,20211217T080000_11
2021-12-17T15:56:55.787,1.901,-161.609,55.905,15261.052,0.453,0.191,-0.027,19.0,12,20211217T080000_12
2021-12-17T15:59:49.100,1.4,-162.217,55.352,61000.0,0.132,0.332,0.01,4.642,1,20211217T160000_1
2021-12-17T23:59:49.103,1.597,-162.212,55.352,61000.0,0.109,0.515,0.009,6.0,1,20211218T000000_1
2021-12-18T02:31:30.653,1.633,-161.63,54.954,0.0,0.168,0.22,0.014,4.798,2,20211218T000000_2
2021-12-18T04:05:36.521,1.955,-161.442,54.904,48253.84,0.339,0.203,0.014,7.0,3,20211218T000000_3
2021-12-18T04:05:52.123,1.594,-161.516,54.904,29068.54,0.347,0.248,-0.007,6.0,4,20211218T000000_4
2021-12-18T07:59:57.989,0.005,-161.888,55.438,7508.935,0.373,0.398,0.028,5.0,1,20211218T080000_1
2021-12-18T11:00:26.931,1.707,-162.773,54.902,50756.507,1.001,0.11,0.063,5.0,2,20211218T080000_2
2021-12-18T15:59:49.078,1.447,-162.174,55.337,61000.0,0.199,0.473,-0.039,7.0,1,20211218T160000_1
2021-12-18T17:02:38.213,1.812,-162.773,54.902,61000.0,1.055,0.191,-0.028,6.953,2,20211218T160000_2
2021-12-18T17:42:21.244,2.482,-162.773,54.902,57534.366,0.956,0.244,0.013,14.147,3,20211218T160000_3
2021-12-18T17:42:38.336,2.077,-162.186,54.923,12526.307,0.168,0.219,-0.004,6.702,4,20211218T160000_4
2021-12-18T19:26:15.933,1.607,-162.419,54.904,61000.0,0.916,0.237,-0.03,4.736,5,20211218T160000_5
2021-12-18T21:39:18.248,1.661,-162.773,54.902,60543.615,0.327,0.124,0.019,4.0,6,20211218T160000_6
2021-12-18T22:06:04.726,1.92,-160.992,55.629,61000.0,0.537,0.387,-0.074,6.0,7,20211218T160000_7
2021-12-18T23:59:50.041,1.527,-161.81,55.403,61000.0,0.475,0.337,0.105,7.0,1,20211219T000000_1
2021-12-19T00:07:04.753,1.632,-162.24,55.921,0.0,0.05,0.408,-0.006,4.0,2,20211219T000000_2
2021-12-19T03:28:44.380,2.03,-161.006,54.984,61000.0,0.656,0.283,0.026,11.878,3,20211219T000000_3
2021-12-19T07:59:49.822,1.459,-161.966,55.296,60992.439,0.453,0.522,-0.057,8.0,1,20211219T080000_1
2021-12-19T08:39:17.211,2.827,-161.571,54.904,61000.0,0.664,0.488,-0.041,15.158,2,20211219T080000_2
2021-12-19T15:59:49.414,1.335,-162.151,55.374,61000.0,0.086,0.407,-0.002,5.0,1,20211219T160000_1
2021-12-19T18:09:04.619,0.534,-161.856,55.211,1065.008,0.19,0.392,-0.015,5.0,2,20211219T160000_2
2021-12-19T18:26:34.824,2.04,-161.193,55.265,60919.155,0.532,0.11,-0.017,14.0,3,20211219T160000_3
2021-12-19T23:18:40.624,2.301,-161.227,55.329,57429.498,0.247,0.191,-0.0,10.784,4,20211219T160000_4
2021-12-19T23:18:40.714,2.138,-161.28,55.079,50302.105,0.396,0.127,0.01,7.216,5,20211219T160000_5
2021-12-19T23:19:17.740,2.386,-160.999,55.325,26814.608,0.264,0.3,-0.002,6.032,6,20211219T160000_6
2021-12-19T23:59:49.573,1.632,-162.002,55.381,61000.0,0.087,0.379,-0.003,7.0,1,20211220T000000_1
2021-12-20T07:59:49.650,1.295,-161.927,55.412,61000.0,0.034,0.542,0.001,5.0,1,20211220T080000_1
2021-12-20T08:45:29.961,2.087,-161.008,54.916,53512.997,0.297,0.212,-0.01,8.577,2,20211220T080000_2
2021-12-20T08:45:39.207,2.267,-162.308,55.853,61000.0,0.471,0.304,0.029,5.169,3,20211220T080000_3
2021-12-20T09:46:57.177,1.668,-161.008,54.902,61000.0,0.547,0.311,0.014,7.029,4,20211220T080000_4
2021-12-20T09:47:22.632,0.646,-161.884,55.157,4592.733,0.294,0.425,0.026,4.971,5,20211220T080000_5
2021-12-20T15:59:53.549,1.203,-162.105,55.363,34897.414,0.499,0.388,0.016,9.0,1,20211220T160000_1
2021-12-20T23:59:49.845,1.365,-161.861,55.485,61000.0,0.453,0.422,0.061,9.0,1,20211221T000000_1
2021-12-21T02:28:29.514,0.11,-162.315,54.987,803.328,0.074,0.792,0.005,4.0,2,20211221T000000_2
2021-12-21T04:04:57.998,1.875,-161.008,54.905,53370.128,0.238,0.313,-0.031,5.0,3,20211221T000000_3
2021-12-21T04:05:19.190,1.354,-161.486,54.904,1348.748,0.3,0.242,0.028,4.0,4,20211221T000000_4
2021-12-21T05:01:54.067,1.627,-161.42,54.904,23840.791,0.475,0.34,-0.016,6.0,5,20211221T000000_5
2021-12-21T05:02:07.643,1.31,-161.501,54.904,12671.799,0.211,0.251,0.011,5.0,6,20211221T000000_6
2021-12-21T05:49:57.971,1.37,-162.696,54.902,14355.963,0.272,0.244,-0.017,6.0,7,20211221T000000_7
2021-12-21T05:50:05.188,1.518,-162.698,54.902,4706.706,0.517,0.376,-0.055,5.0,8,20211221T000000_8
2021-12-21T06:35:22.966,1.708,-161.761,54.905,60597.29,0.12,0.059,-0.001,6.0,9,20211221T000000_9
2021-12-21T06:43:46.942,0.938,-161.885,55.43,0.0,0.283,0.252,0.019,6.0,10,20211221T000000_10
2021-12-21T06:44:04.983,1.095,-162.068,55.443,0.0,0.588,0.52,0.144,4.0,11,20211221T000000_11
2021-12-21T06:47:19.924,1.4,-162.382,55.24,61000.0,0.509,0.597,0.152,5.866,12,20211221T000000_12
2021-12-21T06:48:28.257,0.804,-161.852,55.469,0.0,0.44,0.29,0.037,4.784,13,20211221T000000_13
2021-12-21T07:59:49.709,1.672,-161.915,55.461,61000.0,0.273,0.333,0.026,7.0,1,20211221T080000_1
2021-12-21T08:29:16.084,-0.069,-161.813,55.344,1387.858,0.963,0.435,0.042,4.618,2,20211221T080000_2
2021-12-21T08:31:01.319,0.091,-161.667,55.449,187.958,0.523,0.442,0.148,5.0,3,20211221T080000_3
2021-12-21T08:33:15.054,1.083,-161.556,55.233,26704.031,0.768,0.437,-0.046,7.0,4,20211221T080000_4
2021-12-21T08:34:13.862,1.472,-162.162,55.268,0.0,0.383,0.131,0.008,4.225,5,20211221T080000_5
2021-12-21T08:34:15.021,0.545,-161.568,55.474,516.871,0.242,0.123,0.002,3.775,6,20211221T080000_6
2021-12-21T08:34:54.018,2.044,-161.625,55.15,0.0,0.302,0.057,0.0,5.42,7,20211221T080000_7
2021-12-21T08:34:54.718,1.529,-161.763,55.585,2365.625,0.223,0.218,0.034,4.58,8,20211221T080000_8
2021-12-21T08:37:44.779,0.786,-161.62,55.217,9144.354,0.45,0.411,-0.057,5.0,9,20211221T080000_9
2021-12-21T08:40:10.078,1.643,-161.455,55.246,8918.711,0.368,0.332,-0.039,6.0,10,20211221T080000_10
2021-12-21T09:37:08.760,1.251,-162.132,55.921,0.0,0.851,0.48,-0.072,4.0,11,20211221T080000_11
2021-12-21T09:39:39.351,1.655,-161.652,55.654,61000.0,0.502,0.374,0.107,4.0,12,20211221T080000_12
2021-12-21T09:43:50.155,0.797,-161.505,55.248,355.909,0.653,0.38,-0.024,7.0,13,20211221T080000_13
2021-12-21T09:46:21.854,0.236,-161.823,55.367,0.0,0.475,0.627,0.184,5.0,14,20211221T080000_14
2021-12-21T09:47:44.117,0.163,-161.577,55.3,0.0,0.666,0.513,0.224,5.0,15,20211221T080000_15
2021-12-21T09:54:03.787,0.69,-161.533,55.316,17213.763,0.774,0.404,0.195,5.0,16,20211221T080000_16
2021-12-21T10:48:11.372,0.147,-161.552,55.396,0.0,0.568,0.475,-0.044,6.0,17,20211221T080000_17
2021-12-21T10:50:06.226,1.613,-161.822,55.573,253.478,0.416,0.254,-0.05,5.924,18,20211221T080000_18
2021-12-21T10:55:33.755,1.787,-161.404,55.921,60964.561,0.032,0.442,0.008,4.0,20,20211221T080000_20
2021-12-21T10:55:35.647,0.404,-161.821,55.213,15518.657,0.329,0.582,0.059,5.0,19,20211221T080000_19
2021-12-21T11:03:25.890,0.455,-162.039,55.324,0.0,0.581,0.581,0.158,7.0,21,20211221T080000_21
2021-12-21T11:40:09.652,1.828,-161.864,54.905,60926.657,0.488,0.253,-0.046,15.0,22,20211221T080000_22
2021-12-21T12:03:44.709,0.893,-161.878,55.43,0.0,0.255,0.216,0.023,4.492,23,20211221T080000_23
2021-12-21T12:06:15.678,0.982,-162.35,55.164,0.0,0.285,0.351,0.058,4.0,24,20211221T080000_24
2021-12-21T12:07:21.388,1.769,-162.78,55.247,0.0,0.291,0.405,0.072,4.86,25,20211221T080000_25
2021-12-21T13:14:12.106,0.33,-161.819,55.436,11801.272,0.668,0.325,-0.019,7.0,26,20211221T080000_26
2021-12-21T13:17:24.523,0.483,-161.885,55.402,0.0,0.123,0.272,-0.017,3.918,27,20211221T080000_27
2021-12-21T13:22:03.261,0.261,-161.998,55.387,1605.01,0.675,0.411,0.283,5.0,28,20211221T080000_28
2021-12-21T13:23:26.752,0.792,-161.689,55.493,4075.838,0.0,0.344,-0.0,4.0,29,20211221T080000_29
2021-12-21T13:25:16.388,0.006,-161.826,55.36,0.0,0.788,0.597,0.297,5.0,30,20211221T080000_30
2021-12-21T13:28:57.854,1.72,-161.007,54.945,59620.552,0.196,0.216,0.009,4.861,32,20211221T080000_32
2021-12-21T13:28:59.150,1.595,-161.236,54.992,44515.731,0.261,0.266,-0.008,10.798,31,20211221T080000_31
2021-12-21T14:27:07.244,0.805,-161.888,55.422,0.0,0.281,0.238,-0.007,4.746,33,20211221T080000_33
2021-12-21T14:32:39.155,1.073,-161.918,55.38,17800.98,0.268,0.214,-0.006,9.193,34,20211221T080000_34
2021-12-21T14:33:36.931,1.523,-161.237,55.071,61000.0,0.431,0.457,0.015,6.0,35,20211221T080000_35
2021-12-21T14:38:49.619,1.333,-161.704,55.299,19800.871,0.0,0.399,-0.0,4.0,36,20211221T080000_36
2021-12-21T15:59:49.577,1.336,-162.026,55.328,61000.0,0.358,0.488,-0.033,9.0,1,20211221T160000_1
2021-12-21T17:00:46.428,1.576,-162.491,54.903,56932.135,0.935,0.183,0.061,4.943,2,20211221T160000_2
2021-12-21T17:13:54.020,0.645,-161.486,55.203,0.0,0.245,0.597,0.052,6.0,3,20211221T160000_3
2021-12-21T17:14:12.548,0.832,-161.722,55.282,0.0,0.365,0.418,0.082,4.0,4,20211221T160000_4
2021-12-21T17:24:16.681,0.627,-161.849,55.456,0.0,0.485,0.275,0.021,4.817,5,20211221T160000_5
2021-12-21T17:25:44.984,0.708,-161.425,55.356,720.908,0.251,0.409,-0.021,6.0,6,20211221T160000_6
2021-12-21T17:29:00.798,1.166,-161.413,55.315,20271.75,0.716,0.445,-0.023,9.0,7,20211221T160000_7
2021-12-21T17:30:21.630,0.506,-161.772,55.336,0.0,0.579,0.429,0.038,6.0,8,20211221T160000_8
2021-12-21T17:36:55.039,1.859,-161.625,54.905,61000.0,0.602,0.243,-0.052,14.0,9,20211221T160000_9
2021-12-21T17:45:15.255,1.895,-161.893,54.905,29892.742,0.759,0.308,0.007,4.0,10,20211221T160000_10
2021-12-21T18:37:29.297,1.754,-161.914,55.745,61000.0,0.389,0.31,-0.029,6.0,11,20211221T160000_11
2021-12-21T19:04:28.922,1.506,-161.671,54.905,61000.0,0.919,0.244,0.033,7.0,12,20211221T160000_12
2021-12-21T19:57:18.495,1.427,-161.707,55.194,0.0,0.216,0.545,0.021,5.48,13,20211221T160000_13
2021-12-21T20:51:58.801,0.906,-161.901,55.433,0.0,0.281,0.246,0.005,6.0,14,20211221T160000_14
2021-12-21T20:56:02.584,1.559,-162.705,54.902,3370.293,0.319,0.277,-0.01,10.0,15,20211221T160000_15
2021-12-21T20:56:10.775,1.816,-162.618,54.903,0.0,0.636,0.442,-0.134,10.026,16,20211221T160000_16
2021-12-21T20:59:45.079,0.69,-161.902,55.405,0.0,0.509,0.251,-0.022,4.699,17,20211221T160000_17
2021-12-21T22:35:07.709,1.81,-162.773,54.902,61000.0,0.623,0.503,0.186,4.298,18,20211221T160000_18
2021-12-21T22:35:37.663,0.137,-161.868,55.389,0.0,0.671,0.41,0.055,4.62,19,20211221T160000_19
2021-12-21T22:39:02.239,-0.549,-161.794,55.373,0.0,0.925,0.743,0.385,5.0,20,20211221T160000_20
2021-12-21T22:41:01.998,1.214,-161.005,55.045,4452.236,0.699,0.2,0.165,6.739,21,20211221T160000_21
2021-12-21T22:42:09.881,0.45,-161.706,55.302,1016.28,0.405,0.265,0.034,4.0,22,20211221T160000_22
2021-12-21T22:43:36.062,3.548,-161.195,55.51,61000.0,0.376,0.277,-0.045,10.154,23,20211221T160000_23
2021-12-21T22:44:51.937,2.935,-161.73,55.633,18264.36,0.284,0.525,0.022,4.922,24,20211221T160000_24
2021-12-21T22:52:43.045,1.49,-162.146,55.038,323.453,0.768,0.49,0.244,7.0,25,20211221T160000_25
2021-12-21T23:32:22.868,0.87,-161.893,55.39,0.0,0.704,0.242,-0.031,7.949,26,20211221T160000_26
2021-12-21T23:35:15.214,-0.321,-161.868,55.308,0.0,0.529,0.722,0.132,5.0,27,20211221T160000_27
2021-12-21T23:41:37.349,-0.103,-161.889,55.357,0.0,0.684,0.615,0.141,5.0,28,20211221T160000_28
2021-12-21T23:59:49.453,1.583,-161.999,55.321,61000.0,0.197,0.373,-0.003,7.0,1,20211222T000000_1
2021-12-22T01:02:46.354,0.24,-161.554,55.331,7383.932,0.35,0.38,-0.076,5.0,2,20211222T000000_2
2021-12-22T01:04:49.443,1.496,-161.547,55.264,15469.268,0.554,0.354,0.031,10.398,3,20211222T000000_3
2021-12-22T01:05:12.520,0.785,-162.037,55.441,0.0,0.768,0.771,0.325,5.0,4,20211222T000000_4
2021-12-22T01:14:13.862,1.573,-161.702,55.211,60263.924,0.394,0.468,0.003,8.0,5,20211222T000000_5
2021-12-22T01:15:56.638,1.442,-161.56,55.226,9042.979,0.378,0.28,-0.025,5.668,6,20211222T000000_6
2021-12-22T01:16:21.847,0.981,-161.843,55.312,58.338,0.724,0.272,-0.004,5.991,7,20211222T000000_7
2021-12-22T01:50:40.205,2.647,-161.078,54.902,50846.236,0.324,0.154,0.02,10.916,8,20211222T000000_8
2021-12-22T01:50:47.450,3.184,-161.05,54.902,56450.086,0.61,0.212,0.002,11.0,9,20211222T000000_9
2021-12-22T02:11:39.183,1.933,-161.003,55.123,61000.0,0.363,0.157,0.0,9.912,10,20211222T000000_10
2021-12-22T02:11:47.448,2.461,-162.096,55.921,61000.0,0.726,0.318,0.11,5.274,11,20211222T000000_11
2021-12-22T06:25:28.015,1.365,-162.775,55.033,3850.44,0.6,0.485,0.184,5.0,12,20211222T000000_12
2021-12-22T06:29:27.868,1.953,-162.773,54.94,61000.0,0.668,0.207,0.016,7.272,13,20211222T000000_13
2021-12-22T06:29:28.931,1.739,-161.607,54.905,61000.0,0.684,0.304,-0.017,8.376,14,20211222T000000_14
2021-12-22T06:36:09.922,1.205,-161.966,55.198,306.45,0.943,0.284,0.097,4.0,15,20211222T000000_15
2021-12-22T06:38:05.243,1.009,-161.536,55.237,23148.951,0.075,0.375,0.002,6.0,16,20211222T000000_16
2021-12-22T07:59:49.515,1.609,-162.005,55.282,61000.0,0.426,0.268,0.051,9.0,1,20211222T080000_1
2021-12-22T08:12:37.209,0.586,-161.973,55.243,9167.772,0.0,0.289,-0.0,3.967,2,20211222T080000_2
2021-12-22T08:48:07.431,1.88,-162.403,55.029,0.0,0.705,0.109,0.021,4.0,3,20211222T080000_3
2021-12-22T10:30:18.315,0.566,-162.077,55.295,92.496,1.13,0.377,0.283,5.0,4,20211222T080000_4
2021-12-22T15:59:49.735,1.374,-161.808,55.412,61000.0,0.248,0.389,0.033,7.0,1,20211222T160000_1
2021-12-22T18:31:31.419,1.678,-161.634,55.069,34832.097,0.503,0.211,0.009,10.0,2,20211222T160000_2
2021-12-22T18:31:37.110,2.489,-161.409,54.904,55271.438,0.574,0.226,-0.004,8.0,3,20211222T160000_3
2021-12-22T19:12:03.817,1.437,-162.776,55.152,61000.0,0.166,0.211,0.018,5.0,4,20211222T160000_4
2021-12-28T23:59:57.668,0.034,-161.861,55.45,10146.725,0.462,0.347,0.022,5.0,1,20211229T000000_1
2021-12-29T03:24:25.755,1.776,-162.602,54.906,52790.611,0.0,0.297,-0.0,4.0,2,20211229T000000_2
2021-12-29T04:01:12.187,0.889,-162.339,55.106,0.0,0.609,0.964,0.283,6.613,3,20211229T000000_3
2021-12-29T04:26:30.850,1.118,-161.945,55.452,32024.261,0.169,0.441,0.013,4.0,4,20211229T000000_4
2021-12-29T04:47:10.563,1.596,-162.653,54.903,61000.0,0.271,0.217,-0.007,4.767,5,20211229T000000_5
2021-12-29T06:18:37.552,1.578,-162.773,54.902,61000.0,1.124,0.231,-0.12,8.0,6,20211229T000000_6
2021-12-29T07:59:49.547,1.366,-161.97,55.293,61000.0,0.29,0.387,0.031,9.0,1,20211229T080000_1
2021-12-29T15:59:49.644,1.377,-161.936,55.415,61000.0,0.036,0.415,0.001,5.0,1,20211229T160000_1
2021-12-29T17:41:57.392,1.775,-162.083,54.905,61000.0,0.724,0.132,-0.053,6.0,2,20211229T160000_2
2021-12-29T18:06:29.399,1.777,-161.155,55.321,38528.125,0.0,0.322,0.0,4.0,3,20211229T160000_3
2021-12-29T18:37:56.279,3.03,-162.734,55.245,61000.0,0.542,0.328,-0.075,9.0,4,20211229T160000_4
2021-12-29T23:59:57.922,0.26,-161.986,55.405,5319.974,0.128,0.555,0.038,5.0,1,20211230T000000_1
2021-12-30T03:09:41.813,0.346,-161.418,55.253,498.26,0.656,0.254,0.084,4.0,2,20211230T000000_2
2021-12-30T04:02:49.102,0.502,-161.877,55.53,1064.408,0.166,0.334,-0.032,4.0,3,20211230T000000_3
2021-12-30T04:06:37.869,1.101,-161.455,55.247,1195.384,0.365,0.353,-0.024,7.0,4,20211230T000000_4
2021-12-30T04:06:55.118,1.805,-161.255,55.731,413.841,0.429,0.118,-0.011,3.999,5,20211230T000000_5
2021-12-30T05:26:49.545,-0.698,-161.788,55.374,0.0,0.894,1.095,0.612,4.0,6,20211230T000000_6
2021-12-30T06:38:45.815,0.598,-161.339,55.197,586.903,0.568,0.271,0.054,5.0,7,20211230T000000_7
2021-12-30T06:45:38.366,1.329,-162.266,55.151,0.0,1.112,0.35,0.221,4.0,8,20211230T000000_8
2021-12-30T06:49:59.556,1.344,-160.989,55.759,2043.223,0.801,0.557,0.222,5.0,9,20211230T000000_9
2021-12-30T07:49:43.646,0.762,-161.882,55.285,59.292,0.999,0.342,0.172,4.0,10,20211230T000000_10
2021-12-30T07:50:26.970,1.465,-161.125,55.33,794.435,0.326,0.308,0.07,5.0,11,20211230T000000_11
2021-12-30T07:51:54.044,0.737,-161.272,55.17,699.272,0.607,0.207,0.051,4.0,12,20211230T000000_12
2021-12-30T07:55:10.866,-0.058,-161.82,55.346,0.0,1.086,0.588,0.377,5.0,13,20211230T000000_13
2021-12-30T07:55:22.334,1.63,-160.993,55.558,22202.009,0.749,0.33,0.162,4.0,14,20211230T000000_14
2021-12-30T08:00:59.689,0.05,-161.927,55.397,799.906,1.068,0.497,0.177,4.0,1,20211230T080000_1
2021-12-30T08:55:54.913,-0.046,-161.826,55.34,0.0,1.099,0.515,0.354,5.0,2,20211230T080000_2
2021-12-30T09:00:57.522,0.596,-161.724,55.291,17533.37,0.0,0.178,0.0,4.0,3,20211230T080000_3
2021-12-30T09:02:15.855,1.403,-161.655,55.104,20581.918,0.0,0.244,0.0,4.0,4,20211230T080000_4
2021-12-30T09:03:57.559,1.61,-161.366,54.904,0.0,0.83,0.416,0.226,5.0,5,20211230T080000_5
2021-12-30T09:07:39.519,0.695,-161.852,55.252,110.695,0.395,0.375,0.098,4.0,6,20211230T080000_6
2021-12-30T09:18:12.749,0.811,-161.691,55.149,17953.881,0.0,0.285,0.0,3.918,7,20211230T080000_7
2021-12-30T09:22:09.954,2.149,-162.773,54.902,61000.0,0.721,0.181,0.014,5.662,8,20211230T080000_8
2021-12-30T09:22:11.274,2.183,-161.677,54.905,61000.0,0.934,0.06,-0.011,4.338,9,20211230T080000_9
2021-12-30T09:52:03.737,0.964,-161.557,55.233,2568.916,0.392,0.341,0.071,4.0,10,20211230T080000_10
2021-12-30T10:28:59.509,1.608,-161.966,55.141,61000.0,0.85,0.525,0.232,7.0,11,20211230T080000_11
2021-12-30T11:28:36.884,1.57,-161.064,55.062,5334.465,1.011,0.423,0.284,5.0,12,20211230T080000_12
2021-12-30T11:40:40.514,1.132,-162.119,55.051,645.128,1.044,0.42,0.214,4.0,13,20211230T080000_13
2021-12-30T11:56:39.054,1.095,-161.883,55.156,1238.052,0.63,0.417,0.092,4.0,14,20211230T080000_14
2021-12-30T11:58:11.907,0.557,-161.901,55.395,0.0,0.407,0.124,0.023,4.07,15,20211230T080000_15
2021-12-30T13:22:12.242,0.718,-161.723,55.328,9398.613,0.0,0.408,-0.0,4.0,16,20211230T080000_16
2021-12-30T13:25:23.327,3.116,-160.987,55.843,52390.58,1.029,0.115,-0.039,5.295,18,20211230T080000_18
2021-12-30T13:25:26.149,2.728,-161.255,55.461,61000.0,0.297,0.21,0.019,8.628,17,20211230T080000_17
2021-12-30T13:26:17.968,2.193,-162.085,55.518,0.0,0.04,0.343,-0.007,3.902,19,20211230T080000_19
2021-12-30T14:39:54.092,0.774,-162.099,55.371,0.0,0.534,0.468,0.448,6.0,20,20211230T080000_20
2021-12-30T14:43:56.740,-0.128,-161.771,55.397,0.0,0.301,0.849,0.011,4.0,21,20211230T080000_21
2021-12-30T15:59:49.002,0.989,-161.473,55.392,61000.0,0.376,0.44,0.035,6.0,1,20211230T160000_1
2021-12-30T16:14:16.110,0.086,-161.723,55.403,64.825,0.49,0.668,0.105,4.0,2,20211230T160000_2
2021-12-30T16:16:38.292,1.939,-162.613,55.271,40760.539,0.0,0.305,0.0,3.766,3,20211230T160000_3
2021-12-30T18:59:34.962,0.721,-161.558,55.375,917.732,0.729,0.549,0.207,6.0,4,20211230T160000_4
2021-12-30T20:35:49.185,-0.216,-161.672,55.361,4850.577,0.0,0.382,-0.0,4.0,5,20211230T160000_5
2021-12-30T20:47:47.299,2.743,-162.525,54.903,61000.0,0.734,0.419,-0.294,20.0,6,20211230T160000_6
2021-12-30T21:34:26.867,1.897,-162.621,54.903,61000.0,0.591,0.317,0.086,8.681,7,20211230T160000_7
2021-12-30T22:00:18.107,0.807,-161.665,55.278,11663.113,0.016,0.369,-0.001,4.0,8,20211230T160000_8
2021-12-30T22:32:05.457,1.003,-162.371,55.1,0.0,0.259,0.228,0.015,4.0,9,20211230T160000_9
2021-12-30T23:37:48.491,2.012,-162.773,54.902,61000.0,1.099,0.344,-0.011,9.009,10,20211230T160000_10
2021-12-30T23:38:14.590,0.715,-162.09,55.191,0.0,0.058,0.253,-0.006,3.991,11,20211230T160000_11
2021-12-31T02:22:41.036,1.486,-162.421,55.096,598.28,0.987,0.41,0.211,4.0,1,20211231T000000_1
2021-12-31T02:33:09.048,0.559,-161.549,55.357,15656.737,0.1,0.199,-0.001,5.0,2,20211231T000000_2
2021-12-31T05:09:12.101,0.19,-161.481,55.341,497.709,0.268,0.266,0.039,5.0,3,20211231T000000_3
2021-12-31T06:30:40.484,0.194,-161.869,55.417,0.0,0.766,0.448,0.056,5.0,4,20211231T000000_4
2021-12-31T06:33:51.470,1.865,-162.46,55.231,56558.3,0.701,0.413,0.152,6.0,5,20211231T000000_5
2021-12-31T07:40:13.681,-0.515,-161.723,55.33,0.0,0.518,0.46,0.142,4.0,6,20211231T000000_6
2021-12-31T07:44:34.240,0.328,-161.761,55.387,0.0,0.685,0.709,0.085,6.0,7,20211231T000000_7
2021-12-31T07:59:55.000,0.779,-161.934,55.386,28544.584,0.196,0.48,0.013,5.0,1,20211231T080000_1
2021-12-31T09:01:48.300,2.084,-162.773,54.902,57109.059,0.574,0.352,-0.109,3.992,2,20211231T080000_2
2021-12-31T09:07:54.015,1.12,-161.552,55.478,476.271,0.329,0.423,0.069,4.0,3,20211231T080000_3
2021-12-31T11:15:40.549,-0.349,-161.814,55.345,0.0,0.949,0.93,0.483,5.0,4,20211231T080000_4
2021-12-31T11:17:48.370,0.734,-161.491,55.146,154.245,0.85,0.29,0.005,4.0,5,20211231T080000_5
2021-12-31T12:55:46.365,-0.765,-161.788,55.398,0.0,0.095,0.594,-0.006,4.0,6,20211231T080000_6
2021-12-31T13:22:15.369,0.085,-161.797,55.467,0.0,0.87,0.53,0.291,5.0,7,20211231T080000_7
2021-12-31T14:47:15.737,1.177,-161.52,55.489,719.112,0.821,0.387,-0.013,5.0,8,20211231T080000_8
2021-12-31T14:49:52.018,0.351,-161.846,55.414,0.0,0.431,0.32,-0.071,4.0,9,20211231T080000_9
2021-12-31T14:51:43.229,0.676,-161.711,55.345,7713.344,0.017,0.386,-0.004,5.0,10,20211231T080000_10
2021-12-31T15:30:17.710,0.66,-162.14,55.354,164.663,0.444,0.513,0.258,5.0,11,20211231T080000_11
2021-12-31T16:30:06.554,1.319,-161.338,55.232,1717.906,0.279,0.46,0.047,6.0,1,20211231T160000_1
2021-12-31T16:49:27.855,1.37,-162.047,55.078,0.0,0.967,0.409,0.19,4.0,2,20211231T160000_2
2021-12-31T17:02:46.901,1.932,-161.002,55.163,0.0,0.273,0.367,0.035,7.0,3,20211231T160000_3
2021-12-31T17:09:44.824,0.049,-161.893,55.345,923.943,0.836,0.537,0.171,6.0,4,20211231T160000_4
2021-12-31T17:37:17.597,1.95,-162.661,54.902,28013.65,0.711,0.29,-0.018,12.915,5,20211231T160000_5
2021-12-31T18:19:10.054,0.254,-161.468,55.337,520.861,0.26,0.205,0.018,5.0,6,20211231T160000_6
2021-12-31T18:23:20.349,1.935,-160.992,55.632,35907.283,0.577,0.413,0.009,7.0,7,20211231T160000_7
2021-12-31T19:24:03.095,1.009,-161.488,55.482,566.573,0.99,0.531,0.294,5.0,8,20211231T160000_8
2021-12-31T19:24:56.243,1.573,-160.989,55.748,10839.503,0.59,0.502,0.135,6.0,9,20211231T160000_9
2021-12-31T19:26:01.548,1.906,-160.995,55.485,6254.388,0.589,0.366,0.102,4.0,10,20211231T160000_10
2021-12-31T19:31:43.197,0.404,-161.902,55.389,0.0,0.614,0.395,0.107,6.0,11,20211231T160000_11
2021-12-31T20:37:28.439,-0.61,-161.783,55.377,0.0,0.689,0.996,0.398,7.0,12,20211231T160000_12
2021-12-31T20:39:49.623,0.14,-161.894,55.392,397.29,0.568,0.408,0.187,5.0,13,20211231T160000_13
2021-12-31T20:44:59.933,2.033,-162.319,54.904,0.0,1.116,0.705,0.444,6.0,14,20211231T160000_14
2021-12-31T20:47:24.400,0.738,-161.627,55.456,235.19,0.495,0.501,0.12,5.0,15,20211231T160000_15
2021-12-31T20:49:37.681,0.989,-162.183,55.234,0.0,0.538,0.582,0.292,6.0,16,20211231T160000_16
2021-12-31T21:31:25.507,1.739,-161.366,54.904,43459.273,0.257,0.245,0.005,5.0,17,20211231T160000_17
2021-12-31T22:05:07.747,2.004,-162.121,54.905,0.0,0.62,0.35,0.104,5.0,18,20211231T160000_18
2021-12-31T23:10:44.315,2.711,-162.61,54.903,10771.741,0.234,0.269,-0.012,10.52,19,20211231T160000_19
2021-12-31T23:10:55.735,2.99,-162.185,54.905,20903.311,0.354,0.244,-0.002,6.98,20,20211231T160000_20
2021-12-31T23:15:22.611,1.918,-162.753,55.65,61000.0,0.425,0.395,-0.115,3.683,21,20211231T160000_21
2021-12-31T23:17:31.632,1.033,-161.525,55.342,12596.259,0.658,0.437,-0.065,7.0,22,20211231T160000_22
2021-12-31T23:23:21.146,1.727,-162.152,55.567,61000.0,0.574,0.492,0.374,6.0,23,20211231T160000_23
2021-12-31T23:28:02.339,0.731,-161.556,55.283,29045.795,0.0,0.236,0.0,4.0,24,20211231T160000_24
