20210103  12412619   54.9633  -162.3058     10.630   1.77    0.00    0.00   0.00        100
20210203  21421664   55.0715  -161.6033     20.280   0.66    0.00    0.00   0.00       1001
20210203  22084376   55.3183  -161.7543      6.370   0.21    0.00    0.00   0.00       1002
20210203  22171770   55.3042  -161.3287     22.390   1.26    0.00    0.00   0.00       1003
20210204  12192370   54.8370  -162.6568     31.640   1.97    0.00    0.00   0.00       1020
20210204  12194105   54.9740  -162.3145      9.710   2.29    0.00    0.00   0.00       1021
20210204  12390091   55.2767  -162.9442     29.690   1.49    0.00    0.00   0.00       1022
20210204  14114864   54.9335  -162.2393      4.010   0.80    0.00    0.00   0.00       1023
20210103  17223660   55.3735  -161.8275     30.430  -0.17    0.00    0.00   0.00        103
20210205   4192558   55.3032  -161.6700      6.090   0.32    0.00    0.00   0.00       1032
20210205  16092496   55.1987  -161.9545     23.630   1.39    0.00    0.00   0.00       1039
20210103  17451388   54.8095  -161.2437     27.930   1.75    0.00    0.00   0.00        105
20210205  21445540   54.4367  -160.8483      5.980   1.86    0.00    0.00   0.00       1050
20210205  21451504   54.9007  -161.5167     12.790   1.63    0.00    0.00   0.00       1051
20210206    212956   55.2472  -162.5852      5.000   1.48    0.00    0.00   0.00       1052
20210206   5025811   54.9332  -160.4808     57.450   1.44    0.00    0.00   0.00       1055
20210206   6034810   55.0762  -162.9045     25.280   1.25    0.00    0.00   0.00       1059
20210206   6040406   54.8162  -162.8170      1.350   1.27    0.00    0.00   0.00       1060
20210206   7152798   55.0947  -161.7462     21.670   0.53    0.00    0.00   0.00       1062
20210206  12044426   55.0290  -161.6120     22.450   2.62    0.00    0.00   0.00       1064
20210206  16502188   55.1907  -162.1608     37.120   1.89    0.00    0.00   0.00       1070
20210206  18394888   54.5988  -161.2465     10.160   4.47    0.00    0.00   0.00       1071
20210206  19355392   54.5853  -161.2965     13.930   2.62    0.00    0.00   0.00       1072
20210206  19500792   54.5770  -161.2943     13.800   2.07    0.00    0.00   0.00       1073
20210206  20122272   54.5705  -161.3068     29.040   1.60    0.00    0.00   0.00       1074
20210206  20191820   54.5798  -161.2882     14.800   2.22    0.00    0.00   0.00       1076
20210207    374813   55.3112  -161.6900      1.830   0.17    0.00    0.00   0.00       1080
20210207   1585654   54.5722  -161.3565     29.350   1.49    0.00    0.00   0.00       1085
20210103  19562608   54.9543  -161.4105     19.100   2.05    0.00    0.00   0.00        109
20210207   4493857   55.3297  -161.1843     34.360   2.26    0.00    0.00   0.00       1091
20210207   7595362   55.4110  -162.2358     24.210   1.46    0.00    0.00   0.00       1095
20210207  17571932   55.0798  -161.7888     15.480   1.38    0.00    0.00   0.00       1100
20210207  19335456   55.1702  -161.8875      4.550   1.38    0.00    0.00   0.00       1103
20210207  20174540   54.8153  -161.0922     31.440   2.50    0.00    0.00   0.00       1105
20210207  20250368   55.1062  -161.6370      1.540   1.46    0.00    0.00   0.00       1107
20210207  21564202   54.9652  -162.2345      3.280   0.96    0.00    0.00   0.00       1108
20210208   4175852   55.2985  -162.1737     15.480   1.96    0.00    0.00   0.00       1113
20210208   7144604   55.3538  -162.1460     29.040   1.44    0.00    0.00   0.00       1120
20210208  11273684   54.5938  -161.3037     30.430   1.68    0.00    0.00   0.00       1124
20210208  12005886   55.2958  -161.8322      2.010  -0.28    0.00    0.00   0.00       1127
20210208  12353034   54.9875  -162.2028      1.410   0.88    0.00    0.00   0.00       1128
20210208  23584212   54.8020  -161.3312     61.600   1.59    0.00    0.00   0.00       1140
20210209    164649   55.4518  -161.8583     28.710   1.11    0.00    0.00   0.00       1142
20210209   8021079   54.5493  -162.4620     19.110   1.77    0.00    0.00   0.00       1151
20210209   8453655   55.0100  -161.5762     21.990   1.85    0.00    0.00   0.00       1154
20210209  10131343   54.8998  -160.2418     23.250   3.38    0.00    0.00   0.00       1156
20210209  20435748   54.5908  -162.5333     64.230   2.07    0.00    0.00   0.00       1165
20210209  21315178   55.1223  -161.8260      8.920   1.33    0.00    0.00   0.00       1166
20210209  23452828   54.9032  -161.4055     66.090   1.59    0.00    0.00   0.00       1170
20210210   6085024   54.6208  -161.3275     30.540   1.46    0.00    0.00   0.00       1173
20210210  11421911   55.1668  -161.7210     17.620   2.02    0.00    0.00   0.00       1178
20210104     25800   55.5208  -161.3288     16.010   1.56    0.00    0.00   0.00        118
20210210  21084536   55.1958  -162.0048      5.170   2.05    0.00    0.00   0.00       1183
20210211  18032828   55.2718  -161.4332      4.040   1.03    0.00    0.00   0.00       1192
20210211  20371022   55.4550  -162.0722      7.460   1.76    0.00    0.00   0.00       1195
20210211  22274996   55.1218  -160.4995     55.940   2.72    0.00    0.00   0.00       1196
20210212  14150374   54.8715  -161.3297     30.720   2.63    0.00    0.00   0.00       1198
20210212  14152896   55.1670  -161.9727      3.920   1.98    0.00    0.00   0.00       1199
20210104    331270   54.6708  -160.6933     10.600   2.09    0.00    0.00   0.00        120
20210212  15100787   54.5948  -161.3038     29.470   2.04    0.00    0.00   0.00       1200
20210212  16150392   55.1568  -161.8755     28.650   1.91    0.00    0.00   0.00       1201
20210213   9564705   55.1572  -161.7528     20.750   0.99    0.00    0.00   0.00       1208
20210213  13094641   55.3455  -161.0673     31.420   3.28    0.00    0.00   0.00       1209
20210213  13103962   55.4205  -161.9775     22.100   2.83    0.00    0.00   0.00       1210
20210213  14152886   55.0437  -162.1772      3.170   1.76    0.00    0.00   0.00       1212
20210213  19095448   54.5453  -161.7683     12.460   1.98    0.00    0.00   0.00       1214
20210214    243209   54.9368  -161.0532     62.260   2.39    0.00    0.00   0.00       1215
20210214    511747   55.1453  -163.2652     15.320   2.71    0.00    0.00   0.00       1216
20210214   3532674   54.5273  -162.2653     63.320   2.25    0.00    0.00   0.00       1221
20210214   8105827   55.0742  -160.4725     81.440   2.46    0.00    0.00   0.00       1222
20210214   9095344   55.2640  -162.0567     15.040   0.78    0.00    0.00   0.00       1224
20210214   9461406   55.2403  -161.7393     18.980   1.94    0.00    0.00   0.00       1225
20210214  17551480   55.5672  -161.4533     18.980   1.17    0.00    0.00   0.00       1228
20210104   1405845   55.5748  -160.3178      9.930   1.88    0.00    0.00   0.00        123
20210215   1374687   55.0715  -163.6925      8.670   1.81    0.00    0.00   0.00       1233
20210216   3450035   54.8630  -161.5422      1.980   2.31    0.00    0.00   0.00       1238
20210216   5331913   54.9728  -162.2495      4.390   1.39    0.00    0.00   0.00       1244
20210216   6162492   55.1848  -161.7355      3.340   0.85    0.00    0.00   0.00       1249
20210216   6303109   54.5910  -161.3250     29.720   1.51    0.00    0.00   0.00       1250
20210216  15524574   54.9035  -161.4323     28.740   1.88    0.00    0.00   0.00       1254
20210216  16174680   54.9965  -161.9548     31.910   1.45    0.00    0.00   0.00       1258
20210216  23191208   55.0125  -161.4385     24.890   3.19    0.00    0.00   0.00       1269
20210217   4064143   54.5903  -161.3118     29.490   1.68    0.00    0.00   0.00       1272
20210217  10512052   55.1438  -160.1927      7.810   1.63    0.00    0.00   0.00       1281
20210217  12562953   54.6825  -163.5202     11.410   1.79    0.00    0.00   0.00       1283
20210217  13024420   55.3488  -161.8235     20.630   0.03    0.00    0.00   0.00       1284
20210217  17012816   55.3065  -161.9015     21.370   0.07    0.00    0.00   0.00       1287
20210104   4011053   54.8620  -161.3635     27.590   1.79    0.00    0.00   0.00        129
20210217  19372288   55.1887  -161.8098     30.370   1.20    0.00    0.00   0.00       1290
20210217  21021280   54.7308  -160.3987      9.320   1.72    0.00    0.00   0.00       1295
20210218   5044077   55.3248  -161.3980      2.830   0.01    0.00    0.00   0.00       1298
20210104   4012182   54.8335  -161.3107     31.660   1.94    0.00    0.00   0.00        130
20210218   7295488   55.1197  -162.3553     18.870   1.05    0.00    0.00   0.00       1301
20210218   9433580   55.3323  -161.7130      5.550  -0.44    0.00    0.00   0.00       1305
20210218  12405298   54.5912  -161.2873     12.340   1.97    0.00    0.00   0.00       1310
20210218  19033934   55.3458  -161.7495      5.100  -0.86    0.00    0.00   0.00       1323
20210219    355834   55.3518  -162.1602     32.160   0.73    0.00    0.00   0.00       1328
20210219   2071839   55.3080  -161.5208      4.440   0.34    0.00    0.00   0.00       1332
20210104   8265559   55.1753  -161.9020      6.090   1.50    0.00    0.00   0.00        134
20210219   4404539   55.2763  -161.6640      8.480   1.04    0.00    0.00   0.00       1347
20210104   9102851   54.7657  -161.6397     62.130   1.47    0.00    0.00   0.00        135
20210219   8361706   54.5238  -161.1415     20.290   2.48    0.00    0.00   0.00       1352
20210219   9135575   54.9965  -162.3008      6.910   1.99    0.00    0.00   0.00       1357
20210219   9213321   54.8463  -162.7813     32.080   1.56    0.00    0.00   0.00       1359
20210219  10521534   55.2445  -161.6450     11.050   0.41    0.00    0.00   0.00       1363
20210219  13523545   55.3038  -161.5367      5.320   0.01    0.00    0.00   0.00       1371
20210219  14040825   55.0475  -161.4263     28.350   1.62    0.00    0.00   0.00       1372
20210219  14225262   55.3035  -160.4370     11.010   1.08    0.00    0.00   0.00       1375
20210219  14294606   54.5243  -163.2647     13.610   1.63    0.00    0.00   0.00       1376
20210104  11494609   54.4162  -160.8880      0.650   3.37    0.00    0.00   0.00        138
20210219  15144434   54.9672  -160.5445     72.290   1.56    0.00    0.00   0.00       1380
20210219  23244244   55.0953  -162.5965     31.980   1.62    0.00    0.00   0.00       1385
20210220   1142394   55.0462  -161.6167     20.150   0.82    0.00    0.00   0.00       1386
20210220   3293050   54.5460  -161.1580     11.620   1.90    0.00    0.00   0.00       1389
20210220   9221512   54.7632  -161.9727      1.630   1.42    0.00    0.00   0.00       1392
20210220  12165499   54.4992  -162.3168     47.880   2.81    0.00    0.00   0.00       1393
20210221   1464701   54.6248  -161.4150     15.190   1.45    0.00    0.00   0.00       1397
20210101  16550436   55.2302  -161.1635     31.610   1.72    0.00    0.00   0.00         14
20210221  11064087   55.0548  -161.2247     15.090   2.14    0.00    0.00   0.00       1405
20210221  11083947   55.1177  -161.5660      3.690   1.28    0.00    0.00   0.00       1407
20210221  11115316   55.1113  -161.6238      5.720   0.88    0.00    0.00   0.00       1409
20210221  15050616   54.9150  -162.6160     34.600   1.48    0.00    0.00   0.00       1414
20210221  16010343   55.2638  -161.6125      5.710   1.78    0.00    0.00   0.00       1415
20210221  17302796   55.1468  -161.5362      0.720   0.78    0.00    0.00   0.00       1417
20210221  18534404   55.5045  -161.7177     10.060   0.49    0.00    0.00   0.00       1419
20210221  18541616   55.1015  -161.7745     17.030   1.01    0.00    0.00   0.00       1420
20210221  21581056   55.1432  -161.7818      5.920   0.49    0.00    0.00   0.00       1425
20210221  22081480   55.1050  -161.6353      3.070   1.03    0.00    0.00   0.00       1427
20210221  22405978   55.4822  -163.2377     12.620   1.60    0.00    0.00   0.00       1430
20210221  23001036   54.5847  -161.2903     24.780   2.31    0.00    0.00   0.00       1431
20210221  23570406   55.1015  -161.7775      4.590   1.32    0.00    0.00   0.00       1433
20210221  23575534   55.1758  -161.5490     21.850   1.17    0.00    0.00   0.00       1434
20210221  23581600   55.2355  -161.9863     15.450   1.22    0.00    0.00   0.00       1435
20210222    430296   55.1597  -161.5103     23.580   0.59    0.00    0.00   0.00       1439
20210222   1211540   55.1802  -161.8518     18.090   0.46    0.00    0.00   0.00       1443
20210222   4375624   54.8395  -161.1130     32.590   2.24    0.00    0.00   0.00       1453
20210222   7391740   54.9620  -161.3770     32.580   1.96    0.00    0.00   0.00       1454
20210222   7412005   54.9043  -161.2853     30.160   2.58    0.00    0.00   0.00       1457
20210222   9022597   55.1958  -161.5065     24.790   0.81    0.00    0.00   0.00       1458
20210222   9024401   55.1172  -161.9515     17.300   0.61    0.00    0.00   0.00       1459
20210104  15595366   55.4043  -161.9757     39.390   0.44    0.00    0.00   0.00        146
20210222  12585600   55.2955  -161.7190      4.770   0.45    0.00    0.00   0.00       1463
20210222  13012625   54.7185  -160.3675     15.460   2.36    0.00    0.00   0.00       1465
20210222  16172631   54.6345  -161.3067     11.880   1.73    0.00    0.00   0.00       1468
20210222  16504639   55.0530  -161.7197     13.460   0.97    0.00    0.00   0.00       1472
20210222  20160900   55.1372  -161.7085      8.780   0.98    0.00    0.00   0.00       1476
20210222  22181510   54.8073  -161.7348     31.900   1.52    0.00    0.00   0.00       1478
20210223  12291604   55.4043  -161.7333     19.260  -0.11    0.00    0.00   0.00       1488
20210223  20035732   54.6427  -161.4322     13.030   2.87    0.00    0.00   0.00       1493
20210223  22414992   54.9140  -161.3692     30.330   1.99    0.00    0.00   0.00       1500
20210223  23365590   55.0990  -161.5795     12.500   1.07    0.00    0.00   0.00       1502
20210224   1143052   54.9922  -160.1417     23.400   1.69    0.00    0.00   0.00       1509
20210224   2364074   54.8640  -161.2938     30.030   2.08    0.00    0.00   0.00       1510
20210224   3445142   55.3297  -161.7675      4.580   0.93    0.00    0.00   0.00       1513
20210224   3450873   55.2702  -162.0778     12.360   0.63    0.00    0.00   0.00       1514
20210104  18371470   55.2310  -162.0910     11.380   0.42    0.00    0.00   0.00        153
20210104  18411560   54.5887  -161.2720     29.150   1.65    0.00    0.00   0.00        154
20210224  17412700   55.0572  -163.3808     14.730   1.66    0.00    0.00   0.00       1540
20210224  19102780   55.5052  -161.8542     28.950   0.33    0.00    0.00   0.00       1543
20210224  19512780   54.9868  -161.3960     32.210   1.58    0.00    0.00   0.00       1544
20210224  20593130   55.1223  -163.3078     15.710   1.74    0.00    0.00   0.00       1548
20210225   2041803   55.0367  -161.7520     19.430   1.17    0.00    0.00   0.00       1551
20210225   2043727   55.1493  -161.7593     25.170   1.22    0.00    0.00   0.00       1552
20210225   3220579   54.9717  -162.1905      3.000   1.67    0.00    0.00   0.00       1553
20210225   7391387   55.0402  -161.5965      4.000   0.78    0.00    0.00   0.00       1560
20210225  15595661   55.0887  -162.0588     13.860   0.52    0.00    0.00   0.00       1568
20210104  19480760   54.5875  -161.2682     25.220   2.60    0.00    0.00   0.00        157
20210225  18544336   54.5975  -161.2610     30.510   1.57    0.00    0.00   0.00       1572
20210226   7094609   55.0405  -161.3612     21.100   0.71    0.00    0.00   0.00       1579
20210104  20443696   54.9973  -162.2940     13.870   2.96    0.00    0.00   0.00        158
20210226   9035434   55.0140  -161.3580     30.140   1.99    0.00    0.00   0.00       1581
20210226  12090856   54.5862  -161.2618     25.340   1.97    0.00    0.00   0.00       1585
20210104  20444742   54.9752  -162.3445     12.910   3.35    0.00    0.00   0.00        159
20210226  19003976   55.4620  -161.9960     28.570   0.27    0.00    0.00   0.00       1590
20210226  19394912   55.0995  -161.3812     24.500   0.92    0.00    0.00   0.00       1591
20210227     64423   55.0832  -161.6225     18.000   1.22    0.00    0.00   0.00       1598
20210104  21223452   55.1848  -161.7775      8.840   0.99    0.00    0.00   0.00        160
20210227   6441147   55.0780  -161.9012      9.570   1.03    0.00    0.00   0.00       1602
20210227   8422369   55.2445  -162.2692      4.820   1.54    0.00    0.00   0.00       1606
20210227   9202521   55.1942  -161.9470      3.920   0.83    0.00    0.00   0.00       1608
20210227  15303116   54.9495  -161.6772     11.880   1.03    0.00    0.00   0.00       1612
20210228   6210348   54.9773  -161.4262     32.330   2.16    0.00    0.00   0.00       1627
20210104  22454710   55.0103  -161.4962     30.610   0.74    0.00    0.00   0.00        163
20210228   8102187   55.1052  -161.2280     32.690   1.67    0.00    0.00   0.00       1632
20210228  18011712   54.4998  -161.0232      7.300   1.74    0.00    0.00   0.00       1638
20210228  22085542   54.4890  -163.1787      0.890   2.34    0.00    0.00   0.00       1644
20210228  22595060   55.3762  -161.8233      5.610   0.81    0.00    0.00   0.00       1646
20210301   4285590   54.7762  -161.2337     32.050   2.15    0.00    0.00   0.00       1647
20210301  15000405   55.0292  -161.3812     29.880   2.37    0.00    0.00   0.00       1652
20210301  20375664   54.8968  -160.8793     14.000   1.33    0.00    0.00   0.00       1654
20210302   1542515   55.1187  -161.6143     23.180   1.32    0.00    0.00   0.00       1657
20210302  13180608   54.9240  -162.2095      5.070   1.04    0.00    0.00   0.00       1661
20210302  14453591   55.0622  -161.6092     18.710   1.58    0.00    0.00   0.00       1662
20210303  12320363   55.2515  -160.9372     30.300   2.21    0.00    0.00   0.00       1671
20210303  22090236   55.0563  -161.6133      0.150   1.13    0.00    0.00   0.00       1676
20210304    351327   55.2285  -161.7380      4.570   3.42    0.00    0.00   0.00       1678
20210304    381115   54.5980  -161.4217      7.000   3.52    0.00    0.00   0.00       1680
20210304    443245   55.3063  -161.7388      6.180   0.64    0.00    0.00   0.00       1684
20210304   1225417   55.1798  -163.5122     25.440   2.47    0.00    0.00   0.00       1688
20210304   1581061   55.1590  -163.4583     14.660   1.61    0.00    0.00   0.00       1691
20210101  17171900   55.1287  -161.9217      9.280   1.75    0.00    0.00   0.00         17
20210105   1544147   54.8688  -161.8483      1.220   1.03    0.00    0.00   0.00        170
20210304   9385026   54.4920  -161.7383     11.330   2.25    0.00    0.00   0.00       1703
20210304   9425126   54.4887  -161.7125     10.690   2.04    0.00    0.00   0.00       1704
20210304  12590470   55.0152  -161.5138     22.810   1.40    0.00    0.00   0.00       1706
20210304  13550239   55.3515  -161.9443     31.060   0.66    0.00    0.00   0.00       1709
20210105   3435638   54.9750  -161.7088     19.610   2.04    0.00    0.00   0.00        172
20210304  19532996   54.9017  -161.1905     15.310   2.38    0.00    0.00   0.00       1720
20210304  20374876   55.2695  -160.9808     47.110   2.44    0.00    0.00   0.00       1722
20210304  23563136   55.3615  -162.5563      1.500   1.93    0.00    0.00   0.00       1729
20210105   4325523   54.5238  -162.3755     20.310   1.62    0.00    0.00   0.00        173
20210304  23583998   54.9780  -163.4960     10.000   2.00    0.00    0.00   0.00       1730
20210305    454426   54.5543  -161.4895      6.770   1.91    0.00    0.00   0.00       1737
20210305    461372   55.3225  -161.7815      1.630   1.50    0.00    0.00   0.00       1738
20210305   4032883   55.1380  -161.7607     10.760   1.34    0.00    0.00   0.00       1741
20210305  16112752   55.0243  -161.7770     19.700   2.40    0.00    0.00   0.00       1748
20210305  18265198   55.2862  -160.8698     28.180   2.03    0.00    0.00   0.00       1749
20210105   4575021   55.1232  -161.7367     23.770   1.82    0.00    0.00   0.00        175
20210305  18530278   55.0073  -161.6243     24.590   1.72    0.00    0.00   0.00       1751
20210306    584250   55.3330  -161.7050     21.050   2.01    0.00    0.00   0.00       1762
20210306  12063994   54.9345  -162.2472      3.690   0.93    0.00    0.00   0.00       1772
20210306  12343397   55.1030  -161.7627     17.810   1.87    0.00    0.00   0.00       1776
20210307   8564990   54.6185  -161.3242     29.880   1.51    0.00    0.00   0.00       1782
20210307  12442878   54.7597  -161.0222     30.390   2.36    0.00    0.00   0.00       1791
20210307  14112929   54.3755  -163.2178     24.330   2.14    0.00    0.00   0.00       1795
20210105  14135705   54.4500  -161.6833     11.140   2.04    0.00    0.00   0.00        180
20210307  23315460   54.5837  -161.2978     11.590   2.56    0.00    0.00   0.00       1800
20210307  23584100   55.3677  -161.7257     18.060   1.62    0.00    0.00   0.00       1801
20210308     14566   55.1480  -161.2483     32.330   1.37    0.00    0.00   0.00       1802
20210308     15391   55.0687  -160.9585     31.110   2.25    0.00    0.00   0.00       1803
20210308   9530866   55.1030  -161.7838     12.090   1.23    0.00    0.00   0.00       1813
20210308  19545540   55.1840  -161.8112     17.960   2.09    0.00    0.00   0.00       1818
20210308  22562096   54.5730  -161.3135     13.290   1.57    0.00    0.00   0.00       1822
20210309   5240842   55.3597  -161.8618      6.880  -0.07    0.00    0.00   0.00       1823
20210309   5255645   55.4330  -161.1608     41.640   1.50    0.00    0.00   0.00       1824
20210309   6120317   55.3262  -161.7170      6.160   1.22    0.00    0.00   0.00       1826
20210105  19355736   54.5268  -162.5048      8.790   2.51    0.00    0.00   0.00        183
20210309  11470709   54.9615  -161.6165     16.300   2.25    0.00    0.00   0.00       1834
20210309  15282652   55.0442  -161.7400     23.910   1.02    0.00    0.00   0.00       1836
20210309  15595620   54.6085  -161.2843     25.770   1.96    0.00    0.00   0.00       1837
20210310   1452258   54.6023  -160.6978      8.340   1.34    0.00    0.00   0.00       1845
20210310   6531495   54.4737  -163.1773      1.440   1.84    0.00    0.00   0.00       1848
20210310   7154430   54.9702  -162.2638      0.610   1.55    0.00    0.00   0.00       1850
20210310   8525700   55.1900  -162.0338     27.570   0.82    0.00    0.00   0.00       1854
20210310   9151781   54.9463  -161.3240     16.920   0.84    0.00    0.00   0.00       1855
20210310   9154168   55.1703  -161.8235     17.210   0.51    0.00    0.00   0.00       1856
20210310  18243526   55.3018  -161.6592     16.080   0.37    0.00    0.00   0.00       1858
20210310  20210648   54.6853  -160.6140     22.770   2.04    0.00    0.00   0.00       1859
20210310  23391752   55.0208  -162.2990      4.320   1.55    0.00    0.00   0.00       1861
20210311   5143829   54.9573  -161.3535     32.820   2.04    0.00    0.00   0.00       1863
20210311   5485991   54.8955  -162.8120     58.190   1.72    0.00    0.00   0.00       1864
20210311   6033337   55.0568  -161.4563      2.930   2.16    0.00    0.00   0.00       1868
20210311  13082381   54.5632  -162.0945     46.910   1.79    0.00    0.00   0.00       1875
20210311  19524360   55.0152  -161.5685     18.990   0.49    0.00    0.00   0.00       1876
20210311  20505256   55.4272  -161.4592     40.400   1.14    0.00    0.00   0.00       1877
20210105  23354072   55.1263  -161.5582      1.230   2.17    0.00    0.00   0.00        188
20210311  23530298   54.9650  -162.4417     13.340   1.51    0.00    0.00   0.00       1880
20210315    560451   55.2595  -162.2198      5.960   0.80    0.00    0.00   0.00       1881
20210315   2350503   55.3097  -161.7078      5.950   1.32    0.00    0.00   0.00       1883
20210315   3362204   55.0722  -161.5343     23.190   1.43    0.00    0.00   0.00       1885
20210315   4115208   54.5770  -162.5822     15.520   1.66    0.00    0.00   0.00       1889
20210315   6195335   55.0870  -162.3512     31.580   1.28    0.00    0.00   0.00       1894
20210315   8344808   55.2982  -161.6580      5.340   1.21    0.00    0.00   0.00       1896
20210315  13525060   54.8178  -162.4337     23.950   1.56    0.00    0.00   0.00       1903
20210315  13580500   55.8897  -160.5787     11.790   2.29    0.00    0.00   0.00       1905
20210315  14013978   55.8685  -160.5658      9.320   1.63    0.00    0.00   0.00       1906
20210315  19094896   55.2778  -161.9938     12.530   0.41    0.00    0.00   0.00       1909
20210316   3052194   54.8495  -163.2282     14.800   1.54    0.00    0.00   0.00       1915
20210316   3053261   55.3252  -162.0745     11.530   1.50    0.00    0.00   0.00       1916
20210316   9173497   54.7538  -161.4197     54.660   3.29    0.00    0.00   0.00       1920
20210316  10401118   54.6897  -161.3828     43.910   1.61    0.00    0.00   0.00       1922
20210316  18424378   55.1547  -162.6642     42.420   3.13    0.00    0.00   0.00       1928
20210316  22231768   54.9705  -162.1913      0.970   0.78    0.00    0.00   0.00       1932
20210317  17254888   54.9853  -161.9318      4.240   0.81    0.00    0.00   0.00       1950
20210317  18022046   54.8565  -162.6637     32.320   1.45    0.00    0.00   0.00       1952
20210317  19202868   54.8407  -161.2465     29.370   1.43    0.00    0.00   0.00       1953
20210317  19451728   54.5160  -161.3062      6.070   1.73    0.00    0.00   0.00       1955
20210317  21131744   55.5535  -161.7325      5.330   0.53    0.00    0.00   0.00       1958
20210317  21501284   55.1555  -161.9128      4.600   0.78    0.00    0.00   0.00       1959
20210317  22034282   54.5737  -161.3518     13.750   1.10    0.00    0.00   0.00       1961
20210317  22422696   54.4597  -162.8585      7.510   1.90    0.00    0.00   0.00       1963
20210317  23003324   55.2755  -162.1983     11.220   1.28    0.00    0.00   0.00       1965
20210318    140041   55.1905  -162.2878     17.010   1.28    0.00    0.00   0.00       1969
20210107   2552989   55.0972  -161.5740     29.320   2.19    0.00    0.00   0.00        197
20210318   1312998   54.8393  -161.1687     52.880   1.25    0.00    0.00   0.00       1973
20210318   2453895   55.4520  -161.8760     30.910   0.99    0.00    0.00   0.00       1975
20210318   3160086   54.3270  -161.4747      5.370   1.50    0.00    0.00   0.00       1977
20210318   6262768   54.7948  -162.9153     10.380   1.02    0.00    0.00   0.00       1981
20210318   7222430   54.4832  -162.0618     14.600   1.24    0.00    0.00   0.00       1983
20210318   8064894   55.0343  -161.3300     25.020   0.87    0.00    0.00   0.00       1984
20210318   8241402   55.0677  -161.6820     19.290   1.39    0.00    0.00   0.00       1986
20210318   9585749   54.9677  -162.8895     52.550   1.33    0.00    0.00   0.00       1988
20210318  12202988   55.2212  -161.6575      6.180   1.12    0.00    0.00   0.00       1991
20210318  14361910   55.1797  -161.9240      5.540   0.66    0.00    0.00   0.00       1995
20210318  15253738   54.5917  -161.2445     29.660   1.11    0.00    0.00   0.00       1996
20210318  16564969   55.5653  -163.3485     13.600   1.37    0.00    0.00   0.00       1997
20210318  19354344   54.4873  -163.1638      0.090   1.69    0.00    0.00   0.00       2001
20210318  20150040   55.3122  -161.5645     10.100   0.39    0.00    0.00   0.00       2006
20210318  22502726   54.9878  -160.6907     39.750   4.06    0.00    0.00   0.00       2007
20210319   2172795   54.7677  -160.7085      8.810   1.93    0.00    0.00   0.00       2011
20210319   6025314   54.9858  -162.3585      6.240   0.50    0.00    0.00   0.00       2014
20210319   7152396   55.0788  -161.7143     16.970   1.19    0.00    0.00   0.00       2017
20210319  20013750   55.4985  -161.7815     17.500   0.94    0.00    0.00   0.00       2029
20210320  10261306   55.3082  -160.6108     30.550   1.96    0.00    0.00   0.00       2034
20210107   8463758   55.1133  -161.4650     27.440   1.86    0.00    0.00   0.00        204
20210320  15403268   54.4407  -162.3888     32.080   1.96    0.00    0.00   0.00       2041
20210320  15405676   55.1432  -162.1635      5.100   0.89    0.00    0.00   0.00       2042
20210320  18461120   55.2483  -162.0813     17.030   1.24    0.00    0.00   0.00       2044
20210107  11452818   55.3687  -161.7298      7.150   1.30    0.00    0.00   0.00        205
20210321   1151367   55.1758  -161.5177     17.150   2.08    0.00    0.00   0.00       2050
20210321   3534093   55.6453  -161.9690      4.040   0.89    0.00    0.00   0.00       2052
20210321   4514343   54.7800  -161.0048     30.460   1.68    0.00    0.00   0.00       2053
20210321   4521543   55.1780  -161.9312      6.960   1.07    0.00    0.00   0.00       2054
20210321   6201780   55.2662  -161.6185      5.490  -0.04    0.00    0.00   0.00       2055
20210321   9133717   54.5337  -161.5667     15.270   1.64    0.00    0.00   0.00       2056
20210321  13305304   54.5052  -162.3423     39.880   1.63    0.00    0.00   0.00       2057
20210321  15280481   54.5950  -162.3333     61.410   2.32    0.00    0.00   0.00       2059
20210321  23005206   55.2918  -161.6090      3.030  -0.18    0.00    0.00   0.00       2065
20210322    105169   54.8383  -160.5058     24.820   2.08    0.00    0.00   0.00       2066
20210322    362859   55.3307  -161.9707     10.220   0.81    0.00    0.00   0.00       2071
20210322   6274863   55.0830  -161.1768      0.380   1.36    0.00    0.00   0.00       2079
20210322   8420584   55.2945  -161.6730      5.520  -0.03    0.00    0.00   0.00       2081
20210322   9035168   54.8997  -161.3853     19.170   0.90    0.00    0.00   0.00       2082
20210322   9215694   55.1592  -161.8937      5.700   0.61    0.00    0.00   0.00       2083
20210322  11064283   55.3852  -162.7285     16.350   1.46    0.00    0.00   0.00       2085
20210322  14472228   54.9853  -161.5070     32.570   1.92    0.00    0.00   0.00       2089
20210322  18440212   54.9907  -161.5280     32.280   3.44    0.00    0.00   0.00       2092
20210322  19003218   55.0737  -161.7265     23.030   1.23    0.00    0.00   0.00       2093
20210323  11280443   54.6552  -161.3562     12.800   2.69    0.00    0.00   0.00       2099
20210323  15120480   55.2453  -161.5977      4.680   0.41    0.00    0.00   0.00       2102
20210323  20350460   55.4288  -161.9315      3.540   2.03    0.00    0.00   0.00       2106
20210323  21203596   55.0838  -161.6030     25.010   1.70    0.00    0.00   0.00       2110
20210324   1480003   55.2908  -161.8182     13.240  -0.05    0.00    0.00   0.00       2116
20210324   6303184   55.4260  -162.7825     16.350   2.30    0.00    0.00   0.00       2117
20210324   6471037   55.4113  -162.7810      1.670   1.57    0.00    0.00   0.00       2118
20210324  16194618   55.2852  -161.5315      4.490   0.79    0.00    0.00   0.00       2126
20210325   4230304   54.5893  -161.3047     31.220   1.78    0.00    0.00   0.00       2132
20210325  13253907   55.4695  -161.4758     27.050   1.67    0.00    0.00   0.00       2136
20210107  18280944   55.3715  -161.7613      3.420  -0.26    0.00    0.00   0.00        214
20210325  15245957   55.1310  -161.7020     13.500   0.65    0.00    0.00   0.00       2140
20210325  15254230   55.1517  -161.3610      0.430   0.62    0.00    0.00   0.00       2141
20210325  20120890   54.7878  -161.2525     22.030   1.75    0.00    0.00   0.00       2147
20210325  20122996   55.0892  -161.4057     16.410   1.32    0.00    0.00   0.00       2148
20210326   5250384   54.9417  -162.3033     22.100   1.06    0.00    0.00   0.00       2159
20210326   6393899   55.1940  -162.4793     24.470   1.45    0.00    0.00   0.00       2163
20210326   7172901   55.7972  -160.5277      9.530   1.57    0.00    0.00   0.00       2164
20210326   7273954   55.3207  -162.7507     16.550   1.40    0.00    0.00   0.00       2166
20210326   9031406   54.2142  -161.5062      8.090   1.50    0.00    0.00   0.00       2171
20210326  13352117   54.9863  -162.3705     11.710   0.89    0.00    0.00   0.00       2179
20210107  19350692   55.3607  -161.6823      6.020   0.84    0.00    0.00   0.00        218
20210326  13522346   55.0948  -161.6900     17.120   1.18    0.00    0.00   0.00       2181
20210326  16130153   54.8293  -162.0528      1.270   0.96    0.00    0.00   0.00       2189
20210107  19361544   55.3342  -161.3765     19.920   0.75    0.00    0.00   0.00        219
20210326  16293458   55.0692  -162.5138     25.600   1.28    0.00    0.00   0.00       2192
20210326  16582900   55.2998  -161.5905     33.440   1.92    0.00    0.00   0.00       2195
20210326  18154454   55.0073  -161.4103     32.380   1.40    0.00    0.00   0.00       2199
20210326  22114972   55.3513  -163.0223     25.420   1.81    0.00    0.00   0.00       2204
20210327   2375206   54.5923  -161.4802     12.810   1.34    0.00    0.00   0.00       2205
20210327   2382541   55.0583  -161.9432      7.460   1.07    0.00    0.00   0.00       2206
20210327   3185500   55.4642  -161.8580     27.700   0.57    0.00    0.00   0.00       2208
20210327   6004110   54.5628  -161.3327     30.060   1.55    0.00    0.00   0.00       2210
20210327   8253959   55.3203  -161.7157      5.740   1.40    0.00    0.00   0.00       2211
20210327  14020792   55.2735  -161.0532     43.400   1.88    0.00    0.00   0.00       2216
20210327  14024819   55.2183  -161.7578      9.500   1.28    0.00    0.00   0.00       2217
20210107  22111978   55.0715  -161.6300     13.240   1.05    0.00    0.00   0.00        222
20210328   3514613   55.3760  -161.7120     17.510   0.26    0.00    0.00   0.00       2226
20210328   4401712   54.5593  -161.2517     13.390   1.62    0.00    0.00   0.00       2227
20210107  23383672   54.6042  -161.2638     25.600   2.69    0.00    0.00   0.00        223
20210328   6373822   55.3132  -161.6145     20.170   0.36    0.00    0.00   0.00       2230
20210328   7522907   54.9278  -162.2270      2.580   2.21    0.00    0.00   0.00       2231
20210328   8390020   55.2122  -161.9555     15.290   0.49    0.00    0.00   0.00       2233
20210328   9053548   55.7610  -162.2473      5.200   1.06    0.00    0.00   0.00       2236
20210328   9591072   54.4922  -161.5182      8.680   2.54    0.00    0.00   0.00       2238
20210108    224461   54.9758  -161.2943     36.010   2.08    0.00    0.00   0.00        224
20210328  11051364   55.3267  -161.9188     17.970   1.17    0.00    0.00   0.00       2240
20210328  14003292   54.8922  -161.2342     32.180   1.85    0.00    0.00   0.00       2243
20210328  15233507   54.9143  -162.1947      2.190   1.16    0.00    0.00   0.00       2244
20210328  15234791   54.8627  -162.2068      0.610   1.68    0.00    0.00   0.00       2245
20210330   2003890   54.8272  -162.0212     15.570   1.20    0.00    0.00   0.00       2254
20210330   2265906   55.3343  -161.6668      7.120   1.62    0.00    0.00   0.00       2258
20210330   3185088   54.6023  -161.1835     11.110   1.53    0.00    0.00   0.00       2259
20210330   3362085   54.5242  -161.1535     26.470   1.73    0.00    0.00   0.00       2260
20210330   6260659   55.0272  -161.7203      3.360   1.18    0.00    0.00   0.00       2264
20210330  15065316   54.5023  -162.5528     15.600   1.87    0.00    0.00   0.00       2269
20210108    535984   55.1377  -161.6242     29.430   1.89    0.00    0.00   0.00        227
20210331   1172264   55.3228  -161.4177     33.520   2.47    0.00    0.00   0.00       2276
20210108    535535   54.8305  -160.8378     27.160   2.16    0.00    0.00   0.00        228
20210331   6421836   54.7105  -161.0873     64.830   2.04    0.00    0.00   0.00       2280
20210401  16255005   54.9953  -161.6730     23.900   1.16    0.00    0.00   0.00       2282
20210402    360652   55.1450  -160.9002     71.450   2.25    0.00    0.00   0.00       2286
20210402   4453964   54.5613  -161.0003     18.840   2.10    0.00    0.00   0.00       2288
20210402  11512956   54.6597  -162.5977     12.920   1.22    0.00    0.00   0.00       2295
20210101  20475184   55.3578  -161.9093      0.210   2.46    0.00    0.00   0.00         23
20210403   3400104   55.2022  -161.5170      3.050   0.79    0.00    0.00   0.00       2308
20210403   5562762   54.7842  -161.2023     29.930   2.25    0.00    0.00   0.00       2312
20210403   7595422   55.1623  -161.9542      4.870   1.09    0.00    0.00   0.00       2317
20210403   9153672   55.3825  -161.7577      8.450   0.09    0.00    0.00   0.00       2318
20210403  12422308   54.8915  -161.9348      1.000   0.95    0.00    0.00   0.00       2322
20210403  12422415   54.5623  -161.6057     11.170   1.14    0.00    0.00   0.00       2323
20210403  14581257   54.6312  -160.9135      9.340   1.52    0.00    0.00   0.00       2325
20210403  16100726   54.7813  -160.4213      9.860   1.21    0.00    0.00   0.00       2327
20210403  16543775   54.9582  -162.2632      6.120   1.36    0.00    0.00   0.00       2328
20210403  18042480   55.0557  -161.3132     25.020   1.57    0.00    0.00   0.00       2331
20210403  19011408   54.4962  -162.9383     11.890   1.40    0.00    0.00   0.00       2334
20210404   2003106   55.3472  -161.9545     21.380   0.85    0.00    0.00   0.00       2335
20210108   5125012   55.0985  -162.0783     15.520   1.26    0.00    0.00   0.00        234
20210404   7155973   54.9607  -162.1675      2.640   0.78    0.00    0.00   0.00       2341
20210404   7411763   55.3123  -161.6873      4.590   0.62    0.00    0.00   0.00       2343
20210404   9043034   54.7135  -161.1413     30.260   2.62    0.00    0.00   0.00       2348
20210108   5442968   55.3888  -161.7355      4.580   1.47    0.00    0.00   0.00        235
20210404  12394731   55.5365  -162.3880     20.590   1.54    0.00    0.00   0.00       2351
20210404  12400038   55.5452  -162.2973     32.760   2.19    0.00    0.00   0.00       2352
20210404  12471057   55.1097  -162.2755      6.220   1.51    0.00    0.00   0.00       2353
20210404  14443033   55.3495  -161.2768     38.740   1.21    0.00    0.00   0.00       2355
20210404  16510439   54.9815  -162.3423      6.300   0.61    0.00    0.00   0.00       2359
20210404  17433732   55.3875  -162.4730     20.490   1.53    0.00    0.00   0.00       2361
20210404  19452726   55.1310  -161.7312      5.940   0.46    0.00    0.00   0.00       2365
20210404  21172834   55.3058  -161.7197      5.070   0.24    0.00    0.00   0.00       2366
20210404  21480580   54.9912  -160.7583     29.200   2.12    0.00    0.00   0.00       2368
20210404  22235600   54.5552  -161.0177      7.850   1.85    0.00    0.00   0.00       2369
20210108   8353434   55.1002  -161.6207     17.410   0.99    0.00    0.00   0.00        237
20210405   6593353   55.1628  -161.7757     31.690   1.24    0.00    0.00   0.00       2376
20210405  20542672   54.9915  -162.2893      0.370   1.65    0.00    0.00   0.00       2378
20210405  21220516   55.2252  -162.2298     15.360   0.53    0.00    0.00   0.00       2381
20210405  21455712   55.1382  -161.9047      4.250   0.70    0.00    0.00   0.00       2383
20210405  21461340   55.3267  -161.8083     14.820  -0.10    0.00    0.00   0.00       2384
20210405  23061290   55.5443  -161.4315     12.990   0.79    0.00    0.00   0.00       2387
20210405  23153992   54.9910  -161.6880     17.400   1.11    0.00    0.00   0.00       2389
20210108  10312928   55.1448  -161.6140     25.780   1.82    0.00    0.00   0.00        239
20210406   2291156   54.4938  -161.8032     10.210   1.67    0.00    0.00   0.00       2393
20210406   5515967   55.5672  -161.5952      4.690   1.17    0.00    0.00   0.00       2396
20210406   9043126   54.9470  -162.7897     18.510   1.26    0.00    0.00   0.00       2401
20210406  12001694   55.3245  -161.8478     26.820   0.42    0.00    0.00   0.00       2404
20210406  12225132   55.1237  -161.8978     11.700   1.42    0.00    0.00   0.00       2406
20210406  13052168   55.1403  -161.7885     14.370   1.63    0.00    0.00   0.00       2408
20210406  16083083   55.3015  -161.4093     16.650   1.16    0.00    0.00   0.00       2413
20210406  16085672   55.2118  -161.8240      6.290   1.09    0.00    0.00   0.00       2414
20210406  17033968   55.3023  -162.4433     22.770   1.64    0.00    0.00   0.00       2415
20210406  17235650   55.2867  -162.2060      5.280   0.40    0.00    0.00   0.00       2417
20210406  17543950   55.2342  -162.1158     22.530   0.90    0.00    0.00   0.00       2419
20210406  22554108   54.7927  -163.4692     28.000   1.48    0.00    0.00   0.00       2425
20210407     82060   55.0720  -162.0902      4.930   0.81    0.00    0.00   0.00       2427
20210407    230847   55.2467  -161.4215     21.180   1.63    0.00    0.00   0.00       2430
20210407   3030132   55.2767  -161.8538     19.660   0.42    0.00    0.00   0.00       2434
20210407   5212433   55.0068  -162.3485     10.590   1.39    0.00    0.00   0.00       2437
20210407   6104098   54.8998  -160.7337     12.830   1.21    0.00    0.00   0.00       2439
20210407   6282627   55.5158  -161.4765      3.550   0.81    0.00    0.00   0.00       2440
20210407  14312122   54.5850  -161.3053     11.510   1.16    0.00    0.00   0.00       2449
20210407  19330800   55.0190  -162.3115      5.150   1.52    0.00    0.00   0.00       2452
20210407  21341216   55.1180  -161.9380      4.840   1.49    0.00    0.00   0.00       2455
20210407  23591348   55.1117  -161.6530     11.760   0.87    0.00    0.00   0.00       2457
20210408     80687   55.3773  -162.6258      1.260   1.70    0.00    0.00   0.00       2459
20210408   6133722   54.7398  -160.9605     29.400   2.84    0.00    0.00   0.00       2461
20210408   6342901   55.1630  -161.9315      5.530   0.88    0.00    0.00   0.00       2464
20210408   8224882   55.2538  -161.3408      2.590   1.18    0.00    0.00   0.00       2468
20210108  13373409   55.1988  -161.5200      3.900   0.87    0.00    0.00   0.00        247
20210408   8262203   55.3468  -161.6807      7.050   0.22    0.00    0.00   0.00       2470
20210408  12524823   55.2745  -162.0513     11.790   1.68    0.00    0.00   0.00       2473
20210408  17124058   55.3820  -162.0602     35.660   2.24    0.00    0.00   0.00       2476
20210408  21115540   55.5765  -161.3790      0.280   2.14    0.00    0.00   0.00       2478
20210108  13480181   55.1760  -161.8948      6.400   1.55    0.00    0.00   0.00        248
20210409   7090564   54.5852  -161.3900     10.730   2.24    0.00    0.00   0.00       2484
20210409  10544165   54.4510  -161.7448     14.350   1.24    0.00    0.00   0.00       2491
20210409  12252534   54.4200  -161.4565      7.610   2.34    0.00    0.00   0.00       2493
20210409  17312532   54.5593  -162.6180     16.770   1.43    0.00    0.00   0.00       2500
20210409  21150720   54.9212  -163.0317     10.740   1.73    0.00    0.00   0.00       2505
20210410   5023212   54.8577  -161.9768      3.740   1.59    0.00    0.00   0.00       2511
20210410   7015897   54.4447  -162.1358     56.000   1.90    0.00    0.00   0.00       2512
20210410   9361860   54.5928  -160.7215     24.140   1.70    0.00    0.00   0.00       2515
20210410   9415570   55.1132  -162.3372     40.940   2.49    0.00    0.00   0.00       2516
20210410  12375485   54.5925  -161.2952     13.790   1.88    0.00    0.00   0.00       2517
20210410  12564260   54.6922  -163.1695     50.970   2.25    0.00    0.00   0.00       2518
20210108  17024280   55.4037  -160.6413     14.990   1.77    0.00    0.00   0.00        252
20210410  21170466   55.2197  -161.7517     17.420   0.46    0.00    0.00   0.00       2527
20210411   5004394   55.0082  -162.4442      9.770   1.67    0.00    0.00   0.00       2531
20210411   5005540   54.9103  -162.6525     14.150   1.79    0.00    0.00   0.00       2532
20210412    213905   54.6000  -161.2732     14.090   1.98    0.00    0.00   0.00       2541
20210412   6312678   55.1335  -161.7428     11.500   1.62    0.00    0.00   0.00       2546
20210412  11384806   55.6250  -160.7032     72.670   1.97    0.00    0.00   0.00       2548
20210412  14082910   54.5435  -162.3933     52.370   2.10    0.00    0.00   0.00       2550
20210412  15410560   54.6153  -161.5148     44.630   1.45    0.00    0.00   0.00       2551
20210412  15473963   55.0938  -160.3800     10.470   1.46    0.00    0.00   0.00       2552
20210412  17264658   54.9593  -162.2435      2.910   1.18    0.00    0.00   0.00       2554
20210412  18434126   55.3828  -161.7248     20.560  -0.03    0.00    0.00   0.00       2557
20210413   5395526   55.3223  -162.0277     32.470   0.56    0.00    0.00   0.00       2565
20210413   6285384   54.9112  -161.5967     75.350   1.39    0.00    0.00   0.00       2566
20210108  18580272   55.3698  -161.8340     17.040  -0.28    0.00    0.00   0.00        257
20210413   7382728   55.3470  -161.9578      6.550   0.23    0.00    0.00   0.00       2571
20210413   9231425   55.3580  -161.7733      3.940   1.18    0.00    0.00   0.00       2574
20210413  14405378   55.5115  -161.8222     31.060   0.64    0.00    0.00   0.00       2582
20210413  19052440   54.6018  -161.2612     13.610   1.49    0.00    0.00   0.00       2585
20210413  19125772   55.6525  -161.7407     11.820   0.67    0.00    0.00   0.00       2586
20210413  22480540   55.3375  -161.8653     17.290   0.10    0.00    0.00   0.00       2589
20210414   4021769   55.1813  -161.7365     19.650   0.46    0.00    0.00   0.00       2594
20210414   4205344   54.6543  -160.7702      7.290   1.58    0.00    0.00   0.00       2596
20210108  21381560   55.3405  -161.8188     14.030   0.19    0.00    0.00   0.00        260
20210414   6133935   55.3180  -161.0592     30.060   1.43    0.00    0.00   0.00       2600
20210414   6140396   55.3663  -161.8355     35.120   2.00    0.00    0.00   0.00       2601
20210108  22264118   54.9993  -161.6090     20.120   1.20    0.00    0.00   0.00        261
20210414  11291110   54.5707  -162.4340     34.990   1.41    0.00    0.00   0.00       2610
20210414  15494791   54.5012  -162.6405     47.730   1.35    0.00    0.00   0.00       2618
20210414  18310328   55.1268  -161.9003     22.530   0.30    0.00    0.00   0.00       2624
20210414  21415452   55.1032  -161.8128     22.550   0.48    0.00    0.00   0.00       2628
20210415   1350095   54.9428  -162.2738      4.980   0.90    0.00    0.00   0.00       2630
20210415   9182068   55.2330  -161.2475     26.840   1.52    0.00    0.00   0.00       2633
20210415  20464388   55.2658  -161.5388     28.660   0.46    0.00    0.00   0.00       2636
20210415  22072206   54.5698  -161.8460     67.370   1.61    0.00    0.00   0.00       2637
20210415  22243972   54.6780  -160.6777     23.280   3.27    0.00    0.00   0.00       2638
20210415  22265442   54.8347  -160.5435      7.490   1.01    0.00    0.00   0.00       2639
20210416   2361852   54.4688  -161.6998     11.580   1.70    0.00    0.00   0.00       2643
20210416  13031451   55.2635  -162.4043     18.610   0.92    0.00    0.00   0.00       2651
20210416  18382504   54.8395  -161.2413     31.250   1.78    0.00    0.00   0.00       2656
20210416  19460408   55.2285  -162.1003     18.350   0.63    0.00    0.00   0.00       2659
20210417    332914   54.6262  -160.7658     22.100   1.66    0.00    0.00   0.00       2664
20210417   1131874   54.8843  -160.8917     46.790   1.82    0.00    0.00   0.00       2665
20210417   1262158   54.8617  -160.3487     22.650   2.01    0.00    0.00   0.00       2666
20210417   4241405   54.5817  -162.8720     30.230   1.80    0.00    0.00   0.00       2674
20210417   6495633   55.3763  -161.6418     14.370   0.13    0.00    0.00   0.00       2677
20210417   7534383   54.9177  -161.4755     23.640   1.87    0.00    0.00   0.00       2679
20210109   2392440   55.1072  -161.8913     13.470   1.28    0.00    0.00   0.00        268
20210417   8024088   54.5777  -161.4110     25.760   1.45    0.00    0.00   0.00       2683
20210417   8432601   55.1878  -162.0778     10.140   1.55    0.00    0.00   0.00       2687
20210417   9104541   55.3597  -161.9702     13.250   0.10    0.00    0.00   0.00       2688
20210417   9380412   54.9288  -161.5040     22.990   1.46    0.00    0.00   0.00       2694
20210417   9512277   54.9468  -161.5140     23.940   1.79    0.00    0.00   0.00       2698
20210102    275544   54.9695  -162.9365      1.090   2.41    0.00    0.00   0.00         27
20210417   9561870   55.3562  -161.8130     10.130   0.49    0.00    0.00   0.00       2701
20210417  11364704   54.8288  -161.2520     30.090   2.62    0.00    0.00   0.00       2702
20210417  11371547   55.2143  -162.1132      5.370   2.45    0.00    0.00   0.00       2703
20210417  16101663   54.6842  -160.6725     22.890   2.11    0.00    0.00   0.00       2707
20210417  16114313   54.4712  -163.1197      4.350   1.25    0.00    0.00   0.00       2708
20210417  17392856   54.8435  -161.3942     22.430   0.95    0.00    0.00   0.00       2712
20210417  17395412   55.1627  -161.9612      4.530   0.21    0.00    0.00   0.00       2713
20210417  18504192   54.8313  -161.4468     27.080   0.99    0.00    0.00   0.00       2716
20210417  18510756   55.1637  -161.9642      4.370   0.49    0.00    0.00   0.00       2717
20210417  22134268   55.6163  -161.9010     18.140   0.09    0.00    0.00   0.00       2720
20210417  23040522   54.6003  -161.2895     14.210   1.21    0.00    0.00   0.00       2721
20210417  23071776   55.5183  -161.4392     17.120   0.68    0.00    0.00   0.00       2722
20210418   1081412   55.1363  -161.7027      4.700   1.27    0.00    0.00   0.00       2725
20210418   2195874   55.2908  -162.0725     31.380  -0.05    0.00    0.00   0.00       2729
20210109   5233332   55.0603  -162.3823      1.850   1.49    0.00    0.00   0.00        273
20210418   3523545   54.7525  -160.3073     21.460   2.23    0.00    0.00   0.00       2730
20210418   4294871   54.8268  -161.7807      0.350   0.54    0.00    0.00   0.00       2732
20210418   7300602   55.4860  -161.8273     27.080   0.36    0.00    0.00   0.00       2734
20210418   7343478   55.4748  -161.8215     28.730   0.49    0.00    0.00   0.00       2735
20210418   7360177   55.4673  -161.9848     16.020   1.03    0.00    0.00   0.00       2736
20210418   9380698   54.5692  -161.3037     13.230   2.18    0.00    0.00   0.00       2741
20210418  10211644   55.0318  -161.4963     29.640   1.61    0.00    0.00   0.00       2744
20210418  11383300   54.8338  -161.3730     19.320   0.77    0.00    0.00   0.00       2746
20210418  11385856   55.0957  -161.8078      3.930   0.19    0.00    0.00   0.00       2747
20210418  12053333   54.5750  -162.3203     63.880   2.27    0.00    0.00   0.00       2748
20210109   6592715   55.3965  -161.8403     11.600   0.52    0.00    0.00   0.00        275
20210418  14245403   55.1673  -162.7420     30.260   1.15    0.00    0.00   0.00       2753
20210418  14420989   55.2965  -161.7178      9.070   0.53    0.00    0.00   0.00       2756
20210418  14422712   55.2530  -162.0498     16.910   0.03    0.00    0.00   0.00       2757
20210418  15035779   55.4277  -161.7738      5.530  -0.51    0.00    0.00   0.00       2758
20210418  15391019   54.8448  -161.4748     23.620   0.76    0.00    0.00   0.00       2760
20210418  15543205   54.6182  -161.6787     13.760   1.30    0.00    0.00   0.00       2764
20210418  15595201   55.2788  -162.2600     31.930   0.83    0.00    0.00   0.00       2766
20210418  17442110   55.2377  -161.6145     14.260   1.06    0.00    0.00   0.00       2768
20210418  17444440   55.3095  -161.4152      2.490   1.86    0.00    0.00   0.00       2769
20210418  19060668   55.3152  -161.2437     16.300   1.08    0.00    0.00   0.00       2770
20210418  19063326   55.3645  -161.4753     21.070   1.36    0.00    0.00   0.00       2771
20210419   9554065   55.4007  -162.3497      5.880   0.57    0.00    0.00   0.00       2782
20210419  12012985   55.4902  -162.2003     23.490   1.41    0.00    0.00   0.00       2787
20210419  12060653   54.9478  -162.2568      3.820   1.42    0.00    0.00   0.00       2788
20210419  18325528   54.8778  -161.4220     29.510   2.47    0.00    0.00   0.00       2796
20210419  19540806   55.0410  -161.7615     32.520   0.85    0.00    0.00   0.00       2798
20210419  21140906   54.4253  -163.0230     19.760   2.30    0.00    0.00   0.00       2799
20210102    274824   54.4357  -161.3483     11.250   2.24    0.00    0.00   0.00         28
20210419  21143252   55.0078  -162.1607      3.590   1.94    0.00    0.00   0.00       2800
20210420   1282589   54.6890  -161.4567     11.230   1.69    0.00    0.00   0.00       2803
20210420   1512692   54.9222  -161.0308     55.930   2.47    0.00    0.00   0.00       2805
20210420   6490197   55.2785  -161.6513      5.550   0.19    0.00    0.00   0.00       2806
20210109   7491106   54.9973  -162.8097      3.440   1.53    0.00    0.00   0.00        281
20210420  11094221   55.3323  -161.6538      5.960   0.27    0.00    0.00   0.00       2810
20210420  13140924   54.8495  -163.3290     13.180   1.67    0.00    0.00   0.00       2811
20210420  19582352   55.3190  -161.0465     32.780   2.55    0.00    0.00   0.00       2814
20210420  22132026   55.1732  -161.1805     15.470   1.19    0.00    0.00   0.00       2816
20210421  20545980   54.4650  -161.7235      9.550   2.00    0.00    0.00   0.00       2821
20210421  22141416   54.5683  -162.3845     20.710   1.69    0.00    0.00   0.00       2822
20210422  22413788   55.3147  -161.7687      7.890   1.05    0.00    0.00   0.00       2826
20210422  23253132   54.9438  -162.2840      5.250   1.60    0.00    0.00   0.00       2829
20210423   2033989   54.4802  -161.5902      6.810   1.50    0.00    0.00   0.00       2835
20210109   7542930   54.7240  -161.6000     10.110   1.46    0.00    0.00   0.00        284
20210423   7501888   54.9810  -162.2930      2.720   1.59    0.00    0.00   0.00       2841
20210423  11411167   54.9340  -162.2243      2.850   1.04    0.00    0.00   0.00       2844
20210423  12164989   54.5808  -161.2643     13.640   1.70    0.00    0.00   0.00       2845
20210423  16201492   54.9425  -161.8422     16.090   0.71    0.00    0.00   0.00       2849
20210423  17360662   55.2030  -163.6197     23.530   1.87    0.00    0.00   0.00       2850
20210424     72707   54.4542  -162.1235     55.100   1.88    0.00    0.00   0.00       2859
20210425     13948   54.5822  -162.6685     15.260   2.02    0.00    0.00   0.00       2868
20210425   1445649   54.7028  -161.4823     54.820   2.18    0.00    0.00   0.00       2870
20210425   7595327   55.3683  -162.2835     34.440   1.04    0.00    0.00   0.00       2874
20210425  11371146   55.3153  -161.7260     10.010   0.45    0.00    0.00   0.00       2876
20210425  16490866   54.4410  -162.1820     10.150   1.86    0.00    0.00   0.00       2878
20210425  18174272   55.3665  -162.0118     48.810   1.49    0.00    0.00   0.00       2879
20210425  21012348   55.3880  -161.8232     16.170  -0.14    0.00    0.00   0.00       2881
20210425  21032924   55.4865  -161.6772     27.580   1.13    0.00    0.00   0.00       2882
20210425  22392154   54.9607  -161.9127     29.160   2.01    0.00    0.00   0.00       2884
20210426   8180414   54.5877  -161.1895     12.150   1.60    0.00    0.00   0.00       2886
20210426  13094892   54.9763  -161.5197     32.160   1.45    0.00    0.00   0.00       2889
20210426  18164572   55.3655  -161.8360      6.900   1.18    0.00    0.00   0.00       2898
20210109   9081512   54.6213  -161.4108      6.960   1.95    0.00    0.00   0.00        290
20210427   2330771   55.4588  -161.4400     16.100   1.55    0.00    0.00   0.00       2902
20210427   4515571   55.1595  -161.5637      2.210   2.75    0.00    0.00   0.00       2904
20210427   6181262   54.3862  -161.0035      5.710   2.78    0.00    0.00   0.00       2907
20210427  13144159   55.3718  -161.9123      6.400  -0.12    0.00    0.00   0.00       2913
20210427  17281048   55.3718  -161.9933     10.140   1.79    0.00    0.00   0.00       2917
20210427  19300838   55.1323  -161.9038      8.970   1.12    0.00    0.00   0.00       2919
20210427  23341334   55.1105  -161.9667      4.340  -0.16    0.00    0.00   0.00       2925
20210428   4312640   54.8407  -160.9815     47.000   2.81    0.00    0.00   0.00       2930
20210428  10225947   54.6383  -162.9332     65.840   1.63    0.00    0.00   0.00       2934
20210429    132044   55.1355  -162.5802     24.510   1.43    0.00    0.00   0.00       2938
20210429   1201805   55.1765  -161.8918     13.670   0.17    0.00    0.00   0.00       2939
20210109  10264849   54.5720  -161.6508     41.210   1.54    0.00    0.00   0.00        294
20210429   1203781   55.2165  -162.1415     11.310   0.42    0.00    0.00   0.00       2940
20210429   3542722   55.2473  -160.8707     76.080   1.36    0.00    0.00   0.00       2941
20210429  15323728   55.4203  -161.8367     13.450  -0.03    0.00    0.00   0.00       2956
20210429  16480086   54.7827  -162.7587     29.940   1.42    0.00    0.00   0.00       2957
20210429  17560120   55.2280  -161.7785      6.400   0.36    0.00    0.00   0.00       2960
20210430   8272792   55.4290  -161.6930      4.370  -0.46    0.00    0.00   0.00       2970
20210430  14162888   55.1868  -161.9343     28.620   0.33    0.00    0.00   0.00       2978
20210430  14181678   55.3867  -161.2708     38.640   1.95    0.00    0.00   0.00       2980
20210430  15172499   54.6650  -163.0907     36.000   1.43    0.00    0.00   0.00       2984
20210430  17524010   55.1658  -162.2183      0.220   1.39    0.00    0.00   0.00       2987
20210430  18214752   54.9960  -163.0047     10.880   1.66    0.00    0.00   0.00       2989
20210430  18242280   55.0417  -162.8657     16.580   1.27    0.00    0.00   0.00       2991
20210430  18255640   55.0617  -162.8460      9.950   0.99    0.00    0.00   0.00       2992
20210430  18461328   55.0610  -162.8672      3.200   1.04    0.00    0.00   0.00       2994
20210430  19411934   55.0655  -162.8200     15.700   0.97    0.00    0.00   0.00       2995
20210430  19472348   54.5687  -161.4892     10.500   2.30    0.00    0.00   0.00       2997
20210430  20245490   54.5795  -161.3457     10.190   1.41    0.00    0.00   0.00       2999
20210102   2461466   55.3102  -160.9975     81.460   2.23    0.00    0.00   0.00         30
20210430  23153604   54.8852  -161.7907      3.430   1.28    0.00    0.00   0.00       3001
20210501    221507   54.5440  -161.8523     10.970   1.77    0.00    0.00   0.00       3004
20210109  13443267   54.5780  -161.3200     29.620   1.66    0.00    0.00   0.00        301
20210501   4345808   54.5963  -161.2495     13.240   1.28    0.00    0.00   0.00       3010
20210501   5135712   55.4510  -161.5253     50.630   0.04    0.00    0.00   0.00       3013
20210501   9514922   54.4098  -161.5643     14.110   1.41    0.00    0.00   0.00       3016
20210501   9521657   55.2893  -161.7787      6.390  -0.50    0.00    0.00   0.00       3017
20210501  14582752   55.1135  -161.9748     24.390   1.06    0.00    0.00   0.00       3020
20210501  15261561   55.6020  -160.1792     19.020   1.63    0.00    0.00   0.00       3021
20210503    165745   54.7702  -161.3398     10.580   2.52    0.00    0.00   0.00       3029
20210503    290501   54.8168  -163.1403     15.750   3.29    0.00    0.00   0.00       3030
20210503    291256   55.0825  -161.6712      0.620   2.73    0.00    0.00   0.00       3031
20210503   6152892   55.3322  -161.7198      4.600   0.11    0.00    0.00   0.00       3038
20210503   7321535   54.5695  -161.2882     13.690   2.33    0.00    0.00   0.00       3039
20210503  10475894   54.8042  -163.0708     12.170   1.54    0.00    0.00   0.00       3042
20210503  12080104   54.5652  -161.2882     14.570   2.22    0.00    0.00   0.00       3043
20210503  14100932   54.5558  -161.2113     10.740   1.27    0.00    0.00   0.00       3044
20210503  17174160   54.9763  -160.7155     10.470   1.74    0.00    0.00   0.00       3048
20210503  19002408   55.4362  -161.8713     29.830   1.37    0.00    0.00   0.00       3049
20210503  19012096   55.4383  -161.9482     45.470   1.40    0.00    0.00   0.00       3050
20210503  20473028   55.1705  -161.6408      2.420   0.26    0.00    0.00   0.00       3051
20210504  17005910   54.8735  -162.4372     32.620   1.98    0.00    0.00   0.00       3061
20210505   1102391   55.5522  -161.0153     71.890   1.48    0.00    0.00   0.00       3064
20210505   2300840   55.2603  -161.7615     12.750  -0.31    0.00    0.00   0.00       3066
20210505   6004010   55.2838  -162.7335      0.170   1.28    0.00    0.00   0.00       3070
20210505   7392423   55.3783  -161.7797     11.030   0.16    0.00    0.00   0.00       3071
20210505   7521056   55.3993  -161.9398     18.480   0.36    0.00    0.00   0.00       3072
20210505  10512823   54.6768  -162.3683     91.710   1.51    0.00    0.00   0.00       3076
20210505  14200556   55.0232  -161.4012     30.960   1.53    0.00    0.00   0.00       3083
20210505  21404970   55.4445  -161.8483     25.190   0.72    0.00    0.00   0.00       3085
20210506    194695   54.6772  -163.4318      6.530   3.99    0.00    0.00   0.00       3086
20210506  11470051   55.1815  -161.5007      4.010   0.75    0.00    0.00   0.00       3093
20210507   3495718   54.5955  -160.7722      8.160   2.57    0.00    0.00   0.00       3096
20210110  12293524   55.1225  -161.5613      5.100   1.16    0.00    0.00   0.00        310
20210507  23460796   55.1352  -162.1023     13.400   2.09    0.00    0.00   0.00       3104
20210508    305816   54.6152  -161.4138     12.270   1.79    0.00    0.00   0.00       3105
20210508   1545914   55.1427  -161.8653     28.930   0.44    0.00    0.00   0.00       3106
20210110  13183150   55.3768  -162.0422     23.050   1.79    0.00    0.00   0.00        311
20210508   3474938   54.9940  -162.3033      2.090   1.03    0.00    0.00   0.00       3110
20210508   5354450   55.3902  -161.7240     11.200   0.22    0.00    0.00   0.00       3112
20210508  10330221   54.9758  -162.2455      6.290   0.93    0.00    0.00   0.00       3115
20210508  13323660   54.6772  -161.0735     37.650   2.38    0.00    0.00   0.00       3119
20210508  14003887   55.1390  -161.7678     29.370   0.27    0.00    0.00   0.00       3120
20210508  16350342   55.3538  -161.4875     18.820   0.54    0.00    0.00   0.00       3123
20210508  18230792   54.5977  -161.3455     12.090   1.43    0.00    0.00   0.00       3128
20210508  20151552   55.1213  -162.1280     17.340  -0.28    0.00    0.00   0.00       3134
20210509    535329   54.4298  -162.4337     10.860   1.77    0.00    0.00   0.00       3137
20210509    585539   55.1320  -161.7987     12.870   0.82    0.00    0.00   0.00       3139
20210509  12170330   54.8115  -163.1228     14.000   2.34    0.00    0.00   0.00       3149
20210509  19442444   55.3273  -161.8982      7.230   1.27    0.00    0.00   0.00       3154
20210509  19473544   55.0603  -160.9837     29.300   1.76    0.00    0.00   0.00       3155
20210510   2570862   55.1028  -162.0300      3.240   0.94    0.00    0.00   0.00       3158
20210510   5453406   54.5527  -163.3237     13.720   1.54    0.00    0.00   0.00       3161
20210510   6341589   55.0827  -161.4943     25.640   2.61    0.00    0.00   0.00       3165
20210510   7050225   55.5320  -161.8498     40.270   1.23    0.00    0.00   0.00       3168
20210510   8070606   55.3837  -161.7993      2.320  -0.23    0.00    0.00   0.00       3171
20210510  14101308   54.9828  -162.3157      2.000   1.14    0.00    0.00   0.00       3175
20210510  14303912   55.3077  -161.2490     17.040   0.50    0.00    0.00   0.00       3176
20210510  14342932   55.4070  -162.1645     16.030   0.71    0.00    0.00   0.00       3177
20210510  17492792   55.0842  -162.0808      4.190   1.03    0.00    0.00   0.00       3180
20210510  18040744   55.3952  -161.8533      4.340   0.78    0.00    0.00   0.00       3181
20210510  18200492   55.3153  -161.7837     18.910   0.12    0.00    0.00   0.00       3182
20210510  22042952   54.8280  -160.7130     24.820   1.65    0.00    0.00   0.00       3187
20210110  22313316   54.2085  -162.4403     19.260   2.48    0.00    0.00   0.00        319
20210511   1420934   55.1063  -161.8605      8.400   0.62    0.00    0.00   0.00       3190
20210511   1422184   55.0677  -161.7433     18.200   1.10    0.00    0.00   0.00       3191
20210511   2040766   55.3243  -161.6895     15.020   0.15    0.00    0.00   0.00       3192
20210511   2161276   55.0018  -161.7092     45.600   0.54    0.00    0.00   0.00       3193
20210511   3444182   55.4970  -161.8583     47.410   1.06    0.00    0.00   0.00       3195
20210511   3463006   55.5153  -161.7282     39.460   0.56    0.00    0.00   0.00       3196
20210511   4001132   54.3765  -161.6455     12.210   1.21    0.00    0.00   0.00       3198
20210511   4330350   55.2475  -161.4507     19.870   0.72    0.00    0.00   0.00       3199
20210102   3053881   55.2580  -161.4757     16.630   1.53    0.00    0.00   0.00         32
20210511   7172323   55.3663  -162.2383     10.920   0.14    0.00    0.00   0.00       3200
20210511   9515994   54.5202  -161.6753      9.960   1.90    0.00    0.00   0.00       3202
20210511  12390042   55.4220  -161.7813     37.790   0.65    0.00    0.00   0.00       3208
20210511  12491858   55.3230  -161.8335     24.930   0.89    0.00    0.00   0.00       3209
20210511  13580070   55.4158  -161.6582     54.160   1.07    0.00    0.00   0.00       3211
20210511  14504196   55.3973  -161.8278      4.810   0.77    0.00    0.00   0.00       3212
20210511  15184304   55.3873  -161.8125      2.620   0.70    0.00    0.00   0.00       3216
20210511  15333860   54.7567  -161.3840     14.160   1.92    0.00    0.00   0.00       3218
20210511  17073504   55.2645  -161.7470     48.360   0.90    0.00    0.00   0.00       3222
20210511  17243972   55.3968  -161.8252      3.980   0.74    0.00    0.00   0.00       3223
20210511  17335392   55.3778  -161.5865      9.460   0.46    0.00    0.00   0.00       3224
20210511  19195258   55.3193  -161.8323     26.760   0.65    0.00    0.00   0.00       3225
20210511  20062880   55.4188  -161.6617     23.630   0.82    0.00    0.00   0.00       3227
20210511  20102058   55.2997  -161.9240     23.310   0.77    0.00    0.00   0.00       3228
20210511  20354168   54.9453  -162.9252     27.060   1.25    0.00    0.00   0.00       3231
20210511  21131696   55.2565  -162.2473      2.800   0.34    0.00    0.00   0.00       3234
20210511  21491268   55.3708  -161.7427     16.060   0.54    0.00    0.00   0.00       3236
20210511  22581158   55.2480  -161.9243     19.420  -0.03    0.00    0.00   0.00       3237
20210511  23082682   54.8457  -161.2195     14.000   1.33    0.00    0.00   0.00       3238
20210511  23165284   55.0405  -162.1717      7.430   0.54    0.00    0.00   0.00       3241
20210512    420397   55.1322  -162.0180     16.790   0.12    0.00    0.00   0.00       3244
20210512    510514   55.5170  -161.9432     36.810   0.59    0.00    0.00   0.00       3245
20210512   1484018   55.2250  -161.1195      0.500   1.08    0.00    0.00   0.00       3247
20210512   2044162   54.9258  -162.2110      1.530   1.76    0.00    0.00   0.00       3249
20210111   7192929   54.9523  -162.2527      2.850   3.14    0.00    0.00   0.00        325
20210512   2295599   55.3810  -160.8527     12.080   1.30    0.00    0.00   0.00       3250
20210512   3002484   54.7222  -162.6967     16.990   1.28    0.00    0.00   0.00       3252
20210512   3144267   54.6837  -162.1087     61.530   1.05    0.00    0.00   0.00       3253
20210512   3145814   54.8800  -161.9865     16.590   0.75    0.00    0.00   0.00       3254
20210512   3263378   55.2982  -161.5440     22.950   0.74    0.00    0.00   0.00       3255
20210512   4444013   55.3650  -161.9482     14.680   0.35    0.00    0.00   0.00       3256
20210512   5001402   55.5033  -161.7155     32.560   0.61    0.00    0.00   0.00       3257
20210512   5190145   55.4647  -161.8797     33.620   0.44    0.00    0.00   0.00       3258
20210512   5342437   55.4047  -161.8783     20.970   0.82    0.00    0.00   0.00       3259
20210512   6280320   55.2890  -161.8950     16.040   0.49    0.00    0.00   0.00       3260
20210512   8564083   55.3400  -162.1918     20.390   1.25    0.00    0.00   0.00       3264
20210512   9382050   55.0155  -162.2117      3.740   0.16    0.00    0.00   0.00       3268
20210512  10221289   55.4105  -161.8185      4.480   0.15    0.00    0.00   0.00       3270
20210512  10323066   55.2903  -161.7158     18.230   0.51    0.00    0.00   0.00       3271
20210512  12142154   54.7997  -161.4285     15.880   0.72    0.00    0.00   0.00       3274
20210512  12451104   55.4588  -161.8452     28.950   0.22    0.00    0.00   0.00       3277
20210111   8003113   54.9762  -162.2315      0.440   1.70    0.00    0.00   0.00        328
20210512  15085499   55.4173  -161.6733     11.880   0.57    0.00    0.00   0.00       3280
20210512  15260136   55.3047  -161.7820     25.610   0.37    0.00    0.00   0.00       3281
20210512  15371468   55.4687  -161.7553     36.520   0.67    0.00    0.00   0.00       3282
20210512  15385844   55.0122  -162.0460      4.610   0.10    0.00    0.00   0.00       3283
20210512  17022568   54.5123  -161.9027     12.620   0.89    0.00    0.00   0.00       3286
20210512  17540076   54.8607  -161.3732     27.480   3.07    0.00    0.00   0.00       3288
20210512  18145284   55.1432  -161.6903     35.260   0.88    0.00    0.00   0.00       3290
20210512  18315308   55.1208  -162.6948     67.990   1.61    0.00    0.00   0.00       3291
20210512  20263974   55.3792  -161.6288     13.770   0.08    0.00    0.00   0.00       3292
20210512  20511674   55.2637  -162.0820     16.950   0.24    0.00    0.00   0.00       3294
20210512  22032684   55.1227  -163.4765     12.360   1.66    0.00    0.00   0.00       3299
20210512  22061432   54.9225  -162.1755      0.490   0.99    0.00    0.00   0.00       3300
20210512  22245256   54.6402  -161.2075     12.000   1.50    0.00    0.00   0.00       3303
20210512  23250232   54.5097  -161.0565      8.800   1.44    0.00    0.00   0.00       3305
20210513   1581267   55.4412  -161.8507      6.090   0.21    0.00    0.00   0.00       3308
20210513   2085203   55.4342  -161.8035     34.370   0.51    0.00    0.00   0.00       3309
20210513   2153369   55.4818  -161.6275     15.170   0.18    0.00    0.00   0.00       3310
20210513   3223367   55.1398  -161.2682     15.790   1.57    0.00    0.00   0.00       3313
20210513   4204512   55.3445  -161.4847     33.110   0.17    0.00    0.00   0.00       3314
20210513   5264507   54.5492  -161.4035     12.800   1.41    0.00    0.00   0.00       3315
20210513   6193793   55.3142  -161.5240     31.090   0.69    0.00    0.00   0.00       3319
20210111  10452048   54.9248  -162.2373      2.920   2.42    0.00    0.00   0.00        332
20210513   6403078   55.2723  -161.6287     16.180   0.51    0.00    0.00   0.00       3320
20210513   8103121   54.8858  -162.2067      2.310   1.60    0.00    0.00   0.00       3321
20210513   8542243   55.1285  -161.7550     16.990   1.28    0.00    0.00   0.00       3325
20210513   9295823   54.9403  -162.1958      3.850   1.37    0.00    0.00   0.00       3326
20210513  11390770   54.5440  -162.7783     58.290   1.89    0.00    0.00   0.00       3328
20210513  11471414   54.7262  -161.1958     42.680   1.50    0.00    0.00   0.00       3330
20210513  15011874   55.1282  -162.3600     24.930   1.47    0.00    0.00   0.00       3335
20210513  15183531   54.6950  -161.7968     13.940   2.37    0.00    0.00   0.00       3336
20210513  15263140   55.3338  -161.6565      5.160   0.49    0.00    0.00   0.00       3337
20210514   2074907   55.2460  -161.5062     20.420   2.28    0.00    0.00   0.00       3342
20210514  10494571   55.1907  -160.7353     12.510   1.81    0.00    0.00   0.00       3346
20210514  10510926   55.2612  -161.5770     21.760   0.95    0.00    0.00   0.00       3347
20210514  12162019   55.3745  -161.7682     16.420   0.92    0.00    0.00   0.00       3348
20210514  14155782   55.3432  -161.4352     22.200   0.62    0.00    0.00   0.00       3351
20210514  16421353   55.3473  -161.7407     17.380   1.06    0.00    0.00   0.00       3352
20210514  19172404   55.2892  -161.3865     24.670   0.57    0.00    0.00   0.00       3353
20210514  22271828   54.5103  -162.1592     81.340   2.10    0.00    0.00   0.00       3356
20210514  23361116   55.3898  -161.4642      5.520   0.67    0.00    0.00   0.00       3357
20210515     21501   55.2365  -161.3608      0.650   0.39    0.00    0.00   0.00       3358
20210515   2015634   55.2827  -161.4555     23.620   0.65    0.00    0.00   0.00       3362
20210515   3424806   55.3472  -161.9322     12.290   2.29    0.00    0.00   0.00       3364
20210515   3425498   55.1628  -161.4398     16.320   1.04    0.00    0.00   0.00       3365
20210515   5572150   55.3847  -161.0187     42.290   1.71    0.00    0.00   0.00       3367
20210515   6212890   54.6453  -160.6567     21.850   3.55    0.00    0.00   0.00       3368
20210515   6373478   54.8442  -161.3638     25.220   1.89    0.00    0.00   0.00       3370
20210515   7151631   55.5872  -161.5963     50.730   1.83    0.00    0.00   0.00       3372
20210515   7152603   55.2417  -162.2398      6.940   1.43    0.00    0.00   0.00       3373
20210515  10362072   54.9122  -161.4065     16.790   1.66    0.00    0.00   0.00       3374
20210515  10363492   54.9840  -161.6548     12.630   1.52    0.00    0.00   0.00       3375
20210515  13023457   54.5817  -160.6550     20.080   1.55    0.00    0.00   0.00       3378
20210515  13132524   55.6338  -161.5670     13.440   1.89    0.00    0.00   0.00       3380
20210515  13351312   55.4530  -161.7620     33.770   1.00    0.00    0.00   0.00       3382
20210515  14522332   54.9895  -162.3443      3.310   0.87    0.00    0.00   0.00       3383
20210515  15365270   55.1532  -161.4688     30.570   0.89    0.00    0.00   0.00       3384
20210515  15473673   55.4838  -161.7683     31.830   0.98    0.00    0.00   0.00       3385
20210515  20183318   55.1578  -161.9230     38.780   1.01    0.00    0.00   0.00       3388
20210516    530774   54.9853  -161.5525     26.920   0.93    0.00    0.00   0.00       3393
20210516   1090596   55.1760  -162.0558     18.110   0.90    0.00    0.00   0.00       3396
20210516   1333578   55.1673  -160.7458     27.780   1.52    0.00    0.00   0.00       3397
20210516   2200299   55.1650  -162.0048     15.700   0.38    0.00    0.00   0.00       3398
20210516   4522495   55.3988  -161.3760     17.010   0.68    0.00    0.00   0.00       3400
20210516   8394891   54.5298  -161.0613     10.170   1.29    0.00    0.00   0.00       3405
20210516  13251330   55.2817  -161.4922     25.400   0.24    0.00    0.00   0.00       3406
20210516  13300720   54.9707  -162.2502      3.480   0.56    0.00    0.00   0.00       3407
20210516  13534339   55.4480  -161.8437     30.900   0.82    0.00    0.00   0.00       3408
20210516  14130770   55.3845  -161.7213     44.390   0.88    0.00    0.00   0.00       3409
20210516  14182962   54.3345  -161.9950     10.380   1.41    0.00    0.00   0.00       3410
20210516  14212721   55.0547  -161.4138     32.010   1.32    0.00    0.00   0.00       3411
20210516  16144594   55.1885  -161.7803     14.190   0.84    0.00    0.00   0.00       3416
20210516  18181548   55.0905  -161.4392     16.630   1.00    0.00    0.00   0.00       3422
20210516  20191564   55.4108  -161.8095     32.470   0.99    0.00    0.00   0.00       3425
20210516  21363674   54.8303  -160.8832     31.730   2.43    0.00    0.00   0.00       3427
20210516  21592324   55.3428  -161.2462     20.600   0.68    0.00    0.00   0.00       3428
20210516  22142788   55.0977  -161.9988     47.170   1.17    0.00    0.00   0.00       3429
20210517    382205   55.2687  -161.4987     54.810   1.11    0.00    0.00   0.00       3433
20210517    473134   55.2480  -162.1442     58.850   1.01    0.00    0.00   0.00       3434
20210517   4381601   54.9545  -162.9392      0.610   1.41    0.00    0.00   0.00       3438
20210517   5414717   55.3863  -161.6998     23.140   0.99    0.00    0.00   0.00       3440
20210517   6023307   55.0025  -161.4407     29.790   1.54    0.00    0.00   0.00       3442
20210517   8162768   55.5015  -161.9655     48.440   1.10    0.00    0.00   0.00       3443
20210517   9364267   55.3490  -162.0597      9.370   0.08    0.00    0.00   0.00       3446
20210517  10191037   54.7135  -161.8192      0.090   2.31    0.00    0.00   0.00       3447
20210517  12514189   54.8440  -160.3428      6.990   1.31    0.00    0.00   0.00       3450
20210517  16532118   54.6698  -162.5713     67.180   1.13    0.00    0.00   0.00       3461
20210517  17150634   55.0798  -161.8928      5.500   0.30    0.00    0.00   0.00       3465
20210517  20275348   55.1463  -162.1915      9.830   0.70    0.00    0.00   0.00       3470
20210518   2092826   55.3633  -161.7763     23.300   0.88    0.00    0.00   0.00       3475
20210518   2184692   54.4105  -161.4920     20.440   1.87    0.00    0.00   0.00       3477
20210518   2510353   54.7112  -161.8168     26.340   0.98    0.00    0.00   0.00       3478
20210518   3550269   55.2543  -160.8245     42.240   1.68    0.00    0.00   0.00       3479
20210518   3593358   54.9938  -161.5287     31.190   1.28    0.00    0.00   0.00       3481
20210518   4314758   55.2770  -162.1683     16.280   0.32    0.00    0.00   0.00       3482
20210518   4493649   55.3245  -161.7293     16.580   0.71    0.00    0.00   0.00       3483
20210518   5273045   55.2465  -161.7872     16.510   0.03    0.00    0.00   0.00       3485
20210518   7192831   55.3805  -161.7770     21.720   0.46    0.00    0.00   0.00       3487
20210518   8492092   55.7745  -161.6750     14.390   1.02    0.00    0.00   0.00       3489
20210518  10485889   55.3070  -161.4108     18.690   0.39    0.00    0.00   0.00       3497
20210518  11072786   55.3630  -161.9235     25.410   0.45    0.00    0.00   0.00       3498
20210112   7150589   55.1233  -161.2535     32.030   2.33    0.00    0.00   0.00        350
20210518  11215387   55.1497  -161.6290     38.050   0.53    0.00    0.00   0.00       3501
20210518  13384481   55.7320  -161.3928      1.950   0.92    0.00    0.00   0.00       3503
20210518  14044001   55.3045  -161.8370     18.940   0.72    0.00    0.00   0.00       3504
20210518  14113559   55.4825  -161.9130     36.840   0.80    0.00    0.00   0.00       3505
20210518  15450189   55.4465  -161.8795     29.270   0.60    0.00    0.00   0.00       3506
20210518  15490325   55.4277  -161.8493     29.700   0.37    0.00    0.00   0.00       3507
20210518  15591116   55.3470  -161.8272     17.210   0.74    0.00    0.00   0.00       3508
20210518  17281898   55.7138  -161.9242      4.000   0.56    0.00    0.00   0.00       3509
20210518  17334600   55.0703  -160.9563     13.880   1.50    0.00    0.00   0.00       3510
20210518  18081574   55.4240  -161.2550     25.510   0.54    0.00    0.00   0.00       3511
20210519    581000   54.7708  -161.5112     81.070   1.81    0.00    0.00   0.00       3518
20210519   4200747   54.9210  -162.7103     15.200   1.64    0.00    0.00   0.00       3521
20210519  11273213   54.6817  -160.7278      7.510   2.43    0.00    0.00   0.00       3524
20210519  13172824   55.1968  -161.9240     13.630   1.01    0.00    0.00   0.00       3526
20210519  19055464   55.3120  -161.6173      6.060   0.23    0.00    0.00   0.00       3529
20210520   4121658   55.3037  -161.6503     18.230   1.75    0.00    0.00   0.00       3532
20210520   4124766   55.4053  -161.8508      4.500  -0.00    0.00    0.00   0.00       3533
20210520   5192022   54.6730  -162.4800     14.820   1.34    0.00    0.00   0.00       3534
20210520   8393143   55.2102  -163.4800      7.280   2.25    0.00    0.00   0.00       3536
20210520  16561288   54.5675  -162.0830     15.220   1.48    0.00    0.00   0.00       3544
20210520  19411140   55.3053  -161.8950     17.800   0.42    0.00    0.00   0.00       3547
20210112  11372367   54.8487  -161.8158     13.490   1.48    0.00    0.00   0.00        355
20210520  20534044   55.1897  -161.8208      6.470   1.96    0.00    0.00   0.00       3550
20210520  22383176   55.2522  -162.0030     22.060   0.60    0.00    0.00   0.00       3552
20210520  23055992   54.5750  -161.2943     14.560   1.60    0.00    0.00   0.00       3553
20210521   1070761   55.1570  -162.8838     16.180   1.99    0.00    0.00   0.00       3558
20210112  11373683   54.8647  -161.7775      0.920   1.87    0.00    0.00   0.00        356
20210521   3211346   54.8308  -161.7773      0.520   1.01    0.00    0.00   0.00       3560
20210521   3211716   54.7268  -161.7313     16.000   1.31    0.00    0.00   0.00       3561
20210521   4484459   55.3738  -162.0163     24.980   0.51    0.00    0.00   0.00       3562
20210521  14505587   54.5700  -161.2695     13.360   2.36    0.00    0.00   0.00       3566
20210521  19313540   55.0637  -160.9197     14.170   1.50    0.00    0.00   0.00       3572
20210521  21430996   55.3173  -160.5152     70.950   1.98    0.00    0.00   0.00       3573
20210522   3411514   54.7283  -162.5453     79.920   1.80    0.00    0.00   0.00       3575
20210522   5034875   55.3175  -161.6788      7.370   0.37    0.00    0.00   0.00       3576
20210522   6121067   55.9022  -163.0472      8.700   1.85    0.00    0.00   0.00       3577
20210112  12442061   54.5773  -161.2688     24.250   2.80    0.00    0.00   0.00        358
20210522  12362790   55.2047  -161.5832     22.220   0.88    0.00    0.00   0.00       3581
20210522  15512683   54.6417  -160.7277     12.140   1.51    0.00    0.00   0.00       3582
20210522  17061760   55.1592  -161.1872     21.760   1.39    0.00    0.00   0.00       3585
20210522  22370998   55.0330  -161.5263     21.640   1.15    0.00    0.00   0.00       3594
20210523   4285645   54.4252  -161.2422     12.860   1.75    0.00    0.00   0.00       3603
20210523   5153840   54.7373  -161.5448      0.060   1.56    0.00    0.00   0.00       3606
20210523   5395259   54.7897  -161.2672     13.000   2.75    0.00    0.00   0.00       3607
20210523   7384256   54.5715  -161.2325     13.600   1.54    0.00    0.00   0.00       3611
20210523   8015325   55.1462  -161.6882      5.910   1.04    0.00    0.00   0.00       3613
20210523  12284456   54.4703  -161.7237      9.790   1.66    0.00    0.00   0.00       3615
20210523  16375230   55.2317  -162.0265     20.570   0.83    0.00    0.00   0.00       3620
20210523  18054592   55.0625  -160.9420     14.370   1.53    0.00    0.00   0.00       3623
20210523  22323128   55.0752  -162.0630      1.950   0.82    0.00    0.00   0.00       3624
20210523  22325086   55.0703  -161.7640      9.320   0.88    0.00    0.00   0.00       3625
20210523  23353660   55.4170  -161.6450     59.430   1.47    0.00    0.00   0.00       3626
20210524  14335047   54.9198  -160.8478     11.310   1.73    0.00    0.00   0.00       3634
20210524  21195554   54.7200  -160.5575      7.460   2.21    0.00    0.00   0.00       3635
20210525   6580581   54.8537  -162.6087     15.460   1.76    0.00    0.00   0.00       3636
20210525  14272598   55.4432  -161.3222     30.810   1.05    0.00    0.00   0.00       3639
20210525  22513980   55.1455  -161.9023      6.320   0.15    0.00    0.00   0.00       3641
20210525  23515936   55.1048  -161.5648      4.130   0.99    0.00    0.00   0.00       3643
20210526   1454948   56.0038  -161.0198     10.890   1.05    0.00    0.00   0.00       3644
20210526  21253076   54.4165  -162.9012      9.970   1.59    0.00    0.00   0.00       3650
20210527   1090491   55.2682  -161.2795     29.090   2.57    0.00    0.00   0.00       3655
20210527  14383341   54.8873  -162.5685     37.110   1.20    0.00    0.00   0.00       3662
20210527  16555276   54.4978  -162.4983     48.630   1.64    0.00    0.00   0.00       3663
20210112  18001664   54.8938  -161.8338     19.460   1.37    0.00    0.00   0.00        367
20210527  23291950   55.0343  -162.3203     20.440   1.33    0.00    0.00   0.00       3673
20210528   6030555   54.6862  -161.5085     76.540   2.11    0.00    0.00   0.00       3675
20210112  18003196   54.9833  -161.6748      6.040   1.70    0.00    0.00   0.00        368
20210528  12111187   54.5055  -161.7032     14.480   1.41    0.00    0.00   0.00       3681
20210528  16121837   54.4978  -162.0080     10.450   1.87    0.00    0.00   0.00       3685
20210528  19003254   55.3678  -161.6343     12.730  -0.14    0.00    0.00   0.00       3686
20210529    410879   54.8613  -161.4592     68.190   1.81    0.00    0.00   0.00       3687
20210529  15481311   55.3690  -161.9460     26.370   0.68    0.00    0.00   0.00       3692
20210529  22490826   54.6648  -160.5727      7.710   1.96    0.00    0.00   0.00       3697
20210102   5520529   55.1455  -161.5393      2.580   1.64    0.00    0.00   0.00         37
20210530   5384378   55.2215  -161.7770      9.330   1.56    0.00    0.00   0.00       3700
20210530   7404283   54.5742  -161.2748     24.440   2.37    0.00    0.00   0.00       3701
20210530   8271767   55.2207  -161.8257     17.110   0.93    0.00    0.00   0.00       3702
20210530  14253258   54.6022  -161.1743     12.410   1.76    0.00    0.00   0.00       3705
20210530  14365105   55.4120  -161.7230     23.130   1.79    0.00    0.00   0.00       3706
20210530  15582227   55.6607  -163.1353     10.090   1.60    0.00    0.00   0.00       3707
20210530  18222096   55.0833  -161.6865     22.130   1.02    0.00    0.00   0.00       3711
20210530  19215896   54.2838  -162.4285     10.430   2.52    0.00    0.00   0.00       3713
20210531   4140081   54.9042  -163.3877     60.350   1.69    0.00    0.00   0.00       3714
20210531   6064719   55.1668  -162.0372     25.150   0.88    0.00    0.00   0.00       3715
20210531   7021285   55.4382  -161.7793      9.420   2.46    0.00    0.00   0.00       3716
20210531   7155136   54.4830  -160.8888     20.000   1.66    0.00    0.00   0.00       3717
20210531  10332085   55.1995  -161.6842      4.110   1.56    0.00    0.00   0.00       3719
20210112  20523944   55.1558  -161.9507      6.060   1.06    0.00    0.00   0.00        372
20210531  10333660   55.2660  -161.6870      5.890   0.48    0.00    0.00   0.00       3721
20210531  11460676   54.8185  -163.6548     10.900   1.57    0.00    0.00   0.00       3722
20210531  12165527   55.6800  -161.2312     49.700   1.81    0.00    0.00   0.00       3723
20210531  14563515   54.5297  -161.1803      8.750   1.75    0.00    0.00   0.00       3726
20210531  18405592   54.5863  -161.2548     12.530   2.67    0.00    0.00   0.00       3727
20210601    142802   55.2713  -161.3832     10.060   1.04    0.00    0.00   0.00       3729
20210112  21022888   54.7712  -161.7397      0.000   1.49    0.00    0.00   0.00        373
20210601    143284   54.9438  -162.0892      5.860   1.07    0.00    0.00   0.00       3730
20210601  12050028   55.1185  -160.2328     53.530   1.50    0.00    0.00   0.00       3733
20210601  18534756   55.2833  -161.6470     39.740   0.91    0.00    0.00   0.00       3737
20210601  22034352   54.6537  -160.8730     11.490   1.82    0.00    0.00   0.00       3739
20210602   1312653   54.4850  -163.3995     11.360   1.42    0.00    0.00   0.00       3742
20210602   7153758   54.8123  -162.1925      0.750   1.76    0.00    0.00   0.00       3743
20210602   7155518   54.9200  -162.1797      1.490   2.07    0.00    0.00   0.00       3744
20210602  16072557   54.8752  -161.7097     75.470   1.54    0.00    0.00   0.00       3747
20210112  21240986   54.9210  -162.1980      0.970   1.74    0.00    0.00   0.00        375
20210603   2173617   55.0345  -162.1685     14.190   1.35    0.00    0.00   0.00       3752
20210603   6332860   55.4527  -161.8780     26.450   0.73    0.00    0.00   0.00       3756
20210603   9545062   55.4698  -161.8695     28.660   0.60    0.00    0.00   0.00       3757
20210603  10215320   55.2822  -162.2812     53.690   2.15    0.00    0.00   0.00       3758
20210603  14315923   55.2323  -162.1077     18.630   0.34    0.00    0.00   0.00       3762
20210603  16325687   54.8867  -161.1987     27.980   1.75    0.00    0.00   0.00       3765
20210603  18084620   55.3440  -162.2703     32.900   0.91    0.00    0.00   0.00       3769
20210603  18133558   55.2633  -162.0215      5.870   0.31    0.00    0.00   0.00       3770
20210603  20345512   54.6773  -162.4280      8.670   1.13    0.00    0.00   0.00       3772
20210604   3262487   55.2095  -161.7190      5.940  -0.12    0.00    0.00   0.00       3778
20210604   3402308   55.2993  -161.6613     52.060   1.27    0.00    0.00   0.00       3779
20210604   3543379   55.7558  -161.5047      0.840   1.36    0.00    0.00   0.00       3780
20210604  10135012   55.3433  -161.7773     11.230  -0.46    0.00    0.00   0.00       3788
20210604  11454471   54.8607  -162.6768     31.720   1.50    0.00    0.00   0.00       3789
20210604  14451005   55.1333  -161.6825      5.330   0.01    0.00    0.00   0.00       3796
20210604  14452799   55.3172  -161.7870      3.220  -0.20    0.00    0.00   0.00       3797
20210112  21374796   55.2438  -161.6608     16.340   0.56    0.00    0.00   0.00        380
20210604  15403089   55.2088  -161.6582     12.940   1.37    0.00    0.00   0.00       3800
20210604  16351468   55.0723  -161.0438     30.640   2.70    0.00    0.00   0.00       3804
20210604  17485168   54.8930  -162.3622     34.550   1.93    0.00    0.00   0.00       3808
20210604  17490392   54.9623  -162.2195     13.620   2.25    0.00    0.00   0.00       3809
20210113     14629   54.6257  -161.6062     32.100   2.89    0.00    0.00   0.00        381
20210604  19075756   54.7590  -162.6043      4.630   0.92    0.00    0.00   0.00       3811
20210604  23050704   54.7007  -162.8635     31.000   1.86    0.00    0.00   0.00       3816
20210605  12435550   55.1955  -160.9037     12.980   2.47    0.00    0.00   0.00       3823
20210605  13580498   55.5523  -160.4733      9.520   1.99    0.00    0.00   0.00       3824
20210605  14495823   54.3152  -163.0167     28.600   1.72    0.00    0.00   0.00       3826
20210113   8005844   55.3280  -161.7473      3.520  -0.30    0.00    0.00   0.00        383
20210605  21423912   55.3480  -161.6950      5.490   1.33    0.00    0.00   0.00       3833
20210606   2333002   54.5497  -162.4778     10.420   1.91    0.00    0.00   0.00       3844
20210606   6201379   55.1900  -162.0162     29.140   0.62    0.00    0.00   0.00       3848
20210606   7585296   55.3783  -161.7802      4.250  -0.29    0.00    0.00   0.00       3850
20210606   8042163   55.2775  -161.4575     28.300   1.12    0.00    0.00   0.00       3851
20210606  13560579   54.4843  -163.1193      2.350   2.77    0.00    0.00   0.00       3855
20210606  14121584   54.8057  -161.9253     16.360   1.47    0.00    0.00   0.00       3858
20210606  17011794   55.0432  -161.7968     16.950   1.12    0.00    0.00   0.00       3860
20210606  17173530   55.4357  -162.4720     18.180   2.01    0.00    0.00   0.00       3863
20210606  18013544   55.6952  -161.6867     17.350   0.79    0.00    0.00   0.00       3864
20210606  18214758   55.4577  -161.4043     13.750   1.93    0.00    0.00   0.00       3866
20210606  18215348   55.1258  -161.3507     15.560   1.87    0.00    0.00   0.00       3867
20210606  20410724   54.4157  -161.7357     13.000   2.00    0.00    0.00   0.00       3871
20210606  20411588   55.3737  -161.8948      2.730  -0.14    0.00    0.00   0.00       3872
20210606  21344168   54.6817  -160.9718     25.470   2.69    0.00    0.00   0.00       3873
20210607   2165385   55.2520  -161.5025     18.540   1.03    0.00    0.00   0.00       3880
20210607   6105304   55.2338  -161.8443     21.380   0.99    0.00    0.00   0.00       3884
20210607  12125070   54.3265  -160.9717     15.170   2.16    0.00    0.00   0.00       3886
20210113  12354056   54.9542  -161.5223     20.690   1.47    0.00    0.00   0.00        389
20210607  12450538   55.8135  -161.8657     24.980   1.18    0.00    0.00   0.00       3891
20210608    350908   54.4610  -162.1843     63.020   2.85    0.00    0.00   0.00       3898
20210608  11105078   55.2732  -161.7520     15.200   0.24    0.00    0.00   0.00       3902
20210608  16163683   54.9617  -162.6988      3.930   1.40    0.00    0.00   0.00       3903
20210608  18492570   55.0417  -163.3803      9.920   1.83    0.00    0.00   0.00       3906
20210608  21160016   55.4322  -161.5007     12.990   0.93    0.00    0.00   0.00       3911
20210608  23275476   55.3978  -161.6977     21.030   0.35    0.00    0.00   0.00       3913
20210609   4363822   55.3162  -161.7300     27.880   1.29    0.00    0.00   0.00       3917
20210609   7413448   55.3338  -161.6978     37.100   1.47    0.00    0.00   0.00       3919
20210609  11464131   55.2743  -161.5783     24.180   1.08    0.00    0.00   0.00       3922
20210609  12402952   55.4953  -161.3495     64.300   1.36    0.00    0.00   0.00       3923
20210609  14335686   55.1963  -161.5958     17.870   1.57    0.00    0.00   0.00       3926
20210609  20224152   55.2565  -161.7013     41.410   1.18    0.00    0.00   0.00       3928
20210610  10195306   55.4627  -161.8332     28.140   1.00    0.00    0.00   0.00       3934
20210610  17275630   54.4942  -162.3525     56.950   2.34    0.00    0.00   0.00       3936
20210610  22232220   55.3755  -161.6458     31.450   1.26    0.00    0.00   0.00       3942
20210611   8364858   55.7513  -160.7710     24.050   1.57    0.00    0.00   0.00       3949
20210611  14443021   54.3623  -161.7272     13.300   1.39    0.00    0.00   0.00       3951
20210611  19413392   55.0613  -161.7772     18.530   0.55    0.00    0.00   0.00       3958
20210611  21524958   54.7867  -161.4033     59.200   1.48    0.00    0.00   0.00       3960
20210611  22530242   55.4663  -161.8827     26.090   0.34    0.00    0.00   0.00       3961
20210612   3583303   55.3030  -161.7905     12.150   1.00    0.00    0.00   0.00       3964
20210612  10061317   55.2305  -161.7322     15.760   0.56    0.00    0.00   0.00       3971
20210612  11462462   54.4445  -161.5988     12.600   3.60    0.00    0.00   0.00       3975
20210612  11465235   55.3048  -161.7410      3.390   3.58    0.00    0.00   0.00       3976
20210612  11573710   54.4053  -161.5647     14.170   1.49    0.00    0.00   0.00       3978
20210113  15421578   55.1085  -161.5515      4.040   1.29    0.00    0.00   0.00        398
20210612  18332432   55.3002  -161.7177     15.100   0.39    0.00    0.00   0.00       3984
20210612  23544016   55.0587  -161.6563      1.170   0.53    0.00    0.00   0.00       3992
20210613   1515285   55.4348  -161.7598     37.850   0.58    0.00    0.00   0.00       3995
20210613   2185688   55.1807  -163.1463     11.080   1.44    0.00    0.00   0.00       3998
20210613   3035125   55.1145  -163.1872     10.210   2.27    0.00    0.00   0.00       4000
20210613   4384117   54.7635  -160.3047     22.660   2.15    0.00    0.00   0.00       4005
20210613   5135064   55.4917  -161.4135      5.660   0.06    0.00    0.00   0.00       4006
20210113  16140720   54.8683  -161.5572     15.930   1.81    0.00    0.00   0.00        401
20210613  12124533   54.8228  -161.8995     23.170   0.65    0.00    0.00   0.00       4016
20210113  16235603   54.7362  -160.4215     10.000   1.74    0.00    0.00   0.00        402
20210613  19372196   54.9813  -160.8057     55.080   1.29    0.00    0.00   0.00       4026
20210613  19435012   54.9455  -161.6063     20.290   1.25    0.00    0.00   0.00       4028
20210613  20400936   55.3263  -162.5128     13.630   0.82    0.00    0.00   0.00       4031
20210613  22245348   54.9178  -162.8650      1.350   1.65    0.00    0.00   0.00       4032
20210613  22251840   55.3148  -161.8007      3.450   0.24    0.00    0.00   0.00       4034
20210614    122769   55.1475  -162.1105      4.600   0.29    0.00    0.00   0.00       4037
20210614    261068   54.8303  -161.3587     12.590   1.54    0.00    0.00   0.00       4038
20210614   1550422   54.5512  -160.9770     12.040   1.82    0.00    0.00   0.00       4042
20210614  10421827   54.6808  -161.3535     11.650   3.07    0.00    0.00   0.00       4048
20210614  21395918   55.3765  -161.6730     45.360   1.16    0.00    0.00   0.00       4052
20210615   5075315   54.9995  -161.4353     32.360   2.02    0.00    0.00   0.00       4059
20210615  10403730   54.5613  -162.1650     27.500   1.68    0.00    0.00   0.00       4065
20210615  11580055   55.1575  -161.9780      9.170   0.44    0.00    0.00   0.00       4067
20210616  13522793   55.3505  -161.8890     19.780   0.55    0.00    0.00   0.00       4068
20210616  17043758   55.3507  -161.8393      1.370   1.93    0.00    0.00   0.00       4069
20210616  18143358   54.9418  -162.2510      3.500   1.81    0.00    0.00   0.00       4073
20210616  18345824   54.9783  -162.2748      3.000   0.39    0.00    0.00   0.00       4075
20210616  19014390   55.0608  -161.1365     23.020   2.47    0.00    0.00   0.00       4079
20210617   4223790   54.5605  -161.4185     14.380   1.46    0.00    0.00   0.00       4081
20210617   4231492   55.0898  -161.9820      5.330   1.08    0.00    0.00   0.00       4082
20210617   9281957   54.6535  -163.0330     80.800   1.84    0.00    0.00   0.00       4086
20210617   9324688   54.5958  -161.2862     42.230   1.58    0.00    0.00   0.00       4087
20210617  10091539   55.4955  -161.7865     25.020   0.81    0.00    0.00   0.00       4088
20210113  20562926   55.0278  -162.0325      8.610   0.53    0.00    0.00   0.00        409
20210617  10122336   55.4805  -161.8917     28.710   0.83    0.00    0.00   0.00       4090
20210617  14243674   54.4972  -161.6635     11.040   1.80    0.00    0.00   0.00       4093
20210617  14410325   55.3787  -161.0112     33.060   1.05    0.00    0.00   0.00       4094
20210617  18423032   54.8617  -162.3530     37.060   1.99    0.00    0.00   0.00       4100
20210617  18424124   54.9380  -162.2520     21.860   2.01    0.00    0.00   0.00       4101
20210618   3521946   55.1588  -163.2905     11.000   1.66    0.00    0.00   0.00       4106
20210618   4085988   54.9393  -162.2465      4.460   1.04    0.00    0.00   0.00       4107
20210618   4091981   54.9555  -162.2577      2.070   1.37    0.00    0.00   0.00       4108
20210618   4335958   54.9673  -162.2215      6.110   1.85    0.00    0.00   0.00       4109
20210618   4341100   54.9613  -162.2303      6.510   2.00    0.00    0.00   0.00       4110
20210618  11114241   54.8318  -161.8677      2.370   1.15    0.00    0.00   0.00       4114
20210618  11405122   54.5833  -161.6517     30.990   1.29    0.00    0.00   0.00       4116
20210618  12260663   55.1557  -161.4875     21.840   0.69    0.00    0.00   0.00       4119
20210618  13183430   54.7762  -161.7000     32.640   0.94    0.00    0.00   0.00       4122
20210618  19144984   54.5357  -160.9505      7.370   1.70    0.00    0.00   0.00       4124
20210618  19151466   55.2207  -162.1513      9.290   0.51    0.00    0.00   0.00       4125
20210618  20513236   54.4957  -163.2002     14.250   1.60    0.00    0.00   0.00       4132
20210618  23550432   54.8287  -160.4438     26.210   1.45    0.00    0.00   0.00       4142
20210619   1250893   55.3505  -161.8578     20.730   0.36    0.00    0.00   0.00       4144
20210619   2532661   55.0088  -162.3533     15.390   1.66    0.00    0.00   0.00       4145
20210619   2535308   54.9980  -162.3617      8.170   0.64    0.00    0.00   0.00       4146
20210619   7502984   54.4085  -163.2448      7.700   3.06    0.00    0.00   0.00       4149
20210619  10141513   54.7963  -161.0922     31.010   0.90    0.00    0.00   0.00       4153
20210619  10162614   54.9523  -160.7360      9.900   1.41    0.00    0.00   0.00       4154
20210619  12351539   55.1860  -162.2410     94.420   1.18    0.00    0.00   0.00       4157
20210113  21421868   55.1553  -161.4713     30.130   2.63    0.00    0.00   0.00        416
20210619  15595128   55.3938  -162.3327     47.470   0.84    0.00    0.00   0.00       4161
20210619  16325624   54.9523  -162.0700      5.770   0.12    0.00    0.00   0.00       4164
20210619  21404904   55.3738  -161.8437     31.550   0.98    0.00    0.00   0.00       4165
20210620    205630   54.9303  -162.2963      5.740   1.11    0.00    0.00   0.00       4170
20210620    452513   54.8655  -162.5483     27.070   1.10    0.00    0.00   0.00       4172
20210620   2392599   55.0340  -161.6322      0.270   2.46    0.00    0.00   0.00       4176
20210620   2412488   54.4668  -161.2588     11.920   1.15    0.00    0.00   0.00       4177
20210620   3234628   54.9308  -162.8755      1.560   1.29    0.00    0.00   0.00       4180
20210620   6253639   54.9350  -163.4690     28.860   1.81    0.00    0.00   0.00       4183
20210620   6562310   54.5220  -160.7427      3.810   1.50    0.00    0.00   0.00       4184
20210620   7472520   54.5648  -161.3375      8.820   1.27    0.00    0.00   0.00       4185
20210620  11164294   55.6243  -162.2620      4.260   0.69    0.00    0.00   0.00       4189
20210620  12024772   55.3937  -162.1130     14.930   0.73    0.00    0.00   0.00       4191
20210620  15010230   55.1380  -161.7113     18.220   0.99    0.00    0.00   0.00       4196
20210620  15051940   54.4587  -161.8242     19.000   1.61    0.00    0.00   0.00       4197
20210620  17370756   55.0673  -162.2353     53.570   1.64    0.00    0.00   0.00       4203
20210620  21380424   54.7453  -162.5842      4.290   2.22    0.00    0.00   0.00       4206
20210620  23535848   54.9235  -161.8080     31.530   1.19    0.00    0.00   0.00       4208
20210621   1442209   55.2470  -161.8595     30.180   0.60    0.00    0.00   0.00       4212
20210621   1530160   55.1202  -162.4265     42.740   1.69    0.00    0.00   0.00       4213
20210621   2331148   54.8913  -162.1640      0.790   0.33    0.00    0.00   0.00       4215
20210621   2351139   55.1020  -162.2252      5.800   0.15    0.00    0.00   0.00       4218
20210113  22454186   55.0752  -162.0427      3.370   0.91    0.00    0.00   0.00        422
20210621   7595515   55.4117  -161.9210     27.910   0.09    0.00    0.00   0.00       4220
20210621   8020074   55.2928  -161.5845     47.760   0.77    0.00    0.00   0.00       4221
20210621   9565363   54.8122  -161.2468     30.950   2.15    0.00    0.00   0.00       4222
20210621   9571605   55.1295  -161.5133      1.660   2.02    0.00    0.00   0.00       4223
20210621  10045107   55.1063  -162.2153      4.530   0.34    0.00    0.00   0.00       4224
20210621  11554198   55.3010  -161.5798      9.460   0.98    0.00    0.00   0.00       4226
20210621  13044748   55.3973  -161.7228     27.640   0.55    0.00    0.00   0.00       4229
20210113  22461140   55.0528  -162.0503      5.960   0.56    0.00    0.00   0.00        423
20210621  13581512   55.1257  -161.9055     26.430   0.43    0.00    0.00   0.00       4232
20210621  14534407   54.4127  -161.6152      7.510   2.03    0.00    0.00   0.00       4238
20210621  17210462   54.5985  -161.2492     25.240   2.88    0.00    0.00   0.00       4240
20210622   4044428   55.1400  -161.8590      0.480   0.42    0.00    0.00   0.00       4243
20210622   7041631   54.5712  -161.3250     11.810   1.82    0.00    0.00   0.00       4247
20210113  23195452   55.0972  -162.0492      3.990   0.69    0.00    0.00   0.00        425
20210622   8021124   55.2237  -161.6840     22.230   0.95    0.00    0.00   0.00       4250
20210622   9141876   54.8063  -161.3438     15.670   1.42    0.00    0.00   0.00       4251
20210622   9540554   55.0943  -162.9625      1.440   1.36    0.00    0.00   0.00       4252
20210622   9592968   55.3065  -161.6072     28.460   1.23    0.00    0.00   0.00       4253
20210622  13541686   55.0603  -162.0242      3.170   0.66    0.00    0.00   0.00       4256
20210622  17354714   54.7513  -163.6563      9.660   1.64    0.00    0.00   0.00       4259
20210113  23373614   55.0978  -162.0465      3.310   0.72    0.00    0.00   0.00        426
20210622  18385000   54.7362  -160.8192     27.290   2.26    0.00    0.00   0.00       4261
20210622  19032684   54.6508  -161.1948     12.310   1.51    0.00    0.00   0.00       4262
20210622  19402034   54.5053  -162.2118     57.530   1.80    0.00    0.00   0.00       4263
20210622  20020970   55.3735  -161.7742     20.670   0.68    0.00    0.00   0.00       4265
20210622  23124530   54.9870  -161.8950      3.830   0.94    0.00    0.00   0.00       4268
20210623   1165325   55.1278  -161.7672      5.990   0.32    0.00    0.00   0.00       4270
20210623   5062347   55.3412  -161.2210     17.010   0.79    0.00    0.00   0.00       4271
20210623   5064529   55.2843  -161.8660      5.280   1.49    0.00    0.00   0.00       4272
20210623  12364465   55.4133  -162.7122      1.660   2.11    0.00    0.00   0.00       4275
20210625   8201670   55.3883  -161.8913     40.670   0.87    0.00    0.00   0.00       4285
20210113  23493788   55.1028  -162.0492      4.120   1.30    0.00    0.00   0.00        429
20210625  15230309   55.2768  -161.7657     22.010   1.99    0.00    0.00   0.00       4291
20210625  18160214   54.8170  -160.3495     24.010   2.02    0.00    0.00   0.00       4292
20210625  18350274   55.0145  -161.6027     19.380   1.25    0.00    0.00   0.00       4294
20210626   2453519   54.6213  -161.2927     26.230   1.77    0.00    0.00   0.00       4299
20210102  11515207   54.8198  -161.8018      0.090   1.44    0.00    0.00   0.00         43
20210113  23520212   55.1022  -162.0503      3.540   1.04    0.00    0.00   0.00        430
20210626   3134295   55.1943  -161.2692     16.180   1.35    0.00    0.00   0.00       4301
20210626   3141574   55.3607  -161.8165     10.250   0.73    0.00    0.00   0.00       4302
20210626  15140937   54.5300  -161.7748     13.090   1.38    0.00    0.00   0.00       4306
20210626  16033655   55.0782  -161.8915     44.620   1.01    0.00    0.00   0.00       4308
20210626  16315079   55.3355  -160.9617     46.470   1.48    0.00    0.00   0.00       4309
20210626  18502700   55.4330  -161.4048     25.270   2.18    0.00    0.00   0.00       4313
20210626  20041044   54.6468  -161.5612     12.980   2.60    0.00    0.00   0.00       4315
20210626  20041830   54.7858  -161.8435     24.770   2.96    0.00    0.00   0.00       4316
20210627    185903   54.6953  -162.8972      0.360   1.46    0.00    0.00   0.00       4317
20210627   1595706   54.6092  -161.2673     30.260   1.65    0.00    0.00   0.00       4322
20210627   3102746   55.1045  -162.2140      3.990   0.38    0.00    0.00   0.00       4323
20210627   7252528   55.2160  -162.3598     12.400   1.71    0.00    0.00   0.00       4331
20210627   8173087   55.0945  -161.7052     25.380   0.61    0.00    0.00   0.00       4332
20210627   9401291   55.2142  -161.6515     35.150   0.24    0.00    0.00   0.00       4335
20210627  10165909   55.3752  -161.5427      9.190   0.24    0.00    0.00   0.00       4336
20210627  14313020   55.2798  -161.6588     14.200   0.23    0.00    0.00   0.00       4339
20210627  16341348   55.4658  -162.1030     26.530   1.32    0.00    0.00   0.00       4342
20210627  17155032   55.3878  -161.6477      8.840   0.64    0.00    0.00   0.00       4345
20210627  23555666   54.9622  -161.5855     21.220   0.83    0.00    0.00   0.00       4348
20210627  23560606   54.8238  -161.3720     30.450   1.35    0.00    0.00   0.00       4349
20210628   8061923   55.2568  -161.6685     48.510   0.90    0.00    0.00   0.00       4353
20210628   9193357   54.4818  -162.9705     15.080   1.33    0.00    0.00   0.00       4357
20210628  10154390   54.3978  -161.6423      8.580   1.48    0.00    0.00   0.00       4358
20210628  12001464   55.2830  -161.8747     51.730   1.11    0.00    0.00   0.00       4361
20210628  13224378   55.4197  -161.4513      9.940   0.55    0.00    0.00   0.00       4365
20210628  16044670   54.6178  -161.5185     45.250   1.23    0.00    0.00   0.00       4368
20210628  17090232   55.1847  -161.7607     20.850   0.58    0.00    0.00   0.00       4370
20210628  18394140   54.4897  -161.7148     15.720   1.00    0.00    0.00   0.00       4373
20210628  20211594   54.9908  -161.8767     10.270   0.82    0.00    0.00   0.00       4376
20210628  20553824   55.9772  -161.0688     14.200   1.50    0.00    0.00   0.00       4377
20210628  21092372   55.0008  -162.2992      9.650   1.11    0.00    0.00   0.00       4378
20210114   2075607   54.4202  -161.3155      7.000   1.53    0.00    0.00   0.00        438
20210629    172229   55.1643  -162.1742      2.210   0.37    0.00    0.00   0.00       4383
20210629    575785   55.3353  -161.7278      6.230   1.85    0.00    0.00   0.00       4386
20210629   8124352   54.8977  -161.5688     18.530   1.05    0.00    0.00   0.00       4393
20210629   8462959   55.5745  -161.2883     62.000   1.89    0.00    0.00   0.00       4395
20210629  12381960   55.1595  -161.8415      7.400   0.43    0.00    0.00   0.00       4400
20210629  17545248   54.7850  -161.9355      2.000   1.33    0.00    0.00   0.00       4402
20210630   1461298   54.9818  -161.8927      3.890   1.38    0.00    0.00   0.00       4409
20210630   1482217   54.6052  -161.2777     11.490   1.73    0.00    0.00   0.00       4410
20210630   2591206   55.0145  -162.2600      2.940   1.17    0.00    0.00   0.00       4411
20210630  10400788   55.0302  -161.5167     31.300   1.94    0.00    0.00   0.00       4413
20210701    355124   55.1477  -160.9513     71.470   2.53    0.00    0.00   0.00       4419
20210701   5231915   54.4315  -162.6802     77.650   2.03    0.00    0.00   0.00       4420
20210701  10293602   54.7362  -163.5098     12.930   2.03    0.00    0.00   0.00       4422
20210701  17262324   54.8738  -163.1518     15.000   2.29    0.00    0.00   0.00       4423
20210702   6503580   54.8933  -160.0062     17.450   2.49    0.00    0.00   0.00       4427
20210702  20253024   54.9548  -162.0692      5.830   1.67    0.00    0.00   0.00       4432
20210703  12153740   54.4980  -161.7200     11.020   1.94    0.00    0.00   0.00       4437
20210704   2210583   55.0328  -161.7878     16.880   1.33    0.00    0.00   0.00       4444
20210704   7062993   55.2317  -161.3880     40.850   0.82    0.00    0.00   0.00       4448
20210704  13304297   56.0815  -161.5028      6.920   1.49    0.00    0.00   0.00       4449
20210114   3413542   54.5387  -161.1885      9.220   2.25    0.00    0.00   0.00        445
20210704  14271624   54.5537  -162.1015     22.490   1.15    0.00    0.00   0.00       4450
20210704  15011748   55.4777  -161.7798      1.800   0.82    0.00    0.00   0.00       4452
20210704  18152112   55.2135  -161.9345      4.260   0.26    0.00    0.00   0.00       4454
20210704  20390120   55.0495  -161.6535     23.820   1.23    0.00    0.00   0.00       4459
20210704  20391080   55.1090  -161.9880     52.790   1.44    0.00    0.00   0.00       4460
20210705   2203456   55.3932  -162.0880     22.090   0.02    0.00    0.00   0.00       4465
20210705   2473139   54.9790  -160.8227     57.870   1.37    0.00    0.00   0.00       4468
20210705   3363027   55.1145  -162.0700     24.700   1.40    0.00    0.00   0.00       4469
20210705  18180852   54.9532  -162.2553      2.140   1.18    0.00    0.00   0.00       4475
20210705  18182060   54.9378  -162.2427      1.850   1.62    0.00    0.00   0.00       4476
20210705  19485042   55.2177  -162.9788     82.330   2.48    0.00    0.00   0.00       4479
20210114   5154223   55.0567  -162.4478      2.750   1.23    0.00    0.00   0.00        448
20210705  23552636   54.5387  -162.5562     22.150   1.45    0.00    0.00   0.00       4481
20210706    324847   55.3100  -161.8350     14.830   0.46    0.00    0.00   0.00       4482
20210114   5282525   55.0465  -162.0757      9.810   0.58    0.00    0.00   0.00        449
20210706  12455412   55.2643  -161.5352      8.550   0.17    0.00    0.00   0.00       4494
20210706  17562490   54.7598  -161.0595     28.510   2.19    0.00    0.00   0.00       4497
20210706  18441568   55.2057  -161.5987     12.700   1.23    0.00    0.00   0.00       4498
20210706  21351696   54.8175  -161.1960     29.580   2.77    0.00    0.00   0.00       4502
20210706  22190124   55.3665  -162.1950      5.100   0.67    0.00    0.00   0.00       4503
20210707   9441168   55.1003  -162.3670      7.820   0.66    0.00    0.00   0.00       4511
20210707  11425720   55.0735  -162.1593      5.250   0.53    0.00    0.00   0.00       4513
20210707  14162129   55.1000  -162.3838      6.790   0.34    0.00    0.00   0.00       4518
20210707  15595377   55.2838  -162.0755     23.980   1.23    0.00    0.00   0.00       4520
20210707  19525234   54.7863  -161.2357     31.450   2.06    0.00    0.00   0.00       4522
20210707  20453674   55.2653  -161.8902      7.400   0.90    0.00    0.00   0.00       4524
20210707  22341196   55.3417  -161.6175      5.020   0.65    0.00    0.00   0.00       4525
20210708   4015327   55.0823  -161.4320      1.770   1.57    0.00    0.00   0.00       4531
20210708   5114157   55.8055  -162.7572     12.580   1.71    0.00    0.00   0.00       4532
20210708   5215631   55.7480  -161.1982     63.530   1.68    0.00    0.00   0.00       4535
20210708   7454393   55.2988  -161.9043     25.750   0.98    0.00    0.00   0.00       4537
20210114   6112811   55.2980  -161.6390     29.250   0.59    0.00    0.00   0.00        454
20210708  12113129   54.4600  -163.1305      7.460   1.60    0.00    0.00   0.00       4540
20210708  14500610   54.3448  -160.8388      4.990   1.59    0.00    0.00   0.00       4542
20210708  15101581   54.3693  -161.6618     14.140   1.26    0.00    0.00   0.00       4543
20210708  16095270   54.6125  -161.4147     14.120   1.43    0.00    0.00   0.00       4545
20210708  16471239   54.6972  -160.3440     18.190   1.87    0.00    0.00   0.00       4546
20210708  21550798   55.2995  -162.0550     20.070   0.76    0.00    0.00   0.00       4549
20210708  22293412   54.7655  -163.0110     11.820   1.26    0.00    0.00   0.00       4550
20210708  22500720   54.6297  -161.3188     30.790   1.39    0.00    0.00   0.00       4551
20210709    295500   54.7445  -160.4628      8.000   1.57    0.00    0.00   0.00       4553
20210114   6304660   54.5957  -161.2945     12.320   2.02    0.00    0.00   0.00        456
20210114   6325486   54.5642  -161.2195     13.740   3.58    0.00    0.00   0.00        457
20210709  13430532   55.1980  -162.2173     15.420   2.19    0.00    0.00   0.00       4572
20210709  15035509   54.9568  -161.5547     18.600   1.22    0.00    0.00   0.00       4575
20210709  19135600   54.5560  -163.3445     13.190   1.44    0.00    0.00   0.00       4579
20210114   6335208   54.5773  -161.2873     27.040   2.82    0.00    0.00   0.00        458
20210710     55739   55.2125  -161.9230     10.120   0.53    0.00    0.00   0.00       4583
20210710   7055973   55.4068  -161.8577      7.310   0.52    0.00    0.00   0.00       4588
20210114   6382664   54.5810  -161.3248     11.810   1.53    0.00    0.00   0.00        459
20210710  11031986   55.4468  -161.8882     29.340   1.09    0.00    0.00   0.00       4591
20210710  13234584   55.6643  -161.4922     13.460   1.07    0.00    0.00   0.00       4593
20210710  14341564   55.2832  -161.7243     17.380   0.83    0.00    0.00   0.00       4596
20210114   6432600   54.5703  -161.2802     24.920   1.84    0.00    0.00   0.00        460
20210710  22582572   55.2440  -161.9002     28.610   1.64    0.00    0.00   0.00       4600
20210711   1254041   55.4710  -161.6110     26.480   1.47    0.00    0.00   0.00       4605
20210711   1590738   55.3860  -161.9022     16.050   0.56    0.00    0.00   0.00       4606
20210711  10562003   55.5647  -161.0985     63.530   1.77    0.00    0.00   0.00       4611
20210711  10562682   55.3378  -161.5438     16.480   0.83    0.00    0.00   0.00       4612
20210711  10574243   55.2363  -161.5418     37.940   1.07    0.00    0.00   0.00       4613
20210711  11283600   55.2145  -161.7072      4.880   0.23    0.00    0.00   0.00       4614
20210711  17063398   54.8865  -162.9822     14.000   1.60    0.00    0.00   0.00       4615
20210711  17330974   55.0277  -162.6157      0.920   0.64    0.00    0.00   0.00       4616
20210711  23031284   54.6738  -162.2528     34.900   1.59    0.00    0.00   0.00       4627
20210712   3390755   54.5197  -160.7295      8.310   1.99    0.00    0.00   0.00       4633
20210712   5015630   55.3387  -161.7388     17.870   0.89    0.00    0.00   0.00       4637
20210712   8310307   54.6443  -161.9103     33.570   1.13    0.00    0.00   0.00       4641
20210712  10413371   55.1368  -161.2523     15.540   1.60    0.00    0.00   0.00       4645
20210712  14532298   54.9483  -161.4263     91.870   1.07    0.00    0.00   0.00       4652
20210712  14543003   55.3265  -161.7047     38.790   1.42    0.00    0.00   0.00       4653
20210712  14542890   56.0323  -162.0733     12.250   1.27    0.00    0.00   0.00       4654
20210712  16065623   54.9145  -162.7483      1.780   0.87    0.00    0.00   0.00       4656
20210712  16083231   55.0552  -163.1142     14.290   0.93    0.00    0.00   0.00       4657
20210712  21461864   54.6502  -162.4670     68.240   1.28    0.00    0.00   0.00       4661
20210712  21470010   55.0262  -162.2997     11.410   1.43    0.00    0.00   0.00       4663
20210713   1135776   54.8040  -162.0008      1.680   0.62    0.00    0.00   0.00       4669
20210713   2124090   54.9263  -162.6355     33.860   1.48    0.00    0.00   0.00       4671
20210713   4091429   55.3613  -161.8335     14.760   0.10    0.00    0.00   0.00       4673
20210713   4235366   55.6732  -161.4793      2.300   1.13    0.00    0.00   0.00       4674
20210713   4300993   55.3855  -161.8587     11.960   0.19    0.00    0.00   0.00       4675
20210713   4522286   54.5085  -160.7292      9.140   1.41    0.00    0.00   0.00       4677
20210713   6032569   54.3707  -161.4013     16.850   1.36    0.00    0.00   0.00       4680
20210713   6035401   55.2472  -161.9845      5.840   0.36    0.00    0.00   0.00       4681
20210713   6475656   54.6797  -163.4622     11.940   1.46    0.00    0.00   0.00       4682
20210713   7205403   55.3875  -161.9052     15.520   0.65    0.00    0.00   0.00       4684
20210713   7490467   54.9997  -162.2608      3.800   2.77    0.00    0.00   0.00       4686
20210114  11012767   54.5672  -161.2605     24.190   2.23    0.00    0.00   0.00        469
20210713  10500392   55.4927  -161.9760     14.470   0.62    0.00    0.00   0.00       4693
20210713  12091920   55.0960  -161.5718     32.590   0.78    0.00    0.00   0.00       4698
20210713  12185806   55.3880  -161.3727     23.350   1.16    0.00    0.00   0.00       4699
20210713  13051628   55.2458  -161.5150      8.800   1.03    0.00    0.00   0.00       4703
20210713  14463410   54.7097  -161.4790     49.590   1.28    0.00    0.00   0.00       4706
20210713  15253429   55.2690  -161.9973     16.980   0.41    0.00    0.00   0.00       4707
20210713  16051405   54.4918  -162.2173     69.930   1.79    0.00    0.00   0.00       4708
20210713  18272534   55.4155  -161.8940     13.660   0.49    0.00    0.00   0.00       4712
20210713  18331240   55.0680  -161.6250      4.260   0.64    0.00    0.00   0.00       4714
20210713  18355778   55.3267  -161.8275     17.000   0.55    0.00    0.00   0.00       4716
20210713  20311300   54.7515  -162.4943     14.910   0.75    0.00    0.00   0.00       4719
20210713  21360688   54.6308  -162.9418     61.120   1.67    0.00    0.00   0.00       4720
20210714    530276   54.4498  -160.8400      7.850   1.80    0.00    0.00   0.00       4725
20210714   4212291   54.4515  -160.8518      2.990   2.09    0.00    0.00   0.00       4730
20210714   4253153   54.3230  -160.8978      6.540   1.11    0.00    0.00   0.00       4732
20210714   5051874   55.2073  -161.4248     34.330   1.13    0.00    0.00   0.00       4733
20210714  10445505   54.9587  -161.4023     34.960   1.15    0.00    0.00   0.00       4739
20210714  12304054   54.9755  -163.1143     13.980   1.22    0.00    0.00   0.00       4740
20210714  15595444   55.3708  -162.2818     23.320   0.65    0.00    0.00   0.00       4743
20210714  16185294   54.9462  -163.0408      0.250   1.98    0.00    0.00   0.00       4745
20210714  16260605   54.9890  -163.1050     14.050   0.93    0.00    0.00   0.00       4747
20210714  16365555   54.9413  -161.5533     28.570   0.74    0.00    0.00   0.00       4748
20210714  16371866   55.1850  -161.9137     11.620   0.77    0.00    0.00   0.00       4749
20210114  15593715   55.1622  -161.8728     20.510   0.43    0.00    0.00   0.00        475
20210714  17075124   54.5133  -161.1138     13.100   1.39    0.00    0.00   0.00       4751
20210714  17261384   54.9920  -163.1193     13.410   0.80    0.00    0.00   0.00       4752
20210714  18160172   55.2985  -160.6385     52.820   1.42    0.00    0.00   0.00       4757
20210714  18164424   55.2535  -161.4530     26.320   1.38    0.00    0.00   0.00       4758
20210714  18410048   55.3557  -162.0113     13.570   0.08    0.00    0.00   0.00       4759
20210114  15595247   55.0058  -162.0747     34.950   1.17    0.00    0.00   0.00        476
20210714  18444316   54.7160  -162.4648     10.670   0.70    0.00    0.00   0.00       4760
20210715    534577   55.0062  -161.5322     30.900   1.21    0.00    0.00   0.00       4763
20210715   1333250   55.7563  -161.9593     14.670   1.03    0.00    0.00   0.00       4767
20210715  11015406   54.9657  -162.2593      2.260   1.20    0.00    0.00   0.00       4777
20210715  11120055   55.1592  -161.9357      2.360   0.69    0.00    0.00   0.00       4778
20210715  11121706   55.2323  -161.8152      6.300   0.66    0.00    0.00   0.00       4779
20210715  13380188   54.9860  -162.2738      0.180   3.07    0.00    0.00   0.00       4783
20210715  17352680   54.8647  -161.1510     26.250   2.56    0.00    0.00   0.00       4786
20210715  19112204   54.8208  -163.1498     69.550   1.04    0.00    0.00   0.00       4791
20210715  23153772   54.5973  -163.3630     12.720   1.07    0.00    0.00   0.00       4795
20210715  23595554   55.3140  -162.2038     18.760   0.87    0.00    0.00   0.00       4796
20210716    424559   55.9372  -162.4538     13.370   2.38    0.00    0.00   0.00       4798
20210716   5002242   55.1770  -162.5330     13.000   0.72    0.00    0.00   0.00       4806
20210114  18141986   54.5602  -163.1863      5.990   1.66    0.00    0.00   0.00        481
20210716   5492829   55.2852  -161.5955     19.670   2.96    0.00    0.00   0.00       4810
20210716   7285666   54.8542  -161.0457     13.210   1.64    0.00    0.00   0.00       4812
20210716   9465994   54.7730  -161.1157     30.630   2.35    0.00    0.00   0.00       4815
20210716  14274982   54.8062  -160.6967     12.240   1.93    0.00    0.00   0.00       4818
20210716  19122242   55.0822  -161.0558     14.490   1.30    0.00    0.00   0.00       4825
20210716  19140504   55.0288  -161.5648     17.380   1.12    0.00    0.00   0.00       4826
20210716  20043888   55.3350  -161.5585     24.120   0.74    0.00    0.00   0.00       4829
20210114  19234088   54.5503  -162.4947     58.440   1.84    0.00    0.00   0.00        483
20210717   1014316   55.5030  -161.1482      1.680   1.21    0.00    0.00   0.00       4833
20210717   1150421   54.7427  -160.4277      7.020   2.71    0.00    0.00   0.00       4836
20210717   1581948   55.0540  -161.1558     38.920   1.61    0.00    0.00   0.00       4840
20210717   3343564   55.2022  -162.1702     14.420   1.96    0.00    0.00   0.00       4843
20210717   6510434   55.5275  -161.8425      8.500   0.22    0.00    0.00   0.00       4850
20210717   7170611   54.9213  -162.1687      1.280   1.02    0.00    0.00   0.00       4851
20210717  15422250   54.2775  -162.1257     26.240   2.08    0.00    0.00   0.00       4860
20210717  20272580   55.1918  -162.3007      6.410   0.18    0.00    0.00   0.00       4863
20210718    474040   54.8622  -161.8112     31.310   1.63    0.00    0.00   0.00       4872
20210718   1015223   54.4448  -161.5825      8.010   2.14    0.00    0.00   0.00       4874
20210718   5263612   55.0578  -162.8330      4.390   0.65    0.00    0.00   0.00       4878
20210718   7595301   55.2852  -162.1870     30.200   1.00    0.00    0.00   0.00       4880
20210718  11272099   54.6580  -161.9042      2.430   1.78    0.00    0.00   0.00       4882
20210718  12554213   55.1732  -161.7207     16.930   0.33    0.00    0.00   0.00       4884
20210718  13010433   55.4748  -161.5333      5.470   0.84    0.00    0.00   0.00       4885
20210718  14333778   55.3452  -162.2927      2.360   0.69    0.00    0.00   0.00       4886
20210718  15222996   54.4440  -160.9818      5.750   2.82    0.00    0.00   0.00       4887
20210718  16105068   55.3278  -161.6720      5.780   0.95    0.00    0.00   0.00       4893
20210718  17554450   55.1057  -161.6488     23.220   1.15    0.00    0.00   0.00       4898
20210718  17554736   55.9083  -162.4257     13.770   1.53    0.00    0.00   0.00       4899
20210114  21440492   54.5253  -162.0290     53.390   1.57    0.00    0.00   0.00        490
20210718  20415500   54.9472  -160.9213     12.490   1.17    0.00    0.00   0.00       4900
20210718  22164408   55.0127  -162.3057     11.750   1.42    0.00    0.00   0.00       4902
20210718  22165466   55.0017  -162.4367     20.410   1.21    0.00    0.00   0.00       4903
20210719   2492759   54.6832  -162.2492     72.580   1.74    0.00    0.00   0.00       4915
20210719   5283974   54.4823  -162.9392     13.160   1.55    0.00    0.00   0.00       4919
20210114  22512256   55.3078  -162.0262     12.290   0.29    0.00    0.00   0.00        492
20210719   6494866   55.1342  -161.8830     11.150   1.23    0.00    0.00   0.00       4922
20210719   6503957   55.0618  -162.0033     39.300   0.78    0.00    0.00   0.00       4924
20210719  10540208   55.3788  -161.7762      6.940   0.80    0.00    0.00   0.00       4928
20210719  11011024   54.6048  -160.6522      9.780   1.93    0.00    0.00   0.00       4929
20210719  11013614   55.1955  -162.0698     17.950   1.05    0.00    0.00   0.00       4930
20210719  11020104   54.5713  -160.6565     10.000   2.01    0.00    0.00   0.00       4931
20210719  13463451   55.2648  -161.9718      6.250   1.00    0.00    0.00   0.00       4935
20210719  13534799   55.2907  -161.6997     18.440   0.42    0.00    0.00   0.00       4938
20210719  14054437   55.2538  -162.5868      4.360   0.47    0.00    0.00   0.00       4939
20210719  20121780   54.8792  -161.4658     25.170   1.43    0.00    0.00   0.00       4948
20210114  23560164   54.6340  -161.3192      9.210   1.51    0.00    0.00   0.00        495
20210719  23595310   55.4072  -162.4335     27.280   1.16    0.00    0.00   0.00       4952
20210115   1012185   55.1637  -161.9265     27.790   2.06    0.00    0.00   0.00        496
20210721   4054754   54.6653  -160.7182      8.780   1.86    0.00    0.00   0.00       4963
20210721   6391507   55.0312  -161.7773      9.600   1.98    0.00    0.00   0.00       4965
20210721   6504668   55.1667  -161.5653     33.860   1.33    0.00    0.00   0.00       4966
20210721   9292595   54.6625  -162.5522     95.470   1.64    0.00    0.00   0.00       4968
20210721  12414238   54.5587  -163.3153     10.400   1.84    0.00    0.00   0.00       4969
20210721  15595291   55.2797  -162.1878     29.170   1.30    0.00    0.00   0.00       4970
20210721  20314792   54.4820  -161.7545     10.070   2.22    0.00    0.00   0.00       4971
20210722   1401140   54.6173  -161.1922     26.490   3.64    0.00    0.00   0.00       4975
20210722   7223613   54.3685  -162.0975     10.580   1.97    0.00    0.00   0.00       4977
20210722   7281205   54.1563  -161.1382      2.800   1.74    0.00    0.00   0.00       4978
20210722   9044542   55.3248  -161.9323      4.860   0.13    0.00    0.00   0.00       4980
20210722  22024972   55.1600  -162.3153      5.280   1.46    0.00    0.00   0.00       4988
20210722  23595506   55.3587  -162.1080     20.050   1.51    0.00    0.00   0.00       4991
20210723   9542099   54.5437  -163.3147     13.090   1.39    0.00    0.00   0.00       4992
20210723  12095442   55.2327  -161.6572     33.480   1.21    0.00    0.00   0.00       4994
20210723  17054736   55.7405  -162.0373     11.650   1.44    0.00    0.00   0.00       4999
20210115   3544220   54.7742  -160.5823     10.740   2.08    0.00    0.00   0.00        501
20210724  13151729   55.2262  -161.7025     49.790   1.58    0.00    0.00   0.00       5016
20210724  13225365   55.2753  -161.7482     39.450   1.33    0.00    0.00   0.00       5017
20210724  14490878   55.1255  -161.9368      5.240   1.64    0.00    0.00   0.00       5020
20210724  14493380   55.3487  -161.8947      1.780   1.21    0.00    0.00   0.00       5022
20210724  17274502   55.4233  -161.9647      6.010   0.77    0.00    0.00   0.00       5024
20210724  18534892   55.1343  -161.9642      9.260   0.80    0.00    0.00   0.00       5027
20210724  23345364   54.5873  -161.1633     26.180   1.52    0.00    0.00   0.00       5033
20210725   3055842   54.7032  -160.9052     24.920   1.56    0.00    0.00   0.00       5037
20210725   3230640   55.0128  -163.6140     30.400   1.69    0.00    0.00   0.00       5038
20210725   3451269   54.9880  -162.3907      6.150  -0.25    0.00    0.00   0.00       5039
20210725   9494752   55.2495  -162.0945     12.470   0.46    0.00    0.00   0.00       5052
20210725  10215029   54.9342  -161.1122     32.530   1.29    0.00    0.00   0.00       5054
20210725  12085660   55.3060  -161.8105     22.400   0.97    0.00    0.00   0.00       5058
20210725  12231777   55.3115  -161.8525     16.950   0.79    0.00    0.00   0.00       5060
20210725  12275658   55.3740  -161.7328      6.810   0.68    0.00    0.00   0.00       5061
20210725  12474662   54.7973  -160.9878     32.090   1.86    0.00    0.00   0.00       5065
20210725  14395993   54.5433  -162.0355     31.590   1.39    0.00    0.00   0.00       5067
20210725  16250300   54.9483  -162.2068      3.760   1.64    0.00    0.00   0.00       5070
20210725  16252866   55.3725  -161.8522      2.010   0.47    0.00    0.00   0.00       5072
20210725  19360730   55.2028  -161.8635      7.980   0.33    0.00    0.00   0.00       5077
20210725  20363260   55.4125  -161.8958      8.090   1.04    0.00    0.00   0.00       5079
20210725  22151764   55.0445  -161.7047     16.900   1.08    0.00    0.00   0.00       5080
20210726   3551793   55.1795  -162.0552     29.230   1.16    0.00    0.00   0.00       5087
20210726   7393043   55.2318  -161.9272     41.230   0.82    0.00    0.00   0.00       5092
20210726   8111998   55.1507  -161.9560      6.240   0.33    0.00    0.00   0.00       5094
20210726  11284848   55.5078  -161.7550     28.510   0.23    0.00    0.00   0.00       5097
20210102  14133396   54.9760  -162.8958      1.430   1.91    0.00    0.00   0.00         51
20210115  18222266   55.0158  -161.3463     32.420   1.88    0.00    0.00   0.00        510
20210726  16274976   54.4610  -161.8330     62.870   1.58    0.00    0.00   0.00       5101
20210727    585737   54.4462  -162.0230     62.810   1.47    0.00    0.00   0.00       5107
20210727   3500934   54.5182  -160.6828      8.180   1.76    0.00    0.00   0.00       5109
20210115  18223592   55.0607  -161.4152     33.110   2.02    0.00    0.00   0.00        511
20210727   7595537   55.2982  -162.2608     12.180   1.15    0.00    0.00   0.00       5115
20210115  21123776   55.5493  -161.8050      9.730   0.89    0.00    0.00   0.00        512
20210727  12123491   54.6090  -161.2865     12.750   2.82    0.00    0.00   0.00       5120
20210727  12174179   54.5725  -161.3433     13.760   1.43    0.00    0.00   0.00       5121
20210727  12284164   55.2625  -162.0473     13.630   0.22    0.00    0.00   0.00       5122
20210727  20044308   55.2772  -161.7503     18.030   0.60    0.00    0.00   0.00       5130
20210727  20205028   54.9288  -162.2492      3.720   1.56    0.00    0.00   0.00       5131
20210727  23122880   55.0307  -163.1440     12.790   1.32    0.00    0.00   0.00       5133
20210728   1311934   54.8447  -161.2097     57.720   1.39    0.00    0.00   0.00       5135
20210728  11544526   54.6125  -162.6502      7.440   1.86    0.00    0.00   0.00       5139
20210728  15341745   54.9890  -162.3473      9.350   1.46    0.00    0.00   0.00       5143
20210728  21121434   55.0067  -161.5353     79.930   1.93    0.00    0.00   0.00       5147
20210729   5471217   54.4862  -162.1260     14.950   1.84    0.00    0.00   0.00       5150
20210729   5495058   55.2388  -160.7847     10.170   2.03    0.00    0.00   0.00       5151
20210729   5495244   55.7498  -161.2393     16.590   1.81    0.00    0.00   0.00       5152
20210729   6161963   55.3855  -161.4902     12.610   4.95    0.00    0.00   0.00       5154
20210729   6330680   55.3148  -160.7293     30.560   3.99    0.00    0.00   0.00       5160
20210729   6371739   55.0592  -161.6795      3.700   2.92    0.00    0.00   0.00       5163
20210729   6475736   55.2672  -161.7538     28.480   2.94    0.00    0.00   0.00       5166
20210729   6535563   55.4797  -160.4177     11.490   3.33    0.00    0.00   0.00       5167
20210729   6573384   55.4402  -160.6522     13.670   2.72    0.00    0.00   0.00       5169
20210116   4153741   55.3640  -161.8437      6.730   0.57    0.00    0.00   0.00        517
20210729   7214929   55.3788  -161.3965     28.180   1.53    0.00    0.00   0.00       5177
20210729   7224691   55.3327  -161.2413     29.840   2.50    0.00    0.00   0.00       5178
20210729   7302408   55.4522  -161.5722      6.140   1.51    0.00    0.00   0.00       5182
20210729   7330348   55.3705  -161.0280     48.380   3.18    0.00    0.00   0.00       5184
20210729   7334432   55.2557  -161.5868      8.280   2.69    0.00    0.00   0.00       5185
20210729   7351875   55.1800  -161.9123     15.190   2.18    0.00    0.00   0.00       5186
20210116   6420047   54.8710  -161.4048     25.130   1.66    0.00    0.00   0.00        519
20210729   7472612   55.2447  -161.4677     16.140   2.92    0.00    0.00   0.00       5190
20210729   7595284   55.3743  -162.1520     43.730   2.51    0.00    0.00   0.00       5193
20210729   8093051   55.1675  -161.2358     46.130   2.56    0.00    0.00   0.00       5198
20210729   8102444   55.2408  -162.0628      5.940   2.24    0.00    0.00   0.00       5199
20210116   6422606   55.2117  -161.8647     15.440   0.67    0.00    0.00   0.00        520
20210729   8105702   55.2338  -161.4153     25.080   3.06    0.00    0.00   0.00       5200
20210729   8161959   55.3202  -160.9398     55.440   2.92    0.00    0.00   0.00       5204
20210729   8304340   55.4242  -161.8095      5.010   2.26    0.00    0.00   0.00       5209
20210729   8395557   55.2905  -161.3408      0.040   2.19    0.00    0.00   0.00       5212
20210729   8404462   55.2718  -160.6705     49.050   2.73    0.00    0.00   0.00       5213
20210729   8560018   55.0520  -161.8025      4.160   2.16    0.00    0.00   0.00       5217
20210116   9040473   54.8412  -161.9627      3.110   0.92    0.00    0.00   0.00        522
20210729   8582158   55.3727  -161.8975     42.590   2.29    0.00    0.00   0.00       5220
20210729   9082296   55.1768  -161.2048     22.380   1.99    0.00    0.00   0.00       5222
20210729   9173930   55.2635  -161.2147     51.780   2.11    0.00    0.00   0.00       5224
20210729   9181169   55.2763  -162.6000      0.880   2.16    0.00    0.00   0.00       5225
20210116  11123348   55.1600  -162.2383     16.300   0.81    0.00    0.00   0.00        523
20210729   9360008   55.1673  -161.7183     42.870   1.33    0.00    0.00   0.00       5230
20210729   9363374   55.3585  -161.6943     20.740   1.21    0.00    0.00   0.00       5231
20210729   9392141   55.4770  -161.8993     30.750   1.96    0.00    0.00   0.00       5234
20210729   9435397   55.4310  -162.2023     25.590   1.46    0.00    0.00   0.00       5235
20210729   9525253   55.2782  -161.0735     32.140   2.22    0.00    0.00   0.00       5238
20210729   9541366   55.3248  -160.9832     46.700   2.79    0.00    0.00   0.00       5239
20210729   9591157   55.2472  -161.3543     50.800   2.08    0.00    0.00   0.00       5242
20210729  10021593   55.4445  -162.1855      2.230   2.18    0.00    0.00   0.00       5244
20210729  10054402   55.0948  -161.5902     37.980   1.73    0.00    0.00   0.00       5246
20210729  10062717   55.2208  -161.9607     28.840   1.15    0.00    0.00   0.00       5247
20210729  10082374   54.8725  -160.6733     11.450   2.21    0.00    0.00   0.00       5248
20210729  10082794   55.5513  -162.1782      2.440   1.20    0.00    0.00   0.00       5249
20210729  10181371   55.1277  -161.5293     34.210   2.44    0.00    0.00   0.00       5254
20210729  10204239   55.3902  -161.8960     23.810   1.62    0.00    0.00   0.00       5255
20210729  10225675   55.4355  -161.6803     18.860   1.25    0.00    0.00   0.00       5257
20210729  10232823   55.0957  -161.2658      1.220   1.87    0.00    0.00   0.00       5258
20210729  10244252   55.2328  -160.8647     32.190   2.05    0.00    0.00   0.00       5259
20210116  11472197   54.8987  -161.0548     26.490   2.47    0.00    0.00   0.00        526
20210729  10272589   55.2457  -160.8712     55.140   2.07    0.00    0.00   0.00       5260
20210729  10280622   55.0442  -161.7673     11.940   1.86    0.00    0.00   0.00       5261
20210729  10382825   55.2902  -160.7565     50.180   1.86    0.00    0.00   0.00       5262
20210729  10425147   55.2540  -161.4278      5.000   1.08    0.00    0.00   0.00       5263
20210729  10504624   55.3437  -162.9495      0.100   1.91    0.00    0.00   0.00       5265
20210729  10543318   55.4975  -161.1910     16.600   1.36    0.00    0.00   0.00       5266
20210729  10551623   55.2708  -161.8000      2.920   0.77    0.00    0.00   0.00       5267
20210729  10590325   55.2902  -161.3317     37.560   1.64    0.00    0.00   0.00       5268
20210729  11053231   55.1952  -161.6138     19.850   2.05    0.00    0.00   0.00       5270
20210729  11091695   55.2405  -161.0730     31.430   2.69    0.00    0.00   0.00       5271
20210116  20413570   54.8218  -163.1743     10.100   2.91    0.00    0.00   0.00        528
20210729  11482929   55.2605  -161.5615     13.890   1.30    0.00    0.00   0.00       5282
20210729  12172258   55.2517  -161.3047      3.420   1.22    0.00    0.00   0.00       5285
20210729  12182980   55.1237  -161.3102     21.620   1.93    0.00    0.00   0.00       5286
20210729  12285418   55.2462  -161.2902     19.000   2.30    0.00    0.00   0.00       5290
20210729  12323907   55.2012  -160.6707     14.890   1.91    0.00    0.00   0.00       5292
20210729  16002256   55.2042  -161.3018     29.050   1.79    0.00    0.00   0.00       5293
20210729  16094288   55.2400  -160.9013     32.720   3.21    0.00    0.00   0.00       5297
20210117   8143148   54.6553  -160.6798     21.990   2.86    0.00    0.00   0.00        530
20210729  16382803   55.2643  -160.8737     56.720   1.75    0.00    0.00   0.00       5300
20210729  17042094   55.4165  -161.6600     46.370   1.87    0.00    0.00   0.00       5304
20210729  17043044   55.2860  -161.5842     15.000   1.55    0.00    0.00   0.00       5305
20210729  17231988   55.2740  -162.0498     35.120   2.03    0.00    0.00   0.00       5308
20210729  17330936   55.1342  -161.2958     27.590   1.35    0.00    0.00   0.00       5311
20210729  17521072   55.2592  -160.7765     50.110   1.82    0.00    0.00   0.00       5315
20210729  17525870   55.0323  -162.0892      1.670   1.88    0.00    0.00   0.00       5316
20210729  18145510   55.1692  -161.2183     31.680   2.21    0.00    0.00   0.00       5318
20210729  18150760   55.4345  -162.0908     15.750   1.72    0.00    0.00   0.00       5319
20210117  16261500   55.0758  -162.0138      7.030   1.05    0.00    0.00   0.00        532
20210729  18174450   55.1808  -161.5513     42.320   1.03    0.00    0.00   0.00       5320
20210729  18381414   55.4218  -160.9352     15.930   1.82    0.00    0.00   0.00       5322
20210729  18384666   55.2468  -161.9052     15.700   1.04    0.00    0.00   0.00       5323
20210729  18465008   55.2930  -160.9353     48.630   1.48    0.00    0.00   0.00       5324
20210729  18535590   54.6823  -161.9488     12.490   1.35    0.00    0.00   0.00       5326
20210729  19124856   55.4745  -161.6813     26.920   2.91    0.00    0.00   0.00       5328
20210729  19533108   55.3025  -160.9122     32.370   1.75    0.00    0.00   0.00       5330
20210729  20240882   55.4453  -162.0578      3.560   1.75    0.00    0.00   0.00       5334
20210729  20253966   55.2528  -160.8347     31.760   1.54    0.00    0.00   0.00       5335
20210729  20310882   55.2697  -161.2297     25.980   2.55    0.00    0.00   0.00       5336
20210729  20340748   55.1995  -161.7672      6.060   3.07    0.00    0.00   0.00       5339
20210729  20423316   55.3792  -161.6850     22.130   1.16    0.00    0.00   0.00       5340
20210729  20430004   55.0093  -161.7152      3.920   1.83    0.00    0.00   0.00       5341
20210730    554498   55.3725  -160.9848     41.190   1.75    0.00    0.00   0.00       5343
20210730   2562459   55.2417  -160.7600     56.260   1.95    0.00    0.00   0.00       5347
20210730   3374399   55.2357  -161.7825     10.530   1.56    0.00    0.00   0.00       5351
20210730   3524356   55.3325  -160.7162     58.380   3.37    0.00    0.00   0.00       5352
20210730   4120913   55.2787  -160.8640     47.880   1.89    0.00    0.00   0.00       5353
20210730   4220723   55.2443  -161.7878     11.030   1.85    0.00    0.00   0.00       5354
20210730   4223482   55.3332  -161.8255      4.290   1.53    0.00    0.00   0.00       5355
20210730   5325876   55.2160  -161.6580     16.100   4.03    0.00    0.00   0.00       5359
20210117  18593040   54.7973  -161.8687      1.840   2.67    0.00    0.00   0.00        536
20210730   5413077   55.2472  -161.4125     19.090   1.91    0.00    0.00   0.00       5360
20210730   5420946   55.2203  -162.2737     18.270   2.12    0.00    0.00   0.00       5361
20210730   5495285   55.2845  -160.5688     30.200   2.08    0.00    0.00   0.00       5362
20210730   6470033   55.4680  -161.1232     47.630   1.97    0.00    0.00   0.00       5365
20210730   7251263   55.2680  -160.6150     52.280   2.59    0.00    0.00   0.00       5368
20210730   8402880   55.0793  -161.7382     11.300   1.00    0.00    0.00   0.00       5372
20210730   9275821   55.1237  -162.7663     15.470   1.58    0.00    0.00   0.00       5373
20210730   9551812   54.9612  -161.4803     13.670   1.49    0.00    0.00   0.00       5375
20210730   9584195   55.1147  -161.8102      9.400   1.84    0.00    0.00   0.00       5377
20210730  12380883   55.0132  -161.4412     16.990   1.43    0.00    0.00   0.00       5384
20210730  13284583   55.2272  -160.8858     32.050   2.34    0.00    0.00   0.00       5387
20210730  13292370   55.2073  -161.4412      3.170   2.48    0.00    0.00   0.00       5388
20210730  13535486   55.3842  -161.3930     18.000   1.59    0.00    0.00   0.00       5389
20210730  14204168   55.2527  -161.5837     19.230   1.92    0.00    0.00   0.00       5390
20210730  14352593   55.0643  -161.0150     16.410   1.03    0.00    0.00   0.00       5394
20210730  14421803   55.1983  -160.8662     41.320   2.54    0.00    0.00   0.00       5396
20210730  14424795   55.2680  -161.6797     27.410   2.93    0.00    0.00   0.00       5397
20210730  14585276   55.2895  -161.0165     40.050   2.23    0.00    0.00   0.00       5399
20210102  18071940   55.0625  -162.0422      3.440   1.16    0.00    0.00   0.00         54
20210117  20284412   54.5750  -161.2700     13.370   2.36    0.00    0.00   0.00        540
20210730  14592771   55.1438  -161.7082     26.280   2.35    0.00    0.00   0.00       5400
20210730  15271772   55.1248  -161.7832     14.210   0.80    0.00    0.00   0.00       5401
20210730  16573275   54.4390  -161.8105     15.570   2.05    0.00    0.00   0.00       5402
20210730  19160752   55.2282  -160.8887     31.970   2.22    0.00    0.00   0.00       5404
20210730  21252968   54.2940  -161.5068     10.850   1.80    0.00    0.00   0.00       5406
20210730  21450310   55.4632  -161.1093     53.480   2.11    0.00    0.00   0.00       5407
20210730  21552388   55.4715  -161.8042      6.370   1.57    0.00    0.00   0.00       5408
20210730  22123860   55.4333  -161.7242      6.270   2.21    0.00    0.00   0.00       5409
20210117  22210256   54.5828  -161.2628     14.100   2.73    0.00    0.00   0.00        541
20210731    592549   55.2760  -161.0955     32.660   1.76    0.00    0.00   0.00       5412
20210731  12124124   54.5448  -161.8513     12.930   2.71    0.00    0.00   0.00       5422
20210731  14040818   54.9713  -162.4275     24.290   0.87    0.00    0.00   0.00       5424
20210801   1493408   55.2347  -161.3492      3.940   1.51    0.00    0.00   0.00       5435
20210801   5373233   55.2497  -161.0622     54.810   1.69    0.00    0.00   0.00       5441
20210801   5380635   55.3272  -161.8153     27.850   1.59    0.00    0.00   0.00       5442
20210801   6370671   54.5075  -163.1697      0.930   2.05    0.00    0.00   0.00       5448
20210118   6442368   55.4577  -161.6188      6.150   0.37    0.00    0.00   0.00        545
20210801   7513896   55.1725  -161.8793      5.220   1.73    0.00    0.00   0.00       5453
20210801   8594281   55.3575  -160.7675     49.620   2.29    0.00    0.00   0.00       5454
20210801  10084059   55.1077  -161.2840     30.720   1.21    0.00    0.00   0.00       5458
20210118   9172329   54.5907  -161.1965      9.470   1.82    0.00    0.00   0.00        546
20210801  10280702   55.1112  -161.8993      5.800   0.20    0.00    0.00   0.00       5460
20210801  11522948   55.3418  -160.9205     45.060   1.70    0.00    0.00   0.00       5461
20210801  13042097   54.8308  -161.1257     36.480   2.61    0.00    0.00   0.00       5464
20210801  13431733   55.2055  -160.7697     53.090   2.03    0.00    0.00   0.00       5465
20210801  14441830   55.2093  -160.6758     30.580   2.12    0.00    0.00   0.00       5467
20210801  14445120   55.5898  -160.6473     73.740   2.79    0.00    0.00   0.00       5468
20210801  16114605   55.2423  -161.6343     14.450   1.99    0.00    0.00   0.00       5473
20210801  20014888   55.2600  -161.2900     32.420   1.63    0.00    0.00   0.00       5475
20210801  20373924   54.8943  -162.3325     14.060   1.51    0.00    0.00   0.00       5477
20210801  21353988   55.3073  -161.0752     39.160   1.58    0.00    0.00   0.00       5478
20210802   4483077   55.1887  -161.0375     32.620   1.69    0.00    0.00   0.00       5483
20210802   5242209   55.4413  -161.2915     50.210   1.20    0.00    0.00   0.00       5486
20210118  14244909   55.3345  -161.7258      5.270   1.81    0.00    0.00   0.00        549
20210802   7160725   55.3098  -160.9022     32.640   1.51    0.00    0.00   0.00       5492
20210802   8001050   54.5273  -161.1513     13.400   1.84    0.00    0.00   0.00       5493
20210802  13211733   54.3307  -162.7057      9.780   1.85    0.00    0.00   0.00       5495
20210802  13241517   55.0777  -161.6548     15.520   1.43    0.00    0.00   0.00       5496
20210102  19132652   54.5442  -161.5240     10.440   2.55    0.00    0.00   0.00         55
20210802  19472256   55.0635  -161.8177     17.300   0.80    0.00    0.00   0.00       5503
20210802  21572748   55.0553  -161.6027     12.890   0.90    0.00    0.00   0.00       5505
20210802  21574596   55.1712  -161.9585     26.510   1.12    0.00    0.00   0.00       5506
20210803   3281877   54.8218  -161.1375     52.640   2.01    0.00    0.00   0.00       5509
20210803   3444854   55.3093  -161.9400     37.830   0.89    0.00    0.00   0.00       5510
20210803   7400862   55.2322  -161.0397     47.580   1.98    0.00    0.00   0.00       5515
20210803   8244571   54.7005  -160.3550     20.470   1.66    0.00    0.00   0.00       5517
20210118  20081718   55.2078  -161.3627     21.720   1.02    0.00    0.00   0.00        552
20210803  16433877   54.9523  -162.2430      4.830   1.54    0.00    0.00   0.00       5520
20210803  16500657   54.9222  -162.2278      3.840   2.06    0.00    0.00   0.00       5522
20210803  18434212   55.3200  -161.6598      6.810   0.10    0.00    0.00   0.00       5528
20210803  20053320   55.3182  -160.8363     11.660   1.62    0.00    0.00   0.00       5530
20210803  21301410   55.3738  -161.2158     81.910   1.92    0.00    0.00   0.00       5532
20210803  23314372   55.2683  -161.6205     33.130   1.79    0.00    0.00   0.00       5535
20210803  23322252   55.2220  -162.1923     15.660   1.77    0.00    0.00   0.00       5536
20210804   5214013   55.2585  -161.8435     12.720   0.63    0.00    0.00   0.00       5540
20210804   7214523   55.0447  -161.3948     23.070   2.03    0.00    0.00   0.00       5543
20210804  10264793   54.3975  -162.0128     14.630   2.10    0.00    0.00   0.00       5547
20210804  11052783   55.6790  -162.0742      2.320   1.82    0.00    0.00   0.00       5548
20210804  14480749   55.4833  -161.3743     21.000   1.77    0.00    0.00   0.00       5552
20210805    363164   55.0050  -162.2648      2.470   1.16    0.00    0.00   0.00       5558
20210805   1464826   55.4933  -162.0865     20.700   1.57    0.00    0.00   0.00       5559
20210118  22025180   55.1630  -161.0293     15.990   1.01    0.00    0.00   0.00        556
20210805   3545084   55.1428  -161.4122     30.100   1.24    0.00    0.00   0.00       5560
20210805   7160143   55.0447  -161.2320     27.250   1.95    0.00    0.00   0.00       5562
20210805   9470137   54.8278  -162.5200     88.420   1.84    0.00    0.00   0.00       5574
20210805  12194077   55.5023  -161.6667     24.090   0.49    0.00    0.00   0.00       5578
20210805  15460837   55.3438  -161.9023     17.900   0.69    0.00    0.00   0.00       5587
20210805  16274235   55.0313  -161.4195     28.580   1.20    0.00    0.00   0.00       5591
20210805  16281672   55.3335  -161.9450      8.080   1.25    0.00    0.00   0.00       5592
20210805  17051992   55.4595  -162.1697     22.410   0.75    0.00    0.00   0.00       5595
20210805  21240978   55.0767  -161.6695     16.820   1.36    0.00    0.00   0.00       5604
20210805  21433756   55.2927  -161.0000     55.980   1.71    0.00    0.00   0.00       5605
20210805  23121176   54.9288  -162.2013      0.780   1.67    0.00    0.00   0.00       5609
20210805  23263676   54.9452  -162.3912     15.930   2.19    0.00    0.00   0.00       5612
20210805  23470856   54.9038  -162.2538      5.230   0.29    0.00    0.00   0.00       5613
20210805  23561680   55.4092  -161.3052     34.210   1.24    0.00    0.00   0.00       5615
20210806   1090968   55.2178  -161.4705     26.980   1.19    0.00    0.00   0.00       5618
20210806   3072953   55.3015  -161.6323      9.260   0.34    0.00    0.00   0.00       5619
20210806   3374390   55.3595  -161.9582     17.540   0.94    0.00    0.00   0.00       5621
20210806   6105246   55.1960  -161.8258      7.710   0.71    0.00    0.00   0.00       5627
20210806   7533374   55.2795  -161.3972     27.010   1.77    0.00    0.00   0.00       5628
20210806   7540480   55.1587  -161.3500     19.070   1.67    0.00    0.00   0.00       5629
20210806   9104198   55.1477  -162.3087     23.540   0.97    0.00    0.00   0.00       5630
20210806  12422543   55.0080  -161.2925     35.680   1.21    0.00    0.00   0.00       5640
20210806  12424517   54.8963  -161.3353     16.780   1.59    0.00    0.00   0.00       5641
20210806  13432153   54.4442  -161.4518     10.990   1.07    0.00    0.00   0.00       5642
20210806  13502606   55.0142  -160.3940      9.110   2.88    0.00    0.00   0.00       5643
20210806  14043423   54.9505  -160.4992      8.900   1.62    0.00    0.00   0.00       5644
20210806  14044941   55.0195  -161.3205     12.840   1.51    0.00    0.00   0.00       5645
20210806  14311658   54.3643  -161.4880     11.480   1.39    0.00    0.00   0.00       5647
20210806  16182058   54.9402  -162.1842      2.460   1.02    0.00    0.00   0.00       5652
20210806  17100308   54.5387  -161.2652     13.870   1.23    0.00    0.00   0.00       5657
20210806  18010352   55.3750  -161.8827     24.390   0.04    0.00    0.00   0.00       5660
20210806  22333506   54.9367  -162.2123      3.210   1.43    0.00    0.00   0.00       5665
20210806  23071296   54.7907  -162.3997     14.640   0.90    0.00    0.00   0.00       5667
20210807    400168   55.2625  -161.8843      8.590   0.43    0.00    0.00   0.00       5670
20210807   1153405   55.4558  -161.9057     27.580   0.65    0.00    0.00   0.00       5671
20210807   3580672   55.1683  -160.9433     35.430   1.71    0.00    0.00   0.00       5673
20210807   9133418   54.5803  -162.1055     56.260   1.61    0.00    0.00   0.00       5682
20210807  10031540   55.2883  -161.9683     28.250   0.68    0.00    0.00   0.00       5683
20210807  11352346   54.4917  -162.3247     58.180   1.60    0.00    0.00   0.00       5684
20210807  15024180   55.2442  -162.3883     21.000   1.74    0.00    0.00   0.00       5691
20210807  16500304   55.3190  -161.1072     15.930   1.29    0.00    0.00   0.00       5692
20210807  16503661   55.3730  -161.8527     16.280   0.93    0.00    0.00   0.00       5693
20210807  22304216   54.9972  -162.3218      3.860   0.52    0.00    0.00   0.00       5695
20210807  23214194   55.2060  -161.7027     39.950   0.80    0.00    0.00   0.00       5697
20210119   2321305   55.1767  -161.8983     29.260   1.47    0.00    0.00   0.00        570
20210808  18495540   55.4300  -161.7268     10.830   0.46    0.00    0.00   0.00       5706
20210809   8315694   55.2727  -161.8842     18.260   0.66    0.00    0.00   0.00       5721
20210809   9454423   55.0813  -162.4043     15.540   1.44    0.00    0.00   0.00       5724
20210809  11295519   54.7043  -161.6283     84.390   2.54    0.00    0.00   0.00       5729
20210119   2413671   55.1860  -161.3385     12.110   0.97    0.00    0.00   0.00        573
20210809  12564943   54.9580  -162.2413      2.970   1.54    0.00    0.00   0.00       5730
20210809  14510925   55.2493  -161.2413     28.700   1.57    0.00    0.00   0.00       5738
20210809  14550543   55.3218  -160.6170     44.790   1.96    0.00    0.00   0.00       5740
20210809  18334656   54.8363  -162.4083     16.100   1.50    0.00    0.00   0.00       5745
20210810   3515460   54.9943  -161.3475     32.080   1.96    0.00    0.00   0.00       5749
20210810   6044599   55.3462  -160.5982     41.090   1.79    0.00    0.00   0.00       5750
20210810   7360051   55.3813  -161.7750      1.310  -0.55    0.00    0.00   0.00       5754
20210810  10561469   55.3938  -161.8105      4.660   0.52    0.00    0.00   0.00       5757
20210810  13524654   55.7123  -161.5117     37.740   1.57    0.00    0.00   0.00       5758
20210810  19251540   55.2733  -160.8778     31.750   1.54    0.00    0.00   0.00       5760
20210810  19255792   55.2202  -161.8205      9.210   1.57    0.00    0.00   0.00       5761
20210810  21163856   54.8860  -161.7953     25.430   2.47    0.00    0.00   0.00       5763
20210810  21164380   54.9692  -161.8023      4.580   2.18    0.00    0.00   0.00       5764
20210811   5312835   55.2683  -161.0093     51.620   1.79    0.00    0.00   0.00       5773
20210811   5320907   55.1565  -161.8425     15.490   1.22    0.00    0.00   0.00       5774
20210811   5464444   55.2218  -160.7763     55.400   2.31    0.00    0.00   0.00       5776
20210811   5521896   55.2608  -161.9732     11.700   1.65    0.00    0.00   0.00       5780
20210811   6535187   54.9937  -161.4997     32.730   1.66    0.00    0.00   0.00       5783
20210811   8154523   55.1318  -160.5238     55.210   2.55    0.00    0.00   0.00       5786
20210811  12590976   55.2363  -161.6543     16.520   1.71    0.00    0.00   0.00       5796
20210811  17574176   55.2835  -161.9482      8.010   1.03    0.00    0.00   0.00       5804
20210811  18511144   55.2423  -161.7267     17.150   0.65    0.00    0.00   0.00       5806
20210811  19284140   55.1645  -161.6148      5.380   1.55    0.00    0.00   0.00       5808
20210811  20395086   54.6770  -161.6272     16.250   1.29    0.00    0.00   0.00       5809
20210812   2552036   55.0495  -162.2848      1.660   1.43    0.00    0.00   0.00       5814
20210812   3145309   55.0252  -162.4478      4.790   1.18    0.00    0.00   0.00       5817
20210812   3150993   55.0470  -162.3170      4.540   1.24    0.00    0.00   0.00       5818
20210812   4523869   54.6208  -161.3305     10.980   2.44    0.00    0.00   0.00       5821
20210812   5150738   54.8968  -162.1880      0.390   0.70    0.00    0.00   0.00       5824
20210812   8521269   55.2318  -161.4407     21.260   1.45    0.00    0.00   0.00       5826
20210812   9550359   55.2405  -160.8182     39.710   2.53    0.00    0.00   0.00       5828
20210812  10284686   55.0300  -161.3967     16.380   2.41    0.00    0.00   0.00       5833
20210812  11122794   55.3868  -161.6212      9.170   0.56    0.00    0.00   0.00       5837
20210812  16045583   55.1648  -162.6178     56.530   1.53    0.00    0.00   0.00       5845
20210812  20454240   55.2453  -160.7423     66.270   1.92    0.00    0.00   0.00       5850
20210812  20461192   55.1853  -161.5153     22.580   2.14    0.00    0.00   0.00       5851
20210812  21150896   55.0675  -162.3420     35.200   1.41    0.00    0.00   0.00       5852
20210812  21171136   55.2157  -161.8232      7.040   0.95    0.00    0.00   0.00       5854
20210812  21501160   54.8552  -161.2780     28.080   1.90    0.00    0.00   0.00       5856
20210812  22012406   55.2643  -161.1408     32.910   1.73    0.00    0.00   0.00       5857
20210812  22020628   55.2160  -162.2760     14.450   1.16    0.00    0.00   0.00       5858
20210812  23160304   55.3338  -161.8215     28.400   0.54    0.00    0.00   0.00       5863
20210813    530173   55.2593  -161.0765     31.260   1.50    0.00    0.00   0.00       5866
20210813   6032135   55.2855  -160.9617     45.220   1.49    0.00    0.00   0.00       5876
20210119   8111247   55.0457  -161.7228     24.130   1.43    0.00    0.00   0.00        588
20210813   8123992   54.6230  -163.3918     11.980   1.33    0.00    0.00   0.00       5880
20210813  10493951   55.4347  -162.1328     21.140   1.17    0.00    0.00   0.00       5881
20210813  12102683   54.5750  -161.4517     10.700   2.09    0.00    0.00   0.00       5884
20210813  13541725   55.2117  -162.1293     10.580   0.54    0.00    0.00   0.00       5888
20210813  14214479   55.1690  -161.7388     19.300   0.77    0.00    0.00   0.00       5889
20210813  16070183   54.6207  -161.2825     29.700   1.20    0.00    0.00   0.00       5893
20210813  17291256   55.3543  -161.5953     57.860   1.98    0.00    0.00   0.00       5896
20210813  17294824   55.1557  -161.5943     26.540   2.05    0.00    0.00   0.00       5897
20210813  17335138   54.8597  -162.6937     31.800   1.56    0.00    0.00   0.00       5898
20210813  18512320   55.4545  -161.8910     25.130   0.47    0.00    0.00   0.00       5901
20210813  19531708   54.2787  -160.9857      6.220   1.39    0.00    0.00   0.00       5904
20210813  21195244   54.5525  -162.4673     32.530   0.99    0.00    0.00   0.00       5906
20210813  22182010   54.7898  -160.9693     28.420   1.42    0.00    0.00   0.00       5908
20210814   2452836   55.5095  -161.1360     55.360   1.05    0.00    0.00   0.00       5918
20210814   3311916   55.2307  -161.4012     17.890   0.72    0.00    0.00   0.00       5921
20210814   4202918   54.9127  -162.7982     11.790   0.92    0.00    0.00   0.00       5922
20210814   4211892   54.2208  -161.5937      3.320   1.07    0.00    0.00   0.00       5923
20210814   4213160   54.9642  -162.6977      4.080   0.91    0.00    0.00   0.00       5924
20210814   8430655   54.9040  -161.5867     75.860   1.12    0.00    0.00   0.00       5929
20210814  10375535   55.4098  -162.0065     16.750   0.63    0.00    0.00   0.00       5932
20210814  10552603   55.4350  -161.0750     50.210   1.18    0.00    0.00   0.00       5934
20210814  11580929   55.2848  -160.8100     61.680   4.54    0.00    0.00   0.00       5935
20210814  12152886   55.3368  -161.6200     26.950   2.42    0.00    0.00   0.00       5937
20210814  12223009   55.0150  -163.4672     24.550   3.25    0.00    0.00   0.00       5939
20210119   9393421   54.5945  -161.2000     25.950   3.00    0.00    0.00   0.00        594
20210814  12352660   55.3313  -161.5698     33.980   1.87    0.00    0.00   0.00       5940
20210814  13001250   55.2797  -160.8552     44.670   1.82    0.00    0.00   0.00       5943
20210814  13070769   55.2935  -161.2208     53.930   2.47    0.00    0.00   0.00       5944
20210814  13121788   55.0158  -161.2142     34.150   1.42    0.00    0.00   0.00       5945
20210814  13452254   55.1053  -161.5547     19.790   1.24    0.00    0.00   0.00       5947
20210814  14212760   55.1133  -161.4088     28.440   1.46    0.00    0.00   0.00       5950
20210814  14220217   55.2703  -161.7845     16.950   1.15    0.00    0.00   0.00       5951
20210814  14342033   55.2585  -160.7557     40.970   1.45    0.00    0.00   0.00       5952
20210814  14553273   55.3062  -161.2917     41.640   1.92    0.00    0.00   0.00       5954
20210814  15113205   55.2717  -161.3943     24.360   1.05    0.00    0.00   0.00       5956
20210814  16555149   55.4390  -161.9765     16.090   1.10    0.00    0.00   0.00       5962
20210814  17021342   55.1913  -161.0355     34.900   1.39    0.00    0.00   0.00       5965
20210814  17025360   55.4333  -161.9877     11.190   1.18    0.00    0.00   0.00       5966
20210814  17334884   55.1325  -160.8170     12.250   1.61    0.00    0.00   0.00       5967
20210119  12275889   54.9917  -162.2610     12.530   1.09    0.00    0.00   0.00        597
20210814  17470248   54.6655  -162.3348     48.950   0.80    0.00    0.00   0.00       5970
20210814  17581606   55.2102  -161.6610     39.200   1.32    0.00    0.00   0.00       5971
20210814  18070296   55.1977  -162.2577     36.320   1.02    0.00    0.00   0.00       5972
20210814  18384652   55.0780  -161.6653     14.310   1.17    0.00    0.00   0.00       5976
20210814  18384808   55.3968  -161.6190      2.260   0.94    0.00    0.00   0.00       5977
20210814  18390814   55.4860  -161.1402     57.670   1.95    0.00    0.00   0.00       5978
20210814  18450634   55.2387  -160.8660     35.450   2.34    0.00    0.00   0.00       5979
20210814  19392316   54.8878  -163.4657     24.650   1.77    0.00    0.00   0.00       5982
20210814  19393460   55.3657  -161.7813     17.620   1.61    0.00    0.00   0.00       5983
20210814  20564280   54.7750  -161.9050      1.970   1.28    0.00    0.00   0.00       5987
20210814  23595336   55.2927  -162.2163     24.300   0.82    0.00    0.00   0.00       5988
20210815     44292   54.7335  -160.4367     10.700   1.35    0.00    0.00   0.00       5989
20210119  14193130   55.1093  -162.2060     14.260   0.72    0.00    0.00   0.00        599
20210815    294616   54.8998  -160.7207     12.560   1.29    0.00    0.00   0.00       5991
20210815   2323643   55.2210  -161.6567     24.590   1.08    0.00    0.00   0.00       5994
20210815   7093525   54.8048  -160.8675     30.810   2.06    0.00    0.00   0.00       5998
20210101  11564477   54.6080  -161.3375     13.960   1.91    0.00    0.00   0.00          6
20210815   7584030   54.9713  -161.4052     31.780   1.46    0.00    0.00   0.00       6000
20210815   9091524   55.2643  -161.3792     34.100   1.26    0.00    0.00   0.00       6003
20210815  11221754   55.2703  -160.8765     39.670   1.43    0.00    0.00   0.00       6006
20210815  11590938   55.2377  -161.1223      0.950   1.15    0.00    0.00   0.00       6011
20210815  11591155   55.0937  -161.7558     58.110   1.05    0.00    0.00   0.00       6012
20210815  12184012   54.9800  -161.5997     37.500   1.17    0.00    0.00   0.00       6013
20210815  12190475   55.2615  -160.6473     29.500   2.25    0.00    0.00   0.00       6014
20210815  12572128   55.2730  -160.6288     13.510   1.14    0.00    0.00   0.00       6016
20210815  15141669   54.6080  -161.2322     11.230   1.29    0.00    0.00   0.00       6019
20210815  17473178   55.4297  -161.5270     22.480   1.38    0.00    0.00   0.00       6022
20210815  19182416   54.5865  -162.0017     28.560   2.10    0.00    0.00   0.00       6023
20210815  19451308   55.1582  -161.1097     39.240   1.18    0.00    0.00   0.00       6024
20210815  22193148   55.0975  -161.2383     32.020   1.63    0.00    0.00   0.00       6026
20210816    402293   54.9542  -162.2375      2.090   0.65    0.00    0.00   0.00       6029
20210816   1473355   55.1650  -160.9930     11.540   1.88    0.00    0.00   0.00       6032
20210816   3164367   55.3330  -161.7465      5.870   0.09    0.00    0.00   0.00       6035
20210816   4125589   55.3425  -161.8043      1.680  -0.47    0.00    0.00   0.00       6038
20210816   4475694   55.1835  -161.8658     11.180   0.45    0.00    0.00   0.00       6039
20210119  18375120   55.0950  -161.7280      9.810   0.44    0.00    0.00   0.00        604
20210816   4532846   54.5758  -162.4277     32.870   1.81    0.00    0.00   0.00       6040
20210816   8055242   55.3072  -161.9328     26.010   0.78    0.00    0.00   0.00       6041
20210816   8485748   55.4350  -161.7293     15.270   0.32    0.00    0.00   0.00       6043
20210816   9560324   54.3755  -162.2015     39.250   1.91    0.00    0.00   0.00       6044
20210816  12201689   55.3052  -161.3407     40.700   1.90    0.00    0.00   0.00       6046
20210816  12560953   55.3020  -161.7060      4.340   0.26    0.00    0.00   0.00       6047
20210816  13063601   55.1078  -161.6628      6.480   0.70    0.00    0.00   0.00       6049
20210119  21571196   54.9918  -161.4823     13.280   1.26    0.00    0.00   0.00        605
20210816  13072376   55.2132  -161.8232      2.640   0.34    0.00    0.00   0.00       6050
20210816  15391611   54.9577  -162.9482      0.610   1.69    0.00    0.00   0.00       6051
20210817    224640   55.6382  -161.1442     18.780   2.23    0.00    0.00   0.00       6054
20210817   9142008   55.2137  -161.9270     56.840   1.42    0.00    0.00   0.00       6058
20210817   9142319   54.9860  -161.5162     15.080   1.42    0.00    0.00   0.00       6059
20210119  21573312   55.1243  -161.7195      4.320   1.18    0.00    0.00   0.00        606
20210817   9492898   55.2910  -161.4288     25.450   1.50    0.00    0.00   0.00       6061
20210817   9495219   55.2962  -161.0700     32.200   1.38    0.00    0.00   0.00       6062
20210817  11245596   55.2987  -161.4428     19.930   0.89    0.00    0.00   0.00       6063
20210818   4350664   55.4617  -161.7282      5.450   0.91    0.00    0.00   0.00       6070
20210818   4584536   54.9632  -162.7088      3.890   1.42    0.00    0.00   0.00       6073
20210818   4590581   55.2692  -161.7605      2.770   1.67    0.00    0.00   0.00       6074
20210818   9434322   55.3642  -161.7717     39.500   1.72    0.00    0.00   0.00       6077
20210119  23430618   55.1053  -162.2008     13.250   0.87    0.00    0.00   0.00        608
20210818  17495200   55.3035  -161.7727     29.720   1.05    0.00    0.00   0.00       6087
20210818  17565002   55.4643  -161.7893      2.410   0.49    0.00    0.00   0.00       6088
20210818  18164268   55.2365  -162.1232     26.000   0.79    0.00    0.00   0.00       6091
20210818  18221888   54.9868  -161.5598     32.390   1.85    0.00    0.00   0.00       6093
20210818  20072480   55.1728  -160.7353     69.100   1.92    0.00    0.00   0.00       6096
20210818  20292234   55.1713  -161.2703      1.130   1.03    0.00    0.00   0.00       6098
20210818  21222944   55.5888  -162.3003     20.220   1.30    0.00    0.00   0.00       6100
20210818  22163060   54.8143  -161.1587     13.980   1.68    0.00    0.00   0.00       6104
20210818  22163812   54.9170  -161.3668     67.470   1.91    0.00    0.00   0.00       6105
20210818  22275188   55.2840  -161.5828     27.910   0.99    0.00    0.00   0.00       6106
20210120   2065004   54.7627  -160.3677     22.010   3.47    0.00    0.00   0.00        611
20210819   2095891   55.0245  -160.2500     24.720   1.71    0.00    0.00   0.00       6112
20210819   2230746   55.6018  -161.3800     28.800   1.96    0.00    0.00   0.00       6113
20210819   2433014   55.3247  -161.6963      1.990   0.44    0.00    0.00   0.00       6115
20210819   3345497   55.5182  -161.7358     34.780   0.98    0.00    0.00   0.00       6119
20210120   2070061   54.8690  -160.9775     25.820   3.85    0.00    0.00   0.00        612
20210819   8031066   55.3873  -161.4353     19.820   0.66    0.00    0.00   0.00       6122
20210819   8460364   54.6157  -161.2930     26.130   1.64    0.00    0.00   0.00       6123
20210819  12205476   55.2520  -162.0058      6.020   1.03    0.00    0.00   0.00       6126
20210819  12272909   55.2810  -161.1717     64.940   1.29    0.00    0.00   0.00       6127
20210819  18290482   54.7192  -162.6830     14.350   0.96    0.00    0.00   0.00       6132
20210819  18323012   55.1363  -161.8670     25.920   1.17    0.00    0.00   0.00       6134
20210820   6533464   55.2113  -161.7412     38.720   0.84    0.00    0.00   0.00       6141
20210820   6573452   55.1127  -161.6235     43.060   0.79    0.00    0.00   0.00       6142
20210820   9023548   54.9355  -162.2270      2.800   1.53    0.00    0.00   0.00       6143
20210820  10472259   55.0500  -161.2718     32.760   1.18    0.00    0.00   0.00       6148
20210820  12215431   54.8720  -162.6648     31.110   1.49    0.00    0.00   0.00       6149
20210820  23490524   55.2632  -161.2367     32.480   1.51    0.00    0.00   0.00       6161
20210821   3543065   55.2532  -161.1697     31.160   1.79    0.00    0.00   0.00       6164
20210821   3551090   55.3112  -162.3103      4.580   2.65    0.00    0.00   0.00       6165
20210821   8450292   55.3173  -160.4383     12.670   1.71    0.00    0.00   0.00       6167
20210821   8522174   54.9177  -162.1978     23.520   2.00    0.00    0.00   0.00       6168
20210821   8523143   54.9455  -162.2382     17.950   2.12    0.00    0.00   0.00       6169
20210821  16401689   55.0745  -162.8898     15.160   1.46    0.00    0.00   0.00       6174
20210822     52513   54.9433  -162.2305      6.190   0.76    0.00    0.00   0.00       6177
20210822   6421397   55.1297  -161.5960     19.530   0.95    0.00    0.00   0.00       6183
20210822   6424427   54.9468  -161.4155     20.680   1.68    0.00    0.00   0.00       6184
20210822  14424871   55.6755  -160.2558      3.080   1.55    0.00    0.00   0.00       6191
20210822  18471540   55.1593  -161.9260     21.610   0.69    0.00    0.00   0.00       6194
20210822  20512924   54.8355  -161.1875     30.630   2.37    0.00    0.00   0.00       6195
20210823   7185898   55.7985  -161.9893      0.950   2.02    0.00    0.00   0.00       6198
20210823   7214636   55.4043  -161.4407     24.450   1.47    0.00    0.00   0.00       6199
20210102  21335918   54.9373  -161.4158     29.670   1.62    0.00    0.00   0.00         62
20210823  12223493   55.3177  -161.8683     18.520   0.35    0.00    0.00   0.00       6202
20210823  13152284   55.4747  -161.8817     24.130   1.01    0.00    0.00   0.00       6203
20210823  15370938   54.9133  -162.2067      0.020   2.04    0.00    0.00   0.00       6204
20210823  18025734   54.6135  -161.3988     11.920   2.00    0.00    0.00   0.00       6206
20210824    523968   55.1423  -161.9108     16.530   0.58    0.00    0.00   0.00       6215
20210824    594146   54.9180  -162.2178      4.390   1.01    0.00    0.00   0.00       6216
20210824  11524508   54.5427  -163.3425     24.540   1.29    0.00    0.00   0.00       6227
20210824  12235936   54.7083  -162.9912     15.000   1.94    0.00    0.00   0.00       6229
20210824  12314048   54.9782  -161.6302     23.010   1.49    0.00    0.00   0.00       6230
20210824  12362910   55.4493  -161.7212      7.340   1.07    0.00    0.00   0.00       6233
20210824  14260935   55.1363  -161.3565     16.000   1.16    0.00    0.00   0.00       6237
20210121   5015874   55.1667  -161.4132     15.000   1.91    0.00    0.00   0.00        624
20210824  17293894   54.6803  -161.7230     30.020   1.18    0.00    0.00   0.00       6242
20210824  20272400   55.2762  -161.9955     20.390   1.52    0.00    0.00   0.00       6247
20210824  20331380   55.0710  -162.3470     31.030   2.15    0.00    0.00   0.00       6248
20210825   2113051   55.4650  -161.7292     14.320   1.02    0.00    0.00   0.00       6259
20210825   2174641   55.3377  -161.7077     10.120   0.57    0.00    0.00   0.00       6260
20210825   4080337   55.2462  -161.8452     12.920  -0.43    0.00    0.00   0.00       6264
20210825   4421075   55.0115  -161.6673      2.750   0.89    0.00    0.00   0.00       6265
20210825   5341255   55.3753  -161.7375     21.160   0.27    0.00    0.00   0.00       6269
20210825   7512820   55.5488  -162.1948      5.560   0.91    0.00    0.00   0.00       6277
20210825   7595030   55.4043  -161.9848     66.410   1.36    0.00    0.00   0.00       6278
20210825   8092087   55.4362  -161.8705     42.940   1.27    0.00    0.00   0.00       6281
20210825   8282980   55.3827  -161.8718     10.870   0.68    0.00    0.00   0.00       6282
20210825   9374181   55.2378  -161.3935      1.670   1.22    0.00    0.00   0.00       6284
20210825   9375051   55.3558  -160.7250     13.500   1.52    0.00    0.00   0.00       6285
20210825  13400895   54.5978  -162.0633     16.090   1.00    0.00    0.00   0.00       6296
20210825  14463387   54.6402  -161.4148     14.870   1.16    0.00    0.00   0.00       6297
20210825  15595416   55.3520  -162.2212     25.150   0.71    0.00    0.00   0.00       6298
20210825  16132330   55.3288  -161.7270     11.600  -0.05    0.00    0.00   0.00       6299
20210825  16512296   55.3525  -162.1498      5.000   0.92    0.00    0.00   0.00       6301
20210825  18524000   54.5845  -160.0320     11.410   1.19    0.00    0.00   0.00       6306
20210825  18531172   55.3055  -161.5050      5.830   0.57    0.00    0.00   0.00       6307
20210825  18572208   55.2280  -161.6100      5.030   0.62    0.00    0.00   0.00       6308
20210121   7500690   54.5047  -161.7193     10.160   1.59    0.00    0.00   0.00        631
20210825  19344132   55.4508  -161.8875     11.610   0.97    0.00    0.00   0.00       6310
20210825  19404044   55.5903  -160.8103     10.970   1.23    0.00    0.00   0.00       6311
20210825  19561472   54.6487  -161.4340     12.500   2.00    0.00    0.00   0.00       6312
20210825  21474898   55.2112  -161.4623     32.490   1.58    0.00    0.00   0.00       6316
20210825  22075688   55.2573  -161.3112     44.970   1.40    0.00    0.00   0.00       6318
20210825  22543078   54.7173  -161.3765     14.880   1.08    0.00    0.00   0.00       6322
20210826    265341   55.2660  -161.8393     15.550   0.73    0.00    0.00   0.00       6324
20210826   1222330   55.4163  -161.7400      4.770  -0.02    0.00    0.00   0.00       6326
20210826   2221783   55.3908  -161.9285     14.270   0.37    0.00    0.00   0.00       6333
20210826   2264340   55.0285  -162.2043     11.630   0.26    0.00    0.00   0.00       6334
20210826   3155613   54.7208  -162.8910     11.190   1.03    0.00    0.00   0.00       6335
20210826   4403026   55.0692  -162.9858     12.600   1.10    0.00    0.00   0.00       6336
20210826   5344457   55.3427  -161.7767     20.340  -0.10    0.00    0.00   0.00       6338
20210826   8494349   54.6592  -161.8382     39.670   0.85    0.00    0.00   0.00       6342
20210826  10420277   55.2903  -161.5302      5.130   1.03    0.00    0.00   0.00       6345
20210826  12161873   55.2192  -160.9212     29.900   1.11    0.00    0.00   0.00       6349
20210121   8214661   55.3810  -161.8690      6.160   0.25    0.00    0.00   0.00        635
20210826  13571792   55.5343  -161.5988     27.420   1.03    0.00    0.00   0.00       6350
20210826  15062139   55.2322  -160.9262     31.700   1.16    0.00    0.00   0.00       6353
20210121  12184405   55.2045  -163.6233      8.930   1.71    0.00    0.00   0.00        636
20210827    255664   54.5070  -162.0850     16.170   1.11    0.00    0.00   0.00       6367
20210827   1111930   55.3078  -160.9795     73.010   1.05    0.00    0.00   0.00       6368
20210121  12342702   55.1330  -162.3987     39.880   2.76    0.00    0.00   0.00        637
20210827   2401302   54.7257  -160.8615     30.810   2.31    0.00    0.00   0.00       6373
20210827   3053469   55.1895  -161.6285      2.410   0.07    0.00    0.00   0.00       6377
20210827   5242861   54.8147  -161.0450     31.440   1.73    0.00    0.00   0.00       6381
20210827   6325027   54.5517  -162.2963     59.840   1.12    0.00    0.00   0.00       6382
20210827   7563667   54.7585  -162.9408     12.190   1.18    0.00    0.00   0.00       6387
20210827  10200204   55.2035  -161.7985      4.060   0.26    0.00    0.00   0.00       6392
20210827  10201871   55.2113  -161.9915     16.420   0.59    0.00    0.00   0.00       6393
20210827  10335658   55.1435  -162.4420     46.930   1.89    0.00    0.00   0.00       6394
20210827  11365398   55.2267  -161.1525      0.700   1.43    0.00    0.00   0.00       6396
20210102  23322674   54.8095  -161.3127     31.880   2.17    0.00    0.00   0.00         64
20210121  16275626   54.6087  -161.6353     12.500   2.90    0.00    0.00   0.00        640
20210827  20231668   55.0508  -161.5582     28.060   2.80    0.00    0.00   0.00       6406
20210827  21551852   55.1453  -162.0073     28.940   0.63    0.00    0.00   0.00       6408
20210827  23595324   55.2178  -162.0948     40.610   0.57    0.00    0.00   0.00       6409
20210828   1352125   55.0070  -161.5620     20.290   1.08    0.00    0.00   0.00       6411
20210828   3572704   54.4443  -161.4932      7.690   1.75    0.00    0.00   0.00       6412
20210828   7594370   55.2735  -161.8798     11.980   1.35    0.00    0.00   0.00       6417
20210828   8105830   54.9943  -162.3505      2.720   0.81    0.00    0.00   0.00       6420
20210828  10271937   55.1202  -160.3640     10.440   2.16    0.00    0.00   0.00       6423
20210828  12491600   55.1167  -160.3420     10.880   1.41    0.00    0.00   0.00       6427
20210828  13321619   55.6640  -161.3423     38.860   1.18    0.00    0.00   0.00       6428
20210828  18201254   55.1095  -161.0222     81.450   1.78    0.00    0.00   0.00       6437
20210828  19451208   54.8743  -162.6197     32.230   1.39    0.00    0.00   0.00       6448
20210828  19510116   54.7085  -161.2232     15.110   0.98    0.00    0.00   0.00       6450
20210828  19542604   55.4038  -161.8472     22.030  -0.05    0.00    0.00   0.00       6452
20210828  20084540   54.3163  -162.2338     14.810   1.03    0.00    0.00   0.00       6455
20210828  20222036   55.2782  -161.5823     28.490   1.89    0.00    0.00   0.00       6456
20210828  21552540   55.3190  -161.3028     30.470   0.95    0.00    0.00   0.00       6457
20210828  23595640   55.3122  -162.2025      5.650   0.79    0.00    0.00   0.00       6458
20210829   1045241   55.0317  -161.6538     21.070   0.83    0.00    0.00   0.00       6464
20210829   1160105   55.1195  -160.3605      9.600   1.62    0.00    0.00   0.00       6465
20210829   8311290   54.9427  -162.5212     31.880   1.46    0.00    0.00   0.00       6468
20210121  21230038   55.1757  -161.7137     11.110   0.62    0.00    0.00   0.00        647
20210829  10462587   54.6423  -161.4195     11.570   1.28    0.00    0.00   0.00       6471
20210829  12455114   55.8980  -160.4152     10.730   1.23    0.00    0.00   0.00       6476
20210829  13560162   54.7412  -160.3282     19.950   1.26    0.00    0.00   0.00       6480
20210829  14010719   54.4217  -160.8092      2.550   2.46    0.00    0.00   0.00       6481
20210829  14074249   54.9875  -162.2800      7.230   1.04    0.00    0.00   0.00       6483
20210829  15042820   54.6957  -160.3282      5.750   1.51    0.00    0.00   0.00       6489
20210122   5082492   54.5882  -161.3323     14.900   1.60    0.00    0.00   0.00        649
20210829  16231763   55.1277  -161.8897     12.880   0.60    0.00    0.00   0.00       6491
20210829  17162268   55.0398  -160.5447     10.350   1.14    0.00    0.00   0.00       6493
20210102  23324080   54.8112  -161.4168     14.940   2.11    0.00    0.00   0.00         65
20210122   5085259   54.8673  -161.7825     15.390   1.52    0.00    0.00   0.00        650
20210829  18500582   55.3223  -161.9988      2.360   0.10    0.00    0.00   0.00       6501
20210831  22162832   55.1930  -161.2008     32.560   2.37    0.00    0.00   0.00       6517
20210831  22165144   55.2445  -161.0193     58.450   2.59    0.00    0.00   0.00       6518
20210901   6545750   55.2403  -161.2903     54.370   1.21    0.00    0.00   0.00       6531
20210901   7110920   55.4673  -160.3752     73.280   1.74    0.00    0.00   0.00       6533
20210901   9460181   55.3762  -162.5553     22.350   1.79    0.00    0.00   0.00       6536
20210901   9460323   55.3137  -162.5202     73.910   1.85    0.00    0.00   0.00       6537
20210901  13175755   55.2223  -161.6410     15.030   2.08    0.00    0.00   0.00       6539
20210901  14333907   55.2917  -161.6617      6.170   0.29    0.00    0.00   0.00       6542
20210901  16053897   54.5977  -161.4070     12.850   1.54    0.00    0.00   0.00       6543
20210901  17342612   54.9843  -162.3687     11.450   0.61    0.00    0.00   0.00       6546
20210901  19532866   55.2428  -163.3130     13.660   1.80    0.00    0.00   0.00       6549
20210122  11292519   55.0538  -161.7377     17.670   1.60    0.00    0.00   0.00        655
20210902   4282793   55.3925  -161.8942      8.360   0.01    0.00    0.00   0.00       6558
20210902   4563085   55.2318  -161.2558     25.260   0.99    0.00    0.00   0.00       6559
20210122  11294173   55.0777  -161.8205     16.990   2.15    0.00    0.00   0.00        656
20210902   5104400   54.7268  -160.9023      9.000   2.09    0.00    0.00   0.00       6562
20210902   8075468   54.9488  -161.3355     21.460   2.42    0.00    0.00   0.00       6563
20210122  12580192   54.4577  -162.2665     46.900   1.98    0.00    0.00   0.00        657
20210902  10031017   54.2092  -162.1335     19.930   1.95    0.00    0.00   0.00       6570
20210902  12563296   55.1993  -161.7505     20.300   1.30    0.00    0.00   0.00       6577
20210902  16025104   54.6612  -160.8290      9.000   2.25    0.00    0.00   0.00       6579
20210902  16534462   55.2288  -163.4138      8.450   1.83    0.00    0.00   0.00       6580
20210903   3480047   54.4543  -162.2277     14.850   1.49    0.00    0.00   0.00       6589
20210903   3561106   54.8827  -162.1847      0.060   2.67    0.00    0.00   0.00       6590
20210903   6193971   54.6553  -162.6213     12.540   1.32    0.00    0.00   0.00       6592
20210903  10223243   55.4132  -161.8767      5.710  -0.18    0.00    0.00   0.00       6594
20210903  13440689   54.4850  -161.3508      8.700   1.76    0.00    0.00   0.00       6597
20210903  14502824   55.3565  -161.7682      5.250  -0.45    0.00    0.00   0.00       6598
20210903  15595331   55.3075  -162.0452     36.060   0.90    0.00    0.00   0.00       6601
20210903  16465887   54.5225  -161.3042      8.560   1.88    0.00    0.00   0.00       6607
20210903  16472644   55.2930  -161.7518      8.080   2.30    0.00    0.00   0.00       6608
20210903  16490234   55.1107  -161.6570     29.930   1.59    0.00    0.00   0.00       6610
20210903  16580510   55.1488  -163.6035     13.130   1.38    0.00    0.00   0.00       6613
20210903  17312348   55.1172  -161.6405     34.950   1.78    0.00    0.00   0.00       6615
20210903  18362386   54.7215  -161.8990     12.950   1.17    0.00    0.00   0.00       6616
20210904    462553   55.2163  -161.5397     17.120   1.13    0.00    0.00   0.00       6618
20210904   1235615   55.0173  -161.3198     50.310   0.96    0.00    0.00   0.00       6619
20210904   1391894   55.3427  -161.7547      4.400   0.65    0.00    0.00   0.00       6621
20210904   2351627   55.0655  -162.8145      4.080   0.97    0.00    0.00   0.00       6622
20210904   2545986   55.4465  -161.4652      6.220   0.48    0.00    0.00   0.00       6623
20210904   4022245   55.1158  -163.1215      0.310   1.75    0.00    0.00   0.00       6625
20210904   4030574   54.9472  -161.8908      3.040   1.12    0.00    0.00   0.00       6627
20210904   4052677   55.4420  -161.7872      4.430   0.37    0.00    0.00   0.00       6628
20210904   5450458   55.2723  -161.7245      8.170   0.18    0.00    0.00   0.00       6629
20210904  10234239   55.1877  -163.0167     12.890   1.20    0.00    0.00   0.00       6632
20210904  16002468   55.3585  -161.8122     16.340   0.86    0.00    0.00   0.00       6641
20210904  16021382   55.1982  -161.0567     15.760   1.34    0.00    0.00   0.00       6642
20210904  16194752   54.9362  -161.3767     26.230   1.35    0.00    0.00   0.00       6644
20210904  18544404   55.2723  -162.4897     15.330   1.35    0.00    0.00   0.00       6647
20210904  19323904   55.1980  -161.4372     26.840   1.52    0.00    0.00   0.00       6648
20210904  19333886   55.2117  -161.8153     10.820   0.78    0.00    0.00   0.00       6649
20210905    352674   55.3393  -161.6928     18.220   0.52    0.00    0.00   0.00       6652
20210905   2225638   55.2465  -161.8897     41.790   1.34    0.00    0.00   0.00       6653
20210905   5073552   55.4038  -161.9738     16.970   1.53    0.00    0.00   0.00       6655
20210905   7594941   55.2995  -162.3325     64.550   1.02    0.00    0.00   0.00       6656
20210905  14563218   55.5195  -161.3938     43.990   1.30    0.00    0.00   0.00       6659
20210122  19165242   54.7602  -161.1555     27.340   2.28    0.00    0.00   0.00        666
20210905  16423754   55.0323  -161.6593     24.970   1.29    0.00    0.00   0.00       6661
20210905  16425102   54.9308  -161.5907     20.170   1.41    0.00    0.00   0.00       6662
20210905  17124912   54.6718  -160.7210     11.680   1.60    0.00    0.00   0.00       6663
20210122  19421960   55.3542  -161.8808     15.520   0.51    0.00    0.00   0.00        667
20210906   1524590   55.3805  -161.5777     12.340   1.00    0.00    0.00   0.00       6671
20210906   2341593   54.4097  -161.3927     12.340   1.13    0.00    0.00   0.00       6673
20210906   5544080   54.3585  -161.1613      8.570   1.49    0.00    0.00   0.00       6678
20210906   7595377   55.2948  -162.2393     22.420   1.22    0.00    0.00   0.00       6680
20210906   8160524   54.7583  -160.3110     21.460   2.24    0.00    0.00   0.00       6681
20210906   8354129   55.0202  -163.6425     13.580   1.47    0.00    0.00   0.00       6682
20210906   9314158   54.5462  -163.0408     13.630   1.27    0.00    0.00   0.00       6684
20210906  12345155   54.8083  -160.9007     72.960   1.55    0.00    0.00   0.00       6687
20210906  13521244   54.6340  -161.5512     48.460   1.47    0.00    0.00   0.00       6688
20210122  19490656   54.8562  -160.9805     31.670   2.34    0.00    0.00   0.00        669
20210906  17282992   54.9193  -162.1965      0.610   1.28    0.00    0.00   0.00       6692
20210906  17285024   54.9395  -162.2547      3.940   1.50    0.00    0.00   0.00       6693
20210906  21535500   55.2307  -161.6662      8.040   2.73    0.00    0.00   0.00       6697
20210122  21063556   54.8130  -161.5775     67.700   2.10    0.00    0.00   0.00        670
20210907   1321735   54.4835  -161.7590     10.760   1.54    0.00    0.00   0.00       6707
20210907   2324641   55.2390  -161.8988     12.570   0.96    0.00    0.00   0.00       6708
20210907   3474507   55.3327  -161.8942     13.620  -0.06    0.00    0.00   0.00       6711
20210907   4393906   55.1170  -161.8220     51.360   1.41    0.00    0.00   0.00       6714
20210907   4470228   55.2388  -161.8873     13.190   0.88    0.00    0.00   0.00       6716
20210907  10224660   55.5735  -161.8482     14.450   0.44    0.00    0.00   0.00       6728
20210122  22263502   55.2048  -161.5235     19.100   1.45    0.00    0.00   0.00        673
20210907  14100568   55.3440  -161.8615     36.920   1.15    0.00    0.00   0.00       6731
20210907  15105683   54.4992  -163.2052      7.460   1.52    0.00    0.00   0.00       6733
20210907  15193275   55.3778  -161.3113     41.050   1.31    0.00    0.00   0.00       6734
20210907  17262484   55.4298  -161.8630     31.470   0.84    0.00    0.00   0.00       6736
20210907  17272940   55.4820  -161.9708     19.830   0.53    0.00    0.00   0.00       6738
20210907  18101816   55.6775  -161.4765     54.510   1.18    0.00    0.00   0.00       6741
20210907  18113620   55.1058  -161.3425     17.980   0.80    0.00    0.00   0.00       6742
20210907  18582836   54.3102  -161.5142      6.120   1.56    0.00    0.00   0.00       6744
20210123   2360025   55.2135  -161.7498     10.180   0.86    0.00    0.00   0.00        675
20210907  21531632   54.3725  -161.4587      9.800   1.95    0.00    0.00   0.00       6754
20210908   3094609   54.9345  -162.2137      1.860   1.52    0.00    0.00   0.00       6764
20210908   3100264   54.8422  -162.3782     16.170   1.84    0.00    0.00   0.00       6765
20210908   3125372   54.9308  -162.1805      0.120   1.31    0.00    0.00   0.00       6766
20210908   3131122   54.8462  -162.2210      2.830   1.80    0.00    0.00   0.00       6767
20210908   4525983   54.4385  -161.3245     11.270   1.12    0.00    0.00   0.00       6769
20210908   4561739   55.3830  -161.8480     15.780   0.33    0.00    0.00   0.00       6771
20210908   5434738   55.2720  -161.9538      7.890  -0.00    0.00    0.00   0.00       6772
20210908  10375546   55.1560  -161.7328     13.230  -0.03    0.00    0.00   0.00       6777
20210908  11390834   55.4790  -161.3985     19.790   0.46    0.00    0.00   0.00       6779
20210908  14292946   55.3925  -161.9333     19.340   1.31    0.00    0.00   0.00       6781
20210908  14431114   55.2768  -161.8345     31.460   0.75    0.00    0.00   0.00       6783
20210908  16181238   55.3718  -160.8388     14.320   1.47    0.00    0.00   0.00       6785
20210909   8035134   55.4527  -161.8652     27.300   1.33    0.00    0.00   0.00       6797
20210909   8050060   55.4520  -161.8512     27.800   1.28    0.00    0.00   0.00       6798
20210909   8053704   55.4355  -161.9925     29.980   1.11    0.00    0.00   0.00       6799
20210103   1521927   55.2215  -162.8930     33.110   1.76    0.00    0.00   0.00         68
20210909   8065828   55.5200  -161.7802     21.260   1.41    0.00    0.00   0.00       6801
20210909  17574872   54.8578  -162.2032      1.860   1.45    0.00    0.00   0.00       6805
20210909  19235164   54.9432  -162.1525      1.830   2.59    0.00    0.00   0.00       6806
20210910   5425238   55.3600  -161.6308     10.720   0.17    0.00    0.00   0.00       6809
20210123   7114068   54.8365  -161.1920     13.080   1.69    0.00    0.00   0.00        681
20210910   9154313   54.9667  -162.2003      1.610   2.22    0.00    0.00   0.00       6814
20210910   9213786   55.2692  -160.6747     41.630   2.02    0.00    0.00   0.00       6816
20210910  12072482   55.2817  -161.5668      6.250   0.65    0.00    0.00   0.00       6824
20210910  12344239   55.2818  -161.6365     13.000   0.69    0.00    0.00   0.00       6825
20210910  13084247   55.1687  -162.1863      3.190   1.80    0.00    0.00   0.00       6828
20210911     33147   54.9413  -162.2935      6.190   0.98    0.00    0.00   0.00       6836
20210911     34939   54.8628  -162.2543      2.640   1.52    0.00    0.00   0.00       6837
20210911   1273311   55.3783  -161.7742     13.120   0.89    0.00    0.00   0.00       6842
20210911   5321069   54.3777  -161.6463     11.190   2.11    0.00    0.00   0.00       6845
20210911   7253495   55.4953  -162.4037     16.430   1.37    0.00    0.00   0.00       6847
20210911  20560528   55.1683  -162.2332      0.190   1.52    0.00    0.00   0.00       6856
20210911  23340344   55.0228  -161.7917     18.040   0.97    0.00    0.00   0.00       6859
20210912   5181045   55.3140  -161.0883     44.760   1.67    0.00    0.00   0.00       6864
20210912   6012893   55.3520  -161.7592     17.330   0.80    0.00    0.00   0.00       6866
20210912  16575117   55.2545  -161.5398      4.460   1.45    0.00    0.00   0.00       6873
20210912  17033736   54.9098  -162.1903      1.380   2.48    0.00    0.00   0.00       6874
20210912  17041276   55.3500  -161.8718      1.670   1.03    0.00    0.00   0.00       6875
20210912  17092222   55.3545  -161.9608     10.020   1.00    0.00    0.00   0.00       6876
20210912  22490356   55.0572  -161.4887      2.030   1.97    0.00    0.00   0.00       6877
20210912  22492084   55.2360  -161.6925      4.900   1.25    0.00    0.00   0.00       6879
20210913   3201487   55.0068  -162.2392      4.080   1.40    0.00    0.00   0.00       6883
20210913   3203368   54.9382  -162.2063      2.120   1.48    0.00    0.00   0.00       6884
20210913  14032171   54.9995  -162.2942      6.380   1.84    0.00    0.00   0.00       6888
20210913  18291066   55.4537  -161.8622     34.930   1.06    0.00    0.00   0.00       6896
20210123  14062275   54.9350  -162.8275     16.450   1.68    0.00    0.00   0.00        690
20210914   1401453   54.9285  -161.3640     16.300   2.29    0.00    0.00   0.00       6901
20210914   1402904   54.9932  -161.5362     29.810   2.71    0.00    0.00   0.00       6902
20210914   3184670   54.6443  -160.7745     22.130   2.31    0.00    0.00   0.00       6904
20210123  14062713   55.1287  -161.6602      5.500   0.45    0.00    0.00   0.00        691
20210914  17371930   54.9307  -161.1268     60.380   2.15    0.00    0.00   0.00       6911
20210914  19170620   54.9512  -162.7672      2.990   1.59    0.00    0.00   0.00       6913
20210915   3345336   54.8033  -162.6725     31.420   2.29    0.00    0.00   0.00       6917
20210915   3351109   54.9832  -162.3122      8.530   2.85    0.00    0.00   0.00       6918
20210123  14064504   55.2717  -161.7903      5.880   0.35    0.00    0.00   0.00        692
20210915   5530820   55.3592  -161.7988     15.290   0.11    0.00    0.00   0.00       6920
20210915  10493197   55.2512  -160.7048     49.650   2.07    0.00    0.00   0.00       6923
20210915  12302478   55.1168  -161.6223      6.170   0.98    0.00    0.00   0.00       6925
20210915  13300048   54.5660  -162.8213      9.000   1.71    0.00    0.00   0.00       6926
20210915  20510126   54.5190  -162.5063     13.760   1.50    0.00    0.00   0.00       6932
20210915  21523858   54.4942  -162.1252     15.850   1.79    0.00    0.00   0.00       6933
20210916  18354204   55.2592  -161.1755     30.070   1.38    0.00    0.00   0.00       6940
20210916  18362528   55.1903  -161.8315      3.220   0.76    0.00    0.00   0.00       6941
20210916  19490692   54.9690  -160.4468      6.920   2.06    0.00    0.00   0.00       6942
20210123  16563302   54.8745  -161.8688      0.850   1.72    0.00    0.00   0.00        695
20210918   1563843   54.4955  -161.9645     10.110   1.69    0.00    0.00   0.00       6961
20210918   5011676   55.4808  -161.7548     15.130   1.30    0.00    0.00   0.00       6962
20210918   5030418   55.4935  -161.7233     12.630   0.28    0.00    0.00   0.00       6963
20210918   5153395   55.5675  -161.9847     20.070  -0.01    0.00    0.00   0.00       6964
20210918  11334481   55.3780  -161.7582     32.860   2.00    0.00    0.00   0.00       6974
20210918  11471863   54.9700  -162.2187      6.350   0.79    0.00    0.00   0.00       6977
20210918  14091700   55.4027  -161.5865      9.210   0.38    0.00    0.00   0.00       6978
20210918  17141920   54.7735  -160.4707      1.190   1.26    0.00    0.00   0.00       6983
20210918  23062708   55.2572  -161.5523      4.880   0.55    0.00    0.00   0.00       6984
20210918  23572624   54.7355  -162.6342     14.610   1.46    0.00    0.00   0.00       6985
20210919   5203122   55.4880  -161.7345     13.340   0.77    0.00    0.00   0.00       6989
20210123  19282044   55.1918  -161.7673      8.320   1.56    0.00    0.00   0.00        699
20210919   8543857   55.3328  -161.7118      5.850   0.10    0.00    0.00   0.00       6992
20210919  12305969   55.4880  -161.7480     14.390   1.06    0.00    0.00   0.00       6995
20210919  14131060   54.9012  -161.3142     30.830   2.02    0.00    0.00   0.00       6999
20210919  14514096   55.0023  -161.4342     31.630   1.84    0.00    0.00   0.00       7005
20210919  15184235   54.6443  -162.7117      1.730   2.04    0.00    0.00   0.00       7007
20210919  16160571   55.2702  -161.5412      4.160   0.58    0.00    0.00   0.00       7012
20210919  17181846   55.6217  -161.7630      5.790   0.52    0.00    0.00   0.00       7013
20210919  17452272   55.4908  -161.7208     12.450   0.75    0.00    0.00   0.00       7014
20210919  18272100   54.9992  -161.5568     32.850   1.78    0.00    0.00   0.00       7021
20210919  19260172   54.8980  -161.3518     31.520   2.02    0.00    0.00   0.00       7025
20210919  19335224   55.1595  -161.8658     18.400   0.68    0.00    0.00   0.00       7027
20210123  22284356   55.3297  -161.6768      6.330   0.58    0.00    0.00   0.00        704
20210921   4371300   55.3360  -161.5227      5.900   0.72    0.00    0.00   0.00       7043
20210921   8451285   55.1935  -160.7213     68.830   1.94    0.00    0.00   0.00       7044
20210921  11115917   55.2513  -161.6143      5.160   0.36    0.00    0.00   0.00       7047
20210921  11154354   55.3058  -161.5797     10.090   0.42    0.00    0.00   0.00       7048
20210921  11165519   55.2972  -161.5840      4.600   0.22    0.00    0.00   0.00       7049
20210921  11231486   54.7647  -161.2677     48.650   1.54    0.00    0.00   0.00       7050
20210921  11355759   55.3505  -161.9263      5.370   0.17    0.00    0.00   0.00       7052
20210921  13251677   54.6677  -163.3548     13.550   1.51    0.00    0.00   0.00       7057
20210921  13505447   54.7213  -163.1480     31.600   1.50    0.00    0.00   0.00       7058
20210921  13584796   55.3765  -161.8682     29.610   0.02    0.00    0.00   0.00       7059
20210921  21034054   55.4372  -161.5413      5.080   0.03    0.00    0.00   0.00       7063
20210921  22570252   55.2570  -162.2248      5.720   0.36    0.00    0.00   0.00       7066
20210922   9523931   54.5245  -162.2333     10.940   1.74    0.00    0.00   0.00       7079
20210922  12381639   55.3383  -161.7678     16.010   0.34    0.00    0.00   0.00       7085
20210922  12431143   55.3453  -161.8310     15.760   0.32    0.00    0.00   0.00       7086
20210922  12463369   55.3305  -161.6417     11.060   0.29    0.00    0.00   0.00       7087
20210922  12493186   55.3920  -161.7420     12.620   0.48    0.00    0.00   0.00       7088
20210922  12511146   55.3680  -161.8242     14.060   0.07    0.00    0.00   0.00       7089
20210922  12520160   55.4585  -161.8338     16.250   0.47    0.00    0.00   0.00       7090
20210922  12541335   55.0237  -161.5230     13.120   0.98    0.00    0.00   0.00       7091
20210922  12545391   55.3430  -161.7508     17.430   0.46    0.00    0.00   0.00       7092
20210922  12570706   55.3400  -161.7320     15.000  -0.39    0.00    0.00   0.00       7093
20210922  12584869   55.3462  -161.7417     17.100   0.38    0.00    0.00   0.00       7094
20210922  13032555   55.4513  -161.8862     15.520   0.52    0.00    0.00   0.00       7096
20210922  13060418   55.3797  -161.7488     14.890   0.24    0.00    0.00   0.00       7097
20210922  21402692   55.1892  -161.2290     32.740   1.89    0.00    0.00   0.00       7105
20210922  22205956   55.3095  -161.6793     21.400   0.64    0.00    0.00   0.00       7107
20210922  23595278   55.3202  -162.0658     40.980   1.16    0.00    0.00   0.00       7109
20210124   7424519   55.2685  -161.6805     20.490   0.28    0.00    0.00   0.00        711
20210923   4335233   55.1632  -161.1360     23.820   2.34    0.00    0.00   0.00       7112
20210923  10473602   55.3883  -161.6688     16.450   0.40    0.00    0.00   0.00       7114
20210923  11223199   55.4905  -161.9192     13.550   0.52    0.00    0.00   0.00       7116
20210923  17230476   55.0815  -162.0822      2.650   0.93    0.00    0.00   0.00       7117
20210923  21555818   55.2062  -163.4870      7.280   2.24    0.00    0.00   0.00       7119
20210924   7050171   55.0058  -162.2783      6.840   1.96    0.00    0.00   0.00       7123
20210924   7282664   55.0333  -161.4927     16.000   1.67    0.00    0.00   0.00       7126
20210924   8502228   55.3680  -161.7877     15.330   0.32    0.00    0.00   0.00       7129
20210924   8532576   55.3555  -161.8258     16.680   0.47    0.00    0.00   0.00       7130
20210924   8554596   55.4308  -161.7845     11.150   0.40    0.00    0.00   0.00       7131
20210924   9121907   55.3267  -161.8895     11.110   0.38    0.00    0.00   0.00       7134
20210924  14005065   55.3188  -161.2263     41.890   1.70    0.00    0.00   0.00       7141
20210924  19182548   55.3477  -161.7807     14.950   0.07    0.00    0.00   0.00       7148
20210924  19191096   55.2662  -161.5642      4.100   0.36    0.00    0.00   0.00       7149
20210925    494453   55.2907  -161.9775     25.830   0.97    0.00    0.00   0.00       7156
20210925    520065   55.2685  -161.6433      7.670   0.52    0.00    0.00   0.00       7157
20210925   1080446   55.3143  -161.9113     16.220   0.35    0.00    0.00   0.00       7163
20210925   3164371   54.8555  -161.4993      1.760   1.04    0.00    0.00   0.00       7169
20210925   5503735   55.1680  -161.8418      8.360   1.11    0.00    0.00   0.00       7174
20210925   7522871   55.0295  -161.5070     22.220   1.65    0.00    0.00   0.00       7175
20210124  13541285   54.9667  -161.4107     24.080   1.58    0.00    0.00   0.00        718
20210925   9120199   54.7172  -160.4470      9.210   1.50    0.00    0.00   0.00       7180
20210925   9123035   55.1232  -161.4495     18.660   1.62    0.00    0.00   0.00       7181
20210925   9184594   55.4030  -161.8107     15.870   0.40    0.00    0.00   0.00       7182
20210925   9192470   55.3680  -161.8003     15.410   0.14    0.00    0.00   0.00       7183
20210925   9212337   55.4003  -161.8885     15.450   0.08    0.00    0.00   0.00       7184
20210925   9250666   55.3137  -161.9308     13.800   0.75    0.00    0.00   0.00       7185
20210925  16161626   55.3310  -161.7310     15.360   0.05    0.00    0.00   0.00       7195
20210925  16172070   55.3397  -161.8687     17.710   0.43    0.00    0.00   0.00       7196
20210925  16193120   55.2115  -161.7257     15.370   0.55    0.00    0.00   0.00       7197
20210124  13552011   55.2102  -162.0593     16.760   0.99    0.00    0.00   0.00        720
20210925  22513672   55.3377  -161.7723     18.420   0.18    0.00    0.00   0.00       7201
20210925  22573992   55.3903  -161.7587     15.950   0.24    0.00    0.00   0.00       7202
20210925  22591234   55.4093  -161.8767     14.130   0.37    0.00    0.00   0.00       7204
20210926    190770   55.0415  -161.2585     32.330   1.06    0.00    0.00   0.00       7206
20210926    195173   55.1635  -161.8672      7.340   0.34    0.00    0.00   0.00       7208
20210926    264357   54.9138  -162.2087      1.310   0.83    0.00    0.00   0.00       7209
20210926   2135509   54.6490  -161.7793     55.130   1.20    0.00    0.00   0.00       7211
20210926   3074296   55.4115  -161.8385     14.320  -0.29    0.00    0.00   0.00       7214
20210926   5482422   55.3682  -161.8042     16.290   0.34    0.00    0.00   0.00       7218
20210926   5491118   55.3997  -161.8870     14.310   0.36    0.00    0.00   0.00       7219
20210124  13555974   55.2073  -162.0562     19.380   0.94    0.00    0.00   0.00        722
20210926   5505060   55.3530  -161.8122     16.570   0.15    0.00    0.00   0.00       7220
20210926   6002090   55.4515  -161.6913     13.040   0.39    0.00    0.00   0.00       7223
20210926   6062495   55.3843  -161.7620     21.380   0.55    0.00    0.00   0.00       7226
20210926  13022378   54.8967  -162.1840      2.520   0.45    0.00    0.00   0.00       7234
20210926  13023225   54.5410  -162.0183     11.090   1.10    0.00    0.00   0.00       7235
20210124  15110864   55.2368  -162.1072      2.180   0.86    0.00    0.00   0.00        724
20210926  17395436   54.6720  -160.9092     23.480   1.71    0.00    0.00   0.00       7243
20210926  19101320   55.3420  -161.7208     17.350   0.43    0.00    0.00   0.00       7247
20210926  19154144   55.3508  -161.8117     15.500   0.86    0.00    0.00   0.00       7248
20210927   1341179   55.2538  -162.0340      4.290   0.70    0.00    0.00   0.00       7255
20210927   1404215   54.5735  -161.3082     28.010   1.61    0.00    0.00   0.00       7256
20210927   2432244   55.1612  -162.1802      0.950   1.50    0.00    0.00   0.00       7257
20210124  16553561   54.7652  -160.5157      2.510   2.09    0.00    0.00   0.00        726
20210927   3580192   55.3543  -161.7545     17.780   0.38    0.00    0.00   0.00       7260
20210927   3582790   55.3483  -161.7552     15.140   0.56    0.00    0.00   0.00       7261
20210927   4012346   55.3753  -161.7560     17.630   0.52    0.00    0.00   0.00       7262
20210927   4021699   55.2998  -161.7568     16.000   0.32    0.00    0.00   0.00       7263
20210927   4030003   55.3305  -161.8542     18.570   0.35    0.00    0.00   0.00       7264
20210927   4040321   55.3633  -161.7825     18.030   0.61    0.00    0.00   0.00       7265
20210124  18571204   55.0127  -161.5493     33.660   2.29    0.00    0.00   0.00        727
20210927  13015979   54.8305  -161.0295     31.870   2.66    0.00    0.00   0.00       7276
20210927  15095190   55.2713  -161.5862      5.930   0.57    0.00    0.00   0.00       7279
20210927  22334748   55.3558  -161.7698     17.550   0.73    0.00    0.00   0.00       7283
20210927  22435076   55.3407  -161.8468     16.340   0.62    0.00    0.00   0.00       7284
20210928  17022006   55.0750  -161.7533     15.230   1.23    0.00    0.00   0.00       7291
20210929  14254364   55.2880  -161.6767     14.800   0.94    0.00    0.00   0.00       7299
20210103   5083331   54.9900  -162.2693      5.580   1.68    0.00    0.00   0.00         73
20210929  23071476   55.2917  -161.6655     15.860   0.73    0.00    0.00   0.00       7302
20210930   1024231   55.1637  -162.2590      4.940   1.45    0.00    0.00   0.00       7304
20210930   4382936   55.3622  -161.8303     18.280   0.94    0.00    0.00   0.00       7305
20210930   6254281   55.3178  -161.7622     16.390   1.06    0.00    0.00   0.00       7307
20210930  10541280   54.7788  -161.0937     29.940   2.78    0.00    0.00   0.00       7309
20210124  19360440   55.1547  -162.0450      3.900   0.99    0.00    0.00   0.00        731
20210930  11052424   54.8772  -161.8613      1.820   1.33    0.00    0.00   0.00       7310
20210930  12061401   54.8798  -161.4115     30.340   2.08    0.00    0.00   0.00       7312
20210930  16101426   55.0075  -162.3135     13.290   1.04    0.00    0.00   0.00       7313
20210930  23160308   55.2618  -161.1492     14.000   2.19    0.00    0.00   0.00       7317
20210124  20525332   55.3248  -161.7145      4.800   1.36    0.00    0.00   0.00        732
20211001   5082105   54.9823  -162.2235      3.770   0.62    0.00    0.00   0.00       7321
20211001   7342789   54.4132  -162.0287     15.770   1.79    0.00    0.00   0.00       7322
20211001  12272896   54.8510  -161.1732     16.030   2.30    0.00    0.00   0.00       7325
20211001  14140516   55.5095  -162.0193     40.100   3.80    0.00    0.00   0.00       7327
20211001  21234072   55.0167  -162.3868     17.910   1.91    0.00    0.00   0.00       7329
20211005   2401735   54.4770  -162.2465     61.530   1.85    0.00    0.00   0.00       7337
20211005   4283818   55.3497  -161.8057      0.770   0.94    0.00    0.00   0.00       7339
20211005   5474330   54.5413  -163.3142     13.300   1.61    0.00    0.00   0.00       7341
20211005   9174914   54.8240  -161.9007      0.840   1.82    0.00    0.00   0.00       7344
20211005  11394175   55.3585  -161.5713      9.620   0.38    0.00    0.00   0.00       7345
20211005  15441147   55.3695  -161.7727     15.750   0.92    0.00    0.00   0.00       7346
20210124  21162296   54.3790  -161.8948      7.990   5.31    0.00    0.00   0.00        735
20211005  19590650   55.4697  -161.5827     27.470   1.74    0.00    0.00   0.00       7352
20211006   3424715   54.8285  -162.1957      1.590   2.29    0.00    0.00   0.00       7359
20211006   3430837   54.9205  -162.2623      5.390   2.37    0.00    0.00   0.00       7360
20211006   6283780   54.9940  -162.4417      7.390   1.83    0.00    0.00   0.00       7366
20211006   6431673   55.0032  -162.2362      4.180   1.92    0.00    0.00   0.00       7368
20211007   6080190   55.4427  -161.9510     41.380   1.33    0.00    0.00   0.00       7381
20211007   8352341   55.2465  -161.6475     34.170   1.15    0.00    0.00   0.00       7382
20211007  12252708   55.4650  -161.6948     14.760   0.10    0.00    0.00   0.00       7384
20211007  16550825   55.4082  -161.8660      6.390   0.58    0.00    0.00   0.00       7386
20211009   6003785   55.0112  -162.3080      6.440   1.00    0.00    0.00   0.00       7398
20211009  11093276   54.9425  -162.0705     19.560   2.49    0.00    0.00   0.00       7399
20211009  15060003   54.5622  -161.8047     11.360   2.39    0.00    0.00   0.00       7400
20211010  10244183   55.3827  -161.6043     15.010   0.01    0.00    0.00   0.00       7411
20211010  14345140   54.6118  -161.4593     11.590   1.88    0.00    0.00   0.00       7412
20211010  18565750   55.3315  -161.9712     17.410   1.05    0.00    0.00   0.00       7416
20210125   4424108   55.2538  -161.4055      5.080   0.75    0.00    0.00   0.00        742
20211011   4210364   55.3205  -161.5467      6.250   0.62    0.00    0.00   0.00       7420
20211011   9110503   55.3708  -161.3098     17.040   4.84    0.00    0.00   0.00       7421
20211011   9113772   55.3913  -161.3843     18.930   5.55    0.00    0.00   0.00       7422
20211011  12253884   54.8952  -161.6997     16.300   2.16    0.00    0.00   0.00       7428
20210125   5265704   54.6742  -161.0855     11.890   1.24    0.00    0.00   0.00        743
20211011  17574604   55.2607  -161.8840      5.900   1.36    0.00    0.00   0.00       7433
20211011  19364088   55.3742  -161.6208      6.240   2.04    0.00    0.00   0.00       7434
20211011  19414502   55.2328  -161.8723      7.180   2.21    0.00    0.00   0.00       7437
20211012    545476   55.4227  -161.4355     22.230   1.59    0.00    0.00   0.00       7439
20210125   5351468   55.1408  -161.5115      3.480   0.69    0.00    0.00   0.00        744
20211012    580195   55.0955  -161.9183      2.130   1.29    0.00    0.00   0.00       7441
20211012  14150059   55.3690  -161.7275     20.410   0.01    0.00    0.00   0.00       7452
20211012  19062738   55.3000  -161.9382     15.270   1.39    0.00    0.00   0.00       7455
20211013   3051782   55.7007  -162.2058      2.220   2.01    0.00    0.00   0.00       7465
20211013   5251060   54.9973  -162.2823      6.110   1.41    0.00    0.00   0.00       7466
20211013   6065198   55.0323  -162.2200     30.240   1.77    0.00    0.00   0.00       7468
20211013   7255947   55.1213  -161.7922      5.920   0.83    0.00    0.00   0.00       7469
20211013  11345877   55.0762  -161.0802     35.260   2.14    0.00    0.00   0.00       7471
20211013  17582470   54.6377  -161.8598     21.880   1.93    0.00    0.00   0.00       7475
20211014   1140184   55.4567  -161.1205     39.270   1.87    0.00    0.00   0.00       7476
20211014  13042892   55.2108  -161.6695      3.760   0.81    0.00    0.00   0.00       7485
20211014  13545498   54.6437  -161.3978     11.920   2.52    0.00    0.00   0.00       7486
20211014  15230477   55.0845  -161.6040     25.680   0.30    0.00    0.00   0.00       7488
20211014  15595812   55.3873  -161.9282      6.270   0.27    0.00    0.00   0.00       7490
20211014  18055828   55.1792  -161.4568      4.730   1.07    0.00    0.00   0.00       7491
20211014  18104202   55.4347  -161.6253     10.230   0.54    0.00    0.00   0.00       7492
20211014  19301272   54.7735  -161.2560     13.490   2.07    0.00    0.00   0.00       7496
20211014  20044662   54.5010  -162.0595     15.230   2.06    0.00    0.00   0.00       7498
20211014  21353436   54.9173  -162.2155      2.440   1.74    0.00    0.00   0.00       7502
20211015    174662   55.2210  -161.4212      4.180   1.00    0.00    0.00   0.00       7504
20211015   2462770   55.3832  -161.7655      4.810   0.92    0.00    0.00   0.00       7505
20211015   2465921   55.4983  -161.6883     12.220   1.06    0.00    0.00   0.00       7506
20210125  15345771   54.9447  -162.2500      6.180   1.47    0.00    0.00   0.00        751
20211015   8185089   55.3467  -161.8675      0.240   3.14    0.00    0.00   0.00       7513
20211015   9492589   54.9907  -162.3143      7.810   1.72    0.00    0.00   0.00       7516
20211015  17050914   55.4293  -161.5993     10.360   0.44    0.00    0.00   0.00       7518
20211016   4281260   55.3625  -160.9975     21.310   1.35    0.00    0.00   0.00       7522
20211016   6162846   55.3180  -160.4637     11.960   1.63    0.00    0.00   0.00       7524
20211016   7382714   54.9937  -161.8132      4.820   1.22    0.00    0.00   0.00       7527
20211016   7595548   55.3657  -162.2665      4.890   1.37    0.00    0.00   0.00       7528
20210125  21590636   55.0633  -161.6948      5.630   1.38    0.00    0.00   0.00        753
20211016   9365829   55.3885  -161.5497      6.030   0.15    0.00    0.00   0.00       7530
20211016   9425090   55.2985  -161.7862     12.560   0.76    0.00    0.00   0.00       7531
20211016  10051881   55.4342  -161.6680     13.560   0.40    0.00    0.00   0.00       7533
20211016  10503762   55.3838  -161.8360     15.310   0.66    0.00    0.00   0.00       7535
20211016  10543062   54.9955  -161.6397     23.370   1.40    0.00    0.00   0.00       7536
20211016  14195974   55.3853  -161.8123     16.900   0.69    0.00    0.00   0.00       7538
20211016  17355692   55.2882  -161.4810     17.430   0.72    0.00    0.00   0.00       7544
20211016  21002072   54.5053  -162.1947     53.580   1.89    0.00    0.00   0.00       7547
20211018  11135514   55.3582  -161.6548     17.040   1.19    0.00    0.00   0.00       7559
20211018  13431642   54.8942  -162.6057     20.090   1.93    0.00    0.00   0.00       7560
20211018  15005436   55.0963  -162.0770      6.460   1.15    0.00    0.00   0.00       7562
20211018  20173254   55.4132  -161.6012     16.280   1.03    0.00    0.00   0.00       7563
20211018  20244680   54.8818  -162.1645      0.090   1.48    0.00    0.00   0.00       7564
20211018  22232890   55.4050  -161.5487      4.180   0.43    0.00    0.00   0.00       7567
20211019   4564628   55.3803  -161.5648      4.360   0.48    0.00    0.00   0.00       7570
20211019  20462118   55.3648  -161.6620     18.880   0.96    0.00    0.00   0.00       7579
20210126   9192368   54.8032  -160.3660      3.850   1.59    0.00    0.00   0.00        758
20211020   3010196   55.3658  -161.7577     15.320   0.68    0.00    0.00   0.00       7585
20211020   3433391   55.3585  -161.6817      8.550   1.67    0.00    0.00   0.00       7587
20211020   5265315   55.4025  -161.5930      6.210   0.20    0.00    0.00   0.00       7588
20211020  10351448   55.3675  -161.7988     16.410   0.89    0.00    0.00   0.00       7592
20211020  11045591   55.3852  -161.5168      3.200   0.44    0.00    0.00   0.00       7594
20211020  12413015   55.4335  -161.7545      5.780   0.56    0.00    0.00   0.00       7595
20211021   2074027   54.6712  -160.7275      7.130   2.78    0.00    0.00   0.00       7602
20211021   8253543   55.2390  -161.3730     25.120   1.83    0.00    0.00   0.00       7606
20211021  11071898   55.3610  -161.7685     15.030   1.12    0.00    0.00   0.00       7610
20211021  12324296   54.6892  -161.4838     43.060   1.80    0.00    0.00   0.00       7612
20211021  13182120   55.4150  -161.8567     14.420   0.66    0.00    0.00   0.00       7613
20211022   7320569   55.2863  -161.9002     32.430   0.89    0.00    0.00   0.00       7618
20211022  18363276   54.8988  -162.2413      5.630   1.68    0.00    0.00   0.00       7621
20211023  20590984   55.1365  -161.3343      0.230   2.46    0.00    0.00   0.00       7627
20211024  14302233   54.8813  -162.1918      1.500   1.15    0.00    0.00   0.00       7633
20211025   8371890   54.5165  -161.4585      6.660   1.74    0.00    0.00   0.00       7644
20211025  13193952   55.0767  -162.0673      0.540   1.47    0.00    0.00   0.00       7645
20211025  16442891   55.0680  -162.0688      4.840   0.79    0.00    0.00   0.00       7646
20211027      1171   54.4137  -161.6000     10.000   1.89    0.00    0.00   0.00       7663
20211027   2515254   54.9188  -162.1957      2.320   2.05    0.00    0.00   0.00       7665
20211027   3081884   54.9092  -162.1902      0.980   1.11    0.00    0.00   0.00       7667
20211027   3083169   54.8623  -162.1985      0.280   1.39    0.00    0.00   0.00       7668
20211027   6592116   55.1368  -163.2467     14.710   3.09    0.00    0.00   0.00       7669
20210126  19194132   55.3052  -161.6780      6.380   1.54    0.00    0.00   0.00        767
20211027  10132716   55.0770  -162.0780      3.020   1.51    0.00    0.00   0.00       7674
20211027  12565452   55.0785  -162.0722      3.780   1.10    0.00    0.00   0.00       7677
20210126  19365740   54.5328  -162.2250     55.470   1.51    0.00    0.00   0.00        768
20211027  15110723   54.3738  -161.5163      8.270   2.49    0.00    0.00   0.00       7681
20211027  16161065   54.9427  -161.4118     32.980   1.48    0.00    0.00   0.00       7683
20211028   2585596   54.5297  -162.1225     27.290   2.33    0.00    0.00   0.00       7689
20211028   5534712   55.3742  -161.5805     11.460   0.32    0.00    0.00   0.00       7691
20211028  11562006   55.3097  -161.6772     17.480   1.01    0.00    0.00   0.00       7693
20211028  15055268   54.5752  -161.3075     14.830   1.86    0.00    0.00   0.00       7696
20211028  15595526   55.3440  -162.1922     11.610   1.58    0.00    0.00   0.00       7699
20211028  18355634   54.6095  -161.3370     14.010   1.72    0.00    0.00   0.00       7700
20211028  21302290   54.9747  -162.6377      4.700   1.56    0.00    0.00   0.00       7705
20211028  22413044   54.9515  -161.5332     21.490   1.97    0.00    0.00   0.00       7709
20210126  22170984   54.4752  -161.6947     28.250   1.92    0.00    0.00   0.00        771
20211028  23595326   55.3030  -162.1687     39.910   1.45    0.00    0.00   0.00       7711
20211029   5212104   54.9523  -161.7688      4.450   1.21    0.00    0.00   0.00       7719
20210126  22245372   55.5490  -162.6052     15.870   1.65    0.00    0.00   0.00        772
20211029   8153333   55.3163  -161.7617     12.210   0.10    0.00    0.00   0.00       7723
20211029   8324084   55.3102  -161.9013     14.750   0.11    0.00    0.00   0.00       7726
20211029   9204051   55.1993  -160.8793     15.700   1.90    0.00    0.00   0.00       7730
20211029   9220527   55.3013  -161.7528     21.540   1.26    0.00    0.00   0.00       7731
20211031   1500330   55.1902  -161.6012     10.400   1.83    0.00    0.00   0.00       7735
20211031  14280151   55.3473  -161.7202      6.490   0.43    0.00    0.00   0.00       7742
20211031  17113746   55.3652  -161.4867     14.880   1.34    0.00    0.00   0.00       7750
20210126  23393636   55.0078  -161.5962     38.400   2.17    0.00    0.00   0.00        776
20211101   7011034   55.3353  -162.0102      6.610   1.35    0.00    0.00   0.00       7762
20211101   8413123   54.8335  -162.8000      9.180   1.52    0.00    0.00   0.00       7766
20210126  23472768   54.5770  -162.0453     52.270   1.94    0.00    0.00   0.00        777
20211101  11002314   55.2307  -161.5022     24.690   1.64    0.00    0.00   0.00       7775
20211101  11270029   54.8398  -161.2660     31.190   2.63    0.00    0.00   0.00       7779
20211101  14584759   55.2893  -161.0338     39.550   1.78    0.00    0.00   0.00       7788
20211101  17081962   54.8295  -162.3895     16.150   0.90    0.00    0.00   0.00       7792
20211101  18291732   55.2677  -163.4705      7.750   2.80    0.00    0.00   0.00       7794
20211101  19310870   55.2487  -161.7157      8.680   1.33    0.00    0.00   0.00       7796
20211101  20265508   55.3583  -161.6210     10.050   0.67    0.00    0.00   0.00       7798
20211102   1361057   55.2848  -161.2625      1.250   1.20    0.00    0.00   0.00       7803
20211102   1510508   54.5468  -161.6932     11.820   2.08    0.00    0.00   0.00       7805
20211102   2201010   55.3277  -161.7722     14.330   0.58    0.00    0.00   0.00       7807
20211102   7050352   54.9378  -162.2465      4.200   0.95    0.00    0.00   0.00       7810
20211102   8213459   55.3080  -161.9323     10.710   1.73    0.00    0.00   0.00       7812
20211102  18122720   54.8837  -162.1910      5.020   0.97    0.00    0.00   0.00       7825
20211102  19033488   55.3755  -161.7347     18.890   0.80    0.00    0.00   0.00       7829
20210127   1211417   55.6505  -161.2497     60.270   2.07    0.00    0.00   0.00        783
20211103   1283514   55.1747  -161.6930     24.800   1.10    0.00    0.00   0.00       7834
20211103   7483035   54.8728  -160.9782     12.950   2.25    0.00    0.00   0.00       7835
20211103  13152012   55.0653  -161.5803     34.630   2.25    0.00    0.00   0.00       7836
20211103  13154295   55.3070  -161.6493      6.440   1.25    0.00    0.00   0.00       7837
20211104   3451891   55.3788  -161.4868      5.670   0.99    0.00    0.00   0.00       7842
20211104   3543617   55.4140  -161.5738     11.270   1.28    0.00    0.00   0.00       7843
20211104   6521460   55.4235  -160.9470     53.770   2.29    0.00    0.00   0.00       7846
20211104   6525421   55.5425  -161.8325     11.410   1.61    0.00    0.00   0.00       7847
20211104   6525834   55.3778  -162.9353      0.900   2.12    0.00    0.00   0.00       7848
20211104   8580631   54.9960  -162.2927      6.950   2.84    0.00    0.00   0.00       7849
20211104  19182884   55.5858  -162.0418      1.900   2.25    0.00    0.00   0.00       7855
20211104  23403690   55.2037  -161.9065      2.910   1.18    0.00    0.00   0.00       7857
20211105   4252317   55.4342  -161.6450     18.380   1.03    0.00    0.00   0.00       7861
20211105   4275568   55.3438  -161.5588     19.130   1.18    0.00    0.00   0.00       7862
20211105   7283870   55.3222  -161.5077      1.940   1.60    0.00    0.00   0.00       7866
20211105  13175861   55.4440  -161.8172     22.000   0.98    0.00    0.00   0.00       7871
20211105  15504760   55.3172  -161.6485      8.460   1.26    0.00    0.00   0.00       7872
20211105  15595617   55.4163  -161.9127     21.150   1.65    0.00    0.00   0.00       7873
20211105  17272824   55.3542  -161.7107     31.260   1.83    0.00    0.00   0.00       7874
20211105  21490944   54.8965  -162.4978     26.300   1.92    0.00    0.00   0.00       7877
20211105  23580288   55.1693  -161.8230     12.770   1.86    0.00    0.00   0.00       7878
20211105  23580330   55.3948  -161.5878     21.630   0.85    0.00    0.00   0.00       7879
20211106     15110   55.3630  -161.9328      7.470   1.32    0.00    0.00   0.00       7880
20211106  11172479   54.9515  -162.2377      2.070   1.25    0.00    0.00   0.00       7882
20211106  14472617   55.3255  -161.6963     16.170   1.61    0.00    0.00   0.00       7884
20211106  15595233   55.2967  -162.1490     48.710   1.67    0.00    0.00   0.00       7889
20211106  21354628   55.3870  -161.8422      5.150   0.28    0.00    0.00   0.00       7890
20211107   3210111   54.9452  -160.4210     11.910   2.31    0.00    0.00   0.00       7894
20210127   2073412   55.0012  -162.2752     19.850   1.76    0.00    0.00   0.00        790
20211107  10515641   55.4180  -161.9232     13.390   1.49    0.00    0.00   0.00       7903
20211107  11011690   55.3707  -161.9385      1.330   0.86    0.00    0.00   0.00       7905
20211107  16533399   55.4283  -161.6563     16.460   1.17    0.00    0.00   0.00       7909
20210127   2115351   55.2673  -160.3132     11.680   1.44    0.00    0.00   0.00        791
20211107  17580552   55.3293  -160.4920     13.360   3.12    0.00    0.00   0.00       7913
20211108   3225208   55.2872  -161.6317     27.930   1.86    0.00    0.00   0.00       7915
20211108   3312770   55.3395  -161.8795     20.470   1.90    0.00    0.00   0.00       7916
20210127   3085445   55.2643  -161.5447     12.620  -0.20    0.00    0.00   0.00        792
20211108  11053069   55.4983  -161.9982     11.890   1.43    0.00    0.00   0.00       7927
20210127   4140559   54.4955  -162.0672     50.230   1.60    0.00    0.00   0.00        793
20211108  15595208   55.3570  -162.3302     44.690   1.57    0.00    0.00   0.00       7933
20211108  16331983   55.6967  -162.0747      1.130   2.08    0.00    0.00   0.00       7935
20210127   4240754   55.0482  -161.4695     17.000   1.70    0.00    0.00   0.00        794
20211108  19290918   55.2757  -161.7185     22.730   1.93    0.00    0.00   0.00       7940
20211108  19290914   55.5610  -161.8952      2.390   1.29    0.00    0.00   0.00       7941
20211108  19371036   55.5687  -162.0737     10.310   1.78    0.00    0.00   0.00       7945
20211108  21150224   55.0932  -161.8477      9.890   0.97    0.00    0.00   0.00       7947
20211109     12824   54.7135  -161.8585     32.000   1.25    0.00    0.00   0.00       7949
20211109   5521282   55.5435  -161.8512     15.530   1.09    0.00    0.00   0.00       7954
20210127   4460242   55.0632  -160.8273     63.460   2.19    0.00    0.00   0.00        796
20211109  13084311   55.0168  -162.2820     18.510   1.10    0.00    0.00   0.00       7961
20211109  13161020   55.2133  -161.8692      6.590   0.30    0.00    0.00   0.00       7963
20211109  17495156   54.4033  -161.2005     10.160   1.53    0.00    0.00   0.00       7967
20211109  18112758   54.5320  -161.7713     40.850   1.31    0.00    0.00   0.00       7968
20211109  18213860   54.9090  -162.2263      5.330   0.36    0.00    0.00   0.00       7969
20210127   7102462   54.8822  -161.5027     28.460   1.38    0.00    0.00   0.00        797
20211110   1471805   54.5072  -163.2420      2.580   2.06    0.00    0.00   0.00       7975
20211111    370256   55.3227  -162.7225      6.190   2.34    0.00    0.00   0.00       7981
20211111  19002072   55.3208  -161.9965      8.760   1.81    0.00    0.00   0.00       7993
20211111  23595780   55.4010  -161.8902      9.750   1.60    0.00    0.00   0.00       7995
20211112    501138   55.0735  -162.8570      3.690   1.46    0.00    0.00   0.00       7996
20210101  12351029   54.6248  -161.4207     11.920   1.64    0.00    0.00   0.00          8
20210103   6043376   54.6515  -160.9948     26.260   2.38    0.00    0.00   0.00         80
20211112  10290499   55.3598  -161.7887      0.750   1.70    0.00    0.00   0.00       8000
20211112  12165782   55.2678  -161.3015     16.910   1.48    0.00    0.00   0.00       8002
20211112  12225224   55.3452  -161.9400      6.430   0.08    0.00    0.00   0.00       8003
20211112  16323160   55.3505  -161.9845      6.450   1.05    0.00    0.00   0.00       8006
20211112  19295512   55.4478  -161.7417     10.970   1.58    0.00    0.00   0.00       8013
20211112  19371510   55.4057  -161.8247      5.300   0.31    0.00    0.00   0.00       8016
20211112  19442016   55.4502  -161.6617      6.440   0.07    0.00    0.00   0.00       8017
20211112  19463104   54.9917  -162.7693      3.250   1.44    0.00    0.00   0.00       8018
20211112  21195240   54.4972  -163.2450      6.530   2.15    0.00    0.00   0.00       8019
20211113   3015058   55.5242  -161.8522      7.800   0.98    0.00    0.00   0.00       8025
20211113  12074208   54.4888  -163.2168     10.350   2.11    0.00    0.00   0.00       8038
20210127   9055973   54.3813  -162.1385     26.920   2.00    0.00    0.00   0.00        804
20211113  15595761   55.3992  -161.9525     10.290   0.84    0.00    0.00   0.00       8044
20211113  16113356   55.3428  -161.7348     15.710   1.84    0.00    0.00   0.00       8047
20211113  19223824   55.4013  -161.6902     14.900   0.36    0.00    0.00   0.00       8051
20211113  19254296   55.3655  -161.9020     23.540   1.66    0.00    0.00   0.00       8055
20211113  19351400   55.3578  -161.8828      0.730   0.32    0.00    0.00   0.00       8060
20211114     44760   54.5325  -163.2900     14.220   1.67    0.00    0.00   0.00       8066
20211114   2141925   55.3030  -161.6492      6.820   1.62    0.00    0.00   0.00       8067
20211114   2142885   55.0955  -161.8707     17.100   1.93    0.00    0.00   0.00       8068
20211114   2183561   55.5177  -161.7982     14.500   1.27    0.00    0.00   0.00       8069
20211114   7252871   55.4418  -161.7223      5.780   0.93    0.00    0.00   0.00       8081
20211114   7260845   55.4292  -161.8937     15.050   1.26    0.00    0.00   0.00       8082
20211114  10552452   55.4697  -161.8283      3.120   0.78    0.00    0.00   0.00       8089
20211114  13551893   55.4148  -161.9178     12.600   1.38    0.00    0.00   0.00       8091
20211114  17150344   55.1438  -162.0583     42.500   1.04    0.00    0.00   0.00       8099
20210103   6050444   55.1538  -161.9150      5.120   1.21    0.00    0.00   0.00         81
20211114  17160744   55.5213  -161.8615     10.920   1.64    0.00    0.00   0.00       8100
20211114  17180484   55.3505  -161.7667      3.500   0.66    0.00    0.00   0.00       8102
20211114  17255908   55.2898  -161.6523     32.820   1.46    0.00    0.00   0.00       8104
20211114  19194772   55.4192  -161.8965     15.940   0.93    0.00    0.00   0.00       8108
20211114  19231342   55.3627  -161.7985     20.920   1.10    0.00    0.00   0.00       8109
20211114  19265352   55.4700  -161.8682     11.620   1.88    0.00    0.00   0.00       8110
20211114  22281012   55.4418  -161.9417     13.960   1.30    0.00    0.00   0.00       8115
20211114  22422056   55.3702  -161.8393      5.490   0.10    0.00    0.00   0.00       8118
20211115    463261   54.8698  -161.1440     56.920   2.01    0.00    0.00   0.00       8122
20211115   1235736   55.3593  -161.7723      1.080   1.73    0.00    0.00   0.00       8123
20211115   1290644   55.3648  -161.7918      7.240   1.92    0.00    0.00   0.00       8124
20211115   3372174   54.8592  -162.1507      0.010   1.73    0.00    0.00   0.00       8128
20211115   5144270   54.4110  -163.2592     26.230   1.62    0.00    0.00   0.00       8132
20211115   5510982   55.3547  -161.7843     24.330   1.43    0.00    0.00   0.00       8134
20210127  15311134   55.1565  -161.3657     32.920   2.57    0.00    0.00   0.00        814
20211115   8544633   55.3655  -161.7982      7.230  -0.04    0.00    0.00   0.00       8140
20211115   8564527   55.2820  -161.8005      2.760   0.46    0.00    0.00   0.00       8141
20211115   9154826   54.5957  -161.4737     13.060   1.82    0.00    0.00   0.00       8143
20211115   9195561   55.2825  -160.6420     30.600   2.52    0.00    0.00   0.00       8144
20211115  11224917   55.3058  -161.6760     17.360   1.45    0.00    0.00   0.00       8146
20211115  13055338   55.5520  -161.8705     14.680   1.28    0.00    0.00   0.00       8154
20211115  13092885   55.3822  -161.8987     14.790   1.22    0.00    0.00   0.00       8155
20211115  14211565   55.2330  -161.8072      5.930   1.02    0.00    0.00   0.00       8159
20211115  15562648   55.4467  -161.8523      9.100   0.79    0.00    0.00   0.00       8170
20211115  17160902   55.2458  -161.4712     17.120   1.41    0.00    0.00   0.00       8172
20211115  17161016   55.3198  -161.9780     17.950   1.47    0.00    0.00   0.00       8173
20211115  20415068   55.3643  -161.7875     18.760   1.01    0.00    0.00   0.00       8177
20211115  20514076   55.3800  -161.8958      4.400  -0.23    0.00    0.00   0.00       8184
20211115  20571052   55.3858  -161.8458     10.840   1.37    0.00    0.00   0.00       8185
20211115  21185686   55.6913  -161.3737     11.970   2.03    0.00    0.00   0.00       8186
20210127  16460475   54.5738  -161.2783     13.480   2.23    0.00    0.00   0.00        819
20211115  23195780   55.3803  -162.0243      9.110   0.34    0.00    0.00   0.00       8191
20211116   3300334   55.3163  -161.8172      2.720   0.82    0.00    0.00   0.00       8198
20210127  18182400   54.9855  -161.6615     22.790   1.47    0.00    0.00   0.00        820
20211116   6590610   55.3780  -161.7507     17.910   1.23    0.00    0.00   0.00       8202
20211116  14001178   55.4157  -161.8763     21.160   1.45    0.00    0.00   0.00       8214
20211116  14135714   55.0485  -162.4273     37.550   1.82    0.00    0.00   0.00       8219
20210127  19303780   54.9652  -162.4885     20.580   1.29    0.00    0.00   0.00        822
20211116  15184978   54.5613  -162.5547     18.430   2.41    0.00    0.00   0.00       8221
20211116  18495590   54.4547  -163.1735      0.390   2.53    0.00    0.00   0.00       8225
20211116  19392272   54.4070  -162.0563     15.760   2.15    0.00    0.00   0.00       8227
20211116  20071180   55.3735  -161.9243     13.860   1.38    0.00    0.00   0.00       8228
20211116  23015234   55.2280  -161.3522     17.470   1.27    0.00    0.00   0.00       8235
20211117   2435618   55.7238  -160.5512     11.340   1.77    0.00    0.00   0.00       8241
20211117   2541434   55.3265  -161.9695     22.220   2.21    0.00    0.00   0.00       8242
20211117   2540942   54.9468  -162.7997      2.820   2.12    0.00    0.00   0.00       8243
20211117   6123425   54.9917  -162.2965      1.930   1.65    0.00    0.00   0.00       8245
20210127  21141516   54.4498  -162.1873     43.870   1.67    0.00    0.00   0.00        825
20211117  10030448   54.5162  -162.0050     10.290   2.48    0.00    0.00   0.00       8256
20211117  11285775   55.3653  -161.7867     19.660   1.34    0.00    0.00   0.00       8258
20210127  21234396   54.9622  -162.2842      4.510   0.87    0.00    0.00   0.00        826
20211117  15595687   55.3840  -161.9273     16.740   1.25    0.00    0.00   0.00       8262
20211117  16110727   55.5757  -162.6508      0.800   1.48    0.00    0.00   0.00       8263
20211117  17130000   55.1120  -162.2012      6.530   2.20    0.00    0.00   0.00       8266
20211117  20192768   55.1162  -161.9388      4.500   1.10    0.00    0.00   0.00       8268
20211117  20192600   54.7738  -161.3248     10.000   1.47    0.00    0.00   0.00       8269
20211117  20233792   55.3673  -161.8980      4.480   0.46    0.00    0.00   0.00       8271
20211117  20340652   55.3162  -161.6892     17.580   1.19    0.00    0.00   0.00       8274
20211117  23185064   54.7725  -162.7612      1.380   1.30    0.00    0.00   0.00       8279
20211118    314874   55.3730  -162.5745      2.460   2.22    0.00    0.00   0.00       8283
20211118   5203093   55.4287  -161.4510     30.180   1.37    0.00    0.00   0.00       8294
20211118  13553622   55.3638  -161.7970      0.150  -0.38    0.00    0.00   0.00       8300
20211118  13574880   55.3398  -161.7242     18.550   1.19    0.00    0.00   0.00       8301
20211118  14062921   54.9503  -162.2507      3.320   1.94    0.00    0.00   0.00       8304
20211118  14145018   54.6898  -161.9542     31.390   1.83    0.00    0.00   0.00       8307
20211118  14454669   54.5782  -161.2905     12.640   3.05    0.00    0.00   0.00       8309
20211118  17075056   55.2153  -161.9075     22.840   1.14    0.00    0.00   0.00       8311
20211118  17492232   55.4203  -161.8848     17.620   1.07    0.00    0.00   0.00       8312
20211118  17543766   55.3928  -161.5320     18.660   1.33    0.00    0.00   0.00       8314
20211118  18063160   55.9447  -161.8918     16.140   2.14    0.00    0.00   0.00       8320
20211118  20182652   55.3840  -161.7755      5.630   0.60    0.00    0.00   0.00       8324
20211119   1592360   55.3713  -161.7692     20.360   1.15    0.00    0.00   0.00       8331
20211119   2010413   55.4085  -161.9475      7.820   1.61    0.00    0.00   0.00       8332
20211119   2033699   55.4017  -161.8377      2.500   0.84    0.00    0.00   0.00       8333
20211119   2064444   55.3787  -161.8822     11.730   1.13    0.00    0.00   0.00       8334
20211119   2112891   55.3370  -161.8133      8.640  -0.22    0.00    0.00   0.00       8336
20211119   3510889   54.6022  -161.2838     14.290   2.79    0.00    0.00   0.00       8339
20211119  18241838   55.3292  -161.8033     14.220   1.74    0.00    0.00   0.00       8349
20211119  21150488   55.4165  -161.8843     16.830   1.71    0.00    0.00   0.00       8353
20211120   2341023   55.4400  -161.8470      8.220   0.72    0.00    0.00   0.00       8359
20211120   4390948   55.4222  -161.8817     18.370   1.35    0.00    0.00   0.00       8361
20211120   7595468   55.3515  -162.2693     22.840   0.94    0.00    0.00   0.00       8365
20211120  15215349   55.3265  -161.6443     17.050   1.18    0.00    0.00   0.00       8369
20211120  18171978   55.3035  -161.4075     24.950   1.38    0.00    0.00   0.00       8375
20211120  18172308   55.4193  -161.8900     15.110   1.26    0.00    0.00   0.00       8376
20211120  18193504   55.3402  -161.8908     25.160   1.14    0.00    0.00   0.00       8378
20211121   3301860   55.4887  -161.8578     10.140   1.11    0.00    0.00   0.00       8388
20211121   3412260   55.3798  -161.9650      4.920   1.53    0.00    0.00   0.00       8390
20211121  10030822   55.4612  -161.8210      4.560   0.60    0.00    0.00   0.00       8393
20211121  10482322   55.1352  -161.1620     30.280   2.29    0.00    0.00   0.00       8398
20211121  14343103   54.7848  -161.8250     18.950   1.96    0.00    0.00   0.00       8401
20211121  14403304   54.7640  -161.8628      0.700   1.70    0.00    0.00   0.00       8402
20211122   7454486   54.4965  -161.1173     20.640   2.09    0.00    0.00   0.00       8412
20211122  11280869   55.3952  -161.7285     36.600   2.11    0.00    0.00   0.00       8416
20211122  11290366   55.3485  -161.9327      9.620   1.49    0.00    0.00   0.00       8417
20211122  12361881   54.6050  -162.2625     56.450   1.71    0.00    0.00   0.00       8418
20211123   1143666   54.7243  -162.0900     16.600   0.82    0.00    0.00   0.00       8423
20211123   1145976   54.8765  -162.0552      1.870   1.23    0.00    0.00   0.00       8424
20211123   3363086   55.2890  -162.8700     31.600   1.93    0.00    0.00   0.00       8425
20211123   5052697   55.3443  -162.2830      3.210   1.96    0.00    0.00   0.00       8427
20211123   5210391   55.3570  -161.6205      4.810   2.00    0.00    0.00   0.00       8428
20211123   7190699   55.2338  -160.9548     14.260   1.73    0.00    0.00   0.00       8430
20211123  11152529   55.1893  -161.8877      3.910   0.88    0.00    0.00   0.00       8434
20211123  19315300   54.8593  -161.1968     29.950   2.10    0.00    0.00   0.00       8441
20211123  21040948   54.4202  -163.1532      5.120   1.95    0.00    0.00   0.00       8443
20211124    353285   55.4502  -161.6557     22.330   1.04    0.00    0.00   0.00       8445
20210128  10112556   54.3002  -161.3172     10.290   1.38    0.00    0.00   0.00        845
20211125   2432829   55.3772  -161.6697     14.080   1.71    0.00    0.00   0.00       8456
20211125  16504973   54.6455  -161.4915     42.320   1.73    0.00    0.00   0.00       8466
20211125  18593604   55.3392  -161.7067     18.460   0.94    0.00    0.00   0.00       8469
20210128  10392996   54.8667  -162.0557      3.490   1.71    0.00    0.00   0.00        847
20211125  19002740   55.4418  -161.9263     12.170   1.25    0.00    0.00   0.00       8471
20211125  22335540   55.3660  -161.7738     21.170   1.45    0.00    0.00   0.00       8474
20211125  22365436   55.3872  -161.9077     25.180   1.52    0.00    0.00   0.00       8476
20210128  11142318   54.5202  -161.1647     13.450   2.08    0.00    0.00   0.00        848
20211126   2052646   54.9505  -161.6738     12.390   1.38    0.00    0.00   0.00       8481
20211126   3173195   55.3733  -161.8582      1.540  -0.18    0.00    0.00   0.00       8485
20211126   3241205   55.2730  -161.6852     15.660   0.73    0.00    0.00   0.00       8486
20211126   5081993   55.1860  -161.8782      5.220   0.81    0.00    0.00   0.00       8489
20211127   4254540   54.8922  -162.5858     26.900   1.58    0.00    0.00   0.00       8497
20211127   4261366   55.0057  -162.3447      9.180   0.79    0.00    0.00   0.00       8498
20211127   7595718   55.4423  -161.8773     13.640   1.47    0.00    0.00   0.00       8499
20211127   8042398   54.6338  -161.8518     22.080   2.31    0.00    0.00   0.00       8502
20211127  19494634   54.8495  -162.0372      1.930   1.39    0.00    0.00   0.00       8505
20211128  10121187   54.4068  -162.3198     29.760   2.04    0.00    0.00   0.00       8514
20210128  18160984   54.6975  -162.4942     72.020   1.72    0.00    0.00   0.00        852
20211129   4145170   55.3645  -161.6420     19.250   1.03    0.00    0.00   0.00       8522
20211129   4210996   55.2407  -161.5265     17.290   1.66    0.00    0.00   0.00       8523
20211129   8373679   55.2232  -161.7907     24.390   0.98    0.00    0.00   0.00       8527
20211129  11153767   54.3250  -161.6158      8.110   2.15    0.00    0.00   0.00       8529
20211129  13362420   55.3728  -161.8200      4.110   0.56    0.00    0.00   0.00       8533
20211129  13434022   55.4128  -161.8700      7.290   0.58    0.00    0.00   0.00       8534
20211129  18024746   55.4257  -161.9003      8.260   1.10    0.00    0.00   0.00       8535
20210128  18325212   54.8878  -162.6488     14.850   1.68    0.00    0.00   0.00        854
20211129  23592538   55.3943  -161.6582     12.500   0.41    0.00    0.00   0.00       8541
20211130      1689   55.1395  -161.5540      2.560   1.33    0.00    0.00   0.00       8542
20211130   5280701   55.3748  -161.7045     16.260   0.40    0.00    0.00   0.00       8544
20211130   7012239   55.3598  -161.7085     19.530   1.28    0.00    0.00   0.00       8546
20211130   7025328   55.2842  -161.5527      9.980   1.42    0.00    0.00   0.00       8547
20211130   9020887   55.3350  -161.7272     19.350   1.78    0.00    0.00   0.00       8550
20211130  13543642   55.3420  -161.6587     21.280   1.66    0.00    0.00   0.00       8557
20211130  16302681   55.2590  -161.5257      5.030   1.58    0.00    0.00   0.00       8563
20211130  19193704   55.4038  -161.7975      5.560   2.02    0.00    0.00   0.00       8569
20211130  22562436   55.3152  -161.5322      4.670   1.11    0.00    0.00   0.00       8572
20211130  23360862   54.8097  -161.3130     20.000   2.00    0.00    0.00   0.00       8575
20210128  20224058   55.1618  -161.3695     16.790   1.66    0.00    0.00   0.00        858
20211201    505972   55.2272  -161.7063     30.740   1.42    0.00    0.00   0.00       8580
20211201   1350392   55.3238  -161.5272     15.490   1.50    0.00    0.00   0.00       8582
20211201   1350415   55.4095  -161.9812     21.300   1.74    0.00    0.00   0.00       8583
20211201   2511943   55.3428  -161.7853     14.400   1.31    0.00    0.00   0.00       8586
20211201   6490852   55.3457  -161.5618     10.340   0.89    0.00    0.00   0.00       8593
20211201   8101943   55.3620  -161.6373     10.080   0.17    0.00    0.00   0.00       8597
20211201   9202004   55.3108  -161.5042     11.960   1.33    0.00    0.00   0.00       8598
20210129    164781   55.1708  -161.9673     32.910   2.57    0.00    0.00   0.00        860
20211201  11310623   55.3382  -161.9182     16.120   1.46    0.00    0.00   0.00       8603
20211201  16263277   55.4017  -161.8448     17.780   1.03    0.00    0.00   0.00       8613
20211201  16351019   55.3228  -161.6725     26.240   0.53    0.00    0.00   0.00       8614
20211201  17341592   55.1767  -162.4417     13.910   0.89    0.00    0.00   0.00       8617
20211201  20564092   55.1730  -161.0098     13.850   2.12    0.00    0.00   0.00       8624
20211201  20565010   55.7577  -161.9718      1.090   2.23    0.00    0.00   0.00       8625
20211201  22001544   55.7037  -162.7195     14.850   1.52    0.00    0.00   0.00       8633
20211201  22223256   55.1887  -162.1835      8.430   1.00    0.00    0.00   0.00       8634
20211201  22264872   55.4200  -161.7837     18.770   0.72    0.00    0.00   0.00       8635
20211201  22314436   55.0018  -162.4162     16.710   1.66    0.00    0.00   0.00       8637
20210129   5231389   55.1022  -161.5282     22.070   1.58    0.00    0.00   0.00        864
20211201  23553706   55.1735  -161.1213     32.750   2.33    0.00    0.00   0.00       8641
20211201  23561044   55.3678  -161.6753     38.470   2.77    0.00    0.00   0.00       8642
20211202   1404908   55.7467  -162.0493      1.780   2.29    0.00    0.00   0.00       8652
20211202   2174214   54.9957  -162.2977      1.850   2.49    0.00    0.00   0.00       8655
20211202   2293842   54.9593  -162.5962     23.790   2.39    0.00    0.00   0.00       8657
20210129   6342015   55.7947  -161.4133     32.210   2.18    0.00    0.00   0.00        866
20211202   4454535   55.4045  -161.7465      2.790   0.07    0.00    0.00   0.00       8664
20211202   5443963   55.1477  -160.8403     13.300   1.88    0.00    0.00   0.00       8666
20211202   7161906   55.1658  -162.2255      0.340   1.81    0.00    0.00   0.00       8667
20211202   8015930   55.2503  -161.7393     22.190   1.00    0.00    0.00   0.00       8669
20211202   8085981   55.3998  -161.4537      5.170   0.92    0.00    0.00   0.00       8671
20211202   8255552   55.4197  -161.8915     15.840   0.99    0.00    0.00   0.00       8674
20211202  10351383   55.3730  -161.5677     12.250   0.63    0.00    0.00   0.00       8675
20211202  10424640   55.4018  -161.5525     24.950   1.28    0.00    0.00   0.00       8678
20210129   9195209   55.5283  -161.9087     15.540   1.37    0.00    0.00   0.00        868
20211202  13373620   54.7967  -160.9083     43.350   1.94    0.00    0.00   0.00       8688
20211202  14161123   54.7893  -161.8598     65.860   1.45    0.00    0.00   0.00       8691
20211202  14371804   55.3857  -161.8770      2.970   0.23    0.00    0.00   0.00       8693
20211202  16051375   55.3875  -161.8447      2.430   0.54    0.00    0.00   0.00       8703
20211202  17283748   55.2575  -161.6445      5.290   0.36    0.00    0.00   0.00       8705
20211202  18455520   55.3045  -162.2138     24.210   1.01    0.00    0.00   0.00       8709
20210129  12092157   55.3678  -161.8295     13.500  -0.19    0.00    0.00   0.00        872
20211202  23444408   55.3538  -161.6703      8.100   0.75    0.00    0.00   0.00       8724
20211202  23595746   55.4415  -161.8803     11.490   1.11    0.00    0.00   0.00       8727
20211203    495673   55.3465  -161.6732     16.480   1.72    0.00    0.00   0.00       8728
20211203    543139   55.3935  -161.8585      3.810   0.83    0.00    0.00   0.00       8730
20211203   1011008   55.3658  -161.8185      1.060  -1.02    0.00    0.00   0.00       8731
20211203   1491041   55.4398  -161.8797     19.180   1.27    0.00    0.00   0.00       8732
20211203   1533341   55.3643  -161.6228     14.740   1.80    0.00    0.00   0.00       8733
20211203   3053544   55.4228  -161.8857     18.290   1.59    0.00    0.00   0.00       8734
20211203   4161554   55.4090  -161.8657     20.350   1.22    0.00    0.00   0.00       8737
20211203   4192131   55.1058  -161.4982     32.060   1.29    0.00    0.00   0.00       8738
20211203   5280484   55.3533  -161.8797      6.090  -0.13    0.00    0.00   0.00       8742
20211203   7340687   55.3900  -161.6587     16.900   0.89    0.00    0.00   0.00       8744
20211203   7344647   55.3980  -161.9118     20.690   1.19    0.00    0.00   0.00       8745
20211203   8354853   54.8285  -161.3132     15.400   1.92    0.00    0.00   0.00       8749
20211203   8372813   55.1385  -161.9348      5.470   0.43    0.00    0.00   0.00       8751
20211203   8573415   55.3788  -161.8932     17.460   1.13    0.00    0.00   0.00       8752
20211203   9014842   55.2842  -161.6365     13.030   0.14    0.00    0.00   0.00       8755
20211203   9025987   55.4195  -161.8803     16.760   1.17    0.00    0.00   0.00       8756
20211203   9051959   55.3987  -161.6395      9.270   0.29    0.00    0.00   0.00       8757
20211203  10314276   55.0062  -162.9438     40.040   1.84    0.00    0.00   0.00       8761
20211203  10325139   55.2698  -161.6462     19.170   1.80    0.00    0.00   0.00       8762
20211203  10335289   55.4100  -160.8920     14.470   2.04    0.00    0.00   0.00       8763
20211203  10452550   55.3608  -161.4908     32.460   1.07    0.00    0.00   0.00       8764
20211203  12372287   55.3577  -161.8003     21.940   1.21    0.00    0.00   0.00       8766
20211203  12435725   55.4617  -161.7865      4.410   0.60    0.00    0.00   0.00       8767
20211203  12493767   55.4888  -161.3175     30.650   1.24    0.00    0.00   0.00       8769
20211203  13353281   55.0753  -163.2918     15.180   2.45    0.00    0.00   0.00       8771
20211203  13354548   55.3507  -161.9105      3.980   2.04    0.00    0.00   0.00       8772
20211203  15050494   55.3710  -161.7947     20.300   1.27    0.00    0.00   0.00       8773
20211203  16533567   55.3680  -161.7922     20.760   1.02    0.00    0.00   0.00       8778
20210129  21120468   55.2282  -162.0732     31.920   2.51    0.00    0.00   0.00        878
20211203  19022380   55.3145  -161.8440     17.410   1.02    0.00    0.00   0.00       8783
20211203  23353000   54.8580  -161.2997     28.330   1.64    0.00    0.00   0.00       8791
20211204   4024369   55.1685  -162.2350      0.440   1.76    0.00    0.00   0.00       8797
20211204   4095802   55.2422  -160.9857     30.130   2.79    0.00    0.00   0.00       8799
20210103   8001336   55.2395  -161.7082      4.310   1.86    0.00    0.00   0.00         88
20211204   6035088   55.4033  -161.2768     36.660   1.39    0.00    0.00   0.00       8801
20211204   7032957   55.3193  -161.7192     18.450   1.10    0.00    0.00   0.00       8802
20211204   7371469   54.8815  -162.1485      0.190   1.13    0.00    0.00   0.00       8805
20211204   9215315   55.4897  -161.8842     51.170   1.98    0.00    0.00   0.00       8810
20211204  14060902   55.2712  -161.5652      5.730   1.65    0.00    0.00   0.00       8816
20211204  15524596   55.3332  -161.5477     16.570   1.37    0.00    0.00   0.00       8817
20211204  15574897   55.4463  -161.8615     13.360   1.24    0.00    0.00   0.00       8818
20211204  17285272   55.2363  -161.7187     33.800   0.74    0.00    0.00   0.00       8820
20211204  17395956   55.5285  -161.7647      8.440   2.13    0.00    0.00   0.00       8822
20211204  17405792   55.5288  -161.7648      7.770   1.61    0.00    0.00   0.00       8823
20211204  19155550   55.4223  -161.8815      5.420   0.94    0.00    0.00   0.00       8824
20211204  20161164   55.3482  -161.6565     12.390   1.14    0.00    0.00   0.00       8826
20210130   6222932   54.7127  -160.7620     11.580   2.02    0.00    0.00   0.00        883
20211204  22262710   55.3693  -161.6922     21.630   1.57    0.00    0.00   0.00       8831
20211204  22464400   55.4043  -161.8985     19.760   1.42    0.00    0.00   0.00       8837
20210130   8390897   55.4672  -161.9123      7.590   0.32    0.00    0.00   0.00        884
20211204  23453276   55.3147  -161.8053     17.970   0.56    0.00    0.00   0.00       8841
20211204  23532566   55.4638  -161.8465      9.770   0.97    0.00    0.00   0.00       8842
20211205   1022374   54.9568  -162.2593      6.110   2.35    0.00    0.00   0.00       8847
20211205   1030845   54.9590  -162.2667      6.390   2.63    0.00    0.00   0.00       8848
20211205   3592564   54.6087  -161.3040     15.120   1.68    0.00    0.00   0.00       8852
20211205  17335248   55.3613  -161.8107      0.830   0.29    0.00    0.00   0.00       8856
20211206   8161000   54.9510  -160.6068     10.410   2.45    0.00    0.00   0.00       8866
20211206   8213998   55.3482  -161.8012      1.270   0.58    0.00    0.00   0.00       8868
20211206  13160503   54.5225  -161.1272      8.380   2.76    0.00    0.00   0.00       8873
20211206  15445263   54.5648  -161.6882     31.350   2.30    0.00    0.00   0.00       8875
20211206  17194532   54.9380  -162.2427      5.750   1.77    0.00    0.00   0.00       8877
20211207   1342724   55.4208  -162.7187      1.380   1.90    0.00    0.00   0.00       8882
20211207   6102695   55.5035  -161.7977     13.850   1.23    0.00    0.00   0.00       8883
20211207  11301866   55.3213  -161.7087      6.850   1.72    0.00    0.00   0.00       8890
20211207  17124624   55.3308  -161.8710     18.510   1.24    0.00    0.00   0.00       8898
20211207  18535860   55.4052  -161.7993      4.390   1.27    0.00    0.00   0.00       8900
20211207  21134950   55.3500  -161.5820     10.420   0.28    0.00    0.00   0.00       8901
20211207  21503296   54.5772  -162.6513     60.260   2.10    0.00    0.00   0.00       8903
20211208   2532465   55.1702  -162.2428      0.390   1.89    0.00    0.00   0.00       8906
20211208   7371477   55.3070  -161.0820     14.390   2.04    0.00    0.00   0.00       8910
20211208  15590093   54.6992  -160.6682     23.360   2.45    0.00    0.00   0.00       8912
20211209    170383   54.9520  -162.2063      1.990   1.88    0.00    0.00   0.00       8917
20211209  15503291   54.9180  -161.3998     39.460   1.98    0.00    0.00   0.00       8922
20211210   6580231   54.3645  -160.9335      9.500   1.95    0.00    0.00   0.00       8924
20211210   8372342   54.6623  -161.3157     27.420   2.61    0.00    0.00   0.00       8927
20210130  17505148   55.0332  -162.3527      1.900   1.42    0.00    0.00   0.00        893
20211210  20393300   54.7165  -162.3147     40.910   1.65    0.00    0.00   0.00       8931
20211212  18252620   54.7282  -161.6840     21.560   2.62    0.00    0.00   0.00       8949
20211212  18252600   54.5950  -161.6990     44.760   2.78    0.00    0.00   0.00       8950
20211213   5581065   55.3087  -161.8625      9.160   0.69    0.00    0.00   0.00       8953
20211213  13502418   55.3503  -161.2057     33.070   2.05    0.00    0.00   0.00       8956
20210130  17570510   55.1653  -161.9620      4.840   1.45    0.00    0.00   0.00        896
20211213  19325848   54.9940  -162.2863      0.850   1.89    0.00    0.00   0.00       8960
20211214     24672   55.2137  -161.6795      9.620   2.83    0.00    0.00   0.00       8963
20211214   1231641   55.1848  -161.5007     22.270   2.79    0.00    0.00   0.00       8965
20211214   4383331   55.1887  -161.9225      9.530   1.27    0.00    0.00   0.00       8969
20210130  18135574   54.5668  -161.2892     10.640   1.99    0.00    0.00   0.00        897
20211214  10440080   55.3210  -161.5418     16.150   1.06    0.00    0.00   0.00       8972
20211214  12501664   55.3218  -161.4995     12.680   1.36    0.00    0.00   0.00       8973
20211214  12531750   55.3223  -161.6200     17.500   1.45    0.00    0.00   0.00       8974
20211214  19062118   54.8445  -160.7940     42.740   2.41    0.00    0.00   0.00       8979
20211214  20570936   55.1155  -161.5902     27.590   1.88    0.00    0.00   0.00       8981
20211214  23594176   55.3600  -161.7005     18.190   0.69    0.00    0.00   0.00       8985
20210130  18265516   55.1467  -161.8578      9.800   1.33    0.00    0.00   0.00        899
20211215  15343930   55.6272  -161.5303      4.980   1.40    0.00    0.00   0.00       8992
20211215  23102200   54.7675  -160.9588     45.440   1.96    0.00    0.00   0.00       8994
20211216   7540131   55.2300  -162.3557     39.060   1.54    0.00    0.00   0.00       8998
20210130  19122494   54.7873  -161.2078     49.240   2.80    0.00    0.00   0.00        900
20211216  10490217   54.8363  -161.2837     78.360   1.80    0.00    0.00   0.00       9001
20211216  17252126   54.5650  -163.3362     12.260   1.49    0.00    0.00   0.00       9008
20211216  21143796   54.5197  -161.7193     15.920   1.59    0.00    0.00   0.00       9009
20210130  19183882   54.8875  -161.3982     35.140   1.34    0.00    0.00   0.00        901
20211217   8254981   54.9020  -162.1707      0.360   0.91    0.00    0.00   0.00       9015
20211217  10335362   54.9627  -162.9548      0.500   1.86    0.00    0.00   0.00       9020
20211217  10341218   55.0112  -162.4538      8.290   2.23    0.00    0.00   0.00       9021
20211217  11452138   54.6107  -161.1638     29.710   2.28    0.00    0.00   0.00       9023
20211217  15565607   55.8740  -161.6157      0.760   1.90    0.00    0.00   0.00       9025
20211218  17421596   54.4947  -163.1978      1.530   2.48    0.00    0.00   0.00       9035
20211218  17424160   55.0437  -162.1470      3.070   2.08    0.00    0.00   0.00       9036
20211218  19261692   54.8368  -162.7112     59.970   1.61    0.00    0.00   0.00       9037
20210130  20480858   54.4915  -161.6902     11.100   1.99    0.00    0.00   0.00        904
20211218  23595762   55.4077  -161.9678      7.560   1.53    0.00    0.00   0.00       9040
20211219  18090424   55.2192  -161.8833      6.040   0.53    0.00    0.00   0.00       9046
20211219  18263604   55.3223  -160.9295     43.560   2.04    0.00    0.00   0.00       9047
20211219  23184042   55.2925  -160.8408     48.620   2.30    0.00    0.00   0.00       9048
20210130  20553482   54.2030  -161.6682     10.780   1.59    0.00    0.00   0.00        905
20211220   9472241   55.1665  -161.8933      4.910   0.65    0.00    0.00   0.00       9056
20211221   6352814   55.1495  -161.7452     31.340   1.71    0.00    0.00   0.00       9066
20211221   6472967   55.4058  -161.9207      7.200   1.40    0.00    0.00   0.00       9069
20211221   8305871   55.3833  -161.5010     12.330   0.09    0.00    0.00   0.00       9073
20211221   8331893   55.4250  -161.6028     12.490   1.08    0.00    0.00   0.00       9074
20211221   8345515   55.2427  -161.7533     16.730   2.04    0.00    0.00   0.00       9077
20211221   8345439   55.5760  -161.8725      2.910   1.53    0.00    0.00   0.00       9078
20211221   8401622   55.3592  -161.7763      3.100   1.64    0.00    0.00   0.00       9080
20211221   9462118   55.3540  -161.8080      2.010   0.24    0.00    0.00   0.00       9084
20211221   9540258   55.2478  -161.4462     13.290   0.69    0.00    0.00   0.00       9086
20211221  10500826   55.4947  -161.8727      4.010   1.61    0.00    0.00   0.00       9088
20211221  10553692   55.3423  -161.7392     18.680   0.40    0.00    0.00   0.00       9090
20211221  11400927   54.6907  -161.5738     51.120   1.83    0.00    0.00   0.00       9092
20211221  13141041   55.5065  -161.8172     12.910   0.33    0.00    0.00   0.00       9096
20211221  13232672   55.4813  -161.7195      5.660   0.79    0.00    0.00   0.00       9099
20210103   8460056   55.5877  -160.7190     62.800   2.68    0.00    0.00   0.00         91
20210131    525609   55.1845  -162.5537     30.570   1.74    0.00    0.00   0.00        910
20211221  13285836   54.8648  -160.9932     30.290   1.59    0.00    0.00   0.00       9102
20211221  14323895   55.3705  -161.8010     19.780   1.07    0.00    0.00   0.00       9104
20211221  17135784   55.3488  -161.7858      1.580   0.65    0.00    0.00   0.00       9109
20210131   1003975   54.4322  -161.4387     18.080   1.90    0.00    0.00   0.00        911
20211221  17254604   55.3280  -161.6377     14.440   0.71    0.00    0.00   0.00       9112
20211221  17302032   55.3260  -161.6937      4.070   0.51    0.00    0.00   0.00       9114
20211221  17365388   54.8697  -161.7972     87.690   1.86    0.00    0.00   0.00       9115
20211221  19042572   54.4852  -161.3228     11.740   1.51    0.00    0.00   0.00       9118
20211221  19571788   55.2042  -161.6872      4.070   1.43    0.00    0.00   0.00       9119
20210131   1010601   54.7873  -161.7023     28.710   1.85    0.00    0.00   0.00        912
20211221  20560620   54.9918  -162.2937      1.360   1.56    0.00    0.00   0.00       9121
20211221  22433520   55.6503  -160.9068     66.310   3.55    0.00    0.00   0.00       9129
20211221  23322168   55.3948  -161.9095      5.210   0.87    0.00    0.00   0.00       9132
20211222   1024576   55.3205  -161.5217      5.470   0.24    0.00    0.00   0.00       9136
20211222   1045036   55.2578  -161.5807      4.390   1.50    0.00    0.00   0.00       9137
20211222   1141324   55.2978  -161.1250     61.040   1.57    0.00    0.00   0.00       9139
20211222   1160187   55.3480  -161.7935      2.930   1.44    0.00    0.00   0.00       9140
20210131   5235852   55.1603  -161.7587     15.060   1.69    0.00    0.00   0.00        915
20211222   6380517   55.2325  -161.4808     21.560   1.01    0.00    0.00   0.00       9150
20211222   8123726   55.2435  -161.9403      9.200   0.59    0.00    0.00   0.00       9152
20211229   3242578   54.8743  -162.8000     55.060   1.78    0.00    0.00   0.00       9160
20211229   4011113   55.1370  -162.4180      5.910   0.89    0.00    0.00   0.00       9161
20211229  18380472   55.0650  -162.1088     10.090   3.03    0.00    0.00   0.00       9169
20211230   4063890   55.3420  -161.6017     17.270   1.10    0.00    0.00   0.00       9173
20210131   6255141   55.3142  -161.6873      5.800   0.56    0.00    0.00   0.00        918
20211230   9005755   55.2898  -161.7253     17.170   0.60    0.00    0.00   0.00       9186
20210131   6260382   55.2122  -161.4085     13.930   0.34    0.00    0.00   0.00        919
20211230   9181291   55.1538  -161.6820     16.810   0.81    0.00    0.00   0.00       9190
20211230  13221203   55.3303  -161.7273      9.930   0.72    0.00    0.00   0.00       9199
20211230  15594833   54.8990  -161.1022     15.490   0.99    0.00    0.00   0.00       9205
20211230  18593408   55.3383  -161.5772      9.270   0.72    0.00    0.00   0.00       9208
20211230  20355014   55.3933  -161.7980      5.060  -0.22    0.00    0.00   0.00       9209
20211230  21342652   54.5165  -162.3148     50.470   1.90    0.00    0.00   0.00       9211
20211230  23374524   54.6273  -163.3022     13.680   2.01    0.00    0.00   0.00       9214
20211230  23381364   55.1913  -162.1093      4.390   0.71    0.00    0.00   0.00       9215
20211231   2330943   55.3450  -161.6325     17.360   0.56    0.00    0.00   0.00       9217
20211231   7443314   55.3427  -161.7210      4.740   0.33    0.00    0.00   0.00       9222
20211231   7595751   55.3868  -161.9225     11.860   0.78    0.00    0.00   0.00       9223
20211231  14514298   55.3452  -161.7085      8.870   0.68    0.00    0.00   0.00       9232
20211231  17025388   55.3077  -161.6715      5.570   1.93    0.00    0.00   0.00       9236
20211231  17094156   55.2978  -161.5690      5.200   0.05    0.00    0.00   0.00       9237
20211231  17371572   54.6707  -162.6300     12.880   1.95    0.00    0.00   0.00       9238
20211231  18191196   55.3878  -161.6268      7.520   0.25    0.00    0.00   0.00       9239
20211231  23104740   54.9942  -162.2977      1.990   2.71    0.00    0.00   0.00       9252
20211231  23110452   55.1415  -161.9802      4.370   2.99    0.00    0.00   0.00       9253
20211231  23173284   55.3883  -161.8045     14.350   1.03    0.00    0.00   0.00       9255
20211231  23280234   55.2678  -161.5178     28.810   0.73    0.00    0.00   0.00       9257
20210103   8501268   55.1540  -161.8910      6.070   0.66    0.00    0.00   0.00         93
20210131  17461346   55.3143  -161.9007     14.850   0.13    0.00    0.00   0.00        932
20210131  18095192   54.9107  -162.1982      8.410   0.81    0.00    0.00   0.00        933
20210131  22304236   55.3308  -161.7553      6.450   0.07    0.00    0.00   0.00        938
20210201     34993   55.1112  -163.2502     15.430   2.26    0.00    0.00   0.00        940
20210201   3474705   55.2995  -161.3217     28.270   2.24    0.00    0.00   0.00        943
20210201   4325401   54.4460  -162.0020     43.000   2.22    0.00    0.00   0.00        947
20210201  20170648   54.5835  -161.2677     14.200   2.57    0.00    0.00   0.00        961
20210202   3434420   55.2898  -162.7950     15.450   2.00    0.00    0.00   0.00        962
20210202  10431876   55.3807  -161.8202      2.800  -0.48    0.00    0.00   0.00        968
20210103  10230064   55.0535  -161.7608     13.920   1.54    0.00    0.00   0.00         97
20210202  22322692   55.0492  -162.1355      4.430   1.00    0.00    0.00   0.00        974
20210203    495872   55.1740  -161.9645      4.070   0.73    0.00    0.00   0.00        976
20210203   6410138   55.0347  -160.8810     53.590   1.43    0.00    0.00   0.00        980
20210203   7254235   55.0707  -161.4615     32.910   0.85    0.00    0.00   0.00        982
20210203   8320889   55.0592  -161.7483     17.850   1.52    0.00    0.00   0.00        984
20210203   9025844   54.5668  -162.3480     58.630   1.62    0.00    0.00   0.00        985
20210103  12412766   55.4917  -161.8183     36.400   2.31    0.00    0.00   0.00         99
20210203  15362829   55.0718  -161.1737     32.530   1.77    0.00    0.00   0.00        993
20210203  17354888   54.5640  -161.2745     13.650   1.73    0.00    0.00   0.00        998
