 HYPOINVERSE 2000 STARTING
6/2014 VERSION 1.40 (geoid depth possible)                            
 COMMAND?     33 STATIONS READ IN.
  FIND INPUT PHASE FILE TYPE & SET PHS(COP) & ARC(CAR) FORMATS
  INPUT IS A HYPOINVERSE ARCHIVE-2000 FILE, NO SHADOWS
  SETTING FORMATS COP 3, CAR 1
  SEQ ---DATE--- TIME REMARK -LAT-  --LON-  DEPTH  RMS PMAG  NUM  ERH  ERZ  ID
    1 2021- 1- 1  4:52     - 55  3  161 21   0.36 0.11  0.0    4 13.4  3.7         1
    2 2021- 1- 1  5:28     - 55 10  160 60   3.00 0.17  0.0    8 15.3 18.8         2
    3 2021- 1- 1  5:28     - 54 54  159 51   3.00 0.25  0.0   10 21.6 23.7         3
    4 2021- 1- 1  8:31     - 55  2  161 31  32.14 0.09  0.0    6 11.7  5.2         4
    5 2021- 1- 1  8:32     - 55  5  161 39  26.81 0.09  0.0    5  8.9  5.2         5
    6 2021- 1- 1 11:56     - 54 36  161 18  19.56 0.20  0.0   10  2.0 17.9         6
    7 2021- 1- 1 12:15     - 55 17  162  5   2.74 0.06  0.0    4  2.0 13.1         7
    8 2021- 1- 1 12:35     - 54 38  161 26   2.94 0.15  0.0    9  7.5 14.9         8
    9 2021- 1- 1 12:44     - 54 60  161 10  18.95 0.16  0.0    7 15.2 11.5         9
   10 2021- 1- 1 12:44     - 54 47  161  3  32.47 0.18  0.0    6 13.7 19.5        10
   11 2021- 1- 1 12:47     - 54 58  160 51   7.88 0.13  0.0    5 16.1 16.6        11
   12 2021- 1- 1 12:48     - 55  2  160 40   3.01 0.24  0.0    4 19.9 20.9        12
   13 2021- 1- 1 14:58     - 55  4  161 43  60.78 0.05  0.0    4 10.4  5.2        13
   14 2021- 1- 1 16:55     # 55 14  161 17   0.77 0.10  0.0    7  3.3  1.6        14
 *** DISTANCE & RESIDUAL WEIGHTING CANCELLED FOR EVENT: 2021  1  1 16 55
   15 2021- 1- 1 16:55     - 55  3  161  9   3.00 0.60  0.0    6 36.8 51.2        15
  SEQ ---DATE--- TIME REMARK -LAT-  --LON-  DEPTH  RMS PMAG  NUM  ERH  ERZ  ID
   16 2021- 1- 1 17:16     - 54 52  161 27  28.51 0.12  0.0    8 14.1  4.3        16
   17 2021- 1- 1 17:17       55  8  161 55   9.28 0.01  0.0    5  5.2  4.6        17
   18 2021- 1- 1 19:49     - 55 21  161 31  51.75 0.10  0.0    5 10.3  7.9        18
   19 2021- 1- 1 19:49     - 55 16  163 13   3.81 0.66  0.0    6 25.7 49.6        19
   20 2021- 1- 1 20:08     - 54 44  160 54   3.00 0.02  0.0    4  5.2 11.5        20
 *** DISTANCE & RESIDUAL WEIGHTING CANCELLED FOR EVENT: 2021  1  1 20 32
   21 2021- 1- 1 20:32     - 55  5  161 15  27.46 0.27  0.0    4 23.6 19.3        21
   22 2021- 1- 1 20:47     - 55  7  163 25   0.90 0.48  0.0    9 17.5 37.1        22
   23 2021- 1- 1 20:47     # 55 17  161 48  30.56 1.22  0.0    6 33.3 49.3        23
   24 2021- 1- 1 20:52     - 55 16  161 35   6.42 0.17  0.0    5 14.3 18.7        24
   25 2021- 1- 1 20:52     - 55  0  161 31  24.16 0.17  0.0    4 14.4  6.2        25
 *** DISTANCE & RESIDUAL WEIGHTING CANCELLED FOR EVENT: 2021  1  1 21  2
   26 2021- 1- 1 21:02     - 55  7  161 38   2.64 0.12  0.0    4 12.8  1.7        26
   27 2021- 1- 2  0:27     - 54 57  162 53   2.74 0.02  0.0    4  8.4  5.5        27
   28 2021- 1- 2  0:28     # 55 18  161 40  18.80 1.55  0.0    7 18.2 27.9        28
   29 2021- 1- 2  2:17     - 54 42  160 44   2.42 0.19  0.0   14  8.3 18.0        29
   30 2021- 1- 2  2:46     - 55 23  160 36   3.50 0.48  0.0   13 16.4 35.7        30
  SEQ ---DATE--- TIME REMARK -LAT-  --LON-  DEPTH  RMS PMAG  NUM  ERH  ERZ  ID
   31 2021- 1- 2  3:05     - 55 28  161 19   1.28 0.15  0.0    4 16.4 17.3        31
 *** DISTANCE & RESIDUAL WEIGHTING CANCELLED FOR EVENT: 2021  1  2  3  5
   32 2021- 1- 2  3:05     # 55 17  161 49   3.30 1.09  0.0    5 11.2  8.8        32
   33 2021- 1- 2  4:55     - 55  2  161 20   5.82 0.25  0.0    5 22.0 24.4        33
   34 2021- 1- 2  5:44     - 54 59  161 26  24.74 0.23  0.0    7 18.9  6.4        34
   35 2021- 1- 2  5:44     - 54 51  161 11  20.42 0.33  0.0    6 24.1 14.9        35
   36 2021- 1- 2  5:45     - 55  2  161 28   6.01 0.20  0.0    5 17.7 20.8        36
   37 2021- 1- 2  5:52     - 55  6  161 24   1.65 0.14  0.0    5 13.1  3.6        37
 *** DISTANCE & RESIDUAL WEIGHTING CANCELLED FOR EVENT: 2021  1  2  5 52
   38 2021- 1- 2  5:52     # 55  9  161 21   0.46 0.63  0.0    4 32.4 10.3        38
   39 2021- 1- 2  9:15     - 55 11  162  1   3.00 0.07  0.0    4  2.6 13.2        39
   40 2021- 1- 2 10:53     - 54 48  161  3  35.15 0.23  0.0    9 19.2 16.0        40
   41 2021- 1- 2 10:53     - 54 47  161 25   8.23 0.26  0.0    4 19.0 23.3        41
   42 2021- 1- 2 11:16     - 55  9  160 50   3.13 0.11  0.0    4  6.3 14.0        42
   43 2021- 1- 2 11:51     # 54 49  161 48   0.00 0.12  0.0    7  6.4  2.2        43
   44 2021- 1- 2 11:51     # 54 43  161 42   0.02 0.19  0.0    7  6.3  1.1        44
   45 2021- 1- 2 11:53     - 54 39  161  3   2.90 0.17  0.0    8  7.5 16.0        45
  SEQ ---DATE--- TIME REMARK -LAT-  --LON-  DEPTH  RMS PMAG  NUM  ERH  ERZ  ID
   46 2021- 1- 2 12:12     - 54 52  161 48   6.66 0.08  0.0    4  9.9 14.2        46
   47 2021- 1- 2 12:12     # 54 50  161 49   0.05 0.21  0.0    6  6.1  2.8        47
 *** DISTANCE & RESIDUAL WEIGHTING CANCELLED FOR EVENT: 2021  1  2 12 36
   48 2021- 1- 2 12:35     - 54 36  162 43   3.00 0.40  0.0    4 14.9 32.4        48
   49 2021- 1- 2 13:54     - 55  6  161 18   0.94 0.22  0.0    4 19.0  5.7        49
 *** DISTANCE & RESIDUAL WEIGHTING CANCELLED FOR EVENT: 2021  1  2 13 54
   50 2021- 1- 2 13:54     - 55  5  161  5   3.00 0.46  0.0    4 33.7 39.4        50
   51 2021- 1- 2 14:13     - 54 55  162 49   6.69 0.03  0.0    4  3.4 12.7        51
   52 2021- 1- 2 16:24     - 54 52  161 17  31.70 0.23  0.0    9 17.0  1.6        52
   53 2021- 1- 2 16:24     - 54 49  161  7  19.34 0.27  0.0    5 17.0 22.3        53
   54 2021- 1- 2 18:07       55  4  162  3   3.47 0.10  0.0   12  0.6  2.7        54
   55 2021- 1- 2 19:13     - 54 33  161 32   2.85 0.20  0.0   17  7.4 15.8        55
   56 2021- 1- 2 20:27     - 55  4  161 18   1.06 0.12  0.0    5 15.6  4.8        56
   57 2021- 1- 2 20:27     - 55  2  161 44  15.12 0.05  0.0    4 11.1  6.1        57
   58 2021- 1- 2 20:32     - 55  9  161  2   3.16 0.10  0.0    7 11.9 15.0        58
   59 2021- 1- 2 20:33     - 55 16  160 57   1.08 0.16  0.0    5 13.4 18.0        59
   60 2021- 1- 2 21:15     - 55 10  161  6   3.00 0.12  0.0    7 11.8 15.8        60
  SEQ ---DATE--- TIME REMARK -LAT-  --LON-  DEPTH  RMS PMAG  NUM  ERH  ERZ  ID
   61 2021- 1- 2 21:19     - 55  9  160 46   3.00 0.05  0.0    4 11.6 12.2        61
   62 2021- 1- 2 21:33     - 54 40  160 57  43.38 0.23  0.0    9 21.4 13.1        62
   63 2021- 1- 2 21:34     - 54 51  161 28   6.31 0.05  0.0    4  6.7 13.0        63
   64 2021- 1- 2 23:32     - 54 49  161 19  34.76 0.26  0.0   10 17.9 11.7        64
   65 2021- 1- 2 23:32     - 54 48  161 29  64.35 0.23  0.0    7 14.3  9.8        65
   66 2021- 1- 3  0:11     - 54 59  161 30  24.85 0.19  0.0    6 16.1  5.3        66
 *** DISTANCE & RESIDUAL WEIGHTING CANCELLED FOR EVENT: 2021  1  3  0 12
   67 2021- 1- 3  0:12     - 54 50  161 35  16.43 0.70  0.0    4 57.9  6.9        67
   68 2021- 1- 3  1:52     - 55 19  163 20   3.06 0.30  0.0    7 17.7 27.7        68
   69 2021- 1- 3  2:16     - 55  1  161 33  19.29 0.15  0.0    5 13.7  4.7        69
 *** DISTANCE & RESIDUAL WEIGHTING CANCELLED FOR EVENT: 2021  1  3  2 16
   70 2021- 1- 3  2:16     - 54 58  162 13   3.19 0.22  0.0    4 21.4  3.9        70
   71 2021- 1- 3  4:02     - 54 57  161 19  33.31 0.15  0.0    5 16.1  4.4        71
   72 2021- 1- 3  4:03     - 54 58  161 15  23.20 0.20  0.0    5 18.5  6.8        72
   73 2021- 1- 3  5:08     - 54 59  162 17   6.53 0.07  0.0    5  7.1 10.4        73
   74 2021- 1- 3  5:08     - 55  0  162 14   0.75 0.01  0.0    4  0.8 12.5        74
   75 2021- 1- 3  5:30     - 54 42  161  7  34.01 0.23  0.0   11 17.3 21.7        75
  SEQ ---DATE--- TIME REMARK -LAT-  --LON-  DEPTH  RMS PMAG  NUM  ERH  ERZ  ID
   76 2021- 1- 3  5:30     - 54 41  161  6   3.03 0.23  0.0    5 20.1 21.9        76
   77 2021- 1- 3  6:02     - 54 60  161 27  34.64 0.40  0.0    9 25.6  8.2        77
   78 2021- 1- 3  6:02     - 55  4  161 19   2.05 0.27  0.0    5 20.9  6.1        78
   79 2021- 1- 3  6:04     - 54 56  161 31  26.26 0.20  0.0    6 17.4  5.2        79
   80 2021- 1- 3  6:04     - 54 38  160 59  36.69 0.18  0.0    8  4.7 17.1        80
   81 2021- 1- 3  6:05       55  9  161 55   4.88 0.27  0.0    8  0.6  0.8        81
   82 2021- 1- 3  7:02     - 54 59  161 35  15.57 0.07  0.0    4 13.1  3.8        82
   83 2021- 1- 3  7:03     - 54 56  161 20   3.06 0.16  0.0    4 16.2 17.1        83
   84 2021- 1- 3  7:19     - 55  1  161 26  29.22 0.11  0.0    5 13.3  4.2        84
 *** DISTANCE & RESIDUAL WEIGHTING CANCELLED FOR EVENT: 2021  1  3  7 20
   85 2021- 1- 3  7:19     - 54 56  161  1  42.39 0.65  0.0    6 49.7 20.9        85
   86 2021- 1- 3  7:24     - 54 59  161 23  25.39 0.19  0.0    9 14.9  5.5        86
   87 2021- 1- 3  7:59     - 54 25  161 21  39.05 0.33  0.0    9  4.0 23.8        87
   88 2021- 1- 3  8:00     - 55  9  161 36   2.87 0.04  0.0    4 11.2  2.0        88
   89 2021- 1- 3  8:40     - 54 42  161  3  34.93 0.22  0.0   11 14.4 15.9        89
   90 2021- 1- 3  8:41     - 54 38  161  2   3.03 0.22  0.0    5 19.9 21.2        90
  SEQ ---DATE--- TIME REMARK -LAT-  --LON-  DEPTH  RMS PMAG  NUM  ERH  ERZ  ID
   91 2021- 1- 3  8:45     - 55 37  160 29  38.27 0.20  0.0   11 13.9 15.4        91
 *** DISTANCE & RESIDUAL WEIGHTING CANCELLED FOR EVENT: 2021  1  3  8 47
   92 2021- 1- 3  8:46     - 55 47  161 17   3.00 0.45  0.0    4 25.5 39.0        92
   93 2021- 1- 3  8:50       55  9  161 53   6.60 0.12  0.0    5  4.7  4.6        93
   94 2021- 1- 3  9:20     - 55  6  161 29   0.81 0.17  0.0    4 14.0  3.8        94
   95 2021- 1- 3  9:20     - 54 58  161 26  16.12 0.09  0.0    4 11.9  1.0        95
   96 2021- 1- 3 10:22     - 54 51  161 17  23.93 0.22  0.0    7 19.3 11.4        96
   97 2021- 1- 3 10:22     - 54 51  161 26  19.24 0.07  0.0    5  9.6  3.5        97
   98 2021- 1- 3 11:44     - 55  3  161 42  17.21 0.08  0.0    4 11.1  2.9        98
   99 2021- 1- 3 12:41       55 27  162 11  37.78 0.13  0.0    6  7.2  5.2        99
  100 2021- 1- 3 12:41       54 58  162 18  10.75 0.08  0.0    5  1.7  2.6       100
  101 2021- 1- 3 12:59     - 54 54  161 13  30.35 0.19  0.0    8 15.7  2.0       101
  102 2021- 1- 3 13:46     - 54 20  162 38   2.15 0.09  0.0    4  6.2 13.4       102
  103 2021- 1- 3 17:22     - 55 21  161 49  13.99 0.05  0.0    4  2.5 11.4       103
  104 2021- 1- 3 17:26     - 55 22  162 16   1.44 0.65  0.0    5  4.9 51.1       104
  105 2021- 1- 3 17:45     - 54 42  161  2  25.79 0.16  0.0   10 14.7  3.2       105
  SEQ ---DATE--- TIME REMARK -LAT-  --LON-  DEPTH  RMS PMAG  NUM  ERH  ERZ  ID
  106 2021- 1- 3 17:45     - 54 47  161 27   2.99 0.26  0.0    5 19.9 24.7       106
  107 2021- 1- 3 18:02     - 55  1  161 39  19.76 0.10  0.0    6 11.7  3.1       107
 *** DISTANCE & RESIDUAL WEIGHTING CANCELLED FOR EVENT: 2021  1  3 18  2
  108 2021- 1- 3 18:02     - 54 54  161 39  16.62 0.15  0.0    4 16.3  1.7       108
  109 2021- 1- 3 19:56     - 54 44  160 51  25.17 0.19  0.0   11 16.8  3.9       109
  110 2021- 1- 3 19:56     - 54 45  161  1  30.34 0.20  0.0    8 16.4  2.2       110
  111 2021- 1- 3 20:36     - 54 57  161 29  27.23 0.23  0.0    7 19.3  6.5       111
 *** DISTANCE & RESIDUAL WEIGHTING CANCELLED FOR EVENT: 2021  1  3 20 37
  112 2021- 1- 3 20:37     - 55  0  161 41   3.28 0.62  0.0    6 37.3 11.1       112
  113 2021- 1- 3 21:50     - 54 48  161 24   3.33 0.11  0.0    6  5.1 13.9       113
  114 2021- 1- 3 21:51     - 55  2  162 34   1.48 0.12  0.0    4  3.5 15.8       114
  115 2021- 1- 3 23:33     - 55 11  161 41  16.04 0.16  0.0    5 13.4 10.7       115
  116 2021- 1- 3 23:33     - 55  1  161 12  17.36 0.21  0.0    6 16.9 20.7       116
  117 2021- 1- 4  0:02     - 55 22  161 14  35.01 0.08  0.0    9  9.5  3.8       117
  118 2021- 1- 4  0:02     - 55 36  161 29   1.88 0.23  0.0    5  2.5 20.7       118
  119 2021- 1- 4  0:03     - 55  7  161 55   2.92 0.03  0.0    4  3.0 12.3       119
  120 2021- 1- 4  0:33     - 54 42  160 44   3.00 0.17  0.0   17  7.1 15.2       120
  SEQ ---DATE--- TIME REMARK -LAT-  --LON-  DEPTH  RMS PMAG  NUM  ERH  ERZ  ID
  121 2021- 1- 4  0:51     - 54 58  161 28  22.96 0.18  0.0    5 16.9  6.5       121
 *** DISTANCE & RESIDUAL WEIGHTING CANCELLED FOR EVENT: 2021  1  4  0 52
  122 2021- 1- 4  0:51     # 55 18  161 46   2.98 1.22  0.0    4 22.0 18.3       122
  123 2021- 1- 4  1:40       55 35  160 19  10.56 0.16  0.0   10  4.1  1.6       123
  124 2021- 1- 4  1:41     - 55 33  161 27   6.91 0.19  0.0    5 15.9 19.8       124
  125 2021- 1- 4  1:52     - 55  3  161 39  18.35 0.08  0.0    4 12.4  3.1       125
 *** DISTANCE & RESIDUAL WEIGHTING CANCELLED FOR EVENT: 2021  1  4  1 52
  126 2021- 1- 4  1:52     - 54 49  161 25  25.34 0.55  0.0    4 42.5 22.3       126
  127 2021- 1- 4  3:22     - 54 50  161  9   2.83 0.05  0.0    5  5.4 11.6       127
  128 2021- 1- 4  3:22     # 55 19  163  9   0.19 0.80  0.0   13 15.1 35.0       128
  129 2021- 1- 4  4:01     - 54 42  161  4  25.00 0.20  0.0   11 17.4  3.9       129
  130 2021- 1- 4  4:01       54 50  161 18  31.57 0.12  0.0    7 10.1  0.8       130
  131 2021- 1- 4  5:47     - 54 60  161 34  20.74 0.13  0.0    7 12.3  2.9       131
 *** DISTANCE & RESIDUAL WEIGHTING CANCELLED FOR EVENT: 2021  1  4  5 48
  132 2021- 1- 4  5:48     - 54 53  161 24  17.31 0.31  0.0    4 24.9 26.1       132
  133 2021- 1- 4  8:26     - 54 55  161 31  23.64 0.15  0.0    7 16.4  5.2       133
  134 2021- 1- 4  8:26     - 54 57  161 29  22.14 0.09  0.0    7 11.7  1.9       134
  135 2021- 1- 4  9:10       54 46  161 38  62.12 0.15  0.0    9  3.2  3.0       135
  SEQ ---DATE--- TIME REMARK -LAT-  --LON-  DEPTH  RMS PMAG  NUM  ERH  ERZ  ID
  136 2021- 1- 4  9:35     - 54 55  161 22  31.29 0.16  0.0    9 13.9  2.2       136
  137 2021- 1- 4  9:36     - 54 42  161  8  19.87 0.54  0.0    7 39.7 34.8       137
  138 2021- 1- 4 11:49       54 25  160 53   0.78 0.18  0.0   13  3.7  8.1       138
  139 2021- 1- 4 11:50     - 54 57  161  7   3.01 0.16  0.0    6 16.3 17.3       139
  140 2021- 1- 4 11:57     - 54 41  161 11   2.29 0.38  0.0    8 13.2 29.5       140
 *** DISTANCE & RESIDUAL WEIGHTING CANCELLED FOR EVENT: 2021  1  4 11 58
  141 2021- 1- 4 11:58     - 55  2  162 33   3.00 0.33  0.0    4 26.3 14.3       141
 *** DISTANCE & RESIDUAL WEIGHTING CANCELLED FOR EVENT: 2021  1  4 15 16
  142 2021- 1- 4 15:16     - 55  9  162 27   3.62 0.10  0.0    4  4.6 14.2       142
  143 2021- 1- 4 15:39     - 55  2  161 27  26.38 0.16  0.0    4 15.8  5.6       143
  144 2021- 1- 4 15:59     - 54 55  161 24  25.83 0.24  0.0    7 18.9  7.4       144
  145 2021- 1- 4 15:59     - 54 48  161 37   9.93 0.30  0.0    4 23.2 20.2       145
 *** DISTANCE & RESIDUAL WEIGHTING CANCELLED FOR EVENT: 2021  1  4 16  0
  146 2021- 1- 4 15:59     # 55 26  161 56  29.54 0.20  0.0    4  5.3  6.6       146
  147 2021- 1- 4 16:25     - 54 52  161 25  26.32 0.27  0.0    8 18.2  9.3       147
  148 2021- 1- 4 16:25     - 54 56  161 32  23.73 0.21  0.0    6 18.0  3.8       148
  149 2021- 1- 4 16:51     - 54 60  161 40  18.67 0.11  0.0    6 11.0  2.8       149
 *** DISTANCE & RESIDUAL WEIGHTING CANCELLED FOR EVENT: 2021  1  4 16 52
  150 2021- 1- 4 16:51     # 55 20  161 57   1.45 0.49  0.0    4 15.9 21.6       150
 *** DISTANCE & RESIDUAL WEIGHTING CANCELLED FOR EVENT: 2021  1  4 17  8
  SEQ ---DATE--- TIME REMARK -LAT-  --LON-  DEPTH  RMS PMAG  NUM  ERH  ERZ  ID
  151 2021- 1- 4 17:07     # 55 17  161 47  12.14 0.75  0.0    4 21.9 15.1       151
 *** DISTANCE & RESIDUAL WEIGHTING CANCELLED FOR EVENT: 2021  1  4 18 28
  152 2021- 1- 4 18:28     - 55  6  161 27  10.40 0.38  0.0    4 28.2 24.1       152
 *** DISTANCE & RESIDUAL WEIGHTING CANCELLED FOR EVENT: 2021  1  4 18 37
  153 2021- 1- 4 18:37     # 55 19  162  1   3.00 1.97  0.0    4 12.8 49.3       153
  154 2021- 1- 4 18:41     - 54 35  161 15  15.70 0.12  0.0   13  6.4 12.8       154
  155 2021- 1- 4 19:00     - 55 22  161 25   9.38 0.13  0.0    5  7.5 11.3       155
  156 2021- 1- 4 18:59     - 55 34  160 22   3.01 0.54  0.0    5 36.8 46.0       156
  157 2021- 1- 4 19:48     - 54 37  161 17   3.11 0.17  0.0   17  6.6 13.9       157
  158 2021- 1- 4 20:44     - 54 56  162 24  19.29 0.01  0.0    5  8.1  7.5       158
  159 2021- 1- 4 20:44       54 59  162 21  12.91 0.01  0.0    6  4.5  5.3       159
  160 2021- 1- 4 21:22       55 11  161 47   8.96 0.01  0.0    4  4.8  4.0       160
  161 2021- 1- 4 21:35     - 54 54  162 42  26.09 0.08  0.0    5 11.3  6.0       161
  162 2021- 1- 4 21:35     - 54 58  162 36  14.37 0.06  0.0    4 10.0  5.5       162
 *** DISTANCE & RESIDUAL WEIGHTING CANCELLED FOR EVENT: 2021  1  4 22 45
  163 2021- 1- 4 22:45     # 55 13  161 47   9.22 0.78  0.0    4 11.9 16.9       163
 *** DISTANCE & RESIDUAL WEIGHTING CANCELLED FOR EVENT: 2021  1  4 22 57
  164 2021- 1- 4 22:57     - 55 54  162  9   3.00 1.06  0.0    4 36.6 80.9       164
  165 2021- 1- 4 23:35     - 55  6  161 22   1.50 0.17  0.0    4 15.1  4.4       165
 *** DISTANCE & RESIDUAL WEIGHTING CANCELLED FOR EVENT: 2021  1  4 23 36
  SEQ ---DATE--- TIME REMARK -LAT-  --LON-  DEPTH  RMS PMAG  NUM  ERH  ERZ  ID
  166 2021- 1- 4 23:36     # 55  5  162 17   3.00 0.79  0.0    4 33.1 11.4       166
  167 2021- 1- 5  0:40     - 54 59  161 31  25.11 0.22  0.0    8 16.7  4.9       167
 *** DISTANCE & RESIDUAL WEIGHTING CANCELLED FOR EVENT: 2021  1  5  0 40
  168 2021- 1- 5  0:40     - 54 59  161 26  41.29 0.28  0.0    4 20.8  8.2       168
  169 2021- 1- 5  1:07     - 55  2  161 23   2.03 0.06  0.0    6 13.2  3.4       169
  170 2021- 1- 5  1:54       54 52  161 51   1.18 0.06  0.0    6  6.9  1.6       170
  171 2021- 1- 5  3:43     - 54 51  161 17  30.51 0.20  0.0    9 16.9  1.7       171
  172 2021- 1- 5  3:43       54 59  161 43  19.51 0.11  0.0    6  7.5  1.6       172
  173 2021- 1- 5  4:32     - 54 32  162 18   3.07 0.16  0.0    8  7.8 16.7       173
  174 2021- 1- 5  4:57     - 55  7  161 15  17.79 0.15  0.0    5 17.3 14.2       174
  175 2021- 1- 5  4:57     - 54 49  161 11  42.29 0.16  0.0    6 17.1  5.7       175
  176 2021- 1- 5  5:15     - 55  8  161 15   9.23 0.07  0.0    4  4.2 13.5       176
  177 2021- 1- 5  5:30     - 55  8  161 31   0.20 0.07  0.0    4  9.4  2.6       177
  178 2021- 1- 5  6:39     - 54 58  161  6   4.00 0.14  0.0    5 16.2 16.7       178
 *** DISTANCE & RESIDUAL WEIGHTING CANCELLED FOR EVENT: 2021  1  5  7 28
  179 2021- 1- 5  7:28     - 54 58  163 32   3.00 0.59  0.0    4 21.2 45.5       179
  180 2021- 1- 5 14:13     - 54 29  161 41   2.19 0.20  0.0   11  8.7 18.2       180
  SEQ ---DATE--- TIME REMARK -LAT-  --LON-  DEPTH  RMS PMAG  NUM  ERH  ERZ  ID
  181 2021- 1- 5 15:50     - 55  4  161 26   2.50 0.06  0.0    4 12.6  4.2       181
 *** DISTANCE & RESIDUAL WEIGHTING CANCELLED FOR EVENT: 2021  1  5 15 50
  182 2021- 1- 5 15:50     - 54 55  161 21   3.01 0.41  0.0    4 31.9 35.4       182
  183 2021- 1- 5 19:35     - 54 32  162 29   3.45 0.21  0.0   16  8.9 19.1       183
  184 2021- 1- 5 21:53     - 54 35  161 27   2.97 0.06  0.0    5  5.0 11.9       184
  185 2021- 1- 5 22:19     - 55 12  161 12   3.00 0.17  0.0    5 14.3 18.7       185
  186 2021- 1- 5 22:20     - 55 19  161  5  17.95 0.17  0.0    4 17.0 12.8       186
  187 2021- 1- 5 23:35     - 54 59  163  6   2.77 0.32  0.0    7  9.8 22.8       187
  188 2021- 1- 5 23:35     # 55  4  161 31   0.27 0.13  0.0    7  9.4  2.2       188
  189 2021- 1- 6  3:06     - 54 56  161 24  37.54 0.17  0.0    6 16.9  6.1       189
  190 2021- 1- 6  3:06     - 55  9  161 50  20.83 0.03  0.0    4  7.9  7.8       190
  191 2021- 1- 6  5:55     - 55 10  160 38   2.96 0.16  0.0    4  8.4 16.7       191
  192 2021- 1- 6  7:44     - 55 18  161 32   3.30 0.01  0.0    4  3.8  9.4       192
 *** DISTANCE & RESIDUAL WEIGHTING CANCELLED FOR EVENT: 2021  1  6 13 38
  193 2021- 1- 6 13:38     - 55 12  161 50   1.48 0.22  0.0    4  4.0 18.1       193
  194 2021- 1- 6 14:44     - 55  9  161 12   3.06 0.19  0.0    4 15.3 20.0       194
 *** DISTANCE & RESIDUAL WEIGHTING CANCELLED FOR EVENT: 2021  1  7  2 42
  195 2021- 1- 7  2:42     - 55 14  162 11   2.85 1.37  0.0    4 21.1 84.2       195
  SEQ ---DATE--- TIME REMARK -LAT-  --LON-  DEPTH  RMS PMAG  NUM  ERH  ERZ  ID
  196 2021- 1- 7  2:55     - 55  4  161 18  14.89 0.21  0.0    7 15.0  9.8       196
  197 2021- 1- 7  2:55     - 54 53  161  2  18.30 0.04  0.0    4  8.2  9.7       197
  198 2021- 1- 7  2:56     - 54 50  161 11  29.77 0.19  0.0    9 17.6  2.1       198
 *** DISTANCE & RESIDUAL WEIGHTING CANCELLED FOR EVENT: 2021  1  7  2 57
  199 2021- 1- 7  2:57     - 55  8  160 43   3.05 0.52  0.0    6 40.3 43.2       199
  200 2021- 1- 7  6:23     - 54 41  161 11  27.73 0.17  0.0   11 15.1  2.9       200
  201 2021- 1- 7  6:23     - 54 29  160 60  34.57 0.39  0.0   10 26.2 34.2       201
 *** DISTANCE & RESIDUAL WEIGHTING CANCELLED FOR EVENT: 2021  1  7  7  6
  202 2021- 1- 7  7:06     - 55 26  161 24   3.00 1.14  0.0    4 18.2 92.4       202
  203 2021- 1- 7  8:46     - 54 56  161 21  20.73 0.17  0.0    5 17.5 13.0       203
  204 2021- 1- 7  8:46     - 55  6  161 24   3.41 0.45  0.0    6 10.4 37.6       204
  205 2021- 1- 7 11:45     - 55 16  161 11   6.54 0.16  0.0    6  4.1 18.0       205
  206 2021- 1- 7 11:46     - 55 15  161 55   1.45 0.03  0.0    4  1.2 12.6       206
 *** DISTANCE & RESIDUAL WEIGHTING CANCELLED FOR EVENT: 2021  1  7 13 28
  207 2021- 1- 7 13:28     - 55 14  161 55   3.00 0.38  0.0    4  5.5 29.9       207
  208 2021- 1- 7 13:28     - 55 20  161 45   1.64 0.01  0.0    4  9.2  3.8       208
  209 2021- 1- 7 15:51     - 54 49  160 58  27.03 0.19  0.0   11 15.8  3.4       209
  210 2021- 1- 7 15:51     - 54 45  160 26  18.72 0.20  0.0    8 18.6  5.5       210
  SEQ ---DATE--- TIME REMARK -LAT-  --LON-  DEPTH  RMS PMAG  NUM  ERH  ERZ  ID
  211 2021- 1- 7 18:20     - 54 60  161 21  10.79 0.07  0.0    7 11.8 10.5       211
 *** DISTANCE & RESIDUAL WEIGHTING CANCELLED FOR EVENT: 2021  1  7 18 21
  212 2021- 1- 7 18:20     - 55  3  161 37   6.85 0.45  0.0    5 14.2 33.4       212
  213 2021- 1- 7 18:27     - 55 23  161 44   0.16 0.16  0.0    4  7.1 17.5       213
 *** DISTANCE & RESIDUAL WEIGHTING CANCELLED FOR EVENT: 2021  1  7 18 28
  214 2021- 1- 7 18:28     # 55 21  161 40   5.91 0.53  0.0    5 11.9  2.1       214
  215 2021- 1- 7 19:18     - 55  4  161 24   2.24 0.13  0.0    4 15.3  5.2       215
  216 2021- 1- 7 19:18     - 54 55  161 40  27.77 0.22  0.0    4 17.7  9.9       216
  217 2021- 1- 7 19:34     - 54 47  161  4  22.75 0.14  0.0    7 15.6 12.5       217
  218 2021- 1- 7 19:35       55 22  161 41   6.03 0.02  0.0    5  4.8  1.0       218
  219 2021- 1- 7 19:36     - 55 21  161 21   5.29 0.07  0.0    4  6.0 12.2       219
  220 2021- 1- 7 20:41     - 55  3  161 19  30.45 0.23  0.0    7 17.2  8.8       220
  221 2021- 1- 7 20:42     - 55  0  161  9  48.01 0.14  0.0    7 11.3  4.2       221
  222 2021- 1- 7 22:11       55  4  161 38  13.33 0.10  0.0    6  4.7  4.4       222
  223 2021- 1- 7 23:38     - 54 38  161 17   3.15 0.18  0.0   17  6.7 14.0       223
  224 2021- 1- 8  0:22     - 54 54  161  5  36.99 0.22  0.0    9 16.2  5.4       224
  225 2021- 1- 8  0:22     - 55  6  161 31  28.88 0.19  0.0    6 15.5  7.9       225
 *** DISTANCE & RESIDUAL WEIGHTING CANCELLED FOR EVENT: 2021  1  8  0 41
  SEQ ---DATE--- TIME REMARK -LAT-  --LON-  DEPTH  RMS PMAG  NUM  ERH  ERZ  ID
  226 2021- 1- 8  0:40     - 54 54  161 48   3.00 0.73  0.0    4 53.5 14.4       226
  227 2021- 1- 8  0:53     - 55  1  161 12  31.27 0.11  0.0    8 11.1  1.4       227
  228 2021- 1- 8  0:53     # 54 46  160 38  19.31 0.15  0.0    9 10.5  3.6       228
  229 2021- 1- 8  1:59     - 54 57  161  5  29.56 0.20  0.0   10 15.9  5.6       229
  230 2021- 1- 8  1:59     - 54 41  160 26  20.47 0.29  0.0   10 21.8  6.3       230
  231 2021- 1- 8  2:32     - 54 58  161  9  31.48 0.18  0.0    7 16.9  1.4       231
  232 2021- 1- 8  2:32     - 54 50  160 57  33.04 0.15  0.0    5 11.5 17.5       232
 *** DISTANCE & RESIDUAL WEIGHTING CANCELLED FOR EVENT: 2021  1  8  4 43
  233 2021- 1- 8  4:43     - 55 23  162  8   3.00 1.11  0.0    4 23.4 90.0       233
 *** DISTANCE & RESIDUAL WEIGHTING CANCELLED FOR EVENT: 2021  1  8  5 12
  234 2021- 1- 8  5:12     # 55  3  162  4   3.03 0.74  0.0    4  3.2 23.5       234
  235 2021- 1- 8  5:44     - 55 23  161 42   6.13 0.03  0.0    4 10.7  2.8       235
  236 2021- 1- 8  5:44     - 55 17  161 20  16.09 0.04  0.0    4 11.7  3.9       236
  237 2021- 1- 8  8:35     - 55  7  161 33   6.04 0.11  0.0    4 11.3  8.9       237
  238 2021- 1- 8 10:31     - 55 10  161 38  25.92 0.05  0.0    5  8.4  6.1       238
  239 2021- 1- 8 10:31     - 55  7  161 33  28.24 0.18  0.0    6 12.1  6.8       239
  240 2021- 1- 8 10:39     - 55  5  161 22   1.68 0.18  0.0    4 15.1  3.9       240
 *** DISTANCE & RESIDUAL WEIGHTING CANCELLED FOR EVENT: 2021  1  8 10 39
  SEQ ---DATE--- TIME REMARK -LAT-  --LON-  DEPTH  RMS PMAG  NUM  ERH  ERZ  ID
  241 2021- 1- 8 10:39     - 55  9  161 58   2.68 0.24  0.0    5  5.2 18.7       241
  242 2021- 1- 8 12:44     - 55 11  161  8   3.00 0.09  0.0    4 13.3 13.6       242
  243 2021- 1- 8 12:53     - 54 60  161 32  19.11 0.18  0.0    5 15.6  6.6       243
 *** DISTANCE & RESIDUAL WEIGHTING CANCELLED FOR EVENT: 2021  1  8 12 53
  244 2021- 1- 8 12:53     - 54 58  161 53  19.29 0.35  0.0    5 30.8  5.5       244
  245 2021- 1- 8 13:32     - 55 11  161 15   4.02 0.23  0.0    6 17.8 22.8       245
  246 2021- 1- 8 13:33     - 55 15  161 20  34.44 0.14  0.0    5 15.5  2.4       246
  247 2021- 1- 8 13:37       55 12  161 31   3.95 0.03  0.0    5  4.1  1.1       247
  248 2021- 1- 8 13:48     - 55 12  161 55   2.81 0.12  0.0    5  2.9 13.2       248
  249 2021- 1- 8 16:25     - 54 35  163  4   3.13 0.21  0.0    5  9.1 19.7       249
  250 2021- 1- 8 16:51     - 55 11  161 15   4.93 0.07  0.0    4 13.1 13.5       250
 *** DISTANCE & RESIDUAL WEIGHTING CANCELLED FOR EVENT: 2021  1  8 16 51
  251 2021- 1- 8 16:51     - 55  5  161 21   3.00 0.63  0.0    4 52.2  9.5       251
  252 2021- 1- 8 17:02     - 55 18  161  5   3.60 0.29  0.0    7 12.6 19.8       252
  253 2021- 1- 8 17:02     - 55  2  163  3   3.05 0.49  0.0    4 17.2 37.7       253
 *** DISTANCE & RESIDUAL WEIGHTING CANCELLED FOR EVENT: 2021  1  8 17 14
  254 2021- 1- 8 17:13     - 56 24  161 40   2.14 0.51  0.0    4 31.3 39.9       254
  255 2021- 1- 8 18:29     - 54 41  161 11  35.64 0.22  0.0    9  7.8 18.5       255
  SEQ ---DATE--- TIME REMARK -LAT-  --LON-  DEPTH  RMS PMAG  NUM  ERH  ERZ  ID
  256 2021- 1- 8 18:30     - 54 56  161 41  19.98 0.42  0.0    6 28.8  4.9       256
  257 2021- 1- 8 18:58       55 22  161 50  17.11 0.00  0.0    4  1.5  2.0       257
  258 2021- 1- 8 21:12     - 54 57  162 13   0.70 0.04  0.0    4  1.9 12.9       258
 *** DISTANCE & RESIDUAL WEIGHTING CANCELLED FOR EVENT: 2021  1  8 21 13
  259 2021- 1- 8 21:13     # 54 54  162 15   5.84 0.17  0.0    5  2.5  2.1       259
  260 2021- 1- 8 21:38       55 19  161 55  17.35 0.00  0.0    4  3.8  1.7       260
  261 2021- 1- 8 22:26     - 54 58  161 33  21.45 0.13  0.0    8 12.8  4.3       261
  262 2021- 1- 8 22:27     - 55  5  161 46   1.09 0.08  0.0    4  6.8 11.5       262
  263 2021- 1- 8 23:56     - 55 35  162  5  21.32 0.10  0.0    4 14.7  3.6       263
  264 2021- 1- 9  0:32     - 55  6  161 12   3.00 0.18  0.0    4 17.5 19.5       264
  265 2021- 1- 9  0:32     - 55  5  161 16   0.77 0.17  0.0    5 13.5  4.0       265
  266 2021- 1- 9  0:38     - 55 12  163 12   1.53 0.87  0.0   10 25.3 52.4       266
  267 2021- 1- 9  2:39     - 55  0  161 42  21.57 0.05  0.0    6 10.9  3.7       267
  268 2021- 1- 9  2:39       55  6  161 53  13.60 0.07  0.0    5  4.5  3.6       268
  269 2021- 1- 9  3:50     - 55  4  161 23   1.24 0.11  0.0    4 13.1  3.5       269
 *** DISTANCE & RESIDUAL WEIGHTING CANCELLED FOR EVENT: 2021  1  9  4 46
  270 2021- 1- 9  4:46     # 55 35  161 59   3.00 0.94  0.0    5 40.6 21.6       270
  SEQ ---DATE--- TIME REMARK -LAT-  --LON-  DEPTH  RMS PMAG  NUM  ERH  ERZ  ID
  271 2021- 1- 9  4:45     - 55  9  160 17   3.09 0.13  0.0    4 13.9 14.6       271
 *** DISTANCE & RESIDUAL WEIGHTING CANCELLED FOR EVENT: 2021  1  9  5  5
  272 2021- 1- 9  5:05     - 55 10  163 20   3.00 0.77  0.0    6 28.2 57.7       272
  273 2021- 1- 9  5:23       55  4  162 23   1.70 0.00  0.0    5  1.3  6.0       273
  274 2021- 1- 9  6:59     - 55 18  161 12   3.00 0.20  0.0    5 17.5 20.4       274
 *** DISTANCE & RESIDUAL WEIGHTING CANCELLED FOR EVENT: 2021  1  9  6 59
  275 2021- 1- 9  6:59     # 55 23  161 56  20.05 0.88  0.0    6 11.6  7.3       275
  276 2021- 1- 9  7:16     - 54 42  161 39   3.03 0.12  0.0    8 11.4 16.2       276
  277 2021- 1- 9  7:16     # 54 46  161 40   0.01 0.08  0.0    5  8.1  1.0       277
  278 2021- 1- 9  7:28     - 55 30  161 47   2.59 0.19  0.0    5  4.7 19.8       278
  279 2021- 1- 9  7:32     - 55 28  161 48   2.76 0.17  0.0    6  5.3 18.1       279
  280 2021- 1- 9  7:47     - 55 28  161 51   2.83 0.20  0.0    6  5.8 19.8       280
  281 2021- 1- 9  7:49     - 54 58  162 48   5.18 0.12  0.0    5  6.2 14.1       281
  282 2021- 1- 9  7:49     - 55  8  161 43   0.38 0.44  0.0    7 10.8 30.3       282
  283 2021- 1- 9  7:49     - 55 11  161 37   0.56 0.14  0.0    4  2.2 16.9       283
  284 2021- 1- 9  7:54     # 54 44  161 37   0.04 0.09  0.0    9  9.1  2.5       284
 *** DISTANCE & RESIDUAL WEIGHTING CANCELLED FOR EVENT: 2021  1  9  7 54
  285 2021- 1- 9  7:54     # 54 53  161 48   3.00 1.01  0.0    5 19.0 11.0       285
  SEQ ---DATE--- TIME REMARK -LAT-  --LON-  DEPTH  RMS PMAG  NUM  ERH  ERZ  ID
  286 2021- 1- 9  7:54     - 54 53  161  0   3.01 0.17  0.0    5 16.5 17.5       286
  287 2021- 1- 9  7:56     - 54 26  161 17   0.22 0.24  0.0   10 16.2 13.2       287
 *** DISTANCE & RESIDUAL WEIGHTING CANCELLED FOR EVENT: 2021  1  9  8 33
  288 2021- 1- 9  8:33     # 55 12  162 23   3.00 0.49  0.0    4 10.4  6.8       288
  289 2021- 1- 9  9:08     - 54 39  161 35   3.04 0.16  0.0    9 13.1 18.2       289
  290 2021- 1- 9  9:08       54 37  161 25   7.08 0.09  0.0    6  6.9  1.4       290
  291 2021- 1- 9  9:15     - 55 27  161 49   2.22 0.18  0.0    5  6.1 18.3       291
  292 2021- 1- 9  9:33     - 54 33  161 28   3.00 0.19  0.0    8 16.0 19.9       292
  293 2021- 1- 9  9:33     - 54 43  161 27   3.01 0.42  0.0    5 29.3 36.8       293
  294 2021- 1- 9 10:26     # 54 51  161 52  61.85 0.45  0.0    7 15.1  6.2       294
  295 2021- 1- 9 10:54     - 55 25  161 52   2.08 0.08  0.0    5  5.2 13.2       295
 *** DISTANCE & RESIDUAL WEIGHTING CANCELLED FOR EVENT: 2021  1  9 11 53
  296 2021- 1- 9 11:53     - 55  8  161 22   2.26 0.11  0.0    4 12.7  3.5       296
 *** DISTANCE & RESIDUAL WEIGHTING CANCELLED FOR EVENT: 2021  1  9 11 53
  297 2021- 1- 9 11:53     - 55  2  161 19   3.00 0.33  0.0    4 29.1  6.5       297
  298 2021- 1- 9 12:12     - 54 55  161 15  32.62 0.21  0.0    9 18.3  1.6       298
  299 2021- 1- 9 12:12     - 54 48  160 59  25.52 0.20  0.0    8 17.5 10.3       299
  300 2021- 1- 9 13:41     - 55 48  160 51  76.25 0.23  0.0   10 17.8 11.3       300
  SEQ ---DATE--- TIME REMARK -LAT-  --LON-  DEPTH  RMS PMAG  NUM  ERH  ERZ  ID
  301 2021- 1- 9 13:44     - 54 34  161 17  21.93 0.13  0.0   13  1.5 12.3       301
  302 2021- 1-10  1:59     - 54 58  162 32  24.44 0.03  0.0    5  9.4  7.6       302
 *** DISTANCE & RESIDUAL WEIGHTING CANCELLED FOR EVENT: 2021  1 10  1 59
  303 2021- 1-10  1:59     - 54 52  163 10  31.81 0.01  0.0    4  8.9  0.8       303
  304 2021- 1-10  2:20     - 54 57  161 26  24.33 0.23  0.0    4 20.0 13.7       304
 *** DISTANCE & RESIDUAL WEIGHTING CANCELLED FOR EVENT: 2021  1 10  5 58
  305 2021- 1-10  5:58     # 55 36  162 30   3.00 1.57  0.0    5 13.7 18.1       305
 *** DISTANCE & RESIDUAL WEIGHTING CANCELLED FOR EVENT: 2021  1 10  6 17
  306 2021- 1-10  6:17     - 55  9  161 60   3.00 1.93  0.0    5 91.7 37.4       306
 *** DISTANCE & RESIDUAL WEIGHTING CANCELLED FOR EVENT: 2021  1 10  6 17
  307 2021- 1-10  6:17     - 54 56  163 19   3.00 1.97  0.0    5 96.2 96.2       307
  308 2021- 1-10 10:15     - 54 41  161  9  28.60 0.19  0.0   10 16.3  2.8       308
  309 2021- 1-10 10:15     - 54 34  161  2  26.72 0.24  0.0    8 18.9  3.8       309
  310 2021- 1-10 12:29     - 55  3  161 22   1.31 0.08  0.0    6 11.6  3.6       310
  311 2021- 1-10 13:18     - 55 14  162 48   0.91 0.19  0.0    4  8.3 18.4       311
  312 2021- 1-10 14:32     - 54 51  161  3  28.18 0.19  0.0   11 15.0  2.9       312
 *** DISTANCE & RESIDUAL WEIGHTING CANCELLED FOR EVENT: 2021  1 10 14 32
  313 2021- 1-10 14:32     - 55 13  161 55   8.55 0.19  0.0    4  8.0 17.3       313
  314 2021- 1-10 14:32     - 55 22  161 41   8.14 0.05  0.0    4  8.8  5.3       314
 *** DISTANCE & RESIDUAL WEIGHTING CANCELLED FOR EVENT: 2021  1 10 15 38
  315 2021- 1-10 15:38     - 55 12  162 10   3.15 0.28  0.0    4  7.2 25.7       315
  SEQ ---DATE--- TIME REMARK -LAT-  --LON-  DEPTH  RMS PMAG  NUM  ERH  ERZ  ID
  316 2021- 1-10 20:34     - 55  6  163 20   1.84 1.06  0.0   13 32.2 68.9       316
 *** DISTANCE & RESIDUAL WEIGHTING CANCELLED FOR EVENT: 2021  1 10 21  2
  317 2021- 1-10 21:02     - 54 56  162 52   2.99 0.48  0.0    5 31.4 18.7       317
  318 2021- 1-10 21:02     - 54 25  161 31   3.83 0.23  0.0    9  9.0 20.1       318
  319 2021- 1-10 22:31     - 54 13  162 27  14.25 0.16  0.0   10  8.2 16.5       319
  320 2021- 1-11  1:19     - 55  9  161 36   2.08 0.06  0.0    4 10.7  1.8       320
  321 2021- 1-11  1:32     - 55 22  161 57   2.34 0.11  0.0    4  5.7 14.3       321
 *** DISTANCE & RESIDUAL WEIGHTING CANCELLED FOR EVENT: 2021  1 11  2 24
  322 2021- 1-11  2:24     - 54 54  161 26   2.90 0.46  0.0    4 38.0  6.1       322
  323 2021- 1-11  3:58     - 55 19  161  4  13.03 0.23  0.0    4 21.6 19.6       323
  324 2021- 1-11  3:58     - 55 23  161 45   0.32 0.02  0.0    4  1.9 10.7       324
  325 2021- 1-11  7:19       54 57  162 15   2.92 0.02  0.0    6  1.0  2.1       325
 *** DISTANCE & RESIDUAL WEIGHTING CANCELLED FOR EVENT: 2021  1 11  7 19
  326 2021- 1-11  7:19     - 54 51  163  3   3.00 0.46  0.0    5 35.3 39.3       326
  327 2021- 1-11  7:44     - 54 54  162 17   0.02 0.17  0.0    5 18.6  2.2       327
  328 2021- 1-11  8:00       54 59  162 14   0.47 0.07  0.0    7  1.0  9.4       328
  329 2021- 1-11  9:23     - 54 56  162 14   0.07 0.05  0.0    6  1.5 10.2       329
  330 2021- 1-11  9:24     - 54 58  162 16   4.71 0.01  0.0    4  8.6  8.5       330
 *** DISTANCE & RESIDUAL WEIGHTING CANCELLED FOR EVENT: 2021  1 11  9 24
  SEQ ---DATE--- TIME REMARK -LAT-  --LON-  DEPTH  RMS PMAG  NUM  ERH  ERZ  ID
  331 2021- 1-11  9:24     - 55 24  162 11   3.00 0.31  0.0    4  4.9 20.3       331
  332 2021- 1-11 10:45       54 55  162 14   2.89 0.04  0.0    6  1.4  2.8       332
  333 2021- 1-11 10:45     - 54 59  162 18   0.01 6.77  0.0    5 42.9 98.1       333
 *** DISTANCE & RESIDUAL WEIGHTING CANCELLED FOR EVENT: 2021  1 11 10 49
  334 2021- 1-11 10:49     - 55 21  161 41   6.36 0.04  0.0    4 10.2  1.1       334
  335 2021- 1-11 11:07     - 54 58  161 28  29.59 0.20  0.0    8 15.7  5.3       335
  336 2021- 1-11 11:07     - 54 47  161 16  16.52 0.09  0.0    8  8.2 14.6       336
  337 2021- 1-11 11:14     - 54 54  161  0  24.97 0.10  0.0    5 14.6 12.2       337
  338 2021- 1-11 12:15     - 55 20  161 46   3.29 0.06  0.0    4  8.9  5.5       338
  339 2021- 1-11 13:10     - 55 23  161 43   0.28 0.08  0.0    4  9.3 12.7       339
 *** DISTANCE & RESIDUAL WEIGHTING CANCELLED FOR EVENT: 2021  1 11 13 51
  340 2021- 1-11 13:50     - 55 17  161  3  19.24 0.43  0.0    4 23.8 25.0       340
  341 2021- 1-11 15:39     - 55 12  161 16   0.09 0.13  0.0    6 11.2  3.6       341
  342 2021- 1-11 15:40     - 55 10  161 26  31.30 0.14  0.0    4 12.7  5.4       342
  343 2021- 1-11 16:27     - 55 20  160 38   4.27 0.27  0.0    7 10.5 23.3       343
  344 2021- 1-11 21:17     - 55 14  160 55  32.99 0.16  0.0   10 14.9 18.4       344
 *** DISTANCE & RESIDUAL WEIGHTING CANCELLED FOR EVENT: 2021  1 11 21 18
  345 2021- 1-11 21:18     # 55 18  161 54   3.00 1.13  0.0    4  5.2 10.4       345
 *** DISTANCE & RESIDUAL WEIGHTING CANCELLED FOR EVENT: 2021  1 12  2 46
  SEQ ---DATE--- TIME REMARK -LAT-  --LON-  DEPTH  RMS PMAG  NUM  ERH  ERZ  ID
  346 2021- 1-12  2:46     # 55 20  161 48  13.37 0.67  0.0    4  8.6 13.6       346
  347 2021- 1-12  3:22     # 55  5  161 32   0.02 0.10  0.0    5  9.7  3.0       347
  348 2021- 1-12  3:27     - 55 10  161 52   0.05 1.59  0.0    4 98.7 94.6       348
  349 2021- 1-12  6:14     # 55  4  161 23   0.33 0.14  0.0    6  4.3  1.9       349
  350 2021- 1-12  7:15     - 55  2  160 37  32.99 0.21  0.0   10 16.8 21.4       350
 *** DISTANCE & RESIDUAL WEIGHTING CANCELLED FOR EVENT: 2021  1 12  7 15
  351 2021- 1-12  7:15     - 55 10  160 31   3.07 0.77  0.0    4 50.8 64.9       351
  352 2021- 1-12  7:14     - 54 54  159 52   3.00 0.34  0.0    6 26.0 27.5       352
 *** DISTANCE & RESIDUAL WEIGHTING CANCELLED FOR EVENT: 2021  1 12  7 25
  353 2021- 1-12  7:25     - 55 22  161 49   0.24 0.27  0.0    4  2.6 20.5       353
 *** DISTANCE & RESIDUAL WEIGHTING CANCELLED FOR EVENT: 2021  1 12 10 56
  354 2021- 1-12 10:56     - 54 55  160 36  11.27 0.18  0.0    4  6.7 19.6       354
  355 2021- 1-12 11:37     - 54 53  161 51   5.42 0.11  0.0    7  5.0 15.3       355
  356 2021- 1-12 11:37     # 54 49  161 44   0.02 0.17  0.0    6  6.9  2.4       356
  357 2021- 1-12 11:58     - 55 12  161 29   7.35 0.05  0.0    4  3.2 12.7       357
  358 2021- 1-12 12:44     - 54 37  161 17   3.14 0.21  0.0   18  7.4 15.7       358
  359 2021- 1-12 14:13     - 54 56  161 24  27.29 0.22  0.0    9 16.2  7.1       359
 *** DISTANCE & RESIDUAL WEIGHTING CANCELLED FOR EVENT: 2021  1 12 14 14
  360 2021- 1-12 14:13     - 55 29  160 52   3.00 0.41  0.0    4 14.3 32.9       360
  SEQ ---DATE--- TIME REMARK -LAT-  --LON-  DEPTH  RMS PMAG  NUM  ERH  ERZ  ID
  361 2021- 1-12 15:20     - 54 58  162 14   0.37 0.03  0.0    5  1.0 12.1       361
 *** DISTANCE & RESIDUAL WEIGHTING CANCELLED FOR EVENT: 2021  1 12 15 21
  362 2021- 1-12 15:20     - 55 37  163 21   2.94 0.37  0.0    4 12.6 31.0       362
  363 2021- 1-12 15:48     - 54 55  161 21  24.80 0.24  0.0    9 18.9  9.4       363
  364 2021- 1-12 15:48     - 54 34  160 49  45.74 0.43  0.0    6 27.7 14.8       364
  365 2021- 1-12 17:55     - 55  6  161 59   0.72 0.09  0.0    6  1.9 14.5       365
  366 2021- 1-12 17:55     # 54 44  161 36   0.02 0.47  0.0    6 24.7  3.6       366
  367 2021- 1-12 18:00     - 54 55  161 51   7.17 0.17  0.0    6  6.0 17.1       367
  368 2021- 1-12 18:00     - 54 31  161 17   3.01 0.15  0.0    5 12.8 17.8       368
  369 2021- 1-12 19:06     - 54 44  161 36   6.37 0.16  0.0    6 14.6 18.1       369
  370 2021- 1-12 19:06     - 54 35  161 31  34.96 0.59  0.0    6 46.2 47.5       370
  371 2021- 1-12 20:52     - 54 56  161 27  28.03 0.23  0.0    8 17.6  7.4       371
  372 2021- 1-12 20:52       55  9  161 57   6.11 0.07  0.0    6  2.0  1.6       372
  373 2021- 1-12 21:02     - 54 44  161 42   3.00 0.13  0.0    9 10.1 16.4       373
 *** DISTANCE & RESIDUAL WEIGHTING CANCELLED FOR EVENT: 2021  1 12 21  2
  374 2021- 1-12 21:02     - 54 53  161 54   2.93 0.76  0.0    5 37.2 33.9       374
  375 2021- 1-12 21:24     - 54 56  162 13   1.83 0.08  0.0    6 10.5  8.5       375
  SEQ ---DATE--- TIME REMARK -LAT-  --LON-  DEPTH  RMS PMAG  NUM  ERH  ERZ  ID
  376 2021- 1-12 21:24     # 54 48  162 15   3.46 0.15  0.0    5  9.5  2.9       376
  377 2021- 1-12 21:30     - 55  6  161 24   2.52 0.13  0.0    5 12.4  3.6       377
  378 2021- 1-12 21:30     - 55  2  161 16  16.35 0.06  0.0    4 11.6  1.2       378
  379 2021- 1-12 21:37     - 55 18  161 43   6.03 0.05  0.0    4 12.0  0.9       379
  380 2021- 1-12 21:37       55 15  161 40  16.36 0.01  0.0    4  3.2  2.4       380
  381 2021- 1-13  0:01     - 54 40  161 31   3.36 0.35  0.0   18 10.2 21.3       381
 *** DISTANCE & RESIDUAL WEIGHTING CANCELLED FOR EVENT: 2021  1 13  5 51
  382 2021- 1-13  5:51     - 55 17  162 24   3.00 1.88  0.0    5 87.5 46.2       382
  383 2021- 1-13  8:00       55 20  161 45   3.55 0.00  0.0    4  5.0  2.5       383
  384 2021- 1-13 11:30     - 55 12  161 16   0.19 0.18  0.0    6 13.4  4.5       384
  385 2021- 1-13 11:30     - 55 13  160  1   0.38 0.17  0.0    6 15.4  8.3       385
  386 2021- 1-13 12:29     - 55 47  161 46   2.84 0.06  0.0    4  5.7 12.3       386
  387 2021- 1-13 12:33     - 55  9  161  8  11.78 0.24  0.0    8 15.2 15.4       387
  388 2021- 1-13 12:33     - 55  6  160 33  38.48 0.36  0.0    9 22.1 17.3       388
  389 2021- 1-13 12:35       54 57  161 29  21.63 0.19  0.0    8  4.0  5.8       389
 *** DISTANCE & RESIDUAL WEIGHTING CANCELLED FOR EVENT: 2021  1 13 12 36
  390 2021- 1-13 12:36     - 55 12  162 13   3.45 0.73  0.0    5  5.7 50.9       390
  SEQ ---DATE--- TIME REMARK -LAT-  --LON-  DEPTH  RMS PMAG  NUM  ERH  ERZ  ID
  391 2021- 1-13 12:57     - 54 57  161 27   3.00 0.16  0.0    5 15.7 18.4       391
  392 2021- 1-13 12:58     - 54 47  161 14   3.03 0.08  0.0    4 11.7 13.9       392
 *** DISTANCE & RESIDUAL WEIGHTING CANCELLED FOR EVENT: 2021  1 13 14 42
  393 2021- 1-13 14:42     # 55 25  161 25   3.02 0.72  0.0    5 13.3  7.5       393
  394 2021- 1-13 14:45     - 55 18  160 50  25.33 0.24  0.0    5 17.6 19.5       394
  395 2021- 1-13 14:57     - 55  4  162  3   0.17 0.10  0.0   10  0.8 11.6       395
  396 2021- 1-13 15:22     - 54 52  161 16  20.85 0.18  0.0    9 15.3 11.7       396
  397 2021- 1-13 15:22     # 54 59  161 30   0.01 0.44  0.0    6 13.5  4.7       397
  398 2021- 1-13 15:42     - 55  6  161 34   5.04 0.13  0.0    6 15.6  3.4       398
 *** DISTANCE & RESIDUAL WEIGHTING CANCELLED FOR EVENT: 2021  1 13 15 54
  399 2021- 1-13 15:53     - 55 17  161 41   8.92 0.10  0.0    4 11.6  6.1       399
  400 2021- 1-13 16:13     - 54 50  161 10  33.90 0.22  0.0   10 14.2 13.2       400
  401 2021- 1-13 16:13     - 54 30  160 54  17.05 0.49  0.0    8 34.2 43.0       401
  402 2021- 1-13 16:23     - 54 58  163 18   2.94 1.00  0.0    8 34.7 75.5       402
 *** DISTANCE & RESIDUAL WEIGHTING CANCELLED FOR EVENT: 2021  1 13 16 40
  403 2021- 1-13 16:40     # 55 12  161 24  25.62 0.35  0.0    4 12.2 17.0       403
  404 2021- 1-13 19:42     - 54 34  161 51  30.16 0.07  0.0    4 12.9  6.6       404
  405 2021- 1-13 20:28     - 55 11  161 15   3.01 0.22  0.0    6 15.7 22.1       405
  SEQ ---DATE--- TIME REMARK -LAT-  --LON-  DEPTH  RMS PMAG  NUM  ERH  ERZ  ID
  406 2021- 1-13 20:28     - 55  1  160 24   3.01 0.26  0.0    6 22.4 23.9       406
 *** DISTANCE & RESIDUAL WEIGHTING CANCELLED FOR EVENT: 2021  1 13 20 42
  407 2021- 1-13 20:42     # 54 50  161 47  97.59 0.10  0.0    5  7.5  4.0       407
  408 2021- 1-13 20:47     - 55  3  161  7   3.01 0.13  0.0    5 15.0 16.4       408
  409 2021- 1-13 20:56     - 55  3  162  3   0.74 0.07  0.0    6  0.8 10.2       409
  410 2021- 1-13 21:12     - 55  9  161  8  11.53 0.24  0.0    8 17.9 20.6       410
  411 2021- 1-13 21:12     - 55  3  160 35  40.30 0.30  0.0    8 20.9 12.1       411
  412 2021- 1-13 21:31     # 55 11  161 10   0.09 0.19  0.0    8 13.1  3.6       412
  413 2021- 1-13 21:31     - 55  0  159 59   3.49 0.21  0.0    7 15.4 10.1       413
  414 2021- 1-13 21:35     - 55  3  161 20   1.54 0.08  0.0    6 13.8  3.8       414
  415 2021- 1-13 21:35     - 54 52  161 24  17.47 0.15  0.0    4  9.8 14.0       415
  416 2021- 1-13 21:42     - 55  4  160 47  34.34 0.14  0.0    9 12.6 15.1       416
  417 2021- 1-13 21:42     - 54 56  160 26   3.04 0.25  0.0    5 21.9 23.7       417
  418 2021- 1-13 21:46     - 55  6  161 37   0.09 0.22  0.0    4 15.3 21.9       418
 *** DISTANCE & RESIDUAL WEIGHTING CANCELLED FOR EVENT: 2021  1 13 21 46
  419 2021- 1-13 21:46     - 54 51  161 42   3.00 0.45  0.0    4 37.2  6.7       419
 *** DISTANCE & RESIDUAL WEIGHTING CANCELLED FOR EVENT: 2021  1 13 22 12
  420 2021- 1-13 22:12     - 54 51  161 57   9.70 0.40  0.0    4 23.0 33.0       420
  SEQ ---DATE--- TIME REMARK -LAT-  --LON-  DEPTH  RMS PMAG  NUM  ERH  ERZ  ID
  421 2021- 1-13 22:24     - 55  3  162  3   0.76 0.07  0.0    7  0.9 10.2       421
  422 2021- 1-13 22:45       55  4  162  3   4.39 0.11  0.0   11  0.9  1.0       422
  423 2021- 1-13 22:46     - 55  4  162  3   0.76 0.05  0.0    6  1.0 10.0       423
  424 2021- 1-13 22:54     - 55  4  162  3   0.05 0.07  0.0    7  0.9 13.0       424
  425 2021- 1-13 23:19       55  5  162  3   4.52 0.13  0.0   14  0.6  0.7       425
  426 2021- 1-13 23:37       55  6  162  3   3.36 0.08  0.0   12  0.5  2.0       426
 *** DISTANCE & RESIDUAL WEIGHTING CANCELLED FOR EVENT: 2021  1 13 23 38
  427 2021- 1-13 23:38     - 55  9  162 48   3.00 1.25  0.0    4 71.5 98.9       427
  428 2021- 1-13 23:45     - 55 58  161  9   1.84 0.01  0.0    6  5.4 11.3       428
  429 2021- 1-13 23:49       55  6  162  3   4.13 0.11  0.0   15  0.5  0.9       429
  430 2021- 1-13 23:52       55  6  162  3   1.98 0.11  0.0   15  0.5  3.1       430
  431 2021- 1-14  0:04     - 55  4  162  3   0.38 0.09  0.0    6  1.2 11.3       431
  432 2021- 1-14  0:05     - 55  0  161 32  21.69 0.10  0.0    7 11.8  3.6       432
  433 2021- 1-14  0:06     - 54 48  161 43   7.52 0.12  0.0    4 13.8 13.5       433
  434 2021- 1-14  0:38     - 55 47  160 56   2.67 0.34  0.0    8 12.3 27.5       434
  435 2021- 1-14  0:58     - 55  4  162  3   0.01 0.08  0.0    9  0.9 12.2       435
  SEQ ---DATE--- TIME REMARK -LAT-  --LON-  DEPTH  RMS PMAG  NUM  ERH  ERZ  ID
  436 2021- 1-14  1:31     - 55 16  162 22   2.80 0.06  0.0    4  2.9 13.2       436
  437 2021- 1-14  2:08     - 54 59  162 40   2.88 0.02  0.0    4 10.1  6.4       437
  438 2021- 1-14  2:07     - 54 26  161 20   3.40 0.17  0.0    8  7.5 16.9       438
  439 2021- 1-14  2:08     - 55 11  161 41   1.46 0.11  0.0    4 11.9  9.3       439
  440 2021- 1-14  2:16     - 54 54  162 55   2.68 0.03  0.0    4  9.2  5.5       440
  441 2021- 1-14  2:16     - 54 25  161 21   3.31 0.20  0.0    7 12.7 18.1       441
  442 2021- 1-14  2:17     # 54 54  161 56   0.03 0.12  0.0    5  8.2  5.7       442
 *** DISTANCE & RESIDUAL WEIGHTING CANCELLED FOR EVENT: 2021  1 14  3  9
  443 2021- 1-14  3:09     # 55 17  161 45  13.59 0.62  0.0    4 20.1 13.2       443
  444 2021- 1-14  3:41     - 54 53  162 55   2.96 0.01  0.0    4  9.9  5.4       444
  445 2021- 1-14  3:41     # 54 19  161 23   6.24 0.18  0.0   10  8.7  7.0       445
  446 2021- 1-14  3:41     - 54 49  161 33   0.03 0.21  0.0    5 20.4  3.9       446
  447 2021- 1-14  4:31     - 55 29  161 51   3.38 0.09  0.0    4  4.3 13.8       447
  448 2021- 1-14  5:15       55  3  162 28   3.57 0.11  0.0    6  4.7  1.1       448
  449 2021- 1-14  5:28     - 55  3  162  3   0.77 0.15  0.0    6  1.5 13.6       449
  450 2021- 1-14  5:36     - 55 28  162 23   6.64 0.34  0.0    4  4.2 30.8       450
  SEQ ---DATE--- TIME REMARK -LAT-  --LON-  DEPTH  RMS PMAG  NUM  ERH  ERZ  ID
  451 2021- 1-14  6:06     - 54 45  161  4  27.97 0.23  0.0   10 17.5  2.8       451
  452 2021- 1-14  6:06     - 54 47  161 31   2.98 0.15  0.0    4 15.6 16.8       452
 *** DISTANCE & RESIDUAL WEIGHTING CANCELLED FOR EVENT: 2021  1 14  6  6
  453 2021- 1-14  6:06     - 55  8  161 58  11.68 0.42  0.0    4 20.6 28.1       453
  454 2021- 1-14  6:11       55 18  161 38  29.17 0.00  0.0    4  2.0  1.6       454
 *** DISTANCE & RESIDUAL WEIGHTING CANCELLED FOR EVENT: 2021  1 14  6 23
  455 2021- 1-14  6:23     - 55  9  161 36  25.16 0.24  0.0    4 19.5  6.5       455
  456 2021- 1-14  6:30     - 54 37  161 18   2.98 0.18  0.0   17  6.8 14.4       456
  457 2021- 1-14  6:32     - 54 36  161 14   2.76 0.21  0.0   18  7.5 16.0       457
  458 2021- 1-14  6:33     - 54 37  161 18   3.22 0.18  0.0   14  6.9 14.5       458
  459 2021- 1-14  6:38     - 54 36  161 20   2.90 0.17  0.0   13  7.2 15.6       459
  460 2021- 1-14  6:43     - 54 36  161 18   2.93 0.18  0.0   17  6.9 14.8       460
  461 2021- 1-14  6:45     - 54 47  161  7  28.14 0.17  0.0    9 17.5  2.7       461
  462 2021- 1-14  6:45     - 54 41  161 13  16.88 0.31  0.0    7 21.3 28.4       462
  463 2021- 1-14  7:12     - 55  7  161 19   1.79 0.10  0.0    5 13.9  3.2       463
  464 2021- 1-14  9:54     - 54 47  161  1  29.40 0.22  0.0   11 17.1  2.5       464
  465 2021- 1-14  9:54     - 54 43  160 47   3.21 0.61  0.0    5 46.2 51.7       465
  SEQ ---DATE--- TIME REMARK -LAT-  --LON-  DEPTH  RMS PMAG  NUM  ERH  ERZ  ID
  466 2021- 1-14  9:57     - 54 49  160 52  25.77 0.20  0.0   10 18.7  4.1       466
  467 2021- 1-14  9:57     - 54 43  160 47   3.08 0.14  0.0    4 15.2 16.5       467
 *** DISTANCE & RESIDUAL WEIGHTING CANCELLED FOR EVENT: 2021  1 14 10 18
  468 2021- 1-14 10:18     - 55 19  163 13   3.00 0.42  0.0    4 16.0 33.4       468
  469 2021- 1-14 11:01     - 54 36  161 17   2.92 0.18  0.0   18  6.6 14.0       469
 *** DISTANCE & RESIDUAL WEIGHTING CANCELLED FOR EVENT: 2021  1 14 11 54
  470 2021- 1-14 11:54     # 55 35  162 13   3.00 1.39  0.0    6 15.6 78.3       470
 *** DISTANCE & RESIDUAL WEIGHTING CANCELLED FOR EVENT: 2021  1 14 12 42
  471 2021- 1-14 12:42     - 55 23  163 21   3.12 2.06  0.0    4 98.9 98.9       471
 *** DISTANCE & RESIDUAL WEIGHTING CANCELLED FOR EVENT: 2021  1 14 13 22
  472 2021- 1-14 13:22     - 55 34  160 26   2.83 0.18  0.0    5  8.2 17.9       472
  473 2021- 1-14 14:33     - 55  0  161 17  29.16 0.20  0.0    8 15.2  7.9       473
  474 2021- 1-14 14:34     - 55  5  161 18  16.69 0.05  0.0    5 10.5  0.8       474
  475 2021- 1-14 15:59       55 10  161 52  20.77 0.03  0.0    5  2.4  3.2       475
  476 2021- 1-14 15:59     - 55 15  163  3   2.91 0.22  0.0    4  9.6 18.9       476
  477 2021- 1-14 17:08     - 55  7  161  2   3.00 0.34  0.0    9 24.3 30.7       477
  478 2021- 1-14 17:08     - 55 51  162 13   3.14 0.04  0.0    4 10.3 12.8       478
  479 2021- 1-14 17:08     - 55  7  160 31   3.04 0.77  0.0    4 49.5 64.8       479
 *** DISTANCE & RESIDUAL WEIGHTING CANCELLED FOR EVENT: 2021  1 14 18  1
  480 2021- 1-14 18:00     - 55 16  160 52   3.00 0.91  0.0    5 49.2 76.0       480
  SEQ ---DATE--- TIME REMARK -LAT-  --LON-  DEPTH  RMS PMAG  NUM  ERH  ERZ  ID
  481 2021- 1-14 18:14     # 54 35  163 11   3.84 0.15  0.0    6  5.4  6.7       481
 *** DISTANCE & RESIDUAL WEIGHTING CANCELLED FOR EVENT: 2021  1 14 18 40
  482 2021- 1-14 18:40     - 55 16  161 37   3.00 0.53  0.0    4 24.7 34.1       482
  483 2021- 1-14 19:23     - 54 28  162 16   2.64 0.41  0.0    8 15.1 32.6       483
  484 2021- 1-14 20:10     - 55  7  161 24  24.00 0.23  0.0    4 19.0 12.0       484
 *** DISTANCE & RESIDUAL WEIGHTING CANCELLED FOR EVENT: 2021  1 14 20 19
  485 2021- 1-14 20:19     - 54 60  162 20   2.88 0.06  0.0    4 12.3  5.3       485
  486 2021- 1-14 20:19     - 54 60  162 24   0.00 0.05  0.0    4  7.1 12.9       486
  487 2021- 1-14 20:44     - 54 57  163  7   3.04 0.03  0.0    5  5.3 11.5       487
  488 2021- 1-14 21:31     - 55 21  161 41   7.45 0.08  0.0    4 11.8  2.5       488
  489 2021- 1-14 21:31     - 55 22  161 14   9.30 0.14  0.0    4 14.4 12.2       489
  490 2021- 1-14 21:44       54 32  162  2  53.59 0.10  0.0    8  4.0  3.7       490
  491 2021- 1-14 22:32     - 55 23  160 59  32.50 0.08  0.0    8 11.9  0.9       491
  492 2021- 1-14 22:51       55 19  162  2  12.32 0.04  0.0    5  1.7  4.2       492
  493 2021- 1-14 23:09     - 55  8  161 17   0.08 0.07  0.0    6  9.8  2.7       493
  494 2021- 1-14 23:09     - 54 53  161 24  63.48 0.29  0.0    4 22.5 13.2       494
  495 2021- 1-14 23:56     # 55 12  162 12  14.35 3.49  0.0    9 18.3 41.6       495
  SEQ ---DATE--- TIME REMARK -LAT-  --LON-  DEPTH  RMS PMAG  NUM  ERH  ERZ  ID
  496 2021- 1-15  1:01     - 54 24  162 18  33.30 0.17  0.0    6  7.0 18.8       496
  497 2021- 1-15  1:53     - 55 23  162 18  10.65 0.25  0.0    6  2.2 18.9       497
 *** DISTANCE & RESIDUAL WEIGHTING CANCELLED FOR EVENT: 2021  1 15  1 54
  498 2021- 1-15  1:53     - 54 56  161 35  30.84 0.31  0.0    4 24.2  9.7       498
  499 2021- 1-15  3:09     - 54 59  161 29  26.94 0.12  0.0    6 13.7  4.4       499
  500 2021- 1-15  3:09     - 55 14  161 12   2.49 0.06  0.0    5 11.8  2.8       500
  501 2021- 1-15  3:54     - 54 46  160 39   2.48 0.26  0.0   14  9.9 21.3       501
 *** DISTANCE & RESIDUAL WEIGHTING CANCELLED FOR EVENT: 2021  1 15  7 46
  502 2021- 1-15  7:46     - 54 55  161 49   7.52 0.49  0.0    4 42.8 28.4       502
 *** DISTANCE & RESIDUAL WEIGHTING CANCELLED FOR EVENT: 2021  1 15 11 40
  503 2021- 1-15 11:40     - 55 21  160 57   3.08 0.68  0.0    5 44.8 57.3       503
  504 2021- 1-15 15:49     - 55 23  162 16   3.16 0.42  0.0    5  2.7 33.9       504
  505 2021- 1-15 16:08     - 55  2  161 19  11.26 0.15  0.0    4 14.8 15.2       505
  506 2021- 1-15 16:08     - 54 53  161 24  32.75 0.18  0.0    4 15.2  0.9       506
  507 2021- 1-15 17:18     - 55 20  161 30   6.55 0.16  0.0    4 16.6 18.2       507
  508 2021- 1-15 17:18     - 55  8  160 53   3.00 0.39  0.0    5 27.7 34.3       508
  509 2021- 1-15 18:14     - 54 55  161 15  24.81 0.19  0.0    8 18.0  8.1       509
  510 2021- 1-15 18:22     - 55  1  161 18  31.29 0.24  0.0    8 18.9  7.5       510
  SEQ ---DATE--- TIME REMARK -LAT-  --LON-  DEPTH  RMS PMAG  NUM  ERH  ERZ  ID
  511 2021- 1-15 18:22     - 55  2  161  9  28.58 0.20  0.0    6 16.6  7.9       511
  512 2021- 1-15 21:12       55 34  161 48   8.97 0.19  0.0   10  1.3  2.8       512
  513 2021- 1-15 21:30     - 55  5  161 24   2.34 0.09  0.0    4 12.1  2.9       513
  514 2021- 1-16  3:39     - 55 12  162 15   1.47 0.18  0.0    4  2.7 18.9       514
 *** DISTANCE & RESIDUAL WEIGHTING CANCELLED FOR EVENT: 2021  1 16  3 46
  515 2021- 1-16  3:46     - 55  9  162  1  32.83 0.06  0.0    4 12.7  4.0       515
  516 2021- 1-16  4:15     - 55 14  161  9  10.39 0.12  0.0    5 10.6 11.6       516
  517 2021- 1-16  4:15     # 55 17  161 44  20.77 0.24  0.0    4 14.2  6.9       517
 *** DISTANCE & RESIDUAL WEIGHTING CANCELLED FOR EVENT: 2021  1 16  5 14
  518 2021- 1-16  5:14     - 55 21  161 32   7.52 0.24  0.0    4  5.4 17.7       518
  519 2021- 1-16  6:42     - 54 51  161 23  26.28 0.15  0.0    8 13.4  6.1       519
 *** DISTANCE & RESIDUAL WEIGHTING CANCELLED FOR EVENT: 2021  1 16  6 42
  520 2021- 1-16  6:42     # 55 13  161 52  15.44 0.00  0.0    4  2.0  1.0       520
  521 2021- 1-16  7:11     - 55 14  161 33   6.24 0.11  0.0    4 13.5 15.3       521
  522 2021- 1-16  9:04       54 50  161 58   2.96 0.01  0.0    4  7.2  2.1       522
  523 2021- 1-16 11:12     - 55 16  162 23   3.10 0.16  0.0    5  3.9 16.9       523
 *** DISTANCE & RESIDUAL WEIGHTING CANCELLED FOR EVENT: 2021  1 16 11 17
  524 2021- 1-16 11:17     - 55 17  162 11   3.04 0.20  0.0    4  2.3 20.1       524
  525 2021- 1-16 11:47     - 54 47  160 50  36.83 0.22  0.0   10 13.7 15.1       525
  SEQ ---DATE--- TIME REMARK -LAT-  --LON-  DEPTH  RMS PMAG  NUM  ERH  ERZ  ID
  526 2021- 1-16 11:47     # 54 53  160 58  27.86 0.25  0.0    8 16.6  3.9       526
 *** DISTANCE & RESIDUAL WEIGHTING CANCELLED FOR EVENT: 2021  1 16 18  0
  527 2021- 1-16 18:00     - 55 22  162 15   5.96 0.91  0.0    4  9.9 76.7       527
  528 2021- 1-16 20:41     - 54 52  163  4   2.15 0.11  0.0    6  5.3 12.3       528
  529 2021- 1-16 20:41     # 55  5  161 40   0.05 0.17  0.0    8  6.8  3.0       529
  530 2021- 1-17  8:14     - 54 41  160 46   2.98 0.19  0.0   18  7.7 16.7       530
  531 2021- 1-17 12:02     - 54 30  161 48   2.20 0.04  0.0    4  5.5 11.7       531
  532 2021- 1-17 16:26       55  5  162  1   7.03 0.11  0.0    8  2.3  4.3       532
  533 2021- 1-17 18:26     - 54 39  161 26   3.35 0.25  0.0   13  9.1 18.7       533
 *** DISTANCE & RESIDUAL WEIGHTING CANCELLED FOR EVENT: 2021  1 17 18 59
  534 2021- 1-17 18:59     - 54 57  162  8   3.73 0.02  0.0    4  9.1  6.2       534
  535 2021- 1-17 18:59     - 55  3  161 40   0.02 0.14  0.0    7 12.1  2.5       535
  536 2021- 1-17 18:59       54 48  161 52   1.84 0.18  0.0    9  3.9  1.3       536
  537 2021- 1-17 19:38     - 55 11  163 29   1.44 0.50  0.0    5 18.7 38.6       537
  538 2021- 1-17 19:59     - 54 56  161  1  32.23 0.21  0.0    9 16.6  1.5       538
  539 2021- 1-17 19:59     - 54 38  162 48   7.61 0.09  0.0    4 12.5  3.4       539
  540 2021- 1-17 20:28     - 54 36  161 16   2.96 0.14  0.0   17  6.1 12.9       540
  SEQ ---DATE--- TIME REMARK -LAT-  --LON-  DEPTH  RMS PMAG  NUM  ERH  ERZ  ID
  541 2021- 1-17 22:21     - 54 36  161 17   3.13 0.18  0.0   17  6.7 14.3       541
  542 2021- 1-18  2:07     - 55  8  161 26   6.82 0.10  0.0    4 13.9 14.5       542
  543 2021- 1-18  2:27     - 55 16  161 39   7.26 0.06  0.0    4  9.6  8.0       543
  544 2021- 1-18  2:56     - 54 57  161 18   3.00 0.24  0.0    7 19.1 23.7       544
  545 2021- 1-18  6:44     - 55 28  161 37   3.11 0.07  0.0    5  1.6 10.8       545
  546 2021- 1-18  9:17     - 54 36  161 13   2.63 0.15  0.0    6  9.4 15.5       546
  547 2021- 1-18  9:17     - 55 18  161 45   0.16 0.13  0.0    5  4.4 13.4       547
  548 2021- 1-18 14:01     - 55 21  161 45   4.05 0.07  0.0    4 10.8  4.2       548
  549 2021- 1-18 14:24       55 20  161 44   5.12 0.01  0.0    4  6.0  3.5       549
  550 2021- 1-18 20:06     - 55 17  161 36   5.70 0.03  0.0    5 10.3  1.0       550
  551 2021- 1-18 20:06     - 55 16  161 40  14.14 0.06  0.0    4 10.3  5.2       551
  552 2021- 1-18 20:08       55 12  161 22  21.72 0.00  0.0    4  7.9  3.2       552
  553 2021- 1-18 21:44     - 55 43  161  5   1.51 0.26  0.0    6 11.5 21.9       553
  554 2021- 1-18 21:44     - 54 51  160 53   2.14 0.05  0.0    4  5.7 11.7       554
 *** DISTANCE & RESIDUAL WEIGHTING CANCELLED FOR EVENT: 2021  1 18 22  2
  555 2021- 1-18 22:02     # 55 21  161 47   0.25 0.30  0.0    4  8.3 16.7       555
  SEQ ---DATE--- TIME REMARK -LAT-  --LON-  DEPTH  RMS PMAG  NUM  ERH  ERZ  ID
  556 2021- 1-18 22:02     - 55 10  161  2  22.68 0.03  0.0    4  3.4  9.0       556
  557 2021- 1-18 22:37     - 54 41  161  6  21.87 0.19  0.0   10 15.3  4.4       557
  558 2021- 1-18 22:37     - 54 36  160 56  33.10 0.28  0.0    9 19.5 26.7       558
  559 2021- 1-19  0:14     - 55  5  161 40  22.87 0.03  0.0    4 11.4  5.2       559
  560 2021- 1-19  2:21     - 54 55  161  5  29.31 0.19  0.0    9 16.7  2.4       560
  561 2021- 1-19  2:21     - 54 54  160 48  24.15 0.39  0.0    9 30.1  7.2       561
  562 2021- 1-19  2:22     - 54 55  161  4  29.52 0.21  0.0    9 17.5  2.5       562
  563 2021- 1-19  2:23     - 54 43  160 52  55.16 0.10  0.0    7 12.3  6.3       563
  564 2021- 1-19  2:24     - 54 54  161  1  27.09 0.22  0.0    9 19.1  3.4       564
  565 2021- 1-19  2:24     - 54 35  160 28  18.82 0.21  0.0    8 17.0  5.6       565
  566 2021- 1-19  2:25     - 55  2  161 30  46.34 0.25  0.0    7 18.3  7.0       566
  567 2021- 1-19  2:26     - 54 56  161 15  31.13 0.19  0.0    9 15.6  1.3       567
  568 2021- 1-19  2:26     - 54 53  161  4  34.78 0.30  0.0    9 21.1 11.1       568
  569 2021- 1-19  2:31     - 54 57  161  9  30.16 0.21  0.0    6 20.1 12.4       569
 *** DISTANCE & RESIDUAL WEIGHTING CANCELLED FOR EVENT: 2021  1 19  2 32
  570 2021- 1-19  2:32     # 55 17  162 11   3.09 1.48  0.0    5  7.0 72.1       570
  SEQ ---DATE--- TIME REMARK -LAT-  --LON-  DEPTH  RMS PMAG  NUM  ERH  ERZ  ID
  571 2021- 1-19  2:35     - 55  0  161 19  35.75 0.19  0.0    8 16.8  4.9       571
 *** DISTANCE & RESIDUAL WEIGHTING CANCELLED FOR EVENT: 2021  1 19  2 35
  572 2021- 1-19  2:35     # 55  8  161 45  20.86 0.64  0.0    5 20.2 13.2       572
  573 2021- 1-19  2:41     - 55  5  161 23  25.21 0.20  0.0    5 17.1  9.0       573
  574 2021- 1-19  2:46     - 55  2  161 32  28.88 0.19  0.0    7 15.9  7.0       574
  575 2021- 1-19  2:46     - 54 55  161 17  64.88 0.21  0.0    5 18.6  9.3       575
 *** DISTANCE & RESIDUAL WEIGHTING CANCELLED FOR EVENT: 2021  1 19  2 47
  576 2021- 1-19  2:47     - 55 11  161 23   0.60 0.15  0.0    4 13.1  4.3       576
  577 2021- 1-19  2:47     - 54 60  161 27  40.01 0.14  0.0    5 14.2  3.7       577
  578 2021- 1-19  3:07     - 54 54  161 12  33.60 0.18  0.0    8 17.2 13.2       578
  579 2021- 1-19  3:07     - 54 58  161 14  24.86 0.13  0.0    6 15.3  4.2       579
  580 2021- 1-19  3:39     - 54 46  160 56  35.55 0.18  0.0    9 12.0 14.3       580
  581 2021- 1-19  3:39     - 54 52  161 14  32.15 0.12  0.0    5 13.4  1.1       581
  582 2021- 1-19  4:22     - 54 51  160 55   3.00 0.19  0.0    8 17.9 20.2       582
  583 2021- 1-19  4:22     - 55 11  161  3   3.00 0.12  0.0    4 14.2 15.2       583
 *** DISTANCE & RESIDUAL WEIGHTING CANCELLED FOR EVENT: 2021  1 19  4 56
  584 2021- 1-19  4:56     - 55  5  161 24   5.73 0.37  0.0    5 25.5 33.4       584
 *** DISTANCE & RESIDUAL WEIGHTING CANCELLED FOR EVENT: 2021  1 19  4 56
  585 2021- 1-19  4:56     - 54 58  161 25   2.98 0.45  0.0    4 38.1  7.3       585
  SEQ ---DATE--- TIME REMARK -LAT-  --LON-  DEPTH  RMS PMAG  NUM  ERH  ERZ  ID
  586 2021- 1-19  5:12     - 55 25  161 58   3.02 0.09  0.0    4  1.9 13.6       586
  587 2021- 1-19  8:10     - 54 40  161  6  25.38 0.18  0.0    9 15.4 12.7       587
  588 2021- 1-19  8:11     - 54 60  161 38  22.49 0.19  0.0    5 14.0  3.9       588
  589 2021- 1-19  9:02     - 55  3  161 41  18.91 0.09  0.0    5 10.3  3.2       589
  590 2021- 1-19  9:03     - 55  9  163 15   2.02 0.25  0.0    8 10.5 22.0       590
 *** DISTANCE & RESIDUAL WEIGHTING CANCELLED FOR EVENT: 2021  1 19  9  3
  591 2021- 1-19  9:03     - 55 46  162 10   3.00 0.49  0.0    5 18.0 38.6       591
  592 2021- 1-19  9:11     - 55  6  161  6   3.00 0.17  0.0    4 17.2 17.6       592
  593 2021- 1-19  9:11     - 55  3  160 19   3.04 0.16  0.0    4 15.4 16.2       593
  594 2021- 1-19  9:39     - 54 38  161 13   2.96 0.18  0.0   17  6.8 14.6       594
 *** DISTANCE & RESIDUAL WEIGHTING CANCELLED FOR EVENT: 2021  1 19 10 15
  595 2021- 1-19 10:15     - 55 26  163 16   2.97 0.04  0.0    4  5.5 11.8       595
 *** DISTANCE & RESIDUAL WEIGHTING CANCELLED FOR EVENT: 2021  1 19 11 37
  596 2021- 1-19 11:37     # 55 18  161 55  10.86 1.01  0.0    4 15.7 16.3       596
  597 2021- 1-19 12:27       54 60  162 16  12.53 0.06  0.0    6  1.5  3.7       597
 *** DISTANCE & RESIDUAL WEIGHTING CANCELLED FOR EVENT: 2021  1 19 12 28
  598 2021- 1-19 12:28     - 55 34  162 38   3.00 5.64  0.0    4 77.5 89.2       598
  599 2021- 1-19 14:19       55  7  162 12  14.21 0.05  0.0    6  2.2  1.6       599
 *** DISTANCE & RESIDUAL WEIGHTING CANCELLED FOR EVENT: 2021  1 19 16  0
  600 2021- 1-19 15:59     # 55 24  161 58   3.00 2.30  0.0    5 29.6 35.0       600
  SEQ ---DATE--- TIME REMARK -LAT-  --LON-  DEPTH  RMS PMAG  NUM  ERH  ERZ  ID
  601 2021- 1-19 17:03     - 54 48  161 46   0.30 0.17  0.0    5 12.0  8.9       601
  602 2021- 1-19 18:07     - 55 25  160 39  18.13 0.19  0.0    9 15.5 19.2       602
  603 2021- 1-19 18:08     - 55 16  160 57   3.00 0.28  0.0    8 19.5 26.4       603
  604 2021- 1-19 18:37       55  6  161 44   9.91 0.05  0.0    5  3.1  3.7       604
  605 2021- 1-19 21:57       54 60  161 29  13.24 0.04  0.0    6  3.9  7.7       605
 *** DISTANCE & RESIDUAL WEIGHTING CANCELLED FOR EVENT: 2021  1 19 21 57
  606 2021- 1-19 21:57     # 55 10  161 54   2.99 0.55  0.0    5  7.4 10.3       606
  607 2021- 1-19 23:32     - 55  4  161 27   2.50 0.09  0.0    4 11.5  2.8       607
  608 2021- 1-19 23:43     # 55  5  162  6   5.08 0.15  0.0    9  0.9  1.6       608
  609 2021- 1-19 23:59     - 55 28  162 40   3.01 0.31  0.0    4  8.5 28.7       609
  610 2021- 1-20  1:44     - 55 21  161 45   2.11 0.04  0.0    4 10.5  2.9       610
  611 2021- 1-20  2:06     - 54 46  160 19  41.44 0.17  0.0   12  3.5 16.7       611
  612 2021- 1-20  2:06     - 54 46  160 40  35.74 0.22  0.0    8 16.8 21.4       612
 *** DISTANCE & RESIDUAL WEIGHTING CANCELLED FOR EVENT: 2021  1 20  5 28
  613 2021- 1-20  5:28     - 55 29  160 36  43.40 0.15  0.0    4 11.4 14.9       613
  614 2021- 1-20  8:22     - 54 58  161 20  30.51 0.24  0.0    8 18.7  7.1       614
  615 2021- 1-20  8:22     - 54 59  161  9  28.15 0.18  0.0    6 16.2  6.1       615
  SEQ ---DATE--- TIME REMARK -LAT-  --LON-  DEPTH  RMS PMAG  NUM  ERH  ERZ  ID
  616 2021- 1-20 19:50     - 55  1  161 26  36.37 0.19  0.0    8 14.4  4.4       616
  617 2021- 1-20 19:50     - 54 35  160 23   8.78 0.16  0.0    7 16.5 17.6       617
  618 2021- 1-20 21:22     - 55  4  161 25  26.32 0.19  0.0    7 14.8  6.5       618
 *** DISTANCE & RESIDUAL WEIGHTING CANCELLED FOR EVENT: 2021  1 20 21 22
  619 2021- 1-20 21:22     # 55  9  161 50  21.98 0.55  0.0    6 15.3 15.3       619
  620 2021- 1-20 21:30     - 54 60  161 23  23.59 0.07  0.0    5 13.1  3.5       620
  621 2021- 1-20 21:30     - 55  5  161 34  21.96 0.07  0.0    4 11.5  3.4       621
  622 2021- 1-21  1:55     - 54 57  161 23  29.92 0.22  0.0    8 18.3  7.1       622
  623 2021- 1-21  1:55     - 54 35  161  2   4.28 0.16  0.0    6 12.1 17.9       623
  624 2021- 1-21  5:01     - 55  9  161 24  22.85 0.14  0.0    6 12.0  4.7       624
  625 2021- 1-21  5:01     - 54 57  159 54   3.00 0.31  0.0    6 24.8 26.3       625
  626 2021- 1-21  5:03     - 55  8  163 34   2.74 0.10  0.0    4  6.4 13.6       626
  627 2021- 1-21  5:06     - 55 13  161 17  13.10 0.36  0.0    4 31.8 25.1       627
  628 2021- 1-21  5:06     - 55  2  159 55   3.00 0.23  0.0    5 19.9 21.1       628
  629 2021- 1-21  7:20     - 55 21  161 41   2.70 0.05  0.0    4 11.6  4.0       629
 *** DISTANCE & RESIDUAL WEIGHTING CANCELLED FOR EVENT: 2021  1 21  7 21
  630 2021- 1-21  7:21     - 55 27  161 28   2.73 0.35  0.0    4 22.3 22.1       630
  SEQ ---DATE--- TIME REMARK -LAT-  --LON-  DEPTH  RMS PMAG  NUM  ERH  ERZ  ID
  631 2021- 1-21  7:50     - 54 31  161 43   2.63 0.14  0.0    7  7.1 14.8       631
  632 2021- 1-21  8:08     - 54 58  161  3  28.04 0.14  0.0    8 13.2  2.1       632
  633 2021- 1-21  8:08     - 54 48  160 55  25.91 0.19  0.0    7 15.9  3.2       633
  634 2021- 1-21  8:21     - 55 10  161  7   3.00 0.19  0.0    5 17.7 20.2       634
  635 2021- 1-21  8:21       55 23  161 52   6.17 0.00  0.0    4  1.4  4.2       635
  636 2021- 1-21 12:18     - 55 13  163 31   0.01 0.40  0.0    5 15.4 32.2       636
  637 2021- 1-21 12:34     - 55 10  162 18  26.19 0.10  0.0    6  4.9 11.3       637
  638 2021- 1-21 13:36     - 55  2  162 42  51.22 0.07  0.0    7  8.2  7.6       638
 *** DISTANCE & RESIDUAL WEIGHTING CANCELLED FOR EVENT: 2021  1 21 13 36
  639 2021- 1-21 13:36     # 55  7  162 37  37.99 1.23  0.0    7 25.9 20.8       639
  640 2021- 1-21 16:27     - 54 37  161 38   2.89 0.16  0.0   15  6.4 13.3       640
  641 2021- 1-21 17:08     - 54 38  160 46   3.22 0.18  0.0    7  8.1 17.8       641
  642 2021- 1-21 18:11     - 55  0  161  6  31.55 0.15  0.0    9 13.9  1.2       642
  643 2021- 1-21 18:11     - 54 48  160 43   3.00 0.19  0.0    6 14.9 20.1       643
  644 2021- 1-21 20:41     - 54 60  161  3  31.08 0.17  0.0    9 15.1  1.6       644
  645 2021- 1-21 20:41     - 54 50  160 38  33.07 0.42  0.0    8 26.8 37.4       645
  SEQ ---DATE--- TIME REMARK -LAT-  --LON-  DEPTH  RMS PMAG  NUM  ERH  ERZ  ID
  646 2021- 1-21 21:23     - 55 15  161 20  58.06 0.04  0.0    4 10.2  6.4       646
  647 2021- 1-21 21:23       55 10  161 43  11.25 0.00  0.0    4  5.2  5.4       647
  648 2021- 1-21 23:35     - 55  5  161 24  17.67 0.05  0.0    4 12.8  9.5       648
  649 2021- 1-22  5:08     - 54 37  161 21   2.92 0.21  0.0    4  9.2 19.3       649
  650 2021- 1-22  5:08     # 54 52  161 46   2.62 0.16  0.0    5  2.6  1.3       650
 *** DISTANCE & RESIDUAL WEIGHTING CANCELLED FOR EVENT: 2021  1 22  6  5
  651 2021- 1-22  6:05     # 55 26  161 53   3.00 1.55  0.0    4 38.9 25.0       651
  652 2021- 1-22  9:44     - 55 37  161 55   3.11 0.08  0.0    4  3.2 13.9       652
  653 2021- 1-22 11:08     - 55  8  161 25  13.80 0.06  0.0    4 13.0 10.1       653
  654 2021- 1-22 11:08     - 54 30  160 56   1.89 0.23  0.0    6 17.2 12.3       654
  655 2021- 1-22 11:29     - 54 56  161 32  21.22 0.17  0.0    7 16.9  5.5       655
  656 2021- 1-22 11:29     - 54 56  161 33  22.41 0.29  0.0    7 19.0  4.0       656
  657 2021- 1-22 12:58     - 54 30  162  4   3.51 0.19  0.0    8  8.5 18.3       657
  658 2021- 1-22 14:38     - 55  8  163 18   1.11 0.04  0.0    4  5.5 11.7       658
 *** DISTANCE & RESIDUAL WEIGHTING CANCELLED FOR EVENT: 2021  1 22 14 38
  659 2021- 1-22 14:38     - 55 48  162  2   2.99 0.26  0.0    4 10.6 22.7       659
 *** DISTANCE & RESIDUAL WEIGHTING CANCELLED FOR EVENT: 2021  1 22 15 35
  660 2021- 1-22 15:34     # 55 26  161 52   3.00 0.86  0.0    4 21.7 14.1       660
 *** DISTANCE & RESIDUAL WEIGHTING CANCELLED FOR EVENT: 2021  1 22 16  0
  SEQ ---DATE--- TIME REMARK -LAT-  --LON-  DEPTH  RMS PMAG  NUM  ERH  ERZ  ID
  661 2021- 1-22 15:59     # 55 22  162 20   3.00 1.00  0.0    4 15.1 11.1       661
 *** DISTANCE & RESIDUAL WEIGHTING CANCELLED FOR EVENT: 2021  1 22 16 21
  662 2021- 1-22 16:21     - 55  6  161 21  29.59 0.96  0.0    4 60.5 41.7       662
  663 2021- 1-22 18:34     - 55  5  160 59   3.01 0.20  0.0    5 19.1 20.7       663
  664 2021- 1-22 18:34     - 55 17  160 19   3.05 0.08  0.0    4 12.1 12.7       664
  665 2021- 1-22 19:16     - 54 48  161  5  29.70 0.22  0.0   10 16.6  2.5       665
  666 2021- 1-22 19:16     - 54 52  161 16  31.86 0.19  0.0    7 14.8  1.1       666
 *** DISTANCE & RESIDUAL WEIGHTING CANCELLED FOR EVENT: 2021  1 22 19 42
  667 2021- 1-22 19:42     # 55 21  161 58  23.78 0.49  0.0    5 11.1  4.0       667
  668 2021- 1-22 19:48     - 54 59  161  9  24.52 0.18  0.0    8 16.2  8.7       668
  669 2021- 1-22 19:49     - 54 44  160 41  23.89 0.10  0.0    9 10.8  2.4       669
  670 2021- 1-22 21:06     - 54 42  161 23  38.13 0.15  0.0   14  2.8 14.9       670
  671 2021- 1-22 22:25     - 55  3  161 27   1.89 0.14  0.0    5 13.9  3.4       671
 *** DISTANCE & RESIDUAL WEIGHTING CANCELLED FOR EVENT: 2021  1 22 22 26
  672 2021- 1-22 22:25     # 55 18  162  4   2.98 0.51  0.0    6  1.8  9.5       672
  673 2021- 1-22 22:26       55 14  161 21   2.94 0.19  0.0    8  2.7  2.1       673
  674 2021- 1-22 22:26     - 54 54  161  7  10.49 0.46  0.0    7 24.6 32.3       674
  675 2021- 1-23  2:36     - 55 12  161 47   2.63 0.05  0.0    4  2.5 12.4       675
  SEQ ---DATE--- TIME REMARK -LAT-  --LON-  DEPTH  RMS PMAG  NUM  ERH  ERZ  ID
  676 2021- 1-23  4:02     - 54 55  161 36   3.00 0.13  0.0    5 13.9 16.6       676
  677 2021- 1-23  5:34     - 55  6  160 58  30.47 0.18  0.0   10 13.6  1.7       677
  678 2021- 1-23  5:35     - 55  3  160 37  26.97 0.24  0.0    9 18.5  3.3       678
  679 2021- 1-23  7:07     - 55 17  161 16  14.89 0.09  0.0    5 14.2  9.2       679
  680 2021- 1-23  7:07     - 55 11  160 40  43.02 0.30  0.0    7 24.6 11.4       680
  681 2021- 1-23  7:11     - 54 52  161 17  21.77 0.15  0.0    7 15.4  9.2       681
 *** DISTANCE & RESIDUAL WEIGHTING CANCELLED FOR EVENT: 2021  1 23  7 12
  682 2021- 1-23  7:12     - 55 35  162 18   3.00 0.39  0.0    5 16.7 29.3       682
 *** DISTANCE & RESIDUAL WEIGHTING CANCELLED FOR EVENT: 2021  1 23  7 12
  683 2021- 1-23  7:12     # 55 13  162  6  30.32 0.28  0.0    4 10.2  5.2       683
  684 2021- 1-23  8:38     # 54 50  162  9   0.12 0.09  0.0    9  4.4  1.5       684
  685 2021- 1-23  8:38     - 54 50  162 11   0.08 0.17  0.0    5 15.4  2.2       685
  686 2021- 1-23 10:30     - 55  5  161 37   0.03 0.07  0.0    4 10.8  2.4       686
  687 2021- 1-23 10:30     - 54 52  161 45  15.69 0.06  0.0    4 10.6  0.9       687
  688 2021- 1-23 12:41     # 54 37  163 14   0.08 0.04  0.0    5  5.8  6.6       688
 *** DISTANCE & RESIDUAL WEIGHTING CANCELLED FOR EVENT: 2021  1 23 13 28
  689 2021- 1-23 13:28     - 55 15  162 10   3.07 0.96  0.0    5 10.5 62.8       689
  690 2021- 1-23 14:06     - 54 58  162 47   3.56 0.02  0.0    5  8.9  5.1       690
  SEQ ---DATE--- TIME REMARK -LAT-  --LON-  DEPTH  RMS PMAG  NUM  ERH  ERZ  ID
  691 2021- 1-23 14:06     - 55  9  161 45   0.27 0.07  0.0    5  1.8 10.9       691
  692 2021- 1-23 14:06       55 16  161 47   5.89 0.09  0.0    5  2.2  0.5       692
 *** DISTANCE & RESIDUAL WEIGHTING CANCELLED FOR EVENT: 2021  1 23 15 49
  693 2021- 1-23 15:49     - 55 39  162 11   3.00 0.59  0.0    4 27.7 34.2       693
  694 2021- 1-23 16:56     # 55  4  161 38   0.19 0.19  0.0    6 13.7  3.1       694
  695 2021- 1-23 16:56     - 54 49  161 50   0.04 0.23  0.0    7 15.9  3.4       695
 *** DISTANCE & RESIDUAL WEIGHTING CANCELLED FOR EVENT: 2021  1 23 17 16
  696 2021- 1-23 17:16     # 55 17  161 46   3.00 0.81  0.0    4 16.0 23.5       696
  697 2021- 1-23 19:28     - 54 56  162 47   2.33 0.01  0.0    4 10.3  6.6       697
  698 2021- 1-23 19:28     - 55 10  161 46   0.09 0.13  0.0    8  2.2 12.5       698
  699 2021- 1-23 19:28       55 11  161 46   8.40 0.18  0.0    6  2.2  5.6       699
  700 2021- 1-23 21:06     - 55  3  161 35  24.11 0.16  0.0    6 13.0  5.5       700
  701 2021- 1-23 21:06     - 55  8  161 52   7.79 0.07  0.0    5  7.3  6.9       701
 *** DISTANCE & RESIDUAL WEIGHTING CANCELLED FOR EVENT: 2021  1 23 21 14
  702 2021- 1-23 21:14     - 55 16  161 38  32.05 0.26  0.0    4 24.7  3.2       702
  703 2021- 1-23 22:28     - 54 51  161 12  27.01 0.15  0.0    8 15.1  2.4       703
  704 2021- 1-23 22:28       55 20  161 41   6.33 0.02  0.0    5  6.3  0.8       704
  705 2021- 1-24  0:41     - 54 55  162 33  25.18 0.09  0.0    6 10.4  7.9       705
  SEQ ---DATE--- TIME REMARK -LAT-  --LON-  DEPTH  RMS PMAG  NUM  ERH  ERZ  ID
  706 2021- 1-24  0:41     - 55 12  163 35   3.03 0.25  0.0    4 21.6 23.9       706
  707 2021- 1-24  4:43     - 55  2  161 26  23.55 0.21  0.0    7 18.0  5.7       707
  708 2021- 1-24  4:43     - 54 54  161  7  27.55 0.26  0.0    8 17.8  2.6       708
  709 2021- 1-24  6:46     - 54 42  161 23  21.56 0.22  0.0   10 14.9 13.0       709
  710 2021- 1-24  6:46     - 54 27  161  7  17.04 0.18  0.0    8 14.6  3.9       710
  711 2021- 1-24  7:42       55 12  161 33  29.75 0.00  0.0    4  5.6  2.3       711
  712 2021- 1-24 10:39     - 54 45  161  9  32.68 0.22  0.0    9 18.5 22.2       712
  713 2021- 1-24 10:39     - 54 51  161 13   6.84 0.23  0.0    5 17.5 22.7       713
  714 2021- 1-24 11:56     - 54 57  160 55   4.49 0.08  0.0    5  5.9 12.9       714
 *** DISTANCE & RESIDUAL WEIGHTING CANCELLED FOR EVENT: 2021  1 24 12 12
  715 2021- 1-24 12:12     # 55 11  161 34  17.57 0.47  0.0    4 20.0  9.3       715
  716 2021- 1-24 12:22     - 55  4  161 20  28.74 0.19  0.0    9 13.9  4.5       716
  717 2021- 1-24 12:22     - 54 50  160 50  64.93 0.22  0.0    9 16.3  8.4       717
  718 2021- 1-24 13:54     - 54 41  160 50  30.74 0.25  0.0    9 21.0 24.1       718
 *** DISTANCE & RESIDUAL WEIGHTING CANCELLED FOR EVENT: 2021  1 24 13 54
  719 2021- 1-24 13:54     - 54 56  161 26   3.00 0.71  0.0    6 26.7 53.0       719
  720 2021- 1-24 13:55       55 13  162  4  16.66 0.00  0.0    4  1.9  3.9       720
  SEQ ---DATE--- TIME REMARK -LAT-  --LON-  DEPTH  RMS PMAG  NUM  ERH  ERZ  ID
  721 2021- 1-24 13:55     - 54 58  161 25   6.13 0.24  0.0    6 19.0 23.5       721
  722 2021- 1-24 13:55       55 12  162  3  19.42 0.00  0.0    4  2.0  3.7       722
  723 2021- 1-24 15:10     - 54 51  161 16  33.25 0.16  0.0    6 14.0 11.2       723
  724 2021- 1-24 15:11       55 14  162  6   2.13 0.00  0.0    4  0.9  5.4       724
  725 2021- 1-24 16:09     - 54 34  162  8   3.16 0.07  0.0    7  5.7 12.3       725
  726 2021- 1-24 16:55       54 46  160 31   2.53 0.17  0.0   16  2.3  4.3       726
  727 2021- 1-24 18:57     - 54 53  161 20  29.48 0.18  0.0   10 15.1  4.5       727
  728 2021- 1-24 18:57     - 54 39  160 58  34.50 0.67  0.0   11 39.8 50.2       728
 *** DISTANCE & RESIDUAL WEIGHTING CANCELLED FOR EVENT: 2021  1 24 19 12
  729 2021- 1-24 19:12     - 55  5  161 58   2.39 0.26  0.0    4  7.7 21.1       729
  730 2021- 1-24 19:21     - 55 16  161 34   4.80 0.01  0.0    5  9.1  1.9       730
  731 2021- 1-24 19:36       55  9  162  3   2.99 0.96  0.0    5  6.7 11.4       731
  732 2021- 1-24 20:52     - 55  7  161 15  17.58 0.19  0.0    4 19.8 17.4       732
  733 2021- 1-24 21:12     - 54 55  161 21  28.06 0.17  0.0    6 14.5  3.3       733
 *** DISTANCE & RESIDUAL WEIGHTING CANCELLED FOR EVENT: 2021  1 24 21 12
  734 2021- 1-24 21:12     - 54 60  161 33   4.30 0.56  0.0    6 32.2  8.6       734
  735 2021- 1-24 21:16     - 54 20  162 17  34.96 0.17  0.0   17  2.6 15.4       735
  SEQ ---DATE--- TIME REMARK -LAT-  --LON-  DEPTH  RMS PMAG  NUM  ERH  ERZ  ID
  736 2021- 1-24 22:43     - 54 59  161  9  28.94 0.17  0.0   10 13.6  1.7       736
  737 2021- 1-24 22:43     - 54 50  160 48  31.54 0.32  0.0    7 24.0 29.3       737
  738 2021- 1-24 22:45     - 55  5  161 24  15.71 0.17  0.0    5 14.5 12.0       738
  739 2021- 1-24 22:45     - 55  6  161 37  25.45 0.24  0.0    5 15.0  7.7       739
  740 2021- 1-24 23:13     - 54 51  161 13  32.21 0.18  0.0    9 16.3  1.3       740
  741 2021- 1-24 23:13     - 54 31  160 49  41.12 0.32  0.0   10 23.0 20.5       741
  742 2021- 1-25  4:42       55 15  161 24  11.81 0.10  0.0    6  2.7  8.4       742
  743 2021- 1-25  5:26     - 54 41  161  5   3.47 0.04  0.0    6  5.4 11.8       743
  744 2021- 1-25  5:35       55  8  161 31   3.43 0.12  0.0    5  4.8  1.8       744
  745 2021- 1-25  6:23     - 54 52  160 50  26.99 0.18  0.0    9 15.7 12.9       745
  746 2021- 1-25  6:23     - 54 37  160 31   0.47 0.30  0.0    6 22.3 27.3       746
  747 2021- 1-25  8:17     - 55  0  161 26  25.51 0.21  0.0    6 16.4  6.5       747
 *** DISTANCE & RESIDUAL WEIGHTING CANCELLED FOR EVENT: 2021  1 25  8 17
  748 2021- 1-25  8:17     - 54 51  161 10  31.87 0.62  0.0    4 45.0  4.1       748
  749 2021- 1-25 13:35     - 55  3  161 35   0.03 0.09  0.0    5 10.1  2.5       749
  750 2021- 1-25 13:35     - 55  2  161 41   0.02 0.31  0.0    4 22.1  4.8       750
  SEQ ---DATE--- TIME REMARK -LAT-  --LON-  DEPTH  RMS PMAG  NUM  ERH  ERZ  ID
  751 2021- 1-25 15:34     - 54 56  162 16   7.37 0.11  0.0    6 10.9 10.9       751
  752 2021- 1-25 15:34     - 54 59  163 18   3.09 0.61  0.0    6 47.1 50.7       752
  753 2021- 1-25 21:59       55  7  161 49  27.22 0.00  0.0    4  2.7  1.9       753
  754 2021- 1-26  1:51     - 55 23  161 49   0.18 0.03  0.0    4  1.0 10.1       754
  755 2021- 1-26  5:04     - 55  9  161 13   3.00 0.25  0.0    4 19.1 24.0       755
 *** DISTANCE & RESIDUAL WEIGHTING CANCELLED FOR EVENT: 2021  1 26  5  5
  756 2021- 1-26  5:04     - 55 15  161 49   2.46 0.25  0.0    4  4.8 23.6       756
  757 2021- 1-26  7:54     - 54 44  160 55   2.89 0.10  0.0    5  6.5 13.5       757
  758 2021- 1-26  9:19       54 48  160 22   4.09 0.00  0.0    4  3.3  2.9       758
 *** DISTANCE & RESIDUAL WEIGHTING CANCELLED FOR EVENT: 2021  1 26 13 38
  759 2021- 1-26 13:38     - 55 41  163  9   3.00 1.44  0.0    4 41.8 89.8       759
  760 2021- 1-26 14:33     - 55 11  163 10   6.01 0.22  0.0    8  8.3 17.9       760
  761 2021- 1-26 14:33     - 54 35  162 21   0.41 0.14  0.0    6 14.9 15.6       761
 *** DISTANCE & RESIDUAL WEIGHTING CANCELLED FOR EVENT: 2021  1 26 15 22
  762 2021- 1-26 15:22     # 55 10  161 44  24.93 0.46  0.0    4 22.3 14.8       762
  763 2021- 1-26 15:38     - 54 58  161  6  31.41 0.16  0.0    5 16.6  1.7       763
 *** DISTANCE & RESIDUAL WEIGHTING CANCELLED FOR EVENT: 2021  1 26 15 39
  764 2021- 1-26 15:38     - 54 47  160 18  27.11 0.85  0.0    6 64.4 71.0       764
  765 2021- 1-26 16:12     - 55 13  161 23   7.84 0.11  0.0    4  4.1 14.7       765
  SEQ ---DATE--- TIME REMARK -LAT-  --LON-  DEPTH  RMS PMAG  NUM  ERH  ERZ  ID
  766 2021- 1-26 16:12     - 54 42  161 21   3.08 0.28  0.0    4 23.8 26.1       766
 *** DISTANCE & RESIDUAL WEIGHTING CANCELLED FOR EVENT: 2021  1 26 19 19
  767 2021- 1-26 19:19     - 55 32  161 59  53.34 0.68  0.0    5 29.4 45.7       767
  768 2021- 1-26 19:36     - 54 32  161 45   2.92 0.21  0.0    9  8.6 17.9       768
  769 2021- 1-26 21:59     - 55 13  161 19   3.34 0.08  0.0    5 12.2  1.5       769
  770 2021- 1-26 21:59     - 55  7  161  0   3.04 0.36  0.0    4 26.9 32.1       770
  771 2021- 1-26 22:17     - 54 31  161 39   3.64 0.20  0.0   13  7.9 17.0       771
  772 2021- 1-26 22:24     - 55 33  162 36   3.97 0.13  0.0    5  5.2 12.1       772
 *** DISTANCE & RESIDUAL WEIGHTING CANCELLED FOR EVENT: 2021  1 26 22 30
  773 2021- 1-26 22:30     - 54 46  161  1   3.00 0.26  0.0    4 22.4 23.8       773
  774 2021- 1-26 23:38     - 55 12  163 24   0.01 0.84  0.0   10 29.6 60.6       774
  775 2021- 1-26 23:39     - 54 45  160 57  25.91 0.14  0.0   10 13.4  3.0       775
  776 2021- 1-26 23:39       55  0  161 35  38.77 0.15  0.0    8  5.8  3.0       776
  777 2021- 1-26 23:47     - 54 35  161 46   3.57 0.24  0.0   16  8.9 19.1       777
  778 2021- 1-27  0:29     - 54 26  160 50   0.19 0.11  0.0    8  6.4 14.1       778
  779 2021- 1-27  0:29     - 54 57  162 48   4.32 0.04  0.0    4 11.1  5.6       779
 *** DISTANCE & RESIDUAL WEIGHTING CANCELLED FOR EVENT: 2021  1 27  0 31
  780 2021- 1-27  0:31     - 55 18  163 39   1.45 0.21  0.0    4  9.3 19.7       780
 *** DISTANCE & RESIDUAL WEIGHTING CANCELLED FOR EVENT: 2021  1 27  0 37
  SEQ ---DATE--- TIME REMARK -LAT-  --LON-  DEPTH  RMS PMAG  NUM  ERH  ERZ  ID
  781 2021- 1-27  0:37     - 54 59  163  4   3.00 0.82  0.0    4 30.6 61.7       781
  782 2021- 1-27  1:20     - 55 27  160 54   4.20 0.21  0.0    6  9.0 19.8       782
  783 2021- 1-27  1:21       55 43  161 19  61.47 0.07  0.0    6  3.9  2.8       783
  784 2021- 1-27  1:40     - 55  2  161 10  19.70 0.15  0.0    4 17.1 14.9       784
 *** DISTANCE & RESIDUAL WEIGHTING CANCELLED FOR EVENT: 2021  1 27  1 40
  785 2021- 1-27  1:40     - 54 53  161 14   3.01 0.59  0.0    4 45.3 49.7       785
  786 2021- 1-27  1:42     - 54 55  161  8   3.00 0.14  0.0    4 15.9 16.4       786
  787 2021- 1-27  2:06     - 55  6  161 18   0.85 0.22  0.0    5 18.6  5.6       787
 *** DISTANCE & RESIDUAL WEIGHTING CANCELLED FOR EVENT: 2021  1 27  2  6
  788 2021- 1-27  2:06     - 55  2  161 13   3.03 0.43  0.0    4 30.9 37.3       788
  789 2021- 1-27  2:07     - 54 57  162 25  38.93 0.08  0.0    5  7.8 10.8       789
  790 2021- 1-27  2:07       55  0  162 16  18.94 0.05  0.0    6  3.2  5.9       790
  791 2021- 1-27  2:11     - 55 20  160 20   2.63 0.18  0.0    9  7.9 17.2       791
 *** DISTANCE & RESIDUAL WEIGHTING CANCELLED FOR EVENT: 2021  1 27  3  8
  792 2021- 1-27  3:08     # 55 21  161 50   6.95 0.42  0.0    4  9.5  9.6       792
  793 2021- 1-27  4:14     - 54 32  161 45   2.73 0.20  0.0    9  8.2 17.1       793
  794 2021- 1-27  4:24     - 55  5  161 34  25.37 0.20  0.0    8 13.6  5.2       794
 *** DISTANCE & RESIDUAL WEIGHTING CANCELLED FOR EVENT: 2021  1 27  4 24
  795 2021- 1-27  4:24     - 55  3  161 14   3.77 0.81  0.0    5 47.9 68.0       795
  SEQ ---DATE--- TIME REMARK -LAT-  --LON-  DEPTH  RMS PMAG  NUM  ERH  ERZ  ID
  796 2021- 1-27  4:46     - 54 56  160 49   2.91 0.22  0.0   17  8.0 17.0       796
  797 2021- 1-27  7:10     - 55  2  161 46  18.83 0.07  0.0    6 10.3  3.9       797
 *** DISTANCE & RESIDUAL WEIGHTING CANCELLED FOR EVENT: 2021  1 27  7 11
  798 2021- 1-27  7:10     - 55 34  161 35   2.99 0.43  0.0    4 21.0 31.0       798
 *** DISTANCE & RESIDUAL WEIGHTING CANCELLED FOR EVENT: 2021  1 27  7 10
  799 2021- 1-27  7:10     - 55 13  161  4   3.00 0.40  0.0    4 12.0 33.7       799
  800 2021- 1-27  7:47     - 55  2  161 33  33.20 0.09  0.0    5 14.0  3.5       800
  801 2021- 1-27  7:48     - 55 21  161 45   6.40 0.03  0.0    4 11.8  2.6       801
  802 2021- 1-27  8:54     - 54 30  161 17   3.03 0.72  0.0    4 41.5 53.9       802
  803 2021- 1-27  8:55     - 55  0  161 35   0.02 0.30  0.0    4 22.1  4.9       803
  804 2021- 1-27  9:05     - 54 26  161 58   2.12 0.27  0.0   15 10.6 22.6       804
  805 2021- 1-27  9:53     - 55 12  161  6   3.01 0.16  0.0    5 15.0 18.1       805
  806 2021- 1-27  9:53     - 55 14  160  1   0.33 0.07  0.0    5 12.0  6.2       806
 *** DISTANCE & RESIDUAL WEIGHTING CANCELLED FOR EVENT: 2021  1 27 11 40
  807 2021- 1-27 11:40     - 55  9  161 56   2.75 0.27  0.0    4  7.1 20.5       807
  808 2021- 1-27 13:40     - 55  9  161  6  33.11 0.16  0.0    9 12.9 12.1       808
  809 2021- 1-27 13:40     - 55  4  160 37  40.97 0.29  0.0    9 20.6 10.3       809
 *** DISTANCE & RESIDUAL WEIGHTING CANCELLED FOR EVENT: 2021  1 27 14  3
  810 2021- 1-27 14:03     - 55  5  161 10   3.00 0.28  0.0    4 24.1 26.6       810
  SEQ ---DATE--- TIME REMARK -LAT-  --LON-  DEPTH  RMS PMAG  NUM  ERH  ERZ  ID
  811 2021- 1-27 14:03     - 54 52  160 35   3.03 0.11  0.0    4 13.6 14.3       811
  812 2021- 1-27 15:20     - 55  0  161 22  26.11 0.20  0.0    7 17.6  6.0       812
  813 2021- 1-27 15:20     - 54 38  160 34  28.66 0.54  0.0    9 40.9 46.1       813
  814 2021- 1-27 15:31       55  9  161 22  32.92 0.48  0.0   10 22.2  2.0       814
  815 2021- 1-27 15:31     - 55  3  160 11  13.25 0.20  0.0    5 19.1 20.1       815
 *** DISTANCE & RESIDUAL WEIGHTING CANCELLED FOR EVENT: 2021  1 27 15 32
  816 2021- 1-27 15:32     - 55 21  162  6  23.99 0.22  0.0    4 17.2  5.5       816
  817 2021- 1-27 16:11     - 55  9  160 56   3.28 0.12  0.0    7 13.4 16.0       817
  818 2021- 1-27 16:11     - 54 55  159  9   3.00 0.12  0.0    6 12.8 13.4       818
  819 2021- 1-27 16:46     - 54 36  161 17   2.94 0.20  0.0   17  7.2 15.3       819
  820 2021- 1-27 18:18       54 59  161 38  24.16 0.17  0.0    6  5.1  3.4       820
  821 2021- 1-27 18:18     - 54 46  161 18  17.97 0.34  0.0    5 19.0 25.8       821
  822 2021- 1-27 19:30       54 58  162 29  20.71 0.06  0.0    5  4.6  3.2       822
 *** DISTANCE & RESIDUAL WEIGHTING CANCELLED FOR EVENT: 2021  1 27 19 31
  823 2021- 1-27 19:31     - 54 55  162 32   0.30 0.82  0.0    4 50.0 55.3       823
 *** DISTANCE & RESIDUAL WEIGHTING CANCELLED FOR EVENT: 2021  1 27 20 54
  824 2021- 1-27 20:54     - 55  4  162 53   3.04 0.40  0.0    4 24.5 35.2       824
  825 2021- 1-27 21:14     - 54 30  161 51   2.90 0.20  0.0    9  8.3 17.6       825
  SEQ ---DATE--- TIME REMARK -LAT-  --LON-  DEPTH  RMS PMAG  NUM  ERH  ERZ  ID
  826 2021- 1-27 21:23       54 57  162 16   3.31 0.10  0.0    5  2.6  4.1       826
  827 2021- 1-27 21:23     - 54 58  162 16   0.07 0.05  0.0    4  1.3 12.8       827
 *** DISTANCE & RESIDUAL WEIGHTING CANCELLED FOR EVENT: 2021  1 27 21 51
  828 2021- 1-27 21:51     - 54 58  163  7   3.00 1.03  0.0    5 35.7 77.9       828
  829 2021- 1-27 22:16     - 54 55  161 24  28.07 0.10  0.0    9 13.3  3.9       829
  830 2021- 1-27 22:17     - 54 52  161 14  18.99 0.12  0.0    7 11.8  6.9       830
  831 2021- 1-27 23:29     - 54 55  160 30   3.55 0.25  0.0   10 20.9 23.8       831
  832 2021- 1-27 23:29     - 55 41  162 11   5.36 0.26  0.0    4 14.2 24.6       832
  833 2021- 1-28  3:30     - 55  8  163 19   2.87 0.02  0.0    4  5.4 11.4       833
  834 2021- 1-28  4:36     - 55  3  161 28  28.59 0.22  0.0    7 17.4  6.4       834
  835 2021- 1-28  4:37     - 54 59  161 28  45.52 0.14  0.0    4 15.4  5.2       835
 *** DISTANCE & RESIDUAL WEIGHTING CANCELLED FOR EVENT: 2021  1 28  4 54
  836 2021- 1-28  4:54     - 55 11  161  2   3.00 0.19  0.0    4 18.4 19.9       836
 *** DISTANCE & RESIDUAL WEIGHTING CANCELLED FOR EVENT: 2021  1 28  5  2
  837 2021- 1-28  5:02     - 54 48  162 17   2.31 0.60  0.0    6 21.5 46.4       837
 *** DISTANCE & RESIDUAL WEIGHTING CANCELLED FOR EVENT: 2021  1 28  5  2
  838 2021- 1-28  5:02     - 55  9  161 59   2.70 0.92  0.0    4 13.5 60.1       838
 *** DISTANCE & RESIDUAL WEIGHTING CANCELLED FOR EVENT: 2021  1 28  6 36
  839 2021- 1-28  6:36     - 54 58  161  6   3.00 0.57  0.0    4 43.7 47.8       839
  840 2021- 1-28  6:46     - 55 24  160 49  42.29 0.14  0.0    9 13.1  7.3       840
  SEQ ---DATE--- TIME REMARK -LAT-  --LON-  DEPTH  RMS PMAG  NUM  ERH  ERZ  ID
  841 2021- 1-28  6:46     - 55 15  159 49   2.99 0.34  0.0    9 24.8 30.4       841
  842 2021- 1-28  7:30     # 54 56  162  9   0.06 0.10  0.0    6  8.0  9.9       842
  843 2021- 1-28  7:30     - 54 48  162 19   6.11 0.17  0.0    5 16.8 17.8       843
  844 2021- 1-28  8:01     - 54 49  162 49   7.12 0.20  0.0    5  4.5 20.8       844
  845 2021- 1-28 10:11     - 54 23  161 17   2.78 0.14  0.0    6  7.6 15.1       845
 *** DISTANCE & RESIDUAL WEIGHTING CANCELLED FOR EVENT: 2021  1 28 10 12
  846 2021- 1-28 10:11     - 55 15  161 43   6.14 0.01  0.0    4  9.9  0.7       846
  847 2021- 1-28 10:39     - 54 23  161 55   2.74 0.15  0.0    6  7.5 16.1       847
  848 2021- 1-28 11:14     - 54 31  161  9  36.06 0.18  0.0   12  2.4 17.3       848
  849 2021- 1-28 16:46     - 54 58  161 10  31.51 0.23  0.0   10 17.2  1.5       849
  850 2021- 1-28 16:46     - 54 41  160 44  17.08 0.17  0.0    8 12.9 18.7       850
  851 2021- 1-28 18:14     - 54 56  162 39   0.03 0.08  0.0    4 12.6  3.8       851
  852 2021- 1-28 18:16     - 55 20  163  3   2.85 0.10  0.0    4  6.4 13.6       852
  853 2021- 1-28 18:32     - 54 59  162 34   5.27 0.01  0.0    4 11.8  1.0       853
  854 2021- 1-28 18:32     - 54 57  162 31   9.99 0.24  0.0    4 19.1  8.7       854
  855 2021- 1-28 19:21     # 55  7  161 18   0.09 0.16  0.0    6 12.5  3.0       855
  SEQ ---DATE--- TIME REMARK -LAT-  --LON-  DEPTH  RMS PMAG  NUM  ERH  ERZ  ID
  856 2021- 1-28 19:21     - 55 12  161  3   3.00 0.19  0.0    4 18.1 19.3       856
  857 2021- 1-28 20:22     - 55  8  161 16   4.35 0.27  0.0    8 19.4 25.6       857
  858 2021- 1-28 20:22     # 55  9  161 19  16.99 0.09  0.0    8  5.3  0.7       858
  859 2021- 1-29  0:16     - 54 41  161  2  37.72 0.22  0.0   11 19.9 15.1       859
  860 2021- 1-29  0:16     - 55 13  162 15   6.92 0.06  0.0    4  0.9 13.4       860
 *** DISTANCE & RESIDUAL WEIGHTING CANCELLED FOR EVENT: 2021  1 29  0 17
  861 2021- 1-29  0:16     - 55 44  162 46   3.01 0.69  0.0    4 48.8 58.3       861
 *** DISTANCE & RESIDUAL WEIGHTING CANCELLED FOR EVENT: 2021  1 29  1 20
  862 2021- 1-29  1:20     # 54 56  162  6   3.00 0.95  0.0    5 33.3 33.3       862
  863 2021- 1-29  3:20     - 55  9  161 47   2.07 0.02  0.0    4  4.2 12.3       863
  864 2021- 1-29  5:23     - 55 10  161 42  15.89 0.08  0.0    5 10.5  7.8       864
  865 2021- 1-29  5:23     - 54 60  160 30   4.76 0.14  0.0    4 14.8 15.6       865
  866 2021- 1-29  6:34     - 55 45  161 28   4.19 0.27  0.0    8  9.5 17.0       866
 *** DISTANCE & RESIDUAL WEIGHTING CANCELLED FOR EVENT: 2021  1 29  6 35
  867 2021- 1-29  6:35     # 55 20  162  3  22.73 0.94  0.0    5 11.2 28.0       867
  868 2021- 1-29  9:19       55 33  161 51   5.86 0.20  0.0   14  0.8  0.7       868
  869 2021- 1-29 11:42     - 54 43  161 10  25.12 0.20  0.0   11 14.7  6.9       869
  870 2021- 1-29 11:42     - 54 36  160 57  36.88 0.36  0.0    9 19.6 24.4       870
 *** DISTANCE & RESIDUAL WEIGHTING CANCELLED FOR EVENT: 2021  1 29 12  9
  SEQ ---DATE--- TIME REMARK -LAT-  --LON-  DEPTH  RMS PMAG  NUM  ERH  ERZ  ID
  871 2021- 1-29 12:09     - 55 32  161 57   3.00 0.32  0.0    4 20.0 13.0       871
 *** DISTANCE & RESIDUAL WEIGHTING CANCELLED FOR EVENT: 2021  1 29 12  9
  872 2021- 1-29 12:09     # 55 22  161 50  13.55 0.00  0.0    4  1.7  3.7       872
  873 2021- 1-29 13:27     - 55  6  160 59  12.06 0.14  0.0    7 12.7 15.2       873
  874 2021- 1-29 13:27     - 54 57  160 45   3.01 0.27  0.0    4 22.7 24.1       874
  875 2021- 1-29 13:27     - 53 59  163 17   1.71 0.17  0.0    4 14.1 11.2       875
  876 2021- 1-29 14:57     - 55  5  162  2   0.66 0.25  0.0    5  3.4 23.6       876
 *** DISTANCE & RESIDUAL WEIGHTING CANCELLED FOR EVENT: 2021  1 29 14 58
  877 2021- 1-29 14:57     - 55  1  161 29   0.20 0.51  0.0    4 34.4  8.1       877
  878 2021- 1-29 21:11     - 54 35  161 17  35.49 0.16  0.0   12  2.1 15.1       878
  879 2021- 1-29 21:11     - 54 41  160 55   3.05 0.11  0.0    5 13.2 13.9       879
  880 2021- 1-29 23:59     - 55 22  162 16   2.99 0.06  0.0    4  1.2 13.4       880
  881 2021- 1-30  5:15     - 55 26  161 20  22.98 0.01  0.0    4 11.6  7.1       881
  882 2021- 1-30  5:15     - 55 29  161 14  30.86 0.10  0.0    4 13.0  6.7       882
  883 2021- 1-30  6:22     - 54 33  161  0  43.35 0.31  0.0    9  9.8 19.0       883
  884 2021- 1-30  8:39       55 28  161 55   7.53 0.01  0.0    4  2.5  6.9       884
 *** DISTANCE & RESIDUAL WEIGHTING CANCELLED FOR EVENT: 2021  1 30 12 40
  885 2021- 1-30 12:40     # 55 13  161 51   2.77 0.82  0.0    6  4.2 21.0       885
  SEQ ---DATE--- TIME REMARK -LAT-  --LON-  DEPTH  RMS PMAG  NUM  ERH  ERZ  ID
  886 2021- 1-30 12:42     - 54 56  161  5  24.62 0.28  0.0    8 22.5 12.7       886
  887 2021- 1-30 12:41     - 54 35  160 20  25.53 0.20  0.0    7 18.0 20.5       887
 *** DISTANCE & RESIDUAL WEIGHTING CANCELLED FOR EVENT: 2021  1 30 14 42
  888 2021- 1-30 14:42     # 55 12  161 42  12.90 0.25  0.0    4 12.7  9.5       888
  889 2021- 1-30 15:54     - 55 10  161 12   3.00 0.17  0.0    5 16.2 18.9       889
  890 2021- 1-30 15:54     - 55  6  160 32   3.02 0.34  0.0    5 27.0 30.5       890
  891 2021- 1-30 16:39     - 55 12  161 21   0.03 0.10  0.0    4 14.2  4.1       891
 *** DISTANCE & RESIDUAL WEIGHTING CANCELLED FOR EVENT: 2021  1 30 16 39
  892 2021- 1-30 16:39     - 55 13  161  3   3.00 1.25  0.0    5 67.1 99.0       892
  893 2021- 1-30 17:50       55  2  162 21   1.89 0.05  0.0    5  2.4  1.4       893
 *** DISTANCE & RESIDUAL WEIGHTING CANCELLED FOR EVENT: 2021  1 30 17 51
  894 2021- 1-30 17:51     - 55  1  162 12   0.71 0.28  0.0    4  4.9 26.5       894
  895 2021- 1-30 17:56     - 54 58  161 33  27.42 0.24  0.0    5 19.3  6.4       895
  896 2021- 1-30 17:57       55 10  161 58   4.86 0.01  0.0    5  0.7  1.1       896
  897 2021- 1-30 18:13     - 54 35  161 18   2.99 0.18  0.0   17  7.0 14.8       897
  898 2021- 1-30 18:26     - 54 59  161 31  22.18 0.16  0.0    7 15.2  4.4       898
  899 2021- 1-30 18:26     - 55  1  161 40  18.16 0.11  0.0    5 10.4  2.0       899
  900 2021- 1-30 19:12     - 54 47  161 12   2.95 0.25  0.0   18  7.4 15.6       900
  SEQ ---DATE--- TIME REMARK -LAT-  --LON-  DEPTH  RMS PMAG  NUM  ERH  ERZ  ID
  901 2021- 1-30 19:18       54 53  161 24  35.06 0.23  0.0    6  6.8  9.3       901
  902 2021- 1-30 20:11     - 55  5  163 26   3.19 0.28  0.0    8 11.6 23.8       902
  903 2021- 1-30 20:11     - 54 20  161 37   6.07 0.15  0.0    7 11.2  8.7       903
  904 2021- 1-30 20:48     - 54 31  161 42   2.46 0.20  0.0   10  8.5 17.8       904
  905 2021- 1-30 20:55     - 54 14  161 39   0.13 0.10  0.0    5  6.5 13.6       905
 *** DISTANCE & RESIDUAL WEIGHTING CANCELLED FOR EVENT: 2021  1 30 20 56
  906 2021- 1-30 20:55     - 54 58  161 30   3.00 0.60  0.0    4 49.0  8.3       906
  907 2021- 1-30 21:39     - 54 39  161 42   3.24 0.29  0.0   15  9.8 21.2       907
  908 2021- 1-30 21:46     - 54 60  161  3  32.63 0.27  0.0    4 22.5 22.8       908
  909 2021- 1-30 23:05     - 55  3  161 42  23.30 0.06  0.0    4 12.7  3.9       909
  910 2021- 1-31  0:52     # 55  0  162 20  68.31 0.57  0.0    5 18.7  3.8       910
  911 2021- 1-31  1:00     - 54 32  161 34   3.13 0.18  0.0   10 15.2 19.5       911
  912 2021- 1-31  1:00     - 54  3  161  9   9.98 0.17  0.0    8 15.7  8.8       912
 *** DISTANCE & RESIDUAL WEIGHTING CANCELLED FOR EVENT: 2021  1 31  1 56
  913 2021- 1-31  1:56     - 55  8  161 15   3.00 0.21  0.0    4 21.0  8.0       913
  914 2021- 1-31  5:23     - 54 60  161 24  20.74 0.21  0.0    7 17.0  6.9       914
  915 2021- 1-31  5:23       55 10  161 46  15.06 0.06  0.0    5  6.9  5.5       915
  SEQ ---DATE--- TIME REMARK -LAT-  --LON-  DEPTH  RMS PMAG  NUM  ERH  ERZ  ID
  916 2021- 1-31  5:26     - 54 40  160 55  24.78 0.16  0.0   10 15.7  3.5       916
  917 2021- 1-31  5:27     - 54 45  161 13  30.89 0.10  0.0    6 10.8  1.4       917
  918 2021- 1-31  6:25     - 55 11  161 22  10.12 0.11  0.0    5  4.0 12.2       918
  919 2021- 1-31  6:26       55 13  161 25  14.02 0.00  0.0    4  2.7  6.1       919
  920 2021- 1-31  6:26     - 54 59  161 24  23.82 0.19  0.0    7 17.0  5.6       920
  921 2021- 1-31  6:26     - 54 51  161 19  21.24 0.08  0.0    4 13.3  6.5       921
  922 2021- 1-31  7:34     - 54 59  161 27  21.23 0.20  0.0    8 16.1  5.7       922
  923 2021- 1-31  7:35     - 54 42  161  1  20.27 0.25  0.0    6 17.3 19.7       923
 *** DISTANCE & RESIDUAL WEIGHTING CANCELLED FOR EVENT: 2021  1 31  7 45
  924 2021- 1-31  7:45     - 55  9  160 53  39.91 0.68  0.0    6 56.0 35.8       924
  925 2021- 1-31  7:45     - 54 58  160 52   3.01 0.17  0.0    4 15.9 16.7       925
  926 2021- 1-31 12:23     - 54 56  160 56   3.00 0.23  0.0    5 21.2 23.1       926
 *** DISTANCE & RESIDUAL WEIGHTING CANCELLED FOR EVENT: 2021  1 31 13 37
  927 2021- 1-31 13:37     - 55  2  162 12   2.13 0.15  0.0    4  4.4 16.4       927
  928 2021- 1-31 13:41     - 54 57  161 59   5.22 0.12  0.0    5 13.5  1.2       928
  929 2021- 1-31 13:46     - 54 52  162 16   6.86 0.04  0.0    5 10.9  6.5       929
  930 2021- 1-31 13:58     - 55  5  161 24   2.40 0.09  0.0    4 11.4  3.0       930
  SEQ ---DATE--- TIME REMARK -LAT-  --LON-  DEPTH  RMS PMAG  NUM  ERH  ERZ  ID
  931 2021- 1-31 16:00     - 55 12  162 58   3.01 0.21  0.0    4 17.4 21.1       931
  932 2021- 1-31 17:46       55 19  161 54  14.87 0.08  0.0    6  2.1  1.0       932
  933 2021- 1-31 18:09     - 55  2  162 21  11.46 0.07  0.0    4 11.4  7.7       933
 *** DISTANCE & RESIDUAL WEIGHTING CANCELLED FOR EVENT: 2021  1 31 18 12
  934 2021- 1-31 18:11     - 54 51  162 27   3.01 0.88  0.0    4 64.3 73.4       934
  935 2021- 1-31 18:32     - 55 13  162 20   2.77 0.45  0.0    4 26.8 20.4       935
  936 2021- 1-31 20:52     - 54 60  162 18   1.44 0.05  0.0    5  3.4 11.8       936
 *** DISTANCE & RESIDUAL WEIGHTING CANCELLED FOR EVENT: 2021  1 31 22 31
  937 2021- 1-31 22:30     - 55  2  162 51   3.00 2.02  0.0    4 98.9 98.9       937
  938 2021- 1-31 22:30     - 55 18  161 39   4.93 0.04  0.0    4 11.1  1.1       938
 *** DISTANCE & RESIDUAL WEIGHTING CANCELLED FOR EVENT: 2021  1 31 23 24
  939 2021- 1-31 23:24     - 55 14  162 12   3.00 2.03  0.0    4 34.7 98.4       939
  940 2021- 2- 1  0:03     - 55  9  163 12   5.64 0.27  0.0    8  9.9 21.5       940
  941 2021- 2- 1  0:04     - 54 53  162 16   5.07 0.09  0.0    5 12.2  6.0       941
 *** DISTANCE & RESIDUAL WEIGHTING CANCELLED FOR EVENT: 2021  2  1  3 27
  942 2021- 2- 1  3:27     - 55  9  162  0   3.00 1.29  0.0    4 14.7 85.8       942
  943 2021- 2- 1  3:47       55 18  161 14  32.95 0.09  0.0    7  8.8  2.7       943
  944 2021- 2- 1  3:48     - 55 14  161  6   3.08 0.19  0.0    5 16.1 19.6       944
  945 2021- 2- 1  4:24     - 54 56  161 19  30.73 0.19  0.0    7 17.9  6.0       945
  SEQ ---DATE--- TIME REMARK -LAT-  --LON-  DEPTH  RMS PMAG  NUM  ERH  ERZ  ID
  946 2021- 2- 1  4:24     - 55  7  161 43  19.94 0.21  0.0    5 16.3  7.8       946
  947 2021- 2- 1  4:32     - 54 31  161 45   2.93 0.18  0.0   14  7.5 15.9       947
  948 2021- 2- 1  4:48     - 55 16  161 39   4.30 0.01  0.0    4  8.9  1.1       948
 *** DISTANCE & RESIDUAL WEIGHTING CANCELLED FOR EVENT: 2021  2  1  4 48
  949 2021- 2- 1  4:48     # 55 13  161 50   2.86 0.71  0.0    5  5.8 21.9       949
  950 2021- 2- 1  8:20     - 54 57  161 12  17.60 0.11  0.0    4  3.5 15.1       950
 *** DISTANCE & RESIDUAL WEIGHTING CANCELLED FOR EVENT: 2021  2  1  9 58
  951 2021- 2- 1  9:57     - 54 48  161 17   3.00 1.08  0.0    4 81.2 86.5       951
  952 2021- 2- 1 13:02     - 55  3  163 12   5.30 0.47  0.0    5 16.3 36.8       952
  953 2021- 2- 1 15:49     - 54 51  160 58  33.79 0.19  0.0   11 14.8 19.5       953
  954 2021- 2- 1 15:49     - 54 37  160 33  32.79 0.49  0.0   10 32.0 42.4       954
 *** DISTANCE & RESIDUAL WEIGHTING CANCELLED FOR EVENT: 2021  2  1 17 22
  955 2021- 2- 1 17:22     - 55 28  162 35   3.00 0.26  0.0    4  8.4 21.6       955
  956 2021- 2- 1 17:28     - 55  5  161 26  26.60 0.23  0.0    7 17.2  6.0       956
  957 2021- 2- 1 17:28     - 54 54  161  4  33.21 0.50  0.0    7 34.6 42.4       957
 *** DISTANCE & RESIDUAL WEIGHTING CANCELLED FOR EVENT: 2021  2  1 18 25
  958 2021- 2- 1 18:25     - 55  8  161 19   1.64 0.18  0.0    4 14.4  3.8       958
 *** DISTANCE & RESIDUAL WEIGHTING CANCELLED FOR EVENT: 2021  2  1 19 17
  959 2021- 2- 1 19:17     - 55 17  160 56   2.99 0.51  0.0    4 32.0 43.8       959
  960 2021- 2- 1 19:17     - 54 46  160 40   3.05 0.13  0.0    7  6.9 15.1       960
  SEQ ---DATE--- TIME REMARK -LAT-  --LON-  DEPTH  RMS PMAG  NUM  ERH  ERZ  ID
  961 2021- 2- 1 20:17     - 54 37  161 16   2.96 0.16  0.0   16  6.4 13.4       961
  962 2021- 2- 2  3:43     - 55 18  162 48   3.33 1.22  0.0    6 36.2 80.6       962
  963 2021- 2- 2  7:32     - 55  3  161 23  27.65 0.24  0.0    8 16.1  6.3       963
  964 2021- 2- 2  7:32     - 54 54  161  4  18.82 0.14  0.0    6 11.7 10.6       964
 *** DISTANCE & RESIDUAL WEIGHTING CANCELLED FOR EVENT: 2021  2  2  8 29
  965 2021- 2- 2  8:28     - 55  6  161 29  33.46 0.36  0.0    4 26.6  8.9       965
  966 2021- 2- 2  9:34     - 54 57  161  9  11.54 0.18  0.0    5 12.8 13.9       966
 *** DISTANCE & RESIDUAL WEIGHTING CANCELLED FOR EVENT: 2021  2  2  9 34
  967 2021- 2- 2  9:34     # 55  9  161 47  20.83 0.74  0.0    6 18.0 14.5       967
  968 2021- 2- 2 10:43       55 23  161 49   2.80 0.00  0.0    4  1.8  3.7       968
 *** DISTANCE & RESIDUAL WEIGHTING CANCELLED FOR EVENT: 2021  2  2 10 43
  969 2021- 2- 2 10:43     # 55 17  161 55  19.75 0.91  0.0    4  8.9 16.1       969
  970 2021- 2- 2 11:25     - 55  2  161 25  29.11 0.18  0.0    7 16.0  5.4       970
  971 2021- 2- 2 11:25     # 55 21  161 47   0.09 0.26  0.0    4  3.2 15.7       971
  972 2021- 2- 2 13:35     - 55  5  161 27  20.26 0.19  0.0    6 16.2  5.8       972
  973 2021- 2- 2 13:35     - 55  2  161 11  17.91 0.22  0.0    6 15.3 16.5       973
  974 2021- 2- 2 22:32     # 55  3  162  9   3.85 0.05  0.0    4  3.6  1.3       974
  975 2021- 2- 3  0:49     - 54 57  161 36  24.92 0.02  0.0    4 11.6  3.2       975
  SEQ ---DATE--- TIME REMARK -LAT-  --LON-  DEPTH  RMS PMAG  NUM  ERH  ERZ  ID
  976 2021- 2- 3  0:49     - 55 11  161 58   2.72 0.04  0.0    4  2.4 10.7       976
  977 2021- 2- 3  5:24     - 54 57  161 18  10.03 0.18  0.0    7 16.1 17.8       977
  978 2021- 2- 3  5:24     - 54 50  160 59  17.04 0.76  0.0    7 55.0 64.3       978
  979 2021- 2- 3  5:28     - 54 58  162 13   0.18 0.06  0.0    5  1.2 11.4       979
  980 2021- 2- 3  6:41       55  2  160 53  53.51 0.05  0.0    9  4.6  7.1       980
 *** DISTANCE & RESIDUAL WEIGHTING CANCELLED FOR EVENT: 2021  2  3  7 25
  981 2021- 2- 3  7:25     - 54 55  162  7   3.25 0.44  0.0    5 16.2 34.9       981
  982 2021- 2- 3  7:25       55  4  161 28  33.28 0.06  0.0    4  5.6  2.8       982
  983 2021- 2- 3  8:31     - 55  9  161 49  16.02 0.12  0.0    4  9.9  8.9       983
  984 2021- 2- 3  8:32     - 54 55  161 31  19.34 0.13  0.0    4 12.7  3.1       984
  985 2021- 2- 3  9:02     - 54 29  162 11   2.81 0.19  0.0    8  8.4 18.2       985
  986 2021- 2- 3 11:02     - 55  9  163 16   2.90 0.02  0.0    4  5.4 11.4       986
 *** DISTANCE & RESIDUAL WEIGHTING CANCELLED FOR EVENT: 2021  2  3 11 48
  987 2021- 2- 3 11:48     - 55 21  161 49   0.24 0.18  0.0    4  2.0 16.5       987
 *** DISTANCE & RESIDUAL WEIGHTING CANCELLED FOR EVENT: 2021  2  3 11 48
  988 2021- 2- 3 11:48     - 55  7  160 60   3.00 0.83  0.0    4 54.0 69.2       988
 *** DISTANCE & RESIDUAL WEIGHTING CANCELLED FOR EVENT: 2021  2  3 12  5
  989 2021- 2- 3 12:05     - 55  7  161 41  11.03 0.71  0.0    5 57.8  4.4       989
 *** DISTANCE & RESIDUAL WEIGHTING CANCELLED FOR EVENT: 2021  2  3 14  7
  990 2021- 2- 3 14:07     - 54 21  162 12  33.12 0.37  0.0    4 24.1 33.1       990
 *** DISTANCE & RESIDUAL WEIGHTING CANCELLED FOR EVENT: 2021  2  3 15 34
  SEQ ---DATE--- TIME REMARK -LAT-  --LON-  DEPTH  RMS PMAG  NUM  ERH  ERZ  ID
  991 2021- 2- 3 15:34     - 55 52  161 34   3.00 0.21  0.0    4  9.1 19.7       991
  992 2021- 2- 3 15:34     - 55  5  163 31   3.17 0.26  0.0    5 10.7 22.6       992
  993 2021- 2- 3 15:36     - 55  3  160 55  32.61 0.22  0.0   10 16.2 22.1       993
  994 2021- 2- 3 15:36     - 55  2  160 58   3.01 0.11  0.0    5 12.3 15.4       994
  995 2021- 2- 3 15:36     - 54 50  162 52   3.03 0.10  0.0    4 11.3 15.1       995
  996 2021- 2- 3 17:32     - 54 53  161 27  32.03 0.15  0.0    9 12.8  1.0       996
  997 2021- 2- 3 17:32     - 55  3  161 15   2.55 0.13  0.0    5  8.3 16.6       997
  998 2021- 2- 3 17:35     - 54 33  161 15  18.48 0.15  0.0   15  1.6 16.9       998
  999 2021- 2- 3 18:07     - 54 54  161 30  23.74 0.23  0.0    9 17.0  6.2       999
 1000 2021- 2- 3 18:07     - 54 38  161  5   3.06 0.24  0.0    5 20.6 23.4      1000
 1001 2021- 2- 3 21:42       55  4  161 36  20.19 0.17  0.0    7  2.2  1.9      1001
 1002 2021- 2- 3 22:08       55 19  161 45   6.37 0.06  0.0    5  3.8  0.9      1002
 1003 2021- 2- 3 22:17       55 19  161 16  29.61 0.20  0.0   11  3.9  5.4      1003
 1004 2021- 2- 3 22:33     - 54 40  161 34   3.00 0.10  0.0    5 13.6 14.8      1004
 *** DISTANCE & RESIDUAL WEIGHTING CANCELLED FOR EVENT: 2021  2  3 23 59
 1005 2021- 2- 3 23:59     - 55  6  161 22  28.87 0.36  0.0    4 28.8 14.1      1005
  SEQ ---DATE--- TIME REMARK -LAT-  --LON-  DEPTH  RMS PMAG  NUM  ERH  ERZ  ID
 1006 2021- 2- 4  1:09     - 54 50  161 29  15.84 0.13  0.0    7 15.7  2.2      1006
 1007 2021- 2- 4  1:09     - 54 47  161 19   8.38 0.06  0.0    6  7.2 11.7      1007
 1008 2021- 2- 4  1:18     - 54 51  161 15  28.44 0.17  0.0    8 16.5  5.1      1008
 1009 2021- 2- 4  1:18     - 55  4  161 39  54.15 0.11  0.0    6  8.4  8.7      1009
 1010 2021- 2- 4  2:01     - 55  8  163 21   2.46 0.97  0.0    9 32.0 66.8      1010
 1011 2021- 2- 4  4:21     - 54 34  163 19   3.06 0.15  0.0    6 10.9 16.1      1011
 1012 2021- 2- 4  6:06     - 54 60  161  8  21.53 0.21  0.0    9 17.7 10.9      1012
 1013 2021- 2- 4  6:07     - 54 48  160 40  35.49 0.39  0.0   11 19.6 28.4      1013
 1014 2021- 2- 4  6:09     - 54 59  161  3  27.80 0.15  0.0    9 14.5  2.8      1014
 1015 2021- 2- 4  6:09     - 55  1  161  6  17.02 0.18  0.0    6 12.8 19.8      1015
 1016 2021- 2- 4  6:32     - 55  6  160 37   3.01 0.22  0.0    8 20.4 22.0      1016
 1017 2021- 2- 4  6:32     - 55  9  161  7  58.10 0.15  0.0    6 15.1  5.5      1017
 1018 2021- 2- 4  7:21     - 55 27  161 45   0.78 0.03  0.0    4  2.6 10.5      1018
 1019 2021- 2- 4 10:35     - 55 18  161 38   0.90 0.00  0.0    4  2.5 10.6      1019
 1020 2021- 2- 4 12:19     - 54 58  162 21  13.23 0.02  0.0    6  6.8  7.5      1020
  SEQ ---DATE--- TIME REMARK -LAT-  --LON-  DEPTH  RMS PMAG  NUM  ERH  ERZ  ID
 1021 2021- 2- 4 12:19       54 58  162 19   9.88 0.00  0.0    5  4.6  5.6      1021
 1022 2021- 2- 4 12:39     - 55 20  163  4   3.11 0.34  0.0    7  9.9 31.1      1022
 1023 2021- 2- 4 14:11       54 56  162 14   3.97 0.00  0.0    4  4.2  1.3      1023
 1024 2021- 2- 4 17:15     - 55  1  161 16   3.00 0.35  0.0    4 29.0 31.3      1024
 1025 2021- 2- 4 17:22     - 54 51  161  9  26.95 0.25  0.0   10 18.0  3.1      1025
 1026 2021- 2- 4 17:22     - 54 41  160 44  34.98 0.38  0.0    9 23.0 29.2      1026
 1027 2021- 2- 4 19:28     - 54 30  161 46   2.90 0.21  0.0   12  8.4 18.0      1027
 1028 2021- 2- 4 20:24     - 55  9  160 49   3.00 0.16  0.0    8 13.1 18.0      1028
 1029 2021- 2- 4 20:25     - 55 11  160 47  34.87 0.24  0.0    8 13.7 12.4      1029
 1030 2021- 2- 5  4:13     - 54 59  161 23   5.94 0.26  0.0    8 18.1 24.6      1030
 1031 2021- 2- 5  4:13     - 54 53  161 10  29.93 0.27  0.0    5 24.2  7.8      1031
 1032 2021- 2- 5  4:19       55 18  161 40   6.42 0.02  0.0    5  7.5  0.9      1032
 1033 2021- 2- 5  4:19     - 55  9  160 56  12.27 0.15  0.0    4 14.6 13.9      1033
 *** DISTANCE & RESIDUAL WEIGHTING CANCELLED FOR EVENT: 2021  2  5  5 36
 1034 2021- 2- 5  5:36     - 54 59  162 11   2.93 0.14  0.0    4  1.8 14.7      1034
 1035 2021- 2- 5  6:29     - 55 49  162 42   2.92 0.18  0.0    4  8.1 17.4      1035
  SEQ ---DATE--- TIME REMARK -LAT-  --LON-  DEPTH  RMS PMAG  NUM  ERH  ERZ  ID
 1036 2021- 2- 5 12:14     - 55  3  161 28   8.88 0.19  0.0    5 13.6 17.2      1036
 *** DISTANCE & RESIDUAL WEIGHTING CANCELLED FOR EVENT: 2021  2  5 15 37
 1037 2021- 2- 5 15:37     - 55 10  161 20   0.48 0.15  0.0    4 14.3  4.6      1037
 1038 2021- 2- 5 15:56     - 55  6  161 30  34.31 0.05  0.0    4 12.7  2.4      1038
 1039 2021- 2- 5 16:09     - 55 23  162  8   1.68 0.25  0.0    4 20.9 12.4      1039
 *** DISTANCE & RESIDUAL WEIGHTING CANCELLED FOR EVENT: 2021  2  5 16  9
 1040 2021- 2- 5 16:09     - 55  1  162  2   4.09 0.20  0.0    4  5.3 16.5      1040
 1041 2021- 2- 5 16:17     - 54 57  161 29  37.60 0.06  0.0    5 11.9  4.5      1041
 1042 2021- 2- 5 16:17     - 54 57  161 28  47.41 0.05  0.0    5 11.9  4.2      1042
 1043 2021- 2- 5 16:22     - 54 59  161 34  21.64 0.17  0.0    7 14.8  4.7      1043
 1044 2021- 2- 5 16:22     - 55  3  161 46  20.45 0.11  0.0    5 13.1  5.9      1044
 1045 2021- 2- 5 17:07     - 54 44  161 13  33.77 0.26  0.0    9 18.2 22.3      1045
 1046 2021- 2- 5 17:08     - 54 43  161  3  18.93 0.23  0.0    7 12.8 19.7      1046
 *** DISTANCE & RESIDUAL WEIGHTING CANCELLED FOR EVENT: 2021  2  5 19 55
 1047 2021- 2- 5 19:55     # 55  7  161 41   2.94 0.29  0.0    4 15.1  3.0      1047
 1048 2021- 2- 5 20:31     - 54 51  162 51   2.90 0.15  0.0    5  7.4 15.9      1048
 1049 2021- 2- 5 20:46     - 55  8  162 13   3.00 0.46  0.0    4 35.2 33.0      1049
 1050 2021- 2- 5 21:45     - 54 55  161 33  17.64 0.22  0.0    9 15.9  6.7      1050
  SEQ ---DATE--- TIME REMARK -LAT-  --LON-  DEPTH  RMS PMAG  NUM  ERH  ERZ  ID
 1051 2021- 2- 5 21:45     - 54 47  161 30  15.46 0.12  0.0    8 11.0  1.4      1051
 1052 2021- 2- 6  0:21     # 55 15  162 34   3.00 1.26  0.0    6 33.7 42.7      1052
 1053 2021- 2- 6  2:27     - 55  1  161  9  18.03 0.16  0.0    8 12.2 10.6      1053
 1054 2021- 2- 6  2:27     - 55  2  161 15  32.23 0.14  0.0    5 14.7  0.7      1054
 1055 2021- 2- 6  5:02       54 56  160 29  57.45 0.15  0.0   12  4.0  8.6      1055
 1056 2021- 2- 6  5:46     - 54 40  160 42   1.79 0.16  0.0    8  7.5 16.5      1056
 1057 2021- 2- 6  5:55     - 54 57  161 31  21.81 0.07  0.0    6 12.5  2.9      1057
 *** DISTANCE & RESIDUAL WEIGHTING CANCELLED FOR EVENT: 2021  2  6  5 55
 1058 2021- 2- 6  5:55     - 54 58  161 37  18.12 0.31  0.0    4 25.7  9.0      1058
 1059 2021- 2- 6  6:03     - 55  6  162 56   3.03 0.08  0.0    9  5.0 10.9      1059
 1060 2021- 2- 6  6:04     - 54 49  162 50   3.23 0.15  0.0    5  7.5 16.2      1060
 *** DISTANCE & RESIDUAL WEIGHTING CANCELLED FOR EVENT: 2021  2  6  6 44
 1061 2021- 2- 6  6:43     - 54 31  162  8   2.99 0.54  0.0    4 19.6 42.4      1061
 1062 2021- 2- 6  7:15       55  6  161 45  20.96 0.09  0.0    6  2.3  3.8      1062
 1063 2021- 2- 6 12:04     - 54 49  161  2  25.52 0.19  0.0    9 13.8  3.1      1063
 1064 2021- 2- 6 12:04     - 55  2  161 36   4.89 0.17  0.0    5  4.4 18.6      1064
 1065 2021- 2- 6 16:23     - 54 47  161  5   5.27 0.17  0.0    7 17.0 18.8      1065
 *** DISTANCE & RESIDUAL WEIGHTING CANCELLED FOR EVENT: 2021  2  6 16 24
  SEQ ---DATE--- TIME REMARK -LAT-  --LON-  DEPTH  RMS PMAG  NUM  ERH  ERZ  ID
 1066 2021- 2- 6 16:24     - 55  9  161 57   2.63 0.19  0.0    4  4.8 16.8      1066
 1067 2021- 2- 6 16:39     - 54 55  161 19  22.18 0.13  0.0    7 14.3  7.7      1067
 1068 2021- 2- 6 16:40     # 55  1  161 34   0.03 0.43  0.0    5 18.0  7.1      1068
 1069 2021- 2- 6 16:49     - 55  4  161 22   0.02 0.35  0.0    7 22.3  5.1      1069
 *** DISTANCE & RESIDUAL WEIGHTING CANCELLED FOR EVENT: 2021  2  6 16 50
 1070 2021- 2- 6 16:50     # 55 15  162 20   9.52 0.59  0.0    5  3.6 26.5      1070
 1071 2021- 2- 6 18:39     - 54 37  161 16   3.06 0.17  0.0   17  6.5 13.7      1071
 1072 2021- 2- 6 19:35     - 54 37  161 18   3.10 0.16  0.0   17  6.3 13.3      1072
 1073 2021- 2- 6 19:50     - 54 36  161 18   3.07 0.16  0.0   16  6.5 13.9      1073
 1074 2021- 2- 6 20:12     - 54 34  161 17  18.34 0.14  0.0   11  1.4 16.3      1074
 1075 2021- 2- 6 20:15     - 54 36  161 18   3.09 0.19  0.0   17  7.0 14.7      1075
 1076 2021- 2- 6 20:19     - 54 37  161 18   3.04 0.16  0.0   16  6.2 13.2      1076
 *** DISTANCE & RESIDUAL WEIGHTING CANCELLED FOR EVENT: 2021  2  6 21 19
 1077 2021- 2- 6 21:19     - 55 13  162 41   1.50 0.34  0.0    4 19.2 15.5      1077
 1078 2021- 2- 6 22:38     - 55 55  162 35   2.86 0.11  0.0    6  8.1 14.1      1078
 *** DISTANCE & RESIDUAL WEIGHTING CANCELLED FOR EVENT: 2021  2  7  0 30
 1079 2021- 2- 7  0:29     - 55 42  162 48   3.00 0.78  0.0    4 27.7 60.3      1079
 1080 2021- 2- 7  0:37       55 19  161 41   1.78 0.00  0.0    4  4.4  7.6      1080
  SEQ ---DATE--- TIME REMARK -LAT-  --LON-  DEPTH  RMS PMAG  NUM  ERH  ERZ  ID
 1081 2021- 2- 7  1:21     - 55  8  161  0   3.00 0.34  0.0   10 23.2 30.9      1081
 1082 2021- 2- 7  1:21     - 55 11  160 35  45.06 0.30  0.0    9 21.7  7.4      1082
 1083 2021- 2- 7  1:43     - 55  3  161 23   1.48 0.09  0.0    7 11.4  3.9      1083
 *** DISTANCE & RESIDUAL WEIGHTING CANCELLED FOR EVENT: 2021  2  7  1 44
 1084 2021- 2- 7  1:44     - 55 15  162 29   4.09 0.77  0.0    4 23.7 51.9      1084
 1085 2021- 2- 7  1:58       54 34  161 22  29.68 0.12  0.0    9  3.0  0.8      1085
 1086 2021- 2- 7  3:18     - 55  8  161 18  13.72 0.15  0.0    5 17.0 13.4      1086
 1087 2021- 2- 7  3:40     - 54 50  163 37   2.99 0.06  0.0    4  5.6 12.2      1087
 1088 2021- 2- 7  3:42     - 55  2  161  0  27.52 0.19  0.0    8 17.4  3.0      1088
 1089 2021- 2- 7  3:42     - 55  2  160 49   3.01 0.18  0.0    7 16.3 19.4      1089
 *** DISTANCE & RESIDUAL WEIGHTING CANCELLED FOR EVENT: 2021  2  7  4 34
 1090 2021- 2- 7  4:34     # 55  1  161 57   3.00 1.16  0.0    6 19.2 10.7      1090
 1091 2021- 2- 7  4:49     - 55 20  160 59  33.40 0.15  0.0   10 14.5 10.2      1091
 *** DISTANCE & RESIDUAL WEIGHTING CANCELLED FOR EVENT: 2021  2  7  4 50
 1092 2021- 2- 7  4:50     - 55 10  161 38   3.00 1.96  0.0    4 98.3 15.1      1092
 1093 2021- 2- 7  5:22     - 55  8  161 44  18.45 0.25  0.0    4 18.8  9.6      1093
 1094 2021- 2- 7  7:33     - 55 46  160 40   3.00 0.29  0.0    7 24.6 26.7      1094
 1095 2021- 2- 7  7:59     - 55 22  162 17   3.10 0.18  0.0    4  2.4 19.5      1095
  SEQ ---DATE--- TIME REMARK -LAT-  --LON-  DEPTH  RMS PMAG  NUM  ERH  ERZ  ID
 1096 2021- 2- 7 12:34     - 55 39  163 13   2.99 0.08  0.0    5  5.9 12.7      1096
 *** DISTANCE & RESIDUAL WEIGHTING CANCELLED FOR EVENT: 2021  2  7 12 38
 1097 2021- 2- 7 12:38     - 55 44  163 12   3.00 0.40  0.0    5 15.0 31.8      1097
 1098 2021- 2- 7 13:04     - 55 16  161 10  32.73 0.12  0.0    8 12.7  1.0      1098
 1099 2021- 2- 7 13:04     - 55 53  162  5   3.02 0.31  0.0    4 22.4 28.1      1099
 1100 2021- 2- 7 17:57     - 54 56  161 29  21.97 0.13  0.0    6 15.1  6.7      1100
 1101 2021- 2- 7 17:57     - 54 54  162  3   2.21 0.11  0.0    4 14.6  2.6      1101
 *** DISTANCE & RESIDUAL WEIGHTING CANCELLED FOR EVENT: 2021  2  7 18 15
 1102 2021- 2- 7 18:15     - 55 10  161 54   0.30 0.36  0.0    4  5.1 31.4      1102
 1103 2021- 2- 7 19:33       55  5  161 45  12.71 0.14  0.0    7  8.1  3.1      1103
 1104 2021- 2- 7 20:17     - 54 52  161  5  26.84 0.27  0.0   11 19.5  5.2      1104
 1105 2021- 2- 7 20:17       54 49  161  5  31.39 0.16  0.0    7 11.0  1.3      1105
 1106 2021- 2- 7 20:24     - 54 43  161  7  26.81 0.16  0.0    8 14.4 12.0      1106
 1107 2021- 2- 7 20:25     - 55  6  161 38   0.42 0.07  0.0    6  1.4 12.7      1107
 1108 2021- 2- 7 21:56       54 58  162 14   3.25 0.04  0.0    6  1.0  2.1      1108
 1109 2021- 2- 8  2:30     - 55  3  161 31  21.40 0.14  0.0    5 12.8  5.6      1109
 1110 2021- 2- 8  2:30     - 54 50  161 16  32.16 0.37  0.0    4 28.2  2.3      1110
  SEQ ---DATE--- TIME REMARK -LAT-  --LON-  DEPTH  RMS PMAG  NUM  ERH  ERZ  ID
 1111 2021- 2- 8  3:28     - 54 50  161  7   3.00 0.18  0.0    8 17.1 19.3      1111
 *** DISTANCE & RESIDUAL WEIGHTING CANCELLED FOR EVENT: 2021  2  8  3 45
 1112 2021- 2- 8  3:45     - 54 37  161 57   3.00 1.01  0.0    4 36.0 77.2      1112
 1113 2021- 2- 8  4:17     - 54 31  161 10  37.45 0.19  0.0   10  2.6 17.5      1113
 1114 2021- 2- 8  4:31     - 55 32  161 18   7.83 0.10  0.0    4 14.9 14.7      1114
 1115 2021- 2- 8  4:31     - 55 48  159 24   3.00 0.32  0.0    6 21.6 18.0      1115
 1116 2021- 2- 8  4:37     - 54 60  161 26  24.45 0.24  0.0    7 17.7  6.3      1116
 1117 2021- 2- 8  4:38     - 54 57  161 25  24.21 0.06  0.0    6 11.9  2.1      1117
 1118 2021- 2- 8  4:42     - 54 59  161 22   3.00 0.17  0.0    5 14.3 18.5      1118
 *** DISTANCE & RESIDUAL WEIGHTING CANCELLED FOR EVENT: 2021  2  8  7 14
 1119 2021- 2- 8  7:13     # 55 25  161 45  36.85 0.05  0.0    5  5.1  4.7      1119
 *** DISTANCE & RESIDUAL WEIGHTING CANCELLED FOR EVENT: 2021  2  8  7 15
 1120 2021- 2- 8  7:14     - 55 15  162  9   3.00 0.50  0.0    4  5.4 32.5      1120
 1121 2021- 2- 8  8:15     - 55 29  162 39   2.86 0.86  0.0    8 24.0 51.4      1121
 1122 2021- 2- 8  8:18     # 54 53  161 44   1.69 0.15  0.0    7  6.2  4.1      1122
 *** DISTANCE & RESIDUAL WEIGHTING CANCELLED FOR EVENT: 2021  2  8  9 43
 1123 2021- 2- 8  9:42     - 54 60  162 46  85.58 0.01  0.0    4  9.9  7.6      1123
 1124 2021- 2- 8 11:27     - 54 36  161 18  33.87 0.16  0.0   10  2.1 17.5      1124
 1125 2021- 2- 8 12:00     - 54 27  161 15   1.34 0.23  0.0    5 11.5 20.5      1125
  SEQ ---DATE--- TIME REMARK -LAT-  --LON-  DEPTH  RMS PMAG  NUM  ERH  ERZ  ID
 1126 2021- 2- 8 12:00     - 54 59  162 48   5.97 0.11  0.0    4  5.7 13.6      1126
 1127 2021- 2- 8 12:00       55 18  161 50   1.96 0.05  0.0    5  1.6  2.7      1127
 1128 2021- 2- 8 12:35       54 59  162 12   1.52 0.11  0.0    7  0.9  4.4      1128
 1129 2021- 2- 8 12:36     - 54 54  162 50   2.00 0.13  0.0    4  3.0 16.4      1129
 1130 2021- 2- 8 12:49     - 54 58  161 27  33.05 0.04  0.0    5 11.0  2.7      1130
 1131 2021- 2- 8 12:49     - 54 58  161  2  23.28 0.20  0.0    5 19.2 15.5      1131
 1132 2021- 2- 8 13:46     - 55  1  161 39  25.69 0.07  0.0    6 10.1  4.3      1132
 1133 2021- 2- 8 13:46     - 54 50  161 23  50.20 0.08  0.0    4 13.1  4.3      1133
 1134 2021- 2- 8 16:06     - 55  1  161 18  23.68 0.23  0.0    8 17.7 10.5      1134
 1135 2021- 2- 8 16:06     - 54 55  161 15  64.67 0.27  0.0    5 22.1 11.3      1135
 *** DISTANCE & RESIDUAL WEIGHTING CANCELLED FOR EVENT: 2021  2  8 16 15
 1136 2021- 2- 8 16:15     - 55 10  161 19   0.00 0.14  0.0    4 13.6  4.5      1136
 1137 2021- 2- 8 17:27     - 55 26  162 24   5.53 0.14  0.0    4  6.3 15.5      1137
 1138 2021- 2- 8 19:48     - 55 20  161 46   0.01 0.06  0.0    4  2.3 12.5      1138
 1139 2021- 2- 8 23:07     - 56  2  160 42   3.02 0.27  0.0    4 22.9 25.5      1139
 1140 2021- 2- 8 23:58     - 54 34  161 29   2.79 0.06  0.0    5  5.7 12.3      1140
  SEQ ---DATE--- TIME REMARK -LAT-  --LON-  DEPTH  RMS PMAG  NUM  ERH  ERZ  ID
 1141 2021- 2- 9  0:11     - 55 26  163  5   2.93 0.16  0.0    4  9.0 16.0      1141
 1142 2021- 2- 9  0:16       55 27  161 51  28.70 0.14  0.0   13  1.5  1.0      1142
 1143 2021- 2- 9  0:20     - 55 17  162 46   2.44 0.18  0.0    4  8.2 17.0      1143
 1144 2021- 2- 9  0:56     - 55  5  161 20   1.88 0.16  0.0    4 18.3  6.4      1144
 *** DISTANCE & RESIDUAL WEIGHTING CANCELLED FOR EVENT: 2021  2  9  0 56
 1145 2021- 2- 9  0:56     - 55  4  161 23   4.65 0.82  0.0    4 67.3 13.7      1145
 1146 2021- 2- 9  1:38     - 55 10  161 24   1.06 0.07  0.0    4 11.4  3.5      1146
 *** DISTANCE & RESIDUAL WEIGHTING CANCELLED FOR EVENT: 2021  2  9  1 38
 1147 2021- 2- 9  1:38     # 55 19  161 50   9.56 1.10  0.0    4  7.9 11.2      1147
 1148 2021- 2- 9  2:43     - 55  0  161 27  21.37 0.18  0.0    7 15.8  5.2      1148
 1149 2021- 2- 9  2:44     - 54 52  161 16  70.25 0.37  0.0    5 27.6 16.3      1149
 1150 2021- 2- 9  3:45     - 55  1  161 35  16.63 0.18  0.0    4 15.8  6.6      1150
 1151 2021- 2- 9  8:02       54 34  162 32  25.51 0.19  0.0    9  3.2  5.7      1151
 1152 2021- 2- 9  8:44     - 54 51  161  9  27.80 0.13  0.0    9 14.2  2.2      1152
 1153 2021- 2- 9  8:44     - 54 41  161  5  21.50 0.17  0.0    7  8.3 12.9      1153
 1154 2021- 2- 9  8:45     - 54 54  161 21  25.01 0.15  0.0    8 15.0  6.1      1154
 1155 2021- 2- 9  8:45     - 54 46  161 14  42.23 1.18  0.0    7 89.4 27.4      1155
  SEQ ---DATE--- TIME REMARK -LAT-  --LON-  DEPTH  RMS PMAG  NUM  ERH  ERZ  ID
 1156 2021- 2- 9 10:13     # 55 12  162 16  38.58 2.62  0.0   14 18.4 30.9      1156
 1157 2021- 2- 9 11:44     - 55 21  161 56   0.53 0.06  0.0    4  0.7 10.9      1157
 1158 2021- 2- 9 15:51     - 55  8  161  8   3.00 0.15  0.0    5 14.7 17.6      1158
 1159 2021- 2- 9 17:36     - 54 46  160 55  34.77 0.19  0.0    9 16.0 18.4      1159
 1160 2021- 2- 9 17:36     - 54 38  160 56  35.94 0.33  0.0    9 19.9 24.4      1160
 1161 2021- 2- 9 18:30     - 55  3  161 26   2.39 0.07  0.0    4 13.5  4.5      1161
 1162 2021- 2- 9 20:40     - 55  7  160 53   3.00 0.22  0.0    9 19.1 21.8      1162
 1163 2021- 2- 9 20:40     - 55 58  162 15   3.01 0.34  0.0    5 25.5 30.6      1163
 *** DISTANCE & RESIDUAL WEIGHTING CANCELLED FOR EVENT: 2021  2  9 20 41
 1164 2021- 2- 9 20:40     - 55 11  159 47   3.00 0.90  0.0    4 66.5 73.9      1164
 1165 2021- 2- 9 20:43     - 54 29  162  0   3.78 0.37  0.0   13 13.7 29.9      1165
 1166 2021- 2- 9 21:31       55  7  161 49   9.02 0.03  0.0    5  4.6  2.6      1166
 *** DISTANCE & RESIDUAL WEIGHTING CANCELLED FOR EVENT: 2021  2  9 21 32
 1167 2021- 2- 9 21:32     - 55 16  162 13   2.96 0.57  0.0    4  4.6 42.5      1167
 1168 2021- 2- 9 23:37     - 55  7  160 54  31.31 0.17  0.0   10 15.8  1.7      1168
 1169 2021- 2- 9 23:37     - 55  1  159 47   3.02 0.31  0.0   10 23.3 28.4      1169
 1170 2021- 2- 9 23:45     # 54 54  161 27  67.16 0.16  0.0   11  4.3  2.5      1170
  SEQ ---DATE--- TIME REMARK -LAT-  --LON-  DEPTH  RMS PMAG  NUM  ERH  ERZ  ID
 1171 2021- 2-10  2:32     - 54 52  161  2  30.76 0.18  0.0    9 17.5  2.1      1171
 1172 2021- 2-10  2:32     - 54 46  161  9  30.58 0.18  0.0    7 16.2  1.9      1172
 1173 2021- 2-10  6:08     - 54 37  161 18  16.07 0.18  0.0   11  7.6 15.3      1173
 1174 2021- 2-10  8:01     - 55 22  161 16  28.66 0.20  0.0    8 15.7  6.1      1174
 1175 2021- 2-10  8:01     - 55 31  162  4   2.15 0.03  0.0    4  3.0 11.9      1175
 *** DISTANCE & RESIDUAL WEIGHTING CANCELLED FOR EVENT: 2021  2 10  8 13
 1176 2021- 2-10  8:13     - 55 10  161 55   2.76 0.33  0.0    4  8.2 22.1      1176
 1177 2021- 2-10 11:41     - 54 59  161 24  18.51 0.15  0.0    5 15.3 11.1      1177
 1178 2021- 2-10 11:42       55 10  161 43  17.68 0.01  0.0    4  4.5  1.3      1178
 *** DISTANCE & RESIDUAL WEIGHTING CANCELLED FOR EVENT: 2021  2 10 17 36
 1179 2021- 2-10 17:35     - 54 42  161 43   2.99 0.79  0.0    5 24.8 55.7      1179
 1180 2021- 2-10 19:19     - 54 58  161 15  31.44 0.24  0.0    9 18.5  1.5      1180
 1181 2021- 2-10 19:19     - 54 57  161 16  39.11 0.45  0.0    9 28.9  6.8      1181
 1182 2021- 2-10 20:42     - 55 25  161  1   2.71 0.08  0.0    4  6.0 12.9      1182
 1183 2021- 2-10 21:08     - 55  3  161 42  49.55 0.17  0.0    6 11.2 12.6      1183
 1184 2021- 2-10 21:08     - 54 45  160 58  18.63 0.49  0.0    6 36.1 41.0      1184
 1185 2021- 2-10 21:09     - 54 54  161 26  32.90 0.11  0.0    6 13.8  1.0      1185
  SEQ ---DATE--- TIME REMARK -LAT-  --LON-  DEPTH  RMS PMAG  NUM  ERH  ERZ  ID
 1186 2021- 2-10 21:09     - 54 46  161 20  10.47 0.29  0.0    6 19.2 18.0      1186
 *** DISTANCE & RESIDUAL WEIGHTING CANCELLED FOR EVENT: 2021  2 10 21 42
 1187 2021- 2-10 21:42     - 55 20  161 44   5.72 0.07  0.0    4  9.6  1.3      1187
 *** DISTANCE & RESIDUAL WEIGHTING CANCELLED FOR EVENT: 2021  2 10 23 20
 1188 2021- 2-10 23:19     - 55  2  161 40  85.59 0.57  0.0    5 24.6 39.6      1188
 1189 2021- 2-11  4:55     - 54 56  163  8   4.15 0.05  0.0    4  5.4 12.0      1189
 1190 2021- 2-11  5:53     - 55 13  161 29   4.70 0.13  0.0    4 13.7  2.0      1190
 1191 2021- 2-11  5:53     - 55  9  160 43   3.05 0.13  0.0    4 14.8 16.0      1191
 1192 2021- 2-11 18:03       55 16  161 26   4.07 0.00  0.0    4  2.8  1.2      1192
 1193 2021- 2-11 18:53     - 55  8  161 29  21.29 0.29  0.0    4 21.2 12.6      1193
 1194 2021- 2-11 20:10     - 55 51  161 11   3.00 0.10  0.0    6 11.0 15.2      1194
 1195 2021- 2-11 20:37       55 27  162  4   7.43 0.20  0.0   13  1.2  0.8      1195
 1196 2021- 2-11 22:27     - 55  8  160 30   2.44 0.40  0.0   17 14.4 31.3      1196
 *** DISTANCE & RESIDUAL WEIGHTING CANCELLED FOR EVENT: 2021  2 12  7 34
 1197 2021- 2-12  7:34     - 55 43  162 45   3.00 0.68  0.0    4 27.3 53.1      1197
 1198 2021- 2-12 14:15       54 52  161 19  30.15 0.21  0.0   11  3.8  1.6      1198
 *** DISTANCE & RESIDUAL WEIGHTING CANCELLED FOR EVENT: 2021  2 12 14 15
 1199 2021- 2-12 14:15     # 55 11  161 58   4.72 0.17  0.0    5  0.9  0.8      1199
 1200 2021- 2-12 15:10       54 36  161 18  30.10 0.11  0.0   13  1.4  0.7      1200
  SEQ ---DATE--- TIME REMARK -LAT-  --LON-  DEPTH  RMS PMAG  NUM  ERH  ERZ  ID
 1201 2021- 2-12 16:15     - 55  9  161 51  31.74 0.11  0.0    5  6.1  9.6      1201
 1202 2021- 2-12 16:15     - 54 52  161 15  47.01 0.06  0.0    4 12.8  4.9      1202
 1203 2021- 2-13  1:24     - 54 55  161 17  26.95 0.24  0.0    9 19.1  9.6      1203
 1204 2021- 2-13  1:24     - 54 50  161  2  46.75 0.25  0.0    7 21.3  6.3      1204
 1205 2021- 2-13  7:26     - 54 50  163  6   3.33 0.58  0.0    5 20.8 45.2      1205
 1206 2021- 2-13  8:43     - 54 52  161 33   9.72 0.08  0.0    6 11.5  8.6      1206
 1207 2021- 2-13  8:43     - 54 53  161 32  14.84 0.15  0.0    5 15.3  1.8      1207
 *** DISTANCE & RESIDUAL WEIGHTING CANCELLED FOR EVENT: 2021  2 13  9 57
 1208 2021- 2-13  9:56     # 55 12  161 56  18.81 0.29  0.0    4  7.0  5.7      1208
 1209 2021- 2-13 13:09     - 55 22  160 50  33.25 0.12  0.0    9 14.9 15.8      1209
 *** DISTANCE & RESIDUAL WEIGHTING CANCELLED FOR EVENT: 2021  2 13 13 10
 1210 2021- 2-13 13:10     # 55 20  161 59   3.04 0.54  0.0    5  9.2 20.9      1210
 1211 2021- 2-13 13:20     - 55 40  161 17   3.00 0.13  0.0    5 12.8 16.3      1211
 1212 2021- 2-13 14:15       55  3  162 10   1.61 0.03  0.0    5  0.8  6.3      1212
 1213 2021- 2-13 14:22     - 54 41  161 22   2.12 0.25  0.0   10  9.2 19.0      1213
 1214 2021- 2-13 19:09     - 54 34  161 46   2.57 0.20  0.0    9  8.6 17.8      1214
 1215 2021- 2-14  0:24     - 54 51  161  2   3.60 0.13  0.0   13  5.8 12.3      1215
  SEQ ---DATE--- TIME REMARK -LAT-  --LON-  DEPTH  RMS PMAG  NUM  ERH  ERZ  ID
 1216 2021- 2-14  0:51     - 55 11  163 11   2.91 0.23  0.0    8  8.5 18.4      1216
 1217 2021- 2-14  0:51     - 54 48  162 16   3.72 0.12  0.0    5 14.6  7.1      1217
 1218 2021- 2-14  1:05     - 54 44  162 23   3.56 0.26  0.0    4 10.5 22.7      1218
 1219 2021- 2-14  2:04     - 55 11  161 11   0.22 0.06  0.0    5  9.8 13.5      1219
 1220 2021- 2-14  2:04     - 55  3  160 49   3.00 0.18  0.0    6 16.3 19.3      1220
 1221 2021- 2-14  3:53     - 54 29  161 42   1.03 0.12  0.0    4  6.8 14.1      1221
 1222 2021- 2-14  8:10     # 55 10  160 16   6.50 0.80  0.0   19  9.7 20.1      1222
 1223 2021- 2-14  9:09     - 54 59  161 21  30.40 0.26  0.0    6 21.6 10.0      1223
 1224 2021- 2-14  9:09       55 16  162  3  14.96 0.00  0.0    4  1.2  2.4      1224
 *** DISTANCE & RESIDUAL WEIGHTING CANCELLED FOR EVENT: 2021  2 14  9 46
 1225 2021- 2-14  9:46     # 55 10  161 46   7.80 2.41  0.0    5 30.3 21.9      1225
 1226 2021- 2-14 14:09     - 54 58  161  0  10.86 0.09  0.0    4 13.7 13.8      1226
 *** DISTANCE & RESIDUAL WEIGHTING CANCELLED FOR EVENT: 2021  2 14 14  9
 1227 2021- 2-14 14:09     - 55  5  161 28   7.01 0.27  0.0    5 20.5 24.9      1227
 1228 2021- 2-14 17:55       55 34  161 27  19.11 0.08  0.0    5  3.1  7.4      1228
 1229 2021- 2-14 19:15     - 54 47  163 14   0.02 0.20  0.0    4  8.9 18.9      1229
 1230 2021- 2-14 22:32     - 55 20  161 47   3.91 0.05  0.0    4  8.4  7.1      1230
  SEQ ---DATE--- TIME REMARK -LAT-  --LON-  DEPTH  RMS PMAG  NUM  ERH  ERZ  ID
 1231 2021- 2-15  1:27     - 55  6  163 30   3.06 0.15  0.0    5  7.6 15.7      1231
 1232 2021- 2-15  1:27     - 54 19  161 27   1.87 0.23  0.0    7 14.5 20.5      1232
 1233 2021- 2-15  1:37     - 55  5  163 39   2.37 0.04  0.0    4  5.4 11.7      1233
 1234 2021- 2-15 17:29     - 55  0  161 20   8.87 0.10  0.0    5 12.8 14.3      1234
 1235 2021- 2-15 17:30     - 54 47  161 11   4.52 0.35  0.0    4 25.4 31.7      1235
 1236 2021- 2-15 20:20     - 55 19  162 43   2.99 0.17  0.0    4 17.5 17.8      1236
 1237 2021- 2-16  3:44     - 54 55  161 16  30.87 0.22  0.0    9 17.0  6.4      1237
 1238 2021- 2-16  3:45       54 52  161 33   1.96 0.07  0.0    6  5.8  1.5      1238
 1239 2021- 2-16  3:49     - 55  1  160 54  32.87 0.20  0.0    9 17.5 20.8      1239
 1240 2021- 2-16  3:49     - 55  1  160 49  30.23 0.17  0.0    9 13.4  2.1      1240
 1241 2021- 2-16  4:27     - 54 55  160 52  34.06 0.20  0.0   11 14.8 19.6      1241
 1242 2021- 2-16  4:27     - 54 53  160 53  16.25 0.18  0.0    9 11.1 19.6      1242
 *** DISTANCE & RESIDUAL WEIGHTING CANCELLED FOR EVENT: 2021  2 16  5 33
 1243 2021- 2-16  5:33     # 55 26  162 30   3.02 0.49  0.0    4 16.0 11.0      1243
 1244 2021- 2-16  5:33       54 58  162 15   4.41 0.01  0.0    6  0.9  1.9      1244
 *** DISTANCE & RESIDUAL WEIGHTING CANCELLED FOR EVENT: 2021  2 16  5 33
 1245 2021- 2-16  5:33     # 55  8  162 14   3.01 1.15  0.0    5  4.8  7.2      1245
  SEQ ---DATE--- TIME REMARK -LAT-  --LON-  DEPTH  RMS PMAG  NUM  ERH  ERZ  ID
 1246 2021- 2-16  5:56     - 55 25  161 39   8.21 0.15  0.0    4 16.5  3.6      1246
 1247 2021- 2-16  5:56     - 55 37  160  5   2.74 0.18  0.0    6 14.5 12.2      1247
 1248 2021- 2-16  6:16     - 54 51  161 13  29.87 0.18  0.0    8 17.4  1.8      1248
 1249 2021- 2-16  6:16     # 55 11  161 44   3.95 0.12  0.0    5  3.4  0.7      1249
 1250 2021- 2-16  6:30     - 54 37  161 18  33.53 0.15  0.0    7  3.0 17.3      1250
 1251 2021- 2-16  8:29     - 55  9  163 25   2.47 0.62  0.0    8 22.9 47.1      1251
 1252 2021- 2-16  8:29     - 55 57  161 50   2.63 0.66  0.0    4 23.6 51.1      1252
 1253 2021- 2-16 11:15     - 54 59  162 26   0.40 0.01  0.0    4 11.1 12.2      1253
 1254 2021- 2-16 15:52       54 54  161 26  28.88 0.21  0.0   10  3.0  5.1      1254
 1255 2021- 2-16 15:53     - 55 11  161 58   0.37 0.35  0.0    5  1.7 28.7      1255
 1256 2021- 2-16 16:06     - 54 53  161 18  27.37 0.16  0.0    8 15.3  6.6      1256
 1257 2021- 2-16 16:06     - 55  0  161 16  37.53 0.02  0.0    4 11.9  2.9      1257
 1258 2021- 2-16 16:17     # 54 53  161 48  73.01 0.48  0.0    8 18.4  4.0      1258
 *** DISTANCE & RESIDUAL WEIGHTING CANCELLED FOR EVENT: 2021  2 16 18 13
 1259 2021- 2-16 18:13     - 55 11  163 27   3.02 0.33  0.0    4 13.0 27.0      1259
 1260 2021- 2-16 19:05     - 54 35  161 54   3.46 0.17  0.0    5  7.7 17.4      1260
  SEQ ---DATE--- TIME REMARK -LAT-  --LON-  DEPTH  RMS PMAG  NUM  ERH  ERZ  ID
 1261 2021- 2-16 20:37     - 54 50  161  1   3.00 0.16  0.0    6 16.1 18.0      1261
 *** DISTANCE & RESIDUAL WEIGHTING CANCELLED FOR EVENT: 2021  2 16 20 38
 1262 2021- 2-16 20:38     # 55 10  161 43  22.38 1.05  0.0    6 28.4 21.0      1262
 1263 2021- 2-16 20:59     - 54 44  160 48   3.00 0.22  0.0    7 20.4 21.9      1263
 *** DISTANCE & RESIDUAL WEIGHTING CANCELLED FOR EVENT: 2021  2 16 21  0
 1264 2021- 2-16 20:59     - 54 60  161 18   3.00 0.40  0.0    5 34.2  6.7      1264
 1265 2021- 2-16 21:23     - 55  5  161 20   3.01 0.25  0.0    5 18.3 24.3      1265
 *** DISTANCE & RESIDUAL WEIGHTING CANCELLED FOR EVENT: 2021  2 16 21 59
 1266 2021- 2-16 21:59     - 55  8  162  3   2.87 1.43  0.0    4 12.3 86.8      1266
 1267 2021- 2-16 22:20     - 55 47  161  1   3.84 0.17  0.0    6  8.5 15.8      1267
 1268 2021- 2-16 22:32     - 55  3  161 41  18.71 0.06  0.0    4 10.4  3.5      1268
 1269 2021- 2-16 23:19     - 54 54  161  1  31.15 0.20  0.0   10 18.4  2.2      1269
 1270 2021- 2-16 23:19     - 54 45  160 57  26.23 0.15  0.0    8 13.5  3.1      1270
 *** DISTANCE & RESIDUAL WEIGHTING CANCELLED FOR EVENT: 2021  2 17  1 24
 1271 2021- 2-17  1:24     - 54 49  161 32  44.68 0.49  0.0    4 35.8 17.8      1271
 1272 2021- 2-17  4:06     # 55 22  162  2  25.77 2.62  0.0    8 16.8 33.7      1272
 1273 2021- 2-17  4:59     - 55  8  161 31  18.10 0.25  0.0    5 22.5  7.7      1273
 1274 2021- 2-17  4:59     - 55  3  161 37  19.10 0.12  0.0    6 14.7  2.3      1274
 1275 2021- 2-17  5:29     # 55  9  162 13   0.03 0.57  0.0   10  2.4 26.5      1275
  SEQ ---DATE--- TIME REMARK -LAT-  --LON-  DEPTH  RMS PMAG  NUM  ERH  ERZ  ID
 1276 2021- 2-17  5:29     - 55  2  162 45   3.15 0.79  0.0    7 58.2 65.8      1276
 1277 2021- 2-17  7:32     - 55  1  161 20  26.72 0.26  0.0    9 18.6  6.5      1277
 1278 2021- 2-17  7:33     - 55 10  161 46  18.26 0.09  0.0    4 10.7  7.9      1278
 1279 2021- 2-17 10:17     - 55 15  161 37  22.00 0.13  0.0    4 16.3  1.8      1279
 1280 2021- 2-17 10:39     - 55  9  163  9   2.90 0.03  0.0    4  5.5 11.5      1280
 1281 2021- 2-17 10:51       55  8  160 11   8.46 0.17  0.0   13  2.7  1.3      1281
 1282 2021- 2-17 12:21     - 55  5  161 18   1.28 0.17  0.0    4 16.5  2.8      1282
 1283 2021- 2-17 12:56       54 32  163 23  26.91 0.11  0.0   10  4.0  1.1      1283
 1284 2021- 2-17 13:02     # 55 21  161 50  20.49 0.01  0.0    4  4.8  1.5      1284
 1285 2021- 2-17 14:46     - 55 35  162 13   4.00 0.72  0.0    5 26.5 55.6      1285
 1286 2021- 2-17 15:41     - 54 55  163 35   0.01 0.14  0.0    4  7.5 15.5      1286
 1287 2021- 2-17 17:01       55 18  161 54  21.41 0.00  0.0    4  4.1  2.7      1287
 1288 2021- 2-17 17:18     - 55  2  161 15  22.61 0.20  0.0    9 15.6  7.2      1288
 1289 2021- 2-17 17:18     - 54 48  161  1  51.64 0.19  0.0    8 16.9  9.3      1289
 1290 2021- 2-17 19:37       55 11  161 48  30.55 0.09  0.0    5  3.7  1.7      1290
 *** DISTANCE & RESIDUAL WEIGHTING CANCELLED FOR EVENT: 2021  2 17 19 37
  SEQ ---DATE--- TIME REMARK -LAT-  --LON-  DEPTH  RMS PMAG  NUM  ERH  ERZ  ID
 1291 2021- 2-17 19:37     - 55 30  163  8   3.00 0.46  0.0    4 17.0 36.3      1291
 *** DISTANCE & RESIDUAL WEIGHTING CANCELLED FOR EVENT: 2021  2 17 19 38
 1292 2021- 2-17 19:37     - 55 37  161  8   3.00 0.97  0.0    4 34.6 73.6      1292
 1293 2021- 2-17 19:41     - 54 46  160 52  15.65 0.18  0.0    7 18.6 19.6      1293
 1294 2021- 2-17 19:41     - 54 57  161 17  35.03 0.07  0.0    5 12.8  5.8      1294
 1295 2021- 2-17 21:02       54 44  160 24  10.00 0.18  0.0   17  1.9  2.9      1295
 1296 2021- 2-18  2:02     - 54 29  161 56   2.94 0.14  0.0    9  6.9 14.9      1296
 1297 2021- 2-18  3:26     - 55  3  162 16   1.30 0.07  0.0    4  6.2 12.1      1297
 1298 2021- 2-18  5:04     - 55 19  161 23   1.18 0.03  0.0    4  1.9 12.8      1298
 1299 2021- 2-18  6:21     - 55  7  161 22   6.00 0.11  0.0    5 14.5 14.9      1299
 1300 2021- 2-18  7:29     - 55  1  162 39  46.79 0.06  0.0    7  8.3  7.8      1300
 1301 2021- 2-18  7:29       55  7  162 21  18.86 0.00  0.0    4  6.0  4.5      1301
 *** DISTANCE & RESIDUAL WEIGHTING CANCELLED FOR EVENT: 2021  2 18  7 50
 1302 2021- 2-18  7:50     - 55 19  161 46   6.22 0.10  0.0    4 12.8  2.6      1302
 1303 2021- 2-18  8:08     - 54 50  161  7   3.32 0.13  0.0    7 14.0 16.2      1303
 1304 2021- 2-18  8:09     - 55 22  161 48   0.00 0.12  0.0    4  1.3 12.6      1304
 1305 2021- 2-18  9:43       55 20  161 43   5.53 0.00  0.0    4  8.2  0.6      1305
  SEQ ---DATE--- TIME REMARK -LAT-  --LON-  DEPTH  RMS PMAG  NUM  ERH  ERZ  ID
 1306 2021- 2-18 10:44     - 55  1  161 23  19.41 0.19  0.0    6 15.5  8.5      1306
 1307 2021- 2-18 10:45     - 55  0  161 36  53.25 0.07  0.0    4 10.3  6.8      1307
 1308 2021- 2-18 11:09     - 54 60  161 10  27.49 0.23  0.0    8 19.0 13.2      1308
 1309 2021- 2-18 11:09     - 54 57  161  9  30.29 0.28  0.0    7 19.9  2.5      1309
 1310 2021- 2-18 12:40     - 54 37  161 18   2.97 0.21  0.0   17  7.4 15.8      1310
 1311 2021- 2-18 13:37     - 55 36  161 17  35.85 0.21  0.0    5 19.1  7.6      1311
 *** DISTANCE & RESIDUAL WEIGHTING CANCELLED FOR EVENT: 2021  2 18 13 43
 1312 2021- 2-18 13:43     - 55  6  161 20   2.87 0.27  0.0    4 25.4 10.0      1312
 1313 2021- 2-18 13:49     - 54 35  161 26   3.27 0.28  0.0   14 10.0 21.7      1313
 1314 2021- 2-18 15:24     # 55  6  161 29   4.67 0.14  0.0    7  4.1  4.0      1314
 *** DISTANCE & RESIDUAL WEIGHTING CANCELLED FOR EVENT: 2021  2 18 15 24
 1315 2021- 2-18 15:24     - 54 58  161 43   3.00 0.49  0.0    4 31.3 22.5      1315
 *** DISTANCE & RESIDUAL WEIGHTING CANCELLED FOR EVENT: 2021  2 18 16 39
 1316 2021- 2-18 16:39     - 55 14  162  6   2.64 0.11  0.0    4  2.5 12.4      1316
 1317 2021- 2-18 16:48     - 54 52  161  7  27.90 0.13  0.0    9 13.9  2.2      1317
 1318 2021- 2-18 16:48     - 55  1  161 10   3.02 0.34  0.0    4 27.5 29.1      1318
 1319 2021- 2-18 17:02     - 55  4  161 42  23.42 0.12  0.0    5 10.3  7.3      1319
 *** DISTANCE & RESIDUAL WEIGHTING CANCELLED FOR EVENT: 2021  2 18 17  2
 1320 2021- 2-18 17:02     - 55 11  161 57   2.74 0.31  0.0    4  4.8 21.8      1320
  SEQ ---DATE--- TIME REMARK -LAT-  --LON-  DEPTH  RMS PMAG  NUM  ERH  ERZ  ID
 1321 2021- 2-18 17:03     - 55 57  161  2   0.69 0.08  0.0    4 12.4  7.0      1321
 1322 2021- 2-18 18:58     - 55 15  161 12  17.37 0.09  0.0    5 14.1  8.3      1322
 1323 2021- 2-18 19:03       55 21  161 45   5.17 0.00  0.0    4  6.3  3.3      1323
 1324 2021- 2-18 20:22     - 54 58  161 11  31.91 0.22  0.0    8 17.8  1.1      1324
 1325 2021- 2-18 20:22     - 54 57  161 25  46.99 0.12  0.0    6 14.4  4.7      1325
 1326 2021- 2-18 23:26     - 54 58  160 49  21.64 0.23  0.0    5  9.6 22.0      1326
 1327 2021- 2-18 23:59     - 55 16  161 41  48.03 0.08  0.0    6  4.9 10.2      1327
 1328 2021- 2-19  0:35       55 21  162  5  37.99 0.20  0.0    8  3.4  2.4      1328
 1329 2021- 2-19  1:42     - 55  0  161 29  26.79 0.19  0.0    8 15.0  4.9      1329
 1330 2021- 2-19  1:42     - 54 60  161 30  34.42 0.10  0.0    5 12.9  3.5      1330
 *** DISTANCE & RESIDUAL WEIGHTING CANCELLED FOR EVENT: 2021  2 19  1 57
 1331 2021- 2-19  1:57     - 55  1  162 11   2.58 0.32  0.0    4  8.4 27.6      1331
 1332 2021- 2-19  2:07     - 55 17  161 35   6.58 0.07  0.0    6  2.4 13.1      1332
 1333 2021- 2-19  2:56     - 55  0  161 27  13.77 0.13  0.0    4 12.3  9.8      1333
 1334 2021- 2-19  3:15     - 55  2  161 21   0.82 0.16  0.0    6 14.8  4.5      1334
 *** DISTANCE & RESIDUAL WEIGHTING CANCELLED FOR EVENT: 2021  2 19  3 15
 1335 2021- 2-19  3:15     - 54 57  162 27   3.00 0.89  0.0    4 55.4 74.0      1335
  SEQ ---DATE--- TIME REMARK -LAT-  --LON-  DEPTH  RMS PMAG  NUM  ERH  ERZ  ID
 1336 2021- 2-19  3:23     - 55  5  161  7   3.01 0.05  0.0    4 11.9 12.2      1336
 1337 2021- 2-19  3:33     - 54 44  161 11  29.11 0.18  0.0    9 14.7  2.4      1337
 1338 2021- 2-19  3:33     - 54 36  160 58  17.13 0.57  0.0    8 32.7 49.4      1338
 1339 2021- 2-19  3:38     - 54 47  160 55   3.00 0.16  0.0    7 16.0 18.1      1339
 1340 2021- 2-19  3:38     - 54 50  161 14  30.31 0.07  0.0    6 12.7  1.2      1340
 1341 2021- 2-19  3:44     - 54 51  161 55   2.89 0.09  0.0    4  6.7 13.3      1341
 *** DISTANCE & RESIDUAL WEIGHTING CANCELLED FOR EVENT: 2021  2 19  4  3
 1342 2021- 2-19  4:03     # 55 17  161 42   8.83 0.30  0.0    4 17.7  7.6      1342
 1343 2021- 2-19  4:08     # 55 12  161 55   0.19 0.29  0.0    6  1.9 16.7      1343
 *** DISTANCE & RESIDUAL WEIGHTING CANCELLED FOR EVENT: 2021  2 19  4  9
 1344 2021- 2-19  4:08     - 55 21  161  2   3.10 1.38  0.0    5 76.0 99.0      1344
 *** DISTANCE & RESIDUAL WEIGHTING CANCELLED FOR EVENT: 2021  2 19  4 16
 1345 2021- 2-19  4:15     - 55  5  161 26   6.62 0.28  0.0    5 20.1 26.6      1345
 1346 2021- 2-19  4:21     - 55 17  161 39   6.70 0.07  0.0    4  9.4  9.5      1346
 1347 2021- 2-19  4:40     - 55 17  161 44   6.48 0.04  0.0    4 11.7  1.0      1347
 1348 2021- 2-19  4:55     - 55  4  161 20   0.19 0.14  0.0    6 12.1  2.9      1348
 1349 2021- 2-19  5:48     - 54 48  162 42   6.59 0.06  0.0    4  4.3 13.3      1349
 1350 2021- 2-19  6:20     - 55  4  161 20   0.00 0.08  0.0    6 11.3  2.9      1350
  SEQ ---DATE--- TIME REMARK -LAT-  --LON-  DEPTH  RMS PMAG  NUM  ERH  ERZ  ID
 1351 2021- 2-19  6:50     - 55  8  163 31   0.02 0.59  0.0    6 21.6 45.6      1351
 1352 2021- 2-19  8:36     - 54 39  161 17  17.04 0.21  0.0   11 16.1 21.3      1352
 1353 2021- 2-19  8:36     - 54 30  160 54  15.91 0.16  0.0    8 14.6  8.6      1353
 *** DISTANCE & RESIDUAL WEIGHTING CANCELLED FOR EVENT: 2021  2 19  9  6
 1354 2021- 2-19  9:06     # 54 57  161 56  13.29 0.57  0.0    5 23.1 10.9      1354
 1355 2021- 2-19  9:06     - 54 58  161 30   2.43 0.18  0.0    5 18.3  3.0      1355
 1356 2021- 2-19  9:11     - 55  1  163 12   2.28 0.47  0.0    6 15.7 35.9      1356
 1357 2021- 2-19  9:13       54 60  162 18   6.85 0.03  0.0    5  4.0  6.5      1357
 1358 2021- 2-19  9:14     - 55 29  161 48  17.76 0.04  0.0    4  4.2 10.9      1358
 1359 2021- 2-19  9:21     - 54 55  162 32  21.28 0.06  0.0    6 10.2  6.3      1359
 1360 2021- 2-19  9:38     - 55 21  160 46   3.03 0.23  0.0    4 21.0 21.4      1360
 1361 2021- 2-19 10:46     - 54 43  160 43  25.05 0.22  0.0   11 18.9  4.1      1361
 1362 2021- 2-19 10:46     - 54 42  160 47  29.68 0.41  0.0   11 26.3  4.9      1362
 1363 2021- 2-19 10:52       55 15  161 38  10.95 0.08  0.0    6  3.8  3.0      1363
 *** DISTANCE & RESIDUAL WEIGHTING CANCELLED FOR EVENT: 2021  2 19 10 52
 1364 2021- 2-19 10:52     # 55  8  161 38   3.00 0.57  0.0    4 13.4  4.9      1364
 1365 2021- 2-19 10:59     - 54 58  162 13   1.48 0.12  0.0    4  2.2 15.7      1365
  SEQ ---DATE--- TIME REMARK -LAT-  --LON-  DEPTH  RMS PMAG  NUM  ERH  ERZ  ID
 1366 2021- 2-19 12:32     - 55  2  162 15   2.95 0.03  0.0    4  2.0 12.5      1366
 1367 2021- 2-19 12:59     - 55 17  161 13   2.31 0.16  0.0    8 12.8  2.9      1367
 1368 2021- 2-19 12:59     - 55 14  160 40   3.01 0.07  0.0    4 12.0 12.7      1368
 *** DISTANCE & RESIDUAL WEIGHTING CANCELLED FOR EVENT: 2021  2 19 13 24
 1369 2021- 2-19 13:23     - 54 60  161 20  14.18 0.15  0.0    4 15.5 13.6      1369
 *** DISTANCE & RESIDUAL WEIGHTING CANCELLED FOR EVENT: 2021  2 19 13 43
 1370 2021- 2-19 13:43     # 55 22  161 51   6.89 0.36  0.0    4  9.9 12.4      1370
 1371 2021- 2-19 13:52       55 16  161 43  21.95 0.09  0.0    5  4.2  2.7      1371
 1372 2021- 2-19 14:04     - 54 60  161 13  34.29 0.20  0.0    9 15.9  6.7      1372
 1373 2021- 2-19 14:04     - 54 58  161 14  35.03 0.22  0.0    5 20.2  4.7      1373
 1374 2021- 2-19 14:14     # 54 52  162 11   0.05 0.26  0.0    4 10.5  3.0      1374
 1375 2021- 2-19 14:22     - 55 19  160 28   3.46 0.26  0.0    5 10.3 22.5      1375
 1376 2021- 2-19 14:29     - 54 27  163  9   3.20 0.17  0.0    6  7.9 17.1      1376
 *** DISTANCE & RESIDUAL WEIGHTING CANCELLED FOR EVENT: 2021  2 19 15  0
 1377 2021- 2-19 14:59     - 55  4  161 30   2.88 0.29  0.0    4 18.4  7.6      1377
 *** DISTANCE & RESIDUAL WEIGHTING CANCELLED FOR EVENT: 2021  2 19 15  6
 1378 2021- 2-19 15:06     - 55  5  161  9   2.99 0.61  0.0    7 20.9 45.6      1378
 *** DISTANCE & RESIDUAL WEIGHTING CANCELLED FOR EVENT: 2021  2 19 15  6
 1379 2021- 2-19 15:06     - 54 56  162 26   3.00 0.90  0.0    4 54.9 75.3      1379
 1380 2021- 2-19 15:14     - 55 28  162 55   2.93 1.89  0.0    7 40.7 90.2      1380
 *** DISTANCE & RESIDUAL WEIGHTING CANCELLED FOR EVENT: 2021  2 19 15 35
  SEQ ---DATE--- TIME REMARK -LAT-  --LON-  DEPTH  RMS PMAG  NUM  ERH  ERZ  ID
 1381 2021- 2-19 15:35     - 55  2  162 16   3.04 0.23  0.0    4  2.8 17.5      1381
 1382 2021- 2-19 17:08     - 54 48  161 53   6.73 0.10  0.0    5 11.0 14.9      1382
 *** DISTANCE & RESIDUAL WEIGHTING CANCELLED FOR EVENT: 2021  2 19 20 15
 1383 2021- 2-19 20:15     - 55  9  163 11   3.00 1.23  0.0    4 41.7 89.8      1383
 *** DISTANCE & RESIDUAL WEIGHTING CANCELLED FOR EVENT: 2021  2 19 21 44
 1384 2021- 2-19 21:44     # 54 59  161 59   3.00 0.89  0.0    6 13.0  4.1      1384
 1385 2021- 2-19 23:24       55 11  162 48   4.24 0.34  0.0    8  5.4 20.7      1385
 1386 2021- 2-20  1:14       55  3  161 37  20.10 0.13  0.0    7  4.6  2.5      1386
 1387 2021- 2-20  1:14     - 55  2  161 38  19.46 0.12  0.0    4 12.2  2.4      1387
 *** DISTANCE & RESIDUAL WEIGHTING CANCELLED FOR EVENT: 2021  2 20  1 18
 1388 2021- 2-20  1:18     - 55  5  161 53  11.34 0.49  0.0    4 28.2 20.1      1388
 1389 2021- 2-20  3:29     - 54 33  161 10   8.25 0.17  0.0    8  4.3 18.5      1389
 1390 2021- 2-20  3:29     - 55  7  162  0   0.79 0.09  0.0    4  1.5 14.1      1390
 1391 2021- 2-20  9:21     - 54 58  162  2   3.00 0.12  0.0    4 15.1  1.6      1391
 1392 2021- 2-20  9:22     # 54 50  162  2   0.01 0.51  0.0    6  8.1 10.0      1392
 1393 2021- 2-20 12:16     - 54 30  161 55   3.27 0.41  0.0   18 14.5 31.0      1393
 1394 2021- 2-20 16:02     - 55  8  161 26   2.61 0.09  0.0    4 11.0  2.7      1394
 *** DISTANCE & RESIDUAL WEIGHTING CANCELLED FOR EVENT: 2021  2 20 19 54
 1395 2021- 2-20 19:54     # 55 20  161 48   4.57 0.13  0.0    4  7.0  6.9      1395
  SEQ ---DATE--- TIME REMARK -LAT-  --LON-  DEPTH  RMS PMAG  NUM  ERH  ERZ  ID
 1396 2021- 2-20 19:54     - 55  0  161 22   6.52 0.09  0.0    4 14.1 14.8      1396
 *** DISTANCE & RESIDUAL WEIGHTING CANCELLED FOR EVENT: 2021  2 21  1 46
 1397 2021- 2-21  1:46     # 55  8  162 44   3.00 1.39  0.0    6 19.2 19.9      1397
 1398 2021- 2-21  5:43     - 55 30  161 56   2.88 0.03  0.0    4  2.4 12.5      1398
 1399 2021- 2-21  7:12     - 55  3  161 21   0.02 0.11  0.0    6 11.4  2.8      1399
 1400 2021- 2-21  7:12     - 54 54  161 24   3.45 0.36  0.0    5 29.3 31.9      1400
 *** DISTANCE & RESIDUAL WEIGHTING CANCELLED FOR EVENT: 2021  2 21  8 13
 1401 2021- 2-21  8:13     - 54 51  163 13   3.71 0.04  0.0    4  7.4 11.8      1401
 1402 2021- 2-21  8:24     - 55  6  161 30   1.01 0.15  0.0    4 12.9  3.5      1402
 1403 2021- 2-21  9:32     - 55  4  161 43  19.82 0.05  0.0    4 12.7  5.1      1403
 1404 2021- 2-21 11:06     - 54 45  161 14  30.14 0.17  0.0   11 13.4  1.9      1404
 1405 2021- 2-21 11:06     - 55  3  161 13   3.13 0.04  0.0    6  5.4 12.9      1405
 1406 2021- 2-21 11:08     - 55 16  161 37   0.62 0.02  0.0    4  8.7 12.3      1406
 *** DISTANCE & RESIDUAL WEIGHTING CANCELLED FOR EVENT: 2021  2 21 11  8
 1407 2021- 2-21 11:08     # 55 11  161 56   3.00 0.67  0.0    5  7.7 23.9      1407
 1408 2021- 2-21 11:11     - 55  4  161 25   1.05 0.11  0.0    5 11.5  2.8      1408
 1409 2021- 2-21 11:11     - 55  1  161 29  11.74 0.17  0.0    4 11.9 11.7      1409
 1410 2021- 2-21 11:19     - 55  3  161 28   3.42 0.06  0.0    4 13.3  4.2      1410
 *** DISTANCE & RESIDUAL WEIGHTING CANCELLED FOR EVENT: 2021  2 21 11 20
  SEQ ---DATE--- TIME REMARK -LAT-  --LON-  DEPTH  RMS PMAG  NUM  ERH  ERZ  ID
 1411 2021- 2-21 11:19     - 54 55  161 38  39.08 0.56  0.0    4 36.7 17.3      1411
 1412 2021- 2-21 12:11     - 54 57  161 18  17.35 0.15  0.0    6 11.9 10.9      1412
 *** DISTANCE & RESIDUAL WEIGHTING CANCELLED FOR EVENT: 2021  2 21 12 11
 1413 2021- 2-21 12:11     - 54 55  161 16   3.00 0.52  0.0    4 40.2 44.2      1413
 1414 2021- 2-21 15:05       54 55  162 37  34.24 0.12  0.0    5  5.2  2.8      1414
 1415 2021- 2-21 16:00     - 55  3  161 10  15.21 0.09  0.0    5 14.3  1.9      1415
 1416 2021- 2-21 16:37     # 54 59  161 20   0.19 0.12  0.0    5  6.7  6.1      1416
 1417 2021- 2-21 17:30     # 55  9  161 33   4.84 0.05  0.0    5  4.1  2.9      1417
 *** DISTANCE & RESIDUAL WEIGHTING CANCELLED FOR EVENT: 2021  2 21 17 30
 1418 2021- 2-21 17:30     - 55  8  161 57   0.31 0.65  0.0    5  4.6 52.7      1418
 1419 2021- 2-21 18:53     - 55 30  161 42   0.75 0.21  0.0    6  1.9 16.8      1419
 1420 2021- 2-21 18:54       55  5  161 39  19.53 0.24  0.0    7  4.1  3.0      1420
 1421 2021- 2-21 18:54     - 54 41  161 16  17.87 0.43  0.0    6 27.7 33.5      1421
 1422 2021- 2-21 19:53     - 55  5  161 23   2.33 0.12  0.0    6 15.7  4.5      1422
 *** DISTANCE & RESIDUAL WEIGHTING CANCELLED FOR EVENT: 2021  2 21 19 54
 1423 2021- 2-21 19:53     - 55 21  161 43   7.98 0.06  0.0    4  8.7  3.6      1423
 1424 2021- 2-21 21:57     - 55  3  161 26   0.13 0.05  0.0    4 11.1  3.0      1424
 1425 2021- 2-21 21:58       55  9  161 47   5.91 0.00  0.0    4  3.9  1.4      1425
  SEQ ---DATE--- TIME REMARK -LAT-  --LON-  DEPTH  RMS PMAG  NUM  ERH  ERZ  ID
 1426 2021- 2-21 22:05     - 55  7  161 12   0.56 0.10  0.0    4 11.0 15.0      1426
 *** DISTANCE & RESIDUAL WEIGHTING CANCELLED FOR EVENT: 2021  2 21 22  8
 1427 2021- 2-21 22:08     # 55 10  161 52   2.99 0.79  0.0    5 17.0 16.4      1427
 1428 2021- 2-21 22:20     - 55  8  161 55   0.00 0.17  0.0    4  5.2 18.5      1428
 *** DISTANCE & RESIDUAL WEIGHTING CANCELLED FOR EVENT: 2021  2 21 22 25
 1429 2021- 2-21 22:25     # 55 20  161 52  10.72 0.67  0.0    4 13.2 12.0      1429
 1430 2021- 2-21 22:40     - 55 29  163 12   4.15 0.44  0.0    6 14.5 31.9      1430
 1431 2021- 2-21 23:00     - 54 37  161 18   2.98 0.17  0.0   17  6.6 14.0      1431
 1432 2021- 2-21 23:56     - 54 47  161  6  32.88 0.29  0.0    7 25.5 27.2      1432
 1433 2021- 2-21 23:57       55  6  161 47   4.65 0.07  0.0    5  3.7  0.7      1433
 1434 2021- 2-21 23:57       55 11  161 35  22.28 0.05  0.0    5  3.2  2.1      1434
 1435 2021- 2-21 23:58     - 55 22  162 11   4.01 0.02  0.0    5  3.2 11.4      1435
 1436 2021- 2-22  0:05     - 55 15  161 19   0.01 0.06  0.0    5  3.1 13.3      1436
 1437 2021- 2-22  0:37     - 55 10  161 45  20.34 0.24  0.0    6 15.3 12.3      1437
 1438 2021- 2-22  0:37     - 55  1  161 26  36.07 0.07  0.0    7 11.4  2.9      1438
 1439 2021- 2-22  0:43       55  9  161 31  23.84 0.00  0.0    4  4.0  4.1      1439
 *** DISTANCE & RESIDUAL WEIGHTING CANCELLED FOR EVENT: 2021  2 22  0 43
 1440 2021- 2-22  0:43     # 55  9  161 54   0.74 0.72  0.0    5  8.0 26.9      1440
  SEQ ---DATE--- TIME REMARK -LAT-  --LON-  DEPTH  RMS PMAG  NUM  ERH  ERZ  ID
 1441 2021- 2-22  1:18     - 55  3  160 36   3.00 0.21  0.0    9 19.5 21.1      1441
 1442 2021- 2-22  1:18     - 56  4  162 22   3.11 0.23  0.0    5 20.5 22.7      1442
 *** DISTANCE & RESIDUAL WEIGHTING CANCELLED FOR EVENT: 2021  2 22  1 21
 1443 2021- 2-22  1:21     - 55  4  161 19   3.00 0.28  0.0    4 11.2 26.5      1443
 1444 2021- 2-22  1:47     - 54 46  161  8  30.94 0.18  0.0    9 17.5  2.3      1444
 1445 2021- 2-22  1:47     - 55  3  161 13   3.12 0.10  0.0    5  9.4 14.9      1445
 1446 2021- 2-22  2:09     - 55  4  161 26   0.09 0.14  0.0    6 11.6  3.0      1446
 1447 2021- 2-22  2:12     - 54 53  161 24  29.98 0.16  0.0    9 14.0  5.6      1447
 *** DISTANCE & RESIDUAL WEIGHTING CANCELLED FOR EVENT: 2021  2 22  2 13
 1448 2021- 2-22  2:12     # 54 59  161 34   3.00 2.12  0.0    4 46.8 28.8      1448
 1449 2021- 2-22  2:12     - 55 13  162 17  13.16 0.05  0.0    4  3.7 12.5      1449
 1450 2021- 2-22  3:51     - 55  9  160 44   3.00 0.24  0.0    9 17.0 23.3      1450
 1451 2021- 2-22  3:51     - 56 56  162 26   3.00 0.45  0.0    6 27.4 28.7      1451
 1452 2021- 2-22  4:37     - 54 42  160 45  39.24 0.23  0.0   11 17.2 14.6      1452
 1453 2021- 2-22  4:37     - 54 37  160 36  34.41 0.21  0.0   10 15.1 20.4      1453
 1454 2021- 2-22  7:39     - 54 58  161 24  33.15 0.13  0.0    8 13.8  2.6      1454
 1455 2021- 2-22  7:39     - 55  2  161 31  30.87 0.14  0.0    6 12.2  5.6      1455
  SEQ ---DATE--- TIME REMARK -LAT-  --LON-  DEPTH  RMS PMAG  NUM  ERH  ERZ  ID
 1456 2021- 2-22  7:41     - 54 54  161  6  31.93 0.22  0.0    9 18.5  2.0      1456
 1457 2021- 2-22  7:41     - 54 49  161  8  18.44 0.24  0.0    8 10.4 19.4      1457
 1458 2021- 2-22  9:02       55  8  161 33  25.45 0.12  0.0    6  4.1  3.7      1458
 *** DISTANCE & RESIDUAL WEIGHTING CANCELLED FOR EVENT: 2021  2 22  9  2
 1459 2021- 2-22  9:02     # 55  7  161 57   8.49 0.30  0.0    5  5.4  9.6      1459
 1460 2021- 2-22  9:38     - 54 57  161 23  28.49 0.27  0.0    5 22.9  8.8      1460
 *** DISTANCE & RESIDUAL WEIGHTING CANCELLED FOR EVENT: 2021  2 22  9 39
 1461 2021- 2-22  9:39     # 55  8  161 44  21.33 0.88  0.0    5 31.8 19.3      1461
 1462 2021- 2-22 11:08     - 55 15  161 12  36.87 0.11  0.0    7 11.4  3.1      1462
 1463 2021- 2-22 12:58     - 55 18  161 43   4.89 0.01  0.0    4  9.8  0.8      1463
 *** DISTANCE & RESIDUAL WEIGHTING CANCELLED FOR EVENT: 2021  2 22 12 59
 1464 2021- 2-22 12:59     - 55 25  162 24   7.41 0.58  0.0    4  9.5 49.3      1464
 1465 2021- 2-22 13:01       54 43  160 22  18.10 0.13  0.0   18  1.1  1.7      1465
 1466 2021- 2-22 13:49     - 55  3  161 35  20.96 0.21  0.0    5 15.3  9.3      1466
 1467 2021- 2-22 15:27     - 55 35  160 22   4.35 0.48  0.0   14 15.5 32.6      1467
 1468 2021- 2-22 16:17     - 54 39  161 19   2.99 0.19  0.0   16  6.8 14.3      1468
 1469 2021- 2-22 16:38     - 55 24  160 16  29.93 0.18  0.0   10 18.4 19.4      1469
 *** DISTANCE & RESIDUAL WEIGHTING CANCELLED FOR EVENT: 2021  2 22 16 39
 1470 2021- 2-22 16:39     - 55 16  160 13   3.13 1.71  0.0    5 66.8 73.1      1470
  SEQ ---DATE--- TIME REMARK -LAT-  --LON-  DEPTH  RMS PMAG  NUM  ERH  ERZ  ID
 1471 2021- 2-22 16:50     - 55  1  161 51  21.12 0.06  0.0    5  9.1  6.1      1471
 1472 2021- 2-22 16:50       55  3  161 43  13.74 0.07  0.0    5  5.4  1.3      1472
 1473 2021- 2-22 19:49     - 55 47  161 11   3.00 0.25  0.0    6 17.4 24.0      1473
 1474 2021- 2-22 20:04     - 55  4  162 10   1.36 0.15  0.0    5  2.3 13.9      1474
 1475 2021- 2-22 20:15     - 55  9  161 58   0.36 0.30  0.0    4 17.9 26.4      1475
 1476 2021- 2-22 20:16       55  8  161 43   8.65 0.00  0.0    4  5.0  1.3      1476
 1477 2021- 2-22 22:18     - 55  0  161 38  21.68 0.17  0.0    7 15.3  4.5      1477
 *** DISTANCE & RESIDUAL WEIGHTING CANCELLED FOR EVENT: 2021  2 22 22 18
 1478 2021- 2-22 22:18     - 55  3  162  8   5.10 0.61  0.0    6 43.9  9.2      1478
 1479 2021- 2-23  3:46     - 55  4  161 23   2.52 0.08  0.0    5 13.7  3.7      1479
 1480 2021- 2-23  3:47     - 55  1  161 28   5.77 0.06  0.0    5 11.0 13.4      1480
 1481 2021- 2-23  3:54     - 54 41  162 30   2.98 0.03  0.0    4  5.3 11.6      1481
 1482 2021- 2-23  6:20     - 55  1  161 10  28.12 0.20  0.0    9 18.2  7.0      1482
 1483 2021- 2-23  6:20     - 55  4  161 11   6.81 0.14  0.0    4 14.6 17.0      1483
 1484 2021- 2-23  6:40     - 54 60  161 26  29.87 0.15  0.0    7 14.8  5.0      1484
 1485 2021- 2-23  6:41     - 55  2  161 35  41.43 0.08  0.0    5 11.8  4.5      1485
  SEQ ---DATE--- TIME REMARK -LAT-  --LON-  DEPTH  RMS PMAG  NUM  ERH  ERZ  ID
 1486 2021- 2-23 10:42     - 55  7  161 48  21.85 0.09  0.0    5 10.9  8.4      1486
 1487 2021- 2-23 10:42     # 55 10  161 58   1.50 0.83  0.0    8  3.6 25.8      1487
 1488 2021- 2-23 12:29       55 24  161 44  19.27 0.07  0.0    6  2.1  1.3      1488
 1489 2021- 2-23 12:33     - 55 40  163  5   1.06 0.22  0.0    7  9.3 19.6      1489
 1490 2021- 2-23 16:30     - 55  8  163 36   0.18 0.39  0.0    6 14.9 31.5      1490
 1491 2021- 2-23 16:37     - 54 45  160  8   5.82 0.16  0.0    7 16.3 17.7      1491
 1492 2021- 2-23 16:37     - 55 20  161 44   0.61 0.06  0.0    4 10.2 11.3      1492
 1493 2021- 2-23 20:03     - 54 39  161 27   3.08 0.18  0.0   16  6.7 13.8      1493
 1494 2021- 2-23 21:59     - 55  6  161 30   4.31 0.04  0.0    4 12.8  4.2      1494
 1495 2021- 2-23 22:00     - 54 41  161 17  17.97 0.40  0.0    5 26.3 31.0      1495
 *** DISTANCE & RESIDUAL WEIGHTING CANCELLED FOR EVENT: 2021  2 23 22  2
 1496 2021- 2-23 22:02     # 55 10  161 49   2.96 0.18  0.0    4 10.8  1.4      1496
 *** DISTANCE & RESIDUAL WEIGHTING CANCELLED FOR EVENT: 2021  2 23 22  2
 1497 2021- 2-23 22:02     - 54 52  161 31   8.49 0.62  0.0    6 30.2 37.7      1497
 1498 2021- 2-23 22:34     - 54 58  162 14   6.86 0.03  0.0    5  7.3 12.1      1498
 *** DISTANCE & RESIDUAL WEIGHTING CANCELLED FOR EVENT: 2021  2 23 22 35
 1499 2021- 2-23 22:35     # 55  5  162 20   3.00 0.88  0.0    4 19.7  6.6      1499
 1500 2021- 2-23 22:41     - 54 49  161 13  33.52 0.19  0.0    9 12.7 15.5      1500
  SEQ ---DATE--- TIME REMARK -LAT-  --LON-  DEPTH  RMS PMAG  NUM  ERH  ERZ  ID
 1501 2021- 2-23 22:41     - 54 36  160 57  25.82 0.13  0.0    7 12.5  2.6      1501
 1502 2021- 2-23 23:36     - 55  5  161 29   9.98 0.10  0.0    6  3.5 10.6      1502
 1503 2021- 2-23 23:36     - 54 34  160 45   6.12 0.46  0.0    8 23.3 19.9      1503
 *** DISTANCE & RESIDUAL WEIGHTING CANCELLED FOR EVENT: 2021  2 23 23 46
 1504 2021- 2-23 23:46     # 55  7  161 32   3.00 0.75  0.0    4 10.3 10.2      1504
 1505 2021- 2-23 23:48     - 54 58  161 11   8.75 0.06  0.0    4 13.0 13.4      1505
 1506 2021- 2-23 23:48     - 54 44  161 16  33.23 0.34  0.0    6 26.6 29.7      1506
 1507 2021- 2-24  0:04     - 54 34  161 11   3.02 0.14  0.0    5 14.4 17.0      1507
 *** DISTANCE & RESIDUAL WEIGHTING CANCELLED FOR EVENT: 2021  2 24  0  4
 1508 2021- 2-24  0:04     - 54 42  161 37  37.34 0.81  0.0    4 65.6 24.4      1508
 1509 2021- 2-24  1:14     - 54 55  160 19   3.02 0.10  0.0    8  6.3 13.7      1509
 1510 2021- 2-24  2:36     - 54 47  161  5  25.39 0.16  0.0    9 15.6  3.1      1510
 1511 2021- 2-24  2:36     - 54 48  161 16  54.32 0.68  0.0    9 39.4 16.5      1511
 *** DISTANCE & RESIDUAL WEIGHTING CANCELLED FOR EVENT: 2021  2 24  3 20
 1512 2021- 2-24  3:20     - 55  5  161 21   3.00 0.15  0.0    4 17.7  6.0      1512
 1513 2021- 2-24  3:44       55 20  161 46   4.58 0.01  0.0    5  4.4  3.2      1513
 *** DISTANCE & RESIDUAL WEIGHTING CANCELLED FOR EVENT: 2021  2 24  3 45
 1514 2021- 2-24  3:45     # 55 19  162 10   3.86 0.32  0.0    4  2.3 11.7      1514
 1515 2021- 2-24  3:53     - 55  7  161  9  14.56 0.13  0.0    4 16.4 14.1      1515
  SEQ ---DATE--- TIME REMARK -LAT-  --LON-  DEPTH  RMS PMAG  NUM  ERH  ERZ  ID
 1516 2021- 2-24  3:53     - 54 37  161 12  20.16 0.50  0.0    4 32.6 27.9      1516
 1517 2021- 2-24  4:27     # 54 55  161 44  68.68 0.65  0.0    8 20.7  4.9      1517
 1518 2021- 2-24  4:27     - 55  3  162 52   2.92 0.27  0.0    4 17.2 19.3      1518
 1519 2021- 2-24  4:47     - 55 24  161 40   6.37 0.05  0.0    4 11.9  0.7      1519
 *** DISTANCE & RESIDUAL WEIGHTING CANCELLED FOR EVENT: 2021  2 24  4 47
 1520 2021- 2-24  4:47     # 55 23  161 35  39.54 0.39  0.0    6 15.1 11.9      1520
 1521 2021- 2-24  4:49     - 55  2  161 13   4.61 0.32  0.0    4 26.1 29.7      1521
 1522 2021- 2-24  5:24     - 55 15  162  4   2.02 0.10  0.0    4  2.8 12.9      1522
 *** DISTANCE & RESIDUAL WEIGHTING CANCELLED FOR EVENT: 2021  2 24  5 24
 1523 2021- 2-24  5:24     - 54 40  161 16   3.05 0.42  0.0    4 33.5 36.2      1523
 1524 2021- 2-24  7:59     - 55 32  163 13   3.00 0.79  0.0    5 47.0 66.6      1524
 1525 2021- 2-24  8:09     - 55  3  161 34   1.88 0.01  0.0    4  8.9  2.1      1525
 1526 2021- 2-24  8:09     - 54 31  160 60   3.00 0.26  0.0    5 21.6 24.3      1526
 1527 2021- 2-24 10:03     - 55 10  163 15   2.36 0.24  0.0    4  9.5 20.7      1527
 1528 2021- 2-24 11:15     - 55  2  161 23   2.91 0.14  0.0    5 16.5  3.5      1528
 1529 2021- 2-24 14:19     - 55  9  163 16   1.28 0.31  0.0    8 12.2 25.5      1529
 *** DISTANCE & RESIDUAL WEIGHTING CANCELLED FOR EVENT: 2021  2 24 14 19
 1530 2021- 2-24 14:19     - 55 48  161 58   3.00 0.95  0.0    4 33.7 72.5      1530
  SEQ ---DATE--- TIME REMARK -LAT-  --LON-  DEPTH  RMS PMAG  NUM  ERH  ERZ  ID
 1531 2021- 2-24 14:34     - 54 59  162 27  27.23 0.05  0.0    5  7.6  9.5      1531
 1532 2021- 2-24 14:35     - 55  7  161 18  34.05 0.09  0.0    4 11.5  3.6      1532
 1533 2021- 2-24 14:54     - 55  1  161 26   3.00 0.07  0.0    4 11.9 13.6      1533
 *** DISTANCE & RESIDUAL WEIGHTING CANCELLED FOR EVENT: 2021  2 24 14 54
 1534 2021- 2-24 14:54     - 55  6  161 27  41.84 0.74  0.0    4 42.6 25.7      1534
 1535 2021- 2-24 15:21     # 54 59  162 13   0.09 0.23  0.0    7  1.1 10.5      1535
 1536 2021- 2-24 15:21     - 54 58  162 17   0.01 5.53  0.0    5 25.1 98.5      1536
 1537 2021- 2-24 16:20     - 54 55  161 28  24.32 0.16  0.0    7 16.2  6.4      1537
 *** DISTANCE & RESIDUAL WEIGHTING CANCELLED FOR EVENT: 2021  2 24 16 20
 1538 2021- 2-24 16:20     - 55 27  161 46   3.92 0.35  0.0    4 29.1 10.6      1538
 *** DISTANCE & RESIDUAL WEIGHTING CANCELLED FOR EVENT: 2021  2 24 16 20
 1539 2021- 2-24 16:20     # 55 21  161 43   2.89 0.29  0.0    4 15.8  7.1      1539
 1540 2021- 2-24 17:41     - 55  3  163 24  20.24 0.16  0.0    5  6.1 17.7      1540
 1541 2021- 2-24 18:28     - 54 59  161 23   4.51 0.20  0.0    6 16.3 21.0      1541
 1542 2021- 2-24 18:28     - 54 54  161 21  43.48 0.23  0.0    4 21.0  7.2      1542
 1543 2021- 2-24 19:10     - 55 31  161 46   2.41 0.19  0.0    4  3.6 19.3      1543
 1544 2021- 2-24 19:51     - 54 59  161 27  30.20 0.12  0.0    7 13.9  4.4      1544
 1545 2021- 2-24 19:51     - 54 50  161  5  33.93 0.18  0.0    6 14.3 12.6      1545
  SEQ ---DATE--- TIME REMARK -LAT-  --LON-  DEPTH  RMS PMAG  NUM  ERH  ERZ  ID
 1546 2021- 2-24 20:43     - 55  9  163 12   3.08 0.30  0.0    8 10.9 23.7      1546
 1547 2021- 2-24 20:44     - 54 44  162 25   3.02 0.34  0.0    5 26.3 27.6      1547
 1548 2021- 2-24 20:59     - 55 11  163 13   3.47 0.24  0.0    7  9.3 19.7      1548
 1549 2021- 2-24 20:59     - 54 53  162 16   6.81 0.21  0.0    5 19.8 20.8      1549
 *** DISTANCE & RESIDUAL WEIGHTING CANCELLED FOR EVENT: 2021  2 24 23 47
 1550 2021- 2-24 23:47     - 55 14  161 53   1.51 0.44  0.0    4 12.9 27.3      1550
 1551 2021- 2-25  2:04     - 54 59  161 40  21.96 0.06  0.0    6 10.8  3.5      1551
 *** DISTANCE & RESIDUAL WEIGHTING CANCELLED FOR EVENT: 2021  2 25  2  4
 1552 2021- 2-25  2:04     # 55 14  162  9   3.00 0.90  0.0    6  5.6 43.5      1552
 1553 2021- 2-25  3:22       54 58  162 11   3.00 0.56  0.0    6 24.2  6.9      1553
 1554 2021- 2-25  3:22     # 55 25  161 22   0.02 0.35  0.0    4  4.5  2.9      1554
 1555 2021- 2-25  4:43     - 54 56  161 15  32.52 0.14  0.0    7 14.5  1.1      1555
 *** DISTANCE & RESIDUAL WEIGHTING CANCELLED FOR EVENT: 2021  2 25  4 44
 1556 2021- 2-25  4:44     # 55 10  161 48  23.24 0.80  0.0    6 19.9 22.8      1556
 1557 2021- 2-25  5:45     - 54 57  161 18  30.34 0.20  0.0    7 15.7  6.6      1557
 1558 2021- 2-25  5:45     - 54 45  160 50  33.08 0.20  0.0    8 17.4 21.0      1558
 1559 2021- 2-25  7:38     - 54 55  161 31  29.57 0.19  0.0    5 15.9  8.6      1559
 1560 2021- 2-25  7:39     # 55  0  161 25   1.96 0.42  0.0    6 21.5  8.5      1560
 *** DISTANCE & RESIDUAL WEIGHTING CANCELLED FOR EVENT: 2021  2 25  8 33
  SEQ ---DATE--- TIME REMARK -LAT-  --LON-  DEPTH  RMS PMAG  NUM  ERH  ERZ  ID
 1561 2021- 2-25  8:33     - 55 21  162  5   3.12 0.38  0.0    4  3.7 28.2      1561
 1562 2021- 2-25  8:33     - 55 19  161 20  14.21 0.18  0.0    4 18.6  9.3      1562
 1563 2021- 2-25 12:55     - 54 58  161 24  25.31 0.15  0.0    7 15.5  4.9      1563
 1564 2021- 2-25 12:55     - 54 51  161 16  16.10 0.03  0.0    6 11.8  1.7      1564
 1565 2021- 2-25 13:26     - 54 58  162 22  15.34 0.02  0.0    4  7.3  8.4      1565
 1566 2021- 2-25 14:16     - 55 37  163 36   2.13 0.60  0.0    8 20.3 43.6      1566
 1567 2021- 2-25 14:17     - 55 60  162 26   2.97 0.36  0.0    9 13.2 28.4      1567
 1568 2021- 2-25 15:59     - 55  8  162  4   3.02 0.10  0.0    4  1.6 11.4      1568
 1569 2021- 2-25 16:35     - 54 28  161 60   3.44 0.31  0.0   17 11.7 25.1      1569
 *** DISTANCE & RESIDUAL WEIGHTING CANCELLED FOR EVENT: 2021  2 25 17  3
 1570 2021- 2-25 17:02     - 54 59  161 59   7.21 0.50  0.0    6 12.1 32.9      1570
 1571 2021- 2-25 17:10     - 54 55  161 27  18.27 0.11  0.0    5 13.5  6.6      1571
 1572 2021- 2-25 18:54       54 36  161 16  30.43 0.14  0.0   13  1.4  0.6      1572
 *** DISTANCE & RESIDUAL WEIGHTING CANCELLED FOR EVENT: 2021  2 25 19 57
 1573 2021- 2-25 19:57     - 55 44  162 35   3.00 0.30  0.0    4 24.4 27.7      1573
 1574 2021- 2-25 22:00     - 55 12  162 16   0.35 0.08  0.0    4 11.5  9.3      1574
 1575 2021- 2-26  1:05     - 54 56  161 30  24.50 0.13  0.0    8 14.7  4.4      1575
  SEQ ---DATE--- TIME REMARK -LAT-  --LON-  DEPTH  RMS PMAG  NUM  ERH  ERZ  ID
 1576 2021- 2-26  1:05     - 54 48  161 12  13.93 0.11  0.0    6 14.3  2.4      1576
 1577 2021- 2-26  3:14     - 55 11  163 21   2.95 0.53  0.0    7 20.0 40.8      1577
 1578 2021- 2-26  3:14     - 55  5  161 29   2.52 0.08  0.0    5 11.6  5.4      1578
 1579 2021- 2-26  7:09     - 55  5  161 18  10.64 0.12  0.0    4  2.9 13.9      1579
 *** DISTANCE & RESIDUAL WEIGHTING CANCELLED FOR EVENT: 2021  2 26  8  0
 1580 2021- 2-26  7:59     - 55 22  162  9   3.00 0.66  0.0    4  5.4 44.2      1580
 1581 2021- 2-26  9:03     - 54 58  161 11  29.98 0.19  0.0   10 15.1  1.9      1581
 1582 2021- 2-26  9:04     - 54 55  161  0  19.37 0.29  0.0    7 17.8 16.2      1582
 1583 2021- 2-26 10:25     - 54 59  161 20  18.98 0.22  0.0    4 19.2 16.5      1583
 1584 2021- 2-26 11:50     - 55 26  161 49   0.75 0.08  0.0    4  1.4 13.1      1584
 1585 2021- 2-26 12:09     # 54 36  161 16  38.40 0.36  0.0   13  4.2 20.5      1585
 *** DISTANCE & RESIDUAL WEIGHTING CANCELLED FOR EVENT: 2021  2 26 12  9
 1586 2021- 2-26 12:09     - 54 48  161 35   3.00 0.55  0.0    6 36.7 46.8      1586
 1587 2021- 2-26 13:25     - 54 38  160 46   2.51 0.20  0.0   11  8.4 18.3      1587
 *** DISTANCE & RESIDUAL WEIGHTING CANCELLED FOR EVENT: 2021  2 26 14 30
 1588 2021- 2-26 14:30     - 55  4  161 24  26.92 0.37  0.0    4 28.2 14.8      1588
 *** DISTANCE & RESIDUAL WEIGHTING CANCELLED FOR EVENT: 2021  2 26 18 11
 1589 2021- 2-26 18:11     # 55 23  162 33   3.00 0.56  0.0    4 11.1  3.8      1589
 1590 2021- 2-26 19:00     - 55 26  162 23   2.95 0.02  0.0    4  1.4 12.4      1590
  SEQ ---DATE--- TIME REMARK -LAT-  --LON-  DEPTH  RMS PMAG  NUM  ERH  ERZ  ID
 1591 2021- 2-26 19:39     - 55 18  161 46   9.02 0.06  0.0    4  8.6  5.9      1591
 1592 2021- 2-26 19:40     - 55  5  161  7   3.01 0.21  0.0    4 18.8 19.8      1592
 1593 2021- 2-26 21:00     - 55  0  161 30  27.27 0.18  0.0    7 15.8  5.3      1593
 1594 2021- 2-26 21:00     - 54 55  161 17  30.17 0.24  0.0    6 20.6  5.9      1594
 1595 2021- 2-26 21:29     - 55  4  161 58   5.52 0.03  0.0    5 11.0  3.7      1595
 1596 2021- 2-26 21:30     - 54 59  161 11  29.12 0.21  0.0    8 17.9  9.1      1596
 1597 2021- 2-26 23:38     - 55  4  162 27  11.30 0.08  0.0    4  3.7 10.8      1597
 1598 2021- 2-27  0:06     - 55  1  161 29  22.08 0.18  0.0    4 16.8 10.3      1598
 *** DISTANCE & RESIDUAL WEIGHTING CANCELLED FOR EVENT: 2021  2 27  1 59
 1599 2021- 2-27  1:59     # 55 13  161 53   2.99 0.39  0.0    4  8.7 15.8      1599
 1600 2021- 2-27  2:23     - 54 56  162  2   2.87 0.05  0.0    4  2.4 13.1      1600
 1601 2021- 2-27  6:27     - 55  5  161 23  22.79 0.04  0.0    4 12.1  7.8      1601
 1602 2021- 2-27  6:44       55  0  161 41  24.47 0.18  0.0    7  2.7  3.7      1602
 1603 2021- 2-27  6:44     - 54 44  161 30  58.41 0.27  0.0    4 21.3 10.2      1603
 *** DISTANCE & RESIDUAL WEIGHTING CANCELLED FOR EVENT: 2021  2 27  8 36
 1604 2021- 2-27  8:36     - 55  4  161 13  29.91 0.39  0.0    4 32.1 18.7      1604
 1605 2021- 2-27  8:42     - 55 16  162  6   0.02 0.24  0.0    4 13.7 22.7      1605
  SEQ ---DATE--- TIME REMARK -LAT-  --LON-  DEPTH  RMS PMAG  NUM  ERH  ERZ  ID
 1606 2021- 2-27  8:42       55 15  162 16   4.82 0.06  0.0    4  4.2  4.5      1606
 1607 2021- 2-27  9:20     - 55 50  162 43   3.17 0.06  0.0    5  4.8 12.3      1607
 1608 2021- 2-27  9:20       55 12  161 55   7.46 0.36  0.0    8  1.6  3.3      1608
 *** DISTANCE & RESIDUAL WEIGHTING CANCELLED FOR EVENT: 2021  2 27 14 59
 1609 2021- 2-27 14:58     - 55  9  161 56   0.39 0.77  0.0    4  7.4 63.8      1609
 1610 2021- 2-27 15:07     - 54 23  162 53   2.83 0.18  0.0    5  8.1 17.5      1610
 1611 2021- 2-27 15:30     - 55  4  161 24   1.50 0.11  0.0    5 11.0  2.4      1611
 *** DISTANCE & RESIDUAL WEIGHTING CANCELLED FOR EVENT: 2021  2 27 15 30
 1612 2021- 2-27 15:30     # 55  4  161 54   5.14 0.66  0.0    5 11.2  2.5      1612
 1613 2021- 2-27 16:28     - 55 41  160 24   3.01 0.20  0.0    7 19.4 20.4      1613
 1614 2021- 2-27 16:44     - 55 59  161  8   2.99 0.06  0.0    4  5.7 12.2      1614
 1615 2021- 2-27 19:01     - 55 56  161 30   3.01 0.07  0.0    5 11.9 13.8      1615
 1616 2021- 2-27 19:03     - 55 12  161 43   4.04 0.01  0.0    4  7.8  4.1      1616
 1617 2021- 2-27 20:10     - 54 54  161 13  30.35 0.20  0.0    9 16.1  3.5      1617
 1618 2021- 2-27 20:11     - 54 53  161 22  38.24 0.25  0.0    5 22.6  9.6      1618
 1619 2021- 2-27 22:13     - 55  5  161 10  25.76 0.24  0.0    9 18.8  9.0      1619
 1620 2021- 2-27 22:13     - 55 13  161 36  18.69 0.03  0.0    4  8.9  5.1      1620
 *** DISTANCE & RESIDUAL WEIGHTING CANCELLED FOR EVENT: 2021  2 27 22 13
  SEQ ---DATE--- TIME REMARK -LAT-  --LON-  DEPTH  RMS PMAG  NUM  ERH  ERZ  ID
 1621 2021- 2-27 22:13     - 54 53  161 40   3.00 2.20  0.0    5 89.6 89.6      1621
 1622 2021- 2-28  3:20     - 55 11  161 16   2.74 0.19  0.0    5 19.4  5.5      1622
 1623 2021- 2-28  3:20     - 54 56  160 33  25.45 0.10  0.0    6 14.1  3.5      1623
 1624 2021- 2-28  3:40     - 54 52  161 11  23.53 0.24  0.0    7 21.3 14.2      1624
 1625 2021- 2-28  3:40     - 54 58  161 39   7.20 0.10  0.0    4  9.2 13.1      1625
 *** DISTANCE & RESIDUAL WEIGHTING CANCELLED FOR EVENT: 2021  2 28  5 26
 1626 2021- 2-28  5:26     - 54 55  162 10   2.94 0.21  0.0    4  9.1 19.6      1626
 1627 2021- 2-28  6:21     - 54 57  161 15  28.74 0.16  0.0    8 13.7  4.7      1627
 1628 2021- 2-28  6:21     - 54 32  160 55  33.37 0.72  0.0   10 45.7 61.3      1628
 1629 2021- 2-28  6:50     - 54 60  162 28   2.91 0.04  0.0    4  5.5 11.8      1629
 1630 2021- 2-28  7:12     - 55  9  161 58   2.43 0.02  0.0    4  2.7 10.6      1630
 1631 2021- 2-28  7:12     - 54 57  161 30  36.29 0.13  0.0    5 15.0  4.6      1631
 1632 2021- 2-28  8:10     - 55  6  161 12  32.70 0.21  0.0    9 15.3  1.1      1632
 1633 2021- 2-28  8:10     - 55  9  161 32  35.22 0.09  0.0    4 10.5  6.9      1633
 *** DISTANCE & RESIDUAL WEIGHTING CANCELLED FOR EVENT: 2021  2 28  8 10
 1634 2021- 2-28  8:10     # 55 23  161 32   3.00 0.57  0.0    5  9.8 17.0      1634
 1635 2021- 2-28 10:47     - 54 60  162 23   8.27 0.01  0.0    4  8.8  8.4      1635
 *** DISTANCE & RESIDUAL WEIGHTING CANCELLED FOR EVENT: 2021  2 28 10 47
  SEQ ---DATE--- TIME REMARK -LAT-  --LON-  DEPTH  RMS PMAG  NUM  ERH  ERZ  ID
 1636 2021- 2-28 10:47     - 55  6  161  9   3.31 0.15  0.0    4  6.9 15.6      1636
 *** DISTANCE & RESIDUAL WEIGHTING CANCELLED FOR EVENT: 2021  2 28 16  0
 1637 2021- 2-28 15:59     - 55 22  162 10   3.00 0.29  0.0    4  2.8 25.5      1637
 1638 2021- 2-28 18:01     - 54 28  161  3   2.68 0.12  0.0    8  6.4 14.1      1638
 1639 2021- 2-28 18:01     - 54 25  161 52   1.59 0.20  0.0    5 18.0 19.1      1639
 1640 2021- 2-28 18:30     - 54 32  161 19   3.29 0.06  0.0    7  5.0 11.8      1640
 1641 2021- 2-28 18:30     - 54 58  162 47   2.88 0.01  0.0    4 10.3  6.5      1641
 1642 2021- 2-28 21:22     - 55 31  162 30   2.94 0.00  0.0    4  4.3 11.0      1642
 *** DISTANCE & RESIDUAL WEIGHTING CANCELLED FOR EVENT: 2021  2 28 21 50
 1643 2021- 2-28 21:50     # 55 17  161 48  14.20 0.67  0.0    4 14.7 10.4      1643
 1644 2021- 2-28 22:09     - 54 34  161 53   2.94 0.40  0.0    9 13.3 32.6      1644
 1645 2021- 2-28 22:09     - 55  7  162 34   3.11 0.03  0.0    4 11.3 11.9      1645
 1646 2021- 2-28 22:59       55 23  161 49   5.61 0.26  0.0   12  0.7  0.6      1646
 1647 2021- 3- 1  4:28       54 47  161 14  32.08 0.23  0.0   11  4.3  1.4      1647
 *** DISTANCE & RESIDUAL WEIGHTING CANCELLED FOR EVENT: 2021  3  1  4 29
 1648 2021- 3- 1  4:29     # 55 14  162 11   3.52 1.00  0.0    6  3.8 12.6      1648
 *** DISTANCE & RESIDUAL WEIGHTING CANCELLED FOR EVENT: 2021  3  1 14 27
 1649 2021- 3- 1 14:27     - 55 35  162 14   3.00 1.10  0.0    5 39.7 83.2      1649
 1650 2021- 3- 1 14:58     - 54 54  161  1  28.71 0.19  0.0    9 17.2  2.8      1650
  SEQ ---DATE--- TIME REMARK -LAT-  --LON-  DEPTH  RMS PMAG  NUM  ERH  ERZ  ID
 1651 2021- 3- 1 14:58     - 54 40  160 31  21.13 0.18  0.0    9 15.2  4.1      1651
 1652 2021- 3- 1 15:00     - 54 56  161  8  29.56 0.21  0.0    9 16.7  2.1      1652
 1653 2021- 3- 1 15:00     - 54 47  160 48  41.86 0.13  0.0    7 12.8  9.4      1653
 1654 2021- 3- 1 20:38     - 55 16  161 36   4.08 0.03  0.0    4 10.8  1.6      1654
 1655 2021- 3- 1 21:08     - 54 51  160 46  27.33 0.18  0.0   10 16.5  3.1      1655
 1656 2021- 3- 1 21:08     - 54 43  160 46   3.00 0.17  0.0    4 16.6 17.5      1656
 1657 2021- 3- 2  1:54     - 55  7  161 28  22.00 0.21  0.0    5 12.5 10.3      1657
 1658 2021- 3- 2  1:54     - 55 11  160 52   3.02 0.27  0.0    6 22.9 25.5      1658
 1659 2021- 3- 2  3:28     - 55 19  161 17  54.55 0.01  0.0    4 11.1  5.6      1659
 *** DISTANCE & RESIDUAL WEIGHTING CANCELLED FOR EVENT: 2021  3  2 11 48
 1660 2021- 3- 2 11:48     - 54 31  162 15   3.00 0.29  0.0    4 11.3 24.4      1660
 1661 2021- 3- 2 13:18       54 55  162 13   5.21 0.02  0.0    5  5.6  4.8      1661
 1662 2021- 3- 2 14:45     - 54 57  161 20  21.60 0.20  0.0    6 18.9  7.8      1662
 1663 2021- 3- 2 14:45     - 54 56  161 18  17.30 0.18  0.0    6 13.1 17.3      1663
 *** DISTANCE & RESIDUAL WEIGHTING CANCELLED FOR EVENT: 2021  3  2 17  5
 1664 2021- 3- 2 17:04     # 55  8  161 34  20.56 0.64  0.0    6 33.0 16.0      1664
 1665 2021- 3- 2 18:20     - 54 60  161 25  24.53 0.21  0.0    8 15.6  5.0      1665
  SEQ ---DATE--- TIME REMARK -LAT-  --LON-  DEPTH  RMS PMAG  NUM  ERH  ERZ  ID
 1666 2021- 3- 2 18:20     - 54 56  161 23  25.24 0.16  0.0    6 16.1  4.0      1666
 1667 2021- 3- 2 22:42     - 55  5  161  8   3.00 0.19  0.0    5 18.2 19.9      1667
 1668 2021- 3- 3  2:44     - 55 10  163  8   1.46 0.28  0.0    6 11.5 23.9      1668
 *** DISTANCE & RESIDUAL WEIGHTING CANCELLED FOR EVENT: 2021  3  3  5 37
 1669 2021- 3- 3  5:37     - 55 35  161 35   2.54 0.38  0.0    4 25.7 34.1      1669
 1670 2021- 3- 3 12:31     # 55 13  161 13   0.05 0.32  0.0    7 18.2  4.8      1670
 1671 2021- 3- 3 12:32       55 15  160 56  30.47 0.13  0.0    7  4.2  1.5      1671
 1672 2021- 3- 3 13:54     - 54 48  160 55  28.12 0.21  0.0   11 17.3  3.0      1672
 1673 2021- 3- 3 13:54     - 54 42  160 51  23.94 0.18  0.0    8 16.0  4.3      1673
 1674 2021- 3- 3 15:09     - 54 46  161  6  31.12 0.24  0.0   10 19.1  2.5      1674
 1675 2021- 3- 3 15:09     - 54 60  161 41  20.49 0.07  0.0    5  9.6  5.6      1675
 1676 2021- 3- 3 22:09     - 55  4  161 38   6.73 0.14  0.0    5  1.8 16.7      1676
 1677 2021- 3- 4  0:35     - 55 13  163 16   5.48 0.21  0.0    6  9.7 19.0      1677
 1678 2021- 3- 4  0:35     - 55 13  161 43   0.80 0.13  0.0    8  3.0 13.9      1678
 1679 2021- 3- 4  0:38     - 55 11  163 15   4.00 0.29  0.0    6 12.2 23.9      1679
 1680 2021- 3- 4  0:38     - 54 35  161 29   1.90 0.20  0.0   10  9.8 17.8      1680
 *** DISTANCE & RESIDUAL WEIGHTING CANCELLED FOR EVENT: 2021  3  4  0 38
  SEQ ---DATE--- TIME REMARK -LAT-  --LON-  DEPTH  RMS PMAG  NUM  ERH  ERZ  ID
 1681 2021- 3- 4  0:38     - 54 44  162 21   3.00 0.43  0.0    4 33.3 35.1      1681
 1682 2021- 3- 4  0:41     - 54 48  163 33   2.98 0.13  0.0    4  7.0 15.3      1682
 *** DISTANCE & RESIDUAL WEIGHTING CANCELLED FOR EVENT: 2021  3  4  0 44
 1683 2021- 3- 4  0:44     - 55 21  162  1   3.01 1.23  0.0    6  5.5 86.1      1683
 1684 2021- 3- 4  0:44       55 18  161 44   6.19 0.01  0.0    4  3.7  0.5      1684
 *** DISTANCE & RESIDUAL WEIGHTING CANCELLED FOR EVENT: 2021  3  4  0 49
 1685 2021- 3- 4  0:49     - 55  1  163 24   3.00 0.86  0.0    6 29.9 63.8      1685
 1686 2021- 3- 4  0:58     - 55  9  163 14   1.58 0.91  0.0   11 27.0 56.5      1686
 *** DISTANCE & RESIDUAL WEIGHTING CANCELLED FOR EVENT: 2021  3  4  1  5
 1687 2021- 3- 4  1:05     # 54 53  161 59   3.00 1.32  0.0    6  9.5 13.5      1687
 1688 2021- 3- 4  1:22     - 55 12  163 21   0.02 0.76  0.0   11 26.4 54.4      1688
 *** DISTANCE & RESIDUAL WEIGHTING CANCELLED FOR EVENT: 2021  3  4  1 30
 1689 2021- 3- 4  1:29     # 55 12  161 52  22.18 0.54  0.0    4 18.0 21.1      1689
 *** DISTANCE & RESIDUAL WEIGHTING CANCELLED FOR EVENT: 2021  3  4  1 30
 1690 2021- 3- 4  1:30     - 55  8  161  2   3.00 0.50  0.0    4 34.0 42.9      1690
 *** DISTANCE & RESIDUAL WEIGHTING CANCELLED FOR EVENT: 2021  3  4  1 58
 1691 2021- 3- 4  1:58     - 55  3  163 26   3.00 1.13  0.0    6 39.6 83.4      1691
 1692 2021- 3- 4  2:20     - 55 13  163 23   0.01 0.79  0.0   11 28.2 58.2      1692
 1693 2021- 3- 4  2:35     - 55  0  161 25  25.02 0.14  0.0    8 14.3  4.2      1693
 1694 2021- 3- 4  2:35     - 54 49  161 14  32.96 0.25  0.0    6 18.1 24.0      1694
 1695 2021- 3- 4  3:07     - 55 11  163 19   0.01 0.92  0.0   12 31.6 65.1      1695
  SEQ ---DATE--- TIME REMARK -LAT-  --LON-  DEPTH  RMS PMAG  NUM  ERH  ERZ  ID
 1696 2021- 3- 4  4:39     - 55  7  161 12   3.00 0.09  0.0    5 13.5 13.8      1696
 1697 2021- 3- 4  4:40     - 55 12  161 14   2.90 0.06  0.0    4 12.3  2.6      1697
 1698 2021- 3- 4  5:59     - 54 55  162 57   3.64 0.09  0.0    4  5.9 12.9      1698
 1699 2021- 3- 4  6:25     - 54 56  161 20   3.02 0.13  0.0    6 14.5 16.2      1699
 *** DISTANCE & RESIDUAL WEIGHTING CANCELLED FOR EVENT: 2021  3  4  6 25
 1700 2021- 3- 4  6:25     # 55 12  161 58   3.01 0.73  0.0    5  5.3 30.5      1700
 1701 2021- 3- 4  8:55     - 54 34  162 44   2.67 0.38  0.0    5 14.2 31.0      1701
 *** DISTANCE & RESIDUAL WEIGHTING CANCELLED FOR EVENT: 2021  3  4  9 29
 1702 2021- 3- 4  9:29     - 55 20  161 41  23.94 0.26  0.0    4 25.0  3.5      1702
 1703 2021- 3- 4  9:38     - 54 31  161 44   2.68 0.16  0.0   12  7.3 15.4      1703
 1704 2021- 3- 4  9:42     - 54 31  161 43   2.09 0.16  0.0   13  7.3 15.3      1704
 1705 2021- 3- 4 10:49     - 55 60  160 56   3.00 0.19  0.0    6 17.2 19.9      1705
 1706 2021- 3- 4 12:59       55  1  161 31  22.73 0.25  0.0    9  3.2  4.3      1706
 1707 2021- 3- 4 12:59     - 55  3  161 44  14.81 0.03  0.0    4  8.8  2.6      1707
 1708 2021- 3- 4 13:40     - 55  9  163  8   7.46 0.18  0.0    6 12.4 19.2      1708
 1709 2021- 3- 4 13:55       55 21  161 58  31.83 0.06  0.0    6  3.7  1.9      1709
 1710 2021- 3- 4 15:29     - 54 52  162 11   3.47 0.07  0.0    4 11.7  7.1      1710
  SEQ ---DATE--- TIME REMARK -LAT-  --LON-  DEPTH  RMS PMAG  NUM  ERH  ERZ  ID
 1711 2021- 3- 4 15:51     - 55 30  163  1   3.25 0.38  0.0    7 11.8 27.8      1711
 1712 2021- 3- 4 15:58     - 55 12  163 28   0.82 0.46  0.0    7 17.0 35.9      1712
 1713 2021- 3- 4 15:59     - 55 25  161 54   2.85 0.09  0.0    4  5.0 13.5      1713
 1714 2021- 3- 4 17:18     - 55  6  161 42   0.01 0.12  0.0    4 10.1 15.7      1714
 1715 2021- 3- 4 17:53     - 55 18  162 17   6.61 0.41  0.0    6  4.6 36.1      1715
 1716 2021- 3- 4 18:36     - 55  5  161 26  20.42 0.22  0.0    6 15.8  6.5      1716
 *** DISTANCE & RESIDUAL WEIGHTING CANCELLED FOR EVENT: 2021  3  4 18 37
 1717 2021- 3- 4 18:36     - 54 56  162 45   3.01 0.50  0.0    5 31.3 43.3      1717
 1718 2021- 3- 4 19:22     - 55 13  163 27   0.01 0.63  0.0    9 22.7 47.7      1718
 1719 2021- 3- 4 19:41     - 55 12  162  5  12.79 0.01  0.0    4  3.1 12.0      1719
 1720 2021- 3- 4 19:53     - 54 55  161 13   2.99 0.16  0.0    8  7.5 15.7      1720
 1721 2021- 3- 4 19:53     - 55  2  163 20   2.88 0.11  0.0    4  6.5 14.0      1721
 1722 2021- 3- 4 20:37     - 55 16  160 46  52.66 0.18  0.0    9 16.5  7.5      1722
 *** DISTANCE & RESIDUAL WEIGHTING CANCELLED FOR EVENT: 2021  3  4 20 38
 1723 2021- 3- 4 20:38     # 55 14  161 20   3.00 1.68  0.0    7 23.2 15.1      1723
 *** DISTANCE & RESIDUAL WEIGHTING CANCELLED FOR EVENT: 2021  3  4 21 12
 1724 2021- 3- 4 21:12     - 54 58  163 23   3.00 0.43  0.0    4 16.0 34.0      1724
 1725 2021- 3- 4 21:44     - 55 25  161 46   2.78 0.06  0.0    4  8.2  8.9      1725
  SEQ ---DATE--- TIME REMARK -LAT-  --LON-  DEPTH  RMS PMAG  NUM  ERH  ERZ  ID
 1726 2021- 3- 4 22:48     - 54 44  161  2  30.53 0.23  0.0   11 18.9  2.8      1726
 1727 2021- 3- 4 22:49     - 55  1  161 41  18.00 0.14  0.0    6 13.5  3.3      1727
 *** DISTANCE & RESIDUAL WEIGHTING CANCELLED FOR EVENT: 2021  3  4 23 56
 1728 2021- 3- 4 23:56     - 54 27  161 40   3.00 0.43  0.0    4 15.2 34.3      1728
 1729 2021- 3- 4 23:56     # 55 22  162 35   1.73 0.30  0.0    6  3.5  2.5      1729
 1730 2021- 3- 4 23:58     - 55  8  163 31   1.96 0.89  0.0    9 31.6 66.2      1730
 1731 2021- 3- 4 23:59     - 55 22  162 16   3.00 0.09  0.0    4  2.0 13.3      1731
 1732 2021- 3- 5  0:11     - 54 55  160 55  33.51 0.22  0.0   11 18.4 21.4      1732
 1733 2021- 3- 5  0:11     - 54 40  160 18  47.44 0.35  0.0   10 25.2 19.9      1733
 1734 2021- 3- 5  0:26     - 55  2  161 31  16.20 0.06  0.0    5 10.2  3.7      1734
 *** DISTANCE & RESIDUAL WEIGHTING CANCELLED FOR EVENT: 2021  3  5  0 27
 1735 2021- 3- 5  0:27     - 55 16  162  3   2.95 0.39  0.0    4  9.2 25.9      1735
 1736 2021- 3- 5  0:45     - 55 19  162 51   4.52 0.22  0.0    7  7.1 14.4      1736
 1737 2021- 3- 5  0:45     # 55  0  161 32   0.19 0.26  0.0    5 14.3  2.9      1737
 1738 2021- 3- 5  0:46       55 19  161 47   1.63 0.00  0.0    4  4.3  3.3      1738
 1739 2021- 3- 5  2:41     - 55  6  161 21   0.03 0.22  0.0    4 19.9  5.4      1739
 *** DISTANCE & RESIDUAL WEIGHTING CANCELLED FOR EVENT: 2021  3  5  2 42
 1740 2021- 3- 5  2:42     - 55 11  161 12   3.00 0.79  0.0    4 42.4 66.1      1740
 *** DISTANCE & RESIDUAL WEIGHTING CANCELLED FOR EVENT: 2021  3  5  4  3
  SEQ ---DATE--- TIME REMARK -LAT-  --LON-  DEPTH  RMS PMAG  NUM  ERH  ERZ  ID
 1741 2021- 3- 5  4:03     # 55 14  161 60   2.59 0.24  0.0    4  4.6 15.7      1741
 1742 2021- 3- 5  4:03     - 54 48  161 30   3.07 0.05  0.0    4  5.5 12.0      1742
 *** DISTANCE & RESIDUAL WEIGHTING CANCELLED FOR EVENT: 2021  3  5  8 50
 1743 2021- 3- 5  8:50     - 54 56  162 26   3.00 0.63  0.0    4 39.7 53.6      1743
 1744 2021- 3- 5  8:58     - 55  7  161 14   3.15 0.07  0.0    4  7.5 12.6      1744
 1745 2021- 3- 5 14:45     - 54 57  161  5  27.04 0.21  0.0   10 16.9  2.8      1745
 1746 2021- 3- 5 14:45     - 54 56  160 60  27.91 0.29  0.0    8 21.0  3.6      1746
 1747 2021- 3- 5 16:11     - 54 42  161  5  27.92 0.23  0.0   11 18.0  3.2      1747
 1748 2021- 3- 5 16:11       55  2  161 47  19.62 0.02  0.0    5  7.9  3.0      1748
 1749 2021- 3- 5 18:27     - 55 24  161 39   0.25 1.09  0.0    6 32.8 90.6      1749
 1750 2021- 3- 5 18:26     - 54 25  161 28   0.03 0.18  0.0    5 13.3 18.0      1750
 1751 2021- 3- 5 18:53     - 54 56  161 26  27.76 0.16  0.0    7 12.8  5.0      1751
 1752 2021- 3- 5 18:53     - 54 50  161  7  16.76 0.25  0.0    8 17.4 24.0      1752
 1753 2021- 3- 5 20:08     - 55 56  162 49   3.00 0.05  0.0    4  6.5 12.0      1753
 *** DISTANCE & RESIDUAL WEIGHTING CANCELLED FOR EVENT: 2021  3  5 20  9
 1754 2021- 3- 5 20:09     - 55  1  162 35  12.73 2.64  0.0    4 53.8 83.1      1754
 1755 2021- 3- 5 23:12     - 55  0  161  8  30.45 0.16  0.0    8 15.0  7.3      1755
  SEQ ---DATE--- TIME REMARK -LAT-  --LON-  DEPTH  RMS PMAG  NUM  ERH  ERZ  ID
 1756 2021- 3- 5 23:12     - 54 51  160 46  56.34 0.37  0.0    9 24.8 12.7      1756
 *** DISTANCE & RESIDUAL WEIGHTING CANCELLED FOR EVENT: 2021  3  5 23 18
 1757 2021- 3- 5 23:18     - 55 16  162  7   2.85 0.20  0.0    4  2.7 20.0      1757
 *** DISTANCE & RESIDUAL WEIGHTING CANCELLED FOR EVENT: 2021  3  5 23 18
 1758 2021- 3- 5 23:18     # 55 13  162 13   3.57 1.26  0.0    6  5.4 48.1      1758
 *** DISTANCE & RESIDUAL WEIGHTING CANCELLED FOR EVENT: 2021  3  5 23 47
 1759 2021- 3- 5 23:47     - 55  7  161 14   3.00 0.18  0.0    4 17.4 19.6      1759
 *** DISTANCE & RESIDUAL WEIGHTING CANCELLED FOR EVENT: 2021  3  5 23 47
 1760 2021- 3- 5 23:47     - 54 55  162 30   3.04 0.58  0.0    4 39.7 49.6      1760
 1761 2021- 3- 6  0:58     - 55 15  161 14  33.74 0.16  0.0    6 13.5  4.3      1761
 1762 2021- 3- 6  0:58     - 55 23  161 52   0.60 0.03  0.0    4  0.7 10.1      1762
 1763 2021- 3- 6  1:45     - 54 46  163 15   3.04 0.00  0.0    4  5.2 11.4      1763
 1764 2021- 3- 6  6:25     - 55  7  161 14   3.01 0.29  0.0    4 23.9 26.9      1764
 1765 2021- 3- 6  8:09     - 54 52  160 60   3.00 0.14  0.0    5 16.0 16.5      1765
 *** DISTANCE & RESIDUAL WEIGHTING CANCELLED FOR EVENT: 2021  3  6  8  9
 1766 2021- 3- 6  8:09     - 54 59  160 53  43.65 0.72  0.0    5 56.6 45.0      1766
 *** DISTANCE & RESIDUAL WEIGHTING CANCELLED FOR EVENT: 2021  3  6  9 17
 1767 2021- 3- 6  9:17     - 55 15  161 11   3.00 0.33  0.0    5 27.2 29.8      1767
 *** DISTANCE & RESIDUAL WEIGHTING CANCELLED FOR EVENT: 2021  3  6  9 18
 1768 2021- 3- 6  9:17     - 55 11  161  5   3.00 0.46  0.0    5 30.3 39.9      1768
 *** DISTANCE & RESIDUAL WEIGHTING CANCELLED FOR EVENT: 2021  3  6 10  1
 1769 2021- 3- 6 10:01     - 55 15  161 41   2.18 0.49  0.0    4  5.1 34.3      1769
 1770 2021- 3- 6 11:38     - 54 46  161  1  31.35 0.22  0.0   10 17.6  2.4      1770
  SEQ ---DATE--- TIME REMARK -LAT-  --LON-  DEPTH  RMS PMAG  NUM  ERH  ERZ  ID
 1771 2021- 3- 6 11:39     - 54 53  161 17  26.10 0.14  0.0    8 14.7  4.3      1771
 1772 2021- 3- 6 12:06       54 56  162 15   3.74 0.11  0.0    5  2.8  4.4      1772
 1773 2021- 3- 6 12:16     - 54 57  161 22  28.08 0.23  0.0    6 19.5  9.2      1773
 1774 2021- 3- 6 12:16     - 54 49  161 17  55.02 0.34  0.0    6 27.8  9.7      1774
 1775 2021- 3- 6 12:34     - 54 58  161 23  29.78 0.23  0.0    8 17.2  7.1      1775
 1776 2021- 3- 6 12:34       55  6  161 46  17.81 0.05  0.0    6  6.4  3.0      1776
 1777 2021- 3- 6 20:53     - 55  7  163 21   2.87 0.05  0.0    4  5.7 12.0      1777
 1778 2021- 3- 6 20:55     - 54 57  161 30  23.46 0.18  0.0    7 17.3  5.9      1778
 1779 2021- 3- 6 20:55     - 54 51  161 15  20.23 0.16  0.0    6 14.9  6.8      1779
 *** DISTANCE & RESIDUAL WEIGHTING CANCELLED FOR EVENT: 2021  3  6 21 47
 1780 2021- 3- 6 21:47     - 55 26  161 52   0.75 0.32  0.0    4 29.4 19.4      1780
 *** DISTANCE & RESIDUAL WEIGHTING CANCELLED FOR EVENT: 2021  3  7  8  9
 1781 2021- 3- 7  8:09     - 55  3  161  8  44.50 0.45  0.0    4 37.3 27.8      1781
 1782 2021- 3- 7  8:56     - 54 37  161 18  20.27 0.14  0.0    9  1.6 13.7      1782
 1783 2021- 3- 7  9:25     - 54 20  161 32   2.93 0.19  0.0    9  8.6 18.1      1783
 1784 2021- 3- 7 12:20     - 54 46  160 54  26.51 0.21  0.0   11 17.3  3.5      1784
 1785 2021- 3- 7 12:20     - 54 51  160 60  32.72 0.31  0.0    9 12.4 28.7      1785
  SEQ ---DATE--- TIME REMARK -LAT-  --LON-  DEPTH  RMS PMAG  NUM  ERH  ERZ  ID
 1786 2021- 3- 7 12:24     - 55  9  161 35  15.59 0.22  0.0    6 16.5  7.4      1786
 *** DISTANCE & RESIDUAL WEIGHTING CANCELLED FOR EVENT: 2021  3  7 12 25
 1787 2021- 3- 7 12:25     - 54 60  162 23   3.00 1.06  0.0    4 86.4 14.7      1787
 1788 2021- 3- 7 12:32     - 54 49  161  2  29.15 0.21  0.0   10 20.0  2.9      1788
 1789 2021- 3- 7 12:32     - 54 40  160 44  35.72 0.55  0.0   11 28.8 34.5      1789
 1790 2021- 3- 7 12:44     - 54 55  161 14  31.65 0.21  0.0   10 16.6  1.2      1790
 1791 2021- 3- 7 12:44     - 54 43  160 54  33.21 0.43  0.0   11 23.9 37.6      1791
 *** DISTANCE & RESIDUAL WEIGHTING CANCELLED FOR EVENT: 2021  3  7 12 50
 1792 2021- 3- 7 12:50     - 55 12  162 15   2.81 0.54  0.0    4  9.4 43.4      1792
 1793 2021- 3- 7 13:42     - 54 51  161 10  16.86 0.20  0.0    9 16.7 20.9      1793
 1794 2021- 3- 7 13:42     - 54 49  161  8  22.02 0.24  0.0    8 17.3  9.2      1794
 1795 2021- 3- 7 14:11     # 55  7  163  6   0.75 1.04  0.0   11 24.7 51.8      1795
 *** DISTANCE & RESIDUAL WEIGHTING CANCELLED FOR EVENT: 2021  3  7 19 35
 1796 2021- 3- 7 19:35     # 55 13  161 47  19.81 1.91  0.0    4 25.5 25.4      1796
 1797 2021- 3- 7 20:09     - 55  6  161 27   3.64 0.10  0.0    6 14.1  3.4      1797
 1798 2021- 3- 7 20:09     - 54 60  161 34  19.76 0.08  0.0    6 10.3  1.7      1798
 *** DISTANCE & RESIDUAL WEIGHTING CANCELLED FOR EVENT: 2021  3  7 20 48
 1799 2021- 3- 7 20:48     # 55 17  162 27   3.00 1.46  0.0    5  9.8 16.4      1799
 1800 2021- 3- 7 23:31     - 54 36  161 18   2.98 0.16  0.0   18  6.3 13.4      1800
  SEQ ---DATE--- TIME REMARK -LAT-  --LON-  DEPTH  RMS PMAG  NUM  ERH  ERZ  ID
 1801 2021- 3- 7 23:58     - 55 30  161 16  49.65 0.28  0.0    7 20.3 12.7      1801
 1802 2021- 3- 8  0:01     - 55  9  161 14  28.25 0.17  0.0    7 15.0  6.4      1802
 1803 2021- 3- 8  0:01     - 54 58  160 10  31.53 0.26  0.0   10 17.8 24.8      1803
 1804 2021- 3- 8  1:09     - 54 56  162 31  22.98 0.07  0.0    6  9.7  7.5      1804
 1805 2021- 3- 8  3:09     - 55  3  160 30   2.79 0.02  0.0    5  5.4 11.4      1805
 1806 2021- 3- 8  3:53     - 55 34  160 30   3.00 0.28  0.0    6 18.8 22.2      1806
 1807 2021- 3- 8  3:53     - 55 22  162 52   6.67 0.25  0.0    6  1.6 24.3      1807
 *** DISTANCE & RESIDUAL WEIGHTING CANCELLED FOR EVENT: 2021  3  8  8  0
 1808 2021- 3- 8  7:59     - 55 22  162 19   3.00 0.58  0.0    4  7.8 47.0      1808
 1809 2021- 3- 8  8:49     - 54 54  161 18  23.19 0.14  0.0    7 14.2  7.5      1809
 1810 2021- 3- 8  8:50     - 54 55  161 33   6.66 0.41  0.0    9  6.4 35.0      1810
 1811 2021- 3- 8  8:52     - 54 55  161 21  33.55 0.20  0.0    9 16.9  6.2      1811
 1812 2021- 3- 8  8:52     - 54 45  161 13   3.02 0.28  0.0    4 23.2 25.7      1812
 1813 2021- 3- 8  9:53       55  6  161 47  12.27 0.11  0.0    8  3.3  1.4      1813
 *** DISTANCE & RESIDUAL WEIGHTING CANCELLED FOR EVENT: 2021  3  8 11 34
 1814 2021- 3- 8 11:34     # 55  7  161 59   2.93 0.86  0.0    5 11.3 25.2      1814
 1815 2021- 3- 8 19:49     - 55  4  161 30  27.58 0.18  0.0    7 14.7  6.1      1815
 *** DISTANCE & RESIDUAL WEIGHTING CANCELLED FOR EVENT: 2021  3  8 19 50
  SEQ ---DATE--- TIME REMARK -LAT-  --LON-  DEPTH  RMS PMAG  NUM  ERH  ERZ  ID
 1816 2021- 3- 8 19:49     - 54 46  160 53   3.02 0.32  0.0    5 25.4 28.7      1816
 1817 2021- 3- 8 19:54     - 55  2  161 23  27.51 0.25  0.0    8 17.6  7.2      1817
 1818 2021- 3- 8 19:54       55 11  161 49  17.96 0.00  0.0    4  4.9  4.1      1818
 *** DISTANCE & RESIDUAL WEIGHTING CANCELLED FOR EVENT: 2021  3  8 21 17
 1819 2021- 3- 8 21:17     - 55 10  162  0   2.95 1.44  0.0    4 13.2 87.2      1819
 1820 2021- 3- 8 22:45     - 55 32  161 20  23.93 0.21  0.0    5 18.1  9.0      1820
 1821 2021- 3- 8 22:45     - 55 29  160 30   3.02 0.08  0.0    5 11.9 14.1      1821
 1822 2021- 3- 8 22:56     - 54 36  161 17  36.25 0.20  0.0    8  2.5 15.7      1822
 1823 2021- 3- 9  5:24       55 22  161 52   6.86 0.04  0.0    5  2.6  3.4      1823
 1824 2021- 3- 9  5:25     - 55 21  161  9   1.58 0.07  0.0    5  5.9 12.2      1824
 1825 2021- 3- 9  6:11     - 55  0  161 10  28.70 0.16  0.0    8 13.5  4.8      1825
 1826 2021- 3- 9  6:11     - 55 13  161 26   6.62 0.18  0.0    5  5.5 19.0      1826
 1827 2021- 3- 9 11:04     - 55  0  161 29  21.98 0.14  0.0    5 15.1  4.7      1827
 *** DISTANCE & RESIDUAL WEIGHTING CANCELLED FOR EVENT: 2021  3  9 11  4
 1828 2021- 3- 9 11:04     - 55  4  161 20   3.00 0.57  0.0    4 47.3  9.4      1828
 1829 2021- 3- 9 11:34     - 54 51  161  7  27.70 0.16  0.0    9 15.7  3.4      1829
 1830 2021- 3- 9 11:34     - 54 34  160 49   8.16 0.13  0.0    5 14.7  3.3      1830
  SEQ ---DATE--- TIME REMARK -LAT-  --LON-  DEPTH  RMS PMAG  NUM  ERH  ERZ  ID
 1831 2021- 3- 9 11:35     - 54 51  160 57  29.79 0.18  0.0   10 15.8  2.5      1831
 1832 2021- 3- 9 11:35     - 54 30  160 10   7.54 0.29  0.0   10 20.3 13.0      1832
 1833 2021- 3- 9 11:46     - 54 48  161  7  27.82 0.17  0.0    9 16.9  7.9      1833
 1834 2021- 3- 9 11:47     - 54 56  161 34   6.67 0.13  0.0    5  3.8 16.3      1834
 *** DISTANCE & RESIDUAL WEIGHTING CANCELLED FOR EVENT: 2021  3  9 12  8
 1835 2021- 3- 9 12:08     - 55 20  161 43  20.52 0.17  0.0    4 18.7  1.5      1835
 1836 2021- 3- 9 15:28       55  3  161 44  24.10 0.39  0.0    8  5.3  5.1      1836
 1837 2021- 3- 9 15:59     - 54 38  161 18   3.05 0.18  0.0   17  6.5 13.7      1837
 1838 2021- 3- 9 17:00     - 54 55  161 22  33.86 0.13  0.0    5 14.4 11.5      1838
 1839 2021- 3- 9 17:00     - 54 43  160 45  37.04 0.33  0.0    7 18.0 20.5      1839
 1840 2021- 3- 9 17:12     - 54 58  161 21  20.85 0.16  0.0    6 15.5  7.7      1840
 1841 2021- 3- 9 17:12     - 55  1  161 17   5.77 0.30  0.0    4 25.1 27.0      1841
 1842 2021- 3- 9 18:24     - 55  1  161 22   0.79 0.14  0.0    4 15.9  5.2      1842
 *** DISTANCE & RESIDUAL WEIGHTING CANCELLED FOR EVENT: 2021  3  9 21  1
 1843 2021- 3- 9 21:01     - 54 55  162 10   3.01 0.31  0.0    4 21.5 17.4      1843
 *** DISTANCE & RESIDUAL WEIGHTING CANCELLED FOR EVENT: 2021  3  9 21  1
 1844 2021- 3- 9 21:01     - 55  4  163  3   3.00 0.50  0.0    5 18.1 39.2      1844
 1845 2021- 3-10  1:45     - 54 38  160 41   2.96 0.15  0.0    8  7.2 15.8      1845
 *** DISTANCE & RESIDUAL WEIGHTING CANCELLED FOR EVENT: 2021  3 10  2 19
  SEQ ---DATE--- TIME REMARK -LAT-  --LON-  DEPTH  RMS PMAG  NUM  ERH  ERZ  ID
 1846 2021- 3-10  2:19     # 55 10  161 35  17.21 0.42  0.0    4 21.2  7.8      1846
 *** DISTANCE & RESIDUAL WEIGHTING CANCELLED FOR EVENT: 2021  3 10  4 20
 1847 2021- 3-10  4:20     - 55  6  163 18   2.67 0.06  0.0    4  5.8 12.3      1847
 1848 2021- 3-10  6:53     - 54 34  161 53   2.72 0.45  0.0    8 14.6 35.8      1848
 1849 2021- 3-10  6:53     - 54 49  163  2   3.20 0.08  0.0    5 12.0 12.6      1849
 1850 2021- 3-10  7:15       54 58  162 16   0.57 0.02  0.0    6  0.9  4.4      1850
 1851 2021- 3-10  7:16     - 54 58  162 16   0.01 4.74  0.0    6 16.8 98.7      1851
 1852 2021- 3-10  8:40     - 55 37  161 46  53.23 0.10  0.0    5  6.1 13.2      1852
 1853 2021- 3-10  8:52     - 54 57  161 19   3.00 0.23  0.0    7 16.5 22.9      1853
 *** DISTANCE & RESIDUAL WEIGHTING CANCELLED FOR EVENT: 2021  3 10  8 53
 1854 2021- 3-10  8:52     # 55 14  162  5  21.17 0.40  0.0    5  5.0 11.6      1854
 1855 2021- 3-10  9:15     - 54 57  161 17  10.39 0.13  0.0    5  3.8 15.3      1855
 1856 2021- 3-10  9:15     - 55 11  161 55   0.67 0.10  0.0    4  1.3 11.1      1856
 *** DISTANCE & RESIDUAL WEIGHTING CANCELLED FOR EVENT: 2021  3 10 16  0
 1857 2021- 3-10 15:59     # 55 17  162  2   3.00 1.02  0.0    4  9.8 13.5      1857
 1858 2021- 3-10 18:24       55 18  161 40  16.08 0.07  0.0    5  3.7  2.3      1858
 1859 2021- 3-10 20:21     - 54 43  160 42   2.74 0.21  0.0   19  7.9 16.9      1859
 1860 2021- 3-10 20:23     - 54 58  162  4   2.94 0.02  0.0    4  1.8 12.6      1860
  SEQ ---DATE--- TIME REMARK -LAT-  --LON-  DEPTH  RMS PMAG  NUM  ERH  ERZ  ID
 1861 2021- 3-10 23:39     - 54 58  162 26  20.58 0.03  0.0    4  8.9  8.5      1861
 1862 2021- 3-11  5:14     - 54 58  161 16  26.93 0.23  0.0    9 17.3  8.2      1862
 1863 2021- 3-11  5:14       54 57  161 21  32.77 0.08  0.0    7  7.3  0.4      1863
 1864 2021- 3-11  5:49     - 54 57  162 30  35.01 0.16  0.0    5 12.5 11.6      1864
 1865 2021- 3-11  5:57     - 54 54  160 59   3.00 0.21  0.0    7 19.6 21.4      1865
 1866 2021- 3-11  5:58     - 54 56  161 16  32.36 0.11  0.0    4 15.0  0.7      1866
 1867 2021- 3-11  6:03     - 54 45  161  7  27.18 0.20  0.0   11 17.7  3.2      1867
 1868 2021- 3-11  6:03     # 55  4  161 28   3.28 0.19  0.0    7  9.5  3.6      1868
 1869 2021- 3-11  6:50     - 55  7  161 21   1.36 0.18  0.0    4 16.3  4.7      1869
 1870 2021- 3-11  6:50     - 55  9  161 43  19.52 0.07  0.0    4 10.5  5.9      1870
 1871 2021- 3-11  7:46     - 55 39  163  0   2.86 0.02  0.0    4  5.3 11.5      1871
 1872 2021- 3-11  9:54     - 55 22  162 24   7.78 0.40  0.0    6  4.0 34.4      1872
 1873 2021- 3-11 12:25     - 55 26  160 50   4.58 0.24  0.0    7 10.9 19.3      1873
 1874 2021- 3-11 12:25     - 55 27  161 14  65.06 0.11  0.0    4 11.1  7.5      1874
 1875 2021- 3-11 13:08     - 54 35  161 48   3.26 0.21  0.0   14  8.0 17.2      1875
  SEQ ---DATE--- TIME REMARK -LAT-  --LON-  DEPTH  RMS PMAG  NUM  ERH  ERZ  ID
 1876 2021- 3-11 19:52     - 55  3  161 53  19.07 0.06  0.0    5  9.1  3.5      1876
 1877 2021- 3-11 20:50     - 55 26  161 20  43.43 0.13  0.0    6 11.6  6.9      1877
 1878 2021- 3-11 20:51     - 55 16  161 37   2.99 0.06  0.0    4  2.0 13.3      1878
 1879 2021- 3-11 21:00     - 55 45  161 45   1.87 0.18  0.0    5  8.2 17.8      1879
 1880 2021- 3-11 23:52     # 54 47  162 39  69.32 0.21  0.0    8  7.1  4.1      1880
 1881 2021- 3-15  0:56       55 15  162 17  17.10 0.13  0.0    6  1.7  3.7      1881
 1882 2021- 3-15  1:10     - 55 18  161 28   7.58 0.13  0.0    5  3.8 14.4      1882
 1883 2021- 3-15  2:34     - 55  3  161 22  20.64 0.21  0.0    5 17.4 11.5      1883
 *** DISTANCE & RESIDUAL WEIGHTING CANCELLED FOR EVENT: 2021  3 15  3 30
 1884 2021- 3-15  3:30     - 55 15  161 54  14.43 0.38  0.0    4 34.0  8.8      1884
 1885 2021- 3-15  3:36     - 54 56  161  9  29.31 0.21  0.0    9 16.8  2.2      1885
 1886 2021- 3-15  3:36     - 54 53  161 20  33.95 0.26  0.0    6 19.9  6.6      1886
 1887 2021- 3-15  4:03     - 54 36  161 16  24.17 0.17  0.0   11 14.6  3.0      1887
 1888 2021- 3-15  4:03     - 54 30  161 12  19.26 0.18  0.0    7 13.1  3.2      1888
 1889 2021- 3-15  4:11     - 54 35  162 31   2.86 0.13  0.0    8  7.0 15.0      1889
 1890 2021- 3-15  5:06     - 54 43  160 46  24.01 0.21  0.0   11 18.2  4.4      1890
  SEQ ---DATE--- TIME REMARK -LAT-  --LON-  DEPTH  RMS PMAG  NUM  ERH  ERZ  ID
 1891 2021- 3-15  5:06     - 54 32  160 20   4.37 0.18  0.0    8 11.6 12.9      1891
 1892 2021- 3-15  5:15     - 54 55  162 33   4.77 0.01  0.0    4  5.3 11.4      1892
 1893 2021- 3-15  6:12     - 55  2  161 15  18.99 0.07  0.0    5  4.2 11.2      1893
 1894 2021- 3-15  6:19       55  5  162 21  31.30 0.01  0.0    4  3.6  6.3      1894
 1895 2021- 3-15  8:13     - 54 26  163  9   3.35 0.20  0.0    6  8.9 19.0      1895
 1896 2021- 3-15  8:34     - 55 12  161 26  10.27 0.10  0.0    4 13.9 11.1      1896
 1897 2021- 3-15  8:36     - 54 58  161  5   3.00 0.17  0.0    6 16.6 18.8      1897
 *** DISTANCE & RESIDUAL WEIGHTING CANCELLED FOR EVENT: 2021  3 15  8 39
 1898 2021- 3-15  8:39     # 55 16  161 59   4.38 2.56  0.0    4 15.5 87.9      1898
 1899 2021- 3-15 10:11     - 55 15  163 24   0.84 0.70  0.0   11 24.6 50.9      1899
 1900 2021- 3-15 12:42     - 54 40  160 47  24.18 0.20  0.0   11 17.6  4.1      1900
 1901 2021- 3-15 12:42     - 54 38  160 33  19.56 0.30  0.0   10 21.4  6.0      1901
 *** DISTANCE & RESIDUAL WEIGHTING CANCELLED FOR EVENT: 2021  3 15 13  2
 1902 2021- 3-15 13:02     - 54 27  161 40   3.01 0.46  0.0    6 16.5 36.0      1902
 1903 2021- 3-15 13:52     - 54 57  162 16   8.57 0.07  0.0    6  7.3 10.0      1903
 *** DISTANCE & RESIDUAL WEIGHTING CANCELLED FOR EVENT: 2021  3 15 13 53
 1904 2021- 3-15 13:53     - 54 57  162 19   5.79 0.47  0.0    6 34.3 15.2      1904
 1905 2021- 3-15 13:58     - 55 49  160 29  13.19 0.15  0.0   20  7.7 15.6      1905
  SEQ ---DATE--- TIME REMARK -LAT-  --LON-  DEPTH  RMS PMAG  NUM  ERH  ERZ  ID
 1906 2021- 3-15 14:01     - 55 52  160 36   2.81 0.20  0.0   15  8.2 17.9      1906
 1907 2021- 3-15 14:02     - 55 33  160 17   3.01 0.20  0.0    5 20.2 20.6      1907
 1908 2021- 3-15 17:01     - 54 22  162 51   1.84 0.33  0.0    9 12.6 27.4      1908
 1909 2021- 3-15 19:09       55 17  161 60  12.55 0.10  0.0    8  1.9  2.2      1909
 1910 2021- 3-15 19:26     - 54 51  161 14  28.84 0.22  0.0    8 17.9  4.0      1910
 1911 2021- 3-15 20:06     - 54 54  162 28  24.60 0.07  0.0    5 10.0  8.5      1911
 *** DISTANCE & RESIDUAL WEIGHTING CANCELLED FOR EVENT: 2021  3 16  0  0
 1912 2021- 3-15 23:59     - 55 18  162  2   2.97 0.60  0.0    4  3.6 39.0      1912
 *** DISTANCE & RESIDUAL WEIGHTING CANCELLED FOR EVENT: 2021  3 16  1 44
 1913 2021- 3-16  1:44     - 55 12  161 46   3.00 0.52  0.0    4  7.7 34.2      1913
 1914 2021- 3-16  2:41     - 54 56  161 32  47.10 0.06  0.0    4  5.1  9.1      1914
 1915 2021- 3-16  3:05     - 54 53  163 10   2.45 0.10  0.0    4  6.2 13.6      1915
 1916 2021- 3-16  3:05     - 55 28  162  5  27.15 0.11  0.0    4  2.4 14.8      1916
 1917 2021- 3-16  5:15     - 55 22  160 31   1.66 0.30  0.0   11 11.4 24.9      1917
 1918 2021- 3-16  7:19     - 54 58  161  9  28.77 0.15  0.0    8 14.7  8.3      1918
 1919 2021- 3-16  7:19     - 55  4  161 26  15.97 0.07  0.0    5 11.5  0.9      1919
 1920 2021- 3-16  9:17     - 54 45  161 19   3.51 0.19  0.0   18  6.3 13.2      1920
 *** DISTANCE & RESIDUAL WEIGHTING CANCELLED FOR EVENT: 2021  3 16 10 16
  SEQ ---DATE--- TIME REMARK -LAT-  --LON-  DEPTH  RMS PMAG  NUM  ERH  ERZ  ID
 1921 2021- 3-16 10:15     - 55 30  162 47   2.96 1.28  0.0    4 40.6 90.3      1921
 1922 2021- 3-16 10:40       54 41  161 23  43.86 0.13  0.0   13  1.9  4.1      1922
 1923 2021- 3-16 11:12     - 54 39  160 45  38.09 0.21  0.0   10 16.2 17.5      1923
 1924 2021- 3-16 11:12     - 54 42  160 58  33.29 0.26  0.0   10 17.6 24.5      1924
 1925 2021- 3-16 11:26     - 54 54  161 10  27.67 0.20  0.0   10 16.3  3.2      1925
 1926 2021- 3-16 11:26     - 54 44  160 48  18.49 0.22  0.0    9 15.9 21.2      1926
 1927 2021- 3-16 15:08     - 54 57  163  1   3.87 0.26  0.0    7  9.8 21.4      1927
 1928 2021- 3-16 18:42     - 55  6  162 54  57.01 0.12  0.0   10  8.3  8.7      1928
 *** DISTANCE & RESIDUAL WEIGHTING CANCELLED FOR EVENT: 2021  3 16 19 55
 1929 2021- 3-16 19:55     - 55 15  162 24   8.65 0.27  0.0    4  5.0 25.0      1929
 1930 2021- 3-16 20:52     - 54 52  162  2   0.51 0.05  0.0    4  2.8 13.2      1930
 1931 2021- 3-16 21:46     - 54 56  161 51   0.42 0.02  0.0    4 11.5  2.5      1931
 1932 2021- 3-16 22:23     - 54 56  162 14   6.75 0.17  0.0    5 10.6 12.5      1932
 1933 2021- 3-17  3:07     - 54 32  161 44   2.83 0.15  0.0    4 17.9 16.3      1933
 1934 2021- 3-17  3:43     - 54 51  161  1  36.80 0.24  0.0    8 21.2 16.9      1934
 1935 2021- 3-17  3:44     - 54 44  160 58  28.60 0.17  0.0    8 13.6  2.5      1935
  SEQ ---DATE--- TIME REMARK -LAT-  --LON-  DEPTH  RMS PMAG  NUM  ERH  ERZ  ID
 1936 2021- 3-17  3:58     - 54 27  161 49   2.43 0.18  0.0    8  7.8 17.0      1936
 *** DISTANCE & RESIDUAL WEIGHTING CANCELLED FOR EVENT: 2021  3 17  5 14
 1937 2021- 3-17  5:14     - 55 15  163 31   3.01 0.30  0.0    4 12.0 24.9      1937
 *** DISTANCE & RESIDUAL WEIGHTING CANCELLED FOR EVENT: 2021  3 17  5 43
 1938 2021- 3-17  5:43     # 55  2  162 12   3.02 0.55  0.0    4 14.7 15.0      1938
 1939 2021- 3-17  6:55     - 55  6  161 24   3.01 0.01  0.0    4  7.5  9.8      1939
 *** DISTANCE & RESIDUAL WEIGHTING CANCELLED FOR EVENT: 2021  3 17  8 50
 1940 2021- 3-17  8:50     - 55 15  161 37  21.23 0.27  0.0    4 26.1  4.6      1940
 1941 2021- 3-17  9:09     - 55 21  161 35   2.79 0.07  0.0    4  2.1 13.6      1941
 1942 2021- 3-17  9:16     - 55  9  161 18   0.81 0.04  0.0    4 12.3  3.3      1942
 *** DISTANCE & RESIDUAL WEIGHTING CANCELLED FOR EVENT: 2021  3 17  9 17
 1943 2021- 3-17  9:17     - 54 57  161 14  36.01 0.60  0.0    4 43.1 30.2      1943
 *** DISTANCE & RESIDUAL WEIGHTING CANCELLED FOR EVENT: 2021  3 17 11 41
 1944 2021- 3-17 11:41     # 55 19  162 25   3.00 3.05  0.0    4 64.3 42.6      1944
 1945 2021- 3-17 11:48     - 54 58  161 10  31.27 0.23  0.0   10 16.9  1.5      1945
 1946 2021- 3-17 11:48     - 54 45  160 49  32.88 0.27  0.0   10 16.4 25.3      1946
 1947 2021- 3-17 16:22     - 54 28  161 33   2.79 0.27  0.0    4 10.4 22.5      1947
 1948 2021- 3-17 16:50     - 55  4  161 14   3.03 0.02  0.0    4 11.3 11.6      1948
 1949 2021- 3-17 17:25     - 55  1  161 37   3.17 0.07  0.0    5 11.6  3.1      1949
 1950 2021- 3-17 17:25       54 59  161 56   4.26 0.09  0.0    6  5.7  0.7      1950
  SEQ ---DATE--- TIME REMARK -LAT-  --LON-  DEPTH  RMS PMAG  NUM  ERH  ERZ  ID
 1951 2021- 3-17 17:41     - 55 32  161 34   1.71 0.20  0.0    4 15.8 20.4      1951
 1952 2021- 3-17 18:02     - 54 59  162 26  21.20 0.11  0.0    6  8.5  8.1      1952
 1953 2021- 3-17 19:20       54 50  161 15  29.88 0.15  0.0   10  4.7  1.1      1953
 1954 2021- 3-17 19:45     - 55 20  162 47   3.06 0.28  0.0    5  7.9 16.9      1954
 1955 2021- 3-17 19:45     # 54 23  161 30   0.02 0.17  0.0    8  8.6  8.5      1955
 1956 2021- 3-17 19:45     - 55 11  161 37   2.06 0.01  0.0    4  9.1  7.1      1956
 1957 2021- 3-17 20:28     - 55 26  161 43  77.71 0.12  0.0    8  6.1 14.2      1957
 1958 2021- 3-17 21:13     - 55 33  161 44   2.37 0.45  0.0    6  5.0 30.0      1958
 1959 2021- 3-17 21:50     - 55  8  161 52   8.04 0.05  0.0    4 10.3  7.6      1959
 1960 2021- 3-17 21:50     - 54 44  161 13  18.87 0.23  0.0    6 13.1 18.8      1960
 1961 2021- 3-17 22:03     - 54 37  161 22   2.91 0.10  0.0    7  6.2 12.8      1961
 1962 2021- 3-17 22:27     - 55 33  162 34   3.05 0.01  0.0    4  5.4 11.3      1962
 1963 2021- 3-17 22:42     # 54 28  162 54   6.06 0.20  0.0   12  5.9 13.0      1963
 1964 2021- 3-17 22:42     - 55 11  162 14  20.74 0.19  0.0    5 16.7  9.1      1964
 1965 2021- 3-17 23:00     # 55 31  162  8  22.79 0.84  0.0    6 11.4 44.9      1965
 *** DISTANCE & RESIDUAL WEIGHTING CANCELLED FOR EVENT: 2021  3 17 23 48
 *** ABANDON EVENT WITH ONLY 3 READINGS:2021  3 17 23 48
 1967 2021- 3-17 23:49     - 54 34  163 18   3.07 0.23  0.0    9  8.3 18.2      1967
 *** DISTANCE & RESIDUAL WEIGHTING CANCELLED FOR EVENT: 2021  3 18  0  0
 1968 2021- 3-17 23:59     # 55 24  162  3   3.00 1.53  0.0    4 17.5 88.6      1968
 1969 2021- 3-18  0:14       55 11  162 17  17.34 0.10  0.0    5  4.1  7.4      1969
 1970 2021- 3-18  0:30     - 55 22  162 56   3.02 0.32  0.0    5 11.3 23.9      1970
 1971 2021- 3-18  1:02     - 55  2  161 23   2.17 0.10  0.0    4 14.6  3.9      1971
 1972 2021- 3-18  1:02     - 54 50  161 17  19.65 0.12  0.0    4 15.1 13.5      1972
 1973 2021- 3-18  1:31       54 50  161 10  52.80 0.11  0.0   13  2.2  3.2      1973
 1974 2021- 3-18  2:40     - 55 13  162 52   3.12 0.03  0.0    4  7.5 10.0      1974
 1975 2021- 3-18  2:45       55 29  161 50  34.83 0.18  0.0   11  2.5  1.5      1975
 1976 2021- 3-18  2:52     - 55 11  162 13   3.18 0.05  0.0    4  1.4 12.9      1976
 1977 2021- 3-18  3:16     - 54 20  161 31   2.93 0.18  0.0    9  7.3 15.6      1977
 1978 2021- 3-18  3:42     - 54 58  162 16   1.42 0.02  0.0    5  3.1 12.2      1978
 *** DISTANCE & RESIDUAL WEIGHTING CANCELLED FOR EVENT: 2021  3 18  4 38
 1979 2021- 3-18  4:38     # 55 12  162  1   3.00 2.13  0.0    4 20.0 98.8      1979
 1980 2021- 3-18  5:25     - 54 60  162 39   4.25 0.12  0.0    4 12.4  7.6      1980
  SEQ ---DATE--- TIME REMARK -LAT-  --LON-  DEPTH  RMS PMAG  NUM  ERH  ERZ  ID
 1981 2021- 3-18  6:26     - 54 54  162 15   0.02 0.19  0.0    4 18.4  2.9      1981
 1982 2021- 3-18  6:26     - 54 56  162 18   0.01 0.53  0.0    5  9.6 43.8      1982
 1983 2021- 3-18  7:22     - 54 29  162  6   2.99 0.16  0.0    7  7.5 16.3      1983
 1984 2021- 3-18  8:06       55  2  161 18  26.32 0.22  0.0    9  3.5  6.4      1984
 *** DISTANCE & RESIDUAL WEIGHTING CANCELLED FOR EVENT: 2021  3 18  8  7
 1985 2021- 3-18  8:07     # 55  9  161 41  23.82 0.91  0.0    6 26.7 19.9      1985
 1986 2021- 3-18  8:24     - 55 19  162  1   2.37 0.58  0.0    4  8.1 47.8      1986
 1987 2021- 3-18  8:34     - 54 22  162 35  16.01 0.28  0.0   16 11.7 23.5      1987
 1988 2021- 3-18  9:59     - 54 59  162 34  34.17 0.11  0.0    5 10.8  7.5      1988
 1989 2021- 3-18 10:37     - 54 59  162 11   2.48 0.00  0.0    4  1.5 12.0      1989
 *** DISTANCE & RESIDUAL WEIGHTING CANCELLED FOR EVENT: 2021  3 18 10 38
 1990 2021- 3-18 10:38     - 54 50  162 55   3.13 0.31  0.0    4 16.8 25.7      1990
 1991 2021- 3-18 12:20       55 13  161 39   6.08 0.05  0.0    5  4.2  2.5      1991
 1992 2021- 3-18 13:03     - 55  6  161 21   2.29 0.09  0.0    5 14.1  4.9      1992
 1993 2021- 3-18 14:34     - 55 28  160  5  39.12 0.20  0.0    9 14.0 14.5      1993
 1994 2021- 3-18 14:35     - 55 28  160 58  51.61 0.13  0.0    6 15.0  4.3      1994
 1995 2021- 3-18 14:36       55 11  161 55   5.56 0.08  0.0    5  0.7  0.7      1995
  SEQ ---DATE--- TIME REMARK -LAT-  --LON-  DEPTH  RMS PMAG  NUM  ERH  ERZ  ID
 1996 2021- 3-18 15:25     - 54 36  161 14  33.79 0.17  0.0   10  1.9 18.4      1996
 1997 2021- 3-18 16:56     - 55 29  163 29   1.49 0.22  0.0    4 10.7 20.5      1997
 *** DISTANCE & RESIDUAL WEIGHTING CANCELLED FOR EVENT: 2021  3 18 17 26
 1998 2021- 3-18 17:26     - 55 11  161 54   2.82 0.24  0.0    4  6.0 19.5      1998
 *** DISTANCE & RESIDUAL WEIGHTING CANCELLED FOR EVENT: 2021  3 18 19  2
 1999 2021- 3-18 19:02     - 55 15  162  8   2.99 0.27  0.0    4  7.2 24.0      1999
 2000 2021- 3-18 19:22     - 54 35  161 39   2.91 0.09  0.0    5  6.3 12.9      2000
 2001 2021- 3-18 19:35     - 54 34  161 54   2.80 0.43  0.0    9 14.1 34.3      2001
 *** DISTANCE & RESIDUAL WEIGHTING CANCELLED FOR EVENT: 2021  3 18 19 36
 2002 2021- 3-18 19:36     - 55 10  162  8   6.62 0.68  0.0    6 46.9 57.0      2002
 *** DISTANCE & RESIDUAL WEIGHTING CANCELLED FOR EVENT: 2021  3 18 19 55
 2003 2021- 3-18 19:55     - 55 31  161 26  46.64 0.24  0.0    4 18.3 13.8      2003
 2004 2021- 3-18 20:06     - 54 58  161 32  23.85 0.18  0.0    7 16.7  5.4      2004
 2005 2021- 3-18 20:06     - 54 50  161 12  19.34 0.13  0.0    6 12.7  8.6      2005
 2006 2021- 3-18 20:15       55 19  161 34  10.01 0.05  0.0    6  3.0  5.2      2006
 2007 2021- 3-18 22:50     - 55  0  160 55  28.15 0.23  0.0   11 15.9  5.6      2007
 2008 2021- 3-18 23:25     - 54 60  161 29  22.88 0.19  0.0    4 16.6  7.5      2008
 *** DISTANCE & RESIDUAL WEIGHTING CANCELLED FOR EVENT: 2021  3 19  1 25
 2009 2021- 3-19  1:25     - 55 11  161 23   1.00 0.16  0.0    4 13.9  4.3      2009
 *** DISTANCE & RESIDUAL WEIGHTING CANCELLED FOR EVENT: 2021  3 19  1 54
 2010 2021- 3-19  1:54     - 55 37  163  9   3.00 0.37  0.0    4 13.9 30.1      2010
  SEQ ---DATE--- TIME REMARK -LAT-  --LON-  DEPTH  RMS PMAG  NUM  ERH  ERZ  ID
 2011 2021- 3-19  2:17     - 54 46  160 44   3.00 0.14  0.0   13  6.7 14.2      2011
 2012 2021- 3-19  5:06     - 54 58  162 15   1.21 0.08  0.0    5  2.9 13.6      2012
 2013 2021- 3-19  6:01     - 54 30  162 53   3.25 0.13  0.0    8  6.9 14.9      2013
 2014 2021- 3-19  6:02     - 54 60  162 17   0.03 0.06  0.0    5  0.9 12.6      2014
 2015 2021- 3-19  6:03     - 54 60  162 18   0.0112.67  0.0    6 40.9 98.9      2015
 2016 2021- 3-19  6:30     - 54 60  162 18   0.68 0.05  0.0    5  1.9 13.1      2016
 2017 2021- 3-19  7:15     - 55  3  161 40  18.25 0.07  0.0    4 11.5  2.9      2017
 *** DISTANCE & RESIDUAL WEIGHTING CANCELLED FOR EVENT: 2021  3 19  7 25
 2018 2021- 3-19  7:25     - 55 10  163 36   2.18 0.32  0.0    4 12.6 26.9      2018
 2019 2021- 3-19  8:29     - 55 12  163 23   0.01 0.76  0.0   11 26.8 55.5      2019
 2020 2021- 3-19  9:27     - 54 32  161 47   2.77 0.16  0.0    5  7.9 16.7      2020
 2021 2021- 3-19 13:39     - 54 59  162 17   1.58 0.02  0.0    5  2.2  8.7      2021
 2022 2021- 3-19 13:40     - 54 60  162 18   0.01 5.96  0.0    6 16.7 98.8      2022
 2023 2021- 3-19 14:01     - 54 49  160 51  31.81 0.23  0.0   11 18.0 22.6      2023
 2024 2021- 3-19 14:01     - 54 43  160 43  33.67 0.33  0.0   10 19.2 30.0      2024
 2025 2021- 3-19 15:40     - 55  3  161 13   3.00 0.14  0.0    7 14.0 17.2      2025
  SEQ ---DATE--- TIME REMARK -LAT-  --LON-  DEPTH  RMS PMAG  NUM  ERH  ERZ  ID
 2026 2021- 3-19 15:40     - 55  2  161 14   3.01 0.19  0.0    4 18.2 19.3      2026
 2027 2021- 3-19 18:47     - 54 51  161 15  32.54 0.15  0.0    8 15.2  1.3      2027
 2028 2021- 3-19 18:48     - 54 56  161 23  19.92 0.03  0.0    6  9.7  3.0      2028
 2029 2021- 3-19 20:01       55 30  161 47  17.53 0.29  0.0   10  2.3  2.1      2029
 2030 2021- 3-19 21:37     - 55  9  161 10   3.00 0.21  0.0    4 18.8 21.1      2030
 2031 2021- 3-19 22:55     - 54 34  162 17   3.01 0.02  0.0    4  7.1 11.5      2031
 2032 2021- 3-20  7:47     - 54 59  161  9   3.00 0.21  0.0    4 20.4 21.2      2032
 *** DISTANCE & RESIDUAL WEIGHTING CANCELLED FOR EVENT: 2021  3 20  7 48
 2033 2021- 3-20  7:48     - 54 59  161  8   3.07 0.66  0.0    4 49.0 55.6      2033
 2034 2021- 3-20 10:26       55 20  160 37  26.42 0.13  0.0    7  2.7  4.0      2034
 *** DISTANCE & RESIDUAL WEIGHTING CANCELLED FOR EVENT: 2021  3 20 10 27
 2035 2021- 3-20 10:27     - 55 13  161 54   0.74 0.43  0.0    4  2.3 28.7      2035
 2036 2021- 3-20 11:44     - 55 17  162 49   3.01 0.41  0.0    9  7.6 36.1      2036
 *** DISTANCE & RESIDUAL WEIGHTING CANCELLED FOR EVENT: 2021  3 20 11 44
 2037 2021- 3-20 11:44     - 55 11  162 16   2.72 0.81  0.0    5  8.4 63.2      2037
 2038 2021- 3-20 11:47     - 55 16  162 37   3.92 0.99  0.0    5 24.1 62.9      2038
 2039 2021- 3-20 14:25     - 55  8  161 15   0.00 0.15  0.0    5 16.6  4.6      2039
 *** DISTANCE & RESIDUAL WEIGHTING CANCELLED FOR EVENT: 2021  3 20 14 25
 2040 2021- 3-20 14:25     - 55  4  161 27  16.83 0.19  0.0    4 16.6  1.1      2040
  SEQ ---DATE--- TIME REMARK -LAT-  --LON-  DEPTH  RMS PMAG  NUM  ERH  ERZ  ID
 2041 2021- 3-20 15:40     - 54 33  161 54   2.12 0.51  0.0    8 16.5 39.8      2041
 2042 2021- 3-20 15:40     - 54 59  162 13  18.33 0.15  0.0    4 14.5  6.8      2042
 2043 2021- 3-20 18:45     - 54 45  160 47   3.01 0.22  0.0    7 19.6 21.9      2043
 2044 2021- 3-20 18:46       55 15  162  5  16.81 0.07  0.0    5  1.1  1.3      2044
 2045 2021- 3-20 18:54     - 55 19  161 43   6.23 0.02  0.0    4 11.5  0.8      2045
 2046 2021- 3-20 19:50     - 55 12  162 53   3.02 0.22  0.0    5 17.4 21.9      2046
 2047 2021- 3-20 21:22     - 55 14  161 46  25.36 0.17  0.0    5 12.7  7.8      2047
 *** DISTANCE & RESIDUAL WEIGHTING CANCELLED FOR EVENT: 2021  3 20 21 23
 2048 2021- 3-20 21:22     - 55 15  160 54   3.01 1.25  0.0    5 74.5 98.9      2048
 2049 2021- 3-21  1:14     - 55  4  161  9  26.19 0.21  0.0    6 19.5 10.0      2049
 2050 2021- 3-21  1:15     - 55  5  161 12  21.90 0.13  0.0    6 12.8  4.4      2050
 *** DISTANCE & RESIDUAL WEIGHTING CANCELLED FOR EVENT: 2021  3 21  3  8
 2051 2021- 3-21  3:08     # 55 13  161 49   3.00 2.75  0.0    4 20.5 92.6      2051
 2052 2021- 3-21  3:53       55 39  161 58   4.06 0.12  0.0    7  2.8  1.6      2052
 2053 2021- 3-21  4:51     - 54 48  161  3   2.62 0.25  0.0    9 10.4 21.7      2053
 2054 2021- 3-21  4:52     - 55 12  161 57   0.98 0.09  0.0    5  1.0 10.8      2054
 2055 2021- 3-21  6:20       55 16  161 37   5.49 0.04  0.0    5  1.6  0.5      2055
  SEQ ---DATE--- TIME REMARK -LAT-  --LON-  DEPTH  RMS PMAG  NUM  ERH  ERZ  ID
 2056 2021- 3-21  9:13     - 54 45  163 18   3.02 0.04  0.0    5  5.4 11.7      2056
 2057 2021- 3-21 13:30     - 54 32  161 56   3.03 0.20  0.0    8  8.4 18.1      2057
 2058 2021- 3-21 15:23     - 55 25  162 51   3.72 0.16  0.0    7  7.0 13.6      2058
 2059 2021- 3-21 15:28     - 54 32  161 50   3.97 0.42  0.0   17 14.4 30.9      2059
 2060 2021- 3-21 16:05     - 55 22  162 49   2.60 0.02  0.0    5  4.8  9.9      2060
 2061 2021- 3-21 18:46     - 55 54  162 10   3.33 0.10  0.0    4 14.8  1.0      2061
 2062 2021- 3-21 18:48     - 55  6  163 26   2.97 0.25  0.0    5 10.4 21.6      2062
 *** DISTANCE & RESIDUAL WEIGHTING CANCELLED FOR EVENT: 2021  3 21 21 17
 2063 2021- 3-21 21:17     - 55 10  162 43   3.00 0.61  0.0    4 38.9 52.0      2063
 2064 2021- 3-21 22:46     - 55 48  161 47   2.91 0.06  0.0    4  5.6 12.1      2064
 *** DISTANCE & RESIDUAL WEIGHTING CANCELLED FOR EVENT: 2021  3 21 23  0
 2065 2021- 3-21 23:00     # 55 18  161 37   3.12 0.00  0.0    4  2.7  6.0      2065
 2066 2021- 3-22  0:10     - 54 55  160 48  32.57 0.18  0.0   11 14.7 19.7      2066
 2067 2021- 3-22  0:11     - 54 59  162 34   2.82 0.02  0.0    4  5.0 12.5      2067
 *** DISTANCE & RESIDUAL WEIGHTING CANCELLED FOR EVENT: 2021  3 22  0 11
 2068 2021- 3-22  0:10     - 54 50  160 44   3.00 0.43  0.0    5 33.7 36.5      2068
 2069 2021- 3-22  0:36     - 55  5  161  7   3.00 0.12  0.0    5 13.6 15.9      2069
 2070 2021- 3-22  0:36     - 55 39  162 15   6.52 0.02  0.0    4  0.8 12.6      2070
  SEQ ---DATE--- TIME REMARK -LAT-  --LON-  DEPTH  RMS PMAG  NUM  ERH  ERZ  ID
 2071 2021- 3-22  0:36       55 20  161 58  10.22 0.00  0.0    4  1.1  1.8      2071
 2072 2021- 3-22  2:45     - 55 21  160 47  31.38 0.13  0.0   10 11.8  1.6      2072
 2073 2021- 3-22  2:46     - 55 25  161 24   0.55 0.18  0.0    4 18.5 19.6      2073
 2074 2021- 3-22  3:53     - 54 24  161 34   1.96 0.19  0.0    8  8.5 17.9      2074
 2075 2021- 3-22  5:43     - 55  3  161 21   0.59 0.06  0.0    6  9.2  2.5      2075
 *** DISTANCE & RESIDUAL WEIGHTING CANCELLED FOR EVENT: 2021  3 22  5 44
 2076 2021- 3-22  5:44     - 54 60  161 26   2.01 0.40  0.0    5 33.9  9.1      2076
 2077 2021- 3-22  5:45     - 55 53  160 33   1.48 0.13  0.0    4  7.1 15.1      2077
 2078 2021- 3-22  6:27     - 55  2  161 20  14.18 0.24  0.0    8 18.7 12.0      2078
 2079 2021- 3-22  6:27     - 55 10  161 18   3.75 0.27  0.0    6 22.4 25.2      2079
 2080 2021- 3-22  8:36     - 55  6  161  8   3.00 0.23  0.0    6 19.9 23.0      2080
 2081 2021- 3-22  8:42       55 18  161 40   5.52 0.00  0.0    4  7.8  1.0      2081
 2082 2021- 3-22  9:03     - 54 59  161 34  19.26 0.08  0.0    5 12.4  3.0      2082
 2083 2021- 3-22  9:21       55 10  161 54   5.67 0.01  0.0    4  1.1  1.5      2083
 *** DISTANCE & RESIDUAL WEIGHTING CANCELLED FOR EVENT: 2021  3 22  9 53
 2084 2021- 3-22  9:53     # 55 18  162 24   3.00 1.78  0.0    4 24.0 40.7      2084
 2085 2021- 3-22 11:06     - 55 23  162 42   3.16 0.05  0.0    5  3.9  8.6      2085
  SEQ ---DATE--- TIME REMARK -LAT-  --LON-  DEPTH  RMS PMAG  NUM  ERH  ERZ  ID
 2086 2021- 3-22 11:34     - 54 49  161  3  34.43 0.22  0.0    9 15.1 18.4      2086
 2087 2021- 3-22 11:35     - 55 51  162 32   2.57 0.13  0.0    6 11.5  8.3      2087
 2088 2021- 3-22 14:47     - 54 51  161 14  30.99 0.15  0.0    6 15.8  1.7      2088
 2089 2021- 3-22 14:47     - 54 59  161 31  32.18 0.07  0.0    4 12.3  5.2      2089
 2090 2021- 3-22 17:43     - 55 49  160 54   3.44 0.20  0.0    6  9.7 17.6      2090
 2091 2021- 3-22 18:43     - 54 46  160 53  17.32 0.16  0.0   10 14.1 18.4      2091
 2092 2021- 3-22 18:44     # 54 59  161 32  32.35 0.15  0.0    9  3.8  2.1      2092
 2093 2021- 3-22 19:00       55  5  161 44  22.90 0.05  0.0    6  4.9  3.0      2093
 *** DISTANCE & RESIDUAL WEIGHTING CANCELLED FOR EVENT: 2021  3 22 19  1
 2094 2021- 3-22 19:00     - 55  5  161 26   3.00 0.87  0.0    4 28.8 72.9      2094
 *** DISTANCE & RESIDUAL WEIGHTING CANCELLED FOR EVENT: 2021  3 22 21  2
 2095 2021- 3-22 21:02     - 55 34  161 47   3.00 1.13  0.0    4 19.9 94.0      2095
 *** DISTANCE & RESIDUAL WEIGHTING CANCELLED FOR EVENT: 2021  3 23  3 21
 2096 2021- 3-23  3:21     # 55 27  161 51   1.50 0.41  0.0    4  9.4 21.9      2096
 2097 2021- 3-23 11:00     - 54 44  161 51   3.01 0.09  0.0    5 12.4 14.4      2097
 2098 2021- 3-23 11:28     - 54 57  162 44   3.21 0.15  0.0    4  7.4 15.7      2098
 2099 2021- 3-23 11:28     - 54 39  161 22   2.87 0.25  0.0    9  9.2 20.5      2099
 *** DISTANCE & RESIDUAL WEIGHTING CANCELLED FOR EVENT: 2021  3 23 11 28
 2100 2021- 3-23 11:28     # 55  8  162 10   2.93 0.92  0.0    5  4.4 13.6      2100
  SEQ ---DATE--- TIME REMARK -LAT-  --LON-  DEPTH  RMS PMAG  NUM  ERH  ERZ  ID
 2101 2021- 3-23 13:24     - 55 19  161 40   5.13 0.01  0.0    4  8.7  0.8      2101
 2102 2021- 3-23 15:12     - 55 15  161 37   2.96 0.07  0.0    5  3.2 12.1      2102
 2103 2021- 3-23 20:23     - 54 57  161 18   3.02 0.16  0.0    7 15.2 18.2      2103
 2104 2021- 3-23 20:23     - 54 35  160 59  30.34 0.46  0.0    7 32.6 40.0      2104
 2105 2021- 3-23 20:34     - 54 56  162 54   2.88 0.06  0.0    4 10.1  6.4      2105
 *** DISTANCE & RESIDUAL WEIGHTING CANCELLED FOR EVENT: 2021  3 23 20 35
 2106 2021- 3-23 20:35     - 55 26  161 49  13.93 1.14  0.0    4 24.1 81.2      2106
 2107 2021- 3-23 20:34     # 55  5  161 37   0.07 0.18  0.0    6 12.3  3.2      2107
 2108 2021- 3-23 20:35     # 55 18  161 52   0.04 0.14  0.0    4  2.5  7.3      2108
 *** DISTANCE & RESIDUAL WEIGHTING CANCELLED FOR EVENT: 2021  3 23 21 20
 2109 2021- 3-23 21:20     - 55  9  163 18   1.24 0.28  0.0    4 11.5 23.7      2109
 2110 2021- 3-23 21:20     - 55 51  162  2   2.76 0.58  0.0    5 21.0 45.2      2110
 2111 2021- 3-23 21:22     - 54 58  163 28   2.59 0.46  0.0    6 17.1 34.8      2111
 2112 2021- 3-23 21:22     - 54 26  161 32   2.92 0.10  0.0    6  6.3 13.7      2112
 2113 2021- 3-23 23:28     - 54 55  161  2   3.35 0.14  0.0    5 15.5 17.1      2113
 *** DISTANCE & RESIDUAL WEIGHTING CANCELLED FOR EVENT: 2021  3 23 23 29
 2114 2021- 3-23 23:28     - 54 40  160 42   3.00 0.40  0.0    4 28.5 19.1      2114
 *** DISTANCE & RESIDUAL WEIGHTING CANCELLED FOR EVENT: 2021  3 24  0  0
 2115 2021- 3-23 23:59     - 55 16  162  3   3.00 1.06  0.0    4 11.7 69.5      2115
 *** DISTANCE & RESIDUAL WEIGHTING CANCELLED FOR EVENT: 2021  3 24  1 48
  SEQ ---DATE--- TIME REMARK -LAT-  --LON-  DEPTH  RMS PMAG  NUM  ERH  ERZ  ID
 2116 2021- 3-24  1:48     # 55 20  161 48   5.44 0.15  0.0    4  2.3  4.5      2116
 2117 2021- 3-24  6:30     - 55 26  162 48   6.84 0.13  0.0   17  1.1 16.3      2117
 2118 2021- 3-24  6:47       55 25  162 48   0.39 0.21  0.0   13  0.9  1.5      2118
 2119 2021- 3-24  7:23     - 54 30  163 16   3.74 0.16  0.0    8  8.8 14.5      2119
 *** DISTANCE & RESIDUAL WEIGHTING CANCELLED FOR EVENT: 2021  3 24  7 24
 2120 2021- 3-24  7:24     # 55  8  161 36   3.00 0.92  0.0    4 42.5 13.4      2120
 2121 2021- 3-24  8:34     - 54 56  161 12  24.00 0.21  0.0    9 18.4 12.5      2121
 2122 2021- 3-24  8:35     - 54 52  161 23  67.09 0.17  0.0    5 15.6  8.8      2122
 *** DISTANCE & RESIDUAL WEIGHTING CANCELLED FOR EVENT: 2021  3 24  9 59
 2123 2021- 3-24  9:59     - 55 29  161 32   2.90 1.04  0.0    4 77.7 66.4      2123
 *** DISTANCE & RESIDUAL WEIGHTING CANCELLED FOR EVENT: 2021  3 24 13  6
 2124 2021- 3-24 13:06     - 55 15  162  5   3.00 0.25  0.0    4  4.3 22.7      2124
 2125 2021- 3-24 16:19     - 54 49  161  1  23.15 0.16  0.0    8 16.9 13.5      2125
 2126 2021- 3-24 16:19       55 17  161 32   4.49 0.16  0.0    5 10.8  1.6      2126
 *** DISTANCE & RESIDUAL WEIGHTING CANCELLED FOR EVENT: 2021  3 24 16 34
 2127 2021- 3-24 16:34     - 55 21  161 51   2.64 0.18  0.0    4  4.4 13.3      2127
 *** DISTANCE & RESIDUAL WEIGHTING CANCELLED FOR EVENT: 2021  3 24 18 17
 2128 2021- 3-24 18:17     # 55 18  161 48  14.67 0.69  0.0    4 17.2 16.4      2128
 2129 2021- 3-24 18:17     - 55 20  161 42   5.04 0.10  0.0    4 11.5  2.9      2129
 2130 2021- 3-25  1:03     - 55 17  161 21  10.24 0.15  0.0    5  4.1 12.8      2130
  SEQ ---DATE--- TIME REMARK -LAT-  --LON-  DEPTH  RMS PMAG  NUM  ERH  ERZ  ID
 2131 2021- 3-25  1:03     - 55 13  160  2   0.39 0.11  0.0    5 12.0  9.0      2131
 2132 2021- 3-25  4:23     # 55 22  162  0  25.81 2.62  0.0    7 18.2 38.2      2132
 *** DISTANCE & RESIDUAL WEIGHTING CANCELLED FOR EVENT: 2021  3 25  4 41
 2133 2021- 3-25  4:41     # 54 55  162  9   3.07 0.43  0.0    5 19.0 12.8      2133
 *** DISTANCE & RESIDUAL WEIGHTING CANCELLED FOR EVENT: 2021  3 25  8 55
 2134 2021- 3-25  8:55     - 54 50  161  2   3.00 0.42  0.0    5 32.6 36.3      2134
 2135 2021- 3-25  9:29     - 54 36  161 24   2.52 0.51  0.0    7 17.1 37.2      2135
 2136 2021- 3-25 13:25     - 55 35  160 59  58.54 0.23  0.0    8 18.8  9.1      2136
 2137 2021- 3-25 13:25     - 55 18  161  5   3.09 0.56  0.0    9 24.3 48.1      2137
 2138 2021- 3-25 13:31     - 55 13  163 28   0.01 0.84  0.0   11 29.8 61.6      2138
 *** DISTANCE & RESIDUAL WEIGHTING CANCELLED FOR EVENT: 2021  3 25 14 59
 2139 2021- 3-25 14:59     - 55 20  161 35   1.48 0.72  0.0    5  7.2 54.6      2139
 2140 2021- 3-25 15:24       55  7  161 29  19.96 0.19  0.0    6  3.6  4.7      2140
 2141 2021- 3-25 15:25     - 55  9  161 23  13.10 0.12  0.0    5  3.8 11.7      2141
 2142 2021- 3-25 15:25     - 54 42  160 58   3.01 0.12  0.0    4 14.5 15.5      2142
 2143 2021- 3-25 15:34     # 55  2  162  4  26.94 1.86  0.0    9 51.2 68.6      2143
 2144 2021- 3-25 15:35     - 55 16  162  7   0.09 0.44  0.0    4 21.8 34.1      2144
 2145 2021- 3-25 16:02     - 54 28  161 28   2.83 0.12  0.0    5  6.6 14.2      2145
  SEQ ---DATE--- TIME REMARK -LAT-  --LON-  DEPTH  RMS PMAG  NUM  ERH  ERZ  ID
 2146 2021- 3-25 19:35     - 54 42  160 36   2.84 0.35  0.0    7 13.4 28.5      2146
 2147 2021- 3-25 20:12     - 54 51  161 23  22.91 0.17  0.0    9 17.5  7.5      2147
 2148 2021- 3-25 20:12       55  5  161 24  16.41 0.15  0.0    6  6.2  0.8      2148
 2149 2021- 3-25 23:13     - 55  4  161 10  20.16 0.16  0.0    5 18.0 13.4      2149
 *** DISTANCE & RESIDUAL WEIGHTING CANCELLED FOR EVENT: 2021  3 25 23 14
 2150 2021- 3-25 23:13     - 54 49  160 40   3.04 0.55  0.0    4 41.8 46.1      2150
 2151 2021- 3-25 23:59     - 55 20  162 13   3.18 0.16  0.0    5  1.6 17.8      2151
 *** DISTANCE & RESIDUAL WEIGHTING CANCELLED FOR EVENT: 2021  3 26  0 22
 2152 2021- 3-26  0:22     - 54 59  160 18   2.99 0.30  0.0    4 11.7 25.4      2152
 2153 2021- 3-26  2:06     - 55 14  163 24   0.01 0.83  0.0   11 29.1 60.0      2153
 *** DISTANCE & RESIDUAL WEIGHTING CANCELLED FOR EVENT: 2021  3 26  2 57
 2154 2021- 3-26  2:57     - 55  5  163 38   1.29 0.39  0.0    4 14.6 31.4      2154
 2155 2021- 3-26  3:20     - 55 34  162  2   8.93 0.36  0.0    4  7.7 32.1      2155
 *** DISTANCE & RESIDUAL WEIGHTING CANCELLED FOR EVENT: 2021  3 26  5  4
 2156 2021- 3-26  5:03     - 55 14  162  8   2.98 0.50  0.0    5  3.9 36.2      2156
 2157 2021- 3-26  5:21     - 54 52  161 11  30.65 0.16  0.0    9 14.3  1.7      2157
 2158 2021- 3-26  5:21     - 54 40  160 38  30.17 0.28  0.0    9 19.4 26.2      2158
 *** DISTANCE & RESIDUAL WEIGHTING CANCELLED FOR EVENT: 2021  3 26  5 25
 2159 2021- 3-26  5:25     - 55 21  162 10   3.00 1.56  0.0    4 18.1 98.0      2159
 2160 2021- 3-26  5:48     - 54 57  161 10  25.80 0.21  0.0    9 17.5  9.3      2160
  SEQ ---DATE--- TIME REMARK -LAT-  --LON-  DEPTH  RMS PMAG  NUM  ERH  ERZ  ID
 2161 2021- 3-26  5:48     - 54 41  160 38  38.76 0.42  0.0    9 20.8 22.6      2161
 2162 2021- 3-26  6:39     - 55  6  163  1  58.82 0.14  0.0    9  9.4  8.4      2162
 *** DISTANCE & RESIDUAL WEIGHTING CANCELLED FOR EVENT: 2021  3 26  6 39
 2163 2021- 3-26  6:39     # 55 13  162 18   3.00 0.88  0.0    4  4.8 31.9      2163
 2164 2021- 3-26  7:17     - 55 46  160 32   2.85 0.21  0.0   12  9.1 19.8      2164
 2165 2021- 3-26  7:26     # 55 16  162 24  24.56 2.05  0.0    7 29.4 37.7      2165
 2166 2021- 3-26  7:27     - 55 19  162 50   4.89 1.07  0.0    6 30.8 67.0      2166
 2167 2021- 3-26  7:31     - 54 56  162 14   2.18 0.07  0.0    5  9.7  8.3      2167
 2168 2021- 3-26  7:32     - 55  1  162 10   0.88 0.14  0.0    5  1.0 15.5      2168
 2169 2021- 3-26  7:51     - 54 58  161 12   3.00 0.21  0.0    7 16.3 21.4      2169
 *** DISTANCE & RESIDUAL WEIGHTING CANCELLED FOR EVENT: 2021  3 26  8  0
 2170 2021- 3-26  7:59     - 55 22  162  7   3.09 0.58  0.0    4  4.5 36.9      2170
 2171 2021- 3-26  9:03     - 54 14  161 30   2.65 0.07  0.0    8  6.0 12.4      2171
 2172 2021- 3-26  9:03     - 55 16  161 45   6.70 0.03  0.0    4  9.2  3.8      2172
 2173 2021- 3-26  9:16     - 54 56  162 49   3.00 0.01  0.0    4 10.8  5.4      2173
 2174 2021- 3-26 11:37     - 54 60  162 15   2.95 0.02  0.0    4  2.7 12.2      2174
 2175 2021- 3-26 11:38     - 54 60  162 16   0.17 0.02  0.0    4  0.7 12.5      2175
  SEQ ---DATE--- TIME REMARK -LAT-  --LON-  DEPTH  RMS PMAG  NUM  ERH  ERZ  ID
 2176 2021- 3-26 11:51     - 54 53  161 23  29.31 0.15  0.0    7 15.5  6.9      2176
 2177 2021- 3-26 11:51     - 54 53  161 29  25.61 0.12  0.0    6 14.8  2.5      2177
 *** DISTANCE & RESIDUAL WEIGHTING CANCELLED FOR EVENT: 2021  3 26 13 35
 2178 2021- 3-26 13:35     - 54 60  162 19   8.50 0.22  0.0    5  9.9 13.6      2178
 2179 2021- 3-26 13:35     - 55  0  162 16   2.63 0.09  0.0    4  2.7 11.8      2179
 2180 2021- 3-26 13:52     - 55 16  161 40   5.58 0.03  0.0    4 10.8  0.9      2180
 2181 2021- 3-26 13:52     - 55  1  161 17   1.57 0.14  0.0    4 16.6  4.3      2181
 2182 2021- 3-26 13:57     - 54 49  161 20  23.80 0.13  0.0    7 12.1  8.6      2182
 2183 2021- 3-26 13:57     - 55  6  161 45  19.95 0.08  0.0    5 10.2  5.1      2183
 2184 2021- 3-26 14:09     - 54 41  160 48   2.90 0.49  0.0   15 16.4 34.7      2184
 2185 2021- 3-26 14:42     - 54 58  162 41   0.09 0.31  0.0    4 26.3  8.4      2185
 2186 2021- 3-26 15:00     - 54 29  163  8   3.97 0.22  0.0    9  8.1 17.7      2186
 2187 2021- 3-26 15:00     - 55 19  162  1   0.01 0.62  0.0    5  9.5 41.2      2187
 2188 2021- 3-26 15:04     - 54 53  162 35  15.77 0.07  0.0    5 12.3  5.7      2188
 2189 2021- 3-26 16:13       54 50  162  3   1.27 0.14  0.0    8  5.4  1.5      2189
 2190 2021- 3-26 16:13     # 54 42  162  1   0.11 0.24  0.0    8 10.0  2.6      2190
  SEQ ---DATE--- TIME REMARK -LAT-  --LON-  DEPTH  RMS PMAG  NUM  ERH  ERZ  ID
 2191 2021- 3-26 16:16     - 54 48  163 12   2.62 0.44  0.0    6 16.2 34.6      2191
 *** DISTANCE & RESIDUAL WEIGHTING CANCELLED FOR EVENT: 2021  3 26 16 29
 2192 2021- 3-26 16:29     # 55  4  162 16  16.96 0.85  0.0    7  8.0  5.2      2192
 2193 2021- 3-26 16:47     - 55 17  161 40  21.61 0.11  0.0    4 15.4  1.6      2193
 2194 2021- 3-26 16:58     - 55  5  163 13   3.51 0.44  0.0    9 13.8 28.9      2194
 2195 2021- 3-26 16:58     # 55 21  161 54  11.72 2.48  0.0    6 14.5 45.7      2195
 2196 2021- 3-26 17:30     - 55 11  161 22  10.83 0.11  0.0    4 14.8 12.1      2196
 *** DISTANCE & RESIDUAL WEIGHTING CANCELLED FOR EVENT: 2021  3 26 17 30
 2197 2021- 3-26 17:30     - 54 52  161 10   3.01 0.86  0.0    5 54.5 71.7      2197
 2198 2021- 3-26 18:15     - 54 54  161 14  29.61 0.18  0.0    9 16.8  7.7      2198
 2199 2021- 3-26 18:15     - 55  2  161 28  30.68 0.13  0.0    5 13.9  5.2      2199
 2200 2021- 3-26 18:45     - 54 44  160 54  32.32 0.25  0.0   11 20.2 24.1      2200
 2201 2021- 3-26 18:45     - 54 40  160 36  20.00 0.23  0.0    7 19.6  5.4      2201
 *** DISTANCE & RESIDUAL WEIGHTING CANCELLED FOR EVENT: 2021  3 26 19 20
 2202 2021- 3-26 19:19     - 55 33  162  8   3.00 0.62  0.0    4 39.0 29.6      2202
 2203 2021- 3-26 21:46     - 54 41  161 31   3.32 0.33  0.0   14  9.4 20.0      2203
 2204 2021- 3-26 22:11     - 55 22  163 13   3.19 0.34  0.0   11 10.6 30.5      2204
 2205 2021- 3-27  2:37     - 54 34  161 26   1.74 0.21  0.0    6 17.4 21.3      2205
  SEQ ---DATE--- TIME REMARK -LAT-  --LON-  DEPTH  RMS PMAG  NUM  ERH  ERZ  ID
 2206 2021- 3-27  2:38       55  3  161 57   7.59 0.02  0.0    5  6.1  4.3      2206
 *** DISTANCE & RESIDUAL WEIGHTING CANCELLED FOR EVENT: 2021  3 27  2 47
 2207 2021- 3-27  2:47     - 55 21  161  1   3.00 0.64  0.0    6 22.8 49.5      2207
 2208 2021- 3-27  3:18       55 30  161 50  28.58 0.10  0.0    8  2.5  1.1      2208
 2209 2021- 3-27  3:52     - 55 20  161 34   2.20 0.07  0.0    5  8.1 12.6      2209
 2210 2021- 3-27  6:00     - 54 35  161 19   3.14 0.18  0.0   14  7.3 15.7      2210
 2211 2021- 3-27  8:25     - 55 11  161 22  31.83 0.17  0.0    4 17.3 15.9      2211
 2212 2021- 3-27 10:30     - 55 28  161 59   2.93 0.03  0.0    4  2.5 12.5      2212
 2213 2021- 3-27 12:27     - 55  1  161  1   3.00 0.24  0.0    5 16.5 23.5      2213
 2214 2021- 3-27 12:50     - 55 27  161 12  17.07 0.15  0.0    5 13.4 17.6      2214
 *** DISTANCE & RESIDUAL WEIGHTING CANCELLED FOR EVENT: 2021  3 27 12 50
 2215 2021- 3-27 12:50     # 55 25  161 25  33.16 0.68  0.0    6 31.8 10.5      2215
 2216 2021- 3-27 14:02       55 14  160 42  44.38 0.13  0.0   10  4.2  8.1      2216
 2217 2021- 3-27 14:02       55 13  161 45   9.51 0.04  0.0    5  1.1  1.5      2217
 2218 2021- 3-27 15:30     - 54 45  160 55  27.08 0.22  0.0   11 17.7  3.7      2218
 2219 2021- 3-27 15:30     - 54 41  160 38  35.45 0.29  0.0    9 18.8 22.7      2219
 *** DISTANCE & RESIDUAL WEIGHTING CANCELLED FOR EVENT: 2021  3 27 20  9
 2220 2021- 3-27 20:08     - 55 42  161 59   3.00 0.95  0.0    5 34.1 72.9      2220
  SEQ ---DATE--- TIME REMARK -LAT-  --LON-  DEPTH  RMS PMAG  NUM  ERH  ERZ  ID
 2221 2021- 3-27 23:39     - 54 59  162 18   6.40 0.06  0.0    4  9.9  6.9      2221
 2222 2021- 3-28  2:05     - 54 60  161 29  21.19 0.16  0.0    7 15.1  5.1      2222
 *** DISTANCE & RESIDUAL WEIGHTING CANCELLED FOR EVENT: 2021  3 28  2  5
 2223 2021- 3-28  2:05     - 54 50  161 16  13.47 0.99  0.0    5 59.8 48.4      2223
 *** DISTANCE & RESIDUAL WEIGHTING CANCELLED FOR EVENT: 2021  3 28  2 34
 2224 2021- 3-28  2:34     - 55 19  162 23   3.00 2.22  0.0    4 19.0 98.9      2224
 *** DISTANCE & RESIDUAL WEIGHTING CANCELLED FOR EVENT: 2021  3 28  3  2
 2225 2021- 3-28  3:01     - 55 14  162 51   3.00 0.82  0.0    4 29.7 62.1      2225
 2226 2021- 3-28  3:51       55 23  161 43  17.46 0.16  0.0    7  2.0  1.4      2226
 2227 2021- 3-28  4:40     - 54 35  161 16   2.87 0.20  0.0   12  8.0 17.1      2227
 2228 2021- 3-28  5:35     - 54 53  161 17  31.31 0.16  0.0    8 15.2  1.4      2228
 2229 2021- 3-28  5:35     - 55 20  161 40   6.06 0.06  0.0    4  9.9  0.6      2229
 2230 2021- 3-28  6:37       55 17  161 46  15.23 0.26  0.0    7  3.2  2.0      2230
 2231 2021- 3-28  7:52       54 56  162 14   2.71 0.12  0.0    6  2.0  3.0      2231
 *** DISTANCE & RESIDUAL WEIGHTING CANCELLED FOR EVENT: 2021  3 28  8  0
 2232 2021- 3-28  7:59     # 55 22  162 29   2.87 0.80  0.0    4 21.9 11.0      2232
 2233 2021- 3-28  8:39     - 55 13  161 58  14.73 0.00  0.0    4  6.9  6.0      2233
 2234 2021- 3-28  8:42     - 54 55  161  3  29.23 0.19  0.0    9 18.2 11.6      2234
 2235 2021- 3-28  8:42     - 55  4  161 33  28.66 0.16  0.0    5 12.7  6.2      2235
  SEQ ---DATE--- TIME REMARK -LAT-  --LON-  DEPTH  RMS PMAG  NUM  ERH  ERZ  ID
 2236 2021- 3-28  9:05     - 55 46  162 16   2.43 0.06  0.0    5  3.2 12.1      2236
 2237 2021- 3-28  9:59     - 54 50  162 58   3.13 0.04  0.0    5  5.5 11.7      2237
 2238 2021- 3-28  9:59     - 54 31  161 32   1.80 0.18  0.0   10  9.6 17.2      2238
 2239 2021- 3-28 10:46     - 56  1  162 50   2.69 0.03  0.0    5  9.6 11.6      2239
 2240 2021- 3-28 11:05       55 14  161 29  37.12 0.20  0.0    7  5.9  2.8      2240
 2241 2021- 3-28 11:05     - 55 11  161 11   8.92 0.08  0.0    5  9.1 10.0      2241
 *** DISTANCE & RESIDUAL WEIGHTING CANCELLED FOR EVENT: 2021  3 28 14  0
 2242 2021- 3-28 14:00     - 55  8  161 10  40.13 0.43  0.0    6 31.3 24.8      2242
 2243 2021- 3-28 14:00     - 54 47  160 58  30.40 0.17  0.0    7 15.1  2.2      2243
 2244 2021- 3-28 15:23       54 55  162 12   2.15 0.02  0.0    6  1.8  2.2      2244
 2245 2021- 3-28 15:23       54 52  162 12   0.61 0.18  0.0    6  6.9  2.3      2245
 2246 2021- 3-29  1:42     - 55 20  161 29   2.96 0.06  0.0    5  1.7 11.5      2246
 2247 2021- 3-29  7:08     - 54 48  160 58  18.07 0.18  0.0    7 17.7 19.0      2247
 2248 2021- 3-29 14:20     - 54 59  161 26  22.96 0.20  0.0    4 18.1  8.1      2248
 2249 2021- 3-29 22:15     - 54 58  161 34  11.56 0.21  0.0    5 17.3  9.7      2249
 2250 2021- 3-29 23:42     - 55 15  163 29   2.19 0.74  0.0    9 26.6 55.2      2250
  SEQ ---DATE--- TIME REMARK -LAT-  --LON-  DEPTH  RMS PMAG  NUM  ERH  ERZ  ID
 2251 2021- 3-29 23:44     - 55 35  162 18   3.26 0.22  0.0    6  7.3 17.5      2251
 2252 2021- 3-29 23:44     - 55 18  161 42  13.46 0.08  0.0    4  9.6  6.4      2252
 2253 2021- 3-29 23:50     - 55  8  162 48   4.94 0.19  0.0    8  8.1 20.1      2253
 *** DISTANCE & RESIDUAL WEIGHTING CANCELLED FOR EVENT: 2021  3 30  2  0
 2254 2021- 3-30  2:00     # 54 57  162  5   1.88 0.33  0.0    4 11.1  4.2      2254
 2255 2021- 3-30  2:00     # 54 49  162  0   0.09 0.35  0.0    5  8.3  3.9      2255
 2256 2021- 3-30  2:06     - 55 17  161 30   1.44 0.02  0.0    4  2.0 12.1      2256
 2257 2021- 3-30  2:26     - 54 55  161  9  11.90 0.13  0.0    6 12.0 11.1      2257
 2258 2021- 3-30  2:26     - 55 16  161 25   5.46 0.13  0.0    5  9.5 16.6      2258
 2259 2021- 3-30  3:18     - 54 37  161 11   1.96 0.11  0.0   10  6.1 13.4      2259
 2260 2021- 3-30  3:36     # 54 43  161 16  64.08 0.36  0.0   11  9.4  8.6      2260
 2261 2021- 3-30  4:31     - 55  7  161 15   3.00 0.16  0.0    5 14.6 18.0      2261
 2262 2021- 3-30  4:32     - 55 17  160 56   3.00 0.10  0.0    5 13.2 14.2      2262
 2263 2021- 3-30  4:38     - 54 22  162 53   3.16 0.06  0.0    5  6.9 12.1      2263
 2264 2021- 3-30  6:26     - 55  1  161 42   2.42 0.07  0.0    4  5.9 13.3      2264
 *** DISTANCE & RESIDUAL WEIGHTING CANCELLED FOR EVENT: 2021  3 30  7 52
 2265 2021- 3-30  7:51     # 55  9  161 30   3.00 0.51  0.0    5 21.0  7.5      2265
 *** DISTANCE & RESIDUAL WEIGHTING CANCELLED FOR EVENT: 2021  3 30  7 52
  SEQ ---DATE--- TIME REMARK -LAT-  --LON-  DEPTH  RMS PMAG  NUM  ERH  ERZ  ID
 2266 2021- 3-30  7:52     - 55 10  161 10   3.02 0.44  0.0    4 28.7 38.1      2266
 2267 2021- 3-30 14:13     - 54 47  160 48  37.95 0.23  0.0    9 17.8 14.8      2267
 2268 2021- 3-30 14:13     - 55 39  162 38   4.41 0.70  0.0    7 15.6 56.2      2268
 2269 2021- 3-30 15:06     - 54 31  162 27   3.07 0.15  0.0    9  7.5 16.1      2269
 2270 2021- 3-30 15:33     - 55  2  161 40  23.80 0.14  0.0    6 12.2  5.2      2270
 2271 2021- 3-30 15:33     - 54 47  161  2  30.02 0.19  0.0    9 15.6  1.9      2271
 2272 2021- 3-30 17:28     - 55 10  161 18   2.01 0.09  0.0    4 10.8  3.5      2272
 2273 2021- 3-30 17:28     - 55  8  161 13  24.43 0.08  0.0    4 13.6  6.1      2273
 2274 2021- 3-30 18:38     - 54 32  163 15   3.97 0.20  0.0    9  7.9 17.4      2274
 *** DISTANCE & RESIDUAL WEIGHTING CANCELLED FOR EVENT: 2021  3 31  0  0
 2275 2021- 3-30 23:59     # 55 20  162 16   3.00 1.05  0.0    5  9.7 15.2      2275
 2276 2021- 3-31  1:17     - 55 19  161  3  40.18 0.21  0.0    9 17.1  5.8      2276
 *** DISTANCE & RESIDUAL WEIGHTING CANCELLED FOR EVENT: 2021  3 31  1 17
 2277 2021- 3-31  1:17     # 55 18  161 46  24.39 0.70  0.0    5 19.8 27.7      2277
 *** DISTANCE & RESIDUAL WEIGHTING CANCELLED FOR EVENT: 2021  3 31  1 18
 2278 2021- 3-31  1:17     # 55 30  161 36  29.86 0.13  0.0    5  7.6  4.3      2278
 2279 2021- 3-31  6:11     - 54 41  162 45   2.94 0.32  0.0   12 12.1 26.2      2279
 2280 2021- 3-31  6:42     - 54 40  161  3   2.74 0.27  0.0   14  9.5 20.2      2280
  SEQ ---DATE--- TIME REMARK -LAT-  --LON-  DEPTH  RMS PMAG  NUM  ERH  ERZ  ID
 2281 2021- 3-31  7:44     - 55 12  161 12   2.97 0.06  0.0    4  8.1 12.0      2281
 2282 2021- 4- 1 16:25     - 54 57  161 31  26.83 0.23  0.0    5 18.5  5.8      2282
 2283 2021- 4- 1 16:26     - 54 57  161 38  22.56 0.18  0.0    5 15.0  3.4      2283
 2284 2021- 4- 1 16:58     - 55 13  161 29  23.15 0.05  0.0    5  9.7  3.9      2284
 2285 2021- 4- 1 18:17     - 55  6  161 29   1.41 0.12  0.0    4 11.8  3.0      2285
 2286 2021- 4- 2  0:36     - 54 57  160 49   2.62 0.24  0.0   17  8.3 17.5      2286
 2287 2021- 4- 2  4:26     - 55 28  162 23   7.64 0.34  0.0    7  1.7 30.5      2287
 2288 2021- 4- 2  4:45     # 55 22  161 51   0.04 0.67  0.0    8  2.4 29.4      2288
 2289 2021- 4- 2  4:45     - 54 30  160 54   3.67 0.23  0.0    7 18.2 11.5      2289
 2290 2021- 4- 2  5:07     - 55 25  162  4  31.74 0.06  0.0    4 13.0  3.4      2290
 *** DISTANCE & RESIDUAL WEIGHTING CANCELLED FOR EVENT: 2021  4  2  5 22
 2291 2021- 4- 2  5:22     - 55  5  161 58  12.85 3.74  0.0    4 87.1 47.1      2291
 *** DISTANCE & RESIDUAL WEIGHTING CANCELLED FOR EVENT: 2021  4  2  6  2
 2292 2021- 4- 2  6:02     - 55  8  162 14   1.44 0.94  0.0    5  8.1 73.0      2292
 2293 2021- 4- 2  7:24     - 55 35  161 56   3.32 0.03  0.0    4  4.7  9.0      2293
 2294 2021- 4- 2  9:17     - 54 32  161 39   2.62 0.07  0.0    5  5.9 12.5      2294
 2295 2021- 4- 2 11:51     - 54 55  162 54   3.10 0.04  0.0    4 12.0  4.4      2295
  SEQ ---DATE--- TIME REMARK -LAT-  --LON-  DEPTH  RMS PMAG  NUM  ERH  ERZ  ID
 2296 2021- 4- 2 12:12     - 55 31  161 42   1.95 0.01  0.0    4  2.2 12.4      2296
 2297 2021- 4- 2 12:51     - 54 42  162 41   2.37 0.06  0.0    4 12.6  2.7      2297
 2298 2021- 4- 2 15:04     - 55  7  161 22   1.43 0.13  0.0    5 13.2  4.0      2298
 *** DISTANCE & RESIDUAL WEIGHTING CANCELLED FOR EVENT: 2021  4  2 15  4
 2299 2021- 4- 2 15:04     - 55  6  161 20   2.99 0.41  0.0    5 34.6 12.2      2299
 2300 2021- 4- 2 15:28     - 54 58  162 18   0.02 0.02  0.0    4 10.5 12.6      2300
 *** DISTANCE & RESIDUAL WEIGHTING CANCELLED FOR EVENT: 2021  4  2 15 28
 2301 2021- 4- 2 15:28     - 54 59  162 19   0.74 0.37  0.0    4 13.2 32.1      2301
 2302 2021- 4- 2 19:13     - 55 18  161 39   4.45 0.02  0.0    4  8.9  4.6      2302
 *** DISTANCE & RESIDUAL WEIGHTING CANCELLED FOR EVENT: 2021  4  2 19 14
 2303 2021- 4- 2 19:13     - 54 60  161  9   3.09 0.68  0.0    4 50.9 56.8      2303
 *** DISTANCE & RESIDUAL WEIGHTING CANCELLED FOR EVENT: 2021  4  3  0  0
 2304 2021- 4- 2 23:59     - 55 21  162 12   3.00 0.65  0.0    4  6.5 49.9      2304
 *** DISTANCE & RESIDUAL WEIGHTING CANCELLED FOR EVENT: 2021  4  3  2 54
 2305 2021- 4- 3  2:54     - 55 10  161 35   6.67 0.53  0.0    4 20.0 45.4      2305
 2306 2021- 4- 3  2:57     - 54 47  161  8  28.74 0.20  0.0   10 17.7  2.7      2306
 2307 2021- 4- 3  2:57     - 54 46  161 16  24.95 0.21  0.0    7 15.9  6.6      2307
 2308 2021- 4- 3  3:40       55 12  161 31   3.02 0.00  0.0    4  2.3  1.1      2308
 2309 2021- 4- 3  5:46     - 54 47  161 11  28.50 0.19  0.0   11 16.9  2.4      2309
 2310 2021- 4- 3  5:46     - 54 30  160 56  44.23 0.42  0.0   10 29.3 25.5      2310
  SEQ ---DATE--- TIME REMARK -LAT-  --LON-  DEPTH  RMS PMAG  NUM  ERH  ERZ  ID
 2311 2021- 4- 3  5:56     - 54 44  161  1  26.50 0.19  0.0   11 15.8  3.1      2311
 2312 2021- 4- 3  5:56       54 47  161 11  29.69 0.10  0.0    8  8.7  1.3      2312
 2313 2021- 4- 3  6:10     - 55 15  162 52   2.40 0.33  0.0    5 11.2 27.5      2313
 2314 2021- 4- 3  6:34     - 55 29  161 49   0.67 0.06  0.0    4  6.3 10.8      2314
 2315 2021- 4- 3  7:33     - 54 56  160 16   9.88 0.10  0.0    4 13.6 14.1      2315
 2316 2021- 4- 3  7:45     - 55 22  161 54   2.74 0.01  0.0    4  4.6 11.5      2316
 2317 2021- 4- 3  7:59       55 10  161 57   4.87 0.17  0.0    4  4.6  2.5      2317
 2318 2021- 4- 3  9:15       55 23  161 46   8.48 0.16  0.0    6  1.8  1.9      2318
 2319 2021- 4- 3 10:17     - 55 15  161 34   7.46 0.09  0.0    5 10.5  9.8      2319
 2320 2021- 4- 3 10:17     - 55 22  161 50   0.0114.42  0.0    4 68.2 98.9      2320
 *** DISTANCE & RESIDUAL WEIGHTING CANCELLED FOR EVENT: 2021  4  3 11 57
 2321 2021- 4- 3 11:57     - 55  3  161 42  17.35 0.20  0.0    4 14.2  5.4      2321
 2322 2021- 4- 3 12:42       54 53  161 56   1.02 0.03  0.0    5  3.3  5.9      2322
 2323 2021- 4- 3 12:42     - 54 27  161 31   3.00 0.25  0.0    9 15.8 23.9      2323
 *** DISTANCE & RESIDUAL WEIGHTING CANCELLED FOR EVENT: 2021  4  3 13  9
 2324 2021- 4- 3 13:09     - 55 28  162  1   0.01 0.71  0.0    4 28.2 51.2      2324
 2325 2021- 4- 3 14:58     - 54 35  160 52   2.12 0.14  0.0    8  7.1 15.5      2325
  SEQ ---DATE--- TIME REMARK -LAT-  --LON-  DEPTH  RMS PMAG  NUM  ERH  ERZ  ID
 2326 2021- 4- 3 15:41     - 54 59  161 18   3.01 0.15  0.0    5 15.8 17.3      2326
 2327 2021- 4- 3 16:10       54 47  160 25   9.88 0.06  0.0    5  4.3  5.1      2327
 2328 2021- 4- 3 16:54     # 54 57  162 16   5.86 0.04  0.0    6  5.1  4.4      2328
 2329 2021- 4- 3 16:55     - 55  5  161 46   5.22 0.02  0.0    4 11.8  2.1      2329
 2330 2021- 4- 3 17:03     - 54 29  161 39   2.89 0.01  0.0    4  5.3 11.4      2330
 2331 2021- 4- 3 18:04     - 55  3  161 24  29.73 0.27  0.0    8 17.9  7.0      2331
 2332 2021- 4- 3 18:04     - 55  9  161 43  20.92 0.16  0.0    4 14.3  9.4      2332
 2333 2021- 4- 3 18:53     - 55  4  161 57  69.21 0.14  0.0    6  5.1 14.6      2333
 2334 2021- 4- 3 19:01     - 54 37  163  0   3.32 0.06  0.0    6  5.6 12.1      2334
 *** DISTANCE & RESIDUAL WEIGHTING CANCELLED FOR EVENT: 2021  4  4  2  0
 2335 2021- 4- 4  2:00     - 55 17  162  7   3.00 1.25  0.0    5 17.1 74.5      2335
 2336 2021- 4- 4  4:30     - 54 54  161  2  33.02 0.17  0.0    8 16.3 19.1      2336
 2337 2021- 4- 4  4:30     - 54 52  161  7  19.44 0.20  0.0    7 10.0 15.0      2337
 2338 2021- 4- 4  4:59     - 55 11  161 54   0.38 0.16  0.0    4  1.6 14.6      2338
 2339 2021- 4- 4  5:28     - 54 34  163 17   3.89 0.25  0.0    4 23.4 22.0      2339
 2340 2021- 4- 4  6:07     - 55  1  162 16   2.63 0.09  0.0    4  2.5 12.7      2340
  SEQ ---DATE--- TIME REMARK -LAT-  --LON-  DEPTH  RMS PMAG  NUM  ERH  ERZ  ID
 2341 2021- 4- 4  7:15       54 58  162 10   2.66 0.08  0.0    5  1.8  2.5      2341
 *** DISTANCE & RESIDUAL WEIGHTING CANCELLED FOR EVENT: 2021  4  4  7 16
 2342 2021- 4- 4  7:16     - 55 28  162 29   7.70 1.05  0.0    4 14.2 87.8      2342
 2343 2021- 4- 4  7:41     - 55 20  161 45   0.29 0.12  0.0    4  1.3 11.4      2343
 2344 2021- 4- 4  7:41     - 55  1  161 29  28.23 0.05  0.0    5 11.7  3.7      2344
 2345 2021- 4- 4  8:56     - 55  5  161  0  24.50 0.08  0.0    4 14.0 11.5      2345
 2346 2021- 4- 4  8:56     - 54 50  161 17  29.63 0.14  0.0    4 15.4 12.0      2346
 2347 2021- 4- 4  9:04     - 54 52  161  3  31.88 0.21  0.0    9 19.4  1.8      2347
 2348 2021- 4- 4  9:04     # 54 43  161  8  29.39 0.33  0.0   10 20.0  3.3      2348
 2349 2021- 4- 4 12:21     - 54 53  161  8  30.98 0.14  0.0    5 15.0  1.6      2349
 2350 2021- 4- 4 12:21     - 54 49  161  7  28.67 0.19  0.0    6 17.2  2.4      2350
 2351 2021- 4- 4 12:39     # 55 34  162 28  15.93 0.98  0.0   11  9.2 27.6      2351
 2352 2021- 4- 4 12:39     - 55 39  162  4  53.22 0.31  0.0    6  8.1 23.6      2352
 2353 2021- 4- 4 12:47     - 55  8  162 13   1.36 0.04  0.0    4  3.4 12.3      2353
 2354 2021- 4- 4 12:47     - 54 28  163 15  22.41 0.42  0.0    4 35.1  7.5      2354
 2355 2021- 4- 4 14:44     # 55 20  161 16  36.81 0.12  0.0    6  3.8  3.0      2355
 *** DISTANCE & RESIDUAL WEIGHTING CANCELLED FOR EVENT: 2021  4  4 14 45
  SEQ ---DATE--- TIME REMARK -LAT-  --LON-  DEPTH  RMS PMAG  NUM  ERH  ERZ  ID
 2356 2021- 4- 4 14:45     # 54 58  162 12   3.0010.83  0.0    5 75.8 63.7      2356
 2357 2021- 4- 4 15:59     - 55 22  162 20   3.01 0.19  0.0    4  3.1 19.9      2357
 2358 2021- 4- 4 16:25     - 54 37  161  3   2.48 0.06  0.0    5  5.6 12.2      2358
 2359 2021- 4- 4 16:51     # 54 60  162 16   0.03 0.12  0.0    6  1.1 11.1      2359
 *** DISTANCE & RESIDUAL WEIGHTING CANCELLED FOR EVENT: 2021  4  4 16 51
 2360 2021- 4- 4 16:51     # 54 60  162 18   1.75 1.00  0.0    7  3.4  4.4      2360
 2361 2021- 4- 4 17:43     - 55 23  162 23   1.46 0.49  0.0    6  2.4 37.3      2361
 2362 2021- 4- 4 18:22     - 54 35  161 52   2.64 0.47  0.0    9 14.8 36.7      2362
 2363 2021- 4- 4 18:22     - 54 50  163  5   3.00 0.43  0.0    4 34.0 37.2      2363
 2364 2021- 4- 4 19:45     - 54 59  161 27  22.22 0.21  0.0    6 16.7  7.0      2364
 2365 2021- 4- 4 19:45       55  8  161 44   5.77 0.03  0.0    5  4.7  1.7      2365
 2366 2021- 4- 4 21:17       55 18  161 43   5.07 0.04  0.0    4  7.5  3.7      2366
 2367 2021- 4- 4 21:48     - 55  1  161  3  31.52 0.16  0.0   10 14.5  1.5      2367
 2368 2021- 4- 4 21:48     - 54 57  160 44  17.50 0.21  0.0    9 13.5 21.6      2368
 2369 2021- 4- 4 22:23       54 33  161  1   7.85 0.12  0.0   11  4.5  4.9      2369
 2370 2021- 4- 4 22:23     - 54 35  161  6  22.87 0.28  0.0    7 21.8  4.8      2370
  SEQ ---DATE--- TIME REMARK -LAT-  --LON-  DEPTH  RMS PMAG  NUM  ERH  ERZ  ID
 2371 2021- 4- 4 22:55     - 54 33  161 27   3.38 0.39  0.0   15 13.0 27.3      2371
 2372 2021- 4- 4 23:59     - 55 14  162  4  56.26 0.03  0.0    4  2.6 10.3      2372
 *** DISTANCE & RESIDUAL WEIGHTING CANCELLED FOR EVENT: 2021  4  5  0 16
 2373 2021- 4- 5  0:16     - 55 51  162 11   3.00 0.49  0.0    4 18.4 38.2      2373
 2374 2021- 4- 5  2:02     - 54 56  162 15   6.32 0.06  0.0    6 10.1  4.6      2374
 *** DISTANCE & RESIDUAL WEIGHTING CANCELLED FOR EVENT: 2021  4  5  2  2
 2375 2021- 4- 5  2:02     - 55 29  162  7  30.62 1.29  0.0    4 97.5 72.4      2375
 2376 2021- 4- 5  6:59     - 55  4  161 31  24.64 0.26  0.0    4 19.7 10.5      2376
 2377 2021- 4- 5 20:51     - 54 38  162 13   8.14 0.09  0.0    5 11.1 12.5      2377
 2378 2021- 4- 5 20:54       54 59  162 17   0.33 0.03  0.0    8  0.7  6.2      2378
 2379 2021- 4- 5 20:54     - 54 60  162 18   0.0210.09  0.0    6 26.5 98.8      2379
 2380 2021- 4- 5 21:21     - 54 52  161 29  20.44 0.18  0.0    9 14.2  6.8      2380
 *** DISTANCE & RESIDUAL WEIGHTING CANCELLED FOR EVENT: 2021  4  5 21 22
 2381 2021- 4- 5 21:22     # 55 15  162 15   3.02 0.19  0.0    5  2.0  2.9      2381
 2382 2021- 4- 5 21:32     - 55 18  162 19  18.84 0.33  0.0    4  3.4 22.2      2382
 2383 2021- 4- 5 21:45       55  8  161 54   4.26 0.01  0.0    4  2.4  2.9      2383
 2384 2021- 4- 5 21:46       55 21  161 51  10.01 0.04  0.0    5  2.8  4.4      2384
 2385 2021- 4- 5 21:53     - 55  7  161 21   2.08 0.13  0.0    4 13.4  3.7      2385
 *** DISTANCE & RESIDUAL WEIGHTING CANCELLED FOR EVENT: 2021  4  5 22 30
  SEQ ---DATE--- TIME REMARK -LAT-  --LON-  DEPTH  RMS PMAG  NUM  ERH  ERZ  ID
 2386 2021- 4- 5 22:30     - 54 30  161 52   3.00 0.60  0.0    5 20.6 45.3      2386
 2387 2021- 4- 5 23:06       55 33  161 26  13.02 0.14  0.0    6  3.4  8.7      2387
 2388 2021- 4- 5 23:15     - 54 52  161 28  18.03 0.20  0.0    7 15.9  8.0      2388
 2389 2021- 4- 5 23:15       54 40  161 12  12.25 0.06  0.0    6  8.5  1.6      2389
 2390 2021- 4- 5 23:38     - 54 57  161 30  27.81 0.23  0.0    5 18.2  6.9      2390
 *** DISTANCE & RESIDUAL WEIGHTING CANCELLED FOR EVENT: 2021  4  6  0  0
 2391 2021- 4- 5 23:59     # 55 29  161 50   3.00 1.94  0.0    4 40.7 37.3      2391
 2392 2021- 4- 6  2:26     - 55 14  163 23   4.30 0.82  0.0   13 28.4 58.3      2392
 2393 2021- 4- 6  2:29     - 54 30  161 49   2.89 0.20  0.0   13  8.0 17.2      2393
 2394 2021- 4- 6  3:09     - 54 32  161 32   2.96 0.16  0.0    4  7.2 16.5      2394
 *** DISTANCE & RESIDUAL WEIGHTING CANCELLED FOR EVENT: 2021  4  6  5 48
 2395 2021- 4- 6  5:48     # 55 18  161 48  14.28 0.65  0.0    4 16.4 15.3      2395
 2396 2021- 4- 6  5:51       55 34  161 36   5.24 0.17  0.0   14  0.8  0.5      2396
 2397 2021- 4- 6  6:40     - 55  6  161 18   0.89 0.11  0.0    5 10.9  2.9      2397
 2398 2021- 4- 6  6:42     - 55  8  160 53   3.00 0.13  0.0    7 14.9 16.7      2398
 2399 2021- 4- 6  6:42     - 54 58  160 26   3.04 0.17  0.0    7 14.8 19.0      2399
 2400 2021- 4- 6  8:44     - 55  0  162 18  12.43 0.04  0.0    4  5.4  9.0      2400
  SEQ ---DATE--- TIME REMARK -LAT-  --LON-  DEPTH  RMS PMAG  NUM  ERH  ERZ  ID
 2401 2021- 4- 6  9:04     - 55  1  162 27   9.15 0.03  0.0    4  9.0  7.8      2401
 2402 2021- 4- 6 10:53     - 54 57  161 32  26.70 0.08  0.0    7 12.6  3.7      2402
 2403 2021- 4- 6 10:53     - 55  3  161  5   3.07 0.02  0.0    4  8.2 12.4      2403
 2404 2021- 4- 6 12:00       55 19  161 51  26.87 0.00  0.0    4  4.2  2.5      2404
 2405 2021- 4- 6 12:22     - 54 56  161 32  23.82 0.11  0.0    7 13.9  4.2      2405
 2406 2021- 4- 6 12:22       55  2  161 52  19.16 0.04  0.0    5  5.2  2.1      2406
 2407 2021- 4- 6 13:05     - 55  9  161 20   3.04 0.11  0.0    5 14.1 14.4      2407
 2408 2021- 4- 6 13:05     - 54 57  161 23  26.68 0.16  0.0    6 14.8  4.9      2408
 2409 2021- 4- 6 13:12     - 55  7  161 19  18.69 0.02  0.0    4 12.4  8.6      2409
 *** DISTANCE & RESIDUAL WEIGHTING CANCELLED FOR EVENT: 2021  4  6 13 13
 2410 2021- 4- 6 13:13     # 55 17  162  5  19.37 0.60  0.0    4 17.4  5.9      2410
 2411 2021- 4- 6 13:25     - 54 57  161 22  26.93 0.21  0.0    5 19.5 11.5      2411
 *** DISTANCE & RESIDUAL WEIGHTING CANCELLED FOR EVENT: 2021  4  6 13 25
 2412 2021- 4- 6 13:25     - 55 15  162 16   2.33 0.63  0.0    4  6.5 44.4      2412
 2413 2021- 4- 6 16:08     - 55 17  161 23   5.40 0.08  0.0    5  4.6 12.0      2413
 2414 2021- 4- 6 16:08     - 55  8  161 25  18.69 0.01  0.0    4 12.1  2.3      2414
 2415 2021- 4- 6 17:03     - 55 18  162 32   5.92 0.47  0.0    7  7.8 41.2      2415
  SEQ ---DATE--- TIME REMARK -LAT-  --LON-  DEPTH  RMS PMAG  NUM  ERH  ERZ  ID
 2416 2021- 4- 6 17:23     - 54 59  161 28   3.01 0.28  0.0    6 19.9 26.4      2416
 2417 2021- 4- 6 17:23     - 55 17  162 12   6.73 0.03  0.0    4  1.3 11.6      2417
 2418 2021- 4- 6 17:54     - 55  2  161 30  31.23 0.22  0.0    7 15.8  7.8      2418
 2419 2021- 4- 6 17:54       55 14  162  7  22.90 0.00  0.0    4  2.6  4.9      2419
 2420 2021- 4- 6 20:05     - 54 34  162  4   2.90 0.11  0.0    5  6.3 13.7      2420
 2421 2021- 4- 6 20:22     - 55 21  161 44   1.28 0.07  0.0    4  4.0 12.6      2421
 2422 2021- 4- 6 20:22     - 55 25  161 17   5.50 0.10  0.0    4 13.2 14.8      2422
 2423 2021- 4- 6 20:30     - 54 57  161  9  30.91 0.23  0.0   10 17.0  1.6      2423
 2424 2021- 4- 6 20:30     - 54 43  160 52  33.73 0.24  0.0    9 15.0 23.3      2424
 2425 2021- 4- 6 22:55     - 54 26  161 51   3.05 0.70  0.0    5 24.5 53.5      2425
 2426 2021- 4- 6 23:59     - 55 24  161 56  52.11 0.03  0.0    5  4.6 12.5      2426
 2427 2021- 4- 7  0:08     - 55  4  161 30  10.85 0.21  0.0    4 13.3 14.4      2427
 2428 2021- 4- 7  0:19     - 54 49  161  5  26.98 0.17  0.0   10 16.8  3.0      2428
 2429 2021- 4- 7  0:19     - 55  2  160 41   3.02 0.17  0.0    6 16.1 16.9      2429
 2430 2021- 4- 7  0:23     - 55 15  161 16   5.88 0.08  0.0    8  5.9 14.1      2430
 *** DISTANCE & RESIDUAL WEIGHTING CANCELLED FOR EVENT: 2021  4  7  0 23
  SEQ ---DATE--- TIME REMARK -LAT-  --LON-  DEPTH  RMS PMAG  NUM  ERH  ERZ  ID
 2431 2021- 4- 7  0:23     # 55 34  161 21   3.00 1.02  0.0    4 17.5 17.6      2431
 *** DISTANCE & RESIDUAL WEIGHTING CANCELLED FOR EVENT: 2021  4  7  0 35
 2432 2021- 4- 7  0:35     - 55 16  161 45  13.69 0.25  0.0    4 18.1 12.5      2432
 *** DISTANCE & RESIDUAL WEIGHTING CANCELLED FOR EVENT: 2021  4  7  1  3
 2433 2021- 4- 7  1:03     - 55 39  161  9   3.00 0.36  0.0    5 25.0 32.1      2433
 2434 2021- 4- 7  3:03       55 17  161 51  19.74 0.07  0.0    6  2.9  1.1      2434
 2435 2021- 4- 7  3:37     - 54 45  161  5  30.62 0.23  0.0   10 20.9  2.6      2435
 2436 2021- 4- 7  3:37     - 54 35  161  7  68.39 0.47  0.0    9 32.4 15.3      2436
 2437 2021- 4- 7  5:21     - 54 59  162 31  20.33 0.05  0.0    4  9.3  6.7      2437
 2438 2021- 4- 7  5:23     - 55 12  162 12   9.02 0.04  0.0    5  2.6 12.3      2438
 2439 2021- 4- 7  6:10     - 54 58  160 43   2.79 0.28  0.0    8 10.7 23.2      2439
 2440 2021- 4- 7  6:28       55 31  161 29   3.24 0.16  0.0   11  1.1  2.3      2440
 2441 2021- 4- 7  6:37     - 55  9  161 20   3.00 0.06  0.0    4 10.4 13.4      2441
 2442 2021- 4- 7  7:59     - 55 44  162 52   3.00 0.17  0.0    5 16.6 18.6      2442
 2443 2021- 4- 7  8:43     - 55 36  161 37   1.56 0.15  0.0    8  1.3 15.2      2443
 2444 2021- 4- 7 11:28     - 54 45  160 56  33.11 0.27  0.0    9 22.3 26.0      2444
 2445 2021- 4- 7 12:19     - 54 41  161 32   3.20 0.11  0.0    7 10.7 15.5      2445
  SEQ ---DATE--- TIME REMARK -LAT-  --LON-  DEPTH  RMS PMAG  NUM  ERH  ERZ  ID
 2446 2021- 4- 7 12:19     - 54 29  161 11  18.69 0.23  0.0    8 17.4 22.5      2446
 2447 2021- 4- 7 13:36     - 55 27  160 45   2.96 0.15  0.0    7  7.2 16.0      2447
 2448 2021- 4- 7 13:36     - 55 48  161 51   3.10 0.11  0.0    4  6.5 14.0      2448
 2449 2021- 4- 7 14:31     - 54 36  161 19   3.02 0.15  0.0   11  6.7 14.2      2449
 *** DISTANCE & RESIDUAL WEIGHTING CANCELLED FOR EVENT: 2021  4  7 15  4
 2450 2021- 4- 7 15:04     - 55  8  163  3   2.90 0.04  0.0    4  5.6 11.7      2450
 *** DISTANCE & RESIDUAL WEIGHTING CANCELLED FOR EVENT: 2021  4  7 16  0
 2451 2021- 4- 7 15:59     - 55 18  162 12   3.00 1.01  0.0    4 83.6 69.5      2451
 2452 2021- 4- 7 19:33     # 55  1  162 19   4.72 0.15  0.0    6  6.5  3.2      2452
 2453 2021- 4- 7 19:54     - 55  3  161 23   1.56 0.07  0.0    4 12.9  4.3      2453
 2454 2021- 4- 7 19:54     - 55  5  161 45   0.66 0.02  0.0    4  2.5  9.9      2454
 2455 2021- 4- 7 21:34     - 55  5  161 53   8.69 0.07  0.0    5 10.6  5.7      2455
 2456 2021- 4- 7 21:34     - 55 11  162  3   0.38 0.04  0.0    4  1.7 10.3      2456
 2457 2021- 4- 7 23:59     - 55  7  161 34   4.60 0.16  0.0    5  9.7 10.6      2457
 2458 2021- 4- 7 23:59     - 55 19  162  3   2.99 0.07  0.0    4  1.1 13.7      2458
 2459 2021- 4- 8  0:08     - 55 23  162 38   3.05 0.01  0.0    4  5.5 11.3      2459
 2460 2021- 4- 8  6:13     - 54 57  161 15  29.79 0.19  0.0    9 15.2  2.2      2460
  SEQ ---DATE--- TIME REMARK -LAT-  --LON-  DEPTH  RMS PMAG  NUM  ERH  ERZ  ID
 2461 2021- 4- 8  6:13     - 54 47  161  4  32.65 0.18  0.0    8 10.1 19.2      2461
 2462 2021- 4- 8  6:34     - 55  8  161 52   8.84 0.05  0.0    5 10.0  7.9      2462
 *** DISTANCE & RESIDUAL WEIGHTING CANCELLED FOR EVENT: 2021  4  8  6 34
 2463 2021- 4- 8  6:34     - 55 52  162 55   3.00 0.46  0.0    5 34.0 39.7      2463
 2464 2021- 4- 8  6:34       55  9  161 53   7.21 0.10  0.0    5  3.6  2.0      2464
 2465 2021- 4- 8  7:03     - 55  2  161 24  30.07 0.25  0.0    8 17.5  6.9      2465
 2466 2021- 4- 8  7:03     - 54 41  160 44  17.50 0.15  0.0    5 15.6 17.3      2466
 2467 2021- 4- 8  7:58     - 55 42  161 22   1.53 0.27  0.0    4 24.2  6.3      2467
 2468 2021- 4- 8  8:22     - 55 14  161 24   7.46 0.09  0.0    4  3.5 13.5      2468
 2469 2021- 4- 8  8:25     - 54 57  161 33  22.39 0.15  0.0    6 15.6  4.0      2469
 2470 2021- 4- 8  8:26     - 55 22  161 47   0.02 0.08  0.0    4  4.1  9.9      2470
 2471 2021- 4- 8 10:34     - 55 14  161 23   5.42 0.14  0.0    5  5.0 13.2      2471
 2472 2021- 4- 8 12:52     - 54 36  163 21  34.91 0.21  0.0    5 12.1 20.6      2472
 2473 2021- 4- 8 12:52       55 16  162  3  11.88 0.00  0.0    4  1.8  4.4      2473
 2474 2021- 4- 8 12:52     - 55 11  162 11   2.77 0.06  0.0    4  3.2 12.5      2474
 *** DISTANCE & RESIDUAL WEIGHTING CANCELLED FOR EVENT: 2021  4  8 17 12
 2475 2021- 4- 8 17:12     - 55 25  161 42  13.63 0.02  0.0    4  7.8  5.4      2475
  SEQ ---DATE--- TIME REMARK -LAT-  --LON-  DEPTH  RMS PMAG  NUM  ERH  ERZ  ID
 2476 2021- 4- 8 17:12     - 55 20  162  8  20.08 0.06  0.0    4  3.9 10.3      2476
 2477 2021- 4- 8 21:11     - 55  8  160 25   2.77 0.12  0.0    6  6.6 14.4      2477
 2478 2021- 4- 8 21:11     - 55 34  161  4   1.42 0.09  0.0    5  8.6  9.9      2478
 2479 2021- 4- 8 23:59     - 54 59  161 24  24.97 0.24  0.0    8 17.5  7.7      2479
 2480 2021- 4- 8 23:59     - 55 19  162 39   2.00 0.39  0.0    6 14.5 30.7      2480
 2481 2021- 4- 9  2:57     - 55 19  163 18   1.86 0.94  0.0    7 34.1 68.4      2481
 2482 2021- 4- 9  5:37     - 55 17  161 58   0.02 0.40  0.0    4 35.8 19.1      2482
 *** DISTANCE & RESIDUAL WEIGHTING CANCELLED FOR EVENT: 2021  4  9  5 44
 2483 2021- 4- 9  5:44     - 55 16  161 53   0.69 0.92  0.0    4 78.0 24.4      2483
 2484 2021- 4- 9  7:09     - 54 36  161 25   2.79 0.16  0.0   16  6.6 13.9      2484
 *** DISTANCE & RESIDUAL WEIGHTING CANCELLED FOR EVENT: 2021  4  9  7  9
 2485 2021- 4- 9  7:09     - 55 10  162  2   6.86 0.22  0.0    4  5.1 21.6      2485
 2486 2021- 4- 9  7:48     - 55 16  161 53   0.02 0.98  0.0    4 82.2 43.5      2486
 2487 2021- 4- 9  7:59     - 55  4  163 38   1.07 0.14  0.0    4  7.3 15.3      2487
 2488 2021- 4- 9  9:12     - 55 40  162  3   0.27 0.19  0.0    4 19.8 14.1      2488
 2489 2021- 4- 9 10:49     - 54 28  161 27   3.00 0.19  0.0    7 17.6 19.8      2489
 2490 2021- 4- 9 10:50     - 55 12  161 43   8.31 0.04  0.0    4  9.2  4.5      2490
  SEQ ---DATE--- TIME REMARK -LAT-  --LON-  DEPTH  RMS PMAG  NUM  ERH  ERZ  ID
 2491 2021- 4- 9 10:54     - 54 38  161 50   2.80 0.22  0.0    6 17.3 22.4      2491
 2492 2021- 4- 9 10:55     - 54 44  161 57   1.53 0.08  0.0    4 11.5  6.8      2492
 2493 2021- 4- 9 12:25       54 25  161 27   7.55 0.15  0.0   11  1.2  1.9      2493
 2494 2021- 4- 9 12:48     - 54 56  162 15   0.64 0.03  0.0    5  3.0 12.5      2494
 2495 2021- 4- 9 12:48     - 54 55  162 15   0.0111.70  0.0    5 98.5 98.3      2495
 2496 2021- 4- 9 13:04     - 54 55  161 10  29.89 0.21  0.0    8 17.1  2.1      2496
 2497 2021- 4- 9 13:04     - 54 43  160 41  34.69 0.23  0.0    8 18.9 21.6      2497
 2498 2021- 4- 9 15:14     - 54 53  161  8  28.17 0.19  0.0    9 16.8  2.5      2498
 2499 2021- 4- 9 15:14     - 55  6  160 49   3.01 0.12  0.0    5 14.2 15.4      2499
 2500 2021- 4- 9 17:31       54 34  162 37  16.75 0.07  0.0    8  1.8  1.0      2500
 2501 2021- 4- 9 17:37     - 55 44  160 28   3.08 0.25  0.0   11 10.0 21.8      2501
 2502 2021- 4- 9 18:15     - 55 13  161 33   7.22 0.12  0.0    5 13.1 13.5      2502
 *** DISTANCE & RESIDUAL WEIGHTING CANCELLED FOR EVENT: 2021  4  9 18 15
 2503 2021- 4- 9 18:15     # 55  7  161 45  22.84 1.03  0.0    4 44.0 36.5      2503
 2504 2021- 4- 9 19:26     - 55  1  161 22   6.06 0.24  0.0    5 21.1 23.4      2504
 2505 2021- 4- 9 21:15     - 54 54  163  7   1.73 0.25  0.0    7  9.2 20.8      2505
  SEQ ---DATE--- TIME REMARK -LAT-  --LON-  DEPTH  RMS PMAG  NUM  ERH  ERZ  ID
 2506 2021- 4- 9 23:19     - 54 53  161  7  33.19 0.21  0.0   10 16.8 21.3      2506
 2507 2021- 4- 9 23:19     - 54 41  160 40  35.38 0.50  0.0    9 29.3 36.7      2507
 2508 2021- 4-10  1:09     - 54 57  161 16  30.99 0.20  0.0    8 16.0  5.7      2508
 2509 2021- 4-10  1:09     - 54 41  160 38   3.07 0.20  0.0    5 18.4 20.0      2509
 *** DISTANCE & RESIDUAL WEIGHTING CANCELLED FOR EVENT: 2021  4 10  3 21
 2510 2021- 4-10  3:21     # 55  7  161 50  14.91 0.26  0.0    4 12.2 10.3      2510
 2511 2021- 4-10  5:02     - 54 51  161 58   3.03 0.08  0.0    4 11.0  8.0      2511
 2512 2021- 4-10  7:01     - 54 26  161 44   2.06 0.18  0.0   10  8.0 16.9      2512
 2513 2021- 4-10  7:13     - 55 12  162 20   8.69 0.20  0.0    5  2.8 20.8      2513
 *** DISTANCE & RESIDUAL WEIGHTING CANCELLED FOR EVENT: 2021  4 10  9 21
 2514 2021- 4-10  9:21     - 54 45  161 51   3.01 0.37  0.0    4 31.3 33.2      2514
 2515 2021- 4-10  9:36     - 54 37  160 47   2.02 0.24  0.0    9  9.8 21.2      2515
 2516 2021- 4-10  9:41     # 55  7  162 21  43.68 0.17  0.0    6  5.7 11.2      2516
 2517 2021- 4-10 12:37     - 54 37  161 18   2.99 0.18  0.0   15  7.1 15.2      2517
 2518 2021- 4-10 12:56       54 28  162 46  42.02 0.11  0.0   11  2.7  6.2      2518
 2519 2021- 4-10 13:26     - 55 10  161 15   0.03 0.15  0.0    4 14.2  5.0      2519
 2520 2021- 4-10 13:26     - 55  1  160 57  33.22 0.15  0.0    6 14.5 17.2      2520
  SEQ ---DATE--- TIME REMARK -LAT-  --LON-  DEPTH  RMS PMAG  NUM  ERH  ERZ  ID
 2521 2021- 4-10 13:42     - 55 11  161 20   1.33 0.11  0.0    4 11.2  3.7      2521
 2522 2021- 4-10 13:42     - 55  8  161  7   3.06 0.33  0.0    4 24.7 29.8      2522
 *** DISTANCE & RESIDUAL WEIGHTING CANCELLED FOR EVENT: 2021  4 10 14 10
 2523 2021- 4-10 14:10     # 55 19  161 44   3.00 1.08  0.0    4 38.1 30.3      2523
 2524 2021- 4-10 16:54     - 55  4  163 22   2.62 0.70  0.0    9 25.1 52.5      2524
 2525 2021- 4-10 18:25     - 55 22  161 49   0.34 0.04  0.0    4  1.1  9.9      2525
 2526 2021- 4-10 19:21     - 54 25  161 39   3.20 0.23  0.0    5  9.5 20.8      2526
 2527 2021- 4-10 21:17       55 13  161 45  17.42 0.10  0.0    5  3.5  2.2      2527
 2528 2021- 4-10 21:17     - 54 59  163 13   1.29 0.24  0.0    5  9.3 20.8      2528
 2529 2021- 4-10 21:17     - 55 23  161 58   0.22 0.42  0.0    6  2.7 28.2      2529
 2530 2021- 4-10 22:27     - 55  0  161 43  18.86 0.10  0.0    4 11.2  6.2      2530
 2531 2021- 4-11  5:00       54 60  162 29   9.13 0.02  0.0    5  6.9  4.4      2531
 2532 2021- 4-11  5:00     - 54 57  162 33  10.32 0.17  0.0    4 13.9  6.0      2532
 2533 2021- 4-11  7:11     - 54 44  161  4  34.68 0.25  0.0   10 17.4 20.9      2533
 2534 2021- 4-11  7:11     # 54 55  161 43   0.05 0.41  0.0    5 15.0  4.8      2534
 *** DISTANCE & RESIDUAL WEIGHTING CANCELLED FOR EVENT: 2021  4 11  7 18
 2535 2021- 4-11  7:18     - 55 23  161 39   0.30 0.33  0.0    4 14.2 30.3      2535
 *** DISTANCE & RESIDUAL WEIGHTING CANCELLED FOR EVENT: 2021  4 11  7 41
  SEQ ---DATE--- TIME REMARK -LAT-  --LON-  DEPTH  RMS PMAG  NUM  ERH  ERZ  ID
 2536 2021- 4-11  7:41     - 55 16  161 10   3.00 0.43  0.0    5 23.3 37.5      2536
 *** DISTANCE & RESIDUAL WEIGHTING CANCELLED FOR EVENT: 2021  4 11 18  0
 2537 2021- 4-11 18:00     - 55  1  161 37  22.03 0.16  0.0    5 15.8  7.1      2537
 2538 2021- 4-11 18:00     - 54 57  161 15  20.27 0.14  0.0    5 15.7  5.4      2538
 2539 2021- 4-11 21:27     - 54 57  161 28  29.92 0.13  0.0    8 14.4  4.3      2539
 2540 2021- 4-11 21:28     - 54 55  161 18  20.75 0.30  0.0    5 23.2  9.6      2540
 2541 2021- 4-12  0:21     - 54 37  161 17   3.13 0.15  0.0   15  6.2 13.2      2541
 *** DISTANCE & RESIDUAL WEIGHTING CANCELLED FOR EVENT: 2021  4 12  1 11
 2542 2021- 4-12  1:11     - 54 30  161 38   3.00 0.68  0.0    4 57.7 52.4      2542
 2543 2021- 4-12  2:18     - 54 31  161 46   2.90 0.22  0.0   14  8.5 18.0      2543
 2544 2021- 4-12  5:51     - 54 37  161 17   2.70 0.12  0.0    7  6.5 13.5      2544
 2545 2021- 4-12  6:31     - 55  5  161 59  11.84 0.09  0.0    5  8.1 10.7      2545
 2546 2021- 4-12  6:31     - 55  5  161 31   2.77 0.06  0.0    4 10.5  3.6      2546
 2547 2021- 4-12  7:03     - 54 59  162 13   1.42 0.03  0.0    5  2.0 12.3      2547
 2548 2021- 4-12 11:38     - 55 35  160 54  64.00 0.11  0.0   10 12.6  8.0      2548
 2549 2021- 4-12 11:39     - 55 15  161 37   3.00 1.67  0.0    4 99.0 32.8      2549
 2550 2021- 4-12 14:08     - 54 31  161 58   4.74 0.39  0.0   16 14.1 30.4      2550
  SEQ ---DATE--- TIME REMARK -LAT-  --LON-  DEPTH  RMS PMAG  NUM  ERH  ERZ  ID
 2551 2021- 4-12 15:41       54 37  161 31  44.43 0.15  0.0   11  2.9  6.5      2551
 2552 2021- 4-12 15:47     - 55  7  160 24   3.01 0.05  0.0    9  5.5 11.9      2552
 2553 2021- 4-12 16:40     - 54 49  162 24   4.19 0.03  0.0    4  5.2 11.5      2553
 2554 2021- 4-12 17:26       54 58  162 15   2.92 0.07  0.0    5  1.3  3.3      2554
 2555 2021- 4-12 17:27     - 54 60  162 18   0.02 4.91  0.0    6 16.0 98.7      2555
 *** DISTANCE & RESIDUAL WEIGHTING CANCELLED FOR EVENT: 2021  4 12 18 25
 2556 2021- 4-12 18:25     - 55 11  161 19   1.50 0.20  0.0    4 15.2  6.8      2556
 2557 2021- 4-12 18:43       55 23  161 44  20.57 0.14  0.0    7  1.9  1.4      2557
 *** DISTANCE & RESIDUAL WEIGHTING CANCELLED FOR EVENT: 2021  4 12 19  7
 2558 2021- 4-12 19:07     - 55 18  162  2   1.82 0.51  0.0    4  8.2 35.6      2558
 *** DISTANCE & RESIDUAL WEIGHTING CANCELLED FOR EVENT: 2021  4 12 20 44
 2559 2021- 4-12 20:44     # 55 24  161 49  11.90 1.27  0.0    4 23.2 24.8      2559
 2560 2021- 4-12 22:17     - 54 41  163 25   3.38 0.17  0.0    4 16.3 17.4      2560
 2561 2021- 4-13  1:16     - 54 59  161 22  28.78 0.21  0.0    8 17.7  5.3      2561
 2562 2021- 4-13  1:16     - 54 58  161 28  46.85 0.12  0.0    4 14.3  4.9      2562
 2563 2021- 4-13  1:26     - 55 30  161 35  30.54 0.11  0.0    5  9.3 11.8      2563
 2564 2021- 4-13  1:59     - 54 33  161 44   2.93 0.19  0.0    5  8.2 18.1      2564
 2565 2021- 4-13  5:39     - 55 17  162  8   1.46 0.24  0.0    7  1.5 16.7      2565
  SEQ ---DATE--- TIME REMARK -LAT-  --LON-  DEPTH  RMS PMAG  NUM  ERH  ERZ  ID
 2566 2021- 4-13  6:28       54 55  161 36  75.30 0.12  0.0    9  4.1  2.3      2566
 *** DISTANCE & RESIDUAL WEIGHTING CANCELLED FOR EVENT: 2021  4 13  6 53
 2567 2021- 4-13  6:53     # 55 24  161 48  10.42 0.51  0.0    5  8.5 13.8      2567
 2568 2021- 4-13  6:53     # 55 30  161 32   0.02 0.19  0.0    4  5.7  2.4      2568
 2569 2021- 4-13  7:22     - 55 16  161 34   6.88 0.09  0.0    4  3.7 13.3      2569
 2570 2021- 4-13  7:38     - 55  1  161 19   3.00 0.42  0.0    6 27.7 37.4      2570
 2571 2021- 4-13  7:38       55 19  161 58  13.71 0.04  0.0    5  0.9  2.3      2571
 2572 2021- 4-13  8:08     - 54 58  162  9   3.13 0.01  0.0    4  8.3  7.7      2572
 2573 2021- 4-13  9:22     - 55  4  161 42  33.09 0.02  0.0    4 12.3  2.3      2573
 2574 2021- 4-13  9:23       55 21  161 46   3.94 0.00  0.0    4  2.1  1.5      2574
 *** DISTANCE & RESIDUAL WEIGHTING CANCELLED FOR EVENT: 2021  4 13  9 29
 2575 2021- 4-13  9:28     - 55 54  162 17   2.96 0.36  0.0    4 13.6 29.3      2575
 2576 2021- 4-13  9:51     - 54 53  161 18  32.38 0.16  0.0    8 14.1  0.8      2576
 2577 2021- 4-13  9:52     - 54 47  161  7  32.77 0.47  0.0    7 33.4 40.9      2577
 *** DISTANCE & RESIDUAL WEIGHTING CANCELLED FOR EVENT: 2021  4 13 10 46
 2578 2021- 4-13 10:46     # 55 23  161 53   9.10 0.32  0.0    4  6.0 19.4      2578
 *** DISTANCE & RESIDUAL WEIGHTING CANCELLED FOR EVENT: 2021  4 13 12 15
 2579 2021- 4-13 12:15     # 55 32  161 23   3.00 0.53  0.0    4  8.4  6.7      2579
 2580 2021- 4-13 12:44     - 55  6  161 16   8.14 0.04  0.0    4 10.0 10.1      2580
  SEQ ---DATE--- TIME REMARK -LAT-  --LON-  DEPTH  RMS PMAG  NUM  ERH  ERZ  ID
 2581 2021- 4-13 14:15     - 55  4  161 22   1.68 0.12  0.0    5 12.5  3.8      2581
 2582 2021- 4-13 14:40       55 31  161 49  31.16 0.10  0.0    6  3.0  2.3      2582
 2583 2021- 4-13 15:59     - 55 22  162 47   3.04 0.13  0.0    4  6.4 16.3      2583
 *** DISTANCE & RESIDUAL WEIGHTING CANCELLED FOR EVENT: 2021  4 13 18 51
 2584 2021- 4-13 18:50     - 55 55  161 41   3.00 1.16  0.0    4 41.1 88.8      2584
 2585 2021- 4-13 19:05     - 54 38  161 16   2.94 0.15  0.0   15  6.0 12.6      2585
 2586 2021- 4-13 19:12     - 55 39  161 42   1.79 0.16  0.0   10  1.3 16.0      2586
 2587 2021- 4-13 20:25     - 55 29  161  2   3.00 0.09  0.0    6 13.6 14.1      2587
 2588 2021- 4-13 20:25     - 55 28  161 30   2.99 0.09  0.0    4 11.5 14.2      2588
 2589 2021- 4-13 22:48       55 20  161 52  17.36 0.11  0.0    5  3.7  1.5      2589
 2590 2021- 4-14  0:37     - 55 24  161 56   2.99 0.07  0.0    4  1.4 11.2      2590
 2591 2021- 4-14  1:31     - 55  8  161 16   9.39 0.13  0.0    4 12.1 11.4      2591
 2592 2021- 4-14  2:50     - 55  1  161 14  32.75 0.22  0.0    8 17.1  1.3      2592
 2593 2021- 4-14  2:50     - 54 50  160 59  29.15 0.13  0.0    9 12.7  1.8      2593
 2594 2021- 4-14  4:02     - 55 12  161 26  11.43 0.14  0.0    4  4.7 11.7      2594
 *** DISTANCE & RESIDUAL WEIGHTING CANCELLED FOR EVENT: 2021  4 14  4  2
 2595 2021- 4-14  4:02     - 54 53  160 55   3.00 0.68  0.0    4 46.5 57.5      2595
  SEQ ---DATE--- TIME REMARK -LAT-  --LON-  DEPTH  RMS PMAG  NUM  ERH  ERZ  ID
 2596 2021- 4-14  4:21     - 55  2  161 27   0.11 0.21  0.0    8 14.4  3.4      2596
 2597 2021- 4-14  4:21     - 55  3  161 21   3.01 0.10  0.0    7 13.6 14.7      2597
 *** DISTANCE & RESIDUAL WEIGHTING CANCELLED FOR EVENT: 2021  4 14  5 25
 2598 2021- 4-14  5:25     - 55 16  162  9   3.00 0.20  0.0    4  2.4 20.1      2598
 *** DISTANCE & RESIDUAL WEIGHTING CANCELLED FOR EVENT: 2021  4 14  5 58
 2599 2021- 4-14  5:58     - 55 29  160 57   3.00 1.00  0.0    5 34.7 74.0      2599
 2600 2021- 4-14  6:13     - 55 22  161  4   3.07 0.09  0.0    6  6.0 13.3      2600
 2601 2021- 4-14  6:14       55 22  161 50  35.12 0.08  0.0    5  4.6  3.6      2601
 2602 2021- 4-14  6:18     - 55 36  162  6   0.35 0.89  0.0    4 75.5 61.5      2602
 *** DISTANCE & RESIDUAL WEIGHTING CANCELLED FOR EVENT: 2021  4 14  7  9
 2603 2021- 4-14  7:09     # 55 24  161 47  21.89 0.92  0.0    4 32.2 20.3      2603
 *** DISTANCE & RESIDUAL WEIGHTING CANCELLED FOR EVENT: 2021  4 14  7 29
 2604 2021- 4-14  7:29     - 55 39  162 27   3.14 0.20  0.0    4  3.5 20.2      2604
 2605 2021- 4-14  7:29     - 55 38  162 59   2.82 0.31  0.0    5 11.9 25.8      2605
 *** DISTANCE & RESIDUAL WEIGHTING CANCELLED FOR EVENT: 2021  4 14  7 52
 2606 2021- 4-14  7:51     - 55 40  162 25   3.00 0.23  0.0    4  6.0 23.0      2606
 2607 2021- 4-14  7:59     - 55 23  162  9   3.16 0.04  0.0    4  2.1 12.8      2607
 2608 2021- 4-14  8:00     # 55 21  161 58   0.09 0.22  0.0    4  5.3 11.6      2608
 2609 2021- 4-14  9:06     - 55 28  162 16   3.03 0.10  0.0    4  2.4 14.2      2609
 2610 2021- 4-14 11:29     - 54 34  162  3   3.00 0.19  0.0    6  8.4 18.0      2610
  SEQ ---DATE--- TIME REMARK -LAT-  --LON-  DEPTH  RMS PMAG  NUM  ERH  ERZ  ID
 2611 2021- 4-14 11:45     - 55 13  161  3   3.01 0.11  0.0    7 12.0 15.3      2611
 2612 2021- 4-14 11:45     - 55  5  160  1   2.72 0.24  0.0    9 16.1 12.0      2612
 2613 2021- 4-14 12:34     - 54 48  160 60  26.94 0.20  0.0   10 16.8  3.3      2613
 2614 2021- 4-14 12:34     - 54 42  160 60  34.60 0.37  0.0    8 20.8 25.7      2614
 2615 2021- 4-14 15:29     - 54 58  160 39   3.00 0.20  0.0    9 18.4 20.5      2615
 2616 2021- 4-14 15:29     - 54 54  160  3  19.02 0.17  0.0    9 16.5  4.6      2616
 2617 2021- 4-14 15:33     - 54 26  161 47   2.80 0.37  0.0    5 13.9 30.4      2617
 2618 2021- 4-14 15:49     - 54 39  161 49   2.94 0.22  0.0    5  8.0 20.7      2618
 2619 2021- 4-14 15:59     - 55 21  163  9   3.00 0.16  0.0    4 13.8 18.3      2619
 2620 2021- 4-14 16:19     - 55 10  163 11   4.15 0.65  0.0    6 19.4 39.4      2620
 2621 2021- 4-14 16:19     - 55 27  161 57  37.97 0.40  0.0    5 10.4 33.8      2621
 2622 2021- 4-14 18:14     - 54 59  162 22   5.19 0.02  0.0    4 12.3  2.2      2622
 2623 2021- 4-14 18:14     - 54 59  162 19   0.89 0.10  0.0    4  5.1 14.0      2623
 2624 2021- 4-14 18:31       55  8  161 54  22.59 0.01  0.0    4  7.4  5.3      2624
 2625 2021- 4-14 20:23     - 55  6  161 21  11.41 0.18  0.0    4 14.6 15.3      2625
  SEQ ---DATE--- TIME REMARK -LAT-  --LON-  DEPTH  RMS PMAG  NUM  ERH  ERZ  ID
 2626 2021- 4-14 20:23     - 54 56  161 15  68.23 0.13  0.0    4 13.9  7.8      2626
 2627 2021- 4-14 20:54     - 54 45  161 32   3.00 0.12  0.0    4 11.7 15.7      2627
 2628 2021- 4-14 21:41       55  6  161 49  22.58 0.05  0.0    5  3.5  2.7      2628
 2629 2021- 4-14 23:52     - 54 34  161  6   2.77 0.14  0.0    7  7.3 15.5      2629
 2630 2021- 4-15  1:35     - 54 56  162 17   5.36 0.03  0.0    5  7.2  5.8      2630
 2631 2021- 4-15  4:55     - 55 24  161 57   2.98 0.02  0.0    4  1.5 10.7      2631
 2632 2021- 4-15  7:31     - 55 14  161 35   2.49 0.17  0.0    4  4.5 18.9      2632
 2633 2021- 4-15  9:18       55 14  161 15  26.43 0.32  0.0   10  4.9  7.1      2633
 2634 2021- 4-15  9:18     - 55 14  161 48   2.48 0.01  0.0    4  3.0  9.5      2634
 *** DISTANCE & RESIDUAL WEIGHTING CANCELLED FOR EVENT: 2021  4 15 19 27
 2635 2021- 4-15 19:27     - 55  1  163 29   3.01 0.23  0.0    4  9.6 21.0      2635
 2636 2021- 4-15 20:46       55 15  161 34  30.42 0.13  0.0    6  3.2  2.4      2636
 *** DISTANCE & RESIDUAL WEIGHTING CANCELLED FOR EVENT: 2021  4 15 22  7
 2637 2021- 4-15 22:07     # 54 59  162 19   6.67 1.59  0.0    4 31.6 36.7      2637
 2638 2021- 4-15 22:24     - 54 43  160 46   2.74 0.20  0.0   19  7.9 16.8      2638
 2639 2021- 4-15 22:26     - 54 52  160 32   2.74 0.09  0.0    5  6.2 13.4      2639
 2640 2021- 4-15 23:32     - 55  2  161 32  18.05 0.18  0.0    5 15.3  5.1      2640
 *** DISTANCE & RESIDUAL WEIGHTING CANCELLED FOR EVENT: 2021  4 15 23 33
  SEQ ---DATE--- TIME REMARK -LAT-  --LON-  DEPTH  RMS PMAG  NUM  ERH  ERZ  ID
 2641 2021- 4-15 23:32     - 54 48  162 30   3.00 0.71  0.0    4 53.9 59.4      2641
 2642 2021- 4-16  0:06     - 55 24  161 45   7.44 0.01  0.0    4  7.9  5.4      2642
 2643 2021- 4-16  2:36     - 54 30  161 42   1.64 0.14  0.0    7  7.2 15.0      2643
 *** DISTANCE & RESIDUAL WEIGHTING CANCELLED FOR EVENT: 2021  4 16  4 28
 2644 2021- 4-16  4:28     # 55 10  161 31   2.98 0.45  0.0    4 21.8  4.4      2644
 *** DISTANCE & RESIDUAL WEIGHTING CANCELLED FOR EVENT: 2021  4 16  4 28
 2645 2021- 4-16  4:28     - 54 28  161 56   4.06 0.40  0.0    4 21.6 31.8      2645
 2646 2021- 4-16  5:13     - 55 33  162 18   3.23 0.13  0.0    5  2.7 14.9      2646
 2647 2021- 4-16  6:08     - 54 48  161  6   3.20 0.22  0.0   17  6.9 14.5      2647
 *** DISTANCE & RESIDUAL WEIGHTING CANCELLED FOR EVENT: 2021  4 16  7 37
 2648 2021- 4-16  7:37     - 55  1  162 40   8.87 1.63  0.0    4 37.1 96.8      2648
 2649 2021- 4-16 13:02     - 55  2  161 37  29.59 0.06  0.0    5 11.7  5.1      2649
 2650 2021- 4-16 13:03     - 54 58  161 21  59.44 0.11  0.0    4 14.3 11.4      2650
 *** DISTANCE & RESIDUAL WEIGHTING CANCELLED FOR EVENT: 2021  4 16 13  3
 2651 2021- 4-16 13:03     # 55 14  162  8   3.00 1.15  0.0    4  9.8  7.3      2651
 2652 2021- 4-16 14:18     - 54 51  163 24   2.91 0.01  0.0    4  5.2 11.4      2652
 *** DISTANCE & RESIDUAL WEIGHTING CANCELLED FOR EVENT: 2021  4 16 14 59
 2653 2021- 4-16 14:58     - 55  1  162 53   3.37 0.17  0.0    4  8.0 17.3      2653
 *** DISTANCE & RESIDUAL WEIGHTING CANCELLED FOR EVENT: 2021  4 16 16  0
 2654 2021- 4-16 15:59     # 55 27  162 26   2.94 0.42  0.0    5  7.4  3.1      2654
 2655 2021- 4-16 16:51     - 55 20  162  5   0.96 0.23  0.0    5  1.1 21.3      2655
  SEQ ---DATE--- TIME REMARK -LAT-  --LON-  DEPTH  RMS PMAG  NUM  ERH  ERZ  ID
 2656 2021- 4-16 18:38     - 54 57  161 44   3.23 0.08  0.0    4  4.4 13.7      2656
 *** DISTANCE & RESIDUAL WEIGHTING CANCELLED FOR EVENT: 2021  4 16 19 12
 2657 2021- 4-16 19:12     # 55 24  161 58  10.10 1.16  0.0    4  8.2 20.7      2657
 *** DISTANCE & RESIDUAL WEIGHTING CANCELLED FOR EVENT: 2021  4 16 19 45
 2658 2021- 4-16 19:45     - 55 15  162 12   3.00 0.60  0.0    4  4.9 51.0      2658
 *** DISTANCE & RESIDUAL WEIGHTING CANCELLED FOR EVENT: 2021  4 16 19 46
 2659 2021- 4-16 19:46     # 55 16  162 10   3.02 0.48  0.0    5  2.3 19.2      2659
 2660 2021- 4-16 20:51     - 54 55  162  9   1.01 0.25  0.0    4  6.3 23.8      2660
 *** DISTANCE & RESIDUAL WEIGHTING CANCELLED FOR EVENT: 2021  4 16 20 51
 2661 2021- 4-16 20:51     - 54 51  162  1   6.63 0.37  0.0    5 23.1 32.9      2661
 *** DISTANCE & RESIDUAL WEIGHTING CANCELLED FOR EVENT: 2021  4 16 21  7
 2662 2021- 4-16 21:06     - 55 23  161 60   3.36 0.34  0.0    4  3.1 27.9      2662
 *** DISTANCE & RESIDUAL WEIGHTING CANCELLED FOR EVENT: 2021  4 17  0  0
 2663 2021- 4-16 23:59     - 55 14  162  8   3.02 0.74  0.0    5  5.2 45.8      2663
 2664 2021- 4-17  0:33     - 54 38  160 48  13.51 0.22  0.0   14  9.4 19.2      2664
 2665 2021- 4-17  1:13     - 54 53  160 58   2.92 0.28  0.0   18  9.2 19.3      2665
 2666 2021- 4-17  1:26     - 54 52  160 29   3.51 0.21  0.0   16  8.6 18.4      2666
 2667 2021- 4-17  1:36     - 55 19  161 51  14.31 0.04  0.0    4 12.0  8.2      2667
 2668 2021- 4-17  2:20     # 55 46  161 45   5.01 0.17  0.0    7  5.3  5.3      2668
 *** DISTANCE & RESIDUAL WEIGHTING CANCELLED FOR EVENT: 2021  4 17  2 23
 2669 2021- 4-17  2:23     - 55  7  161 37  24.10 0.36  0.0    5 24.0  7.8      2669
 2670 2021- 4-17  4:09     - 54 30  161 42   2.88 0.37  0.0    6 13.4 29.0      2670
  SEQ ---DATE--- TIME REMARK -LAT-  --LON-  DEPTH  RMS PMAG  NUM  ERH  ERZ  ID
 2671 2021- 4-17  4:19     - 55 18  161 38   1.70 0.12  0.0    5  3.4 12.9      2671
 2672 2021- 4-17  4:19     - 55 22  161 48  10.32 0.03  0.0    4 12.5  1.4      2672
 *** DISTANCE & RESIDUAL WEIGHTING CANCELLED FOR EVENT: 2021  4 17  4 24
 2673 2021- 4-17  4:24     # 54 57  162  4   2.14 0.23  0.0    4 14.9  4.0      2673
 2674 2021- 4-17  4:24     - 54 42  163  6   1.00 0.59  0.0    7 20.8 45.7      2674
 *** DISTANCE & RESIDUAL WEIGHTING CANCELLED FOR EVENT: 2021  4 17  5 28
 2675 2021- 4-17  5:28     - 55 17  162  8   0.09 0.25  0.0    4 18.8 24.0      2675
 2676 2021- 4-17  5:53     - 55 27  162 57   0.01 0.47  0.0    4 17.6 37.3      2676
 2677 2021- 4-17  6:49       55 23  161 38  14.33 0.08  0.0    6  4.3  3.1      2677
 2678 2021- 4-17  7:53     - 54 47  161  2  32.57 0.21  0.0    9 19.5 21.4      2678
 2679 2021- 4-17  7:53       54 55  161 29  23.63 0.04  0.0    6  8.5  2.4      2679
 2680 2021- 4-17  7:58     - 54 37  160 47  21.92 0.16  0.0   10 16.2  5.3      2680
 *** DISTANCE & RESIDUAL WEIGHTING CANCELLED FOR EVENT: 2021  4 17  7 58
 2681 2021- 4-17  7:58     # 54 55  162 14   0.75 1.08  0.0    5 47.3  8.2      2681
 2682 2021- 4-17  7:59     - 55 24  162 45   3.09 0.08  0.0    4  3.5 14.3      2682
 2683 2021- 4-17  8:02     - 54 35  161 29  33.88 0.18  0.0   15  1.4 17.0      2683
 2684 2021- 4-17  8:42     - 54 58  162 17   5.70 0.04  0.0    4  9.9  8.1      2684
 2685 2021- 4-17  8:42     - 54 59  162 19   0.01 0.01  0.0    4  2.0 12.1      2685
  SEQ ---DATE--- TIME REMARK -LAT-  --LON-  DEPTH  RMS PMAG  NUM  ERH  ERZ  ID
 2686 2021- 4-17  8:42     - 54 37  160 50  21.40 0.16  0.0    9 15.1 17.0      2686
 2687 2021- 4-17  8:43       55 11  162  5  10.15 0.05  0.0    5  1.1  2.9      2687
 2688 2021- 4-17  9:10       55 19  161 55  14.31 0.00  0.0    4  6.2  1.8      2688
 *** DISTANCE & RESIDUAL WEIGHTING CANCELLED FOR EVENT: 2021  4 17  9 28
 2689 2021- 4-17  9:28     # 55 21  161 51   5.56 0.26  0.0    4  5.8 11.3      2689
 *** DISTANCE & RESIDUAL WEIGHTING CANCELLED FOR EVENT: 2021  4 17  9 28
 2690 2021- 4-17  9:28     - 55 20  161 43   0.03 0.13  0.0    4  7.7 16.6      2690
 2691 2021- 4-17  9:35     - 54 50  161 15  28.09 0.11  0.0    9 12.6  1.8      2691
 2692 2021- 4-17  9:35     - 54 41  161 20  17.51 0.26  0.0    5 20.2 23.9      2692
 2693 2021- 4-17  9:37     - 54 51  161 18  30.65 0.29  0.0    9 21.7  1.9      2693
 2694 2021- 4-17  9:38       54 56  161 30  22.95 0.08  0.0    8  5.1  2.2      2694
 2695 2021- 4-17  9:40     - 55 18  161 41   5.73 0.01  0.0    4  9.5  1.2      2695
 2696 2021- 4-17  9:40     - 55 11  162 21   2.72 0.10  0.0    4 11.4  9.3      2696
 2697 2021- 4-17  9:51     - 54 38  160 53  34.80 0.19  0.0   10 16.8 19.2      2697
 2698 2021- 4-17  9:51       54 57  161 31  23.82 0.06  0.0    8  4.2  1.7      2698
 2699 2021- 4-17  9:55     - 54 52  161 11  10.25 0.20  0.0    7 15.9 18.6      2699
 *** DISTANCE & RESIDUAL WEIGHTING CANCELLED FOR EVENT: 2021  4 17  9 55
 2700 2021- 4-17  9:55     - 55  3  162  2   4.53 0.13  0.0    4 11.6  2.5      2700
  SEQ ---DATE--- TIME REMARK -LAT-  --LON-  DEPTH  RMS PMAG  NUM  ERH  ERZ  ID
 2701 2021- 4-17  9:56       55 21  161 49  10.13 0.06  0.0    5  1.8  1.2      2701
 2702 2021- 4-17 11:36     - 54 41  161  2  20.37 0.17  0.0   10  6.3 17.0      2702
 *** DISTANCE & RESIDUAL WEIGHTING CANCELLED FOR EVENT: 2021  4 17 11 37
 2703 2021- 4-17 11:37     # 55 13  162  4   1.59 0.88  0.0    8  3.9  7.3      2703
 *** DISTANCE & RESIDUAL WEIGHTING CANCELLED FOR EVENT: 2021  4 17 11 50
 2704 2021- 4-17 11:50     - 55  9  161 58   2.69 0.26  0.0    4  5.6 21.8      2704
 2705 2021- 4-17 12:17     - 55 16  160 30   2.75 0.29  0.0   11 11.4 24.4      2705
 *** DISTANCE & RESIDUAL WEIGHTING CANCELLED FOR EVENT: 2021  4 17 16  0
 2706 2021- 4-17 15:59     # 55 39  162  9   3.00 6.43  0.0    5 61.7 77.4      2706
 2707 2021- 4-17 16:10     - 54 43  160 46   2.95 0.19  0.0   19  7.7 16.5      2707
 2708 2021- 4-17 16:11     # 54 27  163  9   0.06 0.29  0.0    9  8.8 16.3      2708
 2709 2021- 4-17 16:53     - 55  9  160 50   3.00 0.17  0.0    7 16.6 18.7      2709
 2710 2021- 4-17 16:53     - 56  3  162 17   3.01 0.06  0.0    4  5.6 12.1      2710
 *** DISTANCE & RESIDUAL WEIGHTING CANCELLED FOR EVENT: 2021  4 17 16 53
 2711 2021- 4-17 16:53     - 54 40  163 58   3.00 0.63  0.0    4 47.9 51.6      2711
 2712 2021- 4-17 17:39     - 54 51  161 23   4.39 0.16  0.0    8  7.4 16.0      2712
 2713 2021- 4-17 17:39     - 55 10  161 58   0.36 0.07  0.0    4  0.6 10.3      2713
 2714 2021- 4-17 18:17     - 54 60  162 18   0.02 0.09  0.0    5  1.1 14.4      2714
 2715 2021- 4-17 18:17     - 54 43  162 51   1.84 0.21  0.0    4 18.2 21.1      2715
  SEQ ---DATE--- TIME REMARK -LAT-  --LON-  DEPTH  RMS PMAG  NUM  ERH  ERZ  ID
 2716 2021- 4-17 18:50     - 54 50  161 29   2.64 0.18  0.0    7  7.3 14.9      2716
 2717 2021- 4-17 18:51     - 55 10  161 58   2.96 0.03  0.0    5  2.7 11.0      2717
 2718 2021- 4-17 20:31     - 54 52  161  4  32.90 0.24  0.0   11 17.0 23.8      2718
 2719 2021- 4-17 20:31     - 54 40  160 29  17.36 0.21  0.0   10 15.9  4.9      2719
 *** DISTANCE & RESIDUAL WEIGHTING CANCELLED FOR EVENT: 2021  4 17 22 13
 2720 2021- 4-17 22:13     # 55 24  161 52   9.87 0.97  0.0    6  8.1 11.8      2720
 2721 2021- 4-17 23:04     - 54 37  161 17  33.07 0.20  0.0   10  2.1 20.8      2721
 2722 2021- 4-17 23:07       55 31  161 26  17.34 0.13  0.0    7  4.7  3.9      2722
 2723 2021- 4-17 23:07     # 55 41  161 38   0.02 0.17  0.0    4  4.7  8.6      2723
 2724 2021- 4-18  1:07     - 54 56  161 19  27.80 0.20  0.0    9 16.6  7.0      2724
 2725 2021- 4-18  1:08     - 54 55  161 17   3.01 0.28  0.0    4 20.8 26.0      2725
 2726 2021- 4-18  1:12     - 54 46  161  3  26.92 0.10  0.0    9 13.2  2.5      2726
 2727 2021- 4-18  1:12     - 54 54  161 20   5.96 0.13  0.0    7  9.5 16.4      2727
 *** DISTANCE & RESIDUAL WEIGHTING CANCELLED FOR EVENT: 2021  4 18  2  9
 2728 2021- 4-18  2:09     # 54 59  162 16   2.97 1.23  0.0    4 38.2 29.7      2728
 2729 2021- 4-18  2:19     - 55 12  162  9   3.02 0.05  0.0    4  1.4 13.1      2729
 2730 2021- 4-18  3:52       54 45  160 25   5.57 0.18  0.0   17  3.5  4.8      2730
  SEQ ---DATE--- TIME REMARK -LAT-  --LON-  DEPTH  RMS PMAG  NUM  ERH  ERZ  ID
 2731 2021- 4-18  4:29     - 54 44  161 40   3.00 0.06  0.0    6  9.6 13.5      2731
 2732 2021- 4-18  4:29     - 54 54  161 51   1.34 0.03  0.0    5  7.1 10.1      2732
 *** DISTANCE & RESIDUAL WEIGHTING CANCELLED FOR EVENT: 2021  4 18  5 45
 2733 2021- 4-18  5:45     - 55 21  161 32   2.39 0.24  0.0    4  8.8 19.0      2733
 2734 2021- 4-18  7:30       55 29  161 50  27.08 0.08  0.0    6  1.0  1.1      2734
 2735 2021- 4-18  7:34       55 28  161 49  28.73 0.12  0.0   10  2.0  1.2      2735
 2736 2021- 4-18  7:35       55 27  161 59  31.08 0.13  0.0    7  3.5  3.1      2736
 *** DISTANCE & RESIDUAL WEIGHTING CANCELLED FOR EVENT: 2021  4 18  7 37
 2737 2021- 4-18  7:37     - 55 10  162 11   0.85 0.82  0.0    4 28.5 46.9      2737
 *** DISTANCE & RESIDUAL WEIGHTING CANCELLED FOR EVENT: 2021  4 18  7 38
 2738 2021- 4-18  7:38     - 54 53  162 36   3.01 0.70  0.0    5 55.6  9.1      2738
 2739 2021- 4-18  7:48     - 55  2  163 19   0.54 0.04  0.0    4  6.0 11.5      2739
 *** DISTANCE & RESIDUAL WEIGHTING CANCELLED FOR EVENT: 2021  4 18  8 30
 2740 2021- 4-18  8:30     # 55 18  161 57  25.12 0.77  0.0    4 37.6  7.9      2740
 2741 2021- 4-18  9:38     - 54 36  161 18   3.04 0.16  0.0   17  6.5 13.7      2741
 *** DISTANCE & RESIDUAL WEIGHTING CANCELLED FOR EVENT: 2021  4 18 10 19
 2742 2021- 4-18 10:18     - 55 53  162  9   3.00 0.52  0.0    4 18.9 40.7      2742
 2743 2021- 4-18 10:21     - 54 55  161  5  29.48 0.21  0.0   10 17.6  2.5      2743
 2744 2021- 4-18 10:21     - 54 43  160 52  39.34 0.44  0.0    9 35.0 16.4      2744
 2745 2021- 4-18 11:29     - 54 42  160 51   3.93 0.10  0.0    7  6.4 13.5      2745
  SEQ ---DATE--- TIME REMARK -LAT-  --LON-  DEPTH  RMS PMAG  NUM  ERH  ERZ  ID
 2746 2021- 4-18 11:38     - 54 51  161 24   2.73 0.11  0.0    5  6.5 13.7      2746
 2747 2021- 4-18 11:38     - 55  5  161 47   1.05 0.03  0.0    4  1.8  9.0      2747
 2748 2021- 4-18 12:05     - 54 31  161 46   3.63 0.50  0.0   18 16.6 35.3      2748
 2749 2021- 4-18 12:38     - 54 50  161 18  36.84 0.23  0.0    9 20.3  9.0      2749
 2750 2021- 4-18 12:38     - 55 13  162  7   1.52 0.26  0.0    4  3.5 22.0      2750
 2751 2021- 4-18 13:28     - 55 13  161  5   3.00 0.35  0.0    7 29.4 31.3      2751
 2752 2021- 4-18 13:28     - 55  7  162  6  41.63 0.06  0.0    5  7.5  9.9      2752
 *** DISTANCE & RESIDUAL WEIGHTING CANCELLED FOR EVENT: 2021  4 18 14 25
 2753 2021- 4-18 14:24     # 55 13  162 40   1.63 0.42  0.0    6  8.9  8.9      2753
 2754 2021- 4-18 14:33     - 55  1  161 20  20.08 0.21  0.0    5 17.3 11.1      2754
 *** DISTANCE & RESIDUAL WEIGHTING CANCELLED FOR EVENT: 2021  4 18 14 34
 2755 2021- 4-18 14:34     - 55  7  161 30  29.65 0.12  0.0    4 12.0 10.2      2755
 2756 2021- 4-18 14:42     - 55 24  161 45  50.18 0.03  0.0    4 12.5  3.2      2756
 *** DISTANCE & RESIDUAL WEIGHTING CANCELLED FOR EVENT: 2021  4 18 14 42
 2757 2021- 4-18 14:42     # 55 15  162  2  18.90 0.01  0.0    4  1.1  1.7      2757
 2758 2021- 4-18 15:03     - 55 23  161 43   0.15 0.11  0.0    4  5.2 14.9      2758
 2759 2021- 4-18 15:04     - 55 23  161  3  32.77 0.14  0.0    4 16.3  1.7      2759
 *** DISTANCE & RESIDUAL WEIGHTING CANCELLED FOR EVENT: 2021  4 18 15 39
 2760 2021- 4-18 15:39     # 54 51  161 29  23.70 0.00  0.0    4  3.5  5.6      2760
  SEQ ---DATE--- TIME REMARK -LAT-  --LON-  DEPTH  RMS PMAG  NUM  ERH  ERZ  ID
 2761 2021- 4-18 15:39     - 55 18  161 55   1.48 0.13  0.0    4  4.4 14.1      2761
 2762 2021- 4-18 15:48     - 55 56  162 40   3.42 0.18  0.0   12  7.9 16.8      2762
 2763 2021- 4-18 15:48     - 55 11  163 13   3.73 0.21  0.0    7  7.9 16.8      2763
 2764 2021- 4-18 15:54     - 54 38  161 41   3.00 0.14  0.0   13  5.8 12.3      2764
 *** DISTANCE & RESIDUAL WEIGHTING CANCELLED FOR EVENT: 2021  4 18 15 55
 2765 2021- 4-18 15:54     # 55 31  161 18   3.00 0.82  0.0    4 17.2 18.2      2765
 *** DISTANCE & RESIDUAL WEIGHTING CANCELLED FOR EVENT: 2021  4 18 16  0
 2766 2021- 4-18 15:59     - 55 16  162 16  62.78 0.44  0.0    4 11.5 27.6      2766
 2767 2021- 4-18 17:21     - 54 36  162 50   3.05 0.06  0.0    6  5.6 12.3      2767
 2768 2021- 4-18 17:44     - 55 10  161  2  10.20 0.21  0.0   10 15.1 18.6      2768
 2769 2021- 4-18 17:44       55 19  161 25   2.48 0.07  0.0    6  3.1  4.0      2769
 2770 2021- 4-18 19:06     - 55 19  161 12   5.64 0.32  0.0    8 10.2 24.5      2770
 2771 2021- 4-18 19:06       55 22  161 29  21.08 0.09  0.0    5  4.4  2.5      2771
 *** DISTANCE & RESIDUAL WEIGHTING CANCELLED FOR EVENT: 2021  4 18 20 42
 2772 2021- 4-18 20:42     - 55 30  163  5   3.00 0.59  0.0    4 21.2 45.9      2772
 2773 2021- 4-18 21:01     - 55 10  163  9   2.90 0.02  0.0    5  5.4 11.2      2773
 2774 2021- 4-18 21:01     - 54 45  161 18   2.31 0.20  0.0   12  8.1 17.1      2774
 *** DISTANCE & RESIDUAL WEIGHTING CANCELLED FOR EVENT: 2021  4 18 22 58
 2775 2021- 4-18 22:58     - 55  9  163  9   3.22 0.52  0.0    5 19.3 40.0      2775
  SEQ ---DATE--- TIME REMARK -LAT-  --LON-  DEPTH  RMS PMAG  NUM  ERH  ERZ  ID
 2776 2021- 4-19  1:22     - 55 11  160 55  31.42 0.18  0.0    8 15.2  1.7      2776
 2777 2021- 4-19  1:22     - 55 56  162 29   6.05 0.16  0.0    5 14.8 18.0      2777
 *** DISTANCE & RESIDUAL WEIGHTING CANCELLED FOR EVENT: 2021  4 19  1 44
 2778 2021- 4-19  1:44     - 55 17  161 50  10.23 0.19  0.0    4 14.1 11.6      2778
 2779 2021- 4-19  4:43     # 55  5  162  9  32.00 1.60  0.0    6 42.9 68.3      2779
 *** DISTANCE & RESIDUAL WEIGHTING CANCELLED FOR EVENT: 2021  4 19  4 43
 2780 2021- 4-19  4:43     - 54 60  162 26   3.00 0.66  0.0    4 49.4 55.2      2780
 2781 2021- 4-19  7:26     - 55  8  162  7  29.66 0.05  0.0    4 11.3  6.8      2781
 2782 2021- 4-19  9:55     - 55 24  162 22   2.96 0.09  0.0    5  1.8 14.2      2782
 2783 2021- 4-19 10:24     - 54 58  162 24  25.23 0.04  0.0    5  7.0  9.2      2783
 2784 2021- 4-19 10:24     - 55  1  162 19  17.69 0.06  0.0    4  6.6  8.4      2784
 *** DISTANCE & RESIDUAL WEIGHTING CANCELLED FOR EVENT: 2021  4 19 11 17
 2785 2021- 4-19 11:17     - 55 44  162  9   3.00 0.53  0.0    4 20.1 41.6      2785
 *** DISTANCE & RESIDUAL WEIGHTING CANCELLED FOR EVENT: 2021  4 19 11 20
 2786 2021- 4-19 11:20     - 55 25  162 18   3.00 0.63  0.0    4  8.7 53.0      2786
 *** DISTANCE & RESIDUAL WEIGHTING CANCELLED FOR EVENT: 2021  4 19 12  1
 2787 2021- 4-19 12:01     - 55 28  162 28   1.68 0.82  0.0    5 10.6 69.3      2787
 2788 2021- 4-19 12:06     - 54 57  162 15   0.48 0.04  0.0    5  1.6 12.8      2788
 *** DISTANCE & RESIDUAL WEIGHTING CANCELLED FOR EVENT: 2021  4 19 12  6
 2789 2021- 4-19 12:06     - 54 44  162 42   3.00 0.47  0.0    4 36.3 38.7      2789
 *** DISTANCE & RESIDUAL WEIGHTING CANCELLED FOR EVENT: 2021  4 19 12 41
 2790 2021- 4-19 12:41     - 55 32  161 33   2.75 0.39  0.0    4 24.5 28.7      2790
 *** DISTANCE & RESIDUAL WEIGHTING CANCELLED FOR EVENT: 2021  4 19 13 26
  SEQ ---DATE--- TIME REMARK -LAT-  --LON-  DEPTH  RMS PMAG  NUM  ERH  ERZ  ID
 2791 2021- 4-19 13:26     - 55 10  161 23   3.00 0.74  0.0    4 46.1 14.0      2791
 2792 2021- 4-19 13:41     - 54 48  160 58   3.00 0.17  0.0   10 14.6 18.8      2792
 2793 2021- 4-19 13:41     - 54 51  161 24  57.84 0.14  0.0    6 12.3  4.9      2793
 *** DISTANCE & RESIDUAL WEIGHTING CANCELLED FOR EVENT: 2021  4 19 16  0
 2794 2021- 4-19 15:59     - 55 21  162 10   3.00 0.66  0.0    4  9.4 42.6      2794
 2795 2021- 4-19 17:30     - 54 59  163 31   2.84 0.02  0.0    4  5.3 11.4      2795
 2796 2021- 4-19 18:32     - 54 49  161 16  33.25 0.21  0.0   10 14.8 18.0      2796
 2797 2021- 4-19 18:33     - 55  8  161 50   2.73 0.63  0.0    5  6.1 49.2      2797
 2798 2021- 4-19 19:54       55  2  161 46  32.44 0.05  0.0    6  3.3  1.9      2798
 2799 2021- 4-19 21:14     - 54 26  162 11   0.05 0.48  0.0   11 17.1 37.3      2799
 2800 2021- 4-19 21:14     - 54 60  162 10   3.59 0.07  0.0    7 13.2  1.4      2800
 2801 2021- 4-20  0:25     - 55  5  161 27  19.80 0.25  0.0    4 19.7 11.4      2801
 2802 2021- 4-20  1:28     - 54 39  161 23   3.00 0.17  0.0    9 13.4 18.6      2802
 2803 2021- 4-20  1:28     - 54 41  161 26   3.06 0.15  0.0    7  9.3 17.4      2803
 *** DISTANCE & RESIDUAL WEIGHTING CANCELLED FOR EVENT: 2021  4 20  1 42
 2804 2021- 4-20  1:42     - 55  2  163 23   1.88 0.28  0.0    4 11.4 24.2      2804
 2805 2021- 4-20  1:51     - 54 52  161  2   3.00 0.27  0.0   18  8.4 17.7      2805
 *** DISTANCE & RESIDUAL WEIGHTING CANCELLED FOR EVENT: 2021  4 20  6 49
  SEQ ---DATE--- TIME REMARK -LAT-  --LON-  DEPTH  RMS PMAG  NUM  ERH  ERZ  ID
 2806 2021- 4-20  6:49     # 55 17  161 39   5.50 0.00  0.0    4  3.7  0.8      2806
 2807 2021- 4-20  8:07     - 54 57  161 21  33.41 0.11  0.0    5 13.1 10.5      2807
 *** DISTANCE & RESIDUAL WEIGHTING CANCELLED FOR EVENT: 2021  4 20  8  7
 2808 2021- 4-20  8:07     # 55 12  161 56   3.02 0.77  0.0    6  6.9 29.1      2808
 2809 2021- 4-20 11:09     - 55  8  161 39  26.70 0.39  0.0    5 24.4  9.6      2809
 2810 2021- 4-20 11:09       55 20  161 39   5.95 0.00  0.0    4  6.3  0.5      2810
 2811 2021- 4-20 13:14     - 54 51  163 18   2.66 0.10  0.0    7  6.2 13.6      2811
 2812 2021- 4-20 15:05     - 55  3  163 40   2.98 0.02  0.0    4  5.3 11.4      2812
 2813 2021- 4-20 19:58     - 55 22  160 49  33.36 0.11  0.0   10 13.1 14.7      2813
 2814 2021- 4-20 19:58     - 55 17  161  9   3.03 0.27  0.0    7 19.6  1.7      2814
 2815 2021- 4-20 22:13     - 55 16  161 35   4.98 0.02  0.0    4  9.1  1.0      2815
 2816 2021- 4-20 22:13     - 55 11  161 10   3.13 0.04  0.0    4  4.7 12.0      2816
 2817 2021- 4-21  0:13     - 54 59  161 18  32.50 0.18  0.0    7 15.8  1.0      2817
 *** DISTANCE & RESIDUAL WEIGHTING CANCELLED FOR EVENT: 2021  4 21  0 13
 2818 2021- 4-21  0:13     # 55  7  161 47  34.43 0.79  0.0    7 19.7 13.5      2818
 2819 2021- 4-21  5:51     - 55 19  161 42   5.75 0.04  0.0    4  9.6  0.7      2819
 2820 2021- 4-21  7:59     - 54 42  161 17   3.07 0.12  0.0    6  8.1 14.4      2820
  SEQ ---DATE--- TIME REMARK -LAT-  --LON-  DEPTH  RMS PMAG  NUM  ERH  ERZ  ID
 2821 2021- 4-21 20:54     - 54 29  161 44   2.76 0.24  0.0   10  9.5 20.5      2821
 2822 2021- 4-21 22:14       54 35  162 24  19.07 0.16  0.0    7  2.2  7.7      2822
 2823 2021- 4-22  9:54     - 55 20  161 47   0.19 0.24  0.0    4  6.0 17.8      2823
 *** DISTANCE & RESIDUAL WEIGHTING CANCELLED FOR EVENT: 2021  4 22  9 54
 2824 2021- 4-22  9:54     # 55 20  161 54  19.30 0.43  0.0    4 12.0 12.5      2824
 2825 2021- 4-22 12:46     - 55 14  161 36   4.05 0.04  0.0    4 11.0  1.3      2825
 2826 2021- 4-22 22:41       55 19  161 46   7.89 0.17  0.0    4  8.7  5.9      2826
 2827 2021- 4-22 22:48     - 55 18  161 38   4.84 0.04  0.0    4  9.7  1.5      2827
 *** DISTANCE & RESIDUAL WEIGHTING CANCELLED FOR EVENT: 2021  4 22 22 49
 2828 2021- 4-22 22:48     - 55 13  161 54   3.00 0.66  0.0    4  9.6 47.3      2828
 2829 2021- 4-22 23:25     # 54 56  162 18   5.85 0.09  0.0    6  1.9  0.7      2829
 *** DISTANCE & RESIDUAL WEIGHTING CANCELLED FOR EVENT: 2021  4 22 23 29
 2830 2021- 4-22 23:29     - 55 19  161 46   6.03 0.10  0.0    4 11.8  2.5      2830
 2831 2021- 4-22 23:50     - 54 56  162 15   6.35 0.03  0.0    5  9.6  4.6      2831
 *** DISTANCE & RESIDUAL WEIGHTING CANCELLED FOR EVENT: 2021  4 23  0 10
 2832 2021- 4-23  0:10     # 55 22  161 50   6.82 0.35  0.0    4  9.6 11.3      2832
 2833 2021- 4-23  1:30     - 54 54  162 12   4.47 0.07  0.0    4 10.5  7.3      2833
 2834 2021- 4-23  2:03     - 55  1  163 18   2.93 0.42  0.0    6 16.1 33.5      2834
 2835 2021- 4-23  2:03     - 54 30  161 36   2.88 0.12  0.0    9  9.6 14.2      2835
 *** DISTANCE & RESIDUAL WEIGHTING CANCELLED FOR EVENT: 2021  4 23  5 36
  SEQ ---DATE--- TIME REMARK -LAT-  --LON-  DEPTH  RMS PMAG  NUM  ERH  ERZ  ID
 2836 2021- 4-23  5:36     # 55 17  161 49  14.60 0.71  0.0    5 13.1 13.8      2836
 2837 2021- 4-23  5:58     - 54 31  161 45   2.98 0.21  0.0    9  8.5 18.0      2837
 2838 2021- 4-23  7:11     - 55 31  161 34   2.74 0.48  0.0    5 26.8 31.9      2838
 2839 2021- 4-23  7:41     - 55  8  162 11   0.31 0.57  0.0    7  2.1 36.7      2839
 2840 2021- 4-23  7:41     - 54 40  162 41   3.03 0.21  0.0    5 19.1 20.1      2840
 2841 2021- 4-23  7:50       54 59  162 18   2.68 0.01  0.0    6  1.2  2.4      2841
 2842 2021- 4-23  7:50     - 54 57  162 16   0.00 0.44  0.0    5  3.7 37.0      2842
 *** DISTANCE & RESIDUAL WEIGHTING CANCELLED FOR EVENT: 2021  4 23  8 11
 2843 2021- 4-23  8:11     - 55  1  161 45   3.00 0.67  0.0    4 23.8 51.9      2843
 2844 2021- 4-23 11:41       54 56  162 13   2.90 0.12  0.0    5  1.9  4.8      2844
 2845 2021- 4-23 12:16     - 54 36  161 16   2.74 0.18  0.0   17  6.9 14.5      2845
 2846 2021- 4-23 13:04     - 55  6  163 39   2.96 0.03  0.0    4  5.4 11.5      2846
 2847 2021- 4-23 13:50     - 55 10  161 12   3.01 0.21  0.0    5 15.6 21.5      2847
 2848 2021- 4-23 13:50     # 55  7  161 14  54.05 0.53  0.0    7 29.0 12.5      2848
 2849 2021- 4-23 16:20     - 55  3  162  1   4.64 0.01  0.0    4 10.4  4.4      2849
 2850 2021- 4-23 17:36     - 55 11  163 23   0.03 0.87  0.0    9 29.9 61.5      2850
  SEQ ---DATE--- TIME REMARK -LAT-  --LON-  DEPTH  RMS PMAG  NUM  ERH  ERZ  ID
 2851 2021- 4-23 18:29     - 55 45  163 15   2.90 0.14  0.0    4  7.0 15.3      2851
 2852 2021- 4-23 18:49     - 55 11  161 54   2.70 0.03  0.0    4  2.9 12.5      2852
 2853 2021- 4-23 19:45     - 54 60  162 28  28.86 0.02  0.0    5  7.6  8.9      2853
 *** DISTANCE & RESIDUAL WEIGHTING CANCELLED FOR EVENT: 2021  4 23 19 46
 2854 2021- 4-23 19:45     - 54 43  162 56   3.00 2.16  0.0    4 97.3 97.3      2854
 2855 2021- 4-23 23:22     - 54 58  162  3   2.97 0.03  0.0    4  1.8 12.8      2855
 *** DISTANCE & RESIDUAL WEIGHTING CANCELLED FOR EVENT: 2021  4 24  0  0
 2856 2021- 4-23 23:59     - 55 39  163 35   3.00 0.77  0.0    5 59.1 65.2      2856
 2857 2021- 4-24  0:01     - 54 56  161 17  26.22 0.26  0.0    9 19.8 10.0      2857
 2858 2021- 4-24  0:01     - 54 32  160 37  42.43 0.48  0.0   10 31.0 23.8      2858
 2859 2021- 4-24  0:07     - 54 29  161 46   2.89 0.22  0.0   12  8.8 18.9      2859
 2860 2021- 4-24  0:34     - 54 55  161 57   3.97 0.09  0.0    5  9.9  9.5      2860
 2861 2021- 4-24  0:43     - 54 25  161 44   3.00 1.69  0.0    5 95.3 95.3      2861
 2862 2021- 4-24  1:52     # 54 51  162 12   0.19 0.14  0.0    9  8.1  1.7      2862
 2863 2021- 4-24  1:52     - 54 57  161 47   0.88 0.39  0.0    4 31.7  9.3      2863
 *** DISTANCE & RESIDUAL WEIGHTING CANCELLED FOR EVENT: 2021  4 24  8  0
 2864 2021- 4-24  7:59     - 55 28  161 51   3.00 2.73  0.0    4 90.5 40.2      2864
 2865 2021- 4-24  9:33     - 54 36  161 46   3.18 0.68  0.0   12 21.5 46.7      2865
  SEQ ---DATE--- TIME REMARK -LAT-  --LON-  DEPTH  RMS PMAG  NUM  ERH  ERZ  ID
 2866 2021- 4-24  9:58     - 55 24  162 45   6.67 0.22  0.0    8  2.1 22.0      2866
 2867 2021- 4-24 19:49     - 55 19  161 48   3.76 0.19  0.0    5 10.8 11.0      2867
 2868 2021- 4-25  0:01     - 54 34  162 31   2.80 0.17  0.0    7  8.7 17.2      2868
 *** DISTANCE & RESIDUAL WEIGHTING CANCELLED FOR EVENT: 2021  4 25  1 22
 2869 2021- 4-25  1:22     - 54 58  162  6   3.06 0.14  0.0    4 12.5  7.6      2869
 2870 2021- 4-25  1:44     - 54 42  161 22   2.87 0.24  0.0   17  7.4 15.5      2870
 2871 2021- 4-25  3:31     - 54 60  161  9  30.31 0.22  0.0    9 16.8  3.9      2871
 2872 2021- 4-25  3:31     - 54 58  161  1  23.19 0.23  0.0    8 18.3  8.7      2872
 2873 2021- 4-25  6:36     - 54 49  162  0   2.06 0.09  0.0    4 11.8  7.6      2873
 *** DISTANCE & RESIDUAL WEIGHTING CANCELLED FOR EVENT: 2021  4 25  8  0
 2874 2021- 4-25  7:59     - 55 23  162 17   3.01 0.28  0.0    4  3.8 23.9      2874
 2875 2021- 4-25 10:08     - 55 18  163 28   3.00 0.24  0.0    5 17.5 23.8      2875
 2876 2021- 4-25 11:37     - 55 15  161 38   6.62 0.03  0.0    4 10.3 12.5      2876
 2877 2021- 4-25 14:49     - 54 38  160 58   3.38 0.19  0.0    9  8.3 18.4      2877
 2878 2021- 4-25 16:49     - 54 27  162 10   3.22 0.13  0.0    9  6.8 14.8      2878
 2879 2021- 4-25 18:17     - 55 24  161 53  67.98 0.19  0.0    9  4.4 15.7      2879
 *** DISTANCE & RESIDUAL WEIGHTING CANCELLED FOR EVENT: 2021  4 25 18 18
 2880 2021- 4-25 18:18     - 55 13  161 43   2.82 0.23  0.0    4  4.4 21.0      2880
  SEQ ---DATE--- TIME REMARK -LAT-  --LON-  DEPTH  RMS PMAG  NUM  ERH  ERZ  ID
 2881 2021- 4-25 21:01       55 23  161 49  16.13 0.00  0.0    4  1.1  2.0      2881
 2882 2021- 4-25 21:03       55 29  161 41  27.51 0.11  0.0    9  2.3  2.4      2882
 2883 2021- 4-25 22:11     - 55 49  163  3   2.87 0.01  0.0    4  4.8 11.5      2883
 2884 2021- 4-25 22:39     - 54 39  161 28   3.03 0.20  0.0    9 13.7 20.5      2884
 2885 2021- 4-26  7:29     - 54 40  161 28   3.24 0.01  0.0    4  5.4 11.2      2885
 2886 2021- 4-26  8:18     - 54 36  161 13   3.03 0.07  0.0    9  5.6 12.0      2886
 2887 2021- 4-26 10:44     - 54 58  161 21  28.34 0.25  0.0    9 17.7  6.5      2887
 2888 2021- 4-26 10:44     - 54 34  160 36  34.00 0.56  0.0    9 41.5 47.9      2888
 2889 2021- 4-26 13:09       54 58  161 31  32.16 0.07  0.0    6  9.4  2.8      2889
 2890 2021- 4-26 13:09     - 54 52  161  5  29.55 0.30  0.0    5 26.6  3.0      2890
 2891 2021- 4-26 14:39     - 54 43  161  3  28.52 0.17  0.0   10 15.4  2.8      2891
 2892 2021- 4-26 14:39     - 54 33  160 40  37.76 0.22  0.0    7 13.2 18.7      2892
 *** DISTANCE & RESIDUAL WEIGHTING CANCELLED FOR EVENT: 2021  4 26 15 12
 2893 2021- 4-26 15:12     # 55  1  162 21   8.75 0.36  0.0    5 11.0  9.1      2893
 2894 2021- 4-26 15:12     - 55  1  162 50   3.40 0.18  0.0    5 13.7  2.8      2894
 2895 2021- 4-26 15:52     - 55  3  161 17   0.56 0.20  0.0    4 19.3  6.6      2895
  SEQ ---DATE--- TIME REMARK -LAT-  --LON-  DEPTH  RMS PMAG  NUM  ERH  ERZ  ID
 2896 2021- 4-26 17:39     - 55  8  161 12   9.92 0.07  0.0    4 13.4 12.9      2896
 2897 2021- 4-26 18:16     # 54 53  161  8  54.29 0.96  0.0   14 18.8 10.8      2897
 2898 2021- 4-26 18:16     - 55 18  161 42   0.16 0.12  0.0    5  2.9 15.3      2898
 2899 2021- 4-27  2:25     - 54 53  161 34  22.13 0.15  0.0    7 15.9  5.6      2899
 2900 2021- 4-27  2:25     - 54 30  161  1   6.68 0.45  0.0    7 31.9  6.3      2900
 2901 2021- 4-27  2:32     - 55 57  162 53   2.68 0.20  0.0    7  8.5 18.5      2901
 2902 2021- 4-27  2:33     - 55 24  161 34   6.59 0.06  0.0    5  5.9 11.5      2902
 2903 2021- 4-27  2:33     - 55 20  161 38   0.05 0.09  0.0    4 11.2  3.3      2903
 2904 2021- 4-27  4:51     - 55  6  161 27   0.29 0.12  0.0    7 12.6  3.4      2904
 2905 2021- 4-27  4:51     - 54 58  162 44   2.81 0.03  0.0    4 10.4  6.6      2905
 2906 2021- 4-27  4:52     - 55  7  161 23   9.77 0.07  0.0    5 11.1  9.4      2906
 2907 2021- 4-27  6:18     - 54 23  161  2   0.69 0.15  0.0    9  6.9 11.9      2907
 2908 2021- 4-27  6:18     - 54 46  161 26  27.19 0.23  0.0    7 17.0  2.1      2908
 2909 2021- 4-27  8:06     - 55 54  161 49   3.01 0.11  0.0    4  7.9 13.9      2909
 2910 2021- 4-27  8:34     - 54 38  163 28  34.45 0.22  0.0    6 13.7 22.1      2910
  SEQ ---DATE--- TIME REMARK -LAT-  --LON-  DEPTH  RMS PMAG  NUM  ERH  ERZ  ID
 2911 2021- 4-27 12:45     - 54 53  161  6  31.93 0.18  0.0   10 13.8  1.4      2911
 2912 2021- 4-27 12:45     - 54 27  160  4   1.59 0.46  0.0   10 26.5 25.2      2912
 2913 2021- 4-27 13:14       55 22  161 55   6.45 0.01  0.0    4  0.8  0.8      2913
 2914 2021- 4-27 13:32     - 54 55  161 22   3.00 0.28  0.0    5 21.4 26.2      2914
 2915 2021- 4-27 13:49     - 54 59  160 58   3.00 0.15  0.0    5 16.7 17.5      2915
 *** DISTANCE & RESIDUAL WEIGHTING CANCELLED FOR EVENT: 2021  4 27 13 50
 2916 2021- 4-27 13:49     - 55  7  161 27  19.22 0.28  0.0    4 18.3  6.9      2916
 2917 2021- 4-27 17:28       55 24  162  3   3.52 0.53  0.0    7  4.7 20.8      2917
 2918 2021- 4-27 17:56     - 55 21  161  5   3.00 0.50  0.0    4 16.5 39.4      2918
 2919 2021- 4-27 19:30     - 55  1  161 42  18.71 0.12  0.0    5 13.3  3.7      2919
 *** DISTANCE & RESIDUAL WEIGHTING CANCELLED FOR EVENT: 2021  4 27 19 30
 2920 2021- 4-27 19:30     - 55 13  162  7   0.17 0.45  0.0    6  2.3 36.6      2920
 2921 2021- 4-27 20:24     - 54 35  163 19   3.21 0.09  0.0    5  7.2 13.4      2921
 *** DISTANCE & RESIDUAL WEIGHTING CANCELLED FOR EVENT: 2021  4 27 20 24
 2922 2021- 4-27 20:24     # 55  3  162 31   2.90 0.92  0.0    4 42.7  6.9      2922
 2923 2021- 4-27 23:14     - 55  7  161 14   8.41 0.11  0.0    4 14.1 14.2      2923
 2924 2021- 4-27 23:14     - 55  2  161 19   2.49 0.50  0.0    5 40.9  8.3      2924
 2925 2021- 4-27 23:34     - 55 10  161 54   0.54 0.12  0.0    5  4.7 15.0      2925
 *** DISTANCE & RESIDUAL WEIGHTING CANCELLED FOR EVENT: 2021  4 27 23 37
  SEQ ---DATE--- TIME REMARK -LAT-  --LON-  DEPTH  RMS PMAG  NUM  ERH  ERZ  ID
 2926 2021- 4-27 23:37     - 55  5  161 43   2.88 0.35  0.0    4 17.8 20.0      2926
 2927 2021- 4-27 23:37     - 54 59  161 37   0.03 0.36  0.0    4 28.1  5.8      2927
 2928 2021- 4-28  3:42     - 54 55  161  6  30.98 0.22  0.0    9 18.9  2.0      2928
 2929 2021- 4-28  3:42     - 54 38  160 40  46.27 0.18  0.0    7 15.4 11.5      2929
 2930 2021- 4-28  4:31     - 54 50  161  2   3.01 0.28  0.0   19  8.7 18.4      2930
 2931 2021- 4-28  6:01     - 54 51  161  5  16.79 0.21  0.0   11 16.8 21.5      2931
 2932 2021- 4-28  6:01     - 54 50  161  4  26.00 0.20  0.0    9 15.8  2.9      2932
 *** DISTANCE & RESIDUAL WEIGHTING CANCELLED FOR EVENT: 2021  4 28  6 35
 2933 2021- 4-28  6:35     - 55 35  162 13   2.38 0.49  0.0    4  6.3 42.2      2933
 2934 2021- 4-28 10:22       54 38  162 56  65.75 0.13  0.0    9  5.2  2.6      2934
 2935 2021- 4-28 19:09     # 55 10  161 14   0.03 0.12  0.0    7 10.0  3.3      2935
 *** DISTANCE & RESIDUAL WEIGHTING CANCELLED FOR EVENT: 2021  4 28 19  9
 2936 2021- 4-28 19:09     - 55 10  162 47   3.20 0.72  0.0    4 42.4 61.0      2936
 2937 2021- 4-28 21:55     - 55 17  162  4   0.43 0.21  0.0    5  5.2 16.3      2937
 *** DISTANCE & RESIDUAL WEIGHTING CANCELLED FOR EVENT: 2021  4 29  0 13
 2938 2021- 4-29  0:13     # 55  8  162 30   8.80 0.50  0.0    6  5.8 14.0      2938
 2939 2021- 4-29  1:20       55 11  161 54  13.69 0.00  0.0    4  2.0  2.6      2939
 2940 2021- 4-29  1:20       55 13  162  9  11.35 0.02  0.0    5  1.1  1.5      2940
  SEQ ---DATE--- TIME REMARK -LAT-  --LON-  DEPTH  RMS PMAG  NUM  ERH  ERZ  ID
 2941 2021- 4-29  3:54       55 15  160 52  76.02 0.16  0.0    9  3.3  2.9      2941
 2942 2021- 4-29  4:17     - 55 24  162 49   2.85 0.34  0.0    8  8.2 30.6      2942
 *** DISTANCE & RESIDUAL WEIGHTING CANCELLED FOR EVENT: 2021  4 29  4 20
 2943 2021- 4-29  4:20     - 54 46  163 30   3.00 0.28  0.0    4 14.7 23.9      2943
 2944 2021- 4-29  4:59     - 55 15  161 56  30.31 0.04  0.0    5  8.9  4.8      2944
 2945 2021- 4-29  5:11     - 55  9  163 26   1.20 0.60  0.0   10 21.1 44.0      2945
 2946 2021- 4-29  5:11     - 54 29  161 32   0.42 0.20  0.0    7 12.7 18.8      2946
 2947 2021- 4-29  5:23     - 55  9  163 23   2.50 0.61  0.0    9 21.8 45.0      2947
 2948 2021- 4-29  6:37     - 55 13  162 44   4.53 0.30  0.0    6  7.9 28.2      2948
 2949 2021- 4-29  9:00     - 55 12  160 44  33.55 0.16  0.0   10 15.2 17.7      2949
 2950 2021- 4-29  9:00     - 55 42  162  7   3.20 0.30  0.0    4 20.5 27.6      2950
 2951 2021- 4-29  9:17     # 55 23  163 13   0.19 1.10  0.0   13 23.7 50.2      2951
 2952 2021- 4-29  9:46     # 55 21  162 34   0.09 0.51  0.0    6  4.4  7.9      2952
 2953 2021- 4-29 12:41     - 55 49  161 10   3.00 0.17  0.0    5 14.0 19.1      2953
 2954 2021- 4-29 13:27     # 54 53  162 10   0.01 0.10  0.0    8  2.2  1.8      2954
 2955 2021- 4-29 13:27     - 54 58  161 45   0.11 0.17  0.0    5 17.2  5.6      2955
  SEQ ---DATE--- TIME REMARK -LAT-  --LON-  DEPTH  RMS PMAG  NUM  ERH  ERZ  ID
 2956 2021- 4-29 15:32       55 25  161 50  13.45 0.00  0.0    4  4.3  2.3      2956
 2957 2021- 4-29 16:48     - 54 49  162 41  27.95 0.12  0.0    7 13.6  6.5      2957
 *** DISTANCE & RESIDUAL WEIGHTING CANCELLED FOR EVENT: 2021  4 29 17 11
 2958 2021- 4-29 17:11     # 55  1  162 18  10.35 0.93  0.0    5 10.0 23.8      2958
 2959 2021- 4-29 17:55     - 55 14  161 13   7.20 0.26  0.0    4 22.1 24.7      2959
 2960 2021- 4-29 17:56     # 55 14  161 47   7.18 0.11  0.0    4  4.9  7.0      2960
 2961 2021- 4-29 20:07     - 54 48  161 11  27.32 0.11  0.0   10 12.6  2.6      2961
 2962 2021- 4-29 20:07     - 54 47  161 25  21.29 0.13  0.0    4 15.0 10.1      2962
 2963 2021- 4-29 23:11     - 54 33  160 50   2.14 0.07  0.0    5  5.7 12.5      2963
 *** DISTANCE & RESIDUAL WEIGHTING CANCELLED FOR EVENT: 2021  4 30  0  0
 2964 2021- 4-29 23:59     - 55 41  162 11   3.00 6.60  0.0    4 68.2 71.7      2964
 *** DISTANCE & RESIDUAL WEIGHTING CANCELLED FOR EVENT: 2021  4 30  4 48
 2965 2021- 4-30  4:48     - 55 20  162 19   3.04 0.69  0.0    4  6.3 55.5      2965
 2966 2021- 4-30  5:48     - 54 60  162 20   1.36 0.01  0.0    5  3.6 11.8      2966
 *** DISTANCE & RESIDUAL WEIGHTING CANCELLED FOR EVENT: 2021  4 30  7 58
 2967 2021- 4-30  7:58     - 55 24  161 44  11.28 0.54  0.0    4 30.4 23.8      2967
 2968 2021- 4-30  8:07     - 54 55  161 11  33.14 0.26  0.0   10 15.2 21.3      2968
 2969 2021- 4-30  8:07     - 54 36  160 40  33.01 0.44  0.0    9 30.0 38.9      2969
 *** DISTANCE & RESIDUAL WEIGHTING CANCELLED FOR EVENT: 2021  4 30  8 27
 2970 2021- 4-30  8:27     # 55 25  161 47   0.75 0.30  0.0    5  2.6 15.1      2970
 *** DISTANCE & RESIDUAL WEIGHTING CANCELLED FOR EVENT: 2021  4 30 10  3
  SEQ ---DATE--- TIME REMARK -LAT-  --LON-  DEPTH  RMS PMAG  NUM  ERH  ERZ  ID
 2971 2021- 4-30 10:03     - 55 23  161 47  11.29 2.04  0.0    4 98.4 20.1      2971
 2972 2021- 4-30 10:53     - 54 43  163 31   3.05 0.01  0.0    4  5.2 11.4      2972
 *** DISTANCE & RESIDUAL WEIGHTING CANCELLED FOR EVENT: 2021  4 30 12 55
 2973 2021- 4-30 12:55     - 55 17  162  5   3.02 0.43  0.0    4  5.0 32.5      2973
 2974 2021- 4-30 13:01     - 54 49  160 43   2.96 0.14  0.0   12  7.0 14.5      2974
 2975 2021- 4-30 13:01     - 55 15  163 21   3.62 0.14  0.0    6  7.3 14.8      2975
 2976 2021- 4-30 13:38     - 55  4  163 26   2.20 0.61  0.0   10 22.2 46.6      2976
 2977 2021- 4-30 13:38     - 54 27  161 38   2.39 0.05  0.0    5  9.2 11.5      2977
 2978 2021- 4-30 14:16       55 11  161 56  28.57 0.00  0.0    4  1.7  2.3      2978
 2979 2021- 4-30 14:17     - 55 15  160 32   3.00 0.22  0.0    8 20.6 22.4      2979
 2980 2021- 4-30 14:18     - 55 24  161 28  28.53 0.34  0.0    5 19.3 16.9      2980
 2981 2021- 4-30 14:20     - 54 59  162 11   3.03 0.01  0.0    4  1.7 12.4      2981
 2982 2021- 4-30 14:48     - 54 55  160 27   0.89 0.28  0.0    7 11.5 23.6      2982
 2983 2021- 4-30 15:11     - 55  4  161 19   1.63 0.09  0.0    5 14.5  4.5      2983
 2984 2021- 4-30 15:17     - 54 55  163  7   2.92 0.44  0.0    7 15.4 34.4      2984
 2985 2021- 4-30 16:37     - 55  3  161  2   3.00 0.15  0.0    4 15.9 16.2      2985
  SEQ ---DATE--- TIME REMARK -LAT-  --LON-  DEPTH  RMS PMAG  NUM  ERH  ERZ  ID
 2986 2021- 4-30 16:37     - 55 20  161 48  20.14 0.01  0.0    4  6.6  7.2      2986
 2987 2021- 4-30 17:52       55 10  162 13   0.29 0.96  0.0    5  6.6 51.1      2987
 2988 2021- 4-30 17:52     - 54 45  162 46   3.01 0.06  0.0    4 10.2 13.5      2988
 2989 2021- 4-30 18:21       54 58  162 56   2.17 0.26  0.0   13  2.9  2.6      2989
 2990 2021- 4-30 18:22     - 55 30  162  7   0.01 0.19  0.0    4  3.4 14.7      2990
 2991 2021- 4-30 18:24     - 55  5  162 50   5.30 0.12  0.0    8  6.7 14.3      2991
 2992 2021- 4-30 18:25     - 55  4  162 50   3.73 0.03  0.0    5  8.1  6.2      2992
 2993 2021- 4-30 18:36     - 54 32  161 51   2.63 0.21  0.0    8  8.8 18.5      2993
 2994 2021- 4-30 18:46       55  4  162 52   3.20 0.00  0.0    4  1.3  2.6      2994
 2995 2021- 4-30 19:41     - 55  4  162 50   4.52 0.17  0.0    9  7.8 16.5      2995
 2996 2021- 4-30 19:47     - 55  4  163 16   4.04 0.34  0.0    6 13.7 27.6      2996
 2997 2021- 4-30 19:47     - 54 32  161 31   2.38 0.14  0.0    9  8.5 15.0      2997
 2998 2021- 4-30 20:00     - 55  4  162 50   6.14 0.19  0.0    7  8.4 18.0      2998
 2999 2021- 4-30 20:24     - 54 35  161 22   3.14 0.16  0.0   16  6.4 13.5      2999
 3000 2021- 4-30 22:33     - 55 11  163 34   2.48 0.77  0.0   10 27.2 57.0      3000
  SEQ ---DATE--- TIME REMARK -LAT-  --LON-  DEPTH  RMS PMAG  NUM  ERH  ERZ  ID
 3001 2021- 4-30 23:15       54 53  161 47   1.80 0.17  0.0   16  0.9  1.2      3001
 *** DISTANCE & RESIDUAL WEIGHTING CANCELLED FOR EVENT: 2021  5  1  0  4
 3002 2021- 5- 1  0:03     - 55  5  162  1   3.01 0.50  0.0    6  9.1 40.4      3002
 3003 2021- 5- 1  0:15     - 55  8  163 15   3.86 0.82  0.0   11 24.3 51.0      3003
 3004 2021- 5- 1  0:22     - 54 33  161 52   3.91 0.30  0.0   16 11.2 24.3      3004
 3005 2021- 5- 1  1:01     - 55 46  161 47   1.86 0.06  0.0    4  5.7 12.3      3005
 3006 2021- 5- 1  1:17     - 55 26  161 51  19.40 0.03  0.0    4 12.7  1.7      3006
 *** DISTANCE & RESIDUAL WEIGHTING CANCELLED FOR EVENT: 2021  5  1  2 31
 3007 2021- 5- 1  2:31     - 54 49  162 39   2.98 0.17  0.0    4  8.3 17.0      3007
 *** DISTANCE & RESIDUAL WEIGHTING CANCELLED FOR EVENT: 2021  5  1  3 54
 3008 2021- 5- 1  3:54     - 55 16  161 34   2.40 0.30  0.0    4  9.9 21.3      3008
 3009 2021- 5- 1  4:10     - 55 10  163 24   0.01 0.96  0.0   11 33.4 69.1      3009
 3010 2021- 5- 1  4:34     - 54 37  161 15   2.90 0.19  0.0   14  7.0 14.8      3010
 3011 2021- 5- 1  4:58     - 55 28  161 15  44.33 0.18  0.0    8 14.3  4.9      3011
 3012 2021- 5- 1  4:58     - 55 11  160 37   3.02 0.16  0.0    6 15.3 18.1      3012
 3013 2021- 5- 1  5:13     - 55 30  162 27   1.98 0.01  0.0    4  7.0 10.1      3013
 *** DISTANCE & RESIDUAL WEIGHTING CANCELLED FOR EVENT: 2021  5  1  8  0
 3014 2021- 5- 1  7:59     - 55 20  161 52  68.43 0.14  0.0    4 11.0 15.4      3014
 3015 2021- 5- 1  8:21     - 54 57  162 42   6.85 0.01  0.0    4  2.6 12.5      3015
  SEQ ---DATE--- TIME REMARK -LAT-  --LON-  DEPTH  RMS PMAG  NUM  ERH  ERZ  ID
 3016 2021- 5- 1  9:51     - 54 25  161 33   1.28 0.21  0.0    9  9.1 19.1      3016
 3017 2021- 5- 1  9:52       55 17  161 47   6.39 0.00  0.0    4  1.7  0.5      3017
 *** DISTANCE & RESIDUAL WEIGHTING CANCELLED FOR EVENT: 2021  5  1  9 53
 3018 2021- 5- 1  9:53     - 55 22  161 49   0.32 0.23  0.0    4 17.7 15.0      3018
 *** DISTANCE & RESIDUAL WEIGHTING CANCELLED FOR EVENT: 2021  5  1 13 32
 3019 2021- 5- 1 13:32     # 55 16  161 43   6.15 0.52  0.0    4  8.1  3.6      3019
 *** DISTANCE & RESIDUAL WEIGHTING CANCELLED FOR EVENT: 2021  5  1 14 58
 3020 2021- 5- 1 14:58     - 55 38  162 50   3.00 1.75  0.0    5 41.4 89.9      3020
 3021 2021- 5- 1 15:26     - 55 37  160  5  13.16 0.29  0.0    8 22.9 25.7      3021
 3022 2021- 5- 2  0:39     - 55 21  162 58   3.48 0.26  0.0    6 12.8 21.2      3022
 3023 2021- 5- 2  2:16     - 55  1  161 10   5.27 0.22  0.0    4 19.5 21.6      3023
 3024 2021- 5- 2  2:50     - 54 43  162 51   2.86 0.23  0.0    5 18.1 20.8      3024
 3025 2021- 5- 2  3:02     - 54 44  163 27   3.13 0.19  0.0    4 17.0 18.6      3025
 3026 2021- 5- 2  3:37     - 55 31  163  7   2.64 0.03  0.0    4  5.4 11.5      3026
 3027 2021- 5- 2  5:28     - 54 27  161 34   2.48 0.24  0.0    7  9.8 20.6      3027
 3028 2021- 5- 3  0:16     - 54 54  163  4   6.31 0.18  0.0    6  8.0 17.3      3028
 3029 2021- 5- 3  0:16     - 54 47  161 22   2.10 0.19  0.0    9  7.4 16.5      3029
 3030 2021- 5- 3  0:29     - 54 52  162 59   4.26 0.04  0.0    5  5.6 11.7      3030
  SEQ ---DATE--- TIME REMARK -LAT-  --LON-  DEPTH  RMS PMAG  NUM  ERH  ERZ  ID
 3031 2021- 5- 3  0:29       55  5  161 40   0.62 0.16  0.0    8  6.0  2.5      3031
 3032 2021- 5- 3  1:47     - 55  0  161 24  36.30 0.19  0.0    8 16.0  3.7      3032
 3033 2021- 5- 3  1:47     - 54 40  160 41  92.51 0.14  0.0    7 13.3  8.4      3033
 3034 2021- 5- 3  5:03     - 54 26  161 33   2.82 0.27  0.0    6 10.6 22.6      3034
 *** DISTANCE & RESIDUAL WEIGHTING CANCELLED FOR EVENT: 2021  5  3  5 17
 3035 2021- 5- 3  5:17     # 55  5  162 10   3.00 2.08  0.0    4 19.5 23.6      3035
 3036 2021- 5- 3  6:11     - 55 22  161 49   0.15 0.07  0.0    4  1.1 10.7      3036
 *** DISTANCE & RESIDUAL WEIGHTING CANCELLED FOR EVENT: 2021  5  3  6 15
 3037 2021- 5- 3  6:15     # 55 14  161 51   2.94 0.80  0.0    5  4.1 21.4      3037
 3038 2021- 5- 3  6:15       55 20  161 43   4.73 0.00  0.0    4  4.2  2.2      3038
 3039 2021- 5- 3  7:32     - 54 36  161 17   2.94 0.18  0.0   17  6.9 14.6      3039
 3040 2021- 5- 3  7:40     - 54 54  161 21  28.59 0.15  0.0    8 14.3  5.6      3040
 3041 2021- 5- 3 10:25     - 55 15  163 17   2.23 0.61  0.0    6 23.2 46.1      3041
 3042 2021- 5- 3 10:47     - 54 49  163  3   2.99 0.04  0.0    5  5.4 11.8      3042
 3043 2021- 5- 3 12:08     - 54 36  161 18   3.09 0.15  0.0   16  6.2 13.2      3043
 3044 2021- 5- 3 14:10     - 54 32  161 12  27.20 0.12  0.0    7  2.2 11.6      3044
 3045 2021- 5- 3 14:33     - 55 23  161 43   6.73 0.02  0.0    4  9.9  2.7      3045
  SEQ ---DATE--- TIME REMARK -LAT-  --LON-  DEPTH  RMS PMAG  NUM  ERH  ERZ  ID
 3046 2021- 5- 3 14:33     - 55 22  161  8  11.00 0.11  0.0    5 14.1 10.8      3046
 3047 2021- 5- 3 16:39     - 54 30  163 15   2.89 0.18  0.0    6 10.4 17.5      3047
 3048 2021- 5- 3 17:17     - 54 59  160 45   3.09 0.17  0.0   12  7.8 16.7      3048
 3049 2021- 5- 3 19:00       55 26  161 52  29.84 0.08  0.0    9  1.5  0.9      3049
 3050 2021- 5- 3 19:01     - 55 23  162 22   1.55 0.36  0.0   10  1.6 27.9      3050
 3051 2021- 5- 3 20:47       55 10  161 38   2.42 0.00  0.0    4  3.8  1.4      3051
 3052 2021- 5- 3 20:52     - 54 57  162 15   2.59 0.07  0.0    4  8.8  7.5      3052
 3053 2021- 5- 3 21:38     - 55  3  161 27   6.78 0.10  0.0    4 12.7 15.0      3053
 3054 2021- 5- 3 21:38     - 54 59  161 31  21.09 0.08  0.0    4 12.5  6.0      3054
 3055 2021- 5- 4  6:52     - 54 46  163 15   3.00 0.03  0.0    4  5.3 11.6      3055
 *** DISTANCE & RESIDUAL WEIGHTING CANCELLED FOR EVENT: 2021  5  4  9  1
 3056 2021- 5- 4  9:01     - 55 21  163  7   3.30 0.46  0.0    4 15.9 35.0      3056
 3057 2021- 5- 4 12:29     - 55 26  160 57  47.66 0.22  0.0    8 17.0  7.4      3057
 3058 2021- 5- 4 12:30     - 55 55  161 59   6.52 0.20  0.0    5 19.0 20.8      3058
 *** DISTANCE & RESIDUAL WEIGHTING CANCELLED FOR EVENT: 2021  5  4 16 49
 3059 2021- 5- 4 16:49     # 55  1  162 15   3.63 0.77  0.0    7  5.7  4.3      3059
 3060 2021- 5- 4 17:00     - 54 56  161  6  30.27 0.09  0.0    7 12.6  1.6      3060
  SEQ ---DATE--- TIME REMARK -LAT-  --LON-  DEPTH  RMS PMAG  NUM  ERH  ERZ  ID
 3061 2021- 5- 4 17:01     # 55  7  162 20   1.27 0.47  0.0    6 14.2  8.7      3061
 3062 2021- 5- 4 19:44     - 54 58  161 31  34.15 0.10  0.0    5 14.7  6.1      3062
 3063 2021- 5- 4 23:10     - 55 15  162 45   3.01 0.06  0.0    4  5.4 13.3      3063
 3064 2021- 5- 5  1:10       55 33  161  0  71.58 0.10  0.0    8  5.0  2.2      3064
 *** DISTANCE & RESIDUAL WEIGHTING CANCELLED FOR EVENT: 2021  5  5  1 43
 3065 2021- 5- 5  1:43     - 55 16  161 38  10.36 0.04  0.0    4 12.9  2.5      3065
 3066 2021- 5- 5  2:30       55 16  161 46  12.73 0.00  0.0    4  3.7  2.3      3066
 3067 2021- 5- 5  4:09     - 55 21  161  9   4.41 0.08  0.0    4 12.8 14.2      3067
 *** DISTANCE & RESIDUAL WEIGHTING CANCELLED FOR EVENT: 2021  5  5  4 54
 3068 2021- 5- 5  4:54     - 54 33  163 16   3.14 0.15  0.0    4  9.5 16.2      3068
 3069 2021- 5- 5  5:48     - 55 16  162 17   1.63 0.18  0.0    6  3.2 17.2      3069
 3070 2021- 5- 5  6:00     - 55 15  162 49   6.54 0.17  0.0    4  3.0 18.8      3070
 3071 2021- 5- 5  7:39       55 21  161 46  16.38 0.15  0.0    8  2.1  1.3      3071
 3072 2021- 5- 5  7:52       55 24  161 56  18.55 0.09  0.0    5  2.2  2.0      3072
 *** DISTANCE & RESIDUAL WEIGHTING CANCELLED FOR EVENT: 2021  5  5  8  0
 3073 2021- 5- 5  7:59     # 55 17  162  3   3.00 0.85  0.0    4  7.0  9.3      3073
 3074 2021- 5- 5  8:17     - 54 59  161 21  20.51 0.15  0.0    5 16.3  7.9      3074
 3075 2021- 5- 5 10:18     - 55 14  160 57   3.00 0.25  0.0    4 11.2 21.4      3075
  SEQ ---DATE--- TIME REMARK -LAT-  --LON-  DEPTH  RMS PMAG  NUM  ERH  ERZ  ID
 3076 2021- 5- 5 10:51       54 41  162 22  91.64 0.02  0.0    7  5.1  1.7      3076
 3077 2021- 5- 5 12:34     - 55 22  162 17   3.03 0.01  0.0    4  1.3 11.9      3077
 3078 2021- 5- 5 13:10     - 54 49  161  1  28.50 0.23  0.0   11 17.3  3.1      3078
 3079 2021- 5- 5 13:10     - 54 44  160 59  68.81 0.28  0.0    7 23.7  9.8      3079
 3080 2021- 5- 5 13:16     - 55 12  161 58   1.98 0.04  0.0    4  1.1 10.2      3080
 3081 2021- 5- 5 14:17     - 54 59  161  6   2.61 0.16  0.0   10  7.3 15.5      3081
 3082 2021- 5- 5 14:17     - 54 49  160 55   3.14 0.24  0.0    9  9.7 20.2      3082
 3083 2021- 5- 5 14:20     - 55  0  161 26  29.09 0.15  0.0    6 14.5  4.3      3083
 3084 2021- 5- 5 14:20     - 54 57  161 18  31.74 0.08  0.0    6 10.2  0.6      3084
 3085 2021- 5- 5 21:40       55 27  161 51  25.13 0.02  0.0    5  2.9  3.3      3085
 3086 2021- 5- 6  0:19       54 41  163 26   6.62 0.08  0.0    6  3.3  5.0      3086
 *** DISTANCE & RESIDUAL WEIGHTING CANCELLED FOR EVENT: 2021  5  6  1 17
 3087 2021- 5- 6  1:17     - 55  3  163 29   3.00 0.51  0.0    4 18.9 39.8      3087
 3088 2021- 5- 6  2:11     - 54 52  162 15   8.80 0.12  0.0    5 10.7 11.6      3088
 3089 2021- 5- 6  6:49     - 55 42  160 55   2.98 0.20  0.0    7  9.2 18.7      3089
 3090 2021- 5- 6  6:50     - 55 14  163  3   3.74 0.30  0.0    5  9.1 21.5      3090
 *** DISTANCE & RESIDUAL WEIGHTING CANCELLED FOR EVENT: 2021  5  6  8 15
  SEQ ---DATE--- TIME REMARK -LAT-  --LON-  DEPTH  RMS PMAG  NUM  ERH  ERZ  ID
 3091 2021- 5- 6  8:15     - 54 57  162  7   3.00 0.39  0.0    4 29.8  4.8      3091
 3092 2021- 5- 6  8:32     - 55  8  162  9   3.08 0.09  0.0    4 14.5 13.6      3092
 3093 2021- 5- 6 11:47       55 11  161 30   3.99 0.05  0.0    5  4.4  1.8      3093
 *** DISTANCE & RESIDUAL WEIGHTING CANCELLED FOR EVENT: 2021  5  6 12 12
 3094 2021- 5- 6 12:12     - 54 36  162 52   3.00 0.27  0.0    4 22.1 23.1      3094
 *** DISTANCE & RESIDUAL WEIGHTING CANCELLED FOR EVENT: 2021  5  6 16 33
 3095 2021- 5- 6 16:32     - 55 19  162 33   5.22 0.38  0.0    4 16.8 29.9      3095
 3096 2021- 5- 7  3:50     # 55  5  161 28   0.07 0.62  0.0   11 21.3  5.8      3096
 3097 2021- 5- 7  3:50     - 54 49  161  4  25.30 0.29  0.0    9 19.9  3.9      3097
 3098 2021- 5- 7  7:37     - 55 21  161 46   2.98 0.01  0.0    4  7.4  4.8      3098
 3099 2021- 5- 7  7:37     - 55 14  160 33   3.02 0.26  0.0    6 20.8 24.6      3099
 3100 2021- 5- 7 16:23     - 54 44  160 55  25.46 0.19  0.0    9 18.8  4.3      3100
 3101 2021- 5- 7 16:23     - 54 36  160 39  11.18 0.28  0.0    7 23.9 25.9      3101
 3102 2021- 5- 7 20:27     - 55  8  163 33   2.73 0.03  0.0    4  5.4 11.5      3102
 *** DISTANCE & RESIDUAL WEIGHTING CANCELLED FOR EVENT: 2021  5  7 21  3
 3103 2021- 5- 7 21:03     - 55 22  162 20   9.78 0.09  0.0    4  3.3 10.3      3103
 3104 2021- 5- 7 23:46     - 54 41  161 31   3.11 0.20  0.0    7 13.1 20.9      3104
 3105 2021- 5- 8  0:30       54 37  161 33  48.04 0.17  0.0   12  3.1  6.0      3105
 *** DISTANCE & RESIDUAL WEIGHTING CANCELLED FOR EVENT: 2021  5  8  1 55
  SEQ ---DATE--- TIME REMARK -LAT-  --LON-  DEPTH  RMS PMAG  NUM  ERH  ERZ  ID
 3106 2021- 5- 8  1:55     # 55 17  161 54   9.20 0.63  0.0    4 11.3 10.8      3106
 3107 2021- 5- 8  3:41     - 54 53  161 14  30.18 0.21  0.0    9 16.3  1.9      3107
 3108 2021- 5- 8  3:41     - 54 48  161  6   3.06 0.09  0.0    5 12.8 14.1      3108
 *** DISTANCE & RESIDUAL WEIGHTING CANCELLED FOR EVENT: 2021  5  8  3 41
 3109 2021- 5- 8  3:41     - 54 44  162 46   3.00 0.67  0.0    4 50.9 54.2      3109
 3110 2021- 5- 8  3:47       54 60  162 18   2.09 0.03  0.0    5  1.1  2.7      3110
 *** DISTANCE & RESIDUAL WEIGHTING CANCELLED FOR EVENT: 2021  5  8  3 48
 3111 2021- 5- 8  3:48     - 55  0  162 16   4.60 0.00  0.0    4  9.3  0.7      3111
 3112 2021- 5- 8  5:35     # 55 23  161 43  11.20 0.15  0.0    5  3.3  1.1      3112
 3113 2021- 5- 8  7:03     - 54 56  162 11   0.63 0.14  0.0    4  2.8 14.5      3113
 3114 2021- 5- 8  8:52     - 54 35  161 22   3.01 0.19  0.0    5 18.0 19.8      3114
 3115 2021- 5- 8 10:33       54 58  162 14   5.79 0.08  0.0    5  5.4  4.5      3115
 3116 2021- 5- 8 10:34     - 54 59  162 12   3.09 0.02  0.0    4  8.2  7.8      3116
 *** DISTANCE & RESIDUAL WEIGHTING CANCELLED FOR EVENT: 2021  5  8 11  7
 3117 2021- 5- 8 11:07     - 55 16  161 39  17.76 0.17  0.0    4 18.8  3.2      3117
 3118 2021- 5- 8 13:32     - 54 50  161 13  30.10 0.21  0.0    9 18.2  2.0      3118
 3119 2021- 5- 8 13:32     - 54 31  160 47  37.00 0.25  0.0    9 15.4 19.3      3119
 3120 2021- 5- 8 14:00       55  8  161 46  29.34 0.00  0.0    4  2.6  1.6      3120
  SEQ ---DATE--- TIME REMARK -LAT-  --LON-  DEPTH  RMS PMAG  NUM  ERH  ERZ  ID
 3121 2021- 5- 8 16:09     - 54 59  161 29  18.46 0.25  0.0    4 18.0 15.5      3121
 3122 2021- 5- 8 16:09     - 55 13  162  7   1.46 0.03  0.0    4  0.9 10.2      3122
 3123 2021- 5- 8 16:35     # 55 16  161 15  35.94 0.22  0.0    5  8.2  6.8      3123
 3124 2021- 5- 8 17:42     - 55  8  160 36  32.85 0.18  0.0   10 14.4 19.6      3124
 3125 2021- 5- 8 17:42     - 56  5  162 37   3.01 0.21  0.0    4 19.1 20.4      3125
 3126 2021- 5- 8 17:47     - 54 42  160 60   8.84 0.21  0.0    9 15.9 18.7      3126
 3127 2021- 5- 8 17:47     - 54 30  160 45  19.34 0.10  0.0    8 10.3 14.5      3127
 3128 2021- 5- 8 18:23     - 54 37  161 21   2.91 0.15  0.0   10  6.9 15.0      3128
 3129 2021- 5- 8 18:30     - 55  9  163 19   4.40 0.23  0.0    4 10.2 20.6      3129
 3130 2021- 5- 8 19:36     - 54 22  162 32   0.52 0.68  0.0    9 18.9 43.2      3130
 3131 2021- 5- 8 19:36     - 54 52  163  7   3.04 0.43  0.0    4 34.2 36.8      3131
 3132 2021- 5- 8 19:59     - 54 54  161  6  39.11 0.19  0.0    9 18.4  8.4      3132
 3133 2021- 5- 8 19:59     - 54 41  160 47  35.82 0.39  0.0    9 24.6 30.9      3133
 3134 2021- 5- 8 20:15     - 55 19  161 41   1.50 0.10  0.0    4  1.7 13.2      3134
 3135 2021- 5- 8 21:26     - 54 54  161  2   3.01 0.20  0.0    6 18.5 20.6      3135
  SEQ ---DATE--- TIME REMARK -LAT-  --LON-  DEPTH  RMS PMAG  NUM  ERH  ERZ  ID
 3136 2021- 5- 8 21:26     - 54 58  161 10   3.00 0.46  0.0    4 34.7 40.0      3136
 3137 2021- 5- 9  0:53     - 54 27  162 25   2.57 0.14  0.0    8  7.1 15.4      3137
 3138 2021- 5- 9  0:58     - 55  3  161 29   2.43 0.04  0.0    4 12.0  4.1      3138
 3139 2021- 5- 9  0:58     - 55 11  161 58   0.89 0.20  0.0    4  1.7 17.1      3139
 3140 2021- 5- 9  2:06     - 55 50  160 51   2.99 0.18  0.0    5 17.1 17.4      3140
 3141 2021- 5- 9  2:51     - 54 56  162 13   1.22 0.02  0.0    4  7.4 12.4      3141
 *** DISTANCE & RESIDUAL WEIGHTING CANCELLED FOR EVENT: 2021  5  9  3 25
 3142 2021- 5- 9  3:25     # 55 12  161 57  10.27 0.56  0.0    4 17.5  6.0      3142
 *** DISTANCE & RESIDUAL WEIGHTING CANCELLED FOR EVENT: 2021  5  9  7 25
 3143 2021- 5- 9  7:25     - 55 12  163 18   3.00 1.09  0.0    4 38.8 82.4      3143
 *** DISTANCE & RESIDUAL WEIGHTING CANCELLED FOR EVENT: 2021  5  9  7 47
 3144 2021- 5- 9  7:47     - 55 20  161 33   2.96 0.46  0.0    4  5.2 34.6      3144
 3145 2021- 5- 9  8:00     - 55 10  163 13   3.08 0.21  0.0    8  8.2 17.8      3145
 *** DISTANCE & RESIDUAL WEIGHTING CANCELLED FOR EVENT: 2021  5  9  8  0
 3146 2021- 5- 9  8:00     - 55 22  162 47  13.28 1.23  0.0    4 52.8 94.5      3146
 *** DISTANCE & RESIDUAL WEIGHTING CANCELLED FOR EVENT: 2021  5  9  8  0
 3147 2021- 5- 9  8:00     - 55  7  161 55   2.09 0.63  0.0    4 50.5 11.1      3147
 3148 2021- 5- 9 11:26     - 54 51  161 39   3.01 0.21  0.0    4 18.3 21.7      3148
 3149 2021- 5- 9 12:17     - 54 52  163  6   3.21 0.31  0.0    8 10.9 24.7      3149
 3150 2021- 5- 9 12:17     - 55  6  161 42   1.26 0.16  0.0    6  5.2 13.3      3150
 *** DISTANCE & RESIDUAL WEIGHTING CANCELLED FOR EVENT: 2021  5  9 12 17
  SEQ ---DATE--- TIME REMARK -LAT-  --LON-  DEPTH  RMS PMAG  NUM  ERH  ERZ  ID
 3151 2021- 5- 9 12:17     - 54 44  161 48   3.00 0.53  0.0    4 41.2 44.3      3151
 *** DISTANCE & RESIDUAL WEIGHTING CANCELLED FOR EVENT: 2021  5  9 14 25
 3152 2021- 5- 9 14:25     # 55 19  161 58   3.00 1.11  0.0    4 14.8 35.4      3152
 3153 2021- 5- 9 19:44     - 55 10  162  8   0.37 0.68  0.0    8  2.8 46.3      3153
 3154 2021- 5- 9 19:44     - 54 51  162  7   3.09 0.15  0.0    4 15.4 16.2      3154
 3155 2021- 5- 9 19:47     - 55  3  160 59   2.84 0.23  0.0   17  7.0 14.6      3155
 3156 2021- 5- 9 23:34     - 55 28  161 36  25.68 0.05  0.0    5  8.5  9.5      3156
 3157 2021- 5- 9 23:34     - 55 52  159 30   3.31 0.11  0.0    6 11.1  9.8      3157
 3158 2021- 5-10  2:57       55  6  162  2   3.35 0.00  0.0    4  1.4  5.6      3158
 3159 2021- 5-10  2:57     - 54 54  161 39   7.62 0.10  0.0    4  9.3 11.5      3159
 3160 2021- 5-10  3:08     - 54 31  163 15   3.02 0.02  0.0    4  7.8 11.5      3160
 3161 2021- 5-10  5:45     - 54 28  163 12   3.06 0.19  0.0    6  8.4 18.3      3161
 3162 2021- 5-10  6:12     - 54 49  161 15  29.91 0.21  0.0   10 15.5  1.9      3162
 3163 2021- 5-10  6:12     - 54 42  160 47   3.06 0.13  0.0    4 14.6 15.4      3163
 3164 2021- 5-10  6:23     - 54 32  161 38   2.81 0.21  0.0    7  8.7 18.6      3164
 3165 2021- 5-10  6:34     - 54 59  160 59  32.01 0.19  0.0    9 16.5  1.5      3165
  SEQ ---DATE--- TIME REMARK -LAT-  --LON-  DEPTH  RMS PMAG  NUM  ERH  ERZ  ID
 3166 2021- 5-10  6:34     - 54 44  160 28  23.72 0.24  0.0    8 20.9  5.2      3166
 *** DISTANCE & RESIDUAL WEIGHTING CANCELLED FOR EVENT: 2021  5 10  6 39
 3167 2021- 5-10  6:39     # 54 36  160 47   3.00 1.53  0.0    6 37.4 58.8      3167
 3168 2021- 5-10  7:05       55 32  161 51  40.12 0.01  0.0    5  5.4  2.7      3168
 *** DISTANCE & RESIDUAL WEIGHTING CANCELLED FOR EVENT: 2021  5 10  8  0
 3169 2021- 5-10  7:59     # 55 18  161 54   3.19 0.74  0.0    4  4.2 43.9      3169
 3170 2021- 5-10  8:06     - 54 44  161  3   8.99 0.19  0.0    8 17.8 20.0      3170
 3171 2021- 5-10  8:07       55 23  161 48   2.39 0.01  0.0    5  0.8  2.3      3171
 3172 2021- 5-10 12:56     - 55  5  161 25   0.02 0.12  0.0    5 15.0  3.8      3172
 3173 2021- 5-10 12:56     - 54 56  161 50   6.19 0.19  0.0    5 16.2 20.2      3173
 3174 2021- 5-10 14:09     - 55  2  162 21  11.62 0.03  0.0    4 10.5  7.0      3174
 3175 2021- 5-10 14:10       54 59  162 20   3.00 1.95  0.0    6 16.4 14.9      3175
 3176 2021- 5-10 14:30     - 55 16  161  5  21.04 0.04  0.0    4  3.8  9.1      3176
 3177 2021- 5-10 14:34       55 13  162  8  49.05 0.00  0.0    4  8.7  1.4      3177
 3178 2021- 5-10 15:36     # 55  4  162 25  29.18 2.76  0.0    6 41.9 22.5      3178
 3179 2021- 5-10 16:57     - 55 23  162 49   3.00 0.09  0.0    4 13.8 14.2      3179
 3180 2021- 5-10 17:49       55  5  162  5   4.12 0.14  0.0   14  0.5  0.8      3180
  SEQ ---DATE--- TIME REMARK -LAT-  --LON-  DEPTH  RMS PMAG  NUM  ERH  ERZ  ID
 3181 2021- 5-10 18:04       55 24  161 51   3.82 0.07  0.0    5  1.3  6.2      3181
 3182 2021- 5-10 18:20       55 19  161 47  18.93 0.00  0.0    4  3.0  1.4      3182
 3183 2021- 5-10 19:19     - 55 19  160 23   3.20 0.20  0.0    8  8.5 18.6      3183
 *** DISTANCE & RESIDUAL WEIGHTING CANCELLED FOR EVENT: 2021  5 10 19 59
 3184 2021- 5-10 19:59     - 55 43  161 51   4.00 1.08  0.0    4 38.1 82.3      3184
 *** DISTANCE & RESIDUAL WEIGHTING CANCELLED FOR EVENT: 2021  5 10 20 25
 3185 2021- 5-10 20:25     - 55 33  162 55   3.00 0.54  0.0    4 19.8 42.2      3185
 *** DISTANCE & RESIDUAL WEIGHTING CANCELLED FOR EVENT: 2021  5 10 20 40
 3186 2021- 5-10 20:40     # 55 27  161 54  11.54 1.39  0.0    5 15.7 34.4      3186
 3187 2021- 5-10 22:04     - 54 47  160 48   2.75 0.18  0.0   12  7.9 17.2      3187
 *** DISTANCE & RESIDUAL WEIGHTING CANCELLED FOR EVENT: 2021  5 10 22 49
 3188 2021- 5-10 22:49     - 55 33  160 59   3.00 0.42  0.0    5 15.5 33.6      3188
 3189 2021- 5-10 23:02     - 54 52  161 47   3.05 0.21  0.0    4 12.2 19.8      3189
 3190 2021- 5-11  1:42       54 59  161 39  13.60 0.39  0.0    9 15.0  8.2      3190
 3191 2021- 5-11  1:42       55  0  161 19   0.91 0.17  0.0    6 12.2  3.3      3191
 3192 2021- 5-11  2:04       55 19  161 41  14.96 0.12  0.0    6  3.7  1.4      3192
 3193 2021- 5-11  2:16     - 55 24  161 51   1.13 0.01  0.0    4  1.2 10.9      3193
 *** DISTANCE & RESIDUAL WEIGHTING CANCELLED FOR EVENT: 2021  5 11  3 43
 3194 2021- 5-11  3:43     - 55 47  162 37   3.00 0.76  0.0    4 28.0 57.9      3194
 3195 2021- 5-11  3:44       55 30  161 52  47.44 0.05  0.0    8  3.0  1.3      3195
  SEQ ---DATE--- TIME REMARK -LAT-  --LON-  DEPTH  RMS PMAG  NUM  ERH  ERZ  ID
 3196 2021- 5-11  3:46       55 31  161 44  39.44 0.15  0.0    7  2.4  1.7      3196
 3197 2021- 5-11  3:59     # 54 33  162 57  62.89 0.82  0.0    8 25.2 12.5      3197
 3198 2021- 5-11  4:00     - 54 35  161 47   3.78 0.07  0.0    5  5.4 12.2      3198
 *** DISTANCE & RESIDUAL WEIGHTING CANCELLED FOR EVENT: 2021  5 11  4 33
 3199 2021- 5-11  4:33     # 55 25  161 40   9.23 0.37  0.0    4 11.1 11.8      3199
 3200 2021- 5-11  7:17     - 55 22  162 15   6.56 0.11  0.0    5  1.6 15.3      3200
 3201 2021- 5-11  8:09     - 55 45  160 24   3.00 0.13  0.0    4 14.2 14.4      3201
 3202 2021- 5-11  9:51     - 54 32  161 41   2.59 0.20  0.0   14  7.9 16.7      3202
 *** DISTANCE & RESIDUAL WEIGHTING CANCELLED FOR EVENT: 2021  5 11 10 21
 3203 2021- 5-11 10:20     - 55 12  161 53   2.62 0.23  0.0    4  6.0 20.6      3203
 3204 2021- 5-11 10:22     - 54 42  160 53   2.94 0.16  0.0    7  7.8 16.4      3204
 3205 2021- 5-11 10:23     - 55 15  161 37   2.60 0.02  0.0    4  8.7 12.3      3205
 3206 2021- 5-11 11:04     - 55 13  162 17   1.82 0.10  0.0    4  7.0 13.0      3206
 3207 2021- 5-11 11:31     - 54 55  162 11   0.31 0.09  0.0    5  2.6 12.0      3207
 3208 2021- 5-11 12:39       55 19  161 51  23.90 0.05  0.0    6  2.0  2.9      3208
 3209 2021- 5-11 12:49     - 55 24  161 51   0.93 0.05  0.0    6  0.6 11.2      3209
 *** DISTANCE & RESIDUAL WEIGHTING CANCELLED FOR EVENT: 2021  5 11 13 57
 3210 2021- 5-11 13:57     # 55  9  161 60   3.00 2.78  0.0    5 64.0 50.3      3210
 *** DISTANCE & RESIDUAL WEIGHTING CANCELLED FOR EVENT: 2021  5 11 13 58
  SEQ ---DATE--- TIME REMARK -LAT-  --LON-  DEPTH  RMS PMAG  NUM  ERH  ERZ  ID
 3211 2021- 5-11 13:57     - 55 18  160 32   3.08 1.01  0.0    4 65.5 84.3      3211
 3212 2021- 5-11 14:50       55 21  161 34  27.33 0.16  0.0    7  4.0  1.7      3212
 3213 2021- 5-11 15:07     - 54 58  161 24  20.93 0.20  0.0    8 17.3  6.5      3213
 3214 2021- 5-11 15:07     - 55  6  160 45   3.04 0.15  0.0    7 15.2 17.4      3214
 3215 2021- 5-11 15:08     - 55 28  162  5   4.61 0.39  0.0    4  7.9 32.3      3215
 3216 2021- 5-11 15:18       55 21  161 39  13.32 0.31  0.0    7  4.7  6.8      3216
 3217 2021- 5-11 15:33     - 54 41  160 59  25.67 0.18  0.0   11 15.8  3.4      3217
 3218 2021- 5-11 15:33     - 54 31  160 59  21.33 0.32  0.0    8 20.6  5.8      3218
 3219 2021- 5-11 15:35     - 55 23  161 52  13.88 0.01  0.0    4  1.5  9.1      3219
 3220 2021- 5-11 15:39     - 54 57  161 14   9.49 0.13  0.0    5 14.6 15.6      3220
 3221 2021- 5-11 15:39     - 54 59  161 34   5.82 0.05  0.0    5  5.7 13.1      3221
 3222 2021- 5-11 17:07     # 55 16  161 54  54.35 0.19  0.0    7  6.2  1.9      3222
 3223 2021- 5-11 17:24       55 19  161 22  35.26 0.16  0.0    5  6.7  4.7      3223
 3224 2021- 5-11 17:33       55 20  161 16  16.99 0.03  0.0    5  4.7  1.2      3224
 3225 2021- 5-11 19:19       55 19  161 50  26.83 0.09  0.0    7  3.5  1.5      3225
  SEQ ---DATE--- TIME REMARK -LAT-  --LON-  DEPTH  RMS PMAG  NUM  ERH  ERZ  ID
 3226 2021- 5-11 19:54     - 55 24  161 49   0.02 0.06  0.0    5  0.6 13.3      3226
 3227 2021- 5-11 20:06       55 25  161 40  23.51 0.21  0.0    8  1.9  2.6      3227
 3228 2021- 5-11 20:10       55 18  161 55  23.29 0.22  0.0    7  3.8  1.7      3228
 3229 2021- 5-11 20:28     - 54 52  160 58  28.54 0.21  0.0   11 16.0  2.6      3229
 3230 2021- 5-11 20:28     - 54 42  160 15  35.16 0.42  0.0    8 33.0 35.9      3230
 3231 2021- 5-11 20:35     - 55  9  162 37   6.13 0.02  0.0    4  6.0 12.6      3231
 *** DISTANCE & RESIDUAL WEIGHTING CANCELLED FOR EVENT: 2021  5 11 20 36
 3232 2021- 5-11 20:36     - 55  6  161 60   3.00 1.34  0.0    4 39.6 85.9      3232
 *** DISTANCE & RESIDUAL WEIGHTING CANCELLED FOR EVENT: 2021  5 11 21 12
 3233 2021- 5-11 21:12     - 55  8  161 56   8.80 0.31  0.0    4 18.5 20.9      3233
 3234 2021- 5-11 21:13       55 15  162 15   2.82 0.03  0.0    5  1.8  3.2      3234
 3235 2021- 5-11 21:19     - 55  1  161 19   0.33 0.13  0.0    4 16.6  9.2      3235
 3236 2021- 5-11 21:49       55 22  161 45  15.98 0.21  0.0    7  2.1  3.7      3236
 3237 2021- 5-11 22:58       55 15  161 55  19.42 0.00  0.0    4  1.4  1.7      3237
 3238 2021- 5-11 23:08       54 49  161 13  29.87 0.24  0.0    9  5.3  1.6      3238
 3239 2021- 5-11 23:08     - 54 38  160 57  29.16 0.25  0.0    4 22.0 23.1      3239
 3240 2021- 5-11 23:16     - 55  2  162  9   0.74 0.07  0.0    4  0.9 13.7      3240
 *** DISTANCE & RESIDUAL WEIGHTING CANCELLED FOR EVENT: 2021  5 11 23 16
  SEQ ---DATE--- TIME REMARK -LAT-  --LON-  DEPTH  RMS PMAG  NUM  ERH  ERZ  ID
 3241 2021- 5-11 23:16     # 55  2  162 10   7.48 0.00  0.0    4  1.3  4.6      3241
 *** DISTANCE & RESIDUAL WEIGHTING CANCELLED FOR EVENT: 2021  5 12  0  0
 3242 2021- 5-12  0:00     - 55 15  162 15   3.01 0.59  0.0    4  6.5 46.1      3242
 *** DISTANCE & RESIDUAL WEIGHTING CANCELLED FOR EVENT: 2021  5 12  0 15
 3243 2021- 5-12  0:15     # 55 25  161 55   3.00 0.42  0.0    4  3.2 21.7      3243
 *** DISTANCE & RESIDUAL WEIGHTING CANCELLED FOR EVENT: 2021  5 12  0 42
 3244 2021- 5-12  0:42     - 55 11  162 11   2.94 0.30  0.0    5  6.4 20.8      3244
 3245 2021- 5-12  0:51       55 31  161 57  36.84 0.17  0.0    7  2.7  1.9      3245
 3246 2021- 5-12  1:20     - 55  2  162 24  45.87 0.02  0.0    4  4.5  9.2      3246
 3247 2021- 5-12  1:48     - 55  5  160 21   3.00 0.34  0.0    7 27.6 31.1      3247
 3248 2021- 5-12  2:04     # 54 55  162 11   0.02 0.12  0.0    7  1.8  6.9      3248
 3249 2021- 5-12  2:04       54 56  162 13   1.67 0.12  0.0    5  4.0  7.1      3249
 *** DISTANCE & RESIDUAL WEIGHTING CANCELLED FOR EVENT: 2021  5 12  2 30
 3250 2021- 5-12  2:29     - 55 40  161 26   3.00 1.00  0.0    5 35.3 76.4      3250
 3251 2021- 5-12  3:00     # 54 53  162  8   0.02 0.07  0.0    5  8.9  6.4      3251
 *** DISTANCE & RESIDUAL WEIGHTING CANCELLED FOR EVENT: 2021  5 12  3  0
 3252 2021- 5-12  3:00     # 54 58  162 15   3.02 0.89  0.0    7  9.6  8.7      3252
 3253 2021- 5-12  3:14     # 55  0  162 11  15.96 2.75  0.0    6 23.1 29.9      3253
 3254 2021- 5-12  3:14     - 54 53  161 54   2.94 0.10  0.0    5  6.5 13.7      3254
 3255 2021- 5-12  3:26       55 17  161 31  20.44 0.23  0.0    5  6.1  8.5      3255
  SEQ ---DATE--- TIME REMARK -LAT-  --LON-  DEPTH  RMS PMAG  NUM  ERH  ERZ  ID
 3256 2021- 5-12  4:44     - 55 18  162  0   1.00 0.15  0.0    5  2.0 14.5      3256
 3257 2021- 5-12  5:00       55 30  161 43  32.57 0.14  0.0    8  2.4  3.3      3257
 3258 2021- 5-12  5:19       55 28  161 53  33.46 0.11  0.0    8  2.6  1.7      3258
 3259 2021- 5-12  5:34       55 24  161 53  20.83 0.00  0.0    4  3.3  4.5      3259
 3260 2021- 5-12  6:28       55 17  161 54  16.05 0.08  0.0    5  1.5  0.9      3260
 *** DISTANCE & RESIDUAL WEIGHTING CANCELLED FOR EVENT: 2021  5 12  7 48
 3261 2021- 5-12  7:48     # 55 42  161 49   2.73 0.42  0.0    5  6.2  8.3      3261
 3262 2021- 5-12  8:26     - 54 54  161 21  22.31 0.12  0.0    5 15.4  6.5      3262
 3263 2021- 5-12  8:26     - 55  7  161 44  18.88 0.08  0.0    4 12.0  5.5      3263
 3264 2021- 5-12  8:56     - 55 16  161 51  68.60 0.40  0.0   10  6.8 26.4      3264
 3265 2021- 5-12  9:34     # 54 51  162 10   0.02 0.13  0.0    9  4.4  1.8      3265
 *** DISTANCE & RESIDUAL WEIGHTING CANCELLED FOR EVENT: 2021  5 12  9 34
 3266 2021- 5-12  9:34     # 55  1  162 13   5.29 1.43  0.0    5 46.5 10.2      3266
 3267 2021- 5-12  9:35     - 55 11  163 14   2.63 0.37  0.0    8 12.8 29.0      3267
 3268 2021- 5-12  9:38       55  1  162 13   3.55 0.05  0.0    5  1.4  9.0      3268
 3269 2021- 5-12 10:09     - 54 60  162 19   2.93 0.01  0.0    4  4.9 11.0      3269
 3270 2021- 5-12 10:22     - 55 25  161 50   0.75 0.14  0.0    5  0.7 12.9      3270
  SEQ ---DATE--- TIME REMARK -LAT-  --LON-  DEPTH  RMS PMAG  NUM  ERH  ERZ  ID
 3271 2021- 5-12 10:32       55 17  161 43  18.20 0.01  0.0    5  3.0  2.1      3271
 3272 2021- 5-12 10:33     - 54 29  161 46   1.84 0.19  0.0    8  8.5 17.9      3272
 3273 2021- 5-12 12:14     - 55  7  161 53   8.94 0.20  0.0    4 12.1  9.3      3273
 3274 2021- 5-12 12:14     - 54 54  161 42   1.79 0.13  0.0    4  5.7 16.6      3274
 3275 2021- 5-12 12:24     - 55 11  160 28   3.00 0.17  0.0    5 15.7 18.6      3275
 3276 2021- 5-12 12:25     - 55  0  161  3   2.99 0.13  0.0    4 14.8 15.7      3276
 3277 2021- 5-12 12:45       55 28  161 51  28.87 0.14  0.0    5  3.1  4.1      3277
 *** DISTANCE & RESIDUAL WEIGHTING CANCELLED FOR EVENT: 2021  5 12 13 58
 3278 2021- 5-12 13:58     - 55  8  161 58   2.93 0.15  0.0    4  4.5 16.2      3278
 *** DISTANCE & RESIDUAL WEIGHTING CANCELLED FOR EVENT: 2021  5 12 13 59
 3279 2021- 5-12 13:58     - 55 43  161 27   3.01 0.71  0.0    5 24.4 55.5      3279
 3280 2021- 5-12 15:08       55 25  161 40  11.78 0.12  0.0    6  1.2  4.4      3280
 3281 2021- 5-12 15:26       55 18  161 47  25.59 0.04  0.0    6  3.1  1.2      3281
 3282 2021- 5-12 15:37     - 55 25  161 51   1.13 0.05  0.0    5  0.6  9.9      3282
 3283 2021- 5-12 15:38     - 55  1  162  3   0.52 0.05  0.0    9  0.6 10.5      3283
 3284 2021- 5-12 16:20     - 54 58  161 28  25.74 0.20  0.0    8 17.3  4.5      3284
 3285 2021- 5-12 16:20     - 54 34  160 58   3.10 0.30  0.0    5 24.9 26.5      3285
  SEQ ---DATE--- TIME REMARK -LAT-  --LON-  DEPTH  RMS PMAG  NUM  ERH  ERZ  ID
 3286 2021- 5-12 17:02     - 54 39  161 57   3.00 0.10  0.0    6 11.6 14.8      3286
 3287 2021- 5-12 17:53     - 54 50  160 52  26.92 0.17  0.0   10 16.6  5.8      3287
 3288 2021- 5-12 17:54       54 51  161 21  27.55 0.13  0.0    6 10.4  4.6      3288
 *** DISTANCE & RESIDUAL WEIGHTING CANCELLED FOR EVENT: 2021  5 12 18  2
 3289 2021- 5-12 18:02     - 55 31  161 40   3.05 0.47  0.0    4  6.0 39.5      3289
 3290 2021- 5-12 18:14     # 55 13  161 39  34.50 0.05  0.0    4  7.7  2.3      3290
 3291 2021- 5-12 18:31     - 55 14  162 33  10.05 0.28  0.0    8  4.7 19.0      3291
 3292 2021- 5-12 20:26       55 19  161 41  20.27 0.00  0.0    4  6.4  3.5      3292
 3293 2021- 5-12 20:50     - 55  1  161 29  20.84 0.18  0.0    5 14.4  5.7      3293
 3294 2021- 5-12 20:51     - 55 17  162 11   2.91 0.08  0.0    4  1.3 12.8      3294
 3295 2021- 5-12 21:33     - 54 18  161 29   0.05 0.25  0.0    8 13.2 21.5      3295
 *** DISTANCE & RESIDUAL WEIGHTING CANCELLED FOR EVENT: 2021  5 12 21 33
 3296 2021- 5-12 21:33     - 54 58  162 41   0.05 0.01  0.0    4  9.9  7.0      3296
 3297 2021- 5-12 21:33     # 55 21  161 48   0.04 0.15  0.0    5  1.5 11.8      3297
 *** DISTANCE & RESIDUAL WEIGHTING CANCELLED FOR EVENT: 2021  5 12 21 42
 3298 2021- 5-12 21:42     - 54 59  162 13   3.00 1.79  0.0    5 68.0 71.9      3298
 3299 2021- 5-12 22:03     - 55  8  163 25   2.88 0.34  0.0    9 11.6 26.8      3299
 3300 2021- 5-12 22:06       54 55  162 11   2.98 0.06  0.0    7  1.8  1.4      3300
  SEQ ---DATE--- TIME REMARK -LAT-  --LON-  DEPTH  RMS PMAG  NUM  ERH  ERZ  ID
 3301 2021- 5-12 22:23     - 55 16  161 37   0.23 0.09  0.0    4 10.4 14.2      3301
 3302 2021- 5-12 22:24     - 55  4  161 54   5.73 0.06  0.0    4 13.1  2.0      3302
 3303 2021- 5-12 22:24     - 54 38  161 12  17.03 0.29  0.0    7 16.8 27.1      3303
 3304 2021- 5-12 23:02     # 54 58  162  9   0.28 0.17  0.0    6  1.8 10.5      3304
 3305 2021- 5-12 23:25     - 54 31  161  4   3.16 0.09  0.0    9  6.1 13.2      3305
 3306 2021- 5-13  1:35     - 55  3  161 23   0.80 0.12  0.0    5 12.2  2.7      3306
 3307 2021- 5-13  1:43     - 55 24  161 48   0.51 0.11  0.0    5  1.2 13.0      3307
 3308 2021- 5-13  1:58       55 27  161 51   7.48 0.25  0.0    6  1.7  4.1      3308
 3309 2021- 5-13  2:08       55 26  161 49  33.95 0.23  0.0    7  3.7  3.8      3309
 3310 2021- 5-13  2:15       55 30  161 37  13.27 0.10  0.0    7  3.0  4.8      3310
 3311 2021- 5-13  3:22     - 54 54  161 26  27.66 0.22  0.0    8 17.7  8.4      3311
 *** DISTANCE & RESIDUAL WEIGHTING CANCELLED FOR EVENT: 2021  5 13  3 22
 3312 2021- 5-13  3:22     - 55  9  161 56   2.64 0.53  0.0    4 11.5 43.6      3312
 3313 2021- 5-13  3:22     - 55  8  161 16   2.74 0.10  0.0    6  4.5 14.4      3313
 *** DISTANCE & RESIDUAL WEIGHTING CANCELLED FOR EVENT: 2021  5 13  4 20
 3314 2021- 5-13  4:20     - 55 23  161 24   1.50 0.30  0.0    5  3.8 27.4      3314
 3315 2021- 5-13  5:26     - 54 57  161 49   7.57 0.19  0.0    4 15.7 17.0      3315
  SEQ ---DATE--- TIME REMARK -LAT-  --LON-  DEPTH  RMS PMAG  NUM  ERH  ERZ  ID
 3316 2021- 5-13  5:29     - 54 56  162 11   0.96 0.11  0.0    4 10.0 15.1      3316
 3317 2021- 5-13  6:17     - 55 14  160 52  34.44 0.08  0.0    9  9.9  8.5      3317
 3318 2021- 5-13  6:17     - 56  1  162 14   3.04 0.48  0.0    5 37.0 40.7      3318
 3319 2021- 5-13  6:19       55 19  161 31  31.13 0.19  0.0    7  4.0  4.4      3319
 3320 2021- 5-13  6:40       55 16  161 38  16.17 0.09  0.0    7  1.7  3.3      3320
 3321 2021- 5-13  8:10       54 53  162 13   2.47 0.15  0.0    8  3.7  2.3      3321
 3322 2021- 5-13  8:10     - 54 56  162  5   0.19 0.58  0.0    4 25.4 47.9      3322
 *** DISTANCE & RESIDUAL WEIGHTING CANCELLED FOR EVENT: 2021  5 13  8 37
 3323 2021- 5-13  8:37     - 55 36  162  1   3.00 0.24  0.0    4 17.8 12.1      3323
 3324 2021- 5-13  8:54     - 55  3  161 19   0.61 0.19  0.0    5 17.6  5.1      3324
 3325 2021- 5-13  8:54       55  8  161 45  16.99 0.11  0.0    4  5.8  2.1      3325
 3326 2021- 5-13  9:29     - 54 57  162 11   0.22 0.14  0.0    6  1.6 14.0      3326
 3327 2021- 5-13  9:30     - 54 56  162 28   0.02 0.71  0.0    4 52.5 15.8      3327
 3328 2021- 5-13 11:39       54 33  162 47  58.40 0.15  0.0   11  3.6  1.8      3328
 *** DISTANCE & RESIDUAL WEIGHTING CANCELLED FOR EVENT: 2021  5 13 11 43
 3329 2021- 5-13 11:43     - 55  3  161 55   3.00 0.72  0.0    4 50.6 18.4      3329
 3330 2021- 5-13 11:47     - 54 46  161 14   2.85 0.33  0.0   13  9.9 20.5      3330
 *** DISTANCE & RESIDUAL WEIGHTING CANCELLED FOR EVENT: 2021  5 13 13  5
  SEQ ---DATE--- TIME REMARK -LAT-  --LON-  DEPTH  RMS PMAG  NUM  ERH  ERZ  ID
 3331 2021- 5-13 13:05     - 55 13  161 35   3.02 0.29  0.0    4 27.0  4.0      3331
 3332 2021- 5-13 13:16     - 54 57  161 21  27.35 0.24  0.0    8 18.8  8.7      3332
 3333 2021- 5-13 13:16     - 55  1  161 44  48.33 0.27  0.0    6 18.0 12.2      3333
 3334 2021- 5-13 13:31     - 55 27  161 47   8.96 0.08  0.0    4  8.3 10.2      3334
 3335 2021- 5-13 15:01     - 54 28  162 13   2.85 0.16  0.0    6  7.7 16.7      3335
 3336 2021- 5-13 15:18     - 54 42  161 48   3.90 0.17  0.0   15  5.9 12.3      3336
 3337 2021- 5-13 15:26     - 55 17  161 30   2.34 0.10  0.0    5  3.1 13.4      3337
 3338 2021- 5-13 19:11     - 55 20  163 10   2.90 0.15  0.0    4  7.0 16.2      3338
 *** DISTANCE & RESIDUAL WEIGHTING CANCELLED FOR EVENT: 2021  5 13 19 12
 3339 2021- 5-13 19:11     - 55 20  162 13   1.24 0.41  0.0    4  6.9 30.0      3339
 3340 2021- 5-13 21:06     - 54 46  162 13   0.03 0.16  0.0    8 17.5  3.4      3340
 *** DISTANCE & RESIDUAL WEIGHTING CANCELLED FOR EVENT: 2021  5 13 21  6
 3341 2021- 5-13 21:06     # 54 58  162  5   2.98 0.71  0.0    6 32.9  3.7      3341
 3342 2021- 5-14  2:07       55 15  161 30  20.42 0.13  0.0    8  6.9  3.0      3342
 3343 2021- 5-14  2:07     - 55 57  162 10   3.02 0.31  0.0    5 23.7 28.5      3343
 *** DISTANCE & RESIDUAL WEIGHTING CANCELLED FOR EVENT: 2021  5 14  8  0
 3344 2021- 5-14  7:59     - 55 56  162 19   3.00 1.01  0.0    4 36.1 77.2      3344
 *** DISTANCE & RESIDUAL WEIGHTING CANCELLED FOR EVENT: 2021  5 14  8 12
 3345 2021- 5-14  8:12     - 55 24  162 23   2.96 0.45  0.0    4  9.0 38.9      3345
  SEQ ---DATE--- TIME REMARK -LAT-  --LON-  DEPTH  RMS PMAG  NUM  ERH  ERZ  ID
 3346 2021- 5-14 10:49     - 55 16  161  8  19.05 0.22  0.0    7 17.3  9.9      3346
 3347 2021- 5-14 10:51     - 55 11  162  5  28.68 0.20  0.0    5 13.3  7.2      3347
 3348 2021- 5-14 12:16       55 22  161 46  16.41 0.13  0.0    6  2.9  1.2      3348
 3349 2021- 5-14 14:14     - 55  6  161 20  27.67 0.23  0.0    8 16.4  6.3      3349
 3350 2021- 5-14 14:14     - 54 51  160 35  34.45 0.40  0.0    8 24.0 33.7      3350
 3351 2021- 5-14 14:15       55 21  161 26  22.43 0.10  0.0    5  2.5  5.6      3351
 3352 2021- 5-14 16:42       55 21  161 44  17.36 0.13  0.0    7  2.3  1.1      3352
 3353 2021- 5-14 19:17     # 55 23  161 24   5.27 0.10  0.0    4  6.5  1.0      3353
 3354 2021- 5-14 20:59     - 54 34  161 52   2.77 0.53  0.0    8 16.8 41.6      3354
 *** DISTANCE & RESIDUAL WEIGHTING CANCELLED FOR EVENT: 2021  5 14 20 59
 3355 2021- 5-14 20:59     - 55  3  162 29   3.00 0.78  0.0    4 55.4 65.2      3355
 3356 2021- 5-14 22:27     - 54 25  161 32   2.56 0.41  0.0    9 14.8 31.4      3356
 3357 2021- 5-14 23:36     - 55 22  161 31   6.58 0.14  0.0    4  2.6 16.9      3357
 3358 2021- 5-15  0:02       55 14  161 22   0.65 0.00  0.0    4  3.2  4.6      3358
 3359 2021- 5-15  0:49     - 54 55  161  1  20.28 0.18  0.0    9 16.1 13.0      3359
 3360 2021- 5-15  0:49     - 54 49  160 55  25.55 0.23  0.0    8 16.5  3.7      3360
 *** DISTANCE & RESIDUAL WEIGHTING CANCELLED FOR EVENT: 2021  5 15  1 50
  SEQ ---DATE--- TIME REMARK -LAT-  --LON-  DEPTH  RMS PMAG  NUM  ERH  ERZ  ID
 3361 2021- 5-15  1:50     - 55 28  161 30   3.00 0.89  0.0    4 13.8 70.5      3361
 3362 2021- 5-15  2:01       55 17  161 27  23.61 0.07  0.0    5  3.3  4.7      3362
 3363 2021- 5-15  3:37     - 55  4  161 33   1.98 0.10  0.0    4 11.6  2.9      3363
 3364 2021- 5-15  3:42       55 21  161 57  11.29 1.68  0.0   11  6.3 16.0      3364
 3365 2021- 5-15  3:42     - 55  4  161  3   3.02 0.23  0.0    6 20.2 22.2      3365
 3366 2021- 5-15  3:49     - 55 21  161 28   7.31 0.06  0.0    4  2.6 12.1      3366
 3367 2021- 5-15  5:57     - 55 17  160 56   3.03 0.44  0.0    8 16.2 33.9      3367
 3368 2021- 5-15  6:21     - 54 41  160 45   3.00 0.16  0.0   16  6.8 14.6      3368
 *** DISTANCE & RESIDUAL WEIGHTING CANCELLED FOR EVENT: 2021  5 15  6 32
 3369 2021- 5-15  6:32     - 54 24  161 42   3.00 0.45  0.0    4 39.8 36.2      3369
 3370 2021- 5-15  6:37     - 54 41  161  8  20.72 0.14  0.0   11  3.7 14.3      3370
 3371 2021- 5-15  7:15     - 54 56  161 33  20.86 0.07  0.0    7 12.8  2.9      3371
 3372 2021- 5-15  7:15     - 55 22  161 24  40.18 0.02  0.0    5  8.3  6.9      3372
 *** DISTANCE & RESIDUAL WEIGHTING CANCELLED FOR EVENT: 2021  5 15  7 15
 3373 2021- 5-15  7:15     - 55 14  162 14   6.60 0.00  0.0    4  4.1 10.8      3373
 3374 2021- 5-15 10:36       54 55  161 24  16.77 0.08  0.0    7  8.8  0.8      3374
 3375 2021- 5-15 10:36       54 55  161 26  33.71 0.54  0.0    7 18.9  6.5      3375
 *** DISTANCE & RESIDUAL WEIGHTING CANCELLED FOR EVENT: 2021  5 15 11 14
  SEQ ---DATE--- TIME REMARK -LAT-  --LON-  DEPTH  RMS PMAG  NUM  ERH  ERZ  ID
 3376 2021- 5-15 11:13     - 54 42  163 26   3.16 0.17  0.0    4  8.0 17.1      3376
 *** DISTANCE & RESIDUAL WEIGHTING CANCELLED FOR EVENT: 2021  5 15 11 25
 3377 2021- 5-15 11:25     - 55 23  161 41  42.93 0.37  0.0    4 32.6  4.7      3377
 3378 2021- 5-15 13:02     - 54 38  160 42   3.15 0.16  0.0    9  7.5 16.3      3378
 3379 2021- 5-15 13:13     - 54 53  162  8   6.30 0.06  0.0    4  5.5 12.1      3379
 3380 2021- 5-15 13:13     - 55 37  161 37   3.07 0.10  0.0    4  8.1 12.5      3380
 3381 2021- 5-15 13:13     - 55  9  161  9   3.13 0.07  0.0    4  5.0 12.0      3381
 3382 2021- 5-15 13:35       55 27  161 45  33.26 0.19  0.0    5  4.1  5.5      3382
 3383 2021- 5-15 14:52       54 59  162 21   3.29 0.00  0.0    4  2.0  1.6      3383
 3384 2021- 5-15 15:36       55  9  161 28  30.45 0.03  0.0    5  3.1  2.8      3384
 3385 2021- 5-15 15:47       55 29  161 46  31.72 0.07  0.0    6  3.2  2.9      3385
 *** DISTANCE & RESIDUAL WEIGHTING CANCELLED FOR EVENT: 2021  5 15 18  0
 3386 2021- 5-15 18:00     - 55  7  162 57   3.00 1.02  0.0    6 32.6 77.2      3386
 3387 2021- 5-15 20:18     - 55  7  161  9  20.74 0.20  0.0    4 20.0 14.8      3387
 3388 2021- 5-15 20:18     - 55  9  161 55  38.50 0.14  0.0    4  8.4  8.6      3388
 3389 2021- 5-15 21:00     - 54 49  161 22  14.40 0.18  0.0    8 14.7  2.2      3389
 3390 2021- 5-15 21:00     - 54 27  161  2  34.20 0.27  0.0    7 22.0 25.5      3390
 *** DISTANCE & RESIDUAL WEIGHTING CANCELLED FOR EVENT: 2021  5 15 23 36
  SEQ ---DATE--- TIME REMARK -LAT-  --LON-  DEPTH  RMS PMAG  NUM  ERH  ERZ  ID
 3391 2021- 5-15 23:36     - 55 15  162 20   3.01 0.20  0.0    4  3.6 18.8      3391
 *** DISTANCE & RESIDUAL WEIGHTING CANCELLED FOR EVENT: 2021  5 16  0  0
 3392 2021- 5-15 23:59     # 55 19  162  2  23.56 0.79  0.0    4 15.5 24.1      3392
 3393 2021- 5-16  0:53       54 59  161 33  26.89 0.11  0.0    7  4.2  3.4      3393
 3394 2021- 5-16  0:53     - 55  1  161 35  30.67 0.07  0.0    5 10.6  5.0      3394
 3395 2021- 5-16  1:06     - 55  2  161 50   1.09 0.02  0.0    4  1.8  9.1      3395
 3396 2021- 5-16  1:09     - 55 10  162  5   5.44 0.08  0.0    6  6.1 12.9      3396
 3397 2021- 5-16  1:33     # 55 10  160 45  27.75 0.15  0.0    6  6.1  3.6      3397
 3398 2021- 5-16  2:20     # 55 11  161 56  22.09 0.06  0.0    5  4.9  4.9      3398
 3399 2021- 5-16  2:27     - 55 25  161 26   3.15 0.19  0.0    4  3.4 17.6      3399
 3400 2021- 5-16  4:52     - 55 24  161 23  16.13 0.08  0.0    4  7.0  7.2      3400
 3401 2021- 5-16  7:19     - 55 22  161 49  45.61 0.17  0.0    4 17.0 12.0      3401
 *** DISTANCE & RESIDUAL WEIGHTING CANCELLED FOR EVENT: 2021  5 16  8 16
 3402 2021- 5-16  8:16     - 55 11  162  5   3.05 0.20  0.0    4 20.9 17.6      3402
 *** DISTANCE & RESIDUAL WEIGHTING CANCELLED FOR EVENT: 2021  5 16  8 26
 3403 2021- 5-16  8:26     # 55 11  161 48   3.00 0.35  0.0    5  4.5  2.9      3403
 3404 2021- 5-16  8:26     # 55 43  161 56   3.03 1.08  0.0    4 35.6 36.9      3404
 3405 2021- 5-16  8:39     - 55 47  161 29   0.01 0.58  0.0    5 20.8 45.1      3405
  SEQ ---DATE--- TIME REMARK -LAT-  --LON-  DEPTH  RMS PMAG  NUM  ERH  ERZ  ID
 3406 2021- 5-16 13:25     - 55 21  161 45  12.10 0.01  0.0    4  6.8  6.5      3406
 3407 2021- 5-16 13:30     - 54 58  162 17   5.76 0.12  0.0    5  8.9  7.1      3407
 3408 2021- 5-16 13:53     - 55 25  161 52   1.63 0.04  0.0    4  1.0 10.6      3408
 3409 2021- 5-16 14:13       55 24  161 30  51.02 0.17  0.0    7  6.8  2.7      3409
 3410 2021- 5-16 14:18     - 54 19  162 10  33.89 0.16  0.0    8  3.2 18.0      3410
 3411 2021- 5-16 14:21     - 54 52  160 59  34.25 0.25  0.0    5 17.3 18.6      3411
 3412 2021- 5-16 14:21     - 54 54  161 18  23.74 0.11  0.0    6 13.7  3.6      3412
 3413 2021- 5-16 15:47     - 54 55  161 19  31.22 0.22  0.0    9 17.8  1.4      3413
 3414 2021- 5-16 15:48     - 54 46  161 28   3.00 0.16  0.0    4 16.4 18.0      3414
 3415 2021- 5-16 16:14     - 56  9  161 17   3.12 0.07  0.0    4  6.1 12.5      3415
 3416 2021- 5-16 16:14       55 11  161 47  14.17 0.01  0.0    4  4.0  2.6      3416
 *** DISTANCE & RESIDUAL WEIGHTING CANCELLED FOR EVENT: 2021  5 16 16 17
 3417 2021- 5-16 16:17     # 55 16  162 15   3.00 2.20  0.0    6 25.9 83.8      3417
 *** DISTANCE & RESIDUAL WEIGHTING CANCELLED FOR EVENT: 2021  5 16 17 40
 3418 2021- 5-16 17:40     - 55 16  162  5   2.91 0.24  0.0    4  3.3 20.1      3418
 3419 2021- 5-16 18:12     - 54 60  162 18   0.06 0.07  0.0    5  1.2 13.7      3419
 3420 2021- 5-16 18:12     - 54 60  162 18   1.66 0.02  0.0    4  3.7 11.8      3420
 *** DISTANCE & RESIDUAL WEIGHTING CANCELLED FOR EVENT: 2021  5 16 18 18
  SEQ ---DATE--- TIME REMARK -LAT-  --LON-  DEPTH  RMS PMAG  NUM  ERH  ERZ  ID
 3421 2021- 5-16 18:18     - 55 11  161 52   2.78 0.16  0.0    4  6.0 14.9      3421
 3422 2021- 5-16 18:18       55  5  161 26  16.63 0.00  0.0    4  7.6  0.7      3422
 3423 2021- 5-16 18:54     - 54 60  161 22  25.72 0.13  0.0    7 13.5  5.0      3423
 3424 2021- 5-16 18:55     - 55  7  161 46  21.68 0.15  0.0    4 11.3  7.7      3424
 3425 2021- 5-16 20:19       55 27  161 53  33.47 0.19  0.0    8  3.3  2.8      3425
 3426 2021- 5-16 21:36     - 55  0  161 14  21.85 0.24  0.0    9 18.7 10.2      3426
 3427 2021- 5-16 21:36     - 54 40  160 24  19.43 0.25  0.0    9 19.6  5.4      3427
 3428 2021- 5-16 21:59     # 55 21  161 21  28.14 0.20  0.0    8  4.0  3.3      3428
 *** DISTANCE & RESIDUAL WEIGHTING CANCELLED FOR EVENT: 2021  5 16 22 14
 3429 2021- 5-16 22:14     # 55 29  161 34  13.44 1.28  0.0    6 14.1 29.5      3429
 *** DISTANCE & RESIDUAL WEIGHTING CANCELLED FOR EVENT: 2021  5 16 22 26
 3430 2021- 5-16 22:26     # 55 25  161 57  12.15 2.44  0.0    5 28.3 22.2      3430
 *** DISTANCE & RESIDUAL WEIGHTING CANCELLED FOR EVENT: 2021  5 16 23 43
 3431 2021- 5-16 23:43     # 55 19  161 58   0.64 3.51  0.0    6 14.2 98.0      3431
 *** DISTANCE & RESIDUAL WEIGHTING CANCELLED FOR EVENT: 2021  5 17  0 25
 3432 2021- 5-17  0:24     - 55 29  163 22   0.15 0.52  0.0    4 18.9 40.6      3432
 3433 2021- 5-17  0:38     - 55 23  161 48  15.35 0.01  0.0    5  4.1  9.5      3433
 3434 2021- 5-17  0:47     - 55 17  162  6   6.97 0.22  0.0    4  0.9 20.8      3434
 3435 2021- 5-17  0:47     - 55 22  162 22   3.03 0.07  0.0    4 11.4  7.4      3435
  SEQ ---DATE--- TIME REMARK -LAT-  --LON-  DEPTH  RMS PMAG  NUM  ERH  ERZ  ID
 3436 2021- 5-17  0:52     - 54 49  162 47   2.41 0.39  0.0    6 32.9 11.7      3436
 *** DISTANCE & RESIDUAL WEIGHTING CANCELLED FOR EVENT: 2021  5 17  3 27
 3437 2021- 5-17  3:27     - 55  7  162  3   8.34 0.94  0.0    4 11.4 68.5      3437
 3438 2021- 5-17  4:38     - 54 56  162 56   4.49 0.13  0.0    6  6.5 14.1      3438
 3439 2021- 5-17  5:10     - 55 29  161 16   1.88 0.11  0.0    4 11.9  3.0      3439
 3440 2021- 5-17  5:41       55 20  161 19  47.86 0.10  0.0    6  5.1  3.4      3440
 3441 2021- 5-17  6:02     - 54 56  161 10  29.69 0.22  0.0    8 19.5 12.1      3441
 3442 2021- 5-17  6:02     - 55  1  161 29  28.41 0.03  0.0    6  8.7  3.1      3442
 3443 2021- 5-17  8:16     - 55 24  161 53   0.42 0.17  0.0    6  0.9 13.3      3443
 3444 2021- 5-17  8:24     - 54 33  161 27   3.00 0.01  0.0    5  4.9 10.9      3444
 3445 2021- 5-17  9:02     - 54 28  161 42   2.04 0.16  0.0    7  7.7 16.1      3445
 3446 2021- 5-17  9:36     - 55 17  162  3   0.41 0.20  0.0    7  2.0 18.1      3446
 3447 2021- 5-17 10:19       54 42  161 49   1.81 0.20  0.0   17  1.3  1.7      3447
 *** DISTANCE & RESIDUAL WEIGHTING CANCELLED FOR EVENT: 2021  5 17 10 19
 3448 2021- 5-17 10:19     - 55 17  161 45   0.90 0.51  0.0    4 29.0  9.5      3448
 3449 2021- 5-17 10:36     - 54 58  161 33  23.66 0.07  0.0    6 12.2  5.2      3449
 3450 2021- 5-17 12:51     - 54 51  160 22   3.03 0.16  0.0   11  7.5 16.5      3450
  SEQ ---DATE--- TIME REMARK -LAT-  --LON-  DEPTH  RMS PMAG  NUM  ERH  ERZ  ID
 3451 2021- 5-17 13:21     - 54 39  160 59  27.36 0.16  0.0   10 15.2  3.1      3451
 3452 2021- 5-17 13:21     - 54 32  160 41  17.87 0.08  0.0    8 12.4  3.5      3452
 3453 2021- 5-17 13:22     - 54 60  162 19   1.83 0.04  0.0    5  4.2 11.7      3453
 *** DISTANCE & RESIDUAL WEIGHTING CANCELLED FOR EVENT: 2021  5 17 13 22
 3454 2021- 5-17 13:22     # 55 15  162 26   3.01 1.21  0.0    5 20.4 43.6      3454
 3455 2021- 5-17 13:34     - 55  2  161 38  36.98 0.27  0.0    5 22.1  7.3      3455
 3456 2021- 5-17 14:22     - 54 58  162 55   3.16 0.07  0.0    4 10.6 12.5      3456
 3457 2021- 5-17 16:10     - 54 56  161 28  22.28 0.20  0.0    8 18.6  5.7      3457
 3458 2021- 5-17 16:11     - 54 53  161 20   3.01 0.15  0.0    5 13.7 17.4      3458
 *** DISTANCE & RESIDUAL WEIGHTING CANCELLED FOR EVENT: 2021  5 17 16 11
 3459 2021- 5-17 16:11     - 55 11  162 14   3.00 0.57  0.0    4 43.2 14.9      3459
 3460 2021- 5-17 16:22     - 55  5  161 52  13.34 0.02  0.0    4  4.9  9.4      3460
 3461 2021- 5-17 16:53     - 54 30  162 22   2.39 0.09  0.0    6  6.1 13.0      3461
 3462 2021- 5-17 16:59     - 54 57  161 31  22.98 0.18  0.0    8 16.7  4.6      3462
 3463 2021- 5-17 16:59     - 55  8  160 44   3.04 0.13  0.0    5 14.3 15.0      3463
 3464 2021- 5-17 17:14     - 54 49  161  8  28.72 0.20  0.0    9 18.7  2.5      3464
 3465 2021- 5-17 17:15       55  4  161 53   4.04 0.03  0.0    5  2.5  1.1      3465
  SEQ ---DATE--- TIME REMARK -LAT-  --LON-  DEPTH  RMS PMAG  NUM  ERH  ERZ  ID
 3466 2021- 5-17 17:44     - 55 19  161 40  41.67 0.01  0.0    4 12.5  1.5      3466
 3467 2021- 5-17 17:57     - 55 48  161 49   2.16 0.02  0.0    4  5.3 11.4      3467
 3468 2021- 5-17 19:28     # 55  0  162  3  37.95 1.75  0.0    6 45.0 37.4      3468
 *** DISTANCE & RESIDUAL WEIGHTING CANCELLED FOR EVENT: 2021  5 17 20 28
 3469 2021- 5-17 20:27     - 55 23  162 22   7.16 0.34  0.0    4  5.5 30.9      3469
 3470 2021- 5-17 20:27     - 54 59  162 17  13.44 0.08  0.0    5  6.7 11.3      3470
 3471 2021- 5-17 21:59     - 54 34  161 42   3.70 0.24  0.0   10  9.5 20.7      3471
 3472 2021- 5-17 23:49     - 54 59  161 42   3.13 0.03  0.0    4 12.4  2.3      3472
 3473 2021- 5-17 23:49     - 55 15  160 26  37.58 0.21  0.0    5  6.1 18.5      3473
 3474 2021- 5-18  1:36     - 54 42  160 51  30.05 0.19  0.0    6 17.1  3.0      3474
 3475 2021- 5-18  2:09       55 15  161 50  34.98 0.11  0.0    6  4.3  1.8      3475
 3476 2021- 5-18  2:18     - 55 15  163 16   3.41 0.23  0.0    6 10.5 20.2      3476
 3477 2021- 5-18  2:18     - 54 28  161 29   3.00 0.17  0.0    9  7.7 16.7      3477
 3478 2021- 5-18  2:51     - 54 42  161 48   2.94 0.10  0.0    7  5.7 11.9      3478
 3479 2021- 5-18  3:55     - 55 11  160 57   5.16 0.29  0.0   11 10.8 22.0      3479
 *** DISTANCE & RESIDUAL WEIGHTING CANCELLED FOR EVENT: 2021  5 18  3 56
 3480 2021- 5-18  3:56     - 55  4  161 41   3.00 3.91  0.0    4 58.3 80.0      3480
  SEQ ---DATE--- TIME REMARK -LAT-  --LON-  DEPTH  RMS PMAG  NUM  ERH  ERZ  ID
 3481 2021- 5-18  3:59     - 54 59  161 28   7.27 0.05  0.0    5  1.8 13.1      3481
 *** DISTANCE & RESIDUAL WEIGHTING CANCELLED FOR EVENT: 2021  5 18  4 31
 3482 2021- 5-18  4:31     # 55 19  162  9   3.02 0.65  0.0    5  6.8 29.1      3482
 3483 2021- 5-18  4:49     - 55 28  161 59   3.99 0.21  0.0    7  4.7 18.8      3483
 3484 2021- 5-18  5:08     # 55 23  161 53   1.03 0.03  0.0    6  0.7  5.5      3484
 3485 2021- 5-18  5:27       55 15  161 47  16.55 0.08  0.0    5  1.2  1.4      3485
 3486 2021- 5-18  5:42     - 54 57  162 34  20.75 0.05  0.0    5 10.0  5.9      3486
 3487 2021- 5-18  7:19       55 23  161 47  21.75 0.07  0.0    6  1.9  1.1      3487
 *** DISTANCE & RESIDUAL WEIGHTING CANCELLED FOR EVENT: 2021  5 18  8 35
 3488 2021- 5-18  8:35     # 55  7  161 57   3.47 0.89  0.0    5 15.7  7.1      3488
 3489 2021- 5-18  8:49     - 55 46  161 44   1.85 0.18  0.0    5  8.3 17.9      3489
 *** DISTANCE & RESIDUAL WEIGHTING CANCELLED FOR EVENT: 2021  5 18  9 12
 3490 2021- 5-18  9:12     # 54 60  162  3   3.00 2.11  0.0    5 17.3 21.4      3490
 3491 2021- 5-18  9:37     - 54 56  161 30  28.95 0.16  0.0    7 14.4  4.8      3491
 3492 2021- 5-18  9:37     - 55 47  162 50   3.03 0.07  0.0    4  5.0 13.0      3492
 3493 2021- 5-18  9:47     - 54 41  160 58  27.60 0.20  0.0   11 17.4  3.3      3493
 3494 2021- 5-18  9:47     - 54 32  160 45  20.38 0.34  0.0    8 21.9  6.1      3494
 3495 2021- 5-18 10:42     - 55  9  162 18  12.28 0.07  0.0    4  2.5 13.4      3495
 *** DISTANCE & RESIDUAL WEIGHTING CANCELLED FOR EVENT: 2021  5 18 10 48
  SEQ ---DATE--- TIME REMARK -LAT-  --LON-  DEPTH  RMS PMAG  NUM  ERH  ERZ  ID
 3496 2021- 5-18 10:48     - 54 58  161 21   3.00 0.43  0.0    6 35.1 37.8      3496
 *** DISTANCE & RESIDUAL WEIGHTING CANCELLED FOR EVENT: 2021  5 18 10 49
 3497 2021- 5-18 10:49     # 55 18  161 38  14.45 0.84  0.0    4 12.6  8.5      3497
 3498 2021- 5-18 11:07       55 22  161 55  25.39 0.12  0.0    8  1.5  1.0      3498
 3499 2021- 5-18 11:18     - 55 14  163 26   2.94 0.13  0.0    5  7.0 15.1      3499
 3500 2021- 5-18 11:18     - 55 24  162 57   2.94 0.10  0.0    4  6.3 13.4      3500
 *** DISTANCE & RESIDUAL WEIGHTING CANCELLED FOR EVENT: 2021  5 18 11 22
 3501 2021- 5-18 11:21     # 55 24  161 30  11.37 2.26  0.0    5 22.0 64.3      3501
 3502 2021- 5-18 12:47     - 55 16  162 14   1.52 0.14  0.0    7  1.8 13.3      3502
 3503 2021- 5-18 13:38     - 55 44  161 22   3.05 0.02  0.0    6  7.3 12.5      3503
 3504 2021- 5-18 14:04     - 55  9  162  3   2.45 0.29  0.0    6  3.4 24.0      3504
 3505 2021- 5-18 14:11       55 29  161 55  36.89 0.10  0.0    6  2.9  3.0      3505
 3506 2021- 5-18 15:45       55 27  161 53  29.28 0.11  0.0   14  1.3  0.8      3506
 3507 2021- 5-18 15:49       55 26  161 51  29.64 0.05  0.0    6  1.8  1.1      3507
 3508 2021- 5-18 15:59       55 12  161 60  50.87 0.06  0.0    6  5.6  2.5      3508
 3509 2021- 5-18 17:28       55 43  161 55   3.96 0.13  0.0    6  4.5  1.9      3509
 3510 2021- 5-18 17:33     - 55  4  160 60   3.32 0.23  0.0   18  7.0 14.6      3510
  SEQ ---DATE--- TIME REMARK -LAT-  --LON-  DEPTH  RMS PMAG  NUM  ERH  ERZ  ID
 3511 2021- 5-18 18:08       55 25  161 12  21.85 0.30  0.0    6  5.4  9.2      3511
 *** DISTANCE & RESIDUAL WEIGHTING CANCELLED FOR EVENT: 2021  5 18 18 54
 3512 2021- 5-18 18:54     - 55 12  161 55   4.62 4.06  0.0    4 85.4 60.8      3512
 *** DISTANCE & RESIDUAL WEIGHTING CANCELLED FOR EVENT: 2021  5 18 20 29
 3513 2021- 5-18 20:29     - 55 53  162 11   2.84 0.19  0.0    5  8.5 18.2      3513
 3514 2021- 5-18 20:29     - 55  6  163 31   1.58 0.10  0.0    4  6.4 13.7      3514
 3515 2021- 5-18 21:56     - 55  9  162 18  22.04 0.03  0.0    4  7.0 10.5      3515
 3516 2021- 5-18 23:28     - 54 57  161  9  30.91 0.22  0.0    9 18.3  1.7      3516
 3517 2021- 5-18 23:28     - 54 48  160 52  39.35 0.25  0.0    9 17.9 11.3      3517
 3518 2021- 5-19  0:58     - 54 40  161 12   2.66 0.32  0.0   13 10.6 22.3      3518
 *** DISTANCE & RESIDUAL WEIGHTING CANCELLED FOR EVENT: 2021  5 19  3  5
 3519 2021- 5-19  3:05     # 54 58  162 23   3.00 0.53  0.0    4  8.0  4.5      3519
 3520 2021- 5-19  4:16     - 54 55  163  2   2.50 0.46  0.0    8 14.4 32.8      3520
 *** DISTANCE & RESIDUAL WEIGHTING CANCELLED FOR EVENT: 2021  5 19  4 20
 3521 2021- 5-19  4:20     - 54 57  163  5   3.00 1.44  0.0    7 41.9 89.7      3521
 3522 2021- 5-19  9:51     - 54 54  161 32  55.13 0.21  0.0    7 16.8 10.9      3522
 3523 2021- 5-19  9:51     - 54 47  161  7   3.05 0.12  0.0    6 13.6 15.8      3523
 3524 2021- 5-19 11:27     - 54 42  160 45   2.96 0.17  0.0   15  7.1 14.9      3524
 3525 2021- 5-19 13:17     - 55  6  161 28   0.01 0.13  0.0    4 12.9  3.7      3525
  SEQ ---DATE--- TIME REMARK -LAT-  --LON-  DEPTH  RMS PMAG  NUM  ERH  ERZ  ID
 3526 2021- 5-19 13:17       55 12  161 55  13.63 0.03  0.0    5  1.3  2.6      3526
 3527 2021- 5-19 13:32     - 55 14  161 33   5.93 0.08  0.0    4 11.4 14.1      3527
 *** DISTANCE & RESIDUAL WEIGHTING CANCELLED FOR EVENT: 2021  5 19 13 33
 3528 2021- 5-19 13:32     - 54 58  160 42  22.06 0.64  0.0    4 38.0 38.3      3528
 3529 2021- 5-19 19:05     - 55 19  161 37   6.02 0.00  0.0    4  8.7  0.9      3529
 *** DISTANCE & RESIDUAL WEIGHTING CANCELLED FOR EVENT: 2021  5 19 20 35
 3530 2021- 5-19 20:35     - 55  6  161 18   8.35 0.68  0.0    4 45.6 54.8      3530
 3531 2021- 5-19 20:35     - 55  2  160 58   3.00 0.15  0.0    5 13.5 17.2      3531
 3532 2021- 5-20  4:12     - 55 17  161 32  24.51 0.14  0.0    5 10.1  6.6      3532
 3533 2021- 5-20  4:12     - 55 24  161 51   0.14 0.16  0.0    5  1.2 15.0      3533
 3534 2021- 5-20  5:19     - 54 56  162 14   0.52 0.02  0.0    4  2.4 12.5      3534
 *** DISTANCE & RESIDUAL WEIGHTING CANCELLED FOR EVENT: 2021  5 20  5 19
 3535 2021- 5-20  5:19     # 54 49  162 43   3.00 1.69  0.0    5 34.0  7.6      3535
 3536 2021- 5-20  8:39     - 55 12  163 26   0.00 0.56  0.0   12 20.3 42.4      3536
 3537 2021- 5-20  9:10     - 54 59  161 18  11.46 0.15  0.0    6 11.3 11.9      3537
 *** DISTANCE & RESIDUAL WEIGHTING CANCELLED FOR EVENT: 2021  5 20  9 10
 3538 2021- 5-20  9:10     # 55  8  161 41  21.01 0.77  0.0    5 34.8 21.1      3538
 3539 2021- 5-20 11:01     - 55 15  163 21   2.63 0.44  0.0    9 16.3 33.0      3539
 3540 2021- 5-20 11:01     - 55 22  161 54   1.37 0.15  0.0    4  0.9 12.9      3540
  SEQ ---DATE--- TIME REMARK -LAT-  --LON-  DEPTH  RMS PMAG  NUM  ERH  ERZ  ID
 3541 2021- 5-20 11:15     - 54 56  162 14   1.36 0.04  0.0    4  2.1 10.0      3541
 *** DISTANCE & RESIDUAL WEIGHTING CANCELLED FOR EVENT: 2021  5 20 11 16
 3542 2021- 5-20 11:16     - 55 21  162 24   2.94 0.64  0.0    4  5.5 50.5      3542
 3543 2021- 5-20 14:22     - 55 14  161 36   1.65 0.19  0.0    4 20.1 15.2      3543
 3544 2021- 5-20 16:56     - 54 35  162  5   2.77 0.07  0.0    6  5.7 12.2      3544
 3545 2021- 5-20 17:53     - 54 40  161 19  23.31 0.18  0.0   10 14.8  3.1      3545
 3546 2021- 5-20 17:53     - 54 28  161  0   0.07 0.19  0.0    9 13.7  8.1      3546
 3547 2021- 5-20 19:41       55 18  161 54  17.89 0.05  0.0    6  3.0  1.9      3547
 *** DISTANCE & RESIDUAL WEIGHTING CANCELLED FOR EVENT: 2021  5 20 20 17
 3548 2021- 5-20 20:17     - 55 10  161 31   3.02 0.25  0.0    4 24.4  1.7      3548
 3549 2021- 5-20 20:53     - 54 48  161  6  28.18 0.18  0.0    9 17.7  2.6      3549
 3550 2021- 5-20 20:53     # 54 41  160 58   2.88 0.34  0.0    8 15.7 12.8      3550
 3551 2021- 5-20 22:38     - 55  2  161 17  15.92 0.11  0.0    5 15.1  2.1      3551
 3552 2021- 5-20 22:38       55 15  162  0  22.10 0.01  0.0    4  1.2  1.8      3552
 3553 2021- 5-20 23:05       54 34  161 18  27.84 0.14  0.0   12  1.7  2.2      3553
 3554 2021- 5-20 23:27     - 54 29  161 45   2.64 0.23  0.0    7  9.4 20.1      3554
 *** DISTANCE & RESIDUAL WEIGHTING CANCELLED FOR EVENT: 2021  5 21  0  1
 3555 2021- 5-21  0:01     # 55 19  162  3   2.57 0.51  0.0    5 11.9 20.3      3555
  SEQ ---DATE--- TIME REMARK -LAT-  --LON-  DEPTH  RMS PMAG  NUM  ERH  ERZ  ID
 3556 2021- 5-21  1:00     - 54 54  161 16  17.52 0.14  0.0    5 15.2 15.8      3556
 3557 2021- 5-21  1:06     - 55 14  162 18   2.94 0.01  0.0    4  1.4  9.5      3557
 *** DISTANCE & RESIDUAL WEIGHTING CANCELLED FOR EVENT: 2021  5 21  1  7
 3558 2021- 5-21  1:07     # 55  9  162 53  16.21 0.00  0.0    4  2.7  0.7      3558
 *** DISTANCE & RESIDUAL WEIGHTING CANCELLED FOR EVENT: 2021  5 21  1 48
 3559 2021- 5-21  1:48     # 55  2  162 10   3.00 3.99  0.0    4 42.8 31.8      3559
 3560 2021- 5-21  3:21       54 47  161 44   0.93 0.11  0.0    7  9.7  1.4      3560
 3561 2021- 5-21  3:21     # 54 50  161 47   0.05 0.14  0.0    8  4.0  1.3      3561
 *** DISTANCE & RESIDUAL WEIGHTING CANCELLED FOR EVENT: 2021  5 21  4 48
 3562 2021- 5-21  4:48     # 55 21  162  3   3.00 0.50  0.0    5  3.4 26.9      3562
 3563 2021- 5-21  7:37     - 55 15  161 38   1.91 0.10  0.0    4 15.0 10.9      3563
 3564 2021- 5-21 11:05     - 55  8  161 24   2.17 0.21  0.0    4 16.4  5.1      3564
 3565 2021- 5-21 11:05     - 55  6  161 10   3.03 0.09  0.0    4 12.7 14.6      3565
 3566 2021- 5-21 14:50     - 54 36  161 17   2.96 0.18  0.0   17  6.9 14.6      3566
 *** DISTANCE & RESIDUAL WEIGHTING CANCELLED FOR EVENT: 2021  5 21 15 29
 3567 2021- 5-21 15:29     - 55 16  161 38  17.07 0.40  0.0    4 36.0  4.0      3567
 3568 2021- 5-21 15:43     - 55 17  161  4  48.07 0.17  0.0   10 13.5  4.3      3568
 3569 2021- 5-21 15:43     - 55 59  162 11   3.57 0.09  0.0    4 11.4 14.3      3569
 *** DISTANCE & RESIDUAL WEIGHTING CANCELLED FOR EVENT: 2021  5 21 16 26
 3570 2021- 5-21 16:26     - 55 14  162 39   5.82 1.63  0.0    4 44.2 88.6      3570
  SEQ ---DATE--- TIME REMARK -LAT-  --LON-  DEPTH  RMS PMAG  NUM  ERH  ERZ  ID
 3571 2021- 5-21 16:55     - 54 56  162 12   0.91 0.02  0.0    4  2.4 12.0      3571
 3572 2021- 5-21 19:31     - 55  3  160 55  17.62 0.17  0.0    8  1.4 18.2      3572
 3573 2021- 5-21 21:43     - 55 14  160 19  18.21 0.23  0.0   11  2.7 23.1      3573
 3574 2021- 5-21 23:33     - 54 48  163 40   2.98 0.13  0.0    4  6.9 15.0      3574
 3575 2021- 5-22  3:41     - 54 27  162 18   2.25 0.36  0.0    9 13.7 29.5      3575
 3576 2021- 5-22  5:03     - 55 18  161 37   4.80 0.02  0.0    4  9.3  1.1      3576
 3577 2021- 5-22  6:12     - 55 53  162 60   0.96 0.19  0.0    5  8.5 18.5      3577
 3578 2021- 5-22  9:06     - 54 41  162 32   3.21 0.11  0.0    6  6.6 14.1      3578
 3579 2021- 5-22  9:23     - 54 58  162 41   3.23 0.02  0.0    4 10.3  6.5      3579
 *** DISTANCE & RESIDUAL WEIGHTING CANCELLED FOR EVENT: 2021  5 22 11 47
 3580 2021- 5-22 11:47     - 55 11  161 32   9.70 0.61  0.0    4 52.4 26.7      3580
 3581 2021- 5-22 12:36       55 12  161 35  22.21 0.00  0.0    4  5.0  5.3      3581
 3582 2021- 5-22 15:51     - 54 41  160 46   2.79 0.20  0.0    9  8.3 17.6      3582
 3583 2021- 5-22 16:17     - 55  1  162 19   0.75 0.19  0.0    4 10.0 14.1      3583
 3584 2021- 5-22 17:05     - 54 55  161 22  18.72 0.16  0.0    7 14.8  8.0      3584
 3585 2021- 5-22 17:06     - 55 11  161  5   2.61 0.19  0.0    5  6.6 19.3      3585
 *** DISTANCE & RESIDUAL WEIGHTING CANCELLED FOR EVENT: 2021  5 22 18 27
  SEQ ---DATE--- TIME REMARK -LAT-  --LON-  DEPTH  RMS PMAG  NUM  ERH  ERZ  ID
 3586 2021- 5-22 18:27     - 54 59  162 23   0.05 0.87  0.0    5 23.3 70.5      3586
 3587 2021- 5-22 18:30     - 55 52  161 16   3.00 0.12  0.0    5 13.0 15.8      3587
 3588 2021- 5-22 19:07     - 55 24  161 38   0.75 0.12  0.0    4  2.2 12.9      3588
 3589 2021- 5-22 19:13     - 55 18  161 30  13.78 0.02  0.0    4 11.0  3.0      3589
 3590 2021- 5-22 19:35     - 54 46  160 57  33.32 0.28  0.0   11 20.6 26.4      3590
 3591 2021- 5-22 19:35     - 54 49  161  5  32.95 0.61  0.0   10 37.4 52.1      3591
 3592 2021- 5-22 19:41     - 55  1  161 20   5.11 0.21  0.0    5 17.8 21.1      3592
 *** DISTANCE & RESIDUAL WEIGHTING CANCELLED FOR EVENT: 2021  5 22 19 41
 3593 2021- 5-22 19:41     - 55  2  161 24  17.97 0.28  0.0    4 20.7 15.6      3593
 3594 2021- 5-22 22:37       55  2  161 31  22.10 0.15  0.0    6 11.5  4.1      3594
 3595 2021- 5-22 22:37     - 55  5  160 47   3.03 0.17  0.0    4 16.1 16.9      3595
 *** DISTANCE & RESIDUAL WEIGHTING CANCELLED FOR EVENT: 2021  5 23  0  0
 3596 2021- 5-22 23:59     # 55 21  162  1   3.00 2.08  0.0    5 22.6 28.8      3596
 3597 2021- 5-23  0:08     - 55  1  161 41  19.20 0.22  0.0    6 17.8  4.6      3597
 *** DISTANCE & RESIDUAL WEIGHTING CANCELLED FOR EVENT: 2021  5 23  0  9
 3598 2021- 5-23  0:08     - 54 58  161 37  25.22 0.41  0.0    5 27.0  8.9      3598
 3599 2021- 5-23  1:22     - 54 56  161 12  29.40 0.19  0.0    9 15.2  1.9      3599
 *** DISTANCE & RESIDUAL WEIGHTING CANCELLED FOR EVENT: 2021  5 23  1 23
 3600 2021- 5-23  1:23     - 55 12  161 56   2.85 0.61  0.0    4  8.3 40.8      3600
  SEQ ---DATE--- TIME REMARK -LAT-  --LON-  DEPTH  RMS PMAG  NUM  ERH  ERZ  ID
 3601 2021- 5-23  2:13     - 54 53  162 19  64.10 0.12  0.0    4  5.9 13.7      3601
 3602 2021- 5-23  3:56     - 55 15  163 22   1.67 0.98  0.0   12 33.3 68.8      3602
 3603 2021- 5-23  4:29     - 54 41  161 35   3.01 0.08  0.0    4 11.7 14.1      3603
 *** DISTANCE & RESIDUAL WEIGHTING CANCELLED FOR EVENT: 2021  5 23  4 29
 3604 2021- 5-23  4:29     - 54 53  161 51   0.03 0.10  0.0    4 13.5  3.3      3604
 *** DISTANCE & RESIDUAL WEIGHTING CANCELLED FOR EVENT: 2021  5 23  4 52
 3605 2021- 5-23  4:52     # 55 10  162 21   3.00 0.28  0.0    4  4.6  6.0      3605
 3606 2021- 5-23  5:15     - 54 45  161 32   2.98 0.13  0.0   10  5.1 10.6      3606
 3607 2021- 5-23  5:39     - 54 49  161 20  17.81 0.20  0.0    9 11.0 17.9      3607
 3608 2021- 5-23  5:39     - 54 38  161  5  34.11 0.39  0.0    9 21.9 31.8      3608
 3609 2021- 5-23  6:12     - 55  5  163 21   2.84 0.37  0.0    4 19.5 30.5      3609
 3610 2021- 5-23  6:12     # 55 23  161 52  18.12 2.18  0.0    6 17.7 46.8      3610
 3611 2021- 5-23  7:38     - 54 36  161 15   2.88 0.20  0.0   12  7.9 16.9      3611
 3612 2021- 5-23  8:01     - 54 56  161 35   7.54 0.17  0.0    4 15.2 15.5      3612
 3613 2021- 5-23  8:01     - 55  3  161 37  17.39 0.02  0.0    4 10.0  4.8      3613
 3614 2021- 5-23  9:19     - 55 14  163 35   2.16 0.72  0.0   11 25.1 52.6      3614
 3615 2021- 5-23 12:28     - 54 29  161 44   2.03 0.13  0.0    7  7.0 14.5      3615
  SEQ ---DATE--- TIME REMARK -LAT-  --LON-  DEPTH  RMS PMAG  NUM  ERH  ERZ  ID
 3616 2021- 5-23 15:49     - 55  6  161 20   0.57 0.10  0.0    4 11.9  5.3      3616
 *** DISTANCE & RESIDUAL WEIGHTING CANCELLED FOR EVENT: 2021  5 23 15 49
 3617 2021- 5-23 15:49     - 54 57  161 28  38.74 0.64  0.0    5 38.4 14.7      3617
 *** DISTANCE & RESIDUAL WEIGHTING CANCELLED FOR EVENT: 2021  5 23 16  0
 3618 2021- 5-23 15:59     - 55 21  162 17   3.00 0.83  0.0    4  9.2 62.5      3618
 *** DISTANCE & RESIDUAL WEIGHTING CANCELLED FOR EVENT: 2021  5 23 16 13
 3619 2021- 5-23 16:13     - 55 27  161 28   3.00 0.81  0.0    5  8.8 63.2      3619
 3620 2021- 5-23 16:37       55 14  162  2  20.51 0.00  0.0    4  1.7  2.8      3620
 3621 2021- 5-23 17:11     - 54 45  161 15  19.50 0.37  0.0   10 18.1 23.2      3621
 3622 2021- 5-23 17:11     - 54 35  161  1  27.66 0.23  0.0    9 18.1  3.8      3622
 3623 2021- 5-23 18:05     - 55  3  160 56  16.84 0.15  0.0   11  7.8 15.3      3623
 3624 2021- 5-23 22:32       55  4  162  4   1.95 0.00  0.0    4  1.6  5.1      3624
 3625 2021- 5-23 22:32       55  4  161 46   9.32 0.00  0.0    4  2.3  5.1      3625
 3626 2021- 5-23 23:35     # 55 25  161 39  59.57 0.38  0.0    7 17.3  3.1      3626
 3627 2021- 5-24  3:40     - 55 15  163 33   2.88 0.10  0.0    4  6.4 13.3      3627
 3628 2021- 5-24  3:40     - 54 55  162  7   7.21 0.04  0.0    4  2.8 12.1      3628
 3629 2021- 5-24  4:11     - 54 37  162 51   3.04 0.15  0.0    6  7.4 16.0      3629
 *** DISTANCE & RESIDUAL WEIGHTING CANCELLED FOR EVENT: 2021  5 24 10 30
 3630 2021- 5-24 10:29     # 55  7  162 13   3.01 0.56  0.0    6  5.4 10.8      3630
  SEQ ---DATE--- TIME REMARK -LAT-  --LON-  DEPTH  RMS PMAG  NUM  ERH  ERZ  ID
 3631 2021- 5-24 10:30     - 54 57  162 15   1.36 0.05  0.0    4  3.3 12.6      3631
 3632 2021- 5-24 12:24     - 54 36  162 39   2.97 0.07  0.0    5  7.8 12.6      3632
 *** DISTANCE & RESIDUAL WEIGHTING CANCELLED FOR EVENT: 2021  5 24 14 33
 3633 2021- 5-24 14:33     # 55 40  162  5   2.99 0.33  0.0    5 10.1  4.8      3633
 3634 2021- 5-24 14:33     - 54 56  160 52   2.95 0.02  0.0    4  5.4 11.4      3634
 3635 2021- 5-24 21:19       54 43  160 35   4.35 0.17  0.0   14  3.2  6.5      3635
 3636 2021- 5-25  6:58     - 54 59  162 19   4.34 0.08  0.0    5  9.6  6.5      3636
 3637 2021- 5-25  6:58     - 55 17  162 57   3.44 0.10  0.0    4 11.1 15.1      3637
 *** DISTANCE & RESIDUAL WEIGHTING CANCELLED FOR EVENT: 2021  5 25  7 29
 3638 2021- 5-25  7:29     - 56  0  160 56   3.00 0.62  0.0    4 43.7 30.2      3638
 3639 2021- 5-25 14:27     - 55 26  161 18  11.07 0.14  0.0    5  4.1 13.2      3639
 3640 2021- 5-25 20:41     - 54 57  160 32   3.11 0.11  0.0    5  9.4 13.4      3640
 3641 2021- 5-25 22:51     - 55  2  161 41  16.96 0.01  0.0    4  8.9  1.0      3641
 3642 2021- 5-25 23:51     - 55  5  161 27   0.11 0.14  0.0    5 12.1  3.0      3642
 3643 2021- 5-25 23:51       55  6  161 29  16.63 0.16  0.0    5  5.3  0.9      3643
 3644 2021- 5-26  1:45     - 55 60  161  2   3.03 0.05  0.0    6  5.5 12.0      3644
 3645 2021- 5-26  9:35     - 54 60  162 58   6.51 0.35  0.0    7  4.3 31.8      3645
  SEQ ---DATE--- TIME REMARK -LAT-  --LON-  DEPTH  RMS PMAG  NUM  ERH  ERZ  ID
 3646 2021- 5-26 14:33     - 55 23  161 41  32.42 0.00  0.0    4 12.2  2.7      3646
 *** DISTANCE & RESIDUAL WEIGHTING CANCELLED FOR EVENT: 2021  5 26 16  0
 3647 2021- 5-26 15:59     # 55 26  162 34   3.00 0.53  0.0    5 17.8  5.8      3647
 *** DISTANCE & RESIDUAL WEIGHTING CANCELLED FOR EVENT: 2021  5 26 16 21
 3648 2021- 5-26 16:21     - 55 16  161 45   3.36 0.39  0.0    5  6.4 27.1      3648
 3649 2021- 5-26 16:21     - 55  6  160 54  20.75 0.17  0.0    5 15.1 13.9      3649
 3650 2021- 5-26 21:25     - 54 53  163 13   3.09 0.15  0.0    5  7.3 16.3      3650
 *** DISTANCE & RESIDUAL WEIGHTING CANCELLED FOR EVENT: 2021  5 26 21 40
 3651 2021- 5-26 21:40     - 55 55  162 11  14.14 0.34  0.0    4 31.1  6.2      3651
 3652 2021- 5-26 23:37     - 54 52  161  0  33.74 0.27  0.0    8 17.9 24.4      3652
 3653 2021- 5-26 23:37     # 55  1  161 26  32.47 0.31  0.0    6 15.9  0.9      3653
 *** DISTANCE & RESIDUAL WEIGHTING CANCELLED FOR EVENT: 2021  5 27  0  0
 3654 2021- 5-26 23:59     # 55 20  162 31   3.00 0.74  0.0    4 25.8 15.6      3654
 3655 2021- 5-27  1:09     - 55 12  161  1  31.79 0.16  0.0   10 13.8  1.2      3655
 3656 2021- 5-27  1:09     - 55  7  161 27  17.96 0.22  0.0    7 16.1  2.6      3656
 *** DISTANCE & RESIDUAL WEIGHTING CANCELLED FOR EVENT: 2021  5 27  2 24
 3657 2021- 5-27  2:24     # 55 36  161 17   3.01 0.28  0.0    4  8.7  5.8      3657
 *** DISTANCE & RESIDUAL WEIGHTING CANCELLED FOR EVENT: 2021  5 27  5 33
 3658 2021- 5-27  5:33     # 55 41  162 11   3.00 3.97  0.0    4 43.8 55.7      3658
 3659 2021- 5-27 10:56     - 55 17  162 12   2.87 0.12  0.0    4 15.5 11.6      3659
 3660 2021- 5-27 12:21     - 54 24  162 41   2.40 0.18  0.0    7  8.2 17.8      3660
 *** DISTANCE & RESIDUAL WEIGHTING CANCELLED FOR EVENT: 2021  5 27 14 28
  SEQ ---DATE--- TIME REMARK -LAT-  --LON-  DEPTH  RMS PMAG  NUM  ERH  ERZ  ID
 3661 2021- 5-27 14:28     - 55 12  161 55   3.00 0.62  0.0    4  9.6 40.8      3661
 3662 2021- 5-27 14:38       54 53  162 34  37.15 0.04  0.0    5  3.3  2.9      3662
 3663 2021- 5-27 16:55     - 54 29  162 20   2.67 0.21  0.0    8  9.1 19.6      3663
 3664 2021- 5-27 17:57     - 55  7  161  7   0.01 0.17  0.0    4  8.5 16.8      3664
 *** DISTANCE & RESIDUAL WEIGHTING CANCELLED FOR EVENT: 2021  5 27 19 50
 3665 2021- 5-27 19:50     - 55 15  161 52   2.95 0.16  0.0    4  7.1 15.7      3665
 3666 2021- 5-27 19:50     - 54 58  161 22  16.38 0.10  0.0    4 13.4  1.1      3666
 3667 2021- 5-27 21:41     - 54 55  161  4  30.22 0.20  0.0    9 16.9  1.9      3667
 3668 2021- 5-27 21:41     - 54 45  160 56  37.65 0.26  0.0    9 16.8  9.0      3668
 3669 2021- 5-27 22:52     - 55 31  161 37  18.87 0.07  0.0    4 10.8  8.4      3669
 *** DISTANCE & RESIDUAL WEIGHTING CANCELLED FOR EVENT: 2021  5 27 22 53
 3670 2021- 5-27 22:53     - 55 28  162 27   0.04 0.27  0.0    4  1.9 26.0      3670
 3671 2021- 5-27 22:57     - 54 53  161  7  29.47 0.19  0.0    9 18.1  2.1      3671
 3672 2021- 5-27 22:57     - 54 51  161  6  28.33 0.14  0.0    8 13.3  2.0      3672
 3673 2021- 5-27 23:29       55  2  162 19  20.44 0.02  0.0    5  4.0  5.7      3673
 *** DISTANCE & RESIDUAL WEIGHTING CANCELLED FOR EVENT: 2021  5 28  0 48
 3674 2021- 5-28  0:47     - 55 10  163  2   3.00 1.25  0.0    5 42.0 89.6      3674
 3675 2021- 5-28  6:03     - 54 39  161 15   2.95 0.33  0.0   18 10.1 21.5      3675
  SEQ ---DATE--- TIME REMARK -LAT-  --LON-  DEPTH  RMS PMAG  NUM  ERH  ERZ  ID
 3676 2021- 5-28  7:00     - 54 52  161 12  30.07 0.18  0.0   10 14.5  1.8      3676
 3677 2021- 5-28  7:00     - 54 47  161  8  35.58 0.12  0.0    6 10.6 12.3      3677
 3678 2021- 5-28  7:59     - 55 22  162 17   3.00 0.09  0.0    4  1.8 14.3      3678
 *** DISTANCE & RESIDUAL WEIGHTING CANCELLED FOR EVENT: 2021  5 28 10  2
 3679 2021- 5-28 10:02     - 55 55  162 11  12.94 0.37  0.0    4 33.0  7.3      3679
 3680 2021- 5-28 10:54     - 54 60  161 12   3.02 0.14  0.0    6 14.9 17.0      3680
 3681 2021- 5-28 12:11     - 54 31  161 42   2.37 0.10  0.0    6  6.3 13.2      3681
 *** DISTANCE & RESIDUAL WEIGHTING CANCELLED FOR EVENT: 2021  5 28 12 39
 3682 2021- 5-28 12:39     - 55 11  161 32   6.75 0.07  0.0    4 13.7 13.5      3682
 3683 2021- 5-28 14:26     - 54 49  160 50  33.37 0.23  0.0   11 19.0 22.7      3683
 3684 2021- 5-28 14:26     - 54 37  160 42  36.16 0.34  0.0   10 18.0 25.6      3684
 3685 2021- 5-28 16:12     - 54 31  161 60   2.84 0.16  0.0   11  7.3 15.6      3685
 3686 2021- 5-28 19:00       55 22  161 38  12.70 0.00  0.0    4  3.6  2.6      3686
 3687 2021- 5-29  0:41       54 52  161 28  68.17 0.10  0.0   16  1.9  1.8      3687
 *** DISTANCE & RESIDUAL WEIGHTING CANCELLED FOR EVENT: 2021  5 29  7 51
 3688 2021- 5-29  7:51     - 55  2  161 34   4.10 0.24  0.0    4 22.4  7.8      3688
 3689 2021- 5-29  8:04     - 54 51  161  3  33.21 0.30  0.0    6 25.5 27.5      3689
 3690 2021- 5-29  8:04     - 54 42  161 11  17.07 0.41  0.0    7 27.5 36.5      3690
 *** DISTANCE & RESIDUAL WEIGHTING CANCELLED FOR EVENT: 2021  5 29  8  6
  SEQ ---DATE--- TIME REMARK -LAT-  --LON-  DEPTH  RMS PMAG  NUM  ERH  ERZ  ID
 3691 2021- 5-29  8:05     - 55 30  161  7   3.00 0.62  0.0    4 22.3 48.4      3691
 3692 2021- 5-29 15:48     - 55 34  161 39   3.01 0.32  0.0    4  3.4 26.9      3692
 3693 2021- 5-29 18:29     - 54 27  161 54   3.24 0.20  0.0    8  8.6 18.4      3693
 3694 2021- 5-29 21:01     - 54 22  162 57   3.09 0.10  0.0    5  6.6 13.6      3694
 3695 2021- 5-29 22:15     - 54 59  161 22  26.18 0.17  0.0    8 15.6  5.1      3695
 3696 2021- 5-29 22:15     - 54 42  160 53  37.95 1.13  0.0    8 84.9 55.3      3696
 3697 2021- 5-29 22:49       54 40  160 34   7.65 0.19  0.0   18  1.4  1.2      3697
 3698 2021- 5-30  4:05     - 54 57  162  4   3.02 0.01  0.0    4  2.9 12.5      3698
 3699 2021- 5-30  5:38     - 55 16  160 44  51.22 0.27  0.0    7 22.5  8.9      3699
 3700 2021- 5-30  5:38     - 55  6  161 53   0.23 0.00  0.0    5  0.8  9.7      3700
 3701 2021- 5-30  7:40     - 54 37  161 18   3.01 0.17  0.0   17  6.5 13.7      3701
 3702 2021- 5-30  8:27       55 13  161 50  17.06 0.01  0.0    4  5.6  2.2      3702
 *** DISTANCE & RESIDUAL WEIGHTING CANCELLED FOR EVENT: 2021  5 30 11 11
 3703 2021- 5-30 11:11     # 54 59  162 19   3.00 2.29  0.0    5 17.5 15.4      3703
 3704 2021- 5-30 13:41     - 54 35  161 29   2.86 1.26  0.0   11 40.3 88.5      3704
 3705 2021- 5-30 14:25     - 54 36  161 13   3.12 0.05  0.0    6  5.5 12.0      3705
  SEQ ---DATE--- TIME REMARK -LAT-  --LON-  DEPTH  RMS PMAG  NUM  ERH  ERZ  ID
 3706 2021- 5-30 14:36       55 25  161 43  23.13 1.89  0.0    7 31.7 16.9      3706
 3707 2021- 5-30 15:58     - 55 39  163  7   2.99 0.01  0.0    4  5.3 11.3      3707
 3708 2021- 5-30 17:08     - 55 13  163 32   3.09 0.28  0.0    6 10.2 22.4      3708
 3709 2021- 5-30 18:09     - 54 59  162 20   9.15 0.01  0.0    5  6.2  7.3      3709
 3710 2021- 5-30 18:21     - 55 49  162  3   3.17 0.33  0.0    6 12.9 27.1      3710
 3711 2021- 5-30 18:22       55  5  161 41  22.22 0.02  0.0    6  1.3  3.0      3711
 3712 2021- 5-30 18:23     - 54 59  162 25  15.11 0.03  0.0    4  8.7  8.3      3712
 3713 2021- 5-30 19:21     # 54 17  162 22   7.63 0.17  0.0   14  3.7  1.5      3713
 3714 2021- 5-31  4:14     - 55  1  163 33  55.46 0.18  0.0    6  8.5 15.8      3714
 3715 2021- 5-31  6:06     - 55 11  162  2  25.30 0.05  0.0    4  6.8  6.6      3715
 3716 2021- 5-31  7:02     - 55 29  161 32  31.29 0.10  0.0    6  9.1 11.0      3716
 *** DISTANCE & RESIDUAL WEIGHTING CANCELLED FOR EVENT: 2021  5 31  7 16
 3717 2021- 5-31  7:16     - 55 10  161 43   0.37 1.17  0.0    6 36.8 81.0      3717
 3718 2021- 5-31  7:15     - 54 29  161 54   3.00 0.20  0.0    4 17.8 19.3      3718
 3719 2021- 5-31 10:33       55 12  161 41   4.12 0.06  0.0    6  4.6  1.5      3719
 3720 2021- 5-31 10:33     - 54 59  162 42   2.85 0.05  0.0    4 10.9  6.8      3720
  SEQ ---DATE--- TIME REMARK -LAT-  --LON-  DEPTH  RMS PMAG  NUM  ERH  ERZ  ID
 3721 2021- 5-31 10:33       55 16  161 41   5.87 0.06  0.0    6  2.3  0.4      3721
 3722 2021- 5-31 11:46     - 54 57  163 34   0.02 0.29  0.0    5 11.3 24.3      3722
 3723 2021- 5-31 12:16     - 55 28  161 13   7.42 0.14  0.0    6  2.5 16.9      3723
 3724 2021- 5-31 13:02     - 55 19  160 51  31.19 0.15  0.0    9 13.9  1.9      3724
 3725 2021- 5-31 13:02     - 55 23  160 14   3.01 0.37  0.0    5 29.5 32.0      3725
 3726 2021- 5-31 14:56       54 30  161 13   8.00 0.31  0.0    9 15.4  4.6      3726
 3727 2021- 5-31 18:40     - 54 37  161 16   3.08 0.19  0.0   18  7.1 15.0      3727
 3728 2021- 6- 1  0:14     - 54 59  161 14   3.00 0.16  0.0    8 14.8 18.3      3728
 3729 2021- 6- 1  0:14     - 55 16  161 23   8.00 0.10  0.0    7  1.6 11.6      3729
 3730 2021- 6- 1  0:14     - 54 56  162  3   3.04 0.01  0.0    4  7.0  7.3      3730
 3731 2021- 6- 1  4:30     - 55 19  161 58   2.80 0.16  0.0    4  4.2 18.0      3731
 3732 2021- 6- 1 10:00     - 54 25  161 38   2.51 0.21  0.0    7  8.9 19.1      3732
 3733 2021- 6- 1 12:05       55  7  160 14  54.21 0.16  0.0    9  3.3  9.7      3733
 3734 2021- 6- 1 16:32     - 54 59  160 58   7.97 0.14  0.0    5 16.8 17.3      3734
 3735 2021- 6- 1 16:32     - 55  6  161  4   3.01 0.30  0.0    5 24.8 26.7      3735
 *** DISTANCE & RESIDUAL WEIGHTING CANCELLED FOR EVENT: 2021  6  1 17 37
  SEQ ---DATE--- TIME REMARK -LAT-  --LON-  DEPTH  RMS PMAG  NUM  ERH  ERZ  ID
 3736 2021- 6- 1 17:37     - 54 56  162  3   3.00 2.31  0.0    4 93.3 93.3      3736
 3737 2021- 6- 1 18:53     - 55 23  161 48  13.01 0.16  0.0    4  6.0 12.5      3737
 3738 2021- 6- 1 21:44     - 55 46  163 25   2.96 0.04  0.0    4  5.5 11.9      3738
 3739 2021- 6- 1 22:03     - 54 40  160 55   3.47 0.18  0.0   17  7.5 15.9      3739
 3740 2021- 6- 2  1:19     # 54 49  162  7   0.19 0.17  0.0    7 10.0  2.7      3740
 *** DISTANCE & RESIDUAL WEIGHTING CANCELLED FOR EVENT: 2021  6  2  1 19
 3741 2021- 6- 2  1:19     # 55 14  161 57   0.36 0.44  0.0    4  7.6 25.5      3741
 3742 2021- 6- 2  1:31     # 55 11  162 46   0.01 1.69  0.0    5 27.6 19.9      3742
 3743 2021- 6- 2  7:15       54 49  162 12   0.79 0.10  0.0   10  5.7  1.2      3743
 3744 2021- 6- 2  7:15       54 55  162 11   1.55 0.11  0.0    6  1.4  2.8      3744
 *** DISTANCE & RESIDUAL WEIGHTING CANCELLED FOR EVENT: 2021  6  2  8  0
 3745 2021- 6- 2  7:59     - 55 22  162 14   3.00 0.74  0.0    4  7.7 52.7      3745
 *** DISTANCE & RESIDUAL WEIGHTING CANCELLED FOR EVENT: 2021  6  2 10 38
 3746 2021- 6- 2 10:38     # 55  7  161 31   3.03 0.83  0.0    6 10.6  3.6      3746
 3747 2021- 6- 2 16:07     - 54 43  161 23  38.77 0.23  0.0   12  3.9 18.2      3747
 *** DISTANCE & RESIDUAL WEIGHTING CANCELLED FOR EVENT: 2021  6  2 19 46
 3748 2021- 6- 2 19:46     - 55 18  161 56  14.16 0.38  0.0    4 33.6  5.1      3748
 3749 2021- 6- 2 19:56     - 55  4  161 34  21.86 0.21  0.0    5 17.7  7.9      3749
 3750 2021- 6- 2 23:38     - 54 50  161  1  27.17 0.19  0.0    7 18.0  3.6      3750
 *** DISTANCE & RESIDUAL WEIGHTING CANCELLED FOR EVENT: 2021  6  3  0  0
  SEQ ---DATE--- TIME REMARK -LAT-  --LON-  DEPTH  RMS PMAG  NUM  ERH  ERZ  ID
 3751 2021- 6- 2 23:59     - 55 28  161 51   3.00 3.87  0.0    4 89.9 41.5      3751
 3752 2021- 6- 3  2:17     - 54 51  162  7  59.54 0.34  0.0    4 24.0 14.5      3752
 *** DISTANCE & RESIDUAL WEIGHTING CANCELLED FOR EVENT: 2021  6  3  3 28
 3753 2021- 6- 3  3:27     - 56 10  162 33   4.13 0.41  0.0    5 24.1 26.2      3753
 3754 2021- 6- 3  5:16     - 54 42  161  3  29.70 0.26  0.0   11 22.6  3.4      3754
 3755 2021- 6- 3  5:16     - 54 39  161  3  21.27 0.12  0.0    7  7.9 11.3      3755
 3756 2021- 6- 3  6:33       55 27  161 53  26.41 0.11  0.0    6  3.0  1.5      3756
 3757 2021- 6- 3  9:54       55 28  161 52  28.64 0.06  0.0    7  2.7  1.1      3757
 3758 2021- 6- 3 10:21     - 54 29  161 14   3.00 0.19  0.0    7 18.2 20.4      3758
 3759 2021- 6- 3 10:41     - 55 18  161 46   1.45 0.10  0.0    4  1.0 12.5      3759
 *** DISTANCE & RESIDUAL WEIGHTING CANCELLED FOR EVENT: 2021  6  3 11 48
 3760 2021- 6- 3 11:48     # 54 55  162 13   0.42 0.43  0.0    6  4.5  2.6      3760
 3761 2021- 6- 3 14:31     - 55  6  161  1   2.98 0.15  0.0    5 16.0 16.3      3761
 3762 2021- 6- 3 14:31       55 14  162  6  18.50 0.00  0.0    4  1.1  4.5      3762
 *** DISTANCE & RESIDUAL WEIGHTING CANCELLED FOR EVENT: 2021  6  3 15 40
 3763 2021- 6- 3 15:40     - 54 47  161 58   1.03 0.07  0.0    4  8.4 13.7      3763
 *** DISTANCE & RESIDUAL WEIGHTING CANCELLED FOR EVENT: 2021  6  3 15 40
 3764 2021- 6- 3 15:40     - 54 49  162  2   0.02 0.37  0.0    4 13.0 33.0      3764
 3765 2021- 6- 3 16:32     - 54 44  160 50  25.42 0.20  0.0   11 17.6  3.9      3765
  SEQ ---DATE--- TIME REMARK -LAT-  --LON-  DEPTH  RMS PMAG  NUM  ERH  ERZ  ID
 3766 2021- 6- 3 16:32     - 54 41  160 40  33.10 0.26  0.0    9 17.6 25.1      3766
 3767 2021- 6- 3 16:43     - 55  1  161 22   3.01 0.18  0.0    5 16.8 19.4      3767
 3768 2021- 6- 3 16:43     - 54 55  161  2   3.00 0.59  0.0    5 41.1 49.9      3768
 3769 2021- 6- 3 18:08       55 21  162 19   3.05 0.00  0.0    4  0.9  1.9      3769
 3770 2021- 6- 3 18:13       55 16  162  3   2.49 0.05  0.0    5  1.8  8.6      3770
 3771 2021- 6- 3 18:46     - 55  9  162 14   0.35 0.83  0.0    4 47.8 62.3      3771
 3772 2021- 6- 3 20:34     - 54 41  162 26   8.31 0.13  0.0    8  1.8 12.1      3772
 3773 2021- 6- 3 20:36     - 55 22  162 39   7.34 0.41  0.0    4  4.2 36.1      3773
 3774 2021- 6- 3 21:00     - 54 54  161 10  29.09 0.20  0.0    8 17.5  2.3      3774
 *** DISTANCE & RESIDUAL WEIGHTING CANCELLED FOR EVENT: 2021  6  3 21  1
 3775 2021- 6- 3 21:01     # 55 21  161 47   9.98 0.55  0.0    4  6.1 11.9      3775
 3776 2021- 6- 3 23:26     - 54 53  162 10   0.02 0.01  0.0    4  4.1 12.5      3776
 3777 2021- 6- 3 23:26     - 54 42  162 15   0.59 0.13  0.0    4 13.9  7.3      3777
 3778 2021- 6- 4  3:26     - 55 13  161 43   6.82 0.02  0.0    4  2.2 10.8      3778
 *** DISTANCE & RESIDUAL WEIGHTING CANCELLED FOR EVENT: 2021  6  4  3 40
 3779 2021- 6- 4  3:40     # 55 21  161 52  17.17 1.32  0.0    7 10.9 16.6      3779
 3780 2021- 6- 4  3:54     - 55 46  161 31   3.15 0.03  0.0    5  5.4 11.6      3780
  SEQ ---DATE--- TIME REMARK -LAT-  --LON-  DEPTH  RMS PMAG  NUM  ERH  ERZ  ID
 3781 2021- 6- 4  6:39     - 55 27  162 50   3.08 0.01  0.0    4  5.4 11.3      3781
 *** DISTANCE & RESIDUAL WEIGHTING CANCELLED FOR EVENT: 2021  6  4  7  7
 3782 2021- 6- 4  7:07     - 55 20  161 44   9.79 1.89  0.0    4 98.9 15.5      3782
 3783 2021- 6- 4  8:03     - 55 40  161 37   2.99 0.00  0.0    4  1.5 12.4      3783
 3784 2021- 6- 4  8:22     - 55  8  161 15   0.76 0.19  0.0    4 15.3 20.2      3784
 3785 2021- 6- 4  9:09     - 55 24  161  7   2.91 0.19  0.0    5  8.6 18.5      3785
 3786 2021- 6- 4 10:10     - 54 49  161  6  33.13 0.20  0.0   11 15.1 20.9      3786
 3787 2021- 6- 4 10:10     - 54 35  160 39  37.52 0.25  0.0    9 13.5 17.2      3787
 3788 2021- 6- 4 10:13       55 21  161 47  11.24 0.00  0.0    4  2.3  2.6      3788
 3789 2021- 6- 4 11:45     - 54 58  162 22  13.20 0.01  0.0    4  7.6  8.2      3789
 *** DISTANCE & RESIDUAL WEIGHTING CANCELLED FOR EVENT: 2021  6  4 11 46
 3790 2021- 6- 4 11:46     # 54 57  162 14   2.98 0.86  0.0    4  6.8 21.2      3790
 3791 2021- 6- 4 12:20     - 54 40  162 44   2.95 0.03  0.0    4  5.3 11.5      3791
 3792 2021- 6- 4 13:04     - 55  0  162 14   2.94 0.11  0.0    4  2.5 14.9      3792
 3793 2021- 6- 4 13:04     - 55  3  163 23   3.00 0.94  0.0    4 68.3 71.7      3793
 3794 2021- 6- 4 13:57     - 55  2  162 26  54.98 0.04  0.0    4  5.2  9.7      3794
 3795 2021- 6- 4 14:45     - 54 58  162 40   2.83 0.10  0.0    4 12.1  7.7      3795
  SEQ ---DATE--- TIME REMARK -LAT-  --LON-  DEPTH  RMS PMAG  NUM  ERH  ERZ  ID
 3796 2021- 6- 4 14:45     - 55  7  161 41   0.32 0.17  0.0    6  5.8 17.1      3796
 3797 2021- 6- 4 14:45       55 19  161 47   3.45 0.04  0.0    5  1.2  2.6      3797
 3798 2021- 6- 4 15:36     - 55 24  161 52   0.67 0.12  0.0    4  1.3 15.7      3798
 3799 2021- 6- 4 15:38     - 55 45  162 32   2.85 0.13  0.0    4  6.9 14.7      3799
 3800 2021- 6- 4 15:40     - 55  4  161 10  26.58 0.14  0.0    8 14.6  4.9      3800
 3801 2021- 6- 4 15:40     - 54 57  160 48   3.01 0.14  0.0    4 14.9 16.9      3801
 3802 2021- 6- 4 16:28     - 54 56  161 28  21.67 0.05  0.0    5 12.3  3.6      3802
 3803 2021- 6- 4 16:35     - 55  2  161  2  31.57 0.22  0.0   10 16.3  1.4      3803
 3804 2021- 6- 4 16:35       55  4  161  0  30.12 0.20  0.0    9 11.3  6.3      3804
 *** DISTANCE & RESIDUAL WEIGHTING CANCELLED FOR EVENT: 2021  6  4 16 57
 3805 2021- 6- 4 16:57     - 55 17  162 10   2.09 0.23  0.0    4  2.7 18.7      3805
 3806 2021- 6- 4 17:11     - 55 17  161 12   0.45 0.09  0.0    6 13.2  3.7      3806
 3807 2021- 6- 4 17:10     - 53 54  163  9   3.02 0.37  0.0    4 23.1 23.8      3807
 3808 2021- 6- 4 17:48       54 54  162 22  34.55 0.05  0.0    8  5.3  5.7      3808
 3809 2021- 6- 4 17:49       54 58  162 13  14.20 0.02  0.0    5  3.1  6.5      3809
 3810 2021- 6- 4 18:25     - 54 43  163 32   2.97 0.02  0.0    5  5.2 11.4      3810
  SEQ ---DATE--- TIME REMARK -LAT-  --LON-  DEPTH  RMS PMAG  NUM  ERH  ERZ  ID
 3811 2021- 6- 4 19:07     - 54 45  162 37   7.20 0.10  0.0    7  2.3 13.9      3811
 *** DISTANCE & RESIDUAL WEIGHTING CANCELLED FOR EVENT: 2021  6  4 20 24
 3812 2021- 6- 4 20:24     - 54 45  161 50  17.57 0.10  0.0    4  8.8 10.7      3812
 3813 2021- 6- 4 22:11     - 55  1  161 17   3.03 0.09  0.0    4 13.8 14.3      3813
 *** DISTANCE & RESIDUAL WEIGHTING CANCELLED FOR EVENT: 2021  6  4 22 11
 3814 2021- 6- 4 22:11     # 55  6  161 46  22.15 0.53  0.0    4 23.8 15.1      3814
 3815 2021- 6- 4 22:43     - 54 30  162 12   2.64 0.12  0.0    7  6.8 14.6      3815
 3816 2021- 6- 4 23:05     - 54 35  162 39   4.19 0.31  0.0   10 12.1 26.2      3816
 3817 2021- 6- 5  2:13     - 55 26  161 11  12.12 0.28  0.0    4 14.6 24.1      3817
 3818 2021- 6- 5  3:37     - 55 27  162 49   3.06 0.05  0.0    4  5.7 12.0      3818
 *** DISTANCE & RESIDUAL WEIGHTING CANCELLED FOR EVENT: 2021  6  5  6 23
 3819 2021- 6- 5  6:23     - 55 24  162 57   3.00 1.27  0.0    4 42.7 89.3      3819
 3820 2021- 6- 5 11:15     - 54 48  160 58  48.53 0.17  0.0    6 16.5  9.6      3820
 3821 2021- 6- 5 11:16     - 54 44  160 52  58.05 0.32  0.0    9 22.9  8.4      3821
 3822 2021- 6- 5 12:43     - 55  4  160 24   3.01 0.42  0.0    6 34.7 36.5      3822
 3823 2021- 6- 5 12:43     - 55 11  160 50   3.23 0.07  0.0    5  9.3 13.5      3823
 3824 2021- 6- 5 13:58     - 55 31  160 25   0.18 0.20  0.0    9  9.8 18.1      3824
 3825 2021- 6- 5 13:58     - 55  0  160 21   2.37 0.36  0.0    9 13.5 28.8      3825
  SEQ ---DATE--- TIME REMARK -LAT-  --LON-  DEPTH  RMS PMAG  NUM  ERH  ERZ  ID
 3826 2021- 6- 5 14:50     - 54 56  163 24   2.75 0.53  0.0    6 19.2 41.9      3826
 *** DISTANCE & RESIDUAL WEIGHTING CANCELLED FOR EVENT: 2021  6  5 15  9
 3827 2021- 6- 5 15:09     # 55 13  162 15  24.98 0.52  0.0    4 18.9 15.5      3827
 *** DISTANCE & RESIDUAL WEIGHTING CANCELLED FOR EVENT: 2021  6  5 15 12
 3828 2021- 6- 5 15:12     # 55 28  161 50   0.04 0.29  0.0    5  3.5  5.3      3828
 3829 2021- 6- 5 16:05     - 55  7  161 17   0.02 0.16  0.0    6 12.7  3.0      3829
 3830 2021- 6- 5 16:05     - 54 53  161 25  75.12 0.03  0.0    4  9.4  6.9      3830
 3831 2021- 6- 5 17:38     - 55 23  161 44   2.26 0.04  0.0    4  9.0  9.1      3831
 *** DISTANCE & RESIDUAL WEIGHTING CANCELLED FOR EVENT: 2021  6  5 17 38
 3832 2021- 6- 5 17:38     # 55 12  162  4   2.97 0.40  0.0    4  2.3 20.6      3832
 *** DISTANCE & RESIDUAL WEIGHTING CANCELLED FOR EVENT: 2021  6  5 21 42
 3833 2021- 6- 5 21:42     - 55  6  161 15  16.92 0.42  0.0    5 30.7 36.9      3833
 *** DISTANCE & RESIDUAL WEIGHTING CANCELLED FOR EVENT: 2021  6  5 21 51
 3834 2021- 6- 5 21:51     - 55 15  161 42   5.22 0.10  0.0    4 13.1  1.1      3834
 *** DISTANCE & RESIDUAL WEIGHTING CANCELLED FOR EVENT: 2021  6  5 21 51
 3835 2021- 6- 5 21:51     # 55 15  161 34   2.96 0.30  0.0    4  6.8  5.1      3835
 3836 2021- 6- 5 22:11     - 55 27  161  1  47.78 0.19  0.0   10 16.1  6.7      3836
 *** DISTANCE & RESIDUAL WEIGHTING CANCELLED FOR EVENT: 2021  6  5 22 12
 3837 2021- 6- 5 22:12     - 55 26  161 49   1.95 0.29  0.0    5 21.6  2.3      3837
 *** DISTANCE & RESIDUAL WEIGHTING CANCELLED FOR EVENT: 2021  6  6  0  0
 3838 2021- 6- 5 23:59     - 55 23  162  1  51.52 0.35  0.0    4  9.1 26.6      3838
 3839 2021- 6- 6  0:41     - 54 53  161 17  32.45 0.15  0.0    5 16.9  1.2      3839
 3840 2021- 6- 6  0:41     - 55  4  161 48  17.90 0.09  0.0    4 10.9  4.7      3840
  SEQ ---DATE--- TIME REMARK -LAT-  --LON-  DEPTH  RMS PMAG  NUM  ERH  ERZ  ID
 3841 2021- 6- 6  0:58     - 55  2  161 16  20.57 0.19  0.0    8 15.0  7.5      3841
 3842 2021- 6- 6  0:58     - 54 59  161 16  31.49 0.19  0.0    6 14.7  4.7      3842
 *** DISTANCE & RESIDUAL WEIGHTING CANCELLED FOR EVENT: 2021  6  6  2 31
 3843 2021- 6- 6  2:31     - 55 23  161 46   2.86 0.38  0.0    4 19.7 27.2      3843
 3844 2021- 6- 6  2:33     - 54 37  162 43   2.87 0.16  0.0   10  7.5 16.4      3844
 3845 2021- 6- 6  4:48     - 55 13  161 52   2.66 0.18  0.0    4  4.4 18.8      3845
 3846 2021- 6- 6  4:48     - 54 49  161 18  25.57 0.07  0.0    5 13.5  4.3      3846
 3847 2021- 6- 6  6:19     - 55 18  161 32   1.50 0.18  0.0    4 15.1 13.4      3847
 *** DISTANCE & RESIDUAL WEIGHTING CANCELLED FOR EVENT: 2021  6  6  6 20
 3848 2021- 6- 6  6:20     # 55 11  162  9  23.70 0.56  0.0    6  4.0  5.2      3848
 3849 2021- 6- 6  7:58     - 55 18  161 38   0.02 0.07  0.0    6  6.4 13.6      3849
 3850 2021- 6- 6  7:58       55 23  161 47   4.26 0.14  0.0    7  1.2  1.8      3850
 3851 2021- 6- 6  8:04       55 17  161 27  28.32 0.15  0.0    7  3.1  3.2      3851
 3852 2021- 6- 6  9:26     - 54 58  160 35   2.68 0.29  0.0   10 10.4 22.4      3852
 3853 2021- 6- 6 12:18     - 54 51  161 14  17.25 0.24  0.0    8 17.8 23.0      3853
 3854 2021- 6- 6 12:18     - 54 59  161 49   3.35 0.11  0.0    5 12.5  2.4      3854
 3855 2021- 6- 6 13:56     # 54 28  163  8   5.03 0.18  0.0   13  4.7  8.7      3855
  SEQ ---DATE--- TIME REMARK -LAT-  --LON-  DEPTH  RMS PMAG  NUM  ERH  ERZ  ID
 3856 2021- 6- 6 13:56     # 55  7  162  1   4.49 0.16  0.0    5  3.5  1.1      3856
 3857 2021- 6- 6 14:11     - 54 56  163 42  18.15 0.53  0.0    8  6.4 46.0      3857
 3858 2021- 6- 6 14:12       54 49  161 55   4.55 0.05  0.0    5  3.6  1.2      3858
 *** DISTANCE & RESIDUAL WEIGHTING CANCELLED FOR EVENT: 2021  6  6 15 46
 3859 2021- 6- 6 15:46     - 55 28  161 60   2.60 0.53  0.0    4  7.9 43.1      3859
 3860 2021- 6- 6 17:01     - 54 53  161 31  25.08 0.02  0.0    4 12.1  3.2      3860
 3861 2021- 6- 6 17:01     # 55  9  161 50   6.26 0.38  0.0    4  9.9  1.5      3861
 3862 2021- 6- 6 17:17     - 54 43  161  8  27.85 0.24  0.0   11 18.2  3.2      3862
 *** DISTANCE & RESIDUAL WEIGHTING CANCELLED FOR EVENT: 2021  6  6 17 17
 3863 2021- 6- 6 17:17     - 55 14  162 12   0.34 1.75  0.0    6 35.8 99.0      3863
 3864 2021- 6- 6 18:01     - 55 30  161 51   2.60 0.10  0.0    4  2.7 13.5      3864
 3865 2021- 6- 6 18:21     - 54 51  161 24  25.49 0.17  0.0    8 17.1  6.7      3865
 3866 2021- 6- 6 18:21     - 55 27  161 25   4.43 0.07  0.0    4  3.1 13.5      3866
 3867 2021- 6- 6 18:21       55  9  161 11   0.98 0.05  0.0    5  3.0  1.2      3867
 3868 2021- 6- 6 19:48     - 54 56  161 36  24.00 0.11  0.0    6 14.0  3.7      3868
 *** DISTANCE & RESIDUAL WEIGHTING CANCELLED FOR EVENT: 2021  6  6 19 49
 3869 2021- 6- 6 19:49     # 55 19  161 56   2.98 0.47  0.0    5  2.3  2.3      3869
 *** DISTANCE & RESIDUAL WEIGHTING CANCELLED FOR EVENT: 2021  6  6 19 49
 3870 2021- 6- 6 19:49     # 54 55  161 44   2.98 0.42  0.0    4 12.1  9.4      3870
  SEQ ---DATE--- TIME REMARK -LAT-  --LON-  DEPTH  RMS PMAG  NUM  ERH  ERZ  ID
 3871 2021- 6- 6 20:41     - 54 27  161 42   2.89 0.42  0.0    8 14.9 31.9      3871
 3872 2021- 6- 6 20:41     - 55 22  161 54   0.08 0.04  0.0    4  0.8  9.5      3872
 3873 2021- 6- 6 21:34       54 41  160 58  25.47 0.26  0.0   11  8.9  2.4      3873
 3874 2021- 6- 6 21:35     - 54 44  161  8  55.17 0.10  0.0    8 10.1  3.7      3874
 3875 2021- 6- 6 22:16     - 54 57  161 34  23.82 0.12  0.0    6 14.2  3.8      3875
 *** DISTANCE & RESIDUAL WEIGHTING CANCELLED FOR EVENT: 2021  6  6 22 17
 3876 2021- 6- 6 22:17     # 55  9  161 54   3.15 0.80  0.0    5  9.5 13.8      3876
 *** DISTANCE & RESIDUAL WEIGHTING CANCELLED FOR EVENT: 2021  6  7  0  9
 3877 2021- 6- 7  0:09     - 55  8  161 29  31.66 0.31  0.0    4 28.8  8.8      3877
 3878 2021- 6- 7  0:29     - 54 52  161 16  31.99 0.13  0.0    7 14.9  1.3      3878
 3879 2021- 6- 7  0:29     - 55  5  161 44  18.59 0.06  0.0    4 10.1  3.9      3879
 3880 2021- 6- 7  2:16     - 55 19  161 31   2.87 0.18  0.0    5  2.2 18.0      3880
 3881 2021- 6- 7  3:31     - 54 53  161 32  26.60 0.04  0.0    5 12.0  3.2      3881
 *** DISTANCE & RESIDUAL WEIGHTING CANCELLED FOR EVENT: 2021  6  7  3 32
 3882 2021- 6- 7  3:32     - 55 15  162 14   3.00 0.72  0.0    4  6.6 54.8      3882
 3883 2021- 6- 7  5:37     - 55 27  161 14   0.74 0.06  0.0    4  2.1 13.5      3883
 3884 2021- 6- 7  6:10       55 14  161 51  21.29 0.00  0.0    4  4.3  1.3      3884
 3885 2021- 6- 7  8:26     - 55  6  162  5   2.81 0.08  0.0    4 12.0  7.4      3885
  SEQ ---DATE--- TIME REMARK -LAT-  --LON-  DEPTH  RMS PMAG  NUM  ERH  ERZ  ID
 3886 2021- 6- 7 12:12     - 54 25  161  0   2.34 0.15  0.0   10  6.9 15.5      3886
 3887 2021- 6- 7 12:13     - 54 60  162 38   2.87 0.04  0.0    4 10.1  6.5      3887
 3888 2021- 6- 7 12:13     - 55  9  161 31   2.00 0.12  0.0    6 12.8  2.4      3888
 3889 2021- 6- 7 12:28     - 55 54  162 51   3.00 0.02  0.0    4  5.3 11.4      3889
 3890 2021- 6- 7 12:44     - 55 54  163 11   1.61 0.12  0.0    6  6.7 14.2      3890
 *** DISTANCE & RESIDUAL WEIGHTING CANCELLED FOR EVENT: 2021  6  7 12 45
 3891 2021- 6- 7 12:45     # 55 45  162 21   3.03 0.60  0.0    5 12.3  7.5      3891
 3892 2021- 6- 7 13:53     - 54 59  161 16   3.00 0.30  0.0    6 21.7 28.0      3892
 3893 2021- 6- 7 13:54     - 55  5  161 43  20.09 0.11  0.0    4 13.6  5.7      3893
 *** DISTANCE & RESIDUAL WEIGHTING CANCELLED FOR EVENT: 2021  6  7 16  5
 3894 2021- 6- 7 16:05     # 55 16  161 44  11.50 0.53  0.0    4 13.6 18.4      3894
 *** DISTANCE & RESIDUAL WEIGHTING CANCELLED FOR EVENT: 2021  6  7 18 12
 3895 2021- 6- 7 18:12     - 55 17  162 13   1.57 0.44  0.0    5  2.6 28.6      3895
 *** DISTANCE & RESIDUAL WEIGHTING CANCELLED FOR EVENT: 2021  6  7 19 10
 3896 2021- 6- 7 19:09     # 55  6  162  7   3.00 0.44  0.0    4 13.5  5.6      3896
 3897 2021- 6- 7 21:21     - 55  4  162  7   3.86 0.15  0.0    4  7.3 15.8      3897
 3898 2021- 6- 8  0:35     - 54 49  163 27  15.34 0.37  0.0    9 14.0 28.2      3898
 *** DISTANCE & RESIDUAL WEIGHTING CANCELLED FOR EVENT: 2021  6  8  5 26
 3899 2021- 6- 8  5:25     # 55 23  161 23   3.61 0.62  0.0    4 25.2 15.0      3899
 *** DISTANCE & RESIDUAL WEIGHTING CANCELLED FOR EVENT: 2021  6  8 11  7
 3900 2021- 6- 8 11:07     # 55  9  162 22   3.00 0.40  0.0    4  6.4 10.7      3900
 *** DISTANCE & RESIDUAL WEIGHTING CANCELLED FOR EVENT: 2021  6  8 11  8
  SEQ ---DATE--- TIME REMARK -LAT-  --LON-  DEPTH  RMS PMAG  NUM  ERH  ERZ  ID
 3901 2021- 6- 8 11:07     # 55  5  161 57  38.81 0.00  0.0    4  5.5  3.9      3901
 3902 2021- 6- 8 11:10       55 14  161 35  10.78 0.00  0.0    4  3.3  5.0      3902
 3903 2021- 6- 8 16:16     - 54 58  162 41   3.08 0.01  0.0    4 10.1  6.4      3903
 3904 2021- 6- 8 17:56     - 55  6  161  3   3.00 0.08  0.0    5 12.7 13.0      3904
 3905 2021- 6- 8 17:56     - 55 20  161 44   9.29 0.07  0.0    4  9.5  5.3      3905
 3906 2021- 6- 8 18:49     - 55  4  163 20   2.85 0.42  0.0    5 16.0 33.3      3906
 *** DISTANCE & RESIDUAL WEIGHTING CANCELLED FOR EVENT: 2021  6  8 18 49
 3907 2021- 6- 8 18:49     - 55 49  162  4   3.00 0.64  0.0    4 23.0 49.4      3907
 3908 2021- 6- 8 19:34     - 54 42  162 56   3.01 0.04  0.0    5  5.4 11.8      3908
 *** DISTANCE & RESIDUAL WEIGHTING CANCELLED FOR EVENT: 2021  6  8 19 57
 3909 2021- 6- 8 19:57     - 55  9  161 55   2.80 0.43  0.0    4 13.3 29.2      3909
 *** DISTANCE & RESIDUAL WEIGHTING CANCELLED FOR EVENT: 2021  6  8 20  2
 3910 2021- 6- 8 20:01     - 55 31  161  7  45.16 0.81  0.0    4 42.5 53.4      3910
 3911 2021- 6- 8 21:16       55 26  161 30  12.66 0.00  0.0    4  2.5  7.1      3911
 3912 2021- 6- 8 22:45     - 54 30  161 45   2.46 0.15  0.0    9  7.3 15.3      3912
 3913 2021- 6- 8 23:27       55 23  161 39  22.54 0.14  0.0    5  2.6  1.5      3913
 3914 2021- 6- 9  1:21     - 55 15  160 43   3.43 0.14  0.0    7  7.0 15.4      3914
 *** DISTANCE & RESIDUAL WEIGHTING CANCELLED FOR EVENT: 2021  6  9  2 17
 3915 2021- 6- 9  2:17     - 55 41  161 37  35.44 0.14  0.0    4 11.1 13.0      3915
 *** DISTANCE & RESIDUAL WEIGHTING CANCELLED FOR EVENT: 2021  6  9  4 36
  SEQ ---DATE--- TIME REMARK -LAT-  --LON-  DEPTH  RMS PMAG  NUM  ERH  ERZ  ID
 3916 2021- 6- 9  4:36     - 55  5  162 21   2.73 0.40  0.0    4 14.9 32.0      3916
 *** DISTANCE & RESIDUAL WEIGHTING CANCELLED FOR EVENT: 2021  6  9  4 36
 3917 2021- 6- 9  4:36     # 55 23  161 43   9.42 0.49  0.0    5 11.3  9.2      3917
 *** DISTANCE & RESIDUAL WEIGHTING CANCELLED FOR EVENT: 2021  6  9  6 16
 3918 2021- 6- 9  6:16     - 54 54  163  4   3.01 1.22  0.0    4 40.8 90.2      3918
 3919 2021- 6- 9  7:41       55 20  161 42  37.24 0.18  0.0    6  4.6  3.8      3919
 3920 2021- 6- 9  9:16     - 55  1  161 31  34.07 0.04  0.0    4 12.7  4.3      3920
 3921 2021- 6- 9  9:56     - 55 15  163 40   2.80 0.36  0.0   10 11.3 23.7      3921
 3922 2021- 6- 9 11:46       55 16  161 35  24.10 0.00  0.0    4  2.9  1.8      3922
 3923 2021- 6- 9 12:40     - 55 28  161 23  21.89 0.10  0.0    4  4.0  9.8      3923
 *** DISTANCE & RESIDUAL WEIGHTING CANCELLED FOR EVENT: 2021  6  9 12 42
 3924 2021- 6- 9 12:41     - 55 24  161 24   7.14 0.36  0.0    5  5.0 30.4      3924
 3925 2021- 6- 9 14:33     - 55 15  161  5   3.02 0.16  0.0    6 17.0 17.9      3925
 3926 2021- 6- 9 14:33       55 11  161 31  19.64 0.47  0.0    8  7.7  3.7      3926
 *** DISTANCE & RESIDUAL WEIGHTING CANCELLED FOR EVENT: 2021  6  9 15 42
 3927 2021- 6- 9 15:42     - 55 19  161 27  57.88 0.32  0.0    4 28.8  7.5      3927
 *** DISTANCE & RESIDUAL WEIGHTING CANCELLED FOR EVENT: 2021  6  9 20 22
 3928 2021- 6- 9 20:22     - 55 27  161 31   3.00 1.07  0.0    6  8.6 76.6      3928
 3929 2021- 6- 9 20:59     - 55  5  162  8   0.68 0.08  0.0    4  3.5 14.1      3929
 3930 2021- 6- 9 23:57     - 55 40  161 54   3.03 0.33  0.0    4 20.4 24.6      3930
  SEQ ---DATE--- TIME REMARK -LAT-  --LON-  DEPTH  RMS PMAG  NUM  ERH  ERZ  ID
 3931 2021- 6- 9 23:57     - 55 55  160 51   3.02 0.35  0.0    4 26.4 30.9      3931
 *** DISTANCE & RESIDUAL WEIGHTING CANCELLED FOR EVENT: 2021  6 10  3 12
 3932 2021- 6-10  3:12     - 55 13  161 55   2.92 0.32  0.0    4  4.5 20.9      3932
 3933 2021- 6-10  3:13     - 54 52  161  8  30.39 0.02  0.0    4  9.3  1.3      3933
 3934 2021- 6-10 10:19       55 30  161 47  40.89 0.10  0.0    6  5.9  2.7      3934
 3935 2021- 6-10 15:02     - 54 44  161 37  28.01 0.26  0.0    5 21.9  6.1      3935
 3936 2021- 6-10 17:27     - 54 30  161 51   3.82 0.55  0.0   19 18.3 39.3      3936
 3937 2021- 6-10 20:23     - 54 31  160 52   3.00 0.08  0.0    7  5.5 12.3      3937
 3938 2021- 6-10 20:23     - 54 59  163  8   1.84 0.15  0.0    5  5.4 14.9      3938
 3939 2021- 6-10 20:58     - 55  1  161 13   2.99 0.21  0.0    6 16.3 21.3      3939
 3940 2021- 6-10 20:58     - 55  2  161 25  34.58 0.15  0.0    5 14.7  3.4      3940
 *** DISTANCE & RESIDUAL WEIGHTING CANCELLED FOR EVENT: 2021  6 10 22 22
 3941 2021- 6-10 22:22     - 54 31  161 41   2.99 0.16  0.0    4  7.8 16.4      3941
 3942 2021- 6-10 22:23     - 55 14  161 46  39.97 0.11  0.0    4 10.9  3.2      3942
 3943 2021- 6-11  2:35     - 54 57  162 27  71.81 0.05  0.0    5  4.8 12.0      3943
 *** DISTANCE & RESIDUAL WEIGHTING CANCELLED FOR EVENT: 2021  6 11  3 56
 3944 2021- 6-11  3:56     # 55 33  161 16   3.00 0.74  0.0    4 18.3  9.8      3944
 3945 2021- 6-11  4:28     - 54 55  161 51   0.18 0.08  0.0    7  1.1 14.1      3945
  SEQ ---DATE--- TIME REMARK -LAT-  --LON-  DEPTH  RMS PMAG  NUM  ERH  ERZ  ID
 3946 2021- 6-11  5:59     - 55 32  161  5   1.98 0.14  0.0    4  7.3 15.7      3946
 3947 2021- 6-11  7:03     - 54 40  161 25   2.85 0.20  0.0    5  8.0 17.3      3947
 *** DISTANCE & RESIDUAL WEIGHTING CANCELLED FOR EVENT: 2021  6 11  8  0
 3948 2021- 6-11  7:59     # 55 19  162 32   3.00 0.35  0.0    4 10.5  4.9      3948
 3949 2021- 6-11  8:36     - 55 46  160 56   0.01 0.21  0.0    5  9.0 19.6      3949
 3950 2021- 6-11 10:14     - 55 36  163  1   2.98 0.04  0.0    4  5.5 11.7      3950
 3951 2021- 6-11 14:44     - 54 35  163 18   2.98 0.08  0.0    6  5.9 12.9      3951
 3952 2021- 6-11 15:11     - 55 23  161  1   2.48 0.12  0.0    4  6.7 14.4      3952
 3953 2021- 6-11 16:34     - 54 30  161 32   3.00 0.14  0.0    4 15.8 17.0      3953
 3954 2021- 6-11 18:17     - 55  1  161 32  26.51 0.22  0.0    6 18.0  6.1      3954
 3955 2021- 6-11 18:17     - 54 51  161 15  28.00 0.25  0.0    7 18.4  2.8      3955
 3956 2021- 6-11 18:41     - 55 33  161  8   2.67 0.12  0.0    5  6.7 14.4      3956
 3957 2021- 6-11 19:26     - 54 59  162 18   6.69 0.03  0.0    4  7.5 10.2      3957
 3958 2021- 6-11 19:41       55  4  161 47  18.53 0.06  0.0    5  5.4  2.7      3958
 3959 2021- 6-11 19:49     - 55 43  163  1   3.44 0.56  0.0    5 20.3 43.4      3959
 3960 2021- 6-11 21:52     - 55 44  161 38   1.61 0.38  0.0    6 14.3 30.9      3960
  SEQ ---DATE--- TIME REMARK -LAT-  --LON-  DEPTH  RMS PMAG  NUM  ERH  ERZ  ID
 3961 2021- 6-11 22:53       55 28  161 53  26.05 0.10  0.0    5  2.3  3.3      3961
 *** DISTANCE & RESIDUAL WEIGHTING CANCELLED FOR EVENT: 2021  6 12  0  0
 3962 2021- 6-11 23:59     - 55 22  162  9   3.00 0.66  0.0    4  5.4 44.2      3962
 3963 2021- 6-12  0:01     - 55 18  162  7   3.31 0.02  0.0    4  2.2 11.4      3963
 3964 2021- 6-12  3:58       55 18  161 47  12.16 0.00  0.0    4  4.6  2.6      3964
 *** DISTANCE & RESIDUAL WEIGHTING CANCELLED FOR EVENT: 2021  6 12  5 11
 3965 2021- 6-12  5:10     - 54 32  161 48   3.05 1.14  0.0    4 83.9 93.7      3965
 3966 2021- 6-12  5:46     - 54 52  161  5  28.90 0.20  0.0    9 17.3  2.6      3966
 *** DISTANCE & RESIDUAL WEIGHTING CANCELLED FOR EVENT: 2021  6 12  5 46
 3967 2021- 6-12  5:46     - 55 24  161 48   1.41 0.55  0.0    4 14.4 35.6      3967
 *** DISTANCE & RESIDUAL WEIGHTING CANCELLED FOR EVENT: 2021  6 12  8 33
 3968 2021- 6-12  8:33     - 55 37  161 54   3.00 1.22  0.0    4 14.9 83.9      3968
 *** DISTANCE & RESIDUAL WEIGHTING CANCELLED FOR EVENT: 2021  6 12  9 22
 3969 2021- 6-12  9:22     - 54 54  161 13   0.58 0.29  0.0    4 25.3 27.4      3969
 3970 2021- 6-12 10:05     - 55 31  161 58   2.58 0.07  0.0    4  8.6  9.6      3970
 3971 2021- 6-12 10:06       55 14  161 44  15.78 0.16  0.0    6  1.4  1.2      3971
 3972 2021- 6-12 10:42     - 55  3  162 14   2.88 0.19  0.0    4  3.0 14.5      3972
 3973 2021- 6-12 11:30     - 55  4  163 25   0.01 0.69  0.0    9 23.8 50.3      3973
 3974 2021- 6-12 11:31     - 55  2  163 17   0.03 1.00  0.0   13 27.3 59.1      3974
 3975 2021- 6-12 11:46     # 54 31  161 34  50.27 0.37  0.0   15  6.4 11.0      3975
  SEQ ---DATE--- TIME REMARK -LAT-  --LON-  DEPTH  RMS PMAG  NUM  ERH  ERZ  ID
 3976 2021- 6-12 11:46     - 55  0  161 34   3.06 0.14  0.0    4 15.2 16.0      3976
 3977 2021- 6-12 11:54     - 54 27  161 29   2.44 0.23  0.0    7  9.5 20.7      3977
 3978 2021- 6-12 11:57     - 54 27  161 34   2.54 0.29  0.0    8 11.1 24.2      3978
 3979 2021- 6-12 12:04     - 54 45  163 31   3.03 0.01  0.0    4  5.2 11.4      3979
 3980 2021- 6-12 12:10     # 55  7  163  9   0.05 0.74  0.0   11 18.4 38.8      3980
 *** DISTANCE & RESIDUAL WEIGHTING CANCELLED FOR EVENT: 2021  6 12 16 29
 3981 2021- 6-12 16:29     - 55 11  162  7   2.61 0.00  0.0    4  4.8 11.6      3981
 3982 2021- 6-12 18:02     - 54 44  160 49  48.57 0.23  0.0    8 19.9 13.6      3982
 3983 2021- 6-12 18:02     - 54 45  160 48  44.52 0.23  0.0    7 16.8  7.2      3983
 3984 2021- 6-12 18:33     # 55 18  161 43  15.10 0.12  0.0    6  2.4  1.1      3984
 3985 2021- 6-12 18:53     - 55 23  161 26  15.76 0.01  0.0    4  2.6  8.5      3985
 3986 2021- 6-12 20:33     - 55 18  163 16   2.80 0.74  0.0    8 27.0 53.4      3986
 3987 2021- 6-12 20:49     - 55 20  161 13  22.28 0.10  0.0    5 12.0 13.8      3987
 3988 2021- 6-12 21:52     - 54 44  160 54  37.30 0.20  0.0    9 13.5 12.5      3988
 3989 2021- 6-12 21:52     - 54 42  160 46  52.19 0.35  0.0   10 26.3  9.9      3989
 3990 2021- 6-12 23:26     - 54 36  160 55  24.76 0.20  0.0   11 18.0  4.1      3990
  SEQ ---DATE--- TIME REMARK -LAT-  --LON-  DEPTH  RMS PMAG  NUM  ERH  ERZ  ID
 3991 2021- 6-12 23:26     - 54 36  160 57   3.12 0.21  0.0    6 18.2 21.1      3991
 3992 2021- 6-12 23:54     - 54 60  161 32   3.01 0.17  0.0    5 14.9 18.6      3992
 *** DISTANCE & RESIDUAL WEIGHTING CANCELLED FOR EVENT: 2021  6 12 23 55
 3993 2021- 6-12 23:55     # 55 11  161 55   2.97 0.88  0.0    6 10.0 27.5      3993
 *** DISTANCE & RESIDUAL WEIGHTING CANCELLED FOR EVENT: 2021  6 13  0  0
 3994 2021- 6-12 23:59     - 55 22  162 15   3.00 0.49  0.0    4  5.6 36.6      3994
 *** DISTANCE & RESIDUAL WEIGHTING CANCELLED FOR EVENT: 2021  6 13  1 51
 3995 2021- 6-13  1:51     # 55 30  161 31  27.40 0.29  0.0    4  8.6 10.8      3995
 3996 2021- 6-13  2:11     - 54 37  161 38   3.00 0.25  0.0    9 18.5 24.1      3996
 3997 2021- 6-13  2:11     - 54 54  161 56   3.05 0.17  0.0    4 16.7 17.7      3997
 3998 2021- 6-13  2:18     - 55 11  163  8   3.56 0.70  0.0    8 20.0 40.0      3998
 3999 2021- 6-13  2:48     - 54 47  163 14   3.00 0.06  0.0    6  5.6 12.1      3999
 4000 2021- 6-13  3:03     - 55  5  163  9   7.36 1.19  0.0   13  5.8 99.0      4000
 *** DISTANCE & RESIDUAL WEIGHTING CANCELLED FOR EVENT: 2021  6 13  4  1
 4001 2021- 6-13  4:01     - 54 56  162  1   3.14 0.08  0.0    4 10.5  4.0      4001
 4002 2021- 6-13  4:01     - 54 43  161 57   0.55 0.20  0.0    4 10.0 20.4      4002
 4003 2021- 6-13  4:23     - 54 58  160 47  34.29 0.25  0.0   11 16.9 22.4      4003
 4004 2021- 6-13  4:23     - 54 52  160 34   3.01 0.36  0.0    9 23.3 32.5      4004
 4005 2021- 6-13  4:38     - 54 45  160 21  13.28 0.20  0.0   16  8.6 17.1      4005
  SEQ ---DATE--- TIME REMARK -LAT-  --LON-  DEPTH  RMS PMAG  NUM  ERH  ERZ  ID
 4006 2021- 6-13  5:13     - 55 31  161 25   3.73 0.04  0.0    4  2.3 12.0      4006
 4007 2021- 6-13  5:31     - 55 42  160 12   2.52 0.05  0.0    4 12.7  3.2      4007
 4008 2021- 6-13  5:37     - 55 13  163 18   2.03 0.64  0.0    9 23.2 46.1      4008
 4009 2021- 6-13  5:54     - 54 46  163 31   3.01 0.07  0.0    5  5.7 12.4      4009
 *** DISTANCE & RESIDUAL WEIGHTING CANCELLED FOR EVENT: 2021  6 13  8  0
 4010 2021- 6-13  7:59     - 55 23  162 21   2.99 0.20  0.0    4  4.2 20.5      4010
 *** DISTANCE & RESIDUAL WEIGHTING CANCELLED FOR EVENT: 2021  6 13  9  0
 4011 2021- 6-13  9:00     # 55 22  161 45  12.06 0.88  0.0    6  8.1  5.2      4011
 4012 2021- 6-13 10:19     - 55 10  163 16   0.01 1.06  0.0   13 33.2 68.8      4012
 4013 2021- 6-13 10:27     - 55  3  160 31   3.51 0.40  0.0   13 14.2 30.0      4013
 4014 2021- 6-13 11:05     - 55 14  161 30  10.17 0.10  0.0    4  5.0 14.1      4014
 *** DISTANCE & RESIDUAL WEIGHTING CANCELLED FOR EVENT: 2021  6 13 11 42
 4015 2021- 6-13 11:42     - 54 33  161 21   3.00 0.14  0.0    4  7.1 15.7      4015
 4016 2021- 6-13 12:12     - 54 48  161 52   4.46 0.07  0.0    6  5.7 11.2      4016
 4017 2021- 6-13 14:20     - 55 12  161  9   3.16 0.07  0.0    4  8.4 12.4      4017
 4018 2021- 6-13 14:47     # 55 24  161 54   0.05 0.51  0.0   10  1.6 24.9      4018
 4019 2021- 6-13 15:30     - 54 29  161 44   2.86 0.22  0.0   15  8.7 18.6      4019
 *** DISTANCE & RESIDUAL WEIGHTING CANCELLED FOR EVENT: 2021  6 13 16  0
 4020 2021- 6-13 15:59     # 55 21  162  3   3.00 0.58  0.0    5  3.7 28.5      4020
  SEQ ---DATE--- TIME REMARK -LAT-  --LON-  DEPTH  RMS PMAG  NUM  ERH  ERZ  ID
 4021 2021- 6-13 17:49     - 55 29  162 56   2.79 0.09  0.0    4  6.6 12.8      4021
 4022 2021- 6-13 18:39     - 54 45  161 60   3.01 0.34  0.0    6 25.7 16.0      4022
 4023 2021- 6-13 18:58     - 55 42  162 44   5.67 0.87  0.0    6 31.2 66.1      4023
 4024 2021- 6-13 19:13     - 54 25  161 32   2.20 0.15  0.0    6  7.6 16.1      4024
 4025 2021- 6-13 19:27     - 54 24  161 23   0.01 0.60  0.0    6 22.1 46.7      4025
 4026 2021- 6-13 19:37       54 59  160 48  54.78 0.06  0.0    9  1.8  3.1      4026
 *** DISTANCE & RESIDUAL WEIGHTING CANCELLED FOR EVENT: 2021  6 13 19 43
 4027 2021- 6-13 19:43     - 55 10  161 58   2.99 0.15  0.0    4  3.7 15.5      4027
 4028 2021- 6-13 19:43     - 55 14  162 60   7.15 0.81  0.0    6 11.8 68.8      4028
 4029 2021- 6-13 20:25     - 54 52  160 48  33.00 0.24  0.0   10 20.6 23.3      4029
 4030 2021- 6-13 20:25     - 54 46  160 42  60.78 0.22  0.0    8 16.5 10.5      4030
 4031 2021- 6-13 20:40     - 55 21  162 26   0.61 0.16  0.0    4  2.3 17.3      4031
 4032 2021- 6-13 22:24     - 54 54  162 52   2.09 0.02  0.0    4  9.9  4.8      4032
 4033 2021- 6-13 22:24     # 54 20  161 24   0.92 0.27  0.0    9 10.3 16.2      4033
 *** DISTANCE & RESIDUAL WEIGHTING CANCELLED FOR EVENT: 2021  6 13 22 25
 4034 2021- 6-13 22:25     - 55  9  161 43   6.67 0.20  0.0    5 17.4 20.0      4034
 4035 2021- 6-13 23:39     - 54 58  162 17   0.66 0.15  0.0    4  4.2 17.4      4035
 *** DISTANCE & RESIDUAL WEIGHTING CANCELLED FOR EVENT: 2021  6 13 23 39
  SEQ ---DATE--- TIME REMARK -LAT-  --LON-  DEPTH  RMS PMAG  NUM  ERH  ERZ  ID
 4036 2021- 6-13 23:39     - 54 51  162 21   6.03 0.18  0.0    4 18.7  0.9      4036
 4037 2021- 6-14  0:12     - 55  9  162  8   3.27 0.18  0.0    4 15.3 11.4      4037
 4038 2021- 6-14  0:26       54 49  161 19  15.54 0.11  0.0   10  9.5  1.2      4038
 4039 2021- 6-14  0:26     - 54 47  161 13  20.53 0.23  0.0    9 15.5  8.7      4039
 4040 2021- 6-14  0:54     - 54 58  161  5  28.21 0.20  0.0   10 16.1  2.5      4040
 4041 2021- 6-14  0:55     - 54 59  160 57  29.25 0.38  0.0   10 23.6  4.0      4041
 4042 2021- 6-14  1:55     # 55 24  161 47  21.14 2.15  0.0    9 21.6 28.8      4042
 4043 2021- 6-14  2:05     - 54 58  163 18   2.52 0.26  0.0    6  9.6 21.6      4043
 *** DISTANCE & RESIDUAL WEIGHTING CANCELLED FOR EVENT: 2021  6 14  4 38
 4044 2021- 6-14  4:38     - 55 20  161 44  11.46 2.15  0.0    4 98.8 20.3      4044
 *** DISTANCE & RESIDUAL WEIGHTING CANCELLED FOR EVENT: 2021  6 14  6 18
 4045 2021- 6-14  6:18     - 55  7  161 34  10.55 0.29  0.0    4 20.7 18.7      4045
 4046 2021- 6-14  6:18     # 55 13  162 22   3.30 0.11  0.0    4  4.8  3.8      4046
 4047 2021- 6-14  6:43     - 54 25  161 36   2.01 0.22  0.0    9  9.3 19.4      4047
 4048 2021- 6-14 10:42       54 40  161 22  27.04 0.18  0.0   12  3.5  2.5      4048
 4049 2021- 6-14 10:42     # 54 35  161 12   7.14 0.28  0.0   11 13.2  2.8      4049
 *** DISTANCE & RESIDUAL WEIGHTING CANCELLED FOR EVENT: 2021  6 14 16 50
 4050 2021- 6-14 16:50     - 55 18  161 47   2.67 0.11  0.0    4 13.3  3.8      4050
  SEQ ---DATE--- TIME REMARK -LAT-  --LON-  DEPTH  RMS PMAG  NUM  ERH  ERZ  ID
 4051 2021- 6-14 20:30     - 55 19  161 38   4.88 0.05  0.0    4  9.5  1.1      4051
 *** DISTANCE & RESIDUAL WEIGHTING CANCELLED FOR EVENT: 2021  6 14 21 40
 4052 2021- 6-14 21:40     - 55 18  161 53   3.01 0.58  0.0    4  4.7 40.9      4052
 4053 2021- 6-14 21:43     # 55 19  161 39  40.09 0.34  0.0    7 14.5 15.7      4053
 4054 2021- 6-15  0:25     - 55  2  160 58  33.56 0.24  0.0    9 18.8 21.3      4054
 *** DISTANCE & RESIDUAL WEIGHTING CANCELLED FOR EVENT: 2021  6 15  0 26
 4055 2021- 6-15  0:25     - 54 37  163  9   3.00 0.32  0.0    4 24.5 16.4      4055
 4056 2021- 6-15  0:25     - 55 43  162 18   7.78 0.36  0.0    6  5.1 30.3      4056
 *** DISTANCE & RESIDUAL WEIGHTING CANCELLED FOR EVENT: 2021  6 15  4 53
 4057 2021- 6-15  4:53     - 54 57  163  6   2.55 0.14  0.0    4  7.4 15.0      4057
 4058 2021- 6-15  5:07     - 55  9  161 38  26.92 0.17  0.0    5 11.4  8.3      4058
 4059 2021- 6-15  5:07     - 54 58  161 22  33.72 0.09  0.0    6 10.5  2.7      4059
 *** DISTANCE & RESIDUAL WEIGHTING CANCELLED FOR EVENT: 2021  6 15  5 53
 4060 2021- 6-15  5:53     # 55 10  161 49  11.83 0.94  0.0    6 26.6 27.1      4060
 *** DISTANCE & RESIDUAL WEIGHTING CANCELLED FOR EVENT: 2021  6 15  5 54
 4061 2021- 6-15  5:53     - 54 40  161 10  33.10 0.39  0.0    6 29.9 34.3      4061
 *** DISTANCE & RESIDUAL WEIGHTING CANCELLED FOR EVENT: 2021  6 15  6 52
 4062 2021- 6-15  6:52     # 56  4  161 15   3.00 0.52  0.0    6 20.8 16.9      4062
 4063 2021- 6-15  8:17     - 54 56  161 13  29.17 0.23  0.0    6 19.5  9.6      4063
 4064 2021- 6-15  8:17     - 54 38  160 36  20.06 0.43  0.0    6 32.3 33.8      4064
 4065 2021- 6-15 10:40     - 54 34  162  5   2.95 0.18  0.0    8  8.0 17.1      4065
  SEQ ---DATE--- TIME REMARK -LAT-  --LON-  DEPTH  RMS PMAG  NUM  ERH  ERZ  ID
 4066 2021- 6-15 11:57     # 55 22  161 54   0.10 0.93  0.0    7  3.6 47.1      4066
 4067 2021- 6-15 11:58       55 10  161 59   9.22 0.12  0.0    6  1.8  3.3      4067
 4068 2021- 6-16 13:52       55 21  161 53  19.79 0.00  0.0    4  3.7  1.7      4068
 4069 2021- 6-16 17:04     # 55 22  161 51   0.07 0.51  0.0    8  1.9 15.4      4069
 4070 2021- 6-16 17:04     - 55 14  163 27   4.45 0.15  0.0    4 13.8 16.4      4070
 4071 2021- 6-16 17:19     - 54 48  161 12   1.75 0.20  0.0    8  7.6 14.8      4071
 4072 2021- 6-16 17:51     - 54 48  161 57   0.90 0.16  0.0    4  5.6 18.1      4072
 4073 2021- 6-16 18:14       54 57  162 15   3.51 0.09  0.0    6  1.6  2.9      4073
 4074 2021- 6-16 18:14     - 54 41  163  5   3.04 0.54  0.0    6 41.3 42.3      4074
 4075 2021- 6-16 18:34       54 59  162 16   2.95 0.08  0.0    5  1.5  3.6      4075
 4076 2021- 6-16 18:35     - 54 57  162 16   1.19 0.28  0.0    4  8.0 23.2      4076
 *** DISTANCE & RESIDUAL WEIGHTING CANCELLED FOR EVENT: 2021  6 16 18 48
 4077 2021- 6-16 18:48     - 55  3  163 16   3.00 0.26  0.0    4 10.6 23.0      4077
 4078 2021- 6-16 19:01     - 55  3  161  2  31.73 0.21  0.0    9 16.2  1.6      4078
 4079 2021- 6-16 19:01       55  2  160 60  20.28 0.21  0.0    9  8.3 10.7      4079
 4080 2021- 6-17  0:44     - 55 17  162  0   1.50 0.15  0.0    4  2.1 13.1      4080
  SEQ ---DATE--- TIME REMARK -LAT-  --LON-  DEPTH  RMS PMAG  NUM  ERH  ERZ  ID
 4081 2021- 6-17  4:22     - 54 42  161 34   3.00 0.10  0.0    6 10.9 15.0      4081
 4082 2021- 6-17  4:23     - 55  6  161 58   0.77 0.09  0.0    6  0.9 11.7      4082
 4083 2021- 6-17  5:04     - 54 47  161  7   3.37 0.25  0.0   17  8.4 17.5      4083
 4084 2021- 6-17  5:11     - 55 40  161 38   2.96 0.12  0.0    4  2.0 15.7      4084
 *** DISTANCE & RESIDUAL WEIGHTING CANCELLED FOR EVENT: 2021  6 17  7  4
 4085 2021- 6-17  7:04     - 54 28  162 28   3.00 0.92  0.0    4 77.7 70.6      4085
 4086 2021- 6-17  9:28     - 54 13  162  7   2.34 0.67  0.0    6 24.0 51.5      4086
 4087 2021- 6-17  9:32     - 54 41  161 14   3.44 0.03  0.0    4  5.3 11.5      4087
 4088 2021- 6-17 10:09     - 55 34  161 39   2.90 0.06  0.0    4  1.3 13.2      4088
 *** DISTANCE & RESIDUAL WEIGHTING CANCELLED FOR EVENT: 2021  6 17 10 11
 4089 2021- 6-17 10:11     - 55 34  161 34   3.02 0.48  0.0    4  4.7 36.7      4089
 4090 2021- 6-17 10:12       55 29  161 53  28.67 0.14  0.0    8  2.6  1.5      4090
 *** DISTANCE & RESIDUAL WEIGHTING CANCELLED FOR EVENT: 2021  6 17 13  0
 4091 2021- 6-17 13:00     # 55 16  161 52   3.00 0.75  0.0    4  7.9 24.1      4091
 *** DISTANCE & RESIDUAL WEIGHTING CANCELLED FOR EVENT: 2021  6 17 13  0
 4092 2021- 6-17 13:00     - 55 12  161 56   2.95 0.32  0.0    4  5.4 24.9      4092
 4093 2021- 6-17 14:24     - 54 31  161 40   2.90 0.25  0.0   13  8.9 19.0      4093
 4094 2021- 6-17 14:41     - 55 24  161 10  25.04 0.23  0.0    5 13.1 10.4      4094
 *** DISTANCE & RESIDUAL WEIGHTING CANCELLED FOR EVENT: 2021  6 17 14 42
 4095 2021- 6-17 14:42     # 55 23  161 22   3.00 0.55  0.0    5  5.9  5.3      4095
 *** DISTANCE & RESIDUAL WEIGHTING CANCELLED FOR EVENT: 2021  6 17 17  1
  SEQ ---DATE--- TIME REMARK -LAT-  --LON-  DEPTH  RMS PMAG  NUM  ERH  ERZ  ID
 4096 2021- 6-17 17:01     - 55 27  161 34  37.47 0.06  0.0    4 11.9  6.4      4096
 4097 2021- 6-17 17:11     - 55  5  163 21   2.76 0.88  0.0   11 28.3 60.0      4097
 4098 2021- 6-17 17:44     - 55 19  161  3  32.56 0.15  0.0   10 12.6  1.0      4098
 *** DISTANCE & RESIDUAL WEIGHTING CANCELLED FOR EVENT: 2021  6 17 17 45
 4099 2021- 6-17 17:44     - 55 56  162 14   3.15 0.53  0.0    7 37.8 45.2      4099
 4100 2021- 6-17 18:42     - 54 55  162 16  24.87 0.04  0.0    5  5.5  9.0      4100
 4101 2021- 6-17 18:42       54 56  162 15  22.05 0.01  0.0    5  3.9  6.6      4101
 4102 2021- 6-17 19:13     - 55 51  162 50   3.12 0.09  0.0    5  6.4 13.2      4102
 4103 2021- 6-18  1:42     - 55 18  160 44  45.70 0.19  0.0   10 17.1  7.5      4103
 4104 2021- 6-18  1:42     - 55 19  159 26   3.00 0.48  0.0   10 28.5 26.3      4104
 *** DISTANCE & RESIDUAL WEIGHTING CANCELLED FOR EVENT: 2021  6 18  2 59
 4105 2021- 6-18  2:59     - 55  5  162 13   1.38 0.26  0.0    4  2.6 21.0      4105
 4106 2021- 6-18  3:52     - 55 15  163 20   0.36 0.84  0.0   12 28.4 58.8      4106
 4107 2021- 6-18  4:08       54 56  162 15   4.46 0.13  0.0    5  7.5  8.0      4107
 4108 2021- 6-18  4:09     - 54 57  162 18   5.98 0.01  0.0    4  8.6  6.1      4108
 4109 2021- 6-18  4:33     - 54 57  162 14   7.97 0.03  0.0    6  6.0 10.3      4109
 4110 2021- 6-18  4:34       54 58  162 14   6.51 0.06  0.0    6  5.1  7.6      4110
 *** DISTANCE & RESIDUAL WEIGHTING CANCELLED FOR EVENT: 2021  6 18  9 38
  SEQ ---DATE--- TIME REMARK -LAT-  --LON-  DEPTH  RMS PMAG  NUM  ERH  ERZ  ID
 4111 2021- 6-18  9:38     - 55 20  161  3   2.99 0.41  0.0    4 15.2 32.9      4111
 4112 2021- 6-18 10:03     - 54 36  161 30   3.00 0.21  0.0   10 16.5 21.7      4112
 4113 2021- 6-18 10:03     - 54  7  161  4   2.79 0.17  0.0    9 13.0 10.7      4113
 4114 2021- 6-18 11:11     # 54 51  161 53   1.97 0.08  0.0    5  4.2  4.8      4114
 4115 2021- 6-18 11:11     - 54  3  161  5   1.54 0.22  0.0    9 15.7 12.8      4115
 *** DISTANCE & RESIDUAL WEIGHTING CANCELLED FOR EVENT: 2021  6 18 11 41
 4116 2021- 6-18 11:41     # 54 59  162  2  11.10 2.11  0.0    8 12.6 22.1      4116
 4117 2021- 6-18 11:50     # 55 28  162 35  30.71 3.49  0.0    6 32.4 93.5      4117
 4118 2021- 6-18 12:24     - 54 58  161 33   2.76 0.09  0.0    4  7.9 13.2      4118
 *** DISTANCE & RESIDUAL WEIGHTING CANCELLED FOR EVENT: 2021  6 18 12 26
 4119 2021- 6-18 12:26     # 55 22  161 51  11.67 1.31  0.0    5 18.1 16.8      4119
 4120 2021- 6-18 13:00     - 54 59  161 35  24.70 0.23  0.0    6 15.5  4.8      4120
 4121 2021- 6-18 13:00     - 55 20  162 12   2.60 0.17  0.0    4  4.6 14.3      4121
 *** DISTANCE & RESIDUAL WEIGHTING CANCELLED FOR EVENT: 2021  6 18 13 18
 4122 2021- 6-18 13:18     # 55  8  161 58   7.18 0.96  0.0    5 16.9 31.2      4122
 4123 2021- 6-18 18:29     - 54 40  163 32   3.01 0.07  0.0    4  7.7 12.5      4123
 4124 2021- 6-18 19:15     # 55 16  161 24  16.96 0.88  0.0   11 21.0  3.1      4124
 4125 2021- 6-18 19:15       55 11  162  5   8.87 0.00  0.0    4  1.6  4.2      4125
 *** DISTANCE & RESIDUAL WEIGHTING CANCELLED FOR EVENT: 2021  6 18 19 44
  SEQ ---DATE--- TIME REMARK -LAT-  --LON-  DEPTH  RMS PMAG  NUM  ERH  ERZ  ID
 4126 2021- 6-18 19:44     - 55  1  161 26   1.53 0.66  0.0    5 47.9 16.9      4126
 *** DISTANCE & RESIDUAL WEIGHTING CANCELLED FOR EVENT: 2021  6 18 19 45
 4127 2021- 6-18 19:45     - 55  9  161 58   5.76 0.22  0.0    4 14.9 13.8      4127
 *** DISTANCE & RESIDUAL WEIGHTING CANCELLED FOR EVENT: 2021  6 18 20 26
 4128 2021- 6-18 20:26     - 55 14  162  2   3.29 0.69  0.0    4  6.5 56.4      4128
 *** DISTANCE & RESIDUAL WEIGHTING CANCELLED FOR EVENT: 2021  6 18 20 34
 4129 2021- 6-18 20:34     - 55 12  163 37   3.00 0.10  0.0    4  6.3 13.7      4129
 4130 2021- 6-18 20:48     - 54 40  160 40  43.27 0.22  0.0   11 19.9 17.4      4130
 4131 2021- 6-18 20:48     - 54 36  160 32  36.01 0.26  0.0   10 17.8 23.1      4131
 4132 2021- 6-18 20:51     - 54 33  163 14   3.13 0.11  0.0    7  6.4 13.9      4132
 4133 2021- 6-18 20:52     - 55 17  162  9   0.54 0.12  0.0    4  2.3 14.4      4133
 4134 2021- 6-18 21:25     - 55 44  162  0   1.81 0.01  0.0    4  5.3 11.4      4134
 4135 2021- 6-18 21:52     - 56  2  161 13   3.98 0.09  0.0    4 10.8  9.3      4135
 4136 2021- 6-18 22:39     - 55 45  161  6   2.37 0.31  0.0    5 12.1 26.3      4136
 *** DISTANCE & RESIDUAL WEIGHTING CANCELLED FOR EVENT: 2021  6 18 22 54
 4137 2021- 6-18 22:54     - 54 25  163  1   3.00 0.72  0.0    4 37.2 55.5      4137
 4138 2021- 6-18 23:00     - 54 58  162 21   3.32 0.06  0.0    4 10.5  8.0      4138
 4139 2021- 6-18 23:18     - 54 28  163 10   2.77 0.05  0.0    4 10.3 12.0      4139
 *** DISTANCE & RESIDUAL WEIGHTING CANCELLED FOR EVENT: 2021  6 18 23 53
 4140 2021- 6-18 23:53     - 54 59  162  7   3.00 0.76  0.0    4  4.5 47.8      4140
 *** DISTANCE & RESIDUAL WEIGHTING CANCELLED FOR EVENT: 2021  6 18 23 53
  SEQ ---DATE--- TIME REMARK -LAT-  --LON-  DEPTH  RMS PMAG  NUM  ERH  ERZ  ID
 4141 2021- 6-18 23:53     - 54 57  162 55   6.26 0.17  0.0    4  7.6 16.5      4141
 4142 2021- 6-18 23:55     # 55 10  161 44  32.63 1.21  0.0   11 14.1 16.5      4142
 *** DISTANCE & RESIDUAL WEIGHTING CANCELLED FOR EVENT: 2021  6 19  1 15
 4143 2021- 6-19  1:15     # 54 59  162 12   3.00 1.51  0.0    4 37.3 61.6      4143
 4144 2021- 6-19  1:25       55 21  161 51  20.80 0.09  0.0    7  3.0  1.4      4144
 4145 2021- 6-19  2:53     - 54 57  162 26  18.52 0.02  0.0    5  8.8  6.8      4145
 4146 2021- 6-19  2:53       54 60  162 22   8.35 0.00  0.0    4  4.7  5.0      4146
 *** DISTANCE & RESIDUAL WEIGHTING CANCELLED FOR EVENT: 2021  6 19  2 54
 4147 2021- 6-19  2:54     - 55 30  161 57   3.00 0.83  0.0    4 68.8 36.4      4147
 *** DISTANCE & RESIDUAL WEIGHTING CANCELLED FOR EVENT: 2021  6 19  6 30
 4148 2021- 6-19  6:30     - 55 41  160 32   3.00 0.71  0.0    4 54.5 20.6      4148
 4149 2021- 6-19  7:50       54 25  163 15   7.70 0.31  0.0   11  9.9  5.6      4149
 *** DISTANCE & RESIDUAL WEIGHTING CANCELLED FOR EVENT: 2021  6 19  8  0
 4150 2021- 6-19  7:59     - 55 24  161 58   3.00 0.86  0.0    4 22.9 68.9      4150
 4151 2021- 6-19  8:40     - 54 36  161 20   5.86 0.36  0.0    8 12.2 25.8      4151
 4152 2021- 6-19 10:14     - 54 46  160 57  27.95 0.23  0.0   10 19.3  3.5      4152
 4153 2021- 6-19 10:14     - 54 39  160 46  33.39 0.24  0.0    7 17.8 23.6      4153
 4154 2021- 6-19 10:16     - 54 57  160 46   2.88 0.20  0.0   13  7.7 16.9      4154
 4155 2021- 6-19 10:58     - 55 10  163 16   3.19 0.28  0.0    5 10.5 22.7      4155
  SEQ ---DATE--- TIME REMARK -LAT-  --LON-  DEPTH  RMS PMAG  NUM  ERH  ERZ  ID
 4156 2021- 6-19 12:10     - 54 57  162  5   2.97 0.02  0.0    4  1.8 12.5      4156
 4157 2021- 6-19 12:35     # 55 18  162 22  92.29 0.23  0.0    7 10.0  2.6      4157
 4158 2021- 6-19 12:35     - 55 48  160 49   3.00 0.60  0.0   10 39.5 51.3      4158
 4159 2021- 6-19 12:36     - 55 31  161 46   2.94 0.21  0.0    4  2.2 21.3      4159
 *** DISTANCE & RESIDUAL WEIGHTING CANCELLED FOR EVENT: 2021  6 19 14 34
 4160 2021- 6-19 14:34     - 55 40  162  2   3.00 0.44  0.0    4 13.8 38.1      4160
 4161 2021- 6-19 15:59     - 55 22  162 18  56.30 0.14  0.0    5  5.3 13.2      4161
 *** DISTANCE & RESIDUAL WEIGHTING CANCELLED FOR EVENT: 2021  6 19 16 10
 4162 2021- 6-19 16:09     # 55 19  162 37   0.02 0.20  0.0    4  3.2  4.4      4162
 4163 2021- 6-19 16:16     - 55 11  161 45  11.44 0.06  0.0    4 10.6  7.7      4163
 4164 2021- 6-19 16:32     - 54 57  162  4   2.92 0.04  0.0    4  2.4 12.9      4164
 4165 2021- 6-19 21:40       55 19  161 56  24.00 0.15  0.0    7  3.0  1.2      4165
 *** DISTANCE & RESIDUAL WEIGHTING CANCELLED FOR EVENT: 2021  6 19 23 18
 4166 2021- 6-19 23:18     - 55  7  161 57   1.08 0.43  0.0    4  9.0 27.9      4166
 *** DISTANCE & RESIDUAL WEIGHTING CANCELLED FOR EVENT: 2021  6 20  0  0
 4167 2021- 6-19 23:59     # 55 19  162  2  21.96 0.56  0.0    4 10.9 16.1      4167
 4168 2021- 6-20  0:15     # 54 50  161 54   0.05 0.09  0.0    5  5.6  2.0      4168
 *** DISTANCE & RESIDUAL WEIGHTING CANCELLED FOR EVENT: 2021  6 20  0 15
 4169 2021- 6-20  0:15     - 54 44  161 44   3.17 1.27  0.0    5 62.2 99.0      4169
 4170 2021- 6-20  0:20       54 56  162 18   5.74 0.02  0.0    5  1.8  0.6      4170
 *** DISTANCE & RESIDUAL WEIGHTING CANCELLED FOR EVENT: 2021  6 20  0 21
  SEQ ---DATE--- TIME REMARK -LAT-  --LON-  DEPTH  RMS PMAG  NUM  ERH  ERZ  ID
 4171 2021- 6-20  0:21     # 54 57  162 20   0.23 1.21  0.0    9 42.3  7.6      4171
 *** DISTANCE & RESIDUAL WEIGHTING CANCELLED FOR EVENT: 2021  6 20  0 45
 4172 2021- 6-20  0:45     # 54 32  162 19  54.70 1.12  0.0    4 45.0 39.6      4172
 *** DISTANCE & RESIDUAL WEIGHTING CANCELLED FOR EVENT: 2021  6 20  1 48
 4173 2021- 6-20  1:48     # 55 23  162  4   3.00 0.45  0.0    4  5.6 11.6      4173
 4174 2021- 6-20  1:58     - 55 13  161 25  10.26 0.10  0.0    4  5.4 11.7      4174
 4175 2021- 6-20  2:39     - 54 53  163  3   3.60 0.09  0.0    6  5.4 12.3      4175
 4176 2021- 6-20  2:39     - 54 52  161 27   2.78 0.12  0.0    8  4.4 13.0      4176
 4177 2021- 6-20  2:41     - 54  8  162 10  38.72 0.22  0.0    4 17.1 19.5      4177
 *** DISTANCE & RESIDUAL WEIGHTING CANCELLED FOR EVENT: 2021  6 20  2 45
 4178 2021- 6-20  2:44     - 54 31  161 22   2.84 0.12  0.0    4  6.2 14.4      4178
 *** DISTANCE & RESIDUAL WEIGHTING CANCELLED FOR EVENT: 2021  6 20  2 44
 4179 2021- 6-20  2:44     # 55  3  162 41   3.09 0.96  0.0    4 15.3 11.1      4179
 4180 2021- 6-20  3:23     - 54 55  162 52   2.65 0.01  0.0    4  8.2  5.3      4180
 *** DISTANCE & RESIDUAL WEIGHTING CANCELLED FOR EVENT: 2021  6 20  5  9
 4181 2021- 6-20  5:09     - 55 55  163  8   2.98 0.22  0.0    5  9.2 20.0      4181
 4182 2021- 6-20  5:48     - 54 24  162 50   2.31 0.06  0.0    5  5.6 12.1      4182
 4183 2021- 6-20  6:25     - 55  9  163 22   0.01 1.08  0.0   10 36.3 74.9      4183
 4184 2021- 6-20  6:56       54 32  160 43   4.69 0.18  0.0   11  2.8  4.5      4184
 4185 2021- 6-20  7:47     - 54 34  161 21   2.77 0.13  0.0    9  6.0 14.0      4185
 *** DISTANCE & RESIDUAL WEIGHTING CANCELLED FOR EVENT: 2021  6 20  7 47
  SEQ ---DATE--- TIME REMARK -LAT-  --LON-  DEPTH  RMS PMAG  NUM  ERH  ERZ  ID
 4186 2021- 6-20  7:47     - 54 57  162 40   3.00 0.69  0.0    7 45.5 27.2      4186
 *** DISTANCE & RESIDUAL WEIGHTING CANCELLED FOR EVENT: 2021  6 20  8  0
 4187 2021- 6-20  7:59     # 55 24  161 53   3.00 0.78  0.0    4  6.8 33.2      4187
 *** DISTANCE & RESIDUAL WEIGHTING CANCELLED FOR EVENT: 2021  6 20 11 15
 4188 2021- 6-20 11:15     # 55 39  162  8   3.00 4.69  0.0    4 70.5 69.5      4188
 4189 2021- 6-20 11:16       55 37  162 16   4.29 0.18  0.0    5  5.1  3.0      4189
 4190 2021- 6-20 12:02     - 55  8  161 12   3.01 0.19  0.0    5 16.4 20.4      4190
 4191 2021- 6-20 12:02     - 55 24  162 11   3.45 0.15  0.0    4  2.2 16.1      4191
 *** DISTANCE & RESIDUAL WEIGHTING CANCELLED FOR EVENT: 2021  6 20 12  4
 4192 2021- 6-20 12:04     - 55 15  161 46   8.74 0.51  0.0    4 18.9 34.5      4192
 *** DISTANCE & RESIDUAL WEIGHTING CANCELLED FOR EVENT: 2021  6 20 12 39
 4193 2021- 6-20 12:39     # 55  7  162 20  17.99 0.78  0.0    4 10.3 20.0      4193
 4194 2021- 6-20 12:52     - 54 58  162  5   2.88 0.04  0.0    4  1.7 12.9      4194
 4195 2021- 6-20 15:00     - 54 48  161 23  31.88 0.15  0.0    7 15.1  1.2      4195
 *** DISTANCE & RESIDUAL WEIGHTING CANCELLED FOR EVENT: 2021  6 20 15  1
 4196 2021- 6-20 15:01     # 55 13  162  4   3.00 1.15  0.0    6  6.3 10.1      4196
 4197 2021- 6-20 15:05     - 54 30  161 46   2.88 0.22  0.0   14  8.7 18.5      4197
 *** DISTANCE & RESIDUAL WEIGHTING CANCELLED FOR EVENT: 2021  6 20 15 15
 4198 2021- 6-20 15:15     # 55 23  161 52  25.38 1.21  0.0    5 25.9 29.9      4198
 4199 2021- 6-20 15:40     - 55 25  161 48   2.84 0.08  0.0    4  1.9 12.1      4199
 4200 2021- 6-20 16:05     - 54 36  160 47  16.55 0.17  0.0    9 16.2 18.7      4200
 *** DISTANCE & RESIDUAL WEIGHTING CANCELLED FOR EVENT: 2021  6 20 16  5
  SEQ ---DATE--- TIME REMARK -LAT-  --LON-  DEPTH  RMS PMAG  NUM  ERH  ERZ  ID
 4201 2021- 6-20 16:05     - 55 55  162 39   3.01 0.25  0.0    6  9.1 21.4      4201
 4202 2021- 6-20 17:18     - 54 32  161 23   3.01 0.58  0.0    9 42.4 50.0      4202
 4203 2021- 6-20 17:37     - 54 47  162  6  73.39 0.15  0.0    7  7.7 13.7      4203
 4204 2021- 6-20 18:08     - 54 25  161 19   2.90 0.16  0.0    6  7.5 16.5      4204
 4205 2021- 6-20 21:04     - 54 59  161 56   3.02 0.06  0.0    4  1.3 12.3      4205
 4206 2021- 6-20 21:38       54 45  162 35   4.29 0.19  0.0   12  1.9  0.8      4206
 *** DISTANCE & RESIDUAL WEIGHTING CANCELLED FOR EVENT: 2021  6 20 22 54
 4207 2021- 6-20 22:53     - 55 43  161 15   3.00 0.28  0.0    4 10.0 24.4      4207
 4208 2021- 6-20 23:54     - 55 11  162  2   3.09 0.09  0.0    4  2.3 13.9      4208
 4209 2021- 6-20 23:55     - 54 56  162 50   2.53 0.02  0.0    4 11.6  4.6      4209
 4210 2021- 6-21  0:08     - 54 53  162  9   0.23 0.09  0.0    5  3.1 14.5      4210
 *** DISTANCE & RESIDUAL WEIGHTING CANCELLED FOR EVENT: 2021  6 21  0  9
 4211 2021- 6-21  0:08     - 54 56  162 11   3.00 0.63  0.0    4 48.2  3.6      4211
 4212 2021- 6-21  1:44       55 15  161 52  30.20 0.02  0.0    5  1.1  2.3      4212
 4213 2021- 6-21  1:52     - 54 51  162 27  53.31 0.14  0.0    4  9.3 14.2      4213
 4214 2021- 6-21  2:15     # 54 58  162  1  89.16 0.13  0.0   12  3.5  1.0      4214
 4215 2021- 6-21  2:33       54 53  162 10   0.77 0.07  0.0    5  3.3  7.3      4215
 *** DISTANCE & RESIDUAL WEIGHTING CANCELLED FOR EVENT: 2021  6 21  2 33
  SEQ ---DATE--- TIME REMARK -LAT-  --LON-  DEPTH  RMS PMAG  NUM  ERH  ERZ  ID
 4216 2021- 6-21  2:33     - 55  7  161 58   0.11 0.75  0.0    4 22.8 63.1      4216
 *** DISTANCE & RESIDUAL WEIGHTING CANCELLED FOR EVENT: 2021  6 21  2 33
 4217 2021- 6-21  2:33     # 54 55  162 10   3.00 0.36  0.0    5 19.2  2.8      4217
 4218 2021- 6-21  2:35       55  6  162 14   5.76 0.03  0.0    6  1.8  0.7      4218
 *** DISTANCE & RESIDUAL WEIGHTING CANCELLED FOR EVENT: 2021  6 21  3 36
 4219 2021- 6-21  3:36     - 55  5  161 55   1.17 0.28  0.0    4 10.6 22.9      4219
 *** DISTANCE & RESIDUAL WEIGHTING CANCELLED FOR EVENT: 2021  6 21  8  0
 4220 2021- 6-21  7:59     # 55 25  161 55   3.00 0.40  0.0    4  4.7 20.9      4220
 4221 2021- 6-21  8:02     - 55 24  161 28   2.96 0.12  0.0    5  2.5 13.9      4221
 4222 2021- 6-21  9:56     - 54 41  161  0  25.70 0.19  0.0    9 16.0  3.2      4222
 4223 2021- 6-21  9:57       55  8  161 31   1.62 0.16  0.0    7  2.0  1.7      4223
 4224 2021- 6-21 10:04       55  6  162 13   4.48 0.09  0.0    9  0.7  1.6      4224
 4225 2021- 6-21 11:26     - 54 55  162  2  19.05 0.03  0.0    4  4.5 11.6      4225
 *** DISTANCE & RESIDUAL WEIGHTING CANCELLED FOR EVENT: 2021  6 21 11 55
 4226 2021- 6-21 11:55     # 55 22  161 39   9.90 0.38  0.0    5  4.4  9.1      4226
 4227 2021- 6-21 13:04     - 55 31  161 15   0.02 0.61  0.0    5 37.8  5.3      4227
 *** DISTANCE & RESIDUAL WEIGHTING CANCELLED FOR EVENT: 2021  6 21 13  4
 4228 2021- 6-21 13:04     - 55 38  162 14   3.01 0.55  0.0    4 36.9 26.4      4228
 *** DISTANCE & RESIDUAL WEIGHTING CANCELLED FOR EVENT: 2021  6 21 13  4
 4229 2021- 6-21 13:04     # 55 25  161 40  10.43 1.17  0.0    5 17.0 13.5      4229
 4230 2021- 6-21 13:54     - 54 34  161 33   3.00 0.23  0.0    8 17.0 22.7      4230
  SEQ ---DATE--- TIME REMARK -LAT-  --LON-  DEPTH  RMS PMAG  NUM  ERH  ERZ  ID
 4231 2021- 6-21 13:54     - 54 13  161  8   3.78 0.34  0.0    8 22.1 13.6      4231
 *** DISTANCE & RESIDUAL WEIGHTING CANCELLED FOR EVENT: 2021  6 21 13 58
 4232 2021- 6-21 13:58     # 55  2  161 59   3.02 0.81  0.0    6  3.9  5.7      4232
 4233 2021- 6-21 14:03     - 54 51  161 52   3.00 0.12  0.0    4 12.6  1.8      4233
 *** DISTANCE & RESIDUAL WEIGHTING CANCELLED FOR EVENT: 2021  6 21 14  3
 4234 2021- 6-21 14:03     # 55  6  162  0   4.12 1.10  0.0    8  6.9  4.9      4234
 4235 2021- 6-21 14:23     - 54 49  161 53   1.48 0.03  0.0    4  6.2 12.6      4235
 4236 2021- 6-21 14:24     - 54 29  161 20   3.01 0.11  0.0    5 12.5 15.2      4236
 4237 2021- 6-21 14:53     - 55  3  163 23   2.75 0.25  0.0    4 14.9 22.1      4237
 4238 2021- 6-21 14:53     - 54 32  161 33  42.91 0.36  0.0   10 11.4 20.4      4238
 *** DISTANCE & RESIDUAL WEIGHTING CANCELLED FOR EVENT: 2021  6 21 16  0
 4239 2021- 6-21 16:00     - 55 26  162 18   3.00 1.12  0.0    4 15.7 74.3      4239
 4240 2021- 6-21 17:21     - 54 38  161 16   3.12 0.18  0.0   18  6.9 14.5      4240
 *** DISTANCE & RESIDUAL WEIGHTING CANCELLED FOR EVENT: 2021  6 22  0  0
 4241 2021- 6-21 23:59     - 55 39  163 35   3.00 1.12  0.0    5 82.5 93.3      4241
 *** DISTANCE & RESIDUAL WEIGHTING CANCELLED FOR EVENT: 2021  6 22  2 35
 4242 2021- 6-22  2:35     - 55 20  161 39  41.81 0.28  0.0    4 13.4 19.1      4242
 4243 2021- 6-22  4:04     # 55  7  161 47   0.18 0.17  0.0    5  2.8 10.3      4243
 4244 2021- 6-22  5:22     - 55 52  160 29   0.38 0.28  0.0    8 21.5 13.1      4244
 4245 2021- 6-22  5:22     - 56  3  160 23   1.65 0.04  0.0    5  9.7  7.5      4245
  SEQ ---DATE--- TIME REMARK -LAT-  --LON-  DEPTH  RMS PMAG  NUM  ERH  ERZ  ID
 4246 2021- 6-22  6:26     - 55 49  162  7   1.72 0.09  0.0    4  6.4 13.2      4246
 4247 2021- 6-22  7:04     - 54 35  161 21   3.18 0.30  0.0   15 10.4 22.4      4247
 4248 2021- 6-22  7:55     - 55 24  162 57   0.01 0.50  0.0    4 22.8 36.6      4248
 *** DISTANCE & RESIDUAL WEIGHTING CANCELLED FOR EVENT: 2021  6 22  8  0
 4249 2021- 6-22  7:59     # 55 20  162  5   3.32 0.74  0.0    5  6.4 35.0      4249
 4250 2021- 6-22  8:02       55 12  161 43  23.52 0.07  0.0    6  3.3  2.6      4250
 4251 2021- 6-22  9:14     - 55  1  163 19   2.80 0.01  0.0    4  5.2 11.4      4251
 4252 2021- 6-22  9:54       55  5  162 58   1.25 0.14  0.0    7  1.4  4.6      4252
 4253 2021- 6-22  9:59       55 18  161 36  28.46 0.03  0.0    6  1.9  1.4      4253
 4254 2021- 6-22 10:01     - 55 12  161 57   2.47 0.07  0.0    4  2.2 12.9      4254
 4255 2021- 6-22 10:01     - 54 39  160 36  34.65 0.11  0.0    6 12.7 15.0      4255
 4256 2021- 6-22 13:54       55  1  161 54  10.97 0.10  0.0    5  1.5  2.4      4256
 4257 2021- 6-22 15:53     - 54 40  161 29   3.00 0.28  0.0    9 18.6 26.3      4257
 4258 2021- 6-22 15:53     - 54  2  161 12   3.80 0.26  0.0    7 18.1 14.8      4258
 4259 2021- 6-22 17:35     # 54 45  163 39  10.20 0.10  0.0    7  6.1  2.1      4259
 4260 2021- 6-22 18:38     - 54 50  160 50  27.38 0.21  0.0   11 18.6  3.7      4260
  SEQ ---DATE--- TIME REMARK -LAT-  --LON-  DEPTH  RMS PMAG  NUM  ERH  ERZ  ID
 4261 2021- 6-22 18:38     - 54 50  161  1  33.02 0.24  0.0    9 11.9 23.4      4261
 4262 2021- 6-22 19:03     - 55 42  161 18   3.14 0.54  0.0    6 19.6 42.5      4262
 4263 2021- 6-22 19:40     - 54 30  161 46   2.58 0.24  0.0   12  9.7 20.7      4263
 *** DISTANCE & RESIDUAL WEIGHTING CANCELLED FOR EVENT: 2021  6 22 19 54
 4264 2021- 6-22 19:54     # 55  8  161 37  14.28 0.61  0.0    5 16.9 18.8      4264
 *** DISTANCE & RESIDUAL WEIGHTING CANCELLED FOR EVENT: 2021  6 22 20  2
 4265 2021- 6-22 20:02     # 55 24  161 50   7.73 0.38  0.0    6  2.9  8.0      4265
 *** DISTANCE & RESIDUAL WEIGHTING CANCELLED FOR EVENT: 2021  6 22 20 35
 4266 2021- 6-22 20:35     # 55 15  161 48   3.00 0.69  0.0    4  9.7  5.8      4266
 4267 2021- 6-22 23:12     # 54 49  161 52   2.29 0.18  0.0    5 10.5  3.0      4267
 4268 2021- 6-22 23:12       54 59  161 54   3.90 0.03  0.0    5  1.0  0.8      4268
 *** DISTANCE & RESIDUAL WEIGHTING CANCELLED FOR EVENT: 2021  6 23  1 16
 4269 2021- 6-23  1:16     - 55 10  161 58   2.79 0.36  0.0    4  7.3 25.2      4269
 4270 2021- 6-23  1:16     # 55  8  161 42   5.81 0.32  0.0    6  4.6  1.7      4270
 4271 2021- 6-23  5:06     - 55 24  160 50  40.80 0.19  0.0    9 17.9  9.7      4271
 4272 2021- 6-23  5:06       55 25  161 24  34.44 0.06  0.0    5  7.3  2.2      4272
 4273 2021- 6-23 10:29     - 55  5  161 17   9.70 0.05  0.0    4 12.3 11.7      4273
 4274 2021- 6-23 10:29     - 55  2  161 17   3.00 0.12  0.0    4 14.2 15.1      4274
 4275 2021- 6-23 12:36       55 25  162 43   1.63 0.11  0.0    7  2.9  1.2      4275
  SEQ ---DATE--- TIME REMARK -LAT-  --LON-  DEPTH  RMS PMAG  NUM  ERH  ERZ  ID
 4276 2021- 6-23 12:36     - 54 27  161 20   0.04 0.29  0.0    5 20.4 16.2      4276
 4277 2021- 6-23 12:36     - 55  1  161 32   8.78 0.11  0.0    4 14.6 13.6      4277
 4278 2021- 6-23 17:50     - 55  5  161 39   0.05 0.05  0.0    4 11.9  1.9      4278
 *** DISTANCE & RESIDUAL WEIGHTING CANCELLED FOR EVENT: 2021  6 23 22  5
 4279 2021- 6-23 22:05     - 55 20  161 44  11.01 2.31  0.0    4 98.9 13.7      4279
 *** DISTANCE & RESIDUAL WEIGHTING CANCELLED FOR EVENT: 2021  6 24  2 36
 4280 2021- 6-24  2:36     - 55 22  162  2   0.48 0.39  0.0    5  8.8 25.9      4280
 4281 2021- 6-24  3:46     - 55  4  161 32   0.01 0.14  0.0    4 13.2  3.3      4281
 4282 2021- 6-25  0:39     - 54 56  161 29  29.49 0.12  0.0    8 13.6  4.4      4282
 *** DISTANCE & RESIDUAL WEIGHTING CANCELLED FOR EVENT: 2021  6 25  0 39
 *** ABANDON EVENT WITH ONLY 3 READINGS:2021  6 25  0 39
 4284 2021- 6-25  3:29     - 55 16  161 38  17.41 0.03  0.0    4 12.7  1.1      4284
 *** DISTANCE & RESIDUAL WEIGHTING CANCELLED FOR EVENT: 2021  6 25  8 20
 4285 2021- 6-25  8:20     - 55 20  162  5   3.00 0.50  0.0    4  6.3 36.0      4285
 *** DISTANCE & RESIDUAL WEIGHTING CANCELLED FOR EVENT: 2021  6 25  9 27
 4286 2021- 6-25  9:27     - 55 16  161 39   2.17 0.35  0.0    4  4.9 24.5      4286
 *** DISTANCE & RESIDUAL WEIGHTING CANCELLED FOR EVENT: 2021  6 25 11 10
 4287 2021- 6-25 11:09     - 54 20  160  7   3.00 0.93  0.0    4 58.1 47.4      4287
 4288 2021- 6-25 14:48     - 55 18  162 34   2.60 0.04  0.0    4  7.9  9.7      4288
 4289 2021- 6-25 15:19     - 55  6  161 23   1.21 0.06  0.0    4 12.1  1.9      4289
 *** DISTANCE & RESIDUAL WEIGHTING CANCELLED FOR EVENT: 2021  6 25 15 22
 4290 2021- 6-25 15:22     - 55 14  161 52   2.92 0.42  0.0    5  5.7 26.4      4290
  SEQ ---DATE--- TIME REMARK -LAT-  --LON-  DEPTH  RMS PMAG  NUM  ERH  ERZ  ID
 4291 2021- 6-25 15:23       55 14  161 34  26.39 0.08  0.0    5  5.4  3.9      4291
 4292 2021- 6-25 18:16     - 54 48  160 30   2.89 0.26  0.0   15  9.5 20.5      4292
 4293 2021- 6-25 18:34     - 55  1  161 20   8.29 0.12  0.0    4 14.8 15.7      4293
 4294 2021- 6-25 18:35     - 54 59  161 33  19.63 0.10  0.0    5 11.2  2.1      4294
 4295 2021- 6-25 19:11     # 55 15  163 30   0.38 0.73  0.0   18 15.9 32.8      4295
 *** DISTANCE & RESIDUAL WEIGHTING CANCELLED FOR EVENT: 2021  6 25 20 29
 4296 2021- 6-25 20:29     - 55 10  161 56   2.80 0.16  0.0    4  5.1 16.1      4296
 *** DISTANCE & RESIDUAL WEIGHTING CANCELLED FOR EVENT: 2021  6 25 22  4
 4297 2021- 6-25 22:04     - 55 25  161 50  12.73 0.79  0.0    4 67.2  8.0      4297
 4298 2021- 6-26  0:43     - 54 54  162 10   0.60 0.08  0.0    5  3.6 14.1      4298
 4299 2021- 6-26  2:45     - 54 37  161 19   2.57 0.22  0.0   15  7.9 16.9      4299
 4300 2021- 6-26  3:05     - 55  8  161 54   6.66 0.05  0.0    4  9.6  8.8      4300
 4301 2021- 6-26  3:13     - 55 11  161 17   3.31 0.17  0.0    9  9.4 10.6      4301
 4302 2021- 6-26  3:14       55 22  161 49  10.34 0.00  0.0    4  2.0  2.3      4302
 *** DISTANCE & RESIDUAL WEIGHTING CANCELLED FOR EVENT: 2021  6 26  3 43
 4303 2021- 6-26  3:43     # 55  1  162 16   3.00 0.94  0.0    5 36.1 18.7      4303
 4304 2021- 6-26 12:49     # 54 52  162  9   0.02 0.06  0.0    9  3.0  1.5      4304
 4305 2021- 6-26 12:49     - 54 52  162 13   2.29 0.13  0.0    7 11.2  7.4      4305
  SEQ ---DATE--- TIME REMARK -LAT-  --LON-  DEPTH  RMS PMAG  NUM  ERH  ERZ  ID
 4306 2021- 6-26 15:14     - 54 33  161 46   2.05 0.16  0.0    6  7.8 16.1      4306
 *** DISTANCE & RESIDUAL WEIGHTING CANCELLED FOR EVENT: 2021  6 26 15 36
 4307 2021- 6-26 15:36     - 55 18  162  4   2.98 0.45  0.0    4  5.2 29.9      4307
 4308 2021- 6-26 16:03     # 55  5  161 53  44.83 0.01  0.0    5  6.7  2.5      4308
 4309 2021- 6-26 16:31       55 20  160 58  46.58 0.15  0.0    8  3.6  6.7      4309
 4310 2021- 6-26 16:33     - 55 24  161 37   1.03 0.00  0.0    4 10.5  4.3      4310
 *** DISTANCE & RESIDUAL WEIGHTING CANCELLED FOR EVENT: 2021  6 26 18 36
 4311 2021- 6-26 18:36     - 55 27  161 35  37.38 0.45  0.0    4 35.4 17.7      4311
 4312 2021- 6-26 18:49     - 55 14  161  5  33.13 0.18  0.0   10 14.8 10.4      4312
 4313 2021- 6-26 18:50       55 26  161 24  25.23 0.00  0.0    4  3.0  2.0      4313
 4314 2021- 6-26 18:57     - 54 43  161 59   0.12 0.08  0.0    4  9.9 14.2      4314
 4315 2021- 6-26 20:04     - 54 50  161 50   5.27 0.19  0.0    7  6.9 19.9      4315
 4316 2021- 6-26 20:04     - 54 42  161 37   2.93 0.26  0.0    9  9.9 24.9      4316
 4317 2021- 6-27  0:18     - 54 41  162 54   2.68 0.10  0.0    6  6.2 13.5      4317
 4318 2021- 6-27  1:20     - 54 36  161 18   2.18 0.40  0.0   14 12.8 27.1      4318
 *** DISTANCE & RESIDUAL WEIGHTING CANCELLED FOR EVENT: 2021  6 27  1 22
 4319 2021- 6-27  1:22     - 54 60  163  9   3.11 0.58  0.0    5 18.7 46.0      4319
 4320 2021- 6-27  1:22     - 54 53  162  9   4.74 0.10  0.0    5 10.9  7.7      4320
  SEQ ---DATE--- TIME REMARK -LAT-  --LON-  DEPTH  RMS PMAG  NUM  ERH  ERZ  ID
 4321 2021- 6-27  1:22     - 54 49  162 40   3.02 0.66  0.0    4 48.0 50.3      4321
 4322 2021- 6-27  1:59       54 37  161 16  30.29 0.16  0.0    9  2.1  0.9      4322
 4323 2021- 6-27  3:10       55  6  162 13   4.00 0.06  0.0    8  0.7  1.7      4323
 *** DISTANCE & RESIDUAL WEIGHTING CANCELLED FOR EVENT: 2021  6 27  3 22
 4324 2021- 6-27  3:22     # 55 24  161 51   1.50 0.44  0.0    4  5.4 24.3      4324
 4325 2021- 6-27  3:22     - 54 45  161 51   3.17 0.10  0.0    4  6.3 13.6      4325
 4326 2021- 6-27  4:32     - 55  5  161 40  18.27 0.04  0.0    4 11.4  3.8      4326
 4327 2021- 6-27  4:51     # 55 12  161 15   0.19 0.24  0.0    5 14.0  4.3      4327
 *** DISTANCE & RESIDUAL WEIGHTING CANCELLED FOR EVENT: 2021  6 27  4 52
 4328 2021- 6-27  4:52     # 55 17  161 47   3.00 1.38  0.0    5  5.8 11.1      4328
 4329 2021- 6-27  5:24     - 55  5  162 53   1.54 0.09  0.0    5  2.0 14.6      4329
 4330 2021- 6-27  7:15     - 55 52  160 38   7.66 0.29  0.0    9 19.5 16.6      4330
 4331 2021- 6-27  7:25     # 55 10  162 23  39.91 0.33  0.0    8  7.9 14.5      4331
 4332 2021- 6-27  8:17     - 54 49  161 16  28.90 0.16  0.0    7 15.6  7.0      4332
 4333 2021- 6-27  8:17     - 54 55  161 29  56.34 0.15  0.0    6 12.9  6.3      4333
 4334 2021- 6-27  9:36     - 55 16  163 29   2.31 0.62  0.0    5 22.3 48.0      4334
 4335 2021- 6-27  9:40     - 55 12  161 39  35.31 0.01  0.0    4  7.4  6.0      4335
  SEQ ---DATE--- TIME REMARK -LAT-  --LON-  DEPTH  RMS PMAG  NUM  ERH  ERZ  ID
 4336 2021- 6-27 10:16       55 22  161 32   9.20 0.00  0.0    4  3.6  6.7      4336
 4337 2021- 6-27 12:23     - 55 23  163  9   4.82 0.08  0.0    4  6.1 12.6      4337
 *** DISTANCE & RESIDUAL WEIGHTING CANCELLED FOR EVENT: 2021  6 27 14 24
 4338 2021- 6-27 14:24     - 55  0  161 50   0.41 0.35  0.0    4 31.9  3.7      4338
 4339 2021- 6-27 14:31       55 17  161 40  14.17 0.00  0.0    4  3.8  2.1      4339
 4340 2021- 6-27 16:27     - 55  3  161 20  22.77 0.16  0.0    8 15.1  4.8      4340
 4341 2021- 6-27 16:27     - 54 44  160 52  33.52 0.41  0.0   10 25.0 35.7      4341
 4342 2021- 6-27 16:34     - 55 42  161 36  60.25 0.17  0.0    6  7.9 15.0      4342
 *** DISTANCE & RESIDUAL WEIGHTING CANCELLED FOR EVENT: 2021  6 27 16 34
 4343 2021- 6-27 16:34     - 56  2  162 54   2.99 1.55  0.0    4 88.1 88.1      4343
 4344 2021- 6-27 17:15     - 54 54  161 27  33.00 0.22  0.0    8 18.9  1.3      4344
 4345 2021- 6-27 17:15       55 23  161 39   8.89 0.00  0.0    4  2.4  1.0      4345
 *** DISTANCE & RESIDUAL WEIGHTING CANCELLED FOR EVENT: 2021  6 27 21 58
 4346 2021- 6-27 21:58     # 55 32  162 23   3.00 1.23  0.0    5 32.2 11.7      4346
 4347 2021- 6-27 22:52     - 55 32  160 24   3.37 0.46  0.0   14 15.1 31.9      4347
 4348 2021- 6-27 23:55       54 58  161 35  21.22 0.16  0.0    6  6.4  4.7      4348
 4349 2021- 6-27 23:56     - 54 49  161 20  16.78 0.14  0.0    6  8.6 16.9      4349
 4350 2021- 6-28  1:18     - 55 32  161 30  23.82 0.11  0.0    6 11.4  8.7      4350
  SEQ ---DATE--- TIME REMARK -LAT-  --LON-  DEPTH  RMS PMAG  NUM  ERH  ERZ  ID
 4351 2021- 6-28  1:52     - 54 12  161 38   0.00 0.06  0.0    4  5.8 12.1      4351
 *** DISTANCE & RESIDUAL WEIGHTING CANCELLED FOR EVENT: 2021  6 28  2 59
 4352 2021- 6-28  2:59     - 55  1  161 27   3.01 0.18  0.0    4 16.5 19.4      4352
 *** DISTANCE & RESIDUAL WEIGHTING CANCELLED FOR EVENT: 2021  6 28  8  6
 4353 2021- 6-28  8:06     # 55 23  161  7  43.91 0.76  0.0    6 22.8 25.3      4353
 *** DISTANCE & RESIDUAL WEIGHTING CANCELLED FOR EVENT: 2021  6 28  8 59
 4354 2021- 6-28  8:59     # 54 56  162 17  18.39 0.96  0.0    4 39.6 38.4      4354
 *** DISTANCE & RESIDUAL WEIGHTING CANCELLED FOR EVENT: 2021  6 28  9 13
 4355 2021- 6-28  9:13     # 54 57  162 14   1.49 0.71  0.0    5 11.2  6.0      4355
 *** DISTANCE & RESIDUAL WEIGHTING CANCELLED FOR EVENT: 2021  6 28  9 13
 4356 2021- 6-28  9:13     - 54 54  162 17   7.57 0.39  0.0    5 28.3 18.3      4356
 4357 2021- 6-28  9:19     - 54 29  162 52   2.99 0.16  0.0    8  7.5 16.4      4357
 4358 2021- 6-28 10:15     - 54 26  161 39   1.98 0.18  0.0   10  8.2 17.0      4358
 4359 2021- 6-28 10:25     - 55 16  163 24   0.02 0.53  0.0   11 18.9 39.5      4359
 4360 2021- 6-28 11:33     - 54 60  162 18   2.93 0.02  0.0    4  4.8 11.2      4360
 4361 2021- 6-28 12:00     # 55 17  161 38  45.43 0.21  0.0    8  6.7  1.9      4361
 *** DISTANCE & RESIDUAL WEIGHTING CANCELLED FOR EVENT: 2021  6 28 12 32
 4362 2021- 6-28 12:32     # 55 10  161 57   7.48 0.29  0.0    7  7.3 13.4      4362
 4363 2021- 6-28 12:32     - 54 40  161 13  34.08 0.65  0.0    6 37.5 39.0      4363
 4364 2021- 6-28 13:22     - 54 45  161  7  32.64 0.17  0.0    8 16.8 18.9      4364
 *** DISTANCE & RESIDUAL WEIGHTING CANCELLED FOR EVENT: 2021  6 28 13 22
 4365 2021- 6-28 13:22     # 55 23  161 57   3.00 0.87  0.0    4  7.1 33.4      4365
  SEQ ---DATE--- TIME REMARK -LAT-  --LON-  DEPTH  RMS PMAG  NUM  ERH  ERZ  ID
 4366 2021- 6-28 13:46     - 55  1  161 34  56.01 0.26  0.0    5 21.8 13.5      4366
 *** DISTANCE & RESIDUAL WEIGHTING CANCELLED FOR EVENT: 2021  6 28 16  0
 4367 2021- 6-28 15:59     - 55 20  163  9   3.31 0.52  0.0    4 39.9 44.5      4367
 4368 2021- 6-28 16:04     # 55 20  162 21  16.18 1.52  0.0    7  8.7 37.5      4368
 4369 2021- 6-28 16:07     - 54 31  163 26   3.06 0.02  0.0    4  9.3 11.4      4369
 *** DISTANCE & RESIDUAL WEIGHTING CANCELLED FOR EVENT: 2021  6 28 17  9
 4370 2021- 6-28 17:09     # 55 19  161 34  25.48 0.49  0.0    4 12.4  8.0      4370
 4371 2021- 6-28 18:16     - 54 36  163 20  34.91 0.19  0.0    5 11.2 19.1      4371
 *** DISTANCE & RESIDUAL WEIGHTING CANCELLED FOR EVENT: 2021  6 28 18 16
 4372 2021- 6-28 18:16     - 55  3  162 22  10.16 0.07  0.0    4 10.1  3.3      4372
 4373 2021- 6-28 18:39     - 54 31  161 43   2.68 0.16  0.0    7  7.5 16.0      4373
 4374 2021- 6-28 19:29     - 54 55  161 18  29.66 0.14  0.0    7 16.0  5.2      4374
 *** DISTANCE & RESIDUAL WEIGHTING CANCELLED FOR EVENT: 2021  6 28 20 20
 4375 2021- 6-28 20:20     # 55  1  161 58   3.00 1.64  0.0    4 22.6 90.4      4375
 4376 2021- 6-28 20:21       54 59  161 53  10.07 0.15  0.0    7  1.7  1.7      4376
 4377 2021- 6-28 20:55     - 55 57  161  5   3.25 0.17  0.0    7  7.6 16.5      4377
 4378 2021- 6-28 21:09     - 54 60  162 20  13.28 0.02  0.0    5  6.3  8.4      4378
 *** DISTANCE & RESIDUAL WEIGHTING CANCELLED FOR EVENT: 2021  6 28 21  9
 4379 2021- 6-28 21:08     - 54  2  160 46  11.33 0.13  0.0    4 13.6  7.4      4379
 4380 2021- 6-28 22:39     - 54 54  161 12  30.54 0.13  0.0    7 15.3  1.7      4380
  SEQ ---DATE--- TIME REMARK -LAT-  --LON-  DEPTH  RMS PMAG  NUM  ERH  ERZ  ID
 4381 2021- 6-28 22:40     - 54 57  161 28  56.37 0.01  0.0    5  8.9  4.1      4381
 *** DISTANCE & RESIDUAL WEIGHTING CANCELLED FOR EVENT: 2021  6 29  0  0
 4382 2021- 6-28 23:59     # 55 26  162  0   3.00 2.65  0.0    4 23.3 51.2      4382
 4383 2021- 6-29  0:17     - 55 11  162 19   2.67 0.08  0.0    6  7.3 11.2      4383
 4384 2021- 6-29  0:57     # 54 51  161 55   0.02 0.06  0.0    4  5.9  3.1      4384
 *** DISTANCE & RESIDUAL WEIGHTING CANCELLED FOR EVENT: 2021  6 29  0 57
 4385 2021- 6-29  0:57     - 54 31  161 32   3.00 1.21  0.0    4 87.3 89.0      4385
 *** DISTANCE & RESIDUAL WEIGHTING CANCELLED FOR EVENT: 2021  6 29  0 58
 4386 2021- 6-29  0:57     # 55 15  161 44  30.51 0.53  0.0    6 14.8 14.7      4386
 4387 2021- 6-29  1:42     - 54 42  160 44  29.76 0.14  0.0    8 16.2 16.8      4387
 *** DISTANCE & RESIDUAL WEIGHTING CANCELLED FOR EVENT: 2021  6 29  1 48
 4388 2021- 6-29  1:48     - 55 34  162 55   3.00 0.51  0.0    4 18.8 40.2      4388
 4389 2021- 6-29  3:09     - 54 35  161 25   0.30 0.35  0.0    6 13.6 28.2      4389
 *** DISTANCE & RESIDUAL WEIGHTING CANCELLED FOR EVENT: 2021  6 29  3 55
 4390 2021- 6-29  3:55     - 55  6  162  6   3.00 1.01  0.0    4 47.8 69.6      4390
 *** DISTANCE & RESIDUAL WEIGHTING CANCELLED FOR EVENT: 2021  6 29  8  0
 4391 2021- 6-29  7:59     # 55 26  162 15  13.90 1.08  0.0    5 10.2 51.8      4391
 4392 2021- 6-29  8:12     - 54 52  161 28  24.12 0.13  0.0    7 13.9  4.4      4392
 4393 2021- 6-29  8:12     - 54 56  161 41   7.84 0.03  0.0    4  5.2 10.4      4393
 4394 2021- 6-29  8:22     - 54 33  161 42   2.69 0.27  0.0    7 10.1 22.2      4394
 4395 2021- 6-29  8:46     - 55 38  161  3   4.50 0.49  0.0   13 16.3 32.9      4395
  SEQ ---DATE--- TIME REMARK -LAT-  --LON-  DEPTH  RMS PMAG  NUM  ERH  ERZ  ID
 4396 2021- 6-29 10:53     - 55  2  161 24  24.49 0.26  0.0    7 19.8  6.5      4396
 4397 2021- 6-29 10:53     - 54 55  161  9  29.93 0.22  0.0    6 16.6  3.9      4397
 4398 2021- 6-29 12:24     - 55 18  163  3   8.78 0.72  0.0   13  4.8 59.4      4398
 4399 2021- 6-29 12:24     - 54 60  161 58  17.10 0.27  0.0    5 10.4 23.0      4399
 4400 2021- 6-29 12:38     - 55 10  161 54   5.22 0.06  0.0    4  8.3  5.8      4400
 *** DISTANCE & RESIDUAL WEIGHTING CANCELLED FOR EVENT: 2021  6 29 17 30
 4401 2021- 6-29 17:30     - 55 19  160 50   3.02 1.16  0.0    5 52.5 96.4      4401
 4402 2021- 6-29 17:54     - 54 43  161 53   1.00 0.16  0.0   10 16.3  2.7      4402
 4403 2021- 6-29 17:55     - 55 18  161 49  17.61 0.07  0.0    5  8.7  6.3      4403
 4404 2021- 6-29 20:12     - 54 43  160 47   3.37 0.13  0.0   11  6.9 14.6      4404
 4405 2021- 6-29 21:04     - 55  0  161 28  31.19 0.13  0.0    6 13.3  5.3      4405
 4406 2021- 6-29 21:04     - 55  2  161 31  30.20 0.05  0.0    5 10.8  4.7      4406
 *** DISTANCE & RESIDUAL WEIGHTING CANCELLED FOR EVENT: 2021  6 29 21 43
 4407 2021- 6-29 21:43     # 54 56  161 47   1.52 1.91  0.0    6 20.4  9.0      4407
 *** DISTANCE & RESIDUAL WEIGHTING CANCELLED FOR EVENT: 2021  6 30  1 45
 4408 2021- 6-30  1:45     # 55  6  162 10   3.00 1.32  0.0    5 15.5 17.3      4408
 4409 2021- 6-30  1:46       54 59  161 54   3.81 0.07  0.0    5  1.7  0.6      4409
 4410 2021- 6-30  1:48     - 54 37  161 18   2.95 0.19  0.0   11  7.6 16.2      4410
  SEQ ---DATE--- TIME REMARK -LAT-  --LON-  DEPTH  RMS PMAG  NUM  ERH  ERZ  ID
 4411 2021- 6-30  2:59       55  1  162 16   2.94 0.11  0.0    6  0.7  2.6      4411
 4412 2021- 6-30 10:39     - 55  8  161 29  20.56 0.35  0.0    5 23.0 13.2      4412
 4413 2021- 6-30 10:40     - 55 11  160 54   2.99 0.17  0.0    4 16.5 17.4      4413
 *** DISTANCE & RESIDUAL WEIGHTING CANCELLED FOR EVENT: 2021  6 30 20  6
 4414 2021- 6-30 20:06     - 55 31  161 47   3.00 1.15  0.0    4 25.2 79.7      4414
 4415 2021- 6-30 21:50     - 54 57  161  1  29.03 0.28  0.0   10 21.8 12.9      4415
 *** DISTANCE & RESIDUAL WEIGHTING CANCELLED FOR EVENT: 2021  6 30 21 50
 4416 2021- 6-30 21:50     # 55 24  161 48   2.99 1.99  0.0    4 75.0 48.2      4416
 4417 2021- 6-30 21:50     - 54 58  161  1   3.05 0.12  0.0    4 12.9 15.9      4417
 4418 2021- 6-30 23:50     - 55 52  161  5   0.02 0.46  0.0    4 16.7 36.4      4418
 4419 2021- 7- 1  0:35     - 54 57  160 52   3.35 0.34  0.0   16 11.2 23.5      4419
 4420 2021- 7- 1  5:23       54 26  162 41  77.73 0.06  0.0    7  4.3  2.7      4420
 *** DISTANCE & RESIDUAL WEIGHTING CANCELLED FOR EVENT: 2021  7  1 10 29
 4421 2021- 7- 1 10:29     - 55 16  161 58   3.00 2.52  0.0    4 38.8 97.0      4421
 4422 2021- 7- 1 10:29     - 54 47  163 30   2.87 0.11  0.0    5  6.5 13.8      4422
 4423 2021- 7- 1 17:26     - 54 55  163  7   5.04 0.32  0.0    8 11.3 25.0      4423
 *** DISTANCE & RESIDUAL WEIGHTING CANCELLED FOR EVENT: 2021  7  1 19 26
 4424 2021- 7- 1 19:26     - 55 19  162 19   3.00 0.58  0.0    4  4.6 47.0      4424
 4425 2021- 7- 2  6:43     - 55 48  162 51   3.39 0.14  0.0    6  7.3 14.8      4425
  SEQ ---DATE--- TIME REMARK -LAT-  --LON-  DEPTH  RMS PMAG  NUM  ERH  ERZ  ID
 4426 2021- 7- 2  6:43     - 55 10  163 19  23.14 0.01  0.0    4  1.6 12.5      4426
 4427 2021- 7- 2  6:50     - 54 53  160  5   9.38 0.16  0.0   11  8.1 16.1      4427
 4428 2021- 7- 2  7:02     - 55 11  163 23   0.02 0.84  0.0   12 28.9 59.8      4428
 4429 2021- 7- 2 10:50     - 54 44  163 33   2.99 0.04  0.0    4  5.4 11.7      4429
 *** DISTANCE & RESIDUAL WEIGHTING CANCELLED FOR EVENT: 2021  7  2 15 59
 4430 2021- 7- 2 15:59     - 54 45  163 15  41.88 0.02  0.0    4  6.4 10.8      4430
 4431 2021- 7- 2 20:10     - 54 45  163 28   2.99 0.06  0.0    4  5.6 12.3      4431
 4432 2021- 7- 2 20:25     - 54 57  162  4   2.94 0.04  0.0    4  1.9 12.8      4432
 *** 3 PHASES CANT SOLVE SEQUENCE NO. 4433, ID NO.      4433
 *** ABANDON EVENT WITH ONLY 3 READINGS:2021  7  3  0 22
 4434 2021- 7- 3 10:05     # 55 15  161 57  27.56 4.33  0.0   11 27.6 33.3      4434
 4435 2021- 7- 3 10:17     - 54 57  160 50   3.05 0.34  0.0   18 10.6 22.4      4435
 4436 2021- 7- 3 11:09     - 55 24  161 50   2.90 0.07  0.0    4  2.5 10.1      4436
 4437 2021- 7- 3 12:15     - 54 31  161 43   1.88 0.16  0.0   11  7.6 15.7      4437
 4438 2021- 7- 3 13:43     - 55  1  162 18   1.63 0.14  0.0    5  3.1 15.4      4438
 4439 2021- 7- 3 17:55     - 54 31  161 25   3.60 0.13  0.0    5  6.6 14.6      4439
 *** DISTANCE & RESIDUAL WEIGHTING CANCELLED FOR EVENT: 2021  7  3 18 42
 4440 2021- 7- 3 18:42     - 55  2  162 15   9.34 0.73  0.0    5 33.7 28.2      4440
  SEQ ---DATE--- TIME REMARK -LAT-  --LON-  DEPTH  RMS PMAG  NUM  ERH  ERZ  ID
 4441 2021- 7- 3 20:00     - 55 12  163 20   0.01 0.76  0.0   10 27.0 55.0      4441
 4442 2021- 7- 4  0:18     - 54 53  161  9  28.05 0.13  0.0    8 14.0  2.0      4442
 *** DISTANCE & RESIDUAL WEIGHTING CANCELLED FOR EVENT: 2021  7  4  0 18
 4443 2021- 7- 4  0:18     - 54 50  163  1   3.00 1.35  0.0    4 96.5 96.5      4443
 4444 2021- 7- 4  2:21     - 55  7  161 56   7.39 0.04  0.0    4  8.5  9.5      4444
 *** DISTANCE & RESIDUAL WEIGHTING CANCELLED FOR EVENT: 2021  7  4  2 21
 4445 2021- 7- 4  2:21     # 55 14  161 56   3.00 1.14  0.0    4 10.3 42.6      4445
 *** DISTANCE & RESIDUAL WEIGHTING CANCELLED FOR EVENT: 2021  7  4  3 33
 4446 2021- 7- 4  3:33     - 54 57  161 14   3.00 0.22  0.0    6 19.1 22.1      4446
 *** DISTANCE & RESIDUAL WEIGHTING CANCELLED FOR EVENT: 2021  7  4  3 33
 4447 2021- 7- 4  3:33     - 55 11  161 55   6.65 0.24  0.0    4 11.7 19.9      4447
 4448 2021- 7- 4  7:06     - 55 12  161 41  48.39 0.04  0.0    4 10.4  3.9      4448
 4449 2021- 7- 4 13:30     - 56  4  161 32   2.95 0.02  0.0    4  5.3 11.4      4449
 4450 2021- 7- 4 14:27     - 54 34  162  4   2.92 0.13  0.0    8  6.7 14.3      4450
 *** DISTANCE & RESIDUAL WEIGHTING CANCELLED FOR EVENT: 2021  7  4 15  1
 4451 2021- 7- 4 15:01     # 55 38  161 24   2.98 0.45  0.0    5  8.5 25.6      4451
 4452 2021- 7- 4 15:01       55 29  161 47   1.77 0.00  0.0    4  2.1  3.5      4452
 4453 2021- 7- 4 15:59     - 55 19  162  4   3.05 0.06  0.0    4  1.1 13.4      4453
 4454 2021- 7- 4 18:15       55 14  161 56   3.80 0.00  0.0    4  1.7  1.5      4454
 4455 2021- 7- 4 19:15     - 54 58  161 37  21.19 0.15  0.0    5 15.7  4.4      4455
 *** DISTANCE & RESIDUAL WEIGHTING CANCELLED FOR EVENT: 2021  7  4 19 15
  SEQ ---DATE--- TIME REMARK -LAT-  --LON-  DEPTH  RMS PMAG  NUM  ERH  ERZ  ID
 4456 2021- 7- 4 19:15     - 55 17  162 33   3.00 0.65  0.0    4 23.5 47.9      4456
 4457 2021- 7- 4 19:53     - 54 45  161  4  27.17 0.20  0.0    9 16.6  3.1      4457
 4458 2021- 7- 4 19:54     - 54 50  161 41   2.93 0.21  0.0    4 11.7 21.6      4458
 4459 2021- 7- 4 20:39       55  3  161 39  23.82 0.37  0.0    8 21.0  9.7      4459
 *** DISTANCE & RESIDUAL WEIGHTING CANCELLED FOR EVENT: 2021  7  4 20 39
 4460 2021- 7- 4 20:39     # 55  1  161 31   3.00 0.88  0.0    7 18.7  8.2      4460
 *** DISTANCE & RESIDUAL WEIGHTING CANCELLED FOR EVENT: 2021  7  4 23 18
 4461 2021- 7- 4 23:18     - 55 12  161 53   4.47 0.20  0.0    4 11.7 17.0      4461
 *** DISTANCE & RESIDUAL WEIGHTING CANCELLED FOR EVENT: 2021  7  4 23 19
 4462 2021- 7- 4 23:19     - 55 15  162  9   3.00 0.30  0.0    4  2.7 22.9      4462
 *** DISTANCE & RESIDUAL WEIGHTING CANCELLED FOR EVENT: 2021  7  5  0  0
 4463 2021- 7- 4 23:59     # 55 40  162 11   3.00 3.62  0.0    4 87.7 45.9      4463
 *** DISTANCE & RESIDUAL WEIGHTING CANCELLED FOR EVENT: 2021  7  5  1 22
 4464 2021- 7- 5  1:22     - 55 16  161 38  18.72 0.37  0.0    4 32.9  2.8      4464
 4465 2021- 7- 5  2:20       55 24  162  5  22.06 0.01  0.0    4  2.5  2.5      4465
 4466 2021- 7- 5  2:22     - 54 59  161 41  17.62 0.13  0.0    6 12.0  3.2      4466
 *** DISTANCE & RESIDUAL WEIGHTING CANCELLED FOR EVENT: 2021  7  5  2 23
 4467 2021- 7- 5  2:22     # 55  8  161 55   3.00 1.27  0.0    5 12.3 34.6      4467
 4468 2021- 7- 5  2:47     - 54 55  160 50   4.00 0.26  0.0   14  9.3 19.4      4468
 4469 2021- 7- 5  3:36     # 55  8  162  7  32.24 2.01  0.0    6 32.7 72.2      4469
 *** DISTANCE & RESIDUAL WEIGHTING CANCELLED FOR EVENT: 2021  7  5  4  5
 4470 2021- 7- 5  4:04     # 54 55  162 34  11.52 0.00  0.0    4  4.9  1.0      4470
  SEQ ---DATE--- TIME REMARK -LAT-  --LON-  DEPTH  RMS PMAG  NUM  ERH  ERZ  ID
 4471 2021- 7- 5  4:10     - 54 41  161  0   2.29 0.61  0.0    7 21.1 46.0      4471
 4472 2021- 7- 5  4:53     - 55  7  160 31   3.93 0.40  0.0   10 13.1 27.3      4472
 4473 2021- 7- 5 13:25     - 54 55  163 45  22.12 0.08  0.0    6  3.4 14.1      4473
 4474 2021- 7- 5 15:59     - 55 32  163 30   3.01 0.23  0.0    4 18.1 22.5      4474
 4475 2021- 7- 5 18:18       54 57  162 15   2.16 0.04  0.0    6  1.7  3.3      4475
 4476 2021- 7- 5 18:18     - 54 56  162 14   0.63 0.12  0.0    5  2.3 14.7      4476
 4477 2021- 7- 5 19:48     - 55  2  162  9   3.03 0.07  0.0    4  1.1 13.5      4477
 4478 2021- 7- 5 19:48     - 55 32  162 14  70.80 0.14  0.0    7  8.1 14.2      4478
 4479 2021- 7- 5 19:48     - 55 34  165 18   3.02 0.71  0.0    9 50.1 52.9      4479
 *** DISTANCE & RESIDUAL WEIGHTING CANCELLED FOR EVENT: 2021  7  5 19 51
 4480 2021- 7- 5 19:51     - 54 59  162 18   1.34 0.58  0.0    4 13.1 46.4      4480
 4481 2021- 7- 5 23:55     - 54 32  162 28   3.00 0.16  0.0    8  7.7 16.5      4481
 4482 2021- 7- 6  0:32       55 19  161 50  14.83 0.03  0.0    5  2.4  0.9      4482
 *** DISTANCE & RESIDUAL WEIGHTING CANCELLED FOR EVENT: 2021  7  6  3 18
 4483 2021- 7- 6  3:18     # 55  8  162  9   2.99 1.74  0.0    4 16.4 97.6      4483
 4484 2021- 7- 6  5:09     # 54 54  162 11   0.02 0.15  0.0    9  2.3  4.8      4484
 4485 2021- 7- 6  5:09     - 54 53  162 20   1.73 0.07  0.0    4 10.6  7.1      4485
  SEQ ---DATE--- TIME REMARK -LAT-  --LON-  DEPTH  RMS PMAG  NUM  ERH  ERZ  ID
 4486 2021- 7- 6  5:21     - 55 15  162  2   8.06 0.01  0.0    4  2.5  9.1      4486
 4487 2021- 7- 6  7:30     - 55 11  160 48   3.00 0.17  0.0    5 17.5 17.9      4487
 4488 2021- 7- 6  7:30     - 55 24  162  9   3.01 0.07  0.0    4  0.9 13.8      4488
 4489 2021- 7- 6  7:31     - 55 25  162 13   2.98 0.12  0.0    4  0.9 11.7      4489
 *** DISTANCE & RESIDUAL WEIGHTING CANCELLED FOR EVENT: 2021  7  6  8  0
 4490 2021- 7- 6  7:59     # 55 21  162 13   3.00 1.06  0.0    4 20.2 47.1      4490
 4491 2021- 7- 6 10:11     # 55 19  162 42   2.58 0.61  0.0    7  7.9  2.7      4491
 *** DISTANCE & RESIDUAL WEIGHTING CANCELLED FOR EVENT: 2021  7  6 12 26
 4492 2021- 7- 6 12:26     # 55  2  162  5  13.03 0.64  0.0    4 20.1 28.1      4492
 4493 2021- 7- 6 12:26     - 53 53  161  0   0.10 0.28  0.0    5 19.3 16.8      4493
 4494 2021- 7- 6 12:45     - 55 19  161 31   2.87 0.06  0.0    5  2.2 10.5      4494
 *** DISTANCE & RESIDUAL WEIGHTING CANCELLED FOR EVENT: 2021  7  6 16  0
 4495 2021- 7- 6 15:59     - 55 19  162  1   3.00 0.57  0.0    4  6.6 47.8      4495
 4496 2021- 7- 6 17:56     - 54 46  160 60  30.58 0.21  0.0   10 19.1  2.6      4496
 4497 2021- 7- 6 17:56     - 54 45  161  2  28.22 0.06  0.0    8  9.7  1.7      4497
 4498 2021- 7- 6 18:44       55  9  161 33  32.11 0.08  0.0    7  1.4  0.9      4498
 4499 2021- 7- 6 18:44     - 55  2  161 32   3.48 0.01  0.0    4  5.3 11.3      4499
 *** DISTANCE & RESIDUAL WEIGHTING CANCELLED FOR EVENT: 2021  7  6 19 44
 4500 2021- 7- 6 19:44     # 55  4  161 56  13.14 2.57  0.0    5 33.9 46.1      4500
  SEQ ---DATE--- TIME REMARK -LAT-  --LON-  DEPTH  RMS PMAG  NUM  ERH  ERZ  ID
 4501 2021- 7- 6 21:35     - 54 40  161  1  26.92 0.19  0.0   11 16.7  3.4      4501
 4502 2021- 7- 6 21:35     # 54 46  161  6  28.63 0.10  0.0    9  9.8  1.5      4502
 4503 2021- 7- 6 22:19     - 55 22  162 13   3.10 0.15  0.0    6  6.3 15.9      4503
 4504 2021- 7- 6 23:04     - 55 25  162 24   7.81 1.47  0.0    7  9.8 99.0      4504
 *** DISTANCE & RESIDUAL WEIGHTING CANCELLED FOR EVENT: 2021  7  7  0 33
 4505 2021- 7- 7  0:32     - 54 29  161 46   3.00 0.23  0.0    4 19.9 22.8      4505
 *** DISTANCE & RESIDUAL WEIGHTING CANCELLED FOR EVENT: 2021  7  7  6 50
 4506 2021- 7- 7  6:50     # 54 59  161 57   3.00 0.90  0.0    4 15.0  9.7      4506
 *** DISTANCE & RESIDUAL WEIGHTING CANCELLED FOR EVENT: 2021  7  7  7 31
 4507 2021- 7- 7  7:31     # 54 59  162 15   3.00 2.28  0.0    4 22.7 76.7      4507
 4508 2021- 7- 7  7:55     # 54 46  161 26   0.02 0.05  0.0    4  5.0  1.2      4508
 4509 2021- 7- 7  7:59     - 55 19  162  3   2.99 0.07  0.0    4  1.2 13.7      4509
 4510 2021- 7- 7  9:06     - 55  9  161 38  26.43 0.10  0.0    4  9.9  6.1      4510
 4511 2021- 7- 7  9:44       55  6  162 22   7.47 0.04  0.0    7  2.7  1.7      4511
 4512 2021- 7- 7  9:45     - 55  7  162 26   2.77 0.08  0.0    5  4.0 13.4      4512
 4513 2021- 7- 7 11:42       55  4  162  9   5.03 0.11  0.0    8  0.8  3.2      4513
 *** DISTANCE & RESIDUAL WEIGHTING CANCELLED FOR EVENT: 2021  7  7 12  1
 4514 2021- 7- 7 12:01     - 54 56  161 27  45.60 0.26  0.0    5 21.9 10.8      4514
 *** DISTANCE & RESIDUAL WEIGHTING CANCELLED FOR EVENT: 2021  7  7 12  1
 4515 2021- 7- 7 12:01     # 55 11  161 53  22.52 0.64  0.0    4 16.2 16.1      4515
  SEQ ---DATE--- TIME REMARK -LAT-  --LON-  DEPTH  RMS PMAG  NUM  ERH  ERZ  ID
 4516 2021- 7- 7 12:16     - 55  6  162 26   2.73 0.04  0.0    4  4.0 12.2      4516
 4517 2021- 7- 7 12:26     - 55  0  162 15   2.95 0.03  0.0    4  2.4 12.1      4517
 4518 2021- 7- 7 14:16     - 55  6  162 25   2.87 0.03  0.0    6  4.2 12.0      4518
 *** DISTANCE & RESIDUAL WEIGHTING CANCELLED FOR EVENT: 2021  7  7 15 11
 4519 2021- 7- 7 15:11     - 54 58  162 30  12.54 2.90  0.0    5 74.5 65.2      4519
 4520 2021- 7- 7 15:59     - 55 19  162  3   3.01 0.06  0.0    4  1.2 13.3      4520
 4521 2021- 7- 7 19:52     - 54 54  161 20  26.29 0.23  0.0    9 18.5  8.8      4521
 4522 2021- 7- 7 19:52     - 54 41  161  5  53.99 0.26  0.0    9 19.2  7.6      4522
 4523 2021- 7- 7 20:44     - 55 12  159 10   7.54 0.19  0.0    8 19.3 19.8      4523
 4524 2021- 7- 7 20:45       55 16  161 53   7.34 0.09  0.0    6  0.8  1.6      4524
 4525 2021- 7- 7 22:34     - 55 17  161 17   8.84 0.10  0.0    5  3.3 12.1      4525
 4526 2021- 7- 7 22:43     - 54 56  161 35  48.38 0.14  0.0    6 13.3  8.2      4526
 4527 2021- 7- 7 23:16     - 54 53  161 35   8.56 0.07  0.0    5  8.9 11.3      4527
 *** DISTANCE & RESIDUAL WEIGHTING CANCELLED FOR EVENT: 2021  7  8  0  0
 4528 2021- 7- 7 23:59     # 55 40  161 39   3.00 0.82  0.0    4 17.7 10.5      4528
 *** DISTANCE & RESIDUAL WEIGHTING CANCELLED FOR EVENT: 2021  7  8  3 28
 4529 2021- 7- 8  3:28     # 55 16  162  9   3.00 2.48  0.0    6  8.5 26.8      4529
 4530 2021- 7- 8  4:01     - 55 10  161 55   1.57 0.10  0.0    5  3.3 14.0      4530
  SEQ ---DATE--- TIME REMARK -LAT-  --LON-  DEPTH  RMS PMAG  NUM  ERH  ERZ  ID
 4531 2021- 7- 8  4:01       55  5  161 26   1.81 0.12  0.0    5  3.8  1.9      4531
 4532 2021- 7- 8  5:11     - 55 46  162 44   0.41 0.01  0.0    4  5.3 11.3      4532
 4533 2021- 7- 8  5:16     - 54 51  161 23  10.36 0.06  0.0    5 10.3 12.3      4533
 4534 2021- 7- 8  5:16     - 54 43  160 49  33.51 0.34  0.0    8 21.6 30.4      4534
 4535 2021- 7- 8  5:22     - 55 44  162 23   8.76 0.79  0.0    8 12.3 59.3      4535
 *** DISTANCE & RESIDUAL WEIGHTING CANCELLED FOR EVENT: 2021  7  8  5 23
 4536 2021- 7- 8  5:22     # 55  2  161 50   3.00 1.54  0.0    4 39.7 62.5      4536
 *** DISTANCE & RESIDUAL WEIGHTING CANCELLED FOR EVENT: 2021  7  8  7 45
 4537 2021- 7- 8  7:45     # 55 21  162 24   3.00 0.92  0.0    5 21.2  9.2      4537
 4538 2021- 7- 8  9:46     - 54 50  161  8  32.74 0.26  0.0   10 21.8 25.1      4538
 4539 2021- 7- 8  9:46     - 54 38  160 51  34.77 0.17  0.0    7 15.1 18.5      4539
 4540 2021- 7- 8 12:11     - 54 29  163 10   4.08 0.19  0.0    8  7.1 15.1      4540
 4541 2021- 7- 8 12:13     - 55 16  161 59   0.76 1.22  0.0    5 90.5 71.1      4541
 4542 2021- 7- 8 14:50     - 54 22  160 51   1.17 0.08  0.0    7  6.2 12.3      4542
 4543 2021- 7- 8 15:10     - 54 37  163 22   3.01 0.06  0.0    6  5.6 12.3      4543
 4544 2021- 7- 8 15:59     - 55 19  162  0   2.99 0.08  0.0    4  1.0 13.9      4544
 4545 2021- 7- 8 16:09     - 54 51  163 23   2.73 0.03  0.0    6  5.3 11.6      4545
  SEQ ---DATE--- TIME REMARK -LAT-  --LON-  DEPTH  RMS PMAG  NUM  ERH  ERZ  ID
 4546 2021- 7- 8 16:47       54 42  160 21  18.19 0.16  0.0   17  1.3  2.0      4546
 4547 2021- 7- 8 17:36     - 54 29  163  8   3.17 0.11  0.0    5  6.6 14.3      4547
 4548 2021- 7- 8 20:43     - 55 23  161 37  11.95 0.09  0.0    4  4.9 10.2      4548
 4549 2021- 7- 8 21:55     - 55 18  162  8   2.86 0.12  0.0    5  2.9 12.0      4549
 4550 2021- 7- 8 22:29     - 54 46  162 59   2.72 0.11  0.0    8  6.5 14.2      4550
 4551 2021- 7- 8 22:50     - 54 38  161 19  33.52 0.14  0.0    8  1.6 17.0      4551
 4552 2021- 7- 8 22:56     - 55 17  162  1   2.93 0.09  0.0    5  1.0 14.4      4552
 4553 2021- 7- 9  0:29     - 54 44  160 23  11.11 0.18  0.0   17  7.9 15.9      4553
 4554 2021- 7- 9  0:32     - 55  5  162  5  22.83 0.04  0.0    4  4.5 10.1      4554
 *** DISTANCE & RESIDUAL WEIGHTING CANCELLED FOR EVENT: 2021  7  9  2  2
 4555 2021- 7- 9  2:02     # 55 48  162  8   1.29 0.60  0.0    5 29.0 16.2      4555
 *** DISTANCE & RESIDUAL WEIGHTING CANCELLED FOR EVENT: 2021  7  9  3 56
 4556 2021- 7- 9  3:56     - 55 13  162 12   2.98 0.42  0.0    4  8.6 27.0      4556
 *** DISTANCE & RESIDUAL WEIGHTING CANCELLED FOR EVENT: 2021  7  9  4 23
 4557 2021- 7- 9  4:23     # 55 26  161 45   1.26 0.28  0.0    4  9.6 15.3      4557
 *** DISTANCE & RESIDUAL WEIGHTING CANCELLED FOR EVENT: 2021  7  9  4 34
 4558 2021- 7- 9  4:34     - 55 34  161 46   1.14 0.52  0.0    4 33.6 42.0      4558
 4559 2021- 7- 9  4:43     - 55 29  161 34   1.47 0.30  0.0    4 25.9 25.2      4559
 *** DISTANCE & RESIDUAL WEIGHTING CANCELLED FOR EVENT: 2021  7  9  5 46
 4560 2021- 7- 9  5:46     # 55 23  161 48   1.08 0.38  0.0    4  8.6 18.2      4560
 *** DISTANCE & RESIDUAL WEIGHTING CANCELLED FOR EVENT: 2021  7  9  8 20
  SEQ ---DATE--- TIME REMARK -LAT-  --LON-  DEPTH  RMS PMAG  NUM  ERH  ERZ  ID
 4561 2021- 7- 9  8:19     - 55 18  161 50   5.17 0.51  0.0    5 31.2 14.5      4561
 4562 2021- 7- 9  8:59     - 55 18  162  3   3.00 0.69  0.0    4  9.9 49.3      4562
 4563 2021- 7- 9  9:00     - 54 52  161 20  23.31 0.14  0.0    7 13.8  5.8      4563
 *** DISTANCE & RESIDUAL WEIGHTING CANCELLED FOR EVENT: 2021  7  9  9  4
 4564 2021- 7- 9  9:04     - 55 15  161 58   1.64 0.96  0.0    4 73.8 62.7      4564
 4565 2021- 7- 9  9:13     - 55  8  161 55   2.75 0.29  0.0    4  7.5 18.8      4565
 *** DISTANCE & RESIDUAL WEIGHTING CANCELLED FOR EVENT: 2021  7  9  9 13
 4566 2021- 7- 9  9:13     - 55  1  161 43  11.26 0.45  0.0    4 29.0  8.7      4566
 4567 2021- 7- 9  9:19     - 54 52  161 18  24.07 0.14  0.0    8 15.6  7.8      4567
 *** DISTANCE & RESIDUAL WEIGHTING CANCELLED FOR EVENT: 2021  7  9  9 20
 4568 2021- 7- 9  9:20     - 55 15  161 50   2.59 0.61  0.0    4  9.3 44.9      4568
 4569 2021- 7- 9  9:19     - 55 12  161 13   3.43 0.09  0.0    4 12.4 13.0      4569
 4570 2021- 7- 9 12:38     - 55 16  162  6   1.48 0.75  0.0    4 61.8 49.1      4570
 4571 2021- 7- 9 12:55     - 55 22  161 51   2.95 0.24  0.0    4  9.7 19.8      4571
 4572 2021- 7- 9 13:42     - 55  1  162 34  84.14 0.14  0.0    5  7.9 15.5      4572
 *** DISTANCE & RESIDUAL WEIGHTING CANCELLED FOR EVENT: 2021  7  9 14 48
 4573 2021- 7- 9 14:48     - 55 50  161 27   3.00 0.96  0.0    4 34.8 73.4      4573
 4574 2021- 7- 9 15:03     - 54 51  161 39   0.09 0.12  0.0    4 12.2 15.8      4574
 4575 2021- 7- 9 15:03       54 57  161 32  20.10 0.15  0.0    6  9.3  2.4      4575
  SEQ ---DATE--- TIME REMARK -LAT-  --LON-  DEPTH  RMS PMAG  NUM  ERH  ERZ  ID
 4576 2021- 7- 9 15:53     - 54 21  161 32   0.01 0.57  0.0    5 20.9 44.4      4576
 4577 2021- 7- 9 16:22     - 55 38  162 46   1.48 0.39  0.0    5 14.8 31.4      4577
 *** DISTANCE & RESIDUAL WEIGHTING CANCELLED FOR EVENT: 2021  7  9 18 20
 4578 2021- 7- 9 18:20     - 55 33  162 46   3.00 0.93  0.0    4 32.6 71.0      4578
 4579 2021- 7- 9 19:13     - 54 36  163 22   3.08 0.08  0.0    5  5.9 12.8      4579
 *** DISTANCE & RESIDUAL WEIGHTING CANCELLED FOR EVENT: 2021  7  9 19 17
 4580 2021- 7- 9 19:16     - 54 47  162 56   3.00 0.77  0.0    4 27.4 59.4      4580
 *** DISTANCE & RESIDUAL WEIGHTING CANCELLED FOR EVENT: 2021  7 10  0  0
 4581 2021- 7- 9 23:59     - 55 20  162 12   3.00 0.92  0.0    4 22.8 55.8      4581
 *** DISTANCE & RESIDUAL WEIGHTING CANCELLED FOR EVENT: 2021  7 10  0  6
 4582 2021- 7-10  0:05     - 56 13  161 22   3.00 0.59  0.0    4 34.1 36.9      4582
 *** DISTANCE & RESIDUAL WEIGHTING CANCELLED FOR EVENT: 2021  7 10  0  6
 4583 2021- 7-10  0:05     # 55 12  161 54  14.50 0.50  0.0    5  3.9  6.6      4583
 *** DISTANCE & RESIDUAL WEIGHTING CANCELLED FOR EVENT: 2021  7 10  0 55
 4584 2021- 7-10  0:55     - 55 22  163  2   3.00 0.79  0.0    4 56.1 66.5      4584
 *** DISTANCE & RESIDUAL WEIGHTING CANCELLED FOR EVENT: 2021  7 10  1  3
 4585 2021- 7-10  1:03     # 55 26  161 49   3.00 0.73  0.0    4 19.6 37.7      4585
 4586 2021- 7-10  2:31     - 55  9  161 46   0.03 0.34  0.0    5  3.6 31.1      4586
 *** DISTANCE & RESIDUAL WEIGHTING CANCELLED FOR EVENT: 2021  7 10  5 21
 4587 2021- 7-10  5:21     - 54 25  162 29   3.00 0.55  0.0    4 47.9 43.5      4587
 4588 2021- 7-10  7:05       55 20  161 48  23.42 0.00  0.0    4  4.0  2.3      4588
 4589 2021- 7-10  7:19     - 55 14  161 36   6.77 0.03  0.0    4 12.7 11.8      4589
 *** DISTANCE & RESIDUAL WEIGHTING CANCELLED FOR EVENT: 2021  7 10  9 46
 4590 2021- 7-10  9:46     # 55 11  161 44  21.78 0.69  0.0    6 18.6 15.7      4590
  SEQ ---DATE--- TIME REMARK -LAT-  --LON-  DEPTH  RMS PMAG  NUM  ERH  ERZ  ID
 4591 2021- 7-10 11:03       55 27  161 53  29.37 0.11  0.0   15  1.0  0.6      4591
 4592 2021- 7-10 11:05     - 55 42  161 39   2.95 0.09  0.0    5  1.2 13.7      4592
 4593 2021- 7-10 13:23     - 55 39  161 29   4.54 0.03  0.0    4  5.4 11.2      4593
 *** DISTANCE & RESIDUAL WEIGHTING CANCELLED FOR EVENT: 2021  7 10 14 11
 4594 2021- 7-10 14:11     - 55 42  162 60   3.00 0.55  0.0    4 18.0 44.0      4594
 4595 2021- 7-10 14:11     - 54 54  162 13   2.18 0.12  0.0    4  5.4 15.0      4595
 4596 2021- 7-10 14:34       55 17  161 44  17.40 0.06  0.0    6  2.4  1.2      4596
 4597 2021- 7-10 15:59     - 55 19  162  5   3.00 0.11  0.0    5  1.2 14.3      4597
 4598 2021- 7-10 19:05     - 55 30  161 33   3.03 0.49  0.0    5  5.8 41.0      4598
 4599 2021- 7-10 20:31     - 55 25  162  5  31.49 0.03  0.0    4 12.3  3.8      4599
 4600 2021- 7-10 22:58       54 56  161 29  72.28 0.12  0.0   10  4.1  2.1      4600
 4601 2021- 7-10 23:13     - 55 14  161 37   1.19 0.06  0.0    4 13.6 12.2      4601
 4602 2021- 7-11  0:21     - 54 53  162 15   3.63 0.08  0.0    4 11.7  7.2      4602
 4603 2021- 7-11  0:36     - 54 59  162 17   0.38 0.04  0.0    6  1.7 12.8      4603
 *** DISTANCE & RESIDUAL WEIGHTING CANCELLED FOR EVENT: 2021  7 11  0 36
 4604 2021- 7-11  0:36     # 54 58  162 22   0.59 1.27  0.0    7 17.8  5.5      4604
 4605 2021- 7-11  1:25     - 55 36  158 57   3.00 0.19  0.0    9 16.6 16.9      4605
  SEQ ---DATE--- TIME REMARK -LAT-  --LON-  DEPTH  RMS PMAG  NUM  ERH  ERZ  ID
 4606 2021- 7-11  1:59       55 23  161 54  15.83 0.30  0.0    7  2.8  3.0      4606
 *** DISTANCE & RESIDUAL WEIGHTING CANCELLED FOR EVENT: 2021  7 11  5 25
 4607 2021- 7-11  5:25     - 55  7  162 23   3.71 0.35  0.0    4 20.4 28.9      4607
 *** DISTANCE & RESIDUAL WEIGHTING CANCELLED FOR EVENT: 2021  7 11  7 57
 4608 2021- 7-11  7:57     - 55 14  162 20  24.53 0.39  0.0    4 14.3 28.3      4608
 *** DISTANCE & RESIDUAL WEIGHTING CANCELLED FOR EVENT: 2021  7 11  8  0
 4609 2021- 7-11  7:59     # 55 40  162  2   3.00 6.45  0.0    4 79.4 59.1      4609
 *** DISTANCE & RESIDUAL WEIGHTING CANCELLED FOR EVENT: 2021  7 11  9 17
 4610 2021- 7-11  9:17     - 55 31  161 45   1.44 0.59  0.0    5 16.2 45.2      4610
 4611 2021- 7-11 10:56     - 55 36  161 21   6.77 0.38  0.0    7  9.6 34.2      4611
 *** DISTANCE & RESIDUAL WEIGHTING CANCELLED FOR EVENT: 2021  7 11 10 56
 4612 2021- 7-11 10:56     - 55 36  162 29  17.35 1.28  0.0    5 13.4 82.7      4612
 4613 2021- 7-11 10:57     - 55 15  161 40  10.89 0.11  0.0    4  3.3 14.9      4613
 *** DISTANCE & RESIDUAL WEIGHTING CANCELLED FOR EVENT: 2021  7 11 11 28
 4614 2021- 7-11 11:28     # 55 19  161 46   6.39 0.34  0.0    4  9.0  2.4      4614
 4615 2021- 7-11 17:06     - 54 40  162 53   1.78 0.45  0.0    9 16.6 35.9      4615
 4616 2021- 7-11 17:33     - 55  1  162 37   2.57 0.01  0.0    4  9.8  7.5      4616
 4617 2021- 7-11 18:02     - 54 59  162 18   0.34 0.03  0.0    6  1.5 12.7      4617
 4618 2021- 7-11 18:02     - 54 59  162 18   0.02 1.67  0.0    6  7.5 98.7      4618
 4619 2021- 7-11 18:26     - 54 59  161 35  40.17 0.11  0.0    5 14.2  6.8      4619
 4620 2021- 7-11 18:26     - 54 53  161 32  56.70 0.04  0.0    4 10.9  6.0      4620
  SEQ ---DATE--- TIME REMARK -LAT-  --LON-  DEPTH  RMS PMAG  NUM  ERH  ERZ  ID
 4621 2021- 7-11 20:06     - 55 19  162 51   3.26 0.36  0.0    4 16.0 27.9      4621
 4622 2021- 7-11 20:18     - 54 36  161 44   4.29 0.36  0.0    8 12.9 28.1      4622
 4623 2021- 7-11 20:25     - 55 51  161 21   3.05 0.13  0.0    5 12.1 16.6      4623
 *** DISTANCE & RESIDUAL WEIGHTING CANCELLED FOR EVENT: 2021  7 11 20 26
 4624 2021- 7-11 20:26     - 55  5  162 10   3.00 2.72  0.0    4 27.2 95.2      4624
 *** DISTANCE & RESIDUAL WEIGHTING CANCELLED FOR EVENT: 2021  7 11 20 29
 4625 2021- 7-11 20:29     - 55 13  161 40  30.20 0.50  0.0    4 25.1 18.4      4625
 4626 2021- 7-11 20:45     - 55 12  161 47   3.05 0.08  0.0    4  5.1 13.7      4626
 4627 2021- 7-11 23:03     - 54 39  162  5   7.17 0.17  0.0   10  1.4 18.5      4627
 4628 2021- 7-11 23:28     - 55  4  161 32   2.91 0.05  0.0    4  5.5 12.1      4628
 *** DISTANCE & RESIDUAL WEIGHTING CANCELLED FOR EVENT: 2021  7 11 23 32
 4629 2021- 7-11 23:32     - 55 10  161 46   9.18 0.03  0.0    4  5.4  9.1      4629
 *** DISTANCE & RESIDUAL WEIGHTING CANCELLED FOR EVENT: 2021  7 12  0  0
 4630 2021- 7-11 23:59     - 55 41  162 31   3.00 2.06  0.0    4 99.0 99.0      4630
 4631 2021- 7-12  0:29     - 55 12  161 56   3.05 0.05  0.0    4  2.7 12.8      4631
 *** DISTANCE & RESIDUAL WEIGHTING CANCELLED FOR EVENT: 2021  7 12  0 29
 4632 2021- 7-12  0:29     # 55  9  161 50  20.94 0.53  0.0    4 21.7 18.3      4632
 4633 2021- 7-12  3:39       54 29  160 41  15.38 0.11  0.0   12  2.6  3.8      4633
 4634 2021- 7-12  3:39     - 54 44  161  3  19.25 0.33  0.0    7 18.1 23.0      4634
 *** DISTANCE & RESIDUAL WEIGHTING CANCELLED FOR EVENT: 2021  7 12  4 50
 4635 2021- 7-12  4:50     - 55 26  161 55   2.99 0.43  0.0    4  7.4 36.1      4635
  SEQ ---DATE--- TIME REMARK -LAT-  --LON-  DEPTH  RMS PMAG  NUM  ERH  ERZ  ID
 4636 2021- 7-12  4:59     - 55 26  161 53   1.75 0.03  0.0    4  1.4 10.4      4636
 4637 2021- 7-12  5:01       55 20  161 44  17.87 0.00  0.0    4  3.4  4.6      4637
 4638 2021- 7-12  7:26     - 55 46  161 15   2.60 0.05  0.0    4  5.6 12.0      4638
 4639 2021- 7-12  7:31     - 55 21  162 43   3.07 0.07  0.0    4  5.9 12.3      4639
 *** DISTANCE & RESIDUAL WEIGHTING CANCELLED FOR EVENT: 2021  7 12  7 42
 4640 2021- 7-12  7:42     - 55 19  162  6   1.49 1.10  0.0    4 64.4 58.7      4640
 4641 2021- 7-12  8:31     - 54 38  161 51   2.85 0.20  0.0    7  8.2 17.2      4641
 *** DISTANCE & RESIDUAL WEIGHTING CANCELLED FOR EVENT: 2021  7 12  8 42
 4642 2021- 7-12  8:42     - 55 21  161 53   3.00 0.44  0.0    4 20.8 31.6      4642
 *** DISTANCE & RESIDUAL WEIGHTING CANCELLED FOR EVENT: 2021  7 12  9  2
 4643 2021- 7-12  9:02     - 54 55  162 15   3.00 0.99  0.0    4 35.0 75.4      4643
 4644 2021- 7-12 10:41     - 54 46  161 19  30.78 0.13  0.0    9 12.4  1.5      4644
 4645 2021- 7-12 10:41     - 55 10  161  3   3.10 0.06  0.0    4  3.9 12.9      4645
 *** DISTANCE & RESIDUAL WEIGHTING CANCELLED FOR EVENT: 2021  7 12 12 10
 4646 2021- 7-12 12:10     - 54 47  162 13   3.00 0.79  0.0    4 34.9 61.1      4646
 *** DISTANCE & RESIDUAL WEIGHTING CANCELLED FOR EVENT: 2021  7 12 12 15
 4647 2021- 7-12 12:15     - 55 11  161  9   3.00 0.59  0.0    4 25.2 45.9      4647
 *** DISTANCE & RESIDUAL WEIGHTING CANCELLED FOR EVENT: 2021  7 12 12 26
 4648 2021- 7-12 12:26     - 55 21  161  3   2.99 0.32  0.0    4 21.8 26.8      4648
 4649 2021- 7-12 12:33     - 55 50  161 30   2.99 0.42  0.0    6 15.6 33.9      4649
 *** DISTANCE & RESIDUAL WEIGHTING CANCELLED FOR EVENT: 2021  7 12 13 35
 4650 2021- 7-12 13:35     - 54 55  161 58   3.00 0.42  0.0    4 29.8  6.1      4650
 *** DISTANCE & RESIDUAL WEIGHTING CANCELLED FOR EVENT: 2021  7 12 13 35
  SEQ ---DATE--- TIME REMARK -LAT-  --LON-  DEPTH  RMS PMAG  NUM  ERH  ERZ  ID
 4651 2021- 7-12 13:35     # 55 16  162 12   3.00 1.19  0.0    6 35.7 53.1      4651
 4652 2021- 7-12 14:53     - 54 33  161  8   2.86 0.10  0.0    5  6.5 13.8      4652
 4653 2021- 7-12 14:54     - 55 28  161 25  49.51 0.18  0.0    8 10.0 11.3      4653
 4654 2021- 7-12 14:54     - 55 60  162  6   2.85 0.12  0.0    7 11.9  7.0      4654
 4655 2021- 7-12 15:05     - 54 33  161 47   2.92 0.15  0.0    6  7.4 15.7      4655
 4656 2021- 7-12 16:06     - 54 56  162 48   9.06 0.08  0.0    6  3.0 11.3      4656
 4657 2021- 7-12 16:08     - 55  4  163  6   3.23 0.18  0.0    5  8.2 17.8      4657
 *** DISTANCE & RESIDUAL WEIGHTING CANCELLED FOR EVENT: 2021  7 12 18 53
 4658 2021- 7-12 18:53     - 55 25  161 59   3.00 0.30  0.0    4 25.2 15.8      4658
 *** DISTANCE & RESIDUAL WEIGHTING CANCELLED FOR EVENT: 2021  7 12 19  0
 4659 2021- 7-12 19:00     # 55 31  161 51  14.13 0.68  0.0    5 16.1 10.4      4659
 4660 2021- 7-12 20:38     - 55 39  163  3   3.01 0.02  0.0    4  5.4 11.5      4660
 4661 2021- 7-12 21:46     - 54 29  162 18   2.67 0.09  0.0    6  6.2 13.4      4661
 4662 2021- 7-12 21:46     - 55  1  162 13   0.17 0.08  0.0    4  1.1 14.1      4662
 4663 2021- 7-12 21:46     - 55  1  162 24  19.31 0.07  0.0    4  7.0  7.3      4663
 4664 2021- 7-12 22:14     # 55 33  161 45  23.06 0.42  0.0    4 11.5 13.5      4664
 4665 2021- 7-12 23:37     - 54 42  163  5   2.82 0.01  0.0    4  5.2 11.4      4665
  SEQ ---DATE--- TIME REMARK -LAT-  --LON-  DEPTH  RMS PMAG  NUM  ERH  ERZ  ID
 4666 2021- 7-12 23:37     - 55 17  162  2   2.99 0.42  0.0    6  1.6 33.2      4666
 4667 2021- 7-13  0:39     - 55 11  162 19  43.56 0.04  0.0    4  2.7 12.7      4667
 4668 2021- 7-13  1:08     - 54 44  162 38   7.28 0.05  0.0    6  3.4 12.1      4668
 4669 2021- 7-13  1:13     # 54 47  161 59   2.14 0.06  0.0    5  6.2  1.3      4669
 *** DISTANCE & RESIDUAL WEIGHTING CANCELLED FOR EVENT: 2021  7 13  1 14
 4670 2021- 7-13  1:14     # 55 12  161 54  23.65 0.61  0.0    5 26.1 19.8      4670
 4671 2021- 7-13  2:12     - 54 59  162 52   4.60 0.07  0.0    6  5.8 12.4      4671
 4672 2021- 7-13  2:33     - 55 20  163  2   3.00 0.34  0.0    8 22.4 31.2      4672
 4673 2021- 7-13  4:09       55 22  161 50  14.86 0.07  0.0    5  3.6  3.6      4673
 4674 2021- 7-13  4:23     # 55 41  161 28   2.11 0.14  0.0    8  1.8  1.9      4674
 4675 2021- 7-13  4:30       55 23  161 52  11.92 0.00  0.0    4  4.3  4.8      4675
 4676 2021- 7-13  4:47     - 54 55  163  6   3.44 0.05  0.0    5  5.1 10.9      4676
 4677 2021- 7-13  4:52     # 54 30  160 44   8.99 0.13  0.0   10  2.2  1.2      4677
 *** DISTANCE & RESIDUAL WEIGHTING CANCELLED FOR EVENT: 2021  7 13  5 29
 4678 2021- 7-13  5:28     - 55 48  161 50   3.00 0.42  0.0    4 35.5 33.5      4678
 *** DISTANCE & RESIDUAL WEIGHTING CANCELLED FOR EVENT: 2021  7 13  6  3
 4679 2021- 7-13  6:03     - 54 57  162 51   2.99 0.46  0.0    5 29.6 19.1      4679
 4680 2021- 7-13  6:03     # 54 37  161 40  78.43 0.80  0.0   11 22.2 12.3      4680
 *** DISTANCE & RESIDUAL WEIGHTING CANCELLED FOR EVENT: 2021  7 13  6  4
  SEQ ---DATE--- TIME REMARK -LAT-  --LON-  DEPTH  RMS PMAG  NUM  ERH  ERZ  ID
 4681 2021- 7-13  6:03     # 55 18  161 52   6.38 0.78  0.0    5  8.7  1.4      4681
 4682 2021- 7-13  6:47     - 54 42  163 27   3.04 0.08  0.0    6  6.0 13.0      4682
 *** DISTANCE & RESIDUAL WEIGHTING CANCELLED FOR EVENT: 2021  7 13  7 11
 4683 2021- 7-13  7:11     - 55 20  162 32   3.00 2.11  0.0    4 34.8 92.7      4683
 4684 2021- 7-13  7:20       55 23  161 54  15.67 0.01  0.0    4  3.5  3.0      4684
 4685 2021- 7-13  7:48     - 54 56  162 27  24.31 0.02  0.0    6  8.0  7.7      4685
 4686 2021- 7-13  7:49       54 60  162 18   7.43 0.07  0.0    5  3.2  4.8      4686
 4687 2021- 7-13  7:59     - 55 30  163 33   2.99 0.57  0.0    4 41.0 49.2      4687
 *** DISTANCE & RESIDUAL WEIGHTING CANCELLED FOR EVENT: 2021  7 13 10 12
 4688 2021- 7-13 10:12     # 55 25  161 47   0.75 0.25  0.0    4  2.8 16.5      4688
 *** DISTANCE & RESIDUAL WEIGHTING CANCELLED FOR EVENT: 2021  7 13 10 23
 4689 2021- 7-13 10:23     - 55 21  161 57   2.22 0.25  0.0    4  9.5 19.5      4689
 *** DISTANCE & RESIDUAL WEIGHTING CANCELLED FOR EVENT: 2021  7 13 10 29
 4690 2021- 7-13 10:29     - 55 24  161 40   1.54 0.19  0.0    4 11.7 17.8      4690
 4691 2021- 7-13 10:34     - 55 25  161 43   0.01 0.02  0.0    4  4.9 12.0      4691
 *** DISTANCE & RESIDUAL WEIGHTING CANCELLED FOR EVENT: 2021  7 13 10 40
 4692 2021- 7-13 10:40     - 55  8  162 44   3.01 0.53  0.0    4 24.7 41.5      4692
 4693 2021- 7-13 10:50       55 30  161 59  14.48 0.00  0.0    4  1.9  2.0      4693
 4694 2021- 7-13 10:53     - 55 24  161 42   0.23 0.16  0.0    4 10.5 13.4      4694
 *** DISTANCE & RESIDUAL WEIGHTING CANCELLED FOR EVENT: 2021  7 13 11  0
 4695 2021- 7-13 11:00     - 55 24  161 42   0.66 0.36  0.0    4 21.9 16.1      4695
 *** DISTANCE & RESIDUAL WEIGHTING CANCELLED FOR EVENT: 2021  7 13 11 32
  SEQ ---DATE--- TIME REMARK -LAT-  --LON-  DEPTH  RMS PMAG  NUM  ERH  ERZ  ID
 4696 2021- 7-13 11:32     - 55 19  162  0   1.50 0.48  0.0    4 34.7 24.8      4696
 *** DISTANCE & RESIDUAL WEIGHTING CANCELLED FOR EVENT: 2021  7 13 12  9
 4697 2021- 7-13 12:09     # 55 15  161 51   0.89 0.37  0.0    5  2.5  7.3      4697
 *** DISTANCE & RESIDUAL WEIGHTING CANCELLED FOR EVENT: 2021  7 13 12  9
 4698 2021- 7-13 12:09     - 55 17  161 54   0.86 0.91  0.0    4  3.7 75.9      4698
 4699 2021- 7-13 12:18       55 43  161 22  42.68 0.00  0.0    4  7.3  4.7      4699
 *** DISTANCE & RESIDUAL WEIGHTING CANCELLED FOR EVENT: 2021  7 13 12 41
 4700 2021- 7-13 12:41     - 55 24  161 44   3.13 1.02  0.0    4 51.7 42.2      4700
 *** DISTANCE & RESIDUAL WEIGHTING CANCELLED FOR EVENT: 2021  7 13 12 58
 4701 2021- 7-13 12:58     # 55 42  161 57   3.00 3.41  0.0    6 93.0 34.0      4701
 4702 2021- 7-13 13:04     - 54 31  162  7   2.79 0.03  0.0    5  5.4 11.5      4702
 4703 2021- 7-13 13:05     - 55 15  161 31   8.16 0.01  0.0    4  3.2  9.5      4703
 4704 2021- 7-13 13:25     - 55 29  161 58   1.48 0.19  0.0    4 11.2 15.4      4704
 *** DISTANCE & RESIDUAL WEIGHTING CANCELLED FOR EVENT: 2021  7 13 14 32
 4705 2021- 7-13 14:32     - 55 11  162  5   2.86 0.40  0.0    4 35.4 27.7      4705
 4706 2021- 7-13 14:46       54 43  161 29  49.70 0.11  0.0   10  2.7  4.2      4706
 4707 2021- 7-13 15:25     - 55 11  161 47   6.83 0.20  0.0    6  3.5 19.8      4707
 4708 2021- 7-13 16:05     - 55  1  163 17  36.18 0.67  0.0   12 13.5 46.9      4708
 4709 2021- 7-13 16:41     - 54 38  160 49  31.53 0.23  0.0   10 19.7 23.0      4709
 4710 2021- 7-13 16:41     - 54 35  160 47  60.66 0.41  0.0   11 28.6 15.1      4710
 *** DISTANCE & RESIDUAL WEIGHTING CANCELLED FOR EVENT: 2021  7 13 17 23
  SEQ ---DATE--- TIME REMARK -LAT-  --LON-  DEPTH  RMS PMAG  NUM  ERH  ERZ  ID
 4711 2021- 7-13 17:23     # 55 11  161 47  14.77 0.40  0.0    4 15.4  7.0      4711
 4712 2021- 7-13 18:27       55 26  161 55  19.64 0.08  0.0    6  2.1  1.6      4712
 4713 2021- 7-13 18:33     - 54 57  162 46   3.63 0.01  0.0    4  9.3  5.2      4713
 4714 2021- 7-13 18:33     - 55  6  161 43   0.83 0.22  0.0    6  5.1 16.9      4714
 4715 2021- 7-13 18:33     - 55 10  162 10   0.03 0.37  0.0    6  6.6 23.9      4715
 4716 2021- 7-13 18:35       55 20  161 50  17.03 0.05  0.0    5  2.7  1.2      4716
 4717 2021- 7-13 20:12     - 54 52  162 43   7.16 0.00  0.0    4  3.1 12.5      4717
 *** DISTANCE & RESIDUAL WEIGHTING CANCELLED FOR EVENT: 2021  7 13 20 31
 4718 2021- 7-13 20:31     - 54 56  162  7   4.72 0.62  0.0    5 41.4 19.8      4718
 4719 2021- 7-13 20:31     - 54 56  162 16   4.59 0.02  0.0    4  7.2  6.8      4719
 4720 2021- 7-13 21:36       54 38  162 57  61.09 0.10  0.0    9  3.2  1.9      4720
 4721 2021- 7-13 22:16     - 54 24  161 25   3.00 0.24  0.0    7  8.9 21.0      4721
 4722 2021- 7-13 22:16     - 54 52  162 59   2.39 0.01  0.0    4  5.5 11.2      4722
 4723 2021- 7-13 23:59     - 55 27  162 29   2.92 0.08  0.0    4  2.0 14.0      4723
 4724 2021- 7-14  0:45     - 55 25  161 41   0.19 0.05  0.0    4 11.6  9.4      4724
 4725 2021- 7-14  0:53       54 27  160 50   7.88 0.17  0.0    9  3.5  1.7      4725
  SEQ ---DATE--- TIME REMARK -LAT-  --LON-  DEPTH  RMS PMAG  NUM  ERH  ERZ  ID
 4726 2021- 7-14  1:47     - 54 49  161 16  19.92 0.20  0.0    5 18.9 14.2      4726
 *** DISTANCE & RESIDUAL WEIGHTING CANCELLED FOR EVENT: 2021  7 14  1 48
 4727 2021- 7-14  1:48     - 55 10  161 55  24.27 0.39  0.0    5 20.9 15.5      4727
 4728 2021- 7-14  3:00     - 54 40  161  1  38.36 0.35  0.0    8 30.3 23.2      4728
 4729 2021- 7-14  3:00     - 55  3  161 41  30.67 0.03  0.0    4 11.5  4.4      4729
 4730 2021- 7-14  4:21     # 55 21  161 47   2.96 0.62  0.0    9  3.2  2.5      4730
 4731 2021- 7-14  4:21     - 54 58  160 51   3.03 0.30  0.0    7 24.8 26.8      4731
 4732 2021- 7-14  4:25     - 54 19  160 54   6.36 0.09  0.0    6  7.7  7.5      4732
 4733 2021- 7-14  5:05     - 55 31  160 60   3.07 0.20  0.0    6  8.8 18.9      4733
 4734 2021- 7-14  6:35     - 54 60  162 14   0.16 0.06  0.0    5  5.8 13.2      4734
 *** DISTANCE & RESIDUAL WEIGHTING CANCELLED FOR EVENT: 2021  7 14  6 35
 4735 2021- 7-14  6:35     - 54 60  162 16   6.59 0.12  0.0    4 11.7  8.5      4735
 4736 2021- 7-14  8:18     - 54 27  161 40   2.52 0.19  0.0    7  8.5 18.2      4736
 4737 2021- 7-14  8:41     - 55 29  161 46  13.64 0.02  0.0    4  6.0 10.6      4737
 4738 2021- 7-14  8:46     - 55 15  161 58   0.33 0.19  0.0    4  2.7 20.0      4738
 4739 2021- 7-14 10:44     - 54 56  161 20  34.42 0.15  0.0    6 13.1  4.6      4739
 4740 2021- 7-14 12:30     # 54 58  163  4   2.27 0.17  0.0   10  5.6 12.0      4740
  SEQ ---DATE--- TIME REMARK -LAT-  --LON-  DEPTH  RMS PMAG  NUM  ERH  ERZ  ID
 4741 2021- 7-14 12:41     # 55 16  162 15  13.03 1.97  0.0    5 16.9 38.5      4741
 *** DISTANCE & RESIDUAL WEIGHTING CANCELLED FOR EVENT: 2021  7 14 12 50
 4742 2021- 7-14 12:50     - 55 33  162  1   3.00 1.97  0.0    4 94.3 82.9      4742
 *** DISTANCE & RESIDUAL WEIGHTING CANCELLED FOR EVENT: 2021  7 14 16  0
 4743 2021- 7-14 15:59     - 55 23  162 17   3.01 0.33  0.0    4  4.4 27.6      4743
 *** DISTANCE & RESIDUAL WEIGHTING CANCELLED FOR EVENT: 2021  7 14 16 19
 4744 2021- 7-14 16:19     - 55 22  162  9   2.60 0.33  0.0    4 20.7 29.0      4744
 4745 2021- 7-14 16:18       54 57  163  2   0.25 0.21  0.0   15  1.4  1.0      4745
 *** DISTANCE & RESIDUAL WEIGHTING CANCELLED FOR EVENT: 2021  7 14 16 25
 4746 2021- 7-14 16:25     - 55  3  162 33   3.00 0.73  0.0    4 61.6  9.2      4746
 4747 2021- 7-14 16:26     - 54 58  163  4   4.67 0.17  0.0    9  5.9 12.5      4747
 4748 2021- 7-14 16:36       54 56  161 33  28.13 0.15  0.0    9  2.3  3.3      4748
 4749 2021- 7-14 16:37       55  7  161 49  12.77 0.03  0.0    5  1.3  0.7      4749
 4750 2021- 7-14 16:41     - 54 36  161 38   3.54 0.20  0.0   15  7.7 16.5      4750
 4751 2021- 7-14 17:07     - 54 30  161  7  36.34 0.21  0.0   12  2.5 18.9      4751
 4752 2021- 7-14 17:26     - 55  0  163  6   3.02 0.11  0.0    7  6.5 14.0      4752
 4753 2021- 7-14 17:29     - 54 40  163 35   3.00 0.04  0.0    5  5.4 11.8      4753
 4754 2021- 7-14 17:31     - 54 51  161  4  29.95 0.24  0.0   11 17.1  2.3      4754
 4755 2021- 7-14 17:31     - 54 40  160 34  31.70 0.11  0.0    8 11.4 15.3      4755
  SEQ ---DATE--- TIME REMARK -LAT-  --LON-  DEPTH  RMS PMAG  NUM  ERH  ERZ  ID
 4756 2021- 7-14 18:07     - 55  8  163 17   0.90 1.01  0.0   12 31.8 66.8      4756
 4757 2021- 7-14 18:16     - 55 11  160 52   2.11 0.34  0.0   11 12.4 27.3      4757
 4758 2021- 7-14 18:16     - 55 19  161 58   0.93 0.02  0.0    4  0.7 12.5      4758
 4759 2021- 7-14 18:41       55 21  162  1  13.53 0.10  0.0    7  2.5  1.4      4759
 4760 2021- 7-14 18:44     - 54 45  162 35   4.93 0.11  0.0    6 11.5  2.4      4760
 4761 2021- 7-14 19:15     - 55 37  163  1   3.04 0.06  0.0    4  5.7 12.2      4761
 *** DISTANCE & RESIDUAL WEIGHTING CANCELLED FOR EVENT: 2021  7 15  0 53
 4762 2021- 7-15  0:53     # 55 12  161 55  10.16 0.40  0.0    7  8.2 13.6      4762
 4763 2021- 7-15  0:53     - 55  5  161 42  24.20 0.04  0.0    4 10.5  5.8      4763
 4764 2021- 7-15  1:02     - 55 13  161  8  33.84 0.13  0.0    8 13.5  4.9      4764
 4765 2021- 7-15  1:03     - 55 29  161 36  29.91 0.08  0.0    4  9.9  9.7      4765
 *** DISTANCE & RESIDUAL WEIGHTING CANCELLED FOR EVENT: 2021  7 15  1  3
 4766 2021- 7-15  1:03     - 55 12  161 53   2.23 0.32  0.0    4  6.7 23.9      4766
 4767 2021- 7-15  1:33     - 55 44  161 59   0.72 0.28  0.0    5 11.1 23.8      4767
 4768 2021- 7-15  2:59     - 54 52  161 10  29.47 0.15  0.0    9 14.7  2.0      4768
 *** DISTANCE & RESIDUAL WEIGHTING CANCELLED FOR EVENT: 2021  7 15  2 59
 4769 2021- 7-15  2:59     - 55 10  160 48   3.02 0.15  0.0    4 15.8 17.4      4769
 *** DISTANCE & RESIDUAL WEIGHTING CANCELLED FOR EVENT: 2021  7 15  3 29
 4770 2021- 7-15  3:29     - 55 43  160 54   3.00 0.62  0.0    5 22.6 48.2      4770
  SEQ ---DATE--- TIME REMARK -LAT-  --LON-  DEPTH  RMS PMAG  NUM  ERH  ERZ  ID
 4771 2021- 7-15  5:18     # 54 53  162 11   0.02 0.12  0.0    5  4.6  5.6      4771
 *** DISTANCE & RESIDUAL WEIGHTING CANCELLED FOR EVENT: 2021  7 15  5 19
 4772 2021- 7-15  5:19     - 54 55  162 20   6.95 0.25  0.0    6 19.4  9.6      4772
 4773 2021- 7-15  5:51     - 55  8  161 43  19.29 0.20  0.0    4 13.8  7.2      4773
 4774 2021- 7-15  5:52     - 54 53  161 17  14.53 0.04  0.0    4 12.1  2.3      4774
 4775 2021- 7-15  7:55     - 55 16  163 33   2.65 0.59  0.0   13 17.2 33.1      4775
 4776 2021- 7-15  7:59     - 55 20  162  8  13.28 0.01  0.0    4  2.0 11.5      4776
 4777 2021- 7-15 11:01     - 54 58  162 15   0.70 0.01  0.0    5  1.7 11.9      4777
 4778 2021- 7-15 11:11     - 55  3  161 48  14.82 0.19  0.0    4 15.3  8.3      4778
 4779 2021- 7-15 11:12       55 14  161 49   6.25 0.03  0.0    4  1.9  3.9      4779
 4780 2021- 7-15 13:01     - 54 45  161 24   3.07 0.07  0.0    4  5.7 12.5      4780
 *** DISTANCE & RESIDUAL WEIGHTING CANCELLED FOR EVENT: 2021  7 15 13  3
 4781 2021- 7-15 13:02     - 55 17  162  4   1.39 0.72  0.0    4 59.1 51.2      4781
 4782 2021- 7-15 13:27     - 55 20  162 11   2.80 0.13  0.0    4  3.8 15.7      4782
 4783 2021- 7-15 13:38     - 54 55  162 25  10.73 0.05  0.0    4 11.2  5.8      4783
 4784 2021- 7-15 13:38     - 55 12  162 30   2.57 0.10  0.0    5 13.7  2.1      4784
 *** DISTANCE & RESIDUAL WEIGHTING CANCELLED FOR EVENT: 2021  7 15 16  0
 4785 2021- 7-15 15:59     - 55 25  162  5   3.04 0.59  0.0    4  3.7 48.2      4785
  SEQ ---DATE--- TIME REMARK -LAT-  --LON-  DEPTH  RMS PMAG  NUM  ERH  ERZ  ID
 4786 2021- 7-15 17:35     - 54 46  160 52  26.10 0.20  0.0   11 17.2  3.6      4786
 4787 2021- 7-15 17:35     - 54 33  160 22  14.09 0.25  0.0    9 17.4 11.3      4787
 4788 2021- 7-15 17:51     - 55  1  161 33  39.88 0.09  0.0    4 13.9  4.9      4788
 4789 2021- 7-15 18:54     - 54 42  160 56  26.13 0.19  0.0   11 16.4  3.5      4789
 4790 2021- 7-15 18:54     - 54 40  160 55  34.23 0.25  0.0    8 18.2 23.9      4790
 4791 2021- 7-15 19:11       54 49  163  9  69.69 0.08  0.0    8  4.7  2.2      4791
 *** DISTANCE & RESIDUAL WEIGHTING CANCELLED FOR EVENT: 2021  7 15 20  2
 4792 2021- 7-15 20:02     - 55 41  163 15   3.01 0.94  0.0    7 32.7 71.3      4792
 4793 2021- 7-15 20:47     - 55  0  162 17  11.09 0.04  0.0    4  5.1  9.1      4793
 *** DISTANCE & RESIDUAL WEIGHTING CANCELLED FOR EVENT: 2021  7 15 20 55
 4794 2021- 7-15 20:55     - 55 19  162  8   3.00 0.75  0.0    4 57.3 47.3      4794
 4795 2021- 7-15 23:15     - 54 47  163 23  38.78 0.19  0.0    5 12.4 13.6      4795
 4796 2021- 7-15 23:59     - 55 16  162  7  48.46 0.16  0.0    5  3.8 13.1      4796
 4797 2021- 7-16  0:42     - 55  3  161 10  25.62 0.21  0.0    9 18.0  7.7      4797
 4798 2021- 7-16  0:42     - 55 54  162 28   2.76 0.16  0.0    6 13.9  9.0      4798
 4799 2021- 7-16  0:42     - 54 35  163 21   0.09 0.58  0.0    5 37.1 26.2      4799
 *** DISTANCE & RESIDUAL WEIGHTING CANCELLED FOR EVENT: 2021  7 16  0 46
 4800 2021- 7-16  0:46     - 55  2  162 40  46.37 0.03  0.0    4  6.7  6.6      4800
  SEQ ---DATE--- TIME REMARK -LAT-  --LON-  DEPTH  RMS PMAG  NUM  ERH  ERZ  ID
 4801 2021- 7-16  1:26     # 55  8  163  5   0.91 0.65  0.0   11 15.4 32.7      4801
 *** DISTANCE & RESIDUAL WEIGHTING CANCELLED FOR EVENT: 2021  7 16  1 29
 4802 2021- 7-16  1:29     - 55 27  161 46  12.06 0.61  0.0    4 49.3 14.2      4802
 4803 2021- 7-16  4:08     - 55  2  161  6  27.04 0.24  0.0    9 19.3  9.5      4803
 4804 2021- 7-16  4:08     - 54 59  160 47  42.26 0.23  0.0    8 16.7  7.3      4804
 *** DISTANCE & RESIDUAL WEIGHTING CANCELLED FOR EVENT: 2021  7 16  4 56
 4805 2021- 7-16  4:56     # 55  1  162 20   2.46 0.00  0.0    4  2.3  1.6      4805
 4806 2021- 7-16  5:00     - 55  5  162 15   1.18 0.10  0.0    4  2.4 11.5      4806
 4807 2021- 7-16  5:00     - 54 59  162 18   2.77 0.01  0.0    4  5.4 11.0      4807
 *** DISTANCE & RESIDUAL WEIGHTING CANCELLED FOR EVENT: 2021  7 16  5 28
 4808 2021- 7-16  5:27     # 55 41  162 11   3.00 1.88  0.0    4 33.9 23.2      4808
 4809 2021- 7-16  5:49     - 55 34  161  2  17.02 0.35  0.0    7 24.3 31.5      4809
 4810 2021- 7-16  5:49       55 17  161 35  19.73 0.09  0.0    7  1.8  1.4      4810
 4811 2021- 7-16  7:28     - 54 47  160 52  34.13 0.24  0.0   11 18.1 22.8      4811
 4812 2021- 7-16  7:28     - 54 50  160 59  24.08 0.14  0.0    6 11.5  2.3      4812
 *** DISTANCE & RESIDUAL WEIGHTING CANCELLED FOR EVENT: 2021  7 16  8  0
 4813 2021- 7-16  7:59     # 55 23  162 19   3.01 0.69  0.0    6  4.7  6.5      4813
 4814 2021- 7-16  9:46     - 54 50  161  1  32.34 0.28  0.0   11 20.2 26.3      4814
 4815 2021- 7-16  9:46     - 54 44  160 59  29.71 0.14  0.0   10 12.3  2.1      4815
  SEQ ---DATE--- TIME REMARK -LAT-  --LON-  DEPTH  RMS PMAG  NUM  ERH  ERZ  ID
 4816 2021- 7-16 11:24     - 55  2  162 14   0.72 0.14  0.0    4  1.0 12.8      4816
 4817 2021- 7-16 13:21     - 55  1  163  7   2.84 0.04  0.0    4  5.5 11.8      4817
 4818 2021- 7-16 14:27     - 54 49  160 46   3.10 0.28  0.0   11 10.5 23.4      4818
 4819 2021- 7-16 14:27     - 54 48  160 45  33.67 0.19  0.0    7 15.2 20.2      4819
 4820 2021- 7-16 15:59     - 55 30  162 53   3.01 0.10  0.0    5  6.6 14.8      4820
 4821 2021- 7-16 17:46     - 54 49  161  1  28.65 0.24  0.0   11 18.0  3.2      4821
 4822 2021- 7-16 17:46     - 54 38  160 33  21.08 0.26  0.0   10 18.2  4.6      4822
 4823 2021- 7-16 19:00     - 55  5  162 27   3.25 0.12  0.0    4  6.8 14.5      4823
 4824 2021- 7-16 19:08     - 54 33  162 26   2.85 0.19  0.0    5 19.9 18.5      4824
 4825 2021- 7-16 19:12     - 55  5  161  5   4.14 0.05  0.0    5  5.3 11.3      4825
 4826 2021- 7-16 19:14     - 55  1  161 33   6.05 0.08  0.0    6  6.0 12.7      4826
 4827 2021- 7-16 19:15     # 55 30  162 16   0.02 0.46  0.0    6  2.8  6.4      4827
 4828 2021- 7-16 20:03     - 55  2  161  2   2.98 0.26  0.0    5 10.3 22.5      4828
 *** DISTANCE & RESIDUAL WEIGHTING CANCELLED FOR EVENT: 2021  7 16 20  4
 4829 2021- 7-16 20:04     # 55 20  161 32   4.82 0.69  0.0    5  5.0  6.1      4829
 4830 2021- 7-16 23:53     - 55 12  161 27  15.43 0.02  0.0    4 11.6  4.3      4830
  SEQ ---DATE--- TIME REMARK -LAT-  --LON-  DEPTH  RMS PMAG  NUM  ERH  ERZ  ID
 4831 2021- 7-16 23:53     - 55 35  161 37   2.29 0.07  0.0    4  5.8 12.4      4831
 *** DISTANCE & RESIDUAL WEIGHTING CANCELLED FOR EVENT: 2021  7 17  0  0
 4832 2021- 7-16 23:59     - 55 22  162 16   3.41 0.80  0.0    6  7.9 56.8      4832
 4833 2021- 7-17  1:01     - 55 24  161 13   6.50 0.18  0.0    7  8.4 17.7      4833
 *** DISTANCE & RESIDUAL WEIGHTING CANCELLED FOR EVENT: 2021  7 17  1  2
 4834 2021- 7-17  1:02     - 55 27  162 15   2.96 0.89  0.0    4 32.5 65.5      4834
 *** DISTANCE & RESIDUAL WEIGHTING CANCELLED FOR EVENT: 2021  7 17  1 13
 4835 2021- 7-17  1:13     - 55 23  162 12   3.00 0.72  0.0    4  6.7 56.8      4835
 4836 2021- 7-17  1:15       54 45  160 28   4.56 0.18  0.0   17  3.2  3.8      4836
 4837 2021- 7-17  1:29     - 55  2  161  2  31.15 0.20  0.0    9 18.2  1.6      4837
 4838 2021- 7-17  1:29     - 54 58  160 59  39.36 0.17  0.0    8 15.2  3.9      4838
 *** DISTANCE & RESIDUAL WEIGHTING CANCELLED FOR EVENT: 2021  7 17  1 29
 4839 2021- 7-17  1:29     # 55  5  162 40   0.05 0.86  0.0    4 34.7 37.1      4839
 4840 2021- 7-17  1:58     - 55  1  160 58  38.28 0.18  0.0    9 14.6  7.8      4840
 4841 2021- 7-17  1:58     - 54 37  163 22   1.85 0.18  0.0    4 13.8 11.3      4841
 4842 2021- 7-17  2:40     - 55 12  161 54  13.59 0.19  0.0    5  9.1 14.9      4842
 4843 2021- 7-17  3:34     - 54 33  161 17   3.02 0.53  0.0    9 36.9 46.0      4843
 4844 2021- 7-17  4:55     - 54 51  160 54  34.13 0.23  0.0   11 16.6 21.8      4844
 4845 2021- 7-17  4:55     - 54 49  160 53  33.07 0.09  0.0    7  8.9 14.7      4845
  SEQ ---DATE--- TIME REMARK -LAT-  --LON-  DEPTH  RMS PMAG  NUM  ERH  ERZ  ID
 4846 2021- 7-17  5:21     - 54 48  161  2  30.92 0.23  0.0   11 18.0  2.3      4846
 4847 2021- 7-17  5:21     - 54 45  160 54  34.15 0.40  0.0    9 21.2 33.0      4847
 *** DISTANCE & RESIDUAL WEIGHTING CANCELLED FOR EVENT: 2021  7 17  5 23
 4848 2021- 7-17  5:23     - 55 36  161 25   3.01 0.38  0.0    4  8.2 32.5      4848
 4849 2021- 7-17  5:23     - 54 55  160  8   0.60 0.10  0.0    4 11.3  9.8      4849
 4850 2021- 7-17  6:51       55 32  161 50   8.03 0.13  0.0    7  1.3  3.7      4850
 4851 2021- 7-17  7:17       54 55  162 10   1.33 0.08  0.0    7  1.6  2.4      4851
 4852 2021- 7-17  7:17     # 54 53  162 12   0.01 0.23  0.0    6  3.8  3.4      4852
 4853 2021- 7-17  7:59     - 55  2  162  3   3.00 0.07  0.0    4  1.6 13.9      4853
 *** DISTANCE & RESIDUAL WEIGHTING CANCELLED FOR EVENT: 2021  7 17  8 17
 4854 2021- 7-17  8:17     - 55 16  161 54   3.00 0.36  0.0    4  9.1 25.2      4854
 4855 2021- 7-17  9:06     - 54 43  163 30   2.91 0.05  0.0    4  6.6 11.9      4855
 *** DISTANCE & RESIDUAL WEIGHTING CANCELLED FOR EVENT: 2021  7 17  9  7
 4856 2021- 7-17  9:07     - 55 21  162  5   3.00 0.57  0.0    4 12.9 43.2      4856
 4857 2021- 7-17 10:23     - 54 45  162 37   6.41 0.09  0.0    7  6.0 13.1      4857
 4858 2021- 7-17 12:14     - 54 58  161 15  25.06 0.31  0.0   10 23.1 10.2      4858
 4859 2021- 7-17 12:14     - 54 50  161 11  31.47 0.28  0.0    5 22.8  2.2      4859
 4860 2021- 7-17 15:42     - 54 17  162  1  17.04 0.37  0.0   17  3.4 33.0      4860
 *** DISTANCE & RESIDUAL WEIGHTING CANCELLED FOR EVENT: 2021  7 17 16  0
  SEQ ---DATE--- TIME REMARK -LAT-  --LON-  DEPTH  RMS PMAG  NUM  ERH  ERZ  ID
 4861 2021- 7-17 15:59     - 55 25  162 15   3.00 0.62  0.0    5  4.8 43.1      4861
 4862 2021- 7-17 18:07     - 54 15  162 32  20.41 0.28  0.0    4 26.5 26.2      4862
 4863 2021- 7-17 20:27     - 55 12  162 21   2.73 0.05  0.0    5  5.1 12.1      4863
 4864 2021- 7-17 20:29     - 54 36  161 11  36.39 0.23  0.0   12  3.2 19.1      4864
 4865 2021- 7-17 20:29     - 54 35  161 13   3.02 0.24  0.0    7 19.0 23.2      4865
 4866 2021- 7-17 21:08     - 55 14  161 39  46.65 0.25  0.0    6  9.9 17.8      4866
 4867 2021- 7-17 21:47     - 55 18  160 30   3.04 0.25  0.0    4 21.9 22.4      4867
 4868 2021- 7-17 22:27     - 54 40  160 60  31.89 0.23  0.0   11 19.0 22.9      4868
 4869 2021- 7-17 22:27     - 54 21  160 41  40.17 0.31  0.0   11 24.4 26.1      4869
 *** DISTANCE & RESIDUAL WEIGHTING CANCELLED FOR EVENT: 2021  7 18  0  0
 4870 2021- 7-17 23:59     # 55 16  162 24   3.00 0.65  0.0    4  8.0  5.0      4870
 4871 2021- 7-18  0:17     - 54 43  163 40   3.01 0.11  0.0    5  6.4 13.9      4871
 4872 2021- 7-18  0:47     - 54 58  162  3   3.26 0.01  0.0    4  1.8 12.5      4872
 *** DISTANCE & RESIDUAL WEIGHTING CANCELLED FOR EVENT: 2021  7 18  1  1
 4873 2021- 7-18  1:01     - 55  9  162 18   3.00 0.88  0.0    4 57.6 44.4      4873
 4874 2021- 7-18  1:01     - 54 28  161 36   2.75 0.13  0.0   15  7.0 14.3      4874
 4875 2021- 7-18  3:22     # 55 27  162 20  18.59 1.52  0.0    8 10.0 50.5      4875
  SEQ ---DATE--- TIME REMARK -LAT-  --LON-  DEPTH  RMS PMAG  NUM  ERH  ERZ  ID
 4876 2021- 7-18  3:42     - 54 50  161 24  32.14 0.18  0.0    6 16.6  1.4      4876
 *** DISTANCE & RESIDUAL WEIGHTING CANCELLED FOR EVENT: 2021  7 18  3 43
 4877 2021- 7-18  3:43     - 54 50  161 19  13.67 0.34  0.0    5 22.9  5.0      4877
 4878 2021- 7-18  5:26     - 55  4  162 51   2.57 0.15  0.0    6  1.5 17.4      4878
 4879 2021- 7-18  7:26     - 55 42  162 55   3.05 0.07  0.0    4  5.8 12.4      4879
 4880 2021- 7-18  7:59     - 55 18  162  2  49.74 0.13  0.0    5  3.1 13.0      4880
 4881 2021- 7-18 10:33     - 55 38  162 37   0.44 0.28  0.0    4 13.6 22.7      4881
 4882 2021- 7-18 11:27     - 54 39  161 54   2.86 0.19  0.0   16  7.0 14.7      4882
 4883 2021- 7-18 11:54     - 54 58  162 13   3.60 0.04  0.0    4  3.1 12.5      4883
 4884 2021- 7-18 12:55     - 55 14  161 51   5.50 0.02  0.0    4  7.4  5.7      4884
 4885 2021- 7-18 13:01       55 29  161 32   3.76 0.11  0.0   15  0.6  1.6      4885
 4886 2021- 7-18 14:33       54 52  161 42  15.59 0.06  0.0    7  3.0  6.9      4886
 4887 2021- 7-18 15:22     - 54 27  161  0   3.10 0.15  0.0   10  6.5 11.8      4887
 4888 2021- 7-18 15:22     - 54 59  162 41   2.85 0.03  0.0    4 10.3  6.5      4888
 4889 2021- 7-18 15:22     - 55  9  161 27   6.46 0.05  0.0    6 10.3 13.0      4889
 4890 2021- 7-18 15:59     - 55  9  161  9   6.47 0.21  0.0    8 16.0 21.1      4890
  SEQ ---DATE--- TIME REMARK -LAT-  --LON-  DEPTH  RMS PMAG  NUM  ERH  ERZ  ID
 4891 2021- 7-18 15:59     - 55  4  161  4   3.02 0.18  0.0    5 15.4 19.1      4891
 4892 2021- 7-18 15:59     - 55 20  162 10  77.82 0.15  0.0    9  5.0 15.2      4892
 4893 2021- 7-18 16:10       55 20  161 40   5.77 0.06  0.0    6  2.5  1.1      4893
 *** DISTANCE & RESIDUAL WEIGHTING CANCELLED FOR EVENT: 2021  7 18 16 11
 4894 2021- 7-18 16:11     - 54 55  160 46   2.99 0.53  0.0    4 18.8 41.0      4894
 4895 2021- 7-18 16:11     # 55 31  162 36   0.02 0.05  0.0    4  2.0  5.3      4895
 4896 2021- 7-18 17:08     - 55 20  160 59  32.46 0.09  0.0    9 12.4  0.7      4896
 *** DISTANCE & RESIDUAL WEIGHTING CANCELLED FOR EVENT: 2021  7 18 17  8
 4897 2021- 7-18 17:08     - 55 32  160 24   3.01 0.75  0.0    4 43.6 62.7      4897
 4898 2021- 7-18 17:55     - 55  3  161 30  28.14 0.28  0.0    5 19.9  9.6      4898
 4899 2021- 7-18 17:55     - 55 52  162 26   3.06 0.06  0.0    5  9.2  6.1      4899
 4900 2021- 7-18 20:41       54 57  160 55  12.52 0.01  0.0    5  1.5  1.3      4900
 4901 2021- 7-18 20:52     # 55 27  161 56   7.16 1.64  0.0    4 16.9 39.9      4901
 4902 2021- 7-18 22:16       55  1  162 18  12.00 0.05  0.0    5  4.0  6.1      4902
 4903 2021- 7-18 22:16       55  0  162 26  20.72 0.00  0.0    4  6.0  5.7      4903
 *** DISTANCE & RESIDUAL WEIGHTING CANCELLED FOR EVENT: 2021  7 18 22 45
 4904 2021- 7-18 22:45     # 54 60  162 15   0.75 0.41  0.0    6  3.1  7.1      4904
 4905 2021- 7-18 23:53     - 55  1  162 17   2.43 0.01  0.0    4  2.1  9.1      4905
  SEQ ---DATE--- TIME REMARK -LAT-  --LON-  DEPTH  RMS PMAG  NUM  ERH  ERZ  ID
 4906 2021- 7-18 23:59     - 55 18  162 14  53.15 0.18  0.0    7  6.7 14.0      4906
 4907 2021- 7-19  0:00     - 54 29  161 43   2.47 0.21  0.0    7  9.0 19.1      4907
 4908 2021- 7-19  1:07     - 55  1  162  9   2.94 0.00  0.0    4  1.0 12.4      4908
 *** DISTANCE & RESIDUAL WEIGHTING CANCELLED FOR EVENT: 2021  7 19  1 36
 4909 2021- 7-19  1:35     - 55 57  160 45  10.64 0.61  0.0    6 36.8 31.4      4909
 *** DISTANCE & RESIDUAL WEIGHTING CANCELLED FOR EVENT: 2021  7 19  1 45
 4910 2021- 7-19  1:45     - 55 22  162  4   1.50 0.47  0.0    4 33.5 17.1      4910
 4911 2021- 7-19  1:55     - 54 26  161 15   3.03 0.09  0.0    5  6.1 13.2      4911
 4912 2021- 7-19  2:06     - 54 44  162 37   7.95 0.06  0.0    7  2.1 10.0      4912
 *** DISTANCE & RESIDUAL WEIGHTING CANCELLED FOR EVENT: 2021  7 19  2 15
 4913 2021- 7-19  2:15     # 55 27  161 41   0.37 0.69  0.0    4 10.1 41.4      4913
 *** DISTANCE & RESIDUAL WEIGHTING CANCELLED FOR EVENT: 2021  7 19  2 44
 4914 2021- 7-19  2:44     - 55  8  162 20   1.46 0.54  0.0    4  6.6 45.5      4914
 4915 2021- 7-19  2:49     - 54 28  162  6   2.50 0.36  0.0    8 13.7 29.4      4915
 *** DISTANCE & RESIDUAL WEIGHTING CANCELLED FOR EVENT: 2021  7 19  3  5
 4916 2021- 7-19  3:05     - 55 33  161 48   3.34 0.28  0.0    4  7.1 24.6      4916
 *** DISTANCE & RESIDUAL WEIGHTING CANCELLED FOR EVENT: 2021  7 19  3 45
 4917 2021- 7-19  3:45     - 55 28  163 10   2.99 0.27  0.0    4 19.9 23.3      4917
 *** DISTANCE & RESIDUAL WEIGHTING CANCELLED FOR EVENT: 2021  7 19  5 16
 4918 2021- 7-19  5:16     # 55 23  161 52   9.65 1.18  0.0    5 10.5 49.4      4918
 4919 2021- 7-19  5:28       54 28  162 53   6.86 0.12  0.0    8  2.5  4.8      4919
 *** DISTANCE & RESIDUAL WEIGHTING CANCELLED FOR EVENT: 2021  7 19  5 55
 4920 2021- 7-19  5:55     - 55 16  161 58   0.74 1.03  0.0    4 81.9 72.4      4920
 *** DISTANCE & RESIDUAL WEIGHTING CANCELLED FOR EVENT: 2021  7 19  6  6
  SEQ ---DATE--- TIME REMARK -LAT-  --LON-  DEPTH  RMS PMAG  NUM  ERH  ERZ  ID
 4921 2021- 7-19  6:06     - 55 16  161 39   1.51 0.54  0.0    4 30.7 36.5      4921
 *** DISTANCE & RESIDUAL WEIGHTING CANCELLED FOR EVENT: 2021  7 19  6 49
 4922 2021- 7-19  6:49     - 55  3  161 47  19.06 1.22  0.0    5 72.9 29.8      4922
 4923 2021- 7-19  6:50     - 55 17  162 40  11.83 0.10  0.0    4  7.4 11.6      4923
 *** DISTANCE & RESIDUAL WEIGHTING CANCELLED FOR EVENT: 2021  7 19  6 50
 4924 2021- 7-19  6:50     # 55  9  161 59  11.31 1.60  0.0    6  6.8 20.0      4924
 4925 2021- 7-19  7:59     - 55 25  162 18  10.60 0.38  0.0    4  3.6 29.5      4925
 *** DISTANCE & RESIDUAL WEIGHTING CANCELLED FOR EVENT: 2021  7 19 10 31
 4926 2021- 7-19 10:31     - 55 24  161 56   1.50 0.39  0.0    4  8.2 26.2      4926
 4927 2021- 7-19 10:48     - 55 26  161 51   0.75 0.07  0.0    4  0.9 10.6      4927
 4928 2021- 7-19 10:54       55 23  161 47   6.96 0.09  0.0    6  1.2  2.1      4928
 4929 2021- 7-19 11:01       54 36  160 39  10.22 0.18  0.0   16  1.6  2.4      4929
 4930 2021- 7-19 11:01     # 55 13  162  8   4.47 0.11  0.0    5  1.1  2.2      4930
 4931 2021- 7-19 11:02     - 54 36  160 43   2.43 0.13  0.0   12  6.6 14.1      4931
 4932 2021- 7-19 11:02     - 54 52  161 11  12.93 0.26  0.0    7 18.7  2.4      4932
 4933 2021- 7-19 11:38     - 54 44  163 34   3.03 0.03  0.0    5  5.3 11.6      4933
 4934 2021- 7-19 13:46     - 54 58  162 14   0.71 0.06  0.0    6  1.3 13.3      4934
 *** DISTANCE & RESIDUAL WEIGHTING CANCELLED FOR EVENT: 2021  7 19 13 46
 4935 2021- 7-19 13:46     - 55 16  161 58   7.18 0.01  0.0    4  1.5  9.8      4935
  SEQ ---DATE--- TIME REMARK -LAT-  --LON-  DEPTH  RMS PMAG  NUM  ERH  ERZ  ID
 4936 2021- 7-19 13:46     - 54  1  160 47   6.41 0.43  0.0    4 28.0 23.5      4936
 4937 2021- 7-19 13:50     - 54 45  163 24   2.99 0.02  0.0    5  5.3 11.5      4937
 4938 2021- 7-19 13:53       55 17  161 42  18.43 0.07  0.0    6  3.0  1.5      4938
 4939 2021- 7-19 14:05       55 15  162 35   4.40 0.00  0.0    4  3.1  2.9      4939
 4940 2021- 7-19 14:13     - 54 33  161 35   4.13 0.69  0.0   16 21.3 45.0      4940
 4941 2021- 7-19 15:59     - 55 47  161  8   3.00 0.56  0.0    7 39.0 48.3      4941
 4942 2021- 7-19 16:35     - 55  6  162 31   2.85 0.02  0.0    4  5.4 11.4      4942
 *** DISTANCE & RESIDUAL WEIGHTING CANCELLED FOR EVENT: 2021  7 19 16 48
 4943 2021- 7-19 16:48     - 55 16  162 30   3.00 0.92  0.0    4 66.4  8.6      4943
 *** DISTANCE & RESIDUAL WEIGHTING CANCELLED FOR EVENT: 2021  7 19 17 40
 4944 2021- 7-19 17:40     - 55 23  161 53   3.05 0.39  0.0    4  8.0 32.8      4944
 4945 2021- 7-19 18:54     - 55 19  162 40   2.21 0.15  0.0    4  8.3 15.9      4945
 4946 2021- 7-19 20:07     # 55 22  161 38   2.20 0.63  0.0    5 10.4 19.7      4946
 4947 2021- 7-19 20:12     - 55  3  161 46  15.29 0.19  0.0    5 15.8  7.3      4947
 *** DISTANCE & RESIDUAL WEIGHTING CANCELLED FOR EVENT: 2021  7 19 20 12
 4948 2021- 7-19 20:12     # 55  8  161 54  10.83 0.99  0.0    6 17.5 16.8      4948
 *** DISTANCE & RESIDUAL WEIGHTING CANCELLED FOR EVENT: 2021  7 19 20 12
 4949 2021- 7-19 20:12     - 55  8  161 54   3.00 0.55  0.0    4  5.4 43.3      4949
 4950 2021- 7-19 22:44     - 54 50  161 10  31.13 0.20  0.0    8 18.1  2.1      4950
  SEQ ---DATE--- TIME REMARK -LAT-  --LON-  DEPTH  RMS PMAG  NUM  ERH  ERZ  ID
 4951 2021- 7-19 22:44     - 54 40  161 10  27.63 0.34  0.0    8 24.4  4.5      4951
 4952 2021- 7-19 23:59     - 55 30  162 50   2.40 0.06  0.0    4  7.1 13.4      4952
 4953 2021- 7-20  7:18     - 54 51  161 32  19.01 0.13  0.0    6 13.1  6.1      4953
 *** DISTANCE & RESIDUAL WEIGHTING CANCELLED FOR EVENT: 2021  7 20  8  0
 4954 2021- 7-20  7:59     # 55 22  162  2   3.00 0.51  0.0    4  3.4 25.3      4954
 4955 2021- 7-20 14:22     - 55 13  163 15   2.96 0.11  0.0    4  6.5 14.3      4955
 *** DISTANCE & RESIDUAL WEIGHTING CANCELLED FOR EVENT: 2021  7 20 15 35
 4956 2021- 7-20 15:35     - 55 39  163  4   2.32 0.45  0.0    4 16.5 35.6      4956
 *** DISTANCE & RESIDUAL WEIGHTING CANCELLED FOR EVENT: 2021  7 20 15 48
 4957 2021- 7-20 15:48     - 54 30  162 27   2.94 0.56  0.0    4 47.2 43.7      4957
 *** DISTANCE & RESIDUAL WEIGHTING CANCELLED FOR EVENT: 2021  7 20 20 46
 4958 2021- 7-20 20:46     - 54 59  162 21   2.99 0.35  0.0    4 29.9  3.5      4958
 4959 2021- 7-20 22:44     - 54 45  163 35   2.98 0.02  0.0    4  7.1 11.4      4959
 *** DISTANCE & RESIDUAL WEIGHTING CANCELLED FOR EVENT: 2021  7 21  0  0
 4960 2021- 7-20 23:59     # 55 18  162  3   3.00 0.58  0.0    5  4.6 10.4      4960
 4961 2021- 7-21  3:03     - 55  6  163 20   0.70 0.98  0.0   11 30.9 65.4      4961
 4962 2021- 7-21  3:57     - 54 30  161 43   2.17 0.14  0.0    6  7.2 15.2      4962
 4963 2021- 7-21  4:05     - 54 41  160 45   2.83 0.17  0.0   16  7.1 15.2      4963
 4964 2021- 7-21  6:38     - 54 48  161  4  27.03 0.18  0.0   11 14.5  3.1      4964
 4965 2021- 7-21  6:39       55  2  161 47   9.66 0.04  0.0    5  2.5  1.7      4965
  SEQ ---DATE--- TIME REMARK -LAT-  --LON-  DEPTH  RMS PMAG  NUM  ERH  ERZ  ID
 4966 2021- 7-21  6:50       55 10  161 34  33.74 0.05  0.0    5  2.2  2.1      4966
 4967 2021- 7-21  7:59     - 55 17  162  4   3.01 0.04  0.0    4  1.4 12.9      4967
 4968 2021- 7-21  9:29     - 54 19  162 21  41.79 0.36  0.0    4  8.7 27.2      4968
 4969 2021- 7-21 12:41     - 54 34  163 18   2.55 0.09  0.0    6  6.0 13.2      4969
 *** DISTANCE & RESIDUAL WEIGHTING CANCELLED FOR EVENT: 2021  7 21 16  0
 4970 2021- 7-21 15:59     # 55 19  162 12   3.00 0.76  0.0    7  6.3 42.7      4970
 4971 2021- 7-21 20:31     - 54 30  161 45   3.12 0.17  0.0   14  7.6 16.3      4971
 4972 2021- 7-21 23:59     - 55 17  162  3  48.34 0.13  0.0    7  3.0 13.3      4972
 4973 2021- 7-22  0:25     - 55  7  161 22   8.91 0.09  0.0    4 11.8 11.5      4973
 *** DISTANCE & RESIDUAL WEIGHTING CANCELLED FOR EVENT: 2021  7 22  0 25
 4974 2021- 7-22  0:25     - 55 20  161 47  23.70 0.39  0.0    5 20.9 18.7      4974
 4975 2021- 7-22  1:40     - 54 38  161 13   2.94 0.22  0.0   18  7.5 16.0      4975
 4976 2021- 7-22  6:48     - 55 50  161 25   3.14 0.05  0.0    4  5.7 12.0      4976
 4977 2021- 7-22  7:22     - 54 23  162  5   2.63 0.14  0.0   11  7.1 15.4      4977
 *** DISTANCE & RESIDUAL WEIGHTING CANCELLED FOR EVENT: 2021  7 22  7 28
 4978 2021- 7-22  7:28     # 55  7  161 33   9.51 2.19  0.0    5 50.1 63.2      4978
 4979 2021- 7-22  7:59     - 55 25  161 55  49.45 0.03  0.0    6  4.2 12.4      4979
 4980 2021- 7-22  9:04       55 19  161 56   6.90 0.12  0.0    5  1.3  2.6      4980
  SEQ ---DATE--- TIME REMARK -LAT-  --LON-  DEPTH  RMS PMAG  NUM  ERH  ERZ  ID
 4981 2021- 7-22 13:12     # 54 48  162  8   0.05 0.12  0.0   10  6.1  1.6      4981
 4982 2021- 7-22 13:13     - 54 56  162 13   1.28 0.48  0.0    4 37.9 24.8      4982
 *** DISTANCE & RESIDUAL WEIGHTING CANCELLED FOR EVENT: 2021  7 22 14 22
 4983 2021- 7-22 14:22     # 55  2  162 17   0.05 0.61  0.0    8 17.9  6.6      4983
 4984 2021- 7-22 14:22     - 54 40  162 20   3.07 0.15  0.0    4 15.0 15.7      4984
 4985 2021- 7-22 15:24     - 55 10  161 56   0.71 0.05  0.0    4  1.1  9.9      4985
 *** DISTANCE & RESIDUAL WEIGHTING CANCELLED FOR EVENT: 2021  7 22 15 54
 4986 2021- 7-22 15:54     - 55  3  162  9  10.19 0.35  0.0    4 31.8 29.7      4986
 4987 2021- 7-22 20:06     - 55 22  163 14   2.77 0.24  0.0    5  8.1 18.2      4987
 4988 2021- 7-22 22:02       55 10  162 19   5.06 0.12  0.0   15  0.9  0.4      4988
 4989 2021- 7-22 22:11     - 54 58  162 10   1.57 0.02  0.0    4  1.9 12.3      4989
 *** DISTANCE & RESIDUAL WEIGHTING CANCELLED FOR EVENT: 2021  7 22 22 11
 4990 2021- 7-22 22:11     - 54 58  162 27   0.01 0.25  0.0    4 13.6 24.0      4990
 4991 2021- 7-22 23:59     - 55 28  161 51   2.88 0.05  0.0    4  1.2 10.4      4991
 4992 2021- 7-23  9:54     - 54 32  163 16   3.16 0.13  0.0    6  6.8 14.9      4992
 4993 2021- 7-23 12:04     - 55 14  161 28   5.17 0.01  0.0    4 10.6  2.6      4993
 4994 2021- 7-23 12:09       55 14  161 39  33.14 0.10  0.0    5  6.5  5.0      4994
 4995 2021- 7-23 12:49     - 55  8  161 39   1.95 0.05  0.0    4 12.6  2.9      4995
  SEQ ---DATE--- TIME REMARK -LAT-  --LON-  DEPTH  RMS PMAG  NUM  ERH  ERZ  ID
 4996 2021- 7-23 12:49     - 55 23  161 49   0.46 0.04  0.0    4  1.3  9.2      4996
 *** DISTANCE & RESIDUAL WEIGHTING CANCELLED FOR EVENT: 2021  7 23 16  0
 4997 2021- 7-23 15:59     # 55 30  161 59   3.01 3.47  0.0    4 36.2 17.9      4997
 *** DISTANCE & RESIDUAL WEIGHTING CANCELLED FOR EVENT: 2021  7 23 16 50
 4998 2021- 7-23 16:49     - 55 49  162 43   3.34 0.30  0.0    4 11.6 25.2      4998
 4999 2021- 7-23 17:05       55 44  161 56   6.09 0.19  0.0   12  3.2  2.9      4999
 *** DISTANCE & RESIDUAL WEIGHTING CANCELLED FOR EVENT: 2021  7 23 18 32
 5000 2021- 7-23 18:32     # 55 26  161 49   3.01 0.69  0.0    4  7.9 40.0      5000
 *** DISTANCE & RESIDUAL WEIGHTING CANCELLED FOR EVENT: 2021  7 23 21  0
 5001 2021- 7-23 20:59     - 54 44  161 51   3.01 0.29  0.0    4 23.5 27.4      5001
 *** DISTANCE & RESIDUAL WEIGHTING CANCELLED FOR EVENT: 2021  7 23 22 14
 5002 2021- 7-23 22:14     - 55 10  161 55   2.63 0.40  0.0    4  9.7 28.4      5002
 5003 2021- 7-23 22:52     - 54 54  161 23  25.46 0.23  0.0    8 18.5  8.5      5003
 5004 2021- 7-23 22:52     - 54 38  161  5   9.87 0.21  0.0    9 16.0  3.6      5004
 *** DISTANCE & RESIDUAL WEIGHTING CANCELLED FOR EVENT: 2021  7 24  0  0
 5005 2021- 7-23 23:59     - 55 23  162 18   3.00 0.32  0.0    4  4.9 27.8      5005
 5006 2021- 7-24  0:23     # 54 53  162 10   0.01 2.58  0.0   11 12.0 22.5      5006
 5007 2021- 7-24  1:26     - 55 45  161 55   1.47 0.15  0.0    5  2.7 16.8      5007
 5008 2021- 7-24  2:11     - 55  1  161 41  21.20 0.13  0.0    6 13.7  4.5      5008
 *** DISTANCE & RESIDUAL WEIGHTING CANCELLED FOR EVENT: 2021  7 24  2 11
 5009 2021- 7-24  2:11     - 55  7  161 58   1.99 0.75  0.0    5 15.6 50.9      5009
 5010 2021- 7-24  5:02     - 54 51  163  1   3.05 0.15  0.0    4  7.7 16.2      5010
 *** DISTANCE & RESIDUAL WEIGHTING CANCELLED FOR EVENT: 2021  7 24  8  0
  SEQ ---DATE--- TIME REMARK -LAT-  --LON-  DEPTH  RMS PMAG  NUM  ERH  ERZ  ID
 5011 2021- 7-24  7:59     - 55 16  162  4   3.04 0.62  0.0    4  3.6 52.9      5011
 5012 2021- 7-24  9:23     - 54 22  161 25   4.01 0.16  0.0   10  5.4 12.9      5012
 5013 2021- 7-24  9:23     - 54 58  162 39   2.82 0.02  0.0    4 10.2  6.5      5013
 5014 2021- 7-24  9:24     - 55  9  161 41   7.01 0.20  0.0    5 14.2 16.9      5014
 *** DISTANCE & RESIDUAL WEIGHTING CANCELLED FOR EVENT: 2021  7 24 13  8
 5015 2021- 7-24 13:08     - 55 16  162 16   2.98 0.20  0.0    4  1.7 19.3      5015
 5016 2021- 7-24 13:15     - 55 24  161 53   0.64 0.10  0.0    6  0.8 10.8      5016
 5017 2021- 7-24 13:22     - 55 24  161 53   0.50 0.11  0.0    6  0.8 11.5      5017
 5018 2021- 7-24 14:37     - 54 47  161  5  28.96 0.15  0.0   10 13.2  2.1      5018
 5019 2021- 7-24 14:37     - 54 37  160 47  25.66 0.25  0.0    7 19.2  3.4      5019
 5020 2021- 7-24 14:49     # 55  7  161 56   5.76 0.17  0.0    7  2.1  0.7      5020
 *** DISTANCE & RESIDUAL WEIGHTING CANCELLED FOR EVENT: 2021  7 24 14 49
 5021 2021- 7-24 14:49     - 55  1  162 12  16.43 0.10  0.0    4  9.8  3.6      5021
 5022 2021- 7-24 14:49       55 20  161 54   3.88 0.01  0.0    5  1.4  1.8      5022
 5023 2021- 7-24 17:14     - 55 37  161 30   2.47 0.26  0.0    7  2.0 22.3      5023
 5024 2021- 7-24 17:27     - 55 27  161 48   1.15 0.66  0.0    5  4.2 48.2      5024
 5025 2021- 7-24 17:53     - 54 53  162 60   3.24 0.01  0.0    4  5.3 11.4      5025
 *** DISTANCE & RESIDUAL WEIGHTING CANCELLED FOR EVENT: 2021  7 24 18 34
  SEQ ---DATE--- TIME REMARK -LAT-  --LON-  DEPTH  RMS PMAG  NUM  ERH  ERZ  ID
 5026 2021- 7-24 18:34     # 55 18  162  7   3.00 0.20  0.0    4  1.5  5.4      5026
 5027 2021- 7-24 18:53     - 54 58  161 39  19.87 0.17  0.0    8 14.3  4.1      5027
 *** DISTANCE & RESIDUAL WEIGHTING CANCELLED FOR EVENT: 2021  7 24 18 54
 5028 2021- 7-24 18:53     - 54 31  161 33  30.36 0.25  0.0    4 20.3  2.9      5028
 5029 2021- 7-24 21:20     - 55  2  160 37   3.00 0.24  0.0    9 21.1 23.1      5029
 5030 2021- 7-24 21:20     - 55 56  162 21   3.05 0.10  0.0    5 12.0 14.9      5030
 5031 2021- 7-24 22:52     - 54 27  163 12   3.11 0.13  0.0    5  6.9 15.1      5031
 *** DISTANCE & RESIDUAL WEIGHTING CANCELLED FOR EVENT: 2021  7 24 23 25
 5032 2021- 7-24 23:24     - 55 32  161  7   2.98 0.42  0.0    4 15.8 34.1      5032
 5033 2021- 7-24 23:34       54 35  161 10  26.19 0.10  0.0   12  1.5  1.1      5033
 5034 2021- 7-24 23:59     - 55 24  161 55  45.70 0.02  0.0    4  3.6 12.4      5034
 5035 2021- 7-25  2:34     - 55 26  161 53   3.84 0.01  0.0    4  2.1  9.2      5035
 5036 2021- 7-25  3:05     - 54 52  161  6  35.62 0.23  0.0    8 20.7 12.9      5036
 5037 2021- 7-25  3:05     - 54 40  160 47  20.96 0.19  0.0    8 13.5  3.7      5037
 5038 2021- 7-25  3:23     - 55 11  163 30   1.08 0.79  0.0    9 28.5 59.4      5038
 5039 2021- 7-25  3:45     - 54 60  162 19   2.90 0.01  0.0    4  4.5 10.9      5039
 *** DISTANCE & RESIDUAL WEIGHTING CANCELLED FOR EVENT: 2021  7 25  3 45
 5040 2021- 7-25  3:45     # 54 59  162 24   5.89 0.50  0.0    5  6.6  1.7      5040
  SEQ ---DATE--- TIME REMARK -LAT-  --LON-  DEPTH  RMS PMAG  NUM  ERH  ERZ  ID
 5041 2021- 7-25  5:01     - 54 44  163 29   3.01 0.02  0.0    5  5.2 11.4      5041
 5042 2021- 7-25  5:31     - 55 15  161 46  57.01 0.20  0.0    7  7.0 16.0      5042
 5043 2021- 7-25  5:32     - 55  4  162  4   4.50 0.17  0.0    4  7.9 17.0      5043
 5044 2021- 7-25  6:24     - 54 43  161 12   3.00 0.18  0.0    7 15.8 19.5      5044
 5045 2021- 7-25  6:24     - 54 38  161  9  17.05 0.23  0.0    6 15.9 22.9      5045
 5046 2021- 7-25  6:26     - 54 39  160 58  22.66 0.19  0.0   10 17.2  4.5      5046
 5047 2021- 7-25  6:26     - 54 23  160 48  44.22 0.17  0.0    7 12.9 11.5      5047
 5048 2021- 7-25  8:04     - 54 58  162 21  13.38 0.01  0.0    4  7.9  8.8      5048
 *** DISTANCE & RESIDUAL WEIGHTING CANCELLED FOR EVENT: 2021  7 25  8  4
 5049 2021- 7-25  8:03     - 54  8  160 53  14.27 0.17  0.0    4 14.7 11.2      5049
 *** DISTANCE & RESIDUAL WEIGHTING CANCELLED FOR EVENT: 2021  7 25  9 27
 5050 2021- 7-25  9:27     # 55 18  162 39   2.07 0.39  0.0    4 10.6 14.4      5050
 5051 2021- 7-25  9:49     - 55  3  161 24  25.19 0.22  0.0    7 18.2  5.6      5051
 5052 2021- 7-25  9:49     - 55  2  161 36  40.31 0.10  0.0    4 13.7  4.4      5052
 *** DISTANCE & RESIDUAL WEIGHTING CANCELLED FOR EVENT: 2021  7 25 10  2
 5053 2021- 7-25 10:02     - 55 42  161 22   3.00 0.82  0.0    5 19.6 46.4      5053
 5054 2021- 7-25 10:21     - 54 54  160 57  32.22 0.21  0.0    9 16.4  2.0      5054
 5055 2021- 7-25 10:21     - 54 45  160 52  29.43 0.13  0.0    7 12.0  2.2      5055
  SEQ ---DATE--- TIME REMARK -LAT-  --LON-  DEPTH  RMS PMAG  NUM  ERH  ERZ  ID
 5056 2021- 7-25 10:32     - 54 55  161 21   6.75 0.16  0.0    5 16.0 18.3      5056
 *** DISTANCE & RESIDUAL WEIGHTING CANCELLED FOR EVENT: 2021  7 25 12  5
 5057 2021- 7-25 12:04     - 55 30  162 16   2.44 0.14  0.0    4  4.7 16.7      5057
 5058 2021- 7-25 12:08       55 18  161 49  22.40 0.01  0.0    4  5.9  1.9      5058
 5059 2021- 7-25 12:12     - 55 21  161 18   1.20 0.23  0.0    6  5.4 22.1      5059
 5060 2021- 7-25 12:23       55 19  161 51  16.88 0.03  0.0    5  4.6  1.8      5060
 *** DISTANCE & RESIDUAL WEIGHTING CANCELLED FOR EVENT: 2021  7 25 12 27
 5061 2021- 7-25 12:27     # 55 23  161 47  21.38 0.97  0.0    5 19.6 14.0      5061
 5062 2021- 7-25 12:38     - 54 45  161  9  30.90 0.18  0.0    6 18.3  2.1      5062
 5063 2021- 7-25 12:39     - 54 52  161 18  31.73 0.15  0.0    5 15.7  2.1      5063
 5064 2021- 7-25 12:47     - 54 57  161  9  27.93 0.23  0.0    9 18.4  9.4      5064
 5065 2021- 7-25 12:47     - 54 42  160 44  24.27 0.27  0.0   10 17.4  4.2      5065
 5066 2021- 7-25 13:57     # 54 54  161 31   0.02 0.14  0.0    4 10.8  2.0      5066
 5067 2021- 7-25 14:40     - 54 37  161 51   3.14 0.33  0.0    9 10.5 26.7      5067
 *** DISTANCE & RESIDUAL WEIGHTING CANCELLED FOR EVENT: 2021  7 25 14 40
 5068 2021- 7-25 14:40     - 55  8  162 52   1.38 0.49  0.0    4 36.1  7.0      5068
 *** DISTANCE & RESIDUAL WEIGHTING CANCELLED FOR EVENT: 2021  7 25 15 53
 5069 2021- 7-25 15:53     - 55 28  161 57   3.00 1.00  0.0    4 22.4 76.9      5069
 5070 2021- 7-25 16:25       54 57  162 12   3.76 0.02  0.0    6  1.0  2.1      5070
 *** DISTANCE & RESIDUAL WEIGHTING CANCELLED FOR EVENT: 2021  7 25 16 25
  SEQ ---DATE--- TIME REMARK -LAT-  --LON-  DEPTH  RMS PMAG  NUM  ERH  ERZ  ID
 5071 2021- 7-25 16:25     # 55  7  162  9   3.00 2.95  0.0    4 23.2 27.2      5071
 5072 2021- 7-25 16:25     - 55 22  161 51   1.65 0.05  0.0    5  2.3  9.7      5072
 *** DISTANCE & RESIDUAL WEIGHTING CANCELLED FOR EVENT: 2021  7 25 17 25
 5073 2021- 7-25 17:25     - 54 44  160 40   3.00 1.03  0.0    4 53.4 64.1      5073
 5074 2021- 7-25 18:15     - 54 31  161 32   2.94 0.05  0.0    4  9.9 12.1      5074
 5075 2021- 7-25 18:59     - 54 56  162  2   2.96 0.01  0.0    4  2.3 12.5      5075
 5076 2021- 7-25 19:30     - 55  8  160 32   1.47 0.53  0.0    7 19.4 40.3      5076
 5077 2021- 7-25 19:36     - 55 13  161 56   2.88 0.03  0.0    4  5.0 11.1      5077
 *** DISTANCE & RESIDUAL WEIGHTING CANCELLED FOR EVENT: 2021  7 25 20 34
 5078 2021- 7-25 20:33     - 55 27  162 48  38.09 0.20  0.0    4 12.7 16.4      5078
 5079 2021- 7-25 20:36     - 55 24  161 53   0.58 0.14  0.0    6  0.8 13.0      5079
 *** DISTANCE & RESIDUAL WEIGHTING CANCELLED FOR EVENT: 2021  7 25 22 15
 5080 2021- 7-25 22:15     # 55  9  161 54   6.07 0.61  0.0    5  9.0  6.3      5080
 *** DISTANCE & RESIDUAL WEIGHTING CANCELLED FOR EVENT: 2021  7 25 22 15
 5081 2021- 7-25 22:15     # 55 21  162 37   2.82 0.48  0.0    4 11.9 22.9      5081
 5082 2021- 7-25 23:50     - 55  0  162 14   5.46 0.02  0.0    4  6.4  6.6      5082
 5083 2021- 7-25 23:51     - 54 60  162 15   2.68 0.02  0.0    4  2.6 12.1      5083
 *** DISTANCE & RESIDUAL WEIGHTING CANCELLED FOR EVENT: 2021  7 26  1  8
 5084 2021- 7-26  1:08     # 55 29  161 48   3.00 0.88  0.0    4 11.4 36.5      5084
 *** DISTANCE & RESIDUAL WEIGHTING CANCELLED FOR EVENT: 2021  7 26  2 56
 5085 2021- 7-26  2:56     - 55 16  162  2   1.45 0.87  0.0    4 71.0 60.7      5085
  SEQ ---DATE--- TIME REMARK -LAT-  --LON-  DEPTH  RMS PMAG  NUM  ERH  ERZ  ID
 5086 2021- 7-26  3:54     - 54 53  161 27  25.44 0.13  0.0    7 14.8  4.6      5086
 5087 2021- 7-26  3:55     - 54 47  161  9   3.06 0.33  0.0    4 27.3 29.2      5087
 *** DISTANCE & RESIDUAL WEIGHTING CANCELLED FOR EVENT: 2021  7 26  4  4
 5088 2021- 7-26  4:04     - 55  3  162  6   2.50 0.91  0.0    4 12.2 75.5      5088
 *** DISTANCE & RESIDUAL WEIGHTING CANCELLED FOR EVENT: 2021  7 26  4 52
 5089 2021- 7-26  4:51     # 54 60  162  8   3.01 0.24  0.0    4  6.4 11.9      5089
 5090 2021- 7-26  5:37     - 55  0  162 19   0.25 0.12  0.0    4  1.5 16.1      5090
 5091 2021- 7-26  7:02     - 55  3  160 19  15.35 0.14  0.0   11  7.5 14.9      5091
 5092 2021- 7-26  7:39       55 18  161 53  21.44 0.17  0.0    6  1.4  5.3      5092
 *** DISTANCE & RESIDUAL WEIGHTING CANCELLED FOR EVENT: 2021  7 26  8  0
 5093 2021- 7-26  7:59     # 55 27  162  0   3.00 2.37  0.0    4 25.2 61.1      5093
 5094 2021- 7-26  8:11     - 55  8  161 56   7.07 0.06  0.0    4  8.6 10.2      5094
 *** DISTANCE & RESIDUAL WEIGHTING CANCELLED FOR EVENT: 2021  7 26  8 11
 5095 2021- 7-26  8:11     # 55  6  161 48  22.86 0.57  0.0    6 18.6 13.7      5095
 *** DISTANCE & RESIDUAL WEIGHTING CANCELLED FOR EVENT: 2021  7 26  9 48
 5096 2021- 7-26  9:47     - 55 12  162 10   3.01 0.40  0.0    4  3.4 29.0      5096
 *** DISTANCE & RESIDUAL WEIGHTING CANCELLED FOR EVENT: 2021  7 26 11 28
 5097 2021- 7-26 11:28     - 55 36  161 36   3.00 0.49  0.0    5  5.6 37.0      5097
 5098 2021- 7-26 12:21     - 55 16  163  4   3.19 0.14  0.0    4 10.0 16.8      5098
 5099 2021- 7-26 15:59     - 55 19  162  7   3.00 0.19  0.0    4  1.6 19.8      5099
 *** DISTANCE & RESIDUAL WEIGHTING CANCELLED FOR EVENT: 2021  7 26 16 16
 5100 2021- 7-26 16:16     - 55 14  162  5   3.00 0.37  0.0    5  2.9 27.2      5100
  SEQ ---DATE--- TIME REMARK -LAT-  --LON-  DEPTH  RMS PMAG  NUM  ERH  ERZ  ID
 5101 2021- 7-26 16:27     - 54 26  161 48   3.13 0.30  0.0    4 11.5 25.1      5101
 5102 2021- 7-26 18:28     - 54 39  161 39   3.24 0.38  0.0   17 11.2 23.6      5102
 5103 2021- 7-26 22:36     - 54 58  161 36  25.31 0.16  0.0    5 15.2  5.0      5103
 5104 2021- 7-26 23:04     - 54 52  161  5  15.25 0.17  0.0    7 16.9  6.9      5104
 *** DISTANCE & RESIDUAL WEIGHTING CANCELLED FOR EVENT: 2021  7 26 23  5
 5105 2021- 7-26 23:04     - 54 60  161 15   3.00 0.45  0.0    4 35.2 38.9      5105
 5106 2021- 7-27  0:32     - 55 34  161  3  24.55 0.04  0.0    4 12.6 11.0      5106
 *** DISTANCE & RESIDUAL WEIGHTING CANCELLED FOR EVENT: 2021  7 27  0 59
 5107 2021- 7-27  0:59     # 55  0  162 20  14.95 1.58  0.0    7 15.4 22.0      5107
 5108 2021- 7-27  3:17     - 54 41  161  9   0.96 0.26  0.0   13  9.5 19.4      5108
 5109 2021- 7-27  3:50     - 54 51  160 57   0.01 0.41  0.0   11 17.4 30.0      5109
 5110 2021- 7-27  3:50     - 54 42  161  5  17.33 0.33  0.0    9 21.9 29.7      5110
 5111 2021- 7-27  4:22     - 54 59  160 35   3.01 0.18  0.0    6 16.1 19.4      5111
 5112 2021- 7-27  4:22     - 54 24  163 21   3.01 0.20  0.0    4 18.2 19.8      5112
 5113 2021- 7-27  4:23     - 55  4  162 38   2.97 0.03  0.0    5  2.0 12.6      5113
 5114 2021- 7-27  5:19     - 55 36  161 46   2.95 0.36  0.0    5  4.4 28.8      5114
 5115 2021- 7-27  7:59     - 55 24  161 56  54.40 0.03  0.0    6  5.8 12.3      5115
  SEQ ---DATE--- TIME REMARK -LAT-  --LON-  DEPTH  RMS PMAG  NUM  ERH  ERZ  ID
 5116 2021- 7-27  8:31     - 55 24  161 54   0.12 0.45  0.0    6  2.5 28.3      5116
 *** DISTANCE & RESIDUAL WEIGHTING CANCELLED FOR EVENT: 2021  7 27  8 44
 5117 2021- 7-27  8:44     - 55 17  161 58   3.00 0.30  0.0    4 26.1 19.9      5117
 *** DISTANCE & RESIDUAL WEIGHTING CANCELLED FOR EVENT: 2021  7 27  8 47
 5118 2021- 7-27  8:47     - 55 17  160 31   3.00 0.44  0.0    4 22.5 35.3      5118
 5119 2021- 7-27 10:37     - 55 46  160 44   0.30 0.26  0.0    9 10.5 21.9      5119
 5120 2021- 7-27 12:12     - 54 37  161 18   2.90 0.17  0.0   19  6.5 13.8      5120
 5121 2021- 7-27 12:17     - 54 35  161 24   2.77 0.12  0.0    8  6.5 14.1      5121
 5122 2021- 7-27 12:28       55 16  162  3  13.73 0.03  0.0    5  2.4  3.0      5122
 *** DISTANCE & RESIDUAL WEIGHTING CANCELLED FOR EVENT: 2021  7 27 13 14
 5123 2021- 7-27 13:14     - 55 46  161 50   3.00 0.48  0.0    4 41.3 38.4      5123
 *** DISTANCE & RESIDUAL WEIGHTING CANCELLED FOR EVENT: 2021  7 27 14 26
 5124 2021- 7-27 14:26     - 55 56  160 23   3.00 1.16  0.0    5 71.7 58.8      5124
 5125 2021- 7-27 15:00     - 55  2  161 26  41.24 0.25  0.0    4 22.6 13.5      5125
 *** DISTANCE & RESIDUAL WEIGHTING CANCELLED FOR EVENT: 2021  7 27 15  7
 5126 2021- 7-27 15:07     # 55 21  161 18   3.00 1.13  0.0    4 48.3 21.5      5126
 5127 2021- 7-27 15:59     - 55 25  161 55  66.52 0.02  0.0    6  5.4 12.5      5127
 *** DISTANCE & RESIDUAL WEIGHTING CANCELLED FOR EVENT: 2021  7 27 16 43
 5128 2021- 7-27 16:43     - 55 31  161 46   4.42 0.60  0.0    4 16.7 34.9      5128
 5129 2021- 7-27 20:03     - 55 17  160 59   3.15 0.23  0.0    4  9.6 20.5      5129
 *** DISTANCE & RESIDUAL WEIGHTING CANCELLED FOR EVENT: 2021  7 27 20  4
 5130 2021- 7-27 20:04     # 55 16  161 39  10.20 1.24  0.0    7 18.0 28.5      5130
  SEQ ---DATE--- TIME REMARK -LAT-  --LON-  DEPTH  RMS PMAG  NUM  ERH  ERZ  ID
 5131 2021- 7-27 20:20       54 56  162 15   3.72 0.11  0.0    6  2.6  4.1      5131
 *** DISTANCE & RESIDUAL WEIGHTING CANCELLED FOR EVENT: 2021  7 27 20 21
 5132 2021- 7-27 20:21     # 55  4  162 29   4.58 0.71  0.0    7 32.6  3.0      5132
 5133 2021- 7-27 23:12     - 55  2  163  7   2.83 0.08  0.0    8  5.9 12.7      5133
 5134 2021- 7-27 23:59     - 55 23  162  5  50.58 0.07  0.0    7  2.9 10.3      5134
 5135 2021- 7-28  1:31     - 55 44  161 41   2.75 0.06  0.0    5  5.6 12.1      5135
 *** DISTANCE & RESIDUAL WEIGHTING CANCELLED FOR EVENT: 2021  7 28  2 44
 5136 2021- 7-28  2:44     - 55 20  161 55   3.00 1.54  0.0    4 80.2 58.1      5136
 5137 2021- 7-28  3:49     - 55 29  161 43   2.76 0.05  0.0    4  5.2 12.3      5137
 5138 2021- 7-28  7:59     - 55 24  162 23  53.85 0.06  0.0    5  4.2 11.4      5138
 5139 2021- 7-28 11:54     - 54 37  162 38   3.30 0.17  0.0   10  7.7 16.7      5139
 5140 2021- 7-28 11:54     - 54 48  162 53   3.00 0.14  0.0    6 15.3 15.4      5140
 5141 2021- 7-28 12:51     - 55 22  162 12   2.61 0.03  0.0    4  4.0 12.5      5141
 5142 2021- 7-28 13:28     - 54 30  161 43   3.06 0.22  0.0    9  8.7 19.1      5142
 5143 2021- 7-28 15:34     - 54 54  162 39  25.64 0.05  0.0    7 10.5  6.5      5143
 5144 2021- 7-28 15:35     - 55  0  162 18   0.09 0.17  0.0    4  9.7 17.2      5144
 5145 2021- 7-28 16:10     - 54 46  163 29   3.04 0.12  0.0    6  6.7 14.7      5145
  SEQ ---DATE--- TIME REMARK -LAT-  --LON-  DEPTH  RMS PMAG  NUM  ERH  ERZ  ID
 5146 2021- 7-28 18:27     - 54 57  162 12   2.97 0.08  0.0    4  3.5 13.6      5146
 5147 2021- 7-28 21:12       55  0  161 32  79.87 0.13  0.0   16  3.5  1.8      5147
 *** DISTANCE & RESIDUAL WEIGHTING CANCELLED FOR EVENT: 2021  7 28 22 19
 5148 2021- 7-28 22:18     - 55 39  162 57   2.77 0.59  0.0    4 26.2 46.0      5148
 *** DISTANCE & RESIDUAL WEIGHTING CANCELLED FOR EVENT: 2021  7 29  4 56
 5149 2021- 7-29  4:56     - 55  6  161 41  24.98 0.44  0.0    4 24.1 12.6      5149
 5150 2021- 7-29  5:47     - 54 29  162 12   2.87 0.20  0.0    9  8.6 18.7      5150
 5151 2021- 7-29  5:49     - 55 14  160 47   3.04 0.19  0.0    6  9.6 17.0      5151
 *** DISTANCE & RESIDUAL WEIGHTING CANCELLED FOR EVENT: 2021  7 29  5 50
 5152 2021- 7-29  5:49     - 55 43  161 19   3.00 0.41  0.0    5 12.9 29.2      5152
 *** DISTANCE & RESIDUAL WEIGHTING CANCELLED FOR EVENT: 2021  7 29  5 50
 5153 2021- 7-29  5:50     # 55  3  162 25   3.00 1.89  0.0    6 52.3 12.3      5153
 5154 2021- 7-29  6:16     - 55 23  161 29  10.70 0.01  0.0    4  6.4  6.8      5154
 5155 2021- 7-29  6:16     - 55 29  162  1   2.90 0.21  0.0    4  1.3 18.2      5155
 *** DISTANCE & RESIDUAL WEIGHTING CANCELLED FOR EVENT: 2021  7 29  6 20
 5156 2021- 7-29  6:20     - 55  8  162 49   3.00 0.45  0.0    4 10.2 39.5      5156
 5157 2021- 7-29  6:24     - 55 23  160 45   3.01 0.15  0.0    4 16.6 17.1      5157
 *** DISTANCE & RESIDUAL WEIGHTING CANCELLED FOR EVENT: 2021  7 29  6 24
 5158 2021- 7-29  6:24     # 55 15  161 42   3.00 0.49  0.0    4  5.5 18.6      5158
 *** DISTANCE & RESIDUAL WEIGHTING CANCELLED FOR EVENT: 2021  7 29  6 29
 5159 2021- 7-29  6:29     # 55 25  161 48   3.00 1.38  0.0    4 26.2 69.8      5159
 5160 2021- 7-29  6:33     - 55 12  160 46   3.05 0.11  0.0    9  6.3 13.9      5160
  SEQ ---DATE--- TIME REMARK -LAT-  --LON-  DEPTH  RMS PMAG  NUM  ERH  ERZ  ID
 5161 2021- 7-29  6:33     - 55 53  162 21   4.58 0.31  0.0    4 12.2 25.6      5161
 *** DISTANCE & RESIDUAL WEIGHTING CANCELLED FOR EVENT: 2021  7 29  6 37
 5162 2021- 7-29  6:36     - 56 11  162  9   3.05 0.54  0.0    4 39.8 41.7      5162
 5163 2021- 7-29  6:37     - 55  6  161 48   0.00 0.27  0.0    4  2.9 25.0      5163
 5164 2021- 7-29  6:39     - 55  6  161 21   1.51 0.13  0.0    4  3.4 16.5      5164
 5165 2021- 7-29  6:45     - 55 34  161 16   0.23 0.11  0.0    4 11.1 15.4      5165
 5166 2021- 7-29  6:47       55 16  161 45  28.45 0.24  0.0    6  7.2  3.6      5166
 5167 2021- 7-29  6:53     - 55 29  160 25   2.08 0.19  0.0   11  8.0 17.8      5167
 5168 2021- 7-29  6:54     - 55 21  160 36   3.04 0.21  0.0    4  8.7 19.5      5168
 5169 2021- 7-29  6:57     - 55 27  160 41   2.86 0.13  0.0    8  6.7 13.7      5169
 *** DISTANCE & RESIDUAL WEIGHTING CANCELLED FOR EVENT: 2021  7 29  7  3
 5170 2021- 7-29  7:03     - 55 26  161 24   9.06 0.69  0.0    5  9.4 49.0      5170
 5171 2021- 7-29  7:10     - 55 24  161 45   1.21 0.00  0.0    4 10.0  5.3      5171
 *** DISTANCE & RESIDUAL WEIGHTING CANCELLED FOR EVENT: 2021  7 29  7 10
 5172 2021- 7-29  7:10     # 55 24  161 51   3.00 0.90  0.0    5  2.7  8.6      5172
 5173 2021- 7-29  7:11     - 55 16  160 57  45.17 0.24  0.0    9 18.3  7.9      5173
 5174 2021- 7-29  7:11     - 54 52  160  7  17.56 0.16  0.0    7 14.9 18.0      5174
 5175 2021- 7-29  7:20     - 55 20  160 28   3.00 0.23  0.0    6 16.9 22.8      5175
 *** DISTANCE & RESIDUAL WEIGHTING CANCELLED FOR EVENT: 2021  7 29  7 21
  SEQ ---DATE--- TIME REMARK -LAT-  --LON-  DEPTH  RMS PMAG  NUM  ERH  ERZ  ID
 5176 2021- 7-29  7:20     - 55 11  162 46   3.00 0.48  0.0    4 15.5 41.9      5176
 *** DISTANCE & RESIDUAL WEIGHTING CANCELLED FOR EVENT: 2021  7 29  7 21
 5177 2021- 7-29  7:21     # 55 26  161 57  26.41 0.92  0.0    4 16.0 13.2      5177
 5178 2021- 7-29  7:22     - 55  8  160 43   4.37 0.32  0.0    7 26.3 29.1      5178
 *** DISTANCE & RESIDUAL WEIGHTING CANCELLED FOR EVENT: 2021  7 29  7 23
 5179 2021- 7-29  7:23     # 54 52  161 36   3.00 5.09  0.0    5 69.8 46.8      5179
 *** DISTANCE & RESIDUAL WEIGHTING CANCELLED FOR EVENT: 2021  7 29  7 27
 5180 2021- 7-29  7:27     # 55 27  161 44  21.51 0.67  0.0    5 21.3 25.5      5180
 *** DISTANCE & RESIDUAL WEIGHTING CANCELLED FOR EVENT: 2021  7 29  7 28
 5181 2021- 7-29  7:27     - 55  0  161  2   3.07 0.56  0.0    4 43.2 46.3      5181
 5182 2021- 7-29  7:30     - 55 28  161 35   2.98 0.02  0.0    4  2.1 12.1      5182
 5183 2021- 7-29  7:31     - 55 29  161  5   3.73 0.16  0.0    6  7.6 15.7      5183
 5184 2021- 7-29  7:33     - 55 28  160 57   3.30 0.32  0.0   13 10.9 24.0      5184
 5185 2021- 7-29  7:33       55 15  161 35   3.08 0.11  0.0    5  2.7  2.3      5185
 5186 2021- 7-29  7:35       55 11  161 55  15.20 0.00  0.0    4  2.2  2.3      5186
 *** DISTANCE & RESIDUAL WEIGHTING CANCELLED FOR EVENT: 2021  7 29  7 39
 5187 2021- 7-29  7:39     - 54 60  162 24   3.00 0.60  0.0    4 21.6 46.6      5187
 *** DISTANCE & RESIDUAL WEIGHTING CANCELLED FOR EVENT: 2021  7 29  7 42
 5188 2021- 7-29  7:42     - 55 23  161 45   1.48 0.35  0.0    4 28.5  9.4      5188
 5189 2021- 7-29  7:47     - 55 20  161 33  19.14 0.32  0.0    4 29.1 22.6      5189
 5190 2021- 7-29  7:47     - 55 10  160 51   3.05 0.22  0.0    7 10.9 21.6      5190
  SEQ ---DATE--- TIME REMARK -LAT-  --LON-  DEPTH  RMS PMAG  NUM  ERH  ERZ  ID
 5191 2021- 7-29  7:50     - 55 15  160 53  33.13 0.16  0.0   10 15.0 17.9      5191
 5192 2021- 7-29  7:59     - 55  2  161 19   2.14 0.03  0.0    4 10.6  5.9      5192
 5193 2021- 7-29  7:59     - 55 26  162 22   7.94 0.58  0.0   12  3.3 37.4      5193
 5194 2021- 7-29  8:03     - 55 31  162 50   3.02 0.13  0.0    5  5.9 16.3      5194
 5195 2021- 7-29  8:03     - 55 11  161 17   0.02 0.12  0.0    5 12.4  7.7      5195
 *** DISTANCE & RESIDUAL WEIGHTING CANCELLED FOR EVENT: 2021  7 29  8  4
 5196 2021- 7-29  8:04     - 55 23  162  8   0.37 0.70  0.0    5  9.5 56.8      5196
 *** DISTANCE & RESIDUAL WEIGHTING CANCELLED FOR EVENT: 2021  7 29  8  8
 5197 2021- 7-29  8:07     - 55 34  161 46   3.00 0.69  0.0    4 52.5 11.4      5197
 5198 2021- 7-29  8:09     - 55  3  161  9   2.85 0.19  0.0    6  7.7 17.9      5198
 5199 2021- 7-29  8:10     - 55 15  162  6   2.49 0.02  0.0    4  5.9  8.2      5199
 5200 2021- 7-29  8:10     # 55 14  161 15   0.02 0.25  0.0    5  3.4  2.5      5200
 5201 2021- 7-29  8:13     # 55 15  161 27   0.03 0.04  0.0    5  7.8  3.4      5201
 5202 2021- 7-29  8:14     - 55 16  160 44   3.00 0.27  0.0    6 24.3 25.4      5202
 5203 2021- 7-29  8:14     - 55 31  161 49   2.43 0.08  0.0    4  2.1 13.8      5203
 5204 2021- 7-29  8:16     # 55 25  161 41  49.52 1.31  0.0   13 23.4  7.5      5204
 *** DISTANCE & RESIDUAL WEIGHTING CANCELLED FOR EVENT: 2021  7 29  8 17
 5205 2021- 7-29  8:17     - 55  3  162  5   3.22 0.42  0.0    4  4.5 36.6      5205
  SEQ ---DATE--- TIME REMARK -LAT-  --LON-  DEPTH  RMS PMAG  NUM  ERH  ERZ  ID
 5206 2021- 7-29  8:18     - 55 49  161 60   2.69 0.21  0.0    4 16.4 19.7      5206
 5207 2021- 7-29  8:25     - 54 39  162 25   9.40 0.59  0.0    5 48.4 49.5      5207
 5208 2021- 7-29  8:25     - 55  9  160 39   0.50 0.22  0.0    6  9.4 19.7      5208
 5209 2021- 7-29  8:30     - 55 28  160 54  33.39 0.17  0.0    5 14.8 17.9      5209
 *** DISTANCE & RESIDUAL WEIGHTING CANCELLED FOR EVENT: 2021  7 29  8 31
 5210 2021- 7-29  8:30     - 55  7  161  7   3.00 0.43  0.0    4 33.1 37.6      5210
 5211 2021- 7-29  8:33     - 55 29  162 14   4.36 0.08  0.0    4  8.6 11.1      5211
 5212 2021- 7-29  8:39     - 55 17  161 20   6.50 0.18  0.0    7  8.3 15.8      5212
 5213 2021- 7-29  8:40     - 55  9  160 42   2.76 0.34  0.0   12 12.3 27.4      5213
 5214 2021- 7-29  8:41     - 55 30  160 39   3.09 0.09  0.0    4  6.2 13.1      5214
 *** DISTANCE & RESIDUAL WEIGHTING CANCELLED FOR EVENT: 2021  7 29  8 41
 5215 2021- 7-29  8:41     - 54 42  161 37   3.00 0.55  0.0    5 19.6 39.6      5215
 5216 2021- 7-29  8:55     - 55 11  161 54   2.86 0.07  0.0    4  4.5 12.4      5216
 5217 2021- 7-29  8:56       55  3  161 48   4.04 0.09  0.0    6  3.3  1.5      5217
 5218 2021- 7-29  8:56     - 55 11  160 50   2.86 0.31  0.0    5 11.5 25.1      5218
 5219 2021- 7-29  8:57     - 55 16  161 53   2.99 0.01  0.0    4  2.0 12.3      5219
 5220 2021- 7-29  8:58       55 22  161 54  42.66 0.12  0.0    5  5.1  3.1      5220
 *** DISTANCE & RESIDUAL WEIGHTING CANCELLED FOR EVENT: 2021  7 29  8 59
  SEQ ---DATE--- TIME REMARK -LAT-  --LON-  DEPTH  RMS PMAG  NUM  ERH  ERZ  ID
 5221 2021- 7-29  8:58     # 55 24  162 15   2.99 0.47  0.0    4 10.7 24.5      5221
 5222 2021- 7-29  9:08     - 55 11  161 12   3.13 0.21  0.0    9  8.2 17.8      5222
 5223 2021- 7-29  9:08     - 55 27  161 33   5.89 0.10  0.0    5 14.2  1.3      5223
 5224 2021- 7-29  9:17     - 55 18  160 52   2.35 0.51  0.0   14 15.5 35.5      5224
 5225 2021- 7-29  9:18     - 55 16  162 36   2.85 0.03  0.0    4  5.6 11.4      5225
 5226 2021- 7-29  9:23     - 55 11  160 48   3.03 0.30  0.0   13 11.0 24.3      5226
 5227 2021- 7-29  9:26     - 55 21  160 59  31.29 0.19  0.0    7 18.2  1.4      5227
 5228 2021- 7-29  9:28     - 55 14  160 56  32.17 0.15  0.0   10 13.5  1.1      5228
 *** DISTANCE & RESIDUAL WEIGHTING CANCELLED FOR EVENT: 2021  7 29  9 29
 5229 2021- 7-29  9:29     - 55  8  160 55   3.15 0.68  0.0    5 44.4 57.3      5229
 5230 2021- 7-29  9:36       55 10  161 43  42.77 0.03  0.0    5  1.6  4.0      5230
 5231 2021- 7-29  9:36       55 22  161 42  20.74 0.00  0.0    4  2.2  1.4      5231
 5232 2021- 7-29  9:38     - 54 54  161 20   4.96 0.07  0.0    7  5.8 12.4      5232
 5233 2021- 7-29  9:38     - 55 19  161 44  13.33 0.02  0.0    4  8.6  4.0      5233
 5234 2021- 7-29  9:39     - 55 28  162  7   5.16 0.00  0.0    4  7.1 10.3      5234
 5235 2021- 7-29  9:43       55 26  162 12  26.28 0.07  0.0    6  3.4  7.7      5235
 *** DISTANCE & RESIDUAL WEIGHTING CANCELLED FOR EVENT: 2021  7 29  9 44
  SEQ ---DATE--- TIME REMARK -LAT-  --LON-  DEPTH  RMS PMAG  NUM  ERH  ERZ  ID
 5236 2021- 7-29  9:44     - 55 47  162 16   3.00 1.54  0.0    4 47.0 90.0      5236
 5237 2021- 7-29  9:45     - 55 18  161  7   2.64 0.11  0.0    5  6.6 13.9      5237
 5238 2021- 7-29  9:52     - 55 17  161  2   3.00 0.22  0.0   11  8.4 18.6      5238
 5239 2021- 7-29  9:54       55 19  160 40  54.47 0.18  0.0   12  4.4  5.1      5239
 *** DISTANCE & RESIDUAL WEIGHTING CANCELLED FOR EVENT: 2021  7 29  9 55
 5240 2021- 7-29  9:55     - 55 15  161 41   1.36 0.34  0.0    4  5.4 28.9      5240
 *** DISTANCE & RESIDUAL WEIGHTING CANCELLED FOR EVENT: 2021  7 29  9 56
 5241 2021- 7-29  9:56     - 55  3  163  5   3.00 1.11  0.0    4 39.2 84.7      5241
 5242 2021- 7-29  9:59     - 55 11  160 58  51.96 0.21  0.0   10 16.8  7.7      5242
 5243 2021- 7-29  9:59     - 55 16  161 55   1.49 0.26  0.0    4  1.9 24.7      5243
 5244 2021- 7-29 10:02     - 55 27  162 10   7.18 0.49  0.0    8  2.4 36.4      5244
 5245 2021- 7-29 10:02     - 55  3  163 15   2.94 0.03  0.0    4  5.4 11.6      5245
 5246 2021- 7-29 10:05     - 55  4  161 32  41.56 0.17  0.0    6 11.7  7.0      5246
 5247 2021- 7-29 10:06       55 15  161 59   9.45 0.03  0.0    5  1.1  2.9      5247
 5248 2021- 7-29 10:08     - 54 53  160 45   2.22 0.06  0.0    5  5.9 11.7      5248
 5249 2021- 7-29 10:08       55 33  162 11   2.44 0.00  0.0    4  4.8  3.1      5249
 5250 2021- 7-29 10:13     - 55 28  161 15   3.49 0.22  0.0    4  9.0 18.1      5250
  SEQ ---DATE--- TIME REMARK -LAT-  --LON-  DEPTH  RMS PMAG  NUM  ERH  ERZ  ID
 5251 2021- 7-29 10:16     - 55  6  161  5   3.00 0.30  0.0    9 20.5 27.8      5251
 5252 2021- 7-29 10:16     - 55  5  161  6  49.13 0.10  0.0    5 13.2  6.0      5252
 5253 2021- 7-29 10:17     - 55 11  161 13   2.97 0.12  0.0    8 10.2 16.1      5253
 5254 2021- 7-29 10:18       55  8  161 32  34.27 0.06  0.0    5  7.3  2.0      5254
 5255 2021- 7-29 10:20       55 24  161 54  23.19 0.10  0.0    5  4.9  6.4      5255
 *** DISTANCE & RESIDUAL WEIGHTING CANCELLED FOR EVENT: 2021  7 29 10 21
 5256 2021- 7-29 10:21     # 55 21  162 10   2.99 1.09  0.0    5 20.3 50.2      5256
 5257 2021- 7-29 10:22       55 26  161 41  18.90 0.18  0.0    6  4.3  1.9      5257
 5258 2021- 7-29 10:23       55  6  161 16   1.22 0.03  0.0    6  1.3  2.2      5258
 5259 2021- 7-29 10:24     - 55 11  160 51   3.44 0.37  0.0   11 13.0 29.5      5259
 5260 2021- 7-29 10:27     - 55 16  160 40   2.28 0.51  0.0   11 16.6 36.2      5260
 *** DISTANCE & RESIDUAL WEIGHTING CANCELLED FOR EVENT: 2021  7 29 10 28
 5261 2021- 7-29 10:28     # 55  9  161 56   2.99 1.05  0.0    5  7.3 19.3      5261
 5262 2021- 7-29 10:38     - 55  9  160 46   2.16 0.36  0.0   12 12.7 28.3      5262
 5263 2021- 7-29 10:42     - 55 14  161 32   1.24 0.14  0.0    5 10.4  9.9      5263
 5264 2021- 7-29 10:50     - 54 51  161  4   2.07 0.24  0.0    7  8.5 18.9      5264
 5265 2021- 7-29 10:50     # 55 17  163  2   0.38 0.80  0.0   10 15.6 39.5      5265
  SEQ ---DATE--- TIME REMARK -LAT-  --LON-  DEPTH  RMS PMAG  NUM  ERH  ERZ  ID
 5266 2021- 7-29 10:54     # 55 34  161 12   2.03 0.06  0.0    5  4.3  2.9      5266
 5267 2021- 7-29 10:55       55 16  161 48   3.07 0.05  0.0    5  0.9  3.6      5267
 5268 2021- 7-29 10:59     - 55 18  161 10   5.11 0.40  0.0    8 13.1 29.0      5268
 5269 2021- 7-29 10:59     - 55  5  160 47   3.01 0.48  0.0    5 30.9 41.6      5269
 5270 2021- 7-29 11:05       55 13  161  0  43.45 0.26  0.0   10  8.0  7.0      5270
 5271 2021- 7-29 11:09     - 55 13  160 47  32.74 0.12  0.0   10 13.8 16.1      5271
 *** DISTANCE & RESIDUAL WEIGHTING CANCELLED FOR EVENT: 2021  7 29 11 10
 5272 2021- 7-29 11:09     # 54 55  161 29   3.00 2.82  0.0    5 22.0 20.7      5272
 *** DISTANCE & RESIDUAL WEIGHTING CANCELLED FOR EVENT: 2021  7 29 11 17
 5273 2021- 7-29 11:17     # 55 24  161 24  28.94 0.83  0.0    7 36.2 22.7      5273
 5274 2021- 7-29 11:17     - 55 26  162 27   2.81 0.06  0.0    4  5.4  8.1      5274
 5275 2021- 7-29 11:24     - 54 55  163 27   2.93 0.26  0.0    6 10.7 22.1      5275
 5276 2021- 7-29 11:24     # 55 21  161 49  20.93 2.43  0.0    7 16.9 38.1      5276
 5277 2021- 7-29 11:29     - 55 13  160 50  31.85 0.21  0.0   10 17.5  1.7      5277
 *** DISTANCE & RESIDUAL WEIGHTING CANCELLED FOR EVENT: 2021  7 29 11 30
 5278 2021- 7-29 11:30     # 55 18  161 32   2.28 0.76  0.0    6  8.9 12.1      5278
 5279 2021- 7-29 11:31     # 55  7  162  0   3.24 1.42  0.0    7 12.7 46.3      5279
 5280 2021- 7-29 11:41     - 55 18  160 56  50.74 0.19  0.0    9 15.5  5.5      5280
  SEQ ---DATE--- TIME REMARK -LAT-  --LON-  DEPTH  RMS PMAG  NUM  ERH  ERZ  ID
 5281 2021- 7-29 11:42     - 55 23  160 37   2.13 0.08  0.0    4  5.9 12.9      5281
 5282 2021- 7-29 11:48     # 55 15  161 23  20.53 0.20  0.0    7 13.2  5.5      5282
 5283 2021- 7-29 11:48     - 55 32  160 44  15.90 0.22  0.0    4 17.4 21.8      5283
 *** DISTANCE & RESIDUAL WEIGHTING CANCELLED FOR EVENT: 2021  7 29 11 56
 5284 2021- 7-29 11:56     # 55 24  162 14   3.00 1.65  0.0    5  9.3 71.7      5284
 5285 2021- 7-29 12:17       55 15  161 18   3.41 0.04  0.0    6  3.7  0.8      5285
 5286 2021- 7-29 12:18     - 55  7  161 17   4.62 0.43  0.0   10 14.4 32.0      5286
 5287 2021- 7-29 12:19     - 55 27  161 14  23.18 0.09  0.0    4  7.9 10.4      5287
 *** DISTANCE & RESIDUAL WEIGHTING CANCELLED FOR EVENT: 2021  7 29 12 24
 5288 2021- 7-29 12:24     # 55 24  161 34   5.01 0.93  0.0    6 15.2 11.2      5288
 5289 2021- 7-29 12:24     - 55 33  161  3   3.01 0.30  0.0    4 23.5 25.5      5289
 5290 2021- 7-29 12:28     - 55  7  159 13   2.26 0.15  0.0   10 13.0 11.4      5290
 *** DISTANCE & RESIDUAL WEIGHTING CANCELLED FOR EVENT: 2021  7 29 12 29
 5291 2021- 7-29 12:29     # 55 24  162 20   3.00 0.77  0.0    5  3.9 14.9      5291
 5292 2021- 7-29 12:32     - 55 22  160 57  43.68 0.20  0.0   10 16.6  6.3      5292
 5293 2021- 7-29 16:00     - 55  9  161 18   9.27 0.39  0.0    7 24.7 31.4      5293
 *** DISTANCE & RESIDUAL WEIGHTING CANCELLED FOR EVENT: 2021  7 29 16  0
 5294 2021- 7-29 16:00     - 55 11  161 25  36.44 0.20  0.0    4 14.0  4.6      5294
 *** DISTANCE & RESIDUAL WEIGHTING CANCELLED FOR EVENT: 2021  7 29 16  1
 5295 2021- 7-29 16:00     # 55 19  161 30   1.48 1.26  0.0    6  8.5 14.0      5295
  SEQ ---DATE--- TIME REMARK -LAT-  --LON-  DEPTH  RMS PMAG  NUM  ERH  ERZ  ID
 5296 2021- 7-29 16:08     - 55  9  161  0   3.00 0.28  0.0    8 19.9 26.0      5296
 5297 2021- 7-29 16:09     - 55 11  160 25  37.32 0.20  0.0   10 17.2 16.0      5297
 *** DISTANCE & RESIDUAL WEIGHTING CANCELLED FOR EVENT: 2021  7 29 16 27
 5298 2021- 7-29 16:27     # 55 19  161 45   3.00 2.29  0.0    4 76.2 63.2      5298
 *** DISTANCE & RESIDUAL WEIGHTING CANCELLED FOR EVENT: 2021  7 29 16 31
 5299 2021- 7-29 16:30     - 55  4  160 26   3.00 0.74  0.0    4 26.7 56.6      5299
 5300 2021- 7-29 16:38       55 16  160 52  56.61 0.15  0.0   10  2.8  3.9      5300
 5301 2021- 7-29 17:00     - 55 16  161  2  32.34 0.16  0.0    9 15.3  1.0      5301
 5302 2021- 7-29 17:00     - 55 28  161 28   6.93 0.28  0.0    5  7.2 24.6      5302
 5303 2021- 7-29 17:04     - 55 15  161 52  51.42 0.01  0.0    4  9.0 10.6      5303
 *** DISTANCE & RESIDUAL WEIGHTING CANCELLED FOR EVENT: 2021  7 29 17  4
 5304 2021- 7-29 17:04     - 55 22  162 18   3.76 1.00  0.0    4 46.1 66.4      5304
 *** DISTANCE & RESIDUAL WEIGHTING CANCELLED FOR EVENT: 2021  7 29 17  4
 5305 2021- 7-29 17:04     - 55 31  161  2   3.45 0.51  0.0    5 16.9 41.0      5305
 5306 2021- 7-29 17:08     - 55 22  161 54   2.96 0.13  0.0    4  3.1 15.7      5306
 5307 2021- 7-29 17:22     - 55 11  161  6   5.69 0.14  0.0    8 13.3 17.3      5307
 5308 2021- 7-29 17:23     - 55 15  162 28   6.01 0.11  0.0    4  2.9 15.6      5308
 5309 2021- 7-29 17:28     - 55 24  163  7   3.05 0.05  0.0    5  8.8 13.1      5309
 *** DISTANCE & RESIDUAL WEIGHTING CANCELLED FOR EVENT: 2021  7 29 17 29
 5310 2021- 7-29 17:29     - 55 53  161 49   2.98 0.66  0.0    5 23.8 51.5      5310
  SEQ ---DATE--- TIME REMARK -LAT-  --LON-  DEPTH  RMS PMAG  NUM  ERH  ERZ  ID
 5311 2021- 7-29 17:33       55 13  161  3  28.70 0.06  0.0    8  2.5  5.4      5311
 5312 2021- 7-29 17:33     - 55 39  162 43   2.34 0.05  0.0    4  5.9 11.7      5312
 5313 2021- 7-29 17:34     - 55 27  160 43  50.03 0.17  0.0    8 18.6  6.2      5313
 5314 2021- 7-29 17:34     - 55 15  160 53   3.02 0.39  0.0    6 27.4 34.7      5314
 5315 2021- 7-29 17:52     - 55 21  160 40   3.09 0.37  0.0   12 12.0 27.0      5315
 5316 2021- 7-29 17:52       55  2  162  5   1.63 0.00  0.0    4  2.3  7.3      5316
 5317 2021- 7-29 18:14     - 54 59  160 39   3.00 0.43  0.0    8 30.8 37.8      5317
 5318 2021- 7-29 18:14       55 10  161 13  31.67 0.00  0.0    4  5.8  1.0      5318
 5319 2021- 7-29 18:15     - 55 26  162 10   2.77 0.05  0.0    4  1.3 11.9      5319
 *** DISTANCE & RESIDUAL WEIGHTING CANCELLED FOR EVENT: 2021  7 29 18 17
 5320 2021- 7-29 18:17     # 55 17  161 55   2.03 1.15  0.0    5 16.0 27.8      5320
 *** DISTANCE & RESIDUAL WEIGHTING CANCELLED FOR EVENT: 2021  7 29 18 18
 5321 2021- 7-29 18:18     # 55 11  161 55   3.00 1.68  0.0    4 19.3 51.1      5321
 5322 2021- 7-29 18:38     - 55 24  160 56   3.66 0.19  0.0    8  8.3 17.5      5322
 5323 2021- 7-29 18:38       55 15  161 54  17.66 0.48  0.0    6  3.3  7.4      5323
 5324 2021- 7-29 18:46       55 19  160 52  43.14 0.21  0.0    7  6.8 11.6      5324
 5325 2021- 7-29 18:53     - 54 32  161 54   2.61 0.04  0.0    4  5.6 11.6      5325
  SEQ ---DATE--- TIME REMARK -LAT-  --LON-  DEPTH  RMS PMAG  NUM  ERH  ERZ  ID
 5326 2021- 7-29 18:53     - 54 47  161 59   3.39 0.02  0.0    4 12.1  1.4      5326
 5327 2021- 7-29 19:12     - 55 34  160 41   4.38 0.29  0.0   10 11.0 23.9      5327
 *** DISTANCE & RESIDUAL WEIGHTING CANCELLED FOR EVENT: 2021  7 29 19 13
 5328 2021- 7-29 19:12     # 55 28  162  2   3.00 0.63  0.0    4  2.2  4.9      5328
 5329 2021- 7-29 19:30     - 55 49  162 36   2.83 0.04  0.0    4  5.6 11.6      5329
 5330 2021- 7-29 19:53     - 55 16  160 55   3.57 0.32  0.0   11 11.4 25.3      5330
 *** DISTANCE & RESIDUAL WEIGHTING CANCELLED FOR EVENT: 2021  7 29 20 16
 5331 2021- 7-29 20:16     # 55 17  162  3   3.00 0.58  0.0    4  7.0 27.8      5331
 5332 2021- 7-29 20:21     - 55 31  161 19  13.63 0.29  0.0    8  7.2 19.0      5332
 5333 2021- 7-29 20:23     - 55 11  161 11   3.00 0.17  0.0    6 14.1 18.7      5333
 5334 2021- 7-29 20:24     # 55 26  162  5   0.02 0.49  0.0    7  1.1 14.3      5334
 5335 2021- 7-29 20:25     - 55 14  160 48  34.81 0.15  0.0    9  2.5 15.4      5335
 5336 2021- 7-29 20:31       55 16  161 14  26.03 0.16  0.0   11  1.9  3.8      5336
 *** DISTANCE & RESIDUAL WEIGHTING CANCELLED FOR EVENT: 2021  7 29 20 31
 5337 2021- 7-29 20:31     - 55 42  162 30   2.65 0.10  0.0    4  6.3 13.3      5337
 5338 2021- 7-29 20:33     - 55 14  160 46   2.82 0.19  0.0   14  8.1 17.7      5338
 5339 2021- 7-29 20:33     - 55  3  160 38   3.06 0.09  0.0    4 12.4 13.1      5339
 5340 2021- 7-29 20:42       55 23  161 41  22.10 0.18  0.0    5  5.7  6.5      5340
  SEQ ---DATE--- TIME REMARK -LAT-  --LON-  DEPTH  RMS PMAG  NUM  ERH  ERZ  ID
 5341 2021- 7-29 20:43       55  1  161 43   3.91 0.05  0.0    5  2.1  0.7      5341
 *** DISTANCE & RESIDUAL WEIGHTING CANCELLED FOR EVENT: 2021  7 30  0  0
 5342 2021- 7-29 23:59     - 55 22  162 11   3.00 0.50  0.0    5  4.2 38.7      5342
 5343 2021- 7-30  0:55       55 21  160 56  41.29 0.19  0.0   10  4.5  6.9      5343
 5344 2021- 7-30  1:12     - 55 15  161 50   2.80 0.03  0.0    4  2.6 12.4      5344
 5345 2021- 7-30  1:27     - 55 14  160 45   3.87 0.41  0.0   12 14.2 31.8      5345
 *** DISTANCE & RESIDUAL WEIGHTING CANCELLED FOR EVENT: 2021  7 30  2  0
 5346 2021- 7-30  2:00     # 55 14  161 53   2.99 1.12  0.0    4 12.4 58.5      5346
 5347 2021- 7-30  2:56       55 14  160 45  56.95 0.20  0.0   11 12.3  6.9      5347
 *** DISTANCE & RESIDUAL WEIGHTING CANCELLED FOR EVENT: 2021  7 30  2 57
 5348 2021- 7-30  2:57     - 55 17  162 18   6.04 0.24  0.0    4  4.5 23.7      5348
 *** DISTANCE & RESIDUAL WEIGHTING CANCELLED FOR EVENT: 2021  7 30  2 57
 5349 2021- 7-30  2:57     - 55 11  161 55   3.00 0.18  0.0    4  3.9 19.2      5349
 5350 2021- 7-30  3:37     - 55  6  162 22   6.83 0.60  0.0    4 13.1 51.9      5350
 *** DISTANCE & RESIDUAL WEIGHTING CANCELLED FOR EVENT: 2021  7 30  3 37
 5351 2021- 7-30  3:37     # 55 13  161 19   2.60 0.70  0.0    5  7.7  5.1      5351
 5352 2021- 7-30  3:52     - 55 13  160 40   4.22 0.27  0.0   11 10.3 22.6      5352
 5353 2021- 7-30  4:12     - 55 12  160 46   3.87 0.29  0.0   12 11.1 24.2      5353
 5354 2021- 7-30  4:22       55 15  161 47  10.65 0.18  0.0    6  5.5  6.9      5354
 5355 2021- 7-30  4:22       55 21  161 36  20.64 0.07  0.0    5  2.2  1.8      5355
 *** DISTANCE & RESIDUAL WEIGHTING CANCELLED FOR EVENT: 2021  7 30  5 12
  SEQ ---DATE--- TIME REMARK -LAT-  --LON-  DEPTH  RMS PMAG  NUM  ERH  ERZ  ID
 5356 2021- 7-30  5:12     - 55 14  162  3   2.95 0.24  0.0    4  6.2 20.3      5356
 *** DISTANCE & RESIDUAL WEIGHTING CANCELLED FOR EVENT: 2021  7 30  5 13
 5357 2021- 7-30  5:13     - 55  9  161  6   3.00 0.39  0.0    4 26.8 34.8      5357
 5358 2021- 7-30  5:32     - 55  9  160 43  32.33 0.18  0.0   10 16.9 19.3      5358
 5359 2021- 7-30  5:32     - 55  5  160 54  43.46 0.18  0.0    7 16.8  4.6      5359
 5360 2021- 7-30  5:41     - 55 12  161  1   3.00 0.34  0.0    9 24.6 31.0      5360
 *** DISTANCE & RESIDUAL WEIGHTING CANCELLED FOR EVENT: 2021  7 30  5 42
 5361 2021- 7-30  5:42     # 55  4  162  5   3.00 1.40  0.0    5  5.6 47.9      5361
 5362 2021- 7-30  5:49     - 55 10  160 30   0.52 0.30  0.0   13 11.3 24.8      5362
 5363 2021- 7-30  5:50     - 55  3  161 56   4.41 0.08  0.0    4  7.4  8.7      5363
 5364 2021- 7-30  6:27     - 54 44  161 14   3.08 0.04  0.0    4  5.4 11.8      5364
 5365 2021- 7-30  6:46       55 27  160 53  54.61 0.12  0.0    9  4.6  3.8      5365
 5366 2021- 7-30  6:47     - 55 19  161 15   3.39 0.22  0.0    4  8.6 19.5      5366
 *** DISTANCE & RESIDUAL WEIGHTING CANCELLED FOR EVENT: 2021  7 30  7 25
 5367 2021- 7-30  7:25     - 55  3  162 13  21.68 0.85  0.0    4 66.7 41.7      5367
 5368 2021- 7-30  7:25       55 15  160 22  52.81 0.20  0.0   11  6.6  9.9      5368
 *** DISTANCE & RESIDUAL WEIGHTING CANCELLED FOR EVENT: 2021  7 30  7 44
 5369 2021- 7-30  7:44     - 55 20  162  5   2.97 0.46  0.0    4  4.5 35.3      5369
 5370 2021- 7-30  7:43     - 55 16  160 25   3.01 0.21  0.0    4 19.0 20.9      5370
  SEQ ---DATE--- TIME REMARK -LAT-  --LON-  DEPTH  RMS PMAG  NUM  ERH  ERZ  ID
 5371 2021- 7-30  7:59     - 55 22  162 17   3.00 0.22  0.0    5  2.5 21.3      5371
 5372 2021- 7-30  8:40       55  5  161 44  11.43 0.03  0.0    5  2.0  1.5      5372
 5373 2021- 7-30  9:27     - 55  8  162 46   3.70 0.56  0.0    7 14.0 37.3      5373
 5374 2021- 7-30  9:28     - 55 22  161 11   3.08 0.03  0.0    4  6.1 11.3      5374
 *** DISTANCE & RESIDUAL WEIGHTING CANCELLED FOR EVENT: 2021  7 30  9 55
 5375 2021- 7-30  9:55     # 54 58  161 38   3.00 0.32  0.0    5  7.5  1.9      5375
 *** DISTANCE & RESIDUAL WEIGHTING CANCELLED FOR EVENT: 2021  7 30  9 55
 5376 2021- 7-30  9:55     - 54 45  161 19   3.00 1.70  0.0    4 41.4 89.9      5376
 5377 2021- 7-30  9:58       55  7  161 49   9.45 0.12  0.0    8  1.3  1.7      5377
 5378 2021- 7-30  9:59     - 55 44  160 54   3.02 0.22  0.0    5  9.3 20.2      5378
 5379 2021- 7-30 10:21     - 55 18  160 37   2.26 0.34  0.0   11 12.9 27.5      5379
 *** DISTANCE & RESIDUAL WEIGHTING CANCELLED FOR EVENT: 2021  7 30 10 30
 5380 2021- 7-30 10:30     # 55  7  162 10  20.51 0.39  0.0    4  4.9 15.7      5380
 *** DISTANCE & RESIDUAL WEIGHTING CANCELLED FOR EVENT: 2021  7 30 11 56
 5381 2021- 7-30 11:55     - 55 15  160 40   3.00 0.57  0.0    5 39.9 49.1      5381
 5382 2021- 7-30 12:34     - 55 27  161 49   8.73 0.01  0.0    4  6.4 10.0      5382
 *** DISTANCE & RESIDUAL WEIGHTING CANCELLED FOR EVENT: 2021  7 30 12 34
 5383 2021- 7-30 12:34     # 55 28  161 43  19.20 0.89  0.0    7 13.2  5.8      5383
 5384 2021- 7-30 12:38     - 54 55  161 15   3.00 0.06  0.0    5 12.4 13.3      5384
 5385 2021- 7-30 12:53     - 55 10  161 27  18.01 0.05  0.0    4 10.9  3.1      5385
 *** DISTANCE & RESIDUAL WEIGHTING CANCELLED FOR EVENT: 2021  7 30 12 53
  SEQ ---DATE--- TIME REMARK -LAT-  --LON-  DEPTH  RMS PMAG  NUM  ERH  ERZ  ID
 5386 2021- 7-30 12:53     - 55 21  161 32   1.45 0.36  0.0    4 20.2 17.9      5386
 5387 2021- 7-30 13:28     - 55 15  160 55   3.36 0.22  0.0   10  8.8 19.1      5387
 5388 2021- 7-30 13:29       55 12  161 26   3.15 0.01  0.0    4  3.1  1.2      5388
 5389 2021- 7-30 13:53     - 55 22  160  3   3.02 0.29  0.0    6 22.3 26.7      5389
 5390 2021- 7-30 14:20       55 15  161 35  19.63 0.05  0.0    6  4.3  4.5      5390
 *** DISTANCE & RESIDUAL WEIGHTING CANCELLED FOR EVENT: 2021  7 30 14 21
 5391 2021- 7-30 14:21     - 55 26  161 59   2.08 1.17  0.0    4  9.3 71.7      5391
 5392 2021- 7-30 14:31     - 55 18  161 27   1.55 0.14  0.0    5  3.3 16.4      5392
 5393 2021- 7-30 14:31     - 55  6  160 57   3.04 0.14  0.0    4 14.3 16.7      5393
 5394 2021- 7-30 14:35     - 55  5  161  7   1.39 0.37  0.0    6 14.4 27.7      5394
 5395 2021- 7-30 14:40     - 55 11  161 54   2.88 0.01  0.0    4  4.2 10.9      5395
 5396 2021- 7-30 14:42     - 55 10  160 57   6.59 0.31  0.0   14  2.0 28.5      5396
 5397 2021- 7-30 14:42       55 14  161 36  20.27 0.04  0.0    5  6.1  4.6      5397
 5398 2021- 7-30 14:44     - 55 11  160 46   2.60 0.26  0.0    8 10.3 22.1      5398
 5399 2021- 7-30 14:58     - 55 14  160 43  31.51 0.16  0.0   10 16.0  1.8      5399
 5400 2021- 7-30 14:59       55  9  161 43  26.27 0.03  0.0    5  2.0  1.2      5400
 *** DISTANCE & RESIDUAL WEIGHTING CANCELLED FOR EVENT: 2021  7 30 15 27
  SEQ ---DATE--- TIME REMARK -LAT-  --LON-  DEPTH  RMS PMAG  NUM  ERH  ERZ  ID
 5401 2021- 7-30 15:27     # 55 17  161 55   2.94 0.57  0.0    5  4.2  4.9      5401
 5402 2021- 7-30 16:57     - 54 29  161 48   3.13 0.16  0.0    9  7.4 16.1      5402
 *** DISTANCE & RESIDUAL WEIGHTING CANCELLED FOR EVENT: 2021  7 30 19  3
 5403 2021- 7-30 19:03     # 54 58  162 12   3.00 2.29  0.0    4 24.5 88.2      5403
 5404 2021- 7-30 19:16     - 55 14  160 52   3.41 0.30  0.0   10 11.3 25.1      5404
 5405 2021- 7-30 20:11     - 54 19  161 44  17.16 0.29  0.0    4 27.1 27.1      5405
 5406 2021- 7-30 21:25     - 54 22  161 28   2.76 0.21  0.0    6  9.0 19.0      5406
 5407 2021- 7-30 21:44     - 55 15  160 27  33.49 0.19  0.0    9 19.0 19.8      5407
 5408 2021- 7-30 21:55     - 55 28  161 47   8.42 0.01  0.0    4  7.1  9.4      5408
 5409 2021- 7-30 22:12     - 55 15  161  0  40.00 0.09  0.0    6 12.7  7.2      5409
 5410 2021- 7-30 23:32     - 55 20  161  6  45.37 0.13  0.0    7 12.4  4.4      5410
 5411 2021- 7-30 23:42     - 55 14  160 56   3.00 0.21  0.0    8 17.8 21.3      5411
 5412 2021- 7-31  0:59       55 17  161  6  32.65 0.16  0.0    9 12.2  1.1      5412
 5413 2021- 7-31  1:48     - 54 36  161 24   2.93 0.06  0.0    4  5.5 12.2      5413
 5414 2021- 7-31  3:25     - 55 13  161 12  28.83 0.20  0.0    8 14.1  7.3      5414
 5415 2021- 7-31  3:31     - 55 16  161 49   2.85 0.16  0.0    4  3.4 17.3      5415
  SEQ ---DATE--- TIME REMARK -LAT-  --LON-  DEPTH  RMS PMAG  NUM  ERH  ERZ  ID
 5416 2021- 7-31  4:21     - 55 18  161 40  14.62 0.10  0.0    4  8.6 11.3      5416
 5417 2021- 7-31  4:48     - 55 28  161 18  16.63 0.33  0.0    5 28.0 13.9      5417
 5418 2021- 7-31  5:03     - 55 19  160 59  48.11 0.16  0.0    7 14.3  5.3      5418
 5419 2021- 7-31  5:05     - 55 23  161  5   3.28 0.23  0.0    5  9.8 19.7      5419
 5420 2021- 7-31 11:13     - 55 24  161 48   2.78 0.01  0.0    4  4.3  9.4      5420
 5421 2021- 7-31 11:31     - 55  0  161 19   3.00 0.08  0.0    4 10.3 14.1      5421
 5422 2021- 7-31 12:12     - 54 34  161 51   2.84 0.16  0.0   14  6.9 14.5      5422
 5423 2021- 7-31 12:58     - 55 13  161 53   2.94 0.14  0.0    4  4.0 15.3      5423
 5424 2021- 7-31 14:04       54 58  162 25  24.20 0.24  0.0    5  3.7  8.4      5424
 5425 2021- 7-31 15:28     - 55 17  160 51  46.35 0.18  0.0    8 16.3  6.9      5425
 5426 2021- 7-31 15:40     - 55 22  161 35  11.35 0.22  0.0    4  8.1 20.3      5426
 5427 2021- 7-31 18:04     - 55 26  161 18  42.08 0.27  0.0    8 18.0 11.5      5427
 5428 2021- 7-31 18:28     - 54 60  161 21  28.91 0.21  0.0    5 19.1  7.7      5428
 5429 2021- 7-31 19:15     - 55 27  161 40  27.31 0.37  0.0    5 22.1 24.0      5429
 5430 2021- 7-31 19:29     - 55 23  161 27  35.83 0.05  0.0    4 11.4  3.9      5430
  SEQ ---DATE--- TIME REMARK -LAT-  --LON-  DEPTH  RMS PMAG  NUM  ERH  ERZ  ID
 5431 2021- 7-31 19:38     - 54 23  161 54   1.62 0.15  0.0    5  7.6 16.1      5431
 5432 2021- 7-31 23:17     - 55 19  160 40   3.67 0.70  0.0   11 23.1 49.6      5432
 5433 2021- 7-31 23:59     - 55 19  162  4   2.99 0.07  0.0    4  1.0 13.6      5433
 5434 2021- 8- 1  1:20     - 54 33  162  4   3.54 0.09  0.0    4  6.0 13.4      5434
 5435 2021- 8- 1  1:49     # 55 14  161 21   4.01 0.16  0.0    9  1.6  1.6      5435
 *** DISTANCE & RESIDUAL WEIGHTING CANCELLED FOR EVENT: 2021  8  1  1 50
 5436 2021- 8- 1  1:49     - 54 52  161 38   3.00 1.08  0.0    4 66.9 21.2      5436
 *** DISTANCE & RESIDUAL WEIGHTING CANCELLED FOR EVENT: 2021  8  1  1 50
 5437 2021- 8- 1  1:50     - 55 16  162 20   3.03 1.70  0.0    4 19.5 98.7      5437
 *** DISTANCE & RESIDUAL WEIGHTING CANCELLED FOR EVENT: 2021  8  1  3 51
 5438 2021- 8- 1  3:50     - 55 40  162 26   3.00 0.76  0.0    4 27.5 58.2      5438
 5439 2021- 8- 1  4:56     - 55 16  163 17   4.00 0.27  0.0    6 11.5 22.4      5439
 5440 2021- 8- 1  4:56     # 55 23  161 56   4.34 0.44  0.0    7  2.4  5.3      5440
 5441 2021- 8- 1  5:37       55 15  161  4  54.87 0.13  0.0    9  3.6  5.3      5441
 5442 2021- 8- 1  5:38       55 20  161 49  27.85 2.00  0.0    5 28.6 46.0      5442
 5443 2021- 8- 1  5:56     - 55 11  160 43   0.60 0.21  0.0   10  8.8 19.1      5443
 5444 2021- 8- 1  5:57     - 55 41  162  3   4.13 0.03  0.0    4 10.7  1.0      5444
 5445 2021- 8- 1  5:56     - 55 31  159 59   3.01 0.46  0.0    5 32.6 39.9      5445
  SEQ ---DATE--- TIME REMARK -LAT-  --LON-  DEPTH  RMS PMAG  NUM  ERH  ERZ  ID
 5446 2021- 8- 1  6:07     - 54 59  161  2   2.67 0.20  0.0    5  8.8 18.6      5446
 5447 2021- 8- 1  6:08     - 55 19  161 10   3.10 0.13  0.0    4  7.0 14.7      5447
 5448 2021- 8- 1  6:37     - 54 32  161 57   2.83 0.42  0.0    9 14.0 33.5      5448
 5449 2021- 8- 1  6:37     - 55  5  162 39   3.09 0.23  0.0    4 20.6 22.0      5449
 *** DISTANCE & RESIDUAL WEIGHTING CANCELLED FOR EVENT: 2021  8  1  7 42
 5450 2021- 8- 1  7:42     # 55 11  161 50   6.46 0.30  0.0    5 12.1  6.0      5450
 5451 2021- 8- 1  7:43     - 55  6  161 12   3.11 0.46  0.0    6 15.6 36.1      5451
 5452 2021- 8- 1  7:51     - 54 47  161  7  32.77 0.20  0.0   10 14.9 20.6      5452
 5453 2021- 8- 1  7:51       55 10  161 53   5.22 0.19  0.0    8  0.8  0.7      5453
 5454 2021- 8- 1  8:59       55 20  160 43  46.82 0.27  0.0   10  5.9  8.6      5454
 5455 2021- 8- 1  9:00     - 54 50  160 52   2.99 0.56  0.0    5 39.2 47.6      5455
 5456 2021- 8- 1  9:50     - 55  5  160 42  36.02 0.25  0.0   10 16.9 18.0      5456
 5457 2021- 8- 1  9:51     - 55  3  160 49  33.71 0.60  0.0    8 38.7 48.5      5457
 5458 2021- 8- 1 10:08       55  7  161 17  30.98 0.03  0.0    6  2.5  3.7      5458
 *** DISTANCE & RESIDUAL WEIGHTING CANCELLED FOR EVENT: 2021  8  1 10  9
 5459 2021- 8- 1 10:09     - 55 11  161 20   2.55 0.59  0.0    4 31.8 50.9      5459
 *** DISTANCE & RESIDUAL WEIGHTING CANCELLED FOR EVENT: 2021  8  1 10 28
 5460 2021- 8- 1 10:28     # 55  8  161 57   0.67 0.73  0.0    5  4.8 30.5      5460
  SEQ ---DATE--- TIME REMARK -LAT-  --LON-  DEPTH  RMS PMAG  NUM  ERH  ERZ  ID
 5461 2021- 8- 1 11:52     - 55 31  160 55   3.12 0.19  0.0    7  8.4 17.6      5461
 5462 2021- 8- 1 12:10     - 55 12  161 55   0.37 0.04  0.0    4  0.7 10.7      5462
 5463 2021- 8- 1 13:04     - 54 47  160 53  33.18 0.22  0.0   10 17.2 22.2      5463
 5464 2021- 8- 1 13:04     - 54 39  160 41  35.57 0.20  0.0    9 14.0 18.1      5464
 5465 2021- 8- 1 13:43       55 12  160 46  53.33 0.22  0.0   13  4.8  6.2      5465
 5466 2021- 8- 1 13:43     - 55  7  161 24  31.55 0.13  0.0    5 11.3  6.4      5466
 5467 2021- 8- 1 14:44     - 55  8  160 39   0.64 0.28  0.0   12 10.5 23.4      5467
 5468 2021- 8- 1 14:45     # 55 39  162  6   3.65 0.22  0.0    4  2.2  2.7      5468
 5469 2021- 8- 1 15:27     - 54 45  159 11   2.97 0.28  0.0    9 21.6 22.0      5469
 5470 2021- 8- 1 15:28     - 55 14  160 45   3.03 0.74  0.0   10 45.7 62.7      5470
 *** DISTANCE & RESIDUAL WEIGHTING CANCELLED FOR EVENT: 2021  8  1 16  0
 5471 2021- 8- 1 15:59     # 55 19  162  5   3.00 3.40  0.0    5 35.2 98.9      5471
 5472 2021- 8- 1 16:11     - 55  8  160 49  30.68 0.16  0.0    8 16.3  1.9      5472
 5473 2021- 8- 1 16:11     - 55  8  160 58  31.42 0.25  0.0    8 18.6  1.5      5473
 *** DISTANCE & RESIDUAL WEIGHTING CANCELLED FOR EVENT: 2021  8  1 19 35
 5474 2021- 8- 1 19:35     # 55 25  161 56   3.00 1.47  0.0    4  7.3 13.9      5474
 5475 2021- 8- 1 20:01     - 55 15  161  9  33.42 0.09  0.0    7 12.1  4.2      5475
  SEQ ---DATE--- TIME REMARK -LAT-  --LON-  DEPTH  RMS PMAG  NUM  ERH  ERZ  ID
 5476 2021- 8- 1 20:02     - 55 52  162  6   6.65 0.43  0.0    4 19.2 38.3      5476
 *** DISTANCE & RESIDUAL WEIGHTING CANCELLED FOR EVENT: 2021  8  1 20 37
 5477 2021- 8- 1 20:37     # 54 45  162  7   3.00 1.81  0.0    4 24.2 18.2      5477
 5478 2021- 8- 1 21:35     - 55 12  161  1   4.80 0.33  0.0   10 12.1 26.4      5478
 5479 2021- 8- 1 21:45     - 54 49  161  2  23.88 0.18  0.0    6 17.8 11.8      5479
 5480 2021- 8- 1 21:45     - 54 48  161 11  33.02 0.31  0.0    7 22.6 28.6      5480
 5481 2021- 8- 2  0:25     - 54 55  161 28  27.26 0.13  0.0    7 14.8  4.2      5481
 5482 2021- 8- 2  0:57     - 54 40  161  8   1.53 0.32  0.0   14 10.9 23.3      5482
 5483 2021- 8- 2  4:48     - 55  7  161  1   2.58 0.14  0.0    8  6.8 15.6      5483
 *** DISTANCE & RESIDUAL WEIGHTING CANCELLED FOR EVENT: 2021  8  2  4 49
 5484 2021- 8- 2  4:49     # 55 29  162  0   9.38 1.27  0.0    5 10.2 37.8      5484
 5485 2021- 8- 2  5:21     - 55 32  162  5   3.32 0.00  0.0    4  4.7  8.1      5485
 5486 2021- 8- 2  5:24       55 26  161 17  50.21 0.15  0.0    6 10.1  7.0      5486
 5487 2021- 8- 2  5:24     - 55 21  160 60   1.74 0.46  0.0    5 16.5 36.1      5487
 *** DISTANCE & RESIDUAL WEIGHTING CANCELLED FOR EVENT: 2021  8  2  5 30
 5488 2021- 8- 2  5:30     - 55 52  162  9   2.98 0.17  0.0    4  8.2 17.1      5488
 5489 2021- 8- 2  5:52     - 54 54  161  8   2.90 0.16  0.0    6  7.4 16.3      5489
 *** DISTANCE & RESIDUAL WEIGHTING CANCELLED FOR EVENT: 2021  8  2  6 32
 5490 2021- 8- 2  6:31     # 55  3  162 15   0.08 0.19  0.0    4  8.3  6.5      5490
  SEQ ---DATE--- TIME REMARK -LAT-  --LON-  DEPTH  RMS PMAG  NUM  ERH  ERZ  ID
 5491 2021- 8- 2  6:32     - 55  4  162 38   0.19 0.06  0.0    4  1.8 13.6      5491
 5492 2021- 8- 2  7:16     - 55 19  160 54  33.22 0.09  0.0    9  3.2 13.8      5492
 5493 2021- 8- 2  8:00     - 54 31  161  8  20.36 0.15  0.0   11  1.6 16.1      5493
 5494 2021- 8- 2  9:02     # 55  4  161 28   0.09 0.20  0.0    5 12.7  4.5      5494
 5495 2021- 8- 2 13:21     - 54 20  162 40   2.58 0.11  0.0    8  6.6 14.2      5495
 5496 2021- 8- 2 13:24       55  5  161 39  15.70 0.07  0.0    6  1.5  3.2      5496
 *** DISTANCE & RESIDUAL WEIGHTING CANCELLED FOR EVENT: 2021  8  2 13 25
 5497 2021- 8- 2 13:24     # 55 29  161 55   3.00 1.45  0.0    5 15.9 23.8      5497
 *** DISTANCE & RESIDUAL WEIGHTING CANCELLED FOR EVENT: 2021  8  2 13 39
 5498 2021- 8- 2 13:39     - 54 56  161 29   2.99 0.13  0.0    4 12.8  9.7      5498
 5499 2021- 8- 2 13:39     - 55  4  162 37   1.47 0.07  0.0    4  3.0 13.8      5499
 5500 2021- 8- 2 17:31     - 54 53  163 28   2.85 0.04  0.0    5  5.4 11.8      5500
 *** DISTANCE & RESIDUAL WEIGHTING CANCELLED FOR EVENT: 2021  8  2 18 34
 5501 2021- 8- 2 18:34     - 55 14  161 35  10.21 0.23  0.0    4 17.0 12.2      5501
 5502 2021- 8- 2 19:47     - 54 53  161 26  27.21 0.22  0.0    6 20.1  8.8      5502
 5503 2021- 8- 2 19:47     - 54 42  161 15   4.44 0.35  0.0    6 23.4 31.7      5503
 5504 2021- 8- 2 20:10     - 54 37  163 23   2.89 0.01  0.0    4  5.4 11.4      5504
 5505 2021- 8- 2 21:57     # 55  2  161 33  15.08 0.12  0.0    6  3.6  7.4      5505
  SEQ ---DATE--- TIME REMARK -LAT-  --LON-  DEPTH  RMS PMAG  NUM  ERH  ERZ  ID
 5506 2021- 8- 2 21:57       55 10  161 57  26.48 0.01  0.0    4  0.8  1.7      5506
 5507 2021- 8- 2 22:36     - 55 22  161 31  52.85 0.46  0.0    9 18.3 26.0      5507
 *** DISTANCE & RESIDUAL WEIGHTING CANCELLED FOR EVENT: 2021  8  2 23 42
 5508 2021- 8- 2 23:42     - 54 46  162 49   2.94 0.28  0.0    4 11.5 24.2      5508
 5509 2021- 8- 3  3:28       54 49  161  8  52.71 0.09  0.0   19  2.1  3.5      5509
 *** DISTANCE & RESIDUAL WEIGHTING CANCELLED FOR EVENT: 2021  8  3  3 44
 5510 2021- 8- 3  3:44     - 55 36  162 15   3.00 0.51  0.0    5 21.0 29.0      5510
 5511 2021- 8- 3  6:38     - 54 36  163 22   2.89 0.03  0.0    4  5.3 11.6      5511
 5512 2021- 8- 3  6:43     - 55 26  160 57  11.67 0.29  0.0    7 18.1 19.7      5512
 *** DISTANCE & RESIDUAL WEIGHTING CANCELLED FOR EVENT: 2021  8  3  6 44
 5513 2021- 8- 3  6:44     # 55 16  161 52   1.49 0.71  0.0    5  3.6 37.7      5513
 *** DISTANCE & RESIDUAL WEIGHTING CANCELLED FOR EVENT: 2021  8  3  7 33
 5514 2021- 8- 3  7:33     - 55 23  160 59   3.00 1.19  0.0    4 39.8 87.9      5514
 5515 2021- 8- 3  7:40       55 14  161  2  47.61 0.17  0.0   10  4.2  5.0      5515
 *** DISTANCE & RESIDUAL WEIGHTING CANCELLED FOR EVENT: 2021  8  3  7 40
 5516 2021- 8- 3  7:40     - 55 12  158 39   3.00 1.45  0.0    5 80.4 80.4      5516
 5517 2021- 8- 3  8:24     - 54 41  160 23  39.30 0.44  0.0   12  4.6 31.8      5517
 5518 2021- 8- 3  9:28     - 55 20  161 40   0.80 0.13  0.0    4 13.5 10.6      5518
 *** DISTANCE & RESIDUAL WEIGHTING CANCELLED FOR EVENT: 2021  8  3 16  2
 5519 2021- 8- 3 16:02     # 55 15  162 32   3.00 0.77  0.0    5  8.0 12.7      5519
 5520 2021- 8- 3 16:43       54 57  162 15   5.48 0.09  0.0    6  5.9  5.4      5520
  SEQ ---DATE--- TIME REMARK -LAT-  --LON-  DEPTH  RMS PMAG  NUM  ERH  ERZ  ID
 5521 2021- 8- 3 16:43     - 54 16  163 30   0.19 0.20  0.0    4 20.1 10.3      5521
 5522 2021- 8- 3 16:50     # 54 56  162 15   5.27 0.15  0.0    6  8.1  8.0      5522
 *** DISTANCE & RESIDUAL WEIGHTING CANCELLED FOR EVENT: 2021  8  3 16 50
 5523 2021- 8- 3 16:50     - 54 31  162 32   3.03 0.44  0.0    6 31.6 19.5      5523
 5524 2021- 8- 3 17:49     - 54 53  162 13   4.82 0.10  0.0    4 11.8  7.8      5524
 *** DISTANCE & RESIDUAL WEIGHTING CANCELLED FOR EVENT: 2021  8  3 17 50
 5525 2021- 8- 3 17:50     - 54 38  162 14   3.00 0.67  0.0    5 51.1 55.7      5525
 5526 2021- 8- 3 18:41     - 54 47  160 53  26.17 0.20  0.0   11 16.7  3.9      5526
 5527 2021- 8- 3 18:41     - 54 26  160  6   0.99 0.28  0.0    9 17.8 16.6      5527
 5528 2021- 8- 3 18:43       55 19  161 39   6.96 0.00  0.0    4  7.0  3.5      5528
 5529 2021- 8- 3 19:14     - 55 27  161 40   0.17 0.23  0.0    4 14.5 17.9      5529
 5530 2021- 8- 3 20:05     - 55 29  160 56   3.00 0.69  0.0    8 23.7 52.7      5530
 *** DISTANCE & RESIDUAL WEIGHTING CANCELLED FOR EVENT: 2021  8  3 21 17
 5531 2021- 8- 3 21:16     # 55 27  161 39   7.71 0.50  0.0    5  7.4 13.0      5531
 5532 2021- 8- 3 21:30       55 20  160 40  62.40 0.36  0.0   11  7.5  8.4      5532
 5533 2021- 8- 3 21:40     - 55 19  161 40   2.64 0.02  0.0    4  5.0  9.2      5533
 5534 2021- 8- 3 22:14     - 55 19  162  3   0.08 1.17  0.0    4 80.3 57.1      5534
 5535 2021- 8- 3 23:31     # 55 18  161 19  16.29 0.36  0.0   11  2.0  2.4      5535
  SEQ ---DATE--- TIME REMARK -LAT-  --LON-  DEPTH  RMS PMAG  NUM  ERH  ERZ  ID
 5536 2021- 8- 3 23:32       55 13  162 12  15.64 0.00  0.0    4  0.8  1.0      5536
 5537 2021- 8- 4  3:18     - 55 21  161 10  43.75 0.24  0.0   10 17.1  4.8      5537
 5538 2021- 8- 4  3:19     - 55 32  161 46   2.13 0.11  0.0    5  2.9 14.1      5538
 *** DISTANCE & RESIDUAL WEIGHTING CANCELLED FOR EVENT: 2021  8  4  4 35
 5539 2021- 8- 4  4:34     - 55 57  162  7   2.92 0.30  0.0    4 11.8 25.2      5539
 5540 2021- 8- 4  5:21       55 15  161 51  12.68 0.04  0.0    5  2.5  1.3      5540
 *** DISTANCE & RESIDUAL WEIGHTING CANCELLED FOR EVENT: 2021  8  4  5 35
 5541 2021- 8- 4  5:35     # 54 53  162  3   3.00 1.91  0.0    6 14.5 34.8      5541
 5542 2021- 8- 4  5:35     - 54 48  161 42   3.05 0.15  0.0    5 15.3 16.0      5542
 5543 2021- 8- 4  7:21     - 55  1  161 26  28.22 0.26  0.0    8 18.4  7.0      5543
 5544 2021- 8- 4  7:21     - 54 57  161 14  33.86 0.15  0.0    7 12.9  3.1      5544
 5545 2021- 8- 4  8:15     - 54 47  162 54   2.93 0.09  0.0    4  6.1 13.3      5545
 5546 2021- 8- 4 10:09     - 54 26  161 57   2.90 0.17  0.0   13  7.6 16.3      5546
 5547 2021- 8- 4 10:26     - 54 27  161 55   2.41 0.16  0.0   10  7.5 16.0      5547
 5548 2021- 8- 4 11:05       55 41  162  4   2.49 0.17  0.0    5  6.0  4.1      5548
 5549 2021- 8- 4 11:05     - 54 55  160 60   2.89 0.14  0.0    6  7.3 15.2      5549
 5550 2021- 8- 4 11:07     - 55 38  162  0   0.01 0.21  0.0    5 10.1 14.3      5550
 *** DISTANCE & RESIDUAL WEIGHTING CANCELLED FOR EVENT: 2021  8  4 14 47
  SEQ ---DATE--- TIME REMARK -LAT-  --LON-  DEPTH  RMS PMAG  NUM  ERH  ERZ  ID
 5551 2021- 8- 4 14:47     # 55 20  161 55  22.81 1.43  0.0    6 17.0 27.4      5551
 5552 2021- 8- 4 14:48     - 55 25  162  8   1.88 0.08  0.0    4  1.0 13.9      5552
 5553 2021- 8- 4 16:39     - 55 51  162  8   0.73 0.25  0.0    4 24.6 18.9      5553
 *** DISTANCE & RESIDUAL WEIGHTING CANCELLED FOR EVENT: 2021  8  4 16 50
 5554 2021- 8- 4 16:50     # 55 11  161 54   9.13 0.50  0.0    6 12.7 18.7      5554
 5555 2021- 8- 4 16:50     - 54 54  161 17  24.42 0.09  0.0    6 12.5  2.5      5555
 5556 2021- 8- 4 18:23     - 55 13  161  6   2.86 0.12  0.0    4  7.0 14.3      5556
 *** DISTANCE & RESIDUAL WEIGHTING CANCELLED FOR EVENT: 2021  8  5  0  0
 5557 2021- 8- 4 23:59     # 55 25  161 57   3.00 0.29  0.0    5  2.0 10.3      5557
 *** DISTANCE & RESIDUAL WEIGHTING CANCELLED FOR EVENT: 2021  8  5  0 36
 5558 2021- 8- 5  0:36     # 55  2  162 26  25.01 0.57  0.0    8 10.5  9.0      5558
 5559 2021- 8- 5  1:46     - 55 38  162 44   2.20 0.35  0.0    5 13.5 26.0      5559
 *** DISTANCE & RESIDUAL WEIGHTING CANCELLED FOR EVENT: 2021  8  5  3 54
 5560 2021- 8- 5  3:54     - 55 12  161 54   2.84 0.52  0.0    5  8.1 35.7      5560
 *** DISTANCE & RESIDUAL WEIGHTING CANCELLED FOR EVENT: 2021  8  5  6 31
 5561 2021- 8- 5  6:30     - 55 19  160 57   1.35 0.26  0.0    4 12.0 21.2      5561
 5562 2021- 8- 5  7:16     - 55  2  161 16   3.04 0.23  0.0    9  8.2 17.8      5562
 5563 2021- 8- 5  7:16     - 55 41  163  6   0.01 0.72  0.0    4 25.0 52.1      5563
 *** DISTANCE & RESIDUAL WEIGHTING CANCELLED FOR EVENT: 2021  8  5  8  0
 5564 2021- 8- 5  7:59     # 55 40  162 10   3.00 6.13  0.0    6 69.9 67.1      5564
 5565 2021- 8- 5  8:28     # 54 53  162 11   0.02 0.22  0.0    8  4.4  3.1      5565
  SEQ ---DATE--- TIME REMARK -LAT-  --LON-  DEPTH  RMS PMAG  NUM  ERH  ERZ  ID
 5566 2021- 8- 5  8:28     - 54 22  162 52   3.76 0.31  0.0    5 24.1 13.5      5566
 5567 2021- 8- 5  9:31     - 54 42  161  3  28.20 0.20  0.0   10 17.2  3.3      5567
 5568 2021- 8- 5  9:32     - 55  7  161  6   3.01 0.27  0.0    7 22.7 25.1      5568
 5569 2021- 8- 5  9:32     - 55  7  160 50   3.03 0.26  0.0    5 22.6 24.4      5569
 5570 2021- 8- 5  9:38     - 54 54  161 14   3.00 0.09  0.0    4 10.2 14.5      5570
 5571 2021- 8- 5  9:39     - 55  5  161 39  19.44 0.39  0.0    4 23.0  7.7      5571
 *** DISTANCE & RESIDUAL WEIGHTING CANCELLED FOR EVENT: 2021  8  5  9 40
 5572 2021- 8- 5  9:40     # 55  9  161 49  23.91 0.66  0.0    7 16.5 16.2      5572
 5573 2021- 8- 5  9:40     - 54 56  161 21  23.24 0.10  0.0    5 13.3  2.5      5573
 5574 2021- 8- 5  9:47     - 54 26  162 18   1.97 0.14  0.0    6  7.2 15.6      5574
 *** DISTANCE & RESIDUAL WEIGHTING CANCELLED FOR EVENT: 2021  8  5 10 19
 5575 2021- 8- 5 10:18     - 55 33  163  5   3.00 0.57  0.0    4 20.8 44.5      5575
 *** DISTANCE & RESIDUAL WEIGHTING CANCELLED FOR EVENT: 2021  8  5 10 54
 5576 2021- 8- 5 10:54     - 55 26  162  8   3.00 1.02  0.0    4 36.7 77.9      5576
 *** DISTANCE & RESIDUAL WEIGHTING CANCELLED FOR EVENT: 2021  8  5 12 19
 5577 2021- 8- 5 12:18     # 55 13  161 50   3.00 0.66  0.0    5  7.0  8.4      5577
 5578 2021- 8- 5 12:19       55 30  161 40  24.09 0.00  0.0    4  1.6  2.1      5578
 5579 2021- 8- 5 13:16     - 55  2  162 20   2.52 0.01  0.0    4 11.4  2.6      5579
 *** DISTANCE & RESIDUAL WEIGHTING CANCELLED FOR EVENT: 2021  8  5 13 16
 5580 2021- 8- 5 13:16     # 55 16  161 50   3.00 4.35  0.0    4 87.9 45.6      5580
  SEQ ---DATE--- TIME REMARK -LAT-  --LON-  DEPTH  RMS PMAG  NUM  ERH  ERZ  ID
 5581 2021- 8- 5 13:36     - 54 36  161 14  13.72 0.16  0.0   10 14.3  2.2      5581
 5582 2021- 8- 5 13:36     - 54 27  160 57  16.37 0.23  0.0    9 17.8 10.1      5582
 *** DISTANCE & RESIDUAL WEIGHTING CANCELLED FOR EVENT: 2021  8  5 13 54
 5583 2021- 8- 5 13:54     # 55 12  162 18   3.00 1.96  0.0    6 29.6 46.6      5583
 *** DISTANCE & RESIDUAL WEIGHTING CANCELLED FOR EVENT: 2021  8  5 13 55
 5584 2021- 8- 5 13:55     - 55 20  161 30   1.81 0.25  0.0    4  5.2 21.6      5584
 5585 2021- 8- 5 14:10     - 55 20  162 21   2.16 0.07  0.0    4  5.8 13.3      5585
 *** DISTANCE & RESIDUAL WEIGHTING CANCELLED FOR EVENT: 2021  8  5 15 45
 5586 2021- 8- 5 15:45     # 55 10  161 56   3.00 1.94  0.0    4 60.0 78.8      5586
 5587 2021- 8- 5 15:46       55 21  161 54  17.93 0.00  0.0    4  3.5  2.7      5587
 5588 2021- 8- 5 16:12     - 55 25  161 48   1.60 0.18  0.0    4  2.9 16.8      5588
 *** DISTANCE & RESIDUAL WEIGHTING CANCELLED FOR EVENT: 2021  8  5 16 19
 5589 2021- 8- 5 16:19     - 55 33  161 52  52.33 0.29  0.0    4 27.1  4.9      5589
 5590 2021- 8- 5 16:19     - 55 13  161 37   3.13 0.20  0.0    4  3.4 20.5      5590
 5591 2021- 8- 5 16:27     - 55  0  161 17   5.25 0.16  0.0    5  7.9 16.3      5591
 5592 2021- 8- 5 16:28       55 20  161 59  13.19 0.62  0.0    8  3.1  5.7      5592
 *** DISTANCE & RESIDUAL WEIGHTING CANCELLED FOR EVENT: 2021  8  5 16 30
 5593 2021- 8- 5 16:30     - 55 25  162 10   3.05 0.70  0.0    6  3.9 49.7      5593
 5594 2021- 8- 5 17:04     # 55 19  161 14  66.12 0.31  0.0    8  9.7  8.4      5594
 *** DISTANCE & RESIDUAL WEIGHTING CANCELLED FOR EVENT: 2021  8  5 17  5
 5595 2021- 8- 5 17:05     # 55 28  162 17   2.77 0.67  0.0    6  4.4 10.8      5595
  SEQ ---DATE--- TIME REMARK -LAT-  --LON-  DEPTH  RMS PMAG  NUM  ERH  ERZ  ID
 5596 2021- 8- 5 17:20     - 54 46  160 21  32.95 0.25  0.0    9 21.7 24.3      5596
 5597 2021- 8- 5 18:00     # 55 21  160 59  37.75 0.46  0.0   10 27.1 12.0      5597
 *** DISTANCE & RESIDUAL WEIGHTING CANCELLED FOR EVENT: 2021  8  5 18  1
 5598 2021- 8- 5 18:00     # 55 14  161 50   3.01 0.56  0.0    4  9.2 11.5      5598
 *** DISTANCE & RESIDUAL WEIGHTING CANCELLED FOR EVENT: 2021  8  5 18  1
 5599 2021- 8- 5 18:01     - 55 24  162 36  28.51 1.03  0.0    4 50.9 70.5      5599
 5600 2021- 8- 5 19:19     - 54 36  161 20   3.06 0.11  0.0    6  6.5 14.0      5600
 5601 2021- 8- 5 19:34     - 55 31  160 39   3.03 0.31  0.0    5 24.9 28.3      5601
 5602 2021- 8- 5 19:53     - 55  2  160 54   2.67 0.43  0.0    7 15.7 34.0      5602
 5603 2021- 8- 5 21:11     - 55  0  162 33   2.57 0.08  0.0    4 10.0  7.4      5603
 5604 2021- 8- 5 21:24     - 55 10  161 48  11.81 0.11  0.0    4 10.4  9.2      5604
 5605 2021- 8- 5 21:43     - 55 19  160 59   3.26 0.71  0.0   11 18.2 40.5      5605
 5606 2021- 8- 5 21:44     - 55 49  162 21   2.95 0.38  0.0    6 15.1 30.0      5606
 5607 2021- 8- 5 22:08     - 55 54  162 14  20.91 0.19  0.0    4 20.0  3.8      5607
 *** DISTANCE & RESIDUAL WEIGHTING CANCELLED FOR EVENT: 2021  8  5 23  2
 5608 2021- 8- 5 23:02     # 54 60  162 38   3.00 0.33  0.0    4  3.8  2.6      5608
 5609 2021- 8- 5 23:12     # 54 55  162 12   1.14 0.17  0.0    7  2.4  3.9      5609
 *** DISTANCE & RESIDUAL WEIGHTING CANCELLED FOR EVENT: 2021  8  5 23 12
 5610 2021- 8- 5 23:12     # 54 57  162 14   1.87 0.87  0.0    5 17.2  8.9      5610
  SEQ ---DATE--- TIME REMARK -LAT-  --LON-  DEPTH  RMS PMAG  NUM  ERH  ERZ  ID
 5611 2021- 8- 5 23:26     # 54 55  162 11   0.19 0.16  0.0    7  2.7  4.9      5611
 5612 2021- 8- 5 23:26     - 54 13  162 54   2.40 0.06  0.0    5 10.4  7.4      5612
 5613 2021- 8- 5 23:47     - 54 53  162 13   3.47 0.11  0.0    4 12.7  8.0      5613
 5614 2021- 8- 5 23:47     - 54 34  162 23   3.00 0.65  0.0    4 49.3 52.2      5614
 5615 2021- 8- 5 23:56     # 55 24  161 18  33.95 0.18  0.0    7  6.0  2.5      5615
 5616 2021- 8- 5 23:56     - 55 30  161 37  14.20 0.06  0.0    4 11.6  5.9      5616
 5617 2021- 8- 5 23:59     - 55 18  162 11   2.96 0.07  0.0    4  2.7 13.6      5617
 5618 2021- 8- 6  1:09       55 13  161 27  24.04 0.06  0.0    7  1.5  2.4      5618
 5619 2021- 8- 6  3:07     - 55 25  161 32   3.62 0.06  0.0    4  3.1 13.0      5619
 5620 2021- 8- 6  3:07     - 55 21  161 49   0.09 0.90  0.0    4 30.2 67.6      5620
 5621 2021- 8- 6  3:37       55 21  161 58  16.52 0.15  0.0    6  2.6  5.0      5621
 5622 2021- 8- 6  3:40     - 54 57  162 11   1.44 0.11  0.0    5  1.9 15.3      5622
 *** DISTANCE & RESIDUAL WEIGHTING CANCELLED FOR EVENT: 2021  8  6  3 41
 5623 2021- 8- 6  3:41     # 55 35  162 29   3.07 0.23  0.0    4  7.2  7.4      5623
 *** DISTANCE & RESIDUAL WEIGHTING CANCELLED FOR EVENT: 2021  8  6  3 41
 5624 2021- 8- 6  3:41     - 55 12  163  2   3.06 0.39  0.0    4 30.9 33.2      5624
 5625 2021- 8- 6  4:28     - 55 27  161 17  26.13 0.10  0.0    5 14.7  5.9      5625
  SEQ ---DATE--- TIME REMARK -LAT-  --LON-  DEPTH  RMS PMAG  NUM  ERH  ERZ  ID
 5626 2021- 8- 6  4:27     - 54 59  159 22   2.98 0.14  0.0    9 11.8 10.7      5626
 5627 2021- 8- 6  6:10     - 55 11  161 49   1.28 0.05  0.0    4  1.6 12.8      5627
 5628 2021- 8- 6  7:53     - 55 17  161 21  28.82 0.06  0.0    7  8.8  4.8      5628
 5629 2021- 8- 6  7:54     # 55 11  161 18   1.13 0.65  0.0    6  9.4  3.2      5629
 5630 2021- 8- 6  9:10     - 54 25  161 52   2.89 0.13  0.0    5  7.0 14.8      5630
 5631 2021- 8- 6  9:18     - 55 15  161 53   2.91 0.97  0.0    5 34.5 69.4      5631
 5632 2021- 8- 6 10:43     - 55 17  163 51   3.02 0.32  0.0    6 18.2 29.3      5632
 5633 2021- 8- 6 11:25     - 55 23  161 34   1.71 0.04  0.0    4  5.1 12.7      5633
 *** DISTANCE & RESIDUAL WEIGHTING CANCELLED FOR EVENT: 2021  8  6 11 32
 5634 2021- 8- 6 11:32     - 55 14  161  2   3.00 1.04  0.0    4 37.1 79.6      5634
 5635 2021- 8- 6 11:34     - 54 53  162 10   0.04 0.15  0.0    5  6.5 17.5      5635
 5636 2021- 8- 6 11:35     - 54 54  162 16   3.85 0.10  0.0    4 11.5  7.9      5636
 5637 2021- 8- 6 12:08     - 55 56  162  5   2.68 0.06  0.0    4  5.6 12.1      5637
 5638 2021- 8- 6 12:24     - 55 20  162 25  25.24 0.43  0.0    4 11.1 27.7      5638
 *** DISTANCE & RESIDUAL WEIGHTING CANCELLED FOR EVENT: 2021  8  6 12 24
 5639 2021- 8- 6 12:24     - 54 54  162 15   3.00 0.26  0.0    4 20.8  4.7      5639
 5640 2021- 8- 6 12:42     - 54 51  160 54  37.32 0.19  0.0    8  3.8 14.0      5640
  SEQ ---DATE--- TIME REMARK -LAT-  --LON-  DEPTH  RMS PMAG  NUM  ERH  ERZ  ID
 5641 2021- 8- 6 12:42     - 54 54  161 20  17.13 0.13  0.0    6 10.1 16.5      5641
 5642 2021- 8- 6 13:43     - 54 27  161 28   2.31 0.24  0.0    7  9.5 20.7      5642
 5643 2021- 8- 6 13:50       55  1  160 24   9.11 0.18  0.0   19  1.1  1.0      5643
 5644 2021- 8- 6 14:04     - 54 58  160 29   2.57 0.16  0.0   11  7.3 16.0      5644
 5645 2021- 8- 6 14:04       55  0  161 17  14.84 0.13  0.0    7  9.1  2.1      5645
 *** DISTANCE & RESIDUAL WEIGHTING CANCELLED FOR EVENT: 2021  8  6 14 25
 5646 2021- 8- 6 14:25     - 55  3  161 14   3.00 0.31  0.0    4 26.3 28.9      5646
 5647 2021- 8- 6 14:31     - 54 26  161 26   4.17 0.17  0.0    5  7.7 17.1      5647
 *** DISTANCE & RESIDUAL WEIGHTING CANCELLED FOR EVENT: 2021  8  6 14 54
 5648 2021- 8- 6 14:53     - 55 12  161 58   2.97 0.36  0.0    4  5.9 29.8      5648
 *** DISTANCE & RESIDUAL WEIGHTING CANCELLED FOR EVENT: 2021  8  6 14 54
 5649 2021- 8- 6 14:54     - 55 18  161 50   1.03 0.04  0.0    4  5.8  8.0      5649
 5650 2021- 8- 6 15:23     - 55 18  162  2   0.35 0.72  0.0    4 60.9 45.2      5650
 *** DISTANCE & RESIDUAL WEIGHTING CANCELLED FOR EVENT: 2021  8  6 16  0
 5651 2021- 8- 6 15:59     # 55 23  162 27   3.00 0.31  0.0    4  7.5  4.8      5651
 5652 2021- 8- 6 16:18     - 54 55  162  9   1.01 0.10  0.0    6  1.8 11.1      5652
 5653 2021- 8- 6 16:23     # 54 55  162 10   0.05 0.21  0.0    6  2.6  8.4      5653
 5654 2021- 8- 6 16:50     - 55  0  161 23  10.40 0.19  0.0    5 14.1 17.8      5654
 5655 2021- 8- 6 16:58     - 55 22  160 35   2.03 0.53  0.0    7 18.1 39.5      5655
 *** DISTANCE & RESIDUAL WEIGHTING CANCELLED FOR EVENT: 2021  8  6 16 59
  SEQ ---DATE--- TIME REMARK -LAT-  --LON-  DEPTH  RMS PMAG  NUM  ERH  ERZ  ID
 5656 2021- 8- 6 16:59     - 55 20  163 52   3.00 0.76  0.0    4 26.2 57.6      5656
 5657 2021- 8- 6 17:10     - 54 33  161 18   1.41 0.18  0.0    5  8.2 17.4      5657
 *** DISTANCE & RESIDUAL WEIGHTING CANCELLED FOR EVENT: 2021  8  6 17 24
 5658 2021- 8- 6 17:24     - 55 14  162  4   1.59 0.56  0.0    4 48.2 37.2      5658
 5659 2021- 8- 6 17:51     - 54 30  161 39   2.14 0.13  0.0    6  7.0 14.7      5659
 5660 2021- 8- 6 18:01     - 55 20  162  0   0.20 0.51  0.0    9  1.7 32.6      5660
 5661 2021- 8- 6 20:31     - 54 55  161 34  61.40 0.07  0.0    5 11.5  7.1      5661
 5662 2021- 8- 6 20:31     - 54 46  161 27  31.83 0.16  0.0    4 14.1  1.0      5662
 5663 2021- 8- 6 21:00     - 55 19  161 40   2.49 0.18  0.0    4  5.2 18.6      5663
 5664 2021- 8- 6 22:23     - 55 34  162 49   3.15 0.14  0.0    5  6.3 14.1      5664
 5665 2021- 8- 6 22:33       54 56  162 13   3.02 0.12  0.0    6  2.3  3.7      5665
 5666 2021- 8- 6 22:33     - 54 37  162 52   8.87 0.42  0.0    5 35.1  7.1      5666
 5667 2021- 8- 6 23:07     - 54 57  162 14   0.13 0.06  0.0    6  1.5 13.3      5667
 5668 2021- 8- 6 23:07     - 54 57  162 15   0.86 0.09  0.0    4  3.0 14.1      5668
 *** DISTANCE & RESIDUAL WEIGHTING CANCELLED FOR EVENT: 2021  8  7  0 29
 5669 2021- 8- 7  0:29     # 55  1  162 20  15.55 0.83  0.0    7 12.5 14.6      5669
 5670 2021- 8- 7  0:40     - 55 16  161 53   6.56 0.02  0.0    4  0.8 11.4      5670
 *** DISTANCE & RESIDUAL WEIGHTING CANCELLED FOR EVENT: 2021  8  7  1 15
  SEQ ---DATE--- TIME REMARK -LAT-  --LON-  DEPTH  RMS PMAG  NUM  ERH  ERZ  ID
 5671 2021- 8- 7  1:15     - 55 23  162 13   2.99 0.24  0.0    4  3.9 22.5      5671
 *** DISTANCE & RESIDUAL WEIGHTING CANCELLED FOR EVENT: 2021  8  7  3 25
 5672 2021- 8- 7  3:25     - 55 27  161 44   3.00 0.41  0.0    4  6.0 29.4      5672
 5673 2021- 8- 7  3:58     - 55 12  161 20   4.44 0.32  0.0    9 17.1 29.6      5673
 *** DISTANCE & RESIDUAL WEIGHTING CANCELLED FOR EVENT: 2021  8  7  3 58
 5674 2021- 8- 7  3:58     # 54 60  161 49   3.20 1.51  0.0    4 25.2 58.9      5674
 5675 2021- 8- 7  4:02     # 54 48  162 24  71.38 1.11  0.0    7 22.6  5.8      5675
 *** DISTANCE & RESIDUAL WEIGHTING CANCELLED FOR EVENT: 2021  8  7  4  2
 5676 2021- 8- 7  4:02     # 55 19  162  2   3.00 3.06  0.0    4 70.6 29.1      5676
 *** DISTANCE & RESIDUAL WEIGHTING CANCELLED FOR EVENT: 2021  8  7  4  9
 5677 2021- 8- 7  4:09     - 55 37  162  3   2.99 0.31  0.0    4  3.5 28.8      5677
 *** DISTANCE & RESIDUAL WEIGHTING CANCELLED FOR EVENT: 2021  8  7  5  7
 5678 2021- 8- 7  5:07     # 54 60  162 46   3.00 1.25  0.0    5 19.3 10.5      5678
 5679 2021- 8- 7  5:14     - 55  6  161 21   1.82 0.17  0.0    5 14.9  5.2      5679
 5680 2021- 8- 7  5:15     - 55  9  161 43  19.58 0.19  0.0    4 16.0  9.1      5680
 *** DISTANCE & RESIDUAL WEIGHTING CANCELLED FOR EVENT: 2021  8  7  6 30
 5681 2021- 8- 7  6:29     - 54 39  161 44   3.00 0.16  0.0    4  7.3 16.9      5681
 5682 2021- 8- 7  9:13     - 54 35  161 45   3.75 0.44  0.0   12 14.2 30.0      5682
 *** DISTANCE & RESIDUAL WEIGHTING CANCELLED FOR EVENT: 2021  8  7 10  3
 5683 2021- 8- 7 10:03     # 55 25  161 58   3.00 0.56  0.0    4  3.3 27.1      5683
 5684 2021- 8- 7 11:35       54 30  162 19  58.18 0.05  0.0    7  7.1  3.1      5684
 5685 2021- 8- 7 12:34     - 54 46  163 18   3.03 0.05  0.0    5  5.5 11.9      5685
  SEQ ---DATE--- TIME REMARK -LAT-  --LON-  DEPTH  RMS PMAG  NUM  ERH  ERZ  ID
 5686 2021- 8- 7 12:45     - 55  6  161 29   1.73 0.01  0.0    4  8.9  1.7      5686
 5687 2021- 8- 7 12:45     - 54 34  160 11   9.95 0.42  0.0    7 33.7 36.2      5687
 5688 2021- 8- 7 12:47     - 55  3  161 16  17.24 0.22  0.0    7 15.1 13.4      5688
 5689 2021- 8- 7 12:47     - 54 51  161  9  31.85 0.32  0.0    8 22.1  1.8      5689
 *** DISTANCE & RESIDUAL WEIGHTING CANCELLED FOR EVENT: 2021  8  7 14 11
 5690 2021- 8- 7 14:11     # 55 24  161 53   3.00 1.15  0.0    4 15.8 42.7      5690
 *** DISTANCE & RESIDUAL WEIGHTING CANCELLED FOR EVENT: 2021  8  7 15  2
 5691 2021- 8- 7 15:02     # 55 14  162 12   3.00 1.64  0.0    6  8.2 18.9      5691
 5692 2021- 8- 7 16:50     - 55 19  161  6  14.50 0.19  0.0    6  5.3 14.5      5692
 5693 2021- 8- 7 16:50       55 22  161 59  10.05 0.23  0.0    5  2.2  2.9      5693
 5694 2021- 8- 7 18:11     - 54 52  162  2   6.41 0.14  0.0    4 15.0 16.5      5694
 5695 2021- 8- 7 22:30       54 60  162 19   3.84 0.00  0.0    5  3.3  6.1      5695
 *** DISTANCE & RESIDUAL WEIGHTING CANCELLED FOR EVENT: 2021  8  7 22 31
 5696 2021- 8- 7 22:31     # 54 60  162 20   1.41 0.52  0.0    6  8.4 24.9      5696
 *** DISTANCE & RESIDUAL WEIGHTING CANCELLED FOR EVENT: 2021  8  7 23 21
 5697 2021- 8- 7 23:21     - 55 32  161 22   3.00 0.95  0.0    5 12.4 78.5      5697
 *** DISTANCE & RESIDUAL WEIGHTING CANCELLED FOR EVENT: 2021  8  7 23 32
 5698 2021- 8- 7 23:31     - 55 16  162 34   3.00 0.39  0.0    4 14.6 31.5      5698
 5699 2021- 8- 7 23:39     - 55 27  162 10   0.05 1.20  0.0    4 65.4 50.0      5699
 *** DISTANCE & RESIDUAL WEIGHTING CANCELLED FOR EVENT: 2021  8  8  1 25
 5700 2021- 8- 8  1:25     - 55  6  161 15  27.65 0.29  0.0    5 22.8  8.9      5700
  SEQ ---DATE--- TIME REMARK -LAT-  --LON-  DEPTH  RMS PMAG  NUM  ERH  ERZ  ID
 5701 2021- 8- 8  5:07     - 54 43  160 57   2.95 0.23  0.0   18  8.1 17.2      5701
 5702 2021- 8- 8 11:22     - 55 15  162 31   7.12 0.64  0.0    4  8.7 54.7      5702
 5703 2021- 8- 8 14:53     - 55  1  162 23  23.91 0.17  0.0    5  8.0 10.6      5703
 5704 2021- 8- 8 15:04     - 54 45  161 57   2.80 0.13  0.0    4  6.9 14.9      5704
 *** DISTANCE & RESIDUAL WEIGHTING CANCELLED FOR EVENT: 2021  8  8 18 43
 5705 2021- 8- 8 18:43     - 55 24  161 56   1.50 0.77  0.0    5  4.0 51.4      5705
 5706 2021- 8- 8 18:49     - 55 26  161 45   3.00 0.02  0.0    4  2.1 11.7      5706
 *** DISTANCE & RESIDUAL WEIGHTING CANCELLED FOR EVENT: 2021  8  8 20 42
 5707 2021- 8- 8 20:42     # 55 26  162 16   3.00 0.70  0.0    6  7.8 13.8      5707
 5708 2021- 8- 8 23:04     - 55 19  160 53  32.96 0.18  0.0    8 17.7 19.2      5708
 5709 2021- 8- 8 23:04     - 55 28  159 50  70.98 0.34  0.0    7 26.8 14.9      5709
 5710 2021- 8- 9  1:43     - 55 21  162  5   0.01 0.35  0.0    5 15.9 27.3      5710
 5711 2021- 8- 9  2:00     - 55  9  160 56   3.10 0.18  0.0    6  9.5 16.6      5711
 5712 2021- 8- 9  1:59     - 55 16  163 39   0.02 0.17  0.0    5  9.3 16.5      5712
 *** DISTANCE & RESIDUAL WEIGHTING CANCELLED FOR EVENT: 2021  8  9  2  0
 5713 2021- 8- 9  2:00     - 55 32  162 30   2.88 0.01  0.0    4  2.9 12.1      5713
 5714 2021- 8- 9  2:58     # 55 21  161 50   0.09 0.36  0.0    4  2.8 20.5      5714
 *** DISTANCE & RESIDUAL WEIGHTING CANCELLED FOR EVENT: 2021  8  9  3 15
 5715 2021- 8- 9  3:15     - 55 24  161 57   1.23 0.73  0.0    4 26.1 35.3      5715
  SEQ ---DATE--- TIME REMARK -LAT-  --LON-  DEPTH  RMS PMAG  NUM  ERH  ERZ  ID
 5716 2021- 8- 9  4:33     - 54 57  162 13   0.27 0.16  0.0    4  2.1 17.9      5716
 5717 2021- 8- 9  4:33     # 54 53  162 16   0.00 0.26  0.0    4  5.2 14.4      5717
 5718 2021- 8- 9  6:08     - 55  6  160 14   2.20 0.25  0.0    7  9.8 21.7      5718
 5719 2021- 8- 9  6:09     - 54 46  160 53   2.87 0.17  0.0    5  8.0 16.7      5719
 5720 2021- 8- 9  8:31     - 55 13  160 37   1.82 0.29  0.0   11 10.5 23.3      5720
 5721 2021- 8- 9  8:31       55 16  161 53  18.35 0.00  0.0    4  1.9  1.5      5721
 5722 2021- 8- 9  8:59     - 55  8  161 38   7.61 0.20  0.0    5  3.2 19.1      5722
 5723 2021- 8- 9  9:16     - 55  2  161 21   3.00 0.17  0.0    5 17.3 18.6      5723
 5724 2021- 8- 9  9:45       55  5  162 24  15.62 0.06  0.0    5  2.3  2.1      5724
 *** DISTANCE & RESIDUAL WEIGHTING CANCELLED FOR EVENT: 2021  8  9 10 55
 5725 2021- 8- 9 10:55     # 54 59  162 19   2.39 0.92  0.0    4 23.5 19.9      5725
 *** DISTANCE & RESIDUAL WEIGHTING CANCELLED FOR EVENT: 2021  8  9 10 55
 5726 2021- 8- 9 10:55     - 54 46  162 39  16.72 0.10  0.0    4 10.4  1.0      5726
 5727 2021- 8- 9 11:21     - 55 19  161  6  41.31 0.25  0.0    7 20.5  5.3      5727
 5728 2021- 8- 9 11:21     - 56 11  162 14   3.01 0.27  0.0    4 22.8 25.4      5728
 5729 2021- 8- 9 11:29     - 54 37  161 16   3.05 0.39  0.0   18 12.0 25.4      5729
 5730 2021- 8- 9 12:56     - 54 58  162 14   0.53 0.05  0.0    5  1.0 10.3      5730
 *** DISTANCE & RESIDUAL WEIGHTING CANCELLED FOR EVENT: 2021  8  9 12 57
  SEQ ---DATE--- TIME REMARK -LAT-  --LON-  DEPTH  RMS PMAG  NUM  ERH  ERZ  ID
 5731 2021- 8- 9 12:57     - 55 26  162 43   2.90 0.43  0.0    4 13.4 35.0      5731
 5732 2021- 8- 9 12:57     - 55 25  162  6   2.98 0.14  0.0    4  2.0 17.0      5732
 5733 2021- 8- 9 13:02     - 54 58  162 14   1.49 0.01  0.0    4  2.1 12.3      5733
 5734 2021- 8- 9 13:02     - 55 19  160 38  59.91 0.11  0.0    8 13.3  5.3      5734
 *** DISTANCE & RESIDUAL WEIGHTING CANCELLED FOR EVENT: 2021  8  9 13  3
 5735 2021- 8- 9 13:03     # 55 28  161 52   6.44 1.39  0.0    6 24.4 20.8      5735
 5736 2021- 8- 9 13:30     - 54 51  161 56   2.66 0.08  0.0    4  5.3 13.8      5736
 *** DISTANCE & RESIDUAL WEIGHTING CANCELLED FOR EVENT: 2021  8  9 13 56
 5737 2021- 8- 9 13:56     # 55  7  161 36  22.99 0.65  0.0    4 31.3 15.2      5737
 5738 2021- 8- 9 14:51     - 55 14  161  1  33.31 0.20  0.0   10 17.7 15.0      5738
 *** DISTANCE & RESIDUAL WEIGHTING CANCELLED FOR EVENT: 2021  8  9 14 51
 5739 2021- 8- 9 14:51     # 55  2  162  7   3.00 1.07  0.0    4  5.3  9.2      5739
 5740 2021- 8- 9 14:55     - 55 10  160 32   0.30 0.31  0.0   13 11.5 25.3      5740
 5741 2021- 8- 9 17:47     - 55 34  160  6   3.02 0.23  0.0    7 21.6 22.3      5741
 5742 2021- 8- 9 17:48     - 55 27  162  1   2.92 0.03  0.0    5  0.9 12.6      5742
 *** DISTANCE & RESIDUAL WEIGHTING CANCELLED FOR EVENT: 2021  8  9 17 48
 5743 2021- 8- 9 17:48     - 55 25  162 14   3.09 1.20  0.0    4 35.8 70.0      5743
 5744 2021- 8- 9 18:33     - 55  5  162 13   0.36 0.07  0.0    4  1.2 13.0      5744
 5745 2021- 8- 9 18:33       54 52  162 43   1.84 0.01  0.0    5  7.9  0.9      5745
  SEQ ---DATE--- TIME REMARK -LAT-  --LON-  DEPTH  RMS PMAG  NUM  ERH  ERZ  ID
 5746 2021- 8-10  3:50     # 55  1  161 53  13.65 2.69  0.0    6 27.6 37.5      5746
 *** DISTANCE & RESIDUAL WEIGHTING CANCELLED FOR EVENT: 2021  8 10  3 50
 5747 2021- 8-10  3:50     - 55 20  162  9  11.02 0.44  0.0    4 21.1 32.5      5747
 5748 2021- 8-10  3:51     - 55  1  161 19  20.91 0.22  0.0    6 18.8  8.6      5748
 5749 2021- 8-10  3:51     - 54 47  160 52  33.94 0.20  0.0    5 15.3 17.9      5749
 5750 2021- 8-10  6:04     - 55 21  160 33  33.29 0.19  0.0   11  6.2 20.1      5750
 5751 2021- 8-10  6:20     - 55  7  163 13   5.71 0.18  0.0    5  8.9 17.4      5751
 5752 2021- 8-10  6:20     - 54 32  161 26   2.71 0.19  0.0   10  9.4 17.4      5752
 5753 2021- 8-10  7:35     - 54 53  161  6  23.81 0.26  0.0    5 23.5 17.3      5753
 5754 2021- 8-10  7:36       55 23  161 46   1.38 0.06  0.0    5  1.0  2.5      5754
 5755 2021- 8-10  7:49     - 55  8  163 19   0.01 0.18  0.0    7  8.7 17.6      5755
 5756 2021- 8-10  9:00     - 55 48  161  1   0.01 0.37  0.0    6 13.7 29.9      5756
 5757 2021- 8-10 10:56       55 21  161 46   8.67 0.23  0.0    5  2.5  2.6      5757
 5758 2021- 8-10 13:52     - 55 36  161 34   3.14 0.22  0.0    7  5.0 18.9      5758
 5759 2021- 8-10 13:52     - 55 52  160 18   6.02 0.13  0.0    6 13.2  7.9      5759
 5760 2021- 8-10 19:25     - 55 17  160 59   3.00 0.19  0.0    6 16.8 19.9      5760
  SEQ ---DATE--- TIME REMARK -LAT-  --LON-  DEPTH  RMS PMAG  NUM  ERH  ERZ  ID
 5761 2021- 8-10 19:25       55 13  161 45   6.31 0.01  0.0    5  3.5  0.6      5761
 5762 2021- 8-10 21:16     - 54 35  161 19   3.00 0.22  0.0    9 17.5 22.1      5762
 5763 2021- 8-10 21:16     - 55  7  162  7   5.99 0.06  0.0    4  8.7 10.1      5763
 5764 2021- 8-10 21:16       54 58  161 48   4.60 0.10  0.0    7  1.3  1.0      5764
 5765 2021- 8-10 22:12     - 55  8  161 33  22.62 0.07  0.0    5 10.1  4.1      5765
 *** DISTANCE & RESIDUAL WEIGHTING CANCELLED FOR EVENT: 2021  8 10 22 13
 5766 2021- 8-10 22:12     - 55  8  161 30  20.87 0.45  0.0    4 24.1 14.8      5766
 5767 2021- 8-10 22:21     - 55 13  162 17   2.05 0.06  0.0    4  9.8 12.6      5767
 5768 2021- 8-10 22:25     - 55  2  161 22  27.10 0.25  0.0    8 18.0  7.7      5768
 5769 2021- 8-10 22:25     - 54 52  161  8  31.85 0.15  0.0    6 15.3  1.4      5769
 5770 2021- 8-11  1:28     - 54 53  162 10   0.09 0.01  0.0    5  3.4 10.1      5770
 *** DISTANCE & RESIDUAL WEIGHTING CANCELLED FOR EVENT: 2021  8 11  1 28
 5771 2021- 8-11  1:28     # 54 55  162 18   5.84 1.65  0.0    6 24.1  5.0      5771
 5772 2021- 8-11  1:32     - 54 43  162 58   3.06 0.02  0.0    5  5.3 11.4      5772
 5773 2021- 8-11  5:31     - 55 17  160 43   0.36 0.57  0.0   10 19.5 39.9      5773
 5774 2021- 8-11  5:32       55 11  161 42   8.85 0.01  0.0    4  2.2  1.4      5774
 5775 2021- 8-11  5:44     - 55 15  160 59  49.27 0.23  0.0    9 17.9  6.4      5775
  SEQ ---DATE--- TIME REMARK -LAT-  --LON-  DEPTH  RMS PMAG  NUM  ERH  ERZ  ID
 5776 2021- 8-11  5:46     - 55 17  160 43   2.35 0.45  0.0   11 15.9 32.1      5776
 5777 2021- 8-11  5:46     - 54 56  159 28   3.03 0.18  0.0    7 13.9 12.0      5777
 5778 2021- 8-11  5:51     - 55  9  160 49  34.24 0.16  0.0   10 11.5 11.9      5778
 5779 2021- 8-11  5:52     - 55 15  161 20  49.84 0.06  0.0    4  8.8  6.2      5779
 5780 2021- 8-11  5:52       55 16  161 58  11.68 0.00  0.0    4  2.9  1.6      5780
 5781 2021- 8-11  6:44     - 55 10  161 52   0.01 2.28  0.0    4 40.3 93.8      5781
 5782 2021- 8-11  6:53     - 54 55  161 11  28.32 0.21  0.0    9 17.2  6.0      5782
 5783 2021- 8-11  6:53       54 60  161 30  32.73 0.12  0.0    6  8.0  0.9      5783
 5784 2021- 8-11  7:02     - 54 53  161 25  32.81 0.17  0.0    8 17.2  1.3      5784
 5785 2021- 8-11  7:01     - 54 30  160 39  17.89 0.28  0.0    7 22.0 26.5      5785
 5786 2021- 8-11  8:15     - 55  7  160 34  37.97 0.12  0.0   12  2.6 12.3      5786
 *** DISTANCE & RESIDUAL WEIGHTING CANCELLED FOR EVENT: 2021  8 11  8 16
 5787 2021- 8-11  8:16     # 55 13  161 55   1.48 0.20  0.0    4  2.2 14.3      5787
 5788 2021- 8-11  8:18     - 55  8  162 60   5.03 0.21  0.0    4  7.9 16.6      5788
 5789 2021- 8-11  8:18     - 55 10  161 38   0.31 0.10  0.0    4  1.7 14.7      5789
 *** DISTANCE & RESIDUAL WEIGHTING CANCELLED FOR EVENT: 2021  8 11  9 25
 5790 2021- 8-11  9:25     - 54 53  162 27  11.34 2.58  0.0    4 87.2 46.8      5790
  SEQ ---DATE--- TIME REMARK -LAT-  --LON-  DEPTH  RMS PMAG  NUM  ERH  ERZ  ID
 5791 2021- 8-11  9:51     - 54 54  162 11   0.34 0.06  0.0    5  3.0 13.3      5791
 5792 2021- 8-11  9:51     # 54 54  162 12   0.01 0.37  0.0    6  4.1  5.7      5792
 5793 2021- 8-11 10:11     - 54 51  160 38   3.00 0.14  0.0    6 16.3 16.8      5793
 5794 2021- 8-11 10:11     - 54 52  161 14  16.75 0.18  0.0    6 11.5 19.2      5794
 *** DISTANCE & RESIDUAL WEIGHTING CANCELLED FOR EVENT: 2021  8 11 12  4
 5795 2021- 8-11 12:04     - 55 25  162 12   0.01 0.51  0.0    4 22.6 38.3      5795
 5796 2021- 8-11 12:59     # 55 15  161 42  14.98 0.15  0.0    8  3.8  4.2      5796
 5797 2021- 8-11 12:59     - 55 12  159 58   5.00 0.37  0.0    5 26.0 16.7      5797
 5798 2021- 8-11 14:30     - 55 16  160 28   2.80 0.11  0.0    4  6.2 14.2      5798
 *** DISTANCE & RESIDUAL WEIGHTING CANCELLED FOR EVENT: 2021  8 11 14 32
 5799 2021- 8-11 14:32     - 54 57  162 39   0.01 0.07  0.0    4  3.3 13.9      5799
 *** DISTANCE & RESIDUAL WEIGHTING CANCELLED FOR EVENT: 2021  8 11 17 46
 5800 2021- 8-11 17:45     - 55  1  163 34   3.00 0.45  0.0    5 16.6 35.4      5800
 5801 2021- 8-11 17:53     - 55 14  161 43   0.81 0.05  0.0    5  1.3 12.4      5801
 *** DISTANCE & RESIDUAL WEIGHTING CANCELLED FOR EVENT: 2021  8 11 17 54
 5802 2021- 8-11 17:53     - 55 32  161 13   3.00 1.37  0.0    4 65.5 99.0      5802
 *** DISTANCE & RESIDUAL WEIGHTING CANCELLED FOR EVENT: 2021  8 11 17 58
 5803 2021- 8-11 17:57     # 55 34  161 51  21.95 0.81  0.0    5  9.2 24.2      5803
 5804 2021- 8-11 17:57     - 55 34  162 15   3.58 0.02  0.0    4 11.8  3.9      5804
 5805 2021- 8-11 18:08     - 55 10  161 14   3.01 0.12  0.0    4 14.9 15.2      5805
  SEQ ---DATE--- TIME REMARK -LAT-  --LON-  DEPTH  RMS PMAG  NUM  ERH  ERZ  ID
 5806 2021- 8-11 18:51     - 55 23  161 48   2.72 0.05  0.0    4  4.9 11.6      5806
 5807 2021- 8-11 19:28     - 55 13  160 48  46.31 0.15  0.0    8 15.5  7.3      5807
 5808 2021- 8-11 19:28       55 10  161 35   3.76 0.11  0.0    5  4.2  1.7      5808
 5809 2021- 8-11 20:39     - 54 42  161 37   2.90 0.01  0.0    4  5.2 11.4      5809
 5810 2021- 8-12  0:38     - 55 27  160 26  31.19 0.10  0.0    7 13.9 14.7      5810
 5811 2021- 8-12  0:38     - 55 17  161 19   0.22 0.20  0.0    5 10.6 20.3      5811
 *** DISTANCE & RESIDUAL WEIGHTING CANCELLED FOR EVENT: 2021  8 12  1 32
 5812 2021- 8-12  1:32     - 55 26  161 49   0.75 0.30  0.0    4  3.1 22.9      5812
 5813 2021- 8-12  2:55     - 54 59  162 43   3.84 0.09  0.0    6 10.9  1.8      5813
 5814 2021- 8-12  2:55     # 55  3  162 17   1.81 0.00  0.0    4  1.4  7.5      5814
 5815 2021- 8-12  3:10     - 55 26  160 33  61.57 0.22  0.0   10 19.9  8.1      5815
 *** DISTANCE & RESIDUAL WEIGHTING CANCELLED FOR EVENT: 2021  8 12  3 11
 5816 2021- 8-12  3:10     - 55 11  161  5   3.00 0.82  0.0    7 37.6 68.8      5816
 5817 2021- 8-12  3:14       55  2  162 27   4.79 0.06  0.0    5  8.8  1.5      5817
 5818 2021- 8-12  3:15       55  3  162 19   4.63 0.00  0.0    4  1.7  4.1      5818
 5819 2021- 8-12  3:23     - 55  9  160 51   3.02 0.11  0.0    4 14.8 15.2      5819
 *** DISTANCE & RESIDUAL WEIGHTING CANCELLED FOR EVENT: 2021  8 12  3 57
 5820 2021- 8-12  3:57     # 54 58  162  3   2.99 0.89  0.0    4 12.8 12.0      5820
  SEQ ---DATE--- TIME REMARK -LAT-  --LON-  DEPTH  RMS PMAG  NUM  ERH  ERZ  ID
 5821 2021- 8-12  4:52     - 54 38  161 21   3.24 0.19  0.0   17  6.9 14.5      5821
 5822 2021- 8-12  5:13     - 54 56  162 14   2.79 0.02  0.0    4  8.3  6.9      5822
 5823 2021- 8-12  5:14     - 54 55  162 12   1.17 0.04  0.0    4  2.3 12.7      5823
 5824 2021- 8-12  5:15       54 54  162 11   0.38 0.06  0.0    6  3.0  6.0      5824
 5825 2021- 8-12  5:15     - 54 55  162 12   0.50 0.07  0.0    6  1.6 13.4      5825
 5826 2021- 8-12  8:52       55 14  161 26  21.34 0.06  0.0    7  7.1  3.9      5826
 5827 2021- 8-12  8:52     - 55 28  161 47  22.93 0.03  0.0    4  6.4 10.6      5827
 5828 2021- 8-12  9:55     - 55 14  160 52   3.88 0.32  0.0   11 11.7 25.4      5828
 5829 2021- 8-12  9:55     - 55 17  160 59   2.76 0.09  0.0    5  6.0 13.1      5829
 *** DISTANCE & RESIDUAL WEIGHTING CANCELLED FOR EVENT: 2021  8 12 10  5
 5830 2021- 8-12 10:05     - 55  3  162 10   3.10 1.63  0.0    4 38.4 97.4      5830
 5831 2021- 8-12 10:28     - 55 10  161 50  13.23 0.12  0.0    5  9.0 10.6      5831
 5832 2021- 8-12 10:28     - 55 27  161 49   8.80 0.08  0.0    4  6.8 11.3      5832
 5833 2021- 8-12 10:28     - 55  0  161 20   2.89 0.10  0.0    5  5.6 14.8      5833
 5834 2021- 8-12 10:39     - 55 23  160 46   3.01 0.31  0.0    6 26.0 28.4      5834
 5835 2021- 8-12 10:40     - 55 18  161 56   1.65 0.00  0.0    4  1.6 11.7      5835
  SEQ ---DATE--- TIME REMARK -LAT-  --LON-  DEPTH  RMS PMAG  NUM  ERH  ERZ  ID
 5836 2021- 8-12 10:55     - 55 27  162  4   0.02 0.35  0.0    4 16.2 23.4      5836
 5837 2021- 8-12 11:12       55 16  161 26  25.05 0.09  0.0    6  2.4  2.4      5837
 5838 2021- 8-12 11:12     - 55 33  162 11   0.01 0.45  0.0    4 17.1 34.8      5838
 5839 2021- 8-12 12:09     - 54 30  162  5   2.95 0.16  0.0    9  7.6 16.6      5839
 5840 2021- 8-12 12:56     - 55 40  162 23   2.90 0.07  0.0    4  5.8 12.4      5840
 5841 2021- 8-12 13:19     - 54 43  161  3  30.91 0.26  0.0   10 20.8  3.1      5841
 5842 2021- 8-12 13:19     - 54 38  160 51  25.69 0.22  0.0    9 16.4  3.5      5842
 *** DISTANCE & RESIDUAL WEIGHTING CANCELLED FOR EVENT: 2021  8 12 13 31
 5843 2021- 8-12 13:31     - 55 11  161 36  19.23 0.39  0.0    4 23.9 10.5      5843
 5844 2021- 8-12 15:59     - 55 27  161 52   2.98 0.04  0.0    4  1.1 11.2      5844
 5845 2021- 8-12 16:04     - 55 21  162 28   6.53 0.10  0.0    5  6.8 15.1      5845
 *** DISTANCE & RESIDUAL WEIGHTING CANCELLED FOR EVENT: 2021  8 12 17 20
 5846 2021- 8-12 17:20     - 55 42  161  5   3.00 0.70  0.0    4 25.2 54.0      5846
 5847 2021- 8-12 19:36     - 55  9  160 58   3.03 0.27  0.0   11 18.2 25.4      5847
 5848 2021- 8-12 19:37     - 55 11  161 20   3.52 0.03  0.0    4 10.5  0.8      5848
 5849 2021- 8-12 20:40     - 55 13  162 33   8.29 0.24  0.0    6  5.4 23.3      5849
 5850 2021- 8-12 20:45     - 55 11  160 37  57.57 0.22  0.0   10 18.9  9.3      5850
  SEQ ---DATE--- TIME REMARK -LAT-  --LON-  DEPTH  RMS PMAG  NUM  ERH  ERZ  ID
 5851 2021- 8-12 20:46     - 55 12  161 31   2.98 0.07  0.0    5  3.4 13.6      5851
 5852 2021- 8-12 21:15     - 55  2  162 31  54.07 0.07  0.0    5  6.5 10.3      5852
 5853 2021- 8-12 21:16     - 55  1  160 37   3.00 0.14  0.0    9 14.5 16.9      5853
 5854 2021- 8-12 21:17       55 13  161 49   7.11 0.12  0.0    6  1.0  1.6      5854
 5855 2021- 8-12 21:49     - 54 47  160 52  15.72 0.24  0.0   10 18.1 23.4      5855
 5856 2021- 8-12 21:50       54 51  161 17  28.07 0.19  0.0    9  9.1  1.5      5856
 5857 2021- 8-12 22:01     - 55 16  161  8   3.29 0.26  0.0    9  9.5 20.9      5857
 *** DISTANCE & RESIDUAL WEIGHTING CANCELLED FOR EVENT: 2021  8 12 22  2
 5858 2021- 8-12 22:02     # 55  5  162 10   8.16 0.48  0.0    4  7.7 14.6      5858
 5859 2021- 8-12 22:07     - 55 22  161 14  45.97 0.12  0.0    6 14.2  5.6      5859
 5860 2021- 8-12 22:08     - 55  5  160 58  65.76 0.14  0.0    6 13.5  6.5      5860
 *** DISTANCE & RESIDUAL WEIGHTING CANCELLED FOR EVENT: 2021  8 12 22 38
 5861 2021- 8-12 22:37     - 55 26  162 14   3.00 0.55  0.0    4  4.0 47.3      5861
 5862 2021- 8-12 22:54     - 55 24  160 58   3.00 0.08  0.0    4 11.4 13.0      5862
 5863 2021- 8-12 23:16     # 55 20  161 49  28.43 0.01  0.0    4  6.5  2.1      5863
 *** DISTANCE & RESIDUAL WEIGHTING CANCELLED FOR EVENT: 2021  8 13  0 37
 5864 2021- 8-13  0:37     - 55 23  161 44   1.93 0.39  0.0    4 13.9 19.9      5864
 5865 2021- 8-13  0:45     - 55 19  161 46   0.02 0.80  0.0    4 44.5 64.9      5865
  SEQ ---DATE--- TIME REMARK -LAT-  --LON-  DEPTH  RMS PMAG  NUM  ERH  ERZ  ID
 5866 2021- 8-13  0:52     - 54 50  160 39   1.55 0.24  0.0    6 10.1 20.9      5866
 5867 2021- 8-13  0:55     - 55 33  160 19  13.93 0.37  0.0    7 31.4 33.0      5867
 5868 2021- 8-13  0:55     - 55 17  161 11  50.23 0.14  0.0    4 15.5  4.8      5868
 5869 2021- 8-13  0:55     - 55 27  161 15   3.04 0.23  0.0    4 15.8 22.4      5869
 5870 2021- 8-13  1:51     - 54 44  163 27   3.04 0.06  0.0    4  5.6 12.2      5870
 5871 2021- 8-13  2:59     - 54 43  163 35   3.01 0.02  0.0    4  5.3 11.5      5871
 5872 2021- 8-13  4:03     - 55  9  162  3   2.88 0.19  0.0    4  1.7 15.3      5872
 5873 2021- 8-13  4:08     - 54 55  161  7   3.12 0.27  0.0    5 10.6 23.3      5873
 5874 2021- 8-13  4:29     - 54 55  162 12   0.56 0.05  0.0    5  2.2 12.9      5874
 5875 2021- 8-13  4:30     - 54 56  162 14   0.01 2.36  0.0    5 16.4 98.7      5875
 5876 2021- 8-13  6:03     - 55 12  160 52   3.82 0.37  0.0   12 13.3 29.5      5876
 *** DISTANCE & RESIDUAL WEIGHTING CANCELLED FOR EVENT: 2021  8 13  6  4
 5877 2021- 8-13  6:04     # 55  7  161 56   0.17 0.75  0.0    5  6.4 43.9      5877
 *** DISTANCE & RESIDUAL WEIGHTING CANCELLED FOR EVENT: 2021  8 13  6 47
 5878 2021- 8-13  6:47     - 54 30  161 15   2.84 0.12  0.0    4 10.8 14.7      5878
 *** DISTANCE & RESIDUAL WEIGHTING CANCELLED FOR EVENT: 2021  8 13  7 30
 5879 2021- 8-13  7:30     - 55 18  161 57   0.74 0.08  0.0    4  2.8 11.2      5879
 5880 2021- 8-13  8:12     - 54 39  163 23   3.03 0.05  0.0    5  5.5 11.9      5880
  SEQ ---DATE--- TIME REMARK -LAT-  --LON-  DEPTH  RMS PMAG  NUM  ERH  ERZ  ID
 5881 2021- 8-13 10:49     - 55  9  160 46   3.01 0.52  0.0    6 41.5 44.6      5881
 5882 2021- 8-13 10:49     - 55 20  161  7  38.75 0.04  0.0    4 12.3  6.6      5882
 5883 2021- 8-13 11:38     - 55 32  162 24   3.42 0.54  0.0    5 20.6 42.0      5883
 5884 2021- 8-13 12:10     - 54 35  161 28   3.73 0.28  0.0   16  9.8 21.1      5884
 *** DISTANCE & RESIDUAL WEIGHTING CANCELLED FOR EVENT: 2021  8 13 13 15
 5885 2021- 8-13 13:15     - 55  8  163 22   3.04 0.00  0.0    4  5.2 11.4      5885
 5886 2021- 8-13 13:39     - 55 27  160 26   3.05 0.26  0.0    4 23.9 25.0      5886
 5887 2021- 8-13 13:53     - 54 55  161 34  22.17 0.12  0.0    6 13.6  4.2      5887
 5888 2021- 8-13 13:54       55 10  161 56  24.95 0.02  0.0    4  2.7  1.5      5888
 5889 2021- 8-13 14:21       55  9  161 42  15.67 0.18  0.0    7  4.4  6.1      5889
 5890 2021- 8-13 14:54     - 55  3  160 38   2.15 0.10  0.0    4  6.5 13.7      5890
 5891 2021- 8-13 15:17     - 54 59  162 18  10.11 0.03  0.0    4  6.4  9.1      5891
 5892 2021- 8-13 15:19     - 55  1  162 26  54.22 0.03  0.0    5  5.5 11.2      5892
 5893 2021- 8-13 16:07     - 55 44  161 41   3.05 0.52  0.0    7 19.1 41.2      5893
 *** DISTANCE & RESIDUAL WEIGHTING CANCELLED FOR EVENT: 2021  8 13 16 24
 5894 2021- 8-13 16:24     # 55 10  161 31   3.00 0.52  0.0    6 19.6  3.9      5894
 *** DISTANCE & RESIDUAL WEIGHTING CANCELLED FOR EVENT: 2021  8 13 16 33
 5895 2021- 8-13 16:33     - 55  6  162 27   3.00 1.83  0.0    4 32.2 94.1      5895
  SEQ ---DATE--- TIME REMARK -LAT-  --LON-  DEPTH  RMS PMAG  NUM  ERH  ERZ  ID
 5896 2021- 8-13 17:29     - 55 15  160 46   2.18 0.53  0.0    9 16.3 38.2      5896
 *** DISTANCE & RESIDUAL WEIGHTING CANCELLED FOR EVENT: 2021  8 13 17 29
 5897 2021- 8-13 17:29     # 55  6  161 35   2.77 0.52  0.0    5  3.8  6.4      5897
 5898 2021- 8-13 17:33     - 54 57  162 27  18.91 0.01  0.0    5  8.9  6.5      5898
 5899 2021- 8-13 17:49     - 55 14  162  6   1.49 0.18  0.0    4 18.3 17.1      5899
 5900 2021- 8-13 18:03     - 54 36  161 41   3.01 0.16  0.0    7  7.1 15.8      5900
 5901 2021- 8-13 18:51     # 55 28  161 54  29.68 0.05  0.0    6  1.2  1.0      5901
 5902 2021- 8-13 19:11     - 55  7  162 22  45.00 0.01  0.0    4  5.9 10.8      5902
 *** DISTANCE & RESIDUAL WEIGHTING CANCELLED FOR EVENT: 2021  8 13 19 24
 5903 2021- 8-13 19:24     # 55 17  161 43   3.01 0.65  0.0    4  8.0  6.5      5903
 5904 2021- 8-13 19:53     - 54 19  160 59   2.92 0.06  0.0    5  5.6 12.3      5904
 *** DISTANCE & RESIDUAL WEIGHTING CANCELLED FOR EVENT: 2021  8 13 21  2
 5905 2021- 8-13 21:02     - 55 44  161 55   3.00 1.53  0.0    5 41.9 89.7      5905
 5906 2021- 8-13 21:19     - 54 41  162 56   3.09 0.03  0.0    4  5.4 11.6      5906
 5907 2021- 8-13 21:46     - 55 28  162 37   3.00 0.25  0.0    4  6.5 22.2      5907
 5908 2021- 8-13 22:18     - 54 49  161  7  31.43 0.14  0.0    9 15.7  1.5      5908
 5909 2021- 8-13 22:18     - 54 46  161  4  33.01 0.39  0.0   10 23.8 34.6      5909
 5910 2021- 8-13 23:14     - 55 16  161 41   3.41 0.13  0.0    4 14.2 11.7      5910
  SEQ ---DATE--- TIME REMARK -LAT-  --LON-  DEPTH  RMS PMAG  NUM  ERH  ERZ  ID
 5911 2021- 8-13 23:26     - 54 59  161  3   3.18 0.25  0.0    6  9.3 20.8      5911
 5912 2021- 8-13 23:45     - 55 10  161 50  10.42 0.25  0.0    4 14.1 11.9      5912
 *** DISTANCE & RESIDUAL WEIGHTING CANCELLED FOR EVENT: 2021  8 13 23 45
 5913 2021- 8-13 23:45     # 55 18  162 17   2.40 0.31  0.0    5  1.5  4.9      5913
 *** DISTANCE & RESIDUAL WEIGHTING CANCELLED FOR EVENT: 2021  8 14  0  0
 5914 2021- 8-13 23:59     # 55 26  162 17   3.00 0.65  0.0    5  4.8  7.9      5914
 *** DISTANCE & RESIDUAL WEIGHTING CANCELLED FOR EVENT: 2021  8 14  0 30
 5915 2021- 8-14  0:30     - 55 39  162 10   3.00 2.75  0.0    4 65.0 74.7      5915
 5916 2021- 8-14  1:39     - 54 58  161 55  14.67 0.14  0.0    7  3.2 16.9      5916
 *** DISTANCE & RESIDUAL WEIGHTING CANCELLED FOR EVENT: 2021  8 14  1 57
 5917 2021- 8-14  1:57     # 55 14  162 15   3.04 0.76  0.0    4 11.3 42.1      5917
 5918 2021- 8-14  2:45       55 31  161  8  55.29 0.22  0.0    8  4.8  6.0      5918
 5919 2021- 8-14  2:46     - 55 18  161 42   0.01 0.32  0.0    4 19.3 28.3      5919
 *** DISTANCE & RESIDUAL WEIGHTING CANCELLED FOR EVENT: 2021  8 14  3  9
 5920 2021- 8-14  3:09     # 55  9  161 46  22.34 0.63  0.0    6 24.6 21.7      5920
 5921 2021- 8-14  3:31     - 55 14  161 21   5.17 0.19  0.0    9  7.5 15.6      5921
 5922 2021- 8-14  4:20     - 54 57  162 45   2.02 0.03  0.0    4 10.3  6.7      5922
 5923 2021- 8-14  4:21     - 54 13  161 37   0.80 0.08  0.0    7  8.2 11.7      5923
 5924 2021- 8-14  4:21     - 54 58  162 41   3.64 0.01  0.0    4 10.2  6.3      5924
 *** DISTANCE & RESIDUAL WEIGHTING CANCELLED FOR EVENT: 2021  8 14  4 22
 5925 2021- 8-14  4:22     - 55 26  162 40   6.95 2.41  0.0    6 18.1 99.0      5925
  SEQ ---DATE--- TIME REMARK -LAT-  --LON-  DEPTH  RMS PMAG  NUM  ERH  ERZ  ID
 5926 2021- 8-14  5:11     - 54 38  163 40   3.28 0.13  0.0    5  6.8 14.9      5926
 5927 2021- 8-14  6:21     - 54 40  161  8   1.45 0.38  0.0   15 11.6 24.7      5927
 *** DISTANCE & RESIDUAL WEIGHTING CANCELLED FOR EVENT: 2021  8 14  8  0
 5928 2021- 8-14  7:59     - 55 21  162 12   3.21 0.64  0.0    5  5.3 45.0      5928
 5929 2021- 8-14  8:43       54 54  161 35  75.80 0.12  0.0   10  3.6  2.3      5929
 5930 2021- 8-14 10:26     - 55 29  161 58   0.36 0.42  0.0    5  7.2 30.2      5930
 5931 2021- 8-14 10:36     - 56 14  162  5   3.95 0.93  0.0   10 30.4 64.3      5931
 5932 2021- 8-14 10:37       55 25  162  0  16.81 0.01  0.0    4  1.1  1.3      5932
 5933 2021- 8-14 10:41     - 54 33  161 58   2.57 0.35  0.0    4 12.3 29.2      5933
 5934 2021- 8-14 10:55     - 55 23  160 26  31.53 0.24  0.0    9 19.6 23.8      5934
 5935 2021- 8-14 11:58     - 55 14  160 32   2.13 0.23  0.0    6  8.7 20.6      5935
 *** DISTANCE & RESIDUAL WEIGHTING CANCELLED FOR EVENT: 2021  8 14 11 59
 5936 2021- 8-14 11:58     - 54 55  161  2   3.00 0.48  0.0    4 31.8 41.3      5936
 5937 2021- 8-14 12:15     - 55 12  161 32   1.12 0.08  0.0    5  2.4 13.5      5937
 5938 2021- 8-14 12:15     - 55 16  161 16   7.71 0.42  0.0    4 24.8 34.5      5938
 5939 2021- 8-14 12:22     - 55 10  163 20   0.47 1.02  0.0   11 32.1 67.0      5939
 5940 2021- 8-14 12:35     - 55 23  160 37  34.09 0.30  0.0   10 19.3 26.2      5940
 *** DISTANCE & RESIDUAL WEIGHTING CANCELLED FOR EVENT: 2021  8 14 12 36
  SEQ ---DATE--- TIME REMARK -LAT-  --LON-  DEPTH  RMS PMAG  NUM  ERH  ERZ  ID
 5941 2021- 8-14 12:35     - 55 32  161 54   7.33 1.86  0.0    4 73.2 97.9      5941
 *** DISTANCE & RESIDUAL WEIGHTING CANCELLED FOR EVENT: 2021  8 14 12 40
 5942 2021- 8-14 12:40     - 55 28  161 46   2.20 0.43  0.0    4 15.5 33.3      5942
 5943 2021- 8-14 13:00     - 55 16  161 12  34.37 0.05  0.0    8  9.4  2.9      5943
 5944 2021- 8-14 13:07     # 55  9  161 12  32.27 0.27  0.0   10  3.7  1.2      5944
 *** DISTANCE & RESIDUAL WEIGHTING CANCELLED FOR EVENT: 2021  8 14 13 12
 5945 2021- 8-14 13:12     # 55  2  161 21  34.40 0.22  0.0    5  5.5  5.2      5945
 *** DISTANCE & RESIDUAL WEIGHTING CANCELLED FOR EVENT: 2021  8 14 13 30
 5946 2021- 8-14 13:30     - 55  9  163 12   3.02 0.58  0.0    4 32.7 49.2      5946
 5947 2021- 8-14 13:45       55  6  161 33  19.79 0.12  0.0    9  1.9  1.7      5947
 *** DISTANCE & RESIDUAL WEIGHTING CANCELLED FOR EVENT: 2021  8 14 13 46
 5948 2021- 8-14 13:45     - 55 10  161 34   2.31 0.22  0.0    4 17.0  7.1      5948
 *** DISTANCE & RESIDUAL WEIGHTING CANCELLED FOR EVENT: 2021  8 14 14  0
 5949 2021- 8-14 14:00     - 55 25  162 60   3.00 1.42  0.0    5 44.1 84.8      5949
 5950 2021- 8-14 14:21     - 55  0  160 51  33.48 0.33  0.0   10 23.5 29.1      5950
 5951 2021- 8-14 14:22       55 16  161 47  16.95 0.00  0.0    4  2.7  1.9      5951
 5952 2021- 8-14 14:34       55 16  160 46  41.21 0.17  0.0    9  3.6  7.0      5952
 *** DISTANCE & RESIDUAL WEIGHTING CANCELLED FOR EVENT: 2021  8 14 14 47
 5953 2021- 8-14 14:47     - 55 20  161 45   3.00 0.51  0.0    4 16.2 35.7      5953
 5954 2021- 8-14 14:55     - 55 14  161 18   8.41 0.47  0.0   11  4.3 34.4      5954
 5955 2021- 8-14 14:56     - 55  6  161 39  29.17 0.20  0.0    5 18.9  2.0      5955
  SEQ ---DATE--- TIME REMARK -LAT-  --LON-  DEPTH  RMS PMAG  NUM  ERH  ERZ  ID
 5956 2021- 8-14 15:11     # 55 15  161 22  17.77 0.69  0.0    8  5.7 19.7      5956
 *** DISTANCE & RESIDUAL WEIGHTING CANCELLED FOR EVENT: 2021  8 14 15 12
 5957 2021- 8-14 15:12     # 55 13  161 46   1.30 0.29  0.0    4  4.3 17.3      5957
 5958 2021- 8-14 15:21     - 55 13  160 46  50.45 0.23  0.0   10 19.6  9.3      5958
 5959 2021- 8-14 15:21     - 54 52  160 46   3.00 0.43  0.0    5 30.7 37.5      5959
 *** DISTANCE & RESIDUAL WEIGHTING CANCELLED FOR EVENT: 2021  8 14 16  0
 5960 2021- 8-14 15:59     # 55 26  162 20   3.00 0.80  0.0    5  6.4 12.2      5960
 5961 2021- 8-14 16:55     - 55  9  161 53   2.54 0.01  0.0    4  2.1  9.8      5961
 5962 2021- 8-14 16:55       55 10  161 35  21.63 0.08  0.0    5  3.3  2.1      5962
 5963 2021- 8-14 16:57     - 55 16  160 32   2.40 0.31  0.0    6 11.1 25.3      5963
 *** DISTANCE & RESIDUAL WEIGHTING CANCELLED FOR EVENT: 2021  8 14 16 57
 5964 2021- 8-14 16:57     - 54 56  160 37   3.01 0.66  0.0    4 50.5 54.0      5964
 5965 2021- 8-14 17:02     - 55 12  161  2   3.00 0.58  0.0   17 18.7 39.4      5965
 5966 2021- 8-14 17:02       55 26  161 59  11.20 0.02  0.0    5  0.9  2.5      5966
 5967 2021- 8-14 17:33     - 55  7  160 47   2.53 0.31  0.0   12 10.9 25.0      5967
 5968 2021- 8-14 17:34     - 55  1  161  8   3.12 0.13  0.0    4 14.5 16.3      5968
 5969 2021- 8-14 17:47     - 54 57  161 13   3.96 0.04  0.0    4  5.7 11.2      5969
 *** DISTANCE & RESIDUAL WEIGHTING CANCELLED FOR EVENT: 2021  8 14 17 47
 5970 2021- 8-14 17:47     # 54 59  162 14  11.98 0.89  0.0    5 10.3 21.8      5970
  SEQ ---DATE--- TIME REMARK -LAT-  --LON-  DEPTH  RMS PMAG  NUM  ERH  ERZ  ID
 5971 2021- 8-14 17:58       55 13  161 40  39.22 0.13  0.0    5  7.9  2.3      5971
 5972 2021- 8-14 18:07     - 55  6  162 28  17.53 0.09  0.0    4  5.8 13.5      5972
 *** DISTANCE & RESIDUAL WEIGHTING CANCELLED FOR EVENT: 2021  8 14 18  7
 5973 2021- 8-14 18:07     # 55 21  162 12   2.99 0.26  0.0    4  3.3 12.4      5973
 *** DISTANCE & RESIDUAL WEIGHTING CANCELLED FOR EVENT: 2021  8 14 18  7
 5974 2021- 8-14 18:07     - 55 36  162  5   3.00 0.47  0.0    4 22.0 30.5      5974
 *** DISTANCE & RESIDUAL WEIGHTING CANCELLED FOR EVENT: 2021  8 14 18 26
 5975 2021- 8-14 18:26     - 55 31  160 53   3.11 0.20  0.0    4 10.8 18.7      5975
 5976 2021- 8-14 18:38       55  1  161 27  17.78 0.19  0.0    7  5.7  4.2      5976
 *** DISTANCE & RESIDUAL WEIGHTING CANCELLED FOR EVENT: 2021  8 14 18 38
 5977 2021- 8-14 18:38     - 55 35  161 42   7.20 0.86  0.0    5  6.2 51.8      5977
 5978 2021- 8-14 18:39     # 55 27  161 42  32.25 1.83  0.0    5 19.6 41.5      5978
 5979 2021- 8-14 18:45     - 55 15  160 52   3.62 0.28  0.0   11 10.3 23.1      5979
 *** DISTANCE & RESIDUAL WEIGHTING CANCELLED FOR EVENT: 2021  8 14 18 45
 5980 2021- 8-14 18:45     - 54 58  161 27   3.01 0.29  0.0    4 11.5 26.7      5980
 5981 2021- 8-14 18:45     - 55 17  161  3   3.31 0.03  0.0    4  4.9 11.6      5981
 5982 2021- 8-14 19:39     - 55  1  163 20   2.22 0.34  0.0    6 12.6 25.9      5982
 5983 2021- 8-14 19:39     # 55 22  161 46  18.30 2.24  0.0    8 16.6 34.6      5983
 *** DISTANCE & RESIDUAL WEIGHTING CANCELLED FOR EVENT: 2021  8 14 19 47
 5984 2021- 8-14 19:47     # 55 17  162 19   1.50 3.66  0.0    4 33.4 93.2      5984
 5985 2021- 8-14 20:54     - 55 16  160 35   3.00 0.23  0.0    9 16.4 22.7      5985
  SEQ ---DATE--- TIME REMARK -LAT-  --LON-  DEPTH  RMS PMAG  NUM  ERH  ERZ  ID
 5986 2021- 8-14 20:54     - 55 56  162  7   3.02 0.11  0.0    4 13.2 15.4      5986
 5987 2021- 8-14 20:56     - 54 44  161 56   7.09 0.21  0.0   13  1.3 21.0      5987
 5988 2021- 8-14 23:59     - 55 19  162  4   3.01 0.07  0.0    4  1.0 13.6      5988
 5989 2021- 8-15  0:04       54 44  160 26  10.52 0.19  0.0   15  2.0  3.1      5989
 5990 2021- 8-15  0:10     - 54 60  161 42   1.80 0.01  0.0    4  4.0 12.2      5990
 5991 2021- 8-15  0:29     - 54 56  160 45   2.93 0.17  0.0   10  7.2 15.5      5991
 5992 2021- 8-15  0:45     - 54 30  161 45   2.66 0.08  0.0    6  6.1 12.9      5992
 *** DISTANCE & RESIDUAL WEIGHTING CANCELLED FOR EVENT: 2021  8 15  1  7
 5993 2021- 8-15  1:07     - 54 60  162 14   2.95 0.34  0.0    4  6.2 30.2      5993
 5994 2021- 8-15  2:32       55 13  161 39  24.48 0.01  0.0    5  4.0  3.5      5994
 *** DISTANCE & RESIDUAL WEIGHTING CANCELLED FOR EVENT: 2021  8 15  2 33
 5995 2021- 8-15  2:32     # 55 42  161 50   3.00 2.43  0.0    5 37.6 17.3      5995
 *** DISTANCE & RESIDUAL WEIGHTING CANCELLED FOR EVENT: 2021  8 15  4  8
 5996 2021- 8-15  4:08     - 55 20  161 49   3.18 0.31  0.0    4  4.4 27.1      5996
 5997 2021- 8-15  7:09     - 54 54  161  2  31.97 0.24  0.0   11 17.5  1.9      5997
 5998 2021- 8-15  7:09     - 54 50  160 57  32.87 0.30  0.0    9 14.6 27.9      5998
 5999 2021- 8-15  7:58     - 54 47  161  3  34.11 0.29  0.0   11 18.8 22.3      5999
 6000 2021- 8-15  7:58       54 57  161 23  32.34 0.10  0.0    5  9.8  0.5      6000
 *** DISTANCE & RESIDUAL WEIGHTING CANCELLED FOR EVENT: 2021  8 15  8  0
  SEQ ---DATE--- TIME REMARK -LAT-  --LON-  DEPTH  RMS PMAG  NUM  ERH  ERZ  ID
 6001 2021- 8-15  7:59     - 55 22  162 16   3.02 0.27  0.0    5  3.2 23.8      6001
 6002 2021- 8-15  9:08     - 55 38  160 57   4.79 0.08  0.0    6  5.8 12.7      6002
 6003 2021- 8-15  9:09     - 55  6  161 37  13.96 0.15  0.0    5 12.3 13.6      6003
 6004 2021- 8-15  9:13     - 54 42  160 60  26.38 0.22  0.0   11 18.1  3.9      6004
 6005 2021- 8-15  9:13     - 55 11  160 49   3.05 0.07  0.0    7 12.2 12.9      6005
 6006 2021- 8-15 11:22     - 55 12  160 53   3.10 0.34  0.0    8 12.8 28.0      6006
 *** DISTANCE & RESIDUAL WEIGHTING CANCELLED FOR EVENT: 2021  8 15 11 23
 6007 2021- 8-15 11:22     # 55 24  162 18  21.24 1.49  0.0    6 13.7 43.6      6007
 *** DISTANCE & RESIDUAL WEIGHTING CANCELLED FOR EVENT: 2021  8 15 11 57
 6008 2021- 8-15 11:56     - 55 51  160 38   3.00 1.00  0.0    4 71.9 40.4      6008
 6009 2021- 8-15 11:57     - 55 14  161 55   3.31 0.31  0.0    4  4.5 24.1      6009
 *** DISTANCE & RESIDUAL WEIGHTING CANCELLED FOR EVENT: 2021  8 15 11 57
 6010 2021- 8-15 11:57     - 55 17  162 14   3.48 0.89  0.0    4  5.3 66.8      6010
 6011 2021- 8-15 11:59     - 55 14  161  6   2.10 0.06  0.0    5  6.1 11.5      6011
 6012 2021- 8-15 11:59     - 55 26  162 42   5.76 0.55  0.0    7 19.3 38.1      6012
 6013 2021- 8-15 12:18       54 59  161 36  37.51 0.12  0.0    8  3.4  1.6      6013
 6014 2021- 8-15 12:19     # 55 21  161 54   0.19 2.98  0.0    6 11.1 98.8      6014
 *** DISTANCE & RESIDUAL WEIGHTING CANCELLED FOR EVENT: 2021  8 15 12 39
 6015 2021- 8-15 12:38     # 55 10  161 38  17.22 0.25  0.0    4 14.8  6.2      6015
  SEQ ---DATE--- TIME REMARK -LAT-  --LON-  DEPTH  RMS PMAG  NUM  ERH  ERZ  ID
 6016 2021- 8-15 12:57     - 55 17  160 40   3.72 0.14  0.0    5  7.2 15.2      6016
 6017 2021- 8-15 13:53     - 54  8  162 56   2.04 0.55  0.0    5 21.2 43.5      6017
 *** DISTANCE & RESIDUAL WEIGHTING CANCELLED FOR EVENT: 2021  8 15 14 31
 6018 2021- 8-15 14:31     # 55 11  161 55   6.90 0.63  0.0    5 15.7 25.8      6018
 6019 2021- 8-15 15:14     - 54 37  161 15   2.88 0.22  0.0   16  7.9 16.9      6019
 6020 2021- 8-15 17:25     - 55 13  162  1  30.34 0.16  0.0    4  9.1 12.4      6020
 6021 2021- 8-15 17:42     - 55 28  160 32   3.43 0.15  0.0   10  6.6 14.8      6021
 *** DISTANCE & RESIDUAL WEIGHTING CANCELLED FOR EVENT: 2021  8 15 17 47
 6022 2021- 8-15 17:47     # 55 35  162 12   3.00 2.34  0.0    6 35.0 43.4      6022
 6023 2021- 8-15 19:18     - 54 37  161 54   2.91 0.19  0.0   15  7.2 15.3      6023
 6024 2021- 8-15 19:45     # 55 10  161 10   0.04 0.08  0.0    4  2.6  3.0      6024
 *** DISTANCE & RESIDUAL WEIGHTING CANCELLED FOR EVENT: 2021  8 15 19 46
 6025 2021- 8-15 19:46     # 55  8  161 48   3.00 1.80  0.0    5  9.8 19.4      6025
 6026 2021- 8-15 22:19     - 54 57  160 44  31.60 0.20  0.0    9 18.7 21.0      6026
 6027 2021- 8-15 22:19     - 54 56  160 45  32.42 0.29  0.0    9 20.4 27.1      6027
 6028 2021- 8-15 22:30     - 55  6  160 45   2.83 0.16  0.0    4  7.7 16.8      6028
 6029 2021- 8-16  0:40       54 57  162 14   2.08 0.02  0.0    5  1.6  5.8      6029
 6030 2021- 8-16  0:40     - 54 51  162 15   0.04 0.03  0.0    4  6.6 12.5      6030
 *** DISTANCE & RESIDUAL WEIGHTING CANCELLED FOR EVENT: 2021  8 16  1 44
  SEQ ---DATE--- TIME REMARK -LAT-  --LON-  DEPTH  RMS PMAG  NUM  ERH  ERZ  ID
 6031 2021- 8-16  1:44     - 55  0  161 32   3.22 0.15  0.0    4 17.3  4.9      6031
 6032 2021- 8-16  1:47     - 55 10  161  1   3.38 0.29  0.0   11 11.4 22.0      6032
 6033 2021- 8-16  1:48     - 55  7  161 27  58.12 0.26  0.0    6 15.4 10.3      6033
 6034 2021- 8-16  3:16     - 54 54  161 22  30.69 0.21  0.0    7 17.5  6.3      6034
 6035 2021- 8-16  3:16       55 20  161 45   5.88 0.01  0.0    5  2.8  0.5      6035
 6036 2021- 8-16  4:12     - 54 21  161 29   0.01 0.19  0.0    7 12.5 18.2      6036
 6037 2021- 8-16  4:12     - 54 57  162 44   4.16 0.01  0.0    4  9.7  5.5      6037
 6038 2021- 8-16  4:12       55 21  161 48   1.78 0.00  0.0    4  1.0  3.6      6038
 6039 2021- 8-16  4:47       55 11  161 52  11.17 0.06  0.0    5  2.5  3.1      6039
 6040 2021- 8-16  4:53     - 54 35  162  1   3.20 0.15  0.0    8  7.1 15.6      6040
 6041 2021- 8-16  8:05     # 55 18  162 23   4.36 0.40  0.0    5  3.8  4.6      6041
 *** DISTANCE & RESIDUAL WEIGHTING CANCELLED FOR EVENT: 2021  8 16  8 48
 6042 2021- 8-16  8:48     - 54 51  163 18   2.13 0.23  0.0    4  9.5 21.0      6042
 6043 2021- 8-16  8:48       55 26  161 44  15.32 0.01  0.0    4  6.0  1.8      6043
 6044 2021- 8-16  9:56       54 22  162 12  38.77 0.18  0.0   13  5.0 10.4      6044
 6045 2021- 8-16 11:31     - 55 22  162  0   0.02 0.23  0.0    4  8.5 21.9      6045
  SEQ ---DATE--- TIME REMARK -LAT-  --LON-  DEPTH  RMS PMAG  NUM  ERH  ERZ  ID
 6046 2021- 8-16 12:20     - 55 15  161 26   7.92 0.23  0.0    7  9.6 19.6      6046
 6047 2021- 8-16 12:56       55 18  161 35  19.64 0.03  0.0    5  2.5  2.2      6047
 *** DISTANCE & RESIDUAL WEIGHTING CANCELLED FOR EVENT: 2021  8 16 13  5
 6048 2021- 8-16 13:05     # 55 11  161 48  19.73 0.23  0.0    4  8.2  9.4      6048
 *** DISTANCE & RESIDUAL WEIGHTING CANCELLED FOR EVENT: 2021  8 16 13  6
 6049 2021- 8-16 13:06     # 55 11  161 51   3.00 0.67  0.0    4  5.1 11.8      6049
 6050 2021- 8-16 13:07       55 13  161 49   2.68 0.01  0.0    5  0.6  2.6      6050
 6051 2021- 8-16 15:39     - 54 55  162 52   3.20 0.07  0.0    4  8.3  5.2      6051
 6052 2021- 8-16 16:24     - 55 14  160 58  32.90 0.19  0.0   10 16.0  1.1      6052
 6053 2021- 8-16 16:25     # 55 13  161 13  27.08 0.46  0.0    4 17.0 19.2      6053
 6054 2021- 8-17  0:22     - 55 39  161  7  26.73 0.12  0.0    7 14.6  5.9      6054
 *** DISTANCE & RESIDUAL WEIGHTING CANCELLED FOR EVENT: 2021  8 17  0 23
 6055 2021- 8-17  0:23     - 55 42  161 51   4.17 0.70  0.0    4 25.1 54.0      6055
 6056 2021- 8-17  4:51     - 54 44  162 59   3.06 0.13  0.0    6  7.0 15.1      6056
 *** DISTANCE & RESIDUAL WEIGHTING CANCELLED FOR EVENT: 2021  8 17  8  0
 6057 2021- 8-17  8:00     # 54 47  161 60   0.09 0.53  0.0    4  7.8 10.9      6057
 6058 2021- 8-17  9:14     - 55 11  162 36   2.05 0.10  0.0    4  4.3 11.5      6058
 6059 2021- 8-17  9:14     - 54 59  161 32   2.88 0.02  0.0    4  5.9 11.1      6059
 *** DISTANCE & RESIDUAL WEIGHTING CANCELLED FOR EVENT: 2021  8 17  9 14
 6060 2021- 8-17  9:14     - 55 38  162 59   1.80 1.07  0.0    4 66.1 81.8      6060
  SEQ ---DATE--- TIME REMARK -LAT-  --LON-  DEPTH  RMS PMAG  NUM  ERH  ERZ  ID
 6061 2021- 8-17  9:49     - 55 17  161 25   7.57 0.26  0.0    9  3.3 20.2      6061
 6062 2021- 8-17  9:49     - 55 16  161  2  17.51 0.21  0.0    5  3.5 20.9      6062
 *** DISTANCE & RESIDUAL WEIGHTING CANCELLED FOR EVENT: 2021  8 17 11 25
 6063 2021- 8-17 11:25     # 55 23  161 50   2.55 1.33  0.0    4 19.6 57.7      6063
 6064 2021- 8-17 14:04     - 54 53  161 16  30.25 0.19  0.0    8 16.1  3.0      6064
 *** DISTANCE & RESIDUAL WEIGHTING CANCELLED FOR EVENT: 2021  8 17 14  5
 6065 2021- 8-17 14:05     - 54 56  161 31  44.62 0.71  0.0    5 41.8 22.5      6065
 6066 2021- 8-17 17:06     - 54 60  161 21  12.75 0.19  0.0    5 14.0 13.1      6066
 *** DISTANCE & RESIDUAL WEIGHTING CANCELLED FOR EVENT: 2021  8 17 17 11
 6067 2021- 8-17 17:11     # 54 59  162 13   1.50 0.62  0.0    6  6.5  4.3      6067
 6068 2021- 8-17 22:23     - 55 34  162 45   2.71 0.06  0.0    4  5.5 12.3      6068
 *** DISTANCE & RESIDUAL WEIGHTING CANCELLED FOR EVENT: 2021  8 17 22 46
 6069 2021- 8-17 22:46     - 55 18  162 54   0.82 0.48  0.0    4 17.7 38.3      6069
 6070 2021- 8-18  4:35       55 28  161 44   5.44 0.00  0.0    4  1.0  0.8      6070
 6071 2021- 8-18  4:50     - 54 21  161 22   3.03 0.15  0.0    6  7.3 15.7      6071
 6072 2021- 8-18  4:58     - 54 19  161 28   1.81 0.21  0.0   10  6.6 15.7      6072
 6073 2021- 8-18  4:58     - 54 58  162 41   2.79 0.01  0.0    4 10.2  6.5      6073
 6074 2021- 8-18  4:59       55 16  161 46   2.75 0.09  0.0    5  3.9  3.7      6074
 *** DISTANCE & RESIDUAL WEIGHTING CANCELLED FOR EVENT: 2021  8 18  7  3
 6075 2021- 8-18  7:03     # 54 50  161 57   3.00 1.71  0.0    5 53.3 17.2      6075
  SEQ ---DATE--- TIME REMARK -LAT-  --LON-  DEPTH  RMS PMAG  NUM  ERH  ERZ  ID
 6076 2021- 8-18  9:43     - 55  4  160 58  29.73 0.19  0.0    7 18.7  3.1      6076
 6077 2021- 8-18  9:43     - 55 20  161 50  29.50 0.07  0.0    4  5.0 10.2      6077
 *** DISTANCE & RESIDUAL WEIGHTING CANCELLED FOR EVENT: 2021  8 18 10 16
 6078 2021- 8-18 10:16     - 55 17  162 13   3.00 0.37  0.0    4 25.0 22.4      6078
 6079 2021- 8-18 10:21     - 54 57  162  4   6.74 0.09  0.0    5  3.1 14.7      6079
 *** DISTANCE & RESIDUAL WEIGHTING CANCELLED FOR EVENT: 2021  8 18 12  9
 6080 2021- 8-18 12:09     # 55 23  161 45  11.61 1.47  0.0    5 28.5 18.1      6080
 *** DISTANCE & RESIDUAL WEIGHTING CANCELLED FOR EVENT: 2021  8 18 12 40
 6081 2021- 8-18 12:40     # 55 23  161 57   0.44 0.54  0.0    4  2.4 28.9      6081
 *** DISTANCE & RESIDUAL WEIGHTING CANCELLED FOR EVENT: 2021  8 18 13 30
 6082 2021- 8-18 13:30     - 55  1  162 41   6.36 0.20  0.0    5  6.5 17.1      6082
 *** DISTANCE & RESIDUAL WEIGHTING CANCELLED FOR EVENT: 2021  8 18 15  0
 6083 2021- 8-18 15:00     - 55 28  161 35   1.50 0.58  0.0    4 46.2 37.5      6083
 6084 2021- 8-18 17:20     - 54 51  161 17  16.61 0.22  0.0    9 19.4  2.4      6084
 6085 2021- 8-18 17:20     - 55  9  161 50   6.52 0.08  0.0    4  3.8 14.1      6085
 *** DISTANCE & RESIDUAL WEIGHTING CANCELLED FOR EVENT: 2021  8 18 17 42
 6086 2021- 8-18 17:42     - 55 39  160 36   3.00 0.16  0.0    4 11.3 16.3      6086
 6087 2021- 8-18 17:49     - 55 15  161 39  24.29 0.11  0.0    4 10.2  8.7      6087
 6088 2021- 8-18 17:56       55 28  161 47   2.42 0.01  0.0    5  1.1  5.0      6088
 *** DISTANCE & RESIDUAL WEIGHTING CANCELLED FOR EVENT: 2021  8 18 18  3
 6089 2021- 8-18 18:03     # 55 29  161 54  18.75 0.63  0.0    5 10.7 14.7      6089
 6090 2021- 8-18 18:10     - 55 32  161 41   0.46 0.12  0.0    4 12.0 15.5      6090
  SEQ ---DATE--- TIME REMARK -LAT-  --LON-  DEPTH  RMS PMAG  NUM  ERH  ERZ  ID
 6091 2021- 8-18 18:16       55 14  162  7  26.09 0.07  0.0    5  3.3  6.1      6091
 6092 2021- 8-18 18:21     - 54 46  160 55  34.32 0.22  0.0   11 17.2 19.6      6092
 6093 2021- 8-18 18:22     - 55  1  161 38  28.94 0.07  0.0    6  8.9  3.8      6093
 6094 2021- 8-18 19:31     - 54 44  161  4  30.82 0.22  0.0   10 20.2  2.6      6094
 *** DISTANCE & RESIDUAL WEIGHTING CANCELLED FOR EVENT: 2021  8 18 19 31
 6095 2021- 8-18 19:31     - 54 45  160 34   3.00 1.49  0.0    4 97.2 97.2      6095
 6096 2021- 8-18 20:07     - 54 56  160 32   3.27 0.51  0.0   11 17.0 38.9      6096
 6097 2021- 8-18 20:07     - 54 43  160 39   3.01 0.13  0.0    4 14.7 15.6      6097
 6098 2021- 8-18 20:29     - 55 10  161 18   3.88 0.11  0.0    8  6.0 13.0      6098
 6099 2021- 8-18 20:29     - 55 24  161 35   0.00 0.12  0.0    5  5.4 15.4      6099
 *** DISTANCE & RESIDUAL WEIGHTING CANCELLED FOR EVENT: 2021  8 18 21 22
 6100 2021- 8-18 21:22     # 55 37  162  7   9.75 1.88  0.0    7 23.7 51.6      6100
 6101 2021- 8-18 21:40     - 55 34  160 25   3.00 0.21  0.0    7 20.4 21.6      6101
 6102 2021- 8-18 21:40     - 55 31  161  7   3.03 0.51  0.0    6 37.8 43.7      6102
 *** DISTANCE & RESIDUAL WEIGHTING CANCELLED FOR EVENT: 2021  8 18 21 50
 6103 2021- 8-18 21:50     # 55 11  161 57   3.23 1.03  0.0    6  9.3 32.9      6103
 6104 2021- 8-18 22:16     - 54 51  161 15  18.90 0.14  0.0   10  7.8 11.0      6104
 6105 2021- 8-18 22:16       54 54  161 20  24.86 0.56  0.0    9 12.2 10.2      6105
  SEQ ---DATE--- TIME REMARK -LAT-  --LON-  DEPTH  RMS PMAG  NUM  ERH  ERZ  ID
 6106 2021- 8-18 22:27       55 17  161 35  27.94 0.07  0.0    7  2.1  1.6      6106
 *** DISTANCE & RESIDUAL WEIGHTING CANCELLED FOR EVENT: 2021  8 19  0  0
 6107 2021- 8-18 23:59     - 55 22  162  9   3.00 0.49  0.0    4  5.0 34.4      6107
 6108 2021- 8-19  0:10     - 55  5  161 47  13.60 0.08  0.0    5 11.4  5.4      6108
 *** DISTANCE & RESIDUAL WEIGHTING CANCELLED FOR EVENT: 2021  8 19  0 11
 6109 2021- 8-19  0:10     - 55  4  161 44   1.06 0.12  0.0    4  3.1 13.6      6109
 6110 2021- 8-19  1:11     - 55  7  161  1  40.86 0.13  0.0    4 15.1  7.7      6110
 6111 2021- 8-19  1:35     - 55 45  161 39  57.69 0.21  0.0    7  9.7 17.5      6111
 6112 2021- 8-19  2:09     - 55  3  160 20   2.87 0.25  0.0   16 10.1 21.9      6112
 6113 2021- 8-19  2:23       55 36  161 23  29.04 0.10  0.0    7  3.9  4.6      6113
 6114 2021- 8-19  2:23     - 55 21  160 53   3.11 0.05  0.0    4  5.4 11.9      6114
 6115 2021- 8-19  2:43       55 19  161 42   1.96 0.10  0.0    6  1.0  3.0      6115
 *** DISTANCE & RESIDUAL WEIGHTING CANCELLED FOR EVENT: 2021  8 19  2 44
 6116 2021- 8-19  2:44     # 55 10  161 38   3.00 0.90  0.0    4 26.6 45.5      6116
 6117 2021- 8-19  3:01     - 55  0  161 36  19.65 0.15  0.0    5 15.6  3.5      6117
 *** DISTANCE & RESIDUAL WEIGHTING CANCELLED FOR EVENT: 2021  8 19  3  2
 6118 2021- 8-19  3:02     - 55 11  161 55   0.21 0.47  0.0    4  3.0 39.0      6118
 6119 2021- 8-19  3:34       55 31  161 44  34.77 0.05  0.0    5  4.3  1.2      6119
 6120 2021- 8-19  6:42     - 54 36  161 46   2.06 1.08  0.0    4 71.4 82.9      6120
 *** DISTANCE & RESIDUAL WEIGHTING CANCELLED FOR EVENT: 2021  8 19  8  2
  SEQ ---DATE--- TIME REMARK -LAT-  --LON-  DEPTH  RMS PMAG  NUM  ERH  ERZ  ID
 6121 2021- 8-19  8:02     - 55 15  161 44   3.01 0.40  0.0    4  9.3 34.0      6121
 6122 2021- 8-19  8:03     - 55 24  161 18   4.76 0.19  0.0    6  8.1 17.2      6122
 6123 2021- 8-19  8:46     - 54 39  161 18   3.03 0.20  0.0   18  6.7 14.1      6123
 6124 2021- 8-19 10:12     - 54 31  161 52   2.94 0.10  0.0    7  6.3 13.5      6124
 6125 2021- 8-19 12:20     - 55 14  160 60  54.29 0.25  0.0   11 17.3  7.2      6125
 6126 2021- 8-19 12:20       55 15  162  0   6.02 0.00  0.0    4  1.3  1.0      6126
 *** DISTANCE & RESIDUAL WEIGHTING CANCELLED FOR EVENT: 2021  8 19 12 27
 6127 2021- 8-19 12:27     # 55 25  161 50  19.36 1.09  0.0    8 10.1 14.7      6127
 6128 2021- 8-19 13:16     - 55 42  163  5   3.01 0.05  0.0    4  5.6 11.9      6128
 *** DISTANCE & RESIDUAL WEIGHTING CANCELLED FOR EVENT: 2021  8 19 13 40
 6129 2021- 8-19 13:40     - 54 57  161  6   3.14 0.45  0.0    4 29.3 39.4      6129
 *** DISTANCE & RESIDUAL WEIGHTING CANCELLED FOR EVENT: 2021  8 19 16  0
 6130 2021- 8-19 15:59     # 55 23  162  3   3.23 0.94  0.0    4 11.5 37.5      6130
 6131 2021- 8-19 16:55     - 55 10  161 55   1.10 0.09  0.0    5  2.5 12.5      6131
 6132 2021- 8-19 18:29       54 44  162 42  15.19 0.08  0.0    7  3.6  1.0      6132
 6133 2021- 8-19 18:32     - 54 53  161 18  32.24 0.20  0.0    6 18.1  1.2      6133
 6134 2021- 8-19 18:32       55  8  161 52  25.92 2.19  0.0    7 45.4 47.1      6134
 6135 2021- 8-19 19:31     - 54 51  161  2  29.55 0.25  0.0   11 18.6  2.6      6135
  SEQ ---DATE--- TIME REMARK -LAT-  --LON-  DEPTH  RMS PMAG  NUM  ERH  ERZ  ID
 6136 2021- 8-19 19:31     - 54 41  160 38  20.23 0.25  0.0   10 17.6  5.0      6136
 6137 2021- 8-19 20:35     - 55 30  163  2   0.00 0.69  0.0    5 20.6 49.9      6137
 *** DISTANCE & RESIDUAL WEIGHTING CANCELLED FOR EVENT: 2021  8 20  2  9
 6138 2021- 8-20  2:08     - 55 40  160 44   2.38 0.27  0.0    4 10.9 23.6      6138
 *** DISTANCE & RESIDUAL WEIGHTING CANCELLED FOR EVENT: 2021  8 20  5 30
 6139 2021- 8-20  5:30     - 55 11  161 55   2.70 0.29  0.0    4  6.7 24.3      6139
 6140 2021- 8-20  6:18     - 55 28  161 46   7.93 0.01  0.0    4  7.6  9.2      6140
 6141 2021- 8-20  6:53     - 55 12  161 45  38.82 0.01  0.0    4  8.7  2.5      6141
 6142 2021- 8-20  6:57       55  7  161 37  42.85 0.12  0.0    5  6.3 10.2      6142
 6143 2021- 8-20  9:02       54 56  162 14   2.80 0.01  0.0    6  1.1  2.7      6143
 6144 2021- 8-20  9:03     - 54 59  162 16   0.01 0.61  0.0    5  2.9 51.8      6144
 6145 2021- 8-20  9:54     - 54 56  161 22  28.60 0.22  0.0    8 18.5  7.9      6145
 6146 2021- 8-20  9:54     - 54 55  161 24  23.85 0.09  0.0    6 11.6  2.1      6146
 *** DISTANCE & RESIDUAL WEIGHTING CANCELLED FOR EVENT: 2021  8 20 10 29
 6147 2021- 8-20 10:29     # 55  1  163  8  40.72 0.00  0.0    4  6.8  5.1      6147
 6148 2021- 8-20 10:47       55  3  161 16  32.74 0.10  0.0    5  3.3  0.9      6148
 6149 2021- 8-20 12:21     - 54 58  162 25  17.14 0.01  0.0    5  9.0  6.4      6149
 6150 2021- 8-20 13:38     - 55 10  161 56   0.57 0.11  0.0    4  1.5 13.0      6150
 *** DISTANCE & RESIDUAL WEIGHTING CANCELLED FOR EVENT: 2021  8 20 15 34
  SEQ ---DATE--- TIME REMARK -LAT-  --LON-  DEPTH  RMS PMAG  NUM  ERH  ERZ  ID
 6151 2021- 8-20 15:34     # 55  4  162 41   3.02 1.36  0.0    4 20.2 12.1      6151
 6152 2021- 8-20 15:46     - 55 13  162 42   2.23 0.13  0.0    5 10.3  7.2      6152
 6153 2021- 8-20 16:27     - 54 43  163 30   2.97 0.06  0.0    4  6.8 12.3      6153
 6154 2021- 8-20 16:34     - 54 26  163  4   2.98 0.03  0.0    4  9.6 11.6      6154
 *** DISTANCE & RESIDUAL WEIGHTING CANCELLED FOR EVENT: 2021  8 20 16 57
 6155 2021- 8-20 16:57     - 55 11  162 11   2.79 0.22  0.0    4  3.7 18.5      6155
 6156 2021- 8-20 17:31     - 55 41  163 35   2.73 0.09  0.0    4  6.1 13.4      6156
 6157 2021- 8-20 20:02     - 54 42  162 54   3.10 0.03  0.0    5  5.4 11.7      6157
 *** DISTANCE & RESIDUAL WEIGHTING CANCELLED FOR EVENT: 2021  8 20 20 19
 6158 2021- 8-20 20:18     # 55 24  161 49   1.50 2.08  0.0    4 10.8 41.1      6158
 6159 2021- 8-20 21:55     - 55 36  159 59   3.00 0.48  0.0    7 39.5 41.6      6159
 6160 2021- 8-20 21:55     - 55 19  160 10   3.01 0.31  0.0    6 24.9 28.2      6160
 6161 2021- 8-20 23:49     - 55 14  161  9   3.34 0.32  0.0   12 11.1 24.4      6161
 *** DISTANCE & RESIDUAL WEIGHTING CANCELLED FOR EVENT: 2021  8 20 23 49
 6162 2021- 8-20 23:49     # 54 58  162  2   0.03 0.62  0.0    4  7.9  4.7      6162
 6163 2021- 8-21  3:40     # 55 18  162 43   0.19 0.24  0.0    4 11.5  8.2      6163
 6164 2021- 8-21  3:54       55 15  161 10  31.39 0.19  0.0   10  3.8  4.5      6164
 6165 2021- 8-21  3:55     - 55 19  162 19   1.47 0.12  0.0    4  0.8 16.2      6165
  SEQ ---DATE--- TIME REMARK -LAT-  --LON-  DEPTH  RMS PMAG  NUM  ERH  ERZ  ID
 6166 2021- 8-21  8:12     - 55  2  160 53   3.00 0.17  0.0    6 16.7 18.6      6166
 6167 2021- 8-21  8:45     - 55 18  160 28   2.96 0.20  0.0    9  8.4 18.5      6167
 6168 2021- 8-21  8:52     - 54 55  162 17  25.66 0.03  0.0    5  6.0  9.6      6168
 6169 2021- 8-21  8:52       54 57  162 14  18.01 0.02  0.0    5  3.2  5.1      6169
 6170 2021- 8-21 10:29     - 55  2  161 24   5.49 0.14  0.0    5 15.4 16.9      6170
 6171 2021- 8-21 10:29     - 54 55  161 16  72.18 0.20  0.0    5 17.1 10.8      6171
 6172 2021- 8-21 14:32     - 54 51  162 14   0.05 0.15  0.0    4 16.8  3.1      6172
 6173 2021- 8-21 14:32     - 54 51  162 18   1.50 0.13  0.0    4 13.3  7.9      6173
 6174 2021- 8-21 16:40     # 54 36  162 25  65.71 0.11  0.0    6  9.2  3.4      6174
 6175 2021- 8-21 16:56     - 55  8  161 54   6.90 0.03  0.0    4  9.7  8.3      6175
 6176 2021- 8-21 19:52     - 54 58  162 14   1.07 0.06  0.0    4  1.9 13.3      6176
 6177 2021- 8-22  0:05     - 54 57  162 14   6.22 0.10  0.0    5 11.3  6.2      6177
 *** DISTANCE & RESIDUAL WEIGHTING CANCELLED FOR EVENT: 2021  8 22  0  5
 6178 2021- 8-22  0:05     - 54 43  162 26   3.00 0.64  0.0    5 47.2 49.5      6178
 *** DISTANCE & RESIDUAL WEIGHTING CANCELLED FOR EVENT: 2021  8 22  1  5
 6179 2021- 8-22  1:05     # 55  9  162  2   2.62 0.74  0.0    4 11.3 41.8      6179
 *** DISTANCE & RESIDUAL WEIGHTING CANCELLED FOR EVENT: 2021  8 22  1 46
 6180 2021- 8-22  1:46     - 55 15  161 52   2.87 0.24  0.0    4  4.2 21.7      6180
  SEQ ---DATE--- TIME REMARK -LAT-  --LON-  DEPTH  RMS PMAG  NUM  ERH  ERZ  ID
 6181 2021- 8-22  2:19     - 54 52  162 37  16.68 0.02  0.0    4 12.3  1.6      6181
 *** DISTANCE & RESIDUAL WEIGHTING CANCELLED FOR EVENT: 2021  8 22  2 19
 6182 2021- 8-22  2:19     # 55  0  162 19   5.85 0.82  0.0    5 41.7  2.4      6182
 6183 2021- 8-22  6:42       55  8  161 36  19.46 0.11  0.0    6  5.3  3.1      6183
 6184 2021- 8-22  6:42     - 54 54  161 28   4.18 0.77  0.0    5 24.6 55.6      6184
 6185 2021- 8-22  7:51     - 55 29  163 15   2.80 0.11  0.0    4  6.5 13.9      6185
 *** DISTANCE & RESIDUAL WEIGHTING CANCELLED FOR EVENT: 2021  8 22  8  0
 6186 2021- 8-22  7:59     - 55 29  162 41   3.00 1.13  0.0    4 30.0 94.3      6186
 *** DISTANCE & RESIDUAL WEIGHTING CANCELLED FOR EVENT: 2021  8 22  9 53
 6187 2021- 8-22  9:53     - 55  2  163 23   3.00 0.80  0.0    5 28.3 61.5      6187
 *** DISTANCE & RESIDUAL WEIGHTING CANCELLED FOR EVENT: 2021  8 22  9 53
 6188 2021- 8-22  9:53     - 55 30  163 16   2.84 0.28  0.0    4 10.9 23.5      6188
 *** DISTANCE & RESIDUAL WEIGHTING CANCELLED FOR EVENT: 2021  8 22 11 47
 6189 2021- 8-22 11:47     # 54 59  162 19   3.00 2.86  0.0    7 17.6 15.1      6189
 6190 2021- 8-22 13:44     - 54 60  162 19   0.38 0.17  0.0    4 14.7 11.1      6190
 6191 2021- 8-22 14:42       55 41  160 15   3.08 0.50  0.0    6 11.8 28.1      6191
 6192 2021- 8-22 18:25     - 54 43  160 38  22.72 0.22  0.0   11 19.0  4.7      6192
 6193 2021- 8-22 18:25     - 54 56  160 53  28.30 0.21  0.0    8 17.1  3.3      6193
 6194 2021- 8-22 18:47     - 55  8  162  2   6.67 0.09  0.0    5  2.3 14.4      6194
 6195 2021- 8-22 20:51       54 50  161 11  30.63 0.27  0.0   10 17.2  1.9      6195
  SEQ ---DATE--- TIME REMARK -LAT-  --LON-  DEPTH  RMS PMAG  NUM  ERH  ERZ  ID
 6196 2021- 8-22 20:51     - 54 46  160 55  41.59 0.15  0.0    8 12.9  7.6      6196
 6197 2021- 8-23  7:18     - 55 22  161 18   0.61 0.13  0.0    5  4.4 16.6      6197
 6198 2021- 8-23  7:18     - 55 54  161 48   1.01 0.18  0.0    4 14.5 12.5      6198
 6199 2021- 8-23  7:21     - 55 27  161 20   8.55 0.13  0.0    5  2.1 15.4      6199
 6200 2021- 8-23 10:56     - 54 27  163  6   0.75 0.22  0.0   11  9.3 20.3      6200
 6201 2021- 8-23 10:56     - 54 59  162 47   3.11 0.27  0.0    6 23.1 24.5      6201
 6202 2021- 8-23 12:22       55 19  161 52  18.54 0.05  0.0    7  2.4  1.2      6202
 6203 2021- 8-23 13:15     - 55 35  161 44   2.68 0.09  0.0    4  1.6 13.8      6203
 6204 2021- 8-23 15:37     # 54 55  162 12   0.56 0.10  0.0   12  0.6  2.6      6204
 6205 2021- 8-23 17:01     - 54 51  163 16   2.94 0.04  0.0    5  5.3 11.7      6205
 6206 2021- 8-23 18:02     - 54 38  161 25   2.85 0.15  0.0   14  6.1 12.9      6206
 6207 2021- 8-23 18:24     - 55 25  161 21   1.70 0.12  0.0    5  3.1 15.9      6207
 *** DISTANCE & RESIDUAL WEIGHTING CANCELLED FOR EVENT: 2021  8 23 18 25
 6208 2021- 8-23 18:25     # 55 11  161 37  21.73 0.39  0.0    4 17.8 11.2      6208
 6209 2021- 8-23 18:53     - 55  0  161 36  21.84 0.18  0.0    7 15.2  3.9      6209
 6210 2021- 8-23 18:53     - 54 51  161 31   7.79 0.31  0.0    5 17.5 26.3      6210
 *** DISTANCE & RESIDUAL WEIGHTING CANCELLED FOR EVENT: 2021  8 23 19 30
  SEQ ---DATE--- TIME REMARK -LAT-  --LON-  DEPTH  RMS PMAG  NUM  ERH  ERZ  ID
 6211 2021- 8-23 19:30     - 55 16  161 11   3.00 0.95  0.0    4 32.5 72.0      6211
 *** DISTANCE & RESIDUAL WEIGHTING CANCELLED FOR EVENT: 2021  8 23 22 11
 6212 2021- 8-23 22:11     - 55 53  161 12   3.00 0.35  0.0    4 13.6 29.1      6212
 *** DISTANCE & RESIDUAL WEIGHTING CANCELLED FOR EVENT: 2021  8 24  0 39
 6213 2021- 8-24  0:39     - 54 56  162 26  11.95 2.99  0.0    5 89.3 42.7      6213
 6214 2021- 8-24  0:52     - 55  1  161 42  17.47 0.22  0.0    5 18.6  4.0      6214
 6215 2021- 8-24  0:52       55  9  161 55  16.55 0.12  0.0    7  1.5  2.2      6215
 6216 2021- 8-24  0:59       54 55  162 13   4.44 0.03  0.0    7  3.7  4.8      6216
 6217 2021- 8-24  2:45     - 55 11  163 16   6.34 0.25  0.0    5  9.6 20.7      6217
 6218 2021- 8-24  2:45     - 54 32  162 23   3.01 0.17  0.0    4 15.9 16.7      6218
 6219 2021- 8-24  3:32     - 55  7  161  1  30.73 0.26  0.0    7 23.2  2.0      6219
 6220 2021- 8-24  3:32     - 55  6  160 42  28.30 0.22  0.0    8 18.3  2.8      6220
 6221 2021- 8-24  3:56     - 55 14  162  0   1.47 0.03  0.0    4  1.0 10.2      6221
 6222 2021- 8-24  8:58     - 55 12  161 25  13.77 0.02  0.0    5 10.7  4.1      6222
 6223 2021- 8-24  8:58     - 54 50  160 23   0.86 0.25  0.0    6 20.3 23.9      6223
 6224 2021- 8-24  9:34     - 55  5  161  3   3.00 0.06  0.0    5 11.6 13.3      6224
 6225 2021- 8-24  9:34     - 55  7  160 42  32.39 0.54  0.0    7 33.4 46.0      6225
  SEQ ---DATE--- TIME REMARK -LAT-  --LON-  DEPTH  RMS PMAG  NUM  ERH  ERZ  ID
 6226 2021- 8-24  9:44     - 55 27  160 41   4.07 0.14  0.0    6  7.0 15.3      6226
 6227 2021- 8-24 11:52     - 54 26  161 33   3.11 0.13  0.0    5  6.9 15.1      6227
 *** DISTANCE & RESIDUAL WEIGHTING CANCELLED FOR EVENT: 2021  8 24 11 54
 6228 2021- 8-24 11:53     - 55  2  163  9   3.00 0.52  0.0    5 18.9 41.2      6228
 6229 2021- 8-24 12:23     - 54 48  163  1   2.87 0.35  0.0   12 13.3 28.7      6229
 6230 2021- 8-24 12:31       54 59  161 38  22.79 0.18  0.0   10  2.6  3.1      6230
 6231 2021- 8-24 12:32     - 55 12  161 55   2.28 0.65  0.0    6  4.8 47.6      6231
 6232 2021- 8-24 12:32     # 55 27  162 11   3.57 0.05  0.0    4  1.8  4.1      6232
 6233 2021- 8-24 12:36       55 27  161 43   7.26 0.04  0.0    5  4.4  5.1      6233
 *** DISTANCE & RESIDUAL WEIGHTING CANCELLED FOR EVENT: 2021  8 24 12 43
 6234 2021- 8-24 12:43     - 55 16  162 23   1.20 0.20  0.0    4  9.3 20.1      6234
 6235 2021- 8-24 13:21     # 55 17  161 49   1.48 0.31  0.0    4  4.5 10.3      6235
 *** DISTANCE & RESIDUAL WEIGHTING CANCELLED FOR EVENT: 2021  8 24 14 26
 6236 2021- 8-24 14:26     # 55 19  161 40   7.45 1.82  0.0    5 30.2 80.5      6236
 6237 2021- 8-24 14:26     - 55 13  161 48   2.68 0.06  0.0    4  4.4 12.3      6237
 6238 2021- 8-24 16:36     - 55  0  161 15  25.91 0.25  0.0    8 20.0  9.1      6238
 6239 2021- 8-24 16:36     - 55  1  161  1  32.90 0.10  0.0    4 11.6 15.1      6239
 6240 2021- 8-24 16:44     - 55 19  162 14   2.38 0.63  0.0    4  9.6 49.7      6240
 *** DISTANCE & RESIDUAL WEIGHTING CANCELLED FOR EVENT: 2021  8 24 16 44
  SEQ ---DATE--- TIME REMARK -LAT-  --LON-  DEPTH  RMS PMAG  NUM  ERH  ERZ  ID
 6241 2021- 8-24 16:44     - 54 43  162 16   6.70 0.29  0.0    4 24.7 27.1      6241
 *** DISTANCE & RESIDUAL WEIGHTING CANCELLED FOR EVENT: 2021  8 24 17 29
 6242 2021- 8-24 17:29     # 54 40  161 53  45.07 0.45  0.0    5 13.1 15.0      6242
 6243 2021- 8-24 17:48     - 54 52  159 53   3.01 0.16  0.0    4 16.2 17.4      6243
 6244 2021- 8-24 19:50     - 55  2  162 15   1.91 0.02  0.0    4  1.4 11.3      6244
 6245 2021- 8-24 20:11     - 55 20  161 30   1.80 0.29  0.0    6  2.6 20.6      6245
 *** DISTANCE & RESIDUAL WEIGHTING CANCELLED FOR EVENT: 2021  8 24 20 17
 6246 2021- 8-24 20:16     - 55 29  160 37  55.43 0.63  0.0    4 40.6 36.0      6246
 6247 2021- 8-24 20:27     - 55 20  162  3   0.35 0.18  0.0    5  1.8 14.4      6247
 6248 2021- 8-24 20:33       55  4  162 21  31.03 0.08  0.0    5  4.7  6.8      6248
 *** DISTANCE & RESIDUAL WEIGHTING CANCELLED FOR EVENT: 2021  8 24 20 50
 6249 2021- 8-24 20:50     - 55 39  161 42   3.00 1.46  0.0    4 16.4 98.7      6249
 6250 2021- 8-24 20:56     - 55 24  161 55   0.24 0.12  0.0    4  1.7 13.5      6250
 6251 2021- 8-24 21:02     - 54 59  161 23   3.46 0.07  0.0    4  5.8 12.4      6251
 6252 2021- 8-24 22:28     - 55 13  161  2   3.00 0.28  0.0    8 19.8 26.4      6252
 6253 2021- 8-24 22:28     - 54 57  160 31   3.01 0.15  0.0    7 12.9 17.5      6253
 *** DISTANCE & RESIDUAL WEIGHTING CANCELLED FOR EVENT: 2021  8 25  0  0
 6254 2021- 8-24 23:59     - 55 16  162  3   3.00 1.27  0.0    4 13.6 81.4      6254
 6255 2021- 8-25  0:32     - 54 51  162 55   6.61 0.01  0.0    4  3.6 12.5      6255
  SEQ ---DATE--- TIME REMARK -LAT-  --LON-  DEPTH  RMS PMAG  NUM  ERH  ERZ  ID
 6256 2021- 8-25  1:31     - 55 19  160 54  33.22 0.21  0.0   10 18.3 20.6      6256
 *** DISTANCE & RESIDUAL WEIGHTING CANCELLED FOR EVENT: 2021  8 25  1 32
 6257 2021- 8-25  1:32     - 55 29  161 56   2.83 0.13  0.0    4  1.1 16.0      6257
 6258 2021- 8-25  1:32     - 55 10  161  3   3.07 0.05  0.0    4 10.9 13.0      6258
 6259 2021- 8-25  2:11       55 28  161 44  14.42 0.01  0.0    4  2.2  3.0      6259
 6260 2021- 8-25  2:17       55 20  161 43  10.14 0.03  0.0    5  8.1  0.8      6260
 *** DISTANCE & RESIDUAL WEIGHTING CANCELLED FOR EVENT: 2021  8 25  2 24
 6261 2021- 8-25  2:24     - 55 32  161 38   3.00 0.26  0.0    4 19.0 24.1      6261
 *** DISTANCE & RESIDUAL WEIGHTING CANCELLED FOR EVENT: 2021  8 25  2 40
 6262 2021- 8-25  2:40     - 55 24  161 57   0.64 0.26  0.0    4  2.8 18.8      6262
 6263 2021- 8-25  3:51     - 55 17  161 39   4.28 0.03  0.0    4 12.2  2.6      6263
 6264 2021- 8-25  4:08       55 15  161 51  12.93 0.00  0.0    4  3.6  2.1      6264
 6265 2021- 8-25  4:42       55  1  161 40   2.76 0.00  0.0    4  5.0  5.2      6265
 6266 2021- 8-25  4:55     # 55 27  161 58   0.18 0.54  0.0    5  5.9 18.7      6266
 6267 2021- 8-25  5:03     - 55 27  161 51   1.50 0.09  0.0    5  1.1 11.9      6267
 *** DISTANCE & RESIDUAL WEIGHTING CANCELLED FOR EVENT: 2021  8 25  5 22
 6268 2021- 8-25  5:22     # 55  7  162  2   3.00 0.59  0.0    4 12.8  5.4      6268
 6269 2021- 8-25  5:34     - 55 31  161 56   8.53 0.07  0.0    5  4.0 12.9      6269
 6270 2021- 8-25  5:41     - 54 57  161 19   3.02 0.14  0.0    6 14.7 16.8      6270
  SEQ ---DATE--- TIME REMARK -LAT-  --LON-  DEPTH  RMS PMAG  NUM  ERH  ERZ  ID
 6271 2021- 8-25  5:41     - 55  0  161 35  20.52 0.12  0.0    4 15.2  2.3      6271
 6272 2021- 8-25  6:15     - 55 37  160 24   2.97 0.52  0.0   10 18.3 40.2      6272
 6273 2021- 8-25  6:44     - 55 23  162  7   3.51 0.02  0.0    4  3.5 12.0      6273
 *** DISTANCE & RESIDUAL WEIGHTING CANCELLED FOR EVENT: 2021  8 25  6 54
 6274 2021- 8-25  6:54     - 55 20  161 56  44.30 0.23  0.0    4 22.6  3.0      6274
 6275 2021- 8-25  7:36     - 54 40  161 25   2.71 0.17  0.0   14  6.7 13.7      6275
 *** DISTANCE & RESIDUAL WEIGHTING CANCELLED FOR EVENT: 2021  8 25  7 51
 6276 2021- 8-25  7:51     # 55 22  161 49   0.10 0.78  0.0    5 14.9 37.9      6276
 6277 2021- 8-25  7:51     # 55 27  162  3   0.02 0.51  0.0    5 12.8  8.9      6277
 6278 2021- 8-25  7:59     - 55 25  161 57   2.96 0.08  0.0    4  1.7 13.3      6278
 6279 2021- 8-25  8:00     - 55 37  162  8   2.60 0.37  0.0    4 12.9 29.0      6279
 6280 2021- 8-25  8:04     - 55 16  161 40   1.80 0.04  0.0    4  2.6 12.6      6280
 6281 2021- 8-25  8:09       55 26  161 52  42.93 0.20  0.0    6  4.5  2.5      6281
 6282 2021- 8-25  8:28       55 24  161 54   0.34 0.15  0.0    6  0.7 11.8      6282
 6283 2021- 8-25  8:34     - 56  3  160 57   0.52 0.16  0.0    6  9.7 16.4      6283
 6284 2021- 8-25  9:37     - 55 14  161 22   5.47 0.16  0.0    6 10.5 18.3      6284
 6285 2021- 8-25  9:37     - 55 22  160 33   3.03 0.11  0.0    7  8.4 15.6      6285
  SEQ ---DATE--- TIME REMARK -LAT-  --LON-  DEPTH  RMS PMAG  NUM  ERH  ERZ  ID
 6286 2021- 8-25 10:00     - 54 55  161 21  32.29 0.05  0.0    5 11.4  0.9      6286
 6287 2021- 8-25 10:00     - 54 56  161 20  42.60 0.20  0.0    5 19.2  6.0      6287
 6288 2021- 8-25 10:18     - 54 59  162 29  29.77 0.01  0.0    5  7.7  8.9      6288
 6289 2021- 8-25 11:42     - 55 27  161 48   1.42 0.02  0.0    5  1.2 12.1      6289
 *** DISTANCE & RESIDUAL WEIGHTING CANCELLED FOR EVENT: 2021  8 25 11 49
 6290 2021- 8-25 11:49     - 55 26  161 47   3.01 0.42  0.0    4 12.3 34.7      6290
 *** DISTANCE & RESIDUAL WEIGHTING CANCELLED FOR EVENT: 2021  8 25 11 59
 6291 2021- 8-25 11:59     # 55 19  161 49   3.00 0.79  0.0    4 12.0 27.8      6291
 *** DISTANCE & RESIDUAL WEIGHTING CANCELLED FOR EVENT: 2021  8 25 12  0
 6292 2021- 8-25 11:59     - 54 59  160 28   4.49 0.22  0.0    4 18.6 22.1      6292
 6293 2021- 8-25 12:06     - 55  6  162 43   2.97 0.09  0.0    5  6.1 13.3      6293
 *** DISTANCE & RESIDUAL WEIGHTING CANCELLED FOR EVENT: 2021  8 25 12  7
 6294 2021- 8-25 12:07     - 54 43  161  8  23.12 0.63  0.0    6 24.8 50.5      6294
 *** DISTANCE & RESIDUAL WEIGHTING CANCELLED FOR EVENT: 2021  8 25 12 23
 6295 2021- 8-25 12:23     - 55 19  161 52   1.80 0.44  0.0    4 25.4 22.5      6295
 6296 2021- 8-25 13:40     - 54 37  162  2   2.88 0.07  0.0    7  5.4 11.6      6296
 6297 2021- 8-25 14:46     - 54 40  161 26   2.95 0.20  0.0   13  7.2 14.8      6297
 *** DISTANCE & RESIDUAL WEIGHTING CANCELLED FOR EVENT: 2021  8 25 16  0
 6298 2021- 8-25 15:59     - 55 23  162 15   3.00 0.94  0.0    5  9.4 67.7      6298
 6299 2021- 8-25 16:13       55 20  161 44  11.59 0.00  0.0    4  2.1  1.5      6299
 *** DISTANCE & RESIDUAL WEIGHTING CANCELLED FOR EVENT: 2021  8 25 16 23
 6300 2021- 8-25 16:23     - 55  2  161 35  11.51 0.35  0.0    4 21.9 26.0      6300
  SEQ ---DATE--- TIME REMARK -LAT-  --LON-  DEPTH  RMS PMAG  NUM  ERH  ERZ  ID
 6301 2021- 8-25 16:51     - 55 21  162 10  10.52 0.10  0.0    5  1.5 14.2      6301
 6302 2021- 8-25 17:32     - 55 21  161 42  30.91 0.08  0.0    4 13.9  1.5      6302
 6303 2021- 8-25 17:35     - 55 25  161  3   3.00 0.22  0.0    5 18.1 22.0      6303
 6304 2021- 8-25 18:51     - 54 51  161 12  29.66 0.18  0.0    9 17.1  2.0      6304
 6305 2021- 8-25 18:51     - 54 38  160 41  38.46 0.35  0.0   10 19.7 22.1      6305
 6306 2021- 8-25 18:52     - 54 38  160  4   5.51 0.10  0.0    7  8.8 12.3      6306
 6307 2021- 8-25 18:53     - 55 16  161 18   3.68 0.13  0.0    4 15.0  3.0      6307
 6308 2021- 8-25 18:57     - 55 14  161 38   7.04 0.03  0.0    5  4.8 11.0      6308
 6309 2021- 8-25 19:12     - 55 26  161 57   2.68 0.07  0.0    4  3.5 11.1      6309
 6310 2021- 8-25 19:34       55 27  161 53  11.68 0.00  0.0    4  2.3  5.0      6310
 6311 2021- 8-25 19:40     - 55 28  161 10   3.07 0.08  0.0    4  5.9 12.8      6311
 6312 2021- 8-25 19:56     - 54 39  161 27   3.24 0.19  0.0   16  7.1 14.7      6312
 6313 2021- 8-25 19:57     - 54 57  161  7   2.82 0.08  0.0    4  6.1 12.6      6313
 6314 2021- 8-25 19:58     - 55  1  161  9  32.72 0.24  0.0    7 18.0  0.7      6314
 6315 2021- 8-25 21:15     - 55 14  161 42  44.28 0.14  0.0    6  6.9 11.8      6315
  SEQ ---DATE--- TIME REMARK -LAT-  --LON-  DEPTH  RMS PMAG  NUM  ERH  ERZ  ID
 6316 2021- 8-25 21:47     - 55 12  161 27   7.50 0.18  0.0    6  4.8 18.6      6316
 6317 2021- 8-25 22:02     - 55 26  162 10   0.15 0.12  0.0    4  5.2 10.7      6317
 6318 2021- 8-25 22:07     - 55 12  160 59  30.73 0.19  0.0    8 16.2  1.7      6318
 *** DISTANCE & RESIDUAL WEIGHTING CANCELLED FOR EVENT: 2021  8 25 22  8
 6319 2021- 8-25 22:07     - 54 48  159  4   3.00 0.48  0.0    4 30.1 31.5      6319
 6320 2021- 8-25 22:08     - 56  4  162 15   3.17 0.17  0.0    4 16.7 18.8      6320
 *** DISTANCE & RESIDUAL WEIGHTING CANCELLED FOR EVENT: 2021  8 25 22  9
 6321 2021- 8-25 22:09     - 55 25  162 16   0.18 0.26  0.0    4  4.7 24.3      6321
 6322 2021- 8-25 22:54     - 54 44  161 23   2.97 0.06  0.0    5  5.6 12.1      6322
 6323 2021- 8-26  0:26     - 54 52  161 15  30.66 0.26  0.0    8 21.6  2.1      6323
 6324 2021- 8-26  0:26       55 16  161 50  15.61 0.00  0.0    4  3.9  1.5      6324
 6325 2021- 8-26  1:15     - 55 24  161 51   0.18 0.11  0.0    5  0.6 11.5      6325
 6326 2021- 8-26  1:22       55 25  161 44   4.79 0.10  0.0    7  1.0  0.6      6326
 6327 2021- 8-26  1:30     - 55 24  161 49   0.37 0.08  0.0    6  0.6 10.6      6327
 *** DISTANCE & RESIDUAL WEIGHTING CANCELLED FOR EVENT: 2021  8 26  1 44
 6328 2021- 8-26  1:44     - 55 14  161 51   2.56 0.47  0.0    4  8.5 36.1      6328
 6329 2021- 8-26  1:51     - 54 58  161 27  10.30 0.28  0.0    7 17.1 19.3      6329
 6330 2021- 8-26  1:51     - 54 46  160 52   3.04 0.35  0.0    4 28.0 30.7      6330
  SEQ ---DATE--- TIME REMARK -LAT-  --LON-  DEPTH  RMS PMAG  NUM  ERH  ERZ  ID
 6331 2021- 8-26  1:59     - 54 43  160 58  36.54 0.25  0.0    9 20.4 17.4      6331
 6332 2021- 8-26  1:59     - 54 56  161 10  23.24 0.10  0.0    4 14.0  9.2      6332
 6333 2021- 8-26  2:22       55 23  161 56  14.45 0.06  0.0    6  2.2  1.2      6333
 6334 2021- 8-26  2:26     - 54 54  162  5   8.35 0.10  0.0    4  4.2 14.0      6334
 6335 2021- 8-26  3:15     - 54 44  162 53   3.00 0.09  0.0    8  6.0 13.2      6335
 6336 2021- 8-26  4:40     - 55  5  162 59   3.01 0.04  0.0    4  3.8 12.2      6336
 6337 2021- 8-26  5:34     - 54 55  159 12   3.01 0.42  0.0    9 32.4 34.7      6337
 *** DISTANCE & RESIDUAL WEIGHTING CANCELLED FOR EVENT: 2021  8 26  5 34
 6338 2021- 8-26  5:34     - 55 23  161 58   3.00 0.40  0.0    5  4.1 32.3      6338
 6339 2021- 8-26  6:13     - 54 32  163 27   2.99 0.12  0.0    5  6.6 14.4      6339
 6340 2021- 8-26  8:26     - 55 24  161 49   0.19 0.11  0.0    6  0.6 11.8      6340
 6341 2021- 8-26  8:39     - 55 31  162 12   0.01 0.18  0.0    4  9.6 16.9      6341
 6342 2021- 8-26  8:49     - 54 37  161 45   1.91 0.17  0.0    6  8.1 16.5      6342
 *** DISTANCE & RESIDUAL WEIGHTING CANCELLED FOR EVENT: 2021  8 26  9  8
 6343 2021- 8-26  9:08     - 55 14  162 21   1.60 0.21  0.0    4  6.4 20.9      6343
 *** DISTANCE & RESIDUAL WEIGHTING CANCELLED FOR EVENT: 2021  8 26 10 38
 6344 2021- 8-26 10:38     - 55 15  161 41   1.92 0.97  0.0    4 22.6 80.8      6344
 6345 2021- 8-26 10:42       55 17  161 31   3.25 0.18  0.0    5 10.3  2.2      6345
 *** DISTANCE & RESIDUAL WEIGHTING CANCELLED FOR EVENT: 2021  8 26 11  0
  SEQ ---DATE--- TIME REMARK -LAT-  --LON-  DEPTH  RMS PMAG  NUM  ERH  ERZ  ID
 6346 2021- 8-26 11:00     - 55 36  160 50   3.00 1.51  0.0    5 99.0 99.0      6346
 *** DISTANCE & RESIDUAL WEIGHTING CANCELLED FOR EVENT: 2021  8 26 11  0
 6347 2021- 8-26 11:00     - 55 29  160 57   3.02 0.94  0.0    4 58.1 78.7      6347
 6348 2021- 8-26 12:16     - 55 17  161 17   6.45 0.05  0.0    4  9.3 13.1      6348
 6349 2021- 8-26 12:16     - 55  4  160 48  17.15 0.26  0.0    8  3.3 24.9      6349
 6350 2021- 8-26 13:57     - 55 48  161  4  42.90 0.18  0.0    7 15.3 11.4      6350
 6351 2021- 8-26 13:56     - 55 51  159 13   6.90 0.30  0.0    7 23.0 24.0      6351
 6352 2021- 8-26 14:47     - 55 14  162 21   0.44 0.13  0.0    7  1.5 13.2      6352
 6353 2021- 8-26 15:06     - 55 11  160 53   3.74 0.34  0.0   13 12.7 26.2      6353
 *** DISTANCE & RESIDUAL WEIGHTING CANCELLED FOR EVENT: 2021  8 26 15  7
 6354 2021- 8-26 15:06     - 55 49  161 19   3.03 0.36  0.0    4 13.5 29.4      6354
 6355 2021- 8-26 16:28     - 54 50  161 13  28.91 0.23  0.0    9 18.7  3.8      6355
 6356 2021- 8-26 16:28     - 54 27  160 46  13.97 0.90  0.0    9 64.6 75.3      6356
 6357 2021- 8-26 16:46     - 54 32  162 54  24.10 0.12  0.0    6  9.3 12.7      6357
 6358 2021- 8-26 16:48     - 55 25  162  8   2.37 0.09  0.0    5  2.5 14.5      6358
 *** DISTANCE & RESIDUAL WEIGHTING CANCELLED FOR EVENT: 2021  8 26 17 39
 6359 2021- 8-26 17:39     - 55 16  161  2   3.00 0.44  0.0    5 29.3 38.3      6359
 6360 2021- 8-26 19:22     - 55 20  163  5   2.66 0.11  0.0    4  6.5 14.2      6360
  SEQ ---DATE--- TIME REMARK -LAT-  --LON-  DEPTH  RMS PMAG  NUM  ERH  ERZ  ID
 6361 2021- 8-26 20:14     - 55 20  160 23   3.01 0.33  0.0    8 22.8 30.1      6361
 6362 2021- 8-26 20:14     - 55 13  159 19   3.56 0.14  0.0   10 12.2 10.6      6362
 6363 2021- 8-26 20:26     - 54 29  163 13   3.20 0.14  0.0    6  7.8 15.8      6363
 6364 2021- 8-26 20:43     - 54 45  160 55  25.96 0.19  0.0   11 16.2  3.5      6364
 6365 2021- 8-26 20:43     - 54 41  160 47  23.28 0.17  0.0    9 14.9  3.8      6365
 6366 2021- 8-26 22:06     - 54 40  161 27   2.33 0.18  0.0   10  6.6 13.5      6366
 6367 2021- 8-27  0:25     - 54 32  162  3   2.85 0.12  0.0    6  6.7 14.4      6367
 6368 2021- 8-27  1:11       55 18  160 58  72.71 0.55  0.0    7 14.7 20.5      6368
 *** DISTANCE & RESIDUAL WEIGHTING CANCELLED FOR EVENT: 2021  8 27  1 19
 6369 2021- 8-27  1:19     # 55 20  162 13   7.14 2.32  0.0    5 14.5 98.9      6369
 *** DISTANCE & RESIDUAL WEIGHTING CANCELLED FOR EVENT: 2021  8 27  2 12
 6370 2021- 8-27  2:12     - 55 11  162 12   2.25 0.29  0.0    4  9.0 27.0      6370
 6371 2021- 8-27  2:12     - 55  5  160 55  22.36 0.93  0.0    9 64.0 35.4      6371
 6372 2021- 8-27  2:40     - 54 51  161  7  29.98 0.29  0.0   10 20.8  2.4      6372
 6373 2021- 8-27  2:40     - 54 46  160 56  33.03 0.29  0.0    9 16.7 26.9      6373
 6374 2021- 8-27  2:44     - 55 39  161 41  76.72 0.06  0.0    7  5.4 12.3      6374
 6375 2021- 8-27  2:44     - 55 29  162 17   7.76 0.17  0.0    5  1.4 18.9      6375
  SEQ ---DATE--- TIME REMARK -LAT-  --LON-  DEPTH  RMS PMAG  NUM  ERH  ERZ  ID
 6376 2021- 8-27  2:57     - 55 17  162  5   0.62 0.59  0.0    4 47.3 36.7      6376
 *** DISTANCE & RESIDUAL WEIGHTING CANCELLED FOR EVENT: 2021  8 27  3  5
 6377 2021- 8-27  3:05     - 55  8  161 31   7.23 0.40  0.0    5  7.0 33.3      6377
 *** DISTANCE & RESIDUAL WEIGHTING CANCELLED FOR EVENT: 2021  8 27  3 23
 6378 2021- 8-27  3:23     - 55 13  162  7   3.00 0.79  0.0    4  4.9 51.0      6378
 6379 2021- 8-27  3:34     - 54 40  161 12   3.22 0.17  0.0   18  6.6 13.8      6379
 6380 2021- 8-27  5:24     - 54 44  160 49  26.32 0.21  0.0   11 17.9  3.8      6380
 6381 2021- 8-27  5:24     - 54 46  160 45  38.01 0.28  0.0    9 15.5 15.5      6381
 6382 2021- 8-27  6:32     - 54 44  163 13  26.88 0.03  0.0    4  4.7 11.8      6382
 6383 2021- 8-27  6:55     - 55 15  161 52   2.93 0.28  0.0    4  4.1 22.6      6383
 *** DISTANCE & RESIDUAL WEIGHTING CANCELLED FOR EVENT: 2021  8 27  7 12
 6384 2021- 8-27  7:12     - 55 17  162 13   3.07 0.34  0.0    4  4.4 27.2      6384
 6385 2021- 8-27  7:51     - 55  6  161  3   3.01 0.19  0.0    5 17.8 20.1      6385
 6386 2021- 8-27  7:51     - 55  9  160 49  35.96 0.35  0.0    7 21.6 13.4      6386
 6387 2021- 8-27  7:56     - 54 48  162 54   0.52 0.83  0.0    6 29.5 64.1      6387
 6388 2021- 8-27  7:59     - 55 19  162  3   3.14 0.07  0.0    4  1.3 13.6      6388
 6389 2021- 8-27  9:40     - 55  6  160 59  18.52 0.25  0.0   10 17.2 18.6      6389
 6390 2021- 8-27  9:40     - 54 45  160 14   4.88 0.23  0.0    6 20.5 21.8      6390
  SEQ ---DATE--- TIME REMARK -LAT-  --LON-  DEPTH  RMS PMAG  NUM  ERH  ERZ  ID
 6391 2021- 8-27  9:40     - 55 28  161 54   2.83 0.13  0.0    4  1.6 15.8      6391
 6392 2021- 8-27 10:20       55 12  161 48   3.98 0.04  0.0    5  0.8  0.8      6392
 6393 2021- 8-27 10:20       55 12  162  4  35.07 0.01  0.0    4  1.3  2.1      6393
 6394 2021- 8-27 10:33     - 55  0  162 37  73.45 0.06  0.0    6  6.4 11.2      6394
 6395 2021- 8-27 11:33     - 55 15  161  2   4.73 0.04  0.0    4  5.1 11.9      6395
 6396 2021- 8-27 11:36     - 55 13  161  7   3.05 0.18  0.0    7 14.3 19.6      6396
 6397 2021- 8-27 11:37     - 54 56  161 18   3.29 0.12  0.0    5  6.7 13.9      6397
 6398 2021- 8-27 12:54     - 55 52  162 59   2.49 0.28  0.0    4 11.3 24.1      6398
 *** DISTANCE & RESIDUAL WEIGHTING CANCELLED FOR EVENT: 2021  8 27 13  2
 6399 2021- 8-27 13:02     # 55 24  161 50   2.57 0.00  0.0    4  0.7  1.1      6399
 *** DISTANCE & RESIDUAL WEIGHTING CANCELLED FOR EVENT: 2021  8 27 16  0
 6400 2021- 8-27 15:59     # 55 18  162  2   3.00 1.05  0.0    5  7.3 17.1      6400
 *** DISTANCE & RESIDUAL WEIGHTING CANCELLED FOR EVENT: 2021  8 27 16 24
 6401 2021- 8-27 16:24     - 55 19  162  7   1.21 0.31  0.0    4 11.0 27.5      6401
 6402 2021- 8-27 16:34     - 56 10  162  9   2.71 0.06  0.0    4 11.6 12.3      6402
 6403 2021- 8-27 17:08     - 55 10  161  3   3.01 0.25  0.0    7 21.0 24.0      6403
 6404 2021- 8-27 17:08     - 55 10  160 25  69.19 0.21  0.0    8 19.6  6.4      6404
 6405 2021- 8-27 20:22     - 54 55  161  6  28.98 0.15  0.0    8 15.4  8.8      6405
  SEQ ---DATE--- TIME REMARK -LAT-  --LON-  DEPTH  RMS PMAG  NUM  ERH  ERZ  ID
 6406 2021- 8-27 20:23     - 54 55  161 18  42.30 0.21  0.0    7 14.6  4.0      6406
 6407 2021- 8-27 21:55     - 56  4  163 17   3.86 0.16  0.0    4 12.2 13.2      6407
 6408 2021- 8-27 21:55     - 55 15  162 11   3.53 0.07  0.0    4  1.6 13.4      6408
 *** DISTANCE & RESIDUAL WEIGHTING CANCELLED FOR EVENT: 2021  8 28  0  0
 6409 2021- 8-27 23:59     - 55 16  162 11   3.00 0.45  0.0    4  3.7 31.7      6409
 6410 2021- 8-28  1:35     - 54 54  161  9  18.66 0.21  0.0    6 14.7 16.1      6410
 6411 2021- 8-28  1:35       54 59  161 32  20.39 0.08  0.0    6  3.4  1.4      6411
 6412 2021- 8-28  3:57       54 26  161 30   8.75 0.13  0.0   13  1.1  1.4      6412
 6413 2021- 8-28  5:24     - 55  2  161 20   1.17 0.13  0.0    6 16.3  4.7      6413
 6414 2021- 8-28  5:24     - 55  1  161 17   2.82 0.18  0.0    4 18.8 11.4      6414
 6415 2021- 8-28  5:36     - 54 55  162 53   4.27 0.23  0.0    7 10.0 20.5      6415
 *** DISTANCE & RESIDUAL WEIGHTING CANCELLED FOR EVENT: 2021  8 28  5 45
 6416 2021- 8-28  5:45     - 55  1  161 16  18.87 0.41  0.0    4 28.5 29.6      6416
 6417 2021- 8-28  7:59     - 55 14  161 52   9.38 0.23  0.0    5  2.8 19.3      6417
 *** DISTANCE & RESIDUAL WEIGHTING CANCELLED FOR EVENT: 2021  8 28  8  0
 6418 2021- 8-28  7:59     # 55 40  162 11   3.00 5.59  0.0    7 89.9 41.4      6418
 6419 2021- 8-28  8:06     - 55 15  161 38  13.18 0.12  0.0    4 16.1  2.4      6419
 6420 2021- 8-28  8:10       54 60  162 21   2.76 0.00  0.0    4  1.5  1.1      6420
 *** DISTANCE & RESIDUAL WEIGHTING CANCELLED FOR EVENT: 2021  8 28  8 16
  SEQ ---DATE--- TIME REMARK -LAT-  --LON-  DEPTH  RMS PMAG  NUM  ERH  ERZ  ID
 6421 2021- 8-28  8:16     - 55 47  162  6   0.63 0.55  0.0    4 47.4 22.2      6421
 *** DISTANCE & RESIDUAL WEIGHTING CANCELLED FOR EVENT: 2021  8 28 10 15
 6422 2021- 8-28 10:14     - 54 57  162 29  12.25 2.23  0.0    5 78.5 60.3      6422
 6423 2021- 8-28 10:27       55  7  160 22  10.13 0.17  0.0   18  1.0  0.8      6423
 6424 2021- 8-28 11:50     - 55 13  162 20   1.30 1.01  0.0    4 29.7 70.4      6424
 6425 2021- 8-28 11:52     - 55 15  162 21   0.83 0.12  0.0    6  1.7 12.8      6425
 6426 2021- 8-28 12:39     - 55 17  162 29   7.43 0.60  0.0    7 10.9 50.3      6426
 6427 2021- 8-28 12:49       55  7  160 21  10.93 0.18  0.0   15  1.7  2.0      6427
 6428 2021- 8-28 13:32     - 55 30  161 43   1.47 0.16  0.0    7  2.3 13.9      6428
 6429 2021- 8-28 13:48     - 55 31  163 57   2.99 0.06  0.0    5  5.9 12.1      6429
 *** DISTANCE & RESIDUAL WEIGHTING CANCELLED FOR EVENT: 2021  8 28 14  1
 6430 2021- 8-28 14:01     - 54 21  162 30   3.00 0.59  0.0    4 49.1 46.1      6430
 *** DISTANCE & RESIDUAL WEIGHTING CANCELLED FOR EVENT: 2021  8 28 16  0
 6431 2021- 8-28 15:59     # 55 24  162 22   3.00 1.01  0.0    6  7.4 13.8      6431
 6432 2021- 8-28 16:50     - 55 10  161  9   3.00 0.17  0.0    4 15.6 18.6      6432
 6433 2021- 8-28 16:50     - 55 57  162 14   2.64 0.17  0.0    6 14.5  8.6      6433
 *** DISTANCE & RESIDUAL WEIGHTING CANCELLED FOR EVENT: 2021  8 28 16 51
 6434 2021- 8-28 16:51     - 55 28  162 22   2.93 0.16  0.0    4  5.0 13.1      6434
 6435 2021- 8-28 17:11     - 54 54  163 10   3.16 0.08  0.0    4  6.2 12.6      6435
  SEQ ---DATE--- TIME REMARK -LAT-  --LON-  DEPTH  RMS PMAG  NUM  ERH  ERZ  ID
 6436 2021- 8-28 17:31     - 55 22  162 14   3.08 0.12  0.0    4 10.7 14.0      6436
 6437 2021- 8-28 18:20     - 54 54  160 51   2.90 0.33  0.0   18 10.2 21.7      6437
 6438 2021- 8-28 18:33     - 54 34  161 27  33.66 0.16  0.0   17  1.3 17.1      6438
 6439 2021- 8-28 18:37     - 54 58  161 23  22.27 0.27  0.0    9 19.5 10.1      6439
 6440 2021- 8-28 18:37     - 54 47  160 55  22.19 0.32  0.0    7 26.3 20.6      6440
 6441 2021- 8-28 18:38     - 54 49  161  9  29.04 0.21  0.0    9 19.2  2.7      6441
 6442 2021- 8-28 18:38     - 55  7  160 46   3.02 0.14  0.0    5 14.8 16.6      6442
 6443 2021- 8-28 18:56     - 55  0  161 29  24.03 0.23  0.0    9 18.2  4.9      6443
 6444 2021- 8-28 18:56     - 54 42  161  0  34.40 0.70  0.0    9 45.9 52.1      6444
 6445 2021- 8-28 19:00     - 55  0  161 23  24.12 0.08  0.0    5 13.1  3.9      6445
 6446 2021- 8-28 19:16     - 55  9  160 33   3.01 0.28  0.0   10 23.3 26.3      6446
 6447 2021- 8-28 19:16     - 55 25  161 13  15.45 0.08  0.0    4 13.2  2.4      6447
 6448 2021- 8-28 19:45     - 54 59  162 20  12.47 0.03  0.0    4  7.2  8.9      6448
 6449 2021- 8-28 19:45     - 54 60  162 15   1.17 0.10  0.0    5  1.7 15.0      6449
 6450 2021- 8-28 19:51     - 54 42  161 17   2.57 0.13  0.0    6  6.7 14.4      6450
  SEQ ---DATE--- TIME REMARK -LAT-  --LON-  DEPTH  RMS PMAG  NUM  ERH  ERZ  ID
 6451 2021- 8-28 19:51     - 55  4  161 18  33.82 0.07  0.0    5 11.7  2.5      6451
 *** DISTANCE & RESIDUAL WEIGHTING CANCELLED FOR EVENT: 2021  8 28 19 54
 6452 2021- 8-28 19:54     # 55 23  161 57   7.71 0.57  0.0    4  8.9 17.0      6452
 6453 2021- 8-28 20:01     - 54 51  161 19  30.39 0.22  0.0    9 18.8  1.7      6453
 6454 2021- 8-28 20:01     - 54 50  161 28  29.26 0.22  0.0    4 20.9  4.4      6454
 6455 2021- 8-28 20:08     - 54 21  162  9   2.67 0.06  0.0    4  5.7 12.3      6455
 6456 2021- 8-28 20:22     - 55 14  161 10  33.00 0.12  0.0    8 12.8  0.8      6456
 6457 2021- 8-28 21:55     - 55 18  160 54  33.96 0.11  0.0    7  3.8 13.6      6457
 6458 2021- 8-28 23:59     - 55 19  162 12   3.00 0.01  0.0    4  1.4 11.9      6458
 6459 2021- 8-29  0:05     - 55 32  160 28   2.83 0.44  0.0    9 16.1 34.4      6459
 6460 2021- 8-29  0:41     - 54 37  160 52  24.33 0.15  0.0   11 15.1  3.6      6460
 6461 2021- 8-29  0:41     - 54 35  160 51  32.08 0.39  0.0   10 26.2 34.4      6461
 6462 2021- 8-29  0:55     - 55 18  160 34   2.80 0.08  0.0    5  6.1 12.9      6462
 6463 2021- 8-29  1:04     - 54 50  161 11  29.26 0.23  0.0    6 21.1  2.4      6463
 6464 2021- 8-29  1:04       55  5  161 40  23.62 0.03  0.0    4  3.0  1.1      6464
 6465 2021- 8-29  1:16     # 55  7  160 22   9.90 0.18  0.0   19  1.1  1.0      6465
  SEQ ---DATE--- TIME REMARK -LAT-  --LON-  DEPTH  RMS PMAG  NUM  ERH  ERZ  ID
 6466 2021- 8-29  7:13     - 54 59  161 35  23.93 0.14  0.0    5 14.2  4.8      6466
 *** DISTANCE & RESIDUAL WEIGHTING CANCELLED FOR EVENT: 2021  8 29  8  0
 6467 2021- 8-29  7:59     - 55 22  162 17   3.03 0.27  0.0    4  3.5 23.9      6467
 6468 2021- 8-29  8:31     - 54 53  162 11   6.93 0.09  0.0    7  2.4 13.6      6468
 *** DISTANCE & RESIDUAL WEIGHTING CANCELLED FOR EVENT: 2021  8 29  8 37
 6469 2021- 8-29  8:36     - 54 57  162 37   0.15 0.39  0.0    4  4.3 34.6      6469
 6470 2021- 8-29 10:32     - 55 33  162 23   4.97 1.04  0.0    5 25.3 63.9      6470
 6471 2021- 8-29 10:46     - 54 39  161 26   4.05 0.17  0.0   13  6.8 13.9      6471
 6472 2021- 8-29 11:23     - 54 57  159 36   3.19 0.19  0.0   10 14.2 13.0      6472
 *** DISTANCE & RESIDUAL WEIGHTING CANCELLED FOR EVENT: 2021  8 29 11 24
 6473 2021- 8-29 11:23     - 54 48  158 57   3.00 0.69  0.0    4 43.2 45.2      6473
 6474 2021- 8-29 11:23     - 56  6  162 18   3.18 0.26  0.0    4 21.9 24.2      6474
 *** DISTANCE & RESIDUAL WEIGHTING CANCELLED FOR EVENT: 2021  8 29 12 20
 6475 2021- 8-29 12:20     # 55 28  161 22   3.00 1.36  0.0    4 36.5 32.7      6475
 6476 2021- 8-29 12:45     - 55 54  160 41   3.75 0.07  0.0    4 12.3  4.8      6476
 *** DISTANCE & RESIDUAL WEIGHTING CANCELLED FOR EVENT: 2021  8 29 12 54
 6477 2021- 8-29 12:54     - 55  5  161 45   1.50 0.33  0.0    4  3.7 24.7      6477
 6478 2021- 8-29 13:18     - 54 60  160 36   3.62 0.24  0.0    6 21.8 23.2      6478
 6479 2021- 8-29 13:18     - 55 11  159 59  35.55 0.25  0.0    5 23.3 24.1      6479
 6480 2021- 8-29 13:56     # 54 45  160 24   8.65 0.20  0.0   15  2.0  1.2      6480
  SEQ ---DATE--- TIME REMARK -LAT-  --LON-  DEPTH  RMS PMAG  NUM  ERH  ERZ  ID
 6481 2021- 8-29 14:01       54 19  160 51   0.73 0.17  0.0   11  3.8  3.2      6481
 6482 2021- 8-29 14:01     - 54 60  161 18   0.02 0.53  0.0    8 31.8  8.4      6482
 6483 2021- 8-29 14:07     - 54 59  162 18   9.03 0.04  0.0    5  5.9  8.5      6483
 6484 2021- 8-29 14:07     - 54 54  162 28  21.73 0.08  0.0    4 10.6  7.6      6484
 6485 2021- 8-29 14:15     - 55 11  161 45  10.73 0.14  0.0    5 11.0  8.6      6485
 6486 2021- 8-29 14:15     - 54 55  161 21  35.36 0.06  0.0    4 13.0  3.8      6486
 6487 2021- 8-29 15:03     - 55  6  161 53   8.32 0.06  0.0    4 10.7  6.2      6487
 6488 2021- 8-29 15:03     - 54 52  161 23  19.37 0.01  0.0    4  8.3  5.3      6488
 6489 2021- 8-29 15:04     - 54 42  160 36   1.25 0.14  0.0    4 13.9 10.3      6489
 *** DISTANCE & RESIDUAL WEIGHTING CANCELLED FOR EVENT: 2021  8 29 16  0
 6490 2021- 8-29 15:59     # 55 23  161 59   3.00 1.03  0.0    4 10.6 33.7      6490
 6491 2021- 8-29 16:23       55  8  161 53  12.90 0.19  0.0    9  1.8  2.1      6491
 6492 2021- 8-29 16:23     - 55 25  162 24   2.59 0.12  0.0    4 13.7  3.9      6492
 6493 2021- 8-29 17:16     - 55  2  160 35   2.75 0.25  0.0   12  8.4 18.1      6493
 6494 2021- 8-29 17:39     - 55 10  160 57   3.00 0.34  0.0    9 25.3 30.7      6494
 6495 2021- 8-29 17:39     - 56  3  162 15   3.18 0.31  0.0    5 23.1 28.6      6495
  SEQ ---DATE--- TIME REMARK -LAT-  --LON-  DEPTH  RMS PMAG  NUM  ERH  ERZ  ID
 6496 2021- 8-29 17:43     - 54 56  159 33   4.08 0.18  0.0   10 14.1 12.9      6496
 6497 2021- 8-29 17:43     - 56  8  162 18   3.00 0.33  0.0    5 26.1 29.6      6497
 6498 2021- 8-29 18:38     - 54 43  161 23   3.02 0.14  0.0    5  7.1 15.5      6498
 6499 2021- 8-29 18:49     - 55 12  161 41  12.40 0.04  0.0    4 10.3  7.1      6499
 *** DISTANCE & RESIDUAL WEIGHTING CANCELLED FOR EVENT: 2021  8 29 18 50
 6500 2021- 8-29 18:49     - 54 58  160 24   3.00 0.54  0.0    4 41.4 44.9      6500
 6501 2021- 8-29 18:50       55 19  161 60   2.37 0.00  0.0    4  0.5  3.2      6501
 6502 2021- 8-29 19:32     - 55  6  160 58   3.00 0.32  0.0   10 20.2 29.3      6502
 6503 2021- 8-29 19:32     - 56  7  162 17   3.01 0.29  0.0    5 24.2 26.2      6503
 6504 2021- 8-29 19:39     - 55 12  161 41  40.84 0.19  0.0    5  8.8 12.6      6504
 6505 2021- 8-29 20:27     - 55  5  160 59   3.01 0.43  0.0   10 29.3 37.9      6505
 6506 2021- 8-29 20:27     - 55  3  160 16  71.94 0.20  0.0   10 17.6  6.8      6506
 *** DISTANCE & RESIDUAL WEIGHTING CANCELLED FOR EVENT: 2021  8 30  1 18
 6507 2021- 8-30  1:18     - 55 31  162 22   3.01 0.80  0.0    4 15.5 62.8      6507
 6508 2021- 8-30 14:30     - 55 36  160 39   3.15 0.07  0.0    4  5.8 12.6      6508
 *** 3 PHASES CANT SOLVE SEQUENCE NO. 6509, ID NO.      6509
 *** ABANDON EVENT WITH ONLY 3 READINGS:2021  8 30 21 46
 *** 3 PHASES CANT SOLVE SEQUENCE NO. 6510, ID NO.      6510
 *** ABANDON EVENT WITH ONLY 3 READINGS:2021  8 31  2  9
 *** DISTANCE & RESIDUAL WEIGHTING CANCELLED FOR EVENT: 2021  8 31  4  0
  SEQ ---DATE--- TIME REMARK -LAT-  --LON-  DEPTH  RMS PMAG  NUM  ERH  ERZ  ID
 6511 2021- 8-31  4:00     - 55 32  162  5   3.00 0.55  0.0    4  9.6 35.7      6511
 *** DISTANCE & RESIDUAL WEIGHTING CANCELLED FOR EVENT: 2021  8 31 10  6
 6512 2021- 8-31 10:05     - 55 30  163  5   3.00 1.06  0.0    4 36.5 80.6      6512
 6513 2021- 8-31 13:47     - 54 50  163  8   1.49 0.03  0.0    4  5.3 11.5      6513
 6514 2021- 8-31 21:48     - 55  9  160 28  35.54 0.25  0.0   10 16.7 20.1      6514
 *** DISTANCE & RESIDUAL WEIGHTING CANCELLED FOR EVENT: 2021  8 31 21 48
 6515 2021- 8-31 21:48     - 55 11  160 23   3.06 0.83  0.0    5 53.2 69.3      6515
 *** DISTANCE & RESIDUAL WEIGHTING CANCELLED FOR EVENT: 2021  8 31 21 48
 6516 2021- 8-31 21:48     - 55 32  162  1   5.43 1.20  0.0    5 68.2 59.0      6516
 6517 2021- 8-31 22:16     - 55  9  160 53  34.75 0.14  0.0    9 15.5 12.4      6517
 6518 2021- 8-31 22:16     - 55 14  160 56  61.85 0.34  0.0    9 19.6 10.0      6518
 6519 2021- 8-31 22:55     - 55 19  161 10  55.15 0.23  0.0    9 15.8  8.5      6519
 6520 2021- 8-31 22:56     - 55 11  161 29   0.58 0.08  0.0    5  3.3 13.8      6520
 6521 2021- 8-31 23:17     - 54 45  163 31   3.00 0.02  0.0    4  5.3 11.5      6521
 6522 2021- 9- 1  0:14     - 55 19  160 54   3.06 0.19  0.0    5 17.8 19.0      6522
 6523 2021- 9- 1  0:49     - 54 50  161 14   3.01 0.06  0.0    4 12.0 13.5      6523
 6524 2021- 9- 1  0:50     - 54 45  161 22   3.01 0.25  0.0    4 21.7 24.1      6524
 *** DISTANCE & RESIDUAL WEIGHTING CANCELLED FOR EVENT: 2021  9  1  2 16
 6525 2021- 9- 1  2:15     - 55 47  162  2   3.04 2.22  0.0    6 41.4 89.9      6525
  SEQ ---DATE--- TIME REMARK -LAT-  --LON-  DEPTH  RMS PMAG  NUM  ERH  ERZ  ID
 6526 2021- 9- 1  2:48     - 55  9  163 21   2.93 0.48  0.0    8 18.3 37.2      6526
 6527 2021- 9- 1  2:49     # 55 20  161 60   0.19 0.71  0.0    7  2.0 42.4      6527
 *** DISTANCE & RESIDUAL WEIGHTING CANCELLED FOR EVENT: 2021  9  1  5  2
 6528 2021- 9- 1  5:02     - 55  8  162  1   1.37 0.20  0.0    4  2.6 17.2      6528
 6529 2021- 9- 1  5:20     - 54 35  161 26   2.08 0.18  0.0   13  7.9 16.8      6529
 6530 2021- 9- 1  6:21     - 55 17  162 13   0.06 0.10  0.0    6  9.6 13.7      6530
 6531 2021- 9- 1  6:54     - 55 16  161 20  40.55 0.17  0.0    7 12.9  8.3      6531
 *** DISTANCE & RESIDUAL WEIGHTING CANCELLED FOR EVENT: 2021  9  1  6 55
 6532 2021- 9- 1  6:55     - 55 18  161 40   0.71 0.65  0.0    4  6.3 45.4      6532
 6533 2021- 9- 1  7:11     - 55 37  160 22   2.50 0.30  0.0   14 11.2 24.4      6533
 6534 2021- 9- 1  9:04     - 54 56  161 31  25.31 0.19  0.0    7 16.6  5.9      6534
 6535 2021- 9- 1  9:05     - 55  3  161  9  14.76 0.05  0.0    4  9.9  1.4      6535
 6536 2021- 9- 1  9:45     - 55 26  162 59   3.18 0.48  0.0    9 10.3 41.4      6536
 6537 2021- 9- 1  9:46     - 55 19  162 16   6.74 0.91  0.0    9  3.9 66.3      6537
 6538 2021- 9- 1 13:17     - 55 12  160 28   3.01 0.12  0.0    6 14.8 15.6      6538
 6539 2021- 9- 1 13:17       55 13  161 41  24.36 0.00  0.0    4  2.8  3.0      6539
 6540 2021- 9- 1 14:25     - 55  3  161 17  17.57 0.22  0.0    5 14.2 15.9      6540
  SEQ ---DATE--- TIME REMARK -LAT-  --LON-  DEPTH  RMS PMAG  NUM  ERH  ERZ  ID
 6541 2021- 9- 1 14:25     - 55  9  161 46  17.46 0.10  0.0    4 12.1  6.9      6541
 6542 2021- 9- 1 14:33     - 55 17  161 39   6.15 0.01  0.0    4  9.0  0.9      6542
 6543 2021- 9- 1 16:05     - 54 37  161 25   2.97 0.16  0.0   11  6.6 14.0      6543
 *** DISTANCE & RESIDUAL WEIGHTING CANCELLED FOR EVENT: 2021  9  1 16 32
 6544 2021- 9- 1 16:32     # 55 43  161 57   3.00 2.05  0.0    4 63.9 49.5      6544
 6545 2021- 9- 1 17:27     - 55 41  161 24  66.88 0.17  0.0    5 13.4 18.0      6545
 *** DISTANCE & RESIDUAL WEIGHTING CANCELLED FOR EVENT: 2021  9  1 17 34
 6546 2021- 9- 1 17:34     - 54 37  162 59   3.54 0.35  0.0    4 26.9 28.2      6546
 6547 2021- 9- 1 17:56     - 55 10  161 29  50.82 0.13  0.0    4 14.1  8.0      6547
 6548 2021- 9- 1 17:56     - 54 58  160 44  34.27 0.20  0.0    7 13.7 16.1      6548
 6549 2021- 9- 1 19:53     - 55 17  163 14   0.01 0.20  0.0    7  8.9 18.8      6549
 6550 2021- 9- 1 23:47     - 54 47  161  7  29.26 0.20  0.0    9 19.2  2.8      6550
 6551 2021- 9- 1 23:47     - 54 43  161 18  67.53 0.18  0.0    6 16.9  7.6      6551
 *** DISTANCE & RESIDUAL WEIGHTING CANCELLED FOR EVENT: 2021  9  2  0 36
 6552 2021- 9- 2  0:36     - 55  7  161 19   3.00 0.58  0.0    4 47.3 11.6      6552
 6553 2021- 9- 2  0:58     - 54 56  161 15  23.56 0.12  0.0    7 14.5  7.0      6553
 6554 2021- 9- 2  0:58     - 54 58  161 33  31.63 0.55  0.0    5 35.6 13.5      6554
 6555 2021- 9- 2  3:26     - 54 34  161 15  21.74 0.24  0.0   11 19.0  4.5      6555
  SEQ ---DATE--- TIME REMARK -LAT-  --LON-  DEPTH  RMS PMAG  NUM  ERH  ERZ  ID
 6556 2021- 9- 2  3:26     - 54 28  161 10   4.71 0.31  0.0   11 16.7 12.4      6556
 *** DISTANCE & RESIDUAL WEIGHTING CANCELLED FOR EVENT: 2021  9  2  3 41
 6557 2021- 9- 2  3:41     - 55 37  161 23   4.15 0.50  0.0    4 24.1 43.7      6557
 6558 2021- 9- 2  4:28       55 24  161 54   8.36 0.00  0.0    4  0.7  1.9      6558
 6559 2021- 9- 2  4:56       55 14  161 15  25.43 0.05  0.0    6  3.7  5.2      6559
 *** DISTANCE & RESIDUAL WEIGHTING CANCELLED FOR EVENT: 2021  9  2  4 57
 6560 2021- 9- 2  4:57     - 55 14  162 52   4.39 0.86  0.0    4 28.7 61.2      6560
 6561 2021- 9- 2  5:10     - 54 47  161 12  29.80 0.23  0.0   10 16.0  2.4      6561
 6562 2021- 9- 2  5:10     - 54 38  160 40   1.70 0.19  0.0    9 13.8  9.0      6562
 6563 2021- 9- 2  8:07     - 54 53  161 11  22.39 0.25  0.0   10 18.0 12.8      6563
 6564 2021- 9- 2  8:07     - 54 38  160 54  29.43 0.36  0.0    9 22.4  4.0      6564
 6565 2021- 9- 2  8:08     - 54 55  161 10  11.42 0.20  0.0    9 12.4 14.2      6565
 6566 2021- 9- 2  8:09     - 54 55  161 24  36.95 0.25  0.0    7 17.8  2.8      6566
 *** DISTANCE & RESIDUAL WEIGHTING CANCELLED FOR EVENT: 2021  9  2  8 47
 6567 2021- 9- 2  8:46     - 54 48  161 19   2.98 0.69  0.0    5 26.4 52.2      6567
 6568 2021- 9- 2  9:19     - 55 14  161 51   2.71 0.38  0.0    5  5.1 27.5      6568
 6569 2021- 9- 2  9:19     - 54 52  161 13  30.14 0.21  0.0    4 20.6  1.7      6569
 6570 2021- 9- 2 10:03     - 54 55  163 37  15.14 0.47  0.0   12 18.1 36.0      6570
  SEQ ---DATE--- TIME REMARK -LAT-  --LON-  DEPTH  RMS PMAG  NUM  ERH  ERZ  ID
 6571 2021- 9- 2 10:18     - 54 38  160 56  22.51 0.20  0.0   11 16.5  7.6      6571
 6572 2021- 9- 2 10:18     - 54 42  161  6  39.15 0.26  0.0    9 21.3 17.3      6572
 6573 2021- 9- 2 11:09     - 55  7  161  5   3.00 0.11  0.0    4 13.7 14.0      6573
 6574 2021- 9- 2 11:09     - 54 46  160 55  32.83 0.23  0.0    8 16.2 22.8      6574
 6575 2021- 9- 2 12:09     - 54 58  162 15   0.98 0.02  0.0    4  2.2 12.4      6575
 *** DISTANCE & RESIDUAL WEIGHTING CANCELLED FOR EVENT: 2021  9  2 12  9
 6576 2021- 9- 2 12:09     - 54 58  162 16   0.03 0.26  0.0    4  2.7 24.8      6576
 6577 2021- 9- 2 12:56       55 12  161 45  20.30 0.11  0.0    4  8.1  7.1      6577
 *** DISTANCE & RESIDUAL WEIGHTING CANCELLED FOR EVENT: 2021  9  2 12 56
 6578 2021- 9- 2 12:56     - 54 42  161  8  35.57 0.95  0.0    5 68.3 55.2      6578
 6579 2021- 9- 2 16:02     - 54 41  160 51   2.80 0.21  0.0   19  8.0 17.3      6579
 6580 2021- 9- 2 16:53     - 55 11  163 17   0.03 0.79  0.0   11 27.8 56.6      6580
 6581 2021- 9- 2 16:57     - 55 11  163 17   0.01 0.94  0.0   12 31.8 65.1      6581
 6582 2021- 9- 2 17:50     - 54 52  161 10  29.79 0.23  0.0   10 19.8  2.4      6582
 6583 2021- 9- 2 17:50     - 55 10  160 59   3.08 0.10  0.0    5 12.9 14.9      6583
 *** DISTANCE & RESIDUAL WEIGHTING CANCELLED FOR EVENT: 2021  9  2 18  2
 6584 2021- 9- 2 18:01     - 55 59  161  8   3.04 0.36  0.0    4 13.5 29.3      6584
 6585 2021- 9- 2 18:07     - 55 11  163  7   5.58 0.50  0.0    9 13.7 27.5      6585
 *** DISTANCE & RESIDUAL WEIGHTING CANCELLED FOR EVENT: 2021  9  2 21 14
  SEQ ---DATE--- TIME REMARK -LAT-  --LON-  DEPTH  RMS PMAG  NUM  ERH  ERZ  ID
 6586 2021- 9- 2 21:14     - 55 16  162  6   0.12 0.35  0.0    4 22.1 22.8      6586
 *** DISTANCE & RESIDUAL WEIGHTING CANCELLED FOR EVENT: 2021  9  3  1 31
 6587 2021- 9- 3  1:30     - 54 60  161 24  19.04 0.44  0.0    4 34.7 21.9      6587
 6588 2021- 9- 3  3:25     - 55 20  162  6   2.37 0.08  0.0    4  4.4 13.3      6588
 6589 2021- 9- 3  3:48     - 54 29  162 12   2.50 0.06  0.0    6  5.7 12.2      6589
 6590 2021- 9- 3  3:56       54 53  162 11   0.06 0.12  0.0    9  2.6  2.1      6590
 *** DISTANCE & RESIDUAL WEIGHTING CANCELLED FOR EVENT: 2021  9  3  3 56
 6591 2021- 9- 3  3:56     - 54 34  162 11   3.03 0.22  0.0    4 19.4 20.6      6591
 6592 2021- 9- 3  6:19     - 54 39  162 37   6.91 0.22  0.0   11  2.8 22.1      6592
 6593 2021- 9- 3 10:19     # 55 40  161 37   2.31 0.16  0.0    5  8.2  2.7      6593
 6594 2021- 9- 3 10:22       55 25  161 53   5.58 0.00  0.0    4  0.9  4.9      6594
 *** DISTANCE & RESIDUAL WEIGHTING CANCELLED FOR EVENT: 2021  9  3 13 44
 6595 2021- 9- 3 13:43     # 55 17  161 57   3.00 1.55  0.0    5 10.5 10.1      6595
 6596 2021- 9- 3 13:44     - 55 14  163 20   0.66 0.40  0.0    8 15.6 30.7      6596
 6597 2021- 9- 3 13:44     - 54 35  161 19   0.83 0.19  0.0    8  9.6 17.8      6597
 6598 2021- 9- 3 14:50       55 21  161 46   5.18 0.01  0.0    4  2.2  1.9      6598
 6599 2021- 9- 3 15:46     - 54 56  162 15   1.01 0.11  0.0    5  4.1 14.8      6599
 6600 2021- 9- 3 15:55     - 55  6  160 26   3.55 0.20  0.0   12  8.4 18.3      6600
 *** DISTANCE & RESIDUAL WEIGHTING CANCELLED FOR EVENT: 2021  9  3 16  0
  SEQ ---DATE--- TIME REMARK -LAT-  --LON-  DEPTH  RMS PMAG  NUM  ERH  ERZ  ID
 6601 2021- 9- 3 15:59     # 55 18  162  3   3.00 0.54  0.0    4  5.5  8.1      6601
 6602 2021- 9- 3 16:04     - 55  2  161 14  15.71 0.20  0.0    7 16.8  1.7      6602
 6603 2021- 9- 3 16:04     - 54 43  160 53  34.61 0.51  0.0    9 25.8 38.9      6603
 6604 2021- 9- 3 16:06     - 54 57  161 10  32.48 0.27  0.0   10 20.6  1.7      6604
 6605 2021- 9- 3 16:06     - 54 41  160 35  33.14 0.30  0.0    9 20.3 28.0      6605
 6606 2021- 9- 3 16:47     - 55 26  162 50   7.32 0.33  0.0    4  3.5 30.1      6606
 6607 2021- 9- 3 16:46       54 27  161 22   6.79 0.16  0.0   10 10.1  3.8      6607
 6608 2021- 9- 3 16:47       55 18  161 45   8.08 0.06  0.0    6  4.0  2.0      6608
 6609 2021- 9- 3 16:48     - 55  5  161  0   3.00 0.15  0.0    6 16.0 16.3      6609
 6610 2021- 9- 3 16:49     - 55  5  161 32  34.97 0.46  0.0    7 27.6 12.6      6610
 6611 2021- 9- 3 16:52     - 55 24  161 41   0.02 0.40  0.0    4 22.8 32.8      6611
 *** DISTANCE & RESIDUAL WEIGHTING CANCELLED FOR EVENT: 2021  9  3 16 53
 6612 2021- 9- 3 16:53     # 55 23  161 34   6.60 0.50  0.0    5 14.3 12.6      6612
 6613 2021- 9- 3 16:58     - 55 10  163 28   0.00 0.55  0.0    5 20.5 42.5      6613
 6614 2021- 9- 3 17:31     - 54 59  161 20  27.77 0.17  0.0    6 16.5  6.0      6614
 6615 2021- 9- 3 17:31     - 54 55  160 14   3.00 0.75  0.0    7 15.0 31.6      6615
  SEQ ---DATE--- TIME REMARK -LAT-  --LON-  DEPTH  RMS PMAG  NUM  ERH  ERZ  ID
 6616 2021- 9- 3 18:36     - 54 43  161 56   7.17 0.18  0.0    8  1.6 19.1      6616
 *** DISTANCE & RESIDUAL WEIGHTING CANCELLED FOR EVENT: 2021  9  4  0  0
 6617 2021- 9- 3 23:59     # 55 22  162 21   3.00 0.82  0.0    5  9.8  6.0      6617
 6618 2021- 9- 4  0:46     - 55 23  161 48   0.46 0.07  0.0    5  1.5 10.9      6618
 *** DISTANCE & RESIDUAL WEIGHTING CANCELLED FOR EVENT: 2021  9  4  1 24
 6619 2021- 9- 4  1:24     - 55 11  162  4   3.00 1.25  0.0    6  8.4 75.0      6619
 *** DISTANCE & RESIDUAL WEIGHTING CANCELLED FOR EVENT: 2021  9  4  1 38
 *** ABANDON EVENT WITH ONLY 3 READINGS:2021  9  4  1 38
 6621 2021- 9- 4  1:39       55 21  161 45   4.39 0.00  0.0    4  1.0  1.1      6621
 6622 2021- 9- 4  2:35     - 55  4  162 49   4.84 0.08  0.0    8  5.8 12.2      6622
 6623 2021- 9- 4  2:54     - 55 27  161 28   7.35 0.03  0.0    4  2.2  9.0      6623
 6624 2021- 9- 4  4:02     # 55 23  161 53   4.72 0.62  0.0    6  4.7  4.2      6624
 6625 2021- 9- 4  4:02       55  7  163  7   0.40 0.73  0.0   10  5.7  8.1      6625
 6626 2021- 9- 4  4:02     - 54 44  161 26   9.38 0.11  0.0    7  5.5 14.2      6626
 6627 2021- 9- 4  4:03       54 57  161 53   3.01 0.20  0.0    7  2.1  2.4      6627
 6628 2021- 9- 4  4:05     - 55 27  161 48   0.40 0.15  0.0    5  1.4 14.6      6628
 6629 2021- 9- 4  5:45       55 16  161 44   8.28 0.05  0.0    5  1.9  2.0      6629
 *** DISTANCE & RESIDUAL WEIGHTING CANCELLED FOR EVENT: 2021  9  4  7 25
 6630 2021- 9- 4  7:25     - 55 15  161 37  17.40 0.08  0.0    4 14.0  1.5      6630
 *** DISTANCE & RESIDUAL WEIGHTING CANCELLED FOR EVENT: 2021  9  4 10  1
  SEQ ---DATE--- TIME REMARK -LAT-  --LON-  DEPTH  RMS PMAG  NUM  ERH  ERZ  ID
 6631 2021- 9- 4 10:01     - 55  7  162  7   3.00 0.30  0.0    4 14.4 23.5      6631
 6632 2021- 9- 4 10:23     - 55 12  162 60   2.71 0.03  0.0    4  4.4 10.4      6632
 6633 2021- 9- 4 10:30     - 55  6  161  7  32.09 0.26  0.0   10 18.4  1.3      6633
 6634 2021- 9- 4 10:30     - 55  4  160 36  35.78 0.17  0.0    9  8.8 13.8      6634
 6635 2021- 9- 4 10:52     - 55  6  161 20  23.62 0.11  0.0    7 12.8  4.0      6635
 6636 2021- 9- 4 10:52     - 55  7  160 52   3.01 0.24  0.0    8 18.1 23.1      6636
 6637 2021- 9- 4 11:41     - 54 54  162 11   2.90 0.11  0.0    4  4.0 14.7      6637
 6638 2021- 9- 4 13:31     - 55  8  161  1   3.00 0.19  0.0    4 19.0 20.0      6638
 6639 2021- 9- 4 13:31     - 55 12  161 23  24.19 0.07  0.0    4 10.9  2.9      6639
 6640 2021- 9- 4 14:05     - 55 13  161 49   2.52 0.18  0.0    4  5.0 19.0      6640
 6641 2021- 9- 4 16:00       55 22  161 49  16.39 0.06  0.0    7  1.5  0.8      6641
 6642 2021- 9- 4 16:02     - 55 11  161  6   3.28 0.14  0.0    6  6.6 14.6      6642
 *** DISTANCE & RESIDUAL WEIGHTING CANCELLED FOR EVENT: 2021  9  4 16  3
 6643 2021- 9- 4 16:02     # 55 27  161 16  11.42 0.59  0.0    7  8.0 22.5      6643
 6644 2021- 9- 4 16:19       54 56  161 23  26.11 0.23  0.0    9  5.7  8.0      6644
 6645 2021- 9- 4 16:19     - 55 52  162 50   2.32 0.04  0.0    4  4.5 12.1      6645
  SEQ ---DATE--- TIME REMARK -LAT-  --LON-  DEPTH  RMS PMAG  NUM  ERH  ERZ  ID
 6646 2021- 9- 4 16:25     - 55 22  162  7   2.73 0.03  0.0    4  3.1 12.4      6646
 6647 2021- 9- 4 18:54     - 55  5  162 17  39.58 0.08  0.0    5  6.8 11.4      6647
 6648 2021- 9- 4 19:32       55 12  161 26  26.84 0.32  0.0    8 17.1  7.1      6648
 6649 2021- 9- 4 19:33     - 55 14  161 41   3.31 0.04  0.0    5  3.8 12.2      6649
 6650 2021- 9- 4 21:22     - 54 43  163 17   7.93 0.23  0.0    6 15.2  5.7      6650
 *** DISTANCE & RESIDUAL WEIGHTING CANCELLED FOR EVENT: 2021  9  5  0  0
 6651 2021- 9- 4 23:59     - 55 17  162 21   4.34 0.52  0.0    4  6.7 45.1      6651
 *** DISTANCE & RESIDUAL WEIGHTING CANCELLED FOR EVENT: 2021  9  5  0 35
 6652 2021- 9- 5  0:35     - 55 20  161 54   2.95 0.17  0.0    4  2.7 15.6      6652
 6653 2021- 9- 5  2:22     - 55 20  161 53  20.84 0.13  0.0    5  6.6 14.2      6653
 *** DISTANCE & RESIDUAL WEIGHTING CANCELLED FOR EVENT: 2021  9  5  3 57
 6654 2021- 9- 5  3:57     # 55 22  161 60   2.99 1.14  0.0    4  8.4 63.2      6654
 6655 2021- 9- 5  5:07       55 24  161 58  16.63 0.07  0.0    8  1.1  3.4      6655
 6656 2021- 9- 5  7:59     - 55 29  162 48   2.43 0.55  0.0    5 16.2 37.3      6656
 6657 2021- 9- 5  8:05     - 55 22  161 34  11.14 0.10  0.0    4 12.4  6.5      6657
 6658 2021- 9- 5 12:29     - 55 49  161 22  17.84 0.14  0.0    7 12.7 14.5      6658
 6659 2021- 9- 5 14:56     - 55 24  161 54  13.59 0.13  0.0    4  7.2 14.4      6659
 *** DISTANCE & RESIDUAL WEIGHTING CANCELLED FOR EVENT: 2021  9  5 16  3
 6660 2021- 9- 5 16:02     - 54 29  162 28   3.00 0.84  0.0    4 71.0 64.6      6660
  SEQ ---DATE--- TIME REMARK -LAT-  --LON-  DEPTH  RMS PMAG  NUM  ERH  ERZ  ID
 6661 2021- 9- 5 16:42     - 54 58  161 32  29.46 0.18  0.0    7 15.1  5.5      6661
 6662 2021- 9- 5 16:42       54 56  161 35  20.02 0.15  0.0    8  6.6  2.5      6662
 6663 2021- 9- 5 17:12     - 54 42  160 47   2.97 0.20  0.0   14  8.2 17.4      6663
 6664 2021- 9- 5 17:46     - 55 26  161 53   0.75 0.32  0.0    4  2.2 22.6      6664
 6665 2021- 9- 5 18:03     - 55 12  162 32   8.17 0.05  0.0    4  4.0 13.1      6665
 6666 2021- 9- 5 18:14     - 55 12  159 55   4.08 0.09  0.0    6 12.6 14.1      6666
 6667 2021- 9- 5 20:11     - 55 12  162 16   2.94 0.01  0.0    4  2.6 11.6      6667
 6668 2021- 9- 5 22:48     - 54 57  162 48   2.10 0.03  0.0    5 10.3  6.6      6668
 *** DISTANCE & RESIDUAL WEIGHTING CANCELLED FOR EVENT: 2021  9  5 23 19
 6669 2021- 9- 5 23:19     - 55 35  163  9   2.44 0.16  0.0    4  7.6 16.4      6669
 *** DISTANCE & RESIDUAL WEIGHTING CANCELLED FOR EVENT: 2021  9  6  0  0
 6670 2021- 9- 5 23:59     - 55 26  162 15   3.01 0.73  0.0    5  5.9 51.6      6670
 6671 2021- 9- 6  1:52       55 23  161 35  12.39 0.08  0.0    6  2.8  2.1      6671
 6672 2021- 9- 6  2:34     - 54 58  162 38   1.52 0.14  0.0    4 13.4  8.9      6672
 6673 2021- 9- 6  2:34     - 54 28  161 22   3.14 0.17  0.0    5  7.0 17.0      6673
 *** DISTANCE & RESIDUAL WEIGHTING CANCELLED FOR EVENT: 2021  9  6  3 21
 6674 2021- 9- 6  3:21     - 55 32  162 13   3.00 0.70  0.0    4 45.4 28.5      6674
 *** DISTANCE & RESIDUAL WEIGHTING CANCELLED FOR EVENT: 2021  9  6  4 13
 6675 2021- 9- 6  4:13     # 55 22  162 18   3.00 0.82  0.0    4 17.2 11.2      6675
 *** DISTANCE & RESIDUAL WEIGHTING CANCELLED FOR EVENT: 2021  9  6  5  7
  SEQ ---DATE--- TIME REMARK -LAT-  --LON-  DEPTH  RMS PMAG  NUM  ERH  ERZ  ID
 6676 2021- 9- 6  5:07     # 55 11  161 54   2.99 0.32  0.0    4  9.2 16.6      6676
 6677 2021- 9- 6  5:54     - 54 52  162 57   2.92 0.04  0.0    4  5.3 11.8      6677
 6678 2021- 9- 6  5:54     - 54 25  161  5   3.00 0.20  0.0    9  9.2 18.7      6678
 6679 2021- 9- 6  5:55     - 55 18  161 46   0.13 0.06  0.0    5  2.5 10.6      6679
 6680 2021- 9- 6  7:59     - 55 16  162 28   7.00 0.36  0.0    5  7.1 32.6      6680
 6681 2021- 9- 6  8:16     - 54 46  160 21  11.74 0.16  0.0   19  7.8 15.7      6681
 6682 2021- 9- 6  8:35     - 55  4  163 35   2.61 0.39  0.0    4 14.7 31.1      6682
 6683 2021- 9- 6  8:35     - 55  3  161 28   1.74 0.04  0.0    4 11.9  1.7      6683
 6684 2021- 9- 6  9:31     - 54 31  162 55   2.99 0.04  0.0    6  5.4 11.7      6684
 *** DISTANCE & RESIDUAL WEIGHTING CANCELLED FOR EVENT: 2021  9  6 10 58
 6685 2021- 9- 6 10:58     - 54 28  162 24  37.19 0.47  0.0    4 40.0 23.4      6685
 6686 2021- 9- 6 12:07     - 55 45  162 17   3.17 0.29  0.0    4  9.8 22.7      6686
 6687 2021- 9- 6 12:34     - 55 44  162 17   5.19 1.11  0.0    6 39.7 83.8      6687
 6688 2021- 9- 6 13:52     - 54 39  161 26   2.99 0.19  0.0    7  7.6 15.8      6688
 *** DISTANCE & RESIDUAL WEIGHTING CANCELLED FOR EVENT: 2021  9  6 16  0
 6689 2021- 9- 6 15:59     - 55 30  162 49   3.00 0.59  0.0    5 28.5 50.6      6689
 *** DISTANCE & RESIDUAL WEIGHTING CANCELLED FOR EVENT: 2021  9  6 16 23
 6690 2021- 9- 6 16:23     - 55 32  162  3   4.88 0.48  0.0    5  9.1 39.7      6690
 *** DISTANCE & RESIDUAL WEIGHTING CANCELLED FOR EVENT: 2021  9  6 16 26
  SEQ ---DATE--- TIME REMARK -LAT-  --LON-  DEPTH  RMS PMAG  NUM  ERH  ERZ  ID
 6691 2021- 9- 6 16:25     - 55 32  162 57   3.14 0.50  0.0    4 18.7 39.6      6691
 6692 2021- 9- 6 17:28       54 55  162 13   3.78 0.09  0.0    8  2.2  1.3      6692
 6693 2021- 9- 6 17:28       54 56  162 15   3.93 0.00  0.0    4  2.7  4.4      6693
 6694 2021- 9- 6 19:24     - 54 52  161 19  25.77 0.15  0.0    8 15.7  7.0      6694
 6695 2021- 9- 6 19:24     - 54 42  161  5  16.53 0.25  0.0    8 18.1 24.2      6695
 *** DISTANCE & RESIDUAL WEIGHTING CANCELLED FOR EVENT: 2021  9  6 21 43
 6696 2021- 9- 6 21:43     - 54 45  162 47   3.00 2.16  0.0    4 42.0 89.7      6696
 6697 2021- 9- 6 21:53       55 14  161 40   8.31 0.17  0.0    7  3.1  5.8      6697
 6698 2021- 9- 6 21:53     - 56  2  162 23   3.07 0.19  0.0    5  8.5 18.2      6698
 6699 2021- 9- 6 21:53     - 54 52  164  3   3.00 0.55  0.0    4 41.2 43.8      6699
 6700 2021- 9- 6 22:04     - 55 37  162 52   3.07 0.08  0.0    4  6.0 12.8      6700
 6701 2021- 9- 6 22:50     # 54 49  162 14   0.05 0.61  0.0    5 20.6  6.4      6701
 *** DISTANCE & RESIDUAL WEIGHTING CANCELLED FOR EVENT: 2021  9  7  0  0
 *** ABANDON EVENT WITH ONLY 3 READINGS:2021  9  6 23 59
 6703 2021- 9- 7  0:34     - 55  0  160 56   3.00 0.24  0.0    7 22.2 23.5      6703
 6704 2021- 9- 7  0:34     - 55  8  160 53   3.50 0.56  0.0   10 17.1 40.9      6704
 6705 2021- 9- 7  0:48     - 54 56  161 17  44.16 0.27  0.0    4 25.0 21.5      6705
 *** DISTANCE & RESIDUAL WEIGHTING CANCELLED FOR EVENT: 2021  9  7  0 49
  SEQ ---DATE--- TIME REMARK -LAT-  --LON-  DEPTH  RMS PMAG  NUM  ERH  ERZ  ID
 6706 2021- 9- 7  0:48     - 54 37  160 52   3.04 0.19  0.0    4 18.1 19.2      6706
 6707 2021- 9- 7  1:32     - 54 30  161 46   2.91 0.19  0.0   11  8.2 17.4      6707
 6708 2021- 9- 7  2:32       55 14  161 54  12.57 0.14  0.0    7  2.4  1.7      6708
 *** DISTANCE & RESIDUAL WEIGHTING CANCELLED FOR EVENT: 2021  9  7  2 33
 6709 2021- 9- 7  2:33     - 55 12  161 37   2.83 0.04  0.0    4  4.4 10.3      6709
 *** DISTANCE & RESIDUAL WEIGHTING CANCELLED FOR EVENT: 2021  9  7  2 45
 6710 2021- 9- 7  2:45     - 55  0  161 15   3.00 5.24  0.0    4 47.5 91.0      6710
 6711 2021- 9- 7  3:47       55 20  161 54  13.71 0.00  0.0    4  2.9  1.3      6711
 6712 2021- 9- 7  3:56     - 55  1  161 19   0.02 0.23  0.0    6 20.3  7.0      6712
 6713 2021- 9- 7  4:28     - 55 22  161 52   0.33 0.01  0.0    4  1.3  9.0      6713
 6714 2021- 9- 7  4:39     - 55 20  161 52  19.21 0.01  0.0    4  6.4 10.5      6714
 6715 2021- 9- 7  4:39     - 55 30  161 49   0.74 0.09  0.0    5  2.0 11.9      6715
 6716 2021- 9- 7  4:47     - 55 14  161 56   3.02 0.16  0.0    6  1.6 13.3      6716
 6717 2021- 9- 7  5:12     - 55 36  161 20   5.45 0.08  0.0    4  5.9 12.8      6717
 6718 2021- 9- 7  6:05     - 55 10  160 51   2.92 0.34  0.0    9 12.2 27.1      6718
 *** DISTANCE & RESIDUAL WEIGHTING CANCELLED FOR EVENT: 2021  9  7  6 11
 6719 2021- 9- 7  6:11     # 55 15  161 19   2.98 1.50  0.0    4 60.3 10.2      6719
 6720 2021- 9- 7  6:45     - 54 56  161 13  23.19 0.19  0.0    6 17.9  9.0      6720
  SEQ ---DATE--- TIME REMARK -LAT-  --LON-  DEPTH  RMS PMAG  NUM  ERH  ERZ  ID
 6721 2021- 9- 7  6:45     - 55  6  161 42  20.66 0.11  0.0    4 13.2  6.1      6721
 6722 2021- 9- 7  7:06     - 54 60  161 50  15.18 0.18  0.0    5  4.1 17.5      6722
 *** DISTANCE & RESIDUAL WEIGHTING CANCELLED FOR EVENT: 2021  9  7  8  0
 6723 2021- 9- 7  7:59     - 55 14  163  7   2.99 0.60  0.0    5 37.3 51.4      6723
 *** DISTANCE & RESIDUAL WEIGHTING CANCELLED FOR EVENT: 2021  9  7  8 48
 6724 2021- 9- 7  8:48     - 55  3  162 38   2.91 0.32  0.0    4 13.4 28.8      6724
 6725 2021- 9- 7 10:03     - 55 16  160 24   2.99 0.03  0.0    4  8.8 11.0      6725
 6726 2021- 9- 7 10:04     - 54 48  160 56  28.14 0.22  0.0   11 17.6  2.9      6726
 6727 2021- 9- 7 10:04     - 54 33  160 17  12.84 0.32  0.0    9 20.5 14.0      6727
 6728 2021- 9- 7 10:22       55 34  161 51  14.48 0.12  0.0    9  2.0  1.9      6728
 *** DISTANCE & RESIDUAL WEIGHTING CANCELLED FOR EVENT: 2021  9  7 12 20
 6729 2021- 9- 7 12:19     - 54 25  162 28   3.00 0.50  0.0    4 42.3 39.5      6729
 6730 2021- 9- 7 13:48     - 55 29  161 46   3.02 0.06  0.0    4  2.0 12.3      6730
 *** DISTANCE & RESIDUAL WEIGHTING CANCELLED FOR EVENT: 2021  9  7 14 10
 6731 2021- 9- 7 14:10     - 55 25  162  1   3.00 0.43  0.0    5  2.7 29.8      6731
 *** DISTANCE & RESIDUAL WEIGHTING CANCELLED FOR EVENT: 2021  9  7 14 27
 6732 2021- 9- 7 14:27     - 55  6  161 55   2.99 0.38  0.0    4  9.3 25.5      6732
 6733 2021- 9- 7 15:10       54 31  163 12   1.80 0.20  0.0   10  5.8 12.4      6733
 6734 2021- 9- 7 15:19     - 55 18  161 22   1.27 0.12  0.0    8  1.6 15.5      6734
 *** DISTANCE & RESIDUAL WEIGHTING CANCELLED FOR EVENT: 2021  9  7 17 24
 6735 2021- 9- 7 17:24     - 55 27  161 36  35.31 0.73  0.0    4 59.6 18.7      6735
  SEQ ---DATE--- TIME REMARK -LAT-  --LON-  DEPTH  RMS PMAG  NUM  ERH  ERZ  ID
 6736 2021- 9- 7 17:26       55 26  161 52  31.37 0.08  0.0    6  2.6  1.6      6736
 6737 2021- 9- 7 17:26     - 55 24  162  2  30.85 0.06  0.0    4 13.0  2.8      6737
 *** DISTANCE & RESIDUAL WEIGHTING CANCELLED FOR EVENT: 2021  9  7 17 27
 6738 2021- 9- 7 17:27     - 55 29  162  5   3.00 0.44  0.0    4  7.1 28.4      6738
 6739 2021- 9- 7 17:44     - 55 30  161 56   3.11 0.04  0.0    4  2.5 12.6      6739
 *** DISTANCE & RESIDUAL WEIGHTING CANCELLED FOR EVENT: 2021  9  7 17 51
 6740 2021- 9- 7 17:51     - 55 32  162 10   3.00 1.16  0.0    5 19.8 95.7      6740
 6741 2021- 9- 7 18:10     - 55 44  161 53   5.39 0.45  0.0    6 16.6 35.6      6741
 6742 2021- 9- 7 18:11       55  6  161 21  18.17 0.10  0.0    5  2.3  4.3      6742
 *** DISTANCE & RESIDUAL WEIGHTING CANCELLED FOR EVENT: 2021  9  7 18 25
 6743 2021- 9- 7 18:25     - 55 13  162 19   3.00 0.77  0.0    4 34.3 55.9      6743
 6744 2021- 9- 7 18:58     - 54 52  163 13   3.00 1.08  0.0   12 33.5 75.4      6744
 6745 2021- 9- 7 19:54     - 55 27  162  8   3.10 0.03  0.0    4  1.9 12.6      6745
 6746 2021- 9- 7 20:57     - 54 43  160 30   2.52 0.21  0.0   14  8.5 18.5      6746
 6747 2021- 9- 7 21:19     - 55  5  161  4  37.99 0.36  0.0    9 23.5  9.6      6747
 6748 2021- 9- 7 21:20     - 56  9  162 22   3.14 0.33  0.0    5 26.7 29.9      6748
 6749 2021- 9- 7 21:27     - 54 58  162 14   6.89 0.03  0.0    5  5.8 10.9      6749
 6750 2021- 9- 7 21:27     - 54 47  162 17   3.42 0.14  0.0    6 12.7  2.2      6750
  SEQ ---DATE--- TIME REMARK -LAT-  --LON-  DEPTH  RMS PMAG  NUM  ERH  ERZ  ID
 6751 2021- 9- 7 21:35     - 54 59  162 15   2.77 0.13  0.0    4  4.0 15.7      6751
 6752 2021- 9- 7 21:35     - 55  0  162 28   6.20 0.00  0.0    4 11.7  1.3      6752
 6753 2021- 9- 7 21:53     - 55 10  163 25   3.23 0.25  0.0    5 10.8 21.5      6753
 6754 2021- 9- 7 21:53     # 54 22  161 28  10.10 0.17  0.0    9  5.2  1.8      6754
 6755 2021- 9- 7 23:59     - 55 24  161 57  72.08 0.02  0.0    6  6.5 12.4      6755
 6756 2021- 9- 8  0:22     - 55 14  161 52   2.93 0.04  0.0    4  3.1 12.4      6756
 6757 2021- 9- 8  1:34     - 55 33  160 32  26.44 0.23  0.0   11 18.4  3.9      6757
 6758 2021- 9- 8  1:34     - 55 35  160 10  18.34 0.26  0.0   10 17.4  4.9      6758
 6759 2021- 9- 8  1:42     - 55 12  163 16   3.00 0.20  0.0    5 15.6 20.4      6759
 6760 2021- 9- 8  1:57     - 55 27  161 45   0.58 0.06  0.0    4  4.7 12.3      6760
 *** DISTANCE & RESIDUAL WEIGHTING CANCELLED FOR EVENT: 2021  9  8  2 55
 6761 2021- 9- 8  2:55     - 55 16  162 19   2.44 0.11  0.0    4  6.1 14.0      6761
 6762 2021- 9- 8  2:57     - 55 13  161 57   3.38 0.12  0.0    4  2.9 15.3      6762
 *** DISTANCE & RESIDUAL WEIGHTING CANCELLED FOR EVENT: 2021  9  8  2 58
 6763 2021- 9- 8  2:58     # 55 10  161 50  22.17 0.61  0.0    5 15.7 18.0      6763
 6764 2021- 9- 8  3:09       54 56  162 13   0.64 0.09  0.0    6  1.4  9.6      6764
 6765 2021- 9- 8  3:10     - 54 56  162 17   7.66 0.02  0.0    5  9.0  8.0      6765
  SEQ ---DATE--- TIME REMARK -LAT-  --LON-  DEPTH  RMS PMAG  NUM  ERH  ERZ  ID
 6766 2021- 9- 8  3:12       54 56  162 11   0.07 0.09  0.0    7  1.5  9.4      6766
 6767 2021- 9- 8  3:13       54 51  162 13   2.82 0.06  0.0    6  3.8  1.0      6767
 6768 2021- 9- 8  3:25     - 55  3  161 37  41.66 0.18  0.0    5 16.9  7.7      6768
 6769 2021- 9- 8  4:52     - 54 42  163 35   3.04 0.05  0.0    5  5.4 11.9      6769
 *** DISTANCE & RESIDUAL WEIGHTING CANCELLED FOR EVENT: 2021  9  8  4 54
 6770 2021- 9- 8  4:54     - 55  2  162 11   2.92 0.25  0.0    4  1.8 18.2      6770
 6771 2021- 9- 8  4:56       55 24  161 53  14.48 0.12  0.0    7  1.8  1.2      6771
 *** DISTANCE & RESIDUAL WEIGHTING CANCELLED FOR EVENT: 2021  9  8  5 43
 6772 2021- 9- 8  5:43     - 55 16  161 56   2.57 0.09  0.0    4  3.7 12.0      6772
 *** DISTANCE & RESIDUAL WEIGHTING CANCELLED FOR EVENT: 2021  9  8  7  0
 6773 2021- 9- 8  7:00     # 55  5  162 12   3.00 2.19  0.0    4 12.8 98.3      6773
 *** DISTANCE & RESIDUAL WEIGHTING CANCELLED FOR EVENT: 2021  9  8  8  0
 6774 2021- 9- 8  7:59     - 55 24  162 42   3.00 0.42  0.0    4 16.5 37.3      6774
 *** DISTANCE & RESIDUAL WEIGHTING CANCELLED FOR EVENT: 2021  9  8  9 34
 6775 2021- 9- 8  9:34     - 55  0  162 10   3.00 0.46  0.0    4 39.7  4.4      6775
 6776 2021- 9- 8  9:35     - 54 56  162 18   8.63 0.02  0.0    4  9.1  8.3      6776
 *** DISTANCE & RESIDUAL WEIGHTING CANCELLED FOR EVENT: 2021  9  8 10 38
 6777 2021- 9- 8 10:37     # 55  9  161 44  13.12 0.00  0.0    4  2.3  2.3      6777
 6778 2021- 9- 8 11:12     - 54 35  161 34   4.73 0.29  0.0    8 10.8 22.7      6778
 6779 2021- 9- 8 11:39       55 29  161 24  19.73 0.02  0.0    5  3.1  3.5      6779
 6780 2021- 9- 8 11:46     - 55 24  161 52   0.19 0.89  0.0    5  3.9 53.7      6780
  SEQ ---DATE--- TIME REMARK -LAT-  --LON-  DEPTH  RMS PMAG  NUM  ERH  ERZ  ID
 6781 2021- 9- 8 14:29       55 16  161 48   8.96 0.06  0.0    6  1.5  2.1      6781
 *** DISTANCE & RESIDUAL WEIGHTING CANCELLED FOR EVENT: 2021  9  8 14 30
 6782 2021- 9- 8 14:29     - 55 22  161 45   0.00 0.43  0.0    4  4.0 37.3      6782
 6783 2021- 9- 8 14:43     - 55  8  162 11   2.44 0.03  0.0    4 10.5  7.2      6783
 *** DISTANCE & RESIDUAL WEIGHTING CANCELLED FOR EVENT: 2021  9  8 16  0
 6784 2021- 9- 8 15:59     - 55 23  162 18  16.69 0.41  0.0    4  8.6 27.1      6784
 6785 2021- 9- 8 16:18     - 55 23  160 52   2.50 0.15  0.0    7  7.3 15.5      6785
 *** DISTANCE & RESIDUAL WEIGHTING CANCELLED FOR EVENT: 2021  9  8 16 19
 6786 2021- 9- 8 16:18     # 55 17  161 45  23.09 0.16  0.0    5  5.1  1.1      6786
 6787 2021- 9- 8 18:31     - 55 29  160 14   3.00 0.30  0.0    9 22.2 27.4      6787
 6788 2021- 9- 8 18:31     - 55 51  161 60   2.98 0.27  0.0    5 21.4 25.7      6788
 6789 2021- 9- 8 18:31     - 55 34  160 25   3.03 0.12  0.0    4 14.2 15.9      6789
 6790 2021- 9- 8 19:26     # 55 15  161 37   3.47 0.23  0.0    4  9.9  7.4      6790
 6791 2021- 9- 8 19:36     - 55 37  160 43   3.45 0.20  0.0    6  8.7 18.8      6791
 *** DISTANCE & RESIDUAL WEIGHTING CANCELLED FOR EVENT: 2021  9  8 19 37
 6792 2021- 9- 8 19:36     # 55 19  161 43   2.98 0.75  0.0    5  8.8  4.6      6792
 6793 2021- 9- 9  3:15     - 54 43  161  8  28.06 0.23  0.0   10 18.3  3.2      6793
 6794 2021- 9- 9  3:16     - 54 52  161  5  29.20 0.10  0.0    5 13.9  7.1      6794
 6795 2021- 9- 9  4:22     - 55 10  160 52   2.02 0.21  0.0    7  8.8 19.0      6795
  SEQ ---DATE--- TIME REMARK -LAT-  --LON-  DEPTH  RMS PMAG  NUM  ERH  ERZ  ID
 6796 2021- 9- 9  4:22     - 54 55  160 49  34.62 0.20  0.0    5 12.4 15.0      6796
 6797 2021- 9- 9  8:03       55 27  161 52  27.33 0.12  0.0    9  1.7  1.1      6797
 6798 2021- 9- 9  8:05       55 27  161 51  27.82 0.11  0.0   13  1.2  0.9      6798
 6799 2021- 9- 9  8:05     - 55 26  162 21   3.13 0.26  0.0    5  2.6 21.6      6799
 6800 2021- 9- 9  8:06     - 55 23  162 23   3.00 0.07  0.0    4  2.0 13.5      6800
 6801 2021- 9- 9  8:06     - 55 34  161 40   6.67 0.00  0.0    4  1.5 11.2      6801
 6802 2021- 9- 9 13:49     - 55 23  162  4   2.51 0.07  0.0    5  3.6 13.4      6802
 6803 2021- 9- 9 14:28     - 55  8  163 20   1.60 0.40  0.0    6 15.1 31.7      6803
 6804 2021- 9- 9 17:57     - 54 54  162 18   7.79 0.05  0.0    4 11.4  6.2      6804
 6805 2021- 9- 9 17:57       54 51  162 12   1.87 0.03  0.0    6  2.6  1.3      6805
 6806 2021- 9- 9 19:23     - 54 52  162 11   0.82 0.12  0.0    9 14.5  2.0      6806
 6807 2021- 9-10  0:44     - 55 15  161 27  29.34 0.04  0.0    4 10.2  5.6      6807
 6808 2021- 9-10  5:31     - 54 28  163  7   3.11 0.14  0.0    5  7.0 15.3      6808
 *** DISTANCE & RESIDUAL WEIGHTING CANCELLED FOR EVENT: 2021  9 10  5 42
 6809 2021- 9-10  5:42     # 55 25  161 50   3.95 0.30  0.0    4  4.2 10.8      6809
 6810 2021- 9-10  5:58     - 54 52  162 15   4.70 0.16  0.0    7 13.1  2.0      6810
  SEQ ---DATE--- TIME REMARK -LAT-  --LON-  DEPTH  RMS PMAG  NUM  ERH  ERZ  ID
 6811 2021- 9-10  5:58     - 55  9  161 53   2.75 0.02  0.0    4  7.4  9.8      6811
 *** DISTANCE & RESIDUAL WEIGHTING CANCELLED FOR EVENT: 2021  9 10  7 41
 6812 2021- 9-10  7:41     # 54 58  162 16   5.63 0.81  0.0    7 21.8 13.6      6812
 *** DISTANCE & RESIDUAL WEIGHTING CANCELLED FOR EVENT: 2021  9 10  7 41
 6813 2021- 9-10  7:41     - 54 51  162 19   3.01 0.39  0.0    5 31.3  9.2      6813
 6814 2021- 9-10  9:15       54 58  162 12   4.11 0.11  0.0    8  0.9  1.8      6814
 6815 2021- 9-10  9:15     - 54 45  162  7   3.00 0.17  0.0    5 16.7 18.6      6815
 6816 2021- 9-10  9:21       55 16  160 41  42.43 0.09  0.0    7  4.6  7.8      6816
 6817 2021- 9-10  9:22     - 55 14  161 36  19.00 0.05  0.0    4  9.3  5.5      6817
 6818 2021- 9-10  9:23     # 55  6  161 39   0.20 0.21  0.0    5  1.8  3.6      6818
 6819 2021- 9-10 10:20     - 54 55  162 14   0.28 0.12  0.0    5  2.5 13.6      6819
 6820 2021- 9-10 10:21     - 54 56  162 14   0.45 0.18  0.0    4  2.5 18.5      6820
 *** DISTANCE & RESIDUAL WEIGHTING CANCELLED FOR EVENT: 2021  9 10 11 15
 6821 2021- 9-10 11:15     - 55 45  162 12   3.00 0.44  0.0    4 17.3 34.1      6821
 6822 2021- 9-10 11:45     - 55 12  163 26   2.82 0.25  0.0    4 10.6 22.2      6822
 *** DISTANCE & RESIDUAL WEIGHTING CANCELLED FOR EVENT: 2021  9 10 12  7
 *** ABANDON EVENT WITH ONLY 3 READINGS:2021  9 10 12  7
 *** DISTANCE & RESIDUAL WEIGHTING CANCELLED FOR EVENT: 2021  9 10 12  7
 6824 2021- 9-10 12:07     - 55 18  161 28   1.18 0.25  0.0    4 11.2 24.2      6824
 6825 2021- 9-10 12:34     - 55 16  161 37   6.93 0.02  0.0    4  2.9 10.9      6825
  SEQ ---DATE--- TIME REMARK -LAT-  --LON-  DEPTH  RMS PMAG  NUM  ERH  ERZ  ID
 6826 2021- 9-10 12:40     - 54 47  160 39  23.05 0.17  0.0   11 16.0  4.5      6826
 6827 2021- 9-10 12:40     - 54 48  160 34  37.22 0.17  0.0    7 15.2 17.3      6827
 6828 2021- 9-10 13:08     - 55 10  162 10   0.64 1.12  0.0    6  6.3 73.2      6828
 *** DISTANCE & RESIDUAL WEIGHTING CANCELLED FOR EVENT: 2021  9 10 13  9
 6829 2021- 9-10 13:08     - 54 49  162 24   5.70 0.47  0.0    4 34.2 40.3      6829
 *** DISTANCE & RESIDUAL WEIGHTING CANCELLED FOR EVENT: 2021  9 10 14 59
 6830 2021- 9-10 14:59     - 55 30  161 45   3.00 0.54  0.0    4 21.6 43.5      6830
 6831 2021- 9-10 15:17     - 55 27  161 34   1.55 0.03  0.0    4  3.3 10.0      6831
 *** DISTANCE & RESIDUAL WEIGHTING CANCELLED FOR EVENT: 2021  9 10 15 17
 6832 2021- 9-10 15:17     - 55 20  161 33   3.07 1.18  0.0    5 17.2 73.3      6832
 *** DISTANCE & RESIDUAL WEIGHTING CANCELLED FOR EVENT: 2021  9 10 15 27
 6833 2021- 9-10 15:27     - 55  4  162  9   3.02 0.35  0.0    4  6.8 26.2      6833
 6834 2021- 9-10 19:56     - 55  1  161 34   0.69 0.24  0.0    4 20.3  4.9      6834
 6835 2021- 9-10 21:49     - 55 28  161 35   2.97 0.08  0.0    4  2.6 13.8      6835
 6836 2021- 9-11  0:03     - 54 57  162 18   6.28 0.24  0.0    5 19.2  7.5      6836
 6837 2021- 9-11  0:03     - 54 38  162 27   2.53 0.12  0.0    6 14.3  2.9      6837
 6838 2021- 9-11  0:14     - 55 10  160 42   3.01 0.10  0.0    8 13.8 15.0      6838
 *** DISTANCE & RESIDUAL WEIGHTING CANCELLED FOR EVENT: 2021  9 11  0 14
 6839 2021- 9-11  0:13     - 55 16  159 52   3.00 0.98  0.0    4 71.9 80.2      6839
 6840 2021- 9-11  0:14     - 56  9  162  8   2.99 0.10  0.0    4 12.8 14.8      6840
  SEQ ---DATE--- TIME REMARK -LAT-  --LON-  DEPTH  RMS PMAG  NUM  ERH  ERZ  ID
 6841 2021- 9-11  1:27     - 55 37  161  3   3.01 0.16  0.0    5 16.2 18.5      6841
 6842 2021- 9-11  1:27       55 23  161 46  13.13 0.00  0.0    4  4.7  2.0      6842
 6843 2021- 9-11  4:03     - 55 42  163  3   2.79 0.34  0.0    5 13.2 27.8      6843
 6844 2021- 9-11  5:32     - 55 11  163 25   1.05 0.68  0.0   11 24.1 50.6      6844
 6845 2021- 9-11  5:32     - 54 49  161 20   0.03 0.47  0.0    5 33.2  4.6      6845
 *** DISTANCE & RESIDUAL WEIGHTING CANCELLED FOR EVENT: 2021  9 11  6  0
 6846 2021- 9-11  6:00     # 55 26  161 59   3.04 0.45  0.0    4  4.4 10.1      6846
 6847 2021- 9-11  7:25     # 55 29  162 27   0.09 1.14  0.0    8 14.9 20.5      6847
 *** DISTANCE & RESIDUAL WEIGHTING CANCELLED FOR EVENT: 2021  9 11  9 51
 6848 2021- 9-11  9:51     - 55 25  161 55   1.62 0.24  0.0    4  2.7 19.9      6848
 6849 2021- 9-11 10:03     - 55 22  161 25   2.66 0.08  0.0    4 11.5 12.8      6849
 *** DISTANCE & RESIDUAL WEIGHTING CANCELLED FOR EVENT: 2021  9 11 10  4
 6850 2021- 9-11 10:04     # 55 25  161 22  21.02 1.02  0.0   10 35.6  8.0      6850
 *** DISTANCE & RESIDUAL WEIGHTING CANCELLED FOR EVENT: 2021  9 11 12 24
 6851 2021- 9-11 12:24     - 55 29  161 30   3.00 0.31  0.0    4  5.7 28.2      6851
 *** DISTANCE & RESIDUAL WEIGHTING CANCELLED FOR EVENT: 2021  9 11 18 51
 6852 2021- 9-11 18:51     - 55 10  161 55   2.86 0.25  0.0    4  9.0 19.8      6852
 6853 2021- 9-11 18:59     - 55 14  162 17  10.50 0.03  0.0    4  4.4 11.4      6853
 6854 2021- 9-11 19:23     - 54 47  161  0  33.59 0.21  0.0    9 18.1 20.4      6854
 6855 2021- 9-11 19:23     - 54 42  160 48   3.07 0.14  0.0    5 15.4 16.7      6855
  SEQ ---DATE--- TIME REMARK -LAT-  --LON-  DEPTH  RMS PMAG  NUM  ERH  ERZ  ID
 6856 2021- 9-11 20:55     - 54 31  163 15  34.48 0.36  0.0    5 16.7 31.9      6856
 *** DISTANCE & RESIDUAL WEIGHTING CANCELLED FOR EVENT: 2021  9 11 20 56
 6857 2021- 9-11 20:55     - 54 42  162 53  17.50 0.60  0.0    4 43.7 49.1      6857
 6858 2021- 9-11 23:33     - 54 37  161 16  17.62 0.16  0.0   10 14.0 18.0      6858
 6859 2021- 9-11 23:34       55  1  161 48  18.04 0.08  0.0    6  1.6  1.9      6859
 6860 2021- 9-11 23:59     - 55 25  161 56  20.88 0.08  0.0    6  2.2 11.5      6860
 6861 2021- 9-12  0:31     - 54 58  162 56   3.13 0.04  0.0    4  5.4 11.8      6861
 6862 2021- 9-12  5:00     - 55  2  161 26   1.89 0.13  0.0    4 15.3  5.0      6862
 6863 2021- 9-12  5:00     - 55  1  161 13   3.01 0.50  0.0    4 34.6 43.3      6863
 6864 2021- 9-12  5:18       55 19  161  5  44.77 0.13  0.0    6  3.3  5.7      6864
 *** DISTANCE & RESIDUAL WEIGHTING CANCELLED FOR EVENT: 2021  9 12  5 33
 6865 2021- 9-12  5:33     - 55  5  160 60  20.46 0.43  0.0    4 24.7 23.3      6865
 6866 2021- 9-12  6:01       55 21  161 46  17.34 0.08  0.0    8  1.9  0.8      6866
 *** DISTANCE & RESIDUAL WEIGHTING CANCELLED FOR EVENT: 2021  9 12  8  0
 6867 2021- 9-12  7:59     # 55 21  162  0   3.28 0.82  0.0    4  4.5 25.9      6867
 6868 2021- 9-12  8:45     - 54 55  161 17  22.62 0.22  0.0   10 18.9  7.9      6868
 6869 2021- 9-12  8:45     - 54 47  161  1  26.55 0.14  0.0    8 13.4  2.5      6869
 6870 2021- 9-12 10:40     - 55  3  161 21   7.85 0.35  0.0    4  8.2 31.2      6870
 *** DISTANCE & RESIDUAL WEIGHTING CANCELLED FOR EVENT: 2021  9 12 11 30
  SEQ ---DATE--- TIME REMARK -LAT-  --LON-  DEPTH  RMS PMAG  NUM  ERH  ERZ  ID
 6871 2021- 9-12 11:30     # 54 57  162 52   3.00 0.63  0.0    5 17.9 12.8      6871
 6872 2021- 9-12 11:30     - 54 35  161 19   2.93 0.08  0.0    4  5.2 12.9      6872
 6873 2021- 9-12 16:57     - 55 15  161 32   7.18 0.22  0.0    8  1.8 17.7      6873
 6874 2021- 9-12 17:03       54 55  162 11   1.35 0.16  0.0    8  2.1  2.3      6874
 6875 2021- 9-12 17:04       55 21  161 52   1.67 0.00  0.0    4  3.8  1.8      6875
 *** DISTANCE & RESIDUAL WEIGHTING CANCELLED FOR EVENT: 2021  9 12 17  9
 6876 2021- 9-12 17:09     # 55 24  161 52   1.50 0.95  0.0    5  5.7 42.4      6876
 6877 2021- 9-12 22:49     - 55  5  161 31   6.77 0.22  0.0    5 15.5 22.0      6877
 6878 2021- 9-12 22:49     - 54 58  162 41   2.81 0.06  0.0    4 11.0  7.0      6878
 6879 2021- 9-12 22:49       55 14  161 42   4.92 0.06  0.0    6  1.0  2.2      6879
 *** DISTANCE & RESIDUAL WEIGHTING CANCELLED FOR EVENT: 2021  9 13  1 21
 6880 2021- 9-13  1:21     - 55 22  162 11   3.00 0.91  0.0    4  4.7 74.7      6880
 6881 2021- 9-13  3:15     - 54 58  161 20  24.58 0.21  0.0    8 17.3  7.6      6881
 6882 2021- 9-13  3:16     - 55  7  161 40  24.21 0.06  0.0    5  8.5  4.5      6882
 6883 2021- 9-13  3:20       55  0  162 14   4.08 0.13  0.0    6  1.2  1.3      6883
 6884 2021- 9-13  3:20       54 56  162 12   2.31 0.05  0.0    4  1.1  2.1      6884
 *** DISTANCE & RESIDUAL WEIGHTING CANCELLED FOR EVENT: 2021  9 13 13 31
 6885 2021- 9-13 13:31     # 54 55  162 12   2.97 0.73  0.0    4 30.9 21.6      6885
  SEQ ---DATE--- TIME REMARK -LAT-  --LON-  DEPTH  RMS PMAG  NUM  ERH  ERZ  ID
 6886 2021- 9-13 13:42     - 54 56  162 11   3.10 0.08  0.0    4  9.7  9.1      6886
 6887 2021- 9-13 13:42     - 54 53  162 16   4.05 0.05  0.0    4 10.0  6.7      6887
 6888 2021- 9-13 14:03     - 54 60  162 18   6.93 0.05  0.0    4  5.3  8.6      6888
 *** DISTANCE & RESIDUAL WEIGHTING CANCELLED FOR EVENT: 2021  9 13 14  3
 6889 2021- 9-13 14:03     - 55  1  162 18   0.20 0.14  0.0    4  1.0 16.8      6889
 6890 2021- 9-13 16:09     - 54 56  162 18   5.30 0.14  0.0    4 12.1  8.2      6890
 *** DISTANCE & RESIDUAL WEIGHTING CANCELLED FOR EVENT: 2021  9 13 16 10
 6891 2021- 9-13 16:09     - 55 35  163  2   3.00 0.44  0.0    4 13.9 36.0      6891
 6892 2021- 9-13 17:44     - 55 27  162 10   2.75 0.12  0.0    4  3.1 15.9      6892
 6893 2021- 9-13 18:19     - 54 50  160 60   3.00 0.18  0.0    9 16.9 19.4      6893
 6894 2021- 9-13 18:19     - 55  6  161 45  18.24 0.13  0.0    5 14.4  4.2      6894
 *** DISTANCE & RESIDUAL WEIGHTING CANCELLED FOR EVENT: 2021  9 13 18 29
 6895 2021- 9-13 18:28     - 55 39  160 58   3.00 0.67  0.0    4 24.0 51.6      6895
 6896 2021- 9-13 18:29       55 30  161 56  31.16 0.05  0.0    6  2.7  1.1      6896
 6897 2021- 9-13 19:37     - 55 18  161 13   2.30 0.11  0.0    4 11.6  8.1      6897
 *** DISTANCE & RESIDUAL WEIGHTING CANCELLED FOR EVENT: 2021  9 13 22 54
 6898 2021- 9-13 22:53     - 55  6  162 16   2.93 0.44  0.0    4  5.9 38.2      6898
 6899 2021- 9-13 23:22     - 54 59  161 10  38.13 0.19  0.0    6 15.2 11.3      6899
 6900 2021- 9-13 23:22     # 54 60  161 12  33.07 0.47  0.0    8 21.9 10.3      6900
  SEQ ---DATE--- TIME REMARK -LAT-  --LON-  DEPTH  RMS PMAG  NUM  ERH  ERZ  ID
 6901 2021- 9-14  1:40     - 54 45  160 57  25.83 0.20  0.0   11 16.3  3.6      6901
 6902 2021- 9-14  1:40     - 54 58  161 24   9.27 0.11  0.0    7  4.7 13.9      6902
 *** DISTANCE & RESIDUAL WEIGHTING CANCELLED FOR EVENT: 2021  9 14  2  8
 6903 2021- 9-14  2:07     - 56  1  161 26   3.06 0.47  0.0    4 28.7 37.4      6903
 6904 2021- 9-14  3:18     - 54 41  160 52   3.06 0.21  0.0   17  7.8 16.6      6904
 6905 2021- 9-14  4:58     - 55  1  162 18  13.61 0.08  0.0    4  5.3  8.8      6905
 *** DISTANCE & RESIDUAL WEIGHTING CANCELLED FOR EVENT: 2021  9 14  4 58
 6906 2021- 9-14  4:58     # 55  1  162 29  26.30 0.00  0.0    4  4.4  3.8      6906
 6907 2021- 9-14 15:06     - 54 55  160 57  28.78 0.14  0.0    8 13.2  1.9      6907
 6908 2021- 9-14 15:06     - 54 47  160 49   2.99 0.17  0.0    8 11.1 18.8      6908
 *** DISTANCE & RESIDUAL WEIGHTING CANCELLED FOR EVENT: 2021  9 14 15 21
 6909 2021- 9-14 15:21     - 55  8  161 30   6.67 0.15  0.0    4 15.1 17.4      6909
 *** DISTANCE & RESIDUAL WEIGHTING CANCELLED FOR EVENT: 2021  9 14 16  0
 6910 2021- 9-14 15:59     - 55 20  162  8   3.01 0.40  0.0    5  3.8 33.6      6910
 6911 2021- 9-14 17:37     - 54 51  161  5   3.20 0.23  0.0   13  7.6 16.1      6911
 6912 2021- 9-14 18:32     - 55 21  161 32   1.25 0.07  0.0    4  2.9 13.5      6912
 6913 2021- 9-14 19:17       54 57  162 46   3.06 0.00  0.0    4  2.8  1.5      6913
 *** DISTANCE & RESIDUAL WEIGHTING CANCELLED FOR EVENT: 2021  9 15  0  0
 6914 2021- 9-14 23:59     - 55 24  162 15   3.00 0.86  0.0    5  8.3 63.8      6914
 6915 2021- 9-15  0:36     - 55  5  162 45   1.14 0.26  0.0    4 18.5  6.7      6915
 *** DISTANCE & RESIDUAL WEIGHTING CANCELLED FOR EVENT: 2021  9 15  1 11
  SEQ ---DATE--- TIME REMARK -LAT-  --LON-  DEPTH  RMS PMAG  NUM  ERH  ERZ  ID
 6916 2021- 9-15  1:10     - 55 40  162 20   3.00 1.26  0.0    4 39.5 90.8      6916
 6917 2021- 9-15  3:34     # 54 59  162 18  12.00 0.10  0.0    7  4.4  5.8      6917
 6918 2021- 9-15  3:35       54 59  162 19   8.34 0.06  0.0    6  3.9  5.1      6918
 *** DISTANCE & RESIDUAL WEIGHTING CANCELLED FOR EVENT: 2021  9 15  4 34
 6919 2021- 9-15  4:33     - 55  4  161  5  37.28 0.29  0.0    4 25.6 19.8      6919
 6920 2021- 9-15  5:53       55 22  161 48  15.25 0.00  0.0    4  5.7  1.1      6920
 *** DISTANCE & RESIDUAL WEIGHTING CANCELLED FOR EVENT: 2021  9 15  8  0
 6921 2021- 9-15  7:59     - 55 36  162 44   3.00 0.89  0.0    4 28.7 69.0      6921
 *** DISTANCE & RESIDUAL WEIGHTING CANCELLED FOR EVENT: 2021  9 15 10 49
 6922 2021- 9-15 10:49     - 54 59  162 35   3.00 0.90  0.0    4 61.6 74.9      6922
 6923 2021- 9-15 10:49       55 15  160 42  49.16 0.19  0.0   11  7.3  6.5      6923
 6924 2021- 9-15 12:30     - 55  6  161 40   6.04 0.04  0.0    4 12.4  3.2      6924
 6925 2021- 9-15 12:30     - 55  3  161 40   0.90 0.29  0.0    4  3.3 23.2      6925
 6926 2021- 9-15 13:30     - 54 35  162 48   2.38 0.14  0.0    7  7.1 15.4      6926
 *** DISTANCE & RESIDUAL WEIGHTING CANCELLED FOR EVENT: 2021  9 15 14 16
 6927 2021- 9-15 14:16     - 55  9  161 15   3.00 0.28  0.0    4 22.7 26.1      6927
 6928 2021- 9-15 14:16     - 55  5  161 19   1.61 0.24  0.0    4 17.5  4.6      6928
 6929 2021- 9-15 17:07     - 55 12  161 29   0.59 0.04  0.0    4  1.4 12.9      6929
 6930 2021- 9-15 19:56     - 54 58  161 32  26.18 0.10  0.0    6 13.0  4.3      6930
  SEQ ---DATE--- TIME REMARK -LAT-  --LON-  DEPTH  RMS PMAG  NUM  ERH  ERZ  ID
 6931 2021- 9-15 19:56     - 54 59  161 34   8.06 0.12  0.0    4  8.3 10.4      6931
 6932 2021- 9-15 20:51     - 55  3  163  5   1.93 0.04  0.0    4  5.5 11.8      6932
 6933 2021- 9-15 21:52     - 54 31  162  5   2.91 0.08  0.0    8  5.8 12.5      6933
 *** 3 PHASES CANT SOLVE SEQUENCE NO. 6934, ID NO.      6934
 *** ABANDON EVENT WITH ONLY 3 READINGS:2021  9 16  0 27
 *** DISTANCE & RESIDUAL WEIGHTING CANCELLED FOR EVENT: 2021  9 16  0 36
 6935 2021- 9-16  0:36     - 55 30  161 32   1.65 0.48  0.0    4 25.0 40.7      6935
 *** 3 PHASES CANT SOLVE SEQUENCE NO. 6936, ID NO.      6936
 *** ABANDON EVENT WITH ONLY 3 READINGS:2021  9 16  4 31
 *** DISTANCE & RESIDUAL WEIGHTING CANCELLED FOR EVENT: 2021  9 16 14 18
 6937 2021- 9-16 14:18     - 55 30  161 53  17.45 0.58  0.0    4 48.7 10.4      6937
 6938 2021- 9-16 15:24     - 55  9  161 31  25.39 0.08  0.0    5 11.5  7.3      6938
 6939 2021- 9-16 17:52     - 55  9  160 41   2.44 0.29  0.0   10 11.5 24.4      6939
 6940 2021- 9-16 18:35     - 55 15  161  3  31.09 0.12  0.0    5 15.7  1.1      6940
 6941 2021- 9-16 18:36     - 55 12  161 51   0.13 0.01  0.0    4  1.3  9.3      6941
 6942 2021- 9-16 19:49     - 54 57  160 31   2.85 0.37  0.0   17 12.8 27.6      6942
 6943 2021- 9-16 22:49     - 55  6  161 31   1.88 0.11  0.0    4 10.9  2.6      6943
 *** DISTANCE & RESIDUAL WEIGHTING CANCELLED FOR EVENT: 2021  9 16 22 49
 6944 2021- 9-16 22:49     - 55  2  161 19   3.00 0.30  0.0    4 26.9  7.5      6944
 6945 2021- 9-16 23:05     - 55 12  160 35  38.01 0.19  0.0   11 11.2 14.7      6945
 *** DISTANCE & RESIDUAL WEIGHTING CANCELLED FOR EVENT: 2021  9 16 23  6
  SEQ ---DATE--- TIME REMARK -LAT-  --LON-  DEPTH  RMS PMAG  NUM  ERH  ERZ  ID
 6946 2021- 9-16 23:06     - 55 32  162  9   3.00 3.66  0.0    4 94.7 55.2      6946
 6947 2021- 9-16 23:28     - 54 57  161 26  26.28 0.26  0.0    8 19.4  8.4      6947
 6948 2021- 9-16 23:28     - 54 57  161 40   5.73 0.21  0.0    8  4.0 21.0      6948
 6949 2021- 9-16 23:38     - 55  8  161 13   3.00 0.11  0.0    4 14.3 14.6      6949
 6950 2021- 9-16 23:38     - 54 51  161  7  21.77 0.39  0.0    4 31.5 22.9      6950
 6951 2021- 9-16 23:45     - 55  4  160 57   3.00 0.19  0.0    7 17.7 20.2      6951
 6952 2021- 9-16 23:45     - 55 13  160 20   3.02 0.33  0.0    5 26.1 27.4      6952
 6953 2021- 9-17  3:54     - 54 58  162 16   1.33 0.05  0.0    4  3.5 12.5      6953
 6954 2021- 9-17 13:43     - 55 26  161 51  17.45 0.06  0.0    4 13.3  1.7      6954
 *** DISTANCE & RESIDUAL WEIGHTING CANCELLED FOR EVENT: 2021  9 17 18 20
 6955 2021- 9-17 18:20     - 55 30  160 57   3.00 0.53  0.0    4 19.3 41.5      6955
 6956 2021- 9-17 22:04     - 55 38  161 30  38.95 0.04  0.0    4  9.6  8.3      6956
 6957 2021- 9-17 23:15     - 54 34  161 31   3.00 0.26  0.0    8 21.2 25.0      6957
 6958 2021- 9-17 23:16     - 54 29  161 13   3.01 0.18  0.0    7 16.9 19.3      6958
 6959 2021- 9-18  1:13     - 55  1  161 22  28.88 0.26  0.0    7 18.3  6.7      6959
 *** DISTANCE & RESIDUAL WEIGHTING CANCELLED FOR EVENT: 2021  9 18  1 14
 6960 2021- 9-18  1:13     - 54 40  160 43   3.11 0.52  0.0    4 40.0 43.8      6960
  SEQ ---DATE--- TIME REMARK -LAT-  --LON-  DEPTH  RMS PMAG  NUM  ERH  ERZ  ID
 6961 2021- 9-18  1:56     - 54 40  163  1   3.01 0.07  0.0    4  5.8 12.6      6961
 6962 2021- 9-18  5:01       55 29  161 45  15.10 0.12  0.0   15  0.7  0.8      6962
 6963 2021- 9-18  5:03       55 30  161 43  12.63 0.05  0.0    6  1.5  2.2      6963
 6964 2021- 9-18  5:15       55 34  161 59  20.08 0.00  0.0    4  7.3  1.2      6964
 6965 2021- 9-18  5:48     - 54 30  161 45   3.18 0.25  0.0    6  9.9 21.9      6965
 6966 2021- 9-18  7:14     - 54 52  161 20  27.84 0.17  0.0    6 14.1  2.6      6966
 6967 2021- 9-18  7:14     - 54 45  162 37   3.04 0.15  0.0    4 15.3 17.7      6967
 6968 2021- 9-18  8:00     - 54 49  161  4  30.16 0.19  0.0    7 18.7  2.5      6968
 6969 2021- 9-18  8:01     - 54 57  161 18  33.90 0.35  0.0    7 25.2  5.4      6969
 6970 2021- 9-18  8:02     - 55 19  161 39   7.24 0.03  0.0    4  8.5  4.5      6970
 *** DISTANCE & RESIDUAL WEIGHTING CANCELLED FOR EVENT: 2021  9 18  9 36
 6971 2021- 9-18  9:36     - 55 25  162  6   2.92 0.74  0.0    5  9.9 49.4      6971
 *** DISTANCE & RESIDUAL WEIGHTING CANCELLED FOR EVENT: 2021  9 18 10 44
 6972 2021- 9-18 10:44     - 54 58  161 14   3.00 0.78  0.0    5 47.9 65.3      6972
 6973 2021- 9-18 11:33     - 55  7  160 60   3.00 0.37  0.0   10 23.6 33.0      6973
 6974 2021- 9-18 11:33     - 55 17  161 31  51.30 0.03  0.0    4  7.9 11.1      6974
 *** DISTANCE & RESIDUAL WEIGHTING CANCELLED FOR EVENT: 2021  9 18 11 34
 6975 2021- 9-18 11:33     - 56  3  162 16   2.40 0.32  0.0    4 12.5 27.1      6975
 *** DISTANCE & RESIDUAL WEIGHTING CANCELLED FOR EVENT: 2021  9 18 11 44
  SEQ ---DATE--- TIME REMARK -LAT-  --LON-  DEPTH  RMS PMAG  NUM  ERH  ERZ  ID
 6976 2021- 9-18 11:44     # 54 59  162 21  13.53 1.27  0.0    5 18.5 25.3      6976
 6977 2021- 9-18 11:47       54 58  162 13   6.25 0.00  0.0    4  4.1  4.1      6977
 6978 2021- 9-18 14:09       55 24  161 35   9.18 0.00  0.0    4  2.5  3.5      6978
 6979 2021- 9-18 14:22     - 54 57  161 30  23.48 0.23  0.0    7 18.5  5.6      6979
 6980 2021- 9-18 14:22     - 54 57  161 40   8.18 0.04  0.0    5  9.8  7.2      6980
 6981 2021- 9-18 14:32     - 55  6  161 55   0.01 3.85  0.0    4 40.3 98.4      6981
 6982 2021- 9-18 15:04     - 54 36  161 17   2.43 0.31  0.0    9 11.2 23.7      6982
 6983 2021- 9-18 17:14     - 54 45  160 22  13.34 0.13  0.0    6  7.4 14.8      6983
 6984 2021- 9-18 23:06       55 15  161 33   4.93 0.01  0.0    4  2.8  2.5      6984
 6985 2021- 9-18 23:57     - 54 44  162 38   5.16 0.13  0.0    8  6.8 14.8      6985
 6986 2021- 9-19  1:31     - 54 54  161 16  18.32 0.23  0.0    5 17.1 15.7      6986
 6987 2021- 9-19  1:31     - 54 40  160 54  21.02 0.22  0.0    7 13.3 18.0      6987
 *** DISTANCE & RESIDUAL WEIGHTING CANCELLED FOR EVENT: 2021  9 19  4  0
 6988 2021- 9-19  4:00     - 55 25  161 41   7.53 0.18  0.0    4 13.2  7.8      6988
 6989 2021- 9-19  5:20       55 29  161 44  13.31 0.08  0.0   12  1.0  1.3      6989
 6990 2021- 9-19  8:36     - 55 12  161  4   3.00 0.20  0.0    9 15.6 20.9      6990
  SEQ ---DATE--- TIME REMARK -LAT-  --LON-  DEPTH  RMS PMAG  NUM  ERH  ERZ  ID
 6991 2021- 9-19  8:36     - 55  8  160 35   3.03 0.24  0.0    9 16.3 23.0      6991
 6992 2021- 9-19  8:54     - 55 20  161 42   5.58 0.00  0.0    4  8.8  0.7      6992
 6993 2021- 9-19 11:13     - 54 44  160 52  26.09 0.21  0.0   11 17.4  3.7      6993
 6994 2021- 9-19 11:13     - 54 40  160 35  18.86 0.21  0.0    7 14.8  4.2      6994
 6995 2021- 9-19 12:30       55 29  161 45  14.37 0.11  0.0   13  0.7  1.1      6995
 6996 2021- 9-19 12:35     - 54 44  163 19   3.05 0.04  0.0    4  5.4 11.7      6996
 6997 2021- 9-19 13:18     - 55 11  161 14  37.12 0.21  0.0    8 16.2  4.8      6997
 6998 2021- 9-19 13:18     - 54 42  160  4   3.00 0.72  0.0   10 52.5 60.1      6998
 6999 2021- 9-19 14:13     - 54 51  161 12  29.38 0.12  0.0    9 13.2  1.9      6999
 *** DISTANCE & RESIDUAL WEIGHTING CANCELLED FOR EVENT: 2021  9 19 14 13
 7000 2021- 9-19 14:13     - 54 56  161 22   3.05 0.34  0.0    4 26.2 30.2      7000
 7001 2021- 9-19 14:13     - 54 41  162 37   3.05 0.44  0.0    4 33.8 38.5      7001
 7002 2021- 9-19 14:24     - 55 34  162 16   2.98 0.12  0.0    4  2.8 15.6      7002
 7003 2021- 9-19 14:30     - 54 57  161 19   3.02 0.15  0.0    8 14.3 17.8      7003
 7004 2021- 9-19 14:30     - 54 52  161  5  31.95 0.32  0.0    6 27.4  2.4      7004
 7005 2021- 9-19 14:51       55  0  161 26  31.71 0.12  0.0    8  9.4  1.0      7005
  SEQ ---DATE--- TIME REMARK -LAT-  --LON-  DEPTH  RMS PMAG  NUM  ERH  ERZ  ID
 7006 2021- 9-19 14:51     - 54 49  161 11  28.87 0.21  0.0    6 19.6  3.4      7006
 7007 2021- 9-19 15:18     - 54 36  162 36   8.35 0.17  0.0   13  2.3 16.4      7007
 *** DISTANCE & RESIDUAL WEIGHTING CANCELLED FOR EVENT: 2021  9 19 16  2
 7008 2021- 9-19 16:02     - 55 11  161 32   4.08 0.33  0.0    4 30.3  3.3      7008
 *** DISTANCE & RESIDUAL WEIGHTING CANCELLED FOR EVENT: 2021  9 19 16  6
 7009 2021- 9-19 16:06     - 55 24  161 33   1.93 0.71  0.0    5  8.5 46.2      7009
 7010 2021- 9-19 16:11     - 55  1  161 19   3.36 0.18  0.0    4 18.6 19.5      7010
 7011 2021- 9-19 16:11     - 55  1  161 22   0.01 0.68  0.0    4 49.5 11.3      7011
 *** DISTANCE & RESIDUAL WEIGHTING CANCELLED FOR EVENT: 2021  9 19 16 16
 7012 2021- 9-19 16:16     # 55 21  161 54   7.47 0.43  0.0    4  8.8 11.4      7012
 7013 2021- 9-19 17:18     - 55 37  161 45   3.27 0.01  0.0    4  2.2 11.9      7013
 7014 2021- 9-19 17:45       55 29  161 43  12.47 0.06  0.0   10  1.1  1.4      7014
 7015 2021- 9-19 18:15     - 54 54  161 14  30.84 0.23  0.0    8 19.4  1.6      7015
 7016 2021- 9-19 18:15     - 54 48  161  4  20.18 0.22  0.0    5 14.9 14.7      7016
 7017 2021- 9-19 18:16     - 55  5  161 16   0.59 0.23  0.0    4 19.6  5.8      7017
 7018 2021- 9-19 18:16     - 54 54  161 22  28.40 0.28  0.0    4 24.2  7.7      7018
 7019 2021- 9-19 18:18     - 54 46  160 55  25.96 0.14  0.0   10 14.2  3.2      7019
 7020 2021- 9-19 18:18     - 54 25  160 44   7.08 0.23  0.0    7 18.9  4.1      7020
  SEQ ---DATE--- TIME REMARK -LAT-  --LON-  DEPTH  RMS PMAG  NUM  ERH  ERZ  ID
 7021 2021- 9-19 18:27     - 54 52  161 21  32.79 0.10  0.0    9 13.9  0.8      7021
 7022 2021- 9-19 18:27     - 55  3  161 36  28.51 0.10  0.0    5 11.1  5.3      7022
 7023 2021- 9-19 18:30     - 54 58  161 21   3.01 0.22  0.0    7 16.9 21.9      7023
 7024 2021- 9-19 18:30     - 55  7  161 42  22.76 0.23  0.0    4 15.5  9.0      7024
 7025 2021- 9-19 19:26     - 54 59  161 32  27.50 0.18  0.0    9 14.7  5.1      7025
 7026 2021- 9-19 19:26     - 54 52  161  5  25.52 0.19  0.0    6 18.0  3.4      7026
 *** DISTANCE & RESIDUAL WEIGHTING CANCELLED FOR EVENT: 2021  9 19 19 33
 7027 2021- 9-19 19:33     # 55  9  161 52  18.41 0.00  0.0    4  6.9  3.4      7027
 7028 2021- 9-19 19:36     - 54 60  161 15  26.65 0.23  0.0    4 21.4 13.4      7028
 *** DISTANCE & RESIDUAL WEIGHTING CANCELLED FOR EVENT: 2021  9 19 19 37
 7029 2021- 9-19 19:36     - 54 51  161  9   3.00 0.43  0.0    4 33.5 36.8      7029
 7030 2021- 9-19 22:49     - 55 10  161  8   3.01 0.25  0.0    6 19.5 24.1      7030
 7031 2021- 9-19 22:49     - 55  5  160 58   2.99 0.25  0.0    5 20.3 24.2      7031
 *** DISTANCE & RESIDUAL WEIGHTING CANCELLED FOR EVENT: 2021  9 20  2 40
 7032 2021- 9-20  2:39     - 54 58  163 15   3.00 0.56  0.0    4 19.0 43.1      7032
 7033 2021- 9-20  9:08     - 55  5  161 22   2.37 0.08  0.0    4 14.0  9.2      7033
 *** DISTANCE & RESIDUAL WEIGHTING CANCELLED FOR EVENT: 2021  9 20  9  9
 7034 2021- 9-20  9:09     - 55  6  161 22   3.00 0.50  0.0    4 29.3  8.2      7034
 7035 2021- 9-20 11:53     - 54 40  161 24   3.15 0.06  0.0    4 10.6 12.4      7035
  SEQ ---DATE--- TIME REMARK -LAT-  --LON-  DEPTH  RMS PMAG  NUM  ERH  ERZ  ID
 7036 2021- 9-20 11:53     - 54 56  163 23   2.66 0.10  0.0    4  6.2 13.5      7036
 *** DISTANCE & RESIDUAL WEIGHTING CANCELLED FOR EVENT: 2021  9 20 12 33
 7037 2021- 9-20 12:32     - 54 56  161 19   3.00 0.19  0.0    4 19.1 20.0      7037
 7038 2021- 9-20 18:28     - 55 19  161 43   0.44 0.16  0.0    4 13.4 15.8      7038
 7039 2021- 9-20 18:28     - 55 16  161 27  27.58 0.14  0.0    4 14.0  8.6      7039
 7040 2021- 9-21  0:03     - 55  9  161 41  20.35 0.17  0.0    5 13.6  7.6      7040
 7041 2021- 9-21  0:03     - 55  2  161  7  32.66 0.14  0.0    4 15.7  0.7      7041
 7042 2021- 9-21  4:00     - 55 22  161 42  33.97 0.09  0.0    4 14.5  2.2      7042
 *** DISTANCE & RESIDUAL WEIGHTING CANCELLED FOR EVENT: 2021  9 21  4 37
 7043 2021- 9-21  4:37     # 55 23  161 48   6.34 0.55  0.0    6  3.6  2.8      7043
 7044 2021- 9-21  8:45       55 12  160 43  68.68 0.14  0.0   18  3.1  3.6      7044
 7045 2021- 9-21 10:24     - 54 49  161  7   3.00 0.24  0.0    8 19.1 23.4      7045
 7046 2021- 9-21 10:24     - 54 54  161 16  32.68 0.48  0.0    6 36.1  2.1      7046
 7047 2021- 9-21 11:12     # 55 18  161 39  11.62 0.19  0.0    6  5.2  4.0      7047
 7048 2021- 9-21 11:15       55 18  161 35  10.02 0.06  0.0    5  2.5  3.8      7048
 7049 2021- 9-21 11:16     - 55 18  161 34   1.42 0.01  0.0    4  3.6 12.2      7049
 7050 2021- 9-21 11:23     - 54 45  161 13  34.14 0.13  0.0   12  1.9 13.8      7050
 *** DISTANCE & RESIDUAL WEIGHTING CANCELLED FOR EVENT: 2021  9 21 11 32
  SEQ ---DATE--- TIME REMARK -LAT-  --LON-  DEPTH  RMS PMAG  NUM  ERH  ERZ  ID
 7051 2021- 9-21 11:32     - 55 15  161 40   2.41 0.22  0.0    4  7.3 17.4      7051
 7052 2021- 9-21 11:35       55 21  161 56   5.33 0.00  0.0    4  0.8  2.0      7052
 *** DISTANCE & RESIDUAL WEIGHTING CANCELLED FOR EVENT: 2021  9 21 11 50
 7053 2021- 9-21 11:50     - 55 19  161 17   3.27 0.36  0.0    5  8.9 32.3      7053
 7054 2021- 9-21 12:07     - 55 25  161 45  49.48 0.19  0.0    6  4.9 13.9      7054
 7055 2021- 9-21 13:21     - 55  1  163 18   3.17 0.31  0.0    7 13.5 25.1      7055
 7056 2021- 9-21 13:21     - 55 14  163  3   4.23 0.12  0.0    6  5.4 15.1      7056
 7057 2021- 9-21 13:25     - 54 44  163 23   3.02 0.12  0.0    4  6.8 14.3      7057
 7058 2021- 9-21 13:50     - 54 46  163 12   2.64 0.04  0.0    5  5.4 11.7      7058
 *** DISTANCE & RESIDUAL WEIGHTING CANCELLED FOR EVENT: 2021  9 21 13 58
 7059 2021- 9-21 13:58     # 55 24  161 55   5.73 0.52  0.0    4  3.9 14.9      7059
 7060 2021- 9-21 16:47     - 55 20  161 44   7.04 0.02  0.0    4  9.5  3.0      7060
 7061 2021- 9-21 16:47     - 55  5  161  7   3.02 0.05  0.0    4 11.8 12.9      7061
 7062 2021- 9-21 17:04     - 54 46  161  1  18.71 0.18  0.0    5 17.1 18.1      7062
 7063 2021- 9-21 21:03     - 55 26  161 32   2.94 0.01  0.0    4  2.9 11.0      7063
 *** DISTANCE & RESIDUAL WEIGHTING CANCELLED FOR EVENT: 2021  9 21 21 25
 7064 2021- 9-21 21:25     - 55 11  161 47   3.00 0.37  0.0    6  8.5 24.2      7064
 7065 2021- 9-21 22:56     - 54 60  161 30  25.44 0.17  0.0    7 14.9  4.5      7065
  SEQ ---DATE--- TIME REMARK -LAT-  --LON-  DEPTH  RMS PMAG  NUM  ERH  ERZ  ID
 7066 2021- 9-21 22:57       55 16  162 14   4.03 0.03  0.0    5  0.8  5.5      7066
 7067 2021- 9-21 22:59     - 55  8  161 18   3.02 0.06  0.0    5 12.8 13.2      7067
 7068 2021- 9-21 22:59     - 54 49  161 17  32.99 0.09  0.0    5 12.5 14.5      7068
 7069 2021- 9-22  1:13     - 54 47  161  3  33.50 0.31  0.0    7 24.8 26.6      7069
 7070 2021- 9-22  1:13     - 54 45  161  7  34.25 0.57  0.0    6 41.4 32.8      7070
 7071 2021- 9-22  3:48     - 55  7  163 16   2.07 0.77  0.0   11 23.3 49.1      7071
 7072 2021- 9-22  6:18     - 55 22  161 31   6.55 0.18  0.0    6  1.9 19.0      7072
 7073 2021- 9-22  7:35     - 55 43  160 12   1.65 0.35  0.0    8 21.0 22.8      7073
 *** DISTANCE & RESIDUAL WEIGHTING CANCELLED FOR EVENT: 2021  9 22  7 36
 7074 2021- 9-22  7:36     - 55  3  162 14   2.72 0.67  0.0    4 39.0 40.9      7074
 *** DISTANCE & RESIDUAL WEIGHTING CANCELLED FOR EVENT: 2021  9 22  7 36
 7075 2021- 9-22  7:36     - 55 13  162 52   3.05 0.26  0.0    4 20.7 25.0      7075
 *** DISTANCE & RESIDUAL WEIGHTING CANCELLED FOR EVENT: 2021  9 22  8  0
 7076 2021- 9-22  7:59     - 55 24  162 10   3.00 0.58  0.0    4  6.4 44.4      7076
 7077 2021- 9-22  9:05     - 55  1  162 21   3.14 0.06  0.0    4 12.6  6.0      7077
 7078 2021- 9-22  9:05     - 55  3  162 54   2.81 0.36  0.0    4 21.8 26.0      7078
 7079 2021- 9-22  9:52     - 54 33  162 13   0.88 0.10  0.0    8  6.3 13.7      7079
 7080 2021- 9-22  9:52     - 55 15  162 57   2.50 0.09  0.0    4  6.2 13.2      7080
  SEQ ---DATE--- TIME REMARK -LAT-  --LON-  DEPTH  RMS PMAG  NUM  ERH  ERZ  ID
 7081 2021- 9-22 10:08     - 55 11  161  6   3.01 0.11  0.0    5 13.2 15.3      7081
 7082 2021- 9-22 11:59     - 55 10  161 50   9.10 0.17  0.0    4 12.0  9.7      7082
 7083 2021- 9-22 12:34     - 55 26  161 46   0.96 0.02  0.0    4  2.3  9.1      7083
 *** DISTANCE & RESIDUAL WEIGHTING CANCELLED FOR EVENT: 2021  9 22 12 36
 7084 2021- 9-22 12:35     - 55 29  160 45  25.72 0.22  0.0    5  5.6 20.9      7084
 *** DISTANCE & RESIDUAL WEIGHTING CANCELLED FOR EVENT: 2021  9 22 12 38
 7085 2021- 9-22 12:38     # 55 22  161 50   9.23 0.40  0.0    7  2.3  4.0      7085
 7086 2021- 9-22 12:43     # 55 21  161 49  16.26 0.04  0.0    5  1.9  0.8      7086
 7087 2021- 9-22 12:46       55 20  161 39  11.12 0.05  0.0    7  3.0  1.4      7087
 7088 2021- 9-22 12:49       55 24  161 45  12.62 0.00  0.0    4  1.2  2.8      7088
 7089 2021- 9-22 12:51       55 22  161 49  14.02 0.00  0.0    4  2.9  0.9      7089
 7090 2021- 9-22 12:52       55 28  161 50  16.27 0.00  0.0    4  3.1  1.6      7090
 7091 2021- 9-22 12:54       55  1  161 31  13.22 0.00  0.0    4  4.1  3.8      7091
 *** DISTANCE & RESIDUAL WEIGHTING CANCELLED FOR EVENT: 2021  9 22 12 54
 7092 2021- 9-22 12:54     # 55 20  161 53  11.27 0.53  0.0    5  4.4  4.4      7092
 7093 2021- 9-22 12:57     # 55 21  161 43  14.67 0.04  0.0    5  3.1  1.0      7093
 7094 2021- 9-22 12:58     - 55 27  161 56  10.80 0.19  0.0    4 10.2 14.2      7094
 7095 2021- 9-22 13:00     - 55 27  161 47   0.38 0.17  0.0    5  2.0 15.3      7095
  SEQ ---DATE--- TIME REMARK -LAT-  --LON-  DEPTH  RMS PMAG  NUM  ERH  ERZ  ID
 7096 2021- 9-22 13:03       55 28  161 51   2.39 0.00  0.0    4  0.8  8.1      7096
 7097 2021- 9-22 13:06       55 23  161 45  14.85 0.06  0.0    7  1.4  0.8      7097
 *** DISTANCE & RESIDUAL WEIGHTING CANCELLED FOR EVENT: 2021  9 22 13  8
 7098 2021- 9-22 13:08     - 55 29  161 50   3.00 3.12  0.0    4 86.2 48.7      7098
 *** DISTANCE & RESIDUAL WEIGHTING CANCELLED FOR EVENT: 2021  9 22 13 11
 7099 2021- 9-22 13:10     - 55 42  162 26   3.00 0.51  0.0    5 19.4 40.2      7099
 *** DISTANCE & RESIDUAL WEIGHTING CANCELLED FOR EVENT: 2021  9 22 15 31
 7100 2021- 9-22 15:31     - 55 46  162  2   2.99 0.65  0.0    4 50.3 51.4      7100
 7101 2021- 9-22 15:31     - 55  8  161 13   0.01 0.26  0.0    4 20.7  6.0      7101
 7102 2021- 9-22 15:54     - 55 11  163  8   7.15 0.29  0.0    6  2.7 27.5      7102
 *** DISTANCE & RESIDUAL WEIGHTING CANCELLED FOR EVENT: 2021  9 22 16  0
 7103 2021- 9-22 15:59     - 55 27  161 60   3.00 1.93  0.0    4 17.9 97.4      7103
 7104 2021- 9-22 20:30     # 55 14  162 17   3.97 0.68  0.0    4  7.8 10.4      7104
 7105 2021- 9-22 21:40     - 55 14  160 40  68.06 0.25  0.0    8 21.1  9.4      7105
 7106 2021- 9-22 21:40     - 54 50  160 15   8.24 0.09  0.0    6 11.9 14.3      7106
 *** DISTANCE & RESIDUAL WEIGHTING CANCELLED FOR EVENT: 2021  9 22 22 21
 7107 2021- 9-22 22:21     # 55 18  161 55   3.05 0.34  0.0    5  2.5  7.2      7107
 7108 2021- 9-22 22:53     - 55  7  163 28   1.70 0.38  0.0    9 14.4 30.3      7108
 *** DISTANCE & RESIDUAL WEIGHTING CANCELLED FOR EVENT: 2021  9 23  0  0
 7109 2021- 9-22 23:59     # 55 30  162 21   3.00 0.85  0.0    4 28.6 36.4      7109
 7110 2021- 9-23  1:57     - 55 18  161 21   1.86 0.03  0.0    4  1.2 12.6      7110
  SEQ ---DATE--- TIME REMARK -LAT-  --LON-  DEPTH  RMS PMAG  NUM  ERH  ERZ  ID
 7111 2021- 9-23  4:33     - 55 11  161  2  33.10 0.20  0.0    9 17.5 19.8      7111
 7112 2021- 9-23  4:33     - 55  9  161  3  27.31 0.13  0.0    8 11.5  4.0      7112
 7113 2021- 9-23 10:04     - 54 59  162 51  17.76 0.27  0.0    5  6.5 21.8      7113
 7114 2021- 9-23 10:47       55 23  161 40  16.47 0.07  0.0    5  2.9  1.1      7114
 *** DISTANCE & RESIDUAL WEIGHTING CANCELLED FOR EVENT: 2021  9 23 10 50
 7115 2021- 9-23 10:50     - 55 17  161 35   1.66 0.28  0.0    4  5.7 22.3      7115
 7116 2021- 9-23 11:22       55 29  161 55  13.55 0.10  0.0    5  2.4  1.7      7116
 7117 2021- 9-23 17:23       55  5  162  5   2.59 0.11  0.0   10  0.6  5.4      7117
 7118 2021- 9-23 17:31     - 56  0  162 47   3.05 0.10  0.0    4  7.4 13.5      7118
 7119 2021- 9-23 21:55     - 55 12  163 26   0.01 0.66  0.0   11 23.5 49.0      7119
 7120 2021- 9-23 22:42     - 55  2  162 11   0.68 0.07  0.0    4  3.4 13.5      7120
 *** DISTANCE & RESIDUAL WEIGHTING CANCELLED FOR EVENT: 2021  9 23 23 37
 7121 2021- 9-23 23:37     # 55 11  162 48   3.00 1.47  0.0    4 35.6 34.3      7121
 *** DISTANCE & RESIDUAL WEIGHTING CANCELLED FOR EVENT: 2021  9 24  4 56
 7122 2021- 9-24  4:56     - 54 56  161 38   3.00 0.19  0.0    4 15.9 20.2      7122
 7123 2021- 9-24  7:05       55  0  162 17   6.84 0.10  0.0    5  2.9  5.9      7123
 7124 2021- 9-24  7:16     - 54 54  161 24  32.71 0.15  0.0    7 13.8  0.8      7124
 7125 2021- 9-24  7:16     - 54 47  161 20   6.16 0.16  0.0    5 12.6 18.0      7125
  SEQ ---DATE--- TIME REMARK -LAT-  --LON-  DEPTH  RMS PMAG  NUM  ERH  ERZ  ID
 7126 2021- 9-24  7:28     - 54 59  161 24  25.64 0.24  0.0    7 18.1  7.4      7126
 7127 2021- 9-24  7:28     - 55  6  161 44  18.93 0.08  0.0    4 10.1  4.2      7127
 7128 2021- 9-24  8:18     - 55 20  161 46   0.19 0.77  0.0    4  8.8 48.5      7128
 7129 2021- 9-24  8:50     # 55 22  161 47  15.28 0.02  0.0    5  2.3  1.1      7129
 7130 2021- 9-24  8:53       55 21  161 49  16.73 0.00  0.0    4  3.8  2.4      7130
 7131 2021- 9-24  8:55     # 55 26  161 47  11.32 0.17  0.0    5  4.5  4.9      7131
 7132 2021- 9-24  9:07     - 55 27  161 41   0.93 0.02  0.0    4  2.3 10.0      7132
 *** DISTANCE & RESIDUAL WEIGHTING CANCELLED FOR EVENT: 2021  9 24  9  9
 7133 2021- 9-24  9:09     - 55 15  161 34   1.16 0.08  0.0    4  2.8 12.9      7133
 7134 2021- 9-24  9:12       55 20  161 53  11.12 0.00  0.0    4  1.8  2.8      7134
 *** DISTANCE & RESIDUAL WEIGHTING CANCELLED FOR EVENT: 2021  9 24  9 13
 7135 2021- 9-24  9:13     - 55 35  161 60  13.13 5.13  0.0    4 95.3 45.3      7135
 7136 2021- 9-24  9:39     - 54 56  162 14   2.99 0.05  0.0    4  8.8  7.5      7136
 *** DISTANCE & RESIDUAL WEIGHTING CANCELLED FOR EVENT: 2021  9 24  9 39
 7137 2021- 9-24  9:39     - 54 55  162 12   1.04 0.14  0.0    4  2.9 16.9      7137
 7138 2021- 9-24 11:47     - 54 28  163 12   6.72 0.21  0.0    6 10.9 21.7      7138
 *** DISTANCE & RESIDUAL WEIGHTING CANCELLED FOR EVENT: 2021  9 24 11 48
 7139 2021- 9-24 11:47     - 54 42  162 53  18.46 0.58  0.0    4 36.2 30.0      7139
 7140 2021- 9-24 11:54     - 54 48  162 32  23.58 0.18  0.0    8 16.7  8.3      7140
  SEQ ---DATE--- TIME REMARK -LAT-  --LON-  DEPTH  RMS PMAG  NUM  ERH  ERZ  ID
 7141 2021- 9-24 14:00     - 55 19  161  8  46.39 0.17  0.0    6 13.2  5.4      7141
 7142 2021- 9-24 15:32     - 55 30  161  4   3.01 0.11  0.0    7 13.9 15.6      7142
 7143 2021- 9-24 15:32     - 55 21  160 58   3.11 0.22  0.0    5 14.8 22.1      7143
 *** DISTANCE & RESIDUAL WEIGHTING CANCELLED FOR EVENT: 2021  9 24 16  0
 7144 2021- 9-24 15:59     - 55 32  162 56   3.00 0.75  0.0    4 44.8 63.8      7144
 7145 2021- 9-24 16:57     - 54 46  161  4  31.51 0.22  0.0   11 17.6  2.3      7145
 7146 2021- 9-24 16:57     - 54 33  160 35  18.50 0.25  0.0    8 21.8  6.3      7146
 7147 2021- 9-24 16:59     - 54 25  162 33   2.83 0.36  0.0   10 13.8 29.8      7147
 7148 2021- 9-24 19:18       55 21  161 47  15.00 0.08  0.0    6  2.3  1.0      7148
 7149 2021- 9-24 19:19     - 55 16  161 35   6.58 0.05  0.0    5  3.1 13.1      7149
 *** DISTANCE & RESIDUAL WEIGHTING CANCELLED FOR EVENT: 2021  9 24 19 19
 7150 2021- 9-24 19:19     - 55 24  161 58   2.97 0.21  0.0    4  6.9 19.9      7150
 *** DISTANCE & RESIDUAL WEIGHTING CANCELLED FOR EVENT: 2021  9 24 19 20
 7151 2021- 9-24 19:20     - 55 14  162  7   2.68 0.65  0.0    5  9.5 48.0      7151
 7152 2021- 9-24 23:01     - 55 55  162 28   0.01 0.50  0.0    7 18.3 39.7      7152
 *** DISTANCE & RESIDUAL WEIGHTING CANCELLED FOR EVENT: 2021  9 24 23 19
 7153 2021- 9-24 23:18     # 55 23  161 46   3.20 0.25  0.0    4  6.4 10.8      7153
 7154 2021- 9-24 23:51     - 55 16  160 57  18.22 0.12  0.0    6 11.0 10.7      7154
 7155 2021- 9-24 23:51     - 56 10  162 19   3.01 0.26  0.0    5 22.6 24.6      7155
  SEQ ---DATE--- TIME REMARK -LAT-  --LON-  DEPTH  RMS PMAG  NUM  ERH  ERZ  ID
 7156 2021- 9-25  0:49     # 55 20  162  6  23.53 0.01  0.0    4  8.5  1.6      7156
 7157 2021- 9-25  0:52       55 16  161 39   7.88 0.01  0.0    5  1.5  3.8      7157
 7158 2021- 9-25  0:58     - 55 15  161 38   6.60 0.09  0.0    4  2.4 14.6      7158
 *** DISTANCE & RESIDUAL WEIGHTING CANCELLED FOR EVENT: 2021  9 25  1  0
 7159 2021- 9-25  1:00     # 55 10  161 43   2.98 0.46  0.0    4 15.0  6.8      7159
 7160 2021- 9-25  1:01     - 55 17  161 35   3.50 0.02  0.0    4  2.9  9.6      7160
 *** DISTANCE & RESIDUAL WEIGHTING CANCELLED FOR EVENT: 2021  9 25  1  3
 7161 2021- 9-25  1:03     - 55 15  161 33   0.04 0.37  0.0    4  7.0 33.3      7161
 *** DISTANCE & RESIDUAL WEIGHTING CANCELLED FOR EVENT: 2021  9 25  1  4
 7162 2021- 9-25  1:04     - 55 28  161 54   2.92 0.57  0.0    5  7.8 39.0      7162
 7163 2021- 9-25  1:08     # 55 19  161 54  17.19 0.05  0.0    4  3.5  1.3      7163
 *** DISTANCE & RESIDUAL WEIGHTING CANCELLED FOR EVENT: 2021  9 25  1  8
 7164 2021- 9-25  1:08     - 55 30  162  2   3.01 0.30  0.0    4  4.5 27.0      7164
 7165 2021- 9-25  1:10     - 55 23  161 50   0.35 0.06  0.0    4  1.1  9.9      7165
 7166 2021- 9-25  2:59     - 54 55  161 32  31.41 0.24  0.0    5 19.7  7.6      7166
 7167 2021- 9-25  2:59     - 54 37  160 55  30.70 0.36  0.0    7 29.3 32.1      7167
 *** DISTANCE & RESIDUAL WEIGHTING CANCELLED FOR EVENT: 2021  9 25  3 16
 7168 2021- 9-25  3:16     # 55  2  161 56   3.03 0.60  0.0    4  9.6 30.6      7168
 7169 2021- 9-25  3:16       54 51  161 30   1.71 0.01  0.0    4  6.1  1.7      7169
 7170 2021- 9-25  3:25     - 55 44  162 54   3.90 0.34  0.0    6 12.9 28.0      7170
  SEQ ---DATE--- TIME REMARK -LAT-  --LON-  DEPTH  RMS PMAG  NUM  ERH  ERZ  ID
 7171 2021- 9-25  5:10     - 55  4  160  3   6.70 0.29  0.0    9 25.2  5.1      7171
 7172 2021- 9-25  5:11     - 56  3  162  9   3.00 0.13  0.0    4 13.8 16.3      7172
 *** DISTANCE & RESIDUAL WEIGHTING CANCELLED FOR EVENT: 2021  9 25  5 36
 7173 2021- 9-25  5:35     - 55 18  162  4   9.75 2.69  0.0    4 98.1 57.9      7173
 7174 2021- 9-25  5:50     - 55 10  161 50   9.44 0.08  0.0    4  8.3  7.0      7174
 7175 2021- 9-25  7:52     - 54 58  161 14  33.00 0.19  0.0    8 16.9  8.6      7175
 7176 2021- 9-25  7:52     - 55  4  160 59   3.03 0.15  0.0    5 15.3 16.0      7176
 7177 2021- 9-25  7:59     - 55 24  162 46   3.02 0.08  0.0    4  3.3 14.0      7177
 7178 2021- 9-25  8:03     - 54 54  161  4  31.99 0.20  0.0   10 17.8  1.4      7178
 7179 2021- 9-25  8:03     - 54 46  160 39  35.31 0.39  0.0    9 22.9 30.3      7179
 7180 2021- 9-25  9:12     - 54 45  160 31   3.08 0.17  0.0    9  7.1 14.9      7180
 7181 2021- 9-25  9:12     - 55  2  161 18  29.29 0.05  0.0    7  9.4  2.7      7181
 7182 2021- 9-25  9:18       55 25  161 48  12.79 0.02  0.0    4  1.2  2.5      7182
 7183 2021- 9-25  9:19       55 22  161 48  15.44 0.06  0.0    7  1.7  0.9      7183
 7184 2021- 9-25  9:21       55 24  161 53  15.50 0.06  0.0    7  1.6  1.2      7184
 7185 2021- 9-25  9:25       55 14  161 60  15.33 0.15  0.0    7  2.6  1.1      7185
  SEQ ---DATE--- TIME REMARK -LAT-  --LON-  DEPTH  RMS PMAG  NUM  ERH  ERZ  ID
 7186 2021- 9-25  9:25     - 55 27  161 48   0.88 0.44  0.0    5  5.7 29.0      7186
 7187 2021- 9-25 10:22     - 54 46  160 47  31.79 0.26  0.0   11 21.0 24.7      7187
 7188 2021- 9-25 10:22     - 54 47  160 53  33.59 0.31  0.0   11 17.0 27.8      7188
 7189 2021- 9-25 10:35     - 54 51  163 17   2.97 0.03  0.0    5  5.3 11.6      7189
 *** DISTANCE & RESIDUAL WEIGHTING CANCELLED FOR EVENT: 2021  9 25 11 22
 7190 2021- 9-25 11:22     - 55 19  163 25   3.00 1.33  0.0    5 41.7 89.8      7190
 7191 2021- 9-25 12:45     - 55 26  161 38   6.20 0.23  0.0    5 20.9  1.4      7191
 *** DISTANCE & RESIDUAL WEIGHTING CANCELLED FOR EVENT: 2021  9 25 12 46
 7192 2021- 9-25 12:45     - 55 58  162 17   3.00 0.81  0.0    5 61.1 67.2      7192
 *** DISTANCE & RESIDUAL WEIGHTING CANCELLED FOR EVENT: 2021  9 25 12 58
 7193 2021- 9-25 12:58     - 55 15  160 24   3.04 0.53  0.0    6 35.0 45.7      7193
 *** DISTANCE & RESIDUAL WEIGHTING CANCELLED FOR EVENT: 2021  9 25 13  5
 7194 2021- 9-25 13:05     - 55 43  162 57   2.97 0.27  0.0    4 10.7 23.2      7194
 7195 2021- 9-25 16:16     - 55 27  161 57   3.84 0.13  0.0    5  3.7 14.3      7195
 7196 2021- 9-25 16:17       55 20  161 52  17.73 0.12  0.0    7  3.1  1.2      7196
 *** DISTANCE & RESIDUAL WEIGHTING CANCELLED FOR EVENT: 2021  9 25 16 19
 7197 2021- 9-25 16:19     # 55 25  161 55   3.00 0.49  0.0    5  3.0 25.4      7197
 7198 2021- 9-25 16:21     - 55  8  161 17   3.03 0.12  0.0    4 13.8 14.5      7198
 7199 2021- 9-25 18:36     - 54 56  161 41   1.77 0.04  0.0    4  6.8 12.9      7199
 7200 2021- 9-25 18:37     - 55 12  161 55   0.75 0.08  0.0    4  0.8 12.5      7200
  SEQ ---DATE--- TIME REMARK -LAT-  --LON-  DEPTH  RMS PMAG  NUM  ERH  ERZ  ID
 7201 2021- 9-25 22:51       55 20  161 46  18.46 0.03  0.0    5  2.4  1.0      7201
 7202 2021- 9-25 22:57       55 23  161 46  16.01 0.00  0.0    5  2.3  0.8      7202
 7203 2021- 9-25 22:58     - 55 10  161 36   1.62 0.05  0.0    5  3.2 12.2      7203
 7204 2021- 9-25 22:59       55 25  161 53  14.13 0.05  0.0    5  1.5  1.0      7204
 *** DISTANCE & RESIDUAL WEIGHTING CANCELLED FOR EVENT: 2021  9 25 23  0
 7205 2021- 9-25 23:00     # 55 25  161 51   1.42 0.71  0.0    4  3.7 39.0      7205
 7206 2021- 9-26  0:19     - 54 59  161  6   2.38 0.41  0.0    8 13.9 30.7      7206
 7207 2021- 9-26  0:19     - 55 21  162  8   2.83 0.11  0.0    4  2.1 15.3      7207
 7208 2021- 9-26  0:19       55 10  161 52   7.34 0.00  0.0    4  1.9  1.2      7208
 7209 2021- 9-26  0:26       54 55  162 12   1.25 0.02  0.0    6  1.6  2.3      7209
 *** DISTANCE & RESIDUAL WEIGHTING CANCELLED FOR EVENT: 2021  9 26  0 27
 7210 2021- 9-26  0:26     - 53 31  163 27   3.01 1.67  0.0    4 94.3 70.6      7210
 7211 2021- 9-26  2:13     - 54 35  161 40   1.55 0.46  0.0    8 15.8 33.5      7211
 7212 2021- 9-26  2:44     - 54 58  162 13   1.54 0.07  0.0    4  2.1 13.8      7212
 7213 2021- 9-26  2:44     - 54 52  162 28   6.27 0.20  0.0    4 20.3  1.8      7213
 7214 2021- 9-26  3:07       55 25  161 50  14.35 0.06  0.0    7  1.1  0.9      7214
 7215 2021- 9-26  3:22     - 55 18  160 38  43.26 0.10  0.0    8 12.4  6.2      7215
  SEQ ---DATE--- TIME REMARK -LAT-  --LON-  DEPTH  RMS PMAG  NUM  ERH  ERZ  ID
 7216 2021- 9-26  3:23     - 55 20  160 21  37.32 0.32  0.0    9 20.9 18.2      7216
 *** DISTANCE & RESIDUAL WEIGHTING CANCELLED FOR EVENT: 2021  9 26  5 30
 7217 2021- 9-26  5:30     # 55  4  161 55   3.00 2.56  0.0    4 34.4 98.7      7217
 7218 2021- 9-26  5:48       55 22  161 48  16.30 0.02  0.0    5  2.9  1.0      7218
 7219 2021- 9-26  5:49       55 24  161 53  14.20 0.00  0.0    5  2.5  1.9      7219
 7220 2021- 9-26  5:50       55 21  161 49  16.63 0.09  0.0    6  2.4  1.0      7220
 7221 2021- 9-26  5:55     - 55 25  161 50   1.24 0.12  0.0    4  3.0 12.2      7221
 7222 2021- 9-26  5:59     - 55 20  161 56   1.22 0.09  0.0    4  1.3 10.8      7222
 7223 2021- 9-26  6:00       55 27  161 41  13.11 0.02  0.0    5  3.2  2.5      7223
 *** DISTANCE & RESIDUAL WEIGHTING CANCELLED FOR EVENT: 2021  9 26  6  0
 7224 2021- 9-26  6:00     - 54 42  162  5   3.00 0.56  0.0    4 22.6 44.0      7224
 7225 2021- 9-26  6:04     - 55 16  162  5   3.06 0.56  0.0    4 12.0 36.4      7225
 7226 2021- 9-26  6:06       55 23  161 46  21.38 0.00  0.0    4  3.8  1.2      7226
 7227 2021- 9-26  7:59     - 55 17  161 41  43.57 0.07  0.0    4  6.8  9.9      7227
 *** DISTANCE & RESIDUAL WEIGHTING CANCELLED FOR EVENT: 2021  9 26  9 18
 7228 2021- 9-26  9:18     # 55  9  161 50   5.97 0.53  0.0    5 10.3  2.9      7228
 7229 2021- 9-26  9:19     - 55  4  161  2   3.01 0.58  0.0    5 38.8 49.1      7229
 7230 2021- 9-26 10:49     - 54 30  161 16   1.77 0.10  0.0    4  6.3 13.7      7230
 *** DISTANCE & RESIDUAL WEIGHTING CANCELLED FOR EVENT: 2021  9 26 12 19
  SEQ ---DATE--- TIME REMARK -LAT-  --LON-  DEPTH  RMS PMAG  NUM  ERH  ERZ  ID
 7231 2021- 9-26 12:19     - 55 26  161 54   2.08 1.22  0.0    4 18.4 92.7      7231
 *** DISTANCE & RESIDUAL WEIGHTING CANCELLED FOR EVENT: 2021  9 26 12 28
 7232 2021- 9-26 12:28     - 54 35  162 51   3.00 0.55  0.0    4 21.5 43.2      7232
 7233 2021- 9-26 12:54     - 54 23  162  5   2.39 0.08  0.0    7  6.0 13.0      7233
 7234 2021- 9-26 13:02       54 54  162 11   2.46 0.00  0.0    4  2.7  3.5      7234
 7235 2021- 9-26 13:02     # 54 49  162  2   0.05 0.17  0.0    8  4.2  1.0      7235
 *** DISTANCE & RESIDUAL WEIGHTING CANCELLED FOR EVENT: 2021  9 26 14  2
 7236 2021- 9-26 14:02     # 55 29  162 30   3.00 0.95  0.0    4 23.1 19.5      7236
 *** DISTANCE & RESIDUAL WEIGHTING CANCELLED FOR EVENT: 2021  9 26 14  5
 7237 2021- 9-26 14:04     - 56  7  162 54   3.00 0.26  0.0    4 16.9 18.2      7237
 7238 2021- 9-26 15:24     - 56  8  162 24   2.58 0.14  0.0    4  7.2 15.3      7238
 *** DISTANCE & RESIDUAL WEIGHTING CANCELLED FOR EVENT: 2021  9 26 16 23
 7239 2021- 9-26 16:23     - 55  0  162 14   3.00 0.53  0.0    4 45.1  5.3      7239
 7240 2021- 9-26 16:24     - 54 59  162 18   1.18 0.01  0.0    4  3.2 12.1      7240
 7241 2021- 9-26 17:20     - 54 56  163  4   4.36 1.25  0.0    6 65.9 99.0      7241
 *** DISTANCE & RESIDUAL WEIGHTING CANCELLED FOR EVENT: 2021  9 26 17 23
 7242 2021- 9-26 17:23     - 55 13  162 30   3.00 0.53  0.0    4 33.8 31.1      7242
 7243 2021- 9-26 17:39     - 54 41  160 56   2.29 0.24  0.0   17  8.6 18.9      7243
 7244 2021- 9-26 17:57     - 54 50  161  7  22.44 0.12  0.0    7 14.5 10.5      7244
 7245 2021- 9-26 17:57     - 55  5  161 40  19.43 0.22  0.0    5 15.8  5.2      7245
  SEQ ---DATE--- TIME REMARK -LAT-  --LON-  DEPTH  RMS PMAG  NUM  ERH  ERZ  ID
 7246 2021- 9-26 18:54     - 55 42  162 57   2.69 1.39  0.0   13 38.5 86.4      7246
 7247 2021- 9-26 19:10     - 55 15  161 37   1.79 0.01  0.0    5  1.8 11.2      7247
 7248 2021- 9-26 19:15       55 22  161 57   0.89 0.03  0.0    5  0.8  6.3      7248
 7249 2021- 9-26 21:19     - 54 51  161 16  32.45 0.16  0.0    4 17.3  1.9      7249
 7250 2021- 9-26 21:19     - 55  2  161 25  45.14 0.29  0.0    5 18.7 10.3      7250
 7251 2021- 9-27  0:31     - 55 15  161  2   3.00 0.16  0.0    7 14.8 18.3      7251
 7252 2021- 9-27  0:31     - 55  8  160 34   3.03 0.16  0.0    9 14.5 18.0      7252
 7253 2021- 9-27  1:24     - 55 22  161  8  43.23 0.34  0.0    6 28.0 10.4      7253
 7254 2021- 9-27  1:33     - 55  0  160 35   3.01 0.29  0.0    7 24.6 27.4      7254
 7255 2021- 9-27  1:34       55 15  162  2   4.33 0.02  0.0    4  0.7  0.9      7255
 7256 2021- 9-27  1:40     - 54 36  161 19   2.95 0.19  0.0   16  7.1 15.3      7256
 7257 2021- 9-27  2:43     - 55 10  162 11   0.49 0.84  0.0    5  5.3 50.9      7257
 7258 2021- 9-27  3:04     - 55 27  162  2   2.87 0.02  0.0    4  2.7 12.4      7258
 *** DISTANCE & RESIDUAL WEIGHTING CANCELLED FOR EVENT: 2021  9 27  3 48
 7259 2021- 9-27  3:48     - 55 13  161 35   7.25 0.71  0.0    4 60.6 47.1      7259
 7260 2021- 9-27  3:58       55 21  161 45  17.79 0.11  0.0    7  2.2  1.2      7260
  SEQ ---DATE--- TIME REMARK -LAT-  --LON-  DEPTH  RMS PMAG  NUM  ERH  ERZ  ID
 7261 2021- 9-27  3:58       55 24  161 34  12.88 0.00  0.0    4  2.6  2.1      7261
 7262 2021- 9-27  4:01     # 55 23  161 45  17.58 0.12  0.0    6  2.1  0.8      7262
 7263 2021- 9-27  4:02       55 16  161 42  20.21 0.05  0.0    5  5.5  1.6      7263
 7264 2021- 9-27  4:03       55 20  161 51  18.58 0.01  0.0    5  2.1  1.1      7264
 7265 2021- 9-27  4:04       55 22  161 47  18.10 0.00  0.0    4  4.8  1.1      7265
 7266 2021- 9-27  4:11     - 55 24  161 52   1.62 0.04  0.0    4  1.0 12.9      7266
 *** DISTANCE & RESIDUAL WEIGHTING CANCELLED FOR EVENT: 2021  9 27  4 42
 7267 2021- 9-27  4:42     - 55 16  161 26  10.42 0.03  0.0    4  4.2  8.9      7267
 7268 2021- 9-27  5:06     - 55  5  161 17   0.29 0.20  0.0    5 17.2  4.5      7268
 *** DISTANCE & RESIDUAL WEIGHTING CANCELLED FOR EVENT: 2021  9 27  5  6
 7269 2021- 9-27  5:06     - 54 52  161 14  44.84 0.76  0.0    5 58.3 16.8      7269
 7270 2021- 9-27  6:18     - 54 58  161 29  23.25 0.20  0.0    7 16.5  5.8      7270
 7271 2021- 9-27  6:18     - 54 48  161 11  18.36 0.10  0.0    4  9.8 10.9      7271
 7272 2021- 9-27  8:56     - 55 20  160 55  33.76 0.19  0.0    7 13.4 13.0      7272
 *** DISTANCE & RESIDUAL WEIGHTING CANCELLED FOR EVENT: 2021  9 27  8 57
 7273 2021- 9-27  8:56     - 55 27  161 30  16.89 0.01  0.0    4  9.1  0.6      7273
 7274 2021- 9-27 10:17     - 55 37  161 31   3.19 0.03  0.0    4  1.5 12.7      7274
 7275 2021- 9-27 13:01     - 54 51  160 55  35.09 0.22  0.0   11 13.5 16.0      7275
  SEQ ---DATE--- TIME REMARK -LAT-  --LON-  DEPTH  RMS PMAG  NUM  ERH  ERZ  ID
 7276 2021- 9-27 13:02     - 54 50  161  3  32.78 0.23  0.0    9 10.8 22.7      7276
 7277 2021- 9-27 13:59     # 55 26  162 27   4.35 0.43  0.0    7  9.5 23.0      7277
 7278 2021- 9-27 13:59     - 55  2  162 26   3.19 0.41  0.0    5 32.7 29.1      7278
 7279 2021- 9-27 15:09     - 55 16  161 35   6.68 0.04  0.0    5  2.9 12.5      7279
 7280 2021- 9-27 15:11     - 54 52  161 24   6.73 0.18  0.0    4 16.0 19.4      7280
 *** DISTANCE & RESIDUAL WEIGHTING CANCELLED FOR EVENT: 2021  9 27 18 43
 7281 2021- 9-27 18:43     - 55  9  161 58   2.59 0.41  0.0    4  8.7 31.1      7281
 7282 2021- 9-27 19:20     - 54 53  160 29   2.76 0.20  0.0    6  9.1 18.7      7282
 7283 2021- 9-27 22:33       55 21  161 46  17.53 0.07  0.0    7  2.0  0.8      7283
 7284 2021- 9-27 22:43       55 20  161 51  16.23 0.07  0.0    7  2.7  1.2      7284
 7285 2021- 9-27 23:56     - 55 16  161  0   2.99 0.07  0.0    7 11.6 13.7      7285
 7286 2021- 9-27 23:56     - 55 22  160 19   3.01 0.22  0.0    6 19.2 21.7      7286
 7287 2021- 9-28  0:21     - 54 58  162 16   8.11 0.11  0.0    5  8.4 11.8      7287
 7288 2021- 9-28 12:06     - 54 57  161 28  32.21 0.11  0.0    6 14.7  1.0      7288
 7289 2021- 9-28 12:06     - 54 56  161 14  32.35 0.25  0.0    6 20.1  1.0      7289
 7290 2021- 9-28 15:57     - 55 33  161 54   2.98 0.11  0.0    4  4.0 15.4      7290
  SEQ ---DATE--- TIME REMARK -LAT-  --LON-  DEPTH  RMS PMAG  NUM  ERH  ERZ  ID
 7291 2021- 9-28 17:02     - 54 60  161 34  18.06 0.11  0.0    5 13.3  4.4      7291
 7292 2021- 9-28 21:33     - 55  5  161 51  25.58 0.12  0.0    5 12.0  6.7      7292
 7293 2021- 9-29  1:12     - 54 59  161 19   3.01 0.19  0.0    5 19.3 20.0      7293
 *** DISTANCE & RESIDUAL WEIGHTING CANCELLED FOR EVENT: 2021  9 29  1 13
 7294 2021- 9-29  1:13     - 55 19  161 46   8.11 0.14  0.0    4 10.3  6.3      7294
 *** DISTANCE & RESIDUAL WEIGHTING CANCELLED FOR EVENT: 2021  9 29  5 14
 7295 2021- 9-29  5:14     - 55 19  161 31  23.02 0.25  0.0    5 19.2  7.3      7295
 *** DISTANCE & RESIDUAL WEIGHTING CANCELLED FOR EVENT: 2021  9 29  8 44
 7296 2021- 9-29  8:44     - 55  4  162 12   2.97 0.36  0.0    4  3.8 26.8      7296
 7297 2021- 9-29 11:31     - 55 40  161 58  35.77 0.23  0.0    4 16.2 16.7      7297
 *** DISTANCE & RESIDUAL WEIGHTING CANCELLED FOR EVENT: 2021  9 29 11 32
 7298 2021- 9-29 11:32     - 55 13  161 52   0.14 0.13  0.0    4  1.6 11.6      7298
 7299 2021- 9-29 14:25       55 17  161 41  14.78 0.05  0.0    6  3.0  1.5      7299
 7300 2021- 9-29 15:59     - 55 20  162 35  16.69 0.07  0.0    4 11.1  8.8      7300
 7301 2021- 9-29 17:32     # 55  4  162 46  13.59 0.88  0.0    7  8.3 46.9      7301
 7302 2021- 9-29 23:07       55 17  161 40  15.63 0.09  0.0    5  4.1  2.7      7302
 7303 2021- 9-29 23:59     - 55  6  162 33   0.52 0.31  0.0    4 12.0 25.7      7303
 7304 2021- 9-30  1:02       55 10  162 16   4.95 0.12  0.0   14  0.8  0.6      7304
 7305 2021- 9-30  4:38     - 55 26  161 55  13.72 0.10  0.0    4  7.9  7.1      7305
  SEQ ---DATE--- TIME REMARK -LAT-  --LON-  DEPTH  RMS PMAG  NUM  ERH  ERZ  ID
 7306 2021- 9-30  5:36     - 55  8  162  9   1.28 0.06  0.0    4  1.5 13.3      7306
 7307 2021- 9-30  6:25     - 55 15  161 39   6.14 0.06  0.0    4  4.9 11.6      7307
 7308 2021- 9-30 10:54     - 54 48  161  9  31.62 0.24  0.0   11 17.9  1.9      7308
 7309 2021- 9-30 10:54     - 54 38  160 49  41.93 0.28  0.0    8 19.3 16.9      7309
 7310 2021- 9-30 11:05       54 53  161 52   1.83 0.02  0.0    5  1.8  1.6      7310
 7311 2021- 9-30 12:05     - 54 35  160 54   3.01 0.19  0.0    7 17.1 20.1      7311
 7312 2021- 9-30 12:06       54 53  161 25  30.33 0.04  0.0    5  7.1  3.1      7312
 7313 2021- 9-30 16:10     - 55  1  162 13   2.87 0.12  0.0    5  2.0 13.8      7313
 7314 2021- 9-30 23:14     - 54 60  161 49  20.20 0.06  0.0    4 10.9  4.7      7314
 7315 2021- 9-30 23:14     - 54 48  161 20   3.14 0.08  0.0    4  9.1 14.1      7315
 7316 2021- 9-30 23:15     - 55 19  161 16   1.92 0.11  0.0    6 11.6  5.2      7316
 7317 2021- 9-30 23:16     - 55 15  160 58  11.01 0.15  0.0    6 11.5 13.1      7317
 7318 2021-10- 1  0:12     - 55  2  162 12   3.05 0.15  0.0    4  2.2 16.4      7318
 7319 2021-10- 1  3:56     - 54 58  162 13   1.92 0.07  0.0    4  3.2 13.4      7319
 7320 2021-10- 1  3:55     - 54 22  162 29   3.01 0.23  0.0    4 19.5 20.4      7320
  SEQ ---DATE--- TIME REMARK -LAT-  --LON-  DEPTH  RMS PMAG  NUM  ERH  ERZ  ID
 7321 2021-10- 1  5:08       54 59  162 13   3.22 0.08  0.0    5  2.0  6.4      7321
 7322 2021-10- 1  7:34     - 54 27  161 56   2.69 0.14  0.0    7  7.2 15.2      7322
 7323 2021-10- 1  7:59     - 55 24  161 57  46.54 0.03  0.0    6  4.3 12.5      7323
 7324 2021-10- 1 12:27     - 54 60  161 30  30.88 0.19  0.0    7 16.0  6.6      7324
 7325 2021-10- 1 12:27     - 54 43  160 54   9.69 0.14  0.0    8 11.4  3.3      7325
 7326 2021-10- 1 14:13     - 55 22  160 21  55.28 0.16  0.0   10 17.0 10.6      7326
 *** DISTANCE & RESIDUAL WEIGHTING CANCELLED FOR EVENT: 2021 10  1 14 14
 7327 2021-10- 1 14:14     - 55 29  162 11   3.11 0.48  0.0    4  2.4 36.9      7327
 7328 2021-10- 1 17:29     - 55 14  161 14   1.40 0.11  0.0    4 12.1  4.3      7328
 7329 2021-10- 1 21:23     - 55  3  162 20  15.16 0.07  0.0    5  8.7  8.0      7329
 *** DISTANCE & RESIDUAL WEIGHTING CANCELLED FOR EVENT: 2021 10  2  6 54
 7330 2021-10- 2  6:54     # 55 28  161 50  14.63 0.90  0.0    5 31.1 14.8      7330
 *** 3 PHASES CANT SOLVE SEQUENCE NO. 7331, ID NO.      7331
 *** ABANDON EVENT WITH ONLY 3 READINGS:2021 10  2 23 41
 *** DISTANCE & RESIDUAL WEIGHTING CANCELLED FOR EVENT: 2021 10  3 18  9
 7332 2021-10- 3 18:09     - 55 22  162 59   3.00 0.86  0.0    4 30.2 65.9      7332
 7333 2021-10- 4 11:07     - 55 37  162 24   3.01 0.19  0.0    4  5.2 19.1      7333
 *** DISTANCE & RESIDUAL WEIGHTING CANCELLED FOR EVENT: 2021 10  4 11  8
 7334 2021-10- 4 11:07     - 55 36  162 13   2.44 0.14  0.0    4  2.7 14.5      7334
 7335 2021-10- 4 20:52     - 54 17  162 29   3.01 0.25  0.0    5 21.4 22.6      7335
  SEQ ---DATE--- TIME REMARK -LAT-  --LON-  DEPTH  RMS PMAG  NUM  ERH  ERZ  ID
 7336 2021-10- 4 23:59     - 55 26  161 54  11.28 0.05  0.0    5  1.6 10.5      7336
 7337 2021-10- 5  2:40     - 54 27  161 43   1.81 0.14  0.0    8  7.3 15.3      7337
 *** DISTANCE & RESIDUAL WEIGHTING CANCELLED FOR EVENT: 2021 10  5  4 27
 7338 2021-10- 5  4:27     # 55 22  161 59   3.00 0.42  0.0    4  8.7 18.6      7338
 7339 2021-10- 5  4:28     - 55 21  161 48   0.24 0.00  0.0    4  1.2  9.3      7339
 *** DISTANCE & RESIDUAL WEIGHTING CANCELLED FOR EVENT: 2021 10  5  4 31
 7340 2021-10- 5  4:31     - 55 25  161 56   3.13 0.50  0.0    4  7.1 43.0      7340
 7341 2021-10- 5  5:47     - 54 28  163 12   3.28 0.18  0.0    6  8.2 18.0      7341
 *** DISTANCE & RESIDUAL WEIGHTING CANCELLED FOR EVENT: 2021 10  5  8  0
 7342 2021-10- 5  7:59     # 55 19  162  4   3.24 0.92  0.0    5  6.2 32.2      7342
 7343 2021-10- 5  9:17     - 55  2  161 38   0.09 0.21  0.0    7 14.9  3.9      7343
 7344 2021-10- 5  9:17       54 50  161 54   0.95 0.08  0.0    7  2.2  1.0      7344
 7345 2021-10- 5 11:39       55 22  161 34   9.68 0.08  0.0    5  2.5  2.7      7345
 7346 2021-10- 5 15:44     - 55 27  161 35   3.58 0.11  0.0    5  2.5 11.4      7346
 *** DISTANCE & RESIDUAL WEIGHTING CANCELLED FOR EVENT: 2021 10  5 16  0
 7347 2021-10- 5 15:59     # 55 18  162  8   3.00 0.49  0.0    5  3.7 28.9      7347
 7348 2021-10- 5 16:39     - 54 41  163 37   3.04 0.07  0.0    5  5.8 12.6      7348
 7349 2021-10- 5 18:22     # 54 43  162 41  52.96 0.33  0.0    6 16.4  9.8      7349
 7350 2021-10- 5 19:58     - 54 42  162 54   2.92 0.07  0.0    5  5.7 12.5      7350
 *** DISTANCE & RESIDUAL WEIGHTING CANCELLED FOR EVENT: 2021 10  5 19 58
  SEQ ---DATE--- TIME REMARK -LAT-  --LON-  DEPTH  RMS PMAG  NUM  ERH  ERZ  ID
 7351 2021-10- 5 19:58     # 55 19  162  4  19.04 1.44  0.0    4 22.5 32.3      7351
 7352 2021-10- 5 19:59       55 28  161 35  27.44 0.00  0.0    4  6.0  2.9      7352
 *** DISTANCE & RESIDUAL WEIGHTING CANCELLED FOR EVENT: 2021 10  5 22 15
 7353 2021-10- 5 22:15     # 55 29  161 28  23.69 1.24  0.0    5 41.8 29.0      7353
 7354 2021-10- 5 22:59     # 54 52  162 10   0.09 0.11  0.0   10  3.0  1.6      7354
 7355 2021-10- 5 22:59     - 54 55  162 16   2.97 0.09  0.0    5 13.0  1.1      7355
 7356 2021-10- 5 23:59     - 55 25  161 55  22.52 0.05  0.0    5  3.1 11.5      7356
 7357 2021-10- 6  2:02     - 55 15  162  4   3.27 0.07  0.0    4  3.1 13.2      7357
 7358 2021-10- 6  3:31     - 55  9  163 22   0.69 0.26  0.0    5 10.7 22.9      7358
 7359 2021-10- 6  3:42       54 49  162 12   1.45 0.20  0.0   10  7.6  1.8      7359
 7360 2021-10- 6  3:43     - 54 55  162 17   6.34 0.09  0.0    5 11.8  2.9      7360
 *** DISTANCE & RESIDUAL WEIGHTING CANCELLED FOR EVENT: 2021 10  6  3 52
 7361 2021-10- 6  3:52     - 55 26  161 51   0.47 0.29  0.0    4  1.5 19.8      7361
 *** DISTANCE & RESIDUAL WEIGHTING CANCELLED FOR EVENT: 2021 10  6  4  9
 7362 2021-10- 6  4:08     # 55 19  161 45  12.93 0.51  0.0    4 16.4  6.3      7362
 *** DISTANCE & RESIDUAL WEIGHTING CANCELLED FOR EVENT: 2021 10  6  4  9
 7363 2021-10- 6  4:09     - 55 25  161 43  24.47 0.74  0.0    4 43.3 14.9      7363
 *** DISTANCE & RESIDUAL WEIGHTING CANCELLED FOR EVENT: 2021 10  6  4 52
 7364 2021-10- 6  4:51     - 55  7  163 38   3.00 0.26  0.0    4 10.7 23.0      7364
 7365 2021-10- 6  5:22     # 54 54  162 14   5.31 0.12  0.0    7  4.0  1.0      7365
  SEQ ---DATE--- TIME REMARK -LAT-  --LON-  DEPTH  RMS PMAG  NUM  ERH  ERZ  ID
 7366 2021-10- 6  6:28     - 54 58  162 11   4.83 0.02  0.0    4  7.1  6.3      7366
 7367 2021-10- 6  6:28     - 54 58  162 16   2.78 0.02  0.0    4  9.6  8.0      7367
 7368 2021-10- 6  6:43     - 55  0  162 13   0.22 0.10  0.0    7  0.7 12.8      7368
 7369 2021-10- 6  6:43     - 54 45  162 23   6.16 0.13  0.0    4 14.4 15.2      7369
 7370 2021-10- 6  7:59     - 54 59  161 22   3.01 0.07  0.0    4 12.1 12.3      7370
 7371 2021-10- 6  9:02     - 55 23  161 22  36.84 0.21  0.0    8 14.4  5.3      7371
 *** DISTANCE & RESIDUAL WEIGHTING CANCELLED FOR EVENT: 2021 10  6  9  3
 7372 2021-10- 6  9:02     # 55 13  161 50   3.17 0.56  0.0    5  4.1  6.2      7372
 7373 2021-10- 6 12:40     - 54 39  162 25  93.26 0.01  0.0    5 12.5  2.5      7373
 7374 2021-10- 6 15:07     - 54 56  163 32   3.16 0.06  0.0    4  5.6 12.1      7374
 7375 2021-10- 6 15:50     - 54 53  160 52  35.58 0.33  0.0    5 27.7 25.8      7375
 *** DISTANCE & RESIDUAL WEIGHTING CANCELLED FOR EVENT: 2021 10  6 16  0
 7376 2021-10- 6 15:59     - 55 18  162  3   3.01 0.47  0.0    4  3.6 31.5      7376
 7377 2021-10- 6 17:06     - 55 22  161 54   4.64 0.02  0.0    4  4.7  8.8      7377
 7378 2021-10- 6 21:17     - 55  6  163 31   0.80 0.53  0.0    8 19.1 40.6      7378
 7379 2021-10- 6 23:59     - 55 20  162  9  21.91 0.11  0.0    5  1.6 12.2      7379
 *** DISTANCE & RESIDUAL WEIGHTING CANCELLED FOR EVENT: 2021 10  7  6  8
 7380 2021-10- 7  6:07     # 55 24  161 52   2.76 0.65  0.0    4 33.0 11.6      7380
  SEQ ---DATE--- TIME REMARK -LAT-  --LON-  DEPTH  RMS PMAG  NUM  ERH  ERZ  ID
 7381 2021-10- 7  6:08       55 27  161 57  41.28 0.13  0.0    9  2.8  1.5      7381
 *** DISTANCE & RESIDUAL WEIGHTING CANCELLED FOR EVENT: 2021 10  7  8 35
 7382 2021-10- 7  8:35     # 55 26  161 58   6.43 0.93  0.0    4  5.4 24.4      7382
 *** DISTANCE & RESIDUAL WEIGHTING CANCELLED FOR EVENT: 2021 10  7  8 41
 7383 2021-10- 7  8:41     - 55 27  161 54   1.80 0.26  0.0    4  2.9 17.9      7383
 7384 2021-10- 7 12:25     - 55 28  161 43   4.95 0.08  0.0    4  1.2 12.6      7384
 *** DISTANCE & RESIDUAL WEIGHTING CANCELLED FOR EVENT: 2021 10  7 16  0
 7385 2021-10- 7 15:59     - 55 22  162 17   2.99 0.49  0.0    6  4.6 32.8      7385
 7386 2021-10- 7 16:55     - 55 15  161 30   8.21 0.00  0.0    4  2.6  8.9      7386
 *** DISTANCE & RESIDUAL WEIGHTING CANCELLED FOR EVENT: 2021 10  7 20 12
 7387 2021-10- 7 20:12     - 55 20  161 25   3.00 1.16  0.0    4 62.8 40.9      7387
 *** DISTANCE & RESIDUAL WEIGHTING CANCELLED FOR EVENT: 2021 10  7 20 41
 7388 2021-10- 7 20:41     # 55 19  161 27  23.85 0.35  0.0    5  8.3 15.3      7388
 *** DISTANCE & RESIDUAL WEIGHTING CANCELLED FOR EVENT: 2021 10  8  0  1
 7389 2021-10- 8  0:01     # 55 27  161 59   3.00 0.55  0.0    4 16.2 21.5      7389
 *** 3 PHASES CANT SOLVE SEQUENCE NO. 7390, ID NO.      7390
 *** ABANDON EVENT WITH ONLY 3 READINGS:2021 10  8  6  7
 *** 3 PHASES CANT SOLVE SEQUENCE NO. 7391, ID NO.      7391
 *** ABANDON EVENT WITH ONLY 3 READINGS:2021 10  8  6  7
 *** 3 PHASES CANT SOLVE SEQUENCE NO. 7392, ID NO.      7392
 *** ABANDON EVENT WITH ONLY 3 READINGS:2021 10  8  6 37
 *** 3 PHASES CANT SOLVE SEQUENCE NO. 7393, ID NO.      7393
 *** ABANDON EVENT WITH ONLY 3 READINGS:2021 10  8 21  4
 *** 3 PHASES CANT SOLVE SEQUENCE NO. 7394, ID NO.      7394
 *** ABANDON EVENT WITH ONLY 3 READINGS:2021 10  9  5 58
 *** 3 PHASES CANT SOLVE SEQUENCE NO. 7395, ID NO.      7395
 *** ABANDON EVENT WITH ONLY 3 READINGS:2021 10  9  7 54
  SEQ ---DATE--- TIME REMARK -LAT-  --LON-  DEPTH  RMS PMAG  NUM  ERH  ERZ  ID
 7396 2021-10- 9  4:57     - 55  1  161 42  21.33 0.17  0.0    7 14.6  5.2      7396
 7397 2021-10- 9  4:57     - 55  6  161 40   7.28 0.08  0.0    4  3.8 14.2      7397
 7398 2021-10- 9  6:00     - 54 60  162 12   1.07 0.12  0.0    5  1.3 15.4      7398
 7399 2021-10- 9 11:09     - 54 57  161 58   1.59 0.02  0.0    5  5.9  7.6      7399
 7400 2021-10- 9 15:06     - 54 35  161 49   2.42 0.26  0.0   11  9.3 19.6      7400
 7401 2021-10- 9 21:08     - 55  2  161 20  25.44 0.07  0.0    5 12.5  4.0      7401
 7402 2021-10- 9 21:08     - 54 53  160 38   3.01 0.34  0.0    5 27.5 29.6      7402
 *** DISTANCE & RESIDUAL WEIGHTING CANCELLED FOR EVENT: 2021 10  9 21 39
 7403 2021-10- 9 21:39     - 54 32  162 27   3.00 0.74  0.0    4 60.6 56.9      7403
 7404 2021-10-10  4:20     - 55 21  160 56  38.84 0.18  0.0    5 17.7 12.5      7404
 *** DISTANCE & RESIDUAL WEIGHTING CANCELLED FOR EVENT: 2021 10 10  4 21
 7405 2021-10-10  4:20     - 55 29  160 45  26.04 0.51  0.0    4 38.6 30.3      7405
 7406 2021-10-10  5:44     - 55  6  161 17   0.74 0.26  0.0    4 19.5 24.9      7406
 *** DISTANCE & RESIDUAL WEIGHTING CANCELLED FOR EVENT: 2021 10 10  5 45
 7407 2021-10-10  5:44     - 54 50  161 14  19.28 0.75  0.0    5 44.8 34.8      7407
 7408 2021-10-10  5:56     - 54 57  160 57  32.85 0.24  0.0    9 17.6 23.8      7408
 7409 2021-10-10  5:56     - 54 53  160 48   3.02 0.21  0.0    5 18.5 21.3      7409
 *** DISTANCE & RESIDUAL WEIGHTING CANCELLED FOR EVENT: 2021 10 10  8  0
 7410 2021-10-10  7:59     # 55 19  162  3  21.24 0.35  0.0    5  3.8 17.9      7410
  SEQ ---DATE--- TIME REMARK -LAT-  --LON-  DEPTH  RMS PMAG  NUM  ERH  ERZ  ID
 7411 2021-10-10 10:24     - 55 26  161 51   0.48 0.21  0.0    5  1.6 17.8      7411
 7412 2021-10-10 14:34     - 54 38  161 28   2.89 0.19  0.0    9  8.6 17.0      7412
 7413 2021-10-10 14:34     - 53 47  160 25   3.03 0.13  0.0    6 11.3 11.8      7413
 7414 2021-10-10 15:02     - 55 25  161 42   0.38 0.99  0.0    4 66.3 73.5      7414
 7415 2021-10-10 18:56     - 55 14  161 45  38.37 0.06  0.0    4  5.3  8.3      7415
 7416 2021-10-10 18:56       55 22  162  1  16.76 0.03  0.0    5  0.5  1.6      7416
 *** DISTANCE & RESIDUAL WEIGHTING CANCELLED FOR EVENT: 2021 10 10 19 13
 7417 2021-10-10 19:13     # 55 22  161 54   2.99 0.72  0.0    4 14.6 19.0      7417
 7418 2021-10-10 21:55     - 54 53  161 43   3.01 0.05  0.0    4 12.0 13.1      7418
 7419 2021-10-11  0:19     - 55  0  162 28   2.19 0.04  0.0    4  2.6 12.8      7419
 7420 2021-10-11  4:21       55 19  161 33   6.25 0.12  0.0    6  4.4  0.9      7420
 7421 2021-10-11  9:11       55 22  161 18  17.16 0.14  0.0    7  9.5  3.6      7421
 7422 2021-10-11  9:11     - 55 21  161 25   3.17 0.09  0.0    4  4.6 14.0      7422
 7423 2021-10-11  9:26     - 55 25  160 54  34.53 0.16  0.0    8 14.4 10.9      7423
 7424 2021-10-11  9:27     - 55 26  161 29  40.88 0.13  0.0    4 14.3  7.2      7424
 7425 2021-10-11 10:17     - 55 26  162 25  11.17 0.36  0.0    7  2.0 27.6      7425
 *** DISTANCE & RESIDUAL WEIGHTING CANCELLED FOR EVENT: 2021 10 11 12  9
  SEQ ---DATE--- TIME REMARK -LAT-  --LON-  DEPTH  RMS PMAG  NUM  ERH  ERZ  ID
 7426 2021-10-11 12:09     # 55 22  161 52   3.00 0.67  0.0    4  7.2 15.8      7426
 7427 2021-10-11 12:25     - 55  3  161 55  17.12 0.18  0.0    5 12.8  8.2      7427
 7428 2021-10-11 12:25     - 54 45  161 32  15.46 0.23  0.0    6 20.2  2.2      7428
 7429 2021-10-11 14:00     - 55 23  160 57  41.60 0.23  0.0   10 18.9  7.7      7429
 *** DISTANCE & RESIDUAL WEIGHTING CANCELLED FOR EVENT: 2021 10 11 14 34
 7430 2021-10-11 14:34     - 54 51  161 25  22.31 0.36  0.0    5 26.2 14.2      7430
 *** DISTANCE & RESIDUAL WEIGHTING CANCELLED FOR EVENT: 2021 10 11 14 34
 7431 2021-10-11 14:34     - 55  4  161 33   1.00 0.25  0.0    4 19.8  3.5      7431
 7432 2021-10-11 17:57     - 55 23  161  8  36.35 0.22  0.0   10 16.3  5.3      7432
 7433 2021-10-11 17:57       55 16  161 52   6.96 0.16  0.0    5  1.2  2.0      7433
 7434 2021-10-11 19:36     - 55 24  161  9  12.27 0.13  0.0    6 15.8 12.3      7434
 *** DISTANCE & RESIDUAL WEIGHTING CANCELLED FOR EVENT: 2021 10 11 19 37
 7435 2021-10-11 19:37     - 55 20  161 46   2.72 0.02  0.0    4  7.5  6.6      7435
 7436 2021-10-11 19:40     - 55 39  160  5   3.00 0.25  0.0    8 20.9 24.0      7436
 7437 2021-10-11 19:41       55 14  161 52   7.23 0.00  0.0    4  2.2  4.4      7437
 *** DISTANCE & RESIDUAL WEIGHTING CANCELLED FOR EVENT: 2021 10 11 19 41
 7438 2021-10-11 19:41     # 55 24  161 43   1.16 0.43  0.0    5 11.1 11.4      7438
 7439 2021-10-12  0:54       55 25  161 26  22.33 0.21  0.0    7  6.6  4.9      7439
 7440 2021-10-12  0:57     - 54 59  161 30  22.63 0.23  0.0    6 19.1  5.9      7440
  SEQ ---DATE--- TIME REMARK -LAT-  --LON-  DEPTH  RMS PMAG  NUM  ERH  ERZ  ID
 7441 2021-10-12  0:58     - 55  6  161 55   0.95 0.10  0.0    6  3.6 10.7      7441
 7442 2021-10-12  3:54     - 55 12  161 28   0.72 0.11  0.0    4  2.3 15.5      7442
 7443 2021-10-12  4:42     - 55 26  161 43  12.19 0.09  0.0    6  8.4  8.9      7443
 7444 2021-10-12  4:42     - 55 12  161 44   0.01 0.34  0.0    5  6.6 29.7      7444
 7445 2021-10-12  5:07     - 54 47  161 11  29.54 0.13  0.0   10 11.9  1.9      7445
 7446 2021-10-12  5:07     - 54 45  161  9  29.97 0.15  0.0    8 13.8  2.2      7446
 7447 2021-10-12  9:44     - 55  2  161 36  26.43 0.13  0.0    7 11.9  4.7      7447
 7448 2021-10-12  9:44     - 54 38  160 57  34.21 0.30  0.0    8 20.8 27.3      7448
 *** DISTANCE & RESIDUAL WEIGHTING CANCELLED FOR EVENT: 2021 10 12 10 19
 7449 2021-10-12 10:18     # 55 14  161 31  19.19 0.84  0.0    4 25.5 20.9      7449
 7450 2021-10-12 11:12     - 54 59  162 15   2.56 0.02  0.0    4  7.1  6.3      7450
 7451 2021-10-12 11:12     - 54 60  162 15   1.33 0.09  0.0    5  1.8 13.7      7451
 *** DISTANCE & RESIDUAL WEIGHTING CANCELLED FOR EVENT: 2021 10 12 14 15
 7452 2021-10-12 14:15     # 55 20  161 56   0.78 0.68  0.0    5  4.7 26.3      7452
 7453 2021-10-12 18:48     - 55 17  161  8   0.23 0.03  0.0    4  9.5 12.7      7453
 7454 2021-10-12 19:05     - 55 24  161  4  46.58 0.21  0.0    9 17.7  7.3      7454
 7455 2021-10-12 19:06       55 18  161 56  15.31 0.01  0.0    4  2.5  1.1      7455
  SEQ ---DATE--- TIME REMARK -LAT-  --LON-  DEPTH  RMS PMAG  NUM  ERH  ERZ  ID
 7456 2021-10-12 20:41     - 54 47  161  8  33.88 0.24  0.0    7 17.6 19.0      7456
 7457 2021-10-12 20:42     - 54 52  161 11  18.02 0.09  0.0    6  7.8 12.1      7457
 7458 2021-10-13  0:26     - 54 53  161 13  23.84 0.21  0.0   10 18.9  9.8      7458
 7459 2021-10-13  0:26     - 54 43  160 46  27.64 0.41  0.0   11 26.9  5.4      7459
 7460 2021-10-13  1:36     - 54 54  161 21  24.84 0.19  0.0    7 18.0  7.1      7460
 7461 2021-10-13  1:36     - 54 56  161 41   0.04 0.39  0.0    5 25.7  8.5      7461
 7462 2021-10-13  2:01     - 54 59  161 34  23.14 0.15  0.0    6 13.0  3.6      7462
 *** DISTANCE & RESIDUAL WEIGHTING CANCELLED FOR EVENT: 2021 10 13  2  2
 7463 2021-10-13  2:01     - 54 53  161 11  14.30 0.60  0.0    6 43.2  7.2      7463
 7464 2021-10-13  3:05     - 55 14  160 57   2.98 0.33  0.0    6 26.6 29.8      7464
 7465 2021-10-13  3:05     - 55 48  162 12  17.12 0.07  0.0    5  7.5 10.7      7465
 7466 2021-10-13  5:25       54 60  162 17   6.06 0.02  0.0    5  2.8  2.3      7466
 7467 2021-10-13  5:25     - 54 60  162 16   2.60 0.17  0.0    4  3.7 16.3      7467
 7468 2021-10-13  6:06     - 55 22  163  4   2.85 0.49  0.0    5 18.3 36.9      7468
 7469 2021-10-13  7:26     - 55  9  161 55   2.61 0.04  0.0    4  5.8  9.8      7469
 7470 2021-10-13 11:35     - 55 25  161 10  26.89 0.20  0.0    5 17.2 10.7      7470
  SEQ ---DATE--- TIME REMARK -LAT-  --LON-  DEPTH  RMS PMAG  NUM  ERH  ERZ  ID
 7471 2021-10-13 11:34     - 55  3  160 54  33.68 0.06  0.0    7  4.9 12.7      7471
 7472 2021-10-13 11:35     - 54 55  160 56   3.01 0.14  0.0    4 12.7 16.9      7472
 7473 2021-10-13 13:09     - 55 10  161 49  25.20 0.09  0.0    4 11.7  6.5      7473
 *** DISTANCE & RESIDUAL WEIGHTING CANCELLED FOR EVENT: 2021 10 13 15 54
 7474 2021-10-13 15:54     - 55 25  161 48  23.38 0.16  0.0    4 10.7  9.8      7474
 7475 2021-10-13 17:58     - 54 40  161 49   2.92 0.21  0.0   12  7.9 16.5      7475
 7476 2021-10-14  1:13     - 55 30  160 40   3.02 0.13  0.0    7 10.3 16.2      7476
 7477 2021-10-14  1:14     - 55 30  160 17   3.01 0.35  0.0    4 27.9 29.4      7477
 *** DISTANCE & RESIDUAL WEIGHTING CANCELLED FOR EVENT: 2021 10 14  1 23
 7478 2021-10-14  1:23     - 55  3  161 48   0.18 0.47  0.0    4 32.4  7.0      7478
 7479 2021-10-14  1:23     - 54 58  161 42  16.33 0.09  0.0    4 10.1  0.6      7479
 7480 2021-10-14  1:49     - 55 21  161 49   0.01 0.98  0.0    5 17.3 67.0      7480
 7481 2021-10-14  2:34     - 55 24  160 12   3.01 0.43  0.0    9 28.6 33.6      7481
 7482 2021-10-14  2:34     - 55 13  160 47  30.26 0.19  0.0    8 16.4  2.0      7482
 *** DISTANCE & RESIDUAL WEIGHTING CANCELLED FOR EVENT: 2021 10 14  5 15
 7483 2021-10-14  5:15     # 55 41  162  8   3.00 0.42  0.0    4 17.6  6.4      7483
 *** DISTANCE & RESIDUAL WEIGHTING CANCELLED FOR EVENT: 2021 10 14  5 16
 7484 2021-10-14  5:16     - 55 23  161 53   3.22 0.19  0.0    4 12.3 16.3      7484
 7485 2021-10-14 13:04       55 13  161 40   3.83 0.02  0.0    5  2.9  1.3      7485
  SEQ ---DATE--- TIME REMARK -LAT-  --LON-  DEPTH  RMS PMAG  NUM  ERH  ERZ  ID
 7486 2021-10-14 13:54     - 54 39  161 25   3.09 0.19  0.0   15  6.8 14.2      7486
 7487 2021-10-14 14:10     - 55 26  161 50   1.74 0.05  0.0    5  1.2 12.3      7487
 7488 2021-10-14 15:23     - 55  9  161 25   4.72 0.12  0.0    4  6.8 14.7      7488
 7489 2021-10-14 15:28     - 54 47  161 38   2.99 0.22  0.0    4 17.5 21.8      7489
 7490 2021-10-14 15:59       55 23  161 56   6.92 0.10  0.0    6  1.2  4.7      7490
 *** DISTANCE & RESIDUAL WEIGHTING CANCELLED FOR EVENT: 2021 10 14 18  6
 7491 2021-10-14 18:05     # 55 20  161 29   8.63 0.44  0.0    5  6.1 24.4      7491
 7492 2021-10-14 18:10       55 26  161 37  10.23 0.09  0.0    8  1.0  1.6      7492
 7493 2021-10-14 19:01     - 55 31  160 51   3.00 0.24  0.0    5 22.3 22.9      7493
 *** DISTANCE & RESIDUAL WEIGHTING CANCELLED FOR EVENT: 2021 10 14 19  2
 7494 2021-10-14 19:02     - 55 15  161 51   1.52 0.48  0.0    4  4.4 30.6      7494
 7495 2021-10-14 19:30     - 55 13  163 22   5.03 0.30  0.0    6 12.6 24.8      7495
 7496 2021-10-14 19:30     - 54 32  161 25   1.03 0.32  0.0   10 13.3 25.7      7496
 7497 2021-10-14 19:44     - 54 30  161 49   3.02 0.17  0.0   13  7.6 16.2      7497
 7498 2021-10-14 20:04     - 54 31  162  3   4.03 0.40  0.0   13 14.7 31.9      7498
 7499 2021-10-14 20:21     - 54 45  162 38   0.30 0.10  0.0    4  6.5 15.1      7499
 7500 2021-10-14 20:29     - 54 46  160 59   2.02 0.10  0.0    7  6.3 13.4      7500
  SEQ ---DATE--- TIME REMARK -LAT-  --LON-  DEPTH  RMS PMAG  NUM  ERH  ERZ  ID
 7501 2021-10-14 20:51     - 55  5  162  4   0.09 0.17  0.0   15  0.6 13.7      7501
 7502 2021-10-14 21:35       54 55  162 13   2.43 0.01  0.0    5  2.5  1.8      7502
 7503 2021-10-14 21:35     - 54 57  162 13   0.74 0.12  0.0    4  2.0 15.8      7503
 7504 2021-10-15  0:17       55 13  161 25   4.18 0.04  0.0    5  1.7  1.1      7504
 7505 2021-10-15  2:46     - 55 30  161 25   9.04 0.17  0.0    5 17.6 14.7      7505
 7506 2021-10-15  2:46     - 55 26  162 13   5.93 0.11  0.0    4  4.6 10.3      7506
 7507 2021-10-15  2:51     - 55 26  161  9  13.33 0.20  0.0    5 20.2 15.6      7507
 7508 2021-10-15  2:51     - 55 30  162 25  40.22 0.05  0.0    5  6.1  8.6      7508
 *** DISTANCE & RESIDUAL WEIGHTING CANCELLED FOR EVENT: 2021 10 15  2 51
 7509 2021-10-15  2:51     - 55 39  161 22  54.41 0.26  0.0    4 15.7  9.8      7509
 *** DISTANCE & RESIDUAL WEIGHTING CANCELLED FOR EVENT: 2021 10 15  5 12
 7510 2021-10-15  5:12     # 55 26  162  6   3.00 0.49  0.0    4 16.5  8.8      7510
 *** DISTANCE & RESIDUAL WEIGHTING CANCELLED FOR EVENT: 2021 10 15  6 13
 7511 2021-10-15  6:13     - 54 29  162 27   3.00 0.42  0.0    4 35.9 33.5      7511
 7512 2021-10-15  8:18     - 55  3  163 25   1.96 0.45  0.0    6 17.0 35.5      7512
 7513 2021-10-15  8:18       55 16  161 47   1.75 0.43  0.0    8  4.9 15.0      7513
 7514 2021-10-15  8:19     - 55  5  163 27   1.49 0.50  0.0   10 17.8 37.7      7514
 7515 2021-10-15  9:49     - 54 60  162 15   2.95 0.01  0.0    4  2.7 12.1      7515
  SEQ ---DATE--- TIME REMARK -LAT-  --LON-  DEPTH  RMS PMAG  NUM  ERH  ERZ  ID
 7516 2021-10-15  9:49       54 59  162 19   7.95 0.01  0.0    4  3.9  5.2      7516
 7517 2021-10-15 15:23     - 55 37  163  2   3.08 0.05  0.0    4  5.6 11.8      7517
 7518 2021-10-15 17:05       55 26  161 36  10.30 0.00  0.0    4  2.4  3.2      7518
 *** DISTANCE & RESIDUAL WEIGHTING CANCELLED FOR EVENT: 2021 10 15 17 18
 7519 2021-10-15 17:18     - 55 19  161 57   3.00 0.47  0.0    4 30.8 10.4      7519
 7520 2021-10-15 17:18     - 55 25  161 17  46.34 0.22  0.0    8 18.2  9.1      7520
 *** DISTANCE & RESIDUAL WEIGHTING CANCELLED FOR EVENT: 2021 10 15 17 19
 7521 2021-10-15 17:19     # 55 22  161 44   2.98 0.70  0.0    5 12.1  6.8      7521
 7522 2021-10-16  4:28       55 22  160 60  20.96 0.05  0.0    5  4.5  8.9      7522
 *** DISTANCE & RESIDUAL WEIGHTING CANCELLED FOR EVENT: 2021 10 16  4 29
 7523 2021-10-16  4:28     # 55 16  161 46   0.81 0.76  0.0    4 15.2  6.8      7523
 7524 2021-10-16  6:16     - 55 21  160 30   2.54 0.23  0.0    9  9.2 20.2      7524
 7525 2021-10-16  6:22     - 54 56  161 42   3.19 0.15  0.0    5  9.2 16.3      7525
 *** DISTANCE & RESIDUAL WEIGHTING CANCELLED FOR EVENT: 2021 10 16  7 37
 7526 2021-10-16  7:37     - 55 11  161 55   2.81 0.30  0.0    4  6.4 24.5      7526
 7527 2021-10-16  7:38       54 60  161 49   4.83 0.00  0.0    4  2.3  1.8      7527
 7528 2021-10-16  7:59     - 55 22  162 17   3.07 0.09  0.0    4  1.6 14.3      7528
 7529 2021-10-16  9:27     - 55 26  161 47   1.45 0.03  0.0    5  1.8  9.7      7529
 7530 2021-10-16  9:36       55 23  161 33   5.85 0.03  0.0    5  2.2  1.2      7530
  SEQ ---DATE--- TIME REMARK -LAT-  --LON-  DEPTH  RMS PMAG  NUM  ERH  ERZ  ID
 7531 2021-10-16  9:42     - 55 15  161 42   0.95 0.11  0.0    4  1.8 15.4      7531
 7532 2021-10-16  9:53     - 55 26  161 37   6.51 0.21  0.0    4 16.4 14.4      7532
 7533 2021-10-16 10:05       55 26  161 40  13.10 0.08  0.0    6  2.2  1.8      7533
 *** DISTANCE & RESIDUAL WEIGHTING CANCELLED FOR EVENT: 2021 10 16 10 40
 7534 2021-10-16 10:40     # 55 21  161 40   0.74 0.82  0.0    5  8.1 47.6      7534
 7535 2021-10-16 10:50       55 23  161 50  15.21 0.15  0.0    7  1.6  1.7      7535
 7536 2021-10-16 10:54     - 54 59  161 37  23.98 0.14  0.0    7 12.1  3.6      7536
 7537 2021-10-16 10:54     - 54 46  161  9  32.69 0.46  0.0    8 32.9 39.8      7537
 7538 2021-10-16 14:19     - 55 28  161 57   3.39 0.10  0.0    4  2.7 12.7      7538
 *** DISTANCE & RESIDUAL WEIGHTING CANCELLED FOR EVENT: 2021 10 16 14 20
 7539 2021-10-16 14:20     - 55 16  161 45   2.97 0.26  0.0    4  7.0 24.1      7539
 7540 2021-10-16 14:30     - 55 25  161 18  40.39 0.17  0.0    7 12.7  5.3      7540
 7541 2021-10-16 15:59     - 55 24  161 58  19.58 0.02  0.0    4  3.3 12.3      7541
 7542 2021-10-16 16:09     - 55 10  160 11   3.00 0.26  0.0    6 21.9 25.1      7542
 7543 2021-10-16 16:09     - 55 20  160 58  52.77 0.08  0.0    5 13.1  4.8      7543
 7544 2021-10-16 17:35       55 24  161 33   3.91 0.05  0.0    5  1.9  5.8      7544
 7545 2021-10-16 17:46     - 55 24  161 27   2.43 0.05  0.0    4  3.5 13.0      7545
  SEQ ---DATE--- TIME REMARK -LAT-  --LON-  DEPTH  RMS PMAG  NUM  ERH  ERZ  ID
 7546 2021-10-16 17:48     - 55 45  161  7   3.02 0.22  0.0    7 20.0 22.3      7546
 7547 2021-10-16 21:00       54 32  162 15  57.40 0.10  0.0    6  8.2  5.4      7547
 *** DISTANCE & RESIDUAL WEIGHTING CANCELLED FOR EVENT: 2021 10 16 22 44
 7548 2021-10-16 22:43     - 55  5  162 32   3.00 0.38  0.0    4 14.4 31.1      7548
 7549 2021-10-16 22:51     - 55 35  162  8  20.18 0.14  0.0    4 15.5  7.2      7549
 *** 3 PHASES CANT SOLVE SEQUENCE NO. 7550, ID NO.      7550
 *** ABANDON EVENT WITH ONLY 3 READINGS:2021 10 17 14 18
 7551 2021-10-17 15:01     - 55 18  161 54   0.85 1.03  0.0    4 45.9 63.4      7551
 7552 2021-10-17 16:25     - 54 44  163 31   3.00 0.02  0.0    4  5.3 11.5      7552
 7553 2021-10-17 19:27     - 55  6  160 60   3.40 0.33  0.0   11 11.7 25.4      7553
 7554 2021-10-17 19:32     - 55 12  161 53   2.71 0.09  0.0    4  3.6 12.6      7554
 *** DISTANCE & RESIDUAL WEIGHTING CANCELLED FOR EVENT: 2021 10 17 23 36
 7555 2021-10-17 23:36     - 55 22  162  0   3.00 0.70  0.0    4 23.4 54.4      7555
 *** DISTANCE & RESIDUAL WEIGHTING CANCELLED FOR EVENT: 2021 10 17 23 36
 7556 2021-10-17 23:36     - 55 20  161 44   3.33 0.46  0.0    4 16.0 28.5      7556
 *** DISTANCE & RESIDUAL WEIGHTING CANCELLED FOR EVENT: 2021 10 18  4 12
 7557 2021-10-18  4:12     - 55 23  161 54   1.19 0.35  0.0    4  3.1 22.6      7557
 *** DISTANCE & RESIDUAL WEIGHTING CANCELLED FOR EVENT: 2021 10 18  4 13
 7558 2021-10-18  4:13     - 55 11  160 55   3.00 0.77  0.0    4 27.6 59.4      7558
 7559 2021-10-18 11:13       55 21  161 39  17.20 0.01  0.0    4  3.3  3.1      7559
 *** DISTANCE & RESIDUAL WEIGHTING CANCELLED FOR EVENT: 2021 10 18 13 43
 7560 2021-10-18 13:43     - 55  2  163 39   3.00 0.39  0.0    4 14.7 31.8      7560
 *** DISTANCE & RESIDUAL WEIGHTING CANCELLED FOR EVENT: 2021 10 18 14 51
  SEQ ---DATE--- TIME REMARK -LAT-  --LON-  DEPTH  RMS PMAG  NUM  ERH  ERZ  ID
 7561 2021-10-18 14:51     - 55 18  162 56   3.00 0.69  0.0    4 24.3 51.6      7561
 7562 2021-10-18 15:00     - 55  5  162  5   6.06 0.03  0.0    5  9.7  7.1      7562
 7563 2021-10-18 20:17       55 21  161 37  27.50 0.00  0.0    4  4.1  2.6      7563
 7564 2021-10-18 20:24       54 53  162 10   0.13 0.05  0.0    9  0.8  2.2      7564
 *** DISTANCE & RESIDUAL WEIGHTING CANCELLED FOR EVENT: 2021 10 18 20 25
 7565 2021-10-18 20:24     - 55 22  163  9   3.00 0.47  0.0    4 25.6 37.9      7565
 7566 2021-10-18 20:24     - 54 44  161 54   3.01 0.12  0.0    4 13.8 14.5      7566
 7567 2021-10-18 22:23     - 55 24  161 33   2.26 0.01  0.0    4  1.8  9.5      7567
 *** DISTANCE & RESIDUAL WEIGHTING CANCELLED FOR EVENT: 2021 10 19  2 43
 7568 2021-10-19  2:43     - 55 10  163 37   3.00 0.59  0.0    5 20.8 45.6      7568
 7569 2021-10-19  3:03     - 54 56  161 14  31.84 0.03  0.0    4 11.2  1.4      7569
 7570 2021-10-19  4:56       55 23  161 34   4.36 0.00  0.0    4  2.7  7.2      7570
 *** DISTANCE & RESIDUAL WEIGHTING CANCELLED FOR EVENT: 2021 10 19  5  2
 7571 2021-10-19  5:02     # 55 23  161 56   1.35 0.66  0.0    4  3.2 36.0      7571
 *** DISTANCE & RESIDUAL WEIGHTING CANCELLED FOR EVENT: 2021 10 19  5  2
 7572 2021-10-19  5:02     - 55 12  161 35   3.26 0.46  0.0    4 14.9 40.2      7572
 7573 2021-10-19  9:55     # 54 56  161 32   0.02 0.86  0.0    5  8.1  7.4      7573
 7574 2021-10-19 18:19     - 55 24  161 19  33.48 0.18  0.0    4 16.9  6.3      7574
 7575 2021-10-19 20:26     - 55 31  160 51  22.54 0.16  0.0    7  5.8 16.1      7575
  SEQ ---DATE--- TIME REMARK -LAT-  --LON-  DEPTH  RMS PMAG  NUM  ERH  ERZ  ID
 7576 2021-10-19 20:34     - 55  5  161 23   0.19 0.18  0.0    5 17.9  4.4      7576
 7577 2021-10-19 20:34     - 55 17  161 35   2.60 0.09  0.0    4 11.3  8.9      7577
 *** DISTANCE & RESIDUAL WEIGHTING CANCELLED FOR EVENT: 2021 10 19 20 36
 7578 2021-10-19 20:35     - 55 32  161  4   2.99 0.65  0.0    4 29.8 50.4      7578
 7579 2021-10-19 20:46       55 22  161 40  18.89 0.06  0.0    5  2.5  1.5      7579
 7580 2021-10-19 20:57     - 55 25  161 56   0.00 0.27  0.0    4  3.1 18.5      7580
 7581 2021-10-19 21:04     - 55 18  161 39   1.41 0.13  0.0    4  4.0 13.2      7581
 *** DISTANCE & RESIDUAL WEIGHTING CANCELLED FOR EVENT: 2021 10 19 21 21
 7582 2021-10-19 21:21     # 55  4  162  3   2.62 0.14  0.0    4  3.3  9.7      7582
 7583 2021-10-19 21:56     - 55 11  163 34   2.95 0.05  0.0    4  5.5 12.0      7583
 *** DISTANCE & RESIDUAL WEIGHTING CANCELLED FOR EVENT: 2021 10 20  0 16
 7584 2021-10-20  0:16     - 55 28  161 53   1.41 0.27  0.0    4  3.2 21.0      7584
 7585 2021-10-20  3:01       55 23  161 41  15.88 0.17  0.0    7  2.8  1.1      7585
 *** DISTANCE & RESIDUAL WEIGHTING CANCELLED FOR EVENT: 2021 10 20  3 22
 7586 2021-10-20  3:21     - 55 30  161 44   3.00 0.28  0.0    4  8.3 25.0      7586
 7587 2021-10-20  3:43       55 22  161 41   8.55 0.00  0.0    4  3.9  3.0      7587
 7588 2021-10-20  5:26       55 24  161 35   6.24 0.00  0.0    4  2.4  0.9      7588
 *** DISTANCE & RESIDUAL WEIGHTING CANCELLED FOR EVENT: 2021 10 20  5 48
 7589 2021-10-20  5:48     # 55 22  161 48   3.00 1.23  0.0    4 10.0 37.8      7589
 7590 2021-10-20  9:45     - 55 27  160 52  29.24 0.11  0.0    6 15.1 11.9      7590
  SEQ ---DATE--- TIME REMARK -LAT-  --LON-  DEPTH  RMS PMAG  NUM  ERH  ERZ  ID
 7591 2021-10-20  9:45     - 55 24  160 58   2.89 0.09  0.0    5  8.7 14.6      7591
 7592 2021-10-20 10:35       55 22  161 48  16.47 0.13  0.0    6  2.7  1.1      7592
 *** DISTANCE & RESIDUAL WEIGHTING CANCELLED FOR EVENT: 2021 10 20 10 56
 7593 2021-10-20 10:56     - 55 19  161 42   0.17 0.51  0.0    4  5.3 42.0      7593
 7594 2021-10-20 11:04     - 55 24  161 31   2.18 0.02  0.0    5  1.7 10.6      7594
 7595 2021-10-20 12:41       55 26  161 45   5.79 0.06  0.0    6  1.5  2.3      7595
 *** DISTANCE & RESIDUAL WEIGHTING CANCELLED FOR EVENT: 2021 10 20 12 50
 7596 2021-10-20 12:50     # 55 20  161 44  12.38 0.42  0.0    4  9.2  2.6      7596
 7597 2021-10-20 20:32     - 55 21  161 44   0.38 0.25  0.0    4 23.3 14.8      7597
 7598 2021-10-20 20:33     # 55 22  162  2   0.02 0.14  0.0    4  1.3 10.4      7598
 7599 2021-10-20 20:37     - 55 23  161 51   0.32 0.09  0.0    4  1.1 12.1      7599
 *** DISTANCE & RESIDUAL WEIGHTING CANCELLED FOR EVENT: 2021 10 21  0  0
 7600 2021-10-20 23:59     - 55 19  162  9   2.93 0.30  0.0    4  3.0 27.4      7600
 *** DISTANCE & RESIDUAL WEIGHTING CANCELLED FOR EVENT: 2021 10 21  1 55
 7601 2021-10-21  1:55     # 55 21  161 41   4.89 0.25  0.0    4  7.0  3.9      7601
 7602 2021-10-21  2:07     - 54 41  160 45   2.97 0.17  0.0   18  7.3 15.4      7602
 7603 2021-10-21  6:32     - 55  2  161 21  23.28 0.24  0.0    8 17.7  7.4      7603
 7604 2021-10-21  6:33     - 55  2  161 30  22.16 0.08  0.0    4 13.7  2.5      7604
 *** DISTANCE & RESIDUAL WEIGHTING CANCELLED FOR EVENT: 2021 10 21  8  0
 7605 2021-10-21  7:59     - 55 22  162 11   3.00 0.45  0.0    6  3.5 31.3      7605
  SEQ ---DATE--- TIME REMARK -LAT-  --LON-  DEPTH  RMS PMAG  NUM  ERH  ERZ  ID
 7606 2021-10-21  8:25     - 55 17  161 12   5.84 0.33  0.0   11 10.8 22.8      7606
 7607 2021-10-21 10:18     - 55 28  161 50   2.62 0.11  0.0    5  4.4 14.6      7607
 7608 2021-10-21 11:00     - 55 27  161 51   0.49 0.11  0.0    4  1.8 15.4      7608
 *** DISTANCE & RESIDUAL WEIGHTING CANCELLED FOR EVENT: 2021 10 21 11  0
 7609 2021-10-21 11:00     # 55 32  162  5   1.50 0.80  0.0    6 12.6 45.7      7609
 7610 2021-10-21 11:07       55 22  161 46  14.96 0.12  0.0    7  2.4  1.9      7610
 7611 2021-10-21 11:07     - 55 15  161 48   2.76 0.10  0.0    4  4.5 14.2      7611
 7612 2021-10-21 12:32     # 55 21  162 10  26.63 1.62  0.0    9 11.7 28.8      7612
 7613 2021-10-21 13:18       55 25  161 51  14.45 0.14  0.0    9  1.5  1.6      7613
 *** DISTANCE & RESIDUAL WEIGHTING CANCELLED FOR EVENT: 2021 10 21 17 50
 7614 2021-10-21 17:50     - 55 29  162 23  12.99 0.88  0.0    4 28.8 51.0      7614
 7615 2021-10-22  0:11     - 55  8  163 34   1.39 0.12  0.0    5  6.8 14.5      7615
 7616 2021-10-22  7:18     - 55 12  161  9   2.99 0.18  0.0    5 18.5 19.6      7616
 7617 2021-10-22  7:18     - 55  6  161  9   2.99 0.11  0.0    4 13.8 14.7      7617
 *** DISTANCE & RESIDUAL WEIGHTING CANCELLED FOR EVENT: 2021 10 22  7 32
 7618 2021-10-22  7:32     # 55 26  161 49   3.28 0.71  0.0    4  5.2 32.2      7618
 *** DISTANCE & RESIDUAL WEIGHTING CANCELLED FOR EVENT: 2021 10 22  7 32
 7619 2021-10-22  7:32     - 55 12  161 42   3.00 0.94  0.0    4 20.6 77.6      7619
 *** 3 PHASES CANT SOLVE SEQUENCE NO. 7620, ID NO.      7620
 *** ABANDON EVENT WITH ONLY 3 READINGS:2021 10 22 13 49
  SEQ ---DATE--- TIME REMARK -LAT-  --LON-  DEPTH  RMS PMAG  NUM  ERH  ERZ  ID
 7621 2021-10-22 18:36     - 54 54  162 13   3.07 0.03  0.0    5  1.6 12.0      7621
 *** DISTANCE & RESIDUAL WEIGHTING CANCELLED FOR EVENT: 2021 10 22 20 12
 7622 2021-10-22 20:12     - 55 30  162 14   2.98 0.55  0.0    4 32.5 31.7      7622
 *** DISTANCE & RESIDUAL WEIGHTING CANCELLED FOR EVENT: 2021 10 22 16 11
 7623 2021-10-22 16:11     - 55 12  161 37   6.73 1.42  0.0    4 30.5 98.9      7623
 7624 2021-10-22 23:51     - 54 57  162 56   6.56 0.32  0.0    7  5.0 29.8      7624
 *** 3 PHASES CANT SOLVE SEQUENCE NO. 7625, ID NO.      7625
 *** ABANDON EVENT WITH ONLY 3 READINGS:2021 10 23 12 42
 7626 2021-10-23 20:58     - 54 55  161  8  30.44 0.22  0.0   10 18.3  1.9      7626
 7627 2021-10-23 20:59     - 55  6  161 15   4.63 0.20  0.0    5 15.5 20.7      7627
 7628 2021-10-23 23:03     - 55 23  161 44  20.10 0.09  0.0    4 10.9  9.0      7628
 7629 2021-10-24  5:21     - 55 16  162 58   3.12 0.27  0.0    5  7.9 20.6      7629
 7630 2021-10-24  7:59     - 55 27  161 53   2.99 0.05  0.0    4  1.6 10.7      7630
 7631 2021-10-24 10:13     - 54 59  161 36  21.93 0.03  0.0    4  9.4  2.1      7631
 7632 2021-10-24 14:23     - 56 11  162 36   2.49 0.18  0.0    4  8.3 17.8      7632
 7633 2021-10-24 14:30       54 53  162 12   1.53 0.06  0.0    7  4.0  2.6      7633
 7634 2021-10-24 14:30     - 54 33  162 29   3.02 0.07  0.0    4 11.7 12.3      7634
 *** DISTANCE & RESIDUAL WEIGHTING CANCELLED FOR EVENT: 2021 10 24 19 12
 7635 2021-10-24 19:11     - 56 19  161 42   2.99 0.74  0.0    4 47.2 56.9      7635
 *** DISTANCE & RESIDUAL WEIGHTING CANCELLED FOR EVENT: 2021 10 24 23  9
  SEQ ---DATE--- TIME REMARK -LAT-  --LON-  DEPTH  RMS PMAG  NUM  ERH  ERZ  ID
 7636 2021-10-24 23:08     - 55  9  161 10   2.99 0.46  0.0    4 34.6 40.4      7636
 *** DISTANCE & RESIDUAL WEIGHTING CANCELLED FOR EVENT: 2021 10 24 23  9
 7637 2021-10-24 23:09     - 55  3  161 13   3.00 0.65  0.0    4 43.1 55.4      7637
 7638 2021-10-24 23:13     - 54 60  161 26  28.90 0.21  0.0    5 17.9  9.7      7638
 7639 2021-10-24 23:14     - 54 43  161  7   3.01 0.19  0.0    4 17.8 19.4      7639
 7640 2021-10-24 23:59     - 55 25  161 58   2.99 0.12  0.0    5  1.5 13.7      7640
 7641 2021-10-25  7:18     - 55 13  163 24   0.01 0.79  0.0   12 27.8 57.6      7641
 7642 2021-10-25  7:59     - 55 18  161 49  60.48 0.11  0.0    7  5.9 13.3      7642
 7643 2021-10-25  8:37     - 55  7  163 22   2.83 0.39  0.0    6 15.3 31.3      7643
 7644 2021-10-25  8:37     - 54 32  161 28   4.02 0.14  0.0    8  9.5 10.9      7644
 7645 2021-10-25 13:19     - 55  5  162  4   0.06 0.13  0.0   12  0.6 13.5      7645
 7646 2021-10-25 16:44       55  4  162  4   3.06 0.04  0.0    7  0.9  4.4      7646
 *** DISTANCE & RESIDUAL WEIGHTING CANCELLED FOR EVENT: 2021 10 25 17 40
 7647 2021-10-25 17:40     - 55 28  161 30  24.04 0.21  0.0    5 15.2  9.4      7647
 7648 2021-10-25 21:55     - 54 55  160 15   3.02 0.18  0.0    8 17.8 19.6      7648
 7649 2021-10-25 21:55     - 55  6  160 54  33.00 0.14  0.0    7 10.8 17.0      7649
 7650 2021-10-25 23:46     - 54 53  160 51  32.98 0.23  0.0   11 17.4 23.1      7650
  SEQ ---DATE--- TIME REMARK -LAT-  --LON-  DEPTH  RMS PMAG  NUM  ERH  ERZ  ID
 7651 2021-10-25 23:46     - 54 50  160 44  26.02 0.14  0.0    9 12.1  2.9      7651
 *** DISTANCE & RESIDUAL WEIGHTING CANCELLED FOR EVENT: 2021 10 26 15 10
 7652 2021-10-26 15:10     - 55  4  162 40   2.34 0.87  0.0    4  8.3 72.9      7652
 *** DISTANCE & RESIDUAL WEIGHTING CANCELLED FOR EVENT: 2021 10 26  8 54
 7653 2021-10-26  8:54     - 55 16  161 34   2.19 0.45  0.0    6  5.1 29.9      7653
 7654 2021-10-26 10:53     - 55  9  163 16   6.49 0.22  0.0    8  9.0 18.9      7654
 7655 2021-10-26 10:53     - 54 26  162 25   3.01 0.17  0.0    6 16.4 17.2      7655
 7656 2021-10-26 15:57     - 55 27  161 55   2.74 0.18  0.0    5  3.6 17.7      7656
 *** DISTANCE & RESIDUAL WEIGHTING CANCELLED FOR EVENT: 2021 10 26 20 11
 7657 2021-10-26 20:11     - 55  3  161  9  18.25 0.51  0.0    4 38.7 39.9      7657
 7658 2021-10-26 20:49     - 55 16  161 34   0.78 0.03  0.0    4  2.2 12.7      7658
 *** DISTANCE & RESIDUAL WEIGHTING CANCELLED FOR EVENT: 2021 10 26 21 10
 7659 2021-10-26 21:09     - 55 30  160 21   2.97 0.20  0.0    4 13.2 18.9      7659
 7660 2021-10-26 22:10     - 54 27  161 34   2.96 0.27  0.0    8 10.6 22.9      7660
 7661 2021-10-26 23:30     - 54 32  161 35   2.88 0.45  0.0    5 15.3 33.6      7661
 7662 2021-10-26 23:59     - 55 27  161 52   3.00 0.05  0.0    4  1.6 11.0      7662
 7663 2021-10-27  0:00     - 54 26  161 36   2.60 0.36  0.0    8 13.3 28.1      7663
 7664 2021-10-27  0:29     - 54 41  163 35   2.99 0.12  0.0    4  8.9 14.6      7664
 7665 2021-10-27  2:51       54 55  162 12   2.28 0.05  0.0    7  1.5  2.1      7665
  SEQ ---DATE--- TIME REMARK -LAT-  --LON-  DEPTH  RMS PMAG  NUM  ERH  ERZ  ID
 7666 2021-10-27  2:52     - 54 54  162  9   0.52 0.02  0.0    5 11.8  1.2      7666
 7667 2021-10-27  3:08       54 55  162 11   0.97 0.04  0.0    7  1.6  2.0      7667
 7668 2021-10-27  3:08       54 52  162 12   0.28 0.21  0.0    7  4.6  2.2      7668
 7669 2021-10-27  6:59     - 55 10  163 10   3.33 0.73  0.0   11 20.2 42.0      7669
 *** DISTANCE & RESIDUAL WEIGHTING CANCELLED FOR EVENT: 2021 10 27  8  0
 7670 2021-10-27  7:59     # 55 24  161 58   3.01 0.73  0.0    4  5.3 38.0      7670
 7671 2021-10-27  8:30     - 55  7  163 24   0.24 0.60  0.0    7 21.8 45.5      7671
 7672 2021-10-27  8:30     - 55 24  161 55  24.30 0.54  0.0    6  7.4 34.1      7672
 7673 2021-10-27 10:06     - 55  5  162  5   0.19 0.19  0.0   12  0.7 15.3      7673
 7674 2021-10-27 10:13       55  5  162  4   1.95 0.12  0.0   14  0.5  3.9      7674
 7675 2021-10-27 11:50     - 55 10  163 13   3.07 0.21  0.0    8  8.2 17.9      7675
 7676 2021-10-27 11:50     # 55 20  161 55   0.03 0.22  0.0    4  3.7 13.5      7676
 7677 2021-10-27 12:56       55  5  162  4   1.46 0.13  0.0   15  0.5  5.0      7677
 7678 2021-10-27 12:58     - 55 52  161 32   3.25 0.08  0.0    4  8.3 12.9      7678
 7679 2021-10-27 13:56     - 54 57  161  3  31.29 0.19  0.0    9 15.0  1.8      7679
 7680 2021-10-27 13:56     - 54 47  160 40  22.99 0.04  0.0    7  9.7  3.0      7680
  SEQ ---DATE--- TIME REMARK -LAT-  --LON-  DEPTH  RMS PMAG  NUM  ERH  ERZ  ID
 7681 2021-10-27 15:11     - 54 23  161 33   2.28 0.21  0.0   11  9.1 19.1      7681
 *** DISTANCE & RESIDUAL WEIGHTING CANCELLED FOR EVENT: 2021 10 27 16  0
 7682 2021-10-27 15:59     - 55 33  162 18   3.00 0.53  0.0    4 31.8 12.3      7682
 7683 2021-10-27 16:16     - 54 58  161 28  31.32 0.07  0.0    4 11.9  5.0      7683
 *** DISTANCE & RESIDUAL WEIGHTING CANCELLED FOR EVENT: 2021 10 27 16 16
 7684 2021-10-27 16:16     # 55  8  161 29  21.25 1.03  0.0    5 45.1 17.8      7684
 *** DISTANCE & RESIDUAL WEIGHTING CANCELLED FOR EVENT: 2021 10 27 17  8
 7685 2021-10-27 17:08     # 55  6  161 54   6.31 0.54  0.0    6 12.5  4.3      7685
 *** DISTANCE & RESIDUAL WEIGHTING CANCELLED FOR EVENT: 2021 10 27 20 15
 7686 2021-10-27 20:15     - 55 15  161 49   2.86 0.16  0.0    4  3.2 15.1      7686
 7687 2021-10-27 22:32     - 55  6  162 33   0.70 0.16  0.0    4  3.5 18.3      7687
 7688 2021-10-27 23:59     - 55 25  161 57   3.00 0.07  0.0    4  1.1 13.6      7688
 7689 2021-10-28  2:58     - 54 34  162  2   2.98 0.22  0.0   12  8.7 18.7      7689
 7690 2021-10-28  5:48     - 55 16  161 35   1.22 0.22  0.0    9  1.5 20.1      7690
 *** DISTANCE & RESIDUAL WEIGHTING CANCELLED FOR EVENT: 2021 10 28  5 53
 7691 2021-10-28  5:53     # 55 21  161 47  14.91 0.20  0.0    4 10.2  2.7      7691
 7692 2021-10-28  7:59     - 55 30  162  5   2.73 0.06  0.0    4 10.7 13.3      7692
 7693 2021-10-28 11:56     # 55 18  161 40  19.35 0.10  0.0    7  2.1  1.1      7693
 7694 2021-10-28 12:23     - 54 58  160 49   3.00 0.24  0.0    6 18.8 23.5      7694
 *** DISTANCE & RESIDUAL WEIGHTING CANCELLED FOR EVENT: 2021 10 28 12 55
 7695 2021-10-28 12:55     # 55 31  162 15   2.98 0.81  0.0    6 26.8 37.1      7695
  SEQ ---DATE--- TIME REMARK -LAT-  --LON-  DEPTH  RMS PMAG  NUM  ERH  ERZ  ID
 7696 2021-10-28 15:05     - 54 35  161 21   2.50 0.18  0.0    8  7.9 16.8      7696
 *** DISTANCE & RESIDUAL WEIGHTING CANCELLED FOR EVENT: 2021 10 28 15 24
 7697 2021-10-28 15:24     - 55 26  161 38   2.95 0.75  0.0    4 62.0 46.7      7697
 7698 2021-10-28 15:30     - 55 17  160 39   2.42 0.43  0.0    4 33.6 34.4      7698
 7699 2021-10-28 15:59       55 21  162 12  11.61 0.58  0.0    8  4.7 18.2      7699
 7700 2021-10-28 18:35     - 54 37  161 22   2.73 0.16  0.0   14  6.3 13.4      7700
 7701 2021-10-28 19:07     - 55 12  161  6  32.80 0.18  0.0    9 14.5  0.9      7701
 7702 2021-10-28 19:07     - 54 57  159 56   3.02 0.41  0.0    9 31.1 35.8      7702
 *** DISTANCE & RESIDUAL WEIGHTING CANCELLED FOR EVENT: 2021 10 28 20  6
 7703 2021-10-28 20:06     - 54 45  161 50   3.42 0.33  0.0    4 12.6 27.4      7703
 *** DISTANCE & RESIDUAL WEIGHTING CANCELLED FOR EVENT: 2021 10 28 20 22
 7704 2021-10-28 20:22     # 55 19  161 48   2.96 1.03  0.0    4 51.8 32.1      7704
 7705 2021-10-28 21:30     - 54 59  162 38   4.54 0.00  0.0    4 10.0  6.1      7705
 7706 2021-10-28 21:37     - 54 57  161 19  15.08 0.20  0.0    6 15.9  2.1      7706
 7707 2021-10-28 21:37     - 54 45  161 18  33.17 0.04  0.0    5 11.9 12.5      7707
 7708 2021-10-28 22:41     - 54 48  161 11  28.20 0.18  0.0    9 17.2  2.7      7708
 7709 2021-10-28 22:41       54 50  161 17  13.89 0.21  0.0    7  8.1  3.3      7709
 *** DISTANCE & RESIDUAL WEIGHTING CANCELLED FOR EVENT: 2021 10 28 22 44
 7710 2021-10-28 22:44     - 54 56  161 14   3.00 0.29  0.0    4 23.6 26.9      7710
  SEQ ---DATE--- TIME REMARK -LAT-  --LON-  DEPTH  RMS PMAG  NUM  ERH  ERZ  ID
 7711 2021-10-28 23:59     - 55 17  162  7  55.08 0.11  0.0    8  3.5 11.7      7711
 7712 2021-10-29  0:16     - 54 45  160 58  58.65 0.24  0.0    9 20.4 12.3      7712
 7713 2021-10-29  0:16     - 54 42  160 57  26.88 0.17  0.0    8 12.9  3.1      7713
 *** DISTANCE & RESIDUAL WEIGHTING CANCELLED FOR EVENT: 2021 10 29  0 58
 7714 2021-10-29  0:58     - 54 34  161 28   3.02 0.24  0.0    4  9.4 21.2      7714
 *** DISTANCE & RESIDUAL WEIGHTING CANCELLED FOR EVENT: 2021 10 29  0 58
 7715 2021-10-29  0:58     - 54 59  163 12  17.24 1.10  0.0    4 21.2 92.5      7715
 *** DISTANCE & RESIDUAL WEIGHTING CANCELLED FOR EVENT: 2021 10 29  2 48
 7716 2021-10-29  2:48     - 56 13  161 36   3.00 0.31  0.0    4 21.0 25.9      7716
 7717 2021-10-29  4:44     - 55 12  162  8   2.97 0.32  0.0    4  5.9 26.4      7717
 7718 2021-10-29  5:21     - 55  7  161 54   9.22 0.20  0.0    4 11.6 10.3      7718
 7719 2021-10-29  5:21     - 54 58  161 47   6.62 0.14  0.0    4  6.0 16.3      7719
 *** DISTANCE & RESIDUAL WEIGHTING CANCELLED FOR EVENT: 2021 10 29  6 29
 7720 2021-10-29  6:29     # 54 60  162 39  13.44 1.18  0.0    9 21.8 22.8      7720
 7721 2021-10-29  6:38     - 55 14  160 55  51.29 0.23  0.0    9 17.9  6.6      7721
 7722 2021-10-29  6:38     - 54 57  160 34   3.01 0.18  0.0    8 14.6 19.1      7722
 7723 2021-10-29  8:15       55 19  161 46  12.20 0.00  0.0    4  3.0  1.2      7723
 7724 2021-10-29  8:23     - 54 25  161 38   3.81 0.16  0.0    4  7.5 16.3      7724
 7725 2021-10-29  8:23     - 55 24  162 42   3.42 0.15  0.0    4  4.9 13.4      7725
  SEQ ---DATE--- TIME REMARK -LAT-  --LON-  DEPTH  RMS PMAG  NUM  ERH  ERZ  ID
 7726 2021-10-29  8:32       55 18  161 53  15.68 0.29  0.0    5  8.3  2.3      7726
 7727 2021-10-29  8:36     - 55 28  161 52   0.75 0.62  0.0    4  4.8 45.2      7727
 *** DISTANCE & RESIDUAL WEIGHTING CANCELLED FOR EVENT: 2021 10 29  8 50
 7728 2021-10-29  8:50     - 55 19  161 41   0.50 0.69  0.0    4  9.3 50.8      7728
 7729 2021-10-29  8:52     - 55 22  161 50   0.05 0.26  0.0    4 10.9 14.7      7729
 *** DISTANCE & RESIDUAL WEIGHTING CANCELLED FOR EVENT: 2021 10 29  9 20
 7730 2021-10-29  9:20     - 55 52  162  8   2.50 0.61  0.0    6 22.3 47.5      7730
 *** DISTANCE & RESIDUAL WEIGHTING CANCELLED FOR EVENT: 2021 10 29  9 22
 7731 2021-10-29  9:22     # 55 19  161 51  12.64 0.28  0.0    4  2.4  6.3      7731
 7732 2021-10-29 18:30     - 54 53  163 31   2.88 0.06  0.0    5  5.6 12.3      7732
 7733 2021-10-29 22:38     - 55  1  161 54   9.38 1.19  0.0    4 60.9 85.8      7733
 *** DISTANCE & RESIDUAL WEIGHTING CANCELLED FOR EVENT: 2021 10 30  1 59
 7734 2021-10-30  1:59     - 55 32  163  1   2.88 0.21  0.0    4  9.5 19.3      7734
 7735 2021-10-31  1:50     - 55 11  161 36   5.92 0.01  0.0    4  5.0 11.5      7735
 *** DISTANCE & RESIDUAL WEIGHTING CANCELLED FOR EVENT: 2021 10 31  1 56
 7736 2021-10-31  1:55     # 55 23  161 60  11.81 1.68  0.0    4 31.5 20.4      7736
 *** DISTANCE & RESIDUAL WEIGHTING CANCELLED FOR EVENT: 2021 10 31  2  7
 7737 2021-10-31  2:07     # 55 24  161 52   1.50 0.62  0.0    5  3.3 32.1      7737
 *** DISTANCE & RESIDUAL WEIGHTING CANCELLED FOR EVENT: 2021 10 31 10 21
 7738 2021-10-31 10:21     - 55  3  160 48   2.80 0.64  0.0    5 22.9 50.1      7738
 7739 2021-10-31 10:37     - 55 14  161 21   9.68 0.19  0.0    6  3.1 18.1      7739
 7740 2021-10-31 13:18     - 55 11  160 54   3.01 0.18  0.0    4 17.8 18.2      7740
  SEQ ---DATE--- TIME REMARK -LAT-  --LON-  DEPTH  RMS PMAG  NUM  ERH  ERZ  ID
 7741 2021-10-31 13:18     - 55 11  160 60   3.00 0.34  0.0    6 22.4 30.4      7741
 7742 2021-10-31 14:28     - 55 21  161 43   6.47 0.04  0.0    4  9.4  1.5      7742
 *** DISTANCE & RESIDUAL WEIGHTING CANCELLED FOR EVENT: 2021 10 31 14 39
 7743 2021-10-31 14:38     # 55 26  161 60   9.10 0.43  0.0    4 12.7  8.8      7743
 7744 2021-10-31 14:56     - 54 45  161  4  35.44 0.25  0.0   10 13.9 16.8      7744
 7745 2021-10-31 14:56     - 54 39  160 53   3.04 0.26  0.0    4 22.4 24.4      7745
 *** DISTANCE & RESIDUAL WEIGHTING CANCELLED FOR EVENT: 2021 10 31 14 57
 7746 2021-10-31 14:56     - 54 60  162 10   2.60 0.25  0.0    4 23.3  3.9      7746
 7747 2021-10-31 15:59     - 55 25  161 55   3.00 0.10  0.0    4  1.7 14.3      7747
 7748 2021-10-31 16:38     - 55  6  161 15  49.96 0.32  0.0   10 19.6  9.2      7748
 7749 2021-10-31 16:38     - 55  5  160 45  49.74 0.13  0.0    6 14.9  5.2      7749
 7750 2021-10-31 17:11       55 22  161 29  14.95 0.06  0.0    5  3.5  3.2      7750
 *** DISTANCE & RESIDUAL WEIGHTING CANCELLED FOR EVENT: 2021 10 31 18 37
 7751 2021-10-31 18:37     # 55 17  162  3   3.00 1.70  0.0    4  9.9 49.5      7751
 7752 2021-10-31 20:18     - 55 32  161 46   2.59 0.14  0.0    4  4.1 16.6      7752
 7753 2021-10-31 20:18     - 55 18  161 45   2.17 0.09  0.0    4  3.6 13.6      7753
 *** DISTANCE & RESIDUAL WEIGHTING CANCELLED FOR EVENT: 2021 10 31 20 21
 7754 2021-10-31 20:21     - 55 35  161 54   3.00 0.69  0.0    4 14.3 48.2      7754
 7755 2021-10-31 23:59     - 55 25  161 57  19.83 0.07  0.0    6  1.9 10.8      7755
 *** DISTANCE & RESIDUAL WEIGHTING CANCELLED FOR EVENT: 2021 11  1  0 50
  SEQ ---DATE--- TIME REMARK -LAT-  --LON-  DEPTH  RMS PMAG  NUM  ERH  ERZ  ID
 7756 2021-11- 1  0:50     - 55 18  161 48   4.89 0.46  0.0    4 17.2 28.5      7756
 *** DISTANCE & RESIDUAL WEIGHTING CANCELLED FOR EVENT: 2021 11  1  1  0
 7757 2021-11- 1  1:00     # 55 18  162 16  24.27 0.67  0.0    4 18.2 11.2      7757
 7758 2021-11- 1  1:08     - 54 57  161 18   2.91 0.15  0.0    4 13.2 15.9      7758
 7759 2021-11- 1  3:48     - 55 16  162  3   2.24 0.14  0.0    4  4.2 15.2      7759
 7760 2021-11- 1  4:16     - 54 54  161 60   2.75 0.06  0.0    4  3.5 13.3      7760
 *** DISTANCE & RESIDUAL WEIGHTING CANCELLED FOR EVENT: 2021 11  1  7  1
 7761 2021-11- 1  7:01     - 55 32  161 52   2.73 0.19  0.0    4  3.5 19.6      7761
 7762 2021-11- 1  7:01       55 20  162  1   6.56 0.00  0.0    4  2.0  1.5      7762
 *** DISTANCE & RESIDUAL WEIGHTING CANCELLED FOR EVENT: 2021 11  1  7  2
 7763 2021-11- 1  7:02     # 55 24  161 59   0.54 0.79  0.0    5  8.9 35.9      7763
 *** DISTANCE & RESIDUAL WEIGHTING CANCELLED FOR EVENT: 2021 11  1  7 13
 7764 2021-11- 1  7:13     # 55 24  161 52   2.14 0.50  0.0    5  3.5  9.9      7764
 7765 2021-11- 1  7:59     - 55 24  161 56   5.98 0.08  0.0    4  1.2 13.1      7765
 7766 2021-11- 1  8:41       54 50  162 48   8.80 0.20  0.0    9  2.6 13.0      7766
 *** DISTANCE & RESIDUAL WEIGHTING CANCELLED FOR EVENT: 2021 11  1  9 26
 7767 2021-11- 1  9:26     - 55 43  161 25   3.00 1.46  0.0    4 41.5 89.9      7767
 7768 2021-11- 1 10:12     - 55 38  162 51   2.67 0.06  0.0    4  5.7 12.2      7768
 7769 2021-11- 1 10:15     - 55 16  160 31  34.30 0.19  0.0   10 17.7 19.2      7769
 7770 2021-11- 1 10:16     - 55  2  161 48   5.55 0.30  0.0    4 21.2 13.3      7770
  SEQ ---DATE--- TIME REMARK -LAT-  --LON-  DEPTH  RMS PMAG  NUM  ERH  ERZ  ID
 7771 2021-11- 1 10:25     - 54 56  162 14   1.00 0.11  0.0    4  2.8 15.3      7771
 7772 2021-11- 1 10:26     - 54 56  162 15   0.01 5.92  0.0    4 75.0 98.5      7772
 *** DISTANCE & RESIDUAL WEIGHTING CANCELLED FOR EVENT: 2021 11  1 10 55
 7773 2021-11- 1 10:55     - 55  1  161 33   3.00 0.99  0.0    4 35.0 75.4      7773
 7774 2021-11- 1 10:58     - 55 22  161 38   0.06 0.12  0.0    4  5.5 16.1      7774
 7775 2021-11- 1 11:00       55 14  161 30  24.72 0.10  0.0    8  2.4  2.9      7775
 7776 2021-11- 1 11:00     - 55 29  161 48   0.32 0.04  0.0    4  5.0 11.9      7776
 7777 2021-11- 1 11:03     # 55 21  161 48   0.0213.81  0.0    4 98.9 98.9      7777
 7778 2021-11- 1 11:26     - 54 59  161 28  34.41 0.23  0.0    9 17.9  5.1      7778
 7779 2021-11- 1 11:27       54 50  161 16  31.20 0.15  0.0   10  7.6  1.0      7779
 7780 2021-11- 1 11:30     - 54 27  161 16   2.88 0.03  0.0    4  5.0 11.7      7780
 *** DISTANCE & RESIDUAL WEIGHTING CANCELLED FOR EVENT: 2021 11  1 11 31
 7781 2021-11- 1 11:30     # 54 59  162 39   3.00 0.48  0.0    5 13.7  6.1      7781
 7782 2021-11- 1 11:31     - 54 58  161 33  38.40 0.06  0.0    4 13.0  5.8      7782
 7783 2021-11- 1 11:32     - 54 55  161 14  28.85 0.24  0.0    6 18.7  2.0      7783
 7784 2021-11- 1 12:07     - 54 58  162 42   4.51 0.02  0.0    4  9.8  5.8      7784
 7785 2021-11- 1 14:16     - 55 22  161 49   0.14 0.20  0.0    5  1.4 14.6      7785
  SEQ ---DATE--- TIME REMARK -LAT-  --LON-  DEPTH  RMS PMAG  NUM  ERH  ERZ  ID
 7786 2021-11- 1 14:17     - 55 20  161 47   1.47 0.01  0.0    4  5.9 10.4      7786
 *** DISTANCE & RESIDUAL WEIGHTING CANCELLED FOR EVENT: 2021 11  1 14 24
 7787 2021-11- 1 14:24     # 55 24  161 53   1.49 0.56  0.0    6  2.6 28.7      7787
 7788 2021-11- 1 14:58       55 17  161  2  39.55 0.08  0.0    5  5.9  5.4      7788
 *** DISTANCE & RESIDUAL WEIGHTING CANCELLED FOR EVENT: 2021 11  1 15 56
 7789 2021-11- 1 15:56     # 55 21  161 47   1.45 0.64  0.0    4  8.4 16.2      7789
 7790 2021-11- 1 15:59     - 55 25  161 55  20.82 0.09  0.0    6  1.9 10.5      7790
 7791 2021-11- 1 16:18     - 55 18  161 51   0.05 0.25  0.0    4 12.1 23.0      7791
 7792 2021-11- 1 17:08     - 54 57  162 15   4.46 0.08  0.0    5  6.9  7.3      7792
 *** DISTANCE & RESIDUAL WEIGHTING CANCELLED FOR EVENT: 2021 11  1 17  8
 7793 2021-11- 1 17:08     - 54 41  162 25   3.00 2.05  0.0    5 88.9 88.9      7793
 7794 2021-11- 1 18:29     # 55  8  163 11   0.09 1.15  0.0   12 28.6 61.4      7794
 7795 2021-11- 1 19:30     - 55 17  161 15   1.49 0.04  0.0    4 10.8  6.8      7795
 7796 2021-11- 1 19:31     # 55 15  161 42   6.33 0.10  0.0    5  2.5  1.0      7796
 *** DISTANCE & RESIDUAL WEIGHTING CANCELLED FOR EVENT: 2021 11  1 19 43
 7797 2021-11- 1 19:43     - 55 13  161 21   3.00 0.79  0.0    4 18.2 66.8      7797
 7798 2021-11- 1 20:26     # 55 23  161 37   8.87 0.10  0.0    5  3.8  2.3      7798
 *** DISTANCE & RESIDUAL WEIGHTING CANCELLED FOR EVENT: 2021 11  1 21 16
 7799 2021-11- 1 21:15     - 55 34  160 28   3.31 0.21  0.0    4 14.6 15.6      7799
 7800 2021-11- 1 23:40     # 55 26  162 21  16.30 1.47  0.0    8  8.7 55.3      7800
  SEQ ---DATE--- TIME REMARK -LAT-  --LON-  DEPTH  RMS PMAG  NUM  ERH  ERZ  ID
 7801 2021-11- 1 23:59     - 55 25  161 56   3.00 0.13  0.0    5  1.3 14.7      7801
 *** DISTANCE & RESIDUAL WEIGHTING CANCELLED FOR EVENT: 2021 11  2  1 13
 7802 2021-11- 2  1:13     - 55 24  161 52   1.48 0.32  0.0    4  2.4 21.1      7802
 7803 2021-11- 2  1:36     # 55 17  161 16   0.64 0.06  0.0    5  3.8  3.4      7803
 *** DISTANCE & RESIDUAL WEIGHTING CANCELLED FOR EVENT: 2021 11  2  1 46
 7804 2021-11- 2  1:46     - 55 14  161 45   3.00 0.41  0.0    4  8.5 35.0      7804
 7805 2021-11- 2  1:51     - 54 34  161 42   2.44 0.22  0.0   15  8.1 17.1      7805
 *** DISTANCE & RESIDUAL WEIGHTING CANCELLED FOR EVENT: 2021 11  2  2 17
 7806 2021-11- 2  2:17     # 55 25  161 48   0.62 0.52  0.0    6  2.6 20.5      7806
 7807 2021-11- 2  2:20       55 25  161 36   6.88 0.02  0.0    4  1.8  5.2      7807
 *** DISTANCE & RESIDUAL WEIGHTING CANCELLED FOR EVENT: 2021 11  2  6 29
 7808 2021-11- 2  6:29     - 55 25  161 55   2.59 0.09  0.0    4  1.4 10.8      7808
 7809 2021-11- 2  7:04     - 54 57  162 14   2.78 0.00  0.0    4  7.4  7.1      7809
 7810 2021-11- 2  7:05     - 54 55  162 13   2.65 0.11  0.0    4  9.7  8.2      7810
 7811 2021-11- 2  7:59     - 55 24  161 54  19.97 0.09  0.0    6  1.8 11.0      7811
 7812 2021-11- 2  8:21     # 55 22  161 22  76.06 0.48  0.0    6 23.1  7.5      7812
 *** DISTANCE & RESIDUAL WEIGHTING CANCELLED FOR EVENT: 2021 11  2  8 21
 7813 2021-11- 2  8:21     - 55 35  162  7   3.00 0.54  0.0    4 17.4 36.7      7813
 7814 2021-11- 2  8:37     - 55 23  162  8   1.76 0.09  0.0    4  4.1 11.5      7814
 7815 2021-11- 2  8:47     - 55 27  161 32   2.75 0.36  0.0    6  4.8 29.3      7815
  SEQ ---DATE--- TIME REMARK -LAT-  --LON-  DEPTH  RMS PMAG  NUM  ERH  ERZ  ID
 7816 2021-11- 2 15:12     # 55 21  161 50   0.03 1.18  0.0    4  6.4 41.7      7816
 *** DISTANCE & RESIDUAL WEIGHTING CANCELLED FOR EVENT: 2021 11  2 15 16
 7817 2021-11- 2 15:15     - 55 27  161 53   2.22 0.37  0.0    4  6.4 28.1      7817
 7818 2021-11- 2 15:16     - 55 11  162  3   3.00 0.34  0.0    4 24.6 18.2      7818
 7819 2021-11- 2 15:24     - 55 30  162  5   0.01 0.49  0.0    4 14.1 35.5      7819
 7820 2021-11- 2 15:26     - 55  4  161 52   8.68 0.18  0.0    6  5.4 18.1      7820
 *** DISTANCE & RESIDUAL WEIGHTING CANCELLED FOR EVENT: 2021 11  2 15 27
 7821 2021-11- 2 15:27     # 55 23  161 48   3.00 0.71  0.0    4 33.8 17.8      7821
 *** DISTANCE & RESIDUAL WEIGHTING CANCELLED FOR EVENT: 2021 11  2 15 36
 7822 2021-11- 2 15:36     - 55 19  161 33   3.00 0.67  0.0    4 42.4 36.6      7822
 7823 2021-11- 2 15:59     - 55 25  161 57  22.71 0.06  0.0    6  2.5 11.6      7823
 *** DISTANCE & RESIDUAL WEIGHTING CANCELLED FOR EVENT: 2021 11  2 16 56
 7824 2021-11- 2 16:56     - 55  9  162 19   3.00 0.24  0.0    4  3.6 23.2      7824
 7825 2021-11- 2 18:12       54 53  162 11   3.61 0.00  0.0    4  2.5  6.3      7825
 7826 2021-11- 2 18:21     - 54 54  160 52   2.76 0.27  0.0    9 11.5 22.2      7826
 7827 2021-11- 2 18:21     - 54 57  160 57  32.94 0.31  0.0    7 23.3 28.8      7827
 7828 2021-11- 2 18:48     # 55 22  161 51   0.19 0.53  0.0    4  2.2 30.8      7828
 7829 2021-11- 2 19:03       55 23  161 44  18.94 0.09  0.0    6  3.3  1.3      7829
 *** DISTANCE & RESIDUAL WEIGHTING CANCELLED FOR EVENT: 2021 11  2 19  9
 7830 2021-11- 2 19:09     - 55 20  161 59   1.44 0.49  0.0    4  6.1 32.2      7830
  SEQ ---DATE--- TIME REMARK -LAT-  --LON-  DEPTH  RMS PMAG  NUM  ERH  ERZ  ID
 7831 2021-11- 2 19:12     # 55 22  161 50   0.04 0.04  0.0    4  0.6  8.4      7831
 7832 2021-11- 2 23:59     - 55 43  161 16   6.01 0.43  0.0    5 24.0 38.0      7832
 *** DISTANCE & RESIDUAL WEIGHTING CANCELLED FOR EVENT: 2021 11  3  1 26
 7833 2021-11- 3  1:26     - 55 12  161 34   8.82 0.37  0.0    4 33.6 12.2      7833
 *** DISTANCE & RESIDUAL WEIGHTING CANCELLED FOR EVENT: 2021 11  3  1 28
 7834 2021-11- 3  1:28     - 55 14  161 29   7.00 0.26  0.0    4  4.6 24.3      7834
 7835 2021-11- 3  7:48     - 54 53  161  1   2.94 0.19  0.0   14  7.0 14.7      7835
 7836 2021-11- 3 13:15       55  4  161 35  34.63 0.57  0.0    8 23.8  9.7      7836
 7837 2021-11- 3 13:15       55 18  161 39   6.46 0.00  0.0    5  4.3  0.4      7837
 7838 2021-11- 3 22:25     - 54 27  161 33   1.21 0.28  0.0    9 10.7 22.5      7838
 7839 2021-11- 4  0:07     - 55 24  161 51   1.36 0.04  0.0    4  1.9 11.1      7839
 7840 2021-11- 4  0:18     - 55 26  161 48   1.49 0.06  0.0    4  1.3 11.0      7840
 7841 2021-11- 4  3:40     - 54 32  162 34   2.69 0.08  0.0    5  6.0 13.0      7841
 7842 2021-11- 4  3:45       55 23  161 29   5.64 0.12  0.0    5  2.5  0.7      7842
 7843 2021-11- 4  3:54       55 25  161 34  11.18 0.00  0.0    4  2.4  3.1      7843
 7844 2021-11- 4  3:54     - 55 31  162  4   0.35 0.44  0.0    5  5.7 28.1      7844
 7845 2021-11- 4  4:05     # 55 22  161 50   0.0221.72  0.0    4 84.8 98.8      7845
  SEQ ---DATE--- TIME REMARK -LAT-  --LON-  DEPTH  RMS PMAG  NUM  ERH  ERZ  ID
 7846 2021-11- 4  6:52     - 55 18  160 50  33.69 0.14  0.0    8  3.6 16.7      7846
 *** DISTANCE & RESIDUAL WEIGHTING CANCELLED FOR EVENT: 2021 11  4  6 53
 7847 2021-11- 4  6:52     # 55 32  161 53   3.00 0.38  0.0    4  4.5  3.5      7847
 7848 2021-11- 4  6:52     - 55 23  162 57   2.54 0.13  0.0    5  6.8 14.8      7848
 7849 2021-11- 4  8:58     - 54 55  162 31  24.13 0.06  0.0    8  9.2  7.2      7849
 7850 2021-11- 4  8:58     - 55 19  163  2   3.00 0.17  0.0    4 16.1 16.9      7850
 *** DISTANCE & RESIDUAL WEIGHTING CANCELLED FOR EVENT: 2021 11  4  9 53
 7851 2021-11- 4  9:53     - 55 10  161 46   3.00 1.42  0.0    4 16.4 98.2      7851
 7852 2021-11- 4 12:59     - 55 28  161 19  23.83 0.09  0.0    6 13.3  5.3      7852
 *** DISTANCE & RESIDUAL WEIGHTING CANCELLED FOR EVENT: 2021 11  4 13 26
 7853 2021-11- 4 13:26     # 55  2  161 36   3.00 0.74  0.0    5 38.5  7.6      7853
 7854 2021-11- 4 19:17     - 55 10  161  1   2.47 0.24  0.0   10  9.6 20.1      7854
 7855 2021-11- 4 19:18       55 35  162  3   1.84 0.01  0.0    5  3.1  4.5      7855
 7856 2021-11- 4 23:39     - 54 57  160 46   3.01 0.23  0.0    7 18.3 22.7      7856
 7857 2021-11- 4 23:40       55 15  161 58  10.85 0.00  0.0    4  2.3  1.4      7857
 *** DISTANCE & RESIDUAL WEIGHTING CANCELLED FOR EVENT: 2021 11  5  0  5
 7858 2021-11- 5  0:05     - 55 17  161 42   1.04 0.34  0.0    5  3.1 22.9      7858
 7859 2021-11- 5  0:14     - 55 15  163 28   3.00 0.09  0.0    5  6.3 13.2      7859
 7860 2021-11- 5  0:23     # 55 20  161 38   5.52 0.65  0.0    4 20.4 10.2      7860
  SEQ ---DATE--- TIME REMARK -LAT-  --LON-  DEPTH  RMS PMAG  NUM  ERH  ERZ  ID
 7861 2021-11- 5  4:25       55 26  161 39  18.44 0.12  0.0    6  2.6  2.1      7861
 7862 2021-11- 5  4:27       55 22  161 33  12.42 0.13  0.0    6  2.7  2.9      7862
 7863 2021-11- 5  4:28     # 55 24  161 58   0.19 0.75  0.0    6  5.2 36.1      7863
 7864 2021-11- 5  4:41     # 55 21  161 54   0.19 0.32  0.0    5  1.9 16.6      7864
 7865 2021-11- 5  4:54     - 55 21  161 45   0.00 0.10  0.0    4  9.5 15.2      7865
 *** DISTANCE & RESIDUAL WEIGHTING CANCELLED FOR EVENT: 2021 11  5  7 28
 7866 2021-11- 5  7:28     # 55 19  161 30   1.96 0.00  0.0    4  2.6  1.0      7866
 7867 2021-11- 5  7:59     - 55 20  162  8   3.00 0.07  0.0    4  1.5 13.4      7867
 7868 2021-11- 5 10:43     - 55 22  161 49   0.0218.87  0.0    4 98.7 98.7      7868
 *** DISTANCE & RESIDUAL WEIGHTING CANCELLED FOR EVENT: 2021 11  5 10 43
 7869 2021-11- 5 10:43     - 55 48  162 17   3.00 0.34  0.0    4 18.6 28.1      7869
 7870 2021-11- 5 10:51     - 55 31  161 48   0.48 0.10  0.0    4  5.6 14.7      7870
 7871 2021-11- 5 13:18       55 26  161 53   3.63 0.08  0.0    5  0.6  7.9      7871
 7872 2021-11- 5 15:50       55 19  161 39   8.47 0.00  0.0    4  4.6  4.1      7872
 7873 2021-11- 5 15:59     - 55 25  161 56  32.06 0.06  0.0    6  3.4 12.2      7873
 7874 2021-11- 5 17:27       55 21  161 43  31.35 0.01  0.0    5  2.4  1.1      7874
 *** DISTANCE & RESIDUAL WEIGHTING CANCELLED FOR EVENT: 2021 11  5 17 27
 7875 2021-11- 5 17:27     # 55 30  161 54   2.99 0.56  0.0    5  9.8 25.3      7875
  SEQ ---DATE--- TIME REMARK -LAT-  --LON-  DEPTH  RMS PMAG  NUM  ERH  ERZ  ID
 7876 2021-11- 5 17:39     - 54 54  162 21   3.06 0.09  0.0    4  6.1 13.3      7876
 7877 2021-11- 5 21:49     - 54 56  163 31   2.95 0.02  0.0    6  5.3 11.4      7877
 7878 2021-11- 5 23:58     # 55  8  161 52   3.64 0.10  0.0    5  4.7  2.5      7878
 7879 2021-11- 5 23:58     - 55 33  161 51  13.71 0.06  0.0    4  8.0 11.0      7879
 7880 2021-11- 6  0:01       55 22  161 56   7.47 0.01  0.0    4  1.2  3.9      7880
 7881 2021-11- 6  7:59     - 55 19  162  3   3.02 0.06  0.0    4  0.9 13.3      7881
 7882 2021-11- 6 11:17       54 57  162 14   2.11 0.02  0.0    5  1.5  4.0      7882
 7883 2021-11- 6 11:17     - 54 59  162 16   0.01 0.53  0.0    5  3.5 45.2      7883
 7884 2021-11- 6 14:47       55 20  161 42  16.16 0.12  0.0    7  3.2  1.0      7884
 *** DISTANCE & RESIDUAL WEIGHTING CANCELLED FOR EVENT: 2021 11  6 14 47
 7885 2021-11- 6 14:47     - 55 17  161 42   2.75 0.15  0.0    4  4.7 16.8      7885
 7886 2021-11- 6 14:49     - 55 16  162 46   3.01 0.07  0.0    5 10.2 13.8      7886
 7887 2021-11- 6 14:56     - 54 60  163 13  13.54 0.33  0.0    5 13.3 26.8      7887
 *** DISTANCE & RESIDUAL WEIGHTING CANCELLED FOR EVENT: 2021 11  6 14 57
 7888 2021-11- 6 14:57     - 55 38  162  7   3.01 0.69  0.0    5 12.8 51.7      7888
 7889 2021-11- 6 15:59       55 23  161 57  17.53 0.05  0.0    6  2.1  8.4      7889
 7890 2021-11- 6 21:35     - 55 24  161 51   1.75 0.14  0.0    5  1.6 12.6      7890
  SEQ ---DATE--- TIME REMARK -LAT-  --LON-  DEPTH  RMS PMAG  NUM  ERH  ERZ  ID
 7891 2021-11- 6 23:00     - 55 59  161 11   3.00 0.68  0.0    4 53.6 52.5      7891
 *** DISTANCE & RESIDUAL WEIGHTING CANCELLED FOR EVENT: 2021 11  6 23  0
 7892 2021-11- 6 23:00     # 55 22  161 55   3.01 1.04  0.0    5 10.1 32.4      7892
 7893 2021-11- 6 23:59     - 55 19  162  3  19.71 0.05  0.0    5  1.0 12.1      7893
 7894 2021-11- 7  3:21     - 54 57  160 38   3.35 0.15  0.0   11 11.9 10.7      7894
 7895 2021-11- 7  3:21     - 55 41  162 14   9.00 0.05  0.0    6  2.9 10.4      7895
 7896 2021-11- 7  4:01     - 55 48  161 44   2.99 0.02  0.0    4  5.3 11.5      7896
 *** DISTANCE & RESIDUAL WEIGHTING CANCELLED FOR EVENT: 2021 11  7  5 26
 7897 2021-11- 7  5:26     - 55 16  161 59   0.18 0.63  0.0    4 49.9 42.0      7897
 *** DISTANCE & RESIDUAL WEIGHTING CANCELLED FOR EVENT: 2021 11  7  5 26
 7898 2021-11- 7  5:26     - 55 24  161 54   0.29 0.38  0.0    5  1.5 25.3      7898
 7899 2021-11- 7  5:26     - 55 33  161 56   2.75 0.01  0.0    4  2.2 11.0      7899
 7900 2021-11- 7  5:27     - 55 27  161 51   2.96 0.06  0.0    4  2.4 11.3      7900
 7901 2021-11- 7  7:59     - 55 25  161 55  20.98 0.08  0.0    6  2.3 11.5      7901
 7902 2021-11- 7  9:33     - 54 32  161  9   2.76 0.18  0.0    7  8.0 17.6      7902
 7903 2021-11- 7 10:51       55 25  161 55  13.35 0.06  0.0    5  1.2  0.9      7903
 *** DISTANCE & RESIDUAL WEIGHTING CANCELLED FOR EVENT: 2021 11  7 10 52
 7904 2021-11- 7 10:52     # 55 44  161 55  15.29 1.26  0.0    6 30.2 68.1      7904
 7905 2021-11- 7 11:01       55 22  161 56   1.07 0.07  0.0    5  0.5  3.4      7905
  SEQ ---DATE--- TIME REMARK -LAT-  --LON-  DEPTH  RMS PMAG  NUM  ERH  ERZ  ID
 7906 2021-11- 7 11:01     - 55 23  162  9   0.19 0.44  0.0    4  4.4 28.8      7906
 7907 2021-11- 7 15:59     - 55 25  161 56  31.69 0.06  0.0    6  3.1 12.1      7907
 7908 2021-11- 7 16:53     - 55  6  161 54   2.06 0.05  0.0    5  3.1 11.6      7908
 7909 2021-11- 7 16:53       55 26  161 39  16.45 0.11  0.0    6  3.0  1.1      7909
 *** DISTANCE & RESIDUAL WEIGHTING CANCELLED FOR EVENT: 2021 11  7 16 53
 7910 2021-11- 7 16:53     # 55 30  161 54   3.00 0.74  0.0    4 14.9 30.8      7910
 *** DISTANCE & RESIDUAL WEIGHTING CANCELLED FOR EVENT: 2021 11  7 16 58
 7911 2021-11- 7 16:58     # 55 25  161 55   1.81 0.70  0.0    5  5.0 40.2      7911
 7912 2021-11- 7 17:58     - 54 56  160 31   3.70 0.14  0.0   10  7.1 14.9      7912
 7913 2021-11- 7 17:58     - 55 21  160 34   2.86 0.18  0.0    8  8.7 16.8      7913
 7914 2021-11- 7 23:59     - 55 32  162 28   8.53 0.20  0.0    5 15.2 21.0      7914
 7915 2021-11- 8  3:22     - 55 20  161 45  15.96 0.07  0.0    5  6.0  9.2      7915
 7916 2021-11- 8  3:31       55 20  161 53  20.47 0.41  0.0    8  3.4  3.6      7916
 *** DISTANCE & RESIDUAL WEIGHTING CANCELLED FOR EVENT: 2021 11  8  3 32
 7917 2021-11- 8  3:31     - 55  9  161  3   3.00 1.45  0.0    4 42.1 89.7      7917
 7918 2021-11- 8  3:38     - 55 31  162 11   0.03 0.21  0.0    4 14.2 19.5      7918
 7919 2021-11- 8  5:30     - 55 43  161 60   0.77 0.08  0.0    5  6.0 12.8      7919
 *** DISTANCE & RESIDUAL WEIGHTING CANCELLED FOR EVENT: 2021 11  8  5 30
 7920 2021-11- 8  5:30     - 55 10  163 15   2.48 0.14  0.0    4  7.4 15.6      7920
  SEQ ---DATE--- TIME REMARK -LAT-  --LON-  DEPTH  RMS PMAG  NUM  ERH  ERZ  ID
 7921 2021-11- 8  7:59     - 55 18  162 12   3.00 0.04  0.0    4  2.5 12.9      7921
 7922 2021-11- 8 10:05     - 54 60  162 18   0.32 0.03  0.0    6  1.1 11.1      7922
 7923 2021-11- 8 10:05     - 54 60  162 19   1.25 0.04  0.0    5  3.4 12.0      7923
 7924 2021-11- 8 10:35     - 55  7  161 54   7.91 0.08  0.0    4 10.4  8.1      7924
 7925 2021-11- 8 10:53     - 55 14  162  9   3.27 0.17  0.0    4  2.9 18.2      7925
 7926 2021-11- 8 11:05     - 54 57  162 24   2.80 0.46  0.0    5 18.0 36.3      7926
 7927 2021-11- 8 11:05       55 30  161 60  11.91 0.05  0.0    5  2.4  1.7      7927
 *** DISTANCE & RESIDUAL WEIGHTING CANCELLED FOR EVENT: 2021 11  8 11  6
 7928 2021-11- 8 11:06     - 55  7  162 18   3.00 0.62  0.0    4 51.5 10.9      7928
 7929 2021-11- 8 11:10     # 55 21  161 53   0.04 0.35  0.0    6  1.8 13.9      7929
 7930 2021-11- 8 13:22     - 54 58  161 34   0.34 0.01  0.0    4  8.6 12.5      7930
 *** DISTANCE & RESIDUAL WEIGHTING CANCELLED FOR EVENT: 2021 11  8 13 23
 7931 2021-11- 8 13:23     - 55 23  161 39   2.99 0.46  0.0    4 31.9 18.1      7931
 *** DISTANCE & RESIDUAL WEIGHTING CANCELLED FOR EVENT: 2021 11  8 14 20
 7932 2021-11- 8 14:19     - 55 58  161 11   3.00 0.35  0.0    4 13.4 28.9      7932
 7933 2021-11- 8 15:59     - 55 22  162 17   3.01 0.30  0.0    6  3.7 22.2      7933
 *** DISTANCE & RESIDUAL WEIGHTING CANCELLED FOR EVENT: 2021 11  8 16 27
 7934 2021-11- 8 16:27     # 55  5  162  3  22.70 0.00  0.0    4  1.6  4.5      7934
 7935 2021-11- 8 16:33     - 55 21  160 58  40.95 0.09  0.0    9 11.3  4.6      7935
  SEQ ---DATE--- TIME REMARK -LAT-  --LON-  DEPTH  RMS PMAG  NUM  ERH  ERZ  ID
 7936 2021-11- 8 16:33     - 56  5  162  3   2.32 0.06  0.0    4  5.7 12.2      7936
 7937 2021-11- 8 18:37     - 56  7  162  4   2.89 0.33  0.0    4 12.9 27.4      7937
 7938 2021-11- 8 18:37     - 55 26  160 57  50.06 0.12  0.0   10 13.3  6.1      7938
 7939 2021-11- 8 19:22     - 55 20  161 48   0.67 0.15  0.0    4  3.1 14.4      7939
 7940 2021-11- 8 19:29       55 17  161 43  22.72 0.03  0.0    5  3.3  1.1      7940
 7941 2021-11- 8 19:29       55 34  161 54   2.40 0.14  0.0    6  1.9  4.4      7941
 7942 2021-11- 8 19:29     - 55 29  160 59   3.00 0.48  0.0    4 26.2 31.6      7942
 *** DISTANCE & RESIDUAL WEIGHTING CANCELLED FOR EVENT: 2021 11  8 19 30
 7943 2021-11- 8 19:30     # 55 22  161 51   3.00 1.03  0.0    4 42.5  6.7      7943
 *** DISTANCE & RESIDUAL WEIGHTING CANCELLED FOR EVENT: 2021 11  8 19 36
 7944 2021-11- 8 19:36     - 55 25  162  5   3.00 0.87  0.0    4 54.9 15.5      7944
 7945 2021-11- 8 19:37       55 34  162  4  10.24 0.11  0.0    7  1.2  1.9      7945
 *** DISTANCE & RESIDUAL WEIGHTING CANCELLED FOR EVENT: 2021 11  8 20 49
 7946 2021-11- 8 20:49     - 54 56  162 16   7.22 0.04  0.0    4  9.5  8.7      7946
 7947 2021-11- 8 21:15       55  6  161 51   9.81 0.02  0.0    4  2.7  2.0      7947
 7948 2021-11- 8 23:59     - 55 24  161 56  41.44 0.05  0.0    5  4.6 12.7      7948
 7949 2021-11- 9  0:01     - 54 41  161 49   2.78 0.20  0.0    7  7.9 16.3      7949
 *** DISTANCE & RESIDUAL WEIGHTING CANCELLED FOR EVENT: 2021 11  9  1 52
 7950 2021-11- 9  1:52     - 54 33  161 33   3.00 0.80  0.0    4 28.8 61.0      7950
  SEQ ---DATE--- TIME REMARK -LAT-  --LON-  DEPTH  RMS PMAG  NUM  ERH  ERZ  ID
 7951 2021-11- 9  1:56     - 55 39  163 17   1.84 0.47  0.0    5 17.1 37.3      7951
 7952 2021-11- 9  3:05     - 54 58  161 53  15.95 0.01  0.0    4  3.9 11.7      7952
 7953 2021-11- 9  5:20     - 55 21  162 41   7.66 0.46  0.0    5  4.5 40.2      7953
 7954 2021-11- 9  5:52     # 55 33  161 49   5.99 0.18  0.0    7  3.0  1.1      7954
 7955 2021-11- 9  5:58     - 55 45  161 38  50.38 0.16  0.0    6  8.5 14.3      7955
 7956 2021-11- 9  5:58     - 55 24  161 40  64.81 0.12  0.0    5  6.2 13.4      7956
 7957 2021-11- 9  6:36     - 55 13  162  0  32.00 0.07  0.0    4  2.8 13.3      7957
 7958 2021-11- 9  6:54     - 54 53  161 18  32.62 0.20  0.0    9 16.9  1.4      7958
 7959 2021-11- 9  6:54     - 54 26  160 38  39.49 0.31  0.0    8 18.4 18.2      7959
 7960 2021-11- 9 11:05     - 55 18  162 39  14.88 0.73  0.0    5 47.7 59.8      7960
 7961 2021-11- 9 13:08       55  1  162 17  18.65 0.01  0.0    5  2.3  4.5      7961
 7962 2021-11- 9 13:09     - 54 42  162 38   2.69 0.09  0.0    4  6.1 13.2      7962
 7963 2021-11- 9 13:16       55 13  161 52   6.59 0.01  0.0    4  4.2  5.4      7963
 *** DISTANCE & RESIDUAL WEIGHTING CANCELLED FOR EVENT: 2021 11  9 16  0
 7964 2021-11- 9 15:59     # 55 18  162 13   3.01 0.76  0.0    9  4.4 11.4      7964
 7965 2021-11- 9 17:08     - 54 56  161 34  43.04 0.14  0.0    4 15.8 11.5      7965
 *** DISTANCE & RESIDUAL WEIGHTING CANCELLED FOR EVENT: 2021 11  9 17 19
  SEQ ---DATE--- TIME REMARK -LAT-  --LON-  DEPTH  RMS PMAG  NUM  ERH  ERZ  ID
 7966 2021-11- 9 17:19     # 55  6  161 49   9.60 0.76  0.0    5 20.9 11.4      7966
 7967 2021-11- 9 17:49     - 54 26  161 12   3.06 0.11  0.0    5  6.4 13.9      7967
 7968 2021-11- 9 18:11     # 54 32  161 47  41.27 0.05  0.0    6  3.1  7.3      7968
 7969 2021-11- 9 18:21     - 54 54  162 12   2.35 0.00  0.0    4  3.6 11.9      7969
 *** DISTANCE & RESIDUAL WEIGHTING CANCELLED FOR EVENT: 2021 11  9 18 54
 7970 2021-11- 9 18:54     - 55 26  161 42   3.02 0.13  0.0    4  6.5 16.4      7970
 7971 2021-11- 9 20:21     - 54 44  163 30   2.95 0.11  0.0    6  6.4 14.0      7971
 7972 2021-11- 9 23:24     - 54 57  161 16  33.02 0.20  0.0    7 17.1  7.3      7972
 7973 2021-11- 9 23:59     - 55  8  162 56   3.00 0.29  0.0    5 21.8 26.8      7973
 7974 2021-11-10  0:55     - 55 16  161 25   6.90 0.19  0.0    4 16.4 20.4      7974
 7975 2021-11-10  1:47     # 54 29  163 13   2.04 0.18  0.0    9  6.0 12.1      7975
 7976 2021-11-10  7:59     - 55 25  161 55  25.25 0.08  0.0    6  2.2 11.9      7976
 7977 2021-11-10 15:59     - 55 25  161 57  26.82 0.05  0.0    6  2.6 12.0      7977
 *** DISTANCE & RESIDUAL WEIGHTING CANCELLED FOR EVENT: 2021 11 10 17 17
 7978 2021-11-10 17:17     - 55 24  161 54   0.30 0.82  0.0    4  5.2 55.1      7978
 7979 2021-11-10 21:39     - 55 12  161  1   2.87 0.16  0.0    7  7.6 16.1      7979
 7980 2021-11-10 23:59     - 55 25  161 55  26.40 0.05  0.0    6  2.3 11.9      7980
  SEQ ---DATE--- TIME REMARK -LAT-  --LON-  DEPTH  RMS PMAG  NUM  ERH  ERZ  ID
 7981 2021-11-11  0:37     - 55 19  162 43   6.54 0.27  0.0    7  2.2 25.4      7981
 7982 2021-11-11  0:37     - 54 40  161 55   3.02 0.08  0.0    4 12.7 13.7      7982
 7983 2021-11-11  4:52     - 55  3  161 48   1.13 0.45  0.0    5  3.2 32.8      7983
 *** DISTANCE & RESIDUAL WEIGHTING CANCELLED FOR EVENT: 2021 11 11  6 37
 7984 2021-11-11  6:37     - 55  8  162 39   3.01 0.97  0.0    4 32.2 73.1      7984
 *** DISTANCE & RESIDUAL WEIGHTING CANCELLED FOR EVENT: 2021 11 11  7 16
 7985 2021-11-11  7:16     # 55 28  161 51   3.00 2.88  0.0    6 88.4 44.6      7985
 7986 2021-11-11  7:17     - 55 12  161 35   2.64 0.06  0.0    4  2.3 13.1      7986
 7987 2021-11-11  7:59     - 55 25  161 57   3.08 0.12  0.0    5  1.5 14.0      7987
 7988 2021-11-11  8:43     - 55 29  162  6   3.45 0.06  0.0    4  8.8 10.4      7988
 *** DISTANCE & RESIDUAL WEIGHTING CANCELLED FOR EVENT: 2021 11 11  8 44
 7989 2021-11-11  8:44     - 55 14  161 57   3.00 0.60  0.0    4 20.3 39.0      7989
 7990 2021-11-11 15:59     - 55 25  161 54  21.28 0.09  0.0    6  2.1 10.5      7990
 *** DISTANCE & RESIDUAL WEIGHTING CANCELLED FOR EVENT: 2021 11 11 18 22
 7991 2021-11-11 18:21     - 55 31  161 55   3.00 1.04  0.0    4 12.3 86.5      7991
 *** DISTANCE & RESIDUAL WEIGHTING CANCELLED FOR EVENT: 2021 11 11 18 22
 7992 2021-11-11 18:22     - 55 23  162  4   3.00 0.57  0.0    5  7.3 36.3      7992
 7993 2021-11-11 19:00       55 19  161 60   8.82 0.10  0.0    5  1.9  4.9      7993
 7994 2021-11-11 19:41     - 55  8  163 16   2.92 0.05  0.0    4  5.6 11.9      7994
 7995 2021-11-11 23:59     - 55 37  161 27   6.11 0.24  0.0    6  8.7 23.8      7995
  SEQ ---DATE--- TIME REMARK -LAT-  --LON-  DEPTH  RMS PMAG  NUM  ERH  ERZ  ID
 7996 2021-11-12  0:50       55  4  162 51   3.69 0.16  0.0    7  1.9  1.6      7996
 7997 2021-11-12  7:59     - 55 25  161 56   3.00 0.13  0.0    5  1.3 14.7      7997
 *** DISTANCE & RESIDUAL WEIGHTING CANCELLED FOR EVENT: 2021 11 12 10 27
 7998 2021-11-12 10:27     # 55 24  161 49   1.75 0.93  0.0    5 25.1 39.2      7998
 *** DISTANCE & RESIDUAL WEIGHTING CANCELLED FOR EVENT: 2021 11 12 10 28
 7999 2021-11-12 10:28     - 55 20  161 41   0.74 0.86  0.0    4 12.7 55.4      7999
 8000 2021-11-12 10:28     - 55 15  161 31   8.39 0.09  0.0    5  2.4 13.7      8000
 8001 2021-11-12 12:12     - 54 37  161 51   3.39 0.92  0.0    5 56.6 70.4      8001
 8002 2021-11-12 12:16     - 55 16  161 19   5.12 0.04  0.0    5  5.8 11.6      8002
 8003 2021-11-12 12:22     # 55 21  161 57   6.23 0.09  0.0    5  3.7  7.3      8003
 8004 2021-11-12 12:28     - 55 25  161 44   0.37 0.17  0.0    4 12.6 15.4      8004
 8005 2021-11-12 15:59     - 55 25  161 57   3.05 0.08  0.0    4  1.2 12.8      8005
 8006 2021-11-12 16:32       55 21  161 59   6.41 0.01  0.0    4  3.2  0.8      8006
 8007 2021-11-12 16:36     - 55 22  161 47   0.05 0.21  0.0    4 19.5  5.8      8007
 8008 2021-11-12 16:36     # 55 23  161 50   0.03 1.88  0.0    4 23.0 97.8      8008
 8009 2021-11-12 16:40     - 55 21  161 60   1.47 0.03  0.0    4  4.4 11.4      8009
 *** DISTANCE & RESIDUAL WEIGHTING CANCELLED FOR EVENT: 2021 11 12 16 40
 8010 2021-11-12 16:40     - 55 13  161  1   3.00 1.11  0.0    4 39.3 84.2      8010
  SEQ ---DATE--- TIME REMARK -LAT-  --LON-  DEPTH  RMS PMAG  NUM  ERH  ERZ  ID
 8011 2021-11-12 16:46     - 55 21  161 53   0.82 0.03  0.0    4  1.1 10.4      8011
 8012 2021-11-12 19:29     - 55 25  161 49   2.61 0.12  0.0    4  3.8 12.6      8012
 8013 2021-11-12 19:29       55 26  161 43  14.83 0.40  0.0    5  5.8  3.4      8013
 *** DISTANCE & RESIDUAL WEIGHTING CANCELLED FOR EVENT: 2021 11 12 19 30
 8014 2021-11-12 19:30     - 55 35  161 13   5.12 0.34  0.0    4 23.5 28.2      8014
 *** DISTANCE & RESIDUAL WEIGHTING CANCELLED FOR EVENT: 2021 11 12 19 32
 8015 2021-11-12 19:32     - 55 27  161 47   0.34 0.77  0.0    6  7.4 48.1      8015
 8016 2021-11-12 19:37     - 55 25  161 50   2.93 0.01  0.0    4  1.7  9.1      8016
 8017 2021-11-12 19:44     - 55 26  161 44   1.10 0.07  0.0    4  5.0 12.2      8017
 8018 2021-11-12 19:46       54 60  162 46   3.24 0.01  0.0    5  1.3  0.7      8018
 8019 2021-11-12 21:19     - 54 27  163 10   3.00 0.28  0.0    8  9.0 16.6      8019
 8020 2021-11-12 23:59     - 55 17  162 19   3.00 0.07  0.0    4 10.1 11.6      8020
 *** DISTANCE & RESIDUAL WEIGHTING CANCELLED FOR EVENT: 2021 11 13  0 44
 8021 2021-11-13  0:44     - 55 12  161 51   4.36 0.09  0.0    4  4.1 10.8      8021
 8022 2021-11-13  0:44     - 55 39  161 10   6.56 0.49  0.0    4 36.7 42.6      8022
 8023 2021-11-13  0:51     - 56  1  161 54   3.22 0.16  0.0    4  8.2 16.5      8023
 8024 2021-11-13  1:33     - 55 52  162 25   3.08 0.00  0.0    4  5.3 11.3      8024
 8025 2021-11-13  3:01     - 55 31  161 49   0.51 0.11  0.0    6  1.2 12.9      8025
  SEQ ---DATE--- TIME REMARK -LAT-  --LON-  DEPTH  RMS PMAG  NUM  ERH  ERZ  ID
 8026 2021-11-13  3:02     - 55 41  161 30   3.91 0.05  0.0    4 11.8  3.8      8026
 8027 2021-11-13  3:08     - 55 32  161 53  21.52 0.01  0.0    4  6.8  6.4      8027
 8028 2021-11-13  3:09     - 55 16  161 50   2.25 0.07  0.0    4  4.8 12.9      8028
 *** DISTANCE & RESIDUAL WEIGHTING CANCELLED FOR EVENT: 2021 11 13  3 15
 8029 2021-11-13  3:15     - 55 24  161 59   2.88 0.35  0.0    4 11.5 29.0      8029
 8030 2021-11-13  3:15     - 55 25  161 56   0.00 0.23  0.0    5  1.4 16.8      8030
 *** DISTANCE & RESIDUAL WEIGHTING CANCELLED FOR EVENT: 2021 11 13  3 16
 8031 2021-11-13  3:16     # 55 23  162  4   2.96 0.61  0.0    4  6.1 10.6      8031
 8032 2021-11-13  4:36     - 54 60  160 47  32.47 0.21  0.0   11 17.6 21.6      8032
 8033 2021-11-13  4:37     - 55 10  161  9   6.19 0.46  0.0    8 23.1 39.8      8033
 8034 2021-11-13  6:16     - 56 13  161 38   3.12 0.19  0.0    4 15.2 18.3      8034
 8035 2021-11-13  6:18     - 55  7  160 44   2.80 0.13  0.0    5  6.8 15.0      8035
 8036 2021-11-13  7:59     - 55 25  161 55  19.90 0.10  0.0    5  1.9 11.3      8036
 *** DISTANCE & RESIDUAL WEIGHTING CANCELLED FOR EVENT: 2021 11 13 10 29
 8037 2021-11-13 10:29     # 55 21  161 59   2.30 1.21  0.0    5 20.6 62.7      8037
 8038 2021-11-13 12:07     # 54 28  163 10   0.11 0.23  0.0    9  7.0 13.6      8038
 *** DISTANCE & RESIDUAL WEIGHTING CANCELLED FOR EVENT: 2021 11 13 13 56
 8039 2021-11-13 13:55     - 54 59  159 42   3.00 0.88  0.0    4 58.6 61.4      8039
 8040 2021-11-13 13:59     - 56  6  162 20   3.80 0.04  0.0    4  8.7 11.8      8040
  SEQ ---DATE--- TIME REMARK -LAT-  --LON-  DEPTH  RMS PMAG  NUM  ERH  ERZ  ID
 8041 2021-11-13 13:59     - 55 29  162  3   0.56 0.38  0.0    4 11.4 25.7      8041
 8042 2021-11-13 15:59     - 55 18  161 32   1.22 0.04  0.0    4  4.7 12.8      8042
 *** DISTANCE & RESIDUAL WEIGHTING CANCELLED FOR EVENT: 2021 11 13 15 59
 8043 2021-11-13 15:59     - 56  9  161 51   3.01 0.41  0.0    4 15.0 32.9      8043
 8044 2021-11-13 15:59     - 55 24  161 57  31.13 0.06  0.0    5  5.3 12.1      8044
 *** DISTANCE & RESIDUAL WEIGHTING CANCELLED FOR EVENT: 2021 11 13 16  1
 8045 2021-11-13 16:01     # 55 24  161 55   1.47 0.30  0.0    6  1.6 15.4      8045
 8046 2021-11-13 16:08     - 55 23  161 45   0.19 0.61  0.0    4 21.9 47.7      8046
 8047 2021-11-13 16:11       55 18  161 36  24.48 0.15  0.0    8  2.7  1.4      8047
 8048 2021-11-13 17:51     - 55 14  161 31   1.53 0.18  0.0    4  3.4 18.4      8048
 *** DISTANCE & RESIDUAL WEIGHTING CANCELLED FOR EVENT: 2021 11 13 17 56
 8049 2021-11-13 17:56     # 55 22  161 49   0.75 0.49  0.0    4  7.9 23.0      8049
 *** DISTANCE & RESIDUAL WEIGHTING CANCELLED FOR EVENT: 2021 11 13 18  0
 8050 2021-11-13 18:00     - 55 23  161 47   0.34 0.26  0.0    4  5.2 19.0      8050
 8051 2021-11-13 19:22     - 55 23  161 50   0.58 0.03  0.0    4  0.8 11.2      8051
 8052 2021-11-13 19:23     - 55 52  161 24   3.11 0.24  0.0    7 12.6 21.4      8052
 8053 2021-11-13 19:23     - 55 14  162 31   3.60 0.20  0.0    4 19.0  7.8      8053
 *** DISTANCE & RESIDUAL WEIGHTING CANCELLED FOR EVENT: 2021 11 13 19 24
 8054 2021-11-13 19:23     - 55 44  162 28   3.00 0.51  0.0    4 26.7 40.0      8054
 8055 2021-11-13 19:25       55 22  161 54  23.59 0.19  0.0    6  3.9  2.9      8055
  SEQ ---DATE--- TIME REMARK -LAT-  --LON-  DEPTH  RMS PMAG  NUM  ERH  ERZ  ID
 8056 2021-11-13 19:26     - 55 22  161 16   2.53 0.04  0.0    4  3.3 12.9      8056
 8057 2021-11-13 19:26     - 54 48  161  9  34.30 0.22  0.0    6 19.0 16.5      8057
 8058 2021-11-13 19:27     - 54 47  161  8  33.95 0.60  0.0    7 33.4 39.9      8058
 *** DISTANCE & RESIDUAL WEIGHTING CANCELLED FOR EVENT: 2021 11 13 19 29
 8059 2021-11-13 19:28     - 55 48  161 50   4.11 0.40  0.0    4 14.3 32.4      8059
 8060 2021-11-13 19:35     - 55 21  161 53   0.16 0.13  0.0    5  1.2 12.6      8060
 8061 2021-11-13 23:27     - 55 21  161 48   0.03 0.01  0.0    4  1.3  8.9      8061
 *** DISTANCE & RESIDUAL WEIGHTING CANCELLED FOR EVENT: 2021 11 13 23 28
 8062 2021-11-13 23:28     - 55 13  162  6   3.07 0.58  0.0    4  6.1 40.9      8062
 *** DISTANCE & RESIDUAL WEIGHTING CANCELLED FOR EVENT: 2021 11 13 23 29
 8063 2021-11-13 23:29     - 55 16  161 30   2.72 0.39  0.0    4 25.3 30.8      8063
 8064 2021-11-13 23:39     - 54 45  161 57   0.22 0.04  0.0    4  7.7 12.9      8064
 8065 2021-11-13 23:59     - 55 21  161 57  66.07 0.14  0.0    7  5.1 14.3      8065
 8066 2021-11-14  0:04     - 54 28  163 12   3.23 0.19  0.0    7  8.3 18.1      8066
 8067 2021-11-14  2:14     - 55 16  161 33   9.20 0.05  0.0    4 10.5  9.2      8067
 8068 2021-11-14  2:14     - 55  9  161 53   3.01 0.12  0.0    5  4.9 12.3      8068
 8069 2021-11-14  2:18       55 31  161 48  14.44 0.18  0.0    9  1.6  1.9      8069
 8070 2021-11-14  2:18     - 55 28  161  2   3.00 0.48  0.0    4 24.6 37.7      8070
  SEQ ---DATE--- TIME REMARK -LAT-  --LON-  DEPTH  RMS PMAG  NUM  ERH  ERZ  ID
 8071 2021-11-14  2:21     # 55 20  161 51   0.38 0.70  0.0    5  6.8 17.1      8071
 8072 2021-11-14  2:24     - 55 14  161 36   1.18 0.07  0.0    4  2.8 13.2      8072
 8073 2021-11-14  2:25     - 55 30  162  4   0.79 0.25  0.0    5  5.0 21.3      8073
 8074 2021-11-14  2:26     - 55 29  161 49   0.73 0.11  0.0    5  2.8 14.7      8074
 *** DISTANCE & RESIDUAL WEIGHTING CANCELLED FOR EVENT: 2021 11 14  2 26
 8075 2021-11-14  2:26     - 55 16  161 42   3.07 0.48  0.0    4  9.5 40.6      8075
 8076 2021-11-14  3:04     - 54 45  163 31   2.95 0.03  0.0    4  6.1 11.7      8076
 *** DISTANCE & RESIDUAL WEIGHTING CANCELLED FOR EVENT: 2021 11 14  3 12
 8077 2021-11-14  3:12     # 55  6  162 12   3.00 1.07  0.0    5 14.7 60.3      8077
 8078 2021-11-14  6:32     - 55 29  162  8   6.69 0.44  0.0    6  2.3 39.0      8078
 8079 2021-11-14  7:23     - 55 54  161 28   2.84 0.18  0.0    6  8.2 17.7      8079
 8080 2021-11-14  7:24     - 54 51  161 43   3.30 0.67  0.0    5 23.9 52.1      8080
 8081 2021-11-14  7:25       55 26  161 41   9.70 0.20  0.0    6  3.0  4.4      8081
 8082 2021-11-14  7:26       55 26  161 54  13.71 0.10  0.0    7  1.2  1.7      8082
 8083 2021-11-14  7:59     - 55 25  161 54  31.49 0.06  0.0    5  3.0 12.6      8083
 8084 2021-11-14 10:06     - 54 58  162 41   2.77 0.03  0.0    4 10.4  6.6      8084
 *** DISTANCE & RESIDUAL WEIGHTING CANCELLED FOR EVENT: 2021 11 14 10 43
 8085 2021-11-14 10:43     # 55 17  161 49   1.47 0.32  0.0    4  3.3 15.5      8085
  SEQ ---DATE--- TIME REMARK -LAT-  --LON-  DEPTH  RMS PMAG  NUM  ERH  ERZ  ID
 8086 2021-11-14 10:48     - 55 22  161 49   0.01 0.03  0.0    4  0.7  9.7      8086
 *** DISTANCE & RESIDUAL WEIGHTING CANCELLED FOR EVENT: 2021 11 14 10 48
 8087 2021-11-14 10:48     - 55 36  161  1   2.82 0.29  0.0    4 20.7 24.9      8087
 8088 2021-11-14 10:54     - 55 23  161 48   0.65 0.16  0.0    4  5.3 16.7      8088
 8089 2021-11-14 10:55       55 28  161 50   3.14 0.02  0.0    4  0.7  5.0      8089
 8090 2021-11-14 12:48     - 54 60  161 17  24.23 0.07  0.0    5 11.4  5.9      8090
 8091 2021-11-14 13:55       55 25  161 58  18.89 0.10  0.0    6  1.3  1.2      8091
 *** DISTANCE & RESIDUAL WEIGHTING CANCELLED FOR EVENT: 2021 11 14 13 55
 8092 2021-11-14 13:55     - 55  8  161  0   3.00 1.69  0.0    4 53.0 89.7      8092
 8093 2021-11-14 13:56     - 55 15  161 33   3.14 0.21  0.0    4  3.3 21.6      8093
 *** DISTANCE & RESIDUAL WEIGHTING CANCELLED FOR EVENT: 2021 11 14 13 59
 8094 2021-11-14 13:59     - 55 24  161 52   2.86 0.27  0.0    4  3.4 22.9      8094
 *** DISTANCE & RESIDUAL WEIGHTING CANCELLED FOR EVENT: 2021 11 14 14  2
 8095 2021-11-14 14:02     - 55 22  161 55   2.82 0.80  0.0    5 23.5 59.6      8095
 *** DISTANCE & RESIDUAL WEIGHTING CANCELLED FOR EVENT: 2021 11 14 14  8
 8096 2021-11-14 14:08     - 55 22  161 48   2.58 0.29  0.0    4 14.7 15.3      8096
 8097 2021-11-14 15:59     - 55 43  161 16   4.87 0.10  0.0    6  9.3 15.1      8097
 8098 2021-11-14 17:14     - 55  9  163 15   3.26 0.44  0.0    5 17.3 34.7      8098
 8099 2021-11-14 17:15     - 55 21  162 17   1.43 0.67  0.0    7  3.1 52.5      8099
 8100 2021-11-14 17:16       55 31  161 51   5.09 0.14  0.0    5  2.0  1.7      8100
  SEQ ---DATE--- TIME REMARK -LAT-  --LON-  DEPTH  RMS PMAG  NUM  ERH  ERZ  ID
 8101 2021-11-14 17:16     - 55 41  161 11   3.00 0.75  0.0    4 57.0 31.6      8101
 8102 2021-11-14 17:18       55 21  161 46   3.51 0.13  0.0    6  0.9  1.2      8102
 *** DISTANCE & RESIDUAL WEIGHTING CANCELLED FOR EVENT: 2021 11 14 17 18
 8103 2021-11-14 17:18     - 55 11  161 38   8.52 1.09  0.0    4 27.5 89.3      8103
 8104 2021-11-14 17:25     # 55 17  161 39  32.83 0.05  0.0    5  8.3  1.8      8104
 *** DISTANCE & RESIDUAL WEIGHTING CANCELLED FOR EVENT: 2021 11 14 17 26
 8105 2021-11-14 17:26     - 55 33  161 58   1.84 0.23  0.0    4  5.3 18.9      8105
 *** DISTANCE & RESIDUAL WEIGHTING CANCELLED FOR EVENT: 2021 11 14 17 27
 8106 2021-11-14 17:27     - 55 15  161 22   3.52 0.32  0.0    4  8.0 29.0      8106
 8107 2021-11-14 18:28     - 55  5  162 52   1.50 0.10  0.0    5  2.8 15.2      8107
 8108 2021-11-14 19:19     - 55 25  161 53   1.58 0.04  0.0    5  0.8  9.3      8108
 8109 2021-11-14 19:23       55 22  161 48  20.94 0.20  0.0    8  2.7  1.2      8109
 8110 2021-11-14 19:26       55 28  161 52  11.58 0.11  0.0    5  1.2  3.3      8110
 *** DISTANCE & RESIDUAL WEIGHTING CANCELLED FOR EVENT: 2021 11 14 19 27
 8111 2021-11-14 19:27     - 55 15  161 49   2.47 0.29  0.0    4  8.4 26.1      8111
 8112 2021-11-14 19:32     - 55 15  161 39   1.78 0.15  0.0    4 15.8 13.8      8112
 8113 2021-11-14 19:34     # 55 21  161 54   0.11 0.29  0.0    7  1.4 10.0      8113
 *** DISTANCE & RESIDUAL WEIGHTING CANCELLED FOR EVENT: 2021 11 14 19 35
 8114 2021-11-14 19:35     - 55 28  161 42   0.00 0.42  0.0    4  7.0 37.0      8114
 8115 2021-11-14 22:28       55 27  161 57  14.02 0.07  0.0    5  1.2  0.9      8115
 *** DISTANCE & RESIDUAL WEIGHTING CANCELLED FOR EVENT: 2021 11 14 22 28
  SEQ ---DATE--- TIME REMARK -LAT-  --LON-  DEPTH  RMS PMAG  NUM  ERH  ERZ  ID
 8116 2021-11-14 22:28     - 55 26  162  8   3.00 1.02  0.0    4 54.3 27.4      8116
 8117 2021-11-14 22:34     - 55 21  161 46   0.27 0.20  0.0    4  9.9 15.4      8117
 8118 2021-11-14 22:42     - 55 23  161 52   0.68 0.06  0.0    5  0.9 11.3      8118
 *** DISTANCE & RESIDUAL WEIGHTING CANCELLED FOR EVENT: 2021 11 14 22 44
 8119 2021-11-14 22:44     - 55 59  161 22   3.01 0.66  0.0    5 43.0 51.6      8119
 *** DISTANCE & RESIDUAL WEIGHTING CANCELLED FOR EVENT: 2021 11 14 22 45
 8120 2021-11-14 22:45     - 56 20  161 15   2.99 0.48  0.0    4 17.6 38.3      8120
 8121 2021-11-14 23:59     - 55 24  161 55  26.77 0.08  0.0    6  2.1 11.1      8121
 8122 2021-11-15  0:46     - 54 49  161  6   2.92 0.20  0.0   15  6.9 14.6      8122
 *** DISTANCE & RESIDUAL WEIGHTING CANCELLED FOR EVENT: 2021 11 15  1 23
 8123 2021-11-15  1:23     # 55 19  161 40   9.97 0.67  0.0    6  5.4  7.1      8123
 8124 2021-11-15  1:29       55 22  161 47   7.28 0.08  0.0    5  3.3  3.5      8124
 8125 2021-11-15  1:32     - 55 21  161 50   0.06 0.01  0.0    4  1.1 10.0      8125
 8126 2021-11-15  2:05     - 54 29  161 41   2.50 0.23  0.0    8  9.6 20.4      8126
 8127 2021-11-15  3:36     - 55 23  161 51   0.69 0.14  0.0    4  1.4 14.8      8127
 8128 2021-11-15  3:37       54 52  162  9   0.01 0.05  0.0    5  5.5  3.4      8128
 *** DISTANCE & RESIDUAL WEIGHTING CANCELLED FOR EVENT: 2021 11 15  3 37
 8129 2021-11-15  3:37     - 54 45  162 11   2.99 0.38  0.0    4 31.3  5.3      8129
 *** DISTANCE & RESIDUAL WEIGHTING CANCELLED FOR EVENT: 2021 11 15  3 43
 8130 2021-11-15  3:43     - 55 22  161 54   0.75 0.43  0.0    4  4.2 31.9      8130
  SEQ ---DATE--- TIME REMARK -LAT-  --LON-  DEPTH  RMS PMAG  NUM  ERH  ERZ  ID
 8131 2021-11-15  3:50     - 55 19  161 53  19.43 0.07  0.0    4  5.7 11.3      8131
 8132 2021-11-15  5:14     - 54 54  162 11   2.83 0.01  0.0    4  9.4  7.7      8132
 *** DISTANCE & RESIDUAL WEIGHTING CANCELLED FOR EVENT: 2021 11 15  5 49
 8133 2021-11-15  5:49     - 55  7  161 52   3.01 0.86  0.0    4 32.9 71.4      8133
 8134 2021-11-15  5:51       55 21  161 47  24.45 0.16  0.0    8  2.3  1.2      8134
 8135 2021-11-15  5:53     - 55 15  162  9   2.91 0.06  0.0    4 11.1  9.3      8135
 8136 2021-11-15  6:18     - 55 23  162 50   4.16 0.85  0.0    6 26.2 55.5      8136
 *** DISTANCE & RESIDUAL WEIGHTING CANCELLED FOR EVENT: 2021 11 15  6 25
 8137 2021-11-15  6:25     - 55 44  161 33   3.00 0.72  0.0    6 25.7 55.4      8137
 8138 2021-11-15  7:59     - 55 30  162  5   3.24 0.06  0.0    4 11.6 13.4      8138
 8139 2021-11-15  8:49     - 55 15  161 36   2.60 0.05  0.0    5  1.8 10.5      8139
 8140 2021-11-15  8:54       55 22  161 48   7.23 0.00  0.0    4  3.6  4.4      8140
 8141 2021-11-15  8:56     # 55 18  161 51   0.38 0.13  0.0    5  4.0  8.4      8141
 8142 2021-11-15  9:12     - 55 10  162 23   5.12 0.13  0.0    4 15.7 16.2      8142
 8143 2021-11-15  9:15     - 54 37  161 28   3.05 0.08  0.0    7  4.5 10.9      8143
 8144 2021-11-15  9:19       55 17  160 39  30.60 0.11  0.0   13  2.1  0.7      8144
 8145 2021-11-15 10:12     - 54 26  163 10   3.40 0.16  0.0    6  8.5 16.4      8145
  SEQ ---DATE--- TIME REMARK -LAT-  --LON-  DEPTH  RMS PMAG  NUM  ERH  ERZ  ID
 8146 2021-11-15 11:22       55 18  161 41  17.45 0.16  0.0    7  3.5  1.4      8146
 *** DISTANCE & RESIDUAL WEIGHTING CANCELLED FOR EVENT: 2021 11 15 11 25
 8147 2021-11-15 11:25     - 55 21  162  1   2.25 0.19  0.0    4  9.4 18.3      8147
 8148 2021-11-15 11:26     - 55 12  160 60   2.12 0.20  0.0    5  8.6 18.8      8148
 8149 2021-11-15 11:29     - 55 20  161 47   0.0117.08  0.0    4 98.9 98.9      8149
 *** DISTANCE & RESIDUAL WEIGHTING CANCELLED FOR EVENT: 2021 11 15 11 29
 8150 2021-11-15 11:29     - 55 16  161 45   3.08 0.52  0.0    4 12.1 42.2      8150
 8151 2021-11-15 11:32     - 55 20  161 47   0.34 0.11  0.0    4  6.5 13.3      8151
 *** DISTANCE & RESIDUAL WEIGHTING CANCELLED FOR EVENT: 2021 11 15 11 44
 8152 2021-11-15 11:43     - 55 25  161 29   8.40 0.22  0.0    4 14.3 14.1      8152
 8153 2021-11-15 12:32     - 54 35  163 19   2.85 0.04  0.0    4  8.6 11.8      8153
 8154 2021-11-15 13:05       55 33  161 52  14.68 0.02  0.0    5  1.8  2.2      8154
 8155 2021-11-15 13:09       55 22  161 56  11.79 0.22  0.0   10  1.1  1.9      8155
 8156 2021-11-15 13:18     - 54 40  161 46   0.01 0.71  0.0    5 43.4 55.3      8156
 8157 2021-11-15 14:17     - 54 30  163 14   2.96 0.18  0.0    6 10.4 18.0      8157
 *** DISTANCE & RESIDUAL WEIGHTING CANCELLED FOR EVENT: 2021 11 15 14 18
 8158 2021-11-15 14:18     - 54 49  162 40  17.11 0.48  0.0    4 29.6 39.1      8158
 8159 2021-11-15 14:21       55 14  161 48   5.95 0.04  0.0    5  1.0  1.3      8159
 *** DISTANCE & RESIDUAL WEIGHTING CANCELLED FOR EVENT: 2021 11 15 14 34
 8160 2021-11-15 14:34     - 55 21  161 45   8.55 0.41  0.0    5 22.3 14.7      8160
  SEQ ---DATE--- TIME REMARK -LAT-  --LON-  DEPTH  RMS PMAG  NUM  ERH  ERZ  ID
 8161 2021-11-15 14:34     - 55 26  161 52   1.23 0.13  0.0    5  1.0 13.9      8161
 8162 2021-11-15 14:36     - 55  1  160 56   2.77 0.30  0.0    4 11.8 25.5      8162
 8163 2021-11-15 14:39     - 55 24  161 49   1.46 0.05  0.0    4  1.8 11.3      8163
 8164 2021-11-15 14:41     - 55 30  161 51   0.00 0.07  0.0    4  2.9 13.7      8164
 *** DISTANCE & RESIDUAL WEIGHTING CANCELLED FOR EVENT: 2021 11 15 14 45
 8165 2021-11-15 14:45     - 55  5  161 56   2.49 0.70  0.0    4 39.3 58.7      8165
 *** DISTANCE & RESIDUAL WEIGHTING CANCELLED FOR EVENT: 2021 11 15 14 47
 8166 2021-11-15 14:47     # 55 21  162  4   2.94 0.82  0.0    5  5.6 17.3      8166
 *** DISTANCE & RESIDUAL WEIGHTING CANCELLED FOR EVENT: 2021 11 15 14 49
 8167 2021-11-15 14:49     - 55 21  161 47   0.49 0.95  0.0    4 24.8 69.0      8167
 *** DISTANCE & RESIDUAL WEIGHTING CANCELLED FOR EVENT: 2021 11 15 14 51
 8168 2021-11-15 14:51     # 55 24  162  8   7.15 0.49  0.0    5 16.4 11.6      8168
 8169 2021-11-15 15:55     - 55 16  161 34   2.76 0.03  0.0    4  4.1 11.1      8169
 8170 2021-11-15 15:56     - 55 26  161 52   2.79 0.00  0.0    4  1.4  9.5      8170
 *** DISTANCE & RESIDUAL WEIGHTING CANCELLED FOR EVENT: 2021 11 15 16  2
 8171 2021-11-15 16:02     - 55 24  161 48   0.75 0.58  0.0    5  8.1 37.5      8171
 8172 2021-11-15 17:16     - 55 15  161 27   7.01 0.03  0.0    4  1.6 12.5      8172
 8173 2021-11-15 17:16       55 18  161 59  16.67 0.02  0.0    5  4.0  1.8      8173
 8174 2021-11-15 17:16     - 55 26  160 59   3.00 0.45  0.0    4 22.6 36.0      8174
 *** DISTANCE & RESIDUAL WEIGHTING CANCELLED FOR EVENT: 2021 11 15 17 22
 8175 2021-11-15 17:22     - 55 18  162  7   1.98 0.39  0.0    4 20.9 30.0      8175
  SEQ ---DATE--- TIME REMARK -LAT-  --LON-  DEPTH  RMS PMAG  NUM  ERH  ERZ  ID
 8176 2021-11-15 17:25     - 55 24  161 53   0.75 0.08  0.0    4  0.8 14.2      8176
 8177 2021-11-15 20:41     - 55 28  161 59   3.89 0.11  0.0    5  3.3 15.0      8177
 *** DISTANCE & RESIDUAL WEIGHTING CANCELLED FOR EVENT: 2021 11 15 20 42
 8178 2021-11-15 20:42     - 55 46  161 40   0.71 0.12  0.0    4 11.4 16.1      8178
 8179 2021-11-15 20:43     - 55 14  162  0   1.50 1.22  0.0    4 72.9 84.8      8179
 8180 2021-11-15 20:43     - 55 16  161 35   2.50 0.07  0.0    5  2.0 11.5      8180
 *** DISTANCE & RESIDUAL WEIGHTING CANCELLED FOR EVENT: 2021 11 15 20 44
 8181 2021-11-15 20:44     # 55 20  161 50   3.00 0.87  0.0    4 21.9 20.8      8181
 8182 2021-11-15 20:49     - 55 28  161 48   2.78 0.09  0.0    4  4.8 13.8      8182
 8183 2021-11-15 20:49     - 55 22  161 50   0.12 0.02  0.0    4  0.5 10.6      8183
 8184 2021-11-15 20:51       55 23  161 54   4.28 0.00  0.0    4  0.9  5.5      8184
 8185 2021-11-15 20:57     - 55 23  161 49  14.16 0.08  0.0    4  5.4 10.4      8185
 8186 2021-11-15 21:18     - 55 38  161 41   3.02 0.52  0.0    6  6.8 39.9      8186
 8187 2021-11-15 21:19     # 55  9  162  8   2.84 0.66  0.0    4  5.2 32.7      8187
 8188 2021-11-15 23:13     - 55 14  161 27   7.61 0.13  0.0    4  3.9 15.9      8188
 8189 2021-11-15 23:15     - 55 18  161 31   1.06 0.14  0.0    5  1.6 15.9      8189
 *** DISTANCE & RESIDUAL WEIGHTING CANCELLED FOR EVENT: 2021 11 15 23 19
 8190 2021-11-15 23:19     - 55 21  161 44   0.75 0.40  0.0    4 17.4 24.4      8190
  SEQ ---DATE--- TIME REMARK -LAT-  --LON-  DEPTH  RMS PMAG  NUM  ERH  ERZ  ID
 8191 2021-11-15 23:19     - 55 24  161 57   1.29 0.04  0.0    4  2.6 11.9      8191
 8192 2021-11-15 23:22     - 54 59  162 17   0.13 0.09  0.0    5  1.1 14.5      8192
 *** DISTANCE & RESIDUAL WEIGHTING CANCELLED FOR EVENT: 2021 11 15 23 22
 8193 2021-11-15 23:22     - 54 57  162 21   3.00 0.61  0.0    5 49.1  3.9      8193
 *** DISTANCE & RESIDUAL WEIGHTING CANCELLED FOR EVENT: 2021 11 15 23 26
 8194 2021-11-15 23:25     - 55 24  161 48   1.30 0.38  0.0    5  5.3 27.6      8194
 8195 2021-11-15 23:31     - 55 27  161 44   0.86 0.04  0.0    4  7.3 12.3      8195
 8196 2021-11-15 23:59     - 55 25  161 57   3.00 0.10  0.0    5  1.2 13.8      8196
 8197 2021-11-16  2:11     - 54 55  161 12   3.01 0.11  0.0    5 14.2 15.5      8197
 8198 2021-11-16  3:30       55 19  161 49   2.69 0.00  0.0    4  1.1  1.5      8198
 8199 2021-11-16  3:30     - 55 23  161 50   0.08 0.08  0.0    4  1.5 11.3      8199
 *** DISTANCE & RESIDUAL WEIGHTING CANCELLED FOR EVENT: 2021 11 16  3 49
 8200 2021-11-16  3:49     - 54 59  160 30   3.00 0.50  0.0    4 33.6 39.6      8200
 8201 2021-11-16  6:56     - 55 20  161 28   1.60 0.05  0.0    4  2.9 12.8      8201
 8202 2021-11-16  6:59       55 26  161 50  16.47 0.09  0.0    6  3.1  1.7      8202
 8203 2021-11-16  7:00     - 55 24  161 52   2.90 0.04  0.0    4  1.8 10.4      8203
 8204 2021-11-16  7:04     # 55 23  161 50   0.08 0.08  0.0    5  0.7  9.4      8204
 *** DISTANCE & RESIDUAL WEIGHTING CANCELLED FOR EVENT: 2021 11 16  7  5
 8205 2021-11-16  7:04     - 55 37  161 10   3.79 0.13  0.0    4 13.5 15.1      8205
  SEQ ---DATE--- TIME REMARK -LAT-  --LON-  DEPTH  RMS PMAG  NUM  ERH  ERZ  ID
 8206 2021-11-16  7:06     - 55 25  161 48   1.23 0.07  0.0    4  2.4  9.7      8206
 8207 2021-11-16  7:06     - 55 24  161 50   0.00 0.75  0.0    4  3.3 63.1      8207
 *** DISTANCE & RESIDUAL WEIGHTING CANCELLED FOR EVENT: 2021 11 16  7 15
 8208 2021-11-16  7:15     # 55 14  161 28   2.21 0.70  0.0    4 24.2  8.0      8208
 *** DISTANCE & RESIDUAL WEIGHTING CANCELLED FOR EVENT: 2021 11 16  8  0
 8209 2021-11-16  7:59     # 55 36  162 27   3.00 0.92  0.0    6 45.9 16.2      8209
 8210 2021-11-16  8:03     - 55  4  161 31  28.03 0.20  0.0    4 16.4  7.4      8210
 *** DISTANCE & RESIDUAL WEIGHTING CANCELLED FOR EVENT: 2021 11 16  8  3
 8211 2021-11-16  8:03     - 54 45  161 13  10.97 0.65  0.0    6 48.8 10.8      8211
 *** DISTANCE & RESIDUAL WEIGHTING CANCELLED FOR EVENT: 2021 11 16 10 51
 8212 2021-11-16 10:51     # 55 19  161 52   9.52 1.04  0.0    6 10.5  7.3      8212
 8213 2021-11-16 10:54     - 55 22  161 51   0.03 0.01  0.0    4  0.7  9.3      8213
 8214 2021-11-16 14:00       55 25  161 53  21.17 0.06  0.0    5  2.3  1.8      8214
 *** DISTANCE & RESIDUAL WEIGHTING CANCELLED FOR EVENT: 2021 11 16 14  0
 8215 2021-11-16 14:00     - 55 40  162  6   3.00 0.60  0.0    4 35.3 13.4      8215
 8216 2021-11-16 14:04     - 55 48  162 58   2.88 0.11  0.0    4  6.7 13.7      8216
 *** DISTANCE & RESIDUAL WEIGHTING CANCELLED FOR EVENT: 2021 11 16 14  7
 8217 2021-11-16 14:07     - 55 29  162  0   0.09 0.56  0.0    5  9.0 33.1      8217
 8218 2021-11-16 14:09     - 55 28  161 38  21.60 0.11  0.0    5  9.8 11.4      8218
 *** DISTANCE & RESIDUAL WEIGHTING CANCELLED FOR EVENT: 2021 11 16 14 14
 8219 2021-11-16 14:14     # 55 14  161 52  23.66 0.98  0.0    5 14.5 16.1      8219
 *** DISTANCE & RESIDUAL WEIGHTING CANCELLED FOR EVENT: 2021 11 16 15  8
 8220 2021-11-16 15:08     - 55 24  161 44   0.12 0.36  0.0    4 26.5 31.4      8220
  SEQ ---DATE--- TIME REMARK -LAT-  --LON-  DEPTH  RMS PMAG  NUM  ERH  ERZ  ID
 8221 2021-11-16 15:18     - 54 34  162 28   2.96 0.18  0.0   10  8.4 17.9      8221
 *** DISTANCE & RESIDUAL WEIGHTING CANCELLED FOR EVENT: 2021 11 16 16  0
 8222 2021-11-16 15:59     - 55 53  160 41   4.11 0.77  0.0    4 27.4 59.6      8222
 8223 2021-11-16 16:50     - 55 16  160 54   1.05 0.21  0.0    4  8.8 19.2      8223
 *** DISTANCE & RESIDUAL WEIGHTING CANCELLED FOR EVENT: 2021 11 16 16 51
 8224 2021-11-16 16:51     - 55 15  161 34   2.84 0.43  0.0    4  5.7 37.4      8224
 8225 2021-11-16 18:50       54 29  162 37  46.20 0.20  0.0   10 10.1  4.8      8225
 8226 2021-11-16 18:50     - 55  1  162  9   2.39 0.05  0.0    5 11.9  2.1      8226
 8227 2021-11-16 19:39     - 54 27  161 57   2.23 0.21  0.0    6  8.9 19.4      8227
 8228 2021-11-16 20:07     # 55 23  161 40  20.52 0.17  0.0    5  5.5  1.4      8228
 8229 2021-11-16 20:07     - 55 38  161 10   3.18 0.07  0.0    4 11.4 12.7      8229
 *** DISTANCE & RESIDUAL WEIGHTING CANCELLED FOR EVENT: 2021 11 16 20 12
 8230 2021-11-16 20:12     - 55 18  162  8   3.00 0.46  0.0    4 20.1 34.9      8230
 8231 2021-11-16 20:13     - 55 26  161 52   2.46 0.09  0.0    4  2.4 12.7      8231
 8232 2021-11-16 22:56     - 55 14  161 36   2.10 0.03  0.0    4  2.6 10.6      8232
 8233 2021-11-16 22:57     - 55 27  161 52   0.61 0.06  0.0    4  0.9 13.5      8233
 8234 2021-11-16 23:00     - 55 13  161 39   7.28 0.15  0.0    4  5.1 14.0      8234
 8235 2021-11-16 23:01     - 55 13  161 20  13.60 0.10  0.0    5  4.6 11.3      8235
  SEQ ---DATE--- TIME REMARK -LAT-  --LON-  DEPTH  RMS PMAG  NUM  ERH  ERZ  ID
 8236 2021-11-16 23:02     - 55 25  161 53   2.53 0.10  0.0    4  1.7 12.4      8236
 8237 2021-11-16 23:08     - 55 24  161 44   0.01 0.21  0.0    5 11.2 21.1      8237
 8238 2021-11-16 23:59     - 55 25  161 56   3.00 0.12  0.0    5  1.3 14.4      8238
 8239 2021-11-17  2:35     - 55 12  162  6   3.00 1.01  0.0    4 83.5 58.9      8239
 8240 2021-11-17  2:41     - 55 23  161 52   0.73 0.07  0.0    4  1.0 11.0      8240
 8241 2021-11-17  2:43     - 55 43  160 34   2.95 0.10  0.0    5  6.3 13.7      8241
 8242 2021-11-17  2:54     - 55 26  162  4   0.99 0.34  0.0    6  3.3 27.7      8242
 8243 2021-11-17  2:54       54 57  162 48   2.84 0.08  0.0    6  2.4  1.0      8243
 *** DISTANCE & RESIDUAL WEIGHTING CANCELLED FOR EVENT: 2021 11 17  4 30
 8244 2021-11-17  4:30     - 55 46  161 12   2.99 0.82  0.0    5 58.3 63.0      8244
 8245 2021-11-17  6:12     - 54 60  162 18   0.90 0.03  0.0    6  1.6  9.1      8245
 8246 2021-11-17  6:12     - 54 60  162 19   1.28 0.04  0.0    5  3.3 12.4      8246
 *** DISTANCE & RESIDUAL WEIGHTING CANCELLED FOR EVENT: 2021 11 17  6 30
 8247 2021-11-17  6:30     - 55 29  161 27   3.02 0.18  0.0    4  3.8 19.0      8247
 *** DISTANCE & RESIDUAL WEIGHTING CANCELLED FOR EVENT: 2021 11 17  6 33
 8248 2021-11-17  6:32     - 55 50  161 32   3.19 0.12  0.0    4 11.4 14.7      8248
 *** DISTANCE & RESIDUAL WEIGHTING CANCELLED FOR EVENT: 2021 11 17  6 33
 8249 2021-11-17  6:33     - 55 36  162  5   3.00 0.39  0.0    4 13.5 30.6      8249
 *** DISTANCE & RESIDUAL WEIGHTING CANCELLED FOR EVENT: 2021 11 17  6 35
 8250 2021-11-17  6:35     # 55 23  161 47   3.00 0.86  0.0    4 16.9 16.4      8250
  SEQ ---DATE--- TIME REMARK -LAT-  --LON-  DEPTH  RMS PMAG  NUM  ERH  ERZ  ID
 8251 2021-11-17  6:43     - 55 14  162  7   1.47 0.30  0.0    5 22.8 16.8      8251
 8252 2021-11-17  6:44     - 55 23  160 52   2.90 0.06  0.0    5  5.6 12.1      8252
 8253 2021-11-17  6:49     - 55 19  161 51   0.43 0.21  0.0    4  7.5 19.1      8253
 *** DISTANCE & RESIDUAL WEIGHTING CANCELLED FOR EVENT: 2021 11 17  6 56
 8254 2021-11-17  6:56     - 55 25  161 43   0.74 0.41  0.0    4  6.0 32.5      8254
 8255 2021-11-17  9:37     - 55 21  161 45   0.38 0.24  0.0    4 11.6 15.5      8255
 8256 2021-11-17 10:03     - 54 32  162  0   3.18 0.16  0.0   13  7.3 15.7      8256
 8257 2021-11-17 11:23     - 55 20  161 47   0.02 0.07  0.0    4  1.3 11.7      8257
 8258 2021-11-17 11:28       55 22  161 47  19.70 0.14  0.0    8  2.4  1.0      8258
 8259 2021-11-17 11:29     - 55 15  161 56   1.56 0.01  0.0    4  6.0 10.5      8259
 8260 2021-11-17 11:31     - 55 17  162  3   0.28 0.17  0.0    4 16.7 12.4      8260
 8261 2021-11-17 11:36     - 55 22  161 48   0.04 0.84  0.0    4  7.1 53.0      8261
 8262 2021-11-17 15:59       55 23  161 56  16.96 0.06  0.0    6  1.6  9.3      8262
 8263 2021-11-17 16:11     - 55 45  161 26   3.89 0.12  0.0    8  6.4 12.7      8263
 8264 2021-11-17 16:49     - 55 56  161 27   3.01 0.18  0.0    4 16.8 17.6      8264
 *** DISTANCE & RESIDUAL WEIGHTING CANCELLED FOR EVENT: 2021 11 17 17  7
 8265 2021-11-17 17:07     - 54 44  161 20   3.10 0.58  0.0    4 42.7 44.8      8265
  SEQ ---DATE--- TIME REMARK -LAT-  --LON-  DEPTH  RMS PMAG  NUM  ERH  ERZ  ID
 8266 2021-11-17 17:13       55  9  162 11   2.51 0.96  0.0    5  5.8 25.0      8266
 8267 2021-11-17 17:13     - 55  3  162 13   2.50 0.07  0.0    4  4.0 12.0      8267
 8268 2021-11-17 20:19     - 54 40  161 22  16.61 0.24  0.0    8 19.7 23.4      8268
 8269 2021-11-17 20:19       54 42  161 11   8.29 0.31  0.0    8 15.6  6.3      8269
 *** DISTANCE & RESIDUAL WEIGHTING CANCELLED FOR EVENT: 2021 11 17 20 22
 8270 2021-11-17 20:22     - 55 20  161 42   0.00 0.18  0.0    4 10.8 19.3      8270
 8271 2021-11-17 20:23       55 22  161 54   4.49 0.10  0.0    6  2.0  6.0      8271
 8272 2021-11-17 20:25     - 55 21  161 49   0.13 0.29  0.0    4 14.0 24.2      8272
 *** DISTANCE & RESIDUAL WEIGHTING CANCELLED FOR EVENT: 2021 11 17 20 32
 8273 2021-11-17 20:32     - 55 24  161 53   2.98 0.30  0.0    5  2.4 21.4      8273
 8274 2021-11-17 20:34       55 19  161 41  17.60 0.10  0.0    7  3.1  1.1      8274
 *** DISTANCE & RESIDUAL WEIGHTING CANCELLED FOR EVENT: 2021 11 17 20 34
 8275 2021-11-17 20:34     # 55 49  161 50   1.87 0.32  0.0    5 16.2  3.2      8275
 8276 2021-11-17 20:39     - 54 30  160 42   2.43 0.03  0.0    4  5.3 11.5      8276
 8277 2021-11-17 20:40     - 54 56  163  7   3.02 0.01  0.0    4  5.5 11.2      8277
 8278 2021-11-17 22:50     - 54 59  162 20   0.02 3.58  0.0    5 17.8 98.3      8278
 8279 2021-11-17 23:18     - 54 46  162 45   2.76 0.10  0.0    6 11.8  4.0      8279
 8280 2021-11-17 23:59     - 55 25  161 55  26.57 0.07  0.0    6  2.9 11.8      8280
  SEQ ---DATE--- TIME REMARK -LAT-  --LON-  DEPTH  RMS PMAG  NUM  ERH  ERZ  ID
 8281 2021-11-18  0:22     - 55 45  162 58   0.01 0.07  0.0    4  5.8 12.6      8281
 8282 2021-11-18  0:24     - 55 24  162 47   6.97 0.33  0.0    8  2.6 30.1      8282
 8283 2021-11-18  0:31       55 22  162 34   2.46 0.45  0.0    9  3.9  1.9      8283
 8284 2021-11-18  2:20     - 54 57  160 58  39.79 0.22  0.0    6 18.1  8.5      8284
 8285 2021-11-18  2:20     - 54 59  161 40   1.31 0.15  0.0    5  2.9 14.4      8285
 8286 2021-11-18  3:21     - 54 56  160 58  33.65 0.24  0.0   10 17.3 22.6      8286
 8287 2021-11-18  3:21     - 54 50  160 40  33.15 0.43  0.0   11 23.9 38.1      8287
 8288 2021-11-18  4:44     - 54 53  161  1   3.13 0.08  0.0    5  5.6 12.7      8288
 *** DISTANCE & RESIDUAL WEIGHTING CANCELLED FOR EVENT: 2021 11 18  4 45
 8289 2021-11-18  4:45     # 55 11  161 50   6.30 0.93  0.0    5  9.2  4.8      8289
 8290 2021-11-18  5:15     - 55 25  162  1   3.16 0.08  0.0    4  1.5 13.0      8290
 8291 2021-11-18  5:16     - 55 27  161 51   1.98 0.06  0.0    4  3.0 12.4      8291
 *** DISTANCE & RESIDUAL WEIGHTING CANCELLED FOR EVENT: 2021 11 18  5 17
 8292 2021-11-18  5:16     - 55 34  162  9   2.56 0.90  0.0    6 14.5 53.6      8292
 8293 2021-11-18  5:17     - 55 35  161 30  11.83 0.14  0.0    5  6.8 14.4      8293
 8294 2021-11-18  5:20     - 55 27  161 23   3.00 0.22  0.0    5  2.2 21.9      8294
 8295 2021-11-18  7:59     - 55 25  161 55  24.41 0.07  0.0    6  2.5 12.0      8295
 *** DISTANCE & RESIDUAL WEIGHTING CANCELLED FOR EVENT: 2021 11 18  8 41
  SEQ ---DATE--- TIME REMARK -LAT-  --LON-  DEPTH  RMS PMAG  NUM  ERH  ERZ  ID
 8296 2021-11-18  8:41     - 55 29  163 12   3.00 1.01  0.0    4 46.6 77.4      8296
 8297 2021-11-18  9:27     - 55 19  161 32   2.72 0.17  0.0    5  3.0 18.2      8297
 8298 2021-11-18  9:33     - 55 21  161 49   0.00 0.46  0.0    5  4.9 36.9      8298
 8299 2021-11-18  9:53     - 55  0  162 16   2.95 0.03  0.0    4  2.6 12.2      8299
 8300 2021-11-18 13:55     - 55 22  161 49   0.20 0.12  0.0    4  4.9 11.1      8300
 8301 2021-11-18 13:57     - 55 16  161 34   3.09 0.06  0.0    6  1.4 10.1      8301
 8302 2021-11-18 13:58     - 55 15  161 57   0.94 0.05  0.0    4  5.9 11.7      8302
 *** DISTANCE & RESIDUAL WEIGHTING CANCELLED FOR EVENT: 2021 11 18 14  0
 8303 2021-11-18 14:00     - 55 22  161 56   0.75 0.54  0.0    4  6.5 33.2      8303
 8304 2021-11-18 14:06       54 57  162 17   5.31 0.04  0.0    6  6.9  5.6      8304
 *** DISTANCE & RESIDUAL WEIGHTING CANCELLED FOR EVENT: 2021 11 18 14  7
 8305 2021-11-18 14:06     # 55  4  162 11   3.00 1.03  0.0    5  9.7  6.1      8305
 *** DISTANCE & RESIDUAL WEIGHTING CANCELLED FOR EVENT: 2021 11 18 14  7
 8306 2021-11-18 14:07     - 55 10  162  4   3.45 1.07  0.0    4 10.9 78.6      8306
 8307 2021-11-18 14:14     - 54 41  161 56  39.31 0.08  0.0    5  6.6  9.5      8307
 8308 2021-11-18 14:19     - 54 43  161 57   0.01 0.09  0.0    4 10.1  3.4      8308
 8309 2021-11-18 14:45     - 54 36  161 18   2.96 0.18  0.0   18  6.8 14.4      8309
 8310 2021-11-18 15:59     - 55 24  161 55  23.03 0.08  0.0    6  2.0 11.6      8310
  SEQ ---DATE--- TIME REMARK -LAT-  --LON-  DEPTH  RMS PMAG  NUM  ERH  ERZ  ID
 8311 2021-11-18 17:07       55 13  161 54  22.81 0.06  0.0    5  1.8  2.9      8311
 8312 2021-11-18 17:49       55 25  161 53  17.65 0.15  0.0    8  1.7  1.3      8312
 *** DISTANCE & RESIDUAL WEIGHTING CANCELLED FOR EVENT: 2021 11 18 17 49
 8313 2021-11-18 17:49     - 55 15  161 58   0.25 0.17  0.0    4 11.7 16.0      8313
 8314 2021-11-18 17:54       55 23  161 37  21.97 0.17  0.0    8  3.2  1.2      8314
 *** DISTANCE & RESIDUAL WEIGHTING CANCELLED FOR EVENT: 2021 11 18 17 55
 8315 2021-11-18 17:54     - 55 38  162  9   3.00 0.48  0.0    4 20.4 39.5      8315
 8316 2021-11-18 17:55     - 55 25  161 53   0.06 0.14  0.0    5  1.2 16.1      8316
 8317 2021-11-18 17:55     - 55 29  162 13   0.67 0.14  0.0    4 11.5 15.7      8317
 8318 2021-11-18 18:00     - 55 23  161 54   0.38 0.50  0.0    4  4.9 32.6      8318
 *** DISTANCE & RESIDUAL WEIGHTING CANCELLED FOR EVENT: 2021 11 18 18  2
 8319 2021-11-18 18:02     - 55 16  161 38   3.00 0.40  0.0    4 34.1 27.4      8319
 8320 2021-11-18 18:06     - 55 55  161 56   3.19 0.15  0.0    6  7.3 16.1      8320
 8321 2021-11-18 19:34     - 54 60  161 23  20.46 0.16  0.0    5 17.0  6.5      8321
 8322 2021-11-18 19:34     - 55  2  161 14   3.06 0.18  0.0    4 17.4 19.2      8322
 *** DISTANCE & RESIDUAL WEIGHTING CANCELLED FOR EVENT: 2021 11 18 19 35
 8323 2021-11-18 19:34     - 54 50  162 45   3.07 0.50  0.0    4 32.3 43.0      8323
 8324 2021-11-18 20:18       55 23  161 47   5.66 0.00  0.0    4  2.4  1.3      8324
 8325 2021-11-18 23:59     - 55 25  161 56  25.75 0.06  0.0    6  2.6 12.1      8325
 *** DISTANCE & RESIDUAL WEIGHTING CANCELLED FOR EVENT: 2021 11 19  0 29
  SEQ ---DATE--- TIME REMARK -LAT-  --LON-  DEPTH  RMS PMAG  NUM  ERH  ERZ  ID
 8326 2021-11-19  0:28     - 55 23  161 50   1.51 0.51  0.0    4  7.5 35.6      8326
 8327 2021-11-19  1:38     - 55 56  162  1   3.03 0.07  0.0    4 10.5 12.7      8327
 8328 2021-11-19  1:51     - 55 23  161 46  16.42 0.39  0.0    4 13.9 25.2      8328
 8329 2021-11-19  1:53     - 55 29  161 55   3.05 0.13  0.0    4  2.5 16.3      8329
 *** DISTANCE & RESIDUAL WEIGHTING CANCELLED FOR EVENT: 2021 11 19  1 53
 8330 2021-11-19  1:53     - 55 35  162  8   3.00 0.53  0.0    4 16.7 33.5      8330
 8331 2021-11-19  1:59       55 22  161 46  20.38 0.08  0.0    7  2.5  0.9      8331
 8332 2021-11-19  2:00       55 35  161 59  50.87 0.09  0.0    6  6.5  2.7      8332
 8333 2021-11-19  2:03       55 24  161 50   2.57 0.01  0.0    4  1.6  4.7      8333
 8334 2021-11-19  2:06       55 23  161 53  11.73 0.37  0.0    7  3.7  6.1      8334
 8335 2021-11-19  2:08     - 55 29  161  4   2.76 0.21  0.0    4  9.0 19.5      8335
 8336 2021-11-19  2:11       55 20  161 49   8.65 0.02  0.0    5  4.3  4.5      8336
 8337 2021-11-19  2:16     - 55 18  161 54  11.36 0.08  0.0    4  7.2  7.9      8337
 *** DISTANCE & RESIDUAL WEIGHTING CANCELLED FOR EVENT: 2021 11 19  2 16
 8338 2021-11-19  2:16     # 55 13  161 24   2.98 0.29  0.0    4 15.2  8.1      8338
 8339 2021-11-19  3:51     - 54 37  161 20   3.42 0.26  0.0   15  9.4 20.3      8339
 8340 2021-11-19  7:59     - 55 25  161 55   3.00 0.15  0.0    5  1.2 15.2      8340
  SEQ ---DATE--- TIME REMARK -LAT-  --LON-  DEPTH  RMS PMAG  NUM  ERH  ERZ  ID
 8341 2021-11-19 10:11     - 55 36  161 48   2.97 0.12  0.0    4 11.9 13.4      8341
 8342 2021-11-19 12:13     - 54 33  161 41   3.02 0.20  0.0    9  8.4 18.2      8342
 8343 2021-11-19 13:51     - 54 57  161  9  22.23 0.24  0.0    9 21.5 11.2      8343
 *** DISTANCE & RESIDUAL WEIGHTING CANCELLED FOR EVENT: 2021 11 19 13 51
 8344 2021-11-19 13:51     - 54 47  160 45   3.01 0.56  0.0    4 43.4 46.7      8344
 8345 2021-11-19 16:04     - 55 24  161 58   0.58 0.10  0.0    4  1.8 13.5      8345
 *** DISTANCE & RESIDUAL WEIGHTING CANCELLED FOR EVENT: 2021 11 19 17 28
 8346 2021-11-19 17:28     - 55 45  161 23   2.99 0.48  0.0    5 17.4 38.2      8346
 8347 2021-11-19 17:47     - 54 56  162 13   2.52 0.11  0.0    4  4.9 14.5      8347
 8348 2021-11-19 18:23     - 55 23  160 56  32.63 0.10  0.0    9 12.5  0.8      8348
 8349 2021-11-19 18:24       55 20  161 48  14.27 0.01  0.0    4  0.7  2.8      8349
 8350 2021-11-19 18:24     - 55 31  161 40   0.33 0.04  0.0    4  7.3 12.8      8350
 8351 2021-11-19 18:38     - 55 15  161 22   1.50 0.10  0.0    5  2.7 14.7      8351
 *** DISTANCE & RESIDUAL WEIGHTING CANCELLED FOR EVENT: 2021 11 19 21 14
 8352 2021-11-19 21:14     - 55 53  162 29   3.00 0.47  0.0    4 17.5 37.6      8352
 8353 2021-11-19 21:15       55 25  161 53  16.86 0.14  0.0    6  1.8  1.2      8353
 8354 2021-11-19 21:45     - 54 57  162 13   0.34 0.05  0.0    4  1.9 13.2      8354
 8355 2021-11-19 23:44     - 54 55  161 40   8.37 0.10  0.0    5 12.0  9.3      8355
  SEQ ---DATE--- TIME REMARK -LAT-  --LON-  DEPTH  RMS PMAG  NUM  ERH  ERZ  ID
 8356 2021-11-19 23:44     - 54 58  161 50  25.09 0.03  0.0    4 10.0  7.0      8356
 *** DISTANCE & RESIDUAL WEIGHTING CANCELLED FOR EVENT: 2021 11 19 23 49
 8357 2021-11-19 23:49     - 55 16  161 43   3.22 0.58  0.0    4 13.0 47.7      8357
 8358 2021-11-19 23:59     - 55 21  162 10  54.16 0.17  0.0    8  3.8 14.4      8358
 8359 2021-11-20  2:34     - 55 26  161 52   2.53 0.05  0.0    4  1.7 10.4      8359
 8360 2021-11-20  2:51     - 54 47  160 54  34.71 0.02  0.0    4  2.6 12.6      8360
 8361 2021-11-20  4:39       55 25  161 53  18.36 0.17  0.0    8  2.0  2.1      8361
 8362 2021-11-20  4:39     - 55 20  162  4   2.15 0.12  0.0    5  4.4 14.8      8362
 *** DISTANCE & RESIDUAL WEIGHTING CANCELLED FOR EVENT: 2021 11 20  4 51
 8363 2021-11-20  4:51     - 55 48  162  8   3.83 0.47  0.0    4 17.2 37.5      8363
 8364 2021-11-20  6:28     - 54 42  161  7   2.72 0.18  0.0    9  8.0 17.3      8364
 8365 2021-11-20  7:59     - 55 22  162 17   3.03 0.03  0.0    4  2.0 12.1      8365
 8366 2021-11-20 10:46     - 55 56  162 28   3.08 0.02  0.0    5  7.3 11.4      8366
 8367 2021-11-20 13:01     - 55 27  161 48   2.89 0.05  0.0    4  2.5 11.9      8367
 8368 2021-11-20 13:11     - 55  6  161 35   9.18 0.18  0.0    6  6.6 14.3      8368
 8369 2021-11-20 15:21       55 20  161 39  17.06 0.06  0.0    6  3.0  1.9      8369
 *** DISTANCE & RESIDUAL WEIGHTING CANCELLED FOR EVENT: 2021 11 20 15 22
 8370 2021-11-20 15:22     - 55 35  161 10   4.07 0.18  0.0    4 14.8 17.7      8370
  SEQ ---DATE--- TIME REMARK -LAT-  --LON-  DEPTH  RMS PMAG  NUM  ERH  ERZ  ID
 8371 2021-11-20 15:26     - 55 29  162  9   0.53 0.33  0.0    5  9.0 24.6      8371
 *** DISTANCE & RESIDUAL WEIGHTING CANCELLED FOR EVENT: 2021 11 20 15 34
 8372 2021-11-20 15:34     - 55 23  161 37  20.58 0.48  0.0    5 28.0 26.6      8372
 8373 2021-11-20 15:59     - 55 29  162  3   2.81 0.04  0.0    4  9.3 12.9      8373
 *** DISTANCE & RESIDUAL WEIGHTING CANCELLED FOR EVENT: 2021 11 20 18 15
 8374 2021-11-20 18:15     # 55 28  161 45   2.99 0.41  0.0    4  4.4 19.7      8374
 8375 2021-11-20 18:17       55 18  161 24  24.93 0.01  0.0    5  2.4  4.8      8375
 8376 2021-11-20 18:17       55 25  161 53  15.03 0.00  0.0    4  1.7  3.1      8376
 *** DISTANCE & RESIDUAL WEIGHTING CANCELLED FOR EVENT: 2021 11 20 18 17
 8377 2021-11-20 18:17     - 55 14  161 49   3.00 0.27  0.0    4  8.0 24.1      8377
 8378 2021-11-20 18:19       55 20  161 53  25.11 0.04  0.0    6  2.5  1.0      8378
 8379 2021-11-20 18:27     - 55 22  161 56   3.41 0.10  0.0    4  5.9 12.2      8379
 *** DISTANCE & RESIDUAL WEIGHTING CANCELLED FOR EVENT: 2021 11 20 18 40
 8380 2021-11-20 18:40     - 55 21  162 13   1.18 1.10  0.0    4 59.5 78.5      8380
 *** DISTANCE & RESIDUAL WEIGHTING CANCELLED FOR EVENT: 2021 11 20 22 35
 8381 2021-11-20 22:35     - 55 21  161 57   1.42 0.57  0.0    4  6.8 37.9      8381
 8382 2021-11-20 23:34     - 55 46  161 48   2.24 0.44  0.0    5 16.2 34.9      8382
 8383 2021-11-20 23:59     - 55 24  161 55  22.12 0.08  0.0    6  2.0 11.3      8383
 *** DISTANCE & RESIDUAL WEIGHTING CANCELLED FOR EVENT: 2021 11 21  0 38
 8384 2021-11-21  0:38     - 55 28  161 59   3.00 0.97  0.0    4 79.4 37.1      8384
 8385 2021-11-21  1:49     - 55 21  161 50   0.01 0.65  0.0    4 16.6 49.6      8385
  SEQ ---DATE--- TIME REMARK -LAT-  --LON-  DEPTH  RMS PMAG  NUM  ERH  ERZ  ID
 8386 2021-11-21  1:51     - 55 20  162  1   1.05 0.03  0.0    4  3.1 12.2      8386
 8387 2021-11-21  2:34     - 54 37  161 50   3.10 0.17  0.0   11  7.5 16.1      8387
 8388 2021-11-21  3:30     - 55 29  161 50   0.16 0.19  0.0    5  1.3 17.7      8388
 *** DISTANCE & RESIDUAL WEIGHTING CANCELLED FOR EVENT: 2021 11 21  3 30
 8389 2021-11-21  3:30     - 55 14  161 56   2.12 0.32  0.0    4 13.5 26.0      8389
 8390 2021-11-21  3:41       55 23  161 58   4.92 0.22  0.0    7  0.9  4.3      8390
 *** DISTANCE & RESIDUAL WEIGHTING CANCELLED FOR EVENT: 2021 11 21  3 41
 8391 2021-11-21  3:41     - 55 13  161 25   3.00 0.50  0.0    4 10.7 42.9      8391
 8392 2021-11-21  7:59     - 55 25  161 57   2.98 0.05  0.0    4  1.2 12.7      8392
 8393 2021-11-21 10:03       55 28  161 49   4.33 0.08  0.0    5  0.8  3.3      8393
 8394 2021-11-21 10:06     - 54 32  162 33   4.07 0.11  0.0    5  6.4 14.0      8394
 8395 2021-11-21 10:13     - 55 33  161 37   3.00 0.09  0.0    4  9.4 11.9      8395
 *** DISTANCE & RESIDUAL WEIGHTING CANCELLED FOR EVENT: 2021 11 21 10 29
 8396 2021-11-21 10:29     - 55 25  161 53   2.63 0.16  0.0    4  1.4 14.3      8396
 8397 2021-11-21 10:29     - 55 36  161 10   0.76 0.09  0.0    4 12.3  2.2      8397
 8398 2021-11-21 10:48     - 55  2  160 43  37.63 0.24  0.0    9 17.7 12.7      8398
 8399 2021-11-21 10:48     - 54 55  163  1   3.02 0.16  0.0    4 14.1 18.0      8399
 8400 2021-11-21 10:48     - 54 52  160 25   3.01 0.20  0.0    4 17.7 18.6      8400
  SEQ ---DATE--- TIME REMARK -LAT-  --LON-  DEPTH  RMS PMAG  NUM  ERH  ERZ  ID
 8401 2021-11-21 14:34     - 54 45  161 50   6.50 0.17  0.0   11  1.0 18.6      8401
 8402 2021-11-21 14:40     - 54 45  161 51   6.68 0.12  0.0   10  1.0 16.1      8402
 8403 2021-11-21 15:59     - 55 25  161 56   3.04 0.16  0.0    5  1.5 15.1      8403
 8404 2021-11-21 16:20     - 54 60  160 54  33.39 0.24  0.0   10 17.0 23.2      8404
 8405 2021-11-21 16:21     - 55  4  161 16   3.01 0.14  0.0    4 14.4 16.9      8405
 *** DISTANCE & RESIDUAL WEIGHTING CANCELLED FOR EVENT: 2021 11 21 16 21
 8406 2021-11-21 16:20     - 54 42  163 12   0.69 0.47  0.0    5 29.5 25.0      8406
 *** DISTANCE & RESIDUAL WEIGHTING CANCELLED FOR EVENT: 2021 11 21 18  3
 8407 2021-11-21 18:03     - 55 14  162 38  19.08 2.28  0.0    4 32.4 98.5      8407
 8408 2021-11-21 19:28     - 55 28  161 56   2.92 0.03  0.0    4  2.8 12.5      8408
 8409 2021-11-21 23:59     - 55 25  161 55  32.29 0.06  0.0    6  2.8 12.2      8409
 *** DISTANCE & RESIDUAL WEIGHTING CANCELLED FOR EVENT: 2021 11 22  1 45
 8410 2021-11-22  1:45     - 54 48  162  3   3.00 0.71  0.0    4 31.1 55.0      8410
 8411 2021-11-22  4:29     - 55 27  160 47   2.99 0.10  0.0    4 13.1 13.3      8411
 8412 2021-11-22  7:45     - 54 27  161  9  37.51 0.19  0.0   13  3.2 18.7      8412
 8413 2021-11-22  7:45     - 54 49  161 26   3.04 0.29  0.0    5 20.4 26.8      8413
 8414 2021-11-22  7:59     - 55 25  161 53   2.99 0.05  0.0    4  1.6 13.1      8414
 *** DISTANCE & RESIDUAL WEIGHTING CANCELLED FOR EVENT: 2021 11 22  8 58
 8415 2021-11-22  8:58     - 54 56  163 23   3.00 0.59  0.0    4 43.4 45.5      8415
  SEQ ---DATE--- TIME REMARK -LAT-  --LON-  DEPTH  RMS PMAG  NUM  ERH  ERZ  ID
 8416 2021-11-22 11:28     - 55 26  161 21  24.46 0.06  0.0    5  8.2  4.8      8416
 8417 2021-11-22 11:29     # 55 14  161 50   0.09 0.53  0.0    6  3.4 25.4      8417
 8418 2021-11-22 12:36     - 54 49  163 11   2.07 0.04  0.0    4  5.5 11.9      8418
 8419 2021-11-22 15:59     - 55 24  161 56  42.22 0.05  0.0    7  3.2  9.5      8419
 8420 2021-11-22 20:19     - 54 58  162 18   0.76 0.09  0.0    4 12.9 14.4      8420
 8421 2021-11-22 21:26     - 54 47  161 20   3.01 0.22  0.0    5 17.2 21.9      8421
 8422 2021-11-22 23:59     - 55 25  161 56  41.94 0.04  0.0    6  3.2  9.4      8422
 8423 2021-11-23  1:14     - 54 51  162  5   4.34 0.02  0.0    4 11.8  1.9      8423
 8424 2021-11-23  1:14       54 53  162  3   1.89 0.00  0.0    4  2.5  1.2      8424
 8425 2021-11-23  3:36     - 54 34  163 23  40.76 0.60  0.0    5 29.9 39.9      8425
 *** DISTANCE & RESIDUAL WEIGHTING CANCELLED FOR EVENT: 2021 11 23  3 36
 8426 2021-11-23  3:36     - 55  0  162 24  11.08 0.11  0.0    4 13.5  2.5      8426
 8427 2021-11-23  5:05       55 21  162 17   3.21 1.22  0.0   11  3.8  7.4      8427
 8428 2021-11-23  5:20     - 55 10  160 50   3.00 0.18  0.0    6 17.1 19.5      8428
 *** DISTANCE & RESIDUAL WEIGHTING CANCELLED FOR EVENT: 2021 11 23  5 21
 8429 2021-11-23  5:21     - 55 14  161 56   2.98 0.37  0.0    4  3.9 30.9      8429
 8430 2021-11-23  7:19     - 55 13  161  0   2.93 0.10  0.0    7  5.8 12.9      8430
 *** DISTANCE & RESIDUAL WEIGHTING CANCELLED FOR EVENT: 2021 11 23  7 20
  SEQ ---DATE--- TIME REMARK -LAT-  --LON-  DEPTH  RMS PMAG  NUM  ERH  ERZ  ID
 8431 2021-11-23  7:20     - 55 14  161 48   1.50 0.59  0.0    4 16.8 48.1      8431
 8432 2021-11-23  7:59     - 55 21  162 10  47.14 0.17  0.0    5  4.4 14.7      8432
 *** DISTANCE & RESIDUAL WEIGHTING CANCELLED FOR EVENT: 2021 11 23 10 11
 8433 2021-11-23 10:11     - 55 16  161 47   2.99 0.23  0.0    4  5.5 16.2      8433
 8434 2021-11-23 11:15       55 11  161 53   3.89 0.00  0.0    4  0.6  1.3      8434
 8435 2021-11-23 11:24     - 55 29  161 51   2.95 0.02  0.0    4  1.9 12.0      8435
 *** DISTANCE & RESIDUAL WEIGHTING CANCELLED FOR EVENT: 2021 11 23 11 24
 8436 2021-11-23 11:24     # 55 21  161 53   2.67 1.66  0.0    6  8.6 45.4      8436
 *** DISTANCE & RESIDUAL WEIGHTING CANCELLED FOR EVENT: 2021 11 23 12 29
 8437 2021-11-23 12:29     - 55 10  161 55   2.89 0.38  0.0    4  8.0 23.4      8437
 8438 2021-11-23 14:17     - 55 18  161  1   2.99 0.25  0.0    7 19.0 23.9      8438
 *** DISTANCE & RESIDUAL WEIGHTING CANCELLED FOR EVENT: 2021 11 23 14 18
 8439 2021-11-23 14:18     - 55 39  161 59   3.00 2.25  0.0    5 86.0 49.1      8439
 8440 2021-11-23 15:59     - 55 22  162 14   2.98 0.18  0.0    4  2.6 17.3      8440
 8441 2021-11-23 19:31     - 54 41  160 49  24.43 0.11  0.0   11 12.8  3.0      8441
 8442 2021-11-23 19:31     - 54 44  160 51  35.16 0.39  0.0    9 24.6 31.8      8442
 8443 2021-11-23 21:04     - 54 25  162 12   2.06 0.74  0.0    9 25.8 56.0      8443
 8444 2021-11-23 23:59     - 55 21  162 10  52.46 0.14  0.0    7  3.8 11.9      8444
 8445 2021-11-24  0:35       55 27  161 39  22.33 0.06  0.0    8  2.1  1.0      8445
  SEQ ---DATE--- TIME REMARK -LAT-  --LON-  DEPTH  RMS PMAG  NUM  ERH  ERZ  ID
 8446 2021-11-24  1:01     - 55 55  161 11   5.72 0.42  0.0    5 15.6 33.7      8446
 8447 2021-11-24  3:46     - 55  2  160 36  33.42 0.20  0.0   11 16.1 20.5      8447
 8448 2021-11-24  3:46     - 54 59  160 15  10.17 0.29  0.0    6 25.1 26.7      8448
 8449 2021-11-24  7:59     - 55 25  161 56   2.99 0.14  0.0    5  1.3 15.0      8449
 8450 2021-11-24 12:57     - 55  8  161 11  25.91 0.23  0.0    9 16.3  7.0      8450
 8451 2021-11-24 12:56     - 55  0  159 58   3.02 0.25  0.0    5 20.2 21.2      8451
 8452 2021-11-24 15:59     - 55 24  161 55  22.90 0.08  0.0    5  2.1 11.9      8452
 8453 2021-11-24 17:26     - 55 10  161 15  51.41 0.08  0.0    4 13.2 13.0      8453
 8454 2021-11-24 23:59     - 55 18  161 59  39.67 0.18  0.0    6  5.0 14.0      8454
 8455 2021-11-25  2:42     - 55 18  161 37   6.52 0.07  0.0    5  1.7 13.6      8455
 8456 2021-11-25  2:43       55 22  161 39  13.94 0.17  0.0    5  8.2  2.1      8456
 *** DISTANCE & RESIDUAL WEIGHTING CANCELLED FOR EVENT: 2021 11 25  3  7
 8457 2021-11-25  3:07     - 55 21  161 39  10.10 0.70  0.0    4 54.0 16.6      8457
 8458 2021-11-25  8:43     - 54 55  161 18  29.91 0.20  0.0    6 17.6  2.0      8458
 8459 2021-11-25  8:44     - 54 52  161  9  27.42 0.12  0.0    6 13.8  1.9      8459
 8460 2021-11-25  9:41     - 55 10  161  6   3.00 0.20  0.0    5 17.4 20.5      8460
  SEQ ---DATE--- TIME REMARK -LAT-  --LON-  DEPTH  RMS PMAG  NUM  ERH  ERZ  ID
 8461 2021-11-25  9:41     - 55 12  159 46   2.99 0.54  0.0    4 37.6 39.5      8461
 8462 2021-11-25  9:49     - 55 21  161 49   0.13 0.27  0.0    4  2.7 19.6      8462
 *** DISTANCE & RESIDUAL WEIGHTING CANCELLED FOR EVENT: 2021 11 25 11 52
 8463 2021-11-25 11:52     - 54 49  162 18   2.99 0.48  0.0    4 39.7 12.8      8463
 8464 2021-11-25 11:52     - 54 57  162 15   7.46 0.02  0.0    4  1.4 12.3      8464
 8465 2021-11-25 15:59     - 55 20  162  9   3.07 0.27  0.0    6  2.2 20.6      8465
 8466 2021-11-25 16:50     - 54 39  161 28   3.20 0.23  0.0    6  9.3 20.1      8466
 *** DISTANCE & RESIDUAL WEIGHTING CANCELLED FOR EVENT: 2021 11 25 17 23
 8467 2021-11-25 17:23     - 55 22  161 47   2.99 0.58  0.0    4 38.8 11.7      8467
 8468 2021-11-25 18:59     - 55  7  161 52  28.84 0.03  0.0    4 12.7  2.2      8468
 *** DISTANCE & RESIDUAL WEIGHTING CANCELLED FOR EVENT: 2021 11 25 18 59
 8469 2021-11-25 18:59     - 55 26  161 45   3.01 0.27  0.0    4  5.0 17.3      8469
 *** DISTANCE & RESIDUAL WEIGHTING CANCELLED FOR EVENT: 2021 11 25 19  0
 8470 2021-11-25 19:00     - 55 33  161 10  33.31 0.12  0.0    4 12.2 10.0      8470
 8471 2021-11-25 19:00       55 32  161 46  14.15 0.02  0.0    5  2.6  2.2      8471
 *** DISTANCE & RESIDUAL WEIGHTING CANCELLED FOR EVENT: 2021 11 25 19  0
 8472 2021-11-25 19:00     - 55 21  161 49   0.22 0.30  0.0    4 11.2 22.9      8472
 8473 2021-11-25 22:00     - 55 31  162 60   0.01 0.16  0.0    4  7.7 16.4      8473
 8474 2021-11-25 22:33       55 21  161 47  22.72 0.19  0.0    8  3.0  1.5      8474
 *** DISTANCE & RESIDUAL WEIGHTING CANCELLED FOR EVENT: 2021 11 25 22 34
 8475 2021-11-25 22:34     - 55 27  162 38   7.40 0.20  0.0    4  4.6 20.5      8475
  SEQ ---DATE--- TIME REMARK -LAT-  --LON-  DEPTH  RMS PMAG  NUM  ERH  ERZ  ID
 8476 2021-11-25 22:36     - 54 58  162 20   2.54 0.57  0.0    4 20.7 44.8      8476
 8477 2021-11-25 22:38     - 54 55  162 11   3.17 0.04  0.0    4  6.3 11.9      8477
 *** DISTANCE & RESIDUAL WEIGHTING CANCELLED FOR EVENT: 2021 11 25 22 44
 8478 2021-11-25 22:44     - 55 28  161 39   2.99 0.63  0.0    4 44.0 37.7      8478
 8479 2021-11-25 23:59     - 55 15  161 41  52.19 0.04  0.0    5  8.0 12.7      8479
 *** DISTANCE & RESIDUAL WEIGHTING CANCELLED FOR EVENT: 2021 11 26  2  5
 8480 2021-11-26  2:05     - 54 59  161 52   3.00 0.41  0.0    4 11.5 28.6      8480
 8481 2021-11-26  2:05       54 57  161 40  12.53 0.00  0.0    4  6.1  3.1      8481
 8482 2021-11-26  2:25     - 54 56  161 14   3.02 0.20  0.0    8 17.2 21.0      8482
 8483 2021-11-26  2:26     - 54 51  161 19  43.40 0.12  0.0    6 11.6  8.3      8483
 8484 2021-11-26  2:59     - 54 47  161 40   3.02 0.61  0.0    4 44.8 51.8      8484
 8485 2021-11-26  3:17       55 22  161 51   1.61 0.01  0.0    4  0.5  3.3      8485
 8486 2021-11-26  3:24       55 16  161 40  15.56 0.10  0.0    6  5.0  3.6      8486
 *** DISTANCE & RESIDUAL WEIGHTING CANCELLED FOR EVENT: 2021 11 26  3 45
 8487 2021-11-26  3:45     - 55 23  161 59   3.01 0.38  0.0    4  6.2 27.9      8487
 *** DISTANCE & RESIDUAL WEIGHTING CANCELLED FOR EVENT: 2021 11 26  5  7
 8488 2021-11-26  5:07     - 55 27  161 58   2.50 0.54  0.0    4  7.1 44.9      8488
 8489 2021-11-26  5:08       55 11  161 53   5.23 0.01  0.0    4  1.6  3.1      8489
 8490 2021-11-26  7:59     - 55 25  162 32  11.26 0.48  0.0    9  6.2 32.1      8490
  SEQ ---DATE--- TIME REMARK -LAT-  --LON-  DEPTH  RMS PMAG  NUM  ERH  ERZ  ID
 8491 2021-11-26  8:18     - 55 10  163 12   6.50 0.29  0.0    6 10.3 22.2      8491
 8492 2021-11-26 10:26     - 55 52  161 52   2.74 0.00  0.0    4  5.3 11.3      8492
 8493 2021-11-26 15:59     - 55 22  162 13   6.26 0.36  0.0    6  2.2 29.0      8493
 8494 2021-11-26 21:54     - 54 23  162 46   2.58 0.07  0.0    4  5.7 12.5      8494
 8495 2021-11-26 23:59     - 55 25  161 55  23.33 0.06  0.0    6  2.7 12.0      8495
 8496 2021-11-27  1:56     - 55 10  163 17   0.00 0.98  0.0   10 33.5 68.4      8496
 8497 2021-11-27  4:25     - 54 58  162 22  14.02 0.01  0.0    4  7.3  7.9      8497
 8498 2021-11-27  4:26     - 55  1  162 16   2.60 0.07  0.0    4  2.2 10.4      8498
 8499 2021-11-27  7:59     - 55 42  161 12   3.09 0.37  0.0    6 23.6 32.8      8499
 8500 2021-11-27  8:01     - 54 59  162 19   4.61 0.03  0.0    5 10.4  6.4      8500
 8501 2021-11-27  8:01     - 54 60  162 18   0.98 0.04  0.0    5  2.8 12.5      8501
 8502 2021-11-27  8:04     - 54 40  161 49   2.91 0.19  0.0   12  7.4 15.3      8502
 8503 2021-11-27 15:59     - 55 26  161 54  29.96 0.04  0.0    6  3.2 11.8      8503
 8504 2021-11-27 19:49     - 54 53  162  4   3.39 0.02  0.0    4  9.6  7.7      8504
 8505 2021-11-27 19:49       54 51  162  2   1.89 0.01  0.0    4  4.5  1.1      8505
  SEQ ---DATE--- TIME REMARK -LAT-  --LON-  DEPTH  RMS PMAG  NUM  ERH  ERZ  ID
 8506 2021-11-27 23:59     - 55 24  162  0  32.50 0.12  0.0    6  3.9 13.6      8506
 8507 2021-11-28  4:12     - 54 40  161 50   2.78 0.17  0.0    7  7.5 15.6      8507
 *** DISTANCE & RESIDUAL WEIGHTING CANCELLED FOR EVENT: 2021 11 28  4 19
 8508 2021-11-28  4:19     - 55 17  161 56   1.20 1.02  0.0    4 79.6 58.1      8508
 8509 2021-11-28  5:18     - 54 41  162 53   3.00 0.06  0.0    4  6.6 12.2      8509
 8510 2021-11-28  6:18     - 56  5  162 39   3.03 0.98  0.0    4 72.0 75.5      8510
 8511 2021-11-28  6:23     - 55 26  162 47   0.01 0.40  0.0    4 15.4 32.2      8511
 8512 2021-11-28  7:59     - 55 23  161 53  20.69 0.11  0.0    6  2.6 12.0      8512
 8513 2021-11-28  8:37     - 54 40  161  8   1.96 0.33  0.0   12 11.3 24.6      8513
 8514 2021-11-28 10:12     - 54 27  161 57   3.65 0.40  0.0   15 14.4 31.1      8514
 8515 2021-11-28 11:05     - 55 11  162  3   3.02 0.12  0.0    4  1.7 15.1      8515
 *** DISTANCE & RESIDUAL WEIGHTING CANCELLED FOR EVENT: 2021 11 28 16  0
 8516 2021-11-28 15:59     # 55 14  161 52  38.83 0.35  0.0    5 12.6 15.0      8516
 8517 2021-11-28 17:45     - 55 21  162  4   2.70 0.16  0.0    5  1.9 17.4      8517
 *** DISTANCE & RESIDUAL WEIGHTING CANCELLED FOR EVENT: 2021 11 28 17 45
 8518 2021-11-28 17:45     # 54 59  162 31   5.86 0.59  0.0    4 24.3 18.8      8518
 8519 2021-11-28 20:25     - 55  4  161  3  32.24 0.19  0.0    6 17.4  1.1      8519
 8520 2021-11-28 20:25     - 54 38  163 14   5.88 0.17  0.0    4 13.8 10.5      8520
  SEQ ---DATE--- TIME REMARK -LAT-  --LON-  DEPTH  RMS PMAG  NUM  ERH  ERZ  ID
 8521 2021-11-28 23:59     - 55 24  161 56   3.85 0.07  0.0    4  1.3 12.0      8521
 8522 2021-11-29  4:14     - 55 26  161 44   2.60 0.08  0.0    4  2.1 13.8      8522
 8523 2021-11-29  4:21     - 55 15  161 29   6.56 0.10  0.0    5  1.7 14.9      8523
 *** DISTANCE & RESIDUAL WEIGHTING CANCELLED FOR EVENT: 2021 11 29  4 21
 8524 2021-11-29  4:21     - 56 20  161 58   3.22 0.11  0.0    4 11.2 14.2      8524
 8525 2021-11-29  4:25     - 55 28  161 38   0.96 0.15  0.0    4 11.3 17.5      8525
 8526 2021-11-29  7:59     - 55 25  161 56   3.00 0.09  0.0    4  1.9 14.0      8526
 *** DISTANCE & RESIDUAL WEIGHTING CANCELLED FOR EVENT: 2021 11 29  8 37
 8527 2021-11-29  8:37     # 55 22  161 54   3.14 0.94  0.0    4  6.7 26.5      8527
 *** DISTANCE & RESIDUAL WEIGHTING CANCELLED FOR EVENT: 2021 11 29  8 50
 8528 2021-11-29  8:50     # 55 21  162  9  11.36 0.30  0.0    5 14.1 12.9      8528
 8529 2021-11-29 11:15     - 54 21  161 37   1.49 0.20  0.0    5  8.8 18.7      8529
 8530 2021-11-29 12:40     - 54 21  162 25   2.50 0.06  0.0    5  5.6 12.2      8530
 8531 2021-11-29 13:02     - 55 11  162 19   2.71 0.05  0.0    4  7.4 10.8      8531
 8532 2021-11-29 13:30     - 55 25  162 46   3.05 0.04  0.0    4  5.5 11.8      8532
 8533 2021-11-29 13:36     # 55 23  161 54   0.19 0.88  0.0    6  4.2 49.4      8533
 8534 2021-11-29 13:43     - 55 25  161 52   1.35 0.05  0.0    4  1.3 10.0      8534
 8535 2021-11-29 18:02       55 26  161 54   8.18 0.01  0.0    4  2.0  6.9      8535
  SEQ ---DATE--- TIME REMARK -LAT-  --LON-  DEPTH  RMS PMAG  NUM  ERH  ERZ  ID
 8536 2021-11-29 20:17     - 55 16  162  7   2.95 0.13  0.0    4 14.2 12.6      8536
 8537 2021-11-29 20:24     - 55 26  161 55   3.03 0.13  0.0    4  3.1 16.7      8537
 *** DISTANCE & RESIDUAL WEIGHTING CANCELLED FOR EVENT: 2021 11 29 20 24
 8538 2021-11-29 20:24     - 55  1  162 39   2.99 0.43  0.0    4 32.6 34.5      8538
 8539 2021-11-29 22:32     - 55 23  161 51   0.0112.19  0.0    4 37.9 99.0      8539
 *** DISTANCE & RESIDUAL WEIGHTING CANCELLED FOR EVENT: 2021 11 29 22 32
 8540 2021-11-29 22:32     # 55 19  161 52   3.00 1.23  0.0    4 48.3 29.3      8540
 8541 2021-11-29 23:59       55 24  161 39  12.58 0.03  0.0    6  1.5  1.9      8541
 *** DISTANCE & RESIDUAL WEIGHTING CANCELLED FOR EVENT: 2021 11 30  0  0
 8542 2021-11-30  0:00     # 55 23  161 45   2.99 0.62  0.0    5 12.4 12.7      8542
 8543 2021-11-30  3:39     - 54 58  160 57   2.21 0.14  0.0    5  8.1 15.4      8543
 8544 2021-11-30  5:28       55 22  161 42  16.22 0.00  0.0    4  3.4  1.1      8544
 *** DISTANCE & RESIDUAL WEIGHTING CANCELLED FOR EVENT: 2021 11 30  5 32
 8545 2021-11-30  5:32     - 55 28  161 43   3.00 0.53  0.0    4  8.0 41.3      8545
 8546 2021-11-30  7:01       55 22  161 43  19.55 0.04  0.0    5  2.8  1.1      8546
 *** DISTANCE & RESIDUAL WEIGHTING CANCELLED FOR EVENT: 2021 11 30  7  3
 8547 2021-11-30  7:02     # 55 23  161 36   7.43 0.63  0.0    5  8.6 10.0      8547
 *** DISTANCE & RESIDUAL WEIGHTING CANCELLED FOR EVENT: 2021 11 30  7  3
 8548 2021-11-30  7:03     - 55 18  161 44   3.10 0.33  0.0    4  8.9 26.9      8548
 8549 2021-11-30  8:02     - 55 22  161 51   0.35 0.17  0.0    4  1.2 13.3      8549
 8550 2021-11-30  9:02       55 15  161 36   9.51 0.00  0.0    4  2.8  4.4      8550
  SEQ ---DATE--- TIME REMARK -LAT-  --LON-  DEPTH  RMS PMAG  NUM  ERH  ERZ  ID
 8551 2021-11-30  9:09     - 55 14  161 31   0.24 0.09  0.0    5  4.4 14.7      8551
 8552 2021-11-30  9:57     - 55 13  161 36   1.42 0.14  0.0    5  6.4 16.7      8552
 *** DISTANCE & RESIDUAL WEIGHTING CANCELLED FOR EVENT: 2021 11 30 10  2
 8553 2021-11-30 10:02     - 55 23  161 51   2.92 0.26  0.0    4  5.9 23.0      8553
 *** DISTANCE & RESIDUAL WEIGHTING CANCELLED FOR EVENT: 2021 11 30 10 42
 8554 2021-11-30 10:42     - 54 57  161 20  28.38 0.44  0.0    4 34.7 23.1      8554
 *** DISTANCE & RESIDUAL WEIGHTING CANCELLED FOR EVENT: 2021 11 30 12  8
 8555 2021-11-30 12:08     - 55 26  161 42   0.40 0.48  0.0    4 23.7 40.9      8555
 *** DISTANCE & RESIDUAL WEIGHTING CANCELLED FOR EVENT: 2021 11 30 12 34
 8556 2021-11-30 12:34     - 55  2  162 12   3.00 0.13  0.0    4  2.0 14.7      8556
 8557 2021-11-30 13:54       55 22  161 38  21.55 0.10  0.0    8  2.7  0.9      8557
 *** DISTANCE & RESIDUAL WEIGHTING CANCELLED FOR EVENT: 2021 11 30 13 59
 8558 2021-11-30 13:59     - 55 28  161 35   3.00 1.01  0.0    5 17.1 77.6      8558
 8559 2021-11-30 15:24     - 55  1  161 14   3.17 0.12  0.0    4  7.6 14.5      8559
 *** DISTANCE & RESIDUAL WEIGHTING CANCELLED FOR EVENT: 2021 11 30 15 28
 8560 2021-11-30 15:28     - 54 53  161 55   3.00 1.16  0.0    4 85.2 86.6      8560
 8561 2021-11-30 15:59     - 55 25  161 57   3.00 0.06  0.0    4  1.3 12.8      8561
 8562 2021-11-30 16:15     # 55 21  161 47   0.19 0.14  0.0    4  1.6 10.9      8562
 8563 2021-11-30 16:30     - 55 16  161 32   7.44 0.10  0.0    6  2.5 10.8      8563
 *** DISTANCE & RESIDUAL WEIGHTING CANCELLED FOR EVENT: 2021 11 30 16 33
 8564 2021-11-30 16:33     - 55 24  161 58   2.77 1.08  0.0    4 22.5 82.6      8564
 8565 2021-11-30 17:50     - 55 32  161 46   3.00 0.23  0.0    4 16.7 18.3      8565
  SEQ ---DATE--- TIME REMARK -LAT-  --LON-  DEPTH  RMS PMAG  NUM  ERH  ERZ  ID
 8566 2021-11-30 18:47     - 55  8  163 17   1.61 0.12  0.0    6  6.9 14.7      8566
 *** DISTANCE & RESIDUAL WEIGHTING CANCELLED FOR EVENT: 2021 11 30 18 48
 8567 2021-11-30 18:47     - 55 45  162 10   3.00 0.27  0.0    4 11.0 23.6      8567
 *** DISTANCE & RESIDUAL WEIGHTING CANCELLED FOR EVENT: 2021 11 30 19 12
 8568 2021-11-30 19:12     - 55 18  161 41   0.25 0.26  0.0    4  3.5 24.8      8568
 8569 2021-11-30 19:19       55 12  161 31  39.45 0.02  0.0    4  5.0  2.0      8569
 *** DISTANCE & RESIDUAL WEIGHTING CANCELLED FOR EVENT: 2021 11 30 20 33
 8570 2021-11-30 20:33     # 55 21  161 55   0.75 0.61  0.0    6  2.8 21.8      8570
 8571 2021-11-30 21:39     - 55 23  161 47   0.09 1.00  0.0    4  7.2 66.7      8571
 8572 2021-11-30 22:56     - 55 18  161 32   6.66 0.15  0.0    6  1.8 14.7      8572
 *** DISTANCE & RESIDUAL WEIGHTING CANCELLED FOR EVENT: 2021 11 30 23  2
 8573 2021-11-30 23:02     - 55 11  161 40   2.77 0.83  0.0    4 56.2 44.9      8573
 *** DISTANCE & RESIDUAL WEIGHTING CANCELLED FOR EVENT: 2021 11 30 23 36
 8574 2021-11-30 23:36     - 55  9  161 56   2.75 0.13  0.0    4  4.9 14.8      8574
 8575 2021-11-30 23:36     - 54 45  161  6  22.72 0.21  0.0    6 11.6 10.1      8575
 8576 2021-11-30 23:59     - 55 25  161 57   3.41 0.10  0.0    5  1.2 13.6      8576
 *** DISTANCE & RESIDUAL WEIGHTING CANCELLED FOR EVENT: 2021 12  1  0 21
 8577 2021-12- 1  0:21     # 55 11  161 56  29.87 0.47  0.0    5 17.0  6.8      8577
 8578 2021-12- 1  0:26     - 55 27  161 39   0.39 0.35  0.0    4 23.2 31.7      8578
 *** DISTANCE & RESIDUAL WEIGHTING CANCELLED FOR EVENT: 2021 12  1  0 31
 8579 2021-12- 1  0:31     - 55  3  160 16   2.99 0.53  0.0    5 34.6 41.7      8579
 8580 2021-12- 1  0:50     # 55  3  162  2  18.69 0.38  0.0    5 12.3 19.6      8580
 *** DISTANCE & RESIDUAL WEIGHTING CANCELLED FOR EVENT: 2021 12  1  1 32
  SEQ ---DATE--- TIME REMARK -LAT-  --LON-  DEPTH  RMS PMAG  NUM  ERH  ERZ  ID
 8581 2021-12- 1  1:32     # 55 25  161 55   1.68 0.49  0.0    5  4.6 21.1      8581
 8582 2021-12- 1  1:35       55 19  161 32  15.53 0.02  0.0    5  3.0  2.7      8582
 8583 2021-12- 1  1:35       55 25  161 59  21.42 0.11  0.0    5  2.7  2.0      8583
 *** DISTANCE & RESIDUAL WEIGHTING CANCELLED FOR EVENT: 2021 12  1  1 35
 8584 2021-12- 1  1:35     # 55 23  161 56   2.13 0.34  0.0    5  2.4  6.4      8584
 *** DISTANCE & RESIDUAL WEIGHTING CANCELLED FOR EVENT: 2021 12  1  2 49
 8585 2021-12- 1  2:49     # 55 27  161 52   3.00 0.69  0.0    5  4.3 24.0      8585
 8586 2021-12- 1  2:51       55 21  161 47  14.38 0.04  0.0    6  2.5  0.8      8586
 *** DISTANCE & RESIDUAL WEIGHTING CANCELLED FOR EVENT: 2021 12  1  2 51
 8587 2021-12- 1  2:51     - 55 25  161 56   3.00 0.81  0.0    4 24.5 63.8      8587
 8588 2021-12- 1  4:13     - 55 20  161 28   7.54 0.01  0.0    4  1.9 10.6      8588
 *** DISTANCE & RESIDUAL WEIGHTING CANCELLED FOR EVENT: 2021 12  1  4 13
 8589 2021-12- 1  4:13     - 55 20  161 49   0.28 0.10  0.0    4  4.9 13.4      8589
 8590 2021-12- 1  4:22     - 55 26  161 53   3.03 0.04  0.0    4  1.1 11.5      8590
 8591 2021-12- 1  5:27     - 55 25  161 52   2.98 0.12  0.0    4  1.5 11.3      8591
 *** DISTANCE & RESIDUAL WEIGHTING CANCELLED FOR EVENT: 2021 12  1  5 36
 8592 2021-12- 1  5:36     - 55 23  161 60   3.00 1.52  0.0    4 36.6 92.0      8592
 8593 2021-12- 1  6:49       55 21  161 34  10.36 0.00  0.0    4  6.6  4.7      8593
 *** DISTANCE & RESIDUAL WEIGHTING CANCELLED FOR EVENT: 2021 12  1  6 53
 8594 2021-12- 1  6:53     - 55 11  161  1   4.91 1.16  0.0    5 52.3 88.2      8594
 *** DISTANCE & RESIDUAL WEIGHTING CANCELLED FOR EVENT: 2021 12  1  7  0
 8595 2021-12- 1  6:59     - 56  5  162  7   3.00 0.98  0.0    4 35.9 74.6      8595
  SEQ ---DATE--- TIME REMARK -LAT-  --LON-  DEPTH  RMS PMAG  NUM  ERH  ERZ  ID
 8596 2021-12- 1  7:59     - 55 25  161 57   3.05 0.05  0.0    4  1.3 12.7      8596
 8597 2021-12- 1  8:10       55 22  161 38  10.08 0.05  0.0    5  3.3  2.4      8597
 8598 2021-12- 1  9:20     - 55 13  161 28   9.28 0.02  0.0    6  2.5  8.7      8598
 *** DISTANCE & RESIDUAL WEIGHTING CANCELLED FOR EVENT: 2021 12  1  9 25
 8599 2021-12- 1  9:25     - 55 14  162  1   2.98 0.75  0.0    4 61.8 56.3      8599
 8600 2021-12- 1 10:29     - 55 22  161 31   1.59 0.08  0.0    6  1.5 12.8      8600
 *** DISTANCE & RESIDUAL WEIGHTING CANCELLED FOR EVENT: 2021 12  1 10 30
 8601 2021-12- 1 10:30     - 55 21  161 48   0.55 0.42  0.0    4 17.8 30.2      8601
 8602 2021-12- 1 10:34     - 54 46  160 46   4.41 0.78  0.0    7 38.5 60.0      8602
 8603 2021-12- 1 11:31       55 19  161 50  20.42 0.06  0.0    7  2.1  1.0      8603
 8604 2021-12- 1 11:31     - 55 16  161 40   3.20 0.09  0.0    4  3.1 14.0      8604
 8605 2021-12- 1 11:37     - 54 58  160 56   2.62 0.04  0.0    4  5.4 11.7      8605
 8606 2021-12- 1 11:45     # 55 23  161 48   0.32 0.28  0.0    4  4.7 16.7      8606
 *** DISTANCE & RESIDUAL WEIGHTING CANCELLED FOR EVENT: 2021 12  1 14  6
 8607 2021-12- 1 14:06     - 55 22  161 50   3.03 0.59  0.0    4 39.2 15.9      8607
 *** DISTANCE & RESIDUAL WEIGHTING CANCELLED FOR EVENT: 2021 12  1 14 13
 8608 2021-12- 1 14:13     - 55 24  162  0   2.90 0.55  0.0    4  7.2 45.0      8608
 8609 2021-12- 1 14:16     - 55 20  161 47   0.38 0.29  0.0    4 11.0 21.1      8609
 *** DISTANCE & RESIDUAL WEIGHTING CANCELLED FOR EVENT: 2021 12  1 15 19
 8610 2021-12- 1 15:19     # 55 28  161 52   3.00 0.45  0.0    4  8.8 17.7      8610
 *** DISTANCE & RESIDUAL WEIGHTING CANCELLED FOR EVENT: 2021 12  1 15 24
  SEQ ---DATE--- TIME REMARK -LAT-  --LON-  DEPTH  RMS PMAG  NUM  ERH  ERZ  ID
 8611 2021-12- 1 15:24     - 55 14  161 51   2.53 1.27  0.0    4 97.9 86.0      8611
 8612 2021-12- 1 15:59     - 55 19  162 10   2.99 0.01  0.0    4  1.8 12.4      8612
 8613 2021-12- 1 16:26       55 24  161 51  17.65 0.13  0.0    6  2.0  2.2      8613
 8614 2021-12- 1 16:35       55 19  161 40  26.32 0.00  0.0    4  5.4  4.7      8614
 8615 2021-12- 1 16:36     - 54 57  161 16  38.20 0.26  0.0    9 17.8  8.1      8615
 8616 2021-12- 1 16:36     - 54 44  160 51  46.15 0.20  0.0    9 15.2  8.6      8616
 8617 2021-12- 1 17:34       55  6  162 19  14.80 0.00  0.0    4  2.7  1.1      8617
 *** DISTANCE & RESIDUAL WEIGHTING CANCELLED FOR EVENT: 2021 12  1 17 46
 8618 2021-12- 1 17:46     - 55  0  162 18   3.03 0.49  0.0    4 18.1 38.9      8618
 *** DISTANCE & RESIDUAL WEIGHTING CANCELLED FOR EVENT: 2021 12  1 18 43
 8619 2021-12- 1 18:43     - 55 19  161 47   4.08 0.35  0.0    4 15.0 18.8      8619
 *** DISTANCE & RESIDUAL WEIGHTING CANCELLED FOR EVENT: 2021 12  1 18 54
 8620 2021-12- 1 18:54     - 55 24  161 49   0.73 0.66  0.0    4  5.8 46.3      8620
 *** DISTANCE & RESIDUAL WEIGHTING CANCELLED FOR EVENT: 2021 12  1 20  9
 8621 2021-12- 1 20:09     - 55 23  161 58   3.00 0.48  0.0    4 14.2 29.0      8621
 *** DISTANCE & RESIDUAL WEIGHTING CANCELLED FOR EVENT: 2021 12  1 20 10
 8622 2021-12- 1 20:10     - 55 17  161 46   2.56 0.73  0.0    4 21.5 57.0      8622
 8623 2021-12- 1 20:14     - 55 21  161 33  13.92 0.14  0.0    4 13.3  8.6      8623
 8624 2021-12- 1 20:56       55 19  161 19  33.80 0.19  0.0    9 13.2  5.0      8624
 8625 2021-12- 1 20:56     # 55 45  161 59   1.71 0.24  0.0    5  6.9  1.3      8625
  SEQ ---DATE--- TIME REMARK -LAT-  --LON-  DEPTH  RMS PMAG  NUM  ERH  ERZ  ID
 8626 2021-12- 1 21:03     - 55 23  161 44   0.00 0.28  0.0    4 15.8 26.7      8626
 8627 2021-12- 1 21:13     - 55 57  161 27   2.04 0.05  0.0    4 12.6 12.0      8627
 *** DISTANCE & RESIDUAL WEIGHTING CANCELLED FOR EVENT: 2021 12  1 21 13
 8628 2021-12- 1 21:13     - 55 29  161 55   3.03 0.24  0.0    4  5.2 22.7      8628
 8629 2021-12- 1 21:18     - 55 16  162 14  23.83 0.08  0.0    4 11.1  7.2      8629
 8630 2021-12- 1 21:19     - 55 32  162 16   0.00 0.06  0.0    4  7.5 12.1      8630
 8631 2021-12- 1 21:23     - 55 44  160 30   2.96 0.10  0.0    4  9.2 13.5      8631
 *** DISTANCE & RESIDUAL WEIGHTING CANCELLED FOR EVENT: 2021 12  1 21 24
 8632 2021-12- 1 21:24     # 55 25  161 60   2.97 0.24  0.0    4  5.5  3.1      8632
 8633 2021-12- 1 22:00     - 55 41  162 40   1.70 0.01  0.0    4  5.3 11.4      8633
 *** DISTANCE & RESIDUAL WEIGHTING CANCELLED FOR EVENT: 2021 12  1 22 22
 8634 2021-12- 1 22:22     # 55 20  161 57   7.18 0.56  0.0    4  9.0 10.0      8634
 8635 2021-12- 1 22:26     - 55 24  161 50   8.51 0.04  0.0    4  3.5 10.1      8635
 *** DISTANCE & RESIDUAL WEIGHTING CANCELLED FOR EVENT: 2021 12  1 22 27
 8636 2021-12- 1 22:27     - 55 18  161 49   2.87 0.20  0.0    4  9.8 16.8      8636
 8637 2021-12- 1 22:31     - 55  1  162 24   4.08 0.04  0.0    5  5.4 11.8      8637
 8638 2021-12- 1 23:24     - 55 47  160 55   3.60 0.12  0.0    5  8.2 14.4      8638
 8639 2021-12- 1 23:29     - 55 19  161 54   8.54 0.07  0.0    4  7.0  9.1      8639
 *** DISTANCE & RESIDUAL WEIGHTING CANCELLED FOR EVENT: 2021 12  1 23 36
 8640 2021-12- 1 23:36     # 55 22  161 49   3.32 0.76  0.0    5 12.7 22.4      8640
  SEQ ---DATE--- TIME REMARK -LAT-  --LON-  DEPTH  RMS PMAG  NUM  ERH  ERZ  ID
 8641 2021-12- 1 23:55       55  9  160 57  31.78 0.18  0.0    8  5.6  1.1      8641
 8642 2021-12- 1 23:56       55 22  161 40  38.50 0.03  0.0    6  4.2  1.4      8642
 8643 2021-12- 1 23:59     - 55 25  161 51   2.90 0.05  0.0    4  1.5 11.4      8643
 *** DISTANCE & RESIDUAL WEIGHTING CANCELLED FOR EVENT: 2021 12  2  0 34
 8644 2021-12- 2  0:34     - 55 29  160 55   3.18 0.32  0.0    4 18.9 26.4      8644
 *** DISTANCE & RESIDUAL WEIGHTING CANCELLED FOR EVENT: 2021 12  2  0 41
 8645 2021-12- 2  0:41     - 55 14  161 38   3.00 0.83  0.0    4 53.1 69.2      8645
 *** DISTANCE & RESIDUAL WEIGHTING CANCELLED FOR EVENT: 2021 12  2  0 42
 8646 2021-12- 2  0:42     - 54 50  162 23  84.41 0.10  0.0    4 15.0  2.5      8646
 8647 2021-12- 2  0:45     - 55 24  161 58   3.06 0.04  0.0    4  2.3 12.6      8647
 8648 2021-12- 2  1:17     - 54 51  161  4   3.00 0.21  0.0    7 18.3 21.5      8648
 *** DISTANCE & RESIDUAL WEIGHTING CANCELLED FOR EVENT: 2021 12  2  1 17
 8649 2021-12- 2  1:17     - 54 48  161 10  34.34 0.35  0.0    4 29.0 21.6      8649
 *** DISTANCE & RESIDUAL WEIGHTING CANCELLED FOR EVENT: 2021 12  2  1 32
 8650 2021-12- 2  1:32     - 55 12  161 42  52.17 1.13  0.0    5 47.3 80.8      8650
 8651 2021-12- 2  1:40     - 55 18  160 41  38.43 0.12  0.0    9 12.7  7.6      8651
 8652 2021-12- 2  1:40     - 55 57  162  4   2.99 0.20  0.0    5 17.3 20.6      8652
 *** DISTANCE & RESIDUAL WEIGHTING CANCELLED FOR EVENT: 2021 12  2  1 41
 8653 2021-12- 2  1:40     - 55 25  159 52   3.00 0.63  0.0    4 46.0 52.3      8653
 8654 2021-12- 2  2:00     - 55 49  162 29   3.01 0.26  0.0    5 21.8 24.9      8654
 8655 2021-12- 2  2:17       54 60  162 18   1.81 0.03  0.0    8  0.9  3.0      8655
  SEQ ---DATE--- TIME REMARK -LAT-  --LON-  DEPTH  RMS PMAG  NUM  ERH  ERZ  ID
 8656 2021-12- 2  2:17     - 54 38  162 12   3.04 0.23  0.0    8 18.8 22.6      8656
 8657 2021-12- 2  2:29     - 54 58  162 35  23.33 0.12  0.0    6  9.6  6.3      8657
 8658 2021-12- 2  2:44     - 55  9  163 16  31.27 0.13  0.0    4 16.2  1.6      8658
 8659 2021-12- 2  3:00     - 56 13  161 15   3.00 0.71  0.0    4 51.2 53.6      8659
 *** DISTANCE & RESIDUAL WEIGHTING CANCELLED FOR EVENT: 2021 12  2  3  1
 8660 2021-12- 2  3:01     # 55 25  161 57   0.75 0.23  0.0    4  3.9 14.1      8660
 *** DISTANCE & RESIDUAL WEIGHTING CANCELLED FOR EVENT: 2021 12  2  3  6
 8661 2021-12- 2  3:06     - 55 27  162 13   2.98 0.36  0.0    4 13.5 32.0      8661
 8662 2021-12- 2  4:35     - 55 20  161 43   6.79 0.06  0.0    5 10.9  3.1      8662
 *** DISTANCE & RESIDUAL WEIGHTING CANCELLED FOR EVENT: 2021 12  2  4 41
 8663 2021-12- 2  4:41     - 55 24  161 26   3.00 0.97  0.0    4 16.9 80.3      8663
 8664 2021-12- 2  4:45     - 55 24  161 46   0.47 0.08  0.0    5  2.5 11.2      8664
 *** DISTANCE & RESIDUAL WEIGHTING CANCELLED FOR EVENT: 2021 12  2  5  0
 8665 2021-12- 2  5:00     - 54 34  162 26   3.00 0.27  0.0    4 25.7 23.4      8665
 8666 2021-12- 2  5:44     - 55  8  160 51   3.18 0.23  0.0   15  8.4 18.2      8666
 8667 2021-12- 2  7:16     # 55  1  162  0  27.57 1.99  0.0    6 52.9 58.1      8667
 8668 2021-12- 2  7:59     - 55 29  162 49   3.02 0.12  0.0    4  7.0 16.1      8668
 8669 2021-12- 2  8:01     - 55 13  161 47  21.38 0.01  0.0    4  8.9  2.7      8669
 *** DISTANCE & RESIDUAL WEIGHTING CANCELLED FOR EVENT: 2021 12  2  8  3
 8670 2021-12- 2  8:03     - 55 27  161 47   0.14 0.66  0.0    6  6.5 46.5      8670
  SEQ ---DATE--- TIME REMARK -LAT-  --LON-  DEPTH  RMS PMAG  NUM  ERH  ERZ  ID
 8671 2021-12- 2  8:08     - 55 25  161 28   3.21 0.07  0.0    5  1.9 12.2      8671
 8672 2021-12- 2  8:09     - 55 23  161 38   4.85 0.07  0.0    4  9.4 10.2      8672
 *** DISTANCE & RESIDUAL WEIGHTING CANCELLED FOR EVENT: 2021 12  2  8 14
 8673 2021-12- 2  8:14     - 55 24  161 52   1.43 0.24  0.0    4  1.7 18.7      8673
 8674 2021-12- 2  8:25       55 19  161 41  15.91 0.10  0.0    7  2.7  1.6      8674
 8675 2021-12- 2 10:35       55 22  161 34  12.28 0.19  0.0    6  4.3  3.4      8675
 8676 2021-12- 2 10:36     - 55 19  161 46  11.22 0.01  0.0    4  7.3  6.3      8676
 *** DISTANCE & RESIDUAL WEIGHTING CANCELLED FOR EVENT: 2021 12  2 10 40
 8677 2021-12- 2 10:40     - 55 22  161 57   1.24 0.46  0.0    4  4.1 30.5      8677
 8678 2021-12- 2 10:42     # 55 24  161 52   0.78 0.10  0.0    6  0.8 10.0      8678
 8679 2021-12- 2 10:50     - 54 49  161  2  28.60 0.18  0.0   11 14.6  2.4      8679
 8680 2021-12- 2 10:50     - 54 32  160 34  40.34 0.30  0.0   11 19.4 21.9      8680
 8681 2021-12- 2 12:20     - 55 29  161 10   0.15 0.21  0.0    5  7.4 21.4      8681
 *** DISTANCE & RESIDUAL WEIGHTING CANCELLED FOR EVENT: 2021 12  2 12 21
 8682 2021-12- 2 12:20     - 55 57  161 50   3.00 0.35  0.0    4 15.9 28.9      8682
 *** DISTANCE & RESIDUAL WEIGHTING CANCELLED FOR EVENT: 2021 12  2 12 25
 8683 2021-12- 2 12:25     - 55 24  161 44   0.35 0.53  0.0    4 24.3 41.5      8683
 *** DISTANCE & RESIDUAL WEIGHTING CANCELLED FOR EVENT: 2021 12  2 13 11
 8684 2021-12- 2 13:11     - 55 17  162 51   3.45 0.70  0.0    5 24.6 54.2      8684
 *** DISTANCE & RESIDUAL WEIGHTING CANCELLED FOR EVENT: 2021 12  2 13 15
 8685 2021-12- 2 13:15     - 54 54  162 13   2.91 1.33  0.0    4 54.5 89.9      8685
  SEQ ---DATE--- TIME REMARK -LAT-  --LON-  DEPTH  RMS PMAG  NUM  ERH  ERZ  ID
 8686 2021-12- 2 13:28     - 55 24  161 52   0.72 0.01  0.0    5  0.6 10.8      8686
 *** DISTANCE & RESIDUAL WEIGHTING CANCELLED FOR EVENT: 2021 12  2 13 33
 *** ABANDON EVENT WITH ONLY 3 READINGS:2021 12  2 13 33
 8688 2021-12- 2 13:37     - 54 48  160 59   3.22 0.15  0.0   14  6.5 13.9      8688
 8689 2021-12- 2 13:41     - 54 46  160 51  24.51 0.19  0.0   10 16.2  3.9      8689
 8690 2021-12- 2 13:41     - 54 33  160 22  16.06 0.20  0.0    8 15.5  9.8      8690
 8691 2021-12- 2 14:16     - 55  0  163 17   2.33 0.03  0.0    5  5.3 11.6      8691
 *** DISTANCE & RESIDUAL WEIGHTING CANCELLED FOR EVENT: 2021 12  2 14 37
 8692 2021-12- 2 14:37     - 55 16  161 58   2.79 0.44  0.0    5 10.5 27.1      8692
 8693 2021-12- 2 14:37     - 55 24  161 49   0.12 0.21  0.0    5  0.9 15.5      8693
 8694 2021-12- 2 14:43     - 54 59  162 39   3.03 0.06  0.0    5  5.6 12.2      8694
 *** DISTANCE & RESIDUAL WEIGHTING CANCELLED FOR EVENT: 2021 12  2 14 44
 8695 2021-12- 2 14:44     - 55 22  161 29   2.46 0.20  0.0    4  4.3 20.8      8695
 8696 2021-12- 2 14:47     - 55 23  161 50   0.39 0.04  0.0    5  0.7  9.6      8696
 8697 2021-12- 2 15:52     - 55 33  161  8  36.96 0.11  0.0    6 14.3  5.9      8697
 *** DISTANCE & RESIDUAL WEIGHTING CANCELLED FOR EVENT: 2021 12  2 15 55
 8698 2021-12- 2 15:55     # 55 21  161 49   0.30 0.14  0.0    4  3.0 11.2      8698
 *** DISTANCE & RESIDUAL WEIGHTING CANCELLED FOR EVENT: 2021 12  2 15 59
 8699 2021-12- 2 15:59     - 55 14  162  1  10.27 0.76  0.0    4 56.6 25.1      8699
 8700 2021-12- 2 15:59     - 55 25  161 55  35.61 0.05  0.0    6  3.6 12.1      8700
 *** DISTANCE & RESIDUAL WEIGHTING CANCELLED FOR EVENT: 2021 12  2 16  0
  SEQ ---DATE--- TIME REMARK -LAT-  --LON-  DEPTH  RMS PMAG  NUM  ERH  ERZ  ID
 8701 2021-12- 2 16:00     - 54 57  163  2   2.82 0.40  0.0    4 15.0 32.6      8701
 8702 2021-12- 2 16:04     - 55 34  161 45   2.80 0.08  0.0    5  3.3 13.8      8702
 8703 2021-12- 2 16:05       55 23  161 51   2.44 0.02  0.0    5  1.4  4.8      8703
 *** DISTANCE & RESIDUAL WEIGHTING CANCELLED FOR EVENT: 2021 12  2 17 21
 8704 2021-12- 2 17:21     # 55 25  162  3   2.98 0.29  0.0    5  6.2  4.1      8704
 8705 2021-12- 2 17:28       55 15  161 39   5.25 0.03  0.0    5  2.5  1.4      8705
 8706 2021-12- 2 17:29     - 55 19  162  4   0.99 0.15  0.0    4  2.2 13.8      8706
 *** DISTANCE & RESIDUAL WEIGHTING CANCELLED FOR EVENT: 2021 12  2 17 40
 8707 2021-12- 2 17:40     - 55 42  161 55   1.86 0.30  0.0    4 11.8 27.6      8707
 *** DISTANCE & RESIDUAL WEIGHTING CANCELLED FOR EVENT: 2021 12  2 18 39
 8708 2021-12- 2 18:38     - 55 32  161 47   3.00 0.31  0.0    4  6.1 27.6      8708
 8709 2021-12- 2 18:45       55 18  162 13  24.09 0.01  0.0    5  4.7  3.8      8709
 *** DISTANCE & RESIDUAL WEIGHTING CANCELLED FOR EVENT: 2021 12  2 18 49
 8710 2021-12- 2 18:49     - 55 35  161 40   3.00 2.44  0.0    4 32.7 98.0      8710
 8711 2021-12- 2 18:52     - 55 20  161 55  14.55 0.02  0.0    4  4.1 10.1      8711
 *** DISTANCE & RESIDUAL WEIGHTING CANCELLED FOR EVENT: 2021 12  2 18 56
 8712 2021-12- 2 18:56     - 55 26  161 42   0.75 0.58  0.0    4 38.5 44.2      8712
 *** DISTANCE & RESIDUAL WEIGHTING CANCELLED FOR EVENT: 2021 12  2 20 53
 8713 2021-12- 2 20:53     - 54 50  161 37   3.40 0.27  0.0    4 18.8 23.1      8713
 *** DISTANCE & RESIDUAL WEIGHTING CANCELLED FOR EVENT: 2021 12  2 20 56
 8714 2021-12- 2 20:56     - 55 53  161 15   3.01 0.54  0.0    5 41.4 42.8      8714
 *** DISTANCE & RESIDUAL WEIGHTING CANCELLED FOR EVENT: 2021 12  2 21  0
 8715 2021-12- 2 21:00     - 55 54  162 11   3.00 0.57  0.0    4 24.5 44.4      8715
  SEQ ---DATE--- TIME REMARK -LAT-  --LON-  DEPTH  RMS PMAG  NUM  ERH  ERZ  ID
 8716 2021-12- 2 21:08     - 55 20  162  4   2.25 0.15  0.0    4  7.7 15.2      8716
 8717 2021-12- 2 21:22     - 55  8  163 16   1.58 0.03  0.0    4  5.4 11.5      8717
 *** DISTANCE & RESIDUAL WEIGHTING CANCELLED FOR EVENT: 2021 12  2 21 22
 8718 2021-12- 2 21:22     - 55 40  162 10   4.92 0.68  0.0    4 24.6 52.2      8718
 8719 2021-12- 2 21:56     - 55 46  163 22   2.68 0.13  0.0    4  8.6 15.3      8719
 *** DISTANCE & RESIDUAL WEIGHTING CANCELLED FOR EVENT: 2021 12  2 22 41
 8720 2021-12- 2 22:41     - 55 17  161 37   1.19 0.90  0.0    5 48.4 64.7      8720
 *** DISTANCE & RESIDUAL WEIGHTING CANCELLED FOR EVENT: 2021 12  2 22 46
 8721 2021-12- 2 22:46     - 55 24  162  2   3.08 0.91  0.0    4  8.5 64.0      8721
 8722 2021-12- 2 22:46     # 55 36  161 36   1.50 0.36  0.0    5  3.7  9.7      8722
 *** DISTANCE & RESIDUAL WEIGHTING CANCELLED FOR EVENT: 2021 12  2 22 49
 8723 2021-12- 2 22:49     - 55 31  161 42   3.00 0.48  0.0    4 24.5 33.1      8723
 *** DISTANCE & RESIDUAL WEIGHTING CANCELLED FOR EVENT: 2021 12  2 23 44
 8724 2021-12- 2 23:44     # 55 23  161 46   5.58 0.26  0.0    4  3.1  2.3      8724
 8725 2021-12- 2 23:53     - 55 24  161 52   0.38 0.14  0.0    6  0.9 13.9      8725
 8726 2021-12- 2 23:58     - 55 19  162  3   0.07 0.01  0.0    4  6.9 11.5      8726
 8727 2021-12- 2 23:59       55 27  161 53  11.29 0.04  0.0    6  1.2  7.5      8727
 8728 2021-12- 3  0:49       55 21  161 40  16.43 0.13  0.0    5  8.6  2.3      8728
 8729 2021-12- 3  0:50     - 55 18  161 56   0.19 0.32  0.0    4 24.5 19.9      8729
 8730 2021-12- 3  0:54     - 55 24  161 52   1.09 0.14  0.0    6  0.8 12.5      8730
  SEQ ---DATE--- TIME REMARK -LAT-  --LON-  DEPTH  RMS PMAG  NUM  ERH  ERZ  ID
 8731 2021-12- 3  1:01       55 22  161 49   1.06 0.00  0.0    4  2.2  6.0      8731
 8732 2021-12- 3  1:49       55 26  161 53  19.18 0.09  0.0    7  1.7  1.2      8732
 8733 2021-12- 3  1:53     - 55 12  161 29   6.96 0.03  0.0    5  2.0 12.6      8733
 8734 2021-12- 3  3:05       55 25  161 53  18.30 0.16  0.0    6  2.8  1.6      8734
 8735 2021-12- 3  3:13     - 54 46  163 23   3.00 0.01  0.0    4  5.2 11.4      8735
 *** DISTANCE & RESIDUAL WEIGHTING CANCELLED FOR EVENT: 2021 12  3  3 14
 8736 2021-12- 3  3:14     - 55 25  161 53   1.88 0.56  0.0    4  5.2 36.3      8736
 8737 2021-12- 3  4:16       55 25  161 52  20.38 0.15  0.0    8  2.2  1.2      8737
 8738 2021-12- 3  4:19     - 55 24  161 27   2.38 0.12  0.0    4  3.6 15.7      8738
 *** DISTANCE & RESIDUAL WEIGHTING CANCELLED FOR EVENT: 2021 12  3  4 21
 8739 2021-12- 3  4:21     - 55 27  161 47   0.76 0.37  0.0    5  4.5 28.4      8739
 8740 2021-12- 3  5:20     - 55 16  161 32   1.60 0.08  0.0    5  1.3 14.1      8740
 *** DISTANCE & RESIDUAL WEIGHTING CANCELLED FOR EVENT: 2021 12  3  5 21
 8741 2021-12- 3  5:21     - 55 40  162  3   3.00 0.64  0.0    4 19.1 50.3      8741
 8742 2021-12- 3  5:28       55 18  161 48   5.59 0.08  0.0    5  7.1  1.3      8742
 8743 2021-12- 3  6:29     - 55 22  161 48   0.25 0.21  0.0    4  1.8 18.3      8743
 8744 2021-12- 3  7:34       55 23  161 39  16.77 0.00  0.0    4  2.9  4.1      8744
 8745 2021-12- 3  7:34       55 24  161 55  20.68 0.12  0.0    7  2.2  1.4      8745
  SEQ ---DATE--- TIME REMARK -LAT-  --LON-  DEPTH  RMS PMAG  NUM  ERH  ERZ  ID
 8746 2021-12- 3  7:42     - 55 21  161 53   0.42 0.06  0.0    4  2.3  9.8      8746
 8747 2021-12- 3  7:59     - 55 21  162  8   2.99 0.36  0.0    4  4.9 30.4      8747
 8748 2021-12- 3  8:35     - 54 57  161 20  31.53 0.18  0.0    7 16.1  4.5      8748
 8749 2021-12- 3  8:35     - 54 51  161 23   3.02 0.10  0.0    5  8.3 15.0      8749
 8750 2021-12- 3  8:37     - 55  0  161 34  33.62 0.20  0.0    6 16.9  6.3      8750
 8751 2021-12- 3  8:37       55  8  161 56   5.47 0.00  0.0    4  1.4  0.7      8751
 8752 2021-12- 3  8:57       55 25  161 53  18.99 0.11  0.0    8  2.1  1.4      8752
 8753 2021-12- 3  8:57     - 55 41  161  8   2.91 0.11  0.0    4 15.0 14.1      8753
 *** DISTANCE & RESIDUAL WEIGHTING CANCELLED FOR EVENT: 2021 12  3  8 58
 8754 2021-12- 3  8:58     - 55 15  161 51   2.26 0.33  0.0    4 10.3 28.3      8754
 8755 2021-12- 3  9:01       55 17  161 38  12.95 0.00  0.0    4  3.8  2.2      8755
 8756 2021-12- 3  9:02       55 25  161 53  16.70 0.11  0.0    7  1.4  1.0      8756
 8757 2021-12- 3  9:05       55 24  161 38   9.25 0.09  0.0    5  6.0  2.6      8757
 8758 2021-12- 3  9:08     - 55 22  161 51   1.12 0.09  0.0    4  2.6 12.0      8758
 8759 2021-12- 3  9:11     - 55 21  161 60   1.63 0.01  0.0    4  2.4  8.6      8759
 *** DISTANCE & RESIDUAL WEIGHTING CANCELLED FOR EVENT: 2021 12  3  9 13
 8760 2021-12- 3  9:13     - 55 19  161 57   2.85 0.42  0.0    5 18.1 20.9      8760
  SEQ ---DATE--- TIME REMARK -LAT-  --LON-  DEPTH  RMS PMAG  NUM  ERH  ERZ  ID
 8761 2021-12- 3 10:31     - 55  1  162 35  26.42 0.03  0.0    5  8.8  6.7      8761
 8762 2021-12- 3 10:32     - 55 14  161 34   6.75 0.07  0.0    6  1.5 13.8      8762
 8763 2021-12- 3 10:33     - 55 25  160 55   2.62 0.08  0.0    4  5.9 12.7      8763
 8764 2021-12- 3 10:45       55 30  161 21  25.20 0.01  0.0    4  2.6  4.5      8764
 *** DISTANCE & RESIDUAL WEIGHTING CANCELLED FOR EVENT: 2021 12  3 11  9
 8765 2021-12- 3 11:09     - 55  3  161 19   0.84 0.24  0.0    4 21.4  9.1      8765
 8766 2021-12- 3 12:37       55 21  161 48  22.05 0.17  0.0    8  2.5  1.2      8766
 8767 2021-12- 3 12:43     - 55 28  161 47   0.33 0.11  0.0    6  0.9 13.2      8767
 *** DISTANCE & RESIDUAL WEIGHTING CANCELLED FOR EVENT: 2021 12  3 12 44
 8768 2021-12- 3 12:44     - 55 24  162 36   4.89 1.31  0.0    7 41.1 90.1      8768
 8769 2021-12- 3 12:49     - 55 25  161 45   9.52 0.10  0.0    4 10.1  9.2      8769
 8770 2021-12- 3 13:31     - 55 50  161 15   2.93 0.18  0.0    6  8.2 17.8      8770
 8771 2021-12- 3 13:35     - 55  5  163 16   3.87 0.25  0.0    6 10.6 21.4      8771
 8772 2021-12- 3 13:35       55 21  161 55   0.89 0.55  0.0    7  1.8 11.1      8772
 8773 2021-12- 3 15:05       55 22  161 48  20.29 0.12  0.0    7  1.9  0.8      8773
 *** DISTANCE & RESIDUAL WEIGHTING CANCELLED FOR EVENT: 2021 12  3 15  6
 8774 2021-12- 3 15:06     # 55 23  161 48   0.66 0.75  0.0    6  6.8 24.4      8774
 *** DISTANCE & RESIDUAL WEIGHTING CANCELLED FOR EVENT: 2021 12  3 15 12
 8775 2021-12- 3 15:12     - 55 19  161 25   3.06 0.66  0.0    4 53.3 56.2      8775
  SEQ ---DATE--- TIME REMARK -LAT-  --LON-  DEPTH  RMS PMAG  NUM  ERH  ERZ  ID
 8776 2021-12- 3 15:59     - 55 24  161 57  47.32 0.04  0.0    6  4.5 12.5      8776
 8777 2021-12- 3 16:51     - 55 23  161 43   0.01 0.53  0.0    5 21.6 45.7      8777
 8778 2021-12- 3 16:53       55 22  161 47  20.70 0.12  0.0    7  2.2  0.9      8778
 *** DISTANCE & RESIDUAL WEIGHTING CANCELLED FOR EVENT: 2021 12  3 16 53
 8779 2021-12- 3 16:53     - 55 45  162  4   1.19 0.19  0.0    4  4.5 19.4      8779
 8780 2021-12- 3 16:57     # 55 22  161 50   0.38 1.09  0.0    5  7.2 60.2      8780
 8781 2021-12- 3 17:01     - 55 31  161 30   2.99 0.55  0.0    4 42.6 41.9      8781
 8782 2021-12- 3 18:54     - 54 42  162  4   2.67 0.06  0.0    4  7.8 12.3      8782
 8783 2021-12- 3 19:02     - 55 20  161 24  10.26 0.31  0.0    4  8.9 23.0      8783
 8784 2021-12- 3 19:20     - 54 57  162 12   2.85 0.06  0.0    4  2.7 13.1      8784
 *** DISTANCE & RESIDUAL WEIGHTING CANCELLED FOR EVENT: 2021 12  3 19 20
 8785 2021-12- 3 19:20     # 54 55  162 19  19.15 0.89  0.0    5 15.4 13.2      8785
 *** DISTANCE & RESIDUAL WEIGHTING CANCELLED FOR EVENT: 2021 12  3 19 22
 8786 2021-12- 3 19:22     - 55 53  161 33   2.99 1.32  0.0    4 41.5 89.9      8786
 8787 2021-12- 3 19:22     - 55 19  163 12   6.54 0.28  0.0    4 10.4 26.4      8787
 *** DISTANCE & RESIDUAL WEIGHTING CANCELLED FOR EVENT: 2021 12  3 22  0
 8788 2021-12- 3 22:00     # 55 19  162  2   2.98 2.32  0.0    5 29.2 98.6      8788
 8789 2021-12- 3 22:37     - 55 24  161 50   4.54 0.04  0.0    4  3.4 10.6      8789
 *** DISTANCE & RESIDUAL WEIGHTING CANCELLED FOR EVENT: 2021 12  3 23 35
 8790 2021-12- 3 23:35     - 55  9  161 58   3.00 0.52  0.0    4  9.1 35.4      8790
  SEQ ---DATE--- TIME REMARK -LAT-  --LON-  DEPTH  RMS PMAG  NUM  ERH  ERZ  ID
 8791 2021-12- 3 23:35       54 51  161 18  28.42 0.04  0.0    5  8.2  4.5      8791
 8792 2021-12- 3 23:59     - 55 25  161 56  25.81 0.07  0.0    6  2.6 12.2      8792
 8793 2021-12- 4  0:30     - 55 14  161 35   0.36 0.12  0.0    4 12.2 15.7      8793
 8794 2021-12- 4  0:38     # 54 53  162 10   0.02 0.08  0.0    7  2.7  2.2      8794
 8795 2021-12- 4  0:38     - 55 12  162 52   4.44 0.15  0.0    6  7.2 15.6      8795
 *** DISTANCE & RESIDUAL WEIGHTING CANCELLED FOR EVENT: 2021 12  4  2 33
 8796 2021-12- 4  2:33     - 55 23  161 52   3.14 0.64  0.0    4 11.0 50.0      8796
 8797 2021-12- 4  4:02       55 10  162 14   1.04 0.93  0.0    6  7.0 18.6      8797
 8798 2021-12- 4  4:09     - 55 20  160 36  29.29 0.14  0.0   11 14.0  2.7      8798
 8799 2021-12- 4  4:09     - 55 11  159 58   1.20 0.14  0.0    9 12.9  9.1      8799
 *** DISTANCE & RESIDUAL WEIGHTING CANCELLED FOR EVENT: 2021 12  4  4 32
 8800 2021-12- 4  4:32     - 55 18  161 42   6.05 0.29  0.0    4 25.7  1.6      8800
 *** DISTANCE & RESIDUAL WEIGHTING CANCELLED FOR EVENT: 2021 12  4  6  3
 8801 2021-12- 4  6:03     # 55 18  161 40   9.84 0.76  0.0    6  9.4 16.5      8801
 8802 2021-12- 4  7:03       55 19  161 43  18.39 0.10  0.0    7  3.1  1.2      8802
 8803 2021-12- 4  7:04     - 55 23  161 58   2.09 0.01  0.0    4  4.0 11.7      8803
 8804 2021-12- 4  7:09     - 55 25  161 39   5.70 0.13  0.0    4 15.4  4.5      8804
 8805 2021-12- 4  7:37       54 53  162  9   0.08 0.12  0.0    6  3.9  5.9      8805
 *** DISTANCE & RESIDUAL WEIGHTING CANCELLED FOR EVENT: 2021 12  4  7 37
  SEQ ---DATE--- TIME REMARK -LAT-  --LON-  DEPTH  RMS PMAG  NUM  ERH  ERZ  ID
 8806 2021-12- 4  7:37     - 54 28  162 17   3.06 0.39  0.0    4 31.1 33.1      8806
 8807 2021-12- 4  7:59     - 55 25  161 56  43.54 0.03  0.0    6  3.7 12.5      8807
 *** DISTANCE & RESIDUAL WEIGHTING CANCELLED FOR EVENT: 2021 12  4  9  8
 8808 2021-12- 4  9:08     - 55 24  161 52   1.39 0.27  0.0    4  2.3 19.7      8808
 8809 2021-12- 4  9:10     - 55 25  161 53   0.29 0.10  0.0    5  0.7 14.2      8809
 8810 2021-12- 4  9:21     - 55 35  161 36   3.09 0.06  0.0    4  2.0 13.3      8810
 8811 2021-12- 4  9:46     - 54 52  162 10   0.05 0.12  0.0    4 14.7  2.9      8811
 8812 2021-12- 4  9:47     - 54 47  162 15   3.56 0.12  0.0    4 12.1  1.3      8812
 *** DISTANCE & RESIDUAL WEIGHTING CANCELLED FOR EVENT: 2021 12  4 12  3
 8813 2021-12- 4 12:03     - 54 45  162  0   3.00 0.60  0.0    4 43.8 45.9      8813
 *** DISTANCE & RESIDUAL WEIGHTING CANCELLED FOR EVENT: 2021 12  4 14  0
 8814 2021-12- 4 14:00     - 54 45  160 54   2.99 0.44  0.0    4 32.6 35.1      8814
 *** DISTANCE & RESIDUAL WEIGHTING CANCELLED FOR EVENT: 2021 12  4 14  2
 8815 2021-12- 4 14:02     # 55 36  161 60   2.37 0.62  0.0    4  9.8 10.1      8815
 8816 2021-12- 4 14:06     - 55 17  161 34   7.88 0.10  0.0    5  3.1 10.2      8816
 8817 2021-12- 4 15:52       55 20  161 32  16.02 0.11  0.0    6  2.8  2.4      8817
 8818 2021-12- 4 15:57     - 55 25  161 53   1.01 0.08  0.0    4  1.0 11.7      8818
 8819 2021-12- 4 15:58     - 55 29  162  5   1.19 0.51  0.0    4 16.7 32.3      8819
 *** DISTANCE & RESIDUAL WEIGHTING CANCELLED FOR EVENT: 2021 12  4 17 29
 8820 2021-12- 4 17:28     - 55 20  161 32   2.67 0.57  0.0    4  5.1 43.4      8820
 *** DISTANCE & RESIDUAL WEIGHTING CANCELLED FOR EVENT: 2021 12  4 17 34
  SEQ ---DATE--- TIME REMARK -LAT-  --LON-  DEPTH  RMS PMAG  NUM  ERH  ERZ  ID
 8821 2021-12- 4 17:34     # 55 25  161 53   2.68 0.34  0.0    4  1.9 19.2      8821
 8822 2021-12- 4 17:39       55 32  161 46   6.14 0.15  0.0   15  0.6  0.4      8822
 8823 2021-12- 4 17:40       55 32  161 46   7.85 0.15  0.0   15  0.8  1.8      8823
 8824 2021-12- 4 19:15       55 25  161 53   5.41 0.04  0.0    5  0.9  1.3      8824
 8825 2021-12- 4 20:15     - 55 24  161 54   0.37 0.14  0.0    4  1.1 14.0      8825
 8826 2021-12- 4 20:16       55 21  161 39  12.42 0.00  0.0    4  1.7  2.7      8826
 8827 2021-12- 4 20:16     - 55 35  162 52   2.82 0.01  0.0    4  7.7 11.3      8827
 8828 2021-12- 4 20:22     - 54 51  162 43   2.07 0.12  0.0    4  6.6 14.3      8828
 8829 2021-12- 4 20:34     - 55 10  161 54   2.99 0.12  0.0    4  5.8 14.2      8829
 *** DISTANCE & RESIDUAL WEIGHTING CANCELLED FOR EVENT: 2021 12  4 22 24
 8830 2021-12- 4 22:24     # 55 21  161 54  14.87 0.70  0.0    6 11.3  4.4      8830
 8831 2021-12- 4 22:26       55 18  161 26  38.79 0.13  0.0    7  4.5  4.5      8831
 *** DISTANCE & RESIDUAL WEIGHTING CANCELLED FOR EVENT: 2021 12  4 22 27
 8832 2021-12- 4 22:26     - 56 15  161 34   3.01 0.37  0.0    4 25.4 30.2      8832
 8833 2021-12- 4 22:27     - 55 22  161 48   0.01 0.12  0.0    5  2.4 14.5      8833
 8834 2021-12- 4 22:28     - 55 25  161 53   0.62 0.11  0.0    5  0.8 13.9      8834
 *** DISTANCE & RESIDUAL WEIGHTING CANCELLED FOR EVENT: 2021 12  4 22 28
 8835 2021-12- 4 22:28     # 55 25  161 58   3.00 0.85  0.0    4 30.8 20.4      8835
 *** DISTANCE & RESIDUAL WEIGHTING CANCELLED FOR EVENT: 2021 12  4 22 46
  SEQ ---DATE--- TIME REMARK -LAT-  --LON-  DEPTH  RMS PMAG  NUM  ERH  ERZ  ID
 8836 2021-12- 4 22:45     - 54 33  162  3   3.04 0.32  0.0    4 12.5 26.5      8836
 8837 2021-12- 4 22:46       55 24  161 54  19.82 0.15  0.0    6  2.3  1.3      8837
 *** DISTANCE & RESIDUAL WEIGHTING CANCELLED FOR EVENT: 2021 12  4 23 38
 8838 2021-12- 4 23:38     - 55  1  161 42  15.00 0.29  0.0    4 23.5  6.4      8838
 8839 2021-12- 4 23:40     - 55 26  161 36   2.98 0.04  0.0    4  3.1 12.1      8839
 8840 2021-12- 4 23:44     - 55 33  161 46   2.90 0.02  0.0    4  3.1 12.5      8840
 8841 2021-12- 4 23:45       55 19  161 48  17.97 0.04  0.0    4  2.1  1.0      8841
 8842 2021-12- 4 23:53       55 28  161 51   9.73 0.09  0.0    5  1.0  3.3      8842
 *** DISTANCE & RESIDUAL WEIGHTING CANCELLED FOR EVENT: 2021 12  4 23 53
 8843 2021-12- 4 23:53     - 55 15  161 49   2.60 0.22  0.0    4  6.7 21.1      8843
 *** DISTANCE & RESIDUAL WEIGHTING CANCELLED FOR EVENT: 2021 12  4 23 56
 8844 2021-12- 4 23:56     # 55 18  161 24  17.47 0.36  0.0    5  6.2  9.0      8844
 8845 2021-12- 4 23:59     - 55 10  162 28  48.92 0.21  0.0    9  8.0 14.6      8845
 8846 2021-12- 4 23:59     - 55 19  162  9   3.11 0.14  0.0    7  0.9 16.6      8846
 8847 2021-12- 5  1:02     - 54 57  162 16   6.33 0.02  0.0    6  8.8  5.1      8847
 8848 2021-12- 5  1:03     - 54 58  162 15   5.55 0.02  0.0    4  7.7  7.7      8848
 8849 2021-12- 5  1:13     - 55  8  161 36  18.23 0.06  0.0    4 12.0  4.8      8849
 *** DISTANCE & RESIDUAL WEIGHTING CANCELLED FOR EVENT: 2021 12  5  2 48
 8850 2021-12- 5  2:48     - 55 28  162  8   4.37 0.33  0.0    4 25.1  9.7      8850
 *** DISTANCE & RESIDUAL WEIGHTING CANCELLED FOR EVENT: 2021 12  5  3 52
  SEQ ---DATE--- TIME REMARK -LAT-  --LON-  DEPTH  RMS PMAG  NUM  ERH  ERZ  ID
 8851 2021-12- 5  3:52     - 55 18  161 46   3.00 1.33  0.0    4 41.3 90.0      8851
 8852 2021-12- 5  3:59     # 55 14  161 58  13.87 2.58  0.0    7 19.9 38.7      8852
 8853 2021-12- 5  7:59     - 55 25  161 57   3.10 0.04  0.0    4  1.2 12.9      8853
 8854 2021-12- 5  9:16     # 55 24  162 25  11.45 1.41  0.0    9  8.3 81.3      8854
 8855 2021-12- 5 15:59     - 55 24  161 57  18.87 0.07  0.0    5  2.0 11.0      8855
 8856 2021-12- 5 17:33       55 22  161 49   0.78 0.00  0.0    4  1.2  2.6      8856
 *** DISTANCE & RESIDUAL WEIGHTING CANCELLED FOR EVENT: 2021 12  5 17 34
 8857 2021-12- 5 17:34     - 55 27  162  7   2.79 0.59  0.0    4  8.9 49.6      8857
 *** DISTANCE & RESIDUAL WEIGHTING CANCELLED FOR EVENT: 2021 12  5 17 36
 8858 2021-12- 5 17:36     - 55 35  161 46   3.00 0.95  0.0    5 21.2 79.1      8858
 *** DISTANCE & RESIDUAL WEIGHTING CANCELLED FOR EVENT: 2021 12  5 20 52
 8859 2021-12- 5 20:52     # 55 23  161 54   0.41 0.51  0.0    5  2.1 29.2      8859
 8860 2021-12- 6  0:04     # 55 23  161 54   0.38 0.45  0.0    5  2.0 23.0      8860
 8861 2021-12- 6  1:29     # 54 48  162  5   0.15 0.12  0.0    9  6.2  1.5      8861
 8862 2021-12- 6  1:30     - 54 34  162 23   3.02 0.35  0.0    4 27.1 28.4      8862
 *** DISTANCE & RESIDUAL WEIGHTING CANCELLED FOR EVENT: 2021 12  6  4  4
 8863 2021-12- 6  4:04     - 55 35  161 52   2.91 0.23  0.0    4  5.9 22.5      8863
 *** DISTANCE & RESIDUAL WEIGHTING CANCELLED FOR EVENT: 2021 12  6  4  9
 8864 2021-12- 6  4:08     - 54 41  162 54   3.00 0.76  0.0    4 63.0 58.8      8864
 8865 2021-12- 6  7:37     - 55 16  161 37   6.67 0.07  0.0    4 10.5 13.5      8865
  SEQ ---DATE--- TIME REMARK -LAT-  --LON-  DEPTH  RMS PMAG  NUM  ERH  ERZ  ID
 8866 2021-12- 6  8:16     - 55  2  160 38   2.83 0.24  0.0    7  9.5 21.3      8866
 *** DISTANCE & RESIDUAL WEIGHTING CANCELLED FOR EVENT: 2021 12  6  8 17
 8867 2021-12- 6  8:17     - 55 31  161 49   2.44 1.00  0.0    5 11.7 80.1      8867
 8868 2021-12- 6  8:21     - 55 22  161 50   0.00 0.05  0.0    4  1.1 12.2      8868
 *** DISTANCE & RESIDUAL WEIGHTING CANCELLED FOR EVENT: 2021 12  6  8 32
 8869 2021-12- 6  8:32     - 55 23  161 46   2.47 0.62  0.0    4 43.7 17.2      8869
 8870 2021-12- 6 11:46     - 54 45  160 44   3.00 0.08  0.0    5 13.0 13.2      8870
 8871 2021-12- 6 12:18     - 55 26  161 54   3.00 0.09  0.0    5  1.4 13.7      8871
 *** DISTANCE & RESIDUAL WEIGHTING CANCELLED FOR EVENT: 2021 12  6 12 24
 8872 2021-12- 6 12:24     - 55 15  161 54   3.00 0.37  0.0    4 26.4 18.5      8872
 8873 2021-12- 6 13:16       54 30  161  7  13.10 0.16  0.0   12  3.1  2.1      8873
 8874 2021-12- 6 13:16     - 54 28  161  8  19.98 0.21  0.0    9 17.7  4.3      8874
 8875 2021-12- 6 15:44     - 54 37  161 37   3.81 0.16  0.0   14  6.3 13.2      8875
 8876 2021-12- 6 15:59     - 55 25  161 56  19.15 0.10  0.0    4  3.2 10.9      8876
 8877 2021-12- 6 17:19     - 54 56  162 14   4.92 0.14  0.0    4 11.1 11.8      8877
 *** DISTANCE & RESIDUAL WEIGHTING CANCELLED FOR EVENT: 2021 12  6 17 20
 8878 2021-12- 6 17:20     # 54 56  162 20   6.14 0.87  0.0    5 18.7  4.4      8878
 8879 2021-12- 6 22:21     - 55 18  160 27  39.91 0.11  0.0   11  3.2 11.9      8879
 8880 2021-12- 6 23:59     - 55 23  162  2  31.31 0.07  0.0    6  3.7 12.5      8880
 *** DISTANCE & RESIDUAL WEIGHTING CANCELLED FOR EVENT: 2021 12  7  0  5
  SEQ ---DATE--- TIME REMARK -LAT-  --LON-  DEPTH  RMS PMAG  NUM  ERH  ERZ  ID
 8881 2021-12- 7  0:05     - 55 27  161 35   3.29 0.50  0.0    4  4.7 37.6      8881
 8882 2021-12- 7  1:34       55 24  162 46   0.36 0.18  0.0   13  0.9  0.9      8882
 8883 2021-12- 7  6:10       55 30  161 48  13.81 0.15  0.0    6  1.5  3.1      8883
 8884 2021-12- 7  7:59     - 55 25  161 58   3.03 0.09  0.0    5  1.3 13.0      8884
 8885 2021-12- 7  8:16     - 55 28  160 51   2.90 0.07  0.0    4  5.9 12.6      8885
 8886 2021-12- 7 10:38     - 54 59  162  7   3.01 0.02  0.0    4  1.4 12.5      8886
 8887 2021-12- 7 11:17     - 55 25  161 50   2.96 0.07  0.0    4  3.6 12.0      8887
 8888 2021-12- 7 11:17     - 55 16  161 52   1.50 1.34  0.0    5 37.6 91.6      8888
 8889 2021-12- 7 11:23     - 55 21  161 57   1.38 0.19  0.0    4  3.9 16.0      8889
 8890 2021-12- 7 11:30       55 19  161 42   6.87 0.09  0.0    5  6.3  3.2      8890
 8891 2021-12- 7 12:49     - 54 48  160 54   3.00 0.18  0.0   10 16.2 19.7      8891
 8892 2021-12- 7 12:50     - 54 37  160 45  25.96 0.18  0.0    7 15.5  3.1      8892
 8893 2021-12- 7 13:45     - 55 40  161 19   2.84 0.07  0.0    4  5.6 12.7      8893
 8894 2021-12- 7 13:47     - 55 16  161 29   0.68 0.20  0.0    5 19.7 20.4      8894
 *** DISTANCE & RESIDUAL WEIGHTING CANCELLED FOR EVENT: 2021 12  7 13 51
 8895 2021-12- 7 13:51     - 55 28  162 14   3.00 0.63  0.0    4 16.1 53.4      8895
  SEQ ---DATE--- TIME REMARK -LAT-  --LON-  DEPTH  RMS PMAG  NUM  ERH  ERZ  ID
 8896 2021-12- 7 15:59     - 55 25  161 57   3.04 0.08  0.0    4  1.3 13.7      8896
 *** DISTANCE & RESIDUAL WEIGHTING CANCELLED FOR EVENT: 2021 12  7 17  7
 8897 2021-12- 7 17:07     - 55 25  161 44   0.72 0.46  0.0    4 27.2 28.7      8897
 8898 2021-12- 7 17:12       55 20  161 52  18.57 0.15  0.0    6  2.4  1.2      8898
 8899 2021-12- 7 18:47     - 55 22  161 45   0.01 0.18  0.0    4 10.0 19.1      8899
 8900 2021-12- 7 18:53       55 24  161 48   4.39 0.01  0.0    5  3.3  6.9      8900
 8901 2021-12- 7 21:13       55 21  161 35  10.43 0.05  0.0    5  3.4  3.5      8901
 8902 2021-12- 7 21:19     - 55 22  161 43   0.01 0.27  0.0    4 11.5 25.3      8902
 8903 2021-12- 7 21:50       54 35  162 39  60.31 0.13  0.0    9  4.5  2.0      8903
 8904 2021-12- 7 22:53     - 55 24  163 30   1.02 0.35  0.0    4 17.2 28.6      8904
 8905 2021-12- 7 23:59     - 55 25  161 56  26.11 0.07  0.0    5  2.3 11.5      8905
 8906 2021-12- 8  2:53     - 54 33  163 21  15.31 0.08  0.0    5  6.4 12.6      8906
 *** DISTANCE & RESIDUAL WEIGHTING CANCELLED FOR EVENT: 2021 12  8  2 53
 8907 2021-12- 8  2:53     # 54 57  162 22  10.13 0.74  0.0    5 41.9  8.6      8907
 8908 2021-12- 8  7:21     - 55 13  163 25   0.01 0.78  0.0   10 27.9 57.2      8908
 8909 2021-12- 8  7:36     - 55 18  160 60   3.03 0.17  0.0    7  8.1 18.6      8909
 8910 2021-12- 8  7:37       55 18  160 58  12.57 0.04  0.0    5  8.3  1.8      8910
  SEQ ---DATE--- TIME REMARK -LAT-  --LON-  DEPTH  RMS PMAG  NUM  ERH  ERZ  ID
 8911 2021-12- 8  7:59     - 55 25  161 57   3.00 0.10  0.0    5  1.3 13.5      8911
 8912 2021-12- 8 15:59     - 54 44  160 45   2.96 0.18  0.0   17  7.3 15.8      8912
 *** DISTANCE & RESIDUAL WEIGHTING CANCELLED FOR EVENT: 2021 12  8 16  0
 8913 2021-12- 8 15:59     - 55 38  161 39   3.00 0.75  0.0    7 11.2 53.5      8913
 8914 2021-12- 8 21:24     - 54 42  161 11   2.22 0.13  0.0    5  7.1 14.9      8914
 8915 2021-12- 8 23:03     - 55  5  162 20  17.35 0.06  0.0    4  7.6  6.5      8915
 8916 2021-12- 8 23:59     - 55 18  162  5  46.69 0.17  0.0    8  3.5 13.3      8916
 8917 2021-12- 9  0:17       54 57  162 12   2.05 0.00  0.0    4  2.1  2.3      8917
 8918 2021-12- 9  2:12     - 55 39  163 10   2.95 0.02  0.0    4  5.3 11.4      8918
 8919 2021-12- 9  7:59     - 55 25  161 57   2.98 0.10  0.0    4  1.5 13.0      8919
 *** DISTANCE & RESIDUAL WEIGHTING CANCELLED FOR EVENT: 2021 12  9 14 15
 8920 2021-12- 9 14:15     - 55  5  162 17   0.04 0.91  0.0    5  6.2 68.3      8920
 *** DISTANCE & RESIDUAL WEIGHTING CANCELLED FOR EVENT: 2021 12  9 15 50
 8921 2021-12- 9 15:50     - 55 13  161 42   1.78 0.34  0.0    4  7.3 27.6      8921
 8922 2021-12- 9 15:50       54 55  161 24  39.34 0.12  0.0    5  3.0  5.2      8922
 8923 2021-12- 9 23:59     - 55 23  161 55   3.01 0.10  0.0    4  1.4 12.6      8923
 8924 2021-12-10  6:58     - 54 18  160 53  33.56 0.20  0.0    7  5.0 20.8      8924
 8925 2021-12-10  6:58     - 54 56  161 29   4.67 0.08  0.0    4 12.2 12.8      8925
  SEQ ---DATE--- TIME REMARK -LAT-  --LON-  DEPTH  RMS PMAG  NUM  ERH  ERZ  ID
 8926 2021-12-10  7:59     - 55 25  161 56   3.59 0.06  0.0    4  1.4 13.1      8926
 8927 2021-12-10  8:37     - 54 42  161 20   3.01 0.19  0.0   17  6.4 13.4      8927
 8928 2021-12-10 15:59     - 55 25  161 57   3.02 0.08  0.0    5  1.3 12.9      8928
 8929 2021-12-10 17:51     - 54 60  163 30   2.92 0.03  0.0    6  5.3 11.6      8929
 8930 2021-12-10 18:09     - 54 58  162 17   0.48 0.07  0.0    4  3.0 13.7      8930
 8931 2021-12-10 20:39     - 54 40  161 56   3.29 0.17  0.0    6  8.1 16.4      8931
 *** DISTANCE & RESIDUAL WEIGHTING CANCELLED FOR EVENT: 2021 12 11 12  9
 8932 2021-12-11 12:09     # 55  3  162  7  13.62 3.60  0.0    4 52.1 64.8      8932
 *** DISTANCE & RESIDUAL WEIGHTING CANCELLED FOR EVENT: 2021 12 11 14 16
 8933 2021-12-11 14:16     # 54 45  161 42  37.65 0.65  0.0    4 25.3 24.9      8933
 *** DISTANCE & RESIDUAL WEIGHTING CANCELLED FOR EVENT: 2021 12 11 16  0
 8934 2021-12-11 15:59     # 55 36  161 30   3.00 0.36  0.0    4  4.8  7.8      8934
 8935 2021-12-11 20:04     - 55  1  162 13   2.37 0.03  0.0    4  5.3 12.2      8935
 8936 2021-12-11 23:59     - 55 26  161 54  14.38 0.07  0.0    6  1.7 10.9      8936
 *** DISTANCE & RESIDUAL WEIGHTING CANCELLED FOR EVENT: 2021 12 12  0 27
 8937 2021-12-12  0:27     - 54 53  162 13   3.68 0.32  0.0    4 25.6 11.4      8937
 8938 2021-12-12  5:25     - 54 60  162 28  29.74 0.03  0.0    5  6.8  8.5      8938
 8939 2021-12-12  5:25     - 54 58  162 27  22.86 0.01  0.0    5  7.2  7.0      8939
 8940 2021-12-12  7:59     - 55 25  161 55   3.03 0.12  0.0    4  1.7 15.1      8940
 *** DISTANCE & RESIDUAL WEIGHTING CANCELLED FOR EVENT: 2021 12 12  9 50
  SEQ ---DATE--- TIME REMARK -LAT-  --LON-  DEPTH  RMS PMAG  NUM  ERH  ERZ  ID
 8941 2021-12-12  9:50     - 55  8  161 58   2.66 0.15  0.0    4  4.3 16.4      8941
 *** DISTANCE & RESIDUAL WEIGHTING CANCELLED FOR EVENT: 2021 12 12  9 50
 8942 2021-12-12  9:50     - 55  9  161 56   0.31 0.43  0.0    4  3.0 36.8      8942
 8943 2021-12-12  9:55     - 55 15  161  1  33.02 0.14  0.0   10 13.4 17.0      8943
 *** DISTANCE & RESIDUAL WEIGHTING CANCELLED FOR EVENT: 2021 12 12  9 56
 8944 2021-12-12  9:56     - 55 14  161 57   3.00 0.97  0.0    4  8.7 59.1      8944
 8945 2021-12-12 12:41     - 54 59  162 18   0.23 0.05  0.0    6  1.9 12.4      8945
 8946 2021-12-12 15:59     - 55 24  161 55   2.99 0.11  0.0    5  1.5 13.8      8946
 8947 2021-12-12 16:50     - 55 26  162 44   7.55 0.16  0.0   13  1.6 17.7      8947
 8948 2021-12-12 17:54     - 55 12  163 21   3.02 0.18  0.0    5  7.9 17.7      8948
 8949 2021-12-12 18:25     - 54 50  161 50   5.25 0.20  0.0    7  7.0 20.7      8949
 8950 2021-12-12 18:25     - 54 21  161 18   5.50 0.30  0.0    9 19.2 13.6      8950
 8951 2021-12-12 23:14     - 54 59  162 19   2.97 0.02  0.0    4  5.6 10.9      8951
 *** DISTANCE & RESIDUAL WEIGHTING CANCELLED FOR EVENT: 2021 12 13  0  0
 8952 2021-12-12 23:59     - 55 17  163  5   3.01 0.18  0.0    4 17.6 19.1      8952
 8953 2021-12-13  5:58       55 18  161 52   9.17 0.11  0.0    5  2.4  2.2      8953
 8954 2021-12-13  7:59     - 55 25  161 56  29.27 0.05  0.0    6  3.5 12.2      8954
 8955 2021-12-13  8:03     - 55 23  162 30   4.03 1.23  0.0    5 45.2 88.1      8955
  SEQ ---DATE--- TIME REMARK -LAT-  --LON-  DEPTH  RMS PMAG  NUM  ERH  ERZ  ID
 8956 2021-12-13 13:50     # 55 16  161  2   0.02 0.26  0.0    7  5.3  5.6      8956
 8957 2021-12-13 14:42     - 54 47  161  7  22.21 0.17  0.0   10 11.7  9.4      8957
 8958 2021-12-13 14:42     - 54 37  161  3  32.80 0.52  0.0    9 36.3 44.4      8958
 8959 2021-12-13 15:59     - 55 25  161 57   2.98 0.13  0.0    5  1.5 15.0      8959
 8960 2021-12-13 19:32       54 60  162 17   0.83 0.02  0.0    7  1.3  8.5      8960
 8961 2021-12-13 19:32     - 53 56  163 50   2.64 0.03  0.0    4  9.4  7.9      8961
 8962 2021-12-13 23:59     - 55 25  161 57   2.99 0.07  0.0    4  1.1 13.6      8962
 8963 2021-12-14  0:02       55 12  161 40  12.55 0.50  0.0    8  6.3 10.2      8963
 *** DISTANCE & RESIDUAL WEIGHTING CANCELLED FOR EVENT: 2021 12 14  0  3
 8964 2021-12-14  0:03     - 55 11  161 55   3.05 0.25  0.0    4  5.9 19.2      8964
 8965 2021-12-14  1:23       55 11  161 29  23.23 0.21  0.0    8 10.1  5.4      8965
 8966 2021-12-14  1:23     - 55 15  161  7  50.97 0.07  0.0    6 10.0  6.3      8966
 8967 2021-12-14  3:23     # 55 22  161 49   0.11 0.21  0.0    4  1.8 13.6      8967
 8968 2021-12-14  4:37     - 55 16  161  6  36.54 0.13  0.0    7 11.5  4.8      8968
 8969 2021-12-14  4:38       55 11  161 55   9.50 0.00  0.0    4  1.3  2.6      8969
 8970 2021-12-14  5:51     - 54 45  162 39   5.50 0.25  0.0    5 10.2 22.3      8970
  SEQ ---DATE--- TIME REMARK -LAT-  --LON-  DEPTH  RMS PMAG  NUM  ERH  ERZ  ID
 8971 2021-12-14  7:19     - 55 25  161 53   0.36 0.12  0.0    5  0.7 15.2      8971
 8972 2021-12-14 10:44       55 17  161 33  21.68 0.00  0.0    4  2.6  3.1      8972
 8973 2021-12-14 12:50       55 19  161 30  12.60 0.11  0.0    5  3.3  4.8      8973
 8974 2021-12-14 12:53       55 20  161 33  15.65 0.15  0.0    6  3.6  3.3      8974
 *** DISTANCE & RESIDUAL WEIGHTING CANCELLED FOR EVENT: 2021 12 14 13  0
 8975 2021-12-14 13:00     - 55 23  161 40   1.22 0.68  0.0    4 39.2 41.5      8975
 *** DISTANCE & RESIDUAL WEIGHTING CANCELLED FOR EVENT: 2021 12 14 13 17
 8976 2021-12-14 13:17     - 55  9  161 56   2.72 0.11  0.0    4  4.6 14.1      8976
 8977 2021-12-14 15:59     - 55 24  161 57  19.63 0.07  0.0    5  2.4 11.2      8977
 8978 2021-12-14 18:31     - 54 60  160 38   5.41 0.23  0.0   13  8.9 18.9      8978
 8979 2021-12-14 19:06     - 54 51  160 47  42.92 0.17  0.0   10 13.1  9.4      8979
 8980 2021-12-14 19:06     - 55  6  161 50  62.88 0.11  0.0    4  8.0 11.4      8980
 8981 2021-12-14 20:57     - 54 60  161 16  28.04 0.25  0.0    5 22.1 16.3      8981
 8982 2021-12-14 20:57     - 54 53  161  5   3.00 0.57  0.0    6 38.2 48.4      8982
 8983 2021-12-14 23:26     - 55 21  160 26  32.81 0.12  0.0   10 13.1 15.9      8983
 8984 2021-12-14 23:26     - 55 54  162  1   3.00 0.22  0.0    5 17.7 22.1      8984
 8985 2021-12-14 23:59     - 55 27  161 49  17.41 0.02  0.0    5 10.8  5.1      8985
  SEQ ---DATE--- TIME REMARK -LAT-  --LON-  DEPTH  RMS PMAG  NUM  ERH  ERZ  ID
 8986 2021-12-14 23:59     - 55 25  161 57   3.00 0.08  0.0    4  1.3 13.9      8986
 8987 2021-12-15  0:05     - 55 10  161 58   8.08 0.16  0.0    5  3.2 13.4      8987
 8988 2021-12-15  0:56     - 55 60  162 36   2.76 0.04  0.0    4  5.8 11.7      8988
 *** DISTANCE & RESIDUAL WEIGHTING CANCELLED FOR EVENT: 2021 12 15  4  2
 8989 2021-12-15  4:02     - 55 33  161 23   3.00 0.63  0.0    4 22.3 48.7      8989
 *** DISTANCE & RESIDUAL WEIGHTING CANCELLED FOR EVENT: 2021 12 15  4  2
 8990 2021-12-15  4:02     - 54 59  162 51  14.51 0.63  0.0    4 10.6 47.1      8990
 8991 2021-12-15  7:59     - 55 25  161 57   3.02 0.07  0.0    4  1.4 13.6      8991
 8992 2021-12-15 15:34       55 38  161 31   2.13 0.17  0.0   12  1.1  8.4      8992
 *** DISTANCE & RESIDUAL WEIGHTING CANCELLED FOR EVENT: 2021 12 15 20  1
 8993 2021-12-15 20:01     - 55 46  162 11   2.85 0.39  0.0    4 14.7 31.4      8993
 8994 2021-12-15 23:10     - 54 45  161  1  10.27 0.21  0.0   13  1.5 21.6      8994
 8995 2021-12-15 23:59     - 55 25  161 57  45.51 0.03  0.0    6  4.7 12.4      8995
 8996 2021-12-16  4:06     - 55 48  161 14   3.10 0.07  0.0    4 13.0 12.5      8996
 *** DISTANCE & RESIDUAL WEIGHTING CANCELLED FOR EVENT: 2021 12 16  5 21
 8997 2021-12-16  5:20     - 55 27  162  8   3.00 0.92  0.0    4 51.0 56.9      8997
 8998 2021-12-16  7:53     # 55 27  162 36  25.99 1.69  0.0    6 17.7 60.5      8998
 8999 2021-12-16  7:59     - 55 25  161 57   5.42 0.10  0.0    5  1.3 12.2      8999
 *** DISTANCE & RESIDUAL WEIGHTING CANCELLED FOR EVENT: 2021 12 16 10 39
 9000 2021-12-16 10:39     - 55 17  162  4   2.69 0.17  0.0    4  3.8 18.4      9000
  SEQ ---DATE--- TIME REMARK -LAT-  --LON-  DEPTH  RMS PMAG  NUM  ERH  ERZ  ID
 9001 2021-12-16 10:49       54 50  161 17  78.54 0.08  0.0   10  3.9  3.0      9001
 9002 2021-12-16 11:38     - 54 53  160 32   2.78 0.28  0.0   16 10.3 22.2      9002
 9003 2021-12-16 13:48     - 54 43  163  7   2.93 0.21  0.0    5  8.9 19.4      9003
 9004 2021-12-16 14:38     - 54 29  163 15  35.60 0.56  0.0    6 27.4 45.5      9004
 9005 2021-12-16 14:38     - 55  0  162 17   0.00 0.76  0.0    4 36.0 64.1      9005
 9006 2021-12-16 15:59     - 55 25  161 55  19.42 0.09  0.0    6  1.9 10.9      9006
 9007 2021-12-16 17:00     - 54 28  163 12   3.36 0.23  0.0    7  9.4 20.6      9007
 9008 2021-12-16 17:25     - 54 34  163 18   3.84 0.09  0.0    6  6.1 13.3      9008
 9009 2021-12-16 21:14     - 54 33  161 44   2.15 0.25  0.0    7  9.8 21.2      9009
 9010 2021-12-16 23:59     - 55 25  161 56  23.90 0.08  0.0    6  2.6 11.6      9010
 9011 2021-12-17  1:38     - 54 52  160 22   3.60 0.23  0.0    8 15.2 16.0      9011
 9012 2021-12-17  1:52     - 55 58  162 47   2.64 0.07  0.0    4  5.6 12.4      9012
 *** DISTANCE & RESIDUAL WEIGHTING CANCELLED FOR EVENT: 2021 12 17  3  1
 9013 2021-12-17  3:00     - 55 58  162  8   3.00 0.82  0.0    5 28.8 63.0      9013
 9014 2021-12-17  7:59     - 55 22  161 52  20.22 0.10  0.0    5  2.6 11.9      9014
 9015 2021-12-17  8:25     # 54 53  162 10   0.43 0.11  0.0    6  3.3  2.8      9015
  SEQ ---DATE--- TIME REMARK -LAT-  --LON-  DEPTH  RMS PMAG  NUM  ERH  ERZ  ID
 9016 2021-12-17  8:25     # 54 47  162 10   0.02 0.39  0.0    6 14.7  3.6      9016
 *** DISTANCE & RESIDUAL WEIGHTING CANCELLED FOR EVENT: 2021 12 17  8 48
 9017 2021-12-17  8:48     - 55 37  162  7   2.85 1.11  0.0    4 92.4 85.4      9017
 9018 2021-12-17  8:48     - 55  4  162 33  41.14 0.09  0.0    5  9.2  9.2      9018
 *** DISTANCE & RESIDUAL WEIGHTING CANCELLED FOR EVENT: 2021 12 17  9 45
 9019 2021-12-17  9:45     - 54 59  162 24   0.19 0.68  0.0    5 16.4 56.7      9019
 9020 2021-12-17 10:33       54 57  162 59   0.05 0.07  0.0   10  8.6  2.5      9020
 9021 2021-12-17 10:34       55  1  162 27   7.38 0.01  0.0    5  3.0  2.4      9021
 9022 2021-12-17 11:45     - 54 58  162 29  28.22 0.01  0.0    5  8.1  8.8      9022
 9023 2021-12-17 11:45       54 37  161 10  29.71 0.20  0.0    5  7.3  1.3      9023
 9024 2021-12-17 14:53     - 54 52  163 14   2.78 0.02  0.0    5  5.3 11.5      9024
 9025 2021-12-17 15:56     # 55 53  161 37   1.19 0.16  0.0   16  2.9  3.7      9025
 9026 2021-12-17 15:59     - 55 21  162 13  43.54 0.14  0.0    5  4.3 11.9      9026
 9027 2021-12-17 23:59     - 55 25  161 57   3.09 0.06  0.0    5  1.0 12.6      9027
 9028 2021-12-18  2:31     - 54 59  161 42   6.94 0.07  0.0    4  1.3 13.5      9028
 9029 2021-12-18  4:05     - 54 40  161  4  40.42 0.19  0.0    7 17.1 14.5      9029
 9030 2021-12-18  4:05     - 54 57  161 37  21.76 0.04  0.0    5 10.1  1.3      9030
  SEQ ---DATE--- TIME REMARK -LAT-  --LON-  DEPTH  RMS PMAG  NUM  ERH  ERZ  ID
 9031 2021-12-18  7:59     - 55 27  161 52   3.00 0.11  0.0    4  1.8 14.6      9031
 9032 2021-12-18 11:00     - 54 40  162 54   3.16 0.07  0.0    5  5.8 12.6      9032
 9033 2021-12-18 15:59     - 55 25  161 57   5.59 0.08  0.0    5  1.4 12.5      9033
 9034 2021-12-18 17:02     - 54 29  163 14   3.28 0.18  0.0    7  8.1 17.7      9034
 9035 2021-12-18 17:42     - 54 31  161 57   2.51 0.51  0.0   10 17.1 40.1      9035
 9036 2021-12-18 17:42       55  3  162  9   3.07 0.09  0.0    7  6.4  1.0      9036
 *** DISTANCE & RESIDUAL WEIGHTING CANCELLED FOR EVENT: 2021 12 18 19 26
 9037 2021-12-18 19:26     # 54 56  162 32  28.41 1.27  0.0    5 25.7 21.8      9037
 9038 2021-12-18 21:39     - 54 34  162 24  55.03 0.05  0.0    4 13.2  5.3      9038
 *** DISTANCE & RESIDUAL WEIGHTING CANCELLED FOR EVENT: 2021 12 18 22  6
 9039 2021-12-18 22:06     - 55 51  160 55   3.04 0.53  0.0    6 19.1 41.5      9039
 9040 2021-12-18 23:59       55 24  161 58   7.56 0.08  0.0    5  1.7  9.2      9040
 9041 2021-12-19  0:07     - 55 33  161 58   3.01 0.10  0.0    4 12.5 15.0      9041
 9042 2021-12-19  3:28     - 54 50  160 35   5.21 0.13  0.0   11  6.7 14.4      9042
 9043 2021-12-19  7:59     - 55 22  161 50  19.45 0.11  0.0    6  3.4 10.9      9043
 9044 2021-12-19  8:39     - 54 38  161 15   2.46 0.22  0.0   13  8.7 18.6      9044
 9045 2021-12-19 15:59     - 55 24  161 60   2.84 0.01  0.0    4  1.6 12.3      9045
  SEQ ---DATE--- TIME REMARK -LAT-  --LON-  DEPTH  RMS PMAG  NUM  ERH  ERZ  ID
 9046 2021-12-19 18:09       55 12  161 51   5.08 0.01  0.0    4  0.5  0.7      9046
 9047 2021-12-19 18:26     - 55 16  160 45   0.29 0.62  0.0   11 19.1 40.7      9047
 9048 2021-12-19 23:18     - 55 10  160 48   4.21 0.22  0.0    9  8.9 19.6      9048
 *** DISTANCE & RESIDUAL WEIGHTING CANCELLED FOR EVENT: 2021 12 19 23 19
 9049 2021-12-19 23:18     # 55 21  162  4  12.76 1.93  0.0    6 13.7 40.7      9049
 9050 2021-12-19 23:19     - 55 11  160 54   2.93 0.12  0.0    5  6.6 14.3      9050
 9051 2021-12-19 23:59     - 55 25  161 57  22.92 0.06  0.0    6  2.3 11.6      9051
 9052 2021-12-20  7:59     - 55 25  161 55  16.01 0.10  0.0    5  2.0 11.1      9052
 9053 2021-12-20  8:45     - 55  1  161 21  24.40 0.25  0.0    8 20.0  6.8      9053
 9054 2021-12-20  8:45     - 54 52  160 44   3.02 0.05  0.0    4 11.8 12.7      9054
 9055 2021-12-20  9:46     - 54 42  160 44   4.63 0.05  0.0    4  5.8 11.9      9055
 9056 2021-12-20  9:47       55 10  161 54   1.95 0.00  0.0    4  1.3  4.2      9056
 9057 2021-12-20 15:59     - 55 24  161 57  44.98 0.04  0.0    7  2.8  9.1      9057
 9058 2021-12-20 23:59     - 55 25  161 55  32.11 0.06  0.0    6  3.4 11.9      9058
 9059 2021-12-21  2:28     - 54 59  162 17   2.80 0.04  0.0    4  5.4 11.6      9059
 9060 2021-12-21  4:05     - 54 53  161 12  28.14 0.12  0.0    4 15.8  9.9      9060
 *** DISTANCE & RESIDUAL WEIGHTING CANCELLED FOR EVENT: 2021 12 21  4  5
  SEQ ---DATE--- TIME REMARK -LAT-  --LON-  DEPTH  RMS PMAG  NUM  ERH  ERZ  ID
 9061 2021-12-21  4:05     - 55  2  161 41   5.47 0.49  0.0    4 33.4  5.8      9061
 9062 2021-12-21  5:01     - 55  6  161 53   9.07 0.16  0.0    5 12.1  7.7      9062
 *** DISTANCE & RESIDUAL WEIGHTING CANCELLED FOR EVENT: 2021 12 21  5  2
 9063 2021-12-21  5:02     - 55  8  161 55   0.09 0.35  0.0    4  2.7 30.1      9063
 9064 2021-12-21  5:50     - 54 60  162 18   0.79 0.03  0.0    5  1.9 12.6      9064
 *** DISTANCE & RESIDUAL WEIGHTING CANCELLED FOR EVENT: 2021 12 21  5 50
 9065 2021-12-21  5:50     # 54 59  162 21   4.96 0.67  0.0    5  8.3  3.3      9065
 9066 2021-12-21  6:35     - 55 43  162  1   2.97 0.01  0.0    4  5.3 11.3      9066
 9067 2021-12-21  6:43     - 55 25  161 53   0.36 0.17  0.0    6  0.9 15.4      9067
 9068 2021-12-21  6:44     - 55 27  162  3   0.05 0.45  0.0    4 25.2 29.8      9068
 9069 2021-12-21  6:47       55 24  161 55   7.13 0.00  0.0    4  1.2  3.4      9069
 9070 2021-12-21  6:48     - 55 26  161 52   0.58 0.05  0.0    5  1.2 12.8      9070
 9071 2021-12-21  7:59     - 55 25  161 56  24.19 0.06  0.0    6  3.0 11.7      9071
 *** DISTANCE & RESIDUAL WEIGHTING CANCELLED FOR EVENT: 2021 12 21  8 29
 9072 2021-12-21  8:29     # 55 24  161 51   2.99 0.64  0.0    5 19.2 26.4      9072
 9073 2021-12-21  8:30     - 55 25  161 33   2.74 0.01  0.0    4  2.2 10.7      9073
 9074 2021-12-21  8:33       55 25  161 36   7.49 0.00  0.0    4  2.9  2.7      9074
 9075 2021-12-21  8:34     - 55 16  162  8   1.10 0.16  0.0    4  2.5 16.5      9075
  SEQ ---DATE--- TIME REMARK -LAT-  --LON-  DEPTH  RMS PMAG  NUM  ERH  ERZ  ID
 9076 2021-12-21  8:34     - 55 28  161 35   2.73 0.15  0.0    4  3.4 13.4      9076
 9077 2021-12-21  8:34       55 15  161 45  16.75 0.00  0.0    4  3.1  1.5      9077
 9078 2021-12-21  8:34       55 35  161 52   2.86 0.00  0.0    4  2.3  3.9      9078
 9079 2021-12-21  8:37     - 55 12  161 34   8.60 0.03  0.0    4  2.2 10.5      9079
 9080 2021-12-21  8:40       55 22  161 47   3.10 0.17  0.0    5  2.4  1.7      9080
 *** DISTANCE & RESIDUAL WEIGHTING CANCELLED FOR EVENT: 2021 12 21  9 37
 9081 2021-12-21  9:37     - 55 36  161 56   2.99 0.67  0.0    4 36.7 43.5      9081
 *** DISTANCE & RESIDUAL WEIGHTING CANCELLED FOR EVENT: 2021 12 21  9 39
 9082 2021-12-21  9:39     - 55 25  161 52   2.96 0.48  0.0    4  6.7 35.5      9082
 9083 2021-12-21  9:43     - 55 17  161 37   1.41 0.08  0.0    5  2.6 14.2      9083
 9084 2021-12-21  9:46     # 55 22  161 50   0.0215.06  0.0    5 43.5 99.0      9084
 *** DISTANCE & RESIDUAL WEIGHTING CANCELLED FOR EVENT: 2021 12 21  9 47
 9085 2021-12-21  9:47     - 55 28  161 55   3.50 0.48  0.0    4 11.2 40.6      9085
 9086 2021-12-21  9:54       55 15  161 27  13.71 0.00  0.0    4  3.2  6.2      9086
 9087 2021-12-21 10:48     - 55 27  161 37   1.67 0.08  0.0    4  1.4 11.9      9087
 9088 2021-12-21 10:50       55 34  161 52   9.39 0.03  0.0    5  1.7  3.0      9088
 9089 2021-12-21 10:55     - 55 27  161 51   1.92 0.06  0.0    4  3.1 12.6      9089
 *** DISTANCE & RESIDUAL WEIGHTING CANCELLED FOR EVENT: 2021 12 21 10 55
 9090 2021-12-21 10:55     # 55 20  161 44  18.71 0.00  0.0    4  3.5  1.9      9090
  SEQ ---DATE--- TIME REMARK -LAT-  --LON-  DEPTH  RMS PMAG  NUM  ERH  ERZ  ID
 9091 2021-12-21 11:03     - 55 17  162 14   2.98 0.14  0.0    5 11.3 10.4      9091
 9092 2021-12-21 11:40       54 41  161 34  51.22 0.12  0.0   13  2.2  3.1      9092
 9093 2021-12-21 12:03     - 55 24  161 51   0.38 0.01  0.0    4  0.8 10.0      9093
 *** DISTANCE & RESIDUAL WEIGHTING CANCELLED FOR EVENT: 2021 12 21 12  6
 9094 2021-12-21 12:06     - 55  9  162 20   2.23 0.16  0.0    4 15.3 10.1      9094
 9095 2021-12-21 12:07     - 55 20  162 25   0.20 0.11  0.0    4 13.3 14.7      9095
 9096 2021-12-21 13:14       55 30  161 49  12.96 0.12  0.0    6  2.0  2.6      9096
 9097 2021-12-21 13:17     - 55 24  161 53   1.30 0.08  0.0    4  0.7 10.5      9097
 *** DISTANCE & RESIDUAL WEIGHTING CANCELLED FOR EVENT: 2021 12 21 13 22
 9098 2021-12-21 13:22     - 55 23  161 53   2.96 0.34  0.0    4  3.7 23.9      9098
 9099 2021-12-21 13:23       55 29  161 43   6.29 0.01  0.0    4  3.0  0.7      9099
 9100 2021-12-21 13:25     # 55 22  161 49   0.0221.15  0.0    5 80.3 99.0      9100
 9101 2021-12-21 13:29     - 55  5  161 31  37.01 0.05  0.0    4 11.6  3.0      9101
 9102 2021-12-21 13:28       54 52  160 60  30.29 0.17  0.0   11  6.7  1.0      9102
 9103 2021-12-21 14:27     - 55 25  161 53   0.69 0.11  0.0    5  0.7 15.1      9103
 9104 2021-12-21 14:32       55 22  161 48  19.80 0.11  0.0    8  1.8  0.8      9104
 9105 2021-12-21 14:33     - 55 50  160 54   2.87 0.13  0.0    4  7.5 15.0      9105
  SEQ ---DATE--- TIME REMARK -LAT-  --LON-  DEPTH  RMS PMAG  NUM  ERH  ERZ  ID
 9106 2021-12-21 14:38     - 55 24  161 53  15.98 0.07  0.0    4  8.2  6.2      9106
 9107 2021-12-21 15:59     - 55 24  161 58  22.03 0.08  0.0    6  2.4 12.0      9107
 *** DISTANCE & RESIDUAL WEIGHTING CANCELLED FOR EVENT: 2021 12 21 17  0
 9108 2021-12-21 17:00     # 55  4  162 26  10.61 1.17  0.0    5 15.5 23.7      9108
 9109 2021-12-21 17:13       55 21  161 47   1.60 0.06  0.0    5  4.2  4.7      9109
 9110 2021-12-21 17:14     - 55 20  161 46   0.0112.99  0.0    4 98.7 98.7      9110
 *** DISTANCE & RESIDUAL WEIGHTING CANCELLED FOR EVENT: 2021 12 21 17 24
 9111 2021-12-21 17:24     # 55 25  161 53   0.66 0.23  0.0    5  1.4 16.3      9111
 9112 2021-12-21 17:25       55 17  161 27  20.08 0.07  0.0    5  3.6  5.2      9112
 9113 2021-12-21 17:29     - 55 25  161 26   7.23 0.06  0.0    6  1.9 12.4      9113
 9114 2021-12-21 17:30       55 20  161 42   4.07 0.00  0.0    4  2.2  1.7      9114
 9115 2021-12-21 17:36       54 52  161 48  87.68 0.11  0.0   13  3.8  1.6      9115
 *** DISTANCE & RESIDUAL WEIGHTING CANCELLED FOR EVENT: 2021 12 21 17 45
 9116 2021-12-21 17:45     - 54 50  162  3   3.01 0.31  0.0    4 11.8 25.9      9116
 9117 2021-12-21 18:37     - 55 34  162 19   3.74 0.02  0.0    4  6.1 10.8      9117
 9118 2021-12-21 19:04     - 54 31  161 19   2.45 0.08  0.0    6  5.8 12.6      9118
 9119 2021-12-21 19:57       55 12  161 41   4.07 0.02  0.0    5  2.2  1.3      9119
 9120 2021-12-21 20:51     - 55 24  161 51   0.20 0.07  0.0    5  1.2 10.7      9120
  SEQ ---DATE--- TIME REMARK -LAT-  --LON-  DEPTH  RMS PMAG  NUM  ERH  ERZ  ID
 9121 2021-12-21 20:56       54 60  162 18   1.36 0.03  0.0    7  1.0  3.7      9121
 9122 2021-12-21 20:56     - 54 60  162 18   0.49 0.06  0.0    6  1.5  9.7      9122
 *** DISTANCE & RESIDUAL WEIGHTING CANCELLED FOR EVENT: 2021 12 21 20 59
 9123 2021-12-21 20:59     - 55 26  161 53   0.63 0.49  0.0    5  2.3 37.7      9123
 9124 2021-12-21 22:35     - 55 16  161 58   0.15 0.19  0.0    4 19.8 16.5      9124
 9125 2021-12-21 22:35     # 55 23  161 56   0.02 1.33  0.0    4  7.9 62.3      9125
 *** DISTANCE & RESIDUAL WEIGHTING CANCELLED FOR EVENT: 2021 12 21 22 39
 9126 2021-12-21 22:39     - 55 24  161 52   3.12 0.28  0.0    4  3.8 20.3      9126
 9127 2021-12-21 22:41     - 55  9  160 58   4.49 0.14  0.0    4  7.1 15.5      9127
 *** DISTANCE & RESIDUAL WEIGHTING CANCELLED FOR EVENT: 2021 12 21 22 42
 9128 2021-12-21 22:42     - 55 20  161 39   5.05 0.48  0.0    4 18.2 31.4      9128
 9129 2021-12-21 22:43     - 55 39  160 19  35.52 0.29  0.0   10 20.1 20.4      9129
 9130 2021-12-21 22:44     - 55 33  161 57   3.50 0.10  0.0    4  2.1 14.9      9130
 *** DISTANCE & RESIDUAL WEIGHTING CANCELLED FOR EVENT: 2021 12 21 22 52
 9131 2021-12-21 22:52     - 55  7  162 19   0.94 0.18  0.0    4 19.5  2.3      9131
 9132 2021-12-21 23:32     - 55 24  161 54   0.08 0.03  0.0    4  0.7 12.3      9132
 *** DISTANCE & RESIDUAL WEIGHTING CANCELLED FOR EVENT: 2021 12 21 23 35
 9133 2021-12-21 23:35     - 55 14  161 43   3.23 0.44  0.0    4 28.2 37.5      9133
 9134 2021-12-21 23:41     - 55 21  161 55   1.48 0.74  0.0    5  8.3 46.5      9134
 9135 2021-12-21 23:59     - 55 25  161 57  44.89 0.04  0.0    6  4.4 12.6      9135
  SEQ ---DATE--- TIME REMARK -LAT-  --LON-  DEPTH  RMS PMAG  NUM  ERH  ERZ  ID
 9136 2021-12-22  1:02     - 55 20  161 32   7.60 0.02  0.0    4  3.2  9.6      9136
 9137 2021-12-22  1:04     - 55 18  161 32   3.88 0.16  0.0    7  2.7 12.7      9137
 *** DISTANCE & RESIDUAL WEIGHTING CANCELLED FOR EVENT: 2021 12 22  1  5
 9138 2021-12-22  1:05     - 55 35  162  6   3.00 1.19  0.0    5 28.1 85.0      9138
 9139 2021-12-22  1:14     - 55 21  161 30  39.46 0.11  0.0    6 10.7 10.8      9139
 9140 2021-12-22  1:16       55 21  161 48   2.93 0.12  0.0    5  2.0  1.4      9140
 *** DISTANCE & RESIDUAL WEIGHTING CANCELLED FOR EVENT: 2021 12 22  1 16
 9141 2021-12-22  1:16     - 55 21  161 47   0.34 0.51  0.0    5 13.6 37.1      9141
 9142 2021-12-22  1:50     - 54 52  161  5  29.35 0.23  0.0   11 17.2  2.8      9142
 9143 2021-12-22  1:50     - 54 41  160 37  26.50 0.39  0.0   11 25.2  5.7      9143
 9144 2021-12-22  2:11     - 55  3  160 48  34.55 0.21  0.0    9 15.9 18.6      9144
 9145 2021-12-22  2:11     - 54 56  160 22   3.11 0.25  0.0    4 17.9 15.0      9145
 *** DISTANCE & RESIDUAL WEIGHTING CANCELLED FOR EVENT: 2021 12 22  6 25
 9146 2021-12-22  6:25     - 55 15  162 25   0.74 0.50  0.0    4 37.7 41.8      9146
 9147 2021-12-22  6:29     - 55 14  163 17   4.67 0.31  0.0    6 12.9 25.2      9147
 9148 2021-12-22  6:29     - 54 36  161 23   2.99 0.16  0.0    8  8.7 15.8      9148
 *** DISTANCE & RESIDUAL WEIGHTING CANCELLED FOR EVENT: 2021 12 22  6 36
 9149 2021-12-22  6:36     - 55  6  161 29   4.07 1.05  0.0    4 37.3 79.8      9149
 9150 2021-12-22  6:38     - 55 12  161 26   3.07 0.06  0.0    4  2.1 12.2      9150
  SEQ ---DATE--- TIME REMARK -LAT-  --LON-  DEPTH  RMS PMAG  NUM  ERH  ERZ  ID
 9151 2021-12-22  7:59     - 55 26  161 55  16.36 0.05  0.0    5  3.0 11.8      9151
 9152 2021-12-22  8:12     - 55 15  161 48   2.56 0.09  0.0    4  4.2 11.7      9152
 *** DISTANCE & RESIDUAL WEIGHTING CANCELLED FOR EVENT: 2021 12 22  8 48
 9153 2021-12-22  8:48     - 55 55  162 25  31.71 2.40  0.0    4 77.4 79.4      9153
 9154 2021-12-22 10:30     - 55 18  162  1   1.61 1.46  0.0    5 27.0 93.8      9154
 9155 2021-12-22 15:59     - 55 25  161 55  20.99 0.10  0.0    6  1.8 11.2      9155
 9156 2021-12-22 18:31     - 54 52  161 13  32.65 0.18  0.0    8 17.0  1.4      9156
 9157 2021-12-22 18:31     - 54 42  161  4  34.30 0.20  0.0    7 11.0 17.1      9157
 9158 2021-12-22 19:12     - 55 23  163 13   2.78 0.03  0.0    4  5.4 11.5      9158
 9159 2021-12-28 23:59     - 55 27  161 51   3.00 0.07  0.0    4  1.9 11.3      9159
 *** DISTANCE & RESIDUAL WEIGHTING CANCELLED FOR EVENT: 2021 12 29  3 24
 9160 2021-12-29  3:24     - 54 53  162 48  54.81 0.00  0.0    4  8.9  3.4      9160
 9161 2021-12-29  4:01     - 55 12  162 36   0.79 0.11  0.0    4  5.6 15.2      9161
 *** DISTANCE & RESIDUAL WEIGHTING CANCELLED FOR EVENT: 2021 12 29  4 26
 9162 2021-12-29  4:26     - 55 25  161 57  28.51 0.14  0.0    4 17.0  2.9      9162
 9163 2021-12-29  4:47     - 55  8  163 16   1.13 0.00  0.0    4  5.4 11.3      9163
 *** DISTANCE & RESIDUAL WEIGHTING CANCELLED FOR EVENT: 2021 12 29  6 18
 9164 2021-12-29  6:18     - 54 52  163  2   3.00 0.73  0.0    5 26.2 56.2      9164
 9165 2021-12-29  7:59     - 55 22  161 54  37.81 0.07  0.0    5  3.9 13.3      9165
  SEQ ---DATE--- TIME REMARK -LAT-  --LON-  DEPTH  RMS PMAG  NUM  ERH  ERZ  ID
 9166 2021-12-29 15:59     - 55 25  161 56   3.00 0.11  0.0    5  1.1 14.5      9166
 9167 2021-12-29 17:41     - 54 31  161 44   2.41 0.16  0.0    6  7.7 16.2      9167
 *** DISTANCE & RESIDUAL WEIGHTING CANCELLED FOR EVENT: 2021 12 29 18  6
 9168 2021-12-29 18:06     # 55 16  161 44   3.00 0.93  0.0    4 11.3 41.5      9168
 9169 2021-12-29 18:38     - 55 12  162 26   9.46 0.08  0.0    6  2.7 13.8      9169
 9170 2021-12-29 23:59     - 55 25  161 57   2.97 0.08  0.0    5  1.1 13.5      9170
 *** DISTANCE & RESIDUAL WEIGHTING CANCELLED FOR EVENT: 2021 12 30  3  9
 9171 2021-12-30  3:09     - 55 19  161 29   3.00 0.45  0.0    4  4.8 31.8      9171
 9172 2021-12-30  4:02     - 55 31  161 53   2.85 0.08  0.0    4  2.4 13.9      9172
 9173 2021-12-30  4:06       55 21  161 36  17.19 0.21  0.0    6  4.0  2.2      9173
 *** DISTANCE & RESIDUAL WEIGHTING CANCELLED FOR EVENT: 2021 12 30  4  7
 9174 2021-12-30  4:06     - 55 22  160 59   3.00 1.33  0.0    4 41.6 89.8      9174
 *** DISTANCE & RESIDUAL WEIGHTING CANCELLED FOR EVENT: 2021 12 30  5 26
 9175 2021-12-30  5:26     # 55 22  161 42   3.00 0.91  0.0    4 37.2 39.5      9175
 *** DISTANCE & RESIDUAL WEIGHTING CANCELLED FOR EVENT: 2021 12 30  6 38
 9176 2021-12-30  6:38     # 55  9  161 25   3.52 0.38  0.0    4 14.6  5.4      9176
 *** DISTANCE & RESIDUAL WEIGHTING CANCELLED FOR EVENT: 2021 12 30  6 45
 9177 2021-12-30  6:45     - 55 11  162 21   0.85 0.91  0.0    4  9.7 76.3      9177
 9178 2021-12-30  6:50     - 55 30  161 42   0.28 0.11  0.0    4 12.4 15.4      9178
 *** DISTANCE & RESIDUAL WEIGHTING CANCELLED FOR EVENT: 2021 12 30  7 49
 9179 2021-12-30  7:49     - 55 16  161 41   3.00 0.73  0.0    4 18.7 60.4      9179
 9180 2021-12-30  7:50     - 55 18  161 13   0.05 0.05  0.0    4  9.1  5.1      9180
 *** DISTANCE & RESIDUAL WEIGHTING CANCELLED FOR EVENT: 2021 12 30  7 52
  SEQ ---DATE--- TIME REMARK -LAT-  --LON-  DEPTH  RMS PMAG  NUM  ERH  ERZ  ID
 9181 2021-12-30  7:51     - 55 18  161 18   0.96 0.65  0.0    4  8.0 55.4      9181
 *** DISTANCE & RESIDUAL WEIGHTING CANCELLED FOR EVENT: 2021 12 30  7 55
 9182 2021-12-30  7:55     - 55 12  161 36   8.38 1.20  0.0    5 23.2 96.8      9182
 *** DISTANCE & RESIDUAL WEIGHTING CANCELLED FOR EVENT: 2021 12 30  7 55
 9183 2021-12-30  7:55     - 55 28  161 37   0.24 0.89  0.0    4 71.4 74.9      9183
 *** DISTANCE & RESIDUAL WEIGHTING CANCELLED FOR EVENT: 2021 12 30  8  1
 9184 2021-12-30  8:00     - 55 23  161 58   2.99 0.92  0.0    4 10.9 75.5      9184
 *** DISTANCE & RESIDUAL WEIGHTING CANCELLED FOR EVENT: 2021 12 30  8 55
 9185 2021-12-30  8:55     # 55 17  161 42   6.91 1.17  0.0    5 24.2 53.9      9185
 *** DISTANCE & RESIDUAL WEIGHTING CANCELLED FOR EVENT: 2021 12 30  9  1
 9186 2021-12-30  9:00     # 55 24  161 49   7.21 0.46  0.0    4  6.5  9.6      9186
 9187 2021-12-30  9:02     - 55 11  161 28   4.98 0.08  0.0    4  6.0 13.0      9187
 *** DISTANCE & RESIDUAL WEIGHTING CANCELLED FOR EVENT: 2021 12 30  9  4
 9188 2021-12-30  9:03     - 55  8  161  2   2.99 0.57  0.0    4 34.8 44.5      9188
 *** DISTANCE & RESIDUAL WEIGHTING CANCELLED FOR EVENT: 2021 12 30  9  7
 9189 2021-12-30  9:07     - 55 16  161 54   3.39 0.44  0.0    4  7.1 30.2      9189
 9190 2021-12-30  9:18     - 55  9  161 41  16.88 0.00  0.0    4  9.0  1.9      9190
 9191 2021-12-30  9:22     - 54 60  163 15   3.58 0.41  0.0    5 15.9 33.0      9191
 *** DISTANCE & RESIDUAL WEIGHTING CANCELLED FOR EVENT: 2021 12 30  9 22
 9192 2021-12-30  9:22     - 55 52  162 13   3.00 0.47  0.0    4 17.4 37.4      9192
 *** DISTANCE & RESIDUAL WEIGHTING CANCELLED FOR EVENT: 2021 12 30  9 52
 9193 2021-12-30  9:52     - 55 27  162  2   2.99 0.42  0.0    4  6.1 36.1      9193
 9194 2021-12-30 10:29     - 55 21  161 48   0.41 0.05  0.0    4  2.8 11.6      9194
 9195 2021-12-30 11:28     - 55 26  160 55   3.00 1.73  0.0    5 74.1 31.6      9195
 *** DISTANCE & RESIDUAL WEIGHTING CANCELLED FOR EVENT: 2021 12 30 11 40
  SEQ ---DATE--- TIME REMARK -LAT-  --LON-  DEPTH  RMS PMAG  NUM  ERH  ERZ  ID
 9196 2021-12-30 11:40     - 55 24  161 46   0.64 1.69  0.0    4 25.0 95.8      9196
 *** DISTANCE & RESIDUAL WEIGHTING CANCELLED FOR EVENT: 2021 12 30 11 56
 9197 2021-12-30 11:56     - 55 21  161 47   2.98 0.56  0.0    4 46.4 10.9      9197
 *** DISTANCE & RESIDUAL WEIGHTING CANCELLED FOR EVENT: 2021 12 30 11 58
 9198 2021-12-30 11:58     - 55 23  161 53   2.92 0.33  0.0    4  4.6 22.6      9198
 9199 2021-12-30 13:22       55 20  161 44  10.00 0.00  0.0    4  3.6  2.9      9199
 *** DISTANCE & RESIDUAL WEIGHTING CANCELLED FOR EVENT: 2021 12 30 13 26
 9200 2021-12-30 13:25     # 55 56  161 14   3.00 1.12  0.0    4 43.5 33.7      9200
 9201 2021-12-30 13:25     - 55 27  161  5  41.07 0.14  0.0    9 13.6  5.8      9201
 9202 2021-12-30 13:26     - 55 31  162  7   1.72 0.00  0.0    4  1.0 11.8      9202
 *** DISTANCE & RESIDUAL WEIGHTING CANCELLED FOR EVENT: 2021 12 30 14 39
 9203 2021-12-30 14:39     # 55 24  162  9   3.00 0.80  0.0    4 23.1 37.0      9203
 9204 2021-12-30 14:43     - 55 24  161 44   0.00 0.25  0.0    4 12.5 24.0      9204
 9205 2021-12-30 15:59     - 54 55  161  7   2.96 0.08  0.0    4  6.0 12.9      9205
 9206 2021-12-30 16:14     - 55 27  161 29   3.00 0.59  0.0    4 32.6 37.9      9206
 9207 2021-12-30 16:16     - 55 13  162 46   3.08 0.08  0.0    4  5.9 12.8      9207
 9208 2021-12-30 18:59     - 55 26  161 45   0.91 0.20  0.0    4  7.6 17.8      9208
 9209 2021-12-30 20:35       55 22  161 43   6.43 0.00  0.0    4  2.7  0.6      9209
 9210 2021-12-30 20:47     - 54 31  161 50   3.01 0.19  0.0   15  7.9 16.8      9210
  SEQ ---DATE--- TIME REMARK -LAT-  --LON-  DEPTH  RMS PMAG  NUM  ERH  ERZ  ID
 9211 2021-12-30 21:34       54 31  162 19  50.48 0.08  0.0    7  5.0  3.3      9211
 9212 2021-12-30 22:00     - 55 17  161 40  11.75 0.01  0.0    4 12.5  2.2      9212
 *** DISTANCE & RESIDUAL WEIGHTING CANCELLED FOR EVENT: 2021 12 30 22 32
 9213 2021-12-30 22:32     # 55 22  161 38  11.36 1.40  0.0    4 16.8 35.4      9213
 9214 2021-12-30 23:37     - 54 39  163 21   3.22 0.16  0.0    7  7.7 16.8      9214
 9215 2021-12-30 23:38       55 11  162  7   4.31 0.00  0.0    4  5.4  3.2      9215
 *** DISTANCE & RESIDUAL WEIGHTING CANCELLED FOR EVENT: 2021 12 31  2 22
 9216 2021-12-31  2:22     - 55 24  161 56   3.00 1.09  0.0    4 19.2 87.5      9216
 *** DISTANCE & RESIDUAL WEIGHTING CANCELLED FOR EVENT: 2021 12 31  2 33
 9217 2021-12-31  2:33     # 55 23  161 52  21.14 0.41  0.0    5  8.6  5.0      9217
 9218 2021-12-31  5:09     - 55 18  161 28  11.04 0.09  0.0    4  3.5 10.4      9218
 9219 2021-12-31  6:30     # 55 26  161 53   0.75 0.68  0.0    5  6.1 37.2      9219
 9220 2021-12-31  6:33     - 54 47  162 31   2.19 0.26  0.0    4 10.4 22.6      9220
 *** DISTANCE & RESIDUAL WEIGHTING CANCELLED FOR EVENT: 2021 12 31  7 40
 9221 2021-12-31  7:40     - 55 19  161 43   0.15 0.46  0.0    4  4.8 37.2      9221
 9222 2021-12-31  7:44     # 55 23  161 45   1.26 0.13  0.0    5  2.9  4.0      9222
 9223 2021-12-31  7:59     - 55 23  161 55  12.32 0.00  0.0    4  1.5  8.9      9223
 *** DISTANCE & RESIDUAL WEIGHTING CANCELLED FOR EVENT: 2021 12 31  9  2
 9224 2021-12-31  9:01     - 54 42  162 50   3.00 0.33  0.0    4 20.5 27.4      9224
 *** DISTANCE & RESIDUAL WEIGHTING CANCELLED FOR EVENT: 2021 12 31  9  8
 9225 2021-12-31  9:07     - 55 25  161 56   3.00 1.27  0.0    4 33.1 93.3      9225
 *** DISTANCE & RESIDUAL WEIGHTING CANCELLED FOR EVENT: 2021 12 31 11 15
  SEQ ---DATE--- TIME REMARK -LAT-  --LON-  DEPTH  RMS PMAG  NUM  ERH  ERZ  ID
 9226 2021-12-31 11:15     # 55 20  161 49   1.50 0.45  0.0    4  6.9 19.1      9226
 *** DISTANCE & RESIDUAL WEIGHTING CANCELLED FOR EVENT: 2021 12 31 11 17
 9227 2021-12-31 11:17     - 55 14  161 36   2.48 0.52  0.0    4 44.7 32.9      9227
 9228 2021-12-31 12:55     - 55 24  161 48   0.67 0.06  0.0    4  1.9 11.0      9228
 *** DISTANCE & RESIDUAL WEIGHTING CANCELLED FOR EVENT: 2021 12 31 13 22
 9229 2021-12-31 13:22     - 55 26  162  0   0.54 0.43  0.0    4 10.2 32.8      9229
 9230 2021-12-31 14:47     - 55 32  161 29   3.11 0.35  0.0    5  7.4 31.1      9230
 *** DISTANCE & RESIDUAL WEIGHTING CANCELLED FOR EVENT: 2021 12 31 14 49
 9231 2021-12-31 14:49     - 55 24  161 51   0.08 0.30  0.0    4  1.3 27.3      9231
 9232 2021-12-31 14:51       55 21  161 43   8.80 0.01  0.0    5  5.3  2.2      9232
 9233 2021-12-31 15:30     - 55 21  162 15   1.26 0.08  0.0    4 10.1 12.2      9233
 9234 2021-12-31 16:30     - 55 16  161 23   6.55 0.07  0.0    5  3.0 14.0      9234
 *** DISTANCE & RESIDUAL WEIGHTING CANCELLED FOR EVENT: 2021 12 31 16 49
 9235 2021-12-31 16:49     - 55 15  161 50   2.96 0.78  0.0    4 54.5 41.1      9235
 9236 2021-12-31 17:02       55 18  161 40   5.61 0.05  0.0    6  5.9  1.6      9236
 9237 2021-12-31 17:09       55 18  161 34   5.22 0.04  0.0    5  2.6  1.8      9237
 9238 2021-12-31 17:37       54 40  162 38  11.37 0.15  0.0   10  2.6  7.9      9238
 9239 2021-12-31 18:19     - 55 21  161 29   1.22 0.18  0.0    5  2.4 19.0      9239
 9240 2021-12-31 18:23     - 55 37  160 51   2.56 0.11  0.0    6  6.6 14.2      9240
 *** DISTANCE & RESIDUAL WEIGHTING CANCELLED FOR EVENT: 2021 12 31 19 24
  SEQ ---DATE--- TIME REMARK -LAT-  --LON-  DEPTH  RMS PMAG  NUM  ERH  ERZ  ID
 9241 2021-12-31 19:23     - 55 10  161 30   3.25 1.11  0.0    5 88.8 17.0      9241
 9242 2021-12-31 19:24     - 55 32  160 40   3.12 0.29  0.0    4 15.4 25.1      9242
 *** DISTANCE & RESIDUAL WEIGHTING CANCELLED FOR EVENT: 2021 12 31 19 26
 9243 2021-12-31 19:26     - 55 26  161 36   0.73 0.36  0.0    4 26.4 32.0      9243
 *** DISTANCE & RESIDUAL WEIGHTING CANCELLED FOR EVENT: 2021 12 31 19 31
 9244 2021-12-31 19:31     # 55 23  161 49   0.65 0.44  0.0    6  3.3 24.7      9244
 *** DISTANCE & RESIDUAL WEIGHTING CANCELLED FOR EVENT: 2021 12 31 20 37
 9245 2021-12-31 20:37     - 55 12  162 16  13.41 0.98  0.0    5 75.0 50.4      9245
 *** DISTANCE & RESIDUAL WEIGHTING CANCELLED FOR EVENT: 2021 12 31 20 39
 9246 2021-12-31 20:39     - 55 24  161 59   2.99 0.34  0.0    4  4.0 27.8      9246
 9247 2021-12-31 20:45     - 55 16  162 14   3.02 0.21  0.0    4 14.6 16.8      9247
 9248 2021-12-31 20:47     - 55 25  161 31   2.76 0.04  0.0    4  4.0 12.6      9248
 9249 2021-12-31 20:49     - 55 22  162  2   0.19 0.60  0.0    4 45.9 26.1      9249
 *** DISTANCE & RESIDUAL WEIGHTING CANCELLED FOR EVENT: 2021 12 31 21 31
 9250 2021-12-31 21:31     - 55  8  161 58   2.56 0.40  0.0    5  6.8 26.8      9250
 *** DISTANCE & RESIDUAL WEIGHTING CANCELLED FOR EVENT: 2021 12 31 22  5
 9251 2021-12-31 22:05     - 55 23  161 51   1.63 0.52  0.0    5  4.8 32.4      9251
 9252 2021-12-31 23:10       54 60  162 18   1.89 0.02  0.0    8  0.9  2.9      9252
 9253 2021-12-31 23:11       55  8  161 59   4.37 0.06  0.0    6  2.8  0.7      9253
 *** DISTANCE & RESIDUAL WEIGHTING CANCELLED FOR EVENT: 2021 12 31 23 15
 9254 2021-12-31 23:15     - 55 34  163  5   3.00 0.52  0.0    4 18.6 40.9      9254
 9255 2021-12-31 23:17       55 23  161 48  14.44 0.07  0.0    5  2.9  2.3      9255
  SEQ ---DATE--- TIME REMARK -LAT-  --LON-  DEPTH  RMS PMAG  NUM  ERH  ERZ  ID
 9256 2021-12-31 23:23     - 55 29  162 19   9.29 0.06  0.0    4  9.3  9.2      9256
 *** DISTANCE & RESIDUAL WEIGHTING CANCELLED FOR EVENT: 2021 12 31 23 28
 9257 2021-12-31 23:28     - 55 21  161 28   2.86 0.21  0.0    4  2.7 20.8      9257
