 HYPOINVERSE 2000 STARTING
6/2014 VERSION 1.40 (geoid depth possible)                            
 COMMAND?     33 STATIONS READ IN.
  FIND INPUT PHASE FILE TYPE & SET PHS(COP) & ARC(CAR) FORMATS
  INPUT IS A HYPOINVERSE ARCHIVE-2000 FILE, NO SHADOWS
  SETTING FORMATS COP 3, CAR 1
  SEQ ---DATE--- TIME REMARK -LAT-  --LON-  DEPTH  RMS PMAG  NUM  ERH  ERZ  ID
    1 2021- 1- 1  4:52     - 55  6  161 29   2.95 0.14  0.0    4 12.9  2.9         1
    2 2021- 1- 1  5:28     - 55 10  160 59   5.00 0.17  0.0    8 15.1 18.9         2
    3 2021- 1- 1  5:28     - 54 54  159 53   5.00 0.25  0.0   10 21.6 23.7         3
    4 2021- 1- 1  8:31     - 55  5  161 39  27.44 0.11  0.0    5 10.7  5.8         4
    5 2021- 1- 1  8:32     - 55  4  161 36  29.11 0.08  0.0    5  9.6  5.3         5
    6 2021- 1- 1 11:56     - 54 37  161 22   4.95 0.10  0.0   10  6.2 13.3         6
    7 2021- 1- 1 12:15     - 55 17  162  5   4.73 0.09  0.0    4  3.1 13.1         7
    8 2021- 1- 1 12:35     - 54 38  161 26   4.92 0.15  0.0    9  7.4 14.7         8
    9 2021- 1- 1 12:44     - 54 60  161 10  19.17 0.16  0.0    7 15.3 11.3         9
   10 2021- 1- 1 12:44     - 54 49  161  6  31.88 0.17  0.0    6 15.1  1.4        10
   11 2021- 1- 1 12:47     - 55  9  161 15   4.99 0.11  0.0    4 14.6 15.0        11
   12 2021- 1- 1 12:48     - 55  3  160 43   5.02 0.23  0.0    4 19.7 20.7        12
   13 2021- 1- 1 14:58     - 55  8  161 32  61.38 0.11  0.0    4 11.5  5.1        13
   14 2021- 1- 1 16:55     - 55 14  161 16   5.04 0.20  0.0    8  6.7 16.2        14
 *** DISTANCE & RESIDUAL WEIGHTING CANCELLED FOR EVENT: 2021  1  1 16 55
   15 2021- 1- 1 16:55     - 55  3  161  5   5.03 0.53  0.0    6 34.5 45.6        15
  SEQ ---DATE--- TIME REMARK -LAT-  --LON-  DEPTH  RMS PMAG  NUM  ERH  ERZ  ID
   16 2021- 1- 1 17:16     - 54 57  161 36  24.97 0.11  0.0    7 13.2  3.9        16
   17 2021- 1- 1 17:17     - 54 43  161 26  35.10 0.24  0.0    5 19.2 20.6        17
   18 2021- 1- 1 19:49     - 55 27  161 45  32.56 0.15  0.0    5  7.6 13.9        18
   19 2021- 1- 1 19:49     - 55 16  163 14   5.92 0.66  0.0    6 25.6 49.8        19
   20 2021- 1- 1 20:08     - 54 44  160 54   5.00 0.02  0.0    4  5.2 11.5        20
 *** DISTANCE & RESIDUAL WEIGHTING CANCELLED FOR EVENT: 2021  1  1 20 32
   21 2021- 1- 1 20:32     - 55  6  161 16  31.89 0.27  0.0    4 23.2 18.1        21
   22 2021- 1- 1 20:47     - 55  7  163 22   4.52 0.68  0.0    9 24.0 50.2        22
   23 2021- 1- 1 20:47     # 55 21  161 55   0.47 0.63  0.0    7  1.7 23.0        23
   24 2021- 1- 1 20:52     - 55 12  161 25   0.70 0.09  0.0    5 13.6 14.6        24
   25 2021- 1- 1 20:52     - 54 58  161 25  31.16 0.20  0.0    5 16.9  6.6        25
 *** DISTANCE & RESIDUAL WEIGHTING CANCELLED FOR EVENT: 2021  1  1 21  2
   26 2021- 1- 1 21:02     - 55  4  161 30   5.00 0.10  0.0    4 13.6 14.9        26
   27 2021- 1- 2  0:27     - 54 56  162 53   4.92 0.02  0.0    4  5.6 11.2        27
   28 2021- 1- 2  0:27     - 54 30  161 18  41.82 0.20  0.0    7  5.8 16.4        28
   29 2021- 1- 2  2:17     - 54 41  160 45   4.79 0.21  0.0   15  8.2 17.7        29
   30 2021- 1- 2  2:46     - 55 23  160 35   5.31 0.48  0.0   13 16.4 35.7        30
  SEQ ---DATE--- TIME REMARK -LAT-  --LON-  DEPTH  RMS PMAG  NUM  ERH  ERZ  ID
   31 2021- 1- 2  3:05     - 55 32  161  4   6.68 0.17  0.0    5 14.5 18.5        31
 *** DISTANCE & RESIDUAL WEIGHTING CANCELLED FOR EVENT: 2021  1  2  3  5
   32 2021- 1- 2  3:05     # 55 17  161 45   4.50 1.27  0.0    5 18.7  5.9        32
   33 2021- 1- 2  4:55     - 55  4  161 23   5.00 0.26  0.0    5 21.3 25.1        33
   34 2021- 1- 2  5:44     - 55  1  161 32  23.47 0.22  0.0    7 17.3  4.5        34
   35 2021- 1- 2  5:44     - 54 47  161  5  22.39 0.41  0.0    6 29.7 21.2        35
   36 2021- 1- 2  5:45     - 55  1  161 24   5.01 0.24  0.0    5 19.7 23.5        36
   37 2021- 1- 2  5:52       55  9  161 32   2.58 0.19  0.0    5 11.3  2.8        37
 *** DISTANCE & RESIDUAL WEIGHTING CANCELLED FOR EVENT: 2021  1  2  5 52
   38 2021- 1- 2  5:52     - 55 11  161 23   0.32 0.75  0.0    4 28.0 64.0        38
   39 2021- 1- 2  9:15     - 55 10  161 59   4.80 0.06  0.0    4  9.0  5.4        39
   40 2021- 1- 2 10:53     - 54 49  161  5  30.90 0.21  0.0    9 20.1  2.8        40
   41 2021- 1- 2 10:53     - 54 56  161 29  24.16 0.16  0.0    6 13.9  2.7        41
   42 2021- 1- 2 11:16     - 55  9  160 49   5.22 0.11  0.0    4  6.3 13.9        42
   43 2021- 1- 2 11:51     - 54 45  161 45   5.03 0.18  0.0    7 10.9 19.5        43
   44 2021- 1- 2 11:51     - 54 39  161 38   5.07 0.19  0.0    7  9.3 20.0        44
   45 2021- 1- 2 11:53     - 54 38  161  2   4.92 0.17  0.0    8  7.5 16.0        45
  SEQ ---DATE--- TIME REMARK -LAT-  --LON-  DEPTH  RMS PMAG  NUM  ERH  ERZ  ID
   46 2021- 1- 2 12:12     - 54 49  161 45   5.00 0.06  0.0    4 10.3 13.3        46
   47 2021- 1- 2 12:12     - 54 44  161 42   5.03 0.08  0.0    5  6.4 13.9        47
 *** DISTANCE & RESIDUAL WEIGHTING CANCELLED FOR EVENT: 2021  1  2 12 36
   48 2021- 1- 2 12:35     - 54 36  162 45   5.00 0.42  0.0    4 15.5 33.7        48
   49 2021- 1- 2 13:54     - 55  7  161 22   5.01 0.23  0.0    4 19.9 22.7        49
 *** DISTANCE & RESIDUAL WEIGHTING CANCELLED FOR EVENT: 2021  1  2 13 54
   50 2021- 1- 2 13:54     - 54 57  160 37   5.01 0.39  0.0    4 30.8 32.8        50
   51 2021- 1- 2 14:13     - 54 56  162 49   7.09 0.03  0.0    4  3.4 12.7        51
   52 2021- 1- 2 16:24     - 54 41  160 45  22.50 0.21  0.0   10 18.8  5.2        52
   53 2021- 1- 2 16:24     - 54 46  160 58   8.70 0.20  0.0    5 16.4 20.9        53
   54 2021- 1- 2 18:07       55  4  162  3   3.66 0.10  0.0   12  0.6  2.2        54
   55 2021- 1- 2 19:13     - 54 33  161 32   4.93 0.20  0.0   17  7.5 15.9        55
   56 2021- 1- 2 20:27     - 55  2  161 19   5.46 0.13  0.0    5 14.8 16.4        56
   57 2021- 1- 2 20:27     - 55  3  161 39   6.65 0.13  0.0    4 13.6 15.8        57
   58 2021- 1- 2 20:32     - 55 10  161  8   5.00 0.11  0.0    7 11.3 15.5        58
   59 2021- 1- 2 20:33     - 55 16  160 56   5.01 0.16  0.0    5 13.3 17.8        59
   60 2021- 1- 2 21:15     - 55 10  161  6   5.00 0.12  0.0    7 11.8 15.9        60
  SEQ ---DATE--- TIME REMARK -LAT-  --LON-  DEPTH  RMS PMAG  NUM  ERH  ERZ  ID
   61 2021- 1- 2 21:19     - 55  8  160 52   5.01 0.23  0.0    5 17.5 22.7        61
   62 2021- 1- 2 21:33     - 54 41  160 59  31.98 0.23  0.0    9 19.6 23.0        62
   63 2021- 1- 2 21:34     - 54 52  161 30  10.90 0.05  0.0    4  9.8  8.2        63
   64 2021- 1- 2 23:32     - 54 48  161 15  32.54 0.24  0.0   10 18.7  1.9        64
   65 2021- 1- 2 23:32     - 54 44  161 19   6.29 0.15  0.0    6 12.3 17.6        65
   66 2021- 1- 3  0:11     - 55  1  161 33  23.87 0.20  0.0    6 15.7  5.0        66
 *** DISTANCE & RESIDUAL WEIGHTING CANCELLED FOR EVENT: 2021  1  3  0 12
   67 2021- 1- 3  0:12     - 54 52  161 35   8.26 0.90  0.0    4 57.9 58.4        67
   68 2021- 1- 3  1:52     - 55 18  163 17   5.03 0.30  0.0    7 16.8 27.6        68
   69 2021- 1- 3  2:16     - 55  1  161 33  19.38 0.15  0.0    5 13.8  4.7        69
 *** DISTANCE & RESIDUAL WEIGHTING CANCELLED FOR EVENT: 2021  1  3  2 16
   70 2021- 1- 3  2:16     - 55  1  162  9   5.09 0.24  0.0    4 22.9  3.8        70
   71 2021- 1- 3  4:02     - 54 54  161 11  32.79 0.17  0.0    5 17.6  1.3        71
   72 2021- 1- 3  4:03     - 54 56  161 10  23.05 0.19  0.0    5 18.2  8.2        72
   73 2021- 1- 3  5:08     - 54 59  162 14   0.20 0.09  0.0    5  1.0 14.3        73
   74 2021- 1- 3  5:08     - 55  0  162 14   0.18 0.01  0.0    4  0.6 12.3        74
   75 2021- 1- 3  5:30     - 54 42  161  6  32.76 0.23  0.0   11 18.0 22.9        75
  SEQ ---DATE--- TIME REMARK -LAT-  --LON-  DEPTH  RMS PMAG  NUM  ERH  ERZ  ID
   76 2021- 1- 3  5:30     - 54 42  161  9   5.03 0.23  0.0    5 20.4 22.6        76
   77 2021- 1- 3  6:02     - 54 55  161 17  29.20 0.19  0.0    8 16.1  7.5        77
   78 2021- 1- 3  6:02     - 54 57  161 15   5.03 0.29  0.0    5 23.6 26.6        78
   79 2021- 1- 3  6:04     - 55  2  161 45  19.74 0.10  0.0    5 11.6  4.7        79
   80 2021- 1- 3  6:04     - 54 54  161 22  30.70 0.16  0.0    7 15.0  1.5        80
   81 2021- 1- 3  6:05       55  9  161 55   4.89 0.27  0.0    8  0.7  0.8        81
   82 2021- 1- 3  7:03     - 55  9  161 54   6.27 0.00  0.0    4 10.0  5.8        82
   83 2021- 1- 3  7:03     - 54 55  161 19   5.06 0.17  0.0    4 16.4 17.3        83
   84 2021- 1- 3  7:19     - 55  3  161 33  26.02 0.11  0.0    5 12.3  4.7        84
 *** DISTANCE & RESIDUAL WEIGHTING CANCELLED FOR EVENT: 2021  1  3  7 20
   85 2021- 1- 3  7:19     - 54 53  160 51  32.10 0.61  0.0    6 45.0 52.2        85
   86 2021- 1- 3  7:24     - 54 58  161 22  25.54 0.18  0.0    9 15.2  5.6        86
   87 2021- 1- 3  8:00     # 55 18  161 58  24.28 2.28  0.0   10 14.8 34.6        87
   88 2021- 1- 3  8:00       55 14  161 43   4.18 0.01  0.0    4  7.3  2.9        88
   89 2021- 1- 3  8:41     - 54 51  161 17  30.36 0.22  0.0   10 17.3  1.6        89
   90 2021- 1- 3  8:41     - 54 40  161  6   5.03 0.23  0.0    5 20.5 22.1        90
  SEQ ---DATE--- TIME REMARK -LAT-  --LON-  DEPTH  RMS PMAG  NUM  ERH  ERZ  ID
   91 2021- 1- 3  8:46     - 55 32  161  2  51.16 0.17  0.0   10 15.4  7.7        91
 *** DISTANCE & RESIDUAL WEIGHTING CANCELLED FOR EVENT: 2021  1  3  8 47
   92 2021- 1- 3  8:46     - 55 54  160 57   5.00 0.52  0.0    4 38.8 44.1        92
   93 2021- 1- 3  8:50     # 55  9  161 54   6.40 0.13  0.0    5  7.6  4.6        93
   94 2021- 1- 3  9:20     - 55  6  161 30   1.27 0.17  0.0    4 13.9  3.7        94
   95 2021- 1- 3  9:20     - 54 60  161 31  16.71 0.12  0.0    4 13.4  1.9        95
   96 2021- 1- 3 10:22     - 54 56  161 25  23.54 0.25  0.0    7 19.2  8.7        96
 *** DISTANCE & RESIDUAL WEIGHTING CANCELLED FOR EVENT: 2021  1  3 10 23
   97 2021- 1- 3 10:23     # 55  6  161 57  11.15 0.63  0.0    6  7.6  8.4        97
   98 2021- 1- 3 11:44     - 55  8  161 53   7.72 0.11  0.0    4 11.5  9.8        98
   99 2021- 1- 3 12:41     # 55 29  161 49  36.42 0.05  0.0    6  3.8  5.7        99
  100 2021- 1- 3 12:41       54 58  162 18  10.78 0.08  0.0    5  1.7  2.6       100
  101 2021- 1- 3 12:59     - 54 58  161 20  16.35 0.16  0.0    7 14.8  2.2       101
  102 2021- 1- 3 13:46     - 54 20  162 39   3.79 0.09  0.0    4  6.2 13.4       102
  103 2021- 1- 3 17:22       55 22  161 50  30.61 0.08  0.0    6  5.6  2.4       103
  104 2021- 1- 3 17:26     - 55 29  161 39  52.82 0.14  0.0    4  8.1 12.0       104
  105 2021- 1- 3 17:45     - 54 43  161  6  35.22 0.21  0.0   10 13.6 16.6       105
  SEQ ---DATE--- TIME REMARK -LAT-  --LON-  DEPTH  RMS PMAG  NUM  ERH  ERZ  ID
  106 2021- 1- 3 17:45     - 54 47  161 27   4.99 0.26  0.0    5 20.8 25.0       106
  107 2021- 1- 3 18:02     - 55  6  161 50  12.99 0.11  0.0    5 10.5  6.7       107
 *** DISTANCE & RESIDUAL WEIGHTING CANCELLED FOR EVENT: 2021  1  3 18  2
  108 2021- 1- 3 18:02     # 55  6  161 54   6.41 0.39  0.0    4 22.7  7.2       108
  109 2021- 1- 3 19:56     - 54 51  161 12  23.89 0.22  0.0   10 15.4  9.8       109
  110 2021- 1- 3 19:56     - 54 44  160 59  31.68 0.27  0.0    8 19.1 25.8       110
  111 2021- 1- 3 20:36     - 55  3  161 43  20.24 0.21  0.0    6 14.9  6.3       111
  112 2021- 1- 3 20:37     - 54 47  161 19  17.47 0.70  0.0    6 44.5 55.6       112
  113 2021- 1- 3 21:51     - 55  6  161 29   6.04 0.15  0.0    5  7.6 14.1       113
  114 2021- 1- 3 21:51     - 55  2  162 39   6.85 0.08  0.0    4  1.9 14.3       114
  115 2021- 1- 3 23:33     - 55  4  161 29  28.03 0.09  0.0    5 11.3  4.8       115
  116 2021- 1- 3 23:33     - 55  2  161 12  14.78 0.16  0.0    6 13.7  1.6       116
  117 2021- 1- 4  0:02     - 55 22  161 11  36.67 0.09  0.0    9 10.1  4.0       117
  118 2021- 1- 4  0:02     - 55 36  161 29   3.16 0.21  0.0    5  7.7 14.0       118
  119 2021- 1- 4  0:03     - 55  7  161 55   3.47 0.03  0.0    4  3.4 12.1       119
  120 2021- 1- 4  0:33       54 40  160 42  10.79 0.14  0.0   17  1.2  1.0       120
  SEQ ---DATE--- TIME REMARK -LAT-  --LON-  DEPTH  RMS PMAG  NUM  ERH  ERZ  ID
  121 2021- 1- 4  0:51     - 54 60  161 31  21.92 0.19  0.0    5 16.7  5.8       121
 *** DISTANCE & RESIDUAL WEIGHTING CANCELLED FOR EVENT: 2021  1  4  0 52
  122 2021- 1- 4  0:51     # 55 18  161 47   5.00 1.22  0.0    4 23.3 10.6       122
  123 2021- 1- 4  1:41     - 55 38  160 45   0.01 0.43  0.0    9 16.6 33.4       123
  124 2021- 1- 4  1:41     - 55 33  161 28   6.82 0.18  0.0    5 15.5 19.5       124
  125 2021- 1- 4  1:52     - 55  8  161 52   7.92 0.05  0.0    4 10.4  8.1       125
 *** DISTANCE & RESIDUAL WEIGHTING CANCELLED FOR EVENT: 2021  1  4  1 52
  126 2021- 1- 4  1:52     - 55  3  161 30   5.00 0.57  0.0    4 47.2  7.5       126
  127 2021- 1- 4  3:22     - 54 50  161  9   4.82 0.05  0.0    5  5.4 11.6       127
  128 2021- 1- 4  3:22     # 55 19  163  8   0.31 0.81  0.0   13 15.2 35.3       128
  129 2021- 1- 4  4:01     - 54 57  161 30  25.22 0.24  0.0   10 17.8  5.1       129
  130 2021- 1- 4  4:01     - 54 48  161 14  17.46 0.14  0.0    8  7.0 16.6       130
  131 2021- 1- 4  5:47     - 55  2  161 37  19.92 0.13  0.0    7 11.5  2.9       131
 *** DISTANCE & RESIDUAL WEIGHTING CANCELLED FOR EVENT: 2021  1  4  5 48
  132 2021- 1- 4  5:48     - 54 52  161 14  10.01 0.39  0.0    4 31.8 32.5       132
  133 2021- 1- 4  8:26     - 55  0  161 40  20.71 0.17  0.0    6 14.9  4.2       133
  134 2021- 1- 4  8:26       55 11  161 54   6.09 0.01  0.0    4  2.0  1.7       134
  135 2021- 1- 4  9:10       54 46  161 38  61.66 0.15  0.0    9  3.3  3.1       135
  SEQ ---DATE--- TIME REMARK -LAT-  --LON-  DEPTH  RMS PMAG  NUM  ERH  ERZ  ID
  136 2021- 1- 4  9:35     - 54 54  161 20  30.06 0.16  0.0    9 14.0  5.0       136
  137 2021- 1- 4  9:36     - 54 48  161  9   5.42 0.32  0.0    5 25.4 28.6       137
  138 2021- 1- 4 11:49       54 23  160 52   6.71 0.17  0.0   13  3.6  1.5       138
  139 2021- 1- 4 11:50     - 55  3  161 17   5.06 0.15  0.0    6 15.8 17.1       139
  140 2021- 1- 4 11:57     - 54 40  161 11   4.52 0.39  0.0    8 13.3 29.7       140
 *** DISTANCE & RESIDUAL WEIGHTING CANCELLED FOR EVENT: 2021  1  4 11 58
  141 2021- 1- 4 11:58     - 55  0  162 36   4.97 0.33  0.0    4 26.5 14.0       141
 *** DISTANCE & RESIDUAL WEIGHTING CANCELLED FOR EVENT: 2021  1  4 15 16
  142 2021- 1- 4 15:16     - 55  8  162 17  11.72 0.12  0.0    4 15.7  1.6       142
 *** DISTANCE & RESIDUAL WEIGHTING CANCELLED FOR EVENT: 2021  1  4 15 39
  143 2021- 1- 4 15:39     # 55  8  161 45  20.70 0.37  0.0    4 17.7 13.0       143
  144 2021- 1- 4 15:59     - 54 52  161 18  26.38 0.22  0.0    7 18.5  8.0       144
  145 2021- 1- 4 15:59     - 54 40  161 29  19.64 0.35  0.0    4 29.0 27.0       145
 *** DISTANCE & RESIDUAL WEIGHTING CANCELLED FOR EVENT: 2021  1  4 16  0
  146 2021- 1- 4 15:59     # 55 26  161 55  14.22 0.37  0.0    4  5.4 12.0       146
  147 2021- 1- 4 16:25     - 54 56  161 33  22.54 0.13  0.0    7 14.2  3.5       147
  148 2021- 1- 4 16:25     - 54 50  161 21  25.41 0.18  0.0    6 17.9  5.7       148
  149 2021- 1- 4 16:51     - 54 59  161 38  19.25 0.10  0.0    6 11.4  3.2       149
 *** DISTANCE & RESIDUAL WEIGHTING CANCELLED FOR EVENT: 2021  1  4 16 52
  150 2021- 1- 4 16:51     # 55 18  161 58   2.50 0.53  0.0    4 13.1 15.8       150
 *** DISTANCE & RESIDUAL WEIGHTING CANCELLED FOR EVENT: 2021  1  4 17  8
  SEQ ---DATE--- TIME REMARK -LAT-  --LON-  DEPTH  RMS PMAG  NUM  ERH  ERZ  ID
  151 2021- 1- 4 17:07     - 55  1  161 17  21.37 0.25  0.0    4 19.8 17.6       151
 *** DISTANCE & RESIDUAL WEIGHTING CANCELLED FOR EVENT: 2021  1  4 18 28
  152 2021- 1- 4 18:28     # 55  9  161 38   8.80 0.49  0.0    4 23.3 15.5       152
  153 2021- 1- 4 18:37       55 15  162  8   7.59 0.21  0.0    4  2.2  8.8       153
  154 2021- 1- 4 18:41     - 54 36  161 17   5.18 0.18  0.0   13  7.2 15.4       154
  155 2021- 1- 4 19:00     - 55 22  161 23   6.85 0.13  0.0    5  9.3 16.5       155
  156 2021- 1- 4 19:00     - 55 31  160 37  21.44 0.53  0.0    7 31.4 40.8       156
  157 2021- 1- 4 19:48     - 54 37  161 16   5.21 0.17  0.0   17  6.5 13.8       157
  158 2021- 1- 4 20:44     - 54 57  162 22  17.80 0.01  0.0    5  7.9  7.3       158
  159 2021- 1- 4 20:44       54 58  162 21  13.12 0.01  0.0    6  4.6  5.4       159
  160 2021- 1- 4 21:22       55 11  161 47   8.84 0.01  0.0    4  4.8  4.0       160
  161 2021- 1- 4 21:35     - 55  3  162 24  15.28 0.06  0.0    4 10.1  7.4       161
  162 2021- 1- 4 21:35     - 55  1  162 20   2.04 0.18  0.0    4  4.6 15.5       162
  163 2021- 1- 4 22:45       55  1  161 30  30.61 0.00  0.0    4  6.4  5.3       163
 *** DISTANCE & RESIDUAL WEIGHTING CANCELLED FOR EVENT: 2021  1  4 22 57
  164 2021- 1- 4 22:57     - 55 57  162 10   5.00 0.92  0.0    4 32.1 70.7       164
  165 2021- 1- 4 23:35     - 55  7  161 25   2.93 0.18  0.0    4 14.7  3.8       165
 *** DISTANCE & RESIDUAL WEIGHTING CANCELLED FOR EVENT: 2021  1  4 23 36
  SEQ ---DATE--- TIME REMARK -LAT-  --LON-  DEPTH  RMS PMAG  NUM  ERH  ERZ  ID
  166 2021- 1- 4 23:36     - 55  5  162 13   5.00 0.82  0.0    4 65.8 15.5       166
  167 2021- 1- 5  0:40     - 54 58  161 32  25.17 0.21  0.0    8 16.1  4.5       167
 *** DISTANCE & RESIDUAL WEIGHTING CANCELLED FOR EVENT: 2021  1  5  0 40
  168 2021- 1- 5  0:40     - 54 58  161 23   5.00 0.91  0.0    4 55.6 76.4       168
  169 2021- 1- 5  1:07     - 55  3  161 23   2.20 0.07  0.0    6 13.4  3.5       169
  170 2021- 1- 5  1:54     - 54 49  161 49   5.02 0.13  0.0    6 11.6 16.5       170
  171 2021- 1- 5  3:43     - 54 47  161 11  29.49 0.19  0.0   10 17.7  2.5       171
  172 2021- 1- 5  3:43       54 59  161 43  19.48 0.10  0.0    6  7.3  1.6       172
  173 2021- 1- 5  4:32     - 54 32  162 14   5.22 0.12  0.0    7  6.8 14.6       173
  174 2021- 1- 5  4:57     - 55  4  161 11  19.57 0.15  0.0    5 17.5 13.4       174
  175 2021- 1- 5  4:57     - 54 56  161 26  38.42 0.19  0.0    6 17.1  4.4       175
 *** DISTANCE & RESIDUAL WEIGHTING CANCELLED FOR EVENT: 2021  1  5  5 15
  176 2021- 1- 5  5:15     # 55  9  161 37  12.17 0.46  0.0    5  9.0 17.9       176
  177 2021- 1- 5  5:30     - 55  7  161 30   0.03 0.06  0.0    4  9.7  2.7       177
  178 2021- 1- 5  6:39     - 54 57  161  5   5.00 0.14  0.0    5 16.2 16.9       178
 *** DISTANCE & RESIDUAL WEIGHTING CANCELLED FOR EVENT: 2021  1  5  7 28
  179 2021- 1- 5  7:28     - 55  0  163 32   5.00 0.55  0.0    4 19.9 42.5       179
  180 2021- 1- 5 14:13     - 54 28  161 41   4.28 0.20  0.0   11  8.7 18.2       180
  SEQ ---DATE--- TIME REMARK -LAT-  --LON-  DEPTH  RMS PMAG  NUM  ERH  ERZ  ID
  181 2021- 1- 5 15:50     - 55  6  161 32   4.44 0.10  0.0    4 14.6  4.7       181
 *** DISTANCE & RESIDUAL WEIGHTING CANCELLED FOR EVENT: 2021  1  5 15 50
  182 2021- 1- 5 15:50     - 54 51  161 15   0.82 0.39  0.0    4 32.7  6.5       182
  183 2021- 1- 5 19:35     - 54 32  162 29   5.32 0.20  0.0   16  6.7 14.7       183
  184 2021- 1- 5 21:53     - 54 34  161 27   4.98 0.05  0.0    5  5.0 11.9       184
  185 2021- 1- 5 22:19     - 55 11  160 58   5.00 0.11  0.0    5 13.8 15.7       185
  186 2021- 1- 5 22:20     - 55 21  161 16   6.97 0.05  0.0    4 11.0 13.0       186
  187 2021- 1- 5 23:35     - 54 58  163  7   4.84 0.32  0.0    7  9.8 22.7       187
  188 2021- 1- 5 23:35     # 55  5  161 31   0.01 0.12  0.0    7  8.8  2.1       188
  189 2021- 1- 6  3:06     - 55  0  161 34  34.78 0.18  0.0    6 15.5  4.0       189
 *** DISTANCE & RESIDUAL WEIGHTING CANCELLED FOR EVENT: 2021  1  6  3  7
  190 2021- 1- 6  3:06     - 55  6  161 48  24.56 0.55  0.0    5 27.0 22.2       190
  191 2021- 1- 6  5:55     - 55  9  160 37   4.96 0.17  0.0    4  9.1 16.9       191
  192 2021- 1- 6  7:44     - 55 18  161 32   3.34 0.01  0.0    4  3.8  9.4       192
 *** DISTANCE & RESIDUAL WEIGHTING CANCELLED FOR EVENT: 2021  1  6 13 38
  193 2021- 1- 6 13:38     # 55 12  161 52   3.95 0.26  0.0    4  6.8  2.8       193
  194 2021- 1- 6 14:44     - 55  5  160 49   5.02 0.14  0.0    5 15.1 16.6       194
 *** DISTANCE & RESIDUAL WEIGHTING CANCELLED FOR EVENT: 2021  1  7  2 42
  195 2021- 1- 7  2:42     # 55 10  162 15   4.97 1.05  0.0    4 19.7 27.4       195
  SEQ ---DATE--- TIME REMARK -LAT-  --LON-  DEPTH  RMS PMAG  NUM  ERH  ERZ  ID
  196 2021- 1- 7  2:55     - 54 55  161  1  21.47 0.23  0.0    8 20.0 15.1       196
  197 2021- 1- 7  2:55     - 55 13  161 51   2.08 0.01  0.0    4  2.4 11.9       197
  198 2021- 1- 7  2:56     - 54 47  161  9  36.53 0.21  0.0   10 18.1 12.5       198
  199 2021- 1- 7  2:57     - 55 21  161 12   5.08 0.37  0.0    4 29.2 32.5       199
  200 2021- 1- 7  6:23     - 54 39  161  2  31.78 0.24  0.0   11 19.5 23.8       200
  201 2021- 1- 7  6:23     - 54 30  160 53  21.05 0.20  0.0    9 15.0  4.0       201
 *** DISTANCE & RESIDUAL WEIGHTING CANCELLED FOR EVENT: 2021  1  7  7  6
  202 2021- 1- 7  7:06     # 55 25  161 24   5.00 1.00  0.0    4 20.3  6.1       202
  203 2021- 1- 7  8:46     - 55  0  161 24  14.77 0.16  0.0    5 15.3 12.8       203
  204 2021- 1- 7  8:46     - 55  5  161 24   4.77 0.44  0.0    6 10.4 37.3       204
  205 2021- 1- 7 11:45     - 55 16  161 12   4.79 0.16  0.0    6  7.6 16.2       205
  206 2021- 1- 7 11:46     - 55 15  161 55   1.54 0.03  0.0    4  1.2 12.5       206
 *** DISTANCE & RESIDUAL WEIGHTING CANCELLED FOR EVENT: 2021  1  7 13 28
  207 2021- 1- 7 13:28     - 55 13  161 55   4.63 0.27  0.0    4  5.5 21.5       207
  208 2021- 1- 7 13:28     - 55 20  161 45   1.65 0.01  0.0    4  9.6  4.0       208
  209 2021- 1- 7 15:51     - 54 44  160 46  28.19 0.22  0.0   10 18.6  3.6       209
  210 2021- 1- 7 15:51     - 54 45  160 51  25.47 0.20  0.0    9 16.8  3.5       210
  SEQ ---DATE--- TIME REMARK -LAT-  --LON-  DEPTH  RMS PMAG  NUM  ERH  ERZ  ID
  211 2021- 1- 7 18:20     - 55  2  161 24  11.45 0.08  0.0    6 11.7  9.2       211
  212 2021- 1- 7 18:20     - 54 59  161 33   5.68 0.05  0.0    4  6.1 13.1       212
  213 2021- 1- 7 18:27     - 55 23  161 42   0.62 0.24  0.0    4  8.1 19.9       213
 *** DISTANCE & RESIDUAL WEIGHTING CANCELLED FOR EVENT: 2021  1  7 18 28
  214 2021- 1- 7 18:28     # 55 21  161 44   6.12 0.33  0.0    5  7.8  1.3       214
  215 2021- 1- 7 19:18     - 55  5  161 26   3.14 0.14  0.0    4 17.0  5.7       215
 *** DISTANCE & RESIDUAL WEIGHTING CANCELLED FOR EVENT: 2021  1  7 19 18
  216 2021- 1- 7 19:18     - 55  6  161 43   7.70 0.47  0.0    4 27.7 26.3       216
  217 2021- 1- 7 19:34     - 54 53  161 13  13.48 0.18  0.0    7 15.0 12.6       217
 *** DISTANCE & RESIDUAL WEIGHTING CANCELLED FOR EVENT: 2021  1  7 19 35
  218 2021- 1- 7 19:34     - 55 20  160 45   5.03 0.26  0.0    5 21.9 23.1       218
  219 2021- 1- 7 19:36     - 55 21  161 21   6.42 0.07  0.0    4  5.9 12.2       219
  220 2021- 1- 7 20:41     - 55  1  161 13  32.15 0.23  0.0    7 18.2  1.4       220
  221 2021- 1- 7 20:42     # 55  6  161 31  33.07 0.24  0.0    7 11.7  3.4       221
  222 2021- 1- 7 22:11       55  4  161 38  13.15 0.10  0.0    6  4.8  4.6       222
  223 2021- 1- 7 23:38     - 54 38  161 16   5.20 0.18  0.0   17  6.6 14.0       223
  224 2021- 1- 8  0:22     - 54 53  161  3  36.20 0.22  0.0    9 16.6  6.4       224
  225 2021- 1- 8  0:22     - 55  5  161 29  30.35 0.19  0.0    6 16.0  7.9       225
 *** DISTANCE & RESIDUAL WEIGHTING CANCELLED FOR EVENT: 2021  1  8  0 41
  SEQ ---DATE--- TIME REMARK -LAT-  --LON-  DEPTH  RMS PMAG  NUM  ERH  ERZ  ID
  226 2021- 1- 8  0:40     - 54 54  161 48   5.00 0.67  0.0    4 25.0 57.2       226
  227 2021- 1- 8  0:53     - 55  1  161 11  31.43 0.11  0.0    8 11.1  1.4       227
  228 2021- 1- 8  0:53     # 54 51  160 56  29.05 0.19  0.0    9 12.9  2.4       228
  229 2021- 1- 8  1:59     - 54 59  161 10  25.92 0.21  0.0   10 17.2  8.9       229
  230 2021- 1- 8  1:59     - 54 45  160 36  23.21 0.32  0.0   10 22.1  6.0       230
  231 2021- 1- 8  2:32     - 55  4  161 24  28.19 0.20  0.0    7 14.9  6.0       231
  232 2021- 1- 8  2:32     - 54 40  160 33  21.11 0.15  0.0    6 12.6 15.7       232
 *** DISTANCE & RESIDUAL WEIGHTING CANCELLED FOR EVENT: 2021  1  8  4 43
  233 2021- 1- 8  4:43     - 55 24  162  8   5.00 1.15  0.0    4 32.4 91.0       233
  234 2021- 1- 8  5:12       55  4  162  4  11.02 0.14  0.0    4  1.7  4.2       234
  235 2021- 1- 8  5:44       55 23  161 44   4.73 0.01  0.0    4  4.5  4.3       235
  236 2021- 1- 8  5:44     - 55 16  161 16  16.48 0.04  0.0    4 12.5  0.8       236
  237 2021- 1- 8  8:35     - 55  7  161 33   5.00 0.11  0.0    4 11.4  9.8       237
  238 2021- 1- 8 10:31     - 55  4  161 24  28.23 0.25  0.0    7 19.2  6.8       238
  239 2021- 1- 8 10:31       55  9  161 37  25.78 0.17  0.0    5 10.2  6.4       239
  240 2021- 1- 8 10:39     - 55  4  161 20   1.24 0.17  0.0    4 15.1  4.1       240
 *** DISTANCE & RESIDUAL WEIGHTING CANCELLED FOR EVENT: 2021  1  8 10 39
  SEQ ---DATE--- TIME REMARK -LAT-  --LON-  DEPTH  RMS PMAG  NUM  ERH  ERZ  ID
  241 2021- 1- 8 10:39     - 55  9  161 58   1.14 0.29  0.0    5  3.6 25.3       241
  242 2021- 1- 8 12:44     - 55 14  161 18   5.11 0.09  0.0    4 13.6 14.0       242
  243 2021- 1- 8 12:53     - 54 60  161 33  19.13 0.18  0.0    5 15.4  6.3       243
 *** DISTANCE & RESIDUAL WEIGHTING CANCELLED FOR EVENT: 2021  1  8 12 53
  244 2021- 1- 8 12:53     - 54 59  161 51  20.86 0.39  0.0    5 34.2  2.7       244
  245 2021- 1- 8 13:32     - 55 11  161 14   5.00 0.23  0.0    6 18.1 23.1       245
  246 2021- 1- 8 13:33     - 55 13  161  6  32.87 0.17  0.0    5 17.1  0.9       246
  247 2021- 1- 8 13:37     - 55  8  161 26   5.01 0.07  0.0    4 12.5 12.7       247
  248 2021- 1- 8 13:48       55 11  161 54   6.40 0.06  0.0    5  3.5  2.7       248
  249 2021- 1- 8 16:25     - 54 34  163  4   6.35 0.21  0.0    5  9.2 19.8       249
  250 2021- 1- 8 16:51     - 55 11  161 15   5.02 0.07  0.0    4 13.0 13.4       250
 *** DISTANCE & RESIDUAL WEIGHTING CANCELLED FOR EVENT: 2021  1  8 16 51
  251 2021- 1- 8 16:51     - 54 60  161 13   5.00 0.55  0.0    4 38.3 47.1       251
  252 2021- 1- 8 17:02     - 55 18  161  4   5.18 0.29  0.0    7 12.5 20.0       252
  253 2021- 1- 8 17:02     - 55  2  163  4   5.08 0.50  0.0    4 17.5 38.3       253
 *** DISTANCE & RESIDUAL WEIGHTING CANCELLED FOR EVENT: 2021  1  8 17 14
  254 2021- 1- 8 17:13     - 56 24  161 42   3.95 0.51  0.0    4 39.0 12.7       254
  255 2021- 1- 8 18:29     - 54 41  161 11  32.21 0.22  0.0    9 10.1 18.4       255
  SEQ ---DATE--- TIME REMARK -LAT-  --LON-  DEPTH  RMS PMAG  NUM  ERH  ERZ  ID
  256 2021- 1- 8 18:29     - 54 36  161 19  32.58 0.27  0.0    7 19.1 25.6       256
  257 2021- 1- 8 18:58       55 22  161 50  17.11 0.00  0.0    4  1.5  2.0       257
  258 2021- 1- 8 21:12     - 54 57  162 13   0.69 0.04  0.0    4  1.9 12.9       258
 *** DISTANCE & RESIDUAL WEIGHTING CANCELLED FOR EVENT: 2021  1  8 21 13
  259 2021- 1- 8 21:13     # 54 54  162 14   4.63 0.17  0.0    5  3.4  3.7       259
  260 2021- 1- 8 21:38       55 19  161 55  17.33 0.00  0.0    4  3.8  1.7       260
  261 2021- 1- 8 22:26     - 54 58  161 32  21.62 0.13  0.0    8 13.0  4.4       261
 *** DISTANCE & RESIDUAL WEIGHTING CANCELLED FOR EVENT: 2021  1  8 22 27
  262 2021- 1- 8 22:26     - 55  1  161 34   1.51 0.28  0.0    5  9.1 24.4       262
  263 2021- 1- 8 23:56     - 55 35  162  3  21.78 0.10  0.0    4 14.8  1.9       263
  264 2021- 1- 9  0:32     - 55  8  161 18   2.14 0.17  0.0    4 17.8  2.6       264
  265 2021- 1- 9  0:32     - 55  1  161  5   5.01 0.18  0.0    5 16.7 19.2       265
  266 2021- 1- 9  0:38     - 55 12  163 14   3.63 0.90  0.0   10 26.5 55.1       266
  267 2021- 1- 9  2:39     - 55  4  161 48  17.83 0.07  0.0    5  9.2  4.3       267
  268 2021- 1- 9  2:39       55  6  161 53  13.56 0.07  0.0    5  4.5  3.6       268
  269 2021- 1- 9  3:50     - 55  6  161 28   2.95 0.14  0.0    4 12.4  3.4       269
 *** DISTANCE & RESIDUAL WEIGHTING CANCELLED FOR EVENT: 2021  1  9  4 46
  270 2021- 1- 9  4:46     # 55 34  161 50   5.00 1.28  0.0    5 63.2 20.3       270
  SEQ ---DATE--- TIME REMARK -LAT-  --LON-  DEPTH  RMS PMAG  NUM  ERH  ERZ  ID
  271 2021- 1- 9  4:46     - 55 10  160 22   5.07 0.12  0.0    4 13.7 14.4       271
 *** DISTANCE & RESIDUAL WEIGHTING CANCELLED FOR EVENT: 2021  1  9  5  5
  272 2021- 1- 9  5:05     - 55 11  163 20   5.00 0.78  0.0    6 28.7 58.7       272
  273 2021- 1- 9  5:23       55  4  162 23   2.06 0.01  0.0    5  1.3  5.3       273
  274 2021- 1- 9  6:59     - 55 18  161 11   2.74 0.20  0.0    5 17.9 20.4       274
  275 2021- 1- 9  6:59     - 55 22  162  0  21.95 0.05  0.0    4  9.4  1.8       275
  276 2021- 1- 9  7:16     - 54 40  161 37   5.00 0.13  0.0    8 12.6 16.4       276
  277 2021- 1- 9  7:16     - 54 35  161 23   3.45 0.06  0.0    7  7.1  6.3       277
  278 2021- 1- 9  7:28     - 55 30  161 46   4.36 0.20  0.0    5  7.9 18.8       278
  279 2021- 1- 9  7:32     - 55 28  161 48   4.40 0.17  0.0    6  8.4 16.6       279
  280 2021- 1- 9  7:47     - 55 28  161 50   4.52 0.21  0.0    6  9.2 18.1       280
  281 2021- 1- 9  7:49     - 54 58  162 48   5.02 0.12  0.0    5  6.2 14.1       281
  282 2021- 1- 9  7:49     # 55  3  161 35   0.21 0.36  0.0    7 20.5  9.8       282
  283 2021- 1- 9  7:49     - 55 11  161 37   1.22 0.14  0.0    4  2.2 16.2       283
  284 2021- 1- 9  7:54     - 54 44  161 37   5.06 0.10  0.0    9  9.5 15.1       284
 *** DISTANCE & RESIDUAL WEIGHTING CANCELLED FOR EVENT: 2021  1  9  7 54
  285 2021- 1- 9  7:54     - 54 51  161 44   5.00 0.89  0.0    5 25.3 74.5       285
  SEQ ---DATE--- TIME REMARK -LAT-  --LON-  DEPTH  RMS PMAG  NUM  ERH  ERZ  ID
  286 2021- 1- 9  7:54     - 55  2  161 16   5.02 0.18  0.0    5 17.5 18.8       286
  287 2021- 1- 9  7:56     - 54 29  161 18   0.36 0.24  0.0   10 16.0 13.1       287
 *** DISTANCE & RESIDUAL WEIGHTING CANCELLED FOR EVENT: 2021  1  9  8 33
  288 2021- 1- 9  8:33     - 55 12  162 26   5.01 0.45  0.0    4 26.8 28.9       288
  289 2021- 1- 9  9:08     - 54 39  161 35   5.05 0.16  0.0    9 13.0 18.3       289
  290 2021- 1- 9  9:08       54 37  161 25   7.03 0.03  0.0    6  7.0  1.4       290
  291 2021- 1- 9  9:15     - 55 27  161 48   4.42 0.21  0.0    5 10.9 17.1       291
  292 2021- 1- 9  9:33     - 54 36  161 31   4.99 0.18  0.0    8 14.3 19.4       292
  293 2021- 1- 9  9:33     - 54 38  161 22   5.00 0.36  0.0    5 25.8 32.0       293
  294 2021- 1- 9 10:26     # 54 46  161 49  57.98 0.28  0.0    7 10.8  5.2       294
  295 2021- 1- 9 10:54     - 55 24  161 52   3.44 0.08  0.0    5  8.2 11.6       295
 *** DISTANCE & RESIDUAL WEIGHTING CANCELLED FOR EVENT: 2021  1  9 11 53
  296 2021- 1- 9 11:53     # 55 10  161 29   4.42 0.16  0.0    4 11.9  2.7       296
 *** DISTANCE & RESIDUAL WEIGHTING CANCELLED FOR EVENT: 2021  1  9 11 53
  297 2021- 1- 9 11:53     - 55  6  161 31   5.00 0.45  0.0    4 37.7  7.0       297
  298 2021- 1- 9 12:12     - 54 50  161  3  32.75 0.20  0.0    9 18.0 20.7       298
  299 2021- 1- 9 12:12     - 54 52  161  6  25.06 0.20  0.0    8 16.5  8.1       299
  300 2021- 1- 9 13:42     - 55 34  161  3  53.66 0.15  0.0   10 13.7  7.7       300
  SEQ ---DATE--- TIME REMARK -LAT-  --LON-  DEPTH  RMS PMAG  NUM  ERH  ERZ  ID
  301 2021- 1- 9 13:44       54 35  161 18  29.20 0.12  0.0   13  2.0  0.8       301
  302 2021- 1-10  1:59     - 54 58  162 32  25.48 0.03  0.0    5  9.4  7.5       302
 *** DISTANCE & RESIDUAL WEIGHTING CANCELLED FOR EVENT: 2021  1 10  1 59
  303 2021- 1-10  1:59     # 55  1  162 19  20.45 2.14  0.0    4 21.6 23.4       303
  304 2021- 1-10  2:20     - 54 59  161 29   5.01 0.25  0.0    4 19.7 24.1       304
 *** DISTANCE & RESIDUAL WEIGHTING CANCELLED FOR EVENT: 2021  1 10  5 58
  305 2021- 1-10  5:58     # 55 36  162 30   5.00 1.59  0.0    5 20.1 66.8       305
 *** DISTANCE & RESIDUAL WEIGHTING CANCELLED FOR EVENT: 2021  1 10  6 17
  306 2021- 1-10  6:17     # 55  9  161 60   5.00 1.80  0.0    5 93.1 33.6       306
  307 2021- 1-10  6:17     - 55 23  160 37   6.27 0.07  0.0    4 12.4 13.3       307
  308 2021- 1-10 10:15     - 54 39  161  8  29.51 0.19  0.0   10 16.9  2.4       308
  309 2021- 1-10 10:15     - 54 36  161  4  17.52 0.32  0.0   10 21.5 29.4       309
  310 2021- 1-10 12:29     # 55  8  161 35   4.60 0.19  0.0    7  3.4  1.7       310
  311 2021- 1-10 13:18     - 55 14  162 48   1.97 0.19  0.0    4  8.4 18.6       311
  312 2021- 1-10 14:32     - 54 52  161  6  29.21 0.21  0.0   11 15.3  2.6       312
 *** DISTANCE & RESIDUAL WEIGHTING CANCELLED FOR EVENT: 2021  1 10 14 32
  313 2021- 1-10 14:32     - 55 13  161 55   8.60 0.19  0.0    4  8.1 17.3       313
  314 2021- 1-10 14:32     - 55 17  160 47   5.00 0.14  0.0    4 14.9 15.7       314
 *** DISTANCE & RESIDUAL WEIGHTING CANCELLED FOR EVENT: 2021  1 10 15 38
  315 2021- 1-10 15:38     - 55 12  162  7   5.42 0.28  0.0    4 22.0 12.9       315
  SEQ ---DATE--- TIME REMARK -LAT-  --LON-  DEPTH  RMS PMAG  NUM  ERH  ERZ  ID
  316 2021- 1-10 20:34     - 55  6  163 21   3.89 1.07  0.0   13 32.7 70.2       316
 *** DISTANCE & RESIDUAL WEIGHTING CANCELLED FOR EVENT: 2021  1 10 21  2
  317 2021- 1-10 21:02     - 54 55  162 53   4.99 0.54  0.0    5 21.0 41.5       317
  318 2021- 1-10 21:02     - 54 24  161 31   5.85 0.23  0.0    9  9.0 20.2       318
  319 2021- 1-10 22:31     - 54 13  162 27  14.38 0.16  0.0   10  8.2 16.5       319
  320 2021- 1-11  1:19     - 55  9  161 36   2.08 0.06  0.0    4 10.6  1.8       320
  321 2021- 1-11  1:32     - 55 21  161 57   3.97 0.11  0.0    4  8.6 12.7       321
 *** DISTANCE & RESIDUAL WEIGHTING CANCELLED FOR EVENT: 2021  1 11  2 24
  322 2021- 1-11  2:24     - 54 52  161 18   5.00 0.47  0.0    4 36.6 39.6       322
  323 2021- 1-11  3:58     - 55 20  161 10  17.10 0.25  0.0    4 22.7 18.7       323
  324 2021- 1-11  3:58     - 55 23  161 45   0.35 0.01  0.0    4  2.0 10.4       324
  325 2021- 1-11  7:19       54 57  162 15   2.92 0.02  0.0    6  1.0  2.1       325
  326 2021- 1-11  7:19     - 54 48  162 59   4.99 0.23  0.0    4 21.4 20.5       326
  327 2021- 1-11  7:44     - 54 53  162 18   0.08 0.18  0.0    5 19.1  2.6       327
  328 2021- 1-11  8:00       54 59  162 14   0.76 0.08  0.0    7  1.0  9.4       328
  329 2021- 1-11  9:23     - 54 56  162 14   0.58 0.05  0.0    5  1.6 10.5       329
  330 2021- 1-11  9:24     - 54 59  162 15   0.44 0.02  0.0    4  1.2 12.3       330
 *** DISTANCE & RESIDUAL WEIGHTING CANCELLED FOR EVENT: 2021  1 11  9 24
  SEQ ---DATE--- TIME REMARK -LAT-  --LON-  DEPTH  RMS PMAG  NUM  ERH  ERZ  ID
  331 2021- 1-11  9:24     - 55 22  162 13   5.00 0.27  0.0    4  8.6 16.4       331
  332 2021- 1-11 10:45       54 55  162 14   2.87 0.04  0.0    6  1.4  2.8       332
  333 2021- 1-11 10:45     - 54 57  162 18   0.01 0.17  0.0    4  3.7 18.1       333
  334 2021- 1-11 10:49     - 55 21  161 42   6.28 0.04  0.0    4  9.7  1.0       334
  335 2021- 1-11 11:07     - 54 53  161 15  31.45 0.20  0.0    9 16.8  1.4       335
  336 2021- 1-11 11:07     - 54 48  161 16  17.43 0.09  0.0    8  7.9 14.1       336
  337 2021- 1-11 11:14     - 55  8  161 18  11.57 0.18  0.0    4 19.3 15.7       337
  338 2021- 1-11 12:15     - 55 20  161 46   3.12 0.06  0.0    4  8.8  5.6       338
 *** DISTANCE & RESIDUAL WEIGHTING CANCELLED FOR EVENT: 2021  1 11 13 10
  339 2021- 1-11 13:10     - 55 23  161 42   0.49 0.38  0.0    4 14.0 31.6       339
 *** DISTANCE & RESIDUAL WEIGHTING CANCELLED FOR EVENT: 2021  1 11 13 51
  340 2021- 1-11 13:50     - 55 17  161  7  29.98 0.49  0.0    4 31.4 22.3       340
  341 2021- 1-11 15:39     - 55 11  161 16   5.00 0.19  0.0    6 14.9 20.2       341
 *** DISTANCE & RESIDUAL WEIGHTING CANCELLED FOR EVENT: 2021  1 11 15 40
  342 2021- 1-11 15:40     # 55 13  162  7   2.37 1.03  0.0    5  7.8 15.9       342
  343 2021- 1-11 16:27     - 55 20  160 37   6.16 0.27  0.0    7 10.5 23.2       343
  344 2021- 1-11 21:17     - 55 12  160 30  31.31 0.15  0.0   11 15.4 17.5       344
 *** DISTANCE & RESIDUAL WEIGHTING CANCELLED FOR EVENT: 2021  1 11 21 18
  345 2021- 1-11 21:18     # 55 18  161 56   5.01 0.96  0.0    4  5.8  8.1       345
 *** DISTANCE & RESIDUAL WEIGHTING CANCELLED FOR EVENT: 2021  1 12  2 46
  SEQ ---DATE--- TIME REMARK -LAT-  --LON-  DEPTH  RMS PMAG  NUM  ERH  ERZ  ID
  346 2021- 1-12  2:46     - 55 19  161 22  34.97 0.19  0.0    4 15.4  8.0       346
  347 2021- 1-12  3:22     # 55  5  161 32   0.02 0.08  0.0    5  9.3  2.8       347
  348 2021- 1-12  3:27     - 55 10  161 52   0.04 0.75  0.0    4 62.1 44.2       348
  349 2021- 1-12  6:14     - 55  2  161 24   4.60 0.12  0.0    6  6.7 14.4       349
  350 2021- 1-12  7:14     - 54 57  160 35   5.00 0.23  0.0   10 19.4 22.9       350
 *** DISTANCE & RESIDUAL WEIGHTING CANCELLED FOR EVENT: 2021  1 12  7 15
  351 2021- 1-12  7:15     - 55 10  160 31   5.06 0.76  0.0    4 50.9 63.6       351
  352 2021- 1-12  7:14     - 54 54  159 55   5.00 0.34  0.0    6 26.1 27.6       352
  353 2021- 1-12  7:25     - 55 22  161 50   0.31 0.54  0.0    4  3.6 38.7       353
 *** DISTANCE & RESIDUAL WEIGHTING CANCELLED FOR EVENT: 2021  1 12 10 56
  354 2021- 1-12 10:56     - 54 55  160 36   9.30 0.18  0.0    4  6.6 19.6       354
  355 2021- 1-12 11:37     - 54 52  161 50   5.02 0.11  0.0    7  5.8 15.4       355
  356 2021- 1-12 11:37     - 54 45  161 42   4.99 0.17  0.0    6  8.2 18.5       356
  357 2021- 1-12 11:58     - 55 12  161 29   8.90 0.06  0.0    4  3.2 10.5       357
  358 2021- 1-12 12:44     - 54 37  161 17   5.23 0.21  0.0   18  7.3 15.5       358
  359 2021- 1-12 14:13     - 54 46  161  5  27.45 0.18  0.0   11 16.5  7.3       359
 *** DISTANCE & RESIDUAL WEIGHTING CANCELLED FOR EVENT: 2021  1 12 14 14
  360 2021- 1-12 14:13     - 55 29  160 50   5.00 0.43  0.0    4 15.0 34.6       360
  SEQ ---DATE--- TIME REMARK -LAT-  --LON-  DEPTH  RMS PMAG  NUM  ERH  ERZ  ID
  361 2021- 1-12 15:20     - 54 58  162 14   0.61 0.03  0.0    5  1.0 12.1       361
 *** DISTANCE & RESIDUAL WEIGHTING CANCELLED FOR EVENT: 2021  1 12 15 21
  362 2021- 1-12 15:20     - 55 38  163 21   4.90 0.37  0.0    4 12.6 30.9       362
  363 2021- 1-12 15:48     - 54 47  161  4  27.97 0.22  0.0   11 18.6  3.0       363
  364 2021- 1-12 15:48     - 54 50  161 22  47.90 0.09  0.0    5 10.6  3.0       364
  365 2021- 1-12 17:54     - 54 45  161 35   6.26 0.20  0.0    7 15.8 20.9       365
  366 2021- 1-12 17:54     - 54 22  161  8   2.35 0.07  0.0    6  9.8  7.5       366
  367 2021- 1-12 18:00     - 54 54  161 51   7.25 0.17  0.0    6  6.5 17.1       367
  368 2021- 1-12 18:00     - 54 30  161 15   2.34 0.17  0.0    5 14.0 18.7       368
  369 2021- 1-12 19:06     - 54 40  161 32   5.00 0.15  0.0    6 14.3 17.5       369
  370 2021- 1-12 19:06     - 54 36  161 27  16.53 0.29  0.0    5 20.8 26.8       370
  371 2021- 1-12 20:52     - 55  1  161 41  22.28 0.13  0.0    7 12.2  4.7       371
  372 2021- 1-12 20:52       55  8  161 52  10.10 0.10  0.0    6  1.5  0.7       372
  373 2021- 1-12 21:02     - 54 40  161 37   5.03 0.13  0.0    9 11.7 16.4       373
 *** DISTANCE & RESIDUAL WEIGHTING CANCELLED FOR EVENT: 2021  1 12 21  2
  374 2021- 1-12 21:02     - 54 52  161 54   5.13 0.76  0.0    5 19.8 63.8       374
  375 2021- 1-12 21:24       54 55  162 12   0.97 0.10  0.0    6  5.2  2.1       375
  SEQ ---DATE--- TIME REMARK -LAT-  --LON-  DEPTH  RMS PMAG  NUM  ERH  ERZ  ID
  376 2021- 1-12 21:24     - 54 48  162 14   5.01 0.11  0.0    4 12.0 15.3       376
  377 2021- 1-12 21:30     - 55  3  161 20   5.00 0.14  0.0    5 14.6 17.1       377
  378 2021- 1-12 21:30     - 55  6  161 23   5.13 0.15  0.0    4 14.0 17.7       378
  379 2021- 1-12 21:37     - 55 20  161 46   5.24 0.06  0.0    4  8.4  6.4       379
  380 2021- 1-12 21:37       55 15  161 40  16.37 0.00  0.0    4  3.2  2.4       380
  381 2021- 1-13  0:01     - 54 39  161 30   5.26 0.35  0.0   18 10.7 22.4       381
 *** DISTANCE & RESIDUAL WEIGHTING CANCELLED FOR EVENT: 2021  1 13  5 51
  382 2021- 1-13  5:51     - 55 16  162 26   5.00 1.80  0.0    5 53.5 99.0       382
  383 2021- 1-13  8:00       55 20  161 45   3.59 0.00  0.0    4  5.1  2.5       383
  384 2021- 1-13 11:30     - 55 10  161 11   5.19 0.21  0.0    6 17.1 21.7       384
  385 2021- 1-13 11:30     - 55 15  160  8   1.97 0.17  0.0    6 13.9 11.1       385
  386 2021- 1-13 12:29     - 55 47  161 46   4.82 0.06  0.0    4  5.7 12.3       386
  387 2021- 1-13 12:33     - 55  6  160 57   5.00 0.21  0.0    8 18.8 21.7       387
  388 2021- 1-13 12:33     - 55  4  160 17  25.52 0.25  0.0    9 19.1  4.6       388
  389 2021- 1-13 12:35       54 57  161 29  21.60 0.19  0.0    8  3.9  5.6       389
 *** DISTANCE & RESIDUAL WEIGHTING CANCELLED FOR EVENT: 2021  1 13 12 36
  390 2021- 1-13 12:36     - 55 11  162 10   6.51 0.63  0.0    5  4.7 53.6       390
  SEQ ---DATE--- TIME REMARK -LAT-  --LON-  DEPTH  RMS PMAG  NUM  ERH  ERZ  ID
  391 2021- 1-13 12:57     - 54 52  161 16   5.00 0.18  0.0    6 17.5 19.2       391
  392 2021- 1-13 12:58     - 54 50  161 18   5.03 0.08  0.0    4 11.1 14.0       392
 *** DISTANCE & RESIDUAL WEIGHTING CANCELLED FOR EVENT: 2021  1 13 14 42
  393 2021- 1-13 14:42     # 55 25  161 34   5.43 0.69  0.0    5 24.6 17.1       393
  394 2021- 1-13 14:45     - 55 16  160 50   5.01 0.14  0.0    4 14.6 15.4       394
  395 2021- 1-13 14:57     - 55  4  162  3   0.16 0.11  0.0   10  0.8 11.7       395
  396 2021- 1-13 15:22     - 54 46  161  5  20.83 0.17  0.0    9 13.5 12.1       396
  397 2021- 1-13 15:22     - 54 55  161 19   5.23 0.05  0.0    6  5.9 13.0       397
  398 2021- 1-13 15:42       55  7  161 33   4.04 0.13  0.0    6 10.4  3.7       398
 *** DISTANCE & RESIDUAL WEIGHTING CANCELLED FOR EVENT: 2021  1 13 15 54
  399 2021- 1-13 15:53     # 55 19  161 46   6.96 0.18  0.0    4 11.7  4.6       399
  400 2021- 1-13 16:13     - 54 57  161 22  23.30 0.20  0.0    9 14.8  6.1       400
  401 2021- 1-13 16:14       54 51  161 32  15.83 0.15  0.0    6 10.8  1.5       401
  402 2021- 1-13 16:23     - 54 37  160 25  39.54 0.24  0.0   10  3.8 21.0       402
 *** DISTANCE & RESIDUAL WEIGHTING CANCELLED FOR EVENT: 2021  1 13 16 40
  403 2021- 1-13 16:40     - 55 11  161 22  13.99 0.11  0.0    4  4.5 12.4       403
  404 2021- 1-13 19:42     - 54 34  161 47  30.45 0.07  0.0    4 13.7  1.0       404
  405 2021- 1-13 20:28     - 55 10  161 11   5.00 0.21  0.0    6 16.3 21.1       405
  SEQ ---DATE--- TIME REMARK -LAT-  --LON-  DEPTH  RMS PMAG  NUM  ERH  ERZ  ID
  406 2021- 1-13 20:29     - 55  8  161  7   5.01 0.34  0.0    5 22.6 30.6       406
 *** DISTANCE & RESIDUAL WEIGHTING CANCELLED FOR EVENT: 2021  1 13 20 42
  407 2021- 1-13 20:42     # 54 50  161 45  87.36 0.23  0.0    5 10.2  6.4       407
  408 2021- 1-13 20:47     - 55 14  161 29   3.27 0.02  0.0    4 11.1  2.0       408
  409 2021- 1-13 20:56     - 55  3  162  3   0.68 0.07  0.0    6  0.8 10.5       409
  410 2021- 1-13 21:12     - 55 10  161  9  11.95 0.25  0.0    8 17.5 19.8       410
  411 2021- 1-13 21:12     - 55  7  160 53  30.72 0.13  0.0    7 13.3  1.5       411
  412 2021- 1-13 21:31     - 55  7  160 54   5.00 0.18  0.0    8 17.4 19.6       412
  413 2021- 1-13 21:31     - 55  6  160 36   5.02 0.33  0.0    8 24.8 30.1       413
  414 2021- 1-13 21:35     - 54 53  161  2   5.00 0.06  0.0    6 12.9 13.4       414
 *** DISTANCE & RESIDUAL WEIGHTING CANCELLED FOR EVENT: 2021  1 13 21 35
  415 2021- 1-13 21:35     # 55  5  161 46  17.84 0.46  0.0    5 20.0  8.2       415
  416 2021- 1-13 21:42     - 55  3  160 42  31.65 0.13  0.0    9 13.4 16.5       416
  417 2021- 1-13 21:42     - 54 57  160 24   8.87 0.24  0.0    5 21.7  6.8       417
  418 2021- 1-13 21:46     - 55  4  161 35   0.04 0.20  0.0    4 16.3  4.5       418
 *** DISTANCE & RESIDUAL WEIGHTING CANCELLED FOR EVENT: 2021  1 13 21 46
  419 2021- 1-13 21:46     - 54 58  161 45   4.98 0.50  0.0    4 41.5  3.7       419
 *** DISTANCE & RESIDUAL WEIGHTING CANCELLED FOR EVENT: 2021  1 13 22 12
  420 2021- 1-13 22:12     - 55 20  161 58  13.82 3.08  0.0    4 96.3 30.0       420
  SEQ ---DATE--- TIME REMARK -LAT-  --LON-  DEPTH  RMS PMAG  NUM  ERH  ERZ  ID
  421 2021- 1-13 22:24     - 55  3  162  3   0.52 0.08  0.0    7  1.0 11.4       421
  422 2021- 1-13 22:45       55  4  162  3   4.73 0.11  0.0   11  0.7  0.6       422
  423 2021- 1-13 22:46     - 55  4  162  3   0.80 0.05  0.0    6  1.0  9.8       423
  424 2021- 1-13 22:54     - 55  4  162  3   0.40 0.09  0.0    7  0.9 12.0       424
  425 2021- 1-13 23:19       55  5  162  3   4.68 0.14  0.0   14  0.6  0.7       425
  426 2021- 1-13 23:37       55  6  162  3   3.30 0.08  0.0   12  0.5  2.0       426
 *** DISTANCE & RESIDUAL WEIGHTING CANCELLED FOR EVENT: 2021  1 13 23 38
  427 2021- 1-13 23:38     - 55 13  162 36   5.10 0.91  0.0    4 39.0 76.0       427
  428 2021- 1-13 23:45     - 55 58  161  9   4.33 0.02  0.0    6  5.4 11.3       428
  429 2021- 1-13 23:49       55  6  162  3   4.14 0.11  0.0   15  0.5  0.9       429
  430 2021- 1-13 23:52       55  6  162  3   2.64 0.11  0.0   15  0.5  1.8       430
  431 2021- 1-14  0:04     - 55  4  162  3   0.38 0.09  0.0    6  1.2 11.3       431
  432 2021- 1-14  0:05     - 54 58  161 29  22.62 0.09  0.0    7 12.4  4.1       432
  433 2021- 1-14  0:06     - 55  3  161 46   6.54 0.44  0.0    4 34.0 19.1       433
  434 2021- 1-14  0:38     - 55 38  160 53   5.00 0.22  0.0    6 20.2 20.6       434
  435 2021- 1-14  0:58     - 55  4  162  3   0.17 0.08  0.0    9  0.9 11.0       435
  SEQ ---DATE--- TIME REMARK -LAT-  --LON-  DEPTH  RMS PMAG  NUM  ERH  ERZ  ID
  436 2021- 1-14  1:31     - 55 16  162 22   2.10 0.06  0.0    4  2.2 13.3       436
  437 2021- 1-14  2:08     - 54 58  162 42   4.69 0.01  0.0    4  9.3  5.7       437
  438 2021- 1-14  2:07     - 54 25  161 19   4.99 0.17  0.0    8  7.5 17.0       438
  439 2021- 1-14  2:08     - 55 12  161 42   1.17 0.11  0.0    4 10.4 10.6       439
  440 2021- 1-14  2:16     - 54 54  162 56   5.08 0.03  0.0    4  5.5 11.4       440
  441 2021- 1-14  2:16     - 54 23  161 22   4.71 0.19  0.0    7 12.5 18.1       441
  442 2021- 1-14  2:16     - 54 47  161 53   5.00 0.08  0.0    4 12.8 14.0       442
 *** DISTANCE & RESIDUAL WEIGHTING CANCELLED FOR EVENT: 2021  1 14  3  9
  443 2021- 1-14  3:09     - 55  1  161 14  20.68 0.30  0.0    4 26.4 20.1       443
  444 2021- 1-14  3:41     - 54 53  162 55   5.09 0.01  0.0    4  5.4 11.3       444
  445 2021- 1-14  3:41       54 25  161 17  11.75 0.23  0.0   10 15.0  3.7       445
  446 2021- 1-14  3:41     - 54 47  161 41   5.04 0.17  0.0    5 16.6 17.5       446
  447 2021- 1-14  4:31     - 55 24  161 42  10.90 0.05  0.0    4 11.7  3.1       447
  448 2021- 1-14  5:15       55  3  162 28   3.53 0.11  0.0    6  4.5  1.1       448
  449 2021- 1-14  5:28     - 55  3  162  3   0.06 0.15  0.0    6  1.5 17.1       449
  450 2021- 1-14  5:36     - 55 27  162 23   5.61 0.34  0.0    4 10.6 26.8       450
  SEQ ---DATE--- TIME REMARK -LAT-  --LON-  DEPTH  RMS PMAG  NUM  ERH  ERZ  ID
  451 2021- 1-14  6:06     - 54 43  160 59  16.65 0.21  0.0    9 17.3 21.7       451
  452 2021- 1-14  6:06     - 54 57  161 44   5.00 0.20  0.0    4 17.3 20.8       452
 *** DISTANCE & RESIDUAL WEIGHTING CANCELLED FOR EVENT: 2021  1 14  6  6
  453 2021- 1-14  6:06     - 55 10  162  3   4.89 0.42  0.0    4 24.0 18.7       453
 *** DISTANCE & RESIDUAL WEIGHTING CANCELLED FOR EVENT: 2021  1 14  6 11
  454 2021- 1-14  6:11     # 55 22  161 46  15.53 0.62  0.0    4  4.8  7.4       454
 *** DISTANCE & RESIDUAL WEIGHTING CANCELLED FOR EVENT: 2021  1 14  6 23
  455 2021- 1-14  6:23     - 55 12  161 44  23.46 0.35  0.0    4 21.9  9.7       455
  456 2021- 1-14  6:30     - 54 36  161 18   5.06 0.18  0.0   17  6.7 14.3       456
  457 2021- 1-14  6:32     - 54 35  161 14   4.85 0.21  0.0   18  7.5 16.0       457
  458 2021- 1-14  6:33     - 54 37  161 18   5.28 0.19  0.0   15  7.0 14.7       458
  459 2021- 1-14  6:38     - 54 35  161 20   4.96 0.17  0.0   13  7.2 15.6       459
  460 2021- 1-14  6:43     - 54 36  161 17   5.01 0.18  0.0   17  6.9 14.8       460
  461 2021- 1-14  6:45     - 54 52  161 16  29.88 0.19  0.0    9 16.1  1.9       461
  462 2021- 1-14  6:45     - 54 30  160 58   6.79 0.15  0.0    6 14.8  3.2       462
  463 2021- 1-14  7:12     - 55  9  161 24   5.01 0.10  0.0    5 14.0 14.7       463
  464 2021- 1-14  9:54     - 54 45  160 50  25.20 0.17  0.0   11 15.9  3.8       464
  465 2021- 1-14  9:54     - 54 42  160 45   5.19 0.61  0.0    5 46.8 51.2       465
  SEQ ---DATE--- TIME REMARK -LAT-  --LON-  DEPTH  RMS PMAG  NUM  ERH  ERZ  ID
  466 2021- 1-14  9:57     - 54 51  160 57  27.27 0.20  0.0   10 18.4  3.6       466
  467 2021- 1-14  9:57     - 54 45  160 52   5.08 0.13  0.0    4 14.5 16.1       467
 *** DISTANCE & RESIDUAL WEIGHTING CANCELLED FOR EVENT: 2021  1 14 10 18
  468 2021- 1-14 10:18     - 55 19  163 13   5.00 0.36  0.0    4 14.0 29.2       468
  469 2021- 1-14 11:01     - 54 36  161 16   4.96 0.17  0.0   18  6.6 14.1       469
  470 2021- 1-14 11:54     - 55 30  163  4   1.03 0.47  0.0    4 35.5 41.0       470
 *** DISTANCE & RESIDUAL WEIGHTING CANCELLED FOR EVENT: 2021  1 14 12 42
  471 2021- 1-14 12:42     - 55 25  163 30   5.12 2.10  0.0    4 98.9 98.9       471
 *** DISTANCE & RESIDUAL WEIGHTING CANCELLED FOR EVENT: 2021  1 14 13 22
  472 2021- 1-14 13:22     - 55 34  160 25   4.83 0.18  0.0    5  8.2 17.9       472
  473 2021- 1-14 14:33     - 55  1  161 19  28.58 0.21  0.0    8 15.2  7.5       473
  474 2021- 1-14 14:34     - 55  0  161  3  15.25 0.01  0.0    5 10.7  1.3       474
  475 2021- 1-14 15:59       55 10  161 52  20.59 0.03  0.0    5  2.4  3.2       475
  476 2021- 1-14 15:59     - 55 15  163  4   4.85 0.22  0.0    4  9.6 19.0       476
  477 2021- 1-14 17:08     - 55  6  161  3   5.00 0.34  0.0    9 24.9 31.1       477
  478 2021- 1-14 17:08     - 55 50  162 13   5.14 0.04  0.0    4 10.0 12.9       478
  479 2021- 1-14 17:08     - 54 57  159 49   5.04 0.58  0.0    4 44.3 48.3       479
 *** DISTANCE & RESIDUAL WEIGHTING CANCELLED FOR EVENT: 2021  1 14 18  1
  480 2021- 1-14 18:00     - 55 16  160 56   5.00 0.96  0.0    5 49.6 80.1       480
  SEQ ---DATE--- TIME REMARK -LAT-  --LON-  DEPTH  RMS PMAG  NUM  ERH  ERZ  ID
  481 2021- 1-14 18:14     # 54 34  163 11   5.55 0.15  0.0    6  5.3  6.6       481
 *** DISTANCE & RESIDUAL WEIGHTING CANCELLED FOR EVENT: 2021  1 14 18 40
  482 2021- 1-14 18:40     # 55 16  161 38   5.00 0.55  0.0    4 28.0 24.6       482
  483 2021- 1-14 19:23     - 54 27  162 16   4.73 0.41  0.0    8 15.1 32.5       483
  484 2021- 1-14 20:10     - 55  4  161 17  24.24 0.20  0.0    4 19.1 13.4       484
 *** DISTANCE & RESIDUAL WEIGHTING CANCELLED FOR EVENT: 2021  1 14 20 19
  485 2021- 1-14 20:19     - 54 59  162 24   3.91 0.07  0.0    4 13.6  1.2       485
  486 2021- 1-14 20:19     - 54 59  162 25   0.00 0.03  0.0    4  7.9 12.6       486
  487 2021- 1-14 20:44     - 54 57  163  8   5.24 0.03  0.0    5  5.3 11.5       487
  488 2021- 1-14 21:31     - 55 21  161 37   8.13 0.07  0.0    4 12.9  4.1       488
  489 2021- 1-14 21:31     - 55 22  161 16  10.93 0.15  0.0    4 16.6 12.0       489
  490 2021- 1-14 21:44       54 32  162  2  53.43 0.10  0.0    8  4.0  3.7       490
  491 2021- 1-14 22:32     - 55 31  160 52  45.57 0.23  0.0    9 20.1  9.7       491
  492 2021- 1-14 22:51       55 18  162  2  12.27 0.03  0.0    5  1.7  4.2       492
  493 2021- 1-14 23:09     - 55  6  161 16   5.00 0.11  0.0    6 11.9 15.5       493
  494 2021- 1-14 23:09     - 54 57  161 31  57.79 0.30  0.0    4 22.8 14.3       494
  495 2021- 1-14 23:56       54 37  161 19  29.20 0.17  0.0    8  3.1 12.3       495
  SEQ ---DATE--- TIME REMARK -LAT-  --LON-  DEPTH  RMS PMAG  NUM  ERH  ERZ  ID
  496 2021- 1-15  1:01     - 55  4  161 42   9.52 0.55  0.0    7 37.1 16.9       496
  497 2021- 1-15  1:53     - 55 23  162 18   6.83 0.26  0.0    6  2.3 24.7       497
 *** DISTANCE & RESIDUAL WEIGHTING CANCELLED FOR EVENT: 2021  1 15  1 54
  498 2021- 1-15  1:53     - 54 52  161 36   5.00 0.53  0.0    4 40.4 45.4       498
  499 2021- 1-15  3:09     - 55  5  161 41  19.84 0.15  0.0    5 12.0  5.3       499
  500 2021- 1-15  3:09     - 55 12  161  6   5.06 0.09  0.0    5 12.6 14.3       500
  501 2021- 1-15  3:54     - 54 46  160 38   4.53 0.26  0.0   14  9.8 21.2       501
  502 2021- 1-15  7:46     - 54 54  161 49   6.17 0.32  0.0    4 29.6 26.9       502
 *** DISTANCE & RESIDUAL WEIGHTING CANCELLED FOR EVENT: 2021  1 15 11 40
  503 2021- 1-15 11:40     - 55 19  160 41   5.09 0.57  0.0    5 43.0 48.7       503
  504 2021- 1-15 15:49     - 55 24  162 17   7.22 0.35  0.0    5  2.6 30.9       504
  505 2021- 1-15 16:08     - 55  1  161 18  10.99 0.14  0.0    4 14.3 14.7       505
  506 2021- 1-15 16:08     - 54 43  161  4  34.55 0.17  0.0    4 13.6 12.3       506
  507 2021- 1-15 17:18     - 55 19  161 22   5.01 0.17  0.0    4 18.1 18.9       507
 *** DISTANCE & RESIDUAL WEIGHTING CANCELLED FOR EVENT: 2021  1 15 17 18
  508 2021- 1-15 17:18     - 55  7  161 10  40.95 0.46  0.0    5 33.1 15.0       508
  509 2021- 1-15 18:14     - 55  0  161 30  23.43 0.14  0.0    7 13.9  3.3       509
  510 2021- 1-15 18:22     - 55  2  161 20  31.46 0.25  0.0    8 18.4  6.9       510
  SEQ ---DATE--- TIME REMARK -LAT-  --LON-  DEPTH  RMS PMAG  NUM  ERH  ERZ  ID
  511 2021- 1-15 18:22     - 55 14  161 54   3.43 0.40  0.0    5  5.4 27.2       511
  512 2021- 1-15 21:12       55 33  161 48   9.73 0.18  0.0   10  1.3  2.3       512
  513 2021- 1-15 21:30     - 55  5  161 24   2.20 0.08  0.0    4 13.3  4.5       513
  514 2021- 1-16  3:39     - 55 12  162 16   5.40 0.04  0.0    4  8.5  9.7       514
 *** DISTANCE & RESIDUAL WEIGHTING CANCELLED FOR EVENT: 2021  1 16  3 46
  515 2021- 1-16  3:46     - 55  8  161 53  23.48 0.32  0.0    4 28.7  5.7       515
  516 2021- 1-16  4:15     - 55 17  161 21   9.24 0.10  0.0    4 13.5 11.8       516
  517 2021- 1-16  4:15     - 55 17  161 41  21.81 0.19  0.0    4 13.9  5.5       517
  518 2021- 1-16  5:14     - 55 19  161 34   8.42 0.48  0.0    4 12.2 27.2       518
  519 2021- 1-16  6:41     - 54 46  161 10  22.87 0.11  0.0    8 12.3  7.9       519
  520 2021- 1-16  6:42       55 13  161 52  15.44 0.00  0.0    4  1.8  1.3       520
  521 2021- 1-16  7:11     - 55 17  161 39   4.65 0.10  0.0    4 11.3  1.2       521
  522 2021- 1-16  9:04     - 54 47  161 56   5.03 0.01  0.0    4  8.6 12.5       522
  523 2021- 1-16 11:12       55 10  162 14  16.29 0.09  0.0    5 10.2  1.4       523
 *** DISTANCE & RESIDUAL WEIGHTING CANCELLED FOR EVENT: 2021  1 16 11 17
  524 2021- 1-16 11:17     - 55 17  162 10   5.05 0.20  0.0    4  2.7 19.0       524
  525 2021- 1-16 11:47     - 54 54  161  1  28.72 0.21  0.0   10 17.7  3.0       525
  SEQ ---DATE--- TIME REMARK -LAT-  --LON-  DEPTH  RMS PMAG  NUM  ERH  ERZ  ID
  526 2021- 1-16 11:47     - 54 50  160 52  27.57 0.27  0.0    8 18.7  3.2       526
 *** DISTANCE & RESIDUAL WEIGHTING CANCELLED FOR EVENT: 2021  1 16 18  0
  527 2021- 1-16 18:00     - 55 21  162  8   6.99 0.67  0.0    4  5.3 48.3       527
  528 2021- 1-16 20:41     - 54 52  163  4   4.40 0.10  0.0    6  5.4 12.3       528
  529 2021- 1-16 20:41     # 55  3  161 36   0.08 0.15  0.0    8  8.8  2.7       529
  530 2021- 1-17  8:14     - 54 40  160 42  12.86 0.13  0.0   20  6.7 13.4       530
  531 2021- 1-17 12:02     - 54 30  161 48   3.95 0.04  0.0    4  5.5 11.7       531
  532 2021- 1-17 16:26       55  3  161 57   9.73 0.15  0.0    8  2.0  1.6       532
  533 2021- 1-17 18:26     - 54 38  161 25   4.95 0.24  0.0   13  9.2 18.6       533
 *** DISTANCE & RESIDUAL WEIGHTING CANCELLED FOR EVENT: 2021  1 17 18 59
  534 2021- 1-17 18:59     - 54 57  162 10   5.45 0.01  0.0    4  9.3  5.6       534
  535 2021- 1-17 18:59     - 55  2  161 39   0.04 0.14  0.0    7 12.7  2.7       535
  536 2021- 1-17 18:59     - 54 44  161 50   5.01 0.16  0.0    9  5.3 18.1       536
  537 2021- 1-17 19:38     - 55 11  163 30   3.13 0.50  0.0    5 18.9 39.0       537
  538 2021- 1-17 19:59     - 54 57  161  4  33.14 0.21  0.0    9 15.3 21.0       538
  539 2021- 1-17 19:59     - 54 38  162 48   7.84 0.09  0.0    4 12.5  3.4       539
  540 2021- 1-17 20:28     - 54 36  161 15   4.97 0.13  0.0   17  6.0 12.6       540
  SEQ ---DATE--- TIME REMARK -LAT-  --LON-  DEPTH  RMS PMAG  NUM  ERH  ERZ  ID
  541 2021- 1-17 22:21     - 54 36  161 16   5.31 0.18  0.0   17  6.6 14.1       541
  542 2021- 1-18  2:07     - 55  9  161 28   5.01 0.10  0.0    4 13.1 13.8       542
  543 2021- 1-18  2:27     - 55  2  161 10  21.01 0.07  0.0    5  4.8 12.4       543
  544 2021- 1-18  2:56     - 54 48  160 55   5.00 0.20  0.0    7 18.9 20.4       544
  545 2021- 1-18  6:44       55 27  161 37   6.18 0.07  0.0    5  3.0  1.1       545
  546 2021- 1-18  9:17     - 54 36  161 12   3.93 0.15  0.0    6  9.4 15.5       546
  547 2021- 1-18  9:17     - 55 19  161 45   0.16 0.25  0.0    5  6.1 18.0       547
  548 2021- 1-18 14:01     - 55 21  161 46   3.59 0.07  0.0    4 10.1  4.7       548
  549 2021- 1-18 14:24       55 20  161 43   5.22 0.00  0.0    4  6.0  3.5       549
  550 2021- 1-18 20:06     - 55 18  161 38   5.92 0.04  0.0    5  9.7  0.9       550
  551 2021- 1-18 20:06     - 55 16  161 40  14.28 0.06  0.0    4 10.4  5.2       551
  552 2021- 1-18 20:08       55 12  161 22  21.76 0.00  0.0    4  7.9  3.2       552
  553 2021- 1-18 21:44     - 55 44  161  4   5.08 0.26  0.0    6 11.6 22.3       553
  554 2021- 1-18 21:44     - 54 51  160 52   4.23 0.05  0.0    4  5.7 11.7       554
 *** DISTANCE & RESIDUAL WEIGHTING CANCELLED FOR EVENT: 2021  1 18 22  2
  555 2021- 1-18 22:02     # 55 21  161 47   0.72 0.31  0.0    4  6.6 10.2       555
  SEQ ---DATE--- TIME REMARK -LAT-  --LON-  DEPTH  RMS PMAG  NUM  ERH  ERZ  ID
  556 2021- 1-18 22:02     - 55 10  161  2  22.66 0.03  0.0    4  3.4  9.0       556
  557 2021- 1-18 22:37     - 54 41  161  6  21.89 0.19  0.0   10 15.4  4.4       557
  558 2021- 1-18 22:37     - 54 44  161 13  33.20 0.25  0.0    9 13.4 23.8       558
  559 2021- 1-19  0:14     - 55  7  161 41  21.43 0.03  0.0    4 11.4  5.4       559
  560 2021- 1-19  2:21     - 54 54  161  2  28.88 0.19  0.0    9 17.1  2.7       560
  561 2021- 1-19  2:21     - 54 43  160 43  33.72 0.57  0.0   10 36.9 48.6       561
  562 2021- 1-19  2:22     - 54 53  160 58  27.99 0.20  0.0    9 18.5  3.5       562
  563 2021- 1-19  2:23     - 54 45  160 56  54.63 0.08  0.0    7 11.4  5.5       563
  564 2021- 1-19  2:24     - 54 59  161 15  29.56 0.24  0.0    9 16.9  2.7       564
  565 2021- 1-19  2:24     - 54 45  160 55  33.45 0.36  0.0    8 17.5 31.8       565
  566 2021- 1-19  2:25     - 54 43  160 46  63.47 0.15  0.0    7 16.5  7.2       566
  567 2021- 1-19  2:26     - 54 55  161 13  30.80 0.19  0.0    9 16.2  1.7       567
  568 2021- 1-19  2:26     - 54 57  161  4  27.68 0.38  0.0    8 25.3  4.3       568
  569 2021- 1-19  2:31     - 55  4  161 27  30.83 0.20  0.0    6 17.3  6.7       569
 *** DISTANCE & RESIDUAL WEIGHTING CANCELLED FOR EVENT: 2021  1 19  2 32
  570 2021- 1-19  2:32     # 55 17  162 11   5.22 1.45  0.0    5  7.0 54.5       570
  SEQ ---DATE--- TIME REMARK -LAT-  --LON-  DEPTH  RMS PMAG  NUM  ERH  ERZ  ID
  571 2021- 1-19  2:35     - 54 54  161  4  35.18 0.24  0.0    8 21.1 14.2       571
 *** DISTANCE & RESIDUAL WEIGHTING CANCELLED FOR EVENT: 2021  1 19  2 35
  572 2021- 1-19  2:35     - 55  3  161 33  29.62 0.50  0.0    5 30.5 14.0       572
  573 2021- 1-19  2:41     - 55  6  161 26  25.09 0.22  0.0    5 17.1  8.4       573
  574 2021- 1-19  2:46     - 55  5  161 39  24.25 0.21  0.0    6 14.4  7.5       574
  575 2021- 1-19  2:46     - 54 60  161 29  56.31 0.25  0.0    5 19.7 11.4       575
 *** DISTANCE & RESIDUAL WEIGHTING CANCELLED FOR EVENT: 2021  1 19  2 47
  576 2021- 1-19  2:47     - 55 13  161 25   0.54 0.19  0.0    4 12.8 20.3       576
  577 2021- 1-19  2:47     - 55  1  161 32  38.23 0.15  0.0    5 13.6  4.1       577
  578 2021- 1-19  3:07     - 54 59  161 24  31.70 0.20  0.0    8 17.6  6.5       578
  579 2021- 1-19  3:07     - 54 45  160 53  34.18 0.48  0.0    7 30.0 34.7       579
  580 2021- 1-19  3:39     - 54 57  161 15  31.15 0.21  0.0    9 16.3  1.3       580
  581 2021- 1-19  3:39     - 54 57  161 26  32.70 0.15  0.0    5 13.7  0.7       581
  582 2021- 1-19  4:22     - 54 50  160 52   5.00 0.18  0.0    8 17.9 19.7       582
  583 2021- 1-19  4:22     - 55  4  160 34   5.00 0.15  0.0    4 15.1 15.9       583
  584 2021- 1-19  4:56     - 54 54  161  8   5.00 0.16  0.0    4 17.3 17.7       584
 *** DISTANCE & RESIDUAL WEIGHTING CANCELLED FOR EVENT: 2021  1 19  4 56
  585 2021- 1-19  4:56     - 55  4  161 36   4.99 0.56  0.0    4 45.7  7.6       585
  SEQ ---DATE--- TIME REMARK -LAT-  --LON-  DEPTH  RMS PMAG  NUM  ERH  ERZ  ID
  586 2021- 1-19  5:12     - 55 25  161 58   5.03 0.09  0.0    4  2.9 13.0       586
  587 2021- 1-19  8:10     - 54 40  161  6  25.68 0.17  0.0    9 15.3 12.5       587
  588 2021- 1-19  8:11     - 54 59  161 36  23.21 0.18  0.0    5 14.2  3.5       588
  589 2021- 1-19  9:02     - 55  4  161 41  18.62 0.09  0.0    5 10.1  3.0       589
  590 2021- 1-19  9:03     - 55  9  163 16   4.06 0.25  0.0    8 10.6 22.1       590
 *** DISTANCE & RESIDUAL WEIGHTING CANCELLED FOR EVENT: 2021  1 19  9  3
  591 2021- 1-19  9:03     - 55 47  162  9   5.00 0.51  0.0    5 18.8 40.4       591
  592 2021- 1-19  9:11     - 54 53  160 36   5.00 0.19  0.0    4 17.5 17.8       592
  593 2021- 1-19  9:11     - 55  4  160 21   5.06 0.16  0.0    4 15.4 16.2       593
  594 2021- 1-19  9:39     - 54 37  161 13   5.01 0.17  0.0   17  6.9 14.7       594
 *** DISTANCE & RESIDUAL WEIGHTING CANCELLED FOR EVENT: 2021  1 19 10 15
  595 2021- 1-19 10:15     - 55 25  163 20  25.06 0.05  0.0    4  2.7 13.0       595
 *** DISTANCE & RESIDUAL WEIGHTING CANCELLED FOR EVENT: 2021  1 19 11 37
  596 2021- 1-19 11:37     # 55 18  161 53  11.80 1.04  0.0    4 17.1 14.8       596
  597 2021- 1-19 12:27     - 55  1  162 17   5.34 0.02  0.0    5  8.7  7.2       597
 *** DISTANCE & RESIDUAL WEIGHTING CANCELLED FOR EVENT: 2021  1 19 12 28
  598 2021- 1-19 12:28     - 55 33  162 39   5.00 5.65  0.0    4 77.2 89.4       598
  599 2021- 1-19 14:19     # 55  5  162  5   6.10 0.16  0.0    6  4.5  5.9       599
 *** DISTANCE & RESIDUAL WEIGHTING CANCELLED FOR EVENT: 2021  1 19 16  0
  600 2021- 1-19 15:59     # 55 24  161 58   5.00 2.23  0.0    5 81.0 56.9       600
  SEQ ---DATE--- TIME REMARK -LAT-  --LON-  DEPTH  RMS PMAG  NUM  ERH  ERZ  ID
  601 2021- 1-19 17:03     - 54 41  161 40   5.00 0.12  0.0    5 11.7 15.9       601
  602 2021- 1-19 18:07     - 55 22  160 38  33.15 0.23  0.0    8 17.4 22.5       602
  603 2021- 1-19 18:08     - 55 19  159 60   2.35 0.14  0.0    7 13.1  8.9       603
  604 2021- 1-19 18:37       55  6  161 44   9.84 0.05  0.0    5  3.1  3.8       604
  605 2021- 1-19 21:57     - 54 60  161 29  12.79 0.04  0.0    6  4.0  8.4       605
  606 2021- 1-19 21:57       55  7  161 43   4.34 0.00  0.0    4  4.2  1.8       606
  607 2021- 1-19 23:32     - 55  6  161 30   3.13 0.11  0.0    4 11.0  3.0       607
  608 2021- 1-19 23:43     # 55  5  162  6   5.04 0.16  0.0    9  0.9  1.6       608
  609 2021- 1-19 23:59     - 55 28  162 40   4.99 0.32  0.0    4  8.5 29.0       609
  610 2021- 1-20  1:44     - 55 21  161 44   2.13 0.04  0.0    4 10.9  3.1       610
  611 2021- 1-20  2:06     - 54 46  160 29   6.55 0.15  0.0   11  2.8 17.7       611
  612 2021- 1-20  2:06     - 54 50  160 52  32.79 0.27  0.0    8 18.1 25.6       612
 *** DISTANCE & RESIDUAL WEIGHTING CANCELLED FOR EVENT: 2021  1 20  5 28
  613 2021- 1-20  5:28     # 55 49  162  9  29.40 1.13  0.0    4 43.0 56.0       613
  614 2021- 1-20  8:22     - 54 56  161 17  32.61 0.21  0.0    8 17.2  1.0       614
  615 2021- 1-20  8:22     - 54 51  160 42  33.28 0.28  0.0    7 23.1 26.5       615
  SEQ ---DATE--- TIME REMARK -LAT-  --LON-  DEPTH  RMS PMAG  NUM  ERH  ERZ  ID
  616 2021- 1-20 19:50     - 55  2  161 25  38.50 0.21  0.0    8 15.4  5.7       616
  617 2021- 1-20 19:50     - 54 35  160 22   6.91 0.16  0.0    7 16.6 17.7       617
  618 2021- 1-20 21:22     - 54 58  161 10  33.25 0.18  0.0    7 17.0 14.4       618
  619 2021- 1-20 21:22     # 55 11  161 54  11.60 0.36  0.0    5 12.5 17.2       619
  620 2021- 1-20 21:30     - 54 60  161  7  32.38 0.22  0.0    6 19.5  1.4       620
  621 2021- 1-20 21:30     - 55  5  161 23  15.16 0.16  0.0    5 15.5  4.9       621
  622 2021- 1-21  1:55     - 54 58  161 26  29.22 0.23  0.0    8 18.0  6.5       622
  623 2021- 1-21  1:55     - 54 41  161 16  20.05 0.29  0.0    6 15.9 21.5       623
  624 2021- 1-21  5:01     - 55 10  161 15  13.33 0.16  0.0    6 10.2 11.4       624
  625 2021- 1-21  5:02     - 55  6  160 40   5.01 0.46  0.0    6 32.9 39.8       625
 *** DISTANCE & RESIDUAL WEIGHTING CANCELLED FOR EVENT: 2021  1 21  5  4
  626 2021- 1-21  5:03     - 54 32  162 57   9.99 1.64  0.0    4 98.7 18.5       626
  627 2021- 1-21  5:06     - 54 60  160 57  21.27 0.32  0.0    5 24.9 21.1       627
  628 2021- 1-21  5:06     - 55  6  160 29   5.04 0.30  0.0    5 24.6 27.8       628
  629 2021- 1-21  7:20     - 55 21  161 44   2.83 0.07  0.0    4 10.3  2.3       629
 *** DISTANCE & RESIDUAL WEIGHTING CANCELLED FOR EVENT: 2021  1 21  7 21
  630 2021- 1-21  7:21     - 55 26  161 33   0.67 0.33  0.0    4 22.2 29.7       630
  SEQ ---DATE--- TIME REMARK -LAT-  --LON-  DEPTH  RMS PMAG  NUM  ERH  ERZ  ID
  631 2021- 1-21  7:50     - 54 31  161 43   3.96 0.14  0.0    7  7.1 14.7       631
  632 2021- 1-21  8:08     - 54 60  161  4  23.97 0.14  0.0    8 14.3  7.5       632
  633 2021- 1-21  8:08     - 54 55  160 57  27.07 0.19  0.0    8 15.0  2.7       633
  634 2021- 1-21  8:21     - 55  8  160 58   5.40 0.17  0.0    5 17.5 18.9       634
  635 2021- 1-21  8:21       55 22  161 48  14.29 0.08  0.0    5  1.4  2.3       635
  636 2021- 1-21 12:18     - 55 13  163 34   0.87 0.25  0.0    5 10.4 21.8       636
  637 2021- 1-21 12:34     - 55 10  162 18  24.69 0.10  0.0    6  4.8 11.0       637
  638 2021- 1-21 13:36     - 55  4  162 36  45.45 0.21  0.0    5 14.2 14.0       638
 *** DISTANCE & RESIDUAL WEIGHTING CANCELLED FOR EVENT: 2021  1 21 13 36
  639 2021- 1-21 13:36     # 55  7  162 36  37.76 1.18  0.0    7 24.0 19.9       639
  640 2021- 1-21 16:27     - 54 37  161 38   4.88 0.16  0.0   15  6.4 13.4       640
  641 2021- 1-21 17:08     - 54 38  160 45   5.23 0.18  0.0    7  8.1 17.7       641
  642 2021- 1-21 18:11     - 55  2  161 11  31.97 0.16  0.0    9 13.4  0.9       642
  643 2021- 1-21 18:11     - 54 49  160 45   5.04 0.19  0.0    6 14.9 20.3       643
  644 2021- 1-21 20:41     - 54 57  160 55  29.79 0.15  0.0    9 15.4  2.3       644
  645 2021- 1-21 20:41     - 54 57  161  5  16.80 0.28  0.0    6 17.9 26.7       645
  SEQ ---DATE--- TIME REMARK -LAT-  --LON-  DEPTH  RMS PMAG  NUM  ERH  ERZ  ID
  646 2021- 1-21 21:22     - 55  6  160 44  30.54 0.60  0.0    6 42.1  6.4       646
  647 2021- 1-21 21:23       55 11  161 43  11.12 0.00  0.0    4  5.0  5.5       647
  648 2021- 1-21 23:35     - 55  5  161 22  15.14 0.02  0.0    4 12.1  9.5       648
  649 2021- 1-22  5:08     - 54 37  161 20   5.15 0.21  0.0    4  9.1 19.0       649
  650 2021- 1-22  5:08     - 54 51  161 45   6.77 0.19  0.0    5  3.0 20.1       650
 *** DISTANCE & RESIDUAL WEIGHTING CANCELLED FOR EVENT: 2021  1 22  6  5
  651 2021- 1-22  6:05     # 55 23  162  1   5.00 1.46  0.0    4 50.0 39.1       651
  652 2021- 1-22  9:44     - 55 37  161 55   3.29 0.08  0.0    4  3.3 14.0       652
  653 2021- 1-22 11:08     - 55  7  161 22  11.22 0.05  0.0    4 13.0 11.8       653
  654 2021- 1-22 11:08     - 54 33  161  3   7.25 0.22  0.0    6 19.7  4.6       654
  655 2021- 1-22 11:29     - 54 55  161 30  21.39 0.18  0.0    7 17.0  5.6       655
  656 2021- 1-22 11:29     # 55  8  161 54  11.33 0.03  0.0    5  3.8  3.5       656
  657 2021- 1-22 12:58     - 54 30  162  4   5.48 0.19  0.0    7  8.4 18.3       657
  658 2021- 1-22 14:38     - 55  8  163 19   2.97 0.04  0.0    4  5.5 11.7       658
 *** DISTANCE & RESIDUAL WEIGHTING CANCELLED FOR EVENT: 2021  1 22 14 38
  659 2021- 1-22 14:38     - 55 48  162  2   4.97 0.26  0.0    4 10.4 22.4       659
 *** DISTANCE & RESIDUAL WEIGHTING CANCELLED FOR EVENT: 2021  1 22 15 35
  660 2021- 1-22 15:34     - 55 24  161 49  21.86 0.41  0.0    4 35.6  7.9       660
 *** DISTANCE & RESIDUAL WEIGHTING CANCELLED FOR EVENT: 2021  1 22 16  0
  SEQ ---DATE--- TIME REMARK -LAT-  --LON-  DEPTH  RMS PMAG  NUM  ERH  ERZ  ID
  661 2021- 1-22 15:59     # 55 21  162 19   5.00 0.90  0.0    4 15.8  7.0       661
 *** DISTANCE & RESIDUAL WEIGHTING CANCELLED FOR EVENT: 2021  1 22 16 21
  662 2021- 1-22 16:21     - 55  2  162 15   4.99 0.93  0.0    4 75.1 12.6       662
  663 2021- 1-22 18:34     - 55  9  161 19   5.00 0.25  0.0    5 18.1 24.4       663
  664 2021- 1-22 18:34     - 55 17  160 20   5.06 0.08  0.0    4 12.1 12.7       664
  665 2021- 1-22 19:16     - 54 59  161 23  30.11 0.23  0.0    8 17.4  6.3       665
  666 2021- 1-22 19:16     - 54 57  161 25  29.73 0.25  0.0    7 18.6  5.0       666
 *** DISTANCE & RESIDUAL WEIGHTING CANCELLED FOR EVENT: 2021  1 22 19 42
  667 2021- 1-22 19:42     # 55 21  161 57  24.47 0.57  0.0    5 12.9  4.5       667
  668 2021- 1-22 19:48     - 54 58  161  7  28.05 0.17  0.0    8 14.9  5.2       668
  669 2021- 1-22 19:49     - 54 53  161  5  33.68 0.17  0.0    9  8.9 15.5       669
  670 2021- 1-22 21:06     - 54 44  161 22   5.27 0.18  0.0   13  7.2 15.6       670
  671 2021- 1-22 22:25     - 55  4  161 28   2.29 0.14  0.0    5 13.4  3.2       671
  672 2021- 1-22 22:25     # 55 17  162  5   0.07 0.09  0.0    4  0.7  9.7       672
  673 2021- 1-22 22:26       55 13  161 22   2.57 0.19  0.0    8  2.6  2.2       673
  674 2021- 1-22 22:26     - 54 59  161 22   0.02 0.30  0.0    5 23.2  7.4       674
  675 2021- 1-23  2:36     - 55 12  161 47   4.25 0.04  0.0    4  2.5 11.3       675
  SEQ ---DATE--- TIME REMARK -LAT-  --LON-  DEPTH  RMS PMAG  NUM  ERH  ERZ  ID
  676 2021- 1-23  4:02     - 54 55  161 36   5.00 0.13  0.0    5 14.1 16.5       676
  677 2021- 1-23  5:34     - 55  2  160 42  16.23 0.15  0.0   10 14.3 17.5       677
  678 2021- 1-23  5:35     - 55  3  160 42   5.02 0.35  0.0    8 24.0 31.5       678
  679 2021- 1-23  7:07     - 55 18  161 20  14.05 0.09  0.0    5 14.0  8.4       679
  680 2021- 1-23  7:07     - 55 10  159 48   5.01 0.18  0.0    6 16.6 17.6       680
  681 2021- 1-23  7:11     - 54 56  161 23  21.87 0.17  0.0    7 15.8  8.0       681
 *** DISTANCE & RESIDUAL WEIGHTING CANCELLED FOR EVENT: 2021  1 23  7 12
  682 2021- 1-23  7:12     - 55 21  162  5   5.00 2.65  0.0    5 67.0 72.9       682
 *** DISTANCE & RESIDUAL WEIGHTING CANCELLED FOR EVENT: 2021  1 23  7 12
  683 2021- 1-23  7:12     - 55 10  161 50   5.01 0.51  0.0    4 37.4 21.8       683
  684 2021- 1-23  8:38     # 54 50  162  9   0.04 0.09  0.0    9  4.6  1.5       684
  685 2021- 1-23  8:38     - 54 43  162 15   5.06 0.19  0.0    5 16.5 19.9       685
  686 2021- 1-23 10:30     - 55  5  161 38   0.05 0.05  0.0    4 10.4  2.3       686
 *** DISTANCE & RESIDUAL WEIGHTING CANCELLED FOR EVENT: 2021  1 23 10 30
  687 2021- 1-23 10:30     - 55  3  161 37   4.23 0.13  0.0    4 15.7  3.3       687
  688 2021- 1-23 12:41     # 54 37  163 14   0.30 0.04  0.0    5  5.8  6.6       688
 *** DISTANCE & RESIDUAL WEIGHTING CANCELLED FOR EVENT: 2021  1 23 13 28
  689 2021- 1-23 13:28     - 55 12  161 26  46.37 0.43  0.0    5 27.5 13.9       689
  690 2021- 1-23 14:06     - 54 57  162 48   4.93 0.03  0.0    5  5.1 11.4       690
  SEQ ---DATE--- TIME REMARK -LAT-  --LON-  DEPTH  RMS PMAG  NUM  ERH  ERZ  ID
  691 2021- 1-23 14:06     - 55  9  161 45   0.26 0.06  0.0    5  1.8 10.7       691
  692 2021- 1-23 14:06       55 16  161 47   5.92 0.09  0.0    5  2.2  0.5       692
 *** DISTANCE & RESIDUAL WEIGHTING CANCELLED FOR EVENT: 2021  1 23 15 49
  693 2021- 1-23 15:49     - 55 36  162 18   5.00 0.40  0.0    4 14.1 28.9       693
  694 2021- 1-23 16:56     - 55  2  161 32   0.03 0.23  0.0    7 16.3  4.0       694
  695 2021- 1-23 16:56       54 52  161 52   0.85 0.23  0.0    6 13.8  3.0       695
 *** DISTANCE & RESIDUAL WEIGHTING CANCELLED FOR EVENT: 2021  1 23 17 16
  696 2021- 1-23 17:16     # 55 16  161 44   5.00 0.74  0.0    4 21.1  5.4       696
  697 2021- 1-23 19:28     - 54 54  162 48   4.86 0.03  0.0    4  5.2 11.6       697
  698 2021- 1-23 19:28     # 55  9  161 46   0.21 0.15  0.0    8  2.3 12.0       698
  699 2021- 1-23 19:28       55 11  161 46   8.33 0.18  0.0    6  1.9  5.0       699
  700 2021- 1-23 21:06     - 55  3  161 34  24.63 0.16  0.0    6 13.1  5.5       700
  701 2021- 1-23 21:06     - 55  9  161 51   6.59 0.07  0.0    5  9.5  9.6       701
 *** DISTANCE & RESIDUAL WEIGHTING CANCELLED FOR EVENT: 2021  1 23 21 14
  702 2021- 1-23 21:14     - 55 16  161 39  29.10 0.23  0.0    4 23.0  3.0       702
  703 2021- 1-23 22:28     - 54 59  161 28  25.81 0.19  0.0    8 15.8  5.1       703
  704 2021- 1-23 22:28     - 55  4  160 56   5.03 0.15  0.0    5 15.1 15.8       704
  705 2021- 1-24  0:41     - 54 57  162 30  21.04 0.06  0.0    5 10.0  7.6       705
  SEQ ---DATE--- TIME REMARK -LAT-  --LON-  DEPTH  RMS PMAG  NUM  ERH  ERZ  ID
  706 2021- 1-24  0:41     - 55 13  163 29   5.03 0.26  0.0    4 21.9 24.5       706
  707 2021- 1-24  4:43     - 55  3  161 26  22.47 0.23  0.0    7 18.4  6.1       707
  708 2021- 1-24  4:43     - 54 54  161  6  27.62 0.26  0.0    8 17.6  2.6       708
  709 2021- 1-24  6:46     - 54 40  161 21  22.96 0.18  0.0   10 14.1  3.1       709
  710 2021- 1-24  6:46     - 54 28  161  8  17.25 0.18  0.0    8 14.5  3.8       710
 *** DISTANCE & RESIDUAL WEIGHTING CANCELLED FOR EVENT: 2021  1 24  7 42
  711 2021- 1-24  7:42     # 55 20  161 56  11.30 0.83  0.0    5  8.0 12.1       711
  712 2021- 1-24 10:39     - 54 50  161 15  25.65 0.18  0.0   10 16.3  3.9       712
  713 2021- 1-24 10:39     - 54 51  161 13   5.02 0.23  0.0    5 17.4 22.4       713
  714 2021- 1-24 11:56     - 54 57  160 54   5.61 0.09  0.0    5  6.0 13.1       714
 *** DISTANCE & RESIDUAL WEIGHTING CANCELLED FOR EVENT: 2021  1 24 12 12
  715 2021- 1-24 12:12     # 55 14  161 52  10.13 0.33  0.0    4  9.7  8.5       715
  716 2021- 1-24 12:22     - 54 56  161  1  29.55 0.15  0.0   10 13.5  2.2       716
  717 2021- 1-24 12:21     - 54 42  160 27  37.74 0.27  0.0    9 20.3 23.5       717
  718 2021- 1-24 13:54     # 54 58  161 24  24.39 0.23  0.0    8  4.5  6.9       718
 *** DISTANCE & RESIDUAL WEIGHTING CANCELLED FOR EVENT: 2021  1 24 13 54
  719 2021- 1-24 13:54     - 54 56  161 25   5.00 0.70  0.0    6 26.4 52.7       719
 *** DISTANCE & RESIDUAL WEIGHTING CANCELLED FOR EVENT: 2021  1 24 13 55
  720 2021- 1-24 13:55     # 55 12  162  3  10.82 0.54  0.0    5  3.9  9.6       720
  SEQ ---DATE--- TIME REMARK -LAT-  --LON-  DEPTH  RMS PMAG  NUM  ERH  ERZ  ID
  721 2021- 1-24 13:55     - 54 53  161 17  28.55 0.18  0.0    6 18.4 11.2       721
  722 2021- 1-24 13:55       55 12  162  3  19.44 0.01  0.0    4  2.0  3.7       722
  723 2021- 1-24 15:10     - 54 51  161 17  33.74 0.17  0.0    6 17.2  9.2       723
  724 2021- 1-24 15:11       55 14  162  6   2.16 0.00  0.0    4  0.9  5.4       724
  725 2021- 1-24 16:09     - 54 33  162  8   5.14 0.07  0.0    7  5.7 12.3       725
  726 2021- 1-24 16:55       54 46  160 31   2.73 0.18  0.0   16  2.4  4.3       726
  727 2021- 1-24 18:57     - 54 57  161 27  26.87 0.19  0.0   10 16.4  5.0       727
  728 2021- 1-24 18:57     - 54 34  160 46  31.01 0.50  0.0   11 35.5 43.5       728
 *** DISTANCE & RESIDUAL WEIGHTING CANCELLED FOR EVENT: 2021  1 24 19 12
  729 2021- 1-24 19:12     - 55  1  161 53   6.33 0.19  0.0    4 17.5  1.1       729
  730 2021- 1-24 19:21     - 55  9  161 15   8.89 0.08  0.0    5 11.1 10.9       730
  731 2021- 1-24 19:36     - 55  7  161 26  10.26 0.27  0.0    4 18.8 21.6       731
  732 2021- 1-24 20:52     - 55  7  161 12  15.28 0.17  0.0    4 18.2 14.7       732
  733 2021- 1-24 21:12     - 55  1  161 34  22.68 0.20  0.0    6 16.0  4.8       733
  734 2021- 1-24 21:12     - 54 56  161 30  25.43 0.02  0.0    4 10.9  2.8       734
  735 2021- 1-24 21:16     - 54 23  161 54   4.96 0.16  0.0   15  7.6 16.3       735
  SEQ ---DATE--- TIME REMARK -LAT-  --LON-  DEPTH  RMS PMAG  NUM  ERH  ERZ  ID
  736 2021- 1-24 22:43     - 54 55  160 60  27.56 0.15  0.0   10 14.8  2.6       736
  737 2021- 1-24 22:43     - 54 56  161  3  18.39 0.23  0.0    7 14.8 19.1       737
  738 2021- 1-24 22:45     - 55  5  161 23  16.04 0.17  0.0    5 14.1 12.2       738
  739 2021- 1-24 22:45     - 54 49  160 55  33.43 0.26  0.0    5 21.7 24.1       739
  740 2021- 1-24 23:13     - 54 49  161  9  31.69 0.17  0.0    9 16.2  1.4       740
  741 2021- 1-24 23:13     - 54 41  161  7  24.99 0.16  0.0    8 11.9  7.6       741
  742 2021- 1-25  4:42       55 15  161 24   5.09 0.10  0.0    6  1.3  1.1       742
  743 2021- 1-25  5:26     - 54 41  161  5   5.29 0.04  0.0    6  5.4 11.8       743
  744 2021- 1-25  5:35       55  8  161 30   3.34 0.12  0.0    5  4.8  1.8       744
  745 2021- 1-25  6:23     - 55  3  161 18  25.32 0.20  0.0    8 16.3  6.8       745
  746 2021- 1-25  6:23     - 54 44  160 46  16.64 0.41  0.0    8 26.4 36.2       746
  747 2021- 1-25  8:17     - 54 60  161 25  24.88 0.21  0.0    6 17.0  6.8       747
  748 2021- 1-25  8:17     - 54 50  161  8  17.25 0.21  0.0    4 16.0 21.2       748
  749 2021- 1-25 13:35     - 55  1  161 31   0.02 0.16  0.0    5 15.0  3.7       749
  750 2021- 1-25 13:35     - 55  1  161 36   0.03 0.30  0.0    4 20.8  4.5       750
  SEQ ---DATE--- TIME REMARK -LAT-  --LON-  DEPTH  RMS PMAG  NUM  ERH  ERZ  ID
  751 2021- 1-25 15:34     # 54 57  162 14   5.20 0.11  0.0    6  6.1  6.2       751
  752 2021- 1-25 15:34     - 54 32  164  1  13.42 0.41  0.0    5 28.5 29.6       752
  753 2021- 1-25 21:59       55  4  161 42   5.57 0.00  0.0    4  1.3  1.1       753
  754 2021- 1-26  1:51     - 55 23  161 49   0.10 0.02  0.0    4  0.8 10.8       754
  755 2021- 1-26  5:04     - 55 10  161 19   5.00 0.27  0.0    4 19.5 25.4       755
 *** DISTANCE & RESIDUAL WEIGHTING CANCELLED FOR EVENT: 2021  1 26  5  5
  756 2021- 1-26  5:04     - 55 14  161 45   7.04 0.21  0.0    4 11.6 17.7       756
  757 2021- 1-26  7:54     - 54 44  160 54   4.99 0.10  0.0    5  6.7 13.5       757
  758 2021- 1-26  9:19       54 48  160 22   3.93 0.00  0.0    4  3.3  2.9       758
 *** DISTANCE & RESIDUAL WEIGHTING CANCELLED FOR EVENT: 2021  1 26 13 38
  759 2021- 1-26 13:38     - 55 42  163  8   5.00 1.49  0.0    4 41.8 89.7       759
  760 2021- 1-26 14:33     - 55 11  163 10   5.08 0.22  0.0    8  8.3 17.9       760
  761 2021- 1-26 14:33     - 54 39  162 18   0.03 0.21  0.0    6 19.9  4.4       761
  762 2021- 1-26 15:22     - 55 11  161 48  23.57 0.05  0.0    4 11.5  5.6       762
  763 2021- 1-26 15:38     - 54 56  161  3  30.90 0.15  0.0    5 16.6  2.0       763
  764 2021- 1-26 15:38     - 54 54  161  5  22.03 0.40  0.0    4 30.1 25.5       764
 *** DISTANCE & RESIDUAL WEIGHTING CANCELLED FOR EVENT: 2021  1 26 16 12
  765 2021- 1-26 16:12     # 55 19  161 43  14.58 0.45  0.0    4 11.8  6.2       765
  SEQ ---DATE--- TIME REMARK -LAT-  --LON-  DEPTH  RMS PMAG  NUM  ERH  ERZ  ID
  766 2021- 1-26 16:12     - 54 41  161 19   5.08 0.29  0.0    4 24.1 26.4       766
 *** DISTANCE & RESIDUAL WEIGHTING CANCELLED FOR EVENT: 2021  1 26 19 19
  767 2021- 1-26 19:19     # 55 29  162  7  13.64 0.95  0.0    5 17.1 32.9       767
  768 2021- 1-26 19:36     - 54 32  161 45   5.09 0.21  0.0    9  8.7 18.2       768
  769 2021- 1-26 21:59     - 55 12  161 14   5.00 0.06  0.0    5 11.5 13.5       769
  770 2021- 1-26 21:59     - 55 11  160 40   5.00 0.10  0.0    4 13.1 13.9       770
  771 2021- 1-26 22:17     - 54 31  161 37   5.51 0.22  0.0   13  8.4 17.9       771
  772 2021- 1-26 22:24     - 55 33  162 36   4.03 0.13  0.0    5  5.3 12.0       772
 *** DISTANCE & RESIDUAL WEIGHTING CANCELLED FOR EVENT: 2021  1 26 22 30
  773 2021- 1-26 22:30     - 54 54  161  3   5.00 0.42  0.0    4 32.6 36.0       773
  774 2021- 1-26 23:38     - 55 15  163 28   0.03 0.70  0.0    9 25.3 52.0       774
  775 2021- 1-26 23:39     - 54 45  160 56  15.03 0.18  0.0   10 14.1 19.2       775
  776 2021- 1-26 23:39       55  0  161 35  38.82 0.15  0.0    8  5.8  3.1       776
  777 2021- 1-26 23:47     - 54 35  161 46   5.56 0.24  0.0   16  9.0 19.4       777
  778 2021- 1-27  0:29     - 54 25  160 51   0.19 0.10  0.0    8  6.2 13.6       778
  779 2021- 1-27  0:29     - 54 57  162 48   5.23 0.04  0.0    4  5.3 11.8       779
 *** DISTANCE & RESIDUAL WEIGHTING CANCELLED FOR EVENT: 2021  1 27  0 31
  780 2021- 1-27  0:31     - 54 60  163 29  87.05 0.17  0.0    4 15.1 11.7       780
 *** DISTANCE & RESIDUAL WEIGHTING CANCELLED FOR EVENT: 2021  1 27  0 37
  SEQ ---DATE--- TIME REMARK -LAT-  --LON-  DEPTH  RMS PMAG  NUM  ERH  ERZ  ID
  781 2021- 1-27  0:37     - 54 59  163  6   5.00 0.73  0.0    4 27.4 55.6       781
  782 2021- 1-27  1:20     - 55 37  160 52   4.73 0.34  0.0    7 12.2 27.6       782
  783 2021- 1-27  1:21       55 43  161 19  61.39 0.07  0.0    6  3.9  2.8       783
  784 2021- 1-27  1:40     - 55  6  161 15  10.25 0.10  0.0    4 14.2 13.6       784
 *** DISTANCE & RESIDUAL WEIGHTING CANCELLED FOR EVENT: 2021  1 27  1 40
  785 2021- 1-27  1:40     - 54 53  160 57   5.00 0.69  0.0    4 52.3 57.1       785
  786 2021- 1-27  1:42     - 54 55  161  9   5.00 0.14  0.0    4 15.9 16.4       786
  787 2021- 1-27  2:06     - 55  7  161 21   2.03 0.24  0.0    5 17.9  5.0       787
 *** DISTANCE & RESIDUAL WEIGHTING CANCELLED FOR EVENT: 2021  1 27  2  6
  788 2021- 1-27  2:06     - 54 55  160 53   5.03 0.37  0.0    4 30.0 32.4       788
  789 2021- 1-27  2:07     - 54 59  162 18  25.66 0.08  0.0    5  5.3 10.1       789
  790 2021- 1-27  2:07       55  0  162 15  16.65 0.04  0.0    5  3.0  7.0       790
  791 2021- 1-27  2:11     - 55 20  160 20   4.60 0.17  0.0    9  7.8 17.1       791
 *** DISTANCE & RESIDUAL WEIGHTING CANCELLED FOR EVENT: 2021  1 27  3  8
  792 2021- 1-27  3:08     - 55 16  161 32   7.20 0.01  0.0    4  3.4 10.4       792
  793 2021- 1-27  4:14     - 54 31  161 44   4.76 0.20  0.0    9  8.2 17.2       793
  794 2021- 1-27  4:24     - 55  3  161 29  27.85 0.19  0.0    8 15.3  5.0       794
 *** DISTANCE & RESIDUAL WEIGHTING CANCELLED FOR EVENT: 2021  1 27  4 24
  795 2021- 1-27  4:24     - 55  1  161 10   5.06 0.78  0.0    5 49.6 65.4       795
  SEQ ---DATE--- TIME REMARK -LAT-  --LON-  DEPTH  RMS PMAG  NUM  ERH  ERZ  ID
  796 2021- 1-27  4:46     - 54 56  160 49   4.95 0.22  0.0   17  8.1 17.3       796
  797 2021- 1-27  7:10     - 54 60  161 41  21.50 0.08  0.0    7 11.5  3.5       797
 *** DISTANCE & RESIDUAL WEIGHTING CANCELLED FOR EVENT: 2021  1 27  7 11
  798 2021- 1-27  7:10     - 55 34  161 36   5.00 0.42  0.0    4  8.4 36.8       798
 *** DISTANCE & RESIDUAL WEIGHTING CANCELLED FOR EVENT: 2021  1 27  7 10
  799 2021- 1-27  7:10     - 55 13  161  5   5.00 0.46  0.0    4 13.3 38.1       799
  800 2021- 1-27  7:47     - 55  3  161 37  32.91 0.07  0.0    5 12.5  5.2       800
  801 2021- 1-27  7:48     - 55 20  161 42   7.20 0.06  0.0    4 12.0  2.7       801
  802 2021- 1-27  8:54     - 54 21  161 23   4.68 0.67  0.0    4 47.2 50.6       802
  803 2021- 1-27  8:55     - 55  1  161 35   0.08 0.30  0.0    4 20.7  4.6       803
  804 2021- 1-27  9:06     - 54 25  161 58   4.20 0.27  0.0   15 10.7 22.8       804
  805 2021- 1-27  9:53     - 55 14  160 53   5.00 0.11  0.0    5 13.8 15.4       805
  806 2021- 1-27  9:53     - 55 12  159 56   5.02 0.10  0.0    5 13.1 14.0       806
 *** DISTANCE & RESIDUAL WEIGHTING CANCELLED FOR EVENT: 2021  1 27 11 40
  807 2021- 1-27 11:40     - 55  9  161 55   4.79 0.25  0.0    4  9.2 16.5       807
  808 2021- 1-27 13:40     - 55  8  161  4  33.08 0.17  0.0    9 14.3 17.7       808
  809 2021- 1-27 13:40     - 55  1  160 19  39.80 0.26  0.0    9 17.1 14.1       809
 *** DISTANCE & RESIDUAL WEIGHTING CANCELLED FOR EVENT: 2021  1 27 14  3
  810 2021- 1-27 14:03     - 55  1  160 58   5.01 0.25  0.0    4 22.6 23.7       810
  SEQ ---DATE--- TIME REMARK -LAT-  --LON-  DEPTH  RMS PMAG  NUM  ERH  ERZ  ID
  811 2021- 1-27 14:03     - 54 53  160 38   5.02 0.11  0.0    4 13.4 14.1       811
  812 2021- 1-27 15:20     - 55  3  161 33  23.75 0.17  0.0    7 14.2  4.2       812
  813 2021- 1-27 15:20     - 54 54  161  9  33.13 0.63  0.0    9 34.6 49.7       813
  814 2021- 1-27 15:31     - 55  7  161  7  29.73 0.18  0.0    8 14.7  6.4       814
  815 2021- 1-27 15:31     - 55  4  160 16  12.56 0.22  0.0    5 20.5 21.9       815
 *** DISTANCE & RESIDUAL WEIGHTING CANCELLED FOR EVENT: 2021  1 27 15 32
  816 2021- 1-27 15:32     # 55 25  161 49   9.99 0.66  0.0    4 10.1 17.6       816
  817 2021- 1-27 16:11     - 55 10  160 59   5.00 0.13  0.0    7 13.1 16.2       817
  818 2021- 1-27 16:11     - 55  8  159 35   5.19 0.09  0.0    5 10.4  9.4       818
  819 2021- 1-27 16:46     - 54 35  161 16   4.98 0.20  0.0   17  7.1 15.1       819
  820 2021- 1-27 18:18     - 54 56  161 31  30.71 0.20  0.0    7 14.7  4.8       820
  821 2021- 1-27 18:18     - 54 54  161 32  16.13 0.44  0.0    5 33.7  3.2       821
  822 2021- 1-27 19:30       54 58  162 29  20.72 0.06  0.0    5  4.6  3.2       822
 *** DISTANCE & RESIDUAL WEIGHTING CANCELLED FOR EVENT: 2021  1 27 19 31
  823 2021- 1-27 19:31     - 54 58  162 30   5.00 0.97  0.0    4 77.9  7.6       823
 *** DISTANCE & RESIDUAL WEIGHTING CANCELLED FOR EVENT: 2021  1 27 20 54
  824 2021- 1-27 20:54     - 54 59  163  8   5.09 0.35  0.0    4 25.6 31.2       824
  825 2021- 1-27 21:14     - 54 29  161 51   4.93 0.20  0.0    9  8.4 17.9       825
  SEQ ---DATE--- TIME REMARK -LAT-  --LON-  DEPTH  RMS PMAG  NUM  ERH  ERZ  ID
  826 2021- 1-27 21:23       54 57  162 16   3.31 0.10  0.0    5  2.6  4.1       826
  827 2021- 1-27 21:23     - 54 58  162 16   0.13 0.05  0.0    4  1.5 12.9       827
 *** DISTANCE & RESIDUAL WEIGHTING CANCELLED FOR EVENT: 2021  1 27 21 51
  828 2021- 1-27 21:51     - 54 58  163  9   5.00 1.05  0.0    5 36.5 79.6       828
  829 2021- 1-27 22:16     - 54 59  161 32  25.37 0.09  0.0    7 12.1  3.5       829
  830 2021- 1-27 22:16     - 54 42  160 58  34.75 0.21  0.0    7 19.5 19.9       830
  831 2021- 1-27 23:29     - 55  5  160 51   5.00 0.33  0.0   10 25.0 30.4       831
  832 2021- 1-27 23:29     - 55 41  162 11   4.81 0.26  0.0    4 14.2 24.7       832
  833 2021- 1-28  3:30     - 55  8  163 20   4.87 0.02  0.0    4  5.4 11.4       833
  834 2021- 1-28  4:36     - 55  1  161 23  30.77 0.21  0.0    7 17.8  5.7       834
  835 2021- 1-28  4:37     - 55  3  161 38  40.57 0.15  0.0    4 15.4  6.3       835
 *** DISTANCE & RESIDUAL WEIGHTING CANCELLED FOR EVENT: 2021  1 28  4 54
  836 2021- 1-28  4:54     - 55 12  161 22   5.00 0.28  0.0    4 19.8 26.1       836
 *** DISTANCE & RESIDUAL WEIGHTING CANCELLED FOR EVENT: 2021  1 28  5  2
  837 2021- 1-28  5:02     - 54 48  162 17   4.24 0.60  0.0    6 21.4 46.2       837
 *** DISTANCE & RESIDUAL WEIGHTING CANCELLED FOR EVENT: 2021  1 28  5  2
  838 2021- 1-28  5:02     # 55  7  161 53  13.42 1.04  0.0    4 40.3 30.0       838
 *** DISTANCE & RESIDUAL WEIGHTING CANCELLED FOR EVENT: 2021  1 28  6 36
  839 2021- 1-28  6:36     - 55  5  161  5   5.00 1.06  0.0    4 74.5 87.9       839
  840 2021- 1-28  6:46     - 55 24  160 55  41.50 0.15  0.0    9 12.9  6.5       840
  SEQ ---DATE--- TIME REMARK -LAT-  --LON-  DEPTH  RMS PMAG  NUM  ERH  ERZ  ID
  841 2021- 1-28  6:46     - 55 15  159 57   6.80 0.34  0.0    8 24.4 30.8       841
  842 2021- 1-28  7:30     # 54 55  162 10   0.04 0.09  0.0    6  9.5  4.5       842
  843 2021- 1-28  7:30     - 54 50  162 18   5.02 0.18  0.0    5 17.4 18.4       843
  844 2021- 1-28  8:01     - 54 36  161 16  23.65 0.05  0.0    6  2.4  9.1       844
  845 2021- 1-28 10:11     - 54 23  161 17   2.45 0.14  0.0    6  7.1 15.2       845
  846 2021- 1-28 10:11     - 55  9  161 35   5.06 0.02  0.0    4 11.6  1.6       846
  847 2021- 1-28 10:39     - 54 23  161 55   4.83 0.15  0.0    6  7.5 16.1       847
  848 2021- 1-28 11:14     - 54 31  161  9  34.37 0.18  0.0   12  2.4 18.8       848
  849 2021- 1-28 16:46     - 54 59  161 14  25.58 0.24  0.0    9 19.0  9.5       849
  850 2021- 1-28 16:46     - 54 41  160 44  16.49 0.17  0.0    8 13.0 18.6       850
  851 2021- 1-28 18:14     - 54 56  162 35   6.88 0.02  0.0    4  8.8  8.9       851
  852 2021- 1-28 18:16     - 55 15  163  7  39.42 0.10  0.0    4  6.5 13.8       852
  853 2021- 1-28 18:32     - 54 57  162 40   7.56 0.03  0.0    4  9.4  8.4       853
  854 2021- 1-28 18:32     - 54 56  162 33   9.82 0.27  0.0    4 19.9  8.3       854
  855 2021- 1-28 19:21     - 55  2  161  7   5.00 0.17  0.0    6 16.9 18.9       855
  SEQ ---DATE--- TIME REMARK -LAT-  --LON-  DEPTH  RMS PMAG  NUM  ERH  ERZ  ID
  856 2021- 1-28 19:21     - 55 12  161  3   5.07 0.19  0.0    4 18.1 19.3       856
  857 2021- 1-28 20:22     - 55  5  161  4   5.00 0.24  0.0    8 20.6 23.5       857
  858 2021- 1-28 20:22     # 55  9  161 19  16.76 0.09  0.0    8  5.4  0.5       858
  859 2021- 1-29  0:16     - 54 50  161 16  30.21 0.24  0.0   10 19.2  2.0       859
  860 2021- 1-29  0:16       55 10  161 58  32.91 0.01  0.0    4  5.1  2.2       860
 *** DISTANCE & RESIDUAL WEIGHTING CANCELLED FOR EVENT: 2021  1 29  0 17
  861 2021- 1-29  0:16     # 55 11  161 56   5.01 0.75  0.0    4 27.3 17.3       861
 *** DISTANCE & RESIDUAL WEIGHTING CANCELLED FOR EVENT: 2021  1 29  1 20
  862 2021- 1-29  1:20     # 54 56  162  7   5.00 0.97  0.0    5 41.5 37.3       862
  863 2021- 1-29  3:20     - 55  3  161 34   5.00 0.06  0.0    4 10.6 13.4       863
  864 2021- 1-29  5:23     - 55  5  161 27  24.32 0.17  0.0    6 14.4  4.9       864
  865 2021- 1-29  5:23     - 54 53  160 39   5.03 0.22  0.0    4 19.6 20.7       865
  866 2021- 1-29  6:34     - 55 45  161 27   6.19 0.27  0.0    8  9.8 17.3       866
  867 2021- 1-29  6:35     - 55 19  162  5   2.47 0.06  0.0    4  2.2 10.4       867
  868 2021- 1-29  9:19       55 33  161 51   5.77 0.20  0.0   14  0.7  1.1       868
  869 2021- 1-29 11:42     - 54 43  161  9  24.74 0.19  0.0   11 15.1  7.0       869
  870 2021- 1-29 11:42     - 54 33  160 49  32.57 0.30  0.0    9 21.3 28.0       870
 *** DISTANCE & RESIDUAL WEIGHTING CANCELLED FOR EVENT: 2021  1 29 12  9
  SEQ ---DATE--- TIME REMARK -LAT-  --LON-  DEPTH  RMS PMAG  NUM  ERH  ERZ  ID
  871 2021- 1-29 12:09     - 55 31  161 56   5.00 0.32  0.0    4 18.6 11.2       871
  872 2021- 1-29 12:09       55 22  161 50  13.54 0.00  0.0    4  1.7  3.7       872
  873 2021- 1-29 13:27     - 55  7  161  2  12.32 0.14  0.0    7 12.4 15.0       873
  874 2021- 1-29 13:28     - 54 56  160 45   5.01 0.27  0.0    4 22.7 24.1       874
  875 2021- 1-29 13:27     - 54  1  163 16   3.80 0.17  0.0    4 14.1 11.0       875
  876 2021- 1-29 14:57     - 54 54  161 43  21.10 0.15  0.0    6 13.1  5.8       876
 *** DISTANCE & RESIDUAL WEIGHTING CANCELLED FOR EVENT: 2021  1 29 14 58
  877 2021- 1-29 14:57     - 54 60  161 28   0.03 0.49  0.0    4 33.5  7.9       877
  878 2021- 1-29 21:11     - 54 35  161 17  33.36 0.16  0.0   12  2.1 18.2       878
  879 2021- 1-29 21:11     - 54 43  160 57   5.05 0.11  0.0    5 13.2 13.9       879
  880 2021- 1-29 23:59     - 55 22  162 17   7.12 0.03  0.0    4  1.3 12.7       880
  881 2021- 1-30  5:15     - 55 26  161 23  22.18 0.01  0.0    4 11.6  6.6       881
  882 2021- 1-30  5:15     - 55 29  161 14  30.11 0.10  0.0    4 13.0  6.6       882
  883 2021- 1-30  6:22     - 54 36  160 53  40.93 0.45  0.0   10 10.4 30.6       883
  884 2021- 1-30  8:39       55 28  161 55   7.47 0.00  0.0    4  2.4  6.8       884
  885 2021- 1-30 12:40     - 55  6  161 29  18.70 0.07  0.0    4 12.4  2.9       885
  SEQ ---DATE--- TIME REMARK -LAT-  --LON-  DEPTH  RMS PMAG  NUM  ERH  ERZ  ID
  886 2021- 1-30 12:42     - 55  1  161 13  18.52 0.24  0.0    8 17.8 12.8       886
  887 2021- 1-30 12:42     - 54 45  160 46  30.75 0.22  0.0    7 16.1 21.9       887
  888 2021- 1-30 14:42     - 55  8  161 28   4.08 0.06  0.0    4 12.9  8.8       888
  889 2021- 1-30 15:54     - 55  9  161  5   5.00 0.16  0.0    5 16.3 18.1       889
  890 2021- 1-30 15:54     - 55  7  160 34   5.01 0.35  0.0    5 27.6 31.0       890
  891 2021- 1-30 16:39     - 55 13  161 23   0.27 0.06  0.0    4 12.9 13.6       891
 *** DISTANCE & RESIDUAL WEIGHTING CANCELLED FOR EVENT: 2021  1 30 16 39
  892 2021- 1-30 16:39     - 54 60  160 40   5.66 0.81  0.0    5 61.1 67.4       892
  893 2021- 1-30 17:50     - 55  1  162 20   4.81 0.06  0.0    5  9.1  9.2       893
 *** DISTANCE & RESIDUAL WEIGHTING CANCELLED FOR EVENT: 2021  1 30 17 51
  894 2021- 1-30 17:51     - 55  1  162 14   4.83 0.36  0.0    4 23.1 18.0       894
  895 2021- 1-30 17:56     - 54 58  161 38  26.89 0.12  0.0    5 13.8  5.4       895
  896 2021- 1-30 17:57       55 10  161 58   4.85 0.01  0.0    5  0.7  1.1       896
  897 2021- 1-30 18:13     - 54 34  161 17   5.07 0.18  0.0   17  7.0 15.0       897
  898 2021- 1-30 18:26     - 55  1  161 36  20.58 0.14  0.0    6 13.2  3.6       898
  899 2021- 1-30 18:26       55  9  161 51  10.10 0.00  0.0    4  5.2  4.0       899
  900 2021- 1-30 19:12     - 54 47  161 11   5.24 0.25  0.0   19  7.7 16.2       900
  SEQ ---DATE--- TIME REMARK -LAT-  --LON-  DEPTH  RMS PMAG  NUM  ERH  ERZ  ID
  901 2021- 1-30 19:18       54 53  161 24  35.21 0.23  0.0    6  6.8  9.5       901
  902 2021- 1-30 20:11     - 55  5  163 27   5.27 0.28  0.0    8 11.5 23.8       902
  903 2021- 1-30 20:11     - 54 22  161 35   6.67 0.17  0.0    7 14.1  3.9       903
  904 2021- 1-30 20:48     - 54 30  161 41   4.00 0.19  0.0   10  8.5 17.7       904
  905 2021- 1-30 20:55     - 54 14  161 39   2.17 0.10  0.0    5  6.5 13.6       905
 *** DISTANCE & RESIDUAL WEIGHTING CANCELLED FOR EVENT: 2021  1 30 20 56
  906 2021- 1-30 20:55     - 54 60  161 40   4.96 0.53  0.0    4 43.7  4.8       906
  907 2021- 1-30 21:39     - 54 38  161 41   5.67 0.28  0.0   15  9.8 21.2       907
  908 2021- 1-30 21:46     - 55  3  161  4  23.03 0.18  0.0    4 18.8 15.0       908
 *** DISTANCE & RESIDUAL WEIGHTING CANCELLED FOR EVENT: 2021  1 30 23  5
  909 2021- 1-30 23:05     # 55  5  161 44  21.75 0.42  0.0    5 21.0 10.5       909
  910 2021- 1-31  0:52     # 54 37  161 55  56.88 0.26  0.0    9  7.5  7.0       910
  911 2021- 1-31  1:00     - 54 28  161 31   4.89 0.16  0.0   11  7.3 15.9       911
  912 2021- 1-31  1:01     - 55  3  161 35   1.35 0.21  0.0    5  9.9 21.4       912
 *** DISTANCE & RESIDUAL WEIGHTING CANCELLED FOR EVENT: 2021  1 31  1 56
  913 2021- 1-31  1:56     - 55  9  161 25   5.00 0.25  0.0    4 23.8  7.9       913
  914 2021- 1-31  5:23     - 54 54  161 14  21.94 0.20  0.0    7 18.4 11.4       914
  915 2021- 1-31  5:23     - 54 55  161 14  21.69 0.17  0.0    5 18.0  5.9       915
  SEQ ---DATE--- TIME REMARK -LAT-  --LON-  DEPTH  RMS PMAG  NUM  ERH  ERZ  ID
  916 2021- 1-31  5:26     - 54 54  161 17  30.36 0.20  0.0    9 14.9  1.9       916
  917 2021- 1-31  5:27     - 54 45  161 11  30.58 0.10  0.0    6 11.0  1.5       917
  918 2021- 1-31  6:25     - 55 11  161 22  11.41 0.11  0.0    5  4.0 10.6       918
  919 2021- 1-31  6:26       55 13  161 25  14.09 0.00  0.0    4  2.7  6.1       919
  920 2021- 1-31  6:26     - 54 52  161 10  26.37 0.21  0.0    7 19.8 10.5       920
  921 2021- 1-31  6:26     - 54 46  161 11  20.52 0.06  0.0    4 12.4  9.3       921
  922 2021- 1-31  7:34     - 54 58  161 24  21.60 0.19  0.0    8 16.1  6.2       922
  923 2021- 1-31  7:35     - 54 51  161 18  17.99 0.32  0.0    6 21.2 27.2       923
  924 2021- 1-31  7:45     - 55  7  161  8  29.64 0.19  0.0    4 19.3 14.2       924
  925 2021- 1-31  7:45     - 54 58  160 56   6.66 0.17  0.0    4 18.0 18.8       925
  926 2021- 1-31 12:24     - 55  3  161 17   5.00 0.29  0.0    5 21.8 27.3       926
 *** DISTANCE & RESIDUAL WEIGHTING CANCELLED FOR EVENT: 2021  1 31 13 37
  927 2021- 1-31 13:37     - 54 58  162 15   6.05 0.10  0.0    4 11.7  2.9       927
  928 2021- 1-31 13:41     - 54 39  161 36   5.00 0.17  0.0    6 16.2 18.8       928
  929 2021- 1-31 13:46     - 54 53  162 12   2.67 0.03  0.0    5 10.3  6.9       929
  930 2021- 1-31 13:57     - 55  3  161 22   5.00 0.11  0.0    4 13.6 15.3       930
  SEQ ---DATE--- TIME REMARK -LAT-  --LON-  DEPTH  RMS PMAG  NUM  ERH  ERZ  ID
  931 2021- 1-31 16:00     - 55 12  162 54   5.01 0.22  0.0    4 17.4 22.0       931
  932 2021- 1-31 17:46       55 19  161 54  14.81 0.08  0.0    6  2.1  1.0       932
  933 2021- 1-31 18:09       54 55  162 12   8.41 0.07  0.0    5  4.0  5.8       933
 *** DISTANCE & RESIDUAL WEIGHTING CANCELLED FOR EVENT: 2021  1 31 18 12
  934 2021- 1-31 18:11     - 54 55  162 20   5.00 0.98  0.0    4 64.4 81.8       934
  935 2021- 1-31 18:32     - 55 13  162 19   0.49 0.42  0.0    4 22.3 34.2       935
  936 2021- 1-31 20:52     - 54 60  162 18   1.27 0.05  0.0    5  3.0 11.7       936
 *** DISTANCE & RESIDUAL WEIGHTING CANCELLED FOR EVENT: 2021  1 31 22 31
  937 2021- 1-31 22:30     - 54 44  162 46   5.00 0.81  0.0    4 60.9 66.6       937
  938 2021- 1-31 22:30     - 55 19  161 42   5.01 0.05  0.0    4  9.8  3.6       938
 *** DISTANCE & RESIDUAL WEIGHTING CANCELLED FOR EVENT: 2021  1 31 23 24
  939 2021- 1-31 23:24     # 55 14  162 13   5.00 2.05  0.0    4 92.6 23.1       939
  940 2021- 2- 1  0:03     - 55 10  163 12   6.89 0.27  0.0    8  3.8 25.9       940
  941 2021- 2- 1  0:04     - 54 53  162 16   5.01 0.10  0.0    5 12.7  5.5       941
 *** DISTANCE & RESIDUAL WEIGHTING CANCELLED FOR EVENT: 2021  2  1  3 27
  942 2021- 2- 1  3:27     # 55  8  162  0   5.00 1.24  0.0    4 19.0 65.6       942
  943 2021- 2- 1  3:47       55 18  161 19  28.54 0.09  0.0    7  8.7  4.2       943
  944 2021- 2- 1  3:48     - 55 14  161 10   5.01 0.18  0.0    5 15.0 19.0       944
  945 2021- 2- 1  4:24     - 55  1  161 28  27.14 0.19  0.0    7 17.0  5.4       945
  SEQ ---DATE--- TIME REMARK -LAT-  --LON-  DEPTH  RMS PMAG  NUM  ERH  ERZ  ID
  946 2021- 2- 1  4:24     - 55 12  161 56   1.08 0.39  0.0    4  3.0 29.2       946
  947 2021- 2- 1  4:32     - 54 30  161 44   4.83 0.17  0.0   14  7.5 16.0       947
  948 2021- 2- 1  4:48     - 55  6  161 22   9.87 0.13  0.0    5  5.1 14.5       948
 *** DISTANCE & RESIDUAL WEIGHTING CANCELLED FOR EVENT: 2021  2  1  4 48
  949 2021- 2- 1  4:48     # 55 13  161 50   2.03 0.75  0.0    5  5.1 27.5       949
  950 2021- 2- 1  8:20     - 54 56  161 14  11.37 0.11  0.0    4  3.3 14.8       950
 *** DISTANCE & RESIDUAL WEIGHTING CANCELLED FOR EVENT: 2021  2  1  9 58
  951 2021- 2- 1  9:57     - 54 44  161  4   5.00 0.85  0.0    4 63.7 67.4       951
  952 2021- 2- 1 13:02     - 55  3  163 12   6.76 0.46  0.0    5  6.5 40.6       952
  953 2021- 2- 1 15:49     - 54 54  161  2  31.94 0.23  0.0   11 17.3  1.8       953
  954 2021- 2- 1 15:49     - 54 41  160 39  34.20 0.57  0.0   11 34.7 47.7       954
 *** DISTANCE & RESIDUAL WEIGHTING CANCELLED FOR EVENT: 2021  2  1 17 22
  955 2021- 2- 1 17:22     - 55 29  162 36   5.00 0.27  0.0    4  8.8 22.5       955
  956 2021- 2- 1 17:28     - 55  0  161 13  31.00 0.19  0.0    7 18.1  7.5       956
  957 2021- 2- 1 17:28     - 54 46  160 45  27.13 0.47  0.0    7 38.0  7.6       957
 *** DISTANCE & RESIDUAL WEIGHTING CANCELLED FOR EVENT: 2021  2  1 18 25
  958 2021- 2- 1 18:25     - 55  9  161 20   1.96 0.19  0.0    4 14.0  3.7       958
 *** DISTANCE & RESIDUAL WEIGHTING CANCELLED FOR EVENT: 2021  2  1 19 17
  959 2021- 2- 1 19:17     - 55  9  160 56   5.01 0.64  0.0    4 44.1 54.4       959
  960 2021- 2- 1 19:17     - 54 46  160 40   5.14 0.13  0.0    7  6.9 15.0       960
  SEQ ---DATE--- TIME REMARK -LAT-  --LON-  DEPTH  RMS PMAG  NUM  ERH  ERZ  ID
  961 2021- 2- 1 20:17     - 54 36  161 16   5.00 0.16  0.0   16  6.5 13.6       961
  962 2021- 2- 2  3:43     - 55 18  162 48   4.45 1.22  0.0    6 36.4 81.0       962
  963 2021- 2- 2  7:32     - 54 54  160 60  30.40 0.26  0.0    8 22.1  2.8       963
  964 2021- 2- 2  7:32     - 54 59  161 23  27.11 0.17  0.0    6 14.6  3.4       964
 *** DISTANCE & RESIDUAL WEIGHTING CANCELLED FOR EVENT: 2021  2  2  8 29
  965 2021- 2- 2  8:28     - 55  8  161 26  39.13 0.39  0.0    4 28.5 13.2       965
  966 2021- 2- 2  9:34     - 54 56  161  7  11.65 0.18  0.0    5 13.2 14.2       966
  967 2021- 2- 2  9:34     # 55  5  161 44  24.02 0.41  0.0    5 19.8 12.5       967
  968 2021- 2- 2 10:43       55 23  161 49   2.87 0.00  0.0    4  1.8  3.6       968
 *** DISTANCE & RESIDUAL WEIGHTING CANCELLED FOR EVENT: 2021  2  2 10 43
  969 2021- 2- 2 10:43     - 55  7  161 31  58.33 0.24  0.0    4 13.8 16.2       969
  970 2021- 2- 2 11:25     - 54 58  161 10  30.95 0.21  0.0    7 18.1  1.6       970
  971 2021- 2- 2 11:25     - 55  4  160 55   5.32 0.61  0.0    4 45.4 47.8       971
  972 2021- 2- 2 13:35     - 55  7  161 32  18.68 0.20  0.0    6 14.9  4.3       972
  973 2021- 2- 2 13:35     - 54 60  161  3  16.49 0.20  0.0    6 18.0 20.9       973
  974 2021- 2- 2 22:32     # 55  3  162  9   3.68 0.05  0.0    4  3.6  1.3       974
  975 2021- 2- 3  0:49     - 55  7  161 54  10.89 0.09  0.0    4  9.6  9.0       975
  SEQ ---DATE--- TIME REMARK -LAT-  --LON-  DEPTH  RMS PMAG  NUM  ERH  ERZ  ID
  976 2021- 2- 3  0:49       55 10  161 58   4.10 0.00  0.0    4  1.0  1.9       976
  977 2021- 2- 3  5:24     - 54 57  161 18   6.81 0.18  0.0    7 16.2 19.7       977
  978 2021- 2- 3  5:24     - 55  9  161 38   0.03 0.11  0.0    5  6.8 14.2       978
  979 2021- 2- 3  5:28     - 54 58  162 13   0.04 0.06  0.0    5  1.2 11.4       979
  980 2021- 2- 3  6:41       55  2  160 53  53.05 0.05  0.0    9  4.5  7.1       980
 *** DISTANCE & RESIDUAL WEIGHTING CANCELLED FOR EVENT: 2021  2  3  7 25
  981 2021- 2- 3  7:25     - 54 57  162 16   6.23 0.53  0.0    5 19.5 41.9       981
 *** DISTANCE & RESIDUAL WEIGHTING CANCELLED FOR EVENT: 2021  2  3  7 25
  982 2021- 2- 3  7:25     - 55 12  161 16   5.00 0.27  0.0    4 10.9 23.1       982
  983 2021- 2- 3  8:31     - 55  9  161 50  15.76 0.12  0.0    4  9.8  8.7       983
  984 2021- 2- 3  8:32       55  4  161 45  17.84 0.00  0.0    4  6.2  1.6       984
  985 2021- 2- 3  9:02     - 54 28  162 11   4.82 0.19  0.0    8  8.4 18.3       985
  986 2021- 2- 3 11:02     - 55  9  163 17   4.93 0.02  0.0    4  5.4 11.4       986
 *** DISTANCE & RESIDUAL WEIGHTING CANCELLED FOR EVENT: 2021  2  3 11 48
  987 2021- 2- 3 11:48     # 55 21  161 50   1.25 0.26  0.0    4  4.0 14.5       987
 *** DISTANCE & RESIDUAL WEIGHTING CANCELLED FOR EVENT: 2021  2  3 11 48
  988 2021- 2- 3 11:48     - 55  3  160 35   5.00 0.82  0.0    4 61.8 68.3       988
 *** DISTANCE & RESIDUAL WEIGHTING CANCELLED FOR EVENT: 2021  2  3 12  5
  989 2021- 2- 3 12:05     - 55  9  161 44   6.65 0.68  0.0    5 47.9 10.0       989
 *** DISTANCE & RESIDUAL WEIGHTING CANCELLED FOR EVENT: 2021  2  3 14  7
  990 2021- 2- 3 14:07     - 54 25  162  1  53.56 0.49  0.0    4 41.1 21.5       990
 *** DISTANCE & RESIDUAL WEIGHTING CANCELLED FOR EVENT: 2021  2  3 15 34
  SEQ ---DATE--- TIME REMARK -LAT-  --LON-  DEPTH  RMS PMAG  NUM  ERH  ERZ  ID
  991 2021- 2- 3 15:34     - 55 53  161 33   5.00 0.24  0.0    4 10.0 21.5       991
  992 2021- 2- 3 15:34     - 54 45  163 37  36.67 0.22  0.0    5  7.5 21.7       992
  993 2021- 2- 3 15:36     - 55  3  160 56  31.34 0.23  0.0   10 17.8  2.1       993
  994 2021- 2- 3 15:36     - 55  2  160 59   5.01 0.11  0.0    5 11.9 15.4       994
 *** DISTANCE & RESIDUAL WEIGHTING CANCELLED FOR EVENT: 2021  2  3 15 36
  995 2021- 2- 3 15:36     - 55  6  160 35   5.00 0.59  0.0    4 39.7 50.3       995
  996 2021- 2- 3 17:32     - 54 57  161 35  25.15 0.16  0.0    7 15.1  4.5       996
  997 2021- 2- 3 17:32     - 55  3  161 15   4.53 0.13  0.0    5  8.3 16.6       997
  998 2021- 2- 3 17:35       54 34  161 16  13.64 0.15  0.0   15  1.4  1.0       998
  999 2021- 2- 3 18:07     - 54 53  161 30  23.54 0.25  0.0   10 19.1  7.3       999
 1000 2021- 2- 3 18:07     - 54 41  161  9   5.06 0.26  0.0    5 21.1 24.8      1000
 1001 2021- 2- 3 21:42       55  4  161 36  20.25 0.17  0.0    7  2.1  1.8      1001
 1002 2021- 2- 3 22:08     - 55 16  161 37   9.90 0.02  0.0    4 10.9  4.3      1002
 1003 2021- 2- 3 22:17       55 18  161 17  27.58 0.20  0.0   11  3.8  5.4      1003
 1004 2021- 2- 3 22:33     - 54 46  161 40   5.00 0.09  0.0    5 12.2 14.6      1004
 *** DISTANCE & RESIDUAL WEIGHTING CANCELLED FOR EVENT: 2021  2  3 23 59
 1005 2021- 2- 3 23:59     - 55  7  161 20  31.13 0.49  0.0    4 36.8 17.6      1005
  SEQ ---DATE--- TIME REMARK -LAT-  --LON-  DEPTH  RMS PMAG  NUM  ERH  ERZ  ID
 1006 2021- 2- 4  1:09     - 54 53  161 34  16.67 0.12  0.0    7 14.8  1.1      1006
 1007 2021- 2- 4  1:09     - 54 54  161 34  16.47 0.34  0.0    7 24.7  1.4      1007
 1008 2021- 2- 4  1:18     - 54 54  161 21  22.12 0.18  0.0    7 17.2  7.5      1008
 1009 2021- 2- 4  1:18     # 55 10  161 54  36.64 0.17  0.0    6  6.5  7.1      1009
 1010 2021- 2- 4  2:01     - 55 14  163 26   2.36 0.67  0.0    8 24.5 50.0      1010
 1011 2021- 2- 4  4:21     - 54 34  163 20   5.39 0.15  0.0    6 11.0 16.1      1011
 1012 2021- 2- 4  6:06     - 55  0  161 10  21.34 0.22  0.0    9 17.5 10.3      1012
 1013 2021- 2- 4  6:07     - 54 47  160 36  33.84 0.36  0.0   11 22.2 32.2      1013
 1014 2021- 2- 4  6:09     - 54 59  161  6  28.40 0.16  0.0    9 14.5  2.9      1014
 1015 2021- 2- 4  6:09     - 54 60  161  3  17.23 0.19  0.0    6 13.4 19.7      1015
 1016 2021- 2- 4  6:32     - 55 11  161  7   5.01 0.29  0.0    8 20.3 27.3      1016
 1017 2021- 2- 4  6:32     - 55  3  160 12  73.36 0.06  0.0    6 13.0  6.6      1017
 1018 2021- 2- 4  7:21     - 55 29  161 40   2.98 0.37  0.0    5  7.1 25.2      1018
 1019 2021- 2- 4 10:35     - 55 18  161 38   0.98 0.00  0.0    4  2.5 10.3      1019
 1020 2021- 2- 4 12:19     - 54 58  162 20  13.07 0.03  0.0    6  7.0  7.8      1020
  SEQ ---DATE--- TIME REMARK -LAT-  --LON-  DEPTH  RMS PMAG  NUM  ERH  ERZ  ID
 1021 2021- 2- 4 12:19       54 58  162 19   9.82 0.01  0.0    5  4.9  6.1      1021
 1022 2021- 2- 4 12:39     - 55 20  163  4   5.14 0.34  0.0    7 10.1 31.0      1022
 1023 2021- 2- 4 14:11       54 56  162 14   3.93 0.00  0.0    4  4.1  1.3      1023
 *** DISTANCE & RESIDUAL WEIGHTING CANCELLED FOR EVENT: 2021  2  4 17 15
 1024 2021- 2- 4 17:15     - 55 10  161 19   5.00 0.73  0.0    4 45.7 61.6      1024
 1025 2021- 2- 4 17:22     - 54 51  161 10  27.37 0.26  0.0   10 18.2  3.0      1025
 1026 2021- 2- 4 17:22     - 54 41  160 45  32.85 0.38  0.0    9 25.6 33.4      1026
 1027 2021- 2- 4 19:28     - 54 30  161 46   5.02 0.21  0.0   12  8.5 18.1      1027
 1028 2021- 2- 4 20:24     - 55  7  160 41   5.23 0.14  0.0    8 13.6 16.8      1028
 1029 2021- 2- 4 20:25     - 55  8  160 28  28.14 0.18  0.0    8 15.6  3.2      1029
 1030 2021- 2- 5  4:13     - 54 49  160 58   5.00 0.19  0.0    8 18.2 19.8      1030
 1031 2021- 2- 5  4:13     - 55  2  161 30  28.18 0.32  0.0    5 24.1  8.6      1031
 1032 2021- 2- 5  4:19       55 18  161 40   6.46 0.02  0.0    5  6.8  0.7      1032
 1033 2021- 2- 5  4:19     - 55  8  160 53  11.77 0.15  0.0    4 13.0 12.5      1033
 *** DISTANCE & RESIDUAL WEIGHTING CANCELLED FOR EVENT: 2021  2  5  5 36
 1034 2021- 2- 5  5:36     # 54 58  162 12  11.07 0.00  0.0    4  3.3  7.7      1034
 1035 2021- 2- 5  6:29     - 54 47  161 10   4.79 0.18  0.0    4  8.1 17.5      1035
  SEQ ---DATE--- TIME REMARK -LAT-  --LON-  DEPTH  RMS PMAG  NUM  ERH  ERZ  ID
 1036 2021- 2- 5 12:14     - 55  5  161 27   0.90 0.15  0.0    5 12.7  3.3      1036
 *** DISTANCE & RESIDUAL WEIGHTING CANCELLED FOR EVENT: 2021  2  5 15 37
 1037 2021- 2- 5 15:37     - 55 10  161 26   2.77 0.15  0.0    4 12.8  3.4      1037
 1038 2021- 2- 5 15:56     - 55  7  161 26  30.11 0.16  0.0    4 16.1  7.3      1038
 1039 2021- 2- 5 16:09     - 55  8  162  4   2.29 0.23  0.0    5  1.9 19.9      1039
 *** DISTANCE & RESIDUAL WEIGHTING CANCELLED FOR EVENT: 2021  2  5 16  9
 1040 2021- 2- 5 16:09     - 54 58  162  0  12.57 0.12  0.0    4  8.2  9.7      1040
 1041 2021- 2- 5 16:17     - 55  1  161 38  32.47 0.09  0.0    5 11.0  7.5      1041
 1042 2021- 2- 5 16:17     - 55  1  161 37  42.45 0.10  0.0    5 12.9  5.6      1042
 1043 2021- 2- 5 16:22     - 55  1  161 40  19.81 0.14  0.0    7 12.7  3.3      1043
 1044 2021- 2- 5 16:22     - 54 59  161 38  24.67 0.12  0.0    5 13.9  4.4      1044
 1045 2021- 2- 5 17:07     - 54 55  161 26  24.64 0.21  0.0    8 18.6  6.7      1045
 1046 2021- 2- 5 17:07     - 54 43  161  2  17.90 0.23  0.0    7 13.5 22.1      1046
 *** DISTANCE & RESIDUAL WEIGHTING CANCELLED FOR EVENT: 2021  2  5 19 55
 1047 2021- 2- 5 19:55     # 55  7  161 45   4.89 0.40  0.0    4 20.1  4.8      1047
 1048 2021- 2- 5 20:31     - 54 50  162 51   4.79 0.13  0.0    5  6.8 14.7      1048
 1049 2021- 2- 5 20:46     - 55  7  162 13  11.53 0.33  0.0    4 30.4 26.6      1049
 1050 2021- 2- 5 21:45     # 55  3  161 27   1.20 0.41  0.0    8 18.1  4.8      1050
  SEQ ---DATE--- TIME REMARK -LAT-  --LON-  DEPTH  RMS PMAG  NUM  ERH  ERZ  ID
 1051 2021- 2- 5 21:45     - 54 39  161 12  22.56 0.22  0.0    9 18.2  4.1      1051
 1052 2021- 2- 6  0:21       55 15  162 35   5.00 1.21  0.0    6 10.1 20.4      1052
 1053 2021- 2- 6  2:27     - 54 57  161  4  33.88 0.27  0.0    8 20.7 16.7      1053
 1054 2021- 2- 6  2:27     - 55  3  161 17  32.29 0.14  0.0    5 14.7  0.7      1054
 1055 2021- 2- 6  5:02     - 54 56  160 24  40.87 0.15  0.0   12  2.7 14.6      1055
 1056 2021- 2- 6  5:46     - 54 40  160 42  13.31 0.10  0.0    9  6.5 13.1      1056
 1057 2021- 2- 6  5:55     - 54 59  161 35  20.79 0.07  0.0    6 11.9  2.3      1057
 *** DISTANCE & RESIDUAL WEIGHTING CANCELLED FOR EVENT: 2021  2  6  5 55
 1058 2021- 2- 6  5:55     - 55  5  161 42  11.74 0.38  0.0    4 23.9 15.7      1058
 1059 2021- 2- 6  6:03     - 55  6  162 57   5.01 0.08  0.0    9  4.9 10.9      1059
 1060 2021- 2- 6  6:04     - 54 48  162 50   5.30 0.15  0.0    5  7.5 16.1      1060
 *** DISTANCE & RESIDUAL WEIGHTING CANCELLED FOR EVENT: 2021  2  6  6 44
 1061 2021- 2- 6  6:43     - 54 31  162  9   4.99 0.54  0.0    4 19.6 42.5      1061
 1062 2021- 2- 6  7:15       55  6  161 45  21.01 0.09  0.0    6  2.3  3.8      1062
 1063 2021- 2- 6 12:04     - 54 50  161  3  25.93 0.18  0.0    9 13.5  3.0      1063
 1064 2021- 2- 6 12:04     - 55  2  161 37   6.13 0.16  0.0    5  4.0 17.9      1064
 1065 2021- 2- 6 16:23     - 54 52  161 16   5.00 0.20  0.0    7 17.2 20.7      1065
  SEQ ---DATE--- TIME REMARK -LAT-  --LON-  DEPTH  RMS PMAG  NUM  ERH  ERZ  ID
 1066 2021- 2- 6 16:24     - 55  7  161 56   6.13 0.07  0.0    4  9.5  5.5      1066
 1067 2021- 2- 6 16:39     - 54 58  161 24  21.58 0.15  0.0    7 14.0  6.3      1067
 *** DISTANCE & RESIDUAL WEIGHTING CANCELLED FOR EVENT: 2021  2  6 16 40
 1068 2021- 2- 6 16:40     # 55  3  161 37   9.83 0.62  0.0    7 15.8  6.8      1068
 1069 2021- 2- 6 16:49     - 55  3  161 19   0.02 0.39  0.0    7 25.9  6.1      1069
 *** DISTANCE & RESIDUAL WEIGHTING CANCELLED FOR EVENT: 2021  2  6 16 50
 1070 2021- 2- 6 16:50     # 55 15  162 20   9.93 0.60  0.0    5  3.8 25.3      1070
 1071 2021- 2- 6 18:39     - 54 36  161 15   5.16 0.17  0.0   17  6.6 13.9      1071
 1072 2021- 2- 6 19:35     - 54 36  161 18   5.11 0.15  0.0   17  6.4 13.6      1072
 1073 2021- 2- 6 19:50     - 54 36  161 17   5.08 0.16  0.0   16  6.5 13.8      1073
 1074 2021- 2- 6 20:12     - 54 35  161 17   4.86 0.21  0.0   12  8.4 18.0      1074
 1075 2021- 2- 6 20:15     - 54 36  161 18   5.10 0.18  0.0   17  7.0 14.8      1075
 1076 2021- 2- 6 20:19     - 54 36  161 17   5.07 0.16  0.0   16  6.2 13.2      1076
 *** DISTANCE & RESIDUAL WEIGHTING CANCELLED FOR EVENT: 2021  2  6 21 19
 1077 2021- 2- 6 21:19     - 55 12  162 45   5.10 0.33  0.0    4 13.8 30.4      1077
 1078 2021- 2- 6 22:38     - 55 55  162 35   4.86 0.11  0.0    6  7.2 14.1      1078
 *** DISTANCE & RESIDUAL WEIGHTING CANCELLED FOR EVENT: 2021  2  7  0 30
 1079 2021- 2- 7  0:29     - 55 14  162  8  13.15 3.28  0.0    4 97.5 60.7      1079
 1080 2021- 2- 7  0:37       55 19  161 41   1.84 0.00  0.0    4  4.6  7.5      1080
  SEQ ---DATE--- TIME REMARK -LAT-  --LON-  DEPTH  RMS PMAG  NUM  ERH  ERZ  ID
 1081 2021- 2- 7  1:21     - 55  8  160 58   5.01 0.34  0.0   10 23.3 31.1      1081
 1082 2021- 2- 7  1:21     - 55  9  160 34  27.96 0.18  0.0    9 15.5  3.3      1082
 1083 2021- 2- 7  1:43     - 55  3  161 23   2.24 0.10  0.0    7 14.4  3.4      1083
 *** DISTANCE & RESIDUAL WEIGHTING CANCELLED FOR EVENT: 2021  2  7  1 44
 1084 2021- 2- 7  1:44     # 55 15  162 27   5.45 0.84  0.0    4 10.1 24.8      1084
 1085 2021- 2- 7  1:58       54 34  161 22  29.47 0.12  0.0    9  2.9  0.7      1085
 1086 2021- 2- 7  3:18     - 55  9  161 19  14.25 0.16  0.0    5 17.2 12.9      1086
 *** DISTANCE & RESIDUAL WEIGHTING CANCELLED FOR EVENT: 2021  2  7  3 40
 1087 2021- 2- 7  3:40     - 54 22  162 32   5.01 1.29  0.0    4 99.0 90.0      1087
 1088 2021- 2- 7  3:42     - 55  1  160 55   5.00 0.23  0.0    8 18.8 22.7      1088
 1089 2021- 2- 7  3:42     - 55  2  160 51   5.03 0.18  0.0    7 16.1 19.5      1089
 *** DISTANCE & RESIDUAL WEIGHTING CANCELLED FOR EVENT: 2021  2  7  4 34
 1090 2021- 2- 7  4:34     # 55  2  161 58   5.00 1.06  0.0    6 16.0  9.0      1090
 1091 2021- 2- 7  4:49     - 55 20  161  1  33.68 0.16  0.0   10 14.6  7.3      1091
 *** DISTANCE & RESIDUAL WEIGHTING CANCELLED FOR EVENT: 2021  2  7  4 50
 1092 2021- 2- 7  4:50     - 55  9  161 35   1.93 0.95  0.0    4 66.3 24.4      1092
 *** DISTANCE & RESIDUAL WEIGHTING CANCELLED FOR EVENT: 2021  2  7  5 22
 1093 2021- 2- 7  5:22     - 54 49  161 17  57.66 0.76  0.0    5 54.0 27.2      1093
 1094 2021- 2- 7  7:33     - 55 42  161  3   5.01 0.34  0.0    7 24.0 31.0      1094
 1095 2021- 2- 7  7:59     - 55 25  162 28   9.76 0.45  0.0    5  6.9 35.8      1095
  SEQ ---DATE--- TIME REMARK -LAT-  --LON-  DEPTH  RMS PMAG  NUM  ERH  ERZ  ID
 1096 2021- 2- 7 12:34     - 55 39  163 14   5.10 0.08  0.0    5  5.9 12.7      1096
 *** DISTANCE & RESIDUAL WEIGHTING CANCELLED FOR EVENT: 2021  2  7 12 38
 1097 2021- 2- 7 12:38     - 55 44  163 13   5.00 0.39  0.0    5 14.9 31.6      1097
 1098 2021- 2- 7 13:04     - 55 16  161  9  32.75 0.12  0.0    8 11.8  0.9      1098
 1099 2021- 2- 7 13:04     - 55 54  162  6   5.02 0.31  0.0    4 21.3 28.3      1099
 1100 2021- 2- 7 17:57       55  5  161 47  15.48 0.15  0.0    5 11.1  5.6      1100
 1101 2021- 2- 7 17:57     - 54 58  162  2   3.04 0.12  0.0    4 13.4  2.6      1101
 *** DISTANCE & RESIDUAL WEIGHTING CANCELLED FOR EVENT: 2021  2  7 18 15
 1102 2021- 2- 7 18:15     # 55  7  161 43   3.03 0.34  0.0    4 19.1  7.2      1102
 1103 2021- 2- 7 19:33       55 10  161 53   4.55 0.24  0.0    6  2.5  2.7      1103
 1104 2021- 2- 7 20:17     - 54 58  161 12  26.04 0.25  0.0   10 19.2  8.9      1104
 1105 2021- 2- 7 20:17     - 54 45  160 53  26.93 0.16  0.0    8 14.0  3.0      1105
 1106 2021- 2- 7 20:24     - 54 42  161  5  26.04 0.15  0.0    8 13.8 12.0      1106
 1107 2021- 2- 7 20:25     - 55  6  161 38   0.41 0.07  0.0    6  1.4 12.7      1107
 1108 2021- 2- 7 21:56       54 58  162 14   3.27 0.05  0.0    6  1.0  2.1      1108
 1109 2021- 2- 8  2:30     - 55  3  161 30  21.59 0.14  0.0    5 12.6  5.6      1109
 1110 2021- 2- 8  2:30     - 54 41  161  2  33.38 0.47  0.0    4 35.0 39.9      1110
  SEQ ---DATE--- TIME REMARK -LAT-  --LON-  DEPTH  RMS PMAG  NUM  ERH  ERZ  ID
 1111 2021- 2- 8  3:28     - 54 48  161  4   5.00 0.17  0.0    8 16.7 18.8      1111
 *** DISTANCE & RESIDUAL WEIGHTING CANCELLED FOR EVENT: 2021  2  8  3 45
 1112 2021- 2- 8  3:45     - 54 19  161 33   4.53 0.36  0.0    4 13.6 29.5      1112
 1113 2021- 2- 8  4:17     # 55 20  162 17  15.86 1.25  0.0   10  6.1 42.8      1113
 1114 2021- 2- 8  4:31     - 55 20  161 10   8.79 0.25  0.0    8 17.8 22.2      1114
 1115 2021- 2- 8  4:31     - 55 24  161 12   5.01 0.38  0.0    4 28.5 33.4      1115
 1116 2021- 2- 8  4:37     - 54 59  161 27  24.91 0.23  0.0    7 17.6  6.0      1116
 1117 2021- 2- 8  4:38     - 54 59  161 31  23.28 0.02  0.0    5 10.2  1.8      1117
 1118 2021- 2- 8  4:42     - 54 56  161 16   5.00 0.14  0.0    5 14.2 17.0      1118
 *** DISTANCE & RESIDUAL WEIGHTING CANCELLED FOR EVENT: 2021  2  8  7 14
 1119 2021- 2- 8  7:13     # 55 20  161 50  15.94 0.54  0.0    5  7.1  8.1      1119
 *** DISTANCE & RESIDUAL WEIGHTING CANCELLED FOR EVENT: 2021  2  8  7 15
 1120 2021- 2- 8  7:14     # 55 16  162  9   5.01 0.49  0.0    4 15.2 22.9      1120
 1121 2021- 2- 8  8:15     - 55 29  162 39   4.59 0.84  0.0    8 23.1 49.5      1121
 1122 2021- 2- 8  8:18     - 54 49  161 40   5.05 0.16  0.0    7  9.5 18.4      1122
 *** DISTANCE & RESIDUAL WEIGHTING CANCELLED FOR EVENT: 2021  2  8  9 43
 1123 2021- 2- 8  9:42     - 54 53  162 24  94.02 0.25  0.0    4 22.3  9.6      1123
 1124 2021- 2- 8 11:27     - 54 34  161 17  20.11 0.16  0.0   11  1.4 16.3      1124
 1125 2021- 2- 8 12:00     - 54 27  161 14   3.41 0.24  0.0    5 12.1 20.9      1125
  SEQ ---DATE--- TIME REMARK -LAT-  --LON-  DEPTH  RMS PMAG  NUM  ERH  ERZ  ID
 1126 2021- 2- 8 12:00     - 54 59  162 47   4.95 0.11  0.0    4  5.8 13.8      1126
 1127 2021- 2- 8 12:00       55 18  161 50   2.00 0.05  0.0    5  1.6  2.7      1127
 1128 2021- 2- 8 12:35     # 55  2  162 12   6.50 0.10  0.0    6  1.5  0.9      1128
 1129 2021- 2- 8 12:36     - 54 53  162 48   4.73 0.11  0.0    4  6.6 14.2      1129
 1130 2021- 2- 8 12:49     - 55  2  161 34  30.35 0.08  0.0    5 11.2  4.7      1130
 1131 2021- 2- 8 12:49     - 54 57  161 25  37.82 0.45  0.0    6 32.5  8.2      1131
 1132 2021- 2- 8 13:46     - 55  0  161 39  26.19 0.07  0.0    6 10.2  4.4      1132
 1133 2021- 2- 8 13:46     - 54 55  161 31  46.64 0.09  0.0    4 13.1  4.9      1133
 1134 2021- 2- 8 16:06     - 54 60  161 14  23.53 0.22  0.0    8 18.3 11.8      1134
 1135 2021- 2- 8 16:06     - 54 58  161 22  60.48 0.28  0.0    5 22.7 11.9      1135
 *** DISTANCE & RESIDUAL WEIGHTING CANCELLED FOR EVENT: 2021  2  8 16 15
 1136 2021- 2- 8 16:15     - 55 12  161 25   2.02 0.18  0.0    4 13.4  4.1      1136
 1137 2021- 2- 8 17:27     - 55 27  162 24   7.15 0.14  0.0    4  1.7 16.9      1137
 1138 2021- 2- 8 19:48     - 55 20  161 46   0.14 0.06  0.0    4  2.3 11.0      1138
 1139 2021- 2- 8 23:07     - 56  5  160 35   4.04 0.24  0.0    4 21.2 23.0      1139
 1140 2021- 2- 8 23:58     - 54 34  161 28   4.82 0.06  0.0    5  5.7 12.3      1140
  SEQ ---DATE--- TIME REMARK -LAT-  --LON-  DEPTH  RMS PMAG  NUM  ERH  ERZ  ID
 1141 2021- 2- 9  0:11     - 55 27  163  6   4.97 0.16  0.0    4  9.0 16.0      1141
 1142 2021- 2- 9  0:16       55 27  161 51  28.67 0.14  0.0   13  1.5  1.0      1142
 1143 2021- 2- 9  0:20     - 55 16  162 47   4.48 0.18  0.0    4  8.1 16.8      1143
 1144 2021- 2- 9  0:56     - 55  6  161 25   3.53 0.19  0.0    4 19.8  6.4      1144
 *** DISTANCE & RESIDUAL WEIGHTING CANCELLED FOR EVENT: 2021  2  9  0 56
 1145 2021- 2- 9  0:56     - 55  2  161 21   5.04 0.73  0.0    4 50.4 61.6      1145
 1146 2021- 2- 9  1:38     - 55 10  161 25   1.31 0.07  0.0    4 11.3  3.4      1146
 *** DISTANCE & RESIDUAL WEIGHTING CANCELLED FOR EVENT: 2021  2  9  1 38
 1147 2021- 2- 9  1:38     - 55 12  162 10  10.72 0.51  0.0    4 23.2 30.9      1147
 1148 2021- 2- 9  2:43     - 55  1  161 31  20.79 0.19  0.0    7 14.8  4.4      1148
 1149 2021- 2- 9  2:43     - 54 39  160 46  31.74 0.29  0.0    7 24.0 26.5      1149
 *** DISTANCE & RESIDUAL WEIGHTING CANCELLED FOR EVENT: 2021  2  9  3 45
 1150 2021- 2- 9  3:45     # 55  8  161 47  12.47 0.39  0.0    4 14.0  9.1      1150
 1151 2021- 2- 9  8:02       54 34  162 32  25.53 0.19  0.0    9  3.2  5.7      1151
 1152 2021- 2- 9  8:44     - 54 53  161 12  28.41 0.13  0.0    9 13.7  1.8      1152
 1153 2021- 2- 9  8:44     - 54 39  161  3  36.72 0.20  0.0    8 14.7 19.4      1153
 1154 2021- 2- 9  8:45     - 54 55  161 24  24.58 0.15  0.0    8 14.8  5.5      1154
 1155 2021- 2- 9  8:45     - 54 45  161 14  16.53 0.49  0.0    7 28.4 42.8      1155
  SEQ ---DATE--- TIME REMARK -LAT-  --LON-  DEPTH  RMS PMAG  NUM  ERH  ERZ  ID
 1156 2021- 2- 9 10:13     - 54 53  160 12  38.04 0.15  0.0   16  2.5 16.7      1156
 1157 2021- 2- 9 11:44     - 55 21  161 56   0.70 0.06  0.0    4  0.7 10.4      1157
 1158 2021- 2- 9 15:51     - 55  8  161 11   5.00 0.15  0.0    5 14.2 17.8      1158
 1159 2021- 2- 9 17:36     - 55  1  161 26  30.04 0.22  0.0    8 16.8  6.3      1159
 1160 2021- 2- 9 17:36     - 54 31  160 42  37.27 0.29  0.0    9 22.3 25.7      1160
 1161 2021- 2- 9 18:30     - 55  5  161 30   3.02 0.11  0.0    4 11.5  2.6      1161
 1162 2021- 2- 9 20:40     - 55  7  160 54   5.00 0.21  0.0    9 19.0 21.6      1162
 1163 2021- 2- 9 20:41     - 55 52  162 10   5.12 0.32  0.0    5 21.6 29.4      1163
 *** DISTANCE & RESIDUAL WEIGHTING CANCELLED FOR EVENT: 2021  2  9 20 41
 1164 2021- 2- 9 20:40     - 55 17  159 46   5.00 1.37  0.0    4 97.5 97.5      1164
 1165 2021- 2- 9 20:43     - 54 28  162  0   5.81 0.37  0.0   13 13.7 29.9      1165
 1166 2021- 2- 9 21:31     - 55  1  161 50  18.15 0.01  0.0    4 10.2  5.4      1166
 *** DISTANCE & RESIDUAL WEIGHTING CANCELLED FOR EVENT: 2021  2  9 21 32
 1167 2021- 2- 9 21:32     # 55 15  162 11   4.99 0.58  0.0    4 15.3 13.6      1167
 1168 2021- 2- 9 23:37     - 55  9  160 53   5.00 0.16  0.0    8 15.4 17.9      1168
 1169 2021- 2- 9 23:37     - 55  0  160  3   2.40 0.31  0.0   10 21.4 13.7      1169
 1170 2021- 2- 9 23:45     # 54 54  161 43  69.10 0.54  0.0   10 10.3  4.4      1170
  SEQ ---DATE--- TIME REMARK -LAT-  --LON-  DEPTH  RMS PMAG  NUM  ERH  ERZ  ID
 1171 2021- 2-10  2:32     - 54 57  161 17  32.00 0.21  0.0    9 15.7  1.3      1171
 1172 2021- 2-10  2:32     - 54 43  161  4  29.53 0.17  0.0    7 15.9  2.3      1172
 1173 2021- 2-10  6:08     - 54 37  161 19  33.32 0.19  0.0   12  1.9 19.8      1173
 1174 2021- 2-10  8:01     - 55 25  161 19  11.32 0.14  0.0    5 15.8 12.9      1174
 1175 2021- 2-10  8:01     - 55 31  162  4   2.08 0.03  0.0    4  3.0 11.9      1175
 1176 2021- 2-10  8:13     - 55  9  161 52   7.25 0.07  0.0    4 10.7  8.6      1176
 1177 2021- 2-10 11:41     - 55  0  161 26  17.21 0.16  0.0    5 15.7 10.0      1177
 *** DISTANCE & RESIDUAL WEIGHTING CANCELLED FOR EVENT: 2021  2 10 11 42
 1178 2021- 2-10 11:42     # 55 12  161 40  17.74 1.07  0.0    7 24.0  5.5      1178
 *** DISTANCE & RESIDUAL WEIGHTING CANCELLED FOR EVENT: 2021  2 10 17 36
 1179 2021- 2-10 17:35     - 54 41  161 43   5.00 0.70  0.0    5 22.5 50.4      1179
 1180 2021- 2-10 19:19     - 54 55  161  7  33.72 0.24  0.0    9 17.9 14.7      1180
 1181 2021- 2-10 19:19     - 54 42  160 43  45.28 0.31  0.0    9 26.7 13.2      1181
 1182 2021- 2-10 20:42     - 55 25  161  0   4.91 0.08  0.0    4  5.9 12.8      1182
 1183 2021- 2-10 21:08     - 54 60  161 38  21.56 0.20  0.0    6 15.1  9.3      1183
 1184 2021- 2-10 21:08     - 54 49  161 13   2.34 0.53  0.0    6 36.0 45.3      1184
 1185 2021- 2-10 21:09     - 54 52  161 20  32.19 0.10  0.0    6 14.4  0.9      1185
  SEQ ---DATE--- TIME REMARK -LAT-  --LON-  DEPTH  RMS PMAG  NUM  ERH  ERZ  ID
 1186 2021- 2-10 21:09     - 54 56  161 36  14.21 0.16  0.0    4 17.2  2.9      1186
 1187 2021- 2-10 21:42     - 55 19  161 41   5.90 0.06  0.0    4 10.2  0.8      1187
 1188 2021- 2-10 23:19     - 55 18  161 51  29.83 0.09  0.0    4  5.9 12.8      1188
 1189 2021- 2-11  4:55     - 54 56  163  9   5.98 0.05  0.0    4  5.4 12.0      1189
 1190 2021- 2-11  5:53     - 55 10  161 23   5.02 0.15  0.0    5 15.8 17.5      1190
 1191 2021- 2-11  5:53     - 55 12  160 60   5.09 0.13  0.0    4 14.8 15.8      1191
 1192 2021- 2-11 18:03       55 16  161 26   4.02 0.01  0.0    4  2.8  1.2      1192
 *** DISTANCE & RESIDUAL WEIGHTING CANCELLED FOR EVENT: 2021  2 11 18 53
 1193 2021- 2-11 18:53     # 55 15  161 41  14.22 0.53  0.0    4 19.7 11.7      1193
 1194 2021- 2-11 20:10     - 55 52  161  8   5.00 0.09  0.0    6 11.2 14.7      1194
 1195 2021- 2-11 20:37       55 27  162  4   7.45 0.20  0.0   13  1.2  0.8      1195
 1196 2021- 2-11 22:27     - 55  8  160 29   4.33 0.41  0.0   17 14.7 32.0      1196
 *** DISTANCE & RESIDUAL WEIGHTING CANCELLED FOR EVENT: 2021  2 12  7 34
 1197 2021- 2-12  7:34     - 55 44  162 44   5.00 0.75  0.0    4 29.8 57.7      1197
 1198 2021- 2-12 14:15     - 54 52  161 19   5.01 0.28  0.0   10 10.1 22.8      1198
 *** DISTANCE & RESIDUAL WEIGHTING CANCELLED FOR EVENT: 2021  2 12 14 15
 1199 2021- 2-12 14:15     # 55 11  161 58   4.73 0.17  0.0    5  0.9  0.8      1199
 1200 2021- 2-12 15:10       54 36  161 18  29.47 0.10  0.0   13  1.5  0.9      1200
  SEQ ---DATE--- TIME REMARK -LAT-  --LON-  DEPTH  RMS PMAG  NUM  ERH  ERZ  ID
 1201 2021- 2-12 16:15     - 55  9  161 52  30.51 0.11  0.0    5  5.9  9.3      1201
 1202 2021- 2-12 16:15     - 54 45  160 60  35.21 0.10  0.0    4 10.4 10.8      1202
 1203 2021- 2-13  1:24     - 54 55  161 17  27.00 0.24  0.0    9 19.0  9.7      1203
 1204 2021- 2-13  1:24     - 54 53  161  9  44.07 0.28  0.0    7 21.9  5.5      1204
 1205 2021- 2-13  7:26     - 54 50  163  7   6.53 0.59  0.0    5 13.2 50.7      1205
 1206 2021- 2-13  8:43     - 54 55  161 38  11.27 0.05  0.0    6 12.1  6.0      1206
 1207 2021- 2-13  8:43     - 54 58  161 39  10.52 0.13  0.0    5 12.8  3.5      1207
 1208 2021- 2-13  9:56       55  9  161 45  20.72 0.00  0.0    4  3.8  1.7      1208
 1209 2021- 2-13 13:09     - 55 22  160 46  32.82 0.12  0.0    9 14.4 15.7      1209
 *** DISTANCE & RESIDUAL WEIGHTING CANCELLED FOR EVENT: 2021  2 13 13 10
 1210 2021- 2-13 13:10     # 55 22  161 58  10.66 0.37  0.0    5  2.9  6.1      1210
 1211 2021- 2-13 13:20     - 55 41  161 11   5.00 0.14  0.0    5 13.0 16.8      1211
 1212 2021- 2-13 14:15       55  3  162 11   3.18 0.02  0.0    5  0.8  1.2      1212
 1213 2021- 2-13 14:22     - 54 40  161 21   4.60 0.25  0.0   10  9.2 19.0      1213
 1214 2021- 2-13 19:09     - 54 33  161 46   4.52 0.20  0.0    9  8.8 18.2      1214
 1215 2021- 2-14  0:24     - 54 51  161  1   5.56 0.13  0.0   13  5.8 12.4      1215
  SEQ ---DATE--- TIME REMARK -LAT-  --LON-  DEPTH  RMS PMAG  NUM  ERH  ERZ  ID
 1216 2021- 2-14  0:51     - 55 12  163 12   4.88 0.23  0.0    8  8.6 18.7      1216
 1217 2021- 2-14  0:51     - 54 49  162 16   5.02 0.16  0.0    5 16.1 17.0      1217
 1218 2021- 2-14  1:05     - 54 44  162 23   6.11 0.26  0.0    4 10.5 22.7      1218
 1219 2021- 2-14  2:04     - 55 11  161 15   5.00 0.10  0.0    5 10.9 15.2      1219
 1220 2021- 2-14  2:04     - 55  4  160 56   5.00 0.20  0.0    6 16.2 20.5      1220
 1221 2021- 2-14  3:53     - 54 29  161 42   3.07 0.12  0.0    4  6.9 14.3      1221
 1222 2021- 2-14  8:10     - 54 60  160 17  31.76 0.25  0.0   18 11.2 20.1      1222
 1223 2021- 2-14  9:09     - 55  4  161 27  23.08 0.18  0.0    5 15.1  5.6      1223
 1224 2021- 2-14  9:09       55 16  162  3  15.06 0.00  0.0    4  1.2  2.4      1224
 *** DISTANCE & RESIDUAL WEIGHTING CANCELLED FOR EVENT: 2021  2 14  9 46
 1225 2021- 2-14  9:46     # 55 10  161 46   8.75 2.37  0.0    5 29.1 19.5      1225
 1226 2021- 2-14 14:09     - 54 59  161  2   5.00 0.09  0.0    4 13.5 13.9      1226
 *** DISTANCE & RESIDUAL WEIGHTING CANCELLED FOR EVENT: 2021  2 14 14  9
 1227 2021- 2-14 14:09     - 55  3  161 23   5.03 0.26  0.0    5 21.8 24.2      1227
 1228 2021- 2-14 17:55       55 34  161 27  19.59 0.07  0.0    5  3.1  7.2      1228
 1229 2021- 2-14 19:15     - 54 40  163 10   1.12 0.07  0.0    4  5.8 12.5      1229
 1230 2021- 2-14 22:32     - 55 20  161 47   4.33 0.05  0.0    4  8.8  6.8      1230
  SEQ ---DATE--- TIME REMARK -LAT-  --LON-  DEPTH  RMS PMAG  NUM  ERH  ERZ  ID
 1231 2021- 2-15  1:27     - 55  6  163 31   5.04 0.15  0.0    5  7.6 15.7      1231
 1232 2021- 2-15  1:27     - 54 20  161 27   1.42 0.23  0.0    7 13.2 20.4      1232
 1233 2021- 2-15  1:37     - 55  5  163 39   4.38 0.04  0.0    4  5.4 11.6      1233
 1234 2021- 2-15 17:29     - 55  3  161 26   6.10 0.12  0.0    5 13.3 16.0      1234
 *** DISTANCE & RESIDUAL WEIGHTING CANCELLED FOR EVENT: 2021  2 15 17 30
 1235 2021- 2-15 17:30     - 55 11  161 46   0.35 0.78  0.0    6  8.6 47.6      1235
 1236 2021- 2-15 20:20     - 55 19  162 43   5.00 0.17  0.0    4 17.2 17.6      1236
 1237 2021- 2-16  3:44     - 54 56  161 17  33.33 0.23  0.0    9 19.4  8.4      1237
 1238 2021- 2-16  3:45       54 52  161 33   1.94 0.07  0.0    6  5.7  1.5      1238
 1239 2021- 2-16  3:49     - 55  3  161  5  28.16 0.20  0.0   10 16.4  7.3      1239
 1240 2021- 2-16  3:49     - 55  1  160 53  23.43 0.26  0.0    9 19.2 11.4      1240
 1241 2021- 2-16  4:27     - 54 53  160 47  28.20 0.19  0.0   11 16.4  3.0      1241
 1242 2021- 2-16  4:27     - 54 51  160 46  27.15 0.21  0.0   10 15.0  3.2      1242
 *** DISTANCE & RESIDUAL WEIGHTING CANCELLED FOR EVENT: 2021  2 16  5 33
 1243 2021- 2-16  5:33     - 55 26  162 28   5.06 0.45  0.0    4  9.7 38.1      1243
 1244 2021- 2-16  5:33       54 58  162 15   4.43 0.01  0.0    6  0.9  1.9      1244
 *** DISTANCE & RESIDUAL WEIGHTING CANCELLED FOR EVENT: 2021  2 16  5 33
 1245 2021- 2-16  5:33     - 54 46  162 46  15.55 0.42  0.0    5 33.6  4.0      1245
  SEQ ---DATE--- TIME REMARK -LAT-  --LON-  DEPTH  RMS PMAG  NUM  ERH  ERZ  ID
 1246 2021- 2-16  5:56     - 55 26  161  9  13.29 0.15  0.0    5 14.1 11.5      1246
 1247 2021- 2-16  5:56     - 55 37  160  8   4.84 0.18  0.0    6 14.3 12.3      1247
 1248 2021- 2-16  6:16     - 54 58  161 30  25.97 0.22  0.0    8 16.5  6.2      1248
 1249 2021- 2-16  6:16     # 55 11  161 44   3.68 0.11  0.0    5  3.0  0.7      1249
 1250 2021- 2-16  6:30       54 35  161 19  29.74 0.14  0.0    9  2.4  1.0      1250
 1251 2021- 2-16  8:29     - 55  9  163 25   4.44 0.61  0.0    8 22.4 46.2      1251
 1252 2021- 2-16  8:29     - 55 57  161 50   4.71 0.66  0.0    4 23.5 51.0      1252
 1253 2021- 2-16 11:15     - 54 59  162 30   0.03 0.09  0.0    4 13.1  9.9      1253
 1254 2021- 2-16 15:52       54 55  161 26  31.05 0.22  0.0   10  4.2  1.9      1254
 1255 2021- 2-16 15:53     # 55 11  161 58   0.62 0.69  0.0    6  2.8 38.2      1255
 1256 2021- 2-16 16:06     - 54 53  161 18  30.63 0.18  0.0    9 15.8  1.3      1256
 1257 2021- 2-16 16:06     - 54 51  160 53  30.31 0.07  0.0    5 12.7  2.0      1257
 1258 2021- 2-16 16:17     # 54 56  161 54  67.18 0.63  0.0    8 19.4  5.2      1258
 *** DISTANCE & RESIDUAL WEIGHTING CANCELLED FOR EVENT: 2021  2 16 18 13
 1259 2021- 2-16 18:13     - 55 11  163 28   5.00 0.32  0.0    4 12.9 26.7      1259
 1260 2021- 2-16 19:05     - 54 34  161 54   6.13 0.18  0.0    5  7.7 17.5      1260
  SEQ ---DATE--- TIME REMARK -LAT-  --LON-  DEPTH  RMS PMAG  NUM  ERH  ERZ  ID
 1261 2021- 2-16 20:37     - 54 47  160 54   5.00 0.15  0.0    6 16.5 17.8      1261
 1262 2021- 2-16 20:38     - 54 60  161 10  16.88 0.30  0.0    4 25.9 27.8      1262
 1263 2021- 2-16 20:59     - 54 49  160 59   5.01 0.21  0.0    7 19.2 21.4      1263
 *** DISTANCE & RESIDUAL WEIGHTING CANCELLED FOR EVENT: 2021  2 16 21  0
 1264 2021- 2-16 20:59     - 54 57  161 17   5.00 0.54  0.0    5 40.0 45.8      1264
 1265 2021- 2-16 21:23     - 55  0  161  8   5.00 0.22  0.0    5 19.2 21.9      1265
 *** DISTANCE & RESIDUAL WEIGHTING CANCELLED FOR EVENT: 2021  2 16 21 59
 1266 2021- 2-16 21:59     - 54 34  161 19  27.40 0.08  0.0    4  4.2 11.0      1266
 1267 2021- 2-16 22:20     - 55 47  160 60   5.31 0.17  0.0    6  8.4 16.0      1267
 1268 2021- 2-16 22:32     - 55  7  161 49  12.73 0.09  0.0    4 10.2  6.8      1268
 1269 2021- 2-16 23:19     - 55  1  161 19  27.81 0.18  0.0    8 15.2  6.3      1269
 1270 2021- 2-16 23:19     - 54 41  160 46  17.18 0.16  0.0    9 13.1 18.4      1270
 *** DISTANCE & RESIDUAL WEIGHTING CANCELLED FOR EVENT: 2021  2 17  1 24
 1271 2021- 2-17  1:24     - 54 59  161 31  39.78 0.66  0.0    4 42.1 21.9      1271
 1272 2021- 2-17  4:06     - 54 36  161 18  32.98 0.14  0.0    8  7.9 14.3      1272
 1273 2021- 2-17  4:59     - 55  7  161 29  10.65 0.16  0.0    5 16.6 12.5      1273
 1274 2021- 2-17  4:59     - 55 12  161 55   1.40 0.40  0.0    4  4.1 29.2      1274
 1275 2021- 2-17  5:29     # 55  9  162 14   0.08 0.58  0.0   10  2.6 24.1      1275
  SEQ ---DATE--- TIME REMARK -LAT-  --LON-  DEPTH  RMS PMAG  NUM  ERH  ERZ  ID
 1276 2021- 2-17  5:29     - 54  5  163 58   5.02 0.59  0.0    6 35.4 37.1      1276
 1277 2021- 2-17  7:32     - 54 53  160 55  20.74 0.21  0.0    9 17.4 14.5      1277
 1278 2021- 2-17  7:32     - 54 60  161 21  33.60 0.06  0.0    4 13.1  2.3      1278
 1279 2021- 2-17 10:17     - 55 15  161 37  22.06 0.12  0.0    4 16.2  1.8      1279
 *** DISTANCE & RESIDUAL WEIGHTING CANCELLED FOR EVENT: 2021  2 17 10 39
 1280 2021- 2-17 10:39     - 54 47  162 38  62.07 0.04  0.0    4 12.9  2.3      1280
 1281 2021- 2-17 10:51       55  9  160 12   7.89 0.17  0.0   13  3.3  1.6      1281
 1282 2021- 2-17 12:21     - 55  7  161 28   3.57 0.13  0.0    4 15.6  5.5      1282
 1283 2021- 2-17 12:56       54 32  163 23  26.81 0.11  0.0   10  3.7  1.1      1283
 1284 2021- 2-17 13:02       55 21  161 49  20.67 0.00  0.0    4  4.9  1.4      1284
 1285 2021- 2-17 14:46     - 55 36  162 13   7.21 0.72  0.0    5  7.0 61.3      1285
 1286 2021- 2-17 15:41     - 54 48  163 36   0.47 0.02  0.0    4  5.9 11.4      1286
 1287 2021- 2-17 17:01       55 18  161 54  21.31 0.00  0.0    4  4.1  2.7      1287
 1288 2021- 2-17 17:18     - 54 57  161  3  29.22 0.16  0.0   10 14.4  2.8      1288
 1289 2021- 2-17 17:18     - 54 52  161 14  32.30 0.22  0.0    8 15.8  1.4      1289
 1290 2021- 2-17 19:37       55 15  161 39  33.49 0.05  0.0    6  3.1  0.9      1290
 *** DISTANCE & RESIDUAL WEIGHTING CANCELLED FOR EVENT: 2021  2 17 19 37
  SEQ ---DATE--- TIME REMARK -LAT-  --LON-  DEPTH  RMS PMAG  NUM  ERH  ERZ  ID
 1291 2021- 2-17 19:37     - 55 30  163 10   5.00 0.61  0.0    4 22.0 47.2      1291
 *** DISTANCE & RESIDUAL WEIGHTING CANCELLED FOR EVENT: 2021  2 17 19 38
 1292 2021- 2-17 19:37     - 55 38  161  8   5.00 0.91  0.0    4 32.4 69.3      1292
 1293 2021- 2-17 19:41     - 54 47  160 55  20.38 0.19  0.0    7 14.1 15.0      1293
 1294 2021- 2-17 19:41     - 54 57  161 20  32.92 0.09  0.0    5 12.7  0.7      1294
 1295 2021- 2-17 21:02       54 43  160 24   9.42 0.18  0.0   17  1.9  3.0      1295
 1296 2021- 2-18  2:02     - 54 28  161 56   5.03 0.14  0.0    9  7.0 15.0      1296
 1297 2021- 2-18  3:26     - 55  3  162 16   0.85 0.07  0.0    4  5.5 13.1      1297
 1298 2021- 2-18  5:04     - 55 17  161 26   6.83 0.12  0.0    5  3.1 15.7      1298
 1299 2021- 2-18  6:22     - 55 14  161 33   1.56 0.15  0.0    6 14.4 16.1      1299
 1300 2021- 2-18  7:29     - 55  1  162 36  43.56 0.05  0.0    6  8.4  8.1      1300
 *** DISTANCE & RESIDUAL WEIGHTING CANCELLED FOR EVENT: 2021  2 18  7 30
 1301 2021- 2-18  7:29     # 55  7  162 13   5.01 1.23  0.0    5  5.3  6.5      1301
 *** DISTANCE & RESIDUAL WEIGHTING CANCELLED FOR EVENT: 2021  2 18  7 50
 1302 2021- 2-18  7:50     - 55 17  161 44   7.83 0.08  0.0    4 10.3  4.3      1302
 1303 2021- 2-18  8:08     - 54 53  161 13   5.00 0.14  0.0    7 13.7 17.0      1303
 1304 2021- 2-18  8:09     - 55 22  161 48   0.01 1.35  0.0    4  9.7 89.1      1304
 1305 2021- 2-18  9:43       55 20  161 43   5.55 0.00  0.0    4  8.2  0.6      1305
  SEQ ---DATE--- TIME REMARK -LAT-  --LON-  DEPTH  RMS PMAG  NUM  ERH  ERZ  ID
 1306 2021- 2-18 10:44     - 55  1  161 17  11.25 0.11  0.0    5 10.6 12.5      1306
 1307 2021- 2-18 10:45     - 55  1  161 38  49.46 0.18  0.0    4 14.7  8.8      1307
 1308 2021- 2-18 11:09     - 55  2  161 10  20.54 0.16  0.0    8 14.7 11.1      1308
 1309 2021- 2-18 11:09     - 54 56  161  8  30.00 0.27  0.0    7 20.0  2.8      1309
 1310 2021- 2-18 12:40     - 54 36  161 17   5.02 0.20  0.0   17  7.2 15.3      1310
 1311 2021- 2-18 13:37     - 55 35  161 22  36.82 0.16  0.0    5 16.1  4.9      1311
 *** DISTANCE & RESIDUAL WEIGHTING CANCELLED FOR EVENT: 2021  2 18 13 43
 1312 2021- 2-18 13:43     - 55  9  161 30   2.49 0.32  0.0    4 21.3  5.7      1312
 1313 2021- 2-18 13:49     - 54 34  161 26   5.21 0.28  0.0   14 10.2 21.9      1313
 1314 2021- 2-18 15:24     # 55  6  161 29   4.65 0.13  0.0    7  4.1  4.0      1314
 *** DISTANCE & RESIDUAL WEIGHTING CANCELLED FOR EVENT: 2021  2 18 15 24
 1315 2021- 2-18 15:24     - 54 44  161 16   5.00 0.58  0.0    4 44.5 48.5      1315
 *** DISTANCE & RESIDUAL WEIGHTING CANCELLED FOR EVENT: 2021  2 18 16 39
 1316 2021- 2-18 16:39     - 55 15  162  7   4.99 0.21  0.0    4 16.7 13.5      1316
 1317 2021- 2-18 16:48     - 54 53  161  9  28.34 0.13  0.0    9 13.8  2.0      1317
 1318 2021- 2-18 16:48     - 55  1  161  9   5.02 0.35  0.0    4 27.9 29.7      1318
 1319 2021- 2-18 17:02     - 54 59  161 37  30.67 0.08  0.0    5 10.8  7.3      1319
 *** DISTANCE & RESIDUAL WEIGHTING CANCELLED FOR EVENT: 2021  2 18 17  2
 1320 2021- 2-18 17:02     - 55  9  161 55   9.31 0.27  0.0    4 13.3 14.1      1320
 *** DISTANCE & RESIDUAL WEIGHTING CANCELLED FOR EVENT: 2021  2 18 17  4
  SEQ ---DATE--- TIME REMARK -LAT-  --LON-  DEPTH  RMS PMAG  NUM  ERH  ERZ  ID
 1321 2021- 2-18 17:03     - 56  5  161 55   5.00 1.00  0.0    4 48.3 57.8      1321
 1322 2021- 2-18 18:58     - 55 24  161 24   7.42 0.11  0.0    5 11.3 11.9      1322
 1323 2021- 2-18 19:03       55 21  161 45   5.14 0.00  0.0    4  6.0  3.1      1323
 1324 2021- 2-18 20:22     - 55  1  161 18  30.78 0.23  0.0    8 16.8  6.8      1324
 1325 2021- 2-18 20:22     - 54 48  161  5  53.89 0.09  0.0    6 13.8  5.6      1325
 1326 2021- 2-18 23:26     - 55 12  160 47   6.09 0.18  0.0    5  8.3 17.9      1326
 1327 2021- 2-18 23:59     - 55 16  161 41  48.65 0.08  0.0    6  5.0 10.3      1327
 1328 2021- 2-19  0:35     - 55 21  162 17   7.12 0.32  0.0    9  1.8 22.1      1328
 1329 2021- 2-19  1:42     - 54 57  161 22  29.39 0.19  0.0    8 16.9  6.4      1329
 1330 2021- 2-19  1:42     - 54 58  161 26  35.80 0.10  0.0    5 13.1  3.0      1330
 *** DISTANCE & RESIDUAL WEIGHTING CANCELLED FOR EVENT: 2021  2 19  1 57
 1331 2021- 2-19  1:57     # 54 59  162  8   6.25 0.37  0.0    4 16.6  5.4      1331
 1332 2021- 2-19  2:07     - 55 19  161 31   2.26 0.08  0.0    7  2.1 11.1      1332
 1333 2021- 2-19  2:56     - 55  4  161 31   8.09 0.14  0.0    5  4.3 15.6      1333
 1334 2021- 2-19  3:15     - 55  3  161 22   2.27 0.18  0.0    6 19.1  5.3      1334
 *** DISTANCE & RESIDUAL WEIGHTING CANCELLED FOR EVENT: 2021  2 19  3 15
 1335 2021- 2-19  3:15     - 54 57  162 26   5.00 0.86  0.0    4 52.8 72.3      1335
  SEQ ---DATE--- TIME REMARK -LAT-  --LON-  DEPTH  RMS PMAG  NUM  ERH  ERZ  ID
 1336 2021- 2-19  3:23     - 55  7  161 12   5.01 0.05  0.0    4 12.3 12.6      1336
 1337 2021- 2-19  3:33     - 54 41  161  6  28.39 0.16  0.0    9 14.8  2.8      1337
 1338 2021- 2-19  3:33     - 54 38  161  2  17.08 0.57  0.0    8 31.1 49.4      1338
 1339 2021- 2-19  3:38     - 54 47  160 54   5.00 0.16  0.0    8 16.0 18.1      1339
 1340 2021- 2-19  3:38     - 54 35  161  3  33.99 0.17  0.0    5 18.3 18.6      1340
 1341 2021- 2-19  3:44     - 54 50  161 55   5.01 0.09  0.0    4  6.7 13.3      1341
 1342 2021- 2-19  4:03     - 55 15  161 39   8.36 0.04  0.0    4 12.2  4.6      1342
 1343 2021- 2-19  4:08     # 55 12  161 55   0.16 0.28  0.0    6  1.8 16.9      1343
 *** DISTANCE & RESIDUAL WEIGHTING CANCELLED FOR EVENT: 2021  2 19  4  9
 1344 2021- 2-19  4:08     - 55 19  160 29   5.16 1.32  0.0    5 96.5 97.8      1344
 *** DISTANCE & RESIDUAL WEIGHTING CANCELLED FOR EVENT: 2021  2 19  4 16
 1345 2021- 2-19  4:15     - 55  4  161 24   4.99 0.27  0.0    5 20.3 25.7      1345
 *** DISTANCE & RESIDUAL WEIGHTING CANCELLED FOR EVENT: 2021  2 19  4 21
 1346 2021- 2-19  4:21     - 55 21  161 49   0.26 0.41  0.0    5  4.1 29.9      1346
 1347 2021- 2-19  4:40       55 17  161 40   8.48 0.15  0.0    4 11.9  6.8      1347
 1348 2021- 2-19  4:55     - 55  5  161 20   0.16 0.14  0.0    6 12.3  3.1      1348
 1349 2021- 2-19  5:48     - 54 48  162 42   7.29 0.06  0.0    4  4.3 13.3      1349
 1350 2021- 2-19  6:20     - 55  9  161 28   5.04 0.08  0.0    5 13.2 13.9      1350
  SEQ ---DATE--- TIME REMARK -LAT-  --LON-  DEPTH  RMS PMAG  NUM  ERH  ERZ  ID
 1351 2021- 2-19  6:50     - 55  8  163 32   1.55 0.56  0.0    6 20.4 43.0      1351
 1352 2021- 2-19  8:36     - 54 32  161  8   5.00 0.18  0.0   11 14.2 17.0      1352
 1353 2021- 2-19  8:36     - 54 45  161 16  11.27 0.21  0.0    9 15.1  2.5      1353
 *** DISTANCE & RESIDUAL WEIGHTING CANCELLED FOR EVENT: 2021  2 19  9  6
 1354 2021- 2-19  9:06     - 54 46  161 29   5.00 0.41  0.0    5 26.9 36.1      1354
 1355 2021- 2-19  9:06     - 54 40  161 15   5.01 0.19  0.0    5 17.6 18.6      1355
 1356 2021- 2-19  9:11     - 55  5  162 35   7.72 0.51  0.0    5 13.1 43.2      1356
 1357 2021- 2-19  9:13       54 60  162 18   6.91 0.03  0.0    5  4.1  6.5      1357
 1358 2021- 2-19  9:14     - 55 29  161 49  15.27 0.04  0.0    4  3.6 10.7      1358
 1359 2021- 2-19  9:21     - 55  2  162 23  16.51 0.06  0.0    5  9.1  7.4      1359
 1360 2021- 2-19  9:38     - 55 19  161 17   5.03 0.30  0.0    4 24.4 27.5      1360
 1361 2021- 2-19 10:46     - 54 51  160 55  34.50 0.27  0.0   11 18.2 23.0      1361
 1362 2021- 2-19 10:46     - 54 28  160 15   8.01 0.29  0.0   10 20.6 13.1      1362
 1363 2021- 2-19 10:52       55 15  161 39  10.98 0.07  0.0    6  3.8  2.9      1363
 *** DISTANCE & RESIDUAL WEIGHTING CANCELLED FOR EVENT: 2021  2 19 10 52
 1364 2021- 2-19 10:52     - 55  0  161 31   6.81 0.15  0.0    4 13.6 17.5      1364
 1365 2021- 2-19 10:59     - 54 58  162 13   1.21 0.12  0.0    4  1.9 15.7      1365
  SEQ ---DATE--- TIME REMARK -LAT-  --LON-  DEPTH  RMS PMAG  NUM  ERH  ERZ  ID
 1366 2021- 2-19 12:32     - 55  2  162 15   0.19 0.04  0.0    4  0.8 12.9      1366
 1367 2021- 2-19 12:59     - 55 18  161 17   2.73 0.16  0.0    8 14.6  4.8      1367
 *** DISTANCE & RESIDUAL WEIGHTING CANCELLED FOR EVENT: 2021  2 19 13  0
 *** ABANDON EVENT WITH ONLY 3 READINGS:2021  2 19 12 59
 *** DISTANCE & RESIDUAL WEIGHTING CANCELLED FOR EVENT: 2021  2 19 13 24
 1369 2021- 2-19 13:23     - 55  6  161 29  25.62 0.31  0.0    4 22.7 10.0      1369
 *** DISTANCE & RESIDUAL WEIGHTING CANCELLED FOR EVENT: 2021  2 19 13 43
 1370 2021- 2-19 13:43     # 55 20  161 47  10.61 0.24  0.0    4 10.7  9.7      1370
 1371 2021- 2-19 13:52       55 16  161 43  21.99 0.09  0.0    5  4.4  2.6      1371
 1372 2021- 2-19 14:04     - 54 58  161  8  34.28 0.20  0.0    9 16.2  9.3      1372
 1373 2021- 2-19 14:04     - 55  1  161 22  33.81 0.22  0.0    5 18.3  2.9      1373
 1374 2021- 2-19 14:14     # 54 47  162 11   0.17 0.16  0.0    5 11.5  3.7      1374
 1375 2021- 2-19 14:22     - 55 19  160 27   5.53 0.26  0.0    5 10.5 22.9      1375
 1376 2021- 2-19 14:29     - 54 27  163  9   5.10 0.17  0.0    6  7.9 17.1      1376
 *** DISTANCE & RESIDUAL WEIGHTING CANCELLED FOR EVENT: 2021  2 19 15  0
 1377 2021- 2-19 14:59     - 55  3  161 28   1.96 0.30  0.0    4 18.8  8.2      1377
 1378 2021- 2-19 15:06     - 55  2  161 15   0.24 0.23  0.0    4 22.3  7.8      1378
 *** DISTANCE & RESIDUAL WEIGHTING CANCELLED FOR EVENT: 2021  2 19 15  6
 1379 2021- 2-19 15:06     - 54 53  161  6  23.35 0.49  0.0    4 39.4 37.5      1379
 1380 2021- 2-19 15:14     - 55 28  162 55   4.41 1.89  0.0    7 40.7 90.2      1380
  SEQ ---DATE--- TIME REMARK -LAT-  --LON-  DEPTH  RMS PMAG  NUM  ERH  ERZ  ID
 1381 2021- 2-19 15:35     - 54 60  162 15   7.34 0.06  0.0    4  5.6 12.3      1381
 1382 2021- 2-19 17:08     - 54 46  161 51   9.75 0.11  0.0    5 11.5 14.0      1382
 *** DISTANCE & RESIDUAL WEIGHTING CANCELLED FOR EVENT: 2021  2 19 20 15
 1383 2021- 2-19 20:15     - 55 10  163 12   5.00 1.20  0.0    4 41.7 89.8      1383
 1384 2021- 2-19 21:44     - 54 50  161 42   4.53 0.12  0.0    5  8.5 13.2      1384
 1385 2021- 2-19 23:24     - 55 11  162 48   4.25 0.34  0.0    8  6.0 22.0      1385
 1386 2021- 2-20  1:14     - 54 56  161 26  24.33 0.19  0.0    6 17.6  6.6      1386
 1387 2021- 2-20  1:14     - 54 59  161 31  20.81 0.09  0.0    4 13.0  2.3      1387
 *** DISTANCE & RESIDUAL WEIGHTING CANCELLED FOR EVENT: 2021  2 20  1 18
 1388 2021- 2-20  1:18     - 55  6  161 43   5.62 0.48  0.0    4 40.4 10.7      1388
 1389 2021- 2-20  3:29     - 54 34  161 11   4.20 0.17  0.0    8  7.9 16.7      1389
 1390 2021- 2-20  3:29     - 54 57  161 39   8.31 0.10  0.0    6  7.6 10.3      1390
 1391 2021- 2-20  9:21     - 54 57  162  2   3.38 0.14  0.0    4 15.4  1.7      1391
 1392 2021- 2-20  9:22     - 54 30  161 54   5.03 0.15  0.0    5 14.2 17.7      1392
 1393 2021- 2-20 12:16     - 54 29  161 55   5.27 0.42  0.0   18 14.6 31.2      1393
 1394 2021- 2-20 16:02     - 55  7  161 22   1.39 0.07  0.0    4 11.3  3.1      1394
 1395 2021- 2-20 19:54     - 55 19  161 45   5.99 0.04  0.0    4 12.2  2.1      1395
  SEQ ---DATE--- TIME REMARK -LAT-  --LON-  DEPTH  RMS PMAG  NUM  ERH  ERZ  ID
 1396 2021- 2-20 19:54     - 54 56  160 55   5.00 0.13  0.0    4 14.3 15.1      1396
 *** DISTANCE & RESIDUAL WEIGHTING CANCELLED FOR EVENT: 2021  2 21  1 46
 1397 2021- 2-21  1:46     # 54 46  162 26  32.12 0.87  0.0    6 25.3  4.4      1397
 1398 2021- 2-21  5:43     - 55 29  161 55   5.66 0.03  0.0    4  4.5 11.9      1398
 1399 2021- 2-21  7:12     - 55  1  161 22   5.00 0.14  0.0    6 14.5 17.2      1399
 1400 2021- 2-21  7:12     - 54 54  161 13   0.11 0.52  0.0    6 42.6  8.2      1400
 *** DISTANCE & RESIDUAL WEIGHTING CANCELLED FOR EVENT: 2021  2 21  8 13
 1401 2021- 2-21  8:13     - 54 51  163 13   5.74 0.04  0.0    4  7.4 11.8      1401
 1402 2021- 2-21  8:24     - 55  7  161 31   1.30 0.16  0.0    4 12.7  3.3      1402
 1403 2021- 2-21  9:32     - 55  4  161 43  19.68 0.05  0.0    4 12.7  5.1      1403
 1404 2021- 2-21 11:06     - 54 37  160 58  27.79 0.19  0.0   11 17.4  2.9      1404
 1405 2021- 2-21 11:06     - 55  3  161 13   5.13 0.05  0.0    6  5.4 12.9      1405
 1406 2021- 2-21 11:08     - 55 15  161 36   1.26 0.02  0.0    4  9.3 11.8      1406
 *** DISTANCE & RESIDUAL WEIGHTING CANCELLED FOR EVENT: 2021  2 21 11  8
 1407 2021- 2-21 11:08     # 55 11  161 54   4.98 0.64  0.0    5 22.6 17.8      1407
 1408 2021- 2-21 11:11     - 55  5  161 29   3.14 0.14  0.0    5 13.2  4.5      1408
 1409 2021- 2-21 11:11       55  7  161 35   3.86 0.01  0.0    4  4.8  1.3      1409
 1410 2021- 2-21 11:19     - 55  5  161 30   3.48 0.07  0.0    4 13.5  4.2      1410
 *** DISTANCE & RESIDUAL WEIGHTING CANCELLED FOR EVENT: 2021  2 21 11 20
  SEQ ---DATE--- TIME REMARK -LAT-  --LON-  DEPTH  RMS PMAG  NUM  ERH  ERZ  ID
 1411 2021- 2-21 11:19     - 54 59  161 23  31.92 0.47  0.0    4 32.3 16.8      1411
 1412 2021- 2-21 12:11     - 55  1  161 27  17.98 0.17  0.0    6 15.0  6.7      1412
 *** DISTANCE & RESIDUAL WEIGHTING CANCELLED FOR EVENT: 2021  2 21 12 11
 1413 2021- 2-21 12:11     - 55  4  161 31   4.98 0.62  0.0    4 51.0  9.1      1413
 1414 2021- 2-21 15:05       54 55  162 37  34.76 0.12  0.0    5  5.1  2.6      1414
 1415 2021- 2-21 16:00     - 55  6  161 16  10.49 0.08  0.0    5 13.6 12.5      1415
 1416 2021- 2-21 16:37     - 54 58  161 20   5.16 0.14  0.0    5  6.9 15.4      1416
 1417 2021- 2-21 17:30     # 55  9  161 33   4.81 0.05  0.0    5  3.8  1.4      1417
 *** DISTANCE & RESIDUAL WEIGHTING CANCELLED FOR EVENT: 2021  2 21 17 30
 1418 2021- 2-21 17:30     - 55  4  161 52  10.06 0.62  0.0    5 37.5 20.2      1418
 1419 2021- 2-21 18:53       55 30  161 43  10.03 0.04  0.0    5  2.0  5.6      1419
 1420 2021- 2-21 18:54       55  6  161 46  17.11 0.10  0.0    7  3.3  2.0      1420
 *** DISTANCE & RESIDUAL WEIGHTING CANCELLED FOR EVENT: 2021  2 21 18 54
 1421 2021- 2-21 18:54     - 54 47  161 24   7.34 0.55  0.0    7 31.4 46.1      1421
 1422 2021- 2-21 19:53     - 54 60  161 15   5.00 0.12  0.0    6 14.0 15.9      1422
 1423 2021- 2-21 19:53     - 55 11  160 58   5.02 0.01  0.0    4 10.9 11.5      1423
 1424 2021- 2-21 21:57     - 55  3  161 26   0.07 0.05  0.0    4 11.0  2.9      1424
 1425 2021- 2-21 21:58       55  9  161 47   5.91 0.00  0.0    4  4.0  1.4      1425
  SEQ ---DATE--- TIME REMARK -LAT-  --LON-  DEPTH  RMS PMAG  NUM  ERH  ERZ  ID
 1426 2021- 2-21 22:05     - 55  9  161 17   5.00 0.13  0.0    4 11.3 16.2      1426
 1427 2021- 2-21 22:08       55  6  161 38   3.09 0.00  0.0    4  3.3  2.2      1427
 1428 2021- 2-21 22:20     - 55  9  161 55   0.01 0.22  0.0    4  6.6 21.8      1428
 *** DISTANCE & RESIDUAL WEIGHTING CANCELLED FOR EVENT: 2021  2 21 22 25
 1429 2021- 2-21 22:25     # 55 19  161 49  11.45 0.73  0.0    4 16.6 10.1      1429
 1430 2021- 2-21 22:40     - 55 29  163 12   5.22 0.44  0.0    6 14.5 31.7      1430
 1431 2021- 2-21 23:00     - 54 37  161 18   5.06 0.17  0.0   17  6.5 13.8      1431
 1432 2021- 2-21 23:56     - 54 50  161 11  29.95 0.26  0.0    7 22.7  2.4      1432
 1433 2021- 2-21 23:57       55  6  161 47   4.60 0.07  0.0    5  3.8  0.8      1433
 1434 2021- 2-21 23:57       55 11  161 35  22.33 0.05  0.0    5  3.2  2.1      1434
 1435 2021- 2-21 23:58     - 55 21  162 10   6.57 0.05  0.0    5  1.4 13.0      1435
 *** DISTANCE & RESIDUAL WEIGHTING CANCELLED FOR EVENT: 2021  2 22  0  5
 1436 2021- 2-22  0:05     - 55 17  161 18   5.40 0.27  0.0    5 10.6 22.8      1436
 1437 2021- 2-22  0:37     - 55  3  161 33  35.00 0.42  0.0    6 26.9 10.4      1437
 1438 2021- 2-22  0:37     # 55  9  161 46  19.38 0.53  0.0    7 13.4 10.2      1438
 1439 2021- 2-22  0:43       55 10  161 31  23.76 0.00  0.0    4  4.0  4.1      1439
 *** DISTANCE & RESIDUAL WEIGHTING CANCELLED FOR EVENT: 2021  2 22  0 43
 1440 2021- 2-22  0:43     # 55  8  161 57   6.02 0.86  0.0    5 11.8  8.4      1440
  SEQ ---DATE--- TIME REMARK -LAT-  --LON-  DEPTH  RMS PMAG  NUM  ERH  ERZ  ID
 1441 2021- 2-22  1:18     - 55  4  160 46   5.01 0.21  0.0    8 19.0 21.2      1441
 1442 2021- 2-22  1:18     - 56  5  162 23   5.11 0.23  0.0    5 20.1 22.1      1442
 *** DISTANCE & RESIDUAL WEIGHTING CANCELLED FOR EVENT: 2021  2 22  1 21
 1443 2021- 2-22  1:21     - 55  4  161 20   5.01 0.28  0.0    4 11.0 26.4      1443
 1444 2021- 2-22  1:47     - 54 50  161 14  29.18 0.19  0.0    9 17.2  2.2      1444
 1445 2021- 2-22  1:47     - 55  3  161 13   5.05 0.10  0.0    5  9.3 15.0      1445
 1446 2021- 2-22  2:09     - 55  4  161 25   0.16 0.14  0.0    6 11.5  2.9      1446
 1447 2021- 2-22  2:12     - 54 53  161 24  30.12 0.16  0.0    9 13.9  5.7      1447
 *** DISTANCE & RESIDUAL WEIGHTING CANCELLED FOR EVENT: 2021  2 22  2 13
 1448 2021- 2-22  2:12     # 55 13  162  1   5.00 2.84  0.0    4 82.1 18.6      1448
 1449 2021- 2-22  2:12     - 55 11  161  4  29.72 0.02  0.0    4  7.6  9.7      1449
 1450 2021- 2-22  3:51     - 55  9  160 44   5.01 0.24  0.0    9 16.8 23.2      1450
 1451 2021- 2-22  3:51     - 56 39  162 12   4.30 0.34  0.0    5 24.9 26.1      1451
 1452 2021- 2-22  4:37     - 54 48  160 56  31.65 0.24  0.0   11 19.4  2.7      1452
 1453 2021- 2-22  4:37       54 49  161  4  32.24 0.09  0.0   10  9.5  1.1      1453
 1454 2021- 2-22  7:39     - 54 52  160 59  37.51 0.20  0.0    7 18.8 12.7      1454
 1455 2021- 2-22  7:39     - 55 12  161 55   7.97 0.07  0.0    4  6.5 11.8      1455
  SEQ ---DATE--- TIME REMARK -LAT-  --LON-  DEPTH  RMS PMAG  NUM  ERH  ERZ  ID
 1456 2021- 2-22  7:41     - 54 58  161 16  31.78 0.22  0.0    9 16.3  1.4      1456
 1457 2021- 2-22  7:41     - 54 49  161  8  17.41 0.24  0.0    8 10.7 22.9      1457
 1458 2021- 2-22  9:02       55  9  161 32  25.45 0.12  0.0    6  4.1  3.7      1458
 *** DISTANCE & RESIDUAL WEIGHTING CANCELLED FOR EVENT: 2021  2 22  9  2
 1459 2021- 2-22  9:02     # 55  8  161 58   3.84 0.27  0.0    5  1.4  2.9      1459
 1460 2021- 2-22  9:38     - 54 58  161 19  27.15 0.17  0.0    5 18.0  7.0      1460
 *** DISTANCE & RESIDUAL WEIGHTING CANCELLED FOR EVENT: 2021  2 22  9 39
 1461 2021- 2-22  9:39     # 55  3  161 39  22.23 0.50  0.0    5 27.9  9.3      1461
 1462 2021- 2-22 11:08     - 55 14  161  4  39.19 0.10  0.0    7 12.0  3.9      1462
 1463 2021- 2-22 12:58     - 55 17  161 41   4.82 0.00  0.0    4 10.1  0.9      1463
 *** DISTANCE & RESIDUAL WEIGHTING CANCELLED FOR EVENT: 2021  2 22 12 59
 1464 2021- 2-22 12:59     # 55 19  162  7   5.00 3.21  0.0    4 65.7 74.1      1464
 1465 2021- 2-22 13:01       54 43  160 22  17.58 0.13  0.0   18  1.2  1.8      1465
 1466 2021- 2-22 13:49     - 54 56  161 22  21.40 0.15  0.0    5 15.3 12.9      1466
 1467 2021- 2-22 15:27     - 55 35  160 17  14.53 0.42  0.0   15 15.0 29.3      1467
 1468 2021- 2-22 16:17     - 54 38  161 19   5.03 0.19  0.0   16  6.7 14.1      1468
 1469 2021- 2-22 16:38     - 55 22  160 51  33.36 0.20  0.0   10 17.3 19.5      1469
 *** DISTANCE & RESIDUAL WEIGHTING CANCELLED FOR EVENT: 2021  2 22 16 39
 1470 2021- 2-22 16:39     - 55 15  160 16   5.12 1.82  0.0    5 66.9 73.0      1470
  SEQ ---DATE--- TIME REMARK -LAT-  --LON-  DEPTH  RMS PMAG  NUM  ERH  ERZ  ID
 1471 2021- 2-22 16:50     - 54 60  161 50  22.98 0.05  0.0    5  9.6  6.4      1471
 1472 2021- 2-22 16:50       55  3  161 43  13.75 0.07  0.0    5  5.2  1.3      1472
 1473 2021- 2-22 19:49     - 55 53  160 43   5.01 0.26  0.0    6 23.0 25.2      1473
 1474 2021- 2-22 20:04     - 55  3  162 10   1.56 0.14  0.0    5  2.4 14.1      1474
 *** DISTANCE & RESIDUAL WEIGHTING CANCELLED FOR EVENT: 2021  2 22 20 15
 1475 2021- 2-22 20:15     # 54 59  161 34  11.43 0.34  0.0    5 16.6 13.7      1475
 1476 2021- 2-22 20:16     - 55  7  161 36   5.41 0.07  0.0    4  9.8  3.4      1476
 1477 2021- 2-22 22:18     - 54 54  161 23  26.23 0.21  0.0    7 19.0  6.7      1477
 *** DISTANCE & RESIDUAL WEIGHTING CANCELLED FOR EVENT: 2021  2 22 22 18
 1478 2021- 2-22 22:18     - 55  1  162  8   5.55 0.71  0.0    6 54.0  6.3      1478
 1479 2021- 2-23  3:46     - 55  3  161 21   1.53 0.05  0.0    5 11.1  3.8      1479
 1480 2021- 2-23  3:47     - 55  3  161 28   3.05 0.07  0.0    5 12.3  3.4      1480
 1481 2021- 2-23  3:54     - 54 40  162 30   4.95 0.03  0.0    4  5.3 11.6      1481
 1482 2021- 2-23  6:20     - 55  1  161  9  30.95 0.18  0.0    9 14.2  1.8      1482
 1483 2021- 2-23  6:20     - 54 53  160 34  21.64 0.42  0.0    7 34.0  9.6      1483
 1484 2021- 2-23  6:40     - 54 56  161  5  35.13 0.22  0.0    8 19.5 13.1      1484
 1485 2021- 2-23  6:41     - 55  4  161 39  39.40 0.06  0.0    5 11.2  4.8      1485
  SEQ ---DATE--- TIME REMARK -LAT-  --LON-  DEPTH  RMS PMAG  NUM  ERH  ERZ  ID
 1486 2021- 2-23 10:42     - 54 59  161 41  23.82 0.09  0.0    4 12.8  5.0      1486
 1487 2021- 2-23 10:42     - 55  9  161 58   0.24 0.45  0.0    6  1.8 33.6      1487
 1488 2021- 2-23 12:29       55 24  161 44  19.24 0.08  0.0    6  2.0  1.3      1488
 1489 2021- 2-23 12:33     - 55 41  163  6   4.07 0.21  0.0    7  9.2 19.4      1489
 1490 2021- 2-23 16:30     - 55  7  163 38   4.92 0.39  0.0    6 14.8 31.3      1490
 1491 2021- 2-23 16:37     - 54 45  160  5   5.02 0.17  0.0    7 16.5 18.0      1491
 1492 2021- 2-23 16:37     - 55 20  161 44   0.71 0.06  0.0    4 10.2 10.8      1492
 1493 2021- 2-23 20:03     - 54 39  161 26   5.14 0.18  0.0   16  6.6 13.7      1493
 1494 2021- 2-23 21:59     - 55  6  161 28   3.63 0.04  0.0    4 12.7  4.4      1494
 *** DISTANCE & RESIDUAL WEIGHTING CANCELLED FOR EVENT: 2021  2 23 22  0
 1495 2021- 2-23 22:00     - 54 49  161 27   6.72 0.59  0.0    6 33.3 50.5      1495
 1496 2021- 2-23 22:02     - 55  3  161 37   5.00 0.07  0.0    4 10.1 13.6      1496
 *** DISTANCE & RESIDUAL WEIGHTING CANCELLED FOR EVENT: 2021  2 23 22  2
 1497 2021- 2-23 22:02     - 54 58  161 33   6.62 0.53  0.0    6 20.8 45.3      1497
 1498 2021- 2-23 22:34     - 54 53  162 16   5.07 0.06  0.0    5 10.9  1.6      1498
 *** DISTANCE & RESIDUAL WEIGHTING CANCELLED FOR EVENT: 2021  2 23 22 35
 1499 2021- 2-23 22:35     - 54 58  162 21   4.68 0.76  0.0    4 57.4 32.8      1499
 1500 2021- 2-23 22:41     - 54 54  161 20  27.63 0.20  0.0    9 15.4  2.3      1500
  SEQ ---DATE--- TIME REMARK -LAT-  --LON-  DEPTH  RMS PMAG  NUM  ERH  ERZ  ID
 1501 2021- 2-23 22:41     - 54 41  161  4  29.20 0.21  0.0    7 16.7  2.5      1501
 1502 2021- 2-23 23:36     - 55  5  161 29  10.16 0.10  0.0    6  3.6 10.4      1502
 1503 2021- 2-23 23:36     - 54 39  161  2  18.44 0.53  0.0    7 28.7 44.1      1503
 *** DISTANCE & RESIDUAL WEIGHTING CANCELLED FOR EVENT: 2021  2 23 23 46
 1504 2021- 2-23 23:46     # 55  8  161 33   5.00 0.68  0.0    4 20.9 13.2      1504
 1505 2021- 2-23 23:48     - 54 57  161  8   5.00 0.06  0.0    4 12.7 13.1      1505
 1506 2021- 2-23 23:48     - 54 51  161 28  37.34 0.36  0.0    6 28.7  9.0      1506
 1507 2021- 2-24  0:04     - 54 31  161  7   5.02 0.12  0.0    5 14.0 15.9      1507
 *** DISTANCE & RESIDUAL WEIGHTING CANCELLED FOR EVENT: 2021  2 24  0  4
 1508 2021- 2-24  0:04     - 54 54  161 42  13.40 0.51  0.0    4 37.8 14.1      1508
 1509 2021- 2-24  1:14     - 54 55  160 18   5.04 0.10  0.0    8  6.3 13.7      1509
 1510 2021- 2-24  2:36     - 54 47  161 11  32.97 0.26  0.0   10 20.4 25.0      1510
 1511 2021- 2-24  2:36     - 54 30  160 46  19.43 0.69  0.0   10 49.3 13.7      1511
 *** DISTANCE & RESIDUAL WEIGHTING CANCELLED FOR EVENT: 2021  2 24  3 20
 1512 2021- 2-24  3:20     - 55  8  161 26   5.00 0.26  0.0    4 24.5  7.4      1512
 1513 2021- 2-24  3:44     - 55  9  161 21   6.47 0.10  0.0    6  6.3 13.7      1513
 *** DISTANCE & RESIDUAL WEIGHTING CANCELLED FOR EVENT: 2021  2 24  3 45
 1514 2021- 2-24  3:45     # 55 18  162  8   8.41 0.17  0.0    4  2.3  4.8      1514
 1515 2021- 2-24  3:53     - 54 54  161  3  24.57 0.26  0.0    5 23.5 19.4      1515
 *** DISTANCE & RESIDUAL WEIGHTING CANCELLED FOR EVENT: 2021  2 24  3 53
  SEQ ---DATE--- TIME REMARK -LAT-  --LON-  DEPTH  RMS PMAG  NUM  ERH  ERZ  ID
 1516 2021- 2-24  3:53     - 54 42  161 23   9.44 0.78  0.0    6 41.9 54.7      1516
 1517 2021- 2-24  4:27     # 55 19  162  3  23.33 1.44  0.0    8 10.1 29.2      1517
 1518 2021- 2-24  4:27     - 55  2  162 52   5.33 0.21  0.0    4  8.4 19.9      1518
 1519 2021- 2-24  4:47     - 55 23  161 16  12.52 0.14  0.0    5 11.4  8.7      1519
 1520 2021- 2-24  4:47     - 55 21  161 30  56.05 0.07  0.0    4  8.6  8.3      1520
 *** DISTANCE & RESIDUAL WEIGHTING CANCELLED FOR EVENT: 2021  2 24  4 49
 1521 2021- 2-24  4:49     - 55  6  161 15   3.73 0.44  0.0    5 16.1 33.4      1521
 *** DISTANCE & RESIDUAL WEIGHTING CANCELLED FOR EVENT: 2021  2 24  5 24
 1522 2021- 2-24  5:24     # 55 18  162  5   5.00 0.88  0.0    5  9.2 32.4      1522
 1523 2021- 2-24  5:24     - 55  4  161 41   4.79 0.08  0.0    4 13.4  2.7      1523
 1524 2021- 2-24  7:59     - 55 33  163 17   5.38 0.78  0.0    5 48.2 66.3      1524
 1525 2021- 2-24  8:09     - 54 59  161 26   5.00 0.07  0.0    5 11.4 13.6      1525
 1526 2021- 2-24  8:09     - 54 36  161  7   5.05 0.23  0.0    4 19.5 22.2      1526
 1527 2021- 2-24 10:03     - 55 10  163 15   4.66 0.24  0.0    4  9.5 20.9      1527
 1528 2021- 2-24 11:15     - 54 58  161 17   5.00 0.13  0.0    7 14.4 16.4      1528
 1529 2021- 2-24 14:19     - 55  9  163 17   3.23 0.31  0.0    8 12.2 25.5      1529
 *** DISTANCE & RESIDUAL WEIGHTING CANCELLED FOR EVENT: 2021  2 24 14 19
 1530 2021- 2-24 14:19     - 55 48  161 59   5.00 1.03  0.0    4 36.7 78.8      1530
  SEQ ---DATE--- TIME REMARK -LAT-  --LON-  DEPTH  RMS PMAG  NUM  ERH  ERZ  ID
 1531 2021- 2-24 14:34     - 54 59  162 28  28.71 0.04  0.0    5  7.7  9.6      1531
 1532 2021- 2-24 14:35     - 55  3  160 55   5.01 0.21  0.0    6 19.4 21.3      1532
 1533 2021- 2-24 14:54     - 54 56  161 13   5.01 0.06  0.0    5 12.8 13.5      1533
 *** DISTANCE & RESIDUAL WEIGHTING CANCELLED FOR EVENT: 2021  2 24 14 54
 1534 2021- 2-24 14:54     - 55  6  161 24  35.79 0.67  0.0    4 40.8 12.7      1534
 1535 2021- 2-24 15:21     # 54 59  162 13   0.16 0.22  0.0    7  1.1  9.6      1535
 *** DISTANCE & RESIDUAL WEIGHTING CANCELLED FOR EVENT: 2021  2 24 15 21
 1536 2021- 2-24 15:21     # 54 56  162 18   4.53 0.55  0.0    7 13.8  9.5      1536
 1537 2021- 2-24 16:20     - 55  2  161 43  19.19 0.17  0.0    7 13.5  4.4      1537
 *** DISTANCE & RESIDUAL WEIGHTING CANCELLED FOR EVENT: 2021  2 24 16 20
 1538 2021- 2-24 16:20     - 55 35  161 36  20.01 0.34  0.0    4 24.9 16.9      1538
 1539 2021- 2-24 16:20     - 55 10  161  1   5.04 0.16  0.0    4 15.5 16.3      1539
 1540 2021- 2-24 17:41     - 55  8  163 18   4.99 0.18  0.0    5  8.4 17.4      1540
 1541 2021- 2-24 18:28     - 54 58  161 21   5.00 0.19  0.0    6 15.8 20.1      1541
 1542 2021- 2-24 18:28     - 54 59  161 32  40.13 0.27  0.0    4 20.5  7.2      1542
 1543 2021- 2-24 19:10     - 55 36  161 36   5.59 0.09  0.0    4  6.4 13.0      1543
 1544 2021- 2-24 19:51       54 59  161 24  32.21 0.25  0.0    6 14.8  1.4      1544
 1545 2021- 2-24 19:51     - 54 52  161  7  29.41 0.18  0.0    6 17.4  9.6      1545
  SEQ ---DATE--- TIME REMARK -LAT-  --LON-  DEPTH  RMS PMAG  NUM  ERH  ERZ  ID
 1546 2021- 2-24 20:43     - 55  9  163 13   5.14 0.30  0.0    8 10.9 23.8      1546
 1547 2021- 2-24 20:44     - 54 44  162 24   5.02 0.33  0.0    5 26.2 27.5      1547
 1548 2021- 2-24 20:59     - 55 11  163 14   5.52 0.24  0.0    7  9.5 20.1      1548
 1549 2021- 2-24 20:59     - 54 51  162 16   3.97 0.20  0.0    5 18.3  7.1      1549
 *** DISTANCE & RESIDUAL WEIGHTING CANCELLED FOR EVENT: 2021  2 24 23 47
 1550 2021- 2-24 23:47     # 55 14  161 53   4.01 0.51  0.0    4 21.0 18.2      1550
 1551 2021- 2-25  2:04     - 55  8  161 56   7.80 0.13  0.0    6  9.0 10.4      1551
 *** DISTANCE & RESIDUAL WEIGHTING CANCELLED FOR EVENT: 2021  2 25  2  4
 1552 2021- 2-25  2:04     # 55 14  162  8   5.01 0.89  0.0    6 21.8 17.3      1552
 1553 2021- 2-25  3:22     - 54 45  162 28   5.02 0.22  0.0    7 20.3 21.9      1553
 1554 2021- 2-25  3:22     # 55 24  161 20   0.16 0.24  0.0    4  3.2  2.3      1554
 1555 2021- 2-25  4:43     - 55  2  161 31  29.18 0.20  0.0    7 17.0  6.1      1555
 *** DISTANCE & RESIDUAL WEIGHTING CANCELLED FOR EVENT: 2021  2 25  4 44
 1556 2021- 2-25  4:44     # 55 11  161 46  24.37 0.71  0.0    6 19.3 21.4      1556
 1557 2021- 2-25  5:45     - 54 60  161 26  28.10 0.22  0.0    7 16.3  6.1      1557
 1558 2021- 2-25  5:45     - 54 44  161  3  40.42 0.17  0.0    5 16.0 18.4      1558
 1559 2021- 2-25  7:38     - 54 58  161 36  27.31 0.22  0.0    5 16.5  7.7      1559
 1560 2021- 2-25  7:39     # 55  1  161 30   3.15 0.40  0.0    6 14.0  5.4      1560
 *** DISTANCE & RESIDUAL WEIGHTING CANCELLED FOR EVENT: 2021  2 25  8 33
  SEQ ---DATE--- TIME REMARK -LAT-  --LON-  DEPTH  RMS PMAG  NUM  ERH  ERZ  ID
 1561 2021- 2-25  8:33     - 55 20  162  5   5.16 0.38  0.0    4  4.9 24.4      1561
 1562 2021- 2-25  8:33     - 55 19  161 20  14.07 0.18  0.0    4 18.5  9.1      1562
 1563 2021- 2-25 12:55     - 55  1  161 31  22.64 0.15  0.0    7 14.0  3.6      1563
 1564 2021- 2-25 12:55     - 54 52  161 18  16.69 0.03  0.0    6  5.7 12.6      1564
 1565 2021- 2-25 13:26     - 54 59  162 21  14.06 0.02  0.0    4  7.1  8.5      1565
 1566 2021- 2-25 14:16     - 55 37  163 37   4.19 0.60  0.0    8 20.2 43.4      1566
 1567 2021- 2-25 14:17     - 56  0  162 26   5.05 0.35  0.0    9 13.1 28.3      1567
 1568 2021- 2-25 15:59       55  5  162  4  13.84 0.00  0.0    4  3.7  7.8      1568
 1569 2021- 2-25 16:35     - 54 28  161 59   5.53 0.31  0.0   17 11.7 25.3      1569
 *** DISTANCE & RESIDUAL WEIGHTING CANCELLED FOR EVENT: 2021  2 25 17  3
 1570 2021- 2-25 17:02     # 55  1  162  1   4.02 0.57  0.0    6 11.9  3.2      1570
 1571 2021- 2-25 17:10     - 55  7  161 40   5.43 0.15  0.0    4 16.8  4.2      1571
 1572 2021- 2-25 18:54     - 54 40  161 17   0.01 0.53  0.0   14 16.5 35.1      1572
 *** DISTANCE & RESIDUAL WEIGHTING CANCELLED FOR EVENT: 2021  2 25 19 57
 1573 2021- 2-25 19:57     - 55 46  162 39   5.01 0.29  0.0    4 24.7 26.9      1573
 1574 2021- 2-25 22:00     - 55 12  162 17   0.62 0.08  0.0    4 11.8  8.9      1574
 1575 2021- 2-26  1:05     - 55  1  161 39  20.86 0.13  0.0    6 12.7  3.6      1575
  SEQ ---DATE--- TIME REMARK -LAT-  --LON-  DEPTH  RMS PMAG  NUM  ERH  ERZ  ID
 1576 2021- 2-26  1:05     - 54 58  161 30  16.77 0.13  0.0    6 14.9  0.8      1576
 1577 2021- 2-26  3:14     - 55 11  163 22   4.98 0.53  0.0    7 19.9 40.5      1577
 1578 2021- 2-26  3:14     - 55  1  161 25   5.46 0.08  0.0    5  6.9 12.3      1578
 1579 2021- 2-26  7:09     - 55  5  161 18   4.98 0.12  0.0    4  6.8 14.7      1579
 *** DISTANCE & RESIDUAL WEIGHTING CANCELLED FOR EVENT: 2021  2 26  8  0
 1580 2021- 2-26  7:59     # 55 22  162  9   5.00 0.65  0.0    4  5.6 37.1      1580
 1581 2021- 2-26  9:03     - 54 58  161 10  29.77 0.19  0.0   10 15.3  1.9      1581
 1582 2021- 2-26  9:04     - 54 58  161 11  18.52 0.31  0.0    7 18.8 13.2      1582
 *** DISTANCE & RESIDUAL WEIGHTING CANCELLED FOR EVENT: 2021  2 26 10 25
 1583 2021- 2-26 10:25     - 55  2  161 21  16.38 0.41  0.0    4 32.0  4.2      1583
 *** DISTANCE & RESIDUAL WEIGHTING CANCELLED FOR EVENT: 2021  2 26 11 50
 1584 2021- 2-26 11:50     - 55 26  161 46   0.82 0.16  0.0    4  2.8 14.0      1584
 1585 2021- 2-26 12:09     # 55  9  162  1  66.64 0.41  0.0   11 21.7  8.5      1585
 *** DISTANCE & RESIDUAL WEIGHTING CANCELLED FOR EVENT: 2021  2 26 12  9
 1586 2021- 2-26 12:09     - 54 39  161 25   5.00 0.56  0.0    6 42.6 47.6      1586
 1587 2021- 2-26 13:25     - 54 38  160 45   4.49 0.19  0.0   11  8.4 18.2      1587
 *** DISTANCE & RESIDUAL WEIGHTING CANCELLED FOR EVENT: 2021  2 26 14 30
 1588 2021- 2-26 14:30     - 55  6  161 20  29.33 0.46  0.0    4 34.9 18.1      1588
 *** DISTANCE & RESIDUAL WEIGHTING CANCELLED FOR EVENT: 2021  2 26 18 11
 1589 2021- 2-26 18:11     - 55 23  162 32   5.00 0.50  0.0    4 18.4 39.2      1589
 1590 2021- 2-26 19:00       55 28  161 60  28.53 0.07  0.0    5  6.2  1.6      1590
  SEQ ---DATE--- TIME REMARK -LAT-  --LON-  DEPTH  RMS PMAG  NUM  ERH  ERZ  ID
 1591 2021- 2-26 19:39     - 55 18  161 45   9.76 0.05  0.0    4  9.1  6.0      1591
 1592 2021- 2-26 19:40     - 55  5  161  7   5.00 0.22  0.0    4 19.0 20.0      1592
 1593 2021- 2-26 21:00     - 55  2  161 33  25.41 0.20  0.0    7 15.5  5.4      1593
 1594 2021- 2-26 21:00     - 54 56  161 20  29.56 0.25  0.0    6 20.7  5.5      1594
 1595 2021- 2-26 21:29     - 55  4  161 58   5.53 0.03  0.0    5 11.0  3.7      1595
 1596 2021- 2-26 21:30     - 54 60  161 13  28.53 0.22  0.0    8 17.8  8.7      1596
 *** DISTANCE & RESIDUAL WEIGHTING CANCELLED FOR EVENT: 2021  2 26 23 38
 1597 2021- 2-26 23:38     - 55  8  162 35   8.87 0.74  0.0    6  7.5 59.5      1597
 1598 2021- 2-27  0:06     - 55  2  161 31  22.00 0.19  0.0    4 16.6  9.9      1598
 *** DISTANCE & RESIDUAL WEIGHTING CANCELLED FOR EVENT: 2021  2 27  1 59
 1599 2021- 2-27  1:59     # 55 13  161 53   4.98 0.43  0.0    4 10.3  4.4      1599
 1600 2021- 2-27  2:23     - 54 54  162  2  17.24 0.06  0.0    4  6.0 11.7      1600
 1601 2021- 2-27  6:27     - 55  6  161 24  22.22 0.04  0.0    4 12.1  7.6      1601
 1602 2021- 2-27  6:44       55  0  161 41  24.54 0.18  0.0    7  2.7  3.7      1602
 1603 2021- 2-27  6:44     - 54 52  161 41  49.31 0.31  0.0    5 21.3 11.3      1603
 *** DISTANCE & RESIDUAL WEIGHTING CANCELLED FOR EVENT: 2021  2 27  8 36
 1604 2021- 2-27  8:36     - 55  7  161 14  32.40 0.51  0.0    4 41.2  3.4      1604
 1605 2021- 2-27  8:42     - 55 13  162  3   4.68 0.11  0.0    4 13.5  5.3      1605
  SEQ ---DATE--- TIME REMARK -LAT-  --LON-  DEPTH  RMS PMAG  NUM  ERH  ERZ  ID
 1606 2021- 2-27  8:42       55 15  162 16   4.77 0.07  0.0    4  4.4  4.8      1606
 1607 2021- 2-27  9:20     - 55 50  162 44   5.25 0.06  0.0    5  4.8 12.3      1607
 1608 2021- 2-27  9:20       55 12  161 57   3.92 0.30  0.0    7  0.9  1.9      1608
 *** DISTANCE & RESIDUAL WEIGHTING CANCELLED FOR EVENT: 2021  2 27 14 59
 1609 2021- 2-27 14:58     # 55  6  161 43   3.57 1.02  0.0    4 52.3 20.8      1609
 1610 2021- 2-27 15:07     - 54 22  162 53   4.82 0.17  0.0    5  8.0 17.4      1610
 1611 2021- 2-27 15:30     - 55  3  161 27   5.00 0.14  0.0    5 13.1 17.1      1611
 1612 2021- 2-27 15:30     - 54 47  161 30  17.87 0.17  0.0    4 15.3 18.2      1612
 1613 2021- 2-27 16:28     - 55 37  160 31   5.00 0.19  0.0    7 19.2 19.7      1613
 1614 2021- 2-27 16:44     - 55 59  161  7   3.64 0.06  0.0    4 10.5  8.2      1614
 1615 2021- 2-27 19:01     - 55 57  161 15   5.00 0.21  0.0    5 19.2 19.5      1615
 1616 2021- 2-27 19:03     - 55 11  161 42   4.18 0.00  0.0    4  7.9  4.1      1616
 1617 2021- 2-27 20:10     - 54 56  161 22  25.33 0.20  0.0    8 17.7  7.1      1617
 1618 2021- 2-27 20:11     - 54 58  161 32  37.65 0.26  0.0    5 22.7  6.4      1618
 1619 2021- 2-27 22:13     - 55  5  161 11  25.46 0.24  0.0    9 18.3  8.8      1619
 1620 2021- 2-27 22:13     - 55 15  161 45   8.66 0.10  0.0    4  6.6 10.8      1620
  SEQ ---DATE--- TIME REMARK -LAT-  --LON-  DEPTH  RMS PMAG  NUM  ERH  ERZ  ID
 1621 2021- 2-27 22:13     - 55  6  162 54   5.00 0.79  0.0    5 52.3 65.9      1621
 1622 2021- 2-28  3:20     - 55  9  161 10   5.00 0.17  0.0    5 15.4 18.8      1622
 1623 2021- 2-28  3:20     - 55  3  161  1  20.97 0.10  0.0    5 13.1 10.6      1623
 1624 2021- 2-28  3:40     - 54 59  161 24  21.87 0.26  0.0    7 20.4  9.2      1624
 *** DISTANCE & RESIDUAL WEIGHTING CANCELLED FOR EVENT: 2021  2 28  3 40
 1625 2021- 2-28  3:40     - 54 58  161 38   6.90 0.11  0.0    4 10.4 14.7      1625
 *** DISTANCE & RESIDUAL WEIGHTING CANCELLED FOR EVENT: 2021  2 28  5 26
 1626 2021- 2-28  5:26     - 54 55  162 11   4.85 0.21  0.0    4  9.1 19.8      1626
 1627 2021- 2-28  6:21     - 54 56  161 14  28.75 0.16  0.0    8 13.6  4.8      1627
 1628 2021- 2-28  6:21     - 54 34  160 55  21.81 0.37  0.0   10 23.1  6.0      1628
 1629 2021- 2-28  6:50     - 54 59  162 28   4.94 0.05  0.0    4  5.5 11.9      1629
 1630 2021- 2-28  7:12     - 55  6  161 54   9.68 0.07  0.0    4  8.2  5.9      1630
 1631 2021- 2-28  7:12     - 54 52  161 20  33.49 0.15  0.0    6 13.4 11.4      1631
 1632 2021- 2-28  8:10     - 55  4  161  2  32.03 0.18  0.0    9 16.3  1.3      1632
 1633 2021- 2-28  8:10     - 55  9  161 35  33.34 0.11  0.0    4 11.0  7.2      1633
 *** DISTANCE & RESIDUAL WEIGHTING CANCELLED FOR EVENT: 2021  2 28  8 10
 1634 2021- 2-28  8:10     # 55 23  161 32   5.02 0.53  0.0    5  7.5  4.3      1634
 1635 2021- 2-28 10:47     - 54 60  162 23   8.47 0.01  0.0    4  8.9  8.4      1635
 *** DISTANCE & RESIDUAL WEIGHTING CANCELLED FOR EVENT: 2021  2 28 10 47
  SEQ ---DATE--- TIME REMARK -LAT-  --LON-  DEPTH  RMS PMAG  NUM  ERH  ERZ  ID
 1636 2021- 2-28 10:47     - 55  5  161  8   5.04 0.15  0.0    4  6.9 15.5      1636
 *** DISTANCE & RESIDUAL WEIGHTING CANCELLED FOR EVENT: 2021  2 28 16  0
 1637 2021- 2-28 15:59     - 55 22  162 10   5.00 0.28  0.0    4  2.7 23.0      1637
 1638 2021- 2-28 18:01     - 54 28  161  2   4.81 0.12  0.0    8  6.4 14.1      1638
 1639 2021- 2-28 18:01     - 54 25  161 51   3.72 0.20  0.0    5 18.2 19.1      1639
 1640 2021- 2-28 18:30     - 54 31  161 18   5.44 0.05  0.0    7  5.0 11.7      1640
 1641 2021- 2-28 18:30     - 54 56  162 48   5.43 0.02  0.0    4  5.1 11.5      1641
 1642 2021- 2-28 21:22     - 55 31  162 30   4.91 0.01  0.0    4  4.3 11.0      1642
 *** DISTANCE & RESIDUAL WEIGHTING CANCELLED FOR EVENT: 2021  2 28 21 50
 1643 2021- 2-28 21:50     - 55  3  161 29  23.27 0.21  0.0    4 16.6 11.0      1643
 1644 2021- 2-28 22:08     # 54 28  163  9   1.31 0.20  0.0   12  4.8  9.4      1644
 1645 2021- 2-28 22:09     - 54 53  162 56   5.04 0.03  0.0    4 10.9 11.4      1645
 1646 2021- 2-28 22:59       55 23  161 49   5.58 0.26  0.0   12  0.7  0.6      1646
 1647 2021- 3- 1  4:28     - 54 51  161 15   6.87 0.24  0.0   10  4.5 23.6      1647
 1648 2021- 3- 1  4:29     - 54 50  161 29   5.00 0.58  0.0    5 36.8 49.1      1648
 1649 2021- 3- 1 14:27     - 55 39  162 34   5.02 0.05  0.0    4  5.6 11.9      1649
 1650 2021- 3- 1 14:58     - 54 57  161  8  29.95 0.20  0.0    9 17.1  2.2      1650
  SEQ ---DATE--- TIME REMARK -LAT-  --LON-  DEPTH  RMS PMAG  NUM  ERH  ERZ  ID
 1651 2021- 3- 1 14:58     - 54 43  160 39  22.86 0.16  0.0    8 13.9  3.7      1651
 1652 2021- 3- 1 15:00     - 54 57  161  9  29.73 0.21  0.0    9 17.5  2.3      1652
 1653 2021- 3- 1 14:59     - 54 35  160 19  16.00 0.22  0.0    9 15.7 10.5      1653
 1654 2021- 3- 1 20:38     - 55 16  161 34   0.43 0.04  0.0    4 10.7 12.9      1654
 1655 2021- 3- 1 21:08     - 54 49  160 40  25.95 0.18  0.0   10 16.8  3.1      1655
 1656 2021- 3- 1 21:08     - 54 43  160 46   5.00 0.17  0.0    4 16.8 17.7      1656
 1657 2021- 3- 2  1:54     - 55  7  161 28  22.68 0.20  0.0    5 12.2  9.7      1657
 1658 2021- 3- 2  1:54     - 55  8  160 28   5.04 0.25  0.0    6 21.8 23.5      1658
 1659 2021- 3- 2  3:28     - 55 20  161 12  42.66 0.11  0.0    4 15.2  6.9      1659
 *** DISTANCE & RESIDUAL WEIGHTING CANCELLED FOR EVENT: 2021  3  2 11 48
 1660 2021- 3- 2 11:48     - 54 31  162 15   5.00 0.29  0.0    4 11.5 24.9      1660
 1661 2021- 3- 2 13:18       54 55  162 13   5.07 0.02  0.0    5  5.5  4.9      1661
 1662 2021- 3- 2 14:45       55  4  161 37  18.71 0.21  0.0    6 14.5  3.5      1662
 1663 2021- 3- 2 14:45     - 54 51  161 12  18.17 0.29  0.0    6 18.0 20.8      1663
 1664 2021- 3- 2 17:04     - 55  7  161 20   7.49 0.15  0.0    4 12.8 13.1      1664
 1665 2021- 3- 2 18:20     - 54 53  161 12  33.15 0.24  0.0    8 15.9 19.4      1665
  SEQ ---DATE--- TIME REMARK -LAT-  --LON-  DEPTH  RMS PMAG  NUM  ERH  ERZ  ID
 1666 2021- 3- 2 18:20     - 54 55  161 20  25.46 0.16  0.0    6 16.1  4.5      1666
 1667 2021- 3- 2 22:42     - 55  7  161 23   5.00 0.19  0.0    4 19.1 20.1      1667
 1668 2021- 3- 3  2:44     - 55 10  163  9   3.98 0.28  0.0    6 11.5 23.8      1668
 *** DISTANCE & RESIDUAL WEIGHTING CANCELLED FOR EVENT: 2021  3  3  5 37
 1669 2021- 3- 3  5:37     - 55 34  161 37   6.90 0.37  0.0    4 24.2 32.8      1669
 1670 2021- 3- 3 12:31     - 55 10  160 59   5.00 0.32  0.0    7 25.3 29.3      1670
 1671 2021- 3- 3 12:32       55 15  160 56  30.34 0.12  0.0    7  4.0  1.5      1671
 1672 2021- 3- 3 13:54     - 54 48  160 54  28.11 0.21  0.0   11 17.4  3.1      1672
 1673 2021- 3- 3 13:54     - 54 47  161  5  29.07 0.18  0.0    8 13.7  2.7      1673
 1674 2021- 3- 3 15:09     - 54 45  161  4  36.31 0.24  0.0   10 16.3 13.7      1674
 1675 2021- 3- 3 15:09     - 54 54  161 38  25.86 0.09  0.0    5 11.8  6.2      1675
 1676 2021- 3- 3 22:09       55  3  161 37   0.06 0.01  0.0    5  1.1  1.9      1676
 1677 2021- 3- 4  0:35     - 55 13  163 17   7.21 0.21  0.0    6  2.1 21.4      1677
 1678 2021- 3- 4  0:35     - 55 11  161 40   1.80 0.19  0.0    9  5.3 15.4      1678
 1679 2021- 3- 4  0:38     - 55 12  163 16   6.41 0.29  0.0    6 12.1 23.8      1679
 1680 2021- 3- 4  0:38     - 54 34  161 29   4.78 0.19  0.0   10  9.9 17.7      1680
 *** DISTANCE & RESIDUAL WEIGHTING CANCELLED FOR EVENT: 2021  3  4  0 38
  SEQ ---DATE--- TIME REMARK -LAT-  --LON-  DEPTH  RMS PMAG  NUM  ERH  ERZ  ID
 1681 2021- 3- 4  0:38     - 54 56  162 18   5.00 0.42  0.0    4 33.0 36.2      1681
 1682 2021- 3- 4  0:41     - 54 33  163  1  73.44 0.13  0.0    4 14.5  7.3      1682
 *** DISTANCE & RESIDUAL WEIGHTING CANCELLED FOR EVENT: 2021  3  4  0 44
 1683 2021- 3- 4  0:44     # 55 21  162  0   5.02 1.22  0.0    6  7.3 10.1      1683
 1684 2021- 3- 4  0:44       55 18  161 44   6.21 0.00  0.0    4  3.7  0.5      1684
 1685 2021- 3- 4  0:49     - 54 45  163 30   4.99 0.07  0.0    5  5.7 12.3      1685
 1686 2021- 3- 4  0:58     - 55  8  163 15   3.66 0.93  0.0   11 27.6 57.6      1686
 *** DISTANCE & RESIDUAL WEIGHTING CANCELLED FOR EVENT: 2021  3  4  1  5
 1687 2021- 3- 4  1:05     # 54 53  161 58   5.00 1.23  0.0    6 22.6  9.2      1687
 1688 2021- 3- 4  1:22     - 55 14  163 24   0.61 0.69  0.0   11 24.1 49.8      1688
 1689 2021- 3- 4  1:29     - 55  0  161 26  45.88 0.23  0.0    4 20.1 11.0      1689
 *** DISTANCE & RESIDUAL WEIGHTING CANCELLED FOR EVENT: 2021  3  4  1 30
 1690 2021- 3- 4  1:29     - 55  2  160 49   5.03 0.24  0.0    4 20.7 23.3      1690
 *** DISTANCE & RESIDUAL WEIGHTING CANCELLED FOR EVENT: 2021  3  4  1 58
 1691 2021- 3- 4  1:58     - 55  4  163 26   5.00 1.05  0.0    6 37.0 77.9      1691
 1692 2021- 3- 4  2:20     - 55 15  163 28   1.83 0.62  0.0   11 22.5 47.1      1692
 1693 2021- 3- 4  2:35     - 55  0  161 26  25.03 0.14  0.0    8 14.5  4.1      1693
 1694 2021- 3- 4  2:35     - 54 45  161  6  32.49 0.24  0.0    6 19.4 23.6      1694
 1695 2021- 3- 4  3:07     - 55 14  163 23   0.01 0.74  0.0   11 26.1 53.7      1695
  SEQ ---DATE--- TIME REMARK -LAT-  --LON-  DEPTH  RMS PMAG  NUM  ERH  ERZ  ID
 1696 2021- 3- 4  4:39     - 55 10  161 20   5.02 0.08  0.0    5 13.5 14.0      1696
 *** DISTANCE & RESIDUAL WEIGHTING CANCELLED FOR EVENT: 2021  3  4  4 40
 1697 2021- 3- 4  4:40     - 55  3  162  7   5.00 0.65  0.0    4 48.2 50.6      1697
 1698 2021- 3- 4  5:59     - 54 55  162 58   5.60 0.09  0.0    4  5.9 13.0      1698
 1699 2021- 3- 4  6:25     - 54 48  161  2   5.01 0.22  0.0    6 20.6 22.4      1699
 *** DISTANCE & RESIDUAL WEIGHTING CANCELLED FOR EVENT: 2021  3  4  6 25
 1700 2021- 3- 4  6:25     # 55 12  161 58   2.43 0.73  0.0    5  5.0 34.1      1700
 1701 2021- 3- 4  8:55     - 54 34  162 44   4.42 0.38  0.0    5 14.4 31.1      1701
 *** DISTANCE & RESIDUAL WEIGHTING CANCELLED FOR EVENT: 2021  3  4  9 29
 1702 2021- 3- 4  9:29     - 55 19  161 43  25.34 0.32  0.0    4 29.2  2.4      1702
 1703 2021- 3- 4  9:38     - 54 30  161 44   4.47 0.16  0.0   12  7.4 15.7      1703
 1704 2021- 3- 4  9:42     - 54 30  161 43   4.20 0.16  0.0   13  7.4 15.4      1704
 1705 2021- 3- 4 10:49     - 55 59  160 56   5.00 0.19  0.0    6 17.3 20.0      1705
 1706 2021- 3- 4 12:59       55  1  161 31  22.79 0.25  0.0    9  3.2  4.3      1706
 1707 2021- 3- 4 12:59     - 55  9  161 57   0.86 0.06  0.0    5  1.4 10.0      1707
 1708 2021- 3- 4 13:40     - 55  9  163  8   5.05 0.18  0.0    6 12.5 19.3      1708
 1709 2021- 3- 4 13:55       55 21  161 58  31.92 0.07  0.0    6  3.7  1.8      1709
 1710 2021- 3- 4 15:29     # 54 54  162 13   5.15 0.10  0.0    4  7.9  1.7      1710
  SEQ ---DATE--- TIME REMARK -LAT-  --LON-  DEPTH  RMS PMAG  NUM  ERH  ERZ  ID
 1711 2021- 3- 4 15:51     - 55 30  163  2   5.12 0.38  0.0    7 11.8 27.9      1711
 1712 2021- 3- 4 15:58     - 55 12  163 29   2.81 0.46  0.0    7 17.0 35.9      1712
 1713 2021- 3- 4 15:59     - 55 25  161 54   4.75 0.09  0.0    4  8.0 11.9      1713
 1714 2021- 3- 4 17:18     - 54 51  161 46   5.34 0.23  0.0    4 18.9 20.8      1714
 1715 2021- 3- 4 17:53     - 55  6  162  8  55.52 0.23  0.0    7  8.8 18.4      1715
 1716 2021- 3- 4 18:36     - 55  1  161 13  22.35 0.20  0.0    6 18.2  9.8      1716
 *** DISTANCE & RESIDUAL WEIGHTING CANCELLED FOR EVENT: 2021  3  4 18 37
 1717 2021- 3- 4 18:36     - 54 56  162 45   5.01 0.50  0.0    5 31.3 43.3      1717
 1718 2021- 3- 4 19:22     - 55 13  163 29   1.33 0.59  0.0    9 21.4 44.9      1718
 1719 2021- 3- 4 19:41     - 55  9  162  4  26.19 0.00  0.0    4  4.9 11.4      1719
 1720 2021- 3- 4 19:53     - 54 55  161 12   4.93 0.15  0.0    8  7.4 15.5      1720
 1721 2021- 3- 4 19:53     - 55  2  163 21   5.22 0.11  0.0    4  6.4 14.0      1721
 1722 2021- 3- 4 20:37     - 55 16  160 48  52.24 0.18  0.0    9 16.6  7.3      1722
 *** DISTANCE & RESIDUAL WEIGHTING CANCELLED FOR EVENT: 2021  3  4 20 38
 1723 2021- 3- 4 20:38     - 55 22  161 13   5.00 1.15  0.0    7 27.7 73.1      1723
 *** DISTANCE & RESIDUAL WEIGHTING CANCELLED FOR EVENT: 2021  3  4 21 12
 1724 2021- 3- 4 21:12     - 54 59  163 24   5.00 0.43  0.0    4 16.2 34.2      1724
 1725 2021- 3- 4 21:44     - 55 24  161 44   4.06 0.07  0.0    4 11.3  3.6      1725
  SEQ ---DATE--- TIME REMARK -LAT-  --LON-  DEPTH  RMS PMAG  NUM  ERH  ERZ  ID
 1726 2021- 3- 4 22:48     - 54 41  160 56  31.73 0.23  0.0   11 19.1 22.8      1726
 1727 2021- 3- 4 22:49     - 55  1  161 40  18.84 0.11  0.0    6 12.7  3.2      1727
 *** DISTANCE & RESIDUAL WEIGHTING CANCELLED FOR EVENT: 2021  3  4 23 56
 1728 2021- 3- 4 23:56     - 54 26  161 40   5.00 0.42  0.0    4 15.3 34.1      1728
 1729 2021- 3- 4 23:56       55 22  162 35   1.46 0.30  0.0    6  3.5  2.6      1729
 1730 2021- 3- 4 23:58     - 55  1  163 28   5.00 1.05  0.0   10 36.0 76.3      1730
 1731 2021- 3- 4 23:59     - 55 22  162 17   5.95 0.03  0.0    4  2.1 12.7      1731
 1732 2021- 3- 5  0:11     - 54 49  160 38  32.70 0.22  0.0   11 19.3 22.2      1732
 1733 2021- 3- 5  0:11     - 54 46  160 38  26.10 0.21  0.0    9 16.1  3.6      1733
 1734 2021- 3- 5  0:26     - 55  1  161 29  16.92 0.05  0.0    5 10.1  1.8      1734
 *** DISTANCE & RESIDUAL WEIGHTING CANCELLED FOR EVENT: 2021  3  5  0 27
 1735 2021- 3- 5  0:27     - 55 16  161 58  11.99 0.48  0.0    4 27.4 14.5      1735
 1736 2021- 3- 5  0:45     - 55 19  162 51   4.41 0.22  0.0    7  7.2 14.5      1736
 1737 2021- 3- 5  0:45     # 55  1  161 33   0.16 0.24  0.0    5 13.4  2.8      1737
 1738 2021- 3- 5  0:46     - 55 11  161 40   4.21 0.11  0.0    5 12.2  1.5      1738
 1739 2021- 3- 5  2:41     - 55  5  161 21   5.03 0.19  0.0    4 19.0 19.5      1739
 *** DISTANCE & RESIDUAL WEIGHTING CANCELLED FOR EVENT: 2021  3  5  2 42
 1740 2021- 3- 5  2:42     - 55  2  160 60   5.03 0.34  0.0    4 27.1 30.8      1740
 *** DISTANCE & RESIDUAL WEIGHTING CANCELLED FOR EVENT: 2021  3  5  4  3
  SEQ ---DATE--- TIME REMARK -LAT-  --LON-  DEPTH  RMS PMAG  NUM  ERH  ERZ  ID
 1741 2021- 3- 5  4:03     - 55  7  161 43  10.49 0.04  0.0    4 10.2  7.3      1741
 1742 2021- 3- 5  4:03     - 54 48  161 30   5.05 0.05  0.0    4  5.5 12.0      1742
 *** DISTANCE & RESIDUAL WEIGHTING CANCELLED FOR EVENT: 2021  3  5  8 50
 1743 2021- 3- 5  8:50     - 54 55  162 22   5.02 0.43  0.0    4 28.9 37.9      1743
 *** DISTANCE & RESIDUAL WEIGHTING CANCELLED FOR EVENT: 2021  3  5  8 59
 1744 2021- 3- 5  8:59     # 55 15  162 11   5.00 1.26  0.0    4 22.3 25.2      1744
 1745 2021- 3- 5 14:45     - 55  3  161 22  26.59 0.25  0.0    9 17.0  5.7      1745
 1746 2021- 3- 5 14:45     - 54 56  160 57  27.46 0.28  0.0    8 21.7  4.0      1746
 1747 2021- 3- 5 16:11     - 54 40  161  1  31.78 0.21  0.0   10 17.4 21.6      1747
 1748 2021- 3- 5 16:11       54 49  161 29  27.77 0.14  0.0    6 10.0  4.3      1748
 1749 2021- 3- 5 18:26       55 17  160 52  28.18 0.97  0.0    8 21.1 30.7      1749
 1750 2021- 3- 5 18:26     - 54 25  161 38   7.09 0.19  0.0    5 14.2  1.7      1750
 1751 2021- 3- 5 18:52     - 54 51  161 18  30.02 0.13  0.0    8 13.7  6.5      1751
 1752 2021- 3- 5 18:53     - 54 54  161 15  32.83 0.23  0.0    8 15.9 22.7      1752
 1753 2021- 3- 5 20:08     - 55 56  162 49   4.78 0.05  0.0    4  6.5 12.0      1753
 *** DISTANCE & RESIDUAL WEIGHTING CANCELLED FOR EVENT: 2021  3  5 20  9
 1754 2021- 3- 5 20:09     - 54 58  162 25  14.19 3.49  0.0    4 91.2 38.4      1754
 1755 2021- 3- 5 23:12     - 54 60  161  6  30.91 0.16  0.0    8 14.5  1.4      1755
  SEQ ---DATE--- TIME REMARK -LAT-  --LON-  DEPTH  RMS PMAG  NUM  ERH  ERZ  ID
 1756 2021- 3- 5 23:12     - 54 42  160 25  22.55 0.37  0.0    9 27.5  7.1      1756
 *** DISTANCE & RESIDUAL WEIGHTING CANCELLED FOR EVENT: 2021  3  5 23 18
 1757 2021- 3- 5 23:18     - 55 16  162  7   4.81 0.20  0.0    4  3.9 18.7      1757
 *** DISTANCE & RESIDUAL WEIGHTING CANCELLED FOR EVENT: 2021  3  5 23 18
 1758 2021- 3- 5 23:18     # 55 12  162 12   7.23 1.19  0.0    6  5.8 30.3      1758
 *** DISTANCE & RESIDUAL WEIGHTING CANCELLED FOR EVENT: 2021  3  5 23 47
 1759 2021- 3- 5 23:47     - 55  9  161 25   5.00 0.25  0.0    4 18.4 24.3      1759
 *** DISTANCE & RESIDUAL WEIGHTING CANCELLED FOR EVENT: 2021  3  5 23 47
 1760 2021- 3- 5 23:47     - 54 49  162 37   5.05 0.56  0.0    4 41.4 47.3      1760
 1761 2021- 3- 6  0:58     - 55 16  160 43  48.53 0.18  0.0    7 17.1 10.2      1761
 1762 2021- 3- 6  0:58     - 55 21  161 47  15.03 0.08  0.0    4  7.5 10.6      1762
 1763 2021- 3- 6  1:45     - 54 38  163  4  43.83 0.01  0.0    4  8.7  9.0      1763
 1764 2021- 3- 6  6:25     - 55  7  161 15   5.01 0.29  0.0    4 23.9 27.1      1764
 1765 2021- 3- 6  8:09     - 55  2  161 20   5.00 0.32  0.0    5 24.0 29.0      1765
 1766 2021- 3- 6  8:09     - 55  2  161 10  22.87 0.09  0.0    4 13.8 11.0      1766
 *** DISTANCE & RESIDUAL WEIGHTING CANCELLED FOR EVENT: 2021  3  6  9 17
 1767 2021- 3- 6  9:17     - 55 16  161  8   5.00 0.35  0.0    5 29.6 31.9      1767
 1768 2021- 3- 6  9:17     - 55  8  160 34   5.03 0.15  0.0    4 15.9 17.1      1768
 *** DISTANCE & RESIDUAL WEIGHTING CANCELLED FOR EVENT: 2021  3  6 10  1
 1769 2021- 3- 6 10:01     - 55 15  161 38   2.15 0.39  0.0    4  4.1 31.2      1769
 1770 2021- 3- 6 11:38     - 54 43  160 53  24.68 0.19  0.0   11 16.4  4.0      1770
  SEQ ---DATE--- TIME REMARK -LAT-  --LON-  DEPTH  RMS PMAG  NUM  ERH  ERZ  ID
 1771 2021- 3- 6 11:39     - 54 49  161  9  26.64 0.17  0.0    8 15.0  2.8      1771
 1772 2021- 3- 6 12:06       54 56  162 15   3.75 0.11  0.0    5  2.8  4.4      1772
 1773 2021- 3- 6 12:16     - 54 59  161 27  26.24 0.25  0.0    6 19.1  8.0      1773
 1774 2021- 3- 6 12:16     - 54 41  160 57  34.08 0.41  0.0    7 30.7 34.3      1774
 1775 2021- 3- 6 12:34     - 54 52  161  9  35.22 0.21  0.0    8 19.0 13.9      1775
 1776 2021- 3- 6 12:34       55  6  161 46  17.76 0.06  0.0    6  6.3  3.0      1776
 *** DISTANCE & RESIDUAL WEIGHTING CANCELLED FOR EVENT: 2021  3  6 20 53
 1777 2021- 3- 6 20:53     - 54 54  163 16  53.30 0.04  0.0    4  9.2  9.0      1777
 1778 2021- 3- 6 20:55     - 54 56  161 28  23.85 0.17  0.0    7 16.9  5.5      1778
 1779 2021- 3- 6 20:55     - 54 47  161  9  21.77 0.19  0.0    7 12.4  8.5      1779
 *** DISTANCE & RESIDUAL WEIGHTING CANCELLED FOR EVENT: 2021  3  6 21 47
 1780 2021- 3- 6 21:47     - 55 25  161 51   1.21 0.31  0.0    4 28.9 14.8      1780
 *** DISTANCE & RESIDUAL WEIGHTING CANCELLED FOR EVENT: 2021  3  7  8  9
 1781 2021- 3- 7  8:09     - 55  2  161  1  36.75 0.47  0.0    4 37.3 32.8      1781
 1782 2021- 3- 7  8:56       54 37  161 19  29.84 0.12  0.0    9  2.3  1.0      1782
 *** DISTANCE & RESIDUAL WEIGHTING CANCELLED FOR EVENT: 2021  3  7  9 25
 1783 2021- 3- 7  9:25     # 54 55  162  9   1.27 2.01  0.0    9 27.7 34.9      1783
 1784 2021- 3- 7 12:20     - 54 56  161 14  21.68 0.23  0.0    9 17.6  9.4      1784
 1785 2021- 3- 7 12:20     - 54 51  161 17  17.05 0.38  0.0    9 14.0 34.4      1785
  SEQ ---DATE--- TIME REMARK -LAT-  --LON-  DEPTH  RMS PMAG  NUM  ERH  ERZ  ID
 1786 2021- 3- 7 12:24     - 55  3  161 20  15.54 0.25  0.0    6 17.4 14.0      1786
 1787 2021- 3- 7 12:24     - 54 55  161  6  19.46 0.19  0.0    4 18.9 18.9      1787
 1788 2021- 3- 7 12:32     - 54 49  160 59  29.37 0.24  0.0   10 21.9  3.3      1788
 1789 2021- 3- 7 12:32     - 54 49  161  5  31.00 0.51  0.0    9 32.5  4.0      1789
 1790 2021- 3- 7 12:44     - 54 50  160 55  27.45 0.20  0.0   11 18.2  3.3      1790
 1791 2021- 3- 7 12:44     - 54 35  160 37  23.50 0.35  0.0    9 23.9  5.5      1791
 *** DISTANCE & RESIDUAL WEIGHTING CANCELLED FOR EVENT: 2021  3  7 12 50
 1792 2021- 3- 7 12:50     - 55  8  162 13   5.36 0.48  0.0    4 17.9 37.9      1792
 1793 2021- 3- 7 13:42     - 54 44  160 59  34.25 0.27  0.0   10 21.0 23.3      1793
 1794 2021- 3- 7 13:42     - 54 36  160 56  32.17 0.59  0.0    9 42.3 50.2      1794
 1795 2021- 3- 7 14:11     # 55  6  163  7   0.62 1.05  0.0   11  6.8 11.4      1795
 *** DISTANCE & RESIDUAL WEIGHTING CANCELLED FOR EVENT: 2021  3  7 19 35
 1796 2021- 3- 7 19:35     - 55  7  161 26   5.00 0.89  0.0    4 71.8 13.8      1796
 1797 2021- 3- 7 20:09     - 55  6  161 27   3.68 0.10  0.0    6 14.1  3.4      1797
 1798 2021- 3- 7 20:09     - 54 54  161 24  16.91 0.08  0.0    6 11.9  1.3      1798
 *** DISTANCE & RESIDUAL WEIGHTING CANCELLED FOR EVENT: 2021  3  7 20 48
 1799 2021- 3- 7 20:48     # 55 17  162 29   4.99 1.39  0.0    5 15.3 25.1      1799
 1800 2021- 3- 7 23:31     - 54 35  161 18   5.04 0.16  0.0   18  6.3 13.5      1800
  SEQ ---DATE--- TIME REMARK -LAT-  --LON-  DEPTH  RMS PMAG  NUM  ERH  ERZ  ID
 1801 2021- 3- 7 23:58     - 55 29  161 23  44.09 0.39  0.0    7 25.6 15.2      1801
 1802 2021- 3- 8  0:01     - 55  7  161  5  31.81 0.15  0.0    7 14.7  1.2      1802
 1803 2021- 3- 8  0:01     - 55  5  161  1  31.45 0.10  0.0    8 10.5  0.9      1803
 1804 2021- 3- 8  1:09     - 54 57  162 29  20.84 0.05  0.0    5  9.2  7.1      1804
 1805 2021- 3- 8  3:09     - 55  3  160 29   4.77 0.02  0.0    5  5.4 11.4      1805
 1806 2021- 3- 8  3:53     - 55 37  160 28   5.00 0.28  0.0    6 24.5 25.9      1806
 1807 2021- 3- 8  3:53     - 55 22  162 52   7.32 0.24  0.0    6  1.5 23.8      1807
 *** DISTANCE & RESIDUAL WEIGHTING CANCELLED FOR EVENT: 2021  3  8  8  0
 1808 2021- 3- 8  7:59     # 55 22  162 18   5.00 0.63  0.0    4  8.1  6.8      1808
 1809 2021- 3- 8  8:49     - 54 53  161 16  23.37 0.14  0.0    7 14.2  7.9      1809
 1810 2021- 3- 8  8:50     - 54 55  161 33   6.77 0.40  0.0    9  5.9 34.5      1810
 1811 2021- 3- 8  8:52     - 54 54  161 21  32.24 0.22  0.0    9 17.2  1.6      1811
 1812 2021- 3- 8  8:52     - 55 52  162 52   5.02 0.20  0.0    4 18.9 20.4      1812
 1813 2021- 3- 8  9:53       55  3  161 42  15.04 0.07  0.0    7  7.1  2.1      1813
 *** DISTANCE & RESIDUAL WEIGHTING CANCELLED FOR EVENT: 2021  3  8 11 34
 1814 2021- 3- 8 11:34     # 55  7  161 55   5.00 0.95  0.0    5 15.6  3.6      1814
 1815 2021- 3- 8 19:49     - 55  6  161 39  22.04 0.21  0.0    7 13.4  6.5      1815
 *** DISTANCE & RESIDUAL WEIGHTING CANCELLED FOR EVENT: 2021  3  8 19 50
  SEQ ---DATE--- TIME REMARK -LAT-  --LON-  DEPTH  RMS PMAG  NUM  ERH  ERZ  ID
 1816 2021- 3- 8 19:49     - 54 53  161 10   5.05 0.36  0.0    5 24.3 32.0      1816
 1817 2021- 3- 8 19:54     - 54 55  161  5  33.63 0.22  0.0    8 15.4 14.6      1817
 1818 2021- 3- 8 19:54     - 55 13  161 47   0.92 0.12  0.0    4  2.1 15.4      1818
 *** DISTANCE & RESIDUAL WEIGHTING CANCELLED FOR EVENT: 2021  3  8 21 17
 1819 2021- 3- 8 21:17     # 54 59  161 56  12.49 1.44  0.0    4 39.4 31.6      1819
 1820 2021- 3- 8 22:45     - 55 30  161 28  20.08 0.21  0.0    5 17.2  9.6      1820
 1821 2021- 3- 8 22:45     - 55 27  160 48   5.07 0.14  0.0    4 12.3 16.7      1821
 1822 2021- 3- 8 22:56     - 54 36  161 17  35.93 0.20  0.0    8  2.5 16.2      1822
 1823 2021- 3- 9  5:24       55 12  161 57  12.93 0.04  0.0    5  4.1  1.4      1823
 1824 2021- 3- 9  5:25     - 55 21  161  9   3.32 0.07  0.0    5  5.9 12.3      1824
 1825 2021- 3- 9  6:11     - 54 59  161  6  28.66 0.15  0.0    8 13.8  4.8      1825
 1826 2021- 3- 9  6:11     - 55 13  161 26   6.75 0.18  0.0    5  5.5 19.0      1826
 1827 2021- 3- 9 11:04     - 54 60  161 23  19.70 0.22  0.0    5 19.9  9.3      1827
 *** DISTANCE & RESIDUAL WEIGHTING CANCELLED FOR EVENT: 2021  3  9 11  4
 1828 2021- 3- 9 11:04     - 55  6  161 29   4.97 0.58  0.0    4 47.7  8.3      1828
 1829 2021- 3- 9 11:34     - 54 55  161 18  30.74 0.18  0.0    9 14.4  3.2      1829
 1830 2021- 3- 9 11:34     - 54 35  160 51   8.73 0.13  0.0    5 15.0  3.3      1830
  SEQ ---DATE--- TIME REMARK -LAT-  --LON-  DEPTH  RMS PMAG  NUM  ERH  ERZ  ID
 1831 2021- 3- 9 11:35     - 54 58  161 11  31.78 0.18  0.0   10 15.4  1.1      1831
 1832 2021- 3- 9 11:35     - 54 28  160  5   3.72 0.28  0.0   10 17.6 16.4      1832
 1833 2021- 3- 9 11:46     - 54 53  161 16  26.79 0.20  0.0    8 17.8  9.8      1833
 1834 2021- 3- 9 11:47     - 54 56  161 34   7.29 0.13  0.0    5  3.8 15.1      1834
 *** DISTANCE & RESIDUAL WEIGHTING CANCELLED FOR EVENT: 2021  3  9 12  8
 1835 2021- 3- 9 12:08     - 55 19  161 43  20.93 0.19  0.0    4 19.9  1.8      1835
 1836 2021- 3- 9 15:28       55  2  161 45  24.33 0.40  0.0    8  5.3  5.1      1836
 1837 2021- 3- 9 15:59     - 54 38  161 17   5.16 0.18  0.0   17  6.7 14.2      1837
 1838 2021- 3- 9 17:00     - 54 54  161 12   5.01 0.24  0.0    5 21.8 23.7      1838
 1839 2021- 3- 9 17:00     - 54 36  160 48  36.51 0.42  0.0    8 26.5 30.0      1839
 1840 2021- 3- 9 17:12     - 54 59  161 17  15.66 0.19  0.0    6 17.5  2.0      1840
 1841 2021- 3- 9 17:12     - 54 57  161  6   5.04 0.32  0.0    4 26.5 28.3      1841
 1842 2021- 3- 9 18:24     - 55  6  161 35   4.52 0.17  0.0    4 18.6  6.0      1842
 *** DISTANCE & RESIDUAL WEIGHTING CANCELLED FOR EVENT: 2021  3  9 21  1
 1843 2021- 3- 9 21:01     - 54 56  162 11   5.01 0.29  0.0    4 21.2 15.1      1843
 *** DISTANCE & RESIDUAL WEIGHTING CANCELLED FOR EVENT: 2021  3  9 21  1
 1844 2021- 3- 9 21:01     - 55  5  163  4   5.00 0.53  0.0    5 19.1 41.4      1844
 1845 2021- 3-10  1:45     - 54 38  160 40   5.16 0.15  0.0    8  7.2 15.7      1845
 *** DISTANCE & RESIDUAL WEIGHTING CANCELLED FOR EVENT: 2021  3 10  2 19
  SEQ ---DATE--- TIME REMARK -LAT-  --LON-  DEPTH  RMS PMAG  NUM  ERH  ERZ  ID
 1846 2021- 3-10  2:19     - 55  2  161 24  17.84 0.48  0.0    4 36.8 16.5      1846
 1847 2021- 3-10  4:20     - 54 56  163 17  40.95 0.07  0.0    4  7.5 11.6      1847
 1848 2021- 3-10  6:53     # 54 29  163 11   1.21 0.21  0.0   11  6.6 13.0      1848
 1849 2021- 3-10  6:53     - 54 58  162 48   5.05 0.07  0.0    5 12.0 12.6      1849
 1850 2021- 3-10  7:15       54 58  162 16   0.53 0.02  0.0    6  0.9  4.4      1850
 1851 2021- 3-10  7:15     - 54 58  162 16   0.01 0.52  0.0    6  2.9 37.2      1851
 1852 2021- 3-10  8:40     - 55 37  161 46  53.99 0.09  0.0    5  6.1 13.1      1852
 1853 2021- 3-10  8:52     - 54 45  160 54   5.00 0.15  0.0    7 16.1 17.6      1853
 1854 2021- 3-10  8:52       55 11  162  2  27.62 0.00  0.0    4  2.7  5.4      1854
 1855 2021- 3-10  9:15     - 54 58  161 17  12.63 0.13  0.0    5  3.8 14.1      1855
 1856 2021- 3-10  9:15       55  8  161 45   6.17 0.05  0.0    5  1.8  0.4      1856
 *** DISTANCE & RESIDUAL WEIGHTING CANCELLED FOR EVENT: 2021  3 10 16  0
 1857 2021- 3-10 15:59     # 55 18  162  3   5.00 0.97  0.0    4 10.7  9.7      1857
 1858 2021- 3-10 18:24     - 55 16  161 36   9.31 0.09  0.0    5  4.6 10.8      1858
 1859 2021- 3-10 20:21     - 54 42  160 38  13.87 0.16  0.0   18  7.1 14.1      1859
 1860 2021- 3-10 20:23     - 54 58  162  4   4.95 0.02  0.0    4  1.8 12.5      1860
  SEQ ---DATE--- TIME REMARK -LAT-  --LON-  DEPTH  RMS PMAG  NUM  ERH  ERZ  ID
 1861 2021- 3-10 23:39     - 55  1  162 25   6.42 0.03  0.0    4  9.2  1.3      1861
 1862 2021- 3-11  5:14     - 55  0  161 28  24.76 0.18  0.0    9 15.5  4.0      1862
 1863 2021- 3-11  5:14     - 54 43  160 47  46.71 0.49  0.0    9 32.8 19.4      1863
 1864 2021- 3-11  5:49     - 54 58  162 24  27.57 0.15  0.0    5  9.1 12.9      1864
 1865 2021- 3-11  5:57     - 54 52  160 52   5.00 0.21  0.0    7 19.7 21.2      1865
 1866 2021- 3-11  5:58     - 54 47  160 54  31.73 0.25  0.0    4 20.1 24.0      1866
 1867 2021- 3-11  6:03     - 54 45  161 10  34.56 0.22  0.0   11 17.1 14.0      1867
 1868 2021- 3-11  6:03     - 55  2  161 15  22.01 0.21  0.0    7 12.7  8.8      1868
 1869 2021- 3-11  6:50     - 55  8  161 24   2.47 0.20  0.0    4 16.3  4.5      1869
 1870 2021- 3-11  6:50     - 54 49  160 56  34.79 0.21  0.0    4 17.7 12.8      1870
 1871 2021- 3-11  7:46     - 55 40  163  1   4.94 0.02  0.0    4  5.3 11.4      1871
 1872 2021- 3-11  9:54     - 55 22  162 24   6.75 0.40  0.0    6  4.1 35.5      1872
 1873 2021- 3-11 12:25     - 55 26  160 49   6.57 0.24  0.0    7  2.6 23.6      1873
 1874 2021- 3-11 12:25     - 55 26  161 17  64.21 0.11  0.0    4 10.9  7.3      1874
 1875 2021- 3-11 13:08     - 54 34  161 47   5.52 0.21  0.0   14  8.1 17.3      1875
  SEQ ---DATE--- TIME REMARK -LAT-  --LON-  DEPTH  RMS PMAG  NUM  ERH  ERZ  ID
 1876 2021- 3-11 19:52       55  1  161 34  19.01 0.05  0.0    5  4.9  2.3      1876
 1877 2021- 3-11 20:50     - 55 26  161 20  42.91 0.12  0.0    6 11.4  6.7      1877
 1878 2021- 3-11 20:51     - 55 16  161 37   5.05 0.05  0.0    4  2.1 13.2      1878
 1879 2021- 3-11 21:00     - 55 46  161 45   3.73 0.18  0.0    5  8.2 17.7      1879
 1880 2021- 3-11 23:52     # 54 45  162 37  74.71 0.18  0.0    8  6.3  1.6      1880
 1881 2021- 3-15  0:56       55 15  162 15  14.76 0.14  0.0    6  1.9  4.4      1881
 1882 2021- 3-15  1:10     - 55 18  161 28   6.98 0.13  0.0    5  3.6 16.0      1882
 1883 2021- 3-15  2:35     - 55  9  161 21  13.07 0.11  0.0    4 14.7 11.0      1883
 *** DISTANCE & RESIDUAL WEIGHTING CANCELLED FOR EVENT: 2021  3 15  3 30
 1884 2021- 3-15  3:30     - 55 16  161 53   4.48 0.65  0.0    4 54.5 12.5      1884
 1885 2021- 3-15  3:36     - 54 53  161  1  33.27 0.22  0.0    9 18.7 21.8      1885
 1886 2021- 3-15  3:36     - 54 44  161  4  34.42 0.30  0.0    6 17.6 21.2      1886
 1887 2021- 3-15  4:03     - 54 38  161 18   5.00 0.19  0.0   10 14.6 20.3      1887
 1888 2021- 3-15  4:03     - 54 31  161 13  19.73 0.18  0.0    7 13.0  3.1      1888
 1889 2021- 3-15  4:11     - 54 34  162 31   4.80 0.13  0.0    8  7.1 15.2      1889
 1890 2021- 3-15  5:06     - 54 48  160 60  20.61 0.22  0.0   10 13.9 16.8      1890
  SEQ ---DATE--- TIME REMARK -LAT-  --LON-  DEPTH  RMS PMAG  NUM  ERH  ERZ  ID
 1891 2021- 3-15  5:06     - 54 33  160 24   4.46 0.18  0.0    8 13.0 11.1      1891
 1892 2021- 3-15  5:15     - 54 55  162 33   4.94 0.01  0.0    4  5.3 11.4      1892
 1893 2021- 3-15  6:12     - 55  2  161 15  19.16 0.07  0.0    5  4.1 10.9      1893
 1894 2021- 3-15  6:19     - 55  6  162 29  42.20 0.08  0.0    4  7.4  8.3      1894
 1895 2021- 3-15  8:13     - 54 26  163 11   5.12 0.20  0.0    6  8.9 19.0      1895
 1896 2021- 3-15  8:34     - 55 10  161 21  11.40 0.10  0.0    4 14.3 11.7      1896
 1897 2021- 3-15  8:36     - 54 57  161  2   5.00 0.16  0.0    6 16.5 18.3      1897
 *** DISTANCE & RESIDUAL WEIGHTING CANCELLED FOR EVENT: 2021  3 15  8 39
 1898 2021- 3-15  8:39     # 55 19  161 39  15.22 2.37  0.0    4 29.9 65.3      1898
 1899 2021- 3-15 10:11     - 55 15  163 25   2.79 0.70  0.0   11 24.5 50.8      1899
 1900 2021- 3-15 12:42     - 54 49  161  6  32.89 0.25  0.0   11 17.1 24.2      1900
 1901 2021- 3-15 12:42     - 54 40  160 37  21.02 0.31  0.0   10 21.4  5.7      1901
 *** DISTANCE & RESIDUAL WEIGHTING CANCELLED FOR EVENT: 2021  3 15 13  2
 1902 2021- 3-15 13:02     - 54 26  161 42   5.00 0.42  0.0    6 15.1 33.1      1902
 1903 2021- 3-15 13:52     - 54 58  162 15   7.72 0.07  0.0    6  7.6 10.9      1903
 *** DISTANCE & RESIDUAL WEIGHTING CANCELLED FOR EVENT: 2021  3 15 13 53
 1904 2021- 3-15 13:53     - 54 57  162 17   4.47 0.48  0.0    6 29.9 20.8      1904
 1905 2021- 3-15 13:58     - 55 49  160 28  13.23 0.15  0.0   20  7.8 15.7      1905
  SEQ ---DATE--- TIME REMARK -LAT-  --LON-  DEPTH  RMS PMAG  NUM  ERH  ERZ  ID
 1906 2021- 3-15 14:01     - 55 52  160 35   4.77 0.20  0.0   15  8.1 17.6      1906
 1907 2021- 3-15 14:02     - 55 33  160 23   5.00 0.20  0.0    5 19.8 20.3      1907
 1908 2021- 3-15 17:01     - 54 22  162 51   3.97 0.32  0.0    9 12.4 26.8      1908
 1909 2021- 3-15 19:09       55 22  161 45  22.00 0.14  0.0    7  2.6  1.5      1909
 1910 2021- 3-15 19:26     - 54 49  161  8  31.66 0.16  0.0    8 16.3  1.5      1910
 1911 2021- 3-15 20:06     - 54 54  162 29  25.06 0.08  0.0    5 10.2  8.6      1911
 *** DISTANCE & RESIDUAL WEIGHTING CANCELLED FOR EVENT: 2021  3 16  0  0
 1912 2021- 3-15 23:59     # 55 19  161 60   4.90 0.67  0.0    4  4.1 28.0      1912
 *** DISTANCE & RESIDUAL WEIGHTING CANCELLED FOR EVENT: 2021  3 16  1 44
 1913 2021- 3-16  1:44     # 55 11  161 46   4.99 0.53  0.0    4  9.1 27.2      1913
 *** DISTANCE & RESIDUAL WEIGHTING CANCELLED FOR EVENT: 2021  3 16  2 41
 1914 2021- 3-16  2:41     # 55 10  161 50   8.80 0.56  0.0    4 14.3 14.5      1914
 1915 2021- 3-16  3:05     - 54 53  163 11   4.79 0.10  0.0    4  6.1 13.4      1915
 1916 2021- 3-16  3:05     - 55 27  162  5  35.07 0.11  0.0    4  2.8 14.5      1916
 1917 2021- 3-16  5:15     - 55 23  160 30   3.67 0.30  0.0   11 11.3 24.8      1917
 1918 2021- 3-16  7:19     - 54 59  161 12  29.13 0.15  0.0    8 14.5  7.7      1918
 1919 2021- 3-16  7:19     - 54 53  161  0  18.67 0.18  0.0    6 12.8 14.1      1919
 1920 2021- 3-16  9:17     - 54 44  161 18   5.54 0.19  0.0   18  6.5 13.5      1920
 *** DISTANCE & RESIDUAL WEIGHTING CANCELLED FOR EVENT: 2021  3 16 10 16
  SEQ ---DATE--- TIME REMARK -LAT-  --LON-  DEPTH  RMS PMAG  NUM  ERH  ERZ  ID
 1921 2021- 3-16 10:16     - 55 23  162 37   5.00 1.77  0.0    4 40.1 90.5      1921
 1922 2021- 3-16 10:40     - 54 40  161 18   3.30 0.40  0.0   12 12.4 26.7      1922
 1923 2021- 3-16 11:12     - 54 54  161 13  35.57 0.23  0.0   10 19.2  8.8      1923
 1924 2021- 3-16 11:12     - 54 33  160 37  21.49 0.16  0.0   10 15.0  3.8      1924
 1925 2021- 3-16 11:26     - 54 55  161 21  25.17 0.35  0.0   11 23.0  9.6      1925
 1926 2021- 3-16 11:26     - 54 44  160 43  33.39 0.39  0.0    9 25.8 34.4      1926
 1927 2021- 3-16 15:08     - 54 56  163  2   5.68 0.27  0.0    7 10.1 22.0      1927
 1928 2021- 3-16 18:42     # 55  8  162 44  46.78 0.16  0.0   10  7.4  7.5      1928
 *** DISTANCE & RESIDUAL WEIGHTING CANCELLED FOR EVENT: 2021  3 16 19 55
 1929 2021- 3-16 19:55     - 55 15  162 24   4.83 0.27  0.0    4 15.9 20.0      1929
 *** DISTANCE & RESIDUAL WEIGHTING CANCELLED FOR EVENT: 2021  3 16 20 52
 1930 2021- 3-16 20:52     - 54 45  162  2   7.38 0.94  0.0    7 34.3 77.8      1930
 1931 2021- 3-16 21:46     - 54 58  161 53   0.93 0.03  0.0    4 10.3  2.6      1931
 1932 2021- 3-16 22:23     - 54 55  162 15   7.21 0.18  0.0    5 11.5 13.0      1932
 1933 2021- 3-17  3:07     - 54 31  161 44   4.56 0.15  0.0    4 17.9 16.3      1933
 1934 2021- 3-17  3:43     - 54 52  161  4  27.89 0.18  0.0    8 17.3  2.9      1934
 1935 2021- 3-17  3:44     - 54 46  161  1  32.87 0.27  0.0    8 15.2 25.3      1935
  SEQ ---DATE--- TIME REMARK -LAT-  --LON-  DEPTH  RMS PMAG  NUM  ERH  ERZ  ID
 1936 2021- 3-17  3:58     - 54 26  161 49   4.53 0.18  0.0    8  7.9 17.1      1936
 *** DISTANCE & RESIDUAL WEIGHTING CANCELLED FOR EVENT: 2021  3 17  5 14
 1937 2021- 3-17  5:14     - 55 14  163 32   5.00 0.33  0.0    4 13.0 26.9      1937
 *** DISTANCE & RESIDUAL WEIGHTING CANCELLED FOR EVENT: 2021  3 17  5 43
 1938 2021- 3-17  5:43     # 54 57  162 16   5.01 0.37  0.0    4 20.2  8.7      1938
 1939 2021- 3-17  6:55     - 55  6  161 24   5.04 0.01  0.0    4  5.2 11.4      1939
 *** DISTANCE & RESIDUAL WEIGHTING CANCELLED FOR EVENT: 2021  3 17  8 50
 1940 2021- 3-17  8:50     - 55 15  161 38  21.59 0.27  0.0    4 25.8  4.4      1940
 *** DISTANCE & RESIDUAL WEIGHTING CANCELLED FOR EVENT: 2021  3 17  9  9
 1941 2021- 3-17  9:09     - 55 22  161 34   2.49 0.47  0.0    6  4.7 36.8      1941
 1942 2021- 3-17  9:16     - 55 11  161 24   5.01 0.08  0.0    4 13.0 13.3      1942
 *** DISTANCE & RESIDUAL WEIGHTING CANCELLED FOR EVENT: 2021  3 17  9 17
 1943 2021- 3-17  9:16     - 54 60  160 39  16.91 0.78  0.0    4 60.4 65.2      1943
 *** DISTANCE & RESIDUAL WEIGHTING CANCELLED FOR EVENT: 2021  3 17 11 41
 1944 2021- 3-17 11:41     - 55  7  162 13   4.98 1.55  0.0    4 79.0 73.4      1944
 1945 2021- 3-17 11:48     - 54 50  160 50  27.61 0.20  0.0   11 17.9  3.2      1945
 1946 2021- 3-17 11:48     - 54 47  160 51  33.95 0.26  0.0   10 15.1 23.9      1946
 1947 2021- 3-17 16:22     - 54 28  161 33   4.95 0.27  0.0    4 10.5 22.8      1947
 1948 2021- 3-17 16:50     - 55  9  161 23   5.01 0.03  0.0    4 11.9 12.2      1948
 1949 2021- 3-17 17:25     - 55  1  161 37   2.96 0.07  0.0    5 11.7  3.1      1949
 1950 2021- 3-17 17:25       54 59  161 56   4.23 0.10  0.0    6  5.7  0.7      1950
  SEQ ---DATE--- TIME REMARK -LAT-  --LON-  DEPTH  RMS PMAG  NUM  ERH  ERZ  ID
 1951 2021- 3-17 17:41     - 55 34  161 28  13.48 0.14  0.0    4 13.7 10.3      1951
 1952 2021- 3-17 18:02     - 54 56  162 26  18.57 0.03  0.0    5  9.2  6.9      1952
 1953 2021- 3-17 19:20     - 54 48  161 10  28.57 0.15  0.0    9 14.7  2.2      1953
 1954 2021- 3-17 19:45     - 55 20  162 48   5.20 0.28  0.0    5  8.0 17.0      1954
 1955 2021- 3-17 19:45     # 54 23  161 30   0.14 0.18  0.0    8 10.6  8.4      1955
 1956 2021- 3-17 19:45     - 55 12  161 38   1.82 0.02  0.0    4  8.6  7.2      1956
 1957 2021- 3-17 20:28     - 55 25  161 44  75.20 0.12  0.0    8  6.0 14.2      1957
 1958 2021- 3-17 21:13     - 55 33  161 45   1.81 0.32  0.0    5  3.4 22.1      1958
 1959 2021- 3-17 21:50       55  9  161 55   4.60 0.00  0.0    4  1.4  1.9      1959
 1960 2021- 3-17 21:50     - 54 45  161 15  21.10 0.23  0.0    6 16.0 10.0      1960
 1961 2021- 3-17 22:03     - 54 36  161 21   5.03 0.10  0.0    7  6.2 12.8      1961
 *** DISTANCE & RESIDUAL WEIGHTING CANCELLED FOR EVENT: 2021  3 17 22 27
 1962 2021- 3-17 22:27     - 55 34  162 35   5.15 0.01  0.0    4  5.4 11.3      1962
 1963 2021- 3-17 22:42     # 54 27  162 53   5.71 0.18  0.0   12  5.6 12.4      1963
 1964 2021- 3-17 22:42     - 55 21  162  7   4.63 0.16  0.0    5  7.0 11.5      1964
 1965 2021- 3-17 23:00     # 55 24  162 14  12.32 0.91  0.0    5  8.2 48.8      1965
 *** DISTANCE & RESIDUAL WEIGHTING CANCELLED FOR EVENT: 2021  3 17 23 48
  SEQ ---DATE--- TIME REMARK -LAT-  --LON-  DEPTH  RMS PMAG  NUM  ERH  ERZ  ID
 1966 2021- 3-17 23:48     - 55  9  161 18   4.99 0.38  0.0    5 26.2 34.0      1966
 1967 2021- 3-17 23:49     - 54 34  163 19   4.87 0.22  0.0    9  7.9 17.3      1967
 *** DISTANCE & RESIDUAL WEIGHTING CANCELLED FOR EVENT: 2021  3 18  0  0
 1968 2021- 3-17 23:59     # 55 24  162  4   5.00 1.53  0.0    4 18.6 71.1      1968
 1969 2021- 3-18  0:14       55 11  162 17  17.24 0.10  0.0    5  4.0  7.3      1969
 1970 2021- 3-18  0:30     - 55 22  162 57   5.10 0.32  0.0    5 11.5 24.2      1970
 1971 2021- 3-18  1:02     - 55  0  161 22   5.00 0.12  0.0    4 13.9 16.0      1971
 1972 2021- 3-18  1:02     - 54 52  161 21   0.02 0.33  0.0    4 28.7  6.1      1972
 1973 2021- 3-18  1:31       54 50  161 10  52.83 0.11  0.0   13  2.2  3.2      1973
 1974 2021- 3-18  2:40     - 55 10  162 19  46.08 0.07  0.0    4 13.6  1.9      1974
 1975 2021- 3-18  2:45       55 29  161 50  34.82 0.19  0.0   11  2.5  1.5      1975
 1976 2021- 3-18  2:52     - 55 11  162 14   6.77 0.03  0.0    4  3.3 12.3      1976
 1977 2021- 3-18  3:16       54 20  161 31   4.60 0.18  0.0    9  6.9  8.3      1977
 1978 2021- 3-18  3:42     - 54 58  162 16   1.43 0.02  0.0    5  3.1 12.2      1978
 *** DISTANCE & RESIDUAL WEIGHTING CANCELLED FOR EVENT: 2021  3 18  4 38
 1979 2021- 3-18  4:38     # 55 11  161 60   5.00 2.13  0.0    4 53.3 44.2      1979
 1980 2021- 3-18  5:25     - 54 60  162 39   4.56 0.12  0.0    4 12.4  7.5      1980
  SEQ ---DATE--- TIME REMARK -LAT-  --LON-  DEPTH  RMS PMAG  NUM  ERH  ERZ  ID
 1981 2021- 3-18  6:26     - 54 48  162 55   3.37 0.24  0.0    7  9.8 21.6      1981
 1982 2021- 3-18  6:26     - 54 55  162 17   0.01 0.12  0.0    4  3.0 15.7      1982
 1983 2021- 3-18  7:22     - 54 29  162  6   5.00 0.16  0.0    7  7.6 16.4      1983
 1984 2021- 3-18  8:06       55  3  161 15  23.72 0.20  0.0    8  3.3  7.2      1984
 1985 2021- 3-18  8:07     - 55  3  161 20  16.07 0.04  0.0    4 12.1  0.8      1985
 1986 2021- 3-18  8:24     - 54 20  161 31   4.76 0.19  0.0    6  8.7 18.3      1986
 1987 2021- 3-18  8:34     - 54 22  162 35  18.50 0.28  0.0   16  3.7 24.9      1987
 1988 2021- 3-18  9:59     - 54 59  162 34  35.13 0.11  0.0    6 10.7  7.8      1988
 1989 2021- 3-18 10:37     - 54 59  162 11   2.44 0.01  0.0    4  1.5 12.0      1989
 *** DISTANCE & RESIDUAL WEIGHTING CANCELLED FOR EVENT: 2021  3 18 10 38
 1990 2021- 3-18 10:38     - 54 50  162 56   5.21 0.30  0.0    4 16.8 25.7      1990
 1991 2021- 3-18 12:20     # 55 13  161 39   6.11 0.06  0.0    5  4.6  2.5      1991
 1992 2021- 3-18 13:03     - 55  6  161 20   1.71 0.09  0.0    5 11.7  3.3      1992
 1993 2021- 3-18 14:34     - 55 28  160 21  58.36 0.21  0.0    9 19.3 11.0      1993
 1994 2021- 3-18 14:35     - 55 20  160 43  36.05 0.14  0.0    7 15.5  9.3      1994
 1995 2021- 3-18 14:36       55 11  161 55   5.55 0.08  0.0    5  0.7  0.7      1995
  SEQ ---DATE--- TIME REMARK -LAT-  --LON-  DEPTH  RMS PMAG  NUM  ERH  ERZ  ID
 1996 2021- 3-18 15:25     - 54 36  161 14  33.08 0.17  0.0   10  1.9 19.0      1996
 1997 2021- 3-18 16:56     - 55 34  163 21   4.57 0.35  0.0    4 14.2 28.5      1997
 *** DISTANCE & RESIDUAL WEIGHTING CANCELLED FOR EVENT: 2021  3 18 17 26
 1998 2021- 3-18 17:26     - 55  9  161 53   6.66 0.18  0.0    4 14.4 13.0      1998
 *** DISTANCE & RESIDUAL WEIGHTING CANCELLED FOR EVENT: 2021  3 18 19  2
 1999 2021- 3-18 19:02     - 55 16  162  7   4.94 0.27  0.0    4 21.3 12.5      1999
 2000 2021- 3-18 19:22     - 54 35  161 39   4.90 0.10  0.0    5  6.3 13.0      2000
 2001 2021- 3-18 19:35     # 54 29  163 10   0.35 0.22  0.0   12  6.7 13.5      2001
 *** DISTANCE & RESIDUAL WEIGHTING CANCELLED FOR EVENT: 2021  3 18 19 36
 2002 2021- 3-18 19:36     - 54 51  162 25   5.00 0.63  0.0    6 48.0 51.8      2002
 *** DISTANCE & RESIDUAL WEIGHTING CANCELLED FOR EVENT: 2021  3 18 19 55
 2003 2021- 3-18 19:55     # 55 27  161 49  18.12 0.82  0.0    4 23.5 25.9      2003
 2004 2021- 3-18 20:06     - 55  0  161 37  22.22 0.16  0.0    7 15.1  4.2      2004
 2005 2021- 3-18 20:06     - 54 55  161 23  21.64 0.17  0.0    6 15.3  4.2      2005
 2006 2021- 3-18 20:15       55 19  161 34   9.76 0.05  0.0    6  3.0  5.3      2006
 2007 2021- 3-18 22:50     - 54 59  160 39  34.58 0.18  0.0   12  5.5 18.9      2007
 2008 2021- 3-18 23:25     - 55  2  161 33  21.57 0.20  0.0    4 16.6  6.6      2008
 *** DISTANCE & RESIDUAL WEIGHTING CANCELLED FOR EVENT: 2021  3 19  1 25
 2009 2021- 3-19  1:25     - 55 11  161 26   1.58 0.16  0.0    4 12.8  3.9      2009
 *** DISTANCE & RESIDUAL WEIGHTING CANCELLED FOR EVENT: 2021  3 19  1 54
 2010 2021- 3-19  1:54     - 55 37  163 12   4.34 0.39  0.0    4 14.7 31.8      2010
  SEQ ---DATE--- TIME REMARK -LAT-  --LON-  DEPTH  RMS PMAG  NUM  ERH  ERZ  ID
 2011 2021- 3-19  2:17     - 54 46  160 43   5.01 0.14  0.0   13  6.6 14.1      2011
 2012 2021- 3-19  5:06     - 54 58  162 15   1.15 0.07  0.0    5  2.8 13.6      2012
 2013 2021- 3-19  6:01     - 54 37  163 11   5.16 0.25  0.0    7 13.3 22.0      2013
 2014 2021- 3-19  6:02     - 54 60  162 17   0.20 0.06  0.0    5  0.9 12.6      2014
 2015 2021- 3-19  6:03     - 54 60  162 18   0.00 1.58  0.0    6  5.4 98.9      2015
 2016 2021- 3-19  6:30     - 54 59  162 20   4.81 0.06  0.0    5 10.2  5.1      2016
 2017 2021- 3-19  7:15     - 55  9  161 52   7.99 0.12  0.0    4 11.3  9.5      2017
 *** DISTANCE & RESIDUAL WEIGHTING CANCELLED FOR EVENT: 2021  3 19  7 25
 2018 2021- 3-19  7:25     - 55 10  163 37   4.19 0.33  0.0    4 12.6 27.0      2018
 2019 2021- 3-19  8:29     - 55  7  163 17   4.58 1.02  0.0   12 31.9 67.3      2019
 2020 2021- 3-19  9:27     - 54 31  161 44   3.50 0.04  0.0    4  5.6 11.7      2020
 2021 2021- 3-19 13:39     - 54 59  162 17   1.56 0.02  0.0    5  2.2  8.7      2021
 2022 2021- 3-19 13:40     - 54 60  162 18   0.00 0.91  0.0    6  4.8 76.5      2022
 2023 2021- 3-19 14:01     - 54 57  161 13  25.67 0.26  0.0   10 19.1  9.1      2023
 2024 2021- 3-19 14:01     - 54 48  160 52  35.83 0.27  0.0    8 13.2 17.0      2024
 2025 2021- 3-19 15:40     - 55  2  161 10   5.00 0.13  0.0    7 14.0 16.7      2025
  SEQ ---DATE--- TIME REMARK -LAT-  --LON-  DEPTH  RMS PMAG  NUM  ERH  ERZ  ID
 2026 2021- 3-19 15:40     - 55  1  161 11   5.07 0.20  0.0    4 18.1 19.0      2026
 2027 2021- 3-19 18:47     - 54 54  161 23  32.18 0.22  0.0    8 16.9  1.8      2027
 2028 2021- 3-19 18:48     # 54 59  161 26  16.42 0.07  0.0    6  8.8  0.6      2028
 2029 2021- 3-19 20:01       55 30  161 47  17.70 0.30  0.0   10  2.3  2.1      2029
 2030 2021- 3-19 21:37     - 55  7  161  1   5.00 0.19  0.0    4 18.8 20.1      2030
 2031 2021- 3-19 22:55     - 54 33  162 18   5.05 0.02  0.0    4  7.1 11.4      2031
 2032 2021- 3-20  7:48     - 55  6  161 26   5.50 0.15  0.0    4 16.2 17.6      2032
 *** DISTANCE & RESIDUAL WEIGHTING CANCELLED FOR EVENT: 2021  3 20  7 48
 2033 2021- 3-20  7:48     - 54 50  160 45   5.08 0.60  0.0    4 45.6 48.4      2033
 2034 2021- 3-20 10:26       55 20  160 37  26.43 0.13  0.0    7  2.7  4.0      2034
 *** DISTANCE & RESIDUAL WEIGHTING CANCELLED FOR EVENT: 2021  3 20 10 27
 2035 2021- 3-20 10:27     - 55 13  161 54   0.61 0.41  0.0    4  2.1 28.8      2035
 2036 2021- 3-20 11:44     - 55 17  162 49   5.05 0.41  0.0    9  7.5 36.1      2036
 *** DISTANCE & RESIDUAL WEIGHTING CANCELLED FOR EVENT: 2021  3 20 11 44
 2037 2021- 3-20 11:44     - 55 11  162 15   2.28 0.81  0.0    5  7.5 64.1      2037
 2038 2021- 3-20 11:47     - 55 16  162 38   4.98 0.99  0.0    5 24.2 63.1      2038
 2039 2021- 3-20 14:25     - 55  8  161 17   5.00 0.17  0.0    5 17.6 18.0      2039
 *** DISTANCE & RESIDUAL WEIGHTING CANCELLED FOR EVENT: 2021  3 20 14 25
 2040 2021- 3-20 14:25     - 55  6  161 27   5.69 0.26  0.0    4 20.0 24.6      2040
  SEQ ---DATE--- TIME REMARK -LAT-  --LON-  DEPTH  RMS PMAG  NUM  ERH  ERZ  ID
 2041 2021- 3-20 15:40     - 54 32  161 54   4.31 0.51  0.0    8 16.7 40.1      2041
 2042 2021- 3-20 15:40       55  9  162 10   5.10 0.01  0.0    4  3.7  1.2      2042
 2043 2021- 3-20 18:45     - 54 55  161 10   5.01 0.16  0.0    7 15.6 17.9      2043
 2044 2021- 3-20 18:46       55 15  162  5  16.79 0.07  0.0    5  1.1  1.3      2044
 2045 2021- 3-20 18:54     - 55 10  161 11  10.67 0.07  0.0    4 13.0 12.3      2045
 2046 2021- 3-20 19:50     - 55 15  162 29   4.80 0.08  0.0    4  6.2 14.2      2046
 2047 2021- 3-20 21:22     - 55  9  161 22  33.45 0.20  0.0    5 18.3  6.3      2047
 *** DISTANCE & RESIDUAL WEIGHTING CANCELLED FOR EVENT: 2021  3 20 21 23
 2048 2021- 3-20 21:22     - 55  9  160 39   5.00 0.84  0.0    5 59.1 70.2      2048
 2049 2021- 3-21  1:14     - 55  3  161  5  26.97 0.20  0.0    6 19.3 10.8      2049
 2050 2021- 3-21  1:15       55 10  161 31  17.14 0.04  0.0    6  5.9  1.5      2050
 *** DISTANCE & RESIDUAL WEIGHTING CANCELLED FOR EVENT: 2021  3 21  3  8
 2051 2021- 3-21  3:08     # 55 13  161 48   5.00 2.72  0.0    4 49.1 33.6      2051
 2052 2021- 3-21  3:53     - 55 39  161 58   1.84 0.12  0.0    6  2.6 11.5      2052
 2053 2021- 3-21  4:51     - 54 48  161  3   4.53 0.25  0.0    9 10.4 21.6      2053
 2054 2021- 3-21  4:52     # 55 11  161 52   6.06 0.20  0.0    5  3.3  2.2      2054
 2055 2021- 3-21  6:20       55 16  161 37   5.49 0.04  0.0    5  1.6  0.5      2055
  SEQ ---DATE--- TIME REMARK -LAT-  --LON-  DEPTH  RMS PMAG  NUM  ERH  ERZ  ID
 2056 2021- 3-21  9:13     - 54 45  163 19   4.96 0.04  0.0    5  5.4 11.8      2056
 2057 2021- 3-21 13:30     - 54 32  161 56   4.84 0.20  0.0    8  8.3 18.1      2057
 2058 2021- 3-21 15:23     - 55 24  162 55   4.92 0.28  0.0    8  9.0 19.1      2058
 2059 2021- 3-21 15:28     - 54 31  161 51   6.10 0.41  0.0   17 14.4 30.9      2059
 2060 2021- 3-21 16:05     - 55 23  162 50   4.82 0.02  0.0    5  4.8 10.0      2060
 2061 2021- 3-21 18:46     - 55 54  162 10   6.57 0.21  0.0    4 21.4 21.2      2061
 2062 2021- 3-21 18:48     - 55  6  163 27   4.90 0.25  0.0    5 10.4 21.7      2062
 *** DISTANCE & RESIDUAL WEIGHTING CANCELLED FOR EVENT: 2021  3 21 21 17
 2063 2021- 3-21 21:17     - 55 11  162 38   5.00 0.63  0.0    4 36.8 53.6      2063
 2064 2021- 3-21 22:46     - 55 49  161 46   4.92 0.06  0.0    4  5.6 12.1      2064
 *** DISTANCE & RESIDUAL WEIGHTING CANCELLED FOR EVENT: 2021  3 21 23  0
 2065 2021- 3-21 23:00     # 55 17  161 36   2.65 0.00  0.0    4  2.7  7.1      2065
 2066 2021- 3-22  0:10     - 54 54  160 42  28.01 0.16  0.0   11 15.7  3.2      2066
 2067 2021- 3-22  0:11     - 54 59  162 34   4.93 0.02  0.0    4  5.0 12.5      2067
 *** DISTANCE & RESIDUAL WEIGHTING CANCELLED FOR EVENT: 2021  3 22  0 11
 2068 2021- 3-22  0:10     - 54 50  160 44   5.00 0.43  0.0    5 33.9 36.7      2068
 2069 2021- 3-22  0:36     - 55  2  160 56   5.01 0.17  0.0    5 16.7 18.7      2069
 2070 2021- 3-22  0:36     - 55 39  162 15   6.67 0.02  0.0    4  1.0 12.3      2070
  SEQ ---DATE--- TIME REMARK -LAT-  --LON-  DEPTH  RMS PMAG  NUM  ERH  ERZ  ID
 2071 2021- 3-22  0:36       55 20  161 58  10.22 0.00  0.0    4  1.1  1.8      2071
 2072 2021- 3-22  2:45     - 55 21  160 45  31.76 0.12  0.0   10 11.6  1.5      2072
 2073 2021- 3-22  2:46     - 55 24  161 27   1.47 0.19  0.0    4 18.0 17.6      2073
 2074 2021- 3-22  3:53     - 54 24  161 33   4.17 0.19  0.0    8  8.4 17.9      2074
 2075 2021- 3-22  5:43     - 55  4  161 22   2.00 0.05  0.0    6 12.9  3.3      2075
 *** DISTANCE & RESIDUAL WEIGHTING CANCELLED FOR EVENT: 2021  3 22  5 44
 2076 2021- 3-22  5:44     - 54 58  161 26   5.00 0.44  0.0    5 31.3 38.4      2076
 2077 2021- 3-22  5:45     - 55 53  160 32   3.45 0.13  0.0    4  7.1 15.1      2077
 2078 2021- 3-22  6:27     - 54 54  161  2  28.39 0.22  0.0    8 18.6  3.2      2078
 2079 2021- 3-22  6:27     - 55  6  161  8   2.43 0.26  0.0    7 10.6 22.8      2079
 2080 2021- 3-22  8:36     - 55  5  161  1   5.37 0.22  0.0    6 20.2 22.2      2080
 2081 2021- 3-22  8:42       55 18  161 40   5.49 0.00  0.0    4  7.9  1.0      2081
 2082 2021- 3-22  9:03     - 55  4  161 43  16.31 0.11  0.0    5 12.1  4.9      2082
 2083 2021- 3-22  9:21     - 55  6  161 46  12.93 0.07  0.0    5 10.6  5.1      2083
 *** DISTANCE & RESIDUAL WEIGHTING CANCELLED FOR EVENT: 2021  3 22  9 53
 2084 2021- 3-22  9:53     # 55 18  162 24   5.02 1.76  0.0    4 45.3 42.9      2084
 2085 2021- 3-22 11:06     - 55 23  162 42   5.00 0.05  0.0    5  4.0  8.8      2085
  SEQ ---DATE--- TIME REMARK -LAT-  --LON-  DEPTH  RMS PMAG  NUM  ERH  ERZ  ID
 2086 2021- 3-22 11:34     - 54 56  161 14  32.28 0.20  0.0    8 16.9  1.1      2086
 2087 2021- 3-22 11:35     - 55 52  162 33   4.83 0.13  0.0    6  6.2 15.0      2087
 2088 2021- 3-22 14:47     - 54 60  161 34  25.80 0.18  0.0    6 15.8  4.8      2088
 2089 2021- 3-22 14:47     - 55  0  161 32  31.26 0.07  0.0    4 12.2  5.5      2089
 2090 2021- 3-22 17:43     - 55 49  160 53   5.38 0.20  0.0    6  9.9 17.6      2090
 2091 2021- 3-22 18:43     - 54 47  160 55  26.52 0.13  0.0   10 12.9  2.6      2091
 2092 2021- 3-22 18:44       54 59  161 31  32.50 0.15  0.0    9  4.3  0.5      2092
 2093 2021- 3-22 19:00       55  5  161 44  22.81 0.05  0.0    6  4.9  3.0      2093
 *** DISTANCE & RESIDUAL WEIGHTING CANCELLED FOR EVENT: 2021  3 22 19  1
 2094 2021- 3-22 19:00     - 55  4  161 24   5.00 0.84  0.0    4 29.3 70.1      2094
 *** DISTANCE & RESIDUAL WEIGHTING CANCELLED FOR EVENT: 2021  3 22 21  2
 2095 2021- 3-22 21:02     # 55 34  161 48   5.00 1.25  0.0    4 26.6 16.4      2095
 *** DISTANCE & RESIDUAL WEIGHTING CANCELLED FOR EVENT: 2021  3 23  3 21
 2096 2021- 3-23  3:21     # 55 27  161 51   2.50 0.40  0.0    4  8.5 15.7      2096
 *** DISTANCE & RESIDUAL WEIGHTING CANCELLED FOR EVENT: 2021  3 23 11  0
 2097 2021- 3-23 11:00     - 54 35  161 20   5.00 0.75  0.0    5 56.9 63.8      2097
 2098 2021- 3-23 11:28     - 54 56  162 45   5.17 0.15  0.0    4  7.5 16.0      2098
 2099 2021- 3-23 11:28     - 54 39  161 22   4.92 0.25  0.0    9  9.3 20.7      2099
 *** DISTANCE & RESIDUAL WEIGHTING CANCELLED FOR EVENT: 2021  3 23 11 28
 2100 2021- 3-23 11:28     # 55  8  162 10  11.81 0.71  0.0    5  9.0 35.7      2100
  SEQ ---DATE--- TIME REMARK -LAT-  --LON-  DEPTH  RMS PMAG  NUM  ERH  ERZ  ID
 2101 2021- 3-23 13:24     - 55 19  161 39   5.12 0.00  0.0    4  9.1  0.8      2101
 2102 2021- 3-23 15:12       55 15  161 36   4.69 0.06  0.0    5  5.2  1.7      2102
 2103 2021- 3-23 20:23     - 54 47  160 54   5.00 0.25  0.0    7 22.3 24.2      2103
 2104 2021- 3-23 20:23     - 54 40  161  7  32.98 0.50  0.0    7 30.9 43.1      2104
 2105 2021- 3-23 20:34     - 54 55  162 54   4.83 0.06  0.0    4  5.9 12.0      2105
 *** DISTANCE & RESIDUAL WEIGHTING CANCELLED FOR EVENT: 2021  3 23 20 35
 2106 2021- 3-23 20:35     # 55 25  161 53   2.99 1.12  0.0    4  5.9  7.1      2106
 2107 2021- 3-23 20:35     - 55  7  161 38   4.88 0.14  0.0    5 12.5  3.1      2107
 2108 2021- 3-23 20:35     # 55 18  161 52   0.02 0.17  0.0    4  2.8  8.5      2108
 *** DISTANCE & RESIDUAL WEIGHTING CANCELLED FOR EVENT: 2021  3 23 21 20
 2109 2021- 3-23 21:20     - 55  9  163 19   3.33 0.28  0.0    4 11.5 23.6      2109
 2110 2021- 3-23 21:20     - 55 52  162  3   4.82 0.58  0.0    5 21.1 45.2      2110
 2111 2021- 3-23 21:22     - 54 57  163 29   4.60 0.46  0.0    6 17.1 34.8      2111
 2112 2021- 3-23 21:22     - 54 26  161 32   4.95 0.10  0.0    6  6.2 13.6      2112
 2113 2021- 3-23 23:28     - 54 57  161  5   5.00 0.15  0.0    5 15.7 17.7      2113
 *** DISTANCE & RESIDUAL WEIGHTING CANCELLED FOR EVENT: 2021  3 23 23 29
 2114 2021- 3-23 23:28     - 54 26  160 29   5.01 0.30  0.0    4 22.2 23.3      2114
 *** DISTANCE & RESIDUAL WEIGHTING CANCELLED FOR EVENT: 2021  3 24  0  0
 2115 2021- 3-23 23:59     # 55 17  162  3   5.00 0.98  0.0    4  9.9  8.0      2115
  SEQ ---DATE--- TIME REMARK -LAT-  --LON-  DEPTH  RMS PMAG  NUM  ERH  ERZ  ID
 2116 2021- 3-24  1:48       55 17  161 49  13.24 0.00  0.0    4  3.5  3.5      2116
 2117 2021- 3-24  6:30     - 55 26  162 48   6.51 0.13  0.0   17  1.1 16.5      2117
 2118 2021- 3-24  6:47       55 25  162 48   0.65 0.21  0.0   13  1.0  1.5      2118
 2119 2021- 3-24  7:23     - 54 29  163 16   5.54 0.16  0.0    8  9.0 14.6      2119
 *** DISTANCE & RESIDUAL WEIGHTING CANCELLED FOR EVENT: 2021  3 24  7 24
 2120 2021- 3-24  7:23     - 54 59  162 13   2.57 0.24  0.0    4 18.1  5.5      2120
 2121 2021- 3-24  8:34     - 54 56  161 12  23.90 0.22  0.0    9 18.0 12.4      2121
 2122 2021- 3-24  8:35     - 55  1  161 31  32.38 0.35  0.0    7 22.0 10.6      2122
 *** DISTANCE & RESIDUAL WEIGHTING CANCELLED FOR EVENT: 2021  3 24  9 59
 2123 2021- 3-24  9:59     - 55 32  161 29   4.99 0.91  0.0    4 76.9  4.7      2123
 *** DISTANCE & RESIDUAL WEIGHTING CANCELLED FOR EVENT: 2021  3 24 13  6
 2124 2021- 3-24 13:06     - 55 15  162  5   4.99 0.25  0.0    4 17.5 12.4      2124
 2125 2021- 3-24 16:19     - 54 57  161 16  17.42 0.15  0.0    8 12.9 14.5      2125
 2126 2021- 3-24 16:19     - 55  3  160 53   5.08 0.15  0.0    5 15.0 15.8      2126
 *** DISTANCE & RESIDUAL WEIGHTING CANCELLED FOR EVENT: 2021  3 24 16 34
 2127 2021- 3-24 16:34     - 55 19  161 47   9.00 0.13  0.0    4  8.9  7.9      2127
 *** DISTANCE & RESIDUAL WEIGHTING CANCELLED FOR EVENT: 2021  3 24 18 17
 2128 2021- 3-24 18:17     - 55  6  161 22  28.90 0.48  0.0    4 36.4 17.7      2128
 2129 2021- 3-24 18:17     - 55 19  161 39   5.36 0.10  0.0    4 12.7  0.7      2129
 2130 2021- 3-25  1:03     - 55 16  161 21   9.27 0.15  0.0    5  3.9 14.4      2130
  SEQ ---DATE--- TIME REMARK -LAT-  --LON-  DEPTH  RMS PMAG  NUM  ERH  ERZ  ID
 2131 2021- 3-25  1:03     - 55  9  159 48   5.02 0.15  0.0    5 15.1 15.9      2131
 2132 2021- 3-25  4:23     - 55 26  162 25   7.40 1.35  0.0    6  8.2 99.0      2132
 *** DISTANCE & RESIDUAL WEIGHTING CANCELLED FOR EVENT: 2021  3 25  4 41
 2133 2021- 3-25  4:41     # 54 55  162 11   5.01 0.45  0.0    5 18.0 10.8      2133
 2134 2021- 3-25  8:55     - 54 60  161  6   4.98 0.13  0.0    4 14.9 16.1      2134
 2135 2021- 3-25  9:29     - 54 35  161 23   4.62 0.51  0.0    7 17.2 37.3      2135
 2136 2021- 3-25 13:25     - 55 26  161  5  47.09 0.14  0.0    9 14.3  6.3      2136
 2137 2021- 3-25 13:25     - 55 17  161  8   5.23 0.55  0.0    9 23.1 47.4      2137
 2138 2021- 3-25 13:31     - 55  8  163 24   4.24 1.08  0.0   12 35.7 74.6      2138
 *** DISTANCE & RESIDUAL WEIGHTING CANCELLED FOR EVENT: 2021  3 25 14 59
 2139 2021- 3-25 14:59     - 55 20  161 36   1.85 0.75  0.0    5  7.5 52.6      2139
 2140 2021- 3-25 15:24       55  7  161 29  20.03 0.18  0.0    6  3.5  4.7      2140
 2141 2021- 3-25 15:25     - 55  9  161 22   6.76 0.11  0.0    5  3.6 15.4      2141
 *** DISTANCE & RESIDUAL WEIGHTING CANCELLED FOR EVENT: 2021  3 25 15 26
 2142 2021- 3-25 15:25     - 54 53  160 59   5.00 0.99  0.0    5 71.7 82.4      2142
 2143 2021- 3-25 15:34     # 55  0  162  0  23.18 2.03  0.0    9 40.1 43.8      2143
 2144 2021- 3-25 15:35     - 55 15  162  6   0.25 0.14  0.0    4 11.6 12.1      2144
 2145 2021- 3-25 16:02     - 54 28  161 27   5.01 0.11  0.0    5  6.6 14.1      2145
  SEQ ---DATE--- TIME REMARK -LAT-  --LON-  DEPTH  RMS PMAG  NUM  ERH  ERZ  ID
 2146 2021- 3-25 19:35     - 54 42  160 34   4.86 0.35  0.0    7 13.3 28.3      2146
 2147 2021- 3-25 20:12       54 47  161 15  22.03 0.19  0.0   10  6.1 11.5      2147
 2148 2021- 3-25 20:12     - 55  5  161 25  17.09 0.15  0.0    6  5.8 16.1      2148
 2149 2021- 3-25 23:13     - 55  4  161  7  20.04 0.17  0.0    5 18.5 14.9      2149
 *** DISTANCE & RESIDUAL WEIGHTING CANCELLED FOR EVENT: 2021  3 25 23 14
 2150 2021- 3-25 23:13     - 54 49  160 39   5.04 0.54  0.0    4 41.9 45.4      2150
 2151 2021- 3-25 23:59     - 55 19  162 12  16.60 0.12  0.0    5  2.3 13.6      2151
 *** DISTANCE & RESIDUAL WEIGHTING CANCELLED FOR EVENT: 2021  3 26  0 22
 2152 2021- 3-26  0:22     - 54 57  160 17   7.06 0.29  0.0    4 18.9  6.3      2152
 2153 2021- 3-26  2:06     - 55 17  163 27   0.64 0.64  0.0   11 22.9 47.6      2153
 *** DISTANCE & RESIDUAL WEIGHTING CANCELLED FOR EVENT: 2021  3 26  2 57
 2154 2021- 3-26  2:57     - 55  7  163 38   3.86 0.30  0.0    4 11.9 25.4      2154
 2155 2021- 3-26  3:20     - 55 32  162 12   4.87 0.41  0.0    5 22.2 22.8      2155
 *** DISTANCE & RESIDUAL WEIGHTING CANCELLED FOR EVENT: 2021  3 26  5  4
 2156 2021- 3-26  5:03     # 55 15  162  4  14.16 0.50  0.0    5  4.9 22.3      2156
 2157 2021- 3-26  5:21     - 54 52  161 11  30.52 0.17  0.0    9 13.9  1.7      2157
 2158 2021- 3-26  5:21     - 54 46  160 51  30.61 0.28  0.0    9 19.8  3.2      2158
 *** DISTANCE & RESIDUAL WEIGHTING CANCELLED FOR EVENT: 2021  3 26  5 25
 2159 2021- 3-26  5:25     - 55 23  162 22   6.57 0.53  0.0    4  6.5 45.4      2159
 2160 2021- 3-26  5:48     - 54 58  161 17  26.81 0.23  0.0    9 18.1  8.3      2160
  SEQ ---DATE--- TIME REMARK -LAT-  --LON-  DEPTH  RMS PMAG  NUM  ERH  ERZ  ID
 2161 2021- 3-26  5:48     - 54 37  160 29  10.69 0.20  0.0    9 17.6 20.7      2161
 2162 2021- 3-26  6:39     - 55  7  163  0  57.37 0.15  0.0    9  9.4  8.4      2162
 *** DISTANCE & RESIDUAL WEIGHTING CANCELLED FOR EVENT: 2021  3 26  6 39
 2163 2021- 3-26  6:39     # 55 13  162 18   5.00 0.88  0.0    4  4.8 21.6      2163
 2164 2021- 3-26  7:17     - 55 47  160 31   4.86 0.21  0.0   13  9.1 19.8      2164
 2165 2021- 3-26  7:26     # 55 14  162 21  24.67 2.24  0.0    7 27.6 37.1      2165
 2166 2021- 3-26  7:27     - 55 20  162 50   6.45 1.08  0.0    6 31.4 68.4      2166
 2167 2021- 3-26  7:31     - 54 56  162 14   2.04 0.07  0.0    5  9.7  8.3      2167
 2168 2021- 3-26  7:32     - 55  1  162 10   0.27 0.14  0.0    5  1.0 16.7      2168
 2169 2021- 3-26  7:51     - 54 58  161 11   5.00 0.21  0.0    7 16.0 21.3      2169
 *** DISTANCE & RESIDUAL WEIGHTING CANCELLED FOR EVENT: 2021  3 26  8  0
 2170 2021- 3-26  7:59     # 55 22  162  7   5.00 0.58  0.0    4  4.6 30.2      2170
 2171 2021- 3-26  9:03     - 54 14  161 30   4.69 0.07  0.0    8  5.6 11.5      2171
 2172 2021- 3-26  9:03     - 55  3  161 26   5.05 0.08  0.0    4 12.0 12.6      2172
 2173 2021- 3-26  9:16     - 54 55  162 50   5.20 0.02  0.0    4  5.2 11.5      2173
 2174 2021- 3-26 11:37     - 54 60  162 15   4.59 0.02  0.0    4  3.7 11.7      2174
 2175 2021- 3-26 11:38     - 54 60  162 16   0.78 0.04  0.0    4  1.2 12.9      2175
  SEQ ---DATE--- TIME REMARK -LAT-  --LON-  DEPTH  RMS PMAG  NUM  ERH  ERZ  ID
 2176 2021- 3-26 11:51     - 54 60  161 39  19.48 0.14  0.0    7 14.2  3.4      2176
 2177 2021- 3-26 11:51     - 54 57  161 36  23.72 0.11  0.0    5 14.1  3.3      2177
 *** DISTANCE & RESIDUAL WEIGHTING CANCELLED FOR EVENT: 2021  3 26 13 35
 2178 2021- 3-26 13:35     - 54 60  162 19   8.67 0.23  0.0    5 10.3 13.1      2178
 2179 2021- 3-26 13:35     - 54 59  162 23  12.72 0.01  0.0    4  6.2  6.3      2179
 2180 2021- 3-26 13:52     - 55  6  161 18  10.31 0.07  0.0    4 13.5 12.6      2180
 *** DISTANCE & RESIDUAL WEIGHTING CANCELLED FOR EVENT: 2021  3 26 13 52
 2181 2021- 3-26 13:52     - 55  5  161 29   6.07 0.39  0.0    6 22.1 34.6      2181
 2182 2021- 3-26 13:57     - 54 55  161 28  22.18 0.10  0.0    7 11.3  4.6      2182
 2183 2021- 3-26 13:57     - 54 59  161 31  27.66 0.04  0.0    5 11.3  3.3      2183
 2184 2021- 3-26 14:09     - 54 41  160 47   4.86 0.49  0.0   15 16.5 35.2      2184
 2185 2021- 3-26 14:42     - 54 55  162 40   6.81 0.45  0.0    5 37.4 39.1      2185
 2186 2021- 3-26 15:00     - 54 33  163 17   2.50 0.32  0.0    9 11.0 24.1      2186
 2187 2021- 3-26 15:00     # 55 20  161 60   0.16 0.54  0.0    4  9.2 23.9      2187
 2188 2021- 3-26 15:04     - 54 60  162 17   0.16 0.06  0.0    5  1.1 13.3      2188
 2189 2021- 3-26 16:13       54 49  162  3   1.33 0.15  0.0    8  6.0  1.6      2189
 2190 2021- 3-26 16:13     - 54 31  161 60   5.03 0.16  0.0    8 14.4 18.4      2190
  SEQ ---DATE--- TIME REMARK -LAT-  --LON-  DEPTH  RMS PMAG  NUM  ERH  ERZ  ID
 2191 2021- 3-26 16:16     - 54 48  163 13   4.73 0.43  0.0    6 15.9 34.1      2191
 *** DISTANCE & RESIDUAL WEIGHTING CANCELLED FOR EVENT: 2021  3 26 16 29
 2192 2021- 3-26 16:29     # 55  3  162 18  15.14 0.86  0.0    7  8.9 12.8      2192
 2193 2021- 3-26 16:47     - 55 17  161 40  21.61 0.11  0.0    4 15.5  1.6      2193
 2194 2021- 3-26 16:58     - 55  4  163 13   5.67 0.44  0.0    9 14.1 29.6      2194
 2195 2021- 3-26 16:58     - 55 24  161 52  43.00 0.23  0.0    5  9.0 19.7      2195
 2196 2021- 3-26 17:30     - 55  9  161 18  13.72 0.12  0.0    4 15.5 12.0      2196
 2197 2021- 3-26 17:30     - 54 56  161  3   5.02 0.56  0.0    4 42.1 47.9      2197
 2198 2021- 3-26 18:15     - 54 57  161 20  28.45 0.19  0.0    8 16.2  6.4      2198
 2199 2021- 3-26 18:15     - 55  1  161 26  31.78 0.12  0.0    5 13.9  5.0      2199
 2200 2021- 3-26 18:45     - 54 56  161 13  27.09 0.28  0.0    9 21.8 10.6      2200
 2201 2021- 3-26 18:45     - 54 48  160 54  26.46 0.25  0.0    7 21.0  4.4      2201
 *** DISTANCE & RESIDUAL WEIGHTING CANCELLED FOR EVENT: 2021  3 26 19 20
 2202 2021- 3-26 19:19     - 55 33  162  8   5.00 0.53  0.0    4 21.6 46.0      2202
 2203 2021- 3-26 21:46     - 54 40  161 31   5.84 0.33  0.0   14  9.6 20.4      2203
 2204 2021- 3-26 22:11     - 55 22  163 12   5.23 0.33  0.0   11 10.6 30.3      2204
 2205 2021- 3-27  2:37     - 54 29  161 21   5.01 0.19  0.0    7 18.1 20.4      2205
  SEQ ---DATE--- TIME REMARK -LAT-  --LON-  DEPTH  RMS PMAG  NUM  ERH  ERZ  ID
 2206 2021- 3-27  2:38       55  3  161 57   7.46 0.02  0.0    5  6.0  4.5      2206
 *** DISTANCE & RESIDUAL WEIGHTING CANCELLED FOR EVENT: 2021  3 27  2 47
 2207 2021- 3-27  2:47     - 55 21  161  2   5.00 0.63  0.0    6 22.5 48.9      2207
 2208 2021- 3-27  3:18       55 30  161 50  28.57 0.10  0.0    8  2.5  1.1      2208
 2209 2021- 3-27  3:52     - 55 19  161 21   9.20 0.08  0.0    4 12.6 13.2      2209
 2210 2021- 3-27  6:00     - 54 35  161 18   5.18 0.18  0.0   14  7.3 15.7      2210
 2211 2021- 3-27  8:25       55 19  161 43   5.80 0.00  0.0    4  6.1  2.3      2211
 2212 2021- 3-27 10:30     - 55 28  161 59   5.39 0.03  0.0    4  4.3 11.9      2212
 2213 2021- 3-27 12:27     - 54 60  160 51   5.20 0.23  0.0    5 17.5 22.5      2213
 2214 2021- 3-27 12:50     - 55 27  161  7  27.84 0.12  0.0    5 13.7 11.8      2214
 *** DISTANCE & RESIDUAL WEIGHTING CANCELLED FOR EVENT: 2021  3 27 12 50
 2215 2021- 3-27 12:50     # 55 25  161 29  27.56 0.91  0.0    6 38.0 22.4      2215
 2216 2021- 3-27 14:02       55 16  161  3  43.38 0.16  0.0   10  3.7  5.2      2216
 2217 2021- 3-27 14:02       55 13  161 45   7.91 0.11  0.0    5  1.3  1.9      2217
 2218 2021- 3-27 15:30     - 54 55  161 14  31.19 0.24  0.0   11 17.1  1.6      2218
 2219 2021- 3-27 15:30     - 54 42  160 41  22.54 0.24  0.0    8 20.7  5.3      2219
 *** DISTANCE & RESIDUAL WEIGHTING CANCELLED FOR EVENT: 2021  3 27 20  9
 2220 2021- 3-27 20:08     - 55 42  162  3   5.00 1.03  0.0    5 36.7 78.3      2220
  SEQ ---DATE--- TIME REMARK -LAT-  --LON-  DEPTH  RMS PMAG  NUM  ERH  ERZ  ID
 2221 2021- 3-27 23:39     - 54 59  162 18   6.25 0.06  0.0    4  9.7  7.1      2221
 2222 2021- 3-28  2:05     - 55  0  161 30  20.90 0.17  0.0    7 14.9  4.9      2222
 *** DISTANCE & RESIDUAL WEIGHTING CANCELLED FOR EVENT: 2021  3 28  2  5
 2223 2021- 3-28  2:05     - 54 44  161  7  18.63 0.86  0.0    5 48.9 64.3      2223
 *** DISTANCE & RESIDUAL WEIGHTING CANCELLED FOR EVENT: 2021  3 28  2 34
 2224 2021- 3-28  2:34     - 55 20  162 25   5.93 2.11  0.0    4 36.9 91.9      2224
 *** DISTANCE & RESIDUAL WEIGHTING CANCELLED FOR EVENT: 2021  3 28  3  2
 2225 2021- 3-28  3:01     - 55 25  162 54   4.99 0.39  0.0    4 15.0 31.7      2225
 2226 2021- 3-28  3:51       55 23  161 43  17.57 0.17  0.0    7  2.0  1.5      2226
 2227 2021- 3-28  4:40     - 54 35  161 15   4.98 0.19  0.0   12  8.0 17.0      2227
 2228 2021- 3-28  5:35     - 55  4  161 41  19.29 0.12  0.0    5 11.9  3.9      2228
 2229 2021- 3-28  5:35     - 55  4  160 54   5.02 0.16  0.0    4 15.7 16.5      2229
 2230 2021- 3-28  6:37       55 17  161 45  15.86 0.27  0.0    7  3.5  2.0      2230
 2231 2021- 3-28  7:52       54 56  162 14   2.68 0.12  0.0    6  1.9  3.1      2231
 *** DISTANCE & RESIDUAL WEIGHTING CANCELLED FOR EVENT: 2021  3 28  8  0
 2232 2021- 3-28  7:59     - 55 22  162 28   4.89 0.78  0.0    4 18.3 65.9      2232
 2233 2021- 3-28  8:39     - 55 13  161 58  14.88 0.00  0.0    4  6.9  5.7      2233
 2234 2021- 3-28  8:42     - 54 56  161  8  18.02 0.21  0.0    9 16.2 18.8      2234
 2235 2021- 3-28  8:42     - 54 47  160 51  33.10 0.20  0.0    5 18.9 20.9      2235
  SEQ ---DATE--- TIME REMARK -LAT-  --LON-  DEPTH  RMS PMAG  NUM  ERH  ERZ  ID
 2236 2021- 3-28  9:05     # 55 45  162 16   4.28 0.09  0.0    6  2.0  1.7      2236
 2237 2021- 3-28  9:59     - 54 50  162 59   5.12 0.04  0.0    5  5.5 11.7      2237
 2238 2021- 3-28  9:59       54 29  161 32   9.83 0.16  0.0   10 10.5  3.2      2238
 2239 2021- 3-28 10:46     - 56  1  162 52   4.68 0.04  0.0    5  9.7 11.7      2239
 2240 2021- 3-28 11:05     # 55 18  161 37  37.40 0.27  0.0    6 11.1  5.3      2240
 2241 2021- 3-28 11:05     - 55 12  161 15   6.64 0.08  0.0    5 11.3 14.1      2241
 2242 2021- 3-28 14:00     - 55 17  161 35   3.86 0.02  0.0    4 11.4  4.2      2242
 2243 2021- 3-28 14:00     - 54 50  161  6  31.84 0.14  0.0    7 12.7  1.3      2243
 2244 2021- 3-28 15:23       54 55  162 12   2.16 0.02  0.0    6  1.8  2.2      2244
 2245 2021- 3-28 15:23       54 51  162 13   0.45 0.19  0.0    6  6.3  1.9      2245
 2246 2021- 3-29  1:42     - 55 20  161 28   2.38 0.06  0.0    5  1.5 12.2      2246
 2247 2021- 3-29  7:08     - 54 48  160 57  18.30 0.18  0.0    7 17.4 18.6      2247
 2248 2021- 3-29 14:20     - 55  1  161 30  21.73 0.21  0.0    4 18.3  7.0      2248
 2249 2021- 3-29 22:15     - 54 59  161 35  11.85 0.22  0.0    5 17.3  9.3      2249
 2250 2021- 3-29 23:42     - 55 15  163 30   4.73 0.74  0.0    9 26.6 55.2      2250
  SEQ ---DATE--- TIME REMARK -LAT-  --LON-  DEPTH  RMS PMAG  NUM  ERH  ERZ  ID
 2251 2021- 3-29 23:44     - 55 35  162 18   4.99 0.21  0.0    6  7.4 17.6      2251
 2252 2021- 3-29 23:44     - 55  8  161  3   5.03 0.17  0.0    4 16.6 17.5      2252
 2253 2021- 3-29 23:50     - 55  8  162 48   5.00 0.19  0.0    8  8.1 20.2      2253
 2254 2021- 3-30  2:00     - 54 53  162  2   3.91 0.12  0.0    4 14.5  1.8      2254
 2255 2021- 3-30  2:00     - 54 30  161 51   5.01 0.08  0.0    5 11.3 13.9      2255
 2256 2021- 3-30  2:06     - 55 17  161 29   1.01 0.02  0.0    4  2.0 12.4      2256
 2257 2021- 3-30  2:26     - 54 54  161  7   4.34 0.13  0.0    6 13.7 16.6      2257
 2258 2021- 3-30  2:26     - 55 16  161 24   6.12 0.13  0.0    5  9.4 16.6      2258
 2259 2021- 3-30  3:18     - 54 37  161 11   3.93 0.11  0.0   10  6.1 13.4      2259
 2260 2021- 3-30  3:36     # 55 16  161 53  37.01 2.15  0.0   11 24.4 29.8      2260
 2261 2021- 3-30  4:31     - 55  6  161  9   5.00 0.14  0.0    5 14.7 16.9      2261
 2262 2021- 3-30  4:31     - 55 15  160 37   5.02 0.11  0.0    5 13.7 14.4      2262
 2263 2021- 3-30  4:38     - 54 37  161 52   4.98 0.29  0.0    5 10.0 25.2      2263
 2264 2021- 3-30  6:26     - 55  1  161 43   1.76 0.07  0.0    4  6.2 13.7      2264
 *** DISTANCE & RESIDUAL WEIGHTING CANCELLED FOR EVENT: 2021  3 30  7 52
 2265 2021- 3-30  7:51     - 55  9  161 25   5.00 0.40  0.0    5 23.3 35.5      2265
 *** DISTANCE & RESIDUAL WEIGHTING CANCELLED FOR EVENT: 2021  3 30  7 52
  SEQ ---DATE--- TIME REMARK -LAT-  --LON-  DEPTH  RMS PMAG  NUM  ERH  ERZ  ID
 2266 2021- 3-30  7:52     - 55  6  160 58   6.53 0.24  0.0    4 20.4 23.4      2266
 2267 2021- 3-30 14:13     - 54 57  161  7  31.31 0.21  0.0    9 18.4  1.6      2267
 2268 2021- 3-30 14:13     - 55 39  162 37   4.78 0.72  0.0    7 15.9 57.3      2268
 2269 2021- 3-30 15:06     - 54 30  162 27   5.05 0.15  0.0    9  7.4 16.1      2269
 2270 2021- 3-30 15:33     - 55  2  161 38  24.61 0.13  0.0    6 12.2  4.9      2270
 2271 2021- 3-30 15:33     - 54 47  161  3  27.27 0.19  0.0    8 14.3 11.0      2271
 2272 2021- 3-30 17:28     - 55  7  161 10   5.00 0.12  0.0    5 13.4 15.8      2272
 2273 2021- 3-30 17:28     - 55  8  161 16  26.59 0.14  0.0    4 15.8  6.3      2273
 2274 2021- 3-30 18:38     - 54 32  163 14   1.06 0.20  0.0    9  8.7 19.0      2274
 *** DISTANCE & RESIDUAL WEIGHTING CANCELLED FOR EVENT: 2021  3 31  0  0
 2275 2021- 3-30 23:59     # 55 20  162 16   5.00 0.96  0.0    5 10.7  8.0      2275
 2276 2021- 3-31  1:17     - 55 19  161  1  40.82 0.19  0.0    9 16.5  6.2      2276
 *** DISTANCE & RESIDUAL WEIGHTING CANCELLED FOR EVENT: 2021  3 31  1 17
 2277 2021- 3-31  1:17     - 55 17  161 17  35.88 0.62  0.0    5 43.4 15.6      2277
 *** DISTANCE & RESIDUAL WEIGHTING CANCELLED FOR EVENT: 2021  3 31  1 18
 2278 2021- 3-31  1:17     # 55 31  161 47  14.21 0.71  0.0    5 18.4 19.3      2278
 2279 2021- 3-31  6:11     - 54 40  162 46   4.97 0.32  0.0   12 12.3 26.7      2279
 2280 2021- 3-31  6:42     - 54 40  161  2   4.75 0.27  0.0   14  9.9 21.0      2280
  SEQ ---DATE--- TIME REMARK -LAT-  --LON-  DEPTH  RMS PMAG  NUM  ERH  ERZ  ID
 2281 2021- 3-31  7:44     - 55 12  161 11   4.91 0.06  0.0    4  8.1 12.1      2281
 2282 2021- 4- 1 16:25       54 60  161 40  24.12 0.16  0.0    6  6.2  3.0      2282
 2283 2021- 4- 1 16:26     - 54 54  161 32  24.09 0.18  0.0    5 16.1  3.6      2283
 2284 2021- 4- 1 16:58     - 55 13  161 30  22.49 0.06  0.0    5  9.3  3.7      2284
 2285 2021- 4- 1 18:17     - 55  7  161 31   2.12 0.13  0.0    4 11.8  2.9      2285
 2286 2021- 4- 2  0:36     - 54 57  160 48   3.98 0.24  0.0   17  8.3 17.5      2286
 2287 2021- 4- 2  4:26     # 55 21  162 27  11.26 1.17  0.0    9  6.5 62.7      2287
 2288 2021- 4- 2  4:45     # 55 23  161 52   0.06 0.70  0.0    8  2.4 41.4      2288
 2289 2021- 4- 2  4:45     - 54 32  160 58   6.58 0.24  0.0    7 21.4  4.5      2289
 2290 2021- 4- 2  5:07     - 55 26  161 58  32.73 0.06  0.0    4 13.4  1.7      2290
 *** DISTANCE & RESIDUAL WEIGHTING CANCELLED FOR EVENT: 2021  4  2  5 22
 2291 2021- 4- 2  5:22     - 55  3  161 53  14.03 3.70  0.0    4 97.7 35.8      2291
 *** DISTANCE & RESIDUAL WEIGHTING CANCELLED FOR EVENT: 2021  4  2  6  2
 2292 2021- 4- 2  6:02     - 55  3  162 16  11.98 0.95  0.0    5 30.0 61.1      2292
 2293 2021- 4- 2  7:24     - 55 35  161 57   3.84 0.03  0.0    4  5.3  8.5      2293
 2294 2021- 4- 2  9:17     - 54 31  161 39   4.77 0.07  0.0    5  5.9 12.5      2294
 2295 2021- 4- 2 11:51     - 54 40  162 38   5.02 0.05  0.0    7  5.6 12.0      2295
  SEQ ---DATE--- TIME REMARK -LAT-  --LON-  DEPTH  RMS PMAG  NUM  ERH  ERZ  ID
 2296 2021- 4- 2 12:12     - 55 31  161 42   1.50 0.01  0.0    4  2.2 12.5      2296
 2297 2021- 4- 2 12:51     - 54 41  162 40   4.96 0.03  0.0    4  7.4 11.6      2297
 2298 2021- 4- 2 15:04     - 55  8  161 27   2.94 0.16  0.0    5 12.7  3.5      2298
 *** DISTANCE & RESIDUAL WEIGHTING CANCELLED FOR EVENT: 2021  4  2 15  4
 2299 2021- 4- 2 15:04     - 55  6  161 16   5.00 0.45  0.0    5 31.7 39.3      2299
 2300 2021- 4- 2 15:28     - 54 59  162 17   0.03 0.04  0.0    4  9.3 12.8      2300
 *** DISTANCE & RESIDUAL WEIGHTING CANCELLED FOR EVENT: 2021  4  2 15 28
 2301 2021- 4- 2 15:28     - 54 55  162 27   5.01 0.56  0.0    4 46.4  4.1      2301
 2302 2021- 4- 2 19:13     - 55 18  161 39   4.55 0.02  0.0    4  9.8  0.9      2302
 *** DISTANCE & RESIDUAL WEIGHTING CANCELLED FOR EVENT: 2021  4  2 19 14
 2303 2021- 4- 2 19:13     - 54 59  161  7   5.04 0.68  0.0    4 51.3 57.1      2303
 *** DISTANCE & RESIDUAL WEIGHTING CANCELLED FOR EVENT: 2021  4  3  0  0
 2304 2021- 4- 2 23:59     # 55 21  162 12   5.00 0.64  0.0    4  6.6  4.9      2304
 *** DISTANCE & RESIDUAL WEIGHTING CANCELLED FOR EVENT: 2021  4  3  2 54
 2305 2021- 4- 3  2:54     # 55 10  161 35   5.00 0.52  0.0    4 17.9  4.4      2305
 2306 2021- 4- 3  2:57     - 54 51  161 15  30.00 0.22  0.0   10 17.6  1.9      2306
 2307 2021- 4- 3  2:57     - 54 36  160 60  36.34 0.95  0.0   10 59.6 47.0      2307
 2308 2021- 4- 3  3:40     - 55 11  161 30   6.86 0.09  0.0    4  2.9 14.4      2308
 2309 2021- 4- 3  5:46     - 54 44  161  9  27.86 0.22  0.0   11 16.8  2.8      2309
 2310 2021- 4- 3  5:46     - 54 42  161 10  20.06 0.21  0.0    8 11.8 16.1      2310
  SEQ ---DATE--- TIME REMARK -LAT-  --LON-  DEPTH  RMS PMAG  NUM  ERH  ERZ  ID
 2311 2021- 4- 3  5:56     - 54 41  160 55  24.85 0.17  0.0   11 15.8  3.5      2311
 2312 2021- 4- 3  5:56     - 54 38  160 49  11.34 0.27  0.0    8 18.2  4.6      2312
 2313 2021- 4- 3  6:10     - 55 15  162 53   4.46 0.33  0.0    5 11.1 27.3      2313
 2314 2021- 4- 3  6:34     - 55 31  161 50   1.07 0.06  0.0    4 10.8  8.1      2314
 2315 2021- 4- 3  7:33     - 55  3  160 31   5.02 0.19  0.0    4 17.3 18.2      2315
 2316 2021- 4- 3  7:44     - 55 18  161 56  11.55 0.01  0.0    4  9.7  7.7      2316
 2317 2021- 4- 3  7:59     - 55 10  161 57   5.00 0.17  0.0    4  3.7 18.6      2317
 2318 2021- 4- 3  9:15       55 23  161 45   8.47 0.16  0.0    6  1.8  2.0      2318
 2319 2021- 4- 3 10:17     - 55 17  161 37   4.65 0.05  0.0    5  9.3  1.1      2319
 2320 2021- 4- 3 10:17     - 55 22  161 50   0.01 9.99  0.0    4 47.2 98.9      2320
 *** DISTANCE & RESIDUAL WEIGHTING CANCELLED FOR EVENT: 2021  4  3 11 57
 2321 2021- 4- 3 11:57     - 55  1  161 38  20.88 0.21  0.0    4 16.5  7.8      2321
 2322 2021- 4- 3 12:42     # 54 53  161 56   1.03 0.04  0.0    6  3.3  5.8      2322
 2323 2021- 4- 3 12:42     - 54 28  161 32   5.00 0.25  0.0    9 14.9 23.8      2323
 *** DISTANCE & RESIDUAL WEIGHTING CANCELLED FOR EVENT: 2021  4  3 13  9
 2324 2021- 4- 3 13:09     - 55 25  161 54   5.00 0.76  0.0    4 41.8 47.8      2324
 2325 2021- 4- 3 14:58     - 54 35  160 51   4.01 0.14  0.0    8  7.1 15.5      2325
  SEQ ---DATE--- TIME REMARK -LAT-  --LON-  DEPTH  RMS PMAG  NUM  ERH  ERZ  ID
 2326 2021- 4- 3 15:41     - 54 55  161  8   5.01 0.19  0.0    5 18.5 19.9      2326
 2327 2021- 4- 3 16:10     # 54 47  160 26   9.59 0.07  0.0    5  6.6  4.4      2327
 2328 2021- 4- 3 16:54     - 54 57  162 16   7.32 0.05  0.0    6  8.8  8.9      2328
 2329 2021- 4- 3 16:55     - 55  4  161 46   5.26 0.02  0.0    4 11.7  1.6      2329
 2330 2021- 4- 3 17:03     - 54 28  161 39   5.03 0.01  0.0    4  5.3 11.4      2330
 2331 2021- 4- 3 18:04     - 54 58  161  6  39.16 0.19  0.0    8 17.9  9.4      2331
 2332 2021- 4- 3 18:04     - 55 10  161 54   8.66 0.05  0.0    4  8.1 10.3      2332
 2333 2021- 4- 3 18:53     - 55  4  161 58  65.08 0.15  0.0    6  5.1 14.6      2333
 2334 2021- 4- 3 19:01     - 54 36  163  1   5.44 0.07  0.0    6  5.8 12.5      2334
 2335 2021- 4- 4  2:00     - 55 20  162  1  12.47 0.59  0.0    4 10.1 39.8      2335
 2336 2021- 4- 4  4:30     - 55  3  161 28  27.65 0.22  0.0    8 17.0  5.9      2336
 2337 2021- 4- 4  4:30     - 54 51  161  5  18.31 0.20  0.0    7 10.5 18.8      2337
 2338 2021- 4- 4  4:59     - 55 11  161 54   0.31 0.16  0.0    4  1.6 14.8      2338
 *** DISTANCE & RESIDUAL WEIGHTING CANCELLED FOR EVENT: 2021  4  4  5 28
 2339 2021- 4- 4  5:28     # 55  2  162  7  15.20 3.98  0.0    4 65.1 73.3      2339
 2340 2021- 4- 4  6:07     - 55  1  162 16   4.46 0.08  0.0    4  3.2 10.2      2340
  SEQ ---DATE--- TIME REMARK -LAT-  --LON-  DEPTH  RMS PMAG  NUM  ERH  ERZ  ID
 2341 2021- 4- 4  7:15       54 58  162 10   2.62 0.08  0.0    5  1.8  2.5      2341
 *** DISTANCE & RESIDUAL WEIGHTING CANCELLED FOR EVENT: 2021  4  4  7 16
 2342 2021- 4- 4  7:16     - 55 29  162 27   4.72 0.96  0.0    4 20.8 77.4      2342
 2343 2021- 4- 4  7:41     - 55 20  161 44   0.00 0.23  0.0    4  2.0 21.6      2343
 *** DISTANCE & RESIDUAL WEIGHTING CANCELLED FOR EVENT: 2021  4  4  7 41
 2344 2021- 4- 4  7:41     - 54 55  161 21  45.57 0.48  0.0    6 33.7 12.4      2344
 2345 2021- 4- 4  8:56     - 54 59  161 13  20.32 0.28  0.0    5 23.5 18.9      2345
 2346 2021- 4- 4  8:56     - 54 55  161 28  31.67 0.16  0.0    4 16.6 11.8      2346
 2347 2021- 4- 4  9:04     - 54 47  160 51  34.76 0.22  0.0    9 15.5 17.3      2347
 2348 2021- 4- 4  9:04     - 54 35  160 44  19.11 0.14  0.0    8 12.1  3.5      2348
 2349 2021- 4- 4 12:21     - 55  1  161 18  21.03 0.16  0.0    5 15.8 10.8      2349
 2350 2021- 4- 4 12:22     - 54 55  161 18  22.06 0.18  0.0    6 14.9  4.8      2350
 2351 2021- 4- 4 12:39     # 55 35  162 22  30.56 0.83  0.0   11  9.2 15.0      2351
 2352 2021- 4- 4 12:40     - 55 31  162 14   7.60 0.64  0.0    6  2.5 51.1      2352
 2353 2021- 4- 4 12:47     - 55  8  162 13   0.68 0.04  0.0    4  2.2 12.7      2353
 2354 2021- 4- 4 12:47     - 54 56  162 34   6.08 0.25  0.0    4 21.5 23.1      2354
 2355 2021- 4- 4 14:44     # 55 20  161 16  36.81 0.12  0.0    6  3.9  3.0      2355
 *** DISTANCE & RESIDUAL WEIGHTING CANCELLED FOR EVENT: 2021  4  4 14 45
  SEQ ---DATE--- TIME REMARK -LAT-  --LON-  DEPTH  RMS PMAG  NUM  ERH  ERZ  ID
 2356 2021- 4- 4 14:45     # 54 58  162 12   5.0010.71  0.0    5 80.7 57.4      2356
 2357 2021- 4- 4 15:59     - 55 22  162 17  13.86 0.12  0.0    4  2.6 15.2      2357
 2358 2021- 4- 4 16:25     - 54 37  161  1   5.08 0.06  0.0    5  5.6 12.1      2358
 2359 2021- 4- 4 16:51     - 54 60  162 17   0.17 0.03  0.0    6  0.9  9.4      2359
 *** DISTANCE & RESIDUAL WEIGHTING CANCELLED FOR EVENT: 2021  4  4 16 51
 2360 2021- 4- 4 16:51     # 54 60  162 18   1.94 1.00  0.0    7  3.4  4.3      2360
 2361 2021- 4- 4 17:43     - 55 24  162 24   7.13 0.44  0.0    6  2.5 38.8      2361
 2362 2021- 4- 4 18:22     # 54 27  163 10   0.35 0.16  0.0   11  4.1  7.4      2362
 2363 2021- 4- 4 18:22     - 54 53  162 59   5.00 0.46  0.0    4 35.3 39.4      2363
 2364 2021- 4- 4 19:45     - 54 59  161 29  21.94 0.21  0.0    6 16.5  6.7      2364
 2365 2021- 4- 4 19:45       55  8  161 44   5.96 0.03  0.0    5  2.1  0.7      2365
 2366 2021- 4- 4 21:17     - 55 17  161 40   0.83 0.07  0.0    4  9.9 12.4      2366
 2367 2021- 4- 4 21:47     - 54 59  160 50  29.37 0.19  0.0   10 17.5  2.7      2367
 2368 2021- 4- 4 21:48     - 54 58  160 48  20.03 0.21  0.0    9 11.7 17.4      2368
 2369 2021- 4- 4 22:23     # 54 29  161  3   7.42 0.12  0.0   11  3.8  2.8      2369
 2370 2021- 4- 4 22:23     - 54 35  161  5  22.54 0.27  0.0    7 22.4  5.1      2370
  SEQ ---DATE--- TIME REMARK -LAT-  --LON-  DEPTH  RMS PMAG  NUM  ERH  ERZ  ID
 2371 2021- 4- 4 22:55     - 54 32  161 27   5.29 0.39  0.0   15 13.0 27.4      2371
 2372 2021- 4- 4 23:59     - 55 14  162  4  55.73 0.03  0.0    4  2.6 10.3      2372
 *** DISTANCE & RESIDUAL WEIGHTING CANCELLED FOR EVENT: 2021  4  5  0 16
 2373 2021- 4- 5  0:16     - 55 49  162 17   5.00 0.45  0.0    4 17.0 35.1      2373
 2374 2021- 4- 5  2:02     - 54 55  162 16   8.31 0.06  0.0    6  9.9  8.8      2374
 2375 2021- 4- 5  2:02     - 54 50  161  9   3.49 0.52  0.0    4 32.5 41.6      2375
 2376 2021- 4- 5  6:59     - 55  4  161 31  36.47 0.44  0.0    4 32.5 10.1      2376
 2377 2021- 4- 5 20:51     - 54 43  162 12   6.60 0.10  0.0    5 12.2 14.9      2377
 2378 2021- 4- 5 20:54     # 54 59  162 17   1.33 0.03  0.0    8  0.8  3.2      2378
 2379 2021- 4- 5 20:54     - 54 60  162 18   0.00 4.35  0.0    6 10.9 98.9      2379
 2380 2021- 4- 5 21:21     - 54 48  161 24  20.25 0.17  0.0   10 14.1  8.9      2380
 2381 2021- 4- 5 21:22     - 55 15  162 14   6.08 0.07  0.0    5  6.2 11.8      2381
 2382 2021- 4- 5 21:32     # 55 11  162 20  51.20 0.59  0.0    5 19.9 20.6      2382
 2383 2021- 4- 5 21:45     - 55  6  161 50   7.43 0.05  0.0    4 12.3  4.3      2383
 2384 2021- 4- 5 21:46       55 20  161 49  14.78 0.04  0.0    5  1.3  1.8      2384
 2385 2021- 4- 5 21:53     - 55  7  161 25   5.00 0.17  0.0    4 14.9 18.6      2385
 *** DISTANCE & RESIDUAL WEIGHTING CANCELLED FOR EVENT: 2021  4  5 22 30
  SEQ ---DATE--- TIME REMARK -LAT-  --LON-  DEPTH  RMS PMAG  NUM  ERH  ERZ  ID
 2386 2021- 4- 5 22:30     - 54 34  161 52   5.00 0.76  0.0    5 24.4 55.1      2386
 2387 2021- 4- 5 23:06       55 33  161 26  12.92 0.14  0.0    6  3.4  8.7      2387
 2388 2021- 4- 5 23:15     - 54 56  161 33  18.19 0.22  0.0    7 16.8  6.1      2388
 2389 2021- 4- 5 23:15     - 54 40  161 10  11.24 0.06  0.0    6  9.1  2.1      2389
 2390 2021- 4- 5 23:38     - 55  1  161 44  17.11 0.14  0.0    5 14.4  3.8      2390
 *** DISTANCE & RESIDUAL WEIGHTING CANCELLED FOR EVENT: 2021  4  6  0  0
 2391 2021- 4- 5 23:59     # 55 29  161 51   5.00 1.95  0.0    4 51.4 36.7      2391
 2392 2021- 4- 6  2:26     - 55 14  163 24   6.18 0.82  0.0   13 28.4 58.7      2392
 2393 2021- 4- 6  2:29     - 54 30  161 48   4.89 0.20  0.0   13  8.1 17.4      2393
 2394 2021- 4- 6  3:08     - 54 28  161 34   4.49 0.15  0.0    5  7.1 15.8      2394
 *** DISTANCE & RESIDUAL WEIGHTING CANCELLED FOR EVENT: 2021  4  6  5 48
 2395 2021- 4- 6  5:48     - 55  8  161 23  26.37 0.45  0.0    4 34.2 16.0      2395
 2396 2021- 4- 6  5:51       55 34  161 35   3.25 0.17  0.0   15  0.8  3.5      2396
 2397 2021- 4- 6  6:40     - 55  5  161 17   0.71 0.10  0.0    5 11.0  3.0      2397
 2398 2021- 4- 6  6:42     - 55  8  160 54   5.00 0.13  0.0    7 14.6 16.6      2398
 2399 2021- 4- 6  6:42     - 54 57  160  9   9.77 0.26  0.0    9 21.4 25.2      2399
 2400 2021- 4- 6  8:44     - 55  0  162 18  12.08 0.04  0.0    4  5.3  8.8      2400
  SEQ ---DATE--- TIME REMARK -LAT-  --LON-  DEPTH  RMS PMAG  NUM  ERH  ERZ  ID
 2401 2021- 4- 6  9:04     - 54 59  162 34  14.25 0.09  0.0    5  9.8  5.9      2401
 2402 2021- 4- 6 10:53     - 55  3  161 43  20.41 0.10  0.0    6 10.4  4.5      2402
 2403 2021- 4- 6 10:53     - 55  3  161  5   5.51 0.02  0.0    4  8.2 12.5      2403
 2404 2021- 4- 6 12:00       55 19  161 51  26.73 0.00  0.0    4  4.1  2.5      2404
 2405 2021- 4- 6 12:22     - 54 59  161 38  21.88 0.11  0.0    6 12.7  3.5      2405
 2406 2021- 4- 6 12:22       55  7  161 54  11.76 0.02  0.0    5  4.2  3.5      2406
 2407 2021- 4- 6 13:05     - 55 10  161 22   5.01 0.10  0.0    5 14.1 14.4      2407
 2408 2021- 4- 6 13:05     - 54 54  161 17  31.41 0.13  0.0    6 15.5  1.0      2408
 2409 2021- 4- 6 13:12     - 55  6  161 18  19.17 0.02  0.0    4 12.3  8.8      2409
 *** DISTANCE & RESIDUAL WEIGHTING CANCELLED FOR EVENT: 2021  4  6 13 13
 2410 2021- 4- 6 13:13     - 55 15  162 14   7.65 0.39  0.0    4  5.8 29.5      2410
 2411 2021- 4- 6 13:25     - 55  1  161 28  23.97 0.24  0.0    5 19.4 10.6      2411
 *** DISTANCE & RESIDUAL WEIGHTING CANCELLED FOR EVENT: 2021  4  6 13 25
 2412 2021- 4- 6 13:25     - 55 15  162 16   1.81 0.63  0.0    4  5.6 46.4      2412
 2413 2021- 4- 6 16:08     - 55 17  161 23   6.12 0.08  0.0    5  4.6 12.0      2413
 2414 2021- 4- 6 16:08     - 55 11  161 41  13.64 0.01  0.0    4 10.6  6.0      2414
 2415 2021- 4- 6 17:03     - 55 18  162 32   4.98 0.47  0.0    7  7.6 41.0      2415
  SEQ ---DATE--- TIME REMARK -LAT-  --LON-  DEPTH  RMS PMAG  NUM  ERH  ERZ  ID
 2416 2021- 4- 6 17:23     - 54 48  161  4   5.00 0.22  0.0    7 20.3 22.3      2416
 2417 2021- 4- 6 17:23       55 17  162 12   5.21 0.01  0.0    4  1.2  0.9      2417
 2418 2021- 4- 6 17:54     - 55  2  161 30  31.58 0.22  0.0    7 15.4  7.8      2418
 2419 2021- 4- 6 17:54       55 14  162  7  22.89 0.00  0.0    4  2.6  4.9      2419
 2420 2021- 4- 6 20:05     - 54 34  162  4   4.83 0.11  0.0    5  6.4 13.9      2420
 *** DISTANCE & RESIDUAL WEIGHTING CANCELLED FOR EVENT: 2021  4  6 20 22
 2421 2021- 4- 6 20:22     - 55 19  161 33   4.78 0.30  0.0    5 22.7  5.8      2421
 2422 2021- 4- 6 20:22     - 55 23  161 26   7.35 0.13  0.0    4 10.9 15.1      2422
 2423 2021- 4- 6 20:30     - 54 58  161 12  25.77 0.26  0.0   10 19.7  9.8      2423
 2424 2021- 4- 6 20:30     - 54 43  160 51  28.88 0.16  0.0    8 14.1  2.7      2424
 2425 2021- 4- 6 22:55     - 54 25  161 50   4.75 0.70  0.0    5 24.6 53.6      2425
 2426 2021- 4- 6 23:59     - 55 19  162 33   5.05 0.21  0.0    4  5.9 21.4      2426
 2427 2021- 4- 7  0:08     - 54 59  161 35  20.69 0.03  0.0    4 11.5  5.1      2427
 2428 2021- 4- 7  0:19     - 54 59  161 28  24.37 0.25  0.0   10 17.4  5.8      2428
 2429 2021- 4- 7  0:19     - 55  2  160 42   5.01 0.17  0.0    6 16.2 17.0      2429
 2430 2021- 4- 7  0:23     - 55 15  161 16   4.96 0.08  0.0    8  5.9 14.2      2430
 *** DISTANCE & RESIDUAL WEIGHTING CANCELLED FOR EVENT: 2021  4  7  0 23
  SEQ ---DATE--- TIME REMARK -LAT-  --LON-  DEPTH  RMS PMAG  NUM  ERH  ERZ  ID
 2431 2021- 4- 7  0:23     - 55 33  161 22   5.00 0.96  0.0    4 23.0 57.8      2431
 2432 2021- 4- 7  0:35     - 55 15  161 39  12.28 0.20  0.0    4 18.4  6.8      2432
 *** DISTANCE & RESIDUAL WEIGHTING CANCELLED FOR EVENT: 2021  4  7  1  3
 2433 2021- 4- 7  1:03     - 55 35  162 41   5.00 0.82  0.0    5 49.6 69.2      2433
 2434 2021- 4- 7  3:03       55 17  161 51  19.70 0.07  0.0    6  2.9  1.1      2434
 2435 2021- 4- 7  3:37     - 54 53  161 22  25.77 0.24  0.0    9 19.2  9.3      2435
 2436 2021- 4- 7  3:37     - 54 42  161 10  27.27 0.23  0.0    8 15.8  2.6      2436
 2437 2021- 4- 7  5:21     - 54 60  162 25  16.09 0.04  0.0    4  7.2  7.3      2437
 2438 2021- 4- 7  5:23     # 55 12  162 11   6.03 0.04  0.0    4  3.9  4.9      2438
 2439 2021- 4- 7  6:10     - 54 57  160 42   4.79 0.28  0.0    8 10.6 23.1      2439
 2440 2021- 4- 7  6:28     - 55 31  161 29   1.34 0.17  0.0   12  1.1 15.0      2440
 *** DISTANCE & RESIDUAL WEIGHTING CANCELLED FOR EVENT: 2021  4  7  6 37
 2441 2021- 4- 7  6:37     # 55 19  161 45   5.00 1.60  0.0    4 60.0 30.8      2441
 2442 2021- 4- 7  7:59     - 55 39  162 43   5.00 0.20  0.0    5 16.9 20.8      2442
 2443 2021- 4- 7  8:43     - 55 36  161 37   2.17 0.15  0.0    8  1.3 13.7      2443
 2444 2021- 4- 7 11:28     - 54 55  161  5  18.70 0.19  0.0    8 13.4 13.2      2444
 2445 2021- 4- 7 12:19     - 54 41  161 32   5.01 0.11  0.0    7 10.7 15.5      2445
  SEQ ---DATE--- TIME REMARK -LAT-  --LON-  DEPTH  RMS PMAG  NUM  ERH  ERZ  ID
 2446 2021- 4- 7 12:19     - 54 31  161 13   3.73 0.17  0.0    9 12.7 18.9      2446
 2447 2021- 4- 7 13:36     - 55 27  160 44   4.98 0.15  0.0    7  7.2 15.9      2447
 2448 2021- 4- 7 13:36     - 55 14  161  1   4.98 0.12  0.0    4  6.6 14.6      2448
 2449 2021- 4- 7 14:31     - 54 35  161 18   5.06 0.15  0.0   11  6.7 14.2      2449
 *** DISTANCE & RESIDUAL WEIGHTING CANCELLED FOR EVENT: 2021  4  7 15  4
 2450 2021- 4- 7 15:04     - 55  8  163  4   4.88 0.04  0.0    4  5.6 11.7      2450
 *** DISTANCE & RESIDUAL WEIGHTING CANCELLED FOR EVENT: 2021  4  7 16  0
 2451 2021- 4- 7 15:59     - 55 18  162 10   5.00 0.92  0.0    4 78.0 10.4      2451
 2452 2021- 4- 7 19:33     # 55  1  162 22   6.06 0.10  0.0    6  8.5  1.8      2452
 2453 2021- 4- 7 19:54     - 55  6  161 30   3.02 0.12  0.0    4 11.8  2.7      2453
 2454 2021- 4- 7 19:54     - 55  5  161 45   0.49 0.02  0.0    4  2.2 10.4      2454
 2455 2021- 4- 7 21:34       55  7  161 56   4.84 0.01  0.0    4  1.7  1.8      2455
 2456 2021- 4- 7 21:34     - 55 11  162  3   0.46 0.06  0.0    4  1.8 10.5      2456
 2457 2021- 4- 7 23:59     - 55  7  161 34   4.89 0.16  0.0    5  9.7 10.2      2457
 2458 2021- 4- 7 23:59     - 55 19  162  3   4.99 0.07  0.0    4  1.1 13.6      2458
 2459 2021- 4- 8  0:08     - 55 23  162 39   5.05 0.00  0.0    4  5.5 11.2      2459
 2460 2021- 4- 8  6:13     - 54 58  161 16  29.99 0.19  0.0    9 14.7  2.2      2460
  SEQ ---DATE--- TIME REMARK -LAT-  --LON-  DEPTH  RMS PMAG  NUM  ERH  ERZ  ID
 2461 2021- 4- 8  6:13     - 54 41  160 39  34.64 0.16  0.0    8 12.9 18.1      2461
 2462 2021- 4- 8  6:34     - 55  4  161 47  15.41 0.19  0.0    5 14.8  8.0      2462
 *** DISTANCE & RESIDUAL WEIGHTING CANCELLED FOR EVENT: 2021  4  8  6 34
 2463 2021- 4- 8  6:34     - 55 47  162 51   5.00 0.46  0.0    5 33.0 39.9      2463
 2464 2021- 4- 8  6:34       55 10  161 56   5.55 0.09  0.0    6  0.7  1.0      2464
 2465 2021- 4- 8  7:03     - 54 58  161 11  39.23 0.17  0.0    8 15.8  7.1      2465
 2466 2021- 4- 8  7:03     - 54 45  160 53  18.20 0.17  0.0    5 16.0 18.3      2466
 2467 2021- 4- 8  7:58     - 55 42  161 22   3.84 0.26  0.0    4 21.8 22.6      2467
 2468 2021- 4- 8  8:22       55 15  161 20   2.59 0.00  0.0    4  4.4  2.0      2468
 2469 2021- 4- 8  8:25     - 54 55  161 27  24.16 0.18  0.0    7 17.7  6.2      2469
 2470 2021- 4- 8  8:26     - 55 22  161 46   0.16 0.11  0.0    4  4.1 11.9      2470
 2471 2021- 4- 8 10:34     - 55 14  161 23   4.99 0.13  0.0    5  4.8 12.6      2471
 2472 2021- 4- 8 12:52     - 54 35  163 20  34.84 0.21  0.0    5 12.5 20.7      2472
 2473 2021- 4- 8 12:52       55 16  162  3  11.92 0.00  0.0    4  1.8  4.5      2473
 2474 2021- 4- 8 12:52     - 55 11  162 11   1.69 0.06  0.0    4  2.3 13.0      2474
 *** DISTANCE & RESIDUAL WEIGHTING CANCELLED FOR EVENT: 2021  4  8 17 12
 2475 2021- 4- 8 17:12     - 55 25  161 42  13.64 0.02  0.0    4  7.8  5.5      2475
  SEQ ---DATE--- TIME REMARK -LAT-  --LON-  DEPTH  RMS PMAG  NUM  ERH  ERZ  ID
 2476 2021- 4- 8 17:12     - 55 20  162  8  19.65 0.07  0.0    4  3.9 10.3      2476
 2477 2021- 4- 8 21:11     - 55  9  160 23   4.82 0.12  0.0    6  6.5 14.3      2477
 2478 2021- 4- 8 21:11     - 55 34  161  1   4.41 0.12  0.0    6  9.2 11.7      2478
 2479 2021- 4- 8 23:59     - 54 52  161  8  33.63 0.20  0.0    8 13.3 14.4      2479
 2480 2021- 4- 8 23:59     - 55 20  162 40   3.07 0.37  0.0    6 14.0 29.5      2480
 2481 2021- 4- 9  2:57     - 55 19  163 19   4.47 0.94  0.0    7 34.0 68.5      2481
 2482 2021- 4- 9  5:37     - 55 16  161 59   0.04 0.45  0.0    4 39.7 24.0      2482
 *** DISTANCE & RESIDUAL WEIGHTING CANCELLED FOR EVENT: 2021  4  9  5 44
 2483 2021- 4- 9  5:44     - 55 16  161 53   4.99 1.02  0.0    4 86.1  7.0      2483
 2484 2021- 4- 9  7:09     - 54 35  161 24   4.99 0.16  0.0   16  6.9 14.3      2484
 *** DISTANCE & RESIDUAL WEIGHTING CANCELLED FOR EVENT: 2021  4  9  7  9
 2485 2021- 4- 9  7:09     - 55 10  162  2   6.36 0.22  0.0    4 12.6 17.6      2485
 2486 2021- 4- 9  7:48     - 55 16  161 53   0.04 0.95  0.0    4 80.1 38.2      2486
 2487 2021- 4- 9  7:59     - 55  4  163 39   3.01 0.14  0.0    4  7.3 15.4      2487
 2488 2021- 4- 9  9:12     - 55 40  162  3   0.27 0.19  0.0    4 20.0 14.4      2488
 2489 2021- 4- 9 10:49     - 54 36  161 36   5.01 0.22  0.0    7 17.9 22.3      2489
 2490 2021- 4- 9 10:50     - 55 11  161 43   8.62 0.03  0.0    4  9.5  4.7      2490
  SEQ ---DATE--- TIME REMARK -LAT-  --LON-  DEPTH  RMS PMAG  NUM  ERH  ERZ  ID
 2491 2021- 4- 9 10:54     - 54 37  161 48   5.15 0.20  0.0    6 16.7 21.0      2491
 2492 2021- 4- 9 10:54     - 54 35  161 54   4.98 0.08  0.0    4 11.3 14.1      2492
 2493 2021- 4- 9 12:25       54 25  161 27   7.87 0.16  0.0   11  1.3  2.0      2493
 2494 2021- 4- 9 12:48     - 54 56  162 17   4.53 0.06  0.0    5  8.3  6.4      2494
 2495 2021- 4- 9 12:48     - 54 54  162 15   0.0012.27  0.0    5 98.4 98.3      2495
 2496 2021- 4- 9 13:04     - 54 53  161  6  29.40 0.21  0.0    9 17.9  2.6      2496
 2497 2021- 4- 9 13:05     - 54 53  161  5  33.47 0.28  0.0    8 17.4 23.5      2497
 2498 2021- 4- 9 15:14     - 54 51  161  5  27.36 0.18  0.0    9 17.0  2.9      2498
 2499 2021- 4- 9 15:14     - 55  4  160 42   5.01 0.11  0.0    5 14.1 15.2      2499
 2500 2021- 4- 9 17:31     - 54 37  162 48  10.41 0.13  0.0    8  5.5 13.1      2500
 2501 2021- 4- 9 17:37     - 55 44  160 27   5.04 0.25  0.0   11 10.0 21.8      2501
 2502 2021- 4- 9 18:15     - 55 15  161 36   6.69 0.13  0.0    5 13.8 16.1      2502
 *** DISTANCE & RESIDUAL WEIGHTING CANCELLED FOR EVENT: 2021  4  9 18 15
 2503 2021- 4- 9 18:15     - 55  1  161 18  30.57 0.72  0.0    4 52.7 22.3      2503
 2504 2021- 4- 9 19:26     - 55 11  161 22   2.03 0.07  0.0    4 12.9  3.0      2504
 2505 2021- 4- 9 21:15     - 54 54  163  8   3.61 0.25  0.0    7  9.2 20.8      2505
  SEQ ---DATE--- TIME REMARK -LAT-  --LON-  DEPTH  RMS PMAG  NUM  ERH  ERZ  ID
 2506 2021- 4- 9 23:19     - 54 52  161  8  29.55 0.21  0.0    9 16.4  1.9      2506
 2507 2021- 4- 9 23:19     - 54 41  160 33  18.15 0.27  0.0    8 22.5  6.5      2507
 2508 2021- 4-10  1:09     - 54 54  161  7  29.75 0.18  0.0    8 17.0  1.9      2508
 2509 2021- 4-10  1:09     - 54 43  160 40   5.07 0.20  0.0    5 18.7 20.3      2509
 *** DISTANCE & RESIDUAL WEIGHTING CANCELLED FOR EVENT: 2021  4 10  3 21
 2510 2021- 4-10  3:21     - 55  0  161 37  20.22 0.21  0.0    4 17.7  8.8      2510
 2511 2021- 4-10  5:02       54 51  161 59   3.74 0.09  0.0    4  5.9  2.2      2511
 2512 2021- 4-10  7:01     - 54 26  161 44   4.19 0.17  0.0   10  7.9 16.8      2512
 2513 2021- 4-10  7:13     - 55 12  162 20   7.47 0.20  0.0    5  2.8 21.1      2513
 *** DISTANCE & RESIDUAL WEIGHTING CANCELLED FOR EVENT: 2021  4 10  9 21
 2514 2021- 4-10  9:21     - 54 48  161 50   5.00 0.37  0.0    4 30.1 32.9      2514
 2515 2021- 4-10  9:36     - 54 38  160 43  13.60 0.15  0.0   10  7.7 15.4      2515
 2516 2021- 4-10  9:41     - 55  1  162 23  48.76 0.07  0.0    5  5.4 10.8      2516
 2517 2021- 4-10 12:37     - 54 37  161 18   5.06 0.18  0.0   15  7.1 15.2      2517
 2518 2021- 4-10 12:56     - 54 27  162 28   4.59 0.44  0.0   12 16.0 34.7      2518
 2519 2021- 4-10 13:26     - 55 10  161 22   1.49 0.12  0.0    4 11.2  3.7      2519
 2520 2021- 4-10 13:26     - 55  5  161 12  33.17 0.17  0.0    5 13.8  6.4      2520
  SEQ ---DATE--- TIME REMARK -LAT-  --LON-  DEPTH  RMS PMAG  NUM  ERH  ERZ  ID
 2521 2021- 4-10 13:42     - 55 10  161 15   5.00 0.11  0.0    4 12.8 15.7      2521
 2522 2021- 4-10 13:42     - 55  7  161  4   5.02 0.41  0.0    4 29.8 35.8      2522
 *** DISTANCE & RESIDUAL WEIGHTING CANCELLED FOR EVENT: 2021  4 10 14 10
 2523 2021- 4-10 14:10     # 55 19  161 44   5.00 0.96  0.0    4 33.3 17.6      2523
 2524 2021- 4-10 16:54     - 55  4  163 23   4.62 0.70  0.0    9 25.2 52.6      2524
 2525 2021- 4-10 18:25     - 55 22  161 50   0.28 0.07  0.0    4  1.0 11.3      2525
 2526 2021- 4-10 19:21     - 54 21  161 42   4.17 0.20  0.0    6  9.0 19.0      2526
 2527 2021- 4-10 21:17       55 14  161 51  12.29 0.05  0.0    5  3.1  1.5      2527
 2528 2021- 4-10 21:17     - 54 59  163 14   3.57 0.24  0.0    5  9.3 20.7      2528
 2529 2021- 4-10 21:17     - 55 25  162  1   0.51 0.30  0.0    6  3.0 25.0      2529
 2530 2021- 4-10 22:27     - 54 58  161 43  20.84 0.09  0.0    4 11.3  6.1      2530
 2531 2021- 4-11  5:00     - 54 60  162 30   9.20 0.02  0.0    5  7.6  4.5      2531
 2532 2021- 4-11  5:00     - 54 56  162 35  11.13 0.18  0.0    4 15.3  6.4      2532
 2533 2021- 4-11  7:10     - 54 36  160 47  22.90 0.21  0.0   10 18.5  4.5      2533
 2534 2021- 4-11  7:11     # 54 54  161 41   0.01 0.42  0.0    5 17.0  5.7      2534
 2535 2021- 4-11  7:18     - 55 19  161  4   5.14 0.34  0.0    4 28.0 29.8      2535
 *** DISTANCE & RESIDUAL WEIGHTING CANCELLED FOR EVENT: 2021  4 11  7 41
  SEQ ---DATE--- TIME REMARK -LAT-  --LON-  DEPTH  RMS PMAG  NUM  ERH  ERZ  ID
 2536 2021- 4-11  7:41     - 55 16  161 11   5.00 0.40  0.0    5 21.7 35.6      2536
 *** DISTANCE & RESIDUAL WEIGHTING CANCELLED FOR EVENT: 2021  4 11 18  0
 2537 2021- 4-11 18:00     - 55  4  161 42  19.57 0.27  0.0    5 20.2  7.6      2537
 2538 2021- 4-11 18:00     - 54 47  160 54  36.18 0.45  0.0    6 34.7 26.9      2538
 2539 2021- 4-11 21:27     - 55  1  161 38  24.98 0.12  0.0    7 12.2  4.9      2539
 2540 2021- 4-11 21:28     - 54 57  161 25  22.48 0.33  0.0    6 24.5  6.9      2540
 2541 2021- 4-12  0:21     - 54 37  161 17   5.18 0.15  0.0   15  6.3 13.5      2541
 *** DISTANCE & RESIDUAL WEIGHTING CANCELLED FOR EVENT: 2021  4 12  1 11
 2542 2021- 4-12  1:11     - 54 30  161 37   5.00 0.67  0.0    4 57.1 52.0      2542
 2543 2021- 4-12  2:18     - 54 30  161 46   4.83 0.22  0.0   14  8.5 18.1      2543
 2544 2021- 4-12  5:51     - 54 37  161 17   4.54 0.12  0.0    7  6.4 13.4      2544
 2545 2021- 4-12  6:31     - 55  5  161 58  13.31 0.08  0.0    5  8.3  9.8      2545
 2546 2021- 4-12  6:31     - 55  7  161 39   5.26 0.03  0.0    4 11.7  3.1      2546
 2547 2021- 4-12  7:03     - 54 60  162 15   4.50 0.03  0.0    5  9.5  6.6      2547
 2548 2021- 4-12 11:38     - 55 36  160 52  65.38 0.11  0.0   10 12.6  7.8      2548
 2549 2021- 4-12 11:39     - 55 16  161 33   5.00 1.98  0.0    4 98.6 20.5      2549
 2550 2021- 4-12 14:08     - 54 31  161 58   6.61 0.38  0.0   16  2.5 34.4      2550
  SEQ ---DATE--- TIME REMARK -LAT-  --LON-  DEPTH  RMS PMAG  NUM  ERH  ERZ  ID
 2551 2021- 4-12 15:41     - 54 37  161 24   4.82 0.18  0.0   11  8.0 15.9      2551
 2552 2021- 4-12 15:47     - 55  7  160 23   5.02 0.05  0.0    9  5.4 11.9      2552
 2553 2021- 4-12 16:40     - 54 49  162 25   4.75 0.03  0.0    4  5.2 11.5      2553
 2554 2021- 4-12 17:26       54 58  162 15   2.88 0.07  0.0    5  1.3  3.3      2554
 2555 2021- 4-12 17:27     - 54 60  162 18   0.00 1.64  0.0    6  6.7 98.8      2555
 *** DISTANCE & RESIDUAL WEIGHTING CANCELLED FOR EVENT: 2021  4 12 18 25
 2556 2021- 4-12 18:25     - 55 10  161  5   5.00 0.14  0.0    4 14.8 17.0      2556
 2557 2021- 4-12 18:43       55 23  161 43  20.60 0.14  0.0    7  1.9  1.4      2557
 *** DISTANCE & RESIDUAL WEIGHTING CANCELLED FOR EVENT: 2021  4 12 19  7
 2558 2021- 4-12 19:07     # 55 18  162  4   6.02 0.65  0.0    4  9.6  6.7      2558
 *** DISTANCE & RESIDUAL WEIGHTING CANCELLED FOR EVENT: 2021  4 12 20 44
 2559 2021- 4-12 20:44     - 55 20  161  5  17.24 0.06  0.0    4  5.2 13.0      2559
 2560 2021- 4-12 22:17     - 54 38  163 24   5.42 0.17  0.0    5 16.4 17.4      2560
 2561 2021- 4-13  1:16     - 54 53  160 53  22.34 0.17  0.0    8 17.5 15.0      2561
 2562 2021- 4-13  1:16     - 54 45  160 60  57.07 0.09  0.0    4 13.7  6.7      2562
 2563 2021- 4-13  1:26     - 55 28  161 41  22.94 0.10  0.0    5  8.5 11.3      2563
 2564 2021- 4-13  1:59     - 54 33  161 43   4.77 0.20  0.0    5  8.3 18.3      2564
 2565 2021- 4-13  5:39     - 55 17  162  8   0.39 0.23  0.0    7  1.4 19.0      2565
  SEQ ---DATE--- TIME REMARK -LAT-  --LON-  DEPTH  RMS PMAG  NUM  ERH  ERZ  ID
 2566 2021- 4-13  6:28       54 55  161 36  75.35 0.12  0.0    9  4.1  2.3      2566
 2567 2021- 4-13  6:53     - 55 20  161 19  35.29 0.03  0.0    4 10.9  4.9      2567
 *** DISTANCE & RESIDUAL WEIGHTING CANCELLED FOR EVENT: 2021  4 13  6 54
 2568 2021- 4-13  6:53     # 55 32  161 24   3.63 0.50  0.0    4  9.0  5.2      2568
 *** DISTANCE & RESIDUAL WEIGHTING CANCELLED FOR EVENT: 2021  4 13  7 23
 2569 2021- 4-13  7:22     # 55 16  161 32   3.94 0.00  0.0    4  3.7  1.6      2569
 2570 2021- 4-13  7:38     - 54 56  161  8   5.00 0.38  0.0    6 29.3 33.7      2570
 2571 2021- 4-13  7:38       55 21  161 57   6.55 0.07  0.0    5  0.6  1.7      2571
 2572 2021- 4-13  8:08     - 54 58  162 11   5.00 0.02  0.0    4  9.1  7.3      2572
 2573 2021- 4-13  9:22     - 54 46  160 54   5.00 0.21  0.0    5 19.9 21.0      2573
 2574 2021- 4-13  9:23       55 21  161 46   3.97 0.00  0.0    4  2.1  1.5      2574
 *** DISTANCE & RESIDUAL WEIGHTING CANCELLED FOR EVENT: 2021  4 13  9 29
 2575 2021- 4-13  9:28     - 55 54  162 18   4.96 0.36  0.0    4 13.6 29.2      2575
 2576 2021- 4-13  9:52     - 54 60  161 30  26.94 0.21  0.0    8 18.0  6.0      2576
 2577 2021- 4-13  9:52     - 54 54  161 11  29.75 0.44  0.0    8 30.1 10.7      2577
 *** DISTANCE & RESIDUAL WEIGHTING CANCELLED FOR EVENT: 2021  4 13 10 46
 2578 2021- 4-13 10:46     - 55 22  161 51  14.59 0.26  0.0    4  8.5 18.1      2578
 *** DISTANCE & RESIDUAL WEIGHTING CANCELLED FOR EVENT: 2021  4 13 12 15
 2579 2021- 4-13 12:15     - 55 32  161 23   5.00 0.50  0.0    4 17.4 39.2      2579
 2580 2021- 4-13 12:44     - 55  6  161 16  10.48 0.04  0.0    4 12.8 11.8      2580
  SEQ ---DATE--- TIME REMARK -LAT-  --LON-  DEPTH  RMS PMAG  NUM  ERH  ERZ  ID
 2581 2021- 4-13 14:14     - 54 60  161 18   5.00 0.13  0.0    5 14.9 16.6      2581
 2582 2021- 4-13 14:40     - 55 42  161 36   5.58 0.35  0.0    6  8.8 21.5      2582
 2583 2021- 4-13 15:59     - 55 22  162 47   5.03 0.13  0.0    4  6.4 16.3      2583
 *** DISTANCE & RESIDUAL WEIGHTING CANCELLED FOR EVENT: 2021  4 13 18 51
 2584 2021- 4-13 18:50     - 55 55  161 41   5.00 1.15  0.0    4 40.7 88.1      2584
 2585 2021- 4-13 19:05     - 54 37  161 15   4.97 0.14  0.0   15  6.1 12.8      2585
 2586 2021- 4-13 19:12     - 55 39  161 43   6.56 0.11  0.0   10  1.0 15.5      2586
 2587 2021- 4-13 20:25     - 55 31  160 50   5.00 0.09  0.0    6 13.7 14.0      2587
 2588 2021- 4-13 20:25     - 55 28  161 31   4.99 0.08  0.0    4 11.3 13.5      2588
 2589 2021- 4-13 22:48       55 20  161 52  17.32 0.11  0.0    5  3.7  1.5      2589
 2590 2021- 4-14  0:37     - 55 24  161 56   4.99 0.06  0.0    4  1.5 10.1      2590
 2591 2021- 4-14  1:31     - 55  8  161 17   5.04 0.14  0.0    4 16.2 16.9      2591
 2592 2021- 4-14  2:50     - 54 59  161  8  32.86 0.21  0.0    8 18.1  1.5      2592
 2593 2021- 4-14  2:50     - 54 51  161  3  44.76 0.64  0.0    9 39.4 18.1      2593
 2594 2021- 4-14  4:02     - 55  2  161 17  16.90 0.24  0.0    5 19.9 23.5      2594
 *** DISTANCE & RESIDUAL WEIGHTING CANCELLED FOR EVENT: 2021  4 14  4  2
 2595 2021- 4-14  4:02     - 54 37  160 20   5.00 0.44  0.0    4 34.1 36.4      2595
  SEQ ---DATE--- TIME REMARK -LAT-  --LON-  DEPTH  RMS PMAG  NUM  ERH  ERZ  ID
 2596 2021- 4-14  4:20     - 54 43  160 49   0.62 0.21  0.0    8 12.8 17.6      2596
 2597 2021- 4-14  4:21     - 55  3  161 21   5.05 0.10  0.0    7 13.6 14.5      2597
 *** DISTANCE & RESIDUAL WEIGHTING CANCELLED FOR EVENT: 2021  4 14  5 25
 2598 2021- 4-14  5:25     - 55 16  162  9   4.92 0.20  0.0    4  3.2 19.7      2598
 *** DISTANCE & RESIDUAL WEIGHTING CANCELLED FOR EVENT: 2021  4 14  5 58
 2599 2021- 4-14  5:57     - 55 25  160 48   5.00 0.72  0.0    5 25.0 54.0      2599
 2600 2021- 4-14  6:13     - 55 22  161  3   5.40 0.09  0.0    6  6.0 13.2      2600
 2601 2021- 4-14  6:13     - 55 24  160 14  53.94 0.11  0.0    6 13.0  6.3      2601
 2602 2021- 4-14  6:18     - 55 36  162  6   0.62 0.89  0.0    4 75.5 54.5      2602
 *** DISTANCE & RESIDUAL WEIGHTING CANCELLED FOR EVENT: 2021  4 14  7  9
 2603 2021- 4-14  7:09     - 55 21  160 59   5.04 0.46  0.0    4 32.7 39.7      2603
 *** DISTANCE & RESIDUAL WEIGHTING CANCELLED FOR EVENT: 2021  4 14  7 29
 2604 2021- 4-14  7:29     - 55 39  162 27   3.40 0.24  0.0    4  3.9 22.5      2604
 2605 2021- 4-14  7:29     - 55 38  162 59   4.93 0.32  0.0    5 12.4 26.8      2605
 *** DISTANCE & RESIDUAL WEIGHTING CANCELLED FOR EVENT: 2021  4 14  7 52
 2606 2021- 4-14  7:51     - 55 46  161 53   5.01 0.30  0.0    4 27.9  2.8      2606
 2607 2021- 4-14  7:59     - 55 25  162 11   6.12 0.13  0.0    4  4.3 16.6      2607
 2608 2021- 4-14  8:00     # 55 20  161 58   0.02 0.23  0.0    4  4.9 14.4      2608
 2609 2021- 4-14  9:06     - 55 29  162 17   4.94 0.14  0.0    4 10.3  7.5      2609
 2610 2021- 4-14 11:29     - 54 33  162  3   4.81 0.19  0.0    6  8.5 18.2      2610
  SEQ ---DATE--- TIME REMARK -LAT-  --LON-  DEPTH  RMS PMAG  NUM  ERH  ERZ  ID
 2611 2021- 4-14 11:45     - 55 11  160 48   5.01 0.08  0.0    7 12.4 14.2      2611
 2612 2021- 4-14 11:45     - 55  5  160  5   6.25 0.25  0.0    9 16.0 12.3      2612
 2613 2021- 4-14 12:34     - 54 51  161  6  28.34 0.19  0.0   10 16.1  2.6      2613
 2614 2021- 4-14 12:34     - 54 51  161 12  18.18 0.12  0.0    7  8.8 12.3      2614
 2615 2021- 4-14 15:29     - 54 58  160 41   5.00 0.20  0.0    9 18.6 20.6      2615
 2616 2021- 4-14 15:29     - 55  4  160 44  28.93 0.15  0.0    8 13.5  2.4      2616
 2617 2021- 4-14 15:33     - 54 26  161 47   4.93 0.37  0.0    5 13.9 30.4      2617
 2618 2021- 4-14 15:49     - 54 38  161 49   5.04 0.23  0.0    5  8.2 21.3      2618
 2619 2021- 4-14 15:59     - 55 21  163  9   5.00 0.16  0.0    4 13.6 18.1      2619
 2620 2021- 4-14 16:19     - 55 10  163 12   6.16 0.65  0.0    6 19.8 40.4      2620
 2621 2021- 4-14 16:19     - 55 28  162  5  20.99 0.09  0.0    5  2.1 11.2      2621
 2622 2021- 4-14 18:14     - 54 58  162 26   5.45 0.03  0.0    4 12.4  3.9      2622
 2623 2021- 4-14 18:14     - 54 59  162 19   2.19 0.10  0.0    4 11.5  6.0      2623
 *** DISTANCE & RESIDUAL WEIGHTING CANCELLED FOR EVENT: 2021  4 14 18 31
 2624 2021- 4-14 18:31     # 55  8  161 54  22.54 0.00  0.0    4  6.4  5.0      2624
 2625 2021- 4-14 20:23     - 55  6  161 20   9.60 0.17  0.0    5 15.5 17.5      2625
  SEQ ---DATE--- TIME REMARK -LAT-  --LON-  DEPTH  RMS PMAG  NUM  ERH  ERZ  ID
 2626 2021- 4-14 20:23     - 54 60  161 25  60.21 0.18  0.0    4 16.6  9.0      2626
 2627 2021- 4-14 20:54     - 54 43  161 29   5.00 0.10  0.0    4 11.8 15.0      2627
 2628 2021- 4-14 21:41       55  6  161 49  22.32 0.05  0.0    5  3.5  2.7      2628
 2629 2021- 4-14 23:52     - 54 33  161  6   4.78 0.14  0.0    7  7.2 15.4      2629
 2630 2021- 4-15  1:35     - 54 56  162 17   5.38 0.03  0.0    5  7.1  5.7      2630
 2631 2021- 4-15  4:54     - 55 23  161 58   4.98 0.02  0.0    4  1.8 10.0      2631
 2632 2021- 4-15  7:31     - 55 15  161 36   5.65 0.17  0.0    4  5.8 18.0      2632
 2633 2021- 4-15  9:18       55 14  161 15  26.56 0.31  0.0   10  4.9  7.0      2633
 *** DISTANCE & RESIDUAL WEIGHTING CANCELLED FOR EVENT: 2021  4 15  9 19
 2634 2021- 4-15  9:18     # 55 12  161 36   5.23 0.31  0.0    5 10.2  1.3      2634
 *** DISTANCE & RESIDUAL WEIGHTING CANCELLED FOR EVENT: 2021  4 15 19 27
 2635 2021- 4-15 19:27     - 54 54  163 27   5.15 0.11  0.0    4  7.1 14.1      2635
 2636 2021- 4-15 20:46       55 15  161 34  30.44 0.13  0.0    6  3.2  2.3      2636
 *** DISTANCE & RESIDUAL WEIGHTING CANCELLED FOR EVENT: 2021  4 15 22  7
 2637 2021- 4-15 22:07     # 54 58  162 36  10.73 1.66  0.0    4 21.6 63.3      2637
 2638 2021- 4-15 22:24     - 54 42  160 46   4.90 0.20  0.0   19  7.9 16.9      2638
 2639 2021- 4-15 22:26     - 54 52  160 32   4.69 0.10  0.0    5  6.2 13.6      2639
 2640 2021- 4-15 23:32     - 55  1  161 30  18.10 0.17  0.0    5 15.5  5.6      2640
 *** DISTANCE & RESIDUAL WEIGHTING CANCELLED FOR EVENT: 2021  4 15 23 33
  SEQ ---DATE--- TIME REMARK -LAT-  --LON-  DEPTH  RMS PMAG  NUM  ERH  ERZ  ID
 2641 2021- 4-15 23:33     - 55  2  162 14   5.00 0.87  0.0    4 70.1 11.6      2641
 2642 2021- 4-16  0:06     - 55 24  161 15  16.55 0.05  0.0    4 13.0 10.2      2642
 2643 2021- 4-16  2:36     - 54 29  161 42   3.81 0.14  0.0    7  7.3 15.1      2643
 *** DISTANCE & RESIDUAL WEIGHTING CANCELLED FOR EVENT: 2021  4 16  4 28
 2644 2021- 4-16  4:28     # 55  9  161 30   2.49 0.45  0.0    4 21.8  4.5      2644
 2645 2021- 4-16  4:28     - 54 26  161 48   5.29 0.10  0.0    4 12.5 13.5      2645
 2646 2021- 4-16  5:13     - 55 33  162 18   1.92 0.13  0.0    5  1.8 15.6      2646
 2647 2021- 4-16  6:08     - 54 48  161  5   5.66 0.22  0.0   17  7.1 14.9      2647
 *** DISTANCE & RESIDUAL WEIGHTING CANCELLED FOR EVENT: 2021  4 16  7 37
 2648 2021- 4-16  7:37     - 54 60  162 42   9.67 1.39  0.0    4 30.8 95.8      2648
 2649 2021- 4-16 13:02     - 55  4  161 41  28.98 0.01  0.0    4 10.9  3.9      2649
 2650 2021- 4-16 13:03     - 55  8  161 49  26.58 0.19  0.0    4  4.4 15.1      2650
 *** DISTANCE & RESIDUAL WEIGHTING CANCELLED FOR EVENT: 2021  4 16 13  3
 2651 2021- 4-16 13:03     # 55 14  162  9   5.00 1.10  0.0    4 22.9 24.0      2651
 2652 2021- 4-16 14:18     - 54 36  162 46  68.63 0.24  0.0    4 22.4  6.5      2652
 *** DISTANCE & RESIDUAL WEIGHTING CANCELLED FOR EVENT: 2021  4 16 14 59
 2653 2021- 4-16 14:58     # 55  2  162 59   1.15 0.25  0.0    4 10.4  2.9      2653
 *** DISTANCE & RESIDUAL WEIGHTING CANCELLED FOR EVENT: 2021  4 16 16  0
 2654 2021- 4-16 15:59     - 55 27  162 29   5.00 0.33  0.0    5  5.6 30.3      2654
 2655 2021- 4-16 16:51     - 55 20  162  5   1.50 0.25  0.0    5  1.2 20.2      2655
  SEQ ---DATE--- TIME REMARK -LAT-  --LON-  DEPTH  RMS PMAG  NUM  ERH  ERZ  ID
 2656 2021- 4-16 18:38     - 54 56  161 40   4.48 0.08  0.0    4 13.1  3.4      2656
 *** DISTANCE & RESIDUAL WEIGHTING CANCELLED FOR EVENT: 2021  4 16 19 12
 2657 2021- 4-16 19:12     # 55 24  161 58  11.32 1.25  0.0    4  9.3 21.8      2657
 *** DISTANCE & RESIDUAL WEIGHTING CANCELLED FOR EVENT: 2021  4 16 19 45
 2658 2021- 4-16 19:45     - 55 15  162 12   5.00 0.59  0.0    4 35.8 32.3      2658
 2659 2021- 4-16 19:46       55 14  162  6  18.30 0.00  0.0    4  1.6  2.2      2659
 2660 2021- 4-16 20:51     # 54 54  162 10   5.02 0.35  0.0    4 11.0  3.7      2660
 *** DISTANCE & RESIDUAL WEIGHTING CANCELLED FOR EVENT: 2021  4 16 20 51
 2661 2021- 4-16 20:51     # 55  0  162  2   5.00 0.44  0.0    5 17.7  2.8      2661
 *** DISTANCE & RESIDUAL WEIGHTING CANCELLED FOR EVENT: 2021  4 16 21  7
 2662 2021- 4-16 21:06     - 55 23  161 57   5.95 0.25  0.0    4  5.1 20.5      2662
 *** DISTANCE & RESIDUAL WEIGHTING CANCELLED FOR EVENT: 2021  4 17  0  0
 2663 2021- 4-16 23:59     - 55 14  162  8   6.72 0.61  0.0    5  4.9 50.1      2663
 2664 2021- 4-17  0:33     - 54 38  160 48  13.61 0.22  0.0   14  9.4 19.2      2664
 2665 2021- 4-17  1:13     - 54 52  160 57   5.26 0.28  0.0   18  9.1 19.0      2665
 2666 2021- 4-17  1:26     - 54 52  160 23  12.37 0.15  0.0   16  7.6 15.2      2666
 2667 2021- 4-17  1:36     - 55 21  161 48   1.36 0.07  0.0    4  8.2  8.4      2667
 2668 2021- 4-17  2:20     # 55 46  161 45   5.11 0.17  0.0    7  5.2  5.2      2668
 2669 2021- 4-17  2:23     - 54 60  161 25  33.03 0.16  0.0    5 16.5  8.7      2669
 2670 2021- 4-17  4:09     - 54 29  161 42   4.46 0.37  0.0    6 13.3 29.1      2670
  SEQ ---DATE--- TIME REMARK -LAT-  --LON-  DEPTH  RMS PMAG  NUM  ERH  ERZ  ID
 2671 2021- 4-17  4:19     - 55 18  161 38   1.54 0.12  0.0    5  3.4 13.4      2671
 2672 2021- 4-17  4:19     - 55 23  161 48  10.30 0.03  0.0    4 12.5  1.4      2672
 *** DISTANCE & RESIDUAL WEIGHTING CANCELLED FOR EVENT: 2021  4 17  4 24
 2673 2021- 4-17  4:24     - 55  2  162  6   5.00 0.40  0.0    4 29.9  7.0      2673
 2674 2021- 4-17  4:24     - 54 41  163  6   2.99 0.59  0.0    8 21.0 45.8      2674
 *** DISTANCE & RESIDUAL WEIGHTING CANCELLED FOR EVENT: 2021  4 17  5 28
 2675 2021- 4-17  5:28     - 55 17  162  8   1.63 0.25  0.0    4 16.4 21.7      2675
 2676 2021- 4-17  5:53     - 55 28  163  0   0.01 0.11  0.0    4  6.7 14.2      2676
 2677 2021- 4-17  6:49       55 23  161 38  14.26 0.08  0.0    6  4.4  3.2      2677
 2678 2021- 4-17  7:53     - 54 52  161 12  24.89 0.13  0.0    8 14.5  8.5      2678
 2679 2021- 4-17  7:53       54 55  161 28  23.47 0.04  0.0    6  8.7  2.4      2679
 2680 2021- 4-17  7:58     - 54 43  160 58  25.88 0.18  0.0   10 16.4  3.2      2680
 2681 2021- 4-17  7:58     - 54 17  162 28   0.04 0.40  0.0    4 28.6 18.0      2681
 2682 2021- 4-17  7:59     - 55 24  162 45   5.04 0.08  0.0    4  3.4 14.2      2682
 2683 2021- 4-17  8:02     - 54 35  161 29  33.48 0.18  0.0   15  1.4 18.6      2683
 2684 2021- 4-17  8:42     - 54 58  162 18   6.62 0.03  0.0    4  9.0  8.8      2684
 2685 2021- 4-17  8:42     - 54 59  162 19   1.67 0.01  0.0    4  5.2 11.0      2685
  SEQ ---DATE--- TIME REMARK -LAT-  --LON-  DEPTH  RMS PMAG  NUM  ERH  ERZ  ID
 2686 2021- 4-17  8:42     - 54 52  161 15  25.92 0.20  0.0    8 17.5  9.8      2686
 2687 2021- 4-17  8:43       55 11  162  5  10.13 0.05  0.0    5  1.1  2.9      2687
 2688 2021- 4-17  9:10       55 22  161 58  13.25 0.00  0.0    4  6.1  1.8      2688
 2689 2021- 4-17  9:28     - 55 18  161 45  12.40 0.14  0.0    4  9.5  8.3      2689
 2690 2021- 4-17  9:28     - 55 20  161 41   0.01 0.07  0.0    4  6.9 13.9      2690
 2691 2021- 4-17  9:35     - 54 51  161 11  19.49 0.14  0.0    9 14.5 12.6      2691
 2692 2021- 4-17  9:36     - 54 58  161 41  16.72 0.15  0.0    4 15.4  0.5      2692
 2693 2021- 4-17  9:37     - 54 57  161 29  29.96 0.30  0.0    7 21.4  7.1      2693
 2694 2021- 4-17  9:38       54 56  161 30  22.91 0.08  0.0    8  5.1  2.2      2694
 2695 2021- 4-17  9:40     - 55 17  161 39   5.68 0.00  0.0    4 10.2  1.4      2695
 *** DISTANCE & RESIDUAL WEIGHTING CANCELLED FOR EVENT: 2021  4 17  9 40
 2696 2021- 4-17  9:40     # 55 20  162  2   5.00 1.17  0.0    4 11.4 20.2      2696
 2697 2021- 4-17  9:51     - 54 46  161  7  34.09 0.22  0.0   10 15.8 20.1      2697
 2698 2021- 4-17  9:51       54 56  161 29  28.85 0.14  0.0    7  6.0  1.3      2698
 2699 2021- 4-17  9:55     - 54 51  161  8   8.84 0.20  0.0    7 17.9 20.3      2699
 2700 2021- 4-17  9:55     - 55  5  162  1   4.63 0.08  0.0    4 12.5  4.4      2700
  SEQ ---DATE--- TIME REMARK -LAT-  --LON-  DEPTH  RMS PMAG  NUM  ERH  ERZ  ID
 2701 2021- 4-17  9:56       55 21  161 49  10.16 0.06  0.0    5  1.8  1.2      2701
 2702 2021- 4-17 11:36     - 54 47  161 12  24.40 0.19  0.0    9 17.8 12.3      2702
 *** DISTANCE & RESIDUAL WEIGHTING CANCELLED FOR EVENT: 2021  4 17 11 37
 2703 2021- 4-17 11:37     # 55 13  162  4   1.17 0.88  0.0    8  4.0  7.9      2703
 2704 2021- 4-17 11:50     - 55  9  161 56   4.60 0.18  0.0    4  7.0 15.2      2704
 2705 2021- 4-17 12:17     - 55 15  160 29   4.75 0.29  0.0   11 11.3 24.4      2705
 *** DISTANCE & RESIDUAL WEIGHTING CANCELLED FOR EVENT: 2021  4 17 16  0
 2706 2021- 4-17 15:59     # 55 39  162  9   5.00 6.27  0.0    5 53.0 53.7      2706
 2707 2021- 4-17 16:10     - 54 43  160 45   4.97 0.19  0.0   19  7.7 16.5      2707
 2708 2021- 4-17 16:11     # 54 29  163 12   0.31 0.26  0.0    9  7.8 14.9      2708
 2709 2021- 4-17 16:53     - 55  9  160 54   5.00 0.17  0.0    7 16.2 18.9      2709
 2710 2021- 4-17 16:53     - 56  4  162 17   5.07 0.06  0.0    4  5.6 12.1      2710
 *** DISTANCE & RESIDUAL WEIGHTING CANCELLED FOR EVENT: 2021  4 17 16 53
 2711 2021- 4-17 16:53     - 54 39  163 57   5.00 0.63  0.0    4 37.0 36.1      2711
 2712 2021- 4-17 17:39     - 54 51  161 22   5.58 0.16  0.0    8  7.3 16.0      2712
 2713 2021- 4-17 17:39     - 55 10  161 58   0.14 0.07  0.0    4  0.5 11.8      2713
 2714 2021- 4-17 18:17     - 54 60  162 18   0.74 0.09  0.0    5  2.5 14.2      2714
 *** DISTANCE & RESIDUAL WEIGHTING CANCELLED FOR EVENT: 2021  4 17 18 17
 2715 2021- 4-17 18:17     - 54 48  162 39   5.04 0.57  0.0    4 40.8 48.6      2715
  SEQ ---DATE--- TIME REMARK -LAT-  --LON-  DEPTH  RMS PMAG  NUM  ERH  ERZ  ID
 2716 2021- 4-17 18:50     - 54 50  161 27   4.54 0.20  0.0    7  7.6 15.9      2716
 2717 2021- 4-17 18:51       55 10  161 57   6.00 0.05  0.0    5  0.7  1.5      2717
 2718 2021- 4-17 20:31     - 54 58  161 16  25.80 0.25  0.0    9 18.6  7.8      2718
 2719 2021- 4-17 20:31     - 54 52  161  8  33.14 0.27  0.0    9 11.4 24.6      2719
 2720 2021- 4-17 22:13       55 37  161 54  18.13 0.00  0.0    4  3.6  4.3      2720
 2721 2021- 4-17 23:04     - 54 36  161 18   8.45 0.16  0.0   12  1.5 18.1      2721
 2722 2021- 4-17 23:07       55 31  161 26  16.99 0.13  0.0    7  4.4  5.8      2722
 2723 2021- 4-17 23:07     - 55 41  161 41   7.01 0.14  0.0    4  1.8 17.0      2723
 2724 2021- 4-18  1:07     - 54 54  161 16  29.06 0.18  0.0    9 15.5  2.2      2724
 2725 2021- 4-18  1:08     - 54 58  161 23   5.02 0.25  0.0    4 18.7 24.3      2725
 2726 2021- 4-18  1:12     - 54 50  161 10  29.18 0.11  0.0    9 13.3  1.6      2726
 2727 2021- 4-18  1:12     - 54 55  161 20   7.05 0.13  0.0    7  9.1 16.2      2727
 *** DISTANCE & RESIDUAL WEIGHTING CANCELLED FOR EVENT: 2021  4 18  2  9
 2728 2021- 4-18  2:09     - 54 58  162 16   5.00 1.30  0.0    4 75.1 57.7      2728
 2729 2021- 4-18  2:19     - 55 13  162 10   4.34 0.10  0.0    4 11.4  9.6      2729
 2730 2021- 4-18  3:52     - 54 45  160 21  12.17 0.17  0.0   17  7.9 15.8      2730
  SEQ ---DATE--- TIME REMARK -LAT-  --LON-  DEPTH  RMS PMAG  NUM  ERH  ERZ  ID
 2731 2021- 4-18  4:29     - 54 43  161 39   5.00 0.06  0.0    6  9.9 13.5      2731
 2732 2021- 4-18  4:29       54 50  161 47   0.35 0.02  0.0    5  3.8  1.0      2732
 *** DISTANCE & RESIDUAL WEIGHTING CANCELLED FOR EVENT: 2021  4 18  5 45
 2733 2021- 4-18  5:45     # 55 22  161 33   5.00 0.30  0.0    4 10.9  4.2      2733
 2734 2021- 4-18  7:30       55 29  161 50  27.06 0.08  0.0    6  1.0  1.1      2734
 2735 2021- 4-18  7:34       55 30  161 44  29.24 0.25  0.0   11  2.3  1.5      2735
 2736 2021- 4-18  7:36       55 28  161 59  16.02 0.16  0.0    7  2.0  7.4      2736
 *** DISTANCE & RESIDUAL WEIGHTING CANCELLED FOR EVENT: 2021  4 18  7 37
 2737 2021- 4-18  7:37     - 55 10  162 11   0.53 0.80  0.0    4 22.1 59.0      2737
 *** DISTANCE & RESIDUAL WEIGHTING CANCELLED FOR EVENT: 2021  4 18  7 38
 2738 2021- 4-18  7:38     # 54 58  162 19   3.43 0.58  0.0    5  7.8  4.3      2738
 2739 2021- 4-18  7:48     - 55  2  163 19   0.76 0.04  0.0    4  6.0 11.5      2739
 *** DISTANCE & RESIDUAL WEIGHTING CANCELLED FOR EVENT: 2021  4 18  8 30
 2740 2021- 4-18  8:30     - 55 16  162  6  24.05 0.58  0.0    4 38.7  9.9      2740
 2741 2021- 4-18  9:38     - 54 35  161 18   5.08 0.16  0.0   17  6.7 14.1      2741
 *** DISTANCE & RESIDUAL WEIGHTING CANCELLED FOR EVENT: 2021  4 18 10 19
 2742 2021- 4-18 10:18     - 55 53  162 10   5.01 0.50  0.0    4 18.5 39.6      2742
 2743 2021- 4-18 10:21     - 54 57  161 10  33.05 0.24  0.0   10 18.0 22.4      2743
 2744 2021- 4-18 10:21       55  2  161 30  29.64 1.00  0.0   10 41.6 16.4      2744
 2745 2021- 4-18 11:29     - 54 42  160 51   5.87 0.10  0.0    7  6.4 13.5      2745
  SEQ ---DATE--- TIME REMARK -LAT-  --LON-  DEPTH  RMS PMAG  NUM  ERH  ERZ  ID
 2746 2021- 4-18 11:38     - 54 51  161 23   4.62 0.11  0.0    5  6.4 13.7      2746
 2747 2021- 4-18 11:38     - 55  3  161 49   4.34 0.45  0.0    4 25.9 17.3      2747
 2748 2021- 4-18 12:05     - 54 31  161 46   5.68 0.51  0.0   18 17.0 36.2      2748
 2749 2021- 4-18 12:38     - 54 57  161 35  23.85 0.21  0.0    7 17.4  5.0      2749
 2750 2021- 4-18 12:38     - 55 13  162  6   1.86 0.25  0.0    4  4.1 21.2      2750
 2751 2021- 4-18 13:28     - 55 13  161  2   5.00 0.35  0.0    7 29.8 31.6      2751
 2752 2021- 4-18 13:28     - 54 52  161 28 106.31 0.09  0.0    6 10.6  8.9      2752
 2753 2021- 4-18 14:24     - 55 12  162 44   5.08 0.10  0.0    4  4.7 14.8      2753
 2754 2021- 4-18 14:33     - 55 15  161 35   5.07 0.00  0.0    4 10.8  1.4      2754
 *** DISTANCE & RESIDUAL WEIGHTING CANCELLED FOR EVENT: 2021  4 18 14 34
 2755 2021- 4-18 14:34     - 55  7  161 29  29.17 0.11  0.0    4 11.8 10.2      2755
 2756 2021- 4-18 14:42     - 55 18  161 43   8.49 0.08  0.0    4  9.4  3.6      2756
 *** DISTANCE & RESIDUAL WEIGHTING CANCELLED FOR EVENT: 2021  4 18 14 42
 2757 2021- 4-18 14:42     # 55 16  162  0  16.67 0.27  0.0    4  2.1  3.0      2757
 2758 2021- 4-18 15:03       55 26  161 46   5.53 0.23  0.0    6  1.4  1.1      2758
 2759 2021- 4-18 15:04     - 55 22  160 59  32.75 0.12  0.0    4 15.4  1.7      2759
 *** DISTANCE & RESIDUAL WEIGHTING CANCELLED FOR EVENT: 2021  4 18 15 39
 2760 2021- 4-18 15:39     # 54 51  161 29  23.73 0.00  0.0    4  3.5  5.6      2760
 *** DISTANCE & RESIDUAL WEIGHTING CANCELLED FOR EVENT: 2021  4 18 15 39
  SEQ ---DATE--- TIME REMARK -LAT-  --LON-  DEPTH  RMS PMAG  NUM  ERH  ERZ  ID
 2761 2021- 4-18 15:39     # 55 20  161 54   2.70 0.25  0.0    4  6.0  1.9      2761
 2762 2021- 4-18 15:48     - 54 54  160 46   4.04 0.22  0.0   13  8.8 18.3      2762
 2763 2021- 4-18 15:48     - 55 11  163 14   5.77 0.21  0.0    7  7.9 16.8      2763
 2764 2021- 4-18 15:54     - 54 37  161 40   5.06 0.14  0.0   13  6.1 12.9      2764
 *** DISTANCE & RESIDUAL WEIGHTING CANCELLED FOR EVENT: 2021  4 18 15 55
 2765 2021- 4-18 15:54     - 55 30  161 16   5.00 0.77  0.0    4 25.3 52.8      2765
 *** DISTANCE & RESIDUAL WEIGHTING CANCELLED FOR EVENT: 2021  4 18 16  0
 2766 2021- 4-18 15:59     # 55 17  162 21  35.69 0.79  0.0    4 13.7 24.2      2766
 2767 2021- 4-18 17:21     - 54 36  162 50   5.16 0.06  0.0    6  5.7 12.3      2767
 2768 2021- 4-18 17:44       55 14  161 21   2.42 0.16  0.0    8  4.3  1.2      2768
 2769 2021- 4-18 17:44       55 19  161 25   2.54 0.07  0.0    6  3.1  3.9      2769
 2770 2021- 4-18 19:06     - 55 19  161 12   7.06 0.32  0.0    8  6.8 29.3      2770
 2771 2021- 4-18 19:06       55 22  161 28  21.11 0.09  0.0    5  4.5  2.6      2771
 *** DISTANCE & RESIDUAL WEIGHTING CANCELLED FOR EVENT: 2021  4 18 20 42
 2772 2021- 4-18 20:42     - 55 31  163  6   5.00 0.62  0.0    4 22.1 48.0      2772
 2773 2021- 4-18 21:01     - 55 10  163 10   4.91 0.02  0.0    5  5.3 11.1      2773
 2774 2021- 4-18 21:01     - 54 44  161 17   4.39 0.19  0.0   12  8.0 16.8      2774
 *** DISTANCE & RESIDUAL WEIGHTING CANCELLED FOR EVENT: 2021  4 18 22 58
 2775 2021- 4-18 22:58     - 55  6  163 10   4.89 0.45  0.0    5 16.9 35.3      2775
  SEQ ---DATE--- TIME REMARK -LAT-  --LON-  DEPTH  RMS PMAG  NUM  ERH  ERZ  ID
 2776 2021- 4-19  1:22     - 55 10  160 47   5.00 0.24  0.0    6 20.7 23.5      2776
 2777 2021- 4-19  1:22     - 55 52  162 27   5.06 0.16  0.0    5 13.5 17.9      2777
 *** DISTANCE & RESIDUAL WEIGHTING CANCELLED FOR EVENT: 2021  4 19  1 44
 2778 2021- 4-19  1:44     - 55 17  161 50   9.87 0.19  0.0    4 14.3 11.8      2778
 2779 2021- 4-19  4:43     # 55  3  162  6  34.90 1.81  0.0    7 54.1 75.4      2779
 *** DISTANCE & RESIDUAL WEIGHTING CANCELLED FOR EVENT: 2021  4 19  4 43
 2780 2021- 4-19  4:43     - 55  1  162 25   5.00 0.67  0.0    4 48.9 56.0      2780
 *** DISTANCE & RESIDUAL WEIGHTING CANCELLED FOR EVENT: 2021  4 19  7 26
 2781 2021- 4-19  7:26     - 55  8  161 54  34.65 0.06  0.0    4 13.5  1.9      2781
 2782 2021- 4-19  9:55       55 24  162 21   5.93 0.04  0.0    5  2.6  5.0      2782
 2783 2021- 4-19 10:24     - 54 58  162 23  24.76 0.04  0.0    5  7.1  9.3      2783
 2784 2021- 4-19 10:24     - 55  1  162 24  24.16 0.03  0.0    4  6.8  8.5      2784
 *** DISTANCE & RESIDUAL WEIGHTING CANCELLED FOR EVENT: 2021  4 19 11 17
 2785 2021- 4-19 11:17     - 55 45  162  9   5.00 0.54  0.0    4 20.2 41.8      2785
 *** DISTANCE & RESIDUAL WEIGHTING CANCELLED FOR EVENT: 2021  4 19 11 20
 2786 2021- 4-19 11:20     - 55 25  162 18   5.00 0.67  0.0    4 52.9 20.5      2786
 2787 2021- 4-19 12:01     - 55 24  162  2  11.74 0.05  0.0    4  5.3 12.0      2787
 2788 2021- 4-19 12:06     - 54 57  162 15   1.01 0.04  0.0    5  2.4 12.6      2788
 *** DISTANCE & RESIDUAL WEIGHTING CANCELLED FOR EVENT: 2021  4 19 12  6
 2789 2021- 4-19 12:06     - 54 47  162 38   5.01 0.46  0.0    4 36.3 39.0      2789
 *** DISTANCE & RESIDUAL WEIGHTING CANCELLED FOR EVENT: 2021  4 19 12 41
 2790 2021- 4-19 12:41     - 55 32  161 30   4.41 0.42  0.0    4 37.4  3.7      2790
 *** DISTANCE & RESIDUAL WEIGHTING CANCELLED FOR EVENT: 2021  4 19 13 26
  SEQ ---DATE--- TIME REMARK -LAT-  --LON-  DEPTH  RMS PMAG  NUM  ERH  ERZ  ID
 2791 2021- 4-19 13:26     - 55  6  161 18   5.00 0.65  0.0    4 41.5 55.2      2791
 2792 2021- 4-19 13:41     - 54 46  160 55   5.00 0.16  0.0   10 14.7 18.3      2792
 2793 2021- 4-19 13:41     - 54 44  161  7  30.57 0.31  0.0    8 22.3  2.7      2793
 *** DISTANCE & RESIDUAL WEIGHTING CANCELLED FOR EVENT: 2021  4 19 16  0
 2794 2021- 4-19 15:59     # 55 21  162 15  16.50 0.74  0.0    4 15.9 34.6      2794
 *** DISTANCE & RESIDUAL WEIGHTING CANCELLED FOR EVENT: 2021  4 19 17 30
 2795 2021- 4-19 17:30     - 54 23  162 29   5.01 0.72  0.0    4 61.5 55.9      2795
 2796 2021- 4-19 18:32     - 54 59  161 39  21.82 0.21  0.0    8 15.3  4.8      2796
 2797 2021- 4-19 18:33     - 55  8  161 50   2.14 0.63  0.0    5  5.1 49.6      2797
 2798 2021- 4-19 19:54       55  2  161 46  32.42 0.05  0.0    6  3.3  1.9      2798
 2799 2021- 4-19 21:14     - 54 25  162 11   2.59 0.48  0.0   11 17.5 37.5      2799
 2800 2021- 4-19 21:14       55  0  162 10   3.59 0.07  0.0    7  6.7  0.9      2800
 *** DISTANCE & RESIDUAL WEIGHTING CANCELLED FOR EVENT: 2021  4 20  0 26
 2801 2021- 4-20  0:25     # 55 12  161 41   8.74 0.47  0.0    5  9.9 16.4      2801
 2802 2021- 4-20  1:28     - 54 30  161  9   5.33 0.13  0.0    9 14.1 16.6      2802
 2803 2021- 4-20  1:28     - 54 41  161 26   5.05 0.15  0.0    7  9.9 17.5      2803
 *** DISTANCE & RESIDUAL WEIGHTING CANCELLED FOR EVENT: 2021  4 20  1 42
 2804 2021- 4-20  1:42     - 55  2  163 24   3.88 0.29  0.0    4 11.4 24.3      2804
 2805 2021- 4-20  1:51     - 54 52  161  1   5.26 0.27  0.0   18  8.5 17.9      2805
  SEQ ---DATE--- TIME REMARK -LAT-  --LON-  DEPTH  RMS PMAG  NUM  ERH  ERZ  ID
 2806 2021- 4-20  6:49       55 17  161 39   5.57 0.00  0.0    4  4.2  0.8      2806
 2807 2021- 4-20  8:07     - 55  1  161 24  21.38 0.22  0.0    5 18.5 12.6      2807
 *** DISTANCE & RESIDUAL WEIGHTING CANCELLED FOR EVENT: 2021  4 20  8  7
 2808 2021- 4-20  8:07     # 55 12  161 56   2.97 0.76  0.0    6  6.8 29.2      2808
 2809 2021- 4-20 11:09     - 54 59  161 15  21.13 0.20  0.0    5 18.5 14.2      2809
 2810 2021- 4-20 11:09       55 20  161 39   5.94 0.00  0.0    4  6.1  0.5      2810
 2811 2021- 4-20 13:14     - 54 51  163 19   4.76 0.10  0.0    7  6.2 13.5      2811
 2812 2021- 4-20 15:05     - 55  3  163 40   4.98 0.02  0.0    4  5.3 11.4      2812
 2813 2021- 4-20 19:58     - 55 22  161  4  33.04 0.12  0.0   10 12.2  5.3      2813
 2814 2021- 4-20 19:58     - 55 17  161 16   5.06 0.20  0.0    7  8.5 20.5      2814
 2815 2021- 4-20 22:13     - 55 16  161 34   1.62 0.08  0.0    4  9.6 12.4      2815
 2816 2021- 4-20 22:13     - 55 11  161 10   5.02 0.04  0.0    4  4.7 12.0      2816
 2817 2021- 4-21  0:13     - 55  2  161 23  29.23 0.25  0.0    7 19.5  7.4      2817
 *** DISTANCE & RESIDUAL WEIGHTING CANCELLED FOR EVENT: 2021  4 21  0 13
 2818 2021- 4-21  0:13     # 55  9  161 54  15.29 1.40  0.0    7 12.8 12.0      2818
 2819 2021- 4-21  5:51     - 55 19  161 42   5.73 0.04  0.0    4  9.3  0.7      2819
 2820 2021- 4-21  7:59     - 54 42  161 16   5.07 0.11  0.0    6  8.8 14.3      2820
  SEQ ---DATE--- TIME REMARK -LAT-  --LON-  DEPTH  RMS PMAG  NUM  ERH  ERZ  ID
 2821 2021- 4-21 20:54     - 54 28  161 43   4.85 0.24  0.0   10  9.3 20.1      2821
 2822 2021- 4-21 22:14       54 35  162 24  19.06 0.16  0.0    7  2.2  7.7      2822
 2823 2021- 4-22  9:54     - 55 19  161 45   0.16 0.21  0.0    4 15.1 18.8      2823
 *** DISTANCE & RESIDUAL WEIGHTING CANCELLED FOR EVENT: 2021  4 22  9 54
 2824 2021- 4-22  9:54     # 55 21  161 54  15.64 0.49  0.0    4 11.6 13.1      2824
 2825 2021- 4-22 12:46     - 55  2  161 19  12.87 0.12  0.0    5  5.3 12.9      2825
 2826 2021- 4-22 22:41     - 55 14  161 37   9.94 0.05  0.0    4 10.6  5.7      2826
 2827 2021- 4-22 22:48     - 55  8  161 13  20.51 0.16  0.0    4 17.9 13.2      2827
 *** DISTANCE & RESIDUAL WEIGHTING CANCELLED FOR EVENT: 2021  4 22 22 49
 2828 2021- 4-22 22:48     # 55 13  161 54   4.97 0.63  0.0    4  5.1  4.8      2828
 2829 2021- 4-22 23:25     # 54 57  162 18   6.08 0.13  0.0    6  2.1  0.8      2829
 *** DISTANCE & RESIDUAL WEIGHTING CANCELLED FOR EVENT: 2021  4 22 23 29
 2830 2021- 4-22 23:29     - 55 19  161 46   6.27 0.11  0.0    4 12.6  2.8      2830
 2831 2021- 4-22 23:50     - 54 56  162 15   6.49 0.03  0.0    5  9.7  4.4      2831
 *** DISTANCE & RESIDUAL WEIGHTING CANCELLED FOR EVENT: 2021  4 23  0 10
 2832 2021- 4-23  0:10     # 55 20  161 47  10.55 0.25  0.0    4 10.6  9.1      2832
 2833 2021- 4-23  1:30     - 54 54  162 12   4.91 0.07  0.0    4 10.6  7.1      2833
 2834 2021- 4-23  2:03     - 54 60  163 19   4.97 0.43  0.0    6 16.4 34.2      2834
 2835 2021- 4-23  2:03     - 54 30  161 37   1.28 0.12  0.0    9 10.0 14.2      2835
  SEQ ---DATE--- TIME REMARK -LAT-  --LON-  DEPTH  RMS PMAG  NUM  ERH  ERZ  ID
 2836 2021- 4-23  5:36     - 55  6  161 23  13.97 0.04  0.0    4 12.5  9.0      2836
 2837 2021- 4-23  5:58     - 54 31  161 45   5.08 0.21  0.0    9  8.6 18.3      2837
 2838 2021- 4-23  7:11     - 55 30  161 33   2.13 0.46  0.0    5 31.3 26.7      2838
 2839 2021- 4-23  7:41     - 55  7  162 11   0.34 0.57  0.0    7  2.1 37.3      2839
 *** DISTANCE & RESIDUAL WEIGHTING CANCELLED FOR EVENT: 2021  4 23  7 41
 2840 2021- 4-23  7:41     - 54 47  162 32   5.36 0.56  0.0    6 40.2 47.5      2840
 2841 2021- 4-23  7:50       54 59  162 18   2.72 0.01  0.0    6  1.2  2.4      2841
 2842 2021- 4-23  7:50     - 54 53  162 17   5.06 0.31  0.0    4 18.8 16.1      2842
 *** DISTANCE & RESIDUAL WEIGHTING CANCELLED FOR EVENT: 2021  4 23  8 11
 2843 2021- 4-23  8:11     - 55  0  161 46   5.00 0.62  0.0    4 22.2 48.4      2843
 2844 2021- 4-23 11:41       54 56  162 13   2.90 0.12  0.0    5  1.9  4.8      2844
 2845 2021- 4-23 12:16     - 54 36  161 15   4.79 0.17  0.0   17  6.7 14.1      2845
 2846 2021- 4-23 13:04     - 55  6  163 40   4.99 0.03  0.0    4  5.4 11.5      2846
 2847 2021- 4-23 13:50     - 55  6  160 49   5.00 0.15  0.0    5 16.4 17.8      2847
 2848 2021- 4-23 13:50     - 55  1  160 45  77.17 0.28  0.0    6 22.1 12.0      2848
 2849 2021- 4-23 16:20     - 55  3  162  1   4.68 0.01  0.0    4 10.4  4.4      2849
 2850 2021- 4-23 17:36     - 55 13  163 28   0.01 0.68  0.0    8 24.5 50.2      2850
  SEQ ---DATE--- TIME REMARK -LAT-  --LON-  DEPTH  RMS PMAG  NUM  ERH  ERZ  ID
 2851 2021- 4-23 18:29     - 55 46  163 16   4.87 0.14  0.0    4  7.0 15.3      2851
 *** DISTANCE & RESIDUAL WEIGHTING CANCELLED FOR EVENT: 2021  4 23 18 49
 2852 2021- 4-23 18:49     # 55 11  161 54   4.99 0.21  0.0    4  6.2  2.0      2852
 2853 2021- 4-23 19:45     - 54 60  162 28  28.27 0.02  0.0    5  7.3  8.6      2853
 *** DISTANCE & RESIDUAL WEIGHTING CANCELLED FOR EVENT: 2021  4 23 19 46
 2854 2021- 4-23 19:45     - 55  6  162 30  26.69 0.12  0.0    4  9.4  8.3      2854
 2855 2021- 4-23 23:22     - 54 58  162  3   4.98 0.03  0.0    4  1.8 12.7      2855
 *** DISTANCE & RESIDUAL WEIGHTING CANCELLED FOR EVENT: 2021  4 24  0  0
 2856 2021- 4-23 23:59     - 55 38  163 29   5.00 0.78  0.0    5 58.4 66.1      2856
 2857 2021- 4-24  0:01     - 54 56  161 17  26.08 0.26  0.0    9 19.8 10.1      2857
 2858 2021- 4-24  0:01     - 54 35  160 43  35.41 0.47  0.0   10 28.8 38.4      2858
 2859 2021- 4-24  0:07     - 54 28  161 45   4.56 0.23  0.0   12  8.9 19.0      2859
 2860 2021- 4-24  0:34     - 54 54  161 55   2.16 0.09  0.0    5  9.6  9.8      2860
 2861 2021- 4-24  0:43     - 54 29  161 14   5.02 0.36  0.0    4 29.0 31.8      2861
 2862 2021- 4-24  1:52     - 54 34  162 23   5.00 0.18  0.0   10 18.4 19.2      2862
 2863 2021- 4-24  1:52     - 54 58  161 46   0.61 0.39  0.0    4 25.5 27.1      2863
 *** DISTANCE & RESIDUAL WEIGHTING CANCELLED FOR EVENT: 2021  4 24  8  0
 2864 2021- 4-24  7:59     - 55 42  163  4   5.00 0.46  0.0    4 34.7 39.8      2864
 2865 2021- 4-24  9:33     - 54 36  161 46   5.16 0.68  0.0   12 22.0 47.7      2865
  SEQ ---DATE--- TIME REMARK -LAT-  --LON-  DEPTH  RMS PMAG  NUM  ERH  ERZ  ID
 2866 2021- 4-24  9:58     - 55 24  162 45   6.84 0.22  0.0    8  2.2 22.3      2866
 2867 2021- 4-24 19:49     - 55 19  161 48   3.46 0.19  0.0    5 10.5 12.3      2867
 2868 2021- 4-25  0:01     - 54 34  162 35   4.74 0.17  0.0    7  9.5 17.0      2868
 *** DISTANCE & RESIDUAL WEIGHTING CANCELLED FOR EVENT: 2021  4 25  1 22
 2869 2021- 4-25  1:22     - 54 60  162  9   6.94 0.12  0.0    4 11.9 14.6      2869
 2870 2021- 4-25  1:44     - 54 42  161 21   4.89 0.24  0.0   17  7.6 16.0      2870
 2871 2021- 4-25  3:31     - 54 60  161 10  31.11 0.22  0.0    9 16.8  3.9      2871
 2872 2021- 4-25  3:31     - 54 51  160 50  44.85 0.95  0.0   10 63.8 26.0      2872
 2873 2021- 4-25  6:36     # 54 49  162  0   2.65 0.07  0.0    4  9.4  1.9      2873
 2874 2021- 4-25  7:59     - 55 22  162 17   9.45 0.08  0.0    4  2.1 13.3      2874
 2875 2021- 4-25 10:08     - 55 18  163 27   5.00 0.24  0.0    5 16.9 23.6      2875
 2876 2021- 4-25 11:37     - 55 15  161 38   6.95 0.04  0.0    4  8.0  7.5      2876
 2877 2021- 4-25 14:49     - 54 38  160 57   5.42 0.21  0.0    9  8.7 19.2      2877
 2878 2021- 4-25 16:49     - 54 27  162 10   5.30 0.12  0.0    9  6.7 14.7      2878
 2879 2021- 4-25 18:17     - 55 24  161 53  68.85 0.19  0.0    9  4.5 15.9      2879
 *** DISTANCE & RESIDUAL WEIGHTING CANCELLED FOR EVENT: 2021  4 25 18 18
 2880 2021- 4-25 18:18     - 55 13  161 43   5.00 0.24  0.0    4  6.5 19.5      2880
  SEQ ---DATE--- TIME REMARK -LAT-  --LON-  DEPTH  RMS PMAG  NUM  ERH  ERZ  ID
 2881 2021- 4-25 21:01       55 23  161 49  16.07 0.00  0.0    4  1.1  2.0      2881
 2882 2021- 4-25 21:03     - 55 31  161 32   7.65 0.24  0.0    8  2.0 20.6      2882
 2883 2021- 4-25 22:11     - 55 50  163  3   4.93 0.01  0.0    4  4.9 11.4      2883
 2884 2021- 4-25 22:39     - 54 39  161 29   5.01 0.19  0.0    8 12.9 19.9      2884
 2885 2021- 4-26  7:29     - 54 40  161 28   5.03 0.01  0.0    4  5.4 11.2      2885
 2886 2021- 4-26  8:18     - 54 36  161 12   5.04 0.07  0.0    9  5.6 12.0      2886
 2887 2021- 4-26 10:44     - 54 49  161  4  27.88 0.18  0.0   10 16.5  2.9      2887
 2888 2021- 4-26 10:44     - 54 53  161 11  24.32 0.10  0.0    6 13.1  5.0      2888
 2889 2021- 4-26 13:09     - 55  1  161 36  29.95 0.07  0.0    5 10.9  4.9      2889
 2890 2021- 4-26 13:09     - 54 57  161 17  28.97 0.31  0.0    5 25.7  7.5      2890
 2891 2021- 4-26 14:39     - 54 42  161  1  27.82 0.17  0.0   10 15.1  2.9      2891
 2892 2021- 4-26 14:39     - 54 30  160 35  31.11 0.22  0.0    7 15.9 21.8      2892
 2893 2021- 4-26 15:12     - 55  1  162 29   7.98 0.01  0.0    4  8.7  6.8      2893
 2894 2021- 4-26 15:12     - 54 60  162 51   5.01 0.20  0.0    4 17.2 20.4      2894
 2895 2021- 4-26 15:52     - 55  5  161 21   1.19 0.22  0.0    4 19.0  5.7      2895
  SEQ ---DATE--- TIME REMARK -LAT-  --LON-  DEPTH  RMS PMAG  NUM  ERH  ERZ  ID
 2896 2021- 4-26 17:39     - 55  7  161  9   9.13 0.07  0.0    4 12.4 12.3      2896
 2897 2021- 4-26 18:16     - 54 17  161 17  33.03 0.32  0.0   11  6.4 29.7      2897
 2898 2021- 4-26 18:16     - 55 11  161 30   1.10 0.22  0.0    6 15.1  7.5      2898
 2899 2021- 4-27  2:25     - 54 49  161 34  24.33 0.14  0.0    7 12.1  6.7      2899
 2900 2021- 4-27  2:25     - 54  9  160 35   5.09 0.30  0.0    8 20.4 16.8      2900
 2901 2021- 4-27  2:33     - 55 57  162 53   4.63 0.19  0.0    7  8.4 18.4      2901
 2902 2021- 4-27  2:33     - 55 27  161 27  15.46 0.09  0.0    5  9.7  8.6      2902
 2903 2021- 4-27  2:33     - 55 21  161 35   0.04 0.21  0.0    4 20.2  5.6      2903
 2904 2021- 4-27  4:51     - 55  3  161 19   4.96 0.23  0.0    8 21.9 16.6      2904
 2905 2021- 4-27  4:51     - 54 57  162 45   4.50 0.01  0.0    4  9.9  5.4      2905
 2906 2021- 4-27  4:52     - 55  7  161 23   9.99 0.07  0.0    5 11.7  9.6      2906
 2907 2021- 4-27  6:18     - 54 24  161  2   0.04 0.14  0.0    9  6.6 12.3      2907
 2908 2021- 4-27  6:18     - 54 38  161 18  11.83 0.24  0.0    6 19.6  4.0      2908
 2909 2021- 4-27  8:06     - 55 54  161 49   5.04 0.10  0.0    4  7.9 13.8      2909
 2910 2021- 4-27  8:34     - 54 39  163 29  33.61 0.21  0.0    6 13.5 21.8      2910
  SEQ ---DATE--- TIME REMARK -LAT-  --LON-  DEPTH  RMS PMAG  NUM  ERH  ERZ  ID
 2911 2021- 4-27 12:45     - 54 49  160 54  27.79 0.15  0.0   10 14.4  3.1      2911
 2912 2021- 4-27 12:45     - 54 37  160 35   3.24 0.49  0.0    9 29.4 16.3      2912
 2913 2021- 4-27 13:14       55 17  161 48  14.88 0.00  0.0    4  2.6  1.0      2913
 2914 2021- 4-27 13:32     - 54 58  161 28   5.01 0.31  0.0    5 21.4 28.2      2914
 2915 2021- 4-27 13:49     - 54 57  160 52   5.00 0.15  0.0    5 16.7 17.3      2915
 *** DISTANCE & RESIDUAL WEIGHTING CANCELLED FOR EVENT: 2021  4 27 13 50
 2916 2021- 4-27 13:49     - 55  3  161  9  27.76 0.44  0.0    4 33.9 16.2      2916
 2917 2021- 4-27 17:28       55 22  161 60  10.14 0.51  0.0    6  7.2 13.1      2917
 2918 2021- 4-27 17:56     - 55 22  161  5   4.99 0.54  0.0    4 17.9 42.4      2918
 2919 2021- 4-27 19:30     - 55  9  161 55   7.27 0.17  0.0    6 11.3 13.6      2919
 *** DISTANCE & RESIDUAL WEIGHTING CANCELLED FOR EVENT: 2021  4 27 19 30
 2920 2021- 4-27 19:30     # 55 13  162  6   0.31 0.45  0.0    6  2.8  4.4      2920
 2921 2021- 4-27 20:24     - 54 35  163 19   5.03 0.09  0.0    5  7.2 13.4      2921
 *** DISTANCE & RESIDUAL WEIGHTING CANCELLED FOR EVENT: 2021  4 27 20 24
 2922 2021- 4-27 20:24     - 54 50  162 41   5.05 0.42  0.0    4 26.3 37.2      2922
 2923 2021- 4-27 23:14     - 55  7  161 14  14.29 0.12  0.0    4 15.4 12.7      2923
 2924 2021- 4-27 23:14     - 54 49  160 59   5.00 0.40  0.0    6 31.5 35.3      2924
 2925 2021- 4-27 23:34     - 55  6  161 59   4.30 0.08  0.0    4 13.9  1.0      2925
 *** DISTANCE & RESIDUAL WEIGHTING CANCELLED FOR EVENT: 2021  4 27 23 37
  SEQ ---DATE--- TIME REMARK -LAT-  --LON-  DEPTH  RMS PMAG  NUM  ERH  ERZ  ID
 2926 2021- 4-27 23:37     - 55  3  161 41   1.72 0.31  0.0    4 12.6 24.3      2926
 2927 2021- 4-27 23:37     - 55  0  161 39   0.02 0.26  0.0    4 22.4  4.2      2927
 2928 2021- 4-28  3:42     - 54 55  161  2  31.99 0.20  0.0    9 17.9  1.5      2928
 2929 2021- 4-28  3:42     - 54 42  160 50  27.05 0.17  0.0    8 13.5  2.5      2929
 2930 2021- 4-28  4:31     - 54 50  161  1   5.25 0.28  0.0   19  9.1 19.1      2930
 2931 2021- 4-28  6:01     - 54 58  161 23  25.59 0.25  0.0   10 17.5  5.8      2931
 2932 2021- 4-28  6:01     - 54 46  160 53  33.04 0.29  0.0   10 19.4 27.2      2932
 *** DISTANCE & RESIDUAL WEIGHTING CANCELLED FOR EVENT: 2021  4 28  6 35
 2933 2021- 4-28  6:35     - 55 34  161 59  17.31 0.52  0.0    4 44.5  5.6      2933
 2934 2021- 4-28 10:22     - 54 50  163 29  17.71 0.22  0.0    7  4.8 22.3      2934
 2935 2021- 4-28 19:08     - 55  7  161  6   5.05 0.17  0.0    7 12.2 18.6      2935
 *** DISTANCE & RESIDUAL WEIGHTING CANCELLED FOR EVENT: 2021  4 28 19  9
 2936 2021- 4-28 19:09     - 54 59  163  7   5.22 0.67  0.0    4 49.1 56.1      2936
 2937 2021- 4-28 21:55     - 55 16  162  5   0.77 0.20  0.0    5  5.0 14.8      2937
 *** DISTANCE & RESIDUAL WEIGHTING CANCELLED FOR EVENT: 2021  4 29  0 13
 2938 2021- 4-29  0:13     # 55 11  162 40   5.00 0.44  0.0    6  8.1  4.3      2938
 2939 2021- 4-29  1:20       55 11  161 53  13.74 0.00  0.0    4  2.0  2.6      2939
 2940 2021- 4-29  1:20     - 55 13  162  9   6.52 0.13  0.0    5  1.5 16.5      2940
  SEQ ---DATE--- TIME REMARK -LAT-  --LON-  DEPTH  RMS PMAG  NUM  ERH  ERZ  ID
 2941 2021- 4-29  3:54       55 15  160 52  76.01 0.16  0.0    9  3.3  2.9      2941
 2942 2021- 4-29  4:17     - 55 21  162 36   5.01 0.40  0.0    8  6.9 35.3      2942
 *** DISTANCE & RESIDUAL WEIGHTING CANCELLED FOR EVENT: 2021  4 29  4 20
 2943 2021- 4-29  4:20     - 54 46  163 31   5.00 0.33  0.0    4 16.9 27.4      2943
 2944 2021- 4-29  4:59     - 55 17  161 52  32.69 0.03  0.0    4  8.9  2.8      2944
 2945 2021- 4-29  5:11     - 55  9  163 27   3.02 0.59  0.0   10 21.0 44.0      2945
 2946 2021- 4-29  5:11     - 54 30  161 31   0.88 0.20  0.0    7 12.1 18.5      2946
 2947 2021- 4-29  5:23     - 55  9  163 23   4.52 0.61  0.0    9 21.9 45.3      2947
 2948 2021- 4-29  6:37     - 55 13  162 44   4.93 0.30  0.0    6  7.8 28.0      2948
 2949 2021- 4-29  9:00     - 55 14  160 22  51.96 0.11  0.0   11 14.0  8.0      2949
 2950 2021- 4-29  9:00     - 55 40  162  7   5.39 0.31  0.0    4 19.9 28.5      2950
 2951 2021- 4-29  9:17     # 55 22  163 12   0.16 1.10  0.0   14 22.3 47.4      2951
 2952 2021- 4-29  9:46     # 55 21  162 36   0.02 0.51  0.0    6  4.5  9.3      2952
 2953 2021- 4-29 12:41     - 55 54  160 57   5.01 0.14  0.0    5 14.5 16.8      2953
 2954 2021- 4-29 13:27     # 54 53  162 10   0.01 0.11  0.0    8  2.5  1.9      2954
 2955 2021- 4-29 13:27     - 55  1  161 46   0.27 0.18  0.0    5 17.1  8.3      2955
  SEQ ---DATE--- TIME REMARK -LAT-  --LON-  DEPTH  RMS PMAG  NUM  ERH  ERZ  ID
 2956 2021- 4-29 15:32       55 25  161 50  13.50 0.00  0.0    4  4.3  2.3      2956
 2957 2021- 4-29 16:48     - 54 57  162 23  15.45 0.07  0.0    5  9.1  8.6      2957
 *** DISTANCE & RESIDUAL WEIGHTING CANCELLED FOR EVENT: 2021  4 29 17 11
 2958 2021- 4-29 17:10     # 55  1  162 30  11.11 1.05  0.0    5 13.9 29.5      2958
 2959 2021- 4-29 17:55     - 55 12  160 46   5.00 0.22  0.0    4 21.0 21.5      2959
 *** DISTANCE & RESIDUAL WEIGHTING CANCELLED FOR EVENT: 2021  4 29 17 56
 2960 2021- 4-29 17:55     # 55 15  161 41   9.19 0.46  0.0    5  4.9  9.8      2960
 2961 2021- 4-29 20:07     - 54 52  161 19  28.65 0.13  0.0   10 11.9  2.5      2961
 2962 2021- 4-29 20:07     - 54 46  161 26  24.61 0.14  0.0    4 15.4  9.1      2962
 2963 2021- 4-29 23:12     - 54 37  160 55   4.95 0.06  0.0    4  5.6 12.2      2963
 *** DISTANCE & RESIDUAL WEIGHTING CANCELLED FOR EVENT: 2021  4 30  0  0
 2964 2021- 4-29 23:59     - 55 41  162 11   5.00 6.47  0.0    4 72.7 67.2      2964
 *** DISTANCE & RESIDUAL WEIGHTING CANCELLED FOR EVENT: 2021  4 30  4 48
 2965 2021- 4-30  4:48     # 55 20  162 18   5.02 0.67  0.0    4  6.5  5.8      2965
 2966 2021- 4-30  5:47     - 54 59  162 22   4.56 0.02  0.0    5 11.3  3.7      2966
 *** DISTANCE & RESIDUAL WEIGHTING CANCELLED FOR EVENT: 2021  4 30  7 58
 2967 2021- 4-30  7:58     - 55 24  161 41  11.38 0.49  0.0    4 32.7 17.9      2967
 2968 2021- 4-30  8:07     - 54 52  161  4  32.79 0.24  0.0   10 17.0 23.3      2968
 2969 2021- 4-30  8:07     - 54 36  160 36  28.58 0.41  0.0    9 28.8 36.4      2969
 2970 2021- 4-30  8:27     - 55 25  161 46   0.29 0.07  0.0    4  1.9 13.0      2970
 *** DISTANCE & RESIDUAL WEIGHTING CANCELLED FOR EVENT: 2021  4 30 10  3
  SEQ ---DATE--- TIME REMARK -LAT-  --LON-  DEPTH  RMS PMAG  NUM  ERH  ERZ  ID
 2971 2021- 4-30 10:03     - 55 22  161 46  12.13 2.05  0.0    4 99.0 18.6      2971
 *** DISTANCE & RESIDUAL WEIGHTING CANCELLED FOR EVENT: 2021  4 30 10 53
 2972 2021- 4-30 10:53     - 54 19  162 31   5.00 0.68  0.0    4 58.0 52.7      2972
 *** DISTANCE & RESIDUAL WEIGHTING CANCELLED FOR EVENT: 2021  4 30 12 55
 2973 2021- 4-30 12:55     - 55 17  162  5   5.03 0.42  0.0    4  6.6 28.3      2973
 2974 2021- 4-30 13:01     - 54 48  160 43   4.94 0.14  0.0   12  6.8 14.3      2974
 2975 2021- 4-30 13:01     - 55 15  163 22   5.60 0.14  0.0    6  7.3 14.7      2975
 2976 2021- 4-30 13:38     - 55  4  163 27   4.80 0.62  0.0   10 22.3 46.9      2976
 2977 2021- 4-30 13:38     # 54 58  161 30   0.39 0.20  0.0    4 11.0  6.4      2977
 2978 2021- 4-30 14:16       55 11  161 56  28.61 0.00  0.0    4  1.7  2.3      2978
 2979 2021- 4-30 14:17     - 55 15  159 23   5.01 0.18  0.0    9 14.0 12.4      2979
 2980 2021- 4-30 14:18       55 23  161 13  40.52 0.34  0.0    8 16.5  5.4      2980
 2981 2021- 4-30 14:20     - 54 59  162 11   5.03 0.01  0.0    4  2.3 12.2      2981
 2982 2021- 4-30 14:48     - 54 55  160 26   3.34 0.30  0.0    7 11.9 24.5      2982
 2983 2021- 4-30 15:11     - 55  3  161 19   5.00 0.12  0.0    5 13.7 16.0      2983
 2984 2021- 4-30 15:17     - 54 55  163  8   4.92 0.43  0.0    8 15.4 34.4      2984
 2985 2021- 4-30 16:37     - 55  1  161  3   5.00 0.16  0.0    5 17.4 18.4      2985
  SEQ ---DATE--- TIME REMARK -LAT-  --LON-  DEPTH  RMS PMAG  NUM  ERH  ERZ  ID
 2986 2021- 4-30 16:37     - 55 21  161 45  12.88 0.03  0.0    4  4.1 11.0      2986
 2987 2021- 4-30 17:52       55 10  162 13   0.22 0.96  0.0    5  6.6 51.9      2987
 2988 2021- 4-30 17:52     - 54 47  162 44   5.41 0.06  0.0    4  9.8 13.5      2988
 2989 2021- 4-30 18:21     - 54 54  162 55   4.99 0.18  0.0   11  7.6 16.4      2989
 2990 2021- 4-30 18:22     # 55 30  162  7   0.36 0.19  0.0    4  4.0 13.5      2990
 2991 2021- 4-30 18:24     - 55  3  162 51   4.53 0.21  0.0    8  8.6 18.4      2991
 2992 2021- 4-30 18:25     - 55  4  162 50   4.84 0.03  0.0    5  5.4 11.5      2992
 2993 2021- 4-30 18:36     - 54 31  161 50   4.49 0.18  0.0    8  8.3 17.3      2993
 2994 2021- 4-30 18:46     - 54 60  162 31  40.38 0.01  0.0    4 11.8  4.2      2994
 2995 2021- 4-30 19:41     - 55  4  162 50   5.04 0.17  0.0    9  7.8 16.6      2995
 2996 2021- 4-30 19:47     - 55  4  163 17   5.87 0.34  0.0    6 13.7 27.6      2996
 2997 2021- 4-30 19:47     - 54 32  161 31   4.58 0.14  0.0    9  8.2 12.6      2997
 2998 2021- 4-30 20:00     - 55  3  162 50   4.90 0.19  0.0    7  8.4 17.8      2998
 2999 2021- 4-30 20:24     - 54 35  161 21   5.23 0.16  0.0   16  6.4 13.5      2999
 3000 2021- 4-30 22:33     - 55 11  163 35   4.32 0.76  0.0   10 26.9 56.6      3000
  SEQ ---DATE--- TIME REMARK -LAT-  --LON-  DEPTH  RMS PMAG  NUM  ERH  ERZ  ID
 3001 2021- 4-30 23:15       54 53  161 47   1.77 0.17  0.0   16  0.9  1.2      3001
 *** DISTANCE & RESIDUAL WEIGHTING CANCELLED FOR EVENT: 2021  5  1  0  4
 3002 2021- 5- 1  0:03     # 55  6  162  2   5.01 0.55  0.0    6  7.2  4.1      3002
 3003 2021- 5- 1  0:15     - 55 14  163 22   3.48 0.82  0.0   10 28.6 58.7      3003
 3004 2021- 5- 1  0:22     - 54 32  161 52   5.99 0.31  0.0   16 11.3 24.4      3004
 3005 2021- 5- 1  1:01     - 55 46  161 47   3.71 0.06  0.0    4  5.7 12.2      3005
 3006 2021- 5- 1  1:17     - 55 25  161 51  19.42 0.03  0.0    4 12.7  1.7      3006
 *** DISTANCE & RESIDUAL WEIGHTING CANCELLED FOR EVENT: 2021  5  1  2 31
 3007 2021- 5- 1  2:31     - 54 49  162 41   4.99 0.16  0.0    4  8.0 16.1      3007
 *** DISTANCE & RESIDUAL WEIGHTING CANCELLED FOR EVENT: 2021  5  1  3 54
 3008 2021- 5- 1  3:54     - 55 17  161 34   1.63 0.19  0.0    4  6.6 17.5      3008
 3009 2021- 5- 1  4:10     - 55 14  163 29   0.01 0.78  0.0   10 28.1 57.8      3009
 3010 2021- 5- 1  4:34     - 54 37  161 15   5.06 0.19  0.0   14  7.0 14.8      3010
 3011 2021- 5- 1  4:58     - 55 19  161  1  32.22 0.10  0.0    8 12.7  0.8      3011
 3012 2021- 5- 1  4:58     - 55 11  160 42   5.04 0.15  0.0    6 14.7 17.7      3012
 3013 2021- 5- 1  5:13     - 55 29  162 28   3.87 0.01  0.0    4  5.2 11.4      3013
 *** DISTANCE & RESIDUAL WEIGHTING CANCELLED FOR EVENT: 2021  5  1  8  0
 3014 2021- 5- 1  7:59     # 55 23  161 59   7.77 0.77  0.0    4 11.6 14.9      3014
 3015 2021- 5- 1  8:21     - 54 58  162 41   3.90 0.03  0.0    4 10.4  6.4      3015
  SEQ ---DATE--- TIME REMARK -LAT-  --LON-  DEPTH  RMS PMAG  NUM  ERH  ERZ  ID
 3016 2021- 5- 1  9:51     - 54 25  161 33   3.49 0.21  0.0    9  9.1 19.3      3016
 3017 2021- 5- 1  9:52       55 17  161 47   6.39 0.00  0.0    4  1.7  0.5      3017
 *** DISTANCE & RESIDUAL WEIGHTING CANCELLED FOR EVENT: 2021  5  1  9 53
 3018 2021- 5- 1  9:53     - 55 22  161 49   0.35 0.23  0.0    4 22.9 16.3      3018
 *** DISTANCE & RESIDUAL WEIGHTING CANCELLED FOR EVENT: 2021  5  1 13 32
 3019 2021- 5- 1 13:32     # 55 15  161 42   2.92 0.39  0.0    4  6.6 21.6      3019
 *** DISTANCE & RESIDUAL WEIGHTING CANCELLED FOR EVENT: 2021  5  1 14 58
 3020 2021- 5- 1 14:58     - 55 37  162 44   5.00 1.90  0.0    5 41.5 89.9      3020
 3021 2021- 5- 1 15:26     - 55 37  160  2   9.39 0.29  0.0    8 25.6 20.8      3021
 3022 2021- 5- 2  0:39     - 55 22  162 59   5.86 0.26  0.0    6 12.8 20.9      3022
 3023 2021- 5- 2  2:16     - 54 58  161  4   5.02 0.23  0.0    4 20.6 22.2      3023
 3024 2021- 5- 2  2:50     - 54 47  162 58   4.15 0.24  0.0    5 22.7 21.6      3024
 3025 2021- 5- 2  3:02     - 54 43  163 27   5.29 0.22  0.0    4 18.6 19.9      3025
 3026 2021- 5- 2  3:37     - 55 32  163  7   3.96 0.03  0.0    4  5.4 11.5      3026
 3027 2021- 5- 2  5:28     - 54 27  161 34   4.39 0.25  0.0    7  9.9 20.9      3027
 3028 2021- 5- 3  0:16     - 54 54  163  4   6.62 0.18  0.0    6  3.4 19.8      3028
 3029 2021- 5- 3  0:17     - 54 57  161 29   5.03 0.20  0.0    7 17.8 13.5      3029
 3030 2021- 5- 3  0:29     - 54 51  162 59   6.21 0.04  0.0    5  5.6 11.7      3030
  SEQ ---DATE--- TIME REMARK -LAT-  --LON-  DEPTH  RMS PMAG  NUM  ERH  ERZ  ID
 3031 2021- 5- 3  0:29       55  5  161 40   0.63 0.16  0.0    8  6.0  2.5      3031
 3032 2021- 5- 3  1:47     - 54 53  161  4  40.02 0.19  0.0    8 18.2  8.3      3032
 3033 2021- 5- 3  1:47     - 54 44  160 50  86.84 0.14  0.0    7 12.8  7.7      3033
 3034 2021- 5- 3  5:03     - 54 25  161 33   4.91 0.27  0.0    6 10.6 22.7      3034
 *** DISTANCE & RESIDUAL WEIGHTING CANCELLED FOR EVENT: 2021  5  3  5 17
 3035 2021- 5- 3  5:17     - 55  5  162 10   5.00 1.92  0.0    4 64.6 75.0      3035
 3036 2021- 5- 3  6:11     - 55 22  161 49   0.22 0.07  0.0    4  1.3 10.0      3036
 *** DISTANCE & RESIDUAL WEIGHTING CANCELLED FOR EVENT: 2021  5  3  6 15
 3037 2021- 5- 3  6:15     # 55 14  161 50   2.39 0.79  0.0    5  4.3 24.2      3037
 3038 2021- 5- 3  6:15       55 20  161 43   4.72 0.01  0.0    4  4.2  2.2      3038
 3039 2021- 5- 3  7:32     - 54 35  161 17   4.99 0.18  0.0   17  6.8 14.4      3039
 3040 2021- 5- 3  7:40     - 54 55  161 23  28.19 0.15  0.0    8 14.3  5.4      3040
 3041 2021- 5- 3 10:25     - 55 15  163 18   3.95 0.63  0.0    6 23.9 47.4      3041
 3042 2021- 5- 3 10:47     - 54 49  163  4   4.99 0.04  0.0    5  5.4 11.8      3042
 3043 2021- 5- 3 12:08     - 54 35  161 17   5.14 0.15  0.0   16  6.2 13.2      3043
 3044 2021- 5- 3 14:10     - 54 31  161 12  21.46 0.11  0.0    8  1.6 14.0      3044
 3045 2021- 5- 3 14:33     - 55 18  161  0  26.79 0.16  0.0    4 17.6 13.7      3045
  SEQ ---DATE--- TIME REMARK -LAT-  --LON-  DEPTH  RMS PMAG  NUM  ERH  ERZ  ID
 3046 2021- 5- 3 14:33     - 55 22  161  5   8.09 0.11  0.0    5 12.0 13.1      3046
 3047 2021- 5- 3 16:39     - 54 30  163 16   4.86 0.18  0.0    6 10.5 17.7      3047
 3048 2021- 5- 3 17:17     - 54 59  160 44   5.07 0.18  0.0   12  8.1 17.3      3048
 3049 2021- 5- 3 19:00       55 26  161 52  29.80 0.08  0.0    9  1.5  0.9      3049
 3050 2021- 5- 3 19:01     - 55 23  162 22   6.71 0.33  0.0   11  1.7 30.1      3050
 3051 2021- 5- 3 20:47       55 10  161 38   2.44 0.00  0.0    4  3.8  1.4      3051
 3052 2021- 5- 3 20:52     - 54 58  162 18   4.73 0.06  0.0    4 11.4  6.1      3052
 3053 2021- 5- 3 21:38     - 55  4  161 25   0.67 0.05  0.0    4 10.8  2.9      3053
 3054 2021- 5- 3 21:38     - 55  3  161 36  18.26 0.05  0.0    4 11.7  4.2      3054
 3055 2021- 5- 4  6:52     - 54 41  162 49  55.13 0.18  0.0    4 17.5  8.3      3055
 *** DISTANCE & RESIDUAL WEIGHTING CANCELLED FOR EVENT: 2021  5  4  9  1
 3056 2021- 5- 4  9:01     - 55 22  163  8   5.33 0.45  0.0    4 15.6 34.4      3056
 3057 2021- 5- 4 12:29     - 55 20  161  6  33.29 0.11  0.0    7 12.8  5.9      3057
 3058 2021- 5- 4 12:30     - 55 48  161 59   5.55 0.21  0.0    4 18.1 21.4      3058
 *** DISTANCE & RESIDUAL WEIGHTING CANCELLED FOR EVENT: 2021  5  4 16 49
 3059 2021- 5- 4 16:49     # 54 58  162 24  15.31 0.74  0.0    7 24.7 23.2      3059
 3060 2021- 5- 4 17:00     - 55  4  161 27  23.47 0.07  0.0    6 11.4  3.2      3060
  SEQ ---DATE--- TIME REMARK -LAT-  --LON-  DEPTH  RMS PMAG  NUM  ERH  ERZ  ID
 3061 2021- 5- 4 17:00     - 54 49  162 47   5.00 0.34  0.0    5 21.7 30.3      3061
 3062 2021- 5- 4 19:44     - 55  3  161 41  31.45 0.12  0.0    4 13.3  6.4      3062
 3063 2021- 5- 4 23:10     - 55 15  162 45   5.02 0.05  0.0    4  5.4 13.2      3063
 3064 2021- 5- 5  1:10       55 33  161  0  71.52 0.10  0.0    8  5.0  2.2      3064
 3065 2021- 5- 5  1:43     - 55 16  161 38  10.32 0.04  0.0    4 13.0  2.5      3065
 3066 2021- 5- 5  2:30       55 16  161 46  12.77 0.00  0.0    4  3.8  2.3      3066
 3067 2021- 5- 5  4:09     - 55 21  161  7   5.00 0.09  0.0    4 13.3 14.5      3067
 *** DISTANCE & RESIDUAL WEIGHTING CANCELLED FOR EVENT: 2021  5  5  4 54
 3068 2021- 5- 5  4:54     - 54 32  163 16   4.90 0.15  0.0    4  9.4 16.0      3068
 3069 2021- 5- 5  5:48     - 55 16  162 17   1.77 0.19  0.0    6  3.2 17.2      3069
 3070 2021- 5- 5  6:00     - 55 15  162 49   5.11 0.17  0.0    4  7.5 17.0      3070
 3071 2021- 5- 5  7:39       55 21  161 46  16.40 0.15  0.0    8  2.1  1.3      3071
 3072 2021- 5- 5  7:52       55 22  161 56  21.35 0.13  0.0    5  2.8  2.0      3072
 *** DISTANCE & RESIDUAL WEIGHTING CANCELLED FOR EVENT: 2021  5  5  8  0
 3073 2021- 5- 5  7:59     # 55 17  162  3   5.00 0.77  0.0    4  7.5  6.4      3073
 3074 2021- 5- 5  8:17     - 55  2  161 29  20.40 0.13  0.0    5 14.5  4.9      3074
 3075 2021- 5- 5 10:18     - 55 11  160 54   4.02 0.13  0.0    4  7.8 14.7      3075
  SEQ ---DATE--- TIME REMARK -LAT-  --LON-  DEPTH  RMS PMAG  NUM  ERH  ERZ  ID
 3076 2021- 5- 5 10:51     - 54 19  162  9  18.67 0.32  0.0    8  4.3 29.3      3076
 3077 2021- 5- 5 12:34     - 55 22  162 17   3.07 0.01  0.0    4  1.3 11.9      3077
 3078 2021- 5- 5 13:10     - 54 50  160 56  26.66 0.21  0.0   11 18.4  3.8      3078
 3079 2021- 5- 5 13:11     - 54 59  161 31  48.59 0.35  0.0    6 23.1  8.8      3079
 3080 2021- 5- 5 13:16     - 55 12  161 58   1.80 0.03  0.0    4  1.1 10.3      3080
 3081 2021- 5- 5 14:17     - 54 58  161  5   4.76 0.16  0.0   10  7.3 15.5      3081
 3082 2021- 5- 5 14:17     - 54 49  160 54   5.07 0.24  0.0    9  9.8 20.4      3082
 3083 2021- 5- 5 14:20     - 54 56  161 17  32.15 0.13  0.0    7 11.8  0.9      3083
 3084 2021- 5- 5 14:20     - 54 57  161 19  31.74 0.08  0.0    6 10.0  0.6      3084
 3085 2021- 5- 5 21:40       55 27  161 51  25.13 0.02  0.0    5  3.0  3.4      3085
 3086 2021- 5- 6  0:19       54 41  163 26   6.48 0.08  0.0    6  4.6  8.7      3086
 *** DISTANCE & RESIDUAL WEIGHTING CANCELLED FOR EVENT: 2021  5  6  1 17
 3087 2021- 5- 6  1:17     - 54 45  163 37   4.90 0.18  0.0    4 10.6 17.8      3087
 3088 2021- 5- 6  2:11     - 54 40  162 21   9.45 0.15  0.0    6  3.5 16.0      3088
 3089 2021- 5- 6  6:49     - 55 43  160 53   5.90 0.19  0.0    7 14.4 14.5      3089
 3090 2021- 5- 6  6:50     - 55 14  163  4   5.74 0.30  0.0    5  9.1 21.7      3090
 *** DISTANCE & RESIDUAL WEIGHTING CANCELLED FOR EVENT: 2021  5  6  8 15
  SEQ ---DATE--- TIME REMARK -LAT-  --LON-  DEPTH  RMS PMAG  NUM  ERH  ERZ  ID
 3091 2021- 5- 6  8:15     - 54 53  162  7   0.32 0.25  0.0    4 19.4 24.3      3091
 3092 2021- 5- 6  8:32     - 54 57  162 11   5.76 0.09  0.0    4 12.4  7.0      3092
 3093 2021- 5- 6 11:47     - 55 10  161 30   5.05 0.06  0.0    5  5.4 12.2      3093
 *** DISTANCE & RESIDUAL WEIGHTING CANCELLED FOR EVENT: 2021  5  6 12 12
 3094 2021- 5- 6 12:12     - 54 33  162 57   5.05 0.19  0.0    4 16.9 17.7      3094
 *** DISTANCE & RESIDUAL WEIGHTING CANCELLED FOR EVENT: 2021  5  6 16 33
 3095 2021- 5- 6 16:32     - 55 19  162 33   7.13 0.41  0.0    4  4.9 36.0      3095
 3096 2021- 5- 7  3:49     - 54 27  160 30   6.22 0.14  0.0   11 12.2 10.1      3096
 3097 2021- 5- 7  3:50     - 54 47  161  4  25.09 0.26  0.0    9 18.5  3.7      3097
 3098 2021- 5- 7  7:37     - 55 21  161 46   3.38 0.00  0.0    4  8.5  4.6      3098
 3099 2021- 5- 7  7:37     - 55 15  160 39   5.02 0.27  0.0    6 20.4 25.2      3099
 3100 2021- 5- 7 16:23     - 54 46  160 58  26.45 0.19  0.0    9 19.2  4.1      3100
 3101 2021- 5- 7 16:23     - 54 42  160 50   5.03 0.34  0.0    7 26.4 30.3      3101
 *** DISTANCE & RESIDUAL WEIGHTING CANCELLED FOR EVENT: 2021  5  7 20 28
 3102 2021- 5- 7 20:28     - 55  5  162 14   4.85 2.71  0.0    4 95.7 86.5      3102
 *** DISTANCE & RESIDUAL WEIGHTING CANCELLED FOR EVENT: 2021  5  7 21  3
 3103 2021- 5- 7 21:03     - 55 22  162 20   9.21 0.09  0.0    4  3.0 11.2      3103
 3104 2021- 5- 7 23:46     - 54 41  161 32   5.04 0.20  0.0    7 13.2 20.9      3104
 3105 2021- 5- 8  0:30     - 54 37  161 25   4.75 0.19  0.0   11  8.1 16.2      3105
  SEQ ---DATE--- TIME REMARK -LAT-  --LON-  DEPTH  RMS PMAG  NUM  ERH  ERZ  ID
 3106 2021- 5- 8  1:54       55  9  161 52  28.79 0.00  0.0    4  5.2  3.6      3106
 3107 2021- 5- 8  3:41     - 54 52  161 13  30.06 0.18  0.0    9 16.8  1.9      3107
 3108 2021- 5- 8  3:41     - 54 48  161  6   5.06 0.09  0.0    5 12.9 14.3      3108
 *** DISTANCE & RESIDUAL WEIGHTING CANCELLED FOR EVENT: 2021  5  8  3 41
 3109 2021- 5- 8  3:41     - 55  6  162 32   5.00 0.70  0.0    4 44.8 59.3      3109
 3110 2021- 5- 8  3:47     - 54 59  162 21   5.05 0.05  0.0    5  8.9  3.9      3110
 *** DISTANCE & RESIDUAL WEIGHTING CANCELLED FOR EVENT: 2021  5  8  3 48
 3111 2021- 5- 8  3:47     - 54 42  162 40   5.00 0.09  0.0    4 12.6 13.2      3111
 3112 2021- 5- 8  5:35       55 23  161 43  11.20 0.15  0.0    5  3.3  1.1      3112
 3113 2021- 5- 8  7:03     - 54 56  162 11   1.15 0.14  0.0    4  2.9 14.1      3113
 3114 2021- 5- 8  8:52     - 54 35  161 22   5.01 0.18  0.0    5 17.8 19.6      3114
 3115 2021- 5- 8 10:33       54 59  162 15   6.29 0.08  0.0    5  2.5  1.6      3115
 3116 2021- 5- 8 10:34     - 54 59  162 14   4.73 0.03  0.0    4  9.3  7.1      3116
 *** DISTANCE & RESIDUAL WEIGHTING CANCELLED FOR EVENT: 2021  5  8 11  7
 3117 2021- 5- 8 11:07     - 55 16  161 40  18.05 0.17  0.0    4 19.1  3.3      3117
 3118 2021- 5- 8 13:32     - 54 49  161 10  33.66 0.19  0.0    9 13.3 15.7      3118
 3119 2021- 5- 8 13:32       54 41  161  4  37.65 0.28  0.0   10 16.5 10.9      3119
 *** DISTANCE & RESIDUAL WEIGHTING CANCELLED FOR EVENT: 2021  5  8 14  0
 3120 2021- 5- 8 14:00     # 55 20  161 52   7.52 1.17  0.0    4 11.3 14.7      3120
  SEQ ---DATE--- TIME REMARK -LAT-  --LON-  DEPTH  RMS PMAG  NUM  ERH  ERZ  ID
 3121 2021- 5- 8 16:09     - 54 57  161 25  18.43 0.24  0.0    4 16.3 17.9      3121
 3122 2021- 5- 8 16:09     - 55 13  162  7   1.38 0.03  0.0    4  0.9 10.3      3122
 3123 2021- 5- 8 16:34     - 55 17  161  0  23.46 0.14  0.0    5  4.6 11.9      3123
 3124 2021- 5- 8 17:42     - 55 11  161  9  20.08 0.19  0.0    8 15.5  7.9      3124
 3125 2021- 5- 8 17:42     - 55 51  162 29   5.05 0.21  0.0    4 19.5 21.1      3125
 3126 2021- 5- 8 17:47     - 54 40  160 57   6.62 0.21  0.0    8 16.9 21.1      3126
 3127 2021- 5- 8 17:47     - 54 28  160 40  17.75 0.10  0.0    8 11.1 15.0      3127
 3128 2021- 5- 8 18:23     - 54 36  161 21   4.97 0.15  0.0   10  6.9 15.0      3128
 3129 2021- 5- 8 18:30     - 55  9  163 20   5.87 0.23  0.0    4 10.2 20.6      3129
 3130 2021- 5- 8 19:36     # 54 25  163  1   0.31 0.26  0.0    8  8.1 14.5      3130
 3131 2021- 5- 8 19:36     - 54 53  163  5   5.05 0.36  0.0    4 29.0 30.8      3131
 3132 2021- 5- 8 19:59     - 54 52  161  2  34.76 0.18  0.0    9 15.7 12.6      3132
 3133 2021- 5- 8 19:59     - 54 44  160 52  34.67 0.43  0.0    9 26.3 34.8      3133
 3134 2021- 5- 8 20:15     # 55  7  162  7  17.60 0.01  0.0    4  5.8  4.5      3134
 3135 2021- 5- 8 21:26     - 55  8  161 14   5.00 0.09  0.0    4 13.7 14.0      3135
  SEQ ---DATE--- TIME REMARK -LAT-  --LON-  DEPTH  RMS PMAG  NUM  ERH  ERZ  ID
 3136 2021- 5- 8 21:26     - 55  1  161 19   5.01 0.50  0.0    4 33.1 42.9      3136
 3137 2021- 5- 9  0:53     - 54 26  162 25   4.53 0.14  0.0    8  7.1 15.4      3137
 3138 2021- 5- 9  0:58     - 55  5  161 34   4.79 0.07  0.0    4 13.6  3.4      3138
 3139 2021- 5- 9  0:58     # 55 11  161 58   3.89 0.21  0.0    4  3.3 11.8      3139
 3140 2021- 5- 9  2:06     - 55 49  160 54   4.99 0.18  0.0    5 16.9 17.2      3140
 3141 2021- 5- 9  2:51     - 54 57  162 16   4.59 0.01  0.0    4  9.8  6.9      3141
 *** DISTANCE & RESIDUAL WEIGHTING CANCELLED FOR EVENT: 2021  5  9  3 25
 3142 2021- 5- 9  3:25     # 55 12  161 52  13.99 0.75  0.0    4 25.1 11.8      3142
 *** DISTANCE & RESIDUAL WEIGHTING CANCELLED FOR EVENT: 2021  5  9  7 25
 3143 2021- 5- 9  7:25     - 55 11  163 26   5.00 1.03  0.0    4 36.7 78.3      3143
 *** DISTANCE & RESIDUAL WEIGHTING CANCELLED FOR EVENT: 2021  5  9  7 47
 3144 2021- 5- 9  7:47     - 55 22  161 35   2.50 0.53  0.0    4  6.1 40.4      3144
 3145 2021- 5- 9  8:00     - 55 10  163 14   5.39 0.21  0.0    8  8.2 17.9      3145
 *** DISTANCE & RESIDUAL WEIGHTING CANCELLED FOR EVENT: 2021  5  9  8  0
 3146 2021- 5- 9  8:00     - 55 19  163  9   7.76 1.15  0.0    4 63.6 96.5      3146
 *** DISTANCE & RESIDUAL WEIGHTING CANCELLED FOR EVENT: 2021  5  9  8  0
 3147 2021- 5- 9  8:00     - 54 56  161 52   5.04 0.82  0.0    4 60.2 63.3      3147
 3148 2021- 5- 9 11:26     - 54 42  161 25   5.01 0.20  0.0    4 19.2 20.8      3148
 3149 2021- 5- 9 12:17     - 54 52  163  6   5.25 0.32  0.0    8 11.0 24.9      3149
 3150 2021- 5- 9 12:17     - 55  6  161 42   0.87 0.16  0.0    6  5.6 15.3      3150
 *** DISTANCE & RESIDUAL WEIGHTING CANCELLED FOR EVENT: 2021  5  9 12 17
  SEQ ---DATE--- TIME REMARK -LAT-  --LON-  DEPTH  RMS PMAG  NUM  ERH  ERZ  ID
 3151 2021- 5- 9 12:17     - 54 41  161 46   5.00 0.53  0.0    4 41.2 44.3      3151
 *** DISTANCE & RESIDUAL WEIGHTING CANCELLED FOR EVENT: 2021  5  9 14 25
 3152 2021- 5- 9 14:25     # 55 17  162  3   5.01 0.47  0.0    4  7.3 24.5      3152
 3153 2021- 5- 9 19:44     - 55 10  162  7   0.31 0.69  0.0    8  2.9 48.6      3153
 3154 2021- 5- 9 19:44       55 20  161 54   7.11 0.06  0.0    5  2.3  2.8      3154
 3155 2021- 5- 9 19:47     - 55  3  160 58   4.80 0.22  0.0   17  7.0 14.8      3155
 3156 2021- 5- 9 23:34     - 55 30  161 19  43.12 0.13  0.0    8 11.6  7.1      3156
 3157 2021- 5- 9 23:34     - 55 51  159 34   6.75 0.12  0.0    6 13.1  7.7      3157
 3158 2021- 5-10  2:57     - 55  4  161 57  12.15 0.02  0.0    4  9.0  8.7      3158
 3159 2021- 5-10  2:57     - 54 49  161 28   6.40 0.15  0.0    5 12.4 17.5      3159
 3160 2021- 5-10  3:08     - 54 31  163 15   5.02 0.02  0.0    4  7.8 11.5      3160
 3161 2021- 5-10  5:45     - 54 27  163 13   5.36 0.19  0.0    6  8.4 18.2      3161
 3162 2021- 5-10  6:12     - 54 49  161 12  29.21 0.19  0.0   10 15.8  2.1      3162
 3163 2021- 5-10  6:12     - 54 42  160 47   5.06 0.13  0.0    4 14.6 15.4      3163
 3164 2021- 5-10  6:23     - 54 32  161 37   4.49 0.21  0.0    7  8.8 18.8      3164
 3165 2021- 5-10  6:34     - 55  3  161 16  30.28 0.19  0.0    8 15.8  6.8      3165
  SEQ ---DATE--- TIME REMARK -LAT-  --LON-  DEPTH  RMS PMAG  NUM  ERH  ERZ  ID
 3166 2021- 5-10  6:34     - 54 52  160 55  19.11 0.37  0.0    8 19.7 27.8      3166
 *** DISTANCE & RESIDUAL WEIGHTING CANCELLED FOR EVENT: 2021  5 10  6 39
 3167 2021- 5-10  6:39     # 54 39  160 42   5.00 1.27  0.0    6 33.3 50.1      3167
 3168 2021- 5-10  7:05       55 32  161 51  40.20 0.01  0.0    5  5.4  2.7      3168
 *** DISTANCE & RESIDUAL WEIGHTING CANCELLED FOR EVENT: 2021  5 10  8  0
 3169 2021- 5-10  7:59     # 55 18  161 54   5.24 0.70  0.0    4  5.1  8.4      3169
 3170 2021- 5-10  8:06     - 54 45  161  4   8.61 0.19  0.0    8 17.9 20.3      3170
 *** DISTANCE & RESIDUAL WEIGHTING CANCELLED FOR EVENT: 2021  5 10  8  7
 3171 2021- 5-10  8:06     - 55  9  160 54   5.05 0.51  0.0    5 38.5 40.4      3171
 3172 2021- 5-10 12:56     - 54 28  160 60   2.28 0.12  0.0    6  9.1 13.8      3172
 3173 2021- 5-10 12:56     - 54 57  161 51   6.25 0.19  0.0    5 14.3 19.8      3173
 *** DISTANCE & RESIDUAL WEIGHTING CANCELLED FOR EVENT: 2021  5 10 14  9
 3174 2021- 5-10 14:09     # 55  0  162 21  10.67 0.61  0.0    7 16.2 12.0      3174
 *** DISTANCE & RESIDUAL WEIGHTING CANCELLED FOR EVENT: 2021  5 10 14 10
 3175 2021- 5-10 14:10     # 54 43  162 27   5.00 1.04  0.0    6 19.3  6.4      3175
 3176 2021- 5-10 14:30       55 18  161 15  17.01 0.00  0.0    4  3.1  4.5      3176
 3177 2021- 5-10 14:34       55 13  162  8  49.12 0.01  0.0    4  8.7  1.4      3177
 3178 2021- 5-10 15:36     # 54 31  161 38  77.25 1.34  0.0    7 35.5 25.9      3178
 3179 2021- 5-10 16:57     - 55 23  162 49   5.00 0.09  0.0    4 13.9 14.4      3179
 3180 2021- 5-10 17:49       55  5  162  5   4.18 0.14  0.0   14  0.5  0.8      3180
  SEQ ---DATE--- TIME REMARK -LAT-  --LON-  DEPTH  RMS PMAG  NUM  ERH  ERZ  ID
 3181 2021- 5-10 18:04       55 20  161 40  33.39 0.16  0.0    6  3.1  4.1      3181
 3182 2021- 5-10 18:20       55 19  161 47  18.87 0.00  0.0    4  3.0  1.4      3182
 3183 2021- 5-10 19:19     - 55 19  160 22   5.30 0.20  0.0    8  8.6 18.7      3183
 *** DISTANCE & RESIDUAL WEIGHTING CANCELLED FOR EVENT: 2021  5 10 19 59
 3184 2021- 5-10 19:59     - 55 43  161 51   5.87 1.09  0.0    4 38.5 83.1      3184
 *** DISTANCE & RESIDUAL WEIGHTING CANCELLED FOR EVENT: 2021  5 10 20 25
 3185 2021- 5-10 20:25     - 55 34  162 55   5.00 0.55  0.0    4 20.2 42.9      3185
 *** DISTANCE & RESIDUAL WEIGHTING CANCELLED FOR EVENT: 2021  5 10 20 40
 3186 2021- 5-10 20:40     # 55 26  161 56  39.65 0.65  0.0    5 21.4 13.6      3186
 3187 2021- 5-10 22:04     - 54 47  160 47   4.58 0.18  0.0   12  7.9 17.2      3187
 *** DISTANCE & RESIDUAL WEIGHTING CANCELLED FOR EVENT: 2021  5 10 22 49
 3188 2021- 5-10 22:49     - 55 34  160 59   5.00 0.42  0.0    5 15.4 33.4      3188
 3189 2021- 5-10 23:02     - 54 51  161 49   5.16 0.22  0.0    4 11.6 20.0      3189
 3190 2021- 5-11  1:42     - 54 55  161 34   8.87 0.36  0.0    9 13.2 23.5      3190
 3191 2021- 5-11  1:42     # 55  5  161 28   3.27 0.20  0.0    6 12.5  4.3      3191
 3192 2021- 5-11  2:04       55 19  161 41  14.95 0.12  0.0    6  3.7  1.4      3192
 *** DISTANCE & RESIDUAL WEIGHTING CANCELLED FOR EVENT: 2021  5 11  2 16
 3193 2021- 5-11  2:16     # 55 17  161 47  21.21 0.94  0.0    6 21.0  9.4      3193
 3194 2021- 5-11  3:42     - 55 52  162 56   4.58 0.05  0.0    4  6.2 11.8      3194
 3195 2021- 5-11  3:44       55 30  161 52  47.39 0.05  0.0    8  3.1  1.3      3195
  SEQ ---DATE--- TIME REMARK -LAT-  --LON-  DEPTH  RMS PMAG  NUM  ERH  ERZ  ID
 3196 2021- 5-11  3:46       55 31  161 44  39.38 0.15  0.0    7  2.4  1.6      3196
 3197 2021- 5-11  3:59     - 54 29  163  6  36.48 0.41  0.0    7 11.6 27.7      3197
 3198 2021- 5-11  4:00     - 54 23  161 38   4.74 0.12  0.0    7  6.9 14.5      3198
 3199 2021- 5-11  4:33     - 55 15  161 27  19.83 0.10  0.0    4  9.7  5.6      3199
 3200 2021- 5-11  7:17     - 55 22  162 15   6.50 0.11  0.0    5  1.7 15.6      3200
 3201 2021- 5-11  8:09     - 55 38  160 51  36.88 0.19  0.0    5 19.9 17.5      3201
 3202 2021- 5-11  9:51     - 54 32  161 41   4.30 0.21  0.0   14  8.0 17.0      3202
 *** DISTANCE & RESIDUAL WEIGHTING CANCELLED FOR EVENT: 2021  5 11 10 21
 3203 2021- 5-11 10:20     - 55 12  161 53   2.28 0.23  0.0    4  5.4 21.1      3203
 3204 2021- 5-11 10:22     - 54 42  160 53   4.95 0.16  0.0    7  7.7 16.4      3204
 3205 2021- 5-11 10:23     - 55 15  161 36   4.22 0.02  0.0    4  8.2 11.5      3205
 3206 2021- 5-11 11:04     - 55 12  162 14   4.66 0.09  0.0    4 14.7  2.3      3206
 3207 2021- 5-11 11:31     - 54 55  162 11   0.27 0.09  0.0    5  2.6 11.5      3207
 3208 2021- 5-11 12:39       55 19  161 51  23.88 0.05  0.0    6  2.0  2.9      3208
 3209 2021- 5-11 12:49     - 55 22  161 51  14.84 0.04  0.0    4  4.3 10.8      3209
 *** DISTANCE & RESIDUAL WEIGHTING CANCELLED FOR EVENT: 2021  5 11 13 57
 3210 2021- 5-11 13:57     # 55  9  161 60   5.00 2.68  0.0    5 74.1 45.4      3210
 *** DISTANCE & RESIDUAL WEIGHTING CANCELLED FOR EVENT: 2021  5 11 13 58
  SEQ ---DATE--- TIME REMARK -LAT-  --LON-  DEPTH  RMS PMAG  NUM  ERH  ERZ  ID
 3211 2021- 5-11 13:58     - 55 27  162 16   7.72 0.87  0.0    4  5.2 53.5      3211
 3212 2021- 5-11 14:50       55 24  161 50   4.93 0.07  0.0    5  1.9  5.6      3212
 3213 2021- 5-11 15:07     - 54 50  161  0  28.20 0.22  0.0   10 19.4  3.2      3213
 3214 2021- 5-11 15:08     - 55  9  160 55   5.04 0.12  0.0    7 13.2 16.0      3214
 *** DISTANCE & RESIDUAL WEIGHTING CANCELLED FOR EVENT: 2021  5 11 15  9
 3215 2021- 5-11 15:08     - 55 23  162  6   6.59 1.16  0.0    5 14.8 94.1      3215
 3216 2021- 5-11 15:18       55 27  161 51  23.10 0.34  0.0    8  3.9  4.8      3216
 3217 2021- 5-11 15:33     - 54 39  161  0  26.69 0.19  0.0   11 16.4  3.3      3217
 3218 2021- 5-11 15:33       54 45  161 23  14.11 0.11  0.0    5  9.7  2.1      3218
 3219 2021- 5-11 15:35     - 55 24  161 53  21.98 0.02  0.0    4  3.9 10.4      3219
 3220 2021- 5-11 15:39     - 54 57  161 13   9.19 0.13  0.0    5 14.7 15.6      3220
 3221 2021- 5-11 15:39     - 54 51  161 28  13.79 0.11  0.0    5 11.7  1.5      3221
 3222 2021- 5-11 17:07     # 55 16  161 54  53.52 0.17  0.0    7  6.0  1.9      3222
 3223 2021- 5-11 17:24       55 24  161 50   3.85 0.06  0.0    5  1.5  4.8      3223
 3224 2021- 5-11 17:33       55 20  161 16  16.97 0.03  0.0    5  4.7  1.2      3224
 3225 2021- 5-11 19:19       55 19  161 50  26.76 0.08  0.0    7  3.4  1.5      3225
  SEQ ---DATE--- TIME REMARK -LAT-  --LON-  DEPTH  RMS PMAG  NUM  ERH  ERZ  ID
 3226 2021- 5-11 19:54     - 55 24  161 49   0.82 0.07  0.0    5  1.1 10.4      3226
 3227 2021- 5-11 20:06       55 25  161 39  23.57 0.21  0.0    8  1.9  2.6      3227
 3228 2021- 5-11 20:10       55 18  161 55  23.31 0.22  0.0    7  3.8  1.7      3228
 3229 2021- 5-11 20:28     - 54 45  160 38  23.27 0.17  0.0   11 16.1  3.9      3229
 3230 2021- 5-11 20:28     - 54 41  160 20   6.27 0.28  0.0    9 19.0 13.3      3230
 3231 2021- 5-11 20:35     - 55  2  162 53   4.02 0.12  0.0    5  7.5 13.3      3231
 *** DISTANCE & RESIDUAL WEIGHTING CANCELLED FOR EVENT: 2021  5 11 20 36
 3232 2021- 5-11 20:36     - 55  8  161 53   0.01 0.34  0.0    4  9.7 23.7      3232
 *** DISTANCE & RESIDUAL WEIGHTING CANCELLED FOR EVENT: 2021  5 11 21 12
 3233 2021- 5-11 21:12     # 55  7  161 54  15.95 0.41  0.0    4  9.3  8.6      3233
 3234 2021- 5-11 21:13       55 15  162 15   2.83 0.03  0.0    5  1.8  3.2      3234
 *** DISTANCE & RESIDUAL WEIGHTING CANCELLED FOR EVENT: 2021  5 11 21 19
 3235 2021- 5-11 21:19     # 55  9  161 40   5.00 0.48  0.0    4 27.5  5.8      3235
 3236 2021- 5-11 21:49       55 22  161 45  16.06 0.21  0.0    7  2.1  3.8      3236
 *** DISTANCE & RESIDUAL WEIGHTING CANCELLED FOR EVENT: 2021  5 11 22 58
 3237 2021- 5-11 22:58     # 55 15  161 58  27.02 0.59  0.0    5  6.7  4.6      3237
 3238 2021- 5-11 23:08       54 49  161 12  29.10 0.23  0.0    9  5.1  1.6      3238
 3239 2021- 5-11 23:08     - 54 10  160 11   4.94 0.19  0.0    4 14.0 14.7      3239
 3240 2021- 5-11 23:16     - 55  2  162  9   1.30 0.07  0.0    4  0.9 13.7      3240
  SEQ ---DATE--- TIME REMARK -LAT-  --LON-  DEPTH  RMS PMAG  NUM  ERH  ERZ  ID
 3241 2021- 5-11 23:16       55  2  162 10   7.41 0.00  0.0    4  1.6  5.7      3241
 *** DISTANCE & RESIDUAL WEIGHTING CANCELLED FOR EVENT: 2021  5 12  0  0
 3242 2021- 5-12  0:00     # 55 15  162 14   4.99 0.58  0.0    4  6.8  3.3      3242
 *** DISTANCE & RESIDUAL WEIGHTING CANCELLED FOR EVENT: 2021  5 12  0 15
 3243 2021- 5-12  0:15     # 55 25  161 55   2.50 0.47  0.0    4  3.3 27.6      3243
 3244 2021- 5-12  0:42       55  8  162  3   4.79 0.01  0.0    4  3.6  1.5      3244
 3245 2021- 5-12  0:51       55 31  161 57  36.75 0.16  0.0    7  2.8  1.9      3245
 3246 2021- 5-12  1:20     - 55 10  162 24  10.02 0.11  0.0    5  1.9 15.0      3246
 3247 2021- 5-12  1:48     - 55 12  160 59   4.86 0.43  0.0    8 14.6 32.4      3247
 3248 2021- 5-12  2:04     # 54 55  162 11   0.02 0.12  0.0    7  2.1  6.1      3248
 3249 2021- 5-12  2:04       54 55  162 12   1.17 0.12  0.0    5  4.7  5.8      3249
 3250 2021- 5-12  2:29     - 55 25  160 53   5.06 0.03  0.0    4  6.3 11.5      3250
 3251 2021- 5-12  3:00     - 54 47  162 10   5.00 0.19  0.0    7 17.3 20.3      3251
 *** DISTANCE & RESIDUAL WEIGHTING CANCELLED FOR EVENT: 2021  5 12  3  0
 3252 2021- 5-12  3:00     # 54 58  162 22   8.23 0.91  0.0    7 13.3 11.3      3252
 3253 2021- 5-12  3:14     # 54 43  162  6  65.12 0.21  0.0    6  7.4  4.0      3253
 3254 2021- 5-12  3:14     - 54 52  161 53   5.35 0.11  0.0    5  7.1 14.3      3254
 3255 2021- 5-12  3:26       55 18  161 32  21.91 0.22  0.0    5  6.8  7.7      3255
  SEQ ---DATE--- TIME REMARK -LAT-  --LON-  DEPTH  RMS PMAG  NUM  ERH  ERZ  ID
 3256 2021- 5-12  4:44     - 55 18  162  0   1.42 0.15  0.0    5  2.0 13.5      3256
 3257 2021- 5-12  5:00     - 55 33  161 44   2.30 0.28  0.0    6  2.4 20.9      3257
 3258 2021- 5-12  5:19       55 28  161 52  33.39 0.11  0.0    8  2.6  1.8      3258
 *** DISTANCE & RESIDUAL WEIGHTING CANCELLED FOR EVENT: 2021  5 12  5 34
 3259 2021- 5-12  5:34     # 55 25  161 52  11.26 0.76  0.0    6  6.3 15.4      3259
 3260 2021- 5-12  6:28       55 17  161 54  16.03 0.08  0.0    5  1.5  0.9      3260
 *** DISTANCE & RESIDUAL WEIGHTING CANCELLED FOR EVENT: 2021  5 12  7 48
 3261 2021- 5-12  7:48     - 55 42  161 51   6.17 0.48  0.0    5 17.5 38.0      3261
 3262 2021- 5-12  8:26     - 54 58  161 32  21.02 0.14  0.0    5 15.4  4.2      3262
 *** DISTANCE & RESIDUAL WEIGHTING CANCELLED FOR EVENT: 2021  5 12  8 26
 3263 2021- 5-12  8:26     - 55  0  161 37  47.68 0.90  0.0    5 51.7 39.0      3263
 3264 2021- 5-12  8:56     - 55  9  161 39  82.69 0.26  0.0    9  8.8 20.2      3264
 3265 2021- 5-12  9:34     - 54 49  162 13   5.00 0.20  0.0    8 16.6  1.6      3265
 *** DISTANCE & RESIDUAL WEIGHTING CANCELLED FOR EVENT: 2021  5 12  9 34
 3266 2021- 5-12  9:34     - 54 59  162 35  18.94 0.15  0.0    5 14.5  4.5      3266
 3267 2021- 5-12  9:35     - 55 11  163 14   4.68 0.36  0.0    8 12.7 28.8      3267
 3268 2021- 5-12  9:38     # 55  1  162 13   3.66 0.05  0.0    5  0.5  1.6      3268
 3269 2021- 5-12 10:09     - 54 59  162 20   4.90 0.01  0.0    4 11.1  5.6      3269
 3270 2021- 5-12 10:22     - 55 25  161 50   0.59 0.15  0.0    5  0.7 14.3      3270
  SEQ ---DATE--- TIME REMARK -LAT-  --LON-  DEPTH  RMS PMAG  NUM  ERH  ERZ  ID
 3271 2021- 5-12 10:32       55 17  161 43  18.21 0.01  0.0    5  3.0  2.1      3271
 3272 2021- 5-12 10:33     - 54 29  161 45   3.89 0.19  0.0    8  8.6 18.1      3272
 3273 2021- 5-12 12:14     - 54 56  161 33  20.02 0.11  0.0    4 14.7  6.1      3273
 3274 2021- 5-12 12:14     - 54 46  161 23   5.25 0.15  0.0    5 11.4 17.7      3274
 3275 2021- 5-12 12:24     - 55 12  160 33   5.00 0.18  0.0    5 16.3 19.5      3275
 3276 2021- 5-12 12:24     - 54 53  160 37   4.99 0.12  0.0    4 14.0 14.7      3276
 3277 2021- 5-12 12:45       55 28  161 51  28.92 0.14  0.0    5  3.1  4.2      3277
 *** DISTANCE & RESIDUAL WEIGHTING CANCELLED FOR EVENT: 2021  5 12 13 58
 3278 2021- 5-12 13:58     - 55  8  161 57   4.44 0.15  0.0    4  6.0 14.9      3278
 *** DISTANCE & RESIDUAL WEIGHTING CANCELLED FOR EVENT: 2021  5 12 13 59
 3279 2021- 5-12 13:58     - 55 44  161 26   5.02 0.71  0.0    5 24.5 55.4      3279
 3280 2021- 5-12 15:08       55 25  161 40  11.80 0.12  0.0    6  1.2  4.4      3280
 3281 2021- 5-12 15:26       55 18  161 47  25.58 0.05  0.0    6  3.1  1.2      3281
 3282 2021- 5-12 15:37       55 29  161 45  38.93 0.16  0.0    7  3.3  4.0      3282
 3283 2021- 5-12 15:38     - 55  1  162  3   0.44 0.05  0.0    9  0.6 10.8      3283
 3284 2021- 5-12 16:20     - 54 50  161 10  30.34 0.16  0.0   10 15.7  1.9      3284
 3285 2021- 5-12 16:20     - 54 35  160 60   5.09 0.30  0.0    5 25.0 26.7      3285
  SEQ ---DATE--- TIME REMARK -LAT-  --LON-  DEPTH  RMS PMAG  NUM  ERH  ERZ  ID
 3286 2021- 5-12 17:02     - 54 39  161 57   5.00 0.10  0.0    6 11.9 14.8      3286
 3287 2021- 5-12 17:53     - 54 57  161  9  25.28 0.20  0.0    9 17.4  9.5      3287
 3288 2021- 5-12 17:53     - 54 46  161  9  28.21 0.17  0.0    6 14.0  7.8      3288
 *** DISTANCE & RESIDUAL WEIGHTING CANCELLED FOR EVENT: 2021  5 12 18  2
 3289 2021- 5-12 18:02     - 55 30  161 40   5.04 0.47  0.0    4  6.2 37.4      3289
 3290 2021- 5-12 18:14     # 55  3  161 49  35.27 0.16  0.0    6  6.6  2.0      3290
 3291 2021- 5-12 18:31     - 55 14  162 33   6.88 0.29  0.0    8  4.7 27.0      3291
 3292 2021- 5-12 20:26       55 19  161 41  20.39 0.00  0.0    4  6.6  3.4      3292
 3293 2021- 5-12 20:50     - 55  2  161 31  20.20 0.20  0.0    5 14.4  5.4      3293
 3294 2021- 5-12 20:51     # 55 16  162 11   4.18 0.29  0.0    5  2.2 16.5      3294
 3295 2021- 5-12 21:32     - 54 10  161 43   0.05 0.16  0.0    7 11.7 16.2      3295
 3296 2021- 5-12 21:33     - 54 56  162 46   4.18 0.02  0.0    4  9.9  4.9      3296
 3297 2021- 5-12 21:33     - 55 20  161 48   0.02 0.33  0.0    5  2.7 22.1      3297
 3298 2021- 5-12 21:42     - 54 53  161 56   4.18 0.05  0.0    5 12.1  3.4      3298
 3299 2021- 5-12 22:03     - 55  8  163 26   4.80 0.33  0.0    9 11.5 26.6      3299
 3300 2021- 5-12 22:06       54 55  162 11   2.92 0.06  0.0    7  1.8  1.4      3300
  SEQ ---DATE--- TIME REMARK -LAT-  --LON-  DEPTH  RMS PMAG  NUM  ERH  ERZ  ID
 3301 2021- 5-12 22:23     - 55 16  161 36   1.08 0.08  0.0    4 10.4 13.2      3301
 3302 2021- 5-12 22:24     - 55  3  161 53   5.87 0.07  0.0    4 13.3  1.5      3302
 3303 2021- 5-12 22:24     - 54 38  161 10  16.56 0.29  0.0    7 17.2 27.0      3303
 3304 2021- 5-12 23:02     - 54 58  162  9   0.07 0.16  0.0    6  1.7 13.5      3304
 3305 2021- 5-12 23:25     - 54 31  161  4   5.14 0.09  0.0    9  6.0 13.1      3305
 3306 2021- 5-13  1:35     - 55  1  161 19   0.19 0.09  0.0    5 12.5  4.4      3306
 3307 2021- 5-13  1:43     - 55 24  161 48   0.47 0.11  0.0    5  1.1 13.3      3307
 3308 2021- 5-13  1:58       55 27  161 51   7.47 0.25  0.0    6  1.7  4.1      3308
 3309 2021- 5-13  2:08       55 26  161 48  34.31 0.23  0.0    7  3.6  3.7      3309
 3310 2021- 5-13  2:15     - 55 31  161 37   6.29 0.13  0.0    7  7.1 14.9      3310
 3311 2021- 5-13  3:22     - 54 58  161 35  22.73 0.21  0.0    8 15.5  4.7      3311
 *** DISTANCE & RESIDUAL WEIGHTING CANCELLED FOR EVENT: 2021  5 13  3 22
 3312 2021- 5-13  3:22     - 55  9  161 57   0.54 0.53  0.0    4  4.0 45.2      3312
 3313 2021- 5-13  3:22     - 55  8  161 16   4.81 0.10  0.0    6  4.5 14.3      3313
 *** DISTANCE & RESIDUAL WEIGHTING CANCELLED FOR EVENT: 2021  5 13  4 20
 3314 2021- 5-13  4:20     # 55 21  161 23   5.01 0.29  0.0    5  4.7  1.6      3314
 3315 2021- 5-13  5:26     - 54 33  161 23  28.28 0.12  0.0    6  3.4 13.5      3315
 *** DISTANCE & RESIDUAL WEIGHTING CANCELLED FOR EVENT: 2021  5 13  5 29
  SEQ ---DATE--- TIME REMARK -LAT-  --LON-  DEPTH  RMS PMAG  NUM  ERH  ERZ  ID
 3316 2021- 5-13  5:29     # 55  3  162 13   4.99 0.35  0.0    4 13.8  2.7      3316
 3317 2021- 5-13  6:17     - 55  7  160 53   5.01 0.27  0.0   10 19.4 25.6      3317
 3318 2021- 5-13  6:17     - 55 60  162 14   5.03 0.47  0.0    5 36.8 40.5      3318
 3319 2021- 5-13  6:19       55 19  161 32  31.28 0.19  0.0    7  4.0  4.4      3319
 3320 2021- 5-13  6:40       55 16  161 38  16.09 0.09  0.0    7  1.7  3.3      3320
 3321 2021- 5-13  8:10       54 53  162 13   2.46 0.14  0.0    8  3.6  2.3      3321
 3322 2021- 5-13  8:10     # 54 54  162  5   0.04 0.56  0.0    4 28.8  6.1      3322
 *** DISTANCE & RESIDUAL WEIGHTING CANCELLED FOR EVENT: 2021  5 13  8 37
 3323 2021- 5-13  8:37     - 55 32  161 58   5.00 0.29  0.0    4 18.2 12.6      3323
 3324 2021- 5-13  8:54     - 55  5  161 25   2.91 0.21  0.0    5 21.0  7.0      3324
 3325 2021- 5-13  8:54     - 55 12  161 56   1.91 0.18  0.0    4  2.7 17.2      3325
 3326 2021- 5-13  9:29       54 56  162 12   3.79 0.13  0.0    6  1.6  3.5      3326
 3327 2021- 5-13  9:30     - 54 55  162 28   0.08 0.65  0.0    4 49.5 10.9      3327
 3328 2021- 5-13 11:39     - 54 26  162 32   4.26 0.21  0.0   13  9.0 19.5      3328
 *** DISTANCE & RESIDUAL WEIGHTING CANCELLED FOR EVENT: 2021  5 13 11 43
 3329 2021- 5-13 11:43     - 55  1  161 46   5.00 1.07  0.0    4 45.6 73.0      3329
 3330 2021- 5-13 11:47     - 54 45  161 13   4.86 0.33  0.0   13  9.8 20.3      3330
 *** DISTANCE & RESIDUAL WEIGHTING CANCELLED FOR EVENT: 2021  5 13 13  5
  SEQ ---DATE--- TIME REMARK -LAT-  --LON-  DEPTH  RMS PMAG  NUM  ERH  ERZ  ID
 3331 2021- 5-13 13:05     - 55 12  161 34   5.01 0.17  0.0    4 19.2  1.3      3331
 3332 2021- 5-13 13:16     - 54 60  161 32  24.79 0.16  0.0    7 14.6  4.0      3332
 3333 2021- 5-13 13:16     - 55  8  161 56  41.34 0.47  0.0    5 21.5 22.1      3333
 3334 2021- 5-13 13:31     - 55 28  161 41  16.77 0.06  0.0    4  9.6  9.3      3334
 3335 2021- 5-13 15:01     - 54 28  162 13   4.97 0.17  0.0    6  7.9 16.9      3335
 3336 2021- 5-13 15:18     - 54 42  161 48   4.90 0.17  0.0   15  6.0 12.5      3336
 3337 2021- 5-13 15:26       55 17  161 30   4.03 0.09  0.0    5  3.4  1.7      3337
 3338 2021- 5-13 19:11     - 55 20  163 11   4.86 0.15  0.0    4  7.0 16.2      3338
 *** DISTANCE & RESIDUAL WEIGHTING CANCELLED FOR EVENT: 2021  5 13 19 12
 3339 2021- 5-13 19:11     - 55 19  162 12   5.00 0.55  0.0    4 22.9 36.4      3339
 3340 2021- 5-13 21:06     - 54 43  162 19   5.01 0.17  0.0    7 17.3 18.8      3340
 *** DISTANCE & RESIDUAL WEIGHTING CANCELLED FOR EVENT: 2021  5 13 21  6
 3341 2021- 5-13 21:06     - 54 38  162  8   5.00 0.71  0.0    6 53.9 57.6      3341
 3342 2021- 5-14  2:07       55 15  161 30  20.39 0.13  0.0    8  7.2  3.1      3342
 3343 2021- 5-14  2:07     - 55 57  162 10   5.02 0.32  0.0    5 23.9 28.7      3343
 *** DISTANCE & RESIDUAL WEIGHTING CANCELLED FOR EVENT: 2021  5 14  8  0
 3344 2021- 5-14  7:59     - 55 29  161 40  13.49 3.99  0.0    4 93.8 55.8      3344
 *** DISTANCE & RESIDUAL WEIGHTING CANCELLED FOR EVENT: 2021  5 14  8 12
 3345 2021- 5-14  8:12     - 55 21  162 26   5.00 0.59  0.0    4 21.2 46.1      3345
  SEQ ---DATE--- TIME REMARK -LAT-  --LON-  DEPTH  RMS PMAG  NUM  ERH  ERZ  ID
 3346 2021- 5-14 10:49     - 55 14  160 60  17.93 0.22  0.0    7 14.8 19.1      3346
 3347 2021- 5-14 10:51     - 55 16  161 34  20.79 0.13  0.0    4  7.7 10.0      3347
 3348 2021- 5-14 12:16       55 22  161 46  16.47 0.13  0.0    6  2.9  1.2      3348
 3349 2021- 5-14 14:14     - 55  5  161 14  30.88 0.23  0.0    8 18.0  7.6      3349
 3350 2021- 5-14 14:14     - 54 51  160 33  27.52 0.34  0.0    8 24.2  4.9      3350
 3351 2021- 5-14 14:15     - 55 22  161 24   5.60 0.17  0.0    5  8.1 16.3      3351
 3352 2021- 5-14 16:42       55 21  161 44  17.38 0.13  0.0    7  2.3  1.1      3352
 3353 2021- 5-14 19:17     - 55 19  161 20   6.69 0.14  0.0    5  3.8 17.0      3353
 3354 2021- 5-14 20:59     - 54 34  161 51   5.29 0.53  0.0    7 16.9 41.4      3354
 *** DISTANCE & RESIDUAL WEIGHTING CANCELLED FOR EVENT: 2021  5 14 20 59
 3355 2021- 5-14 20:59     - 54 58  162 51   5.04 0.44  0.0    4 33.9 37.8      3355
 3356 2021- 5-14 22:27     - 54 24  161 32   4.55 0.40  0.0    9 14.7 31.2      3356
 3357 2021- 5-14 23:36     - 55 22  161 31   6.72 0.14  0.0    4  2.6 16.4      3357
 3358 2021- 5-15  0:02     - 55 25  161 29   5.27 0.18  0.0    4 19.2  3.4      3358
 3359 2021- 5-15  0:49     - 54 56  161  3  30.23 0.20  0.0    9 18.3  2.1      3359
 3360 2021- 5-15  0:49     - 54 49  160 55  25.24 0.23  0.0    8 16.4  3.6      3360
 *** DISTANCE & RESIDUAL WEIGHTING CANCELLED FOR EVENT: 2021  5 15  1 50
  SEQ ---DATE--- TIME REMARK -LAT-  --LON-  DEPTH  RMS PMAG  NUM  ERH  ERZ  ID
 3361 2021- 5-15  1:50     # 55 28  161 29   5.00 0.87  0.0    4 24.4  5.0      3361
 3362 2021- 5-15  2:01       55 17  161 27  23.51 0.07  0.0    5  3.2  4.7      3362
 3363 2021- 5-15  3:37     - 55  3  161 32   1.73 0.09  0.0    4 11.4  3.0      3363
 3364 2021- 5-15  3:42     - 55 23  161 50   0.09 0.88  0.0    8  2.5 58.4      3364
 3365 2021- 5-15  3:42     - 55  5  161  7   5.10 0.25  0.0    5 21.0 23.5      3365
 3366 2021- 5-15  3:49     - 55 23  161 24   6.76 0.25  0.0    5  3.4 24.2      3366
 3367 2021- 5-15  5:57     - 55 17  161  1   6.55 0.37  0.0    7  5.0 33.2      3367
 3368 2021- 5-15  6:21       54 40  160 44   6.13 0.16  0.0   17  2.5  4.7      3368
 *** DISTANCE & RESIDUAL WEIGHTING CANCELLED FOR EVENT: 2021  5 15  6 32
 3369 2021- 5-15  6:32     - 54 23  161 42   5.00 0.45  0.0    4 37.8 35.6      3369
 3370 2021- 5-15  6:37     - 54 41  161  8  21.31 0.14  0.0   11  3.7 13.8      3370
 3371 2021- 5-15  7:15     - 54 55  161 31  21.29 0.08  0.0    7 12.8  3.0      3371
 3372 2021- 5-15  7:15     - 55 22  161 23  39.59 0.03  0.0    5  7.9  6.7      3372
 3373 2021- 5-15  7:15       55 14  162 14   6.90 0.00  0.0    4  5.2  5.7      3373
 3374 2021- 5-15 10:36       54 55  161 24  16.71 0.08  0.0    7  9.0  0.8      3374
 3375 2021- 5-15 10:36       54 59  161 39  12.61 0.22  0.0    6  6.1  3.7      3375
 *** DISTANCE & RESIDUAL WEIGHTING CANCELLED FOR EVENT: 2021  5 15 11 14
  SEQ ---DATE--- TIME REMARK -LAT-  --LON-  DEPTH  RMS PMAG  NUM  ERH  ERZ  ID
 3376 2021- 5-15 11:14     - 54 20  162 32   5.00 0.44  0.0    4 38.4 34.9      3376
 *** DISTANCE & RESIDUAL WEIGHTING CANCELLED FOR EVENT: 2021  5 15 11 25
 3377 2021- 5-15 11:25     - 55 24  161 49  19.93 1.04  0.0    4 87.1 12.4      3377
 3378 2021- 5-15 13:02     - 54 38  160 41   5.05 0.16  0.0    9  7.4 16.3      3378
 3379 2021- 5-15 13:13     - 54 53  162  8   5.10 0.05  0.0    4  5.4 12.0      3379
 3380 2021- 5-15 13:13     - 55 37  161 37   5.00 0.10  0.0    4  3.2 14.7      3380
 3381 2021- 5-15 13:13     - 55  9  161  8   5.13 0.07  0.0    4  5.0 12.0      3381
 3382 2021- 5-15 13:35     - 55 24  161 52   0.75 0.10  0.0    5  0.8 10.8      3382
 3383 2021- 5-15 14:52       54 59  162 21   3.31 0.00  0.0    4  2.0  1.6      3383
 3384 2021- 5-15 15:36     - 55 20  161 11   4.59 0.08  0.0    5  5.9 12.8      3384
 3385 2021- 5-15 15:47       55 24  161 39  33.68 0.15  0.0    5  4.5  4.7      3385
 *** DISTANCE & RESIDUAL WEIGHTING CANCELLED FOR EVENT: 2021  5 15 18  0
 3386 2021- 5-15 18:00     - 55  7  162 58   5.00 1.00  0.0    6 32.1 76.1      3386
 3387 2021- 5-15 20:18     - 55  6  161  6  19.64 0.19  0.0    4 19.9 16.9      3387
 3388 2021- 5-15 20:18       55  9  161 55  38.78 0.14  0.0    4  8.1  8.4      3388
 3389 2021- 5-15 21:00     - 54 50  161 23  13.06 0.17  0.0    8 13.1  9.3      3389
 3390 2021- 5-15 21:01     - 54 54  161 31  16.98 0.33  0.0    7 21.5  1.6      3390
 *** DISTANCE & RESIDUAL WEIGHTING CANCELLED FOR EVENT: 2021  5 15 23 36
  SEQ ---DATE--- TIME REMARK -LAT-  --LON-  DEPTH  RMS PMAG  NUM  ERH  ERZ  ID
 3391 2021- 5-15 23:36     # 55 15  162 19   4.99 0.26  0.0    4  4.2  3.1      3391
 *** DISTANCE & RESIDUAL WEIGHTING CANCELLED FOR EVENT: 2021  5 16  0  0
 3392 2021- 5-15 23:59     - 55 14  162 52   5.00 0.99  0.0    4 69.7 83.1      3392
 3393 2021- 5-16  0:53       54 59  161 33  26.78 0.11  0.0    7  4.2  3.4      3393
 3394 2021- 5-16  0:53     - 54 56  161 18  24.78 0.03  0.0    4 11.8  3.3      3394
 3395 2021- 5-16  1:06     - 55  2  161 50   0.31 0.02  0.0    4  1.8 11.4      3395
 3396 2021- 5-16  1:09     - 55 10  162  5   5.94 0.13  0.0    6  7.1 15.2      3396
 3397 2021- 5-16  1:33     - 55 11  160 46  34.05 0.17  0.0    6  6.3 17.9      3397
 3398 2021- 5-16  2:20     # 55 11  161 56  22.13 0.06  0.0    5  5.0  5.0      3398
 3399 2021- 5-16  2:27     - 55 25  161 27   3.83 0.19  0.0    4  3.4 16.6      3399
 3400 2021- 5-16  4:52     - 55 25  161 21  11.59 0.05  0.0    4  4.6 10.3      3400
 3401 2021- 5-16  7:19     - 55 20  161 50  36.64 0.16  0.0    4 17.1 10.0      3401
 *** DISTANCE & RESIDUAL WEIGHTING CANCELLED FOR EVENT: 2021  5 16  8 16
 3402 2021- 5-16  8:16     - 55 11  162  5   4.99 0.26  0.0    4 24.8  1.6      3402
 3403 2021- 5-16  8:26     - 55 12  161 52   7.30 0.03  0.0    4  2.7 12.7      3403
 3404 2021- 5-16  8:26     # 55 43  161 56   5.01 1.06  0.0    4 43.6 34.5      3404
 3405 2021- 5-16  8:39     - 55 51  161 28   0.01 0.20  0.0    5  8.8 19.0      3405
  SEQ ---DATE--- TIME REMARK -LAT-  --LON-  DEPTH  RMS PMAG  NUM  ERH  ERZ  ID
 3406 2021- 5-16 13:25       55 17  161 29  25.29 0.06  0.0    5  3.8  3.9      3406
 3407 2021- 5-16 13:30       54 58  162 15   3.49 0.12  0.0    5  1.5  4.0      3407
 3408 2021- 5-16 13:53     - 55 26  161 52  11.85 0.12  0.0    4  2.2 11.4      3408
 3409 2021- 5-16 14:13       55 24  161 31  51.18 0.17  0.0    7  6.9  2.6      3409
 3410 2021- 5-16 14:18     - 54 18  162 24  36.37 0.07  0.0    7  5.7 10.6      3410
 3411 2021- 5-16 14:21     - 54 54  161  3  25.26 0.23  0.0    6 21.5 14.2      3411
 3412 2021- 5-16 14:21     - 54 57  161 24  23.37 0.08  0.0    6 12.1  2.3      3412
 3413 2021- 5-16 15:47     - 54 47  161  4  33.57 0.23  0.0    9 19.3 21.5      3413
 3414 2021- 5-16 15:48     - 54 46  161 27   5.01 0.16  0.0    4 16.3 17.9      3414
 3415 2021- 5-16 16:14     - 56  9  161 17   5.19 0.07  0.0    4  6.9 12.5      3415
 3416 2021- 5-16 16:14       55 11  161 47  14.21 0.00  0.0    4  4.3  2.7      3416
 *** DISTANCE & RESIDUAL WEIGHTING CANCELLED FOR EVENT: 2021  5 16 16 17
 3417 2021- 5-16 16:17     # 55 17  162 17   5.00 2.15  0.0    6 36.5  9.1      3417
 *** DISTANCE & RESIDUAL WEIGHTING CANCELLED FOR EVENT: 2021  5 16 17 40
 3418 2021- 5-16 17:40     - 55 16  162  5   4.85 0.24  0.0    4  4.4 17.3      3418
 3419 2021- 5-16 18:12     - 54 60  162 18   1.66 0.07  0.0    5  3.4 13.1      3419
 3420 2021- 5-16 18:12     - 54 60  162 18   1.28 0.07  0.0    5  3.5 13.2      3420
 *** DISTANCE & RESIDUAL WEIGHTING CANCELLED FOR EVENT: 2021  5 16 18 18
  SEQ ---DATE--- TIME REMARK -LAT-  --LON-  DEPTH  RMS PMAG  NUM  ERH  ERZ  ID
 3421 2021- 5-16 18:18     # 55 11  161 50   5.82 0.10  0.0    4  5.8  2.6      3421
 3422 2021- 5-16 18:18       55  5  161 26  16.65 0.00  0.0    4  7.6  0.7      3422
 3423 2021- 5-16 18:54     - 54 52  161  4  29.42 0.16  0.0    7 17.0  2.0      3423
 3424 2021- 5-16 18:54     - 54 44  161  1  32.36 0.11  0.0    5 13.4 15.5      3424
 3425 2021- 5-16 20:19       55 24  161 46  30.66 0.27  0.0    9  3.7  3.4      3425
 3426 2021- 5-16 21:36     - 55  0  161 13  22.04 0.24  0.0    9 18.8 10.4      3426
 3427 2021- 5-16 21:36     - 54 45  160 38  22.22 0.26  0.0    9 18.8  5.4      3427
 3428 2021- 5-16 21:59     # 55 21  161 22  29.00 0.21  0.0    8  4.3  3.2      3428
 *** DISTANCE & RESIDUAL WEIGHTING CANCELLED FOR EVENT: 2021  5 16 22 14
 3429 2021- 5-16 22:14     # 55 28  161 33  14.69 1.25  0.0    6 13.9 27.9      3429
 *** DISTANCE & RESIDUAL WEIGHTING CANCELLED FOR EVENT: 2021  5 16 22 26
 3430 2021- 5-16 22:26     # 55 25  161 56  13.26 2.49  0.0    5 31.1 23.8      3430
 3431 2021- 5-16 23:43     - 54 24  161 36  46.89 0.64  0.0    5 27.0 38.0      3431
 3432 2021- 5-17  0:24     - 55 33  163 12   5.14 0.40  0.0    4 15.2 31.7      3432
 3433 2021- 5-17  0:38     - 55 23  161 47  17.88 0.02  0.0    5  4.9  9.9      3433
 3434 2021- 5-17  0:47     - 55 17  162  6   5.02 0.24  0.0    4  0.8 20.7      3434
 3435 2021- 5-17  0:47     - 55 22  162 20   3.74 0.07  0.0    4 10.9  8.5      3435
  SEQ ---DATE--- TIME REMARK -LAT-  --LON-  DEPTH  RMS PMAG  NUM  ERH  ERZ  ID
 3436 2021- 5-17  0:52     - 54 40  162 25   5.07 0.19  0.0    6 17.5 18.4      3436
 *** DISTANCE & RESIDUAL WEIGHTING CANCELLED FOR EVENT: 2021  5 17  3 27
 3437 2021- 5-17  3:27     # 55  6  162 11  26.37 1.19  0.0    4 36.8 51.5      3437
 3438 2021- 5-17  4:38     - 54 56  162 57   6.17 0.13  0.0    6  6.5 14.1      3438
 3439 2021- 5-17  5:10     - 55 28  161 19   5.00 0.14  0.0    4 12.8 16.9      3439
 3440 2021- 5-17  5:41       55 24  161 47  14.01 0.06  0.0    5  3.8  6.8      3440
 3441 2021- 5-17  6:02     - 54 57  161 12  29.58 0.23  0.0    8 19.1 11.7      3441
 3442 2021- 5-17  6:02     - 55  1  161 29  28.75 0.03  0.0    6  8.8  3.1      3442
 3443 2021- 5-17  8:16     - 55 24  161 53   0.24 0.17  0.0    6  0.9 14.2      3443
 3444 2021- 5-17  8:24     - 54 33  161 27   5.16 0.01  0.0    5  5.0 11.0      3444
 3445 2021- 5-17  9:02     - 54 31  161 40   4.62 0.25  0.0    7  9.9 21.5      3445
 3446 2021- 5-17  9:36     - 55 17  162  3   0.44 0.19  0.0    7  1.9 17.6      3446
 3447 2021- 5-17 10:19     # 54 42  161 49   1.84 0.20  0.0   17  1.0  1.7      3447
 *** DISTANCE & RESIDUAL WEIGHTING CANCELLED FOR EVENT: 2021  5 17 10 19
 3448 2021- 5-17 10:19     # 55 18  161 48   4.99 0.76  0.0    4 24.4  5.8      3448
 3449 2021- 5-17 10:36     - 54 60  161 36  24.73 0.08  0.0    6 12.0  4.8      3449
 3450 2021- 5-17 12:51     - 54 51  160 21   4.98 0.16  0.0   11  7.6 16.6      3450
  SEQ ---DATE--- TIME REMARK -LAT-  --LON-  DEPTH  RMS PMAG  NUM  ERH  ERZ  ID
 3451 2021- 5-17 13:21     - 54 48  161 15  30.15 0.19  0.0   10 14.6  1.9      3451
 3452 2021- 5-17 13:20     - 54 17  160 23   4.97 0.20  0.0    9 14.1 12.6      3452
 3453 2021- 5-17 13:22     - 54 60  162 23   2.38 0.04  0.0    5 10.6  3.1      3453
 *** DISTANCE & RESIDUAL WEIGHTING CANCELLED FOR EVENT: 2021  5 17 13 22
 3454 2021- 5-17 13:22     - 54 50  162 34  14.30 1.50  0.0    5 98.4 10.7      3454
 *** DISTANCE & RESIDUAL WEIGHTING CANCELLED FOR EVENT: 2021  5 17 13 34
 3455 2021- 5-17 13:34     - 54 56  161 31  49.63 0.65  0.0    5 44.1 29.0      3455
 *** DISTANCE & RESIDUAL WEIGHTING CANCELLED FOR EVENT: 2021  5 17 14 22
 3456 2021- 5-17 14:22     - 54 59  162 56   4.79 0.07  0.0    4 10.6 12.5      3456
 3457 2021- 5-17 16:10     - 54 49  161 11  29.93 0.21  0.0   10 19.3  2.4      3457
 3458 2021- 5-17 16:11     - 54 53  161 19   5.02 0.12  0.0    5 11.7 15.7      3458
 *** DISTANCE & RESIDUAL WEIGHTING CANCELLED FOR EVENT: 2021  5 17 16 11
 3459 2021- 5-17 16:11     - 54 55  162 28   5.05 0.39  0.0    4 30.7 34.2      3459
 3460 2021- 5-17 16:22     - 55  4  161 54   8.89 0.04  0.0    5  2.4 12.2      3460
 3461 2021- 5-17 16:53     - 54 29  162 22   4.38 0.09  0.0    6  6.0 13.0      3461
 3462 2021- 5-17 16:59     - 54 49  161 15  33.13 0.19  0.0   10 16.3 19.1      3462
 3463 2021- 5-17 16:59     - 55  8  160 46   5.04 0.13  0.0    5 14.4 15.2      3463
 3464 2021- 5-17 17:14     - 54 49  161  8  28.64 0.20  0.0    9 18.6  2.5      3464
 3465 2021- 5-17 17:15       55  4  161 53   4.03 0.03  0.0    5  2.5  1.1      3465
  SEQ ---DATE--- TIME REMARK -LAT-  --LON-  DEPTH  RMS PMAG  NUM  ERH  ERZ  ID
 3466 2021- 5-17 17:44     - 55 18  161 42  41.69 0.01  0.0    4 12.5  1.5      3466
 3467 2021- 5-17 17:57     - 55 48  161 48   4.01 0.02  0.0    4  5.3 11.4      3467
 3468 2021- 5-17 19:28     # 54 56  162  0  40.07 1.90  0.0    6 43.3 21.9      3468
 *** DISTANCE & RESIDUAL WEIGHTING CANCELLED FOR EVENT: 2021  5 17 20 28
 3469 2021- 5-17 20:27     - 55 23  162 22   5.08 0.35  0.0    4  6.4 29.4      3469
 3470 2021- 5-17 20:27       54 60  162 13   5.01 0.07  0.0    5  1.4  5.9      3470
 3471 2021- 5-17 21:59     - 54 33  161 35   4.56 0.40  0.0   11 13.6 29.6      3471
 3472 2021- 5-17 23:49     - 54 57  161 31   6.28 0.02  0.0    4  6.8 10.5      3472
 3473 2021- 5-17 23:49     - 55 15  160 26  36.23 0.20  0.0    5  6.1 19.5      3473
 3474 2021- 5-18  1:36     - 54 53  160 45  54.97 0.16  0.0    5 16.1  8.7      3474
 3475 2021- 5-18  2:09       55 22  161 47  23.30 0.18  0.0    6  3.8  3.5      3475
 3476 2021- 5-18  2:18     - 55 15  163 16   5.34 0.23  0.0    6 10.5 20.4      3476
 3477 2021- 5-18  2:18     - 54 26  161 31   4.89 0.14  0.0    9  7.1 15.3      3477
 3478 2021- 5-18  2:51     - 54 42  161 48   4.94 0.10  0.0    7  5.8 12.2      3478
 3479 2021- 5-18  3:55     - 55 11  160 57   6.72 0.29  0.0   11  2.3 27.4      3479
 *** DISTANCE & RESIDUAL WEIGHTING CANCELLED FOR EVENT: 2021  5 18  3 56
 3480 2021- 5-18  3:56     # 55  1  161 38   5.00 4.11  0.0    4 39.7 20.4      3480
  SEQ ---DATE--- TIME REMARK -LAT-  --LON-  DEPTH  RMS PMAG  NUM  ERH  ERZ  ID
 3481 2021- 5-18  3:59     - 54 59  161 29   4.08 0.05  0.0    5  5.6 11.9      3481
 3482 2021- 5-18  4:31       55 17  162 10  16.30 0.00  0.0    4  2.2  3.7      3482
 3483 2021- 5-18  4:49     - 55 27  161 56  13.33 0.20  0.0    7 11.5 10.7      3483
 3484 2021- 5-18  5:08     - 55 23  161 53   0.19 0.02  0.0    6  0.6  9.8      3484
 3485 2021- 5-18  5:27       55 15  161 47  16.48 0.08  0.0    5  1.2  1.4      3485
 3486 2021- 5-18  5:42     - 54 57  162 33  19.82 0.04  0.0    5 10.0  5.9      3486
 3487 2021- 5-18  7:19       55 13  161 50  36.78 0.20  0.0    6  7.3  3.5      3487
 *** DISTANCE & RESIDUAL WEIGHTING CANCELLED FOR EVENT: 2021  5 18  8 35
 3488 2021- 5-18  8:35     - 55  7  161 51   5.55 0.88  0.0    5 31.0 67.6      3488
 3489 2021- 5-18  8:49     - 55 46  161 44   3.68 0.18  0.0    5  8.3 17.9      3489
 *** DISTANCE & RESIDUAL WEIGHTING CANCELLED FOR EVENT: 2021  5 18  9 12
 3490 2021- 5-18  9:12     # 54 60  162  3   5.00 2.02  0.0    5 17.2 13.9      3490
 3491 2021- 5-18  9:37     - 54 59  161 36  25.27 0.16  0.0    7 13.1  4.7      3491
 3492 2021- 5-18  9:37     - 55 47  162 50   4.99 0.07  0.0    4  5.1 13.0      3492
 3493 2021- 5-18  9:47     - 54 50  161 17  32.27 0.23  0.0   11 16.4  1.6      3493
 3494 2021- 5-18  9:47     - 54 37  160 51  23.38 0.34  0.0    8 23.6  5.3      3494
 3495 2021- 5-18 10:42     - 55  9  162 18   7.48 0.05  0.0    4  2.3 13.2      3495
 *** DISTANCE & RESIDUAL WEIGHTING CANCELLED FOR EVENT: 2021  5 18 10 48
  SEQ ---DATE--- TIME REMARK -LAT-  --LON-  DEPTH  RMS PMAG  NUM  ERH  ERZ  ID
 3496 2021- 5-18 10:48     - 54 47  161  5   5.00 0.41  0.0    6 34.0 34.9      3496
 3497 2021- 5-18 10:48       55 18  161 25  18.67 0.00  0.0    4  3.7  1.8      3497
 3498 2021- 5-18 11:07       55 22  161 55  25.27 0.11  0.0    8  1.4  1.0      3498
 3499 2021- 5-18 11:18     - 55 14  163 27   5.03 0.14  0.0    5  7.1 15.3      3499
 3500 2021- 5-18 11:18     - 55 25  162 58   4.90 0.09  0.0    4  6.3 13.3      3500
 3501 2021- 5-18 11:21       55  9  161 38  37.97 0.00  0.0    4  7.6  3.5      3501
 3502 2021- 5-18 12:47     - 55 16  162 14   0.30 0.13  0.0    7  1.8 14.5      3502
 3503 2021- 5-18 13:38     - 55 44  161 22   5.03 0.02  0.0    6  7.5 12.5      3503
 3504 2021- 5-18 14:04       55 14  161 47  29.96 0.03  0.0    5  4.2  2.9      3504
 3505 2021- 5-18 14:11       55 35  161 53  24.92 0.43  0.0    7  4.8  9.1      3505
 3506 2021- 5-18 15:45       55 27  161 53  29.28 0.11  0.0   14  1.3  0.8      3506
 3507 2021- 5-18 15:49       55 26  161 51  29.70 0.06  0.0    6  1.9  1.1      3507
 3508 2021- 5-18 15:59       55 12  161 60  50.84 0.06  0.0    6  5.6  2.5      3508
 3509 2021- 5-18 17:28       55 43  161 55   3.92 0.13  0.0    6  4.5  1.9      3509
 3510 2021- 5-18 17:33     - 55  4  160 59   5.25 0.23  0.0   18  7.2 15.0      3510
  SEQ ---DATE--- TIME REMARK -LAT-  --LON-  DEPTH  RMS PMAG  NUM  ERH  ERZ  ID
 3511 2021- 5-18 18:08       55 25  161 12  21.82 0.29  0.0    6  5.2  9.1      3511
 *** DISTANCE & RESIDUAL WEIGHTING CANCELLED FOR EVENT: 2021  5 18 18 54
 3512 2021- 5-18 18:54     - 55 11  161 53   6.56 4.15  0.0    4 96.0 75.0      3512
 *** DISTANCE & RESIDUAL WEIGHTING CANCELLED FOR EVENT: 2021  5 18 20 29
 3513 2021- 5-18 20:29     - 55 54  162 11   5.00 0.19  0.0    5  8.5 18.3      3513
 3514 2021- 5-18 20:29     - 55  6  163 33   4.78 0.10  0.0    4  6.4 13.7      3514
 *** DISTANCE & RESIDUAL WEIGHTING CANCELLED FOR EVENT: 2021  5 18 21 56
 3515 2021- 5-18 21:56     - 55 10  161 57  36.23 0.02  0.0    4 12.5  2.3      3515
 3516 2021- 5-18 23:28     - 54 57  161 13  31.86 0.24  0.0    9 17.8  1.4      3516
 3517 2021- 5-18 23:28     - 54 52  160 56  31.39 0.37  0.0    8 26.5  3.0      3517
 3518 2021- 5-19  0:58     - 54 40  161 11   4.83 0.32  0.0   13 10.6 22.3      3518
 *** DISTANCE & RESIDUAL WEIGHTING CANCELLED FOR EVENT: 2021  5 19  3  5
 3519 2021- 5-19  3:05     - 55  1  162 19   0.01 0.30  0.0    4 11.7 18.5      3519
 3520 2021- 5-19  4:16     - 54 55  163  3   5.16 0.47  0.0    8 14.9 34.0      3520
 *** DISTANCE & RESIDUAL WEIGHTING CANCELLED FOR EVENT: 2021  5 19  4 20
 3521 2021- 5-19  4:20     - 54 57  163  5   5.00 1.45  0.0    7 42.1 89.6      3521
 3522 2021- 5-19  9:51     - 54 56  161 34  52.75 0.21  0.0    7 16.6 11.2      3522
 3523 2021- 5-19  9:51     - 54 49  161  9   5.05 0.12  0.0    6 13.1 15.9      3523
 3524 2021- 5-19 11:27       54 41  160 43   9.11 0.16  0.0   16  1.3  1.1      3524
 3525 2021- 5-19 13:17     - 54 59  161 23   9.71 0.18  0.0    4 14.4 15.4      3525
  SEQ ---DATE--- TIME REMARK -LAT-  --LON-  DEPTH  RMS PMAG  NUM  ERH  ERZ  ID
 3526 2021- 5-19 13:17     - 55 12  161 57   6.52 0.05  0.0    5  1.1 11.4      3526
 3527 2021- 5-19 13:32     - 55 12  161 30   7.23 0.06  0.0    4 12.0 12.9      3527
 *** DISTANCE & RESIDUAL WEIGHTING CANCELLED FOR EVENT: 2021  5 19 13 33
 3528 2021- 5-19 13:32     - 54 59  160 43  17.10 0.64  0.0    4 51.4 54.7      3528
 3529 2021- 5-19 19:05       55 19  161 37   6.00 0.00  0.0    4  8.7  0.9      3529
 *** DISTANCE & RESIDUAL WEIGHTING CANCELLED FOR EVENT: 2021  5 19 20 35
 3530 2021- 5-19 20:35     # 55 13  161 49   5.00 0.95  0.0    4 20.4  5.7      3530
 3531 2021- 5-19 20:35     - 55  4  161  4   5.01 0.19  0.0    5 14.4 20.2      3531
 3532 2021- 5-20  4:12     - 55 18  161 47   2.74 0.05  0.0    4  2.0 12.8      3532
 3533 2021- 5-20  4:12     # 55 24  161 51   0.31 0.28  0.0    5  1.6 17.1      3533
 *** DISTANCE & RESIDUAL WEIGHTING CANCELLED FOR EVENT: 2021  5 20  5 19
 3534 2021- 5-20  5:19     # 54 54  162 28   9.05 0.56  0.0    5  9.8  8.0      3534
 *** DISTANCE & RESIDUAL WEIGHTING CANCELLED FOR EVENT: 2021  5 20  5 19
 3535 2021- 5-20  5:19     # 54 53  162 37   5.00 1.71  0.0    5 33.1  6.3      3535
 3536 2021- 5-20  8:39     - 55 12  163 27   1.97 0.56  0.0   12 20.2 42.2      3536
 3537 2021- 5-20  9:10     - 55  0  161 22  15.76 0.17  0.0    6 15.1  1.9      3537
 *** DISTANCE & RESIDUAL WEIGHTING CANCELLED FOR EVENT: 2021  5 20  9 10
 3538 2021- 5-20  9:10     # 55  8  161 41  19.09 0.75  0.0    5 31.9 17.6      3538
 3539 2021- 5-20 11:01     - 55 15  163 21   4.98 0.44  0.0    9 16.3 33.0      3539
 3540 2021- 5-20 11:01     - 55 22  161 54   0.96 0.15  0.0    4  0.9 14.6      3540
  SEQ ---DATE--- TIME REMARK -LAT-  --LON-  DEPTH  RMS PMAG  NUM  ERH  ERZ  ID
 3541 2021- 5-20 11:15     - 54 56  162 14   2.51 0.04  0.0    4  3.2  9.7      3541
 *** DISTANCE & RESIDUAL WEIGHTING CANCELLED FOR EVENT: 2021  5 20 11 16
 3542 2021- 5-20 11:16     # 55 21  162 28   5.00 0.65  0.0    4  8.0  6.3      3542
 *** DISTANCE & RESIDUAL WEIGHTING CANCELLED FOR EVENT: 2021  5 20 14 22
 3543 2021- 5-20 14:22     - 55 15  161 38   6.61 0.45  0.0    4 39.2 35.9      3543
 3544 2021- 5-20 16:56     - 54 34  162  4   4.92 0.07  0.0    6  5.7 12.3      3544
 3545 2021- 5-20 17:53     - 54 39  161 18  22.87 0.18  0.0   10 15.1  3.2      3545
 3546 2021- 5-20 17:53     - 54 24  160 54   1.74 0.21  0.0    9 15.2 10.6      3546
 3547 2021- 5-20 19:41       55 18  161 54  17.78 0.05  0.0    6  3.0  1.9      3547
 *** DISTANCE & RESIDUAL WEIGHTING CANCELLED FOR EVENT: 2021  5 20 20 17
 3548 2021- 5-20 20:17     - 55 10  161 31   5.02 0.18  0.0    4 19.8 18.0      3548
 3549 2021- 5-20 20:53     - 54 49  161  8  28.15 0.19  0.0    9 17.1  3.7      3549
 3550 2021- 5-20 20:53     - 54 56  161 19   6.06 0.17  0.0    6 11.0 18.7      3550
 3551 2021- 5-20 22:38     - 55  5  161 24  15.10 0.10  0.0    4 14.8  5.5      3551
 *** DISTANCE & RESIDUAL WEIGHTING CANCELLED FOR EVENT: 2021  5 20 22 38
 3552 2021- 5-20 22:38     # 55 17  162  4  13.72 0.48  0.0    5  2.7  5.7      3552
 3553 2021- 5-20 23:05     - 54 34  161 17  17.57 0.15  0.0   13  1.5 17.3      3553
 3554 2021- 5-20 23:27     - 54 28  161 45   4.74 0.23  0.0    7  9.4 20.0      3554
 *** DISTANCE & RESIDUAL WEIGHTING CANCELLED FOR EVENT: 2021  5 21  0  1
 3555 2021- 5-21  0:01     - 55 20  162 11   7.30 0.27  0.0    5  4.1 24.8      3555
  SEQ ---DATE--- TIME REMARK -LAT-  --LON-  DEPTH  RMS PMAG  NUM  ERH  ERZ  ID
 3556 2021- 5-21  1:00     - 54 57  161 22  17.01 0.16  0.0    5 14.3 14.5      3556
 3557 2021- 5-21  1:06     - 55 13  162 18   4.61 0.01  0.0    4  6.6 10.5      3557
 *** DISTANCE & RESIDUAL WEIGHTING CANCELLED FOR EVENT: 2021  5 21  1  7
 3558 2021- 5-21  1:07     # 55  9  162 53  16.15 0.00  0.0    4  2.7  0.7      3558
 *** DISTANCE & RESIDUAL WEIGHTING CANCELLED FOR EVENT: 2021  5 21  1 48
 3559 2021- 5-21  1:48     # 55  3  162 10   5.00 3.79  0.0    4 44.8 28.7      3559
 3560 2021- 5-21  3:21     - 54 43  161 39   5.10 0.13  0.0    7 11.1 16.3      3560
 3561 2021- 5-21  3:21     - 54 43  161 41   5.02 0.19  0.0    8  7.0 19.9      3561
 *** DISTANCE & RESIDUAL WEIGHTING CANCELLED FOR EVENT: 2021  5 21  4 48
 3562 2021- 5-21  4:48     # 55 21  162  3   5.00 0.49  0.0    5  3.4 21.2      3562
 3563 2021- 5-21  7:37     - 55 15  161 38   1.94 0.10  0.0    4 14.9 10.7      3563
 3564 2021- 5-21 11:05     - 55 10  161 26   0.06 0.22  0.0    4 15.4  5.2      3564
 3565 2021- 5-21 11:05     - 55  2  160 52   5.03 0.13  0.0    4 14.6 15.9      3565
 3566 2021- 5-21 14:50     - 54 36  161 16   5.03 0.18  0.0   17  7.0 14.9      3566
 *** DISTANCE & RESIDUAL WEIGHTING CANCELLED FOR EVENT: 2021  5 21 15 29
 3567 2021- 5-21 15:29     - 55 16  161 39  17.05 0.41  0.0    4 36.3  4.0      3567
 3568 2021- 5-21 15:43     - 55 15  161  2  38.99 0.12  0.0    9 12.5  4.6      3568
 3569 2021- 5-21 15:43     - 55 55  162  9   5.19 0.09  0.0    4 10.5 14.4      3569
 *** DISTANCE & RESIDUAL WEIGHTING CANCELLED FOR EVENT: 2021  5 21 16 26
 3570 2021- 5-21 16:26     - 55 14  162 40   7.91 1.75  0.0    4 15.9 98.5      3570
  SEQ ---DATE--- TIME REMARK -LAT-  --LON-  DEPTH  RMS PMAG  NUM  ERH  ERZ  ID
 3571 2021- 5-21 16:55     - 54 56  162 12   0.41 0.02  0.0    4  2.4 12.1      3571
 3572 2021- 5-21 19:31     - 55  3  160 55  18.97 0.16  0.0    8  1.4 14.7      3572
 3573 2021- 5-21 21:43     - 55 14  160 23   5.04 0.28  0.0   11 10.8 23.3      3573
 3574 2021- 5-21 23:33     - 54 48  163 40   4.55 0.13  0.0    4  6.9 15.0      3574
 3575 2021- 5-22  3:41     - 54 26  162 18   4.09 0.36  0.0    9 13.8 29.8      3575
 3576 2021- 5-22  5:03     - 55 18  161 38   4.86 0.02  0.0    4  9.2  1.1      3576
 3577 2021- 5-22  6:12     - 55 54  163  0   2.86 0.19  0.0    5  8.5 18.4      3577
 3578 2021- 5-22  9:06     - 54 41  162 32   5.04 0.11  0.0    6  6.6 14.1      3578
 3579 2021- 5-22  9:23     - 54 56  162 43   6.78 0.00  0.0    4  2.5 12.5      3579
 *** DISTANCE & RESIDUAL WEIGHTING CANCELLED FOR EVENT: 2021  5 22 11 47
 3580 2021- 5-22 11:47     - 55 11  161 33   8.78 0.58  0.0    4 49.8 30.4      3580
 3581 2021- 5-22 12:36       55 12  161 35  22.38 0.00  0.0    4  5.0  5.3      3581
 3582 2021- 5-22 15:51       54 39  160 44  11.01 0.12  0.0    9  1.6  1.1      3582
 *** DISTANCE & RESIDUAL WEIGHTING CANCELLED FOR EVENT: 2021  5 22 16 17
 3583 2021- 5-22 16:17     # 55  1  162 15   4.30 0.38  0.0    6 13.3  7.6      3583
 3584 2021- 5-22 17:06     - 54 58  161 30  19.16 0.16  0.0    7 13.4  4.4      3584
 3585 2021- 5-22 17:06     - 55 11  161  4   4.35 0.19  0.0    5  6.6 19.1      3585
  SEQ ---DATE--- TIME REMARK -LAT-  --LON-  DEPTH  RMS PMAG  NUM  ERH  ERZ  ID
 3586 2021- 5-22 18:27     - 54 56  162 26   0.03 0.51  0.0    4 42.6 14.5      3586
 3587 2021- 5-22 18:30     - 55 49  161 22   5.00 0.14  0.0    5 12.5 17.0      3587
 3588 2021- 5-22 19:07     - 55 24  161 38   0.91 0.13  0.0    4  2.2 12.2      3588
 *** DISTANCE & RESIDUAL WEIGHTING CANCELLED FOR EVENT: 2021  5 22 19 13
 3589 2021- 5-22 19:13     # 55 19  161 37  12.08 0.20  0.0    4 13.0  3.3      3589
 3590 2021- 5-22 19:35     - 54 43  160 50  24.60 0.21  0.0   11 17.8  4.4      3590
 3591 2021- 5-22 19:35     - 54 34  160 45  33.93 0.44  0.0    8 33.5 37.8      3591
 3592 2021- 5-22 19:41     - 54 55  161  6   5.00 0.19  0.0    5 18.6 19.7      3592
 *** DISTANCE & RESIDUAL WEIGHTING CANCELLED FOR EVENT: 2021  5 22 19 41
 3593 2021- 5-22 19:41     - 54 58  161  7  26.75 0.44  0.0    4 36.7 29.5      3593
 3594 2021- 5-22 22:37     - 55 13  161 52   2.26 0.25  0.0    5  3.5 18.2      3594
 3595 2021- 5-22 22:37     - 55  9  160 59   5.06 0.17  0.0    4 16.3 17.1      3595
 *** DISTANCE & RESIDUAL WEIGHTING CANCELLED FOR EVENT: 2021  5 23  0  0
 3596 2021- 5-22 23:59     # 55 21  162  2   5.00 2.08  0.0    5 33.5 22.9      3596
 3597 2021- 5-23  0:08     - 55  1  161 43  18.47 0.23  0.0    6 17.1  4.8      3597
 *** DISTANCE & RESIDUAL WEIGHTING CANCELLED FOR EVENT: 2021  5 23  0  9
 3598 2021- 5-23  0:08     - 54 57  161 37  25.67 0.41  0.0    5 27.5  8.9      3598
 3599 2021- 5-23  1:22     - 55  1  161 22  25.20 0.24  0.0    9 16.8  6.5      3599
 *** DISTANCE & RESIDUAL WEIGHTING CANCELLED FOR EVENT: 2021  5 23  1 23
 3600 2021- 5-23  1:23     - 55 13  161 55   2.36 0.45  0.0    4  5.6 34.6      3600
  SEQ ---DATE--- TIME REMARK -LAT-  --LON-  DEPTH  RMS PMAG  NUM  ERH  ERZ  ID
 3601 2021- 5-23  2:13     - 54 53  162 20  67.77 0.12  0.0    4  5.9 13.8      3601
 3602 2021- 5-23  3:56     - 55 11  163 18   6.63 1.07  0.0   12  6.1 89.6      3602
 3603 2021- 5-23  4:29     - 54 46  161 42   5.00 0.10  0.0    4 11.0 15.2      3603
 *** DISTANCE & RESIDUAL WEIGHTING CANCELLED FOR EVENT: 2021  5 23  4 29
 3604 2021- 5-23  4:29     - 54 51  161 50   5.01 0.34  0.0    4 27.5 30.8      3604
 *** DISTANCE & RESIDUAL WEIGHTING CANCELLED FOR EVENT: 2021  5 23  4 52
 3605 2021- 5-23  4:52     - 55  9  162 20   5.34 0.25  0.0    4 14.0 20.0      3605
 3606 2021- 5-23  5:15     - 54 44  161 31   5.18 0.13  0.0   10  5.0 10.6      3606
 3607 2021- 5-23  5:39     - 54 47  161 15   9.88 0.15  0.0    8  9.9 16.6      3607
 3608 2021- 5-23  5:39     - 54 37  161  3  26.70 0.24  0.0    9 16.9  3.5      3608
 3609 2021- 5-23  6:12     - 55  6  163 21   4.92 0.35  0.0    4 19.3 28.5      3609
 3610 2021- 5-23  6:12     # 55 20  161 44  13.40 1.48  0.0    6 30.4 67.6      3610
 3611 2021- 5-23  7:38     - 54 35  161 14   5.05 0.20  0.0   12  7.9 16.8      3611
 3612 2021- 5-23  8:01     - 55  6  161 25   1.34 0.10  0.0    4 13.5  3.3      3612
 3613 2021- 5-23  8:01     - 55  2  161 38  17.59 0.02  0.0    4 10.0  4.3      3613
 3614 2021- 5-23  9:19     - 55 11  163 42  16.75 0.65  0.0   11 24.6 48.3      3614
 3615 2021- 5-23 12:28     - 54 29  161 44   3.90 0.13  0.0    7  7.1 14.7      3615
  SEQ ---DATE--- TIME REMARK -LAT-  --LON-  DEPTH  RMS PMAG  NUM  ERH  ERZ  ID
 3616 2021- 5-23 15:49     # 55  9  161 28   2.50 0.19  0.0    4 11.9  6.6      3616
 3617 2021- 5-23 15:49     - 54 51  161 10  52.89 0.19  0.0    4 18.0  7.2      3617
 *** DISTANCE & RESIDUAL WEIGHTING CANCELLED FOR EVENT: 2021  5 23 16  0
 3618 2021- 5-23 15:59     # 55 22  162 18   5.00 0.81  0.0    4 10.1  8.4      3618
 *** DISTANCE & RESIDUAL WEIGHTING CANCELLED FOR EVENT: 2021  5 23 16 13
 3619 2021- 5-23 16:13     # 55 27  161 28   5.00 0.78  0.0    5 13.7  3.5      3619
 3620 2021- 5-23 16:37       55 14  162  2  20.46 0.00  0.0    4  1.7  2.8      3620
 3621 2021- 5-23 17:11     - 54 42  161  5  10.72 0.21  0.0    9 16.6  2.8      3621
 3622 2021- 5-23 17:11     - 54 35  161  2  27.87 0.22  0.0    9 16.9  3.0      3622
 3623 2021- 5-23 18:05       55  4  160 56  14.70 0.14  0.0   11  1.3  0.9      3623
 3624 2021- 5-23 22:32       55  5  162  4   1.81 0.00  0.0    4  1.6  5.2      3624
 3625 2021- 5-23 22:32       55  4  161 46   9.07 0.00  0.0    4  2.3  5.2      3625
 3626 2021- 5-23 23:35     - 55  8  162 27   5.16 0.39  0.0    7 14.6 31.4      3626
 3627 2021- 5-24  3:40     - 55 15  163 34   4.86 0.09  0.0    4  6.3 13.2      3627
 3628 2021- 5-24  3:40     - 54 55  162  7   7.15 0.04  0.0    4  2.7 12.2      3628
 3629 2021- 5-24  4:11     - 55 19  162 50   5.75 0.35  0.0    5 12.1 29.1      3629
 3630 2021- 5-24 10:29     - 55  7  162 12   2.27 0.06  0.0    4  3.4 10.4      3630
  SEQ ---DATE--- TIME REMARK -LAT-  --LON-  DEPTH  RMS PMAG  NUM  ERH  ERZ  ID
 3631 2021- 5-24 10:30     - 54 57  162 17   5.68 0.05  0.0    4  9.6  7.4      3631
 3632 2021- 5-24 12:24     - 54 36  162 39   4.99 0.07  0.0    5  7.8 12.6      3632
 *** DISTANCE & RESIDUAL WEIGHTING CANCELLED FOR EVENT: 2021  5 24 14 33
 3633 2021- 5-24 14:33     - 55 41  162  3   5.00 0.37  0.0    5 13.6 29.0      3633
 3634 2021- 5-24 14:33     - 54 55  160 52   4.84 0.02  0.0    4  5.3 11.3      3634
 3635 2021- 5-24 21:19       54 43  160 35   4.39 0.17  0.0   14  3.2  6.5      3635
 3636 2021- 5-25  6:58     - 54 59  162 19   4.41 0.08  0.0    5  9.7  6.4      3636
 3637 2021- 5-25  6:58     - 55 17  162 56   5.00 0.10  0.0    4 11.1 15.1      3637
 *** DISTANCE & RESIDUAL WEIGHTING CANCELLED FOR EVENT: 2021  5 25  7 29
 3638 2021- 5-25  7:29     - 55 59  160 50   5.00 0.60  0.0    4 42.8 27.8      3638
 3639 2021- 5-25 14:27     - 55 30  161 15   4.23 0.12  0.0    4  6.8 14.6      3639
 3640 2021- 5-25 20:41     - 54 56  160 31   5.01 0.11  0.0    5 10.0 13.6      3640
 3641 2021- 5-25 22:51       55  9  161 54   6.32 0.10  0.0    5  8.6  4.9      3641
 3642 2021- 5-25 23:51     - 54 58  161 20   5.00 0.17  0.0    5 16.8 18.7      3642
 3643 2021- 5-25 23:51     - 55  3  161 16   3.67 0.02  0.0    4  6.2 12.4      3643
 3644 2021- 5-26  1:45     - 55 60  161  1   5.13 0.05  0.0    6  5.6 12.1      3644
 3645 2021- 5-26  9:35     - 54 59  163  4   6.37 0.43  0.0    8 14.0 30.9      3645
 *** DISTANCE & RESIDUAL WEIGHTING CANCELLED FOR EVENT: 2021  5 26 14 33
  SEQ ---DATE--- TIME REMARK -LAT-  --LON-  DEPTH  RMS PMAG  NUM  ERH  ERZ  ID
 3646 2021- 5-26 14:33     - 55 22  161 44  33.21 0.00  0.0    4 12.5  1.1      3646
 *** DISTANCE & RESIDUAL WEIGHTING CANCELLED FOR EVENT: 2021  5 26 16  0
 3647 2021- 5-26 15:59     - 55 25  162 31   5.00 0.53  0.0    5 13.5 45.8      3647
 *** DISTANCE & RESIDUAL WEIGHTING CANCELLED FOR EVENT: 2021  5 26 16 21
 3648 2021- 5-26 16:21     - 55 16  161 46   2.44 0.42  0.0    5  5.4 31.4      3648
 3649 2021- 5-26 16:21     - 55  7  160 57  19.69 0.16  0.0    5 14.2 14.6      3649
 3650 2021- 5-26 21:25     - 54 54  163 14   5.24 0.16  0.0    5  7.4 16.4      3650
 *** DISTANCE & RESIDUAL WEIGHTING CANCELLED FOR EVENT: 2021  5 26 21 40
 3651 2021- 5-26 21:40     - 55 55  162 11  13.74 0.34  0.0    4 31.2  6.3      3651
 3652 2021- 5-26 23:37     - 54 45  160 43  39.64 0.24  0.0    8 17.5 15.7      3652
 3653 2021- 5-26 23:37     # 55  1  161 27  32.17 0.29  0.0    6 16.4  7.4      3653
 *** DISTANCE & RESIDUAL WEIGHTING CANCELLED FOR EVENT: 2021  5 27  0  0
 3654 2021- 5-26 23:59     - 55 19  162 31   5.04 0.78  0.0    4 18.9 66.1      3654
 3655 2021- 5-27  1:09     - 55 10  160 49  31.41 0.16  0.0   10 15.7  1.7      3655
 3656 2021- 5-27  1:09     - 54 53  160 24  22.36 0.14  0.0    8 11.7 13.3      3656
 *** DISTANCE & RESIDUAL WEIGHTING CANCELLED FOR EVENT: 2021  5 27  2 24
 3657 2021- 5-27  2:24     - 55 36  161 17   5.09 0.25  0.0    4 10.5 22.2      3657
 *** DISTANCE & RESIDUAL WEIGHTING CANCELLED FOR EVENT: 2021  5 27  5 33
 3658 2021- 5-27  5:33     # 55 41  162 11   5.00 3.89  0.0    4 51.5 54.4      3658
 3659 2021- 5-27 10:56     - 55 17  162 11   2.37 0.12  0.0    4 16.1 13.0      3659
 3660 2021- 5-27 12:21     - 54 24  162 41   4.61 0.18  0.0    7  8.2 17.9      3660
 *** DISTANCE & RESIDUAL WEIGHTING CANCELLED FOR EVENT: 2021  5 27 14 28
  SEQ ---DATE--- TIME REMARK -LAT-  --LON-  DEPTH  RMS PMAG  NUM  ERH  ERZ  ID
 3661 2021- 5-27 14:28     - 54 50  161  4   5.00 0.55  0.0    4 36.9 47.2      3661
 3662 2021- 5-27 14:38       54 53  162 34  37.13 0.04  0.0    5  3.3  2.9      3662
 3663 2021- 5-27 16:55     - 54 28  162 20   4.72 0.21  0.0    8  9.2 19.8      3663
 3664 2021- 5-27 17:57     - 55  7  161  4   3.58 0.12  0.0    4  7.1 14.1      3664
 *** DISTANCE & RESIDUAL WEIGHTING CANCELLED FOR EVENT: 2021  5 27 19 50
 3665 2021- 5-27 19:50     - 55 13  161 50   9.02 0.14  0.0    4  8.6 13.0      3665
 3666 2021- 5-27 19:50     - 54 55  161 14  30.66 0.14  0.0    5 15.2  1.6      3666
 3667 2021- 5-27 21:41     - 54 57  161 10  30.07 0.20  0.0    8 17.6  8.5      3667
 3668 2021- 5-27 21:41     - 54 42  160 48  33.15 0.26  0.0   10 16.2 24.7      3668
 3669 2021- 5-27 22:52     - 55 33  161 16  47.94 0.25  0.0    9 15.0  9.9      3669
 *** DISTANCE & RESIDUAL WEIGHTING CANCELLED FOR EVENT: 2021  5 27 22 53
 3670 2021- 5-27 22:53     - 55 29  162 27   5.00 0.47  0.0    4 12.2 34.6      3670
 3671 2021- 5-27 22:57     - 54 48  160 59  34.69 0.26  0.0    9 18.1 16.3      3671
 3672 2021- 5-27 22:57     - 54 42  160 46  33.22 0.43  0.0    9 32.7 38.2      3672
 3673 2021- 5-27 23:29       55  2  162 19  20.63 0.02  0.0    5  4.2  5.9      3673
 *** DISTANCE & RESIDUAL WEIGHTING CANCELLED FOR EVENT: 2021  5 28  0 48
 3674 2021- 5-28  0:47     - 55 15  163 17   5.00 0.83  0.0    5 29.8 64.0      3674
 3675 2021- 5-28  6:03     - 54 38  161 14   4.96 0.33  0.0   18 10.3 22.0      3675
  SEQ ---DATE--- TIME REMARK -LAT-  --LON-  DEPTH  RMS PMAG  NUM  ERH  ERZ  ID
 3676 2021- 5-28  7:00     - 54 48  161  6  29.40 0.13  0.0   10 13.5  2.1      3676
 3677 2021- 5-28  7:00     - 54 32  160 33   5.70 0.20  0.0    7 14.8 11.4      3677
 3678 2021- 5-28  7:59     - 55 22  162 17   5.00 0.08  0.0    4  1.8 14.1      3678
 *** DISTANCE & RESIDUAL WEIGHTING CANCELLED FOR EVENT: 2021  5 28 10  2
 3679 2021- 5-28 10:02     - 55 55  162 11  12.53 0.37  0.0    4 32.9  7.4      3679
 3680 2021- 5-28 10:54     - 54 50  160 48   5.01 0.23  0.0    6 21.0 22.4      3680
 3681 2021- 5-28 12:11     - 54 31  161 42   4.39 0.10  0.0    6  6.4 13.4      3681
 3682 2021- 5-28 12:39     - 55 11  161 32   6.56 0.07  0.0    4 13.6 13.6      3682
 3683 2021- 5-28 14:26     - 54 59  161 18  23.60 0.27  0.0   10 19.0  8.0      3683
 3684 2021- 5-28 14:26     - 54 30  160 27  39.97 0.36  0.0   10 20.7 21.7      3684
 3685 2021- 5-28 16:12     - 54 30  161 60   4.88 0.16  0.0   11  7.4 15.8      3685
 3686 2021- 5-28 19:00       55 22  161 38  12.64 0.00  0.0    4  3.6  2.6      3686
 3687 2021- 5-29  0:41     - 54 46  161 16   2.36 0.42  0.0   16 11.5 24.0      3687
 *** DISTANCE & RESIDUAL WEIGHTING CANCELLED FOR EVENT: 2021  5 29  7 51
 3688 2021- 5-29  7:51     - 55  5  161 35   1.71 0.20  0.0    4 16.3  3.2      3688
 3689 2021- 5-29  8:04     - 55  4  161 31  16.21 0.10  0.0    5 11.1  3.9      3689
 3690 2021- 5-29  8:04     - 54 43  161  7  16.88 0.23  0.0    5 15.3 22.6      3690
 *** DISTANCE & RESIDUAL WEIGHTING CANCELLED FOR EVENT: 2021  5 29  8  6
  SEQ ---DATE--- TIME REMARK -LAT-  --LON-  DEPTH  RMS PMAG  NUM  ERH  ERZ  ID
 3691 2021- 5-29  8:06     - 55 11  161 35   5.00 1.70  0.0    4 20.4 96.9      3691
 3692 2021- 5-29 15:48     - 55 34  161 39   2.44 0.32  0.0    4  3.0 27.5      3692
 3693 2021- 5-29 18:29     - 54 26  161 54   5.44 0.20  0.0    8  8.6 18.5      3693
 3694 2021- 5-29 21:01     - 54 22  162 59   5.05 0.12  0.0    5  7.7 14.7      3694
 3695 2021- 5-29 22:15     - 54 54  161 13  28.05 0.15  0.0    8 14.1  1.9      3695
 3696 2021- 5-29 22:15     - 54 45  161  3  20.14 0.24  0.0    6 18.0 13.4      3696
 3697 2021- 5-29 22:49       54 40  160 34   7.75 0.19  0.0   18  1.4  1.2      3697
 3698 2021- 5-30  4:05     - 54 57  162  4   5.01 0.01  0.0    4  2.9 12.4      3698
 3699 2021- 5-30  5:38     - 55 16  160 44  55.62 0.18  0.0    7 17.9  7.3      3699
 3700 2021- 5-30  5:38     - 55  6  161 53   0.39 0.01  0.0    5  0.8  8.9      3700
 3701 2021- 5-30  7:40     - 54 36  161 17   5.05 0.16  0.0   17  6.4 13.6      3701
 3702 2021- 5-30  8:27       55  7  161 49  21.84 0.01  0.0    4  5.4  4.9      3702
 *** DISTANCE & RESIDUAL WEIGHTING CANCELLED FOR EVENT: 2021  5 30 11 11
 3703 2021- 5-30 11:11     # 54 59  162 19   4.99 2.17  0.0    5 27.8 11.0      3703
 3704 2021- 5-30 13:41     - 54 35  161 28   4.91 1.26  0.0   11 40.2 88.3      3704
 3705 2021- 5-30 14:25     - 54 36  161 12   5.17 0.05  0.0    6  5.5 12.0      3705
  SEQ ---DATE--- TIME REMARK -LAT-  --LON-  DEPTH  RMS PMAG  NUM  ERH  ERZ  ID
 3706 2021- 5-30 14:36     - 54 52  160 52   6.75 0.07  0.0    8  1.4 14.0      3706
 3707 2021- 5-30 15:58     - 55 39  163  8   5.02 0.01  0.0    4  5.3 11.3      3707
 3708 2021- 5-30 17:08     - 55 13  163 31   1.39 0.27  0.0    6 10.1 22.3      3708
 3709 2021- 5-30 18:09     - 54 59  162 21  10.22 0.01  0.0    5  6.7  7.3      3709
 3710 2021- 5-30 18:21     - 55 17  160 41  38.13 0.37  0.0   10  7.3 23.3      3710
 3711 2021- 5-30 18:22       55  5  161 41  22.15 0.02  0.0    6  1.3  3.0      3711
 3712 2021- 5-30 18:23     - 55  0  162 19   7.37 0.00  0.0    4  5.9  8.6      3712
 3713 2021- 5-30 19:21     # 54 17  162 17   6.38 0.15  0.0   14  2.6  4.4      3713
 3714 2021- 5-31  4:14     - 55  2  163 36  47.13 0.20  0.0    6  6.7 18.8      3714
 3715 2021- 5-31  6:06     - 55  9  162  3  19.44 0.01  0.0    4  4.3  8.4      3715
 3716 2021- 5-31  7:02     - 55 28  161 37  24.98 0.10  0.0    6  8.0 10.1      3716
 3717 2021- 5-31  7:15     - 54 33  160 56   4.94 0.11  0.0    5  7.3 13.8      3717
 3718 2021- 5-31  7:15     - 54 33  162  5   5.91 0.23  0.0    4 10.0 20.9      3718
 3719 2021- 5-31 10:33       55 12  161 41   4.16 0.06  0.0    6  4.7  1.5      3719
 3720 2021- 5-31 10:33     - 54 58  162 44   4.71 0.06  0.0    4 11.4  6.3      3720
  SEQ ---DATE--- TIME REMARK -LAT-  --LON-  DEPTH  RMS PMAG  NUM  ERH  ERZ  ID
 3721 2021- 5-31 10:33       55 16  161 41   5.85 0.07  0.0    6  2.3  0.4      3721
 3722 2021- 5-31 11:46     - 55 12  163 26   4.97 0.59  0.0    6 22.0 44.7      3722
 3723 2021- 5-31 12:16     - 55 28  161 13   6.35 0.14  0.0    6  6.9 15.3      3723
 3724 2021- 5-31 13:02     - 55 19  160 57  31.49 0.17  0.0    9 13.6  1.5      3724
 3725 2021- 5-31 13:02     - 55 16  159 49   5.00 0.08  0.0    6 11.8 13.8      3725
 3726 2021- 5-31 14:56       54 29  161 13   8.21 0.30  0.0    9 14.9  4.4      3726
 3727 2021- 5-31 18:40     - 54 36  161 16   5.22 0.19  0.0   18  7.0 14.9      3727
 3728 2021- 6- 1  0:14     - 54 56  161  4   5.01 0.16  0.0    8 15.4 18.1      3728
 3729 2021- 6- 1  0:14     - 55 16  161 23   7.93 0.10  0.0    7  1.6 11.8      3729
 3730 2021- 6- 1  0:14     - 54 57  162  5   5.07 0.00  0.0    4  6.9  6.5      3730
 3731 2021- 6- 1  4:30     - 55 19  161 58   2.30 0.17  0.0    4  3.4 18.1      3731
 3732 2021- 6- 1 10:00     - 54 24  161 38   4.56 0.21  0.0    7  9.0 19.2      3732
 3733 2021- 6- 1 12:05       55  7  160 14  52.08 0.16  0.0    9  3.2 10.2      3733
 3734 2021- 6- 1 16:32     - 54 54  160 46   5.00 0.14  0.0    5 15.7 16.1      3734
 3735 2021- 6- 1 16:32     - 55  1  160 49   4.99 0.29  0.0    5 24.5 26.1      3735
 *** DISTANCE & RESIDUAL WEIGHTING CANCELLED FOR EVENT: 2021  6  1 17 37
  SEQ ---DATE--- TIME REMARK -LAT-  --LON-  DEPTH  RMS PMAG  NUM  ERH  ERZ  ID
 3736 2021- 6- 1 17:36     - 54  8  163 37   5.00 1.22  0.0    4 72.1 73.1      3736
 3737 2021- 6- 1 18:53     - 55 20  161 49  19.68 0.07  0.0    4  6.8 11.5      3737
 3738 2021- 6- 1 21:44     - 55 46  163 26   3.61 0.05  0.0    4  5.5 11.9      3738
 3739 2021- 6- 1 22:03     - 54 40  160 54   5.73 0.17  0.0   16  7.4 15.8      3739
 3740 2021- 6- 2  1:19     # 54 52  162  8   0.03 0.16  0.0    7  6.5  2.4      3740
 3741 2021- 6- 2  1:19     # 55 12  161 55   4.47 0.10  0.0    4  4.6  2.8      3741
 3742 2021- 6- 2  1:31     # 55  9  162 44   0.01 1.66  0.0    5 37.9 29.6      3742
 3743 2021- 6- 2  7:15     - 54 49  162 14   4.52 0.10  0.0    9 12.4  1.1      3743
 3744 2021- 6- 2  7:15       54 55  162 11   1.54 0.11  0.0    6  1.4  2.9      3744
 *** DISTANCE & RESIDUAL WEIGHTING CANCELLED FOR EVENT: 2021  6  2  8  0
 3745 2021- 6- 2  7:59     # 55 22  162 16  14.63 0.63  0.0    4  9.5 30.7      3745
 3746 2021- 6- 2 10:38     - 55  7  161 32   5.01 0.15  0.0    4 15.7 17.3      3746
 3747 2021- 6- 2 16:07     - 54 44  161 20   4.88 0.34  0.0   12 10.0 21.1      3747
 *** DISTANCE & RESIDUAL WEIGHTING CANCELLED FOR EVENT: 2021  6  2 19 46
 3748 2021- 6- 2 19:46     - 55 19  161 55  11.70 0.45  0.0    4 39.8  4.7      3748
 3749 2021- 6- 2 19:56     - 55 12  161 53   2.35 0.39  0.0    4  6.4 27.0      3749
 3750 2021- 6- 2 23:39     - 54 51  161  5  28.22 0.18  0.0    7 17.5  3.5      3750
 *** DISTANCE & RESIDUAL WEIGHTING CANCELLED FOR EVENT: 2021  6  3  0  0
  SEQ ---DATE--- TIME REMARK -LAT-  --LON-  DEPTH  RMS PMAG  NUM  ERH  ERZ  ID
 3751 2021- 6- 2 23:59     - 55 43  162 26   5.00 1.76  0.0    4 99.0 99.0      3751
 3752 2021- 6- 3  2:17     - 54 57  162 12  55.71 0.60  0.0    4 37.0 13.8      3752
 3753 2021- 6- 3  3:27     - 56 11  162 34   6.84 0.06  0.0    4  9.8  8.9      3753
 3754 2021- 6- 3  5:16     - 54 53  161 22  25.47 0.24  0.0    9 19.6  9.5      3754
 3755 2021- 6- 3  5:16     - 54 39  161  2  19.18 0.12  0.0    7  8.8 14.4      3755
 3756 2021- 6- 3  6:33       55 27  161 53  26.15 0.11  0.0    6  2.9  1.5      3756
 3757 2021- 6- 3  9:54       55 28  161 52  28.63 0.06  0.0    7  2.8  1.1      3757
 3758 2021- 6- 3 10:21     - 54 32  161 17   5.00 0.19  0.0    7 18.0 20.3      3758
 3759 2021- 6- 3 10:41     - 55 18  161 46   1.72 0.11  0.0    4  1.0 11.9      3759
 *** DISTANCE & RESIDUAL WEIGHTING CANCELLED FOR EVENT: 2021  6  3 11 48
 3760 2021- 6- 3 11:48     # 54 56  162 13   2.05 0.47  0.0    6  4.3  2.6      3760
 3761 2021- 6- 3 14:31     - 55  5  160 58   4.98 0.15  0.0    5 15.8 16.1      3761
 *** DISTANCE & RESIDUAL WEIGHTING CANCELLED FOR EVENT: 2021  6  3 14 32
 3762 2021- 6- 3 14:31     # 55 14  162  7  18.52 0.01  0.0    4  1.0  4.0      3762
 *** DISTANCE & RESIDUAL WEIGHTING CANCELLED FOR EVENT: 2021  6  3 15 40
 3763 2021- 6- 3 15:40     - 54 47  161 58   1.14 0.07  0.0    4  8.4 13.7      3763
 *** DISTANCE & RESIDUAL WEIGHTING CANCELLED FOR EVENT: 2021  6  3 15 40
 3764 2021- 6- 3 15:40     - 54 35  161 60   5.57 0.44  0.0    4 33.2 37.8      3764
 3765 2021- 6- 3 16:32     - 54 54  161 10  28.65 0.23  0.0   11 17.7  6.5      3765
  SEQ ---DATE--- TIME REMARK -LAT-  --LON-  DEPTH  RMS PMAG  NUM  ERH  ERZ  ID
 3766 2021- 6- 3 16:32     - 54 39  160 33  32.51 0.26  0.0    9 18.4 24.5      3766
 3767 2021- 6- 3 16:43     - 55  2  161 24   5.01 0.19  0.0    5 17.0 19.8      3767
 3768 2021- 6- 3 16:43     - 54 48  160 46   5.01 0.57  0.0    5 42.6 48.0      3768
 3769 2021- 6- 3 18:08       55 21  162 19   3.08 0.00  0.0    4  0.9  1.9      3769
 3770 2021- 6- 3 18:13     - 55 16  162  2   4.65 0.05  0.0    5  5.9  7.9      3770
 3771 2021- 6- 3 18:46     - 55  8  162  6   4.92 0.95  0.0    4 79.9 72.6      3771
 3772 2021- 6- 3 20:34     - 54 41  162 26   4.71 0.13  0.0    8  6.9 14.8      3772
 3773 2021- 6- 3 20:36     - 55 22  162 39   7.46 0.40  0.0    4  4.1 35.8      3773
 3774 2021- 6- 3 21:00     - 54 54  161 11  30.40 0.21  0.0    8 17.9  1.8      3774
 *** DISTANCE & RESIDUAL WEIGHTING CANCELLED FOR EVENT: 2021  6  3 21  1
 3775 2021- 6- 3 21:01     - 55 22  161 46   4.00 0.22  0.0    4  9.6 17.5      3775
 3776 2021- 6- 3 23:26     - 54 53  162 10   0.06 0.01  0.0    4  4.1 12.5      3776
 *** DISTANCE & RESIDUAL WEIGHTING CANCELLED FOR EVENT: 2021  6  3 23 26
 3777 2021- 6- 3 23:26     - 54 39  162 16   5.00 0.49  0.0    5 37.6 42.0      3777
 *** DISTANCE & RESIDUAL WEIGHTING CANCELLED FOR EVENT: 2021  6  4  3 26
 3778 2021- 6- 4  3:26     - 55 13  161 43   6.75 0.02  0.0    4  2.4 11.1      3778
 3779 2021- 6- 4  3:40     # 55  5  161 52  55.72 0.01  0.0    4  8.3  2.4      3779
 3780 2021- 6- 4  3:54     - 55 46  161 31   5.15 0.03  0.0    5  5.4 11.6      3780
  SEQ ---DATE--- TIME REMARK -LAT-  --LON-  DEPTH  RMS PMAG  NUM  ERH  ERZ  ID
 3781 2021- 6- 4  6:39     - 55 27  162 51   5.06 0.02  0.0    4  5.4 11.4      3781
 *** DISTANCE & RESIDUAL WEIGHTING CANCELLED FOR EVENT: 2021  6  4  7  7
 3782 2021- 6- 4  7:07     - 55 18  161 41  44.96 0.54  0.0    4 47.1  7.3      3782
 3783 2021- 6- 4  8:03     - 55 37  161 41  23.92 0.00  0.0    4  8.9  8.7      3783
 3784 2021- 6- 4  8:22     - 55  7  161 11   1.93 0.21  0.0    4 18.6 21.4      3784
 3785 2021- 6- 4  9:09     - 55 24  161  6   4.87 0.19  0.0    5  8.5 18.4      3785
 3786 2021- 6- 4 10:10     - 54 58  161 17  26.86 0.25  0.0   10 18.0  7.6      3786
 3787 2021- 6- 4 10:10     - 54 45  161  0  32.25 0.21  0.0    9 12.4 21.0      3787
 3788 2021- 6- 4 10:13       55 21  161 47  11.28 0.00  0.0    4  2.3  2.6      3788
 3789 2021- 6- 4 11:45     - 54 58  162 22  13.45 0.01  0.0    4  7.5  8.0      3789
 *** DISTANCE & RESIDUAL WEIGHTING CANCELLED FOR EVENT: 2021  6  4 11 46
 3790 2021- 6- 4 11:46     - 54 58  162 14   5.00 0.79  0.0    4 43.8 49.1      3790
 3791 2021- 6- 4 12:20     - 54 40  162 45   4.83 0.03  0.0    4  5.3 11.5      3791
 3792 2021- 6- 4 13:04     - 55  0  162 14   4.84 0.11  0.0    4  3.5 13.8      3792
 *** DISTANCE & RESIDUAL WEIGHTING CANCELLED FOR EVENT: 2021  6  4 13  4
 3793 2021- 6- 4 13:04     # 54 59  162 47   5.00 1.36  0.0    5 58.3 26.6      3793
 3794 2021- 6- 4 13:57     - 54 38  161 25   5.00 0.36  0.0    7 26.3 32.7      3794
 3795 2021- 6- 4 14:45     - 54 57  162 42   4.50 0.07  0.0    4 10.5  5.9      3795
  SEQ ---DATE--- TIME REMARK -LAT-  --LON-  DEPTH  RMS PMAG  NUM  ERH  ERZ  ID
 3796 2021- 6- 4 14:45     - 55  6  161 40   0.02 0.18  0.0    6  6.5 18.6      3796
 3797 2021- 6- 4 14:45       55 19  161 47   3.28 0.03  0.0    5  1.1  2.6      3797
 3798 2021- 6- 4 15:36     - 55 24  161 52   1.11 0.12  0.0    4  2.1 15.4      3798
 3799 2021- 6- 4 15:38     # 55 27  161 58  79.66 0.73  0.0    6 33.6 16.1      3799
 3800 2021- 6- 4 15:40     - 55  7  161 22  22.49 0.11  0.0    7 11.7  3.6      3800
 3801 2021- 6- 4 15:40     - 54 58  160 52   5.01 0.16  0.0    4 15.3 18.0      3801
 3802 2021- 6- 4 16:28     - 54 59  161 35  20.29 0.07  0.0    5 11.8  2.5      3802
 3803 2021- 6- 4 16:35     - 55  2  160 49  37.40 0.25  0.0   11 19.1 13.4      3803
 3804 2021- 6- 4 16:35       55  3  160 55  30.28 0.21  0.0    9 12.7  1.5      3804
 *** DISTANCE & RESIDUAL WEIGHTING CANCELLED FOR EVENT: 2021  6  4 16 57
 3805 2021- 6- 4 16:57     # 55 16  162 12   5.00 0.57  0.0    4  7.0  9.3      3805
 3806 2021- 6- 4 17:11     - 55 12  160 44   5.01 0.15  0.0    7 16.8 17.2      3806
 3807 2021- 6- 4 17:11     - 54 39  162 49  21.66 0.49  0.0    4 40.7 42.5      3807
 3808 2021- 6- 4 17:48     - 54 56  162 18  25.70 0.03  0.0    5  5.9  9.4      3808
 3809 2021- 6- 4 17:49       54 58  162 13  13.66 0.01  0.0    5  3.1  6.5      3809
 3810 2021- 6- 4 18:25     - 54 42  163 33   4.94 0.02  0.0    5  5.2 11.4      3810
  SEQ ---DATE--- TIME REMARK -LAT-  --LON-  DEPTH  RMS PMAG  NUM  ERH  ERZ  ID
 3811 2021- 6- 4 19:07     - 54 45  162 37   5.03 0.10  0.0    7  6.3 13.5      3811
 *** DISTANCE & RESIDUAL WEIGHTING CANCELLED FOR EVENT: 2021  6  4 20 24
 3812 2021- 6- 4 20:24     - 54 51  161 53   6.39 0.55  0.0    4 18.1 47.0      3812
 3813 2021- 6- 4 22:11     - 55  2  161 19   5.03 0.09  0.0    4 13.7 14.2      3813
 *** DISTANCE & RESIDUAL WEIGHTING CANCELLED FOR EVENT: 2021  6  4 22 11
 3814 2021- 6- 4 22:11     # 55  8  161 55  15.90 1.10  0.0    4 30.4 37.1      3814
 3815 2021- 6- 4 22:43     - 54 29  162 13   4.34 0.12  0.0    7  6.8 14.7      3815
 3816 2021- 6- 4 23:05     - 54 36  162 39   2.64 0.31  0.0   10 11.9 25.8      3816
 3817 2021- 6- 5  2:13     - 55 16  161  8   2.43 0.32  0.0    4 16.6 23.6      3817
 3818 2021- 6- 5  3:37     - 55 28  162 50   5.06 0.05  0.0    4  5.7 11.9      3818
 *** DISTANCE & RESIDUAL WEIGHTING CANCELLED FOR EVENT: 2021  6  5  6 23
 3819 2021- 6- 5  6:23     - 55 26  162 54   5.00 1.54  0.0    4 42.9 89.2      3819
 3820 2021- 6- 5 11:15     - 54 56  161 18  43.71 0.24  0.0    6 16.9  6.9      3820
 3821 2021- 6- 5 11:16     - 54 46  160 51  54.13 0.28  0.0    8 23.4  7.3      3821
 3822 2021- 6- 5 12:43     - 55  4  160 21   5.01 0.42  0.0    6 34.7 36.3      3822
 3823 2021- 6- 5 12:43     - 55 11  160 51   5.10 0.07  0.0    5  9.3 13.5      3823
 3824 2021- 6- 5 13:58     - 55 32  160 22  13.28 0.22  0.0    9 10.5 19.1      3824
 3825 2021- 6- 5 13:58     - 55  0  160 19   3.90 0.36  0.0    9 13.3 28.8      3825
  SEQ ---DATE--- TIME REMARK -LAT-  --LON-  DEPTH  RMS PMAG  NUM  ERH  ERZ  ID
 3826 2021- 6- 5 14:50     - 54 57  163 25   4.74 0.53  0.0    6 19.0 41.4      3826
 *** DISTANCE & RESIDUAL WEIGHTING CANCELLED FOR EVENT: 2021  6  5 15  9
 3827 2021- 6- 5 15:09     # 55 13  162 13  25.40 0.56  0.0    4 20.7 14.7      3827
 *** DISTANCE & RESIDUAL WEIGHTING CANCELLED FOR EVENT: 2021  6  5 15 12
 3828 2021- 6- 5 15:12     # 55 28  161 50   0.06 0.30  0.0    5  3.7  5.4      3828
 3829 2021- 6- 5 16:05     - 55  0  161  3   5.01 0.12  0.0    6 14.7 16.1      3829
 3830 2021- 6- 5 16:05     - 54 59  161 37  61.27 0.09  0.0    4  9.5  7.6      3830
 3831 2021- 6- 5 17:38     - 55 22  161 43   3.70 0.04  0.0    4 10.3  7.7      3831
 *** DISTANCE & RESIDUAL WEIGHTING CANCELLED FOR EVENT: 2021  6  5 17 38
 3832 2021- 6- 5 17:38     # 55 12  162  4   5.23 0.42  0.0    4  8.4 12.2      3832
 *** DISTANCE & RESIDUAL WEIGHTING CANCELLED FOR EVENT: 2021  6  5 21 42
 3833 2021- 6- 5 21:42     - 55  5  161 12  20.71 0.41  0.0    5 31.3 23.9      3833
 *** DISTANCE & RESIDUAL WEIGHTING CANCELLED FOR EVENT: 2021  6  5 21 51
 3834 2021- 6- 5 21:51     - 55 15  161 41   5.14 0.09  0.0    4 13.0  1.1      3834
 *** DISTANCE & RESIDUAL WEIGHTING CANCELLED FOR EVENT: 2021  6  5 21 51
 3835 2021- 6- 5 21:51     # 55 16  161 43   5.00 0.65  0.0    4 19.9 10.9      3835
 3836 2021- 6- 5 22:11     - 55 24  161 24  24.64 0.06  0.0    6 10.5  7.2      3836
 *** DISTANCE & RESIDUAL WEIGHTING CANCELLED FOR EVENT: 2021  6  5 22 12
 3837 2021- 6- 5 22:12     - 55 26  161 48   1.83 0.29  0.0    5 26.0  3.7      3837
 *** DISTANCE & RESIDUAL WEIGHTING CANCELLED FOR EVENT: 2021  6  6  0  0
 3838 2021- 6- 5 23:59     # 55 15  161 56   5.00 0.42  0.0    4  4.1  5.1      3838
 3839 2021- 6- 6  0:41     - 54 59  161 29  29.63 0.16  0.0    5 16.7  6.1      3839
 3840 2021- 6- 6  0:41     - 54 59  161 39  22.50 0.05  0.0    4 10.9  3.0      3840
  SEQ ---DATE--- TIME REMARK -LAT-  --LON-  DEPTH  RMS PMAG  NUM  ERH  ERZ  ID
 3841 2021- 6- 6  0:58     - 54 55  160 54  20.82 0.16  0.0    8 15.6 13.7      3841
 3842 2021- 6- 6  0:58     - 54 59  161 14  31.70 0.20  0.0    6 17.3  0.9      3842
 *** DISTANCE & RESIDUAL WEIGHTING CANCELLED FOR EVENT: 2021  6  6  2 31
 3843 2021- 6- 6  2:31     - 55 11  161 43   9.03 0.16  0.0    4  9.1 10.9      3843
 3844 2021- 6- 6  2:33     - 54 37  162 43   4.78 0.16  0.0   10  7.5 16.4      3844
 3845 2021- 6- 6  4:48     - 55 13  161 52   2.08 0.18  0.0    4  3.5 18.9      3845
 3846 2021- 6- 6  4:48     - 54 58  161 34  23.20 0.05  0.0    4 12.4  2.3      3846
 3847 2021- 6- 6  6:19     - 55 19  161 36   0.37 0.21  0.0    4 15.2 20.2      3847
 3848 2021- 6- 6  6:20       55  9  161 58  14.32 0.00  0.0    4  1.2  2.0      3848
 3849 2021- 6- 6  7:58     - 55 18  161 38   0.58 0.07  0.0    6  6.7 12.8      3849
 3850 2021- 6- 6  7:58       55 23  161 47   4.32 0.14  0.0    7  1.2  1.8      3850
 3851 2021- 6- 6  8:04       55 17  161 27  28.26 0.15  0.0    7  3.1  3.2      3851
 3852 2021- 6- 6  9:26     - 54 58  160 34   4.65 0.29  0.0   10 10.4 22.3      3852
 3853 2021- 6- 6 12:18     - 54 51  161 13  16.99 0.23  0.0    8 18.2 22.9      3853
 3854 2021- 6- 6 12:18     - 54 58  161 48   4.38 0.09  0.0    5 12.8  1.6      3854
 3855 2021- 6- 6 13:56     # 54 29  163  7   1.63 0.19  0.0   13  6.2 12.7      3855
  SEQ ---DATE--- TIME REMARK -LAT-  --LON-  DEPTH  RMS PMAG  NUM  ERH  ERZ  ID
 3856 2021- 6- 6 13:56     # 55  7  162  1   4.51 0.16  0.0    5  3.5  1.1      3856
 3857 2021- 6- 6 14:11     - 54 51  163 44  32.12 0.30  0.0    7 13.7 24.5      3857
 3858 2021- 6- 6 14:12     - 54 49  161 55   6.91 0.05  0.0    5  2.0 13.0      3858
 *** DISTANCE & RESIDUAL WEIGHTING CANCELLED FOR EVENT: 2021  6  6 15 46
 3859 2021- 6- 6 15:46     - 55 28  161 60   4.28 0.54  0.0    4 10.6 40.9      3859
 3860 2021- 6- 6 17:01       55  2  161 48  16.95 0.03  0.0    4  7.6  3.2      3860
 3861 2021- 6- 6 17:01     - 55  5  161 37   0.40 0.05  0.0    5  1.3 12.6      3861
 3862 2021- 6- 6 17:17     - 54 38  160 60  31.91 0.24  0.0   11 19.7 23.3      3862
 *** DISTANCE & RESIDUAL WEIGHTING CANCELLED FOR EVENT: 2021  6  6 17 17
 3863 2021- 6- 6 17:17     # 55 14  162 11   4.61 1.66  0.0    6 31.8 10.8      3863
 3864 2021- 6- 6 18:01       55 42  161 42  18.31 0.04  0.0    5  2.8  6.8      3864
 3865 2021- 6- 6 18:21     - 54 60  161 40  20.87 0.17  0.0    7 14.8  4.4      3865
 3866 2021- 6- 6 18:21     - 55 27  161 26   3.82 0.07  0.0    4  3.1 13.5      3866
 3867 2021- 6- 6 18:21     - 55  7  161 21   4.80 0.14  0.0    6  4.6 16.2      3867
 3868 2021- 6- 6 19:48     - 54 58  161 39  22.81 0.07  0.0    6 12.4  3.5      3868
 *** DISTANCE & RESIDUAL WEIGHTING CANCELLED FOR EVENT: 2021  6  6 19 49
 3869 2021- 6- 6 19:49     # 55 19  161 55   5.19 0.73  0.0    5 15.1 16.1      3869
 *** DISTANCE & RESIDUAL WEIGHTING CANCELLED FOR EVENT: 2021  6  6 19 49
 3870 2021- 6- 6 19:49     - 54 55  161 42   5.00 0.60  0.0    4 23.7 35.3      3870
  SEQ ---DATE--- TIME REMARK -LAT-  --LON-  DEPTH  RMS PMAG  NUM  ERH  ERZ  ID
 3871 2021- 6- 6 20:41     - 54 25  161 37   3.34 0.24  0.0    6  9.8 20.7      3871
 *** DISTANCE & RESIDUAL WEIGHTING CANCELLED FOR EVENT: 2021  6  6 20 41
 3872 2021- 6- 6 20:41     - 55 22  161 54   0.12 0.04  0.0    4  0.8  9.2      3872
 3873 2021- 6- 6 21:34     - 54 47  161  9  29.05 0.29  0.0   10 19.6  2.8      3873
 3874 2021- 6- 6 21:35     - 54 37  160 56  60.68 0.10  0.0    8 11.9  4.6      3874
 3875 2021- 6- 6 22:16     - 54 58  161 36  22.92 0.13  0.0    6 14.3  3.5      3875
 3876 2021- 6- 6 22:17     - 55  5  161 38   0.55 0.07  0.0    5  1.2 11.6      3876
 *** DISTANCE & RESIDUAL WEIGHTING CANCELLED FOR EVENT: 2021  6  7  0  9
 3877 2021- 6- 7  0:09     - 55  8  161 29  32.28 0.31  0.0    4 28.8  8.6      3877
 3878 2021- 6- 7  0:29     - 54 60  161 31  31.16 0.17  0.0    7 15.7  6.0      3878
 3879 2021- 6- 7  0:29     - 55  1  161 34  22.78 0.04  0.0    5 11.2  2.6      3879
 3880 2021- 6- 7  2:16     - 55 17  161 28   6.55 0.08  0.0    4  1.8 14.1      3880
 3881 2021- 6- 7  3:31     - 55  3  161 49  17.53 0.06  0.0    4  9.4  4.4      3881
 *** DISTANCE & RESIDUAL WEIGHTING CANCELLED FOR EVENT: 2021  6  7  3 32
 3882 2021- 6- 7  3:32     # 55 14  162 12   5.00 0.67  0.0    4 20.5 17.6      3882
 3883 2021- 6- 7  5:37     - 55 25  161 13   4.97 0.14  0.0    4  7.2 15.4      3883
 3884 2021- 6- 7  6:10     - 55 10  161 43   6.80 0.07  0.0    4  3.5 13.8      3884
 3885 2021- 6- 7  8:26     - 55  5  162  4   5.02 0.10  0.0    4  6.3 13.6      3885
  SEQ ---DATE--- TIME REMARK -LAT-  --LON-  DEPTH  RMS PMAG  NUM  ERH  ERZ  ID
 3886 2021- 6- 7 12:12     - 54 25  161  0   2.31 0.15  0.0   10  6.9 15.5      3886
 3887 2021- 6- 7 12:13     - 54 59  162 40   3.94 0.04  0.0    4 10.3  6.4      3887
 3888 2021- 6- 7 12:13     - 55  9  161 31   1.92 0.12  0.0    6 12.9  2.4      3888
 3889 2021- 6- 7 12:28     - 55 54  162 51   4.99 0.02  0.0    4  5.3 11.4      3889
 3890 2021- 6- 7 12:45     - 55 18  161 39  55.09 0.03  0.0    4 10.4 12.0      3890
 *** DISTANCE & RESIDUAL WEIGHTING CANCELLED FOR EVENT: 2021  6  7 12 45
 3891 2021- 6- 7 12:45     - 55 46  162 19   4.98 0.56  0.0    5 19.1 41.5      3891
 3892 2021- 6- 7 13:53     - 54 52  161  0   5.01 0.26  0.0    6 22.5 25.1      3892
 3893 2021- 6- 7 13:53     - 55  1  161 34  24.41 0.10  0.0    4 13.9  3.9      3893
 *** DISTANCE & RESIDUAL WEIGHTING CANCELLED FOR EVENT: 2021  6  7 16  5
 3894 2021- 6- 7 16:04     # 55 14  161 36   9.76 0.56  0.0    4 16.1 18.1      3894
 3895 2021- 6- 7 18:12     - 55 17  162 10   1.93 0.34  0.0    4  3.2 23.5      3895
 *** DISTANCE & RESIDUAL WEIGHTING CANCELLED FOR EVENT: 2021  6  7 19 10
 3896 2021- 6- 7 19:09     - 55  5  162  6   5.00 0.41  0.0    4 15.2 32.7      3896
 3897 2021- 6- 7 21:21     - 55  3  162  7   4.89 0.14  0.0    4  7.3 15.7      3897
 3898 2021- 6- 8  0:35       54 36  162 56  66.47 0.11  0.0    8  8.0  1.9      3898
 *** DISTANCE & RESIDUAL WEIGHTING CANCELLED FOR EVENT: 2021  6  8  5 26
 3899 2021- 6- 8  5:25     - 55 21  161 19   5.00 0.59  0.0    4 22.1 44.9      3899
 *** DISTANCE & RESIDUAL WEIGHTING CANCELLED FOR EVENT: 2021  6  8 11  7
 3900 2021- 6- 8 11:07     - 55  8  162 21   5.00 0.41  0.0    4 19.9 30.1      3900
 *** DISTANCE & RESIDUAL WEIGHTING CANCELLED FOR EVENT: 2021  6  8 11  8
  SEQ ---DATE--- TIME REMARK -LAT-  --LON-  DEPTH  RMS PMAG  NUM  ERH  ERZ  ID
 3901 2021- 6- 8 11:07     # 55  5  161 57  38.79 0.00  0.0    4  5.5  3.9      3901
 3902 2021- 6- 8 11:10       55 16  161 45  15.20 0.22  0.0    4  6.5  2.2      3902
 3903 2021- 6- 8 16:16       54 58  162 42   3.89 0.00  0.0    4  2.9  1.0      3903
 3904 2021- 6- 8 17:56     - 54 57  160 37   5.00 0.07  0.0    5 12.2 12.4      3904
 3905 2021- 6- 8 17:56     - 55  6  160 43   5.01 0.08  0.0    5 12.4 13.1      3905
 3906 2021- 6- 8 18:49     - 55  4  163 20   4.82 0.40  0.0    5 15.2 31.5      3906
 *** DISTANCE & RESIDUAL WEIGHTING CANCELLED FOR EVENT: 2021  6  8 18 49
 3907 2021- 6- 8 18:49     - 55 50  161 45   5.00 1.06  0.0    4 37.6 81.2      3907
 3908 2021- 6- 8 19:34     - 54 36  162 35  32.74 0.03  0.0    5 12.7  0.7      3908
 *** DISTANCE & RESIDUAL WEIGHTING CANCELLED FOR EVENT: 2021  6  8 19 57
 3909 2021- 6- 8 19:57     - 54 55  161 27   5.00 0.31  0.0    4 20.9 28.3      3909
 3910 2021- 6- 8 20:01     - 55 28  161 45  50.30 0.48  0.0    4 40.9  7.7      3910
 3911 2021- 6- 8 21:16       55 26  161 30  12.93 0.00  0.0    4  2.5  7.1      3911
 3912 2021- 6- 8 22:45     - 54 30  161 44   4.52 0.15  0.0    9  7.2 15.3      3912
 3913 2021- 6- 8 23:27     # 55 24  161 42  20.90 0.16  0.0    6  2.7  1.5      3913
 3914 2021- 6- 9  1:21     - 55 14  160 43   5.49 0.14  0.0    7  7.0 15.6      3914
 *** DISTANCE & RESIDUAL WEIGHTING CANCELLED FOR EVENT: 2021  6  9  2 17
 3915 2021- 6- 9  2:17     - 55 35  161 53  47.18 0.14  0.0    4 16.8  4.2      3915
 *** DISTANCE & RESIDUAL WEIGHTING CANCELLED FOR EVENT: 2021  6  9  4 36
  SEQ ---DATE--- TIME REMARK -LAT-  --LON-  DEPTH  RMS PMAG  NUM  ERH  ERZ  ID
 3916 2021- 6- 9  4:36     - 55  5  162 22   5.00 0.40  0.0    4 15.0 32.3      3916
 3917 2021- 6- 9  4:36       55 19  161 44  27.86 0.11  0.0    5  6.6  2.5      3917
 *** DISTANCE & RESIDUAL WEIGHTING CANCELLED FOR EVENT: 2021  6  9  6 16
 3918 2021- 6- 9  6:16     - 54 51  163  2   5.01 1.22  0.0    4 40.9 90.2      3918
 3919 2021- 6- 9  7:41       55 20  161 42  37.24 0.18  0.0    6  4.6  3.8      3919
 *** DISTANCE & RESIDUAL WEIGHTING CANCELLED FOR EVENT: 2021  6  9  9 16
 3920 2021- 6- 9  9:16     - 55  2  161 36  33.45 0.40  0.0    4 29.7 10.1      3920
 3921 2021- 6- 9  9:56     - 55 15  163 41   4.81 0.36  0.0   10 11.4 23.9      3921
 *** DISTANCE & RESIDUAL WEIGHTING CANCELLED FOR EVENT: 2021  6  9 11 46
 3922 2021- 6- 9 11:46     # 55 25  161 40   5.07 1.39  0.0    6 12.9  7.9      3922
 3923 2021- 6- 9 12:40     - 55 30  161  0  33.14 0.24  0.0    5 20.1 21.5      3923
 *** DISTANCE & RESIDUAL WEIGHTING CANCELLED FOR EVENT: 2021  6  9 12 42
 3924 2021- 6- 9 12:41     - 55 24  161 24   7.44 0.36  0.0    5  5.0 28.7      3924
 3925 2021- 6- 9 14:33     - 55 17  161 14   5.01 0.16  0.0    6 17.0 18.3      3925
 3926 2021- 6- 9 14:33       55 11  161 28  12.97 0.35  0.0    6  7.1  8.8      3926
 *** DISTANCE & RESIDUAL WEIGHTING CANCELLED FOR EVENT: 2021  6  9 15 42
 3927 2021- 6- 9 15:42     - 55 15  161 35  58.71 0.31  0.0    4 28.8  3.3      3927
 *** DISTANCE & RESIDUAL WEIGHTING CANCELLED FOR EVENT: 2021  6  9 20 22
 3928 2021- 6- 9 20:22     # 55 28  161 33   5.00 1.12  0.0    6  8.6 55.6      3928
 *** DISTANCE & RESIDUAL WEIGHTING CANCELLED FOR EVENT: 2021  6  9 20 59
 3929 2021- 6- 9 20:59     - 54 49  162 20   5.00 0.27  0.0    4 23.7 25.9      3929
 3930 2021- 6- 9 23:57     - 55 42  161 52  18.76 0.34  0.0    4 26.5 15.9      3930
  SEQ ---DATE--- TIME REMARK -LAT-  --LON-  DEPTH  RMS PMAG  NUM  ERH  ERZ  ID
 3931 2021- 6- 9 23:57     - 55 55  160 51   5.02 0.35  0.0    4 26.1 31.4      3931
 *** DISTANCE & RESIDUAL WEIGHTING CANCELLED FOR EVENT: 2021  6 10  3 12
 3932 2021- 6-10  3:12     - 55  9  161 46  18.17 0.17  0.0    4 11.4  9.1      3932
 3933 2021- 6-10  3:13     - 54 52  161 10  30.65 0.04  0.0    4  9.0  1.2      3933
 3934 2021- 6-10 10:19       55 30  161 46  40.93 0.10  0.0    6  5.9  2.7      3934
 3935 2021- 6-10 15:02     - 54 28  161 23  22.40 0.20  0.0    6 12.9 12.4      3935
 3936 2021- 6-10 17:27     - 54 29  161 50   5.81 0.55  0.0   19 18.6 39.8      3936
 3937 2021- 6-10 20:23     - 54 31  160 51   5.02 0.08  0.0    7  5.5 12.3      3937
 3938 2021- 6-10 20:23     - 54 59  163  8   3.95 0.15  0.0    5  5.4 14.5      3938
 3939 2021- 6-10 20:58     - 54 59  161  8   4.99 0.20  0.0    6 17.1 20.8      3939
 *** DISTANCE & RESIDUAL WEIGHTING CANCELLED FOR EVENT: 2021  6 10 20 58
 3940 2021- 6-10 20:58     - 55 14  161 56   0.02 0.68  0.0    6  1.9 55.1      3940
 *** DISTANCE & RESIDUAL WEIGHTING CANCELLED FOR EVENT: 2021  6 10 22 22
 3941 2021- 6-10 22:22     - 54 30  161 41   4.99 0.17  0.0    4  8.1 17.3      3941
 *** DISTANCE & RESIDUAL WEIGHTING CANCELLED FOR EVENT: 2021  6 10 22 23
 3942 2021- 6-10 22:23     # 55 27  161 45  16.31 0.46  0.0    4  6.1 19.3      3942
 3943 2021- 6-11  2:35     - 54 56  162 34  91.13 0.08  0.0    7  5.0 12.2      3943
 *** DISTANCE & RESIDUAL WEIGHTING CANCELLED FOR EVENT: 2021  6 11  3 56
 3944 2021- 6-11  3:56     - 55 32  161 13   5.00 0.71  0.0    4 25.9 54.9      3944
 3945 2021- 6-11  4:28     - 54 55  161 51   0.23 0.08  0.0    7  1.1 14.1      3945
  SEQ ---DATE--- TIME REMARK -LAT-  --LON-  DEPTH  RMS PMAG  NUM  ERH  ERZ  ID
 3946 2021- 6-11  5:59     - 55 32  161  4   3.94 0.14  0.0    4  7.3 15.7      3946
 3947 2021- 6-11  7:03     - 54 40  161 25   4.71 0.21  0.0    5  8.1 17.6      3947
 *** DISTANCE & RESIDUAL WEIGHTING CANCELLED FOR EVENT: 2021  6 11  8  0
 3948 2021- 6-11  7:59     - 55 19  162 32   5.00 0.34  0.0    4 10.3 30.7      3948
 3949 2021- 6-11  8:36     - 55 48  160 57   2.06 0.45  0.0    5 16.5 36.0      3949
 3950 2021- 6-11 10:14     - 55 37  163  1   5.23 0.04  0.0    4  5.5 11.7      3950
 3951 2021- 6-11 14:44     - 54 35  163 19   5.06 0.08  0.0    6  5.9 13.0      3951
 3952 2021- 6-11 15:11     - 55 24  161  0   4.51 0.12  0.0    4  6.6 14.4      3952
 3953 2021- 6-11 16:34     - 54 21  161 23   4.27 0.16  0.0    5  7.6 16.7      3953
 3954 2021- 6-11 18:17     - 54 55  161 21  30.19 0.19  0.0    6 17.9  6.6      3954
 3955 2021- 6-11 18:17     - 54 49  161 12  27.51 0.24  0.0    7 19.0  3.4      3955
 3956 2021- 6-11 18:41     - 55 33  161  8   2.51 0.12  0.0    5  6.7 14.4      3956
 3957 2021- 6-11 19:26     - 54 59  162 18   7.49 0.03  0.0    4  7.4  9.8      3957
 3958 2021- 6-11 19:41       55  4  161 47  18.53 0.06  0.0    5  5.4  2.7      3958
 3959 2021- 6-11 19:49     - 55 44  163  2   5.92 0.56  0.0    5 20.3 43.4      3959
 3960 2021- 6-11 21:52       54 48  161 24  59.77 0.10  0.0    8  5.8  5.2      3960
  SEQ ---DATE--- TIME REMARK -LAT-  --LON-  DEPTH  RMS PMAG  NUM  ERH  ERZ  ID
 3961 2021- 6-11 22:53       55 28  161 53  26.07 0.10  0.0    5  2.4  3.4      3961
 *** DISTANCE & RESIDUAL WEIGHTING CANCELLED FOR EVENT: 2021  6 12  0  0
 3962 2021- 6-11 23:59     # 55 22  162  9   5.00 0.65  0.0    4  5.6 37.1      3962
 3963 2021- 6-12  0:01     - 55 18  162  7   5.42 0.03  0.0    4  2.7 10.4      3963
 3964 2021- 6-12  3:58     - 55  0  161 40  32.36 0.01  0.0    4  7.0  6.2      3964
 *** DISTANCE & RESIDUAL WEIGHTING CANCELLED FOR EVENT: 2021  6 12  5 11
 3965 2021- 6-12  5:10     - 54 36  161 49   5.00 1.13  0.0    4 79.2 93.7      3965
 3966 2021- 6-12  5:46     - 54 52  161  5  29.07 0.20  0.0    9 17.3  2.6      3966
 *** DISTANCE & RESIDUAL WEIGHTING CANCELLED FOR EVENT: 2021  6 12  5 46
 3967 2021- 6-12  5:46     - 55 18  161 21   8.10 0.78  0.0    4 58.3 64.7      3967
 *** DISTANCE & RESIDUAL WEIGHTING CANCELLED FOR EVENT: 2021  6 12  8 33
 3968 2021- 6-12  8:33     # 55 38  161 55   5.00 1.21  0.0    4 50.8 48.3      3968
 *** DISTANCE & RESIDUAL WEIGHTING CANCELLED FOR EVENT: 2021  6 12  9 22
 3969 2021- 6-12  9:22     - 54 51  161  5   5.00 0.27  0.0    4 24.6 25.8      3969
 3970 2021- 6-12 10:05     - 55 30  161 56   4.79 0.08  0.0    4  9.0  8.5      3970
 3971 2021- 6-12 10:06       55 14  161 44  15.73 0.16  0.0    6  1.4  1.2      3971
 3972 2021- 6-12 10:42     - 55  6  162 26  17.79 0.05  0.0    4  9.1  5.9      3972
 3973 2021- 6-12 11:30     - 55  7  163 27   1.51 0.64  0.0    9 22.9 47.9      3973
 3974 2021- 6-12 11:31     - 54 58  163 19   0.86 0.92  0.0   12 25.2 54.5      3974
 3975 2021- 6-12 11:46     # 54 33  161 30  45.35 0.44  0.0   15  6.6 13.5      3975
  SEQ ---DATE--- TIME REMARK -LAT-  --LON-  DEPTH  RMS PMAG  NUM  ERH  ERZ  ID
 3976 2021- 6-12 11:46       55 18  161 44   3.11 0.07  0.0    5  2.0  2.2      3976
 3977 2021- 6-12 11:54     - 54 27  161 29   4.51 0.24  0.0    7  9.5 20.8      3977
 3978 2021- 6-12 11:57     - 54 27  161 33   4.71 0.29  0.0    8 11.1 24.3      3978
 3979 2021- 6-12 12:04     - 54 23  162 30   6.61 0.43  0.0    4 37.9 38.1      3979
 3980 2021- 6-12 12:10     - 55  9  163 13   4.44 0.68  0.0   12 19.5 40.7      3980
 3981 2021- 6-12 16:29     - 55  9  162  6   7.37 0.01  0.0    4 11.0  5.9      3981
 3982 2021- 6-12 18:02     - 54 48  161  0  47.12 0.25  0.0    8 19.5 11.5      3982
 3983 2021- 6-12 18:02     - 54 42  160 41  44.95 0.23  0.0    8 18.2  8.8      3983
 3984 2021- 6-12 18:33       55 18  161 43  15.09 0.12  0.0    6  2.4  1.1      3984
 3985 2021- 6-12 18:53     - 55 23  161 26  15.76 0.01  0.0    4  2.7  8.5      3985
 3986 2021- 6-12 20:33     - 55 18  163 18   4.83 0.76  0.0    8 27.3 54.3      3986
 3987 2021- 6-12 20:49     - 55 24  161 17  44.62 0.09  0.0    6 10.4  7.0      3987
 3988 2021- 6-12 21:52     - 54 53  161  9  30.69 0.19  0.0    8 16.6  1.6      3988
 3989 2021- 6-12 21:52     - 54 43  160 55  32.88 0.42  0.0    9 25.4 36.6      3989
 3990 2021- 6-12 23:26     - 54 35  160 53  23.78 0.20  0.0   11 17.8  4.3      3990
  SEQ ---DATE--- TIME REMARK -LAT-  --LON-  DEPTH  RMS PMAG  NUM  ERH  ERZ  ID
 3991 2021- 6-12 23:26     - 54 38  160 59   5.13 0.22  0.0    6 18.8 21.6      3991
 3992 2021- 6-12 23:54     - 55  4  161 40   5.03 0.13  0.0    6  5.4 13.4      3992
 3993 2021- 6-12 23:54     # 55  8  161 49  10.17 0.43  0.0    5 21.1 10.8      3993
 *** DISTANCE & RESIDUAL WEIGHTING CANCELLED FOR EVENT: 2021  6 13  0  0
 3994 2021- 6-12 23:59     # 55 22  162 17  10.50 0.43  0.0    4  6.6 26.0      3994
 3995 2021- 6-13  1:51       55 26  161 45  37.71 0.01  0.0    4  5.8  2.2      3995
 3996 2021- 6-13  2:11     - 54 32  161 34   5.00 0.24  0.0    9 19.9 23.5      3996
 *** DISTANCE & RESIDUAL WEIGHTING CANCELLED FOR EVENT: 2021  6 13  2 11
 3997 2021- 6-13  2:11     - 55  8  161 48   6.70 0.63  0.0    5 45.0 42.2      3997
 3998 2021- 6-13  2:18     - 55 11  163  9   5.45 0.71  0.0    8 20.5 41.2      3998
 3999 2021- 6-13  2:48     - 54 47  163 15   5.02 0.06  0.0    6  5.6 12.2      3999
 4000 2021- 6-13  3:03     - 55  5  163  8   7.41 1.18  0.0   13  5.7 98.8      4000
 *** DISTANCE & RESIDUAL WEIGHTING CANCELLED FOR EVENT: 2021  6 13  4  1
 4001 2021- 6-13  4:01     - 54 55  162  1   3.17 0.07  0.0    4 11.0  4.0      4001
 4002 2021- 6-13  4:01     - 54 32  161 55   5.00 0.21  0.0    4 17.4 21.0      4002
 4003 2021- 6-13  4:23     - 54 58  160 43  33.76 0.24  0.0   11 17.8 23.2      4003
 4004 2021- 6-13  4:23     - 54 52  160 35   5.01 0.37  0.0    9 23.5 32.7      4004
 4005 2021- 6-13  4:38     - 54 45  160 21  13.40 0.20  0.0   16  8.6 17.1      4005
  SEQ ---DATE--- TIME REMARK -LAT-  --LON-  DEPTH  RMS PMAG  NUM  ERH  ERZ  ID
 4006 2021- 6-13  5:13     - 55 29  161 24   6.51 0.01  0.0    4  2.5 12.5      4006
 4007 2021- 6-13  5:31     - 55 41  160 10   4.51 0.06  0.0    4  8.8 10.1      4007
 4008 2021- 6-13  5:37     - 55 14  163 18   3.91 0.64  0.0    9 23.4 46.9      4008
 4009 2021- 6-13  5:54     - 54 30  162 42  79.19 0.08  0.0    5 13.6  3.4      4009
 *** DISTANCE & RESIDUAL WEIGHTING CANCELLED FOR EVENT: 2021  6 13  8  0
 4010 2021- 6-13  7:59     - 55 23  162 21   5.43 0.18  0.0    4  4.5 19.3      4010
 4011 2021- 6-13  8:59     - 55 12  161 36  26.08 0.01  0.0    4 10.6  6.6      4011
 4012 2021- 6-13 10:19     - 55 13  163 21   0.03 0.83  0.0   12 28.2 58.2      4012
 4013 2021- 6-13 10:27     - 55  3  160 30   5.50 0.40  0.0   13 14.2 29.8      4013
 *** DISTANCE & RESIDUAL WEIGHTING CANCELLED FOR EVENT: 2021  6 13 11  5
 4014 2021- 6-13 11:05     # 55 11  161 28   5.00 0.61  0.0    6 11.2  5.4      4014
 *** DISTANCE & RESIDUAL WEIGHTING CANCELLED FOR EVENT: 2021  6 13 11 42
 4015 2021- 6-13 11:42     - 54 32  161 22   4.96 0.14  0.0    4  7.0 15.4      4015
 4016 2021- 6-13 12:12     - 54 48  161 52   4.93 0.07  0.0    6  5.7 11.1      4016
 4017 2021- 6-13 14:20     - 55 12  161  8   5.23 0.07  0.0    4  8.4 12.4      4017
 4018 2021- 6-13 14:47     # 55 25  161 53   0.27 0.43  0.0    8  1.2 17.9      4018
 4019 2021- 6-13 15:30     - 54 28  161 43   4.73 0.22  0.0   15  8.7 18.6      4019
 *** DISTANCE & RESIDUAL WEIGHTING CANCELLED FOR EVENT: 2021  6 13 16  0
 4020 2021- 6-13 15:59     # 55 21  162  4   5.00 0.56  0.0    5  3.7 22.1      4020
  SEQ ---DATE--- TIME REMARK -LAT-  --LON-  DEPTH  RMS PMAG  NUM  ERH  ERZ  ID
 4021 2021- 6-13 17:49     - 55 30  162 56   4.52 0.09  0.0    4  6.6 12.8      4021
 4022 2021- 6-13 18:39     - 54 40  161 59   5.01 0.32  0.0    5 25.8 29.0      4022
 4023 2021- 6-13 18:58     - 55 42  162 44   7.25 0.87  0.0    6  7.7 73.3      4023
 4024 2021- 6-13 19:13     - 54 25  161 31   4.33 0.15  0.0    6  7.6 16.0      4024
 4025 2021- 6-13 19:27     - 54 23  161 21   3.72 0.61  0.0    6 22.2 46.9      4025
 4026 2021- 6-13 19:37       54 59  160 48  55.10 0.06  0.0    9  1.8  3.1      4026
 4027 2021- 6-13 19:43     - 55  8  161 56   6.91 0.05  0.0    4  8.2 10.1      4027
 4028 2021- 6-13 19:43     - 55 14  162 60   6.66 0.82  0.0    6 11.8 68.8      4028
 4029 2021- 6-13 20:25     - 54 56  160 59  30.20 0.19  0.0   10 17.8  2.3      4029
 4030 2021- 6-13 20:25     - 54 47  160 43  26.45 0.15  0.0    7 13.4  2.4      4030
 4031 2021- 6-13 20:40     - 55 20  162 32   7.17 0.64  0.0    5 10.8 53.4      4031
 4032 2021- 6-13 22:24     - 54 52  162 53   4.91 0.01  0.0    4  5.1 11.4      4032
 4033 2021- 6-13 22:24     # 54 21  161 24   0.62 0.27  0.0    9  9.6 16.2      4033
 4034 2021- 6-13 22:25       55 19  161 48   3.41 0.00  0.0    4  1.7  1.6      4034
 4035 2021- 6-13 23:39     - 54 56  162 18   4.10 0.15  0.0    4 13.7 10.2      4035
 *** DISTANCE & RESIDUAL WEIGHTING CANCELLED FOR EVENT: 2021  6 13 23 39
  SEQ ---DATE--- TIME REMARK -LAT-  --LON-  DEPTH  RMS PMAG  NUM  ERH  ERZ  ID
 4036 2021- 6-13 23:39     - 54 52  162 21   6.00 0.17  0.0    4 18.5  0.9      4036
 4037 2021- 6-14  0:12     - 55  9  162  6   4.44 0.22  0.0    4 17.0 12.3      4037
 4038 2021- 6-14  0:26       54 50  161 22  12.59 0.22  0.0   10 12.6  5.1      4038
 4039 2021- 6-14  0:26     - 54 43  161  5  18.52 0.22  0.0   10 14.5 20.0      4039
 4040 2021- 6-14  0:54     - 54 55  160 59  26.91 0.19  0.0   10 17.0  3.1      4040
 4041 2021- 6-14  0:55     - 55  2  161  6   7.32 0.21  0.0    8 14.9 21.5      4041
 4042 2021- 6-14  1:55     # 55 23  161 30  28.26 0.87  0.0    7 18.8 23.3      4042
 4043 2021- 6-14  2:05     - 54 58  163 19   5.54 0.25  0.0    6  9.5 21.3      4043
 *** DISTANCE & RESIDUAL WEIGHTING CANCELLED FOR EVENT: 2021  6 14  4 38
 4044 2021- 6-14  4:38     - 55 20  161 44  12.41 2.13  0.0    4 99.0 20.1      4044
 4045 2021- 6-14  6:18     - 55  1  161 19  27.68 0.24  0.0    4 22.0 14.0      4045
 4046 2021- 6-14  6:18     - 55 13  162 21   1.26 0.07  0.0    4  2.3 13.9      4046
 4047 2021- 6-14  6:43     - 54 24  161 35   4.09 0.22  0.0    9  9.3 19.3      4047
 4048 2021- 6-14 10:42     - 54 42  161 23   0.52 0.19  0.0   11  8.2 15.6      4048
 4049 2021- 6-14 10:42     # 54 33  161 10   6.49 0.29  0.0   11 13.5  9.4      4049
 *** DISTANCE & RESIDUAL WEIGHTING CANCELLED FOR EVENT: 2021  6 14 16 50
 4050 2021- 6-14 16:50     - 55 19  161 48   2.17 0.12  0.0    4 10.0  6.3      4050
  SEQ ---DATE--- TIME REMARK -LAT-  --LON-  DEPTH  RMS PMAG  NUM  ERH  ERZ  ID
 4051 2021- 6-14 20:30     - 55 18  161 34   4.22 0.03  0.0    4 10.2  1.6      4051
 *** DISTANCE & RESIDUAL WEIGHTING CANCELLED FOR EVENT: 2021  6 14 21 40
 4052 2021- 6-14 21:40     - 55 18  161 53   5.00 0.59  0.0    4 19.5 42.1      4052
 4053 2021- 6-14 21:43     - 55 16  161 23  44.24 0.09  0.0    7 11.1  7.4      4053
 4054 2021- 6-15  0:25     - 55  6  161 15  29.92 0.25  0.0    9 17.8  7.1      4054
 *** DISTANCE & RESIDUAL WEIGHTING CANCELLED FOR EVENT: 2021  6 15  0 26
 4055 2021- 6-15  0:25     - 55  3  160 41   5.02 0.46  0.0    4 32.8 39.7      4055
 4056 2021- 6-15  0:25     - 55 43  162 18   9.73 0.36  0.0    6  6.2 28.0      4056
 *** DISTANCE & RESIDUAL WEIGHTING CANCELLED FOR EVENT: 2021  6 15  4 53
 4057 2021- 6-15  4:53     - 54 57  163  7   4.54 0.14  0.0    4  7.4 15.1      4057
 4058 2021- 6-15  5:07     - 55  8  161 31  20.05 0.17  0.0    5 13.3  4.8      4058
 4059 2021- 6-15  5:07     - 54 56  161 19  33.91 0.08  0.0    6 11.1  3.4      4059
 *** DISTANCE & RESIDUAL WEIGHTING CANCELLED FOR EVENT: 2021  6 15  5 53
 4060 2021- 6-15  5:53     - 54 53  161  8  10.82 0.59  0.0    6 36.6 34.6      4060
 4061 2021- 6-15  5:53     - 54 44  161  9  30.19 0.11  0.0    4 13.9  2.0      4061
 *** DISTANCE & RESIDUAL WEIGHTING CANCELLED FOR EVENT: 2021  6 15  6 52
 4062 2021- 6-15  6:52     # 56  4  161 19   5.09 0.49  0.0    6 19.4 15.7      4062
 4063 2021- 6-15  8:17     - 54 57  161 17  28.27 0.25  0.0    6 19.2  8.8      4063
 4064 2021- 6-15  8:17     - 54 53  161  8   5.11 0.30  0.0    5 24.2 27.4      4064
 4065 2021- 6-15 10:40     - 54 33  162  6   4.85 0.18  0.0    8  8.1 17.4      4065
  SEQ ---DATE--- TIME REMARK -LAT-  --LON-  DEPTH  RMS PMAG  NUM  ERH  ERZ  ID
 4066 2021- 6-15 11:57     # 55 23  161 50   0.10 0.82  0.0    7  2.5 48.5      4066
 4067 2021- 6-15 11:58       55  9  161 59   9.20 0.12  0.0    6  1.8  3.3      4067
 4068 2021- 6-16 13:52       55 21  161 53  19.82 0.00  0.0    4  3.7  1.7      4068
 4069 2021- 6-16 17:04       55 21  161 50   1.37 0.44  0.0    8  2.0  3.7      4069
 4070 2021- 6-16 17:04     - 55 12  163 26   5.00 0.15  0.0    4 13.1 16.2      4070
 4071 2021- 6-16 17:19     - 54 48  161 11   3.64 0.20  0.0    8  7.9 15.2      4071
 4072 2021- 6-16 17:51     - 54 42  161 54   5.15 0.17  0.0    4 10.3 18.5      4072
 4073 2021- 6-16 18:14       54 57  162 15   3.54 0.09  0.0    6  1.6  2.9      4073
 4074 2021- 6-16 18:14     - 54 44  163  0   5.04 0.52  0.0    6 38.7 40.4      4074
 4075 2021- 6-16 18:34       54 59  162 16   2.93 0.08  0.0    5  1.5  3.6      4075
 4076 2021- 6-16 18:35     - 54 57  162 16   1.21 0.28  0.0    4  7.9 23.1      4076
 *** DISTANCE & RESIDUAL WEIGHTING CANCELLED FOR EVENT: 2021  6 16 18 48
 4077 2021- 6-16 18:48     - 55  5  163 17   6.02 0.27  0.0    4 10.8 23.4      4077
 4078 2021- 6-16 19:01     - 54 55  160 41  35.89 0.22  0.0   10 14.7 18.4      4078
 4079 2021- 6-16 19:01       55  4  161  8  22.84 0.21  0.0    9 10.7  5.8      4079
 4080 2021- 6-17  0:44     - 55 17  162  0   1.26 0.15  0.0    4  2.1 13.5      4080
  SEQ ---DATE--- TIME REMARK -LAT-  --LON-  DEPTH  RMS PMAG  NUM  ERH  ERZ  ID
 4081 2021- 6-17  4:22     - 54 40  161 31   5.00 0.09  0.0    6 11.3 14.5      4081
 4082 2021- 6-17  4:23       55  5  161 59   5.33 0.10  0.0    5  1.3  1.0      4082
 4083 2021- 6-17  5:04     - 54 46  161  6   5.94 0.25  0.0   17  8.4 17.5      4083
 *** DISTANCE & RESIDUAL WEIGHTING CANCELLED FOR EVENT: 2021  6 17  5 11
 4084 2021- 6-17  5:11     - 55 36  161 42  22.06 0.12  0.0    4 11.3 11.2      4084
 *** DISTANCE & RESIDUAL WEIGHTING CANCELLED FOR EVENT: 2021  6 17  7  4
 4085 2021- 6-17  7:04     - 54 28  162 28   5.00 0.93  0.0    4 78.1 71.0      4085
 4086 2021- 6-17  9:28     - 54 13  162  7   4.27 0.67  0.0    6 24.0 51.8      4086
 4087 2021- 6-17  9:32     - 54 41  161 13   5.77 0.03  0.0    4  5.3 11.5      4087
 4088 2021- 6-17 10:09     - 55 34  161 39   4.87 0.07  0.0    4  1.9 12.8      4088
 *** DISTANCE & RESIDUAL WEIGHTING CANCELLED FOR EVENT: 2021  6 17 10 11
 4089 2021- 6-17 10:11     - 55 34  161 33   3.12 0.48  0.0    4  4.7 36.7      4089
 4090 2021- 6-17 10:12       55 29  161 53  28.72 0.14  0.0    8  2.6  1.5      4090
 *** DISTANCE & RESIDUAL WEIGHTING CANCELLED FOR EVENT: 2021  6 17 13  0
 4091 2021- 6-17 13:00     - 54 57  161 25   5.00 0.25  0.0    4 22.4 24.2      4091
 *** DISTANCE & RESIDUAL WEIGHTING CANCELLED FOR EVENT: 2021  6 17 13  0
 4092 2021- 6-17 13:00     # 55 11  161 56   4.99 0.49  0.0    4  4.5  6.1      4092
 4093 2021- 6-17 14:24     - 54 31  161 40   4.91 0.25  0.0   13  8.7 18.5      4093
 4094 2021- 6-17 14:41     - 55 25  161 12  22.58 0.22  0.0    5 14.2 11.0      4094
 *** DISTANCE & RESIDUAL WEIGHTING CANCELLED FOR EVENT: 2021  6 17 14 42
 4095 2021- 6-17 14:42     - 55 22  161 23   5.00 0.52  0.0    5 17.5 35.3      4095
 *** DISTANCE & RESIDUAL WEIGHTING CANCELLED FOR EVENT: 2021  6 17 17  1
  SEQ ---DATE--- TIME REMARK -LAT-  --LON-  DEPTH  RMS PMAG  NUM  ERH  ERZ  ID
 4096 2021- 6-17 17:01     - 55 24  161 41  40.85 0.06  0.0    4 13.2  2.7      4096
 4097 2021- 6-17 17:11     - 55  5  163 22   4.80 0.88  0.0   11 28.3 60.3      4097
 4098 2021- 6-17 17:44     - 55 21  160 40  44.02 0.17  0.0   11 15.7  8.1      4098
 *** DISTANCE & RESIDUAL WEIGHTING CANCELLED FOR EVENT: 2021  6 17 17 45
 4099 2021- 6-17 17:44     - 55 57  162 14   5.15 0.53  0.0    7 38.7 45.1      4099
 4100 2021- 6-17 18:42     - 54 58  162 12  12.98 0.06  0.0    5  4.3 10.2      4100
 4101 2021- 6-17 18:42       54 56  162 15  21.86 0.01  0.0    5  3.9  6.7      4101
 4102 2021- 6-17 19:13     - 55 51  162 51   4.93 0.09  0.0    5  6.4 13.3      4102
 4103 2021- 6-18  1:42     - 55 17  160 42  34.00 0.21  0.0   10 15.6 19.6      4103
 4104 2021- 6-18  1:42     - 55 19  159 27   5.18 0.49  0.0   10 29.1 26.9      4104
 *** DISTANCE & RESIDUAL WEIGHTING CANCELLED FOR EVENT: 2021  6 18  2 59
 4105 2021- 6-18  2:59     # 55  5  162 13   2.32 0.27  0.0    4  2.9 17.4      4105
 4106 2021- 6-18  3:52     - 55 15  163 21   2.37 0.83  0.0   12 28.3 58.8      4106
 4107 2021- 6-18  4:08     - 54 56  162 17   6.52 0.11  0.0    5 12.3  8.3      4107
 4108 2021- 6-18  4:09     - 54 58  162 15   0.32 0.01  0.0    5  1.4 12.2      4108
 4109 2021- 6-18  4:33     - 54 57  162 14   7.86 0.03  0.0    6  6.0 10.4      4109
 4110 2021- 6-18  4:34     - 54 58  162 14   6.79 0.07  0.0    6  6.9 10.7      4110
 *** DISTANCE & RESIDUAL WEIGHTING CANCELLED FOR EVENT: 2021  6 18  9 38
  SEQ ---DATE--- TIME REMARK -LAT-  --LON-  DEPTH  RMS PMAG  NUM  ERH  ERZ  ID
 4111 2021- 6-18  9:38     - 55 19  161  5   5.00 0.40  0.0    4 15.1 32.6      4111
 4112 2021- 6-18 10:03     - 54 35  161 28   5.00 0.21  0.0   10 16.7 21.4      4112
 4113 2021- 6-18 10:03     - 54  8  161  5   5.05 0.17  0.0    9 12.9 10.6      4113
 4114 2021- 6-18 11:11     - 54 44  161 47   5.01 0.07  0.0    5  9.0 13.8      4114
 4115 2021- 6-18 11:11     - 54  5  161  7   4.25 0.22  0.0    9 15.8 12.9      4115
 4116 2021- 6-18 11:40     - 54 35  161 38   4.88 0.08  0.0    5  5.9 12.5      4116
 4117 2021- 6-18 11:50     - 55 41  162 60  59.12 0.07  0.0    4  6.0 12.3      4117
 4118 2021- 6-18 12:24     - 54 58  161 32   4.77 0.09  0.0    4  8.3 13.2      4118
 *** DISTANCE & RESIDUAL WEIGHTING CANCELLED FOR EVENT: 2021  6 18 12 26
 4119 2021- 6-18 12:26     # 55 20  161 49  12.31 1.36  0.0    5 24.7 13.7      4119
 4120 2021- 6-18 13:00     - 54 59  161 36  24.67 0.23  0.0    6 16.6  5.4      4120
 4121 2021- 6-18 13:00     - 55 20  162 13   1.74 0.17  0.0    4  4.4 16.5      4121
 *** DISTANCE & RESIDUAL WEIGHTING CANCELLED FOR EVENT: 2021  6 18 13 18
 4122 2021- 6-18 13:18     # 54 59  161 52  11.97 2.02  0.0    5 26.9 33.9      4122
 4123 2021- 6-18 18:29     - 54 40  163 33   5.05 0.07  0.0    4  7.7 12.5      4123
 4124 2021- 6-18 19:14     - 54 32  160 57   5.25 0.16  0.0   13  7.0 15.3      4124
 4125 2021- 6-18 19:15       55 13  162  9   9.16 0.00  0.0    4  1.7  4.2      4125
 *** DISTANCE & RESIDUAL WEIGHTING CANCELLED FOR EVENT: 2021  6 18 19 44
  SEQ ---DATE--- TIME REMARK -LAT-  --LON-  DEPTH  RMS PMAG  NUM  ERH  ERZ  ID
 4126 2021- 6-18 19:44     - 54 57  161 34   5.00 0.84  0.0    5 64.7 70.7      4126
 *** DISTANCE & RESIDUAL WEIGHTING CANCELLED FOR EVENT: 2021  6 18 19 45
 4127 2021- 6-18 19:45     - 55  9  161 58   4.60 0.21  0.0    4 13.9 15.7      4127
 *** DISTANCE & RESIDUAL WEIGHTING CANCELLED FOR EVENT: 2021  6 18 20 26
 4128 2021- 6-18 20:26     - 55 12  161 58   7.90 0.54  0.0    4  5.7 43.9      4128
 *** DISTANCE & RESIDUAL WEIGHTING CANCELLED FOR EVENT: 2021  6 18 20 34
 4129 2021- 6-18 20:34     - 55 42  162  6   5.00 1.27  0.0    4 99.0 90.0      4129
 4130 2021- 6-18 20:48     - 54 59  161 19  30.21 0.24  0.0    9 17.8  7.6      4130
 4131 2021- 6-18 20:48     - 54 34  160 27  31.58 0.25  0.0   10 18.9 24.1      4131
 4132 2021- 6-18 20:51     - 54 32  163 14   5.32 0.11  0.0    7  6.4 13.9      4132
 4133 2021- 6-18 20:52     - 55 17  162  9   0.50 0.12  0.0    4  2.3 14.5      4133
 4134 2021- 6-18 21:25     - 55 44  161 53   4.26 0.42  0.0    5 15.9 34.0      4134
 4135 2021- 6-18 21:52     - 56  2  161 13   4.35 0.09  0.0    4 10.8  9.4      4135
 4136 2021- 6-18 22:39     - 55 46  161  5   4.33 0.32  0.0    5 12.2 26.5      4136
 4137 2021- 6-18 22:54     - 55 11  162 17  13.08 3.28  0.0    4 98.0 45.7      4137
 4138 2021- 6-18 23:00     - 54 57  162 26   4.01 0.07  0.0    4 13.3  4.9      4138
 *** DISTANCE & RESIDUAL WEIGHTING CANCELLED FOR EVENT: 2021  6 18 23 18
 4139 2021- 6-18 23:18     - 55 14  163  3   5.00 1.11  0.0    4 39.4 84.2      4139
 *** DISTANCE & RESIDUAL WEIGHTING CANCELLED FOR EVENT: 2021  6 18 23 53
 4140 2021- 6-18 23:53     # 54 59  162  7   5.00 0.74  0.0    4  4.4 36.9      4140
 *** DISTANCE & RESIDUAL WEIGHTING CANCELLED FOR EVENT: 2021  6 18 23 53
  SEQ ---DATE--- TIME REMARK -LAT-  --LON-  DEPTH  RMS PMAG  NUM  ERH  ERZ  ID
 4141 2021- 6-18 23:53     - 54 56  162 22  40.68 0.54  0.0    4 40.4  4.7      4141
 4142 2021- 6-18 23:55     - 54 54  160 28  37.46 0.10  0.0   11  1.6 13.9      4142
 *** DISTANCE & RESIDUAL WEIGHTING CANCELLED FOR EVENT: 2021  6 19  1 15
 4143 2021- 6-19  1:15     # 54 58  162 12   5.00 1.42  0.0    4 54.3 64.4      4143
 4144 2021- 6-19  1:25       55 19  161 55  20.36 0.12  0.0    6  4.1  2.0      4144
 4145 2021- 6-19  2:53       55  1  162 21  15.39 0.10  0.0    6  5.9  6.4      4145
 4146 2021- 6-19  2:53     - 55  1  162 18   2.82 0.05  0.0    4  2.8 10.1      4146
 *** DISTANCE & RESIDUAL WEIGHTING CANCELLED FOR EVENT: 2021  6 19  2 54
 4147 2021- 6-19  2:54     - 55 30  161 57   4.94 0.84  0.0    4 70.9 26.9      4147
 *** DISTANCE & RESIDUAL WEIGHTING CANCELLED FOR EVENT: 2021  6 19  6 30
 4148 2021- 6-19  6:30     - 55 43  160 34   5.00 0.66  0.0    4 46.3 21.9      4148
 4149 2021- 6-19  7:50     # 54 20  163  6  17.88 0.22  0.0   11  8.7  2.7      4149
 *** DISTANCE & RESIDUAL WEIGHTING CANCELLED FOR EVENT: 2021  6 19  8  0
 4150 2021- 6-19  7:59     # 55 24  161 58   5.00 0.83  0.0    4 36.2 30.0      4150
 4151 2021- 6-19  8:40     - 54 36  161 20   7.05 0.36  0.0    8  2.5 32.8      4151
 4152 2021- 6-19 10:14     - 54 47  160 60  28.35 0.23  0.0   10 19.4  3.3      4152
 4153 2021- 6-19 10:14     - 54 42  160 55  28.40 0.10  0.0    7 10.9  1.7      4153
 4154 2021- 6-19 10:16     - 54 57  160 45   4.89 0.20  0.0   13  7.7 16.9      4154
 4155 2021- 6-19 10:58     - 55 10  163 16   5.22 0.28  0.0    5 10.6 22.9      4155
  SEQ ---DATE--- TIME REMARK -LAT-  --LON-  DEPTH  RMS PMAG  NUM  ERH  ERZ  ID
 4156 2021- 6-19 12:10     - 54 56  162  6  11.64 0.03  0.0    4  3.8 12.0      4156
 4157 2021- 6-19 12:35       55 11  162 14  94.39 0.08  0.0    7  6.1  1.3      4157
 4158 2021- 6-19 12:35     - 55 50  160 31   6.23 0.71  0.0   11 42.3 33.1      4158
 4159 2021- 6-19 12:36     - 55 31  161 47   4.93 0.21  0.0    4  2.6 19.6      4159
 4160 2021- 6-19 14:34     - 55 39  161 31   5.26 0.07  0.0    4 13.7 12.4      4160
 4161 2021- 6-19 15:59     - 55 25  162 37   5.10 0.48  0.0    6  7.3 41.8      4161
 *** DISTANCE & RESIDUAL WEIGHTING CANCELLED FOR EVENT: 2021  6 19 16 10
 4162 2021- 6-19 16:09     # 55 18  162 32   3.60 0.25  0.0    4  6.0  6.2      4162
 4163 2021- 6-19 16:16     - 55 11  161 44  11.92 0.06  0.0    4 10.9  7.4      4163
 4164 2021- 6-19 16:32     - 54 57  162  4   4.90 0.04  0.0    4  2.4 12.8      4164
 4165 2021- 6-19 21:40       55 19  161 56  24.03 0.15  0.0    7  3.1  1.2      4165
 4166 2021- 6-19 23:18     - 55  5  161 55   2.50 0.37  0.0    4  6.7 23.9      4166
 *** DISTANCE & RESIDUAL WEIGHTING CANCELLED FOR EVENT: 2021  6 20  0  0
 4167 2021- 6-19 23:59     - 55 16  162 40   5.00 0.82  0.0    4 49.1 69.0      4167
 4168 2021- 6-20  0:15     - 54 44  161 53   5.02 0.16  0.0    6 11.7 18.4      4168
 *** DISTANCE & RESIDUAL WEIGHTING CANCELLED FOR EVENT: 2021  6 20  0 15
 4169 2021- 6-20  0:15     - 54 39  161 39   5.02 1.24  0.0    5 65.4 48.4      4169
 4170 2021- 6-20  0:20     - 54 56  162 17   4.84 0.03  0.0    5  7.3  6.3      4170
  SEQ ---DATE--- TIME REMARK -LAT-  --LON-  DEPTH  RMS PMAG  NUM  ERH  ERZ  ID
 4171 2021- 6-20  0:21     - 54 57  162 17   0.00 0.46  0.0    5  4.6 38.1      4171
 *** DISTANCE & RESIDUAL WEIGHTING CANCELLED FOR EVENT: 2021  6 20  0 45
 4172 2021- 6-20  0:45     # 55  0  162 41  10.70 2.01  0.0    4 27.0 91.1      4172
 *** DISTANCE & RESIDUAL WEIGHTING CANCELLED FOR EVENT: 2021  6 20  1 48
 4173 2021- 6-20  1:48     - 55 23  162  3   5.00 0.45  0.0    4 23.4 31.1      4173
 4174 2021- 6-20  1:58     - 55  9  161 18  15.71 0.11  0.0    4  8.4 11.3      4174
 4175 2021- 6-20  2:39     - 54 53  163  4   5.53 0.09  0.0    6  5.5 12.4      4175
 4176 2021- 6-20  2:39     - 54 52  161 26   4.64 0.12  0.0    8  4.5 13.2      4176
 4177 2021- 6-20  2:41     - 54 30  161 14   4.90 0.03  0.0    5  5.3 11.6      4177
 *** DISTANCE & RESIDUAL WEIGHTING CANCELLED FOR EVENT: 2021  6 20  2 45
 4178 2021- 6-20  2:44     - 54 31  161 22   4.50 0.12  0.0    4  6.2 14.4      4178
 *** DISTANCE & RESIDUAL WEIGHTING CANCELLED FOR EVENT: 2021  6 20  2 44
 4179 2021- 6-20  2:44     # 55  2  162 42   4.99 0.90  0.0    4 35.4 26.9      4179
 4180 2021- 6-20  3:23     - 54 54  162 52   5.67 0.01  0.0    4  5.5 11.2      4180
 *** DISTANCE & RESIDUAL WEIGHTING CANCELLED FOR EVENT: 2021  6 20  5  9
 4181 2021- 6-20  5:09     - 55 53  163  7   5.86 0.30  0.0    5 11.6 25.0      4181
 4182 2021- 6-20  5:48     - 54 24  162 50   4.32 0.06  0.0    5  5.6 12.1      4182
 4183 2021- 6-20  6:25     - 55 13  163 26   0.01 0.75  0.0   10 27.0 55.2      4183
 4184 2021- 6-20  6:56     # 54 31  160 44   4.66 0.20  0.0   11  2.9  4.8      4184
 4185 2021- 6-20  7:47       54 34  161 20   8.78 0.13  0.0    9  4.5  3.8      4185
 *** DISTANCE & RESIDUAL WEIGHTING CANCELLED FOR EVENT: 2021  6 20  7 47
  SEQ ---DATE--- TIME REMARK -LAT-  --LON-  DEPTH  RMS PMAG  NUM  ERH  ERZ  ID
 4186 2021- 6-20  7:47     # 54 55  162 42   5.01 0.67  0.0    7 13.1  8.1      4186
 *** DISTANCE & RESIDUAL WEIGHTING CANCELLED FOR EVENT: 2021  6 20  8  0
 4187 2021- 6-20  7:59     - 55 22  161 56  66.32 0.15  0.0    4 11.8 15.9      4187
 *** DISTANCE & RESIDUAL WEIGHTING CANCELLED FOR EVENT: 2021  6 20 11 15
 4188 2021- 6-20 11:15     - 55 39  162  9   5.00 4.57  0.0    4 94.6 78.0      4188
 4189 2021- 6-20 11:16       55 37  162 16   4.26 0.18  0.0    5  5.2  2.9      4189
 4190 2021- 6-20 12:02     - 55  6  161  2   5.01 0.17  0.0    5 16.1 18.7      4190
 4191 2021- 6-20 12:02       55 24  162  7  14.77 0.00  0.0    4  3.4  5.5      4191
 *** DISTANCE & RESIDUAL WEIGHTING CANCELLED FOR EVENT: 2021  6 20 12  4
 4192 2021- 6-20 12:04     - 55 16  161 47   5.92 0.51  0.0    4 38.2 17.7      4192
 *** DISTANCE & RESIDUAL WEIGHTING CANCELLED FOR EVENT: 2021  6 20 12 39
 4193 2021- 6-20 12:39     - 55  9  162 53  51.93 0.07  0.0    4  5.7 10.2      4193
 4194 2021- 6-20 12:52     - 54 58  162  5   4.83 0.04  0.0    4  1.8 12.8      4194
 4195 2021- 6-20 15:00     - 54 57  161 36  23.18 0.12  0.0    6 13.0  4.4      4195
 4196 2021- 6-20 15:01     # 55  7  161 38   5.31 0.25  0.0    5  5.5  2.0      4196
 4197 2021- 6-20 15:05     - 54 30  161 46   4.65 0.22  0.0   14  6.7 14.5      4197
 *** DISTANCE & RESIDUAL WEIGHTING CANCELLED FOR EVENT: 2021  6 20 15 15
 4198 2021- 6-20 15:14     - 55 20  161 10  48.64 0.46  0.0    5 34.7 15.5      4198
 *** DISTANCE & RESIDUAL WEIGHTING CANCELLED FOR EVENT: 2021  6 20 15 41
 4199 2021- 6-20 15:40     # 55 26  161 50   5.00 0.41  0.0    5  2.8 21.7      4199
 4200 2021- 6-20 16:05     - 54 41  160 57   4.94 0.20  0.0    9 16.4 20.9      4200
 *** DISTANCE & RESIDUAL WEIGHTING CANCELLED FOR EVENT: 2021  6 20 16  5
  SEQ ---DATE--- TIME REMARK -LAT-  --LON-  DEPTH  RMS PMAG  NUM  ERH  ERZ  ID
 4201 2021- 6-20 16:05     - 55 56  162 36   5.31 0.30  0.0    6 10.9 25.0      4201
 4202 2021- 6-20 17:18     - 54 45  161 39   5.03 0.38  0.0    9 18.0 34.2      4202
 4203 2021- 6-20 17:37     - 54 36  161 26   5.01 0.68  0.0    9 43.2 57.7      4203
 4204 2021- 6-20 18:08     - 54 25  161 18   5.07 0.16  0.0    6  7.5 16.5      4204
 4205 2021- 6-20 21:04     - 54 60  161 56   5.00 0.07  0.0    4  1.9 11.2      4205
 4206 2021- 6-20 21:38     - 54 45  162 35   5.62 0.19  0.0   12  8.3 18.0      4206
 *** DISTANCE & RESIDUAL WEIGHTING CANCELLED FOR EVENT: 2021  6 20 22 54
 4207 2021- 6-20 22:53     - 55 43  161 15   5.00 0.27  0.0    4  9.9 23.9      4207
 4208 2021- 6-20 23:54     - 55 10  162  1   7.14 0.08  0.0    4  5.4 13.0      4208
 4209 2021- 6-20 23:55     - 54 53  162 48   5.22 0.01  0.0    4  5.2 11.4      4209
 4210 2021- 6-21  0:08     - 54 53  162  9   0.27 0.09  0.0    5  3.0 14.6      4210
 *** DISTANCE & RESIDUAL WEIGHTING CANCELLED FOR EVENT: 2021  6 21  0  9
 4211 2021- 6-21  0:08     - 54 39  162 20   5.07 0.75  0.0    4 55.9 62.6      4211
 4212 2021- 6-21  1:44       55 15  161 52  30.18 0.02  0.0    5  1.1  2.3      4212
 4213 2021- 6-21  1:52     - 54 52  162 26  49.32 0.14  0.0    4  9.4 14.0      4213
 4214 2021- 6-21  2:15     - 55 27  163 19   2.84 1.07  0.0   13 30.3 66.4      4214
 4215 2021- 6-21  2:33       54 53  162 11   4.93 0.07  0.0    5  3.3  1.4      4215
 *** DISTANCE & RESIDUAL WEIGHTING CANCELLED FOR EVENT: 2021  6 21  2 33
  SEQ ---DATE--- TIME REMARK -LAT-  --LON-  DEPTH  RMS PMAG  NUM  ERH  ERZ  ID
 4216 2021- 6-21  2:33     # 55  7  161 59   6.01 0.95  0.0    4 31.0 16.4      4216
 *** DISTANCE & RESIDUAL WEIGHTING CANCELLED FOR EVENT: 2021  6 21  2 33
 4217 2021- 6-21  2:33     # 54 54  162 11   5.09 0.48  0.0    5 23.2 11.5      4217
 4218 2021- 6-21  2:35       55  6  162 13   5.20 0.03  0.0    6  1.7  2.1      4218
 *** DISTANCE & RESIDUAL WEIGHTING CANCELLED FOR EVENT: 2021  6 21  3 36
 4219 2021- 6-21  3:36     - 55  5  161 54   1.98 0.28  0.0    4 11.0 20.3      4219
 *** DISTANCE & RESIDUAL WEIGHTING CANCELLED FOR EVENT: 2021  6 21  8  0
 4220 2021- 6-21  7:59     # 55 25  161 55   5.00 0.39  0.0    4  5.0 15.3      4220
 4221 2021- 6-21  8:02     - 55 22  161 23   6.87 0.23  0.0    5  4.2 22.4      4221
 4222 2021- 6-21  9:56     - 54 40  160 57  23.43 0.18  0.0    9 13.3 14.8      4222
 4223 2021- 6-21  9:57       55  9  161 33   5.65 0.11  0.0    6  1.7  8.8      4223
 4224 2021- 6-21 10:04       55  6  162 13   4.52 0.08  0.0    9  0.7  1.5      4224
 4225 2021- 6-21 11:26     - 54 25  161 20   5.04 0.43  0.0    6 34.8 38.1      4225
 4226 2021- 6-21 11:55     - 55 18  161 36   8.09 0.08  0.0    4  3.3 10.5      4226
 4227 2021- 6-21 13:04     - 54 56  160 13   2.78 0.07  0.0    5  9.3  7.6      4227
 *** DISTANCE & RESIDUAL WEIGHTING CANCELLED FOR EVENT: 2021  6 21 13  4
 4228 2021- 6-21 13:04     - 55 40  162 16   5.58 0.56  0.0    4 30.0 48.1      4228
 4229 2021- 6-21 13:04       55 24  161 43  27.69 0.05  0.0    5  2.9  1.5      4229
 4230 2021- 6-21 13:54     - 54 26  161 22  12.54 0.18  0.0    9 16.7  2.3      4230
  SEQ ---DATE--- TIME REMARK -LAT-  --LON-  DEPTH  RMS PMAG  NUM  ERH  ERZ  ID
 4231 2021- 6-21 13:54     - 54 13  161  9   6.12 0.35  0.0    8 22.9 14.4      4231
 *** DISTANCE & RESIDUAL WEIGHTING CANCELLED FOR EVENT: 2021  6 21 13 58
 4232 2021- 6-21 13:58     # 55  1  161 58   5.01 0.72  0.0    6  4.2  3.6      4232
 4233 2021- 6-21 14:03     - 54 42  161 45   5.00 0.10  0.0    4 11.9 14.8      4233
 4234 2021- 6-21 14:03     # 55  2  161 55  14.13 0.39  0.0    5 17.6 11.4      4234
 4235 2021- 6-21 14:23     - 54 44  161 49   5.04 0.03  0.0    4  9.3 12.8      4235
 *** DISTANCE & RESIDUAL WEIGHTING CANCELLED FOR EVENT: 2021  6 21 14 24
 4236 2021- 6-21 14:24     # 55  9  162  0   2.59 0.80  0.0    8  2.3  5.3      4236
 4237 2021- 6-21 14:53     - 55 10  163 18   6.31 0.18  0.0    5  9.0 17.4      4237
 4238 2021- 6-21 14:53     - 54 25  161 36  13.99 0.22  0.0   10  9.9 20.0      4238
 *** DISTANCE & RESIDUAL WEIGHTING CANCELLED FOR EVENT: 2021  6 21 16  0
 4239 2021- 6-21 16:00     - 55 22  162 25   5.00 0.88  0.0    4 28.3 64.2      4239
 4240 2021- 6-21 17:21     - 54 38  161 16   5.18 0.18  0.0   18  6.9 14.6      4240
 *** DISTANCE & RESIDUAL WEIGHTING CANCELLED FOR EVENT: 2021  6 22  0  0
 4241 2021- 6-21 23:59     - 55 39  163 30   5.00 1.01  0.0    5 72.1 84.3      4241
 *** DISTANCE & RESIDUAL WEIGHTING CANCELLED FOR EVENT: 2021  6 22  2 35
 4242 2021- 6-22  2:35     - 55 17  161 47  35.62 0.19  0.0    4  8.2 14.0      4242
 4243 2021- 6-22  4:04       55  8  161 52   0.43 0.00  0.0    4  3.5  1.4      4243
 4244 2021- 6-22  5:22     - 55 50  160 29   0.62 0.27  0.0    7 23.7 25.2      4244
 4245 2021- 6-22  5:22     - 55 54  160 25   0.31 0.17  0.0    7 14.9  9.0      4245
  SEQ ---DATE--- TIME REMARK -LAT-  --LON-  DEPTH  RMS PMAG  NUM  ERH  ERZ  ID
 4246 2021- 6-22  6:26     - 55 49  162  7   0.79 0.09  0.0    4  6.4 13.2      4246
 4247 2021- 6-22  7:04     - 54 35  161 21   5.08 0.29  0.0   15  8.7 18.9      4247
 4248 2021- 6-22  7:55     - 55 22  162 43   0.01 0.62  0.0    4 42.6 28.7      4248
 4249 2021- 6-22  7:59     - 55 22  162 15  14.64 0.20  0.0    5  3.2 16.5      4249
 4250 2021- 6-22  8:02       55 12  161 43  23.52 0.07  0.0    6  3.4  2.6      4250
 4251 2021- 6-22  9:14     - 55  1  163 20   4.77 0.01  0.0    4  5.2 11.4      4251
 4252 2021- 6-22  9:54       55  5  162 59   4.89 0.18  0.0    7  5.0 10.7      4252
 4253 2021- 6-22  9:59       55 18  161 36  28.39 0.03  0.0    6  1.9  1.4      4253
 4254 2021- 6-22 10:01     - 54 57  161 26  31.47 0.16  0.0    5 16.7  6.3      4254
 4255 2021- 6-22 10:01     - 54 43  160 46  36.84 0.10  0.0    6  9.2 10.8      4255
 *** DISTANCE & RESIDUAL WEIGHTING CANCELLED FOR EVENT: 2021  6 22 13 54
 4256 2021- 6-22 13:54     # 55  4  162  0   8.31 0.64  0.0    7  3.3  8.2      4256
 4257 2021- 6-22 15:53     - 54 31  161 15   5.00 0.20  0.0    8 17.0 18.3      4257
 4258 2021- 6-22 15:54     - 54 25  161 27   1.55 0.12  0.0    6 11.7  6.7      4258
 4259 2021- 6-22 17:35       54 45  163 39   9.89 0.10  0.0    7  3.4  3.0      4259
 4260 2021- 6-22 18:38     - 54 49  160 50  26.54 0.23  0.0   11 18.9  4.2      4260
  SEQ ---DATE--- TIME REMARK -LAT-  --LON-  DEPTH  RMS PMAG  NUM  ERH  ERZ  ID
 4261 2021- 6-22 18:38     - 54 44  160 49  27.15 0.10  0.0   10 10.2  1.9      4261
 4262 2021- 6-22 19:03     - 55 42  161 17   5.19 0.54  0.0    6 19.5 42.4      4262
 4263 2021- 6-22 19:40     - 54 30  161 50   5.42 0.18  0.0   11  7.9 17.1      4263
 *** DISTANCE & RESIDUAL WEIGHTING CANCELLED FOR EVENT: 2021  6 22 19 54
 4264 2021- 6-22 19:54     - 54 54  161  1   5.03 0.48  0.0    5 36.8 40.6      4264
 *** DISTANCE & RESIDUAL WEIGHTING CANCELLED FOR EVENT: 2021  6 22 20  2
 4265 2021- 6-22 20:02     # 55 23  161 51  12.33 0.30  0.0    6  3.5  5.4      4265
 *** DISTANCE & RESIDUAL WEIGHTING CANCELLED FOR EVENT: 2021  6 22 20 35
 4266 2021- 6-22 20:35     # 55 16  161 51   5.00 0.70  0.0    4  8.4  6.2      4266
 4267 2021- 6-22 23:12     - 54 54  161 53   5.27 0.21  0.0    4 20.3 21.5      4267
 4268 2021- 6-22 23:12       54 59  161 54   3.90 0.03  0.0    5  0.9  0.8      4268
 *** DISTANCE & RESIDUAL WEIGHTING CANCELLED FOR EVENT: 2021  6 23  1 16
 4269 2021- 6-23  1:16     # 55  7  161 55   7.08 0.38  0.0    4 14.1 12.2      4269
 4270 2021- 6-23  1:16     # 55  8  161 44   6.05 0.25  0.0    6  3.4  0.8      4270
 4271 2021- 6-23  5:06       55 23  161 12  31.44 0.22  0.0    8 15.5  3.9      4271
 4272 2021- 6-23  5:06       55 17  161 52   5.22 0.08  0.0    5  2.3  2.1      4272
 4273 2021- 6-23 10:29     - 55  5  161 17  10.14 0.05  0.0    4 12.3 11.4      4273
 4274 2021- 6-23 10:29     - 54 58  161  9   5.01 0.13  0.0    4 14.4 15.1      4274
 4275 2021- 6-23 12:36     - 55 26  162 45   6.59 0.14  0.0    7  2.7 17.2      4275
  SEQ ---DATE--- TIME REMARK -LAT-  --LON-  DEPTH  RMS PMAG  NUM  ERH  ERZ  ID
 4276 2021- 6-23 12:36     - 54 41  161 13   0.31 0.36  0.0    5 20.1 29.5      4276
 4277 2021- 6-23 12:37     - 55  7  161 37   3.60 0.05  0.0    4 12.1  2.0      4277
 4278 2021- 6-23 17:50     - 55  4  161 36   5.01 0.17  0.0    4 15.3 19.1      4278
 *** DISTANCE & RESIDUAL WEIGHTING CANCELLED FOR EVENT: 2021  6 23 22  5
 4279 2021- 6-23 22:05     - 55 19  161 43  11.86 2.24  0.0    4 99.0 14.4      4279
 *** DISTANCE & RESIDUAL WEIGHTING CANCELLED FOR EVENT: 2021  6 24  2 36
 4280 2021- 6-24  2:36     - 55 23  161 60   0.55 0.38  0.0    5  6.6 25.8      4280
 4281 2021- 6-24  3:46     - 54 55  161 29   6.43 0.19  0.0    5 17.2 20.1      4281
 4282 2021- 6-25  0:39     - 54 58  161 33  27.43 0.12  0.0    8 13.7  4.7      4282
 *** DISTANCE & RESIDUAL WEIGHTING CANCELLED FOR EVENT: 2021  6 25  0 39
 4283 2021- 6-25  0:39     - 54 43  161  0   5.04 0.38  0.0    5 29.9 33.2      4283
 4284 2021- 6-25  3:29     - 55 15  161 38  17.39 0.02  0.0    4 12.7  1.1      4284
 *** DISTANCE & RESIDUAL WEIGHTING CANCELLED FOR EVENT: 2021  6 25  8 20
 4285 2021- 6-25  8:20     # 55 21  162  5   5.00 0.52  0.0    4  6.7 30.7      4285
 *** DISTANCE & RESIDUAL WEIGHTING CANCELLED FOR EVENT: 2021  6 25  9 27
 4286 2021- 6-25  9:27     - 55 17  161 39   2.19 0.37  0.0    4  5.2 24.2      4286
 *** DISTANCE & RESIDUAL WEIGHTING CANCELLED FOR EVENT: 2021  6 25 11 10
 4287 2021- 6-25 11:10     - 54  7  160 49   4.71 0.32  0.0    4 23.0 17.8      4287
 4288 2021- 6-25 14:48     - 55 18  162 34   4.88 0.05  0.0    4  5.9 11.7      4288
 4289 2021- 6-25 15:19     - 55  4  161 23   5.01 0.08  0.0    4 12.5 14.2      4289
 *** DISTANCE & RESIDUAL WEIGHTING CANCELLED FOR EVENT: 2021  6 25 15 22
 4290 2021- 6-25 15:22     # 55 13  161 50   7.71 0.45  0.0    5 11.0 18.0      4290
  SEQ ---DATE--- TIME REMARK -LAT-  --LON-  DEPTH  RMS PMAG  NUM  ERH  ERZ  ID
 4291 2021- 6-25 15:23       55 14  161 35  26.25 0.08  0.0    5  5.3  3.9      4291
 4292 2021- 6-25 18:16     - 54 48  160 24  11.73 0.20  0.0   16  8.8 17.8      4292
 4293 2021- 6-25 18:34     - 55  1  161 21   8.48 0.12  0.0    4 14.6 15.6      4293
 4294 2021- 6-25 18:35     - 54 60  161 34  19.64 0.10  0.0    5 10.7  2.0      4294
 4295 2021- 6-25 19:11     # 55 15  163 30   0.31 0.72  0.0   18 16.2 33.3      4295
 *** DISTANCE & RESIDUAL WEIGHTING CANCELLED FOR EVENT: 2021  6 25 20 29
 4296 2021- 6-25 20:29     # 55  9  161 54   6.16 0.09  0.0    4  4.2  3.4      4296
 *** DISTANCE & RESIDUAL WEIGHTING CANCELLED FOR EVENT: 2021  6 25 22  4
 4297 2021- 6-25 22:04     - 55 24  161 49  15.81 0.44  0.0    4 39.1  4.2      4297
 4298 2021- 6-26  0:43     - 54 55  162 11   0.90 0.08  0.0    5  3.5 13.9      4298
 4299 2021- 6-26  2:45     - 54 37  161 19   4.69 0.22  0.0   15  7.9 17.0      4299
 4300 2021- 6-26  3:05     - 54 58  161 35  20.11 0.04  0.0    4 12.3  3.6      4300
 4301 2021- 6-26  3:13     - 55 11  161 16   4.64 0.17  0.0    9  7.6 14.6      4301
 4302 2021- 6-26  3:14       55 22  161 49  10.28 0.00  0.0    4  2.0  2.3      4302
 *** DISTANCE & RESIDUAL WEIGHTING CANCELLED FOR EVENT: 2021  6 26  3 43
 4303 2021- 6-26  3:43     # 54 59  162 19   4.91 0.83  0.0    5 38.1  8.6      4303
 4304 2021- 6-26 12:49     # 54 52  162  9   0.03 0.06  0.0    9  3.0  1.5      4304
 4305 2021- 6-26 12:49     # 54 50  162 10   0.00 1.23  0.0    8 18.2  8.3      4305
  SEQ ---DATE--- TIME REMARK -LAT-  --LON-  DEPTH  RMS PMAG  NUM  ERH  ERZ  ID
 4306 2021- 6-26 15:14     - 54 33  161 46   3.83 0.16  0.0    6  7.9 16.3      4306
 *** DISTANCE & RESIDUAL WEIGHTING CANCELLED FOR EVENT: 2021  6 26 15 36
 4307 2021- 6-26 15:36     # 55 14  161 54  19.67 0.24  0.0    4 11.7  8.6      4307
 *** DISTANCE & RESIDUAL WEIGHTING CANCELLED FOR EVENT: 2021  6 26 16  3
 4308 2021- 6-26 16:03     # 55 27  161 47   8.03 0.90  0.0    5 10.2 25.6      4308
 4309 2021- 6-26 16:31     - 55 19  160 29  34.21 0.14  0.0    8  3.7 16.8      4309
 4310 2021- 6-26 16:33     - 55 22  161 36   0.03 0.14  0.0    4 16.5  2.6      4310
 *** DISTANCE & RESIDUAL WEIGHTING CANCELLED FOR EVENT: 2021  6 26 18 36
 4311 2021- 6-26 18:36     - 55 24  161 38  43.60 0.32  0.0    4 28.8  6.9      4311
 4312 2021- 6-26 18:49     - 55 13  161  1  33.17 0.18  0.0   10 15.1 17.4      4312
 *** DISTANCE & RESIDUAL WEIGHTING CANCELLED FOR EVENT: 2021  6 26 18 50
 4313 2021- 6-26 18:50     # 55 24  161 46   7.47 0.76  0.0    4 11.8 14.7      4313
 4314 2021- 6-26 18:57     - 54 39  161 59   5.00 0.12  0.0    4 13.4 15.7      4314
 4315 2021- 6-26 20:04     - 54 51  161 51   5.00 0.18  0.0    7  5.9 19.2      4315
 4316 2021- 6-26 20:04     - 54 26  161 22   6.36 0.31  0.0   10 19.0 10.9      4316
 4317 2021- 6-27  0:18     - 54 41  162 55   4.73 0.10  0.0    6  6.2 13.5      4317
 4318 2021- 6-27  1:20     - 54 36  161 17   4.15 0.39  0.0   14 13.1 27.7      4318
 *** DISTANCE & RESIDUAL WEIGHTING CANCELLED FOR EVENT: 2021  6 27  1 22
 4319 2021- 6-27  1:22     - 55  0  163 10   5.09 0.59  0.0    5 18.7 46.4      4319
 4320 2021- 6-27  1:22     - 54 54  162 11   5.65 0.12  0.0    4 13.7  4.3      4320
  SEQ ---DATE--- TIME REMARK -LAT-  --LON-  DEPTH  RMS PMAG  NUM  ERH  ERZ  ID
 4321 2021- 6-27  1:22     - 55  3  162 39   5.45 0.67  0.0    4 54.7 11.7      4321
 4322 2021- 6-27  1:59     - 54 36  161 17   4.88 0.16  0.0    9  7.0 15.2      4322
 4323 2021- 6-27  3:10       55  6  162 13   4.06 0.06  0.0    8  0.7  1.7      4323
 *** DISTANCE & RESIDUAL WEIGHTING CANCELLED FOR EVENT: 2021  6 27  3 22
 4324 2021- 6-27  3:22     - 55 24  161 51   1.09 0.48  0.0    4  4.8 30.5      4324
 4325 2021- 6-27  3:22     - 54 44  161 51   5.24 0.10  0.0    4  6.3 13.6      4325
 4326 2021- 6-27  4:32     - 54 56  161 24  23.66 0.01  0.0    4 11.9  5.0      4326
 4327 2021- 6-27  4:51     - 55 10  161 12   5.00 0.35  0.0    6 24.8 31.6      4327
 *** DISTANCE & RESIDUAL WEIGHTING CANCELLED FOR EVENT: 2021  6 27  4 52
 4328 2021- 6-27  4:51     - 55 10  161 11  20.39 0.55  0.0    5 32.5 13.5      4328
 4329 2021- 6-27  5:24     - 55  4  162 53   4.88 0.09  0.0    5  6.3 13.0      4329
 4330 2021- 6-27  7:15     - 55 58  160 30   0.23 0.39  0.0    8 15.6 30.9      4330
 4331 2021- 6-27  7:25     - 54 60  162 32  63.23 0.12  0.0    5  7.4 13.7      4331
 4332 2021- 6-27  8:17     - 54 50  161 16  28.89 0.16  0.0    7 15.8  6.9      4332
 4333 2021- 6-27  8:17     - 54 53  161 28   6.67 0.20  0.0    4 13.4 20.6      4333
 4334 2021- 6-27  9:36     - 55 15  163 29   4.94 0.66  0.0    5 23.6 50.8      4334
 4335 2021- 6-27  9:40     - 55 12  161 39  35.26 0.00  0.0    4  7.4  6.0      4335
  SEQ ---DATE--- TIME REMARK -LAT-  --LON-  DEPTH  RMS PMAG  NUM  ERH  ERZ  ID
 4336 2021- 6-27 10:16       55 22  161 32   9.16 0.00  0.0    4  3.6  6.8      4336
 4337 2021- 6-27 12:23     - 55 23  163  9   6.65 0.08  0.0    4  2.3 14.0      4337
 *** DISTANCE & RESIDUAL WEIGHTING CANCELLED FOR EVENT: 2021  6 27 14 24
 4338 2021- 6-27 14:24     - 54 54  161 48   5.00 0.29  0.0    4 26.8  2.2      4338
 4339 2021- 6-27 14:31       55 17  161 39  14.15 0.00  0.0    4  3.8  2.1      4339
 4340 2021- 6-27 16:27     - 54 54  160 57  28.46 0.19  0.0    8 17.6  3.2      4340
 4341 2021- 6-27 16:27     - 54 46  160 55  33.73 0.33  0.0   10 19.6 28.8      4341
 4342 2021- 6-27 16:34     - 55 43  161 37  64.21 0.16  0.0    6  8.1 15.2      4342
 *** DISTANCE & RESIDUAL WEIGHTING CANCELLED FOR EVENT: 2021  6 27 16 34
 4343 2021- 6-27 16:34     - 55 24  162 38   5.31 1.32  0.0    4 92.8 98.5      4343
 4344 2021- 6-27 17:15     - 54 50  161 19  30.55 0.16  0.0    9 15.6  1.4      4344
 4345 2021- 6-27 17:15       55 23  161 39   8.89 0.00  0.0    4  2.4  1.0      4345
 *** DISTANCE & RESIDUAL WEIGHTING CANCELLED FOR EVENT: 2021  6 27 21 58
 4346 2021- 6-27 21:58     # 55 31  161 60   5.00 1.32  0.0    5 21.4 16.2      4346
 4347 2021- 6-27 22:52     - 55 32  160 23   5.44 0.46  0.0   14 14.8 31.4      4347
 4348 2021- 6-27 23:55     - 54 54  161 29  21.93 0.14  0.0    6 14.8  6.3      4348
 4349 2021- 6-27 23:56     - 54 50  161 21  17.11 0.14  0.0    6  8.5 17.0      4349
 4350 2021- 6-28  1:18     - 55 48  161  5   5.00 0.30  0.0    7 20.8 27.9      4350
  SEQ ---DATE--- TIME REMARK -LAT-  --LON-  DEPTH  RMS PMAG  NUM  ERH  ERZ  ID
 4351 2021- 6-28  1:52     - 54 11  161 38   2.13 0.06  0.0    4  5.8 12.0      4351
 *** DISTANCE & RESIDUAL WEIGHTING CANCELLED FOR EVENT: 2021  6 28  2 59
 4352 2021- 6-28  2:59     - 55  1  161 27   5.01 0.18  0.0    4 16.5 19.3      4352
 4353 2021- 6-28  8:06     - 55  9  161 16   5.06 0.03  0.0    4  5.4 11.6      4353
 *** DISTANCE & RESIDUAL WEIGHTING CANCELLED FOR EVENT: 2021  6 28  8 59
 4354 2021- 6-28  8:59     # 54 59  162 14   5.02 1.16  0.0    4 19.7 23.6      4354
 *** DISTANCE & RESIDUAL WEIGHTING CANCELLED FOR EVENT: 2021  6 28  9 13
 4355 2021- 6-28  9:13     # 54 57  162 13   1.25 0.74  0.0    5 10.3  6.4      4355
 *** DISTANCE & RESIDUAL WEIGHTING CANCELLED FOR EVENT: 2021  6 28  9 13
 4356 2021- 6-28  9:13     - 54 53  162 18   8.64 0.39  0.0    5 27.0 15.0      4356
 4357 2021- 6-28  9:19     - 54 28  162 52   5.01 0.16  0.0    8  7.6 16.5      4357
 4358 2021- 6-28 10:15     - 54 25  161 38   4.03 0.18  0.0   10  8.3 17.2      4358
 4359 2021- 6-28 10:25     - 55 15  163 20   4.49 0.76  0.0   12 26.1 53.2      4359
 4360 2021- 6-28 11:33     - 54 59  162 20   4.95 0.02  0.0    4 11.1  5.9      4360
 4361 2021- 6-28 12:00       55  8  161 30  36.53 0.06  0.0    6  4.0  2.9      4361
 4362 2021- 6-28 12:32     - 55  9  161 56   7.70 0.05  0.0    5  6.6  9.4      4362
 *** DISTANCE & RESIDUAL WEIGHTING CANCELLED FOR EVENT: 2021  6 28 12 32
 4363 2021- 6-28 12:32     - 54 48  161 25   5.60 0.64  0.0    6 37.4 54.4      4363
 4364 2021- 6-28 13:22     - 54 46  161  9  31.44 0.17  0.0    8 17.2  1.8      4364
 *** DISTANCE & RESIDUAL WEIGHTING CANCELLED FOR EVENT: 2021  6 28 13 22
 4365 2021- 6-28 13:22     # 55 22  161 55   5.01 0.85  0.0    4  4.9  5.5      4365
  SEQ ---DATE--- TIME REMARK -LAT-  --LON-  DEPTH  RMS PMAG  NUM  ERH  ERZ  ID
 4366 2021- 6-28 13:46     - 55  2  161 26  13.53 0.28  0.0    4 21.6 19.2      4366
 4367 2021- 6-28 15:59     - 55 27  162 27  46.60 0.20  0.0    4  9.2 15.0      4367
 4368 2021- 6-28 16:04     - 55 23  162 28   6.90 1.53  0.0    7  9.6 99.0      4368
 4369 2021- 6-28 16:07     - 54 32  163 28   5.19 0.02  0.0    4  9.0 11.5      4369
 *** DISTANCE & RESIDUAL WEIGHTING CANCELLED FOR EVENT: 2021  6 28 17  9
 4370 2021- 6-28 17:09     # 55 14  161 41  27.33 0.32  0.0    4 10.5  3.4      4370
 4371 2021- 6-28 18:16     - 54 36  163 20  34.54 0.19  0.0    5 11.2 19.4      4371
 *** DISTANCE & RESIDUAL WEIGHTING CANCELLED FOR EVENT: 2021  6 28 18 16
 4372 2021- 6-28 18:16     - 55  2  162 23  10.95 0.09  0.0    4 11.6  3.3      4372
 4373 2021- 6-28 18:39     - 54 30  161 43   4.82 0.17  0.0    7  7.6 16.2      4373
 4374 2021- 6-28 19:29     - 54 54  161 16  29.80 0.14  0.0    7 15.7  5.4      4374
 *** DISTANCE & RESIDUAL WEIGHTING CANCELLED FOR EVENT: 2021  6 28 20 20
 4375 2021- 6-28 20:20     # 54 59  161 56   5.00 1.59  0.0    4 25.7 68.5      4375
 4376 2021- 6-28 20:21       54 59  161 53  10.32 0.15  0.0    7  1.8  1.6      4376
 4377 2021- 6-28 20:55     - 55 59  160 57   5.00 0.21  0.0    6 18.0 20.8      4377
 4378 2021- 6-28 21:09     - 54 59  162 22  15.72 0.03  0.0    4  6.9  8.6      4378
 *** DISTANCE & RESIDUAL WEIGHTING CANCELLED FOR EVENT: 2021  6 28 21  9
 4379 2021- 6-28 21:09     - 54 51  162 23  43.22 1.33  0.0    4 98.9 29.8      4379
 4380 2021- 6-28 22:40     - 55 11  161 54   8.17 0.08  0.0    4  6.0  8.4      4380
 *** DISTANCE & RESIDUAL WEIGHTING CANCELLED FOR EVENT: 2021  6 28 22 40
  SEQ ---DATE--- TIME REMARK -LAT-  --LON-  DEPTH  RMS PMAG  NUM  ERH  ERZ  ID
 4381 2021- 6-28 22:40     # 55  6  161 47  39.86 0.60  0.0    7 15.4 10.1      4381
 *** DISTANCE & RESIDUAL WEIGHTING CANCELLED FOR EVENT: 2021  6 29  0  0
 4382 2021- 6-28 23:59     - 55 27  162  0   5.00 2.54  0.0    4 54.0 83.0      4382
 4383 2021- 6-29  0:17       55 10  162 10   2.09 0.04  0.0    6  3.9  7.8      4383
 4384 2021- 6-29  0:57     - 54 45  161 49   5.06 0.09  0.0    4 10.5 14.7      4384
 *** DISTANCE & RESIDUAL WEIGHTING CANCELLED FOR EVENT: 2021  6 29  0 57
 4385 2021- 6-29  0:57     - 54 33  161 29   5.07 0.96  0.0    4 69.1 72.4      4385
 4386 2021- 6-29  0:57     - 55 14  161 25  15.50 0.11  0.0    5 13.5  4.9      4386
 4387 2021- 6-29  1:42     - 55  2  161 17  11.24 0.44  0.0    5 28.2 34.3      4387
 *** DISTANCE & RESIDUAL WEIGHTING CANCELLED FOR EVENT: 2021  6 29  1 48
 4388 2021- 6-29  1:48     - 55 30  163  9   4.97 0.19  0.0    4  8.5 18.3      4388
 4389 2021- 6-29  3:09     - 54 35  161 25   2.08 0.35  0.0    6 13.7 28.5      4389
 *** DISTANCE & RESIDUAL WEIGHTING CANCELLED FOR EVENT: 2021  6 29  3 55
 4390 2021- 6-29  3:55     - 55  6  162  5   5.00 1.01  0.0    4 47.5 55.5      4390
 *** DISTANCE & RESIDUAL WEIGHTING CANCELLED FOR EVENT: 2021  6 29  8  0
 4391 2021- 6-29  7:59     - 55 26  162 14   4.96 1.18  0.0    5 10.3 98.8      4391
 4392 2021- 6-29  8:12     - 54 58  161 36  22.30 0.09  0.0    6 12.1  2.4      4392
 4393 2021- 6-29  8:12     - 54 56  161 41   6.60 0.02  0.0    4  5.2 12.6      4393
 4394 2021- 6-29  8:22     - 54 32  161 41   4.56 0.27  0.0    8 10.4 22.5      4394
 4395 2021- 6-29  8:46     - 55 38  161  2   6.52 0.49  0.0   14  2.4 42.8      4395
  SEQ ---DATE--- TIME REMARK -LAT-  --LON-  DEPTH  RMS PMAG  NUM  ERH  ERZ  ID
 4396 2021- 6-29 10:53     - 55  4  161 26  20.99 0.27  0.0    7 18.9  6.9      4396
 4397 2021- 6-29 10:53     - 54 49  160 53  25.47 0.21  0.0    6 19.8  4.4      4397
 4398 2021- 6-29 12:24     # 55 17  163  1   1.25 0.70  0.0   13 13.0 32.4      4398
 *** DISTANCE & RESIDUAL WEIGHTING CANCELLED FOR EVENT: 2021  6 29 12 24
 4399 2021- 6-29 12:24     # 55  2  162  8  12.57 3.37  0.0    8 31.4 56.6      4399
 4400 2021- 6-29 12:38     - 55 11  161 55   4.65 0.07  0.0    4  9.8  8.2      4400
 *** DISTANCE & RESIDUAL WEIGHTING CANCELLED FOR EVENT: 2021  6 29 17 30
 4401 2021- 6-29 17:30     - 55  6  161  0   5.00 1.20  0.0    5 60.7 99.0      4401
 4402 2021- 6-29 17:54     - 54 36  161 50   5.00 0.15  0.0   10 13.6 17.5      4402
 4403 2021- 6-29 17:55     - 55 10  161 38  16.85 0.09  0.0    5 13.2  1.2      4403
 4404 2021- 6-29 20:12     - 54 43  160 46   5.67 0.13  0.0   11  6.9 14.6      4404
 4405 2021- 6-29 21:04     - 55  5  161 36  28.25 0.34  0.0    6 20.0 11.6      4405
 4406 2021- 6-29 21:04     - 55  2  161 32  30.05 0.05  0.0    5 10.9  4.8      4406
 4407 2021- 6-29 21:43     - 54 57  161 53   6.26 0.04  0.0    4  3.6 12.1      4407
 *** DISTANCE & RESIDUAL WEIGHTING CANCELLED FOR EVENT: 2021  6 30  1 45
 4408 2021- 6-30  1:45     # 55  5  162 10   5.00 1.25  0.0    5 45.5 38.9      4408
 4409 2021- 6-30  1:46       54 59  161 54   3.84 0.07  0.0    5  1.7  0.6      4409
 4410 2021- 6-30  1:48     - 54 37  161 17   5.02 0.19  0.0   11  7.6 16.2      4410
  SEQ ---DATE--- TIME REMARK -LAT-  --LON-  DEPTH  RMS PMAG  NUM  ERH  ERZ  ID
 4411 2021- 6-30  2:59       55  1  162 16   2.99 0.12  0.0    6  0.7  2.6      4411
 4412 2021- 6-30 10:39     - 55  3  160 56   5.01 0.18  0.0    4 17.3 17.6      4412
 4413 2021- 6-30 10:40     - 55 12  160 57   4.98 0.16  0.0    4 16.3 17.3      4413
 *** DISTANCE & RESIDUAL WEIGHTING CANCELLED FOR EVENT: 2021  6 30 20  6
 4414 2021- 6-30 20:06     - 55 29  161 48   2.54 1.14  0.0    4 20.5 85.7      4414
 4415 2021- 6-30 21:50     - 55  2  161 12  26.00 0.22  0.0    9 16.9  7.9      4415
 *** DISTANCE & RESIDUAL WEIGHTING CANCELLED FOR EVENT: 2021  6 30 21 50
 4416 2021- 6-30 21:50     # 55 24  161 48   2.64 2.01  0.0    4 70.1 46.6      4416
 4417 2021- 6-30 21:50     - 54 59  161  4   5.05 0.14  0.0    4 13.1 16.8      4417
 4418 2021- 6-30 23:50     - 56  0  161 14   5.18 0.35  0.0    4 21.3 23.1      4418
 4419 2021- 7- 1  0:35     - 54 57  160 51   5.38 0.34  0.0   16 11.3 23.8      4419
 4420 2021- 7- 1  5:23     - 54 35  163 29  35.95 0.19  0.0    7  6.1 19.3      4420
 *** DISTANCE & RESIDUAL WEIGHTING CANCELLED FOR EVENT: 2021  7  1 10 29
 4421 2021- 7- 1 10:29     # 54 55  161 53   5.00 2.51  0.0    4 67.0 72.9      4421
 4422 2021- 7- 1 10:29     - 54 47  163 31   4.86 0.11  0.0    5  6.5 13.8      4422
 4423 2021- 7- 1 17:26     - 54 55  163  7   6.54 0.32  0.0    8  4.2 29.2      4423
 *** DISTANCE & RESIDUAL WEIGHTING CANCELLED FOR EVENT: 2021  7  1 19 26
 4424 2021- 7- 1 19:26     # 55 19  162 19   5.00 0.55  0.0    4 19.8 24.5      4424
 4425 2021- 7- 2  6:43     - 55 48  162 51   5.31 0.13  0.0    6  7.3 14.8      4425
 *** DISTANCE & RESIDUAL WEIGHTING CANCELLED FOR EVENT: 2021  7  2  6 43
  SEQ ---DATE--- TIME REMARK -LAT-  --LON-  DEPTH  RMS PMAG  NUM  ERH  ERZ  ID
 4426 2021- 7- 2  6:43     - 55 18  162 17   7.92 3.30  0.0    4 38.5 98.4      4426
 4427 2021- 7- 2  6:50     - 54 53  160  5   9.43 0.16  0.0   11  8.1 16.1      4427
 4428 2021- 7- 2  7:02     - 55  8  163 20   4.16 0.99  0.0   12 31.3 66.0      4428
 4429 2021- 7- 2 10:50     - 54 30  162 56  75.99 0.04  0.0    4 11.9  5.0      4429
 *** DISTANCE & RESIDUAL WEIGHTING CANCELLED FOR EVENT: 2021  7  2 15 59
 4430 2021- 7- 2 15:59     - 54 42  162 38  69.76 0.10  0.0    4 14.7  3.2      4430
 4431 2021- 7- 2 20:10     - 54 30  162 42  75.14 0.07  0.0    4 13.6  3.7      4431
 4432 2021- 7- 2 20:25     - 54 57  162  4   4.93 0.04  0.0    4  2.0 12.8      4432
 *** 3 PHASES CANT SOLVE SEQUENCE NO. 4433, ID NO.      4433
 *** ABANDON EVENT WITH ONLY 3 READINGS:2021  7  3  0 22
 4434 2021- 7- 3 10:05     # 55 18  161 57  30.34 4.57  0.0   11 31.0 38.4      4434
 4435 2021- 7- 3 10:17     - 54 57  160 49   5.08 0.34  0.0   18 10.7 22.5      4435
 4436 2021- 7- 3 11:09     - 55 23  161 49   7.16 0.05  0.0    4  5.2  7.9      4436
 4437 2021- 7- 3 12:15       54 30  161 43  11.03 0.14  0.0   11  1.1  1.5      4437
 4438 2021- 7- 3 13:43     - 55  1  162 18   1.76 0.15  0.0    5  3.3 15.3      4438
 4439 2021- 7- 3 17:55     - 54 31  161 24   5.74 0.12  0.0    5  6.6 14.4      4439
 *** DISTANCE & RESIDUAL WEIGHTING CANCELLED FOR EVENT: 2021  7  3 18 42
 4440 2021- 7- 3 18:42     # 55  4  162 14  10.71 0.65  0.0    5 17.6 19.7      4440
  SEQ ---DATE--- TIME REMARK -LAT-  --LON-  DEPTH  RMS PMAG  NUM  ERH  ERZ  ID
 4441 2021- 7- 3 20:00     - 55 14  163 24   0.17 0.61  0.0    9 22.0 44.8      4441
 4442 2021- 7- 4  0:18     - 54 44  160 57  38.69 0.16  0.0    9 16.1 12.9      4442
 *** DISTANCE & RESIDUAL WEIGHTING CANCELLED FOR EVENT: 2021  7  4  0 18
 4443 2021- 7- 4  0:18     - 55 20  161  3   5.02 0.40  0.0    4 26.9 35.0      4443
 4444 2021- 7- 4  2:21       54 54  161 37  21.50 0.14  0.0    5 11.7  4.9      4444
 *** DISTANCE & RESIDUAL WEIGHTING CANCELLED FOR EVENT: 2021  7  4  2 21
 4445 2021- 7- 4  2:21     # 55 19  161 51   7.67 1.70  0.0    4 15.4 63.4      4445
 *** DISTANCE & RESIDUAL WEIGHTING CANCELLED FOR EVENT: 2021  7  4  3 33
 4446 2021- 7- 4  3:33     - 54 56  161 13   5.00 0.22  0.0    6 19.0 21.9      4446
 *** DISTANCE & RESIDUAL WEIGHTING CANCELLED FOR EVENT: 2021  7  4  3 33
 4447 2021- 7- 4  3:33     - 55 12  161 56   4.51 0.24  0.0    4 12.4 19.5      4447
 4448 2021- 7- 4  7:06     - 55 10  161 38  46.24 0.05  0.0    4  8.9  4.2      4448
 4449 2021- 7- 4 13:30     - 56  5  161 31   4.96 0.02  0.0    4  5.3 11.4      4449
 4450 2021- 7- 4 14:27     - 54 34  162  4   4.91 0.13  0.0    8  6.8 14.4      4450
 4451 2021- 7- 4 15:01     - 55 38  161  9   4.93 0.06  0.0    4  3.9 12.7      4451
 4452 2021- 7- 4 15:01     - 55 32  161 40   0.04 0.43  0.0    4 36.9  4.8      4452
 4453 2021- 7- 4 15:59     - 55 19  162  4   5.07 0.06  0.0    4  1.1 13.3      4453
 4454 2021- 7- 4 18:15       55 13  161 56   4.27 0.09  0.0    5  1.2  1.4      4454
 4455 2021- 7- 4 19:15     - 55  0  161 41  19.73 0.16  0.0    5 15.4  4.3      4455
 *** DISTANCE & RESIDUAL WEIGHTING CANCELLED FOR EVENT: 2021  7  4 19 15
  SEQ ---DATE--- TIME REMARK -LAT-  --LON-  DEPTH  RMS PMAG  NUM  ERH  ERZ  ID
 4456 2021- 7- 4 19:15     # 55 16  162 33   5.00 0.55  0.0    4 10.3 20.9      4456
 4457 2021- 7- 4 19:53     - 54 33  160 39  19.33 0.14  0.0    9 15.3  4.2      4457
 4458 2021- 7- 4 19:54     - 54 50  161 41   4.99 0.21  0.0    4 11.2 21.4      4458
 4459 2021- 7- 4 20:38     - 54 59  161 31  18.25 0.09  0.0    8 10.1  2.4      4459
 *** DISTANCE & RESIDUAL WEIGHTING CANCELLED FOR EVENT: 2021  7  4 20 39
 4460 2021- 7- 4 20:39     - 55  1  161 32   5.04 0.88  0.0    7 17.4 73.3      4460
 *** DISTANCE & RESIDUAL WEIGHTING CANCELLED FOR EVENT: 2021  7  4 23 18
 4461 2021- 7- 4 23:18     - 55 12  161 53   4.77 0.20  0.0    4 12.3 16.6      4461
 4462 2021- 7- 4 23:18     - 54 58  161 42   5.00 0.24  0.0    4 19.9 23.3      4462
 *** DISTANCE & RESIDUAL WEIGHTING CANCELLED FOR EVENT: 2021  7  5  0  0
 4463 2021- 7- 4 23:59     # 55 40  162 11   5.00 3.55  0.0    4 90.4 40.4      4463
 *** DISTANCE & RESIDUAL WEIGHTING CANCELLED FOR EVENT: 2021  7  5  1 22
 4464 2021- 7- 5  1:22     - 55 17  161 40  17.09 0.37  0.0    4 33.0  2.3      4464
 4465 2021- 7- 5  2:20       55 24  162  5  22.06 0.00  0.0    4  2.5  2.5      4465
 4466 2021- 7- 5  2:22     - 54 56  161 36  18.27 0.12  0.0    6 12.7  4.0      4466
 *** DISTANCE & RESIDUAL WEIGHTING CANCELLED FOR EVENT: 2021  7  5  2 23
 4467 2021- 7- 5  2:22     # 55  8  161 54   5.00 1.33  0.0    5 42.7 28.3      4467
 4468 2021- 7- 5  2:47     - 54 55  160 49   5.90 0.26  0.0   14  9.2 19.3      4468
 4469 2021- 7- 5  3:36     # 55  9  162  5  25.91 2.82  0.0    6 28.7 82.4      4469
 *** DISTANCE & RESIDUAL WEIGHTING CANCELLED FOR EVENT: 2021  7  5  4  5
 4470 2021- 7- 5  4:04     # 54 55  162 34  11.47 0.00  0.0    4  4.8  1.0      4470
  SEQ ---DATE--- TIME REMARK -LAT-  --LON-  DEPTH  RMS PMAG  NUM  ERH  ERZ  ID
 4471 2021- 7- 5  4:10     - 54 40  160 60   3.58 0.61  0.0    7 21.1 46.2      4471
 4472 2021- 7- 5  4:53     - 55  5  160 24  16.26 0.33  0.0   10 12.2 23.7      4472
 4473 2021- 7- 5 13:25     - 54 57  163 41   5.04 0.08  0.0    6  5.8 12.7      4473
 4474 2021- 7- 5 15:59     - 55 32  163 29   5.01 0.23  0.0    4 18.4 22.8      4474
 4475 2021- 7- 5 18:18       54 57  162 15   2.11 0.04  0.0    6  1.7  3.2      4475
 4476 2021- 7- 5 18:18     - 54 56  162 14   0.44 0.12  0.0    5  1.9 14.8      4476
 4477 2021- 7- 5 19:48     - 55  2  162  9   2.47 0.07  0.0    4  0.9 13.6      4477
 4478 2021- 7- 5 19:48     - 55 31  162  9  55.19 0.18  0.0    7  7.3 13.9      4478
 4479 2021- 7- 5 19:48     - 55 34  165 19   5.03 0.71  0.0    9 50.2 53.0      4479
 *** DISTANCE & RESIDUAL WEIGHTING CANCELLED FOR EVENT: 2021  7  5 19 51
 4480 2021- 7- 5 19:51     - 54 58  162 18   1.51 0.56  0.0    4 22.7 39.9      4480
 4481 2021- 7- 5 23:55     - 54 31  162 28   5.12 0.16  0.0    8  7.7 16.5      4481
 4482 2021- 7- 6  0:32       55 19  161 50  14.84 0.03  0.0    5  2.4  0.9      4482
 *** DISTANCE & RESIDUAL WEIGHTING CANCELLED FOR EVENT: 2021  7  6  3 18
 4483 2021- 7- 6  3:18     # 55  9  162  9   4.86 1.71  0.0    4 20.5 74.1      4483
 4484 2021- 7- 6  5:09     # 54 53  162 11   0.02 0.15  0.0    9  2.6  4.1      4484
 4485 2021- 7- 6  5:09     - 54 53  162 20   1.67 0.06  0.0    4 10.7  6.5      4485
  SEQ ---DATE--- TIME REMARK -LAT-  --LON-  DEPTH  RMS PMAG  NUM  ERH  ERZ  ID
 4486 2021- 7- 6  5:21     - 55 15  162  4   5.10 0.03  0.0    4 10.2  5.8      4486
 4487 2021- 7- 6  7:30     - 55 13  161  8   5.01 0.15  0.0    4 16.9 17.5      4487
 4488 2021- 7- 6  7:30     - 55 24  162  8   5.13 0.07  0.0    4  7.8 11.4      4488
 4489 2021- 7- 6  7:31     - 55 25  162 13   2.47 0.12  0.0    4  0.9 12.2      4489
 *** DISTANCE & RESIDUAL WEIGHTING CANCELLED FOR EVENT: 2021  7  6  8  0
 4490 2021- 7- 6  7:59     # 55 21  162 13   5.00 1.02  0.0    4 12.0  8.1      4490
 4491 2021- 7- 6 10:11     # 55 19  162 40   2.41 0.59  0.0    7  7.7  2.6      4491
 *** DISTANCE & RESIDUAL WEIGHTING CANCELLED FOR EVENT: 2021  7  6 12 26
 4492 2021- 7- 6 12:26     - 54 39  161 34   5.01 0.26  0.0    4 20.8 24.9      4492
 4493 2021- 7- 6 12:26     - 54  7  160 53   2.70 0.17  0.0    5 13.3 12.1      4493
 4494 2021- 7- 6 12:45     - 55 19  161 31   2.74 0.06  0.0    5  2.3 10.7      4494
 *** DISTANCE & RESIDUAL WEIGHTING CANCELLED FOR EVENT: 2021  7  6 16  0
 4495 2021- 7- 6 15:59     # 55 20  162  2   5.00 0.54  0.0    4  6.1  7.0      4495
 4496 2021- 7- 6 17:56     - 54 50  161  9  31.82 0.18  0.0   10 16.6  1.4      4496
 4497 2021- 7- 6 17:56     - 54 45  161  2  28.18 0.06  0.0    8  9.6  1.7      4497
 4498 2021- 7- 6 18:44       55  9  161 33  32.11 0.08  0.0    7  1.4  0.9      4498
 4499 2021- 7- 6 18:44     - 55  2  161 32   5.43 0.01  0.0    4  5.3 11.3      4499
 *** DISTANCE & RESIDUAL WEIGHTING CANCELLED FOR EVENT: 2021  7  6 19 44
 4500 2021- 7- 6 19:44     - 54 37  161 20   4.75 0.08  0.0    5  6.0 12.6      4500
  SEQ ---DATE--- TIME REMARK -LAT-  --LON-  DEPTH  RMS PMAG  NUM  ERH  ERZ  ID
 4501 2021- 7- 6 21:35     - 54 35  160 48  29.89 0.24  0.0   10 20.8 23.6      4501
 4502 2021- 7- 6 21:35     - 54 42  160 55  24.48 0.11  0.0    8 11.4  2.8      4502
 4503 2021- 7- 6 22:19       55 22  162 12   5.10 0.14  0.0    6  2.4  1.4      4503
 4504 2021- 7- 6 23:04     # 55 25  162 23  15.12 1.37  0.0    7  8.9 56.4      4504
 *** DISTANCE & RESIDUAL WEIGHTING CANCELLED FOR EVENT: 2021  7  7  0 33
 4505 2021- 7- 7  0:32     - 54 33  161 49   5.11 0.26  0.0    4 20.9 25.0      4505
 *** DISTANCE & RESIDUAL WEIGHTING CANCELLED FOR EVENT: 2021  7  7  6 50
 4506 2021- 7- 7  6:50     # 54 58  161 57   5.00 0.81  0.0    4 14.7  8.6      4506
 *** DISTANCE & RESIDUAL WEIGHTING CANCELLED FOR EVENT: 2021  7  7  7 31
 4507 2021- 7- 7  7:31     - 54 56  162 12   5.00 2.17  0.0    4 66.7 73.1      4507
 4508 2021- 7- 7  7:55     - 54 46  161 24   0.82 0.02  0.0    4  5.8 11.1      4508
 4509 2021- 7- 7  7:59     - 55 19  162  3   4.99 0.07  0.0    4  1.2 13.6      4509
 4510 2021- 7- 7  9:06     - 54 57  161  5  35.03 0.15  0.0    6 16.5 10.1      4510
 4511 2021- 7- 7  9:44       55  6  162 22   7.49 0.04  0.0    7  2.7  1.7      4511
 4512 2021- 7- 7  9:45     - 55  5  162 18  10.09 0.08  0.0    5 11.3  1.9      4512
 4513 2021- 7- 7 11:42       55  4  162  9   4.97 0.11  0.0    8  0.8  3.2      4513
 *** DISTANCE & RESIDUAL WEIGHTING CANCELLED FOR EVENT: 2021  7  7 12  1
 4514 2021- 7- 7 12:01     - 54 53  161 22  49.79 0.25  0.0    5 21.6 11.8      4514
 *** DISTANCE & RESIDUAL WEIGHTING CANCELLED FOR EVENT: 2021  7  7 12  1
 4515 2021- 7- 7 12:01     # 55 10  161 55  14.05 1.22  0.0    4 27.5 30.1      4515
  SEQ ---DATE--- TIME REMARK -LAT-  --LON-  DEPTH  RMS PMAG  NUM  ERH  ERZ  ID
 4516 2021- 7- 7 12:16     - 55  6  162 18   9.52 0.03  0.0    4 12.6  1.7      4516
 4517 2021- 7- 7 12:26     - 55  0  162 15   4.52 0.02  0.0    4  3.2 11.3      4517
 4518 2021- 7- 7 14:16     - 55  6  162 24   5.35 0.03  0.0    6  6.7  8.8      4518
 *** DISTANCE & RESIDUAL WEIGHTING CANCELLED FOR EVENT: 2021  7  7 15 11
 4519 2021- 7- 7 15:11     - 54 56  162 23  13.82 3.28  0.0    5 96.1 30.1      4519
 4520 2021- 7- 7 15:59     - 55 19  162  3   5.01 0.06  0.0    4  1.2 13.2      4520
 4521 2021- 7- 7 19:52     - 54 41  161  1  25.36 0.21  0.0   10 14.8 13.4      4521
 4522 2021- 7- 7 19:52     - 54 41  161  3  29.35 0.22  0.0    8 18.3  2.8      4522
 4523 2021- 7- 7 20:44     - 55 12  159 11   5.00 0.19  0.0    8 18.7 19.2      4523
 4524 2021- 7- 7 20:45       55 16  161 53   7.27 0.09  0.0    6  0.8  1.6      4524
 4525 2021- 7- 7 22:34       55 20  161 37   5.06 0.00  0.0    4  2.8  0.9      4525
 4526 2021- 7- 7 22:43     - 55  2  161 44  39.62 0.19  0.0    6 13.7  8.5      4526
 *** DISTANCE & RESIDUAL WEIGHTING CANCELLED FOR EVENT: 2021  7  7 23 16
 4527 2021- 7- 7 23:16     - 54 50  161 30  10.18 0.09  0.0    5  8.8 10.7      4527
 *** DISTANCE & RESIDUAL WEIGHTING CANCELLED FOR EVENT: 2021  7  8  0  0
 4528 2021- 7- 7 23:59     - 55 40  161 39   5.00 0.84  0.0    4 47.0 32.5      4528
 *** DISTANCE & RESIDUAL WEIGHTING CANCELLED FOR EVENT: 2021  7  8  3 28
 4529 2021- 7- 8  3:28     # 55  4  161 47  13.83 1.19  0.0    6 37.3 13.4      4529
 4530 2021- 7- 8  4:01     - 55 10  161 55   2.33 0.10  0.0    5  4.3 13.1      4530
  SEQ ---DATE--- TIME REMARK -LAT-  --LON-  DEPTH  RMS PMAG  NUM  ERH  ERZ  ID
 4531 2021- 7- 8  4:01     - 55  6  161 29   5.57 0.13  0.0    5  3.5 16.3      4531
 4532 2021- 7- 8  5:11     - 55 46  162 45   2.51 0.01  0.0    4  5.3 11.3      4532
 4533 2021- 7- 8  5:16     - 54 49  161 10  26.37 0.10  0.0    7 10.7  8.0      4533
 4534 2021- 7- 8  5:16     - 54 39  160 39  36.13 0.35  0.0    8 21.7 26.3      4534
 *** DISTANCE & RESIDUAL WEIGHTING CANCELLED FOR EVENT: 2021  7  8  5 22
 4535 2021- 7- 8  5:22     # 55 36  161 44  33.25 1.11  0.0    9 17.6  7.4      4535
 *** DISTANCE & RESIDUAL WEIGHTING CANCELLED FOR EVENT: 2021  7  8  5 23
 4536 2021- 7- 8  5:22     # 55  2  161 50   5.00 1.57  0.0    4 40.7 25.2      4536
 *** DISTANCE & RESIDUAL WEIGHTING CANCELLED FOR EVENT: 2021  7  8  7 45
 4537 2021- 7- 8  7:45     # 55 23  162 21   5.00 0.93  0.0    5 28.6 21.9      4537
 4538 2021- 7- 8  9:46     - 54 49  161  6  32.59 0.26  0.0   10 22.1 25.1      4538
 4539 2021- 7- 8  9:46     - 54 43  161  2  38.69 0.18  0.0    7 14.3 10.1      4539
 4540 2021- 7- 8 12:11     - 54 29  163 11   6.12 0.20  0.0    8  7.3 15.6      4540
 4541 2021- 7- 8 12:13     - 55 15  161 60   1.28 1.20  0.0    5 93.9 73.7      4541
 4542 2021- 7- 8 14:50     - 54 22  160 51   1.90 0.07  0.0    7  6.2 12.2      4542
 4543 2021- 7- 8 15:10     - 54 37  163 23   4.99 0.06  0.0    6  5.6 12.3      4543
 4544 2021- 7- 8 15:59     - 55 19  162  0   4.98 0.08  0.0    4  1.0 13.9      4544
 4545 2021- 7- 8 16:09     - 54 51  163 24   4.95 0.03  0.0    6  5.3 11.6      4545
  SEQ ---DATE--- TIME REMARK -LAT-  --LON-  DEPTH  RMS PMAG  NUM  ERH  ERZ  ID
 4546 2021- 7- 8 16:47       54 42  160 21  18.24 0.16  0.0   17  1.3  1.9      4546
 4547 2021- 7- 8 17:36     - 54 29  163  8   5.16 0.11  0.0    5  6.6 14.3      4547
 4548 2021- 7- 8 20:43     - 55 23  161 36  13.47 0.09  0.0    4  5.6  9.7      4548
 4549 2021- 7- 8 21:55       55 18  162  8   5.92 0.14  0.0    5  4.3  1.1      4549
 4550 2021- 7- 8 22:29     - 54 46  163  0   4.72 0.11  0.0    8  6.5 14.2      4550
 4551 2021- 7- 8 22:50     - 54 38  161 17  17.61 0.14  0.0    8  1.4 17.2      4551
 4552 2021- 7- 8 22:56     - 55 14  161 43  44.72 0.05  0.0    6  5.9  8.5      4552
 4553 2021- 7- 9  0:29       54 43  160 26   7.57 0.23  0.0   15  2.0  1.3      4553
 4554 2021- 7- 9  0:32     - 55 15  162  5   4.97 0.20  0.0    4  8.1 15.6      4554
 *** DISTANCE & RESIDUAL WEIGHTING CANCELLED FOR EVENT: 2021  7  9  2  2
 4555 2021- 7- 9  2:02     - 55 47  162  8   4.97 0.57  0.0    5 20.5 44.2      4555
 *** DISTANCE & RESIDUAL WEIGHTING CANCELLED FOR EVENT: 2021  7  9  3 56
 4556 2021- 7- 9  3:56     - 55 13  162 12   4.11 0.41  0.0    4  9.6 24.1      4556
 *** DISTANCE & RESIDUAL WEIGHTING CANCELLED FOR EVENT: 2021  7  9  4 23
 4557 2021- 7- 9  4:23     # 55 26  161 46   2.04 0.30  0.0    4 10.1 16.6      4557
 *** DISTANCE & RESIDUAL WEIGHTING CANCELLED FOR EVENT: 2021  7  9  4 34
 4558 2021- 7- 9  4:34     - 55 34  161 46   2.41 0.52  0.0    4 30.2 39.0      4558
 4559 2021- 7- 9  4:43     - 55 30  161 32   2.50 0.33  0.0    4 29.7 28.0      4559
 *** DISTANCE & RESIDUAL WEIGHTING CANCELLED FOR EVENT: 2021  7  9  5 46
 4560 2021- 7- 9  5:46     - 55 24  161 49   1.12 0.35  0.0    4  3.7 23.3      4560
 *** DISTANCE & RESIDUAL WEIGHTING CANCELLED FOR EVENT: 2021  7  9  8 20
  SEQ ---DATE--- TIME REMARK -LAT-  --LON-  DEPTH  RMS PMAG  NUM  ERH  ERZ  ID
 4561 2021- 7- 9  8:19     - 55 16  161 48   5.45 0.52  0.0    5 39.8  2.7      4561
 4562 2021- 7- 9  8:59     - 55 18  162  4   4.99 0.70  0.0    4 10.4 44.9      4562
 4563 2021- 7- 9  9:00     - 54 56  161 28  21.39 0.14  0.0    7 15.5  4.4      4563
 *** DISTANCE & RESIDUAL WEIGHTING CANCELLED FOR EVENT: 2021  7  9  9  4
 4564 2021- 7- 9  9:04     - 55 13  162  0   2.68 1.01  0.0    4 81.2 65.8      4564
 4565 2021- 7- 9  9:13     - 54 60  161 38  18.67 0.15  0.0    4 15.8  9.6      4565
 *** DISTANCE & RESIDUAL WEIGHTING CANCELLED FOR EVENT: 2021  7  9  9 13
 4566 2021- 7- 9  9:13     - 54 59  161 42  13.19 0.49  0.0    4 31.9 10.3      4566
 4567 2021- 7- 9  9:19     - 54 56  161 27  23.46 0.14  0.0    7 14.8  5.3      4567
 *** DISTANCE & RESIDUAL WEIGHTING CANCELLED FOR EVENT: 2021  7  9  9 20
 4568 2021- 7- 9  9:19     - 55 14  161 43   8.18 0.54  0.0    4 26.3 28.1      4568
 4569 2021- 7- 9  9:19     - 55 10  161  7   5.14 0.08  0.0    4 12.3 12.8      4569
 *** DISTANCE & RESIDUAL WEIGHTING CANCELLED FOR EVENT: 2021  7  9 12 38
 4570 2021- 7- 9 12:38     - 55 20  162  2   4.94 0.94  0.0    4 67.0 25.1      4570
 4571 2021- 7- 9 12:55     - 55 21  161 50   4.92 0.23  0.0    4 11.8 17.9      4571
 4572 2021- 7- 9 13:43     - 54 51  161 43   4.97 0.46  0.0    7 15.5 39.9      4572
 *** DISTANCE & RESIDUAL WEIGHTING CANCELLED FOR EVENT: 2021  7  9 14 48
 4573 2021- 7- 9 14:48     - 55 52  161 12   5.00 0.92  0.0    4 39.5 70.6      4573
 4574 2021- 7- 9 15:03     - 54 51  161 48   4.99 0.17  0.0    5 10.2 18.5      4574
 4575 2021- 7- 9 15:03       54 57  161 32  20.12 0.14  0.0    6  9.2  2.4      4575
  SEQ ---DATE--- TIME REMARK -LAT-  --LON-  DEPTH  RMS PMAG  NUM  ERH  ERZ  ID
 4576 2021- 7- 9 15:53     - 54 21  161 30   2.39 0.50  0.0    5 18.6 39.6      4576
 4577 2021- 7- 9 16:22     - 55 38  162 47   3.48 0.38  0.0    5 14.6 30.9      4577
 *** DISTANCE & RESIDUAL WEIGHTING CANCELLED FOR EVENT: 2021  7  9 18 20
 4578 2021- 7- 9 18:20     - 54 57  162 38   5.01 0.76  0.0    4 64.3 58.5      4578
 4579 2021- 7- 9 19:13     - 54 36  163 23   4.99 0.08  0.0    5  5.8 12.7      4579
 *** DISTANCE & RESIDUAL WEIGHTING CANCELLED FOR EVENT: 2021  7  9 19 17
 4580 2021- 7- 9 19:16     - 54 48  162 58   5.02 0.76  0.0    4 26.9 58.3      4580
 *** DISTANCE & RESIDUAL WEIGHTING CANCELLED FOR EVENT: 2021  7 10  0  0
 4581 2021- 7- 9 23:59     # 55 20  162 12   5.00 0.91  0.0    4  8.9  8.2      4581
 *** DISTANCE & RESIDUAL WEIGHTING CANCELLED FOR EVENT: 2021  7 10  0  6
 4582 2021- 7-10  0:05     - 56 14  161 21   5.00 0.59  0.0    4 34.2 37.0      4582
 *** DISTANCE & RESIDUAL WEIGHTING CANCELLED FOR EVENT: 2021  7 10  0  6
 4583 2021- 7-10  0:05     # 55 13  161 55  19.60 0.66  0.0    5  5.0  9.3      4583
 *** DISTANCE & RESIDUAL WEIGHTING CANCELLED FOR EVENT: 2021  7 10  0 55
 4584 2021- 7-10  0:55     - 55 21  162 54   5.00 0.79  0.0    4 51.9 67.0      4584
 *** DISTANCE & RESIDUAL WEIGHTING CANCELLED FOR EVENT: 2021  7 10  1  3
 4585 2021- 7-10  1:03     - 55 27  161 49   5.00 0.75  0.0    4 31.3 37.7      4585
 4586 2021- 7-10  2:31     - 55 11  161 51   0.74 0.13  0.0    4  1.7 14.1      4586
 *** DISTANCE & RESIDUAL WEIGHTING CANCELLED FOR EVENT: 2021  7 10  5 21
 4587 2021- 7-10  5:21     - 54 25  162 29   5.00 0.56  0.0    4 48.1 43.7      4587
 4588 2021- 7-10  7:05       55 23  161 59  17.62 0.09  0.0    5  3.7  1.6      4588
 4589 2021- 7-10  7:19     - 55 14  161 37   5.83 0.01  0.0    4 12.5  0.7      4589
 4590 2021- 7-10  9:46     - 55  3  161 19  36.02 0.06  0.0    4 13.3  3.9      4590
  SEQ ---DATE--- TIME REMARK -LAT-  --LON-  DEPTH  RMS PMAG  NUM  ERH  ERZ  ID
 4591 2021- 7-10 11:03       55 27  161 53  29.34 0.11  0.0   15  1.0  0.6      4591
 4592 2021- 7-10 11:05     - 55 42  161 39   3.39 0.09  0.0    5  1.4 13.7      4592
 4593 2021- 7-10 13:23     - 55 40  161 29   5.62 0.03  0.0    4  5.4 11.3      4593
 *** DISTANCE & RESIDUAL WEIGHTING CANCELLED FOR EVENT: 2021  7 10 14 11
 4594 2021- 7-10 14:11     - 55 42  162 59   5.00 0.55  0.0    4 17.8 43.6      4594
 4595 2021- 7-10 14:11     - 54 54  162 14   4.87 0.12  0.0    4 10.8 11.2      4595
 4596 2021- 7-10 14:34       55 17  161 44  17.42 0.06  0.0    6  2.4  1.2      4596
 4597 2021- 7-10 15:59     - 55 19  162  5   5.00 0.10  0.0    5  1.3 13.4      4597
 4598 2021- 7-10 19:05     - 55 30  161 33   4.58 0.49  0.0    5  5.8 39.2      4598
 4599 2021- 7-10 20:31     - 55 26  161 59  32.74 0.04  0.0    4 12.8  1.3      4599
 4600 2021- 7-10 22:58       54 56  161 29  72.20 0.12  0.0   10  4.1  2.1      4600
 4601 2021- 7-10 23:13     - 55 14  161 37   0.67 0.06  0.0    4 13.6 13.1      4601
 4602 2021- 7-11  0:21     - 54 54  162 17   4.95 0.08  0.0    4 12.1  7.4      4602
 4603 2021- 7-11  0:36     - 54 58  162 18   4.44 0.04  0.0    5  9.2  6.3      4603
 *** DISTANCE & RESIDUAL WEIGHTING CANCELLED FOR EVENT: 2021  7 11  0 36
 4604 2021- 7-11  0:36     # 54 59  162 20   0.95 1.31  0.0    7  9.7  5.3      4604
 4605 2021- 7-11  1:25     - 55 36  159  3   5.00 0.20  0.0    9 17.2 17.5      4605
  SEQ ---DATE--- TIME REMARK -LAT-  --LON-  DEPTH  RMS PMAG  NUM  ERH  ERZ  ID
 4606 2021- 7-11  1:59       55 23  161 54  15.74 0.30  0.0    7  2.7  3.0      4606
 *** DISTANCE & RESIDUAL WEIGHTING CANCELLED FOR EVENT: 2021  7 11  5 25
 4607 2021- 7-11  5:25     - 55  3  162  8   5.43 0.33  0.0    4 29.2 27.7      4607
 *** DISTANCE & RESIDUAL WEIGHTING CANCELLED FOR EVENT: 2021  7 11  7 57
 4608 2021- 7-11  7:57     - 55 16  162 18  31.79 0.48  0.0    4 23.8 28.2      4608
 *** DISTANCE & RESIDUAL WEIGHTING CANCELLED FOR EVENT: 2021  7 11  8  0
 4609 2021- 7-11  7:59     # 55 35  161 53   5.08 4.65  0.0    4 39.1 28.5      4609
 *** DISTANCE & RESIDUAL WEIGHTING CANCELLED FOR EVENT: 2021  7 11  9 17
 4610 2021- 7-11  9:17     - 55 33  161 41   0.92 0.64  0.0    5 35.9 52.9      4610
 4611 2021- 7-11 10:56     - 55 30  160 46   0.16 0.82  0.0   10 24.3 52.5      4611
 4612 2021- 7-11 10:56     - 55 32  162 30   4.92 0.16  0.0    4  8.3 14.1      4612
 *** DISTANCE & RESIDUAL WEIGHTING CANCELLED FOR EVENT: 2021  7 11 10 57
 4613 2021- 7-11 10:57     # 55 13  161 20  16.50 1.22  0.0    6 12.5  6.5      4613
 4614 2021- 7-11 11:28       55 13  161 42   4.89 0.00  0.0    4  5.5  1.8      4614
 4615 2021- 7-11 17:06     - 54 41  162 55   3.54 0.46  0.0    9 16.9 36.7      4615
 4616 2021- 7-11 17:33     - 54 59  162 37   4.26 0.01  0.0    4 10.7  6.4      4616
 4617 2021- 7-11 18:02     - 54 59  162 20   4.44 0.05  0.0    5  9.4  5.1      4617
 4618 2021- 7-11 18:02     - 54 59  162 18   0.00 2.39  0.0    6  7.4 98.8      4618
 4619 2021- 7-11 18:26     - 54 59  161 35  40.63 0.11  0.0    5 14.2  6.9      4619
 4620 2021- 7-11 18:26     - 54 56  161 37  51.99 0.06  0.0    4 11.0  6.1      4620
  SEQ ---DATE--- TIME REMARK -LAT-  --LON-  DEPTH  RMS PMAG  NUM  ERH  ERZ  ID
 4621 2021- 7-11 20:06     - 54 35  163 20  34.72 0.22  0.0    5 12.3 21.4      4621
 4622 2021- 7-11 20:18     - 54 36  161 44   6.34 0.36  0.0    8 12.9 28.3      4622
 4623 2021- 7-11 20:25     - 55 51  161 20   5.13 0.13  0.0    5 12.1 16.7      4623
 *** DISTANCE & RESIDUAL WEIGHTING CANCELLED FOR EVENT: 2021  7 11 20 26
 4624 2021- 7-11 20:26     # 55  5  162 10   5.00 2.66  0.0    4 41.0 90.1      4624
 *** DISTANCE & RESIDUAL WEIGHTING CANCELLED FOR EVENT: 2021  7 11 20 29
 4625 2021- 7-11 20:29     # 55 16  161 39  18.05 0.53  0.0    4 23.3  8.9      4625
 *** DISTANCE & RESIDUAL WEIGHTING CANCELLED FOR EVENT: 2021  7 11 20 45
 4626 2021- 7-11 20:45     # 55 17  161 42   5.01 0.57  0.0    5 10.0  4.4      4626
 4627 2021- 7-11 23:03     - 54 40  162  5   5.33 0.16  0.0   10  7.2 15.8      4627
 4628 2021- 7-11 23:28     - 55  4  161 32   4.79 0.05  0.0    4  5.5 12.1      4628
 4629 2021- 7-11 23:32     - 55 10  161 46   9.30 0.02  0.0    4  5.6  9.0      4629
 *** DISTANCE & RESIDUAL WEIGHTING CANCELLED FOR EVENT: 2021  7 12  0  0
 4630 2021- 7-11 23:59     - 55 53  163 11   5.00 1.06  0.0    4 82.7 88.8      4630
 4631 2021- 7-12  0:29     - 55 11  161 55   7.44 0.08  0.0    4  7.2 11.0      4631
 *** DISTANCE & RESIDUAL WEIGHTING CANCELLED FOR EVENT: 2021  7 12  0 29
 4632 2021- 7-12  0:29     # 55  9  161 54  12.23 0.93  0.0    4 34.4 35.9      4632
 4633 2021- 7-12  3:39       54 29  160 41  15.05 0.11  0.0   12  2.6  3.8      4633
 4634 2021- 7-12  3:39     - 54 56  161 30  22.20 0.44  0.0    8 26.6  5.3      4634
 *** DISTANCE & RESIDUAL WEIGHTING CANCELLED FOR EVENT: 2021  7 12  4 50
 4635 2021- 7-12  4:50     - 55 26  161 56   4.99 0.44  0.0    4  9.5 35.2      4635
  SEQ ---DATE--- TIME REMARK -LAT-  --LON-  DEPTH  RMS PMAG  NUM  ERH  ERZ  ID
 4636 2021- 7-12  4:59     - 55 26  161 53   2.47 0.04  0.0    4  1.4 10.0      4636
 4637 2021- 7-12  5:01       55 20  161 44  17.93 0.01  0.0    4  3.5  4.6      4637
 4638 2021- 7-12  7:26     - 55 46  161 14   5.13 0.06  0.0    4  5.6 12.1      4638
 4639 2021- 7-12  7:31     - 55 22  162 44   5.04 0.06  0.0    4  5.9 12.3      4639
 *** DISTANCE & RESIDUAL WEIGHTING CANCELLED FOR EVENT: 2021  7 12  7 42
 4640 2021- 7-12  7:42     - 55 19  162  9   5.00 1.11  0.0    4 90.8 10.0      4640
 4641 2021- 7-12  8:31     - 54 37  161 51   4.90 0.20  0.0    7  8.3 17.4      4641
 *** DISTANCE & RESIDUAL WEIGHTING CANCELLED FOR EVENT: 2021  7 12  8 42
 4642 2021- 7-12  8:42     - 55 20  161 53   4.81 0.44  0.0    4 25.3 25.7      4642
 *** DISTANCE & RESIDUAL WEIGHTING CANCELLED FOR EVENT: 2021  7 12  9  2
 4643 2021- 7-12  9:02     - 54 56  162 31   5.00 1.33  0.0    4 41.8 89.8      4643
 4644 2021- 7-12 10:41     - 54 59  161 39  22.11 0.13  0.0    7 12.3  3.7      4644
 4645 2021- 7-12 10:41     - 55 10  161  3   1.80 0.06  0.0    4  3.9 12.9      4645
 *** DISTANCE & RESIDUAL WEIGHTING CANCELLED FOR EVENT: 2021  7 12 12 10
 4646 2021- 7-12 12:10     - 54 49  162 21   5.00 0.65  0.0    4 27.6 50.4      4646
 *** DISTANCE & RESIDUAL WEIGHTING CANCELLED FOR EVENT: 2021  7 12 12 15
 4647 2021- 7-12 12:15     - 55 11  161  7   5.00 0.60  0.0    4 28.4 47.0      4647
 *** DISTANCE & RESIDUAL WEIGHTING CANCELLED FOR EVENT: 2021  7 12 12 26
 4648 2021- 7-12 12:26     - 55 18  161  2   4.99 0.29  0.0    4 19.7 24.6      4648
 4649 2021- 7-12 12:33     - 55 51  161 30   4.98 0.42  0.0    6 15.6 33.9      4649
 *** DISTANCE & RESIDUAL WEIGHTING CANCELLED FOR EVENT: 2021  7 12 13 35
 4650 2021- 7-12 13:35     - 54 53  161 58   5.00 0.48  0.0    4 37.3 42.0      4650
 *** DISTANCE & RESIDUAL WEIGHTING CANCELLED FOR EVENT: 2021  7 12 13 35
  SEQ ---DATE--- TIME REMARK -LAT-  --LON-  DEPTH  RMS PMAG  NUM  ERH  ERZ  ID
 4651 2021- 7-12 13:35     # 55 15  162 11   5.00 1.17  0.0    6 33.2 39.9      4651
 4652 2021- 7-12 14:53     - 54 33  161  8   4.08 0.10  0.0    5  6.4 13.8      4652
 4653 2021- 7-12 14:54     - 55 27  161 26  47.91 0.17  0.0    8  9.4 11.0      4653
 4654 2021- 7-12 14:54     - 56  1  162  6   4.88 0.12  0.0    7  6.4 13.9      4654
 4655 2021- 7-12 15:05     - 54 33  161 47   4.75 0.15  0.0    6  7.4 15.7      4655
 4656 2021- 7-12 16:06     - 54 56  162 47   5.02 0.08  0.0    6  5.9 12.8      4656
 4657 2021- 7-12 16:08     - 55  4  163  7   5.25 0.18  0.0    5  8.2 17.8      4657
 *** DISTANCE & RESIDUAL WEIGHTING CANCELLED FOR EVENT: 2021  7 12 18 53
 4658 2021- 7-12 18:53     - 55 25  161 58   4.88 0.28  0.0    4 24.8  5.5      4658
 *** DISTANCE & RESIDUAL WEIGHTING CANCELLED FOR EVENT: 2021  7 12 19  0
 4659 2021- 7-12 19:00     - 55 44  161 27  15.13 0.20  0.0    5  6.9 15.4      4659
 4660 2021- 7-12 20:38     - 55 39  163  4   4.93 0.03  0.0    4  5.4 11.5      4660
 4661 2021- 7-12 21:46     - 54 28  162 18   4.82 0.09  0.0    6  6.2 13.4      4661
 4662 2021- 7-12 21:46     - 55  1  162 13   1.42 0.08  0.0    4  1.1 14.2      4662
 4663 2021- 7-12 21:47       55  2  162 18  11.65 0.00  0.0    4  3.3  5.4      4663
 4664 2021- 7-12 22:14     # 55 32  161 52  27.09 0.73  0.0    4 16.6 19.2      4664
 4665 2021- 7-12 23:37     - 54 42  163  5   4.82 0.01  0.0    4  5.5 11.4      4665
  SEQ ---DATE--- TIME REMARK -LAT-  --LON-  DEPTH  RMS PMAG  NUM  ERH  ERZ  ID
 4666 2021- 7-12 23:37     - 55 17  162  2   4.97 0.41  0.0    6  1.9 30.0      4666
 4667 2021- 7-13  0:39     - 55 14  162  7  21.34 0.05  0.0    4  1.7 12.1      4667
 4668 2021- 7-13  1:08     - 54 44  162 38   7.50 0.05  0.0    6  3.4 11.6      4668
 4669 2021- 7-13  1:13     - 54 40  161 58   5.00 0.04  0.0    5  9.2 13.0      4669
 4670 2021- 7-13  1:14     - 54 59  161 48  33.66 0.01  0.0    4 11.9  3.0      4670
 4671 2021- 7-13  2:12     - 54 59  162 52   4.64 0.07  0.0    6  5.8 12.4      4671
 4672 2021- 7-13  2:33     - 54 53  161 38   5.19 0.26  0.0    5 13.0 25.3      4672
 4673 2021- 7-13  4:09       55 22  161 50  14.89 0.07  0.0    5  3.6  3.6      4673
 4674 2021- 7-13  4:23     - 55 40  161 29   4.50 0.13  0.0    7  6.9 12.9      4674
 4675 2021- 7-13  4:30       55 23  161 52  11.83 0.00  0.0    4  4.3  4.8      4675
 4676 2021- 7-13  4:47     - 54 54  163  7   5.36 0.06  0.0    5  5.2 11.0      4676
 4677 2021- 7-13  4:52       54 29  160 46   5.72 0.16  0.0   10  2.7  4.2      4677
 *** DISTANCE & RESIDUAL WEIGHTING CANCELLED FOR EVENT: 2021  7 13  5 29
 4678 2021- 7-13  5:28     - 55 48  161 50   5.00 0.42  0.0    4 35.6 33.6      4678
 *** DISTANCE & RESIDUAL WEIGHTING CANCELLED FOR EVENT: 2021  7 13  6  3
 4679 2021- 7-13  6:03     - 54 56  162 52   4.99 0.52  0.0    5 20.4 40.2      4679
 4680 2021- 7-13  6:03     # 55 18  162 12  28.04 1.62  0.0   11 12.0 33.1      4680
  SEQ ---DATE--- TIME REMARK -LAT-  --LON-  DEPTH  RMS PMAG  NUM  ERH  ERZ  ID
 4681 2021- 7-13  6:03       55 15  161 59   5.88 0.00  0.0    4  4.6  2.0      4681
 4682 2021- 7-13  6:47     - 54 42  163 28   4.94 0.08  0.0    6  6.0 13.0      4682
 *** DISTANCE & RESIDUAL WEIGHTING CANCELLED FOR EVENT: 2021  7 13  7 11
 4683 2021- 7-13  7:11     - 55 20  162 32   5.00 2.08  0.0    4 34.8 92.7      4683
 4684 2021- 7-13  7:20       55 23  161 54  15.63 0.00  0.0    4  3.6  3.1      4684
 4685 2021- 7-13  7:48     - 55  2  162 19  16.27 0.09  0.0    6  8.0  8.0      4685
 4686 2021- 7-13  7:49       54 60  162 16   3.80 0.03  0.0    5  0.6  1.6      4686
 4687 2021- 7-13  7:59     - 55 30  163 30   4.99 0.59  0.0    4 41.5 50.8      4687
 *** DISTANCE & RESIDUAL WEIGHTING CANCELLED FOR EVENT: 2021  7 13 10 12
 4688 2021- 7-13 10:12     # 55 24  161 44   4.62 0.23  0.0    4  9.7 12.7      4688
 *** DISTANCE & RESIDUAL WEIGHTING CANCELLED FOR EVENT: 2021  7 13 10 23
 4689 2021- 7-13 10:23     - 55 21  161 57   3.94 0.25  0.0    4 12.6 17.5      4689
 *** DISTANCE & RESIDUAL WEIGHTING CANCELLED FOR EVENT: 2021  7 13 10 29
 4690 2021- 7-13 10:29     - 55 24  161 35   4.95 0.20  0.0    4 14.3 16.1      4690
 4691 2021- 7-13 10:34     - 55 25  161 43   0.01 0.02  0.0    4  5.4 11.8      4691
 *** DISTANCE & RESIDUAL WEIGHTING CANCELLED FOR EVENT: 2021  7 13 10 40
 4692 2021- 7-13 10:40     - 55  6  162 47   5.00 0.63  0.0    4 30.6 49.0      4692
 4693 2021- 7-13 10:50       55 30  161 59  14.48 0.00  0.0    4  1.9  2.0      4693
 4694 2021- 7-13 10:53     - 55 23  161 39   0.25 0.15  0.0    4 14.6 12.5      4694
 *** DISTANCE & RESIDUAL WEIGHTING CANCELLED FOR EVENT: 2021  7 13 11  0
 4695 2021- 7-13 11:00     - 55 23  161 41   2.01 0.35  0.0    4 24.4 10.3      4695
 *** DISTANCE & RESIDUAL WEIGHTING CANCELLED FOR EVENT: 2021  7 13 11 32
  SEQ ---DATE--- TIME REMARK -LAT-  --LON-  DEPTH  RMS PMAG  NUM  ERH  ERZ  ID
 4696 2021- 7-13 11:32     - 55 18  162  1   2.50 0.49  0.0    4 39.7 29.1      4696
 *** DISTANCE & RESIDUAL WEIGHTING CANCELLED FOR EVENT: 2021  7 13 12  9
 4697 2021- 7-13 12:09     # 55 15  161 49   4.73 0.41  0.0    5 20.1 14.4      4697
 *** DISTANCE & RESIDUAL WEIGHTING CANCELLED FOR EVENT: 2021  7 13 12  9
 4698 2021- 7-13 12:09     - 55 17  161 54   1.37 0.93  0.0    4  4.5 77.2      4698
 4699 2021- 7-13 12:18       55 43  161 21  42.51 0.00  0.0    4  7.3  4.8      4699
 *** DISTANCE & RESIDUAL WEIGHTING CANCELLED FOR EVENT: 2021  7 13 12 41
 4700 2021- 7-13 12:41     # 55 23  161 43   4.17 1.09  0.0    4 45.2 31.3      4700
 *** DISTANCE & RESIDUAL WEIGHTING CANCELLED FOR EVENT: 2021  7 13 12 58
 4701 2021- 7-13 12:58     # 55 42  161 57   5.00 3.30  0.0    6 94.4 29.9      4701
 4702 2021- 7-13 13:04     - 54 31  162  7   4.62 0.02  0.0    5  5.4 11.5      4702
 4703 2021- 7-13 13:05     - 55 15  161 31   7.77 0.01  0.0    4  3.2 10.4      4703
 4704 2021- 7-13 13:25     - 55 30  161 59   2.81 0.19  0.0    4 14.1 13.0      4704
 *** DISTANCE & RESIDUAL WEIGHTING CANCELLED FOR EVENT: 2021  7 13 14 32
 4705 2021- 7-13 14:32     - 55 12  162  5   2.31 0.43  0.0    4 37.9 29.9      4705
 4706 2021- 7-13 14:46       54 43  161 29  49.64 0.11  0.0   10  2.7  4.2      4706
 4707 2021- 7-13 15:25       55 15  161 43  12.24 0.36  0.0    6  6.7  6.2      4707
 4708 2021- 7-13 16:05     - 55  1  163 21  17.02 1.01  0.0   13  6.2 85.4      4708
 4709 2021- 7-13 16:41     - 54 38  160 50  32.30 0.23  0.0   10 19.8 23.0      4709
 4710 2021- 7-13 16:41     - 54 29  160 37  26.56 0.33  0.0   10 25.0 29.7      4710
 *** DISTANCE & RESIDUAL WEIGHTING CANCELLED FOR EVENT: 2021  7 13 17 23
  SEQ ---DATE--- TIME REMARK -LAT-  --LON-  DEPTH  RMS PMAG  NUM  ERH  ERZ  ID
 4711 2021- 7-13 17:23     # 55 13  161 44  18.40 0.53  0.0    4 19.4  6.2      4711
 4712 2021- 7-13 18:27       55 26  161 55  19.69 0.08  0.0    6  2.1  1.7      4712
 4713 2021- 7-13 18:33     - 54 56  162 46   5.08 0.02  0.0    4  5.1 11.5      4713
 4714 2021- 7-13 18:33     - 55  3  161 37   1.48 0.12  0.0    7  3.7 15.4      4714
 *** DISTANCE & RESIDUAL WEIGHTING CANCELLED FOR EVENT: 2021  7 13 18 33
 4715 2021- 7-13 18:33     # 55  1  162  5   2.12 1.30  0.0    7 10.6 12.2      4715
 4716 2021- 7-13 18:35     # 55 21  161 49  15.86 0.05  0.0    5  3.4  2.1      4716
 4717 2021- 7-13 20:12     - 54 52  162 43   6.66 0.01  0.0    4  3.2 12.5      4717
 *** DISTANCE & RESIDUAL WEIGHTING CANCELLED FOR EVENT: 2021  7 13 20 31
 4718 2021- 7-13 20:30     - 54 55  162 10   5.00 0.45  0.0    5 34.2 13.6      4718
 4719 2021- 7-13 20:31     - 54 55  162 19   6.54 0.01  0.0    4 10.7  5.4      4719
 4720 2021- 7-13 21:36       54 38  162 56  61.16 0.10  0.0    9  3.3  1.9      4720
 4721 2021- 7-13 22:16     - 54 21  161 28   5.36 0.19  0.0    7  7.7 18.1      4721
 4722 2021- 7-13 22:16     - 54 52  162 60   4.53 0.01  0.0    4  5.4 11.3      4722
 4723 2021- 7-13 23:59     - 55 27  162 28   5.30 0.06  0.0    4  8.0  8.1      4723
 4724 2021- 7-14  0:45     - 55 26  161 39   0.45 0.06  0.0    4 11.2  9.2      4724
 4725 2021- 7-14  0:53       54 27  160 51   7.81 0.17  0.0    9  3.7  1.6      4725
  SEQ ---DATE--- TIME REMARK -LAT-  --LON-  DEPTH  RMS PMAG  NUM  ERH  ERZ  ID
 4726 2021- 7-14  1:47     - 54 46  161  9  16.50 0.19  0.0    6 19.0 20.3      4726
 4727 2021- 7-14  1:48     - 54 42  161  0   5.06 0.33  0.0    4 27.2 29.8      4727
 4728 2021- 7-14  3:00     - 54 49  161  7  26.13 0.21  0.0    8 18.7  3.2      4728
 4729 2021- 7-14  3:00     - 54 55  161 27  29.70 0.22  0.0    5 18.9  2.2      4729
 4730 2021- 7-14  4:21     # 55 17  161 21  15.65 0.67  0.0   12 26.1  6.9      4730
 4731 2021- 7-14  4:21     - 55  4  161 13   5.08 0.20  0.0    6 18.7 20.4      4731
 4732 2021- 7-14  4:25       54 19  160 54   6.28 0.09  0.0    6  4.9  5.9      4732
 4733 2021- 7-14  5:05     - 55 29  161 18   5.01 0.29  0.0    4 25.2 25.8      4733
 4734 2021- 7-14  6:35     - 54 60  162 14   0.09 0.07  0.0    5  5.6 13.1      4734
 *** DISTANCE & RESIDUAL WEIGHTING CANCELLED FOR EVENT: 2021  7 14  6 35
 4735 2021- 7-14  6:35     - 54 59  162 14   8.24 0.39  0.0    4 27.8 16.5      4735
 4736 2021- 7-14  8:18     - 54 27  161 40   4.74 0.19  0.0    7  8.5 18.2      4736
 4737 2021- 7-14  8:41     - 55 27  161 47  18.71 0.03  0.0    4  8.7  9.2      4737
 4738 2021- 7-14  8:46     - 55 14  161 53   0.10 0.33  0.0    4  3.6 30.4      4738
 4739 2021- 7-14 10:44     - 54 56  161 21  34.45 0.15  0.0    6 13.1  4.6      4739
 4740 2021- 7-14 12:30     # 54 58  163  4   1.57 0.17  0.0   10  2.0  1.8      4740
  SEQ ---DATE--- TIME REMARK -LAT-  --LON-  DEPTH  RMS PMAG  NUM  ERH  ERZ  ID
 4741 2021- 7-14 12:41     - 55 41  161 50  33.57 0.28  0.0    4  5.2 26.2      4741
 *** DISTANCE & RESIDUAL WEIGHTING CANCELLED FOR EVENT: 2021  7 14 12 50
 4742 2021- 7-14 12:50     - 55 33  162  1   5.00 1.99  0.0    4 96.1 88.3      4742
 *** DISTANCE & RESIDUAL WEIGHTING CANCELLED FOR EVENT: 2021  7 14 16  0
 *** ABANDON EVENT WITH ONLY 3 READINGS:2021  7 14 15 59
 *** DISTANCE & RESIDUAL WEIGHTING CANCELLED FOR EVENT: 2021  7 14 16 19
 4744 2021- 7-14 16:19     - 55 22  162  8   5.23 0.34  0.0    4 20.6 28.0      4744
 4745 2021- 7-14 16:18     - 54 55  163  2   4.21 0.19  0.0   15  7.3 16.1      4745
 *** DISTANCE & RESIDUAL WEIGHTING CANCELLED FOR EVENT: 2021  7 14 16 25
 4746 2021- 7-14 16:25     - 55  5  162 31   1.31 0.44  0.0    4 36.7 28.9      4746
 4747 2021- 7-14 16:26     - 54 60  163  6   5.05 0.13  0.0    8  7.0 15.2      4747
 4748 2021- 7-14 16:36       54 56  161 33  28.14 0.15  0.0    9  2.3  3.3      4748
 4749 2021- 7-14 16:37       55 11  161 55  11.57 0.07  0.0    6  0.9  1.1      4749
 4750 2021- 7-14 16:41     - 54 36  161 37   5.56 0.20  0.0   15  7.8 16.7      4750
 4751 2021- 7-14 17:07     - 54 30  161  6   4.71 0.18  0.0   13  7.3 15.9      4751
 4752 2021- 7-14 17:26     - 55  0  163  7   5.10 0.11  0.0    7  6.5 14.0      4752
 4753 2021- 7-14 17:29     - 54 40  163 35   2.18 0.04  0.0    5  5.4 11.8      4753
 4754 2021- 7-14 17:31     - 54 58  161 15  26.96 0.24  0.0   10 18.4  8.6      4754
 4755 2021- 7-14 17:31     - 54 43  160 42  30.80 0.10  0.0    8 10.6 15.1      4755
  SEQ ---DATE--- TIME REMARK -LAT-  --LON-  DEPTH  RMS PMAG  NUM  ERH  ERZ  ID
 4756 2021- 7-14 18:07     - 55  8  163 18   2.94 1.01  0.0   12 32.1 67.4      4756
 4757 2021- 7-14 18:16     - 55 13  160 51   5.22 0.34  0.0   11 12.5 27.1      4757
 4758 2021- 7-14 18:16     - 55 19  161 58   1.12 0.02  0.0    4  0.8 12.4      4758
 4759 2021- 7-14 18:41       55 21  162  1  13.57 0.10  0.0    7  2.5  1.4      4759
 4760 2021- 7-14 18:44     - 54 43  162 27   5.81 0.11  0.0    7  6.7 14.0      4760
 4761 2021- 7-14 19:15     - 55 37  163  2   5.08 0.06  0.0    4  5.7 12.2      4761
 *** DISTANCE & RESIDUAL WEIGHTING CANCELLED FOR EVENT: 2021  7 15  0 53
 4762 2021- 7-15  0:53     # 55 12  161 56   4.70 0.37  0.0    7  2.9  4.5      4762
 4763 2021- 7-15  0:53     - 55  2  161 36  33.53 0.20  0.0    5 17.4  7.5      4763
 4764 2021- 7-15  1:02     - 55 12  161  5  33.92 0.13  0.0    8 13.2  6.1      4764
 4765 2021- 7-15  1:03     - 55 23  161 27  20.03 0.12  0.0    4 14.0  6.7      4765
 *** DISTANCE & RESIDUAL WEIGHTING CANCELLED FOR EVENT: 2021  7 15  1  3
 4766 2021- 7-15  1:03     - 55 12  161 52   3.84 0.31  0.0    4  9.0 20.4      4766
 4767 2021- 7-15  1:33     - 55 45  161 59   3.42 0.28  0.0    5 11.1 23.7      4767
 4768 2021- 7-15  2:59     - 54 53  161 13  30.50 0.16  0.0    9 15.6  1.5      4768
 *** DISTANCE & RESIDUAL WEIGHTING CANCELLED FOR EVENT: 2021  7 15  2 59
 4769 2021- 7-15  2:59     - 55 14  161  5   5.02 0.17  0.0    4 15.5 18.9      4769
 *** DISTANCE & RESIDUAL WEIGHTING CANCELLED FOR EVENT: 2021  7 15  3 29
 4770 2021- 7-15  3:29     - 55 44  160 56   5.00 0.59  0.0    5 20.8 45.5      4770
  SEQ ---DATE--- TIME REMARK -LAT-  --LON-  DEPTH  RMS PMAG  NUM  ERH  ERZ  ID
 4771 2021- 7-15  5:18     # 54 52  162 11   0.08 0.11  0.0    5  4.2  4.7      4771
 4772 2021- 7-15  5:19     - 54 56  162 15   0.00 1.08  0.0    4 18.5 87.7      4772
 4773 2021- 7-15  5:51     - 55  9  161 43  18.86 0.20  0.0    4 13.8  7.2      4773
 4774 2021- 7-15  5:52     - 54 48  161  5  10.74 0.03  0.0    4 11.8  3.2      4774
 4775 2021- 7-15  7:55     - 55 16  163 34   4.73 0.60  0.0   13 17.0 33.0      4775
 4776 2021- 7-15  7:59     - 55 22  162 17  17.94 0.04  0.0    4  3.0 12.0      4776
 4777 2021- 7-15 11:01     - 54 58  162 15   1.24 0.01  0.0    5  2.5 12.0      4777
 4778 2021- 7-15 11:11     - 55  1  161 44  17.88 0.17  0.0    4 16.1  5.4      4778
 4779 2021- 7-15 11:12     - 54 57  161 43   3.82 0.60  0.0    4 20.1 38.2      4779
 4780 2021- 7-15 13:01     - 54 45  161 23   5.08 0.07  0.0    4  5.7 12.5      4780
 *** DISTANCE & RESIDUAL WEIGHTING CANCELLED FOR EVENT: 2021  7 15 13  3
 4781 2021- 7-15 13:02     - 55 18  162  9   2.50 0.61  0.0    4 44.7 40.1      4781
 4782 2021- 7-15 13:27     - 55 20  162 11   4.89 0.14  0.0    4  3.8 15.4      4782
 4783 2021- 7-15 13:37     - 54 45  162 47  17.84 0.14  0.0    8 16.5  7.0      4783
 4784 2021- 7-15 13:38     - 55  8  162 36   5.04 0.13  0.0    5 15.0 16.4      4784
 *** DISTANCE & RESIDUAL WEIGHTING CANCELLED FOR EVENT: 2021  7 15 16  0
 4785 2021- 7-15 15:59     - 55 24  162  8   6.59 0.42  0.0    4  3.2 37.0      4785
  SEQ ---DATE--- TIME REMARK -LAT-  --LON-  DEPTH  RMS PMAG  NUM  ERH  ERZ  ID
 4786 2021- 7-15 17:35     - 54 56  161 13  21.29 0.22  0.0   10 17.1  9.8      4786
 4787 2021- 7-15 17:35     - 54 35  160 28  17.54 0.26  0.0    9 18.8  5.7      4787
 4788 2021- 7-15 17:51     - 54 59  161 30  43.08 0.11  0.0    4 14.6  5.4      4788
 4789 2021- 7-15 18:54     - 54 53  161 17  23.17 0.24  0.0   10 18.0  9.4      4789
 4790 2021- 7-15 18:54     - 54 39  160 53  32.19 0.24  0.0    8 18.8 23.7      4790
 4791 2021- 7-15 19:11     - 54 53  163 29  34.47 0.05  0.0    6  3.4 13.1      4791
 4792 2021- 7-15 20:02     - 55 19  163 41  52.90 0.06  0.0    5  6.4 12.7      4792
 4793 2021- 7-15 20:47     - 55  0  162 17  11.39 0.04  0.0    4  5.2  9.2      4793
 *** DISTANCE & RESIDUAL WEIGHTING CANCELLED FOR EVENT: 2021  7 15 20 55
 4794 2021- 7-15 20:55     - 55 19  162  9   5.00 0.75  0.0    4 59.2 44.8      4794
 4795 2021- 7-15 23:15     - 54 56  162 31  13.37 0.09  0.0    4 12.4  6.5      4795
 4796 2021- 7-15 23:59     - 55 16  162  7  47.71 0.16  0.0    5  3.8 13.0      4796
 4797 2021- 7-16  0:42     - 55  5  161 18  24.13 0.21  0.0    9 16.8  5.5      4797
 4798 2021- 7-16  0:42     - 55 55  162 29   4.85 0.16  0.0    6  7.3 16.4      4798
 4799 2021- 7-16  0:42     - 54 35  163 20   0.08 0.53  0.0    5 34.0 24.2      4799
 *** DISTANCE & RESIDUAL WEIGHTING CANCELLED FOR EVENT: 2021  7 16  0 46
 4800 2021- 7-16  0:46     # 55  2  162 13  18.11 0.83  0.0    4 11.2 16.9      4800
  SEQ ---DATE--- TIME REMARK -LAT-  --LON-  DEPTH  RMS PMAG  NUM  ERH  ERZ  ID
 4801 2021- 7-16  1:26     # 55  8  163  5   0.72 0.65  0.0   11 16.1 34.1      4801
 *** DISTANCE & RESIDUAL WEIGHTING CANCELLED FOR EVENT: 2021  7 16  1 29
 4802 2021- 7-16  1:29     - 55 26  161 45  11.96 0.61  0.0    4 50.7 11.2      4802
 4803 2021- 7-16  4:08     - 55  6  161 22  24.18 0.26  0.0    9 17.2  6.2      4803
 4804 2021- 7-16  4:08     - 54 54  160 22  31.95 0.18  0.0    8 14.2 19.7      4804
 *** DISTANCE & RESIDUAL WEIGHTING CANCELLED FOR EVENT: 2021  7 16  4 56
 4805 2021- 7-16  4:56     # 55  1  162 20   2.46 0.00  0.0    4  2.3  1.6      4805
 *** DISTANCE & RESIDUAL WEIGHTING CANCELLED FOR EVENT: 2021  7 16  5  0
 4806 2021- 7-16  5:00     # 55  8  162 34  20.52 0.37  0.0    5  4.5  6.6      4806
 4807 2021- 7-16  5:00     - 54 59  162 19   4.73 0.01  0.0    4 10.5  6.6      4807
 *** DISTANCE & RESIDUAL WEIGHTING CANCELLED FOR EVENT: 2021  7 16  5 28
 4808 2021- 7-16  5:27     # 55 41  162 11   5.00 1.78  0.0    4 34.7 25.4      4808
 4809 2021- 7-16  5:49     - 55 18  160 54  32.26 0.17  0.0    7 17.2  1.2      4809
 4810 2021- 7-16  5:49       55 17  161 36  19.67 0.09  0.0    7  1.8  1.4      4810
 4811 2021- 7-16  7:28     - 54 45  160 47  36.47 0.23  0.0   11 15.0 17.9      4811
 4812 2021- 7-16  7:28     - 54 41  160 39   5.34 0.20  0.0    6 14.8  9.9      4812
 *** DISTANCE & RESIDUAL WEIGHTING CANCELLED FOR EVENT: 2021  7 16  8  0
 4813 2021- 7-16  7:59     # 55 23  162 20   5.07 0.65  0.0    6  4.9  9.1      4813
 4814 2021- 7-16  9:46     - 54 46  160 53  37.35 0.26  0.0   11 18.2 15.2      4814
 4815 2021- 7-16  9:46     - 54 44  161  0  29.83 0.14  0.0   10 11.7  2.0      4815
  SEQ ---DATE--- TIME REMARK -LAT-  --LON-  DEPTH  RMS PMAG  NUM  ERH  ERZ  ID
 4816 2021- 7-16 11:24     - 55  2  162 14   0.60 0.14  0.0    4  1.0 13.5      4816
 4817 2021- 7-16 13:21     - 55  1  163  8   5.05 0.04  0.0    4  5.5 11.8      4817
 4818 2021- 7-16 14:27     - 54 49  160 45   5.12 0.28  0.0   11 10.4 23.3      4818
 4819 2021- 7-16 14:27     - 54 52  160 57  55.23 0.15  0.0    6 12.0  8.6      4819
 4820 2021- 7-16 15:59     - 55 30  162 53   5.01 0.10  0.0    5  6.6 14.8      4820
 4821 2021- 7-16 17:46     - 54 56  161 15  25.56 0.25  0.0   10 19.0  8.6      4821
 4822 2021- 7-16 17:46     - 54 41  160 40  23.54 0.27  0.0   10 17.4  4.1      4822
 4823 2021- 7-16 19:00     - 55  5  162 28   5.02 0.12  0.0    4  6.8 14.5      4823
 4824 2021- 7-16 19:08     - 54 32  162 27   4.95 0.20  0.0    5 20.2 18.8      4824
 4825 2021- 7-16 19:12     - 55  5  161  4   6.21 0.04  0.0    5  5.3 11.3      4825
 4826 2021- 7-16 19:14     - 55  1  161 33   5.91 0.08  0.0    6  6.0 12.7      4826
 4827 2021- 7-16 19:15     - 55 33  162  9   5.42 0.18  0.0    6  8.4 17.8      4827
 4828 2021- 7-16 20:03     - 54 56  161  4   6.14 0.05  0.0    5  5.4 11.8      4828
 4829 2021- 7-16 20:04       55 20  161 33  24.04 0.00  0.0    4  1.5  2.7      4829
 4830 2021- 7-16 23:53     - 55 12  161 26  15.88 0.02  0.0    4 11.6  4.4      4830
  SEQ ---DATE--- TIME REMARK -LAT-  --LON-  DEPTH  RMS PMAG  NUM  ERH  ERZ  ID
 4831 2021- 7-16 23:53     - 55 35  161 36   4.73 0.06  0.0    4  5.7 12.3      4831
 4832 2021- 7-16 23:59     - 55 19  162  4   7.29 0.07  0.0    5  1.2 13.9      4832
 4833 2021- 7-17  1:01     - 55 24  161 13   7.54 0.18  0.0    7  4.3 19.3      4833
 *** DISTANCE & RESIDUAL WEIGHTING CANCELLED FOR EVENT: 2021  7 17  1  2
 4834 2021- 7-17  1:02     - 55 28  162 13   4.68 0.89  0.0    4 39.7 64.0      4834
 *** DISTANCE & RESIDUAL WEIGHTING CANCELLED FOR EVENT: 2021  7 17  1 13
 4835 2021- 7-17  1:13     # 55 23  162 13   5.00 0.69  0.0    4  6.8 13.7      4835
 4836 2021- 7-17  1:15       54 45  160 26   7.02 0.19  0.0   17  1.2  1.1      4836
 4837 2021- 7-17  1:29     - 54 59  160 52  30.11 0.20  0.0    9 18.2  2.5      4837
 4838 2021- 7-17  1:29     - 54 55  160 51  36.11 0.15  0.0    8 11.9 10.2      4838
 *** DISTANCE & RESIDUAL WEIGHTING CANCELLED FOR EVENT: 2021  7 17  1 29
 4839 2021- 7-17  1:29     - 54 57  162 24   2.51 0.58  0.0    4 49.1  9.0      4839
 4840 2021- 7-17  1:58     - 55  1  160 57  38.25 0.17  0.0    9 14.8  8.1      4840
 4841 2021- 7-17  1:58     - 54 37  163 21   5.39 0.18  0.0    4 17.4  8.7      4841
 4842 2021- 7-17  2:40     - 55  5  161 40  27.44 0.23  0.0    6 17.5 11.1      4842
 4843 2021- 7-17  3:34     - 54 46  161 35   5.02 0.34  0.0    8 15.0 30.5      4843
 4844 2021- 7-17  4:55     - 54 59  161 12  25.69 0.25  0.0    9 18.9  9.3      4844
 4845 2021- 7-17  4:55     - 54 49  160 52  31.15 0.09  0.0    7 11.0  1.7      4845
  SEQ ---DATE--- TIME REMARK -LAT-  --LON-  DEPTH  RMS PMAG  NUM  ERH  ERZ  ID
 4846 2021- 7-17  5:21     - 54 57  161 15  24.07 0.23  0.0   10 17.5  8.5      4846
 4847 2021- 7-17  5:21     - 54 39  160 40  21.74 0.20  0.0    9 15.3  4.1      4847
 *** DISTANCE & RESIDUAL WEIGHTING CANCELLED FOR EVENT: 2021  7 17  5 23
 4848 2021- 7-17  5:23     - 55 37  161 26   5.05 0.37  0.0    4  8.1 32.1      4848
 4849 2021- 7-17  5:23     - 54 54  160  8   0.67 0.10  0.0    4 11.3  9.8      4849
 4850 2021- 7-17  6:51       55 32  161 50   7.13 0.14  0.0    7  1.3  4.4      4850
 4851 2021- 7-17  7:17       54 55  162 10   0.45 0.08  0.0    7  1.6  5.8      4851
 4852 2021- 7-17  7:17     - 54 56  162 12   0.51 0.07  0.0    5  1.5 13.1      4852
 4853 2021- 7-17  7:59     - 55  2  162  3   5.02 0.07  0.0    4  1.7 13.8      4853
 *** DISTANCE & RESIDUAL WEIGHTING CANCELLED FOR EVENT: 2021  7 17  8 17
 4854 2021- 7-17  8:17     # 55 16  161 53   5.07 0.33  0.0    4  2.5  2.9      4854
 4855 2021- 7-17  9:06     - 54 43  163 31   4.90 0.05  0.0    4  6.6 11.9      4855
 *** DISTANCE & RESIDUAL WEIGHTING CANCELLED FOR EVENT: 2021  7 17  9  7
 4856 2021- 7-17  9:07     - 55 20  162  5   5.00 0.56  0.0    4 14.2 39.4      4856
 4857 2021- 7-17 10:23     - 54 45  162 37   7.63 0.09  0.0    7  2.2 11.5      4857
 4858 2021- 7-17 12:14     - 54 49  160 49  26.18 0.22  0.0   10 20.4  4.4      4858
 4859 2021- 7-17 12:14     - 54 51  161 13  31.22 0.23  0.0    6 18.9  1.5      4859
 4860 2021- 7-17 15:42     - 54 17  162  2  18.36 0.37  0.0   17  3.3 32.6      4860
  SEQ ---DATE--- TIME REMARK -LAT-  --LON-  DEPTH  RMS PMAG  NUM  ERH  ERZ  ID
 4861 2021- 7-17 15:59     - 55 26  162 15  27.79 0.03  0.0    4  1.7 12.6      4861
 *** DISTANCE & RESIDUAL WEIGHTING CANCELLED FOR EVENT: 2021  7 17 18  7
 4862 2021- 7-17 18:07     - 54 45  162 23  12.09 2.57  0.0    5 98.9 67.8      4862
 4863 2021- 7-17 20:27     - 55 12  162 20   4.72 0.05  0.0    5  8.0  9.9      4863
 4864 2021- 7-17 20:29     # 54 34  161  8  23.13 0.11  0.0   12  1.7  2.6      4864
 4865 2021- 7-17 20:29     - 54 45  161 25   5.04 0.26  0.0    7 17.4 24.6      4865
 4866 2021- 7-17 21:08     - 55 13  161 42  45.11 0.25  0.0    6  9.7 17.7      4866
 *** DISTANCE & RESIDUAL WEIGHTING CANCELLED FOR EVENT: 2021  7 17 21 47
 4867 2021- 7-17 21:47     - 55 19  160 35   5.03 0.60  0.0    5 44.6 51.4      4867
 4868 2021- 7-17 22:27     - 54 54  161 21  23.67 0.24  0.0    9 19.3 10.0      4868
 4869 2021- 7-17 22:27     - 54 33  161  0  35.69 0.34  0.0   10 19.7 26.6      4869
 *** DISTANCE & RESIDUAL WEIGHTING CANCELLED FOR EVENT: 2021  7 18  0  0
 4870 2021- 7-17 23:59     - 55 16  162 28   5.00 0.60  0.0    4 17.0 42.8      4870
 4871 2021- 7-18  0:17     - 54 27  162 59  84.55 0.11  0.0    5 14.2  6.2      4871
 4872 2021- 7-18  0:47     - 54 58  162  3   5.50 0.01  0.0    4  1.8 12.4      4872
 *** DISTANCE & RESIDUAL WEIGHTING CANCELLED FOR EVENT: 2021  7 18  1  1
 4873 2021- 7-18  1:01     - 55  9  162 18   5.00 0.90  0.0    4 32.4 69.0      4873
 4874 2021- 7-18  1:01     - 54 27  161 35   4.87 0.14  0.0   15  7.0 14.4      4874
 4875 2021- 7-18  3:22     - 54 36  161 14  37.44 0.18  0.0    9  2.5 14.4      4875
  SEQ ---DATE--- TIME REMARK -LAT-  --LON-  DEPTH  RMS PMAG  NUM  ERH  ERZ  ID
 4876 2021- 7-18  3:42     - 54 54  161 30  33.02 0.13  0.0    6 15.0  7.1      4876
 *** DISTANCE & RESIDUAL WEIGHTING CANCELLED FOR EVENT: 2021  7 18  3 43
 4877 2021- 7-18  3:43     - 54 49  161 15  14.42 0.35  0.0    5 24.5  3.7      4877
 4878 2021- 7-18  5:26       55  3  162 50   4.39 0.14  0.0    6  3.2  2.8      4878
 4879 2021- 7-18  7:26     - 55 43  162 56   5.05 0.07  0.0    4  5.8 12.5      4879
 4880 2021- 7-18  7:59     - 55 18  162  2  42.92 0.15  0.0    5  3.6 13.6      4880
 4881 2021- 7-18 10:33     - 55 37  162 36   0.02 0.28  0.0    4 13.6 23.0      4881
 4882 2021- 7-18 11:27     - 54 39  161 54   4.89 0.19  0.0   16  6.9 14.5      4882
 4883 2021- 7-18 11:54     - 54 58  162 13   4.37 0.04  0.0    4  3.6 12.1      4883
 4884 2021- 7-18 12:55     - 55 14  161 51   5.29 0.02  0.0    4  7.3  5.9      4884
 4885 2021- 7-18 13:01       55 28  161 32   5.48 0.12  0.0   15  0.7  0.3      4885
 4886 2021- 7-18 14:33       54 52  161 42  15.55 0.06  0.0    7  2.9  7.0      4886
 4887 2021- 7-18 15:22     - 54 27  161  1   1.69 0.15  0.0   10  6.3 12.4      4887
 4888 2021- 7-18 15:22     - 54 59  162 43   4.65 0.01  0.0    4  9.2  5.5      4888
 4889 2021- 7-18 15:22     - 55  9  161 28   5.02 0.05  0.0    6  9.6 13.0      4889
 4890 2021- 7-18 15:59     - 55  7  161  2  17.01 0.22  0.0    8 18.0 22.0      4890
  SEQ ---DATE--- TIME REMARK -LAT-  --LON-  DEPTH  RMS PMAG  NUM  ERH  ERZ  ID
 4891 2021- 7-18 15:59     - 54 59  160 49   5.01 0.26  0.0    6 20.4 24.7      4891
 4892 2021- 7-18 15:59     - 55 21  162 12  77.26 0.15  0.0    9  4.7 15.1      4892
 4893 2021- 7-18 16:10       55 20  161 40   5.81 0.06  0.0    6  3.3  1.2      4893
 *** DISTANCE & RESIDUAL WEIGHTING CANCELLED FOR EVENT: 2021  7 18 16 11
 4894 2021- 7-18 16:11     - 54 42  160 50   5.00 1.63  0.0    4 41.1 90.1      4894
 *** DISTANCE & RESIDUAL WEIGHTING CANCELLED FOR EVENT: 2021  7 18 16 11
 4895 2021- 7-18 16:11     # 55 33  162  8   5.00 3.30  0.0    4 74.1 65.6      4895
 4896 2021- 7-18 17:08     - 55 20  161  9  32.50 0.12  0.0    8 11.3  0.9      4896
 *** DISTANCE & RESIDUAL WEIGHTING CANCELLED FOR EVENT: 2021  7 18 17  8
 4897 2021- 7-18 17:08     - 55 32  159 41   5.00 0.52  0.0    4 39.2 44.4      4897
 4898 2021- 7-18 17:55     - 55  1  161 24  21.29 0.06  0.0    5 11.6  4.0      4898
 4899 2021- 7-18 17:55     - 55 54  162 27   5.36 0.05  0.0    5  5.0 11.5      4899
 4900 2021- 7-18 20:41       54 55  160 56  21.30 0.14  0.0    5  2.0 11.8      4900
 *** DISTANCE & RESIDUAL WEIGHTING CANCELLED FOR EVENT: 2021  7 18 20 52
 4901 2021- 7-18 20:51     # 55 15  161 57  28.95 1.13  0.0    4 37.8 16.4      4901
 4902 2021- 7-18 22:16       55  1  162 18  11.89 0.06  0.0    5  4.0  6.2      4902
 4903 2021- 7-18 22:16     - 55  0  162 27  20.73 0.00  0.0    4  6.5  6.1      4903
 4904 2021- 7-18 22:45     - 54 59  162 12   1.32 0.09  0.0    4  2.0 14.3      4904
 4905 2021- 7-18 23:53     - 55  1  162 17   2.56 0.00  0.0    4  2.1  8.9      4905
  SEQ ---DATE--- TIME REMARK -LAT-  --LON-  DEPTH  RMS PMAG  NUM  ERH  ERZ  ID
 4906 2021- 7-18 23:59     - 55 15  162 21   5.00 0.43  0.0    8  5.3 38.0      4906
 4907 2021- 7-19  0:00     - 54 28  161 43   4.63 0.21  0.0    7  9.1 19.3      4907
 4908 2021- 7-19  1:07     - 55  1  162  9   4.90 0.00  0.0    4  1.2 12.1      4908
 *** DISTANCE & RESIDUAL WEIGHTING CANCELLED FOR EVENT: 2021  7 19  1 36
 4909 2021- 7-19  1:35     - 55 57  160 47   9.04 0.60  0.0    6 36.1 31.5      4909
 *** DISTANCE & RESIDUAL WEIGHTING CANCELLED FOR EVENT: 2021  7 19  1 45
 4910 2021- 7-19  1:45     - 55 22  162  6   3.18 0.47  0.0    4 36.1 15.3      4910
 4911 2021- 7-19  1:55     - 54 26  161 15   4.73 0.09  0.0    5  6.1 13.4      4911
 4912 2021- 7-19  2:06     - 54 44  162 37   6.86 0.07  0.0    7  2.2 13.3      4912
 *** DISTANCE & RESIDUAL WEIGHTING CANCELLED FOR EVENT: 2021  7 19  2 15
 4913 2021- 7-19  2:15     - 55 27  161 41   0.22 0.70  0.0    4 11.3 47.8      4913
 *** DISTANCE & RESIDUAL WEIGHTING CANCELLED FOR EVENT: 2021  7 19  2 44
 4914 2021- 7-19  2:44     - 55 14  162 33   5.00 1.23  0.0    4 43.0 89.2      4914
 4915 2021- 7-19  2:49     - 54 28  162  6   4.42 0.36  0.0    8 13.7 29.5      4915
 *** DISTANCE & RESIDUAL WEIGHTING CANCELLED FOR EVENT: 2021  7 19  3  5
 4916 2021- 7-19  3:05     - 55 32  161 49   5.22 0.28  0.0    4  6.8 21.8      4916
 *** DISTANCE & RESIDUAL WEIGHTING CANCELLED FOR EVENT: 2021  7 19  3 45
 4917 2021- 7-19  3:45     - 55 29  163 11   5.00 0.26  0.0    4 19.5 22.8      4917
 4918 2021- 7-19  5:16     - 55 53  161 33  17.09 0.18  0.0    4 10.5 19.2      4918
 4919 2021- 7-19  5:28     - 54 40  163 14  52.92 0.23  0.0    6 14.9 13.3      4919
 *** DISTANCE & RESIDUAL WEIGHTING CANCELLED FOR EVENT: 2021  7 19  5 55
 4920 2021- 7-19  5:55     - 55 16  161 59   1.26 1.10  0.0    4 85.9 73.0      4920
 *** DISTANCE & RESIDUAL WEIGHTING CANCELLED FOR EVENT: 2021  7 19  6  6
  SEQ ---DATE--- TIME REMARK -LAT-  --LON-  DEPTH  RMS PMAG  NUM  ERH  ERZ  ID
 4921 2021- 7-19  6:06     - 55 16  161 37   2.50 0.53  0.0    4 33.3 27.1      4921
 *** DISTANCE & RESIDUAL WEIGHTING CANCELLED FOR EVENT: 2021  7 19  6 49
 4922 2021- 7-19  6:49     - 55  3  161 47  19.00 1.18  0.0    5 69.7 28.8      4922
 4923 2021- 7-19  6:50     - 55 17  162 40   6.69 0.08  0.0    4  4.4 14.3      4923
 *** DISTANCE & RESIDUAL WEIGHTING CANCELLED FOR EVENT: 2021  7 19  6 50
 4924 2021- 7-19  6:50     # 55  7  162  5  45.54 0.35  0.0    6  3.7  4.8      4924
 4925 2021- 7-19  7:59     - 55 25  162 17   6.43 0.40  0.0    4  3.6 35.8      4925
 *** DISTANCE & RESIDUAL WEIGHTING CANCELLED FOR EVENT: 2021  7 19 10 31
 4926 2021- 7-19 10:31     # 55 23  161 57   1.97 0.40  0.0    4 10.7 22.8      4926
 4927 2021- 7-19 10:48     - 55 26  161 51   0.62 0.07  0.0    4  0.9 10.7      4927
 4928 2021- 7-19 10:54       55 23  161 47   6.97 0.09  0.0    6  1.2  2.1      4928
 4929 2021- 7-19 11:01       54 33  160 40   8.73 0.13  0.0   14  1.8  0.8      4929
 4930 2021- 7-19 11:01       55 12  162  5  15.69 0.11  0.0    6  1.4  3.8      4930
 4931 2021- 7-19 11:02     - 54 36  160 42   4.40 0.12  0.0   12  6.6 14.0      4931
 4932 2021- 7-19 11:02     - 55 12  161 53   2.27 0.18  0.0    5  3.1 14.6      4932
 4933 2021- 7-19 11:38     - 54 17  162 39  30.86 0.26  0.0    4 24.8 22.0      4933
 4934 2021- 7-19 13:46     - 54 58  162 14   0.58 0.06  0.0    6  1.2 13.3      4934
 4935 2021- 7-19 13:46       55 16  161 58   6.25 0.01  0.0    4  1.5  0.7      4935
  SEQ ---DATE--- TIME REMARK -LAT-  --LON-  DEPTH  RMS PMAG  NUM  ERH  ERZ  ID
 4936 2021- 7-19 13:46     - 54 22  160 41   4.21 0.63  0.0    4 46.3 24.6      4936
 4937 2021- 7-19 13:50     - 54 28  162 32  63.40 0.14  0.0    5 17.4  5.2      4937
 4938 2021- 7-19 13:53       55 17  161 42  18.43 0.07  0.0    6  3.0  1.5      4938
 4939 2021- 7-19 14:05       55 15  162 35   4.31 0.01  0.0    4  3.1  2.9      4939
 4940 2021- 7-19 14:13     - 54 33  161 34   5.99 0.69  0.0   16 21.5 45.3      4940
 4941 2021- 7-19 15:59     - 55 36  161 35   6.19 0.41  0.0    6  9.7 36.3      4941
 4942 2021- 7-19 16:35     - 55  5  162 32   4.73 0.02  0.0    4  5.4 11.4      4942
 *** DISTANCE & RESIDUAL WEIGHTING CANCELLED FOR EVENT: 2021  7 19 16 48
 4943 2021- 7-19 16:48     - 55 16  162 39   5.00 0.93  0.0    4 34.6 70.5      4943
 *** DISTANCE & RESIDUAL WEIGHTING CANCELLED FOR EVENT: 2021  7 19 17 40
 4944 2021- 7-19 17:40     - 55 23  161 53   5.02 0.39  0.0    4 10.9 31.1      4944
 4945 2021- 7-19 18:54     - 55 19  162 41   4.47 0.15  0.0    4  8.4 16.0      4945
 4946 2021- 7-19 20:07     - 55 23  160 56   6.55 0.67  0.0    9  3.7 56.9      4946
 4947 2021- 7-19 20:12     - 54 57  161 35  20.33 0.15  0.0    5 16.0  4.5      4947
 *** DISTANCE & RESIDUAL WEIGHTING CANCELLED FOR EVENT: 2021  7 19 20 12
 4948 2021- 7-19 20:12     # 55  7  161 53  12.66 0.98  0.0    6 18.9 15.3      4948
 *** DISTANCE & RESIDUAL WEIGHTING CANCELLED FOR EVENT: 2021  7 19 20 12
 4949 2021- 7-19 20:12     # 55  7  161 48   4.99 0.80  0.0    4 21.4 17.1      4949
 4950 2021- 7-19 22:44     - 54 51  161 13  30.57 0.20  0.0    8 18.5  2.1      4950
  SEQ ---DATE--- TIME REMARK -LAT-  --LON-  DEPTH  RMS PMAG  NUM  ERH  ERZ  ID
 4951 2021- 7-19 22:44     - 54 44  161 16  28.72 0.38  0.0    8 24.5  3.7      4951
 4952 2021- 7-19 23:59     - 55 30  162 49   5.00 0.06  0.0    4  7.1 13.4      4952
 4953 2021- 7-20  7:18     - 55  4  161 51  12.47 0.18  0.0    5 13.4  7.1      4953
 *** DISTANCE & RESIDUAL WEIGHTING CANCELLED FOR EVENT: 2021  7 20  8  0
 4954 2021- 7-20  7:59     # 55 22  162  2   5.00 0.50  0.0    4  3.5 19.9      4954
 4955 2021- 7-20 14:22     - 55 13  163 16   5.04 0.11  0.0    4  6.5 14.2      4955
 *** DISTANCE & RESIDUAL WEIGHTING CANCELLED FOR EVENT: 2021  7 20 15 35
 4956 2021- 7-20 15:35     - 55 42  163  3   5.00 0.53  0.0    4 19.4 41.8      4956
 *** DISTANCE & RESIDUAL WEIGHTING CANCELLED FOR EVENT: 2021  7 20 15 48
 4957 2021- 7-20 15:48     - 54 30  162 27   4.95 0.55  0.0    4 47.3 43.4      4957
 *** DISTANCE & RESIDUAL WEIGHTING CANCELLED FOR EVENT: 2021  7 20 20 46
 4958 2021- 7-20 20:46     - 54 60  162 22   0.04 0.36  0.0    4 17.6 30.2      4958
 4959 2021- 7-20 22:44     - 54 44  163 36   4.99 0.02  0.0    4  6.6 11.4      4959
 *** DISTANCE & RESIDUAL WEIGHTING CANCELLED FOR EVENT: 2021  7 21  0  0
 4960 2021- 7-20 23:59     # 55 18  162  3   5.00 0.56  0.0    5  4.7  8.9      4960
 4961 2021- 7-21  3:03     - 55  6  163 20   2.79 0.98  0.0   11 31.1 65.8      4961
 4962 2021- 7-21  3:57     - 54 30  161 43   4.27 0.14  0.0    6  7.3 15.4      4962
 4963 2021- 7-21  4:05       54 40  160 43   9.36 0.15  0.0   16  1.5  1.3      4963
 4964 2021- 7-21  6:38     - 54 45  160 54  22.86 0.22  0.0   11 17.8  4.9      4964
 4965 2021- 7-21  6:39       55  2  161 47   9.65 0.04  0.0    5  2.5  1.7      4965
  SEQ ---DATE--- TIME REMARK -LAT-  --LON-  DEPTH  RMS PMAG  NUM  ERH  ERZ  ID
 4966 2021- 7-21  6:50     - 55  7  161 34   5.86 0.11  0.0    4  6.7 14.2      4966
 4967 2021- 7-21  7:59     - 55 17  162  4   5.00 0.04  0.0    4  1.5 13.0      4967
 4968 2021- 7-21  9:29     - 54 12  161 58  49.72 0.30  0.0    4 10.9 23.9      4968
 4969 2021- 7-21 12:41     - 54 34  163 18   5.53 0.10  0.0    6  6.2 13.5      4969
 *** DISTANCE & RESIDUAL WEIGHTING CANCELLED FOR EVENT: 2021  7 21 16  0
 4970 2021- 7-21 15:59     # 55 18  162 13  11.60 0.63  0.0    7  6.3 19.6      4970
 4971 2021- 7-21 20:31     - 54 29  161 45   5.18 0.17  0.0   14  7.6 16.4      4971
 4972 2021- 7-21 23:59     - 55 17  162  4  45.26 0.15  0.0    7  3.0 13.5      4972
 *** DISTANCE & RESIDUAL WEIGHTING CANCELLED FOR EVENT: 2021  7 22  0 25
 4973 2021- 7-22  0:25     - 55  7  160 57  38.53 0.59  0.0    5 48.9 37.4      4973
 *** DISTANCE & RESIDUAL WEIGHTING CANCELLED FOR EVENT: 2021  7 22  0 25
 4974 2021- 7-22  0:25     # 55 15  161 50   2.51 0.48  0.0    5  2.5 28.8      4974
 4975 2021- 7-22  1:40     - 54 38  161 13   4.96 0.22  0.0   18  7.7 16.4      4975
 4976 2021- 7-22  6:48     - 55 50  161 25   5.11 0.05  0.0    4  5.7 11.9      4976
 4977 2021- 7-22  7:22     - 54 23  162  5   4.71 0.14  0.0   11  7.1 15.4      4977
 4978 2021- 7-22  7:28     - 54 54  161  3   0.01 0.67  0.0    5 28.4 49.1      4978
 4979 2021- 7-22  7:59     - 55 25  161 56  54.14 0.03  0.0    6  4.6 12.4      4979
 4980 2021- 7-22  9:04       55 19  161 56   6.84 0.12  0.0    5  1.2  2.7      4980
  SEQ ---DATE--- TIME REMARK -LAT-  --LON-  DEPTH  RMS PMAG  NUM  ERH  ERZ  ID
 4981 2021- 7-22 13:12     # 54 47  162  8   0.37 0.12  0.0   10  6.6  1.7      4981
 *** DISTANCE & RESIDUAL WEIGHTING CANCELLED FOR EVENT: 2021  7 22 13 13
 4982 2021- 7-22 13:13     - 55 12  162 18   4.99 1.06  0.0    5 58.1 63.2      4982
 *** DISTANCE & RESIDUAL WEIGHTING CANCELLED FOR EVENT: 2021  7 22 14 22
 4983 2021- 7-22 14:22     # 54 60  162 22   0.72 0.70  0.0    8 35.9  8.2      4983
 4984 2021- 7-22 14:22     - 54 42  162 19   5.06 0.15  0.0    4 15.0 15.8      4984
 4985 2021- 7-22 15:24     - 55 10  161 56   0.50 0.04  0.0    4  1.0 10.6      4985
 *** DISTANCE & RESIDUAL WEIGHTING CANCELLED FOR EVENT: 2021  7 22 15 54
 4986 2021- 7-22 15:54     - 55  3  162  9   9.71 0.35  0.0    4 31.7 30.0      4986
 4987 2021- 7-22 20:06     - 55 22  163 15   4.82 0.24  0.0    5  8.2 18.5      4987
 4988 2021- 7-22 22:02       55 10  162 19   5.08 0.12  0.0   15  0.9  0.4      4988
 4989 2021- 7-22 22:11     - 54 58  162 10   2.21 0.02  0.0    4  1.9 12.0      4989
 *** DISTANCE & RESIDUAL WEIGHTING CANCELLED FOR EVENT: 2021  7 22 22 11
 4990 2021- 7-22 22:11     - 54 58  162 41   0.02 0.71  0.0    4 54.1 14.7      4990
 4991 2021- 7-22 23:59     - 55 28  161 51   4.81 0.05  0.0    4  1.8 10.3      4991
 4992 2021- 7-23  9:54     - 54 33  163 18   5.66 0.12  0.0    6  6.7 14.6      4992
 4993 2021- 7-23 12:04     - 55 13  161 28   5.22 0.01  0.0    4  5.2 11.4      4993
 4994 2021- 7-23 12:09       55 14  161 39  33.01 0.09  0.0    5  6.5  5.0      4994
 4995 2021- 7-23 12:49     - 55  4  161 27   5.01 0.10  0.0    4 13.9 15.0      4995
  SEQ ---DATE--- TIME REMARK -LAT-  --LON-  DEPTH  RMS PMAG  NUM  ERH  ERZ  ID
 4996 2021- 7-23 12:49     - 55 23  161 49   0.28 0.04  0.0    4  1.0 10.5      4996
 *** DISTANCE & RESIDUAL WEIGHTING CANCELLED FOR EVENT: 2021  7 23 16  0
 4997 2021- 7-23 15:59     # 55 30  161 59   5.02 3.36  0.0    4 33.2 13.4      4997
 *** DISTANCE & RESIDUAL WEIGHTING CANCELLED FOR EVENT: 2021  7 23 16 50
 4998 2021- 7-23 16:49     - 55  8  163 18  18.67 1.30  0.0    4 99.0 99.0      4998
 4999 2021- 7-23 17:05       55 44  162  2  11.65 0.08  0.0   11  1.7  0.7      4999
 *** DISTANCE & RESIDUAL WEIGHTING CANCELLED FOR EVENT: 2021  7 23 18 32
 5000 2021- 7-23 18:32     # 55 26  161 48   5.20 0.65  0.0    4  9.0 36.2      5000
 5001 2021- 7-23 20:59     - 54 38  161 48   5.01 0.16  0.0    4 16.6 17.0      5001
 5002 2021- 7-23 22:14     - 55  9  161 53   7.58 0.10  0.0    4 11.0  9.6      5002
 5003 2021- 7-23 22:52     - 55  0  161 39  20.80 0.16  0.0    8 14.5  3.8      5003
 5004 2021- 7-23 22:52     - 54 42  161 11  16.21 0.18  0.0    9 12.8 19.6      5004
 *** DISTANCE & RESIDUAL WEIGHTING CANCELLED FOR EVENT: 2021  7 24  0  0
 5005 2021- 7-23 23:59     - 55 22  162 18  11.62 0.26  0.0    4  4.9 19.0      5005
 5006 2021- 7-24  0:23     - 54 27  161 47   5.39 0.16  0.0   11  7.5 16.1      5006
 5007 2021- 7-24  1:26     # 55 44  161 55   5.64 0.14  0.0    5  3.4  3.5      5007
 5008 2021- 7-24  2:11     - 55  6  161 53  12.97 0.12  0.0    5  9.5  7.4      5008
 5009 2021- 7-24  2:11     - 55  5  161 55   5.97 0.07  0.0    4 12.1  3.8      5009
 5010 2021- 7-24  5:02     - 54 51  163  2   4.97 0.15  0.0    4  7.7 16.1      5010
 *** DISTANCE & RESIDUAL WEIGHTING CANCELLED FOR EVENT: 2021  7 24  8  0
  SEQ ---DATE--- TIME REMARK -LAT-  --LON-  DEPTH  RMS PMAG  NUM  ERH  ERZ  ID
 5011 2021- 7-24  7:59     - 55 17  162  3   5.06 0.50  0.0    4  3.0 42.9      5011
 5012 2021- 7-24  9:23     - 54 22  161 25   2.69 0.16  0.0   10  5.4 12.8      5012
 5013 2021- 7-24  9:23     - 54 57  162 41   4.65 0.00  0.0    4  9.4  5.4      5013
 5014 2021- 7-24  9:24     - 55  9  161 40   4.44 0.19  0.0    5 16.1  1.8      5014
 *** DISTANCE & RESIDUAL WEIGHTING CANCELLED FOR EVENT: 2021  7 24 13  8
 5015 2021- 7-24 13:08     - 55 15  162 14   8.55 0.19  0.0    4  3.4 18.5      5015
 5016 2021- 7-24 13:15     - 55 24  161 53   0.73 0.10  0.0    6  0.8 10.7      5016
 5017 2021- 7-24 13:22     - 55 24  161 53   0.35 0.10  0.0    6  0.8 11.7      5017
 5018 2021- 7-24 14:37     - 54 49  161 10  29.93 0.17  0.0   10 13.3  1.8      5018
 5019 2021- 7-24 14:37     # 54 40  160 50  10.12 0.38  0.0    8 22.7  9.1      5019
 5020 2021- 7-24 14:49       55  7  161 55   6.24 0.18  0.0    7  5.5  2.4      5020
 *** DISTANCE & RESIDUAL WEIGHTING CANCELLED FOR EVENT: 2021  7 24 14 49
 5021 2021- 7-24 14:49     - 54 58  162 14  19.52 0.07  0.0    4 10.9  6.1      5021
 5022 2021- 7-24 14:49       55 20  161 54   3.80 0.01  0.0    5  1.4  1.8      5022
 5023 2021- 7-24 17:14     - 55 37  161 30   1.98 0.26  0.0    7  2.1 23.1      5023
 5024 2021- 7-24 17:27       55 25  161 58   6.69 0.05  0.0    5  1.1  2.8      5024
 5025 2021- 7-24 17:53     - 54 53  162 60   3.13 0.01  0.0    4  5.3 11.4      5025
 *** DISTANCE & RESIDUAL WEIGHTING CANCELLED FOR EVENT: 2021  7 24 18 34
  SEQ ---DATE--- TIME REMARK -LAT-  --LON-  DEPTH  RMS PMAG  NUM  ERH  ERZ  ID
 5026 2021- 7-24 18:34     - 55 17  162  6   8.80 0.11  0.0    4  5.4 14.8      5026
 5027 2021- 7-24 18:53       55  8  161 58   9.26 0.58  0.0   10  4.8  7.9      5027
 *** DISTANCE & RESIDUAL WEIGHTING CANCELLED FOR EVENT: 2021  7 24 18 54
 5028 2021- 7-24 18:53     - 54 31  161 32  32.75 0.29  0.0    4 24.8 27.0      5028
 5029 2021- 7-24 21:20     - 55  8  161  6   5.00 0.29  0.0    9 20.8 26.9      5029
 5030 2021- 7-24 21:20     - 55 46  162 15   4.77 0.04  0.0    5  7.6 12.8      5030
 5031 2021- 7-24 22:52     - 54 27  163 13   5.11 0.13  0.0    5  7.0 15.2      5031
 *** DISTANCE & RESIDUAL WEIGHTING CANCELLED FOR EVENT: 2021  7 24 23 25
 5032 2021- 7-24 23:24     - 55 32  161  6   4.84 0.42  0.0    4 15.8 34.1      5032
 5033 2021- 7-24 23:34     - 54 36  161 13   5.27 0.13  0.0   10  6.5 14.2      5033
 5034 2021- 7-24 23:59     - 55 25  161 54  22.98 0.06  0.0    4  1.9 11.7      5034
 5035 2021- 7-25  2:34     - 55 26  161 54   4.95 0.01  0.0    4  2.3  8.9      5035
 5036 2021- 7-25  3:05     - 54 52  161  6  35.81 0.23  0.0    8 20.7 12.7      5036
 5037 2021- 7-25  3:05     - 54 42  160 53  24.50 0.16  0.0    8 12.7  3.2      5037
 5038 2021- 7-25  3:23     - 55 10  163 31   3.20 0.79  0.0    9 28.4 59.3      5038
 5039 2021- 7-25  3:45     - 54 60  162 20   4.84 0.01  0.0    4 11.0  5.6      5039
 *** DISTANCE & RESIDUAL WEIGHTING CANCELLED FOR EVENT: 2021  7 25  3 45
 5040 2021- 7-25  3:45     # 54 60  162 20   3.76 0.73  0.0    5  4.5  3.2      5040
  SEQ ---DATE--- TIME REMARK -LAT-  --LON-  DEPTH  RMS PMAG  NUM  ERH  ERZ  ID
 5041 2021- 7-25  5:01     - 54 29  162 46  74.05 0.02  0.0    5 12.3  3.6      5041
 5042 2021- 7-25  5:31     - 55 15  161 44  55.71 0.20  0.0    7  7.3 15.2      5042
 5043 2021- 7-25  5:32     - 55  4  162  4   4.96 0.17  0.0    4  7.9 17.0      5043
 5044 2021- 7-25  6:24     - 54 50  161 20  23.37 0.13  0.0    7 15.8  7.7      5044
 5045 2021- 7-25  6:24     - 54 37  161  7  18.77 0.23  0.0    6 16.5 22.2      5045
 5046 2021- 7-25  6:26     - 54 46  161 13  30.52 0.25  0.0    9 19.8  2.6      5046
 5047 2021- 7-25  6:26     - 54 32  160 57  24.78 0.26  0.0    9 19.0  4.8      5047
 *** DISTANCE & RESIDUAL WEIGHTING CANCELLED FOR EVENT: 2021  7 25  8  4
 5048 2021- 7-25  8:04     # 54 59  162 29  14.60 1.77  0.0    5 32.2 17.5      5048
 *** DISTANCE & RESIDUAL WEIGHTING CANCELLED FOR EVENT: 2021  7 25  8  4
 5049 2021- 7-25  8:03     - 54  5  160 50  10.02 0.17  0.0    4 14.7 10.9      5049
 *** DISTANCE & RESIDUAL WEIGHTING CANCELLED FOR EVENT: 2021  7 25  9 27
 5050 2021- 7-25  9:27     - 55 18  162 46   5.00 0.88  0.0    4 28.5 46.2      5050
 5051 2021- 7-25  9:49     - 55  2  161 22  25.80 0.22  0.0    7 19.0  6.1      5051
 5052 2021- 7-25  9:49     - 54 35  160 29   5.00 0.28  0.0    4 23.5 25.3      5052
 *** DISTANCE & RESIDUAL WEIGHTING CANCELLED FOR EVENT: 2021  7 25 10  2
 5053 2021- 7-25 10:02     - 55 43  160 56   5.00 0.74  0.0    5 23.3 52.3      5053
 5054 2021- 7-25 10:21     - 55  2  161 16  32.42 0.19  0.0    9 14.2  0.9      5054
 5055 2021- 7-25 10:21     - 54 39  160 36  23.03 0.07  0.0    7 11.7  3.3      5055
  SEQ ---DATE--- TIME REMARK -LAT-  --LON-  DEPTH  RMS PMAG  NUM  ERH  ERZ  ID
 5056 2021- 7-25 10:32     - 54 56  161 23  11.82 0.17  0.0    5 15.1 16.5      5056
 *** DISTANCE & RESIDUAL WEIGHTING CANCELLED FOR EVENT: 2021  7 25 12  5
 5057 2021- 7-25 12:04     - 55 35  162 10   5.00 0.56  0.0    4 20.3 43.6      5057
 5058 2021- 7-25 12:08       55 18  161 49  22.44 0.00  0.0    4  5.9  1.9      5058
 5059 2021- 7-25 12:12     - 55 22  161 18   0.72 0.24  0.0    6  5.9 23.3      5059
 5060 2021- 7-25 12:23       55 19  161 51  16.91 0.03  0.0    5  4.7  1.8      5060
 *** DISTANCE & RESIDUAL WEIGHTING CANCELLED FOR EVENT: 2021  7 25 12 27
 5061 2021- 7-25 12:27     # 55 23  161 48  11.61 1.06  0.0    5 15.0 17.1      5061
 5062 2021- 7-25 12:38     - 54 50  161 21  31.98 0.13  0.0    5 13.7  2.0      5062
 5063 2021- 7-25 12:39     - 54 51  161 16  31.64 0.15  0.0    5 15.9  2.1      5063
 5064 2021- 7-25 12:47     - 54 59  161 14  27.94 0.24  0.0    9 18.7  9.0      5064
 5065 2021- 7-25 12:47     - 54 42  160 39  35.88 0.28  0.0   10 17.3 22.9      5065
 5066 2021- 7-25 13:57     - 54 52  161 15   5.02 0.15  0.0    4 14.2 17.3      5066
 5067 2021- 7-25 14:39     - 54 30  163 15   0.12 0.20  0.0   10  6.7 13.9      5067
 *** DISTANCE & RESIDUAL WEIGHTING CANCELLED FOR EVENT: 2021  7 25 14 40
 5068 2021- 7-25 14:40     - 55  2  163  6   5.00 0.38  0.0    4 25.1 33.7      5068
 *** DISTANCE & RESIDUAL WEIGHTING CANCELLED FOR EVENT: 2021  7 25 15 53
 5069 2021- 7-25 15:53     - 55 28  161 55   5.00 1.01  0.0    4 35.0 67.8      5069
 5070 2021- 7-25 16:25       54 57  162 12   3.75 0.02  0.0    6  1.0  2.1      5070
 *** DISTANCE & RESIDUAL WEIGHTING CANCELLED FOR EVENT: 2021  7 25 16 25
  SEQ ---DATE--- TIME REMARK -LAT-  --LON-  DEPTH  RMS PMAG  NUM  ERH  ERZ  ID
 5071 2021- 7-25 16:25     - 54 55  162 22  33.22 0.24  0.0    4 18.3  7.5      5071
 5072 2021- 7-25 16:25       55 20  161 50   9.14 0.07  0.0    6  2.8  2.9      5072
 *** DISTANCE & RESIDUAL WEIGHTING CANCELLED FOR EVENT: 2021  7 25 17 25
 5073 2021- 7-25 17:25     - 54 51  161  6   5.08 1.04  0.0    4 59.8 86.6      5073
 5074 2021- 7-25 18:15     - 54 27  161 42   5.00 0.08  0.0    5  6.0 13.0      5074
 5075 2021- 7-25 18:59     - 54 56  162  2   4.96 0.01  0.0    4  2.4 12.4      5075
 5076 2021- 7-25 19:30     - 55  8  160 31   5.06 0.52  0.0    7 19.0 39.7      5076
 5077 2021- 7-25 19:36     - 55 13  161 55   4.52 0.02  0.0    4  8.9  9.0      5077
 *** DISTANCE & RESIDUAL WEIGHTING CANCELLED FOR EVENT: 2021  7 25 20 34
 5078 2021- 7-25 20:33     - 55  5  162 22  12.54 1.78  0.0    4 90.7 39.7      5078
 5079 2021- 7-25 20:36       55 25  161 54   8.13 0.14  0.0    6  1.0  3.7      5079
 *** DISTANCE & RESIDUAL WEIGHTING CANCELLED FOR EVENT: 2021  7 25 22 15
 5080 2021- 7-25 22:15     - 55  9  161 54   6.62 0.60  0.0    5 33.2 31.9      5080
 *** DISTANCE & RESIDUAL WEIGHTING CANCELLED FOR EVENT: 2021  7 25 22 15
 5081 2021- 7-25 22:15     - 55 21  162 37   0.14 0.48  0.0    4  6.1 41.8      5081
 5082 2021- 7-25 23:50     - 55  0  162 14   5.15 0.02  0.0    4  6.4  6.9      5082
 5083 2021- 7-25 23:51     - 54 60  162 15   1.48 0.04  0.0    4  1.7 12.7      5083
 *** DISTANCE & RESIDUAL WEIGHTING CANCELLED FOR EVENT: 2021  7 26  1  8
 5084 2021- 7-26  1:08     # 55 30  161 49   5.00 1.06  0.0    4 14.4 39.8      5084
 *** DISTANCE & RESIDUAL WEIGHTING CANCELLED FOR EVENT: 2021  7 26  2 56
 5085 2021- 7-26  2:56     - 55 17  162  8   2.50 0.70  0.0    4 56.5 48.2      5085
  SEQ ---DATE--- TIME REMARK -LAT-  --LON-  DEPTH  RMS PMAG  NUM  ERH  ERZ  ID
 5086 2021- 7-26  3:54     - 55  1  161 42  19.89 0.14  0.0    6 13.0  4.1      5086
 5087 2021- 7-26  3:54     - 54  4  160 15   4.99 0.14  0.0    4 11.7 12.3      5087
 *** DISTANCE & RESIDUAL WEIGHTING CANCELLED FOR EVENT: 2021  7 26  4  4
 5088 2021- 7-26  4:04     # 55  3  162  8   4.14 1.01  0.0    4  6.8  9.0      5088
 *** DISTANCE & RESIDUAL WEIGHTING CANCELLED FOR EVENT: 2021  7 26  4 52
 5089 2021- 7-26  4:51     # 54 60  162  9   5.34 0.20  0.0    4  8.6 11.4      5089
 5090 2021- 7-26  5:37     - 54 60  162 19   2.15 0.11  0.0    4  5.1 14.1      5090
 5091 2021- 7-26  7:02     - 55  3  160 18  15.51 0.14  0.0   11  7.5 15.0      5091
 5092 2021- 7-26  7:39       55 18  161 53  21.56 0.18  0.0    6  1.4  5.4      5092
 *** DISTANCE & RESIDUAL WEIGHTING CANCELLED FOR EVENT: 2021  7 26  8  0
 5093 2021- 7-26  7:59     - 55 27  162  1   5.00 2.30  0.0    4 56.2 81.5      5093
 5094 2021- 7-26  8:11       55  9  161 57   6.24 0.19  0.0    5  1.5  1.3      5094
 5095 2021- 7-26  8:11     - 54 56  161 33  23.56 0.07  0.0    4 12.7  2.2      5095
 *** DISTANCE & RESIDUAL WEIGHTING CANCELLED FOR EVENT: 2021  7 26  9 48
 5096 2021- 7-26  9:47     - 55  6  162 17  23.21 0.39  0.0    4 20.6 24.1      5096
 *** DISTANCE & RESIDUAL WEIGHTING CANCELLED FOR EVENT: 2021  7 26 11 28
 5097 2021- 7-26 11:28     # 55 36  161 35   5.00 0.42  0.0    5  5.5  9.8      5097
 5098 2021- 7-26 12:21     - 55 16  163  4   5.18 0.13  0.0    4  9.9 16.7      5098
 5099 2021- 7-26 15:59     - 55 19  162  6   4.99 0.19  0.0    4  1.6 19.2      5099
 *** DISTANCE & RESIDUAL WEIGHTING CANCELLED FOR EVENT: 2021  7 26 16 16
 5100 2021- 7-26 16:16     # 55 14  162  5   5.00 0.41  0.0    5  3.3  5.6      5100
  SEQ ---DATE--- TIME REMARK -LAT-  --LON-  DEPTH  RMS PMAG  NUM  ERH  ERZ  ID
 5101 2021- 7-26 16:27     - 54 24  161 39   2.77 0.24  0.0    4 10.2 21.4      5101
 5102 2021- 7-26 18:28     - 54 38  161 38   5.16 0.38  0.0   17 11.2 23.7      5102
 5103 2021- 7-26 22:36     - 55  0  161 43  21.34 0.10  0.0    5 12.7  4.8      5103
 5104 2021- 7-26 23:04     - 54 55  161 12   5.00 0.19  0.0    6 17.0 19.8      5104
 *** DISTANCE & RESIDUAL WEIGHTING CANCELLED FOR EVENT: 2021  7 26 23  5
 5105 2021- 7-26 23:04     - 54 55  161 52  32.55 0.25  0.0    4 23.1  2.2      5105
 5106 2021- 7-27  0:32     - 55 33  161 12   5.08 0.07  0.0    5  5.8 12.4      5106
 *** DISTANCE & RESIDUAL WEIGHTING CANCELLED FOR EVENT: 2021  7 27  0 59
 5107 2021- 7-27  0:59     # 54 59  162 19  12.17 1.38  0.0    7 13.5 21.6      5107
 5108 2021- 7-27  3:17     - 54 40  161  8   2.91 0.26  0.0   13  9.4 19.1      5108
 5109 2021- 7-27  3:50       54 31  160 41   8.00 0.14  0.0   12  3.2  1.8      5109
 5110 2021- 7-27  3:50     - 54 35  160 51   8.94 0.28  0.0    8 23.3  5.2      5110
 5111 2021- 7-27  4:22     - 55  0  160 41   5.01 0.18  0.0    6 15.6 19.7      5111
 5112 2021- 7-27  4:22     - 54 27  163 20   5.01 0.22  0.0    4 19.5 21.4      5112
 5113 2021- 7-27  4:23     - 55  4  162 38   4.80 0.03  0.0    5  3.0 12.4      5113
 5114 2021- 7-27  5:19     - 55 36  161 46   7.76 0.32  0.0    5  4.5 25.1      5114
 5115 2021- 7-27  7:59     - 55 24  161 56  61.97 0.02  0.0    6  5.7 12.3      5115
  SEQ ---DATE--- TIME REMARK -LAT-  --LON-  DEPTH  RMS PMAG  NUM  ERH  ERZ  ID
 5116 2021- 7-27  8:31     - 55 24  161 53   0.33 0.22  0.0    6  1.4 16.6      5116
 *** DISTANCE & RESIDUAL WEIGHTING CANCELLED FOR EVENT: 2021  7 27  8 44
 5117 2021- 7-27  8:44     - 55 15  161 60   2.50 0.30  0.0    4 26.9 23.5      5117
 *** DISTANCE & RESIDUAL WEIGHTING CANCELLED FOR EVENT: 2021  7 27  8 47
 5118 2021- 7-27  8:47     - 55 23  160 26   5.00 0.44  0.0    4 22.1 34.8      5118
 5119 2021- 7-27 10:37     - 55 46  160 43   2.27 0.26  0.0    9 10.6 22.1      5119
 5120 2021- 7-27 12:12     - 54 37  161 18   4.97 0.17  0.0   19  6.5 13.6      5120
 5121 2021- 7-27 12:17     - 54 34  161 24   4.92 0.11  0.0    8  6.3 13.8      5121
 5122 2021- 7-27 12:28       55 16  162  3  13.73 0.03  0.0    5  2.4  3.0      5122
 *** DISTANCE & RESIDUAL WEIGHTING CANCELLED FOR EVENT: 2021  7 27 13 14
 5123 2021- 7-27 13:14     - 55 48  161 52   4.99 0.49  0.0    4 41.5 38.6      5123
 *** DISTANCE & RESIDUAL WEIGHTING CANCELLED FOR EVENT: 2021  7 27 14 26
 5124 2021- 7-27 14:26     # 55 35  161 41  24.08 1.14  0.0    5 34.5 17.9      5124
 5125 2021- 7-27 15:00     - 54 60  161 20  41.95 0.24  0.0    4 22.5 15.2      5125
 *** DISTANCE & RESIDUAL WEIGHTING CANCELLED FOR EVENT: 2021  7 27 15  7
 5126 2021- 7-27 15:07     - 55 19  161 11   5.00 1.15  0.0    4 40.6 87.7      5126
 5127 2021- 7-27 15:59     - 55 21  162  4  56.61 0.17  0.0    7  4.5 14.7      5127
 *** DISTANCE & RESIDUAL WEIGHTING CANCELLED FOR EVENT: 2021  7 27 16 43
 5128 2021- 7-27 16:43     # 55 29  161 48   4.59 0.73  0.0    4 13.1 36.9      5128
 5129 2021- 7-27 20:03     - 55 17  160 59   4.95 0.23  0.0    4  9.6 20.6      5129
 5130 2021- 7-27 20:04     - 55 14  161 41  11.24 0.10  0.0    5  5.7  9.6      5130
  SEQ ---DATE--- TIME REMARK -LAT-  --LON-  DEPTH  RMS PMAG  NUM  ERH  ERZ  ID
 5131 2021- 7-27 20:20       54 56  162 15   3.71 0.11  0.0    6  2.6  4.1      5131
 5132 2021- 7-27 20:21     - 54 51  162 41   5.02 0.09  0.0    4 12.4 13.0      5132
 5133 2021- 7-27 23:12     - 55  2  163  8   4.85 0.08  0.0    8  5.9 12.7      5133
 5134 2021- 7-27 23:59     - 55 23  162  5  50.13 0.07  0.0    7  2.9 10.1      5134
 5135 2021- 7-28  1:31     - 55 44  161 41   4.73 0.06  0.0    5  5.6 12.1      5135
 *** DISTANCE & RESIDUAL WEIGHTING CANCELLED FOR EVENT: 2021  7 28  2 44
 5136 2021- 7-28  2:44     - 55 24  161 45   5.00 1.42  0.0    4 65.4 74.4      5136
 5137 2021- 7-28  3:49     - 55 29  161 43   4.54 0.04  0.0    4  5.0 11.4      5137
 5138 2021- 7-28  7:59     - 55 22  162 16  30.16 0.03  0.0    5  2.5  9.0      5138
 5139 2021- 7-28 11:54     - 54 37  162 39   4.04 0.17  0.0   10  7.7 16.8      5139
 5140 2021- 7-28 11:54     - 54 53  162 48   5.01 0.17  0.0    6 15.8 16.6      5140
 5141 2021- 7-28 12:51     - 55 22  162 12   4.33 0.03  0.0    4  4.0 12.2      5141
 5142 2021- 7-28 13:28     - 54 29  161 44   5.13 0.23  0.0    9  9.2 19.9      5142
 5143 2021- 7-28 15:34       54 59  162 21   9.47 0.05  0.0    5  5.9  6.4      5143
 *** DISTANCE & RESIDUAL WEIGHTING CANCELLED FOR EVENT: 2021  7 28 15 35
 5144 2021- 7-28 15:35     # 54 59  162 14   2.42 0.39  0.0    5  3.0 10.2      5144
 5145 2021- 7-28 16:10     - 54 46  163 30   5.02 0.12  0.0    6  6.7 14.7      5145
 *** DISTANCE & RESIDUAL WEIGHTING CANCELLED FOR EVENT: 2021  7 28 18 28
  SEQ ---DATE--- TIME REMARK -LAT-  --LON-  DEPTH  RMS PMAG  NUM  ERH  ERZ  ID
 5146 2021- 7-28 18:27     - 54 57  162 13   4.92 0.07  0.0    4  7.9  9.8      5146
 5147 2021- 7-28 21:12     - 54 48  161 11   5.08 0.36  0.0   14 10.7 22.6      5147
 *** DISTANCE & RESIDUAL WEIGHTING CANCELLED FOR EVENT: 2021  7 28 22 19
 5148 2021- 7-28 22:18     - 55 32  163  1   4.33 0.58  0.0    4 22.9 45.4      5148
 *** DISTANCE & RESIDUAL WEIGHTING CANCELLED FOR EVENT: 2021  7 29  4 56
 5149 2021- 7-29  4:56     # 55  7  161 43  24.20 0.45  0.0    4 23.7 12.7      5149
 5150 2021- 7-29  5:47     - 54 29  162 12   4.75 0.20  0.0    9  8.6 18.6      5150
 5151 2021- 7-29  5:49     - 55 14  160 46   4.91 0.20  0.0    6  9.7 17.3      5151
 *** DISTANCE & RESIDUAL WEIGHTING CANCELLED FOR EVENT: 2021  7 29  5 50
 5152 2021- 7-29  5:49     - 55 44  161 18   5.00 0.43  0.0    5 13.7 30.8      5152
 *** DISTANCE & RESIDUAL WEIGHTING CANCELLED FOR EVENT: 2021  7 29  5 50
 5153 2021- 7-29  5:50     # 55  3  162 26   5.00 2.07  0.0    6 64.4 12.5      5153
 5154 2021- 7-29  6:16     - 55 23  161 29  11.27 0.01  0.0    4  6.7  6.1      5154
 5155 2021- 7-29  6:16     - 55 29  162  1   2.61 0.21  0.0    4  1.3 18.3      5155
 *** DISTANCE & RESIDUAL WEIGHTING CANCELLED FOR EVENT: 2021  7 29  6 20
 5156 2021- 7-29  6:20     - 54 58  163  1  22.67 0.11  0.0    4  5.9 14.7      5156
 5157 2021- 7-29  6:23     - 55 24  160 25   5.00 0.16  0.0    4 16.8 17.1      5157
 *** DISTANCE & RESIDUAL WEIGHTING CANCELLED FOR EVENT: 2021  7 29  6 24
 5158 2021- 7-29  6:24     # 55 15  161 42   5.00 0.79  0.0    4 13.1  3.8      5158
 *** DISTANCE & RESIDUAL WEIGHTING CANCELLED FOR EVENT: 2021  7 29  6 29
 5159 2021- 7-29  6:29     # 55 25  161 48   5.00 1.56  0.0    4 27.5 49.3      5159
 5160 2021- 7-29  6:33     - 55 11  160 45   5.09 0.11  0.0    9  6.4 14.0      5160
  SEQ ---DATE--- TIME REMARK -LAT-  --LON-  DEPTH  RMS PMAG  NUM  ERH  ERZ  ID
 5161 2021- 7-29  6:33     - 55 54  162 21   5.89 0.31  0.0    4 12.3 25.9      5161
 *** DISTANCE & RESIDUAL WEIGHTING CANCELLED FOR EVENT: 2021  7 29  6 37
 5162 2021- 7-29  6:36     - 56  4  162  7   5.01 0.56  0.0    4 41.2 43.2      5162
 5163 2021- 7-29  6:37     - 55  4  161 45   0.00 0.50  0.0    4  4.5 40.0      5163
 5164 2021- 7-29  6:39     - 55  5  161 23   4.93 0.17  0.0    4  7.9 16.3      5164
 5165 2021- 7-29  6:45     - 55 37  161 16   5.15 0.19  0.0    4 18.0 18.0      5165
 5166 2021- 7-29  6:47       55 16  161 45  28.42 0.24  0.0    6  7.3  3.7      5166
 5167 2021- 7-29  6:53     - 55 30  160 26   4.86 0.20  0.0   12  8.3 18.2      5167
 5168 2021- 7-29  6:54     - 55 21  160 35   5.04 0.20  0.0    4  8.6 19.3      5168
 5169 2021- 7-29  6:57     - 55 27  160 40   4.84 0.13  0.0    8  6.6 13.5      5169
 *** DISTANCE & RESIDUAL WEIGHTING CANCELLED FOR EVENT: 2021  7 29  7  3
 5170 2021- 7-29  7:03     - 55 26  161 24   7.14 0.70  0.0    5  9.4 58.7      5170
 5171 2021- 7-29  7:10     - 55 24  161 43   1.60 0.01  0.0    4 11.4  4.9      5171
 *** DISTANCE & RESIDUAL WEIGHTING CANCELLED FOR EVENT: 2021  7 29  7 10
 5172 2021- 7-29  7:10     # 55 23  161 50   4.96 0.80  0.0    5  3.0  4.2      5172
 5173 2021- 7-29  7:11     - 55 17  160 53  47.80 0.24  0.0    9 18.7  8.4      5173
 5174 2021- 7-29  7:11     - 55  1  160 31  32.90 0.27  0.0    8 20.1 25.6      5174
 5175 2021- 7-29  7:20     - 55 20  160 30   5.00 0.24  0.0    6 16.7 23.3      5175
 *** DISTANCE & RESIDUAL WEIGHTING CANCELLED FOR EVENT: 2021  7 29  7 21
  SEQ ---DATE--- TIME REMARK -LAT-  --LON-  DEPTH  RMS PMAG  NUM  ERH  ERZ  ID
 5176 2021- 7-29  7:20     - 55 12  162 41   5.00 0.66  0.0    4 18.0 56.0      5176
 *** DISTANCE & RESIDUAL WEIGHTING CANCELLED FOR EVENT: 2021  7 29  7 21
 5177 2021- 7-29  7:21     - 55 25  162 11   7.04 1.20  0.0    4 12.6 92.4      5177
 5178 2021- 7-29  7:22     - 55 19  161 15   6.65 0.22  0.0    6  5.6 22.0      5178
 *** DISTANCE & RESIDUAL WEIGHTING CANCELLED FOR EVENT: 2021  7 29  7 23
 5179 2021- 7-29  7:23     - 54 51  161 34   5.00 5.03  0.0    5 68.4 92.5      5179
 *** DISTANCE & RESIDUAL WEIGHTING CANCELLED FOR EVENT: 2021  7 29  7 27
 5180 2021- 7-29  7:27     # 55 26  161 49  11.13 0.70  0.0    5 12.8 20.6      5180
 *** DISTANCE & RESIDUAL WEIGHTING CANCELLED FOR EVENT: 2021  7 29  7 28
 5181 2021- 7-29  7:27     - 54 56  160 47   5.06 0.58  0.0    4 44.1 46.7      5181
 5182 2021- 7-29  7:30     - 55 27  161 35   4.89 0.02  0.0    4  2.0 11.1      5182
 5183 2021- 7-29  7:31     - 55 29  161  5   6.49 0.15  0.0    6  7.5 15.4      5183
 5184 2021- 7-29  7:33     - 55 28  160 57   5.34 0.32  0.0   13 11.2 24.5      5184
 5185 2021- 7-29  7:33       55 15  161 35   3.11 0.11  0.0    5  2.7  2.3      5185
 5186 2021- 7-29  7:35       55 11  161 55  15.20 0.00  0.0    4  2.2  2.3      5186
 *** DISTANCE & RESIDUAL WEIGHTING CANCELLED FOR EVENT: 2021  7 29  7 39
 5187 2021- 7-29  7:39     - 55  5  162 26   5.00 0.70  0.0    4 25.1 54.2      5187
 *** DISTANCE & RESIDUAL WEIGHTING CANCELLED FOR EVENT: 2021  7 29  7 42
 5188 2021- 7-29  7:42     - 55 22  161 46   0.62 0.33  0.0    4 21.0 19.0      5188
 5189 2021- 7-29  7:47     - 55 22  161 46   0.68 0.01  0.0    4  6.6 10.4      5189
 5190 2021- 7-29  7:47     - 55 10  160 51   5.11 0.21  0.0    7 10.8 21.4      5190
  SEQ ---DATE--- TIME REMARK -LAT-  --LON-  DEPTH  RMS PMAG  NUM  ERH  ERZ  ID
 5191 2021- 7-29  7:50     - 55 15  160 49  32.95 0.15  0.0   10 15.2 17.7      5191
 *** DISTANCE & RESIDUAL WEIGHTING CANCELLED FOR EVENT: 2021  7 29  8  0
 5192 2021- 7-29  7:59     - 55  3  161 17   4.99 0.59  0.0    5 19.8 38.4      5192
 5193 2021- 7-29  7:59     # 55 22  162 13  15.13 0.24  0.0   10  1.8  8.3      5193
 5194 2021- 7-29  8:03     - 55 31  162 50   5.06 0.12  0.0    5  5.9 16.1      5194
 5195 2021- 7-29  8:03     - 55  9  161 10   4.34 0.07  0.0    5  6.0 12.4      5195
 *** DISTANCE & RESIDUAL WEIGHTING CANCELLED FOR EVENT: 2021  7 29  8  4
 5196 2021- 7-29  8:04     - 55 25  162  8   6.52 0.57  0.0    5  8.9 48.7      5196
 *** DISTANCE & RESIDUAL WEIGHTING CANCELLED FOR EVENT: 2021  7 29  8  8
 5197 2021- 7-29  8:07     - 55 36  161 39   5.00 0.81  0.0    4 32.4 61.3      5197
 5198 2021- 7-29  8:09     - 55  2  161  9   4.87 0.19  0.0    6  7.7 17.7      5198
 5199 2021- 7-29  8:10       55 14  162  4   5.83 0.00  0.0    4  1.9  2.2      5199
 5200 2021- 7-29  8:10     - 55 18  161 12   4.81 0.11  0.0    4  6.8 13.9      5200
 5201 2021- 7-29  8:13     - 55 15  161 15   5.01 0.12  0.0    6 12.4 15.8      5201
 5202 2021- 7-29  8:14     - 55 16  160 31   5.04 0.28  0.0    6 25.1 25.8      5202
 5203 2021- 7-29  8:14     - 55 31  161 49   4.19 0.08  0.0    4  3.5 13.5      5203
 5204 2021- 7-29  8:16       55 19  160 56  55.49 0.19  0.0   13  3.8  3.7      5204
 *** DISTANCE & RESIDUAL WEIGHTING CANCELLED FOR EVENT: 2021  7 29  8 17
 5205 2021- 7-29  8:17     - 55  3  162  5   2.51 0.40  0.0    4  3.5 35.0      5205
  SEQ ---DATE--- TIME REMARK -LAT-  --LON-  DEPTH  RMS PMAG  NUM  ERH  ERZ  ID
 5206 2021- 7-29  8:18     - 55 50  161 60   4.71 0.22  0.0    4 16.6 19.9      5206
 5207 2021- 7-29  8:25     - 54 47  162 15   4.95 0.60  0.0    4 48.6 50.2      5207
 5208 2021- 7-29  8:25     - 55  9  160 38   2.85 0.22  0.0    6  9.4 19.7      5208
 5209 2021- 7-29  8:30       55 25  161 49   5.01 1.42  0.0    6 14.6  5.3      5209
 *** DISTANCE & RESIDUAL WEIGHTING CANCELLED FOR EVENT: 2021  7 29  8 31
 5210 2021- 7-29  8:31     - 55  8  161 13   5.00 0.43  0.0    4 31.3 37.7      5210
 5211 2021- 7-29  8:33     - 55 29  162 14   5.00 0.08  0.0    4  8.8 10.9      5211
 5212 2021- 7-29  8:39     - 55 17  161 20   6.60 0.18  0.0    7  1.8 19.3      5212
 5213 2021- 7-29  8:40     - 55  9  160 41   4.72 0.34  0.0   12 12.3 27.4      5213
 5214 2021- 7-29  8:41     - 55 30  160 38   4.98 0.09  0.0    4  6.2 13.1      5214
 *** DISTANCE & RESIDUAL WEIGHTING CANCELLED FOR EVENT: 2021  7 29  8 41
 5215 2021- 7-29  8:41     - 54 40  161 36   5.05 0.52  0.0    5 18.7 38.0      5215
 5216 2021- 7-29  8:55     - 55 11  161 53   4.89 0.08  0.0    4  6.3 11.4      5216
 5217 2021- 7-29  8:56       55  3  161 48   4.11 0.09  0.0    6  3.3  1.5      5217
 5218 2021- 7-29  8:56     - 55 10  160 49   4.82 0.32  0.0    5 11.6 25.3      5218
 5219 2021- 7-29  8:57     - 55 16  161 53   4.29 0.02  0.0    4  2.0 12.1      5219
 5220 2021- 7-29  8:58       55 22  161 54  42.75 0.12  0.0    5  5.1  3.1      5220
 *** DISTANCE & RESIDUAL WEIGHTING CANCELLED FOR EVENT: 2021  7 29  8 59
  SEQ ---DATE--- TIME REMARK -LAT-  --LON-  DEPTH  RMS PMAG  NUM  ERH  ERZ  ID
 5221 2021- 7-29  8:58     # 55 24  162 15   4.96 0.49  0.0    4  8.5 12.3      5221
 5222 2021- 7-29  9:08     - 55 10  161 11   5.05 0.22  0.0   10  8.3 18.0      5222
 5223 2021- 7-29  9:08     - 55 28  161 31   5.62 0.10  0.0    5 14.2  1.7      5223
 5224 2021- 7-29  9:17     - 55 18  160 51   4.30 0.51  0.0   14 15.4 35.4      5224
 5225 2021- 7-29  9:18     - 55 16  162 37   4.87 0.04  0.0    4  5.6 11.5      5225
 5226 2021- 7-29  9:23     - 55 11  160 47   4.89 0.30  0.0   13 11.1 24.5      5226
 5227 2021- 7-29  9:26     - 55 21  161  0  31.54 0.20  0.0    7 18.1  1.4      5227
 5228 2021- 7-29  9:28     - 55 16  161  6  28.60 0.19  0.0    9 13.9  6.9      5228
 *** DISTANCE & RESIDUAL WEIGHTING CANCELLED FOR EVENT: 2021  7 29  9 29
 5229 2021- 7-29  9:29     # 55 14  161 44   7.15 0.87  0.0    5 24.0 19.9      5229
 *** DISTANCE & RESIDUAL WEIGHTING CANCELLED FOR EVENT: 2021  7 29  9 36
 5230 2021- 7-29  9:36     # 55 11  161 53   8.04 0.77  0.0    6  8.0 23.9      5230
 5231 2021- 7-29  9:36       55 22  161 42  20.80 0.00  0.0    4  2.2  1.4      5231
 5232 2021- 7-29  9:38     - 54 50  161 12   2.16 0.07  0.0    6 13.1 13.6      5232
 5233 2021- 7-29  9:38     - 55 19  161 50   8.94 0.02  0.0    4  8.7  9.1      5233
 *** DISTANCE & RESIDUAL WEIGHTING CANCELLED FOR EVENT: 2021  7 29  9 39
 5234 2021- 7-29  9:39     # 55 28  162  5   5.17 0.38  0.0    6  8.6 13.4      5234
 5235 2021- 7-29  9:43       55 26  162 12  26.07 0.07  0.0    6  3.4  7.8      5235
 *** DISTANCE & RESIDUAL WEIGHTING CANCELLED FOR EVENT: 2021  7 29  9 44
  SEQ ---DATE--- TIME REMARK -LAT-  --LON-  DEPTH  RMS PMAG  NUM  ERH  ERZ  ID
 5236 2021- 7-29  9:44     - 55 47  162 18   5.00 1.47  0.0    4 44.8 90.0      5236
 5237 2021- 7-29  9:45     - 55 18  161  6   4.74 0.11  0.0    5  6.6 13.9      5237
 5238 2021- 7-29  9:52     - 55 16  161  1   4.96 0.22  0.0   11  8.5 18.8      5238
 5239 2021- 7-29  9:54       55 20  160 59  51.15 0.20  0.0   13  2.9  3.9      5239
 *** DISTANCE & RESIDUAL WEIGHTING CANCELLED FOR EVENT: 2021  7 29  9 55
 5240 2021- 7-29  9:54     - 55 14  161 30   5.66 0.49  0.0    4 35.7  3.0      5240
 *** DISTANCE & RESIDUAL WEIGHTING CANCELLED FOR EVENT: 2021  7 29  9 56
 5241 2021- 7-29  9:56     - 54 60  163  1   5.00 1.25  0.0    4 41.8 89.8      5241
 5242 2021- 7-29  9:59     - 55 16  160 60  83.77 0.21  0.0   10 16.0  9.6      5242
 5243 2021- 7-29  9:59     - 55 16  161 52   8.16 0.32  0.0    4  9.9 27.0      5243
 5244 2021- 7-29 10:02     - 55 28  161 54  68.88 0.33  0.0    7  7.6 22.8      5244
 *** DISTANCE & RESIDUAL WEIGHTING CANCELLED FOR EVENT: 2021  7 29 10  2
 5245 2021- 7-29 10:02     - 54 57  162 32  57.08 0.63  0.0    4 52.4 13.0      5245
 5246 2021- 7-29 10:05       55  6  161 35  37.98 0.16  0.0    7 10.9  6.7      5246
 5247 2021- 7-29 10:06       55 15  161 59   9.40 0.03  0.0    5  1.1  2.9      5247
 5248 2021- 7-29 10:08     - 54 53  160 44   4.18 0.05  0.0    5  5.8 11.6      5248
 *** DISTANCE & RESIDUAL WEIGHTING CANCELLED FOR EVENT: 2021  7 29 10  8
 5249 2021- 7-29 10:08     # 55 33  162 11   2.45 0.00  0.0    4  5.1  3.2      5249
 5250 2021- 7-29 10:13     - 55 28  161 14   5.36 0.22  0.0    4  8.9 17.9      5250
  SEQ ---DATE--- TIME REMARK -LAT-  --LON-  DEPTH  RMS PMAG  NUM  ERH  ERZ  ID
 5251 2021- 7-29 10:16     - 55  7  161  7   5.01 0.30  0.0    8 19.7 27.8      5251
 5252 2021- 7-29 10:16     - 55  4  161 24  36.23 0.01  0.0    5 10.2  3.5      5252
 5253 2021- 7-29 10:17     - 55 11  161 14   5.03 0.12  0.0    8  9.5 16.1      5253
 5254 2021- 7-29 10:18       54 59  160 48  31.35 0.15  0.0    8 11.6  1.7      5254
 5255 2021- 7-29 10:20       55 24  161 55  21.89 0.09  0.0    5  4.6  6.2      5255
 *** DISTANCE & RESIDUAL WEIGHTING CANCELLED FOR EVENT: 2021  7 29 10 21
 5256 2021- 7-29 10:21     # 55 21  162 10   4.99 1.04  0.0    5  9.2 12.9      5256
 5257 2021- 7-29 10:22       55 26  161 41  18.89 0.18  0.0    6  4.2  1.9      5257
 5258 2021- 7-29 10:23     - 55  5  161 17   6.15 0.11  0.0    5  5.3 12.5      5258
 5259 2021- 7-29 10:24     - 55 11  160 50   5.43 0.37  0.0   11 13.0 29.4      5259
 5260 2021- 7-29 10:27     - 55 16  160 40   5.00 0.49  0.0   11 16.0 34.8      5260
 5261 2021- 7-29 10:28     - 54 57  161 44   1.09 0.03  0.0    4  2.0 11.5      5261
 5262 2021- 7-29 10:38     - 55  8  160 45   4.19 0.36  0.0   12 12.5 28.0      5262
 5263 2021- 7-29 10:42     - 55 14  161 32   1.44 0.15  0.0    5 10.5 10.0      5263
 5264 2021- 7-29 10:50     - 54 51  161  3   4.09 0.24  0.0    7  8.8 19.4      5264
 5265 2021- 7-29 10:50     # 55 18  163  2   0.16 0.76  0.0   10 15.2 38.7      5265
  SEQ ---DATE--- TIME REMARK -LAT-  --LON-  DEPTH  RMS PMAG  NUM  ERH  ERZ  ID
 5266 2021- 7-29 10:54     - 55 30  161 12   4.45 0.19  0.0    6  8.3 17.9      5266
 5267 2021- 7-29 10:55       55 16  161 48   4.29 0.04  0.0    5  0.7  0.9      5267
 5268 2021- 7-29 10:59     - 55 18  161  9   7.01 0.40  0.0    8  4.8 35.4      5268
 5269 2021- 7-29 10:59     - 55  5  160 45   6.14 0.47  0.0    5 31.2 40.7      5269
 5270 2021- 7-29 11:05       55 13  160 60  43.66 0.26  0.0   10  8.5  7.1      5270
 5271 2021- 7-29 11:09     - 55 14  161  3  32.95 0.15  0.0   10 12.7  0.9      5271
 *** DISTANCE & RESIDUAL WEIGHTING CANCELLED FOR EVENT: 2021  7 29 11 10
 5272 2021- 7-29 11:09     - 54 55  161 29   5.00 2.76  0.0    5 35.5 92.4      5272
 *** DISTANCE & RESIDUAL WEIGHTING CANCELLED FOR EVENT: 2021  7 29 11 17
 5273 2021- 7-29 11:17     # 55 25  161 20  26.12 0.81  0.0    7 38.1 26.2      5273
 5274 2021- 7-29 11:17     - 55 26  162 26   6.78 0.02  0.0    4  1.1 12.5      5274
 5275 2021- 7-29 11:24     - 54 54  163 28   4.91 0.26  0.0    6 10.7 22.1      5275
 5276 2021- 7-29 11:24     # 55 19  161 36  19.40 1.26  0.0    7 39.6 41.3      5276
 5277 2021- 7-29 11:29     - 55 13  160 34  32.46 0.20  0.0   11 17.3 20.5      5277
 *** DISTANCE & RESIDUAL WEIGHTING CANCELLED FOR EVENT: 2021  7 29 11 30
 5278 2021- 7-29 11:30     # 55 18  161 33   2.66 0.75  0.0    6  8.6 11.2      5278
 5279 2021- 7-29 11:31     - 54 38  161 33   6.57 0.38  0.0    8  6.5 33.8      5279
 5280 2021- 7-29 11:41     - 55 17  160 44  53.67 0.17  0.0    9 15.9  6.5      5280
  SEQ ---DATE--- TIME REMARK -LAT-  --LON-  DEPTH  RMS PMAG  NUM  ERH  ERZ  ID
 5281 2021- 7-29 11:42     - 55 23  160 37   4.13 0.08  0.0    4  5.9 12.8      5281
 5282 2021- 7-29 11:48       55 16  161 30   9.88 0.11  0.0    6  2.6  4.9      5282
 5283 2021- 7-29 11:48     - 55 32  161 13   9.23 0.22  0.0    4 16.9 14.7      5283
 *** DISTANCE & RESIDUAL WEIGHTING CANCELLED FOR EVENT: 2021  7 29 11 56
 5284 2021- 7-29 11:56     # 55 24  162 14   5.00 1.60  0.0    5  9.6 16.0      5284
 5285 2021- 7-29 12:17     - 55 15  161 17   4.94 0.06  0.0    6  6.0 11.1      5285
 5286 2021- 7-29 12:18     - 55  7  161 16   6.72 0.43  0.0   10  4.3 37.5      5286
 5287 2021- 7-29 12:18     - 55 28  161  9   9.50 0.07  0.0    4  1.9 13.5      5287
 *** DISTANCE & RESIDUAL WEIGHTING CANCELLED FOR EVENT: 2021  7 29 12 24
 5288 2021- 7-29 12:24     # 55 23  161 33   2.52 0.96  0.0    6 10.2 19.5      5288
 5289 2021- 7-29 12:24     - 55 35  161  5   5.04 0.27  0.0    4 19.4 23.2      5289
 5290 2021- 7-29 12:28     - 55  7  159 15   4.39 0.16  0.0   10 13.0 11.5      5290
 *** DISTANCE & RESIDUAL WEIGHTING CANCELLED FOR EVENT: 2021  7 29 12 29
 5291 2021- 7-29 12:29     - 55 24  162 19   4.99 0.76  0.0    5 33.2 50.9      5291
 5292 2021- 7-29 12:32     - 55 19  160 55  33.56 0.18  0.0   10 16.7 16.1      5292
 5293 2021- 7-29 16:00     - 55  7  160 59  21.55 0.38  0.0    8 30.0 26.0      5293
 *** DISTANCE & RESIDUAL WEIGHTING CANCELLED FOR EVENT: 2021  7 29 16  0
 5294 2021- 7-29 16:00     # 55 14  161 48  16.04 1.67  0.0    4 43.9 47.2      5294
 *** DISTANCE & RESIDUAL WEIGHTING CANCELLED FOR EVENT: 2021  7 29 16  1
 *** ABANDON EVENT WITH ONLY 3 READINGS:2021  7 29 16  0
  SEQ ---DATE--- TIME REMARK -LAT-  --LON-  DEPTH  RMS PMAG  NUM  ERH  ERZ  ID
 5296 2021- 7-29 16:08     - 55  8  160 54   5.01 0.25  0.0    8 20.2 24.5      5296
 5297 2021- 7-29 16:09     - 55 13  160 58   5.07 0.37  0.0   10 13.0 29.2      5297
 *** DISTANCE & RESIDUAL WEIGHTING CANCELLED FOR EVENT: 2021  7 29 16 27
 5298 2021- 7-29 16:27     # 55 19  161 44   5.00 2.18  0.0    4 78.3 41.3      5298
 *** DISTANCE & RESIDUAL WEIGHTING CANCELLED FOR EVENT: 2021  7 29 16 31
 5299 2021- 7-29 16:30     - 55  4  160 25   5.00 0.72  0.0    4 26.2 55.5      5299
 5300 2021- 7-29 16:38       55 16  160 52  56.72 0.15  0.0   10  2.8  3.8      5300
 5301 2021- 7-29 17:00     - 55 16  160 57  32.12 0.15  0.0    9 15.6  1.1      5301
 5302 2021- 7-29 17:00     - 55 28  161 32   6.52 0.28  0.0    4 23.6 26.3      5302
 5303 2021- 7-29 17:04     - 55 13  161 23  31.90 0.19  0.0    6 12.5  8.7      5303
 5304 2021- 7-29 17:04       55 25  161 39  46.53 0.00  0.0    4  5.1  3.8      5304
 *** DISTANCE & RESIDUAL WEIGHTING CANCELLED FOR EVENT: 2021  7 29 17  4
 5305 2021- 7-29 17:04     - 55 31  161  1   5.41 0.51  0.0    5 16.9 40.9      5305
 5306 2021- 7-29 17:08     - 55 22  161 53   4.86 0.12  0.0    4  9.7 12.5      5306
 5307 2021- 7-29 17:22     - 55 11  161  9   5.00 0.14  0.0    8 12.3 17.3      5307
 5308 2021- 7-29 17:23     - 55 15  162 28  16.00 0.11  0.0    4 11.4  9.4      5308
 5309 2021- 7-29 17:28     - 55 24  163  6   5.46 0.05  0.0    5  8.6 13.2      5309
 *** DISTANCE & RESIDUAL WEIGHTING CANCELLED FOR EVENT: 2021  7 29 17 29
 5310 2021- 7-29 17:29     - 55 52  161 49   5.36 0.65  0.0    5 23.4 50.6      5310
  SEQ ---DATE--- TIME REMARK -LAT-  --LON-  DEPTH  RMS PMAG  NUM  ERH  ERZ  ID
 5311 2021- 7-29 17:33     # 55 13  161  4  27.91 0.11  0.0    8  2.9  6.4      5311
 5312 2021- 7-29 17:33     - 55 39  162 43   4.46 0.05  0.0    4  5.9 11.7      5312
 5313 2021- 7-29 17:34     - 55 27  160 49  49.15 0.17  0.0    8 18.5  6.2      5313
 5314 2021- 7-29 17:34     - 55 15  160 52   5.42 0.39  0.0    6 28.4 34.8      5314
 5315 2021- 7-29 17:52     - 55 21  160 39   5.00 0.37  0.0   12 12.0 27.0      5315
 *** DISTANCE & RESIDUAL WEIGHTING CANCELLED FOR EVENT: 2021  7 29 17 53
 5316 2021- 7-29 17:52     # 55  2  162  6   5.01 0.23  0.0    4  7.6  7.8      5316
 5317 2021- 7-29 18:14     - 54 52  160 19   5.63 0.40  0.0    7 32.2 35.8      5317
 5318 2021- 7-29 18:14     - 55  4  160 35   5.09 0.33  0.0    5 21.7 29.8      5318
 5319 2021- 7-29 18:15     - 55 26  162 10   2.62 0.05  0.0    4  1.3 12.1      5319
 5320 2021- 7-29 18:17     - 55  6  161 12  24.91 0.02  0.0    4  3.2  8.4      5320
 *** DISTANCE & RESIDUAL WEIGHTING CANCELLED FOR EVENT: 2021  7 29 18 18
 5321 2021- 7-29 18:18     # 55 12  161 53   4.90 1.70  0.0    4 40.5 26.7      5321
 5322 2021- 7-29 18:38     - 55 25  160 56   6.04 0.19  0.0    8  8.4 17.4      5322
 5323 2021- 7-29 18:38       55 15  161 54  15.70 0.47  0.0    6  3.2  8.0      5323
 5324 2021- 7-29 18:46       55 18  160 53  45.67 0.21  0.0    7  7.7 10.9      5324
 5325 2021- 7-29 18:53     - 54 31  161 54   4.64 0.04  0.0    4  5.7 11.6      5325
  SEQ ---DATE--- TIME REMARK -LAT-  --LON-  DEPTH  RMS PMAG  NUM  ERH  ERZ  ID
 5326 2021- 7-29 18:53     - 54 42  161 57   5.00 0.01  0.0    4  7.7 12.4      5326
 5327 2021- 7-29 19:12     - 55 34  160 40   6.35 0.29  0.0   10 11.0 24.0      5327
 *** DISTANCE & RESIDUAL WEIGHTING CANCELLED FOR EVENT: 2021  7 29 19 13
 5328 2021- 7-29 19:12     - 55 28  162  1   4.70 0.57  0.0    4 27.1 33.0      5328
 5329 2021- 7-29 19:30     - 55 49  162 37   4.85 0.04  0.0    4  5.5 11.6      5329
 5330 2021- 7-29 19:53     - 55 18  160 54   5.00 0.29  0.0   10 10.5 23.7      5330
 *** DISTANCE & RESIDUAL WEIGHTING CANCELLED FOR EVENT: 2021  7 29 20 16
 5331 2021- 7-29 20:16     # 55 17  162  2   5.00 0.58  0.0    4  7.0 19.9      5331
 5332 2021- 7-29 20:21     - 55 28  161 16   9.29 0.18  0.0    8  2.8 17.3      5332
 5333 2021- 7-29 20:23     - 55 11  161  9   5.00 0.17  0.0    6 14.7 18.6      5333
 5334 2021- 7-29 20:24     # 55 26  162  5   0.04 0.20  0.0    6  0.6 10.5      5334
 5335 2021- 7-29 20:25     - 55 13  160 46  36.63 0.14  0.0    9  2.7 13.0      5335
 5336 2021- 7-29 20:31       55 16  161 14  25.40 0.15  0.0   11  1.9  3.9      5336
 *** DISTANCE & RESIDUAL WEIGHTING CANCELLED FOR EVENT: 2021  7 29 20 31
 5337 2021- 7-29 20:31     # 55 18  162  9   5.00 3.35  0.0    4 73.9 87.9      5337
 5338 2021- 7-29 20:33     - 55 14  160 45   4.77 0.20  0.0   14  8.2 17.9      5338
 5339 2021- 7-29 20:34     - 55 12  161 45   0.33 0.01  0.0    4  1.3  9.2      5339
 5340 2021- 7-29 20:42     - 55 19  161 53   2.44 0.10  0.0    4  1.7 14.6      5340
  SEQ ---DATE--- TIME REMARK -LAT-  --LON-  DEPTH  RMS PMAG  NUM  ERH  ERZ  ID
 5341 2021- 7-29 20:43       55  1  161 43   3.92 0.05  0.0    5  2.1  0.7      5341
 *** DISTANCE & RESIDUAL WEIGHTING CANCELLED FOR EVENT: 2021  7 30  0  0
 5342 2021- 7-29 23:59     # 55 22  162 12   5.00 0.52  0.0    5  4.6  6.9      5342
 5343 2021- 7-30  0:55     - 55 24  161  2   5.46 0.16  0.0    7  8.4 16.1      5343
 5344 2021- 7-30  1:12     - 55 15  161 50   4.90 0.06  0.0    4 10.8  7.6      5344
 5345 2021- 7-30  1:27     - 55 12  160 44   5.91 0.41  0.0   12 14.3 32.0      5345
 *** DISTANCE & RESIDUAL WEIGHTING CANCELLED FOR EVENT: 2021  7 30  2  0
 5346 2021- 7-30  2:00     # 55 14  161 52   4.98 1.10  0.0    4 13.3 40.8      5346
 5347 2021- 7-30  2:56       55 14  160 45  57.71 0.20  0.0   11 11.9  6.8      5347
 *** DISTANCE & RESIDUAL WEIGHTING CANCELLED FOR EVENT: 2021  7 30  2 57
 5348 2021- 7-30  2:57     - 55 17  162 17  13.81 0.23  0.0    4  4.2 17.8      5348
 *** DISTANCE & RESIDUAL WEIGHTING CANCELLED FOR EVENT: 2021  7 30  2 57
 5349 2021- 7-30  2:57     - 55 11  161 56   5.00 0.21  0.0    4 12.2 11.0      5349
 *** DISTANCE & RESIDUAL WEIGHTING CANCELLED FOR EVENT: 2021  7 30  3 37
 5350 2021- 7-30  3:37     - 55  2  162  5   5.00 0.73  0.0    4 25.9 56.0      5350
 5351 2021- 7-30  3:37       55 14  161 47  10.56 0.00  0.0    4  3.0  4.1      5351
 5352 2021- 7-30  3:52     - 55 13  160 39   5.82 0.27  0.0   11 10.4 22.8      5352
 5353 2021- 7-30  4:12     - 55 12  160 45   5.74 0.30  0.0   12 11.2 24.4      5353
 5354 2021- 7-30  4:22       55 15  161 46  11.01 0.18  0.0    6  5.9  7.2      5354
 5355 2021- 7-30  4:22       55 20  161 50   4.29 0.05  0.0    6  0.8  0.5      5355
 *** DISTANCE & RESIDUAL WEIGHTING CANCELLED FOR EVENT: 2021  7 30  5 12
  SEQ ---DATE--- TIME REMARK -LAT-  --LON-  DEPTH  RMS PMAG  NUM  ERH  ERZ  ID
 5356 2021- 7-30  5:12     - 55 12  161 43  21.91 0.02  0.0    4  8.0  4.9      5356
 *** DISTANCE & RESIDUAL WEIGHTING CANCELLED FOR EVENT: 2021  7 30  5 13
 5357 2021- 7-30  5:13     - 55  7  160 55   5.00 0.34  0.0    4 25.8 30.7      5357
 5358 2021- 7-30  5:32     - 55 10  161  0   5.00 0.29  0.0    9 22.5 27.4      5358
 5359 2021- 7-30  5:32       55 12  161 38  32.55 0.08  0.0    6  5.3  4.4      5359
 5360 2021- 7-30  5:41     - 55 13  161 16   5.05 0.32  0.0    9 17.9 29.3      5360
 *** DISTANCE & RESIDUAL WEIGHTING CANCELLED FOR EVENT: 2021  7 30  5 42
 5361 2021- 7-30  5:42     # 55  4  162  5   5.00 1.35  0.0    5  4.9  9.5      5361
 5362 2021- 7-30  5:49     - 55 10  160 29   2.50 0.30  0.0   13 11.2 24.7      5362
 5363 2021- 7-30  5:50     - 55  3  161 58   7.12 0.08  0.0    4  1.5 14.0      5363
 5364 2021- 7-30  6:27     - 54 43  161 13   5.07 0.04  0.0    4  5.4 11.8      5364
 5365 2021- 7-30  6:46       55 27  160 53  54.44 0.12  0.0    9  4.6  3.9      5365
 5366 2021- 7-30  6:47     - 55 19  161 14   5.27 0.21  0.0    4  8.4 19.2      5366
 *** DISTANCE & RESIDUAL WEIGHTING CANCELLED FOR EVENT: 2021  7 30  7 25
 5367 2021- 7-30  7:25     - 55  5  162 13   4.92 0.90  0.0    4 71.6 69.1      5367
 5368 2021- 7-30  7:25       55 14  160 20  51.57 0.20  0.0   11  7.0 10.4      5368
 *** DISTANCE & RESIDUAL WEIGHTING CANCELLED FOR EVENT: 2021  7 30  7 44
 5369 2021- 7-30  7:44     - 55 20  162  5   5.17 0.46  0.0    4  6.2 30.6      5369
 5370 2021- 7-30  7:43     - 55 16  160 25   5.01 0.21  0.0    4 18.7 20.9      5370
  SEQ ---DATE--- TIME REMARK -LAT-  --LON-  DEPTH  RMS PMAG  NUM  ERH  ERZ  ID
 5371 2021- 7-30  7:59     - 55 22  162 17   8.17 0.19  0.0    5  2.6 19.1      5371
 5372 2021- 7-30  8:40       55  5  161 44  11.26 0.03  0.0    5  2.0  1.5      5372
 5373 2021- 7-30  9:27     - 55  8  162 45   1.76 0.55  0.0    7 14.1 37.4      5373
 5374 2021- 7-30  9:28     - 55 22  161 10   5.05 0.03  0.0    4  6.1 11.3      5374
 5375 2021- 7-30  9:55     - 54 58  161 29   4.54 0.03  0.0    4  4.9 10.6      5375
 *** DISTANCE & RESIDUAL WEIGHTING CANCELLED FOR EVENT: 2021  7 30  9 55
 5376 2021- 7-30  9:55     - 54 45  161 19   5.00 1.72  0.0    4 41.4 89.9      5376
 5377 2021- 7-30  9:58       55  7  161 49   9.45 0.12  0.0    8  1.3  1.7      5377
 5378 2021- 7-30  9:59     - 55 44  160 53   5.06 0.22  0.0    5  9.3 20.2      5378
 5379 2021- 7-30 10:21     - 55 13  160 29   0.17 0.28  0.0   10 11.2 24.0      5379
 *** DISTANCE & RESIDUAL WEIGHTING CANCELLED FOR EVENT: 2021  7 30 10 30
 5380 2021- 7-30 10:30     - 55  6  162  1  34.92 0.17  0.0    4 10.0 11.5      5380
 *** DISTANCE & RESIDUAL WEIGHTING CANCELLED FOR EVENT: 2021  7 30 11 56
 5381 2021- 7-30 11:55     - 55 11  160 35   5.00 0.64  0.0    5 46.7 54.1      5381
 5382 2021- 7-30 12:34     - 55 27  161 48   8.91 0.02  0.0    4  6.3  9.8      5382
 5383 2021- 7-30 12:34     - 55 26  161 12  33.84 0.09  0.0    5 10.6  3.6      5383
 5384 2021- 7-30 12:38     - 55  0  161 28   5.17 0.11  0.0    6  6.5 12.0      5384
 *** DISTANCE & RESIDUAL WEIGHTING CANCELLED FOR EVENT: 2021  7 30 12 53
 5385 2021- 7-30 12:53     # 55 18  161 37   7.27 0.54  0.0    5 11.4 30.6      5385
 *** DISTANCE & RESIDUAL WEIGHTING CANCELLED FOR EVENT: 2021  7 30 12 53
  SEQ ---DATE--- TIME REMARK -LAT-  --LON-  DEPTH  RMS PMAG  NUM  ERH  ERZ  ID
 5386 2021- 7-30 12:53     - 55  4  160 47   5.02 0.60  0.0    4 44.1 46.2      5386
 5387 2021- 7-30 13:28     - 55 15  160 54   5.27 0.22  0.0   10  9.0 19.5      5387
 5388 2021- 7-30 13:29     - 55 13  161 24   5.56 0.10  0.0    4  3.8 14.4      5388
 5389 2021- 7-30 13:53     - 55 15  159 17   4.03 0.13  0.0    7 11.9 11.0      5389
 5390 2021- 7-30 14:20       55 15  161 35  19.93 0.05  0.0    6  4.2  4.6      5390
 *** DISTANCE & RESIDUAL WEIGHTING CANCELLED FOR EVENT: 2021  7 30 14 21
 5391 2021- 7-30 14:21     - 55 27  161 57   3.76 1.20  0.0    4 47.8 54.2      5391
 5392 2021- 7-30 14:31     - 55 18  161 27   1.12 0.14  0.0    5  3.3 16.6      5392
 5393 2021- 7-30 14:31     - 55  6  160 56   5.04 0.14  0.0    4 14.7 16.8      5393
 5394 2021- 7-30 14:35     - 55  4  161  7   2.34 0.38  0.0    6 14.5 27.8      5394
 5395 2021- 7-30 14:40     - 55 10  161 53   4.97 0.00  0.0    4  5.9  9.6      5395
 5396 2021- 7-30 14:42     - 55  9  160 57   6.55 0.31  0.0   14  2.0 28.5      5396
 5397 2021- 7-30 14:42     - 55  1  160 35  32.80 0.06  0.0    7  6.2 11.0      5397
 5398 2021- 7-30 14:44     - 55 24  161 17   5.29 0.07  0.0    6  6.6 12.3      5398
 5399 2021- 7-30 14:58     - 55 15  160 53  32.80 0.19  0.0   10 16.5 19.8      5399
 5400 2021- 7-30 14:59       55  9  161 42  26.35 0.03  0.0    5  2.0  1.2      5400
 *** DISTANCE & RESIDUAL WEIGHTING CANCELLED FOR EVENT: 2021  7 30 15 27
  SEQ ---DATE--- TIME REMARK -LAT-  --LON-  DEPTH  RMS PMAG  NUM  ERH  ERZ  ID
 5401 2021- 7-30 15:27     # 55 17  161 54   4.99 0.51  0.0    5 16.7  9.2      5401
 5402 2021- 7-30 16:57     - 54 29  161 48   4.97 0.16  0.0    9  7.4 16.1      5402
 5403 2021- 7-30 19:03     - 54 37  161 21   4.94 0.02  0.0    4  5.4 11.2      5403
 5404 2021- 7-30 19:16     - 55 15  160 51   5.25 0.29  0.0   10 10.7 23.9      5404
 5405 2021- 7-30 20:11     - 54 19  161 43  21.39 0.29  0.0    4 26.9 25.6      5405
 5406 2021- 7-30 21:25     - 54 19  161 30   3.54 0.12  0.0    5  7.2 14.4      5406
 5407 2021- 7-30 21:44     - 55 21  159  7   5.00 0.23  0.0   10 21.3 22.1      5407
 5408 2021- 7-30 21:55     - 55 29  161 49   4.00 0.01  0.0    4  2.7 12.0      5408
 5409 2021- 7-30 22:12     - 55 14  160 45  44.29 0.08  0.0    6 13.2  9.5      5409
 5410 2021- 7-30 23:32     - 55 24  161 21  38.22 0.09  0.0    6 12.0  4.6      5410
 5411 2021- 7-30 23:42     - 55 14  161  0   5.00 0.20  0.0    8 17.2 21.0      5411
 5412 2021- 7-31  0:59     - 55 16  161 14  30.61 0.17  0.0    8 12.2  7.3      5412
 5413 2021- 7-31  1:48     - 54 36  161 23   4.98 0.07  0.0    4  5.5 12.3      5413
 5414 2021- 7-31  3:25     - 55 13  161 12  29.04 0.20  0.0    8 14.0  7.3      5414
 5415 2021- 7-31  3:31     - 55 16  161 44   6.50 0.10  0.0    4  3.0 15.2      5415
  SEQ ---DATE--- TIME REMARK -LAT-  --LON-  DEPTH  RMS PMAG  NUM  ERH  ERZ  ID
 5416 2021- 7-31  4:21     - 55 18  161 42  11.32 0.11  0.0    4  7.5 12.5      5416
 5417 2021- 7-31  4:48     - 55 23  160 28  84.16 0.14  0.0    7 14.9  7.1      5417
 5418 2021- 7-31  5:03     - 55 19  161  7  45.81 0.18  0.0    7 13.9  4.7      5418
 5419 2021- 7-31  5:05     - 55 23  161  4   5.18 0.23  0.0    5 10.0 20.0      5419
 5420 2021- 7-31 11:13     - 55 24  161 47   4.65 0.02  0.0    4  6.2  7.9      5420
 5421 2021- 7-31 11:31     - 54 59  161 15   5.15 0.06  0.0    4 10.6 13.3      5421
 5422 2021- 7-31 12:12     - 54 33  161 51   4.73 0.16  0.0   14  7.0 14.7      5422
 5423 2021- 7-31 12:58     - 55 13  161 50   6.60 0.10  0.0    4  8.0 11.6      5423
 5424 2021- 7-31 14:04     - 55  1  162 24  11.63 0.19  0.0    4  4.6 13.6      5424
 5425 2021- 7-31 15:28     - 55 17  160 52  46.46 0.18  0.0    8 16.5  6.8      5425
 5426 2021- 7-31 15:40     - 55 22  161 36   7.11 0.23  0.0    4  6.5 22.6      5426
 5427 2021- 7-31 18:04     - 55 23  161 13  44.21 0.30  0.0    9 19.7 11.1      5427
 5428 2021- 7-31 18:28     - 55  4  161 38  24.02 0.07  0.0    4 10.2  4.4      5428
 5429 2021- 7-31 19:15     - 55 22  161 31   8.86 0.04  0.0    4 11.9  5.2      5429
 *** DISTANCE & RESIDUAL WEIGHTING CANCELLED FOR EVENT: 2021  7 31 19 29
 5430 2021- 7-31 19:29     # 55 25  161 34  28.00 0.75  0.0    5 24.6 11.9      5430
  SEQ ---DATE--- TIME REMARK -LAT-  --LON-  DEPTH  RMS PMAG  NUM  ERH  ERZ  ID
 5431 2021- 7-31 19:38     - 54 25  161 51   5.00 0.24  0.0    6  9.9 21.4      5431
 5432 2021- 7-31 23:17     - 55 19  160 39   5.69 0.70  0.0   11 23.3 50.0      5432
 5433 2021- 7-31 23:59     - 55 19  162  4   5.00 0.07  0.0    4  1.0 13.5      5433
 5434 2021- 8- 1  1:20     - 54 32  162  4   6.57 0.09  0.0    4  2.1 14.6      5434
 5435 2021- 8- 1  1:49     - 55 14  161 21   8.19 0.16  0.0    9  1.7 15.5      5435
 *** DISTANCE & RESIDUAL WEIGHTING CANCELLED FOR EVENT: 2021  8  1  1 50
 5436 2021- 8- 1  1:49     - 54 51  161 12   5.54 0.05  0.0    4 10.0 13.1      5436
 *** DISTANCE & RESIDUAL WEIGHTING CANCELLED FOR EVENT: 2021  8  1  1 50
 5437 2021- 8- 1  1:50     # 55  7  161 59   5.00 1.64  0.0    4 46.3 14.6      5437
 *** DISTANCE & RESIDUAL WEIGHTING CANCELLED FOR EVENT: 2021  8  1  3 51
 5438 2021- 8- 1  3:50     - 55 40  162 27   5.00 0.79  0.0    4 28.6 60.7      5438
 5439 2021- 8- 1  4:56     - 55 16  163 18   6.11 0.27  0.0    6 11.6 22.5      5439
 5440 2021- 8- 1  4:56     - 55 23  161 55   0.26 0.49  0.0    7  2.5 31.0      5440
 5441 2021- 8- 1  5:37     - 55 12  161 10   6.95 0.14  0.0    7  3.0 17.3      5441
 *** DISTANCE & RESIDUAL WEIGHTING CANCELLED FOR EVENT: 2021  8  1  5 38
 5442 2021- 8- 1  5:37     - 55 13  161 11  57.40 0.42  0.0    5 25.5 16.3      5442
 5443 2021- 8- 1  5:56     - 55 11  160 42   2.57 0.21  0.0   10  8.8 19.1      5443
 5444 2021- 8- 1  5:57     - 55 52  162  6   5.04 0.14  0.0    4 13.5 16.7      5444
 5445 2021- 8- 1  5:56     - 55 31  159 49   5.01 0.43  0.0    5 31.6 37.3      5445
  SEQ ---DATE--- TIME REMARK -LAT-  --LON-  DEPTH  RMS PMAG  NUM  ERH  ERZ  ID
 5446 2021- 8- 1  6:07     - 54 50  161  4   4.90 0.09  0.0    5  6.1 12.8      5446
 5447 2021- 8- 1  6:08     - 55 19  161  9   5.10 0.12  0.0    4  6.9 14.6      5447
 5448 2021- 8- 1  6:37       54 30  163 10   1.19 0.17  0.0   12  5.7 11.7      5448
 5449 2021- 8- 1  6:37     - 54 52  162 60   5.06 0.19  0.0    4 17.3 18.2      5449
 5450 2021- 8- 1  7:42     - 55 10  161 48   8.19 0.03  0.0    4 10.5  6.7      5450
 5451 2021- 8- 1  7:43     - 55  6  161 11   5.06 0.45  0.0    6 15.3 35.2      5451
 5452 2021- 8- 1  7:51     - 54 46  161  6  34.34 0.20  0.0   10 14.0 17.7      5452
 5453 2021- 8- 1  7:51       55 10  161 53   5.24 0.19  0.0    8  0.8  0.7      5453
 5454 2021- 8- 1  8:59       55 21  160 44  47.74 0.27  0.0   10  6.6  8.8      5454
 5455 2021- 8- 1  8:59     - 54 37  159 49   4.92 0.50  0.0    5 32.4 25.5      5455
 5456 2021- 8- 1  9:50     - 55  7  161  7   5.00 0.31  0.0   10 21.2 29.0      5456
 5457 2021- 8- 1  9:51     - 55 10  160 48  33.70 0.48  0.0    5 39.6 40.7      5457
 5458 2021- 8- 1 10:08       55  6  161 17  30.78 0.02  0.0    6  2.5  3.7      5458
 *** DISTANCE & RESIDUAL WEIGHTING CANCELLED FOR EVENT: 2021  8  1 10  9
 5459 2021- 8- 1 10:09     - 55 12  161 27   5.00 0.58  0.0    4 42.9  2.6      5459
 *** DISTANCE & RESIDUAL WEIGHTING CANCELLED FOR EVENT: 2021  8  1 10 28
 5460 2021- 8- 1 10:28     # 55  8  161 56   1.13 0.74  0.0    5  5.2 22.4      5460
  SEQ ---DATE--- TIME REMARK -LAT-  --LON-  DEPTH  RMS PMAG  NUM  ERH  ERZ  ID
 5461 2021- 8- 1 11:52     - 55 31  160 54   5.00 0.19  0.0    7  8.5 17.7      5461
 5462 2021- 8- 1 12:10     - 55 12  161 55   0.30 0.04  0.0    4  0.7 11.0      5462
 5463 2021- 8- 1 13:04     - 54 52  161  3  32.52 0.24  0.0   10 17.9  1.8      5463
 5464 2021- 8- 1 13:04     - 54 49  161  4  32.74 0.11  0.0    7  8.0 15.6      5464
 5465 2021- 8- 1 13:43       55 12  160 47  53.75 0.22  0.0   13  4.8  6.1      5465
 5466 2021- 8- 1 13:43     - 55  8  161 29  26.59 0.04  0.0    5  7.9  4.5      5466
 5467 2021- 8- 1 14:44     - 55  8  160 38   2.61 0.28  0.0   12 10.6 23.4      5467
 5468 2021- 8- 1 14:45     - 55 40  162  6   5.09 0.22  0.0    4 12.6 17.5      5468
 5469 2021- 8- 1 15:27     - 54 47  159 18   4.97 0.28  0.0    9 22.3 22.7      5469
 5470 2021- 8- 1 15:27     - 55 16  159 16   2.46 0.43  0.0    9 26.1 23.5      5470
 *** DISTANCE & RESIDUAL WEIGHTING CANCELLED FOR EVENT: 2021  8  1 16  0
 5471 2021- 8- 1 15:59     # 55 19  162  6   5.00 3.39  0.0    5 35.7 98.8      5471
 5472 2021- 8- 1 16:11     - 55  9  160 55  31.34 0.17  0.0    8 16.0  1.5      5472
 5473 2021- 8- 1 16:11       55 15  161 38  14.51 0.12  0.0    6  1.8  1.3      5473
 *** DISTANCE & RESIDUAL WEIGHTING CANCELLED FOR EVENT: 2021  8  1 19 35
 5474 2021- 8- 1 19:35     # 55 25  161 55   5.00 1.41  0.0    4  7.9  9.7      5474
 5475 2021- 8- 1 20:01       55 16  161 17  32.43 0.13  0.0    8  5.1  1.4      5475
 *** DISTANCE & RESIDUAL WEIGHTING CANCELLED FOR EVENT: 2021  8  1 20  2
  SEQ ---DATE--- TIME REMARK -LAT-  --LON-  DEPTH  RMS PMAG  NUM  ERH  ERZ  ID
 5476 2021- 8- 1 20:02     - 55 42  162 16   7.06 1.05  0.0    5 22.7 88.4      5476
 5477 2021- 8- 1 20:37     # 54 35  162 27  31.59 0.74  0.0    4 15.8 26.5      5477
 5478 2021- 8- 1 21:35     - 55 20  160 55   5.03 0.57  0.0   11 15.3 35.5      5478
 5479 2021- 8- 1 21:45     - 54 55  161 16  24.18 0.20  0.0    6 17.8  6.8      5479
 5480 2021- 8- 1 21:45     - 54 39  160 52  30.36 0.29  0.0    7 24.3 26.6      5480
 5481 2021- 8- 2  0:25     - 54 57  161 34  25.68 0.13  0.0    6 14.0  3.9      5481
 5482 2021- 8- 2  0:57     - 54 40  161  7   3.56 0.32  0.0   14 11.1 23.6      5482
 5483 2021- 8- 2  4:48     - 55  7  161  1   4.55 0.15  0.0    8  6.9 15.8      5483
 *** DISTANCE & RESIDUAL WEIGHTING CANCELLED FOR EVENT: 2021  8  2  4 49
 5484 2021- 8- 2  4:49     # 55 29  161 58   8.25 1.37  0.0    5 12.7 53.2      5484
 5485 2021- 8- 2  5:21     - 55 32  162  4   5.26 0.01  0.0    4  5.0  7.5      5485
 5486 2021- 8- 2  5:24     - 55 27  161 17  46.87 0.18  0.0    6 12.7  7.3      5486
 5487 2021- 8- 2  5:24     - 55 21  160 59   4.53 0.46  0.0    5 16.6 36.3      5487
 *** DISTANCE & RESIDUAL WEIGHTING CANCELLED FOR EVENT: 2021  8  2  5 30
 5488 2021- 8- 2  5:30     - 55 23  161 51   5.10 1.26  0.0    4 81.5 56.2      5488
 5489 2021- 8- 2  5:52     - 54 54  161  7   4.96 0.16  0.0    6  7.5 16.5      5489
 *** DISTANCE & RESIDUAL WEIGHTING CANCELLED FOR EVENT: 2021  8  2  6 32
 5490 2021- 8- 2  6:31     # 55  3  162 15   0.07 0.19  0.0    4  9.0  6.7      5490
 *** DISTANCE & RESIDUAL WEIGHTING CANCELLED FOR EVENT: 2021  8  2  6 32
  SEQ ---DATE--- TIME REMARK -LAT-  --LON-  DEPTH  RMS PMAG  NUM  ERH  ERZ  ID
 5491 2021- 8- 2  6:32     - 55  2  162 42   4.98 0.21  0.0    4  9.3 19.7      5491
 5492 2021- 8- 2  7:16     - 55 19  160 54  33.37 0.09  0.0    9  3.2 12.9      5492
 5493 2021- 8- 2  8:00     - 54 33  161  5   5.71 0.20  0.0   11  8.1 17.5      5493
 5494 2021- 8- 2  9:02     - 55  1  161 11   5.00 0.09  0.0    4 12.3 14.4      5494
 5495 2021- 8- 2 13:21     - 54 20  162 40   4.53 0.11  0.0    8  6.6 14.2      5495
 5496 2021- 8- 2 13:24       55  5  161 39  15.66 0.07  0.0    6  1.5  3.2      5496
 *** DISTANCE & RESIDUAL WEIGHTING CANCELLED FOR EVENT: 2021  8  2 13 25
 5497 2021- 8- 2 13:24     # 55 29  161 54   5.00 1.45  0.0    5 17.3 20.7      5497
 *** DISTANCE & RESIDUAL WEIGHTING CANCELLED FOR EVENT: 2021  8  2 13 39
 5498 2021- 8- 2 13:39     - 54 56  161 28   5.00 0.12  0.0    4  5.9 15.0      5498
 5499 2021- 8- 2 13:39     - 55  4  162 43   5.91 0.04  0.0    4  5.4 11.6      5499
 5500 2021- 8- 2 17:31     - 54 53  163 29   5.09 0.04  0.0    5  5.4 11.8      5500
 *** DISTANCE & RESIDUAL WEIGHTING CANCELLED FOR EVENT: 2021  8  2 18 34
 5501 2021- 8- 2 18:34     - 55 11  161 21   5.01 0.19  0.0    4 17.8 19.8      5501
 5502 2021- 8- 2 19:47     - 54 57  161 36  21.17 0.12  0.0    5 14.1  3.9      5502
 5503 2021- 8- 2 19:47     # 55 11  161 58   4.49 0.11  0.0    5  0.8  2.0      5503
 5504 2021- 8- 2 20:10     - 54 26  161 32   5.34 0.01  0.0    4  5.2 11.4      5504
 5505 2021- 8- 2 21:57     # 55  3  161 36  12.89 0.08  0.0    6  2.6  7.7      5505
  SEQ ---DATE--- TIME REMARK -LAT-  --LON-  DEPTH  RMS PMAG  NUM  ERH  ERZ  ID
 5506 2021- 8- 2 21:57       55 10  161 57  26.58 0.01  0.0    4  0.8  1.7      5506
 5507 2021- 8- 2 22:36     - 55 22  161 19  68.39 0.40  0.0   10 20.6 19.6      5507
 *** DISTANCE & RESIDUAL WEIGHTING CANCELLED FOR EVENT: 2021  8  2 23 42
 5508 2021- 8- 2 23:42     - 54 49  163  5   4.88 0.31  0.0    4 12.7 26.2      5508
 5509 2021- 8- 3  3:28     - 54 48  161  7   5.02 0.23  0.0   16  7.6 15.8      5509
 *** DISTANCE & RESIDUAL WEIGHTING CANCELLED FOR EVENT: 2021  8  3  3 44
 5510 2021- 8- 3  3:44     - 55 36  162 15   5.00 0.53  0.0    5 16.2 37.9      5510
 5511 2021- 8- 3  6:38     - 54 18  162 14   5.58 0.25  0.0    4 22.6 21.9      5511
 5512 2021- 8- 3  6:43     - 55 26  160 52  22.23 0.28  0.0    7 24.1 18.9      5512
 *** DISTANCE & RESIDUAL WEIGHTING CANCELLED FOR EVENT: 2021  8  3  6 44
 5513 2021- 8- 3  6:44     - 55 16  161 52   0.91 0.70  0.0    5  3.6 45.0      5513
 *** DISTANCE & RESIDUAL WEIGHTING CANCELLED FOR EVENT: 2021  8  3  7 33
 5514 2021- 8- 3  7:33     - 55 21  160 58   5.00 1.01  0.0    4 33.9 74.9      5514
 5515 2021- 8- 3  7:40     - 55 13  160 56  50.05 0.17  0.0    9 14.6  5.2      5515
 *** DISTANCE & RESIDUAL WEIGHTING CANCELLED FOR EVENT: 2021  8  3  7 40
 5516 2021- 8- 3  7:40     - 55 21  161 45  51.82 0.74  0.0    5 32.5 34.0      5516
 5517 2021- 8- 3  8:25     # 55 10  161 43  25.07 3.96  0.0   12 42.2 18.8      5517
 5518 2021- 8- 3  9:28     - 55 20  161 41   0.27 0.13  0.0    4 11.3 12.7      5518
 *** DISTANCE & RESIDUAL WEIGHTING CANCELLED FOR EVENT: 2021  8  3 16  2
 5519 2021- 8- 3 16:02     - 55 43  161  9   5.00 2.13  0.0    5 42.2 89.6      5519
 5520 2021- 8- 3 16:43     # 54 57  162 16   5.81 0.08  0.0    6  6.7  5.8      5520
  SEQ ---DATE--- TIME REMARK -LAT-  --LON-  DEPTH  RMS PMAG  NUM  ERH  ERZ  ID
 5521 2021- 8- 3 16:43     - 54 53  163 13   5.04 0.18  0.0    4 16.4 17.2      5521
 5522 2021- 8- 3 16:50       54 55  162 14   3.86 0.14  0.0    6  2.1  3.7      5522
 *** DISTANCE & RESIDUAL WEIGHTING CANCELLED FOR EVENT: 2021  8  3 16 50
 5523 2021- 8- 3 16:50     - 55  0  163  8   5.03 1.13  0.0    6 57.5 94.4      5523
 5524 2021- 8- 3 17:49     # 54 53  162 12   4.76 0.09  0.0    5  6.0  1.6      5524
 *** DISTANCE & RESIDUAL WEIGHTING CANCELLED FOR EVENT: 2021  8  3 17 50
 5525 2021- 8- 3 17:50     - 54 33  162 16   5.06 0.65  0.0    5 49.7 53.0      5525
 5526 2021- 8- 3 18:41     - 54 45  160 47  24.57 0.18  0.0   11 16.7  4.2      5526
 5527 2021- 8- 3 18:41     - 54 37  160 37   0.16 0.24  0.0    7 16.9 10.8      5527
 5528 2021- 8- 3 18:43       55 19  161 39   6.91 0.00  0.0    4  6.9  3.7      5528
 *** DISTANCE & RESIDUAL WEIGHTING CANCELLED FOR EVENT: 2021  8  3 19 14
 5529 2021- 8- 3 19:14     - 55 28  161 37   0.28 0.29  0.0    4 16.8 25.3      5529
 5530 2021- 8- 3 20:05     - 55 19  160 51   4.86 0.13  0.0    7  6.7 14.8      5530
 *** DISTANCE & RESIDUAL WEIGHTING CANCELLED FOR EVENT: 2021  8  3 21 17
 5531 2021- 8- 3 21:16     # 55 28  161 39   1.91 0.45  0.0    5  8.0 25.9      5531
 5532 2021- 8- 3 21:30       55 20  160 41  62.82 0.36  0.0   11  7.6  8.3      5532
 *** DISTANCE & RESIDUAL WEIGHTING CANCELLED FOR EVENT: 2021  8  3 21 40
 5533 2021- 8- 3 21:40     - 55  9  161  1  27.92 0.41  0.0    5 34.1 28.6      5533
 5534 2021- 8- 3 22:14     - 55 20  162  2   0.31 1.01  0.0    4 84.9 49.9      5534
 5535 2021- 8- 3 23:31     # 55 18  161 20  18.96 0.36  0.0   11  2.2  5.5      5535
  SEQ ---DATE--- TIME REMARK -LAT-  --LON-  DEPTH  RMS PMAG  NUM  ERH  ERZ  ID
 5536 2021- 8- 3 23:32       55 16  162 13  13.69 0.01  0.0    4  1.1  2.1      5536
 5537 2021- 8- 4  3:18     - 55 21  161  9  44.01 0.24  0.0   10 17.0  4.8      5537
 5538 2021- 8- 4  3:19     - 55 32  161 45   3.66 0.11  0.0    5  4.7 13.6      5538
 *** DISTANCE & RESIDUAL WEIGHTING CANCELLED FOR EVENT: 2021  8  4  4 35
 5539 2021- 8- 4  4:34     - 55 57  162  6   5.17 0.30  0.0    4 11.9 25.3      5539
 5540 2021- 8- 4  5:21       55 15  161 51  12.62 0.05  0.0    5  2.5  1.4      5540
 5541 2021- 8- 4  5:35     - 54 31  161 54   3.83 0.07  0.0    5  5.8 12.3      5541
 5542 2021- 8- 4  5:35     - 55  2  161 45   5.03 0.16  0.0    5 16.1 17.0      5542
 5543 2021- 8- 4  7:21     - 54 56  161 10  35.73 0.20  0.0    8 18.0  9.5      5543
 5544 2021- 8- 4  7:21     - 54 48  160 54  34.09 0.18  0.0    7 13.4 18.1      5544
 5545 2021- 8- 4  8:15     - 54 46  162 54   4.94 0.10  0.0    4  6.2 13.5      5545
 5546 2021- 8- 4 10:09     - 54 25  161 57   5.12 0.17  0.0   13  7.6 16.3      5546
 5547 2021- 8- 4 10:26     - 54 26  161 55   4.57 0.16  0.0   10  7.5 15.9      5547
 5548 2021- 8- 4 11:05     - 55 42  162  4   4.39 0.16  0.0    5  6.7 15.8      5548
 5549 2021- 8- 4 11:05     - 54 55  160 59   4.92 0.13  0.0    6  7.2 15.1      5549
 5550 2021- 8- 4 11:07     - 55 42  161 55   4.23 0.13  0.0    5  6.7 15.2      5550
 *** DISTANCE & RESIDUAL WEIGHTING CANCELLED FOR EVENT: 2021  8  4 14 47
  SEQ ---DATE--- TIME REMARK -LAT-  --LON-  DEPTH  RMS PMAG  NUM  ERH  ERZ  ID
 5551 2021- 8- 4 14:47     # 55 21  161 49  19.62 1.56  0.0    6 23.4 22.3      5551
 5552 2021- 8- 4 14:48       55 29  161 43  17.04 0.00  0.0    4  3.0  1.6      5552
 5553 2021- 8- 4 16:39     - 55 51  162  8   0.64 0.26  0.0    4 24.7 19.6      5553
 *** DISTANCE & RESIDUAL WEIGHTING CANCELLED FOR EVENT: 2021  8  4 16 50
 5554 2021- 8- 4 16:50     # 55 12  161 56   4.38 0.52  0.0    6  3.2  5.5      5554
 5555 2021- 8- 4 16:50     - 55  1  161 31  22.35 0.14  0.0    5 13.2  2.7      5555
 *** DISTANCE & RESIDUAL WEIGHTING CANCELLED FOR EVENT: 2021  8  4 18 23
 5556 2021- 8- 4 18:23     - 55 11  161  4   4.99 0.28  0.0    4 11.4 23.4      5556
 *** DISTANCE & RESIDUAL WEIGHTING CANCELLED FOR EVENT: 2021  8  5  0  0
 5557 2021- 8- 4 23:59     # 55 25  161 57   5.00 0.33  0.0    5  2.4  8.2      5557
 5558 2021- 8- 5  0:36     - 54 59  162 22  11.77 0.03  0.0    5  6.9  6.8      5558
 5559 2021- 8- 5  1:46     - 55 38  162 43   1.87 0.35  0.0    5 13.6 26.1      5559
 5560 2021- 8- 5  3:54     - 55 10  161 51   8.69 0.08  0.0    4  9.8  9.3      5560
 *** DISTANCE & RESIDUAL WEIGHTING CANCELLED FOR EVENT: 2021  8  5  6 31
 5561 2021- 8- 5  6:30     - 55 19  160 56   4.08 0.26  0.0    4 11.9 21.2      5561
 5562 2021- 8- 5  7:16     - 55  2  161 15   4.93 0.22  0.0    9  8.2 17.8      5562
 *** DISTANCE & RESIDUAL WEIGHTING CANCELLED FOR EVENT: 2021  8  5  7 16
 5563 2021- 8- 5  7:16     - 55 50  163 23   4.43 2.42  0.0    5 40.0 90.5      5563
 *** DISTANCE & RESIDUAL WEIGHTING CANCELLED FOR EVENT: 2021  8  5  8  0
 5564 2021- 8- 5  7:59     # 55 40  162 11   5.00 6.03  0.0    6 69.8 55.9      5564
 5565 2021- 8- 5  8:28     - 54 53  162 20   9.12 0.16  0.0    6 16.3  7.6      5565
  SEQ ---DATE--- TIME REMARK -LAT-  --LON-  DEPTH  RMS PMAG  NUM  ERH  ERZ  ID
 5566 2021- 8- 5  8:28     - 54 35  162 46   5.01 0.22  0.0    5 18.9 19.8      5566
 5567 2021- 8- 5  9:31     - 54 41  160 59  31.52 0.22  0.0   10 18.9 22.4      5567
 5568 2021- 8- 5  9:32     - 55  4  160 58   5.08 0.25  0.0    7 21.9 23.7      5568
 5569 2021- 8- 5  9:32     - 55  6  160 48   5.02 0.27  0.0    5 22.9 24.7      5569
 5570 2021- 8- 5  9:38     - 54 50  161  3   5.00 0.09  0.0    5 11.6 14.6      5570
 *** DISTANCE & RESIDUAL WEIGHTING CANCELLED FOR EVENT: 2021  8  5  9 39
 5571 2021- 8- 5  9:39     # 55  1  161 48  20.10 2.48  0.0    4 89.8 41.7      5571
 5572 2021- 8- 5  9:40     - 55 12  161 52  14.98 0.05  0.0    4  8.1  9.9      5572
 5573 2021- 8- 5  9:40     - 54 55  161 18  23.37 0.09  0.0    6 13.3  3.0      5573
 5574 2021- 8- 5  9:47     - 54 25  162 18   3.98 0.14  0.0    6  7.2 15.6      5574
 *** DISTANCE & RESIDUAL WEIGHTING CANCELLED FOR EVENT: 2021  8  5 10 19
 5575 2021- 8- 5 10:18     - 55 36  162 58   5.00 0.66  0.0    4 23.9 51.0      5575
 *** DISTANCE & RESIDUAL WEIGHTING CANCELLED FOR EVENT: 2021  8  5 10 54
 5576 2021- 8- 5 10:54     - 55 19  162  2   2.50 0.46  0.0    4 40.6 21.2      5576
 *** DISTANCE & RESIDUAL WEIGHTING CANCELLED FOR EVENT: 2021  8  5 12 19
 5577 2021- 8- 5 12:18     # 55 14  161 49   4.97 0.62  0.0    5 32.2 15.6      5577
 5578 2021- 8- 5 12:19       55 30  161 40  24.11 0.00  0.0    4  1.6  2.1      5578
 5579 2021- 8- 5 13:16     - 55  2  162 20   2.65 0.01  0.0    4 11.3  2.5      5579
 *** DISTANCE & RESIDUAL WEIGHTING CANCELLED FOR EVENT: 2021  8  5 13 16
 5580 2021- 8- 5 13:16     # 55 16  161 50   5.00 4.12  0.0    4 53.3 77.9      5580
  SEQ ---DATE--- TIME REMARK -LAT-  --LON-  DEPTH  RMS PMAG  NUM  ERH  ERZ  ID
 5581 2021- 8- 5 13:36     - 54 30  161  4  10.15 0.15  0.0   10 15.1  3.0      5581
 5582 2021- 8- 5 13:36     - 54 21  160 49   8.08 0.22  0.0    9 17.6 10.1      5582
 *** DISTANCE & RESIDUAL WEIGHTING CANCELLED FOR EVENT: 2021  8  5 13 54
 5583 2021- 8- 5 13:54     # 55 14  161 60   5.00 2.10  0.0    6 16.8 26.5      5583
 *** DISTANCE & RESIDUAL WEIGHTING CANCELLED FOR EVENT: 2021  8  5 13 55
 5584 2021- 8- 5 13:55     - 55 20  161 30   1.02 0.23  0.0    4  5.3 22.7      5584
 5585 2021- 8- 5 14:10     - 55 20  162 20   3.91 0.07  0.0    4  5.5 12.7      5585
 *** DISTANCE & RESIDUAL WEIGHTING CANCELLED FOR EVENT: 2021  8  5 15 45
 5586 2021- 8- 5 15:45     # 55  7  161 46   6.44 1.79  0.0    4 39.0 12.7      5586
 *** DISTANCE & RESIDUAL WEIGHTING CANCELLED FOR EVENT: 2021  8  5 15 46
 5587 2021- 8- 5 15:46     # 55 21  162  2   7.96 0.33  0.0    5  7.9 16.8      5587
 5588 2021- 8- 5 16:12     - 55 25  161 48   2.42 0.19  0.0    4  3.5 13.9      5588
 *** DISTANCE & RESIDUAL WEIGHTING CANCELLED FOR EVENT: 2021  8  5 16 19
 5589 2021- 8- 5 16:19     - 55 32  161 56  52.92 0.30  0.0    4 27.5  3.3      5589
 5590 2021- 8- 5 16:19     - 55 14  161 37   5.01 0.20  0.0    4  5.3 20.3      5590
 5591 2021- 8- 5 16:27     - 55  1  161 18   3.99 0.16  0.0    5  7.9 16.3      5591
 5592 2021- 8- 5 16:28       55 20  161 57   8.08 0.14  0.0    6  1.3  1.7      5592
 *** DISTANCE & RESIDUAL WEIGHTING CANCELLED FOR EVENT: 2021  8  5 16 30
 5593 2021- 8- 5 16:30     # 55 25  162  8   5.03 0.69  0.0    6 15.8 18.4      5593
 5594 2021- 8- 5 17:04     - 55 22  161 32  85.27 0.03  0.0    6  4.9 10.7      5594
 5595 2021- 8- 5 17:05     - 55 27  162 15   3.23 0.26  0.0    4 11.0 21.8      5595
  SEQ ---DATE--- TIME REMARK -LAT-  --LON-  DEPTH  RMS PMAG  NUM  ERH  ERZ  ID
 5596 2021- 8- 5 17:20     - 54 49  160 42   5.01 0.32  0.0    9 23.8 29.3      5596
 5597 2021- 8- 5 18:00     - 55 31  160 51  25.92 0.22  0.0    7 18.4 14.5      5597
 *** DISTANCE & RESIDUAL WEIGHTING CANCELLED FOR EVENT: 2021  8  5 18  1
 5598 2021- 8- 5 18:00     # 55 15  161 49   4.99 0.61  0.0    4 14.9 12.0      5598
 *** DISTANCE & RESIDUAL WEIGHTING CANCELLED FOR EVENT: 2021  8  5 18  1
 5599 2021- 8- 5 18:01     - 55  9  162 10  29.65 1.87  0.0    4 98.9 45.4      5599
 5600 2021- 8- 5 19:19     - 54 36  161 19   5.24 0.12  0.0    6  6.6 14.0      5600
 5601 2021- 8- 5 19:34     - 55 31  160 38   5.03 0.31  0.0    5 25.7 28.4      5601
 5602 2021- 8- 5 19:53     - 55  2  160 53   3.85 0.43  0.0    7 15.8 34.1      5602
 5603 2021- 8- 5 21:11     - 54 60  162 33   4.00 0.08  0.0    4 10.2  6.7      5603
 5604 2021- 8- 5 21:24     - 55  5  161 26  28.91 0.10  0.0    6  9.2  6.1      5604
 5605 2021- 8- 5 21:43     - 55 19  161  1   5.28 0.69  0.0   11 17.3 38.0      5605
 5606 2021- 8- 5 21:44     - 55 10  161  3  43.36 0.12  0.0    6 11.7  4.4      5606
 5607 2021- 8- 5 22:08     - 55 54  162 11  21.39 0.19  0.0    4 20.1  2.4      5607
 *** DISTANCE & RESIDUAL WEIGHTING CANCELLED FOR EVENT: 2021  8  5 23  2
 5608 2021- 8- 5 23:02     # 54 60  162 31   9.57 0.00  0.0    4  1.6  2.3      5608
 5609 2021- 8- 5 23:12       54 55  162 12   0.32 0.17  0.0    7  2.5  7.4      5609
 *** DISTANCE & RESIDUAL WEIGHTING CANCELLED FOR EVENT: 2021  8  5 23 12
 5610 2021- 8- 5 23:12     - 54 57  162 15   2.84 0.91  0.0    5 45.1 42.4      5610
  SEQ ---DATE--- TIME REMARK -LAT-  --LON-  DEPTH  RMS PMAG  NUM  ERH  ERZ  ID
 5611 2021- 8- 5 23:26     # 54 53  162 10   0.03 0.20  0.0    8  3.7  2.9      5611
 5612 2021- 8- 5 23:26     - 55  8  162 18   5.38 0.07  0.0    5 10.5  8.6      5612
 5613 2021- 8- 5 23:47       54 54  162 15   5.22 0.11  0.0    4  6.9  1.9      5613
 5614 2021- 8- 5 23:47     - 54 28  162 30   5.21 0.67  0.0    4 49.7 52.4      5614
 5615 2021- 8- 5 23:56     - 55 24  161 14  36.31 0.17  0.0    7 13.4  3.1      5615
 5616 2021- 8- 5 23:56     - 55 30  161 34  15.38 0.07  0.0    4 12.1  4.8      5616
 5617 2021- 8- 5 23:59     - 55 18  162 12   6.08 0.04  0.0    4  3.0 12.9      5617
 5618 2021- 8- 6  1:09       55 13  161 28  27.45 0.17  0.0    7  2.1  2.7      5618
 5619 2021- 8- 6  3:07     # 55 18  161 38   9.20 0.00  0.0    4  7.6  2.4      5619
 *** DISTANCE & RESIDUAL WEIGHTING CANCELLED FOR EVENT: 2021  8  6  3  8
 5620 2021- 8- 6  3:07     # 55 18  161 55   4.97 1.09  0.0    4 61.7 15.8      5620
 5621 2021- 8- 6  3:37       55 22  161 58  17.49 0.14  0.0    6  3.2  5.3      5621
 5622 2021- 8- 6  3:40     - 54 57  162 11   1.30 0.11  0.0    5  1.8 15.3      5622
 *** DISTANCE & RESIDUAL WEIGHTING CANCELLED FOR EVENT: 2021  8  6  3 41
 5623 2021- 8- 6  3:41     - 55 35  162 29   5.01 0.21  0.0    4  6.7 19.6      5623
 *** DISTANCE & RESIDUAL WEIGHTING CANCELLED FOR EVENT: 2021  8  6  3 41
 5624 2021- 8- 6  3:41     - 55 12  163  2   5.06 0.39  0.0    4 31.0 33.4      5624
 5625 2021- 8- 6  4:28     - 55 18  160 57  52.11 0.13  0.0    7 14.4  4.2      5625
  SEQ ---DATE--- TIME REMARK -LAT-  --LON-  DEPTH  RMS PMAG  NUM  ERH  ERZ  ID
 5626 2021- 8- 6  4:27     - 54 60  159 24   4.82 0.14  0.0    9 11.9 10.7      5626
 *** DISTANCE & RESIDUAL WEIGHTING CANCELLED FOR EVENT: 2021  8  6  6 10
 5627 2021- 8- 6  6:10     # 55 11  161 49   5.38 0.41  0.0    7  2.3  1.4      5627
 5628 2021- 8- 6  7:53     - 55 16  161 18  30.50 0.08  0.0    8  9.9  5.4      5628
 5629 2021- 8- 6  7:54     - 55 10  161 18   5.05 0.62  0.0    6 19.0 45.9      5629
 5630 2021- 8- 6  9:10     - 54 24  161 51   4.97 0.13  0.0    5  7.0 15.0      5630
 5631 2021- 8- 6  9:18     - 55 14  161 57   3.73 0.97  0.0    5 45.2 51.7      5631
 5632 2021- 8- 6 10:43     - 55 17  163 51   5.02 0.32  0.0    6 18.2 29.4      5632
 5633 2021- 8- 6 11:25     - 55 22  161 34   3.81 0.04  0.0    4  5.1 11.8      5633
 *** DISTANCE & RESIDUAL WEIGHTING CANCELLED FOR EVENT: 2021  8  6 11 32
 5634 2021- 8- 6 11:32     - 55 17  161  3   5.00 0.96  0.0    4 34.2 73.2      5634
 5635 2021- 8- 6 11:34     - 54 49  162  9   0.06 0.17  0.0    4 14.0  1.9      5635
 5636 2021- 8- 6 11:35     - 54 54  162 18   5.10 0.09  0.0    4 11.3  6.7      5636
 *** DISTANCE & RESIDUAL WEIGHTING CANCELLED FOR EVENT: 2021  8  6 12  9
 5637 2021- 8- 6 12:08     - 55 56  162  4   4.84 0.20  0.0    5  8.9 19.2      5637
 5638 2021- 8- 6 12:24     - 55 20  162 24  23.86 0.44  0.0    4 11.3 27.4      5638
 *** DISTANCE & RESIDUAL WEIGHTING CANCELLED FOR EVENT: 2021  8  6 12 24
 5639 2021- 8- 6 12:24     - 54 55  162 16   5.01 0.31  0.0    4 23.1 10.4      5639
 5640 2021- 8- 6 12:42     # 55  0  161 18  35.76 0.22  0.0   11  3.4  4.1      5640
  SEQ ---DATE--- TIME REMARK -LAT-  --LON-  DEPTH  RMS PMAG  NUM  ERH  ERZ  ID
 5641 2021- 8- 6 12:42       54 54  161 21  19.25 0.13  0.0    6  9.5  7.4      5641
 5642 2021- 8- 6 13:43     - 54 27  161 28   4.35 0.24  0.0    7  9.6 20.8      5642
 5643 2021- 8- 6 13:50       55  0  160 24  10.98 0.15  0.0   18  1.5  1.6      5643
 5644 2021- 8- 6 14:04     - 54 57  160 28   4.67 0.16  0.0   11  7.3 16.0      5644
 5645 2021- 8- 6 14:04       55  1  161 18  14.83 0.13  0.0    7  6.2  1.4      5645
 *** DISTANCE & RESIDUAL WEIGHTING CANCELLED FOR EVENT: 2021  8  6 14 25
 5646 2021- 8- 6 14:25     - 55  7  161 26   5.01 0.36  0.0    4 30.3  9.9      5646
 5647 2021- 8- 6 14:31     - 54 25  161 25   6.25 0.17  0.0    5  7.7 17.1      5647
 *** DISTANCE & RESIDUAL WEIGHTING CANCELLED FOR EVENT: 2021  8  6 14 54
 5648 2021- 8- 6 14:53     - 55 11  161 58   4.97 0.37  0.0    4 16.7 21.3      5648
 *** DISTANCE & RESIDUAL WEIGHTING CANCELLED FOR EVENT: 2021  8  6 14 54
 5649 2021- 8- 6 14:54     # 55  2  161 45   5.00 0.96  0.0    4 19.5 24.4      5649
 5650 2021- 8- 6 15:23     - 55 18  162  3   0.49 0.72  0.0    4 61.3 42.3      5650
 *** DISTANCE & RESIDUAL WEIGHTING CANCELLED FOR EVENT: 2021  8  6 16  0
 5651 2021- 8- 6 15:59     - 55 23  162 27   5.00 0.32  0.0    4  8.1 29.0      5651
 5652 2021- 8- 6 16:18     - 54 58  162 18   7.07 0.08  0.0    5  9.0  9.6      5652
 5653 2021- 8- 6 16:23     # 54 54  162 10   0.04 0.19  0.0    7  2.8  7.1      5653
 5654 2021- 8- 6 16:50     - 55  1  161 24   6.56 0.19  0.0    5 15.3 20.1      5654
 5655 2021- 8- 6 16:58     - 55 22  160 36   1.52 0.53  0.0    7 18.0 39.2      5655
 *** DISTANCE & RESIDUAL WEIGHTING CANCELLED FOR EVENT: 2021  8  6 16 59
  SEQ ---DATE--- TIME REMARK -LAT-  --LON-  DEPTH  RMS PMAG  NUM  ERH  ERZ  ID
 5656 2021- 8- 6 16:59     - 55 19  163 51   5.00 0.73  0.0    4 27.4 47.9      5656
 5657 2021- 8- 6 17:10     - 54 33  161 18   3.27 0.18  0.0    5  8.2 17.4      5657
 *** DISTANCE & RESIDUAL WEIGHTING CANCELLED FOR EVENT: 2021  8  6 17 24
 5658 2021- 8- 6 17:24     - 55 18  162  3   1.53 0.55  0.0    4 47.9 28.7      5658
 5659 2021- 8- 6 17:51     - 54 29  161 39   4.51 0.13  0.0    6  7.1 14.9      5659
 5660 2021- 8- 6 18:01       55 20  161 58   3.99 0.40  0.0    8  1.5  7.2      5660
 5661 2021- 8- 6 20:31     - 55  3  161 37  20.58 0.12  0.0    4 13.4  4.1      5661
 5662 2021- 8- 6 20:31     - 54 57  161 28  21.58 0.28  0.0    4 23.7  5.6      5662
 5663 2021- 8- 6 21:00     - 55 20  161 40   4.10 0.17  0.0    4  8.3 17.2      5663
 5664 2021- 8- 6 22:23     - 55 34  162 50   5.08 0.15  0.0    5  6.5 14.5      5664
 5665 2021- 8- 6 22:33       54 56  162 13   3.21 0.12  0.0    6  2.3  3.7      5665
 5666 2021- 8- 6 22:33     - 54 42  162 50   6.05 0.39  0.0    5 24.5 23.7      5666
 5667 2021- 8- 6 23:07     - 54 57  162 14   0.10 0.05  0.0    6  1.5 13.0      5667
 5668 2021- 8- 6 23:07     - 54 57  162 15   0.01 1.45  0.0    5  7.9 98.7      5668
 *** DISTANCE & RESIDUAL WEIGHTING CANCELLED FOR EVENT: 2021  8  7  0 29
 5669 2021- 8- 7  0:29     # 55  2  162 24  11.13 0.86  0.0    7 12.9 11.4      5669
 5670 2021- 8- 7  0:40       55 16  161 53   8.76 0.01  0.0    4  0.8  4.1      5670
 *** DISTANCE & RESIDUAL WEIGHTING CANCELLED FOR EVENT: 2021  8  7  1 15
  SEQ ---DATE--- TIME REMARK -LAT-  --LON-  DEPTH  RMS PMAG  NUM  ERH  ERZ  ID
 5671 2021- 8- 7  1:15     # 55 23  162 11   5.10 0.22  0.0    4  3.9  4.0      5671
 *** DISTANCE & RESIDUAL WEIGHTING CANCELLED FOR EVENT: 2021  8  7  3 25
 5672 2021- 8- 7  3:25     - 55 27  161 44   2.50 0.41  0.0    4  6.2 31.1      5672
 5673 2021- 8- 7  3:58     - 55  9  160 55  34.16 0.21  0.0   10  8.6 17.1      5673
 *** DISTANCE & RESIDUAL WEIGHTING CANCELLED FOR EVENT: 2021  8  7  3 58
 5674 2021- 8- 7  3:58     # 54 59  161 47   5.00 1.49  0.0    4 32.6  9.0      5674
 5675 2021- 8- 7  4:02     # 54 28  162 60  54.34 0.88  0.0    9 23.9 21.6      5675
 *** DISTANCE & RESIDUAL WEIGHTING CANCELLED FOR EVENT: 2021  8  7  4  2
 5676 2021- 8- 7  4:02     # 55 19  162  2   5.00 2.84  0.0    4 75.8 26.1      5676
 *** DISTANCE & RESIDUAL WEIGHTING CANCELLED FOR EVENT: 2021  8  7  4  9
 5677 2021- 8- 7  4:09     # 55 17  161 25   5.11 0.45  0.0    4 18.5 11.6      5677
 *** DISTANCE & RESIDUAL WEIGHTING CANCELLED FOR EVENT: 2021  8  7  5  7
 5678 2021- 8- 7  5:07     - 55  2  162 49   5.00 0.98  0.0    5 30.8 71.7      5678
 5679 2021- 8- 7  5:14     - 54 60  161 13   5.00 0.14  0.0    6 15.0 17.0      5679
 5680 2021- 8- 7  5:15     - 55  4  161 30  26.45 0.16  0.0    4 15.7  5.7      5680
 *** DISTANCE & RESIDUAL WEIGHTING CANCELLED FOR EVENT: 2021  8  7  6 30
 5681 2021- 8- 7  6:29     - 54 39  161 44   5.00 0.16  0.0    4  7.3 16.7      5681
 5682 2021- 8- 7  9:13     - 54 34  161 44   6.00 0.44  0.0   12 14.7 30.8      5682
 *** DISTANCE & RESIDUAL WEIGHTING CANCELLED FOR EVENT: 2021  8  7 10  3
 5683 2021- 8- 7 10:03     # 55 25  161 58   4.99 0.52  0.0    4  3.2 19.5      5683
 5684 2021- 8- 7 11:35     - 54 34  161 35   4.66 0.05  0.0    5  5.5 11.9      5684
 5685 2021- 8- 7 12:34     - 54 46  163 19   5.04 0.05  0.0    5  5.5 11.9      5685
  SEQ ---DATE--- TIME REMARK -LAT-  --LON-  DEPTH  RMS PMAG  NUM  ERH  ERZ  ID
 5686 2021- 8- 7 12:45     - 55  3  161 18   5.00 0.11  0.0    5 13.4 15.4      5686
 5687 2021- 8- 7 12:45     - 54 31  160  4   5.00 0.41  0.0    7 31.8 33.9      5687
 5688 2021- 8- 7 12:47     - 54 55  160 56  20.23 0.18  0.0    8 15.9 14.1      5688
 5689 2021- 8- 7 12:47     - 54 43  160 53  33.41 0.33  0.0    8 22.1 29.4      5689
 *** DISTANCE & RESIDUAL WEIGHTING CANCELLED FOR EVENT: 2021  8  7 14 11
 5690 2021- 8- 7 14:11     # 55 22  161 56   5.00 1.15  0.0    4 22.2 36.9      5690
 *** DISTANCE & RESIDUAL WEIGHTING CANCELLED FOR EVENT: 2021  8  7 15  2
 5691 2021- 8- 7 15:02     # 55 14  162 12   4.99 1.58  0.0    6  8.9 15.9      5691
 5692 2021- 8- 7 16:50       55 19  161  6  15.93 0.19  0.0    6  5.4 13.2      5692
 5693 2021- 8- 7 16:50       55 23  161 46  17.06 0.06  0.0    6  1.6  0.7      5693
 5694 2021- 8- 7 18:11     - 54 51  162  3   5.83 0.14  0.0    4 15.1 16.5      5694
 5695 2021- 8- 7 22:30     - 54 60  162 21   4.82 0.01  0.0    5 10.6  5.1      5695
 5696 2021- 8- 7 22:31     - 54 60  162 19   0.84 0.02  0.0    4  2.4 11.7      5696
 *** DISTANCE & RESIDUAL WEIGHTING CANCELLED FOR EVENT: 2021  8  7 23 21
 5697 2021- 8- 7 23:21     # 55 31  161 24   5.00 0.85  0.0    5 11.8  6.9      5697
 *** DISTANCE & RESIDUAL WEIGHTING CANCELLED FOR EVENT: 2021  8  7 23 32
 5698 2021- 8- 7 23:31     - 55 11  162 35   2.83 0.26  0.0    4 10.5 22.5      5698
 5699 2021- 8- 7 23:39     - 55 25  162  9   5.00 1.09  0.0    4 59.7 27.2      5699
 *** DISTANCE & RESIDUAL WEIGHTING CANCELLED FOR EVENT: 2021  8  8  1 25
 5700 2021- 8- 8  1:25     # 55 10  161 37  15.97 0.54  0.0    5 24.1 12.4      5700
  SEQ ---DATE--- TIME REMARK -LAT-  --LON-  DEPTH  RMS PMAG  NUM  ERH  ERZ  ID
 5701 2021- 8- 8  5:07     - 54 43  160 57   4.97 0.23  0.0   18  8.1 17.2      5701
 5702 2021- 8- 8 11:22     - 55 16  162 30   5.06 0.63  0.0    4 23.1 47.8      5702
 5703 2021- 8- 8 14:53     - 55  1  162 24  26.21 0.18  0.0    5  9.4 12.1      5703
 5704 2021- 8- 8 15:04     - 54 45  161 58   4.80 0.13  0.0    4  6.9 15.0      5704
 *** DISTANCE & RESIDUAL WEIGHTING CANCELLED FOR EVENT: 2021  8  8 18 43
 5705 2021- 8- 8 18:43     # 55 24  161 56   2.50 0.75  0.0    5  4.1 39.5      5705
 5706 2021- 8- 8 18:49     - 55 26  161 45   4.96 0.02  0.0    4  2.5  9.9      5706
 *** DISTANCE & RESIDUAL WEIGHTING CANCELLED FOR EVENT: 2021  8  8 20 42
 5707 2021- 8- 8 20:42     # 55 27  162 16   5.01 0.65  0.0    6  7.8  5.6      5707
 5708 2021- 8- 8 23:04     - 55 27  161 16  12.18 0.15  0.0    6 16.8 13.0      5708
 5709 2021- 8- 8 23:04     - 55 19  160 21  53.09 0.27  0.0    7 23.7 11.3      5709
 5710 2021- 8- 9  1:43     - 55 16  162 29   7.10 0.07  0.0    5  7.3 13.9      5710
 5711 2021- 8- 9  2:00     - 55  9  160 55   4.77 0.18  0.0    6  9.7 16.6      5711
 5712 2021- 8- 9  1:59     - 55 14  163 37   3.81 0.24  0.0    5 10.7 20.2      5712
 5713 2021- 8- 9  2:00     - 55 32  162 30   5.22 0.02  0.0    4  4.5 10.8      5713
 5714 2021- 8- 9  2:58     # 55 21  161 50   0.04 0.33  0.0    4  2.2 20.2      5714
 *** DISTANCE & RESIDUAL WEIGHTING CANCELLED FOR EVENT: 2021  8  9  3 15
 5715 2021- 8- 9  3:15     - 55 23  161 57   2.03 0.74  0.0    4 38.6 23.9      5715
  SEQ ---DATE--- TIME REMARK -LAT-  --LON-  DEPTH  RMS PMAG  NUM  ERH  ERZ  ID
 5716 2021- 8- 9  4:33     - 54 57  162 13   1.13 0.16  0.0    4  2.7 17.5      5716
 5717 2021- 8- 9  4:33     # 54 52  162 17   0.02 0.38  0.0    4 10.8 14.1      5717
 5718 2021- 8- 9  6:08     - 55  7  160  8  16.79 0.21  0.0    7  9.4 19.4      5718
 5719 2021- 8- 9  6:09     - 54 46  160 52   5.05 0.18  0.0    5  8.1 16.9      5719
 5720 2021- 8- 9  8:31     - 55 13  160 36   3.82 0.29  0.0   11 10.5 23.4      5720
 5721 2021- 8- 9  8:31     # 55 18  162  2   0.03 0.79  0.0    6  3.5 42.2      5721
 5722 2021- 8- 9  8:59     - 55  7  161 37   6.69 0.22  0.0    5  3.7 22.5      5722
 5723 2021- 8- 9  9:16     - 55  1  161 20   5.01 0.16  0.0    5 17.1 18.4      5723
 5724 2021- 8- 9  9:45       55  5  162 24  15.59 0.06  0.0    5  2.3  2.1      5724
 *** DISTANCE & RESIDUAL WEIGHTING CANCELLED FOR EVENT: 2021  8  9 10 55
 5725 2021- 8- 9 10:55     - 54 54  162 15   1.04 1.31  0.0    4 93.3 13.3      5725
 *** DISTANCE & RESIDUAL WEIGHTING CANCELLED FOR EVENT: 2021  8  9 10 55
 5726 2021- 8- 9 10:55     # 54 51  162 33  17.31 0.63  0.0    4 34.2  8.8      5726
 5727 2021- 8- 9 11:21     - 55 19  161  3  41.76 0.24  0.0    7 20.7  5.8      5727
 5728 2021- 8- 9 11:21     - 55 58  162 10   5.02 0.35  0.0    5 22.1 31.4      5728
 5729 2021- 8- 9 11:29     - 54 36  161 15   5.02 0.39  0.0   17 12.3 26.0      5729
 5730 2021- 8- 9 12:56     - 54 58  162 14   0.85 0.05  0.0    5  1.4 10.5      5730
 *** DISTANCE & RESIDUAL WEIGHTING CANCELLED FOR EVENT: 2021  8  9 12 57
  SEQ ---DATE--- TIME REMARK -LAT-  --LON-  DEPTH  RMS PMAG  NUM  ERH  ERZ  ID
 5731 2021- 8- 9 12:57     - 55 26  162 44   4.95 0.43  0.0    4 13.6 35.3      5731
 5732 2021- 8- 9 12:57     - 55 25  162  6   4.92 0.14  0.0    4  7.2 13.4      5732
 5733 2021- 8- 9 13:02     - 54 58  162 14   1.18 0.01  0.0    4  1.8 12.4      5733
 5734 2021- 8- 9 13:02     - 55 20  161  3  52.54 0.15  0.0    8 12.4  4.4      5734
 5735 2021- 8- 9 13:03     - 55 28  161 43  19.77 0.04  0.0    4  7.1  7.4      5735
 5736 2021- 8- 9 13:30     - 54 47  161 53   5.03 0.08  0.0    4  8.6 14.2      5736
 *** DISTANCE & RESIDUAL WEIGHTING CANCELLED FOR EVENT: 2021  8  9 13 56
 5737 2021- 8- 9 13:56     # 55  6  161 35  18.00 0.59  0.0    4 26.9 16.5      5737
 5738 2021- 8- 9 14:51     - 55 14  160 59  33.20 0.21  0.0   10 17.5 19.1      5738
 *** DISTANCE & RESIDUAL WEIGHTING CANCELLED FOR EVENT: 2021  8  9 14 51
 5739 2021- 8- 9 14:51     # 55  2  162  8   4.99 1.02  0.0    4 25.4 29.4      5739
 5740 2021- 8- 9 14:55     - 55 10  160 32   2.55 0.31  0.0   13 11.5 25.2      5740
 5741 2021- 8- 9 17:47     - 55 34  160  5   5.03 0.23  0.0    7 21.7 22.4      5741
 5742 2021- 8- 9 17:48     - 55 30  161 47  12.99 0.16  0.0    4  9.3 14.0      5742
 *** DISTANCE & RESIDUAL WEIGHTING CANCELLED FOR EVENT: 2021  8  9 17 48
 5743 2021- 8- 9 17:48     # 55 26  162 13   5.01 1.19  0.0    4 32.8 49.8      5743
 5744 2021- 8- 9 18:33     - 54 57  162 22   6.54 0.05  0.0    4 11.3 13.2      5744
 5745 2021- 8- 9 18:33     - 54 51  162 41   4.48 0.09  0.0    5  9.4 13.2      5745
  SEQ ---DATE--- TIME REMARK -LAT-  --LON-  DEPTH  RMS PMAG  NUM  ERH  ERZ  ID
 5746 2021- 8-10  3:50     - 54 26  163 13   5.55 0.11  0.0    6  6.4 14.1      5746
 *** DISTANCE & RESIDUAL WEIGHTING CANCELLED FOR EVENT: 2021  8 10  3 50
 5747 2021- 8-10  3:50     - 55 21  161 57  19.49 0.44  0.0    4 37.5  5.1      5747
 5748 2021- 8-10  3:51     - 54 60  161 16  20.83 0.20  0.0    6 18.5  9.6      5748
 5749 2021- 8-10  3:51     - 54 53  161  3  31.34 0.06  0.0    4 12.8  1.2      5749
 5750 2021- 8-10  6:04       55 20  160 31  41.97 0.19  0.0   11  6.0 10.9      5750
 5751 2021- 8-10  6:20     - 55  7  163 13   6.65 0.18  0.0    5  1.7 19.7      5751
 5752 2021- 8-10  6:20     - 54 32  161 26   3.88 0.19  0.0   10  9.4 16.4      5752
 5753 2021- 8-10  7:35     - 54 55  161 11  18.44 0.24  0.0    5 18.5 15.9      5753
 5754 2021- 8-10  7:36       55 23  161 46   1.35 0.06  0.0    5  1.0  2.5      5754
 5755 2021- 8-10  7:49     - 55  9  163 21   1.53 0.18  0.0    7  8.6 17.3      5755
 5756 2021- 8-10  9:00     - 55 47  160 57   2.07 0.30  0.0    7 11.7 25.6      5756
 5757 2021- 8-10 10:56       55 21  161 46   8.75 0.23  0.0    5  2.5  2.6      5757
 5758 2021- 8-10 13:52     - 55 43  161 22   7.21 0.20  0.0    7 13.9 20.8      5758
 5759 2021- 8-10 13:52     - 55 51  160 19   6.56 0.13  0.0    6 15.2  3.0      5759
 5760 2021- 8-10 19:25     - 55 17  161 17   5.00 0.24  0.0    6 16.1 23.8      5760
  SEQ ---DATE--- TIME REMARK -LAT-  --LON-  DEPTH  RMS PMAG  NUM  ERH  ERZ  ID
 5761 2021- 8-10 19:25       55 13  161 45   6.34 0.01  0.0    5  3.3  0.6      5761
 5762 2021- 8-10 21:16     - 54 28  161 10   5.00 0.18  0.0    9 17.2 19.7      5762
 5763 2021- 8-10 21:16     - 55  3  162  0   4.97 0.56  0.0    4 36.9 28.4      5763
 5764 2021- 8-10 21:16       54 58  161 48   4.59 0.10  0.0    7  1.3  1.0      5764
 5765 2021- 8-10 22:12     - 55  9  161 35  21.45 0.08  0.0    5  9.8  4.3      5765
 *** DISTANCE & RESIDUAL WEIGHTING CANCELLED FOR EVENT: 2021  8 10 22 13
 5766 2021- 8-10 22:12     - 55  7  161 19   5.00 0.54  0.0    4 35.1 46.5      5766
 5767 2021- 8-10 22:21     - 55  9  162 11   3.47 0.05  0.0    4 13.1 11.9      5767
 5768 2021- 8-10 22:25     - 54 55  161  5  29.97 0.21  0.0    8 18.5  2.0      5768
 5769 2021- 8-10 22:25     - 54 55  161 14  32.36 0.17  0.0    7 15.6  0.8      5769
 5770 2021- 8-11  1:28     - 54 51  162 11   4.70 0.14  0.0    6 14.0  2.3      5770
 5771 2021- 8-11  1:28     - 54 49  162 21   7.48 0.12  0.0    5 15.2  4.5      5771
 5772 2021- 8-11  1:32     - 54 34  162 30  35.15 0.04  0.0    5 12.8  3.5      5772
 5773 2021- 8-11  5:31     - 55  2  160 36   1.85 0.36  0.0   10 13.1 29.0      5773
 5774 2021- 8-11  5:32       55  9  161 51  15.52 0.01  0.0    4  2.3  1.5      5774
 5775 2021- 8-11  5:44     - 55  6  160 55   5.00 0.26  0.0    9 21.6 24.6      5775
  SEQ ---DATE--- TIME REMARK -LAT-  --LON-  DEPTH  RMS PMAG  NUM  ERH  ERZ  ID
 5776 2021- 8-11  5:46     - 55 18  160 45   3.70 0.41  0.0   11 14.6 29.0      5776
 5777 2021- 8-11  5:46     - 54 55  159 46   5.00 0.23  0.0    7 18.9 19.8      5777
 5778 2021- 8-11  5:51     - 55 10  160 59  33.20 0.16  0.0   10 14.7 17.4      5778
 *** DISTANCE & RESIDUAL WEIGHTING CANCELLED FOR EVENT: 2021  8 11  5 52
 5779 2021- 8-11  5:52     # 55 17  161 50  18.49 1.84  0.0    5 27.0 32.6      5779
 *** DISTANCE & RESIDUAL WEIGHTING CANCELLED FOR EVENT: 2021  8 11  5 52
 5780 2021- 8-11  5:52     # 55 18  162  4   4.84 0.23  0.0    4  2.5  7.3      5780
 5781 2021- 8-11  6:44     - 55 10  161 52   0.01 2.19  0.0    4 45.9 94.6      5781
 5782 2021- 8-11  6:53     - 54 52  161  2  34.36 0.20  0.0    9 15.3 12.9      5782
 5783 2021- 8-11  6:53     - 54 57  161 25  33.91 0.12  0.0    6 14.2  2.1      5783
 5784 2021- 8-11  7:02     - 54 54  161 27  31.25 0.19  0.0    8 15.0  5.0      5784
 5785 2021- 8-11  7:02     - 54 33  160 51  31.98 0.43  0.0    8 32.5 37.7      5785
 5786 2021- 8-11  8:15     - 55  7  160 33  34.84 0.12  0.0   12  2.7 15.2      5786
 *** DISTANCE & RESIDUAL WEIGHTING CANCELLED FOR EVENT: 2021  8 11  8 16
 5787 2021- 8-11  8:16     # 55 13  161 54   5.00 0.29  0.0    4  1.8  3.0      5787
 5788 2021- 8-11  8:18     - 55  8  163  1   6.82 0.21  0.0    4  3.3 21.3      5788
 5789 2021- 8-11  8:18     - 55 10  161 38   0.23 0.10  0.0    4  1.7 14.7      5789
 *** DISTANCE & RESIDUAL WEIGHTING CANCELLED FOR EVENT: 2021  8 11  9 25
 5790 2021- 8-11  9:25     - 54 51  162 23  12.35 2.55  0.0    4 98.1 20.2      5790
  SEQ ---DATE--- TIME REMARK -LAT-  --LON-  DEPTH  RMS PMAG  NUM  ERH  ERZ  ID
 5791 2021- 8-11  9:51     - 54 54  162 11   0.35 0.06  0.0    5  3.0 13.3      5791
 5792 2021- 8-11  9:51     # 54 54  162 12   0.02 0.44  0.0    6  4.9  6.7      5792
 5793 2021- 8-11 10:11     - 54 53  160 44   5.01 0.15  0.0    6 16.5 17.1      5793
 5794 2021- 8-11 10:11     - 54 35  160 43  20.93 0.26  0.0    7 22.1  5.8      5794
 *** DISTANCE & RESIDUAL WEIGHTING CANCELLED FOR EVENT: 2021  8 11 12  4
 5795 2021- 8-11 12:04     - 55 28  162 11   0.10 0.43  0.0    4 18.3 32.4      5795
 5796 2021- 8-11 12:59       55 13  161 26  26.37 0.16  0.0    8  8.8  5.9      5796
 5797 2021- 8-11 12:59     - 55 13  159 45   4.99 0.36  0.0    5 28.3 30.4      5797
 5798 2021- 8-11 14:30     - 55 16  160 28   4.79 0.10  0.0    4  6.0 13.6      5798
 5799 2021- 8-11 14:32     - 54 55  162 43   4.21 0.10  0.0    4 12.0  5.7      5799
 *** DISTANCE & RESIDUAL WEIGHTING CANCELLED FOR EVENT: 2021  8 11 17 46
 5800 2021- 8-11 17:45     - 55  2  163 35   5.00 0.46  0.0    5 16.9 36.0      5800
 5801 2021- 8-11 17:53     - 55 12  161 36   3.57 0.09  0.0    4 13.7  2.9      5801
 *** DISTANCE & RESIDUAL WEIGHTING CANCELLED FOR EVENT: 2021  8 11 17 54
 5802 2021- 8-11 17:53     - 55 32  160 27   5.00 0.98  0.0    4 72.9 81.1      5802
 *** DISTANCE & RESIDUAL WEIGHTING CANCELLED FOR EVENT: 2021  8 11 17 58
 5803 2021- 8-11 17:57     # 55 32  161 57  12.06 0.75  0.0    5  4.8 12.3      5803
 5804 2021- 8-11 17:57       55 18  161 60   5.05 0.39  0.0    4 15.8  8.4      5804
 5805 2021- 8-11 18:08     - 55 12  161 19   5.01 0.12  0.0    4 14.9 15.4      5805
  SEQ ---DATE--- TIME REMARK -LAT-  --LON-  DEPTH  RMS PMAG  NUM  ERH  ERZ  ID
 5806 2021- 8-11 18:51       55 14  161 44  17.21 0.00  0.0    4  6.9  2.3      5806
 5807 2021- 8-11 19:28     - 55 13  161  3   5.00 0.22  0.0    8 17.6 22.4      5807
 5808 2021- 8-11 19:28       55 10  161 35   3.68 0.12  0.0    5  4.3  1.7      5808
 5809 2021- 8-11 20:39     - 54 42  161 37   3.31 0.01  0.0    4  5.2 11.4      5809
 5810 2021- 8-12  0:38     - 55 27  160 37  35.82 0.11  0.0    7 10.3 10.4      5810
 5811 2021- 8-12  0:38     - 55 17  161 20   2.27 0.20  0.0    5 10.7 20.4      5811
 *** DISTANCE & RESIDUAL WEIGHTING CANCELLED FOR EVENT: 2021  8 12  1 32
 5812 2021- 8-12  1:32     # 55 26  161 49   1.24 0.30  0.0    4  3.1 19.5      5812
 5813 2021- 8-12  2:55     - 54 58  162 44   6.33 0.10  0.0    6 12.3 15.0      5813
 5814 2021- 8-12  2:55       55  3  162 17   1.66 0.01  0.0    4  1.4  8.0      5814
 5815 2021- 8-12  3:10     - 55 22  160 57  32.48 0.28  0.0    9 21.2  1.4      5815
 *** DISTANCE & RESIDUAL WEIGHTING CANCELLED FOR EVENT: 2021  8 12  3 11
 5816 2021- 8-12  3:10     - 55 12  161 11   5.00 0.85  0.0    7 35.3 71.6      5816
 5817 2021- 8-12  3:14     - 54 60  162 43   6.15 0.09  0.0    5 12.0 14.3      5817
 5818 2021- 8-12  3:15       55  3  162 19   4.66 0.00  0.0    4  1.8  4.2      5818
 5819 2021- 8-12  3:23     - 55  8  160 41   5.03 0.11  0.0    4 14.4 14.7      5819
 *** DISTANCE & RESIDUAL WEIGHTING CANCELLED FOR EVENT: 2021  8 12  3 57
 5820 2021- 8-12  3:57     # 54 58  162  3   5.00 0.81  0.0    4 12.2  9.9      5820
  SEQ ---DATE--- TIME REMARK -LAT-  --LON-  DEPTH  RMS PMAG  NUM  ERH  ERZ  ID
 5821 2021- 8-12  4:52     - 54 38  161 20   5.36 0.19  0.0   17  7.0 14.8      5821
 5822 2021- 8-12  5:13     - 54 57  162 16   4.84 0.02  0.0    4  9.9  6.3      5822
 5823 2021- 8-12  5:14     - 54 55  162 12   1.18 0.04  0.0    4  2.3 12.7      5823
 5824 2021- 8-12  5:15       54 54  162 11   0.34 0.06  0.0    6  3.0  6.0      5824
 5825 2021- 8-12  5:15     - 54 55  162 12   0.47 0.07  0.0    6  1.5 13.4      5825
 5826 2021- 8-12  8:52       55 14  161 26  21.17 0.06  0.0    7  7.1  3.9      5826
 5827 2021- 8-12  8:52     - 55 28  161 48  20.74 0.02  0.0    4  6.3 10.6      5827
 5828 2021- 8-12  9:55     - 55 14  160 51   5.46 0.32  0.0   11 12.0 26.0      5828
 5829 2021- 8-12  9:55     - 55 17  160 58   4.73 0.09  0.0    5  6.0 13.1      5829
 *** DISTANCE & RESIDUAL WEIGHTING CANCELLED FOR EVENT: 2021  8 12 10  5
 5830 2021- 8-12 10:05     # 55  4  162 11   6.60 1.63  0.0    4 29.9 71.2      5830
 5831 2021- 8-12 10:28     - 55  9  161 45  19.31 0.10  0.0    5 10.3  8.8      5831
 5832 2021- 8-12 10:28     - 55 27  161 49   7.66 0.07  0.0    4  6.4 11.8      5832
 5833 2021- 8-12 10:28     - 55  1  161 21   4.90 0.09  0.0    5  5.4 14.3      5833
 5834 2021- 8-12 10:39     - 55 23  160 46   5.01 0.31  0.0    6 26.0 28.4      5834
 5835 2021- 8-12 10:40     - 55 18  161 56   1.69 0.01  0.0    4  1.6 11.7      5835
  SEQ ---DATE--- TIME REMARK -LAT-  --LON-  DEPTH  RMS PMAG  NUM  ERH  ERZ  ID
 5836 2021- 8-12 10:55     - 55 27  162  4   0.16 0.32  0.0    4 18.8 12.8      5836
 5837 2021- 8-12 11:12       55 23  161 37   9.17 0.10  0.0    6  2.1  3.1      5837
 5838 2021- 8-12 11:12     - 55 33  162 10   0.02 0.52  0.0    4 19.4 40.5      5838
 5839 2021- 8-12 12:09     - 54 30  162  5   4.81 0.16  0.0    9  7.6 16.6      5839
 5840 2021- 8-12 12:56     - 55 40  162 23   4.79 0.07  0.0    4  5.8 12.4      5840
 5841 2021- 8-12 13:19     - 54 41  160 54  24.03 0.21  0.0    9 18.5  4.5      5841
 5842 2021- 8-12 13:19     - 54 35  160 45  21.50 0.15  0.0    9 10.7 13.9      5842
 *** DISTANCE & RESIDUAL WEIGHTING CANCELLED FOR EVENT: 2021  8 12 13 31
 5843 2021- 8-12 13:31     # 55 12  161 42  16.14 0.54  0.0    4  9.3  4.8      5843
 5844 2021- 8-12 15:59     - 55 27  161 52   4.98 0.04  0.0    4  1.2 10.9      5844
 5845 2021- 8-12 16:04     # 55 10  162 40  51.96 0.08  0.0    7  5.6  5.0      5845
 *** DISTANCE & RESIDUAL WEIGHTING CANCELLED FOR EVENT: 2021  8 12 17 20
 5846 2021- 8-12 17:20     - 55 21  160 37   3.08 0.12  0.0    4  8.6 14.4      5846
 5847 2021- 8-12 19:36     - 55  8  160 51   5.07 0.29  0.0   11 18.9 27.2      5847
 5848 2021- 8-12 19:37     - 55  5  160 56   5.05 0.10  0.0    4 12.7 14.9      5848
 5849 2021- 8-12 20:40     - 55 13  162 33   8.19 0.24  0.0    6  5.4 23.3      5849
 5850 2021- 8-12 20:45       55 11  160 42  53.43 0.22  0.0   10  6.9  7.8      5850
  SEQ ---DATE--- TIME REMARK -LAT-  --LON-  DEPTH  RMS PMAG  NUM  ERH  ERZ  ID
 5851 2021- 8-12 20:46     - 55 12  161 31   1.89 0.07  0.0    5  3.3 13.8      5851
 5852 2021- 8-12 21:15     - 55  8  162 13  15.92 0.07  0.0    4  4.6 10.5      5852
 5853 2021- 8-12 21:16     - 54 59  160 28   5.02 0.13  0.0   10 14.8 16.4      5853
 5854 2021- 8-12 21:17       55 13  161 49   7.07 0.12  0.0    6  1.0  1.6      5854
 5855 2021- 8-12 21:49     - 54 53  161  8  29.62 0.21  0.0   10 15.6  2.0      5855
 5856 2021- 8-12 21:50       54 51  161 17  28.09 0.19  0.0    9  9.2  1.5      5856
 5857 2021- 8-12 22:01     - 55 16  161  8   5.29 0.26  0.0    9  9.6 21.0      5857
 5858 2021- 8-12 22:02       55 13  162 17  14.41 0.00  0.0    4  4.6  1.1      5858
 5859 2021- 8-12 22:07     - 55 22  161 13  45.96 0.12  0.0    6 14.3  5.7      5859
 5860 2021- 8-12 22:07     - 55  1  160 43  73.86 0.12  0.0    6 13.6  6.0      5860
 *** DISTANCE & RESIDUAL WEIGHTING CANCELLED FOR EVENT: 2021  8 12 22 38
 5861 2021- 8-12 22:37     - 55 26  162 13   5.01 0.52  0.0    4 27.8 33.2      5861
 5862 2021- 8-12 22:54     - 55 24  160 57   4.98 0.08  0.0    4 11.4 12.9      5862
 5863 2021- 8-12 23:16       55 20  161 49  28.43 0.01  0.0    4  6.5  2.1      5863
 *** DISTANCE & RESIDUAL WEIGHTING CANCELLED FOR EVENT: 2021  8 13  0 37
 5864 2021- 8-13  0:37     # 55 23  161 43   3.44 0.40  0.0    4 18.3 16.2      5864
 *** DISTANCE & RESIDUAL WEIGHTING CANCELLED FOR EVENT: 2021  8 13  0 45
 5865 2021- 8-13  0:45     - 55 20  161 40  16.81 1.19  0.0    4 64.0 67.7      5865
  SEQ ---DATE--- TIME REMARK -LAT-  --LON-  DEPTH  RMS PMAG  NUM  ERH  ERZ  ID
 5866 2021- 8-13  0:52     - 55 23  161 24 100.36 0.03  0.0    4 10.7 11.5      5866
 5867 2021- 8-13  0:55     - 55 30  160 36  30.63 0.29  0.0    8 24.9  3.5      5867
 5868 2021- 8-13  0:55     - 55 18  161 25  44.09 0.15  0.0    4 14.8  6.6      5868
 5869 2021- 8-13  0:55     - 55 29  160 57   5.92 0.15  0.0    4 14.8 17.5      5869
 5870 2021- 8-13  1:51     - 54 29  162 46  71.91 0.06  0.0    4 13.2  4.4      5870
 5871 2021- 8-13  2:59     - 54 29  163  2  75.87 0.03  0.0    4 11.4  5.5      5871
 5872 2021- 8-13  4:03     - 55  9  162  3   0.70 0.19  0.0    4  1.7 18.9      5872
 5873 2021- 8-13  4:08     - 54 54  161  7   5.59 0.22  0.0    5  9.0 19.8      5873
 5874 2021- 8-13  4:29     - 54 55  162 12   0.59 0.05  0.0    5  2.2 12.8      5874
 5875 2021- 8-13  4:30     - 54 56  162 14   0.00 2.60  0.0    5 18.3 98.7      5875
 5876 2021- 8-13  6:03     - 55 18  160 48   4.84 0.49  0.0   12 15.6 35.4      5876
 *** DISTANCE & RESIDUAL WEIGHTING CANCELLED FOR EVENT: 2021  8 13  6  4
 5877 2021- 8-13  6:04     - 55  6  161 55   0.06 0.72  0.0    5  7.0 44.2      5877
 *** DISTANCE & RESIDUAL WEIGHTING CANCELLED FOR EVENT: 2021  8 13  6 47
 5878 2021- 8-13  6:47     - 54 30  161 15   2.23 0.13  0.0    4 10.9 14.8      5878
 *** DISTANCE & RESIDUAL WEIGHTING CANCELLED FOR EVENT: 2021  8 13  7 30
 5879 2021- 8-13  7:30     - 55 18  161 57   0.74 0.08  0.0    4  2.8 11.2      5879
 5880 2021- 8-13  8:12     - 54 38  163 24   4.98 0.05  0.0    5  5.5 11.9      5880
  SEQ ---DATE--- TIME REMARK -LAT-  --LON-  DEPTH  RMS PMAG  NUM  ERH  ERZ  ID
 5881 2021- 8-13 10:49     - 55  9  160 49   5.03 0.52  0.0    6 41.5 45.2      5881
 5882 2021- 8-13 10:49     - 55 20  160 51  32.71 0.02  0.0    4 10.5 12.5      5882
 5883 2021- 8-13 11:38     - 55 33  162 25   6.54 0.59  0.0    5  4.8 50.8      5883
 5884 2021- 8-13 12:10     - 54 35  161 27   5.62 0.28  0.0   16  9.9 21.4      5884
 *** DISTANCE & RESIDUAL WEIGHTING CANCELLED FOR EVENT: 2021  8 13 13 15
 5885 2021- 8-13 13:15     - 54 54  162 23  13.04 3.93  0.0    4 96.9 27.0      5885
 5886 2021- 8-13 13:39     - 55 26  161  5   5.04 0.21  0.0    4 20.1 20.6      5886
 5887 2021- 8-13 13:53     - 55  1  161 43  18.56 0.17  0.0    6 13.5  3.8      5887
 5888 2021- 8-13 13:54       55 13  162  8  10.65 0.00  0.0    4  1.3  2.2      5888
 5889 2021- 8-13 14:21       55  9  161 42  15.42 0.18  0.0    7  4.4  6.3      5889
 5890 2021- 8-13 14:54     - 55  3  160 37   3.92 0.10  0.0    4  6.5 13.7      5890
 5891 2021- 8-13 15:17     - 54 59  162 19  10.51 0.02  0.0    4  6.4  8.9      5891
 5892 2021- 8-13 15:19     - 55  1  162 27  54.56 0.03  0.0    5  5.5 11.2      5892
 5893 2021- 8-13 16:07     - 54 38  161 16  33.10 0.11  0.0    9  1.7 15.4      5893
 5894 2021- 8-13 16:24     - 55  3  161 18   5.01 0.11  0.0    4 13.5 15.3      5894
 *** DISTANCE & RESIDUAL WEIGHTING CANCELLED FOR EVENT: 2021  8 13 16 33
 5895 2021- 8-13 16:33     - 55  2  162 23  15.50 0.90  0.0    4 71.7 22.5      5895
  SEQ ---DATE--- TIME REMARK -LAT-  --LON-  DEPTH  RMS PMAG  NUM  ERH  ERZ  ID
 5896 2021- 8-13 17:29     - 55 15  160 45   4.11 0.53  0.0    9 16.2 38.1      5896
 *** DISTANCE & RESIDUAL WEIGHTING CANCELLED FOR EVENT: 2021  8 13 17 29
 5897 2021- 8-13 17:29     - 55  7  161 32   5.00 0.32  0.0    5 10.7 20.4      5897
 5898 2021- 8-13 17:33     - 54 56  162 27  19.11 0.01  0.0    5  8.6  6.3      5898
 *** DISTANCE & RESIDUAL WEIGHTING CANCELLED FOR EVENT: 2021  8 13 17 50
 5899 2021- 8-13 17:49     - 55 14  162  4   2.57 0.40  0.0    4 35.6 25.3      5899
 5900 2021- 8-13 18:03     - 54 35  161 41   4.99 0.16  0.0    7  7.2 16.0      5900
 5901 2021- 8-13 18:51       55 28  161 54  29.69 0.05  0.0    6  1.2  1.0      5901
 *** DISTANCE & RESIDUAL WEIGHTING CANCELLED FOR EVENT: 2021  8 13 19 12
 5902 2021- 8-13 19:12     # 55 11  162 15   5.02 0.71  0.0    5 16.6 16.4      5902
 *** DISTANCE & RESIDUAL WEIGHTING CANCELLED FOR EVENT: 2021  8 13 19 24
 5903 2021- 8-13 19:24     - 55 14  161 22   5.00 0.46  0.0    4 23.7 40.5      5903
 5904 2021- 8-13 19:53     - 54 16  160 59   6.62 0.05  0.0    5  9.5  8.6      5904
 *** DISTANCE & RESIDUAL WEIGHTING CANCELLED FOR EVENT: 2021  8 13 21  2
 5905 2021- 8-13 21:02     # 55 33  162  6   5.00 1.66  0.0    5 28.5 33.2      5905
 5906 2021- 8-13 21:19     - 54 41  162 57   5.05 0.03  0.0    4  5.8 11.6      5906
 5907 2021- 8-13 21:46     - 55 28  162 37   5.00 0.25  0.0    4  6.7 22.7      5907
 5908 2021- 8-13 22:18     - 54 52  161 12  31.18 0.23  0.0    8 19.5  1.8      5908
 5909 2021- 8-13 22:18     - 54 45  161  1  30.38 0.37  0.0    9 23.8  3.2      5909
 5910 2021- 8-13 23:14     - 55 14  161 37   0.55 0.14  0.0    4 15.3 16.8      5910
  SEQ ---DATE--- TIME REMARK -LAT-  --LON-  DEPTH  RMS PMAG  NUM  ERH  ERZ  ID
 5911 2021- 8-13 23:26     - 54 60  161  2   5.31 0.26  0.0    6  9.6 21.4      5911
 5912 2021- 8-13 23:45     - 55  6  161 41  17.49 0.19  0.0    4 16.2  5.4      5912
 5913 2021- 8-13 23:45     - 54 39  160 50  12.06 1.37  0.0    5 98.4 98.4      5913
 *** DISTANCE & RESIDUAL WEIGHTING CANCELLED FOR EVENT: 2021  8 14  0  0
 5914 2021- 8-13 23:59     # 55 26  162 16   5.00 0.59  0.0    5  4.6  7.4      5914
 *** DISTANCE & RESIDUAL WEIGHTING CANCELLED FOR EVENT: 2021  8 14  0 30
 5915 2021- 8-14  0:30     # 55 25  162  4   5.00 1.03  0.0    4 42.7 24.6      5915
 5916 2021- 8-14  1:39     - 55  1  162 11  17.06 0.06  0.0    4  3.9 11.8      5916
 5917 2021- 8-14  1:57     - 55 17  162 20   7.28 0.19  0.0    4  8.6 16.4      5917
 5918 2021- 8-14  2:45       55 31  161  8  55.14 0.23  0.0    8  4.8  6.1      5918
 5919 2021- 8-14  2:46     - 55 18  161 42   0.03 0.41  0.0    4 25.0 34.4      5919
 *** DISTANCE & RESIDUAL WEIGHTING CANCELLED FOR EVENT: 2021  8 14  3  9
 5920 2021- 8-14  3:09     - 55 13  161 57   0.13 0.63  0.0    6  2.2 51.5      5920
 5921 2021- 8-14  3:31     - 55 13  161 20   6.16 0.19  0.0    9  7.7 15.8      5921
 5922 2021- 8-14  4:20     - 54 55  162 47   4.52 0.02  0.0    5  8.1  4.0      5922
 5923 2021- 8-14  4:21     - 54 14  161 36   0.91 0.08  0.0    7  8.0 11.6      5923
 5924 2021- 8-14  4:21     - 54 57  162 42   5.34 0.01  0.0    4  9.4  4.9      5924
 *** DISTANCE & RESIDUAL WEIGHTING CANCELLED FOR EVENT: 2021  8 14  4 22
 5925 2021- 8-14  4:22     # 55 26  162 40   5.00 2.38  0.0    6 23.7 86.8      5925
  SEQ ---DATE--- TIME REMARK -LAT-  --LON-  DEPTH  RMS PMAG  NUM  ERH  ERZ  ID
 5926 2021- 8-14  5:11     - 54 38  163 41   5.15 0.13  0.0    5  6.8 14.9      5926
 5927 2021- 8-14  6:21     - 54 39  161  7   3.41 0.38  0.0   15 11.6 24.6      5927
 *** DISTANCE & RESIDUAL WEIGHTING CANCELLED FOR EVENT: 2021  8 14  8  0
 5928 2021- 8-14  7:59     # 55 22  162 15   5.02 0.73  0.0    5  9.3  6.2      5928
 5929 2021- 8-14  8:43       54 54  161 35  75.71 0.12  0.0   10  3.6  2.3      5929
 5930 2021- 8-14 10:26     - 55 29  161 58   0.27 0.42  0.0    5  6.8 31.5      5930
 5931 2021- 8-14 10:36     - 56 13  162  8   5.06 0.93  0.0   10 27.3 57.7      5931
 5932 2021- 8-14 10:37       55 25  162  0  16.79 0.00  0.0    4  1.1  1.3      5932
 5933 2021- 8-14 10:41     - 54 32  161 58   4.40 0.35  0.0    4 12.3 29.3      5933
 5934 2021- 8-14 10:55     - 55 11  160 25   2.49 0.26  0.0    9 23.0 24.8      5934
 5935 2021- 8-14 11:58     - 55 14  160 31   4.44 0.23  0.0    6  8.7 20.6      5935
 *** DISTANCE & RESIDUAL WEIGHTING CANCELLED FOR EVENT: 2021  8 14 11 59
 5936 2021- 8-14 11:58     - 54 51  160 42   5.00 0.45  0.0    4 34.4 39.0      5936
 5937 2021- 8-14 12:15     - 55 12  161 32   0.67 0.08  0.0    5  2.4 13.8      5937
 5938 2021- 8-14 12:15     - 55 17  160 45   5.03 0.33  0.0    4 27.1 28.9      5938
 5939 2021- 8-14 12:22     - 55 10  163 21   2.76 1.02  0.0   11 32.0 66.7      5939
 5940 2021- 8-14 12:35     - 55 22  160 14   3.92 0.50  0.0   11 30.2 38.1      5940
 *** DISTANCE & RESIDUAL WEIGHTING CANCELLED FOR EVENT: 2021  8 14 12 36
  SEQ ---DATE--- TIME REMARK -LAT-  --LON-  DEPTH  RMS PMAG  NUM  ERH  ERZ  ID
 5941 2021- 8-14 12:35     - 55 19  160 24   6.71 0.80  0.0    4 62.9 17.2      5941
 *** DISTANCE & RESIDUAL WEIGHTING CANCELLED FOR EVENT: 2021  8 14 12 40
 5942 2021- 8-14 12:40     - 55 28  161 44   3.45 0.43  0.0    4 24.0 26.2      5942
 5943 2021- 8-14 13:00     - 55 17  161  5  41.50 0.15  0.0    9 12.8  4.9      5943
 5944 2021- 8-14 13:07       55  9  161  9  30.74 0.31  0.0   10  3.8  7.4      5944
 5945 2021- 8-14 13:12       55  1  161 13  34.42 0.03  0.0    5  3.1  4.3      5945
 *** DISTANCE & RESIDUAL WEIGHTING CANCELLED FOR EVENT: 2021  8 14 13 30
 5946 2021- 8-14 13:30     - 55  9  163 10   5.02 0.58  0.0    4 32.8 49.3      5946
 5947 2021- 8-14 13:45       55  6  161 33  19.82 0.12  0.0    9  1.9  1.7      5947
 *** DISTANCE & RESIDUAL WEIGHTING CANCELLED FOR EVENT: 2021  8 14 13 46
 5948 2021- 8-14 13:45     - 55 10  161 30   0.62 0.17  0.0    4 15.4  7.7      5948
 *** DISTANCE & RESIDUAL WEIGHTING CANCELLED FOR EVENT: 2021  8 14 14  0
 5949 2021- 8-14 14:00     - 55 25  163  1   5.00 1.57  0.0    5 45.6 87.9      5949
 5950 2021- 8-14 14:21       55  7  161 25  28.53 0.22  0.0   10  5.6  3.8      5950
 5951 2021- 8-14 14:22       55 16  161 47  16.97 0.00  0.0    4  2.7  1.9      5951
 5952 2021- 8-14 14:34       55 14  160 28  42.41 0.15  0.0    9  5.6  9.9      5952
 *** DISTANCE & RESIDUAL WEIGHTING CANCELLED FOR EVENT: 2021  8 14 14 47
 5953 2021- 8-14 14:47     # 55 20  161 35   5.00 0.33  0.0    4 13.2  3.7      5953
 5954 2021- 8-14 14:55     - 55 10  160 58   6.76 0.58  0.0   15  4.9 49.4      5954
 5955 2021- 8-14 14:56     # 55 10  162  4   5.34 0.24  0.0    6  1.4  1.7      5955
  SEQ ---DATE--- TIME REMARK -LAT-  --LON-  DEPTH  RMS PMAG  NUM  ERH  ERZ  ID
 5956 2021- 8-14 15:11       55 16  161 24  24.33 0.11  0.0    8  1.6  3.1      5956
 *** DISTANCE & RESIDUAL WEIGHTING CANCELLED FOR EVENT: 2021  8 14 15 12
 5957 2021- 8-14 15:12     - 55 14  161 48   0.73 0.33  0.0    4  3.4 23.8      5957
 5958 2021- 8-14 15:21     - 55 14  161  2   4.99 0.27  0.0    8 19.2 25.3      5958
 5959 2021- 8-14 15:21     - 54 48  160 33   5.22 0.39  0.0    6 14.0 30.7      5959
 *** DISTANCE & RESIDUAL WEIGHTING CANCELLED FOR EVENT: 2021  8 14 16  0
 5960 2021- 8-14 15:59     # 55 26  162 20   5.00 0.75  0.0    5  5.7  8.9      5960
 5961 2021- 8-14 16:55     - 55  9  161 53   2.70 0.01  0.0    4  2.1  9.6      5961
 5962 2021- 8-14 16:55     - 55 12  161 20   5.15 0.17  0.0    5  7.7 17.1      5962
 5963 2021- 8-14 16:57     - 55 16  160 31   4.48 0.31  0.0    6 11.1 25.2      5963
 *** DISTANCE & RESIDUAL WEIGHTING CANCELLED FOR EVENT: 2021  8 14 16 57
 5964 2021- 8-14 16:57     - 55 25  162  7   5.01 2.30  0.0    4 91.2 38.4      5964
 5965 2021- 8-14 17:02     - 55  9  161  1   4.60 0.59  0.0   17 18.3 39.0      5965
 5966 2021- 8-14 17:02     # 55 26  161 59   7.46 0.09  0.0    5  0.9  4.5      5966
 5967 2021- 8-14 17:33     - 55  5  160 43   2.28 0.32  0.0   11 11.3 26.1      5967
 *** DISTANCE & RESIDUAL WEIGHTING CANCELLED FOR EVENT: 2021  8 14 17 34
 5968 2021- 8-14 17:34     - 54 48  161 10   5.04 1.05  0.0    6 61.0 87.2      5968
 5969 2021- 8-14 17:47     - 54 56  161 12   6.15 0.04  0.0    4  5.7 11.1      5969
 *** DISTANCE & RESIDUAL WEIGHTING CANCELLED FOR EVENT: 2021  8 14 17 47
 5970 2021- 8-14 17:47     # 54 59  162 15  12.03 0.80  0.0    5  9.9 19.1      5970
  SEQ ---DATE--- TIME REMARK -LAT-  --LON-  DEPTH  RMS PMAG  NUM  ERH  ERZ  ID
 5971 2021- 8-14 17:58       55 13  161 40  39.07 0.13  0.0    5  7.8  2.3      5971
 5972 2021- 8-14 18:07     # 55 12  162 16  35.96 0.00  0.0    4  7.5  4.7      5972
 *** DISTANCE & RESIDUAL WEIGHTING CANCELLED FOR EVENT: 2021  8 14 18  7
 5973 2021- 8-14 18:07     # 55 22  162 11   5.00 0.44  0.0    4  8.8  7.9      5973
 *** DISTANCE & RESIDUAL WEIGHTING CANCELLED FOR EVENT: 2021  8 14 18  7
 5974 2021- 8-14 18:07     - 55 38  162  3   5.01 0.59  0.0    4 38.0 11.1      5974
 *** DISTANCE & RESIDUAL WEIGHTING CANCELLED FOR EVENT: 2021  8 14 18 26
 5975 2021- 8-14 18:26     - 55 32  160 53   5.08 0.20  0.0    4 10.8 18.7      5975
 5976 2021- 8-14 18:38       55  0  161 27  17.19 0.19  0.0    7  5.3  4.3      5976
 *** DISTANCE & RESIDUAL WEIGHTING CANCELLED FOR EVENT: 2021  8 14 18 38
 5977 2021- 8-14 18:38     - 55 35  161 28   7.88 0.65  0.0    5  6.1 51.1      5977
 5978 2021- 8-14 18:39     # 55 27  161  6  42.64 0.93  0.0    4 46.1 26.5      5978
 5979 2021- 8-14 18:45     - 55 15  160 51   5.46 0.28  0.0   11 10.3 23.1      5979
 *** DISTANCE & RESIDUAL WEIGHTING CANCELLED FOR EVENT: 2021  8 14 18 45
 5980 2021- 8-14 18:45     - 54 58  161 27   5.00 0.29  0.0    4 11.5 26.8      5980
 5981 2021- 8-14 18:45     - 55 17  161  3   5.34 0.03  0.0    4  4.9 11.6      5981
 5982 2021- 8-14 19:39     - 55  0  163 21   3.41 0.37  0.0    6 13.5 27.9      5982
 5983 2021- 8-14 19:39     # 55 14  161 42  68.85 0.28  0.0    7 12.6  8.0      5983
 *** DISTANCE & RESIDUAL WEIGHTING CANCELLED FOR EVENT: 2021  8 14 19 47
 5984 2021- 8-14 19:46     # 54 33  162 33   6.65 2.51  0.0    4 60.2 69.6      5984
 5985 2021- 8-14 20:54     - 55 16  160 36   5.00 0.23  0.0    9 16.1 22.7      5985
  SEQ ---DATE--- TIME REMARK -LAT-  --LON-  DEPTH  RMS PMAG  NUM  ERH  ERZ  ID
 5986 2021- 8-14 20:54     - 56  2  162  8   5.02 0.12  0.0    4 13.9 15.5      5986
 5987 2021- 8-14 20:56     - 54 44  161 56   7.10 0.21  0.0   13  1.3 21.1      5987
 *** DISTANCE & RESIDUAL WEIGHTING CANCELLED FOR EVENT: 2021  8 15  0  0
 5988 2021- 8-14 23:59     # 55 18  162 11   5.02 0.87  0.0    5  4.6  6.7      5988
 5989 2021- 8-15  0:04       54 44  160 26  10.44 0.19  0.0   15  2.0  3.1      5989
 5990 2021- 8-15  0:10     - 54 60  161 42   2.50 0.01  0.0    4  3.9 12.0      5990
 5991 2021- 8-15  0:29     - 54 55  160 44   4.94 0.17  0.0   10  7.1 15.4      5991
 5992 2021- 8-15  0:45     - 54 30  161 45   4.76 0.09  0.0    6  6.2 13.0      5992
 *** DISTANCE & RESIDUAL WEIGHTING CANCELLED FOR EVENT: 2021  8 15  1  7
 5993 2021- 8-15  1:07     - 54 59  162 15   4.56 0.34  0.0    4  8.6 29.0      5993
 5994 2021- 8-15  2:32       55 13  161 39  24.50 0.01  0.0    5  4.0  3.4      5994
 *** DISTANCE & RESIDUAL WEIGHTING CANCELLED FOR EVENT: 2021  8 15  2 33
 5995 2021- 8-15  2:32     # 55 42  162  0   5.00 2.32  0.0    5 70.1 53.7      5995
 *** DISTANCE & RESIDUAL WEIGHTING CANCELLED FOR EVENT: 2021  8 15  4  8
 5996 2021- 8-15  4:08     - 55 21  161 50   3.39 0.37  0.0    4  4.7 31.9      5996
 5997 2021- 8-15  7:09     - 54 47  160 40  31.78 0.24  0.0   11 19.5 23.2      5997
 5998 2021- 8-15  7:09     - 54 50  160 57  32.71 0.31  0.0    9 15.0 28.4      5998
 5999 2021- 8-15  7:58     - 54 56  161  6  20.75 0.20  0.0    9 17.9 12.9      5999
 6000 2021- 8-15  7:58     - 54 52  161 13  31.61 0.12  0.0    6 14.4  1.2      6000
 *** DISTANCE & RESIDUAL WEIGHTING CANCELLED FOR EVENT: 2021  8 15  8  0
  SEQ ---DATE--- TIME REMARK -LAT-  --LON-  DEPTH  RMS PMAG  NUM  ERH  ERZ  ID
 6001 2021- 8-15  7:59     - 55 22  162 16  11.29 0.20  0.0    5  3.0 15.2      6001
 6002 2021- 8-15  9:08     - 55 38  160 57   6.55 0.08  0.0    6  3.0 14.1      6002
 6003 2021- 8-15  9:09     - 55  9  161 17  10.83 0.11  0.0    6  2.5 15.1      6003
 6004 2021- 8-15  9:13     - 54 39  160 52  23.60 0.22  0.0   11 18.8  4.6      6004
 6005 2021- 8-15  9:13     - 55  9  160 38   5.04 0.07  0.0    6 11.9 12.5      6005
 6006 2021- 8-15 11:22     - 55 12  160 53   5.01 0.34  0.0    8 12.7 27.9      6006
 6007 2021- 8-15 11:22     - 55 24  162 21   5.42 0.05  0.0    4  2.8 12.9      6007
 6008 2021- 8-15 11:56     - 55 51  160 42   0.00 0.24  0.0    4  9.1 19.8      6008
 6009 2021- 8-15 11:57     - 55 14  161 55   2.67 0.31  0.0    4  3.9 25.0      6009
 *** DISTANCE & RESIDUAL WEIGHTING CANCELLED FOR EVENT: 2021  8 15 11 57
 6010 2021- 8-15 11:57     - 55 18  162 13   6.27 0.83  0.0    4  4.7 69.7      6010
 6011 2021- 8-15 11:59     - 55 14  161  5   4.36 0.06  0.0    5  6.2 11.5      6011
 6012 2021- 8-15 11:59     - 55 33  162 36   5.97 0.62  0.0    6 21.8 45.0      6012
 6013 2021- 8-15 12:18       54 59  161 36  37.51 0.12  0.0    8  3.3  1.6      6013
 6014 2021- 8-15 12:19     # 55 21  161 53   0.03 2.80  0.0    6 10.6 92.4      6014
 *** DISTANCE & RESIDUAL WEIGHTING CANCELLED FOR EVENT: 2021  8 15 12 39
 6015 2021- 8-15 12:38     - 55  6  161 24  22.11 0.17  0.0    4 16.1  5.6      6015
  SEQ ---DATE--- TIME REMARK -LAT-  --LON-  DEPTH  RMS PMAG  NUM  ERH  ERZ  ID
 6016 2021- 8-15 12:57     - 55 17  160 39   5.32 0.14  0.0    5  7.2 15.2      6016
 6017 2021- 8-15 13:53     - 54  8  162 57   3.80 0.56  0.0    5 21.4 43.8      6017
 *** DISTANCE & RESIDUAL WEIGHTING CANCELLED FOR EVENT: 2021  8 15 14 31
 6018 2021- 8-15 14:31     # 55 11  161 55  13.03 0.62  0.0    5 12.6 18.3      6018
 6019 2021- 8-15 15:14     - 54 37  161 14   4.91 0.21  0.0   16  7.8 16.7      6019
 6020 2021- 8-15 17:25     - 55 13  161 60  32.01 0.18  0.0    4 10.0 12.5      6020
 6021 2021- 8-15 17:42     - 55 28  160 31   5.18 0.16  0.0   10  6.8 15.1      6021
 *** DISTANCE & RESIDUAL WEIGHTING CANCELLED FOR EVENT: 2021  8 15 17 47
 6022 2021- 8-15 17:47     - 55 38  162 11   5.00 2.14  0.0    6 40.5 90.3      6022
 6023 2021- 8-15 19:18     - 54 36  161 54   4.68 0.19  0.0   15  7.4 15.7      6023
 6024 2021- 8-15 19:45     - 55  9  161  8   2.21 0.04  0.0    4  5.6 11.7      6024
 *** DISTANCE & RESIDUAL WEIGHTING CANCELLED FOR EVENT: 2021  8 15 19 46
 6025 2021- 8-15 19:46     # 55  8  161 46   5.00 1.86  0.0    5 13.2  9.7      6025
 6026 2021- 8-15 22:19     - 55  1  160 56  31.69 0.18  0.0    9 16.5  1.9      6026
 6027 2021- 8-15 22:19     - 54 57  160 48  28.69 0.16  0.0    9 14.2  2.3      6027
 6028 2021- 8-15 22:30     - 55  7  160 44   4.75 0.17  0.0    4  7.7 16.9      6028
 6029 2021- 8-16  0:40       54 57  162 14   2.06 0.02  0.0    5  1.6  5.8      6029
 6030 2021- 8-16  0:40     - 54 51  162 17   4.53 0.03  0.0    4  9.0  8.8      6030
 *** DISTANCE & RESIDUAL WEIGHTING CANCELLED FOR EVENT: 2021  8 16  1 44
  SEQ ---DATE--- TIME REMARK -LAT-  --LON-  DEPTH  RMS PMAG  NUM  ERH  ERZ  ID
 6031 2021- 8-16  1:44     - 55  4  161 38   4.99 0.22  0.0    4 21.4  5.7      6031
 6032 2021- 8-16  1:47     - 55 10  161  0   5.22 0.30  0.0   11 11.6 22.3      6032
 6033 2021- 8-16  1:48     - 55  6  161  9  46.76 0.14  0.0    6 13.5  6.0      6033
 6034 2021- 8-16  3:16     - 54 52  161 19  30.56 0.19  0.0    7 16.3  1.1      6034
 6035 2021- 8-16  3:16       55 20  161 45   5.87 0.01  0.0    5  2.7  0.5      6035
 6036 2021- 8-16  4:12     - 54 16  161 36   0.05 0.14  0.0    6 12.3 15.1      6036
 6037 2021- 8-16  4:12     - 54 56  162 44   5.85 0.02  0.0    4  5.1 11.5      6037
 *** DISTANCE & RESIDUAL WEIGHTING CANCELLED FOR EVENT: 2021  8 16  4 12
 6038 2021- 8-16  4:12     - 55 16  161 42   7.73 0.28  0.0    4 15.4 10.9      6038
 6039 2021- 8-16  4:47       55 11  161 52  11.19 0.06  0.0    5  2.4  3.1      6039
 6040 2021- 8-16  4:53     - 54 35  162  1   5.02 0.15  0.0    8  7.2 15.7      6040
 6041 2021- 8-16  8:05     # 55 18  162 22   4.01 0.41  0.0    5  8.1  6.4      6041
 6042 2021- 8-16  8:48     - 54 49  163 14   5.32 0.08  0.0    4  8.3 11.6      6042
 *** DISTANCE & RESIDUAL WEIGHTING CANCELLED FOR EVENT: 2021  8 16  8 49
 6043 2021- 8-16  8:48     # 55 24  161 53  10.40 0.32  0.0    4  7.3  7.1      6043
 6044 2021- 8-16  9:56       54 26  162 24  53.57 0.15  0.0   13  5.7  3.8      6044
 *** DISTANCE & RESIDUAL WEIGHTING CANCELLED FOR EVENT: 2021  8 16 11 31
 6045 2021- 8-16 11:31     - 55 21  161 59   0.50 0.49  0.0    5  6.0 32.4      6045
  SEQ ---DATE--- TIME REMARK -LAT-  --LON-  DEPTH  RMS PMAG  NUM  ERH  ERZ  ID
 6046 2021- 8-16 12:20     - 55 18  161  3  50.90 0.19  0.0   10 13.7  4.7      6046
 6047 2021- 8-16 12:56       55 18  161 35  19.72 0.04  0.0    5  2.5  2.2      6047
 *** DISTANCE & RESIDUAL WEIGHTING CANCELLED FOR EVENT: 2021  8 16 13  5
 6048 2021- 8-16 13:05     - 55 11  161 37  31.46 0.13  0.0    4  9.2  9.3      6048
 *** DISTANCE & RESIDUAL WEIGHTING CANCELLED FOR EVENT: 2021  8 16 13  6
 6049 2021- 8-16 13:06     # 55 11  161 50   5.00 0.52  0.0    4  3.2  2.8      6049
 6050 2021- 8-16 13:07       55 13  161 49   2.69 0.01  0.0    5  0.6  2.6      6050
 6051 2021- 8-16 15:39     - 54 54  162 52   5.92 0.06  0.0    4  5.8 12.0      6051
 6052 2021- 8-16 16:24     - 55 14  160 52  33.26 0.18  0.0   10 16.2 19.4      6052
 *** DISTANCE & RESIDUAL WEIGHTING CANCELLED FOR EVENT: 2021  8 16 16 25
 6053 2021- 8-16 16:25     - 55 13  161 11  19.86 0.37  0.0    4  8.9 23.0      6053
 6054 2021- 8-17  0:22     - 55 36  161 16   6.73 0.17  0.0    7  7.3 18.9      6054
 *** DISTANCE & RESIDUAL WEIGHTING CANCELLED FOR EVENT: 2021  8 17  0 23
 6055 2021- 8-17  0:23     - 55 44  161 48   5.01 0.53  0.0    4 19.2 41.4      6055
 6056 2021- 8-17  4:51     - 54 44  162 60   5.04 0.13  0.0    6  6.9 15.1      6056
 *** DISTANCE & RESIDUAL WEIGHTING CANCELLED FOR EVENT: 2021  8 17  8  0
 6057 2021- 8-17  8:00     - 54 38  162  4   4.15 0.41  0.0    4 14.8 32.0      6057
 6058 2021- 8-17  9:14     - 55 11  162 37   3.87 0.11  0.0    4  4.5 11.9      6058
 6059 2021- 8-17  9:14     - 54 59  161 31   4.80 0.02  0.0    4  5.8 11.2      6059
 *** DISTANCE & RESIDUAL WEIGHTING CANCELLED FOR EVENT: 2021  8 17  9 14
 6060 2021- 8-17  9:14     - 55 32  163  6   4.96 0.98  0.0    4 67.9 75.1      6060
  SEQ ---DATE--- TIME REMARK -LAT-  --LON-  DEPTH  RMS PMAG  NUM  ERH  ERZ  ID
 6061 2021- 8-17  9:49     - 55 24  161 17   7.73 0.11  0.0    7  3.2 14.8      6061
 6062 2021- 8-17  9:49       55 18  161  4  32.29 0.13  0.0    5  3.2  1.0      6062
 *** DISTANCE & RESIDUAL WEIGHTING CANCELLED FOR EVENT: 2021  8 17 11 25
 6063 2021- 8-17 11:25     - 55 25  161 54   3.31 1.51  0.0    4  7.9 98.7      6063
 6064 2021- 8-17 14:04     - 54 58  161 26  22.62 0.26  0.0    7 18.0  7.0      6064
 *** DISTANCE & RESIDUAL WEIGHTING CANCELLED FOR EVENT: 2021  8 17 14  5
 6065 2021- 8-17 14:05     - 54 42  161  4  33.83 0.72  0.0    5 58.6 59.8      6065
 6066 2021- 8-17 17:06     - 54 56  161 17  20.19 0.21  0.0    5 18.2 12.8      6066
 *** DISTANCE & RESIDUAL WEIGHTING CANCELLED FOR EVENT: 2021  8 17 17 11
 6067 2021- 8-17 17:11     # 54 57  162 12   2.53 0.64  0.0    6 10.7  4.0      6067
 6068 2021- 8-17 22:23     - 55 34  162 46   4.77 0.06  0.0    4  5.4 12.2      6068
 *** DISTANCE & RESIDUAL WEIGHTING CANCELLED FOR EVENT: 2021  8 17 22 46
 6069 2021- 8-17 22:46     - 55 30  162 18   5.00 1.18  0.0    4 20.4 90.1      6069
 6070 2021- 8-18  4:35       55 28  161 44   5.46 0.01  0.0    4  1.0  0.8      6070
 6071 2021- 8-18  4:50     - 54 21  161 21   4.96 0.15  0.0    6  7.3 15.7      6071
 6072 2021- 8-18  4:58     - 54 19  161 28   1.20 0.21  0.0   10  7.0 15.8      6072
 6073 2021- 8-18  4:58     - 54 57  162 43   4.60 0.02  0.0    4  9.4  5.3      6073
 6074 2021- 8-18  4:59       55 16  161 46   2.69 0.09  0.0    5  3.8  3.9      6074
 *** DISTANCE & RESIDUAL WEIGHTING CANCELLED FOR EVENT: 2021  8 18  7  3
 6075 2021- 8-18  7:03     - 54 49  161  9   5.00 0.85  0.0    5 31.9 57.7      6075
  SEQ ---DATE--- TIME REMARK -LAT-  --LON-  DEPTH  RMS PMAG  NUM  ERH  ERZ  ID
 6076 2021- 8-18  9:43     - 55  7  161 22  34.55 0.11  0.0    7 13.9  3.3      6076
 6077 2021- 8-18  9:43     - 55 25  161 37  55.84 0.04  0.0    5  4.3  9.1      6077
 *** DISTANCE & RESIDUAL WEIGHTING CANCELLED FOR EVENT: 2021  8 18 10 16
 6078 2021- 8-18 10:16     - 55 17  162 14   5.28 0.38  0.0    4 31.4 17.8      6078
 6079 2021- 8-18 10:21     - 54 57  162  4   6.88 0.09  0.0    5  3.1 14.6      6079
 *** DISTANCE & RESIDUAL WEIGHTING CANCELLED FOR EVENT: 2021  8 18 12  9
 6080 2021- 8-18 12:09     # 55 22  161 45  12.61 1.49  0.0    5 31.4 16.0      6080
 6081 2021- 8-18 12:40     # 55 23  161 58   0.31 0.43  0.0    4  2.2 23.5      6081
 *** DISTANCE & RESIDUAL WEIGHTING CANCELLED FOR EVENT: 2021  8 18 13 30
 6082 2021- 8-18 13:30     # 55  2  162 40   4.27 0.21  0.0    5  4.5  3.8      6082
 *** DISTANCE & RESIDUAL WEIGHTING CANCELLED FOR EVENT: 2021  8 18 15  0
 6083 2021- 8-18 15:00     - 55 28  161 33   2.50 0.60  0.0    4 49.6 38.3      6083
 6084 2021- 8-18 17:20     - 54 50  161 13  16.61 0.23  0.0    9 17.5 22.6      6084
 6085 2021- 8-18 17:20     - 55  8  161 49   4.23 0.09  0.0    4  4.0 13.4      6085
 *** DISTANCE & RESIDUAL WEIGHTING CANCELLED FOR EVENT: 2021  8 18 17 42
 6086 2021- 8-18 17:42     - 55 39  160 35   5.00 0.16  0.0    4 11.4 16.4      6086
 6087 2021- 8-18 17:49       55 18  161 46  29.73 0.13  0.0    6  4.7  1.5      6087
 6088 2021- 8-18 17:56       55 28  161 47   2.37 0.00  0.0    5  1.1  5.0      6088
 *** DISTANCE & RESIDUAL WEIGHTING CANCELLED FOR EVENT: 2021  8 18 18  3
 6089 2021- 8-18 18:03     # 55 28  161 54  15.77 0.58  0.0    5  7.9 12.7      6089
 6090 2021- 8-18 18:10     - 55 32  161 41   1.15 0.12  0.0    4 11.1 14.3      6090
  SEQ ---DATE--- TIME REMARK -LAT-  --LON-  DEPTH  RMS PMAG  NUM  ERH  ERZ  ID
 6091 2021- 8-18 18:16     - 55 12  162 11   7.10 0.15  0.0    5  4.1 17.4      6091
 6092 2021- 8-18 18:22     - 54 60  161 25  24.14 0.24  0.0   10 17.1  6.2      6092
 6093 2021- 8-18 18:22     - 55  2  161 39  28.55 0.07  0.0    6  8.9  4.1      6093
 6094 2021- 8-18 19:31     - 54 53  161 22  25.22 0.27  0.0    9 20.8 10.7      6094
 *** DISTANCE & RESIDUAL WEIGHTING CANCELLED FOR EVENT: 2021  8 18 19 31
 6095 2021- 8-18 19:31     - 54 47  160 32   5.00 1.47  0.0    4 97.7 97.7      6095
 6096 2021- 8-18 20:07     - 54 56  160 31   5.32 0.51  0.0   11 17.2 39.0      6096
 6097 2021- 8-18 20:07     - 54 45  160 48   5.01 0.12  0.0    4 14.4 15.3      6097
 6098 2021- 8-18 20:29     - 55 10  161 17   4.46 0.11  0.0    8  6.0 13.0      6098
 6099 2021- 8-18 20:29     - 55 24  161 34   0.03 0.12  0.0    5  5.7 15.0      6099
 *** DISTANCE & RESIDUAL WEIGHTING CANCELLED FOR EVENT: 2021  8 18 21 22
 6100 2021- 8-18 21:22     - 55 37  162 16   8.00 1.47  0.0    7 14.9 97.9      6100
 6101 2021- 8-18 21:40     - 55 34  160 29   5.01 0.22  0.0    7 20.5 21.9      6101
 6102 2021- 8-18 21:40     - 55 39  160 28   5.01 0.39  0.0    6 31.0 32.8      6102
 6103 2021- 8-18 21:50     - 54 48  161 14  17.26 0.12  0.0    4 11.0 15.8      6103
 6104 2021- 8-18 22:16     - 54 48  161  7  11.02 0.15  0.0   10 11.2 16.2      6104
 6105 2021- 8-18 22:16     # 54 52  161 15  14.92 0.52  0.0    9 17.9  3.8      6105
  SEQ ---DATE--- TIME REMARK -LAT-  --LON-  DEPTH  RMS PMAG  NUM  ERH  ERZ  ID
 6106 2021- 8-18 22:27       55 17  161 35  27.89 0.07  0.0    7  2.1  1.6      6106
 *** DISTANCE & RESIDUAL WEIGHTING CANCELLED FOR EVENT: 2021  8 19  0  0
 6107 2021- 8-18 23:59     # 55 23  162 10   5.01 0.48  0.0    4  5.2 29.5      6107
 6108 2021- 8-19  0:10     - 55  4  161 46  14.27 0.09  0.0    5 12.0  5.4      6108
 *** DISTANCE & RESIDUAL WEIGHTING CANCELLED FOR EVENT: 2021  8 19  0 11
 6109 2021- 8-19  0:10     - 55  4  161 44   3.22 0.13  0.0    4 12.0 11.4      6109
 6110 2021- 8-19  1:11     - 55  2  160 30   5.05 0.14  0.0    4 14.7 15.4      6110
 6111 2021- 8-19  1:35     - 55 43  161 59  59.49 0.28  0.0    7 10.3 19.5      6111
 6112 2021- 8-19  2:09     - 55  3  160 19   4.88 0.25  0.0   16 10.1 21.9      6112
 6113 2021- 8-19  2:23       55 36  161 23  28.92 0.10  0.0    7  3.9  4.6      6113
 6114 2021- 8-19  2:23     - 55  4  161 30   5.20 0.06  0.0    4  4.8 12.6      6114
 6115 2021- 8-19  2:43       55 19  161 42   2.00 0.10  0.0    7  1.0  3.0      6115
 *** DISTANCE & RESIDUAL WEIGHTING CANCELLED FOR EVENT: 2021  8 19  2 44
 6116 2021- 8-19  2:44     # 55 10  161 37   5.02 0.88  0.0    4 11.2 14.8      6116
 6117 2021- 8-19  3:01     - 54 57  161 29  26.84 0.31  0.0    5 26.4  8.8      6117
 *** DISTANCE & RESIDUAL WEIGHTING CANCELLED FOR EVENT: 2021  8 19  3  2
 6118 2021- 8-19  3:01     - 55  3  161 38  12.74 0.27  0.0    4 20.2  3.5      6118
 6119 2021- 8-19  3:34       55 31  161 44  34.86 0.05  0.0    5  4.3  1.2      6119
 6120 2021- 8-19  6:42     - 54 35  161 56   4.37 1.02  0.0    4 67.2 77.9      6120
 *** DISTANCE & RESIDUAL WEIGHTING CANCELLED FOR EVENT: 2021  8 19  8  2
  SEQ ---DATE--- TIME REMARK -LAT-  --LON-  DEPTH  RMS PMAG  NUM  ERH  ERZ  ID
 6121 2021- 8-19  8:02     - 55 15  161 42   3.10 0.40  0.0    4 10.6 33.2      6121
 6122 2021- 8-19  8:03     - 55 23  161 20   7.50 0.39  0.0    6  3.0 33.9      6122
 6123 2021- 8-19  8:46     - 54 39  161 18   5.05 0.19  0.0   18  7.0 14.7      6123
 6124 2021- 8-19 10:12     - 54 31  161 52   4.97 0.09  0.0    7  6.2 13.3      6124
 6125 2021- 8-19 12:20     - 55 12  161  7  40.67 0.17  0.0    9 14.4  5.1      6125
 6126 2021- 8-19 12:20       55 15  162  0   6.02 0.00  0.0    4  1.3  1.0      6126
 *** DISTANCE & RESIDUAL WEIGHTING CANCELLED FOR EVENT: 2021  8 19 12 27
 6127 2021- 8-19 12:27     # 55 25  161 49  12.10 1.35  0.0    8 10.4 15.8      6127
 6128 2021- 8-19 13:16     - 55 42  163  6   5.02 0.05  0.0    4  5.5 11.9      6128
 *** DISTANCE & RESIDUAL WEIGHTING CANCELLED FOR EVENT: 2021  8 19 13 40
 6129 2021- 8-19 13:40     - 54 50  160 42   5.00 0.35  0.0    4 27.7 31.2      6129
 *** DISTANCE & RESIDUAL WEIGHTING CANCELLED FOR EVENT: 2021  8 19 16  0
 6130 2021- 8-19 15:59     - 55 20  161 53  60.08 0.16  0.0    4  8.3 16.3      6130
 6131 2021- 8-19 16:55     - 55 10  161 55   1.46 0.09  0.0    5  2.8 11.8      6131
 6132 2021- 8-19 18:29       54 43  162 41  14.34 0.07  0.0    7  3.0  1.0      6132
 6133 2021- 8-19 18:32     - 54 55  161 30  16.37 0.05  0.0    4 12.8  6.9      6133
 6134 2021- 8-19 18:32     - 54 48  161 19  62.42 0.41  0.0    4 32.6 14.2      6134
 6135 2021- 8-19 19:31     - 54 57  161 14  25.94 0.25  0.0    9 19.1  8.6      6135
  SEQ ---DATE--- TIME REMARK -LAT-  --LON-  DEPTH  RMS PMAG  NUM  ERH  ERZ  ID
 6136 2021- 8-19 19:31     - 54 32  160 17   5.18 0.22  0.0   10 14.6 13.8      6136
 6137 2021- 8-19 20:35     - 55 28  163  4   0.23 0.63  0.0    5 18.7 45.4      6137
 *** DISTANCE & RESIDUAL WEIGHTING CANCELLED FOR EVENT: 2021  8 20  2  9
 6138 2021- 8-20  2:08     - 55 40  160 42   4.47 0.28  0.0    4 11.1 24.2      6138
 *** DISTANCE & RESIDUAL WEIGHTING CANCELLED FOR EVENT: 2021  8 20  5 30
 6139 2021- 8-20  5:30     - 55 10  161 55   4.82 0.32  0.0    4 17.6 18.3      6139
 6140 2021- 8-20  6:18     - 55 36  161 20  32.16 0.02  0.0    4 10.5  6.8      6140
 6141 2021- 8-20  6:53     - 55 27  161 44  15.25 0.07  0.0    4  4.7 11.4      6141
 6142 2021- 8-20  6:57       55  7  161 37  42.82 0.12  0.0    5  6.3 10.2      6142
 6143 2021- 8-20  9:02       54 56  162 14   2.87 0.01  0.0    6  1.2  2.7      6143
 6144 2021- 8-20  9:03     - 54 59  162 16   0.41 0.09  0.0    5  1.4 14.5      6144
 6145 2021- 8-20  9:54     - 54 59  161 30  26.14 0.22  0.0    8 17.2  5.4      6145
 6146 2021- 8-20  9:54     - 54 48  161 11  22.81 0.06  0.0    6 11.6  4.0      6146
 *** DISTANCE & RESIDUAL WEIGHTING CANCELLED FOR EVENT: 2021  8 20 10 29
 6147 2021- 8-20 10:29     - 54 53  162 56   5.00 0.41  0.0    4 15.2 33.2      6147
 6148 2021- 8-20 10:47       55  3  161 16  32.75 0.10  0.0    5  3.3  0.9      6148
 6149 2021- 8-20 12:21     - 54 58  162 25  17.12 0.01  0.0    5  9.1  6.4      6149
 6150 2021- 8-20 13:38     - 55 10  161 55   0.34 0.09  0.0    4  1.4 12.5      6150
 *** DISTANCE & RESIDUAL WEIGHTING CANCELLED FOR EVENT: 2021  8 20 15 34
  SEQ ---DATE--- TIME REMARK -LAT-  --LON-  DEPTH  RMS PMAG  NUM  ERH  ERZ  ID
 6151 2021- 8-20 15:34     # 55  3  162 42   5.00 1.30  0.0    4 57.8 48.2      6151
 6152 2021- 8-20 15:46     - 55 13  162 42   5.01 0.13  0.0    5  6.1 16.4      6152
 6153 2021- 8-20 16:27     - 54 42  163 31   4.94 0.06  0.0    4  6.6 12.3      6153
 6154 2021- 8-20 16:34     - 54 26  163  6   5.11 0.04  0.0    4  9.8 11.7      6154
 *** DISTANCE & RESIDUAL WEIGHTING CANCELLED FOR EVENT: 2021  8 20 16 57
 6155 2021- 8-20 16:57     - 55 11  162 11   2.04 0.22  0.0    4  3.0 19.5      6155
 6156 2021- 8-20 17:31     - 55 42  163 36   4.46 0.09  0.0    4  6.1 13.4      6156
 6157 2021- 8-20 20:02     - 54 35  162 28  32.57 0.05  0.0    5 12.6  1.0      6157
 *** DISTANCE & RESIDUAL WEIGHTING CANCELLED FOR EVENT: 2021  8 20 20 19
 6158 2021- 8-20 20:18     # 55 22  161 49   2.52 2.00  0.0    4 13.6 38.6      6158
 6159 2021- 8-20 21:55     - 55 22  158 58   5.00 0.31  0.0    8 26.0 26.6      6159
 6160 2021- 8-20 21:55     - 55 19  160 10   5.01 0.31  0.0    6 25.0 28.3      6160
 6161 2021- 8-20 23:49     - 55 15  161  8   5.25 0.32  0.0   12 11.1 24.5      6161
 *** DISTANCE & RESIDUAL WEIGHTING CANCELLED FOR EVENT: 2021  8 20 23 49
 6162 2021- 8-20 23:49     - 54 59  162  6   4.93 0.67  0.0    4 42.3 38.0      6162
 *** DISTANCE & RESIDUAL WEIGHTING CANCELLED FOR EVENT: 2021  8 21  3 40
 6163 2021- 8-21  3:40     - 55 18  162 44   5.88 0.29  0.0    4 11.6 24.8      6163
 6164 2021- 8-21  3:54       55 15  161 10  31.28 0.19  0.0   10  3.8  4.6      6164
 6165 2021- 8-21  3:55       55 19  162 19   4.58 0.14  0.0    4  0.9  2.2      6165
  SEQ ---DATE--- TIME REMARK -LAT-  --LON-  DEPTH  RMS PMAG  NUM  ERH  ERZ  ID
 6166 2021- 8-21  8:12     - 54 58  160 30   5.00 0.13  0.0    6 14.8 15.9      6166
 6167 2021- 8-21  8:45     - 55 18  160 27   5.00 0.19  0.0    9  8.4 18.5      6167
 6168 2021- 8-21  8:52     - 54 58  162 12  13.27 0.06  0.0    5  4.4 10.1      6168
 6169 2021- 8-21  8:52       54 57  162 14  17.94 0.02  0.0    5  3.3  5.2      6169
 6170 2021- 8-21 10:29     - 55  1  161 22   5.01 0.14  0.0    5 15.8 17.1      6170
 6171 2021- 8-21 10:29     - 54 57  161 21  68.04 0.21  0.0    5 17.5 11.5      6171
 6172 2021- 8-21 14:32     - 54 48  162 19   5.00 0.20  0.0    4 19.5 21.0      6172
 6173 2021- 8-21 14:32     - 54 54  162 19   2.63 0.12  0.0    4 10.9  7.5      6173
 6174 2021- 8-21 16:40     - 54 31  162 11  72.39 0.18  0.0    7 13.7  4.6      6174
 6175 2021- 8-21 16:56     - 55  8  161 53   7.40 0.04  0.0    4  9.9  8.0      6175
 6176 2021- 8-21 19:52     - 54 58  162 14   1.36 0.06  0.0    4  2.3 13.2      6176
 6177 2021- 8-22  0:05       54 57  162 14   6.19 0.10  0.0    5  1.9  1.6      6177
 *** DISTANCE & RESIDUAL WEIGHTING CANCELLED FOR EVENT: 2021  8 22  0  5
 6178 2021- 8-22  0:05     - 54 32  162 33   5.00 0.61  0.0    5 44.6 46.8      6178
 *** DISTANCE & RESIDUAL WEIGHTING CANCELLED FOR EVENT: 2021  8 22  1  5
 6179 2021- 8-22  1:05     # 55  9  162  2   3.75 0.68  0.0    4  4.2  6.3      6179
 *** DISTANCE & RESIDUAL WEIGHTING CANCELLED FOR EVENT: 2021  8 22  1 46
 6180 2021- 8-22  1:46     - 55 14  161 49   8.93 0.20  0.0    4 10.1 13.8      6180
  SEQ ---DATE--- TIME REMARK -LAT-  --LON-  DEPTH  RMS PMAG  NUM  ERH  ERZ  ID
 6181 2021- 8-22  2:19     - 54 58  162 23   7.11 0.01  0.0    4  9.2  6.8      6181
 *** DISTANCE & RESIDUAL WEIGHTING CANCELLED FOR EVENT: 2021  8 22  2 19
 6182 2021- 8-22  2:19     - 54 58  162 23   5.97 0.73  0.0    5 46.5  5.1      6182
 6183 2021- 8-22  6:42       55  8  161 36  19.52 0.11  0.0    6  5.3  3.1      6183
 6184 2021- 8-22  6:42     - 54 54  161 44   6.69 0.15  0.0    4  1.9 17.7      6184
 6185 2021- 8-22  7:51     - 55 29  163 16   4.78 0.11  0.0    4  6.4 13.8      6185
 *** DISTANCE & RESIDUAL WEIGHTING CANCELLED FOR EVENT: 2021  8 22  8  0
 6186 2021- 8-22  7:59     - 55 27  162 31   5.00 1.02  0.0    4 19.4 85.7      6186
 *** DISTANCE & RESIDUAL WEIGHTING CANCELLED FOR EVENT: 2021  8 22  9 53
 6187 2021- 8-22  9:53     - 55  2  163 24   5.00 0.80  0.0    5 28.3 61.4      6187
 *** DISTANCE & RESIDUAL WEIGHTING CANCELLED FOR EVENT: 2021  8 22  9 53
 6188 2021- 8-22  9:53     - 55 30  163 17   4.83 0.28  0.0    4 10.8 23.3      6188
 *** DISTANCE & RESIDUAL WEIGHTING CANCELLED FOR EVENT: 2021  8 22 11 47
 6189 2021- 8-22 11:47     # 54 59  162 19   5.01 2.75  0.0    7 30.6 12.7      6189
 *** DISTANCE & RESIDUAL WEIGHTING CANCELLED FOR EVENT: 2021  8 22 13 44
 6190 2021- 8-22 13:44     - 54 60  162 20   2.42 0.41  0.0    4 30.6 11.2      6190
 6191 2021- 8-22 14:42     # 55 42  160 14  10.47 0.44  0.0    6 11.7  5.2      6191
 6192 2021- 8-22 18:25     - 54 53  160 57  16.79 0.23  0.0   11 19.2 22.6      6192
 6193 2021- 8-22 18:25     - 54 52  160 39  25.26 0.18  0.0    8 17.9  4.3      6193
 6194 2021- 8-22 18:47     - 55  8  162  1   7.05 0.09  0.0    5  2.4 14.6      6194
 6195 2021- 8-22 20:51     - 54 49  160 58  32.15 0.24  0.0   10 20.2 23.7      6195
  SEQ ---DATE--- TIME REMARK -LAT-  --LON-  DEPTH  RMS PMAG  NUM  ERH  ERZ  ID
 6196 2021- 8-22 20:51     - 54 44  160 51  31.87 0.15  0.0    8 12.3 17.3      6196
 6197 2021- 8-23  7:18     - 55 24  161 13   4.19 0.15  0.0    5  7.7 15.6      6197
 6198 2021- 8-23  7:18     - 55 56  161 48   3.17 0.18  0.0    4 15.2 11.6      6198
 6199 2021- 8-23  7:21       55 24  161 26  24.10 0.09  0.0    5  6.6  6.0      6199
 6200 2021- 8-23 10:56     - 54 27  163  7   0.55 0.22  0.0   12  9.3 20.3      6200
 6201 2021- 8-23 10:56     - 55  5  162 38   5.27 0.28  0.0    5 23.7 25.6      6201
 6202 2021- 8-23 12:22       55 19  161 52  18.52 0.05  0.0    7  2.4  1.2      6202
 6203 2021- 8-23 13:15     - 55 35  161 44   2.13 0.09  0.0    4  1.3 14.2      6203
 6204 2021- 8-23 15:37     # 54 55  162 12   0.93 0.10  0.0   12  0.6  2.0      6204
 6205 2021- 8-23 17:01     - 54 44  163  6  45.57 0.04  0.0    5  8.6  9.7      6205
 6206 2021- 8-23 18:02     - 54 37  161 24   4.93 0.15  0.0   14  6.1 12.9      6206
 6207 2021- 8-23 18:24     - 55 25  161 21   0.83 0.11  0.0    5  2.9 15.3      6207
 *** DISTANCE & RESIDUAL WEIGHTING CANCELLED FOR EVENT: 2021  8 23 18 25
 6208 2021- 8-23 18:25     - 55  7  161 13  18.49 0.17  0.0    4 16.3 10.9      6208
 6209 2021- 8-23 18:53     - 54 59  161 33  22.77 0.19  0.0    8 16.2  4.4      6209
 6210 2021- 8-23 18:53     - 54 43  161 16  33.66 0.40  0.0    6 29.7 34.7      6210
 *** DISTANCE & RESIDUAL WEIGHTING CANCELLED FOR EVENT: 2021  8 23 19 30
  SEQ ---DATE--- TIME REMARK -LAT-  --LON-  DEPTH  RMS PMAG  NUM  ERH  ERZ  ID
 6211 2021- 8-23 19:30     - 55 16  161  8   5.00 0.74  0.0    4 25.6 56.8      6211
 *** DISTANCE & RESIDUAL WEIGHTING CANCELLED FOR EVENT: 2021  8 23 22 11
 6212 2021- 8-23 22:11     - 55 54  161 13   5.02 0.35  0.0    4 14.5 29.1      6212
 *** DISTANCE & RESIDUAL WEIGHTING CANCELLED FOR EVENT: 2021  8 24  0 39
 6213 2021- 8-24  0:38     - 54 55  162 22  13.02 3.03  0.0    5 98.0 20.3      6213
 6214 2021- 8-24  0:52     - 55  6  161 49  13.06 0.26  0.0    5 15.2  8.7      6214
 6215 2021- 8-24  0:52       55  9  161 55  16.54 0.12  0.0    7  1.5  2.2      6215
 6216 2021- 8-24  0:59       54 55  162 13   4.38 0.03  0.0    7  0.9  1.5      6216
 6217 2021- 8-24  2:45     - 55 11  163 16   7.40 0.25  0.0    5  3.1 24.1      6217
 6218 2021- 8-24  2:45     - 54 35  162 22   5.01 0.17  0.0    4 16.0 16.7      6218
 6219 2021- 8-24  3:32     - 55 10  161 13   5.02 0.32  0.0    6 23.6 29.2      6219
 6220 2021- 8-24  3:32     - 54 51  160 43   5.01 0.10  0.0    5 12.1 15.0      6220
 6221 2021- 8-24  3:56     - 55 14  162  0   1.88 0.03  0.0    4  1.0  9.5      6221
 6222 2021- 8-24  8:58     - 55 13  161 32   9.61 0.04  0.0    5  9.2  5.7      6222
 6223 2021- 8-24  8:58     - 54 46  159 54   4.99 0.35  0.0    7 27.9 30.5      6223
 6224 2021- 8-24  9:34     - 55  6  161  9   5.02 0.06  0.0    4 11.1 13.5      6224
 6225 2021- 8-24  9:34     - 55  3  160 15   4.66 0.20  0.0    6 16.5 10.8      6225
  SEQ ---DATE--- TIME REMARK -LAT-  --LON-  DEPTH  RMS PMAG  NUM  ERH  ERZ  ID
 6226 2021- 8-24  9:44     - 55 27  160 40   6.52 0.13  0.0    6  5.4 16.8      6226
 6227 2021- 8-24 11:52     - 54 26  161 33   5.23 0.13  0.0    5  6.9 15.1      6227
 *** DISTANCE & RESIDUAL WEIGHTING CANCELLED FOR EVENT: 2021  8 24 11 54
 6228 2021- 8-24 11:53     - 55  6  163 17   3.68 0.28  0.0    5 11.0 23.9      6228
 6229 2021- 8-24 12:23     - 54 47  163  1   4.80 0.36  0.0   12 13.5 29.2      6229
 6230 2021- 8-24 12:31       54 59  161 38  22.84 0.17  0.0   10  2.6  3.0      6230
 6231 2021- 8-24 12:32     - 55 14  161 59   6.52 0.62  0.0    6  6.5 53.2      6231
 6232 2021- 8-24 12:32     - 55 27  162 11   2.93 0.05  0.0    4  1.5  9.9      6232
 6233 2021- 8-24 12:36       55 16  161 29  22.83 0.04  0.0    5  4.1  3.5      6233
 *** DISTANCE & RESIDUAL WEIGHTING CANCELLED FOR EVENT: 2021  8 24 12 43
 6234 2021- 8-24 12:43     # 55 16  162 13   4.97 0.25  0.0    4 10.4  2.1      6234
 6235 2021- 8-24 13:21     # 55 17  161 48   2.42 0.31  0.0    4  4.4  7.9      6235
 *** DISTANCE & RESIDUAL WEIGHTING CANCELLED FOR EVENT: 2021  8 24 14 26
 6236 2021- 8-24 14:25     # 55 28  161 38  13.89 1.56  0.0    5 77.6 39.4      6236
 6237 2021- 8-24 14:26     - 55  8  161 13  16.23 0.13  0.0    6 11.7  1.0      6237
 6238 2021- 8-24 16:36     - 55  0  161 14  25.86 0.25  0.0    8 19.2  8.6      6238
 6239 2021- 8-24 16:36     - 54 50  161 13   9.49 0.23  0.0    5 14.3 17.0      6239
 6240 2021- 8-24 16:44     - 55 18  162 11   4.10 0.60  0.0    4 44.3 21.2      6240
 *** DISTANCE & RESIDUAL WEIGHTING CANCELLED FOR EVENT: 2021  8 24 16 44
  SEQ ---DATE--- TIME REMARK -LAT-  --LON-  DEPTH  RMS PMAG  NUM  ERH  ERZ  ID
 6241 2021- 8-24 16:44     - 55  6  162 52   5.01 1.95  0.0    4 95.5 95.5      6241
 6242 2021- 8-24 17:29       54 41  161 43  30.02 0.01  0.0    4  2.7  6.8      6242
 6243 2021- 8-24 17:48     - 54 54  160 16   1.39 0.04  0.0    4  9.4  7.2      6243
 *** DISTANCE & RESIDUAL WEIGHTING CANCELLED FOR EVENT: 2021  8 24 19 50
 6244 2021- 8-24 19:50     # 54 59  162 22  12.16 0.71  0.0    9  5.8  8.2      6244
 6245 2021- 8-24 20:11     - 55 20  161 30   0.50 0.29  0.0    6  2.2 25.8      6245
 6246 2021- 8-24 20:16     - 55 11  160 54  73.21 0.40  0.0    4 35.3 10.9      6246
 6247 2021- 8-24 20:27     - 55 20  162  3   0.26 0.18  0.0    5  1.8 14.8      6247
 6248 2021- 8-24 20:33     - 55  2  162 23   1.66 0.04  0.0    4  5.4 11.7      6248
 *** DISTANCE & RESIDUAL WEIGHTING CANCELLED FOR EVENT: 2021  8 24 20 50
 6249 2021- 8-24 20:50     - 55 40  161 48   7.68 1.73  0.0    4 21.9 98.5      6249
 6250 2021- 8-24 20:56     - 55 23  161 58  13.28 0.05  0.0    4  5.1 10.0      6250
 6251 2021- 8-24 21:02     - 54 59  161 23   5.05 0.07  0.0    4  5.8 12.4      6251
 6252 2021- 8-24 22:28     - 55 12  161  2   4.99 0.28  0.0    8 19.4 26.1      6252
 6253 2021- 8-24 22:28     - 54 56  160 11   5.77 0.10  0.0    8 11.1  7.6      6253
 *** DISTANCE & RESIDUAL WEIGHTING CANCELLED FOR EVENT: 2021  8 25  0  0
 6254 2021- 8-24 23:59     # 55 16  162  3   5.00 1.19  0.0    4 13.0  9.5      6254
 6255 2021- 8-25  0:32     - 54 51  162 55   7.33 0.01  0.0    4  3.6 12.5      6255
  SEQ ---DATE--- TIME REMARK -LAT-  --LON-  DEPTH  RMS PMAG  NUM  ERH  ERZ  ID
 6256 2021- 8-25  1:31     - 55 18  160 52  32.31 0.20  0.0   10 17.7  1.3      6256
 *** DISTANCE & RESIDUAL WEIGHTING CANCELLED FOR EVENT: 2021  8 25  1 32
 6257 2021- 8-25  1:32     - 55 29  161 55   4.74 0.12  0.0    4  1.7 15.7      6257
 6258 2021- 8-25  1:32     - 55 11  161 11   5.06 0.03  0.0    4  9.8 12.7      6258
 6259 2021- 8-25  2:11       55 28  161 44  14.26 0.00  0.0    4  2.2  3.0      6259
 6260 2021- 8-25  2:17       55 20  161 43  10.13 0.03  0.0    5  8.1  0.7      6260
 *** DISTANCE & RESIDUAL WEIGHTING CANCELLED FOR EVENT: 2021  8 25  2 24
 6261 2021- 8-25  2:24     - 55 32  161 37   5.00 0.28  0.0    4 21.6  4.5      6261
 *** DISTANCE & RESIDUAL WEIGHTING CANCELLED FOR EVENT: 2021  8 25  2 40
 6262 2021- 8-25  2:40     # 55 25  161 57   1.18 0.26  0.0    4  2.8 15.1      6262
 6263 2021- 8-25  3:51     - 55 17  161 39   4.34 0.03  0.0    4 12.2  2.6      6263
 6264 2021- 8-25  4:08       55 15  161 51  12.94 0.00  0.0    4  3.5  2.0      6264
 6265 2021- 8-25  4:42       55  1  161 40   2.43 0.00  0.0    4  5.1  5.4      6265
 6266 2021- 8-25  4:55     # 55 26  161 59   0.04 0.57  0.0    5  8.7  5.0      6266
 6267 2021- 8-25  5:03     - 55 27  161 51   2.50 0.09  0.0    5  1.1 10.8      6267
 *** DISTANCE & RESIDUAL WEIGHTING CANCELLED FOR EVENT: 2021  8 25  5 22
 6268 2021- 8-25  5:22     - 55  7  162  1   5.00 0.56  0.0    4 20.3 43.9      6268
 6269 2021- 8-25  5:34     - 55 29  161 54  14.55 0.07  0.0    5  8.6  9.1      6269
 6270 2021- 8-25  5:41     - 54 48  160 59   5.01 0.09  0.0    5 13.7 14.5      6270
  SEQ ---DATE--- TIME REMARK -LAT-  --LON-  DEPTH  RMS PMAG  NUM  ERH  ERZ  ID
 6271 2021- 8-25  5:41     - 54 49  161  9  17.04 0.16  0.0    5 12.2 18.0      6271
 6272 2021- 8-25  6:15     - 55 36  160 23   4.99 0.52  0.0   10 18.3 40.2      6272
 6273 2021- 8-25  6:44     - 55 23  162  7   5.78 0.02  0.0    4  5.2 11.3      6273
 *** DISTANCE & RESIDUAL WEIGHTING CANCELLED FOR EVENT: 2021  8 25  6 54
 6274 2021- 8-25  6:54     - 55 21  161 53  44.48 0.23  0.0    4 23.0  3.1      6274
 6275 2021- 8-25  7:36     - 54 40  161 25   4.71 0.17  0.0   14  6.9 14.1      6275
 *** DISTANCE & RESIDUAL WEIGHTING CANCELLED FOR EVENT: 2021  8 25  7 51
 6276 2021- 8-25  7:51     - 55 20  161 49   1.23 0.66  0.0    5 21.1 37.9      6276
 6277 2021- 8-25  7:51     - 55 33  162 10   0.30 0.38  0.0    4 14.5 30.5      6277
 6278 2021- 8-25  7:59     - 55 25  161 57  15.90 0.08  0.0    5  2.6 10.6      6278
 6279 2021- 8-25  8:00     - 55 33  162 11   0.01 0.25  0.0    4 10.4 22.4      6279
 6280 2021- 8-25  8:04     - 55 16  161 37   4.27 0.00  0.0    4 10.9  2.0      6280
 6281 2021- 8-25  8:09       55 26  161 52  42.92 0.20  0.0    6  4.5  2.5      6281
 6282 2021- 8-25  8:28     - 55 24  161 54   0.07 0.15  0.0    6  0.7 12.9      6282
 6283 2021- 8-25  8:34     - 55 44  160 40   4.82 0.19  0.0    7  8.4 18.4      6283
 6284 2021- 8-25  9:37     - 55 14  161 21   5.02 0.16  0.0    6 11.3 18.5      6284
 6285 2021- 8-25  9:37     - 55 22  160 33   5.07 0.11  0.0    7  8.4 15.6      6285
  SEQ ---DATE--- TIME REMARK -LAT-  --LON-  DEPTH  RMS PMAG  NUM  ERH  ERZ  ID
 6286 2021- 8-25 10:00     - 54 57  161 26  32.52 0.07  0.0    5 10.9  0.9      6286
 *** DISTANCE & RESIDUAL WEIGHTING CANCELLED FOR EVENT: 2021  8 25 10  0
 6287 2021- 8-25 10:00     - 54 51  161 13  56.82 0.51  0.0    6 37.7 17.3      6287
 6288 2021- 8-25 10:18     - 54 59  162 29  30.07 0.01  0.0    5  7.7  8.9      6288
 6289 2021- 8-25 11:42     - 55 27  161 48   0.97 0.02  0.0    5  0.9 12.6      6289
 *** DISTANCE & RESIDUAL WEIGHTING CANCELLED FOR EVENT: 2021  8 25 11 49
 6290 2021- 8-25 11:49     - 55 26  161 46   4.83 0.43  0.0    4 16.3 29.2      6290
 *** DISTANCE & RESIDUAL WEIGHTING CANCELLED FOR EVENT: 2021  8 25 11 59
 6291 2021- 8-25 11:59     # 55 20  161 50   4.99 0.79  0.0    4 20.8 15.0      6291
 *** DISTANCE & RESIDUAL WEIGHTING CANCELLED FOR EVENT: 2021  8 25 12  0
 6292 2021- 8-25 11:59     - 55  4  160 52   5.02 0.33  0.0    4 21.8 30.2      6292
 6293 2021- 8-25 12:06     - 55  5  162 44   4.92 0.09  0.0    5  6.1 13.3      6293
 *** DISTANCE & RESIDUAL WEIGHTING CANCELLED FOR EVENT: 2021  8 25 12  7
 6294 2021- 8-25 12:07     # 54 44  161 10  11.95 0.63  0.0    6 23.8  8.8      6294
 *** DISTANCE & RESIDUAL WEIGHTING CANCELLED FOR EVENT: 2021  8 25 12 23
 6295 2021- 8-25 12:23     - 55 19  161 54   1.23 1.35  0.0    4 94.2 45.7      6295
 6296 2021- 8-25 13:40     - 54 36  162  2   4.90 0.08  0.0    7  5.5 11.9      6296
 6297 2021- 8-25 14:46     - 54 40  161 25   5.02 0.19  0.0   13  7.1 14.5      6297
 *** DISTANCE & RESIDUAL WEIGHTING CANCELLED FOR EVENT: 2021  8 25 16  0
 6298 2021- 8-25 15:59     # 55 22  162 17  16.33 0.48  0.0    5  6.9 22.6      6298
 6299 2021- 8-25 16:13       55 20  161 44  11.64 0.00  0.0    4  2.1  1.5      6299
 *** DISTANCE & RESIDUAL WEIGHTING CANCELLED FOR EVENT: 2021  8 25 16 23
 6300 2021- 8-25 16:23     - 55  1  161 33   5.01 0.35  0.0    4 22.8 31.5      6300
  SEQ ---DATE--- TIME REMARK -LAT-  --LON-  DEPTH  RMS PMAG  NUM  ERH  ERZ  ID
 6301 2021- 8-25 16:51       55 21  162  9   5.00 0.14  0.0    4  2.4  4.5      6301
 6302 2021- 8-25 17:32     - 55 20  161 44  31.17 0.07  0.0    4 14.0  1.5      6302
 6303 2021- 8-25 17:35     - 55 23  161 11  29.08 0.16  0.0    5 16.0  8.2      6303
 6304 2021- 8-25 18:51     - 54 59  161 28  24.92 0.22  0.0    8 16.2  6.7      6304
 6305 2021- 8-25 18:51     - 54 39  160 43  30.54 0.35  0.0   10 24.7 31.4      6305
 6306 2021- 8-25 18:52     - 54 39  160  4   4.62 0.10  0.0    8  8.7 12.4      6306
 6307 2021- 8-25 18:53     # 55 18  161 30   5.66 0.10  0.0    5  2.4  0.7      6307
 6308 2021- 8-25 18:57       55 14  161 37   5.02 0.02  0.0    5  4.6  1.7      6308
 6309 2021- 8-25 19:12     - 55 26  161 57   4.78 0.08  0.0    4  4.6  9.6      6309
 6310 2021- 8-25 19:34       55 27  161 53  11.61 0.00  0.0    4  2.2  5.0      6310
 *** DISTANCE & RESIDUAL WEIGHTING CANCELLED FOR EVENT: 2021  8 25 19 40
 6311 2021- 8-25 19:40     - 55 39  161 11   5.00 0.43  0.0    5 15.9 34.6      6311
 6312 2021- 8-25 19:56     - 54 39  161 26   5.20 0.19  0.0   16  7.0 14.6      6312
 6313 2021- 8-25 19:57     - 54 57  161  7   4.69 0.08  0.0    4  6.1 12.6      6313
 6314 2021- 8-25 19:57     - 54 50  160 38  32.99 0.24  0.0    7 21.2 23.5      6314
 6315 2021- 8-25 21:15     - 55 16  161 55  13.98 0.03  0.0    4  3.5 11.5      6315
  SEQ ---DATE--- TIME REMARK -LAT-  --LON-  DEPTH  RMS PMAG  NUM  ERH  ERZ  ID
 6316 2021- 8-25 21:47     - 55 11  161 27   6.94 0.19  0.0    6  5.3 19.7      6316
 6317 2021- 8-25 22:02     - 55 26  162 11   0.01 0.14  0.0    4  5.6 13.2      6317
 6318 2021- 8-25 22:07     - 54 59  159 40   3.77 0.17  0.0    8 13.3 12.4      6318
 *** DISTANCE & RESIDUAL WEIGHTING CANCELLED FOR EVENT: 2021  8 25 22  8
 6319 2021- 8-25 22:07     - 54 48  159  4   5.00 0.48  0.0    4 30.3 31.7      6319
 6320 2021- 8-25 22:08     - 56  2  162 14   4.99 0.18  0.0    4 17.3 19.4      6320
 *** DISTANCE & RESIDUAL WEIGHTING CANCELLED FOR EVENT: 2021  8 25 22  9
 6321 2021- 8-25 22:09     - 55 25  162 17   0.16 0.28  0.0    4  4.8 26.3      6321
 6322 2021- 8-25 22:54     - 54 44  161 23   4.94 0.06  0.0    5  5.6 12.2      6322
 6323 2021- 8-26  0:26     - 54 47  161  5  27.86 0.23  0.0    8 21.1  3.4      6323
 *** DISTANCE & RESIDUAL WEIGHTING CANCELLED FOR EVENT: 2021  8 26  0 26
 6324 2021- 8-26  0:26     # 55 18  161 48  14.03 0.95  0.0    6 11.2  6.1      6324
 6325 2021- 8-26  1:15     - 55 24  161 51   0.22 0.11  0.0    5  0.6 11.2      6325
 6326 2021- 8-26  1:22       55 25  161 44   4.79 0.10  0.0    7  1.0  0.6      6326
 6327 2021- 8-26  1:30     - 55 24  161 49   0.27 0.08  0.0    6  0.6 11.3      6327
 6328 2021- 8-26  1:44     - 55 12  161 48   8.10 0.08  0.0    4  9.1 10.2      6328
 6329 2021- 8-26  1:51     - 54 58  161 26  10.18 0.29  0.0    7 18.7 20.9      6329
 6330 2021- 8-26  1:51     - 54 47  160 54   5.04 0.34  0.0    4 27.3 30.0      6330
  SEQ ---DATE--- TIME REMARK -LAT-  --LON-  DEPTH  RMS PMAG  NUM  ERH  ERZ  ID
 6331 2021- 8-26  1:59     - 54 49  161 11  33.00 0.26  0.0    9 21.2 25.0      6331
 6332 2021- 8-26  1:59     - 54 57  161 13  17.96 0.10  0.0    4  9.6 11.1      6332
 6333 2021- 8-26  2:22       55 23  161 56  14.43 0.06  0.0    6  2.2  1.2      6333
 6334 2021- 8-26  2:26     - 54 54  162  5   8.55 0.10  0.0    4  4.4 13.9      6334
 6335 2021- 8-26  3:15     - 54 43  162 53   4.99 0.09  0.0    8  6.1 13.2      6335
 6336 2021- 8-26  4:40     - 55  5  162 60   5.00 0.03  0.0    4  3.8 12.1      6336
 6337 2021- 8-26  5:34     - 55  2  159 55   5.01 0.50  0.0    9 36.0 42.6      6337
 6338 2021- 8-26  5:34     - 55 23  161 57   4.99 0.09  0.0    4  8.7 11.5      6338
 6339 2021- 8-26  6:13     - 54 32  163 28   5.00 0.12  0.0    5  7.3 14.4      6339
 6340 2021- 8-26  8:26     - 55 24  161 49   0.32 0.11  0.0    6  0.6 11.1      6340
 6341 2021- 8-26  8:39     - 55 32  162 12   0.01 0.17  0.0    4  8.9 17.2      6341
 6342 2021- 8-26  8:49     - 54 37  161 45   4.17 0.18  0.0    6  8.2 16.7      6342
 *** DISTANCE & RESIDUAL WEIGHTING CANCELLED FOR EVENT: 2021  8 26  9  8
 6343 2021- 8-26  9:08     - 55 15  162 12   2.22 0.18  0.0    4 19.2 14.2      6343
 *** DISTANCE & RESIDUAL WEIGHTING CANCELLED FOR EVENT: 2021  8 26 10 38
 6344 2021- 8-26 10:38     - 55 16  161 47   5.14 0.91  0.0    4 32.1 59.3      6344
 6345 2021- 8-26 10:42     # 55 16  161 21   1.20 0.14  0.0    6  5.6  1.2      6345
 *** DISTANCE & RESIDUAL WEIGHTING CANCELLED FOR EVENT: 2021  8 26 11  0
  SEQ ---DATE--- TIME REMARK -LAT-  --LON-  DEPTH  RMS PMAG  NUM  ERH  ERZ  ID
 6346 2021- 8-26 11:00     - 55 35  160 24   5.00 1.44  0.0    5 98.9 98.9      6346
 *** DISTANCE & RESIDUAL WEIGHTING CANCELLED FOR EVENT: 2021  8 26 11  0
 6347 2021- 8-26 11:00     - 55 25  161 15   1.25 1.00  0.0    4 38.3 84.1      6347
 6348 2021- 8-26 12:16     - 55 16  161 14   5.00 0.07  0.0    4 10.4 13.6      6348
 6349 2021- 8-26 12:16     - 55 16  161  0   7.28 0.28  0.0    6  3.1 26.2      6349
 6350 2021- 8-26 13:57     - 55 33  161 18  52.42 0.20  0.0    8 14.0 11.3      6350
 6351 2021- 8-26 13:56     - 55 52  158 60   5.00 0.29  0.0    7 19.5 20.5      6351
 6352 2021- 8-26 14:47     - 55 14  162 21   0.36 0.13  0.0    7  1.5 13.8      6352
 6353 2021- 8-26 15:06     - 55 11  160 53   5.51 0.33  0.0   13 12.7 26.2      6353
 *** DISTANCE & RESIDUAL WEIGHTING CANCELLED FOR EVENT: 2021  8 26 15  7
 6354 2021- 8-26 15:06     - 55 49  161 18   4.67 0.36  0.0    4 13.5 29.4      6354
 6355 2021- 8-26 16:27     - 54 40  160 54  32.75 0.22  0.0   10 20.3 21.9      6355
 6356 2021- 8-26 16:27     - 54 15  160 15   5.84 0.96  0.0    9 56.0 48.7      6356
 6357 2021- 8-26 16:46     - 54 31  162 48  30.76 0.12  0.0    6 13.3  8.9      6357
 6358 2021- 8-26 16:48     - 55 26  161 56   5.08 0.08  0.0    4  6.0 12.3      6358
 *** DISTANCE & RESIDUAL WEIGHTING CANCELLED FOR EVENT: 2021  8 26 17 39
 6359 2021- 8-26 17:39     - 55 16  160 49   5.02 0.39  0.0    5 29.3 34.5      6359
 6360 2021- 8-26 19:22     - 55 20  163  6   4.59 0.11  0.0    4  6.6 14.2      6360
  SEQ ---DATE--- TIME REMARK -LAT-  --LON-  DEPTH  RMS PMAG  NUM  ERH  ERZ  ID
 6361 2021- 8-26 20:14     - 55 20  160 27   5.01 0.33  0.0    8 23.4 30.5      6361
 6362 2021- 8-26 20:14     - 55 14  159 20   5.16 0.14  0.0   10 11.9 10.4      6362
 6363 2021- 8-26 20:26     - 54 28  163 13   5.16 0.14  0.0    6  7.8 15.8      6363
 6364 2021- 8-26 20:43     - 54 43  160 52  25.27 0.18  0.0   11 16.3  3.6      6364
 6365 2021- 8-26 20:43     - 54 47  161  2  33.03 0.35  0.0    9 17.8 31.4      6365
 6366 2021- 8-26 22:06     - 54 40  161 26   4.50 0.18  0.0   10  6.5 13.3      6366
 6367 2021- 8-27  0:25     - 54 31  162  3   4.77 0.13  0.0    6  6.7 14.5      6367
 6368 2021- 8-27  1:11       55 18  160 59  73.01 0.55  0.0    7 15.0 20.4      6368
 *** DISTANCE & RESIDUAL WEIGHTING CANCELLED FOR EVENT: 2021  8 27  1 19
 6369 2021- 8-27  1:19     # 55 20  162 13   8.92 2.36  0.0    5 15.1 74.1      6369
 *** DISTANCE & RESIDUAL WEIGHTING CANCELLED FOR EVENT: 2021  8 27  2 12
 6370 2021- 8-27  2:12     - 55 12  161 59   5.00 0.48  0.0    4 30.5 16.6      6370
 6371 2021- 8-27  2:11     - 55  9  160 27  58.92 0.20  0.0    8 19.5  5.5      6371
 6372 2021- 8-27  2:40     - 54 55  161 14  29.23 0.32  0.0   10 21.4 11.2      6372
 6373 2021- 8-27  2:40     - 54 45  160 54  33.12 0.30  0.0    9 17.4 27.7      6373
 6374 2021- 8-27  2:44     - 55 38  161 42  72.44 0.05  0.0    7  5.2 12.1      6374
 6375 2021- 8-27  2:44     - 55 35  162 15  50.76 0.18  0.0    6  6.1 16.2      6375
 *** DISTANCE & RESIDUAL WEIGHTING CANCELLED FOR EVENT: 2021  8 27  2 57
  SEQ ---DATE--- TIME REMARK -LAT-  --LON-  DEPTH  RMS PMAG  NUM  ERH  ERZ  ID
 6376 2021- 8-27  2:57     - 55 20  162  2   0.69 0.58  0.0    4 49.6 29.8      6376
 *** DISTANCE & RESIDUAL WEIGHTING CANCELLED FOR EVENT: 2021  8 27  3  5
 6377 2021- 8-27  3:05     # 55  8  161 36   5.02 0.33  0.0    5  4.6  5.4      6377
 *** DISTANCE & RESIDUAL WEIGHTING CANCELLED FOR EVENT: 2021  8 27  3 23
 6378 2021- 8-27  3:23     # 55 13  162  6   5.02 0.77  0.0    4 17.1 27.8      6378
 6379 2021- 8-27  3:34     - 54 39  161 11   5.34 0.17  0.0   18  6.6 13.7      6379
 6380 2021- 8-27  5:24     - 54 57  161 13  31.50 0.24  0.0   10 16.8  1.5      6380
 6381 2021- 8-27  5:24     - 54 40  160 31  13.21 0.22  0.0    9 15.4 22.2      6381
 6382 2021- 8-27  6:32     - 54 44  163 15  20.21 0.03  0.0    4  4.3 12.5      6382
 6383 2021- 8-27  6:55     - 55 14  161 50   7.79 0.22  0.0    4  8.7 15.9      6383
 *** DISTANCE & RESIDUAL WEIGHTING CANCELLED FOR EVENT: 2021  8 27  7 12
 6384 2021- 8-27  7:12     - 55 16  162 13   5.22 0.36  0.0    4 21.7 20.1      6384
 6385 2021- 8-27  7:51     - 55  1  160 29   5.02 0.16  0.0    6 17.2 18.4      6385
 6386 2021- 8-27  7:51     - 55  7  160 33  55.86 0.42  0.0   10 31.0  9.4      6386
 6387 2021- 8-27  7:56     - 54 48  162 57   2.64 0.83  0.0    6 29.3 63.9      6387
 6388 2021- 8-27  7:59     - 55 19  162  3   5.21 0.06  0.0    4  1.3 13.4      6388
 6389 2021- 8-27  9:40     - 55 11  160 47  49.66 0.17  0.0    9 16.7  7.2      6389
 6390 2021- 8-27  9:40     - 54 50  160 29  45.15 0.19  0.0    6 18.6 13.7      6390
  SEQ ---DATE--- TIME REMARK -LAT-  --LON-  DEPTH  RMS PMAG  NUM  ERH  ERZ  ID
 6391 2021- 8-27  9:40     - 55 28  161 54   4.72 0.14  0.0    4  2.6 15.9      6391
 6392 2021- 8-27 10:20       55 12  161 48   4.03 0.04  0.0    5  0.8  0.8      6392
 *** DISTANCE & RESIDUAL WEIGHTING CANCELLED FOR EVENT: 2021  8 27 10 20
 6393 2021- 8-27 10:20     # 55  9  161 58  17.10 1.45  0.0    6 10.1 15.2      6393
 6394 2021- 8-27 10:33     - 55  0  162 35  69.07 0.05  0.0    5  6.3 11.1      6394
 6395 2021- 8-27 11:33     - 55 15  161  1   6.71 0.04  0.0    4  1.7 13.0      6395
 6396 2021- 8-27 11:36     - 55 13  161  8   5.06 0.19  0.0    7 14.5 20.1      6396
 6397 2021- 8-27 11:37     - 54 55  161 18   5.33 0.12  0.0    5  6.8 14.1      6397
 6398 2021- 8-27 12:54     - 54 55  160 43  40.02 0.06  0.0    4  4.9 13.2      6398
 *** DISTANCE & RESIDUAL WEIGHTING CANCELLED FOR EVENT: 2021  8 27 13  2
 6399 2021- 8-27 13:02     # 55 24  161 50   2.57 0.00  0.0    4  0.7  1.1      6399
 *** DISTANCE & RESIDUAL WEIGHTING CANCELLED FOR EVENT: 2021  8 27 16  0
 6400 2021- 8-27 15:59     # 55 18  162  2   5.00 0.97  0.0    5  6.9 14.1      6400
 *** DISTANCE & RESIDUAL WEIGHTING CANCELLED FOR EVENT: 2021  8 27 16 24
 6401 2021- 8-27 16:24     - 55 17  162  5   0.51 0.39  0.0    4 20.9 32.5      6401
 6402 2021- 8-27 16:34     - 56 10  162 11   4.69 0.06  0.0    4 11.5 12.1      6402
 6403 2021- 8-27 17:08     - 55  6  160 40   5.03 0.24  0.0    7 22.1 23.2      6403
 6404 2021- 8-27 17:08     - 55 11  160 29  68.36 0.21  0.0    8 19.5  6.1      6404
 6405 2021- 8-27 20:22     - 54 53  161  3  29.56 0.15  0.0    8 15.8  1.9      6405
  SEQ ---DATE--- TIME REMARK -LAT-  --LON-  DEPTH  RMS PMAG  NUM  ERH  ERZ  ID
 6406 2021- 8-27 20:23       55  3  161 33  28.06 0.77  0.0    8 23.2 10.3      6406
 *** DISTANCE & RESIDUAL WEIGHTING CANCELLED FOR EVENT: 2021  8 27 21 55
 6407 2021- 8-27 21:55     - 55 58  160 34  19.90 3.95  0.0    4 99.0 33.1      6407
 6408 2021- 8-27 21:55     - 55 14  162  9   8.60 0.06  0.0    4  3.3 12.2      6408
 *** DISTANCE & RESIDUAL WEIGHTING CANCELLED FOR EVENT: 2021  8 28  0  0
 6409 2021- 8-27 23:59     # 55 16  162 11   5.05 0.43  0.0    4  5.6  7.1      6409
 6410 2021- 8-28  1:35     - 54 58  161 16  17.51 0.22  0.0    6 14.7 17.9      6410
 6411 2021- 8-28  1:35     - 55 11  161 56   2.22 0.16  0.0    4  3.5 17.5      6411
 6412 2021- 8-28  3:57       54 27  161 30   7.49 0.17  0.0   13  1.3  4.9      6412
 6413 2021- 8-28  5:24     - 54 56  161 13   5.00 0.13  0.0    6 15.0 16.7      6413
 6414 2021- 8-28  5:24     - 55  1  161 17   5.05 0.18  0.0    4 17.3 18.2      6414
 6415 2021- 8-28  5:36     - 54 55  162 54   6.37 0.26  0.0    7 10.8 22.2      6415
 *** DISTANCE & RESIDUAL WEIGHTING CANCELLED FOR EVENT: 2021  8 28  5 45
 6416 2021- 8-28  5:45     - 54 57  160 56   6.49 0.37  0.0    4 29.5 32.4      6416
 6417 2021- 8-28  7:59       55 16  161 53  11.98 0.40  0.0    7  2.8 13.9      6417
 *** DISTANCE & RESIDUAL WEIGHTING CANCELLED FOR EVENT: 2021  8 28  8  0
 6418 2021- 8-28  7:59     # 55 40  162 11   5.00 5.45  0.0    7 92.3 35.8      6418
 6419 2021- 8-28  8:06     - 55 15  161 38  13.20 0.12  0.0    4 16.2  2.4      6419
 *** DISTANCE & RESIDUAL WEIGHTING CANCELLED FOR EVENT: 2021  8 28  8 11
 6420 2021- 8-28  8:10     # 54 59  162 19   5.00 0.16  0.0    4  3.1  3.2      6420
 *** DISTANCE & RESIDUAL WEIGHTING CANCELLED FOR EVENT: 2021  8 28  8 16
  SEQ ---DATE--- TIME REMARK -LAT-  --LON-  DEPTH  RMS PMAG  NUM  ERH  ERZ  ID
 6421 2021- 8-28  8:16     - 55 47  162  6   0.29 0.58  0.0    4 49.6 30.8      6421
 *** DISTANCE & RESIDUAL WEIGHTING CANCELLED FOR EVENT: 2021  8 28 10 15
 6422 2021- 8-28 10:14     - 54 55  162 24  13.42 2.47  0.0    5 96.1 23.9      6422
 6423 2021- 8-28 10:27       55  7  160 22  10.09 0.17  0.0   17  1.0  0.8      6423
 6424 2021- 8-28 11:50     - 55 13  162 20   2.47 1.10  0.0    4 37.8 79.6      6424
 6425 2021- 8-28 11:52     - 55 15  162 21   1.26 0.12  0.0    6  1.7 11.6      6425
 6426 2021- 8-28 12:39     - 55 17  162 29  10.90 0.59  0.0    7 11.2 40.5      6426
 6427 2021- 8-28 12:49       55  7  160 21  10.91 0.18  0.0   15  1.7  2.0      6427
 6428 2021- 8-28 13:32     - 55 30  161 44   1.03 0.16  0.0    7  2.2 15.1      6428
 6429 2021- 8-28 13:48     - 55 32  163 59   4.98 0.06  0.0    5  9.3  9.5      6429
 *** DISTANCE & RESIDUAL WEIGHTING CANCELLED FOR EVENT: 2021  8 28 14  1
 6430 2021- 8-28 14:01     - 54 20  162 30   5.00 0.59  0.0    4 50.8 46.2      6430
 *** DISTANCE & RESIDUAL WEIGHTING CANCELLED FOR EVENT: 2021  8 28 16  0
 6431 2021- 8-28 15:59     # 55 24  162 20   5.00 1.08  0.0    6  9.6 10.1      6431
 6432 2021- 8-28 16:50     - 55 10  161 11   5.00 0.16  0.0    4 14.9 18.2      6432
 6433 2021- 8-28 16:50     - 55 59  162 14   4.73 0.17  0.0    6  7.8 16.7      6433
 *** DISTANCE & RESIDUAL WEIGHTING CANCELLED FOR EVENT: 2021  8 28 16 51
 6434 2021- 8-28 16:51     - 55 29  162 22   4.69 0.13  0.0    4  5.0 11.0      6434
 6435 2021- 8-28 17:11     - 54 54  163 11   5.27 0.08  0.0    4  6.2 12.6      6435
  SEQ ---DATE--- TIME REMARK -LAT-  --LON-  DEPTH  RMS PMAG  NUM  ERH  ERZ  ID
 6436 2021- 8-28 17:31     - 55 21  162  8   1.20 0.16  0.0    4 18.5 17.8      6436
 6437 2021- 8-28 18:20     - 54 53  160 50   4.97 0.33  0.0   18 10.5 22.2      6437
 6438 2021- 8-28 18:33     - 54 37  161 24   6.40 0.17  0.0   14  6.6 14.1      6438
 6439 2021- 8-28 18:37     - 54 55  161 15  26.24 0.24  0.0    9 19.9 10.2      6439
 6440 2021- 8-28 18:37     - 54 46  160 52   7.52 0.09  0.0    6 12.9 14.3      6440
 6441 2021- 8-28 18:38     - 54 48  161  5  32.65 0.26  0.0    9 22.2 24.9      6441
 6442 2021- 8-28 18:38     - 55  9  160 54   5.02 0.16  0.0    5 15.3 17.9      6442
 6443 2021- 8-28 18:55     - 54 51  161 10  27.04 0.21  0.0    9 19.1  3.1      6443
 6444 2021- 8-28 18:56     - 54 40  160 54   6.67 0.24  0.0    8 19.5  6.9      6444
 *** DISTANCE & RESIDUAL WEIGHTING CANCELLED FOR EVENT: 2021  8 28 19  0
 6445 2021- 8-28 19:00     - 54 57  161 30  15.92 0.48  0.0    5 34.0  9.0      6445
 6446 2021- 8-28 19:15     - 55 19  159  8   4.99 0.21  0.0   11 20.1 21.0      6446
 6447 2021- 8-28 19:16     - 55 24  161  2  12.19 0.12  0.0    4 12.9  4.2      6447
 6448 2021- 8-28 19:45     - 54 59  162 19  10.07 0.02  0.0    4  6.2  8.7      6448
 6449 2021- 8-28 19:45     - 54 59  162 16   5.80 0.11  0.0    4 11.3  9.9      6449
 6450 2021- 8-28 19:51     - 54 46  161  8  33.65 0.19  0.0    7  4.2 19.7      6450
  SEQ ---DATE--- TIME REMARK -LAT-  --LON-  DEPTH  RMS PMAG  NUM  ERH  ERZ  ID
 6451 2021- 8-28 19:51     - 55  0  161 13  44.05 0.06  0.0    6 10.9  4.2      6451
 *** DISTANCE & RESIDUAL WEIGHTING CANCELLED FOR EVENT: 2021  8 28 19 54
 6452 2021- 8-28 19:54     # 55 23  161 56  12.89 0.47  0.0    4 12.2  8.7      6452
 6453 2021- 8-28 20:01     - 54 53  161 12  18.95 0.24  0.0    8 18.3 16.5      6453
 *** DISTANCE & RESIDUAL WEIGHTING CANCELLED FOR EVENT: 2021  8 28 20  1
 6454 2021- 8-28 20:01     # 55  6  161 56   8.46 0.80  0.0    5 23.0 22.2      6454
 6455 2021- 8-28 20:08     - 54 20  162  9   4.66 0.06  0.0    4  5.7 12.3      6455
 6456 2021- 8-28 20:22     - 55 15  161 22  28.91 0.12  0.0    8  9.6  6.3      6456
 6457 2021- 8-28 21:55       55 19  161 18  32.41 0.17  0.0    9  2.2  0.9      6457
 6458 2021- 8-28 23:59     - 55 19  162 12   4.94 0.01  0.0    4  1.4 11.3      6458
 6459 2021- 8-29  0:05     - 55 32  160 27   4.87 0.44  0.0    9 16.0 34.3      6459
 6460 2021- 8-29  0:41     - 54 45  161  9  29.18 0.17  0.0   11 14.1  2.3      6460
 6461 2021- 8-29  0:41     - 54 36  160 49  35.92 0.30  0.0   10 21.8 23.6      6461
 6462 2021- 8-29  0:55     - 55 18  160 33   4.79 0.08  0.0    5  6.0 12.8      6462
 6463 2021- 8-29  1:04     - 54 54  161 23  30.06 0.18  0.0    7 17.5  6.0      6463
 6464 2021- 8-29  1:04       55  1  161 23  10.95 0.10  0.0    5  3.8 10.0      6464
 6465 2021- 8-29  1:16       55  7  160 22   9.73 0.17  0.0   19  1.1  0.8      6465
  SEQ ---DATE--- TIME REMARK -LAT-  --LON-  DEPTH  RMS PMAG  NUM  ERH  ERZ  ID
 6466 2021- 8-29  7:13     - 54 57  161 31  27.61 0.12  0.0    5 13.7  5.5      6466
 *** DISTANCE & RESIDUAL WEIGHTING CANCELLED FOR EVENT: 2021  8 29  8  0
 6467 2021- 8-29  7:59     - 55 22  162 17  11.29 0.20  0.0    4  3.4 16.1      6467
 6468 2021- 8-29  8:31       54 57  162 31  31.89 0.10  0.0    7  2.8  1.2      6468
 *** DISTANCE & RESIDUAL WEIGHTING CANCELLED FOR EVENT: 2021  8 29  8 37
 6469 2021- 8-29  8:36     # 54 60  162 41   2.49 0.48  0.0    4  6.9  4.0      6469
 6470 2021- 8-29 10:32     - 55 33  162 23   6.68 1.04  0.0    5  7.7 87.7      6470
 6471 2021- 8-29 10:46     - 54 38  161 25   6.36 0.17  0.0   13  6.8 13.9      6471
 6472 2021- 8-29 11:23     - 55  7  160 30   5.01 0.32  0.0   11 23.1 29.0      6472
 *** DISTANCE & RESIDUAL WEIGHTING CANCELLED FOR EVENT: 2021  8 29 11 24
 6473 2021- 8-29 11:23     - 54 48  158 58   5.00 0.67  0.0    4 41.4 43.4      6473
 6474 2021- 8-29 11:23     - 56  5  162 17   5.18 0.26  0.0    4 22.2 24.4      6474
 *** DISTANCE & RESIDUAL WEIGHTING CANCELLED FOR EVENT: 2021  8 29 12 20
 6475 2021- 8-29 12:20     - 55 27  161 31   1.58 0.52  0.0    4  8.5 39.8      6475
 6476 2021- 8-29 12:45     - 55 54  160 38   4.92 0.10  0.0    4 12.7  5.1      6476
 *** DISTANCE & RESIDUAL WEIGHTING CANCELLED FOR EVENT: 2021  8 29 12 54
 6477 2021- 8-29 12:54     - 55  4  161 43   1.87 0.33  0.0    4  3.8 25.3      6477
 6478 2021- 8-29 13:18     - 55  6  161  4   5.02 0.30  0.0    6 22.7 28.1      6478
 6479 2021- 8-29 13:18     - 55  1  160 25   6.51 0.86  0.0    6 66.6 19.9      6479
 6480 2021- 8-29 13:56       54 45  160 25   6.31 0.25  0.0   14  2.8  4.5      6480
  SEQ ---DATE--- TIME REMARK -LAT-  --LON-  DEPTH  RMS PMAG  NUM  ERH  ERZ  ID
 6481 2021- 8-29 14:01       54 19  160 51   0.74 0.17  0.0   11  3.7  3.0      6481
 6482 2021- 8-29 14:01     - 54 47  160 36   2.18 0.40  0.0    7 28.0 19.0      6482
 6483 2021- 8-29 14:07     - 54 59  162 17   8.62 0.03  0.0    5  5.4  7.9      6483
 6484 2021- 8-29 14:07     - 54 47  162 44  33.29 0.10  0.0    4 13.9  3.9      6484
 6485 2021- 8-29 14:14     - 54 58  161 17  19.68 0.11  0.0    6 14.3  6.2      6485
 6486 2021- 8-29 14:15     - 55 13  161 58   1.30 0.18  0.0    4  1.7 19.1      6486
 6487 2021- 8-29 15:03     - 54 55  161 31  16.97 0.13  0.0    5 15.8  1.4      6487
 6488 2021- 8-29 15:03     - 54 52  161 23  18.85 0.01  0.0    4  8.1  5.5      6488
 6489 2021- 8-29 15:04     - 54 41  160 31   4.62 0.12  0.0    4 12.7 10.0      6489
 *** DISTANCE & RESIDUAL WEIGHTING CANCELLED FOR EVENT: 2021  8 29 16  0
 6490 2021- 8-29 15:59     # 55 19  162 19   5.00 0.68  0.0    4 27.9 10.5      6490
 6491 2021- 8-29 16:23       55  8  161 53  12.91 0.19  0.0    9  1.8  2.1      6491
 6492 2021- 8-29 16:23     - 55 22  162 20   4.17 0.14  0.0    4 14.1  3.3      6492
 6493 2021- 8-29 17:16       55  2  160 33  10.35 0.17  0.0   12  1.1  0.8      6493
 6494 2021- 8-29 17:39     - 55  9  160 55   5.01 0.34  0.0   10 25.6 30.8      6494
 6495 2021- 8-29 17:39     - 56  2  162 15   5.02 0.30  0.0    5 22.8 27.9      6495
  SEQ ---DATE--- TIME REMARK -LAT-  --LON-  DEPTH  RMS PMAG  NUM  ERH  ERZ  ID
 6496 2021- 8-29 17:43     - 54 60  160 33   5.02 0.22  0.0   10 19.0 22.2      6496
 6497 2021- 8-29 17:43     - 56  7  162 17   5.00 0.33  0.0    5 26.3 29.5      6497
 6498 2021- 8-29 18:38     - 54 42  161 22   4.97 0.14  0.0    5  7.2 15.7      6498
 6499 2021- 8-29 18:49     - 55 12  161 41  12.74 0.04  0.0    4 10.3  7.2      6499
 *** DISTANCE & RESIDUAL WEIGHTING CANCELLED FOR EVENT: 2021  8 29 18 50
 6500 2021- 8-29 18:49     - 54 58  160 24   5.01 0.54  0.0    4 31.7 31.4      6500
 6501 2021- 8-29 18:50       55 19  161 60   2.33 0.01  0.0    4  0.5  3.2      6501
 6502 2021- 8-29 19:32     - 54 60  160 35   5.01 0.20  0.0   10 16.8 20.4      6502
 6503 2021- 8-29 19:32     - 56  7  162 18   5.00 0.29  0.0    5 24.0 26.2      6503
 6504 2021- 8-29 19:39     - 55 12  161 40  42.61 0.18  0.0    5  8.9 12.8      6504
 6505 2021- 8-29 20:27     - 54 56  160 33   5.02 0.32  0.0   10 24.9 29.1      6505
 6506 2021- 8-29 20:27     - 55 11  160  4   4.53 0.45  0.0    9 26.1 19.4      6506
 *** DISTANCE & RESIDUAL WEIGHTING CANCELLED FOR EVENT: 2021  8 30  1 18
 6507 2021- 8-30  1:18     - 55 32  162 21   5.01 0.80  0.0    4 16.5 57.8      6507
 6508 2021- 8-30 14:30     - 55 36  160 38   5.05 0.07  0.0    4  5.8 12.4      6508
 *** 3 PHASES CANT SOLVE SEQUENCE NO. 6509, ID NO.      6509
 *** ABANDON EVENT WITH ONLY 3 READINGS:2021  8 30 21 46
 *** 3 PHASES CANT SOLVE SEQUENCE NO. 6510, ID NO.      6510
 *** ABANDON EVENT WITH ONLY 3 READINGS:2021  8 31  2  9
 *** DISTANCE & RESIDUAL WEIGHTING CANCELLED FOR EVENT: 2021  8 31  4  0
  SEQ ---DATE--- TIME REMARK -LAT-  --LON-  DEPTH  RMS PMAG  NUM  ERH  ERZ  ID
 6511 2021- 8-31  4:00     # 55 32  162  5   5.01 0.55  0.0    4 13.2 28.5      6511
 *** DISTANCE & RESIDUAL WEIGHTING CANCELLED FOR EVENT: 2021  8 31 10  6
 6512 2021- 8-31 10:05     - 55 29  163  5   5.00 1.08  0.0    4 37.4 82.4      6512
 6513 2021- 8-31 13:47     - 54 56  163 15   5.10 0.38  0.0    5 14.3 31.2      6513
 6514 2021- 8-31 21:48     - 55 12  160 49  30.24 0.17  0.0    9 15.3  2.1      6514
 *** DISTANCE & RESIDUAL WEIGHTING CANCELLED FOR EVENT: 2021  8 31 21 48
 6515 2021- 8-31 21:48     - 55 11  160 26   5.06 0.84  0.0    5 52.6 70.3      6515
 6516 2021- 8-31 21:48     - 55 54  162 13   5.02 0.80  0.0    5 60.2 65.9      6516
 6517 2021- 8-31 22:16     - 55 11  161 10   5.00 0.30  0.0    9 19.6 27.7      6517
 6518 2021- 8-31 22:16     - 55  9  160 25  87.61 0.40  0.0    9 27.1 15.0      6518
 6519 2021- 8-31 22:55     - 55 14  160 58  46.70 0.17  0.0    8 15.5  6.8      6519
 6520 2021- 8-31 22:56     - 55 11  161 29   0.53 0.08  0.0    5  3.3 13.8      6520
 6521 2021- 8-31 23:17     - 54 19  162 37  35.55 0.31  0.0    4 25.0 23.4      6521
 6522 2021- 9- 1  0:14     - 55 18  160 41   5.06 0.20  0.0    5 18.2 19.4      6522
 6523 2021- 9- 1  0:49     - 54 56  161 24   5.01 0.07  0.0    4 11.0 13.7      6523
 6524 2021- 9- 1  0:50     - 54 46  161 23   5.01 0.25  0.0    4 21.4 24.0      6524
 *** DISTANCE & RESIDUAL WEIGHTING CANCELLED FOR EVENT: 2021  9  1  2 16
 6525 2021- 9- 1  2:15     - 55 48  162  2   5.00 2.21  0.0    6 41.5 89.9      6525
  SEQ ---DATE--- TIME REMARK -LAT-  --LON-  DEPTH  RMS PMAG  NUM  ERH  ERZ  ID
 6526 2021- 9- 1  2:48     - 55  9  163 22   4.85 0.50  0.0    7 18.7 38.3      6526
 6527 2021- 9- 1  2:49     - 55 20  162  2   0.58 0.64  0.0    6  1.9 39.7      6527
 *** DISTANCE & RESIDUAL WEIGHTING CANCELLED FOR EVENT: 2021  9  1  5  2
 6528 2021- 9- 1  5:02     # 55  9  162  2   2.50 0.35  0.0    4  4.8 21.3      6528
 6529 2021- 9- 1  5:20     - 54 34  161 26   4.09 0.18  0.0   13  7.9 16.8      6529
 6530 2021- 9- 1  6:21     - 55 16  162 11   5.71 0.08  0.0    6 12.3  1.4      6530
 6531 2021- 9- 1  6:54       55 14  161 13  37.00 0.16  0.0    9  4.2  4.3      6531
 *** DISTANCE & RESIDUAL WEIGHTING CANCELLED FOR EVENT: 2021  9  1  6 55
 6532 2021- 9- 1  6:55     # 55 18  161 41   1.11 0.63  0.0    4  5.9 35.6      6532
 6533 2021- 9- 1  7:11     - 55 37  160 21   4.52 0.30  0.0   14 11.2 24.3      6533
 6534 2021- 9- 1  9:04     - 54 52  161 23  27.39 0.17  0.0    7 16.6  7.4      6534
 6535 2021- 9- 1  9:05     - 55  3  161 10  14.89 0.06  0.0    4 10.0  1.5      6535
 6536 2021- 9- 1  9:45     - 55 26  162 58   5.25 0.48  0.0    9 10.0 41.7      6536
 6537 2021- 9- 1  9:45     - 55 20  162 33 110.00 0.16  0.0    8  3.5 12.8      6537
 6538 2021- 9- 1 13:17     - 55 13  160 33   5.01 0.12  0.0    6 15.1 16.0      6538
 6539 2021- 9- 1 13:17     - 54 43  160  8   4.97 0.37  0.0    7 29.1 32.6      6539
 6540 2021- 9- 1 14:25     - 55  2  161 12  14.55 0.19  0.0    5 13.7 12.3      6540
  SEQ ---DATE--- TIME REMARK -LAT-  --LON-  DEPTH  RMS PMAG  NUM  ERH  ERZ  ID
 6541 2021- 9- 1 14:25     - 55  6  161 40  22.06 0.08  0.0    4 12.1  5.3      6541
 6542 2021- 9- 1 14:33     - 55 17  161 40   6.18 0.00  0.0    4  8.9  0.9      6542
 6543 2021- 9- 1 16:05     - 54 36  161 24   5.02 0.16  0.0   11  6.7 14.1      6543
 *** DISTANCE & RESIDUAL WEIGHTING CANCELLED FOR EVENT: 2021  9  1 16 32
 6544 2021- 9- 1 16:32     # 55 43  161 57   5.00 1.97  0.0    4 74.0 47.0      6544
 6545 2021- 9- 1 17:27     - 55 42  161 20  57.97 0.16  0.0    5 13.1 17.3      6545
 *** DISTANCE & RESIDUAL WEIGHTING CANCELLED FOR EVENT: 2021  9  1 17 34
 6546 2021- 9- 1 17:34     - 55  0  163 22   5.00 1.22  0.0    4 89.5 91.1      6546
 6547 2021- 9- 1 17:56     - 55  7  161 18  57.77 0.12  0.0    4 14.2  8.4      6547
 6548 2021- 9- 1 17:56     - 54 58  160 42  33.99 0.19  0.0    7 15.7 18.3      6548
 6549 2021- 9- 1 19:53     - 55 17  163 16   1.70 0.19  0.0    7  8.6 18.2      6549
 6550 2021- 9- 1 23:47     - 54 42  160 59  27.71 0.16  0.0    9 17.1  3.3      6550
 6551 2021- 9- 1 23:47     - 54 33  160 58  36.56 0.34  0.0    8 21.7 21.2      6551
 *** DISTANCE & RESIDUAL WEIGHTING CANCELLED FOR EVENT: 2021  9  2  0 36
 6552 2021- 9- 2  0:36     - 55  4  161 18   5.00 0.46  0.0    4 31.5 39.9      6552
 6553 2021- 9- 2  0:58     - 54 55  161 11  19.33 0.13  0.0    7 15.4 11.8      6553
 6554 2021- 9- 2  0:58     - 54 39  160 58  33.23 0.31  0.0    4 25.7 27.8      6554
 6555 2021- 9- 2  3:26     - 54 37  161 18   5.00 0.19  0.0   10 15.0 20.2      6555
  SEQ ---DATE--- TIME REMARK -LAT-  --LON-  DEPTH  RMS PMAG  NUM  ERH  ERZ  ID
 6556 2021- 9- 2  3:26     - 54 24  161  4   8.67 0.22  0.0    9 15.9  2.9      6556
 *** DISTANCE & RESIDUAL WEIGHTING CANCELLED FOR EVENT: 2021  9  2  3 41
 6557 2021- 9- 2  3:41     - 55 38  161 21   0.40 0.46  0.0    4 21.8 40.6      6557
 6558 2021- 9- 2  4:28       55 20  161 47  17.82 0.00  0.0    4  3.3  1.4      6558
 6559 2021- 9- 2  4:56     - 55 15  161 23  21.82 0.06  0.0    5 10.0  4.4      6559
 *** DISTANCE & RESIDUAL WEIGHTING CANCELLED FOR EVENT: 2021  9  2  4 57
 6560 2021- 9- 2  4:57     - 55 15  162 52   4.87 0.86  0.0    4 28.6 61.0      6560
 6561 2021- 9- 2  5:10     - 54 41  160 60  38.02 0.27  0.0   10 20.2 17.1      6561
 6562 2021- 9- 2  5:10     - 54 33  160 30   2.47 0.22  0.0    9 15.3 12.6      6562
 6563 2021- 9- 2  8:07     - 54 57  161 20  21.39 0.27  0.0   10 18.0  9.5      6563
 6564 2021- 9- 2  8:07     - 54 19  160  6   2.36 0.21  0.0    8 14.6 12.5      6564
 6565 2021- 9- 2  8:08     - 54 51  161  1  19.65 0.21  0.0    9 16.2 14.7      6565
 6566 2021- 9- 2  8:09     - 54 50  161 13  36.91 0.20  0.0    7 17.0  4.1      6566
 *** DISTANCE & RESIDUAL WEIGHTING CANCELLED FOR EVENT: 2021  9  2  8 47
 6567 2021- 9- 2  8:46     - 54 48  161 17   5.00 0.68  0.0    5 26.1 51.5      6567
 6568 2021- 9- 2  9:19     - 55 15  161 55   1.99 0.33  0.0    5  2.6 26.3      6568
 6569 2021- 9- 2  9:19     - 54 45  161  5  33.30 0.23  0.0    5 19.1 22.2      6569
 6570 2021- 9- 2 10:03     - 54 55  163 38  18.03 0.47  0.0   12  4.7 40.7      6570
  SEQ ---DATE--- TIME REMARK -LAT-  --LON-  DEPTH  RMS PMAG  NUM  ERH  ERZ  ID
 6571 2021- 9- 2 10:18     - 54 54  161 22  26.69 0.24  0.0   10 17.9  7.4      6571
 6572 2021- 9- 2 10:18     - 54 48  161 15  27.32 0.18  0.0    7 15.0  5.6      6572
 6573 2021- 9- 2 11:09     - 55 11  161 18   5.01 0.09  0.0    4 13.8 14.2      6573
 6574 2021- 9- 2 11:09     - 54 54  161  7  29.99 0.14  0.0    6 15.7  1.5      6574
 6575 2021- 9- 2 12:09     - 54 58  162 15   1.56 0.01  0.0    4  2.9 12.2      6575
 *** DISTANCE & RESIDUAL WEIGHTING CANCELLED FOR EVENT: 2021  9  2 12  9
 *** ABANDON EVENT WITH ONLY 3 READINGS:2021  9  2 12  9
 6577 2021- 9- 2 12:56     - 55  4  161 14  14.27 0.13  0.0    5 13.3 11.4      6577
 *** DISTANCE & RESIDUAL WEIGHTING CANCELLED FOR EVENT: 2021  9  2 12 56
 6578 2021- 9- 2 12:56     - 54 48  161 12  29.52 0.89  0.0    5 65.2 10.2      6578
 6579 2021- 9- 2 16:02     - 54 40  160 50   4.87 0.21  0.0   19  8.0 17.1      6579
 6580 2021- 9- 2 16:53     - 55 14  163 22   0.17 0.68  0.0   10 24.3 49.6      6580
 6581 2021- 9- 2 16:57     - 55 14  163 22   0.01 0.76  0.0   11 26.4 54.2      6581
 6582 2021- 9- 2 17:50     - 54 53  161  8  29.20 0.24  0.0   10 19.4  2.7      6582
 6583 2021- 9- 2 17:50     - 55 12  161  5   5.11 0.11  0.0    5 12.8 15.4      6583
 *** DISTANCE & RESIDUAL WEIGHTING CANCELLED FOR EVENT: 2021  9  2 18  2
 6584 2021- 9- 2 18:01     - 55 57  161 10   4.45 0.44  0.0    4 16.2 35.0      6584
 6585 2021- 9- 2 18:07     - 55 11  163  7   6.97 0.50  0.0    9  2.7 43.3      6585
 *** DISTANCE & RESIDUAL WEIGHTING CANCELLED FOR EVENT: 2021  9  2 21 14
  SEQ ---DATE--- TIME REMARK -LAT-  --LON-  DEPTH  RMS PMAG  NUM  ERH  ERZ  ID
 6586 2021- 9- 2 21:14     - 55 17  162  3   0.60 0.34  0.0    4 31.3 23.6      6586
 *** DISTANCE & RESIDUAL WEIGHTING CANCELLED FOR EVENT: 2021  9  3  1 31
 6587 2021- 9- 3  1:30     # 55  7  161 39   8.71 0.39  0.0    4 21.2 14.7      6587
 6588 2021- 9- 3  3:25     - 55 20  162  5   4.75 0.08  0.0    4  7.7 11.8      6588
 6589 2021- 9- 3  3:48     - 54 28  162 12   4.49 0.06  0.0    6  5.7 12.3      6589
 6590 2021- 9- 3  3:56       54 53  162 11   0.04 0.15  0.0    9  3.0  2.3      6590
 *** DISTANCE & RESIDUAL WEIGHTING CANCELLED FOR EVENT: 2021  9  3  3 56
 6591 2021- 9- 3  3:56     - 54 36  162 10   5.03 0.22  0.0    4 19.5 20.8      6591
 6592 2021- 9- 3  6:19     - 54 39  162 37   4.96 0.22  0.0   11  9.3 20.1      6592
 6593 2021- 9- 3 10:19     - 55 40  161 39   3.51 0.05  0.0    4 11.0  6.1      6593
 6594 2021- 9- 3 10:22       55 25  161 53   5.55 0.00  0.0    4  0.9  4.9      6594
 *** DISTANCE & RESIDUAL WEIGHTING CANCELLED FOR EVENT: 2021  9  3 13 44
 6595 2021- 9- 3 13:43     # 55 18  161 57   5.00 1.56  0.0    5 37.9 43.1      6595
 6596 2021- 9- 3 13:44     - 55 14  163 20   2.59 0.40  0.0    8 15.6 31.0      6596
 6597 2021- 9- 3 13:44       54 29  161 22   9.14 0.17  0.0    9 10.0  3.1      6597
 *** DISTANCE & RESIDUAL WEIGHTING CANCELLED FOR EVENT: 2021  9  3 14 50
 6598 2021- 9- 3 14:50     - 55  7  160 46   5.03 0.23  0.0    4 19.8 20.8      6598
 6599 2021- 9- 3 15:46     - 54 56  162 15   0.04 0.12  0.0    5  1.8 15.5      6599
 6600 2021- 9- 3 15:55     - 55  6  160 26   5.47 0.20  0.0   12  8.4 18.3      6600
 *** DISTANCE & RESIDUAL WEIGHTING CANCELLED FOR EVENT: 2021  9  3 16  0
  SEQ ---DATE--- TIME REMARK -LAT-  --LON-  DEPTH  RMS PMAG  NUM  ERH  ERZ  ID
 6601 2021- 9- 3 15:59     # 55 18  162  4   5.00 0.49  0.0    4  4.9  6.4      6601
 6602 2021- 9- 3 16:04     - 55  2  161 12  15.61 0.20  0.0    7 17.3  1.8      6602
 6603 2021- 9- 3 16:04     - 54 39  160 43  36.42 0.53  0.0    8 26.7 34.7      6603
 6604 2021- 9- 3 16:06     - 54 52  161  4  29.32 0.26  0.0   11 20.0  2.9      6604
 6605 2021- 9- 3 16:06     - 54 43  160 44  36.02 0.38  0.0    9 18.2 26.6      6605
 6606 2021- 9- 3 16:47     - 55 26  162 49   5.29 0.33  0.0    4 13.4 26.9      6606
 6607 2021- 9- 3 16:46       54 26  161 24   6.26 0.17  0.0   10  9.4  9.6      6607
 6608 2021- 9- 3 16:47     - 54 59  161 39   5.08 0.07  0.0    4 12.0 12.7      6608
 6609 2021- 9- 3 16:48     - 55  3  160 55   5.00 0.15  0.0    6 16.0 16.3      6609
 6610 2021- 9- 3 16:48     - 54 56  161 16  17.47 0.26  0.0    6 22.3 24.3      6610
 6611 2021- 9- 3 16:52     - 55 24  161 39   0.02 0.40  0.0    4 22.8 34.3      6611
 6612 2021- 9- 3 16:52     - 55 22  161 29   1.12 0.11  0.0    4  9.6 12.4      6612
 6613 2021- 9- 3 16:58     - 55 12  163 32   3.37 0.48  0.0    5 18.1 37.7      6613
 6614 2021- 9- 3 17:31     - 55  2  161 27  25.59 0.18  0.0    6 15.1  4.7      6614
 6615 2021- 9- 3 17:31     # 54 51  160 20   3.99 0.35  0.0    7  6.0  7.3      6615
  SEQ ---DATE--- TIME REMARK -LAT-  --LON-  DEPTH  RMS PMAG  NUM  ERH  ERZ  ID
 6616 2021- 9- 3 18:36     - 54 43  161 54   4.61 0.22  0.0    8  8.0 16.6      6616
 *** DISTANCE & RESIDUAL WEIGHTING CANCELLED FOR EVENT: 2021  9  4  0  0
 6617 2021- 9- 3 23:59     # 55 22  162 22   5.00 0.72  0.0    5  9.5 13.4      6617
 6618 2021- 9- 4  0:46       55 13  161 32  16.92 0.13  0.0    6  3.8  6.1      6618
 *** DISTANCE & RESIDUAL WEIGHTING CANCELLED FOR EVENT: 2021  9  4  1 24
 6619 2021- 9- 4  1:24     # 55 11  162  3   5.00 1.26  0.0    6  9.4 11.7      6619
 6620 2021- 9- 4  1:38     - 54 53  161  0   5.00 0.12  0.0    4 12.9 15.7      6620
 6621 2021- 9- 4  1:39       55 21  161 45   4.39 0.00  0.0    4  1.0  1.1      6621
 6622 2021- 9- 4  2:35     - 55  4  162 49   4.88 0.08  0.0    8  5.8 12.3      6622
 6623 2021- 9- 4  2:54     - 55 27  161 28   6.54 0.06  0.0    5  1.4 13.4      6623
 6624 2021- 9- 4  4:02     - 55 23  161 53   0.14 0.31  0.0    6  2.2 21.9      6624
 6625 2021- 9- 4  4:02       55  7  163  7   0.31 0.72  0.0   10  5.5  8.0      6625
 6626 2021- 9- 4  4:02     - 54 55  161 33   7.79 0.31  0.0    7 18.8 25.6      6626
 6627 2021- 9- 4  4:03       54 57  161 53   3.05 0.20  0.0    7  2.1  2.4      6627
 6628 2021- 9- 4  4:05     # 55 27  161 46   5.15 0.14  0.0    5  2.9  5.4      6628
 *** DISTANCE & RESIDUAL WEIGHTING CANCELLED FOR EVENT: 2021  9  4  5 45
 6629 2021- 9- 4  5:45     # 55 20  161 50   9.53 0.46  0.0    6  4.2  3.6      6629
 6630 2021- 9- 4  7:25     - 55 15  161 37  17.39 0.08  0.0    4 14.0  1.5      6630
 *** DISTANCE & RESIDUAL WEIGHTING CANCELLED FOR EVENT: 2021  9  4 10  1
  SEQ ---DATE--- TIME REMARK -LAT-  --LON-  DEPTH  RMS PMAG  NUM  ERH  ERZ  ID
 6631 2021- 9- 4 10:01     - 55  7  162  6   5.00 0.30  0.0    4 16.5 21.9      6631
 6632 2021- 9- 4 10:23     - 55 12  163  1   4.78 0.02  0.0    4  4.5 10.5      6632
 6633 2021- 9- 4 10:30     - 55  4  160 60  24.76 0.28  0.0    9 22.9 13.6      6633
 6634 2021- 9- 4 10:30     - 55  4  160 33  32.49 0.14  0.0    8  9.4 17.1      6634
 6635 2021- 9- 4 10:52     - 55  4  161 10  25.87 0.13  0.0    8 14.9  6.0      6635
 6636 2021- 9- 4 10:52     - 55  4  160 33   5.01 0.25  0.0    8 20.6 23.6      6636
 6637 2021- 9- 4 11:41     - 54 54  162 11   5.22 0.10  0.0    4  9.4 10.8      6637
 6638 2021- 9- 4 13:31     - 55  9  161  4   1.82 0.20  0.0    4 19.0 20.5      6638
 6639 2021- 9- 4 13:31     - 55 12  161 24  24.29 0.07  0.0    4 10.6  2.9      6639
 6640 2021- 9- 4 14:05     - 55 13  161 41   4.91 0.33  0.0    4  8.6 28.6      6640
 6641 2021- 9- 4 16:00       55 21  161 49  16.37 0.06  0.0    7  1.5  0.8      6641
 6642 2021- 9- 4 16:02     - 55 11  161  5   4.43 0.14  0.0    6  6.5 14.5      6642
 6643 2021- 9- 4 16:02     - 55 25  161 11   4.93 0.20  0.0    4  8.5 18.6      6643
 6644 2021- 9- 4 16:19     - 54 50  161 12  26.55 0.21  0.0    9 17.4 11.4      6644
 6645 2021- 9- 4 16:19     - 55 53  162 50   4.12 0.04  0.0    4  4.6 12.1      6645
  SEQ ---DATE--- TIME REMARK -LAT-  --LON-  DEPTH  RMS PMAG  NUM  ERH  ERZ  ID
 6646 2021- 9- 4 16:25     - 55 17  161 59  14.24 0.03  0.0    4 12.7  2.2      6646
 6647 2021- 9- 4 18:54     - 55 11  162 31  35.36 0.36  0.0    6 16.4 16.9      6647
 6648 2021- 9- 4 19:32     # 55 23  162 15  12.21 1.35  0.0   10  5.4 41.3      6648
 6649 2021- 9- 4 19:33     # 55 13  161 49  10.75 0.05  0.0    7  3.9  1.5      6649
 6650 2021- 9- 4 21:22     - 54 39  163  7   2.61 0.12  0.0    5  7.7 14.4      6650
 *** DISTANCE & RESIDUAL WEIGHTING CANCELLED FOR EVENT: 2021  9  5  0  0
 6651 2021- 9- 4 23:59     - 55 17  162 21   5.05 0.52  0.0    4  6.6 44.6      6651
 *** DISTANCE & RESIDUAL WEIGHTING CANCELLED FOR EVENT: 2021  9  5  0 35
 6652 2021- 9- 5  0:35     - 55 20  161 41  18.86 0.02  0.0    4  8.4  5.0      6652
 6653 2021- 9- 5  2:23     - 55 21  161 53  16.84 0.12  0.0    5  5.7 13.8      6653
 *** DISTANCE & RESIDUAL WEIGHTING CANCELLED FOR EVENT: 2021  9  5  3 57
 6654 2021- 9- 5  3:57     # 55 22  161 59   5.00 1.13  0.0    4 10.7 45.5      6654
 6655 2021- 9- 5  5:07       55 24  162  0  25.31 0.06  0.0    6  2.3  6.6      6655
 6656 2021- 9- 5  7:59     - 55 29  162 48   3.53 0.55  0.0    5 16.3 37.7      6656
 6657 2021- 9- 5  8:05     - 55 22  161 33   8.70 0.05  0.0    4  9.2  8.5      6657
 6658 2021- 9- 5 12:29     - 55 49  161 22  17.25 0.14  0.0    7 13.9 16.9      6658
 *** DISTANCE & RESIDUAL WEIGHTING CANCELLED FOR EVENT: 2021  9  5 14 56
 6659 2021- 9- 5 14:56     # 55 29  161 32  39.08 0.51  0.0    7 10.2  7.0      6659
 *** DISTANCE & RESIDUAL WEIGHTING CANCELLED FOR EVENT: 2021  9  5 16  3
 6660 2021- 9- 5 16:02     - 54 29  162 28   5.00 0.84  0.0    4 71.1 64.7      6660
  SEQ ---DATE--- TIME REMARK -LAT-  --LON-  DEPTH  RMS PMAG  NUM  ERH  ERZ  ID
 6661 2021- 9- 5 16:42     - 55  1  161 37  26.91 0.20  0.0    7 14.3  5.9      6661
 6662 2021- 9- 5 16:42       54 55  161 34  20.06 0.15  0.0    8  7.0  2.7      6662
 6663 2021- 9- 5 17:12       54 41  160 46   8.38 0.19  0.0   15  1.3  1.2      6663
 6664 2021- 9- 5 17:46     - 55 24  161 55   0.22 0.06  0.0    4  1.1 11.5      6664
 6665 2021- 9- 5 18:03     - 55 12  162 32  12.38 0.05  0.0    4  4.1 13.0      6665
 6666 2021- 9- 5 18:15     - 55 13  159 59   6.44 0.09  0.0    6 12.6 14.2      6666
 6667 2021- 9- 5 20:11     - 55 12  162 16   3.03 0.01  0.0    4  2.6 11.6      6667
 6668 2021- 9- 5 22:48     - 54 55  162 50   4.52 0.03  0.0    5  5.3 11.6      6668
 *** DISTANCE & RESIDUAL WEIGHTING CANCELLED FOR EVENT: 2021  9  5 23 19
 6669 2021- 9- 5 23:19     - 55 35  163  9   4.45 0.16  0.0    4  7.6 16.4      6669
 6670 2021- 9- 5 23:59     - 55 26  162 15   5.02 0.08  0.0    4  1.5 14.1      6670
 6671 2021- 9- 6  1:52       55 16  161 32  18.48 0.08  0.0    6  3.2  2.0      6671
 6672 2021- 9- 6  2:34     - 54 56  162 42   5.56 0.15  0.0    4  7.1 16.0      6672
 6673 2021- 9- 6  2:34     - 54 28  161 22   5.11 0.17  0.0    5  7.0 17.0      6673
 6674 2021- 9- 6  3:21     - 55 34  162 13   0.62 0.51  0.0    4 26.8 27.7      6674
 *** DISTANCE & RESIDUAL WEIGHTING CANCELLED FOR EVENT: 2021  9  6  4 13
 6675 2021- 9- 6  4:13     - 55 20  162 22   5.00 0.84  0.0    4 29.2 50.1      6675
 *** DISTANCE & RESIDUAL WEIGHTING CANCELLED FOR EVENT: 2021  9  6  5  7
  SEQ ---DATE--- TIME REMARK -LAT-  --LON-  DEPTH  RMS PMAG  NUM  ERH  ERZ  ID
 6676 2021- 9- 6  5:07     # 55 11  161 51   4.99 0.29  0.0    4 14.2  5.3      6676
 6677 2021- 9- 6  5:54     - 54 51  162 58   4.75 0.04  0.0    4  5.3 11.8      6677
 6678 2021- 9- 6  5:54     - 54 25  161  8   3.72 0.12  0.0    8  6.3 14.2      6678
 6679 2021- 9- 6  5:55     - 55 18  161 46   0.12 0.06  0.0    5  2.5 10.8      6679
 6680 2021- 9- 6  7:59     - 55 17  162 11  56.43 0.20  0.0    7  5.3 15.8      6680
 6681 2021- 9- 6  8:16     - 54 46  160 21  12.91 0.17  0.0   19  7.8 15.8      6681
 6682 2021- 9- 6  8:35     - 55  4  163 36   4.46 0.38  0.0    4 14.6 30.9      6682
 6683 2021- 9- 6  8:35     - 54 44  161 22   2.87 0.15  0.0    5  9.3 15.1      6683
 6684 2021- 9- 6  9:31     - 54 31  162 55   4.85 0.04  0.0    6  5.4 11.8      6684
 *** DISTANCE & RESIDUAL WEIGHTING CANCELLED FOR EVENT: 2021  9  6 10 58
 6685 2021- 9- 6 10:58     - 54 48  162 22  11.54 1.62  0.0    4 98.5 42.7      6685
 6686 2021- 9- 6 12:07     - 55 46  162 17   5.18 0.29  0.0    4 10.0 22.9      6686
 6687 2021- 9- 6 12:34       54 49  160 54  72.93 0.05  0.0    9  4.1  4.4      6687
 6688 2021- 9- 6 13:52     - 54 37  161 25   3.78 0.13  0.0    6  6.7 13.1      6688
 *** DISTANCE & RESIDUAL WEIGHTING CANCELLED FOR EVENT: 2021  9  6 16  0
 6689 2021- 9- 6 15:59     - 55 26  162 37   5.00 0.60  0.0    5 19.1 51.1      6689
 *** DISTANCE & RESIDUAL WEIGHTING CANCELLED FOR EVENT: 2021  9  6 16 23
 6690 2021- 9- 6 16:23     - 55 33  162  2   7.59 0.50  0.0    5 10.4 42.6      6690
 *** DISTANCE & RESIDUAL WEIGHTING CANCELLED FOR EVENT: 2021  9  6 16 26
  SEQ ---DATE--- TIME REMARK -LAT-  --LON-  DEPTH  RMS PMAG  NUM  ERH  ERZ  ID
 6691 2021- 9- 6 16:25     - 55 23  163  8   5.00 0.97  0.0    4 34.6 73.6      6691
 6692 2021- 9- 6 17:28       54 55  162 13   3.82 0.09  0.0    8  2.2  1.3      6692
 6693 2021- 9- 6 17:28       54 56  162 15   3.93 0.00  0.0    4  2.7  4.4      6693
 6694 2021- 9- 6 19:24     - 54 57  161 28  24.54 0.17  0.0    8 15.8  5.7      6694
 6695 2021- 9- 6 19:24     - 54 44  161  2  17.64 0.22  0.0    8 16.4 22.1      6695
 *** DISTANCE & RESIDUAL WEIGHTING CANCELLED FOR EVENT: 2021  9  6 21 43
 6696 2021- 9- 6 21:43     - 54 44  162 47   5.00 2.16  0.0    4 42.0 89.7      6696
 6697 2021- 9- 6 21:53       55 12  161 18  34.06 0.16  0.0    9  9.6  3.7      6697
 6698 2021- 9- 6 21:53     - 56  3  162 23   4.92 0.20  0.0    5  8.6 18.5      6698
 *** DISTANCE & RESIDUAL WEIGHTING CANCELLED FOR EVENT: 2021  9  6 21 54
 6699 2021- 9- 6 21:53     - 54 58  164  2   5.00 0.85  0.0    5 63.5 69.7      6699
 6700 2021- 9- 6 22:04     - 55 38  162 53   5.10 0.08  0.0    4  6.0 12.8      6700
 6701 2021- 9- 6 22:50     - 54 45  162 17   6.15 0.33  0.0    4 25.5 29.7      6701
 6702 2021- 9- 6 23:59     - 55 22  162 18   5.51 0.08  0.0    4  2.1 14.2      6702
 6703 2021- 9- 7  0:34     - 54 58  160 34   5.00 0.27  0.0    7 24.6 25.5      6703
 6704 2021- 9- 7  0:34     - 55  8  160 53   5.29 0.57  0.0   10 17.1 41.0      6704
 *** DISTANCE & RESIDUAL WEIGHTING CANCELLED FOR EVENT: 2021  9  7  0 49
 6705 2021- 9- 7  0:48     - 55  7  161 46  10.48 0.63  0.0    5 23.3 35.7      6705
 *** DISTANCE & RESIDUAL WEIGHTING CANCELLED FOR EVENT: 2021  9  7  0 49
  SEQ ---DATE--- TIME REMARK -LAT-  --LON-  DEPTH  RMS PMAG  NUM  ERH  ERZ  ID
 6706 2021- 9- 7  0:48     - 55 52  162 51   5.00 3.89  0.0    4 94.5 94.5      6706
 6707 2021- 9- 7  1:32     - 54 30  161 45   4.71 0.19  0.0   11  8.1 17.3      6707
 6708 2021- 9- 7  2:32       55  9  161 54  16.21 0.13  0.0    6  2.3  2.7      6708
 6709 2021- 9- 7  2:33     - 55 12  161 37   2.80 0.03  0.0    4  4.1 11.2      6709
 *** DISTANCE & RESIDUAL WEIGHTING CANCELLED FOR EVENT: 2021  9  7  2 45
 6710 2021- 9- 7  2:45     - 55  0  161 15   5.00 5.19  0.0    4 47.1 91.0      6710
 6711 2021- 9- 7  3:47       55 20  161 54  13.61 0.00  0.0    4  2.9  1.3      6711
 6712 2021- 9- 7  3:56     - 55  2  161 28   6.66 0.24  0.0    5 18.4 23.7      6712
 6713 2021- 9- 7  4:28     - 55 22  161 52   0.36 0.01  0.0    4  1.4  8.8      6713
 6714 2021- 9- 7  4:39     - 55 20  161 52  19.63 0.00  0.0    4  6.4 10.5      6714
 6715 2021- 9- 7  4:39     - 55 30  161 49   0.81 0.09  0.0    5  1.9 11.6      6715
 6716 2021- 9- 7  4:47       55 15  161 55   7.11 0.16  0.0    6  1.8 10.4      6716
 6717 2021- 9- 7  5:12     - 55 36  161 20   6.84 0.08  0.0    4  4.5 14.0      6717
 6718 2021- 9- 7  6:05     - 55 10  160 50   4.80 0.34  0.0    9 12.2 27.0      6718
 *** DISTANCE & RESIDUAL WEIGHTING CANCELLED FOR EVENT: 2021  9  7  6 11
 6719 2021- 9- 7  6:11     - 55 12  161 21   4.98 1.56  0.0    4 57.3 90.0      6719
 6720 2021- 9- 7  6:45     - 55  0  161 24  23.36 0.21  0.0    6 17.4  6.0      6720
  SEQ ---DATE--- TIME REMARK -LAT-  --LON-  DEPTH  RMS PMAG  NUM  ERH  ERZ  ID
 6721 2021- 9- 7  6:45     - 55  1  161 31  26.54 0.07  0.0    4 12.9  3.9      6721
 6722 2021- 9- 7  7:06     - 54 60  161 51   4.93 0.18  0.0    5  8.1 17.5      6722
 *** DISTANCE & RESIDUAL WEIGHTING CANCELLED FOR EVENT: 2021  9  7  8  0
 6723 2021- 9- 7  7:59     - 55 14  163  8   5.00 0.57  0.0    5 35.1 49.3      6723
 *** DISTANCE & RESIDUAL WEIGHTING CANCELLED FOR EVENT: 2021  9  7  8 48
 6724 2021- 9- 7  8:48     - 55  3  162 39   4.91 0.32  0.0    4 13.4 28.9      6724
 6725 2021- 9- 7 10:03     - 55 13  160 19   5.09 0.05  0.0    4 10.1  8.4      6725
 6726 2021- 9- 7 10:04     - 54 57  161 12  27.41 0.22  0.0    9 17.3  8.1      6726
 6727 2021- 9- 7 10:04     - 54 32  160 12   5.00 0.31  0.0    9 17.8 18.0      6727
 6728 2021- 9- 7 10:22       55 34  161 51  14.43 0.12  0.0    9  2.0  2.0      6728
 *** DISTANCE & RESIDUAL WEIGHTING CANCELLED FOR EVENT: 2021  9  7 12 20
 6729 2021- 9- 7 12:19     - 54 24  162 29   4.99 0.49  0.0    4 42.8 38.9      6729
 6730 2021- 9- 7 13:48     - 55 29  161 46   2.54 0.06  0.0    4  2.0 12.5      6730
 6731 2021- 9- 7 14:10       55 25  161 57  17.10 0.01  0.0    4  3.9  6.3      6731
 *** DISTANCE & RESIDUAL WEIGHTING CANCELLED FOR EVENT: 2021  9  7 14 27
 6732 2021- 9- 7 14:27     # 55  7  161 55   4.99 0.42  0.0    4 13.2  9.3      6732
 6733 2021- 9- 7 15:10       54 31  163 12   1.35 0.20  0.0   10  5.8 12.4      6733
 6734 2021- 9- 7 15:19     - 55 18  161 21   8.15 0.17  0.0    8  2.2 15.5      6734
 *** DISTANCE & RESIDUAL WEIGHTING CANCELLED FOR EVENT: 2021  9  7 17 24
 6735 2021- 9- 7 17:24     - 55 27  161 44  40.26 0.64  0.0    4 54.7  7.2      6735
  SEQ ---DATE--- TIME REMARK -LAT-  --LON-  DEPTH  RMS PMAG  NUM  ERH  ERZ  ID
 6736 2021- 9- 7 17:26       55 28  161 58  19.28 0.00  0.0    4  2.7  5.5      6736
 *** DISTANCE & RESIDUAL WEIGHTING CANCELLED FOR EVENT: 2021  9  7 17 26
 6737 2021- 9- 7 17:26     - 55 29  161 59  17.74 0.65  0.0    4 55.7  6.9      6737
 *** DISTANCE & RESIDUAL WEIGHTING CANCELLED FOR EVENT: 2021  9  7 17 27
 6738 2021- 9- 7 17:27     # 55 29  162  4   5.00 0.44  0.0    4  7.1 21.9      6738
 6739 2021- 9- 7 17:44     - 55 24  161 47  17.12 0.08  0.0    4 13.3  2.8      6739
 *** DISTANCE & RESIDUAL WEIGHTING CANCELLED FOR EVENT: 2021  9  7 17 51
 6740 2021- 9- 7 17:51     # 55 27  161 50   4.99 0.88  0.0    5 26.3 35.8      6740
 6741 2021- 9- 7 18:10     - 55 45  161 53   7.28 0.45  0.0    6  3.4 39.0      6741
 6742 2021- 9- 7 18:11     - 55  3  161 22   4.99 0.18  0.0    5  7.9 17.5      6742
 *** DISTANCE & RESIDUAL WEIGHTING CANCELLED FOR EVENT: 2021  9  7 18 25
 6743 2021- 9- 7 18:25     - 55 15  162 12   2.59 0.62  0.0    4 53.3 28.8      6743
 6744 2021- 9- 7 18:58     - 54 49  163  2   5.00 0.92  0.0   10 29.5 65.8      6744
 6745 2021- 9- 7 19:54     - 55 27  162  6   5.61 0.03  0.0    4  6.8  7.7      6745
 6746 2021- 9- 7 20:57     - 54 43  160 24  13.02 0.17  0.0   14  7.9 16.1      6746
 6747 2021- 9- 7 21:19     - 54 59  160 29  39.91 0.27  0.0    8 19.6 14.4      6747
 6748 2021- 9- 7 21:20     - 56  8  162 21   5.14 0.34  0.0    5 26.5 30.2      6748
 6749 2021- 9- 7 21:27     - 54 58  162 14   6.71 0.03  0.0    5  5.7 10.7      6749
 6750 2021- 9- 7 21:27     # 54 48  162 13   0.01 1.12  0.0    8 51.2 13.0      6750
  SEQ ---DATE--- TIME REMARK -LAT-  --LON-  DEPTH  RMS PMAG  NUM  ERH  ERZ  ID
 6751 2021- 9- 7 21:35     - 54 59  162 16   5.12 0.13  0.0    4 11.7 11.0      6751
 6752 2021- 9- 7 21:35     - 55  1  162 28   6.27 0.01  0.0    4 11.7  1.3      6752
 6753 2021- 9- 7 21:53     - 55 10  163 26   5.14 0.25  0.0    5 10.7 21.3      6753
 6754 2021- 9- 7 21:53       54 22  161 30  10.13 0.16  0.0    9  5.0  1.9      6754
 6755 2021- 9- 7 23:59     - 55 24  161 55  50.68 0.03  0.0    6  5.4 12.3      6755
 6756 2021- 9- 8  0:22     - 55 15  161 51   5.36 0.02  0.0    4 10.4  6.8      6756
 6757 2021- 9- 8  1:34     - 55 26  160 47  28.10 0.18  0.0   10 17.3  2.4      6757
 6758 2021- 9- 8  1:34     - 55 36  160  1  14.45 0.25  0.0   10 16.2 10.1      6758
 6759 2021- 9- 8  1:42     - 55  9  163  9   4.99 0.04  0.0    4 12.0 12.9      6759
 *** DISTANCE & RESIDUAL WEIGHTING CANCELLED FOR EVENT: 2021  9  8  1 57
 6760 2021- 9- 8  1:57     - 55 26  161 49   1.32 0.25  0.0    5  2.1 18.5      6760
 6761 2021- 9- 8  2:55     - 55 14  162 12   6.92 0.10  0.0    4 15.2  3.6      6761
 *** DISTANCE & RESIDUAL WEIGHTING CANCELLED FOR EVENT: 2021  9  8  2 57
 6762 2021- 9- 8  2:57     # 55  7  161 52  10.26 0.72  0.0    5 34.1 25.9      6762
 *** DISTANCE & RESIDUAL WEIGHTING CANCELLED FOR EVENT: 2021  9  8  2 58
 6763 2021- 9- 8  2:57     - 55  0  161 25  37.68 0.38  0.0    5 27.9  8.6      6763
 6764 2021- 9- 8  3:09       54 56  162 13   1.90 0.09  0.0    5  1.4  3.4      6764
 6765 2021- 9- 8  3:10     - 54 55  162 18   9.22 0.03  0.0    5  9.6  7.8      6765
  SEQ ---DATE--- TIME REMARK -LAT-  --LON-  DEPTH  RMS PMAG  NUM  ERH  ERZ  ID
 6766 2021- 9- 8  3:12       54 56  162 11   0.12 0.09  0.0    7  1.5  9.1      6766
 6767 2021- 9- 8  3:13       54 51  162 13   2.82 0.07  0.0    6  3.8  1.0      6767
 6768 2021- 9- 8  3:25     - 54 59  161 30  44.56 0.16  0.0    5 16.8  7.1      6768
 6769 2021- 9- 8  4:52     - 54 39  163 37  18.52 0.05  0.0    5  5.2 13.2      6769
 *** DISTANCE & RESIDUAL WEIGHTING CANCELLED FOR EVENT: 2021  9  8  4 54
 6770 2021- 9- 8  4:54     - 55  2  162 11   2.50 0.32  0.0    4  2.2 23.4      6770
 6771 2021- 9- 8  4:56       55 24  161 53  14.46 0.12  0.0    7  1.8  1.2      6771
 6772 2021- 9- 8  5:43       55 16  161 57   7.89 0.17  0.0    4  6.8  9.8      6772
 *** DISTANCE & RESIDUAL WEIGHTING CANCELLED FOR EVENT: 2021  9  8  7  0
 6773 2021- 9- 8  7:00     # 55  2  162  7   5.02 2.14  0.0    4 19.7 96.9      6773
 *** DISTANCE & RESIDUAL WEIGHTING CANCELLED FOR EVENT: 2021  9  8  8  0
 6774 2021- 9- 8  7:59     - 55 23  162 38   5.00 0.42  0.0    4 14.3 37.2      6774
 *** DISTANCE & RESIDUAL WEIGHTING CANCELLED FOR EVENT: 2021  9  8  9 34
 6775 2021- 9- 8  9:34     - 54 54  162 14   4.99 0.52  0.0    4 44.3 14.8      6775
 6776 2021- 9- 8  9:34     - 54 46  162 26   5.01 0.16  0.0    4 15.6 17.8      6776
 *** DISTANCE & RESIDUAL WEIGHTING CANCELLED FOR EVENT: 2021  9  8 10 38
 6777 2021- 9- 8 10:37     # 55  9  161 44  13.07 0.00  0.0    4  2.3  2.4      6777
 6778 2021- 9- 8 11:12     - 54 32  161 34   5.00 0.55  0.0    9 18.6 39.2      6778
 6779 2021- 9- 8 11:39       55 29  161 24  19.74 0.02  0.0    5  3.1  3.5      6779
 6780 2021- 9- 8 11:46     - 55 24  161 53   0.00 0.71  0.0    5  4.8 47.0      6780
  SEQ ---DATE--- TIME REMARK -LAT-  --LON-  DEPTH  RMS PMAG  NUM  ERH  ERZ  ID
 6781 2021- 9- 8 14:29       55 16  161 48   9.02 0.07  0.0    6  1.5  2.0      6781
 *** DISTANCE & RESIDUAL WEIGHTING CANCELLED FOR EVENT: 2021  9  8 14 30
 6782 2021- 9- 8 14:29     - 55 22  161 45   0.04 0.42  0.0    4  4.0 36.2      6782
 *** DISTANCE & RESIDUAL WEIGHTING CANCELLED FOR EVENT: 2021  9  8 14 43
 6783 2021- 9- 8 14:43     # 55  7  162 10   4.22 0.61  0.0    7  4.4  2.8      6783
 *** DISTANCE & RESIDUAL WEIGHTING CANCELLED FOR EVENT: 2021  9  8 16  0
 6784 2021- 9- 8 15:59     # 55 23  162 10  15.56 0.81  0.0    4 11.4 39.6      6784
 6785 2021- 9- 8 16:18     - 55 23  160 51   3.61 0.15  0.0    7  7.3 15.4      6785
 *** DISTANCE & RESIDUAL WEIGHTING CANCELLED FOR EVENT: 2021  9  8 16 19
 6786 2021- 9- 8 16:18     # 55 15  162  3   5.02 0.43  0.0    5  3.8  6.3      6786
 6787 2021- 9- 8 18:31     - 55 29  160 20   5.00 0.31  0.0    9 22.0 28.5      6787
 6788 2021- 9- 8 18:31     - 55 53  162  0   4.99 0.29  0.0    5 23.0 26.5      6788
 6789 2021- 9- 8 18:31     - 55 35  159 42   5.02 0.07  0.0    4 11.7 12.3      6789
 6790 2021- 9- 8 19:26     - 55 16  161 38   0.64 0.04  0.0    4  5.4 11.6      6790
 6791 2021- 9- 8 19:36     - 55 37  160 42   5.42 0.20  0.0    6  8.7 18.8      6791
 *** DISTANCE & RESIDUAL WEIGHTING CANCELLED FOR EVENT: 2021  9  8 19 37
 6792 2021- 9- 8 19:36     # 55 16  161 50   5.00 1.40  0.0    5 14.4  8.3      6792
 6793 2021- 9- 9  3:15     - 54 39  160 58  30.24 0.24  0.0   11 20.4  3.4      6793
 6794 2021- 9- 9  3:15     - 54 45  160 50  17.35 0.11  0.0    5 13.3 15.3      6794
 6795 2021- 9- 9  4:22     - 55 10  160 51   4.17 0.21  0.0    7  8.7 18.9      6795
  SEQ ---DATE--- TIME REMARK -LAT-  --LON-  DEPTH  RMS PMAG  NUM  ERH  ERZ  ID
 6796 2021- 9- 9  4:22     - 54 60  161  2  32.37 0.14  0.0    4 16.1  1.0      6796
 6797 2021- 9- 9  8:03       55 27  161 52  27.35 0.12  0.0    9  1.7  1.1      6797
 6798 2021- 9- 9  8:05       55 27  161 51  27.79 0.11  0.0   13  1.2  0.9      6798
 6799 2021- 9- 9  8:05     - 55 26  162 21   3.40 0.26  0.0    5  2.7 21.3      6799
 *** DISTANCE & RESIDUAL WEIGHTING CANCELLED FOR EVENT: 2021  9  9  8  6
 6800 2021- 9- 9  8:06     - 55 27  162  9   5.00 0.74  0.0    4 22.8 56.6      6800
 6801 2021- 9- 9  8:06     # 55 26  162  1  34.86 0.17  0.0    5  6.4  4.3      6801
 6802 2021- 9- 9 13:49     - 55 23  162  3   4.82 0.07  0.0    5  6.2 12.3      6802
 6803 2021- 9- 9 14:28     - 55  8  163 21   3.50 0.40  0.0    6 15.0 31.7      6803
 *** DISTANCE & RESIDUAL WEIGHTING CANCELLED FOR EVENT: 2021  9  9 17 57
 6804 2021- 9- 9 17:57     # 54 57  162 19  11.20 0.60  0.0    7 24.2 26.0      6804
 6805 2021- 9- 9 17:57       54 51  162 12   1.88 0.03  0.0    6  2.6  1.3      6805
 6806 2021- 9- 9 19:23     - 54 45  162 15   5.00 0.16  0.0    9 15.8 18.0      6806
 6807 2021- 9-10  0:44     - 55 24  161 47   1.46 0.14  0.0    4  3.9 13.9      6807
 6808 2021- 9-10  5:31     - 54 28  163  7   2.44 0.12  0.0    5  6.8 14.8      6808
 *** DISTANCE & RESIDUAL WEIGHTING CANCELLED FOR EVENT: 2021  9 10  5 42
 6809 2021- 9-10  5:42     # 55 22  161 38  11.03 0.02  0.0    4  4.2  1.4      6809
 6810 2021- 9-10  5:58     # 54 51  162 14   0.23 0.10  0.0    5  4.8  1.5      6810
  SEQ ---DATE--- TIME REMARK -LAT-  --LON-  DEPTH  RMS PMAG  NUM  ERH  ERZ  ID
 6811 2021- 9-10  5:58     - 55  9  161 53   3.86 0.02  0.0    4  8.3  8.9      6811
 *** DISTANCE & RESIDUAL WEIGHTING CANCELLED FOR EVENT: 2021  9 10  7 41
 6812 2021- 9-10  7:41     - 54 59  162 21   9.03 0.84  0.0    7 39.6 38.9      6812
 *** DISTANCE & RESIDUAL WEIGHTING CANCELLED FOR EVENT: 2021  9 10  7 41
 6813 2021- 9-10  7:41     - 54 49  162 24   5.02 0.39  0.0    5 29.6 34.0      6813
 6814 2021- 9-10  9:15       54 58  162 12   4.14 0.11  0.0    8  0.9  1.8      6814
 6815 2021- 9-10  9:15     - 54 40  162  7   5.00 0.17  0.0    5 16.7 17.9      6815
 6816 2021- 9-10  9:21       55 16  160 41  42.52 0.09  0.0    7  4.6  7.7      6816
 6817 2021- 9-10  9:22     - 55 11  161  8  32.47 0.01  0.0    4 11.4  0.5      6817
 6818 2021- 9-10  9:23     # 55  5  161 38   0.04 0.20  0.0    5  1.8  3.6      6818
 6819 2021- 9-10 10:20     - 54 55  162 14   0.33 0.12  0.0    5  2.5 13.4      6819
 6820 2021- 9-10 10:21     - 54 56  162 14   0.00 1.65  0.0    6 10.0 98.8      6820
 6821 2021- 9-10 11:15     - 55 44  162 22   4.01 0.11  0.0    4  6.8 13.4      6821
 6822 2021- 9-10 11:45     - 55 12  163 27   4.91 0.22  0.0    4  9.7 20.2      6822
 6823 2021- 9-10 12:07     - 55  1  162 42   5.43 0.04  0.0    4  5.8 11.6      6823
 *** DISTANCE & RESIDUAL WEIGHTING CANCELLED FOR EVENT: 2021  9 10 12  7
 6824 2021- 9-10 12:07     - 55 17  161 34   0.32 0.29  0.0    4 11.4 27.5      6824
 6825 2021- 9-10 12:34     - 55 16  161 37   6.65 0.01  0.0    4  2.8 12.2      6825
  SEQ ---DATE--- TIME REMARK -LAT-  --LON-  DEPTH  RMS PMAG  NUM  ERH  ERZ  ID
 6826 2021- 9-10 12:40     - 55  1  161 14  23.29 0.24  0.0   10 17.2  8.0      6826
 6827 2021- 9-10 12:40     - 54 47  160 29  28.35 0.16  0.0    7 15.5 18.3      6827
 6828 2021- 9-10 13:08     - 55  9  162  9   0.42 1.09  0.0    6  5.8 79.0      6828
 *** DISTANCE & RESIDUAL WEIGHTING CANCELLED FOR EVENT: 2021  9 10 13  9
 6829 2021- 9-10 13:08     - 54 40  162 32   5.02 0.48  0.0    4 37.4 40.0      6829
 *** DISTANCE & RESIDUAL WEIGHTING CANCELLED FOR EVENT: 2021  9 10 14 59
 6830 2021- 9-10 14:59     - 55 31  161 45   5.00 0.52  0.0    4 20.2 39.6      6830
 6831 2021- 9-10 15:17     - 55 27  161 34   2.03 0.04  0.0    4  3.3  9.1      6831
 *** DISTANCE & RESIDUAL WEIGHTING CANCELLED FOR EVENT: 2021  9 10 15 17
 6832 2021- 9-10 15:17     # 55 19  161 36   2.69 1.07  0.0    5 14.1 56.4      6832
 *** DISTANCE & RESIDUAL WEIGHTING CANCELLED FOR EVENT: 2021  9 10 15 27
 6833 2021- 9-10 15:27     - 55  4  162 11   8.44 0.28  0.0    4 10.1 17.9      6833
 6834 2021- 9-10 19:56     - 55  4  161 32   2.25 0.26  0.0    4 18.7  4.1      6834
 6835 2021- 9-10 21:49     - 55 28  161 36   5.01 0.08  0.0    4  4.2 12.9      6835
 6836 2021- 9-11  0:03       54 56  162 18   6.19 0.24  0.0    5  4.2  1.1      6836
 6837 2021- 9-11  0:03       54 52  162 15   2.64 0.02  0.0    6  2.9  1.3      6837
 6838 2021- 9-11  0:14     - 55 12  160 56   5.00 0.11  0.0    7 13.5 15.6      6838
 *** DISTANCE & RESIDUAL WEIGHTING CANCELLED FOR EVENT: 2021  9 11  0 14
 6839 2021- 9-11  0:13     - 55 17  159 55   5.00 1.01  0.0    4 73.1 83.1      6839
 6840 2021- 9-11  0:14     - 55 55  162  5   5.00 0.08  0.0    4 10.4 13.9      6840
  SEQ ---DATE--- TIME REMARK -LAT-  --LON-  DEPTH  RMS PMAG  NUM  ERH  ERZ  ID
 6841 2021- 9-11  1:26     - 55 41  160 21   5.00 0.15  0.0    5 16.6 17.4      6841
 6842 2021- 9-11  1:27       55 23  161 47  13.08 0.00  0.0    4  4.7  2.0      6842
 6843 2021- 9-11  4:03     - 55 43  163  4   4.88 0.33  0.0    5 13.1 27.5      6843
 6844 2021- 9-11  5:32     - 55 11  163 27   3.85 0.68  0.0   11 24.0 50.4      6844
 6845 2021- 9-11  5:32     - 54 23  161 39   4.15 0.11  0.0    5  6.5 14.1      6845
 *** DISTANCE & RESIDUAL WEIGHTING CANCELLED FOR EVENT: 2021  9 11  6  0
 6846 2021- 9-11  6:00     - 55 33  161 53  37.89 0.13  0.0    4  8.6 10.9      6846
 6847 2021- 9-11  7:25     # 55 32  162 28  14.26 1.14  0.0    8 11.5 45.7      6847
 *** DISTANCE & RESIDUAL WEIGHTING CANCELLED FOR EVENT: 2021  9 11  9 51
 6848 2021- 9-11  9:51     - 55 25  161 55   2.69 0.29  0.0    4  3.1 19.2      6848
 6849 2021- 9-11 10:03     - 55 17  160 54   5.02 0.19  0.0    4 17.8 18.1      6849
 6850 2021- 9-11 10:04     - 55 25  160 54  32.38 0.09  0.0    5 10.6  0.8      6850
 *** DISTANCE & RESIDUAL WEIGHTING CANCELLED FOR EVENT: 2021  9 11 12 24
 6851 2021- 9-11 12:24     - 55 29  161 32   4.98 0.30  0.0    4 19.7 16.9      6851
 *** DISTANCE & RESIDUAL WEIGHTING CANCELLED FOR EVENT: 2021  9 11 18 51
 6852 2021- 9-11 18:51     - 55 10  161 55   2.36 0.26  0.0    4  7.8 21.3      6852
 6853 2021- 9-11 18:59     - 55 14  162 18   6.90 0.03  0.0    4  1.5 12.7      6853
 6854 2021- 9-11 19:23     - 54 48  161  2  33.82 0.20  0.0    9 16.2 18.4      6854
 6855 2021- 9-11 19:23     - 54 44  160 51   5.07 0.14  0.0    5 15.1 16.9      6855
  SEQ ---DATE--- TIME REMARK -LAT-  --LON-  DEPTH  RMS PMAG  NUM  ERH  ERZ  ID
 6856 2021- 9-11 20:56       55 10  162 14   0.19 0.98  0.0    5  8.3 45.7      6856
 *** DISTANCE & RESIDUAL WEIGHTING CANCELLED FOR EVENT: 2021  9 11 20 56
 6857 2021- 9-11 20:55     - 54 32  163  6   4.00 0.37  0.0    4 23.6 21.7      6857
 6858 2021- 9-11 23:33     - 54 41  161 21  19.20 0.17  0.0   10 13.0 16.0      6858
 6859 2021- 9-11 23:34       55  1  161 48  18.06 0.08  0.0    6  1.6  1.9      6859
 6860 2021- 9-11 23:59     - 55 25  161 56  34.97 0.05  0.0    6  3.3 12.5      6860
 6861 2021- 9-12  0:31     - 54 57  162 57   5.04 0.04  0.0    4  5.4 11.8      6861
 *** DISTANCE & RESIDUAL WEIGHTING CANCELLED FOR EVENT: 2021  9 12  5  0
 6862 2021- 9-12  5:00     - 55  4  161 35   4.93 0.16  0.0    4 18.2  5.5      6862
 6863 2021- 9-12  5:00     - 55  1  161 20   5.41 0.09  0.0    4 12.5 13.1      6863
 6864 2021- 9-12  5:18     - 55 27  161 27   6.66 0.38  0.0    6  5.8 33.7      6864
 *** DISTANCE & RESIDUAL WEIGHTING CANCELLED FOR EVENT: 2021  9 12  5 33
 6865 2021- 9-12  5:33     # 55 14  161 46  16.27 1.23  0.0    4 19.2  4.8      6865
 6866 2021- 9-12  6:01       55 21  161 46  17.37 0.08  0.0    8  1.9  0.8      6866
 *** DISTANCE & RESIDUAL WEIGHTING CANCELLED FOR EVENT: 2021  9 12  8  0
 6867 2021- 9-12  7:59     # 55 21  162  4   5.01 0.70  0.0    4  4.6 27.5      6867
 6868 2021- 9-12  8:45     - 54 56  161 20  22.71 0.23  0.0    9 18.8  7.1      6868
 6869 2021- 9-12  8:45     - 54 51  161 10  23.81 0.15  0.0    8 13.2  5.2      6869
 6870 2021- 9-12 10:40     - 54 45  161  7   3.50 0.55  0.0    4 18.8 42.0      6870
 *** DISTANCE & RESIDUAL WEIGHTING CANCELLED FOR EVENT: 2021  9 12 11 30
  SEQ ---DATE--- TIME REMARK -LAT-  --LON-  DEPTH  RMS PMAG  NUM  ERH  ERZ  ID
 6871 2021- 9-12 11:30     - 54 56  162 53   5.00 0.61  0.0    5 22.5 46.8      6871
 6872 2021- 9-12 11:30     - 54 35  161 19   4.90 0.08  0.0    4  5.3 13.0      6872
 6873 2021- 9-12 16:57     - 55 16  161 35   1.50 0.10  0.0    7  1.4 12.4      6873
 6874 2021- 9-12 17:03       54 55  162 11   1.39 0.16  0.0    8  2.1  2.3      6874
 6875 2021- 9-12 17:04       55 21  161 52   1.65 0.00  0.0    4  3.8  1.6      6875
 6876 2021- 9-12 17:09     # 55 21  161 58  10.07 0.01  0.0    4  2.0  2.3      6876
 6877 2021- 9-12 22:49     - 55  4  161 30   1.47 0.12  0.0    5 11.3  2.9      6877
 6878 2021- 9-12 22:49     - 54 57  162 43   4.55 0.04  0.0    4 10.2  5.7      6878
 6879 2021- 9-12 22:49       55 14  161 41   4.90 0.06  0.0    6  1.0  2.2      6879
 *** DISTANCE & RESIDUAL WEIGHTING CANCELLED FOR EVENT: 2021  9 13  1 21
 6880 2021- 9-13  1:21     - 55 22  162 11   5.00 0.90  0.0    4 42.4 51.0      6880
 6881 2021- 9-13  3:15     - 54 56  161 16  25.00 0.20  0.0    8 17.5  8.5      6881
 *** DISTANCE & RESIDUAL WEIGHTING CANCELLED FOR EVENT: 2021  9 13  3 16
 6882 2021- 9-13  3:16     - 55 13  161 48   0.61 1.01  0.0    6  8.5 67.6      6882
 6883 2021- 9-13  3:20       55  0  162 14   4.13 0.13  0.0    6  1.2  1.3      6883
 6884 2021- 9-13  3:20       54 56  162 12   2.28 0.05  0.0    4  1.1  2.1      6884
 *** DISTANCE & RESIDUAL WEIGHTING CANCELLED FOR EVENT: 2021  9 13 13 31
 6885 2021- 9-13 13:31     - 54 54  162 11   2.45 0.73  0.0    4 36.6 24.3      6885
  SEQ ---DATE--- TIME REMARK -LAT-  --LON-  DEPTH  RMS PMAG  NUM  ERH  ERZ  ID
 6886 2021- 9-13 13:42     - 54 57  162 15   6.57 0.08  0.0    4  9.3 10.8      6886
 6887 2021- 9-13 13:42     - 54 53  162 17   5.15 0.05  0.0    4 10.6  6.7      6887
 6888 2021- 9-13 14:03     - 54 59  162 20   9.65 0.04  0.0    4  6.9  8.8      6888
 *** DISTANCE & RESIDUAL WEIGHTING CANCELLED FOR EVENT: 2021  9 13 14  3
 6889 2021- 9-13 14:03     - 55  0  162 18   2.61 0.14  0.0    4  4.2 14.6      6889
 6890 2021- 9-13 16:09     - 54 56  162 17   4.72 0.14  0.0    4 11.6  9.5      6890
 *** DISTANCE & RESIDUAL WEIGHTING CANCELLED FOR EVENT: 2021  9 13 16 10
 6891 2021- 9-13 16:09     - 55 36  163  3   5.00 0.46  0.0    4 14.5 37.8      6891
 6892 2021- 9-13 17:44     - 55 27  162 10   4.58 0.12  0.0    4  3.0 15.9      6892
 6893 2021- 9-13 18:19     - 54 47  160 51   5.00 0.17  0.0    9 16.6 18.5      6893
 *** DISTANCE & RESIDUAL WEIGHTING CANCELLED FOR EVENT: 2021  9 13 18 20
 6894 2021- 9-13 18:19     # 55 12  161 58  17.28 0.80  0.0    6 10.5 12.4      6894
 *** DISTANCE & RESIDUAL WEIGHTING CANCELLED FOR EVENT: 2021  9 13 18 29
 6895 2021- 9-13 18:28     - 55 35  160 60   5.00 0.66  0.0    4 24.0 51.2      6895
 6896 2021- 9-13 18:29     # 55 30  161 48  25.54 0.09  0.0    6  3.7  3.7      6896
 6897 2021- 9-13 19:37     - 55 18  161 11   4.86 0.07  0.0    4  4.9 12.7      6897
 6898 2021- 9-13 22:53     - 55  7  162 18   5.25 0.26  0.0    4 12.8 21.1      6898
 6899 2021- 9-13 23:22     - 54 59  161 11  37.57 0.19  0.0    6 15.4 11.3      6899
 6900 2021- 9-13 23:22     - 55 15  161 55   0.21 2.73  0.0    9  6.9 99.0      6900
  SEQ ---DATE--- TIME REMARK -LAT-  --LON-  DEPTH  RMS PMAG  NUM  ERH  ERZ  ID
 6901 2021- 9-14  1:40     - 54 43  160 51  18.60 0.18  0.0   11 15.8 19.3      6901
 6902 2021- 9-14  1:40     - 54 58  161 24   4.45 0.11  0.0    7  4.6 15.2      6902
 *** DISTANCE & RESIDUAL WEIGHTING CANCELLED FOR EVENT: 2021  9 14  2  8
 6903 2021- 9-14  2:07     - 56  1  161 28   5.17 0.48  0.0    4 32.9 37.8      6903
 6904 2021- 9-14  3:18     - 54 40  160 51   5.12 0.20  0.0   17  7.9 16.9      6904
 6905 2021- 9-14  4:58     - 55  1  162 18  13.58 0.08  0.0    4  5.2  8.7      6905
 *** DISTANCE & RESIDUAL WEIGHTING CANCELLED FOR EVENT: 2021  9 14  4 58
 6906 2021- 9-14  4:58     # 55  2  162 15  11.62 0.64  0.0    4  6.5 12.2      6906
 6907 2021- 9-14 15:06     - 54 49  160 37  33.78 0.19  0.0   10  6.5 19.9      6907
 6908 2021- 9-14 15:06     - 54 47  160 49   4.94 0.17  0.0    8 11.2 18.9      6908
 *** DISTANCE & RESIDUAL WEIGHTING CANCELLED FOR EVENT: 2021  9 14 15 21
 6909 2021- 9-14 15:21     - 55  9  161 32   6.51 0.16  0.0    4 14.9 18.0      6909
 *** DISTANCE & RESIDUAL WEIGHTING CANCELLED FOR EVENT: 2021  9 14 16  0
 6910 2021- 9-14 15:59     - 55 19  162  6   5.00 0.44  0.0    5  4.0 32.9      6910
 6911 2021- 9-14 17:37     - 54 51  161  4   5.20 0.23  0.0   13  7.7 16.3      6911
 6912 2021- 9-14 18:32     - 55 21  161 32   3.68 0.08  0.0    4  3.0 10.8      6912
 6913 2021- 9-14 19:17     - 54 55  162 47   5.14 0.01  0.0    4  5.1 11.4      6913
 *** DISTANCE & RESIDUAL WEIGHTING CANCELLED FOR EVENT: 2021  9 15  0  0
 6914 2021- 9-14 23:59     # 55 22  162 17   5.00 0.62  0.0    5  6.5  7.2      6914
 *** DISTANCE & RESIDUAL WEIGHTING CANCELLED FOR EVENT: 2021  9 15  0 36
 6915 2021- 9-15  0:36     - 54 47  163  7   5.00 0.40  0.0    5 14.9 32.3      6915
 *** DISTANCE & RESIDUAL WEIGHTING CANCELLED FOR EVENT: 2021  9 15  1 11
  SEQ ---DATE--- TIME REMARK -LAT-  --LON-  DEPTH  RMS PMAG  NUM  ERH  ERZ  ID
 6916 2021- 9-15  1:10     - 55 43  162 22   5.00 1.16  0.0    4 38.7 87.9      6916
 6917 2021- 9-15  3:34     - 54 57  162 20  12.32 0.02  0.0    6  7.6  7.9      6917
 6918 2021- 9-15  3:35     - 54 55  162 28  19.47 0.04  0.0    4  7.9  5.4      6918
 *** DISTANCE & RESIDUAL WEIGHTING CANCELLED FOR EVENT: 2021  9 15  4 34
 6919 2021- 9-15  4:34     - 55  8  161 12  40.51 0.39  0.0    4 32.0 20.4      6919
 6920 2021- 9-15  5:53       55 22  161 48  15.24 0.00  0.0    4  5.7  1.1      6920
 *** DISTANCE & RESIDUAL WEIGHTING CANCELLED FOR EVENT: 2021  9 15  8  0
 6921 2021- 9-15  7:59     - 55 36  162 45   5.00 0.90  0.0    4 29.1 69.4      6921
 *** DISTANCE & RESIDUAL WEIGHTING CANCELLED FOR EVENT: 2021  9 15 10 49
 6922 2021- 9-15 10:49     - 55  8  160 60   5.06 0.25  0.0    4 21.7 23.8      6922
 6923 2021- 9-15 10:49     - 55 15  160 37  31.75 0.20  0.0   10 16.2 20.8      6923
 6924 2021- 9-15 12:30     - 55  7  161 41   5.49 0.04  0.0    4 12.1  4.3      6924
 6925 2021- 9-15 12:30       55  7  161 37   6.18 0.04  0.0    5  1.8  0.8      6925
 6926 2021- 9-15 13:30     - 54 34  162 49   4.68 0.15  0.0    7  7.4 16.1      6926
 *** DISTANCE & RESIDUAL WEIGHTING CANCELLED FOR EVENT: 2021  9 15 14 16
 6927 2021- 9-15 14:16     - 55 10  161 20   5.00 0.37  0.0    4 26.7 33.1      6927
 6928 2021- 9-15 14:16     - 55  6  161 20   1.87 0.24  0.0    4 16.8  4.3      6928
 6929 2021- 9-15 17:07     - 55 12  161 29   0.30 0.04  0.0    4  1.4 12.9      6929
 6930 2021- 9-15 19:56     - 55  8  161 49  14.13 0.06  0.0    5  9.3  6.7      6930
 *** DISTANCE & RESIDUAL WEIGHTING CANCELLED FOR EVENT: 2021  9 15 19 57
  SEQ ---DATE--- TIME REMARK -LAT-  --LON-  DEPTH  RMS PMAG  NUM  ERH  ERZ  ID
 6931 2021- 9-15 19:57     - 55 11  161 54   0.91 0.34  0.0    4  4.2 26.2      6931
 6932 2021- 9-15 20:51     - 54 31  162 29   5.22 0.03  0.0    5  5.4 11.6      6932
 6933 2021- 9-15 21:52     - 54 30  162  5   4.94 0.08  0.0    8  5.8 12.5      6933
 *** 3 PHASES CANT SOLVE SEQUENCE NO. 6934, ID NO.      6934
 *** ABANDON EVENT WITH ONLY 3 READINGS:2021  9 16  0 27
 *** DISTANCE & RESIDUAL WEIGHTING CANCELLED FOR EVENT: 2021  9 16  0 36
 6935 2021- 9-16  0:36     - 55 30  161 33   3.81 0.48  0.0    4 20.9 35.4      6935
 *** 3 PHASES CANT SOLVE SEQUENCE NO. 6936, ID NO.      6936
 *** ABANDON EVENT WITH ONLY 3 READINGS:2021  9 16  4 31
 *** DISTANCE & RESIDUAL WEIGHTING CANCELLED FOR EVENT: 2021  9 16 14 18
 6937 2021- 9-16 14:18     - 55 29  161 55  17.13 0.46  0.0    4 39.8  4.6      6937
 6938 2021- 9-16 15:24     - 55 12  161 44  13.68 0.11  0.0    4  8.2  8.7      6938
 6939 2021- 9-16 17:52     - 55  9  160 40   4.44 0.30  0.0   10 11.6 24.7      6939
 6940 2021- 9-16 18:35       55 16  161 11  30.19 0.13  0.0    6  5.0  4.0      6940
 6941 2021- 9-16 18:36     - 55 12  161 51   0.15 0.01  0.0    4  1.3  9.2      6941
 6942 2021- 9-16 19:49     - 54 57  160 30   4.98 0.36  0.0   17 12.8 27.8      6942
 6943 2021- 9-16 22:49     - 55  5  161 29   1.01 0.09  0.0    4 11.5  2.9      6943
 *** DISTANCE & RESIDUAL WEIGHTING CANCELLED FOR EVENT: 2021  9 16 22 49
 6944 2021- 9-16 22:49     - 55  5  161 24   5.00 0.47  0.0    4 31.5 40.8      6944
 6945 2021- 9-16 23:05     - 55  9  160 12  36.21 0.17  0.0   11 16.5 17.3      6945
 *** DISTANCE & RESIDUAL WEIGHTING CANCELLED FOR EVENT: 2021  9 16 23  6
  SEQ ---DATE--- TIME REMARK -LAT-  --LON-  DEPTH  RMS PMAG  NUM  ERH  ERZ  ID
 6946 2021- 9-16 23:06     - 54 46  160 29   5.00 0.68  0.0    4 42.5 31.4      6946
 6947 2021- 9-16 23:28     - 54 53  161 19  27.86 0.24  0.0    8 18.7  8.4      6947
 6948 2021- 9-16 23:28     - 54 57  161 40   6.53 0.21  0.0    8  4.0 21.4      6948
 6949 2021- 9-16 23:38     - 55  0  160 57   5.00 0.13  0.0    5 15.4 16.3      6949
 *** DISTANCE & RESIDUAL WEIGHTING CANCELLED FOR EVENT: 2021  9 16 23 39
 6950 2021- 9-16 23:38     - 54 46  161 16  33.57 0.77  0.0    5 52.9 46.0      6950
 6951 2021- 9-16 23:45     - 55  5  160 59   5.00 0.19  0.0    7 17.6 20.4      6951
 6952 2021- 9-16 23:45     - 55 11  160 16   5.04 0.34  0.0    5 26.7 28.0      6952
 6953 2021- 9-17  3:54     - 54 58  162 17   1.84 0.05  0.0    4  4.3 12.2      6953
 6954 2021- 9-17 13:43     - 55 26  161 52  17.54 0.06  0.0    4 13.4  1.7      6954
 *** DISTANCE & RESIDUAL WEIGHTING CANCELLED FOR EVENT: 2021  9 17 18 20
 6955 2021- 9-17 18:20     - 55 29  160 57   5.00 0.54  0.0    4 19.6 42.1      6955
 6956 2021- 9-17 22:04     - 55 36  161 32  35.82 0.04  0.0    4  9.6  8.1      6956
 6957 2021- 9-17 23:15     - 54 40  161 38   5.00 0.29  0.0    7 19.3 26.8      6957
 6958 2021- 9-17 23:16     - 54 32  161 13   5.01 0.16  0.0    7 15.4 18.0      6958
 6959 2021- 9-18  1:13     - 54 51  160 59  34.06 0.23  0.0    7 16.1 18.1      6959
 *** DISTANCE & RESIDUAL WEIGHTING CANCELLED FOR EVENT: 2021  9 18  1 14
 6960 2021- 9-18  1:13     - 54 42  160 46   5.10 0.53  0.0    4 40.9 45.1      6960
  SEQ ---DATE--- TIME REMARK -LAT-  --LON-  DEPTH  RMS PMAG  NUM  ERH  ERZ  ID
 6961 2021- 9-18  1:56     - 54 40  163  2   4.99 0.07  0.0    4  5.8 12.6      6961
 6962 2021- 9-18  5:01       55 29  161 45  15.10 0.12  0.0   15  0.7  0.8      6962
 6963 2021- 9-18  5:03       55 30  161 43  12.59 0.05  0.0    6  1.5  2.2      6963
 6964 2021- 9-18  5:15       55 34  161 59  20.05 0.00  0.0    4  7.4  1.1      6964
 6965 2021- 9-18  5:48     - 54 29  161 45   5.87 0.25  0.0    6  9.9 22.0      6965
 6966 2021- 9-18  7:14     - 54 52  161 22  29.23 0.18  0.0    7 14.0  2.6      6966
 6967 2021- 9-18  7:14     - 54 45  162 38   5.04 0.16  0.0    4 15.6 17.8      6967
 6968 2021- 9-18  8:00     - 54 58  161 25  28.66 0.23  0.0    7 19.7  5.1      6968
 6969 2021- 9-18  8:01     - 54 59  161  9  17.05 0.31  0.0    6 24.1 28.6      6969
 6970 2021- 9-18  8:02     - 55 18  161 37   6.76 0.02  0.0    4  6.5  9.7      6970
 *** DISTANCE & RESIDUAL WEIGHTING CANCELLED FOR EVENT: 2021  9 18  9 36
 6971 2021- 9-18  9:36     # 55 24  162  2  14.38 0.66  0.0    5 10.0 21.9      6971
 *** DISTANCE & RESIDUAL WEIGHTING CANCELLED FOR EVENT: 2021  9 18 10 44
 6972 2021- 9-18 10:44     - 54 59  161 16   5.00 0.75  0.0    5 44.5 63.2      6972
 6973 2021- 9-18 11:33     - 55  3  160 47   5.26 0.32  0.0   10 22.7 29.6      6973
 6974 2021- 9-18 11:33       55 23  161 45  33.06 0.02  0.0    5  5.1  4.0      6974
 6975 2021- 9-18 11:33     - 56  2  162 22   5.43 0.19  0.0    4  8.4 18.1      6975
  SEQ ---DATE--- TIME REMARK -LAT-  --LON-  DEPTH  RMS PMAG  NUM  ERH  ERZ  ID
 6976 2021- 9-18 11:44     - 54 50  162 45   7.70 0.00  0.0    4  4.1 12.4      6976
 6977 2021- 9-18 11:47     - 54 58  162 13   8.00 0.01  0.0    4  5.7 10.9      6977
 6978 2021- 9-18 14:09       55 24  161 35   9.13 0.00  0.0    4  2.6  3.6      6978
 6979 2021- 9-18 14:22     - 54 53  161 21  24.72 0.21  0.0    8 18.5  7.4      6979
 6980 2021- 9-18 14:22     - 54 57  161 40   5.69 0.03  0.0    5  7.3 12.7      6980
 6981 2021- 9-18 14:32     - 55  5  161 54   0.00 1.64  0.0    4 23.0 98.0      6981
 6982 2021- 9-18 15:04     - 54 35  161 16   4.60 0.31  0.0    9 11.3 23.9      6982
 6983 2021- 9-18 17:14       54 46  160 28   1.06 0.14  0.0    6  4.2  7.9      6983
 *** DISTANCE & RESIDUAL WEIGHTING CANCELLED FOR EVENT: 2021  9 18 23  6
 6984 2021- 9-18 23:06     # 55 22  161 53   8.97 0.51  0.0    4  8.3 11.0      6984
 6985 2021- 9-18 23:57     - 54 44  162 38   5.15 0.13  0.0    8  6.8 14.7      6985
 6986 2021- 9-19  1:31     - 55  6  161 32   5.93 0.24  0.0    5 18.7 23.5      6986
 6987 2021- 9-19  1:31     - 54 49  161  8  16.98 0.26  0.0    8 18.1 25.2      6987
 6988 2021- 9-19  4:00     - 55 27  161 31  15.57 0.08  0.0    4 12.0  6.9      6988
 6989 2021- 9-19  5:20       55 29  161 44  13.36 0.08  0.0   12  1.0  1.3      6989
 6990 2021- 9-19  8:36     - 55 12  161  1   5.00 0.20  0.0    9 16.0 20.7      6990
  SEQ ---DATE--- TIME REMARK -LAT-  --LON-  DEPTH  RMS PMAG  NUM  ERH  ERZ  ID
 6991 2021- 9-19  8:36     - 55  8  160 31   5.45 0.22  0.0    9 16.4 22.2      6991
 6992 2021- 9-19  8:54     - 55 20  161 41   5.59 0.00  0.0    4  8.8  0.7      6992
 6993 2021- 9-19 11:13     - 54 39  160 43  26.82 0.20  0.0   10 18.2  3.9      6993
 6994 2021- 9-19 11:13     - 54 45  160 48  22.18 0.14  0.0    6 12.6  3.2      6994
 6995 2021- 9-19 12:30       55 29  161 45  14.39 0.11  0.0   13  0.7  1.1      6995
 *** DISTANCE & RESIDUAL WEIGHTING CANCELLED FOR EVENT: 2021  9 19 12 35
 6996 2021- 9-19 12:35     - 54 26  162 28   5.00 0.62  0.0    4 51.1 48.4      6996
 6997 2021- 9-19 13:18     - 55 10  161  9  38.40 0.20  0.0    8 16.2  5.1      6997
 6998 2021- 9-19 13:17     - 54 42  159 29   2.57 0.44  0.0   10 26.4 23.7      6998
 6999 2021- 9-19 14:13       54 54  161 19  30.83 0.13  0.0    9 11.5  1.3      6999
 7000 2021- 9-19 14:13     - 54 49  161  9   5.06 0.06  0.0    4 12.0 12.8      7000
 *** DISTANCE & RESIDUAL WEIGHTING CANCELLED FOR EVENT: 2021  9 19 14 13
 7001 2021- 9-19 14:13     - 54 26  162 54   4.98 0.49  0.0    4 32.9 22.7      7001
 7002 2021- 9-19 14:24     - 55 32  161 60  20.63 0.12  0.0    4 15.9  1.6      7002
 7003 2021- 9-19 14:30     - 54 45  160 52   5.01 0.18  0.0    8 18.0 19.2      7003
 7004 2021- 9-19 14:30     - 55  5  161 31  24.19 0.04  0.0    4 11.5  4.2      7004
 7005 2021- 9-19 14:51       54 60  161 25  32.13 0.12  0.0    7  9.7  1.0      7005
  SEQ ---DATE--- TIME REMARK -LAT-  --LON-  DEPTH  RMS PMAG  NUM  ERH  ERZ  ID
 7006 2021- 9-19 14:51     - 55  0  161 29  17.81 0.07  0.0    5 12.2  2.8      7006
 7007 2021- 9-19 15:18     - 54 36  162 36   5.63 0.17  0.0   13  8.0 17.3      7007
 *** DISTANCE & RESIDUAL WEIGHTING CANCELLED FOR EVENT: 2021  9 19 16  2
 7008 2021- 9-19 16:02     - 55 12  161 33   6.99 0.34  0.0    4 31.0 29.4      7008
 *** DISTANCE & RESIDUAL WEIGHTING CANCELLED FOR EVENT: 2021  9 19 16  6
 7009 2021- 9-19 16:06     - 55 24  161 33   1.09 0.74  0.0    5  8.7 59.0      7009
 7010 2021- 9-19 16:11     - 55  3  161 24   5.01 0.17  0.0    4 17.5 18.5      7010
 *** DISTANCE & RESIDUAL WEIGHTING CANCELLED FOR EVENT: 2021  9 19 16 11
 7011 2021- 9-19 16:11     - 55  5  161 24   0.29 0.58  0.0    5 37.3  8.9      7011
 *** DISTANCE & RESIDUAL WEIGHTING CANCELLED FOR EVENT: 2021  9 19 16 16
 7012 2021- 9-19 16:16     # 55 17  161 51  10.19 0.32  0.0    4  9.0  4.3      7012
 7013 2021- 9-19 17:18     - 55 37  161 46   5.67 0.00  0.0    4  6.9  5.8      7013
 7014 2021- 9-19 17:45       55 29  161 43  12.47 0.06  0.0   10  1.0  1.4      7014
 7015 2021- 9-19 18:15     - 54 57  161 23  34.14 0.25  0.0    8 17.6  7.4      7015
 7016 2021- 9-19 18:15     - 54 47  161  2  17.22 0.22  0.0    5 17.8 22.0      7016
 *** DISTANCE & RESIDUAL WEIGHTING CANCELLED FOR EVENT: 2021  9 19 18 16
 7017 2021- 9-19 18:16     - 55  8  161 18   4.99 0.36  0.0    4 27.1 32.3      7017
 7018 2021- 9-19 18:16     - 54 57  161 23  23.24 0.36  0.0    4 29.2 10.4      7018
 7019 2021- 9-19 18:18     - 54 46  160 54  25.46 0.14  0.0   10 14.0  3.2      7019
 7020 2021- 9-19 18:18     - 54  8  160  9   6.72 0.22  0.0    6 20.0 20.9      7020
  SEQ ---DATE--- TIME REMARK -LAT-  --LON-  DEPTH  RMS PMAG  NUM  ERH  ERZ  ID
 7021 2021- 9-19 18:27     - 54 59  161 34  31.00 0.15  0.0    7 13.8  6.2      7021
 7022 2021- 9-19 18:27     - 55  4  161 40  26.06 0.11  0.0    5 10.6  5.7      7022
 7023 2021- 9-19 18:30     - 54 51  161  8   5.00 0.21  0.0    7 18.9 21.6      7023
 7024 2021- 9-19 18:30     - 55 13  161 52   1.65 0.21  0.0    4  3.3 20.7      7024
 7025 2021- 9-19 19:25     - 54 47  161  7  29.22 0.19  0.0   11 17.1  2.5      7025
 7026 2021- 9-19 19:26     - 54 58  161 22   6.57 0.17  0.0    5 11.6 18.9      7026
 *** DISTANCE & RESIDUAL WEIGHTING CANCELLED FOR EVENT: 2021  9 19 19 33
 7027 2021- 9-19 19:33     # 55 15  162  3   4.75 0.25  0.0    4  3.7 12.7      7027
 7028 2021- 9-19 19:36     - 55  1  161 12  20.86 0.18  0.0    4 19.4 14.9      7028
 *** DISTANCE & RESIDUAL WEIGHTING CANCELLED FOR EVENT: 2021  9 19 19 37
 7029 2021- 9-19 19:36     - 54 46  160 58   5.00 0.40  0.0    4 31.8 33.8      7029
 7030 2021- 9-19 22:49     - 55  7  160 50   5.01 0.22  0.0    6 20.6 22.2      7030
 7031 2021- 9-19 22:49     - 54 59  160 37   5.00 0.20  0.0    5 18.4 20.3      7031
 *** DISTANCE & RESIDUAL WEIGHTING CANCELLED FOR EVENT: 2021  9 20  2 40
 7032 2021- 9-20  2:39     - 54 58  163 16   5.00 0.51  0.0    4 17.6 40.0      7032
 7033 2021- 9-20  9:08     - 55  4  161 25   5.02 0.09  0.0    4 13.7 14.2      7033
 *** DISTANCE & RESIDUAL WEIGHTING CANCELLED FOR EVENT: 2021  9 20  9  9
 7034 2021- 9-20  9:09     - 55  1  161 14   5.00 0.49  0.0    4 33.9 42.2      7034
 7035 2021- 9-20 11:53     - 54 39  161 27   5.16 0.08  0.0    4 11.1 12.9      7035
  SEQ ---DATE--- TIME REMARK -LAT-  --LON-  DEPTH  RMS PMAG  NUM  ERH  ERZ  ID
 7036 2021- 9-20 11:53     - 54 56  163 24   4.66 0.10  0.0    4  6.2 13.5      7036
 *** DISTANCE & RESIDUAL WEIGHTING CANCELLED FOR EVENT: 2021  9 20 12 33
 7037 2021- 9-20 12:32     - 55  0  161 30   5.00 0.22  0.0    4 19.4 21.9      7037
 7038 2021- 9-20 18:28     - 55 18  161 41   0.09 0.15  0.0    4 14.5 17.8      7038
 7039 2021- 9-20 18:28     - 55 16  161 27  27.14 0.14  0.0    4 13.9  8.7      7039
 7040 2021- 9-21  0:03     - 55  8  161 40  21.49 0.14  0.0    5 13.2  7.1      7040
 7041 2021- 9-21  0:03     - 55  4  161 15  32.81 0.13  0.0    4 15.0  0.6      7041
 7042 2021- 9-21  4:00     - 55 21  161 44  34.29 0.09  0.0    4 14.7  1.4      7042
 7043 2021- 9-21  4:37     - 55 24  161 42  10.75 0.05  0.0    5  9.2  3.2      7043
 7044 2021- 9-21  8:45       55 12  160 43  68.55 0.14  0.0   18  3.1  3.6      7044
 7045 2021- 9-21 10:24     - 54 47  161  2   5.00 0.23  0.0    8 19.7 22.6      7045
 7046 2021- 9-21 10:24     - 54 60  161 15  19.90 0.48  0.0    5 32.6 25.0      7046
 7047 2021- 9-21 11:11     - 55 15  161 37   7.21 0.04  0.0    5  2.4 11.4      7047
 7048 2021- 9-21 11:15       55 18  161 35  10.01 0.06  0.0    5  2.5  3.9      7048
 7049 2021- 9-21 11:16     - 55 18  161 34   1.20 0.01  0.0    4  4.2 12.4      7049
 7050 2021- 9-21 11:23     - 54 46  161 14   5.43 0.16  0.0   11  6.3 13.5      7050
 *** DISTANCE & RESIDUAL WEIGHTING CANCELLED FOR EVENT: 2021  9 21 11 32
  SEQ ---DATE--- TIME REMARK -LAT-  --LON-  DEPTH  RMS PMAG  NUM  ERH  ERZ  ID
 7051 2021- 9-21 11:32     - 55 15  161 40   2.33 0.20  0.0    4  6.8 16.5      7051
 7052 2021- 9-21 11:35       55 21  161 56   5.38 0.00  0.0    4  0.8  2.0      7052
 *** DISTANCE & RESIDUAL WEIGHTING CANCELLED FOR EVENT: 2021  9 21 11 50
 7053 2021- 9-21 11:50     # 55 21  161 15   3.93 0.43  0.0    5 16.0  6.4      7053
 7054 2021- 9-21 12:07     - 55 30  161 36  61.04 0.13  0.0    7  6.3 14.2      7054
 7055 2021- 9-21 13:21     - 55 10  163  3   5.15 0.33  0.0    8 10.8 23.6      7055
 7056 2021- 9-21 13:21     - 55 14  163  4   6.26 0.13  0.0    6  5.5 15.5      7056
 7057 2021- 9-21 13:25     - 54 44  163 24   4.94 0.12  0.0    4  6.8 14.3      7057
 7058 2021- 9-21 13:50     - 54 45  163 13  13.20 0.03  0.0    5  3.8 12.6      7058
 *** DISTANCE & RESIDUAL WEIGHTING CANCELLED FOR EVENT: 2021  9 21 13 58
 7059 2021- 9-21 13:58     # 55 23  161 54  15.83 0.34  0.0    4  4.7  7.0      7059
 7060 2021- 9-21 16:47     - 55 21  161 45   6.47 0.02  0.0    4  9.2  2.0      7060
 7061 2021- 9-21 16:47     - 55  2  160 48   5.02 0.07  0.0    4 12.3 13.0      7061
 7062 2021- 9-21 17:04     - 54 45  161  0  19.11 0.18  0.0    6 17.1 18.1      7062
 7063 2021- 9-21 21:03     - 55 26  161 32   4.71 0.00  0.0    4  2.9  8.9      7063
 7064 2021- 9-21 21:25     - 55  6  161 33   2.16 0.03  0.0    4 11.0  1.5      7064
 7065 2021- 9-21 22:56     - 54 60  161 30  25.09 0.17  0.0    7 14.7  4.2      7065
  SEQ ---DATE--- TIME REMARK -LAT-  --LON-  DEPTH  RMS PMAG  NUM  ERH  ERZ  ID
 7066 2021- 9-21 22:57       55 16  162 14   3.97 0.03  0.0    5  0.8  5.6      7066
 7067 2021- 9-21 22:59     - 55  9  161 19   5.02 0.06  0.0    5 12.8 13.2      7067
 7068 2021- 9-21 22:59     - 54 56  161 30  33.48 0.12  0.0    5 15.0  2.4      7068
 7069 2021- 9-22  1:13     - 54 55  161 16  18.49 0.17  0.0    6 16.4 10.4      7069
 7070 2021- 9-22  1:13     - 54 50  161  7  18.28 0.30  0.0    5 18.0 20.7      7070
 7071 2021- 9-22  3:48     - 55  7  163 17   4.14 0.78  0.0   11 23.6 49.8      7071
 7072 2021- 9-22  6:18     - 55 21  161 29   2.32 0.16  0.0    6  2.6 15.6      7072
 7073 2021- 9-22  7:35     - 55 43  160 11   3.20 0.34  0.0    8 21.1 22.7      7073
 *** DISTANCE & RESIDUAL WEIGHTING CANCELLED FOR EVENT: 2021  9 22  7 36
 7074 2021- 9-22  7:36     - 55  3  162 16   4.35 0.67  0.0    4 45.7 32.7      7074
 *** DISTANCE & RESIDUAL WEIGHTING CANCELLED FOR EVENT: 2021  9 22  7 36
 7075 2021- 9-22  7:36     - 55 12  162 56   5.01 0.26  0.0    4 21.1 24.6      7075
 *** DISTANCE & RESIDUAL WEIGHTING CANCELLED FOR EVENT: 2021  9 22  8  0
 7076 2021- 9-22  7:59     # 55 24  162 10   5.00 0.58  0.0    4 16.3 24.4      7076
 *** DISTANCE & RESIDUAL WEIGHTING CANCELLED FOR EVENT: 2021  9 22  9  5
 7077 2021- 9-22  9:05     - 55  0  162 25   5.19 0.09  0.0    4 13.4  2.7      7077
 7078 2021- 9-22  9:05     - 55  1  162 54   5.44 0.36  0.0    4 19.4 29.8      7078
 7079 2021- 9-22  9:52     - 54 32  162 14   4.96 0.10  0.0    8  6.4 13.7      7079
 7080 2021- 9-22  9:52     - 55 15  162 57   4.52 0.09  0.0    4  6.2 13.2      7080
  SEQ ---DATE--- TIME REMARK -LAT-  --LON-  DEPTH  RMS PMAG  NUM  ERH  ERZ  ID
 7081 2021- 9-22 10:08     - 55 18  161 32   5.23 0.18  0.0    4 13.3 18.1      7081
 7082 2021- 9-22 11:59     - 55  8  161 46  12.66 0.14  0.0    4 13.2  7.6      7082
 7083 2021- 9-22 12:34     - 55 26  161 46   0.46 0.02  0.0    4  1.8 11.2      7083
 *** DISTANCE & RESIDUAL WEIGHTING CANCELLED FOR EVENT: 2021  9 22 12 36
 7084 2021- 9-22 12:35     - 55 32  160 47   4.07 0.25  0.0    5 10.2 22.2      7084
 7085 2021- 9-22 12:38       55 20  161 46  15.98 0.04  0.0    6  1.4  1.2      7085
 7086 2021- 9-22 12:43       55 21  161 50  15.76 0.02  0.0    5  1.8  0.7      7086
 7087 2021- 9-22 12:46     # 55 20  161 38  10.89 0.05  0.0    7  3.0  1.6      7087
 7088 2021- 9-22 12:49       55 24  161 45  12.58 0.00  0.0    4  1.2  2.8      7088
 7089 2021- 9-22 12:51       55 22  161 49  14.01 0.00  0.0    4  2.9  0.9      7089
 7090 2021- 9-22 12:52       55 28  161 50  16.25 0.00  0.0    4  3.1  1.6      7090
 7091 2021- 9-22 12:54       55  1  161 31  13.64 0.00  0.0    4  4.3  3.4      7091
 7092 2021- 9-22 12:54       55 21  161 45  17.43 0.08  0.0    5  2.4  1.1      7092
 7093 2021- 9-22 12:57     # 55 22  161 43  14.06 0.09  0.0    6  3.5  1.3      7093
 7094 2021- 9-22 12:58     - 55 25  161 52  15.22 0.16  0.0    4 12.8  7.4      7094
 7095 2021- 9-22 13:00     - 55 27  161 47   0.62 0.16  0.0    5  2.2 14.0      7095
  SEQ ---DATE--- TIME REMARK -LAT-  --LON-  DEPTH  RMS PMAG  NUM  ERH  ERZ  ID
 7096 2021- 9-22 13:03       55 27  161 54  16.06 0.23  0.0    5  2.6  2.6      7096
 7097 2021- 9-22 13:06       55 23  161 45  14.88 0.06  0.0    7  1.4  0.8      7097
 *** DISTANCE & RESIDUAL WEIGHTING CANCELLED FOR EVENT: 2021  9 22 13  8
 7098 2021- 9-22 13:08     - 55 28  161 51   5.00 3.02  0.0    4 88.7 44.0      7098
 *** DISTANCE & RESIDUAL WEIGHTING CANCELLED FOR EVENT: 2021  9 22 13 11
 7099 2021- 9-22 13:10     - 55 43  162 25   5.00 0.51  0.0    5 18.6 40.5      7099
 *** DISTANCE & RESIDUAL WEIGHTING CANCELLED FOR EVENT: 2021  9 22 15 31
 7100 2021- 9-22 15:31     - 55 48  162  2   4.99 0.64  0.0    4 49.6 50.6      7100
 7101 2021- 9-22 15:31     - 55  4  160 59   5.02 0.26  0.0    6 22.2 24.5      7101
 7102 2021- 9-22 15:54     - 55 11  163  8   5.49 0.29  0.0    6 10.4 23.8      7102
 7103 2021- 9-22 15:59     - 55 19  162  3   4.99 0.05  0.0    4  1.4 13.0      7103
 7104 2021- 9-22 20:30     - 55  2  162 50   8.35 0.11  0.0    4  8.9 15.3      7104
 7105 2021- 9-22 21:40     - 55 24  161 15  39.72 0.19  0.0    5 18.5  7.3      7105
 7106 2021- 9-22 21:40     - 54 51  160 31   5.02 0.17  0.0    7 14.2 19.0      7106
 *** DISTANCE & RESIDUAL WEIGHTING CANCELLED FOR EVENT: 2021  9 22 22 21
 7107 2021- 9-22 22:21     - 55 19  161 54   5.05 0.31  0.0    5 13.6 25.1      7107
 7108 2021- 9-22 22:53     - 55  7  163 29   4.26 0.38  0.0    9 14.3 30.3      7108
 *** DISTANCE & RESIDUAL WEIGHTING CANCELLED FOR EVENT: 2021  9 23  0  0
 7109 2021- 9-22 23:59     - 55 34  162 19   5.00 1.20  0.0    4 35.3 77.9      7109
 7110 2021- 9-23  1:57     - 55 18  161 21   1.89 0.03  0.0    4  1.2 12.6      7110
  SEQ ---DATE--- TIME REMARK -LAT-  --LON-  DEPTH  RMS PMAG  NUM  ERH  ERZ  ID
 7111 2021- 9-23  4:33     - 55 11  161  4  33.26 0.19  0.0    9 17.2 15.6      7111
 7112 2021- 9-23  4:33     - 55  9  161  7  25.74 0.12  0.0    8 10.9  3.7      7112
 *** DISTANCE & RESIDUAL WEIGHTING CANCELLED FOR EVENT: 2021  9 23 10  5
 7113 2021- 9-23 10:04     - 55  2  162 41   7.91 1.86  0.0    7 11.7 98.6      7113
 7114 2021- 9-23 10:47       55 23  161 40  16.51 0.07  0.0    5  2.9  1.1      7114
 *** DISTANCE & RESIDUAL WEIGHTING CANCELLED FOR EVENT: 2021  9 23 10 50
 7115 2021- 9-23 10:50     # 55 16  161 37   5.00 0.31  0.0    4  6.8  1.7      7115
 7116 2021- 9-23 11:22       55 29  161 55  12.37 0.15  0.0    5  2.8  2.2      7116
 7117 2021- 9-23 17:23       55  5  162  5   4.26 0.11  0.0   10  0.7  2.8      7117
 *** DISTANCE & RESIDUAL WEIGHTING CANCELLED FOR EVENT: 2021  9 23 17 32
 7118 2021- 9-23 17:32     - 55 12  162 11  12.74 3.96  0.0    4 97.5 89.5      7118
 7119 2021- 9-23 21:55     - 55 12  163 27   1.56 0.65  0.0   11 23.1 48.3      7119
 7120 2021- 9-23 22:42     - 54 36  162 34   5.00 0.25  0.0    5 22.5 23.0      7120
 *** DISTANCE & RESIDUAL WEIGHTING CANCELLED FOR EVENT: 2021  9 23 23 37
 7121 2021- 9-23 23:37     - 55 10  162 51   5.00 1.50  0.0    4 41.3 90.0      7121
 *** DISTANCE & RESIDUAL WEIGHTING CANCELLED FOR EVENT: 2021  9 24  4 56
 7122 2021- 9-24  4:56     - 54 52  161 33   5.00 0.17  0.0    4 16.3 19.1      7122
 7123 2021- 9-24  7:05     # 55  0  162 17   6.48 0.10  0.0    5  1.4  0.9      7123
 7124 2021- 9-24  7:16     - 54 54  161 25  32.68 0.15  0.0    7 13.3  0.8      7124
 7125 2021- 9-24  7:16     - 54 57  161 25  26.42 0.24  0.0    8 17.5  2.9      7125
  SEQ ---DATE--- TIME REMARK -LAT-  --LON-  DEPTH  RMS PMAG  NUM  ERH  ERZ  ID
 7126 2021- 9-24  7:28     - 54 52  161 10  28.02 0.20  0.0    8 18.7 10.6      7126
 7127 2021- 9-24  7:28     - 54 51  161 14  22.55 0.18  0.0    5 16.9  6.1      7127
 *** DISTANCE & RESIDUAL WEIGHTING CANCELLED FOR EVENT: 2021  9 24  8 18
 7128 2021- 9-24  8:18     # 55 20  161 46   0.19 0.42  0.0    4  5.3 24.3      7128
 7129 2021- 9-24  8:50       55 22  161 47  15.31 0.02  0.0    5  2.2  1.1      7129
 7130 2021- 9-24  8:53       55 21  161 49  16.71 0.00  0.0    4  3.8  2.4      7130
 7131 2021- 9-24  8:55     # 55 22  161 47  16.71 0.05  0.0    5  3.8  1.1      7131
 7132 2021- 9-24  9:07     - 55 27  161 41   0.21 0.02  0.0    4  2.3 12.6      7132
 *** DISTANCE & RESIDUAL WEIGHTING CANCELLED FOR EVENT: 2021  9 24  9  9
 7133 2021- 9-24  9:09     - 55 15  161 34   1.17 0.08  0.0    4  2.7 12.8      7133
 7134 2021- 9-24  9:12       55 20  161 53  11.10 0.00  0.0    4  1.8  2.8      7134
 *** DISTANCE & RESIDUAL WEIGHTING CANCELLED FOR EVENT: 2021  9 24  9 13
 7135 2021- 9-24  9:13     - 55 22  161 46  14.70 6.72  0.0    4 98.5 44.6      7135
 7136 2021- 9-24  9:39     - 54 57  162 16   4.94 0.06  0.0    4 10.7  7.0      7136
 *** DISTANCE & RESIDUAL WEIGHTING CANCELLED FOR EVENT: 2021  9 24  9 39
 7137 2021- 9-24  9:39     - 54 55  162 12   1.03 0.14  0.0    4  2.8 16.7      7137
 7138 2021- 9-24 11:47     # 55 10  162 13   0.53 1.05  0.0    5  7.2 49.2      7138
 *** DISTANCE & RESIDUAL WEIGHTING CANCELLED FOR EVENT: 2021  9 24 11 48
 7139 2021- 9-24 11:47     - 54 50  162 42  13.44 0.42  0.0    4 30.6  5.0      7139
 7140 2021- 9-24 11:55     - 54 59  162 14   0.89 0.09  0.0    5  1.6 14.6      7140
  SEQ ---DATE--- TIME REMARK -LAT-  --LON-  DEPTH  RMS PMAG  NUM  ERH  ERZ  ID
 7141 2021- 9-24 14:00     - 55 17  161 27  20.37 0.27  0.0    5 11.3 16.6      7141
 7142 2021- 9-24 15:32     - 55 29  160 46   5.01 0.16  0.0    7 16.6 18.3      7142
 7143 2021- 9-24 15:32     - 55 21  160 58   5.10 0.22  0.0    5 14.8 22.1      7143
 *** DISTANCE & RESIDUAL WEIGHTING CANCELLED FOR EVENT: 2021  9 24 16  0
 7144 2021- 9-24 15:59     - 55 44  163 25   5.00 0.79  0.0    4 61.2 67.0      7144
 7145 2021- 9-24 16:57     - 54 51  161  9  29.44 0.20  0.0   11 17.1  2.2      7145
 7146 2021- 9-24 16:57     - 54 33  160 58  31.28 0.30  0.0    8 20.9 27.5      7146
 7147 2021- 9-24 16:59     - 54 25  162 33   4.82 0.36  0.0   10 13.7 29.5      7147
 7148 2021- 9-24 19:18       55 21  161 47  14.94 0.08  0.0    6  2.3  1.0      7148
 7149 2021- 9-24 19:19       55 16  161 34   4.05 0.01  0.0    5  2.7  2.9      7149
 *** DISTANCE & RESIDUAL WEIGHTING CANCELLED FOR EVENT: 2021  9 24 19 19
 7150 2021- 9-24 19:19     - 55 23  161 57   6.67 0.21  0.0    4  8.1 13.7      7150
 *** DISTANCE & RESIDUAL WEIGHTING CANCELLED FOR EVENT: 2021  9 24 19 20
 7151 2021- 9-24 19:20     - 55 14  162  7   2.44 0.67  0.0    5  9.9 50.3      7151
 7152 2021- 9-24 23:01     - 55 59  162 30   0.02 0.31  0.0    7 12.1 26.3      7152
 *** DISTANCE & RESIDUAL WEIGHTING CANCELLED FOR EVENT: 2021  9 24 23 19
 7153 2021- 9-24 23:18     # 55 23  161 47   5.01 0.30  0.0    4  8.2  7.0      7153
 7154 2021- 9-24 23:51     - 55 16  160 48   5.00 0.08  0.0    6 13.0 14.1      7154
 7155 2021- 9-24 23:51     - 55 56  162 12   5.06 0.31  0.0    5 23.6 28.3      7155
  SEQ ---DATE--- TIME REMARK -LAT-  --LON-  DEPTH  RMS PMAG  NUM  ERH  ERZ  ID
 7156 2021- 9-25  0:49       55 19  162  7  23.24 0.00  0.0    4  8.5  2.1      7156
 7157 2021- 9-25  0:52       55 16  161 39   7.93 0.00  0.0    5  1.5  3.7      7157
 7158 2021- 9-25  0:58     - 55 15  161 37   3.28 0.10  0.0    5  2.6 11.2      7158
 *** DISTANCE & RESIDUAL WEIGHTING CANCELLED FOR EVENT: 2021  9 25  1  0
 7159 2021- 9-25  1:00     - 55  9  161 45   5.00 0.80  0.0    4 50.9 16.0      7159
 7160 2021- 9-25  1:01     - 55 17  161 35   3.48 0.02  0.0    4  2.9  9.6      7160
 *** DISTANCE & RESIDUAL WEIGHTING CANCELLED FOR EVENT: 2021  9 25  1  3
 7161 2021- 9-25  1:03     - 55 14  161 34   1.13 0.34  0.0    4  6.7 28.1      7161
 *** DISTANCE & RESIDUAL WEIGHTING CANCELLED FOR EVENT: 2021  9 25  1  4
 7162 2021- 9-25  1:04     # 55 28  161 53   4.93 0.57  0.0    5 11.7 31.1      7162
 7163 2021- 9-25  1:08       55 19  161 55  16.28 0.00  0.0    4  3.3  1.2      7163
 *** DISTANCE & RESIDUAL WEIGHTING CANCELLED FOR EVENT: 2021  9 25  1  8
 7164 2021- 9-25  1:08     - 55 29  162  4   5.58 0.35  0.0    4  8.2 29.0      7164
 7165 2021- 9-25  1:10     - 55 23  161 50   0.38 0.06  0.0    4  1.1  9.7      7165
 7166 2021- 9-25  2:59     - 55  0  161 45  45.65 0.12  0.0    5 11.9  8.4      7166
 7167 2021- 9-25  2:59     - 54 41  161  4  33.44 0.35  0.0    7 26.8 30.7      7167
 *** DISTANCE & RESIDUAL WEIGHTING CANCELLED FOR EVENT: 2021  9 25  3 16
 7168 2021- 9-25  3:16     - 54 51  161 29  24.90 0.18  0.0    4 16.2 10.2      7168
 7169 2021- 9-25  3:16     - 54 53  161 32   5.05 0.09  0.0    4  5.9 14.5      7169
 7170 2021- 9-25  3:25     - 55 19  163 29  44.93 0.50  0.0    6 10.9 30.9      7170
  SEQ ---DATE--- TIME REMARK -LAT-  --LON-  DEPTH  RMS PMAG  NUM  ERH  ERZ  ID
 7171 2021- 9-25  5:10     - 55  9  160 25   5.00 0.32  0.0    9 24.9 29.1      7171
 7172 2021- 9-25  5:11     - 56  2  162  9   5.00 0.14  0.0    4 14.0 16.7      7172
 *** DISTANCE & RESIDUAL WEIGHTING CANCELLED FOR EVENT: 2021  9 25  5 36
 7173 2021- 9-25  5:35     - 55 18  162  4  11.92 2.77  0.0    4 98.9 52.8      7173
 7174 2021- 9-25  5:50     - 54 54  161 22  17.45 0.14  0.0    5 15.1 11.2      7174
 7175 2021- 9-25  7:52     - 54 49  160 53  36.32 0.20  0.0    8 18.0 15.5      7175
 7176 2021- 9-25  7:52     - 55  3  160 58   5.03 0.15  0.0    5 15.3 16.1      7176
 7177 2021- 9-25  7:59     - 55 24  162 46   5.03 0.08  0.0    4  3.4 14.1      7177
 7178 2021- 9-25  8:03     - 54 52  161  1  33.11 0.20  0.0   10 17.3 20.7      7178
 7179 2021- 9-25  8:03     - 54 39  160 23  26.13 0.35  0.0    9 25.2 31.2      7179
 7180 2021- 9-25  9:12     - 54 44  160 29   5.84 0.17  0.0    9 11.0 11.4      7180
 7181 2021- 9-25  9:12     - 55  4  161 23  27.71 0.06  0.0    7  9.0  2.9      7181
 7182 2021- 9-25  9:18       55 25  161 48  12.87 0.02  0.0    4  1.2  2.5      7182
 7183 2021- 9-25  9:19       55 22  161 48  15.42 0.06  0.0    7  1.7  0.9      7183
 7184 2021- 9-25  9:21       55 24  161 53  15.54 0.06  0.0    7  1.6  1.2      7184
 7185 2021- 9-25  9:25       55 19  161 56  13.86 0.04  0.0    5  1.7  0.8      7185
  SEQ ---DATE--- TIME REMARK -LAT-  --LON-  DEPTH  RMS PMAG  NUM  ERH  ERZ  ID
 7186 2021- 9-25  9:25     - 55 27  161 48   0.38 0.44  0.0    5  4.7 34.8      7186
 7187 2021- 9-25 10:22     - 54 56  161 10  25.54 0.22  0.0    9 17.8  9.1      7187
 7188 2021- 9-25 10:22     - 54 44  160 40  24.13 0.24  0.0   11 16.6  3.9      7188
 7189 2021- 9-25 10:35     - 54 31  162 27   5.00 0.52  0.0    4 44.8 41.1      7189
 *** DISTANCE & RESIDUAL WEIGHTING CANCELLED FOR EVENT: 2021  9 25 11 22
 7190 2021- 9-25 11:22     - 55 20  163 25   5.00 1.36  0.0    5 41.8 89.7      7190
 7191 2021- 9-25 12:45     - 55 26  161 39   6.46 0.22  0.0    5 21.3  1.0      7191
 *** DISTANCE & RESIDUAL WEIGHTING CANCELLED FOR EVENT: 2021  9 25 12 46
 7192 2021- 9-25 12:45     - 55 52  162 15   5.00 0.77  0.0    5 56.4 64.5      7192
 *** DISTANCE & RESIDUAL WEIGHTING CANCELLED FOR EVENT: 2021  9 25 12 58
 7193 2021- 9-25 12:58     - 55 16  160 30   5.03 0.57  0.0    6 35.1 48.5      7193
 *** DISTANCE & RESIDUAL WEIGHTING CANCELLED FOR EVENT: 2021  9 25 13  5
 7194 2021- 9-25 13:05     - 55 44  162 58   5.00 0.28  0.0    4 11.0 23.8      7194
 7195 2021- 9-25 16:16     - 55 27  161 57   6.30 0.12  0.0    5  5.5 12.2      7195
 7196 2021- 9-25 16:17       55 20  161 52  17.78 0.12  0.0    7  3.1  1.2      7196
 *** DISTANCE & RESIDUAL WEIGHTING CANCELLED FOR EVENT: 2021  9 25 16 19
 7197 2021- 9-25 16:19     # 55 24  161 54   4.77 0.37  0.0    5  4.0 14.7      7197
 7198 2021- 9-25 16:21     - 55 17  161 38   5.41 0.01  0.0    4  9.4  0.9      7198
 7199 2021- 9-25 18:36     - 54 56  161 35   5.00 0.06  0.0    4  9.6 13.4      7199
 7200 2021- 9-25 18:37     - 55 11  161 54   0.59 0.14  0.0    4  1.1 13.1      7200
  SEQ ---DATE--- TIME REMARK -LAT-  --LON-  DEPTH  RMS PMAG  NUM  ERH  ERZ  ID
 7201 2021- 9-25 22:51       55 20  161 46  18.45 0.03  0.0    5  2.3  1.0      7201
 7202 2021- 9-25 22:57       55 23  161 45  15.95 0.00  0.0    5  2.3  0.8      7202
 7203 2021- 9-25 22:58     - 55 10  161 36   1.20 0.05  0.0    5  3.3 12.5      7203
 7204 2021- 9-25 22:59       55 25  161 53  14.12 0.05  0.0    5  1.5  1.1      7204
 *** DISTANCE & RESIDUAL WEIGHTING CANCELLED FOR EVENT: 2021  9 25 23  0
 7205 2021- 9-25 23:00     # 55 25  161 52   1.19 0.69  0.0    4  3.1 39.8      7205
 7206 2021- 9-26  0:19     - 54 58  161  5   3.25 0.41  0.0    9 13.9 30.9      7206
 *** DISTANCE & RESIDUAL WEIGHTING CANCELLED FOR EVENT: 2021  9 26  0 19
 7207 2021- 9-26  0:19     # 55 22  161 45  29.87 0.68  0.0    6 15.8  5.3      7207
 7208 2021- 9-26  0:19       55 10  161 52   7.37 0.00  0.0    4  1.9  1.2      7208
 7209 2021- 9-26  0:26       54 55  162 12   1.26 0.02  0.0    6  1.6  2.4      7209
 *** DISTANCE & RESIDUAL WEIGHTING CANCELLED FOR EVENT: 2021  9 26  0 27
 7210 2021- 9-26  0:26     - 55  2  163 20   5.00 0.72  0.0    4 50.1 60.8      7210
 7211 2021- 9-26  2:13     - 54 34  161 39   4.01 0.47  0.0    8 16.0 33.8      7211
 7212 2021- 9-26  2:44     - 54 57  162 13   2.82 0.07  0.0    4  3.3 13.5      7212
 7213 2021- 9-26  2:44     - 54 58  162 19   3.15 0.17  0.0    4 12.8  6.9      7213
 7214 2021- 9-26  3:07       55 25  161 50  14.34 0.06  0.0    7  1.1  0.9      7214
 7215 2021- 9-26  3:22     - 55 18  160 37  43.44 0.13  0.0    9 13.3  7.0      7215
  SEQ ---DATE--- TIME REMARK -LAT-  --LON-  DEPTH  RMS PMAG  NUM  ERH  ERZ  ID
 7216 2021- 9-26  3:22     - 55 14  159 48   5.03 0.15  0.0    9 15.5 17.3      7216
 *** DISTANCE & RESIDUAL WEIGHTING CANCELLED FOR EVENT: 2021  9 26  5 30
 7217 2021- 9-26  5:30     # 55  2  161 53   5.00 2.49  0.0    4 75.1 39.5      7217
 7218 2021- 9-26  5:48       55 22  161 48  16.32 0.02  0.0    5  2.9  1.0      7218
 7219 2021- 9-26  5:49       55 24  161 53  14.24 0.00  0.0    5  2.5  1.9      7219
 7220 2021- 9-26  5:50       55 21  161 49  16.60 0.08  0.0    6  2.4  1.0      7220
 *** DISTANCE & RESIDUAL WEIGHTING CANCELLED FOR EVENT: 2021  9 26  5 55
 7221 2021- 9-26  5:55     - 55 25  161 51   1.26 0.20  0.0    4  3.4 16.8      7221
 *** DISTANCE & RESIDUAL WEIGHTING CANCELLED FOR EVENT: 2021  9 26  5 59
 7222 2021- 9-26  5:59     # 55 19  161 54  11.75 0.55  0.0    5  8.6 12.6      7222
 7223 2021- 9-26  6:00       55 27  161 41  13.07 0.02  0.0    5  3.1  2.5      7223
 *** DISTANCE & RESIDUAL WEIGHTING CANCELLED FOR EVENT: 2021  9 26  6  0
 7224 2021- 9-26  6:00     - 54 39  161 53   5.00 0.52  0.0    4 26.5 41.1      7224
 7225 2021- 9-26  6:04     - 55 16  162  5   2.30 0.56  0.0    4 11.8 39.6      7225
 7226 2021- 9-26  6:06       55 23  161 46  21.45 0.00  0.0    4  3.8  1.2      7226
 7227 2021- 9-26  7:59     - 55 17  161 41  44.06 0.07  0.0    4  6.8 10.0      7227
 *** DISTANCE & RESIDUAL WEIGHTING CANCELLED FOR EVENT: 2021  9 26  9 18
 7228 2021- 9-26  9:18     - 54 55  161 12  21.02 0.30  0.0    5 26.5 17.8      7228
 7229 2021- 9-26  9:18     - 55  8  160 34   5.01 0.31  0.0    4 24.8 26.1      7229
 7230 2021- 9-26 10:49     - 54 30  161 16   3.92 0.10  0.0    4  6.3 13.7      7230
 *** DISTANCE & RESIDUAL WEIGHTING CANCELLED FOR EVENT: 2021  9 26 12 19
  SEQ ---DATE--- TIME REMARK -LAT-  --LON-  DEPTH  RMS PMAG  NUM  ERH  ERZ  ID
 7231 2021- 9-26 12:19     - 55 26  161 55   3.49 1.15  0.0    4 25.6 84.5      7231
 *** DISTANCE & RESIDUAL WEIGHTING CANCELLED FOR EVENT: 2021  9 26 12 28
 7232 2021- 9-26 12:28     - 54 33  162 50   5.00 0.53  0.0    4 20.1 41.5      7232
 7233 2021- 9-26 12:54     - 54 23  162  5   4.49 0.08  0.0    7  6.0 13.0      7233
 7234 2021- 9-26 13:02       54 54  162 11   2.42 0.01  0.0    4  2.7  3.4      7234
 7235 2021- 9-26 13:02     - 54 29  162  1   5.01 0.39  0.0    9 27.9 34.1      7235
 *** DISTANCE & RESIDUAL WEIGHTING CANCELLED FOR EVENT: 2021  9 26 14  2
 7236 2021- 9-26 14:01     - 55 29  163 25   4.63 0.15  0.0    4  7.8 15.5      7236
 *** DISTANCE & RESIDUAL WEIGHTING CANCELLED FOR EVENT: 2021  9 26 14  5
 7237 2021- 9-26 14:04     - 56  5  163  5   4.33 0.21  0.0    4 14.7 15.8      7237
 7238 2021- 9-26 15:24     - 56  8  162 24   4.94 0.14  0.0    4  7.2 15.3      7238
 *** DISTANCE & RESIDUAL WEIGHTING CANCELLED FOR EVENT: 2021  9 26 16 23
 7239 2021- 9-26 16:23     - 54 58  162 16   5.00 0.61  0.0    4 49.2  9.3      7239
 7240 2021- 9-26 16:24     - 54 58  162 20   5.08 0.01  0.0    4 10.4  5.8      7240
 7241 2021- 9-26 17:20     - 54 56  163  4   6.27 1.25  0.0    6 65.9 99.0      7241
 *** DISTANCE & RESIDUAL WEIGHTING CANCELLED FOR EVENT: 2021  9 26 17 23
 7242 2021- 9-26 17:23     - 55  9  162 18   5.00 0.73  0.0    4 46.9 40.4      7242
 7243 2021- 9-26 17:39     - 54 41  160 56   4.20 0.24  0.0   17  7.4 16.3      7243
 7244 2021- 9-26 17:57     - 54 52  161 13  22.70 0.12  0.0    7 14.8  8.8      7244
 7245 2021- 9-26 17:57     - 54 52  161 10  23.06 0.11  0.0    5 14.4  4.6      7245
  SEQ ---DATE--- TIME REMARK -LAT-  --LON-  DEPTH  RMS PMAG  NUM  ERH  ERZ  ID
 7246 2021- 9-26 18:54     - 55 42  162 58   4.60 1.39  0.0   13 38.6 86.7      7246
 7247 2021- 9-26 19:10     - 55 15  161 37   1.20 0.01  0.0    5  1.8 11.9      7247
 7248 2021- 9-26 19:15       55 21  161 49  15.53 0.04  0.0    6  2.4  1.1      7248
 7249 2021- 9-26 21:19     - 54 56  161 25  33.09 0.17  0.0    4 18.1  6.4      7249
 7250 2021- 9-26 21:19     - 55 13  161 56   2.43 0.51  0.0    4  5.2 38.4      7250
 7251 2021- 9-27  0:31     - 55 15  160 52   5.00 0.16  0.0    7 16.4 18.4      7251
 7252 2021- 9-27  0:31     - 55  7  160 27   2.03 0.16  0.0    9 15.5 18.0      7252
 7253 2021- 9-27  1:24     - 55 27  161 23   5.90 0.30  0.0    4 25.9 26.5      7253
 7254 2021- 9-27  1:33     - 55  1  160 41   5.01 0.30  0.0    7 25.4 28.0      7254
 7255 2021- 9-27  1:34       55 15  162  2   4.34 0.02  0.0    4  0.8  0.9      7255
 7256 2021- 9-27  1:40     - 54 36  161 18   5.00 0.19  0.0   16  7.1 15.1      7256
 7257 2021- 9-27  2:43     # 54 24  162 48  47.06 0.35  0.0    6 16.9 11.6      7257
 7258 2021- 9-27  3:04     - 55 26  162  1   5.16 0.02  0.0    4  4.5 11.8      7258
 *** DISTANCE & RESIDUAL WEIGHTING CANCELLED FOR EVENT: 2021  9 27  3 48
 7259 2021- 9-27  3:48     - 55 17  161 40   5.81 0.85  0.0    4 72.0  3.9      7259
 7260 2021- 9-27  3:58       55 21  161 45  17.75 0.11  0.0    7  2.2  1.2      7260
  SEQ ---DATE--- TIME REMARK -LAT-  --LON-  DEPTH  RMS PMAG  NUM  ERH  ERZ  ID
 7261 2021- 9-27  3:58       55 24  161 34  12.89 0.01  0.0    4  2.6  2.1      7261
 7262 2021- 9-27  4:01       55 23  161 45  17.59 0.12  0.0    6  2.1  0.8      7262
 *** DISTANCE & RESIDUAL WEIGHTING CANCELLED FOR EVENT: 2021  9 27  4  2
 7263 2021- 9-27  4:02     # 55 21  161 56   8.64 0.45  0.0    5  5.6 10.2      7263
 7264 2021- 9-27  4:03       55 20  161 51  18.56 0.01  0.0    5  2.1  1.1      7264
 7265 2021- 9-27  4:04       55 22  161 47  18.07 0.00  0.0    4  4.8  1.1      7265
 *** DISTANCE & RESIDUAL WEIGHTING CANCELLED FOR EVENT: 2021  9 27  4 11
 7266 2021- 9-27  4:11     - 55 23  161 54   4.73 0.41  0.0    5  8.3 26.3      7266
 *** DISTANCE & RESIDUAL WEIGHTING CANCELLED FOR EVENT: 2021  9 27  4 42
 7267 2021- 9-27  4:42     # 55 25  161 50   7.84 0.48  0.0    4  9.4 16.6      7267
 7268 2021- 9-27  5:06     - 55  5  161 21   5.01 0.12  0.0    5 13.5 15.8      7268
 *** DISTANCE & RESIDUAL WEIGHTING CANCELLED FOR EVENT: 2021  9 27  5  6
 7269 2021- 9-27  5:06     - 54 57  161 29  50.81 1.15  0.0    5 72.1 46.2      7269
 7270 2021- 9-27  6:18     - 54 58  161 30  23.02 0.21  0.0    7 16.2  5.7      7270
 7271 2021- 9-27  6:18     - 54 55  161 23  16.87 0.04  0.0    4 12.0  1.1      7271
 7272 2021- 9-27  8:56     - 55 19  160 54  34.72 0.19  0.0    7 16.7 13.4      7272
 *** DISTANCE & RESIDUAL WEIGHTING CANCELLED FOR EVENT: 2021  9 27  8 57
 7273 2021- 9-27  8:56     - 55 27  161 30  16.88 0.01  0.0    4  9.3  0.6      7273
 7274 2021- 9-27 10:17     - 55 37  161 31   2.99 0.03  0.0    4  1.4 12.6      7274
 7275 2021- 9-27 13:01     - 54 55  161  4  30.40 0.21  0.0   11 16.4  2.2      7275
  SEQ ---DATE--- TIME REMARK -LAT-  --LON-  DEPTH  RMS PMAG  NUM  ERH  ERZ  ID
 7276 2021- 9-27 13:02     - 54 50  161  3  32.54 0.23  0.0    9 10.7 22.8      7276
 7277 2021- 9-27 13:59     - 55 26  162 27   7.22 0.43  0.0    7  3.4 37.7      7277
 7278 2021- 9-27 13:59     - 55  1  162 26   5.00 0.41  0.0    5 33.6 27.0      7278
 7279 2021- 9-27 15:09     - 55 16  161 35   6.94 0.04  0.0    5  2.9 11.2      7279
 7280 2021- 9-27 15:11     - 54 51  161 35   2.58 0.23  0.0    4 17.5 20.9      7280
 7281 2021- 9-27 18:43     - 55  8  161 55   7.37 0.10  0.0    4 10.1 11.1      7281
 7282 2021- 9-27 19:20     - 54 53  160 28   4.74 0.20  0.0    6  9.1 18.7      7282
 7283 2021- 9-27 22:33       55 21  161 46  17.54 0.07  0.0    7  2.0  0.8      7283
 7284 2021- 9-27 22:43       55 20  161 51  16.22 0.07  0.0    7  2.7  1.2      7284
 7285 2021- 9-27 23:56     - 55 16  161 10   5.00 0.08  0.0    7 10.8 14.2      7285
 7286 2021- 9-27 23:56     - 55 21  160 36   5.01 0.27  0.0    6 20.6 25.1      7286
 7287 2021- 9-28  0:21     - 54 54  162 22  17.85 0.06  0.0    5 10.0  7.1      7287
 7288 2021- 9-28 12:06     - 55  0  161 33   5.00 0.26  0.0    6 18.4 24.8      7288
 7289 2021- 9-28 12:06     - 54 50  161  2  31.33 0.27  0.0    7 22.6  2.4      7289
 7290 2021- 9-28 15:57     - 55 32  161 54   5.02 0.11  0.0    4  4.0 15.0      7290
  SEQ ---DATE--- TIME REMARK -LAT-  --LON-  DEPTH  RMS PMAG  NUM  ERH  ERZ  ID
 7291 2021- 9-28 17:02     - 55  5  161 36   9.30 0.15  0.0    5  4.8 11.9      7291
 7292 2021- 9-28 21:33     - 54 50  161 21  32.16 0.30  0.0    7 20.7  1.7      7292
 7293 2021- 9-29  1:12     - 55  3  161 27   5.82 0.17  0.0    5 18.1 18.9      7293
 7294 2021- 9-29  1:12     - 55  2  161  2   5.02 0.10  0.0    4 13.0 13.6      7294
 *** DISTANCE & RESIDUAL WEIGHTING CANCELLED FOR EVENT: 2021  9 29  5 14
 7295 2021- 9-29  5:14     - 55 19  161 29  23.90 0.24  0.0    5 19.3  6.7      7295
 *** DISTANCE & RESIDUAL WEIGHTING CANCELLED FOR EVENT: 2021  9 29  8 44
 7296 2021- 9-29  8:44     # 55  3  162 12  15.04 0.34  0.0    4  5.9 18.3      7296
 7297 2021- 9-29 11:31     - 55 31  161 59   6.15 0.22  0.0    4  8.2 19.8      7297
 *** DISTANCE & RESIDUAL WEIGHTING CANCELLED FOR EVENT: 2021  9 29 11 32
 7298 2021- 9-29 11:32     # 55 13  161 54   5.00 0.56  0.0    4  4.1  2.6      7298
 7299 2021- 9-29 14:25       55 17  161 41  14.78 0.05  0.0    6  3.0  1.5      7299
 7300 2021- 9-29 15:59     - 55 20  162 37  21.18 0.11  0.0    4 13.4 10.0      7300
 7301 2021- 9-29 17:32     - 54 60  162 30   7.17 0.08  0.0    4  4.0 13.1      7301
 7302 2021- 9-29 23:07       55 17  161 40  15.87 0.09  0.0    5  4.0  2.5      7302
 7303 2021- 9-29 23:59     - 55  6  162 34   2.17 0.31  0.0    4 12.0 25.7      7303
 7304 2021- 9-30  1:02       55 10  162 16   4.97 0.12  0.0   14  0.8  0.6      7304
 7305 2021- 9-30  4:38     # 55 21  161 48  18.34 0.05  0.0    5  3.7  0.9      7305
  SEQ ---DATE--- TIME REMARK -LAT-  --LON-  DEPTH  RMS PMAG  NUM  ERH  ERZ  ID
 7306 2021- 9-30  5:36     - 54 58  162 17   6.98 0.15  0.0    4 13.5 11.5      7306
 7307 2021- 9-30  6:25     - 55 15  161 38   2.32 0.06  0.0    4  2.0 13.2      7307
 7308 2021- 9-30 10:54     - 54 56  161 24  25.70 0.24  0.0    9 18.1  7.9      7308
 7309 2021- 9-30 10:54       54 47  161  6  30.02 0.13  0.0    7  9.2  1.4      7309
 7310 2021- 9-30 11:05     - 54 50  161 49   5.10 0.05  0.0    4  3.3 13.1      7310
 7311 2021- 9-30 12:05     - 54 31  160 49   5.40 0.18  0.0    8 16.7 19.3      7311
 7312 2021- 9-30 12:06       54 53  161 25  30.27 0.04  0.0    5  7.1  3.1      7312
 7313 2021- 9-30 16:10       55  0  162 19  13.71 0.03  0.0    5  4.8  7.2      7313
 7314 2021- 9-30 23:14     - 55  1  161 52  18.29 0.04  0.0    4 10.8  5.5      7314
 7315 2021- 9-30 23:14     - 54 48  161 20   5.07 0.08  0.0    4  8.8 14.0      7315
 7316 2021- 9-30 23:15     - 55 21  161  2   5.23 0.10  0.0    5 12.9 14.8      7316
 7317 2021- 9-30 23:15     - 55 15  160 56   5.33 0.14  0.0    6 13.2 17.0      7317
 7318 2021-10- 1  0:12     - 55  2  162 13   5.06 0.14  0.0    4  3.1 14.5      7318
 *** DISTANCE & RESIDUAL WEIGHTING CANCELLED FOR EVENT: 2021 10  1  3 56
 7319 2021-10- 1  3:56     - 55  3  162 13   4.97 1.44  0.0    5 68.1 58.6      7319
 7320 2021-10- 1  3:55     - 54 16  162 37   4.35 0.18  0.0    4 16.4 11.7      7320
  SEQ ---DATE--- TIME REMARK -LAT-  --LON-  DEPTH  RMS PMAG  NUM  ERH  ERZ  ID
 7321 2021-10- 1  5:08       54 59  162 13   3.75 0.07  0.0    5  2.0  6.3      7321
 7322 2021-10- 1  7:34     - 54 27  161 56   4.74 0.14  0.0    7  7.2 15.2      7322
 7323 2021-10- 1  7:59     - 55 25  161 56  27.43 0.06  0.0    6  2.6 12.1      7323
 7324 2021-10- 1 12:27     - 55  5  161 43  23.85 0.18  0.0    7 12.0  6.9      7324
 7325 2021-10- 1 12:27     - 54 51  161 11  16.70 0.21  0.0    8 10.4 21.3      7325
 7326 2021-10- 1 14:13     - 55 21  160 58  41.49 0.19  0.0   10 16.6  6.6      7326
 *** DISTANCE & RESIDUAL WEIGHTING CANCELLED FOR EVENT: 2021 10  1 14 14
 7327 2021-10- 1 14:14     # 55 30  162  4  14.02 0.58  0.0    4  5.3 27.3      7327
 7328 2021-10- 1 17:29     - 55 14  161 14   1.30 0.11  0.0    4 12.1  4.2      7328
 7329 2021-10- 1 21:23     - 54 58  162 26  19.06 0.02  0.0    5  8.4  6.9      7329
 *** DISTANCE & RESIDUAL WEIGHTING CANCELLED FOR EVENT: 2021 10  2  6 54
 7330 2021-10- 2  6:54     # 55 28  161 48   8.69 0.51  0.0    5 13.8 16.2      7330
 *** 3 PHASES CANT SOLVE SEQUENCE NO. 7331, ID NO.      7331
 *** ABANDON EVENT WITH ONLY 3 READINGS:2021 10  2 23 41
 *** DISTANCE & RESIDUAL WEIGHTING CANCELLED FOR EVENT: 2021 10  3 18  9
 7332 2021-10- 3 18:09     - 55 21  162 57   5.00 0.87  0.0    4 30.5 66.5      7332
 7333 2021-10- 4 11:07     - 55 38  162 25   7.08 0.18  0.0    4  5.1 19.6      7333
 *** DISTANCE & RESIDUAL WEIGHTING CANCELLED FOR EVENT: 2021 10  4 11  8
 7334 2021-10- 4 11:07     - 55 37  162  8   3.00 0.25  0.0    4  4.3 18.2      7334
 7335 2021-10- 4 20:52     - 54 14  162 56   0.06 0.13  0.0    5 13.3  8.1      7335
  SEQ ---DATE--- TIME REMARK -LAT-  --LON-  DEPTH  RMS PMAG  NUM  ERH  ERZ  ID
 7336 2021-10- 4 23:59     - 55 26  161 54   8.67 0.06  0.0    5  1.4  9.6      7336
 7337 2021-10- 5  2:40     - 54 27  161 43   4.06 0.14  0.0    8  7.3 15.4      7337
 *** DISTANCE & RESIDUAL WEIGHTING CANCELLED FOR EVENT: 2021 10  5  4 27
 7338 2021-10- 5  4:27     # 55 22  161 58   5.00 0.40  0.0    4  7.8 13.1      7338
 7339 2021-10- 5  4:28       55 21  161 48   0.88 0.04  0.0    4  1.2  5.2      7339
 *** DISTANCE & RESIDUAL WEIGHTING CANCELLED FOR EVENT: 2021 10  5  4 31
 7340 2021-10- 5  4:31     - 55 24  161 57   5.12 0.50  0.0    4  7.5 42.5      7340
 7341 2021-10- 5  5:47     - 54 28  163 13   5.10 0.19  0.0    6  8.7 18.1      7341
 7342 2021-10- 5  7:59     - 55 18  162  3  13.43 0.03  0.0    4  1.6 12.6      7342
 7343 2021-10- 5  9:17     - 55  1  161 37   0.17 0.21  0.0    7 16.3  3.8      7343
 7344 2021-10- 5  9:17     - 54 47  161 53   4.99 0.18  0.0    9  4.4 19.2      7344
 7345 2021-10- 5 11:39       55 22  161 34   9.65 0.08  0.0    5  2.5  2.8      7345
 7346 2021-10- 5 15:44       55 18  161 33  38.17 0.15  0.0    7  4.5  3.5      7346
 7347 2021-10- 5 15:59     - 55 27  161 53  23.49 0.00  0.0    4  4.1 12.2      7347
 7348 2021-10- 5 16:39     - 54 41  163 38   5.13 0.07  0.0    5  5.8 12.6      7348
 7349 2021-10- 5 18:22     # 54 48  163  3  25.81 0.89  0.0    7 18.8 36.3      7349
 7350 2021-10- 5 19:58     - 54 36  162 34  32.75 0.03  0.0    4 12.7  0.6      7350
 *** DISTANCE & RESIDUAL WEIGHTING CANCELLED FOR EVENT: 2021 10  5 19 58
  SEQ ---DATE--- TIME REMARK -LAT-  --LON-  DEPTH  RMS PMAG  NUM  ERH  ERZ  ID
 7351 2021-10- 5 19:58     # 55 22  162  1  11.74 1.41  0.0    4 16.0 21.3      7351
 7352 2021-10- 5 19:59       55 28  161 35  27.48 0.00  0.0    4  5.8  3.0      7352
 *** DISTANCE & RESIDUAL WEIGHTING CANCELLED FOR EVENT: 2021 10  5 22 15
 7353 2021-10- 5 22:15     # 55 25  161 30  21.38 0.96  0.0    5 31.7 15.5      7353
 7354 2021-10- 5 22:59     # 54 52  162 10   0.06 0.10  0.0   10  3.4  1.5      7354
 7355 2021-10- 5 23:00     - 54 57  162 15   2.73 0.08  0.0    5 10.9  1.6      7355
 7356 2021-10- 5 23:59     - 55 25  161 55  23.56 0.05  0.0    5  3.3 11.6      7356
 7357 2021-10- 6  2:02     - 55  9  161 52  17.60 0.05  0.0    4 12.1  4.4      7357
 7358 2021-10- 6  3:31     - 55  9  163 23   2.76 0.26  0.0    5 10.7 22.9      7358
 7359 2021-10- 6  3:42       54 49  162 12   1.52 0.20  0.0   10  7.6  1.8      7359
 7360 2021-10- 6  3:43     # 54 55  162 16   5.52 0.07  0.0    5  6.6  5.8      7360
 *** DISTANCE & RESIDUAL WEIGHTING CANCELLED FOR EVENT: 2021 10  6  3 52
 7361 2021-10- 6  3:52     # 55 26  161 51   4.99 0.38  0.0    4  2.3  9.1      7361
 7362 2021-10- 6  4:08     - 55  9  161 19  20.87 0.04  0.0    4 12.5  5.6      7362
 *** DISTANCE & RESIDUAL WEIGHTING CANCELLED FOR EVENT: 2021 10  6  4  9
 7363 2021-10- 6  4:09     # 55 18  161 38  18.30 1.15  0.0    4 24.3 33.1      7363
 *** DISTANCE & RESIDUAL WEIGHTING CANCELLED FOR EVENT: 2021 10  6  4 52
 7364 2021-10- 6  4:51     - 55  9  163 43   5.00 0.38  0.0    4 14.4 30.9      7364
 7365 2021-10- 6  5:22     # 54 53  162 14   5.37 0.12  0.0    7  4.2  1.0      7365
  SEQ ---DATE--- TIME REMARK -LAT-  --LON-  DEPTH  RMS PMAG  NUM  ERH  ERZ  ID
 7366 2021-10- 6  6:28     - 54 60  162 26   7.09 0.00  0.0    4  7.2  7.2      7366
 7367 2021-10- 6  6:28     - 54 58  162 17   3.40 0.02  0.0    4 10.1  7.3      7367
 7368 2021-10- 6  6:43     - 55  0  162 13   0.30 0.10  0.0    7  0.7 12.8      7368
 7369 2021-10- 6  6:43     - 55  8  162 33   4.67 0.02  0.0    4 11.7  3.1      7369
 *** DISTANCE & RESIDUAL WEIGHTING CANCELLED FOR EVENT: 2021 10  6  8  0
 7370 2021-10- 6  7:59     - 55 20  161 45   5.00 1.81  0.0    5 85.7 49.6      7370
 7371 2021-10- 6  9:02     - 55 24  161  6  44.15 0.17  0.0    8 15.8  5.7      7371
 *** DISTANCE & RESIDUAL WEIGHTING CANCELLED FOR EVENT: 2021 10  6  9  3
 7372 2021-10- 6  9:02     # 55 13  161 47   9.13 0.44  0.0    5  4.9 17.1      7372
 7373 2021-10- 6 12:40     - 54 20  162 31   3.86 0.38  0.0    4 33.8 30.7      7373
 7374 2021-10- 6 15:07     - 54 56  163 33   4.97 0.06  0.0    4  5.6 12.2      7374
 7375 2021-10- 6 15:50     - 54 55  160 57  32.52 0.34  0.0    5 29.1 30.4      7375
 *** DISTANCE & RESIDUAL WEIGHTING CANCELLED FOR EVENT: 2021 10  6 16  0
 7376 2021-10- 6 15:59     # 55 17  162  3   5.00 0.46  0.0    4  3.7 27.6      7376
 7377 2021-10- 6 17:06     - 55 22  161 54   4.31 0.02  0.0    4  4.3  8.7      7377
 7378 2021-10- 6 21:17     - 55  6  163 32   3.70 0.52  0.0    8 19.1 40.4      7378
 7379 2021-10- 6 23:59     - 55 20  162  8  11.96 0.06  0.0    5  1.3 12.8      7379
 *** DISTANCE & RESIDUAL WEIGHTING CANCELLED FOR EVENT: 2021 10  7  6  8
 7380 2021-10- 7  6:07     - 55 22  161 54   2.49 0.64  0.0    4 24.9 35.7      7380
  SEQ ---DATE--- TIME REMARK -LAT-  --LON-  DEPTH  RMS PMAG  NUM  ERH  ERZ  ID
 7381 2021-10- 7  6:08       55 27  161 57  41.39 0.13  0.0    9  2.7  1.5      7381
 *** DISTANCE & RESIDUAL WEIGHTING CANCELLED FOR EVENT: 2021 10  7  8 35
 7382 2021-10- 7  8:35     # 55 26  161 56  16.13 0.69  0.0    4  5.5 13.5      7382
 *** DISTANCE & RESIDUAL WEIGHTING CANCELLED FOR EVENT: 2021 10  7  8 41
 7383 2021-10- 7  8:41     # 55 27  161 55   2.50 0.31  0.0    4  3.2 17.0      7383
 7384 2021-10- 7 12:25     - 55 28  161 43   4.97 0.07  0.0    4  1.2 12.5      7384
 7385 2021-10- 7 15:59     - 55 22  162 19   6.57 0.14  0.0    4  2.1 17.1      7385
 7386 2021-10- 7 16:55       55 24  161 52   6.39 0.02  0.0    4  1.7  4.0      7386
 7387 2021-10- 7 20:12     - 55  6  160 59   4.93 0.10  0.0    4  6.1 13.5      7387
 *** DISTANCE & RESIDUAL WEIGHTING CANCELLED FOR EVENT: 2021 10  7 20 41
 7388 2021-10- 7 20:41     - 55 22  161 33   2.08 0.49  0.0    5  5.2 38.9      7388
 *** DISTANCE & RESIDUAL WEIGHTING CANCELLED FOR EVENT: 2021 10  8  0  1
 7389 2021-10- 8  0:01     # 55 26  161 58   4.98 0.50  0.0    4 17.8 17.4      7389
 *** 3 PHASES CANT SOLVE SEQUENCE NO. 7390, ID NO.      7390
 *** ABANDON EVENT WITH ONLY 3 READINGS:2021 10  8  6  7
 *** 3 PHASES CANT SOLVE SEQUENCE NO. 7391, ID NO.      7391
 *** ABANDON EVENT WITH ONLY 3 READINGS:2021 10  8  6  7
 *** 3 PHASES CANT SOLVE SEQUENCE NO. 7392, ID NO.      7392
 *** ABANDON EVENT WITH ONLY 3 READINGS:2021 10  8  6 37
 *** 3 PHASES CANT SOLVE SEQUENCE NO. 7393, ID NO.      7393
 *** ABANDON EVENT WITH ONLY 3 READINGS:2021 10  8 21  4
 *** 3 PHASES CANT SOLVE SEQUENCE NO. 7394, ID NO.      7394
 *** ABANDON EVENT WITH ONLY 3 READINGS:2021 10  9  5 58
 *** 3 PHASES CANT SOLVE SEQUENCE NO. 7395, ID NO.      7395
 *** ABANDON EVENT WITH ONLY 3 READINGS:2021 10  9  7 54
  SEQ ---DATE--- TIME REMARK -LAT-  --LON-  DEPTH  RMS PMAG  NUM  ERH  ERZ  ID
 7396 2021-10- 9  4:57     - 54 56  161 34  25.75 0.14  0.0    7 15.0  4.2      7396
 7397 2021-10- 9  4:57     - 55  6  161 41   5.56 0.09  0.0    4  5.3 10.3      7397
 7398 2021-10- 9  6:00     - 54 60  162 12   0.66 0.12  0.0    5  1.3 15.6      7398
 7399 2021-10- 9 11:09     - 54 58  162  4   8.20 0.02  0.0    5  1.8 12.0      7399
 7400 2021-10- 9 15:05     - 54 34  161 49   4.49 0.26  0.0   11  9.6 20.2      7400
 7401 2021-10- 9 21:08     - 55  2  160 60  31.78 0.19  0.0    6 18.8  1.5      7401
 7402 2021-10- 9 21:08     - 54 52  160 36   5.01 0.34  0.0    5 27.4 29.2      7402
 *** DISTANCE & RESIDUAL WEIGHTING CANCELLED FOR EVENT: 2021 10  9 21 39
 7403 2021-10- 9 21:39     - 54 32  162 27   5.00 0.74  0.0    4 62.9 57.2      7403
 7404 2021-10-10  4:20     - 55 21  160 53  20.37 0.20  0.0    5 12.8 15.5      7404
 *** DISTANCE & RESIDUAL WEIGHTING CANCELLED FOR EVENT: 2021 10 10  4 21
 7405 2021-10-10  4:20     - 55 26  160 39  40.03 0.52  0.0    4 42.2 31.7      7405
 7406 2021-10-10  5:44     - 55  1  161  9   5.00 0.27  0.0    4 23.6 25.9      7406
 *** DISTANCE & RESIDUAL WEIGHTING CANCELLED FOR EVENT: 2021 10 10  5 45
 7407 2021-10-10  5:44     - 54 50  161 16  15.90 1.01  0.0    5 68.9  9.7      7407
 7408 2021-10-10  5:56     - 54 55  160 54  29.39 0.20  0.0   11 16.8  2.5      7408
 7409 2021-10-10  5:56     - 54 54  160 48   5.02 0.21  0.0    5 18.6 21.5      7409
 *** DISTANCE & RESIDUAL WEIGHTING CANCELLED FOR EVENT: 2021 10 10  8  0
 7410 2021-10-10  7:59     # 55 19  162  3  11.63 0.49  0.0    5  3.9 19.6      7410
  SEQ ---DATE--- TIME REMARK -LAT-  --LON-  DEPTH  RMS PMAG  NUM  ERH  ERZ  ID
 7411 2021-10-10 10:24     - 55 26  161 52   0.54 0.22  0.0    5  1.6 17.5      7411
 7412 2021-10-10 14:34     - 54 30  161 20   5.00 0.20  0.0    8 18.0 20.5      7412
 7413 2021-10-10 14:34     - 53 47  160 25   5.03 0.12  0.0    6 11.2 11.7      7413
 7414 2021-10-10 15:02     - 55 25  161 41   0.62 1.11  0.0    4 86.1 84.6      7414
 *** DISTANCE & RESIDUAL WEIGHTING CANCELLED FOR EVENT: 2021 10 10 18 56
 7415 2021-10-10 18:56     # 55 17  161 55  16.35 0.67  0.0    6  5.7 10.0      7415
 7416 2021-10-10 18:56       55 20  161 58  17.41 0.13  0.0    5  1.3  1.8      7416
 *** DISTANCE & RESIDUAL WEIGHTING CANCELLED FOR EVENT: 2021 10 10 19 13
 7417 2021-10-10 19:13     # 55 21  161 54   4.99 0.86  0.0    4 18.6 13.2      7417
 7418 2021-10-10 21:55     - 54 55  161 46   5.00 0.05  0.0    4 11.6 13.2      7418
 7419 2021-10-11  0:19     - 54 59  162 33   6.13 0.02  0.0    4 10.2  6.6      7419
 7420 2021-10-11  4:21     - 55 20  161 33   6.45 0.13  0.0    6  6.5 14.0      7420
 7421 2021-10-11  9:11       55 22  161 18  17.17 0.14  0.0    7  9.6  3.7      7421
 7422 2021-10-11  9:11     - 55 26  161  5   5.02 0.20  0.0    5 16.5 20.5      7422
 7423 2021-10-11  9:26     - 55 25  160 55  35.47 0.16  0.0    8 15.6 10.4      7423
 *** DISTANCE & RESIDUAL WEIGHTING CANCELLED FOR EVENT: 2021 10 11  9 27
 7424 2021-10-11  9:27     - 55 27  161 23  16.07 1.55  0.0    5 98.8  6.8      7424
 7425 2021-10-11 10:17     - 55 26  162 25  10.09 0.36  0.0    7  2.0 29.0      7425
 *** DISTANCE & RESIDUAL WEIGHTING CANCELLED FOR EVENT: 2021 10 11 12  9
  SEQ ---DATE--- TIME REMARK -LAT-  --LON-  DEPTH  RMS PMAG  NUM  ERH  ERZ  ID
 7426 2021-10-11 12:09     # 55 22  161 50   5.03 0.70  0.0    4 11.7 11.6      7426
 7427 2021-10-11 12:25     - 55  4  161 56  13.59 0.18  0.0    6 12.0 10.7      7427
 7428 2021-10-11 12:25     - 54 52  161 41  17.02 0.25  0.0    6 19.5  6.2      7428
 7429 2021-10-11 14:00     - 55 22  161  8  36.65 0.24  0.0   10 17.0  5.9      7429
 7430 2021-10-11 14:34     - 54 52  161 25  18.31 0.05  0.0    4 12.3  6.7      7430
 *** DISTANCE & RESIDUAL WEIGHTING CANCELLED FOR EVENT: 2021 10 11 14 34
 7431 2021-10-11 14:34     - 55  2  161 33   4.99 0.30  0.0    4 26.5  8.3      7431
 7432 2021-10-11 17:57     - 55 23  161 12  34.80 0.22  0.0    9 15.4  4.5      7432
 7433 2021-10-11 17:57       55 16  161 52   5.82 0.16  0.0    5  1.8  1.8      7433
 7434 2021-10-11 19:36     - 55 24  161  5  14.20 0.13  0.0    6 15.8 12.4      7434
 *** DISTANCE & RESIDUAL WEIGHTING CANCELLED FOR EVENT: 2021 10 11 19 37
 7435 2021-10-11 19:37     - 55 20  161 46   2.91 0.02  0.0    4  7.9  6.4      7435
 7436 2021-10-11 19:40     - 55 39  160  4   5.00 0.25  0.0    9 20.9 24.0      7436
 7437 2021-10-11 19:41       55 14  161 52   7.28 0.00  0.0    4  2.2  4.4      7437
 *** DISTANCE & RESIDUAL WEIGHTING CANCELLED FOR EVENT: 2021 10 11 19 41
 7438 2021-10-11 19:41     - 55 25  161 38   0.02 0.62  0.0    5 24.1 42.0      7438
 7439 2021-10-12  0:54       55 25  161 26  22.11 0.21  0.0    7  6.6  4.9      7439
 7440 2021-10-12  0:57     - 55  0  161 37  21.29 0.11  0.0    6 13.1  3.6      7440
  SEQ ---DATE--- TIME REMARK -LAT-  --LON-  DEPTH  RMS PMAG  NUM  ERH  ERZ  ID
 7441 2021-10-12  0:58     - 55  6  161 55   0.95 0.10  0.0    6  3.6 10.6      7441
 7442 2021-10-12  3:54     - 55 12  161 28   1.01 0.11  0.0    4  2.3 15.4      7442
 7443 2021-10-12  4:41     - 55 29  161  5  31.94 0.16  0.0    6 16.2  8.9      7443
 7444 2021-10-12  4:42     - 55 11  161 43   0.01 0.32  0.0    5  7.1 27.6      7444
 7445 2021-10-12  5:07     - 54 42  160 59  26.70 0.13  0.0   11 13.6  2.8      7445
 7446 2021-10-12  5:07     - 54 45  161 10  30.22 0.15  0.0    8 13.7  2.0      7446
 7447 2021-10-12  9:44     - 55  4  161 40  24.18 0.10  0.0    7 10.5  4.6      7447
 7448 2021-10-12  9:44     - 54 56  161 26  26.91 0.33  0.0    7 24.7  6.1      7448
 *** DISTANCE & RESIDUAL WEIGHTING CANCELLED FOR EVENT: 2021 10 12 10 19
 7449 2021-10-12 10:18     # 55 11  161 33  14.14 0.73  0.0    4 20.2 31.5      7449
 7450 2021-10-12 11:12     - 54 60  162 18   5.11 0.04  0.0    4 11.0  5.1      7450
 7451 2021-10-12 11:12     - 54 60  162 15   1.91 0.09  0.0    5  2.2 13.0      7451
 *** DISTANCE & RESIDUAL WEIGHTING CANCELLED FOR EVENT: 2021 10 12 14 15
 7452 2021-10-12 14:15     # 55 20  161 57   1.29 0.68  0.0    5  4.8 21.4      7452
 7453 2021-10-12 18:48     - 55 17  161  8   0.19 0.04  0.0    4  9.7 13.0      7453
 7454 2021-10-12 19:05     - 55 29  161 12  25.86 0.14  0.0    6 15.5  8.5      7454
 7455 2021-10-12 19:06       55 18  161 56  15.27 0.01  0.0    4  2.5  1.1      7455
  SEQ ---DATE--- TIME REMARK -LAT-  --LON-  DEPTH  RMS PMAG  NUM  ERH  ERZ  ID
 7456 2021-10-12 20:41     - 54 48  161 13  33.26 0.20  0.0    7 17.4 19.5      7456
 7457 2021-10-12 20:42     - 54 52  161  9  17.33 0.09  0.0    6  9.4 14.2      7457
 7458 2021-10-13  0:26     - 54 52  161  9  22.95 0.21  0.0   10 18.7 10.8      7458
 7459 2021-10-13  0:26     - 54 28  160 10   4.66 0.22  0.0    8 14.3 13.2      7459
 7460 2021-10-13  1:36     - 55  2  161 38  21.52 0.23  0.0    7 16.1  4.6      7460
 *** DISTANCE & RESIDUAL WEIGHTING CANCELLED FOR EVENT: 2021 10 13  1 36
 7461 2021-10-13  1:36     # 55  6  161 56   1.38 0.93  0.0    6 14.9 42.7      7461
 7462 2021-10-13  2:01     - 54 52  161 21  25.55 0.11  0.0    7 14.0  5.9      7462
 *** DISTANCE & RESIDUAL WEIGHTING CANCELLED FOR EVENT: 2021 10 13  2  2
 7463 2021-10-13  2:01     - 54 57  161 18   8.69 0.57  0.0    6 26.6 41.4      7463
 7464 2021-10-13  3:05     - 55 14  161  6   1.42 0.33  0.0    5 24.1 30.2      7464
 7465 2021-10-13  3:05     - 55 45  162 14   6.66 0.04  0.0    5  3.5 12.3      7465
 7466 2021-10-13  5:25     - 54 60  162 17   6.74 0.02  0.0    5  6.2 10.6      7466
 7467 2021-10-13  5:25     - 54 58  162 24  14.49 0.10  0.0    4  8.5  8.2      7467
 7468 2021-10-13  6:06     - 55 22  163  5   4.93 0.48  0.0    5 18.2 36.7      7468
 7469 2021-10-13  7:25     # 55  7  161 48   5.96 0.00  0.0    4  5.6  0.5      7469
 7470 2021-10-13 11:35     - 55 21  161 13  19.89 0.02  0.0    4 12.2  6.5      7470
  SEQ ---DATE--- TIME REMARK -LAT-  --LON-  DEPTH  RMS PMAG  NUM  ERH  ERZ  ID
 7471 2021-10-13 11:34       55  5  161  5  35.26 0.07  0.0    7  5.0  4.7      7471
 7472 2021-10-13 11:35     - 54 56  160 60   5.01 0.16  0.0    4 12.9 17.9      7472
 7473 2021-10-13 13:09     - 55  6  161 36  27.86 0.22  0.0    4 16.0 10.5      7473
 *** DISTANCE & RESIDUAL WEIGHTING CANCELLED FOR EVENT: 2021 10 13 15 54
 7474 2021-10-13 15:54     - 55 25  161 38  33.44 0.11  0.0    4 12.4  5.8      7474
 7475 2021-10-13 17:58     - 54 40  161 49   4.90 0.21  0.0   12  7.9 16.4      7475
 7476 2021-10-14  1:13     - 55 30  160 39   5.03 0.13  0.0    8 10.4 16.4      7476
 7477 2021-10-14  1:14     - 55 29  160 31   5.02 0.35  0.0    4 27.6 29.2      7477
 *** DISTANCE & RESIDUAL WEIGHTING CANCELLED FOR EVENT: 2021 10 14  1 23
 7478 2021-10-14  1:23     - 54 55  161 36   5.01 0.55  0.0    4 43.7 47.6      7478
 7479 2021-10-14  1:23     - 55  6  161 55   6.66 0.13  0.0    4 10.9  9.9      7479
 7480 2021-10-14  1:49     - 55 21  161 49   0.12 0.83  0.0    5 16.3 57.3      7480
 7481 2021-10-14  2:34     - 55 24  160 17   5.01 0.44  0.0    9 31.5 38.9      7481
 7482 2021-10-14  2:34     - 55 13  160 51  30.67 0.19  0.0    8 16.0  1.6      7482
 *** DISTANCE & RESIDUAL WEIGHTING CANCELLED FOR EVENT: 2021 10 14  5 15
 7483 2021-10-14  5:15     - 55 42  162  9   4.98 0.43  0.0    4 15.9 34.6      7483
 *** DISTANCE & RESIDUAL WEIGHTING CANCELLED FOR EVENT: 2021 10 14  5 16
 7484 2021-10-14  5:16     - 55 21  161 51   5.50 0.19  0.0    4 20.1  2.6      7484
 7485 2021-10-14 13:04       55 13  161 40   3.81 0.02  0.0    5  2.9  1.3      7485
  SEQ ---DATE--- TIME REMARK -LAT-  --LON-  DEPTH  RMS PMAG  NUM  ERH  ERZ  ID
 7486 2021-10-14 13:54     - 54 39  161 25   5.13 0.19  0.0   15  6.8 14.0      7486
 7487 2021-10-14 14:10     - 55 27  161 34  31.84 0.14  0.0    5 10.0 13.1      7487
 7488 2021-10-14 15:23     - 55  9  161 25   4.84 0.13  0.0    4  6.9 14.8      7488
 7489 2021-10-14 15:28     - 54 39  161 26   5.00 0.17  0.0    4 17.2 18.5      7489
 7490 2021-10-14 15:59       55 23  161 56   6.36 0.10  0.0    6  1.1  6.6      7490
 7491 2021-10-14 18:05       55 11  161 27   4.73 0.07  0.0    5  7.4  4.0      7491
 7492 2021-10-14 18:10       55 26  161 37  10.26 0.09  0.0    8  1.0  1.6      7492
 7493 2021-10-14 19:01     - 55 31  160 53   5.00 0.24  0.0    5 22.4 23.0      7493
 *** DISTANCE & RESIDUAL WEIGHTING CANCELLED FOR EVENT: 2021 10 14 19  2
 7494 2021-10-14 19:02     # 55 15  161 51   2.50 0.52  0.0    4  4.0  7.7      7494
 7495 2021-10-14 19:30     - 55 13  163 23   6.50 0.30  0.0    6  2.3 28.2      7495
 7496 2021-10-14 19:30     # 54 24  161 30   8.97 0.26  0.0    9 13.5  3.9      7496
 7497 2021-10-14 19:44     - 54 29  161 49   5.09 0.18  0.0   14  7.6 16.3      7497
 7498 2021-10-14 20:04     - 54 30  162  3   6.10 0.40  0.0   13 14.8 32.0      7498
 *** DISTANCE & RESIDUAL WEIGHTING CANCELLED FOR EVENT: 2021 10 14 20 21
 7499 2021-10-14 20:21     - 54 48  162 45   4.91 0.55  0.0    5 19.7 42.9      7499
 7500 2021-10-14 20:29     - 54 46  160 58   2.95 0.10  0.0    7  6.3 13.4      7500
  SEQ ---DATE--- TIME REMARK -LAT-  --LON-  DEPTH  RMS PMAG  NUM  ERH  ERZ  ID
 7501 2021-10-14 20:51     # 55  5  162  4   0.32 0.16  0.0   15  0.5 11.0      7501
 7502 2021-10-14 21:35       54 55  162 13   2.48 0.02  0.0    5  2.5  1.8      7502
 7503 2021-10-14 21:35     - 54 57  162 13   0.63 0.12  0.0    4  1.9 15.8      7503
 7504 2021-10-15  0:17       55 13  161 25   4.20 0.04  0.0    5  1.8  1.1      7504
 7505 2021-10-15  2:46     - 55 32  161  8  13.08 0.23  0.0    5 21.3 19.6      7505
 7506 2021-10-15  2:46       55 30  161 40   5.50 0.00  0.0    4  3.1  2.5      7506
 7507 2021-10-15  2:51     - 55 26  161 17  10.16 0.19  0.0    5 19.3 14.3      7507
 7508 2021-10-15  2:51     - 55 32  162 13  18.08 0.12  0.0    4 11.8  9.3      7508
 *** DISTANCE & RESIDUAL WEIGHTING CANCELLED FOR EVENT: 2021 10 15  2 51
 7509 2021-10-15  2:51     # 55 33  161 54  11.25 2.93  0.0    4 24.2 34.6      7509
 *** DISTANCE & RESIDUAL WEIGHTING CANCELLED FOR EVENT: 2021 10 15  5 12
 7510 2021-10-15  5:12     # 55 26  162  6   5.00 0.61  0.0    4 21.0  9.5      7510
 *** DISTANCE & RESIDUAL WEIGHTING CANCELLED FOR EVENT: 2021 10 15  6 13
 7511 2021-10-15  6:13     - 54 29  162 27   5.00 0.42  0.0    4 35.9 33.5      7511
 7512 2021-10-15  8:18     - 55  5  163 23   4.99 0.48  0.0    7 18.1 37.3      7512
 7513 2021-10-15  8:18       55 16  161 47   1.73 0.43  0.0    8  4.9 15.1      7513
 7514 2021-10-15  8:19     - 55  6  163 28   3.21 0.50  0.0   10 17.8 37.7      7514
 7515 2021-10-15  9:49     - 54 59  162 15   4.71 0.01  0.0    4  8.6  8.8      7515
  SEQ ---DATE--- TIME REMARK -LAT-  --LON-  DEPTH  RMS PMAG  NUM  ERH  ERZ  ID
 7516 2021-10-15  9:49     - 54 54  162 35  24.13 0.08  0.0    4 11.4  7.4      7516
 7517 2021-10-15 15:23     - 55 37  163  7  32.72 0.05  0.0    4  6.5 11.5      7517
 7518 2021-10-15 17:05       55 26  161 36  10.31 0.00  0.0    4  2.3  3.2      7518
 *** DISTANCE & RESIDUAL WEIGHTING CANCELLED FOR EVENT: 2021 10 15 17 18
 7519 2021-10-15 17:18     - 55 19  161 56   5.00 0.55  0.0    4 39.1  5.9      7519
 7520 2021-10-15 17:18     - 55 28  161 18  16.01 0.19  0.0    5 18.3 14.0      7520
 *** DISTANCE & RESIDUAL WEIGHTING CANCELLED FOR EVENT: 2021 10 15 17 19
 7521 2021-10-15 17:19     # 55 23  161 45   5.00 0.88  0.0    5 16.3  6.5      7521
 7522 2021-10-16  4:28       55 22  160 60  21.11 0.06  0.0    5  4.5  8.8      7522
 *** DISTANCE & RESIDUAL WEIGHTING CANCELLED FOR EVENT: 2021 10 16  4 29
 7523 2021-10-16  4:28     - 55 15  161 46   0.03 0.78  0.0    4 12.6 58.1      7523
 7524 2021-10-16  6:16     - 55 21  160 29   4.49 0.23  0.0    9  9.3 20.4      7524
 7525 2021-10-16  6:22     - 54 55  161 43   5.31 0.15  0.0    5 10.1 16.3      7525
 *** DISTANCE & RESIDUAL WEIGHTING CANCELLED FOR EVENT: 2021 10 16  7 37
 7526 2021-10-16  7:37     - 55 11  161 54   4.87 0.29  0.0    4  8.9 21.6      7526
 7527 2021-10-16  7:38       54 60  161 49   4.84 0.00  0.0    4  2.3  1.8      7527
 7528 2021-10-16  7:59       55 22  162 17  37.00 0.10  0.0    7  2.7  8.2      7528
 7529 2021-10-16  9:27     - 55 26  161 47   1.25 0.03  0.0    5  1.6 10.2      7529
 7530 2021-10-16  9:36       55 23  161 33   6.03 0.03  0.0    5  2.0  0.7      7530
  SEQ ---DATE--- TIME REMARK -LAT-  --LON-  DEPTH  RMS PMAG  NUM  ERH  ERZ  ID
 7531 2021-10-16  9:42     - 55 15  161 43   6.63 0.17  0.0    5  4.2 15.6      7531
 7532 2021-10-16  9:53     - 55 19  161 30   7.10 0.66  0.0    5 13.0 51.4      7532
 7533 2021-10-16 10:05       55 26  161 40  13.18 0.08  0.0    6  2.2  1.7      7533
 7534 2021-10-16 10:40     - 55 24  161 34   0.82 0.09  0.0    4  2.6 14.3      7534
 7535 2021-10-16 10:50       55 23  161 50  15.25 0.15  0.0    7  1.6  1.7      7535
 7536 2021-10-16 10:54     - 55  0  161 39  23.17 0.15  0.0    7 12.2  3.8      7536
 7537 2021-10-16 10:54     - 54 48  161  8  28.11 0.27  0.0    8 20.5  3.3      7537
 7538 2021-10-16 14:19     - 55 28  161 57   5.57 0.10  0.0    4  4.0 10.9      7538
 *** DISTANCE & RESIDUAL WEIGHTING CANCELLED FOR EVENT: 2021 10 16 14 20
 7539 2021-10-16 14:20     - 55 17  161 46   4.76 0.27  0.0    4 10.3 22.5      7539
 7540 2021-10-16 14:30     - 55 27  160 59  50.33 0.13  0.0    8 14.0  5.6      7540
 7541 2021-10-16 15:59     - 55 24  161 58  16.75 0.02  0.0    4  2.9 12.3      7541
 7542 2021-10-16 16:09     - 55  6  159 59   8.97 0.23  0.0    7 20.7 22.6      7542
 7543 2021-10-16 16:09     - 55 20  161  4  51.41 0.06  0.0    4 12.4  4.1      7543
 7544 2021-10-16 17:35       55 17  161 29  17.52 0.02  0.0    4  2.4  3.5      7544
 7545 2021-10-16 17:46     - 55 17  161 33   0.00 0.30  0.0    6  4.0 28.1      7545
  SEQ ---DATE--- TIME REMARK -LAT-  --LON-  DEPTH  RMS PMAG  NUM  ERH  ERZ  ID
 7546 2021-10-16 17:48     - 55 44  161  9   5.01 0.22  0.0    7 20.0 22.3      7546
 7547 2021-10-16 21:00     - 54 28  161 56  24.94 0.08  0.0    5  3.1 13.1      7547
 *** DISTANCE & RESIDUAL WEIGHTING CANCELLED FOR EVENT: 2021 10 16 22 44
 7548 2021-10-16 22:43     - 55  4  162 32   5.00 0.40  0.0    4 15.0 32.3      7548
 *** DISTANCE & RESIDUAL WEIGHTING CANCELLED FOR EVENT: 2021 10 16 22 51
 7549 2021-10-16 22:51     - 55 35  162  2  13.33 0.62  0.0    4 52.5  7.4      7549
 *** 3 PHASES CANT SOLVE SEQUENCE NO. 7550, ID NO.      7550
 *** ABANDON EVENT WITH ONLY 3 READINGS:2021 10 17 14 18
 7551 2021-10-17 15:01     - 55 19  161 53   0.19 0.82  0.0    4 38.1 41.4      7551
 7552 2021-10-17 16:25     - 54 29  162 50  75.15 0.02  0.0    4 12.0  4.0      7552
 7553 2021-10-17 19:27     - 55  5  160 59   5.42 0.33  0.0   11 11.7 25.3      7553
 7554 2021-10-17 19:32     - 55 12  161 53   4.68 0.08  0.0    4  5.0 10.9      7554
 *** DISTANCE & RESIDUAL WEIGHTING CANCELLED FOR EVENT: 2021 10 17 23 36
 7555 2021-10-17 23:36     - 55 25  161 57  15.08 0.15  0.0    4 14.2 10.2      7555
 *** DISTANCE & RESIDUAL WEIGHTING CANCELLED FOR EVENT: 2021 10 17 23 36
 7556 2021-10-17 23:36     - 55 16  161 39   3.89 0.51  0.0    4 12.2 41.7      7556
 *** DISTANCE & RESIDUAL WEIGHTING CANCELLED FOR EVENT: 2021 10 18  4 12
 7557 2021-10-18  4:12     - 55 23  161 54   1.13 0.37  0.0    4  3.1 24.7      7557
 *** DISTANCE & RESIDUAL WEIGHTING CANCELLED FOR EVENT: 2021 10 18  4 13
 7558 2021-10-18  4:13     - 55 14  160 59   5.00 0.71  0.0    4 25.6 54.9      7558
 7559 2021-10-18 11:13       55 21  161 39  17.00 0.00  0.0    4  3.1  3.0      7559
 *** DISTANCE & RESIDUAL WEIGHTING CANCELLED FOR EVENT: 2021 10 18 13 43
 7560 2021-10-18 13:43     - 54 59  163 38   5.00 0.51  0.0    4 18.6 40.1      7560
 *** DISTANCE & RESIDUAL WEIGHTING CANCELLED FOR EVENT: 2021 10 18 14 51
  SEQ ---DATE--- TIME REMARK -LAT-  --LON-  DEPTH  RMS PMAG  NUM  ERH  ERZ  ID
 7561 2021-10-18 14:51     - 55 18  162 56   5.00 0.70  0.0    4 25.0 53.0      7561
 7562 2021-10-18 15:00       55  5  162  5   5.96 0.03  0.0    5  2.6  3.6      7562
 7563 2021-10-18 20:17       55 21  161 37  27.49 0.00  0.0    4  4.1  2.6      7563
 7564 2021-10-18 20:24       54 53  162 10   0.32 0.05  0.0    9  0.8  1.7      7564
 *** DISTANCE & RESIDUAL WEIGHTING CANCELLED FOR EVENT: 2021 10 18 20 25
 7565 2021-10-18 20:24     - 55 24  163  3   5.00 0.50  0.0    4 24.0 40.6      7565
 7566 2021-10-18 20:24     - 54 45  161 54   5.01 0.12  0.0    4 13.8 14.5      7566
 7567 2021-10-18 22:23       55 24  161 33   4.06 0.00  0.0    4  1.8  6.1      7567
 *** DISTANCE & RESIDUAL WEIGHTING CANCELLED FOR EVENT: 2021 10 19  2 43
 7568 2021-10-19  2:43     - 54 21  162  7   5.00 0.38  0.0    5 14.3 31.1      7568
 7569 2021-10-19  3:03     - 55  0  161 24  28.62 0.07  0.0    4 12.1  5.5      7569
 7570 2021-10-19  4:56     - 55 23  161 33   2.09 0.01  0.0    4  2.7 10.8      7570
 *** DISTANCE & RESIDUAL WEIGHTING CANCELLED FOR EVENT: 2021 10 19  5  2
 7571 2021-10-19  5:02     # 55 23  161 56   2.31 0.65  0.0    4  3.7 27.2      7571
 *** DISTANCE & RESIDUAL WEIGHTING CANCELLED FOR EVENT: 2021 10 19  5  2
 7572 2021-10-19  5:02     - 55 13  161 38   5.00 0.50  0.0    4 14.9 42.4      7572
 7573 2021-10-19  9:55     - 54 58  161 25   4.11 0.74  0.0    5 24.6 56.1      7573
 7574 2021-10-19 18:19     - 55 25  161 10  34.79 0.15  0.0    4 16.1  9.0      7574
 7575 2021-10-19 20:26     - 55 31  160 52  28.04 0.17  0.0    7  5.9 14.9      7575
  SEQ ---DATE--- TIME REMARK -LAT-  --LON-  DEPTH  RMS PMAG  NUM  ERH  ERZ  ID
 7576 2021-10-19 20:34     - 55 10  161 20   5.01 0.12  0.0    4 15.1 15.5      7576
 *** DISTANCE & RESIDUAL WEIGHTING CANCELLED FOR EVENT: 2021 10 19 20 34
 7577 2021-10-19 20:34     - 55  5  160 43   5.05 0.17  0.0    4 16.1 17.0      7577
 *** DISTANCE & RESIDUAL WEIGHTING CANCELLED FOR EVENT: 2021 10 19 20 36
 7578 2021-10-19 20:35     - 55 32  161  3   4.99 0.68  0.0    4 33.7 52.5      7578
 7579 2021-10-19 20:46       55 22  161 40  18.93 0.06  0.0    5  2.6  1.5      7579
 7580 2021-10-19 20:57     - 55 25  161 56   0.01 0.15  0.0    4  3.3 15.5      7580
 7581 2021-10-19 21:04     - 55 18  161 39   1.06 0.12  0.0    4  3.7 14.3      7581
 *** DISTANCE & RESIDUAL WEIGHTING CANCELLED FOR EVENT: 2021 10 19 21 21
 7582 2021-10-19 21:21     # 55  4  162  3   4.99 0.17  0.0    4  4.1  2.8      7582
 7583 2021-10-19 21:56     - 55 11  163 35   4.95 0.05  0.0    4  5.5 12.0      7583
 *** DISTANCE & RESIDUAL WEIGHTING CANCELLED FOR EVENT: 2021 10 20  0 16
 7584 2021-10-20  0:16     # 55 28  161 53   2.34 0.28  0.0    4  3.6 17.9      7584
 7585 2021-10-20  3:01       55 22  161 45  15.31 0.16  0.0    7  2.1  1.1      7585
 *** DISTANCE & RESIDUAL WEIGHTING CANCELLED FOR EVENT: 2021 10 20  3 22
 7586 2021-10-20  3:21     - 55 30  161 44   4.99 0.29  0.0    4 14.9 22.3      7586
 7587 2021-10-20  3:43     # 55 21  161 41   8.76 0.01  0.0    4  3.9  2.9      7587
 7588 2021-10-20  5:26       55 24  161 35   6.23 0.00  0.0    4  2.4  0.9      7588
 *** DISTANCE & RESIDUAL WEIGHTING CANCELLED FOR EVENT: 2021 10 20  5 48
 7589 2021-10-20  5:48     # 55 22  161 48   5.00 1.23  0.0    4 10.0 28.1      7589
 7590 2021-10-20  9:45     - 55 27  160 54  13.50 0.11  0.0    6 14.6 13.9      7590
  SEQ ---DATE--- TIME REMARK -LAT-  --LON-  DEPTH  RMS PMAG  NUM  ERH  ERZ  ID
 7591 2021-10-20  9:45     - 55 23  160 58   4.84 0.09  0.0    5  8.7 14.6      7591
 7592 2021-10-20 10:35     - 55 18  161 42  13.26 0.11  0.0    5 10.1  7.5      7592
 *** DISTANCE & RESIDUAL WEIGHTING CANCELLED FOR EVENT: 2021 10 20 10 56
 7593 2021-10-20 10:56     - 55 19  161 42   0.46 0.53  0.0    4  5.4 36.4      7593
 7594 2021-10-20 11:04       55 23  161 31   3.20 0.21  0.0    5  3.0 14.1      7594
 7595 2021-10-20 12:41     - 55 23  161 33   6.65 0.04  0.0    4  2.5 12.0      7595
 *** DISTANCE & RESIDUAL WEIGHTING CANCELLED FOR EVENT: 2021 10 20 12 50
 7596 2021-10-20 12:50     # 55 22  161 45  12.28 0.56  0.0    4 11.5  3.4      7596
 7597 2021-10-20 20:32     - 55 20  161 42   0.58 0.24  0.0    4 19.6 14.8      7597
 7598 2021-10-20 20:33     # 55 22  162  2   0.12 0.13  0.0    4  1.3  9.6      7598
 7599 2021-10-20 20:37     - 55 23  161 51   0.51 0.09  0.0    4  1.3 10.7      7599
 *** DISTANCE & RESIDUAL WEIGHTING CANCELLED FOR EVENT: 2021 10 21  0  0
 7600 2021-10-20 23:59     - 55 19  162  9   4.91 0.30  0.0    4  3.0 26.9      7600
 *** DISTANCE & RESIDUAL WEIGHTING CANCELLED FOR EVENT: 2021 10 21  1 55
 7601 2021-10-21  1:55     # 55 20  161 41   5.42 0.26  0.0    4  7.3  2.2      7601
 7602 2021-10-21  2:07       54 40  160 44   7.35 0.17  0.0   18  1.0  2.1      7602
 7603 2021-10-21  6:32     - 54 56  161  5  25.19 0.21  0.0    8 18.9 11.7      7603
 7604 2021-10-21  6:32     - 54 57  161 17  22.95 0.09  0.0    4 14.2  5.1      7604
 *** DISTANCE & RESIDUAL WEIGHTING CANCELLED FOR EVENT: 2021 10 21  8  0
 7605 2021-10-21  7:59     # 55 22  162 13   5.06 0.46  0.0    6  3.4  3.3      7605
  SEQ ---DATE--- TIME REMARK -LAT-  --LON-  DEPTH  RMS PMAG  NUM  ERH  ERZ  ID
 7606 2021-10-21  8:25     - 55 17  161 13   3.75 0.34  0.0   11 11.0 23.1      7606
 7607 2021-10-21 10:18     - 55 27  161 49   4.33 0.11  0.0    5  7.2 13.0      7607
 7608 2021-10-21 11:00     - 55 27  161 52   0.40 0.11  0.0    4  1.8 15.5      7608
 *** DISTANCE & RESIDUAL WEIGHTING CANCELLED FOR EVENT: 2021 10 21 11  0
 7609 2021-10-21 11:00     # 55 32  162  5   5.00 0.86  0.0    6 19.0 26.6      7609
 7610 2021-10-21 11:07       55 22  161 46  14.98 0.12  0.0    7  2.4  1.9      7610
 *** DISTANCE & RESIDUAL WEIGHTING CANCELLED FOR EVENT: 2021 10 21 11  7
 7611 2021-10-21 11:07     - 55 16  161 42   7.38 0.45  0.0    5 10.2 29.8      7611
 7612 2021-10-21 12:32     # 54 42  161 30  47.17 0.17  0.0    8  3.7  5.8      7612
 7613 2021-10-21 13:18       55 25  161 51  14.42 0.14  0.0    9  1.5  1.6      7613
 *** DISTANCE & RESIDUAL WEIGHTING CANCELLED FOR EVENT: 2021 10 21 17 50
 7614 2021-10-21 17:50     - 55 28  162 21   6.34 0.87  0.0    4 33.2 63.7      7614
 7615 2021-10-22  0:11     - 55  8  163 35   3.92 0.12  0.0    5  6.7 14.4      7615
 7616 2021-10-22  7:18     - 55 13  161 25   4.99 0.19  0.0    6 14.8 20.1      7616
 7617 2021-10-22  7:18     - 55  6  161 12   5.00 0.12  0.0    4 14.4 15.3      7617
 *** DISTANCE & RESIDUAL WEIGHTING CANCELLED FOR EVENT: 2021 10 22  7 32
 7618 2021-10-22  7:32     # 55 25  161 52   5.00 0.62  0.0    4  3.8 22.0      7618
 *** DISTANCE & RESIDUAL WEIGHTING CANCELLED FOR EVENT: 2021 10 22  7 32
 7619 2021-10-22  7:32     - 55 15  161 49   5.00 1.24  0.0    4 56.4 75.7      7619
 *** 3 PHASES CANT SOLVE SEQUENCE NO. 7620, ID NO.      7620
 *** ABANDON EVENT WITH ONLY 3 READINGS:2021 10 22 13 49
  SEQ ---DATE--- TIME REMARK -LAT-  --LON-  DEPTH  RMS PMAG  NUM  ERH  ERZ  ID
 7621 2021-10-22 18:36     - 54 54  162 14   4.82 0.03  0.0    5  6.4  6.7      7621
 *** DISTANCE & RESIDUAL WEIGHTING CANCELLED FOR EVENT: 2021 10 22 20 12
 7622 2021-10-22 20:12     # 55 29  162 13   4.99 0.54  0.0    4 28.4 11.7      7622
 *** DISTANCE & RESIDUAL WEIGHTING CANCELLED FOR EVENT: 2021 10 22 16 11
 7623 2021-10-22 16:11     - 55 14  161 43   7.48 1.38  0.0    4 34.7 92.7      7623
 7624 2021-10-22 23:51     - 54 57  162 57   6.88 0.32  0.0    7  4.8 29.7      7624
 *** 3 PHASES CANT SOLVE SEQUENCE NO. 7625, ID NO.      7625
 *** ABANDON EVENT WITH ONLY 3 READINGS:2021 10 23 12 42
 7626 2021-10-23 20:58     - 54 53  161  2  33.32 0.21  0.0   10 17.9 21.0      7626
 7627 2021-10-23 20:59     - 55  1  161  2   5.04 0.22  0.0    5 18.4 21.6      7627
 7628 2021-10-23 23:03     - 55 22  161 52   9.56 0.16  0.0    4  9.0 15.2      7628
 7629 2021-10-24  5:21     - 55 16  162 59   5.04 0.27  0.0    5  7.9 20.6      7629
 7630 2021-10-24  7:59     - 55 27  161 53   4.99 0.05  0.0    4  1.8 10.4      7630
 7631 2021-10-24 10:13     - 54 59  161 35  22.09 0.02  0.0    4  9.7  2.1      7631
 7632 2021-10-24 14:23     - 56 11  162 37   4.81 0.18  0.0    4  8.3 17.8      7632
 7633 2021-10-24 14:30       54 53  162 12   1.52 0.06  0.0    7  4.1  2.6      7633
 7634 2021-10-24 14:30     - 54 42  162 24   5.01 0.07  0.0    4 11.6 12.1      7634
 *** DISTANCE & RESIDUAL WEIGHTING CANCELLED FOR EVENT: 2021 10 24 19 12
 7635 2021-10-24 19:11     - 56 18  161 24   4.99 0.65  0.0    4 42.1 50.8      7635
 *** DISTANCE & RESIDUAL WEIGHTING CANCELLED FOR EVENT: 2021 10 24 23  9
  SEQ ---DATE--- TIME REMARK -LAT-  --LON-  DEPTH  RMS PMAG  NUM  ERH  ERZ  ID
 7636 2021-10-24 23:08     - 55 13  161 19   4.99 0.60  0.0    4 36.8 51.4      7636
 *** DISTANCE & RESIDUAL WEIGHTING CANCELLED FOR EVENT: 2021 10 24 23  9
 7637 2021-10-24 23:09     - 55  3  161 14   5.01 0.61  0.0    4 41.2 52.1      7637
 7638 2021-10-24 23:13     - 54 57  161 19  24.50 0.22  0.0    6 19.3 13.6      7638
 7639 2021-10-24 23:14     - 54 44  161  9   5.01 0.19  0.0    4 18.0 19.7      7639
 7640 2021-10-24 23:59     - 55 24  161 58  20.89 0.08  0.0    6  2.5 11.4      7640
 7641 2021-10-25  7:18     - 55 14  163 28   0.22 0.67  0.0   12 24.0 50.2      7641
 7642 2021-10-25  7:59     - 55 19  161 50  51.24 0.12  0.0    7  5.2 12.7      7642
 7643 2021-10-25  8:37     - 55  7  163 23   4.91 0.39  0.0    6 15.2 31.0      7643
 7644 2021-10-25  8:37     - 54 33  161 28   2.88 0.14  0.0    7  8.6 15.0      7644
 7645 2021-10-25 13:19     - 55  5  162  4   0.29 0.13  0.0   12  0.6 11.7      7645
 7646 2021-10-25 16:44       55  4  162  4   4.82 0.04  0.0    7  0.9  3.1      7646
 *** DISTANCE & RESIDUAL WEIGHTING CANCELLED FOR EVENT: 2021 10 25 17 40
 7647 2021-10-25 17:40     - 55 28  161 28  23.08 0.22  0.0    5 16.7  8.9      7647
 7648 2021-10-25 21:55     - 54 60  160 41   5.04 0.23  0.0    9 17.4 22.9      7648
 7649 2021-10-25 21:55     - 55  4  160 41   5.01 0.27  0.0    7 21.6 25.2      7649
 7650 2021-10-25 23:46     - 54 58  161  1  30.25 0.20  0.0   10 17.1  2.1      7650
  SEQ ---DATE--- TIME REMARK -LAT-  --LON-  DEPTH  RMS PMAG  NUM  ERH  ERZ  ID
 7651 2021-10-25 23:46     - 54 50  160 45  26.04 0.14  0.0    8 12.1  2.9      7651
 *** DISTANCE & RESIDUAL WEIGHTING CANCELLED FOR EVENT: 2021 10 26 15 10
 7652 2021-10-26 15:10     - 55  2  162 22  25.75 0.89  0.0    4 74.6 10.9      7652
 *** DISTANCE & RESIDUAL WEIGHTING CANCELLED FOR EVENT: 2021 10 26  8 54
 7653 2021-10-26  8:54     # 55 17  161 33   3.74 0.41  0.0    6  4.3  6.2      7653
 7654 2021-10-26 10:52     - 54 45  163 32   4.42 0.43  0.0    8 14.6 31.4      7654
 7655 2021-10-26 10:53     - 54 26  162 25   5.01 0.17  0.0    6 16.4 17.2      7655
 7656 2021-10-26 15:57     - 55 27  161 55   4.70 0.18  0.0    5  5.7 15.7      7656
 *** DISTANCE & RESIDUAL WEIGHTING CANCELLED FOR EVENT: 2021 10 26 20 11
 7657 2021-10-26 20:11     - 55  3  161  5  11.04 0.41  0.0    4 28.1 30.0      7657
 7658 2021-10-26 20:49     - 55 16  161 32   1.25 0.39  0.0    7  3.8 31.7      7658
 *** DISTANCE & RESIDUAL WEIGHTING CANCELLED FOR EVENT: 2021 10 26 21 10
 7659 2021-10-26 21:09     - 55 29  160 20   5.07 0.20  0.0    4 14.0 18.9      7659
 7660 2021-10-26 22:10     - 54 26  161 38   6.06 0.19  0.0    7  8.4 18.3      7660
 7661 2021-10-26 23:29     - 54 33  161 19   3.48 0.01  0.0    4  5.2 11.4      7661
 7662 2021-10-26 23:59     - 55 27  161 52   4.99 0.04  0.0    4  1.8 10.8      7662
 7663 2021-10-27  0:00     - 54 25  161 36   4.62 0.36  0.0    8 13.3 28.2      7663
 7664 2021-10-27  0:29     - 54 41  163 36   4.95 0.12  0.0    4  8.6 14.7      7664
 7665 2021-10-27  2:51       54 55  162 12   2.34 0.05  0.0    7  1.5  2.1      7665
  SEQ ---DATE--- TIME REMARK -LAT-  --LON-  DEPTH  RMS PMAG  NUM  ERH  ERZ  ID
 7666 2021-10-27  2:51     - 54 31  162 21   6.34 0.20  0.0    6 16.4  9.5      7666
 7667 2021-10-27  3:08       54 55  162 11   1.09 0.04  0.0    7  1.6  2.0      7667
 7668 2021-10-27  3:08       54 52  162 12   0.31 0.21  0.0    7  4.8  2.2      7668
 7669 2021-10-27  6:59     - 55 10  163 11   5.48 0.74  0.0   11 20.6 42.7      7669
 *** DISTANCE & RESIDUAL WEIGHTING CANCELLED FOR EVENT: 2021 10 27  8  0
 7670 2021-10-27  7:59     # 55 24  161 58   5.01 0.69  0.0    4  5.2 12.3      7670
 7671 2021-10-27  8:30     - 55  7  163 25   2.56 0.60  0.0    7 21.8 45.5      7671
 7672 2021-10-27  8:30     # 55 18  161 36  11.99 1.77  0.0    7 21.2 38.3      7672
 7673 2021-10-27 10:06     - 55  5  162  4   0.21 0.15  0.0   12  0.6 13.5      7673
 7674 2021-10-27 10:13       55  5  162  4   2.00 0.12  0.0   14  0.5  3.8      7674
 7675 2021-10-27 11:50     - 55 10  163 14   5.25 0.21  0.0    8  8.4 18.2      7675
 7676 2021-10-27 11:50     # 55 20  161 55   0.04 0.23  0.0    4  3.5 14.2      7676
 7677 2021-10-27 12:56       55  5  162  4   3.78 0.13  0.0   15  0.5  1.2      7677
 7678 2021-10-27 12:58     - 55 53  161 31   5.27 0.08  0.0    4  7.1 12.8      7678
 7679 2021-10-27 13:56     - 54 59  161  5  31.62 0.18  0.0    9 14.7  1.5      7679
 7680 2021-10-27 13:56     - 54 48  160 44  24.52 0.06  0.0    7 10.1  2.8      7680
  SEQ ---DATE--- TIME REMARK -LAT-  --LON-  DEPTH  RMS PMAG  NUM  ERH  ERZ  ID
 7681 2021-10-27 15:11     - 54 22  161 32   4.36 0.21  0.0   11  8.9 18.7      7681
 *** DISTANCE & RESIDUAL WEIGHTING CANCELLED FOR EVENT: 2021 10 27 16  0
 7682 2021-10-27 15:59     # 55 25  161 54   5.00 1.49  0.0    4 42.4 35.4      7682
 7683 2021-10-27 16:16     - 54 59  161 32  28.81 0.07  0.0    4 11.7  5.2      7683
 *** DISTANCE & RESIDUAL WEIGHTING CANCELLED FOR EVENT: 2021 10 27 16 16
 7684 2021-10-27 16:16     - 54 58  160 44  29.10 0.57  0.0    5 45.0  6.8      7684
 7685 2021-10-27 17:08     - 54 58  161 40   5.91 0.04  0.0    5  5.4 11.1      7685
 7686 2021-10-27 20:14     - 55 12  161 36  16.62 0.03  0.0    4  8.0  5.4      7686
 7687 2021-10-27 22:32     - 55  6  162 33   0.60 0.16  0.0    4  3.5 18.2      7687
 7688 2021-10-27 23:59     - 55 25  161 57  17.90 0.08  0.0    5  1.9 10.7      7688
 7689 2021-10-28  2:58     - 54 34  162  2   4.99 0.22  0.0   12  8.7 18.8      7689
 7690 2021-10-28  5:48     - 55 16  161 35   0.54 0.22  0.0    9  1.5 21.5      7690
 *** DISTANCE & RESIDUAL WEIGHTING CANCELLED FOR EVENT: 2021 10 28  5 53
 7691 2021-10-28  5:53     # 55 22  161 55   7.99 0.29  0.0    4  6.5 12.6      7691
 7692 2021-10-28  7:59     - 55 30  162  5   4.90 0.06  0.0    4 10.7 13.3      7692
 7693 2021-10-28 11:56       55 18  161 40  19.17 0.11  0.0    7  2.1  1.0      7693
 7694 2021-10-28 12:23     - 54 59  160 49   5.01 0.24  0.0    6 18.7 23.3      7694
 *** DISTANCE & RESIDUAL WEIGHTING CANCELLED FOR EVENT: 2021 10 28 12 55
 7695 2021-10-28 12:55     # 55 30  162 18   5.01 0.66  0.0    6  5.0 10.8      7695
  SEQ ---DATE--- TIME REMARK -LAT-  --LON-  DEPTH  RMS PMAG  NUM  ERH  ERZ  ID
 7696 2021-10-28 15:05     - 54 35  161 20   4.65 0.17  0.0    8  7.7 16.3      7696
 *** DISTANCE & RESIDUAL WEIGHTING CANCELLED FOR EVENT: 2021 10 28 15 24
 7697 2021-10-28 15:24     - 55 28  161 36   2.50 0.75  0.0    4 61.6 56.7      7697
 7698 2021-10-28 15:30     - 55 16  160 38   4.46 0.43  0.0    4 33.9 34.7      7698
 7699 2021-10-28 15:59     - 55 20  162 10  50.10 0.16  0.0    8  4.2 13.1      7699
 7700 2021-10-28 18:35     - 54 37  161 22   4.84 0.16  0.0   14  6.6 13.9      7700
 7701 2021-10-28 19:07     - 55  9  160 57   5.00 0.34  0.0    9 25.4 30.6      7701
 7702 2021-10-28 19:07     - 54 55  159 50   5.02 0.41  0.0    9 30.4 35.4      7702
 *** DISTANCE & RESIDUAL WEIGHTING CANCELLED FOR EVENT: 2021 10 28 20  6
 7703 2021-10-28 20:06     - 54 48  161 41   5.00 0.40  0.0    4 14.9 32.4      7703
 *** DISTANCE & RESIDUAL WEIGHTING CANCELLED FOR EVENT: 2021 10 28 20 22
 7704 2021-10-28 20:22     - 55 19  161 48   5.00 0.97  0.0    4 55.7 29.3      7704
 7705 2021-10-28 21:30     - 54 59  162 38   4.54 0.01  0.0    4 10.0  6.1      7705
 7706 2021-10-28 21:37     - 54 56  161 17   9.88 0.19  0.0    6 14.5 17.1      7706
 7707 2021-10-28 21:37     - 54 51  161 27  34.14 0.02  0.0    4 11.9  8.8      7707
 7708 2021-10-28 22:41     - 54 53  161 22  30.37 0.18  0.0    9 14.5  2.0      7708
 7709 2021-10-28 22:41     - 54 50  161 16   8.98 0.21  0.0    7  6.6 19.6      7709
 *** DISTANCE & RESIDUAL WEIGHTING CANCELLED FOR EVENT: 2021 10 28 22 44
 7710 2021-10-28 22:44     - 54 52  161  4   5.00 0.26  0.0    4 23.0 24.5      7710
  SEQ ---DATE--- TIME REMARK -LAT-  --LON-  DEPTH  RMS PMAG  NUM  ERH  ERZ  ID
 7711 2021-10-28 23:59     - 55 17  162  7  53.34 0.11  0.0    8  3.4 11.4      7711
 7712 2021-10-29  0:16     - 54 48  161  4  34.16 0.25  0.0    9 15.9 20.4      7712
 7713 2021-10-29  0:16     - 54 42  160 57  27.06 0.17  0.0    8 12.9  3.0      7713
 *** DISTANCE & RESIDUAL WEIGHTING CANCELLED FOR EVENT: 2021 10 29  0 58
 7714 2021-10-29  0:58     - 54 33  161 28   5.59 0.23  0.0    4  8.9 20.3      7714
 *** DISTANCE & RESIDUAL WEIGHTING CANCELLED FOR EVENT: 2021 10 29  0 58
 7715 2021-10-29  0:58     - 54 58  162 45   8.39 1.34  0.0    4 17.1 98.1      7715
 *** DISTANCE & RESIDUAL WEIGHTING CANCELLED FOR EVENT: 2021 10 29  2 48
 7716 2021-10-29  2:48     - 55 11  160 20   5.00 0.34  0.0    4 17.6 28.0      7716
 7717 2021-10-29  4:44     - 55 11  162 10  12.82 0.27  0.0    4  5.6 17.2      7717
 7718 2021-10-29  5:21     - 54 57  161 34  21.16 0.13  0.0    4 15.4  5.0      7718
 7719 2021-10-29  5:21     - 54 58  161 46   6.52 0.14  0.0    5  6.3 17.3      7719
 *** DISTANCE & RESIDUAL WEIGHTING CANCELLED FOR EVENT: 2021 10 29  6 29
 7720 2021-10-29  6:29     - 55  1  162 39   7.77 0.99  0.0    9  9.2 63.7      7720
 7721 2021-10-29  6:38     - 55 12  160 42  56.38 0.20  0.0    9 18.1  7.6      7721
 7722 2021-10-29  6:38     - 54 56  160 31   5.01 0.17  0.0    8 14.0 18.9      7722
 7723 2021-10-29  8:15       55 19  161 46  12.16 0.00  0.0    4  3.0  1.1      7723
 7724 2021-10-29  8:23     - 54 25  161 37   5.72 0.16  0.0    4  7.6 16.4      7724
 7725 2021-10-29  8:23     - 55 24  162 42   5.42 0.15  0.0    4  5.1 13.5      7725
  SEQ ---DATE--- TIME REMARK -LAT-  --LON-  DEPTH  RMS PMAG  NUM  ERH  ERZ  ID
 7726 2021-10-29  8:32     # 55 16  161 34   9.43 0.09  0.0    5  4.5  7.7      7726
 *** DISTANCE & RESIDUAL WEIGHTING CANCELLED FOR EVENT: 2021 10 29  8 36
 7727 2021-10-29  8:36     # 55 28  161 52   1.20 0.70  0.0    4  5.6 41.7      7727
 *** DISTANCE & RESIDUAL WEIGHTING CANCELLED FOR EVENT: 2021 10 29  8 50
 7728 2021-10-29  8:50     # 55 17  161 36   5.02 0.42  0.0    4  6.3  2.8      7728
 *** DISTANCE & RESIDUAL WEIGHTING CANCELLED FOR EVENT: 2021 10 29  8 52
 7729 2021-10-29  8:52     # 55 22  161 50   4.99 0.59  0.0    4 33.4  8.5      7729
 7730 2021-10-29  9:20     - 55 16  161  3   1.95 0.11  0.0    5  6.6 13.8      7730
 *** DISTANCE & RESIDUAL WEIGHTING CANCELLED FOR EVENT: 2021 10 29  9 22
 7731 2021-10-29  9:22     # 55 18  161 50   8.45 0.37  0.0    4  3.3  8.9      7731
 7732 2021-10-29 18:30     - 54 39  162 26  87.82 0.07  0.0    5 13.9  2.8      7732
 *** DISTANCE & RESIDUAL WEIGHTING CANCELLED FOR EVENT: 2021 10 29 22 38
 7733 2021-10-29 22:38     - 55  7  162  6   1.00 1.02  0.0    4 31.7 81.6      7733
 7734 2021-10-30  1:59     - 55 31  163  0  35.14 0.11  0.0    4  2.2 15.1      7734
 7735 2021-10-31  1:50     - 55 11  161 36   6.00 0.02  0.0    4  5.1 11.5      7735
 *** DISTANCE & RESIDUAL WEIGHTING CANCELLED FOR EVENT: 2021 10 31  1 56
 7736 2021-10-31  1:55     # 55 22  162  4  12.62 1.52  0.0    4 33.9 18.5      7736
 *** DISTANCE & RESIDUAL WEIGHTING CANCELLED FOR EVENT: 2021 10 31  2  7
 7737 2021-10-31  2:07     # 55 24  161 52   2.49 0.62  0.0    5  4.8 27.1      7737
 7738 2021-10-31 10:21     - 54 51  161 27   5.11 0.19  0.0    4 13.9 18.3      7738
 7739 2021-10-31 10:37     - 55 14  161 20   7.55 0.19  0.0    6  2.1 19.6      7739
 7740 2021-10-31 13:18     - 55 10  160 42   5.65 0.18  0.0    4 17.5 17.9      7740
  SEQ ---DATE--- TIME REMARK -LAT-  --LON-  DEPTH  RMS PMAG  NUM  ERH  ERZ  ID
 7741 2021-10-31 13:18     - 55 11  160 44   5.03 0.25  0.0    6 20.7 24.3      7741
 7742 2021-10-31 14:28       55 21  161 43   6.49 0.04  0.0    4  8.8  1.2      7742
 *** DISTANCE & RESIDUAL WEIGHTING CANCELLED FOR EVENT: 2021 10 31 14 39
 7743 2021-10-31 14:38     # 55 26  162  3  12.21 0.30  0.0    4 11.1  3.6      7743
 7744 2021-10-31 14:56     - 54 57  161 23  27.60 0.23  0.0    9 16.5  5.8      7744
 7745 2021-10-31 14:56     - 54 40  160 53   5.05 0.26  0.0    4 22.4 24.3      7745
 *** DISTANCE & RESIDUAL WEIGHTING CANCELLED FOR EVENT: 2021 10 31 14 57
 7746 2021-10-31 14:56     - 54 58  162 12   1.12 0.24  0.0    4 19.3  7.4      7746
 7747 2021-10-31 15:59     - 55 25  161 55   5.00 0.09  0.0    4  1.8 13.2      7747
 7748 2021-10-31 16:38     - 55  0  160 58  43.50 0.26  0.0    8 20.5 10.0      7748
 7749 2021-10-31 16:38     - 55  4  160 39  50.66 0.12  0.0    6 14.9  5.6      7749
 7750 2021-10-31 17:11       55 22  161 29  14.99 0.06  0.0    5  3.5  3.2      7750
 *** DISTANCE & RESIDUAL WEIGHTING CANCELLED FOR EVENT: 2021 10 31 18 37
 7751 2021-10-31 18:37     # 55 18  161 59   5.04 1.88  0.0    4 11.7 22.4      7751
 7752 2021-10-31 20:18     - 55 32  161 46   4.43 0.14  0.0    4  5.5 16.0      7752
 7753 2021-10-31 20:18     - 55 18  161 45   2.04 0.10  0.0    4  3.6 13.9      7753
 *** DISTANCE & RESIDUAL WEIGHTING CANCELLED FOR EVENT: 2021 10 31 20 21
 7754 2021-10-31 20:21     - 55 35  161 55   5.00 0.75  0.0    4 16.2 45.0      7754
 7755 2021-10-31 23:59     - 55 25  161 57  18.29 0.08  0.0    6  1.8 10.3      7755
 *** DISTANCE & RESIDUAL WEIGHTING CANCELLED FOR EVENT: 2021 11  1  0 50
  SEQ ---DATE--- TIME REMARK -LAT-  --LON-  DEPTH  RMS PMAG  NUM  ERH  ERZ  ID
 7756 2021-11- 1  0:50     - 55 17  161 45   5.09 0.48  0.0    4 14.3 36.2      7756
 *** DISTANCE & RESIDUAL WEIGHTING CANCELLED FOR EVENT: 2021 11  1  1  0
 7757 2021-11- 1  1:00     # 55 17  162 16  22.98 0.50  0.0    4 13.5  8.4      7757
 7758 2021-11- 1  1:08     - 54 56  161 20   4.89 0.16  0.0    4 13.6 16.4      7758
 7759 2021-11- 1  3:48     - 55 17  162  2   1.43 0.06  0.0    4  2.7 13.0      7759
 7760 2021-11- 1  4:16     - 54 54  161 60   4.18 0.06  0.0    4  3.5 13.2      7760
 *** DISTANCE & RESIDUAL WEIGHTING CANCELLED FOR EVENT: 2021 11  1  7  1
 7761 2021-11- 1  7:01     - 55 31  161 52   4.92 0.18  0.0    4  5.8 18.8      7761
 7762 2021-11- 1  7:01       55 20  162  1   6.61 0.00  0.0    4  2.0  1.5      7762
 *** DISTANCE & RESIDUAL WEIGHTING CANCELLED FOR EVENT: 2021 11  1  7  2
 7763 2021-11- 1  7:02     # 55 24  161 59   0.86 0.82  0.0    5  9.5 30.1      7763
 7764 2021-11- 1  7:13     - 55 18  161 59   2.48 0.09  0.0    4  3.6  9.8      7764
 7765 2021-11- 1  7:59     - 55 23  161 54  16.43 0.10  0.0    5  2.1 11.8      7765
 7766 2021-11- 1  8:41     - 54 50  162 47   4.80 0.20  0.0    9  8.8 19.0      7766
 *** DISTANCE & RESIDUAL WEIGHTING CANCELLED FOR EVENT: 2021 11  1  9 26
 7767 2021-11- 1  9:26     - 55 11  161 36  12.45 3.72  0.0    4 94.1 37.7      7767
 7768 2021-11- 1 10:12     - 55 38  162 51   5.78 0.06  0.0    4  5.7 12.2      7768
 7769 2021-11- 1 10:15     - 55 16  160 42   5.91 0.24  0.0   10  9.4 21.2      7769
 *** DISTANCE & RESIDUAL WEIGHTING CANCELLED FOR EVENT: 2021 11  1 10 16
 7770 2021-11- 1 10:16     # 55 16  161 44   9.49 1.73  0.0    5 33.2 44.1      7770
  SEQ ---DATE--- TIME REMARK -LAT-  --LON-  DEPTH  RMS PMAG  NUM  ERH  ERZ  ID
 7771 2021-11- 1 10:25     - 54 56  162 14   1.00 0.11  0.0    4  2.8 15.3      7771
 *** DISTANCE & RESIDUAL WEIGHTING CANCELLED FOR EVENT: 2021 11  1 10 26
 7772 2021-11- 1 10:26     - 54 53  162 17   0.78 0.55  0.0    4 19.2 42.8      7772
 *** DISTANCE & RESIDUAL WEIGHTING CANCELLED FOR EVENT: 2021 11  1 10 55
 7773 2021-11- 1 10:55     - 55  2  161 39   3.60 0.95  0.0    4 33.9 72.9      7773
 7774 2021-11- 1 10:58     - 55 22  161 38   0.45 0.12  0.0    4  5.3 15.9      7774
 7775 2021-11- 1 11:00       55 14  161 30  24.69 0.10  0.0    8  2.4  3.0      7775
 7776 2021-11- 1 11:00     - 55 29  161 48   0.68 0.04  0.0    4  5.0 10.3      7776
 7777 2021-11- 1 11:03     # 55 21  161 48   0.0411.95  0.0    4 98.8 98.8      7777
 7778 2021-11- 1 11:26     - 54 59  161 28  34.30 0.24  0.0    9 18.1  5.4      7778
 7779 2021-11- 1 11:27       54 50  161 16  30.98 0.15  0.0   10  7.7  1.0      7779
 7780 2021-11- 1 11:30     - 54 27  161 15   4.87 0.03  0.0    4  5.1 11.8      7780
 7781 2021-11- 1 11:30     - 54 57  162 51   4.83 0.09  0.0    4  5.9 13.1      7781
 7782 2021-11- 1 11:31     - 55  5  161 47  32.61 0.09  0.0    5 11.9  7.0      7782
 7783 2021-11- 1 11:32     - 55  2  161 29  30.07 0.16  0.0    6 15.9  5.5      7783
 7784 2021-11- 1 12:07     - 54 57  162 43   7.56 0.02  0.0    4  2.1 12.5      7784
 7785 2021-11- 1 14:16     # 55 22  161 49   0.62 0.20  0.0    5  1.9 11.0      7785
  SEQ ---DATE--- TIME REMARK -LAT-  --LON-  DEPTH  RMS PMAG  NUM  ERH  ERZ  ID
 7786 2021-11- 1 14:17     - 55 21  161 48   2.91 0.01  0.0    4 10.4  4.5      7786
 *** DISTANCE & RESIDUAL WEIGHTING CANCELLED FOR EVENT: 2021 11  1 14 24
 7787 2021-11- 1 14:24     # 55 24  161 53   2.47 0.56  0.0    6  2.6 23.3      7787
 7788 2021-11- 1 14:58     - 55 32  161 19   4.12 0.16  0.0    4  7.7 16.7      7788
 *** DISTANCE & RESIDUAL WEIGHTING CANCELLED FOR EVENT: 2021 11  1 15 56
 7789 2021-11- 1 15:56     # 55 20  161 44   2.48 0.61  0.0    4 12.8 23.0      7789
 7790 2021-11- 1 15:59     - 55 25  161 56  26.87 0.07  0.0    6  2.3 11.8      7790
 *** DISTANCE & RESIDUAL WEIGHTING CANCELLED FOR EVENT: 2021 11  1 16 19
 7791 2021-11- 1 16:18     - 55 17  161 47   0.59 0.42  0.0    4 24.5 29.0      7791
 7792 2021-11- 1 17:08     - 54 57  162 16   5.55 0.07  0.0    5  7.8  7.0      7792
 *** DISTANCE & RESIDUAL WEIGHTING CANCELLED FOR EVENT: 2021 11  1 17  8
 7793 2021-11- 1 17:08     - 55  2  162 55   5.00 0.38  0.0    5 18.7 33.6      7793
 7794 2021-11- 1 18:29     - 55 14  163 23   0.02 0.78  0.0   10 27.6 56.5      7794
 7795 2021-11- 1 19:30     - 55 18  161 11   3.81 0.04  0.0    4  7.4 11.7      7795
 7796 2021-11- 1 19:31     - 55 15  161 41   4.67 0.06  0.0    4  2.3 11.6      7796
 *** DISTANCE & RESIDUAL WEIGHTING CANCELLED FOR EVENT: 2021 11  1 19 43
 7797 2021-11- 1 19:43     - 55 14  161 21   5.00 0.59  0.0    4 21.5 45.9      7797
 7798 2021-11- 1 20:26       55 21  161 37  10.00 0.11  0.0    5  4.3  2.6      7798
 *** DISTANCE & RESIDUAL WEIGHTING CANCELLED FOR EVENT: 2021 11  1 21 16
 7799 2021-11- 1 21:15     - 55 25  160 18   4.44 0.22  0.0    4 15.2 16.0      7799
 7800 2021-11- 1 23:40     - 54 34  161 16  35.55 0.14  0.0   10  2.0 14.7      7800
  SEQ ---DATE--- TIME REMARK -LAT-  --LON-  DEPTH  RMS PMAG  NUM  ERH  ERZ  ID
 7801 2021-11- 1 23:59     - 55 25  161 56   4.99 0.13  0.0    5  1.3 13.0      7801
 *** DISTANCE & RESIDUAL WEIGHTING CANCELLED FOR EVENT: 2021 11  2  1 13
 7802 2021-11- 2  1:13     # 55 24  161 52   2.46 0.33  0.0    4  2.5 17.5      7802
 7803 2021-11- 2  1:36     - 55 16  161 12   5.00 0.07  0.0    5  6.3 12.3      7803
 *** DISTANCE & RESIDUAL WEIGHTING CANCELLED FOR EVENT: 2021 11  2  1 46
 7804 2021-11- 2  1:46     - 55 15  161 48   4.47 0.32  0.0    4 12.4 26.6      7804
 7805 2021-11- 2  1:51     - 54 33  161 41   4.80 0.22  0.0   15  8.1 17.1      7805
 *** DISTANCE & RESIDUAL WEIGHTING CANCELLED FOR EVENT: 2021 11  2  2 17
 7806 2021-11- 2  2:17     # 55 25  161 48   0.70 0.52  0.0    6  2.7 19.2      7806
 7807 2021-11- 2  2:20       55 20  161 46  14.37 0.00  0.0    4  6.7  1.1      7807
 7808 2021-11- 2  6:29     - 55 26  161 56  11.97 0.03  0.0    4  2.7  9.4      7808
 7809 2021-11- 2  7:04     - 54 58  162 16   4.90 0.02  0.0    4 10.0  6.8      7809
 7810 2021-11- 2  7:05     - 54 56  162 15   4.42 0.10  0.0    4  8.7  7.1      7810
 7811 2021-11- 2  7:59     - 55 24  161 54  28.13 0.07  0.0    6  2.2 12.3      7811
 7812 2021-11- 2  8:21     # 54 56  161 50  25.65 3.16  0.0    6 59.8 88.3      7812
 *** DISTANCE & RESIDUAL WEIGHTING CANCELLED FOR EVENT: 2021 11  2  8 21
 7813 2021-11- 2  8:21     # 55 36  162  7   5.00 0.58  0.0    4 28.1  7.8      7813
 7814 2021-11- 2  8:37     - 55 23  162  8   2.15 0.10  0.0    4  4.3 10.6      7814
 7815 2021-11- 2  8:47     - 55 27  161 33   2.37 0.35  0.0    6  4.7 29.6      7815
  SEQ ---DATE--- TIME REMARK -LAT-  --LON-  DEPTH  RMS PMAG  NUM  ERH  ERZ  ID
 7816 2021-11- 2 15:12     # 55 22  161 50   0.01 3.65  0.0    4 15.7 98.8      7816
 *** DISTANCE & RESIDUAL WEIGHTING CANCELLED FOR EVENT: 2021 11  2 15 16
 7817 2021-11- 2 15:15     - 55 27  161 53   3.97 0.38  0.0    4  8.4 25.3      7817
 7818 2021-11- 2 15:16     - 55 12  162  4   2.07 0.34  0.0    4 26.7 22.2      7818
 7819 2021-11- 2 15:24     - 55 30  162  5   0.01 0.58  0.0    4 16.5 41.7      7819
 7820 2021-11- 2 15:26     - 55  4  161 51   7.93 0.19  0.0    6  5.4 19.4      7820
 *** DISTANCE & RESIDUAL WEIGHTING CANCELLED FOR EVENT: 2021 11  2 15 27
 7821 2021-11- 2 15:27     - 55 22  161 48   0.01 0.45  0.0    4 16.5 33.3      7821
 *** DISTANCE & RESIDUAL WEIGHTING CANCELLED FOR EVENT: 2021 11  2 15 36
 7822 2021-11- 2 15:36     - 55 18  161 31   2.50 0.68  0.0    4 40.6 46.0      7822
 7823 2021-11- 2 15:59     - 55 25  161 57  24.65 0.06  0.0    6  2.6 11.9      7823
 *** DISTANCE & RESIDUAL WEIGHTING CANCELLED FOR EVENT: 2021 11  2 16 56
 7824 2021-11- 2 16:56     # 55  9  162 19   4.98 0.22  0.0    4  8.6  8.0      7824
 7825 2021-11- 2 18:12       54 53  162 11   4.48 0.00  0.0    4  3.3  4.5      7825
 7826 2021-11- 2 18:21     - 54 54  160 51   4.35 0.26  0.0    9 11.4 22.0      7826
 7827 2021-11- 2 18:21     - 54 54  160 52  17.33 0.19  0.0    7 15.1 19.9      7827
 7828 2021-11- 2 18:48     # 55 21  161 51   0.16 0.52  0.0    4  2.3 29.8      7828
 7829 2021-11- 2 19:03       55 23  161 44  18.93 0.09  0.0    6  3.3  1.3      7829
 *** DISTANCE & RESIDUAL WEIGHTING CANCELLED FOR EVENT: 2021 11  2 19  9
 7830 2021-11- 2 19:09     # 55 20  161 59   2.37 0.49  0.0    4  6.7 28.2      7830
  SEQ ---DATE--- TIME REMARK -LAT-  --LON-  DEPTH  RMS PMAG  NUM  ERH  ERZ  ID
 7831 2021-11- 2 19:12     # 55 22  161 50   0.03 0.05  0.0    4  0.6  8.7      7831
 7832 2021-11- 2 23:59     - 55 41  161 27   4.99 0.34  0.0    5 15.2 30.7      7832
 *** DISTANCE & RESIDUAL WEIGHTING CANCELLED FOR EVENT: 2021 11  3  1 26
 7833 2021-11- 3  1:26     - 55 12  161 34   9.83 0.32  0.0    4 29.7  7.9      7833
 7834 2021-11- 3  1:28     - 55 14  161 28   7.47 0.03  0.0    4  2.0 12.7      7834
 7835 2021-11- 3  7:48     - 54 52  160 60   4.93 0.19  0.0   14  6.9 14.4      7835
 7836 2021-11- 3 13:15     - 54 48  160 58  29.39 0.22  0.0    8 20.5  3.2      7836
 7837 2021-11- 3 13:15     - 55  2  160 57   5.01 0.17  0.0    5 16.5 17.3      7837
 7838 2021-11- 3 22:25     - 54 26  161 33   3.44 0.28  0.0    9 10.8 22.8      7838
 7839 2021-11- 4  0:07     - 55 24  161 51   2.26 0.04  0.0    4  2.7  9.7      7839
 7840 2021-11- 4  0:18     - 55 26  161 48   1.25 0.06  0.0    4  1.2 11.4      7840
 7841 2021-11- 4  3:40     - 54 31  162 35   4.92 0.08  0.0    5  6.0 13.0      7841
 7842 2021-11- 4  3:45     - 55 22  161 27   6.92 0.01  0.0    4  2.6 11.9      7842
 7843 2021-11- 4  3:54       55 25  161 34  11.17 0.00  0.0    4  2.4  3.1      7843
 7844 2021-11- 4  3:54     - 55 32  162  5   1.25 0.48  0.0    5  7.3 30.1      7844
 7845 2021-11- 4  4:05     # 55 22  161 50   0.0420.25  0.0    4 77.2 98.9      7845
  SEQ ---DATE--- TIME REMARK -LAT-  --LON-  DEPTH  RMS PMAG  NUM  ERH  ERZ  ID
 7846 2021-11- 4  6:52       55 26  160 57  54.47 0.25  0.0    9  6.4  8.1      7846
 7847 2021-11- 4  6:52       55 33  161 49  10.83 0.00  0.0    4  2.0  3.2      7847
 *** DISTANCE & RESIDUAL WEIGHTING CANCELLED FOR EVENT: 2021 11  4  6 53
 7848 2021-11- 4  6:53     - 55  5  162 20  11.99 1.63  0.0    5 97.1 22.5      7848
 7849 2021-11- 4  8:58       54 60  162 18   7.06 0.03  0.0    6  3.4  5.6      7849
 7850 2021-11- 4  8:58     - 55  2  162 15   2.61 0.05  0.0    5  6.0 11.2      7850
 *** DISTANCE & RESIDUAL WEIGHTING CANCELLED FOR EVENT: 2021 11  4  9 53
 7851 2021-11- 4  9:53     - 55 10  161 46   5.00 1.45  0.0    4 16.7 97.7      7851
 7852 2021-11- 4 12:59     - 55 28  161 18  24.66 0.09  0.0    6 13.3  5.6      7852
 *** DISTANCE & RESIDUAL WEIGHTING CANCELLED FOR EVENT: 2021 11  4 13 26
 7853 2021-11- 4 13:26     - 55  1  161 30   5.19 0.75  0.0    5 37.1 58.1      7853
 7854 2021-11- 4 19:17     - 55 10  161  0   4.24 0.25  0.0   10  9.9 20.9      7854
 7855 2021-11- 4 19:18       55 35  162  3   1.89 0.00  0.0    5  3.1  4.5      7855
 7856 2021-11- 4 23:39     - 54 53  160 25   5.01 0.17  0.0    7 17.1 18.8      7856
 *** DISTANCE & RESIDUAL WEIGHTING CANCELLED FOR EVENT: 2021 11  4 23 40
 7857 2021-11- 4 23:40     # 55 13  161 56   5.00 0.59  0.0    6  2.1  2.5      7857
 *** DISTANCE & RESIDUAL WEIGHTING CANCELLED FOR EVENT: 2021 11  5  0  5
 7858 2021-11- 5  0:05     # 55 17  161 41   4.24 0.32  0.0    5  3.1  8.7      7858
 7859 2021-11- 5  0:14     - 55 15  163 29   5.01 0.09  0.0    5  6.3 13.2      7859
 7860 2021-11- 5  0:23     # 55 19  161 38   5.78 0.66  0.0    4 20.9 10.0      7860
  SEQ ---DATE--- TIME REMARK -LAT-  --LON-  DEPTH  RMS PMAG  NUM  ERH  ERZ  ID
 7861 2021-11- 5  4:25       55 26  161 39  18.40 0.12  0.0    6  2.3  1.8      7861
 7862 2021-11- 5  4:27       55 22  161 33  12.55 0.13  0.0    6  2.7  2.8      7862
 7863 2021-11- 5  4:28     # 55 24  161 58   0.08 0.76  0.0    6  5.2 39.8      7863
 7864 2021-11- 5  4:41     - 55 21  161 55   0.08 0.26  0.0    4  2.3 22.6      7864
 7865 2021-11- 5  4:54     - 55 21  161 42   0.98 0.11  0.0    4 12.9 11.3      7865
 7866 2021-11- 5  7:28       55 19  161 30   1.99 0.00  0.0    4  4.0  1.4      7866
 7867 2021-11- 5  7:59     - 55 20  162  8   4.99 0.06  0.0    4  1.5 12.7      7867
 7868 2021-11- 5 10:43     - 55 22  161 49   0.0416.70  0.0    4 78.4 98.7      7868
 7869 2021-11- 5 10:43     - 55 45  161 11   4.91 0.09  0.0    4 14.7 13.4      7869
 7870 2021-11- 5 10:51     - 55 32  161 48   1.39 0.09  0.0    4  5.2 14.1      7870
 7871 2021-11- 5 13:17       55 27  161 49  22.11 0.16  0.0    9  1.3  1.3      7871
 7872 2021-11- 5 15:50       55 19  161 39   8.40 0.00  0.0    4  4.6  4.2      7872
 7873 2021-11- 5 15:59     - 55 25  161 55  21.83 0.10  0.0    6  2.6 10.7      7873
 7874 2021-11- 5 17:27       55 21  161 43  31.31 0.01  0.0    5  2.4  1.1      7874
 *** DISTANCE & RESIDUAL WEIGHTING CANCELLED FOR EVENT: 2021 11  5 17 27
 7875 2021-11- 5 17:27     - 55 27  161 52   0.23 0.56  0.0    5  7.3 38.7      7875
  SEQ ---DATE--- TIME REMARK -LAT-  --LON-  DEPTH  RMS PMAG  NUM  ERH  ERZ  ID
 7876 2021-11- 5 17:39     - 54 54  162 21   5.16 0.09  0.0    4  6.1 13.3      7876
 7877 2021-11- 5 21:49     - 54 55  163 32   4.91 0.02  0.0    6  5.3 11.4      7877
 7878 2021-11- 5 23:58     - 55  9  161 49   6.42 0.08  0.0    5  5.9 12.8      7878
 7879 2021-11- 5 23:58     - 55 33  161 50  15.14 0.07  0.0    4  9.1 10.6      7879
 7880 2021-11- 6  0:01     - 55 23  161 51   0.88 0.04  0.0    4  0.8  9.8      7880
 7881 2021-11- 6  7:59     - 55 19  162  3   5.03 0.06  0.0    4  0.9 13.1      7881
 7882 2021-11- 6 11:17       54 57  162 14   2.06 0.02  0.0    5  1.5  4.0      7882
 7883 2021-11- 6 11:17     - 54 58  162 16   0.07 0.12  0.0    4  1.2 15.8      7883
 7884 2021-11- 6 14:47       55 20  161 42  16.16 0.11  0.0    7  3.2  1.0      7884
 *** DISTANCE & RESIDUAL WEIGHTING CANCELLED FOR EVENT: 2021 11  6 14 47
 7885 2021-11- 6 14:47     - 55 18  161 45   3.59 0.12  0.0    4  4.8 12.1      7885
 7886 2021-11- 6 14:49     - 55 17  162 51   5.01 0.09  0.0    5 11.8 14.6      7886
 7887 2021-11- 6 14:56     - 55  0  163 11   4.65 0.27  0.0    6 10.7 23.3      7887
 *** DISTANCE & RESIDUAL WEIGHTING CANCELLED FOR EVENT: 2021 11  6 14 57
 7888 2021-11- 6 14:57     # 55 38  162  7   5.86 0.74  0.0    5 21.9 14.5      7888
 7889 2021-11- 6 15:59     - 55 17  162  3  55.16 0.12  0.0    8  4.4 11.5      7889
 7890 2021-11- 6 21:35       55 23  161 51   5.27 0.14  0.0    5  3.1  9.9      7890
  SEQ ---DATE--- TIME REMARK -LAT-  --LON-  DEPTH  RMS PMAG  NUM  ERH  ERZ  ID
 7891 2021-11- 6 23:00     - 55 50  160 49   4.93 0.72  0.0    4 61.0 55.4      7891
 *** DISTANCE & RESIDUAL WEIGHTING CANCELLED FOR EVENT: 2021 11  6 23  0
 7892 2021-11- 6 23:00     # 55 22  161 56   5.00 1.12  0.0    5 11.4 25.4      7892
 7893 2021-11- 6 23:59     - 55 19  162  3  16.87 0.05  0.0    5  1.2 12.6      7893
 7894 2021-11- 7  3:21     - 54 57  160 36   4.94 0.15  0.0   11 12.1 10.9      7894
 7895 2021-11- 7  3:21     - 55 41  162 13   6.74 0.05  0.0    6  2.6 11.7      7895
 7896 2021-11- 7  4:01     - 55 46  161 32  43.72 0.03  0.0    4  5.4 11.6      7896
 *** DISTANCE & RESIDUAL WEIGHTING CANCELLED FOR EVENT: 2021 11  7  5 26
 7897 2021-11- 7  5:26     - 55  8  162  4   1.57 0.66  0.0    4 55.1 52.0      7897
 *** DISTANCE & RESIDUAL WEIGHTING CANCELLED FOR EVENT: 2021 11  7  5 26
 7898 2021-11- 7  5:26     - 55 24  161 54   0.23 0.38  0.0    5  1.6 26.3      7898
 7899 2021-11- 7  5:26     - 55 33  161 57   4.68 0.01  0.0    4  2.9  9.5      7899
 7900 2021-11- 7  5:27     - 55 27  161 51   4.09 0.06  0.0    4  3.0 10.9      7900
 7901 2021-11- 7  7:59     - 55 25  161 56  33.09 0.05  0.0    6  3.2 12.4      7901
 7902 2021-11- 7  9:33     - 54 31  161  8   4.92 0.18  0.0    7  8.1 17.7      7902
 7903 2021-11- 7 10:51       55 25  161 55  13.34 0.06  0.0    5  1.2  0.9      7903
 *** DISTANCE & RESIDUAL WEIGHTING CANCELLED FOR EVENT: 2021 11  7 10 52
 7904 2021-11- 7 10:52     # 55 46  161 48   1.42 1.31  0.0    6 19.5 13.3      7904
 7905 2021-11- 7 11:01       55 22  161 56   1.09 0.07  0.0    5  0.5  3.3      7905
 *** DISTANCE & RESIDUAL WEIGHTING CANCELLED FOR EVENT: 2021 11  7 11  1
  SEQ ---DATE--- TIME REMARK -LAT-  --LON-  DEPTH  RMS PMAG  NUM  ERH  ERZ  ID
 7906 2021-11- 7 11:01     # 55 20  162  8   4.99 0.76  0.0    4  7.1 16.9      7906
 7907 2021-11- 7 15:59     - 55 25  161 55  21.48 0.09  0.0    6  2.4 10.4      7907
 7908 2021-11- 7 16:53     - 55  6  161 54   2.10 0.05  0.0    5  3.1 11.6      7908
 7909 2021-11- 7 16:53       55 26  161 39  16.46 0.12  0.0    6  3.0  1.1      7909
 *** DISTANCE & RESIDUAL WEIGHTING CANCELLED FOR EVENT: 2021 11  7 16 53
 7910 2021-11- 7 16:53     # 55 31  161 53   5.00 0.83  0.0    4 20.7 35.0      7910
 *** DISTANCE & RESIDUAL WEIGHTING CANCELLED FOR EVENT: 2021 11  7 16 58
 7911 2021-11- 7 16:58     - 55 26  161 54   1.17 0.75  0.0    5  3.5 55.4      7911
 7912 2021-11- 7 17:58     - 54 55  160 30   5.88 0.14  0.0   10  7.1 14.9      7912
 7913 2021-11- 7 17:58     - 55 21  160 33   4.77 0.18  0.0    8  8.6 16.9      7913
 7914 2021-11- 7 23:59     - 55 40  162 39   6.39 0.14  0.0    5 15.2 17.2      7914
 7915 2021-11- 8  3:22       55 17  161 38  27.88 0.05  0.0    7  2.3  1.7      7915
 7916 2021-11- 8  3:31       55 20  161 46  33.57 0.38  0.0    7  4.6  2.2      7916
 *** DISTANCE & RESIDUAL WEIGHTING CANCELLED FOR EVENT: 2021 11  8  3 32
 7917 2021-11- 8  3:31     - 55 13  161  7   5.00 1.02  0.0    4 36.5 77.8      7917
 7918 2021-11- 8  3:38     - 55 33  162 13   0.68 0.11  0.0    4  9.5 10.1      7918
 7919 2021-11- 8  5:30     - 55 44  161 60   3.77 0.08  0.0    5  6.0 12.8      7919
 *** DISTANCE & RESIDUAL WEIGHTING CANCELLED FOR EVENT: 2021 11  8  5 30
 7920 2021-11- 8  5:30     - 55 10  163 16   4.46 0.14  0.0    4  7.4 15.7      7920
  SEQ ---DATE--- TIME REMARK -LAT-  --LON-  DEPTH  RMS PMAG  NUM  ERH  ERZ  ID
 7921 2021-11- 8  7:59     - 55 18  162 12   6.00 0.02  0.0    4  2.8 12.6      7921
 7922 2021-11- 8 10:05     - 54 60  162 17   0.01 0.03  0.0    6  0.8 11.1      7922
 7923 2021-11- 8 10:05     - 54 58  162 23   5.96 0.02  0.0    4 10.7  3.2      7923
 7924 2021-11- 8 10:34     - 54 57  161 28  52.43 0.11  0.0    4 14.3  7.7      7924
 7925 2021-11- 8 10:53     - 55 14  162  9   4.81 0.19  0.0    4  4.0 18.7      7925
 7926 2021-11- 8 11:05     - 54 49  161 50   4.35 0.32  0.0    4 20.8 26.7      7926
 7927 2021-11- 8 11:05     # 55 26  162 12   3.64 0.13  0.0    4  6.4  6.4      7927
 *** DISTANCE & RESIDUAL WEIGHTING CANCELLED FOR EVENT: 2021 11  8 11  6
 7928 2021-11- 8 11:06     - 55 11  162 13   5.00 0.62  0.0    4 48.9 49.9      7928
 7929 2021-11- 8 11:10     # 55 21  161 53   0.03 0.38  0.0    6  2.0 14.8      7929
 7930 2021-11- 8 13:22     - 54 58  161 34   0.23 0.01  0.0    4  8.6 12.5      7930
 *** DISTANCE & RESIDUAL WEIGHTING CANCELLED FOR EVENT: 2021 11  8 13 23
 7931 2021-11- 8 13:23     - 55 22  161 36   4.67 0.29  0.0    4 23.4 10.0      7931
 *** DISTANCE & RESIDUAL WEIGHTING CANCELLED FOR EVENT: 2021 11  8 14 20
 7932 2021-11- 8 14:19     - 55 58  161 11   5.00 0.34  0.0    4 13.1 28.3      7932
 7933 2021-11- 8 15:59     - 55 22  162 17   7.08 0.22  0.0    6  3.5 21.2      7933
 *** DISTANCE & RESIDUAL WEIGHTING CANCELLED FOR EVENT: 2021 11  8 16 27
 7934 2021-11- 8 16:27     # 55  5  162  4  15.41 0.74  0.0    4  9.1  9.5      7934
 7935 2021-11- 8 16:33     - 55 19  161  4   5.77 0.13  0.0    8  7.1 13.8      7935
  SEQ ---DATE--- TIME REMARK -LAT-  --LON-  DEPTH  RMS PMAG  NUM  ERH  ERZ  ID
 7936 2021-11- 8 16:33     - 56  5  162  3   4.23 0.06  0.0    4  5.7 12.2      7936
 7937 2021-11- 8 18:37     - 56  7  162  4   4.96 0.33  0.0    4 12.9 27.4      7937
 7938 2021-11- 8 18:37     - 55 27  160 55  51.14 0.12  0.0   10 13.2  6.1      7938
 7939 2021-11- 8 19:22     - 55 20  161 48   0.55 0.12  0.0    4  2.9 14.5      7939
 7940 2021-11- 8 19:29       55 17  161 43  22.69 0.03  0.0    5  3.3  1.1      7940
 7941 2021-11- 8 19:29       55 34  161 54   2.42 0.14  0.0    6  1.9  4.4      7941
 7942 2021-11- 8 19:29     - 55 32  161  4   5.00 0.48  0.0    4 27.5 31.6      7942
 *** DISTANCE & RESIDUAL WEIGHTING CANCELLED FOR EVENT: 2021 11  8 19 30
 7943 2021-11- 8 19:30     - 55 21  162  2   5.00 1.83  0.0    4 37.0 91.8      7943
 *** DISTANCE & RESIDUAL WEIGHTING CANCELLED FOR EVENT: 2021 11  8 19 36
 7944 2021-11- 8 19:36     - 55 17  162 20   5.00 1.00  0.0    4 81.1 14.7      7944
 7945 2021-11- 8 19:37       55 34  162  4  10.29 0.10  0.0    7  1.1  1.9      7945
 *** DISTANCE & RESIDUAL WEIGHTING CANCELLED FOR EVENT: 2021 11  8 20 49
 7946 2021-11- 8 20:49     # 54 57  162 15   4.69 0.08  0.0    4  4.4  3.6      7946
 7947 2021-11- 8 21:15       55  6  161 51   9.80 0.02  0.0    4  2.7  2.0      7947
 7948 2021-11- 8 23:59     - 55 18  161 54  43.53 0.18  0.0    6  6.5 14.5      7948
 7949 2021-11- 9  0:01     - 54 40  161 48   4.34 0.15  0.0    7  7.2 14.3      7949
 7950 2021-11- 9  1:52     - 54 20  161 32   4.93 0.05  0.0    4  5.6 12.0      7950
  SEQ ---DATE--- TIME REMARK -LAT-  --LON-  DEPTH  RMS PMAG  NUM  ERH  ERZ  ID
 7951 2021-11- 9  1:56     - 55 39  163 18   3.36 0.47  0.0    5 17.1 37.3      7951
 7952 2021-11- 9  3:05     - 54 58  161 53  15.36 0.01  0.0    4  3.8 11.7      7952
 7953 2021-11- 9  5:20     - 55 21  162 41   8.16 0.46  0.0    5  4.5 39.8      7953
 7954 2021-11- 9  5:52     # 55 33  161 49   5.84 0.15  0.0    7  9.2  4.0      7954
 7955 2021-11- 9  5:58     - 55 44  161 47  65.82 0.22  0.0    6  9.8 19.7      7955
 7956 2021-11- 9  5:58     - 55 26  161 18  65.16 0.01  0.0    4  6.7 10.9      7956
 *** DISTANCE & RESIDUAL WEIGHTING CANCELLED FOR EVENT: 2021 11  9  6 36
 7957 2021-11- 9  6:36     # 55 14  162  2  21.60 0.68  0.0    5  9.3 22.1      7957
 7958 2021-11- 9  6:54     - 54 45  161  4  32.81 0.17  0.0    9 16.1 18.7      7958
 7959 2021-11- 9  6:54     - 54 37  160 59  17.60 0.15  0.0    7 12.4 17.5      7959
 7960 2021-11- 9 11:05     - 55 55  162 58   5.03 0.10  0.0    4 13.2 13.4      7960
 7961 2021-11- 9 13:08       55  1  162 17  18.67 0.01  0.0    5  2.3  4.5      7961
 7962 2021-11- 9 13:09     - 54 41  162 39   4.85 0.09  0.0    4  6.1 13.2      7962
 7963 2021-11- 9 13:16     - 55 14  161 54   0.44 0.07  0.0    4  2.4 13.0      7963
 *** DISTANCE & RESIDUAL WEIGHTING CANCELLED FOR EVENT: 2021 11  9 16  0
 7964 2021-11- 9 15:59     # 55 18  162 11   4.97 0.72  0.0    9  3.9  6.5      7964
 7965 2021-11- 9 17:08     - 54 53  161 28  25.66 0.13  0.0    4 15.5 11.5      7965
  SEQ ---DATE--- TIME REMARK -LAT-  --LON-  DEPTH  RMS PMAG  NUM  ERH  ERZ  ID
 7966 2021-11- 9 17:19     - 54 56  161 26  32.09 0.15  0.0    4 16.5  3.3      7966
 7967 2021-11- 9 17:49     - 54 26  161 11   4.71 0.11  0.0    5  6.4 13.9      7967
 7968 2021-11- 9 18:11     - 54 31  161 42   3.93 0.12  0.0    6  6.9 14.4      7968
 7969 2021-11- 9 18:21     - 54 54  162 13   4.89 0.00  0.0    4  8.2  8.9      7969
 *** DISTANCE & RESIDUAL WEIGHTING CANCELLED FOR EVENT: 2021 11  9 18 54
 7970 2021-11- 9 18:54     - 55 26  161 41   5.02 0.14  0.0    4  7.1 16.0      7970
 7971 2021-11- 9 20:21     - 54 44  163 31   4.76 0.11  0.0    6  6.4 13.9      7971
 7972 2021-11- 9 23:24     - 54 54  161  9  31.91 0.18  0.0    7 17.0  1.7      7972
 7973 2021-11- 9 23:59     - 55  7  162 59   5.24 0.28  0.0    5 23.1 26.7      7973
 7974 2021-11-10  0:55     - 55 16  161 29  36.23 0.14  0.0    5 15.1  4.0      7974
 7975 2021-11-10  1:47     # 54 31  163 14   0.33 0.19  0.0    9  6.1 12.5      7975
 7976 2021-11-10  7:59     - 55 25  161 55  26.51 0.07  0.0    6  2.3 12.1      7976
 7977 2021-11-10 15:59     - 55 25  161 57  23.56 0.05  0.0    6  2.4 11.6      7977
 *** DISTANCE & RESIDUAL WEIGHTING CANCELLED FOR EVENT: 2021 11 10 17 17
 7978 2021-11-10 17:17     # 55 24  161 55   1.30 0.90  0.0    4  6.1 36.0      7978
 7979 2021-11-10 21:39     - 55 12  160 60   4.92 0.16  0.0    7  7.6 16.1      7979
 7980 2021-11-10 23:59     - 55 25  161 55  23.83 0.05  0.0    6  2.1 11.6      7980
  SEQ ---DATE--- TIME REMARK -LAT-  --LON-  DEPTH  RMS PMAG  NUM  ERH  ERZ  ID
 7981 2021-11-11  0:37       55 19  162 43   6.46 0.27  0.0    7  6.5 13.8      7981
 7982 2021-11-11  0:37     - 54 40  161 55   5.03 0.08  0.0    4 12.7 13.8      7982
 7983 2021-11-11  4:52     - 55  3  161 48   1.53 0.46  0.0    5  3.8 30.7      7983
 *** DISTANCE & RESIDUAL WEIGHTING CANCELLED FOR EVENT: 2021 11 11  6 37
 7984 2021-11-11  6:37     - 55  8  162 40   6.17 0.97  0.0    4 32.7 73.6      7984
 *** DISTANCE & RESIDUAL WEIGHTING CANCELLED FOR EVENT: 2021 11 11  7 16
 7985 2021-11-11  7:16     # 55 28  161 51   5.00 2.75  0.0    6 90.2 40.8      7985
 7986 2021-11-11  7:17     - 55 11  161 36   6.50 0.03  0.0    4  3.0 12.7      7986
 7987 2021-11-11  7:59     - 55 25  161 57   5.12 0.12  0.0    5  1.5 12.4      7987
 7988 2021-11-11  8:43     - 55 29  162  5   5.01 0.06  0.0    4  9.6  9.7      7988
 *** DISTANCE & RESIDUAL WEIGHTING CANCELLED FOR EVENT: 2021 11 11  8 44
 7989 2021-11-11  8:44     - 55 14  161 56   5.00 0.44  0.0    4 18.7 25.8      7989
 7990 2021-11-11 15:59     - 55 25  161 54  33.51 0.05  0.0    6  2.9 11.9      7990
 *** DISTANCE & RESIDUAL WEIGHTING CANCELLED FOR EVENT: 2021 11 11 18 22
 7991 2021-11-11 18:21     # 55 31  161 54   5.00 1.13  0.0    4 15.3  6.8      7991
 *** DISTANCE & RESIDUAL WEIGHTING CANCELLED FOR EVENT: 2021 11 11 18 22
 7992 2021-11-11 18:22     # 55 23  162  3   4.96 0.53  0.0    5  5.7  6.8      7992
 7993 2021-11-11 19:00       55 19  161 59   9.39 0.13  0.0    5  2.3  5.6      7993
 7994 2021-11-11 19:41     - 55  8  163 17   4.92 0.05  0.0    4  5.6 11.8      7994
 7995 2021-11-11 23:59       55 24  161 53   9.75 0.15  0.0    5  1.4  6.4      7995
  SEQ ---DATE--- TIME REMARK -LAT-  --LON-  DEPTH  RMS PMAG  NUM  ERH  ERZ  ID
 7996 2021-11-12  0:50     - 55  4  162 52   4.64 0.15  0.0    7  7.4 15.9      7996
 7997 2021-11-12  7:59     - 55 25  161 56   4.99 0.13  0.0    5  1.3 13.0      7997
 *** DISTANCE & RESIDUAL WEIGHTING CANCELLED FOR EVENT: 2021 11 12 10 27
 7998 2021-11-12 10:27     # 55 23  161 46   3.52 0.90  0.0    5 35.4  6.0      7998
 *** DISTANCE & RESIDUAL WEIGHTING CANCELLED FOR EVENT: 2021 11 12 10 28
 7999 2021-11-12 10:28     # 55 21  161 36   4.99 0.52  0.0    4  7.4 13.6      7999
 8000 2021-11-12 10:28     - 55 15  161 31   9.28 0.09  0.0    5  3.1 12.6      8000
 8001 2021-11-12 12:12     - 54 39  162 10   6.63 0.67  0.0    5 41.6 57.6      8001
 8002 2021-11-12 12:16     - 55 16  161 19   4.62 0.05  0.0    5  5.8 11.7      8002
 8003 2021-11-12 12:22     # 55 21  161 57   6.12 0.09  0.0    5  3.7  7.4      8003
 8004 2021-11-12 12:28     - 55 25  161 43   0.79 0.18  0.0    4 17.8 15.0      8004
 8005 2021-11-12 15:59     - 55 19  162 32   5.04 0.23  0.0    8  4.0 23.0      8005
 8006 2021-11-12 16:32       55 21  161 59   6.42 0.01  0.0    4  3.2  0.8      8006
 8007 2021-11-12 16:36     - 55 22  161 47   0.02 0.20  0.0    4 17.3 10.5      8007
 8008 2021-11-12 16:36     - 55 22  161 50   0.01 1.74  0.0    4 16.9 97.9      8008
 8009 2021-11-12 16:40     - 55 21  162  0   3.04 0.03  0.0    4  6.2 10.2      8009
 *** DISTANCE & RESIDUAL WEIGHTING CANCELLED FOR EVENT: 2021 11 12 16 40
 8010 2021-11-12 16:40     - 55 16  161  3   5.00 0.99  0.0    4 35.4 75.8      8010
  SEQ ---DATE--- TIME REMARK -LAT-  --LON-  DEPTH  RMS PMAG  NUM  ERH  ERZ  ID
 8011 2021-11-12 16:46     - 55 21  161 53   1.10 0.03  0.0    4  1.2 10.0      8011
 8012 2021-11-12 19:29     - 55 25  161 48   4.36 0.13  0.0    4  5.3 11.0      8012
 8013 2021-11-12 19:29       55 27  161 44  10.96 0.02  0.0    4  2.1  2.1      8013
 8014 2021-11-12 19:30     - 55 35  161  8   6.42 0.48  0.0    4 30.9 38.2      8014
 *** DISTANCE & RESIDUAL WEIGHTING CANCELLED FOR EVENT: 2021 11 12 19 32
 8015 2021-11-12 19:32     # 55 27  161 47   2.50 0.77  0.0    6  7.7 25.0      8015
 8016 2021-11-12 19:37       55 24  161 49   5.30 0.00  0.0    4  2.2  8.4      8016
 8017 2021-11-12 19:44     - 55 26  161 44   1.06 0.07  0.0    4  5.1 12.3      8017
 8018 2021-11-12 19:46     - 54 59  162 46   4.95 0.07  0.0    5  5.8 11.9      8018
 8019 2021-11-12 21:19     - 54 30  163 15   5.80 0.22  0.0    8  7.3 14.5      8019
 8020 2021-11-12 23:59     - 55 17  162 20   3.45 0.07  0.0    4  9.9 11.4      8020
 *** DISTANCE & RESIDUAL WEIGHTING CANCELLED FOR EVENT: 2021 11 13  0 44
 8021 2021-11-13  0:44     - 55 13  161 52   6.61 0.15  0.0    4  5.5 17.2      8021
 8022 2021-11-13  0:44     - 55 35  161  9   6.43 0.23  0.0    4 21.5 20.8      8022
 8023 2021-11-13  0:51     - 56  2  161 54   5.09 0.16  0.0    4  9.6 16.5      8023
 8024 2021-11-13  1:33     - 54 22  161 56   3.33 0.01  0.0    4  5.3 11.3      8024
 8025 2021-11-13  3:01     - 55 31  161 49   0.54 0.10  0.0    6  1.2 12.7      8025
  SEQ ---DATE--- TIME REMARK -LAT-  --LON-  DEPTH  RMS PMAG  NUM  ERH  ERZ  ID
 8026 2021-11-13  3:02     - 55 40  161 25   6.39 0.06  0.0    4 12.8 12.4      8026
 8027 2021-11-13  3:08     - 55 32  161 53  21.46 0.01  0.0    4  6.8  6.3      8027
 8028 2021-11-13  3:09     - 55 16  161 51   3.93 0.07  0.0    4  7.6 11.2      8028
 *** DISTANCE & RESIDUAL WEIGHTING CANCELLED FOR EVENT: 2021 11 13  3 15
 8029 2021-11-13  3:15     - 55 23  161 60   4.73 0.35  0.0    4 14.6 27.3      8029
 8030 2021-11-13  3:15     - 55 25  161 55   0.0112.89  0.0    5 39.9 98.8      8030
 *** DISTANCE & RESIDUAL WEIGHTING CANCELLED FOR EVENT: 2021 11 13  3 16
 8031 2021-11-13  3:16     # 55 23  162  4   4.99 0.80  0.0    4  7.8 10.2      8031
 8032 2021-11-13  4:36     - 54 60  160 48  32.12 0.21  0.0   11 17.7 21.5      8032
 8033 2021-11-13  4:37     - 55 10  161  8   7.17 0.46  0.0    8 23.6 39.9      8033
 8034 2021-11-13  6:16     - 56 13  161 44   5.32 0.21  0.0    4 16.1 19.5      8034
 8035 2021-11-13  6:18     - 55  7  160 44   4.76 0.13  0.0    5  6.9 15.1      8035
 8036 2021-11-13  7:59     - 55 25  161 55  25.12 0.08  0.0    5  2.2 12.2      8036
 *** DISTANCE & RESIDUAL WEIGHTING CANCELLED FOR EVENT: 2021 11 13 10 29
 8037 2021-11-13 10:29     # 55 21  161 58   3.90 1.26  0.0    5 28.2 63.7      8037
 8038 2021-11-13 12:07     - 54 31  163 14   3.29 0.21  0.0    9  6.9 13.8      8038
 *** DISTANCE & RESIDUAL WEIGHTING CANCELLED FOR EVENT: 2021 11 13 13 56
 8039 2021-11-13 13:56     - 55 23  161 48   0.56 0.41  0.0    4  2.9 29.2      8039
 8040 2021-11-13 13:59     - 56  7  162 15   5.62 0.07  0.0    5  9.3 12.6      8040
 *** DISTANCE & RESIDUAL WEIGHTING CANCELLED FOR EVENT: 2021 11 13 13 59
  SEQ ---DATE--- TIME REMARK -LAT-  --LON-  DEPTH  RMS PMAG  NUM  ERH  ERZ  ID
 8041 2021-11-13 13:59     # 55 26  161 60   5.00 0.60  0.0    4 20.5  8.8      8041
 8042 2021-11-13 15:59     - 55 18  161 32   3.16 0.05  0.0    4  4.7 11.4      8042
 *** DISTANCE & RESIDUAL WEIGHTING CANCELLED FOR EVENT: 2021 11 13 15 59
 8043 2021-11-13 15:59     - 56 10  161 51   5.00 0.41  0.0    4 15.1 33.0      8043
 8044 2021-11-13 15:59     - 55 22  161 57   0.09 0.10  0.0    7  1.1 10.7      8044
 *** DISTANCE & RESIDUAL WEIGHTING CANCELLED FOR EVENT: 2021 11 13 16  1
 8045 2021-11-13 16:01     # 55 24  161 55   1.24 0.30  0.0    6  1.6 16.2      8045
 8046 2021-11-13 16:08     - 55 23  161 44   0.00 0.54  0.0    4 28.4 46.6      8046
 8047 2021-11-13 16:11       55 21  161 44  15.73 0.09  0.0    6  2.2  1.0      8047
 8048 2021-11-13 17:51     - 55 14  161 31   0.05 0.18  0.0    4  3.4 19.3      8048
 *** DISTANCE & RESIDUAL WEIGHTING CANCELLED FOR EVENT: 2021 11 13 17 56
 8049 2021-11-13 17:56     # 55 22  161 49   1.25 0.51  0.0    4  8.8 22.6      8049
 *** DISTANCE & RESIDUAL WEIGHTING CANCELLED FOR EVENT: 2021 11 13 18  0
 8050 2021-11-13 18:00     - 55 23  161 49   1.24 0.28  0.0    4  5.0 18.2      8050
 8051 2021-11-13 19:22       55 24  161 41  14.91 0.09  0.0    5  2.2  1.7      8051
 8052 2021-11-13 19:23     - 55 53  161 23   6.35 0.24  0.0    7 12.6 21.4      8052
 8053 2021-11-13 19:23     - 55 14  162 32   5.53 0.20  0.0    4  8.7 19.0      8053
 *** DISTANCE & RESIDUAL WEIGHTING CANCELLED FOR EVENT: 2021 11 13 19 24
 8054 2021-11-13 19:23     - 55 43  161 18   4.94 0.74  0.0    4 62.8 57.1      8054
 8055 2021-11-13 19:25       55 22  161 54  23.52 0.19  0.0    6  3.9  2.9      8055
  SEQ ---DATE--- TIME REMARK -LAT-  --LON-  DEPTH  RMS PMAG  NUM  ERH  ERZ  ID
 8056 2021-11-13 19:26     - 55 23  161 16   5.34 0.03  0.0    4  5.3 11.5      8056
 8057 2021-11-13 19:26     - 54 51  161 14  30.86 0.22  0.0    6 20.7  2.2      8057
 8058 2021-11-13 19:27     - 54 41  160 59  36.29 0.60  0.0    7 42.7 34.9      8058
 *** DISTANCE & RESIDUAL WEIGHTING CANCELLED FOR EVENT: 2021 11 13 19 29
 8059 2021-11-13 19:28     - 55 48  161 52   4.26 0.38  0.0    4 13.8 31.1      8059
 8060 2021-11-13 19:35     - 55 22  161 53   0.32 0.13  0.0    5  1.3 11.7      8060
 8061 2021-11-13 23:27     - 55 21  161 48   0.02 0.03  0.0    4  1.3  9.2      8061
 *** DISTANCE & RESIDUAL WEIGHTING CANCELLED FOR EVENT: 2021 11 13 23 28
 8062 2021-11-13 23:28     - 55 13  162  6   6.76 0.55  0.0    4  6.6 46.9      8062
 *** DISTANCE & RESIDUAL WEIGHTING CANCELLED FOR EVENT: 2021 11 13 23 29
 8063 2021-11-13 23:29     - 54 59  161 41   5.00 0.76  0.0    4 54.7 57.3      8063
 8064 2021-11-13 23:39     - 54 42  161 57   5.00 0.07  0.0    4 10.7 13.9      8064
 8065 2021-11-13 23:59     - 55 25  161 55  54.76 0.03  0.0    6  4.0 12.4      8065
 8066 2021-11-14  0:04     - 54 28  163 12   5.12 0.19  0.0    7  8.4 18.4      8066
 8067 2021-11-14  2:14     - 55 13  161 27  13.50 0.08  0.0    4 12.0  9.3      8067
 8068 2021-11-14  2:14     - 55  8  161 53   6.85 0.07  0.0    5  6.9 10.7      8068
 8069 2021-11-14  2:18       55 31  161 48  14.40 0.18  0.0    9  1.6  1.9      8069
 *** DISTANCE & RESIDUAL WEIGHTING CANCELLED FOR EVENT: 2021 11 14  2 19
 8070 2021-11-14  2:18     - 55 36  161 13   5.93 0.31  0.0    4 23.8 26.4      8070
  SEQ ---DATE--- TIME REMARK -LAT-  --LON-  DEPTH  RMS PMAG  NUM  ERH  ERZ  ID
 8071 2021-11-14  2:21     # 55 20  161 51   0.18 0.70  0.0    5  7.0 24.9      8071
 8072 2021-11-14  2:24     - 55 14  161 36   2.61 0.07  0.0    4  2.9 11.2      8072
 8073 2021-11-14  2:25     - 55 30  162  4   1.21 0.25  0.0    5  4.9 20.1      8073
 8074 2021-11-14  2:26     - 55 29  161 49   1.81 0.11  0.0    5  4.0 13.0      8074
 *** DISTANCE & RESIDUAL WEIGHTING CANCELLED FOR EVENT: 2021 11 14  2 26
 8075 2021-11-14  2:26     - 55 17  161 44   5.01 0.49  0.0    4 15.7 37.7      8075
 8076 2021-11-14  3:04     - 54 46  163 31   2.60 0.04  0.0    4  6.1 11.7      8076
 *** DISTANCE & RESIDUAL WEIGHTING CANCELLED FOR EVENT: 2021 11 14  3 12
 8077 2021-11-14  3:12     # 55  6  162 13   5.00 1.07  0.0    5 18.0 45.4      8077
 8078 2021-11-14  6:32     - 55 29  162  9   7.45 0.51  0.0    7  2.5 42.9      8078
 8079 2021-11-14  7:23     - 55 54  161 28   4.78 0.18  0.0    6  8.2 17.8      8079
 8080 2021-11-14  7:24     - 54 50  161 43   5.07 0.60  0.0    5 21.6 47.0      8080
 8081 2021-11-14  7:25       55 25  161 40  14.37 0.20  0.0    6  3.2  2.9      8081
 8082 2021-11-14  7:26       55 26  161 54  14.85 0.12  0.0    8  1.3  1.4      8082
 8083 2021-11-14  7:59     - 55 25  161 55  37.49 0.05  0.0    5  3.5 12.6      8083
 8084 2021-11-14 10:06     - 54 57  162 43   4.63 0.05  0.0    4 10.4  5.7      8084
 *** DISTANCE & RESIDUAL WEIGHTING CANCELLED FOR EVENT: 2021 11 14 10 43
 8085 2021-11-14 10:43     # 55 16  161 49   2.49 0.34  0.0    4  3.6 12.4      8085
  SEQ ---DATE--- TIME REMARK -LAT-  --LON-  DEPTH  RMS PMAG  NUM  ERH  ERZ  ID
 8086 2021-11-14 10:48     - 55 22  161 49   0.04 0.13  0.0    4  0.8 12.2      8086
 *** DISTANCE & RESIDUAL WEIGHTING CANCELLED FOR EVENT: 2021 11 14 10 48
 8087 2021-11-14 10:48     - 55 39  161  3   4.96 0.27  0.0    4 25.2 22.7      8087
 8088 2021-11-14 10:54     - 55 24  161 46   0.00 0.15  0.0    4  9.7 17.5      8088
 8089 2021-11-14 10:55       55 28  161 50   3.03 0.02  0.0    4  0.7  5.1      8089
 *** DISTANCE & RESIDUAL WEIGHTING CANCELLED FOR EVENT: 2021 11 14 12 48
 8090 2021-11-14 12:48     # 55  9  161 54  12.61 0.48  0.0    5  8.2 10.2      8090
 8091 2021-11-14 13:55       55 25  161 55  12.60 0.01  0.0    5  0.8  1.1      8091
 *** DISTANCE & RESIDUAL WEIGHTING CANCELLED FOR EVENT: 2021 11 14 13 55
 8092 2021-11-14 13:55     - 55 12  161  6   5.00 1.00  0.0    4 35.9 76.5      8092
 8093 2021-11-14 13:56     - 55 15  161 33   5.08 0.22  0.0    4  5.2 21.5      8093
 *** DISTANCE & RESIDUAL WEIGHTING CANCELLED FOR EVENT: 2021 11 14 13 59
 8094 2021-11-14 13:59     - 55 24  161 52   4.76 0.27  0.0    4  5.2 22.1      8094
 *** DISTANCE & RESIDUAL WEIGHTING CANCELLED FOR EVENT: 2021 11 14 14  2
 8095 2021-11-14 14:02     # 55 22  161 52   6.76 0.85  0.0    5 25.1 42.2      8095
 *** DISTANCE & RESIDUAL WEIGHTING CANCELLED FOR EVENT: 2021 11 14 14  8
 8096 2021-11-14 14:08     - 55 21  161 47   4.11 0.30  0.0    4 19.0 15.7      8096
 8097 2021-11-14 15:59     - 55 43  161 16   5.03 0.10  0.0    6  9.2 15.0      8097
 8098 2021-11-14 17:14     - 55  9  163 16   5.34 0.44  0.0    5 17.2 34.5      8098
 8099 2021-11-14 17:15     - 55 21  162 17   1.20 0.67  0.0    7  3.1 53.5      8099
 8100 2021-11-14 17:16       55 31  161 52  10.82 0.01  0.0    4  1.6  2.5      8100
  SEQ ---DATE--- TIME REMARK -LAT-  --LON-  DEPTH  RMS PMAG  NUM  ERH  ERZ  ID
 8101 2021-11-14 17:16     - 55 40  161 12   5.81 0.43  0.0    4 34.0 34.7      8101
 8102 2021-11-14 17:18       55 21  161 46   3.54 0.13  0.0    6  0.9  1.2      8102
 *** DISTANCE & RESIDUAL WEIGHTING CANCELLED FOR EVENT: 2021 11 14 17 18
 8103 2021-11-14 17:18     - 55 11  161 28   5.00 1.22  0.0    4 42.3 89.5      8103
 8104 2021-11-14 17:25     # 55 17  161 39  32.76 0.05  0.0    5  8.2  1.9      8104
 *** DISTANCE & RESIDUAL WEIGHTING CANCELLED FOR EVENT: 2021 11 14 17 26
 8105 2021-11-14 17:26     # 55 31  161 53   5.00 0.35  0.0    4  6.6 21.0      8105
 *** DISTANCE & RESIDUAL WEIGHTING CANCELLED FOR EVENT: 2021 11 14 17 27
 8106 2021-11-14 17:27     # 55 15  161 26   5.36 0.21  0.0    4  9.3  5.3      8106
 8107 2021-11-14 18:28     - 55  5  162 52   1.44 0.10  0.0    5  2.8 15.1      8107
 8108 2021-11-14 19:19     - 55 25  161 53   0.29 0.04  0.0    5  0.8 12.4      8108
 8109 2021-11-14 19:23       55 22  161 48  20.92 0.20  0.0    8  2.7  1.2      8109
 8110 2021-11-14 19:26       55 28  161 52  11.56 0.12  0.0    5  1.2  3.4      8110
 *** DISTANCE & RESIDUAL WEIGHTING CANCELLED FOR EVENT: 2021 11 14 19 27
 8111 2021-11-14 19:27     - 55 16  161 46   5.00 0.44  0.0    4 16.3 34.7      8111
 8112 2021-11-14 19:32     - 55 16  161 42   1.22 0.14  0.0    4 12.1 10.2      8112
 8113 2021-11-14 19:34     # 55 20  161 54   0.11 0.30  0.0    7  1.4 10.2      8113
 *** DISTANCE & RESIDUAL WEIGHTING CANCELLED FOR EVENT: 2021 11 14 19 35
 8114 2021-11-14 19:35     - 55 26  161 48   1.22 0.30  0.0    4  3.8 22.4      8114
 8115 2021-11-14 22:28       55 27  161 56  13.99 0.07  0.0    5  1.2  0.9      8115
 *** DISTANCE & RESIDUAL WEIGHTING CANCELLED FOR EVENT: 2021 11 14 22 28
  SEQ ---DATE--- TIME REMARK -LAT-  --LON-  DEPTH  RMS PMAG  NUM  ERH  ERZ  ID
 8116 2021-11-14 22:28     # 55 27  162  7   4.97 1.05  0.0    4 59.2  6.3      8116
 8117 2021-11-14 22:34     - 55 22  161 46   0.05 0.11  0.0    4  7.9 12.3      8117
 8118 2021-11-14 22:42     - 55 22  161 51   1.16 0.06  0.0    5  1.3 10.4      8118
 *** DISTANCE & RESIDUAL WEIGHTING CANCELLED FOR EVENT: 2021 11 14 22 44
 8119 2021-11-14 22:44     - 56  1  161 26   5.05 0.69  0.0    5 44.5 53.4      8119
 *** DISTANCE & RESIDUAL WEIGHTING CANCELLED FOR EVENT: 2021 11 14 22 45
 8120 2021-11-14 22:45     - 56 21  161 16   5.00 0.53  0.0    4 19.3 41.5      8120
 8121 2021-11-14 23:59     - 55 24  161 55  24.42 0.08  0.0    6  2.2 11.1      8121
 8122 2021-11-15  0:46     - 54 49  161  6   4.94 0.20  0.0   15  6.9 14.6      8122
 8123 2021-11-15  1:23       55 16  161 30  17.03 0.04  0.0    5  1.5  2.5      8123
 8124 2021-11-15  1:29       55 22  161 47   7.34 0.08  0.0    5  3.3  3.4      8124
 8125 2021-11-15  1:32     - 55 21  161 50   0.07 0.01  0.0    4  1.1  9.8      8125
 8126 2021-11-15  2:05     - 54 28  161 40   4.47 0.22  0.0    8  9.3 19.7      8126
 8127 2021-11-15  3:36     - 55 23  161 51   1.11 0.14  0.0    4  1.5 12.8      8127
 8128 2021-11-15  3:37       54 52  162  9   0.01 0.05  0.0    5  5.5  3.4      8128
 *** DISTANCE & RESIDUAL WEIGHTING CANCELLED FOR EVENT: 2021 11 15  3 37
 8129 2021-11-15  3:37     - 55  8  163 12   5.00 2.86  0.0    4 92.9 92.9      8129
 *** DISTANCE & RESIDUAL WEIGHTING CANCELLED FOR EVENT: 2021 11 15  3 43
 8130 2021-11-15  3:43     - 55 22  161 54   1.22 0.42  0.0    4  4.3 27.1      8130
  SEQ ---DATE--- TIME REMARK -LAT-  --LON-  DEPTH  RMS PMAG  NUM  ERH  ERZ  ID
 8131 2021-11-15  3:50     - 55 21  161 54  10.68 0.04  0.0    4  3.6  9.2      8131
 8132 2021-11-15  5:14     - 54 54  162 10   1.39 0.01  0.0    4  9.5  7.7      8132
 *** DISTANCE & RESIDUAL WEIGHTING CANCELLED FOR EVENT: 2021 11 15  5 49
 8133 2021-11-15  5:49     - 55  4  162  1   3.31 1.17  0.0    4 83.7 18.5      8133
 8134 2021-11-15  5:51     - 55 17  161 39  19.13 0.16  0.0    7 10.4  9.2      8134
 8135 2021-11-15  5:53     - 55 14  162 10   2.67 0.06  0.0    4 10.9  9.5      8135
 8136 2021-11-15  6:18     - 55 24  162 51   5.29 0.86  0.0    6 26.4 55.9      8136
 8137 2021-11-15  6:25     - 55 46  161 19   5.44 0.39  0.0    4 14.5 31.5      8137
 8138 2021-11-15  7:59     - 55 25  161 57   5.09 0.11  0.0    5  1.5 12.4      8138
 8139 2021-11-15  8:49     - 55 15  161 36   2.64 0.05  0.0    5  1.8 10.4      8139
 *** DISTANCE & RESIDUAL WEIGHTING CANCELLED FOR EVENT: 2021 11 15  8 54
 8140 2021-11-15  8:54     - 55 20  161 49  18.44 0.33  0.0    5 11.4 19.8      8140
 8141 2021-11-15  8:56     # 55 19  161 52   0.02 0.19  0.0    4  4.3 13.3      8141
 8142 2021-11-15  9:12     - 55 16  162 14   1.00 0.13  0.0    4 11.4 15.5      8142
 8143 2021-11-15  9:15     - 54 36  161 28   5.10 0.07  0.0    7  4.4 10.9      8143
 8144 2021-11-15  9:19     - 55 10  160 45   4.00 0.27  0.0   13 10.2 21.7      8144
 8145 2021-11-15 10:12     - 54 26  163 10   5.16 0.16  0.0    6  8.5 16.4      8145
  SEQ ---DATE--- TIME REMARK -LAT-  --LON-  DEPTH  RMS PMAG  NUM  ERH  ERZ  ID
 8146 2021-11-15 11:22       55 18  161 41  17.40 0.17  0.0    7  3.5  1.4      8146
 *** DISTANCE & RESIDUAL WEIGHTING CANCELLED FOR EVENT: 2021 11 15 11 25
 8147 2021-11-15 11:25     - 55 21  162  2   4.06 0.18  0.0    4 10.0 16.7      8147
 8148 2021-11-15 11:26     - 55 11  160 59   4.24 0.20  0.0    5  8.7 18.9      8148
 8149 2021-11-15 11:29     - 55 20  161 47   0.0114.76  0.0    4 98.8 98.8      8149
 8150 2021-11-15 11:29     - 55 21  161 51   0.01 0.12  0.0    4 12.9  8.6      8150
 8151 2021-11-15 11:32     - 55 20  161 47   0.54 0.10  0.0    4  6.2 11.2      8151
 *** DISTANCE & RESIDUAL WEIGHTING CANCELLED FOR EVENT: 2021 11 15 11 44
 8152 2021-11-15 11:43     - 55 25  161 28  10.53 0.22  0.0    4 17.5 14.3      8152
 8153 2021-11-15 12:32     - 54 34  163 19   4.81 0.04  0.0    4  9.2 11.8      8153
 8154 2021-11-15 13:05       55 33  161 52  14.96 0.01  0.0    5  1.8  2.2      8154
 8155 2021-11-15 13:09       55 22  161 56  12.99 0.25  0.0   10  1.4  2.0      8155
 8156 2021-11-15 13:18     - 54 38  161 34   5.00 0.79  0.0    5 49.6 61.0      8156
 8157 2021-11-15 14:17     - 54 30  163 15   4.91 0.18  0.0    6 10.4 18.0      8157
 *** DISTANCE & RESIDUAL WEIGHTING CANCELLED FOR EVENT: 2021 11 15 14 18
 8158 2021-11-15 14:18     - 54 55  162 32  16.93 0.54  0.0    4 35.6  2.2      8158
 8159 2021-11-15 14:21       55 14  161 48   5.97 0.03  0.0    5  1.0  1.3      8159
 *** DISTANCE & RESIDUAL WEIGHTING CANCELLED FOR EVENT: 2021 11 15 14 34
 8160 2021-11-15 14:34     - 55 20  161 43   6.97 0.40  0.0    5 26.2  8.7      8160
  SEQ ---DATE--- TIME REMARK -LAT-  --LON-  DEPTH  RMS PMAG  NUM  ERH  ERZ  ID
 8161 2021-11-15 14:34     - 55 26  161 52   1.02 0.13  0.0    5  1.0 14.5      8161
 8162 2021-11-15 14:36     - 55  1  160 55   4.68 0.30  0.0    4 11.8 25.5      8162
 8163 2021-11-15 14:39     - 55 24  161 49   2.45 0.06  0.0    4  2.4  9.7      8163
 8164 2021-11-15 14:41     - 55 30  161 51   0.00 0.05  0.0    4  3.2 13.0      8164
 *** DISTANCE & RESIDUAL WEIGHTING CANCELLED FOR EVENT: 2021 11 15 14 45
 8165 2021-11-15 14:45     - 55  5  161 59   4.30 0.81  0.0    4 68.0 13.3      8165
 *** DISTANCE & RESIDUAL WEIGHTING CANCELLED FOR EVENT: 2021 11 15 14 47
 8166 2021-11-15 14:47     # 55 21  162  4   4.89 0.83  0.0    5  5.5 12.5      8166
 *** DISTANCE & RESIDUAL WEIGHTING CANCELLED FOR EVENT: 2021 11 15 14 49
 8167 2021-11-15 14:48     - 55 16  161 36   5.16 1.15  0.0    4 62.4 89.0      8167
 *** DISTANCE & RESIDUAL WEIGHTING CANCELLED FOR EVENT: 2021 11 15 14 51
 8168 2021-11-15 14:51     - 55 24  162 10  19.45 0.40  0.0    5 18.3 21.0      8168
 8169 2021-11-15 15:55     - 55 16  161 34   3.24 0.03  0.0    4  4.1 10.5      8169
 8170 2021-11-15 15:56     - 55 26  161 52   4.91 0.02  0.0    4  2.0  8.5      8170
 *** DISTANCE & RESIDUAL WEIGHTING CANCELLED FOR EVENT: 2021 11 15 16  2
 8171 2021-11-15 16:02     - 55 24  161 48   1.23 0.60  0.0    5  9.0 38.3      8171
 8172 2021-11-15 17:16     - 55 15  161 27   6.61 0.03  0.0    4  1.6 12.7      8172
 8173 2021-11-15 17:16       55 18  161 59  16.70 0.02  0.0    5  4.0  1.8      8173
 8174 2021-11-15 17:16     - 55 36  161  8   5.17 0.48  0.0    4 33.6 37.9      8174
 *** DISTANCE & RESIDUAL WEIGHTING CANCELLED FOR EVENT: 2021 11 15 17 22
 8175 2021-11-15 17:22     - 55 18  162  6   4.38 0.39  0.0    4 20.2 26.9      8175
  SEQ ---DATE--- TIME REMARK -LAT-  --LON-  DEPTH  RMS PMAG  NUM  ERH  ERZ  ID
 8176 2021-11-15 17:25     - 55 24  161 53   1.24 0.09  0.0    4  0.8 14.0      8176
 8177 2021-11-15 20:41     - 55 28  161 59   6.38 0.11  0.0    5  5.4 14.1      8177
 *** DISTANCE & RESIDUAL WEIGHTING CANCELLED FOR EVENT: 2021 11 15 20 42
 8178 2021-11-15 20:42     - 55 18  161 44   5.00 0.79  0.0    4 23.7 54.8      8178
 8179 2021-11-15 20:43     - 55 15  162  0   1.25 1.41  0.0    4 95.1 98.5      8179
 8180 2021-11-15 20:43     - 55 16  161 35   2.32 0.07  0.0    5  2.0 11.7      8180
 *** DISTANCE & RESIDUAL WEIGHTING CANCELLED FOR EVENT: 2021 11 15 20 44
 8181 2021-11-15 20:44     - 55 15  161 43   5.00 0.91  0.0    4 25.4 69.7      8181
 8182 2021-11-15 20:49     - 55 29  161 47   4.47 0.09  0.0    4  5.2 13.1      8182
 8183 2021-11-15 20:49     - 55 22  161 50   0.19 0.02  0.0    4  0.5  9.9      8183
 8184 2021-11-15 20:51       55 23  161 54   4.23 0.01  0.0    4  0.9  5.5      8184
 8185 2021-11-15 20:57     - 55 23  161 49  14.36 0.08  0.0    4  5.5 10.5      8185
 8186 2021-11-15 21:18     # 55 38  161 49  40.68 0.18  0.0    6  5.4 13.4      8186
 8187 2021-11-15 21:19     # 55  9  162  7   4.54 0.66  0.0    4  5.2 24.0      8187
 8188 2021-11-15 23:13     - 55 14  161 27   6.68 0.13  0.0    4  3.9 16.6      8188
 8189 2021-11-15 23:15     - 55 18  161 31   1.51 0.14  0.0    5  1.6 14.4      8189
 *** DISTANCE & RESIDUAL WEIGHTING CANCELLED FOR EVENT: 2021 11 15 23 19
 8190 2021-11-15 23:19     - 55 20  161 41   0.62 0.40  0.0    4 20.0 31.7      8190
  SEQ ---DATE--- TIME REMARK -LAT-  --LON-  DEPTH  RMS PMAG  NUM  ERH  ERZ  ID
 8191 2021-11-15 23:19     - 55 24  161 57   1.92 0.04  0.0    4  3.2 11.5      8191
 8192 2021-11-15 23:22     - 54 59  162 17   0.46 0.09  0.0    5  1.6 14.5      8192
 *** DISTANCE & RESIDUAL WEIGHTING CANCELLED FOR EVENT: 2021 11 15 23 22
 8193 2021-11-15 23:22     - 54 45  162 43   5.03 0.72  0.0    5 54.2 57.6      8193
 *** DISTANCE & RESIDUAL WEIGHTING CANCELLED FOR EVENT: 2021 11 15 23 26
 8194 2021-11-15 23:25     - 55 24  161 49   1.14 0.37  0.0    5  4.7 28.9      8194
 8195 2021-11-15 23:31     - 55 27  161 43   1.54 0.04  0.0    4  6.8 10.9      8195
 8196 2021-11-15 23:59     - 55 25  161 57   4.99 0.09  0.0    5  1.3 12.8      8196
 8197 2021-11-16  2:11     - 54 49  161  1   5.02 0.12  0.0    5 15.1 15.9      8197
 8198 2021-11-16  3:30       55 19  161 49   2.69 0.00  0.0    4  1.1  1.5      8198
 *** DISTANCE & RESIDUAL WEIGHTING CANCELLED FOR EVENT: 2021 11 16  3 30
 8199 2021-11-16  3:30     # 55 23  161 51   5.00 0.28  0.0    4  6.3  3.7      8199
 *** DISTANCE & RESIDUAL WEIGHTING CANCELLED FOR EVENT: 2021 11 16  3 49
 8200 2021-11-16  3:49     - 54 56  160 35   5.00 0.51  0.0    4 31.2 40.3      8200
 *** DISTANCE & RESIDUAL WEIGHTING CANCELLED FOR EVENT: 2021 11 16  6 56
 8201 2021-11-16  6:56     # 55 26  161 47   8.88 0.81  0.0    4 10.5 11.5      8201
 8202 2021-11-16  6:59       55 23  161 45  17.96 0.08  0.0    6  2.1  0.9      8202
 8203 2021-11-16  7:00     - 55 24  161 51   4.92 0.03  0.0    4  2.4  9.0      8203
 8204 2021-11-16  7:04     - 55 22  161 50   0.03 0.11  0.0    5  0.8 11.1      8204
 *** DISTANCE & RESIDUAL WEIGHTING CANCELLED FOR EVENT: 2021 11 16  7  5
 8205 2021-11-16  7:04     - 55 37  161  9   5.77 0.13  0.0    4 13.6 15.2      8205
  SEQ ---DATE--- TIME REMARK -LAT-  --LON-  DEPTH  RMS PMAG  NUM  ERH  ERZ  ID
 8206 2021-11-16  7:06     - 55 25  161 48   0.89 0.07  0.0    4  1.9 11.2      8206
 8207 2021-11-16  7:06     - 55 24  161 50   0.05 0.07  0.0    4  0.7 13.7      8207
 *** DISTANCE & RESIDUAL WEIGHTING CANCELLED FOR EVENT: 2021 11 16  7 15
 8208 2021-11-16  7:15     - 55 14  161 26   0.10 0.65  0.0    4 14.5 55.9      8208
 8209 2021-11-16  7:59     - 55 24  161 58  24.34 0.02  0.0    4  3.2 12.4      8209
 8210 2021-11-16  8:03     - 55  5  161 34  26.06 0.21  0.0    4 16.0  7.4      8210
 8211 2021-11-16  8:02     - 54 33  160 46  30.32 0.40  0.0    6 32.8 34.6      8211
 8212 2021-11-16 10:51     - 55 10  161 27   9.18 0.05  0.0    5  2.8 12.0      8212
 8213 2021-11-16 10:54     - 55 22  161 51   0.05 0.01  0.0    4  0.7  9.0      8213
 8214 2021-11-16 14:00       55 25  161 53  21.20 0.06  0.0    5  2.3  1.8      8214
 *** DISTANCE & RESIDUAL WEIGHTING CANCELLED FOR EVENT: 2021 11 16 14  0
 8215 2021-11-16 14:00     # 55 38  162  9   5.00 0.61  0.0    4 30.9  8.8      8215
 8216 2021-11-16 14:04     - 55 49  162 59   4.91 0.11  0.0    4  6.7 13.7      8216
 8217 2021-11-16 14:07     # 55 29  161 59   1.00 0.51  0.0    4  9.3 29.1      8217
 8218 2021-11-16 14:09     - 55 27  161 42  18.23 0.12  0.0    5  8.6 12.4      8218
 8219 2021-11-16 14:13       55  3  162 26  37.27 0.01  0.0    4  4.2  7.6      8219
 *** DISTANCE & RESIDUAL WEIGHTING CANCELLED FOR EVENT: 2021 11 16 15  8
 8220 2021-11-16 15:08     - 55 24  161 44   0.29 0.37  0.0    4 29.9 27.5      8220
  SEQ ---DATE--- TIME REMARK -LAT-  --LON-  DEPTH  RMS PMAG  NUM  ERH  ERZ  ID
 8221 2021-11-16 15:18     - 54 33  162 28   4.96 0.19  0.0   10  8.4 18.0      8221
 *** DISTANCE & RESIDUAL WEIGHTING CANCELLED FOR EVENT: 2021 11 16 16  0
 8222 2021-11-16 15:59     - 55 54  160 42   6.17 0.82  0.0    4 29.1 63.2      8222
 8223 2021-11-16 16:50     - 55  5  160 54   4.72 0.25  0.0    4 10.1 21.8      8223
 *** DISTANCE & RESIDUAL WEIGHTING CANCELLED FOR EVENT: 2021 11 16 16 51
 8224 2021-11-16 16:51     - 55 15  161 34   4.63 0.44  0.0    4  8.9 37.9      8224
 8225 2021-11-16 18:50     # 55  2  161 60  20.87 1.99  0.0   10 15.7 26.2      8225
 8226 2021-11-16 18:50     - 54 60  162 10   2.10 0.07  0.0    5 11.4  2.2      8226
 8227 2021-11-16 19:39     - 54 26  161 57   4.41 0.21  0.0    6  8.9 19.4      8227
 8228 2021-11-16 20:07       55 21  161 44  30.45 0.00  0.0    4  3.9  1.1      8228
 8229 2021-11-16 20:07     - 55 38  161  9   5.18 0.08  0.0    4 11.4 12.7      8229
 *** DISTANCE & RESIDUAL WEIGHTING CANCELLED FOR EVENT: 2021 11 16 20 12
 8230 2021-11-16 20:12     - 55 18  162  9   5.00 0.50  0.0    4 37.1  6.9      8230
 8231 2021-11-16 20:13     - 55 27  161 52   4.26 0.09  0.0    4  3.6 12.1      8231
 8232 2021-11-16 22:56     - 55 15  161 36   1.63 0.05  0.0    4  2.7 11.6      8232
 8233 2021-11-16 22:57     - 55 26  161 48  12.80 0.10  0.0    4  7.4 10.2      8233
 8234 2021-11-16 23:00     # 55 12  161 37   2.62 0.00  0.0    4  3.6  1.6      8234
 8235 2021-11-16 23:01     # 55  9  161 25   0.03 0.46  0.0    6  7.5  8.3      8235
  SEQ ---DATE--- TIME REMARK -LAT-  --LON-  DEPTH  RMS PMAG  NUM  ERH  ERZ  ID
 8236 2021-11-16 23:02     - 55 25  161 53   4.44 0.11  0.0    4  2.0 11.2      8236
 8237 2021-11-16 23:08     - 55 24  161 38   1.37 0.21  0.0    5 11.4 18.8      8237
 8238 2021-11-16 23:59     - 55 25  161 56   4.99 0.11  0.0    5  1.3 12.9      8238
 8239 2021-11-17  2:35     - 55  6  162 12   5.00 1.01  0.0    4 81.0 74.1      8239
 8240 2021-11-17  2:41     - 55 23  161 52   1.23 0.07  0.0    4  1.0  9.9      8240
 8241 2021-11-17  2:43     - 55 44  160 34   5.03 0.10  0.0    5  6.3 13.7      8241
 8242 2021-11-17  2:54     - 55 26  162  4   0.49 0.34  0.0    6  3.3 28.7      8242
 8243 2021-11-17  2:54     - 54 55  162 47   5.11 0.08  0.0    6  6.1 12.5      8243
 *** DISTANCE & RESIDUAL WEIGHTING CANCELLED FOR EVENT: 2021 11 17  4 30
 8244 2021-11-17  4:30     - 55 47  161 11   5.00 0.81  0.0    5 58.1 62.8      8244
 8245 2021-11-17  6:12     - 54 60  162 18   0.98 0.03  0.0    6  1.7  9.1      8245
 8246 2021-11-17  6:12     - 54 59  162 23   5.91 0.02  0.0    4 11.6  3.7      8246
 *** DISTANCE & RESIDUAL WEIGHTING CANCELLED FOR EVENT: 2021 11 17  6 30
 8247 2021-11-17  6:30     - 55 31  161 27   2.69 0.19  0.0    4  4.0 19.8      8247
 *** DISTANCE & RESIDUAL WEIGHTING CANCELLED FOR EVENT: 2021 11 17  6 33
 8248 2021-11-17  6:32     - 55 51  161 33   5.19 0.12  0.0    4 11.9 14.7      8248
 *** DISTANCE & RESIDUAL WEIGHTING CANCELLED FOR EVENT: 2021 11 17  6 33
 8249 2021-11-17  6:33     # 55 37  162  5   5.00 0.40  0.0    4 16.8  6.7      8249
 *** DISTANCE & RESIDUAL WEIGHTING CANCELLED FOR EVENT: 2021 11 17  6 35
 8250 2021-11-17  6:35     # 55 21  161 43   4.97 0.91  0.0    4 20.5  7.2      8250
  SEQ ---DATE--- TIME REMARK -LAT-  --LON-  DEPTH  RMS PMAG  NUM  ERH  ERZ  ID
 8251 2021-11-17  6:43     - 55 10  162 16   1.22 0.29  0.0    5 21.2 19.9      8251
 8252 2021-11-17  6:44     - 55 23  160 51   4.90 0.05  0.0    5  5.6 12.0      8252
 8253 2021-11-17  6:49     - 55 19  161 48   1.25 0.09  0.0    4  4.4 13.9      8253
 *** DISTANCE & RESIDUAL WEIGHTING CANCELLED FOR EVENT: 2021 11 17  6 56
 8254 2021-11-17  6:56     # 55 25  161 42   2.42 0.41  0.0    4  6.4 22.0      8254
 8255 2021-11-17  9:37     - 55 21  161 44   0.02 0.24  0.0    4 14.7 23.1      8255
 8256 2021-11-17 10:03     - 54 31  162  0   5.21 0.16  0.0   13  7.2 15.6      8256
 8257 2021-11-17 11:23     - 55 20  161 47   0.09 0.06  0.0    4  1.3 10.8      8257
 8258 2021-11-17 11:28       55 22  161 47  19.65 0.14  0.0    8  2.3  1.0      8258
 8259 2021-11-17 11:29     - 55 14  161 54   2.37 0.18  0.0    4  8.2 17.2      8259
 8260 2021-11-17 11:31     - 55 15  162 21   8.08 0.34  0.0    5  4.5 27.4      8260
 8261 2021-11-17 11:36     - 55 22  161 48   0.01 0.70  0.0    4  6.5 42.5      8261
 8262 2021-11-17 15:59       55 23  161 56  16.93 0.06  0.0    6  1.6  9.3      8262
 8263 2021-11-17 16:11     - 55 45  161 26   4.76 0.12  0.0    8  6.4 12.8      8263
 8264 2021-11-17 16:49     - 55 52  161 30   5.01 0.18  0.0    4 17.4 18.4      8264
 *** DISTANCE & RESIDUAL WEIGHTING CANCELLED FOR EVENT: 2021 11 17 17  7
 8265 2021-11-17 17:07     - 54 49  161 10   5.06 0.51  0.0    4 37.8 39.7      8265
  SEQ ---DATE--- TIME REMARK -LAT-  --LON-  DEPTH  RMS PMAG  NUM  ERH  ERZ  ID
 8266 2021-11-17 17:13     # 55  8  162 13   6.58 0.91  0.0    6  9.1 12.9      8266
 8267 2021-11-17 17:13     - 55  3  162 13   2.65 0.07  0.0    4  4.2 11.9      8267
 8268 2021-11-17 20:19     - 55  2  161 50   9.80 0.12  0.0    6 12.8  3.7      8268
 8269 2021-11-17 20:19     - 54 37  161  3   6.36 0.34  0.0    8 16.9 17.5      8269
 *** DISTANCE & RESIDUAL WEIGHTING CANCELLED FOR EVENT: 2021 11 17 20 22
 8270 2021-11-17 20:21     - 55  6  160 41   5.00 0.38  0.0    4 29.3 30.8      8270
 8271 2021-11-17 20:23       55 22  161 54   4.82 0.10  0.0    6  2.1  5.9      8271
 8272 2021-11-17 20:25     - 55 20  161 48   0.67 0.34  0.0    4  9.0 27.5      8272
 *** DISTANCE & RESIDUAL WEIGHTING CANCELLED FOR EVENT: 2021 11 17 20 32
 8273 2021-11-17 20:32     - 55 24  161 52   2.37 0.31  0.0    5  2.4 23.5      8273
 8274 2021-11-17 20:34       55 19  161 41  17.58 0.10  0.0    7  3.1  1.1      8274
 *** DISTANCE & RESIDUAL WEIGHTING CANCELLED FOR EVENT: 2021 11 17 20 34
 8275 2021-11-17 20:34     - 55 48  161 35   5.47 0.15  0.0    5 12.8 16.2      8275
 8276 2021-11-17 20:39     - 54 30  160 42   1.27 0.03  0.0    4  5.3 11.5      8276
 8277 2021-11-17 20:40     - 54 56  163  8   5.09 0.02  0.0    4  5.5 11.3      8277
 8278 2021-11-17 22:50     - 54 59  162 19   0.00 1.60  0.0    5 10.1 98.5      8278
 8279 2021-11-17 23:18     - 54 44  162 43   4.84 0.09  0.0    6  8.6 13.1      8279
 8280 2021-11-17 23:59     - 55 25  161 55  29.70 0.06  0.0    6  3.1 12.1      8280
  SEQ ---DATE--- TIME REMARK -LAT-  --LON-  DEPTH  RMS PMAG  NUM  ERH  ERZ  ID
 8281 2021-11-18  0:22     - 55 40  162 51   6.94 0.17  0.0    5  2.3 18.7      8281
 8282 2021-11-18  0:24     - 55 16  163 24   0.49 0.81  0.0   10 28.9 59.1      8282
 8283 2021-11-18  0:31     # 55 22  162 35   1.90 0.44  0.0    9  3.6  1.7      8283
 8284 2021-11-18  2:20     - 54 56  160 57  39.47 0.21  0.0    6 17.7  8.8      8284
 8285 2021-11-18  2:20     - 54 59  161 40   1.46 0.14  0.0    5  2.8 14.0      8285
 8286 2021-11-18  3:21     - 54 57  161  3  30.03 0.23  0.0   10 16.1  2.0      8286
 8287 2021-11-18  3:20     - 54 43  160 21  19.25 0.18  0.0   10 15.0  4.5      8287
 8288 2021-11-18  4:44     - 54 53  161  1   5.08 0.08  0.0    5  5.6 12.6      8288
 *** DISTANCE & RESIDUAL WEIGHTING CANCELLED FOR EVENT: 2021 11 18  4 45
 8289 2021-11-18  4:45     # 55 10  161 50   8.12 1.02  0.0    5 11.0 26.5      8289
 *** DISTANCE & RESIDUAL WEIGHTING CANCELLED FOR EVENT: 2021 11 18  5 15
 8290 2021-11-18  5:15     # 55 26  161 58  12.98 0.76  0.0    5 11.6 17.7      8290
 8291 2021-11-18  5:16     - 55 28  161 50   4.86 0.06  0.0    4  5.3 11.1      8291
 *** DISTANCE & RESIDUAL WEIGHTING CANCELLED FOR EVENT: 2021 11 18  5 17
 8292 2021-11-18  5:16     - 55 41  162 10  13.80 1.42  0.0    6 37.1 75.4      8292
 8293 2021-11-18  5:17     - 55 35  161 30  13.59 0.15  0.0    5  6.8 13.5      8293
 8294 2021-11-18  5:20     - 55 27  161 22   5.09 0.17  0.0    5  8.1 16.6      8294
 8295 2021-11-18  7:59     - 55 25  161 55  26.10 0.06  0.0    6  2.6 12.2      8295
 *** DISTANCE & RESIDUAL WEIGHTING CANCELLED FOR EVENT: 2021 11 18  8 41
  SEQ ---DATE--- TIME REMARK -LAT-  --LON-  DEPTH  RMS PMAG  NUM  ERH  ERZ  ID
 8296 2021-11-18  8:41     - 55 32  163  8   5.00 1.01  0.0    4 49.7 77.3      8296
 8297 2021-11-18  9:27     - 55 19  161 31   1.73 0.17  0.0    5  2.6 17.9      8297
 8298 2021-11-18  9:33     # 55 22  161 49   0.31 0.49  0.0    5  4.4 26.0      8298
 8299 2021-11-18  9:53     - 55  0  162 16   4.60 0.04  0.0    4  3.6 11.6      8299
 8300 2021-11-18 13:55     - 55 22  161 49   0.19 0.12  0.0    4  5.0 11.1      8300
 8301 2021-11-18 13:57     - 55 16  161 35   6.87 0.07  0.0    6  1.3 13.4      8301
 *** DISTANCE & RESIDUAL WEIGHTING CANCELLED FOR EVENT: 2021 11 18 13 58
 8302 2021-11-18 13:58     - 55 15  161 58   2.60 0.10  0.0    4 12.3  7.2      8302
 *** DISTANCE & RESIDUAL WEIGHTING CANCELLED FOR EVENT: 2021 11 18 14  0
 8303 2021-11-18 14:00     # 55 22  161 56   1.25 0.56  0.0    4  7.0 30.2      8303
 8304 2021-11-18 14:06       54 57  162 15   4.03 0.04  0.0    6  5.6  5.8      8304
 *** DISTANCE & RESIDUAL WEIGHTING CANCELLED FOR EVENT: 2021 11 18 14  7
 8305 2021-11-18 14:06     # 55  7  162 34   5.00 2.88  0.0    5 98.2 12.6      8305
 *** DISTANCE & RESIDUAL WEIGHTING CANCELLED FOR EVENT: 2021 11 18 14  7
 8306 2021-11-18 14:07     - 55  6  162 27   5.00 1.08  0.0    4 31.6 85.3      8306
 8307 2021-11-18 14:14     - 55 15  161 54  12.63 0.13  0.0    4 13.4  9.3      8307
 8308 2021-11-18 14:19     - 54 37  161 59   4.99 0.13  0.0    4 14.8 16.7      8308
 8309 2021-11-18 14:45     - 54 35  161 17   5.03 0.18  0.0   18  6.7 14.3      8309
 8310 2021-11-18 15:59     - 55 24  161 55  23.72 0.08  0.0    6  2.1 11.7      8310
  SEQ ---DATE--- TIME REMARK -LAT-  --LON-  DEPTH  RMS PMAG  NUM  ERH  ERZ  ID
 8311 2021-11-18 17:07     - 55 11  161 58  13.57 0.07  0.0    4  4.5 12.2      8311
 8312 2021-11-18 17:49       55 25  161 53  17.64 0.16  0.0    8  1.7  1.3      8312
 *** DISTANCE & RESIDUAL WEIGHTING CANCELLED FOR EVENT: 2021 11 18 17 49
 8313 2021-11-18 17:49     - 55 14  161 45   5.00 0.78  0.0    4 24.4 61.4      8313
 8314 2021-11-18 17:54       55 24  161 32  18.67 0.10  0.0    8  2.4  2.1      8314
 *** DISTANCE & RESIDUAL WEIGHTING CANCELLED FOR EVENT: 2021 11 18 17 55
 8315 2021-11-18 17:54     # 55 37  162  9   5.00 0.46  0.0    4 22.8  9.1      8315
 8316 2021-11-18 17:55     - 55 26  161 52   0.12 0.10  0.0    5  1.3 14.3      8316
 8317 2021-11-18 17:55     - 55 29  162 12   0.75 0.14  0.0    4 12.3 15.6      8317
 8318 2021-11-18 18:00     - 55 23  161 54   0.31 0.50  0.0    4  4.7 33.2      8318
 *** DISTANCE & RESIDUAL WEIGHTING CANCELLED FOR EVENT: 2021 11 18 18  2
 8319 2021-11-18 18:02     - 55 17  161 42   2.49 0.38  0.0    4 29.8 20.8      8319
 8320 2021-11-18 18:06     - 55 56  161 55   5.61 0.15  0.0    6  7.3 16.1      8320
 8321 2021-11-18 19:34     - 54 55  160 50  32.72 0.24  0.0    8 20.7 23.3      8321
 8322 2021-11-18 19:34     - 54 57  160 59   5.07 0.19  0.0    4 18.3 19.6      8322
 *** DISTANCE & RESIDUAL WEIGHTING CANCELLED FOR EVENT: 2021 11 18 19 35
 8323 2021-11-18 19:34     - 54 51  162 44   5.07 0.50  0.0    4 32.5 43.3      8323
 8324 2021-11-18 20:18       55 23  161 46   5.71 0.00  0.0    4  2.4  1.3      8324
 8325 2021-11-18 23:59     - 55 25  161 56  21.69 0.07  0.0    6  2.3 11.5      8325
 *** DISTANCE & RESIDUAL WEIGHTING CANCELLED FOR EVENT: 2021 11 19  0 29
  SEQ ---DATE--- TIME REMARK -LAT-  --LON-  DEPTH  RMS PMAG  NUM  ERH  ERZ  ID
 8326 2021-11-19  0:28     - 55 22  161 50   4.96 0.52  0.0    4 16.0 30.6      8326
 8327 2021-11-19  1:38     - 55 56  162  5   5.02 0.09  0.0    4 10.9 13.2      8327
 8328 2021-11-19  1:51     - 55 22  161 36  29.92 0.35  0.0    4 18.3 24.5      8328
 8329 2021-11-19  1:53     - 55 29  161 55   5.09 0.13  0.0    4  4.3 15.8      8329
 *** DISTANCE & RESIDUAL WEIGHTING CANCELLED FOR EVENT: 2021 11 19  1 53
 8330 2021-11-19  1:53     # 55 36  162  8   5.00 0.56  0.0    4 25.2  6.1      8330
 8331 2021-11-19  1:59       55 22  161 46  20.36 0.08  0.0    7  2.5  0.9      8331
 8332 2021-11-19  2:01       55 25  161 60  12.78 0.14  0.0    5  2.9  3.6      8332
 8333 2021-11-19  2:03       55 24  161 50   2.45 0.00  0.0    4  1.5  4.8      8333
 8334 2021-11-19  2:06       55 24  161 30   7.76 0.03  0.0    6  2.1  8.4      8334
 8335 2021-11-19  2:08     - 55 29  161  4   4.92 0.21  0.0    4  8.9 19.3      8335
 8336 2021-11-19  2:11       55 20  161 49   8.74 0.02  0.0    5  4.3  4.5      8336
 8337 2021-11-19  2:16     - 55 17  161 54  13.72 0.07  0.0    4  8.1  8.4      8337
 *** DISTANCE & RESIDUAL WEIGHTING CANCELLED FOR EVENT: 2021 11 19  2 16
 8338 2021-11-19  2:16     - 55 12  161 24   5.00 0.34  0.0    4 13.2 28.2      8338
 8339 2021-11-19  3:51     - 54 36  161 17   5.06 0.31  0.0   15 10.3 22.1      8339
 8340 2021-11-19  7:59     - 55 25  161 55   5.00 0.14  0.0    5  1.2 13.1      8340
  SEQ ---DATE--- TIME REMARK -LAT-  --LON-  DEPTH  RMS PMAG  NUM  ERH  ERZ  ID
 8341 2021-11-19 10:11     - 55 37  161 47   3.53 0.12  0.0    4 11.1 12.2      8341
 8342 2021-11-19 12:13     - 54 33  161 41   5.08 0.21  0.0    9  8.6 18.8      8342
 8343 2021-11-19 13:51     - 54 56  161  7  29.58 0.23  0.0    8 19.4  2.8      8343
 *** DISTANCE & RESIDUAL WEIGHTING CANCELLED FOR EVENT: 2021 11 19 13 51
 8344 2021-11-19 13:51     - 54 46  160 44   5.01 0.58  0.0    4 44.4 47.8      8344
 8345 2021-11-19 16:04     - 55 24  161 58   0.40 0.10  0.0    4  1.7 13.9      8345
 *** DISTANCE & RESIDUAL WEIGHTING CANCELLED FOR EVENT: 2021 11 19 17 28
 8346 2021-11-19 17:28     - 55 45  161 22   5.00 0.47  0.0    5 17.1 37.6      8346
 8347 2021-11-19 17:47     - 54 55  162 14   4.88 0.10  0.0    4  9.9 10.5      8347
 8348 2021-11-19 18:23     - 55 24  160 41  34.38 0.10  0.0    9 14.3 14.1      8348
 8349 2021-11-19 18:24       55 20  161 48  14.26 0.00  0.0    4  0.7  2.8      8349
 8350 2021-11-19 18:24     - 55 31  161 40   0.35 0.04  0.0    4  8.1 12.8      8350
 8351 2021-11-19 18:38     - 55 13  161 23   4.70 0.17  0.0    4  7.8 16.9      8351
 *** DISTANCE & RESIDUAL WEIGHTING CANCELLED FOR EVENT: 2021 11 19 21 14
 8352 2021-11-19 21:14     - 55  4  162 25  34.90 1.35  0.0    4 98.7 43.8      8352
 8353 2021-11-19 21:15       55 25  161 53  16.81 0.13  0.0    6  1.8  1.2      8353
 8354 2021-11-19 21:45     - 54 57  162 13   0.22 0.05  0.0    4  1.8 13.2      8354
 8355 2021-11-19 23:44     - 54 54  161 31  24.80 0.16  0.0    7 16.2  5.2      8355
 *** DISTANCE & RESIDUAL WEIGHTING CANCELLED FOR EVENT: 2021 11 19 23 44
  SEQ ---DATE--- TIME REMARK -LAT-  --LON-  DEPTH  RMS PMAG  NUM  ERH  ERZ  ID
 8356 2021-11-19 23:44     - 54 60  161 50  23.29 0.17  0.0    4 12.1  8.5      8356
 *** DISTANCE & RESIDUAL WEIGHTING CANCELLED FOR EVENT: 2021 11 19 23 49
 8357 2021-11-19 23:49     - 55 18  161 48   5.01 0.62  0.0    4 21.2 38.9      8357
 8358 2021-11-19 23:59     - 55 20  162  7  53.62 0.19  0.0    8  4.0 14.4      8358
 8359 2021-11-20  2:34     - 55 26  161 52   4.34 0.06  0.0    4  2.4  9.5      8359
 8360 2021-11-20  2:51     - 54 47  160 59   3.94 0.02  0.0    4  5.4 11.4      8360
 8361 2021-11-20  4:39       55 25  161 53  18.33 0.16  0.0    8  2.0  2.1      8361
 8362 2021-11-20  4:39     - 55 20  162  3   3.81 0.11  0.0    5  7.2 12.8      8362
 *** DISTANCE & RESIDUAL WEIGHTING CANCELLED FOR EVENT: 2021 11 20  4 51
 8363 2021-11-20  4:51     - 55 48  162 10   5.78 0.43  0.0    4 15.8 34.5      8363
 8364 2021-11-20  6:28     - 54 42  161  6   4.66 0.18  0.0    9  8.0 17.3      8364
 8365 2021-11-20  7:59     - 55 22  162 17   4.07 0.03  0.0    4  2.1 11.9      8365
 8366 2021-11-20 10:46     - 55 56  162 29   5.14 0.02  0.0    5  7.7 11.5      8366
 8367 2021-11-20 13:01     - 55 27  161 47   4.94 0.05  0.0    4  3.2 10.5      8367
 8368 2021-11-20 13:11     - 55 23  161 39   0.16 0.15  0.0    6  4.5 17.9      8368
 8369 2021-11-20 15:21     - 55 18  161 31   6.90 0.10  0.0    7  1.9 14.6      8369
 *** DISTANCE & RESIDUAL WEIGHTING CANCELLED FOR EVENT: 2021 11 20 15 22
 8370 2021-11-20 15:22     - 55 38  161 11   6.65 0.17  0.0    4 16.4 18.8      8370
  SEQ ---DATE--- TIME REMARK -LAT-  --LON-  DEPTH  RMS PMAG  NUM  ERH  ERZ  ID
 8371 2021-11-20 15:26     - 55 29  162  9   0.52 0.33  0.0    5  9.0 24.7      8371
 *** DISTANCE & RESIDUAL WEIGHTING CANCELLED FOR EVENT: 2021 11 20 15 34
 8372 2021-11-20 15:34     - 55 23  161 42  15.50 0.50  0.0    5 23.6 27.1      8372
 8373 2021-11-20 15:59     - 55 30  162  5   5.29 0.03  0.0    4  9.9 12.7      8373
 *** DISTANCE & RESIDUAL WEIGHTING CANCELLED FOR EVENT: 2021 11 20 18 15
 8374 2021-11-20 18:15     # 55 28  161 45   5.00 0.47  0.0    4  5.1 15.1      8374
 8375 2021-11-20 18:17     - 55 18  161 21   5.06 0.14  0.0    5  7.3 15.3      8375
 8376 2021-11-20 18:17       55 25  161 53  15.07 0.00  0.0    4  1.7  3.1      8376
 8377 2021-11-20 18:17     - 55 14  161 52   4.79 0.08  0.0    4  6.7 12.2      8377
 8378 2021-11-20 18:19       55 20  161 53  25.12 0.04  0.0    6  2.5  1.0      8378
 8379 2021-11-20 18:27     - 55 21  161 57   5.91 0.10  0.0    4  8.5 11.6      8379
 *** DISTANCE & RESIDUAL WEIGHTING CANCELLED FOR EVENT: 2021 11 20 18 40
 8380 2021-11-20 18:40     - 55 14  162 50   5.00 1.16  0.0    4 85.6 87.1      8380
 *** DISTANCE & RESIDUAL WEIGHTING CANCELLED FOR EVENT: 2021 11 20 22 35
 8381 2021-11-20 22:35     - 55 22  161 57   1.25 0.65  0.0    4  6.6 45.3      8381
 8382 2021-11-20 23:34     - 55 46  161 47   4.09 0.44  0.0    5 16.2 34.9      8382
 8383 2021-11-20 23:59     - 55 24  161 55  28.13 0.07  0.0    6  2.4 12.3      8383
 8384 2021-11-21  0:38     - 55 25  162  2  34.77 0.10  0.0    4 14.6  2.8      8384
 *** DISTANCE & RESIDUAL WEIGHTING CANCELLED FOR EVENT: 2021 11 21  1 49
 8385 2021-11-21  1:49     - 55 15  161 38   5.00 0.83  0.0    4 48.1 65.1      8385
  SEQ ---DATE--- TIME REMARK -LAT-  --LON-  DEPTH  RMS PMAG  NUM  ERH  ERZ  ID
 8386 2021-11-21  1:51     - 55 20  162  1   0.90 0.03  0.0    4  2.9 12.3      8386
 8387 2021-11-21  2:34     - 54 36  161 50   5.23 0.17  0.0   11  7.6 16.2      8387
 8388 2021-11-21  3:30     - 55 29  161 50   0.26 0.19  0.0    5  1.3 17.0      8388
 *** DISTANCE & RESIDUAL WEIGHTING CANCELLED FOR EVENT: 2021 11 21  3 30
 8389 2021-11-21  3:30     - 55 14  161 47   5.00 0.61  0.0    4 20.2 47.3      8389
 8390 2021-11-21  3:41       55 19  161 56  17.32 0.19  0.0    8  2.0  2.3      8390
 *** DISTANCE & RESIDUAL WEIGHTING CANCELLED FOR EVENT: 2021 11 21  3 41
 8391 2021-11-21  3:41     # 55 13  161 28   4.99 0.36  0.0    4  7.8  3.9      8391
 8392 2021-11-21  7:59     - 55 25  161 57   4.99 0.05  0.0    4  1.2 12.4      8392
 8393 2021-11-21 10:03       55 28  161 49   4.58 0.08  0.0    5  0.8  3.2      8393
 8394 2021-11-21 10:06     - 54 32  162 34   6.07 0.11  0.0    5  6.5 14.1      8394
 8395 2021-11-21 10:13     - 55 33  161 38   3.46 0.09  0.0    4  9.1 11.4      8395
 *** DISTANCE & RESIDUAL WEIGHTING CANCELLED FOR EVENT: 2021 11 21 10 29
 8396 2021-11-21 10:29     - 55 25  161 53   4.48 0.16  0.0    4  1.6 13.4      8396
 8397 2021-11-21 10:29     - 55 37  161 12   5.95 0.07  0.0    4 13.4 12.5      8397
 8398 2021-11-21 10:48     - 55  5  160 54  31.78 0.23  0.0    9 18.0  2.3      8398
 8399 2021-11-21 10:48     - 54 55  163  1   5.02 0.16  0.0    4 14.2 18.2      8399
 8400 2021-11-21 10:48     - 54 53  160 29   5.01 0.19  0.0    4 17.7 18.7      8400
  SEQ ---DATE--- TIME REMARK -LAT-  --LON-  DEPTH  RMS PMAG  NUM  ERH  ERZ  ID
 8401 2021-11-21 14:34     # 54 46  161 50   3.78 0.18  0.0   11  5.3 11.3      8401
 8402 2021-11-21 14:40     - 54 45  161 51   5.03 0.13  0.0   10  6.6 14.0      8402
 8403 2021-11-21 15:59     - 55 25  161 56   5.05 0.15  0.0    5  1.5 12.8      8403
 8404 2021-11-21 16:20     - 54 53  160 37  23.70 0.18  0.0    9 12.5 12.2      8404
 8405 2021-11-21 16:21     - 55  4  161 15   5.05 0.14  0.0    4 14.2 16.7      8405
 *** DISTANCE & RESIDUAL WEIGHTING CANCELLED FOR EVENT: 2021 11 21 16 21
 8406 2021-11-21 16:20     - 54 40  163 11   8.03 0.52  0.0    5 42.0  8.6      8406
 *** DISTANCE & RESIDUAL WEIGHTING CANCELLED FOR EVENT: 2021 11 21 18  3
 8407 2021-11-21 18:03     - 55 14  162  2  15.03 5.09  0.0    4 79.5 58.9      8407
 8408 2021-11-21 19:28     - 55 28  161 55   6.04 0.03  0.0    4  5.5 11.5      8408
 8409 2021-11-21 23:59     - 55 25  161 55  23.53 0.09  0.0    6  2.2 11.3      8409
 *** DISTANCE & RESIDUAL WEIGHTING CANCELLED FOR EVENT: 2021 11 22  1 45
 8410 2021-11-22  1:45     - 54 49  162  5   5.13 0.58  0.0    4 25.5 45.0      8410
 8411 2021-11-22  4:29     - 55 28  160 38   5.00 0.10  0.0    4 13.0 13.2      8411
 8412 2021-11-22  7:45     - 54 27  161  9  39.59 0.20  0.0   12  3.3 18.3      8412
 8413 2021-11-22  7:45     - 54 34  161  5   1.48 0.21  0.0    6 18.9 20.9      8413
 8414 2021-11-22  7:59     - 55 25  161 53   4.99 0.05  0.0    4  1.8 12.9      8414
 *** DISTANCE & RESIDUAL WEIGHTING CANCELLED FOR EVENT: 2021 11 22  8 58
 8415 2021-11-22  8:58     - 54 54  163 29   5.00 0.59  0.0    4 43.2 45.3      8415
 *** DISTANCE & RESIDUAL WEIGHTING CANCELLED FOR EVENT: 2021 11 22 11 28
  SEQ ---DATE--- TIME REMARK -LAT-  --LON-  DEPTH  RMS PMAG  NUM  ERH  ERZ  ID
 8416 2021-11-22 11:28     # 55 19  161 43  15.67 0.95  0.0    7 18.5 17.9      8416
 8417 2021-11-22 11:29       55 21  161 56   9.52 0.18  0.0    5 12.3  4.8      8417
 8418 2021-11-22 12:36     - 54 44  163  5  34.33 0.04  0.0    4  5.4 11.7      8418
 8419 2021-11-22 15:59     - 55 24  161 55  41.67 0.05  0.0    7  3.1  9.4      8419
 *** DISTANCE & RESIDUAL WEIGHTING CANCELLED FOR EVENT: 2021 11 22 20 19
 8420 2021-11-22 20:19     - 54 57  162 23   5.01 0.40  0.0    4 35.1  6.3      8420
 8421 2021-11-22 21:26     - 54 43  161 12   5.00 0.17  0.0    5 15.3 19.1      8421
 8422 2021-11-22 23:59     - 55 25  161 55  14.26 0.08  0.0    5  1.8 11.6      8422
 8423 2021-11-23  1:14     - 54 51  162  5   4.27 0.02  0.0    4  8.4  6.2      8423
 8424 2021-11-23  1:14     - 54 50  162  4   6.89 0.16  0.0    4  6.1 18.2      8424
 8425 2021-11-23  3:36     - 55 20  162 44   7.23 0.44  0.0    5 11.8 38.6      8425
 *** DISTANCE & RESIDUAL WEIGHTING CANCELLED FOR EVENT: 2021 11 23  3 36
 8426 2021-11-23  3:36     - 55  3  162 20   9.17 0.13  0.0    4 11.9  4.2      8426
 8427 2021-11-23  5:05       54 51  161 31  66.60 0.16  0.0   14  3.3  2.5      8427
 8428 2021-11-23  5:20     - 55 10  160 49   5.00 0.18  0.0    6 17.1 19.5      8428
 *** DISTANCE & RESIDUAL WEIGHTING CANCELLED FOR EVENT: 2021 11 23  5 21
 8429 2021-11-23  5:21     - 55 15  161 54  11.20 0.29  0.0    4 11.4 24.0      8429
 8430 2021-11-23  7:19     - 55 13  160 60   3.82 0.10  0.0    7  5.9 13.0      8430
 *** DISTANCE & RESIDUAL WEIGHTING CANCELLED FOR EVENT: 2021 11 23  7 20
  SEQ ---DATE--- TIME REMARK -LAT-  --LON-  DEPTH  RMS PMAG  NUM  ERH  ERZ  ID
 8431 2021-11-23  7:20     - 55 11  161 46   2.20 0.57  0.0    4 49.2  3.7      8431
 8432 2021-11-23  7:59     - 55 25  161 57  26.52 0.04  0.0    4  3.1 12.7      8432
 *** DISTANCE & RESIDUAL WEIGHTING CANCELLED FOR EVENT: 2021 11 23 10 11
 8433 2021-11-23 10:11     - 55 16  161 30   9.48 0.32  0.0    4 23.0 16.5      8433
 8434 2021-11-23 11:15       55 11  161 53   3.87 0.00  0.0    4  0.6  1.3      8434
 8435 2021-11-23 11:24     - 55 29  161 51   3.63 0.02  0.0    4  2.3 11.9      8435
 *** DISTANCE & RESIDUAL WEIGHTING CANCELLED FOR EVENT: 2021 11 23 11 24
 8436 2021-11-23 11:24     # 55 21  161 48   7.94 1.60  0.0    6 10.2 13.9      8436
 *** DISTANCE & RESIDUAL WEIGHTING CANCELLED FOR EVENT: 2021 11 23 12 29
 8437 2021-11-23 12:29     - 55  1  161 37  29.09 0.33  0.0    4 22.7 13.8      8437
 8438 2021-11-23 14:17     - 55 19  160 39   5.00 0.25  0.0    8 22.2 24.1      8438
 *** DISTANCE & RESIDUAL WEIGHTING CANCELLED FOR EVENT: 2021 11 23 14 18
 8439 2021-11-23 14:18     - 55 40  161 27   5.03 0.67  0.0    5 50.6 57.1      8439
 8440 2021-11-23 15:59     - 55 22  162 18  42.16 0.10  0.0    5  3.7 11.0      8440
 8441 2021-11-23 19:31     - 54 45  160 59  34.97 0.19  0.0   10 14.1 17.2      8441
 8442 2021-11-23 19:31     - 54 41  160 39  23.66 0.34  0.0    9 22.7  5.4      8442
 8443 2021-11-23 21:04     # 54 28  163 10   0.86 0.18  0.0    9  6.6 12.0      8443
 8444 2021-11-23 23:59     - 55 24  161 58  24.63 0.15  0.0    6  3.3 13.1      8444
 8445 2021-11-24  0:35       55 27  161 39  22.29 0.06  0.0    9  2.1  1.0      8445
  SEQ ---DATE--- TIME REMARK -LAT-  --LON-  DEPTH  RMS PMAG  NUM  ERH  ERZ  ID
 8446 2021-11-24  1:01     - 55 55  161 12   5.93 0.42  0.0    5 15.6 33.8      8446
 8447 2021-11-24  3:46     - 55  0  160 48   5.00 0.27  0.0   10 19.8 25.3      8447
 8448 2021-11-24  3:46     - 54 51  159 46   5.01 0.21  0.0    6 17.5 18.4      8448
 8449 2021-11-24  7:59     - 55 25  161 56  15.40 0.09  0.0    5  1.9 12.1      8449
 8450 2021-11-24 12:57     - 55  7  161  6  27.10 0.23  0.0    9 17.9  8.4      8450
 8451 2021-11-24 12:57     - 55  4  160 18  10.92 0.27  0.0    5 23.3 25.1      8451
 8452 2021-11-24 15:59     - 55 24  161 55  23.63 0.08  0.0    5  2.1 11.9      8452
 8453 2021-11-24 17:26     - 55  9  161 12  44.63 0.09  0.0    5 12.9 12.3      8453
 8454 2021-11-24 23:59     - 55 18  162  1  56.40 0.14  0.0    6  6.0 15.0      8454
 8455 2021-11-25  2:42     - 55 17  161 36   2.21 0.03  0.0    5  1.8 10.7      8455
 8456 2021-11-25  2:43     - 55 18  161 33   1.51 0.11  0.0    6  1.5 14.2      8456
 *** DISTANCE & RESIDUAL WEIGHTING CANCELLED FOR EVENT: 2021 11 25  3  7
 8457 2021-11-25  3:07     - 55 20  161 35  11.97 0.90  0.0    4 70.8 22.0      8457
 8458 2021-11-25  8:44     - 55  2  161 30  24.84 0.20  0.0    6 17.1  4.5      8458
 8459 2021-11-25  8:44     - 54 52  161 10  27.45 0.13  0.0    6 13.8  1.9      8459
 8460 2021-11-25  9:41     - 55  7  160 49   5.00 0.21  0.0    5 20.0 21.4      8460
  SEQ ---DATE--- TIME REMARK -LAT-  --LON-  DEPTH  RMS PMAG  NUM  ERH  ERZ  ID
 8461 2021-11-25  9:41     - 55 15  160  3   5.11 0.46  0.0    4 28.1 26.9      8461
 8462 2021-11-25  9:49     - 55 21  161 49   0.10 0.27  0.0    4  2.7 20.9      8462
 *** DISTANCE & RESIDUAL WEIGHTING CANCELLED FOR EVENT: 2021 11 25 11 52
 8463 2021-11-25 11:52     - 54 36  162 37   5.03 0.54  0.0    4 42.0 42.8      8463
 8464 2021-11-25 11:52     - 54 57  162 15   7.70 0.02  0.0    4  1.4 12.1      8464
 8465 2021-11-25 15:59     - 55 21  162 10   7.77 0.23  0.0    5  2.3 16.0      8465
 8466 2021-11-25 16:50     - 54 35  161 28   3.90 0.12  0.0    6  6.8 14.1      8466
 *** DISTANCE & RESIDUAL WEIGHTING CANCELLED FOR EVENT: 2021 11 25 17 23
 8467 2021-11-25 17:23     - 55 23  161 44   4.95 0.61  0.0    4 48.6 11.0      8467
 8468 2021-11-25 18:59     - 55  7  161 51  28.89 0.02  0.0    4 12.6  2.2      8468
 *** DISTANCE & RESIDUAL WEIGHTING CANCELLED FOR EVENT: 2021 11 25 18 59
 8469 2021-11-25 18:59     # 55 25  161 41  12.15 0.18  0.0    4  3.9  6.0      8469
 *** DISTANCE & RESIDUAL WEIGHTING CANCELLED FOR EVENT: 2021 11 25 19  0
 8470 2021-11-25 19:00     - 55 28  161 46  12.93 2.16  0.0    4 96.1 23.8      8470
 8471 2021-11-25 19:00       55 32  161 46  14.58 0.02  0.0    5  2.6  2.1      8471
 *** DISTANCE & RESIDUAL WEIGHTING CANCELLED FOR EVENT: 2021 11 25 19  0
 8472 2021-11-25 19:00     # 55 21  161 50   5.00 0.39  0.0    4 16.9  7.4      8472
 8473 2021-11-25 22:00     - 55 31  163  2   1.56 0.02  0.0    4  5.3 11.4      8473
 8474 2021-11-25 22:33       55 21  161 47  22.81 0.19  0.0    8  3.0  1.5      8474
 *** DISTANCE & RESIDUAL WEIGHTING CANCELLED FOR EVENT: 2021 11 25 22 34
 8475 2021-11-25 22:34     # 55 23  162 16   5.00 0.78  0.0    4 14.4  7.3      8475
 *** DISTANCE & RESIDUAL WEIGHTING CANCELLED FOR EVENT: 2021 11 25 22 36
  SEQ ---DATE--- TIME REMARK -LAT-  --LON-  DEPTH  RMS PMAG  NUM  ERH  ERZ  ID
 8476 2021-11-25 22:36     - 55  4  162 15   5.00 0.69  0.0    5 24.6 52.9      8476
 *** DISTANCE & RESIDUAL WEIGHTING CANCELLED FOR EVENT: 2021 11 25 22 38
 8477 2021-11-25 22:38     - 54 49  161 56   4.06 0.20  0.0    4 12.1 18.9      8477
 *** DISTANCE & RESIDUAL WEIGHTING CANCELLED FOR EVENT: 2021 11 25 22 44
 8478 2021-11-25 22:44     - 55 29  161 38   2.50 0.61  0.0    4 38.4 34.9      8478
 8479 2021-11-25 23:59     - 55 15  161 41  52.26 0.04  0.0    5  7.9 12.7      8479
 *** DISTANCE & RESIDUAL WEIGHTING CANCELLED FOR EVENT: 2021 11 26  2  5
 8480 2021-11-26  2:05     - 54 48  161 27   5.00 0.08  0.0    4 11.7 14.0      8480
 8481 2021-11-26  2:05     - 54 55  161 38   5.81 0.07  0.0    4  6.7 13.6      8481
 8482 2021-11-26  2:25     - 54 43  160 45  13.03 0.12  0.0    8 15.2  5.9      8482
 8483 2021-11-26  2:26     - 54 47  161 12  31.67 0.15  0.0    7 13.6  1.4      8483
 8484 2021-11-26  2:59     - 54 43  161 35   5.02 0.61  0.0    4 45.7 51.6      8484
 8485 2021-11-26  3:17       55 22  161 51   1.62 0.00  0.0    4  0.5  3.3      8485
 8486 2021-11-26  3:24       55 16  161 41  15.61 0.07  0.0    6  4.6  3.0      8486
 *** DISTANCE & RESIDUAL WEIGHTING CANCELLED FOR EVENT: 2021 11 26  3 45
 8487 2021-11-26  3:45     - 55 23  161 59   4.99 0.39  0.0    4  7.8 27.3      8487
 *** DISTANCE & RESIDUAL WEIGHTING CANCELLED FOR EVENT: 2021 11 26  5  7
 8488 2021-11-26  5:07     - 55 26  162  2   3.69 0.46  0.0    4  5.2 38.7      8488
 8489 2021-11-26  5:08       55 11  161 53   5.26 0.00  0.0    4  1.6  3.1      8489
 8490 2021-11-26  7:59     - 55 25  162 33   5.05 0.48  0.0    9  6.4 41.9      8490
  SEQ ---DATE--- TIME REMARK -LAT-  --LON-  DEPTH  RMS PMAG  NUM  ERH  ERZ  ID
 8491 2021-11-26  8:18     - 55 10  163 12   7.49 0.29  0.0    6  3.1 27.0      8491
 *** DISTANCE & RESIDUAL WEIGHTING CANCELLED FOR EVENT: 2021 11 26 10 26
 8492 2021-11-26 10:26     - 55 25  161 32  91.99 0.01  0.0    4 12.0  3.5      8492
 8493 2021-11-26 15:59     - 55 23  162  2  62.76 0.06  0.0    7  2.7 10.2      8493
 8494 2021-11-26 21:54     - 54 23  162 47   4.62 0.07  0.0    4  5.8 12.5      8494
 8495 2021-11-26 23:59     - 55 25  161 55  14.47 0.09  0.0    6  1.9 10.4      8495
 8496 2021-11-27  1:56     - 55 13  163 22   0.02 0.71  0.0    9 25.8 52.2      8496
 8497 2021-11-27  4:25     - 54 59  162 19   9.60 0.01  0.0    5  5.8  7.6      8497
 8498 2021-11-27  4:26       55  0  162 21   9.21 0.00  0.0    4  4.0  4.8      8498
 8499 2021-11-27  7:59     - 55 42  161 12   8.80 0.36  0.0    6 23.3 32.6      8499
 8500 2021-11-27  8:01     - 54 59  162 19   4.73 0.03  0.0    5 10.6  6.3      8500
 8501 2021-11-27  8:01     - 54 58  162 23   6.16 0.02  0.0    4 11.1  3.2      8501
 8502 2021-11-27  8:04     - 54 39  161 49   4.91 0.19  0.0   12  7.5 15.5      8502
 8503 2021-11-27 15:59     - 55 26  161 53  18.75 0.08  0.0    6  2.3 10.0      8503
 8504 2021-11-27 19:49     - 54 53  162  5   4.09 0.02  0.0    4  9.5  7.8      8504
 8505 2021-11-27 19:49     - 54 47  162  2   5.09 0.13  0.0    4 13.2  2.4      8505
  SEQ ---DATE--- TIME REMARK -LAT-  --LON-  DEPTH  RMS PMAG  NUM  ERH  ERZ  ID
 8506 2021-11-27 23:59     - 55 24  161 58  24.19 0.14  0.0    6  3.2 12.2      8506
 8507 2021-11-28  4:12     - 54 39  161 50   4.83 0.18  0.0    7  7.6 15.9      8507
 *** DISTANCE & RESIDUAL WEIGHTING CANCELLED FOR EVENT: 2021 11 28  4 19
 8508 2021-11-28  4:19     - 55 16  161 57   2.30 1.03  0.0    4 82.3 54.8      8508
 8509 2021-11-28  5:18     - 54 41  162 53   4.95 0.06  0.0    4  6.7 12.3      8509
 8510 2021-11-28  6:18     - 56  2  162 47   4.69 1.01  0.0    4 72.8 77.0      8510
 8511 2021-11-28  6:23     - 55 28  162 49   0.02 0.03  0.0    4  5.5 11.6      8511
 8512 2021-11-28  7:59     - 55 23  161 53  20.44 0.11  0.0    6  2.6 12.0      8512
 8513 2021-11-28  8:37     - 54 38  161 10   4.43 0.25  0.0   11  9.7 21.2      8513
 8514 2021-11-28 10:12     - 54 26  161 57   5.79 0.40  0.0   15 14.5 31.5      8514
 8515 2021-11-28 11:05     - 55 10  162  2  11.07 0.08  0.0    4  4.3 10.9      8515
 8516 2021-11-28 15:59     - 55 12  161 38  13.13 0.02  0.0    4 11.0  8.2      8516
 8517 2021-11-28 17:45     - 55 17  161 53  23.14 0.20  0.0    5 12.1  9.9      8517
 *** DISTANCE & RESIDUAL WEIGHTING CANCELLED FOR EVENT: 2021 11 28 17 45
 8518 2021-11-28 17:45     - 54 57  162 33   7.29 0.64  0.0    4 10.0 52.3      8518
 8519 2021-11-28 20:25     - 55  3  161  3  31.95 0.19  0.0    6 17.4  1.1      8519
 8520 2021-11-28 20:25     - 54 32  163 19   0.39 0.12  0.0    4 11.6  9.1      8520
  SEQ ---DATE--- TIME REMARK -LAT-  --LON-  DEPTH  RMS PMAG  NUM  ERH  ERZ  ID
 8521 2021-11-28 23:59     - 55 24  161 56   6.20 0.06  0.0    4  1.4 11.4      8521
 8522 2021-11-29  4:14     - 55 26  161 43   4.47 0.07  0.0    4  3.2 13.0      8522
 8523 2021-11-29  4:21     - 55 15  161 28   5.96 0.09  0.0    5  6.2 13.1      8523
 8524 2021-11-29  4:21     - 56 20  161 58   5.02 0.10  0.0    4  8.9 13.5      8524
 8525 2021-11-29  4:25     - 55 28  161 38   0.88 0.16  0.0    4 10.9 17.7      8525
 8526 2021-11-29  7:59     - 55 25  161 56   5.00 0.08  0.0    4  2.0 13.3      8526
 8527 2021-11-29  8:37       55 13  161 48  24.40 0.01  0.0    4  3.1  1.1      8527
 *** DISTANCE & RESIDUAL WEIGHTING CANCELLED FOR EVENT: 2021 11 29  8 50
 8528 2021-11-29  8:50     # 55 21  162  9   6.81 0.28  0.0    5 10.1 11.7      8528
 8529 2021-11-29 11:15     - 54 20  161 37   4.21 0.20  0.0    5  8.8 18.7      8529
 8530 2021-11-29 12:40     - 54 20  162 25   4.50 0.06  0.0    5  5.6 12.2      8530
 8531 2021-11-29 13:02     - 55 11  162 15   5.20 0.05  0.0    4 13.0  1.0      8531
 8532 2021-11-29 13:30     - 55 25  162 47   5.02 0.04  0.0    4  5.5 11.8      8532
 8533 2021-11-29 13:36     # 55 23  161 54   0.31 0.92  0.0    6  4.4 47.4      8533
 8534 2021-11-29 13:43     - 55 25  161 52   1.08 0.05  0.0    4  1.3 10.5      8534
 8535 2021-11-29 18:02       55 26  161 54   8.33 0.00  0.0    4  1.9  6.8      8535
  SEQ ---DATE--- TIME REMARK -LAT-  --LON-  DEPTH  RMS PMAG  NUM  ERH  ERZ  ID
 8536 2021-11-29 20:17     - 55 14  162  7   6.97 0.10  0.0    4 13.9 13.2      8536
 8537 2021-11-29 20:24     - 55 26  161 55   5.03 0.14  0.0    4  3.3 16.7      8537
 *** DISTANCE & RESIDUAL WEIGHTING CANCELLED FOR EVENT: 2021 11 29 20 24
 8538 2021-11-29 20:24     - 55  2  162 40   4.99 0.43  0.0    4 32.7 34.7      8538
 8539 2021-11-29 22:31     - 55 23  161 51   0.01 6.34  0.0    4 19.4 99.0      8539
 8540 2021-11-29 22:32     - 55 13  162  2   2.45 0.89  0.0    4 63.3 49.7      8540
 8541 2021-11-29 23:59       55 24  161 39  12.48 0.03  0.0    6  1.5  1.9      8541
 *** DISTANCE & RESIDUAL WEIGHTING CANCELLED FOR EVENT: 2021 11 30  0  0
 8542 2021-11-30  0:00     # 55 23  161 44   4.97 0.60  0.0    5 11.1 11.9      8542
 8543 2021-11-30  3:39     - 54 58  160 57   4.53 0.13  0.0    5  8.0 15.3      8543
 8544 2021-11-30  5:28       55 22  161 42  16.25 0.00  0.0    4  3.4  1.1      8544
 *** DISTANCE & RESIDUAL WEIGHTING CANCELLED FOR EVENT: 2021 11 30  5 32
 8545 2021-11-30  5:32     - 55 28  161 43   5.35 0.53  0.0    4 10.3 35.2      8545
 8546 2021-11-30  7:01       55 22  161 43  19.49 0.04  0.0    5  2.7  1.1      8546
 *** DISTANCE & RESIDUAL WEIGHTING CANCELLED FOR EVENT: 2021 11 30  7  3
 8547 2021-11-30  7:02     - 55 19  161 32   6.49 0.50  0.0    5 16.1 38.5      8547
 *** DISTANCE & RESIDUAL WEIGHTING CANCELLED FOR EVENT: 2021 11 30  7  3
 8548 2021-11-30  7:03     - 55 19  161 45   5.09 0.34  0.0    4 11.5 20.7      8548
 8549 2021-11-30  8:02     - 55 22  161 51   0.28 0.17  0.0    4  1.1 14.1      8549
 8550 2021-11-30  9:02       55 20  161 44  19.35 0.00  0.0    4  4.8  1.0      8550
  SEQ ---DATE--- TIME REMARK -LAT-  --LON-  DEPTH  RMS PMAG  NUM  ERH  ERZ  ID
 8551 2021-11-30  9:09     - 55 14  161 31   0.36 0.09  0.0    5  4.4 14.6      8551
 8552 2021-11-30  9:57     - 55 13  161 36   1.62 0.14  0.0    5  6.4 16.4      8552
 *** DISTANCE & RESIDUAL WEIGHTING CANCELLED FOR EVENT: 2021 11 30 10  2
 8553 2021-11-30 10:02     - 55 23  161 50   4.91 0.27  0.0    4  7.8 19.9      8553
 8554 2021-11-30 10:42     - 55  4  161 29  29.06 0.31  0.0    4 21.6 10.9      8554
 *** DISTANCE & RESIDUAL WEIGHTING CANCELLED FOR EVENT: 2021 11 30 12  8
 8555 2021-11-30 12:08     - 55 27  161 38   2.50 0.50  0.0    4 28.8 34.2      8555
 8556 2021-11-30 12:34     - 55  2  162 14   6.75 0.03  0.0    4  3.8 11.3      8556
 8557 2021-11-30 13:54       55 21  161 39  21.36 0.10  0.0    8  2.3  0.9      8557
 *** DISTANCE & RESIDUAL WEIGHTING CANCELLED FOR EVENT: 2021 11 30 13 59
 8558 2021-11-30 13:59     # 55 28  161 32   5.00 0.99  0.0    5 17.0 11.5      8558
 8559 2021-11-30 15:24     - 55  2  161 12   4.28 0.15  0.0    4  7.5 15.9      8559
 *** DISTANCE & RESIDUAL WEIGHTING CANCELLED FOR EVENT: 2021 11 30 15 28
 8560 2021-11-30 15:28     - 55  0  162  4   5.00 1.10  0.0    4 82.0 83.5      8560
 8561 2021-11-30 15:59     - 55 25  161 57   4.99 0.05  0.0    4  1.4 12.3      8561
 8562 2021-11-30 16:15     - 55 21  161 47   0.06 0.13  0.0    4  1.5 13.6      8562
 8563 2021-11-30 16:30     - 55 16  161 31   0.27 0.10  0.0    6  2.6 15.0      8563
 *** DISTANCE & RESIDUAL WEIGHTING CANCELLED FOR EVENT: 2021 11 30 16 33
 8564 2021-11-30 16:33     - 55 23  161 56   4.89 0.91  0.0    4 22.9 71.3      8564
 8565 2021-11-30 17:50     - 55 42  161 29   5.00 0.38  0.0    4 30.8 31.4      8565
  SEQ ---DATE--- TIME REMARK -LAT-  --LON-  DEPTH  RMS PMAG  NUM  ERH  ERZ  ID
 8566 2021-11-30 18:47     - 55  8  163 17   3.23 0.12  0.0    6  6.9 14.7      8566
 *** DISTANCE & RESIDUAL WEIGHTING CANCELLED FOR EVENT: 2021 11 30 18 48
 8567 2021-11-30 18:47     - 55 45  162 10   5.00 0.27  0.0    4 10.8 23.2      8567
 *** DISTANCE & RESIDUAL WEIGHTING CANCELLED FOR EVENT: 2021 11 30 19 12
 8568 2021-11-30 19:12     - 55 18  161 41   0.71 0.26  0.0    4  3.5 24.3      8568
 8569 2021-11-30 19:19     # 55 12  161 31  39.41 0.02  0.0    4  4.6  2.0      8569
 *** DISTANCE & RESIDUAL WEIGHTING CANCELLED FOR EVENT: 2021 11 30 20 33
 8570 2021-11-30 20:33     # 55 20  161 56   1.26 0.64  0.0    6  3.2 17.6      8570
 *** DISTANCE & RESIDUAL WEIGHTING CANCELLED FOR EVENT: 2021 11 30 21 39
 8571 2021-11-30 21:39     - 55 25  161 50   9.46 1.53  0.0    4 30.8 94.1      8571
 8572 2021-11-30 22:56       55 19  161 32   4.63 0.03  0.0    6  1.5  0.5      8572
 *** DISTANCE & RESIDUAL WEIGHTING CANCELLED FOR EVENT: 2021 11 30 23  2
 8573 2021-11-30 23:01     - 54 43  161  3   5.05 0.89  0.0    4 63.7 66.7      8573
 *** DISTANCE & RESIDUAL WEIGHTING CANCELLED FOR EVENT: 2021 11 30 23 36
 8574 2021-11-30 23:36     - 55  9  161 55   4.81 0.12  0.0    4  6.8 12.9      8574
 8575 2021-11-30 23:36     - 54 44  161  6  28.55 0.25  0.0    6 17.5 12.5      8575
 8576 2021-11-30 23:59     - 55 25  161 57   5.59 0.09  0.0    5  1.3 12.6      8576
 *** DISTANCE & RESIDUAL WEIGHTING CANCELLED FOR EVENT: 2021 12  1  0 21
 8577 2021-12- 1  0:21     # 55 11  161 55  29.81 0.46  0.0    5 16.6  6.7      8577
 8578 2021-12- 1  0:26     - 55 28  161 34   2.49 0.37  0.0    4 20.4 22.5      8578
 *** DISTANCE & RESIDUAL WEIGHTING CANCELLED FOR EVENT: 2021 12  1  0 31
 8579 2021-12- 1  0:31     - 55  0  160 18   4.85 0.55  0.0    5 35.2 34.4      8579
 8580 2021-12- 1  0:50     - 55  3  162  4  11.92 0.21  0.0    5  5.8 18.1      8580
 *** DISTANCE & RESIDUAL WEIGHTING CANCELLED FOR EVENT: 2021 12  1  1 32
  SEQ ---DATE--- TIME REMARK -LAT-  --LON-  DEPTH  RMS PMAG  NUM  ERH  ERZ  ID
 8581 2021-12- 1  1:32     # 55 25  161 55   2.63 0.50  0.0    5  4.9 16.6      8581
 8582 2021-12- 1  1:35       55 19  161 32  15.46 0.03  0.0    5  3.0  2.7      8582
 8583 2021-12- 1  1:35       55 22  161 57  26.07 0.00  0.0    4  3.8  2.3      8583
 *** DISTANCE & RESIDUAL WEIGHTING CANCELLED FOR EVENT: 2021 12  1  1 35
 8584 2021-12- 1  1:35     # 55 23  161 55   3.33 0.40  0.0    5  2.7  5.4      8584
 *** DISTANCE & RESIDUAL WEIGHTING CANCELLED FOR EVENT: 2021 12  1  2 49
 8585 2021-12- 1  2:49     # 55 27  161 52   5.00 0.67  0.0    5  4.5 16.4      8585
 8586 2021-12- 1  2:51       55 21  161 47  14.41 0.03  0.0    6  2.5  0.8      8586
 *** DISTANCE & RESIDUAL WEIGHTING CANCELLED FOR EVENT: 2021 12  1  2 51
 8587 2021-12- 1  2:51     - 55 25  161 42   6.97 0.45  0.0    4 39.6  5.5      8587
 8588 2021-12- 1  4:13     - 55 20  161 28   6.62 0.01  0.0    4  1.8 12.5      8588
 *** DISTANCE & RESIDUAL WEIGHTING CANCELLED FOR EVENT: 2021 12  1  4 13
 8589 2021-12- 1  4:13     # 55 19  161 47   2.38 0.14  0.0    4  5.3 10.5      8589
 8590 2021-12- 1  4:22     - 55 26  161 53   5.03 0.05  0.0    4  1.8 10.4      8590
 8591 2021-12- 1  5:27     - 56  9  161  9   5.02 0.49  0.0    4 36.5 38.2      8591
 *** DISTANCE & RESIDUAL WEIGHTING CANCELLED FOR EVENT: 2021 12  1  5 36
 8592 2021-12- 1  5:36     - 55 23  161 60   5.00 1.42  0.0    4 52.2 84.1      8592
 8593 2021-12- 1  6:49       55 21  161 34  10.33 0.00  0.0    4  6.7  4.7      8593
 *** DISTANCE & RESIDUAL WEIGHTING CANCELLED FOR EVENT: 2021 12  1  6 53
 8594 2021-12- 1  6:53     - 55 11  161  1   5.35 1.15  0.0    5 51.7 87.7      8594
 *** DISTANCE & RESIDUAL WEIGHTING CANCELLED FOR EVENT: 2021 12  1  7  0
 8595 2021-12- 1  6:59     - 56  5  162  7   5.00 0.97  0.0    4 38.4 74.5      8595
  SEQ ---DATE--- TIME REMARK -LAT-  --LON-  DEPTH  RMS PMAG  NUM  ERH  ERZ  ID
 8596 2021-12- 1  7:59     - 55 25  161 57   5.07 0.05  0.0    4  1.4 12.3      8596
 8597 2021-12- 1  8:10       55 22  161 38  10.07 0.05  0.0    5  3.3  2.5      8597
 8598 2021-12- 1  9:20     - 55 13  161 28   8.85 0.02  0.0    6  2.5  9.4      8598
 *** DISTANCE & RESIDUAL WEIGHTING CANCELLED FOR EVENT: 2021 12  1  9 25
 8599 2021-12- 1  9:25     - 55 10  162  2   4.98 0.77  0.0    4 63.8 10.6      8599
 8600 2021-12- 1 10:29     - 55 22  161 31   1.41 0.08  0.0    6  1.5 13.0      8600
 *** DISTANCE & RESIDUAL WEIGHTING CANCELLED FOR EVENT: 2021 12  1 10 30
 8601 2021-12- 1 10:30     # 55 21  161 48   5.00 0.46  0.0    4 17.2 15.3      8601
 8602 2021-12- 1 10:34     - 54 44  160 49   5.09 0.77  0.0    7 38.1 59.6      8602
 8603 2021-12- 1 11:31       55 19  161 50  20.42 0.06  0.0    7  2.1  1.0      8603
 8604 2021-12- 1 11:31     - 55 16  161 40   5.35 0.08  0.0    4  4.6 13.2      8604
 8605 2021-12- 1 11:37     - 55  1  160 53   4.92 0.13  0.0    5  7.0 15.1      8605
 8606 2021-12- 1 11:45     - 55 23  161 47   0.19 0.39  0.0    4  5.3 25.1      8606
 *** DISTANCE & RESIDUAL WEIGHTING CANCELLED FOR EVENT: 2021 12  1 14  6
 8607 2021-12- 1 14:06     - 55 21  161 49   4.99 0.77  0.0    4 65.0  6.1      8607
 *** DISTANCE & RESIDUAL WEIGHTING CANCELLED FOR EVENT: 2021 12  1 14 13
 8608 2021-12- 1 14:13     # 55 23  161 50   8.16 0.95  0.0    4 29.4 48.1      8608
 *** DISTANCE & RESIDUAL WEIGHTING CANCELLED FOR EVENT: 2021 12  1 14 16
 8609 2021-12- 1 14:16     - 55 15  161 45   0.30 0.38  0.0    4 27.4 31.1      8609
 *** DISTANCE & RESIDUAL WEIGHTING CANCELLED FOR EVENT: 2021 12  1 15 19
 8610 2021-12- 1 15:19     # 55 28  161 52   4.97 0.49  0.0    4 10.2 12.0      8610
 *** DISTANCE & RESIDUAL WEIGHTING CANCELLED FOR EVENT: 2021 12  1 15 24
  SEQ ---DATE--- TIME REMARK -LAT-  --LON-  DEPTH  RMS PMAG  NUM  ERH  ERZ  ID
 8611 2021-12- 1 15:24     - 55  8  161 48   5.00 1.28  0.0    4 97.5 17.3      8611
 8612 2021-12- 1 15:59     - 55 23  161 55   2.20 0.03  0.0    4  0.9 10.0      8612
 8613 2021-12- 1 16:26       55 24  161 48  30.26 0.18  0.0    7  3.4  2.3      8613
 8614 2021-12- 1 16:35       55 19  161 40  26.21 0.00  0.0    4  5.4  4.7      8614
 8615 2021-12- 1 16:36     - 54 51  161  3  39.21 0.22  0.0    9 18.5 12.0      8615
 8616 2021-12- 1 16:36     - 54 43  160 46  46.10 0.19  0.0    9 15.3  9.2      8616
 8617 2021-12- 1 17:34       55  6  162 19  14.81 0.00  0.0    4  2.7  1.1      8617
 *** DISTANCE & RESIDUAL WEIGHTING CANCELLED FOR EVENT: 2021 12  1 17 46
 8618 2021-12- 1 17:46     - 54 60  162 19   5.08 0.51  0.0    4 18.8 40.4      8618
 *** DISTANCE & RESIDUAL WEIGHTING CANCELLED FOR EVENT: 2021 12  1 18 43
 8619 2021-12- 1 18:43     # 55 19  161 48   4.08 0.31  0.0    4 14.3 14.3      8619
 *** DISTANCE & RESIDUAL WEIGHTING CANCELLED FOR EVENT: 2021 12  1 18 54
 8620 2021-12- 1 18:54     - 55 24  161 49   1.24 0.67  0.0    4  7.0 40.2      8620
 *** DISTANCE & RESIDUAL WEIGHTING CANCELLED FOR EVENT: 2021 12  1 20  9
 8621 2021-12- 1 20:09     # 55 21  161 57   5.00 0.56  0.0    4 23.2 20.7      8621
 *** DISTANCE & RESIDUAL WEIGHTING CANCELLED FOR EVENT: 2021 12  1 20 10
 8622 2021-12- 1 20:10     - 55 19  161 48   5.03 0.74  0.0    4 40.4 32.3      8622
 8623 2021-12- 1 20:14     - 55 20  161 28  18.50 0.15  0.0    4 15.3  8.0      8623
 8624 2021-12- 1 20:56     - 55 20  161  8  41.11 0.19  0.0    9 15.3  6.9      8624
 8625 2021-12- 1 20:56       55 45  161 58   1.09 0.22  0.0    5  6.4  2.9      8625
  SEQ ---DATE--- TIME REMARK -LAT-  --LON-  DEPTH  RMS PMAG  NUM  ERH  ERZ  ID
 8626 2021-12- 1 21:03     - 55 24  161 41   0.62 0.34  0.0    4 18.6 26.6      8626
 8627 2021-12- 1 21:13     - 55 59  161 31   3.53 0.06  0.0    4 12.1 12.2      8627
 *** DISTANCE & RESIDUAL WEIGHTING CANCELLED FOR EVENT: 2021 12  1 21 13
 8628 2021-12- 1 21:13     - 55 23  161 48  13.86 0.22  0.0    4 22.0  3.5      8628
 8629 2021-12- 1 21:18     - 55 16  162 13  22.95 0.08  0.0    4 10.9  7.3      8629
 8630 2021-12- 1 21:19     - 55 33  162 16   0.72 0.04  0.0    4  7.5 10.9      8630
 8631 2021-12- 1 21:23     - 55 45  160 29   5.09 0.10  0.0    4  9.2 13.5      8631
 *** DISTANCE & RESIDUAL WEIGHTING CANCELLED FOR EVENT: 2021 12  1 21 24
 8632 2021-12- 1 21:24     # 55 25  162  1   5.00 0.37  0.0    4  8.5  4.2      8632
 8633 2021-12- 1 22:00     - 55 42  162 41   5.02 0.01  0.0    4  5.3 11.4      8633
 *** DISTANCE & RESIDUAL WEIGHTING CANCELLED FOR EVENT: 2021 12  1 22 22
 8634 2021-12- 1 22:22     # 55 18  161 58  11.92 0.46  0.0    4  9.0  5.6      8634
 8635 2021-12- 1 22:26       55 25  161 47  18.78 0.02  0.0    5  3.3  1.7      8635
 *** DISTANCE & RESIDUAL WEIGHTING CANCELLED FOR EVENT: 2021 12  1 22 27
 8636 2021-12- 1 22:27     - 55 18  161 49   5.06 0.21  0.0    4 13.7 12.1      8636
 8637 2021-12- 1 22:31     - 55  1  162 25   5.00 0.05  0.0    5  5.5 11.9      8637
 8638 2021-12- 1 23:24     - 55 47  160 54   5.01 0.11  0.0    5  8.6 14.1      8638
 8639 2021-12- 1 23:29     - 55 18  161 54  11.51 0.06  0.0    4  7.9  9.5      8639
 *** DISTANCE & RESIDUAL WEIGHTING CANCELLED FOR EVENT: 2021 12  1 23 36
 8640 2021-12- 1 23:36     - 55 20  161 51   3.25 0.76  0.0    5 40.8 26.3      8640
  SEQ ---DATE--- TIME REMARK -LAT-  --LON-  DEPTH  RMS PMAG  NUM  ERH  ERZ  ID
 8641 2021-12- 1 23:55     - 55 13  161 25  24.96 0.15  0.0    7 11.3  6.2      8641
 8642 2021-12- 1 23:56     # 55 24  161 40  35.18 0.20  0.0    7  3.7  1.4      8642
 8643 2021-12- 1 23:59     - 55 25  161 51   4.91 0.04  0.0    4  2.1 10.2      8643
 *** DISTANCE & RESIDUAL WEIGHTING CANCELLED FOR EVENT: 2021 12  2  0 34
 8644 2021-12- 2  0:34     - 55  5  161  1   5.00 0.70  0.0    4 25.6 53.9      8644
 *** DISTANCE & RESIDUAL WEIGHTING CANCELLED FOR EVENT: 2021 12  2  0 41
 8645 2021-12- 2  0:41     - 55 10  161 29   5.00 0.77  0.0    4 61.5 64.9      8645
 *** DISTANCE & RESIDUAL WEIGHTING CANCELLED FOR EVENT: 2021 12  2  0 42
 8646 2021-12- 2  0:42     - 54 49  162 23  11.76 2.27  0.0    4 98.8 46.1      8646
 8647 2021-12- 2  0:45     - 55 24  161 57   5.00 0.06  0.0    4  2.3 12.1      8647
 8648 2021-12- 2  1:17     - 54 48  160 58   5.00 0.20  0.0    7 18.3 20.6      8648
 *** DISTANCE & RESIDUAL WEIGHTING CANCELLED FOR EVENT: 2021 12  2  1 17
 8649 2021-12- 2  1:17     - 54 47  161 10  40.24 0.39  0.0    4 32.9 17.0      8649
 *** DISTANCE & RESIDUAL WEIGHTING CANCELLED FOR EVENT: 2021 12  2  1 32
 8650 2021-12- 2  1:32     - 55 20  161 51  16.25 1.05  0.0    5 31.8 62.7      8650
 8651 2021-12- 2  1:40     - 55 18  160 37  37.46 0.11  0.0    9 12.0  8.4      8651
 8652 2021-12- 2  1:40     - 55 55  162  3   4.99 0.20  0.0    5 16.8 20.7      8652
 *** DISTANCE & RESIDUAL WEIGHTING CANCELLED FOR EVENT: 2021 12  2  1 41
 8653 2021-12- 2  1:40     - 55 25  159 53   5.00 0.61  0.0    4 44.4 51.4      8653
 8654 2021-12- 2  2:00     - 55 51  162 32   5.01 0.26  0.0    5 22.3 25.2      8654
 8655 2021-12- 2  2:17       54 60  162 18   1.84 0.03  0.0    8  0.9  3.0      8655
  SEQ ---DATE--- TIME REMARK -LAT-  --LON-  DEPTH  RMS PMAG  NUM  ERH  ERZ  ID
 8656 2021-12- 2  2:17     # 55  4  162  6   3.96 0.12  0.0    8  1.3  0.9      8656
 8657 2021-12- 2  2:29       54 57  162 37  24.47 0.12  0.0    7  9.2  5.8      8657
 8658 2021-12- 2  2:44     - 55 10  162 12   1.98 1.11  0.0    4  9.8 69.3      8658
 8659 2021-12- 2  3:00     - 55 44  161 33   5.00 0.73  0.0    4 55.1 58.4      8659
 *** DISTANCE & RESIDUAL WEIGHTING CANCELLED FOR EVENT: 2021 12  2  3  1
 8660 2021-12- 2  3:01     # 55 25  161 57   1.25 0.28  0.0    4  5.0 13.1      8660
 *** DISTANCE & RESIDUAL WEIGHTING CANCELLED FOR EVENT: 2021 12  2  3  6
 8661 2021-12- 2  3:06     - 55 29  161 54   5.00 0.57  0.0    4 17.0 46.3      8661
 8662 2021-12- 2  4:35     - 55 20  161 44   6.32 0.06  0.0    5 11.6  2.0      8662
 *** DISTANCE & RESIDUAL WEIGHTING CANCELLED FOR EVENT: 2021 12  2  4 41
 8663 2021-12- 2  4:41     - 55 22  161 25   5.00 0.99  0.0    4 58.7 28.1      8663
 8664 2021-12- 2  4:45     - 55 24  161 46   0.34 0.09  0.0    5  2.0 12.0      8664
 *** DISTANCE & RESIDUAL WEIGHTING CANCELLED FOR EVENT: 2021 12  2  5  0
 8665 2021-12- 2  5:00     - 54 34  162 26   5.00 0.27  0.0    4 26.0 23.7      8665
 8666 2021-12- 2  5:44     - 55  7  160 52   5.56 0.19  0.0   15  7.4 16.0      8666
 8667 2021-12- 2  7:16     # 54 58  161 57  25.88 2.17  0.0    6 47.1 34.8      8667
 8668 2021-12- 2  7:59     - 55 29  162 49   5.03 0.13  0.0    4  7.1 16.3      8668
 8669 2021-12- 2  8:01     - 55 13  161 47  21.46 0.00  0.0    4  8.9  2.7      8669
 *** DISTANCE & RESIDUAL WEIGHTING CANCELLED FOR EVENT: 2021 12  2  8  3
 8670 2021-12- 2  8:03     - 55 27  161 47   0.24 0.67  0.0    6  6.7 45.7      8670
  SEQ ---DATE--- TIME REMARK -LAT-  --LON-  DEPTH  RMS PMAG  NUM  ERH  ERZ  ID
 8671 2021-12- 2  8:08     - 55 16  161 26  16.57 0.09  0.0    5  7.5 12.3      8671
 8672 2021-12- 2  8:09     - 55 22  161 38   4.05 0.07  0.0    4  7.7 11.6      8672
 *** DISTANCE & RESIDUAL WEIGHTING CANCELLED FOR EVENT: 2021 12  2  8 14
 8673 2021-12- 2  8:14     - 55 24  161 52   1.21 0.22  0.0    4  1.5 18.1      8673
 8674 2021-12- 2  8:25       55 19  161 41  15.99 0.10  0.0    7  2.7  1.6      8674
 8675 2021-12- 2 10:35       55 22  161 34  12.23 0.19  0.0    6  4.3  3.4      8675
 8676 2021-12- 2 10:36     - 55 19  161 47  10.51 0.02  0.0    4  6.9  6.0      8676
 *** DISTANCE & RESIDUAL WEIGHTING CANCELLED FOR EVENT: 2021 12  2 10 40
 8677 2021-12- 2 10:40     - 55 22  161 57   1.03 0.44  0.0    4  3.8 30.8      8677
 8678 2021-12- 2 10:42     - 55 24  161 52   0.42 0.09  0.0    6  0.8 11.1      8678
 8679 2021-12- 2 10:50     - 54 46  160 56  27.25 0.16  0.0   11 14.4  2.8      8679
 8680 2021-12- 2 10:50     - 54 39  160 47  32.50 0.41  0.0   11 25.7 36.4      8680
 8681 2021-12- 2 12:20     - 55 29  161 10   0.18 0.21  0.0    5  7.4 21.4      8681
 *** DISTANCE & RESIDUAL WEIGHTING CANCELLED FOR EVENT: 2021 12  2 12 21
 8682 2021-12- 2 12:20     - 55 57  161 54   4.99 0.32  0.0    4 16.3 26.9      8682
 *** DISTANCE & RESIDUAL WEIGHTING CANCELLED FOR EVENT: 2021 12  2 12 25
 *** ABANDON EVENT WITH ONLY 3 READINGS:2021 12  2 12 25
 *** DISTANCE & RESIDUAL WEIGHTING CANCELLED FOR EVENT: 2021 12  2 13 11
 8684 2021-12- 2 13:11     - 55 16  162 51   5.45 0.75  0.0    5 26.2 57.6      8684
 *** DISTANCE & RESIDUAL WEIGHTING CANCELLED FOR EVENT: 2021 12  2 13 15
 8685 2021-12- 2 13:15     - 54 57  162 24   5.00 1.74  0.0    4 62.8 89.9      8685
  SEQ ---DATE--- TIME REMARK -LAT-  --LON-  DEPTH  RMS PMAG  NUM  ERH  ERZ  ID
 8686 2021-12- 2 13:28     - 55 24  161 52   1.20 0.01  0.0    5  0.7  8.9      8686
 *** DISTANCE & RESIDUAL WEIGHTING CANCELLED FOR EVENT: 2021 12  2 13 33
 8687 2021-12- 2 13:33     - 56 10  162 38   5.09 0.28  0.0    4 22.6 24.3      8687
 8688 2021-12- 2 13:37     - 54 47  160 58   5.46 0.15  0.0   14  6.5 13.9      8688
 8689 2021-12- 2 13:41     - 54 44  160 45  17.05 0.20  0.0   10 16.6 20.8      8689
 8690 2021-12- 2 13:41     - 54 27  160  9   5.48 0.19  0.0    8 13.3 12.1      8690
 8691 2021-12- 2 14:16     - 54 59  163 19  24.28 0.03  0.0    5  2.9 12.4      8691
 *** DISTANCE & RESIDUAL WEIGHTING CANCELLED FOR EVENT: 2021 12  2 14 37
 8692 2021-12- 2 14:37     # 55 18  161 59   5.00 0.44  0.0    5 13.7 14.1      8692
 8693 2021-12- 2 14:37     - 55 24  161 50   0.09 0.26  0.0    5  1.2 18.5      8693
 8694 2021-12- 2 14:43     - 55 18  162 20   7.10 0.13  0.0    5 14.0 16.3      8694
 *** DISTANCE & RESIDUAL WEIGHTING CANCELLED FOR EVENT: 2021 12  2 14 44
 8695 2021-12- 2 14:44     - 55 22  161 29   3.94 0.22  0.0    4  5.7 21.4      8695
 8696 2021-12- 2 14:47     - 55 23  161 50   0.35 0.04  0.0    5  0.7  9.8      8696
 8697 2021-12- 2 15:52     - 55 33  161 10  36.05 0.11  0.0    6 14.4  5.5      8697
 *** DISTANCE & RESIDUAL WEIGHTING CANCELLED FOR EVENT: 2021 12  2 15 55
 8698 2021-12- 2 15:55     - 55 21  161 49   0.21 0.14  0.0    4  2.9 12.3      8698
 *** DISTANCE & RESIDUAL WEIGHTING CANCELLED FOR EVENT: 2021 12  2 15 59
 8699 2021-12- 2 15:59     - 55 19  161 58   4.87 0.51  0.0    4 20.0 28.4      8699
 8700 2021-12- 2 15:59     - 55 25  161 54  25.48 0.07  0.0    6  2.8 11.5      8700
 *** DISTANCE & RESIDUAL WEIGHTING CANCELLED FOR EVENT: 2021 12  2 16  0
  SEQ ---DATE--- TIME REMARK -LAT-  --LON-  DEPTH  RMS PMAG  NUM  ERH  ERZ  ID
 8701 2021-12- 2 16:00     - 54 56  163  1   4.64 0.38  0.0    4 14.2 30.9      8701
 8702 2021-12- 2 16:04     - 55 34  161 45   4.39 0.08  0.0    5  3.5 13.6      8702
 8703 2021-12- 2 16:05       55 23  161 51   2.36 0.02  0.0    5  1.4  4.9      8703
 *** DISTANCE & RESIDUAL WEIGHTING CANCELLED FOR EVENT: 2021 12  2 17 21
 8704 2021-12- 2 17:21     # 55 23  162  5   4.99 0.56  0.0    5 11.1 13.2      8704
 8705 2021-12- 2 17:28       55 15  161 39   5.25 0.03  0.0    5  2.5  1.4      8705
 8706 2021-12- 2 17:29     - 55 19  162  4   1.51 0.15  0.0    4  2.6 12.4      8706
 *** DISTANCE & RESIDUAL WEIGHTING CANCELLED FOR EVENT: 2021 12  2 17 40
 8707 2021-12- 2 17:40     - 55 42  161 55   1.41 0.30  0.0    4 11.9 27.7      8707
 *** DISTANCE & RESIDUAL WEIGHTING CANCELLED FOR EVENT: 2021 12  2 18 39
 8708 2021-12- 2 18:38     - 55 31  161 47   4.99 0.32  0.0    4 10.7 26.9      8708
 8709 2021-12- 2 18:45       55 18  162 13  24.06 0.01  0.0    5  4.7  3.8      8709
 *** DISTANCE & RESIDUAL WEIGHTING CANCELLED FOR EVENT: 2021 12  2 18 49
 8710 2021-12- 2 18:49     # 55 35  161 39   5.00 2.35  0.0    4 33.3 18.0      8710
 8711 2021-12- 2 18:52     - 55 17  161 49  11.63 0.01  0.0    4  8.2  6.6      8711
 *** DISTANCE & RESIDUAL WEIGHTING CANCELLED FOR EVENT: 2021 12  2 18 56
 8712 2021-12- 2 18:56     - 55 26  161 35   4.88 0.52  0.0    4 44.0 32.3      8712
 *** DISTANCE & RESIDUAL WEIGHTING CANCELLED FOR EVENT: 2021 12  2 20 53
 8713 2021-12- 2 20:53     - 54 50  161 33   5.49 0.25  0.0    4 17.9 21.8      8713
 *** DISTANCE & RESIDUAL WEIGHTING CANCELLED FOR EVENT: 2021 12  2 20 56
 8714 2021-12- 2 20:56     - 55 55  161 21   5.01 0.54  0.0    5 37.5 42.5      8714
 8715 2021-12- 2 21:00     - 55 46  161  0   4.89 0.37  0.0    4 33.0 30.0      8715
  SEQ ---DATE--- TIME REMARK -LAT-  --LON-  DEPTH  RMS PMAG  NUM  ERH  ERZ  ID
 8716 2021-12- 2 21:08     - 55 20  162  5   3.86 0.15  0.0    4  9.8 14.0      8716
 8717 2021-12- 2 21:22     - 55  8  163 17   3.48 0.03  0.0    4  5.4 11.5      8717
 8718 2021-12- 2 21:22     - 55 42  162  7   5.59 0.45  0.0    4 16.8 35.9      8718
 8719 2021-12- 2 21:56     - 55 46  163 23   4.83 0.13  0.0    4  8.4 15.0      8719
 *** DISTANCE & RESIDUAL WEIGHTING CANCELLED FOR EVENT: 2021 12  2 22 41
 8720 2021-12- 2 22:41     # 55 19  161 39   5.01 0.98  0.0    5 54.9  5.0      8720
 *** DISTANCE & RESIDUAL WEIGHTING CANCELLED FOR EVENT: 2021 12  2 22 46
 8721 2021-12- 2 22:46     - 55 24  162  2   5.14 0.90  0.0    4 11.6 53.3      8721
 *** DISTANCE & RESIDUAL WEIGHTING CANCELLED FOR EVENT: 2021 12  2 22 46
 8722 2021-12- 2 22:46     - 55 31  161 35   0.67 0.59  0.0    5  5.7 47.3      8722
 *** DISTANCE & RESIDUAL WEIGHTING CANCELLED FOR EVENT: 2021 12  2 22 49
 8723 2021-12- 2 22:49     - 55 40  161 35   4.99 0.58  0.0    4 46.6 47.8      8723
 8724 2021-12- 2 23:44       55 21  161 40   8.07 0.01  0.0    4  2.4  1.7      8724
 8725 2021-12- 2 23:53     - 55 24  161 52   0.61 0.14  0.0    6  0.9 13.0      8725
 8726 2021-12- 2 23:58     - 55 19  162  3   0.29 0.01  0.0    4  7.2 11.2      8726
 8727 2021-12- 2 23:59       55 26  161 53  11.25 0.04  0.0    6  1.2  7.4      8727
 8728 2021-12- 3  0:49       55 21  161 40  16.51 0.14  0.0    5  8.4  2.0      8728
 8729 2021-12- 3  0:50     - 55 18  161 55   0.31 0.32  0.0    4 25.2 18.3      8729
 8730 2021-12- 3  0:54     - 55 24  161 52   0.90 0.12  0.0    6  0.7 12.9      8730
  SEQ ---DATE--- TIME REMARK -LAT-  --LON-  DEPTH  RMS PMAG  NUM  ERH  ERZ  ID
 8731 2021-12- 3  1:01       55 22  161 49   1.26 0.01  0.0    4  2.3  5.4      8731
 8732 2021-12- 3  1:49       55 26  161 53  19.15 0.09  0.0    7  1.7  1.2      8732
 8733 2021-12- 3  1:53     - 55 12  161 29   7.21 0.03  0.0    5  2.0 12.2      8733
 8734 2021-12- 3  3:05       55 33  161 46  14.50 0.07  0.0    6  2.5  2.8      8734
 8735 2021-12- 3  3:13     - 54 46  163 24   5.00 0.01  0.0    4  5.2 11.4      8735
 *** DISTANCE & RESIDUAL WEIGHTING CANCELLED FOR EVENT: 2021 12  3  3 14
 8736 2021-12- 3  3:14     # 55 25  161 53   3.11 0.59  0.0    4  5.6 34.4      8736
 8737 2021-12- 3  4:16       55 25  161 52  20.40 0.15  0.0    8  2.2  1.2      8737
 8738 2021-12- 3  4:19     - 55 24  161 27   3.49 0.11  0.0    4  3.7 15.5      8738
 *** DISTANCE & RESIDUAL WEIGHTING CANCELLED FOR EVENT: 2021 12  3  4 21
 8739 2021-12- 3  4:21     - 55 27  161 46   0.61 0.37  0.0    5  4.5 29.4      8739
 8740 2021-12- 3  5:20     - 55 16  161 32   4.76 0.08  0.0    5  3.4 13.8      8740
 *** DISTANCE & RESIDUAL WEIGHTING CANCELLED FOR EVENT: 2021 12  3  5 21
 8741 2021-12- 3  5:21     # 55 36  162  7   5.00 0.55  0.0    4 22.7  6.4      8741
 8742 2021-12- 3  5:28       55 19  161 48   4.72 0.07  0.0    5  3.7  3.1      8742
 8743 2021-12- 3  6:29     - 55 22  161 48   0.37 0.22  0.0    4  1.9 17.6      8743
 8744 2021-12- 3  7:34       55 23  161 39  16.73 0.00  0.0    4  2.9  4.2      8744
 8745 2021-12- 3  7:34       55 24  161 55  20.69 0.12  0.0    7  2.2  1.4      8745
  SEQ ---DATE--- TIME REMARK -LAT-  --LON-  DEPTH  RMS PMAG  NUM  ERH  ERZ  ID
 8746 2021-12- 3  7:42     - 55 16  161 38   1.89 0.11  0.0    4 10.6 12.9      8746
 8747 2021-12- 3  7:59     - 55 21  162  8   8.18 0.31  0.0    4  4.9 23.8      8747
 8748 2021-12- 3  8:35     - 54 44  160 54  37.61 0.24  0.0    7 20.5 17.6      8748
 8749 2021-12- 3  8:35     - 54 51  161 23   5.00 0.10  0.0    5  8.0 15.0      8749
 8750 2021-12- 3  8:37     - 54 54  161 21  31.90 0.20  0.0    6 15.8  1.5      8750
 8751 2021-12- 3  8:37       55  8  161 56   5.49 0.00  0.0    4  1.4  0.7      8751
 8752 2021-12- 3  8:57       55 25  161 53  18.97 0.11  0.0    8  2.1  1.4      8752
 8753 2021-12- 3  8:57     - 55 41  161  7   4.80 0.11  0.0    4 14.5 14.1      8753
 *** DISTANCE & RESIDUAL WEIGHTING CANCELLED FOR EVENT: 2021 12  3  8 58
 8754 2021-12- 3  8:58     - 55 15  161 48   4.99 0.41  0.0    4 16.4 31.8      8754
 8755 2021-12- 3  9:01       55 13  161 27  17.89 0.00  0.0    4  3.1  4.3      8755
 8756 2021-12- 3  9:02       55 25  161 53  16.75 0.11  0.0    7  1.4  1.0      8756
 8757 2021-12- 3  9:05       55 24  161 38   9.26 0.09  0.0    5  6.0  2.6      8757
 8758 2021-12- 3  9:08     - 55 24  161 50   1.23 0.10  0.0    4  2.1 14.7      8758
 8759 2021-12- 3  9:11     - 55 21  161 60   1.15 0.01  0.0    4  2.4  9.2      8759
 *** DISTANCE & RESIDUAL WEIGHTING CANCELLED FOR EVENT: 2021 12  3  9 13
 8760 2021-12- 3  9:13     - 55 18  161 57   4.40 0.42  0.0    5 23.0 19.5      8760
  SEQ ---DATE--- TIME REMARK -LAT-  --LON-  DEPTH  RMS PMAG  NUM  ERH  ERZ  ID
 8761 2021-12- 3 10:31     - 55  1  162 35  25.78 0.03  0.0    5  8.7  6.7      8761
 8762 2021-12- 3 10:32     - 55 14  161 34   7.24 0.07  0.0    6  1.5 13.3      8762
 8763 2021-12- 3 10:33     - 55 25  160 54   4.64 0.07  0.0    4  5.8 12.6      8763
 8764 2021-12- 3 10:45       55 30  161 21  25.27 0.01  0.0    4  2.6  4.4      8764
 *** DISTANCE & RESIDUAL WEIGHTING CANCELLED FOR EVENT: 2021 12  3 11  9
 8765 2021-12- 3 11:09     - 55  6  161 26   3.68 0.27  0.0    4 25.5  5.8      8765
 8766 2021-12- 3 12:37       55 21  161 48  22.02 0.17  0.0    8  2.5  1.2      8766
 8767 2021-12- 3 12:43     - 55 28  161 48   0.35 0.12  0.0    6  0.9 13.7      8767
 8768 2021-12- 3 12:44     - 55 23  162 35   5.08 0.09  0.0    4  6.0 13.2      8768
 8769 2021-12- 3 12:49     - 55 25  161 43  11.55 0.09  0.0    4 10.4  9.3      8769
 8770 2021-12- 3 13:31     - 54 36  160 55   5.88 0.13  0.0    7  6.8 14.9      8770
 8771 2021-12- 3 13:35     - 55  5  163 17   5.81 0.25  0.0    6 10.8 22.0      8771
 8772 2021-12- 3 13:35       55 21  161 55   1.00 0.56  0.0    7  1.8 10.6      8772
 8773 2021-12- 3 15:05       55 22  161 48  20.31 0.12  0.0    7  1.9  0.8      8773
 8774 2021-12- 3 15:06     - 55 25  161 41   0.16 0.20  0.0    4 15.0 20.8      8774
 *** DISTANCE & RESIDUAL WEIGHTING CANCELLED FOR EVENT: 2021 12  3 15 12
 8775 2021-12- 3 15:12     - 55 20  161 15   5.01 0.67  0.0    4 52.3 53.3      8775
  SEQ ---DATE--- TIME REMARK -LAT-  --LON-  DEPTH  RMS PMAG  NUM  ERH  ERZ  ID
 8776 2021-12- 3 15:59     - 55 24  161 56  27.13 0.07  0.0    6  2.7 11.9      8776
 8777 2021-12- 3 16:51     - 55 23  161 37   1.20 0.37  0.0    5 23.9 30.3      8777
 8778 2021-12- 3 16:53       55 22  161 47  20.71 0.12  0.0    7  2.2  0.9      8778
 *** DISTANCE & RESIDUAL WEIGHTING CANCELLED FOR EVENT: 2021 12  3 16 53
 8779 2021-12- 3 16:53     - 55 45  162 10   5.00 0.31  0.0    4 11.9 26.0      8779
 8780 2021-12- 3 16:57     - 55 22  161 51   0.08 1.04  0.0    5  5.4 62.9      8780
 8781 2021-12- 3 17:01     - 55 33  161 27   5.00 0.50  0.0    4 37.8 38.4      8781
 8782 2021-12- 3 18:54     - 54 41  162  5   4.66 0.06  0.0    4  8.3 12.3      8782
 8783 2021-12- 3 19:02     - 55 21  161 26  10.60 0.26  0.0    4  8.8 18.7      8783
 8784 2021-12- 3 19:20     - 54 57  162 12   4.69 0.06  0.0    4  8.0  9.6      8784
 8785 2021-12- 3 19:20     - 54 56  162 18  17.99 0.03  0.0    4  8.4  9.2      8785
 8786 2021-12- 3 19:22     - 54 23  161 33   5.00 0.16  0.0    4  7.7 16.6      8786
 8787 2021-12- 3 19:22     - 55 19  163 12   7.43 0.28  0.0    4 10.4 26.6      8787
 *** DISTANCE & RESIDUAL WEIGHTING CANCELLED FOR EVENT: 2021 12  3 22  0
 8788 2021-12- 3 22:00     # 55 19  162  4   4.91 2.24  0.0    5 28.6 86.6      8788
 8789 2021-12- 3 22:37     - 55 24  161 44  14.26 0.07  0.0    4  9.1  9.9      8789
 *** DISTANCE & RESIDUAL WEIGHTING CANCELLED FOR EVENT: 2021 12  3 23 35
 8790 2021-12- 3 23:35     - 55  9  161 57   5.34 0.54  0.0    4 12.5 30.9      8790
  SEQ ---DATE--- TIME REMARK -LAT-  --LON-  DEPTH  RMS PMAG  NUM  ERH  ERZ  ID
 8791 2021-12- 3 23:35     - 54 50  161 14  28.69 0.07  0.0    5  9.5  5.5      8791
 8792 2021-12- 3 23:59     - 55 25  161 56  25.54 0.07  0.0    6  2.6 12.2      8792
 8793 2021-12- 4  0:30     - 55 14  161 35   0.06 0.12  0.0    4 12.8 15.7      8793
 8794 2021-12- 4  0:38     # 54 53  162 10   0.04 0.11  0.0    7  3.3  1.9      8794
 8795 2021-12- 4  0:38     - 55 12  162 53   5.10 0.15  0.0    6  7.3 15.8      8795
 *** DISTANCE & RESIDUAL WEIGHTING CANCELLED FOR EVENT: 2021 12  4  2 33
 8796 2021-12- 4  2:33     - 55 22  161 53   4.76 0.63  0.0    4 18.9 44.6      8796
 8797 2021-12- 4  4:02     # 54 59  161 56  23.93 2.20  0.0    7 38.5 32.7      8797
 8798 2021-12- 4  4:09     - 55 20  160 51  31.70 0.15  0.0   11 12.6  1.5      8798
 8799 2021-12- 4  4:09     - 55 11  159 49   4.98 0.15  0.0    9 15.3 17.5      8799
 *** DISTANCE & RESIDUAL WEIGHTING CANCELLED FOR EVENT: 2021 12  4  4 32
 8800 2021-12- 4  4:32     - 55 17  161 37   5.84 0.29  0.0    4 26.0  2.6      8800
 8801 2021-12- 4  6:03       55 24  161 17  36.81 0.05  0.0    5  4.7  4.7      8801
 8802 2021-12- 4  7:03       55 19  161 43  18.44 0.10  0.0    7  3.1  1.2      8802
 8803 2021-12- 4  7:04     - 55 22  161 59   3.78 0.01  0.0    4  5.5 11.0      8803
 8804 2021-12- 4  7:09     - 55 25  161 26   7.31 0.14  0.0    5 11.4 12.6      8804
 8805 2021-12- 4  7:37     # 54 53  162  9   0.33 0.12  0.0    6  3.9  2.7      8805
 *** DISTANCE & RESIDUAL WEIGHTING CANCELLED FOR EVENT: 2021 12  4  7 37
  SEQ ---DATE--- TIME REMARK -LAT-  --LON-  DEPTH  RMS PMAG  NUM  ERH  ERZ  ID
 8806 2021-12- 4  7:37     - 54 50  162 10   5.01 0.51  0.0    4 31.1 44.2      8806
 8807 2021-12- 4  7:59     - 55 25  161 56  25.32 0.06  0.0    6  2.3 12.0      8807
 8808 2021-12- 4  9:08     - 55 24  161 54   1.26 0.19  0.0    4  1.7 18.4      8808
 8809 2021-12- 4  9:10     - 55 25  161 53   0.33 0.10  0.0    5  0.8 14.1      8809
 8810 2021-12- 4  9:21     - 55 36  161 35   5.95 0.10  0.0    4  6.1 13.5      8810
 8811 2021-12- 4  9:46     - 54 50  162 12   5.00 0.14  0.0    4 16.0 17.0      8811
 8812 2021-12- 4  9:47     - 54 48  162 15   3.67 0.13  0.0    4 14.2  6.9      8812
 *** DISTANCE & RESIDUAL WEIGHTING CANCELLED FOR EVENT: 2021 12  4 12  3
 8813 2021-12- 4 12:03     - 54 48  162  1   5.00 0.76  0.0    4 56.0 58.8      8813
 *** DISTANCE & RESIDUAL WEIGHTING CANCELLED FOR EVENT: 2021 12  4 14  0
 8814 2021-12- 4 14:00     - 54 44  160 55   4.99 0.45  0.0    4 31.2 35.6      8814
 *** DISTANCE & RESIDUAL WEIGHTING CANCELLED FOR EVENT: 2021 12  4 14  2
 8815 2021-12- 4 14:02     # 55 24  161 39  11.14 1.50  0.0    4 29.3 48.0      8815
 8816 2021-12- 4 14:06     - 55 18  161 49   9.59 0.14  0.0    4 12.0  6.3      8816
 8817 2021-12- 4 15:52       55 20  161 32  16.06 0.12  0.0    6  2.8  2.4      8817
 8818 2021-12- 4 15:57       55 27  161 52  11.96 0.18  0.0    5  2.1  5.2      8818
 8819 2021-12- 4 15:58     - 55 29  162  5   0.69 0.51  0.0    4 13.8 36.1      8819
 *** DISTANCE & RESIDUAL WEIGHTING CANCELLED FOR EVENT: 2021 12  4 17 29
 8820 2021-12- 4 17:28     # 55 19  161 30   9.92 0.43  0.0    4  5.4 22.6      8820
 *** DISTANCE & RESIDUAL WEIGHTING CANCELLED FOR EVENT: 2021 12  4 17 34
  SEQ ---DATE--- TIME REMARK -LAT-  --LON-  DEPTH  RMS PMAG  NUM  ERH  ERZ  ID
 8821 2021-12- 4 17:34     # 55 24  161 53   2.22 0.34  0.0    4  1.9 20.4      8821
 8822 2021-12- 4 17:39       55 32  161 46   8.43 0.14  0.0   16  0.6  1.3      8822
 8823 2021-12- 4 17:40       55 32  161 46   8.54 0.16  0.0   15  0.8  1.7      8823
 8824 2021-12- 4 19:15       55 25  161 53   5.41 0.04  0.0    5  0.9  1.3      8824
 8825 2021-12- 4 20:15     - 55 24  161 54   0.60 0.14  0.0    4  1.1 12.7      8825
 8826 2021-12- 4 20:16       55 16  161 46  23.76 0.00  0.0    4  4.2  1.6      8826
 8827 2021-12- 4 20:16     - 55 34  162 53   4.95 0.02  0.0    4  7.9 11.4      8827
 8828 2021-12- 4 20:22     - 54 51  162 44   4.13 0.11  0.0    4  6.6 14.3      8828
 *** DISTANCE & RESIDUAL WEIGHTING CANCELLED FOR EVENT: 2021 12  4 20 34
 8829 2021-12- 4 20:34     # 55 10  161 54   5.51 0.19  0.0    4  3.1  3.2      8829
 8830 2021-12- 4 22:24     # 55 14  161 45   4.85 0.06  0.0    4  3.1  2.6      8830
 8831 2021-12- 4 22:26       55 22  161 42  21.61 0.06  0.0    6  3.8  1.0      8831
 *** DISTANCE & RESIDUAL WEIGHTING CANCELLED FOR EVENT: 2021 12  4 22 27
 8832 2021-12- 4 22:26     - 54 51  162 47   5.00 1.65  0.0    4 99.0 90.0      8832
 8833 2021-12- 4 22:27     # 55 21  161 47   0.08 0.48  0.0    6  3.3 29.3      8833
 8834 2021-12- 4 22:28     - 55 25  161 53   1.10 0.11  0.0    5  0.7 12.2      8834
 *** DISTANCE & RESIDUAL WEIGHTING CANCELLED FOR EVENT: 2021 12  4 22 28
 8835 2021-12- 4 22:28     # 55 23  162  5   5.00 0.93  0.0    4 42.3 33.0      8835
 *** DISTANCE & RESIDUAL WEIGHTING CANCELLED FOR EVENT: 2021 12  4 22 46
  SEQ ---DATE--- TIME REMARK -LAT-  --LON-  DEPTH  RMS PMAG  NUM  ERH  ERZ  ID
 8836 2021-12- 4 22:45     # 54 46  162  6   5.00 0.67  0.0    4 12.4  8.1      8836
 8837 2021-12- 4 22:46       55 24  161 54  19.79 0.15  0.0    6  2.3  1.2      8837
 *** DISTANCE & RESIDUAL WEIGHTING CANCELLED FOR EVENT: 2021 12  4 23 38
 8838 2021-12- 4 23:38     - 55  5  161 47  11.03 0.30  0.0    4 20.7  6.1      8838
 8839 2021-12- 4 23:40     - 55 26  161 36   4.95 0.05  0.0    4  3.1 10.7      8839
 8840 2021-12- 4 23:44     - 55 28  161 37  14.09 0.05  0.0    4 12.7  1.9      8840
 8841 2021-12- 4 23:45       55 16  161 56  11.87 0.09  0.0    5  1.6  1.0      8841
 8842 2021-12- 4 23:53       55 28  161 51   9.80 0.09  0.0    5  1.1  3.2      8842
 *** DISTANCE & RESIDUAL WEIGHTING CANCELLED FOR EVENT: 2021 12  4 23 53
 8843 2021-12- 4 23:53     - 55 15  161 49   4.93 0.23  0.0    4 11.7 18.9      8843
 *** DISTANCE & RESIDUAL WEIGHTING CANCELLED FOR EVENT: 2021 12  4 23 56
 8844 2021-12- 4 23:56     - 55 19  161 22   5.41 0.37  0.0    5 13.5 29.6      8844
 8845 2021-12- 4 23:59     # 55  6  162 23  46.52 0.18  0.0    7  6.0 11.4      8845
 8846 2021-12- 4 23:59     - 55 19  162  9   6.80 0.13  0.0    7  1.0 16.7      8846
 8847 2021-12- 5  1:02       54 57  162 16   6.14 0.02  0.0    6  1.0  0.7      8847
 8848 2021-12- 5  1:03     - 54 57  162 16   7.13 0.01  0.0    4  7.5  8.4      8848
 8849 2021-12- 5  1:13     - 55  6  161 26  22.61 0.05  0.0    4 12.2  3.9      8849
 *** DISTANCE & RESIDUAL WEIGHTING CANCELLED FOR EVENT: 2021 12  5  2 48
 8850 2021-12- 5  2:48     - 55 44  162 42   5.00 0.36  0.0    4 27.4 28.7      8850
  SEQ ---DATE--- TIME REMARK -LAT-  --LON-  DEPTH  RMS PMAG  NUM  ERH  ERZ  ID
 8851 2021-12- 5  3:52     - 55 21  161 51   0.04 0.58  0.0    4 49.1  5.1      8851
 8852 2021-12- 5  3:59     - 54 38  161 17  36.16 0.14  0.0    7  2.3 13.9      8852
 8853 2021-12- 5  7:59     - 55 25  161 57   5.16 0.03  0.0    4  1.2 12.7      8853
 8854 2021-12- 5  9:16     - 54 30  161 19  36.03 0.15  0.0    9  2.8 16.3      8854
 8855 2021-12- 5 15:59     - 55 24  161 57  22.51 0.06  0.0    5  2.3 11.7      8855
 8856 2021-12- 5 17:33       55 22  161 49   0.84 0.00  0.0    4  1.2  2.5      8856
 *** DISTANCE & RESIDUAL WEIGHTING CANCELLED FOR EVENT: 2021 12  5 17 34
 8857 2021-12- 5 17:34     - 55 22  162  1  18.38 0.54  0.0    4 37.9 18.9      8857
 *** DISTANCE & RESIDUAL WEIGHTING CANCELLED FOR EVENT: 2021 12  5 17 36
 8858 2021-12- 5 17:36     # 55 34  161 46   5.07 0.97  0.0    5 30.1 17.1      8858
 *** DISTANCE & RESIDUAL WEIGHTING CANCELLED FOR EVENT: 2021 12  5 20 52
 8859 2021-12- 5 20:52     # 55 23  161 54   0.66 0.50  0.0    5  2.1 24.2      8859
 8860 2021-12- 6  0:04     - 55 23  161 55   0.00 0.33  0.0    5  1.9 22.0      8860
 8861 2021-12- 6  1:29     # 54 48  162  5   0.21 0.12  0.0    9  6.2  1.5      8861
 8862 2021-12- 6  1:30     - 54 38  162 22   5.02 0.35  0.0    4 26.9 28.2      8862
 *** DISTANCE & RESIDUAL WEIGHTING CANCELLED FOR EVENT: 2021 12  6  4  4
 8863 2021-12- 6  4:04     - 55 28  161 41  20.46 0.28  0.0    4 25.3  5.8      8863
 *** DISTANCE & RESIDUAL WEIGHTING CANCELLED FOR EVENT: 2021 12  6  4  9
 8864 2021-12- 6  4:08     - 54 39  163  2   5.00 0.81  0.0    4 66.9 62.5      8864
 8865 2021-12- 6  7:37     - 55 15  161 36   2.41 0.05  0.0    4  9.7 11.7      8865
  SEQ ---DATE--- TIME REMARK -LAT-  --LON-  DEPTH  RMS PMAG  NUM  ERH  ERZ  ID
 8866 2021-12- 6  8:16     - 55  2  160 37   5.01 0.24  0.0    7  9.5 21.2      8866
 *** DISTANCE & RESIDUAL WEIGHTING CANCELLED FOR EVENT: 2021 12  6  8 17
 8867 2021-12- 6  8:17     - 55 31  161 48   4.05 1.00  0.0    5 19.1 77.9      8867
 8868 2021-12- 6  8:21     - 55 22  161 50   0.32 0.05  0.0    4  2.5  9.5      8868
 *** DISTANCE & RESIDUAL WEIGHTING CANCELLED FOR EVENT: 2021 12  6  8 32
 8869 2021-12- 6  8:32     - 55 23  161 44   3.87 0.61  0.0    4 45.8 13.1      8869
 8870 2021-12- 6 11:46     - 54 47  160 48   5.00 0.09  0.0    5 13.2 13.5      8870
 8871 2021-12- 6 12:18     - 55 26  161 54   5.00 0.09  0.0    5  1.5 12.9      8871
 *** DISTANCE & RESIDUAL WEIGHTING CANCELLED FOR EVENT: 2021 12  6 12 24
 8872 2021-12- 6 12:24     - 55  4  161 53   5.00 0.44  0.0    4 35.5 36.2      8872
 8873 2021-12- 6 13:16     # 54 49  161 19   0.01 0.46  0.0   11 13.0  4.3      8873
 8874 2021-12- 6 13:16     - 54 40  161 22  25.34 0.22  0.0    9 17.6  2.9      8874
 8875 2021-12- 6 15:44     - 54 37  161 37   6.05 0.16  0.0   14  6.4 13.5      8875
 8876 2021-12- 6 15:59     - 55 25  161 56  25.20 0.07  0.0    4  3.7 11.9      8876
 8877 2021-12- 6 17:19       54 56  162 15   5.75 0.15  0.0    4  3.3  1.7      8877
 *** DISTANCE & RESIDUAL WEIGHTING CANCELLED FOR EVENT: 2021 12  6 17 20
 8878 2021-12- 6 17:20     # 54 56  162 18   4.66 0.83  0.0    5 13.5  5.9      8878
 8879 2021-12- 6 22:21     - 55 18  160 28  30.63 0.11  0.0   11  7.4 13.5      8879
 8880 2021-12- 6 23:59     - 55 24  161 60  21.58 0.09  0.0    6  2.8 10.9      8880
 *** DISTANCE & RESIDUAL WEIGHTING CANCELLED FOR EVENT: 2021 12  7  0  5
  SEQ ---DATE--- TIME REMARK -LAT-  --LON-  DEPTH  RMS PMAG  NUM  ERH  ERZ  ID
 8881 2021-12- 7  0:05     # 55 25  161 42  20.61 0.35  0.0    4  7.1 10.7      8881
 8882 2021-12- 7  1:34     - 55 25  162 49   6.68 0.23  0.0   13  1.5 22.4      8882
 8883 2021-12- 7  6:10       55 30  161 48  13.79 0.15  0.0    6  1.5  3.1      8883
 8884 2021-12- 7  7:59     - 55 25  161 58   5.07 0.08  0.0    5  1.3 11.9      8884
 8885 2021-12- 7  8:16     - 55 28  160 50   5.17 0.08  0.0    4  5.9 12.7      8885
 8886 2021-12- 7 10:38     - 54 59  162  7   5.03 0.02  0.0    4  1.4 12.5      8886
 8887 2021-12- 7 11:17     - 55 25  161 49   4.40 0.07  0.0    4  4.9 10.6      8887
 8888 2021-12- 7 11:17     - 55 17  161 54   1.35 1.33  0.0    5 41.1 78.5      8888
 8889 2021-12- 7 11:23     - 55 21  161 57   1.43 0.18  0.0    4  3.8 15.6      8889
 8890 2021-12- 7 11:30     - 55 14  161 29   9.61 0.14  0.0    5 15.0 13.4      8890
 8891 2021-12- 7 12:49     - 54 47  160 51   5.00 0.18  0.0   10 16.3 19.4      8891
 8892 2021-12- 7 12:50     - 54 37  160 43  25.44 0.18  0.0    7 15.8  3.3      8892
 8893 2021-12- 7 13:45     - 55 40  161 18   4.98 0.07  0.0    4  5.6 12.7      8893
 8894 2021-12- 7 13:47     - 55 12  161 23   8.29 0.07  0.0    4 12.4 11.7      8894
 8895 2021-12- 7 13:51     - 55 22  161 52   7.71 0.76  0.0    4 51.9 20.9      8895
  SEQ ---DATE--- TIME REMARK -LAT-  --LON-  DEPTH  RMS PMAG  NUM  ERH  ERZ  ID
 8896 2021-12- 7 15:59     - 55 25  161 57   5.06 0.07  0.0    4  1.4 13.2      8896
 *** DISTANCE & RESIDUAL WEIGHTING CANCELLED FOR EVENT: 2021 12  7 17  7
 8897 2021-12- 7 17:07     - 55 25  161 42   1.20 0.46  0.0    4 39.2 28.9      8897
 8898 2021-12- 7 17:12       55 20  161 52  18.56 0.15  0.0    6  2.4  1.2      8898
 8899 2021-12- 7 18:47     - 55 22  161 44   0.00 0.22  0.0    4 12.7 21.8      8899
 8900 2021-12- 7 18:53     - 55 24  161 43   9.90 0.04  0.0    6  7.8  6.7      8900
 8901 2021-12- 7 21:13       55 21  161 35  10.32 0.05  0.0    5  3.4  3.5      8901
 8902 2021-12- 7 21:19     - 55 23  161 42   0.05 0.25  0.0    4 13.8 24.0      8902
 8903 2021-12- 7 21:50       54 35  162 39  60.34 0.13  0.0    9  4.5  2.0      8903
 8904 2021-12- 7 22:53     - 55 24  163 31   3.45 0.34  0.0    4 16.7 27.9      8904
 8905 2021-12- 7 23:59     - 55 25  161 56  32.54 0.06  0.0    5  2.7 12.1      8905
 8906 2021-12- 8  2:53       55 10  162 15   0.39 0.96  0.0    5  9.4 32.9      8906
 8907 2021-12- 8  2:53     - 54 55  162 24   0.15 0.07  0.0    4 12.5 13.5      8907
 8908 2021-12- 8  7:21     - 55 15  163 28   1.22 0.73  0.0   10 26.4 54.2      8908
 8909 2021-12- 8  7:36     - 55 18  160 59   4.94 0.17  0.0    7  8.4 18.7      8909
 8910 2021-12- 8  7:37       55 18  160 57  12.34 0.04  0.0    5  7.6  1.6      8910
  SEQ ---DATE--- TIME REMARK -LAT-  --LON-  DEPTH  RMS PMAG  NUM  ERH  ERZ  ID
 8911 2021-12- 8  7:59     - 55 25  161 57   4.99 0.10  0.0    5  1.4 12.5      8911
 8912 2021-12- 8 15:59     - 54 43  160 44   5.00 0.18  0.0   17  7.4 15.8      8912
 8913 2021-12- 8 15:59     - 55 41  161 35   5.00 0.07  0.0    4 12.7 12.9      8913
 8914 2021-12- 8 21:24     - 54 41  161 10   4.49 0.13  0.0    5  7.1 14.9      8914
 8915 2021-12- 8 23:03     - 55  6  162 17  12.99 0.08  0.0    4  6.8  8.2      8915
 8916 2021-12- 8 23:59     - 55 18  162  6  63.74 0.13  0.0    8  4.1 14.3      8916
 8917 2021-12- 9  0:17       54 57  162 12   1.99 0.00  0.0    4  2.2  2.3      8917
 *** DISTANCE & RESIDUAL WEIGHTING CANCELLED FOR EVENT: 2021 12  9  2 13
 8918 2021-12- 9  2:12     - 54 48  162 56   4.95 0.84  0.0    4 70.7 64.3      8918
 8919 2021-12- 9  7:59     - 55 25  161 57  14.35 0.08  0.0    5  2.4 10.6      8919
 *** DISTANCE & RESIDUAL WEIGHTING CANCELLED FOR EVENT: 2021 12  9 14 15
 *** ABANDON EVENT WITH ONLY 3 READINGS:2021 12  9 14 15
 *** DISTANCE & RESIDUAL WEIGHTING CANCELLED FOR EVENT: 2021 12  9 15 50
 8921 2021-12- 9 15:50     - 55 12  161 41   2.60 0.34  0.0    4  8.9 25.8      8921
 8922 2021-12- 9 15:50     - 54 54  161 22  33.63 0.14  0.0    5  2.4 13.4      8922
 8923 2021-12- 9 23:59     # 55 24  161 55   6.55 0.11  0.0    4  1.5  6.3      8923
 8924 2021-12-10  6:58     - 54 21  160 55  12.62 0.15  0.0    8  8.0 15.6      8924
 8925 2021-12-10  6:58     - 55  2  161 32   1.44 0.07  0.0    4 12.4  2.4      8925
  SEQ ---DATE--- TIME REMARK -LAT-  --LON-  DEPTH  RMS PMAG  NUM  ERH  ERZ  ID
 8926 2021-12-10  7:59     - 55 25  161 56   5.85 0.06  0.0    4  1.5 12.6      8926
 8927 2021-12-10  8:37     - 54 41  161 19   5.09 0.19  0.0   17  6.6 13.8      8927
 8928 2021-12-10 15:59     - 55 25  161 57   5.05 0.08  0.0    5  1.3 11.9      8928
 8929 2021-12-10 17:51     - 54 28  162 28   4.79 0.75  0.0    5 63.9 58.1      8929
 8930 2021-12-10 18:09     - 54 57  162 15   0.26 0.08  0.0    5  1.6 14.0      8930
 8931 2021-12-10 20:39     - 54 40  161 56   3.95 0.17  0.0    6  8.1 16.4      8931
 *** DISTANCE & RESIDUAL WEIGHTING CANCELLED FOR EVENT: 2021 12 11 12  9
 8932 2021-12-11 12:09     # 54 59  162  6  15.01 3.39  0.0    4 61.0 69.4      8932
 *** DISTANCE & RESIDUAL WEIGHTING CANCELLED FOR EVENT: 2021 12 11 14 16
 8933 2021-12-11 14:16     # 54 50  161 39  38.55 0.87  0.0    4 27.5 34.5      8933
 *** DISTANCE & RESIDUAL WEIGHTING CANCELLED FOR EVENT: 2021 12 11 16  0
 8934 2021-12-11 15:59     - 55 37  161 28   5.00 0.33  0.0    4 12.8 27.4      8934
 8935 2021-12-11 20:04     - 55  1  162 13   2.15 0.03  0.0    4  5.4 12.3      8935
 8936 2021-12-11 23:59     - 55 26  161 54  12.79 0.07  0.0    6  1.6 10.4      8936
 *** DISTANCE & RESIDUAL WEIGHTING CANCELLED FOR EVENT: 2021 12 12  0 27
 8937 2021-12-12  0:27     # 55  2  162 11   5.00 0.39  0.0    4 17.5  4.2      8937
 8938 2021-12-12  5:25     - 54 60  162 28  29.59 0.03  0.0    5  6.8  8.5      8938
 8939 2021-12-12  5:25     - 54 58  162 27  22.72 0.01  0.0    5  7.1  7.0      8939
 8940 2021-12-12  7:59     - 55 26  161 55   5.62 0.12  0.0    4  1.8 13.3      8940
 *** DISTANCE & RESIDUAL WEIGHTING CANCELLED FOR EVENT: 2021 12 12  9 50
  SEQ ---DATE--- TIME REMARK -LAT-  --LON-  DEPTH  RMS PMAG  NUM  ERH  ERZ  ID
 8941 2021-12-12  9:50     - 55  8  161 57   4.66 0.14  0.0    4  6.2 14.6      8941
 *** DISTANCE & RESIDUAL WEIGHTING CANCELLED FOR EVENT: 2021 12 12  9 50
 8942 2021-12-12  9:50     - 55  8  161 53   8.11 0.20  0.0    4 14.7 11.7      8942
 8943 2021-12-12  9:55     - 55 15  160 59  33.05 0.14  0.0   10 13.5 16.9      8943
 *** DISTANCE & RESIDUAL WEIGHTING CANCELLED FOR EVENT: 2021 12 12  9 56
 8944 2021-12-12  9:56     # 55 14  161 56   4.97 0.72  0.0    4  3.1  5.3      8944
 8945 2021-12-12 12:41     - 54 59  162 18   0.30 0.04  0.0    6  2.1 12.4      8945
 8946 2021-12-12 15:59     - 55 24  161 55   4.98 0.11  0.0    5  1.6 12.3      8946
 8947 2021-12-12 16:50     - 55 26  162 44   7.20 0.17  0.0   13  1.6 18.3      8947
 8948 2021-12-12 17:54     - 55 12  163 22   5.08 0.18  0.0    5  7.8 17.6      8948
 8949 2021-12-12 18:25     - 54 50  161 50   5.03 0.20  0.0    7  7.0 20.6      8949
 8950 2021-12-12 18:25     - 54 23  161 20   6.25 0.29  0.0    9 18.3 12.4      8950
 8951 2021-12-12 23:14     - 54 59  162 21   4.87 0.02  0.0    4 11.4  5.1      8951
 *** DISTANCE & RESIDUAL WEIGHTING CANCELLED FOR EVENT: 2021 12 13  0  0
 8952 2021-12-12 23:59     - 55 16  163 12   5.01 0.16  0.0    4 17.1 18.2      8952
 8953 2021-12-13  5:58       55 18  161 52   9.16 0.11  0.0    5  2.4  2.2      8953
 8954 2021-12-13  7:59     - 55 25  161 56  25.01 0.06  0.0    6  3.1 11.8      8954
 *** DISTANCE & RESIDUAL WEIGHTING CANCELLED FOR EVENT: 2021 12 13  8  3
 8955 2021-12-13  8:03     # 55 19  162 10   5.00 2.10  0.0    5 22.3 11.4      8955
  SEQ ---DATE--- TIME REMARK -LAT-  --LON-  DEPTH  RMS PMAG  NUM  ERH  ERZ  ID
 8956 2021-12-13 13:50     - 55 18  161  8   3.89 0.33  0.0    8 12.5 26.4      8956
 8957 2021-12-13 14:42     - 54 49  161 12  22.23 0.18  0.0   10 12.4  9.4      8957
 8958 2021-12-13 14:42     - 54 38  160 59  43.87 0.96  0.0   10 69.7 39.9      8958
 8959 2021-12-13 15:59     - 55 25  161 57   4.99 0.12  0.0    5  1.5 13.4      8959
 8960 2021-12-13 19:32       54 60  162 17   0.83 0.02  0.0    7  1.3  8.5      8960
 *** DISTANCE & RESIDUAL WEIGHTING CANCELLED FOR EVENT: 2021 12 13 19 33
 8961 2021-12-13 19:33     - 55 13  162 23   4.96 0.11  0.0    4 10.4 10.8      8961
 8962 2021-12-13 23:59     - 55 25  161 57   4.99 0.07  0.0    4  1.2 13.1      8962
 8963 2021-12-14  0:02       55 13  161 41   9.62 0.51  0.0    8  6.6 11.4      8963
 *** DISTANCE & RESIDUAL WEIGHTING CANCELLED FOR EVENT: 2021 12 14  0  3
 8964 2021-12-14  0:03     - 55 10  161 55   4.66 0.26  0.0    4  8.1 18.2      8964
 8965 2021-12-14  1:23       55 11  161 29  22.76 0.21  0.0    8  9.6  5.3      8965
 8966 2021-12-14  1:23     - 55 16  161 12  47.26 0.07  0.0    6  9.4  6.1      8966
 8967 2021-12-14  3:23     - 55 22  161 49   0.00 0.21  0.0    4  1.8 17.3      8967
 8968 2021-12-14  4:37     - 55 16  161  7  35.06 0.12  0.0    7 11.5  4.9      8968
 8969 2021-12-14  4:38       55 11  161 55   9.46 0.00  0.0    4  1.3  2.7      8969
 8970 2021-12-14  5:51     - 54 45  162 39   6.71 0.25  0.0    5  8.4 24.6      8970
  SEQ ---DATE--- TIME REMARK -LAT-  --LON-  DEPTH  RMS PMAG  NUM  ERH  ERZ  ID
 8971 2021-12-14  7:19     - 55 25  161 53   0.47 0.12  0.0    5  0.7 15.0      8971
 8972 2021-12-14 10:44       55 17  161 33  21.61 0.01  0.0    4  2.6  3.1      8972
 8973 2021-12-14 12:50       55 19  161 30  12.60 0.11  0.0    5  3.3  4.8      8973
 8974 2021-12-14 12:53       55 20  161 33  15.90 0.14  0.0    6  3.5  3.0      8974
 8975 2021-12-14 13:00     - 55 25  161 38   2.50 0.42  0.0    4 35.8 29.9      8975
 *** DISTANCE & RESIDUAL WEIGHTING CANCELLED FOR EVENT: 2021 12 14 13 17
 8976 2021-12-14 13:17     - 55  9  161 55   4.77 0.10  0.0    4  6.4 12.2      8976
 8977 2021-12-14 15:59     - 55 24  161 57  18.86 0.07  0.0    5  2.3 11.0      8977
 8978 2021-12-14 18:31     - 54 59  160 38   7.02 0.23  0.0   13  1.5 22.7      8978
 8979 2021-12-14 19:06       54 51  160 48  42.74 0.17  0.0   10 10.9  8.1      8979
 *** DISTANCE & RESIDUAL WEIGHTING CANCELLED FOR EVENT: 2021 12 14 19  7
 8980 2021-12-14 19:06     - 54 45  161 17   5.08 2.00  0.0    5 98.4 98.4      8980
 8981 2021-12-14 20:57       55  7  161 35  27.59 0.34  0.0    5 20.5 12.2      8981
 8982 2021-12-14 20:57     - 54 44  161  9   5.05 0.10  0.0    4 13.4 14.8      8982
 8983 2021-12-14 23:26     - 55 21  160 43  41.20 0.13  0.0   10 13.4  6.9      8983
 8984 2021-12-14 23:26     - 55 53  162  1   5.00 0.22  0.0    5 17.8 22.2      8984
 8985 2021-12-14 23:59       55 22  161 42  18.23 0.03  0.0    6  3.4  1.2      8985
  SEQ ---DATE--- TIME REMARK -LAT-  --LON-  DEPTH  RMS PMAG  NUM  ERH  ERZ  ID
 8986 2021-12-14 23:59     - 55 25  161 57   4.99 0.08  0.0    4  1.4 13.4      8986
 8987 2021-12-15  0:05     - 55 10  161 58   7.94 0.16  0.0    5  3.2 13.7      8987
 8988 2021-12-15  0:56     - 56  0  162 37   4.72 0.04  0.0    4  5.8 11.8      8988
 *** DISTANCE & RESIDUAL WEIGHTING CANCELLED FOR EVENT: 2021 12 15  4  2
 8989 2021-12-15  4:02     - 55 33  161 22   5.00 0.63  0.0    4 22.5 49.0      8989
 *** DISTANCE & RESIDUAL WEIGHTING CANCELLED FOR EVENT: 2021 12 15  4  2
 8990 2021-12-15  4:02     - 55  0  162 40   5.15 0.38  0.0    4 23.7 16.1      8990
 8991 2021-12-15  7:59     - 55 25  161 57   5.02 0.07  0.0    4  1.2 12.9      8991
 8992 2021-12-15 15:34       55 38  161 32   4.98 0.17  0.0   12  1.0  0.6      8992
 *** DISTANCE & RESIDUAL WEIGHTING CANCELLED FOR EVENT: 2021 12 15 20  1
 8993 2021-12-15 20:01     - 55 46  162 12   5.00 0.56  0.0    4 20.4 43.7      8993
 8994 2021-12-15 23:10     - 54 45  161  1   4.89 0.21  0.0   13  8.6 18.4      8994
 8995 2021-12-15 23:59     - 55 25  161 56  25.88 0.06  0.0    6  2.9 11.7      8995
 8996 2021-12-16  4:06     - 55 47  161  7   5.07 0.07  0.0    4 13.1 11.9      8996
 *** DISTANCE & RESIDUAL WEIGHTING CANCELLED FOR EVENT: 2021 12 16  5 21
 8997 2021-12-16  5:20     - 55 29  162 16   5.00 0.88  0.0    4 32.8 66.6      8997
 8998 2021-12-16  7:53     # 55  7  162 29  71.84 0.47  0.0    6 15.6  8.3      8998
 8999 2021-12-16  7:59     - 55 25  161 57  22.81 0.05  0.0    5  2.6 12.4      8999
 *** DISTANCE & RESIDUAL WEIGHTING CANCELLED FOR EVENT: 2021 12 16 10 39
 9000 2021-12-16 10:39     - 55 11  162  3  15.87 0.17  0.0    4 17.9  5.3      9000
  SEQ ---DATE--- TIME REMARK -LAT-  --LON-  DEPTH  RMS PMAG  NUM  ERH  ERZ  ID
 9001 2021-12-16 10:49       54 50  161 17  78.58 0.08  0.0   10  3.9  3.0      9001
 9002 2021-12-16 11:38     - 54 53  160 31   4.82 0.28  0.0   16 10.3 22.1      9002
 9003 2021-12-16 13:48     - 54 43  163  8   4.85 0.21  0.0    5  8.9 19.4      9003
 9004 2021-12-16 14:38     # 55 10  162 14   0.58 1.00  0.0    5  8.1 36.1      9004
 9005 2021-12-16 14:38     - 54 49  162 40   5.05 0.05  0.0    4 11.5 12.8      9005
 9006 2021-12-16 15:59     - 55 25  161 56  28.11 0.06  0.0    6  2.5 12.3      9006
 9007 2021-12-16 17:00     - 54 26  163 10   5.02 0.20  0.0    7  8.7 19.1      9007
 9008 2021-12-16 17:25     - 54 30  163 17   5.81 0.11  0.0    6  6.4 14.0      9008
 9009 2021-12-16 21:14     - 54 32  161 43   3.97 0.26  0.0    7  9.9 21.4      9009
 9010 2021-12-16 23:59     - 55 25  161 56  30.00 0.06  0.0    6  3.1 12.3      9010
 9011 2021-12-17  1:38     - 54 52  160 22   3.07 0.23  0.0    8 15.1 15.9      9011
 9012 2021-12-17  1:52     - 55 59  162 47   4.57 0.07  0.0    4  5.6 12.4      9012
 *** DISTANCE & RESIDUAL WEIGHTING CANCELLED FOR EVENT: 2021 12 17  3  1
 9013 2021-12-17  3:00     - 55 57  162 12   5.00 0.80  0.0    5 27.9 61.3      9013
 9014 2021-12-17  7:59     - 55 22  161 52  19.27 0.10  0.0    5  2.5 11.6      9014
 9015 2021-12-17  8:25       54 54  162 10   0.23 0.11  0.0    6  3.2  9.7      9015
 *** DISTANCE & RESIDUAL WEIGHTING CANCELLED FOR EVENT: 2021 12 17  8 26
  SEQ ---DATE--- TIME REMARK -LAT-  --LON-  DEPTH  RMS PMAG  NUM  ERH  ERZ  ID
 9016 2021-12-17  8:25     - 54 40  162 16   5.03 0.42  0.0    6 29.8 36.7      9016
 *** DISTANCE & RESIDUAL WEIGHTING CANCELLED FOR EVENT: 2021 12 17  8 48
 9017 2021-12-17  8:48     - 55 38  162  7   4.90 1.11  0.0    4 92.5 82.2      9017
 9018 2021-12-17  8:48     - 55  9  162 18  17.93 0.14  0.0    4  6.6 10.6      9018
 9019 2021-12-17  9:45     - 54 57  162 25   0.02 0.39  0.0    4 33.7 16.8      9019
 9020 2021-12-17 10:33     - 54 55  163  3   5.00 0.08  0.0   10 10.7 14.1      9020
 9021 2021-12-17 10:34       55  1  162 27   7.37 0.01  0.0    5  2.9  2.4      9021
 9022 2021-12-17 11:45     - 54 58  162 26  24.53 0.02  0.0    5  7.6  8.6      9022
 9023 2021-12-17 11:45     - 54 40  161  2  13.85 0.11  0.0    4 11.9 15.6      9023
 9024 2021-12-17 14:53     - 54 40  162 22  64.16 0.05  0.0    5 13.2  2.7      9024
 9025 2021-12-17 15:56     - 55 54  161 39   5.50 0.16  0.0   16  6.5 13.1      9025
 9026 2021-12-17 15:59     - 55 23  162  3  21.66 0.12  0.0    4  5.3 14.5      9026
 9027 2021-12-17 23:59     - 55 25  161 57   5.15 0.06  0.0    5  1.1 11.9      9027
 9028 2021-12-18  2:31     - 54 59  161 40   6.58 0.19  0.0    5  1.9 20.0      9028
 9029 2021-12-18  4:05     - 54 44  161 12  33.55 0.20  0.0    7 16.4 20.5      9029
 9030 2021-12-18  4:05     - 54 53  161 31  21.57 0.08  0.0    5 11.8  2.3      9030
  SEQ ---DATE--- TIME REMARK -LAT-  --LON-  DEPTH  RMS PMAG  NUM  ERH  ERZ  ID
 9031 2021-12-18  7:59     - 55 27  161 52   4.98 0.11  0.0    4  2.6 13.8      9031
 9032 2021-12-18 11:00     - 54 33  162 26   4.85 0.10  0.0    4 13.8 13.7      9032
 9033 2021-12-18 15:59     - 55 20  162  8   7.81 0.09  0.0    5  0.9 14.1      9033
 9034 2021-12-18 17:02     - 54 29  163 15   5.45 0.18  0.0    7  8.1 17.8      9034
 9035 2021-12-18 17:42     - 54 29  161 58   4.53 0.52  0.0   10 17.4 40.2      9035
 9036 2021-12-18 17:42       55  3  162  9   3.08 0.09  0.0    7  6.4  1.0      9036
 *** DISTANCE & RESIDUAL WEIGHTING CANCELLED FOR EVENT: 2021 12 18 19 26
 9037 2021-12-18 19:26     # 55  0  162 35  14.62 1.69  0.0    5 19.9 43.6      9037
 *** DISTANCE & RESIDUAL WEIGHTING CANCELLED FOR EVENT: 2021 12 18 21 39
 9038 2021-12-18 21:39     - 54 30  162 27   4.00 0.60  0.0    4 51.3 46.6      9038
 *** DISTANCE & RESIDUAL WEIGHTING CANCELLED FOR EVENT: 2021 12 18 22  6
 9039 2021-12-18 22:06     - 55 51  160 55   5.00 0.53  0.0    6 19.1 41.5      9039
 9040 2021-12-18 23:59     - 55 24  161 59  13.15 0.09  0.0    5  2.3 11.6      9040
 9041 2021-12-19  0:07     - 55 36  161 59   5.00 0.08  0.0    4 13.9  2.5      9041
 9042 2021-12-19  3:28     - 54 50  160 31  13.00 0.10  0.0   11  6.6 13.2      9042
 9043 2021-12-19  7:59     - 55 22  161 49  22.61 0.10  0.0    6  3.7 11.7      9043
 9044 2021-12-19  8:39     - 54 38  161 15   4.41 0.21  0.0   13  8.7 18.5      9044
 9045 2021-12-19 15:59     - 55 24  162  3  16.05 0.04  0.0    5  3.3 11.4      9045
  SEQ ---DATE--- TIME REMARK -LAT-  --LON-  DEPTH  RMS PMAG  NUM  ERH  ERZ  ID
 9046 2021-12-19 18:09       55 12  161 51   5.07 0.01  0.0    4  0.5  0.7      9046
 9047 2021-12-19 18:26     - 55 18  160 42   1.44 0.60  0.0   11 19.1 40.9      9047
 9048 2021-12-19 23:18     - 55  9  160 47   6.06 0.22  0.0    9  8.8 19.4      9048
 *** DISTANCE & RESIDUAL WEIGHTING CANCELLED FOR EVENT: 2021 12 19 23 19
 9049 2021-12-19 23:18     # 55 22  162  1  22.40 2.24  0.0    6 21.1 34.6      9049
 9050 2021-12-19 23:19     - 55 11  160 53   4.99 0.12  0.0    5  6.6 14.4      9050
 9051 2021-12-19 23:59     - 55 25  161 57  19.57 0.07  0.0    6  2.0 10.9      9051
 9052 2021-12-20  7:59     - 55 25  161 55  28.00 0.07  0.0    5  3.0 12.7      9052
 9053 2021-12-20  8:45     - 54 56  161  2  29.61 0.22  0.0    9 19.2  2.8      9053
 9054 2021-12-20  8:45     - 54 52  160 45   5.03 0.05  0.0    4 11.7 12.7      9054
 9055 2021-12-20  9:46     - 54 42  160 43   6.51 0.05  0.0    4  3.5 13.2      9055
 9056 2021-12-20  9:47       55 10  161 54   1.88 0.01  0.0    4  1.3  4.3      9056
 9057 2021-12-20 15:59     - 55 24  161 56  45.59 0.04  0.0    7  2.9  9.2      9057
 9058 2021-12-20 23:59     - 55 25  161 55  27.38 0.07  0.0    6  3.0 11.5      9058
 9059 2021-12-21  2:28     - 54 58  162 19   5.01 0.04  0.0    4 10.9  6.7      9059
 9060 2021-12-21  4:05     - 54 60  161 12  37.38 0.24  0.0    5 21.2 11.3      9060
 *** DISTANCE & RESIDUAL WEIGHTING CANCELLED FOR EVENT: 2021 12 21  4  5
  SEQ ---DATE--- TIME REMARK -LAT-  --LON-  DEPTH  RMS PMAG  NUM  ERH  ERZ  ID
 9061 2021-12-21  4:05     - 55  2  161 41   5.86 0.41  0.0    4 28.3  4.5      9061
 9062 2021-12-21  5:01     - 55  1  161 45  14.55 0.13  0.0    5 14.4  4.7      9062
 9063 2021-12-21  5:02     - 55  2  161 46   8.62 0.12  0.0    4 11.8  2.6      9063
 9064 2021-12-21  5:50     - 54 59  162 20   4.81 0.05  0.0    5  9.7  5.5      9064
 *** DISTANCE & RESIDUAL WEIGHTING CANCELLED FOR EVENT: 2021 12 21  5 50
 9065 2021-12-21  5:50     # 54 59  162 22   5.23 0.66  0.0    5  8.5  2.9      9065
 9066 2021-12-21  6:35     - 55 43  162  0   5.00 0.01  0.0    4  5.3 11.3      9066
 9067 2021-12-21  6:43     - 55 25  161 53   0.39 0.17  0.0    6  0.9 15.2      9067
 9068 2021-12-21  6:44     - 55 27  162  3   0.02 0.46  0.0    4 28.4 27.3      9068
 9069 2021-12-21  6:47       55 24  161 55   7.14 0.01  0.0    4  1.2  3.4      9069
 9070 2021-12-21  6:48     - 55 26  161 52   0.98 0.05  0.0    5  1.5 12.5      9070
 9071 2021-12-21  7:59     - 55 25  161 56  25.56 0.06  0.0    6  3.1 11.9      9071
 9072 2021-12-21  8:29     - 55 21  161 49   0.01 0.30  0.0    4 13.7 23.2      9072
 9073 2021-12-21  8:30     - 55 25  161 33   2.46 0.01  0.0    4  2.2 11.0      9073
 9074 2021-12-21  8:33       55 25  161 36   7.21 0.00  0.0    4  2.6  2.8      9074
 9075 2021-12-21  8:34     - 55 16  162  8   0.94 0.15  0.0    4  2.4 16.5      9075
  SEQ ---DATE--- TIME REMARK -LAT-  --LON-  DEPTH  RMS PMAG  NUM  ERH  ERZ  ID
 9076 2021-12-21  8:34     - 55 28  161 35   2.22 0.15  0.0    4  3.5 14.5      9076
 9077 2021-12-21  8:34       55 15  161 45  16.74 0.00  0.0    4  3.1  1.6      9077
 9078 2021-12-21  8:34       55 35  161 52   2.86 0.00  0.0    4  2.2  3.9      9078
 9079 2021-12-21  8:37     - 55 12  161 34   7.29 0.02  0.0    4  1.8 12.2      9079
 9080 2021-12-21  8:40       55 22  161 47   3.15 0.17  0.0    5  2.5  1.7      9080
 *** DISTANCE & RESIDUAL WEIGHTING CANCELLED FOR EVENT: 2021 12 21  9 37
 9081 2021-12-21  9:37     - 55 37  161 52   2.51 0.68  0.0    4 41.9 49.4      9081
 *** DISTANCE & RESIDUAL WEIGHTING CANCELLED FOR EVENT: 2021 12 21  9 39
 9082 2021-12-21  9:39     - 55 25  161 52   4.90 0.47  0.0    4  8.5 32.9      9082
 9083 2021-12-21  9:43     - 55 17  161 37   4.26 0.08  0.0    5  3.9 13.6      9083
 9084 2021-12-21  9:46     # 55 22  161 50   0.0410.72  0.0    5 30.8 99.0      9084
 *** DISTANCE & RESIDUAL WEIGHTING CANCELLED FOR EVENT: 2021 12 21  9 47
 9085 2021-12-21  9:47     - 55 28  161 55   6.55 0.53  0.0    4  8.8 42.0      9085
 9086 2021-12-21  9:54       55 15  161 27  13.84 0.00  0.0    4  3.2  6.1      9086
 9087 2021-12-21 10:48     - 55 27  161 37   2.00 0.08  0.0    4  1.4 11.1      9087
 9088 2021-12-21 10:50       55 30  161 52   4.01 0.00  0.0    4  2.5  1.4      9088
 9089 2021-12-21 10:55     - 55 28  161 50   3.55 0.06  0.0    4  4.6 11.5      9089
 9090 2021-12-21 10:55       55 20  161 44  18.71 0.00  0.0    4  3.5  1.9      9090
  SEQ ---DATE--- TIME REMARK -LAT-  --LON-  DEPTH  RMS PMAG  NUM  ERH  ERZ  ID
 9091 2021-12-21 11:03     - 55 19  162 10   0.44 0.12  0.0    5  9.0 13.2      9091
 9092 2021-12-21 11:40     - 54 38  161 30   5.03 0.45  0.0   12 13.9 30.0      9092
 9093 2021-12-21 12:03     - 55 24  161 51   0.33 0.01  0.0    4  0.8 10.3      9093
 *** DISTANCE & RESIDUAL WEIGHTING CANCELLED FOR EVENT: 2021 12 21 12  6
 9094 2021-12-21 12:06     - 55  7  162 18   4.98 0.19  0.0    4  8.6 18.4      9094
 9095 2021-12-21 12:07     - 55 21  162 26   5.79 0.09  0.0    4 13.5 14.5      9095
 9096 2021-12-21 13:14       55 30  161 49  12.88 0.12  0.0    6  2.0  2.6      9096
 9097 2021-12-21 13:17     - 55 24  161 53   1.11 0.09  0.0    4  0.7 11.1      9097
 *** DISTANCE & RESIDUAL WEIGHTING CANCELLED FOR EVENT: 2021 12 21 13 22
 9098 2021-12-21 13:22     - 55 24  161 53   2.46 0.36  0.0    4  3.1 27.5      9098
 9099 2021-12-21 13:23       55 29  161 43   6.30 0.00  0.0    4  3.0  0.7      9099
 9100 2021-12-21 13:25     # 55 22  161 50   0.0417.02  0.0    5 62.4 99.0      9100
 9101 2021-12-21 13:29     - 55 12  161 48  13.51 0.03  0.0    4  8.3  9.1      9101
 9102 2021-12-21 13:28     - 54 50  160 49  24.78 0.18  0.0   10 15.7  4.0      9102
 *** DISTANCE & RESIDUAL WEIGHTING CANCELLED FOR EVENT: 2021 12 21 14 27
 9103 2021-12-21 14:26     - 54 52  161 27   5.00 1.16  0.0    5 83.9 88.2      9103
 9104 2021-12-21 14:32       55 22  161 48  19.83 0.11  0.0    8  1.9  0.8      9104
 9105 2021-12-21 14:33     - 55 51  160 53   4.84 0.13  0.0    4  8.0 15.0      9105
  SEQ ---DATE--- TIME REMARK -LAT-  --LON-  DEPTH  RMS PMAG  NUM  ERH  ERZ  ID
 9106 2021-12-21 14:38     - 55 21  161 48  18.89 0.04  0.0    4  9.4  7.0      9106
 9107 2021-12-21 15:59     - 55 24  161 58  19.92 0.08  0.0    6  2.2 11.5      9107
 *** DISTANCE & RESIDUAL WEIGHTING CANCELLED FOR EVENT: 2021 12 21 17  0
 9108 2021-12-21 17:00     # 54 60  162 37  14.07 1.40  0.0    5 21.6 37.3      9108
 9109 2021-12-21 17:13       55 21  161 47   1.58 0.06  0.0    5  4.1  4.8      9109
 9110 2021-12-21 17:14     - 55 20  161 46   0.0110.50  0.0    4 98.7 98.7      9110
 *** DISTANCE & RESIDUAL WEIGHTING CANCELLED FOR EVENT: 2021 12 21 17 24
 9111 2021-12-21 17:24     - 55 25  161 53   0.64 0.23  0.0    5  1.4 16.2      9111
 9112 2021-12-21 17:25       55 17  161 27  20.04 0.07  0.0    5  3.6  5.2      9112
 9113 2021-12-21 17:29     - 55 25  161 27   8.10 0.06  0.0    6  2.1 10.0      9113
 9114 2021-12-21 17:30       55 20  161 42   4.12 0.00  0.0    4  2.2  1.7      9114
 9115 2021-12-21 17:36     # 54 51  161 42  85.36 0.15  0.0   13  4.3  2.1      9115
 *** DISTANCE & RESIDUAL WEIGHTING CANCELLED FOR EVENT: 2021 12 21 17 45
 9116 2021-12-21 17:45     - 54 49  162  3   5.20 0.31  0.0    4 12.4 25.9      9116
 9117 2021-12-21 18:37     - 55 34  162 19   3.95 0.02  0.0    4  6.2 10.8      9117
 9118 2021-12-21 19:04     - 54 30  161 19   4.56 0.08  0.0    6  5.8 12.6      9118
 9119 2021-12-21 19:57       55 12  161 41   4.06 0.03  0.0    5  2.2  1.3      9119
 9120 2021-12-21 20:51     # 55 26  161 53   1.80 0.24  0.0    6  1.4 10.6      9120
  SEQ ---DATE--- TIME REMARK -LAT-  --LON-  DEPTH  RMS PMAG  NUM  ERH  ERZ  ID
 9121 2021-12-21 20:56     # 54 60  162 18   1.38 0.04  0.0    7  1.0  3.7      9121
 9122 2021-12-21 20:56     - 54 60  162 19   1.12 0.06  0.0    6  2.5  9.4      9122
 *** DISTANCE & RESIDUAL WEIGHTING CANCELLED FOR EVENT: 2021 12 21 20 59
 9123 2021-12-21 20:59     - 55 26  161 53   0.52 0.48  0.0    5  2.3 38.7      9123
 9124 2021-12-21 22:35     - 55 12  162  3   0.23 0.24  0.0    4 23.4 20.6      9124
 9125 2021-12-21 22:35     # 55 22  161 57   0.02 0.81  0.0    4  6.1 42.3      9125
 *** DISTANCE & RESIDUAL WEIGHTING CANCELLED FOR EVENT: 2021 12 21 22 39
 9126 2021-12-21 22:39     - 55 23  161 52   5.32 0.30  0.0    4  5.7 20.7      9126
 9127 2021-12-21 22:41     - 55  9  160 57   6.39 0.14  0.0    4  7.1 15.5      9127
 *** DISTANCE & RESIDUAL WEIGHTING CANCELLED FOR EVENT: 2021 12 21 22 42
 9128 2021-12-21 22:42     - 55 20  161 39   4.24 0.44  0.0    4 14.8 32.0      9128
 9129 2021-12-21 22:43     - 55 35  160 44  34.86 0.23  0.0   10  4.6 18.6      9129
 9130 2021-12-21 22:44     - 55 33  161 57   3.97 0.10  0.0    4  2.1 14.8      9130
 *** DISTANCE & RESIDUAL WEIGHTING CANCELLED FOR EVENT: 2021 12 21 22 52
 9131 2021-12-21 22:52     - 55  9  162 13  21.76 0.38  0.0    4 33.9  7.5      9131
 9132 2021-12-21 23:32       55 24  161 55   5.21 0.00  0.0    4  0.8  1.1      9132
 *** DISTANCE & RESIDUAL WEIGHTING CANCELLED FOR EVENT: 2021 12 21 23 35
 9133 2021-12-21 23:35     - 55 14  161 44   5.29 0.44  0.0    4 26.1 34.1      9133
 9134 2021-12-21 23:41     - 55 21  161 55   1.24 0.73  0.0    5  7.6 47.8      9134
 9135 2021-12-21 23:59     - 55 25  161 56  23.10 0.07  0.0    6  2.5 12.0      9135
  SEQ ---DATE--- TIME REMARK -LAT-  --LON-  DEPTH  RMS PMAG  NUM  ERH  ERZ  ID
 9136 2021-12-22  1:02       55 19  161 31   5.51 0.00  0.0    4  2.6  2.8      9136
 9137 2021-12-22  1:04       55 17  161 32   4.01 0.28  0.0    8  2.2  4.6      9137
 *** DISTANCE & RESIDUAL WEIGHTING CANCELLED FOR EVENT: 2021 12 22  1  5
 9138 2021-12-22  1:05     - 55 39  162  5   2.50 1.53  0.0    5 18.7 97.2      9138
 9139 2021-12-22  1:14       55 18  161  8  61.37 0.08  0.0    5  5.8  5.8      9139
 9140 2021-12-22  1:16       55 21  161 48   2.92 0.12  0.0    5  2.0  1.4      9140
 *** DISTANCE & RESIDUAL WEIGHTING CANCELLED FOR EVENT: 2021 12 22  1 16
 9141 2021-12-22  1:16     - 55 20  161 44   2.01 0.58  0.0    5 13.8 41.1      9141
 9142 2021-12-22  1:50     - 54 45  160 45  23.97 0.22  0.0   11 18.9  5.0      9142
 9143 2021-12-22  1:50     - 54 44  160 36  19.08 0.18  0.0   10 14.0  4.0      9143
 9144 2021-12-22  2:11     - 55  5  160 60  31.82 0.23  0.0    9 17.6  1.6      9144
 9145 2021-12-22  2:11     - 54 54  159 45   4.96 0.22  0.0    4 17.7 18.5      9145
 *** DISTANCE & RESIDUAL WEIGHTING CANCELLED FOR EVENT: 2021 12 22  6 25
 9146 2021-12-22  6:25     - 55 13  162 26   5.02 0.60  0.0    4 48.6 51.2      9146
 9147 2021-12-22  6:29     - 55 15  163 18   6.53 0.30  0.0    6  2.7 28.3      9147
 9148 2021-12-22  6:29     - 54 28  161 15   4.94 0.15  0.0    7  7.4 16.1      9148
 *** DISTANCE & RESIDUAL WEIGHTING CANCELLED FOR EVENT: 2021 12 22  6 36
 9149 2021-12-22  6:36     - 55  8  161 42   8.14 0.95  0.0    4 26.6 79.0      9149
 9150 2021-12-22  6:38     - 55 12  161 26   5.13 0.09  0.0    5  6.3 12.7      9150
  SEQ ---DATE--- TIME REMARK -LAT-  --LON-  DEPTH  RMS PMAG  NUM  ERH  ERZ  ID
 9151 2021-12-22  7:59     - 55 26  161 55  15.05 0.06  0.0    5  2.8 11.6      9151
 9152 2021-12-22  8:12       55 15  161 57   8.81 0.01  0.0    4  6.7  1.6      9152
 *** DISTANCE & RESIDUAL WEIGHTING CANCELLED FOR EVENT: 2021 12 22  8 48
 9153 2021-12-22  8:48     - 55 42  162 14   5.00 1.50  0.0    4 41.2 90.0      9153
 9154 2021-12-22 10:30     - 55 18  162  2   1.32 1.47  0.0    5 29.0 98.6      9154
 9155 2021-12-22 15:59     - 55 25  161 55  27.42 0.07  0.0    6  2.2 12.2      9155
 9156 2021-12-22 18:31     - 54 51  161 11  33.35 0.18  0.0    8 14.0 16.6      9156
 9157 2021-12-22 18:31     - 54 43  161  5  30.91 0.19  0.0    7 15.5  2.1      9157
 9158 2021-12-22 19:12     - 55 23  163 14   4.71 0.03  0.0    4  5.4 11.5      9158
 9159 2021-12-28 23:59     - 55 27  161 51   5.00 0.07  0.0    4  2.0 10.6      9159
 *** DISTANCE & RESIDUAL WEIGHTING CANCELLED FOR EVENT: 2021 12 29  3 24
 9160 2021-12-29  3:24     # 55  1  162 37  10.85 1.61  0.0    4 33.9 59.3      9160
 *** DISTANCE & RESIDUAL WEIGHTING CANCELLED FOR EVENT: 2021 12 29  4  1
 9161 2021-12-29  4:01     # 55  8  162 24   7.73 0.58  0.0    6  9.7  5.7      9161
 *** DISTANCE & RESIDUAL WEIGHTING CANCELLED FOR EVENT: 2021 12 29  4 26
 9162 2021-12-29  4:26     - 55 25  161 57  28.42 0.14  0.0    4 16.9  2.9      9162
 9163 2021-12-29  4:47     - 55  8  163 17   3.13 0.00  0.0    4  5.4 11.3      9163
 *** DISTANCE & RESIDUAL WEIGHTING CANCELLED FOR EVENT: 2021 12 29  6 18
 9164 2021-12-29  6:18     - 54 51  163  1   5.00 0.75  0.0    5 26.6 57.2      9164
 9165 2021-12-29  7:59     - 55 19  161 52  49.97 0.13  0.0    6  5.9 12.5      9165
  SEQ ---DATE--- TIME REMARK -LAT-  --LON-  DEPTH  RMS PMAG  NUM  ERH  ERZ  ID
 9166 2021-12-29 15:59     - 55 25  161 56   5.00 0.11  0.0    5  1.2 13.1      9166
 9167 2021-12-29 17:41     - 54 30  161 44   4.57 0.16  0.0    6  7.8 16.3      9167
 *** DISTANCE & RESIDUAL WEIGHTING CANCELLED FOR EVENT: 2021 12 29 18  6
 9168 2021-12-29 18:06     - 55 18  161  5   3.46 0.21  0.0    4  9.0 19.8      9168
 9169 2021-12-29 18:38       55  4  162  7  10.09 0.47  0.0    5 12.2 26.4      9169
 9170 2021-12-29 23:59     - 55 25  161 58   4.96 0.08  0.0    5  1.1 12.7      9170
 *** DISTANCE & RESIDUAL WEIGHTING CANCELLED FOR EVENT: 2021 12 30  3  9
 9171 2021-12-30  3:09     # 55 20  161 29   4.79 0.50  0.0    4  6.1  4.7      9171
 9172 2021-12-30  4:02     - 55 31  161 53   4.68 0.08  0.0    4  3.9 13.6      9172
 9173 2021-12-30  4:06       55 18  161 41  19.34 0.01  0.0    4  2.8  0.9      9173
 *** DISTANCE & RESIDUAL WEIGHTING CANCELLED FOR EVENT: 2021 12 30  4  7
 9174 2021-12-30  4:06     - 55 23  160 59   5.00 1.26  0.0    4 41.6 89.8      9174
 *** DISTANCE & RESIDUAL WEIGHTING CANCELLED FOR EVENT: 2021 12 30  5 26
 9175 2021-12-30  5:26     - 55 20  161 42   5.00 1.08  0.0    4 58.7 55.2      9175
 *** DISTANCE & RESIDUAL WEIGHTING CANCELLED FOR EVENT: 2021 12 30  6 38
 9176 2021-12-30  6:38     - 55  9  161 24   5.01 0.33  0.0    4 12.6 27.1      9176
 *** DISTANCE & RESIDUAL WEIGHTING CANCELLED FOR EVENT: 2021 12 30  6 45
 9177 2021-12-30  6:45     - 55 19  162 39   5.00 3.16  0.0    4 42.4 89.4      9177
 9178 2021-12-30  6:50     - 55 30  161 42   1.61 0.11  0.0    4 11.1 13.9      9178
 *** DISTANCE & RESIDUAL WEIGHTING CANCELLED FOR EVENT: 2021 12 30  7 49
 9179 2021-12-30  7:49     - 55 14  161 36   5.00 0.71  0.0    4 18.8 58.8      9179
 *** DISTANCE & RESIDUAL WEIGHTING CANCELLED FOR EVENT: 2021 12 30  7 50
 9180 2021-12-30  7:50     - 55 13  161 18   5.26 0.27  0.0    5 10.9 23.4      9180
 *** DISTANCE & RESIDUAL WEIGHTING CANCELLED FOR EVENT: 2021 12 30  7 52
  SEQ ---DATE--- TIME REMARK -LAT-  --LON-  DEPTH  RMS PMAG  NUM  ERH  ERZ  ID
 9181 2021-12-30  7:51     - 55 18  161 18   5.79 0.84  0.0    4 29.5 63.2      9181
 *** DISTANCE & RESIDUAL WEIGHTING CANCELLED FOR EVENT: 2021 12 30  7 55
 9182 2021-12-30  7:55     - 55 14  161 41   5.00 1.12  0.0    5 28.4 88.1      9182
 *** DISTANCE & RESIDUAL WEIGHTING CANCELLED FOR EVENT: 2021 12 30  7 55
 9183 2021-12-30  7:55     - 55 27  161 37   0.02 0.89  0.0    4 71.3 73.9      9183
 *** DISTANCE & RESIDUAL WEIGHTING CANCELLED FOR EVENT: 2021 12 30  8  1
 9184 2021-12-30  8:00     - 55 23  161 58   4.96 0.93  0.0    4 15.7 73.3      9184
 *** DISTANCE & RESIDUAL WEIGHTING CANCELLED FOR EVENT: 2021 12 30  8 55
 9185 2021-12-30  8:55     - 55 15  161 35   9.20 1.32  0.0    5 31.6 93.8      9185
 *** DISTANCE & RESIDUAL WEIGHTING CANCELLED FOR EVENT: 2021 12 30  9  1
 9186 2021-12-30  9:00     # 55 23  161 47  11.33 0.30  0.0    4  4.5  4.2      9186
 9187 2021-12-30  9:02     - 55 11  161 28   5.15 0.08  0.0    4  6.0 12.9      9187
 *** DISTANCE & RESIDUAL WEIGHTING CANCELLED FOR EVENT: 2021 12 30  9  4
 9188 2021-12-30  9:03     - 55  6  161  1   4.99 0.56  0.0    4 34.8 43.8      9188
 *** DISTANCE & RESIDUAL WEIGHTING CANCELLED FOR EVENT: 2021 12 30  9  7
 9189 2021-12-30  9:07     - 55 16  161 54   2.60 0.41  0.0    4  6.8 31.2      9189
 9190 2021-12-30  9:18     - 55 11  161 36   7.41 0.09  0.0    4  3.7 13.4      9190
 9191 2021-12-30  9:22     - 54 59  163 16   5.32 0.42  0.0    5 15.9 33.1      9191
 *** DISTANCE & RESIDUAL WEIGHTING CANCELLED FOR EVENT: 2021 12 30  9 22
 9192 2021-12-30  9:22     - 55 53  162 15   5.00 0.44  0.0    4 16.4 35.3      9192
 *** DISTANCE & RESIDUAL WEIGHTING CANCELLED FOR EVENT: 2021 12 30  9 52
 9193 2021-12-30  9:52     - 55 26  162  2   4.95 0.42  0.0    4  9.9 34.6      9193
 9194 2021-12-30 10:29     - 55 21  161 48   0.61 0.05  0.0    4  3.6 10.9      9194
 9195 2021-12-30 11:28     - 55 21  160 54   5.00 1.60  0.0    5 75.9 31.6      9195
 *** DISTANCE & RESIDUAL WEIGHTING CANCELLED FOR EVENT: 2021 12 30 11 40
  SEQ ---DATE--- TIME REMARK -LAT-  --LON-  DEPTH  RMS PMAG  NUM  ERH  ERZ  ID
 9196 2021-12-30 11:40     - 55 24  161 58   5.38 1.58  0.0    4 41.2 90.0      9196
 9197 2021-12-30 11:56     - 55 21  161 48   0.62 0.64  0.0    4 17.4 44.2      9197
 *** DISTANCE & RESIDUAL WEIGHTING CANCELLED FOR EVENT: 2021 12 30 11 58
 9198 2021-12-30 11:58     - 55 23  161 53   4.97 0.34  0.0    4  6.7 22.5      9198
 9199 2021-12-30 13:22       55 20  161 44   9.97 0.00  0.0    4  3.6  2.9      9199
 *** DISTANCE & RESIDUAL WEIGHTING CANCELLED FOR EVENT: 2021 12 30 13 26
 9200 2021-12-30 13:25     # 55 57  161 13   5.00 0.96  0.0    4 37.5 26.6      9200
 9201 2021-12-30 13:25     - 55 33  160 50  58.97 0.20  0.0   10 17.4  8.9      9201
 9202 2021-12-30 13:26     - 55 31  162  7   1.72 0.00  0.0    4  1.0 11.8      9202
 *** DISTANCE & RESIDUAL WEIGHTING CANCELLED FOR EVENT: 2021 12 30 14 39
 9203 2021-12-30 14:39     # 55 24  162 10   5.00 0.84  0.0    4 26.3 28.0      9203
 9204 2021-12-30 14:43     - 55 24  161 42   0.05 0.26  0.0    4 16.8 24.8      9204
 9205 2021-12-30 15:59     - 54 55  161  7   1.59 0.08  0.0    4  6.0 12.9      9205
 9206 2021-12-30 16:14     - 55 28  161 18   5.00 0.69  0.0    4 55.1 58.5      9206
 9207 2021-12-30 16:16     - 55 13  162 46   4.98 0.08  0.0    4  6.0 12.9      9207
 9208 2021-12-30 18:59     # 55 25  161 38   7.53 0.39  0.0    4 10.1 18.1      9208
 9209 2021-12-30 20:35       55 22  161 43   6.42 0.00  0.0    4  2.7  0.6      9209
 9210 2021-12-30 20:47     - 54 31  161 50   5.11 0.19  0.0   15  7.9 16.8      9210
  SEQ ---DATE--- TIME REMARK -LAT-  --LON-  DEPTH  RMS PMAG  NUM  ERH  ERZ  ID
 9211 2021-12-30 21:34     - 54 29  161 51   3.97 0.12  0.0    7  6.8 14.3      9211
 9212 2021-12-30 22:00     - 55 17  161 40  11.80 0.01  0.0    4 12.5  2.2      9212
 *** DISTANCE & RESIDUAL WEIGHTING CANCELLED FOR EVENT: 2021 12 30 22 32
 9213 2021-12-30 22:32     # 55 21  161 39  12.74 1.47  0.0    4 20.3 34.4      9213
 9214 2021-12-30 23:37     - 54 39  163 22   5.20 0.16  0.0    7  7.6 16.6      9214
 9215 2021-12-30 23:38       55 11  162  7   4.32 0.00  0.0    4  5.4  3.1      9215
 *** DISTANCE & RESIDUAL WEIGHTING CANCELLED FOR EVENT: 2021 12 31  2 22
 9216 2021-12-31  2:22     - 55 24  161 57   5.27 1.08  0.0    4 28.2 79.9      9216
 *** DISTANCE & RESIDUAL WEIGHTING CANCELLED FOR EVENT: 2021 12 31  2 33
 9217 2021-12-31  2:33     # 55 21  161 33  16.77 0.15  0.0    5  5.6  4.0      9217
 9218 2021-12-31  5:09     - 55 18  161 27   6.98 0.07  0.0    4  3.3 13.8      9218
 9219 2021-12-31  6:30     # 55 26  161 54   0.62 0.73  0.0    5  5.8 39.8      9219
 9220 2021-12-31  6:33     - 54 46  162 32   4.26 0.25  0.0    4 11.0 22.3      9220
 *** DISTANCE & RESIDUAL WEIGHTING CANCELLED FOR EVENT: 2021 12 31  7 40
 9221 2021-12-31  7:40     - 55 19  161 43   0.44 0.47  0.0    4  5.0 31.5      9221
 9222 2021-12-31  7:44     # 55 22  161 45   1.67 0.15  0.0    5  3.4  2.3      9222
 9223 2021-12-31  7:59       55 23  161 55  11.86 0.01  0.0    4  1.4  8.7      9223
 *** DISTANCE & RESIDUAL WEIGHTING CANCELLED FOR EVENT: 2021 12 31  9  2
 9224 2021-12-31  9:01     - 54 45  162 55   4.99 0.28  0.0    4 17.9 23.9      9224
 *** DISTANCE & RESIDUAL WEIGHTING CANCELLED FOR EVENT: 2021 12 31  9  8
 9225 2021-12-31  9:07     - 55 25  161 56   5.00 1.11  0.0    4 43.7 77.4      9225
 *** DISTANCE & RESIDUAL WEIGHTING CANCELLED FOR EVENT: 2021 12 31 11 15
  SEQ ---DATE--- TIME REMARK -LAT-  --LON-  DEPTH  RMS PMAG  NUM  ERH  ERZ  ID
 9226 2021-12-31 11:15     # 55 20  161 49   2.39 0.45  0.0    4  6.5 13.5      9226
 *** DISTANCE & RESIDUAL WEIGHTING CANCELLED FOR EVENT: 2021 12 31 11 17
 9227 2021-12-31 11:17     - 55 14  161 36   7.52 0.64  0.0    4 54.4 31.5      9227
 9228 2021-12-31 12:55     - 55 24  161 48   0.74 0.06  0.0    4  2.0 10.7      9228
 *** DISTANCE & RESIDUAL WEIGHTING CANCELLED FOR EVENT: 2021 12 31 13 22
 9229 2021-12-31 13:22     - 55 28  161 53   2.56 0.34  0.0    4  3.8 22.7      9229
 9230 2021-12-31 14:47     - 55 32  161 28   1.91 0.35  0.0    5  7.3 31.4      9230
 *** DISTANCE & RESIDUAL WEIGHTING CANCELLED FOR EVENT: 2021 12 31 14 49
 9231 2021-12-31 14:49     - 55 24  161 51   0.08 0.29  0.0    4  1.2 26.7      9231
 9232 2021-12-31 14:51       55 21  161 43   8.84 0.01  0.0    5  5.2  2.3      9232
 9233 2021-12-31 15:30     - 55 21  162 16   1.90 0.08  0.0    4  9.6 11.7      9233
 9234 2021-12-31 16:30     - 55 16  161 17   4.69 0.03  0.0    4  5.3 11.6      9234
 *** DISTANCE & RESIDUAL WEIGHTING CANCELLED FOR EVENT: 2021 12 31 16 49
 9235 2021-12-31 16:49     - 55 14  161 49   4.00 0.78  0.0    4 57.7 41.8      9235
 9236 2021-12-31 17:02     - 55 16  161 29   8.05 0.10  0.0    6 13.2 11.0      9236
 9237 2021-12-31 17:09       55 18  161 34   5.20 0.03  0.0    5  2.6  1.8      9237
 9238 2021-12-31 17:37       54 40  162 38  10.71 0.15  0.0   10  2.7  8.9      9238
 9239 2021-12-31 18:19     - 55 21  161 29   2.01 0.18  0.0    5  2.4 16.9      9239
 9240 2021-12-31 18:23     - 55 37  160 50   4.39 0.11  0.0    6  6.4 13.9      9240
 *** DISTANCE & RESIDUAL WEIGHTING CANCELLED FOR EVENT: 2021 12 31 19 24
  SEQ ---DATE--- TIME REMARK -LAT-  --LON-  DEPTH  RMS PMAG  NUM  ERH  ERZ  ID
 9241 2021-12-31 19:24     - 55 16  161 39   6.60 1.09  0.0    5 75.9 82.9      9241
 9242 2021-12-31 19:24     - 55 33  160 39   5.04 0.30  0.0    4 14.2 25.1      9242
 *** DISTANCE & RESIDUAL WEIGHTING CANCELLED FOR EVENT: 2021 12 31 19 26
 9243 2021-12-31 19:26     - 55 26  161 41   2.82 0.38  0.0    4 17.6 24.4      9243
 *** DISTANCE & RESIDUAL WEIGHTING CANCELLED FOR EVENT: 2021 12 31 19 31
 9244 2021-12-31 19:31     # 55 23  161 49   1.06 0.44  0.0    6  3.8 18.3      9244
 *** DISTANCE & RESIDUAL WEIGHTING CANCELLED FOR EVENT: 2021 12 31 20 37
 9245 2021-12-31 20:37     - 55 14  162 12  15.83 0.97  0.0    5 66.5 39.6      9245
 *** DISTANCE & RESIDUAL WEIGHTING CANCELLED FOR EVENT: 2021 12 31 20 39
 9246 2021-12-31 20:39     - 55 24  161 59   5.00 0.34  0.0    4  4.5 26.6      9246
 9247 2021-12-31 20:45     - 55 16  162 14   2.51 0.21  0.0    4 15.3 17.3      9247
 9248 2021-12-31 20:47     - 55 24  161 31   3.96 0.03  0.0    4  3.9 12.2      9248
 9249 2021-12-31 20:49     - 55 18  162  9   1.52 0.60  0.0    4 16.9 40.9      9249
 *** DISTANCE & RESIDUAL WEIGHTING CANCELLED FOR EVENT: 2021 12 31 21 31
 9250 2021-12-31 21:31     # 55  8  161 56   7.63 0.37  0.0    5 13.2 16.6      9250
 *** DISTANCE & RESIDUAL WEIGHTING CANCELLED FOR EVENT: 2021 12 31 22  5
 9251 2021-12-31 22:05     # 55 25  161 50   2.99 0.62  0.0    5  5.5 32.7      9251
 9252 2021-12-31 23:10       54 60  162 18   2.09 0.02  0.0    8  0.7  1.7      9252
 9253 2021-12-31 23:11       55  8  161 59   4.36 0.06  0.0    6  2.8  0.7      9253
 *** DISTANCE & RESIDUAL WEIGHTING CANCELLED FOR EVENT: 2021 12 31 23 15
 9254 2021-12-31 23:15     - 55 35  163  5   5.00 0.55  0.0    4 19.6 43.0      9254
 *** DISTANCE & RESIDUAL WEIGHTING CANCELLED FOR EVENT: 2021 12 31 23 17
 9255 2021-12-31 23:17     # 55 20  161 38  18.40 0.37  0.0    7  6.9  4.4      9255
  SEQ ---DATE--- TIME REMARK -LAT-  --LON-  DEPTH  RMS PMAG  NUM  ERH  ERZ  ID
 9256 2021-12-31 23:23     - 55 28  162 13   4.72 0.05  0.0    4 10.0  1.8      9256
 *** DISTANCE & RESIDUAL WEIGHTING CANCELLED FOR EVENT: 2021 12 31 23 28
 9257 2021-12-31 23:28     - 55 16  161 25  10.69 0.29  0.0    4  5.4 22.3      9257
