 HYPOINVERSE 2000 STARTING
6/2014 VERSION 1.40 (geoid depth possible)                            
 COMMAND?     33 STATIONS READ IN.
  FIND INPUT PHASE FILE TYPE & SET PHS(COP) & ARC(CAR) FORMATS
  INPUT IS A HYPOINVERSE ARCHIVE-2000 FILE, NO SHADOWS
  SETTING FORMATS COP 3, CAR 1
  SEQ ---DATE--- TIME REMARK -LAT-  --LON-  DEPTH  RMS PMAG  NUM  ERH  ERZ  ID
    1 2021- 1- 1  4:52     - 55  2  161 26  14.75 0.17  0.0    4 14.5 11.0         1
    2 2021- 1- 1  5:28     - 55  9  161  7  34.22 0.15  0.0    9 12.7  5.5         2
    3 2021- 1- 1  5:28     - 54 56  159 48  13.75 0.21  0.0   11 16.8 10.4         3
    4 2021- 1- 1  8:31     - 55  3  161 32  31.43 0.09  0.0    6 11.7  5.2         4
    5 2021- 1- 1  8:32     - 54 60  161 24  33.41 0.03  0.0    5 10.6  2.3         5
    6 2021- 1- 1 11:56     - 54 36  161 19  15.46 0.20  0.0   10  8.9 17.8         6
    7 2021- 1- 1 12:15     - 55 13  161 54  21.91 0.08  0.0    4  9.5  6.1         7
    8 2021- 1- 1 12:35     - 54 36  161 25  16.32 0.12  0.0    9  7.2 13.4         8
    9 2021- 1- 1 12:44     - 55  1  161 13  19.14 0.17  0.0    7 15.5 10.2         9
   10 2021- 1- 1 12:44     - 54 45  160 58  33.02 0.18  0.0    7 14.5 19.5        10
   11 2021- 1- 1 12:47     - 55 10  161 20  11.41 0.12  0.0    4 15.7 12.6        11
   12 2021- 1- 1 12:48     - 55  2  160 56  15.00 0.21  0.0    4 19.0 19.7        12
   13 2021- 1- 1 14:58     - 55  9  161 23  15.82 0.27  0.0    4 10.5 25.4        13
   14 2021- 1- 1 16:55     - 55 14  161  8  10.15 0.21  0.0    7 14.8 19.2        14
   15 2021- 1- 1 16:55     - 55  8  161 34  20.49 0.02  0.0    5  8.9  3.9        15
  SEQ ---DATE--- TIME REMARK -LAT-  --LON-  DEPTH  RMS PMAG  NUM  ERH  ERZ  ID
   16 2021- 1- 1 17:16     - 54 42  161 11  27.76 0.13  0.0    8 14.0  2.5        16
   17 2021- 1- 1 17:17     - 54 45  161 26   9.80 0.21  0.0    4 11.2 17.6        17
   18 2021- 1- 1 19:49     - 54 26  161 19  15.52 0.24  0.0    7 10.2 20.9        18
   19 2021- 1- 1 19:49     - 55 14  163 17  14.64 0.64  0.0    6 32.3 28.1        19
   20 2021- 1- 1 20:08     - 54 38  160 58  14.88 0.12  0.0    5  7.0 14.3        20
 *** DISTANCE & RESIDUAL WEIGHTING CANCELLED FOR EVENT: 2021  1  1 20 32
   21 2021- 1- 1 20:32     # 55 16  161 41  15.00 0.61  0.0    4 26.2 17.7        21
   22 2021- 1- 1 20:47     - 54 54  163 28  33.08 0.40  0.0    9  5.1 35.5        22
   23 2021- 1- 1 20:47     - 54 24  161 42  40.35 0.21  0.0    6  5.1 18.5        23
   24 2021- 1- 1 20:52     - 55 11  161 26   9.92 0.17  0.0    5 17.8 14.9        24
   25 2021- 1- 1 20:52     - 54 57  161 24  31.50 0.20  0.0    5 16.3  6.9        25
   26 2021- 1- 1 21:02     - 55  4  161 29   8.39 0.11  0.0    4 12.5 13.5        26
   27 2021- 1- 2  0:27     - 54 55  163  1  19.36 0.09  0.0    5  3.7 14.2        27
   28 2021- 1- 2  0:27     - 54 25  161 20  15.25 0.17  0.0    8  8.2 16.8        28
   29 2021- 1- 2  2:17     - 54 40  160 40  14.85 0.16  0.0   16  8.0 16.0        29
   30 2021- 1- 2  2:46     - 55 23  160 32  17.95 0.40  0.0   13  4.5 35.6        30
  SEQ ---DATE--- TIME REMARK -LAT-  --LON-  DEPTH  RMS PMAG  NUM  ERH  ERZ  ID
   31 2021- 1- 2  3:05     - 55 32  161  5  11.56 0.17  0.0    4 12.8 16.1        31
 *** DISTANCE & RESIDUAL WEIGHTING CANCELLED FOR EVENT: 2021  1  2  3  5
   32 2021- 1- 2  3:05     # 55 16  161 43  15.00 0.79  0.0    5 11.3  4.9        32
   33 2021- 1- 2  4:55     - 55  9  161 19   9.34 0.15  0.0    4 17.3 16.2        33
   34 2021- 1- 2  5:44     - 54 60  161 28  24.44 0.23  0.0    7 18.4  6.1        34
   35 2021- 1- 2  5:44     - 54 46  161  1  15.02 0.29  0.0    6 23.0 27.3        35
   36 2021- 1- 2  5:45     - 55  2  161 27  20.19 0.29  0.0    5 21.6 11.5        36
   37 2021- 1- 2  5:52     - 55  1  161 17  14.92 0.15  0.0    5 15.4 14.0        37
 *** DISTANCE & RESIDUAL WEIGHTING CANCELLED FOR EVENT: 2021  1  2  5 52
   38 2021- 1- 2  5:52     - 55  4  161 20  14.92 0.55  0.0    4 33.6 24.9        38
   39 2021- 1- 2  9:15     - 55 11  161 55  14.71 0.01  0.0    4  5.3  7.6        39
   40 2021- 1- 2 10:53     - 54 47  161  1  35.02 0.23  0.0    9 17.7 15.5        40
   41 2021- 1- 2 10:53     - 54 38  160 57  34.91 0.45  0.0    6 26.3 28.2        41
   42 2021- 1- 2 11:16     - 55  9  160 49  13.96 0.11  0.0    4  6.1 15.1        42
   43 2021- 1- 2 11:51     - 54 39  161 38  12.30 0.22  0.0    7 16.0 19.5        43
   44 2021- 1- 2 11:51     - 54 39  161 37  11.43 0.20  0.0    7 10.5 16.1        44
   45 2021- 1- 2 11:53     - 54 37  160 60  14.82 0.15  0.0    8  7.7 15.2        45
  SEQ ---DATE--- TIME REMARK -LAT-  --LON-  DEPTH  RMS PMAG  NUM  ERH  ERZ  ID
   46 2021- 1- 2 12:12     - 54 50  161 48  14.98 0.05  0.0    4  7.5  7.6        46
   47 2021- 1- 2 12:12     - 54 44  161 42   8.62 0.08  0.0    5  6.5 12.8        47
 *** DISTANCE & RESIDUAL WEIGHTING CANCELLED FOR EVENT: 2021  1  2 12 36
   48 2021- 1- 2 12:36     - 55  1  161 50  15.00 1.79  0.0    4 99.0 14.3        48
   49 2021- 1- 2 13:54     - 55  3  161 13  14.94 0.25  0.0    4 22.2 21.4        49
 *** DISTANCE & RESIDUAL WEIGHTING CANCELLED FOR EVENT: 2021  1  2 13 54
   50 2021- 1- 2 13:54     - 54 57  160 38  15.00 0.56  0.0    4 44.1 46.5        50
   51 2021- 1- 2 14:13     - 54 54  162 57  20.26 0.12  0.0    5  5.0 14.4        51
   52 2021- 1- 2 16:24     - 54 43  160 48  15.00 0.24  0.0   10 19.5 23.7        52
   53 2021- 1- 2 16:24     - 54 44  160 50  15.01 0.20  0.0    5 17.8 20.7        53
   54 2021- 1- 2 18:07       55  4  162  3   3.67 0.10  0.0   12  0.6  2.2        54
   55 2021- 1- 2 19:13     - 54 30  161 32  16.68 0.18  0.0   17  7.8 15.3        55
   56 2021- 1- 2 20:27     - 55  1  161 19  14.95 0.13  0.0    5 13.7 11.5        56
   57 2021- 1- 2 20:27     - 54 59  161 39  16.53 0.07  0.0    4 12.6  0.8        57
   58 2021- 1- 2 20:32     - 55  9  161  4  15.04 0.10  0.0    7 12.0  2.4        58
   59 2021- 1- 2 20:33     - 55 16  160 49  14.28 0.14  0.0    5 12.6 16.2        59
   60 2021- 1- 2 21:15     - 55 10  161 16  28.22 0.17  0.0    8 12.4  6.1        60
  SEQ ---DATE--- TIME REMARK -LAT-  --LON-  DEPTH  RMS PMAG  NUM  ERH  ERZ  ID
   61 2021- 1- 2 21:19     - 55  6  160 51  15.00 0.18  0.0    5 16.4 19.7        61
   62 2021- 1- 2 21:33     - 54 46  161  9  41.47 0.24  0.0    9 21.3 10.1        62
   63 2021- 1- 2 21:34     - 54 53  161 32  13.36 0.05  0.0    4 11.4  5.0        63
   64 2021- 1- 2 23:32     - 54 39  160 58  15.00 0.18  0.0    9 15.6 19.6        64
   65 2021- 1- 2 23:32     - 54 48  161 24  11.26 0.15  0.0    6  8.1 12.1        65
   66 2021- 1- 3  0:11     - 54 60  161 31  24.79 0.19  0.0    6 15.7  5.0        66
 *** DISTANCE & RESIDUAL WEIGHTING CANCELLED FOR EVENT: 2021  1  3  0 12
   67 2021- 1- 3  0:11     - 54 20  161 25  14.99 0.70  0.0    4 52.9 54.9        67
   68 2021- 1- 3  1:52     - 55 18  163 25  15.00 0.25  0.0    7 17.0 24.0        68
   69 2021- 1- 3  2:16     - 55  1  161 33  19.39 0.15  0.0    5 13.8  4.8        69
   70 2021- 1- 3  2:16     - 54 57  161 54  23.46 0.13  0.0    4 11.6  6.9        70
   71 2021- 1- 3  4:02     - 55  3  161 26  30.39 0.19  0.0    5 17.4  8.0        71
   72 2021- 1- 3  4:02     - 54 42  160 57  33.80 0.34  0.0    6 23.0 29.8        72
   73 2021- 1- 3  5:08     - 54 57  162 21  12.47 0.09  0.0    5  9.0  9.4        73
   74 2021- 1- 3  5:08     - 55  0  162 14   0.39 0.01  0.0    4  0.6 12.4        74
   75 2021- 1- 3  5:30     - 54 38  160 57  15.00 0.20  0.0   10 16.4 20.5        75
  SEQ ---DATE--- TIME REMARK -LAT-  --LON-  DEPTH  RMS PMAG  NUM  ERH  ERZ  ID
   76 2021- 1- 3  5:30     - 54 36  160 57  15.02 0.21  0.0    5 19.6 20.8        76
   77 2021- 1- 3  6:02     - 54 49  161  5  30.37 0.17  0.0    9 16.8  2.2        77
   78 2021- 1- 3  6:02     - 54 49  161  3  13.52 0.20  0.0    5 20.3  3.9        78
   79 2021- 1- 3  6:04     - 54 52  161 24  28.42 0.19  0.0    7 16.9  6.7        79
   80 2021- 1- 3  6:04     - 54 39  160 60  15.13 0.14  0.0    8  8.1 14.3        80
   81 2021- 1- 3  6:05       55  9  161 55   5.12 0.27  0.0    8  0.6  0.8        81
   82 2021- 1- 3  7:02     - 54 57  161 33  17.21 0.10  0.0    4 14.1  3.4        82
   83 2021- 1- 3  7:03     - 54 49  161  9   9.64 0.16  0.0    4 17.5 18.1        83
   84 2021- 1- 3  7:19     - 55  2  161 29  28.21 0.11  0.0    5 13.0  4.4        84
 *** DISTANCE & RESIDUAL WEIGHTING CANCELLED FOR EVENT: 2021  1  3  7 20
   85 2021- 1- 3  7:19     - 54 52  160 45  49.30 0.69  0.0    6 55.6 28.8        85
   86 2021- 1- 3  7:24     - 54 45  160 52  15.00 0.14  0.0   10 15.5 17.1        86
   87 2021- 1- 3  7:59     - 54 25  161 22   8.31 0.19  0.0    9  2.1 20.0        87
   88 2021- 1- 3  8:00     - 55  3  161 30   6.46 0.21  0.0    5 18.7 19.8        88
   89 2021- 1- 3  8:40     - 54 40  161  2  38.05 0.23  0.0   11 20.6 15.9        89
   90 2021- 1- 3  8:41     - 54 40  161  5  15.02 0.23  0.0    5 20.7 22.1        90
  SEQ ---DATE--- TIME REMARK -LAT-  --LON-  DEPTH  RMS PMAG  NUM  ERH  ERZ  ID
   91 2021- 1- 3  8:46     - 55 30  161 11  44.29 0.18  0.0   10 14.4  7.2        91
   92 2021- 1- 3  8:46     - 55 53  161  1  15.01 0.16  0.0    4 16.7 17.5        92
   93 2021- 1- 3  8:50     # 55  9  161 53   6.18 0.13  0.0    5  2.8  1.8        93
   94 2021- 1- 3  9:20     - 55  0  161 23  14.75 0.20  0.0    4 17.7 14.3        94
   95 2021- 1- 3  9:20     - 54 58  161 26  16.29 0.08  0.0    4 11.7  1.0        95
   96 2021- 1- 3 10:22     - 54 51  161 18  24.04 0.22  0.0    7 19.7 11.0        96
   97 2021- 1- 3 10:22     - 54 50  161 24  18.90 0.07  0.0    5  9.4  4.8        97
   98 2021- 1- 3 11:44     - 55  2  161 40  18.29 0.07  0.0    4 11.9  2.9        98
   99 2021- 1- 3 12:41       55 27  162 11  38.05 0.12  0.0    6  7.2  5.2        99
  100 2021- 1- 3 12:41       54 58  162 18  10.79 0.08  0.0    5  1.7  2.6       100
  101 2021- 1- 3 12:59     - 54 53  161 14  33.15 0.17  0.0    8 13.7 14.7       101
  102 2021- 1- 3 13:46     - 54 19  162 44  14.04 0.11  0.0    4  6.9 13.8       102
  103 2021- 1- 3 17:22       55 22  161 50  30.54 0.08  0.0    6  5.6  2.4       103
  104 2021- 1- 3 17:26     - 55 29  161 41  51.06 0.15  0.0    4  8.1 12.2       104
  105 2021- 1- 3 17:45     - 54 42  161  1  15.00 0.19  0.0   10 15.7 20.4       105
  SEQ ---DATE--- TIME REMARK -LAT-  --LON-  DEPTH  RMS PMAG  NUM  ERH  ERZ  ID
  106 2021- 1- 3 17:45     - 54 44  161 24  15.00 0.20  0.0    5 18.1 20.6       106
  107 2021- 1- 3 18:02     - 55  0  161 39  20.05 0.10  0.0    6 11.9  3.1       107
 *** DISTANCE & RESIDUAL WEIGHTING CANCELLED FOR EVENT: 2021  1  3 18  2
  108 2021- 1- 3 18:02     - 54 59  161 44  15.01 0.42  0.0    4 33.5  8.4       108
  109 2021- 1- 3 19:56     - 54 44  160 52  15.00 0.21  0.0   11 16.9 21.5       109
  110 2021- 1- 3 19:56     - 54 41  160 53  31.87 0.26  0.0    8 19.1 24.6       110
  111 2021- 1- 3 20:36     - 54 58  161 31  26.68 0.23  0.0    7 18.7  6.1       111
 *** DISTANCE & RESIDUAL WEIGHTING CANCELLED FOR EVENT: 2021  1  3 20 37
  112 2021- 1- 3 20:37     # 54 58  161 37   1.78 0.59  0.0    6 26.8  8.8       112
  113 2021- 1- 3 21:50     - 54 47  161 23  16.06 0.11  0.0    6  5.6 13.9       113
  114 2021- 1- 3 21:51     - 54 59  162 41  26.98 0.05  0.0    5  3.2 12.0       114
  115 2021- 1- 3 23:33     - 55  4  161 29  27.66 0.09  0.0    5 11.4  5.0       115
  116 2021- 1- 3 23:33     - 54 60  161  5  13.36 0.14  0.0    6 14.5  2.1       116
  117 2021- 1- 4  0:02     - 55 22  161 13  35.88 0.08  0.0    9 10.0  4.0       117
  118 2021- 1- 4  0:02     - 55 34  161 25   6.92 0.30  0.0    6  3.8 26.4       118
  119 2021- 1- 4  0:03     - 55 10  161 50  13.85 0.05  0.0    4  8.6  9.2       119
  120 2021- 1- 4  0:33     - 54 39  160 40  15.01 0.13  0.0   17  6.8 13.4       120
  SEQ ---DATE--- TIME REMARK -LAT-  --LON-  DEPTH  RMS PMAG  NUM  ERH  ERZ  ID
  121 2021- 1- 4  0:51     - 54 60  161 30  22.06 0.19  0.0    5 16.6  5.9       121
 *** DISTANCE & RESIDUAL WEIGHTING CANCELLED FOR EVENT: 2021  1  4  0 52
  122 2021- 1- 4  0:52     - 55 20  161 50   0.22 0.76  0.0    4  7.6 46.0       122
  123 2021- 1- 4  1:40     - 55 36  160 17  14.97 0.18  0.0   10  8.6 17.2       123
  124 2021- 1- 4  1:41     - 55 34  161 20  12.40 0.19  0.0    5 16.4 13.6       124
  125 2021- 1- 4  1:52     - 55  7  161 48  12.85 0.13  0.0    4 12.3  7.0       125
 *** DISTANCE & RESIDUAL WEIGHTING CANCELLED FOR EVENT: 2021  1  4  1 52
  126 2021- 1- 4  1:52     - 55  1  161 33  15.00 0.63  0.0    4 36.7 24.6       126
  127 2021- 1- 4  3:22     - 54 48  161  6  14.82 0.06  0.0    5  5.9 11.7       127
  128 2021- 1- 4  3:22     - 55 24  163 21  19.72 0.59  0.0   11  4.1 48.4       128
  129 2021- 1- 4  4:01     - 54 38  160 53  15.00 0.19  0.0   11 17.1 20.0       129
  130 2021- 1- 4  4:01     - 54 31  160 47  23.59 0.17  0.0    7 16.8  3.8       130
  131 2021- 1- 4  5:47     - 54 60  161 33  20.94 0.13  0.0    7 12.4  2.9       131
 *** DISTANCE & RESIDUAL WEIGHTING CANCELLED FOR EVENT: 2021  1  4  5 48
  132 2021- 1- 4  5:48     - 54 47  161 21  23.25 0.31  0.0    4 26.5 16.6       132
  133 2021- 1- 4  8:26     - 54 55  161 32  23.49 0.15  0.0    7 16.2  5.1       133
  134 2021- 1- 4  8:26     - 55  1  161 37  19.86 0.08  0.0    7 10.2  2.4       134
  135 2021- 1- 4  9:10     - 54 35  161 27  19.49 0.28  0.0    9  2.1 24.3       135
  SEQ ---DATE--- TIME REMARK -LAT-  --LON-  DEPTH  RMS PMAG  NUM  ERH  ERZ  ID
  136 2021- 1- 4  9:35     - 54 50  161 13  29.31 0.14  0.0    9 14.6  5.0       136
  137 2021- 1- 4  9:36     - 55  1  161 28   6.83 0.33  0.0    5 21.4 29.5       137
  138 2021- 1- 4 11:49       54 23  160 52   6.78 0.17  0.0   13  3.6  1.5       138
  139 2021- 1- 4 11:50     - 55  6  161 21  15.50 0.18  0.0    7 14.0  1.6       139
  140 2021- 1- 4 11:57     - 54 39  161  9  14.88 0.37  0.0    8 13.7 28.2       140
 *** DISTANCE & RESIDUAL WEIGHTING CANCELLED FOR EVENT: 2021  1  4 11 58
  141 2021- 1- 4 11:58     # 54 59  162 38  15.00 0.32  0.0    4  4.0  5.8       141
 *** DISTANCE & RESIDUAL WEIGHTING CANCELLED FOR EVENT: 2021  1  4 15 16
  142 2021- 1- 4 15:16     - 55  8  162 17  12.11 0.11  0.0    4 15.4  1.4       142
 *** DISTANCE & RESIDUAL WEIGHTING CANCELLED FOR EVENT: 2021  1  4 15 39
  143 2021- 1- 4 15:39     - 55  1  161 28  22.33 0.25  0.0    4 22.0  7.4       143
  144 2021- 1- 4 15:59     - 54 37  160 52  15.00 0.18  0.0    8 17.0 19.5       144
  145 2021- 1- 4 15:59     - 54 54  161 44   7.21 0.31  0.0    4 21.8 25.8       145
  146 2021- 1- 4 15:59       55 24  161 59  39.36 0.00  0.0    4  4.4  3.6       146
  147 2021- 1- 4 16:25     - 54 40  161  4  15.00 0.17  0.0    8 16.4 19.0       147
  148 2021- 1- 4 16:25     - 54 56  161 32  23.61 0.21  0.0    6 17.8  3.8       148
  149 2021- 1- 4 16:51     - 54 58  161 36  19.64 0.10  0.0    6 11.6  3.5       149
  150 2021- 1- 4 16:51     - 55 20  161 54   7.36 0.53  0.0    4  9.2 35.1       150
 *** DISTANCE & RESIDUAL WEIGHTING CANCELLED FOR EVENT: 2021  1  4 17  8
  SEQ ---DATE--- TIME REMARK -LAT-  --LON-  DEPTH  RMS PMAG  NUM  ERH  ERZ  ID
  151 2021- 1- 4 17:07     - 55  4  161 25  16.11 0.28  0.0    4 14.9 17.1       151
 *** DISTANCE & RESIDUAL WEIGHTING CANCELLED FOR EVENT: 2021  1  4 18 28
  152 2021- 1- 4 18:28     - 55  4  161 21  14.99 0.36  0.0    4 29.2 21.4       152
  153 2021- 1- 4 18:37       55 14  162  5  11.31 0.00  0.0    4  1.2  2.4       153
  154 2021- 1- 4 18:41     - 54 35  161 16  15.09 0.12  0.0   13  6.4 12.8       154
  155 2021- 1- 4 19:00     - 55 22  161 25   8.57 0.13  0.0    5  8.4 13.3       155
  156 2021- 1- 4 19:00     - 55 33  161 12  51.96 0.07  0.0    6 11.8  6.4       156
  157 2021- 1- 4 19:48     - 54 35  161 16  15.14 0.14  0.0   18  6.4 12.5       157
  158 2021- 1- 4 20:44     - 54 50  162 41  34.47 0.08  0.0   10 10.0  3.5       158
  159 2021- 1- 4 20:44     - 54 56  162 29  22.01 0.06  0.0    6  7.5  5.8       159
  160 2021- 1- 4 21:22     - 55  4  161 32  16.24 0.15  0.0    5 15.1  5.2       160
  161 2021- 1- 4 21:35     - 54 53  162 44  27.63 0.08  0.0    6 11.4  6.0       161
  162 2021- 1- 4 21:35     - 54 58  162 33  12.75 0.07  0.0    4  9.7  5.5       162
  163 2021- 1- 4 22:45       55  1  161 30  30.61 0.01  0.0    4  6.1  5.4       163
  164 2021- 1- 4 22:57     - 56  9  162 26  14.83 0.01  0.0    4  5.5 11.2       164
  165 2021- 1- 4 23:35     - 55  6  161 26   9.45 0.20  0.0    4 16.6 18.9       165
 *** DISTANCE & RESIDUAL WEIGHTING CANCELLED FOR EVENT: 2021  1  4 23 36
  SEQ ---DATE--- TIME REMARK -LAT-  --LON-  DEPTH  RMS PMAG  NUM  ERH  ERZ  ID
  166 2021- 1- 4 23:36     - 54 51  161 20  45.33 0.24  0.0    4 20.8  9.7       166
  167 2021- 1- 5  0:40     - 54 58  161 29  25.15 0.21  0.0    8 16.6  5.1       167
 *** DISTANCE & RESIDUAL WEIGHTING CANCELLED FOR EVENT: 2021  1  5  0 40
  168 2021- 1- 5  0:40     # 55  7  161 40  32.47 0.45  0.0    4 19.1 14.8       168
  169 2021- 1- 5  1:07     - 54 60  161 23  12.43 0.09  0.0    6  9.5  9.9       169
  170 2021- 1- 5  1:54     - 54 39  161 41  10.14 0.15  0.0    6 15.5 15.8       170
  171 2021- 1- 5  3:43     - 54 34  160 52  15.00 0.16  0.0    9 16.4 18.5       171
  172 2021- 1- 5  3:43       54 58  161 42  19.56 0.10  0.0    6  7.5  1.6       172
  173 2021- 1- 5  4:32     - 54 31  162 22  17.23 0.13  0.0    8  2.7 16.2       173
  174 2021- 1- 5  4:57     - 55  7  161 13  15.13 0.11  0.0    5 15.2 12.0       174
  175 2021- 1- 5  4:57     - 54 58  161 30  37.02 0.20  0.0    6 15.9  4.6       175
 *** DISTANCE & RESIDUAL WEIGHTING CANCELLED FOR EVENT: 2021  1  5  5 15
  176 2021- 1- 5  5:15     - 55  9  161 15  15.18 0.46  0.0    5  9.7 28.1       176
  177 2021- 1- 5  5:30     - 55  4  161 28   9.00 0.18  0.0    4 14.2 15.8       177
  178 2021- 1- 5  6:39     - 55  5  161 21   9.42 0.16  0.0    5 16.1 16.8       178
 *** DISTANCE & RESIDUAL WEIGHTING CANCELLED FOR EVENT: 2021  1  5  7 28
  179 2021- 1- 5  7:28     - 54 59  163 34  15.00 0.48  0.0    4 18.9 37.7       179
  180 2021- 1- 5 14:13     - 54 25  161 43  17.43 0.18  0.0   10  1.6 19.5       180
  SEQ ---DATE--- TIME REMARK -LAT-  --LON-  DEPTH  RMS PMAG  NUM  ERH  ERZ  ID
  181 2021- 1- 5 15:50     - 55  2  161 33  14.71 0.09  0.0    4 10.2 10.1       181
  182 2021- 1- 5 15:50     - 54 44  161  8  15.03 0.26  0.0    4 22.5 23.4       182
  183 2021- 1- 5 19:35       54 31  162 29   7.64 0.21  0.0   16  2.2  7.4       183
  184 2021- 1- 5 21:53     - 54 31  161 28  14.88 0.11  0.0    5  6.2 13.8       184
  185 2021- 1- 5 22:19     - 55 11  161  5  14.92 0.14  0.0    5 11.2 12.6       185
  186 2021- 1- 5 22:20     - 55 20  161  9  11.32 0.08  0.0    4 12.8 10.0       186
  187 2021- 1- 5 23:35     - 54 55  163 10  17.97 0.29  0.0    7  3.7 27.2       187
  188 2021- 1- 5 23:35     - 54 40  161  3  15.07 0.21  0.0    8 13.6 16.2       188
  189 2021- 1- 6  3:06     - 54 59  161 32  35.30 0.18  0.0    6 16.4  4.4       189
  190 2021- 1- 6  3:06     - 55  5  161 39  32.21 0.07  0.0    4 10.6  7.8       190
  191 2021- 1- 6  5:55     - 55  8  160 35  14.97 0.21  0.0    4 10.7 19.1       191
 *** DISTANCE & RESIDUAL WEIGHTING CANCELLED FOR EVENT: 2021  1  6  7 44
  192 2021- 1- 6  7:44     - 55 17  161 32   6.60 0.13  0.0    4  5.1 16.5       192
 *** DISTANCE & RESIDUAL WEIGHTING CANCELLED FOR EVENT: 2021  1  6 13 38
  193 2021- 1- 6 13:38     # 55 11  161 48   7.50 0.38  0.0    4  8.5 16.2       193
  194 2021- 1- 6 14:44     - 55  8  161  8  12.74 0.18  0.0    4 13.3 17.8       194
 *** DISTANCE & RESIDUAL WEIGHTING CANCELLED FOR EVENT: 2021  1  7  2 42
  195 2021- 1- 7  2:42     # 55 12  162 11  15.00 1.24  0.0    4 38.8 36.7       195
  SEQ ---DATE--- TIME REMARK -LAT-  --LON-  DEPTH  RMS PMAG  NUM  ERH  ERZ  ID
  196 2021- 1- 7  2:55     - 54 54  160 56  16.06 0.23  0.0    8 20.1 22.6       196
  197 2021- 1- 7  2:55     - 54 58  161 14  20.00 0.01  0.0    4 12.1  4.8       197
  198 2021- 1- 7  2:56     - 54 48  161  8  28.88 0.19  0.0   10 17.8  2.6       198
  199 2021- 1- 7  2:57     - 55 16  161  5   9.63 0.21  0.0    4 19.6 17.2       199
  200 2021- 1- 7  6:23     - 54 35  160 54  15.00 0.22  0.0   11 18.7 22.0       200
  201 2021- 1- 7  6:23     - 54 45  161 27  10.06 0.16  0.0    5 11.0 16.3       201
 *** DISTANCE & RESIDUAL WEIGHTING CANCELLED FOR EVENT: 2021  1  7  7  6
  202 2021- 1- 7  7:06     # 55 18  161 23  19.01 0.70  0.0    4 15.2 28.3       202
  203 2021- 1- 7  8:46     - 54 57  161 25  22.47 0.19  0.0    5 18.0 11.9       203
  204 2021- 1- 7  8:46       55  7  161 26  27.33 0.24  0.0    6  4.0  4.4       204
  205 2021- 1- 7 11:45       55 16  161 11  23.33 0.11  0.0    6  3.8  7.5       205
  206 2021- 1- 7 11:46     - 55 13  161 49  14.34 0.08  0.0    4  8.5 11.1       206
 *** DISTANCE & RESIDUAL WEIGHTING CANCELLED FOR EVENT: 2021  1  7 13 28
  207 2021- 1- 7 13:28     - 55 11  161 49  14.94 0.28  0.0    4 15.1 16.7       207
  208 2021- 1- 7 13:28     - 55 18  161 32   7.14 0.15  0.0    4 13.9 11.6       208
  209 2021- 1- 7 15:51     - 54 44  160 43  15.00 0.18  0.0   11 15.9 19.5       209
  210 2021- 1- 7 15:51     - 54 42  160 17  13.64 0.21  0.0    8 16.7 10.8       210
  SEQ ---DATE--- TIME REMARK -LAT-  --LON-  DEPTH  RMS PMAG  NUM  ERH  ERZ  ID
  211 2021- 1- 7 18:20     - 55  3  161 27  10.91 0.09  0.0    6 11.4  8.8       211
  212 2021- 1- 7 18:20     - 54 60  161 34   8.51 0.05  0.0    4 10.3  7.9       212
 *** DISTANCE & RESIDUAL WEIGHTING CANCELLED FOR EVENT: 2021  1  7 18 27
  213 2021- 1- 7 18:27     - 55 23  161 43   0.50 0.17  0.0    4  7.2 14.8       213
  214 2021- 1- 7 18:28       55 22  161 46   3.41 0.00  0.0    4  2.9  1.1       214
  215 2021- 1- 7 19:18     - 54 59  161 19  14.61 0.14  0.0    4 14.4 12.5       215
 *** DISTANCE & RESIDUAL WEIGHTING CANCELLED FOR EVENT: 2021  1  7 19 18
  216 2021- 1- 7 19:18     - 55  3  161 43  13.12 0.42  0.0    4 24.5 17.4       216
  217 2021- 1- 7 19:34     - 54 42  160 53  15.00 0.13  0.0    7 15.6 16.5       217
  218 2021- 1- 7 19:35     - 55 20  161 26   6.73 0.13  0.0    5 12.8 16.3       218
  219 2021- 1- 7 19:36     - 55 21  161 22  14.92 0.04  0.0    4  3.3  8.7       219
  220 2021- 1- 7 20:41     - 54 54  160 54  16.96 0.20  0.0    7 18.5 20.6       220
  221 2021- 1- 7 20:42     - 54 55  160 59  42.17 0.26  0.0    8 18.5  8.1       221
  222 2021- 1- 7 22:11       55  4  161 38  13.12 0.10  0.0    6  4.8  4.7       222
  223 2021- 1- 7 23:38     - 54 36  161 16  16.12 0.12  0.0   18  5.9 11.6       223
  224 2021- 1- 8  0:22     - 54 53  161  2  32.75 0.23  0.0    9 13.9 22.4       224
  225 2021- 1- 8  0:22     - 55  8  161 37  25.23 0.20  0.0    6 13.5  8.2       225
 *** DISTANCE & RESIDUAL WEIGHTING CANCELLED FOR EVENT: 2021  1  8  0 41
  SEQ ---DATE--- TIME REMARK -LAT-  --LON-  DEPTH  RMS PMAG  NUM  ERH  ERZ  ID
  226 2021- 1- 8  0:40     - 54 51  161 43  15.00 0.46  0.0    4 22.7 39.4       226
  227 2021- 1- 8  0:53     - 55  0  161  9  30.80 0.11  0.0    8 11.5  1.4       227
  228 2021- 1- 8  0:53     - 54 45  160 33  13.02 0.15  0.0   10  6.8 13.5       228
  229 2021- 1- 8  1:59     - 54 46  160 39  15.00 0.19  0.0   11 17.1 20.1       229
  230 2021- 1- 8  1:59     - 54 41  160 25  19.86 0.29  0.0   10 21.7  6.4       230
  231 2021- 1- 8  2:32     - 54 58  161  8  31.45 0.19  0.0    7 17.1  1.4       231
  232 2021- 1- 8  2:32     - 54 52  161  2  32.01 0.14  0.0    5 12.6  1.3       232
 *** DISTANCE & RESIDUAL WEIGHTING CANCELLED FOR EVENT: 2021  1  8  4 43
  233 2021- 1- 8  4:43     - 55 12  162  9   9.40 0.78  0.0    4 66.3 24.7       233
  234 2021- 1- 8  5:12       55  6  162  5  15.48 0.00  0.0    4  1.0  1.4       234
  235 2021- 1- 8  5:44     - 55 19  161 21  11.94 0.09  0.0    5 14.0  7.7       235
  236 2021- 1- 8  5:44     - 55 18  161 21  15.53 0.03  0.0    4 11.7  3.8       236
  237 2021- 1- 8  8:35       55  6  161 37  17.49 0.00  0.0    4  2.9  3.4       237
  238 2021- 1- 8 10:31     - 55  2  161 21  31.03 0.21  0.0    7 17.4  6.0       238
  239 2021- 1- 8 10:31     - 55  6  161 30  30.15 0.18  0.0    6 13.1  7.0       239
  240 2021- 1- 8 10:39     - 55  1  161 19  14.90 0.17  0.0    4 16.0 13.0       240
 *** DISTANCE & RESIDUAL WEIGHTING CANCELLED FOR EVENT: 2021  1  8 10 39
  SEQ ---DATE--- TIME REMARK -LAT-  --LON-  DEPTH  RMS PMAG  NUM  ERH  ERZ  ID
  241 2021- 1- 8 10:39     - 55  3  161 48  13.32 0.23  0.0    5 15.2  5.6       241
  242 2021- 1- 8 12:44     - 55  6  160 55  14.98 0.08  0.0    4 14.1  2.2       242
  243 2021- 1- 8 12:53     - 55  1  161 34  19.21 0.19  0.0    5 15.6  6.1       243
 *** DISTANCE & RESIDUAL WEIGHTING CANCELLED FOR EVENT: 2021  1  8 12 53
  244 2021- 1- 8 12:53     - 54 58  161 49  18.79 0.33  0.0    5 29.8  2.9       244
  245 2021- 1- 8 13:32     - 55  7  160 53  15.28 0.18  0.0    6 18.2  3.2       245
  246 2021- 1- 8 13:33     - 55 16  161 26  33.33 0.14  0.0    4 15.1  2.8       246
  247 2021- 1- 8 13:37     - 55  9  161 26   8.30 0.06  0.0    4 13.3 12.4       247
  248 2021- 1- 8 13:47     - 55  5  161 45  19.16 0.11  0.0    6 11.1  6.2       248
  249 2021- 1- 8 16:25     # 54 19  162 47  27.28 0.13  0.0    6  7.1  2.0       249
  250 2021- 1- 8 16:51     - 55 11  161 12  15.06 0.07  0.0    4 13.5 12.4       250
 *** DISTANCE & RESIDUAL WEIGHTING CANCELLED FOR EVENT: 2021  1  8 16 51
  251 2021- 1- 8 16:51     - 54 56  161 15  14.50 0.23  0.0    4 20.5  3.4       251
  252 2021- 1- 8 17:02     - 55 31  160 24  17.16 0.40  0.0    7 10.7 35.3       252
 *** DISTANCE & RESIDUAL WEIGHTING CANCELLED FOR EVENT: 2021  1  8 17  2
  253 2021- 1- 8 17:02     - 55  7  163  7  14.27 0.74  0.0    4 43.8 33.0       253
  254 2021- 1- 8 17:13     - 56  3  160 26  14.63 0.26  0.0    4 24.9 22.4       254
  255 2021- 1- 8 18:29     - 54 34  161  1  15.00 0.20  0.0    8 18.5 21.0       255
  SEQ ---DATE--- TIME REMARK -LAT-  --LON-  DEPTH  RMS PMAG  NUM  ERH  ERZ  ID
  256 2021- 1- 8 18:29     - 54 39  161 22  14.44 0.33  0.0    6 22.9  3.6       256
  257 2021- 1- 8 18:58       55 22  161 50  17.04 0.00  0.0    4  1.5  2.0       257
 *** DISTANCE & RESIDUAL WEIGHTING CANCELLED FOR EVENT: 2021  1  8 21 12
  258 2021- 1- 8 21:12     - 54 44  162 25  20.26 0.54  0.0    5 43.2 16.8       258
 *** DISTANCE & RESIDUAL WEIGHTING CANCELLED FOR EVENT: 2021  1  8 21 13
  259 2021- 1- 8 21:12     # 54 43  162 23  14.67 0.12  0.0    5 10.4  2.1       259
  260 2021- 1- 8 21:38       55 19  161 55  17.40 0.00  0.0    4  3.8  1.7       260
  261 2021- 1- 8 22:26     - 54 58  161 33  21.50 0.13  0.0    8 12.8  4.3       261
 *** DISTANCE & RESIDUAL WEIGHTING CANCELLED FOR EVENT: 2021  1  8 22 27
  262 2021- 1- 8 22:26     - 55  3  161 34   6.01 0.46  0.0    5 30.9  7.1       262
  263 2021- 1- 8 23:56     - 55 35  162  1  21.88 0.10  0.0    4 14.9  1.9       263
  264 2021- 1- 9  0:32     - 55  6  161 15   9.89 0.19  0.0    4 16.8 19.5       264
 *** DISTANCE & RESIDUAL WEIGHTING CANCELLED FOR EVENT: 2021  1  9  0 32
  265 2021- 1- 9  0:32     - 54 59  161  1  11.00 0.19  0.0    5 17.9 19.4       265
  266 2021- 1- 9  0:38     # 55  8  163 11  16.04 0.93  0.0   11  9.5  7.2       266
  267 2021- 1- 9  2:39     - 54 49  161 23  29.69 0.15  0.0    8 14.2  6.9       267
  268 2021- 1- 9  2:39       55  6  161 53  13.57 0.07  0.0    5  4.5  3.6       268
  269 2021- 1- 9  3:50     - 54 58  161 17  13.66 0.13  0.0    4 12.0 10.9       269
 *** DISTANCE & RESIDUAL WEIGHTING CANCELLED FOR EVENT: 2021  1  9  4 46
  270 2021- 1- 9  4:45     - 55 20  161 15  33.50 0.53  0.0    5 35.6 20.5       270
  SEQ ---DATE--- TIME REMARK -LAT-  --LON-  DEPTH  RMS PMAG  NUM  ERH  ERZ  ID
  271 2021- 1- 9  4:46     - 55 11  160 39  15.02 0.18  0.0    4 17.5 18.2       271
 *** DISTANCE & RESIDUAL WEIGHTING CANCELLED FOR EVENT: 2021  1  9  5  5
  272 2021- 1- 9  5:05     - 55 10  163 26  15.00 0.49  0.0    6 19.5 37.4       272
  273 2021- 1- 9  5:23       55  4  162 23   1.88 0.00  0.0    5  1.2  5.6       273
  274 2021- 1- 9  6:59     - 55 18  161  9   9.16 0.19  0.0    5 16.7 19.2       274
  275 2021- 1- 9  6:59     - 55 21  162  5  22.08 0.03  0.0    4 10.1  1.7       275
  276 2021- 1- 9  7:16     - 54 37  161 34  11.26 0.13  0.0    8 12.6  2.6       276
  277 2021- 1- 9  7:16     - 54 35  161 23   3.78 0.06  0.0    7  7.1  6.3       277
  278 2021- 1- 9  7:28     - 55 27  161 40   9.25 0.21  0.0    5 20.7  4.0       278
  279 2021- 1- 9  7:32     - 55 25  161 42   9.05 0.19  0.0    5 17.0  1.7       279
  280 2021- 1- 9  7:47     - 55 24  161 45   8.76 0.17  0.0    6 15.3  2.4       280
  281 2021- 1- 9  7:49     - 54 57  162 51  17.15 0.11  0.0    5  5.5 13.5       281
  282 2021- 1- 9  7:49     - 54 59  161 27   7.67 0.42  0.0    7 28.0 34.7       282
 *** DISTANCE & RESIDUAL WEIGHTING CANCELLED FOR EVENT: 2021  1  9  7 49
  283 2021- 1- 9  7:49     # 55 11  161 37   7.43 0.50  0.0    4  6.1 30.2       283
  284 2021- 1- 9  7:54       54 43  161 36  10.11 0.10  0.0    9  9.6  4.2       284
 *** DISTANCE & RESIDUAL WEIGHTING CANCELLED FOR EVENT: 2021  1  9  7 54
  285 2021- 1- 9  7:54     # 54 48  161 38  15.00 0.78  0.0    5 27.6  9.4       285
  SEQ ---DATE--- TIME REMARK -LAT-  --LON-  DEPTH  RMS PMAG  NUM  ERH  ERZ  ID
  286 2021- 1- 9  7:54     - 55  7  161 32  18.40 0.11  0.0    5 13.7  3.7       286
  287 2021- 1- 9  7:56     - 54 28  161 16  15.00 0.23  0.0    9 19.6 22.8       287
 *** DISTANCE & RESIDUAL WEIGHTING CANCELLED FOR EVENT: 2021  1  9  8 33
  288 2021- 1- 9  8:33     - 55 11  162 24  14.92 0.43  0.0    4  9.6 31.0       288
  289 2021- 1- 9  9:08     - 54 38  161 35  11.04 0.16  0.0    9 12.7  5.3       289
  290 2021- 1- 9  9:08       54 37  161 25   7.05 0.03  0.0    6  7.0  1.4       290
  291 2021- 1- 9  9:15     - 55 24  161 45   6.23 0.18  0.0    5 16.0  2.7       291
  292 2021- 1- 9  9:33     - 54 33  161 19  15.00 0.23  0.0    8 18.6 23.2       292
  293 2021- 1- 9  9:33     - 54 45  161 32  19.24 0.40  0.0    5 26.0 34.9       293
  294 2021- 1- 9 10:26     - 54 34  161 38  33.95 0.10  0.0   10  1.7 13.6       294
  295 2021- 1- 9 10:54     - 55 22  161 49   5.81 0.08  0.0    5 13.8  1.2       295
 *** DISTANCE & RESIDUAL WEIGHTING CANCELLED FOR EVENT: 2021  1  9 11 53
  296 2021- 1- 9 11:53     - 55  9  161 29   8.78 0.15  0.0    4 13.0 15.0       296
 *** DISTANCE & RESIDUAL WEIGHTING CANCELLED FOR EVENT: 2021  1  9 11 53
  297 2021- 1- 9 11:53     - 54 57  161 19  17.26 0.22  0.0    4 18.5 20.7       297
  298 2021- 1- 9 12:12     - 54 48  160 58  33.07 0.19  0.0    9 18.1 20.4       298
  299 2021- 1- 9 12:12     - 54 52  161  7  24.99 0.19  0.0    8 15.3  7.5       299
  300 2021- 1- 9 13:42     - 55 33  161 10  49.31 0.15  0.0   10 13.4  7.6       300
  SEQ ---DATE--- TIME REMARK -LAT-  --LON-  DEPTH  RMS PMAG  NUM  ERH  ERZ  ID
  301 2021- 1- 9 13:44     - 54 35  161 18  15.13 0.13  0.0   13  7.0 14.1       301
  302 2021- 1-10  1:59     - 54 58  162 38  31.55 0.05  0.0    5  9.3  6.7       302
 *** DISTANCE & RESIDUAL WEIGHTING CANCELLED FOR EVENT: 2021  1 10  1 59
  303 2021- 1-10  1:59     - 54 56  163 22  15.00 0.30  0.0    4 21.9 27.7       303
  304 2021- 1-10  2:20     - 54 54  161 19  16.61 0.20  0.0    4 18.8 20.8       304
 *** DISTANCE & RESIDUAL WEIGHTING CANCELLED FOR EVENT: 2021  1 10  5 58
  305 2021- 1-10  5:58     - 55 32  162 22  15.00 2.02  0.0    5 18.2 97.3       305
 *** DISTANCE & RESIDUAL WEIGHTING CANCELLED FOR EVENT: 2021  1 10  6 17
  306 2021- 1-10  6:17     - 55  8  161 59  14.97 1.52  0.0    5 79.9 58.4       306
  307 2021- 1-10  6:17     - 55 22  160 46  15.01 0.12  0.0    4 14.4 15.6       307
  308 2021- 1-10 10:15     - 54 36  161  2  15.00 0.14  0.0    9 14.0 16.9       308
  309 2021- 1-10 10:15     - 54 33  160 57  15.00 0.31  0.0   10 22.4 28.8       309
  310 2021- 1-10 12:29     - 55  7  161 36   8.03 0.19  0.0    7  3.6 15.2       310
  311 2021- 1-10 13:18     - 55 13  162 50  18.00 0.18  0.0    4  5.1 19.3       311
  312 2021- 1-10 14:32     - 54 47  160 51  15.00 0.20  0.0   11 16.0 21.1       312
 *** DISTANCE & RESIDUAL WEIGHTING CANCELLED FOR EVENT: 2021  1 10 14 32
  313 2021- 1-10 14:32     - 55 13  161 54  10.95 0.20  0.0    4  9.7 17.1       313
  314 2021- 1-10 14:32     - 55 21  161 32  13.16 0.02  0.0    4 10.7  4.9       314
 *** DISTANCE & RESIDUAL WEIGHTING CANCELLED FOR EVENT: 2021  1 10 15 38
  315 2021- 1-10 15:38     - 55 12  162  3  15.38 0.23  0.0    4  8.3 15.5       315
  SEQ ---DATE--- TIME REMARK -LAT-  --LON-  DEPTH  RMS PMAG  NUM  ERH  ERZ  ID
  316 2021- 1-10 20:34     - 54 52  163 28  35.04 0.93  0.0   13 10.2 75.4       316
 *** DISTANCE & RESIDUAL WEIGHTING CANCELLED FOR EVENT: 2021  1 10 21  2
  317 2021- 1-10 21:02     - 54 54  162 56  13.46 0.58  0.0    5 40.0 28.2       317
  318 2021- 1-10 21:02     - 54 23  161 32  15.62 0.23  0.0    8  9.7 20.3       318
  319 2021- 1-10 22:31     - 54 13  162 27  14.71 0.16  0.0   10  8.2 16.5       319
  320 2021- 1-11  1:19     - 55  2  161 27   9.68 0.13  0.0    4 14.0 12.4       320
 *** DISTANCE & RESIDUAL WEIGHTING CANCELLED FOR EVENT: 2021  1 11  1 32
  321 2021- 1-11  1:32     # 55 19  161 55  15.00 0.90  0.0    4 34.8 20.5       321
 *** DISTANCE & RESIDUAL WEIGHTING CANCELLED FOR EVENT: 2021  1 11  2 24
  322 2021- 1-11  2:24     - 54 44  161 18  14.98 0.32  0.0    4 28.5  4.1       322
  323 2021- 1-11  3:58     - 55 22  161 26   7.67 0.19  0.0    4 14.3 13.5       323
  324 2021- 1-11  3:58     - 55 21  161 26   7.25 0.20  0.0    5 12.7 14.9       324
  325 2021- 1-11  7:19     - 54 50  162 25  12.97 0.06  0.0    9 12.3  4.8       325
  326 2021- 1-11  7:19     - 54 54  162 42   6.33 0.33  0.0    4 25.5 26.7       326
  327 2021- 1-11  7:44     - 54 46  162 28  10.43 0.19  0.0    5 18.4 14.0       327
  328 2021- 1-11  8:00     - 54 56  162 18  10.97 0.09  0.0    5  9.4  9.5       328
  329 2021- 1-11  9:23     - 54 39  162 31  13.42 0.16  0.0    8 16.3  2.2       329
  330 2021- 1-11  9:24     - 54 58  162 17   5.71 0.01  0.0    4  9.2  7.5       330
  SEQ ---DATE--- TIME REMARK -LAT-  --LON-  DEPTH  RMS PMAG  NUM  ERH  ERZ  ID
  331 2021- 1-11  9:24     - 55 23  162 14   6.84 0.13  0.0    4  3.2 16.2       331
  332 2021- 1-11 10:45     - 54 44  162 26  14.38 0.08  0.0    9  9.9  1.3       332
  333 2021- 1-11 10:45     - 54 38  162 39   6.10 0.44  0.0    6 27.9 22.7       333
  334 2021- 1-11 10:49     - 55 19  161 29   4.71 0.01  0.0    4 11.6  2.6       334
  335 2021- 1-11 11:07     - 54 48  161  6  34.34 0.19  0.0    9 15.7 12.6       335
  336 2021- 1-11 11:07     - 54 46  161 13  33.22 0.41  0.0    8 26.5 35.0       336
  337 2021- 1-11 11:14     - 55  4  161 17  17.58 0.12  0.0    5 13.1 11.7       337
  338 2021- 1-11 12:15     - 55 13  161 27   8.68 0.12  0.0    4 15.6 12.7       338
 *** DISTANCE & RESIDUAL WEIGHTING CANCELLED FOR EVENT: 2021  1 11 13 10
  339 2021- 1-11 13:10     - 55 23  161 35   1.05 0.39  0.0    4 20.5 33.0       339
  340 2021- 1-11 13:50     - 55 18  160 45  15.01 0.22  0.0    4 18.6 22.3       340
  341 2021- 1-11 15:39     - 55 10  161 13  11.99 0.19  0.0    6 14.0 14.8       341
  342 2021- 1-11 15:40     - 55  8  161 19  33.02 0.09  0.0    4 11.8  3.3       342
  343 2021- 1-11 16:27     - 55 20  160 35  16.34 0.23  0.0    7 10.0 20.5       343
  344 2021- 1-11 21:17     - 55 13  160 44  32.46 0.15  0.0   10 14.8 17.5       344
 *** DISTANCE & RESIDUAL WEIGHTING CANCELLED FOR EVENT: 2021  1 11 21 18
  345 2021- 1-11 21:18     # 55 22  161 43  33.75 0.40  0.0    4 15.8 15.8       345
 *** DISTANCE & RESIDUAL WEIGHTING CANCELLED FOR EVENT: 2021  1 12  2 46
  SEQ ---DATE--- TIME REMARK -LAT-  --LON-  DEPTH  RMS PMAG  NUM  ERH  ERZ  ID
  346 2021- 1-12  2:46     # 55 17  161 29  15.00 0.32  0.0    4 16.0 12.6       346
  347 2021- 1-12  3:22     - 54 59  161 30  11.77 0.14  0.0    5 12.8 10.0       347
  348 2021- 1-12  3:27     - 55 10  161 52   0.14 0.79  0.0    4 65.3 41.7       348
  349 2021- 1-12  6:14     - 55  2  161 24  11.79 0.13  0.0    6  4.3 12.6       349
  350 2021- 1-12  7:14     - 54 58  160 34  15.00 0.21  0.0   10 18.6 21.4       350
 *** DISTANCE & RESIDUAL WEIGHTING CANCELLED FOR EVENT: 2021  1 12  7 15
  351 2021- 1-12  7:15     - 55  9  160 38  15.05 0.73  0.0    4 47.8 62.1       351
  352 2021- 1-12  7:15     - 55  6  160 35  15.00 0.23  0.0    5 20.1 22.4       352
 *** DISTANCE & RESIDUAL WEIGHTING CANCELLED FOR EVENT: 2021  1 12  7 25
  353 2021- 1-12  7:25     # 55 19  161 50  15.00 1.26  0.0    4 18.8 15.4       353
 *** DISTANCE & RESIDUAL WEIGHTING CANCELLED FOR EVENT: 2021  1 12 10 56
  354 2021- 1-12 10:56     - 54 54  160 33  24.33 0.23  0.0    4  8.5 22.2       354
  355 2021- 1-12 11:37       54 51  161 49  13.45 0.11  0.0    7  5.0  5.9       355
  356 2021- 1-12 11:37       54 46  161 44  15.10 0.06  0.0    5  6.3  1.3       356
  357 2021- 1-12 11:58     - 55 12  161 29   8.05 0.05  0.0    4  3.2 11.7       357
  358 2021- 1-12 12:44     - 54 35  161 16  15.05 0.16  0.0   20  6.7 13.3       358
  359 2021- 1-12 14:13     - 54 46  161  4  27.59 0.18  0.0   11 17.3  2.8       359
 *** DISTANCE & RESIDUAL WEIGHTING CANCELLED FOR EVENT: 2021  1 12 14 14
  360 2021- 1-12 14:13     # 55 32  160 48  13.84 0.36  0.0    4  7.4  2.8       360
  SEQ ---DATE--- TIME REMARK -LAT-  --LON-  DEPTH  RMS PMAG  NUM  ERH  ERZ  ID
  361 2021- 1-12 15:20     - 54 54  162 20  13.40 0.09  0.0    4 11.3  8.5       361
 *** DISTANCE & RESIDUAL WEIGHTING CANCELLED FOR EVENT: 2021  1 12 15 21
  362 2021- 1-12 15:20     - 55 36  163 33  15.00 0.35  0.0    4 12.7 28.7       362
  363 2021- 1-12 15:48     - 54 45  161  2  21.84 0.20  0.0   10 15.2 13.5       363
  364 2021- 1-12 15:48     - 54 25  160 29  21.42 0.18  0.0    5 17.7  4.9       364
  365 2021- 1-12 17:54     - 54 44  161 35  12.03 0.21  0.0    7 13.9 11.6       365
  366 2021- 1-12 17:55     - 54 31  161 20   9.90 0.05  0.0    5 10.0  2.2       366
  367 2021- 1-12 18:00       54 54  161 50  19.43 0.11  0.0    6  5.1  2.8       367
  368 2021- 1-12 18:00     - 54 34  161 20   7.34 0.14  0.0    5 11.3 16.8       368
  369 2021- 1-12 19:06     - 54 34  161 20  15.01 0.22  0.0    6 18.9 21.9       369
  370 2021- 1-12 19:06     - 54 31  161 23  15.05 0.32  0.0    5 25.0 29.2       370
  371 2021- 1-12 20:52     - 54 58  161 30  27.00 0.25  0.0    8 16.8  6.8       371
  372 2021- 1-12 20:52       55  8  161 52  10.09 0.10  0.0    6  1.5  0.8       372
  373 2021- 1-12 21:02     - 54 40  161 37  10.46 0.13  0.0    9 11.4 10.2       373
 *** DISTANCE & RESIDUAL WEIGHTING CANCELLED FOR EVENT: 2021  1 12 21  2
  374 2021- 1-12 21:02     # 54 51  161 54  15.51 0.60  0.0    5 16.3  4.0       374
  375 2021- 1-12 21:24     - 54 42  162 20  14.68 0.19  0.0    7 18.2  2.5       375
  SEQ ---DATE--- TIME REMARK -LAT-  --LON-  DEPTH  RMS PMAG  NUM  ERH  ERZ  ID
  376 2021- 1-12 21:24     - 54 31  162 28  15.00 0.15  0.0    4 16.3 17.2       376
  377 2021- 1-12 21:30     - 55  1  161 19  14.91 0.14  0.0    5 12.8 10.4       377
  378 2021- 1-12 21:30     - 55  6  161 24  15.45 0.13  0.0    4 13.8  9.0       378
  379 2021- 1-12 21:37     - 55 10  161 24  10.15 0.06  0.0    4 13.1 10.7       379
  380 2021- 1-12 21:37       55 15  161 40  16.37 0.00  0.0    4  3.2  2.4       380
  381 2021- 1-13  0:01     - 54 37  161 37  33.67 0.24  0.0   19  1.6 20.4       381
 *** DISTANCE & RESIDUAL WEIGHTING CANCELLED FOR EVENT: 2021  1 13  5 51
  382 2021- 1-13  5:51     - 55  5  162 41  15.06 1.39  0.0    5 92.1 11.1       382
  383 2021- 1-13  8:00     - 55 14  161 28   7.20 0.13  0.0    4 13.7 14.3       383
  384 2021- 1-13 11:30     - 55  9  161 11  15.11 0.22  0.0    6 12.9 13.2       384
  385 2021- 1-13 11:30     - 55 15  160 21  15.01 0.25  0.0    6 21.6 23.7       385
  386 2021- 1-13 12:29     - 55  9  162  5  23.44 3.01  0.0    4 98.0 50.6       386
  387 2021- 1-13 12:33     - 55  3  160 44  19.61 0.22  0.0    9 14.7 15.6       387
  388 2021- 1-13 12:33     - 55  6  160 42  15.01 0.36  0.0    8 23.6 32.7       388
  389 2021- 1-13 12:35       54 57  161 28  21.72 0.20  0.0    8  4.1  6.2       389
 *** DISTANCE & RESIDUAL WEIGHTING CANCELLED FOR EVENT: 2021  1 13 12 36
  390 2021- 1-13 12:36     # 55  9  161 57  25.86 0.54  0.0    5 17.3 11.2       390
  SEQ ---DATE--- TIME REMARK -LAT-  --LON-  DEPTH  RMS PMAG  NUM  ERH  ERZ  ID
  391 2021- 1-13 12:57     - 54 59  161 33  22.08 0.08  0.0    5 12.9  6.1       391
  392 2021- 1-13 12:57     - 54 37  160 50  31.57 0.46  0.0    6 36.4 39.8       392
 *** DISTANCE & RESIDUAL WEIGHTING CANCELLED FOR EVENT: 2021  1 13 14 42
  393 2021- 1-13 14:42     # 55 21  161 35  24.57 0.65  0.0    5 17.8 22.6       393
  394 2021- 1-13 14:45     - 55 16  160 36  15.00 0.22  0.0    5 19.4 21.9       394
  395 2021- 1-13 14:57     - 55  4  162  3   0.20 0.10  0.0   10  0.8 11.4       395
  396 2021- 1-13 15:22     - 54 46  161  5  12.91 0.15  0.0    9 15.6  2.5       396
  397 2021- 1-13 15:22     - 55  1  161 35  10.91 0.10  0.0    5 13.4  3.3       397
  398 2021- 1-13 15:42     - 55  9  161 37  19.36 0.01  0.0    5 11.0  4.7       398
  399 2021- 1-13 15:53     - 55 14  161 37  11.72 0.08  0.0    4 12.5  9.2       399
  400 2021- 1-13 16:13     - 54 48  161  5  22.50 0.23  0.0   10 18.4 13.6       400
  401 2021- 1-13 16:14       54 52  161 33  15.85 0.15  0.0    6 10.8  1.5       401
  402 2021- 1-13 16:23     - 54 43  160 23  14.57 0.19  0.0   12  8.6 17.4       402
 *** DISTANCE & RESIDUAL WEIGHTING CANCELLED FOR EVENT: 2021  1 13 16 40
  403 2021- 1-13 16:40     - 55 12  161 21  14.96 0.12  0.0    4  4.8 12.3       403
  404 2021- 1-13 19:42     - 54 33  161 45  17.15 0.11  0.0    4 15.4 15.4       404
  405 2021- 1-13 20:28     - 55  8  160 58  18.23 0.14  0.0    6 15.1 16.6       405
  SEQ ---DATE--- TIME REMARK -LAT-  --LON-  DEPTH  RMS PMAG  NUM  ERH  ERZ  ID
  406 2021- 1-13 20:28     - 55  6  160 51  15.02 0.27  0.0    6 22.5 25.8       406
  407 2021- 1-13 20:42     - 54 32  161  5  15.52 0.33  0.0    4 13.5 26.7       407
  408 2021- 1-13 20:47     - 55  4  161 13  14.57 0.15  0.0    5 13.4 12.0       408
  409 2021- 1-13 20:56     - 55  2  162  2   6.84 0.12  0.0    5  1.2 13.4       409
  410 2021- 1-13 21:12     - 55  5  160 44  11.04 0.21  0.0    8 19.2 20.7       410
  411 2021- 1-13 21:12     - 55  4  160 39  47.56 0.26  0.0    7 21.2  9.0       411
  412 2021- 1-13 21:31     - 55  9  161  6  17.86 0.21  0.0    8 16.9 18.2       412
  413 2021- 1-13 21:31     - 54 56  159 54  16.98 0.08  0.0    6 11.4  7.2       413
  414 2021- 1-13 21:35     - 54 45  160 53  15.00 0.11  0.0    6 14.9 15.3       414
  415 2021- 1-13 21:35     - 54 56  161 30  18.91 0.17  0.0    4 16.4  3.6       415
  416 2021- 1-13 21:42     - 55  4  160 49  34.29 0.14  0.0    9 12.4 14.8       416
  417 2021- 1-13 21:42     - 55  0  160 32  15.03 0.25  0.0    5 21.9 23.7       417
 *** DISTANCE & RESIDUAL WEIGHTING CANCELLED FOR EVENT: 2021  1 13 21 46
  418 2021- 1-13 21:46     - 54 52  161 44  11.30 2.73  0.0    5 98.2 97.5       418
 *** DISTANCE & RESIDUAL WEIGHTING CANCELLED FOR EVENT: 2021  1 13 21 46
  419 2021- 1-13 21:46     - 54 32  161 38  15.01 0.54  0.0    4 41.3 42.9       419
 *** DISTANCE & RESIDUAL WEIGHTING CANCELLED FOR EVENT: 2021  1 13 22 12
  420 2021- 1-13 22:12     - 54 53  161 46  29.21 0.48  0.0    4 42.0 15.6       420
  SEQ ---DATE--- TIME REMARK -LAT-  --LON-  DEPTH  RMS PMAG  NUM  ERH  ERZ  ID
  421 2021- 1-13 22:24     - 55  3  162  3   0.45 0.07  0.0    7  0.9 11.4       421
  422 2021- 1-13 22:45       55  4  162  3   4.70 0.11  0.0   11  0.7  0.6       422
  423 2021- 1-13 22:46     - 55  4  162  4   6.58 0.09  0.0    5  1.3 13.7       423
  424 2021- 1-13 22:54     - 55  4  162  3   0.40 0.07  0.0    7  0.9 11.5       424
  425 2021- 1-13 23:19       55  4  162  3   4.96 0.11  0.0   13  0.8  0.6       425
  426 2021- 1-13 23:37       55  6  162  3   3.29 0.08  0.0   12  0.5  2.0       426
 *** DISTANCE & RESIDUAL WEIGHTING CANCELLED FOR EVENT: 2021  1 13 23 38
  427 2021- 1-13 23:38     - 55 23  160 48  13.64 0.08  0.0    4 13.4  2.7       427
  428 2021- 1-13 23:45     - 55 60  161  8  17.69 0.07  0.0    6  2.3 13.6       428
  429 2021- 1-13 23:49       55  6  162  3   4.12 0.11  0.0   15  0.5  0.9       429
  430 2021- 1-13 23:52       55  6  162  3   3.54 0.11  0.0   15  0.5  1.4       430
  431 2021- 1-14  0:04     - 55  4  162  3   0.40 0.09  0.0    6  1.2 11.3       431
  432 2021- 1-14  0:05     - 55  2  161 36  20.32 0.11  0.0    7 10.9  2.9       432
  433 2021- 1-14  0:06     - 54 49  161 44   6.70 0.12  0.0    4 15.4 16.0       433
  434 2021- 1-14  0:38     - 55 47  160 46  15.00 0.30  0.0    7 25.9 28.1       434
  435 2021- 1-14  0:58     - 55  4  162  3   0.19 0.11  0.0    9  0.9 11.8       435
  SEQ ---DATE--- TIME REMARK -LAT-  --LON-  DEPTH  RMS PMAG  NUM  ERH  ERZ  ID
  436 2021- 1-14  1:31     - 55 10  162 14  15.79 0.06  0.0    4 13.6  1.6       436
  437 2021- 1-14  2:08     - 54 56  162 42  14.48 0.01  0.0    4  3.7 11.9       437
  438 2021- 1-14  2:07     - 54 20  161 21  14.71 0.22  0.0    8  9.6 19.7       438
  439 2021- 1-14  2:08     - 54 40  161 12  15.01 0.52  0.0    5 39.9 41.4       439
  440 2021- 1-14  2:16     - 54 52  162 60  14.87 0.03  0.0    4 10.2  7.3       440
  441 2021- 1-14  2:16     - 54 25  161 22   1.54 0.19  0.0    7 13.2 18.0       441
 *** DISTANCE & RESIDUAL WEIGHTING CANCELLED FOR EVENT: 2021  1 14  2 17
  442 2021- 1-14  2:16     - 54 47  161 53  14.97 0.40  0.0    5 29.5  3.5       442
 *** DISTANCE & RESIDUAL WEIGHTING CANCELLED FOR EVENT: 2021  1 14  3  9
  443 2021- 1-14  3:09     - 55  9  161 31  14.64 0.34  0.0    4 23.3 13.6       443
  444 2021- 1-14  3:41     - 54 51  162 60  14.84 0.02  0.0    4 10.0  7.3       444
  445 2021- 1-14  3:41       54 27  161 12  18.58 0.23  0.0    9 13.7  3.4       445
  446 2021- 1-14  3:41     - 54 48  161 25  11.84 0.19  0.0    5 18.8  2.7       446
  447 2021- 1-14  4:31     - 55 25  161 44  11.03 0.05  0.0    4 11.8  3.2       447
  448 2021- 1-14  5:15       55  3  162 28   3.33 0.11  0.0    6  4.5  1.0       448
  449 2021- 1-14  5:28       55  3  162  5   9.99 0.02  0.0    4  1.3  3.9       449
  450 2021- 1-14  5:36     - 55 27  162 23  15.04 0.33  0.0    4  4.2 27.9       450
  SEQ ---DATE--- TIME REMARK -LAT-  --LON-  DEPTH  RMS PMAG  NUM  ERH  ERZ  ID
  451 2021- 1-14  6:05     - 54 41  160 55  15.00 0.20  0.0    9 16.4 20.7       451
  452 2021- 1-14  6:06     - 54 54  161 41  14.94 0.19  0.0    4 17.1 19.8       452
 *** DISTANCE & RESIDUAL WEIGHTING CANCELLED FOR EVENT: 2021  1 14  6  6
  453 2021- 1-14  6:06     - 55  2  162  3  22.28 0.20  0.0    4 14.2 13.2       453
  454 2021- 1-14  6:11       55 18  161 38  29.28 0.00  0.0    4  2.0  1.6       454
 *** DISTANCE & RESIDUAL WEIGHTING CANCELLED FOR EVENT: 2021  1 14  6 23
  455 2021- 1-14  6:23     - 55  7  161 37  26.98 0.20  0.0    4 17.8  6.0       455
  456 2021- 1-14  6:30     - 54 35  161 17  14.99 0.14  0.0   18  6.4 12.8       456
  457 2021- 1-14  6:32     - 54 34  161 13  14.75 0.15  0.0   20  6.8 13.5       457
  458 2021- 1-14  6:33     - 54 35  161 17  15.00 0.14  0.0   15  6.3 12.5       458
  459 2021- 1-14  6:38     - 54 34  161 19  14.88 0.11  0.0   14  6.3 12.7       459
  460 2021- 1-14  6:43     - 54 34  161 17  14.96 0.14  0.0   18  6.6 13.1       460
  461 2021- 1-14  6:45     - 54 50  161 13  29.26 0.18  0.0    9 16.3  2.1       461
  462 2021- 1-14  6:45     - 54 42  161  9  15.00 0.46  0.0    7 28.9 39.7       462
  463 2021- 1-14  7:12     - 55  9  161 25   9.65 0.10  0.0    5 14.1 12.2       463
  464 2021- 1-14  9:54     - 54 44  160 48  15.00 0.19  0.0   11 16.5 20.2       464
  465 2021- 1-14  9:54     - 54 42  160 43  15.08 0.59  0.0    5 46.2 50.1       465
  SEQ ---DATE--- TIME REMARK -LAT-  --LON-  DEPTH  RMS PMAG  NUM  ERH  ERZ  ID
  466 2021- 1-14  9:57     - 54 50  160 51  15.00 0.22  0.0   10 18.6 21.9       466
  467 2021- 1-14  9:57     - 54 49  160 60  15.06 0.13  0.0    4 14.6 16.3       467
 *** DISTANCE & RESIDUAL WEIGHTING CANCELLED FOR EVENT: 2021  1 14 10 18
  468 2021- 1-14 10:18     - 55 19  163 16  15.00 0.34  0.0    4 21.6 10.9       468
  469 2021- 1-14 11:01     - 54 34  161 16  14.92 0.16  0.0   19  6.8 13.4       469
  470 2021- 1-14 11:54     - 55 47  160 57  20.59 0.21  0.0    5 18.5 21.1       470
 *** DISTANCE & RESIDUAL WEIGHTING CANCELLED FOR EVENT: 2021  1 14 12 42
  471 2021- 1-14 12:42     - 54 47  161 35  15.00 0.77  0.0    4 62.9 11.0       471
  472 2021- 1-14 13:22     - 55 35  160 21  14.59 0.04  0.0    4  5.7 11.6       472
  473 2021- 1-14 14:33     - 54 51  160 51  15.00 0.16  0.0    9 16.1 18.0       473
  474 2021- 1-14 14:33     - 54 53  160 41  15.01 0.10  0.0    5 13.7 15.0       474
  475 2021- 1-14 15:59       55  9  161 51  24.88 0.11  0.0    6  3.0  2.4       475
 *** DISTANCE & RESIDUAL WEIGHTING CANCELLED FOR EVENT: 2021  1 14 16  0
  476 2021- 1-14 15:59     # 55  3  162 28  46.55 0.97  0.0    7 25.9  6.8       476
  477 2021- 1-14 17:08     - 55  3  160 39  15.00 0.24  0.0   10 20.2 23.5       477
  478 2021- 1-14 17:08     - 55 57  162 12  14.99 0.05  0.0    4 11.5 13.0       478
  479 2021- 1-14 17:08     - 55  2  160 21  15.02 0.67  0.0    4 48.1 56.5       479
 *** DISTANCE & RESIDUAL WEIGHTING CANCELLED FOR EVENT: 2021  1 14 18  1
  480 2021- 1-14 18:00     # 55 21  161 60  14.99 0.61  0.0    5 11.4 18.3       480
  SEQ ---DATE--- TIME REMARK -LAT-  --LON-  DEPTH  RMS PMAG  NUM  ERH  ERZ  ID
  481 2021- 1-14 18:14     - 54 30  163 11  14.81 0.16  0.0    6  8.1 16.4       481
 *** DISTANCE & RESIDUAL WEIGHTING CANCELLED FOR EVENT: 2021  1 14 18 40
  482 2021- 1-14 18:40     - 55 17  161 39   0.17 0.33  0.0    4 15.6 30.5       482
  483 2021- 1-14 19:23     - 54 26  162 19  16.46 0.30  0.0    7 12.4 25.0       483
  484 2021- 1-14 20:10     - 55  7  161 23  23.94 0.23  0.0    4 19.4 12.2       484
  485 2021- 1-14 20:19     - 54 50  162 47  10.00 0.14  0.0    4 16.9 14.4       485
  486 2021- 1-14 20:19     - 54 53  162 35  13.68 0.03  0.0    4 11.3  4.4       486
  487 2021- 1-14 20:44     - 54 56  163  9  11.81 0.04  0.0    5  3.0  9.2       487
  488 2021- 1-14 21:31     - 55 19  161 28  10.03 0.12  0.0    4 15.3  9.3       488
  489 2021- 1-14 21:31     - 55 23  160 54  12.56 0.17  0.0    4 14.5 16.3       489
  490 2021- 1-14 21:44     - 54 28  161 49  17.83 0.42  0.0    8  5.0 36.6       490
  491 2021- 1-14 22:32     - 55 27  161 17  41.23 0.25  0.0    8 16.3  7.7       491
  492 2021- 1-14 22:51       55 25  161 43  28.84 0.00  0.0    4  6.5  1.2       492
  493 2021- 1-14 23:09     - 55  6  161 15  14.99 0.12  0.0    6 10.7  9.1       493
  494 2021- 1-14 23:09     - 54 58  161 32  56.70 0.31  0.0    4 22.5 14.6       494
  495 2021- 1-14 23:56     - 54 37  161 19  14.74 0.20  0.0    9  9.0 17.8       495
  SEQ ---DATE--- TIME REMARK -LAT-  --LON-  DEPTH  RMS PMAG  NUM  ERH  ERZ  ID
  496 2021- 1-15  1:01     - 54 24  162 18  36.00 0.17  0.0    6  6.7 16.9       496
  497 2021- 1-15  1:53     - 55 21  162 14  39.93 0.15  0.0    6  5.4 12.2       497
 *** DISTANCE & RESIDUAL WEIGHTING CANCELLED FOR EVENT: 2021  1 15  1 54
  498 2021- 1-15  1:53     - 55  2  161 48  26.14 0.25  0.0    4 18.2  8.9       498
  499 2021- 1-15  3:09     - 54 59  161 29  26.94 0.12  0.0    6 13.8  4.4       499
  500 2021- 1-15  3:09     - 55 16  161 20   7.61 0.07  0.0    5  8.4 11.2       500
  501 2021- 1-15  3:54     - 54 46  160 33  14.59 0.24  0.0   14  9.9 19.8       501
 *** DISTANCE & RESIDUAL WEIGHTING CANCELLED FOR EVENT: 2021  1 15  7 46
  502 2021- 1-15  7:46     - 54 55  161 49   7.28 0.50  0.0    4 43.2 32.6       502
 *** DISTANCE & RESIDUAL WEIGHTING CANCELLED FOR EVENT: 2021  1 15 11 40
  503 2021- 1-15 11:40     - 55 17  160 33  15.06 0.54  0.0    5 42.5 46.1       503
  504 2021- 1-15 15:49     # 55 20  162 13  18.97 1.62  0.0    6 11.2 48.1       504
  505 2021- 1-15 16:08     - 55  2  161 21  15.00 0.16  0.0    4 15.2 13.2       505
  506 2021- 1-15 16:08     - 54 52  161 19  32.45 0.16  0.0    4 15.2  1.1       506
 *** DISTANCE & RESIDUAL WEIGHTING CANCELLED FOR EVENT: 2021  1 15 17 18
  507 2021- 1-15 17:18     # 55 22  161 29  14.15 0.34  0.0    5 18.3 13.6       507
 *** DISTANCE & RESIDUAL WEIGHTING CANCELLED FOR EVENT: 2021  1 15 17 18
  508 2021- 1-15 17:18     - 55  8  161 15  38.45 0.38  0.0    5 26.9 11.0       508
  509 2021- 1-15 18:14     - 55  1  161 27  23.55 0.22  0.0    8 17.0  5.4       509
  510 2021- 1-15 18:22     - 55  1  161 12  40.75 0.19  0.0    8 16.7  7.0       510
  SEQ ---DATE--- TIME REMARK -LAT-  --LON-  DEPTH  RMS PMAG  NUM  ERH  ERZ  ID
  511 2021- 1-15 18:22     - 55  2  161 17  34.91 0.33  0.0    7 24.3  5.0       511
  512 2021- 1-15 21:12       55 34  161 48   9.03 0.19  0.0   10  1.3  2.8       512
 *** DISTANCE & RESIDUAL WEIGHTING CANCELLED FOR EVENT: 2021  1 15 21 30
  513 2021- 1-15 21:30     - 55  7  161 28   6.70 0.11  0.0    4 12.9 15.6       513
 *** DISTANCE & RESIDUAL WEIGHTING CANCELLED FOR EVENT: 2021  1 16  3 39
  514 2021- 1-16  3:39     - 55 11  162 20  14.92 0.45  0.0    4 15.9 27.9       514
  515 2021- 1-16  3:46     - 55 10  161 54  35.09 0.04  0.0    4 12.9  2.8       515
  516 2021- 1-16  4:15     - 55 16  161 19   9.68 0.10  0.0    4 14.1 12.4       516
  517 2021- 1-16  4:15     - 55 17  161 42  21.17 0.19  0.0    4 13.5  5.7       517
 *** DISTANCE & RESIDUAL WEIGHTING CANCELLED FOR EVENT: 2021  1 16  5 14
  518 2021- 1-16  5:14     # 55 21  161 37  15.00 0.46  0.0    4 14.6  9.1       518
  519 2021- 1-16  6:41     - 54 51  161 21  25.00 0.14  0.0    8 12.4  5.9       519
  520 2021- 1-16  6:42       55 13  161 52  15.46 0.00  0.0    4  1.8  1.3       520
  521 2021- 1-16  7:11     - 55  7  161 20  11.04 0.09  0.0    4 13.8 12.2       521
  522 2021- 1-16  9:04     - 54 47  161 57  14.10 0.02  0.0    4  8.6 11.9       522
  523 2021- 1-16 11:12       55 10  162 14  16.29 0.09  0.0    5 10.3  1.4       523
 *** DISTANCE & RESIDUAL WEIGHTING CANCELLED FOR EVENT: 2021  1 16 11 17
  524 2021- 1-16 11:17     - 55 16  162  7  14.74 0.16  0.0    4  6.0 14.0       524
  525 2021- 1-16 11:47     - 54 45  160 44  15.00 0.22  0.0   11 17.7 22.3       525
  SEQ ---DATE--- TIME REMARK -LAT-  --LON-  DEPTH  RMS PMAG  NUM  ERH  ERZ  ID
  526 2021- 1-16 11:47     - 54 48  160 45  15.00 0.25  0.0    7 17.8 24.2       526
 *** DISTANCE & RESIDUAL WEIGHTING CANCELLED FOR EVENT: 2021  1 16 18  0
  527 2021- 1-16 18:00     # 55 21  162  3  16.71 0.64  0.0    4 18.3 31.4       527
  528 2021- 1-16 20:41       54 49  163 10  10.10 0.06  0.0    6  4.7  3.7       528
  529 2021- 1-16 20:41     - 54 40  161 17  15.11 0.24  0.0    7 16.9 16.2       529
  530 2021- 1-17  8:14     - 54 40  160 42  15.00 0.13  0.0   20  6.7 13.5       530
  531 2021- 1-17 12:02     - 54 27  161 51  18.12 0.05  0.0    4  2.0 13.2       531
  532 2021- 1-17 16:26       55  3  161 57   9.93 0.15  0.0    8  1.9  1.5       532
  533 2021- 1-17 18:26     - 54 37  161 25  17.12 0.22  0.0   13  1.5 21.9       533
 *** DISTANCE & RESIDUAL WEIGHTING CANCELLED FOR EVENT: 2021  1 17 18 59
  534 2021- 1-17 18:59     - 54 56  162 15  15.00 0.02  0.0    4  9.0  8.7       534
  535 2021- 1-17 18:59     - 54 53  161 40   7.96 0.21  0.0    7 19.4 17.7       535
  536 2021- 1-17 18:59     - 54 44  161 50   6.42 0.16  0.0    9  4.9 18.1       536
  537 2021- 1-17 19:38     - 55  8  163 22   0.02 0.64  0.0    5 23.6 48.6       537
  538 2021- 1-17 19:59     - 54 58  161  5  32.75 0.21  0.0    9 16.4  1.5       538
  539 2021- 1-17 19:59     - 54 47  162 33  17.03 0.11  0.0    5 11.2 15.3       539
  540 2021- 1-17 20:28     - 54 34  161 16  15.01 0.14  0.0   17  6.7 13.2       540
  SEQ ---DATE--- TIME REMARK -LAT-  --LON-  DEPTH  RMS PMAG  NUM  ERH  ERZ  ID
  541 2021- 1-17 22:21     - 54 35  161 15  15.14 0.15  0.0   18  6.5 12.9       541
  542 2021- 1-18  2:07     - 55  6  161 21   8.02 0.10  0.0    4 14.2 13.5       542
  543 2021- 1-18  2:27     - 55 15  161 37   9.83 0.05  0.0    4 11.7  9.4       543
  544 2021- 1-18  2:56     - 54 58  161 19  30.57 0.23  0.0    7 19.4 10.7       544
  545 2021- 1-18  6:44     - 55 27  161 37   6.48 0.07  0.0    5  6.3 12.1       545
  546 2021- 1-18  9:17     - 54 30  161 12  15.56 0.15  0.0    6 10.5 15.5       546
  547 2021- 1-18  9:17     - 55  3  161 24   7.38 0.34  0.0    4 28.6 28.5       547
  548 2021- 1-18 14:01     - 55 12  161 25   9.71 0.15  0.0    4 17.4 13.0       548
  549 2021- 1-18 14:24     - 55  7  161 26  12.22 0.08  0.0    4 13.6  9.8       549
  550 2021- 1-18 20:06     - 55 15  161 30   8.50 0.05  0.0    5 12.1  9.2       550
  551 2021- 1-18 20:06     - 55 17  161 42  12.86 0.07  0.0    4  9.8  5.2       551
 *** DISTANCE & RESIDUAL WEIGHTING CANCELLED FOR EVENT: 2021  1 18 20  8
  552 2021- 1-18 20:08     # 55 12  161 22  21.82 0.01  0.0    4  8.2  3.1       552
  553 2021- 1-18 21:44     - 55 40  161 20  50.39 0.20  0.0    6 16.6 11.7       553
  554 2021- 1-18 21:44     - 54 54  160 49  15.98 0.12  0.0    5  7.4 13.5       554
 *** DISTANCE & RESIDUAL WEIGHTING CANCELLED FOR EVENT: 2021  1 18 22  2
  555 2021- 1-18 22:02     # 55 15  161 44  15.00 0.72  0.0    4 22.0 13.7       555
  SEQ ---DATE--- TIME REMARK -LAT-  --LON-  DEPTH  RMS PMAG  NUM  ERH  ERZ  ID
  556 2021- 1-18 22:02       55 10  161  2  16.00 0.00  0.0    4  3.7  0.9       556
  557 2021- 1-18 22:37     - 54 36  160 57  15.00 0.16  0.0   10 15.0 18.2       557
  558 2021- 1-18 22:37     - 54 39  161  1  34.83 0.30  0.0    9 18.2 24.9       558
  559 2021- 1-19  0:14     - 55  9  161 43  18.74 0.04  0.0    4 11.5  5.2       559
  560 2021- 1-19  2:21     - 54 52  161  3  34.20 0.23  0.0   10 15.7 14.4       560
  561 2021- 1-19  2:21     - 54 51  160 37  21.51 0.37  0.0    9 29.1  8.1       561
  562 2021- 1-19  2:22     - 54 47  160 47  15.00 0.24  0.0   10 19.6 23.5       562
  563 2021- 1-19  2:23     - 54 43  160 51  55.59 0.10  0.0    7 12.4  6.5       563
  564 2021- 1-19  2:24     - 54 48  160 57  34.51 0.24  0.0   10 16.8 21.1       564
  565 2021- 1-19  2:24     - 54 46  160 58  32.93 0.35  0.0    8 17.2 31.4       565
  566 2021- 1-19  2:25     - 54 40  160 41  64.51 0.15  0.0    7 16.3  7.9       566
  567 2021- 1-19  2:26     - 54 58  161 12  30.22 0.25  0.0    9 18.8  2.3       567
  568 2021- 1-19  2:26     - 54 47  160 52  34.38 0.32  0.0   10 18.5 26.1       568
  569 2021- 1-19  2:31     - 55  0  161 15  18.80 0.22  0.0    6 17.9 14.5       569
  570 2021- 1-19  2:32     - 55  4  161 39  48.40 0.64  0.0    5 31.4 23.4       570
  SEQ ---DATE--- TIME REMARK -LAT-  --LON-  DEPTH  RMS PMAG  NUM  ERH  ERZ  ID
  571 2021- 1-19  2:35     - 54 53  161  6  29.24 0.23  0.0    8 20.4 11.4       571
 *** DISTANCE & RESIDUAL WEIGHTING CANCELLED FOR EVENT: 2021  1 19  2 35
  572 2021- 1-19  2:35     # 54 59  161 29  32.96 0.45  0.0    5 22.9  1.3       572
  573 2021- 1-19  2:41     - 55  9  161 15  12.39 0.04  0.0    4 10.7  9.5       573
  574 2021- 1-19  2:46     - 55  3  161 35  27.51 0.19  0.0    6 15.4  7.0       574
  575 2021- 1-19  2:46     - 54 44  160 56  34.18 0.39  0.0    6 25.0 29.4       575
 *** DISTANCE & RESIDUAL WEIGHTING CANCELLED FOR EVENT: 2021  1 19  2 47
  576 2021- 1-19  2:47     - 55  9  161 23   7.45 0.20  0.0    4 16.9 20.7       576
  577 2021- 1-19  2:47     - 54 51  161  7  44.92 0.12  0.0    5 15.0  6.2       577
  578 2021- 1-19  3:07     - 54 57  161 15  17.69 0.22  0.0    8 14.2 16.6       578
  579 2021- 1-19  3:07     - 54 42  160 49  34.74 0.48  0.0    7 28.1 31.9       579
  580 2021- 1-19  3:39     - 54 47  160 59  35.76 0.18  0.0    9 13.1 11.9       580
  581 2021- 1-19  3:39     - 54 45  161  8  36.18 0.13  0.0    5 15.7 12.5       581
  582 2021- 1-19  4:22     - 55  1  161 12  17.29 0.19  0.0    7 15.6 19.9       582
  583 2021- 1-19  4:22     - 55  5  160 47  15.00 0.25  0.0    4 21.7 22.6       583
 *** DISTANCE & RESIDUAL WEIGHTING CANCELLED FOR EVENT: 2021  1 19  4 56
  584 2021- 1-19  4:56     - 55  2  161 16  12.24 0.34  0.0    5 24.5 21.3       584
 *** DISTANCE & RESIDUAL WEIGHTING CANCELLED FOR EVENT: 2021  1 19  4 56
  585 2021- 1-19  4:56     - 54 52  161 24  14.99 0.34  0.0    4 26.9  3.0       585
  SEQ ---DATE--- TIME REMARK -LAT-  --LON-  DEPTH  RMS PMAG  NUM  ERH  ERZ  ID
  586 2021- 1-19  5:12     - 55 26  162  2  14.87 0.07  0.0    4  8.7 10.1       586
  587 2021- 1-19  8:10     - 54 39  161  1  15.00 0.20  0.0    9 16.9 20.7       587
  588 2021- 1-19  8:11     - 54 48  161 20  26.93 0.13  0.0    6 12.0  4.5       588
  589 2021- 1-19  9:02     - 55  3  161 41  18.95 0.09  0.0    5 10.4  3.2       589
  590 2021- 1-19  9:03     - 55  7  163 20  18.88 0.23  0.0    8  1.9 22.9       590
 *** DISTANCE & RESIDUAL WEIGHTING CANCELLED FOR EVENT: 2021  1 19  9  3
  591 2021- 1-19  9:03     # 55 48  162 13  15.00 0.47  0.0    5  8.7 14.1       591
  592 2021- 1-19  9:11     - 54 57  160 45  10.94 0.19  0.0    4 14.8 14.9       592
  593 2021- 1-19  9:11     - 55  8  160 49  16.03 0.22  0.0    4 20.0 20.8       593
  594 2021- 1-19  9:39     - 54 36  161 12  15.00 0.14  0.0   17  6.5 13.0       594
 *** DISTANCE & RESIDUAL WEIGHTING CANCELLED FOR EVENT: 2021  1 19 10 15
  595 2021- 1-19 10:15     - 55  4  162 23  22.85 2.27  0.0    4 98.6 26.9       595
  596 2021- 1-19 11:37     - 55 13  161 20   7.66 0.10  0.0    4  3.8 14.7       596
  597 2021- 1-19 12:27       55  1  162 19   7.64 0.02  0.0    4  2.8  4.5       597
 *** DISTANCE & RESIDUAL WEIGHTING CANCELLED FOR EVENT: 2021  1 19 12 28
  598 2021- 1-19 12:28     - 54 59  162 30   6.52 0.56  0.0    4 44.9 48.5       598
  599 2021- 1-19 14:19       55  7  162 12  14.18 0.05  0.0    6  2.2  1.6       599
  600 2021- 1-19 15:59     - 54 50  161  1  15.00 0.13  0.0    4 13.7 16.7       600
  SEQ ---DATE--- TIME REMARK -LAT-  --LON-  DEPTH  RMS PMAG  NUM  ERH  ERZ  ID
  601 2021- 1-19 17:02     - 54 36  161 35  13.25 0.08  0.0    5 11.2 14.1       601
  602 2021- 1-19 18:07     - 55 25  160 37  15.51 0.19  0.0    9 16.3 20.0       602
  603 2021- 1-19 18:08     - 55 19  160 44  15.02 0.13  0.0    7 11.7 16.7       603
  604 2021- 1-19 18:37       55  6  161 44   9.89 0.05  0.0    5  3.1  3.8       604
  605 2021- 1-19 21:57       54 59  161 29  13.30 0.05  0.0    6  3.9  7.7       605
  606 2021- 1-19 21:57     # 55  7  161 43   4.31 0.01  0.0    4  4.3  1.9       606
  607 2021- 1-19 23:32     - 54 59  161 23  14.85 0.11  0.0    4 11.9  9.7       607
  608 2021- 1-19 23:43       55  6  162 12  13.24 0.10  0.0    8  2.4  1.8       608
  609 2021- 1-19 23:59     - 55 28  162 38  15.02 0.32  0.0    4  8.5 27.6       609
  610 2021- 1-20  1:44     - 55 19  161 31   3.15 0.08  0.0    4 11.2  8.5       610
  611 2021- 1-20  2:06     - 54 45  160 25  14.99 0.12  0.0   11  7.1 13.9       611
  612 2021- 1-20  2:06     - 54 49  160 49  34.09 0.26  0.0    8 17.5 24.1       612
 *** DISTANCE & RESIDUAL WEIGHTING CANCELLED FOR EVENT: 2021  1 20  5 28
  613 2021- 1-20  5:28     - 55 28  160 34  34.28 0.13  0.0    4 10.3 16.7       613
  614 2021- 1-20  8:22     - 54 49  161  0  33.40 0.22  0.0    9 19.5 21.7       614
  615 2021- 1-20  8:22     - 54 51  160 42  34.39 0.28  0.0    7 19.2 22.6       615
  SEQ ---DATE--- TIME REMARK -LAT-  --LON-  DEPTH  RMS PMAG  NUM  ERH  ERZ  ID
  616 2021- 1-20 19:50     - 55  1  161 23  38.55 0.21  0.0    8 15.7  5.5       616
  617 2021- 1-20 19:50     - 54 51  160 59  15.08 0.15  0.0    7 14.7 17.3       617
  618 2021- 1-20 21:22     - 55  3  161 22  26.85 0.18  0.0    7 15.1  6.9       618
  619 2021- 1-20 21:22     - 54 59  161 36  25.96 0.10  0.0    5 13.0  4.5       619
  620 2021- 1-20 21:30     - 55  6  161 24  29.21 0.12  0.0    6 14.4  5.4       620
  621 2021- 1-20 21:30     - 55  2  161 15  15.19 0.13  0.0    5 15.1  1.6       621
  622 2021- 1-21  1:55     - 54 52  161 13  30.03 0.20  0.0    8 17.7  7.6       622
  623 2021- 1-21  1:55     - 54 35  161  2   5.37 0.16  0.0    6 11.1 11.3       623
  624 2021- 1-21  5:01       55 10  161 25  15.00 0.22  0.0    6 14.8  9.1       624
  625 2021- 1-21  5:01     - 55  4  160 33  15.00 0.36  0.0    6 28.7 32.4       625
 *** DISTANCE & RESIDUAL WEIGHTING CANCELLED FOR EVENT: 2021  1 21  5  4
  626 2021- 1-21  5:03     - 54 30  162 52  15.00 1.48  0.0    4 99.0 12.3       626
  627 2021- 1-21  5:06     - 55 16  161 23   6.67 0.33  0.0    4 28.5 30.1       627
  628 2021- 1-21  5:06     - 55  7  160 46  15.03 0.32  0.0    5 24.7 29.4       628
  629 2021- 1-21  7:20     - 55 14  161 17  14.93 0.23  0.0    4 22.7 16.5       629
 *** DISTANCE & RESIDUAL WEIGHTING CANCELLED FOR EVENT: 2021  1 21  7 21
  630 2021- 1-21  7:21     - 55 28  161  7  15.00 0.64  0.0    4 53.0 40.4       630
  SEQ ---DATE--- TIME REMARK -LAT-  --LON-  DEPTH  RMS PMAG  NUM  ERH  ERZ  ID
  631 2021- 1-21  7:50     # 54 30  161 43  10.71 0.13  0.0    7  1.2  1.7       631
  632 2021- 1-21  8:08     - 54 59  161  3  28.13 0.14  0.0    8 13.1  2.0       632
  633 2021- 1-21  8:08     - 54 55  160 54  14.99 0.19  0.0    8 16.6 20.3       633
  634 2021- 1-21  8:21     - 55  8  160 59  16.93 0.18  0.0    5 18.0 19.3       634
  635 2021- 1-21  8:21       55 22  161 48  14.33 0.08  0.0    5  1.4  2.3       635
  636 2021- 1-21 12:18     - 55 11  163 40  15.52 0.23  0.0    5 10.3 20.2       636
  637 2021- 1-21 12:34       55  8  162 24  39.88 0.12  0.0    7  4.7  8.0       637
  638 2021- 1-21 13:36     - 55  9  162 44  45.29 0.17  0.0    8 10.0  9.2       638
 *** DISTANCE & RESIDUAL WEIGHTING CANCELLED FOR EVENT: 2021  1 21 13 36
  639 2021- 1-21 13:36     # 55  8  162 39  40.17 0.96  0.0    7 21.3 18.7       639
  640 2021- 1-21 16:27     - 54 35  161 39  16.46 0.16  0.0   15  7.2 14.0       640
  641 2021- 1-21 17:08     - 54 35  160 46  15.41 0.22  0.0    6  9.6 19.6       641
  642 2021- 1-21 18:11     - 54 59  161  2  32.10 0.23  0.0    9 18.5  1.8       642
  643 2021- 1-21 18:11     - 54 42  160 21  20.47 0.19  0.0    7 17.0  4.9       643
  644 2021- 1-21 20:41     - 54 53  160 40  15.00 0.18  0.0    9 17.1 19.7       644
  645 2021- 1-21 20:41     - 54 53  160 53  29.31 0.21  0.0    8 15.2  2.6       645
 *** DISTANCE & RESIDUAL WEIGHTING CANCELLED FOR EVENT: 2021  1 21 21 23
  SEQ ---DATE--- TIME REMARK -LAT-  --LON-  DEPTH  RMS PMAG  NUM  ERH  ERZ  ID
  646 2021- 1-21 21:22     - 55 14  160  6  14.98 1.14  0.0    6 82.0 95.3       646
  647 2021- 1-21 21:23       55 11  161 43  11.11 0.00  0.0    4  5.0  5.5       647
  648 2021- 1-21 23:35     - 55  6  161 25  15.11 0.02  0.0    4 12.0  8.8       648
  649 2021- 1-22  5:08     - 54 35  161 19  17.64 0.21  0.0    5  5.9 21.2       649
  650 2021- 1-22  5:08     # 54 41  161 31  13.23 0.10  0.0    6  9.7  1.6       650
 *** DISTANCE & RESIDUAL WEIGHTING CANCELLED FOR EVENT: 2021  1 22  6  5
  651 2021- 1-22  6:05     - 55 20  161 56  33.77 0.55  0.0    4 47.5 15.3       651
 *** DISTANCE & RESIDUAL WEIGHTING CANCELLED FOR EVENT: 2021  1 22  9 44
  652 2021- 1-22  9:44     - 55 29  161 46  16.90 0.22  0.0    4 18.1  9.3       652
  653 2021- 1-22 11:08     - 55  6  161 22  15.00 0.06  0.0    4 13.1 10.5       653
  654 2021- 1-22 11:08     - 54 58  161 40  13.87 0.24  0.0    4 22.4  3.4       654
  655 2021- 1-22 11:29     - 54 38  161  0  15.00 0.18  0.0    8 16.8 19.6       655
  656 2021- 1-22 11:29     # 55  8  161 55  10.32 0.01  0.0    5  3.2  3.2       656
  657 2021- 1-22 12:58     - 54 27  162  8  18.05 0.14  0.0    8  2.7 16.7       657
  658 2021- 1-22 14:38     - 55  6  163 23  19.54 0.06  0.0    4  1.6 13.4       658
 *** DISTANCE & RESIDUAL WEIGHTING CANCELLED FOR EVENT: 2021  1 22 14 38
  659 2021- 1-22 14:38     - 55 49  162  1  15.04 0.24  0.0    4 10.5 21.0       659
 *** DISTANCE & RESIDUAL WEIGHTING CANCELLED FOR EVENT: 2021  1 22 15 35
  660 2021- 1-22 15:34     - 55 23  161 48  20.87 0.41  0.0    4 36.1  8.1       660
 *** DISTANCE & RESIDUAL WEIGHTING CANCELLED FOR EVENT: 2021  1 22 16  0
  SEQ ---DATE--- TIME REMARK -LAT-  --LON-  DEPTH  RMS PMAG  NUM  ERH  ERZ  ID
  661 2021- 1-22 15:59     # 55 20  162 23  23.10 0.61  0.0    4 14.4 19.5       661
 *** DISTANCE & RESIDUAL WEIGHTING CANCELLED FOR EVENT: 2021  1 22 16 21
  662 2021- 1-22 16:21     - 54 56  161 33  37.87 0.37  0.0    4 26.5  9.9       662
  663 2021- 1-22 18:34     - 55  8  161 12  14.89 0.23  0.0    5 18.5 18.6       663
  664 2021- 1-22 18:34     - 55 15  160 20  15.02 0.14  0.0    4 15.6 16.2       664
  665 2021- 1-22 19:16     - 54 43  160 50  15.00 0.20  0.0   10 17.4 21.0       665
  666 2021- 1-22 19:16     - 54 44  160 59  15.00 0.23  0.0    7 18.6 22.6       666
 *** DISTANCE & RESIDUAL WEIGHTING CANCELLED FOR EVENT: 2021  1 22 19 42
  667 2021- 1-22 19:42     # 55 21  161 59  21.28 0.42  0.0    5  9.2  3.5       667
  668 2021- 1-22 19:48     - 54 56  161  0  26.33 0.17  0.0    8 16.0  5.5       668
  669 2021- 1-22 19:49     - 54 53  161  3  32.92 0.17  0.0    9  9.7 18.6       669
  670 2021- 1-22 21:06     - 54 42  161 21  19.48 0.17  0.0   13  1.2 18.6       670
  671 2021- 1-22 22:25     - 54 56  161 20  13.66 0.15  0.0    5 14.9 13.0       671
  672 2021- 1-22 22:25     # 55 16  162  5   3.65 0.40  0.0    4  1.8  8.3       672
  673 2021- 1-22 22:26     - 55 13  161 23   8.86 0.21  0.0    8  3.3 17.6       673
  674 2021- 1-22 22:26     - 54 50  160 57  15.00 0.42  0.0    7 29.0 36.6       674
  675 2021- 1-23  2:36       55 13  161 45  10.27 0.00  0.0    4  3.5  7.2       675
  SEQ ---DATE--- TIME REMARK -LAT-  --LON-  DEPTH  RMS PMAG  NUM  ERH  ERZ  ID
  676 2021- 1-23  4:02     - 54 55  161 36  14.99 0.13  0.0    5 14.0 15.0       676
  677 2021- 1-23  5:34     - 55  2  160 45  15.00 0.15  0.0   10 14.9  2.7       677
  678 2021- 1-23  5:34     - 54 56  160  1  15.01 0.19  0.0    9 17.3 20.2       678
  679 2021- 1-23  7:07     - 55 12  161  9  28.90 0.17  0.0    6 16.5  9.1       679
  680 2021- 1-23  7:07     - 55  1  159 40  15.64 0.19  0.0    7 16.1  9.9       680
  681 2021- 1-23  7:11     - 54 49  161 10  17.05 0.14  0.0    8  5.9 17.3       681
 *** DISTANCE & RESIDUAL WEIGHTING CANCELLED FOR EVENT: 2021  1 23  7 12
  682 2021- 1-23  7:12     - 55  9  161 41  11.90 0.52  0.0    5 17.5 40.2       682
 *** DISTANCE & RESIDUAL WEIGHTING CANCELLED FOR EVENT: 2021  1 23  7 12
  683 2021- 1-23  7:12     # 55 16  162 21  29.66 0.00  0.0    4  4.9  2.4       683
  684 2021- 1-23  8:38     - 54 38  162 14  11.61 0.16  0.0   10 15.1  6.8       684
  685 2021- 1-23  8:38     - 54 38  162 17   2.25 0.19  0.0    5 17.8 20.0       685
  686 2021- 1-23 10:30     - 54 55  161 40  11.71 0.22  0.0    4 21.1 11.5       686
  687 2021- 1-23 10:30     - 54 58  161 46  13.65 0.13  0.0    4 14.1  5.4       687
  688 2021- 1-23 12:41     - 54 31  163 16  15.06 0.04  0.0    5  5.8 11.6       688
  689 2021- 1-23 13:28     - 55 11  160 58  40.13 0.06  0.0    4 12.7  9.9       689
  690 2021- 1-23 14:06       54 56  162 50  16.40 0.01  0.0    5  6.3  4.3       690
  SEQ ---DATE--- TIME REMARK -LAT-  --LON-  DEPTH  RMS PMAG  NUM  ERH  ERZ  ID
  691 2021- 1-23 14:06     - 55  9  161 45   0.34 0.06  0.0    5  1.8 10.3       691
  692 2021- 1-23 14:06       55 16  161 47   5.90 0.09  0.0    5  2.2  0.5       692
 *** DISTANCE & RESIDUAL WEIGHTING CANCELLED FOR EVENT: 2021  1 23 15 49
  693 2021- 1-23 15:49     - 55 22  161 55  43.67 0.34  0.0    4 30.5  9.7       693
  694 2021- 1-23 16:56     - 54 47  161 33   8.14 0.24  0.0    6 19.1 19.5       694
  695 2021- 1-23 16:56     - 54 32  161 44  15.01 0.37  0.0    7 27.9 33.1       695
 *** DISTANCE & RESIDUAL WEIGHTING CANCELLED FOR EVENT: 2021  1 23 17 16
  696 2021- 1-23 17:16     - 55  4  161 25  15.01 0.37  0.0    4 26.9 23.0       696
  697 2021- 1-23 19:28     - 54 53  162 48  14.63 0.03  0.0    4  3.6 12.1       697
  698 2021- 1-23 19:28     - 55 10  161 46   0.12 0.13  0.0    8  2.2 12.5       698
  699 2021- 1-23 19:28       55 12  161 46   8.32 0.18  0.0    6  1.9  5.0       699
  700 2021- 1-23 21:06     - 55  3  161 34  24.41 0.16  0.0    6 13.1  5.6       700
  701 2021- 1-23 21:06     - 55  9  161 52   7.27 0.07  0.0    5  8.0  7.8       701
 *** DISTANCE & RESIDUAL WEIGHTING CANCELLED FOR EVENT: 2021  1 23 21 14
  702 2021- 1-23 21:14     - 55 16  161 39  29.15 0.23  0.0    4 22.9  3.0       702
  703 2021- 1-23 22:28     - 54 50  161 10  26.31 0.14  0.0    8 15.4  2.7       703
  704 2021- 1-23 22:28     - 55 15  161 28  12.05 0.10  0.0    5 12.5  4.0       704
  705 2021- 1-24  0:41     - 54 53  162 52  37.45 0.17  0.0   10 13.3  4.6       705
  SEQ ---DATE--- TIME REMARK -LAT-  --LON-  DEPTH  RMS PMAG  NUM  ERH  ERZ  ID
  706 2021- 1-24  0:41     - 55 15  163 25  15.11 0.20  0.0    4 18.6 20.8       706
  707 2021- 1-24  4:43     - 55  3  161 26  23.39 0.24  0.0    7 19.1  6.5       707
  708 2021- 1-24  4:43     - 54 52  160 56  33.76 0.18  0.0    7 12.3 17.0       708
  709 2021- 1-24  6:46     - 54 35  161 13  15.00 0.16  0.0   10 15.0 18.1       709
  710 2021- 1-24  6:46     - 54 31  161 12  15.38 0.18  0.0    8 12.9 19.2       710
  711 2021- 1-24  7:42       55 12  161 33  29.75 0.00  0.0    4  5.7  2.3       711
  712 2021- 1-24 10:39     - 54 39  160 57  15.00 0.18  0.0   10 16.5 19.3       712
  713 2021- 1-24 10:39     - 54 53  161 22  15.82 0.35  0.0    6 24.6 31.6       713
  714 2021- 1-24 11:56     - 54 56  160 54  15.19 0.12  0.0    6  7.2 14.5       714
  715 2021- 1-24 12:12     - 55 12  161 41  10.15 0.06  0.0    4 10.4  2.3       715
  716 2021- 1-24 12:22     - 54 59  161  7  30.53 0.15  0.0   10 13.1  1.7       716
  717 2021- 1-24 12:21     - 54 41  160 24  34.33 0.27  0.0    9 21.7 25.5       717
  718 2021- 1-24 13:54     - 55  0  161 15  14.78 0.18  0.0    7  4.3 14.5       718
 *** DISTANCE & RESIDUAL WEIGHTING CANCELLED FOR EVENT: 2021  1 24 13 54
  719 2021- 1-24 13:54     # 54 54  161 26  15.02 0.68  0.0    6  7.3  7.4       719
  720 2021- 1-24 13:55       55 13  162  4  16.71 0.00  0.0    4  1.9  3.9       720
  SEQ ---DATE--- TIME REMARK -LAT-  --LON-  DEPTH  RMS PMAG  NUM  ERH  ERZ  ID
  721 2021- 1-24 13:55     - 54 59  161 32  28.49 0.11  0.0    6 13.9  5.2       721
  722 2021- 1-24 13:55       55 12  162  3  19.57 0.00  0.0    4  2.0  3.8       722
  723 2021- 1-24 15:10     - 54 46  161  7  33.59 0.15  0.0    7  5.9 17.2       723
  724 2021- 1-24 15:11       55 14  162  6   2.13 0.00  0.0    4  0.9  5.4       724
  725 2021- 1-24 16:09     - 54 33  162  9  11.37 0.07  0.0    7  2.2 12.0       725
  726 2021- 1-24 16:55       54 44  160 23  19.38 0.19  0.0   18  1.5  3.6       726
  727 2021- 1-24 18:57     - 54 41  160 52  15.00 0.20  0.0   10 18.8 20.5       727
  728 2021- 1-24 18:57     - 54 42  160 56  15.02 0.29  0.0    9 18.9 26.7       728
 *** DISTANCE & RESIDUAL WEIGHTING CANCELLED FOR EVENT: 2021  1 24 19 12
  729 2021- 1-24 19:12     - 54 52  161 41   9.68 0.14  0.0    4 15.5 11.9       729
  730 2021- 1-24 19:21     - 55  6  161  8  12.88 0.10  0.0    5 14.5 13.5       730
  731 2021- 1-24 19:35     - 55  1  161 15  18.61 0.26  0.0    4 21.0 18.6       731
  732 2021- 1-24 20:52     - 55  7  161 13  15.10 0.16  0.0    4 18.1 14.7       732
  733 2021- 1-24 21:12     - 55  0  161 31  23.41 0.20  0.0    6 16.7  5.0       733
 *** DISTANCE & RESIDUAL WEIGHTING CANCELLED FOR EVENT: 2021  1 24 21 12
  734 2021- 1-24 21:12     # 55  2  161 38   5.81 0.57  0.0    6 27.7  5.9       734
  735 2021- 1-24 21:16       54 21  162  1  24.28 0.15  0.0   16  2.2  0.9       735
  SEQ ---DATE--- TIME REMARK -LAT-  --LON-  DEPTH  RMS PMAG  NUM  ERH  ERZ  ID
  736 2021- 1-24 22:43     - 54 52  160 60  35.16 0.26  0.0   10 20.9 16.4       736
  737 2021- 1-24 22:43     - 54 53  160 53  15.00 0.22  0.0    7 17.6 21.9       737
  738 2021- 1-24 22:45     - 55  3  161 18  15.09 0.15  0.0    5 13.8 12.6       738
  739 2021- 1-24 22:45     - 54 59  161 22  26.63 0.24  0.0    5 19.9  5.9       739
  740 2021- 1-24 23:13     - 54 41  161  1  15.00 0.22  0.0   10 17.3 21.9       740
  741 2021- 1-24 23:13     - 54 39  161  1  23.83 0.16  0.0    8 11.2  8.6       741
  742 2021- 1-25  4:42       55 15  161 25  11.81 0.10  0.0    6  2.6  8.3       742
  743 2021- 1-25  5:26     - 54 39  161  6  15.40 0.07  0.0    6  6.1 12.5       743
  744 2021- 1-25  5:35     - 55  4  161 24  11.24 0.10  0.0    4 10.7 11.4       744
  745 2021- 1-25  6:23     - 54 52  160 49  15.00 0.18  0.0    9 15.8 19.6       745
  746 2021- 1-25  6:23     - 54 44  160 46  15.00 0.41  0.0    8 26.7 36.6       746
  747 2021- 1-25  8:17     - 55  1  161 27  24.20 0.21  0.0    6 16.1  6.1       747
 *** DISTANCE & RESIDUAL WEIGHTING CANCELLED FOR EVENT: 2021  1 25  8 17
  748 2021- 1-25  8:17     - 54 57  161 24  31.07 0.72  0.0    4 46.2 16.8       748
  749 2021- 1-25 13:35     - 54 55  161 25  10.17 0.22  0.0    5 16.5 14.7       749
  750 2021- 1-25 13:35     - 54 42  161 27   7.62 0.52  0.0    4 42.5 44.0       750
  SEQ ---DATE--- TIME REMARK -LAT-  --LON-  DEPTH  RMS PMAG  NUM  ERH  ERZ  ID
  751 2021- 1-25 15:34       54 50  162 21  16.32 0.11  0.0    9  4.6  1.3       751
  752 2021- 1-25 15:35     - 55  3  163  3  15.04 0.50  0.0    5 39.9 43.1       752
 *** DISTANCE & RESIDUAL WEIGHTING CANCELLED FOR EVENT: 2021  1 25 21 59
  753 2021- 1-25 21:59     # 55  5  161 44  16.80 0.56  0.0    6  5.5  3.1       753
  754 2021- 1-26  1:51     - 55 23  161 49   0.26 0.03  0.0    4  1.1  9.5       754
  755 2021- 1-26  5:04     - 55  8  161  8  15.30 0.25  0.0    4 16.6 16.4       755
 *** DISTANCE & RESIDUAL WEIGHTING CANCELLED FOR EVENT: 2021  1 26  5  5
  756 2021- 1-26  5:04     - 55 12  161 40  12.57 0.19  0.0    4 14.8 11.3       756
  757 2021- 1-26  7:54     - 54 41  160 57  15.25 0.17  0.0    5  9.2 16.7       757
  758 2021- 1-26  9:19     - 54 44  160 20  14.88 0.05  0.0    4  5.9 11.8       758
 *** DISTANCE & RESIDUAL WEIGHTING CANCELLED FOR EVENT: 2021  1 26 13 38
  759 2021- 1-26 13:38     - 55 40  163 17  14.86 1.32  0.0    4 44.3 88.5       759
  760 2021- 1-26 14:33     - 55  9  163 13  15.10 0.20  0.0    8 14.0  6.1       760
  761 2021- 1-26 14:33     - 54 41  162 23  14.14 0.09  0.0    5 14.2  5.3       761
  762 2021- 1-26 15:22     - 55  6  161 36  29.47 0.04  0.0    4 12.2  4.3       762
  763 2021- 1-26 15:38     - 55  2  161 16  31.63 0.17  0.0    5 16.1  7.6       763
  764 2021- 1-26 15:38     - 54 49  160 56  15.01 0.37  0.0    4 29.5 33.1       764
  765 2021- 1-26 16:12     - 55 13  161 24  10.68 0.12  0.0    4  4.0 10.8       765
  SEQ ---DATE--- TIME REMARK -LAT-  --LON-  DEPTH  RMS PMAG  NUM  ERH  ERZ  ID
  766 2021- 1-26 16:12     - 54 52  161 34   7.67 0.24  0.0    4 15.4 20.2       766
  767 2021- 1-26 19:19     - 55  2  160 58  20.16 0.13  0.0    4 16.2 16.0       767
  768 2021- 1-26 19:36     - 54 28  161 47  19.02 0.19  0.0    9  1.8 19.9       768
  769 2021- 1-26 21:59     - 55 12  161 13  15.00 0.07  0.0    5 10.4 10.9       769
  770 2021- 1-26 21:59     - 55  8  160 35  15.00 0.07  0.0    4 12.5 13.0       770
  771 2021- 1-26 22:17     - 54 28  161 40  16.76 0.22  0.0   15  9.1 18.1       771
  772 2021- 1-26 22:24     - 55 33  162 37  20.50 0.10  0.0    5  2.5 13.0       772
 *** DISTANCE & RESIDUAL WEIGHTING CANCELLED FOR EVENT: 2021  1 26 22 30
  773 2021- 1-26 22:30     - 54 50  161 17  15.07 0.17  0.0    4 18.2  3.1       773
  774 2021- 1-26 23:38     - 55  7  163 41  33.05 0.54  0.0    9  5.9 47.0       774
  775 2021- 1-26 23:39     - 54 44  160 55  15.00 0.17  0.0   10 14.2 18.9       775
  776 2021- 1-26 23:39       55  0  161 36  38.64 0.15  0.0    8  5.8  3.0       776
  777 2021- 1-26 23:47     # 54 34  162  2  50.10 0.18  0.0   18  3.1  3.5       777
  778 2021- 1-27  0:29     # 54 25  160 51   0.02 0.10  0.0    8  5.4  7.7       778
  779 2021- 1-27  0:29     - 54 56  162 49  15.42 0.04  0.0    4 10.5  7.2       779
 *** DISTANCE & RESIDUAL WEIGHTING CANCELLED FOR EVENT: 2021  1 27  0 31
  780 2021- 1-27  0:31     - 54 40  162 46 107.41 0.16  0.0    4 18.2  4.8       780
 *** DISTANCE & RESIDUAL WEIGHTING CANCELLED FOR EVENT: 2021  1 27  0 37
  SEQ ---DATE--- TIME REMARK -LAT-  --LON-  DEPTH  RMS PMAG  NUM  ERH  ERZ  ID
  781 2021- 1-27  0:37     # 54 58  163  7  15.00 0.52  0.0    4 13.2 11.6       781
  782 2021- 1-27  1:20     - 55 27  160 53  13.76 0.22  0.0    6  5.7 21.0       782
  783 2021- 1-27  1:21     - 55 38  160 52  16.68 0.04  0.0    4  5.7 11.5       783
  784 2021- 1-27  1:40     - 55  4  161 12  15.24 0.11  0.0    4 14.7 12.5       784
 *** DISTANCE & RESIDUAL WEIGHTING CANCELLED FOR EVENT: 2021  1 27  1 40
  785 2021- 1-27  1:40     - 54 47  161  0  15.00 0.55  0.0    4 43.6 46.2       785
 *** DISTANCE & RESIDUAL WEIGHTING CANCELLED FOR EVENT: 2021  1 27  1 42
  786 2021- 1-27  1:42     - 55  4  161 25  12.59 0.39  0.0    5 26.0 23.2       786
  787 2021- 1-27  2:06     - 55 11  161 18   7.68 0.16  0.0    4 15.1 15.5       787
 *** DISTANCE & RESIDUAL WEIGHTING CANCELLED FOR EVENT: 2021  1 27  2  6
  788 2021- 1-27  2:06     - 55  4  161 22  15.03 0.48  0.0    4 30.5 30.4       788
  789 2021- 1-27  2:07     - 54 58  162 12  26.68 0.08  0.0    6  7.3 11.5       789
  790 2021- 1-27  2:07       55  0  162 15  17.22 0.04  0.0    5  3.1  5.5       790
  791 2021- 1-27  2:11     - 55 16  160 17  15.01 0.17  0.0   10  8.4 16.8       791
  792 2021- 1-27  3:08     - 55 16  161 32   6.76 0.01  0.0    4  3.5 12.1       792
  793 2021- 1-27  4:14     - 54 29  161 47  18.69 0.18  0.0   10  1.6 19.0       793
  794 2021- 1-27  4:24     - 55  2  161 25  28.16 0.22  0.0    9 16.8  6.1       794
  795 2021- 1-27  4:24     - 54 49  160 49  15.06 0.21  0.0    4 19.4 21.0       795
  SEQ ---DATE--- TIME REMARK -LAT-  --LON-  DEPTH  RMS PMAG  NUM  ERH  ERZ  ID
  796 2021- 1-27  4:46     - 54 56  160 45  15.02 0.19  0.0   17  7.9 15.7       796
  797 2021- 1-27  7:10     - 54 47  161 20  29.20 0.15  0.0    8 14.1  1.9       797
 *** DISTANCE & RESIDUAL WEIGHTING CANCELLED FOR EVENT: 2021  1 27  7 11
  798 2021- 1-27  7:10     - 55 36  161 29  15.00 0.58  0.0    4 41.0  5.0       798
 *** DISTANCE & RESIDUAL WEIGHTING CANCELLED FOR EVENT: 2021  1 27  7 10
  799 2021- 1-27  7:10     # 55 13  161  5  15.01 0.43  0.0    4 17.6  6.1       799
  800 2021- 1-27  7:47     - 55  3  161 36  32.79 0.08  0.0    5 12.8  5.1       800
  801 2021- 1-27  7:47     - 55 16  161 23   7.86 0.08  0.0    4 10.7  8.7       801
  802 2021- 1-27  8:54     - 54 27  161 16  14.88 0.79  0.0    4 46.7 58.6       802
  803 2021- 1-27  8:54     - 54 56  161 38   8.01 0.42  0.0    4 30.5 24.8       803
  804 2021- 1-27  9:05     - 54 23  162  4  15.96 0.23  0.0   15 10.0 19.9       804
  805 2021- 1-27  9:53     - 55  9  160 52  16.17 0.12  0.0    5 14.2 15.9       805
  806 2021- 1-27  9:53     - 55  9  159 47  14.84 0.07  0.0    5 11.3  7.1       806
  807 2021- 1-27 11:39     - 55  4  161 46  14.14 0.14  0.0    4 13.8  6.3       807
  808 2021- 1-27 13:40     - 55 11  161 10  40.61 0.22  0.0    9 16.3  5.6       808
  809 2021- 1-27 13:40     - 55  5  160 40  41.44 0.30  0.0    9 21.2  9.7       809
 *** DISTANCE & RESIDUAL WEIGHTING CANCELLED FOR EVENT: 2021  1 27 14  3
  810 2021- 1-27 14:03     - 55  7  161 20  15.02 0.31  0.0    4 18.5 16.3       810
  SEQ ---DATE--- TIME REMARK -LAT-  --LON-  DEPTH  RMS PMAG  NUM  ERH  ERZ  ID
  811 2021- 1-27 14:03     - 54 58  160 55  11.41 0.10  0.0    4 11.2 11.7       811
  812 2021- 1-27 15:20     - 55  2  161 27  24.83 0.21  0.0    7 16.5  4.9       812
  813 2021- 1-27 15:20     - 54 45  160 39  20.14 0.38  0.0    9 30.0  8.5       813
  814 2021- 1-27 15:31     - 55  3  160 47  34.20 0.20  0.0   10 14.7 19.2       814
  815 2021- 1-27 15:31     - 55  6  160 32  15.04 0.21  0.0    5 19.5 21.2       815
 *** DISTANCE & RESIDUAL WEIGHTING CANCELLED FOR EVENT: 2021  1 27 15 32
  816 2021- 1-27 15:32     - 55 21  162  8  22.84 0.19  0.0    4 15.9  4.9       816
  817 2021- 1-27 16:11     - 55  9  161  2  32.02 0.14  0.0    8 14.1  1.1       817
  818 2021- 1-27 16:11     - 54 60  159 31  15.01 0.13  0.0    6 14.7 15.5       818
  819 2021- 1-27 16:46     - 54 34  161 16  15.04 0.17  0.0   18  7.2 14.3       819
  820 2021- 1-27 18:18     - 54 49  161 19  31.42 0.16  0.0    7 16.4  4.9       820
  821 2021- 1-27 18:18     - 54 51  161 26  15.84 0.37  0.0    5 30.5  3.9       821
  822 2021- 1-27 19:30       54 58  162 29  20.65 0.06  0.0    5  4.6  3.2       822
 *** DISTANCE & RESIDUAL WEIGHTING CANCELLED FOR EVENT: 2021  1 27 19 31
  823 2021- 1-27 19:31     - 54 49  162 44  15.00 1.07  0.0    4 86.2 38.2       823
 *** DISTANCE & RESIDUAL WEIGHTING CANCELLED FOR EVENT: 2021  1 27 20 54
  824 2021- 1-27 20:54     - 54 57  163  8  15.05 0.34  0.0    4 25.8 30.4       824
  825 2021- 1-27 21:14     - 54 27  161 55  18.08 0.19  0.0    9  2.0 19.5       825
  SEQ ---DATE--- TIME REMARK -LAT-  --LON-  DEPTH  RMS PMAG  NUM  ERH  ERZ  ID
  826 2021- 1-27 21:23     - 54 46  162 32  11.21 0.11  0.0    6 15.0  5.8       826
  827 2021- 1-27 21:23     - 54 43  162 37  12.94 0.06  0.0    4 12.9  4.6       827
 *** DISTANCE & RESIDUAL WEIGHTING CANCELLED FOR EVENT: 2021  1 27 21 51
  828 2021- 1-27 21:51     - 54 44  162 55  15.00 0.79  0.0    5 29.4 59.5       828
  829 2021- 1-27 22:16     - 54 49  161 14  30.13 0.10  0.0    9 12.1  1.4       829
  830 2021- 1-27 22:16     - 54 41  160 52  20.51 0.16  0.0    7 12.9 12.1       830
  831 2021- 1-27 23:29     - 54 56  160 31  15.00 0.22  0.0   10 19.2 22.1       831
  832 2021- 1-27 23:29     - 55 40  162 10  14.37 0.25  0.0    4 14.1 23.3       832
 *** DISTANCE & RESIDUAL WEIGHTING CANCELLED FOR EVENT: 2021  1 28  3 30
  833 2021- 1-28  3:30     - 54 47  162 43  67.01 0.40  0.0    4 35.5  5.2       833
  834 2021- 1-28  4:36     - 55  3  161 29  27.34 0.23  0.0    7 17.7  6.3       834
  835 2021- 1-28  4:36     - 54 48  161  3  53.48 0.11  0.0    4 14.6  7.0       835
 *** DISTANCE & RESIDUAL WEIGHTING CANCELLED FOR EVENT: 2021  1 28  4 54
  836 2021- 1-28  4:54     - 55 12  161 18  14.93 0.27  0.0    4 15.6 17.5       836
  837 2021- 1-28  5:02     # 54 49  161 26  28.54 0.02  0.0    4  7.6  4.4       837
 *** DISTANCE & RESIDUAL WEIGHTING CANCELLED FOR EVENT: 2021  1 28  5  2
  838 2021- 1-28  5:02     - 54 59  161 17  18.65 0.52  0.0    4 30.0 23.2       838
 *** DISTANCE & RESIDUAL WEIGHTING CANCELLED FOR EVENT: 2021  1 28  6 36
  839 2021- 1-28  6:36     - 54 49  160 50  15.00 0.49  0.0    4 38.9 40.7       839
  840 2021- 1-28  6:46     - 55 24  160 57  41.94 0.15  0.0    9 12.5  6.2       840
  SEQ ---DATE--- TIME REMARK -LAT-  --LON-  DEPTH  RMS PMAG  NUM  ERH  ERZ  ID
  841 2021- 1-28  6:46     - 55 16  160 17  15.00 0.35  0.0    9 23.2 31.3       841
  842 2021- 1-28  7:30     - 54 36  162 24  22.82 0.19  0.0    6 18.8 13.2       842
  843 2021- 1-28  7:30     - 54 50  162 20  13.34 0.20  0.0    5 16.9 11.9       843
  844 2021- 1-28  8:01     - 54 36  161 16  15.46 0.05  0.0    6  5.7 11.4       844
  845 2021- 1-28 10:11     - 54 16  161 18  14.73 0.11  0.0    5  8.3 14.1       845
  846 2021- 1-28 10:11     - 55  5  161 31   8.36 0.03  0.0    4 12.0 10.7       846
  847 2021- 1-28 10:39     - 54 20  161 59  16.30 0.12  0.0    6  7.1 14.1       847
  848 2021- 1-28 11:14     - 54 31  161  9  15.11 0.13  0.0   13  6.7 13.6       848
  849 2021- 1-28 16:46     - 54 48  160 49  15.00 0.22  0.0   10 18.4 22.0       849
  850 2021- 1-28 16:46     - 54 41  160 45  15.00 0.17  0.0    8 12.9 18.5       850
  851 2021- 1-28 18:14     - 54 51  162 45  12.85 0.03  0.0    4 10.7  7.1       851
  852 2021- 1-28 18:16     - 54 52  162 16  35.72 0.04  0.0    4  7.2 10.6       852
  853 2021- 1-28 18:32     - 54 54  162 54   9.89 0.21  0.0    6 13.3 12.8       853
  854 2021- 1-28 18:32     - 54 55  162 36  12.84 0.25  0.0    4 20.3  8.2       854
  855 2021- 1-28 19:21     - 55  2  161  7  12.72 0.17  0.0    6 12.4 12.9       855
 *** DISTANCE & RESIDUAL WEIGHTING CANCELLED FOR EVENT: 2021  1 28 19 21
  SEQ ---DATE--- TIME REMARK -LAT-  --LON-  DEPTH  RMS PMAG  NUM  ERH  ERZ  ID
  856 2021- 1-28 19:21     - 55 14  160 37  15.04 1.36  0.0    5 98.0 98.7       856
  857 2021- 1-28 20:22     - 55  5  161  1  13.87 0.26  0.0    8 22.1 20.4       857
  858 2021- 1-28 20:22       55 10  161 22  16.79 0.04  0.0    8  5.0  0.4       858
  859 2021- 1-29  0:16     - 54 38  160 58  38.22 0.22  0.0   11 19.8 16.2       859
  860 2021- 1-29  0:16     - 55  9  161  8  23.61 0.02  0.0    5  4.9  7.6       860
 *** DISTANCE & RESIDUAL WEIGHTING CANCELLED FOR EVENT: 2021  1 29  0 17
  861 2021- 1-29  0:16     - 55 13  161 59  15.77 0.75  0.0    4 33.7 53.2       861
  862 2021- 1-29  1:20     - 54 54  162  5  14.89 0.01  0.0    4  4.3 11.7       862
  863 2021- 1-29  3:20     - 55  2  161 34  15.00 0.09  0.0    4 11.7  7.4       863
  864 2021- 1-29  5:23     - 55  5  161 29  23.44 0.18  0.0    6 14.3  5.0       864
  865 2021- 1-29  5:23     - 54 57  160 60  18.78 0.11  0.0    4 13.5 13.8       865
  866 2021- 1-29  6:34       55 48  161 25  32.21 0.25  0.0    9 13.5  5.2       866
 *** DISTANCE & RESIDUAL WEIGHTING CANCELLED FOR EVENT: 2021  1 29  6 35
  867 2021- 1-29  6:35     # 55 23  161 50  34.95 0.83  0.0    5 26.6 27.1       867
  868 2021- 1-29  9:19       55 33  161 51   5.90 0.20  0.0   14  0.8  0.7       868
  869 2021- 1-29 11:42     - 54 39  161  1  15.00 0.18  0.0   11 15.2 19.2       869
  870 2021- 1-29 11:42     - 54 25  160 39  15.31 0.22  0.0   10 16.6 10.4       870
 *** DISTANCE & RESIDUAL WEIGHTING CANCELLED FOR EVENT: 2021  1 29 12  9
  SEQ ---DATE--- TIME REMARK -LAT-  --LON-  DEPTH  RMS PMAG  NUM  ERH  ERZ  ID
  871 2021- 1-29 12:08     - 55 39  161 60  14.99 0.19  0.0    4 15.4 19.0       871
  872 2021- 1-29 12:09       55 22  161 50  13.59 0.00  0.0    4  1.7  3.7       872
  873 2021- 1-29 13:27     - 55  7  161  3  12.55 0.14  0.0    7 12.1 14.5       873
  874 2021- 1-29 13:28     - 54 58  160 45  15.01 0.27  0.0    4 23.7 25.1       874
  875 2021- 1-29 13:28     - 54 41  162 45  15.03 0.10  0.0    4 13.5 14.1       875
  876 2021- 1-29 14:57     - 54 44  161 23  15.35 0.17  0.0    6 16.0  4.1       876
  877 2021- 1-29 14:57     - 54 31  161 12  15.01 0.52  0.0    4 40.5 42.1       877
  878 2021- 1-29 21:11     - 54 35  161 17  32.68 0.16  0.0   12  8.0 14.6       878
  879 2021- 1-29 21:11     - 54 36  160 51  15.05 0.12  0.0    5 14.3 14.8       879
  880 2021- 1-29 23:59     - 55 22  162 16  14.96 0.04  0.0    4  2.1 10.5       880
  881 2021- 1-30  5:15     - 55 26  161 25  21.41 0.01  0.0    4 11.5  6.2       881
  882 2021- 1-30  5:15     - 55 23  161 13  54.40 0.13  0.0    4 12.4  6.6       882
  883 2021- 1-30  6:22     - 54 42  160 45  14.83 0.18  0.0   10  8.7 17.5       883
  884 2021- 1-30  8:39     - 55 30  161 55  14.91 0.04  0.0    4  4.6 10.5       884
  885 2021- 1-30 12:40     - 55  3  161 25  22.09 0.10  0.0    5 13.1  3.1       885
  SEQ ---DATE--- TIME REMARK -LAT-  --LON-  DEPTH  RMS PMAG  NUM  ERH  ERZ  ID
  886 2021- 1-30 12:41     - 54 43  160 39  15.00 0.22  0.0    9 18.8 22.1       886
  887 2021- 1-30 12:42     - 54 44  160 45  31.90 0.21  0.0    7 16.3 21.6       887
  888 2021- 1-30 14:42     - 55  7  161 26   8.86 0.05  0.0    4 12.9 11.2       888
  889 2021- 1-30 15:54     - 55 10  161 11  10.50 0.17  0.0    5 15.8 18.2       889
  890 2021- 1-30 15:54     - 55  5  160 35  15.00 0.25  0.0    5 21.5 23.8       890
  891 2021- 1-30 16:39     - 55 11  161 22   9.78 0.20  0.0    4 20.0 16.8       891
 *** DISTANCE & RESIDUAL WEIGHTING CANCELLED FOR EVENT: 2021  1 30 16 39
  892 2021- 1-30 16:39     - 54 53  160 36  15.00 0.78  0.0    5 60.5 64.4       892
  893 2021- 1-30 17:50     - 54 57  162 26  13.41 0.06  0.0    5  9.9  7.9       893
 *** DISTANCE & RESIDUAL WEIGHTING CANCELLED FOR EVENT: 2021  1 30 17 51
  894 2021- 1-30 17:51     - 55  5  162 24  12.65 0.35  0.0    4 31.6  6.2       894
  895 2021- 1-30 17:56     - 54 58  161 33  27.16 0.25  0.0    5 19.4  6.5       895
  896 2021- 1-30 17:57       55  9  161 57   6.97 0.07  0.0    5  3.1  4.4       896
  897 2021- 1-30 18:13     - 54 33  161 17  15.02 0.17  0.0   17  7.4 14.6       897
  898 2021- 1-30 18:26     - 54 59  161 29  22.01 0.19  0.0    6 16.5  5.3       898
  899 2021- 1-30 18:26       55  9  161 51  10.17 0.01  0.0    4  5.2  4.1       899
  900 2021- 1-30 19:12     - 54 46  161  9  17.41 0.21  0.0   19  1.1 21.5       900
  SEQ ---DATE--- TIME REMARK -LAT-  --LON-  DEPTH  RMS PMAG  NUM  ERH  ERZ  ID
  901 2021- 1-30 19:18     - 54 52  161 22  15.08 0.28  0.0    6  6.0 23.5       901
  902 2021- 1-30 20:11     - 55  2  163 31  15.09 0.25  0.0    7 11.1 21.4       902
  903 2021- 1-30 20:11     - 54 21  161 37   6.22 0.13  0.0    7  8.6  9.5       903
  904 2021- 1-30 20:48     - 54 28  161 44  15.68 0.19  0.0   10  8.9 17.5       904
  905 2021- 1-30 20:55     - 54 11  161 41  12.27 0.09  0.0    5  6.7 13.0       905
 *** DISTANCE & RESIDUAL WEIGHTING CANCELLED FOR EVENT: 2021  1 30 20 56
  906 2021- 1-30 20:55     - 54 44  161 38  14.28 0.67  0.0    4 52.3  6.9       906
  907 2021- 1-30 21:39     - 54 35  161 51  33.02 0.23  0.0   14  1.9 22.6       907
  908 2021- 1-30 21:46     - 55  7  161  9  15.06 0.14  0.0    4 16.5 14.0       908
  909 2021- 1-30 23:05     - 54 60  161 35  23.64 0.10  0.0    5 14.1  6.1       909
  910 2021- 1-31  0:52     # 54 54  162 23  77.29 0.83  0.0    6 22.7  4.8       910
  911 2021- 1-31  1:00     - 54 27  161 27  14.05 0.17  0.0   11  8.0 16.4       911
  912 2021- 1-31  1:01     - 54 40  161 34  29.72 0.15  0.0    7 13.0  1.5       912
 *** DISTANCE & RESIDUAL WEIGHTING CANCELLED FOR EVENT: 2021  1 31  1 56
  913 2021- 1-31  1:56     - 55 12  161 24  14.96 0.33  0.0    4 23.1 17.4       913
  914 2021- 1-31  5:23     - 54 54  161 13  17.17 0.20  0.0    7 16.7 20.7       914
  915 2021- 1-31  5:23     - 55  1  161 27  20.90 0.21  0.0    5 18.8  3.1       915
  SEQ ---DATE--- TIME REMARK -LAT-  --LON-  DEPTH  RMS PMAG  NUM  ERH  ERZ  ID
  916 2021- 1-31  5:26     - 54 42  160 55  15.00 0.23  0.0   10 18.3 22.8       916
  917 2021- 1-31  5:27     - 54 43  161  9  30.23 0.09  0.0    6 11.5  1.7       917
  918 2021- 1-31  6:25     - 55 11  161 21  10.96 0.12  0.0    5  4.2 11.9       918
  919 2021- 1-31  6:26       55 13  161 25  14.13 0.00  0.0    4  2.8  6.1       919
  920 2021- 1-31  6:26     - 54 60  161 25  23.44 0.19  0.0    7 16.7  5.3       920
  921 2021- 1-31  6:26     - 54 55  161 25  21.42 0.10  0.0    4 13.2  4.2       921
  922 2021- 1-31  7:34     - 54 60  161 27  21.20 0.20  0.0    8 15.6  5.5       922
  923 2021- 1-31  7:34     - 54 41  160 59  15.00 0.25  0.0    6 21.3 24.1       923
  924 2021- 1-31  7:45     - 55  5  160 60  10.44 0.11  0.0    4 12.6 12.4       924
  925 2021- 1-31  7:45     - 54 39  161  1  15.02 0.30  0.0    7 24.8 27.5       925
  926 2021- 1-31 12:24     - 55  2  161 13  18.83 0.27  0.0    5 21.5 18.0       926
 *** DISTANCE & RESIDUAL WEIGHTING CANCELLED FOR EVENT: 2021  1 31 13 37
  927 2021- 1-31 13:37     - 54 55  162 18  15.11 0.17  0.0    4 14.9 10.6       927
  928 2021- 1-31 13:41     - 54 50  161 52  16.44 0.12  0.0    5 13.5  1.9       928
  929 2021- 1-31 13:46     - 54 42  162 24  16.54 0.05  0.0    5 12.7  3.5       929
  930 2021- 1-31 13:57     - 55  1  161 20  14.89 0.11  0.0    4 11.7  9.8       930
 *** DISTANCE & RESIDUAL WEIGHTING CANCELLED FOR EVENT: 2021  1 31 16  0
  SEQ ---DATE--- TIME REMARK -LAT-  --LON-  DEPTH  RMS PMAG  NUM  ERH  ERZ  ID
  931 2021- 1-31 16:00     - 55 17  162 47  15.12 0.48  0.0    5 31.6 40.1       931
  932 2021- 1-31 17:46       55 19  161 54  14.84 0.08  0.0    6  1.8  0.9       932
  933 2021- 1-31 18:09       54 55  162 12   8.40 0.07  0.0    5  4.0  5.8       933
 *** DISTANCE & RESIDUAL WEIGHTING CANCELLED FOR EVENT: 2021  1 31 18 12
  934 2021- 1-31 18:11     - 54 54  161 30  34.21 0.62  0.0    4 44.7 17.2       934
  935 2021- 1-31 18:31     - 54 45  163 28  14.39 0.02  0.0    4  5.9 11.3       935
 *** DISTANCE & RESIDUAL WEIGHTING CANCELLED FOR EVENT: 2021  1 31 20 52
  936 2021- 1-31 20:52     - 54 39  162 25  15.00 0.93  0.0    7 66.6  7.3       936
 *** DISTANCE & RESIDUAL WEIGHTING CANCELLED FOR EVENT: 2021  1 31 22 31
  937 2021- 1-31 22:30     - 54 48  162 34  14.97 0.71  0.0    4 58.8  8.3       937
  938 2021- 1-31 22:30     - 55 13  161 27  10.42 0.12  0.0    4 15.7 11.9       938
 *** DISTANCE & RESIDUAL WEIGHTING CANCELLED FOR EVENT: 2021  1 31 23 24
  939 2021- 1-31 23:24     - 54 54  163 38  14.34 0.22  0.0    4 12.8 20.1       939
  940 2021- 2- 1  0:03     - 55  7  163 15  15.23 0.26  0.0    8 17.1  7.1       940
  941 2021- 2- 1  0:04     - 54 50  162 18   8.17 0.12  0.0    5 11.8 10.4       941
 *** DISTANCE & RESIDUAL WEIGHTING CANCELLED FOR EVENT: 2021  2  1  3 27
  942 2021- 2- 1  3:27     # 54 52  161 53  21.53 1.13  0.0    4 39.1 25.2       942
  943 2021- 2- 1  3:47     - 55 17  161  2  33.76 0.12  0.0    8 12.2  5.6       943
  944 2021- 2- 1  3:48     - 55 14  161 32  13.22 0.03  0.0    5  9.2  4.5       944
  945 2021- 2- 1  4:24     - 54 47  161  4  32.32 0.22  0.0    8 18.9 22.1       945
  SEQ ---DATE--- TIME REMARK -LAT-  --LON-  DEPTH  RMS PMAG  NUM  ERH  ERZ  ID
  946 2021- 2- 1  4:24     - 54 56  161 21  22.90 0.20  0.0    5 18.1  5.9       946
  947 2021- 2- 1  4:32     - 54 28  161 47  17.27 0.19  0.0   14  1.5 20.4       947
  948 2021- 2- 1  4:48     - 55  6  161 21   9.34 0.14  0.0    5  5.2 15.2       948
 *** DISTANCE & RESIDUAL WEIGHTING CANCELLED FOR EVENT: 2021  2  1  4 48
  949 2021- 2- 1  4:48     # 55  5  161 31  15.00 0.54  0.0    5 29.3  9.8       949
  950 2021- 2- 1  8:20     - 54 56  161 13  14.69 0.11  0.0    4 12.3  9.4       950
 *** DISTANCE & RESIDUAL WEIGHTING CANCELLED FOR EVENT: 2021  2  1  9 58
  951 2021- 2- 1  9:57     - 54 39  161  3  15.00 0.84  0.0    4 64.2 66.9       951
  952 2021- 2- 1 13:02     - 54 47  163 38  35.61 0.26  0.0    5 10.0 24.7       952
  953 2021- 2- 1 15:49     - 54 50  160 48  15.00 0.22  0.0   11 17.1 22.3       953
  954 2021- 2- 1 15:49     - 54 39  160 32  15.02 0.33  0.0   10 23.0 30.3       954
 *** DISTANCE & RESIDUAL WEIGHTING CANCELLED FOR EVENT: 2021  2  1 17 22
  955 2021- 2- 1 17:22     - 55 28  162 38  14.97 0.22  0.0    4  4.5 21.8       955
  956 2021- 2- 1 17:28     - 55  5  161 28  26.51 0.23  0.0    7 17.1  6.3       956
  957 2021- 2- 1 17:28     - 55  2  161 13  18.70 0.41  0.0    6 27.4 15.7       957
 *** DISTANCE & RESIDUAL WEIGHTING CANCELLED FOR EVENT: 2021  2  1 18 25
  958 2021- 2- 1 18:25     - 55  7  161 19   9.48 0.24  0.0    4 14.3 15.8       958
 *** DISTANCE & RESIDUAL WEIGHTING CANCELLED FOR EVENT: 2021  2  1 19 17
  959 2021- 2- 1 19:17     # 55 16  161 18  15.00 0.97  0.0    4 44.4 30.6       959
  960 2021- 2- 1 19:17     - 54 43  160 39  14.98 0.16  0.0    8  8.1 16.4       960
  SEQ ---DATE--- TIME REMARK -LAT-  --LON-  DEPTH  RMS PMAG  NUM  ERH  ERZ  ID
  961 2021- 2- 1 20:17     - 54 35  161 16  15.08 0.14  0.0   17  6.5 12.8       961
  962 2021- 2- 2  3:43       55 17  162 48  15.45 1.20  0.0    6 14.2 11.6       962
  963 2021- 2- 2  7:32     - 54 55  161  2  32.13 0.23  0.0    8 20.5  1.7       963
  964 2021- 2- 2  7:32     - 54 54  161  3  18.61 0.14  0.0    6 10.9 11.6       964
 *** DISTANCE & RESIDUAL WEIGHTING CANCELLED FOR EVENT: 2021  2  2  8 29
  965 2021- 2- 2  8:28     # 55  7  161 30  15.00 0.51  0.0    4 30.0 24.3       965
  966 2021- 2- 2  9:34     - 54 54  161  1  17.05 0.17  0.0    5 17.7 18.8       966
 *** DISTANCE & RESIDUAL WEIGHTING CANCELLED FOR EVENT: 2021  2  2  9 34
  967 2021- 2- 2  9:34     - 55  1  161 34  29.66 0.34  0.0    6 20.9  9.2       967
 *** DISTANCE & RESIDUAL WEIGHTING CANCELLED FOR EVENT: 2021  2  2 10 43
  968 2021- 2- 2 10:43     # 55 22  161 46  11.14 0.23  0.0    4  4.4  3.9       968
 *** DISTANCE & RESIDUAL WEIGHTING CANCELLED FOR EVENT: 2021  2  2 10 43
  969 2021- 2- 2 10:43     # 55 15  161 47  34.34 0.60  0.0    4 15.0 19.7       969
  970 2021- 2- 2 11:25     - 55  3  161 28  27.72 0.19  0.0    7 16.1  5.7       970
  971 2021- 2- 2 11:25     - 55 16  161 29   7.08 0.54  0.0    4 28.8 35.9       971
  972 2021- 2- 2 13:35     - 55  2  161 19  21.20 0.17  0.0    6 16.8  7.5       972
  973 2021- 2- 2 13:35     - 54 51  160 39  15.00 0.20  0.0    6 18.7 20.3       973
  974 2021- 2- 2 22:32       55  2  161 53  19.96 0.07  0.0    5  9.3  3.1       974
  975 2021- 2- 3  0:49     - 55  2  161 45  19.91 0.05  0.0    4 10.8  4.4       975
  SEQ ---DATE--- TIME REMARK -LAT-  --LON-  DEPTH  RMS PMAG  NUM  ERH  ERZ  ID
  976 2021- 2- 3  0:49       55  9  161 55   9.56 0.01  0.0    4  4.9  5.2       976
  977 2021- 2- 3  5:24     - 54 58  161 20  11.05 0.18  0.0    7 14.2 15.2       977
  978 2021- 2- 3  5:24     - 54 49  160 53  15.00 0.66  0.0    7 49.0 56.2       978
  979 2021- 2- 3  5:28     - 54 54  162 19  15.62 0.01  0.0    4  8.7  8.6       979
  980 2021- 2- 3  6:41     - 55  4  160 44  16.26 0.11  0.0    8  6.7 13.6       980
 *** DISTANCE & RESIDUAL WEIGHTING CANCELLED FOR EVENT: 2021  2  3  7 25
  981 2021- 2- 3  7:25     - 54 58  162 19  10.90 0.58  0.0    5 12.8 46.3       981
 *** DISTANCE & RESIDUAL WEIGHTING CANCELLED FOR EVENT: 2021  2  3  7 25
  982 2021- 2- 3  7:25     - 55 10  161 18  15.00 0.22  0.0    4  4.9 15.2       982
  983 2021- 2- 3  8:31     - 55  7  161 40  15.30 0.07  0.0    4 10.3  7.3       983
  984 2021- 2- 3  8:32     - 54 56  161 32  19.89 0.12  0.0    4 13.1  3.3       984
  985 2021- 2- 3  9:02     - 54 26  162 16  19.13 0.20  0.0    8  3.5 20.4       985
  986 2021- 2- 3 11:02     - 54 45  162 42  70.95 0.01  0.0    4 12.5  1.2       986
 *** DISTANCE & RESIDUAL WEIGHTING CANCELLED FOR EVENT: 2021  2  3 11 48
  987 2021- 2- 3 11:48     # 55 19  161 45   7.48 0.39  0.0    4  9.4  4.2       987
 *** DISTANCE & RESIDUAL WEIGHTING CANCELLED FOR EVENT: 2021  2  3 11 48
  988 2021- 2- 3 11:48     - 54 58  160 38  15.00 0.75  0.0    4 57.9 62.6       988
 *** DISTANCE & RESIDUAL WEIGHTING CANCELLED FOR EVENT: 2021  2  3 12  5
  989 2021- 2- 3 12:05     - 55  6  161 42   6.91 0.75  0.0    5 49.9 37.1       989
  990 2021- 2- 3 14:07     - 54 22  161 42  24.67 0.18  0.0    4 19.5 16.9       990
 *** DISTANCE & RESIDUAL WEIGHTING CANCELLED FOR EVENT: 2021  2  3 15 34
  SEQ ---DATE--- TIME REMARK -LAT-  --LON-  DEPTH  RMS PMAG  NUM  ERH  ERZ  ID
  991 2021- 2- 3 15:34     # 55 54  161 30  15.00 0.18  0.0    4  5.0  5.3       991
  992 2021- 2- 3 15:34     # 54 25  162 23  62.39 0.55  0.0    7 28.6 16.0       992
  993 2021- 2- 3 15:36     - 55  5  161  6  32.56 0.25  0.0   10 16.8  1.2       993
  994 2021- 2- 3 15:36     - 55  2  160 54  15.01 0.06  0.0    5 11.4 13.5       994
 *** DISTANCE & RESIDUAL WEIGHTING CANCELLED FOR EVENT: 2021  2  3 15 36
  995 2021- 2- 3 15:36     - 54 51  162  1  66.39 0.11  0.0    4 15.1  9.4       995
  996 2021- 2- 3 17:32     - 54 47  161 18  31.04 0.14  0.0    9 14.9  1.6       996
  997 2021- 2- 3 17:32     - 55  2  161 14   9.50 0.14  0.0    5  8.5 14.8       997
  998 2021- 2- 3 17:35     - 54 33  161 16  15.17 0.15  0.0   15  6.9 14.1       998
  999 2021- 2- 3 18:07     - 54 38  161  7  15.00 0.19  0.0   10 16.2 20.1       999
 1000 2021- 2- 3 18:07     - 54 34  160 59  15.04 0.21  0.0    5 19.3 21.1      1000
 1001 2021- 2- 3 21:42       55  4  161 36  20.23 0.17  0.0    7  2.2  1.9      1001
 1002 2021- 2- 3 22:08     - 55 16  161 37   9.62 0.02  0.0    4 11.0  4.6      1002
 1003 2021- 2- 3 22:17       55 18  161 19  23.05 0.19  0.0   11  3.3  5.5      1003
 1004 2021- 2- 3 22:33     - 54 40  161 35  12.03 0.10  0.0    5 13.6 14.2      1004
 *** DISTANCE & RESIDUAL WEIGHTING CANCELLED FOR EVENT: 2021  2  3 23 59
 1005 2021- 2- 3 23:59     - 55  9  161 27  15.00 0.36  0.0    4 26.7 16.7      1005
  SEQ ---DATE--- TIME REMARK -LAT-  --LON-  DEPTH  RMS PMAG  NUM  ERH  ERZ  ID
 1006 2021- 2- 4  1:09     - 54 55  161 36  17.22 0.15  0.0    7 16.0  4.6      1006
 1007 2021- 2- 4  1:09     - 54 52  161 26  13.01 0.06  0.0    6 10.3  3.8      1007
 1008 2021- 2- 4  1:18     - 54 59  161 30  20.96 0.20  0.0    7 15.8  5.0      1008
 1009 2021- 2- 4  1:18     - 55  5  161 41  51.45 0.12  0.0    6  8.4  8.5      1009
 1010 2021- 2- 4  2:01     - 54 43  163 33  33.46 0.49  0.0    7 10.7 42.4      1010
 1011 2021- 2- 4  4:21     - 54 32  163 21  14.56 0.15  0.0    6 10.4 15.7      1011
 1012 2021- 2- 4  6:06     - 54 48  160 38  15.00 0.19  0.0   10 17.2 19.9      1012
 1013 2021- 2- 4  6:07     - 54 49  160 43  27.64 0.26  0.0   11 17.3  3.5      1013
 1014 2021- 2- 4  6:09     - 54 59  161  4  28.00 0.16  0.0    9 14.8  2.8      1014
 1015 2021- 2- 4  6:09     - 55  4  161 16  16.00 0.16  0.0    6 13.2  1.2      1015
 1016 2021- 2- 4  6:32     - 55  7  160 47  15.62 0.20  0.0    7 18.8 21.0      1016
 1017 2021- 2- 4  6:32     - 55  5  160 32  70.46 0.07  0.0    6 13.1  5.3      1017
 1018 2021- 2- 4  7:21     - 55 28  161 40   3.00 0.37  0.0    5  7.3 24.3      1018
 1019 2021- 2- 4 10:35     # 55 18  161 38   2.14 0.02  0.0    4  2.4  6.7      1019
 1020 2021- 2- 4 12:19       54 50  162 40  31.65 0.10  0.0   10  4.4  0.8      1020
  SEQ ---DATE--- TIME REMARK -LAT-  --LON-  DEPTH  RMS PMAG  NUM  ERH  ERZ  ID
 1021 2021- 2- 4 12:19     - 54 56  162 25  18.15 0.04  0.0    4  8.5  5.9      1021
 1022 2021- 2- 4 12:39     - 55 19  163  5  21.88 0.29  0.0    7  9.4 22.0      1022
 1023 2021- 2- 4 14:11     - 54 50  162 21  12.50 0.00  0.0    4 10.9  5.7      1023
 *** DISTANCE & RESIDUAL WEIGHTING CANCELLED FOR EVENT: 2021  2  4 17 15
 1024 2021- 2- 4 17:15     - 55  7  161 22  16.09 0.51  0.0    4 28.1 28.6      1024
 1025 2021- 2- 4 17:22     - 54 44  160 51  15.00 0.24  0.0   10 19.7 23.4      1025
 1026 2021- 2- 4 17:22     - 54 40  160 45  25.64 1.93  0.0   10 96.9 20.5      1026
 1027 2021- 2- 4 19:28     - 54 26  161 49  19.25 0.22  0.0   12  1.9 20.8      1027
 1028 2021- 2- 4 20:24     - 55  8  160 48  14.90 0.12  0.0    8 12.3  1.6      1028
 1029 2021- 2- 4 20:25     - 55 12  160 47  34.96 0.23  0.0    8 13.6 12.2      1029
 1030 2021- 2- 5  4:13     - 54 49  160 58  16.08 0.17  0.0    8 17.8 19.1      1030
 1031 2021- 2- 5  4:13     - 54 44  160 53  32.61 0.34  0.0    5 27.1 30.9      1031
 1032 2021- 2- 5  4:19     - 55 14  161 30   9.21 0.08  0.0    5 12.6 10.3      1032
 1033 2021- 2- 5  4:19     - 55  3  160 47  15.00 0.09  0.0    4 13.0 13.5      1033
 1034 2021- 2- 5  5:36     - 54 58  162 13  14.43 0.01  0.0    4  4.4  9.9      1034
 1035 2021- 2- 5  6:29     - 54 47  161  8  14.82 0.17  0.0    4  8.5 17.0      1035
  SEQ ---DATE--- TIME REMARK -LAT-  --LON-  DEPTH  RMS PMAG  NUM  ERH  ERZ  ID
 1036 2021- 2- 5 12:14     - 55  2  161 25   9.59 0.18  0.0    5 13.4 15.6      1036
 *** DISTANCE & RESIDUAL WEIGHTING CANCELLED FOR EVENT: 2021  2  5 15 37
 1037 2021- 2- 5 15:37     - 55 10  161 26  14.95 0.25  0.0    4 17.7 12.8      1037
 *** DISTANCE & RESIDUAL WEIGHTING CANCELLED FOR EVENT: 2021  2  5 15 56
 1038 2021- 2- 5 15:56     - 55  8  161 36  30.44 0.36  0.0    5 22.3 10.0      1038
 1039 2021- 2- 5 16:09     - 55 25  162  7  16.22 0.23  0.0    4  5.7 21.3      1039
 *** DISTANCE & RESIDUAL WEIGHTING CANCELLED FOR EVENT: 2021  2  5 16  9
 1040 2021- 2- 5 16:09     - 54 56  161 60  12.33 0.19  0.0    4 12.2 12.2      1040
 1041 2021- 2- 5 16:17     - 55  0  161 36  33.19 0.08  0.0    5 11.0  4.4      1041
 1042 2021- 2- 5 16:17     - 54 57  161 30  21.96 0.02  0.0    4 11.9  2.7      1042
 1043 2021- 2- 5 16:22     - 54 58  161 33  21.97 0.17  0.0    7 14.9  4.9      1043
 1044 2021- 2- 5 16:22     - 54 53  161 28  28.35 0.11  0.0    5 14.2  3.1      1044
 1045 2021- 2- 5 17:07     - 54 40  160 59  15.00 0.20  0.0    9 17.0 20.8      1045
 1046 2021- 2- 5 17:07     - 54 37  160 50   6.64 0.05  0.0    6  9.0  2.4      1046
 *** DISTANCE & RESIDUAL WEIGHTING CANCELLED FOR EVENT: 2021  2  5 19 55
 1047 2021- 2- 5 19:55     - 54 56  161 34  15.00 0.45  0.0    4 35.5 21.4      1047
 1048 2021- 2- 5 20:31     - 54 48  162 51  15.00 0.13  0.0    5  7.3 14.6      1048
 1049 2021- 2- 5 20:46     - 54 58  161 58  32.17 0.14  0.0    4 12.6 14.4      1049
 1050 2021- 2- 5 21:44     # 54 23  160 51   4.70 0.16  0.0   10  4.9  8.8      1050
  SEQ ---DATE--- TIME REMARK -LAT-  --LON-  DEPTH  RMS PMAG  NUM  ERH  ERZ  ID
 1051 2021- 2- 5 21:45     - 54 51  161 27  14.86 0.15  0.0    8 12.9  1.8      1051
 1052 2021- 2- 6  0:21     # 55 14  162 32  16.02 1.19  0.0    6 15.8 49.3      1052
 1053 2021- 2- 6  2:27     - 54 56  160 55  15.29 0.15  0.0    8 15.5  2.3      1053
 1054 2021- 2- 6  2:27     - 54 56  160 60  30.58 0.13  0.0    6 14.3  1.8      1054
 1055 2021- 2- 6  5:02     - 54 57  160 24  15.18 0.09  0.0    9  6.4 12.9      1055
 1056 2021- 2- 6  5:46     - 54 39  160 41  15.05 0.10  0.0    9  6.5 13.1      1056
 1057 2021- 2- 6  5:55     - 54 57  161 32  21.79 0.07  0.0    6 12.4  2.8      1057
 *** DISTANCE & RESIDUAL WEIGHTING CANCELLED FOR EVENT: 2021  2  6  5 55
 1058 2021- 2- 6  5:55     - 55  5  161 44  14.15 0.35  0.0    4 21.4 14.9      1058
 1059 2021- 2- 6  6:03       55  5  162 57  15.21 0.13  0.0   10  1.3  1.5      1059
 1060 2021- 2- 6  6:04     - 54 48  162 51   9.61 0.15  0.0    5  3.7 14.9      1060
 *** DISTANCE & RESIDUAL WEIGHTING CANCELLED FOR EVENT: 2021  2  6  6 44
 1061 2021- 2- 6  6:43     - 54 30  162 11  14.99 0.60  0.0    4 40.3 30.5      1061
 1062 2021- 2- 6  7:15       55  6  161 45  21.02 0.09  0.0    6  2.3  3.8      1062
 1063 2021- 2- 6 12:04     - 54 45  160 49  15.00 0.19  0.0    9 15.3 20.2      1063
 1064 2021- 2- 6 12:04       55  2  161 37  22.41 0.01  0.0    5  2.4  1.9      1064
 1065 2021- 2- 6 16:23     - 54 48  161  9  15.00 0.16  0.0    7 16.4  6.5      1065
  SEQ ---DATE--- TIME REMARK -LAT-  --LON-  DEPTH  RMS PMAG  NUM  ERH  ERZ  ID
 1066 2021- 2- 6 16:24     - 55  3  161 48  13.07 0.06  0.0    4 11.8  4.1      1066
 1067 2021- 2- 6 16:39     - 54 45  160 59  15.00 0.11  0.0    8 14.0  2.0      1067
 *** DISTANCE & RESIDUAL WEIGHTING CANCELLED FOR EVENT: 2021  2  6 16 40
 1068 2021- 2- 6 16:40     # 55  0  161 33  15.00 0.61  0.0    7 19.4  7.5      1068
 1069 2021- 2- 6 16:49     - 54 57  161 21  22.53 0.18  0.0    7 15.3  7.3      1069
 1070 2021- 2- 6 16:50       55 11  162 10  37.07 0.00  0.0    4  2.2  2.0      1070
 1071 2021- 2- 6 18:39     - 54 35  161 15  15.11 0.13  0.0   18  6.4 12.6      1071
 1072 2021- 2- 6 19:35     - 54 35  161 17  15.01 0.13  0.0   18  6.3 12.4      1072
 1073 2021- 2- 6 19:50     - 54 34  161 17  15.05 0.13  0.0   16  6.3 12.5      1073
 1074 2021- 2- 6 20:12     - 54 34  161 18  15.33 0.14  0.0   12  7.0 14.0      1074
 1075 2021- 2- 6 20:15     - 54 34  161 18  15.08 0.14  0.0   17  6.6 12.9      1075
 1076 2021- 2- 6 20:19     - 54 35  161 17  15.02 0.11  0.0   16  5.8 11.4      1076
 *** DISTANCE & RESIDUAL WEIGHTING CANCELLED FOR EVENT: 2021  2  6 21 19
 1077 2021- 2- 6 21:19     - 55 13  162 42  14.47 0.32  0.0    4 11.5 27.4      1077
 1078 2021- 2- 6 22:38     - 55 25  161 50  68.73 0.90  0.0    6 75.9 11.4      1078
 *** DISTANCE & RESIDUAL WEIGHTING CANCELLED FOR EVENT: 2021  2  7  0 30
 1079 2021- 2- 7  0:29     - 55 13  162  9  22.91 2.85  0.0    4 98.6 51.1      1079
 1080 2021- 2- 7  0:37     - 55 13  161 28   7.34 0.15  0.0    4 16.3 17.1      1080
  SEQ ---DATE--- TIME REMARK -LAT-  --LON-  DEPTH  RMS PMAG  NUM  ERH  ERZ  ID
 1081 2021- 2- 7  1:21     - 55  6  160 45  18.86 0.30  0.0   10 22.0 26.2      1081
 1082 2021- 2- 7  1:21     - 55  5  160 14  15.34 0.19  0.0    9 15.1 20.0      1082
 1083 2021- 2- 7  1:43     - 54 59  161 19  12.34 0.09  0.0    7  9.1  9.9      1083
 *** DISTANCE & RESIDUAL WEIGHTING CANCELLED FOR EVENT: 2021  2  7  1 44
 1084 2021- 2- 7  1:44     # 55 14  162 26  13.53 0.85  0.0    4 13.7 45.0      1084
 1085 2021- 2- 7  1:58     - 54 35  161 18  15.05 0.14  0.0    9  7.3 14.6      1085
 1086 2021- 2- 7  3:18     - 55  4  161 15  15.00 0.19  0.0    6 16.2 13.4      1086
 *** DISTANCE & RESIDUAL WEIGHTING CANCELLED FOR EVENT: 2021  2  7  3 40
 1087 2021- 2- 7  3:40     - 54 20  162 33  15.01 1.09  0.0    4 91.4 82.0      1087
 1088 2021- 2- 7  3:42     - 54 58  160 49  18.22 0.18  0.0    8 16.2 18.4      1088
 1089 2021- 2- 7  3:42     - 54 59  160 43  15.01 0.24  0.0    8 19.6 23.1      1089
 1090 2021- 2- 7  4:34     - 55 11  162 14  21.83 0.10  0.0    5  3.7 10.1      1090
 1091 2021- 2- 7  4:49     - 55 20  160 56  33.35 0.15  0.0   10 11.6 12.3      1091
 *** DISTANCE & RESIDUAL WEIGHTING CANCELLED FOR EVENT: 2021  2  7  4 50
 1092 2021- 2- 7  4:50     - 55 29  160 48  15.06 1.14  0.0    4 85.4 88.6      1092
 *** DISTANCE & RESIDUAL WEIGHTING CANCELLED FOR EVENT: 2021  2  7  5 22
 1093 2021- 2- 7  5:22     - 54 55  161 26  49.13 0.75  0.0    5 51.1 25.9      1093
 1094 2021- 2- 7  7:33     - 55 45  160 44  15.00 0.28  0.0    7 23.8 26.1      1094
 1095 2021- 2- 7  7:59     - 55 22  162  8  55.79 0.20  0.0    4  6.5 17.4      1095
  SEQ ---DATE--- TIME REMARK -LAT-  --LON-  DEPTH  RMS PMAG  NUM  ERH  ERZ  ID
 1096 2021- 2- 7 12:34     - 55  1  162 36  88.28 0.40  0.0    4 35.7  8.5      1096
 *** DISTANCE & RESIDUAL WEIGHTING CANCELLED FOR EVENT: 2021  2  7 12 38
 1097 2021- 2- 7 12:38     - 55 46  163 15  15.00 0.35  0.0    5 14.2 28.0      1097
 1098 2021- 2- 7 13:04     - 55 17  160 54  38.43 0.14  0.0    9 13.8  7.0      1098
 1099 2021- 2- 7 13:04     - 55 56  162  2  15.98 0.29  0.0    4 23.9 27.3      1099
 1100 2021- 2- 7 17:57     - 54 57  161 32  21.81 0.12  0.0    6 14.3  5.5      1100
 1101 2021- 2- 7 17:57     - 54 46  161 53  13.86 0.19  0.0    4 18.2  2.8      1101
 *** DISTANCE & RESIDUAL WEIGHTING CANCELLED FOR EVENT: 2021  2  7 18 15
 1102 2021- 2- 7 18:15     # 55  7  161 42   5.95 0.30  0.0    4 15.6  3.9      1102
 1103 2021- 2- 7 19:33       55  2  161 41  13.18 0.16  0.0    7 10.8  4.9      1103
 1104 2021- 2- 7 20:17     - 54 45  160 42  15.00 0.22  0.0   11 18.2 22.1      1104
 1105 2021- 2- 7 20:17     - 54 36  160 30  15.19 0.17  0.0    9 13.1  8.9      1105
 1106 2021- 2- 7 20:24     - 54 41  161  3  15.00 0.15  0.0    9 13.8 17.8      1106
 1107 2021- 2- 7 20:25       55  6  161 38   1.54 0.07  0.0    6  1.3  2.1      1107
 1108 2021- 2- 7 21:56     - 54 56  162 17   9.06 0.06  0.0    5  9.3  9.3      1108
 1109 2021- 2- 8  2:30     - 55  1  161 27  22.74 0.12  0.0    5 12.7  6.0      1109
 1110 2021- 2- 8  2:30     - 54 54  161 20  29.22 0.43  0.0    5 34.1  8.0      1110
  SEQ ---DATE--- TIME REMARK -LAT-  --LON-  DEPTH  RMS PMAG  NUM  ERH  ERZ  ID
 1111 2021- 2- 8  3:28     - 54 47  161  3  14.98 0.15  0.0    8 16.1  6.1      1111
 *** DISTANCE & RESIDUAL WEIGHTING CANCELLED FOR EVENT: 2021  2  8  3 45
 1112 2021- 2- 8  3:45     - 55  3  162 13  15.00 1.81  0.0    4 82.1 55.3      1112
 1113 2021- 2- 8  4:17       55 18  162 10  15.48 1.45  0.0   10  7.5 38.8      1113
 1114 2021- 2- 8  4:31     - 55 20  161  1  17.67 0.24  0.0    9 19.0 21.4      1114
 1115 2021- 2- 8  4:31     - 55 33  160 35  15.01 0.38  0.0    6 31.1 32.6      1115
 1116 2021- 2- 8  4:37     - 55  0  161 27  24.28 0.24  0.0    7 17.4  6.1      1116
 1117 2021- 2- 8  4:38     - 54 56  161 23  24.39 0.07  0.0    6 12.0  2.3      1117
 1118 2021- 2- 8  4:42     - 55  1  161 25  15.00 0.18  0.0    5 12.3 13.0      1118
 1119 2021- 2- 8  7:13     - 55 25  161 46  39.27 0.03  0.0    4  4.8  8.1      1119
 1120 2021- 2- 8  7:14       55 21  162  9  29.12 0.00  0.0    4  3.1  2.5      1120
 1121 2021- 2- 8  8:15     - 55 29  162 39  15.03 0.83  0.0    8  6.5 54.5      1121
 1122 2021- 2- 8  8:18     - 55  1  162  1  42.40 0.15  0.0    7  8.7 11.7      1122
 *** DISTANCE & RESIDUAL WEIGHTING CANCELLED FOR EVENT: 2021  2  8  9 43
 1123 2021- 2- 8  9:42     - 54 27  161 44  15.00 1.03  0.0    4 85.2 78.2      1123
 1124 2021- 2- 8 11:27     - 54 34  161 18  15.04 0.16  0.0   11  7.4 14.6      1124
 1125 2021- 2- 8 12:00     - 54 19  161 19  10.09 0.14  0.0    5 15.4  2.3      1125
  SEQ ---DATE--- TIME REMARK -LAT-  --LON-  DEPTH  RMS PMAG  NUM  ERH  ERZ  ID
 1126 2021- 2- 8 12:00     - 54 56  162 49  18.08 0.04  0.0    4  5.4 11.3      1126
 1127 2021- 2- 8 12:00     - 55  8  161 45   6.41 0.12  0.0    4 14.4 15.5      1127
 1128 2021- 2- 8 12:35       54 59  162 12   1.95 0.11  0.0    7  0.9  4.3      1128
 1129 2021- 2- 8 12:36     - 54 52  162 48  11.13 0.12  0.0    4  4.5 15.2      1129
 1130 2021- 2- 8 12:49     - 55  0  161 30  32.28 0.07  0.0    5 11.5  4.5      1130
 1131 2021- 2- 8 12:49     - 54 56  161 21  37.24 0.39  0.0    6 30.0  6.7      1131
 1132 2021- 2- 8 13:46     - 54 50  161 20  31.15 0.14  0.0    8 14.5  1.4      1132
 1133 2021- 2- 8 13:46     - 54 55  161 31  46.17 0.09  0.0    4 13.0  5.0      1133
 1134 2021- 2- 8 16:06     - 54 54  160 58  19.18 0.20  0.0    8 16.4 18.0      1134
 1135 2021- 2- 8 16:06     - 54 49  160 38  36.20 0.31  0.0    5 20.4 22.9      1135
 *** DISTANCE & RESIDUAL WEIGHTING CANCELLED FOR EVENT: 2021  2  8 16 15
 1136 2021- 2- 8 16:15     - 55 10  161 24  14.07 0.23  0.0    4 15.9 13.5      1136
 1137 2021- 2- 8 17:27     - 55 26  162 24  15.07 0.13  0.0    4  1.7 16.3      1137
 *** DISTANCE & RESIDUAL WEIGHTING CANCELLED FOR EVENT: 2021  2  8 19 48
 1138 2021- 2- 8 19:48     - 55 20  161 47   0.19 0.07  0.0    4  2.2 10.6      1138
 1139 2021- 2- 8 23:07     - 55 57  160 56  15.09 0.18  0.0    4 17.9 19.3      1139
 1140 2021- 2- 8 23:58     - 54 34  161 25  15.29 0.07  0.0    5  6.1 12.3      1140
  SEQ ---DATE--- TIME REMARK -LAT-  --LON-  DEPTH  RMS PMAG  NUM  ERH  ERZ  ID
 1141 2021- 2- 9  0:11     - 55 26  163 10  14.81 0.14  0.0    4 16.1  5.3      1141
 1142 2021- 2- 9  0:16       55 27  161 51  28.68 0.14  0.0   13  1.5  1.0      1142
 1143 2021- 2- 9  0:20     - 55 16  162 47  14.85 0.19  0.0    4  2.9 16.4      1143
 1144 2021- 2- 9  0:56     - 54 60  161 11  14.83 0.17  0.0    4 17.8  2.9      1144
 *** DISTANCE & RESIDUAL WEIGHTING CANCELLED FOR EVENT: 2021  2  9  0 56
 1145 2021- 2- 9  0:56     - 54 44  160 50  15.03 0.61  0.0    4 47.9 50.1      1145
 1146 2021- 2- 9  1:38     - 55  8  161 19  14.98 0.11  0.0    4 13.1 12.0      1146
 *** DISTANCE & RESIDUAL WEIGHTING CANCELLED FOR EVENT: 2021  2  9  1 38
 1147 2021- 2- 9  1:38     - 55 12  162 10  10.76 0.51  0.0    4 23.2 30.7      1147
 1148 2021- 2- 9  2:43     - 55  0  161 28  21.39 0.18  0.0    7 15.7  5.1      1148
 1149 2021- 2- 9  2:44     - 54 50  161  8  31.58 0.18  0.0    6 17.1  1.9      1149
 1150 2021- 2- 9  3:45     - 54 60  161 33  16.91 0.17  0.0    4 15.4  2.6      1150
 1151 2021- 2- 9  8:02     - 54 32  162 28  11.15 0.16  0.0    9  2.2 13.9      1151
 1152 2021- 2- 9  8:44     - 54 44  160 54  15.00 0.13  0.0    9 15.0 16.7      1152
 1153 2021- 2- 9  8:44     - 54 41  161  6  23.58 0.12  0.0    7  8.4  7.5      1153
 1154 2021- 2- 9  8:45     - 54 50  161 11  29.12 0.14  0.0    9 15.6  2.0      1154
 1155 2021- 2- 9  8:45     - 54 43  161  6  18.13 0.09  0.0    5 10.5 13.9      1155
  SEQ ---DATE--- TIME REMARK -LAT-  --LON-  DEPTH  RMS PMAG  NUM  ERH  ERZ  ID
 1156 2021- 2- 9 10:13     - 54 53  160 15  15.37 0.13  0.0   15  7.2 14.6      1156
 1157 2021- 2- 9 11:44     - 55 21  161 56   0.86 0.06  0.0    4  0.7  9.9      1157
 1158 2021- 2- 9 15:51     - 55  9  161  9  15.69 0.15  0.0    5 15.8  3.2      1158
 1159 2021- 2- 9 17:36     - 54 51  161 11  33.22 0.21  0.0    9 15.4 20.7      1159
 1160 2021- 2- 9 17:36     - 54 33  160 47  41.46 0.31  0.0    9 21.6 21.3      1160
 1161 2021- 2- 9 18:30     - 55  1  161 28  11.00 0.08  0.0    4 10.3  8.8      1161
 1162 2021- 2- 9 20:40     - 55 10  161  5   7.80 0.19  0.0    8 15.4 20.0      1162
 1163 2021- 2- 9 20:41     - 55 57  162  7  17.65 0.29  0.0    4 23.1 27.4      1163
 *** DISTANCE & RESIDUAL WEIGHTING CANCELLED FOR EVENT: 2021  2  9 20 41
 1164 2021- 2- 9 20:40     - 55  5  160 31  15.00 0.88  0.0    4 61.2 73.9      1164
 1165 2021- 2- 9 20:43     - 54 26  162  7  17.79 0.34  0.0   13  3.5 30.6      1165
 1166 2021- 2- 9 21:31     - 54 57  161 50  22.21 0.03  0.0    4 10.8  5.7      1166
 *** DISTANCE & RESIDUAL WEIGHTING CANCELLED FOR EVENT: 2021  2  9 21 32
 1167 2021- 2- 9 21:32     # 55 15  162  9  14.93 0.52  0.0    4  9.9 18.2      1167
 1168 2021- 2- 9 23:37     - 55  4  160 42  16.87 0.20  0.0   10 19.0 21.1      1168
 1169 2021- 2- 9 23:37     - 55  3  159 40  15.16 0.22  0.0    9 17.5 10.7      1169
 1170 2021- 2- 9 23:45     # 54 54  161 34  65.41 0.19  0.0   10  5.1  2.0      1170
  SEQ ---DATE--- TIME REMARK -LAT-  --LON-  DEPTH  RMS PMAG  NUM  ERH  ERZ  ID
 1171 2021- 2-10  2:32     - 55  1  161 24  27.99 0.23  0.0    9 16.3  5.2      1171
 1172 2021- 2-10  2:32     - 54 41  160 59  33.52 0.24  0.0    7 19.9 23.1      1172
 1173 2021- 2-10  6:08     - 54 37  161 18  16.64 0.18  0.0   11  7.6 15.2      1173
 1174 2021- 2-10  8:01     - 55 23  161  7  32.22 0.18  0.0    8 15.7  1.7      1174
 *** DISTANCE & RESIDUAL WEIGHTING CANCELLED FOR EVENT: 2021  2 10  8  1
 1175 2021- 2-10  8:01     # 55 31  162  2  10.08 0.32  0.0    5  5.4 14.3      1175
 1176 2021- 2-10  8:13     - 55  6  161 47  12.19 0.07  0.0    4 10.8  5.0      1176
 1177 2021- 2-10 11:41     - 55  1  161 25  15.06 0.14  0.0    5 14.3 11.8      1177
 1178 2021- 2-10 11:42       55 10  161 43  17.65 0.00  0.0    4  4.5  1.3      1178
 1179 2021- 2-10 17:35     - 54 28  161 52  20.37 0.05  0.0    4  2.1 13.1      1179
 1180 2021- 2-10 19:19     - 54 54  161  4  33.49 0.24  0.0    9 18.6 21.4      1180
 1181 2021- 2-10 19:19     - 54 41  160 41  45.17 0.31  0.0    9 26.8 13.9      1181
 *** DISTANCE & RESIDUAL WEIGHTING CANCELLED FOR EVENT: 2021  2 10 20 42
 1182 2021- 2-10 20:42     - 55 23  161 24  15.00 0.82  0.0    4 22.8 49.2      1182
 1183 2021- 2-10 21:08     - 54 57  161 33  23.21 0.18  0.0    6 16.5 10.2      1183
 1184 2021- 2-10 21:08     - 54 53  161 21  13.51 0.51  0.0    6 40.1  6.6      1184
 1185 2021- 2-10 21:09     - 54 54  161 26  32.93 0.11  0.0    6 14.4  1.0      1185
  SEQ ---DATE--- TIME REMARK -LAT-  --LON-  DEPTH  RMS PMAG  NUM  ERH  ERZ  ID
 1186 2021- 2-10 21:09     - 54 43  161 12   8.21 0.14  0.0    5 12.1 16.3      1186
 1187 2021- 2-10 21:42     - 55 15  161 30   8.32 0.06  0.0    4 12.6  9.7      1187
 1188 2021- 2-10 23:19     - 55 10  162  5  25.58 0.01  0.0    4  3.4  8.7      1188
 1189 2021- 2-11  4:55     - 54 55  163 13  15.17 0.04  0.0    4 10.3  7.8      1189
 1190 2021- 2-11  5:53     - 55  0  161  3  14.23 0.17  0.0    7 17.6  2.2      1190
 *** DISTANCE & RESIDUAL WEIGHTING CANCELLED FOR EVENT: 2021  2 11  5 53
 1191 2021- 2-11  5:53     - 55 16  161 20  19.26 0.07  0.0    4 11.1  3.6      1191
 1192 2021- 2-11 18:03     - 55 16  161 27   6.77 0.11  0.0    4  3.1 15.1      1192
 1193 2021- 2-11 18:53     - 55  3  161 18  14.98 0.24  0.0    4 18.0 15.5      1193
 1194 2021- 2-11 20:10     - 55 53  161  6  12.76 0.09  0.0    6 11.4 13.1      1194
 1195 2021- 2-11 20:37       55 27  162  4   7.46 0.20  0.0   13  1.2  0.8      1195
 1196 2021- 2-11 22:27     - 55  1  160 31  15.13 0.17  0.0   17  7.9 15.7      1196
 *** DISTANCE & RESIDUAL WEIGHTING CANCELLED FOR EVENT: 2021  2 12  7 34
 1197 2021- 2-12  7:34     - 55 45  161  4  15.00 1.05  0.0    4 88.5 14.9      1197
 1198 2021- 2-12 14:15     - 54 52  161 18  12.77 0.28  0.0   10  4.1 20.1      1198
 1199 2021- 2-12 14:15       55 10  161 58   3.93 0.00  0.0    4  1.1  2.3      1199
 1200 2021- 2-12 15:10     - 54 35  161 17  15.35 0.12  0.0   14  6.6 13.4      1200
  SEQ ---DATE--- TIME REMARK -LAT-  --LON-  DEPTH  RMS PMAG  NUM  ERH  ERZ  ID
 1201 2021- 2-12 16:15     - 55  6  161 42  49.40 0.09  0.0    5  7.8 10.8      1201
 1202 2021- 2-12 16:15     - 54 58  161 26  29.44 0.31  0.0    5 24.9  6.2      1202
 1203 2021- 2-13  1:24     - 54 40  160 50  15.00 0.22  0.0   10 18.9 21.9      1203
 1204 2021- 2-13  1:24     - 54 48  160 57  47.55 0.25  0.0    7 21.6  6.9      1204
 1205 2021- 2-13  7:26     - 54 34  160 49  22.15 0.20  0.0    6  4.9 20.2      1205
 1206 2021- 2-13  8:43     - 54 56  161 39  11.42 0.04  0.0    6 12.3  5.4      1206
 1207 2021- 2-13  8:43     - 54 53  161 31  14.79 0.14  0.0    5 15.1  1.7      1207
 1208 2021- 2-13  9:56       55  9  161 45  20.75 0.00  0.0    4  3.8  1.7      1208
 1209 2021- 2-13 13:09       55 21  161  4  31.42 0.17  0.0    9 13.3  1.2      1209
 *** DISTANCE & RESIDUAL WEIGHTING CANCELLED FOR EVENT: 2021  2 13 13 10
 1210 2021- 2-13 13:10     # 55 28  161 58  25.03 0.69  0.0    5  7.7  6.8      1210
 1211 2021- 2-13 13:20     - 55 40  161 17  15.00 0.12  0.0    5 12.4 13.6      1211
 1212 2021- 2-13 14:15       55  3  162 11   3.13 0.02  0.0    5  0.8  1.2      1212
 1213 2021- 2-13 14:22     - 54 38  161 20  16.77 0.26  0.0   10 10.2 19.7      1213
 1214 2021- 2-13 19:09       54 33  161 46  12.69 0.19  0.0    9  3.0  2.8      1214
 1215 2021- 2-14  0:24     - 54 51  160 58  17.02 0.11  0.0   13  0.9 15.5      1215
  SEQ ---DATE--- TIME REMARK -LAT-  --LON-  DEPTH  RMS PMAG  NUM  ERH  ERZ  ID
 1216 2021- 2-14  0:51       55  9  163 16  15.32 0.22  0.0    8  5.4  2.1      1216
 1217 2021- 2-14  0:51     - 54 49  162 20  15.96 0.17  0.0    5 16.8  6.5      1217
 1218 2021- 2-14  1:05     - 54 41  162 21  15.36 0.26  0.0    4 11.2 22.6      1218
 1219 2021- 2-14  2:04     - 55 16  161 51  51.94 0.21  0.0    5  6.8 17.3      1219
 1220 2021- 2-14  2:04     - 55  3  160 54  14.10 0.14  0.0    6 14.5  2.4      1220
 1221 2021- 2-14  3:53     - 54 26  161 44  18.14 0.13  0.0    5  1.8 16.2      1221
 1222 2021- 2-14  8:10     - 54 54  160 21  14.84 0.34  0.0   17 13.1 26.4      1222
 1223 2021- 2-14  9:09     - 55  2  161 27  27.57 0.27  0.0    6 20.4  8.3      1223
 1224 2021- 2-14  9:09       55 16  162  3  15.02 0.01  0.0    4  1.2  2.4      1224
 1225 2021- 2-14  9:46       54 34  161 43  40.13 0.01  0.0    5  2.9  7.3      1225
 1226 2021- 2-14 14:09     - 54 59  161  3  13.28 0.09  0.0    4 13.6 13.4      1226
 *** DISTANCE & RESIDUAL WEIGHTING CANCELLED FOR EVENT: 2021  2 14 14  9
 1227 2021- 2-14 14:09     - 54 58  161 13  13.81 0.23  0.0    5 20.9  2.5      1227
 1228 2021- 2-14 17:55       55 34  161 27  19.21 0.08  0.0    5  3.1  7.2      1228
 1229 2021- 2-14 19:15     - 54 57  163 25  17.45 0.49  0.0    5 38.2 42.3      1229
 1230 2021- 2-14 22:32     - 55 14  161 31   8.00 0.07  0.0    4 13.4 10.7      1230
  SEQ ---DATE--- TIME REMARK -LAT-  --LON-  DEPTH  RMS PMAG  NUM  ERH  ERZ  ID
 1231 2021- 2-15  1:27     - 55  3  163 36  14.94 0.13  0.0    5  7.5 14.6      1231
 1232 2021- 2-15  1:27     - 54 13  161 38  14.89 0.22  0.0    8 15.6 19.7      1232
 1233 2021- 2-15  1:37     - 55  2  163 43  14.39 0.02  0.0    4  5.6 11.2      1233
 1234 2021- 2-15 17:29     - 55  4  161 28   7.99 0.13  0.0    5 12.9 16.0      1234
 1235 2021- 2-15 17:30     - 54 59  161 27  15.00 0.57  0.0    5 30.5 31.6      1235
 1236 2021- 2-15 20:20     - 55 24  162  5  14.99 0.03  0.0    4  4.3 11.7      1236
 1237 2021- 2-16  3:44     - 54 39  160 43  15.00 0.19  0.0    9 18.2 20.0      1237
 1238 2021- 2-16  3:45     - 54 54  161 35   6.79 0.14  0.0    6  6.0 16.9      1238
 1239 2021- 2-16  3:49     - 54 56  160 43  15.00 0.18  0.0   11 16.7 19.5      1239
 1240 2021- 2-16  3:49     - 55  2  160 50  30.37 0.17  0.0    9 13.0  1.9      1240
 1241 2021- 2-16  4:27     - 54 50  160 38  15.00 0.18  0.0   10 16.8 19.8      1241
 1242 2021- 2-16  4:27     - 54 51  160 47  26.55 0.20  0.0   10 15.0  3.6      1242
 *** DISTANCE & RESIDUAL WEIGHTING CANCELLED FOR EVENT: 2021  2 16  5 33
 1243 2021- 2-16  5:33     # 55 26  162 25  15.10 0.42  0.0    4  6.2 22.3      1243
 1244 2021- 2-16  5:33     - 54 56  162 20  11.48 0.02  0.0    5  8.5  7.8      1244
 *** DISTANCE & RESIDUAL WEIGHTING CANCELLED FOR EVENT: 2021  2 16  5 33
 1245 2021- 2-16  5:33     # 54 58  162 24  12.57 0.73  0.0    5 32.8  3.6      1245
  SEQ ---DATE--- TIME REMARK -LAT-  --LON-  DEPTH  RMS PMAG  NUM  ERH  ERZ  ID
 1246 2021- 2-16  5:56     - 55 26  161 24   6.61 0.13  0.0    5 11.3 16.7      1246
 1247 2021- 2-16  5:56     - 55 35  160 27  20.17 0.22  0.0    6 18.4  6.5      1247
 1248 2021- 2-16  6:15     - 54 49  161 10  31.64 0.19  0.0    8 18.1  1.6      1248
 1249 2021- 2-16  6:16       55 11  161 44   3.63 0.11  0.0    5  3.2  0.7      1249
 1250 2021- 2-16  6:30     - 54 34  161 19  16.05 0.16  0.0    9  8.0 16.0      1250
 1251 2021- 2-16  8:29     - 55  6  163 28  14.85 0.54  0.0    8 21.2 40.7      1251
 1252 2021- 2-16  8:29     - 55 59  161 48  14.75 0.63  0.0    4 24.1 48.5      1252
 *** DISTANCE & RESIDUAL WEIGHTING CANCELLED FOR EVENT: 2021  2 16 11 15
 1253 2021- 2-16 11:15     - 54 53  162 35  14.94 0.58  0.0    4 46.6 16.7      1253
 1254 2021- 2-16 15:52       54 55  161 26  31.46 0.22  0.0   10  4.2  1.4      1254
 1255 2021- 2-16 15:53     - 55 11  161 58   0.40 0.35  0.0    5  1.7 28.5      1255
 1256 2021- 2-16 16:06     - 54 49  161  8  29.51 0.16  0.0    9 16.7  2.3      1256
 1257 2021- 2-16 16:06     - 55  6  161 32  34.14 0.00  0.0    4 11.6  3.0      1257
 1258 2021- 2-16 16:17     - 54 34  161 18  14.79 0.09  0.0   11  6.2 12.1      1258
 *** DISTANCE & RESIDUAL WEIGHTING CANCELLED FOR EVENT: 2021  2 16 18 13
 1259 2021- 2-16 18:13     - 55 13  163 36  15.00 0.42  0.0    4 17.0 32.9      1259
 1260 2021- 2-16 19:05     - 54 34  161 55  12.27 0.17  0.0    5  2.9 18.8      1260
  SEQ ---DATE--- TIME REMARK -LAT-  --LON-  DEPTH  RMS PMAG  NUM  ERH  ERZ  ID
 1261 2021- 2-16 20:37     - 55  1  161 30  26.81 0.03  0.0    4 11.8  4.4      1261
 1262 2021- 2-16 20:38     - 55  3  161 13   9.25 0.08  0.0    4 12.0 10.4      1262
 1263 2021- 2-16 20:59     - 54 46  160 52  15.00 0.18  0.0    7 18.0 19.7      1263
 *** DISTANCE & RESIDUAL WEIGHTING CANCELLED FOR EVENT: 2021  2 16 21  0
 1264 2021- 2-16 20:59     - 54 59  161 22  15.00 0.56  0.0    5 35.8  5.4      1264
 1265 2021- 2-16 21:23     - 54 60  161  7  14.17 0.22  0.0    5 16.8 14.4      1265
 *** DISTANCE & RESIDUAL WEIGHTING CANCELLED FOR EVENT: 2021  2 16 21 59
 1266 2021- 2-16 21:59     - 54 34  161 19  27.19 0.08  0.0    4  4.2 11.0      1266
 1267 2021- 2-16 22:20     - 55 49  160 54  15.03 0.19  0.0    6  9.0 16.6      1267
 1268 2021- 2-16 22:32     - 55  3  161 41  19.08 0.05  0.0    4 10.5  3.4      1268
 1269 2021- 2-16 23:19     - 54 50  160 53  35.12 0.24  0.0   10 16.3 19.6      1269
 1270 2021- 2-16 23:19     - 54 44  160 52  24.89 0.14  0.0    8 13.3  3.3      1270
 *** DISTANCE & RESIDUAL WEIGHTING CANCELLED FOR EVENT: 2021  2 17  1 24
 1271 2021- 2-17  1:24     - 54 56  161 44  32.13 0.41  0.0    4 27.2 18.1      1271
 1272 2021- 2-17  4:06     - 54 35  161 18  15.09 0.14  0.0    8  7.3 14.7      1272
 1273 2021- 2-17  4:59     - 55  8  161 32   9.06 0.16  0.0    5 15.5 13.0      1273
 1274 2021- 2-17  4:58     - 54 44  160 57  15.01 0.12  0.0    5 12.7 15.9      1274
 1275 2021- 2-17  5:29     - 55  9  162 12   0.06 0.45  0.0    9  2.0 28.8      1275
  SEQ ---DATE--- TIME REMARK -LAT-  --LON-  DEPTH  RMS PMAG  NUM  ERH  ERZ  ID
 1276 2021- 2-17  5:29     - 54 56  162 51  15.08 0.89  0.0    7 64.4 74.5      1276
 1277 2021- 2-17  7:32     - 54 57  161  1  17.73 0.19  0.0    9 17.8 19.6      1277
 1278 2021- 2-17  7:32     - 54 54  161  7  33.18 0.05  0.0    4 10.5 12.0      1278
 1279 2021- 2-17 10:17     - 55 15  161 38  22.05 0.12  0.0    4 16.2  1.8      1279
 *** DISTANCE & RESIDUAL WEIGHTING CANCELLED FOR EVENT: 2021  2 17 10 39
 1280 2021- 2-17 10:39     - 54 42  162 39  15.00 1.22  0.0    4 99.0 11.1      1280
 1281 2021- 2-17 10:51     - 55  8  160  8  14.84 0.18  0.0   13  8.3 16.9      1281
 1282 2021- 2-17 12:21     - 55  3  161 29  18.15 0.10  0.0    4 12.5  4.8      1282
 1283 2021- 2-17 12:56       54 40  163 32  14.75 0.25  0.0   10  7.1 14.1      1283
 1284 2021- 2-17 13:02       55 21  161 49  20.62 0.00  0.0    4  4.9  1.4      1284
 1285 2021- 2-17 14:46     - 55 46  161 49  33.73 0.44  0.0    5  7.3 38.4      1285
 *** DISTANCE & RESIDUAL WEIGHTING CANCELLED FOR EVENT: 2021  2 17 15 42
 1286 2021- 2-17 15:41     # 54 59  162 49  15.00 1.76  0.0    6 31.6 28.8      1286
 1287 2021- 2-17 17:01       55 18  161 54  21.37 0.00  0.0    4  4.1  2.7      1287
 1288 2021- 2-17 17:18     - 54 54  160 55  15.89 0.18  0.0    9 17.0 19.5      1288
 1289 2021- 2-17 17:18     - 54 49  161  4  50.90 0.20  0.0    8 17.1  8.9      1289
 1290 2021- 2-17 19:37       55 15  161 39  33.46 0.05  0.0    6  3.1  0.9      1290
  SEQ ---DATE--- TIME REMARK -LAT-  --LON-  DEPTH  RMS PMAG  NUM  ERH  ERZ  ID
 1291 2021- 2-17 19:37     - 54 34  161 47  15.18 0.12  0.0    4  7.1 14.0      1291
 *** DISTANCE & RESIDUAL WEIGHTING CANCELLED FOR EVENT: 2021  2 17 19 38
 1292 2021- 2-17 19:37     # 55 45  161 23  45.74 0.00  0.0    4  4.8  4.1      1292
 1293 2021- 2-17 19:41     - 54 46  160 51  15.00 0.18  0.0    7 18.5 19.5      1293
 1294 2021- 2-17 19:41     - 54 48  160 55  22.11 0.19  0.0    5 14.9 12.5      1294
 1295 2021- 2-17 21:02       54 42  160 21  18.55 0.17  0.0   17  1.3  2.3      1295
 1296 2021- 2-18  2:02     - 54 26  162  2  16.34 0.13  0.0    9  7.3 14.5      1296
 1297 2021- 2-18  3:26     - 54 55  162 39   7.54 0.07  0.0    4 10.8 10.6      1297
 1298 2021- 2-18  5:04     - 55 17  161 26   6.82 0.12  0.0    5  3.1 15.7      1298
 1299 2021- 2-18  6:21     - 55  6  161 21   8.93 0.11  0.0    5 14.8 13.9      1299
 1300 2021- 2-18  7:29     - 55  1  162 40  48.03 0.06  0.0    7  8.2  7.7      1300
 *** DISTANCE & RESIDUAL WEIGHTING CANCELLED FOR EVENT: 2021  2 18  7 30
 1301 2021- 2-18  7:29     # 55 11  162 31  26.16 0.28  0.0    5  3.8  4.4      1301
 1302 2021- 2-18  7:50     - 55 12  161 34  12.74 0.06  0.0    4 12.1  5.3      1302
 1303 2021- 2-18  8:08     - 54 46  160 58  15.00 0.13  0.0    7 15.3 16.6      1303
 1304 2021- 2-18  8:08     - 55 13  161 15  14.95 0.36  0.0    4 30.8 24.4      1304
 1305 2021- 2-18  9:43     - 55 15  161 27   8.26 0.11  0.0    4 14.2 11.7      1305
  SEQ ---DATE--- TIME REMARK -LAT-  --LON-  DEPTH  RMS PMAG  NUM  ERH  ERZ  ID
 1306 2021- 2-18 10:44     - 54 58  161 10  14.12 0.10  0.0    5 10.7  9.4      1306
 1307 2021- 2-18 10:45     - 54 53  161 21  65.53 0.02  0.0    4 10.4  5.9      1307
 1308 2021- 2-18 11:09     - 54 53  160 51  17.61 0.20  0.0    8 18.9 21.0      1308
 1309 2021- 2-18 11:09     - 54 50  160 52  34.23 0.35  0.0    7 22.0 27.1      1309
 1310 2021- 2-18 12:40     - 54 35  161 17  15.10 0.15  0.0   18  6.6 13.0      1310
 1311 2021- 2-18 13:37     - 55 35  161 22  36.84 0.16  0.0    5 16.2  4.9      1311
 *** DISTANCE & RESIDUAL WEIGHTING CANCELLED FOR EVENT: 2021  2 18 13 43
 1312 2021- 2-18 13:43     - 55  6  161 26  15.01 0.30  0.0    4 22.8 19.0      1312
 1313 2021- 2-18 13:49     - 54 32  161 27  15.34 0.26  0.0   14 10.4 21.0      1313
 1314 2021- 2-18 15:24     - 55  6  161 29  10.17 0.15  0.0    7  2.6 13.0      1314
 *** DISTANCE & RESIDUAL WEIGHTING CANCELLED FOR EVENT: 2021  2 18 15 24
 1315 2021- 2-18 15:24     - 54 51  161 28   9.65 0.57  0.0    4 36.1 30.3      1315
 *** DISTANCE & RESIDUAL WEIGHTING CANCELLED FOR EVENT: 2021  2 18 16 39
 1316 2021- 2-18 16:39     # 55 13  162  1  15.00 0.32  0.0    4  9.3  7.3      1316
 1317 2021- 2-18 16:48     - 54 54  161 10  28.56 0.13  0.0    9 13.2  1.8      1317
 1318 2021- 2-18 16:48     - 55 13  161 32  30.45 0.05  0.0    5  9.2  7.8      1318
 1319 2021- 2-18 17:02     - 55  3  161 41  24.84 0.11  0.0    5 10.4  7.4      1319
 *** DISTANCE & RESIDUAL WEIGHTING CANCELLED FOR EVENT: 2021  2 18 17  2
 1320 2021- 2-18 17:02     - 55  9  161 54  10.64 0.18  0.0    4 10.0  9.9      1320
 *** DISTANCE & RESIDUAL WEIGHTING CANCELLED FOR EVENT: 2021  2 18 17  4
  SEQ ---DATE--- TIME REMARK -LAT-  --LON-  DEPTH  RMS PMAG  NUM  ERH  ERZ  ID
 1321 2021- 2-18 17:03     - 56  1  160 47  12.56 0.44  0.0    4 26.4 34.7      1321
 1322 2021- 2-18 18:58     - 55 15  161 13  16.79 0.10  0.0    5 14.2  1.2      1322
 *** DISTANCE & RESIDUAL WEIGHTING CANCELLED FOR EVENT: 2021  2 18 19  3
 1323 2021- 2-18 19:03     - 55  8  161 14  10.72 0.23  0.0    4 21.7 17.6      1323
 1324 2021- 2-18 20:22     - 54 48  160 46  15.00 0.20  0.0   10 18.5 20.7      1324
 1325 2021- 2-18 20:22     - 54 46  160 60  55.15 0.09  0.0    7 13.9  6.3      1325
 1326 2021- 2-18 23:26     - 55 10  160 46  16.54 0.15  0.0    5  7.8 15.6      1326
 1327 2021- 2-18 23:59     - 55 16  161 39  54.32 0.06  0.0    6  5.4 10.8      1327
 1328 2021- 2-19  0:35       55 21  162  5  38.03 0.19  0.0    8  3.4  2.4      1328
 1329 2021- 2-19  1:42     - 54 60  161 27  27.82 0.19  0.0    8 15.9  5.2      1329
 1330 2021- 2-19  1:42     - 54 58  161 27  35.64 0.10  0.0    5 13.0  3.1      1330
 *** DISTANCE & RESIDUAL WEIGHTING CANCELLED FOR EVENT: 2021  2 19  1 57
 1331 2021- 2-19  1:57     - 54 52  162 14  16.41 0.26  0.0    4 20.5 14.3      1331
 1332 2021- 2-19  2:07     - 55 17  161 35   6.54 0.07  0.0    6  2.4 13.6      1332
 1333 2021- 2-19  2:56     - 55  4  161 32  10.46 0.14  0.0    5  5.1 11.8      1333
 1334 2021- 2-19  3:15     - 54 54  161 10  13.23 0.16  0.0    6 13.3 12.2      1334
 *** DISTANCE & RESIDUAL WEIGHTING CANCELLED FOR EVENT: 2021  2 19  3 15
 1335 2021- 2-19  3:15     - 54 41  162 47  15.00 0.75  0.0    4 58.2 61.9      1335
  SEQ ---DATE--- TIME REMARK -LAT-  --LON-  DEPTH  RMS PMAG  NUM  ERH  ERZ  ID
 1336 2021- 2-19  3:23     - 55  4  161  5  14.45 0.05  0.0    4 12.9 12.2      1336
 1337 2021- 2-19  3:33     - 54 41  160 54  15.01 0.29  0.0   10 21.0 26.9      1337
 1338 2021- 2-19  3:33     - 54 35  160 53   1.10 0.42  0.0    8 25.8 36.8      1338
 1339 2021- 2-19  3:38     - 54 49  160 58  13.37 0.18  0.0    9 17.3  2.6      1339
 1340 2021- 2-19  3:38     - 54 55  161 24  30.09 0.08  0.0    6 11.0  3.2      1340
 *** DISTANCE & RESIDUAL WEIGHTING CANCELLED FOR EVENT: 2021  2 19  3 45
 1341 2021- 2-19  3:44     - 54 50  161 54  12.62 0.08  0.0    4  6.9 13.2      1341
 1342 2021- 2-19  4:02     - 55  9  161 21   8.47 0.14  0.0    4 16.7 16.2      1342
 1343 2021- 2-19  4:08     # 55 12  161 55   0.16 0.55  0.0    6  3.0 31.3      1343
 *** DISTANCE & RESIDUAL WEIGHTING CANCELLED FOR EVENT: 2021  2 19  4  9
 1344 2021- 2-19  4:08     - 55 13  160 28  15.04 1.18  0.0    5 90.0 97.8      1344
 *** DISTANCE & RESIDUAL WEIGHTING CANCELLED FOR EVENT: 2021  2 19  4 16
 1345 2021- 2-19  4:15     - 55  5  161 25  11.36 0.32  0.0    5 22.5 19.5      1345
 1346 2021- 2-19  4:21     - 55 12  161 27   8.68 0.04  0.0    4 12.4 10.9      1346
 1347 2021- 2-19  4:40     - 55 10  161 26  10.86 0.09  0.0    4 14.0 12.0      1347
 1348 2021- 2-19  4:55     - 54 59  161  9  12.29 0.15  0.0    6 11.5 12.4      1348
 1349 2021- 2-19  5:47     - 54 38  162 50  18.84 0.07  0.0    4  6.5 12.0      1349
 1350 2021- 2-19  6:20     - 55  8  161 26  11.36 0.09  0.0    5 13.5 10.0      1350
  SEQ ---DATE--- TIME REMARK -LAT-  --LON-  DEPTH  RMS PMAG  NUM  ERH  ERZ  ID
 1351 2021- 2-19  6:50     - 54 58  163 40  33.74 0.39  0.0    6  5.3 34.9      1351
 1352 2021- 2-19  8:36     - 54 31  161  8  15.20 0.19  0.0   12  8.4 17.9      1352
 1353 2021- 2-19  8:36     - 54 39  161  7   8.98 0.20  0.0   10 16.3  3.0      1353
 *** DISTANCE & RESIDUAL WEIGHTING CANCELLED FOR EVENT: 2021  2 19  9  6
 1354 2021- 2-19  9:06     - 54 49  161 39  30.74 0.30  0.0    5 21.8 10.4      1354
 *** DISTANCE & RESIDUAL WEIGHTING CANCELLED FOR EVENT: 2021  2 19  9  7
 1355 2021- 2-19  9:06     - 54 48  161 30  15.00 0.47  0.0    7 33.2  4.7      1355
 1356 2021- 2-19  9:11     - 54 58  163 16  19.92 0.41  0.0    6  8.5 32.1      1356
 1357 2021- 2-19  9:13     - 54 56  162 31  21.45 0.07  0.0    5 10.4  7.3      1357
 1358 2021- 2-19  9:13     - 55 32  161 46  32.03 0.06  0.0    4  5.7 12.3      1358
 1359 2021- 2-19  9:21     - 54 54  162 36  24.59 0.07  0.0    6 10.6  6.4      1359
 1360 2021- 2-19  9:38     - 55 20  161 14   8.13 0.27  0.0    4 19.9 22.2      1360
 1361 2021- 2-19 10:46     - 54 44  160 38  15.00 0.23  0.0   11 19.8 23.2      1361
 1362 2021- 2-19 10:46     - 54 39  160 42  15.02 0.33  0.0    9 20.3 29.8      1362
 1363 2021- 2-19 10:52       55 15  161 38  10.88 0.08  0.0    6  3.7  3.2      1363
 *** DISTANCE & RESIDUAL WEIGHTING CANCELLED FOR EVENT: 2021  2 19 10 52
 1364 2021- 2-19 10:52     - 55  2  161 31  15.06 0.28  0.0    4 16.6 13.0      1364
 *** DISTANCE & RESIDUAL WEIGHTING CANCELLED FOR EVENT: 2021  2 19 10 59
 1365 2021- 2-19 10:59     - 54 49  162 18  10.97 0.33  0.0    4 25.6 14.5      1365
 *** DISTANCE & RESIDUAL WEIGHTING CANCELLED FOR EVENT: 2021  2 19 12 32
  SEQ ---DATE--- TIME REMARK -LAT-  --LON-  DEPTH  RMS PMAG  NUM  ERH  ERZ  ID
 1366 2021- 2-19 12:32     - 55  0  162 22  14.75 0.25  0.0    4 11.1 14.6      1366
 1367 2021- 2-19 12:59     - 55 18  161 10  10.89 0.16  0.0    8 13.0 14.8      1367
 *** DISTANCE & RESIDUAL WEIGHTING CANCELLED FOR EVENT: 2021  2 19 13  0
 1368 2021- 2-19 13:00     # 55 14  161 21  15.00 0.80  0.0    6 29.8 16.7      1368
 *** DISTANCE & RESIDUAL WEIGHTING CANCELLED FOR EVENT: 2021  2 19 13 24
 1369 2021- 2-19 13:23     - 55  3  161 27  14.83 0.18  0.0    4 16.2 12.4      1369
 *** DISTANCE & RESIDUAL WEIGHTING CANCELLED FOR EVENT: 2021  2 19 13 43
 1370 2021- 2-19 13:43     - 55 15  161 39  18.42 0.15  0.0    4 14.2  7.7      1370
 1371 2021- 2-19 13:52     - 55 18  161 33   6.81 0.10  0.0    5  1.1 11.6      1371
 1372 2021- 2-19 14:04     - 54 57  161  6  34.45 0.19  0.0    9 15.9 10.5      1372
 1373 2021- 2-19 14:04     - 54 59  161 17  34.73 0.22  0.0    5 20.1  3.8      1373
 1374 2021- 2-19 14:14     - 54 37  162 16   8.93 0.15  0.0    5 14.8 13.7      1374
 1375 2021- 2-19 14:22     - 55 19  160 23  14.98 0.24  0.0    5 10.4 21.1      1375
 1376 2021- 2-19 14:29     - 54 31  163 17  15.56 0.11  0.0    6  7.0 14.1      1376
 *** DISTANCE & RESIDUAL WEIGHTING CANCELLED FOR EVENT: 2021  2 19 15  0
 1377 2021- 2-19 14:59     - 55  6  161 39   7.48 0.32  0.0    4 16.5 14.2      1377
 *** DISTANCE & RESIDUAL WEIGHTING CANCELLED FOR EVENT: 2021  2 19 15  6
 1378 2021- 2-19 15:06     - 55  6  161 10  13.14 0.61  0.0    7 10.7 38.5      1378
 *** DISTANCE & RESIDUAL WEIGHTING CANCELLED FOR EVENT: 2021  2 19 15  6
 1379 2021- 2-19 15:06     - 54 57  161 33  34.31 0.70  0.0    4 42.1 20.9      1379
 1380 2021- 2-19 15:14       54 58  160 33  72.28 0.11  0.0    9  4.2  5.6      1380
  SEQ ---DATE--- TIME REMARK -LAT-  --LON-  DEPTH  RMS PMAG  NUM  ERH  ERZ  ID
 1381 2021- 2-19 15:35     - 54 58  162 18  14.91 0.03  0.0    4  6.6  9.8      1381
 1382 2021- 2-19 17:08     - 54 48  161 52  11.85 0.11  0.0    5  9.6 11.9      1382
 *** DISTANCE & RESIDUAL WEIGHTING CANCELLED FOR EVENT: 2021  2 19 20 15
 1383 2021- 2-19 20:15     # 55  4  163 22  14.91 0.84  0.0    4 37.7 20.1      1383
 1384 2021- 2-19 21:43     - 54 49  161 21  14.71 0.10  0.0    5 10.5  7.8      1384
 1385 2021- 2-19 23:24       55  6  162 37  32.93 0.03  0.0    8  4.5  1.9      1385
 1386 2021- 2-20  1:14       55  3  161 37  20.14 0.13  0.0    7  4.5  2.5      1386
 1387 2021- 2-20  1:14     - 55  2  161 38  19.44 0.12  0.0    4 12.3  2.4      1387
 *** DISTANCE & RESIDUAL WEIGHTING CANCELLED FOR EVENT: 2021  2 20  1 18
 1388 2021- 2-20  1:18     - 55  1  161 38  14.61 0.38  0.0    4 27.5 16.6      1388
 1389 2021- 2-20  3:29     - 54 31  161  9  14.40 0.18  0.0    8  8.7 17.1      1389
 1390 2021- 2-20  3:29     - 54 57  161 39   8.52 0.10  0.0    6  8.1  9.5      1390
 1391 2021- 2-20  9:21     - 54 48  161 60   9.34 0.16  0.0    4 14.1 12.6      1391
 1392 2021- 2-20  9:22     - 54 36  161 56   9.80 0.14  0.0    5  9.4 14.4      1392
 1393 2021- 2-20 12:16     - 54 27  162  1  18.22 0.39  0.0   18  2.7 32.2      1393
 *** DISTANCE & RESIDUAL WEIGHTING CANCELLED FOR EVENT: 2021  2 20 16  2
 1394 2021- 2-20 16:02     - 55 10  161 30  14.80 0.20  0.0    4 14.4  9.8      1394
 1395 2021- 2-20 19:54     - 55 15  161 34   9.20 0.07  0.0    4 13.6 11.1      1395
 *** DISTANCE & RESIDUAL WEIGHTING CANCELLED FOR EVENT: 2021  2 20 19 54
  SEQ ---DATE--- TIME REMARK -LAT-  --LON-  DEPTH  RMS PMAG  NUM  ERH  ERZ  ID
 1396 2021- 2-20 19:54     - 54 51  161  9  14.10 0.29  0.0    4 25.3  3.9      1396
 1397 2021- 2-21  1:46       54 37  161 25  15.17 0.09  0.0    6  3.6  2.8      1397
 1398 2021- 2-21  5:43     - 55 24  161 46  17.01 0.03  0.0    4 12.8  1.4      1398
 1399 2021- 2-21  7:11     - 54 57  161 16  11.92 0.14  0.0    6 11.3 12.9      1399
 1400 2021- 2-21  7:12     - 54 39  161 19  15.03 0.36  0.0    5 29.2 30.4      1400
 1401 2021- 2-21  8:13     - 54 40  163  3  15.80 0.07  0.0    4 13.7 12.5      1401
 1402 2021- 2-21  8:24     - 55  1  161 25  14.83 0.20  0.0    4 16.9 13.2      1402
 1403 2021- 2-21  9:32     - 54 59  161 28  14.97 0.23  0.0    4 15.0 16.1      1403
 1404 2021- 2-21 11:06     - 54 40  161  1  15.00 0.19  0.0   10 15.3 20.1      1404
 1405 2021- 2-21 11:06       55  3  161 13  15.09 0.07  0.0    7  6.6  1.9      1405
 1406 2021- 2-21 11:08     - 55 10  161 28   9.22 0.19  0.0    4 18.7 16.4      1406
 1407 2021- 2-21 11:08       55  7  161 34   3.70 0.03  0.0    5  1.6  1.0      1407
 1408 2021- 2-21 11:11     - 55  1  161 25  10.39 0.14  0.0    5 11.3 13.1      1408
 1409 2021- 2-21 11:11     - 55  3  161 30   9.05 0.17  0.0    4 15.0 16.6      1409
 1410 2021- 2-21 11:19     - 55  1  161 29  11.29 0.08  0.0    4 10.9  8.7      1410
 *** DISTANCE & RESIDUAL WEIGHTING CANCELLED FOR EVENT: 2021  2 21 11 20
  SEQ ---DATE--- TIME REMARK -LAT-  --LON-  DEPTH  RMS PMAG  NUM  ERH  ERZ  ID
 1411 2021- 2-21 11:19     - 54 37  161 24  32.77 0.28  0.0    4 22.1 22.8      1411
 1412 2021- 2-21 12:11     - 55  1  161 27  18.17 0.17  0.0    6 15.0  6.7      1412
 *** DISTANCE & RESIDUAL WEIGHTING CANCELLED FOR EVENT: 2021  2 21 12 11
 1413 2021- 2-21 12:11     - 54 52  161  6  15.00 0.63  0.0    4 51.8  8.6      1413
 1414 2021- 2-21 15:05       54 55  162 37  34.70 0.12  0.0    5  5.1  2.7      1414
 1415 2021- 2-21 16:00     - 55  6  161 17  16.15 0.09  0.0    5 14.3  1.7      1415
 1416 2021- 2-21 16:37     - 54 58  161 20  12.11 0.15  0.0    5  3.9 15.1      1416
 1417 2021- 2-21 17:30     - 55  6  161 29  10.16 0.02  0.0    5  3.1  8.6      1417
 *** DISTANCE & RESIDUAL WEIGHTING CANCELLED FOR EVENT: 2021  2 21 17 30
 1418 2021- 2-21 17:30     - 54 58  161 41  15.00 0.60  0.0    5 45.8  7.7      1418
 1419 2021- 2-21 18:53       55 30  161 43   9.94 0.04  0.0    5  2.0  5.6      1419
 1420 2021- 2-21 18:54       55  5  161 39  19.61 0.24  0.0    7  3.9  2.9      1420
 *** DISTANCE & RESIDUAL WEIGHTING CANCELLED FOR EVENT: 2021  2 21 18 54
 1421 2021- 2-21 18:54     - 54 49  161 26  14.97 0.52  0.0    7 41.2  6.8      1421
 1422 2021- 2-21 19:53     - 54 58  161 12  13.96 0.11  0.0    6 12.2 11.1      1422
 1423 2021- 2-21 19:53     - 55 18  161 28  12.32 0.01  0.0    4 11.8  4.5      1423
 1424 2021- 2-21 21:57     - 55  3  161 30   7.01 0.12  0.0    4 13.5 15.6      1424
 1425 2021- 2-21 21:58       55  9  161 47   5.91 0.00  0.0    4  4.0  1.4      1425
  SEQ ---DATE--- TIME REMARK -LAT-  --LON-  DEPTH  RMS PMAG  NUM  ERH  ERZ  ID
 1426 2021- 2-21 22:05     - 55  5  161  9  12.44 0.13  0.0    4 11.5 15.6      1426
 1427 2021- 2-21 22:08     # 55  6  161 38   3.10 0.01  0.0    4  3.3  2.2      1427
 1428 2021- 2-21 22:20     - 55  4  162  0   0.59 0.70  0.0    5 11.6 56.2      1428
 *** DISTANCE & RESIDUAL WEIGHTING CANCELLED FOR EVENT: 2021  2 21 22 25
 1429 2021- 2-21 22:25     - 55 11  161 25  16.17 0.00  0.0    4  4.0  8.3      1429
 1430 2021- 2-21 22:40     - 55 29  163 16  15.32 0.37  0.0    6 13.1 26.7      1430
 1431 2021- 2-21 23:00     - 54 35  161 17  15.00 0.14  0.0   18  6.5 12.9      1431
 1432 2021- 2-21 23:56     - 54 44  160 57  15.01 0.25  0.0    7 22.2 23.9      1432
 1433 2021- 2-21 23:57       55  6  161 47   4.67 0.07  0.0    5  3.7  0.8      1433
 1434 2021- 2-21 23:57       55 11  161 27  19.41 0.18  0.0    7  3.3  4.6      1434
 1435 2021- 2-21 23:58       55 14  161 59  15.42 0.06  0.0    6  2.2  1.3      1435
 *** DISTANCE & RESIDUAL WEIGHTING CANCELLED FOR EVENT: 2021  2 22  0  5
 1436 2021- 2-22  0:05     - 55 16  161 18   9.37 0.24  0.0    5  6.0 19.5      1436
 1437 2021- 2-22  0:37     - 54 57  161 25  33.93 0.09  0.0    4 12.5  2.6      1437
 1438 2021- 2-22  0:37     - 54 51  160 57  28.25 0.11  0.0    7 13.6  2.0      1438
 1439 2021- 2-22  0:43       55 10  161 31  23.72 0.00  0.0    4  4.0  4.1      1439
 *** DISTANCE & RESIDUAL WEIGHTING CANCELLED FOR EVENT: 2021  2 22  0 43
 1440 2021- 2-22  0:43     # 55  5  161 55  15.00 1.15  0.0    5 23.6 11.4      1440
  SEQ ---DATE--- TIME REMARK -LAT-  --LON-  DEPTH  RMS PMAG  NUM  ERH  ERZ  ID
 1441 2021- 2-22  1:18     - 55  7  160 52  17.14 0.23  0.0    9 17.6 22.6      1441
 1442 2021- 2-22  1:18     - 56  6  162 19  14.99 0.20  0.0    5 19.1 20.5      1442
 1443 2021- 2-22  1:21       55 11  161 51  18.09 0.00  0.0    4  4.2  1.1      1443
 1444 2021- 2-22  1:47     - 54 46  161  8  27.84 0.18  0.0    9 17.3  2.9      1444
 1445 2021- 2-22  1:47     - 55  3  161 13  11.21 0.11  0.0    5  9.5 12.4      1445
 1446 2021- 2-22  2:08     - 54 59  161 23  11.88 0.18  0.0    6 13.4 12.4      1446
 1447 2021- 2-22  2:12     - 54 50  161 18  30.02 0.15  0.0    9 14.3  1.3      1447
 *** DISTANCE & RESIDUAL WEIGHTING CANCELLED FOR EVENT: 2021  2 22  2 13
 1448 2021- 2-22  2:12     - 55 50  161 21  11.60 0.51  0.0    4 33.0 14.0      1448
 1449 2021- 2-22  2:12     - 55 11  161  3  29.60 0.02  0.0    4  7.5  9.7      1449
 1450 2021- 2-22  3:51     - 55  8  160 50  16.56 0.24  0.0    9 17.6 23.6      1450
 1451 2021- 2-22  3:52     - 56 10  162  8  15.00 0.36  0.0    5 29.8 31.6      1451
 1452 2021- 2-22  4:37     - 54 45  160 48  15.00 0.24  0.0   10 19.0 23.4      1452
 1453 2021- 2-22  4:37     - 54 44  160 46  26.56 0.28  0.0   11 18.6  3.9      1453
 1454 2021- 2-22  7:39     - 54 52  160 59  36.16 0.21  0.0    7 18.5 14.0      1454
 1455 2021- 2-22  7:39     - 55  2  161 30  31.73 0.14  0.0    6 12.2  5.5      1455
  SEQ ---DATE--- TIME REMARK -LAT-  --LON-  DEPTH  RMS PMAG  NUM  ERH  ERZ  ID
 1456 2021- 2-22  7:41     - 54 45  160 44  15.01 0.22  0.0   10 20.1 22.0      1456
 1457 2021- 2-22  7:41     - 54 49  161  8  18.41 0.24  0.0    8 10.4 19.5      1457
 1458 2021- 2-22  9:02     # 55 12  161 30  24.86 0.11  0.0    6  3.9  3.0      1458
 *** DISTANCE & RESIDUAL WEIGHTING CANCELLED FOR EVENT: 2021  2 22  9  2
 1459 2021- 2-22  9:02     # 55  6  161 55  11.39 0.36  0.0    5  5.6  7.8      1459
 1460 2021- 2-22  9:38     - 55  0  161 25  25.60 0.16  0.0    5 17.0  5.3      1460
 *** DISTANCE & RESIDUAL WEIGHTING CANCELLED FOR EVENT: 2021  2 22  9 39
 1461 2021- 2-22  9:39     - 54 56  161 26  27.61 0.46  0.0    5 34.2  7.3      1461
 1462 2021- 2-22 11:08     - 55 15  161 15  36.20 0.12  0.0    7 10.7  3.0      1462
 1463 2021- 2-22 12:58     - 55 11  161 31   8.07 0.10  0.0    4 14.5 13.0      1463
 *** DISTANCE & RESIDUAL WEIGHTING CANCELLED FOR EVENT: 2021  2 22 12 59
 1464 2021- 2-22 12:59     - 55  6  161 41  15.01 0.40  0.0    4 15.5 31.6      1464
 1465 2021- 2-22 13:01       54 43  160 22  18.35 0.13  0.0   18  1.1  1.7      1465
 1466 2021- 2-22 13:49     - 54 60  161 29  15.00 0.20  0.0    5 15.3 14.8      1466
 1467 2021- 2-22 15:27     - 55 35  160 17  14.71 0.40  0.0   14 14.5 28.4      1467
 1468 2021- 2-22 16:17     - 54 37  161 18  16.69 0.13  0.0   16  6.2 12.1      1468
 1469 2021- 2-22 16:38     - 55 23  160 27  39.63 0.19  0.0   10 18.8 15.3      1469
 *** DISTANCE & RESIDUAL WEIGHTING CANCELLED FOR EVENT: 2021  2 22 16 39
 1470 2021- 2-22 16:39     - 55 15  160 11  15.07 1.65  0.0    5 98.9 98.9      1470
  SEQ ---DATE--- TIME REMARK -LAT-  --LON-  DEPTH  RMS PMAG  NUM  ERH  ERZ  ID
 1471 2021- 2-22 16:50     - 55  2  161 51  19.89 0.07  0.0    5  8.8  6.0      1471
 1472 2021- 2-22 16:50       55  3  161 43  13.78 0.07  0.0    5  5.4  1.3      1472
 1473 2021- 2-22 19:49     - 55 57  160 34  15.00 0.23  0.0    6 21.6 22.8      1473
 1474 2021- 2-22 20:04     - 54 50  162 18  14.06 0.10  0.0    5 12.7  7.4      1474
 1475 2021- 2-22 20:15     - 54 52  161 26  16.01 0.00  0.0    4  8.9  6.5      1475
 1476 2021- 2-22 20:16       55  8  161 43   8.66 0.00  0.0    4  5.0  1.3      1476
 1477 2021- 2-22 22:18     - 54 57  161 29  24.44 0.22  0.0    7 18.3  5.4      1477
 1478 2021- 2-22 22:18     - 54 55  161 49  26.62 0.09  0.0    5 11.4  6.4      1478
 1479 2021- 2-23  3:46     - 55  0  161 20  15.01 0.06  0.0    5  9.3  8.7      1479
 1480 2021- 2-23  3:47     - 54 60  161 27  11.09 0.07  0.0    5  8.5 10.8      1480
 1481 2021- 2-23  3:54     - 54 37  162 26  16.76 0.04  0.0    4  5.8 11.7      1481
 1482 2021- 2-23  6:20     - 55  1  161 10  31.02 0.18  0.0    9 14.2  1.8      1482
 1483 2021- 2-23  6:20     - 54 59  160 53  15.01 0.40  0.0    7 28.5 35.5      1483
 1484 2021- 2-23  6:40     - 54 52  161  4  28.95 0.21  0.0    8 20.0 11.8      1484
 1485 2021- 2-23  6:41     - 54 53  161 14  49.64 0.06  0.0    5 12.3  4.9      1485
  SEQ ---DATE--- TIME REMARK -LAT-  --LON-  DEPTH  RMS PMAG  NUM  ERH  ERZ  ID
 1486 2021- 2-23 10:42     - 54 56  161 36  27.10 0.08  0.0    5 12.8  4.1      1486
 1487 2021- 2-23 10:42     # 55 10  161 58   0.63 0.80  0.0    8  3.3 39.2      1487
 1488 2021- 2-23 12:29       55 24  161 44  19.23 0.07  0.0    6  2.0  1.3      1488
 1489 2021- 2-23 12:33     - 55 42  163 11  17.73 0.20  0.0    7  2.4 20.7      1489
 1490 2021- 2-23 16:30     - 55  4  163 42  14.93 0.34  0.0    6 14.1 27.8      1490
 1491 2021- 2-23 16:37     - 54 46  160  3  15.48 0.22  0.0    7 17.4 11.2      1491
 *** DISTANCE & RESIDUAL WEIGHTING CANCELLED FOR EVENT: 2021  2 23 16 37
 1492 2021- 2-23 16:37     - 55 21  161 38  14.98 0.24  0.0    4 19.8 11.4      1492
 1493 2021- 2-23 20:03     - 54 37  161 26  16.26 0.17  0.0   18  6.8 13.2      1493
 1494 2021- 2-23 21:59     - 55  4  161 27  12.34 0.04  0.0    4 10.1  8.0      1494
 *** DISTANCE & RESIDUAL WEIGHTING CANCELLED FOR EVENT: 2021  2 23 22  0
 1495 2021- 2-23 22:00     - 54 50  161 27  14.95 0.49  0.0    6 36.5  5.7      1495
 1496 2021- 2-23 22:02     - 55  1  161 33  12.54 0.05  0.0    4 10.1  7.4      1496
 *** DISTANCE & RESIDUAL WEIGHTING CANCELLED FOR EVENT: 2021  2 23 22  2
 1497 2021- 2-23 22:02     - 54 52  161 30   6.94 0.55  0.0    6 28.0 46.4      1497
 1498 2021- 2-23 22:34     - 54 45  162 21  14.77 0.07  0.0    5 11.9  1.3      1498
 *** DISTANCE & RESIDUAL WEIGHTING CANCELLED FOR EVENT: 2021  2 23 22 35
 1499 2021- 2-23 22:35     - 54 56  162 19  15.00 0.85  0.0    4 58.3 48.5      1499
 1500 2021- 2-23 22:41     - 54 44  161  6  21.58 0.30  0.0   11 22.3 17.4      1500
  SEQ ---DATE--- TIME REMARK -LAT-  --LON-  DEPTH  RMS PMAG  NUM  ERH  ERZ  ID
 1501 2021- 2-23 22:41     - 54 42  161  7  29.88 0.22  0.0    7 17.0  2.3      1501
 1502 2021- 2-23 23:36     - 55  5  161 29   8.90 0.10  0.0    6  2.8 12.3      1502
 1503 2021- 2-23 23:36     - 54 36  160 55  15.00 0.52  0.0    7 32.5 45.2      1503
 *** DISTANCE & RESIDUAL WEIGHTING CANCELLED FOR EVENT: 2021  2 23 23 46
 1504 2021- 2-23 23:46     # 55  8  161 36  16.26 0.61  0.0    4  8.8 31.4      1504
 1505 2021- 2-23 23:48     - 54 58  161 11  14.53 0.06  0.0    4 12.8  2.5      1505
 *** DISTANCE & RESIDUAL WEIGHTING CANCELLED FOR EVENT: 2021  2 23 23 48
 1506 2021- 2-23 23:48     - 54 48  161 25   5.24 0.63  0.0    6 36.4 53.8      1506
 1507 2021- 2-24  0:04     - 54 41  161 20  10.21 0.22  0.0    5 16.6 21.7      1507
 *** DISTANCE & RESIDUAL WEIGHTING CANCELLED FOR EVENT: 2021  2 24  0  4
 1508 2021- 2-24  0:04     - 54 55  161 43  15.06 0.50  0.0    4 35.6  4.1      1508
 1509 2021- 2-24  1:14     - 54 56  160 12  15.06 0.08  0.0    8  6.3 12.7      1509
 1510 2021- 2-24  2:36     - 54 41  161  2  35.88 0.25  0.0   10 19.8 16.3      1510
 1511 2021- 2-24  2:36     - 54 37  161  7  15.04 0.46  0.0    8 30.1 40.2      1511
 *** DISTANCE & RESIDUAL WEIGHTING CANCELLED FOR EVENT: 2021  2 24  3 20
 1512 2021- 2-24  3:20     - 55  8  161 24  15.00 0.31  0.0    4 20.2 16.1      1512
 1513 2021- 2-24  3:44     - 55 10  161 21   8.61 0.10  0.0    6  3.3 13.5      1513
 1514 2021- 2-24  3:45       55 16  162  5  12.38 0.01  0.0    4  1.9  1.4      1514
 1515 2021- 2-24  3:53     - 54 55  160 59  11.29 0.24  0.0    5 22.6 22.9      1515
  SEQ ---DATE--- TIME REMARK -LAT-  --LON-  DEPTH  RMS PMAG  NUM  ERH  ERZ  ID
 1516 2021- 2-24  3:53     - 54 36  161 10  15.04 0.49  0.0    4 37.9 42.6      1516
 1517 2021- 2-24  4:27     - 54 36  161 29  35.63 0.13  0.0    8  2.5 12.5      1517
 1518 2021- 2-24  4:27     - 55  1  162 53  14.78 0.26  0.0    4 17.1 18.0      1518
 1519 2021- 2-24  4:47     - 55 23  161 14  11.69 0.13  0.0    5 10.0 10.7      1519
 1520 2021- 2-24  4:47     - 55 21  161 26  59.86 0.09  0.0    4  9.6  8.8      1520
 *** DISTANCE & RESIDUAL WEIGHTING CANCELLED FOR EVENT: 2021  2 24  4 49
 1521 2021- 2-24  4:49     - 55 12  161 13  15.22 0.70  0.0    5 14.3 46.8      1521
 1522 2021- 2-24  5:24     - 55 12  161 58  13.39 0.02  0.0    4  7.8  6.3      1522
 *** DISTANCE & RESIDUAL WEIGHTING CANCELLED FOR EVENT: 2021  2 24  5 24
 1523 2021- 2-24  5:24     - 54 56  161 32   7.45 0.31  0.0    4 17.2 25.0      1523
 1524 2021- 2-24  7:59     - 55 20  162 11  81.08 0.16  0.0    4  7.1 16.9      1524
 1525 2021- 2-24  8:09     - 54 59  161 27  15.00 0.07  0.0    5  8.8  8.6      1525
 1526 2021- 2-24  8:09     - 54 38  161  5  15.04 0.41  0.0    6 27.6 36.0      1526
 1527 2021- 2-24 10:03     - 55  7  163 20  13.60 0.21  0.0    4 19.2  8.8      1527
 1528 2021- 2-24 11:15     - 54 55  161 13  15.56 0.13  0.0    6 14.3  1.7      1528
 1529 2021- 2-24 14:19     - 55  7  163 21  18.84 0.29  0.0    8  2.0 27.0      1529
 1530 2021- 2-24 14:19     - 54 28  161 49  14.90 0.08  0.0    4  6.4 12.7      1530
  SEQ ---DATE--- TIME REMARK -LAT-  --LON-  DEPTH  RMS PMAG  NUM  ERH  ERZ  ID
 1531 2021- 2-24 14:34     - 54 59  162 28  28.82 0.04  0.0    5  7.8  9.6      1531
 1532 2021- 2-24 14:35     - 55  7  161  6  25.85 0.27  0.0    6 22.6 12.0      1532
 1533 2021- 2-24 14:54     - 55  2  161 27  11.37 0.08  0.0    4  8.7  9.1      1533
 *** DISTANCE & RESIDUAL WEIGHTING CANCELLED FOR EVENT: 2021  2 24 14 54
 1534 2021- 2-24 14:54     # 55 10  161 31  15.00 0.72  0.0    4 29.0 17.7      1534
 1535 2021- 2-24 15:21     - 54 57  162 18  13.40 0.20  0.0    4 12.0 15.2      1535
 *** DISTANCE & RESIDUAL WEIGHTING CANCELLED FOR EVENT: 2021  2 24 15 21
 1536 2021- 2-24 15:21     - 54 39  162 39  14.98 0.67  0.0    7 55.2  4.1      1536
 1537 2021- 2-24 16:20     - 54 57  161 31  23.75 0.17  0.0    7 16.4  6.0      1537
 *** DISTANCE & RESIDUAL WEIGHTING CANCELLED FOR EVENT: 2021  2 24 16 20
 1538 2021- 2-24 16:20     - 55 31  161 42  13.76 0.35  0.0    4 20.6 22.7      1538
 1539 2021- 2-24 16:20     - 55 17  161 30   7.47 0.29  0.0    4 20.2 16.4      1539
 1540 2021- 2-24 17:41       55  3  163 23  14.73 0.15  0.0    5  9.8  2.3      1540
 1541 2021- 2-24 18:28     - 55  2  161 32  28.38 0.06  0.0    5 11.8  4.4      1541
 1542 2021- 2-24 18:28     - 54 50  161 13  32.03 0.20  0.0    4 19.2  1.3      1542
 1543 2021- 2-24 19:10       55 30  161 51  28.91 0.01  0.0    5  4.0  1.4      1543
 1544 2021- 2-24 19:51     - 54 60  161 28  29.47 0.12  0.0    7 13.8  4.5      1544
 1545 2021- 2-24 19:51     - 54 42  160 47  38.98 0.19  0.0    6 18.5 14.1      1545
  SEQ ---DATE--- TIME REMARK -LAT-  --LON-  DEPTH  RMS PMAG  NUM  ERH  ERZ  ID
 1546 2021- 2-24 20:43     - 55  9  163 14   8.13 0.31  0.0    8  4.6 28.4      1546
 1547 2021- 2-24 20:44     - 54 41  162 31  14.19 0.35  0.0    5 30.5 10.1      1547
 1548 2021- 2-24 20:59     - 55  8  163 18  14.26 0.25  0.0    7 17.9  7.1      1548
 1549 2021- 2-24 20:59     - 54 52  162 18  11.78 0.21  0.0    5 16.9 12.5      1549
 *** DISTANCE & RESIDUAL WEIGHTING CANCELLED FOR EVENT: 2021  2 24 23 47
 1550 2021- 2-24 23:47     # 55 13  161 52  15.01 1.07  0.0    4 48.1 23.4      1550
 1551 2021- 2-25  2:04     - 54 54  161 31  25.81 0.10  0.0    7 13.8  3.7      1551
 1552 2021- 2-25  2:04       55  9  161 44  24.78 0.09  0.0    5  3.1  2.0      1552
 1553 2021- 2-25  3:22     - 54 45  162 28   9.69 0.22  0.0    7 19.0 14.9      1553
 *** DISTANCE & RESIDUAL WEIGHTING CANCELLED FOR EVENT: 2021  2 25  3 22
 1554 2021- 2-25  3:22     - 55 22  161 20   8.37 0.84  0.0    4  9.6 55.3      1554
 1555 2021- 2-25  4:43     - 55  1  161 21  23.09 0.19  0.0    6 18.2  6.2      1555
 *** DISTANCE & RESIDUAL WEIGHTING CANCELLED FOR EVENT: 2021  2 25  4 44
 1556 2021- 2-25  4:44     - 55  6  161 34  34.40 0.51  0.0    6 27.4 14.4      1556
 1557 2021- 2-25  5:45     - 54 57  161 18  30.32 0.19  0.0    7 15.6  6.5      1557
 1558 2021- 2-25  5:45     - 54 50  161 10  82.86 0.18  0.0    6 14.1 11.2      1558
 1559 2021- 2-25  7:38     - 54 58  161 36  27.50 0.22  0.0    5 16.6  7.8      1559
 1560 2021- 2-25  7:39     # 55  2  161 34   4.69 0.42  0.0    6 11.2  3.8      1560
  SEQ ---DATE--- TIME REMARK -LAT-  --LON-  DEPTH  RMS PMAG  NUM  ERH  ERZ  ID
 1561 2021- 2-25  8:33     - 55 19  161 55  21.72 0.17  0.0    4 10.1 10.8      1561
 1562 2021- 2-25  8:33     - 55 10  161  7  30.19 0.06  0.0    5 11.3  4.4      1562
 1563 2021- 2-25 12:55     - 54 59  161 26  24.25 0.15  0.0    7 14.9  4.4      1563
 1564 2021- 2-25 12:55     - 54 50  161 13  15.44 0.04  0.0    6 12.1  1.9      1564
 1565 2021- 2-25 13:26     - 54 52  162 45  35.56 0.07  0.0    6 10.3  4.2      1565
 1566 2021- 2-25 14:16     - 55 38  163 41  13.52 0.55  0.0    8 19.9 39.8      1566
 1567 2021- 2-25 14:17     - 55  0  160 41  33.32 0.20  0.0   11  2.9 20.7      1567
 1568 2021- 2-25 15:59     - 55  5  162  4  14.88 0.01  0.0    4  4.0  8.2      1568
 1569 2021- 2-25 16:35     - 54 25  162  3  17.46 0.28  0.0   17  2.5 26.1      1569
 1570 2021- 2-25 17:02     - 54 49  161 45  14.83 0.17  0.0    6 13.4  6.2      1570
 1571 2021- 2-25 17:10     - 54 57  161 29  12.12 0.18  0.0    5 17.0 12.8      1571
 1572 2021- 2-25 18:54     - 54 35  161 14  15.11 0.15  0.0   13  7.0 14.0      1572
 *** DISTANCE & RESIDUAL WEIGHTING CANCELLED FOR EVENT: 2021  2 25 19 57
 1573 2021- 2-25 19:57     - 55 18  161 59  37.42 0.40  0.0    4 34.8 19.8      1573
 *** DISTANCE & RESIDUAL WEIGHTING CANCELLED FOR EVENT: 2021  2 25 22  0
 1574 2021- 2-25 22:00     - 55 11  163  8  12.60 0.03  0.0    4  5.8 12.5      1574
 1575 2021- 2-26  1:05     - 54 56  161 31  23.97 0.12  0.0    7 14.5  4.1      1575
  SEQ ---DATE--- TIME REMARK -LAT-  --LON-  DEPTH  RMS PMAG  NUM  ERH  ERZ  ID
 1576 2021- 2-26  1:05     - 54 59  161 33  17.10 0.14  0.0    6 14.7  2.2      1576
 1577 2021- 2-26  3:14     - 55  8  163 24  14.54 0.47  0.0    7 31.4 22.8      1577
 1578 2021- 2-26  3:14     - 54 60  161 24  15.29 0.08  0.0    5  4.8 12.9      1578
 1579 2021- 2-26  7:09     - 55  5  161 19  14.81 0.10  0.0    4  3.3 10.2      1579
 *** DISTANCE & RESIDUAL WEIGHTING CANCELLED FOR EVENT: 2021  2 26  8  0
 1580 2021- 2-26  7:59     # 55 20  162  9  26.57 0.43  0.0    4  6.8 22.8      1580
 1581 2021- 2-26  9:03     - 54 57  161  9  30.07 0.19  0.0   10 15.9  1.9      1581
 1582 2021- 2-26  9:03     - 54 47  160 36  38.15 0.34  0.0    7 25.0 21.0      1582
 1583 2021- 2-26 10:25     - 55  4  161 31  19.48 0.28  0.0    4 21.1 12.0      1583
 *** DISTANCE & RESIDUAL WEIGHTING CANCELLED FOR EVENT: 2021  2 26 11 50
 1584 2021- 2-26 11:50     # 55 26  161 43   9.21 0.34  0.0    4  6.1  5.7      1584
 1585 2021- 2-26 12:09       54 35  161 16  25.34 0.12  0.0   13  1.5  3.0      1585
 *** DISTANCE & RESIDUAL WEIGHTING CANCELLED FOR EVENT: 2021  2 26 12  9
 1586 2021- 2-26 12:09     - 54 42  161 34  15.02 0.51  0.0    6 38.0 43.7      1586
 1587 2021- 2-26 13:25     - 54 38  160 40  14.98 0.19  0.0   12  8.9 17.9      1587
 *** DISTANCE & RESIDUAL WEIGHTING CANCELLED FOR EVENT: 2021  2 26 14 30
 1588 2021- 2-26 14:30     - 55  5  161 23  15.00 0.41  0.0    4 30.0 22.5      1588
 *** DISTANCE & RESIDUAL WEIGHTING CANCELLED FOR EVENT: 2021  2 26 18 11
 1589 2021- 2-26 18:11     - 55 23  162 22  15.00 0.90  0.0    4 21.5 52.6      1589
 1590 2021- 2-26 19:00       55 28  162  0  28.57 0.07  0.0    5  6.3  1.6      1590
  SEQ ---DATE--- TIME REMARK -LAT-  --LON-  DEPTH  RMS PMAG  NUM  ERH  ERZ  ID
 1591 2021- 2-26 19:39       55  6  161 23  24.47 0.01  0.0    5  4.1  4.3      1591
 1592 2021- 2-26 19:39     - 54 52  160 46  15.01 0.16  0.0    4 16.3 16.9      1592
 1593 2021- 2-26 21:00     - 55  1  161 31  26.37 0.19  0.0    7 15.9  5.4      1593
 1594 2021- 2-26 21:00     - 54 41  160 43  31.64 0.31  0.0    7 25.3 28.6      1594
 1595 2021- 2-26 21:29     - 54 57  161 49  13.66 0.03  0.0    4 11.6  4.2      1595
 1596 2021- 2-26 21:30     - 54 54  160 58  19.91 0.20  0.0    8 16.5 14.6      1596
 *** DISTANCE & RESIDUAL WEIGHTING CANCELLED FOR EVENT: 2021  2 26 23 38
 1597 2021- 2-26 23:38     - 55  8  162 35  14.64 0.71  0.0    6  8.5 50.5      1597
 1598 2021- 2-27  0:06     - 55  0  161 28  15.00 0.19  0.0    4 17.0 14.7      1598
 *** DISTANCE & RESIDUAL WEIGHTING CANCELLED FOR EVENT: 2021  2 27  1 59
 1599 2021- 2-27  1:59     # 55 12  161 54   3.74 0.41  0.0    4 10.1 16.1      1599
 1600 2021- 2-27  2:23     - 55 10  162  6  27.08 0.26  0.0    6  5.7 17.1      1600
 1601 2021- 2-27  6:27     - 55 10  161 31  18.81 0.05  0.0    4 12.2  6.0      1601
 1602 2021- 2-27  6:44       55  0  161 41  24.48 0.18  0.0    7  2.7  3.7      1602
 1603 2021- 2-27  6:44     - 54 51  161 38   6.15 0.14  0.0    4 13.1 17.1      1603
 *** DISTANCE & RESIDUAL WEIGHTING CANCELLED FOR EVENT: 2021  2 27  8 36
 1604 2021- 2-27  8:36     - 55  7  161 20  15.00 0.42  0.0    4 32.8 23.3      1604
 1605 2021- 2-27  8:42     - 54 59  161 47  14.84 0.08  0.0    6  4.2 11.5      1605
  SEQ ---DATE--- TIME REMARK -LAT-  --LON-  DEPTH  RMS PMAG  NUM  ERH  ERZ  ID
 1606 2021- 2-27  8:42     - 55 14  162 13  14.84 0.06  0.0    4  4.7 12.2      1606
 1607 2021- 2-27  9:20     - 55 51  162 45  15.27 0.05  0.0    5  9.7  8.0      1607
 1608 2021- 2-27  9:20       55 12  161 55   7.41 0.37  0.0    8  1.6  3.4      1608
 *** DISTANCE & RESIDUAL WEIGHTING CANCELLED FOR EVENT: 2021  2 27 14 59
 1609 2021- 2-27 14:58     - 55  6  161 37   7.18 0.64  0.0    4 28.0 41.5      1609
 1610 2021- 2-27 15:07     - 54 22  163  1  14.73 0.12  0.0    5  7.2 14.5      1610
 1611 2021- 2-27 15:30     - 54 57  161 15  13.58 0.10  0.0    5 11.0  9.7      1611
 1612 2021- 2-27 15:30     - 54 45  161 28  15.12 0.20  0.0    5 17.7  4.1      1612
 1613 2021- 2-27 16:28     - 55 40  160 27  15.01 0.20  0.0    7 19.2 20.5      1613
 1614 2021- 2-27 16:44     - 56  1  160 55  14.94 0.08  0.0    4  7.6 12.7      1614
 1615 2021- 2-27 19:01     - 55 54  161 12  17.12 0.08  0.0    5 14.0 14.1      1615
 *** DISTANCE & RESIDUAL WEIGHTING CANCELLED FOR EVENT: 2021  2 27 19  3
 1616 2021- 2-27 19:02     - 55 11  161 39   6.54 0.09  0.0    4  2.3 14.2      1616
 1617 2021- 2-27 20:10     - 54 46  160 55  15.00 0.16  0.0    8 16.5 18.3      1617
 1618 2021- 2-27 20:11     - 54 56  161 28  36.91 0.26  0.0    5 22.9  7.4      1618
 1619 2021- 2-27 22:13     - 54 54  160 35  15.00 0.23  0.0   10 19.7 22.5      1619
 1620 2021- 2-27 22:13     - 55 10  161 23  25.97 0.02  0.0    4 10.4  4.3      1620
  SEQ ---DATE--- TIME REMARK -LAT-  --LON-  DEPTH  RMS PMAG  NUM  ERH  ERZ  ID
 1621 2021- 2-27 22:13     - 55 20  161  0  14.91 0.11  0.0    5 14.4  3.6      1621
 1622 2021- 2-28  3:20     - 55 11  161 17   9.78 0.19  0.0    5 14.4 18.1      1622
 1623 2021- 2-28  3:20     - 54 56  160 36  15.00 0.08  0.0    5 13.1 14.0      1623
 1624 2021- 2-28  3:40     - 54 50  161  6  15.58 0.23  0.0    7 20.7  3.0      1624
 *** DISTANCE & RESIDUAL WEIGHTING CANCELLED FOR EVENT: 2021  2 28  3 40
 1625 2021- 2-28  3:40     - 54 51  161 30  14.99 0.22  0.0    4 20.4  3.5      1625
 *** DISTANCE & RESIDUAL WEIGHTING CANCELLED FOR EVENT: 2021  2 28  5 26
 1626 2021- 2-28  5:26     - 54 54  162 10  14.90 0.20  0.0    4  6.6 19.8      1626
 1627 2021- 2-28  6:21     - 54 54  161 16  36.13 0.23  0.0    8 19.4  8.4      1627
 1628 2021- 2-28  6:20     - 54 26  160 40  14.57 0.44  0.0   10 27.2 17.4      1628
 1629 2021- 2-28  6:50     - 54 59  162 28  14.94 0.05  0.0    4  3.7 12.6      1629
 1630 2021- 2-28  7:12     - 55  1  161 45  15.97 0.13  0.0    6 14.2  3.6      1630
 1631 2021- 2-28  7:12     - 54 45  161  7  29.53 0.17  0.0    6 17.5  2.7      1631
 1632 2021- 2-28  8:10     - 55  6  161 13  32.67 0.21  0.0    9 15.5  1.1      1632
 1633 2021- 2-28  8:10     - 55  5  161 16  46.31 0.05  0.0    5  8.9  3.1      1633
 *** DISTANCE & RESIDUAL WEIGHTING CANCELLED FOR EVENT: 2021  2 28  8 10
 1634 2021- 2-28  8:10     # 55 20  161 46  26.35 0.23  0.0    5  6.0  2.8      1634
 1635 2021- 2-28 10:47     - 54 53  162 54  27.00 0.11  0.0    8 11.0  4.6      1635
 *** DISTANCE & RESIDUAL WEIGHTING CANCELLED FOR EVENT: 2021  2 28 10 47
  SEQ ---DATE--- TIME REMARK -LAT-  --LON-  DEPTH  RMS PMAG  NUM  ERH  ERZ  ID
 1636 2021- 2-28 10:47     - 55  1  161  8   6.74 0.28  0.0    4  6.8 26.4      1636
 1637 2021- 2-28 15:59     - 55 22  162 10  15.02 0.13  0.0    4  2.1 13.6      1637
 1638 2021- 2-28 18:01     - 54 22  161  2  14.90 0.16  0.0    8  8.0 16.3      1638
 1639 2021- 2-28 18:01     - 54 20  161 48  15.13 0.32  0.0    6 22.4 26.4      1639
 1640 2021- 2-28 18:30     - 54 27  161 19  15.17 0.08  0.0    5  5.9 12.5      1640
 1641 2021- 2-28 18:30     - 54 55  162 49  15.70 0.03  0.0    4 10.2  7.0      1641
 1642 2021- 2-28 21:22     - 55 32  162 30  15.03 0.01  0.0    4  1.5 12.3      1642
 *** DISTANCE & RESIDUAL WEIGHTING CANCELLED FOR EVENT: 2021  2 28 21 50
 1643 2021- 2-28 21:50     - 55  4  161 28  15.00 0.42  0.0    4 25.8 22.4      1643
 1644 2021- 2-28 22:08     - 54 25  162 13  15.34 0.36  0.0    9 14.6 28.7      1644
 1645 2021- 2-28 22:09     - 54 55  162 48  15.06 0.09  0.0    4 12.8 13.2      1645
 1646 2021- 2-28 22:59       55 23  161 49   5.59 0.26  0.0   12  0.7  0.6      1646
 1647 2021- 3- 1  4:28       54 47  161 12  15.00 0.26  0.0   12  4.7  2.5      1647
 1648 2021- 3- 1  4:29     - 54 52  161 39  49.81 0.05  0.0    5  9.1  5.1      1648
 1649 2021- 3- 1 14:27     - 55 40  162 34  16.09 0.05  0.0    4  6.0 11.8      1649
 1650 2021- 3- 1 14:58     - 54 50  160 54  33.77 0.25  0.0   10 20.2 22.9      1650
  SEQ ---DATE--- TIME REMARK -LAT-  --LON-  DEPTH  RMS PMAG  NUM  ERH  ERZ  ID
 1651 2021- 3- 1 14:58     - 54 36  160 17  14.55 0.23  0.0    9 16.8 11.0      1651
 1652 2021- 3- 1 14:59     - 54 48  160 45  15.00 0.20  0.0   10 18.3 20.7      1652
 1653 2021- 3- 1 14:59     - 54 37  160 25  15.01 0.21  0.0    9 15.0 18.1      1653
 1654 2021- 3- 1 20:37     - 54 53  160 51  14.73 0.22  0.0    5 10.5 19.7      1654
 1655 2021- 3- 1 21:08     - 54 49  160 41  15.00 0.16  0.0   10 15.1 18.4      1655
 1656 2021- 3- 1 21:08     - 54 44  160 46  15.02 0.17  0.0    4 17.4 18.1      1656
 1657 2021- 3- 2  1:54     - 55  7  161 30  24.14 0.21  0.0    6 13.4  8.3      1657
 1658 2021- 3- 2  1:54     - 55  6  160 26  15.01 0.18  0.0    6 18.1 19.3      1658
 1659 2021- 3- 2  3:29     - 55 20  161 40  39.87 0.01  0.0    4 10.3  7.0      1659
 *** DISTANCE & RESIDUAL WEIGHTING CANCELLED FOR EVENT: 2021  3  2 11 48
 1660 2021- 3- 2 11:48     - 54 30  162 16  14.66 0.28  0.0    4 21.9 14.4      1660
 1661 2021- 3- 2 13:18     - 54 51  162 16  13.28 0.02  0.0    5  9.8  7.6      1661
 1662 2021- 3- 2 14:45     - 54 60  161 21  16.22 0.23  0.0    6 20.1  2.5      1662
 1663 2021- 3- 2 14:45     - 54 45  161  3  15.02 0.18  0.0    5 17.6 18.5      1663
 1664 2021- 3- 2 17:04     - 55  4  161 15  27.77 0.04  0.0    4 12.3  5.5      1664
 1665 2021- 3- 2 18:20     - 54 49  161  1  18.76 0.16  0.0    8 12.1 14.3      1665
  SEQ ---DATE--- TIME REMARK -LAT-  --LON-  DEPTH  RMS PMAG  NUM  ERH  ERZ  ID
 1666 2021- 3- 2 18:20     - 54 55  161 20  25.15 0.16  0.0    6 16.3  4.0      1666
 1667 2021- 3- 2 22:42     - 55  6  161 22  14.48 0.18  0.0    4 18.8 17.4      1667
 1668 2021- 3- 3  2:44     - 55  7  163 11  26.46 0.24  0.0    6  8.0 22.3      1668
 *** DISTANCE & RESIDUAL WEIGHTING CANCELLED FOR EVENT: 2021  3  3  5 37
 1669 2021- 3- 3  5:37     - 55 37  161 31  15.00 0.36  0.0    4 22.1 22.6      1669
 1670 2021- 3- 3 12:31     - 55 11  161  6  15.00 0.33  0.0    7 22.3 20.3      1670
 1671 2021- 3- 3 12:32     - 55 19  161 20  21.87 0.22  0.0    6 17.4  4.5      1671
 1672 2021- 3- 3 13:54     - 54 46  160 47  15.00 0.22  0.0   11 17.8 22.3      1672
 1673 2021- 3- 3 13:54     - 54 34  160 31  14.62 0.17  0.0    8 13.7  9.4      1673
 1674 2021- 3- 3 15:09     - 54 46  161  8  29.63 0.23  0.0   10 16.9  2.4      1674
 1675 2021- 3- 3 15:09     - 54 52  161 37  28.31 0.10  0.0    5 12.4  6.3      1675
 1676 2021- 3- 3 22:09     - 55  4  161 38   6.64 0.13  0.0    5  1.8 16.6      1676
 1677 2021- 3- 4  0:35     - 55 11  163 21  16.67 0.19  0.0    6  9.4 17.4      1677
 1678 2021- 3- 4  0:34     # 54 27  161 31   9.82 0.17  0.0   11  4.1  2.5      1678
 1679 2021- 3- 4  0:38     - 55  9  163 20  16.07 0.26  0.0    6 11.8 21.8      1679
 1680 2021- 3- 4  0:38       54 32  161 30  10.31 0.17  0.0   10 10.0  3.0      1680
  SEQ ---DATE--- TIME REMARK -LAT-  --LON-  DEPTH  RMS PMAG  NUM  ERH  ERZ  ID
 1681 2021- 3- 4  0:38     - 55  9  161 29  14.43 0.13  0.0    4 15.1  2.7      1681
 *** DISTANCE & RESIDUAL WEIGHTING CANCELLED FOR EVENT: 2021  3  4  0 41
 1682 2021- 3- 4  0:41     - 54 19  162 31  15.00 0.87  0.0    4 73.4 65.8      1682
 *** DISTANCE & RESIDUAL WEIGHTING CANCELLED FOR EVENT: 2021  3  4  0 44
 1683 2021- 3- 4  0:44     # 55 23  162  1  20.02 1.15  0.0    6  7.7 44.6      1683
 1684 2021- 3- 4  0:44       55 18  161 44   6.20 0.00  0.0    4  3.7  0.5      1684
 1685 2021- 3- 4  0:49     - 54 41  163 29  14.94 0.09  0.0    5  6.5 13.1      1685
 1686 2021- 3- 4  0:58     # 55  5  163 15  15.24 0.85  0.0   12 16.8 13.9      1686
 1687 2021- 3- 4  1:05     - 54 36  161 44  16.94 0.13  0.0    5  6.4 13.7      1687
 1688 2021- 3- 4  1:22     - 55 12  163 31  18.65 0.63  0.0   11  4.7 53.6      1688
 *** DISTANCE & RESIDUAL WEIGHTING CANCELLED FOR EVENT: 2021  3  4  1 30
 1689 2021- 3- 4  1:29     # 55 10  161 47  14.99 0.45  0.0    4 15.7 14.1      1689
 *** DISTANCE & RESIDUAL WEIGHTING CANCELLED FOR EVENT: 2021  3  4  1 30
 1690 2021- 3- 4  1:29     - 55  5  160 45  15.00 0.49  0.0    4 37.5 42.0      1690
 *** DISTANCE & RESIDUAL WEIGHTING CANCELLED FOR EVENT: 2021  3  4  1 58
 1691 2021- 3- 4  1:58     - 54 55  163 35  42.18 0.88  0.0    6 24.2 64.5      1691
 1692 2021- 3- 4  2:20     - 55 14  163 25   0.02 0.70  0.0   11 25.0 52.0      1692
 1693 2021- 3- 4  2:35     - 55  3  161 31  23.64 0.15  0.0    8 13.7  3.8      1693
 1694 2021- 3- 4  2:35     - 54 52  161 20  32.37 0.29  0.0    6 19.2  1.0      1694
 1695 2021- 3- 4  3:07     - 55 13  163 32  19.12 0.68  0.0   11  5.0 57.5      1695
  SEQ ---DATE--- TIME REMARK -LAT-  --LON-  DEPTH  RMS PMAG  NUM  ERH  ERZ  ID
 1696 2021- 3- 4  4:39     - 55 12  161 23  11.22 0.08  0.0    5 13.5 10.6      1696
 1697 2021- 3- 4  4:40     - 55 16  161 30  13.79 0.07  0.0    4 12.7  5.7      1697
 1698 2021- 3- 4  5:59     - 55 13  163 35   6.51 0.08  0.0    4  2.3 14.0      1698
 1699 2021- 3- 4  6:25     - 54 55  161 18  13.34 0.14  0.0    6 15.1 15.6      1699
 *** DISTANCE & RESIDUAL WEIGHTING CANCELLED FOR EVENT: 2021  3  4  6 25
 1700 2021- 3- 4  6:25     - 55  0  161 34  31.47 0.41  0.0    5 27.2 13.1      1700
 1701 2021- 3- 4  8:55     - 54 27  162 32  14.99 0.29  0.0    5 15.4 24.7      1701
 *** DISTANCE & RESIDUAL WEIGHTING CANCELLED FOR EVENT: 2021  3  4  9 29
 1702 2021- 3- 4  9:29     - 55 19  161 43  24.04 0.25  0.0    4 24.0  1.9      1702
 1703 2021- 3- 4  9:38     - 54 28  161 47  17.38 0.16  0.0   12  1.4 18.0      1703
 1704 2021- 3- 4  9:42     - 54 27  161 46  18.44 0.15  0.0   13  1.3 17.5      1704
 1705 2021- 3- 4 10:49     - 56  4  160 49  15.00 0.17  0.0    7 17.2 18.8      1705
 1706 2021- 3- 4 12:59       55  1  161 31  22.89 0.25  0.0    9  3.2  4.2      1706
 1707 2021- 3- 4 12:59     - 54 59  161 35  16.96 0.07  0.0    5  9.7  0.4      1707
 1708 2021- 3- 4 13:40     - 55  9  163  8   8.58 0.17  0.0    6 12.6 19.0      1708
 1709 2021- 3- 4 13:55       55 21  161 58  31.80 0.06  0.0    6  3.7  1.9      1709
 1710 2021- 3- 4 15:29     - 54 45  162 15  10.86 0.06  0.0    4 11.5  8.5      1710
  SEQ ---DATE--- TIME REMARK -LAT-  --LON-  DEPTH  RMS PMAG  NUM  ERH  ERZ  ID
 1711 2021- 3- 4 15:51     - 55 31  163  4  18.74 0.34  0.0    7  3.0 30.4      1711
 1712 2021- 3- 4 15:58     - 55 10  163 35  18.40 0.42  0.0    7  3.9 36.8      1712
 *** DISTANCE & RESIDUAL WEIGHTING CANCELLED FOR EVENT: 2021  3  4 15 59
 1713 2021- 3- 4 15:59     - 55 18  161 57  19.62 0.49  0.0    6 40.3  3.3      1713
 1714 2021- 3- 4 17:18     - 54 50  161 48   6.48 0.23  0.0    4 19.3 21.0      1714
 1715 2021- 3- 4 17:53     - 55  3  161 56  62.79 0.18  0.0    6  8.5 15.9      1715
 1716 2021- 3- 4 18:36     - 55  4  161 23  20.21 0.21  0.0    6 17.3  8.3      1716
 *** DISTANCE & RESIDUAL WEIGHTING CANCELLED FOR EVENT: 2021  3  4 18 37
 1717 2021- 3- 4 18:36     # 54 59  162 35  15.00 0.60  0.0    5 34.5  6.7      1717
 1718 2021- 3- 4 19:22     - 55 10  163 36  17.75 0.55  0.0    9  4.3 47.3      1718
 1719 2021- 3- 4 19:41     - 55 10  162  5  23.43 0.01  0.0    4  4.7 11.5      1719
 1720 2021- 3- 4 19:53       54 54  161 11  15.31 0.13  0.0    7  2.5  1.0      1720
 *** DISTANCE & RESIDUAL WEIGHTING CANCELLED FOR EVENT: 2021  3  4 19 54
 1721 2021- 3- 4 19:54     - 55 22  162 13  15.00 1.71  0.0    4 98.5 54.5      1721
 1722 2021- 3- 4 20:37       55 13  160 57  39.09 0.13  0.0    9  2.7  5.8      1722
 *** DISTANCE & RESIDUAL WEIGHTING CANCELLED FOR EVENT: 2021  3  4 20 38
 1723 2021- 3- 4 20:38     # 55 29  161 45  21.12 0.60  0.0    7  8.8  7.2      1723
 *** DISTANCE & RESIDUAL WEIGHTING CANCELLED FOR EVENT: 2021  3  4 21 12
 1724 2021- 3- 4 21:12     - 54 53  163 32  15.00 0.39  0.0    4 15.7 31.3      1724
 1725 2021- 3- 4 21:44     - 55 29  161 38  11.94 0.13  0.0    4 13.9  8.2      1725
  SEQ ---DATE--- TIME REMARK -LAT-  --LON-  DEPTH  RMS PMAG  NUM  ERH  ERZ  ID
 1726 2021- 3- 4 22:48     - 54 40  160 55  15.00 0.20  0.0   10 17.3 20.6      1726
 1727 2021- 3- 4 22:49     - 54 58  161 34  20.36 0.13  0.0    6 14.3  2.3      1727
 *** DISTANCE & RESIDUAL WEIGHTING CANCELLED FOR EVENT: 2021  3  4 23 56
 1728 2021- 3- 4 23:56     - 54 23  161 43  15.00 0.41  0.0    4 15.6 32.3      1728
 1729 2021- 3- 4 23:56     - 55 22  162 36  15.06 0.34  0.0    7  4.0 28.2      1729
 1730 2021- 3- 4 23:58     - 54 56  163 31  14.93 0.98  0.0   10 36.1 71.4      1730
 1731 2021- 3- 4 23:59     - 55 22  162 17  15.06 0.01  0.0    4  2.2  9.1      1731
 1732 2021- 3- 5  0:11     - 54 52  160 50  33.37 0.23  0.0   11 18.8 22.8      1732
 1733 2021- 3- 5  0:11     - 54 43  160 26  45.18 0.37  0.0   10 25.5 19.6      1733
 1734 2021- 3- 5  0:26     - 55  2  161 33  15.94 0.07  0.0    5 10.2  5.4      1734
 *** DISTANCE & RESIDUAL WEIGHTING CANCELLED FOR EVENT: 2021  3  5  0 27
 1735 2021- 3- 5  0:27     - 55 14  161 52   9.99 0.34  0.0    4 27.4  5.3      1735
 1736 2021- 3- 5  0:45     - 55 19  162 51  14.21 0.22  0.0    7  3.3 21.0      1736
 1737 2021- 3- 5  0:45       54 33  161 29   6.77 0.17  0.0    5 11.6  5.8      1737
 1738 2021- 3- 5  0:46     - 55  2  161 35   8.51 0.17  0.0    5 17.7 15.5      1738
 1739 2021- 3- 5  2:41     - 55  5  161 25  15.49 0.33  0.0    4 24.6 19.3      1739
 *** DISTANCE & RESIDUAL WEIGHTING CANCELLED FOR EVENT: 2021  3  5  2 42
 1740 2021- 3- 5  2:42     - 55  7  161 15   9.97 0.39  0.0    4 21.9 25.7      1740
  SEQ ---DATE--- TIME REMARK -LAT-  --LON-  DEPTH  RMS PMAG  NUM  ERH  ERZ  ID
 1741 2021- 3- 5  4:03     - 55  6  161 41  10.59 0.04  0.0    4  9.9  7.3      1741
 1742 2021- 3- 5  4:03     - 54 47  161 31  14.47 0.05  0.0    4  4.9 11.4      1742
 *** DISTANCE & RESIDUAL WEIGHTING CANCELLED FOR EVENT: 2021  3  5  8 50
 1743 2021- 3- 5  8:50     - 54 46  162 28  14.49 0.38  0.0    4 32.8  5.1      1743
 *** DISTANCE & RESIDUAL WEIGHTING CANCELLED FOR EVENT: 2021  3  5  8 59
 1744 2021- 3- 5  8:59     # 55 16  162  4  15.00 0.97  0.0    4 21.2 39.8      1744
 1745 2021- 3- 5 14:45     - 54 52  160 50  15.00 0.19  0.0   10 16.7 19.9      1745
 1746 2021- 3- 5 14:45     - 54 49  160 36  15.01 0.25  0.0    8 19.5 24.3      1746
 1747 2021- 3- 5 16:11     - 54 37  160 54  15.00 0.21  0.0   10 18.0 21.4      1747
 1748 2021- 3- 5 16:11     - 54 38  161 13  27.96 0.15  0.0    6 12.8  2.1      1748
 1749 2021- 3- 5 18:26     - 54 30  160 42  15.61 0.21  0.0    7  9.1 19.2      1749
 1750 2021- 3- 5 18:26     - 54 20  161 19  13.66 0.10  0.0    5 10.7 13.8      1750
 1751 2021- 3- 5 18:52     - 54 49  161 16  29.41 0.15  0.0    8 13.7  8.0      1751
 1752 2021- 3- 5 18:53     - 54 52  161 15  22.18 0.19  0.0    8 14.6  6.8      1752
 *** DISTANCE & RESIDUAL WEIGHTING CANCELLED FOR EVENT: 2021  3  5 20  9
 1753 2021- 3- 5 20:09     - 54 50  162 53  15.02 0.93  0.0    4 78.3 70.3      1753
 *** DISTANCE & RESIDUAL WEIGHTING CANCELLED FOR EVENT: 2021  3  5 20  9
 1754 2021- 3- 5 20:09     - 54 53  162 22  22.77 2.74  0.0    4 98.9 23.7      1754
 1755 2021- 3- 5 23:12     - 54 54  160 50  16.75 0.15  0.0    9 15.6 17.5      1755
  SEQ ---DATE--- TIME REMARK -LAT-  --LON-  DEPTH  RMS PMAG  NUM  ERH  ERZ  ID
 1756 2021- 3- 5 23:12     - 54 47  160 58  10.49 0.24  0.0    5 17.2 21.4      1756
 *** DISTANCE & RESIDUAL WEIGHTING CANCELLED FOR EVENT: 2021  3  5 23 18
 1757 2021- 3- 5 23:18     - 55 14  162  2  14.49 0.16  0.0    4  8.7 12.2      1757
 *** DISTANCE & RESIDUAL WEIGHTING CANCELLED FOR EVENT: 2021  3  5 23 18
 1758 2021- 3- 5 23:18     - 54 59  161 34  45.55 0.39  0.0    6 23.4  9.7      1758
 *** DISTANCE & RESIDUAL WEIGHTING CANCELLED FOR EVENT: 2021  3  5 23 47
 1759 2021- 3- 5 23:47     - 55 11  161 22  15.05 0.27  0.0    4 19.1 16.4      1759
 *** DISTANCE & RESIDUAL WEIGHTING CANCELLED FOR EVENT: 2021  3  5 23 47
 1760 2021- 3- 5 23:47     - 54 49  162 36  10.04 0.56  0.0    4 42.1 48.0      1760
 1761 2021- 3- 6  0:58     - 55 14  160 54  33.37 0.10  0.0    6 12.7 14.5      1761
 1762 2021- 3- 6  0:58       55 20  161 42  21.08 0.03  0.0    5  3.0  2.5      1762
 1763 2021- 3- 6  1:45     - 54 34  161 35  16.13 0.01  0.0    4  5.6 11.2      1763
 1764 2021- 3- 6  6:25     - 55  8  161 21   9.90 0.32  0.0    4 21.9 28.4      1764
 1765 2021- 3- 6  8:09     - 54 59  161 19  15.40 0.11  0.0    5 14.8 12.5      1765
 1766 2021- 3- 6  8:09     - 55  3  160 37  15.01 0.18  0.0    4 17.3 17.9      1766
 *** DISTANCE & RESIDUAL WEIGHTING CANCELLED FOR EVENT: 2021  3  6  9 17
 1767 2021- 3- 6  9:17     - 55 16  160 57  15.00 0.36  0.0    5 30.9 11.0      1767
 *** DISTANCE & RESIDUAL WEIGHTING CANCELLED FOR EVENT: 2021  3  6  9 18
 1768 2021- 3- 6  9:17     - 55 11  161  9  14.96 0.49  0.0    5 28.8 24.5      1768
 *** DISTANCE & RESIDUAL WEIGHTING CANCELLED FOR EVENT: 2021  3  6 10  1
 1769 2021- 3- 6 10:01     - 55 13  161 41   6.62 0.56  0.0    4  6.3 46.9      1769
 1770 2021- 3- 6 11:38     - 54 40  160 50  15.00 0.22  0.0   11 18.0 21.9      1770
  SEQ ---DATE--- TIME REMARK -LAT-  --LON-  DEPTH  RMS PMAG  NUM  ERH  ERZ  ID
 1771 2021- 3- 6 11:38     - 54 41  160 55  35.62 0.38  0.0    9 24.8 20.4      1771
 1772 2021- 3- 6 12:06     - 54 47  162 25  13.55 0.11  0.0    5 14.1  5.1      1772
 1773 2021- 3- 6 12:16     - 54 56  161 18  32.22 0.27  0.0    6 22.1  2.2      1773
 1774 2021- 3- 6 12:16     - 54 53  161 14  17.87 0.18  0.0    6 11.1 15.1      1774
 1775 2021- 3- 6 12:34     - 54 60  161 27  28.41 0.25  0.0    8 16.3  6.4      1775
 1776 2021- 3- 6 12:34     - 54 59  161 30  25.14 0.11  0.0    6 12.7  2.7      1776
 *** DISTANCE & RESIDUAL WEIGHTING CANCELLED FOR EVENT: 2021  3  6 20 53
 1777 2021- 3- 6 20:53     - 54 41  162 46  70.92 0.04  0.0    4 13.0  2.3      1777
 1778 2021- 3- 6 20:55     - 54 37  160 56  15.00 0.16  0.0    8 16.3 18.5      1778
 1779 2021- 3- 6 20:55     - 54 42  160 59  19.42 0.17  0.0    7 12.3 16.6      1779
 *** DISTANCE & RESIDUAL WEIGHTING CANCELLED FOR EVENT: 2021  3  6 21 47
 1780 2021- 3- 6 21:47     - 55 25  161 51   9.80 0.55  0.0    4 47.7  7.2      1780
 *** DISTANCE & RESIDUAL WEIGHTING CANCELLED FOR EVENT: 2021  3  7  8  9
 1781 2021- 3- 7  8:09     # 55 13  161 41  15.00 0.88  0.0    4 33.9 23.0      1781
 1782 2021- 3- 7  8:56     - 54 37  161 19  15.90 0.14  0.0    9  7.4 14.7      1782
 1783 2021- 3- 7  9:25     - 54 15  161 33  14.53 0.19  0.0    9  9.0 17.8      1783
 1784 2021- 3- 7 12:20     - 54 44  160 48  15.00 0.19  0.0   11 16.6 20.4      1784
 1785 2021- 3- 7 12:20     - 54 36  160 21  15.40 0.22  0.0    9 14.9  9.7      1785
  SEQ ---DATE--- TIME REMARK -LAT-  --LON-  DEPTH  RMS PMAG  NUM  ERH  ERZ  ID
 1786 2021- 3- 7 12:24     - 55  4  161 18  12.21 0.24  0.0    5 15.0 16.3      1786
 *** DISTANCE & RESIDUAL WEIGHTING CANCELLED FOR EVENT: 2021  3  7 12 25
 1787 2021- 3- 7 12:25     - 54 54  161 32  36.01 0.49  0.0    4 33.5 13.5      1787
 1788 2021- 3- 7 12:32     - 54 43  160 39  15.00 0.24  0.0   10 22.1 23.7      1788
 1789 2021- 3- 7 12:32     - 54 43  160 50  32.40 0.56  0.0   11 37.4 47.5      1789
 1790 2021- 3- 7 12:44     - 54 42  160 42  15.00 0.21  0.0   11 18.1 21.3      1790
 1791 2021- 3- 7 12:44     - 54 43  160 55  31.58 0.44  0.0   11 24.3 38.3      1791
 *** DISTANCE & RESIDUAL WEIGHTING CANCELLED FOR EVENT: 2021  3  7 12 50
 1792 2021- 3- 7 12:50     # 55  5  161 44  41.80 0.33  0.0    4 20.5  9.5      1792
 1793 2021- 3- 7 13:42     - 54 41  160 51  15.00 0.17  0.0   10 16.9 18.9      1793
 1794 2021- 3- 7 13:42     - 54 38  160 51  15.02 0.21  0.0    8 17.1 21.2      1794
 1795 2021- 3- 7 14:11     - 55  2  163 18  20.92 0.98  0.0   10 11.9 76.6      1795
 *** DISTANCE & RESIDUAL WEIGHTING CANCELLED FOR EVENT: 2021  3  7 19 35
 1796 2021- 3- 7 19:35     - 55  1  161 18  15.00 0.46  0.0    4 31.8  3.6      1796
 1797 2021- 3- 7 20:09     - 55  3  161 24  14.37 0.10  0.0    6 10.6  7.2      1797
 1798 2021- 3- 7 20:09     - 54 47  161  9  13.54 0.08  0.0    6 12.9  2.4      1798
 *** DISTANCE & RESIDUAL WEIGHTING CANCELLED FOR EVENT: 2021  3  7 20 48
 1799 2021- 3- 7 20:48     # 55 15  162 28  15.00 1.40  0.0    5 12.9 59.9      1799
 1800 2021- 3- 7 23:31     - 54 34  161 18  14.99 0.17  0.0   19  7.3 14.5      1800
  SEQ ---DATE--- TIME REMARK -LAT-  --LON-  DEPTH  RMS PMAG  NUM  ERH  ERZ  ID
 1801 2021- 3- 7 23:58     - 55 24  161 27  32.45 0.66  0.0    6 34.3 21.5      1801
 1802 2021- 3- 8  0:01     - 55  8  161  9  29.72 0.16  0.0    7 15.1  6.7      1802
 1803 2021- 3- 8  0:01     - 55  3  160 51  30.35 0.13  0.0    8 11.9  1.6      1803
 1804 2021- 3- 8  1:09     - 54 53  162 51  36.76 0.12  0.0    9 12.2  4.0      1804
 1805 2021- 3- 8  3:09     - 55  3  160 23  14.79 0.08  0.0    5  6.4 12.6      1805
 1806 2021- 3- 8  3:53     - 55 38  160 51  23.33 0.14  0.0    5 17.0 16.1      1806
 1807 2021- 3- 8  3:53     - 55 22  162 57  20.32 0.30  0.0    8  2.2 21.8      1807
 *** DISTANCE & RESIDUAL WEIGHTING CANCELLED FOR EVENT: 2021  3  8  8  0
 1808 2021- 3- 8  7:59     - 55 22  162 21  15.00 0.66  0.0    4 11.9 44.2      1808
 1809 2021- 3- 8  8:49     - 54 54  161 17  30.74 0.17  0.0    8 15.5  1.4      1809
 1810 2021- 3- 8  8:50     - 54 55  161 33   6.64 0.40  0.0    9  6.3 34.8      1810
 1811 2021- 3- 8  8:52     - 54 51  161 14  31.89 0.20  0.0    9 18.1  1.8      1811
 1812 2021- 3- 8  8:52     - 56  6  163  6  15.00 0.15  0.0    4 15.8 16.5      1812
 1813 2021- 3- 8  9:53       55  6  161 47  12.48 0.11  0.0    8  3.4  1.4      1813
 *** DISTANCE & RESIDUAL WEIGHTING CANCELLED FOR EVENT: 2021  3  8 11 34
 1814 2021- 3- 8 11:34     # 55  3  161 49  15.00 2.20  0.0    5 59.6 27.6      1814
 1815 2021- 3- 8 19:49     - 55  4  161 30  27.55 0.18  0.0    7 14.8  6.1      1815
 *** DISTANCE & RESIDUAL WEIGHTING CANCELLED FOR EVENT: 2021  3  8 19 50
  SEQ ---DATE--- TIME REMARK -LAT-  --LON-  DEPTH  RMS PMAG  NUM  ERH  ERZ  ID
 1816 2021- 3- 8 19:49     - 54 50  161  2  15.04 0.32  0.0    5 24.6 29.1      1816
 1817 2021- 3- 8 19:54     - 55  0  161 19  29.00 0.24  0.0    8 18.0  8.1      1817
 1818 2021- 3- 8 19:54     - 54 53  161 11  32.55 0.05  0.0    5 11.3  0.8      1818
 *** DISTANCE & RESIDUAL WEIGHTING CANCELLED FOR EVENT: 2021  3  8 21 17
 1819 2021- 3- 8 21:17     # 55  0  161 44  22.56 1.45  0.0    4 43.4 24.0      1819
 1820 2021- 3- 8 22:45     - 55 29  161 37  19.10 0.07  0.0    5 10.2  8.5      1820
 1821 2021- 3- 8 22:45     - 55 28  160 43  15.02 0.04  0.0    4 10.2 12.8      1821
 1822 2021- 3- 8 22:56       54 34  161 18  14.68 0.17  0.0   10  2.0  2.4      1822
 1823 2021- 3- 9  5:24       55 12  161 57  12.91 0.04  0.0    5  4.2  1.5      1823
 1824 2021- 3- 9  5:25     - 55 22  161  5  17.24 0.08  0.0    6  2.4 14.2      1824
 1825 2021- 3- 9  6:11     - 54 59  161 13  38.44 0.23  0.0    9 18.6  7.7      1825
 1826 2021- 3- 9  6:11       55 12  161 26  16.78 0.15  0.0    6  5.6  0.7      1826
 1827 2021- 3- 9 11:04     - 55  4  161 24   9.60 0.19  0.0    4 15.4 17.5      1827
 *** DISTANCE & RESIDUAL WEIGHTING CANCELLED FOR EVENT: 2021  3  9 11  4
 1828 2021- 3- 9 11:04     - 54 57  161 13  15.00 0.63  0.0    4 46.8  6.5      1828
 1829 2021- 3- 9 11:34     - 54 54  161 14  28.96 0.17  0.0    9 15.3  3.5      1829
 1830 2021- 3- 9 11:34     - 54 43  161  6  15.00 0.18  0.0    6 16.9 19.4      1830
  SEQ ---DATE--- TIME REMARK -LAT-  --LON-  DEPTH  RMS PMAG  NUM  ERH  ERZ  ID
 1831 2021- 3- 9 11:35     - 54 53  161  2  31.69 0.20  0.0   10 15.9  1.8      1831
 1832 2021- 3- 9 11:35     - 54 32  160 16  12.54 0.28  0.0   10 19.8 12.8      1832
 1833 2021- 3- 9 11:46     - 54 55  161 21  26.36 0.21  0.0    8 17.7  8.8      1833
 1834 2021- 3- 9 11:47       54 58  161 37  15.97 0.06  0.0    5  3.3  2.3      1834
 *** DISTANCE & RESIDUAL WEIGHTING CANCELLED FOR EVENT: 2021  3  9 12  8
 1835 2021- 3- 9 12:08     - 55 19  161 43  20.74 0.18  0.0    4 19.6  1.7      1835
 1836 2021- 3- 9 15:28       55  3  161 44  24.01 0.38  0.0    8  5.1  4.9      1836
 1837 2021- 3- 9 15:59     - 54 36  161 16  17.00 0.14  0.0   18  6.2 12.1      1837
 1838 2021- 3- 9 17:00     - 55  0  161 26  14.98 0.24  0.0    5 19.9 17.5      1838
 1839 2021- 3- 9 17:00     - 54 39  160 47  15.00 0.61  0.0    8 40.8 51.9      1839
 1840 2021- 3- 9 17:12     - 55  0  161 18  11.75 0.19  0.0    5 12.2 14.0      1840
 1841 2021- 3- 9 17:12     - 54 48  160 56  15.01 0.12  0.0    4 14.3 14.9      1841
 *** DISTANCE & RESIDUAL WEIGHTING CANCELLED FOR EVENT: 2021  3  9 18 24
 1842 2021- 3- 9 18:24     - 55  1  161 36  13.57 0.21  0.0    4 16.6 12.0      1842
 *** DISTANCE & RESIDUAL WEIGHTING CANCELLED FOR EVENT: 2021  3  9 21  1
 1843 2021- 3- 9 21:01     - 54 49  162 13  13.11 0.27  0.0    4 19.0 17.3      1843
 *** DISTANCE & RESIDUAL WEIGHTING CANCELLED FOR EVENT: 2021  3  9 21  1
 1844 2021- 3- 9 21:01     - 54 51  162 51  15.00 0.32  0.0    5 28.8  2.2      1844
 1845 2021- 3-10  1:45     - 54 34  160 40  15.31 0.17  0.0    9  8.3 16.9      1845
 *** DISTANCE & RESIDUAL WEIGHTING CANCELLED FOR EVENT: 2021  3 10  2 19
  SEQ ---DATE--- TIME REMARK -LAT-  --LON-  DEPTH  RMS PMAG  NUM  ERH  ERZ  ID
 1846 2021- 3-10  2:19     - 55  3  161 27  17.68 0.46  0.0    4 33.5 12.7      1846
 *** DISTANCE & RESIDUAL WEIGHTING CANCELLED FOR EVENT: 2021  3 10  4 20
 1847 2021- 3-10  4:20     - 54 47  162 33  15.00 1.72  0.0    4 99.0  8.1      1847
 1848 2021- 3-10  6:53     # 54 22  162 39  14.24 0.36  0.0   11 13.5  2.4      1848
 1849 2021- 3-10  6:53     - 54 54  162 49  15.06 0.07  0.0    5 12.3 12.8      1849
 1850 2021- 3-10  7:15     - 54 45  162 34   7.15 0.17  0.0    9 16.4 15.6      1850
 1851 2021- 3-10  7:15     - 54 45  162 31  13.91 0.11  0.0    5 13.2  2.8      1851
 1852 2021- 3-10  8:40     - 55 36  161 46  50.48 0.09  0.0    5  6.1 13.1      1852
 1853 2021- 3-10  8:52     - 54 56  161 18  14.10 0.22  0.0    7 14.8 16.7      1853
 1854 2021- 3-10  8:52       55 11  162  2  27.55 0.01  0.0    4  2.7  5.4      1854
 1855 2021- 3-10  9:15     - 54 58  161 17  12.54 0.13  0.0    5  3.8 14.1      1855
 1856 2021- 3-10  9:15       55 10  161 49  17.26 0.05  0.0    5  2.1  1.1      1856
 *** DISTANCE & RESIDUAL WEIGHTING CANCELLED FOR EVENT: 2021  3 10 16  0
 1857 2021- 3-10 15:59     # 55 10  161 51  15.00 0.65  0.0    4 13.6 32.6      1857
 1858 2021- 3-10 18:24     - 55 16  161 36   9.92 0.09  0.0    5  4.6  9.5      1858
 1859 2021- 3-10 20:21     - 54 41  160 37  14.97 0.16  0.0   18  7.4 14.6      1859
 1860 2021- 3-10 20:23     - 54 56  162  5  14.77 0.03  0.0    4  3.1 12.2      1860
  SEQ ---DATE--- TIME REMARK -LAT-  --LON-  DEPTH  RMS PMAG  NUM  ERH  ERZ  ID
 1861 2021- 3-10 23:39     - 54 53  162 56  30.24 0.09  0.0    7 13.0  0.9      1861
 1862 2021- 3-11  5:14     - 54 48  160 53  15.00 0.20  0.0   10 18.0 20.5      1862
 1863 2021- 3-11  5:14       54 57  161 21  32.78 0.08  0.0    7  7.3  0.4      1863
 1864 2021- 3-11  5:48       54 54  162 49  58.19 0.16  0.0    9  5.9  3.2      1864
 1865 2021- 3-11  5:57     - 54 53  160 54  14.78 0.21  0.0    7 19.6  8.0      1865
 1866 2021- 3-11  5:58     - 54 55  161 30  10.58 0.11  0.0    4 13.4  6.5      1866
 1867 2021- 3-11  6:03     - 54 43  161  5  33.51 0.22  0.0   11 18.9 21.7      1867
 1868 2021- 3-11  6:03     # 55  4  161 28   3.24 0.20  0.0    7  9.5  3.6      1868
 1869 2021- 3-11  6:50     - 55  6  161 25  11.90 0.23  0.0    4 14.9 15.4      1869
 1870 2021- 3-11  6:50     - 55  2  161 28  28.03 0.02  0.0    4 11.2  3.8      1870
 *** DISTANCE & RESIDUAL WEIGHTING CANCELLED FOR EVENT: 2021  3 11  7 46
 1871 2021- 3-11  7:46     - 55  6  162 32  22.60 3.30  0.0    4 98.9 30.6      1871
 1872 2021- 3-11  9:54     - 55 22  162 24  15.02 0.38  0.0    6  3.8 25.5      1872
 1873 2021- 3-11 12:25     - 55 27  160 41  17.59 0.19  0.0    7  2.4 20.3      1873
 1874 2021- 3-11 12:25     - 55 26  161 20  61.10 0.12  0.0    4 10.9  7.3      1874
 1875 2021- 3-11 13:08     - 54 33  161 50  19.47 0.21  0.0   14  1.8 16.9      1875
  SEQ ---DATE--- TIME REMARK -LAT-  --LON-  DEPTH  RMS PMAG  NUM  ERH  ERZ  ID
 1876 2021- 3-11 19:52       55  1  161 34  18.98 0.05  0.0    5  4.8  2.2      1876
 1877 2021- 3-11 20:50     - 55 29  161 19  55.12 0.17  0.0    7 13.1  9.6      1877
 *** DISTANCE & RESIDUAL WEIGHTING CANCELLED FOR EVENT: 2021  3 11 20 51
 1878 2021- 3-11 20:51     - 55 16  161 35  14.15 0.21  0.0    4  5.2 20.8      1878
 1879 2021- 3-11 21:00     - 54 42  161 15  51.28 0.09  0.0    6  6.5  9.1      1879
 1880 2021- 3-11 23:52     # 54 43  162 33  73.23 0.17  0.0    8  6.1  2.0      1880
 1881 2021- 3-15  0:56       55 13  162 19  22.78 0.18  0.0    7  2.8  2.2      1881
 1882 2021- 3-15  1:10     - 55 18  161 28   7.39 0.13  0.0    5  3.8 14.9      1882
 1883 2021- 3-15  2:35     - 55  9  161 21  11.62 0.10  0.0    4 14.4 11.7      1883
 *** DISTANCE & RESIDUAL WEIGHTING CANCELLED FOR EVENT: 2021  3 15  3 30
 1884 2021- 3-15  3:30     - 55 15  161 53  30.24 0.31  0.0    4 28.6  7.6      1884
 1885 2021- 3-15  3:36       55  4  161 32  23.46 0.29  0.0   10  4.5  5.2      1885
 1886 2021- 3-15  3:36     - 54 41  160 56  34.05 0.30  0.0    6 23.2 26.2      1886
 1887 2021- 3-15  4:03     - 54 34  161 13  15.00 0.18  0.0   11 15.9 19.6      1887
 1888 2021- 3-15  4:03     - 54 32  161 14  14.97 0.19  0.0    7 14.1 20.3      1888
 1889 2021- 3-15  4:11     - 54 34  162 32  11.20 0.13  0.0    8  2.6 13.5      1889
 1890 2021- 3-15  5:06     - 54 44  160 49  15.00 0.22  0.0   11 18.1 22.2      1890
  SEQ ---DATE--- TIME REMARK -LAT-  --LON-  DEPTH  RMS PMAG  NUM  ERH  ERZ  ID
 1891 2021- 3-15  5:06     - 54 40  160 41  15.02 0.22  0.0    8 16.0 21.9      1891
 1892 2021- 3-15  5:15     - 54 55  162 33  12.12 0.00  0.0    4  3.9  8.9      1892
 *** DISTANCE & RESIDUAL WEIGHTING CANCELLED FOR EVENT: 2021  3 15  6 12
 1893 2021- 3-15  6:12     # 55  3  161 49  22.58 0.63  0.0    5 20.1 14.6      1893
 1894 2021- 3-15  6:19     - 55  7  162 33  45.54 0.09  0.0    4  8.6  9.0      1894
 1895 2021- 3-15  8:13     - 54 32  163 21  15.36 0.09  0.0    7  6.5 13.1      1895
 1896 2021- 3-15  8:34     - 55  8  161 18  15.04 0.12  0.0    4 15.2 11.4      1896
 1897 2021- 3-15  8:36     - 54 55  160 57  17.42 0.16  0.0    6 16.6 18.0      1897
 *** DISTANCE & RESIDUAL WEIGHTING CANCELLED FOR EVENT: 2021  3 15  8 39
 1898 2021- 3-15  8:39     # 55 17  161 52  16.74 2.39  0.0    4 22.5 49.7      1898
 1899 2021- 3-15 10:11     - 55 13  163 31  20.81 0.64  0.0   11  4.8 53.3      1899
 1900 2021- 3-15 12:42     - 54 41  160 48  15.00 0.20  0.0   11 17.7 21.1      1900
 1901 2021- 3-15 12:42     - 54 37  160 18  13.37 0.33  0.0   10 22.4 14.3      1901
 *** DISTANCE & RESIDUAL WEIGHTING CANCELLED FOR EVENT: 2021  3 15 13  2
 1902 2021- 3-15 13:02     - 54 24  161 42  16.15 0.46  0.0    6 17.7 36.0      1902
 1903 2021- 3-15 13:52     - 54 55  162 18  14.16 0.06  0.0    6  8.6  9.1      1903
 1904 2021- 3-15 13:53     - 54 48  162 44  13.01 0.06  0.0    5 13.1  1.0      1904
 1905 2021- 3-15 13:58       55 50  160 27  18.16 0.14  0.0   20  2.3  1.2      1905
  SEQ ---DATE--- TIME REMARK -LAT-  --LON-  DEPTH  RMS PMAG  NUM  ERH  ERZ  ID
 1906 2021- 3-15 14:01     - 55 53  160 31  14.63 0.19  0.0   15  8.5 17.3      1906
 1907 2021- 3-15 14:02     - 55 33  160 37  15.00 0.15  0.0    6 16.6 17.3      1907
 1908 2021- 3-15 17:01     - 54 21  162 59  14.46 0.26  0.0    9 11.2 22.5      1908
 1909 2021- 3-15 19:09       55 22  161 45  22.01 0.14  0.0    7  2.7  1.5      1909
 1910 2021- 3-15 19:26     - 54 46  161  5  28.07 0.22  0.0    8 20.2  3.2      1910
 1911 2021- 3-15 20:06     - 54 49  162 55  46.94 0.16  0.0    9 14.9  7.9      1911
 *** DISTANCE & RESIDUAL WEIGHTING CANCELLED FOR EVENT: 2021  3 16  0  0
 1912 2021- 3-15 23:59     - 55 16  161 47  51.55 0.33  0.0    4 10.5 25.7      1912
 *** DISTANCE & RESIDUAL WEIGHTING CANCELLED FOR EVENT: 2021  3 16  1 44
 1913 2021- 3-16  1:44     - 55 11  161 43   7.50 0.88  0.0    4 14.4 51.5      1913
 *** DISTANCE & RESIDUAL WEIGHTING CANCELLED FOR EVENT: 2021  3 16  2 41
 1914 2021- 3-16  2:41     - 54 56  161 32  46.38 0.06  0.0    4  5.1  9.2      1914
 1915 2021- 3-16  3:05       54 50  163 14  16.18 0.04  0.0    4  5.8  2.9      1915
 1916 2021- 3-16  3:05     - 54 25  161 35  33.66 0.13  0.0    5  2.6 16.2      1916
 1917 2021- 3-16  5:15     - 55 23  160 27  15.52 0.25  0.0   11 10.5 21.3      1917
 1918 2021- 3-16  7:19     - 54 59  161 10  28.56 0.15  0.0    8 14.7  8.1      1918
 1919 2021- 3-16  7:19     - 54 58  161 12  14.65 0.06  0.0    5 12.6  1.6      1919
 1920 2021- 3-16  9:17     - 54 43  161 17  17.43 0.18  0.0   18  1.1 19.3      1920
 *** DISTANCE & RESIDUAL WEIGHTING CANCELLED FOR EVENT: 2021  3 16 10 16
  SEQ ---DATE--- TIME REMARK -LAT-  --LON-  DEPTH  RMS PMAG  NUM  ERH  ERZ  ID
 1921 2021- 3-16 10:16     - 55 25  162 33  15.00 1.90  0.0    4 37.6 97.2      1921
 1922 2021- 3-16 10:40     - 54 38  161 17  18.25 0.30  0.0   12  1.7 26.2      1922
 1923 2021- 3-16 11:12     - 54 36  160 38  15.00 0.21  0.0    9 19.0 21.5      1923
 1924 2021- 3-16 11:12     - 54 40  160 53  31.97 0.25  0.0   10 18.3 24.3      1924
 1925 2021- 3-16 11:26     - 54 43  160 47  15.01 0.17  0.0   10 16.5 18.7      1925
 1926 2021- 3-16 11:26     - 54 46  160 50  15.01 0.18  0.0    8 14.0 19.4      1926
 1927 2021- 3-16 15:08     - 54 53  163  5  17.05 0.24  0.0    7  4.4 23.5      1927
 1928 2021- 3-16 18:42     - 55  9  162 39  41.85 0.10  0.0   10  7.8  7.6      1928
 *** DISTANCE & RESIDUAL WEIGHTING CANCELLED FOR EVENT: 2021  3 16 19 55
 1929 2021- 3-16 19:55     - 55 14  162 25  14.89 0.26  0.0    4  6.5 23.0      1929
 *** DISTANCE & RESIDUAL WEIGHTING CANCELLED FOR EVENT: 2021  3 16 20 52
 1930 2021- 3-16 20:52     # 54 50  162  6  14.33 1.00  0.0    7 19.7  6.6      1930
 *** DISTANCE & RESIDUAL WEIGHTING CANCELLED FOR EVENT: 2021  3 16 21 46
 1931 2021- 3-16 21:46     # 54 50  161 43  14.99 0.53  0.0    5 24.2  3.7      1931
 1932 2021- 3-16 22:23     - 54 56  162 14   6.64 0.17  0.0    5 10.4 12.5      1932
 1933 2021- 3-17  3:07     - 54 30  161 45  14.96 0.07  0.0    4 14.0 12.5      1933
 1934 2021- 3-17  3:43     - 54 49  161  0  37.03 0.26  0.0    8 22.6 17.7      1934
 1935 2021- 3-17  3:44     - 54 46  161  1  33.31 0.27  0.0    8 15.0 25.1      1935
  SEQ ---DATE--- TIME REMARK -LAT-  --LON-  DEPTH  RMS PMAG  NUM  ERH  ERZ  ID
 1936 2021- 3-17  3:58     - 54 23  161 53  17.23 0.17  0.0    8  3.0 19.0      1936
 1937 2021- 3-17  5:14     - 54 18  161 36  15.00 0.09  0.0    4  6.7 13.0      1937
 *** DISTANCE & RESIDUAL WEIGHTING CANCELLED FOR EVENT: 2021  3 17  5 43
 1938 2021- 3-17  5:43     - 54 55  162 20  15.00 0.43  0.0    4 32.0 19.7      1938
 1939 2021- 3-17  6:55     - 55  5  161 26  14.33 0.00  0.0    4  4.9 10.3      1939
 *** DISTANCE & RESIDUAL WEIGHTING CANCELLED FOR EVENT: 2021  3 17  8 50
 1940 2021- 3-17  8:50     - 55 15  161 38  21.04 0.28  0.0    4 26.5  4.5      1940
 1941 2021- 3-17  9:09     - 55 20  161 35   7.02 0.06  0.0    4  1.6 13.5      1941
 1942 2021- 3-17  9:16     - 55 11  161 25   8.89 0.07  0.0    4 13.4 11.8      1942
 *** DISTANCE & RESIDUAL WEIGHTING CANCELLED FOR EVENT: 2021  3 17  9 17
 1943 2021- 3-17  9:16     - 54 53  160 40  15.05 0.56  0.0    4 44.4 47.0      1943
 *** DISTANCE & RESIDUAL WEIGHTING CANCELLED FOR EVENT: 2021  3 17 11 41
 1944 2021- 3-17 11:41     - 54 53  162 27  57.88 0.70  0.0    4 59.3 11.2      1944
 1945 2021- 3-17 11:48     - 54 45  160 39  15.00 0.23  0.0   11 18.9 22.5      1945
 1946 2021- 3-17 11:48     - 54 45  160 48  33.72 0.26  0.0   10 16.6 24.7      1946
 1947 2021- 3-17 16:22     - 54 26  161 33  14.91 0.19  0.0    4  8.9 18.0      1947
 1948 2021- 3-17 16:50     - 55  8  161 22  15.05 0.05  0.0    4 12.1  9.2      1948
 1949 2021- 3-17 17:25     - 55  1  161 43   6.69 0.11  0.0    5 13.0 14.3      1949
 1950 2021- 3-17 17:25     # 54 45  161 43  31.44 0.12  0.0    6 10.0  0.6      1950
  SEQ ---DATE--- TIME REMARK -LAT-  --LON-  DEPTH  RMS PMAG  NUM  ERH  ERZ  ID
 1951 2021- 3-17 17:41     - 55 35  161 27  12.95 0.14  0.0    4 14.3 11.3      1951
 1952 2021- 3-17 18:02     - 54 57  162 35  17.34 0.10  0.0    5 12.5  4.1      1952
 1953 2021- 3-17 19:20       54 54  161  9  15.25 0.13  0.0    8  4.1  1.4      1953
 1954 2021- 3-17 19:45     - 55 20  162 49  15.01 0.27  0.0    5  3.6 24.3      1954
 1955 2021- 3-17 19:45     # 54 24  161 29   1.99 0.17  0.0    8  9.9  8.1      1955
 1956 2021- 3-17 19:45     - 55  3  161 30   8.43 0.15  0.0    6 16.6 13.9      1956
 1957 2021- 3-17 20:28     - 55 25  161 44  77.44 0.12  0.0    8  6.1 14.3      1957
 1958 2021- 3-17 21:13     - 55 33  161 45   1.28 0.32  0.0    5  3.4 24.7      1958
 1959 2021- 3-17 21:50     - 54 59  161 37  13.86 0.12  0.0    4 15.7  4.6      1959
 1960 2021- 3-17 21:50     - 54 42  161  9  15.01 0.23  0.0    6 16.3 22.7      1960
 1961 2021- 3-17 22:03       54 34  161 21  13.75 0.08  0.0    7  1.9  1.4      1961
 1962 2021- 3-17 22:27     - 55 11  162  4  74.12 0.15  0.0    4 17.3  2.5      1962
 1963 2021- 3-17 22:42       54 28  162 52   7.51 0.13  0.0   12  2.3  3.3      1963
 1964 2021- 3-17 22:42     - 55 16  162 10  14.84 0.18  0.0    5 13.5 12.4      1964
 1965 2021- 3-17 23:00     # 55 15  162  5  46.36 0.67  0.0    5 20.3 16.7      1965
  SEQ ---DATE--- TIME REMARK -LAT-  --LON-  DEPTH  RMS PMAG  NUM  ERH  ERZ  ID
 1966 2021- 3-17 23:48     - 55  6  161 20   7.50 0.25  0.0    4 22.2 24.2      1966
 1967 2021- 3-17 23:49     - 54 51  163 32  15.00 0.80  0.0    9 18.1 31.6      1967
 *** DISTANCE & RESIDUAL WEIGHTING CANCELLED FOR EVENT: 2021  3 18  0  0
 1968 2021- 3-17 23:59     # 55 23  162 10  15.00 1.56  0.0    4 29.0 56.2      1968
 1969 2021- 3-18  0:13     - 55  8  162 32  41.35 0.13  0.0    5  9.3 10.8      1969
 1970 2021- 3-18  0:30     - 55 22  163  1  17.07 0.32  0.0    5  4.1 29.1      1970
 1971 2021- 3-18  1:02     - 54 58  161 20  14.97 0.12  0.0    4 11.3 13.2      1971
 1972 2021- 3-18  1:02     - 54 43  161 19  13.54 0.21  0.0    4 20.0  3.1      1972
 1973 2021- 3-18  1:31     - 54 47  161  7  16.44 0.15  0.0   12  7.2 14.3      1973
 1974 2021- 3-18  2:40     - 55 10  162 16  46.14 0.07  0.0    4 13.8  1.9      1974
 1975 2021- 3-18  2:45       55 29  161 50  33.36 0.14  0.0   12  1.8  1.2      1975
 1976 2021- 3-18  2:52     - 55  2  162 49  63.78 0.12  0.0    7  9.2 11.1      1976
 1977 2021- 3-18  3:16       54 18  161 33   7.89 0.19  0.0    9  3.3  3.2      1977
 1978 2021- 3-18  3:41     - 54 46  162 31  10.19 0.12  0.0    5 15.1 10.9      1978
 *** DISTANCE & RESIDUAL WEIGHTING CANCELLED FOR EVENT: 2021  3 18  4 38
 1979 2021- 3-18  4:38     # 55 14  162  0  15.00 2.03  0.0    4 25.6 61.7      1979
 1980 2021- 3-18  5:25     - 54 57  162 41  16.65 0.08  0.0    4 11.5  7.7      1980
  SEQ ---DATE--- TIME REMARK -LAT-  --LON-  DEPTH  RMS PMAG  NUM  ERH  ERZ  ID
 1981 2021- 3-18  6:26       54 45  162 55  14.08 0.31  0.0    7  8.5  4.9      1981
 1982 2021- 3-18  6:26     - 54 42  162 33   6.34 0.31  0.0    5 25.8 28.3      1982
 1983 2021- 3-18  7:22       54 29  162  4  14.65 0.05  0.0    7  2.9  0.9      1983
 1984 2021- 3-18  8:06       55  3  161 15  23.93 0.20  0.0    8  3.3  7.1      1984
 1985 2021- 3-18  8:07     - 55  2  161 16  15.72 0.03  0.0    4 11.8  1.1      1985
 1986 2021- 3-18  8:24     - 54 20  161 34  50.62 0.14  0.0    7  5.0 11.8      1986
 1987 2021- 3-18  8:34     - 54 22  162 35  16.66 0.28  0.0   16 11.6 23.4      1987
 1988 2021- 3-18  9:58     - 54 59  162 40  41.40 0.12  0.0    7  9.5  7.0      1988
 1989 2021- 3-18 10:37     - 54 56  162 15  15.13 0.09  0.0    4  6.9 11.1      1989
 *** DISTANCE & RESIDUAL WEIGHTING CANCELLED FOR EVENT: 2021  3 18 10 38
 1990 2021- 3-18 10:38     # 55  2  162 17  15.00 1.67  0.0    4 53.3 42.0      1990
 1991 2021- 3-18 12:20     - 55 10  161 18  15.00 0.12  0.0    5 13.7 11.2      1991
 1992 2021- 3-18 13:03     - 55  3  161 16  11.48 0.10  0.0    5 10.1  9.1      1992
 1993 2021- 3-18 14:34     - 55 19  160 35  35.56 0.19  0.0    8 18.8 17.8      1993
 1994 2021- 3-18 14:35     - 55 21  160 52  36.03 0.14  0.0    7 15.1  5.9      1994
 1995 2021- 3-18 14:36       55 11  161 55   5.54 0.08  0.0    5  0.7  0.7      1995
  SEQ ---DATE--- TIME REMARK -LAT-  --LON-  DEPTH  RMS PMAG  NUM  ERH  ERZ  ID
 1996 2021- 3-18 15:25     - 54 35  161 14  14.95 0.14  0.0   13  6.9 13.9      1996
 1997 2021- 3-18 16:56     - 55 24  163 37  13.23 0.20  0.0    4 13.1 18.6      1997
 *** DISTANCE & RESIDUAL WEIGHTING CANCELLED FOR EVENT: 2021  3 18 17 26
 1998 2021- 3-18 17:26     - 55  6  161 47  11.73 0.17  0.0    4 16.5  6.8      1998
 *** DISTANCE & RESIDUAL WEIGHTING CANCELLED FOR EVENT: 2021  3 18 19  2
 1999 2021- 3-18 19:02     - 55 16  162  5   8.30 0.32  0.0    4  8.6 21.3      1999
 2000 2021- 3-18 19:22     - 54 34  161 39  16.27 0.07  0.0    6  6.2 12.0      2000
 2001 2021- 3-18 19:35     # 54 25  163  1  18.58 0.23  0.0   11  6.7  3.8      2001
 *** DISTANCE & RESIDUAL WEIGHTING CANCELLED FOR EVENT: 2021  3 18 19 36
 2002 2021- 3-18 19:36     - 55  2  162 15  14.96 0.63  0.0    6 39.8  7.7      2002
 *** DISTANCE & RESIDUAL WEIGHTING CANCELLED FOR EVENT: 2021  3 18 19 55
 2003 2021- 3-18 19:55     - 55 31  161 28  31.50 0.56  0.0    4 38.9 24.6      2003
 2004 2021- 3-18 20:06     - 54 58  161 32  23.75 0.19  0.0    7 17.3  5.7      2004
 2005 2021- 3-18 20:06     - 54 52  161 16  19.96 0.14  0.0    6 14.2  6.5      2005
 2006 2021- 3-18 20:15       55 19  161 34  10.07 0.05  0.0    6  3.0  5.1      2006
 2007 2021- 3-18 22:50     - 54 54  160 30  15.20 0.19  0.0   11  8.9 17.7      2007
 2008 2021- 3-18 23:25     - 55  1  161 31  21.99 0.20  0.0    4 16.6  7.1      2008
 *** DISTANCE & RESIDUAL WEIGHTING CANCELLED FOR EVENT: 2021  3 19  1 25
 2009 2021- 3-19  1:25     - 55  9  161 25  11.79 0.22  0.0    4 17.6 15.9      2009
 *** DISTANCE & RESIDUAL WEIGHTING CANCELLED FOR EVENT: 2021  3 19  1 54
 2010 2021- 3-19  1:54     - 55 40  163  9  15.00 0.53  0.0    4 20.3 40.8      2010
  SEQ ---DATE--- TIME REMARK -LAT-  --LON-  DEPTH  RMS PMAG  NUM  ERH  ERZ  ID
 2011 2021- 3-19  2:17     - 54 46  160 39  14.93 0.13  0.0   13  6.8 13.5      2011
 2012 2021- 3-19  5:06     - 54 48  162 30  14.32 0.14  0.0    5 15.9  5.3      2012
 2013 2021- 3-19  6:01     - 54 32  163  2  15.31 0.16  0.0    8  8.2 16.6      2013
 2014 2021- 3-19  6:02     - 54 50  162 41  14.22 0.13  0.0    6 14.8  5.0      2014
 2015 2021- 3-19  6:02     - 54 53  162 34  15.05 0.12  0.0    4 13.8  6.5      2015
 2016 2021- 3-19  6:30     - 54 51  162 43  16.56 0.04  0.0    4 12.7  2.0      2016
 2017 2021- 3-19  7:15     - 55  3  161 40  18.29 0.07  0.0    4 11.5  2.9      2017
 *** DISTANCE & RESIDUAL WEIGHTING CANCELLED FOR EVENT: 2021  3 19  7 25
 2018 2021- 3-19  7:25     - 54 38  163  3  82.61 0.38  0.0    4 33.0  7.7      2018
 2019 2021- 3-19  8:29     - 55 11  163 32  18.93 0.65  0.0   11  4.7 55.3      2019
 2020 2021- 3-19  9:27     - 54 30  161 43  11.10 0.05  0.0    4  2.7 12.8      2020
 2021 2021- 3-19 13:39     - 54 54  162 32  13.93 0.07  0.0    5 12.1  5.7      2021
 *** DISTANCE & RESIDUAL WEIGHTING CANCELLED FOR EVENT: 2021  3 19 13 40
 2022 2021- 3-19 13:39     # 54 53  162 35  14.98 1.14  0.0    8 26.7  3.3      2022
 2023 2021- 3-19 14:01     - 54 45  160 42  15.00 0.20  0.0   11 17.3 20.7      2023
 2024 2021- 3-19 14:01     - 54 36  160 18  35.11 0.23  0.0    9 17.6 22.1      2024
 2025 2021- 3-19 15:40     - 55  3  161 14  12.87 0.14  0.0    7 13.8 12.3      2025
  SEQ ---DATE--- TIME REMARK -LAT-  --LON-  DEPTH  RMS PMAG  NUM  ERH  ERZ  ID
 2026 2021- 3-19 15:40     - 54 48  160 49  15.06 0.37  0.0    5 30.2 32.7      2026
 2027 2021- 3-19 18:47     - 54 51  161 16  32.61 0.15  0.0    8 15.2  1.3      2027
 2028 2021- 3-19 18:48     - 54 57  161 25  20.08 0.03  0.0    6  9.4  2.6      2028
 2029 2021- 3-19 20:01       55 30  161 46  17.50 0.30  0.0   10  2.3  2.1      2029
 2030 2021- 3-19 21:37     - 55 10  161 18  15.04 0.25  0.0    4 15.7 19.4      2030
 2031 2021- 3-19 22:55     - 54 39  161  8  15.53 0.12  0.0    6  7.0 14.1      2031
 2032 2021- 3-20  7:48     - 55  4  161 25   7.35 0.30  0.0    4 23.0 27.5      2032
 *** DISTANCE & RESIDUAL WEIGHTING CANCELLED FOR EVENT: 2021  3 20  7 48
 2033 2021- 3-20  7:48     - 54 47  160 47  15.05 0.57  0.0    4 44.7 46.8      2033
 2034 2021- 3-20 10:26       55 18  160 37  30.55 0.15  0.0    8  3.7  1.0      2034
 *** DISTANCE & RESIDUAL WEIGHTING CANCELLED FOR EVENT: 2021  3 20 10 27
 2035 2021- 3-20 10:27     - 55 13  161 54   0.53 0.43  0.0    4  2.1 31.7      2035
 2036 2021- 3-20 11:44     - 55 10  162 55  62.04 0.17  0.0    9  6.4 11.7      2036
 *** DISTANCE & RESIDUAL WEIGHTING CANCELLED FOR EVENT: 2021  3 20 11 44
 2037 2021- 3-20 11:44     - 55 10  162 18   9.75 0.86  0.0    5 26.5 47.5      2037
 2038 2021- 3-20 11:47     # 55 12  162 46  15.01 1.43  0.0    6 10.8 13.7      2038
 2039 2021- 3-20 14:25     - 55  7  161 15  10.63 0.17  0.0    5 18.4 17.2      2039
 *** DISTANCE & RESIDUAL WEIGHTING CANCELLED FOR EVENT: 2021  3 20 14 25
 2040 2021- 3-20 14:25     - 55  5  161 30  15.05 0.23  0.0    4 17.7  8.0      2040
  SEQ ---DATE--- TIME REMARK -LAT-  --LON-  DEPTH  RMS PMAG  NUM  ERH  ERZ  ID
 2041 2021- 3-20 15:40     - 54 26  162  7  17.28 0.40  0.0    8 12.6 35.6      2041
 2042 2021- 3-20 15:40     - 55  6  162 10   8.93 0.03  0.0    4  7.8  8.4      2042
 2043 2021- 3-20 18:45     - 54 51  161  2  15.00 0.23  0.0    7 19.2 23.0      2043
 2044 2021- 3-20 18:46       55 15  162  5  17.03 0.07  0.0    5  1.4  1.4      2044
 2045 2021- 3-20 18:54     - 55 11  161 15  15.09 0.08  0.0    4 14.0 11.0      2045
 2046 2021- 3-20 19:50     - 55 15  162 30  19.46 0.07  0.0    5  6.1 12.6      2046
 2047 2021- 3-20 21:22     - 55 12  161 35  30.70 0.21  0.0    5 16.2  7.8      2047
 2048 2021- 3-20 21:22     - 55  7  160 34  15.00 0.20  0.0    4 18.7 20.3      2048
 2049 2021- 3-21  1:14     - 55  7  161 21  23.17 0.24  0.0    6 19.1  7.8      2049
 2050 2021- 3-21  1:15     - 55  2  160 59  23.28 0.17  0.0    7 16.0  8.1      2050
 *** DISTANCE & RESIDUAL WEIGHTING CANCELLED FOR EVENT: 2021  3 21  3  8
 2051 2021- 3-21  3:08     # 55 12  161 40  15.00 2.48  0.0    4 30.6 51.1      2051
 2052 2021- 3-21  3:53     - 55 39  162  2   6.60 0.23  0.0    7  4.5 19.9      2052
 2053 2021- 3-21  4:51     - 54 47  160 60  17.65 0.19  0.0    9  3.5 20.1      2053
 2054 2021- 3-21  4:52     - 55 12  161 57   0.97 0.09  0.0    5  1.0 10.8      2054
 2055 2021- 3-21  6:20     - 55 17  161 37   1.71 0.12  0.0    5  1.5 11.7      2055
  SEQ ---DATE--- TIME REMARK -LAT-  --LON-  DEPTH  RMS PMAG  NUM  ERH  ERZ  ID
 2056 2021- 3-21  9:13       54 32  161 34  15.27 0.06  0.0    5  4.6  1.8      2056
 2057 2021- 3-21 13:30     - 54 29  162  1  18.24 0.17  0.0    8  3.4 17.8      2057
 2058 2021- 3-21 15:23     - 55 25  162 52  10.52 0.16  0.0    7  2.1 17.0      2058
 2059 2021- 3-21 15:28     - 54 30  161 56  17.08 0.38  0.0   17  2.5 33.9      2059
 2060 2021- 3-21 16:05     - 55 22  162 50  15.07 0.02  0.0    5  2.7 10.2      2060
 2061 2021- 3-21 18:46     - 55 54  162 10   6.84 0.21  0.0    4 21.5 19.9      2061
 2062 2021- 3-21 18:48     - 55  3  163 31  15.30 0.23  0.0    5 10.5 20.3      2062
 *** DISTANCE & RESIDUAL WEIGHTING CANCELLED FOR EVENT: 2021  3 21 21 17
 2063 2021- 3-21 21:17     - 55 12  163  4  15.00 0.32  0.0    4 26.4 29.1      2063
 2064 2021- 3-21 22:46     - 55 49  161 43  14.84 0.06  0.0    4  6.0 12.1      2064
 *** DISTANCE & RESIDUAL WEIGHTING CANCELLED FOR EVENT: 2021  3 21 23  0
 2065 2021- 3-21 23:00     # 55 15  161 38  14.99 0.42  0.0    4  9.0  6.3      2065
 2066 2021- 3-22  0:10     - 54 51  160 30  35.57 0.18  0.0   11  6.4 18.8      2066
 *** DISTANCE & RESIDUAL WEIGHTING CANCELLED FOR EVENT: 2021  3 22  0 11
 2067 2021- 3-22  0:11     - 55  1  162 19  21.42 0.61  0.0    5 24.5 33.3      2067
 2068 2021- 3-22  0:10     - 54 54  160 43  15.04 0.20  0.0    4 18.8 19.9      2068
 2069 2021- 3-22  0:36     - 55  1  160 53  11.29 0.14  0.0    6 15.7 16.8      2069
 2070 2021- 3-22  0:36     - 55 40  162 16  14.96 0.02  0.0    4  2.2 10.7      2070
  SEQ ---DATE--- TIME REMARK -LAT-  --LON-  DEPTH  RMS PMAG  NUM  ERH  ERZ  ID
 2071 2021- 3-22  0:36       55 17  161 59  18.24 0.05  0.0    5  1.7  1.9      2071
 2072 2021- 3-22  2:45     - 55 21  160 48  31.45 0.13  0.0   10 11.6  1.5      2072
 2073 2021- 3-22  2:45     - 55 30  161  3   8.72 0.28  0.0    4 25.7 26.5      2073
 2074 2021- 3-22  3:53     - 54 23  161 34  14.80 0.20  0.0    8  9.3 18.7      2074
 2075 2021- 3-22  5:43     - 54 56  161 11  13.53 0.05  0.0    7  8.6  9.8      2075
 *** DISTANCE & RESIDUAL WEIGHTING CANCELLED FOR EVENT: 2021  3 22  5 44
 2076 2021- 3-22  5:44     - 54 51  161 23  14.96 0.57  0.0    5 42.0  5.4      2076
 2077 2021- 3-22  5:45     - 55 51  160 29  14.23 0.18  0.0    5  8.9 17.6      2077
 2078 2021- 3-22  6:27     - 55  4  161 22  11.16 0.25  0.0    7 19.0 15.5      2078
 2079 2021- 3-22  6:27       55  5  161  5  15.80 0.17  0.0    7  3.3  0.9      2079
 2080 2021- 3-22  8:36     - 55  3  160 59  16.91 0.23  0.0    6 21.4 22.9      2080
 2081 2021- 3-22  8:42     - 55 11  161 26   8.13 0.09  0.0    4 12.3 12.0      2081
 2082 2021- 3-22  9:03     - 54 54  161 23  17.14 0.07  0.0    6  4.0 12.0      2082
 2083 2021- 3-22  9:21     - 55  4  161 40  17.61 0.10  0.0    4 11.5  3.3      2083
 *** DISTANCE & RESIDUAL WEIGHTING CANCELLED FOR EVENT: 2021  3 22  9 53
 2084 2021- 3-22  9:53     # 55 16  162 21  15.01 1.73  0.0    4 18.9 54.1      2084
 2085 2021- 3-22 11:06     - 55 23  162 43  14.98 0.06  0.0    5  1.5 12.3      2085
  SEQ ---DATE--- TIME REMARK -LAT-  --LON-  DEPTH  RMS PMAG  NUM  ERH  ERZ  ID
 2086 2021- 3-22 11:34     - 54 39  160 40  15.00 0.20  0.0   10 18.1 20.5      2086
 2087 2021- 3-22 11:35     - 55 53  162 33  14.63 0.14  0.0    6 12.3  9.2      2087
 2088 2021- 3-22 14:47     - 55  0  161 31  26.66 0.23  0.0    6 15.6  6.0      2088
 2089 2021- 3-22 14:47     - 54 60  161 32  31.45 0.07  0.0    4 12.3  5.4      2089
 2090 2021- 3-22 17:43     - 55 51  160 49  15.90 0.18  0.0    6  9.6 16.3      2090
 2091 2021- 3-22 18:43     - 54 47  160 54  15.00 0.16  0.0   10 13.6 18.5      2091
 2092 2021- 3-22 18:44       54 59  161 32  32.41 0.15  0.0    9  4.0  2.1      2092
 2093 2021- 3-22 19:00       55  4  161 44  22.96 0.05  0.0    6  5.6  3.4      2093
 *** DISTANCE & RESIDUAL WEIGHTING CANCELLED FOR EVENT: 2021  3 22 19  1
 2094 2021- 3-22 19:00     - 55  5  161 28  22.62 0.53  0.0    4 18.9 27.9      2094
 *** DISTANCE & RESIDUAL WEIGHTING CANCELLED FOR EVENT: 2021  3 22 21  2
 2095 2021- 3-22 21:02     - 55 30  161 32   7.50 0.92  0.0    4 77.3 58.8      2095
 *** DISTANCE & RESIDUAL WEIGHTING CANCELLED FOR EVENT: 2021  3 23  3 21
 2096 2021- 3-23  3:21     - 55 27  161 52   0.94 0.26  0.0    4  5.5 19.1      2096
 2097 2021- 3-23 11:00     - 54 27  161 34  15.00 0.23  0.0    5 21.2 22.5      2097
 2098 2021- 3-23 11:28     - 54 53  162 46  17.01 0.15  0.0    4  2.7 17.5      2098
 2099 2021- 3-23 11:28     - 54 38  161 21  15.03 0.25  0.0    9  9.8 20.4      2099
 2100 2021- 3-23 11:28     # 55  6  162  8  24.87 0.40  0.0    5  7.9 19.2      2100
  SEQ ---DATE--- TIME REMARK -LAT-  --LON-  DEPTH  RMS PMAG  NUM  ERH  ERZ  ID
 2101 2021- 3-23 13:23     - 55 14  161 27   6.70 0.13  0.0    4 15.5 16.4      2101
 2102 2021- 3-23 15:12     - 55 14  161 34   9.05 0.07  0.0    5  3.4 10.8      2102
 2103 2021- 3-23 20:23     - 54 44  160 49  15.00 0.22  0.0    7 21.1 22.4      2103
 2104 2021- 3-23 20:23     - 54 34  160 52   9.18 0.13  0.0    6 13.2  3.1      2104
 2105 2021- 3-23 20:34     - 54 54  162 58  14.83 0.06  0.0    4 10.9  7.6      2105
 *** DISTANCE & RESIDUAL WEIGHTING CANCELLED FOR EVENT: 2021  3 23 20 35
 2106 2021- 3-23 20:35     - 55 26  161 49  14.40 1.08  0.0    4 22.0 76.9      2106
 2107 2021- 3-23 20:34     - 54 59  161 26  14.99 0.16  0.0    5 17.7 14.5      2107
 *** DISTANCE & RESIDUAL WEIGHTING CANCELLED FOR EVENT: 2021  3 23 20 35
 2108 2021- 3-23 20:35     # 55 18  161 52   0.04 0.12  0.0    4  2.3  6.8      2108
 *** DISTANCE & RESIDUAL WEIGHTING CANCELLED FOR EVENT: 2021  3 23 21 20
 2109 2021- 3-23 21:20     - 54 45  162 53  74.59 0.19  0.0    4 19.0  5.7      2109
 2110 2021- 3-23 21:20       55  6  161 36  24.09 1.27  0.0    5 42.0 23.0      2110
 2111 2021- 3-23 21:22     # 54 54  163 30  13.78 0.38  0.0    6  5.3  4.4      2111
 2112 2021- 3-23 21:22     - 54 25  161 30  15.03 0.07  0.0    6  6.1 12.4      2112
 2113 2021- 3-23 23:28     - 55  1  161 17  14.98 0.20  0.0    5 12.4 13.6      2113
 *** DISTANCE & RESIDUAL WEIGHTING CANCELLED FOR EVENT: 2021  3 23 23 29
 2114 2021- 3-23 23:28     - 54 41  160 57  15.00 0.37  0.0    4 30.3 31.6      2114
 2115 2021- 3-23 23:59     - 55 16  162  1  71.07 0.13  0.0    4  7.0 13.6      2115
  SEQ ---DATE--- TIME REMARK -LAT-  --LON-  DEPTH  RMS PMAG  NUM  ERH  ERZ  ID
 2116 2021- 3-24  1:48       55 17  161 49  13.34 0.01  0.0    4  3.5  3.5      2116
 2117 2021- 3-24  6:30     - 55 26  162 48   8.52 0.13  0.0   17  1.1 13.3      2117
 2118 2021- 3-24  6:47     - 55 25  162 48   8.57 0.16  0.0   13  1.0 15.5      2118
 2119 2021- 3-24  7:23     - 54 33  163 21  16.44 0.19  0.0    7  9.0 18.2      2119
 *** DISTANCE & RESIDUAL WEIGHTING CANCELLED FOR EVENT: 2021  3 24  7 24
 2120 2021- 3-24  7:23     - 54 53  162 15  13.74 0.27  0.0    4 20.6 22.3      2120
 2121 2021- 3-24  8:34     - 54 49  160 57  17.93 0.19  0.0    9 17.7 19.7      2121
 2122 2021- 3-24  8:34     - 54 43  160 56  34.83 0.21  0.0    6 15.7 13.8      2122
 2123 2021- 3-24  9:59     - 55 30  161 33   7.18 0.49  0.0    4 42.7 40.1      2123
 *** DISTANCE & RESIDUAL WEIGHTING CANCELLED FOR EVENT: 2021  3 24 13  6
 2124 2021- 3-24 13:06     - 55 10  161 53  14.00 0.14  0.0    4 14.2  6.2      2124
 2125 2021- 3-24 16:19     - 54 49  160 59  14.24 0.15  0.0    8 16.1  2.5      2125
 2126 2021- 3-24 16:19     - 55  9  161  8   7.94 0.16  0.0    5 17.3 17.7      2126
 2127 2021- 3-24 16:34     - 55 17  161 44  13.86 0.05  0.0    4 10.0  7.7      2127
 *** DISTANCE & RESIDUAL WEIGHTING CANCELLED FOR EVENT: 2021  3 24 18 17
 2128 2021- 3-24 18:17     - 55  6  161 24  15.00 0.36  0.0    4 28.1 19.8      2128
 2129 2021- 3-24 18:17     - 55 14  161 28   6.45 0.19  0.0    4 18.0 20.1      2129
 2130 2021- 3-25  1:03     - 55 16  161 21   9.05 0.15  0.0    5  4.0 14.9      2130
  SEQ ---DATE--- TIME REMARK -LAT-  --LON-  DEPTH  RMS PMAG  NUM  ERH  ERZ  ID
 2131 2021- 3-25  1:03     - 55 11  159 60  15.01 0.16  0.0    5 16.8 17.8      2131
 2132 2021- 3-25  4:23     - 54 36  161 17  37.30 0.15  0.0    7  2.6 13.2      2132
 *** DISTANCE & RESIDUAL WEIGHTING CANCELLED FOR EVENT: 2021  3 25  4 41
 2133 2021- 3-25  4:41     # 54 49  162 13  14.96 0.50  0.0    5 23.9  5.0      2133
 2134 2021- 3-25  8:55     - 55  4  161 24  16.78 0.09  0.0    4 11.6  0.8      2134
 2135 2021- 3-25  9:29     - 54 33  161 24  15.18 0.49  0.0    7 17.8 35.9      2135
 2136 2021- 3-25 13:25     - 55 25  160 37  53.30 0.20  0.0    9 19.3  9.4      2136
 2137 2021- 3-25 13:25     - 55 21  160 26  36.54 0.11  0.0    9 12.0  9.8      2137
 2138 2021- 3-25 13:31     - 55  6  163 42  33.23 0.54  0.0   11  5.1 46.3      2138
 2139 2021- 3-25 14:59     - 55 14  161 24   9.89 0.27  0.0    4 10.8 23.2      2139
 2140 2021- 3-25 15:24       55  7  161 29  19.92 0.19  0.0    6  3.6  4.7      2140
 2141 2021- 3-25 15:25     - 55  9  161 22  10.28 0.11  0.0    5  3.7 13.8      2141
 *** DISTANCE & RESIDUAL WEIGHTING CANCELLED FOR EVENT: 2021  3 25 15 26
 2142 2021- 3-25 15:25     - 55  2  161 40  29.10 0.46  0.0    5 26.6 14.2      2142
 2143 2021- 3-25 15:34     # 54 58  162  3  32.98 2.19  0.0    8 41.5 25.9      2143
 2144 2021- 3-25 15:34     - 55  2  162 14  11.15 0.09  0.0    4 14.0 13.1      2144
 2145 2021- 3-25 16:02     - 54 27  161 26  14.97 0.07  0.0    5  6.2 12.4      2145
  SEQ ---DATE--- TIME REMARK -LAT-  --LON-  DEPTH  RMS PMAG  NUM  ERH  ERZ  ID
 2146 2021- 3-25 19:35     - 54 42  160 28  14.81 0.30  0.0    7 12.5 24.8      2146
 2147 2021- 3-25 20:12     - 54 46  161 11  18.24 0.22  0.0   10 13.7 21.1      2147
 2148 2021- 3-25 20:12       55  5  161 24  16.38 0.15  0.0    6  6.3  0.8      2148
 2149 2021- 3-25 23:13     - 55  4  161  5  12.04 0.11  0.0    5 15.3 14.4      2149
 *** DISTANCE & RESIDUAL WEIGHTING CANCELLED FOR EVENT: 2021  3 25 23 14
 2150 2021- 3-25 23:14     - 54 45  160 41  15.03 0.42  0.0    4 34.1 36.9      2150
 2151 2021- 3-25 23:59     - 55 15  162  4  51.74 0.13  0.0    6  4.4 13.7      2151
 *** DISTANCE & RESIDUAL WEIGHTING CANCELLED FOR EVENT: 2021  3 26  0 22
 2152 2021- 3-26  0:22     - 54 53  160 16  14.99 0.25  0.0    4 10.6 21.5      2152
 2153 2021- 3-26  2:06     - 55  9  163 38  34.42 0.49  0.0   11  4.3 42.4      2153
 2154 2021- 3-26  2:57     - 54 52  162 38  53.48 2.26  0.0    4 97.2 19.4      2154
 2155 2021- 3-26  3:20     - 55 21  161 54  31.74 0.42  0.0    5 35.5  4.7      2155
 *** DISTANCE & RESIDUAL WEIGHTING CANCELLED FOR EVENT: 2021  3 26  5  4
 2156 2021- 3-26  5:03     # 55 14  162  4  24.58 0.36  0.0    5  5.3 18.1      2156
 2157 2021- 3-26  5:21     - 54 47  160 59  27.89 0.17  0.0    9 16.1  3.0      2157
 2158 2021- 3-26  5:21     - 54 41  160 40  32.39 0.28  0.0    9 19.3 25.9      2158
 2159 2021- 3-26  5:25     - 54 54  162 17  14.41 0.08  0.0    4  4.6  9.0      2159
 2160 2021- 3-26  5:48     - 54 47  160 52  15.00 0.20  0.0   10 17.2 21.1      2160
  SEQ ---DATE--- TIME REMARK -LAT-  --LON-  DEPTH  RMS PMAG  NUM  ERH  ERZ  ID
 2161 2021- 3-26  5:48     - 54 39  160 35  13.80 0.20  0.0    9 17.1 21.0      2161
 2162 2021- 3-26  6:39     - 55 16  164  0  15.00 0.16  0.0    9 13.8 18.4      2162
 2163 2021- 3-26  6:39       55 12  162 29  24.47 0.00  0.0    4  1.6  2.5      2163
 2164 2021- 3-26  7:17     - 55 46  160 27  14.78 0.21  0.0   12  9.5 19.2      2164
 2165 2021- 3-26  7:26     - 55 19  162 40  14.99 0.42  0.0    6  4.1 28.0      2165
 2166 2021- 3-26  7:27     - 55 19  162 44  15.13 0.82  0.0    6  9.1 57.1      2166
 2167 2021- 3-26  7:31     - 54 42  162 24  12.58 0.15  0.0    8 16.2  4.7      2167
 2168 2021- 3-26  7:31     - 54 27  162 22   0.59 0.38  0.0    7 27.1 16.4      2168
 2169 2021- 3-26  7:51     - 54 57  161  9  17.82 0.21  0.0    7 16.5 20.4      2169
 *** DISTANCE & RESIDUAL WEIGHTING CANCELLED FOR EVENT: 2021  3 26  8  0
 2170 2021- 3-26  7:59     # 55 22  162  6  23.95 0.33  0.0    4  4.8 15.7      2170
 2171 2021- 3-26  9:03     - 54 13  161 29  16.20 0.13  0.0    7  7.4 14.6      2171
 2172 2021- 3-26  9:03     - 55 10  161 37  12.33 0.01  0.0    4 11.3  3.8      2172
 2173 2021- 3-26  9:16     - 54 54  162 50  14.82 0.02  0.0    4 10.2  7.1      2173
 2174 2021- 3-26 11:37     - 54 58  162 22  14.60 0.01  0.0    4  8.1  8.7      2174
 2175 2021- 3-26 11:38     - 54 59  162 20   9.11 0.04  0.0    4  7.3  8.3      2175
  SEQ ---DATE--- TIME REMARK -LAT-  --LON-  DEPTH  RMS PMAG  NUM  ERH  ERZ  ID
 2176 2021- 3-26 11:51     - 54 58  161 31  26.39 0.18  0.0    7 14.9  5.3      2176
 2177 2021- 3-26 11:51     - 54 53  161 29  25.60 0.12  0.0    6 14.9  2.5      2177
 2178 2021- 3-26 13:35     - 54 56  162 34  23.35 0.03  0.0    4 10.0  6.8      2178
 2179 2021- 3-26 13:35     - 54 59  162 23  12.44 0.01  0.0    4  6.4  6.6      2179
 2180 2021- 3-26 13:52     - 55  7  161 20  11.41 0.07  0.0    4 13.6 11.5      2180
 2181 2021- 3-26 13:52       55  6  161 41  17.12 0.06  0.0    5  6.6  2.0      2181
 2182 2021- 3-26 13:57     - 54 41  161  5  14.87 0.09  0.0    7 12.6  2.0      2182
 2183 2021- 3-26 13:57     - 54 57  161 27  29.14 0.04  0.0    5 11.6  2.9      2183
 2184 2021- 3-26 14:09     - 54 39  160 43  14.86 0.47  0.0   15 17.1 33.9      2184
 2185 2021- 3-26 14:42     - 54 42  162 57   9.76 0.44  0.0    5 38.2 35.1      2185
 2186 2021- 3-26 15:00     - 54 33  163 22  14.01 0.08  0.0    6  6.3 12.8      2186
 2187 2021- 3-26 15:00     - 55 19  162  2   0.01 0.63  0.0    5  8.8 43.9      2187
 2188 2021- 3-26 15:04     - 54 35  163 20  35.72 0.24  0.0    6 10.9 21.8      2188
 2189 2021- 3-26 16:12     - 54 37  162  2   7.69 0.17  0.0    8 15.1 18.1      2189
 2190 2021- 3-26 16:13     - 54 34  162  3  12.18 0.22  0.0    8 17.1  3.4      2190
  SEQ ---DATE--- TIME REMARK -LAT-  --LON-  DEPTH  RMS PMAG  NUM  ERH  ERZ  ID
 2191 2021- 3-26 16:16     - 54 56  160 22  15.11 0.11  0.0    7  6.9 13.9      2191
 2192 2021- 3-26 16:29       54 59  162 49  38.53 0.04  0.0    7  7.8  3.8      2192
 2193 2021- 3-26 16:47     - 55 17  161 41  21.56 0.11  0.0    4 15.5  1.6      2193
 2194 2021- 3-26 16:58     # 55  5  163 14  12.11 0.41  0.0    9  9.0  7.0      2194
 2195 2021- 3-26 16:58     # 55 19  161 47  16.48 2.09  0.0    6 13.7 37.8      2195
 2196 2021- 3-26 17:30     - 55  6  161  9  15.02 0.12  0.0    4 15.7 13.5      2196
 *** DISTANCE & RESIDUAL WEIGHTING CANCELLED FOR EVENT: 2021  3 26 17 30
 2197 2021- 3-26 17:30     - 54 59  160 38  15.01 1.30  0.0    5 95.1 98.6      2197
 2198 2021- 3-26 18:15     - 54 44  160 47  15.00 0.21  0.0    9 19.1 21.2      2198
 2199 2021- 3-26 18:15     - 55  2  161 29  30.49 0.12  0.0    5 13.5  5.1      2199
 2200 2021- 3-26 18:45     - 54 41  160 40  15.00 0.23  0.0   10 20.4 23.2      2200
 2201 2021- 3-26 18:45     - 54 43  160 44  32.93 0.27  0.0    8 18.9 25.7      2201
 *** DISTANCE & RESIDUAL WEIGHTING CANCELLED FOR EVENT: 2021  3 26 19 20
 2202 2021- 3-26 19:20     - 55 24  161 52  15.00 1.16  0.0    4 71.4 41.1      2202
 2203 2021- 3-26 21:46     - 54 39  161 31  18.63 0.30  0.0   15  1.6 27.0      2203
 2204 2021- 3-26 22:11     - 55 16  163  8  60.86 0.29  0.0   10 12.3 16.3      2204
 2205 2021- 3-27  2:37       54 36  161 29  12.81 0.21  0.0    6  4.1  5.7      2205
  SEQ ---DATE--- TIME REMARK -LAT-  --LON-  DEPTH  RMS PMAG  NUM  ERH  ERZ  ID
 2206 2021- 3-27  2:38       54 59  161 52  11.74 0.08  0.0    6  3.2  1.5      2206
 *** DISTANCE & RESIDUAL WEIGHTING CANCELLED FOR EVENT: 2021  3 27  2 47
 2207 2021- 3-27  2:47     - 55 20  161  3  15.00 0.62  0.0    6 12.3 42.5      2207
 2208 2021- 3-27  3:18       55 30  161 50  28.62 0.10  0.0    8  2.5  1.1      2208
 2209 2021- 3-27  3:52     - 55 22  161 35  14.39 0.08  0.0    4 14.0  9.6      2209
 2210 2021- 3-27  6:00     - 54 34  161 18  15.09 0.11  0.0   14  6.3 12.5      2210
 2211 2021- 3-27  8:25     - 55 19  161 41   1.81 0.04  0.0    4  4.5 10.9      2211
 2212 2021- 3-27 10:30     - 55 22  161 50  17.44 0.00  0.0    4 12.2  1.2      2212
 2213 2021- 3-27 12:27     - 55  1  160 52  15.00 0.26  0.0    5 19.9 24.6      2213
 *** DISTANCE & RESIDUAL WEIGHTING CANCELLED FOR EVENT: 2021  3 27 12 50
 2214 2021- 3-27 12:50     # 55 23  161 37  15.00 0.48  0.0    5 20.7 12.1      2214
 2215 2021- 3-27 12:50     - 55 25  161  8  47.07 0.17  0.0    4 15.3  7.7      2215
 2216 2021- 3-27 14:02       55 14  160 42  44.39 0.13  0.0   10  4.2  8.2      2216
 2217 2021- 3-27 14:02       55 13  161 45   9.50 0.03  0.0    5  1.1  1.5      2217
 2218 2021- 3-27 15:30     - 54 42  160 45  15.00 0.23  0.0   11 19.0 22.8      2218
 2219 2021- 3-27 15:30     - 54 44  160 44  35.50 0.27  0.0    9 15.4 19.4      2219
 2220 2021- 3-27 20:08     - 55 46  161 43  16.08 0.08  0.0    4  6.2 12.5      2220
  SEQ ---DATE--- TIME REMARK -LAT-  --LON-  DEPTH  RMS PMAG  NUM  ERH  ERZ  ID
 2221 2021- 3-27 23:39     - 54 56  162 23  13.65 0.08  0.0    4 10.6  8.3      2221
 2222 2021- 3-28  2:05     - 55  0  161 30  20.93 0.17  0.0    7 14.6  4.9      2222
 *** DISTANCE & RESIDUAL WEIGHTING CANCELLED FOR EVENT: 2021  3 28  2  5
 2223 2021- 3-28  2:05     - 54 49  161 15  27.79 0.87  0.0    5 66.5 26.5      2223
 *** DISTANCE & RESIDUAL WEIGHTING CANCELLED FOR EVENT: 2021  3 28  2 34
 2224 2021- 3-28  2:34     # 55 19  162 24  15.00 2.08  0.0    4 23.2 91.2      2224
 *** DISTANCE & RESIDUAL WEIGHTING CANCELLED FOR EVENT: 2021  3 28  3  2
 2225 2021- 3-28  3:01     # 55  5  162 39  15.00 1.40  0.0    4 40.1 68.6      2225
 2226 2021- 3-28  3:51       55 23  161 43  17.59 0.17  0.0    7  2.0  1.5      2226
 2227 2021- 3-28  4:40     - 54 33  161 15  14.97 0.15  0.0   12  7.4 14.7      2227
 2228 2021- 3-28  5:35     - 54 60  161 29  23.47 0.19  0.0    7 16.0  4.4      2228
 2229 2021- 3-28  5:35     - 55 16  161 28   7.30 0.10  0.0    4 10.9  9.7      2229
 2230 2021- 3-28  6:37       55 17  161 45  16.01 0.27  0.0    7  3.4  2.0      2230
 2231 2021- 3-28  7:52     - 54 42  162 25  14.34 0.18  0.0   10 15.7  1.5      2231
 *** DISTANCE & RESIDUAL WEIGHTING CANCELLED FOR EVENT: 2021  3 28  8  0
 2232 2021- 3-28  7:59     - 55 21  162 31  15.32 0.70  0.0    4 19.0 47.9      2232
 2233 2021- 3-28  8:39     - 55 13  161 58  15.06 0.00  0.0    4  7.0  5.6      2233
 2234 2021- 3-28  8:42     - 54 52  160 58  17.44 0.20  0.0    9 18.4 20.4      2234
 2235 2021- 3-28  8:42     - 54 51  161  2  33.14 0.19  0.0    5 16.6 19.4      2235
  SEQ ---DATE--- TIME REMARK -LAT-  --LON-  DEPTH  RMS PMAG  NUM  ERH  ERZ  ID
 2236 2021- 3-28  9:05     - 55 48  162  7   8.41 0.05  0.0    5 11.6  1.1      2236
 2237 2021- 3-28  9:59     - 54 48  163  3  15.10 0.02  0.0    5 10.0  7.5      2237
 2238 2021- 3-28  9:59       54 29  161 32   8.65 0.16  0.0   10 10.4  4.7      2238
 *** DISTANCE & RESIDUAL WEIGHTING CANCELLED FOR EVENT: 2021  3 28 10 46
 2239 2021- 3-28 10:45     - 55 59  160 45  15.28 0.47  0.0    5 40.8 36.6      2239
 2240 2021- 3-28 11:05       55 14  161 29  37.17 0.19  0.0    7  5.9  2.8      2240
 2241 2021- 3-28 11:05     - 55 11  161 11   8.91 0.08  0.0    5  9.2 10.2      2241
 2242 2021- 3-28 14:00     - 55 17  161 34   9.15 0.04  0.0    4 12.4 11.0      2242
 2243 2021- 3-28 14:00     - 54 51  161  8  31.92 0.14  0.0    7 12.7  1.2      2243
 2244 2021- 3-28 15:23     - 54 49  162 17  12.49 0.08  0.0    7 12.0  7.2      2244
 2245 2021- 3-28 15:23     - 54 36  162 23   9.07 0.21  0.0    6 15.2 14.7      2245
 *** DISTANCE & RESIDUAL WEIGHTING CANCELLED FOR EVENT: 2021  3 29  1 42
 2246 2021- 3-29  1:42     - 55 19  161 30   6.63 0.15  0.0    5  2.1 17.5      2246
 2247 2021- 3-29  7:08     - 54 48  160 56  18.29 0.18  0.0    7 17.4 18.7      2247
 2248 2021- 3-29 14:20     - 55  1  161 29  22.12 0.21  0.0    4 18.3  7.4      2248
 2249 2021- 3-29 22:15     - 54 54  161 29  11.06 0.19  0.0    5 15.4 11.3      2249
 2250 2021- 3-29 23:42     - 55 13  163 35  14.66 0.69  0.0    9 26.5 51.3      2250
  SEQ ---DATE--- TIME REMARK -LAT-  --LON-  DEPTH  RMS PMAG  NUM  ERH  ERZ  ID
 2251 2021- 3-29 23:44     - 55 36  162 10  14.87 0.16  0.0    5  5.4 17.8      2251
 2252 2021- 3-29 23:44     - 55 18  161 41  14.13 0.07  0.0    4  9.8  6.4      2252
 2253 2021- 3-29 23:50     - 55  8  162 47  13.19 0.19  0.0    8  6.8 17.8      2253
 2254 2021- 3-30  2:00     - 54 45  161 57  10.06 0.13  0.0    4 10.9 11.4      2254
 2255 2021- 3-30  2:00     - 54 34  161 53   8.06 0.08  0.0    5 10.6 13.8      2255
 2256 2021- 3-30  2:06     - 55 12  161 26   8.04 0.13  0.0    4  5.9 15.3      2256
 2257 2021- 3-30  2:26     - 55  0  161 24  19.85 0.13  0.0    6 14.3  5.0      2257
 2258 2021- 3-30  2:26       55 17  161 29  13.23 0.09  0.0    5  7.7  2.7      2258
 2259 2021- 3-30  3:18     - 54 35  161 13  14.79 0.17  0.0   12  7.8 15.6      2259
 2260 2021- 3-30  3:36       54 31  161 10  27.94 0.11  0.0   12  1.5  0.9      2260
 2261 2021- 3-30  4:31     - 55  9  161 20  13.88 0.17  0.0    5 14.0 13.1      2261
 2262 2021- 3-30  4:31     - 55 11  160 27  15.01 0.19  0.0    5 18.2 18.9      2262
 2263 2021- 3-30  4:38     - 54 25  163  3  15.76 0.22  0.0    6 11.1 19.8      2263
 2264 2021- 3-30  6:26     - 55  1  161 26  10.61 0.09  0.0    4 10.5  9.8      2264
 *** DISTANCE & RESIDUAL WEIGHTING CANCELLED FOR EVENT: 2021  3 30  7 52
 2265 2021- 3-30  7:51     - 55  8  161 18  15.01 0.37  0.0    5 23.9 19.8      2265
 *** DISTANCE & RESIDUAL WEIGHTING CANCELLED FOR EVENT: 2021  3 30  7 52
  SEQ ---DATE--- TIME REMARK -LAT-  --LON-  DEPTH  RMS PMAG  NUM  ERH  ERZ  ID
 2266 2021- 3-30  7:52     - 55  6  161  2  15.14 0.25  0.0    4 19.6  3.1      2266
 2267 2021- 3-30 14:13     - 54 48  160 49  37.07 0.23  0.0    9 15.5 13.2      2267
 2268 2021- 3-30 14:13     - 55 41  162 30  25.08 0.57  0.0    7  6.4 39.8      2268
 2269 2021- 3-30 15:06     - 54 30  162 28   9.23 0.15  0.0    9  4.1 17.0      2269
 2270 2021- 3-30 15:33     - 55  2  161 39  24.40 0.14  0.0    6 12.3  5.1      2270
 2271 2021- 3-30 15:33     - 54 41  160 51  15.38 0.17  0.0    8 14.8 18.8      2271
 2272 2021- 3-30 17:28     - 55  7  161 11  14.98 0.13  0.0    5 13.9 12.9      2272
 2273 2021- 3-30 17:28     - 55  9  161 19  23.64 0.05  0.0    4 12.6  4.4      2273
 2274 2021- 3-30 18:38     - 54 29  163 13  15.59 0.24  0.0    9 10.5 21.3      2274
 *** DISTANCE & RESIDUAL WEIGHTING CANCELLED FOR EVENT: 2021  3 31  0  0
 *** ABANDON EVENT WITH ONLY 3 READINGS:2021  3 30 23 59
 2276 2021- 3-31  1:17     - 55 17  160 41  34.50 0.21  0.0    9 15.0 16.7      2276
 *** DISTANCE & RESIDUAL WEIGHTING CANCELLED FOR EVENT: 2021  3 31  1 17
 2277 2021- 3-31  1:17     - 55 18  161 34  36.61 0.67  0.0    5 34.4 29.4      2277
 *** DISTANCE & RESIDUAL WEIGHTING CANCELLED FOR EVENT: 2021  3 31  1 18
 2278 2021- 3-31  1:17     # 55 30  161 36  30.00 0.13  0.0    5  7.6  4.1      2278
 2279 2021- 3-31  6:11     - 54 40  162 46   6.38 0.33  0.0   12 12.5 27.1      2279
 2280 2021- 3-31  6:42     - 54 38  160 59  14.78 0.26  0.0   15 10.1 20.0      2280
  SEQ ---DATE--- TIME REMARK -LAT-  --LON-  DEPTH  RMS PMAG  NUM  ERH  ERZ  ID
 2281 2021- 3-31  7:44     - 55 11  161 11  14.66 0.07  0.0    4  8.7 12.1      2281
 2282 2021- 4- 1 16:25     - 54 56  161 30  26.87 0.23  0.0    5 18.6  6.1      2282
 2283 2021- 4- 1 16:25     - 54 39  161 28  30.37 0.01  0.0    4 11.5  1.4      2283
 2284 2021- 4- 1 16:58     - 55 13  161 30  22.65 0.05  0.0    5  8.9  3.5      2284
 2285 2021- 4- 1 18:17     - 55  2  161 27  14.75 0.17  0.0    4 14.9 11.2      2285
 2286 2021- 4- 2  0:36     - 54 58  160 44  14.93 0.21  0.0   17  8.4 16.5      2286
 2287 2021- 4- 2  4:26     # 55 21  162 22  16.83 1.02  0.0    9  7.7 42.9      2287
 2288 2021- 4- 2  4:45     - 54 30  161  0  37.68 0.21  0.0   11  2.9 18.8      2288
 2289 2021- 4- 2  4:45     - 54 37  161  6  16.57 0.26  0.0    7 22.3 25.0      2289
 2290 2021- 4- 2  5:07     - 55 26  161 57  32.77 0.06  0.0    4 13.5  1.7      2290
 *** DISTANCE & RESIDUAL WEIGHTING CANCELLED FOR EVENT: 2021  4  2  5 22
 2291 2021- 4- 2  5:22     - 54 59  161 50  22.76 2.79  0.0    4 98.8 29.3      2291
 *** DISTANCE & RESIDUAL WEIGHTING CANCELLED FOR EVENT: 2021  4  2  6  2
 2292 2021- 4- 2  6:02     - 55  4  162 16  14.61 0.88  0.0    5 23.6 54.7      2292
 2293 2021- 4- 2  7:24     - 55 36  161 56   3.89 0.05  0.0    4  5.3  9.2      2293
 2294 2021- 4- 2  9:17     - 54 31  161 38  16.12 0.08  0.0    5  6.3 12.6      2294
 2295 2021- 4- 2 11:51       54 40  162 36  12.92 0.12  0.0    7  3.7  8.4      2295
  SEQ ---DATE--- TIME REMARK -LAT-  --LON-  DEPTH  RMS PMAG  NUM  ERH  ERZ  ID
 2296 2021- 4- 2 12:12     - 55 30  161 38  14.53 0.27  0.0    5 12.5 19.7      2296
 *** DISTANCE & RESIDUAL WEIGHTING CANCELLED FOR EVENT: 2021  4  2 12 51
 2297 2021- 4- 2 12:51     # 54 41  162 39  14.99 0.30  0.0    4 18.4  4.0      2297
 2298 2021- 4- 2 15:04     - 55  7  161 27  12.54 0.18  0.0    5 12.0 12.9      2298
 *** DISTANCE & RESIDUAL WEIGHTING CANCELLED FOR EVENT: 2021  4  2 15  4
 2299 2021- 4- 2 15:04     - 55  6  161 25  12.11 0.44  0.0    5 29.3 16.1      2299
 2300 2021- 4- 2 15:28     - 54 59  162 17   0.08 0.03  0.0    4  9.7 12.7      2300
 *** DISTANCE & RESIDUAL WEIGHTING CANCELLED FOR EVENT: 2021  4  2 15 28
 2301 2021- 4- 2 15:28     - 54 48  162 39   7.72 0.57  0.0    4 36.1 33.3      2301
 2302 2021- 4- 2 19:13     - 55 12  161 27   8.36 0.14  0.0    4 16.4 14.7      2302
 *** DISTANCE & RESIDUAL WEIGHTING CANCELLED FOR EVENT: 2021  4  2 19 14
 2303 2021- 4- 2 19:13     - 54 53  160 56  15.04 0.67  0.0    4 52.7 55.6      2303
 2304 2021- 4- 2 23:59     - 55 21  162 10  45.91 0.19  0.0    4  5.8 17.1      2304
 *** DISTANCE & RESIDUAL WEIGHTING CANCELLED FOR EVENT: 2021  4  3  2 54
 2305 2021- 4- 3  2:54     # 55 11  161 32  14.99 0.64  0.0    4 24.8 15.5      2305
 2306 2021- 4- 3  2:57     - 54 37  160 51  15.00 0.20  0.0   10 17.5 20.7      2306
 2307 2021- 4- 3  2:57     - 54 44  161 13  24.40 0.20  0.0    7 15.6  7.6      2307
 2308 2021- 4- 3  3:40     - 55 10  161 31  10.08 0.10  0.0    4  3.0 10.9      2308
 2309 2021- 4- 3  5:46     - 54 37  160 54  15.00 0.20  0.0   11 17.2 21.0      2309
 2310 2021- 4- 3  5:46     - 54 33  161  1  33.58 0.43  0.0   10 29.8 37.9      2310
  SEQ ---DATE--- TIME REMARK -LAT-  --LON-  DEPTH  RMS PMAG  NUM  ERH  ERZ  ID
 2311 2021- 4- 3  5:56     - 54 39  160 50  15.00 0.19  0.0   11 16.5 20.3      2311
 2312 2021- 4- 3  5:56     - 54 47  161 10  16.21 0.14  0.0    7  9.3 17.0      2312
 2313 2021- 4- 3  6:10     - 55 14  162 55  21.98 0.30  0.0    5  5.0 27.0      2313
 2314 2021- 4- 3  6:34     - 55 32  161 50   0.24 0.07  0.0    4  9.3 11.6      2314
 2315 2021- 4- 3  7:33     - 55  5  161 48  46.96 0.02  0.0    4  8.8  7.2      2315
 2316 2021- 4- 3  7:44     - 55 17  161 56  12.40 0.01  0.0    4  9.9  7.5      2316
 2317 2021- 4- 3  7:59     - 55 10  161 57  15.00 0.14  0.0    4  3.6 12.7      2317
 2318 2021- 4- 3  9:15       55 23  161 45   8.48 0.16  0.0    6  1.7  1.9      2318
 2319 2021- 4- 3 10:17     - 55 13  161 29   7.98 0.09  0.0    5 13.3 12.7      2319
 *** DISTANCE & RESIDUAL WEIGHTING CANCELLED FOR EVENT: 2021  4  3 10 17
 2320 2021- 4- 3 10:17     - 55 19  161 35  11.29 0.57  0.0    4 41.7 11.1      2320
 *** DISTANCE & RESIDUAL WEIGHTING CANCELLED FOR EVENT: 2021  4  3 11 57
 2321 2021- 4- 3 11:57     - 54 58  161 34  19.35 0.17  0.0    4 16.5  8.7      2321
 2322 2021- 4- 3 12:42     - 54 44  161 47  30.97 0.09  0.0    6  9.1  4.9      2322
 2323 2021- 4- 3 12:42     # 54 35  161 37  11.93 0.27  0.0    8 14.7  3.4      2323
 *** DISTANCE & RESIDUAL WEIGHTING CANCELLED FOR EVENT: 2021  4  3 13  9
 2324 2021- 4- 3 13:09     - 55 25  161 45  16.35 0.59  0.0    4 51.1  2.5      2324
 2325 2021- 4- 3 14:58     - 54 36  160 55  16.28 0.15  0.0   12  7.5 15.3      2325
  SEQ ---DATE--- TIME REMARK -LAT-  --LON-  DEPTH  RMS PMAG  NUM  ERH  ERZ  ID
 2326 2021- 4- 3 15:41     - 55  3  161 27  12.32 0.08  0.0    5 10.8  9.1      2326
 2327 2021- 4- 3 16:10     - 54 46  160 24  14.98 0.07  0.0    5  6.1 12.3      2327
 2328 2021- 4- 3 16:54       54 52  162 22  16.13 0.06  0.0    9  3.8  2.0      2328
 2329 2021- 4- 3 16:54     - 54 51  161 44   6.66 0.03  0.0    4 11.7 12.2      2329
 2330 2021- 4- 3 17:03     - 54 27  161 37  14.87 0.01  0.0    4  5.6 11.2      2330
 2331 2021- 4- 3 18:04     - 55  1  161 19  31.69 0.25  0.0    8 18.5  7.8      2331
 2332 2021- 4- 3 18:04     - 54 59  161 25  32.01 0.20  0.0    4 18.5  6.5      2332
 2333 2021- 4- 3 18:53     - 55  5  161 58  62.46 0.15  0.0    6  5.1 14.7      2333
 2334 2021- 4- 3 19:01       54 30  162 60  14.79 0.14  0.0    8  7.0  1.9      2334
 2335 2021- 4- 4  2:00     - 55 21  162  4  31.44 0.24  0.0    4  7.4 20.9      2335
 2336 2021- 4- 4  4:30     - 55  2  161 24  29.95 0.21  0.0    8 17.1  5.3      2336
 2337 2021- 4- 4  4:30     - 54 49  160 57  12.94 0.17  0.0    7 12.7  2.5      2337
 *** DISTANCE & RESIDUAL WEIGHTING CANCELLED FOR EVENT: 2021  4  4  4 59
 2338 2021- 4- 4  4:59     # 55 10  161 50   9.39 0.37  0.0    4  3.6  5.6      2338
 2339 2021- 4- 4  5:28     - 54 28  163  7  14.89 0.39  0.0    4 20.5 31.4      2339
 2340 2021- 4- 4  6:07     - 54 59  162 23  13.78 0.03  0.0    4  6.6  7.5      2340
  SEQ ---DATE--- TIME REMARK -LAT-  --LON-  DEPTH  RMS PMAG  NUM  ERH  ERZ  ID
 2341 2021- 4- 4  7:15     - 54 55  162 14  15.57 0.12  0.0    5  8.1 12.0      2341
 *** DISTANCE & RESIDUAL WEIGHTING CANCELLED FOR EVENT: 2021  4  4  7 16
 2342 2021- 4- 4  7:16     - 55 29  162 27  14.88 0.94  0.0    4 11.9 67.2      2342
 2343 2021- 4- 4  7:41     - 54 55  161  6  22.58 0.26  0.0    4 21.4 20.3      2343
 *** DISTANCE & RESIDUAL WEIGHTING CANCELLED FOR EVENT: 2021  4  4  7 41
 2344 2021- 4- 4  7:41     - 55  1  161 35  45.67 0.78  0.0    6 40.8 28.3      2344
 2345 2021- 4- 4  8:56     - 55  8  161  4  16.68 0.06  0.0    4 12.8 13.0      2345
 2346 2021- 4- 4  8:56     - 54 50  161 18  15.45 0.17  0.0    5 17.0  2.3      2346
 2347 2021- 4- 4  9:04     - 54 42  160 50  36.66 0.25  0.0   10 16.7 18.9      2347
 2348 2021- 4- 4  9:04     - 54 37  160 48  21.05 0.17  0.0    8 13.4  3.6      2348
 2349 2021- 4- 4 12:21     - 55  3  161 22  17.51 0.18  0.0    5 15.3 10.4      2349
 2350 2021- 4- 4 12:22     - 54 51  161 10  34.80 0.22  0.0    5 14.5 12.6      2350
 2351 2021- 4- 4 12:39     # 55 41  161 45  47.07 0.27  0.0    8  7.4  5.5      2351
 2352 2021- 4- 4 12:39     # 55 38  162 10  49.62 1.73  0.0    7 21.0 51.9      2352
 2353 2021- 4- 4 12:47     - 54 49  163  3  14.47 0.11  0.0    5 14.8  2.3      2353
 2354 2021- 4- 4 12:47     - 54 50  162 48  12.83 0.22  0.0    4 21.1  3.1      2354
 2355 2021- 4- 4 14:44       55 20  161 16  36.63 0.12  0.0    6  3.8  3.0      2355
 *** DISTANCE & RESIDUAL WEIGHTING CANCELLED FOR EVENT: 2021  4  4 14 45
  SEQ ---DATE--- TIME REMARK -LAT-  --LON-  DEPTH  RMS PMAG  NUM  ERH  ERZ  ID
 2356 2021- 4- 4 14:45     # 54 59  162 12  15.0010.82  0.0    5 64.0 76.3      2356
 2357 2021- 4- 4 15:59     - 55 22  162 19  17.96 0.14  0.0    4  3.4 14.4      2357
 2358 2021- 4- 4 16:25     - 54 35  161  1  15.41 0.18  0.0    5  8.5 17.2      2358
 2359 2021- 4- 4 16:51     - 54 56  162 26  11.59 0.03  0.0    4 10.3  6.4      2359
 *** DISTANCE & RESIDUAL WEIGHTING CANCELLED FOR EVENT: 2021  4  4 16 51
 2360 2021- 4- 4 16:51     # 54 56  162 32  14.98 1.01  0.0    7 15.0  4.4      2360
 2361 2021- 4- 4 17:43     # 55 23  162 29  15.17 0.93  0.0    8  7.4 50.5      2361
 2362 2021- 4- 4 18:22     - 54 26  162  9  15.82 0.41  0.0    9 15.6 32.2      2362
 2363 2021- 4- 4 18:22     - 54 58  162 49  15.01 0.39  0.0    4 29.5 34.6      2363
 2364 2021- 4- 4 19:45     - 54 54  161 17  14.96 0.19  0.0    6 17.6  3.2      2364
 2365 2021- 4- 4 19:45       55  7  161 42   5.15 0.02  0.0    5  2.6  1.3      2365
 2366 2021- 4- 4 21:17     - 55 12  161 30   8.23 0.10  0.0    4 14.2 12.3      2366
 2367 2021- 4- 4 21:48     - 55  5  161 11  29.11 0.21  0.0    9 15.5  6.2      2367
 2368 2021- 4- 4 21:48     - 54 57  160 44  15.05 0.21  0.0    9 13.4 21.4      2368
 2369 2021- 4- 4 22:23       54 27  161  3  11.10 0.13  0.0   11  4.4  2.2      2369
 2370 2021- 4- 4 22:24     - 54 45  161 18  10.66 0.23  0.0    7 15.8  2.4      2370
  SEQ ---DATE--- TIME REMARK -LAT-  --LON-  DEPTH  RMS PMAG  NUM  ERH  ERZ  ID
 2371 2021- 4- 4 22:55     - 54 30  161 26  15.02 0.34  0.0   15 12.6 24.5      2371
 2372 2021- 4- 4 23:59     - 55 14  162  4  49.94 0.05  0.0    4  2.4  9.7      2372
 2373 2021- 4- 5  0:16     - 55 12  160 50  14.82 0.13  0.0    4  9.0  9.1      2373
 2374 2021- 4- 5  2:02     - 54 48  162 20  18.82 0.12  0.0    9 13.4  7.4      2374
 *** DISTANCE & RESIDUAL WEIGHTING CANCELLED FOR EVENT: 2021  4  5  2  2
 2375 2021- 4- 5  2:02     - 55 29  162  5  36.56 1.45  0.0    4 98.8 75.7      2375
 2376 2021- 4- 5  6:59     - 54 60  161 20  15.00 0.24  0.0    4 19.4 16.2      2376
 2377 2021- 4- 5 20:51     - 54 40  162 13   8.36 0.09  0.0    5 10.0 11.6      2377
 2378 2021- 4- 5 20:54     - 54 55  162 29  10.91 0.06  0.0    7 11.7  4.9      2378
 2379 2021- 4- 5 20:54     - 54 51  162 36  14.75 0.13  0.0    4 14.7  5.0      2379
 2380 2021- 4- 5 21:21     - 54 39  161 10  13.47 0.13  0.0   10 14.2  2.2      2380
 2381 2021- 4- 5 21:22       55 14  162 14  15.37 0.02  0.0    5  1.8  3.4      2381
 2382 2021- 4- 5 21:32     # 55  1  162 11  55.99 0.44  0.0    5 19.2 10.3      2382
 2383 2021- 4- 5 21:45     - 55  1  161 41   6.29 0.07  0.0    4  8.6 13.8      2383
 2384 2021- 4- 5 21:46       55 20  161 49  14.80 0.04  0.0    5  1.3  1.8      2384
 2385 2021- 4- 5 21:53     - 55  6  161 23  14.90 0.17  0.0    4 13.6 11.4      2385
 *** DISTANCE & RESIDUAL WEIGHTING CANCELLED FOR EVENT: 2021  4  5 22 30
  SEQ ---DATE--- TIME REMARK -LAT-  --LON-  DEPTH  RMS PMAG  NUM  ERH  ERZ  ID
 2386 2021- 4- 5 22:30     # 54 35  161 55  15.00 0.71  0.0    5 21.2 16.3      2386
 2387 2021- 4- 5 23:06       55 33  161 26  12.99 0.14  0.0    6  3.4  8.7      2387
 2388 2021- 4- 5 23:15     - 54 48  161 22  10.05 0.20  0.0    7 13.7 17.7      2388
 2389 2021- 4- 5 23:15     - 54 40  161 10  11.27 0.06  0.0    6  9.2  2.1      2389
 2390 2021- 4- 5 23:38     - 54 57  161 31  27.26 0.23  0.0    6 18.4  6.9      2390
 *** DISTANCE & RESIDUAL WEIGHTING CANCELLED FOR EVENT: 2021  4  6  0  0
 2391 2021- 4- 5 23:59     - 55 25  161 48  21.14 1.26  0.0    4 97.3 18.0      2391
 2392 2021- 4- 6  2:26     - 54 58  163 34  34.49 0.63  0.0   13  6.6 52.9      2392
 2393 2021- 4- 6  2:29     - 54 27  161 52  18.72 0.18  0.0   13  1.6 18.3      2393
 2394 2021- 4- 6  3:08     - 54 26  161 34  14.50 0.13  0.0    5  7.1 14.6      2394
 *** DISTANCE & RESIDUAL WEIGHTING CANCELLED FOR EVENT: 2021  4  6  5 48
 2395 2021- 4- 6  5:48     - 55  7  161 23  15.00 0.32  0.0    4 25.2 17.4      2395
 2396 2021- 4- 6  5:51       55 33  161 35  11.69 0.22  0.0   14  1.3  4.3      2396
 2397 2021- 4- 6  6:40     - 55  3  161 15  14.94 0.14  0.0    6 13.7 11.5      2397
 2398 2021- 4- 6  6:42     - 55 10  161  4  15.08 0.16  0.0    7 14.1 14.9      2398
 2399 2021- 4- 6  6:42     - 54 60  160 29  15.01 0.29  0.0    9 20.7 27.0      2399
 2400 2021- 4- 6  8:44     - 54 58  162 30  28.96 0.01  0.0    4  8.2  8.8      2400
  SEQ ---DATE--- TIME REMARK -LAT-  --LON-  DEPTH  RMS PMAG  NUM  ERH  ERZ  ID
 2401 2021- 4- 6  9:04     - 54 59  162 33  13.47 0.07  0.0    5  9.8  6.1      2401
 2402 2021- 4- 6 10:53     - 54 57  161 32  26.70 0.08  0.0    7 12.7  3.6      2402
 2403 2021- 4- 6 10:54     - 55  5  161 11  14.44 0.04  0.0    4 10.5  4.0      2403
 2404 2021- 4- 6 12:00       55 19  161 51  26.82 0.00  0.0    4  4.0  2.5      2404
 2405 2021- 4- 6 12:22     - 54 56  161 33  23.70 0.11  0.0    7 13.5  4.1      2405
 2406 2021- 4- 6 12:22       54 57  161 40  22.79 0.20  0.0    6  7.8  2.5      2406
 2407 2021- 4- 6 13:05     - 55 11  161 26   7.15 0.10  0.0    5 12.3 12.7      2407
 2408 2021- 4- 6 13:05     - 54 50  161  6  34.08 0.13  0.0    5 15.0 15.0      2408
 2409 2021- 4- 6 13:12     - 55  9  161 25  18.09 0.02  0.0    4 12.3  6.5      2409
 *** DISTANCE & RESIDUAL WEIGHTING CANCELLED FOR EVENT: 2021  4  6 13 13
 2410 2021- 4- 6 13:13     # 55 15  162 10  14.99 0.36  0.0    4 11.3  9.4      2410
 2411 2021- 4- 6 13:25     - 54 51  161  4  15.00 0.17  0.0    5 17.6 18.7      2411
 *** DISTANCE & RESIDUAL WEIGHTING CANCELLED FOR EVENT: 2021  4  6 13 25
 2412 2021- 4- 6 13:25     # 55 18  162  5  15.00 0.98  0.0    4 17.3  7.3      2412
 2413 2021- 4- 6 16:08       55 18  161 25  17.66 0.05  0.0    5  2.0  5.3      2413
 2414 2021- 4- 6 16:08     - 55  3  161  6  17.30 0.02  0.0    4  9.6 11.7      2414
 2415 2021- 4- 6 17:03     - 55 19  162 37  77.83 0.22  0.0    8  7.2 17.3      2415
  SEQ ---DATE--- TIME REMARK -LAT-  --LON-  DEPTH  RMS PMAG  NUM  ERH  ERZ  ID
 2416 2021- 4- 6 17:23     - 54 45  160 58  15.00 0.19  0.0    7 19.1 20.3      2416
 2417 2021- 4- 6 17:23     - 55 17  162 12   6.67 0.03  0.0    4  1.4 12.2      2417
 2418 2021- 4- 6 17:54     - 54 55  161 13  35.75 0.18  0.0    7 17.7  7.6      2418
 2419 2021- 4- 6 17:54       55 14  162  7  22.80 0.00  0.0    4  2.6  4.9      2419
 2420 2021- 4- 6 20:05     - 54 33  162  4  11.42 0.11  0.0    5  2.7 14.3      2420
 2421 2021- 4- 6 20:22     - 55 21  161 45   2.78 0.08  0.0    4  7.5  8.8      2421
 2422 2021- 4- 6 20:22     - 55 28  161 18  28.38 0.14  0.0    5 14.0  8.1      2422
 2423 2021- 4- 6 20:30     - 54 44  160 40  15.00 0.22  0.0   11 18.7 22.2      2423
 2424 2021- 4- 6 20:30     - 54 48  161  4  33.18 0.20  0.0    8 11.9 20.3      2424
 2425 2021- 4- 6 22:55     - 54 15  162  9  17.86 0.41  0.0    4 10.9 36.6      2425
 2426 2021- 4- 6 23:59     - 55 19  162 32  15.09 0.20  0.0    4  5.7 19.5      2426
 2427 2021- 4- 7  0:08     - 54 59  161 25  15.03 0.18  0.0    5  8.1 13.6      2427
 2428 2021- 4- 7  0:19     - 54 44  160 55  15.00 0.18  0.0   10 17.0 19.2      2428
 2429 2021- 4- 7  0:19     - 55 14  161 22  17.02 0.05  0.0    6 11.3  3.2      2429
 2430 2021- 4- 7  0:23       55 15  161 21  16.16 0.06  0.0    7  6.9  2.2      2430
 *** DISTANCE & RESIDUAL WEIGHTING CANCELLED FOR EVENT: 2021  4  7  0 23
  SEQ ---DATE--- TIME REMARK -LAT-  --LON-  DEPTH  RMS PMAG  NUM  ERH  ERZ  ID
 2431 2021- 4- 7  0:23     - 55 33  161 21  14.99 0.89  0.0    4 19.0 65.8      2431
 2432 2021- 4- 7  0:35     - 55 12  161 30  12.86 0.19  0.0    4 19.3 12.1      2432
 *** DISTANCE & RESIDUAL WEIGHTING CANCELLED FOR EVENT: 2021  4  7  1  3
 2433 2021- 4- 7  1:03     - 55 39  161 11  15.00 0.37  0.0    5 25.2 32.4      2433
 2434 2021- 4- 7  3:03       55 17  161 51  19.71 0.06  0.0    6  2.9  1.0      2434
 2435 2021- 4- 7  3:37     - 54 36  160 53  15.00 0.21  0.0   10 18.3 21.2      2435
 2436 2021- 4- 7  3:37     - 54 36  161  3  33.71 0.45  0.0    9 29.7 39.1      2436
 2437 2021- 4- 7  5:21     - 54 56  162 48  33.40 0.08  0.0    7 11.3  2.9      2437
 2438 2021- 4- 7  5:23     - 55  7  162 20  40.16 0.03  0.0    5  6.1 10.9      2438
 2439 2021- 4- 7  6:10     - 54 53  160 44  14.49 0.25  0.0    9  9.6 19.1      2439
 2440 2021- 4- 7  6:28     - 55 31  161 27   7.09 0.17  0.0   11  1.1 15.8      2440
 2441 2021- 4- 7  6:37     - 55  9  161 21  14.12 0.06  0.0    4  9.9 13.0      2441
 2442 2021- 4- 7  7:59     - 55 20  162 15  51.92 0.08  0.0    5  4.9 12.5      2442
 2443 2021- 4- 7  8:43     - 55 36  161 36   7.25 0.16  0.0    8  1.4 15.4      2443
 2444 2021- 4- 7 11:28     - 54 43  160 49  15.00 0.19  0.0    9 17.3 20.4      2444
 2445 2021- 4- 7 12:19     - 54 39  161 27  14.70 0.18  0.0    9 14.2  2.0      2445
  SEQ ---DATE--- TIME REMARK -LAT-  --LON-  DEPTH  RMS PMAG  NUM  ERH  ERZ  ID
 2446 2021- 4- 7 12:19     - 54 32  161 14   8.77 0.17  0.0    8 12.8 18.3      2446
 2447 2021- 4- 7 13:36     - 55 27  160 43  12.06 0.15  0.0    7  4.1 17.2      2447
 2448 2021- 4- 7 13:36     - 55 14  161  1  12.09 0.12  0.0    4  3.0 15.8      2448
 2449 2021- 4- 7 14:31     - 54 34  161 18  15.00 0.14  0.0   11  6.8 13.5      2449
 2450 2021- 4- 7 15:04     - 54 48  162 35  54.76 0.05  0.0    4 13.2  1.3      2450
 *** DISTANCE & RESIDUAL WEIGHTING CANCELLED FOR EVENT: 2021  4  7 16  0
 2451 2021- 4- 7 15:59     - 55 17  162 10  15.00 0.74  0.0    4 59.9 23.5      2451
 *** DISTANCE & RESIDUAL WEIGHTING CANCELLED FOR EVENT: 2021  4  7 19 33
 2452 2021- 4- 7 19:33     # 55  1  162 30   5.65 0.72  0.0   10  7.1  2.5      2452
 2453 2021- 4- 7 19:54     - 55  0  161 24  14.83 0.11  0.0    4 12.8 10.0      2453
 2454 2021- 4- 7 19:54     - 55  5  161 44   0.01 0.03  0.0    4  1.3 12.1      2454
 2455 2021- 4- 7 21:33     - 54 22  161  5  15.00 0.18  0.0    5 18.7 19.1      2455
 *** DISTANCE & RESIDUAL WEIGHTING CANCELLED FOR EVENT: 2021  4  7 21 34
 2456 2021- 4- 7 21:34     # 55  9  162  1  13.01 0.47  0.0    5  4.8  5.6      2456
 2457 2021- 4- 7 23:59     - 55  7  161 37   8.99 0.08  0.0    5  4.8 11.6      2457
 2458 2021- 4- 7 23:59     - 55 19  162  3  15.00 0.05  0.0    4  1.3 12.7      2458
 2459 2021- 4- 8  0:08     - 55  4  162 18  59.67 0.02  0.0    4 12.5  1.7      2459
 2460 2021- 4- 8  6:13     - 54 43  160 46  15.00 0.20  0.0   10 17.3 20.8      2460
  SEQ ---DATE--- TIME REMARK -LAT-  --LON-  DEPTH  RMS PMAG  NUM  ERH  ERZ  ID
 2461 2021- 4- 8  6:13     - 54 36  160 31  15.58 0.19  0.0    8 13.9  8.9      2461
 2462 2021- 4- 8  6:34     - 55  5  161 50  12.95 0.21  0.0    5 13.8  8.6      2462
 *** DISTANCE & RESIDUAL WEIGHTING CANCELLED FOR EVENT: 2021  4  8  6 34
 2463 2021- 4- 8  6:34     - 55 46  162 46  15.00 0.46  0.0    5 33.2 40.1      2463
 2464 2021- 4- 8  6:34     - 55  6  161 48  14.02 0.07  0.0    5  8.8  4.4      2464
 2465 2021- 4- 8  7:03     - 54 55  161  4  38.95 0.17  0.0    8 16.6  9.0      2465
 2466 2021- 4- 8  7:03     - 54 42  160 46  15.02 0.15  0.0    5 15.7 17.6      2466
 2467 2021- 4- 8  7:58     - 55 38  161 13   7.61 0.27  0.0    4 25.4 25.3      2467
 2468 2021- 4- 8  8:22     - 55 14  161 24   7.12 0.09  0.0    4  3.5 14.1      2468
 2469 2021- 4- 8  8:25     - 54 58  161 34  21.98 0.14  0.0    6 15.1  3.8      2469
 2470 2021- 4- 8  8:26     - 55 22  161 46   0.14 0.10  0.0    4  4.1 12.0      2470
 2471 2021- 4- 8 10:34     - 55 14  161 25  15.88 0.07  0.0    4  6.2 11.9      2471
 2472 2021- 4- 8 12:52     - 54 30  163 19  14.97 0.05  0.0    5  6.8 11.8      2472
 2473 2021- 4- 8 12:52       55 16  162  3  11.78 0.00  0.0    4  1.8  4.5      2473
 *** DISTANCE & RESIDUAL WEIGHTING CANCELLED FOR EVENT: 2021  4  8 12 53
 2474 2021- 4- 8 12:52     - 55  4  162 12  13.52 0.41  0.0    4 20.7 16.8      2474
 *** DISTANCE & RESIDUAL WEIGHTING CANCELLED FOR EVENT: 2021  4  8 17 12
 2475 2021- 4- 8 17:12     - 55 25  161 41  14.56 0.02  0.0    4  8.3  5.4      2475
  SEQ ---DATE--- TIME REMARK -LAT-  --LON-  DEPTH  RMS PMAG  NUM  ERH  ERZ  ID
 2476 2021- 4- 8 17:12       55 23  162  4  35.66 0.14  0.0    5  4.2  7.7      2476
 2477 2021- 4- 8 21:11     - 55  8  160 20  14.76 0.11  0.0    7  6.7 13.6      2477
 2478 2021- 4- 8 21:11     - 55 30  160 40  17.86 0.16  0.0    6  6.1 18.0      2478
 2479 2021- 4- 8 23:59     - 54 60  161 26  24.64 0.25  0.0    8 16.9  7.3      2479
 2480 2021- 4- 8 23:59     - 55 19  162 40  17.26 0.35  0.0    6  4.9 31.3      2480
 2481 2021- 4- 9  2:57     - 55  3  163 24  26.18 0.71  0.0    7 11.2 44.9      2481
 2482 2021- 4- 9  5:37     - 55 16  162  0   0.01 0.47  0.0    4 41.1 29.2      2482
 *** DISTANCE & RESIDUAL WEIGHTING CANCELLED FOR EVENT: 2021  4  9  5 44
 2483 2021- 4- 9  5:44     - 55  8  161 50  15.00 1.81  0.0    4 99.0 25.7      2483
 2484 2021- 4- 9  7:09       54 34  161 25  13.32 0.17  0.0   16  1.3  1.2      2484
 *** DISTANCE & RESIDUAL WEIGHTING CANCELLED FOR EVENT: 2021  4  9  7  9
 2485 2021- 4- 9  7:09     - 55  7  161 60  13.40 0.41  0.0    4 27.5 21.9      2485
 2486 2021- 4- 9  7:48     - 55 14  161 52   0.12 1.09  0.0    4 92.1 67.1      2486
 2487 2021- 4- 9  7:59     - 55  2  163 44  13.29 0.11  0.0    4  7.0 13.7      2487
 2488 2021- 4- 9  9:12     - 55 40  162  3   0.17 0.19  0.0    4 20.0 15.4      2488
 2489 2021- 4- 9 10:49     - 54 29  161 31  15.00 0.16  0.0    7 16.0 18.4      2489
 2490 2021- 4- 9 10:50     - 54 59  161 34  15.31 0.02  0.0    4 12.1  1.0      2490
  SEQ ---DATE--- TIME REMARK -LAT-  --LON-  DEPTH  RMS PMAG  NUM  ERH  ERZ  ID
 2491 2021- 4- 9 10:54       54 27  161 45  14.35 0.16  0.0    7  3.6  2.4      2491
 2492 2021- 4- 9 10:54     - 54 32  161 56  14.64 0.02  0.0    4 11.5  4.1      2492
 2493 2021- 4- 9 12:25       54 23  161 30  12.37 0.17  0.0   11  3.7  3.9      2493
 2494 2021- 4- 9 12:48     - 54 43  162 36   8.80 0.08  0.0    5 14.1 10.4      2494
 2495 2021- 4- 9 12:48     - 54 42  162 24  15.15 0.10  0.0    4 13.7 10.8      2495
 2496 2021- 4- 9 13:04     - 54 47  160 56  32.94 0.24  0.0    8 21.2 23.5      2496
 2497 2021- 4- 9 13:05     - 54 46  160 52  15.00 0.24  0.0    7 19.7 23.3      2497
 2498 2021- 4- 9 15:14     - 54 48  161  5  33.65 0.25  0.0    9 19.6 21.8      2498
 2499 2021- 4- 9 15:14     - 55 12  161 13  15.50 0.10  0.0    5 11.0  1.5      2499
 2500 2021- 4- 9 17:31       54 34  162 37  16.48 0.07  0.0    8  2.0  1.2      2500
 2501 2021- 4- 9 17:37     - 55 44  160 23  15.56 0.21  0.0   11  9.4 19.2      2501
 2502 2021- 4- 9 18:15     - 55 13  161 32   7.75 0.12  0.0    5 14.2 13.3      2502
 *** DISTANCE & RESIDUAL WEIGHTING CANCELLED FOR EVENT: 2021  4  9 18 15
 2503 2021- 4- 9 18:15     - 54 57  160 48  15.00 0.96  0.0    4 74.0 77.9      2503
 2504 2021- 4- 9 19:26     - 55 10  161 22  13.50 0.11  0.0    4 14.8 10.7      2504
 2505 2021- 4- 9 21:15     - 54 52  163  5  16.95 0.18  0.0    7  8.1 16.9      2505
  SEQ ---DATE--- TIME REMARK -LAT-  --LON-  DEPTH  RMS PMAG  NUM  ERH  ERZ  ID
 2506 2021- 4- 9 23:19     - 54 48  161  0  32.97 0.21  0.0   10 16.8 21.8      2506
 2507 2021- 4- 9 23:19     - 54 43  160 43  34.23 0.49  0.0    9 31.0 39.8      2507
 2508 2021- 4-10  1:09     - 54 54  161  7  31.81 0.21  0.0    8 19.2  2.1      2508
 2509 2021- 4-10  1:09     - 54 41  160 34  15.05 0.19  0.0    5 18.3 19.5      2509
 *** DISTANCE & RESIDUAL WEIGHTING CANCELLED FOR EVENT: 2021  4 10  3 21
 2510 2021- 4-10  3:21     - 55  3  161 42  14.97 0.18  0.0    4 14.7  7.2      2510
 2511 2021- 4-10  5:02     - 55 19  163  2  30.25 0.29  0.0    4  7.9 24.9      2511
 2512 2021- 4-10  7:01     - 54 23  161 48  18.89 0.18  0.0   10  1.7 19.5      2512
 2513 2021- 4-10  7:13     - 55 12  162 20  15.11 0.20  0.0    5  2.9 19.4      2513
 *** DISTANCE & RESIDUAL WEIGHTING CANCELLED FOR EVENT: 2021  4 10  9 21
 2514 2021- 4-10  9:21     - 55  3  162 11  40.86 0.51  0.0    4 40.4 29.5      2514
 2515 2021- 4-10  9:36     - 54 38  160 42  15.01 0.15  0.0   10  7.7 15.4      2515
 2516 2021- 4-10  9:41     # 55  7  162 21  42.96 0.17  0.0    6  5.7 11.1      2516
 2517 2021- 4-10 12:37     - 54 35  161 17  15.00 0.15  0.0   15  7.0 14.0      2517
 2518 2021- 4-10 12:56     - 54 25  162 34  17.15 0.27  0.0   12  3.5 26.1      2518
 2519 2021- 4-10 13:26     - 55  6  161  5  11.17 0.14  0.0    4 15.6 16.6      2519
 2520 2021- 4-10 13:26     - 55  3  161  4  32.62 0.15  0.0    5 13.4  1.1      2520
  SEQ ---DATE--- TIME REMARK -LAT-  --LON-  DEPTH  RMS PMAG  NUM  ERH  ERZ  ID
 2521 2021- 4-10 13:42     - 55  9  161 13  15.00 0.13  0.0    4 13.2 13.5      2521
 *** DISTANCE & RESIDUAL WEIGHTING CANCELLED FOR EVENT: 2021  4 10 13 42
 2522 2021- 4-10 13:42     - 55  2  160 48  15.04 0.42  0.0    4 33.0 36.6      2522
 *** DISTANCE & RESIDUAL WEIGHTING CANCELLED FOR EVENT: 2021  4 10 14 10
 2523 2021- 4-10 14:10     # 55 19  161 43  15.00 0.92  0.0    4 35.2 31.6      2523
 2524 2021- 4-10 16:54     - 54 57  163 26  24.21 0.62  0.0    8 11.4 46.1      2524
 *** DISTANCE & RESIDUAL WEIGHTING CANCELLED FOR EVENT: 2021  4 10 18 25
 2525 2021- 4-10 18:25     - 55 22  161 49   0.27 0.04  0.0    4  1.0 10.5      2525
 2526 2021- 4-10 19:21     - 54 22  161 41  15.59 0.20  0.0    5  9.2 18.7      2526
 2527 2021- 4-10 21:17       55 14  161 51  12.27 0.05  0.0    5  3.2  1.5      2527
 2528 2021- 4-10 21:17     - 54 56  163 17  22.96 0.17  0.0    5  3.9 18.2      2528
 2529 2021- 4-10 21:17     # 55 19  161 41  18.44 1.73  0.0    8 19.5 34.0      2529
 2530 2021- 4-10 22:27     - 54 60  161 43  19.21 0.10  0.0    4 11.2  6.1      2530
 2531 2021- 4-11  5:00     - 54 57  162 39  16.01 0.05  0.0    7  8.7  3.2      2531
 2532 2021- 4-11  5:00     - 54 55  162 38  12.86 0.19  0.0    5 15.8  6.3      2532
 2533 2021- 4-11  7:11     - 54 41  160 57  15.00 0.21  0.0    9 17.5 21.3      2533
 2534 2021- 4-11  7:11     - 54 54  161 42  15.00 0.89  0.0    5 31.1 31.6      2534
 2535 2021- 4-11  7:18     - 55 21  161 25   7.59 0.32  0.0    4 20.5 24.7      2535
 *** DISTANCE & RESIDUAL WEIGHTING CANCELLED FOR EVENT: 2021  4 11  7 41
  SEQ ---DATE--- TIME REMARK -LAT-  --LON-  DEPTH  RMS PMAG  NUM  ERH  ERZ  ID
 2536 2021- 4-11  7:41     - 55 15  161  1  15.01 0.35  0.0    5 27.1  9.0      2536
 *** DISTANCE & RESIDUAL WEIGHTING CANCELLED FOR EVENT: 2021  4 11 18  0
 2537 2021- 4-11 18:00     - 54 57  161 31  27.92 0.16  0.0    5 16.5  8.5      2537
 2538 2021- 4-11 18:00     - 54 45  160 50  36.80 0.45  0.0    6 35.4 28.9      2538
 2539 2021- 4-11 21:27     - 54 47  161  9  34.32 0.21  0.0    9 17.4 13.9      2539
 2540 2021- 4-11 21:28     - 54 58  161 24  20.75 0.31  0.0    5 23.6  6.6      2540
 2541 2021- 4-12  0:21     - 54 36  161 16  15.08 0.10  0.0   15  5.9 11.9      2541
 *** DISTANCE & RESIDUAL WEIGHTING CANCELLED FOR EVENT: 2021  4 12  1 11
 2542 2021- 4-12  1:11     - 54 26  161 38  15.00 0.50  0.0    4 42.1 39.1      2542
 2543 2021- 4-12  2:18     - 54 28  161 49  18.68 0.22  0.0   14  1.6 21.3      2543
 2544 2021- 4-12  5:51     - 54 35  161 16  14.40 0.11  0.0    7  6.9 13.3      2544
 2545 2021- 4-12  6:30     - 54 46  161 11  32.48 0.20  0.0    8 18.0  1.9      2545
 2546 2021- 4-12  6:31     - 55  7  161 40   6.89 0.03  0.0    4  4.3 12.5      2546
 2547 2021- 4-12  7:03     - 54 59  162 21  10.21 0.01  0.0    4  8.9  8.1      2547
 2548 2021- 4-12 11:38     - 55 39  160 18  15.00 0.24  0.0    7 22.8 23.2      2548
 2549 2021- 4-12 11:39     - 55 26  161 22   7.35 0.89  0.0    4 56.7 59.9      2549
 2550 2021- 4-12 14:08     - 54 28  161 59  19.29 0.39  0.0   16  3.1 28.0      2550
  SEQ ---DATE--- TIME REMARK -LAT-  --LON-  DEPTH  RMS PMAG  NUM  ERH  ERZ  ID
 2551 2021- 4-12 15:41     - 54 34  161 24  18.64 0.18  0.0   11  1.9 18.9      2551
 2552 2021- 4-12 15:47     - 55  5  160 20  14.83 0.08  0.0   10  6.1 12.4      2552
 2553 2021- 4-12 16:40     - 54 49  162 26  15.14 0.01  0.0    4  9.8  7.2      2553
 2554 2021- 4-12 17:26     - 54 52  162 23  14.53 0.10  0.0    5 12.8  7.4      2554
 2555 2021- 4-12 17:26     - 54 51  162 38  13.46 0.04  0.0    4 11.8  3.5      2555
 *** DISTANCE & RESIDUAL WEIGHTING CANCELLED FOR EVENT: 2021  4 12 18 25
 2556 2021- 4-12 18:25     # 55 20  161 45  15.00 0.88  0.0    4 33.0 29.4      2556
 2557 2021- 4-12 18:43       55 23  161 43  20.58 0.14  0.0    7  1.9  1.4      2557
 *** DISTANCE & RESIDUAL WEIGHTING CANCELLED FOR EVENT: 2021  4 12 19  7
 2558 2021- 4-12 19:07     # 55 14  161 53  15.00 1.28  0.0    4 56.2 26.4      2558
 2559 2021- 4-12 20:44     - 55 21  161  7  25.28 0.09  0.0    4  5.6  9.6      2559
 2560 2021- 4-12 22:17     - 54 29  163 12  14.94 0.20  0.0    5 11.3 18.4      2560
 2561 2021- 4-13  1:16     - 54 55  160 55  18.30 0.18  0.0    7 16.8 18.2      2561
 2562 2021- 4-13  1:16     - 54 43  160 55  45.50 0.18  0.0    5 19.1 11.0      2562
 2563 2021- 4-13  1:26     - 55 32  161 22  42.83 0.11  0.0    7 12.1  8.1      2563
 2564 2021- 4-13  1:59     - 54 31  161 45  19.17 0.17  0.0    5  3.6 18.8      2564
 2565 2021- 4-13  5:39       55 19  162  2  32.40 0.06  0.0    5  5.7  4.4      2565
  SEQ ---DATE--- TIME REMARK -LAT-  --LON-  DEPTH  RMS PMAG  NUM  ERH  ERZ  ID
 2566 2021- 4-13  6:28     - 54 45  161 14  17.43 0.40  0.0    8  3.0 35.3      2566
 *** DISTANCE & RESIDUAL WEIGHTING CANCELLED FOR EVENT: 2021  4 13  6 53
 2567 2021- 4-13  6:53     # 55 22  161 22  32.75 0.33  0.0    5 19.1  4.5      2567
 *** DISTANCE & RESIDUAL WEIGHTING CANCELLED FOR EVENT: 2021  4 13  6 54
 2568 2021- 4-13  6:53     # 55 32  161 23  14.20 0.51  0.0    4  9.0 23.6      2568
 *** DISTANCE & RESIDUAL WEIGHTING CANCELLED FOR EVENT: 2021  4 13  7 23
 2569 2021- 4-13  7:22     - 55 16  161 35   7.14 0.10  0.0    4  4.1 11.8      2569
 2570 2021- 4-13  7:38     - 54 58  161 13  15.00 0.39  0.0    6 29.7  5.5      2570
 2571 2021- 4-13  7:38       55 19  161 58  13.80 0.05  0.0    5  0.9  2.3      2571
 2572 2021- 4-13  8:08     - 54 57  162 16  14.94 0.01  0.0    4  7.6  9.7      2572
 2573 2021- 4-13  9:22     - 54 58  161 21  19.04 0.25  0.0    6 19.4 17.3      2573
 2574 2021- 4-13  9:23     - 55 15  161 19   7.63 0.20  0.0    4 14.1 17.2      2574
 *** DISTANCE & RESIDUAL WEIGHTING CANCELLED FOR EVENT: 2021  4 13  9 29
 2575 2021- 4-13  9:28     - 55 55  162 15  15.00 0.39  0.0    4 15.7 31.3      2575
 2576 2021- 4-13  9:51     - 54 59  161 21  26.76 0.23  0.0    8 18.9  6.4      2576
 2577 2021- 4-13  9:51     - 54 35  160 46  30.77 0.43  0.0    8 34.2 37.2      2577
 2578 2021- 4-13 10:46     - 55 17  161 42  14.70 0.11  0.0    4 10.9  6.7      2578
 *** DISTANCE & RESIDUAL WEIGHTING CANCELLED FOR EVENT: 2021  4 13 12 15
 2579 2021- 4-13 12:15     - 55 33  161 18  15.00 0.37  0.0    4  8.4 30.0      2579
 2580 2021- 4-13 12:44     - 55  9  161 22   9.34 0.04  0.0    4 12.7 11.7      2580
  SEQ ---DATE--- TIME REMARK -LAT-  --LON-  DEPTH  RMS PMAG  NUM  ERH  ERZ  ID
 2581 2021- 4-13 14:14     - 54 58  161 15  12.72 0.13  0.0    5 11.8 13.1      2581
 2582 2021- 4-13 14:40       55 31  161 49  31.07 0.10  0.0    6  2.9  2.3      2582
 2583 2021- 4-13 15:59     - 55 22  162 46  14.87 0.13  0.0    4  6.4 16.3      2583
 *** DISTANCE & RESIDUAL WEIGHTING CANCELLED FOR EVENT: 2021  4 13 18 51
 2584 2021- 4-13 18:50     - 55 53  161 19  15.00 1.11  0.0    4 41.4 83.6      2584
 2585 2021- 4-13 19:05     - 54 36  161 15  15.57 0.14  0.0   15  6.4 12.7      2585
 2586 2021- 4-13 19:12       55 39  161 44  11.82 0.10  0.0   10  2.1  5.0      2586
 2587 2021- 4-13 20:25     - 55 31  160 32  15.00 0.12  0.0    6 15.3 15.6      2587
 2588 2021- 4-13 20:25     - 55 28  161 26  14.97 0.09  0.0    4 11.2 10.0      2588
 2589 2021- 4-13 22:48       55 20  161 52  17.31 0.11  0.0    5  3.7  1.5      2589
 2590 2021- 4-14  0:37     - 55 23  161 56  15.07 0.01  0.0    4  2.4 10.9      2590
 2591 2021- 4-14  1:31     - 55  7  161 15  15.35 0.11  0.0    4 15.2 12.4      2591
 2592 2021- 4-14  2:49     - 54 53  160 53  35.83 0.19  0.0    8 17.0 14.6      2592
 2593 2021- 4-14  2:50     - 54 53  161  7  31.32 0.13  0.0    9 11.9  1.1      2593
 2594 2021- 4-14  4:02     - 55 12  161 25   9.15 0.14  0.0    4  4.2 14.3      2594
 *** DISTANCE & RESIDUAL WEIGHTING CANCELLED FOR EVENT: 2021  4 14  4  2
 2595 2021- 4-14  4:02     - 55 12  161 58  21.20 0.18  0.0    4 11.2  9.9      2595
  SEQ ---DATE--- TIME REMARK -LAT-  --LON-  DEPTH  RMS PMAG  NUM  ERH  ERZ  ID
 2596 2021- 4-14  4:20     - 54 24  161  8  14.06 0.20  0.0    7 18.1  9.6      2596
 2597 2021- 4-14  4:21     - 55  5  161 24   9.26 0.10  0.0    7 13.6 10.9      2597
 *** DISTANCE & RESIDUAL WEIGHTING CANCELLED FOR EVENT: 2021  4 14  5 25
 2598 2021- 4-14  5:25     - 55 14  162  7  14.61 0.23  0.0    4  8.8 18.7      2598
 2599 2021- 4-14  5:57     - 55 12  160 31  14.03 0.05  0.0    4  5.7 11.7      2599
 2600 2021- 4-14  6:13       55 19  161  3  29.53 0.16  0.0    8  4.5  6.9      2600
 2601 2021- 4-14  6:13     - 55 24  160 35  52.85 0.09  0.0    6 10.9  4.1      2601
 2602 2021- 4-14  6:18     - 55 36  162  6   0.37 0.89  0.0    4 75.1 60.6      2602
 *** DISTANCE & RESIDUAL WEIGHTING CANCELLED FOR EVENT: 2021  4 14  7  9
 2603 2021- 4-14  7:09     - 55 15  160 32  15.00 0.34  0.0    4 28.6 30.5      2603
 2604 2021- 4-14  7:29     - 55 44  162  2  27.00 0.10  0.0    4 12.6  1.6      2604
 2605 2021- 4-14  7:29     - 55 41  162 59  14.90 0.30  0.0    5 12.4 24.9      2605
 2606 2021- 4-14  7:51     - 55 42  161 55  27.27 0.14  0.0    4 16.9  4.7      2606
 2607 2021- 4-14  7:59     - 55 25  162 11  14.66 0.11  0.0    4  3.9 12.7      2607
 2608 2021- 4-14  8:00     - 55 19  161 60   0.08 0.41  0.0    4  6.1 26.1      2608
 *** DISTANCE & RESIDUAL WEIGHTING CANCELLED FOR EVENT: 2021  4 14  9  6
 2609 2021- 4-14  9:06     # 55 28  162 20  15.00 0.42  0.0    5  8.1 21.2      2609
 2610 2021- 4-14 11:29     - 54 34  161 59   8.05 0.14  0.0    5  2.8 16.7      2610
  SEQ ---DATE--- TIME REMARK -LAT-  --LON-  DEPTH  RMS PMAG  NUM  ERH  ERZ  ID
 2611 2021- 4-14 11:45     - 55 12  160 40  15.00 0.14  0.0    7 13.3 17.2      2611
 2612 2021- 4-14 11:45     - 55  4  159 52  14.05 0.23  0.0    9 17.2 11.1      2612
 2613 2021- 4-14 12:34     - 54 32  160 27  13.80 0.14  0.0   11 14.2  8.4      2613
 2614 2021- 4-14 12:34     - 54 54  161 19  19.03 0.11  0.0    6 12.2  4.9      2614
 2615 2021- 4-14 15:29     - 55  1  160 48  15.00 0.22  0.0    9 17.6 21.8      2615
 2616 2021- 4-14 15:29     - 55  1  160 29  26.00 0.14  0.0    8 13.6  2.9      2616
 2617 2021- 4-14 15:33     - 54 20  161 56  14.95 0.02  0.0    4  5.6 11.3      2617
 2618 2021- 4-14 15:49     - 54 36  161 52  17.04 0.25  0.0    5  8.1 24.3      2618
 2619 2021- 4-14 15:59     - 55 22  163  6  15.00 0.16  0.0    4 13.7 18.4      2619
 2620 2021- 4-14 16:19     - 55  8  163 16  16.20 0.63  0.0    7 21.6 41.4      2620
 2621 2021- 4-14 16:19     # 55 20  161 46  16.49 2.23  0.0    7 15.8 35.2      2621
 2622 2021- 4-14 18:14     - 54 52  162 38  11.07 0.04  0.0    4 12.5  7.3      2622
 2623 2021- 4-14 18:14     - 54 45  162 39   6.74 0.23  0.0    4 21.2 21.7      2623
 2624 2021- 4-14 18:31       55  8  161 54  22.62 0.00  0.0    4  7.1  5.2      2624
 2625 2021- 4-14 20:23     - 55  2  161 11  12.39 0.17  0.0    5 15.0 14.3      2625
  SEQ ---DATE--- TIME REMARK -LAT-  --LON-  DEPTH  RMS PMAG  NUM  ERH  ERZ  ID
 2626 2021- 4-14 20:23     - 55  1  161 20  25.48 0.12  0.0    4 15.0  4.6      2626
 2627 2021- 4-14 20:54     - 54 33  161 15  14.83 0.07  0.0    5  6.3 12.2      2627
 2628 2021- 4-14 21:41       55  6  161 49  22.54 0.05  0.0    5  3.5  2.7      2628
 2629 2021- 4-14 23:52     - 54 31  161  3  14.92 0.10  0.0    7  6.6 13.1      2629
 2630 2021- 4-15  1:34     - 54 44  162 28  16.24 0.10  0.0    7 13.0  1.7      2630
 2631 2021- 4-15  4:54     - 55 22  161 59  14.89 0.06  0.0    4  4.1 11.6      2631
 *** DISTANCE & RESIDUAL WEIGHTING CANCELLED FOR EVENT: 2021  4 15  7 31
 2632 2021- 4-15  7:31     # 55 13  161 31  15.00 0.46  0.0    5 11.0 18.1      2632
 2633 2021- 4-15  9:18       55 14  161 15  26.59 0.32  0.0   10  4.9  7.0      2633
 *** DISTANCE & RESIDUAL WEIGHTING CANCELLED FOR EVENT: 2021  4 15  9 19
 2634 2021- 4-15  9:18     # 55 13  161 38   3.50 0.29  0.0    5  7.7  1.8      2634
 *** DISTANCE & RESIDUAL WEIGHTING CANCELLED FOR EVENT: 2021  4 15 19 27
 2635 2021- 4-15 19:27     - 54 51  163 28  15.06 0.07  0.0    4  6.3 12.3      2635
 2636 2021- 4-15 20:46       55 15  161 34  29.73 0.13  0.0    6  3.3  2.5      2636
 *** DISTANCE & RESIDUAL WEIGHTING CANCELLED FOR EVENT: 2021  4 15 22  7
 2637 2021- 4-15 22:07     # 54 55  162 22  17.83 1.23  0.0    4 21.3 25.8      2637
 2638 2021- 4-15 22:24     - 54 41  160 42  14.64 0.17  0.0   20  7.6 15.2      2638
 2639 2021- 4-15 22:26     - 54 47  160 32  15.06 0.11  0.0    5  6.8 13.9      2639
 2640 2021- 4-15 23:32     - 54 58  161 25  18.67 0.15  0.0    5 15.5  7.3      2640
 *** DISTANCE & RESIDUAL WEIGHTING CANCELLED FOR EVENT: 2021  4 15 23 33
  SEQ ---DATE--- TIME REMARK -LAT-  --LON-  DEPTH  RMS PMAG  NUM  ERH  ERZ  ID
 2641 2021- 4-15 23:32     - 54 59  161 42  36.84 0.64  0.0    4 35.0 16.1      2641
 2642 2021- 4-16  0:06     - 55 25  161 17  17.24 0.05  0.0    4 13.0  6.0      2642
 2643 2021- 4-16  2:36     - 54 26  161 44  17.69 0.13  0.0    7  1.6 16.5      2643
 *** DISTANCE & RESIDUAL WEIGHTING CANCELLED FOR EVENT: 2021  4 16  4 28
 2644 2021- 4-16  4:28     - 55  0  161 11  11.36 0.43  0.0    4 25.9 36.4      2644
 2645 2021- 4-16  4:28     - 54 23  161 47  15.00 0.26  0.0    4 16.8 21.6      2645
 *** DISTANCE & RESIDUAL WEIGHTING CANCELLED FOR EVENT: 2021  4 16  5 13
 2646 2021- 4-16  5:13     - 55 33  162 18   9.09 0.37  0.0    6  8.0 23.4      2646
 2647 2021- 4-16  6:08     - 54 47  161  3  17.08 0.18  0.0   18  1.1 19.4      2647
 *** DISTANCE & RESIDUAL WEIGHTING CANCELLED FOR EVENT: 2021  4 16  7 37
 2648 2021- 4-16  7:37     # 54 60  162 40  15.00 1.29  0.0    4 33.2 55.4      2648
 2649 2021- 4-16 13:02     - 54 53  161 14  15.00 0.14  0.0    5 14.5  2.8      2649
 2650 2021- 4-16 13:03     - 55  8  161 49  26.46 0.19  0.0    4  4.3 15.1      2650
 *** DISTANCE & RESIDUAL WEIGHTING CANCELLED FOR EVENT: 2021  4 16 13  3
 2651 2021- 4-16 13:03     # 55 15  162 15  14.99 0.56  0.0    4  6.5 10.3      2651
 2652 2021- 4-16 14:18     - 54 17  162 31  26.87 0.49  0.0    4 42.6 36.0      2652
 2653 2021- 4-16 14:58     - 54 60  162 50  11.98 0.16  0.0    4  8.9 17.7      2653
 2654 2021- 4-16 15:59     - 55 28  162 39  54.12 0.05  0.0    5  4.1 10.0      2654
 2655 2021- 4-16 16:51     - 55  9  162  7  41.17 0.19  0.0    4  6.2 16.1      2655
  SEQ ---DATE--- TIME REMARK -LAT-  --LON-  DEPTH  RMS PMAG  NUM  ERH  ERZ  ID
 2656 2021- 4-16 18:38     - 54 54  161 31  16.53 0.08  0.0    4 13.7  2.3      2656
 2657 2021- 4-16 19:12     - 55 42  161 38  13.64 0.07  0.0    4  4.3  9.1      2657
 *** DISTANCE & RESIDUAL WEIGHTING CANCELLED FOR EVENT: 2021  4 16 19 45
 2658 2021- 4-16 19:45     - 55 14  162 12  15.00 0.65  0.0    4 15.8 41.9      2658
 2659 2021- 4-16 19:46       55 14  162  6  18.28 0.00  0.0    4  1.6  2.2      2659
 *** DISTANCE & RESIDUAL WEIGHTING CANCELLED FOR EVENT: 2021  4 16 20 51
 2660 2021- 4-16 20:50     - 54 42  162  9   9.16 0.37  0.0    4 26.6 28.3      2660
 *** DISTANCE & RESIDUAL WEIGHTING CANCELLED FOR EVENT: 2021  4 16 20 51
 2661 2021- 4-16 20:51     - 54 46  162  0  15.03 0.49  0.0    5 34.9  4.9      2661
 *** DISTANCE & RESIDUAL WEIGHTING CANCELLED FOR EVENT: 2021  4 16 21  7
 2662 2021- 4-16 21:06     - 55 24  161 53  11.21 0.22  0.0    4 11.1 14.4      2662
 2663 2021- 4-16 23:59     - 55 14  162  7  56.37 0.06  0.0    5  3.4  9.6      2663
 2664 2021- 4-17  0:33     - 54 38  160 45  15.01 0.21  0.0   14  9.0 18.6      2664
 2665 2021- 4-17  1:13     - 54 52  160 53  17.99 0.19  0.0   18  1.1 20.0      2665
 2666 2021- 4-17  1:26     - 54 51  160 22  14.90 0.15  0.0   16  7.5 15.1      2666
 2667 2021- 4-17  1:36     - 55 17  161 49  14.99 0.03  0.0    4 12.0  9.0      2667
 2668 2021- 4-17  2:20     - 55 47  161 46   9.26 0.16  0.0    7  3.9 13.7      2668
 2669 2021- 4-17  2:23     - 55  4  161 35  33.66 0.17  0.0    4 18.1  3.8      2669
 2670 2021- 4-17  4:09     - 54 27  161 51  17.30 0.21  0.0    5  4.1 21.5      2670
 *** DISTANCE & RESIDUAL WEIGHTING CANCELLED FOR EVENT: 2021  4 17  4 19
  SEQ ---DATE--- TIME REMARK -LAT-  --LON-  DEPTH  RMS PMAG  NUM  ERH  ERZ  ID
 2671 2021- 4-17  4:19     # 55 15  161 29  14.85 0.41  0.0    6 15.6 11.6      2671
 *** DISTANCE & RESIDUAL WEIGHTING CANCELLED FOR EVENT: 2021  4 17  4 19
 2672 2021- 4-17  4:19     # 55 23  161 46  14.99 0.83  0.0    5 12.7  4.0      2672
 2673 2021- 4-17  4:24     - 54 48  162  7  11.45 0.15  0.0    4 13.6 11.2      2673
 2674 2021- 4-17  4:24     - 54 27  162 33  17.01 0.37  0.0    9  7.3 33.2      2674
 *** DISTANCE & RESIDUAL WEIGHTING CANCELLED FOR EVENT: 2021  4 17  5 28
 2675 2021- 4-17  5:28     - 55 16  162  4  15.00 0.38  0.0    4 33.8 13.2      2675
 2676 2021- 4-17  5:53     - 55 30  163  6  17.44 0.11  0.0    4  2.1 15.5      2676
 2677 2021- 4-17  6:49       55 23  161 39  14.41 0.08  0.0    6  4.3  3.0      2677
 2678 2021- 4-17  7:53     - 54 42  160 53  15.00 0.09  0.0    8 13.6 14.6      2678
 2679 2021- 4-17  7:53       54 55  161 29  23.55 0.04  0.0    6  8.5  2.4      2679
 2680 2021- 4-17  7:58     - 54 40  160 53  15.00 0.15  0.0    9 15.0 17.6      2680
 2681 2021- 4-17  7:58     - 54  9  162  8  13.93 0.34  0.0    4 25.7 14.9      2681
 2682 2021- 4-17  7:59     - 55 24  162 45  15.07 0.09  0.0    4  3.6 14.4      2682
 2683 2021- 4-17  8:02     - 54 35  161 24  15.97 0.16  0.0   15  7.0 13.8      2683
 2684 2021- 4-17  8:42     - 54 54  162 22  12.99 0.02  0.0    4 10.1  7.2      2684
 2685 2021- 4-17  8:42     - 54 48  162 41   8.33 0.08  0.0    4 13.7 12.1      2685
  SEQ ---DATE--- TIME REMARK -LAT-  --LON-  DEPTH  RMS PMAG  NUM  ERH  ERZ  ID
 2686 2021- 4-17  8:42     - 54 38  160 52  15.00 0.17  0.0    9 16.1 18.7      2686
 2687 2021- 4-17  8:43       55 11  162  5  10.15 0.05  0.0    5  1.1  2.9      2687
 2688 2021- 4-17  9:10       55 19  161 55  14.30 0.00  0.0    4  6.2  1.8      2688
 2689 2021- 4-17  9:28     - 55 17  161 43  14.37 0.12  0.0    4 10.1  8.3      2689
 *** DISTANCE & RESIDUAL WEIGHTING CANCELLED FOR EVENT: 2021  4 17  9 28
 2690 2021- 4-17  9:28     - 55 12  161 19  15.00 0.57  0.0    4 47.1 26.0      2690
 2691 2021- 4-17  9:35     - 54 46  161 15  33.47 0.22  0.0    9 19.3 20.8      2691
 2692 2021- 4-17  9:35     - 54 49  161 26  14.87 0.11  0.0    4 14.8  2.2      2692
 2693 2021- 4-17  9:37     - 54 49  161 14  30.08 0.29  0.0    9 23.2  2.6      2693
 2694 2021- 4-17  9:38       54 56  161 30  23.06 0.08  0.0    8  5.1  2.2      2694
 2695 2021- 4-17  9:39     - 55 14  161 32   8.56 0.06  0.0    4 12.6 10.1      2695
 2696 2021- 4-17  9:40     - 55 10  162 22  14.95 0.11  0.0    4  3.9 14.0      2696
 2697 2021- 4-17  9:51     - 54 39  160 55  15.00 0.18  0.0    9 15.8 19.7      2697
 2698 2021- 4-17  9:51       54 57  161 31  24.03 0.06  0.0    8  4.2  1.7      2698
 2699 2021- 4-17  9:55     - 54 55  161 15  13.09 0.20  0.0    7 14.9 12.5      2699
 *** DISTANCE & RESIDUAL WEIGHTING CANCELLED FOR EVENT: 2021  4 17  9 55
 2700 2021- 4-17  9:55     - 54 59  161 56  13.68 0.15  0.0    4 14.9  8.0      2700
  SEQ ---DATE--- TIME REMARK -LAT-  --LON-  DEPTH  RMS PMAG  NUM  ERH  ERZ  ID
 2701 2021- 4-17  9:56       55 21  161 49  10.19 0.05  0.0    5  1.8  1.2      2701
 2702 2021- 4-17 11:36     - 54 41  161  2  15.18 0.17  0.0   10  8.1 16.4      2702
 2703 2021- 4-17 11:37       55 13  162  7   5.34 0.01  0.0    4  2.1  0.6      2703
 2704 2021- 4-17 11:50     - 55  5  161 50  12.94 0.14  0.0    4 12.7  7.7      2704
 2705 2021- 4-17 12:17     - 55 17  160 28  14.61 0.21  0.0   11  9.4 18.8      2705
 *** DISTANCE & RESIDUAL WEIGHTING CANCELLED FOR EVENT: 2021  4 17 16  0
 2706 2021- 4-17 15:59     # 55 39  162 10  15.00 6.18  0.0    5 62.6 76.7      2706
 2707 2021- 4-17 16:10     - 54 41  160 41  14.96 0.14  0.0   19  7.0 14.1      2707
 2708 2021- 4-17 16:11     # 54 28  163 12  11.72 0.27  0.0    8  7.0  1.5      2708
 2709 2021- 4-17 16:53     - 55  9  160 53  10.85 0.17  0.0    7 16.3 18.1      2709
 2710 2021- 4-17 16:53     - 56  7  162 15  14.57 0.05  0.0    4 10.7  7.6      2710
 *** DISTANCE & RESIDUAL WEIGHTING CANCELLED FOR EVENT: 2021  4 17 16 53
 2711 2021- 4-17 16:53     - 55 14  160  7  15.05 0.53  0.0    4 39.9 45.9      2711
 2712 2021- 4-17 17:39       54 51  161 24  21.59 0.06  0.0    8  1.8  4.7      2712
 2713 2021- 4-17 17:39     - 55 11  161 58   0.39 0.27  0.0    6  1.2 19.9      2713
 2714 2021- 4-17 18:16     - 54 30  163 16  16.44 0.16  0.0    5  8.1 16.4      2714
 *** DISTANCE & RESIDUAL WEIGHTING CANCELLED FOR EVENT: 2021  4 17 18 17
 2715 2021- 4-17 18:17     - 54 32  163  2  15.00 0.82  0.0    4 63.5 67.8      2715
  SEQ ---DATE--- TIME REMARK -LAT-  --LON-  DEPTH  RMS PMAG  NUM  ERH  ERZ  ID
 2716 2021- 4-17 18:50       54 50  161 27  27.08 0.08  0.0    8  2.2  4.8      2716
 2717 2021- 4-17 18:51       55  9  161 56   7.87 0.03  0.0    5  2.3  2.9      2717
 2718 2021- 4-17 20:31     - 54 47  160 51  15.00 0.21  0.0   10 16.9 21.7      2718
 2719 2021- 4-17 20:31     - 54 41  160 34  28.23 0.25  0.0   10 18.5 24.4      2719
 2720 2021- 4-17 22:13       55 37  161 54  18.22 0.00  0.0    4  3.6  4.3      2720
 2721 2021- 4-17 23:04     - 54 36  161 17  15.49 0.13  0.0   12  6.4 13.0      2721
 2722 2021- 4-17 23:07       55 31  161 26  17.11 0.14  0.0    7  5.0  3.9      2722
 2723 2021- 4-17 23:07     - 55 41  161 43  14.69 0.15  0.0    4  9.7 13.3      2723
 2724 2021- 4-18  1:07     - 54 52  161 12  28.49 0.17  0.0    9 15.6  2.1      2724
 2725 2021- 4-18  1:08     - 55  9  161 43   6.53 0.05  0.0    4  4.6 13.1      2725
 2726 2021- 4-18  1:12     - 54 41  160 52  15.00 0.11  0.0    9 13.9 15.6      2726
 2727 2021- 4-18  1:12     - 54 45  161  6  15.01 0.40  0.0    7 28.2 35.4      2727
 *** DISTANCE & RESIDUAL WEIGHTING CANCELLED FOR EVENT: 2021  4 18  2  9
 2728 2021- 4-18  2:09     - 54 47  162 29  15.00 0.62  0.0    4 49.5  3.5      2728
 2729 2021- 4-18  2:19     - 55 14  162 13  15.24 0.08  0.0    4  4.7 11.3      2729
 2730 2021- 4-18  3:52     - 54 44  160 20  14.80 0.17  0.0   17  8.0 15.9      2730
  SEQ ---DATE--- TIME REMARK -LAT-  --LON-  DEPTH  RMS PMAG  NUM  ERH  ERZ  ID
 2731 2021- 4-18  4:29     - 54 42  161 38  12.48 0.06  0.0    6  9.5 10.8      2731
 2732 2021- 4-18  4:29       54 45  161 43  13.47 0.25  0.0    6 11.7  3.4      2732
 *** DISTANCE & RESIDUAL WEIGHTING CANCELLED FOR EVENT: 2021  4 18  5 45
 2733 2021- 4-18  5:45     # 55 19  161 35  14.98 0.43  0.0    4 19.0  9.9      2733
 2734 2021- 4-18  7:30       55 29  161 50  27.13 0.08  0.0    6  1.0  1.1      2734
 2735 2021- 4-18  7:34       55 30  161 44  30.12 0.24  0.0   11  2.1  1.4      2735
 2736 2021- 4-18  7:35       55 27  161 59  31.04 0.13  0.0    7  3.5  3.1      2736
 *** DISTANCE & RESIDUAL WEIGHTING CANCELLED FOR EVENT: 2021  4 18  7 37
 2737 2021- 4-18  7:37     # 55 10  162 12   3.73 0.86  0.0    4 43.5 18.8      2737
 *** DISTANCE & RESIDUAL WEIGHTING CANCELLED FOR EVENT: 2021  4 18  7 38
 2738 2021- 4-18  7:38     - 54 43  162 41  14.96 0.63  0.0    5 51.6  3.0      2738
 2739 2021- 4-18  7:48     - 55  2  163 22   8.99 0.04  0.0    4  5.5 13.0      2739
 *** DISTANCE & RESIDUAL WEIGHTING CANCELLED FOR EVENT: 2021  4 18  8 30
 2740 2021- 4-18  8:30     # 55 18  161 60  24.47 0.73  0.0    4 43.8  7.6      2740
 2741 2021- 4-18  9:38     - 54 34  161 18  15.08 0.16  0.0   18  7.0 13.8      2741
 *** DISTANCE & RESIDUAL WEIGHTING CANCELLED FOR EVENT: 2021  4 18 10 19
 2742 2021- 4-18 10:18     - 55 60  162 27  15.01 0.36  0.0    4 14.5 28.9      2742
 2743 2021- 4-18 10:20     - 54 52  160 57  31.49 0.22  0.0   10 19.8  2.2      2743
 2744 2021- 4-18 10:21     - 54 46  160 55  31.57 0.38  0.0    8 23.7 33.6      2744
 2745 2021- 4-18 11:29     - 54 38  160 47  14.85 0.15  0.0    8  7.7 15.4      2745
  SEQ ---DATE--- TIME REMARK -LAT-  --LON-  DEPTH  RMS PMAG  NUM  ERH  ERZ  ID
 2746 2021- 4-18 11:38     - 54 50  161 22  17.08 0.03  0.0    5  3.2 12.6      2746
 2747 2021- 4-18 11:38       55  6  161 49   3.97 0.01  0.0    4  5.8  3.4      2747
 2748 2021- 4-18 12:05     - 54 29  161 49  17.10 0.47  0.0   18  2.6 40.8      2748
 2749 2021- 4-18 12:38     - 54 56  161 31  25.12 0.22  0.0    8 18.4  6.2      2749
 2750 2021- 4-18 12:38     - 55 30  162 20  47.79 0.22  0.0    5 17.6  7.7      2750
 2751 2021- 4-18 13:28     - 55 11  160 25  15.00 0.28  0.0    7 25.7 26.3      2751
 2752 2021- 4-18 13:28     - 54 57  161 49  85.49 0.14  0.0    6  9.9 12.5      2752
 2753 2021- 4-18 14:24     # 55  9  162 39  33.02 0.10  0.0    5  5.9  2.9      2753
 2754 2021- 4-18 14:33     - 55  3  161  3  13.51 0.12  0.0    5 15.4  6.8      2754
 2755 2021- 4-18 14:34     - 55  1  161 17  15.00 0.08  0.0    4 10.9 12.8      2755
 2756 2021- 4-18 14:42     - 55  7  161 19  18.07 0.04  0.0    6  3.1  9.3      2756
 2757 2021- 4-18 14:42       55 15  162  2  18.88 0.00  0.0    4  1.1  1.6      2757
 2758 2021- 4-18 15:03     - 55 21  161 31   1.83 0.14  0.0    4 15.0 13.3      2758
 2759 2021- 4-18 15:04     - 55 25  160 54  12.93 0.20  0.0    4 15.1 20.7      2759
 2760 2021- 4-18 15:39       54 51  161 29  23.61 0.00  0.0    4  3.5  5.6      2760
 *** DISTANCE & RESIDUAL WEIGHTING CANCELLED FOR EVENT: 2021  4 18 15 39
  SEQ ---DATE--- TIME REMARK -LAT-  --LON-  DEPTH  RMS PMAG  NUM  ERH  ERZ  ID
 2761 2021- 4-18 15:39     # 55 19  161 49  14.98 0.51  0.0    4 10.8 10.2      2761
 2762 2021- 4-18 15:48     - 54 55  160 42  14.18 0.22  0.0   13  9.1 17.8      2762
 2763 2021- 4-18 15:48     - 55  9  163 16  15.42 0.20  0.0    7  8.4 16.6      2763
 2764 2021- 4-18 15:54       54 37  161 41  13.76 0.14  0.0   13  0.9  1.3      2764
 *** DISTANCE & RESIDUAL WEIGHTING CANCELLED FOR EVENT: 2021  4 18 15 55
 2765 2021- 4-18 15:54     - 55 11  162 17  15.00 0.35  0.0    4  9.3 27.5      2765
 2766 2021- 4-18 15:59       55 17  162 16  31.93 1.01  0.0    4 13.4 48.5      2766
 2767 2021- 4-18 17:21     - 54 34  162 46  15.46 0.04  0.0    6  9.5  1.2      2767
 2768 2021- 4-18 17:44       55 14  161 36  11.98 0.21  0.0    8  2.4  4.0      2768
 2769 2021- 4-18 17:44     - 55 16  161 20   6.38 0.28  0.0    6 13.1 26.3      2769
 2770 2021- 4-18 19:06       55 19  161 14  15.99 0.32  0.0    8  7.4 13.9      2770
 2771 2021- 4-18 19:06       55 22  161 29  21.02 0.09  0.0    5  4.3  2.5      2771
 *** DISTANCE & RESIDUAL WEIGHTING CANCELLED FOR EVENT: 2021  4 18 20 42
 2772 2021- 4-18 20:42     - 54 59  163 20  24.99 0.73  0.0    4 62.2 38.1      2772
 *** DISTANCE & RESIDUAL WEIGHTING CANCELLED FOR EVENT: 2021  4 18 21  1
 2773 2021- 4-18 21:01     - 55 27  161 58  21.96 2.92  0.0    6 98.3 27.9      2773
 2774 2021- 4-18 21:01     - 54 43  161 15  17.11 0.15  0.0   12  1.1 17.4      2774
 *** DISTANCE & RESIDUAL WEIGHTING CANCELLED FOR EVENT: 2021  4 18 22 58
 2775 2021- 4-18 22:58     # 55  3  163 10  15.02 0.52  0.0    5 15.5 13.4      2775
  SEQ ---DATE--- TIME REMARK -LAT-  --LON-  DEPTH  RMS PMAG  NUM  ERH  ERZ  ID
 2776 2021- 4-19  1:22     - 55 10  160 38  15.00 0.26  0.0    7 19.1 24.7      2776
 2777 2021- 4-19  1:22     - 55 51  162 23  17.89 0.16  0.0    5 13.4 18.1      2777
 *** DISTANCE & RESIDUAL WEIGHTING CANCELLED FOR EVENT: 2021  4 19  1 44
 2778 2021- 4-19  1:44     - 55 16  161 49  12.90 0.18  0.0    4 14.0 10.9      2778
 2779 2021- 4-19  4:43     # 55  2  162  8  32.40 1.85  0.0    6 55.2 63.5      2779
 *** DISTANCE & RESIDUAL WEIGHTING CANCELLED FOR EVENT: 2021  4 19  4 43
 2780 2021- 4-19  4:43     - 54 53  162 33   4.78 0.64  0.0    4 48.7 52.4      2780
 2781 2021- 4-19  7:26     - 55  8  161 53  34.17 0.04  0.0    4 12.9  1.8      2781
 2782 2021- 4-19  9:55     - 55 27  161 57  30.05 0.04  0.0    5 12.6  1.5      2782
 2783 2021- 4-19 10:24     - 54 57  162 30  33.89 0.02  0.0    5  9.0  7.3      2783
 2784 2021- 4-19 10:24     - 55  1  162 27  27.44 0.02  0.0    4  7.3  8.8      2784
 *** DISTANCE & RESIDUAL WEIGHTING CANCELLED FOR EVENT: 2021  4 19 11 17
 2785 2021- 4-19 11:17     - 55 34  161 34  41.53 0.65  0.0    4 55.9  4.7      2785
 *** DISTANCE & RESIDUAL WEIGHTING CANCELLED FOR EVENT: 2021  4 19 11 20
 2786 2021- 4-19 11:20     - 55 12  162  9  15.15 0.59  0.0    4 50.5 10.1      2786
 2787 2021- 4-19 12:01       55 29  162 12  23.49 0.70  0.0    5 16.7 29.7      2787
 2788 2021- 4-19 12:06     - 54 48  162 27  14.77 0.03  0.0    6 10.5  3.4      2788
 *** DISTANCE & RESIDUAL WEIGHTING CANCELLED FOR EVENT: 2021  4 19 12  6
 2789 2021- 4-19 12:06     - 54 52  162 34   6.37 0.46  0.0    4 36.2 39.5      2789
 *** DISTANCE & RESIDUAL WEIGHTING CANCELLED FOR EVENT: 2021  4 19 12 41
 2790 2021- 4-19 12:41     - 55 31  161 31  14.99 0.50  0.0    4 43.3 18.1      2790
 *** DISTANCE & RESIDUAL WEIGHTING CANCELLED FOR EVENT: 2021  4 19 13 26
  SEQ ---DATE--- TIME REMARK -LAT-  --LON-  DEPTH  RMS PMAG  NUM  ERH  ERZ  ID
 2791 2021- 4-19 13:26     - 55  6  161 35  29.78 0.33  0.0    4 21.8  9.6      2791
 2792 2021- 4-19 13:41     - 54 47  160 57  16.56 0.18  0.0   11 14.8 19.2      2792
 2793 2021- 4-19 13:41     - 54 39  160 57  35.88 0.27  0.0    8 17.1 21.3      2793
 *** DISTANCE & RESIDUAL WEIGHTING CANCELLED FOR EVENT: 2021  4 19 16  0
 2794 2021- 4-19 15:59     - 55 14  162  4  41.90 0.35  0.0    4  9.0 23.2      2794
 *** DISTANCE & RESIDUAL WEIGHTING CANCELLED FOR EVENT: 2021  4 19 17 30
 2795 2021- 4-19 17:30     - 54 22  162 31  15.01 0.65  0.0    4 55.6 17.1      2795
 2796 2021- 4-19 18:32     - 54 47  161 12  30.68 0.27  0.0   10 22.7  2.6      2796
 2797 2021- 4-19 18:33     - 55 29  162 20  57.95 0.17  0.0    5 12.7 13.0      2797
 2798 2021- 4-19 19:54       55  2  161 46  32.48 0.05  0.0    6  3.3  1.9      2798
 2799 2021- 4-19 21:14     # 54 25  163  0  19.04 0.20  0.0   12  6.2  2.1      2799
 2800 2021- 4-19 21:14     - 54 48  162 16  13.45 0.07  0.0    7 10.8  1.2      2800
 2801 2021- 4-20  0:25     - 55  3  161 22  19.78 0.22  0.0    4 19.7 13.3      2801
 2802 2021- 4-20  1:28     - 54 32  161 13  15.00 0.15  0.0    9 14.8 17.8      2802
 2803 2021- 4-20  1:28       54 41  161 27  11.06 0.15  0.0    7  8.9  2.1      2803
 *** DISTANCE & RESIDUAL WEIGHTING CANCELLED FOR EVENT: 2021  4 20  1 42
 2804 2021- 4-20  1:42     - 54 47  162 43  61.48 0.77  0.0    4 65.0  9.7      2804
 2805 2021- 4-20  1:51     - 54 52  160 58  16.70 0.22  0.0   19  7.9 15.5      2805
  SEQ ---DATE--- TIME REMARK -LAT-  --LON-  DEPTH  RMS PMAG  NUM  ERH  ERZ  ID
 2806 2021- 4-20  6:49       55 17  161 39   5.55 0.01  0.0    4  4.2  0.8      2806
 2807 2021- 4-20  8:07     - 54 55  161 12  14.82 0.18  0.0    5 17.9  2.8      2807
 2808 2021- 4-20  8:07     - 54 54  161 22  25.37 0.03  0.0    4 12.4  2.5      2808
 2809 2021- 4-20 11:09     - 55  5  161 29  19.85 0.24  0.0    5 18.2 10.2      2809
 2810 2021- 4-20 11:09     - 55 15  161 20   7.25 0.13  0.0    4 13.5 14.4      2810
 2811 2021- 4-20 13:14       54 49  163 20  15.07 0.11  0.0    8  3.2  2.2      2811
 2812 2021- 4-20 15:05     - 54 32  163  6  77.80 0.03  0.0    4 12.4  2.5      2812
 2813 2021- 4-20 19:58     - 55 22  160 48  32.85 0.10  0.0   10 13.3 15.2      2813
 2814 2021- 4-20 19:58     - 55 20  160 59  33.85 0.15  0.0   10 12.2  5.4      2814
 2815 2021- 4-20 22:13     - 55 14  161 28   7.89 0.07  0.0    4 12.6 11.6      2815
 2816 2021- 4-20 22:13       55 10  161 11  15.41 0.01  0.0    4  4.1  1.1      2816
 2817 2021- 4-21  0:13     - 54 60  161 13  27.35 0.25  0.0    7 20.7 11.6      2817
 2818 2021- 4-21  0:13     - 54 56  161 27  64.32 0.05  0.0    4 10.9  6.7      2818
 2819 2021- 4-21  5:51     - 55 14  161 30   7.36 0.06  0.0    4 10.8 10.1      2819
 2820 2021- 4-21  7:59     - 54 40  161 17  15.07 0.13  0.0    6 10.0 14.9      2820
  SEQ ---DATE--- TIME REMARK -LAT-  --LON-  DEPTH  RMS PMAG  NUM  ERH  ERZ  ID
 2821 2021- 4-21 20:54     - 54 26  161 47  18.32 0.24  0.0   10  2.2 22.9      2821
 2822 2021- 4-21 22:14       54 34  162 23  20.71 0.10  0.0    7  1.9  6.1      2822
 *** DISTANCE & RESIDUAL WEIGHTING CANCELLED FOR EVENT: 2021  4 22  9 54
 2823 2021- 4-22  9:54     - 55  4  161 43  15.00 1.11  0.0    4 68.2 50.3      2823
 *** DISTANCE & RESIDUAL WEIGHTING CANCELLED FOR EVENT: 2021  4 22  9 54
 2824 2021- 4-22  9:54     # 55 24  161 44  18.43 0.19  0.0    4  9.5  3.1      2824
 2825 2021- 4-22 12:46     - 55  3  161 19  15.10 0.11  0.0    5  4.9 10.8      2825
 2826 2021- 4-22 22:41     - 55 11  161 32  11.46 0.03  0.0    4 11.3  6.7      2826
 2827 2021- 4-22 22:48     - 55  5  161  4  11.13 0.12  0.0    4 15.3 15.0      2827
 *** DISTANCE & RESIDUAL WEIGHTING CANCELLED FOR EVENT: 2021  4 22 22 49
 2828 2021- 4-22 22:48     - 55 11  161 42  12.18 0.55  0.0    4 32.2 21.4      2828
 2829 2021- 4-22 23:25     - 54 50  162 22   8.97 0.13  0.0   10 14.4  4.0      2829
 2830 2021- 4-22 23:29     - 55 12  161 30  10.57 0.03  0.0    4 12.1  7.5      2830
 2831 2021- 4-22 23:50     - 54 54  162 17  11.23 0.05  0.0    6  9.8  8.3      2831
 2832 2021- 4-23  0:10     - 55 15  161 37  16.76 0.12  0.0    4 14.4 11.4      2832
 2833 2021- 4-23  1:30     - 54 48  162 15  11.49 0.08  0.0    4 11.5  7.8      2833
 2834 2021- 4-23  2:03     # 54 60  163 20  14.93 0.30  0.0    7 12.1  8.0      2834
 2835 2021- 4-23  2:03     - 54 30  161 37   1.94 0.12  0.0    9  9.8 14.4      2835
 *** DISTANCE & RESIDUAL WEIGHTING CANCELLED FOR EVENT: 2021  4 23  5 36
  SEQ ---DATE--- TIME REMARK -LAT-  --LON-  DEPTH  RMS PMAG  NUM  ERH  ERZ  ID
 2836 2021- 4-23  5:36     # 55  7  161 33  15.00 0.28  0.0    5 17.8 11.2      2836
 2837 2021- 4-23  5:58     - 54 28  161 50  18.23 0.22  0.0    9  2.3 21.6      2837
 2838 2021- 4-23  7:11     - 55 31  161 32   7.26 0.63  0.0    5 53.6 45.1      2838
 2839 2021- 4-23  7:41     # 54 27  162 51  11.16 0.11  0.0    7  4.7  2.6      2839
 2840 2021- 4-23  7:41     - 54 35  162 54  15.05 0.30  0.0    5 25.2 26.2      2840
 2841 2021- 4-23  7:50     - 54 49  162 37  13.46 0.09  0.0    8 11.8  2.2      2841
 2842 2021- 4-23  7:50     - 54 40  162 32  12.10 0.53  0.0    7 36.0  4.5      2842
 *** DISTANCE & RESIDUAL WEIGHTING CANCELLED FOR EVENT: 2021  4 23  8 11
 2843 2021- 4-23  8:11     - 54 60  161 41  15.00 0.81  0.0    4 24.4 55.7      2843
 2844 2021- 4-23 11:41     - 54 49  162 21  13.83 0.13  0.0    6 14.8  7.3      2844
 2845 2021- 4-23 12:16     - 54 34  161 15  15.13 0.17  0.0   16  7.2 14.1      2845
 2846 2021- 4-23 13:04     - 55  2  162 20  24.57 2.95  0.0    4 97.4 42.5      2846
 2847 2021- 4-23 13:50     - 55  6  160 48  11.95 0.15  0.0    5 15.1 16.0      2847
 2848 2021- 4-23 13:50     - 55 17  160 48  34.77 0.20  0.0    6 12.4 12.3      2848
 2849 2021- 4-23 16:20     - 54 58  161 52  13.57 0.04  0.0    4 11.7  5.0      2849
 2850 2021- 4-23 17:36     # 55  6  163 16  14.82 1.03  0.0   11 25.2 21.0      2850
  SEQ ---DATE--- TIME REMARK -LAT-  --LON-  DEPTH  RMS PMAG  NUM  ERH  ERZ  ID
 2851 2021- 4-23 18:29     - 55 47  163 19  14.92 0.13  0.0    4  7.2 14.6      2851
 *** DISTANCE & RESIDUAL WEIGHTING CANCELLED FOR EVENT: 2021  4 23 18 49
 2852 2021- 4-23 18:49     # 55 10  161 56  15.00 0.40  0.0    4 13.3 21.0      2852
 2853 2021- 4-23 19:45     - 55  0  162 26  25.46 0.04  0.0    5  6.7  8.1      2853
 *** DISTANCE & RESIDUAL WEIGHTING CANCELLED FOR EVENT: 2021  4 23 19 46
 2854 2021- 4-23 19:45     - 55  4  162 27  25.17 0.63  0.0    4 33.6 26.4      2854
 2855 2021- 4-23 23:22     - 54 57  162  3  14.96 0.03  0.0    4  2.6 12.3      2855
 *** DISTANCE & RESIDUAL WEIGHTING CANCELLED FOR EVENT: 2021  4 24  0  0
 2856 2021- 4-23 23:59     - 55 32  163  4  15.00 0.72  0.0    5 46.0  9.1      2856
 2857 2021- 4-24  0:01     - 54 42  160 53  15.00 0.22  0.0   10 18.6 22.3      2857
 2858 2021- 4-24  0:01     - 54 35  160 44  37.29 0.49  0.0   10 26.4 32.6      2858
 2859 2021- 4-24  0:07     - 54 26  161 48  18.64 0.21  0.0   12  1.6 21.0      2859
 2860 2021- 4-24  0:34     - 54 47  162 15  60.72 0.09  0.0    8  6.9 10.1      2860
 2861 2021- 4-24  0:43     - 55  3  162  6  37.10 0.30  0.0    4 11.8 18.3      2861
 2862 2021- 4-24  1:52     - 54 37  162 21   5.81 0.18  0.0   10 18.5 19.6      2862
 2863 2021- 4-24  1:52     - 54 28  161 48  15.01 0.68  0.0    5 51.5 53.4      2863
 *** DISTANCE & RESIDUAL WEIGHTING CANCELLED FOR EVENT: 2021  4 24  8  0
 2864 2021- 4-24  7:59     - 55 40  162 59  15.00 0.45  0.0    4 32.5 39.2      2864
 2865 2021- 4-24  9:33     # 54 36  161 47  14.12 0.69  0.0   12  6.8  6.9      2865
  SEQ ---DATE--- TIME REMARK -LAT-  --LON-  DEPTH  RMS PMAG  NUM  ERH  ERZ  ID
 2866 2021- 4-24  9:58     - 55 24  162 44  11.94 0.22  0.0    8  3.0 15.9      2866
 2867 2021- 4-24 19:49     - 55 16  161 46   8.84 0.11  0.0    4  8.9 10.9      2867
 2868 2021- 4-25  0:01       54 35  162 40  15.27 0.15  0.0    7  8.9  1.0      2868
 *** DISTANCE & RESIDUAL WEIGHTING CANCELLED FOR EVENT: 2021  4 25  1 22
 2869 2021- 4-25  1:22     - 54 57  162 12  14.91 0.13  0.0    4 14.8 13.9      2869
 2870 2021- 4-25  1:44     - 54 40  161 20  17.90 0.22  0.0   17  1.2 22.2      2870
 2871 2021- 4-25  3:31     - 54 47  160 33  15.00 0.18  0.0    9 18.1 19.7      2871
 2872 2021- 4-25  3:31     - 54 56  160 56  28.05 0.18  0.0    7 15.4  2.7      2872
 *** DISTANCE & RESIDUAL WEIGHTING CANCELLED FOR EVENT: 2021  4 25  6 36
 2873 2021- 4-25  6:36     - 54 47  162  1  12.24 0.07  0.0    4  9.7 12.8      2873
 2874 2021- 4-25  7:59       55 22  162 17  34.44 0.00  0.0    4  3.3  7.7      2874
 2875 2021- 4-25 10:08     - 55 17  163 30  15.00 0.20  0.0    5 15.5 20.8      2875
 2876 2021- 4-25 11:37     - 55 10  161 28  10.93 0.06  0.0    4 12.8  8.8      2876
 2877 2021- 4-25 14:49     - 54 35  160 59  15.64 0.23  0.0    9  9.9 20.4      2877
 2878 2021- 4-25 16:49     - 54 24  162 14  17.72 0.16  0.0    9  3.3 18.3      2878
 2879 2021- 4-25 18:17     - 55 24  161 53  65.78 0.19  0.0    9  4.4 15.4      2879
 *** DISTANCE & RESIDUAL WEIGHTING CANCELLED FOR EVENT: 2021  4 25 18 18
 2880 2021- 4-25 18:18     # 55 13  161 49  15.00 0.31  0.0    4 14.9  9.2      2880
  SEQ ---DATE--- TIME REMARK -LAT-  --LON-  DEPTH  RMS PMAG  NUM  ERH  ERZ  ID
 2881 2021- 4-25 21:01       55 23  161 49  16.08 0.00  0.0    4  1.1  2.0      2881
 2882 2021- 4-25 21:03       55 29  161 41  27.71 0.11  0.0    9  2.3  2.3      2882
 2883 2021- 4-25 22:11     - 55 53  163  7  14.94 0.01  0.0    4  5.2 11.3      2883
 2884 2021- 4-25 22:39     # 55  6  162  7  34.68 0.37  0.0    8  8.5 16.3      2884
 2885 2021- 4-26  7:29     - 54 38  161 29  14.84 0.04  0.0    5  5.9 11.4      2885
 2886 2021- 4-26  8:18     - 54 34  161 10  15.15 0.06  0.0    9  5.8 11.6      2886
 2887 2021- 4-26 10:44     - 54 51  161  8  17.00 0.22  0.0   10 17.1 22.4      2887
 2888 2021- 4-26 10:44     - 54 47  160 57  15.03 0.09  0.0    7 12.2 14.4      2888
 2889 2021- 4-26 13:09     - 54 51  161 18  32.14 0.06  0.0    6 12.0  1.0      2889
 2890 2021- 4-26 13:10     - 54 59  161 20  28.19 0.32  0.0    5 25.8  6.9      2890
 2891 2021- 4-26 14:39     - 54 43  160 57  15.00 0.19  0.0   10 15.8 20.0      2891
 2892 2021- 4-26 14:39     - 54 29  160 31   7.24 0.19  0.0    9 13.9  8.8      2892
 2893 2021- 4-26 15:12     - 54 60  162 46  14.97 0.06  0.0    4 12.0 10.1      2893
 2894 2021- 4-26 15:12     - 54 59  162 59  12.67 0.21  0.0    5 14.2  5.2      2894
 2895 2021- 4-26 15:52     - 55  4  161 31  14.28 0.23  0.0    4 17.0 17.8      2895
  SEQ ---DATE--- TIME REMARK -LAT-  --LON-  DEPTH  RMS PMAG  NUM  ERH  ERZ  ID
 2896 2021- 4-26 17:39     - 55 10  161 17  15.09 0.08  0.0    4 13.7 10.0      2896
 2897 2021- 4-26 18:16     # 54 26  161 15   0.12 0.19  0.0   13  5.1 11.3      2897
 2898 2021- 4-26 18:16     - 55  8  161 26   9.61 0.26  0.0    5 20.2 23.3      2898
 2899 2021- 4-27  2:25     - 54 40  161 19  15.99 0.14  0.0    7 14.2 17.0      2899
 2900 2021- 4-27  2:25     - 54 32  161  5  15.04 0.34  0.0    8 24.7 30.6      2900
 2901 2021- 4-27  2:32     - 56  0  162 52  14.92 0.20  0.0    7  9.2 18.4      2901
 2902 2021- 4-27  2:33     - 55 24  161 34   6.64 0.06  0.0    5  6.5 11.7      2902
 *** DISTANCE & RESIDUAL WEIGHTING CANCELLED FOR EVENT: 2021  4 27  2 34
 2903 2021- 4-27  2:33     - 55 36  161 10  15.00 1.91  0.0    4 96.1 26.9      2903
 2904 2021- 4-27  4:51       54 16  161  2   9.95 0.17  0.0    8 11.1  4.6      2904
 2905 2021- 4-27  4:51     - 54 56  162 46  14.85 0.01  0.0    4  3.4 12.0      2905
 2906 2021- 4-27  4:52     - 55 11  161 30   8.90 0.09  0.0    5 10.3  8.4      2906
 2907 2021- 4-27  6:18       54 16  161  3  10.88 0.17  0.0    9  8.8  4.6      2907
 2908 2021- 4-27  6:18     - 54 41  161 21  12.72 0.23  0.0    6 20.2  3.9      2908
 *** DISTANCE & RESIDUAL WEIGHTING CANCELLED FOR EVENT: 2021  4 27  8  7
 2909 2021- 4-27  8:06     - 55  8  162 18  15.00 1.15  0.0    4 95.3 55.3      2909
 2910 2021- 4-27  8:34     - 54 32  163 18  15.80 0.15  0.0    7  7.9 16.0      2910
  SEQ ---DATE--- TIME REMARK -LAT-  --LON-  DEPTH  RMS PMAG  NUM  ERH  ERZ  ID
 2911 2021- 4-27 12:45     - 54 50  160 51  15.00 0.22  0.0   11 16.6 22.2      2911
 2912 2021- 4-27 12:45     - 54 26  160 11  14.13 0.41  0.0    9 26.8 15.3      2912
 2913 2021- 4-27 13:14       55 17  161 48  14.94 0.00  0.0    4  2.6  1.0      2913
 2914 2021- 4-27 13:32     - 54 58  161 27  14.99 0.30  0.0    5 19.4 21.2      2914
 2915 2021- 4-27 13:49     - 54 52  160 54  15.95 0.21  0.0    7 20.2 21.8      2915
 *** DISTANCE & RESIDUAL WEIGHTING CANCELLED FOR EVENT: 2021  4 27 13 50
 2916 2021- 4-27 13:49     - 55  1  160 59  15.00 0.26  0.0    4 24.1  6.2      2916
 2917 2021- 4-27 17:28     - 55 14  161 20  17.39 0.13  0.0    4 11.6 11.7      2917
 *** DISTANCE & RESIDUAL WEIGHTING CANCELLED FOR EVENT: 2021  4 27 17 56
 2918 2021- 4-27 17:56     - 55 19  161  2  17.56 0.18  0.0    4  2.8 19.4      2918
 2919 2021- 4-27 19:30     - 55  8  161 54   8.78 0.17  0.0    6  9.9  9.8      2919
 *** DISTANCE & RESIDUAL WEIGHTING CANCELLED FOR EVENT: 2021  4 27 19 30
 2920 2021- 4-27 19:30     # 55 12  162  7  14.99 0.93  0.0    6  6.0 12.0      2920
 2921 2021- 4-27 20:24     - 54 33  163 19  15.10 0.05  0.0    5  6.4 11.9      2921
 *** DISTANCE & RESIDUAL WEIGHTING CANCELLED FOR EVENT: 2021  4 27 20 24
 2922 2021- 4-27 20:24     - 54 53  162 37  11.51 0.44  0.0    4 30.4  5.5      2922
 2923 2021- 4-27 23:14     - 55  5  161 10  15.07 0.12  0.0    4 15.5 13.3      2923
 2924 2021- 4-27 23:14     - 54 54  161 17  31.50 0.09  0.0    5 13.2  0.7      2924
 2925 2021- 4-27 23:34     - 54 57  162  6   8.88 0.10  0.0    4 14.3 12.2      2925
 *** DISTANCE & RESIDUAL WEIGHTING CANCELLED FOR EVENT: 2021  4 27 23 37
  SEQ ---DATE--- TIME REMARK -LAT-  --LON-  DEPTH  RMS PMAG  NUM  ERH  ERZ  ID
 2926 2021- 4-27 23:37     - 55  0  161 38   7.50 0.54  0.0    4 30.8 32.9      2926
 *** DISTANCE & RESIDUAL WEIGHTING CANCELLED FOR EVENT: 2021  4 27 23 37
 2927 2021- 4-27 23:37     - 54 49  161 16   4.93 0.89  0.0    4 66.7 71.0      2927
 2928 2021- 4-28  3:42     - 54 49  160 54  36.69 0.23  0.0   10 15.8 12.9      2928
 2929 2021- 4-28  3:42     - 54 37  160 34  15.00 0.21  0.0    8 16.8 21.3      2929
 2930 2021- 4-28  4:31     - 54 49  160 58  16.71 0.20  0.0   19  7.6 14.8      2930
 2931 2021- 4-28  6:01     - 54 43  160 50  15.00 0.19  0.0   11 17.4 19.9      2931
 2932 2021- 4-28  6:01     - 54 43  160 50  21.84 0.19  0.0    8 16.9  4.3      2932
 *** DISTANCE & RESIDUAL WEIGHTING CANCELLED FOR EVENT: 2021  4 28  6 35
 2933 2021- 4-28  6:35     - 55 34  161 57  18.37 0.48  0.0    4 41.5  3.9      2933
 2934 2021- 4-28 10:22     - 54 25  162 43  17.15 0.18  0.0    7  3.4 19.2      2934
 2935 2021- 4-28 19:08     - 55  6  161  3  15.57 0.14  0.0    7 12.2  2.0      2935
 *** DISTANCE & RESIDUAL WEIGHTING CANCELLED FOR EVENT: 2021  4 28 19  9
 2936 2021- 4-28 19:09     - 55 20  160 40  15.00 0.40  0.0    4 31.1 35.7      2936
 2937 2021- 4-28 21:55     - 55 19  162 13   1.73 0.26  0.0    5  3.3 19.1      2937
 2938 2021- 4-29  0:13     - 55  3  162 39  40.16 0.03  0.0    5  8.6  7.2      2938
 2939 2021- 4-29  1:20       55 11  161 54  13.71 0.01  0.0    4  2.0  2.6      2939
 2940 2021- 4-29  1:20     - 55 13  162  9   6.63 0.13  0.0    5  1.5 13.7      2940
  SEQ ---DATE--- TIME REMARK -LAT-  --LON-  DEPTH  RMS PMAG  NUM  ERH  ERZ  ID
 2941 2021- 4-29  3:54       55 15  160 52  76.11 0.16  0.0    9  3.3  2.9      2941
 2942 2021- 4-29  4:17     - 55 16  163 46  15.00 0.28  0.0    7 17.1 26.6      2942
 *** DISTANCE & RESIDUAL WEIGHTING CANCELLED FOR EVENT: 2021  4 29  4 20
 2943 2021- 4-29  4:20     - 54 44  163 31  14.96 0.22  0.0    4 14.0 19.9      2943
 2944 2021- 4-29  4:59     - 55 10  162  5  15.16 0.16  0.0    5  7.2 15.4      2944
 2945 2021- 4-29  5:11     - 55 12  163 23  16.60 0.42  0.0    9 16.6 31.3      2945
 2946 2021- 4-29  5:10     - 54 22  161 37  14.43 0.19  0.0    6 12.5 17.7      2946
 2947 2021- 4-29  5:23     - 55  8  163 27  15.00 0.55  0.0    9 21.0 40.5      2947
 2948 2021- 4-29  6:37     - 55 13  162 44  14.83 0.29  0.0    6  7.3 25.3      2948
 2949 2021- 4-29  9:00     - 55 14  161  4  34.02 0.16  0.0   10 13.4  7.2      2949
 2950 2021- 4-29  9:00     - 55 10  161 19  15.11 0.11  0.0    4 11.3 14.5      2950
 2951 2021- 4-29  9:17     - 55 26  163 26  17.32 0.87  0.0   12  5.5 73.8      2951
 2952 2021- 4-29  9:46     - 55 19  163 11  11.22 0.03  0.0    4  3.0 12.7      2952
 2953 2021- 4-29 12:41     - 55 52  161  1  13.46 0.15  0.0    5 13.6 16.6      2953
 2954 2021- 4-29 13:27     - 54 40  162 18   7.05 0.19  0.0   10 17.1 19.3      2954
 *** DISTANCE & RESIDUAL WEIGHTING CANCELLED FOR EVENT: 2021  4 29 13 27
 2955 2021- 4-29 13:27     - 54 45  161 55   8.91 0.46  0.0    5 37.4  7.7      2955
  SEQ ---DATE--- TIME REMARK -LAT-  --LON-  DEPTH  RMS PMAG  NUM  ERH  ERZ  ID
 2956 2021- 4-29 15:32       55 25  161 50  13.45 0.00  0.0    4  4.3  2.3      2956
 2957 2021- 4-29 16:48     - 54 49  162 41  28.20 0.12  0.0    7 13.4  6.5      2957
 *** DISTANCE & RESIDUAL WEIGHTING CANCELLED FOR EVENT: 2021  4 29 17 11
 2958 2021- 4-29 17:10     # 54 58  162 23  17.63 0.79  0.0    5 13.3 18.6      2958
 2959 2021- 4-29 17:55     - 55 14  161 14  12.26 0.25  0.0    4 19.6 15.8      2959
 *** DISTANCE & RESIDUAL WEIGHTING CANCELLED FOR EVENT: 2021  4 29 17 56
 2960 2021- 4-29 17:56     # 55 14  161 51   1.91 0.72  0.0    5  3.6 21.6      2960
 2961 2021- 4-29 20:07     - 54 51  161 17  28.38 0.12  0.0   10 12.2  2.5      2961
 2962 2021- 4-29 20:07     - 54 56  161 29  11.16 0.11  0.0    4 11.3  9.8      2962
 2963 2021- 4-29 23:11     - 54 28  160 50  14.63 0.09  0.0    4  6.8 13.0      2963
 *** DISTANCE & RESIDUAL WEIGHTING CANCELLED FOR EVENT: 2021  4 30  0  0
 2964 2021- 4-29 23:59     - 55 34  163 25  16.52 0.44  0.0    4 30.1 39.0      2964
 *** DISTANCE & RESIDUAL WEIGHTING CANCELLED FOR EVENT: 2021  4 30  4 48
 2965 2021- 4-30  4:48     - 55 36  161 33  23.47 0.21  0.0    4  9.3 13.2      2965
 2966 2021- 4-30  5:47     - 54 51  162 45  10.85 0.07  0.0    5 13.2  8.4      2966
 *** DISTANCE & RESIDUAL WEIGHTING CANCELLED FOR EVENT: 2021  4 30  7 58
 2967 2021- 4-30  7:58     - 55 23  161 41  13.54 0.48  0.0    4 30.0 17.6      2967
 2968 2021- 4-30  8:07     - 54 50  160 59  31.77 0.23  0.0   10 18.4  2.4      2968
 2969 2021- 4-30  8:07     - 54 24  160  9  14.12 0.32  0.0    9 23.2 14.2      2969
 2970 2021- 4-30  8:27       55 26  161 42   4.45 0.00  0.0    4  2.2  2.8      2970
 *** DISTANCE & RESIDUAL WEIGHTING CANCELLED FOR EVENT: 2021  4 30 10  3
  SEQ ---DATE--- TIME REMARK -LAT-  --LON-  DEPTH  RMS PMAG  NUM  ERH  ERZ  ID
 2971 2021- 4-30 10:03     - 55 13  161 35  28.32 1.01  0.0    4 84.9 12.9      2971
 *** DISTANCE & RESIDUAL WEIGHTING CANCELLED FOR EVENT: 2021  4 30 10 53
 2972 2021- 4-30 10:53     - 54 16  162 32  15.00 0.56  0.0    4 48.1 43.2      2972
 *** DISTANCE & RESIDUAL WEIGHTING CANCELLED FOR EVENT: 2021  4 30 12 55
 2973 2021- 4-30 12:55     # 55 16  162  2  15.00 0.44  0.0    4 13.7 21.1      2973
 2974 2021- 4-30 13:01     - 54 48  160 38  14.83 0.13  0.0   12  7.1 13.8      2974
 2975 2021- 4-30 13:01     - 55 24  161 59  28.78 3.58  0.0    6 98.6 40.7      2975
 2976 2021- 4-30 13:38     # 55  6  163 34   9.37 0.26  0.0    9  3.8  3.2      2976
 2977 2021- 4-30 13:38     - 54 24  161 38  15.26 0.11  0.0    5 11.0 13.5      2977
 2978 2021- 4-30 14:16       55 13  162  1  21.46 0.00  0.0    4  2.2  2.2      2978
 2979 2021- 4-30 14:17     - 55 20  160 52  39.41 0.24  0.0    9 18.3  9.3      2979
 2980 2021- 4-30 14:18       55 23  161 12  41.24 0.34  0.0    8 17.0  5.3      2980
 2981 2021- 4-30 14:20     - 54 58  162 15  14.94 0.00  0.0    4  5.4 10.8      2981
 2982 2021- 4-30 14:48     - 54 55  160 18  11.18 0.25  0.0    7 11.0 21.0      2982
 2983 2021- 4-30 15:11     - 55  2  161 19  11.84 0.12  0.0    5  9.9 11.1      2983
 2984 2021- 4-30 15:17     - 54 50  163 10  18.06 0.32  0.0    7  5.9 26.8      2984
 2985 2021- 4-30 16:37     - 54 60  161  4  15.30 0.16  0.0    6 16.6  1.9      2985
  SEQ ---DATE--- TIME REMARK -LAT-  --LON-  DEPTH  RMS PMAG  NUM  ERH  ERZ  ID
 2986 2021- 4-30 16:37     - 55 19  161 49  21.50 0.00  0.0    4  7.7  7.0      2986
 2987 2021- 4-30 17:52     - 54 27  163 13   6.00 0.17  0.0    7  7.4 14.1      2987
 *** DISTANCE & RESIDUAL WEIGHTING CANCELLED FOR EVENT: 2021  4 30 17 52
 2988 2021- 4-30 17:52     - 54 45  162 46   5.45 0.57  0.0    4 39.6 48.8      2988
 2989 2021- 4-30 18:21       54 60  163  0  15.08 0.17  0.0    9  1.5  0.6      2989
 2990 2021- 4-30 18:22     - 55 33  162  9   0.08 0.64  0.0    4  7.1 44.1      2990
 2991 2021- 4-30 18:24       55  3  162 52  16.57 0.09  0.0    8  1.0  0.6      2991
 2992 2021- 4-30 18:25       55  4  162 51   9.89 0.03  0.0    5  1.4  8.3      2992
 2993 2021- 4-30 18:36     - 54 30  161 52  16.47 0.17  0.0    8  8.4 16.5      2993
 2994 2021- 4-30 18:46     - 54 58  162 21  42.47 0.01  0.0    4 12.5  1.5      2994
 2995 2021- 4-30 19:41       55  4  162 49  15.94 0.16  0.0    8  1.2  1.0      2995
 2996 2021- 4-30 19:47     - 54 60  163 21  17.26 0.39  0.0    6  3.9 35.0      2996
 2997 2021- 4-30 19:47       54 31  161 30   9.66 0.14  0.0    9 10.0  3.0      2997
 2998 2021- 4-30 20:00     - 55  3  162 49  15.04 0.20  0.0    7  5.5 14.4      2998
 2999 2021- 4-30 20:24     - 54 34  161 21  15.03 0.16  0.0   15  7.0 13.8      2999
 3000 2021- 4-30 22:33     - 55  8  163 38  14.51 0.72  0.0   10 27.2 53.3      3000
  SEQ ---DATE--- TIME REMARK -LAT-  --LON-  DEPTH  RMS PMAG  NUM  ERH  ERZ  ID
 3001 2021- 4-30 23:15     - 54 53  161 47   6.60 0.17  0.0   16  0.9 18.5      3001
 *** DISTANCE & RESIDUAL WEIGHTING CANCELLED FOR EVENT: 2021  5  1  0  4
 3002 2021- 5- 1  0:03     # 55 10  162  8  15.06 0.63  0.0    6 28.9  8.5      3002
 3003 2021- 5- 1  0:15     - 55  6  163 18  20.07 0.72  0.0   11  6.4 58.1      3003
 3004 2021- 5- 1  0:22     - 54 31  161 55  17.18 0.28  0.0   16  1.9 26.1      3004
 3005 2021- 5- 1  1:01     - 55 48  161 44  17.66 0.07  0.0    4  2.3 13.8      3005
 3006 2021- 5- 1  1:17     - 55 25  161 51  19.46 0.03  0.0    4 12.7  1.7      3006
 3007 2021- 5- 1  2:31     - 54 46  162 39  15.09 0.07  0.0    4 10.9  7.4      3007
 *** DISTANCE & RESIDUAL WEIGHTING CANCELLED FOR EVENT: 2021  5  1  3 54
 3008 2021- 5- 1  3:54     - 55 18  161 31   2.56 0.32  0.0    4  7.8 24.7      3008
 3009 2021- 5- 1  4:10     # 55  4  163 21  14.15 1.06  0.0   12 20.2 17.0      3009
 3010 2021- 5- 1  4:34     - 54 35  161 14  15.03 0.16  0.0   13  6.8 13.4      3010
 3011 2021- 5- 1  4:58     - 55 26  160 49  47.99 0.18  0.0    7 14.6  6.0      3011
 3012 2021- 5- 1  4:58     - 55 15  160 40  15.02 0.17  0.0    6 16.4 18.7      3012
 3013 2021- 5- 1  5:13       55 29  161 28  47.16 0.09  0.0    5  6.9  3.7      3013
 *** DISTANCE & RESIDUAL WEIGHTING CANCELLED FOR EVENT: 2021  5  1  8  0
 3014 2021- 5- 1  7:59     # 55 22  161 55  36.63 0.28  0.0    4 10.3 13.8      3014
 3015 2021- 5- 1  8:21     - 54 56  162 42  13.74 0.01  0.0    4  3.7 11.8      3015
  SEQ ---DATE--- TIME REMARK -LAT-  --LON-  DEPTH  RMS PMAG  NUM  ERH  ERZ  ID
 3016 2021- 5- 1  9:51     - 54 24  161 34  14.75 0.26  0.0    9 10.8 21.7      3016
 3017 2021- 5- 1  9:52       55 17  161 47   6.41 0.00  0.0    4  1.7  0.5      3017
 *** DISTANCE & RESIDUAL WEIGHTING CANCELLED FOR EVENT: 2021  5  1  9 53
 3018 2021- 5- 1  9:53     - 55 22  161 49   0.18 0.23  0.0    4 23.1 19.1      3018
 *** DISTANCE & RESIDUAL WEIGHTING CANCELLED FOR EVENT: 2021  5  1 13 32
 3019 2021- 5- 1 13:32     # 55 14  161 44  15.01 0.68  0.0    4 16.1  8.6      3019
 3020 2021- 5- 1 14:58     # 55  9  162  2  23.54 2.41  0.0    5 29.3 52.6      3020
 3021 2021- 5- 1 15:26     - 55 36  160 12  14.69 0.29  0.0    9 12.3 24.3      3021
 3022 2021- 5- 2  0:39     - 55 22  162 59   9.77 0.26  0.0    6  6.1 25.1      3022
 3023 2021- 5- 2  2:15     - 54 44  161  7  42.23 0.15  0.0    4 17.3  6.4      3023
 3024 2021- 5- 2  2:50     - 54 47  162 59  11.20 0.26  0.0    5 19.2 15.7      3024
 *** DISTANCE & RESIDUAL WEIGHTING CANCELLED FOR EVENT: 2021  5  2  3  3
 3025 2021- 5- 2  3:02     - 54 38  163 24  14.22 0.45  0.0    4 37.1 35.1      3025
 3026 2021- 5- 2  3:37     - 55 32  163 11  14.35 0.04  0.0    4  5.8 11.5      3026
 3027 2021- 5- 2  5:28     - 54 24  161 36  14.64 0.23  0.0    7 10.0 19.8      3027
 3028 2021- 5- 3  0:16     # 55  3  163 20  11.00 0.35  0.0    8  8.5  7.0      3028
 3029 2021- 5- 3  0:16     - 54 44  161 20  16.70 0.22  0.0    8  8.4 18.2      3029
 3030 2021- 5- 3  0:29     - 54 49  163  7  15.27 0.17  0.0    6 15.2 11.3      3030
  SEQ ---DATE--- TIME REMARK -LAT-  --LON-  DEPTH  RMS PMAG  NUM  ERH  ERZ  ID
 3031 2021- 5- 3  0:29     - 54 60  161 31  14.02 0.22  0.0    8 17.9  5.3      3031
 3032 2021- 5- 3  1:47     - 54 53  161  3  39.54 0.19  0.0    8 18.3  8.9      3032
 3033 2021- 5- 3  1:47     - 54 41  160 39  37.62 0.31  0.0    9 20.7 24.2      3033
 3034 2021- 5- 3  5:03     - 54 23  161 36  14.98 0.27  0.0    6 11.4 22.7      3034
 *** DISTANCE & RESIDUAL WEIGHTING CANCELLED FOR EVENT: 2021  5  3  5 17
 3035 2021- 5- 3  5:17     - 55  1  161 57  14.94 0.58  0.0    4 14.9 46.1      3035
 3036 2021- 5- 3  6:11     - 55 22  161 49   0.14 0.07  0.0    4  1.1 10.9      3036
 *** DISTANCE & RESIDUAL WEIGHTING CANCELLED FOR EVENT: 2021  5  3  6 15
 3037 2021- 5- 3  6:15     # 55 11  161 39  13.66 0.48  0.0    5 17.1  9.5      3037
 3038 2021- 5- 3  6:15     - 55 15  161 29   7.76 0.14  0.0    4 14.4 13.6      3038
 3039 2021- 5- 3  7:32     - 54 34  161 17  15.03 0.17  0.0   18  7.1 14.1      3039
 3040 2021- 5- 3  7:40     - 54 53  161 20  28.82 0.14  0.0    8 14.3  5.9      3040
 3041 2021- 5- 3 10:25     - 55 13  163 23  16.31 0.62  0.0    6 24.7 46.5      3041
 3042 2021- 5- 3 10:47       54 48  163  4  12.16 0.04  0.0    5  3.1  1.2      3042
 3043 2021- 5- 3 12:08     - 54 34  161 17  15.08 0.13  0.0   16  6.3 12.4      3043
 3044 2021- 5- 3 14:10     - 54 32  161 13  14.92 0.11  0.0    8  6.7 12.9      3044
 3045 2021- 5- 3 14:33     - 55 20  161 10   7.97 0.07  0.0    4 11.7 12.3      3045
  SEQ ---DATE--- TIME REMARK -LAT-  --LON-  DEPTH  RMS PMAG  NUM  ERH  ERZ  ID
 3046 2021- 5- 3 14:33     - 55 22  161  4   9.56 0.11  0.0    5 11.7 10.2      3046
 3047 2021- 5- 3 16:39     - 54 26  163  9  15.17 0.14  0.0    6  9.4 15.5      3047
 3048 2021- 5- 3 17:17     - 54 58  160 42  15.05 0.19  0.0   12  8.8 17.6      3048
 3049 2021- 5- 3 19:00       55 26  161 52  29.82 0.08  0.0    9  1.5  0.9      3049
 3050 2021- 5- 3 19:01     # 55 25  161 54  48.43 0.33  0.0   11  6.7  2.6      3050
 *** DISTANCE & RESIDUAL WEIGHTING CANCELLED FOR EVENT: 2021  5  3 20 47
 3051 2021- 5- 3 20:47     - 55  8  161 38   7.69 0.17  0.0    4  5.3 16.9      3051
 3052 2021- 5- 3 20:52     - 54 51  162 28  12.57 0.08  0.0    4 13.2  5.0      3052
 3053 2021- 5- 3 21:38     - 54 60  161 24  14.96 0.11  0.0    5 12.7  9.5      3053
 3054 2021- 5- 3 21:38     - 55  2  161 35  18.50 0.05  0.0    4 11.8  4.7      3054
 3055 2021- 5- 4  6:52     - 54 33  162 30  60.00 0.03  0.0    4 12.7  3.6      3055
 3056 2021- 5- 4  9:01     - 55 26  163  3  15.08 0.04  0.0    4  4.5  9.7      3056
 3057 2021- 5- 4 12:29     - 55 21  160 54  34.15 0.09  0.0    7 12.3 10.3      3057
 3058 2021- 5- 4 12:30     - 55 12  161  7  16.23 0.24  0.0    7 16.9  4.0      3058
 3059 2021- 5- 4 16:49     - 54 49  162 28  20.31 0.50  0.0    6 38.8 17.8      3059
 3060 2021- 5- 4 17:00     - 55  3  161 27  23.49 0.07  0.0    6 11.4  3.3      3060
  SEQ ---DATE--- TIME REMARK -LAT-  --LON-  DEPTH  RMS PMAG  NUM  ERH  ERZ  ID
 3061 2021- 5- 4 17:00     - 54 51  162 28  32.63 0.14  0.0    5 15.9  0.9      3061
 3062 2021- 5- 4 19:44     - 55  5  161 45  29.00 0.13  0.0    4 13.1  6.8      3062
 3063 2021- 5- 4 23:10     - 55 15  162 45  14.02 0.06  0.0    4  5.1 13.2      3063
 3064 2021- 5- 5  1:10     - 55 23  160 24  18.07 0.53  0.0    9  8.5 46.0      3064
 3065 2021- 5- 5  1:43     - 55 15  161 38  10.35 0.04  0.0    4 13.0  2.5      3065
 3066 2021- 5- 5  2:30       55 16  161 46  12.68 0.00  0.0    4  3.7  2.3      3066
 3067 2021- 5- 5  4:09     - 55 22  161 16  29.90 0.01  0.0    4  7.4  9.7      3067
 *** DISTANCE & RESIDUAL WEIGHTING CANCELLED FOR EVENT: 2021  5  5  4 54
 3068 2021- 5- 5  4:54     - 54 28  163 11  14.99 0.29  0.0    4 19.5 24.6      3068
 3069 2021- 5- 5  5:48     - 55 16  162 15  11.42 0.17  0.0    5  3.8 13.8      3069
 3070 2021- 5- 5  6:00     - 55 14  162 49  14.95 0.16  0.0    4  4.3 17.0      3070
 3071 2021- 5- 5  7:39       55 21  161 46  16.17 0.15  0.0    8  2.1  1.4      3071
 3072 2021- 5- 5  7:52     - 55 11  162 18  14.45 0.09  0.0    5  5.7  9.7      3072
 3073 2021- 5- 5  7:59     - 55 18  162  3  55.30 0.02  0.0    4  4.3  9.3      3073
 3074 2021- 5- 5  8:17     - 54 58  161 15  14.29 0.22  0.0    5 19.6 15.6      3074
 3075 2021- 5- 5 10:18     # 55 11  160 46  15.27 0.12  0.0    4  9.4  6.3      3075
  SEQ ---DATE--- TIME REMARK -LAT-  --LON-  DEPTH  RMS PMAG  NUM  ERH  ERZ  ID
 3076 2021- 5- 5 10:51     - 54 15  161 48  17.92 0.51  0.0    8  5.0 44.0      3076
 3077 2021- 5- 5 12:34     - 55 22  162 16   7.64 0.08  0.0    4  1.6 13.4      3077
 3078 2021- 5- 5 13:10     - 54 43  160 44  15.00 0.21  0.0   11 18.4 21.7      3078
 3079 2021- 5- 5 13:10     - 54 41  160 54  71.45 0.27  0.0    7 23.7 10.6      3079
 3080 2021- 5- 5 13:16     - 54 40  161 27  33.47 0.13  0.0    6  5.2 16.1      3080
 3081 2021- 5- 5 14:17     - 54 58  161  5  12.61 0.16  0.0   10  2.1 15.0      3081
 3082 2021- 5- 5 14:17     - 54 49  160 49  15.13 0.19  0.0    9  8.5 16.7      3082
 3083 2021- 5- 5 14:20     - 55  1  161 27  28.27 0.15  0.0    5 13.9  4.3      3083
 3084 2021- 5- 5 14:20     - 54 57  161 19  31.77 0.08  0.0    6 10.0  0.6      3084
 3085 2021- 5- 5 21:40       55 27  161 51  25.21 0.02  0.0    5  2.9  3.3      3085
 3086 2021- 5- 6  0:19     - 54 37  163 24  14.86 0.09  0.0    6  6.4 12.9      3086
 *** DISTANCE & RESIDUAL WEIGHTING CANCELLED FOR EVENT: 2021  5  6  1 17
 3087 2021- 5- 6  1:17     - 54 36  163 34  14.72 0.14  0.0    4 12.0 15.3      3087
 3088 2021- 5- 6  2:11     - 54 40  162 21   9.70 0.15  0.0    6  3.6 15.9      3088
 3089 2021- 5- 6  6:49     - 55 42  160 17  15.00 0.29  0.0    7 26.0 26.9      3089
 3090 2021- 5- 6  6:50     - 55 22  163  5  11.55 0.23  0.0    6  2.7 22.6      3090
 *** DISTANCE & RESIDUAL WEIGHTING CANCELLED FOR EVENT: 2021  5  6  8 15
  SEQ ---DATE--- TIME REMARK -LAT-  --LON-  DEPTH  RMS PMAG  NUM  ERH  ERZ  ID
 3091 2021- 5- 6  8:15     - 54 47  162 13  14.94 0.36  0.0    4 27.2 19.1      3091
 *** DISTANCE & RESIDUAL WEIGHTING CANCELLED FOR EVENT: 2021  5  6  8 32
 3092 2021- 5- 6  8:32     - 55  6  162 18  16.26 0.41  0.0    5 30.0 17.8      3092
 3093 2021- 5- 6 11:47     - 55 10  161 30  15.08 0.07  0.0    5  2.9 10.5      3093
 3094 2021- 5- 6 12:12     - 54 60  162 22  12.09 0.02  0.0    4 10.6  6.1      3094
 *** DISTANCE & RESIDUAL WEIGHTING CANCELLED FOR EVENT: 2021  5  6 16 33
 3095 2021- 5- 6 16:32     - 55  9  162 10  37.97 0.47  0.0    4 40.9  7.1      3095
 3096 2021- 5- 7  3:49       54 33  160 43  17.36 0.14  0.0   12  3.3  2.8      3096
 3097 2021- 5- 7  3:49     - 54 37  160 51  22.05 0.23  0.0    9 20.4  5.3      3097
 3098 2021- 5- 7  7:37     - 55 14  161 25  10.13 0.15  0.0    4 17.3 12.8      3098
 3099 2021- 5- 7  7:37     - 55 14  160 37  15.00 0.30  0.0    6 23.3 27.8      3099
 3100 2021- 5- 7 16:23     - 54 58  161 27  24.67 0.23  0.0    7 18.6  9.1      3100
 3101 2021- 5- 7 16:23     - 54 44  160 54  15.01 0.31  0.0    7 23.5 28.3      3101
 *** DISTANCE & RESIDUAL WEIGHTING CANCELLED FOR EVENT: 2021  5  7 20 28
 3102 2021- 5- 7 20:28     - 55  2  162 16  16.42 2.63  0.0    4 98.8 40.9      3102
 3103 2021- 5- 7 21:03     # 55 22  162 21  13.34 0.20  0.0    4  5.6 11.5      3103
 3104 2021- 5- 7 23:46     - 55  2  162  9  51.97 0.17  0.0    7  7.1 15.6      3104
 3105 2021- 5- 8  0:30     - 54 34  161 25  18.19 0.19  0.0   11  1.7 19.7      3105
  SEQ ---DATE--- TIME REMARK -LAT-  --LON-  DEPTH  RMS PMAG  NUM  ERH  ERZ  ID
 3106 2021- 5- 8  1:54       55  9  161 52  28.83 0.00  0.0    4  5.2  3.6      3106
 3107 2021- 5- 8  3:41     - 54 50  161  8  28.73 0.20  0.0    9 17.9  2.9      3107
 3108 2021- 5- 8  3:41     - 54 46  160 59  15.04 0.10  0.0    5 13.4 14.7      3108
 *** DISTANCE & RESIDUAL WEIGHTING CANCELLED FOR EVENT: 2021  5  8  3 41
 3109 2021- 5- 8  3:41     - 55 17  161 20  15.05 0.15  0.0    4 16.6  3.7      3109
 3110 2021- 5- 8  3:47     - 54 53  162 35  12.30 0.11  0.0    6 14.2  4.5      3110
 *** DISTANCE & RESIDUAL WEIGHTING CANCELLED FOR EVENT: 2021  5  8  3 48
 3111 2021- 5- 8  3:48     - 54 57  162 19   4.69 0.02  0.0    4 11.3  1.0      3111
 3112 2021- 5- 8  5:35       55 23  161 40  10.84 0.21  0.0    5  4.4  1.7      3112
 3113 2021- 5- 8  7:02     - 54 47  162 40  18.94 0.05  0.0    4 12.7  3.7      3113
 3114 2021- 5- 8  8:52     - 54 45  161 37  12.43 0.24  0.0    4 18.9 23.1      3114
 3115 2021- 5- 8 10:33     - 54 56  162 19  14.76 0.10  0.0    5  9.5 10.7      3115
 3116 2021- 5- 8 10:34     - 54 57  162 21  14.71 0.02  0.0    4  9.1  8.2      3116
 *** DISTANCE & RESIDUAL WEIGHTING CANCELLED FOR EVENT: 2021  5  8 11  7
 3117 2021- 5- 8 11:07     - 55 16  161 39  19.28 0.19  0.0    4 20.3  3.7      3117
 3118 2021- 5- 8 13:32     - 54 47  161  7  31.24 0.19  0.0    9 18.0  2.0      3118
 3119 2021- 5- 8 13:32     - 54 28  160 42  15.00 0.20  0.0    9 16.4 20.6      3119
 3120 2021- 5- 8 14:00       55  8  161 46  29.35 0.00  0.0    4  2.7  1.6      3120
  SEQ ---DATE--- TIME REMARK -LAT-  --LON-  DEPTH  RMS PMAG  NUM  ERH  ERZ  ID
 3121 2021- 5- 8 16:09     - 54 46  161  7  14.59 0.18  0.0    5  8.8 17.2      3121
 *** DISTANCE & RESIDUAL WEIGHTING CANCELLED FOR EVENT: 2021  5  8 16  9
 3122 2021- 5- 8 16:09     # 55 13  162  7   4.56 0.06  0.0    4  1.5  6.4      3122
 3123 2021- 5- 8 16:35       55 21  161 29  18.82 0.00  0.0    4  2.8  4.8      3123
 3124 2021- 5- 8 17:42     - 55  9  160 49  30.58 0.22  0.0    9 17.3  2.5      3124
 3125 2021- 5- 8 17:42     - 55 59  162 30  15.01 0.21  0.0    4 19.7 21.1      3125
 3126 2021- 5- 8 17:47     - 54 42  160 59  15.00 0.24  0.0    9 19.0 23.3      3126
 3127 2021- 5- 8 17:47     - 54 29  160 42  15.31 0.10  0.0    8 11.1 15.1      3127
 3128 2021- 5- 8 18:23     - 54 35  161 20  15.70 0.11  0.0   10  6.7 13.5      3128
 3129 2021- 5- 8 18:30     - 55  7  163 23  16.30 0.22  0.0    4 10.5 19.8      3129
 3130 2021- 5- 8 19:36     - 54 21  162 30  15.00 0.56  0.0    9 15.7 31.6      3130
 3131 2021- 5- 8 19:36     - 54 60  162 47  15.08 0.21  0.0    4 19.9 20.8      3131
 3132 2021- 5- 8 19:59     - 54 49  160 55  35.00 0.18  0.0   10 13.4 12.8      3132
 3133 2021- 5- 8 19:59     - 54 38  160 39  33.92 0.38  0.0    9 27.5 33.8      3133
 3134 2021- 5- 8 20:15     - 55 12  161 39   6.82 0.50  0.0    4  5.8 41.6      3134
 3135 2021- 5- 8 21:26     - 54 59  161 18  15.02 0.14  0.0    6 12.3 10.7      3135
 *** DISTANCE & RESIDUAL WEIGHTING CANCELLED FOR EVENT: 2021  5  8 21 26
  SEQ ---DATE--- TIME REMARK -LAT-  --LON-  DEPTH  RMS PMAG  NUM  ERH  ERZ  ID
 3136 2021- 5- 8 21:26     - 54 53  161 25  17.71 0.83  0.0    5 42.2 42.1      3136
 3137 2021- 5- 9  0:53     - 54 25  162 30  16.12 0.09  0.0    8  6.5 13.1      3137
 *** DISTANCE & RESIDUAL WEIGHTING CANCELLED FOR EVENT: 2021  5  9  0 58
 3138 2021- 5- 9  0:58     - 55  3  161 32   9.82 0.07  0.0    4  8.3 10.6      3138
 3139 2021- 5- 9  0:58       55  8  161 48  12.89 0.05  0.0    5  3.4  1.0      3139
 3140 2021- 5- 9  2:06     - 55 44  161  8  15.34 0.17  0.0    5 18.5 16.4      3140
 3141 2021- 5- 9  2:51     - 54 53  162 22  10.83 0.02  0.0    4 11.1  5.8      3141
 *** DISTANCE & RESIDUAL WEIGHTING CANCELLED FOR EVENT: 2021  5  9  3 25
 3142 2021- 5- 9  3:25     # 55 10  161 60  14.98 0.70  0.0    4 37.4  6.5      3142
 *** DISTANCE & RESIDUAL WEIGHTING CANCELLED FOR EVENT: 2021  5  9  7 25
 3143 2021- 5- 9  7:25     - 54 51  163 40  14.73 0.43  0.0    4 18.7 34.1      3143
 *** DISTANCE & RESIDUAL WEIGHTING CANCELLED FOR EVENT: 2021  5  9  7 47
 3144 2021- 5- 9  7:47     - 55 18  161 32   7.19 0.53  0.0    4  6.9 41.0      3144
 3145 2021- 5- 9  8:00     - 55  7  163 17  14.98 0.19  0.0    8 14.3  5.9      3145
 3146 2021- 5- 9  8:00     - 55 24  162 16  15.60 1.03  0.0    4 27.4 63.7      3146
 *** DISTANCE & RESIDUAL WEIGHTING CANCELLED FOR EVENT: 2021  5  9  8  0
 3147 2021- 5- 9  8:00     - 54 52  161 56  13.80 0.89  0.0    4 70.0  8.4      3147
 3148 2021- 5- 9 11:26     - 54 49  161 37  14.90 0.26  0.0    4 20.7  6.0      3148
 3149 2021- 5- 9 12:17     - 54 47  163  6  17.09 0.30  0.0    8  4.9 28.0      3149
 3150 2021- 5- 9 12:17     - 54 31  161 18  15.14 0.13  0.0    6 10.9 13.0      3150
 *** DISTANCE & RESIDUAL WEIGHTING CANCELLED FOR EVENT: 2021  5  9 12 17
  SEQ ---DATE--- TIME REMARK -LAT-  --LON-  DEPTH  RMS PMAG  NUM  ERH  ERZ  ID
 3151 2021- 5- 9 12:17     - 54 42  161 57  17.39 0.36  0.0    4 30.9 32.7      3151
 *** DISTANCE & RESIDUAL WEIGHTING CANCELLED FOR EVENT: 2021  5  9 14 25
 3152 2021- 5- 9 14:25     # 55 16  161 58  15.00 0.50  0.0    4 15.0 16.3      3152
 3153 2021- 5- 9 19:44     - 55 11  162 10   0.23 0.65  0.0    8  3.3 43.6      3153
 3154 2021- 5- 9 19:44     - 55 16  161 54  14.19 0.11  0.0    5  8.0  7.9      3154
 3155 2021- 5- 9 19:47       55  3  160 56  14.42 0.20  0.0   16  1.1  0.7      3155
 3156 2021- 5- 9 23:34     - 55 29  161 25  36.42 0.07  0.0    8 10.2  7.1      3156
 3157 2021- 5- 9 23:34     - 55 42  160 28  15.04 0.37  0.0    6 25.8 32.7      3157
 3158 2021- 5-10  2:57     - 54 53  161 25  34.55 0.22  0.0    4 19.9  8.0      3158
 3159 2021- 5-10  2:57     - 54 51  161 34   8.03 0.12  0.0    5 11.9 14.0      3159
 3160 2021- 5-10  3:08     - 54 26  163 10  15.11 0.12  0.0    4 11.6 14.6      3160
 3161 2021- 5-10  5:45     - 54 33  163 20  14.91 0.08  0.0    6  6.3 12.8      3161
 3162 2021- 5-10  6:12     - 54 46  161 11  33.86 0.21  0.0   10 15.1 19.2      3162
 3163 2021- 5-10  6:12     - 54 45  160 51  15.07 0.13  0.0    4 15.3 16.1      3163
 3164 2021- 5-10  6:23     - 54 30  161 37  17.95 0.15  0.0    7  2.3 17.7      3164
 3165 2021- 5-10  6:34     - 54 56  160 48  35.91 0.19  0.0    9 16.3 13.3      3165
  SEQ ---DATE--- TIME REMARK -LAT-  --LON-  DEPTH  RMS PMAG  NUM  ERH  ERZ  ID
 3166 2021- 5-10  6:34     - 54 54  160 60  19.91 0.36  0.0    8 17.4 19.4      3166
 *** DISTANCE & RESIDUAL WEIGHTING CANCELLED FOR EVENT: 2021  5 10  6 39
 3167 2021- 5-10  6:39     - 55  0  160 19  15.04 0.10  0.0    6  6.6 13.3      3167
 3168 2021- 5-10  7:05       55 32  161 51  40.15 0.01  0.0    5  5.4  2.7      3168
 3169 2021- 5-10  7:59     - 55 18  161 56  38.58 0.04  0.0    4  2.2  9.9      3169
 3170 2021- 5-10  8:06     - 54 39  160 53  15.00 0.15  0.0    8 16.7 17.8      3170
 *** DISTANCE & RESIDUAL WEIGHTING CANCELLED FOR EVENT: 2021  5 10  8  7
 3171 2021- 5-10  8:07     - 55 21  161 39  14.24 0.19  0.0    5 11.2  9.8      3171
 3172 2021- 5-10 12:56     - 54 18  161  0  11.46 0.18  0.0    6 12.4 16.9      3172
 3173 2021- 5-10 12:56     - 54 42  161 34  13.62 0.26  0.0    5 23.5  4.5      3173
 3174 2021- 5-10 14:09     - 54 52  162 48  25.79 0.09  0.0    7 11.7  3.9      3174
 3175 2021- 5-10 14:10     - 54 53  162 31   6.58 0.07  0.0    4  3.4 13.1      3175
 3176 2021- 5-10 14:30       55 19  161 15  14.74 0.01  0.0    4  3.0  8.1      3176
 3177 2021- 5-10 14:34       55 14  162  7  49.10 0.00  0.0    4  8.8  1.5      3177
 3178 2021- 5-10 15:35     - 54 36  160 44  16.33 0.17  0.0    7  8.3 16.9      3178
 3179 2021- 5-10 16:57     - 55 23  162 49  14.99 0.10  0.0    4 11.5 12.0      3179
 3180 2021- 5-10 17:49       55  5  162  5   4.19 0.14  0.0   14  0.5  0.8      3180
  SEQ ---DATE--- TIME REMARK -LAT-  --LON-  DEPTH  RMS PMAG  NUM  ERH  ERZ  ID
 3181 2021- 5-10 18:04       55 20  161 40  33.36 0.16  0.0    6  3.2  4.1      3181
 3182 2021- 5-10 18:20       55 19  161 47  18.89 0.00  0.0    4  3.0  1.5      3182
 3183 2021- 5-10 19:19     - 55 19  160 19  15.29 0.17  0.0   10  8.1 16.3      3183
 *** DISTANCE & RESIDUAL WEIGHTING CANCELLED FOR EVENT: 2021  5 10 19 59
 3184 2021- 5-10 19:59     - 55 44  161 44  15.75 0.93  0.0    4 34.8 70.1      3184
 *** DISTANCE & RESIDUAL WEIGHTING CANCELLED FOR EVENT: 2021  5 10 20 25
 3185 2021- 5-10 20:25     - 55 10  162 44  15.00 1.72  0.0    4 33.6 93.1      3185
 *** DISTANCE & RESIDUAL WEIGHTING CANCELLED FOR EVENT: 2021  5 10 20 40
 3186 2021- 5-10 20:40     # 55 21  161 54  20.93 0.85  0.0    5 19.2 13.3      3186
 3187 2021- 5-10 22:04     - 54 48  160 43  14.51 0.22  0.0   12  9.5 19.2      3187
 *** DISTANCE & RESIDUAL WEIGHTING CANCELLED FOR EVENT: 2021  5 10 22 49
 3188 2021- 5-10 22:49     - 55 33  160 58  15.00 0.42  0.0    5 15.5 34.5      3188
 3189 2021- 5-10 23:02     - 54 51  161 50  15.43 0.21  0.0    4 17.6  5.4      3189
 3190 2021- 5-11  1:42     - 54 55  161 34   8.27 0.36  0.0    9 13.7 26.8      3190
 3191 2021- 5-11  1:42     - 54 41  161  1  27.59 0.17  0.0    9 12.9  2.3      3191
 3192 2021- 5-11  2:04       55 19  161 41  14.96 0.12  0.0    6  3.7  1.4      3192
 *** DISTANCE & RESIDUAL WEIGHTING CANCELLED FOR EVENT: 2021  5 11  2 16
 3193 2021- 5-11  2:16     # 55 17  161 46  21.98 0.91  0.0    6 20.6  9.2      3193
 3194 2021- 5-11  3:42     - 55 54  163  1  14.63 0.05  0.0    4  7.1 11.6      3194
 3195 2021- 5-11  3:44       55 30  161 52  47.41 0.05  0.0    8  3.1  1.3      3195
  SEQ ---DATE--- TIME REMARK -LAT-  --LON-  DEPTH  RMS PMAG  NUM  ERH  ERZ  ID
 3196 2021- 5-11  3:46       55 31  161 44  39.45 0.15  0.0    7  2.4  1.6      3196
 3197 2021- 5-11  3:59     # 55  4  162  4  25.72 1.90  0.0    6 48.4 86.4      3197
 3198 2021- 5-11  4:00     - 54 22  161 39  14.78 0.13  0.0    7  7.3 14.4      3198
 3199 2021- 5-11  4:33     - 55 14  161 27  20.43 0.09  0.0    4  9.6  5.6      3199
 3200 2021- 5-11  7:17       55 22  162 14  10.84 0.10  0.0    5  1.9  4.9      3200
 3201 2021- 5-11  8:09     - 55 33  161 18  14.79 0.17  0.0    4 17.1 14.8      3201
 3202 2021- 5-11  9:51     - 54 29  161 43  17.79 0.20  0.0   14  1.3 20.3      3202
 *** DISTANCE & RESIDUAL WEIGHTING CANCELLED FOR EVENT: 2021  5 11 10 21
 3203 2021- 5-11 10:20     - 55  5  161 39  15.36 0.20  0.0    4 18.4  6.9      3203
 3204 2021- 5-11 10:22     - 54 40  160 50  15.03 0.10  0.0    7  6.7 13.2      3204
 3205 2021- 5-11 10:23     - 55 14  161 33  11.38 0.03  0.0    4 12.0  9.5      3205
 3206 2021- 5-11 11:04     - 55 12  162 13   4.55 0.10  0.0    4 14.9  2.5      3206
 3207 2021- 5-11 11:31     - 54 52  162 22  12.29 0.09  0.0    4 12.6  7.0      3207
 3208 2021- 5-11 12:39       55 25  161 47  37.79 0.21  0.0    6  3.4  2.7      3208
 3209 2021- 5-11 12:49     - 55 17  161 49  35.29 0.06  0.0    4  6.5 11.5      3209
 *** DISTANCE & RESIDUAL WEIGHTING CANCELLED FOR EVENT: 2021  5 11 13 57
 3210 2021- 5-11 13:57     - 55  9  161 53  26.94 1.50  0.0    5 98.4 10.5      3210
  SEQ ---DATE--- TIME REMARK -LAT-  --LON-  DEPTH  RMS PMAG  NUM  ERH  ERZ  ID
 3211 2021- 5-11 13:58     - 55 25  161 39  54.14 0.00  0.0    4  6.7  5.6      3211
 3212 2021- 5-11 14:50       55 21  161 34  27.44 0.16  0.0    7  4.0  1.7      3212
 3213 2021- 5-11 15:07     - 54 58  161 22  20.87 0.20  0.0    9 18.0  7.2      3213
 3214 2021- 5-11 15:08     - 55 16  161 18   6.57 0.08  0.0    7  8.5 14.0      3214
 3215 2021- 5-11 15:08     - 55 14  161 43  14.63 0.02  0.0    4  7.9  7.9      3215
 3216 2021- 5-11 15:18       55 27  161 49  25.54 0.39  0.0    8  4.4  3.9      3216
 3217 2021- 5-11 15:33     - 54 38  160 54  15.00 0.20  0.0   11 16.8 20.9      3217
 3218 2021- 5-11 15:33     - 54 43  161 18  12.69 0.12  0.0    5 11.1  2.6      3218
 *** DISTANCE & RESIDUAL WEIGHTING CANCELLED FOR EVENT: 2021  5 11 15 35
 3219 2021- 5-11 15:35     # 55 24  162  1  33.84 0.26  0.0    5  7.7  9.7      3219
 3220 2021- 5-11 15:39     - 54 58  161 16   9.37 0.14  0.0    5 14.6 15.9      3220
 3221 2021- 5-11 15:39     - 54 58  161 33  15.00 0.18  0.0    5 18.0  1.0      3221
 3222 2021- 5-11 17:07       55 13  162  2  53.64 0.08  0.0    7  4.6  1.3      3222
 3223 2021- 5-11 17:24       55 19  161 22  35.17 0.16  0.0    5  6.7  4.7      3223
 3224 2021- 5-11 17:33       55 23  161 35   9.46 0.00  0.0    4  2.6  3.0      3224
 3225 2021- 5-11 19:19       55 19  161 50  26.80 0.09  0.0    7  3.5  1.5      3225
  SEQ ---DATE--- TIME REMARK -LAT-  --LON-  DEPTH  RMS PMAG  NUM  ERH  ERZ  ID
 3226 2021- 5-11 19:54     - 55 24  161 47   6.45 0.11  0.0    5 10.3  7.0      3226
 3227 2021- 5-11 20:06       55 25  161 39  23.64 0.21  0.0    8  1.9  2.6      3227
 3228 2021- 5-11 20:10       55 18  161 55  23.27 0.22  0.0    7  3.8  1.7      3228
 3229 2021- 5-11 20:28     - 54 48  160 45  15.00 0.18  0.0   11 15.6 19.4      3229
 3230 2021- 5-11 20:28     - 54 52  160 41  15.00 0.22  0.0    8 16.4 22.0      3230
 3231 2021- 5-11 20:35     - 55  2  162 54  11.02 0.12  0.0    5  4.7 13.6      3231
 *** DISTANCE & RESIDUAL WEIGHTING CANCELLED FOR EVENT: 2021  5 11 20 36
 3232 2021- 5-11 20:36     - 55  8  161 53   0.01 0.39  0.0    4 10.2 27.1      3232
 *** DISTANCE & RESIDUAL WEIGHTING CANCELLED FOR EVENT: 2021  5 11 21 12
 3233 2021- 5-11 21:12     - 55  5  161 52  13.38 0.30  0.0    4 20.9 15.4      3233
 3234 2021- 5-11 21:13       55 15  162 15   2.75 0.03  0.0    5  1.8  3.3      3234
 3235 2021- 5-11 21:19     - 55  5  161 33  14.81 0.18  0.0    4 13.6 11.5      3235
 3236 2021- 5-11 21:49       55 22  161 45  16.01 0.21  0.0    7  2.1  3.7      3236
 *** DISTANCE & RESIDUAL WEIGHTING CANCELLED FOR EVENT: 2021  5 11 22 58
 3237 2021- 5-11 22:58     # 55 15  161 58  25.39 0.60  0.0    5  6.4  4.7      3237
 3238 2021- 5-11 23:08     - 54 47  161 11  17.72 0.23  0.0    8  4.8 22.2      3238
 3239 2021- 5-11 23:08     - 54 46  161 12  54.07 0.23  0.0    4 19.8  8.7      3239
 3240 2021- 5-11 23:16     - 55  3  162 10   7.09 0.06  0.0    4  2.0  9.3      3240
  SEQ ---DATE--- TIME REMARK -LAT-  --LON-  DEPTH  RMS PMAG  NUM  ERH  ERZ  ID
 3241 2021- 5-11 23:16       55  2  162 10   7.57 0.00  0.0    4  1.5  5.5      3241
 *** DISTANCE & RESIDUAL WEIGHTING CANCELLED FOR EVENT: 2021  5 12  0  0
 3242 2021- 5-12  0:00     # 55 17  162  6  15.00 1.05  0.0    4 19.6 27.5      3242
 *** DISTANCE & RESIDUAL WEIGHTING CANCELLED FOR EVENT: 2021  5 12  0 15
 3243 2021- 5-12  0:15     # 55 26  161 54   7.50 0.63  0.0    4  4.9 22.1      3243
 3244 2021- 5-12  0:42       55  8  162  2  16.10 0.09  0.0    5  3.8  4.5      3244
 3245 2021- 5-12  0:51       55 31  161 57  36.76 0.17  0.0    7  2.8  1.9      3245
 3246 2021- 5-12  1:20     - 55  2  162 28  52.67 0.03  0.0    5  5.3 10.1      3246
 3247 2021- 5-12  1:48     - 55  7  160  5  15.00 0.27  0.0    7 24.4 25.9      3247
 3248 2021- 5-12  2:04     - 54 47  162 16  12.76 0.16  0.0    8 15.3  9.2      3248
 3249 2021- 5-12  2:04     - 54 52  162 23  12.67 0.13  0.0    5 14.1  7.1      3249
 3250 2021- 5-12  2:29     - 55 15  160 48  14.16 0.01  0.0    4 12.5  1.4      3250
 3251 2021- 5-12  3:00     - 54 44  162 10  14.28 0.20  0.0    7 17.8  6.7      3251
 3252 2021- 5-12  3:00     - 54 53  162 22  12.24 0.02  0.0    4 10.6  6.2      3252
 3253 2021- 5-12  3:14       54 30  161 46  15.69 0.14  0.0    5  3.2  3.0      3253
 3254 2021- 5-12  3:14     - 54 52  161 55  13.34 0.10  0.0    5  6.2 14.3      3254
 3255 2021- 5-12  3:26     - 55 16  161 28  14.82 0.23  0.0    5  7.6 14.3      3255
  SEQ ---DATE--- TIME REMARK -LAT-  --LON-  DEPTH  RMS PMAG  NUM  ERH  ERZ  ID
 3256 2021- 5-12  4:44       55 22  161 57  14.65 0.02  0.0    5  3.5  1.8      3256
 3257 2021- 5-12  5:00       55 29  161 43  37.89 0.11  0.0    7  2.6  3.2      3257
 3258 2021- 5-12  5:19       55 28  161 53  33.43 0.11  0.0    8  2.6  1.7      3258
 3259 2021- 5-12  5:34       55 23  161 53  43.64 0.00  0.0    4  6.8  2.9      3259
 3260 2021- 5-12  6:28       55 17  161 54  16.04 0.08  0.0    5  1.5  0.8      3260
 *** DISTANCE & RESIDUAL WEIGHTING CANCELLED FOR EVENT: 2021  5 12  7 48
 3261 2021- 5-12  7:48     - 55 44  161 48  15.00 0.52  0.0    5 10.0 32.9      3261
 3262 2021- 5-12  8:26     - 55  0  161 24  29.56 0.15  0.0    7 15.5  4.4      3262
 3263 2021- 5-12  8:26     - 54 59  161 26  25.94 0.06  0.0    4 12.6  2.7      3263
 3264 2021- 5-12  8:56     - 55 11  161 41  82.35 0.26  0.0    9  7.8 20.5      3264
 3265 2021- 5-12  9:34     - 54 40  162 17   6.90 0.18  0.0    9 17.2 19.1      3265
 *** DISTANCE & RESIDUAL WEIGHTING CANCELLED FOR EVENT: 2021  5 12  9 34
 3266 2021- 5-12  9:34     - 54 59  162 34  18.47 0.16  0.0    5 14.2  4.6      3266
 3267 2021- 5-12  9:35     - 55  9  163 19  17.00 0.31  0.0    8  4.1 28.5      3267
 3268 2021- 5-12  9:38     - 55  1  162 13   3.18 0.05  0.0    5  1.3  9.3      3268
 3269 2021- 5-12 10:09     - 54 54  162 32  12.79 0.05  0.0    4 11.8  5.2      3269
 3270 2021- 5-12 10:22     - 55 25  161 50   0.85 0.15  0.0    5  0.7 13.2      3270
  SEQ ---DATE--- TIME REMARK -LAT-  --LON-  DEPTH  RMS PMAG  NUM  ERH  ERZ  ID
 3271 2021- 5-12 10:32       55 17  161 43  18.26 0.01  0.0    5  3.0  2.1      3271
 3272 2021- 5-12 10:33     - 54 28  161 47  16.43 0.22  0.0    8  9.7 19.4      3272
 3273 2021- 5-12 12:14     - 54 55  161 32  20.03 0.10  0.0    4 14.6  6.6      3273
 3274 2021- 5-12 12:14     - 54 47  161 23  15.51 0.07  0.0    5  9.4  1.1      3274
 3275 2021- 5-12 12:24     - 55 10  160 32  15.00 0.15  0.0    6 14.6 17.8      3275
 3276 2021- 5-12 12:25     - 54 55  160 50  15.02 0.09  0.0    4 13.5 14.2      3276
 3277 2021- 5-12 12:45       55 28  161 51  28.89 0.14  0.0    5  3.1  4.1      3277
 *** DISTANCE & RESIDUAL WEIGHTING CANCELLED FOR EVENT: 2021  5 12 13 58
 3278 2021- 5-12 13:58     - 55  5  161 51  13.14 0.11  0.0    4 12.0  8.2      3278
 *** DISTANCE & RESIDUAL WEIGHTING CANCELLED FOR EVENT: 2021  5 12 13 59
 3279 2021- 5-12 13:58     - 55 45  161 27  15.01 0.79  0.0    5 53.3 39.4      3279
 3280 2021- 5-12 15:08       55 21  162  9  39.84 0.11  0.0    5  6.1  1.3      3280
 3281 2021- 5-12 15:26       55 18  161 47  25.59 0.04  0.0    6  3.1  1.2      3281
 3282 2021- 5-12 15:37       55 29  161 45  38.77 0.16  0.0    7  3.3  4.0      3282
 3283 2021- 5-12 15:38     - 55  1  162  3   0.43 0.05  0.0    9  0.6 10.8      3283
 3284 2021- 5-12 16:19     - 54 44  160 46  15.00 0.24  0.0   10 21.7 23.9      3284
 3285 2021- 5-12 16:20     - 54 31  160 52  15.17 0.28  0.0    5 24.0 25.1      3285
  SEQ ---DATE--- TIME REMARK -LAT-  --LON-  DEPTH  RMS PMAG  NUM  ERH  ERZ  ID
 3286 2021- 5-12 17:02     - 54 31  161 54  10.96 0.07  0.0    7  2.3 13.3      3286
 3287 2021- 5-12 17:53     - 54 44  160 43  15.00 0.19  0.0   10 17.1 20.5      3287
 3288 2021- 5-12 17:53     - 54 47  161 12  27.88 0.16  0.0    6 13.2  7.0      3288
 *** DISTANCE & RESIDUAL WEIGHTING CANCELLED FOR EVENT: 2021  5 12 18  2
 3289 2021- 5-12 18:02     # 55 29  161 39  15.00 0.61  0.0    4 13.5 32.6      3289
 3290 2021- 5-12 18:14       55  7  161 42  33.88 0.05  0.0    6  2.9  1.2      3290
 3291 2021- 5-12 18:31     - 55  6  162 35  58.78 0.07  0.0    7  7.1  9.2      3291
 3292 2021- 5-12 20:26       55 19  161 41  20.36 0.00  0.0    4  6.6  3.6      3292
 3293 2021- 5-12 20:50     - 54 59  161 25  21.34 0.16  0.0    5 14.4  6.5      3293
 3294 2021- 5-12 20:51     - 55 16  162  8   6.98 0.13  0.0    4  2.0 13.3      3294
 3295 2021- 5-12 21:33     - 54 23  161 50  15.01 0.25  0.0    6 22.2 22.5      3295
 3296 2021- 5-12 21:33     - 54 54  162 46  14.69 0.03  0.0    4  4.1 12.1      3296
 3297 2021- 5-12 21:33     - 54 58  161 33  10.09 0.26  0.0    4 24.4 22.6      3297
 3298 2021- 5-12 21:42     - 54 51  161 56  14.71 0.04  0.0    5  5.3 12.5      3298
 3299 2021- 5-12 22:03     - 55  6  163 30  15.00 0.32  0.0    9 12.0 25.7      3299
 3300 2021- 5-12 22:06     - 54 50  162 14  11.34 0.12  0.0    8 12.3  9.9      3300
  SEQ ---DATE--- TIME REMARK -LAT-  --LON-  DEPTH  RMS PMAG  NUM  ERH  ERZ  ID
 3301 2021- 5-12 22:22     - 55  9  161 23  12.11 0.11  0.0    4 14.5 13.5      3301
 3302 2021- 5-12 22:24     - 55  4  161 55   5.46 0.05  0.0    4 12.9  2.6      3302
 3303 2021- 5-12 22:24     - 54 37  161 11  10.38 0.18  0.0    6 13.1 18.7      3303
 3304 2021- 5-12 23:02     - 54 59  162 14   7.44 0.16  0.0    5  6.5 13.3      3304
 3305 2021- 5-12 23:25     - 54 30  160 60  15.13 0.13  0.0    9  7.2 14.6      3305
 3306 2021- 5-13  1:35     - 54 53  161 11  13.17 0.10  0.0    5 10.9 10.1      3306
 3307 2021- 5-13  1:43     - 55 24  161 48   0.56 0.11  0.0    5  1.2 12.7      3307
 3308 2021- 5-13  1:58       55 27  161 51   6.98 0.25  0.0    6  1.6  4.0      3308
 3309 2021- 5-13  2:08       55 26  161 48  34.19 0.23  0.0    7  3.6  3.8      3309
 3310 2021- 5-13  2:15       55 29  161 38  15.08 0.09  0.0    7  3.0  3.9      3310
 3311 2021- 5-13  3:22     - 54 39  161  0  15.00 0.15  0.0    8 16.4 17.8      3311
 *** DISTANCE & RESIDUAL WEIGHTING CANCELLED FOR EVENT: 2021  5 13  3 22
 3312 2021- 5-13  3:22     - 55 11  161 53   9.07 0.56  0.0    4 30.8 33.5      3312
 3313 2021- 5-13  3:22       55  9  161 16  15.90 0.10  0.0    7  2.8  0.9      3313
 *** DISTANCE & RESIDUAL WEIGHTING CANCELLED FOR EVENT: 2021  5 13  4 20
 3314 2021- 5-13  4:20     # 55 21  161 23  15.00 0.26  0.0    5  4.2 12.7      3314
 3315 2021- 5-13  5:26     - 54 33  161 24  12.03 0.11  0.0    6  2.8 15.2      3315
 *** DISTANCE & RESIDUAL WEIGHTING CANCELLED FOR EVENT: 2021  5 13  5 29
  SEQ ---DATE--- TIME REMARK -LAT-  --LON-  DEPTH  RMS PMAG  NUM  ERH  ERZ  ID
 3316 2021- 5-13  5:29     - 54 55  162 21  14.98 0.32  0.0    4 24.4 15.5      3316
 3317 2021- 5-13  6:17     - 55 14  161  1  36.35 0.09  0.0    9 11.0  5.2      3317
 3318 2021- 5-13  6:17     - 55 58  162  9  15.03 0.45  0.0    5 35.4 38.6      3318
 3319 2021- 5-13  6:19       55 19  161 31  31.08 0.19  0.0    7  4.0  4.4      3319
 3320 2021- 5-13  6:40       55 16  161 38  16.13 0.09  0.0    7  1.7  3.3      3320
 3321 2021- 5-13  8:10     - 54 41  162 21  12.26 0.16  0.0    9 16.1  6.8      3321
 *** DISTANCE & RESIDUAL WEIGHTING CANCELLED FOR EVENT: 2021  5 13  8 10
 3322 2021- 5-13  8:10     - 54 45  162 14   5.60 0.92  0.0    4 67.2 76.5      3322
 *** DISTANCE & RESIDUAL WEIGHTING CANCELLED FOR EVENT: 2021  5 13  8 37
 3323 2021- 5-13  8:37     - 55 27  161 48  14.99 0.76  0.0    4 44.2 37.3      3323
 3324 2021- 5-13  8:54     - 55  5  161 30  11.05 0.24  0.0    5 13.8 16.1      3324
 3325 2021- 5-13  8:54     - 54 54  161 15  24.31 0.05  0.0    6 11.4  2.6      3325
 3326 2021- 5-13  9:29     - 54 55  162 14   8.63 0.15  0.0    5 10.8 13.4      3326
 3327 2021- 5-13  9:29     - 54 30  163  1  15.04 1.03  0.0    8 79.2 83.2      3327
 3328 2021- 5-13 11:39     - 54 25  162 36  16.62 0.14  0.0   13  7.6 15.3      3328
 *** DISTANCE & RESIDUAL WEIGHTING CANCELLED FOR EVENT: 2021  5 13 11 43
 3329 2021- 5-13 11:43     - 55  4  161 48  15.00 1.18  0.0    4 77.1 59.8      3329
 3330 2021- 5-13 11:47     - 54 44  161 11  19.70 0.26  0.0   13  1.5 20.6      3330
  SEQ ---DATE--- TIME REMARK -LAT-  --LON-  DEPTH  RMS PMAG  NUM  ERH  ERZ  ID
 3331 2021- 5-13 13:05     - 55 12  161 33  17.06 0.06  0.0    4 13.5  2.9      3331
 3332 2021- 5-13 13:16     - 54 53  161 12  28.78 0.21  0.0    8 19.1 10.9      3332
 3333 2021- 5-13 13:16     - 55  8  161 54  39.41 0.51  0.0    6 25.0 21.7      3333
 3334 2021- 5-13 13:31     - 55 30  161 27  28.78 0.06  0.0    4 10.7  7.8      3334
 3335 2021- 5-13 15:01       55  7  162 21  23.01 2.89  0.0    8 39.9 17.0      3335
 3336 2021- 5-13 15:18       54 42  161 48  13.94 0.17  0.0   14  1.0  1.7      3336
 3337 2021- 5-13 15:26       55 17  161 30   4.10 0.09  0.0    5  3.4  1.6      3337
 3338 2021- 5-13 19:11     - 55 14  163 20  15.23 0.14  0.0    4 10.4 15.4      3338
 *** DISTANCE & RESIDUAL WEIGHTING CANCELLED FOR EVENT: 2021  5 13 19 12
 3339 2021- 5-13 19:11     # 55 15  162 18  15.00 0.66  0.0    4 14.2 20.1      3339
 3340 2021- 5-13 21:06     - 54 36  162 23   7.45 0.16  0.0    7 16.6 17.4      3340
 *** DISTANCE & RESIDUAL WEIGHTING CANCELLED FOR EVENT: 2021  5 13 21  6
 3341 2021- 5-13 21:06     - 54 33  162 13  15.00 0.83  0.0    6 66.6  9.4      3341
 3342 2021- 5-14  2:07       55 15  161 30  20.41 0.13  0.0    8  7.0  3.1      3342
 3343 2021- 5-14  2:07     - 55 58  162  6  15.95 0.31  0.0    5 24.6 28.7      3343
 *** DISTANCE & RESIDUAL WEIGHTING CANCELLED FOR EVENT: 2021  5 14  8  0
 3344 2021- 5-14  7:59     - 55 29  161 36  23.12 3.47  0.0    4 98.9 54.6      3344
 *** DISTANCE & RESIDUAL WEIGHTING CANCELLED FOR EVENT: 2021  5 14  8 12
 3345 2021- 5-14  8:12     - 55 10  162 13  23.91 0.41  0.0    4 36.4  8.9      3345
  SEQ ---DATE--- TIME REMARK -LAT-  --LON-  DEPTH  RMS PMAG  NUM  ERH  ERZ  ID
 3346 2021- 5-14 10:49     - 55 13  160 53  14.65 0.17  0.0    7 16.5  2.7      3346
 3347 2021- 5-14 10:51     - 55 16  161 34  20.35 0.13  0.0    4  8.0 10.8      3347
 3348 2021- 5-14 12:16       55 22  161 46  16.43 0.13  0.0    6  2.9  1.2      3348
 3349 2021- 5-14 14:14     - 55  5  161 17  29.61 0.23  0.0    8 17.1  7.2      3349
 3350 2021- 5-14 14:14     - 54 42  160 11  15.00 0.32  0.0    8 22.7 29.1      3350
 3351 2021- 5-14 14:15       55 21  161 26  22.20 0.10  0.0    5  2.4  5.5      3351
 3352 2021- 5-14 16:42       55 21  161 44  17.45 0.13  0.0    7  2.4  1.1      3352
 3353 2021- 5-14 19:17       55 17  161 23  24.67 0.06  0.0    5  3.5  5.6      3353
 3354 2021- 5-14 20:59     - 54 31  161 56  17.16 0.43  0.0    7 11.8 37.5      3354
 *** DISTANCE & RESIDUAL WEIGHTING CANCELLED FOR EVENT: 2021  5 14 20 59
 3355 2021- 5-14 20:59     - 54 59  162 37  13.09 0.53  0.0    4 42.5  9.7      3355
 3356 2021- 5-14 22:27     - 54 18  161 35  17.31 0.46  0.0    9  4.1 40.0      3356
 3357 2021- 5-14 23:36       55 16  161 22  17.94 0.20  0.0    5  3.0  8.6      3357
 3358 2021- 5-15  0:02     - 55 14  161 21   8.06 0.06  0.0    4  4.2 13.3      3358
 3359 2021- 5-15  0:49     - 55  2  161 20  25.28 0.22  0.0    9 15.5  6.6      3359
 3360 2021- 5-15  0:49     - 54 47  160 48  32.64 0.23  0.0    7 16.1 22.6      3360
 *** DISTANCE & RESIDUAL WEIGHTING CANCELLED FOR EVENT: 2021  5 15  1 50
  SEQ ---DATE--- TIME REMARK -LAT-  --LON-  DEPTH  RMS PMAG  NUM  ERH  ERZ  ID
 3361 2021- 5-15  1:50     # 55 22  161 21  15.00 0.74  0.0    4 19.6 37.2      3361
 3362 2021- 5-15  2:01       55 17  161 27  23.34 0.07  0.0    5  3.3  4.7      3362
 3363 2021- 5-15  3:36     - 54 55  161 27  12.85 0.11  0.0    4 12.8 10.7      3363
 3364 2021- 5-15  3:42     - 54 26  160 53  45.13 0.31  0.0   10  6.3 22.3      3364
 3365 2021- 5-15  3:42     - 55  5  161 17  15.89 0.16  0.0    6 17.0  1.1      3365
 3366 2021- 5-15  3:49     - 55 21  161 28   6.79 0.06  0.0    4  2.6 13.4      3366
 3367 2021- 5-15  5:57       55 23  160 49  45.51 0.08  0.0    8  2.6  4.9      3367
 3368 2021- 5-15  6:21     - 54 39  160 40  15.04 0.14  0.0   18  6.7 13.4      3368
 *** DISTANCE & RESIDUAL WEIGHTING CANCELLED FOR EVENT: 2021  5 15  6 32
 3369 2021- 5-15  6:32     - 54 20  161 43  15.00 0.33  0.0    4 30.4 27.3      3369
 3370 2021- 5-15  6:37     - 54 41  161  8  16.70 0.14  0.0   11  7.6 13.8      3370
 3371 2021- 5-15  7:15     - 54 60  161 23   9.77 0.18  0.0    7 13.4 15.3      3371
 3372 2021- 5-15  7:15     - 55 21  161 23  38.30 0.04  0.0    5  7.1  6.5      3372
 3373 2021- 5-15  7:15       55 14  162 14   6.94 0.00  0.0    4  5.1  5.3      3373
 3374 2021- 5-15 10:36       54 52  161 18  13.86 0.07  0.0    7  9.3  1.5      3374
 3375 2021- 5-15 10:36       54 59  161 39  12.73 0.22  0.0    6  6.2  3.8      3375
 *** DISTANCE & RESIDUAL WEIGHTING CANCELLED FOR EVENT: 2021  5 15 11 14
  SEQ ---DATE--- TIME REMARK -LAT-  --LON-  DEPTH  RMS PMAG  NUM  ERH  ERZ  ID
 3376 2021- 5-15 11:13     - 54 18  162 32  15.00 0.36  0.0    4 32.6 29.2      3376
 *** DISTANCE & RESIDUAL WEIGHTING CANCELLED FOR EVENT: 2021  5 15 11 25
 3377 2021- 5-15 11:25     - 55 21  161 45  42.38 0.37  0.0    4 33.1  4.8      3377
 3378 2021- 5-15 13:02     - 54 36  160 39  14.50 0.20  0.0   10  9.1 18.4      3378
 3379 2021- 5-15 13:13     - 54 53  162  7  14.17 0.05  0.0    4  6.2 11.6      3379
 3380 2021- 5-15 13:13     - 55 38  161 31  14.42 0.03  0.0    4  9.1  2.3      3380
 3381 2021- 5-15 13:13     - 55  9  161  8  13.01 0.09  0.0    4  2.1 12.3      3381
 3382 2021- 5-15 13:35       55 31  161 31  52.48 0.15  0.0    6  7.8  2.8      3382
 3383 2021- 5-15 14:52     - 54 51  162 39   8.84 0.08  0.0    4 13.8 10.2      3383
 3384 2021- 5-15 15:36       55  9  161 28  30.45 0.03  0.0    5  3.3  2.9      3384
 3385 2021- 5-15 15:47       55 20  162 17  28.25 0.11  0.0    6  3.6  4.3      3385
 *** DISTANCE & RESIDUAL WEIGHTING CANCELLED FOR EVENT: 2021  5 15 18  0
 3386 2021- 5-15 18:00     # 55  7  162 59  14.92 0.95  0.0    6 14.5  9.5      3386
 3387 2021- 5-15 20:18     - 55  3  160 58  11.38 0.13  0.0    4 16.6 16.3      3387
 3388 2021- 5-15 20:18     - 55  7  161 49  44.50 0.11  0.0    4  7.8  8.4      3388
 3389 2021- 5-15 21:00     - 54 45  161 20  15.96 0.20  0.0    9 15.4  2.3      3389
 3390 2021- 5-15 21:00     - 54 33  161  1  15.00 0.28  0.0    8 18.4 26.1      3390
 *** DISTANCE & RESIDUAL WEIGHTING CANCELLED FOR EVENT: 2021  5 15 23 36
  SEQ ---DATE--- TIME REMARK -LAT-  --LON-  DEPTH  RMS PMAG  NUM  ERH  ERZ  ID
 3391 2021- 5-15 23:36     # 55 19  162  1  14.99 0.61  0.0    4 12.1  9.7      3391
 *** DISTANCE & RESIDUAL WEIGHTING CANCELLED FOR EVENT: 2021  5 16  0  0
 3392 2021- 5-15 23:59     - 55 20  162  2  46.47 0.50  0.0    4 16.1 31.4      3392
 3393 2021- 5-16  0:53     - 55  1  161 13  14.40 0.19  0.0    5  5.1 17.4      3393
 3394 2021- 5-16  0:53     - 54 60  161 26  23.66 0.01  0.0    4 10.6  2.2      3394
 *** DISTANCE & RESIDUAL WEIGHTING CANCELLED FOR EVENT: 2021  5 16  1  6
 3395 2021- 5-16  1:06     # 55  2  161 50  14.97 0.57  0.0    5  5.5  7.3      3395
 3396 2021- 5-16  1:09       55 11  162  3  18.39 0.07  0.0    6  2.1  5.3      3396
 3397 2021- 5-16  1:33     - 55  3  160 46  13.25 0.11  0.0    5 11.0  2.3      3397
 3398 2021- 5-16  2:20       55 10  162  0  15.76 0.01  0.0    5  2.1  2.2      3398
 *** DISTANCE & RESIDUAL WEIGHTING CANCELLED FOR EVENT: 2021  5 16  2 28
 3399 2021- 5-16  2:27     # 55 19  161 25  30.91 0.89  0.0    5 16.8 22.9      3399
 3400 2021- 5-16  4:52     - 55 24  161 22  13.32 0.06  0.0    4  5.7  9.2      3400
 3401 2021- 5-16  7:19     - 55  1  161 15  14.98 0.16  0.0    5 14.2 16.1      3401
 *** DISTANCE & RESIDUAL WEIGHTING CANCELLED FOR EVENT: 2021  5 16  8 16
 3402 2021- 5-16  8:16     - 55 10  162  6  15.06 0.34  0.0    4 31.0 17.6      3402
 3403 2021- 5-16  8:26     - 55 12  161 51  15.43 0.05  0.0    4  2.9 12.0      3403
 3404 2021- 5-16  8:26     - 55 40  161 36  37.52 0.05  0.0    4  8.5  9.6      3404
 3405 2021- 5-16  8:39     - 54 32  161  0  15.31 0.08  0.0    7  6.2 12.6      3405
  SEQ ---DATE--- TIME REMARK -LAT-  --LON-  DEPTH  RMS PMAG  NUM  ERH  ERZ  ID
 3406 2021- 5-16 13:25       55 17  161 29  25.19 0.06  0.0    5  3.9  4.0      3406
 3407 2021- 5-16 13:30       54 58  162 15   3.43 0.12  0.0    5  1.5  4.0      3407
 3408 2021- 5-16 13:53       55 27  161 51  30.76 0.18  0.0    6  3.6  4.0      3408
 3409 2021- 5-16 14:13       55 23  161 43  44.39 0.38  0.0    8  9.6  3.1      3409
 3410 2021- 5-16 14:18     - 54 19  162  3  14.93 0.08  0.0    7  6.3 12.6      3410
 3411 2021- 5-16 14:21     - 54 56  161  9  33.54 0.26  0.0    6 19.5 17.6      3411
 3412 2021- 5-16 14:21     - 54 55  161 20  23.75 0.10  0.0    6 13.2  3.1      3412
 3413 2021- 5-16 15:48     - 54 56  161 21  28.45 0.21  0.0    8 17.3  7.5      3413
 3414 2021- 5-16 15:48     - 54 52  161 38  19.73 0.22  0.0    4 17.6 19.9      3414
 3415 2021- 5-16 16:14     - 56 13  161 22  15.28 0.06  0.0    4  8.1 12.1      3415
 3416 2021- 5-16 16:14       55 11  161 47  14.23 0.00  0.0    4  4.3  2.7      3416
 *** DISTANCE & RESIDUAL WEIGHTING CANCELLED FOR EVENT: 2021  5 16 16 17
 3417 2021- 5-16 16:17     # 55 19  162 30  15.05 1.78  0.0    6 27.1 45.1      3417
 3418 2021- 5-16 17:39     - 55 10  161 53  22.17 0.07  0.0    4  9.0  5.5      3418
 3419 2021- 5-16 18:12     - 54 52  162 38  16.99 0.01  0.0    4 12.3  1.5      3419
 3420 2021- 5-16 18:12     - 54 52  162 37  15.19 0.04  0.0    4 11.6  4.6      3420
  SEQ ---DATE--- TIME REMARK -LAT-  --LON-  DEPTH  RMS PMAG  NUM  ERH  ERZ  ID
 3421 2021- 5-16 18:18     - 55  7  161 38  12.50 0.03  0.0    4 11.3  3.4      3421
 3422 2021- 5-16 18:18       55  6  161 27  16.65 0.00  0.0    4  7.5  0.7      3422
 3423 2021- 5-16 18:54     - 55  2  161 25  24.68 0.13  0.0    7 13.2  4.4      3423
 3424 2021- 5-16 18:55     - 55  1  161 34  30.86 0.10  0.0    4 12.0  5.8      3424
 3425 2021- 5-16 20:19       55 24  161 45  31.28 0.25  0.0    9  3.4  3.2      3425
 3426 2021- 5-16 21:36     - 54 53  160 54  16.00 0.19  0.0    9 17.6 20.4      3426
 3427 2021- 5-16 21:36     - 54 36  160 14  14.83 0.25  0.0    9 17.8 12.1      3427
 3428 2021- 5-16 21:59       55 21  161 15  20.71 0.12  0.0    8  2.1  3.9      3428
 *** DISTANCE & RESIDUAL WEIGHTING CANCELLED FOR EVENT: 2021  5 16 22 14
 3429 2021- 5-16 22:14     # 55 28  161 32  15.00 1.23  0.0    6 13.9 28.3      3429
 *** DISTANCE & RESIDUAL WEIGHTING CANCELLED FOR EVENT: 2021  5 16 22 26
 3430 2021- 5-16 22:26     # 55 22  161 50  21.50 1.99  0.0    5 33.9 15.4      3430
 3431 2021- 5-16 23:43     # 54 28  162  4  86.56 1.01  0.0    6 36.8 18.3      3431
 *** DISTANCE & RESIDUAL WEIGHTING CANCELLED FOR EVENT: 2021  5 17  0 25
 3432 2021- 5-17  0:24     - 55 30  163 29  16.04 0.44  0.0    4 17.4 34.7      3432
 3433 2021- 5-17  0:38     - 55 22  161 45  22.79 0.03  0.0    5  5.4 10.7      3433
 3434 2021- 5-17  0:47     # 55 18  162  8  40.65 0.56  0.0    6  4.0 13.7      3434
 3435 2021- 5-17  0:47     - 55 21  162 24  11.15 0.10  0.0    4 13.3 11.4      3435
  SEQ ---DATE--- TIME REMARK -LAT-  --LON-  DEPTH  RMS PMAG  NUM  ERH  ERZ  ID
 3436 2021- 5-17  0:52     - 54 48  162 15  11.01 0.05  0.0    4 10.7  7.1      3436
 *** DISTANCE & RESIDUAL WEIGHTING CANCELLED FOR EVENT: 2021  5 17  3 27
 3437 2021- 5-17  3:27     - 55  5  162 20  15.00 1.08  0.0    4 22.4 73.7      3437
 3438 2021- 5-17  4:38     - 54 52  162 60  17.14 0.06  0.0    6  2.8 13.6      3438
 3439 2021- 5-17  5:10     - 55 28  161 23  10.46 0.12  0.0    4 10.7  9.2      3439
 3440 2021- 5-17  5:41       55 20  161 19  48.00 0.10  0.0    6  5.1  3.4      3440
 3441 2021- 5-17  6:02     - 54 48  160 49  15.00 0.19  0.0    8 18.5 19.9      3441
 3442 2021- 5-17  6:02       55  0  161 26  29.77 0.03  0.0    6  4.8  0.9      3442
 3443 2021- 5-17  8:16       55 20  161 36  45.09 0.14  0.0    7  3.3  3.9      3443
 3444 2021- 5-17  8:24     - 54 31  161 26  15.18 0.08  0.0    5  5.9 12.0      3444
 3445 2021- 5-17  9:02     - 54 26  161 42  18.35 0.16  0.0    7  2.2 17.9      3445
 3446 2021- 5-17  9:36       55 17  161 59  11.69 0.09  0.0    6  1.9  2.8      3446
 3447 2021- 5-17 10:19     - 54 41  161 48   9.00 0.19  0.0   17  1.1 15.9      3447
 *** DISTANCE & RESIDUAL WEIGHTING CANCELLED FOR EVENT: 2021  5 17 10 19
 3448 2021- 5-17 10:19     - 55  4  161 42  12.64 0.79  0.0    4 62.2 24.4      3448
 3449 2021- 5-17 10:36     - 54 58  161 32  23.91 0.06  0.0    6 12.1  5.4      3449
 3450 2021- 5-17 12:51     - 54 51  160 16  15.15 0.18  0.0   12  8.4 17.1      3450
  SEQ ---DATE--- TIME REMARK -LAT-  --LON-  DEPTH  RMS PMAG  NUM  ERH  ERZ  ID
 3451 2021- 5-17 13:21     - 54 38  160 54  15.00 0.18  0.0   10 16.1 19.2      3451
 3452 2021- 5-17 13:21     - 54 29  160 37  14.67 0.08  0.0    8 11.2  7.0      3452
 3453 2021- 5-17 13:22     - 54 49  162 46   9.75 0.15  0.0    5 16.8 13.8      3453
 *** DISTANCE & RESIDUAL WEIGHTING CANCELLED FOR EVENT: 2021  5 17 13 22
 3454 2021- 5-17 13:22     - 54 53  162 29  15.69 1.57  0.0    5 99.0  8.7      3454
 3455 2021- 5-17 13:34     - 54 56  161 20  18.41 0.05  0.0    5 12.8  7.1      3455
 3456 2021- 5-17 14:22     - 54 52  162 28  41.27 0.07  0.0    4 13.9  7.3      3456
 3457 2021- 5-17 16:10     - 54 47  161  3  27.35 0.21  0.0   10 19.0  3.5      3457
 3458 2021- 5-17 16:11     - 54 53  161 18  16.06 0.10  0.0    5 11.3 14.9      3458
 *** DISTANCE & RESIDUAL WEIGHTING CANCELLED FOR EVENT: 2021  5 17 16 11
 3459 2021- 5-17 16:11     # 55 24  161 41  15.00 0.82  0.0    4 13.6 14.6      3459
 3460 2021- 5-17 16:22     - 55  5  161 53  12.99 0.02  0.0    4  4.7  9.7      3460
 3461 2021- 5-17 16:53     - 54 28  162 25  19.93 0.06  0.0    6  2.3 13.4      3461
 3462 2021- 5-17 16:59     - 54 48  161  6  28.07 0.20  0.0   10 18.4  3.1      3462
 3463 2021- 5-17 16:59     - 55 12  161  5  14.82 0.17  0.0    5 15.7  3.0      3463
 3464 2021- 5-17 17:14     - 54 47  161  5  35.57 0.24  0.0    9 20.1 16.1      3464
 3465 2021- 5-17 17:15     # 54 59  161 43   4.65 0.20  0.0    5 13.6  3.2      3465
  SEQ ---DATE--- TIME REMARK -LAT-  --LON-  DEPTH  RMS PMAG  NUM  ERH  ERZ  ID
 3466 2021- 5-17 17:44     - 55 18  161 42  41.76 0.01  0.0    4 12.5  1.5      3466
 3467 2021- 5-17 17:57     - 55 49  161 45  15.52 0.03  0.0    4  5.7 11.4      3467
 3468 2021- 5-17 19:28     # 55  4  161 58  24.72 2.07  0.0    6 35.2 50.1      3468
 *** DISTANCE & RESIDUAL WEIGHTING CANCELLED FOR EVENT: 2021  5 17 20 28
 3469 2021- 5-17 20:27     # 55 24  162 26  21.09 0.33  0.0    4  6.6 18.9      3469
 3470 2021- 5-17 20:27     - 54 54  162 29  33.81 0.12  0.0    5  9.8  7.5      3470
 3471 2021- 5-17 21:59     - 54 32  161 33  19.69 0.28  0.0   11  1.9 22.3      3471
 3472 2021- 5-17 23:49     - 54 56  161 25  15.39 0.02  0.0    4 11.4  4.9      3472
 *** DISTANCE & RESIDUAL WEIGHTING CANCELLED FOR EVENT: 2021  5 17 23 49
 3473 2021- 5-17 23:49     # 55 15  161  6  14.97 1.14  0.0    6 20.7  6.4      3473
 3474 2021- 5-18  1:36     - 54 35  161  1  14.57 0.18  0.0    8  8.6 17.4      3474
 3475 2021- 5-18  2:09       55 15  161 50  34.96 0.10  0.0    6  4.3  1.8      3475
 3476 2021- 5-18  2:18     - 55 13  163 21  16.05 0.22  0.0    6 10.6 19.3      3476
 3477 2021- 5-18  2:18       54 25  161 29  20.58 0.18  0.0   10  5.3  3.0      3477
 3478 2021- 5-18  2:51       54 43  161 49  26.35 0.04  0.0    7  2.4  5.9      3478
 3479 2021- 5-18  3:55     - 55 12  160 53  20.57 0.24  0.0   11  2.2 17.4      3479
 *** DISTANCE & RESIDUAL WEIGHTING CANCELLED FOR EVENT: 2021  5 18  3 56
 3480 2021- 5-18  3:56     - 55 20  161 33   7.24 0.52  0.0    4  5.6 33.5      3480
  SEQ ---DATE--- TIME REMARK -LAT-  --LON-  DEPTH  RMS PMAG  NUM  ERH  ERZ  ID
 3481 2021- 5-18  3:59       54 60  161 32  31.19 0.03  0.0    5  1.8  2.4      3481
 3482 2021- 5-18  4:31       55 17  162 10  16.29 0.00  0.0    4  2.2  3.7      3482
 3483 2021- 5-18  4:49       55 19  161 44  16.65 0.19  0.0    8  7.1  2.7      3483
 3484 2021- 5-18  5:08     # 55 23  161 53   0.94 0.03  0.0    6  0.6  5.8      3484
 3485 2021- 5-18  5:27       55 15  161 47  16.50 0.08  0.0    5  1.2  1.4      3485
 3486 2021- 5-18  5:42     - 54 59  163 28  15.00 0.30  0.0    9 23.2 27.9      3486
 3487 2021- 5-18  7:19       55 19  161 53  19.81 0.07  0.0    5  3.3  1.1      3487
 3488 2021- 5-18  8:35     - 55 16  161 40   1.07 0.27  0.0    4 24.2 19.3      3488
 3489 2021- 5-18  8:49     - 55 47  161 40  18.20 0.18  0.0    5  3.2 19.3      3489
 *** DISTANCE & RESIDUAL WEIGHTING CANCELLED FOR EVENT: 2021  5 18  9 12
 3490 2021- 5-18  9:12     # 54 59  162  7  48.70 0.99  0.0    5 25.7 38.3      3490
 3491 2021- 5-18  9:37     - 54 46  161 16  30.83 0.15  0.0    8 14.7  1.6      3491
 3492 2021- 5-18  9:37     - 55 49  162 52  14.67 0.07  0.0    4 10.5  8.9      3492
 3493 2021- 5-18  9:47     - 54 38  160 48  15.00 0.22  0.0   11 19.0 22.4      3493
 3494 2021- 5-18  9:47     - 54 27  160 32  11.19 0.32  0.0    8 21.6 13.8      3494
 3495 2021- 5-18 10:42     - 55  9  162 19  14.94 0.08  0.0    4  2.8 13.8      3495
 *** DISTANCE & RESIDUAL WEIGHTING CANCELLED FOR EVENT: 2021  5 18 10 48
  SEQ ---DATE--- TIME REMARK -LAT-  --LON-  DEPTH  RMS PMAG  NUM  ERH  ERZ  ID
 3496 2021- 5-18 10:48     - 54 45  161  4  15.00 0.46  0.0    6 39.5 14.1      3496
 3497 2021- 5-18 10:48       55 18  161 25  18.66 0.01  0.0    4  3.7  1.8      3497
 3498 2021- 5-18 11:07       55 22  161 55  25.39 0.11  0.0    8  1.5  1.0      3498
 3499 2021- 5-18 11:18     - 55 11  163 30  15.17 0.15  0.0    5  7.8 15.7      3499
 3500 2021- 5-18 11:18     - 54 57  162 29  30.55 2.15  0.0    4 98.2 27.5      3500
 *** DISTANCE & RESIDUAL WEIGHTING CANCELLED FOR EVENT: 2021  5 18 11 22
 3501 2021- 5-18 11:21     # 55 22  161 12  15.16 1.52  0.0    5 24.1 84.0      3501
 3502 2021- 5-18 12:47     - 55 16  162 16   7.54 0.18  0.0    6  2.3 18.2      3502
 3503 2021- 5-18 13:38     - 55 48  161 15  20.42 0.08  0.0    6  7.5  9.1      3503
 3504 2021- 5-18 14:04       55 14  161 46  30.33 0.03  0.0    5  4.2  2.8      3504
 3505 2021- 5-18 14:11       55 29  161 55  36.87 0.10  0.0    6  2.9  3.1      3505
 3506 2021- 5-18 15:45       55 27  161 53  29.28 0.11  0.0   14  1.3  0.8      3506
 3507 2021- 5-18 15:49       55 26  161 51  29.62 0.05  0.0    6  1.8  1.1      3507
 3508 2021- 5-18 15:59     # 54 60  161 55  34.86 0.25  0.0    6  7.1  9.3      3508
 3509 2021- 5-18 17:28     - 55 43  161 54  14.87 0.13  0.0    5  5.8 15.5      3509
 3510 2021- 5-18 17:33       55  4  160 57  13.62 0.23  0.0   18  1.1  1.0      3510
  SEQ ---DATE--- TIME REMARK -LAT-  --LON-  DEPTH  RMS PMAG  NUM  ERH  ERZ  ID
 3511 2021- 5-18 18:08       55 25  161 12  21.81 0.30  0.0    6  5.4  9.3      3511
 *** DISTANCE & RESIDUAL WEIGHTING CANCELLED FOR EVENT: 2021  5 18 18 54
 3512 2021- 5-18 18:54     - 55  8  161 52  16.39 3.74  0.0    4 99.0 38.3      3512
 *** DISTANCE & RESIDUAL WEIGHTING CANCELLED FOR EVENT: 2021  5 18 20 29
 3513 2021- 5-18 20:29     - 55 55  162 11  14.99 0.25  0.0    5 11.0 21.9      3513
 3514 2021- 5-18 20:29     - 55  3  163 36  14.69 0.13  0.0    4  7.4 14.7      3514
 3515 2021- 5-18 21:56     - 55 10  161 54  36.56 0.03  0.0    4 12.6  2.1      3515
 3516 2021- 5-18 23:28     - 54 49  160 57  35.55 0.25  0.0   10 14.2 17.4      3516
 3517 2021- 5-18 23:28     - 54 49  160 54  39.38 0.26  0.0    9 17.5  9.8      3517
 3518 2021- 5-19  0:58     - 54 38  161 10  15.25 0.29  0.0   13 10.6 20.6      3518
 *** DISTANCE & RESIDUAL WEIGHTING CANCELLED FOR EVENT: 2021  5 19  3  5
 3519 2021- 5-19  3:05     # 54 59  162 30  14.98 1.11  0.0    4 32.2  7.0      3519
 3520 2021- 5-19  4:16     - 54 51  163  4  18.29 0.47  0.0    8  6.2 40.3      3520
 3521 2021- 5-19  4:20       54 55  162 43  15.32 0.01  0.0    4  3.0  8.0      3521
 3522 2021- 5-19  9:51     - 54 52  161 28  18.29 0.23  0.0    6 19.8 10.3      3522
 3523 2021- 5-19  9:51     - 54 44  161  1  15.03 0.15  0.0    6 15.8 17.8      3523
 3524 2021- 5-19 11:27     - 54 40  160 40  14.95 0.16  0.0   16  7.5 14.8      3524
 3525 2021- 5-19 13:17     - 55  2  161 29  12.02 0.20  0.0    4 15.4 11.5      3525
  SEQ ---DATE--- TIME REMARK -LAT-  --LON-  DEPTH  RMS PMAG  NUM  ERH  ERZ  ID
 3526 2021- 5-19 13:17       55 10  161 48  25.12 0.03  0.0    5  1.5  1.7      3526
 3527 2021- 5-19 13:32     - 55  8  161 21  12.27 0.05  0.0    4 12.4  9.4      3527
 *** DISTANCE & RESIDUAL WEIGHTING CANCELLED FOR EVENT: 2021  5 19 13 33
 3528 2021- 5-19 13:33     - 55  9  161 12  15.00 0.90  0.0    4 56.6 49.1      3528
 3529 2021- 5-19 19:05     - 55 15  161 23  10.07 0.08  0.0    4 13.4 10.7      3529
 *** DISTANCE & RESIDUAL WEIGHTING CANCELLED FOR EVENT: 2021  5 19 20 35
 3530 2021- 5-19 20:35     - 54 59  161 13  11.22 0.47  0.0    4 30.6 33.5      3530
 3531 2021- 5-19 20:35     - 55  2  161  4  14.67 0.13  0.0    6 14.4  2.6      3531
 3532 2021- 5-20  4:12     - 55 17  161 19  32.04 0.07  0.0    5 10.6  6.3      3532
 *** DISTANCE & RESIDUAL WEIGHTING CANCELLED FOR EVENT: 2021  5 20  4 12
 3533 2021- 5-20  4:12     # 55 25  161 38   8.00 1.14  0.0    5 15.4 21.5      3533
 3534 2021- 5-20  5:19       54 40  162 29  14.82 0.14  0.0    5  6.4  2.7      3534
 *** DISTANCE & RESIDUAL WEIGHTING CANCELLED FOR EVENT: 2021  5 20  5 19
 3535 2021- 5-20  5:19     # 54 55  162 14   0.03 0.41  0.0    5  4.1 10.4      3535
 3536 2021- 5-20  8:39     - 55 10  163 33  19.36 0.53  0.0   12  3.6 45.3      3536
 3537 2021- 5-20  9:10     - 54 60  161 19  11.93 0.15  0.0    5 11.5 11.7      3537
 *** DISTANCE & RESIDUAL WEIGHTING CANCELLED FOR EVENT: 2021  5 20  9 10
 3538 2021- 5-20  9:10     - 54 53  161  6  25.38 0.63  0.0    5 50.4 23.3      3538
 3539 2021- 5-20 11:01     - 55 13  163 26  15.85 0.41  0.0   10 16.5 31.5      3539
 3540 2021- 5-20 11:01     - 55 22  161 53   4.44 0.21  0.0    4 14.0 15.7      3540
  SEQ ---DATE--- TIME REMARK -LAT-  --LON-  DEPTH  RMS PMAG  NUM  ERH  ERZ  ID
 3541 2021- 5-20 11:15     - 54 55  162 17   7.35 0.03  0.0    4 10.3  7.3      3541
 *** DISTANCE & RESIDUAL WEIGHTING CANCELLED FOR EVENT: 2021  5 20 11 16
 3542 2021- 5-20 11:16     - 55 21  162 27  14.47 0.58  0.0    4 12.5 35.4      3542
 *** DISTANCE & RESIDUAL WEIGHTING CANCELLED FOR EVENT: 2021  5 20 14 22
 3543 2021- 5-20 14:22     - 55 15  161 37   6.66 0.40  0.0    4 35.8 33.0      3543
 3544 2021- 5-20 16:56       54 34  162  5  15.22 0.06  0.0    6  3.7  3.1      3544
 3545 2021- 5-20 17:53     - 54 34  161 11  15.00 0.17  0.0   10 15.4 18.7      3545
 3546 2021- 5-20 17:53     - 54 23  160 58  13.92 0.18  0.0    9 14.4  8.3      3546
 3547 2021- 5-20 19:41       55 18  161 54  17.86 0.05  0.0    6  3.0  1.9      3547
 *** DISTANCE & RESIDUAL WEIGHTING CANCELLED FOR EVENT: 2021  5 20 20 17
 3548 2021- 5-20 20:17     - 55  9  161 30  11.26 0.18  0.0    4 19.2  9.8      3548
 3549 2021- 5-20 20:53     - 54 49  161  8  28.34 0.18  0.0    9 17.3  3.7      3549
 3550 2021- 5-20 20:53     - 54 58  161 23   6.10 0.19  0.0    6 10.6 20.0      3550
 3551 2021- 5-20 22:38     - 55  4  161 21  15.45 0.10  0.0    5 14.7  6.2      3551
 3552 2021- 5-20 22:38       55 15  162  0  22.07 0.00  0.0    4  1.2  1.8      3552
 3553 2021- 5-20 23:05     - 54 34  161 18  15.22 0.15  0.0   13  6.8 13.9      3553
 3554 2021- 5-20 23:27     - 54 27  161 45  16.71 0.18  0.0    7  8.5 16.8      3554
 *** DISTANCE & RESIDUAL WEIGHTING CANCELLED FOR EVENT: 2021  5 21  0  1
 3555 2021- 5-21  0:01     # 55 21  162 10  15.00 0.45  0.0    5  8.0 22.2      3555
  SEQ ---DATE--- TIME REMARK -LAT-  --LON-  DEPTH  RMS PMAG  NUM  ERH  ERZ  ID
 3556 2021- 5-21  1:00     - 55  0  161 22  11.81 0.17  0.0    4 14.4 12.5      3556
 3557 2021- 5-21  1:06     - 55 13  162 18   4.50 0.02  0.0    4  6.5 10.5      3557
 *** DISTANCE & RESIDUAL WEIGHTING CANCELLED FOR EVENT: 2021  5 21  1  7
 3558 2021- 5-21  1:07     # 55  9  162 48  15.00 0.20  0.0    4  4.1  5.8      3558
 *** DISTANCE & RESIDUAL WEIGHTING CANCELLED FOR EVENT: 2021  5 21  1 48
 3559 2021- 5-21  1:48     # 54 60  162 18  15.01 4.58  0.0    4 89.8 41.7      3559
 3560 2021- 5-21  3:21     - 54 43  161 38   9.26 0.13  0.0    7 11.2 15.7      3560
 3561 2021- 5-21  3:21     - 54 43  161 41   9.51 0.19  0.0    7  6.8 18.9      3561
 3562 2021- 5-21  4:48       55 22  162  1  24.93 0.00  0.0    4  3.5  5.1      3562
 3563 2021- 5-21  7:37     - 55 15  161 37   1.26 0.10  0.0    4 14.9 12.6      3563
 3564 2021- 5-21 11:05     - 55  5  161 24  14.12 0.07  0.0    4 10.6 12.4      3564
 3565 2021- 5-21 11:05     - 55  0  160 53  15.02 0.14  0.0    6 15.0 17.0      3565
 3566 2021- 5-21 14:50     - 54 34  161 16  15.00 0.17  0.0   17  7.3 14.4      3566
 *** DISTANCE & RESIDUAL WEIGHTING CANCELLED FOR EVENT: 2021  5 21 15 29
 3567 2021- 5-21 15:29     - 55 16  161 39  16.88 0.41  0.0    4 36.3  4.9      3567
 3568 2021- 5-21 15:43     - 55 15  161  5  38.38 0.12  0.0    9 11.9  4.1      3568
 3569 2021- 5-21 15:43     - 55 52  162  6  14.75 0.09  0.0    4 13.3  4.3      3569
 *** DISTANCE & RESIDUAL WEIGHTING CANCELLED FOR EVENT: 2021  5 21 16 26
 3570 2021- 5-21 16:26     - 55  2  162 26  30.24 1.58  0.0    4 99.0 11.4      3570
 *** DISTANCE & RESIDUAL WEIGHTING CANCELLED FOR EVENT: 2021  5 21 16 55
 *** ABANDON EVENT WITH ONLY 3 READINGS:2021  5 21 16 55
 3572 2021- 5-21 19:31     - 55  3  160 55  18.86 0.16  0.0    8  1.4 15.0      3572
 3573 2021- 5-21 21:43     - 55 15  160 20  14.56 0.23  0.0   11 10.0 20.2      3573
 3574 2021- 5-21 23:33     - 54 30  161  9  15.02 0.14  0.0    4  7.5 15.1      3574
 3575 2021- 5-22  3:41     - 54 25  162 20  17.61 0.33  0.0    9  3.4 29.9      3575
 3576 2021- 5-22  5:03     - 55 14  161 26   8.67 0.11  0.0    4 14.6 12.4      3576
 3577 2021- 5-22  6:12     - 55 55  163  6  12.47 0.18  0.0    5  8.8 17.7      3577
 3578 2021- 5-22  9:06     - 54 41  162 33  11.70 0.12  0.0    6  3.9 13.1      3578
 3579 2021- 5-22  9:23     - 54 55  162 43  13.41 0.00  0.0    4  3.8 11.7      3579
 *** DISTANCE & RESIDUAL WEIGHTING CANCELLED FOR EVENT: 2021  5 22 11 47
 3580 2021- 5-22 11:47     - 55 12  161 33  16.77 0.57  0.0    4 49.2 11.9      3580
 3581 2021- 5-22 12:36       55 12  161 35  22.21 0.00  0.0    4  5.0  5.3      3581
 3582 2021- 5-22 15:51     - 54 38  160 43  14.90 0.12  0.0    9  7.0 13.8      3582
 3583 2021- 5-22 16:17     - 54 59  162 20  15.00 1.68  0.0    4 99.0 32.1      3583
 3584 2021- 5-22 17:06     - 54 57  161 25  13.61 0.18  0.0    7 14.1  3.7      3584
 3585 2021- 5-22 17:06       55 10  161 11  21.43 0.08  0.0    5  4.2  4.0      3585
  SEQ ---DATE--- TIME REMARK -LAT-  --LON-  DEPTH  RMS PMAG  NUM  ERH  ERZ  ID
 3586 2021- 5-22 18:27     - 54 30  163  1   1.92 0.85  0.0    5 62.1 63.2      3586
 3587 2021- 5-22 18:30     - 55 51  161 19  14.98 0.13  0.0    5 12.7 15.6      3587
 *** DISTANCE & RESIDUAL WEIGHTING CANCELLED FOR EVENT: 2021  5 22 19  7
 3588 2021- 5-22 19:07     # 55 25  161 31   8.59 0.75  0.0    5  8.9 22.4      3588
 3589 2021- 5-22 19:12     - 55 17  161 27  14.36 0.02  0.0    4 10.6  3.4      3589
 3590 2021- 5-22 19:35     - 54 43  160 50  15.00 0.23  0.0   11 18.3 22.6      3590
 3591 2021- 5-22 19:35     - 54 37  160 52  31.15 0.45  0.0    8 33.6 39.4      3591
 3592 2021- 5-22 19:41     - 55  1  161 20  12.01 0.22  0.0    5 13.4 15.3      3592
 *** DISTANCE & RESIDUAL WEIGHTING CANCELLED FOR EVENT: 2021  5 22 19 41
 3593 2021- 5-22 19:41     - 55  3  161 21  14.99 0.33  0.0    4 26.2 21.0      3593
 3594 2021- 5-22 22:37     - 55  1  161 29  22.72 0.15  0.0    6 12.3  4.2      3594
 3595 2021- 5-22 22:37     - 55 18  161 34  12.28 0.01  0.0    4  9.6  5.1      3595
 3596 2021- 5-22 23:59     - 54 51  161 26  14.93 0.14  0.0    5 11.8 16.9      3596
 3597 2021- 5-23  0:08     - 54 56  161 32  22.53 0.21  0.0    6 19.0  6.2      3597
 *** DISTANCE & RESIDUAL WEIGHTING CANCELLED FOR EVENT: 2021  5 23  0  9
 3598 2021- 5-23  0:09     - 54 59  161 41  21.75 0.66  0.0    5 39.5 12.1      3598
 3599 2021- 5-23  1:22     - 54 48  160 52  15.00 0.19  0.0   10 16.3 20.1      3599
 *** DISTANCE & RESIDUAL WEIGHTING CANCELLED FOR EVENT: 2021  5 23  1 23
 3600 2021- 5-23  1:23     - 55  1  161 29  25.80 0.38  0.0    4 28.4  7.8      3600
  SEQ ---DATE--- TIME REMARK -LAT-  --LON-  DEPTH  RMS PMAG  NUM  ERH  ERZ  ID
 3601 2021- 5-23  2:13     - 54 52  162 21  72.42 0.11  0.0    4  5.8 13.4      3601
 3602 2021- 5-23  3:56     - 55  8  163 19  16.21 0.97  0.0   12 32.1 62.8      3602
 3603 2021- 5-23  4:28     - 54 25  161 14  14.47 0.09  0.0    6  6.3 13.0      3603
 *** DISTANCE & RESIDUAL WEIGHTING CANCELLED FOR EVENT: 2021  5 23  4 29
 3604 2021- 5-23  4:29     - 54 50  161 49   8.17 0.34  0.0    4 27.8 22.2      3604
 *** DISTANCE & RESIDUAL WEIGHTING CANCELLED FOR EVENT: 2021  5 23  4 52
 3605 2021- 5-23  4:52     - 55  8  162 21  14.96 0.24  0.0    4  5.3 20.7      3605
 3606 2021- 5-23  5:15       54 44  161 32  15.70 0.11  0.0   10  1.0  0.6      3606
 3607 2021- 5-23  5:39     - 54 47  161 15  12.02 0.16  0.0    9  9.5 13.1      3607
 3608 2021- 5-23  5:39     - 54 36  161  0  32.77 0.38  0.0    9 23.9 34.1      3608
 3609 2021- 5-23  6:12     - 55 10  163 15  17.34 0.27  0.0    4  4.6 25.9      3609
 3610 2021- 5-23  6:12     # 55 20  161 44  16.50 2.20  0.0    6 17.1 37.1      3610
 3611 2021- 5-23  7:38     - 54 34  161 13  14.97 0.16  0.0   12  7.3 14.5      3611
 3612 2021- 5-23  8:01     - 54 57  161 27   7.50 0.34  0.0    4 28.9 30.3      3612
 3613 2021- 5-23  8:01     - 55  5  161 43  16.37 0.07  0.0    4  8.6  6.2      3613
 3614 2021- 5-23  9:19     - 55  4  163 46  32.50 0.53  0.0   11 22.2 39.5      3614
 3615 2021- 5-23 12:28     - 54 26  161 47  17.89 0.11  0.0    7  1.5 15.7      3615
  SEQ ---DATE--- TIME REMARK -LAT-  --LON-  DEPTH  RMS PMAG  NUM  ERH  ERZ  ID
 3616 2021- 5-23 15:49     - 55  2  161 12  14.97 0.12  0.0    4 12.1 13.1      3616
 3617 2021- 5-23 15:49     - 54 49  161  6  54.55 0.19  0.0    4 17.9  7.7      3617
 *** DISTANCE & RESIDUAL WEIGHTING CANCELLED FOR EVENT: 2021  5 23 16  0
 3618 2021- 5-23 15:59     # 55 19  162 13  15.02 0.50  0.0    4  5.9 20.8      3618
 *** DISTANCE & RESIDUAL WEIGHTING CANCELLED FOR EVENT: 2021  5 23 16 13
 3619 2021- 5-23 16:13     # 55 24  161 25  15.00 0.64  0.0    5  9.0 25.8      3619
 3620 2021- 5-23 16:37       55 14  162  2  20.41 0.00  0.0    4  1.7  2.8      3620
 3621 2021- 5-23 17:11     - 54 46  161 14  13.98 0.23  0.0   10 16.1  2.6      3621
 3622 2021- 5-23 17:11     - 54 40  161  7  15.18 0.31  0.0    8 18.2 28.2      3622
 3623 2021- 5-23 18:05       55  4  160 56  14.61 0.14  0.0   11  1.2  0.9      3623
 3624 2021- 5-23 22:32     - 54 58  161 32  15.17 0.12  0.0    5  9.1 10.0      3624
 3625 2021- 5-23 22:32       55  4  161 46   9.39 0.00  0.0    4  2.3  5.1      3625
 3626 2021- 5-23 23:35       55  9  162 18  38.92 0.32  0.0    7  7.2  9.6      3626
 3627 2021- 5-24  3:40     - 55 13  163 40  14.93 0.07  0.0    4  6.4 12.4      3627
 3628 2021- 5-24  3:40     - 54 54  162  8  11.02 0.04  0.0    4  5.5 11.7      3628
 3629 2021- 5-24  4:11     - 55 16  162 55  18.18 0.29  0.0    5  8.3 25.0      3629
 *** DISTANCE & RESIDUAL WEIGHTING CANCELLED FOR EVENT: 2021  5 24 10 30
 3630 2021- 5-24 10:29     - 55  1  162 24  12.72 0.64  0.0    6 47.9 24.4      3630
  SEQ ---DATE--- TIME REMARK -LAT-  --LON-  DEPTH  RMS PMAG  NUM  ERH  ERZ  ID
 3631 2021- 5-24 10:30     - 54 49  162 27  14.49 0.07  0.0    4 12.4  5.0      3631
 3632 2021- 5-24 12:24     - 54 38  162 46  13.90 0.07  0.0    5 11.0  2.5      3632
 *** DISTANCE & RESIDUAL WEIGHTING CANCELLED FOR EVENT: 2021  5 24 14 33
 3633 2021- 5-24 14:33     - 55 30  161 38  41.24 0.30  0.0    5 27.3  3.7      3633
 3634 2021- 5-24 14:33     - 54 53  160 53  15.82 0.09  0.0    5  6.6 12.7      3634
 3635 2021- 5-24 21:19     - 54 42  160 30  14.74 0.17  0.0   14  7.8 15.5      3635
 3636 2021- 5-25  6:58       54 51  162 36  15.45 0.04  0.0    7  6.7  1.1      3636
 3637 2021- 5-25  6:58     - 55 17  162 58  11.09 0.10  0.0    4 10.1 14.3      3637
 *** DISTANCE & RESIDUAL WEIGHTING CANCELLED FOR EVENT: 2021  5 25  7 29
 3638 2021- 5-25  7:29     - 55 59  160 37  15.00 0.58  0.0    4 33.3 44.7      3638
 3639 2021- 5-25 14:27     - 55 29  161 16  15.23 0.13  0.0    5  4.2 11.5      3639
 3640 2021- 5-25 20:41     - 54 50  160 23  14.07 0.15  0.0    5 11.7 15.3      3640
 3641 2021- 5-25 22:51     - 55  7  161 51   9.90 0.07  0.0    4  8.8  6.0      3641
 3642 2021- 5-25 23:51     - 55  0  161 26  11.86 0.18  0.0    5 14.0 11.2      3642
 3643 2021- 5-25 23:51       55  6  161 29  16.62 0.16  0.0    5  5.3  0.9      3643
 3644 2021- 5-26  1:45     - 56  2  161  1  15.23 0.09  0.0    6  6.4 13.0      3644
 3645 2021- 5-26  9:35     - 54 58  163  1  18.33 0.28  0.0    7  4.9 25.8      3645
  SEQ ---DATE--- TIME REMARK -LAT-  --LON-  DEPTH  RMS PMAG  NUM  ERH  ERZ  ID
 3646 2021- 5-26 14:33     - 55 21  161 46  33.22 0.00  0.0    4 12.5  1.1      3646
 *** DISTANCE & RESIDUAL WEIGHTING CANCELLED FOR EVENT: 2021  5 26 16  0
 3647 2021- 5-26 15:59     # 55 23  162 26  18.18 0.50  0.0    5 11.1 19.7      3647
 3648 2021- 5-26 16:21     - 55 13  161 30  17.97 0.07  0.0    4 10.1  4.5      3648
 3649 2021- 5-26 16:21     - 55 13  160 48  31.27 0.33  0.0    6 23.7  2.9      3649
 3650 2021- 5-26 21:25     - 54 27  163  1  14.73 0.10  0.0    7  6.7 13.5      3650
 *** DISTANCE & RESIDUAL WEIGHTING CANCELLED FOR EVENT: 2021  5 26 21 40
 3651 2021- 5-26 21:40     - 55 55  162 11  15.01 0.34  0.0    4 31.0  6.0      3651
 3652 2021- 5-26 23:37     - 54 41  160 54  15.00 0.14  0.0    5 15.8 17.3      3652
 3653 2021- 5-26 23:37     - 54 53  161 10  32.86 0.33  0.0    7 24.2  1.5      3653
 *** DISTANCE & RESIDUAL WEIGHTING CANCELLED FOR EVENT: 2021  5 27  0  0
 *** ABANDON EVENT WITH ONLY 3 READINGS:2021  5 26 23 59
 3655 2021- 5-27  1:09     - 55 11  160 52  31.65 0.16  0.0   10 15.2  1.4      3655
 3656 2021- 5-27  1:09     - 54 55  160 41  15.00 0.13  0.0    6 11.5 16.4      3656
 *** DISTANCE & RESIDUAL WEIGHTING CANCELLED FOR EVENT: 2021  5 27  2 24
 3657 2021- 5-27  2:24     # 55 28  161 31  15.00 0.60  0.0    4 16.1 31.5      3657
 3658 2021- 5-27  5:33     - 55 41  163 21  13.96 0.08  0.0    4  8.3  9.9      3658
 3659 2021- 5-27 10:56     - 55 17  162 11   2.41 0.13  0.0    4 16.4 13.2      3659
 3660 2021- 5-27 12:21     - 54 23  162 47  15.67 0.17  0.0    7  8.5 17.2      3660
 *** DISTANCE & RESIDUAL WEIGHTING CANCELLED FOR EVENT: 2021  5 27 14 28
  SEQ ---DATE--- TIME REMARK -LAT-  --LON-  DEPTH  RMS PMAG  NUM  ERH  ERZ  ID
 3661 2021- 5-27 14:28     - 54 59  161 24  24.28 0.36  0.0    4 29.4  5.8      3661
 3662 2021- 5-27 14:38       54 53  162 34  37.04 0.04  0.0    5  3.3  2.9      3662
 3663 2021- 5-27 16:55     - 54 27  162 22  17.72 0.20  0.0    9  2.6 20.2      3663
 3664 2021- 5-27 17:57     - 55  6  161  3  13.43 0.11  0.0    4 12.2  8.9      3664
 3665 2021- 5-27 19:50     - 55 12  161 46  14.11 0.03  0.0    4  8.7  9.1      3665
 3666 2021- 5-27 19:50     - 54 52  161  8  29.30 0.17  0.0    5 16.9  2.9      3666
 3667 2021- 5-27 21:41     - 54 50  160 55  37.15 0.24  0.0   10 17.4 14.6      3667
 3668 2021- 5-27 21:41     - 54 46  160 59  38.75 0.26  0.0    9 17.4  7.9      3668
 3669 2021- 5-27 22:52     - 55 34  161 21  40.56 0.17  0.0    7 13.8  8.1      3669
 *** DISTANCE & RESIDUAL WEIGHTING CANCELLED FOR EVENT: 2021  5 27 22 53
 3670 2021- 5-27 22:53     - 55 34  162  8  15.00 1.70  0.0    4 84.1 52.2      3670
 3671 2021- 5-27 22:57     - 54 52  161  9  31.71 0.25  0.0    9 21.3  2.2      3671
 3672 2021- 5-27 22:57     - 54 44  160 50  24.52 0.10  0.0    8 12.6  2.8      3672
 3673 2021- 5-27 23:29       55  2  162 19  20.59 0.02  0.0    5  4.1  5.9      3673
 *** DISTANCE & RESIDUAL WEIGHTING CANCELLED FOR EVENT: 2021  5 28  0 48
 3674 2021- 5-28  0:48     # 55  6  162 41  15.00 1.98  0.0    5 31.5 75.6      3674
 3675 2021- 5-28  6:03     - 54 36  161 14  15.00 0.28  0.0   18 10.0 19.8      3675
  SEQ ---DATE--- TIME REMARK -LAT-  --LON-  DEPTH  RMS PMAG  NUM  ERH  ERZ  ID
 3676 2021- 5-28  7:00     - 54 50  161  6  34.43 0.25  0.0   10 14.2 15.8      3676
 3677 2021- 5-28  7:00     - 54 44  160 59  15.00 0.21  0.0    6 15.1 21.5      3677
 3678 2021- 5-28  7:59     - 55 22  162 17  15.00 0.07  0.0    4  2.2 13.2      3678
 *** DISTANCE & RESIDUAL WEIGHTING CANCELLED FOR EVENT: 2021  5 28 10  2
 3679 2021- 5-28 10:02     - 55 55  162 11  15.09 0.37  0.0    4 33.4  6.6      3679
 3680 2021- 5-28 10:54     - 54 57  161  4  19.80 0.23  0.0    6 15.3 16.5      3680
 3681 2021- 5-28 12:11     - 54 30  161 43  17.06 0.19  0.0    7  2.0 20.2      3681
 3682 2021- 5-28 12:39     - 55 11  161 32   6.99 0.06  0.0    4 13.5 13.1      3682
 3683 2021- 5-28 14:26     - 54 47  160 45  15.00 0.21  0.0   11 18.3 21.4      3683
 3684 2021- 5-28 14:26     - 54 45  160 58  34.62 0.33  0.0   10 13.9 23.7      3684
 3685 2021- 5-28 16:12     - 54 28  162  6  16.87 0.13  0.0   11  7.2 14.3      3685
 3686 2021- 5-28 19:00       55 22  161 38  12.67 0.00  0.0    4  3.6  2.6      3686
 3687 2021- 5-29  0:41     - 54 44  161 13  17.34 0.41  0.0   16  1.8 36.6      3687
 *** DISTANCE & RESIDUAL WEIGHTING CANCELLED FOR EVENT: 2021  5 29  7 51
 3688 2021- 5-29  7:51     - 54 53  161 27   9.77 0.22  0.0    4 15.6 14.4      3688
 3689 2021- 5-29  8:04     - 55  3  161 27  16.50 0.10  0.0    5 13.3  2.4      3689
 3690 2021- 5-29  8:05     - 54 54  161 31  13.92 0.20  0.0    5 17.0  3.6      3690
 *** DISTANCE & RESIDUAL WEIGHTING CANCELLED FOR EVENT: 2021  5 29  8  6
  SEQ ---DATE--- TIME REMARK -LAT-  --LON-  DEPTH  RMS PMAG  NUM  ERH  ERZ  ID
 3691 2021- 5-29  8:06     # 55 11  161 33  15.00 1.68  0.0    4 32.4 65.4      3691
 3692 2021- 5-29 15:48       55 22  161 57  26.37 0.00  0.0    4  6.8  2.4      3692
 3693 2021- 5-29 18:29     - 54 24  161 59  18.72 0.18  0.0    8  2.5 19.1      3693
 3694 2021- 5-29 21:01     - 54 33  163 21  15.56 0.07  0.0    6  6.3 12.5      3694
 3695 2021- 5-29 22:15     - 54 59  161 23  25.69 0.17  0.0    8 15.0  4.9      3695
 3696 2021- 5-29 22:15     - 54 43  161  2  20.79 0.21  0.0    6 17.1 11.0      3696
 3697 2021- 5-29 22:49       54 38  160 31  20.57 0.16  0.0   18  1.7  0.9      3697
 3698 2021- 5-30  4:05     - 54 55  162  4  14.73 0.02  0.0    4  3.9 11.8      3698
 3699 2021- 5-30  5:38     - 55 15  160 29  57.90 0.16  0.0    7 17.2  8.7      3699
 3700 2021- 5-30  5:38       55  6  161 53   0.48 0.00  0.0    5  0.8  8.4      3700
 3701 2021- 5-30  7:40     - 54 35  161 17  15.03 0.15  0.0   19  6.5 12.8      3701
 3702 2021- 5-30  8:27       55  7  161 49  21.95 0.01  0.0    4  5.7  5.0      3702
 3703 2021- 5-30 11:11     - 54 57  162 38  26.35 0.02  0.0    4  9.9  7.3      3703
 3704 2021- 5-30 13:41     - 54 55  162 23  90.06 0.15  0.0    7 15.5  2.1      3704
 3705 2021- 5-30 14:25     - 54 37  161  7  15.01 0.04  0.0    6  5.8 11.6      3705
  SEQ ---DATE--- TIME REMARK -LAT-  --LON-  DEPTH  RMS PMAG  NUM  ERH  ERZ  ID
 3706 2021- 5-30 14:36     - 54 52  160 49  15.84 0.07  0.0    8  5.5 10.9      3706
 3707 2021- 5-30 15:58     - 55 40  163 11  15.00 0.00  0.0    4  5.6 11.2      3707
 3708 2021- 5-30 17:08     - 55 12  163 35  15.03 0.23  0.0    6  9.3 19.2      3708
 3709 2021- 5-30 18:08     - 54 52  162 42  28.46 0.12  0.0    6 12.9  7.3      3709
 3710 2021- 5-30 18:21     - 55 16  160 58  17.71 0.12  0.0    8  2.2 15.4      3710
 3711 2021- 5-30 18:22       55  5  161 41  22.14 0.02  0.0    6  1.3  3.0      3711
 3712 2021- 5-30 18:23     - 54 59  162 26  15.51 0.03  0.0    4  8.8  8.3      3712
 3713 2021- 5-30 19:21     # 54 17  162 29  13.16 0.12  0.0   13  3.1  1.3      3713
 3714 2021- 5-31  4:13     - 54 11  161 56  18.90 0.50  0.0    6  6.6 43.6      3714
 3715 2021- 5-31  6:06     - 55  6  162  3   8.73 0.05  0.0    5  2.1 12.5      3715
 3716 2021- 5-31  7:02     - 55 29  161 32  32.11 0.10  0.0    6  9.1 11.1      3716
 3717 2021- 5-31  7:15     - 54 29  160 54  14.47 0.21  0.0    5 10.6 18.8      3717
 3718 2021- 5-31  7:15     - 54 25  161 50  15.19 0.25  0.0    4 18.2 16.0      3718
 3719 2021- 5-31 10:33     - 54 33  160 58  15.05 0.17  0.0    8 11.8 15.2      3719
 3720 2021- 5-31 10:33     - 54 57  162 45  14.96 0.06  0.0    4  3.2 13.0      3720
  SEQ ---DATE--- TIME REMARK -LAT-  --LON-  DEPTH  RMS PMAG  NUM  ERH  ERZ  ID
 3721 2021- 5-31 10:33     - 55 12  161 34   6.30 0.06  0.0    5 10.6 13.4      3721
 3722 2021- 5-31 11:46     - 55 13  163 24  16.10 0.24  0.0    6 11.2 20.7      3722
 3723 2021- 5-31 12:16       55 44  161 19  55.97 0.09  0.0   11  2.9  2.9      3723
 3724 2021- 5-31 13:02     - 55 16  160 58  18.39 0.21  0.0    8 15.8 14.3      3724
 3725 2021- 5-31 13:02     - 55 19  160 16  15.51 0.09  0.0    6 11.1 14.4      3725
 3726 2021- 5-31 14:56       54 15  161 32  13.71 0.23  0.0    9  8.3  4.6      3726
 3727 2021- 5-31 18:40     - 54 35  161 15  15.15 0.17  0.0   20  6.8 13.5      3727
 3728 2021- 6- 1  0:14     - 54 52  160 52  15.00 0.14  0.0    8 15.8 17.2      3728
 3729 2021- 6- 1  0:14     - 55 16  161 23   7.30 0.10  0.0    7  1.6 13.6      3729
 3730 2021- 6- 1  0:14     - 54 55  162  7  14.81 0.01  0.0    4  4.6 11.4      3730
 3731 2021- 6- 1  4:30     - 55 20  161 54  11.16 0.17  0.0    4 15.3 11.2      3731
 3732 2021- 6- 1 10:00     - 54 23  161 38  14.85 0.16  0.0    7  8.1 16.0      3732
 3733 2021- 6- 1 12:04     - 55 10  160 13  13.62 0.30  0.0    8 12.0 24.4      3733
 3734 2021- 6- 1 16:32     - 54 55  160 49  11.30 0.14  0.0    5 16.5 16.7      3734
 3735 2021- 6- 1 16:32     - 54 52  160 30  15.00 0.24  0.0    5 21.2 22.1      3735
 *** DISTANCE & RESIDUAL WEIGHTING CANCELLED FOR EVENT: 2021  6  1 17 37
  SEQ ---DATE--- TIME REMARK -LAT-  --LON-  DEPTH  RMS PMAG  NUM  ERH  ERZ  ID
 3736 2021- 6- 1 17:37     - 55 19  160 34  15.00 0.43  0.0    4 34.0 37.5      3736
 3737 2021- 6- 1 18:53       55 17  161 39  39.61 0.10  0.0    5  4.3  2.1      3737
 3738 2021- 6- 1 21:44     - 55 45  163 35  15.08 0.08  0.0    5  6.3 12.7      3738
 3739 2021- 6- 1 22:03     - 54 38  160 51  15.39 0.16  0.0   17  7.5 14.9      3739
 3740 2021- 6- 2  1:19     - 54 35  162 10  10.32 0.23  0.0    6 16.2 17.4      3740
 *** DISTANCE & RESIDUAL WEIGHTING CANCELLED FOR EVENT: 2021  6  2  1 19
 3741 2021- 6- 2  1:19     # 55 11  161 51  14.99 0.89  0.0    4 15.6  7.4      3741
 3742 2021- 6- 2  1:31     - 54 22  163 16  14.66 0.09  0.0    5 11.2 13.1      3742
 3743 2021- 6- 2  7:15     - 54 36  162 20  13.03 0.10  0.0   10 13.0  1.3      3743
 3744 2021- 6- 2  7:15     - 54 49  162 15  14.40 0.15  0.0    5 13.4 10.2      3744
 *** DISTANCE & RESIDUAL WEIGHTING CANCELLED FOR EVENT: 2021  6  2  8  0
 3745 2021- 6- 2  7:59     - 55 22  162 16  46.94 0.36  0.0    4 10.3 25.6      3745
 3746 2021- 6- 2 10:38     - 55  8  161 36  19.89 0.02  0.0    4 11.1  4.6      3746
 3747 2021- 6- 2 16:07     - 54 43  161 19  18.74 0.32  0.0   12  2.0 29.2      3747
 *** DISTANCE & RESIDUAL WEIGHTING CANCELLED FOR EVENT: 2021  6  2 19 46
 3748 2021- 6- 2 19:46     - 55 12  161 52  13.74 0.20  0.0    4 21.1  1.6      3748
 3749 2021- 6- 2 19:56     - 55 11  161 51   6.52 0.33  0.0    4 14.0 16.3      3749
 3750 2021- 6- 2 23:38     - 54 51  161  5  27.84 0.17  0.0    7 17.1  3.4      3750
 *** DISTANCE & RESIDUAL WEIGHTING CANCELLED FOR EVENT: 2021  6  3  0  0
  SEQ ---DATE--- TIME REMARK -LAT-  --LON-  DEPTH  RMS PMAG  NUM  ERH  ERZ  ID
 3751 2021- 6- 2 23:59     - 54 51  161 19  15.06 0.32  0.0    4 20.1 28.7      3751
 3752 2021- 6- 3  2:17     # 54 59  162 10  72.96 0.25  0.0    5 14.9  2.4      3752
 3753 2021- 6- 3  3:27     - 56 16  162 36  15.00 0.17  0.0    4  8.4 16.8      3753
 3754 2021- 6- 3  5:16     - 54 35  160 53  15.00 0.21  0.0   10 18.7 21.4      3754
 3755 2021- 6- 3  5:16     - 54 39  161  2  15.27 0.12  0.0    7  9.0 15.8      3755
 3756 2021- 6- 3  6:33       55 27  161 53  26.46 0.12  0.0    6  3.0  1.6      3756
 3757 2021- 6- 3  9:54       55 28  161 52  28.66 0.06  0.0    7  2.7  1.1      3757
 3758 2021- 6- 3 10:21       55 17  162 17  53.69 0.16  0.0    8  6.1 12.3      3758
 3759 2021- 6- 3 10:41     - 55 18  161 46   2.18 0.11  0.0    4  1.0 11.0      3759
 3760 2021- 6- 3 11:48     - 54 45  162 37  14.39 0.09  0.0    4 13.9  1.1      3760
 3761 2021- 6- 3 14:31     - 54 45  160 44  15.00 0.22  0.0    7 21.0 22.0      3761
 3762 2021- 6- 3 14:31       55 14  162  6  18.56 0.00  0.0    4  1.1  4.5      3762
 *** DISTANCE & RESIDUAL WEIGHTING CANCELLED FOR EVENT: 2021  6  3 15 40
 3763 2021- 6- 3 15:40     - 54 49  162  7  14.99 0.22  0.0    4 13.8 17.4      3763
 *** DISTANCE & RESIDUAL WEIGHTING CANCELLED FOR EVENT: 2021  6  3 15 40
 3764 2021- 6- 3 15:40     - 54 38  161 59  15.00 0.60  0.0    4 40.7  7.3      3764
 3765 2021- 6- 3 16:32     - 54 44  160 45  15.00 0.20  0.0   11 17.4 20.7      3765
  SEQ ---DATE--- TIME REMARK -LAT-  --LON-  DEPTH  RMS PMAG  NUM  ERH  ERZ  ID
 3766 2021- 6- 3 16:32     - 54 40  160 37  34.62 0.26  0.0    9 17.6 24.0      3766
 3767 2021- 6- 3 16:43     - 54 58  161 16  12.88 0.17  0.0    5 13.8 14.5      3767
 *** DISTANCE & RESIDUAL WEIGHTING CANCELLED FOR EVENT: 2021  6  3 16 43
 3768 2021- 6- 3 16:43     - 54 60  161 31  30.23 0.62  0.0    5 40.7 15.4      3768
 3769 2021- 6- 3 18:08       55 21  162 16  32.90 0.07  0.0    5  1.4  4.0      3769
 3770 2021- 6- 3 18:13       55 16  162  1   5.88 0.03  0.0    5  2.4  1.1      3770
 3771 2021- 6- 3 18:46     - 55  7  162  7   7.43 0.95  0.0    4 79.9 77.5      3771
 3772 2021- 6- 3 20:34     - 54 41  162 26   8.36 0.13  0.0    8  1.8 12.0      3772
 3773 2021- 6- 3 20:36     - 55 22  162 39  15.03 0.40  0.0    4  4.0 33.7      3773
 3774 2021- 6- 3 21:00     - 54 46  160 56  34.79 0.24  0.0    8 15.9 17.6      3774
 *** DISTANCE & RESIDUAL WEIGHTING CANCELLED FOR EVENT: 2021  6  3 21  1
 3775 2021- 6- 3 21:01     # 55 21  161 42   9.86 0.36  0.0    4  4.7  6.1      3775
 3776 2021- 6- 3 23:26     - 54 44  162 19  12.84 0.09  0.0    4 13.2  7.2      3776
 *** DISTANCE & RESIDUAL WEIGHTING CANCELLED FOR EVENT: 2021  6  3 23 26
 3777 2021- 6- 3 23:26     - 54 25  162 22  15.00 0.62  0.0    5 50.9  5.0      3777
 *** DISTANCE & RESIDUAL WEIGHTING CANCELLED FOR EVENT: 2021  6  4  3 26
 3778 2021- 6- 4  3:26     - 55 13  161 43   6.81 0.02  0.0    4  2.4 10.7      3778
 3779 2021- 6- 4  3:40       55 15  161 45  52.57 0.15  0.0    6  7.8  2.7      3779
 3780 2021- 6- 4  3:54     - 55 46  161 31  14.97 0.04  0.0    5  3.1 11.6      3780
  SEQ ---DATE--- TIME REMARK -LAT-  --LON-  DEPTH  RMS PMAG  NUM  ERH  ERZ  ID
 3781 2021- 6- 4  6:39     - 55  3  162 13  24.56 2.72  0.0    4 97.7 30.6      3781
 *** DISTANCE & RESIDUAL WEIGHTING CANCELLED FOR EVENT: 2021  6  4  7  7
 3782 2021- 6- 4  7:07     - 55 18  161 42  45.36 0.53  0.0    4 46.2  7.1      3782
 3783 2021- 6- 4  8:03     - 55 28  161 51  31.75 0.00  0.0    4 12.5  1.3      3783
 *** DISTANCE & RESIDUAL WEIGHTING CANCELLED FOR EVENT: 2021  6  4  8 22
 3784 2021- 6- 4  8:22     - 55  9  161  2  14.99 0.64  0.0    5 46.6 48.7      3784
 3785 2021- 6- 4  9:09     - 55 23  161  7  14.87 0.20  0.0    5  6.7 19.3      3785
 3786 2021- 6- 4 10:10     - 54 45  160 50  15.00 0.21  0.0   10 17.0 21.5      3786
 3787 2021- 6- 4 10:10     - 54 46  161  2  33.38 0.20  0.0    9 12.0 20.7      3787
 3788 2021- 6- 4 10:13       55 21  161 47  11.24 0.00  0.0    4  2.3  2.6      3788
 3789 2021- 6- 4 11:45     - 54 50  162 46  32.75 0.06  0.0    6 11.3  0.9      3789
 *** DISTANCE & RESIDUAL WEIGHTING CANCELLED FOR EVENT: 2021  6  4 11 46
 3790 2021- 6- 4 11:46     - 55  0  162 17   0.41 0.61  0.0    4  2.7 42.6      3790
 3791 2021- 6- 4 12:20     - 54 39  162 46  14.10 0.03  0.0    4  9.9  7.8      3791
 3792 2021- 6- 4 13:04     - 54 59  162 20  15.06 0.07  0.0    4  7.2 10.1      3792
 *** DISTANCE & RESIDUAL WEIGHTING CANCELLED FOR EVENT: 2021  6  4 13  4
 3793 2021- 6- 4 13:04     # 55  2  162 34  15.00 1.09  0.0    5  8.4  8.1      3793
 3794 2021- 6- 4 13:57     - 55  2  162 27  55.88 0.04  0.0    5  5.2  9.5      3794
 3795 2021- 6- 4 14:45     - 54 55  162 43  14.86 0.07  0.0    4  4.4 12.9      3795
  SEQ ---DATE--- TIME REMARK -LAT-  --LON-  DEPTH  RMS PMAG  NUM  ERH  ERZ  ID
 3796 2021- 6- 4 14:45     - 55  8  161 41   7.12 0.07  0.0    6  3.8 12.6      3796
 3797 2021- 6- 4 14:45       55 19  161 47   3.52 0.04  0.0    5  1.2  2.5      3797
 *** DISTANCE & RESIDUAL WEIGHTING CANCELLED FOR EVENT: 2021  6  4 15 36
 3798 2021- 6- 4 15:36     # 55 22  161 53  10.93 0.72  0.0    5  9.5 11.0      3798
 3799 2021- 6- 4 15:38     # 55 15  161 44  95.28 0.19  0.0    6  9.3  2.0      3799
 3800 2021- 6- 4 15:40     - 55  7  161 20  23.32 0.12  0.0    7 12.7  3.8      3800
 3801 2021- 6- 4 15:40     - 54 58  160 47  15.01 0.11  0.0    4 13.5 15.3      3801
 3802 2021- 6- 4 16:28     - 54 58  161 33  21.05 0.06  0.0    5 12.0  2.8      3802
 3803 2021- 6- 4 16:35     - 55  3  161  4  31.72 0.22  0.0   10 16.2  1.3      3803
 3804 2021- 6- 4 16:35       55  4  160 56  30.33 0.21  0.0    9 13.3  1.4      3804
 *** DISTANCE & RESIDUAL WEIGHTING CANCELLED FOR EVENT: 2021  6  4 16 57
 3805 2021- 6- 4 16:57     # 55 17  162  7  15.01 0.39  0.0    4  7.9 10.3      3805
 3806 2021- 6- 4 17:11     - 55 15  161  5  12.39 0.14  0.0    7 16.7 14.3      3806
 3807 2021- 6- 4 17:11     - 55 26  161  4  15.72 0.09  0.0    4 13.3  3.8      3807
 3808 2021- 6- 4 17:48       54 52  162 25  39.11 0.05  0.0    9  6.1  6.3      3808
 3809 2021- 6- 4 17:49     - 54 55  162 19  27.79 0.04  0.0    5  6.3  9.4      3809
 3810 2021- 6- 4 18:25     - 54 39  163 34  14.92 0.02  0.0    5  5.6 11.4      3810
  SEQ ---DATE--- TIME REMARK -LAT-  --LON-  DEPTH  RMS PMAG  NUM  ERH  ERZ  ID
 3811 2021- 6- 4 19:07       54 45  162 37  14.09 0.08  0.0    7  2.1  4.1      3811
 *** DISTANCE & RESIDUAL WEIGHTING CANCELLED FOR EVENT: 2021  6  4 20 24
 3812 2021- 6- 4 20:24     - 54 45  161 50  20.78 0.09  0.0    4  9.7  4.0      3812
 3813 2021- 6- 4 22:11     - 55  3  161 21   9.65 0.22  0.0    5 21.2 20.0      3813
 *** DISTANCE & RESIDUAL WEIGHTING CANCELLED FOR EVENT: 2021  6  4 22 11
 3814 2021- 6- 4 22:11     - 54 58  161 33  25.50 0.67  0.0    4 51.1 13.1      3814
 3815 2021- 6- 4 22:43     - 54 28  162 14  17.41 0.10  0.0    6  2.0 15.0      3815
 3816 2021- 6- 4 23:05       54 42  162 51  31.38 0.21  0.0   11  6.0  0.9      3816
 3817 2021- 6- 5  2:13     - 55 26  161  9  14.01 0.33  0.0    4 17.0 26.5      3817
 3818 2021- 6- 5  3:37     - 55  2  162 25  73.28 0.18  0.0    4 19.6  2.7      3818
 *** DISTANCE & RESIDUAL WEIGHTING CANCELLED FOR EVENT: 2021  6  5  6 23
 3819 2021- 6- 5  6:23     # 55 25  162 56  15.00 1.43  0.0    4 49.1 34.1      3819
 3820 2021- 6- 5 11:15     - 54 50  161  3  47.36 0.18  0.0    6 16.3  8.9      3820
 3821 2021- 6- 5 11:16     - 54 48  160 55  51.92 0.28  0.0    8 23.0  6.8      3821
 3822 2021- 6- 5 12:43     - 55  1  160 10  15.00 0.42  0.0    6 35.6 36.7      3822
 3823 2021- 6- 5 12:43       55 12  160 54  12.96 0.05  0.0    5  8.8  1.8      3823
 3824 2021- 6- 5 13:58     - 55 32  160 21  14.06 0.22  0.0    9 10.5 19.1      3824
 3825 2021- 6- 5 13:58     - 55 14  160  2   9.90 0.19  0.0    9  9.0 18.1      3825
  SEQ ---DATE--- TIME REMARK -LAT-  --LON-  DEPTH  RMS PMAG  NUM  ERH  ERZ  ID
 3826 2021- 6- 5 14:49     # 54 20  163  3  28.79 0.11  0.0    7  6.7  0.9      3826
 3827 2021- 6- 5 15:09     - 55 13  162 27   8.34 0.44  0.0    4  6.8 37.6      3827
 *** DISTANCE & RESIDUAL WEIGHTING CANCELLED FOR EVENT: 2021  6  5 15 12
 3828 2021- 6- 5 15:12     # 55 34  161 44  15.00 0.70  0.0    5 17.7  6.8      3828
 3829 2021- 6- 5 16:05     - 54 57  160 54  11.68 0.12  0.0    6 14.5 14.9      3829
 3830 2021- 6- 5 16:05     - 54 44  161  8  92.25 0.02  0.0    4  9.8  7.0      3830
 *** DISTANCE & RESIDUAL WEIGHTING CANCELLED FOR EVENT: 2021  6  5 17 38
 3831 2021- 6- 5 17:38     - 55 12  161 27  14.72 0.16  0.0    4 17.4  5.9      3831
 *** DISTANCE & RESIDUAL WEIGHTING CANCELLED FOR EVENT: 2021  6  5 17 38
 3832 2021- 6- 5 17:38     # 55 10  162  3  15.00 0.58  0.0    4  5.3 10.2      3832
 *** DISTANCE & RESIDUAL WEIGHTING CANCELLED FOR EVENT: 2021  6  5 21 42
 3833 2021- 6- 5 21:42     - 55  2  161 12  15.00 0.37  0.0    5 29.0  5.3      3833
 3834 2021- 6- 5 21:51     - 55  4  161 27  11.72 0.10  0.0    4 14.3 10.7      3834
 *** DISTANCE & RESIDUAL WEIGHTING CANCELLED FOR EVENT: 2021  6  5 21 51
 3835 2021- 6- 5 21:51     # 55 14  161 38  14.99 0.42  0.0    4 13.4  6.7      3835
 3836 2021- 6- 5 22:11     - 55 22  160 59  37.34 0.09  0.0    9 12.0  5.3      3836
 *** DISTANCE & RESIDUAL WEIGHTING CANCELLED FOR EVENT: 2021  6  5 22 12
 3837 2021- 6- 5 22:12     - 55 31  161 42   0.02 0.89  0.0    5 63.1 21.7      3837
 *** DISTANCE & RESIDUAL WEIGHTING CANCELLED FOR EVENT: 2021  6  6  0  0
 3838 2021- 6- 5 23:59     # 55 14  161 56  15.00 0.36  0.0    4  5.0 21.7      3838
 3839 2021- 6- 6  0:41     - 54 42  161  1  15.00 0.18  0.0    6 17.1 19.8      3839
 3840 2021- 6- 6  0:41     - 54 56  161 35  24.17 0.04  0.0    5 11.1  2.3      3840
  SEQ ---DATE--- TIME REMARK -LAT-  --LON-  DEPTH  RMS PMAG  NUM  ERH  ERZ  ID
 3841 2021- 6- 6  0:58     - 54 56  160 57  14.93 0.16  0.0    8 16.0  2.3      3841
 3842 2021- 6- 6  0:58     - 54 51  160 53  30.93 0.21  0.0    6 19.4  2.6      3842
 *** DISTANCE & RESIDUAL WEIGHTING CANCELLED FOR EVENT: 2021  6  6  2 31
 3843 2021- 6- 6  2:31     - 55  8  161 41  14.98 0.38  0.0    4 21.6 13.6      3843
 3844 2021- 6- 6  2:33       54 36  162 42  15.55 0.15  0.0   12  4.7  0.7      3844
 3845 2021- 6- 6  4:48     - 55 10  161 45  13.05 0.18  0.0    4 14.9 10.3      3845
 3846 2021- 6- 6  4:48     - 54 53  161 26  24.92 0.06  0.0    4 13.1  2.8      3846
 *** DISTANCE & RESIDUAL WEIGHTING CANCELLED FOR EVENT: 2021  6  6  6 20
 3847 2021- 6- 6  6:19     - 55 11  161  8  14.99 0.40  0.0    4 34.3 26.7      3847
 3848 2021- 6- 6  6:20       55 11  162  1  29.13 0.00  0.0    4  1.4  1.6      3848
 3849 2021- 6- 6  7:58     - 55 10  161 22   7.50 0.22  0.0    6 20.7 21.1      3849
 3850 2021- 6- 6  7:58       55 23  161 47   4.29 0.14  0.0    7  1.2  1.8      3850
 3851 2021- 6- 6  8:04       55 17  161 28  28.44 0.16  0.0    7  3.2  3.1      3851
 3852 2021- 6- 6  9:26     - 54 59  160 30  14.73 0.28  0.0   10 11.0 22.0      3852
 3853 2021- 6- 6 12:18     - 54 40  160 56  15.00 0.20  0.0    9 18.1 21.0      3853
 3854 2021- 6- 6 12:18     - 54 52  161 34   8.16 0.11  0.0    4 12.0 13.3      3854
 3855 2021- 6- 6 13:56     # 54 25  163  0  18.56 0.16  0.0   12  5.5  2.9      3855
  SEQ ---DATE--- TIME REMARK -LAT-  --LON-  DEPTH  RMS PMAG  NUM  ERH  ERZ  ID
 3856 2021- 6- 6 13:56     - 54 55  162  6  13.87 0.10  0.0    5 13.2  5.4      3856
 3857 2021- 6- 6 14:11     - 55  2  163 42  14.89 0.42  0.0    8 16.9 33.2      3857
 3858 2021- 6- 6 14:12       54 48  161 56  16.40 0.05  0.0    5  2.0  2.6      3858
 *** DISTANCE & RESIDUAL WEIGHTING CANCELLED FOR EVENT: 2021  6  6 15 46
 3859 2021- 6- 6 15:46     - 55 19  161 42  14.98 0.46  0.0    4 26.6 15.5      3859
 3860 2021- 6- 6 17:01     - 54 55  161 35  23.69 0.01  0.0    4 12.0  3.2      3860
 3861 2021- 6- 6 17:01     - 55  5  161 36   0.00 0.23  0.0    5  2.5 22.2      3861
 3862 2021- 6- 6 17:17     - 54 36  160 55  15.00 0.20  0.0   11 17.9 21.1      3862
 3863 2021- 6- 6 17:17     # 55 26  162 29  16.98 0.81  0.0    6 14.6  4.0      3863
 3864 2021- 6- 6 18:01       55 42  161 41  17.21 0.03  0.0    5  2.7  6.0      3864
 3865 2021- 6- 6 18:21     - 54 44  161 12  32.94 0.24  0.0    9 21.6 23.6      3865
 3866 2021- 6- 6 18:21     - 55 28  161 25   7.77 0.07  0.0    4  2.9 13.3      3866
 3867 2021- 6- 6 18:21       55  7  161 21  15.19 0.10  0.0    6  5.0  1.4      3867
 3868 2021- 6- 6 19:48     - 54 56  161 36  24.04 0.12  0.0    6 14.4  3.8      3868
 *** DISTANCE & RESIDUAL WEIGHTING CANCELLED FOR EVENT: 2021  6  6 19 49
 3869 2021- 6- 6 19:48     # 55 20  161 50  15.00 0.71  0.0    5  7.7 13.3      3869
 *** DISTANCE & RESIDUAL WEIGHTING CANCELLED FOR EVENT: 2021  6  6 19 49
 3870 2021- 6- 6 19:49     - 54 58  161 43  15.00 0.45  0.0    4 13.9 31.1      3870
  SEQ ---DATE--- TIME REMARK -LAT-  --LON-  DEPTH  RMS PMAG  NUM  ERH  ERZ  ID
 3871 2021- 6- 6 20:41     - 54 22  161 40  17.86 0.22  0.0    6  2.6 22.5      3871
 *** DISTANCE & RESIDUAL WEIGHTING CANCELLED FOR EVENT: 2021  6  6 20 41
 3872 2021- 6- 6 20:41     - 55 22  161 54   0.09 0.04  0.0    4  0.8  9.5      3872
 3873 2021- 6- 6 21:34     - 54 40  160 54  16.00 0.25  0.0   10 19.5 24.3      3873
 3874 2021- 6- 6 21:35     - 54 43  161  8  55.02 0.09  0.0    8 10.4  3.7      3874
 3875 2021- 6- 6 22:16     - 54 51  161 24  26.89 0.11  0.0    7 14.4  5.1      3875
 3876 2021- 6- 6 22:17     - 55  5  161 38   0.33 0.07  0.0    5  1.2 12.3      3876
 *** DISTANCE & RESIDUAL WEIGHTING CANCELLED FOR EVENT: 2021  6  7  0  9
 3877 2021- 6- 7  0:09     - 55  7  161 28  15.00 0.42  0.0    4 37.2 18.8      3877
 3878 2021- 6- 7  0:29     - 54 53  161 18  32.21 0.13  0.0    7 14.7  1.1      3878
 3879 2021- 6- 7  0:29     - 54 55  161 22  25.12 0.03  0.0    5 12.0  2.9      3879
 3880 2021- 6- 7  2:16       55 15  161 30  18.41 0.00  0.0    4  4.0  5.7      3880
 3881 2021- 6- 7  3:31     - 54 52  161 30  26.85 0.04  0.0    5 12.2  3.5      3881
 *** DISTANCE & RESIDUAL WEIGHTING CANCELLED FOR EVENT: 2021  6  7  3 32
 3882 2021- 6- 7  3:32     # 55 13  162  5  15.00 0.70  0.0    4 16.9 20.7      3882
 3883 2021- 6- 7  5:37     - 55 24  161 14  14.56 0.15  0.0    4  5.5 12.7      3883
 3884 2021- 6- 7  6:10       55 14  161 51  21.31 0.00  0.0    4  4.3  1.3      3884
 3885 2021- 6- 7  8:26     - 55  5  162  3  14.83 0.10  0.0    4  5.4 13.8      3885
  SEQ ---DATE--- TIME REMARK -LAT-  --LON-  DEPTH  RMS PMAG  NUM  ERH  ERZ  ID
 3886 2021- 6- 7 12:12       54 19  160 58  17.41 0.21  0.0   11  7.5  3.3      3886
 3887 2021- 6- 7 12:13     - 54 57  162 41  14.62 0.06  0.0    4  3.7 12.7      3887
 *** DISTANCE & RESIDUAL WEIGHTING CANCELLED FOR EVENT: 2021  6  7 12 13
 3888 2021- 6- 7 12:13     - 55 10  161 35  19.87 0.54  0.0    7 37.9 12.9      3888
 *** DISTANCE & RESIDUAL WEIGHTING CANCELLED FOR EVENT: 2021  6  7 12 28
 3889 2021- 6- 7 12:28     - 55  4  162 13  24.47 5.38  0.0    4 96.3 67.7      3889
 3890 2021- 6- 7 12:45     - 55 16  161 29  29.83 0.03  0.0    4  9.0 12.2      3890
 *** DISTANCE & RESIDUAL WEIGHTING CANCELLED FOR EVENT: 2021  6  7 12 45
 3891 2021- 6- 7 12:45     # 55 51  162  4  15.00 0.66  0.0    5 15.4  3.2      3891
 3892 2021- 6- 7 13:53     - 55  0  161 20   9.28 0.34  0.0    6 22.0 26.9      3892
 3893 2021- 6- 7 13:53     - 54 55  161 22  28.50 0.09  0.0    4 14.1  3.2      3893
 3894 2021- 6- 7 16:04     - 55 14  160 59  18.21 0.17  0.0    4 16.4 17.5      3894
 *** DISTANCE & RESIDUAL WEIGHTING CANCELLED FOR EVENT: 2021  6  7 18 12
 3895 2021- 6- 7 18:12     # 55 16  162 13   7.50 0.67  0.0    5  4.3 33.5      3895
 *** DISTANCE & RESIDUAL WEIGHTING CANCELLED FOR EVENT: 2021  6  7 19 10
 3896 2021- 6- 7 19:09     - 55  5  162  2  15.16 0.28  0.0    4  7.8 22.1      3896
 3897 2021- 6- 7 21:21     - 55  3  162  7  15.32 0.14  0.0    4  4.4 16.3      3897
 3898 2021- 6- 8  0:35       54 36  162 55  66.63 0.11  0.0    8  8.1  1.9      3898
 *** DISTANCE & RESIDUAL WEIGHTING CANCELLED FOR EVENT: 2021  6  8  5 26
 3899 2021- 6- 8  5:25     # 55 23  161 28  15.00 0.83  0.0    4 13.3 39.9      3899
 *** DISTANCE & RESIDUAL WEIGHTING CANCELLED FOR EVENT: 2021  6  8 11  7
 3900 2021- 6- 8 11:07     - 55 10  162 27  14.89 0.20  0.0    4  3.9 19.9      3900
 *** DISTANCE & RESIDUAL WEIGHTING CANCELLED FOR EVENT: 2021  6  8 11  8
  SEQ ---DATE--- TIME REMARK -LAT-  --LON-  DEPTH  RMS PMAG  NUM  ERH  ERZ  ID
 3901 2021- 6- 8 11:07     # 55  5  161 57  38.71 0.01  0.0    4  5.4  4.0      3901
 3902 2021- 6- 8 11:10       55 14  161 35  10.73 0.00  0.0    4  3.3  5.0      3902
 3903 2021- 6- 8 16:16     - 54 55  162 43  13.77 0.02  0.0    4  3.9 11.9      3903
 3904 2021- 6- 8 17:56     - 55  4  161  1  16.75 0.05  0.0    5 12.6 12.8      3904
 3905 2021- 6- 8 17:56     - 55 16  161 24  16.28 0.07  0.0    5 11.5  3.7      3905
 3906 2021- 6- 8 18:49     - 54 45  163 26  28.27 0.12  0.0    5  5.6 15.1      3906
 *** DISTANCE & RESIDUAL WEIGHTING CANCELLED FOR EVENT: 2021  6  8 18 49
 3907 2021- 6- 8 18:49     - 55 51  161 56  15.25 0.58  0.0    4 22.2 44.4      3907
 3908 2021- 6- 8 19:34     - 54 35  162 27  32.94 0.03  0.0    5 12.7  0.7      3908
 *** DISTANCE & RESIDUAL WEIGHTING CANCELLED FOR EVENT: 2021  6  8 19 57
 3909 2021- 6- 8 19:57     - 55  3  161 42  11.92 0.38  0.0    4 30.5  5.6      3909
 *** DISTANCE & RESIDUAL WEIGHTING CANCELLED FOR EVENT: 2021  6  8 20  2
 3910 2021- 6- 8 20:01     - 55 30  161 56  51.94 1.07  0.0    4 90.0 11.5      3910
 3911 2021- 6- 8 21:16       55 26  161 30  12.80 0.00  0.0    4  2.5  7.1      3911
 3912 2021- 6- 8 22:45     - 54 29  161 46  17.99 0.17  0.0    9  1.9 18.2      3912
 3913 2021- 6- 8 23:27       55 23  161 39  22.51 0.14  0.0    5  2.6  1.5      3913
 3914 2021- 6- 9  1:21     - 55 14  160 46  35.09 0.14  0.0    7  3.0 14.5      3914
 *** DISTANCE & RESIDUAL WEIGHTING CANCELLED FOR EVENT: 2021  6  9  2 17
 3915 2021- 6- 9  2:17     - 55 32  162  0  44.40 0.19  0.0    4 20.1  3.9      3915
 *** DISTANCE & RESIDUAL WEIGHTING CANCELLED FOR EVENT: 2021  6  9  4 36
  SEQ ---DATE--- TIME REMARK -LAT-  --LON-  DEPTH  RMS PMAG  NUM  ERH  ERZ  ID
 3916 2021- 6- 9  4:36     - 55  5  162 22  15.00 0.45  0.0    4  8.8 38.2      3916
 3917 2021- 6- 9  4:36       55 19  161 44  27.90 0.11  0.0    5  6.6  2.5      3917
 *** DISTANCE & RESIDUAL WEIGHTING CANCELLED FOR EVENT: 2021  6  9  6 16
 3918 2021- 6- 9  6:16     # 54 45  163  2  15.00 1.12  0.0    4 40.0 13.5      3918
 3919 2021- 6- 9  7:41       55 18  161 37  52.37 0.21  0.0    7  6.5  3.0      3919
 3920 2021- 6- 9  9:16     - 54 57  161 18  17.43 0.22  0.0    4 19.7 21.6      3920
 3921 2021- 6- 9  9:56     - 55 14  163 44  14.79 0.32  0.0   10 11.4 22.4      3921
 3922 2021- 6- 9 11:46       55 16  161 35  24.09 0.00  0.0    4  2.9  1.8      3922
 3923 2021- 6- 9 12:40     - 55 28  161 30   8.04 0.01  0.0    4  4.4 10.0      3923
 *** DISTANCE & RESIDUAL WEIGHTING CANCELLED FOR EVENT: 2021  6  9 12 42
 3924 2021- 6- 9 12:41     # 55 23  161 23  13.25 0.35  0.0    5  6.3 12.7      3924
 3925 2021- 6- 9 14:33     - 55 14  161  0  18.63 0.13  0.0    6 15.7 12.2      3925
 3926 2021- 6- 9 14:33     - 55 12  161 25   7.50 0.33  0.0    6  4.6 26.6      3926
 *** DISTANCE & RESIDUAL WEIGHTING CANCELLED FOR EVENT: 2021  6  9 15 42
 3927 2021- 6- 9 15:42     - 55 14  161 37  60.00 0.33  0.0    4 30.3  3.5      3927
 *** DISTANCE & RESIDUAL WEIGHTING CANCELLED FOR EVENT: 2021  6  9 20 22
 3928 2021- 6- 9 20:22     # 55 26  161 32  14.88 0.96  0.0    6  8.7 24.2      3928
 *** DISTANCE & RESIDUAL WEIGHTING CANCELLED FOR EVENT: 2021  6  9 20 59
 3929 2021- 6- 9 20:59     - 54 52  162 18  14.98 0.35  0.0    4 29.6  3.0      3929
 3930 2021- 6- 9 23:57     - 55 59  160 47  15.00 0.25  0.0    5 22.8 24.3      3930
  SEQ ---DATE--- TIME REMARK -LAT-  --LON-  DEPTH  RMS PMAG  NUM  ERH  ERZ  ID
 3931 2021- 6- 9 23:57     - 55 51  161  1   9.29 0.31  0.0    4 21.3 28.8      3931
 *** DISTANCE & RESIDUAL WEIGHTING CANCELLED FOR EVENT: 2021  6 10  3 12
 3932 2021- 6-10  3:12     - 55 11  161 48  14.87 0.19  0.0    4  9.8 11.5      3932
 3933 2021- 6-10  3:13     - 54 51  161  7  30.24 0.02  0.0    4  9.3  1.4      3933
 3934 2021- 6-10 10:19       55 28  161 50  28.13 0.11  0.0    6  3.0  2.0      3934
 3935 2021- 6-10 15:02     - 54 28  161 23  15.42 0.20  0.0    6 16.3 20.9      3935
 3936 2021- 6-10 17:27     - 54 27  161 56  17.13 0.49  0.0   19  3.2 42.2      3936
 3937 2021- 6-10 20:23     - 54 31  160 47  15.30 0.17  0.0    7  8.0 16.6      3937
 3938 2021- 6-10 20:23     - 54 57  163  9  20.55 0.07  0.0    5  4.1 13.5      3938
 3939 2021- 6-10 20:58     - 54 60  161  9  14.05 0.20  0.0    6 13.8 12.5      3939
 3940 2021- 6-10 20:58     - 55  4  161 30  31.62 0.07  0.0    5 11.0  5.3      3940
 *** DISTANCE & RESIDUAL WEIGHTING CANCELLED FOR EVENT: 2021  6 10 22 22
 3941 2021- 6-10 22:22     - 54 29  161 41  14.91 0.11  0.0    4 12.0  8.9      3941
 3942 2021- 6-10 22:23     - 55 13  161 47  40.56 0.09  0.0    4 10.8  2.4      3942
 3943 2021- 6-11  2:35     - 55 10  162 19  44.83 0.18  0.0    9  5.7 14.4      3943
 *** DISTANCE & RESIDUAL WEIGHTING CANCELLED FOR EVENT: 2021  6 11  3 56
 3944 2021- 6-11  3:56     - 54 55  161 31  21.06 0.25  0.0    4 12.0 19.7      3944
 3945 2021- 6-11  4:28     - 54 56  161 50   7.23 0.13  0.0    7  1.3 15.7      3945
  SEQ ---DATE--- TIME REMARK -LAT-  --LON-  DEPTH  RMS PMAG  NUM  ERH  ERZ  ID
 3946 2021- 6-11  5:59     - 55 31  161  3  21.07 0.14  0.0    4  4.2 16.5      3946
 3947 2021- 6-11  7:03     - 54 40  161 25  12.72 0.21  0.0    5  3.2 20.9      3947
 *** DISTANCE & RESIDUAL WEIGHTING CANCELLED FOR EVENT: 2021  6 11  8  0
 3948 2021- 6-11  7:59     - 55 19  162 33  15.00 0.31  0.0    4 10.2 26.0      3948
 3949 2021- 6-11  8:36     - 55 45  160 50   9.90 0.20  0.0    5 18.8  7.1      3949
 3950 2021- 6-11 10:14     - 55 37  163  4  14.68 0.04  0.0    4  5.8 11.5      3950
 3951 2021- 6-11 14:44     - 54 21  161 44  14.97 0.11  0.0    5  6.9 14.0      3951
 3952 2021- 6-11 15:11     - 55 23  161  0  14.72 0.14  0.0    4  7.0 15.9      3952
 3953 2021- 6-11 16:34     - 54 18  161 20  14.85 0.12  0.0    5  7.0 14.4      3953
 3954 2021- 6-11 18:17     - 54 53  161 17  30.29 0.19  0.0    6 18.1  7.5      3954
 3955 2021- 6-11 18:17     - 54 40  160 59  33.92 0.27  0.0    7 20.1 24.6      3955
 3956 2021- 6-11 18:41     - 55 33  161  6  12.15 0.11  0.0    5  5.2 15.2      3956
 3957 2021- 6-11 19:26     - 54 57  162 22  14.22 0.02  0.0    4  9.0  8.5      3957
 3958 2021- 6-11 19:41     - 55  0  161 40  22.27 0.04  0.0    4 11.8  3.9      3958
 3959 2021- 6-11 19:49     - 55 46  163  5  16.24 0.52  0.0    5 20.0 39.9      3959
 3960 2021- 6-11 21:52     - 54 35  161 29  17.35 0.07  0.0    6  2.1 13.9      3960
  SEQ ---DATE--- TIME REMARK -LAT-  --LON-  DEPTH  RMS PMAG  NUM  ERH  ERZ  ID
 3961 2021- 6-11 22:53       55 28  161 53  26.09 0.10  0.0    5  2.3  3.3      3961
 *** DISTANCE & RESIDUAL WEIGHTING CANCELLED FOR EVENT: 2021  6 12  0  0
 3962 2021- 6-11 23:59     # 55 20  162  9  26.57 0.43  0.0    4  6.8 22.8      3962
 3963 2021- 6-12  0:01     - 55 19  162  7  11.72 0.07  0.0    4  4.4  9.0      3963
 *** DISTANCE & RESIDUAL WEIGHTING CANCELLED FOR EVENT: 2021  6 12  3 58
 3964 2021- 6-12  3:58     # 55 13  161 50  32.67 0.67  0.0    6 25.2  5.9      3964
 *** DISTANCE & RESIDUAL WEIGHTING CANCELLED FOR EVENT: 2021  6 12  5 11
 3965 2021- 6-12  5:10     - 54 36  161 39  15.00 1.03  0.0    4 83.7 10.5      3965
 3966 2021- 6-12  5:46     - 55  0  161 22  26.85 0.22  0.0    9 17.9  5.5      3966
 *** DISTANCE & RESIDUAL WEIGHTING CANCELLED FOR EVENT: 2021  6 12  5 46
 3967 2021- 6-12  5:46     - 55 20  161 38   0.78 0.69  0.0    4 21.5 58.9      3967
 *** DISTANCE & RESIDUAL WEIGHTING CANCELLED FOR EVENT: 2021  6 12  8 33
 3968 2021- 6-12  8:33     # 55 38  162  2  15.00 1.21  0.0    4 35.3 50.1      3968
 *** DISTANCE & RESIDUAL WEIGHTING CANCELLED FOR EVENT: 2021  6 12  9 22
 3969 2021- 6-12  9:22     - 54 55  161 15  14.98 0.32  0.0    4 27.6  4.6      3969
 3970 2021- 6-12 10:05     - 55 29  161 51  14.83 0.07  0.0    4  7.2 10.7      3970
 3971 2021- 6-12 10:06       55 14  161 44  15.76 0.16  0.0    6  1.4  1.2      3971
 3972 2021- 6-12 10:42     - 55  5  162 22  14.12 0.08  0.0    4  7.4  7.0      3972
 3973 2021- 6-12 11:30     - 54 59  163 34  35.45 0.47  0.0    9  5.4 40.2      3973
 3974 2021- 6-12 11:31     - 54 43  163 20  33.08 0.89  0.0   12 10.9 75.5      3974
 3975 2021- 6-12 11:46       54 27  161 36  12.60 0.11  0.0   13  1.7  1.0      3975
  SEQ ---DATE--- TIME REMARK -LAT-  --LON-  DEPTH  RMS PMAG  NUM  ERH  ERZ  ID
 3976 2021- 6-12 11:46     - 55  3  161 40   9.37 0.06  0.0    5 12.3 11.6      3976
 3977 2021- 6-12 11:54     - 54 25  161 29  14.47 0.18  0.0    7  8.6 17.5      3977
 3978 2021- 6-12 11:57     - 54 24  161 34  14.49 0.24  0.0    8 10.4 20.9      3978
 3979 2021- 6-12 12:04     - 54 18  162 32  14.88 0.70  0.0    4 56.6 53.3      3979
 3980 2021- 6-12 12:10     # 55  5  163 15  15.05 0.71  0.0   11 15.4 12.4      3980
 3981 2021- 6-12 16:29     - 55  8  162  6   8.03 0.00  0.0    4 12.5  3.9      3981
 3982 2021- 6-12 18:02     - 54 46  160 54  47.39 0.24  0.0    8 20.1 13.0      3982
 3983 2021- 6-12 18:02     - 54 34  160 24  48.82 0.26  0.0   10 20.8 12.4      3983
 3984 2021- 6-12 18:33       55 18  161 45  14.02 0.14  0.0    6  2.7  1.1      3984
 *** DISTANCE & RESIDUAL WEIGHTING CANCELLED FOR EVENT: 2021  6 12 18 53
 3985 2021- 6-12 18:53     # 55 31  161  7  16.41 0.77  0.0    5 14.1  4.1      3985
 3986 2021- 6-12 20:33     - 55 17  163 23  17.29 0.71  0.0    8  6.8 60.1      3986
 3987 2021- 6-12 20:49     - 55 25  161 15  45.67 0.09  0.0    6 10.4  6.9      3987
 3988 2021- 6-12 21:52     - 54 48  161  2  33.93 0.21  0.0    8 15.5 20.0      3988
 3989 2021- 6-12 21:52     - 54 31  160 31  33.05 0.39  0.0    9 29.8 34.6      3989
 3990 2021- 6-12 23:26     - 54 37  160 54  15.00 0.23  0.0   10 19.0 22.6      3990
  SEQ ---DATE--- TIME REMARK -LAT-  --LON-  DEPTH  RMS PMAG  NUM  ERH  ERZ  ID
 3991 2021- 6-12 23:26     - 54 32  160 50  15.18 0.17  0.0    5 17.1 18.9      3991
 3992 2021- 6-12 23:54     - 55  1  161 35  15.00 0.19  0.0    5 14.2 10.3      3992
 3993 2021- 6-12 23:54     - 55  0  161 35  13.09 0.09  0.0    4 13.7  2.4      3993
 3994 2021- 6-12 23:59     - 55 22  162 15  44.46 0.05  0.0    4  4.0 10.0      3994
 3995 2021- 6-13  1:51       55 26  161 45  37.66 0.01  0.0    4  5.8  2.2      3995
 3996 2021- 6-13  2:11     - 54 34  161 35   8.95 0.27  0.0    9 20.8 25.3      3996
 3997 2021- 6-13  2:11     - 54 36  161 40  15.01 0.16  0.0    4 16.3 17.0      3997
 3998 2021- 6-13  2:18       55 10  163 11  12.03 0.71  0.0    8 13.2 11.8      3998
 3999 2021- 6-13  2:48     - 54 30  162 29  18.55 0.33  0.0    5 28.5 25.2      3999
 4000 2021- 6-13  3:03     - 55  5  163 17  18.41 1.15  0.0   12  6.2 94.1      4000
 *** DISTANCE & RESIDUAL WEIGHTING CANCELLED FOR EVENT: 2021  6 13  4  1
 4001 2021- 6-13  4:01     - 54 51  162  0  12.74 0.08  0.0    4 10.9  8.3      4001
 4002 2021- 6-13  4:01     - 54 31  161 54  11.61 0.20  0.0    4 13.8 18.0      4002
 4003 2021- 6-13  4:23     - 54 57  160 42  15.00 0.24  0.0   10 19.1 23.3      4003
 4004 2021- 6-13  4:23     - 54 53  160 27  10.13 0.26  0.0    9 19.7  4.2      4004
 4005 2021- 6-13  4:38     - 54 45  160 20  14.51 0.20  0.0   16  8.6 17.1      4005
  SEQ ---DATE--- TIME REMARK -LAT-  --LON-  DEPTH  RMS PMAG  NUM  ERH  ERZ  ID
 4006 2021- 6-13  5:13     - 55 29  161 25   9.99 0.02  0.0    4  2.8  9.4      4006
 4007 2021- 6-13  5:31     - 55 44  160  5  16.83 0.17  0.0    4 18.3  2.7      4007
 4008 2021- 6-13  5:37     - 55 11  163 23  16.46 0.59  0.0    9 22.8 42.7      4008
 4009 2021- 6-13  5:54     - 54 16  162 32  14.92 0.70  0.0    5 60.1 53.9      4009
 *** DISTANCE & RESIDUAL WEIGHTING CANCELLED FOR EVENT: 2021  6 13  8  0
 4010 2021- 6-13  7:59     - 55 24  162 22  15.00 0.21  0.0    4  5.5 20.5      4010
 4011 2021- 6-13  8:59     - 55  8  161 44  14.87 0.03  0.0    5  5.6 11.0      4011
 4012 2021- 6-13 10:19     - 55  5  163 19  18.28 1.04  0.0   13  5.4 85.8      4012
 4013 2021- 6-13 10:27     - 55  3  160 24  15.19 0.31  0.0   13 12.3 24.2      4013
 4014 2021- 6-13 11:05     - 55 14  161 31  14.73 0.09  0.0    4  4.4 11.7      4014
 *** DISTANCE & RESIDUAL WEIGHTING CANCELLED FOR EVENT: 2021  6 13 11 42
 4015 2021- 6-13 11:42     - 54 30  161 21  14.66 0.11  0.0    4  6.7 13.7      4015
 4016 2021- 6-13 12:12       54 49  161 54  23.17 0.04  0.0    6  3.3  6.0      4016
 4017 2021- 6-13 14:20     - 55 11  161 10  14.76 0.07  0.0    4  8.9 12.3      4017
 4018 2021- 6-13 14:47     # 55 25  161 53   0.13 0.43  0.0    8  1.2 20.5      4018
 4019 2021- 6-13 15:30     - 54 26  161 46  18.33 0.21  0.0   14  1.7 21.3      4019
 4020 2021- 6-13 15:59     - 55 25  161 55  28.34 0.01  0.0    4  2.6  8.6      4020
 *** DISTANCE & RESIDUAL WEIGHTING CANCELLED FOR EVENT: 2021  6 13 17 49
  SEQ ---DATE--- TIME REMARK -LAT-  --LON-  DEPTH  RMS PMAG  NUM  ERH  ERZ  ID
 4021 2021- 6-13 17:49     - 55 30  162 57   8.14 0.10  0.0    4  5.4 15.2      4021
 4022 2021- 6-13 18:39     - 54 37  161 59  13.95 0.32  0.0    6 26.5  2.6      4022
 4023 2021- 6-13 18:58     - 55 56  162 18  19.64 0.41  0.0    6  5.9 36.5      4023
 4024 2021- 6-13 19:13     - 54 25  161 32  14.90 0.18  0.0    6  8.7 17.4      4024
 4025 2021- 6-13 19:27     - 54 22  161 50  15.41 0.30  0.0    6 12.4 24.8      4025
 4026 2021- 6-13 19:37     - 54 50  160 47  36.95 0.10  0.0    8  3.9 12.3      4026
 4027 2021- 6-13 19:43     - 55  6  161 51  13.45 0.04  0.0    4 10.2  6.9      4027
 4028 2021- 6-13 19:44     # 55 36  161 33  25.43 1.92  0.0    4 28.8 72.2      4028
 4029 2021- 6-13 20:25     - 54 52  160 49  15.00 0.21  0.0   10 18.6 21.3      4029
 4030 2021- 6-13 20:25     - 54 45  160 38  36.90 0.21  0.0    8 14.9 19.5      4030
 *** DISTANCE & RESIDUAL WEIGHTING CANCELLED FOR EVENT: 2021  6 13 20 40
 4031 2021- 6-13 20:40     # 55 18  162 27  27.22 0.71  0.0    5 13.0 10.6      4031
 4032 2021- 6-13 22:24     - 54 51  162 54  14.70 0.01  0.0    4 10.1  7.1      4032
 4033 2021- 6-13 22:24     - 54 15  161 26  14.30 0.28  0.0    8 12.0 23.9      4033
 4034 2021- 6-13 22:25     - 55  5  161 41   8.40 0.18  0.0    4 18.0 14.4      4034
 4035 2021- 6-13 23:39     - 54 44  162 37   7.50 0.15  0.0    5 14.4 13.1      4035
 *** DISTANCE & RESIDUAL WEIGHTING CANCELLED FOR EVENT: 2021  6 13 23 39
  SEQ ---DATE--- TIME REMARK -LAT-  --LON-  DEPTH  RMS PMAG  NUM  ERH  ERZ  ID
 4036 2021- 6-13 23:39     - 54 37  162 35   9.51 0.14  0.0    4 16.2  3.6      4036
 4037 2021- 6-14  0:12     - 55  9  162  5  15.22 0.24  0.0    4  8.7 19.6      4037
 4038 2021- 6-14  0:26       54 50  161 20  15.98 0.11  0.0    9  9.4  1.6      4038
 4039 2021- 6-14  0:26     - 54 45  161 10  15.26 0.22  0.0   10 14.6 22.1      4039
 4040 2021- 6-14  0:54     - 54 49  160 43  15.00 0.21  0.0   11 16.8 21.5      4040
 4041 2021- 6-14  0:55     - 54 58  160 50  27.64 0.36  0.0    9 26.0  5.4      4041
 4042 2021- 6-14  1:55     - 54 33  160 57  15.08 0.12  0.0    9  7.0 14.3      4042
 4043 2021- 6-14  2:05     - 54 54  163 22  21.89 0.20  0.0    6  3.6 20.4      4043
 *** DISTANCE & RESIDUAL WEIGHTING CANCELLED FOR EVENT: 2021  6 14  4 38
 4044 2021- 6-14  4:38     - 55 18  161 42  21.18 1.50  0.0    4 99.0 18.2      4044
 *** DISTANCE & RESIDUAL WEIGHTING CANCELLED FOR EVENT: 2021  6 14  6 18
 4045 2021- 6-14  6:18     - 55  7  161 33  13.91 0.28  0.0    4 20.1 14.1      4045
 *** DISTANCE & RESIDUAL WEIGHTING CANCELLED FOR EVENT: 2021  6 14  6 18
 4046 2021- 6-14  6:18     # 55 14  162 11  15.01 0.62  0.0    5 22.4 25.8      4046
 4047 2021- 6-14  6:43     - 54 21  161 38  14.41 0.21  0.0   10  9.7 18.9      4047
 4048 2021- 6-14 10:42     - 54 39  161 21  17.27 0.17  0.0   11  3.3 18.6      4048
 4049 2021- 6-14 10:42     # 54 30  161  5   1.06 0.29  0.0   10 14.7 10.0      4049
 *** DISTANCE & RESIDUAL WEIGHTING CANCELLED FOR EVENT: 2021  6 14 16 50
 4050 2021- 6-14 16:50     - 55  7  161 49  15.00 1.13  0.0    4 75.1 44.6      4050
  SEQ ---DATE--- TIME REMARK -LAT-  --LON-  DEPTH  RMS PMAG  NUM  ERH  ERZ  ID
 4051 2021- 6-14 20:30     - 55 14  161 25   8.72 0.11  0.0    4 14.7 12.7      4051
 *** DISTANCE & RESIDUAL WEIGHTING CANCELLED FOR EVENT: 2021  6 14 21 40
 4052 2021- 6-14 21:40     # 55 19  161 47  25.49 0.38  0.0    4  5.6 11.3      4052
 4053 2021- 6-14 21:43     - 55 16  161 28  41.72 0.14  0.0    7 12.3  8.7      4053
 4054 2021- 6-15  0:25     - 54 55  160 38  15.01 0.21  0.0    9 19.5 21.7      4054
 *** DISTANCE & RESIDUAL WEIGHTING CANCELLED FOR EVENT: 2021  6 15  0 26
 4055 2021- 6-15  0:25     - 54 44  162 51  15.01 0.31  0.0    4 24.7 28.6      4055
 4056 2021- 6-15  0:25     - 55 46  162 17  23.96 0.33  0.0    6  7.4 24.1      4056
 *** DISTANCE & RESIDUAL WEIGHTING CANCELLED FOR EVENT: 2021  6 15  4 53
 4057 2021- 6-15  4:53     - 54 48  162 29  47.19 1.38  0.0    4 98.7 13.8      4057
 4058 2021- 6-15  5:07     - 55  4  161 22  22.58 0.17  0.0    5 15.2  4.7      4058
 4059 2021- 6-15  5:07     - 54 53  161 10  32.12 0.11  0.0    6 13.1  1.2      4059
 *** DISTANCE & RESIDUAL WEIGHTING CANCELLED FOR EVENT: 2021  6 15  5 53
 4060 2021- 6-15  5:53     - 54 56  161 14  14.91 0.59  0.0    6 47.5  4.6      4060
 4061 2021- 6-15  5:53     - 54 48  161  3  16.98 0.14  0.0    5 14.3 16.9      4061
 *** DISTANCE & RESIDUAL WEIGHTING CANCELLED FOR EVENT: 2021  6 15  6 52
 4062 2021- 6-15  6:52     # 56  4  161 13  15.05 0.60  0.0    6 10.7 15.7      4062
 4063 2021- 6-15  8:17     - 54 49  160 58  17.39 0.21  0.0    7 19.3 21.7      4063
 4064 2021- 6-15  8:17     - 54 39  160 47  15.01 0.60  0.0    6 46.6 51.1      4064
 4065 2021- 6-15 10:40     - 54 33  162  8  17.77 0.11  0.0    8  2.1 13.5      4065
  SEQ ---DATE--- TIME REMARK -LAT-  --LON-  DEPTH  RMS PMAG  NUM  ERH  ERZ  ID
 4066 2021- 6-15 11:57     - 54 33  160 54  48.66 0.82  0.0    8 20.7 45.7      4066
 4067 2021- 6-15 11:58       55  9  161 59   9.16 0.12  0.0    6  1.8  3.3      4067
 4068 2021- 6-16 13:52     - 55 22  161 42  19.71 0.06  0.0    4  9.8  3.7      4068
 4069 2021- 6-16 17:04     # 54 27  161  6   3.78 0.18  0.0   10  4.5 10.3      4069
 4070 2021- 6-16 17:04     - 55  8  163 28  14.98 0.12  0.0    4 13.7 14.4      4070
 4071 2021- 6-16 17:19     - 54 48  161 16  11.39 0.19  0.0    7  1.6 19.8      4071
 4072 2021- 6-16 17:51     - 54 40  161 54  13.74 0.17  0.0    4 10.5 15.4      4072
 4073 2021- 6-16 18:14       54 46  162 27  15.13 0.10  0.0    9  8.1  1.0      4073
 4074 2021- 6-16 18:14     - 54 39  163  6  14.99 0.80  0.0    7 60.6 62.9      4074
 4075 2021- 6-16 18:34     - 54 53  162 28  13.88 0.11  0.0    5 13.9  6.6      4075
 4076 2021- 6-16 18:35     - 54 44  162 32   7.19 0.29  0.0    5 19.6 18.2      4076
 *** DISTANCE & RESIDUAL WEIGHTING CANCELLED FOR EVENT: 2021  6 16 18 48
 4077 2021- 6-16 18:48     - 55 25  161 48  21.00 3.74  0.0    4 97.6 49.4      4077
 4078 2021- 6-16 19:01     - 54 52  160 36  15.00 0.22  0.0   10 18.3 22.1      4078
 4079 2021- 6-16 19:01       55  2  161  1  21.32 0.21  0.0    9 10.9  7.7      4079
 4080 2021- 6-17  0:44     # 55 17  162  0   1.96 0.16  0.0    4  2.2 12.7      4080
  SEQ ---DATE--- TIME REMARK -LAT-  --LON-  DEPTH  RMS PMAG  NUM  ERH  ERZ  ID
 4081 2021- 6-17  4:22       54 34  161 25  14.38 0.09  0.0    7  5.0  2.5      4081
 4082 2021- 6-17  4:23     - 55  2  162  0  23.09 0.10  0.0    5  3.7 11.9      4082
 4083 2021- 6-17  5:04     - 54 45  161  4  17.09 0.17  0.0   17  1.0 18.7      4083
 4084 2021- 6-17  5:11     - 55 28  161 52  29.23 0.12  0.0    4 15.8  1.8      4084
 *** DISTANCE & RESIDUAL WEIGHTING CANCELLED FOR EVENT: 2021  6 17  7  4
 4085 2021- 6-17  7:04     - 54 27  162 29  15.00 0.88  0.0    4 74.7  8.0      4085
 4086 2021- 6-17  9:28     - 54 10  162 12  17.24 0.61  0.0    6 10.9 52.6      4086
 4087 2021- 6-17  9:32     - 54 35  161 17  14.96 0.17  0.0    6  7.9 15.8      4087
 4088 2021- 6-17 10:09       55 30  161 47  24.98 0.00  0.0    5  4.0  2.6      4088
 *** DISTANCE & RESIDUAL WEIGHTING CANCELLED FOR EVENT: 2021  6 17 10 11
 4089 2021- 6-17 10:11     # 55 26  161 56  34.21 0.00  0.0    4  4.7  1.6      4089
 4090 2021- 6-17 10:12       55 29  161 53  28.76 0.14  0.0    8  2.6  1.5      4090
 *** DISTANCE & RESIDUAL WEIGHTING CANCELLED FOR EVENT: 2021  6 17 13  0
 4091 2021- 6-17 13:00     - 55  0  161 31  14.95 0.27  0.0    4 21.3 14.3      4091
 *** DISTANCE & RESIDUAL WEIGHTING CANCELLED FOR EVENT: 2021  6 17 13  0
 4092 2021- 6-17 13:00     - 55  9  161 51  13.61 0.44  0.0    4 21.1 18.4      4092
 4093 2021- 6-17 14:24     # 54 28  161 43  14.88 0.23  0.0   14  2.5  2.8      4093
 4094 2021- 6-17 14:41     - 55 30  161 27   8.30 0.07  0.0    4  4.5 11.2      4094
 *** DISTANCE & RESIDUAL WEIGHTING CANCELLED FOR EVENT: 2021  6 17 14 42
 4095 2021- 6-17 14:42     # 55 22  161 26  15.00 0.42  0.0    5  5.0 15.7      4095
 *** DISTANCE & RESIDUAL WEIGHTING CANCELLED FOR EVENT: 2021  6 17 17  1
  SEQ ---DATE--- TIME REMARK -LAT-  --LON-  DEPTH  RMS PMAG  NUM  ERH  ERZ  ID
 4096 2021- 6-17 17:01     - 55 22  161 46  41.58 0.06  0.0    4 13.4  1.3      4096
 4097 2021- 6-17 17:11     # 55  1  163 22  14.90 0.78  0.0   11  9.6  7.7      4097
 4098 2021- 6-17 17:44     - 55 18  160 49  31.35 0.12  0.0   10 13.8  1.4      4098
 *** DISTANCE & RESIDUAL WEIGHTING CANCELLED FOR EVENT: 2021  6 17 17 45
 4099 2021- 6-17 17:44     - 55 59  162 11  15.01 0.47  0.0    7 36.8 40.7      4099
 4100 2021- 6-17 18:42     - 54 55  162 16  26.69 0.04  0.0    5  5.6  9.1      4100
 4101 2021- 6-17 18:42     - 54 54  162 18  29.54 0.04  0.0    6  5.1  8.0      4101
 4102 2021- 6-17 19:13     - 54 57  160 37  18.06 0.12  0.0    5  1.8 16.2      4102
 4103 2021- 6-18  1:42     - 55 15  160 48  33.74 0.19  0.0    9 15.6 16.4      4103
 4104 2021- 6-18  1:42     - 55 19  159 44  17.34 0.50  0.0   10 36.1 10.8      4104
 *** DISTANCE & RESIDUAL WEIGHTING CANCELLED FOR EVENT: 2021  6 18  2 59
 4105 2021- 6-18  2:59     - 55  5  162 12   1.79 0.25  0.0    4  2.6 19.3      4105
 4106 2021- 6-18  3:52     - 55 13  163 27  18.08 0.77  0.0   12  4.7 65.0      4106
 4107 2021- 6-18  4:08     - 54 48  162 27  16.90 0.10  0.0    7 11.9  2.5      4107
 4108 2021- 6-18  4:09     - 54 53  162 22  10.16 0.03  0.0    5 11.0  5.3      4108
 4109 2021- 6-18  4:33     - 54 49  162 25  28.27 0.07  0.0   10  9.1  7.4      4109
 4110 2021- 6-18  4:34     - 54 57  162 15  10.25 0.08  0.0    5  6.0  8.5      4110
 *** DISTANCE & RESIDUAL WEIGHTING CANCELLED FOR EVENT: 2021  6 18  9 38
  SEQ ---DATE--- TIME REMARK -LAT-  --LON-  DEPTH  RMS PMAG  NUM  ERH  ERZ  ID
 4111 2021- 6-18  9:38     - 55 18  161  5  15.01 0.39  0.0    4 12.7 30.4      4111
 4112 2021- 6-18 10:03     - 54 24  161 19  15.00 0.17  0.0   11 14.0 11.3      4112
 4113 2021- 6-18 10:03     - 54 15  161 12  14.25 0.17  0.0    9 14.0  7.8      4113
 4114 2021- 6-18 11:11     - 54 44  161 46  12.98 0.07  0.0    5  7.5 12.0      4114
 4115 2021- 6-18 11:11     - 54 20  161 24  15.00 0.32  0.0    9 16.7 19.6      4115
 4116 2021- 6-18 11:40     - 54 34  161 38  16.19 0.08  0.0    7  6.2 12.3      4116
 4117 2021- 6-18 11:50     - 55 43  163  0  12.86 0.07  0.0    4  6.1 12.2      4117
 4118 2021- 6-18 12:24     - 54 59  161 30  18.28 0.05  0.0    4  7.1 11.4      4118
 4119 2021- 6-18 12:26     - 55  4  161 25  30.63 0.02  0.0    4  6.5  7.7      4119
 4120 2021- 6-18 13:00     - 54 57  161 32  26.11 0.21  0.0    6 16.3  4.7      4120
 4121 2021- 6-18 13:00     - 55 19  162 11   6.69 0.35  0.0    4  7.5 31.0      4121
 4122 2021- 6-18 13:18       54 47  161 42  32.63 0.01  0.0    4  2.4  0.5      4122
 *** DISTANCE & RESIDUAL WEIGHTING CANCELLED FOR EVENT: 2021  6 18 18 29
 4123 2021- 6-18 18:29     - 55 26  162 11  14.40 2.20  0.0    4 98.1 97.5      4123
 4124 2021- 6-18 19:14       54 31  160 54  19.92 0.17  0.0   13  2.7  3.3      4124
 4125 2021- 6-18 19:15       55 11  162  5   8.80 0.00  0.0    4  1.6  4.3      4125
 *** DISTANCE & RESIDUAL WEIGHTING CANCELLED FOR EVENT: 2021  6 18 19 44
  SEQ ---DATE--- TIME REMARK -LAT-  --LON-  DEPTH  RMS PMAG  NUM  ERH  ERZ  ID
 4126 2021- 6-18 19:44     - 54 40  161 21  15.00 0.83  0.0    5 69.5 12.0      4126
 *** DISTANCE & RESIDUAL WEIGHTING CANCELLED FOR EVENT: 2021  6 18 19 45
 4127 2021- 6-18 19:45     - 55  3  161 48  16.97 0.09  0.0    4 13.6  3.3      4127
 *** DISTANCE & RESIDUAL WEIGHTING CANCELLED FOR EVENT: 2021  6 18 20 26
 4128 2021- 6-18 20:26     # 55 18  161 34  31.90 0.33  0.0    4 18.5  3.9      4128
 *** DISTANCE & RESIDUAL WEIGHTING CANCELLED FOR EVENT: 2021  6 18 20 34
 4129 2021- 6-18 20:34     - 55 43  162  6  15.00 1.19  0.0    4 99.0 12.2      4129
 4130 2021- 6-18 20:48     - 54 46  160 55  35.09 0.23  0.0   10 17.3 20.2      4130
 4131 2021- 6-18 20:48     - 54 40  160 42  15.01 0.33  0.0    9 21.3 29.9      4131
 4132 2021- 6-18 20:51     - 54 29  163 12  15.20 0.08  0.0    7  6.3 12.7      4132
 *** DISTANCE & RESIDUAL WEIGHTING CANCELLED FOR EVENT: 2021  6 18 20 52
 4133 2021- 6-18 20:52     # 55 16  162 10  15.00 0.86  0.0    5 11.3 17.6      4133
 4134 2021- 6-18 21:25     - 55 45  161 38  25.51 0.20  0.0    4  6.5 20.3      4134
 4135 2021- 6-18 21:52     - 56  5  161  4  15.32 0.08  0.0    4  6.9 12.6      4135
 4136 2021- 6-18 22:39     - 55 44  160 58  13.74 0.31  0.0    5 12.7 25.6      4136
 4137 2021- 6-18 22:54     - 55  8  162 17  23.22 3.62  0.0    4 99.0 49.6      4137
 4138 2021- 6-18 23:00     - 54 46  162 36  11.13 0.13  0.0    4 16.1 11.1      4138
 *** DISTANCE & RESIDUAL WEIGHTING CANCELLED FOR EVENT: 2021  6 18 23 18
 4139 2021- 6-18 23:18     - 55 18  162 16  18.49 1.61  0.0    4 96.3 46.8      4139
 *** DISTANCE & RESIDUAL WEIGHTING CANCELLED FOR EVENT: 2021  6 18 23 53
 4140 2021- 6-18 23:53     # 55  2  162 11  26.74 0.51  0.0    4  9.7 12.3      4140
 *** DISTANCE & RESIDUAL WEIGHTING CANCELLED FOR EVENT: 2021  6 18 23 53
  SEQ ---DATE--- TIME REMARK -LAT-  --LON-  DEPTH  RMS PMAG  NUM  ERH  ERZ  ID
 4141 2021- 6-18 23:53     - 54 54  162 21  41.36 0.52  0.0    4 39.7  4.8      4141
 4142 2021- 6-18 23:55     - 54 50  160 29  15.43 0.31  0.0   12 12.7 24.4      4142
 *** DISTANCE & RESIDUAL WEIGHTING CANCELLED FOR EVENT: 2021  6 19  1 15
 4143 2021- 6-19  1:15     # 54 58  162 12  15.00 1.77  0.0    4 59.4 40.5      4143
 4144 2021- 6-19  1:25       55 19  161 55  20.32 0.12  0.0    6  4.1  2.0      4144
 4145 2021- 6-19  2:53     - 54 51  162 53  35.08 0.14  0.0   10 13.1  3.4      4145
 4146 2021- 6-19  2:53       54 60  162 22   8.36 0.00  0.0    4  4.7  5.0      4146
 *** DISTANCE & RESIDUAL WEIGHTING CANCELLED FOR EVENT: 2021  6 19  2 54
 4147 2021- 6-19  2:54     - 55 30  161 56   1.80 1.03  0.0    4 86.6 60.1      4147
 *** DISTANCE & RESIDUAL WEIGHTING CANCELLED FOR EVENT: 2021  6 19  6 30
 4148 2021- 6-19  6:30     - 55 37  160 17  15.00 0.77  0.0    4 53.4 59.1      4148
 4149 2021- 6-19  7:50     # 54 20  163  7  17.54 0.22  0.0   11  8.6  2.7      4149
 *** DISTANCE & RESIDUAL WEIGHTING CANCELLED FOR EVENT: 2021  6 19  8  0
 4150 2021- 6-19  7:59     - 55 23  162  4  56.59 0.18  0.0    4 16.9 14.1      4150
 4151 2021- 6-19  8:40     - 54 33  161 19  17.03 0.36  0.0    8  2.8 32.4      4151
 4152 2021- 6-19 10:14     - 54 46  160 54  15.00 0.26  0.0   10 20.9 25.2      4152
 4153 2021- 6-19 10:14     - 54 40  160 49  26.17 0.14  0.0    7 12.6  2.9      4153
 4154 2021- 6-19 10:16       54 55  160 45  12.23 0.15  0.0   13  1.8  1.0      4154
 4155 2021- 6-19 10:58     - 55  8  163 20  14.44 0.28  0.0    5 21.1  9.3      4155
  SEQ ---DATE--- TIME REMARK -LAT-  --LON-  DEPTH  RMS PMAG  NUM  ERH  ERZ  ID
 4156 2021- 6-19 12:10     - 54 49  162  8  40.42 0.10  0.0    5  7.5 11.3      4156
 4157 2021- 6-19 12:35       55 18  162 33  30.34 2.05  0.0    7 25.6 41.1      4157
 4158 2021- 6-19 12:35     - 55 48  161  4  15.39 0.25  0.0    8 17.9  1.7      4158
 *** DISTANCE & RESIDUAL WEIGHTING CANCELLED FOR EVENT: 2021  6 19 12 36
 4159 2021- 6-19 12:36     # 55 30  161 47  12.19 0.36  0.0    4  4.5 20.2      4159
 *** DISTANCE & RESIDUAL WEIGHTING CANCELLED FOR EVENT: 2021  6 19 14 34
 4160 2021- 6-19 14:34     - 55 39  161 31  15.19 0.32  0.0    4 29.7 18.3      4160
 4161 2021- 6-19 15:59     - 55 22  162 16  70.87 0.18  0.0    5  7.3 16.3      4161
 *** DISTANCE & RESIDUAL WEIGHTING CANCELLED FOR EVENT: 2021  6 19 16 10
 4162 2021- 6-19 16:09     - 55 18  162 36  15.01 0.23  0.0    4  6.7 17.5      4162
 4163 2021- 6-19 16:16     - 55  8  161 39  16.97 0.11  0.0    4 13.0  5.2      4163
 4164 2021- 6-19 16:32     - 54 55  162  4  14.90 0.05  0.0    4  4.2 12.3      4164
 4165 2021- 6-19 21:40       55 19  161 56  24.06 0.14  0.0    7  3.0  1.2      4165
 *** DISTANCE & RESIDUAL WEIGHTING CANCELLED FOR EVENT: 2021  6 19 23 18
 4166 2021- 6-19 23:18     # 55 10  161 53  15.00 0.90  0.0    4 29.7 13.6      4166
 4167 2021- 6-19 23:59     - 55 19  161 59  60.34 0.18  0.0    4  8.9 17.0      4167
 4168 2021- 6-20  0:15     - 54 43  161 53  12.36 0.15  0.0    6  9.9 15.2      4168
 *** DISTANCE & RESIDUAL WEIGHTING CANCELLED FOR EVENT: 2021  6 20  0 15
 4169 2021- 6-20  0:15     - 54 36  161 36  15.00 0.66  0.0    5 46.3  4.1      4169
 4170 2021- 6-20  0:20     - 54 43  162 31  16.68 0.11  0.0    8 14.4  1.5      4170
  SEQ ---DATE--- TIME REMARK -LAT-  --LON-  DEPTH  RMS PMAG  NUM  ERH  ERZ  ID
 4171 2021- 6-20  0:21     - 54 45  162 28   6.80 0.39  0.0    5 24.8 23.6      4171
 4172 2021- 6-20  0:45     # 54 56  162 26  18.17 1.48  0.0    4 28.9 37.5      4172
 *** DISTANCE & RESIDUAL WEIGHTING CANCELLED FOR EVENT: 2021  6 20  1 48
 4173 2021- 6-20  1:48     - 55 24  162  4  14.92 0.29  0.0    4  5.3 22.3      4173
 4174 2021- 6-20  1:58     - 55  9  161 18  14.87 0.11  0.0    4  8.3 11.6      4174
 4175 2021- 6-20  2:39     - 54 51  163 11  20.84 0.17  0.0    6  4.3 18.0      4175
 4176 2021- 6-20  2:39     - 54 52  161 26  12.21 0.12  0.0    8  3.9 14.7      4176
 4177 2021- 6-20  2:41     - 54 27  161 15  14.85 0.04  0.0    5  5.7 11.5      4177
 *** DISTANCE & RESIDUAL WEIGHTING CANCELLED FOR EVENT: 2021  6 20  2 45
 4178 2021- 6-20  2:44     - 54 28  161 21  14.86 0.07  0.0    4  5.8 12.6      4178
 *** DISTANCE & RESIDUAL WEIGHTING CANCELLED FOR EVENT: 2021  6 20  2 44
 4179 2021- 6-20  2:44     # 55  1  162 42  15.00 0.88  0.0    4 15.5 14.7      4179
 4180 2021- 6-20  3:23     - 54 51  162 58  18.87 0.03  0.0    5  4.0 12.0      4180
 *** DISTANCE & RESIDUAL WEIGHTING CANCELLED FOR EVENT: 2021  6 20  5  9
 4181 2021- 6-20  5:09     - 55 54  163 13  16.00 0.32  0.0    5 13.3 26.7      4181
 4182 2021- 6-20  5:48     - 54 24  162 57  14.31 0.07  0.0    5  6.1 12.4      4182
 4183 2021- 6-20  6:25     - 55  4  163 37  44.63 0.55  0.0    9 14.9 39.1      4183
 4184 2021- 6-20  6:56       54 25  160 42  15.79 0.14  0.0   11  2.7  3.7      4184
 4185 2021- 6-20  7:47     - 54 30  161 22  14.25 0.16  0.0    8  7.3 15.9      4185
  SEQ ---DATE--- TIME REMARK -LAT-  --LON-  DEPTH  RMS PMAG  NUM  ERH  ERZ  ID
 4186 2021- 6-20  7:47     - 54 58  162 38   7.73 0.00  0.0    4  2.9 12.4      4186
 *** DISTANCE & RESIDUAL WEIGHTING CANCELLED FOR EVENT: 2021  6 20  8  0
 4187 2021- 6-20  7:59     # 55 23  161 58  39.04 0.28  0.0    4 12.1 15.9      4187
 *** DISTANCE & RESIDUAL WEIGHTING CANCELLED FOR EVENT: 2021  6 20 11 15
 4188 2021- 6-20 11:15     - 55 39  162  9  15.00 4.55  0.0    4 72.0 67.9      4188
 4189 2021- 6-20 11:16     - 55 37  162 15  15.74 0.18  0.0    5  5.2 15.3      4189
 4190 2021- 6-20 12:02     - 55  7  161  6  19.55 0.22  0.0    6 14.4 12.7      4190
 4191 2021- 6-20 12:02       55 24  162  7  14.91 0.00  0.0    4  3.6  5.7      4191
 *** DISTANCE & RESIDUAL WEIGHTING CANCELLED FOR EVENT: 2021  6 20 12  4
 4192 2021- 6-20 12:04     - 55 14  161 42  15.63 0.47  0.0    4 24.6 21.4      4192
 *** DISTANCE & RESIDUAL WEIGHTING CANCELLED FOR EVENT: 2021  6 20 12 39
 4193 2021- 6-20 12:39     # 55 12  162 34  15.00 0.47  0.0    4  7.8 21.3      4193
 4194 2021- 6-20 12:52     - 54 51  162  8  44.80 0.01  0.0    4  5.1 11.3      4194
 4195 2021- 6-20 15:00     - 54 56  161 35  23.64 0.12  0.0    6 13.3  4.7      4195
 4196 2021- 6-20 15:01       55  8  161 43  18.40 0.03  0.0    5  2.7  1.5      4196
 4197 2021- 6-20 15:05       54 28  161 49  19.00 0.21  0.0   14  1.8  4.5      4197
 4198 2021- 6-20 15:14     - 55 20  160 39  53.85 0.08  0.0    4 14.1  9.5      4198
 *** DISTANCE & RESIDUAL WEIGHTING CANCELLED FOR EVENT: 2021  6 20 15 41
 4199 2021- 6-20 15:40     # 55 25  161 48  15.00 0.55  0.0    5  8.5 19.0      4199
 4200 2021- 6-20 16:05     - 54 38  160 52  15.00 0.18  0.0    9 16.4 19.4      4200
 *** DISTANCE & RESIDUAL WEIGHTING CANCELLED FOR EVENT: 2021  6 20 16  5
  SEQ ---DATE--- TIME REMARK -LAT-  --LON-  DEPTH  RMS PMAG  NUM  ERH  ERZ  ID
 4201 2021- 6-20 16:05     - 55 58  162 37  15.23 0.28  0.0    6 19.5 14.3      4201
 4202 2021- 6-20 17:18     - 54 56  162 23  58.27 0.12  0.0    5  8.4 14.6      4202
 4203 2021- 6-20 17:37       55  4  162 14  53.57 0.43  0.0    9  8.4 24.6      4203
 4204 2021- 6-20 18:08     - 54 23  161 17  14.85 0.12  0.0    6  7.1 14.4      4204
 4205 2021- 6-20 21:04     - 54 60  161 55   9.37 0.08  0.0    4  2.6 10.7      4205
 4206 2021- 6-20 21:38     - 54 44  162 35   6.86 0.20  0.0   13  1.8 18.9      4206
 *** DISTANCE & RESIDUAL WEIGHTING CANCELLED FOR EVENT: 2021  6 20 22 54
 4207 2021- 6-20 22:53     - 55 43  161  1  13.84 0.23  0.0    4 17.2 15.0      4207
 4208 2021- 6-20 23:53     - 54 48  161 42  33.79 0.10  0.0    6 12.2  3.5      4208
 4209 2021- 6-20 23:55     - 54 49  162 44  12.81 0.01  0.0    4 12.5  3.5      4209
 4210 2021- 6-21  0:08     - 54 45  162 13  15.71 0.10  0.0    5 12.2  8.7      4210
 4211 2021- 6-21  0:08     - 54 22  162 31  15.06 0.08  0.0    4 12.6 13.1      4211
 4212 2021- 6-21  1:44       55 15  161 52  30.24 0.02  0.0    5  1.1  2.3      4212
 4213 2021- 6-21  1:53     # 55  8  162 26  42.76 0.54  0.0    8 10.1 14.8      4213
 4214 2021- 6-21  2:15     - 55 27  163 23  19.26 0.98  0.0   13  7.7 79.9      4214
 4215 2021- 6-21  2:33     - 54 47  162 14  13.37 0.09  0.0    5 11.7  8.3      4215
  SEQ ---DATE--- TIME REMARK -LAT-  --LON-  DEPTH  RMS PMAG  NUM  ERH  ERZ  ID
 4216 2021- 6-21  2:33     # 55  6  161 56  10.96 1.19  0.0    4 42.9 30.0      4216
 *** DISTANCE & RESIDUAL WEIGHTING CANCELLED FOR EVENT: 2021  6 21  2 33
 4217 2021- 6-21  2:33     - 54 45  162 18  15.00 0.48  0.0    5 38.2  3.3      4217
 4218 2021- 6-21  2:35       55  6  162 13   5.23 0.02  0.0    6  1.7  2.1      4218
 4219 2021- 6-21  3:36     - 54 56  161 39  13.37 0.13  0.0    4 15.6 10.8      4219
 4220 2021- 6-21  7:59       55 25  161 55  27.84 0.00  0.0    4  4.8  3.4      4220
 4221 2021- 6-21  8:02       55 18  161 35  47.81 0.09  0.0    6  5.8  5.1      4221
 4222 2021- 6-21  9:56     - 54 38  160 54  15.00 0.17  0.0    9 15.8 19.1      4222
 4223 2021- 6-21  9:57     - 55 16  161 51  30.36 0.26  0.0    5 19.1  6.0      4223
 4224 2021- 6-21 10:04       55  6  162 13   4.56 0.09  0.0    9  0.7  1.5      4224
 4225 2021- 6-21 11:26     - 55  1  162  3  38.24 0.10  0.0    5  8.5 10.3      4225
 4226 2021- 6-21 11:55     - 55 18  161 36   8.95 0.08  0.0    4  3.4  9.7      4226
 4227 2021- 6-21 13:04     - 55 17  160 27  10.04 0.24  0.0    5 19.5  5.7      4227
 *** DISTANCE & RESIDUAL WEIGHTING CANCELLED FOR EVENT: 2021  6 21 13  4
 4228 2021- 6-21 13:04     # 55 39  162 14  15.98 0.60  0.0    4 32.3  4.8      4228
 4229 2021- 6-21 13:04       55 24  161 43  27.67 0.05  0.0    5  2.9  1.5      4229
 4230 2021- 6-21 13:54     - 54 28  161 24  15.00 0.19  0.0    9 16.9 20.2      4230
  SEQ ---DATE--- TIME REMARK -LAT-  --LON-  DEPTH  RMS PMAG  NUM  ERH  ERZ  ID
 4231 2021- 6-21 13:54     - 54  4  161  2  14.63 0.28  0.0    8 20.8 13.2      4231
 4232 2021- 6-21 13:58       55  7  161 54  26.38 0.01  0.0    4  5.1  2.3      4232
 4233 2021- 6-21 14:03     - 54 38  161 41   9.62 0.09  0.0    4 12.5 14.1      4233
 4234 2021- 6-21 14:03     - 54 55  161 46   5.06 0.10  0.0    4 13.9  2.5      4234
 4235 2021- 6-21 14:23     - 54 41  161 47  14.41 0.03  0.0    4  7.2 10.9      4235
 *** DISTANCE & RESIDUAL WEIGHTING CANCELLED FOR EVENT: 2021  6 21 14 24
 4236 2021- 6-21 14:24     # 54 56  161 47  19.93 0.51  0.0    8 23.1  5.7      4236
 4237 2021- 6-21 14:53     - 55  7  163 21  15.09 0.15  0.0    5 14.5 10.0      4237
 4238 2021- 6-21 14:53     - 54 25  161 36  15.01 0.22  0.0   10  9.8 19.9      4238
 *** DISTANCE & RESIDUAL WEIGHTING CANCELLED FOR EVENT: 2021  6 21 16  0
 4239 2021- 6-21 16:00     # 55 24  162 27  15.00 0.95  0.0    4 19.7 47.3      4239
 4240 2021- 6-21 17:21     - 54 36  161 15  15.04 0.13  0.0   19  6.1 12.1      4240
 *** DISTANCE & RESIDUAL WEIGHTING CANCELLED FOR EVENT: 2021  6 22  0  0
 4241 2021- 6-21 23:59     - 54 57  161 29  15.05 0.58  0.0    5 21.0 46.3      4241
 *** DISTANCE & RESIDUAL WEIGHTING CANCELLED FOR EVENT: 2021  6 22  2 35
 4242 2021- 6-22  2:35     - 55 20  161 44  36.50 0.26  0.0    4 10.9 17.3      4242
 4243 2021- 6-22  4:04     - 55  6  161 46   0.02 0.15  0.0    4  3.3 14.8      4243
 4244 2021- 6-22  5:22     - 55 56  160 44  15.02 0.27  0.0    8 20.5 25.7      4244
 4245 2021- 6-22  5:22     - 55 56  160 45  15.00 0.05  0.0    5 10.8 13.2      4245
  SEQ ---DATE--- TIME REMARK -LAT-  --LON-  DEPTH  RMS PMAG  NUM  ERH  ERZ  ID
 4246 2021- 6-22  6:26     - 55 52  162  4  19.32 0.08  0.0    4  3.0 13.9      4246
 4247 2021- 6-22  7:04     - 54 32  161 22  15.26 0.27  0.0   16 10.4 20.9      4247
 4248 2021- 6-22  7:55     - 55 21  163 11  14.83 0.10  0.0    4 14.0  4.3      4248
 *** DISTANCE & RESIDUAL WEIGHTING CANCELLED FOR EVENT: 2021  6 22  8  0
 4249 2021- 6-22  7:59     # 55 19  162  4  22.69 0.41  0.0    5  6.7 14.3      4249
 4250 2021- 6-22  8:02       55 12  161 43  23.56 0.07  0.0    6  3.4  2.6      4250
 4251 2021- 6-22  9:14       54 48  161 21  15.59 0.00  0.0    4  3.7  2.3      4251
 4252 2021- 6-22  9:54       55  3  162 56  27.39 0.20  0.0    8  2.6  5.1      4252
 4253 2021- 6-22  9:59       55  4  161 51  34.96 0.10  0.0    7  3.8  1.6      4253
 4254 2021- 6-22 10:01     - 54 58  161 28  30.32 0.15  0.0    5 15.7  5.5      4254
 4255 2021- 6-22 10:01     - 54 40  160 38  33.96 0.11  0.0    6 12.9 15.2      4255
 4256 2021- 6-22 13:54       55  1  161 54  11.02 0.10  0.0    5  1.5  2.4      4256
 4257 2021- 6-22 15:53     - 54 27  161 23  15.00 0.20  0.0    9 18.5 20.9      4257
 4258 2021- 6-22 15:54     - 54 12  161 19  15.00 0.24  0.0    7 18.9 10.5      4258
 4259 2021- 6-22 17:35       54 40  163 40  18.24 0.09  0.0    7  5.0  2.5      4259
 4260 2021- 6-22 18:38     - 54 48  160 45  15.00 0.23  0.0   11 18.7 22.8      4260
  SEQ ---DATE--- TIME REMARK -LAT-  --LON-  DEPTH  RMS PMAG  NUM  ERH  ERZ  ID
 4261 2021- 6-22 18:38       54 44  160 49  27.29 0.10  0.0   10 10.0  1.8      4261
 4262 2021- 6-22 19:03     - 54 40  161  8  15.58 0.15  0.0    9  7.2 14.6      4262
 4263 2021- 6-22 19:40     - 54 27  161 49  17.64 0.24  0.0   12  2.1 23.3      4263
 *** DISTANCE & RESIDUAL WEIGHTING CANCELLED FOR EVENT: 2021  6 22 19 54
 4264 2021- 6-22 19:54     - 54 46  160 51  15.00 0.41  0.0    5 33.0 34.9      4264
 4265 2021- 6-22 20:02       55 22  161 47  22.21 0.06  0.0    5  3.0  1.8      4265
 *** DISTANCE & RESIDUAL WEIGHTING CANCELLED FOR EVENT: 2021  6 22 20 35
 4266 2021- 6-22 20:35     # 55 15  161 49   0.02 0.52  0.0    4  6.3  8.8      4266
 4267 2021- 6-22 23:12     - 55  2  161 57  15.29 0.07  0.0    5  8.9  8.6      4267
 4268 2021- 6-22 23:12     - 54 59  161 54   0.87 0.03  0.0    4  1.2 10.7      4268
 4269 2021- 6-23  1:16     - 55  2  161 45  15.76 0.14  0.0    4 12.3  2.8      4269
 4270 2021- 6-23  1:16     # 55  8  161 46   5.99 0.14  0.0    6  2.5  0.4      4270
 4271 2021- 6-23  5:06     - 55 20  161 14  15.30 0.08  0.0    7 10.6  8.7      4271
 4272 2021- 6-23  5:06       55 25  161 23  34.48 0.06  0.0    5  7.2  2.2      4272
 4273 2021- 6-23 10:29     - 55  5  161 17  15.04 0.07  0.0    4 13.1  9.8      4273
 *** DISTANCE & RESIDUAL WEIGHTING CANCELLED FOR EVENT: 2021  6 23 10 29
 4274 2021- 6-23 10:29     - 54 55  161 10  15.00 0.64  0.0    5 45.9  7.7      4274
 4275 2021- 6-23 12:36     # 55 25  162 46  16.05 0.14  0.0    7  3.5  1.2      4275
  SEQ ---DATE--- TIME REMARK -LAT-  --LON-  DEPTH  RMS PMAG  NUM  ERH  ERZ  ID
 4276 2021- 6-23 12:36     - 54 22  161 25  17.94 0.16  0.0    4 16.0  4.3      4276
 4277 2021- 6-23 12:37     - 55 14  161 42   5.21 0.08  0.0    4 12.1  1.0      4277
 4278 2021- 6-23 17:50     - 54 51  161  7   9.04 0.13  0.0    5  4.2 16.5      4278
 4279 2021- 6-23 22:05     - 55 10  161 31  49.17 0.06  0.0    4 13.6  2.3      4279
 4280 2021- 6-24  2:36     - 55 24  161 58   0.94 0.44  0.0    5  4.9 31.0      4280
 4281 2021- 6-24  3:46     - 54 57  161 32   9.00 0.20  0.0    5 13.2 12.3      4281
 4282 2021- 6-25  0:39     - 54 56  161 29  29.51 0.12  0.0    8 13.9  4.5      4282
 4283 2021- 6-25  0:39     - 54 45  161  2  33.39 0.06  0.0    4 12.7 13.3      4283
 4284 2021- 6-25  3:29     - 55 15  161 38  17.44 0.03  0.0    4 12.7  1.1      4284
 *** DISTANCE & RESIDUAL WEIGHTING CANCELLED FOR EVENT: 2021  6 25  8 20
 4285 2021- 6-25  8:20     # 55 23  161 53  40.74 0.00  0.0    4  4.4  2.6      4285
 *** DISTANCE & RESIDUAL WEIGHTING CANCELLED FOR EVENT: 2021  6 25  9 27
 4286 2021- 6-25  9:27     # 55 18  161 41  14.99 0.75  0.0    4 14.6  5.7      4286
 *** DISTANCE & RESIDUAL WEIGHTING CANCELLED FOR EVENT: 2021  6 25 11 10
 4287 2021- 6-25 11:10     - 54 49  160 41  15.00 0.87  0.0    4 67.6 72.2      4287
 4288 2021- 6-25 14:48     - 55 17  162 34  15.11 0.05  0.0    4  4.0 12.5      4288
 4289 2021- 6-25 15:19     - 54 60  161 16  14.06 0.07  0.0    4 11.3  8.9      4289
 *** DISTANCE & RESIDUAL WEIGHTING CANCELLED FOR EVENT: 2021  6 25 15 22
 4290 2021- 6-25 15:22     - 55  6  161 25  28.85 0.22  0.0    5 17.7  9.6      4290
  SEQ ---DATE--- TIME REMARK -LAT-  --LON-  DEPTH  RMS PMAG  NUM  ERH  ERZ  ID
 4291 2021- 6-25 15:23       55 14  161 34  26.40 0.08  0.0    5  5.4  3.9      4291
 4292 2021- 6-25 18:16     - 54 48  160 23  15.16 0.20  0.0   16  8.8 17.7      4292
 4293 2021- 6-25 18:34     - 55  3  161 27  15.01 0.16  0.0    4 13.7 10.2      4293
 4294 2021- 6-25 18:35     - 55  1  161 36  19.33 0.09  0.0    5 10.3  1.7      4294
 4295 2021- 6-25 19:11     - 55  9  163 41  31.17 0.51  0.0   18 16.8 29.2      4295
 4296 2021- 6-25 20:29     - 55  6  161 48  12.95 0.04  0.0    4 10.7  6.3      4296
 4297 2021- 6-25 22:04     - 55 23  161 48  18.82 0.34  0.0    4 31.3  3.6      4297
 4298 2021- 6-26  0:43     - 54 52  162 22  14.19 0.05  0.0    4 11.0  6.7      4298
 4299 2021- 6-26  2:45     - 54 37  161 17  16.56 0.15  0.0   17  6.1 11.9      4299
 4300 2021- 6-26  3:05     - 54 56  161 31  20.79 0.04  0.0    4 12.5  4.3      4300
 4301 2021- 6-26  3:13     # 55 12  161 17  16.58 0.16  0.0    8  2.5  2.0      4301
 4302 2021- 6-26  3:14       55 22  161 49  10.31 0.00  0.0    4  2.0  2.2      4302
 *** DISTANCE & RESIDUAL WEIGHTING CANCELLED FOR EVENT: 2021  6 26  3 43
 4303 2021- 6-26  3:43     - 54 50  162 30  15.00 0.95  0.0    5 68.5  8.2      4303
 4304 2021- 6-26 12:49     - 54 42  162 14  11.70 0.16  0.0    9 15.0  8.2      4304
 4305 2021- 6-26 12:49     - 54 36  162 25  13.33 0.12  0.0    7 14.8  4.4      4305
  SEQ ---DATE--- TIME REMARK -LAT-  --LON-  DEPTH  RMS PMAG  NUM  ERH  ERZ  ID
 4306 2021- 6-26 15:14     - 54 31  161 49  17.49 0.15  0.0    6  1.7 17.6      4306
 *** DISTANCE & RESIDUAL WEIGHTING CANCELLED FOR EVENT: 2021  6 26 15 36
 4307 2021- 6-26 15:36     - 55 11  161 46  23.00 0.17  0.0    4 12.7  5.7      4307
 *** DISTANCE & RESIDUAL WEIGHTING CANCELLED FOR EVENT: 2021  6 26 16  3
 4308 2021- 6-26 16:03     # 55  5  161 54  44.55 0.00  0.0    5  6.9  2.7      4308
 4309 2021- 6-26 16:31     - 55 13  160 54  20.12 0.29  0.0    8  4.1 22.4      4309
 *** DISTANCE & RESIDUAL WEIGHTING CANCELLED FOR EVENT: 2021  6 26 16 33
 4310 2021- 6-26 16:33     # 55 21  161 29  12.40 0.48  0.0    5 14.4  8.2      4310
 *** DISTANCE & RESIDUAL WEIGHTING CANCELLED FOR EVENT: 2021  6 26 18 36
 4311 2021- 6-26 18:36     - 55 23  161 47  39.67 0.43  0.0    4 37.7  4.4      4311
 4312 2021- 6-26 18:49     - 55 12  160 46  35.60 0.15  0.0   10 14.8 12.7      4312
 4313 2021- 6-26 18:50       55 26  161 24  25.17 0.00  0.0    4  3.0  2.0      4313
 4314 2021- 6-26 18:57     - 54 40  162  0  12.16 0.13  0.0    4  9.9 13.2      4314
 4315 2021- 6-26 20:04       54 39  161 34  12.98 0.16  0.0   10 12.4  2.5      4315
 4316 2021- 6-26 20:04       54 44  161 47  31.00 0.19  0.0    8  6.1  1.3      4316
 4317 2021- 6-27  0:18     - 54 41  162 56  10.98 0.10  0.0    6  3.7 12.9      4317
 4318 2021- 6-27  1:20     - 54 34  161 17  14.54 0.37  0.0   14 13.6 26.7      4318
 *** DISTANCE & RESIDUAL WEIGHTING CANCELLED FOR EVENT: 2021  6 27  1 22
 4319 2021- 6-27  1:22     - 54 52  163 16  15.00 0.54  0.0    5 36.8  7.0      4319
 4320 2021- 6-27  1:22     - 54 47  162 11  13.81 0.11  0.0    5 11.2 10.7      4320
  SEQ ---DATE--- TIME REMARK -LAT-  --LON-  DEPTH  RMS PMAG  NUM  ERH  ERZ  ID
 4321 2021- 6-27  1:22     - 54 60  162 33  14.46 0.69  0.0    4 59.1  5.9      4321
 4322 2021- 6-27  1:59     - 54 36  161 15  15.89 0.15  0.0    9  7.4 14.9      4322
 4323 2021- 6-27  3:10       55  6  162 13   4.02 0.06  0.0    8  0.7  1.7      4323
 4324 2021- 6-27  3:22     - 55 25  161 51   0.62 0.29  0.0    4  2.8 26.7      4324
 4325 2021- 6-27  3:22     - 54 43  161 42  16.53 0.07  0.0    4  6.3 12.3      4325
 4326 2021- 6-27  4:32     - 55  1  161 31  15.00 0.30  0.0    5 24.1  9.6      4326
 4327 2021- 6-27  4:51     - 55 10  160 59  32.12 0.18  0.0    7 15.6  1.4      4327
 *** DISTANCE & RESIDUAL WEIGHTING CANCELLED FOR EVENT: 2021  6 27  4 52
 4328 2021- 6-27  4:51     - 55  9  161  3  21.56 0.49  0.0    5 32.2 15.5      4328
 4329 2021- 6-27  5:24     - 55  4  162 52  15.34 0.09  0.0    5  4.8 13.8      4329
 4330 2021- 6-27  7:15     - 55 54  160 34  14.09 0.27  0.0    9 11.5 22.5      4330
 4331 2021- 6-27  7:25     - 54 60  162 35  70.65 0.12  0.0    6  7.4 13.3      4331
 4332 2021- 6-27  8:17     - 54 57  161 29  26.50 0.21  0.0    7 15.5  4.9      4332
 4333 2021- 6-27  8:17     - 54 41  160 58  34.80 0.33  0.0    7 22.9 27.0      4333
 4334 2021- 6-27  9:36     - 54 23  163  4  14.91 0.09  0.0    4  6.4 13.0      4334
 4335 2021- 6-27  9:40       55 13  161 39  35.24 0.00  0.0    4  7.4  5.9      4335
  SEQ ---DATE--- TIME REMARK -LAT-  --LON-  DEPTH  RMS PMAG  NUM  ERH  ERZ  ID
 4336 2021- 6-27 10:16       55 22  161 32   9.23 0.00  0.0    4  3.6  6.7      4336
 4337 2021- 6-27 12:23     - 55 23  163 14  16.85 0.07  0.0    4  6.3 12.2      4337
 *** DISTANCE & RESIDUAL WEIGHTING CANCELLED FOR EVENT: 2021  6 27 14 24
 4338 2021- 6-27 14:24     - 54 52  161 47  14.99 0.32  0.0    4 29.2  4.5      4338
 4339 2021- 6-27 14:31       55 17  161 39  14.12 0.00  0.0    4  3.8  2.0      4339
 4340 2021- 6-27 16:27     - 54 57  161  3  29.31 0.19  0.0    8 16.8  3.1      4340
 4341 2021- 6-27 16:27     - 54 46  160 54  26.55 0.20  0.0    8 14.2  2.6      4341
 4342 2021- 6-27 16:34     - 55 34  161 44  53.00 0.12  0.0    5  6.0 14.6      4342
 *** DISTANCE & RESIDUAL WEIGHTING CANCELLED FOR EVENT: 2021  6 27 16 34
 4343 2021- 6-27 16:34     - 55 24  161 54   0.44 0.14  0.0    4  0.6 13.6      4343
 4344 2021- 6-27 17:15     - 54 58  161 34  25.60 0.17  0.0    7 13.6  4.1      4344
 *** DISTANCE & RESIDUAL WEIGHTING CANCELLED FOR EVENT: 2021  6 27 17 15
 4345 2021- 6-27 17:15     # 55 23  161 36   9.67 0.12  0.0    5  3.4  2.0      4345
 *** DISTANCE & RESIDUAL WEIGHTING CANCELLED FOR EVENT: 2021  6 27 21 58
 4346 2021- 6-27 21:58     # 55 43  161 47  15.00 1.06  0.0    5 24.9 57.0      4346
 4347 2021- 6-27 22:52     - 55 32  160 18  15.22 0.37  0.0   14 13.4 26.4      4347
 4348 2021- 6-27 23:55       54 58  161 35  21.35 0.16  0.0    6  6.3  4.7      4348
 4349 2021- 6-27 23:56     - 54 49  161 20  17.40 0.14  0.0    6  8.4 16.1      4349
 4350 2021- 6-28  1:18     - 55 42  160 47  53.06 0.10  0.0    9 13.4  6.3      4350
  SEQ ---DATE--- TIME REMARK -LAT-  --LON-  DEPTH  RMS PMAG  NUM  ERH  ERZ  ID
 4351 2021- 6-28  1:52     - 54 15  161 31  15.24 0.24  0.0    5 10.4 20.9      4351
 *** DISTANCE & RESIDUAL WEIGHTING CANCELLED FOR EVENT: 2021  6 28  2 59
 4352 2021- 6-28  2:59     - 54 57  161 18  11.70 0.15  0.0    4 16.5 17.2      4352
 4353 2021- 6-28  8:06     # 55 16  161 40  48.48 0.01  0.0    4  7.3  3.4      4353
 *** DISTANCE & RESIDUAL WEIGHTING CANCELLED FOR EVENT: 2021  6 28  8 59
 4354 2021- 6-28  8:59     # 54 56  162 19  14.24 1.10  0.0    4 37.7 21.1      4354
 4355 2021- 6-28  9:12     - 54 40  162 31  18.47 0.02  0.0    4 12.3  5.0      4355
 *** DISTANCE & RESIDUAL WEIGHTING CANCELLED FOR EVENT: 2021  6 28  9 13
 4356 2021- 6-28  9:13     # 54 47  162 23  15.49 0.25  0.0    5 10.7  1.4      4356
 4357 2021- 6-28  9:19       54 29  162 58  15.08 0.11  0.0    8  3.7  2.4      4357
 4358 2021- 6-28 10:15     - 54 22  161 42  14.60 0.17  0.0   11  6.2 12.2      4358
 4359 2021- 6-28 10:25     - 55 14  163 34  17.70 0.36  0.0   11  2.5 32.5      4359
 4360 2021- 6-28 11:33     - 54 55  162 32  12.75 0.05  0.0    4 11.8  5.4      4360
 4361 2021- 6-28 12:00       55  8  161 30  36.35 0.06  0.0    6  3.8  3.0      4361
 4362 2021- 6-28 12:32     - 55  5  161 48  17.86 0.07  0.0    5 10.9  5.3      4362
 *** DISTANCE & RESIDUAL WEIGHTING CANCELLED FOR EVENT: 2021  6 28 12 32
 4363 2021- 6-28 12:32     - 54 52  161 34   7.50 0.72  0.0    6 33.1 54.5      4363
 4364 2021- 6-28 13:22     - 54 45  161  7  31.14 0.17  0.0    8 17.2  2.0      4364
 4365 2021- 6-28 13:22     - 55 25  161 30   6.71 0.09  0.0    4  2.2 14.5      4365
  SEQ ---DATE--- TIME REMARK -LAT-  --LON-  DEPTH  RMS PMAG  NUM  ERH  ERZ  ID
 4366 2021- 6-28 13:46     - 54 55  161 12  54.64 0.23  0.0    5 22.2 16.1      4366
 *** DISTANCE & RESIDUAL WEIGHTING CANCELLED FOR EVENT: 2021  6 28 16  0
 4367 2021- 6-28 15:59     - 55 20  163 11  19.42 0.43  0.0    4 34.9 37.5      4367
 4368 2021- 6-28 16:04       54 37  161 31  45.60 0.12  0.0   10  2.8  5.5      4368
 *** DISTANCE & RESIDUAL WEIGHTING CANCELLED FOR EVENT: 2021  6 28 16  7
 4369 2021- 6-28 16:07     - 55 41  162  7  15.00 1.33  0.0    4 99.0 24.9      4369
 4370 2021- 6-28 17:09       55 11  161 46  20.91 0.00  0.0    4  4.6  1.6      4370
 4371 2021- 6-28 18:16     - 54 34  163 21  14.94 0.06  0.0    5  7.1 12.1      4371
 *** DISTANCE & RESIDUAL WEIGHTING CANCELLED FOR EVENT: 2021  6 28 18 16
 4372 2021- 6-28 18:16     - 54 56  162 32  12.05 0.03  0.0    4 12.0  1.5      4372
 4373 2021- 6-28 18:39     - 54 29  161 43  17.95 0.11  0.0    7  1.6 15.4      4373
 4374 2021- 6-28 19:29     - 54 58  161 24  27.28 0.14  0.0    7 15.3  4.1      4374
 *** DISTANCE & RESIDUAL WEIGHTING CANCELLED FOR EVENT: 2021  6 28 20 20
 4375 2021- 6-28 20:20     # 54 59  161 55  15.00 1.54  0.0    4 29.4 38.6      4375
 4376 2021- 6-28 20:21       54 59  161 52  10.71 0.15  0.0    7  1.9  1.5      4376
 4377 2021- 6-28 20:55     # 55 57  161  0  13.84 0.22  0.0    7  5.2  2.0      4377
 4378 2021- 6-28 21:09     - 54 55  162 40  33.98 0.07  0.0    6 11.4  5.4      4378
 *** DISTANCE & RESIDUAL WEIGHTING CANCELLED FOR EVENT: 2021  6 28 21  9
 4379 2021- 6-28 21:09     - 54 38  162 22  81.37 0.37  0.0    4 32.0 19.1      4379
 4380 2021- 6-28 22:39     - 54 59  161 23  27.05 0.18  0.0    6 17.6  4.2      4380
  SEQ ---DATE--- TIME REMARK -LAT-  --LON-  DEPTH  RMS PMAG  NUM  ERH  ERZ  ID
 4381 2021- 6-28 22:40     - 54 55  161 23  59.69 0.04  0.0    5  9.7  4.4      4381
 *** DISTANCE & RESIDUAL WEIGHTING CANCELLED FOR EVENT: 2021  6 29  0  0
 4382 2021- 6-28 23:59     # 55 17  162  5  15.00 0.65  0.0    4 11.1 28.5      4382
 4383 2021- 6-29  0:17       55 10  162 10   2.22 0.04  0.0    6  4.0  7.6      4383
 4384 2021- 6-29  0:57     - 54 43  161 47  12.62 0.08  0.0    4  9.0 12.4      4384
 *** DISTANCE & RESIDUAL WEIGHTING CANCELLED FOR EVENT: 2021  6 29  0 57
 4385 2021- 6-29  0:57     - 55 12  161 60  15.00 0.55  0.0    4  8.3 34.0      4385
 *** DISTANCE & RESIDUAL WEIGHTING CANCELLED FOR EVENT: 2021  6 29  0 58
 4386 2021- 6-29  0:57     # 55 19  161 54  14.99 1.01  0.0    6 12.3 16.9      4386
 4387 2021- 6-29  1:42     - 55  0  161 12  12.95 0.23  0.0    6 18.9 17.6      4387
 *** DISTANCE & RESIDUAL WEIGHTING CANCELLED FOR EVENT: 2021  6 29  1 48
 4388 2021- 6-29  1:48     - 55 27  163 16  16.56 0.17  0.0    4  8.5 17.1      4388
 4389 2021- 6-29  3:09     - 54 34  161 23  21.91 0.32  0.0    6  3.6 27.2      4389
 *** DISTANCE & RESIDUAL WEIGHTING CANCELLED FOR EVENT: 2021  6 29  3 55
 4390 2021- 6-29  3:55     # 54 57  161 47  20.50 1.13  0.0    4 32.6  9.6      4390
 *** DISTANCE & RESIDUAL WEIGHTING CANCELLED FOR EVENT: 2021  6 29  8  0
 4391 2021- 6-29  7:59     # 55 26  162 14  15.63 1.13  0.0    5 10.6 49.3      4391
 4392 2021- 6-29  8:12     - 54 47  161 20  23.45 0.16  0.0    7 15.5  7.8      4392
 4393 2021- 6-29  8:12     - 54 56  161 41   7.29 0.02  0.0    4  5.2 11.7      4393
 4394 2021- 6-29  8:22     - 54 30  161 44  18.11 0.24  0.0    8  2.8 23.0      4394
 4395 2021- 6-29  8:46     # 55 34  161 17  61.40 0.29  0.0   16  3.7  3.2      4395
  SEQ ---DATE--- TIME REMARK -LAT-  --LON-  DEPTH  RMS PMAG  NUM  ERH  ERZ  ID
 4396 2021- 6-29 10:53     - 55  2  161 23  23.91 0.26  0.0    7 20.0  7.0      4396
 4397 2021- 6-29 10:53     - 54 54  161  6  29.39 0.22  0.0    6 18.3  4.3      4397
 4398 2021- 6-29 12:24     # 55 17  163  6  22.57 0.70  0.0   13  5.4 37.5      4398
 4399 2021- 6-29 12:24     - 55  6  162 33  58.00 0.14  0.0    5 13.5  6.6      4399
 *** DISTANCE & RESIDUAL WEIGHTING CANCELLED FOR EVENT: 2021  6 29 12 38
 4400 2021- 6-29 12:38     # 55 11  161 49   9.24 0.56  0.0    6  6.6  2.9      4400
 *** DISTANCE & RESIDUAL WEIGHTING CANCELLED FOR EVENT: 2021  6 29 17 30
 4401 2021- 6-29 17:30     - 55 15  160 20  15.01 0.83  0.0    5 56.8 70.1      4401
 4402 2021- 6-29 17:54     - 54 35  161 51  14.07 0.15  0.0   10 13.6  3.2      4402
 4403 2021- 6-29 17:55     - 55  5  161 32  18.89 0.08  0.0    5 12.7  4.6      4403
 4404 2021- 6-29 20:12     - 54 40  160 42  15.08 0.11  0.0   12  6.8 13.7      4404
 4405 2021- 6-29 21:04     - 55  2  161 31  29.11 0.14  0.0    5 13.6  5.6      4405
 4406 2021- 6-29 21:04     - 54 59  161 25  32.94 0.04  0.0    5 11.8  0.4      4406
 *** DISTANCE & RESIDUAL WEIGHTING CANCELLED FOR EVENT: 2021  6 29 21 43
 4407 2021- 6-29 21:43     # 54 57  161 53  31.00 1.03  0.0    6 16.2  3.4      4407
 *** DISTANCE & RESIDUAL WEIGHTING CANCELLED FOR EVENT: 2021  6 30  1 45
 4408 2021- 6-30  1:45     # 55  6  162 12  15.00 1.26  0.0    5 33.2 45.5      4408
 4409 2021- 6-30  1:46     - 54 59  161 53   6.53 0.24  0.0    5  3.5 23.4      4409
 4410 2021- 6-30  1:48     - 54 35  161 16  15.07 0.18  0.0   11  7.8 15.5      4410
  SEQ ---DATE--- TIME REMARK -LAT-  --LON-  DEPTH  RMS PMAG  NUM  ERH  ERZ  ID
 4411 2021- 6-30  2:59     - 54 60  162 27  17.90 0.06  0.0    4  9.3  7.0      4411
 4412 2021- 6-30 10:39     - 54 59  161  8  15.47 0.27  0.0    5 23.6  3.2      4412
 4413 2021- 6-30 10:40     - 55  3  161 40  56.76 0.20  0.0    5 15.0 12.5      4413
 4414 2021- 6-30 20:05     - 55 55  160 59  16.08 0.11  0.0    4  7.2 13.8      4414
 4415 2021- 6-30 21:50     - 54 52  160 45  15.00 0.19  0.0   10 16.4 19.9      4415
 *** DISTANCE & RESIDUAL WEIGHTING CANCELLED FOR EVENT: 2021  6 30 21 50
 4416 2021- 6-30 21:50     - 55  5  161  5  53.28 0.94  0.0    4 53.0 19.3      4416
 4417 2021- 6-30 21:50     - 54 60  161  1  15.29 0.10  0.0    4 12.4 14.9      4417
 4418 2021- 6-30 23:50     - 56  1  161  6  15.04 0.32  0.0    4 13.5 26.7      4418
 4419 2021- 7- 1  0:35     - 54 57  160 47  15.77 0.30  0.0   16 10.8 21.2      4419
 4420 2021- 7- 1  5:23     - 54 11  162 10  24.35 0.39  0.0    7  5.3 31.2      4420
 4421 2021- 7- 1 10:29     - 54 26  161 35  14.89 0.16  0.0    4  8.2 16.5      4421
 4422 2021- 7- 1 10:29     - 54 43  163 31  14.93 0.08  0.0    5  6.4 12.8      4422
 4423 2021- 7- 1 17:26       54 52  163  9  15.00 0.28  0.0    8  6.6  4.6      4423
 *** DISTANCE & RESIDUAL WEIGHTING CANCELLED FOR EVENT: 2021  7  1 19 26
 4424 2021- 7- 1 19:26     # 55 18  162 19  15.00 0.58  0.0    4 11.1 31.2      4424
 4425 2021- 7- 2  6:43     - 55 19  161 56  26.12 2.65  0.0    6 98.7 32.0      4425
  SEQ ---DATE--- TIME REMARK -LAT-  --LON-  DEPTH  RMS PMAG  NUM  ERH  ERZ  ID
 4426 2021- 7- 2  6:43     - 55 20  161 56  16.48 2.90  0.0    4 98.9 55.1      4426
 4427 2021- 7- 2  6:50     - 54 52  160  3  14.95 0.16  0.0   11  8.1 16.1      4427
 4428 2021- 7- 2  7:02     - 55  3  163 33  43.45 0.61  0.0   11 16.2 42.2      4428
 *** DISTANCE & RESIDUAL WEIGHTING CANCELLED FOR EVENT: 2021  7  2 10 50
 4429 2021- 7- 2 10:50     - 54 18  162 31  17.16 0.89  0.0    4 75.5 75.5      4429
 *** DISTANCE & RESIDUAL WEIGHTING CANCELLED FOR EVENT: 2021  7  2 15 59
 4430 2021- 7- 2 15:59     - 54 57  162 21  22.47 2.08  0.0    4 98.9 31.7      4430
 *** DISTANCE & RESIDUAL WEIGHTING CANCELLED FOR EVENT: 2021  7  2 20 10
 4431 2021- 7- 2 20:10     - 54 18  162 31  15.00 0.60  0.0    5 51.5 46.4      4431
 4432 2021- 7- 2 20:25     - 54 56  162  4  14.85 0.03  0.0    4  3.5 12.2      4432
 *** 3 PHASES CANT SOLVE SEQUENCE NO. 4433, ID NO.      4433
 *** ABANDON EVENT WITH ONLY 3 READINGS:2021  7  3  0 22
 4434 2021- 7- 3 10:05     - 54 46  160 16  38.84 0.13  0.0    7  4.4 15.9      4434
 4435 2021- 7- 3 10:17     - 54 57  160 46  15.25 0.30  0.0   19 10.3 20.3      4435
 4436 2021- 7- 3 11:09     - 55 21  161 45  14.42 0.01  0.0    4  7.0  9.0      4436
 4437 2021- 7- 3 12:15     - 54 29  161 47  16.37 0.19  0.0   11  8.7 17.0      4437
 4438 2021- 7- 3 13:43     - 54 57  162 32  15.77 0.07  0.0    4 10.8  7.0      4438
 4439 2021- 7- 3 17:55     - 54 28  161 25  15.42 0.16  0.0    5  7.9 16.2      4439
 *** DISTANCE & RESIDUAL WEIGHTING CANCELLED FOR EVENT: 2021  7  3 18 42
 4440 2021- 7- 3 18:42     - 54 52  162 42  37.47 0.34  0.0    5 28.0  8.8      4440
  SEQ ---DATE--- TIME REMARK -LAT-  --LON-  DEPTH  RMS PMAG  NUM  ERH  ERZ  ID
 4441 2021- 7- 3 20:00     - 55  6  163 33  44.57 0.43  0.0    9 12.2 31.6      4441
 4442 2021- 7- 4  0:18     - 54 59  161 21  23.60 0.17  0.0    7 15.8  4.5      4442
 *** DISTANCE & RESIDUAL WEIGHTING CANCELLED FOR EVENT: 2021  7  4  0 18
 4443 2021- 7- 4  0:18     # 55 23  161 28  14.97 0.43  0.0    4 18.0 15.0      4443
 4444 2021- 7- 4  2:21     - 54 55  161 37  21.55 0.13  0.0    5 11.7  4.7      4444
 *** DISTANCE & RESIDUAL WEIGHTING CANCELLED FOR EVENT: 2021  7  4  2 21
 4445 2021- 7- 4  2:21     # 55  4  161 32  15.00 0.93  0.0    4 12.8 20.9      4445
 4446 2021- 7- 4  3:33     - 54 57  161 16   9.42 0.08  0.0    4 10.6 12.7      4446
 4447 2021- 7- 4  3:33     - 55  9  161 49  13.78 0.03  0.0    4  9.6  7.8      4447
 *** DISTANCE & RESIDUAL WEIGHTING CANCELLED FOR EVENT: 2021  7  4  7  6
 4448 2021- 7- 4  7:06     # 55 18  161 14  15.00 0.90  0.0    6 18.6 47.3      4448
 *** DISTANCE & RESIDUAL WEIGHTING CANCELLED FOR EVENT: 2021  7  4 13 31
 4449 2021- 7- 4 13:30     - 54 60  163 28  14.83 2.78  0.0    4 99.0 88.8      4449
 4450 2021- 7- 4 14:27     - 54 33  162  5  17.13 0.09  0.0    8  1.5 14.4      4450
 4451 2021- 7- 4 15:01     - 55 37  160 49  15.44 0.21  0.0    4  8.8 17.8      4451
 4452 2021- 7- 4 15:01     - 56  0  161 14  15.01 0.65  0.0    4 52.3 53.0      4452
 4453 2021- 7- 4 15:59     - 55 19  162  5  50.76 0.14  0.0    5  4.0 14.9      4453
 4454 2021- 7- 4 18:15       55 12  161 51   9.54 0.00  0.0    4  2.5  1.5      4454
 4455 2021- 7- 4 19:15     - 54 60  161 40  20.38 0.16  0.0    5 15.7  4.2      4455
 *** DISTANCE & RESIDUAL WEIGHTING CANCELLED FOR EVENT: 2021  7  4 19 15
  SEQ ---DATE--- TIME REMARK -LAT-  --LON-  DEPTH  RMS PMAG  NUM  ERH  ERZ  ID
 4456 2021- 7- 4 19:15     - 55 17  162 26  13.54 0.24  0.0    4  6.1 17.3      4456
 4457 2021- 7- 4 19:53     - 54 42  160 56  15.01 0.22  0.0    9 18.0 22.1      4457
 4458 2021- 7- 4 19:54     - 54 49  161 40  15.19 0.21  0.0    4 18.4  8.7      4458
 4459 2021- 7- 4 20:38     - 54 49  161 14  15.29 0.06  0.0    9 11.2  1.7      4459
 4460 2021- 7- 4 20:39       55  7  161 59  52.70 0.05  0.0    5  3.5  6.2      4460
 *** DISTANCE & RESIDUAL WEIGHTING CANCELLED FOR EVENT: 2021  7  4 23 18
 4461 2021- 7- 4 23:18     - 55  8  161 45  12.98 0.20  0.0    4 17.8  9.7      4461
 4462 2021- 7- 4 23:19     - 55  9  161 60  26.12 0.09  0.0    4  8.2  8.2      4462
 *** DISTANCE & RESIDUAL WEIGHTING CANCELLED FOR EVENT: 2021  7  5  0  0
 4463 2021- 7- 4 23:59     - 55 26  162 39  15.00 0.39  0.0    4 11.2 31.9      4463
 *** DISTANCE & RESIDUAL WEIGHTING CANCELLED FOR EVENT: 2021  7  5  1 22
 4464 2021- 7- 5  1:22     - 55 17  161 40  17.16 0.36  0.0    4 32.7  2.3      4464
 4465 2021- 7- 5  2:20       55 24  162  5  22.03 0.00  0.0    4  2.5  2.5      4465
 4466 2021- 7- 5  2:22     - 54 59  161 40  17.78 0.13  0.0    6 12.1  3.4      4466
 4467 2021- 7- 5  2:22     - 55 33  162  1   7.25 0.05  0.0    4 10.5 12.9      4467
 4468 2021- 7- 5  2:47     - 54 54  160 46  15.46 0.18  0.0   14  7.6 14.9      4468
 4469 2021- 7- 5  3:36       55  7  162  4  24.70 1.96  0.0    6 31.4 92.9      4469
 *** DISTANCE & RESIDUAL WEIGHTING CANCELLED FOR EVENT: 2021  7  5  4  5
 4470 2021- 7- 5  4:04     # 54 55  162 34  11.48 0.00  0.0    4  5.0  1.0      4470
  SEQ ---DATE--- TIME REMARK -LAT-  --LON-  DEPTH  RMS PMAG  NUM  ERH  ERZ  ID
 4471 2021- 7- 5  4:10     - 54 39  160 57  14.22 0.60  0.0    7 22.1 44.8      4471
 4472 2021- 7- 5  4:53     - 55  5  160 25  14.88 0.33  0.0   10 12.2 23.8      4472
 4473 2021- 7- 5 13:25     - 54 55  163 44  15.17 0.08  0.0    6  6.2 12.6      4473
 4474 2021- 7- 5 15:59     - 55 24  162 13  15.47 0.67  0.0    4 52.1 33.2      4474
 4475 2021- 7- 5 18:18     - 54 44  162 32  13.24 0.09  0.0    7 13.1  3.4      4475
 4476 2021- 7- 5 18:18     - 54 50  162 21  11.36 0.14  0.0    6 15.0  6.5      4476
 4477 2021- 7- 5 19:48     - 55  3  162 11   9.61 0.05  0.0    4  2.9 10.3      4477
 4478 2021- 7- 5 19:48     - 55 31  162 10  58.19 0.17  0.0    7  7.5 14.1      4478
 4479 2021- 7- 5 19:48     - 55 13  163  3  89.30 0.13  0.0    9  6.6 10.4      4479
 *** DISTANCE & RESIDUAL WEIGHTING CANCELLED FOR EVENT: 2021  7  5 19 51
 4480 2021- 7- 5 19:51     - 54 10  162 43  15.04 1.38  0.0    4 92.8 92.8      4480
 4481 2021- 7- 5 23:55     - 54 32  162 33  17.02 0.10  0.0    8  3.1 14.8      4481
 4482 2021- 7- 6  0:32       55 19  161 50  14.83 0.03  0.0    5  2.4  0.9      4482
 *** DISTANCE & RESIDUAL WEIGHTING CANCELLED FOR EVENT: 2021  7  6  3 18
 4483 2021- 7- 6  3:18     # 55 20  162 30  15.00 1.40  0.0    4 30.5 56.5      4483
 4484 2021- 7- 6  5:09     - 54 40  162 20   6.35 0.20  0.0   11 18.6 20.7      4484
 *** DISTANCE & RESIDUAL WEIGHTING CANCELLED FOR EVENT: 2021  7  6  5  9
 4485 2021- 7- 6  5:09     - 54 48  162 33  14.98 0.64  0.0    6 52.9  3.5      4485
  SEQ ---DATE--- TIME REMARK -LAT-  --LON-  DEPTH  RMS PMAG  NUM  ERH  ERZ  ID
 4486 2021- 7- 6  5:21     - 55 15  162  2   8.65 0.00  0.0    4  3.0  8.7      4486
 4487 2021- 7- 6  7:30     - 55  8  160 36  15.01 0.24  0.0    6 22.2 23.2      4487
 4488 2021- 7- 6  7:30     - 55 24  162  7  14.92 0.03  0.0    4  2.1 11.0      4488
 4489 2021- 7- 6  7:31     # 55 25  162 12   7.68 0.24  0.0    4  1.4 16.3      4489
 *** DISTANCE & RESIDUAL WEIGHTING CANCELLED FOR EVENT: 2021  7  6  8  0
 4490 2021- 7- 6  7:59     # 55 18  162 12  21.75 0.62  0.0    4 11.4 21.1      4490
 4491 2021- 7- 6 10:11     - 54 50  163 21  57.91 0.33  0.0    5 17.3 16.0      4491
 *** DISTANCE & RESIDUAL WEIGHTING CANCELLED FOR EVENT: 2021  7  6 12 26
 4492 2021- 7- 6 12:26     - 54 38  161 32  12.10 0.25  0.0    4 20.6 23.6      4492
 4493 2021- 7- 6 12:27     - 54 36  161 39   8.61 0.52  0.0    4 32.0 44.5      4493
 4494 2021- 7- 6 12:45     - 55 14  161 35  15.14 0.09  0.0    4  7.6  9.8      4494
 *** DISTANCE & RESIDUAL WEIGHTING CANCELLED FOR EVENT: 2021  7  6 16  0
 4495 2021- 7- 6 15:59     - 55 19  162  1  14.96 0.43  0.0    4  6.9 33.6      4495
 4496 2021- 7- 6 17:56     - 54 41  160 42  15.00 0.23  0.0   10 20.2 22.7      4496
 4497 2021- 7- 6 17:56     - 54 43  160 57  26.94 0.07  0.0    8  9.9  1.9      4497
 4498 2021- 7- 6 18:44       55  9  161 33  32.10 0.08  0.0    7  1.4  0.9      4498
 4499 2021- 7- 6 18:44     - 55  2  161 32  14.55 0.01  0.0    4  3.3 12.2      4499
 4500 2021- 7- 6 19:44     - 54 37  161 18  17.00 0.08  0.0    5  2.3 14.0      4500
  SEQ ---DATE--- TIME REMARK -LAT-  --LON-  DEPTH  RMS PMAG  NUM  ERH  ERZ  ID
 4501 2021- 7- 6 21:35     - 54 35  160 49  15.00 0.24  0.0   10 20.0 23.1      4501
 4502 2021- 7- 6 21:35     - 54 32  160 34  15.74 0.14  0.0    8 11.7  7.5      4502
 4503 2021- 7- 6 22:19     - 55 17  161 52   1.03 0.15  0.0    6  2.7 16.4      4503
 4504 2021- 7- 6 23:04     - 54 38  161 18  33.94 0.13  0.0    8  2.0 15.6      4504
 *** DISTANCE & RESIDUAL WEIGHTING CANCELLED FOR EVENT: 2021  7  7  0 33
 4505 2021- 7- 7  0:32     - 54 32  161 44  10.68 0.30  0.0    4 21.6 26.1      4505
 *** DISTANCE & RESIDUAL WEIGHTING CANCELLED FOR EVENT: 2021  7  7  6 50
 4506 2021- 7- 7  6:50     # 54 56  161 53  21.44 0.56  0.0    4 13.4 17.1      4506
 *** DISTANCE & RESIDUAL WEIGHTING CANCELLED FOR EVENT: 2021  7  7  7 31
 4507 2021- 7- 7  7:31     # 54 53  162 12  15.00 2.05  0.0    4 39.1 39.2      4507
 4508 2021- 7- 7  7:55     - 54 44  161 22  13.14 0.03  0.0    4  4.0 11.0      4508
 4509 2021- 7- 7  7:59     - 55 19  162  3  15.00 0.05  0.0    4  1.5 12.8      4509
 4510 2021- 7- 7  9:06     - 54 55  161  1  34.64 0.16  0.0    6 16.1 13.0      4510
 4511 2021- 7- 7  9:44       55  6  162 22   7.44 0.04  0.0    7  2.7  1.8      4511
 4512 2021- 7- 7  9:45     - 55  5  162 18  10.07 0.08  0.0    5 11.9  1.9      4512
 4513 2021- 7- 7 11:42       55  4  162  9   4.96 0.11  0.0    8  0.8  3.2      4513
 *** DISTANCE & RESIDUAL WEIGHTING CANCELLED FOR EVENT: 2021  7  7 12  1
 4514 2021- 7- 7 12:01     - 54 58  161 31  41.82 0.27  0.0    5 21.8  9.5      4514
 *** DISTANCE & RESIDUAL WEIGHTING CANCELLED FOR EVENT: 2021  7  7 12  1
 4515 2021- 7- 7 12:01     - 54 58  161 22  36.47 0.19  0.0    4 18.2  5.9      4515
  SEQ ---DATE--- TIME REMARK -LAT-  --LON-  DEPTH  RMS PMAG  NUM  ERH  ERZ  ID
 4516 2021- 7- 7 12:16     - 55  6  162 17   9.61 0.03  0.0    4 12.7  1.4      4516
 4517 2021- 7- 7 12:26     - 54 58  162 22  14.75 0.02  0.0    4  7.5  8.7      4517
 4518 2021- 7- 7 14:16       55  6  162 23   6.73 0.03  0.0    6  2.9  2.6      4518
 *** DISTANCE & RESIDUAL WEIGHTING CANCELLED FOR EVENT: 2021  7  7 15 11
 4519 2021- 7- 7 15:11     - 54 53  162 22  22.76 2.63  0.0    5 98.9 26.9      4519
 4520 2021- 7- 7 15:59     - 55 19  162  3  15.12 0.04  0.0    4  1.5 12.7      4520
 4521 2021- 7- 7 19:52     - 54 38  160 55  15.00 0.19  0.0   10 16.9 20.4      4521
 4522 2021- 7- 7 19:52     - 54 39  161  2  54.65 0.26  0.0    9 19.8  7.8      4522
 4523 2021- 7- 7 20:45     - 55 23  161 19  58.61 0.18  0.0    6 16.0  9.2      4523
 4524 2021- 7- 7 20:45       55 16  161 53   7.40 0.09  0.0    6  0.8  1.6      4524
 4525 2021- 7- 7 22:34     - 55 17  161 17   8.41 0.09  0.0    5  3.3 12.7      4525
 4526 2021- 7- 7 22:43     - 54 56  161 35  14.74 0.20  0.0    6 15.7  6.8      4526
 4527 2021- 7- 7 23:16     - 54 53  161 35   9.44 0.08  0.0    5  7.6  9.2      4527
 *** DISTANCE & RESIDUAL WEIGHTING CANCELLED FOR EVENT: 2021  7  8  0  0
 4528 2021- 7- 7 23:59     - 55 43  161 12  15.30 0.37  0.0    4 26.1 18.7      4528
 *** DISTANCE & RESIDUAL WEIGHTING CANCELLED FOR EVENT: 2021  7  8  3 28
 4529 2021- 7- 8  3:28     # 55  5  161 44  36.78 0.82  0.0    6 27.7 16.8      4529
 4530 2021- 7- 8  4:01     - 54 59  161 32  10.44 0.02  0.0    4 11.2  5.1      4530
  SEQ ---DATE--- TIME REMARK -LAT-  --LON-  DEPTH  RMS PMAG  NUM  ERH  ERZ  ID
 4531 2021- 7- 8  4:01     - 55  6  161 29   7.80 0.13  0.0    5  3.5 15.7      4531
 4532 2021- 7- 8  5:11       55 48  162 45  12.58 0.00  0.0    4  3.1  3.1      4532
 4533 2021- 7- 8  5:16     - 54 50  161 20  13.08 0.05  0.0    5  8.6 10.4      4533
 4534 2021- 7- 8  5:16     - 54 43  160 49  33.12 0.34  0.0    8 22.0 31.2      4534
 4535 2021- 7- 8  5:22     - 55 40  161 46  43.65 0.05  0.0    5  7.9  8.7      4535
 *** DISTANCE & RESIDUAL WEIGHTING CANCELLED FOR EVENT: 2021  7  8  5 23
 4536 2021- 7- 8  5:22     # 54 59  161 41  15.00 2.76  0.0    4 72.3 67.7      4536
 *** DISTANCE & RESIDUAL WEIGHTING CANCELLED FOR EVENT: 2021  7  8  7 45
 4537 2021- 7- 8  7:45     # 55 25  162 16  15.00 1.00  0.0    5 19.0 44.3      4537
 4538 2021- 7- 8  9:46     - 54 58  161 23  25.44 0.24  0.0   10 17.3  6.2      4538
 4539 2021- 7- 8  9:46     - 54 46  161  8  40.56 0.20  0.0    7 14.9  8.4      4539
 4540 2021- 7- 8 12:11       54 28  163  8   7.46 0.15  0.0    7  4.9  6.8      4540
 4541 2021- 7- 8 12:13     - 55  3  161 57   7.37 1.34  0.0    5 93.9 93.9      4541
 4542 2021- 7- 8 14:50     - 54 18  160 47  14.91 0.14  0.0    7  8.1 15.1      4542
 4543 2021- 7- 8 15:10     - 54 22  161 39  14.95 0.11  0.0    5  6.8 13.8      4543
 4544 2021- 7- 8 15:59     - 55 19  161 59  14.94 0.10  0.0    4  1.4 14.6      4544
 4545 2021- 7- 8 16:09       54 37  161 25  14.12 0.07  0.0    6  6.6  2.0      4545
  SEQ ---DATE--- TIME REMARK -LAT-  --LON-  DEPTH  RMS PMAG  NUM  ERH  ERZ  ID
 4546 2021- 7- 8 16:47       54 42  160 21  18.21 0.16  0.0   17  1.3  1.9      4546
 4547 2021- 7- 8 17:36     - 54 31  163 17  15.13 0.09  0.0    6  6.5 13.1      4547
 4548 2021- 7- 8 20:43     - 55 28  161 11  41.60 0.23  0.0    5 18.1  9.3      4548
 4549 2021- 7- 8 21:55     - 55 17  162  8   7.11 0.14  0.0    5  3.5 14.3      4549
 4550 2021- 7- 8 22:29       54 46  163  1  11.98 0.11  0.0    8  3.3 10.2      4550
 4551 2021- 7- 8 22:50     - 54 38  161 17  16.99 0.15  0.0    8  6.8 13.4      4551
 4552 2021- 7- 8 22:56     - 55 14  161 46  39.75 0.07  0.0    6  5.6  8.0      4552
 4553 2021- 7- 9  0:29     - 54 43  160 22  14.41 0.18  0.0   17  7.9 16.0      4553
 4554 2021- 7- 9  0:32     - 55 13  162  6  22.18 0.13  0.0    4  3.3 12.4      4554
 *** DISTANCE & RESIDUAL WEIGHTING CANCELLED FOR EVENT: 2021  7  9  2  2
 4555 2021- 7- 9  2:02     - 55 47  162 12  15.31 0.60  0.0    5 15.5 43.2      4555
 *** DISTANCE & RESIDUAL WEIGHTING CANCELLED FOR EVENT: 2021  7  9  3 56
 4556 2021- 7- 9  3:56     - 55 17  162 24  15.03 0.32  0.0    4 13.3 19.4      4556
 *** DISTANCE & RESIDUAL WEIGHTING CANCELLED FOR EVENT: 2021  7  9  4 23
 4557 2021- 7- 9  4:23     - 55 28  161 26  14.98 0.39  0.0    4 31.3 12.6      4557
 *** DISTANCE & RESIDUAL WEIGHTING CANCELLED FOR EVENT: 2021  7  9  4 34
 4558 2021- 7- 9  4:34     - 55 36  161 46  14.99 0.52  0.0    4 32.4 30.3      4558
 4559 2021- 7- 9  4:43     - 55 33  161 18  15.07 0.28  0.0    4 25.4 23.0      4559
 *** DISTANCE & RESIDUAL WEIGHTING CANCELLED FOR EVENT: 2021  7  9  5 46
 4560 2021- 7- 9  5:46     - 55 21  161 44  13.86 0.41  0.0    4 21.5 25.5      4560
  SEQ ---DATE--- TIME REMARK -LAT-  --LON-  DEPTH  RMS PMAG  NUM  ERH  ERZ  ID
 4561 2021- 7- 9  8:19     - 55  8  161 35   8.14 0.23  0.0    4 22.3 19.3      4561
 *** DISTANCE & RESIDUAL WEIGHTING CANCELLED FOR EVENT: 2021  7  9  8 59
 4562 2021- 7- 9  8:59     - 55 20  162 17  13.02 1.25  0.0    4 31.5 79.4      4562
 4563 2021- 7- 9  9:00     - 54 45  161  6  16.79 0.13  0.0    8 14.0 16.7      4563
 *** DISTANCE & RESIDUAL WEIGHTING CANCELLED FOR EVENT: 2021  7  9  9  4
 4564 2021- 7- 9  9:04     - 55  3  162  6  16.99 1.22  0.0    4 99.0 32.3      4564
 4565 2021- 7- 9  9:13     - 55  2  161 43  15.81 0.18  0.0    4 15.4  9.0      4565
 *** DISTANCE & RESIDUAL WEIGHTING CANCELLED FOR EVENT: 2021  7  9  9 13
 4566 2021- 7- 9  9:13     - 54 54  161 31  14.95 0.34  0.0    4 27.7 14.3      4566
 4567 2021- 7- 9  9:19     - 54 52  161 19  17.58 0.16  0.0    8 11.5 13.1      4567
 *** DISTANCE & RESIDUAL WEIGHTING CANCELLED FOR EVENT: 2021  7  9  9 20
 4568 2021- 7- 9  9:19     - 55 13  161 41  13.53 0.52  0.0    4 26.0 21.3      4568
 4569 2021- 7- 9  9:20     - 55 18  161 35   5.09 0.06  0.0    4 11.0  1.9      4569
 4570 2021- 7- 9 12:38     - 55  5  162 10  14.38 0.91  0.0    4 74.6 59.0      4570
 4571 2021- 7- 9 12:55     - 55 17  161 46  12.63 0.20  0.0    4 16.1 12.7      4571
 4572 2021- 7- 9 13:43       55 12  162 13  15.42 0.72  0.0   10  5.0 15.3      4572
 *** DISTANCE & RESIDUAL WEIGHTING CANCELLED FOR EVENT: 2021  7  9 14 48
 4573 2021- 7- 9 14:48     - 55 48  161  1  15.00 0.70  0.0    4 47.3 35.1      4573
 4574 2021- 7- 9 15:03     - 54 50  161 30   9.43 0.13  0.0    4 14.2 16.0      4574
 4575 2021- 7- 9 15:03       54 57  161 32  20.13 0.15  0.0    6  9.4  2.4      4575
  SEQ ---DATE--- TIME REMARK -LAT-  --LON-  DEPTH  RMS PMAG  NUM  ERH  ERZ  ID
 4576 2021- 7- 9 15:53     - 54 18  161 28  15.67 0.48  0.0    5 18.7 37.2      4576
 4577 2021- 7- 9 16:22     - 55 40  162 49  17.40 0.35  0.0    5  3.9 32.0      4577
 *** DISTANCE & RESIDUAL WEIGHTING CANCELLED FOR EVENT: 2021  7  9 18 20
 4578 2021- 7- 9 18:20     - 54 53  162 47  26.83 0.87  0.0    4 73.9 62.6      4578
 4579 2021- 7- 9 19:13     - 54 33  163 21  14.98 0.02  0.0    5  5.6 11.3      4579
 *** DISTANCE & RESIDUAL WEIGHTING CANCELLED FOR EVENT: 2021  7  9 19 17
 4580 2021- 7- 9 19:16     # 54 46  162 60  15.01 0.67  0.0    4 26.1 11.0      4580
 *** DISTANCE & RESIDUAL WEIGHTING CANCELLED FOR EVENT: 2021  7 10  0  0
 4581 2021- 7- 9 23:59     # 55 19  162 13  15.00 0.87  0.0    4 10.7 42.9      4581
 4582 2021- 7-10  0:05     - 56 10  161 11   6.60 0.51  0.0    4 32.3 29.3      4582
 *** DISTANCE & RESIDUAL WEIGHTING CANCELLED FOR EVENT: 2021  7 10  0  6
 4583 2021- 7-10  0:05     # 55 12  161 54  14.57 0.50  0.0    5  3.9  6.6      4583
 *** DISTANCE & RESIDUAL WEIGHTING CANCELLED FOR EVENT: 2021  7 10  0 55
 4584 2021- 7-10  0:55     - 55 15  162 37  15.05 0.79  0.0    4 33.7 60.1      4584
 *** DISTANCE & RESIDUAL WEIGHTING CANCELLED FOR EVENT: 2021  7 10  1  3
 4585 2021- 7-10  1:03     # 55 26  161 50   6.00 0.67  0.0    4 28.1 26.5      4585
 4586 2021- 7-10  2:31     - 55 12  161 50   6.51 0.22  0.0    4  1.6 22.3      4586
 *** DISTANCE & RESIDUAL WEIGHTING CANCELLED FOR EVENT: 2021  7 10  5 21
 4587 2021- 7-10  5:21     - 54 24  162 30  15.00 0.49  0.0    4 42.7  4.7      4587
 4588 2021- 7-10  7:05       55 23  161 59  17.34 0.09  0.0    5  3.7  1.6      4588
 4589 2021- 7-10  7:19     - 55 14  161 37   7.01 0.03  0.0    4 12.7 10.3      4589
 4590 2021- 7-10  9:46     - 55  4  161 23  34.88 0.06  0.0    4 13.1  3.1      4590
  SEQ ---DATE--- TIME REMARK -LAT-  --LON-  DEPTH  RMS PMAG  NUM  ERH  ERZ  ID
 4591 2021- 7-10 11:03       55 27  161 53  29.38 0.11  0.0   15  1.0  0.6      4591
 4592 2021- 7-10 11:05     - 55 42  161 39  11.49 0.13  0.0    5  3.0 13.0      4592
 4593 2021- 7-10 13:23       55 40  161 30  13.46 0.00  0.0    4  1.2  2.4      4593
 *** DISTANCE & RESIDUAL WEIGHTING CANCELLED FOR EVENT: 2021  7 10 14 11
 4594 2021- 7-10 14:11     - 55 41  163 10  14.96 0.42  0.0    4 15.1 33.9      4594
 4595 2021- 7-10 14:11     - 54 45  162 21  11.81 0.12  0.0    4 15.2  7.1      4595
 4596 2021- 7-10 14:34       55 17  161 43  17.38 0.06  0.0    6  2.4  1.2      4596
 4597 2021- 7-10 15:59     - 55 19  162  5  15.00 0.11  0.0    5  1.6 11.6      4597
 4598 2021- 7-10 19:05     - 55 30  161 30  12.76 0.50  0.0    5  7.1 34.2      4598
 4599 2021- 7-10 20:31     - 55 26  161 56  32.90 0.03  0.0    4 12.8  1.3      4599
 4600 2021- 7-10 22:58     - 54 41  161  5  20.57 0.36  0.0   11  2.7 28.2      4600
 *** DISTANCE & RESIDUAL WEIGHTING CANCELLED FOR EVENT: 2021  7 10 23 13
 4601 2021- 7-10 23:13     - 55 19  161 43  15.05 0.49  0.0    4 42.9  3.8      4601
 4602 2021- 7-11  0:21     - 54 40  162 26   8.68 0.10  0.0    4 14.6 12.9      4602
 4603 2021- 7-11  0:36     - 54 45  162 39   6.31 0.15  0.0    7 16.3 17.5      4603
 4604 2021- 7-11  0:36     - 54 41  162 37  11.97 0.41  0.0    6 32.4  4.7      4604
 4605 2021- 7-11  1:25     - 55 29  161 24  46.51 0.12  0.0    9 11.3  7.8      4605
  SEQ ---DATE--- TIME REMARK -LAT-  --LON-  DEPTH  RMS PMAG  NUM  ERH  ERZ  ID
 4606 2021- 7-11  1:59       55 23  161 54  15.94 0.30  0.0    7  2.8  3.0      4606
 *** DISTANCE & RESIDUAL WEIGHTING CANCELLED FOR EVENT: 2021  7 11  5 25
 4607 2021- 7-11  5:25     - 55  4  162  8  14.50 0.36  0.0    4 32.4 22.6      4607
 *** DISTANCE & RESIDUAL WEIGHTING CANCELLED FOR EVENT: 2021  7 11  7 57
 4608 2021- 7-11  7:57     - 55 14  162 23  14.68 0.37  0.0    4  9.1 30.6      4608
 *** DISTANCE & RESIDUAL WEIGHTING CANCELLED FOR EVENT: 2021  7 11  8  0
 4609 2021- 7-11  7:59     - 55 23  162 45  15.40 0.80  0.0    4 17.7 61.6      4609
 *** DISTANCE & RESIDUAL WEIGHTING CANCELLED FOR EVENT: 2021  7 11  9 17
 4610 2021- 7-11  9:17     - 55 33  161 40   7.59 0.60  0.0    5 34.0 31.7      4610
 4611 2021- 7-11 10:56     - 55 17  160 26  37.29 0.12  0.0    9  5.6 14.7      4611
 *** DISTANCE & RESIDUAL WEIGHTING CANCELLED FOR EVENT: 2021  7 11 10 56
 4612 2021- 7-11 10:56     # 55 24  161 31  19.72 0.80  0.0    5 10.9 24.1      4612
 4613 2021- 7-11 10:57       55 14  161 33  37.96 0.00  0.0    4  3.7  2.4      4613
 4614 2021- 7-11 11:28     - 55 13  161 42   7.14 0.04  0.0    4  5.7 11.1      4614
 4615 2021- 7-11 17:06       54 53  162 59  15.00 0.49  0.0   10  8.1  2.6      4615
 4616 2021- 7-11 17:33     - 54 53  162 32  11.63 0.01  0.0    4 12.5  1.6      4616
 4617 2021- 7-11 18:02     - 54 46  162 43  13.74 0.13  0.0    7 14.0  4.6      4617
 4618 2021- 7-11 18:02     - 54 54  162 30  10.34 0.16  0.0    4 16.2  5.2      4618
 4619 2021- 7-11 18:26     - 55  0  161 37  39.49 0.12  0.0    5 14.3  6.5      4619
 4620 2021- 7-11 18:26     - 54 56  161 26  21.14 0.08  0.0    4 13.1  3.6      4620
  SEQ ---DATE--- TIME REMARK -LAT-  --LON-  DEPTH  RMS PMAG  NUM  ERH  ERZ  ID
 4621 2021- 7-11 20:06     - 54 32  163 20  14.95 0.05  0.0    5  6.6 11.9      4621
 4622 2021- 7-11 20:18     - 54 34  161 45  18.05 0.32  0.0    8  2.9 28.7      4622
 4623 2021- 7-11 20:25     - 55 51  161 19  13.63 0.13  0.0    5 11.3 15.6      4623
 *** DISTANCE & RESIDUAL WEIGHTING CANCELLED FOR EVENT: 2021  7 11 20 26
 4624 2021- 7-11 20:26     # 55 13  161 44  15.00 1.01  0.0    4 28.5 42.7      4624
 *** DISTANCE & RESIDUAL WEIGHTING CANCELLED FOR EVENT: 2021  7 11 20 29
 4625 2021- 7-11 20:29     - 55  9  161 35  30.29 0.26  0.0    4 17.7  9.1      4625
 *** DISTANCE & RESIDUAL WEIGHTING CANCELLED FOR EVENT: 2021  7 11 20 45
 4626 2021- 7-11 20:45     # 55  9  161 39  15.00 0.96  0.0    5 27.2 38.7      4626
 4627 2021- 7-11 23:03     - 54 39  162  5   9.54 0.16  0.0   10  1.7 16.4      4627
 *** DISTANCE & RESIDUAL WEIGHTING CANCELLED FOR EVENT: 2021  7 11 23 28
 4628 2021- 7-11 23:28     # 55 23  161 45  15.00 1.01  0.0    4 25.4 38.4      4628
 4629 2021- 7-11 23:32     - 55 10  161 46   8.80 0.03  0.0    4  5.6  9.7      4629
 4630 2021- 7-11 23:59     - 54 47  161  9  15.00 0.28  0.0    4 20.9 26.2      4630
 4631 2021- 7-12  0:29     - 55  9  161 49  14.65 0.08  0.0    4  9.1  7.3      4631
 *** DISTANCE & RESIDUAL WEIGHTING CANCELLED FOR EVENT: 2021  7 12  0 29
 4632 2021- 7-12  0:29     - 55  1  161 34  24.55 0.17  0.0    4 17.4  4.7      4632
 4633 2021- 7-12  3:39       54 29  160 41  15.27 0.11  0.0   12  2.6  3.8      4633
 4634 2021- 7-12  3:39     - 54 38  161  0  34.54 0.52  0.0    8 34.3 37.8      4634
 *** DISTANCE & RESIDUAL WEIGHTING CANCELLED FOR EVENT: 2021  7 12  4 50
 4635 2021- 7-12  4:50     - 55 26  161 58  14.99 0.50  0.0    4 14.0 40.4      4635
  SEQ ---DATE--- TIME REMARK -LAT-  --LON-  DEPTH  RMS PMAG  NUM  ERH  ERZ  ID
 4636 2021- 7-12  4:59     - 55 26  161 55  15.02 0.10  0.0    4  3.3 12.7      4636
 4637 2021- 7-12  5:01     - 55 33  161 25  15.55 0.06  0.0    4  5.2  9.0      4637
 4638 2021- 7-12  7:26     - 55 46  161 14  14.96 0.05  0.0    4  3.3 12.3      4638
 4639 2021- 7-12  7:31     - 55  1  162 25  59.78 0.06  0.0    4 13.3  2.0      4639
 *** DISTANCE & RESIDUAL WEIGHTING CANCELLED FOR EVENT: 2021  7 12  7 42
 4640 2021- 7-12  7:42     - 55 18  162 14  14.92 1.25  0.0    4 88.7 40.0      4640
 4641 2021- 7-12  8:31       54 39  161 55  33.59 0.03  0.0    7  1.2  4.0      4641
 *** DISTANCE & RESIDUAL WEIGHTING CANCELLED FOR EVENT: 2021  7 12  8 42
 4642 2021- 7-12  8:42     - 55 10  161 52  15.08 0.43  0.0    4 34.1 14.1      4642
 *** DISTANCE & RESIDUAL WEIGHTING CANCELLED FOR EVENT: 2021  7 12  9  2
 4643 2021- 7-12  9:02     # 54 58  162 34  15.00 1.27  0.0    4 56.0 14.9      4643
 4644 2021- 7-12 10:41     - 54 43  161 15  30.92 0.11  0.0    9 12.9  1.4      4644
 4645 2021- 7-12 10:41       55  8  161 15  15.50 0.01  0.0    4  5.6  0.9      4645
 *** DISTANCE & RESIDUAL WEIGHTING CANCELLED FOR EVENT: 2021  7 12 12 10
 4646 2021- 7-12 12:10     - 54 44  162 10  15.00 0.88  0.0    4 72.4 15.1      4646
 *** DISTANCE & RESIDUAL WEIGHTING CANCELLED FOR EVENT: 2021  7 12 12 15
 4647 2021- 7-12 12:15     - 55 10  161  6  15.00 0.61  0.0    4 40.9 30.1      4647
 *** DISTANCE & RESIDUAL WEIGHTING CANCELLED FOR EVENT: 2021  7 12 12 26
 4648 2021- 7-12 12:26     - 55 17  161  4  15.00 0.29  0.0    4 20.3 24.2      4648
 4649 2021- 7-12 12:33     - 54 38  160 55  48.44 0.10  0.0    6  6.8 12.7      4649
 *** DISTANCE & RESIDUAL WEIGHTING CANCELLED FOR EVENT: 2021  7 12 13 35
 4650 2021- 7-12 13:35     - 54 38  161 50  15.00 0.49  0.0    4 41.6  8.8      4650
 *** DISTANCE & RESIDUAL WEIGHTING CANCELLED FOR EVENT: 2021  7 12 13 35
  SEQ ---DATE--- TIME REMARK -LAT-  --LON-  DEPTH  RMS PMAG  NUM  ERH  ERZ  ID
 4651 2021- 7-12 13:35     # 55 11  162  9  15.08 0.89  0.0    6  7.0 11.7      4651
 4652 2021- 7-12 14:53     - 54 33  161  5  14.64 0.11  0.0    5  7.0 13.9      4652
 4653 2021- 7-12 14:54     - 55 20  161 22  13.02 0.07  0.0    6  6.3 12.4      4653
 4654 2021- 7-12 14:54     - 56  4  162  2  14.55 0.11  0.0    7 11.8  8.2      4654
 4655 2021- 7-12 15:05     - 54 32  161 47  17.44 0.13  0.0    6  1.5 16.3      4655
 4656 2021- 7-12 16:06     - 54 56  162 48   9.24 0.08  0.0    6  3.0 11.0      4656
 4657 2021- 7-12 16:08       55  3  163  7  14.29 0.16  0.0    5  2.9  1.6      4657
 *** DISTANCE & RESIDUAL WEIGHTING CANCELLED FOR EVENT: 2021  7 12 18 53
 4658 2021- 7-12 18:53     - 55 25  161 58  22.19 0.15  0.0    4 17.6  4.4      4658
 *** DISTANCE & RESIDUAL WEIGHTING CANCELLED FOR EVENT: 2021  7 12 19  0
 4659 2021- 7-12 19:00     # 55 42  161 45  34.48 0.47  0.0    5 20.6  9.6      4659
 *** DISTANCE & RESIDUAL WEIGHTING CANCELLED FOR EVENT: 2021  7 12 20 38
 4660 2021- 7-12 20:38     - 55  8  161 56  15.00 2.86  0.0    4 98.3 42.7      4660
 4661 2021- 7-12 21:46     - 54 27  162 20  16.24 0.07  0.0    6  6.2 12.3      4661
 4662 2021- 7-12 21:46     - 55  0  162 17  10.27 0.05  0.0    4  4.9  9.3      4662
 4663 2021- 7-12 21:46     - 55  1  162 33  28.56 0.13  0.0    4 10.6 10.0      4663
 4664 2021- 7-12 22:14     - 55 35  161 37   8.77 0.16  0.0    4  3.9 14.2      4664
 4665 2021- 7-12 23:37     - 54 40  163  8  13.77 0.02  0.0    4 10.0  7.5      4665
  SEQ ---DATE--- TIME REMARK -LAT-  --LON-  DEPTH  RMS PMAG  NUM  ERH  ERZ  ID
 4666 2021- 7-12 23:37     - 55 10  161 54  56.67 0.15  0.0    6  4.2 13.1      4666
 4667 2021- 7-13  0:39     - 55 10  162 15  59.62 0.16  0.0    5  5.4 14.0      4667
 4668 2021- 7-13  1:08     - 54 44  162 38   7.60 0.05  0.0    6  3.4 11.3      4668
 4669 2021- 7-13  1:13     - 54 38  161 58  15.33 0.05  0.0    6  9.5  3.9      4669
 *** DISTANCE & RESIDUAL WEIGHTING CANCELLED FOR EVENT: 2021  7 13  1 14
 4670 2021- 7-13  1:14     - 54 35  162 24  15.00 0.59  0.0    5 46.2 48.2      4670
 4671 2021- 7-13  2:12       54 56  162 38  33.88 0.07  0.0    8  2.1  1.0      4671
 4672 2021- 7-13  2:33     - 55  0  162 21  13.37 0.13  0.0    4  8.4 10.6      4672
 4673 2021- 7-13  4:09       55 22  161 50  14.84 0.07  0.0    5  3.5  3.6      4673
 4674 2021- 7-13  4:23     - 55 41  161 28   8.40 0.14  0.0    7  2.0 14.9      4674
 4675 2021- 7-13  4:30       55 23  161 52  12.13 0.00  0.0    4  4.5  4.7      4675
 4676 2021- 7-13  4:47     - 54 51  163  9  14.91 0.13  0.0    5 12.1  8.7      4676
 4677 2021- 7-13  4:52       54 29  160 42  15.31 0.09  0.0   10  2.0  3.7      4677
 *** DISTANCE & RESIDUAL WEIGHTING CANCELLED FOR EVENT: 2021  7 13  5 29
 4678 2021- 7-13  5:29     - 55 24  162  8  15.00 1.74  0.0    4 98.8 75.6      4678
 *** DISTANCE & RESIDUAL WEIGHTING CANCELLED FOR EVENT: 2021  7 13  6  3
 4679 2021- 7-13  6:03     - 54 55  162 53  14.97 0.38  0.0    5 27.9 18.6      4679
 4680 2021- 7-13  6:03     # 54 27  161 22  42.53 0.61  0.0   11 10.8 33.0      4680
  SEQ ---DATE--- TIME REMARK -LAT-  --LON-  DEPTH  RMS PMAG  NUM  ERH  ERZ  ID
 4681 2021- 7-13  6:03       55 15  161 59   5.84 0.00  0.0    4  4.8  2.2      4681
 4682 2021- 7-13  6:47     - 54 39  163 27  14.75 0.09  0.0    6  6.5 13.2      4682
 *** DISTANCE & RESIDUAL WEIGHTING CANCELLED FOR EVENT: 2021  7 13  7 11
 4683 2021- 7-13  7:11     # 55 30  162 55  15.01 1.15  0.0    4 21.5 13.0      4683
 4684 2021- 7-13  7:20       55 23  161 54  15.52 0.00  0.0    4  3.5  3.1      4684
 4685 2021- 7-13  7:48     - 54 50  162 50  42.08 0.08  0.0   10 10.5  4.9      4685
 4686 2021- 7-13  7:48     - 54 54  162 35  26.24 0.09  0.0    6 10.5  7.4      4686
 4687 2021- 7-13  7:59     - 55  5  161 49  94.43 0.16  0.0    4 12.7 17.4      4687
 *** DISTANCE & RESIDUAL WEIGHTING CANCELLED FOR EVENT: 2021  7 13 10 12
 4688 2021- 7-13 10:12     - 55 20  161 37  13.68 0.26  0.0    4 20.0 13.9      4688
 *** DISTANCE & RESIDUAL WEIGHTING CANCELLED FOR EVENT: 2021  7 13 10 23
 4689 2021- 7-13 10:23     - 55 15  162  4  13.22 0.22  0.0    4 18.9 10.5      4689
 *** DISTANCE & RESIDUAL WEIGHTING CANCELLED FOR EVENT: 2021  7 13 10 29
 4690 2021- 7-13 10:29     - 55 23  161 19  15.06 0.25  0.0    4 20.2 16.8      4690
 4691 2021- 7-13 10:33     - 55 27  161 14   9.73 0.16  0.0    4 17.8 15.0      4691
 *** DISTANCE & RESIDUAL WEIGHTING CANCELLED FOR EVENT: 2021  7 13 10 40
 4692 2021- 7-13 10:40     - 55 15  163  1  14.94 0.50  0.0    4 42.2  8.8      4692
 4693 2021- 7-13 10:50       55 30  161 59  14.53 0.01  0.0    4  2.1  1.9      4693
 *** DISTANCE & RESIDUAL WEIGHTING CANCELLED FOR EVENT: 2021  7 13 10 53
 4694 2021- 7-13 10:52     - 55 18  161  2  15.01 0.43  0.0    4 37.3 32.6      4694
 *** DISTANCE & RESIDUAL WEIGHTING CANCELLED FOR EVENT: 2021  7 13 11  0
 4695 2021- 7-13 11:00     - 55 23  161 29  15.00 0.51  0.0    4 40.0 16.9      4695
 *** DISTANCE & RESIDUAL WEIGHTING CANCELLED FOR EVENT: 2021  7 13 11 32
  SEQ ---DATE--- TIME REMARK -LAT-  --LON-  DEPTH  RMS PMAG  NUM  ERH  ERZ  ID
 4696 2021- 7-13 11:32     - 55 13  162  3   7.68 0.50  0.0    4 43.1 37.6      4696
 4697 2021- 7-13 12:09     - 55 13  161 42  13.01 0.02  0.0    4  9.4  8.3      4697
 4698 2021- 7-13 12:09       55  6  161 34  32.69 0.00  0.0    4  5.9  2.1      4698
 4699 2021- 7-13 12:18     - 55 23  161 25  13.46 0.38  0.0    5 11.3 28.6      4699
 *** DISTANCE & RESIDUAL WEIGHTING CANCELLED FOR EVENT: 2021  7 13 12 41
 4700 2021- 7-13 12:41     - 55 20  161 30   6.99 1.13  0.0    4 88.2 79.0      4700
 *** DISTANCE & RESIDUAL WEIGHTING CANCELLED FOR EVENT: 2021  7 13 12 58
 4701 2021- 7-13 12:57     - 55 48  160 41  15.00 0.27  0.0    6 23.0 25.4      4701
 4702 2021- 7-13 13:04     - 54 30  162  8  14.72 0.01  0.0    5  9.9  7.5      4702
 4703 2021- 7-13 13:05     - 55 15  161 31   7.47 0.04  0.0    4  3.8 11.9      4703
 4704 2021- 7-13 13:25     - 55 39  162  8   8.99 0.22  0.0    4 21.4 15.8      4704
 *** DISTANCE & RESIDUAL WEIGHTING CANCELLED FOR EVENT: 2021  7 13 14 32
 4705 2021- 7-13 14:32     - 55  8  162  6  15.00 0.61  0.0    4 51.6 27.9      4705
 4706 2021- 7-13 14:46     - 54 37  161 21  19.42 0.25  0.0    9  1.9 21.4      4706
 4707 2021- 7-13 15:25       55 16  161 60  17.00 0.15  0.0    6  5.4  1.3      4707
 4708 2021- 7-13 16:05       54 31  162 16  72.17 0.19  0.0   10  9.2  3.9      4708
 4709 2021- 7-13 16:41     - 54 37  160 49  15.00 0.22  0.0   10 19.1 22.1      4709
 4710 2021- 7-13 16:41     - 54 36  160 53  34.72 0.31  0.0   10 20.1 26.8      4710
 *** DISTANCE & RESIDUAL WEIGHTING CANCELLED FOR EVENT: 2021  7 13 17 23
  SEQ ---DATE--- TIME REMARK -LAT-  --LON-  DEPTH  RMS PMAG  NUM  ERH  ERZ  ID
 4711 2021- 7-13 17:23     # 55 11  161 49  15.00 0.43  0.0    4 18.8  7.3      4711
 4712 2021- 7-13 18:27       55 26  161 55  19.63 0.07  0.0    6  2.1  1.7      4712
 4713 2021- 7-13 18:33     - 54 55  162 47  15.18 0.01  0.0    4 10.1  6.9      4713
 4714 2021- 7-13 18:33     - 54 59  161 31  15.01 0.09  0.0    5 12.7 13.9      4714
 4715 2021- 7-13 18:33     # 55  6  162 10  10.80 1.32  0.0    6 31.5 29.3      4715
 4716 2021- 7-13 18:35       55 20  161 50  17.09 0.05  0.0    5  2.7  1.1      4716
 4717 2021- 7-13 20:12     - 54 52  163 29  42.11 0.54  0.0    7 18.3 35.8      4717
 *** DISTANCE & RESIDUAL WEIGHTING CANCELLED FOR EVENT: 2021  7 13 20 31
 4718 2021- 7-13 20:31     - 54 56  162 13  14.99 0.48  0.0    5 37.0 10.7      4718
 4719 2021- 7-13 20:31       54 45  162 30  14.90 0.01  0.0    4  8.3  0.8      4719
 4720 2021- 7-13 21:36     - 54 27  162 42  17.46 0.36  0.0    7  5.8 32.7      4720
 4721 2021- 7-13 22:16     - 54 18  161 30  13.86 0.19  0.0    7  8.4 18.2      4721
 4722 2021- 7-13 22:16     - 54 50  163  6  14.47 0.00  0.0    4 10.0  7.3      4722
 4723 2021- 7-13 23:59     - 55 27  162 26  14.87 0.06  0.0    4  6.1 12.1      4723
 4724 2021- 7-14  0:45     - 55 28  161 13  14.92 0.19  0.0    4 19.4 14.8      4724
 4725 2021- 7-14  0:53       54 26  160 51   6.89 0.18  0.0    9  3.0  1.4      4725
  SEQ ---DATE--- TIME REMARK -LAT-  --LON-  DEPTH  RMS PMAG  NUM  ERH  ERZ  ID
 4726 2021- 7-14  1:47     - 54 42  160 58  15.00 0.22  0.0    6 20.9 22.1      4726
 4727 2021- 7-14  1:48     - 55  5  161 47  27.83 0.07  0.0    4 11.1  5.5      4727
 4728 2021- 7-14  3:00     - 54 58  161 18  17.42 0.23  0.0    7 17.4 16.5      4728
 4729 2021- 7-14  3:00     - 54 45  161 12  34.49 0.18  0.0    5 12.7 14.4      4729
 4730 2021- 7-14  4:21       54 24  160 51  14.13 0.20  0.0   12  3.8  5.4      4730
 4731 2021- 7-14  4:21     - 54 57  161  1  15.03 0.25  0.0    6 22.1 23.3      4731
 4732 2021- 7-14  4:25     - 54 18  160 50  14.91 0.10  0.0    6  6.7 13.3      4732
 4733 2021- 7-14  5:05     - 55 28  160 58  23.93 0.16  0.0    6  6.1 13.5      4733
 4734 2021- 7-14  6:35     - 54 57  162 15   1.86 0.07  0.0    5 11.0  2.2      4734
 *** DISTANCE & RESIDUAL WEIGHTING CANCELLED FOR EVENT: 2021  7 14  6 35
 4735 2021- 7-14  6:35     - 54 55  162 20  10.51 0.10  0.0    4 14.1  3.7      4735
 4736 2021- 7-14  8:18     - 54 25  161 40  14.95 0.13  0.0    7  7.4 14.6      4736
 4737 2021- 7-14  8:41     - 55 19  161 53  25.08 0.02  0.0    4 12.3  0.9      4737
 *** DISTANCE & RESIDUAL WEIGHTING CANCELLED FOR EVENT: 2021  7 14  8 46
 4738 2021- 7-14  8:46     # 54 59  162 12  15.00 5.19  0.0    5 94.6 29.3      4738
 4739 2021- 7-14 10:44     - 54 55  161 17  34.20 0.14  0.0    6 13.1  5.3      4739
 4740 2021- 7-14 12:30       54 59  163  7  14.04 0.13  0.0    8  2.3  1.3      4740
 *** DISTANCE & RESIDUAL WEIGHTING CANCELLED FOR EVENT: 2021  7 14 12 41
  SEQ ---DATE--- TIME REMARK -LAT-  --LON-  DEPTH  RMS PMAG  NUM  ERH  ERZ  ID
 4741 2021- 7-14 12:41     # 55 15  162 20  15.01 1.91  0.0    6 14.1 29.9      4741
 *** DISTANCE & RESIDUAL WEIGHTING CANCELLED FOR EVENT: 2021  7 14 12 50
 4742 2021- 7-14 12:50     - 55 38  162  3  22.98 2.16  0.0    4 99.0 28.5      4742
 4743 2021- 7-14 15:59     - 55 22  162 17  39.94 0.01  0.0    4  3.7  9.1      4743
 *** DISTANCE & RESIDUAL WEIGHTING CANCELLED FOR EVENT: 2021  7 14 16 19
 4744 2021- 7-14 16:19     - 55 19  162 12  15.87 0.37  0.0    4 28.9 24.7      4744
 4745 2021- 7-14 16:18       54 57  163  6  12.43 0.24  0.0   14  2.0  2.7      4745
 *** DISTANCE & RESIDUAL WEIGHTING CANCELLED FOR EVENT: 2021  7 14 16 25
 4746 2021- 7-14 16:25     - 55  5  162 31   1.35 0.44  0.0    4 36.8 28.7      4746
 4747 2021- 7-14 16:26       54 59  163  6  13.74 0.12  0.0    8  2.3  1.2      4747
 4748 2021- 7-14 16:36       54 56  161 33  27.35 0.15  0.0    9  2.3  3.4      4748
 4749 2021- 7-14 16:37       55  7  161 49  12.76 0.03  0.0    5  1.4  0.7      4749
 4750 2021- 7-14 16:41     - 54 34  161 39  17.04 0.20  0.0   16  1.4 20.7      4750
 4751 2021- 7-14 17:07       54 30  161  6  20.92 0.15  0.0   13  1.8  2.8      4751
 4752 2021- 7-14 17:26       54 60  163  7  13.38 0.10  0.0    7  2.8  1.1      4752
 4753 2021- 7-14 17:29     - 54 22  161 21  14.86 0.08  0.0    6  6.3 12.8      4753
 4754 2021- 7-14 17:31     - 54 45  160 49  15.00 0.21  0.0   11 17.2 21.3      4754
 4755 2021- 7-14 17:31     - 54 43  160 42  32.60 0.10  0.0    8 10.6 15.1      4755
  SEQ ---DATE--- TIME REMARK -LAT-  --LON-  DEPTH  RMS PMAG  NUM  ERH  ERZ  ID
 4756 2021- 7-14 18:07     - 55  5  163 22  17.18 0.95  0.0   12  6.0 80.0      4756
 4757 2021- 7-14 18:16     - 55 11  160 45  15.88 0.27  0.0   10 11.0 22.5      4757
 *** DISTANCE & RESIDUAL WEIGHTING CANCELLED FOR EVENT: 2021  7 14 18 16
 4758 2021- 7-14 18:16     # 55 19  161 35  50.72 1.72  0.0    6 45.5 13.6      4758
 4759 2021- 7-14 18:41       55 21  162  1  13.52 0.10  0.0    7  2.5  1.4      4759
 4760 2021- 7-14 18:44       54 43  162 27  10.69 0.11  0.0    7  6.6  9.4      4760
 4761 2021- 7-14 19:15     - 55 38  163  4  14.95 0.06  0.0    4  6.0 12.0      4761
 4762 2021- 7-15  0:53     - 55  5  161 42  20.38 0.07  0.0    5 11.1  4.7      4762
 4763 2021- 7-15  0:53     - 54 55  161 19  28.91 0.14  0.0    5 14.5  2.2      4763
 4764 2021- 7-15  1:02     - 55 13  160 45  50.20 0.22  0.0    9 18.4  7.7      4764
 4765 2021- 7-15  1:03     - 55 29  161 14  41.98 0.09  0.0    5 12.2  4.3      4765
 *** DISTANCE & RESIDUAL WEIGHTING CANCELLED FOR EVENT: 2021  7 15  1  3
 4766 2021- 7-15  1:03     - 55  9  161 41  13.33 0.22  0.0    4 16.7  7.0      4766
 4767 2021- 7-15  1:33     - 55 46  161 57  17.09 0.27  0.0    5  4.1 25.8      4767
 4768 2021- 7-15  2:59     - 54 55  161 17  31.40 0.18  0.0    9 15.5  1.3      4768
 *** DISTANCE & RESIDUAL WEIGHTING CANCELLED FOR EVENT: 2021  7 15  2 59
 4769 2021- 7-15  2:59     - 55 10  161  4  14.73 0.09  0.0    4 13.3  1.5      4769
 *** DISTANCE & RESIDUAL WEIGHTING CANCELLED FOR EVENT: 2021  7 15  3 29
 4770 2021- 7-15  3:29     # 55 45  160 46  15.00 0.56  0.0    5 30.2  9.0      4770
  SEQ ---DATE--- TIME REMARK -LAT-  --LON-  DEPTH  RMS PMAG  NUM  ERH  ERZ  ID
 4771 2021- 7-15  5:18     - 54 40  162 19  10.28 0.12  0.0    5 14.7 10.9      4771
 4772 2021- 7-15  5:18     - 54 38  162 30  12.46 0.07  0.0    5 12.8  4.5      4772
 4773 2021- 7-15  5:51     - 55  3  161 40  17.62 0.15  0.0    6 13.8  3.0      4773
 4774 2021- 7-15  5:52     - 54 52  161 14  13.70 0.04  0.0    4 12.2  2.6      4774
 4775 2021- 7-15  7:55     - 55 11  163 34  30.56 0.45  0.0   13 16.0 26.1      4775
 4776 2021- 7-15  7:59     - 55 21  162 12  41.81 0.07  0.0    5  3.7 11.8      4776
 4777 2021- 7-15 11:01     - 54 49  162 29  15.09 0.07  0.0    5 12.8  4.9      4777
 4778 2021- 7-15 11:11     - 55  2  161 46  16.60 0.18  0.0    4 15.8  7.6      4778
 4779 2021- 7-15 11:12     - 54 56  161 43  16.49 0.49  0.0    4 14.2 36.9      4779
 4780 2021- 7-15 13:01     - 54 36  161 34  19.22 0.02  0.0    4  4.3 12.6      4780
 *** DISTANCE & RESIDUAL WEIGHTING CANCELLED FOR EVENT: 2021  7 15 13  3
 4781 2021- 7-15 13:02     - 55 13  162 11  15.00 0.83  0.0    4 65.1 42.3      4781
 *** DISTANCE & RESIDUAL WEIGHTING CANCELLED FOR EVENT: 2021  7 15 13 27
 4782 2021- 7-15 13:27     - 55 23  162 21  13.03 0.26  0.0    4  9.9 20.1      4782
 4783 2021- 7-15 13:37       54 50  162 34  15.93 0.11  0.0    8  7.6  1.4      4783
 4784 2021- 7-15 13:38     - 54 51  162 60  15.00 0.14  0.0    5 15.2 15.7      4784
 *** DISTANCE & RESIDUAL WEIGHTING CANCELLED FOR EVENT: 2021  7 15 16  0
 4785 2021- 7-15 15:59     - 55 24  162  8  15.00 0.39  0.0    4  3.3 25.1      4785
  SEQ ---DATE--- TIME REMARK -LAT-  --LON-  DEPTH  RMS PMAG  NUM  ERH  ERZ  ID
 4786 2021- 7-15 17:35     - 54 45  160 49  15.00 0.19  0.0   11 16.4 20.2      4786
 4787 2021- 7-15 17:35     - 54 33  160 23  14.52 0.25  0.0    9 17.4 11.3      4787
 4788 2021- 7-15 17:51     - 54 58  161 28  27.10 0.10  0.0    4 14.0  4.9      4788
 4789 2021- 7-15 18:54     - 54 42  160 56  15.00 0.19  0.0   11 15.9 20.4      4789
 4790 2021- 7-15 18:54     - 54 42  160 59  31.93 0.26  0.0    9 18.4 24.6      4790
 4791 2021- 7-15 19:11     - 54 17  162 33  31.31 0.53  0.0    7 22.0 39.9      4791
 4792 2021- 7-15 20:02     # 55 21  162 47  80.79 0.82  0.0    7 27.4 17.4      4792
 4793 2021- 7-15 20:47     - 54 58  162 31  29.90 0.01  0.0    4  8.2  9.0      4793
 *** DISTANCE & RESIDUAL WEIGHTING CANCELLED FOR EVENT: 2021  7 15 20 55
 4794 2021- 7-15 20:55     - 55 20  162  6   2.47 0.62  0.0    4 47.8 40.0      4794
 4795 2021- 7-15 23:15     - 54 34  163 20  15.00 0.11  0.0    5  7.8 14.1      4795
 4796 2021- 7-15 23:59     - 55 16  162  7  47.92 0.16  0.0    5  3.9 13.2      4796
 4797 2021- 7-16  0:42     - 54 53  160 40  15.00 0.19  0.0   10 17.8 20.5      4797
 4798 2021- 7-16  0:42     - 55 57  162 27  14.77 0.13  0.0    6 12.9  8.8      4798
 4799 2021- 7-16  0:42     - 54 24  163 29  17.17 0.14  0.0    4 15.5  4.9      4799
 *** DISTANCE & RESIDUAL WEIGHTING CANCELLED FOR EVENT: 2021  7 16  0 46
 4800 2021- 7-16  0:46     - 55  2  162 39  44.77 0.04  0.0    4  6.6  6.4      4800
  SEQ ---DATE--- TIME REMARK -LAT-  --LON-  DEPTH  RMS PMAG  NUM  ERH  ERZ  ID
 4801 2021- 7-16  1:26     # 55  9  163 11  15.01 0.47  0.0   10 12.9 11.1      4801
 *** DISTANCE & RESIDUAL WEIGHTING CANCELLED FOR EVENT: 2021  7 16  1 29
 4802 2021- 7-16  1:29     - 55 26  161 44  12.44 0.61  0.0    4 51.9 11.4      4802
 4803 2021- 7-16  4:08     - 55  4  161 11  26.04 0.25  0.0    9 19.7  9.2      4803
 4804 2021- 7-16  4:08     - 54 58  160 43  41.52 0.22  0.0    8 16.5  7.9      4804
 *** DISTANCE & RESIDUAL WEIGHTING CANCELLED FOR EVENT: 2021  7 16  4 56
 4805 2021- 7-16  4:56     - 55  0  162 36  11.20 0.27  0.0    4 22.6 11.5      4805
 4806 2021- 7-16  5:00       55 11  162 33  14.79 0.34  0.0    4 20.2 11.6      4806
 4807 2021- 7-16  5:00     - 54 53  162 32  12.85 0.02  0.0    4 11.2  4.4      4807
 *** DISTANCE & RESIDUAL WEIGHTING CANCELLED FOR EVENT: 2021  7 16  5 28
 4808 2021- 7-16  5:27     - 55 41  162 12  15.00 1.88  0.0    4 56.7 81.1      4808
 4809 2021- 7-16  5:48     - 55 17  160 28  35.76 0.18  0.0    7 16.4 15.2      4809
 4810 2021- 7-16  5:49       55 17  161 36  19.68 0.09  0.0    7  1.8  1.4      4810
 4811 2021- 7-16  7:28     - 54 44  160 44  33.02 0.23  0.0   11 18.2 22.6      4811
 4812 2021- 7-16  7:28     - 54 44  160 45  15.01 0.18  0.0    6 15.0 19.3      4812
 4813 2021- 7-16  7:59     - 55 22  162 27  15.18 0.04  0.0    4  2.0 12.8      4813
 4814 2021- 7-16  9:46     - 54 45  160 50  30.96 0.25  0.0   11 20.8 24.5      4814
 4815 2021- 7-16  9:46     # 54 45  161  2  30.30 0.14  0.0   10 11.2  1.6      4815
  SEQ ---DATE--- TIME REMARK -LAT-  --LON-  DEPTH  RMS PMAG  NUM  ERH  ERZ  ID
 4816 2021- 7-16 11:24     - 55  2  162 14   0.56 0.14  0.0    4  1.0 13.5      4816
 4817 2021- 7-16 13:21     - 54 54  162 24  60.84 0.07  0.0    4 13.8  1.7      4817
 4818 2021- 7-16 14:27     - 54 48  160 40  15.71 0.24  0.0   12  9.8 20.3      4818
 4819 2021- 7-16 14:27     - 54 49  160 50  32.54 0.21  0.0    7 15.9 21.6      4819
 4820 2021- 7-16 15:59     - 55 30  162 53  15.04 0.09  0.0    5  6.6 14.6      4820
 4821 2021- 7-16 17:46     - 54 42  160 43  15.00 0.21  0.0   11 18.0 21.5      4821
 4822 2021- 7-16 17:46     - 54 34  160 23  15.00 0.25  0.0   10 17.0 11.3      4822
 4823 2021- 7-16 19:00     - 55  4  162 27  14.57 0.13  0.0    4  4.2 14.5      4823
 4824 2021- 7-16 19:08     - 54 33  162 27  29.97 0.07  0.0    5 13.7  5.3      4824
 4825 2021- 7-16 19:12       55  5  161  3  14.44 0.03  0.0    5  3.5  2.6      4825
 4826 2021- 7-16 19:14       55  2  161 34  17.34 0.07  0.0    6  1.6  3.9      4826
 4827 2021- 7-16 19:15     - 55 32  162 23   7.29 0.21  0.0    4  3.8 20.9      4827
 4828 2021- 7-16 20:03     - 55  2  160 58  14.99 0.26  0.0    5  9.5 19.2      4828
 4829 2021- 7-16 20:04       55 20  161 34  24.05 0.00  0.0    4  1.5  2.7      4829
 4830 2021- 7-16 23:53     - 55  9  161 18  17.12 0.08  0.0    5 13.7 10.9      4830
 *** DISTANCE & RESIDUAL WEIGHTING CANCELLED FOR EVENT: 2021  7 16 23 53
  SEQ ---DATE--- TIME REMARK -LAT-  --LON-  DEPTH  RMS PMAG  NUM  ERH  ERZ  ID
 4831 2021- 7-16 23:53     - 55 12  161 24  15.01 0.82  0.0    5 65.8 19.0      4831
 4832 2021- 7-16 23:59     - 55 19  162  5  51.57 0.12  0.0    6  3.5 13.8      4832
 4833 2021- 7-17  1:01     - 55 24  161 13   9.82 0.19  0.0    7  4.4 16.5      4833
 *** DISTANCE & RESIDUAL WEIGHTING CANCELLED FOR EVENT: 2021  7 17  1  2
 4834 2021- 7-17  1:02     # 55 28  162  8  14.99 0.73  0.0    4 12.3 15.2      4834
 *** DISTANCE & RESIDUAL WEIGHTING CANCELLED FOR EVENT: 2021  7 17  1 13
 4835 2021- 7-17  1:13     - 55 21  162  6  44.27 0.41  0.0    4  7.8 28.1      4835
 4836 2021- 7-17  1:15       54 43  160 22  13.89 0.16  0.0   18  1.6  2.5      4836
 4837 2021- 7-17  1:29     - 54 55  160 39  15.01 0.19  0.0    8 18.7 20.2      4837
 4838 2021- 7-17  1:29     - 55  2  161 16  40.89 0.18  0.0    7 14.8  2.3      4838
 *** DISTANCE & RESIDUAL WEIGHTING CANCELLED FOR EVENT: 2021  7 17  1 29
 4839 2021- 7-17  1:29     - 54 57  162 24  15.00 0.81  0.0    4 68.2 17.1      4839
 4840 2021- 7-17  1:58     - 55  1  160 59  38.24 0.18  0.0    9 14.4  7.6      4840
 4841 2021- 7-17  1:58     - 54 37  163 19  15.00 0.22  0.0    4 19.8 22.0      4841
 4842 2021- 7-17  2:40     - 55  9  161 47  27.15 0.07  0.0    4  8.9  9.5      4842
 4843 2021- 7-17  3:34     - 55  5  162 10  52.91 0.20  0.0    8  6.8 17.0      4843
 4844 2021- 7-17  4:54     - 54 48  160 47  15.00 0.24  0.0   10 18.6 23.5      4844
 4845 2021- 7-17  4:54     - 54 37  160 23  19.80 0.13  0.0    8 13.4  3.9      4845
  SEQ ---DATE--- TIME REMARK -LAT-  --LON-  DEPTH  RMS PMAG  NUM  ERH  ERZ  ID
 4846 2021- 7-17  5:21     - 54 43  160 45  15.00 0.19  0.0   11 16.8 20.2      4846
 4847 2021- 7-17  5:21     - 54 32  160 23  13.70 0.21  0.0    9 15.2 10.1      4847
 *** DISTANCE & RESIDUAL WEIGHTING CANCELLED FOR EVENT: 2021  7 17  5 23
 4848 2021- 7-17  5:23     - 55 37  161 20  15.02 0.35  0.0    4 29.9  7.6      4848
 4849 2021- 7-17  5:23     - 54 50  159 59  12.34 0.14  0.0    4 11.2 14.6      4849
 4850 2021- 7-17  6:51       55 32  161 50   7.59 0.14  0.0    7  1.3  4.1      4850
 4851 2021- 7-17  7:17     - 54 50  162 14  13.92 0.11  0.0    8 11.1 10.0      4851
 4852 2021- 7-17  7:17     - 54 40  162 22   6.40 0.32  0.0    6 24.6 29.3      4852
 4853 2021- 7-17  7:59     - 55  2  162  3  14.99 0.06  0.0    4  2.2 13.0      4853
 4854 2021- 7-17  8:17     - 55  7  161 40  22.43 0.03  0.0    4 12.2  2.2      4854
 4855 2021- 7-17  9:06     - 54 42  163 31  11.36 0.05  0.0    4  6.7 13.1      4855
 *** DISTANCE & RESIDUAL WEIGHTING CANCELLED FOR EVENT: 2021  7 17  9  7
 4856 2021- 7-17  9:07     # 55 20  162  4  15.00 0.50  0.0    4  7.1 28.6      4856
 4857 2021- 7-17 10:23     - 54 45  162 37   7.48 0.09  0.0    7  2.2 12.0      4857
 4858 2021- 7-17 12:14     - 54 49  160 47  15.00 0.24  0.0   10 20.4 23.4      4858
 4859 2021- 7-17 12:14     - 54 41  160 52  32.51 0.38  0.0    7 27.3 33.6      4859
 4860 2021- 7-17 15:42     - 54 17  162  2  14.82 0.37  0.0   17 14.6 29.2      4860
 *** DISTANCE & RESIDUAL WEIGHTING CANCELLED FOR EVENT: 2021  7 17 16  0
  SEQ ---DATE--- TIME REMARK -LAT-  --LON-  DEPTH  RMS PMAG  NUM  ERH  ERZ  ID
 4861 2021- 7-17 15:59     # 55 25  162 14  21.65 0.52  0.0    5  5.3 19.3      4861
 4862 2021- 7-17 18:07     - 54 15  162 32  16.19 0.28  0.0    4 26.3 23.6      4862
 4863 2021- 7-17 20:27     - 55 11  162 15   7.41 0.04  0.0    5 10.9  1.0      4863
 4864 2021- 7-17 20:29     - 54 32  161 10  36.12 0.20  0.0   12  4.0 19.4      4864
 4865 2021- 7-17 20:29     - 54 43  161 24  15.03 0.26  0.0    7 18.0 24.6      4865
 4866 2021- 7-17 21:08     - 55 14  161 41  47.09 0.26  0.0    6  9.5 18.1      4866
 *** DISTANCE & RESIDUAL WEIGHTING CANCELLED FOR EVENT: 2021  7 17 21 47
 4867 2021- 7-17 21:47     - 55 19  160 47  19.16 0.57  0.0    5 40.5 47.4      4867
 4868 2021- 7-17 22:26     - 54 37  160 54  15.00 0.20  0.0   10 17.7 20.9      4868
 4869 2021- 7-17 22:27     - 54 40  161 12  33.70 0.34  0.0    9 15.4 28.3      4869
 *** DISTANCE & RESIDUAL WEIGHTING CANCELLED FOR EVENT: 2021  7 18  0  0
 4870 2021- 7-17 23:59     - 55 15  162 30  15.00 0.56  0.0    4  8.7 37.4      4870
 4871 2021- 7-18  0:17     - 54 10  162 34  14.47 0.71  0.0    5 60.2 54.0      4871
 4872 2021- 7-18  0:47     - 54 42  161 32  21.65 0.15  0.0    5 12.6 17.4      4872
 *** DISTANCE & RESIDUAL WEIGHTING CANCELLED FOR EVENT: 2021  7 18  1  1
 4873 2021- 7-18  1:01     # 55 13  162 11  15.00 1.36  0.0    4 28.7 59.3      4873
 4874 2021- 7-18  1:01     - 54 25  161 38  14.82 0.16  0.0   16  8.2 15.8      4874
 4875 2021- 7-18  3:22     - 54 36  161 14  32.55 0.18  0.0    9  9.1 16.3      4875
  SEQ ---DATE--- TIME REMARK -LAT-  --LON-  DEPTH  RMS PMAG  NUM  ERH  ERZ  ID
 4876 2021- 7-18  3:42     - 54 53  161 27  17.00 0.13  0.0    5 13.9 16.7      4876
 *** DISTANCE & RESIDUAL WEIGHTING CANCELLED FOR EVENT: 2021  7 18  3 43
 4877 2021- 7-18  3:43     - 54 52  161 22  14.98 0.36  0.0    5 22.1  4.7      4877
 4878 2021- 7-18  5:26     - 55  3  162 49  15.22 0.14  0.0    6  6.3 16.1      4878
 *** DISTANCE & RESIDUAL WEIGHTING CANCELLED FOR EVENT: 2021  7 18  7 27
 4879 2021- 7-18  7:26     - 55 12  161 48  23.60 4.38  0.0    4 98.5 38.5      4879
 4880 2021- 7-18  7:59     - 55 17  162  9  71.86 0.16  0.0    7  4.4 15.8      4880
 *** DISTANCE & RESIDUAL WEIGHTING CANCELLED FOR EVENT: 2021  7 18 10 33
 4881 2021- 7-18 10:33     - 55 30  161 59   7.47 2.25  0.0    5 25.2 98.8      4881
 4882 2021- 7-18 11:27       54 38  161 54   9.31 0.20  0.0   16  1.2  7.5      4882
 4883 2021- 7-18 11:54     - 54 55  162 17  14.02 0.01  0.0    4  8.2  8.9      4883
 4884 2021- 7-18 12:55     - 55 12  161 47  14.54 0.09  0.0    4  9.7 10.9      4884
 4885 2021- 7-18 13:01       55 29  161 31   3.00 0.11  0.0   15  0.6  1.5      4885
 4886 2021- 7-18 14:33       54 52  161 42  15.48 0.06  0.0    7  2.9  7.0      4886
 4887 2021- 7-18 15:22       54 21  160 59  13.17 0.17  0.0   10  7.9  5.0      4887
 4888 2021- 7-18 15:22     - 54 57  162 44  14.92 0.00  0.0    4  3.2 11.9      4888
 4889 2021- 7-18 15:22     - 55  6  161 22   8.30 0.05  0.0    6 10.4  9.1      4889
 4890 2021- 7-18 15:58     - 54 55  160 26  15.00 0.26  0.0   10 21.7 24.7      4890
  SEQ ---DATE--- TIME REMARK -LAT-  --LON-  DEPTH  RMS PMAG  NUM  ERH  ERZ  ID
 4891 2021- 7-18 15:59     - 54 59  160 46  15.00 0.25  0.0    6 20.7 23.9      4891
 4892 2021- 7-18 15:59     - 55 20  162 12  63.07 0.17  0.0    9  4.7 15.0      4892
 4893 2021- 7-18 16:10       55 20  161 40   5.77 0.06  0.0    6  2.5  1.1      4893
 *** DISTANCE & RESIDUAL WEIGHTING CANCELLED FOR EVENT: 2021  7 18 16 11
 4894 2021- 7-18 16:11     - 54 53  160 41  15.12 0.56  0.0    4 21.2 42.9      4894
 4895 2021- 7-18 16:11     - 55 32  162 34  15.19 0.07  0.0    4  4.5 13.0      4895
 4896 2021- 7-18 17:08     - 55 20  161  3  33.03 0.10  0.0    9 11.2  5.9      4896
 4897 2021- 7-18 17:08     - 55 25  159 26  15.00 0.24  0.0    4 20.9 22.4      4897
 4898 2021- 7-18 17:55     - 55  4  161 32  19.43 0.09  0.0    5 10.7  2.9      4898
 4899 2021- 7-18 17:55     - 55 55  162 25  15.21 0.03  0.0    5  9.4  6.4      4899
 4900 2021- 7-18 20:41       54 57  160 55  12.52 0.01  0.0    5  1.5  1.3      4900
 *** DISTANCE & RESIDUAL WEIGHTING CANCELLED FOR EVENT: 2021  7 18 20 52
 4901 2021- 7-18 20:52     # 55 17  161 53  15.00 1.33  0.0    4 30.2 16.7      4901
 4902 2021- 7-18 22:16     - 54 58  162 36  33.66 0.03  0.0    5 10.0  5.9      4902
 4903 2021- 7-18 22:16     - 54 58  162 42  34.61 0.05  0.0    4 10.5  5.4      4903
 *** DISTANCE & RESIDUAL WEIGHTING CANCELLED FOR EVENT: 2021  7 18 22 45
 4904 2021- 7-18 22:45     - 54 58  162 21   8.18 0.50  0.0    6 26.2 20.1      4904
 4905 2021- 7-18 23:53     - 55  1  162 17   2.31 0.01  0.0    4  2.1  9.7      4905
  SEQ ---DATE--- TIME REMARK -LAT-  --LON-  DEPTH  RMS PMAG  NUM  ERH  ERZ  ID
 4906 2021- 7-18 23:59     - 55 16  162 21  69.52 0.15  0.0    8  5.9 14.7      4906
 4907 2021- 7-19  0:00     - 54 27  161 43  17.51 0.16  0.0    7  2.1 18.2      4907
 4908 2021- 7-19  1:07     - 55  1  162 21  41.06 0.07  0.0    5  4.8  9.1      4908
 *** DISTANCE & RESIDUAL WEIGHTING CANCELLED FOR EVENT: 2021  7 19  1 36
 4909 2021- 7-19  1:35     - 55 58  160 43  16.58 0.59  0.0    6 21.8 44.1      4909
 4910 2021- 7-19  1:45     - 55 20  162  1  15.00 1.04  0.0    4 38.3 75.5      4910
 4911 2021- 7-19  1:55     - 54 20  161 21  14.94 0.15  0.0    6  7.8 15.7      4911
 4912 2021- 7-19  2:06     - 54 44  162 37   7.66 0.07  0.0    7  2.3 11.0      4912
 4913 2021- 7-19  2:15     - 55 27  161 44   0.24 0.61  0.0    4  5.0 41.5      4913
 *** DISTANCE & RESIDUAL WEIGHTING CANCELLED FOR EVENT: 2021  7 19  2 44
 4914 2021- 7-19  2:44     - 55 11  162 27  15.00 1.12  0.0    4 23.5 78.0      4914
 4915 2021- 7-19  2:49     - 54 26  162  7  17.28 0.31  0.0    7  3.5 28.7      4915
 *** DISTANCE & RESIDUAL WEIGHTING CANCELLED FOR EVENT: 2021  7 19  3  5
 4916 2021- 7-19  3:05     # 55 32  161 54  15.01 0.34  0.0    4 13.6 12.8      4916
 *** DISTANCE & RESIDUAL WEIGHTING CANCELLED FOR EVENT: 2021  7 19  3 45
 4917 2021- 7-19  3:45     - 55 26  163 12  14.99 0.32  0.0    4 23.4 26.4      4917
 4918 2021- 7-19  5:16     - 55 51  161 30  25.56 0.23  0.0    4 12.7 18.8      4918
 4919 2021- 7-19  5:28     - 54 29  162 57  14.92 0.16  0.0    8  8.0 16.2      4919
 4920 2021- 7-19  5:55     - 55 17  162 10   7.37 0.69  0.0    4 43.0 49.3      4920
 *** DISTANCE & RESIDUAL WEIGHTING CANCELLED FOR EVENT: 2021  7 19  6  6
  SEQ ---DATE--- TIME REMARK -LAT-  --LON-  DEPTH  RMS PMAG  NUM  ERH  ERZ  ID
 4921 2021- 7-19  6:06     - 55 11  161 36   6.77 0.63  0.0    4 51.1 52.9      4921
 *** DISTANCE & RESIDUAL WEIGHTING CANCELLED FOR EVENT: 2021  7 19  6 49
 4922 2021- 7-19  6:49     - 54 58  161 39  22.97 1.22  0.0    5 89.0 24.9      4922
 4923 2021- 7-19  6:50     - 55 17  162 36  14.47 0.11  0.0    4  9.1  6.4      4923
 *** DISTANCE & RESIDUAL WEIGHTING CANCELLED FOR EVENT: 2021  7 19  6 50
 4924 2021- 7-19  6:50     # 55  7  162  5  45.56 0.35  0.0    6  3.7  4.8      4924
 4925 2021- 7-19  7:59     - 55 22  162 15  71.79 0.22  0.0    5  5.9 16.7      4925
 *** DISTANCE & RESIDUAL WEIGHTING CANCELLED FOR EVENT: 2021  7 19 10 31
 4926 2021- 7-19 10:31     - 55 23  161 57   1.37 0.38  0.0    4  8.9 24.8      4926
 4927 2021- 7-19 10:48     - 55 26  161 48  15.04 0.18  0.0    4  3.6 15.3      4927
 4928 2021- 7-19 10:54       55 23  161 47   6.85 0.09  0.0    6  1.2  2.1      4928
 4929 2021- 7-19 11:01       54 32  160 37  20.20 0.14  0.0   16  2.1  1.0      4929
 4930 2021- 7-19 11:01       55 12  162  5  15.71 0.11  0.0    6  1.4  3.8      4930
 4931 2021- 7-19 11:02       54 33  160 36  18.89 0.14  0.0   13  2.5  2.6      4931
 4932 2021- 7-19 11:02     - 54 58  161 26  20.38 0.11  0.0    7 12.4  2.3      4932
 4933 2021- 7-19 11:38     - 54 25  162 26  82.06 0.06  0.0    5 13.6  4.0      4933
 4934 2021- 7-19 13:46     - 54 56  162 18  10.99 0.07  0.0    5  9.5  9.5      4934
 4935 2021- 7-19 13:46     - 55 16  161 58   6.95 0.00  0.0    4  1.5 10.8      4935
  SEQ ---DATE--- TIME REMARK -LAT-  --LON-  DEPTH  RMS PMAG  NUM  ERH  ERZ  ID
 4936 2021- 7-19 13:46     - 54 10  161  2  16.81 0.43  0.0    4 31.6 18.3      4936
 4937 2021- 7-19 13:50     - 54 16  162 32  24.70 0.39  0.0    5 35.1 30.0      4937
 4938 2021- 7-19 13:53       55 17  161 42  18.43 0.07  0.0    6  3.0  1.5      4938
 4939 2021- 7-19 14:05     - 55 15  162 37  15.01 0.04  0.0    4  1.3 12.7      4939
 4940 2021- 7-19 14:13     - 54 31  161 36  17.50 0.67  0.0   17  3.2 57.3      4940
 4941 2021- 7-19 15:59     - 55 25  161 54  26.82 0.07  0.0    6  2.3 10.9      4941
 4942 2021- 7-19 16:35     - 55  5  162 32  15.04 0.03  0.0    4  5.5 11.6      4942
 *** DISTANCE & RESIDUAL WEIGHTING CANCELLED FOR EVENT: 2021  7 19 16 48
 4943 2021- 7-19 16:48     - 55 19  162 33  15.00 1.08  0.0    4 35.3 69.3      4943
 4944 2021- 7-19 17:40     - 55 20  161 53  14.24 0.03  0.0    4  7.4 10.3      4944
 4945 2021- 7-19 18:54     - 55 19  162 42  14.36 0.14  0.0    4  8.3 14.7      4945
 4946 2021- 7-19 20:07     - 55 24  160 50  17.17 0.62  0.0    9  3.8 53.5      4946
 4947 2021- 7-19 20:12     - 54 55  161 30  21.17 0.14  0.0    5 16.1  5.7      4947
 4948 2021- 7-19 20:12     - 54 48  161 18  29.38 0.10  0.0    5 10.9  1.4      4948
 *** DISTANCE & RESIDUAL WEIGHTING CANCELLED FOR EVENT: 2021  7 19 20 12
 4949 2021- 7-19 20:12     # 55 22  162 17  25.99 0.00  0.0    4  5.3  2.8      4949
 4950 2021- 7-19 22:44     - 54 57  161 27  25.98 0.23  0.0    7 18.9  6.5      4950
  SEQ ---DATE--- TIME REMARK -LAT-  --LON-  DEPTH  RMS PMAG  NUM  ERH  ERZ  ID
 4951 2021- 7-19 22:44     - 54 55  161 35   6.23 0.12  0.0    4 10.3 15.8      4951
 4952 2021- 7-19 23:59     - 55 30  162 49  15.05 0.06  0.0    4  7.1 13.4      4952
 4953 2021- 7-20  7:18     - 54 55  161 37  18.92 0.15  0.0    6 13.7  4.2      4953
 *** DISTANCE & RESIDUAL WEIGHTING CANCELLED FOR EVENT: 2021  7 20  8  0
 4954 2021- 7-20  7:59     # 55 22  162  2  15.00 0.44  0.0    4  4.1 16.2      4954
 4955 2021- 7-20 14:22     - 55 12  163 21  14.81 0.10  0.0    4 11.8  9.0      4955
 *** DISTANCE & RESIDUAL WEIGHTING CANCELLED FOR EVENT: 2021  7 20 15 35
 4956 2021- 7-20 15:35     - 55 38  163  9  15.00 0.52  0.0    4 19.9 40.1      4956
 *** DISTANCE & RESIDUAL WEIGHTING CANCELLED FOR EVENT: 2021  7 20 15 48
 4957 2021- 7-20 15:48     - 54 30  162 28  15.03 0.54  0.0    4 46.6  6.9      4957
 *** DISTANCE & RESIDUAL WEIGHTING CANCELLED FOR EVENT: 2021  7 20 20 46
 4958 2021- 7-20 20:46     - 54 60  162 21   0.07 0.27  0.0    4 14.8 20.7      4958
 4959 2021- 7-20 22:44     - 54 32  162 36  84.14 0.26  0.0    4 25.1  9.6      4959
 4960 2021- 7-20 23:59     - 55 18  162  3  15.12 0.05  0.0    4  1.7 12.8      4960
 4961 2021- 7-21  3:03     - 54 58  163 28  22.94 0.84  0.0   11 12.2 65.8      4961
 4962 2021- 7-21  3:57     - 54 29  161 44  16.38 0.20  0.0    7  9.0 17.9      4962
 4963 2021- 7-21  4:05     - 54 39  160 40  14.96 0.14  0.0   16  7.1 14.1      4963
 4964 2021- 7-21  6:38     - 54 44  160 51  15.00 0.22  0.0   11 17.5 22.5      4964
 4965 2021- 7-21  6:39       55  2  161 47   9.72 0.04  0.0    5  2.5  1.7      4965
  SEQ ---DATE--- TIME REMARK -LAT-  --LON-  DEPTH  RMS PMAG  NUM  ERH  ERZ  ID
 4966 2021- 7-21  6:50       55 10  161 34  33.82 0.05  0.0    5  2.2  2.2      4966
 4967 2021- 7-21  7:59     - 55 18  162  3  17.26 0.15  0.0    4  3.1 13.8      4967
 4968 2021- 7-21  9:29     - 54 12  161 49  14.81 0.40  0.0    4 15.9 31.7      4968
 4969 2021- 7-21 12:41     - 54 31  163 15  15.82 0.33  0.0    7 13.3 26.9      4969
 4970 2021- 7-21 15:59     - 55 15  162 13  22.02 0.13  0.0    4  2.5 14.0      4970
 4971 2021- 7-21 20:31     - 54 26  161 46  16.77 0.21  0.0   15  9.1 18.1      4971
 4972 2021- 7-21 23:59     - 55 17  162  3  44.43 0.14  0.0    7  2.8 13.0      4972
 *** DISTANCE & RESIDUAL WEIGHTING CANCELLED FOR EVENT: 2021  7 22  0 25
 4973 2021- 7-22  0:25     # 55 14  161 34  15.00 0.96  0.0    5 44.9 31.8      4973
 *** DISTANCE & RESIDUAL WEIGHTING CANCELLED FOR EVENT: 2021  7 22  0 25
 4974 2021- 7-22  0:25     - 55 21  161 46  31.34 0.58  0.0    5 38.6 27.1      4974
 4975 2021- 7-22  1:40     - 54 37  161 11  15.18 0.12  0.0   17  5.8 11.5      4975
 4976 2021- 7-22  6:48     - 55 45  161 32  39.58 0.03  0.0    4  7.6  7.5      4976
 4977 2021- 7-22  7:22     - 54 20  162  2  19.40 0.21  0.0   12  2.4 19.6      4977
 4978 2021- 7-22  7:28     - 54  6  161  5  14.81 0.07  0.0    5  6.3 12.4      4978
 4979 2021- 7-22  7:59     - 55 25  161 56  61.93 0.02  0.0    6  4.5 12.4      4979
 4980 2021- 7-22  9:04       55 19  161 56   6.80 0.12  0.0    5  1.3  2.7      4980
  SEQ ---DATE--- TIME REMARK -LAT-  --LON-  DEPTH  RMS PMAG  NUM  ERH  ERZ  ID
 4981 2021- 7-22 13:12     - 54 35  162 16  14.50 0.13  0.0    8 14.0  1.7      4981
 *** DISTANCE & RESIDUAL WEIGHTING CANCELLED FOR EVENT: 2021  7 22 13 13
 4982 2021- 7-22 13:13     - 55  7  162 26  14.97 1.19  0.0    5 75.6 46.4      4982
 4983 2021- 7-22 14:22     - 54 57  162 31   7.37 0.19  0.0    5 19.4 17.0      4983
 4984 2021- 7-22 14:22     - 54 26  162 38  15.04 0.13  0.0    5 14.6 15.1      4984
 4985 2021- 7-22 15:24     - 55 10  161 56   0.35 0.04  0.0    4  0.9 11.1      4985
 *** DISTANCE & RESIDUAL WEIGHTING CANCELLED FOR EVENT: 2021  7 22 15 54
 4986 2021- 7-22 15:54     - 55  3  162  8  15.01 0.37  0.0    4 33.1 25.7      4986
 4987 2021- 7-22 20:06     - 55 22  163 19  17.03 0.20  0.0    5  1.7 20.9      4987
 4988 2021- 7-22 22:02       55 10  162 19   5.28 0.12  0.0   15  0.8  0.4      4988
 4989 2021- 7-22 22:11     - 54 56  162 13  14.41 0.07  0.0    4  6.4 11.2      4989
 *** DISTANCE & RESIDUAL WEIGHTING CANCELLED FOR EVENT: 2021  7 22 22 11
 4990 2021- 7-22 22:11     - 54 40  163 14  15.00 1.15  0.0    4 86.0 89.3      4990
 4991 2021- 7-22 23:59       55 22  162  6  20.05 0.49  0.0    7  4.4 18.6      4991
 4992 2021- 7-23  9:54     - 54 32  163 19  15.09 0.05  0.0    6  5.9 11.9      4992
 4993 2021- 7-23 12:04     - 55 13  161 28  14.90 0.02  0.0    4  4.1  9.4      4993
 4994 2021- 7-23 12:09       55 14  161 39  33.11 0.09  0.0    5  6.5  4.9      4994
 4995 2021- 7-23 12:49     - 55  7  161 33  11.24 0.13  0.0    4 10.9 12.5      4995
 *** DISTANCE & RESIDUAL WEIGHTING CANCELLED FOR EVENT: 2021  7 23 12 49
  SEQ ---DATE--- TIME REMARK -LAT-  --LON-  DEPTH  RMS PMAG  NUM  ERH  ERZ  ID
 4996 2021- 7-23 12:49     # 55 22  161 43   9.68 0.42  0.0    4  5.2  6.1      4996
 *** DISTANCE & RESIDUAL WEIGHTING CANCELLED FOR EVENT: 2021  7 23 16  0
 4997 2021- 7-23 15:59     # 55 27  161 59  15.00 3.25  0.0    4 49.1 52.7      4997
 *** DISTANCE & RESIDUAL WEIGHTING CANCELLED FOR EVENT: 2021  7 23 16 50
 4998 2021- 7-23 16:49     - 55  7  163 19  15.01 1.30  0.0    4 99.0 19.1      4998
 4999 2021- 7-23 17:05       55 44  162  2  11.69 0.08  0.0   11  1.7  0.7      4999
 *** DISTANCE & RESIDUAL WEIGHTING CANCELLED FOR EVENT: 2021  7 23 18 32
 5000 2021- 7-23 18:32     - 55 23  161 47  19.21 0.84  0.0    4 21.9 60.0      5000
 *** DISTANCE & RESIDUAL WEIGHTING CANCELLED FOR EVENT: 2021  7 23 21  0
 5001 2021- 7-23 20:59     - 54 40  161 52  19.93 0.26  0.0    4 20.8 16.8      5001
 5002 2021- 7-23 22:14     - 55  6  161 48  12.76 0.09  0.0    4 10.8  5.8      5002
 5003 2021- 7-23 22:52     - 54 56  161 27  24.92 0.25  0.0    8 18.0  7.5      5003
 5004 2021- 7-23 22:52     - 54 41  161 10  20.27 0.18  0.0    9 12.2 11.3      5004
 *** DISTANCE & RESIDUAL WEIGHTING CANCELLED FOR EVENT: 2021  7 24  0  0
 5005 2021- 7-23 23:59     - 55 22  162 16  39.15 0.06  0.0    4  4.5 10.0      5005
 5006 2021- 7-24  0:23     - 54 25  161 51  19.39 0.17  0.0   10  1.8 18.0      5006
 5007 2021- 7-24  1:26     - 55 45  161 55   0.89 0.16  0.0    5  2.0 17.4      5007
 5008 2021- 7-24  2:11     - 54 59  161 39  22.51 0.13  0.0    6 14.2  4.3      5008
 5009 2021- 7-24  2:11     - 55  2  161 50   9.99 0.10  0.0    4 14.1  4.2      5009
 5010 2021- 7-24  5:02     - 54 50  163  5  14.64 0.15  0.0    4 14.1 10.6      5010
 *** DISTANCE & RESIDUAL WEIGHTING CANCELLED FOR EVENT: 2021  7 24  8  0
  SEQ ---DATE--- TIME REMARK -LAT-  --LON-  DEPTH  RMS PMAG  NUM  ERH  ERZ  ID
 5011 2021- 7-24  7:59     - 55 16  162  3  15.01 0.50  0.0    4  5.6 41.3      5011
 5012 2021- 7-24  9:23     - 54 22  161 25   2.68 0.16  0.0   10  5.4 12.9      5012
 5013 2021- 7-24  9:23     - 54 55  162 42  14.85 0.00  0.0    4  4.1 11.7      5013
 5014 2021- 7-24  9:24     - 54 58  161 33   7.45 0.11  0.0    5 13.5 14.2      5014
 *** DISTANCE & RESIDUAL WEIGHTING CANCELLED FOR EVENT: 2021  7 24 13  8
 5015 2021- 7-24 13:08     # 55 15  162 12  15.01 0.22  0.0    4  4.9 12.8      5015
 5016 2021- 7-24 13:15     - 55 19  161 55  23.62 0.20  0.0    5  9.7 17.7      5016
 5017 2021- 7-24 13:22       55 16  161 45  39.74 0.07  0.0    6  4.2  2.1      5017
 5018 2021- 7-24 14:37     - 54 44  160 56  15.00 0.19  0.0   10 15.0 20.1      5018
 5019 2021- 7-24 14:37     - 54 35  160 37  14.09 0.29  0.0    7 21.8 27.1      5019
 5020 2021- 7-24 14:49     - 55  1  162  1   7.09 0.14  0.0    6 15.3 13.5      5020
 *** DISTANCE & RESIDUAL WEIGHTING CANCELLED FOR EVENT: 2021  7 24 14 49
 5021 2021- 7-24 14:49     - 54 58  162 14  19.57 0.07  0.0    4 11.0  6.1      5021
 5022 2021- 7-24 14:49     - 55 13  161 56  10.35 0.17  0.0    5 14.4  5.1      5022
 5023 2021- 7-24 17:14     - 55 37  161 28   9.68 0.30  0.0    6  3.1 22.5      5023
 5024 2021- 7-24 17:27     - 55 27  161 44   1.18 0.52  0.0    5  4.6 40.7      5024
 5025 2021- 7-24 17:53     - 54 52  162 59  18.71 0.01  0.0    4  4.0 12.0      5025
 *** DISTANCE & RESIDUAL WEIGHTING CANCELLED FOR EVENT: 2021  7 24 18 34
  SEQ ---DATE--- TIME REMARK -LAT-  --LON-  DEPTH  RMS PMAG  NUM  ERH  ERZ  ID
 5026 2021- 7-24 18:34     - 55 16  162  4  14.70 0.11  0.0    4  7.2 12.5      5026
 5027 2021- 7-24 18:53     - 54 58  161 40  19.17 0.17  0.0    8 13.5  3.6      5027
 *** DISTANCE & RESIDUAL WEIGHTING CANCELLED FOR EVENT: 2021  7 24 18 54
 5028 2021- 7-24 18:54     # 54 50  161 43  15.00 1.54  0.0    4 64.6 15.4      5028
 5029 2021- 7-24 21:20     - 54 58  160 34  15.00 0.22  0.0   10 18.9 22.4      5029
 5030 2021- 7-24 21:20     - 55 51  162 19  10.93 0.07  0.0    5 10.0 13.8      5030
 5031 2021- 7-24 22:52     - 54 28  163 16  15.00 0.15  0.0    6  7.8 15.9      5031
 *** DISTANCE & RESIDUAL WEIGHTING CANCELLED FOR EVENT: 2021  7 24 23 25
 5032 2021- 7-24 23:24     - 55 14  161 35  46.31 0.51  0.0    4 44.3  6.4      5032
 5033 2021- 7-24 23:34     - 54 35  161 10  15.08 0.10  0.0   10  6.3 12.8      5033
 5034 2021- 7-24 23:59     - 55 24  161 55  38.86 0.03  0.0    4  3.1 12.3      5034
 5035 2021- 7-25  2:34     - 55 25  161 57  14.94 0.06  0.0    4  5.3 10.8      5035
 5036 2021- 7-25  3:05     - 54 52  161  5  36.21 0.23  0.0    8 20.8 12.5      5036
 5037 2021- 7-25  3:05     - 54 41  160 51  15.01 0.17  0.0    9 12.2 18.9      5037
 5038 2021- 7-25  3:23     - 55  7  163 37  16.16 0.73  0.0    9 28.1 54.9      5038
 5039 2021- 7-25  3:45     - 54 55  162 33  12.91 0.05  0.0    4 11.4  5.5      5039
 *** DISTANCE & RESIDUAL WEIGHTING CANCELLED FOR EVENT: 2021  7 25  3 45
 5040 2021- 7-25  3:45     # 54 55  162 34  11.63 0.32  0.0    5  8.1  3.0      5040
  SEQ ---DATE--- TIME REMARK -LAT-  --LON-  DEPTH  RMS PMAG  NUM  ERH  ERZ  ID
 5041 2021- 7-25  5:01     - 54 20  162 31  17.09 0.41  0.0    5 35.8 36.3      5041
 5042 2021- 7-25  5:31     - 55 16  161 49  55.85 0.23  0.0    7  7.0 17.9      5042
 5043 2021- 7-25  5:32     - 55  4  162  3  15.00 0.15  0.0    4  5.2 15.5      5043
 5044 2021- 7-25  6:24     - 54 46  161 18  18.19 0.20  0.0    7 15.4 19.0      5044
 5045 2021- 7-25  6:24     - 54 38  161 10  10.87 0.13  0.0    5 11.4 15.3      5045
 5046 2021- 7-25  6:26     - 54 39  161  0  15.00 0.20  0.0   10 16.6 20.5      5046
 5047 2021- 7-25  6:26     - 54 36  161  6   9.65 0.18  0.0    6 13.2  5.3      5047
 5048 2021- 7-25  8:04     - 54 51  162 35  29.75 0.03  0.0    4 10.1  7.6      5048
 *** DISTANCE & RESIDUAL WEIGHTING CANCELLED FOR EVENT: 2021  7 25  8  4
 5049 2021- 7-25  8:04     - 54 40  162 22  72.73 0.30  0.0    4 27.1 14.8      5049
 *** DISTANCE & RESIDUAL WEIGHTING CANCELLED FOR EVENT: 2021  7 25  9 27
 5050 2021- 7-25  9:27     - 55 20  162 40  13.72 0.26  0.0    4  6.6 21.8      5050
 5051 2021- 7-25  9:49     - 55  1  161 19  27.44 0.21  0.0    7 18.3  6.3      5051
 5052 2021- 7-25  9:49       55 15  162  6  12.49 0.01  0.0    5  2.0  3.9      5052
 *** DISTANCE & RESIDUAL WEIGHTING CANCELLED FOR EVENT: 2021  7 25 10  2
 5053 2021- 7-25 10:02     - 55 26  160  4  14.99 0.64  0.0    5 34.7 47.3      5053
 5054 2021- 7-25 10:21     - 54 49  160 45  40.33 0.21  0.0    9 17.4 12.8      5054
 5055 2021- 7-25 10:21     - 54 49  161  1  32.44 0.15  0.0    7 10.5 17.6      5055
  SEQ ---DATE--- TIME REMARK -LAT-  --LON-  DEPTH  RMS PMAG  NUM  ERH  ERZ  ID
 5056 2021- 7-25 10:32     - 54 51  161 13  11.18 0.15  0.0    5 16.4 17.2      5056
 *** DISTANCE & RESIDUAL WEIGHTING CANCELLED FOR EVENT: 2021  7 25 12  5
 5057 2021- 7-25 12:04     - 55 27  161 47  14.99 0.69  0.0    4 41.8 14.7      5057
 5058 2021- 7-25 12:08       55 14  161 46  34.36 0.00  0.0    4  6.3  2.4      5058
 5059 2021- 7-25 12:12     - 55 21  161 18   0.68 0.22  0.0    6  5.4 22.2      5059
 5060 2021- 7-25 12:23       55 10  161 50  32.54 0.03  0.0    5  5.6  3.3      5060
 5061 2021- 7-25 12:27       55 22  161 44   6.85 0.00  0.0    4  5.0  3.8      5061
 5062 2021- 7-25 12:38     - 55  1  161 30  33.44 0.16  0.0    6 16.2  3.6      5062
 5063 2021- 7-25 12:39     - 54 46  161  8  30.41 0.14  0.0    5 16.0  2.0      5063
 5064 2021- 7-25 12:47     - 54 44  160 41  15.00 0.20  0.0   10 17.8 20.6      5064
 5065 2021- 7-25 12:47     - 54 43  160 42  38.11 0.29  0.0   10 16.2 15.8      5065
 5066 2021- 7-25 13:57     - 54 51  161 13  12.90 0.15  0.0    4 10.8 13.6      5066
 5067 2021- 7-25 14:40     - 54 34  161 54  17.19 0.29  0.0    9  6.0 26.8      5067
 *** DISTANCE & RESIDUAL WEIGHTING CANCELLED FOR EVENT: 2021  7 25 14 40
 5068 2021- 7-25 14:40     - 55  9  162 45  11.45 0.34  0.0    4 13.3 25.2      5068
 *** DISTANCE & RESIDUAL WEIGHTING CANCELLED FOR EVENT: 2021  7 25 15 53
 5069 2021- 7-25 15:53     - 55 28  161 49   5.72 1.14  0.0    4 54.7 43.9      5069
 5070 2021- 7-25 16:25     - 54 53  162 18  15.33 0.05  0.0    8  8.3  7.1      5070
 *** DISTANCE & RESIDUAL WEIGHTING CANCELLED FOR EVENT: 2021  7 25 16 25
  SEQ ---DATE--- TIME REMARK -LAT-  --LON-  DEPTH  RMS PMAG  NUM  ERH  ERZ  ID
 5071 2021- 7-25 16:25     - 54 50  162 27  36.84 0.19  0.0    4 17.5  6.0      5071
 5072 2021- 7-25 16:25       55 20  161 50   9.20 0.07  0.0    6  2.9  2.9      5072
 *** DISTANCE & RESIDUAL WEIGHTING CANCELLED FOR EVENT: 2021  7 25 17 25
 5073 2021- 7-25 17:25     - 55  3  161 34  30.94 0.29  0.0    4 22.7  4.8      5073
 5074 2021- 7-25 18:15     # 55  5  162 17  22.89 3.64  0.0    6 27.2 31.6      5074
 5075 2021- 7-25 18:59     - 54 54  162  1  14.71 0.02  0.0    4  4.2 11.7      5075
 5076 2021- 7-25 19:30     - 55  7  160 24  14.47 0.41  0.0    7 16.2 31.5      5076
 *** DISTANCE & RESIDUAL WEIGHTING CANCELLED FOR EVENT: 2021  7 25 19 36
 5077 2021- 7-25 19:36     # 55 12  161 52   8.17 0.01  0.0    4  4.4  4.1      5077
 *** DISTANCE & RESIDUAL WEIGHTING CANCELLED FOR EVENT: 2021  7 25 20 34
 5078 2021- 7-25 20:33     - 55  7  162 18  21.84 1.72  0.0    4 98.3 28.6      5078
 5079 2021- 7-25 20:36       55 27  161 55  31.99 0.21  0.0    6  3.5  4.4      5079
 5080 2021- 7-25 22:15       55  3  161 42  16.90 0.06  0.0    4  8.9  2.4      5080
 *** DISTANCE & RESIDUAL WEIGHTING CANCELLED FOR EVENT: 2021  7 25 22 15
 5081 2021- 7-25 22:15     - 55 21  162 37  15.19 0.49  0.0    4  9.3 32.1      5081
 5082 2021- 7-25 23:50     - 54 60  162 20  15.05 0.01  0.0    4  6.7  9.4      5082
 5083 2021- 7-25 23:51     - 54 59  162 19  10.09 0.01  0.0    4  6.8  8.4      5083
 *** DISTANCE & RESIDUAL WEIGHTING CANCELLED FOR EVENT: 2021  7 26  1  8
 5084 2021- 7-26  1:08     # 55 29  161 47   7.40 0.82  0.0    4 11.5 23.9      5084
 *** DISTANCE & RESIDUAL WEIGHTING CANCELLED FOR EVENT: 2021  7 26  2 56
 5085 2021- 7-26  2:56     - 55  7  162 14  15.00 1.09  0.0    4 89.3 75.5      5085
  SEQ ---DATE--- TIME REMARK -LAT-  --LON-  DEPTH  RMS PMAG  NUM  ERH  ERZ  ID
 5086 2021- 7-26  3:54     - 54 55  161 30  24.42 0.13  0.0    7 14.7  4.1      5086
 5087 2021- 7-26  3:55       55  9  162  2  32.85 2.10  0.0    4 56.3 81.4      5087
 *** DISTANCE & RESIDUAL WEIGHTING CANCELLED FOR EVENT: 2021  7 26  4  4
 5088 2021- 7-26  4:04     - 55  4  162 13  13.32 0.86  0.0    4 57.5 43.2      5088
 *** DISTANCE & RESIDUAL WEIGHTING CANCELLED FOR EVENT: 2021  7 26  4 52
 5089 2021- 7-26  4:51     # 54 60  162 11   6.99 0.30  0.0    4  6.0 16.4      5089
 *** DISTANCE & RESIDUAL WEIGHTING CANCELLED FOR EVENT: 2021  7 26  5 37
 5090 2021- 7-26  5:37     - 54 56  162 33  12.21 0.30  0.0    4 23.5 10.6      5090
 5091 2021- 7-26  7:02     - 55  3  160 19  15.16 0.15  0.0   11  7.5 15.1      5091
 5092 2021- 7-26  7:39       55 14  161 56  41.23 0.38  0.0    6  3.0  6.0      5092
 *** DISTANCE & RESIDUAL WEIGHTING CANCELLED FOR EVENT: 2021  7 26  8  0
 5093 2021- 7-26  7:59     - 55 17  162 10  15.00 0.56  0.0    4  6.5 35.3      5093
 5094 2021- 7-26  8:11     - 55  9  161 58   0.62 0.12  0.0    4  0.9 13.2      5094
 5095 2021- 7-26  8:11     - 54 57  161 35  23.15 0.07  0.0    4 12.7  2.4      5095
 *** DISTANCE & RESIDUAL WEIGHTING CANCELLED FOR EVENT: 2021  7 26  9 48
 5096 2021- 7-26  9:47     - 55  9  162 13  15.25 0.32  0.0    4 10.7 19.5      5096
 *** DISTANCE & RESIDUAL WEIGHTING CANCELLED FOR EVENT: 2021  7 26 11 28
 5097 2021- 7-26 11:28     # 55 35  161 35  15.05 0.27  0.0    5  7.1 11.0      5097
 5098 2021- 7-26 12:21     - 55 16  163  4  13.31 0.13  0.0    4  9.8 16.7      5098
 5099 2021- 7-26 15:59     - 55 19  162  6  15.00 0.14  0.0    4  1.8 15.2      5099
 *** DISTANCE & RESIDUAL WEIGHTING CANCELLED FOR EVENT: 2021  7 26 16 16
 5100 2021- 7-26 16:16     - 55 13  162  5  25.79 0.30  0.0    5  5.0 19.6      5100
  SEQ ---DATE--- TIME REMARK -LAT-  --LON-  DEPTH  RMS PMAG  NUM  ERH  ERZ  ID
 5101 2021- 7-26 16:27     - 54 22  161 39  16.71 0.22  0.0    5 10.0 19.7      5101
 5102 2021- 7-26 18:28     - 54 36  161 41  17.97 0.34  0.0   17  1.8 29.9      5102
 5103 2021- 7-26 22:36     - 54 58  161 37  25.03 0.15  0.0    5 14.9  4.7      5103
 5104 2021- 7-26 23:04     - 54 48  160 56  13.68 0.17  0.0    7 18.3  3.0      5104
 *** DISTANCE & RESIDUAL WEIGHTING CANCELLED FOR EVENT: 2021  7 26 23  5
 5105 2021- 7-26 23:04     - 54 43  161 50  38.51 0.20  0.0    4 20.1  7.0      5105
 5106 2021- 7-27  0:32     - 55 33  161 12  15.05 0.06  0.0    5  3.2 11.3      5106
 *** DISTANCE & RESIDUAL WEIGHTING CANCELLED FOR EVENT: 2021  7 27  0 59
 5107 2021- 7-27  0:59     # 54 56  162 21  17.88 1.21  0.0    7 17.5 17.0      5107
 5108 2021- 7-27  3:17     - 54 38  161  6  15.90 0.23  0.0   13  9.8 18.5      5108
 5109 2021- 7-27  3:50       54 29  160 39  14.68 0.11  0.0   12  2.6  3.6      5109
 5110 2021- 7-27  3:50     - 54 44  161  8  15.00 0.33  0.0    9 22.0 30.1      5110
 5111 2021- 7-27  4:22     - 54 58  160 43  15.01 0.16  0.0    7 15.2 18.2      5111
 *** DISTANCE & RESIDUAL WEIGHTING CANCELLED FOR EVENT: 2021  7 27  4 23
 5112 2021- 7-27  4:22     - 54 41  163  6  15.00 0.44  0.0    5 33.0 38.7      5112
 5113 2021- 7-27  4:23     - 55  2  162 24  23.35 0.07  0.0    5 11.7  3.7      5113
 5114 2021- 7-27  5:19     - 55 38  161 43  37.74 0.22  0.0    5  7.2 17.0      5114
 5115 2021- 7-27  7:59     - 55 19  162 14  30.88 0.11  0.0    6  2.0 11.5      5115
  SEQ ---DATE--- TIME REMARK -LAT-  --LON-  DEPTH  RMS PMAG  NUM  ERH  ERZ  ID
 5116 2021- 7-27  8:31     - 55 16  161 56  22.99 0.27  0.0    5 17.7 18.3      5116
 *** DISTANCE & RESIDUAL WEIGHTING CANCELLED FOR EVENT: 2021  7 27  8 44
 5117 2021- 7-27  8:44     - 55  8  162  3  15.00 0.38  0.0    4 32.2 27.3      5117
 *** DISTANCE & RESIDUAL WEIGHTING CANCELLED FOR EVENT: 2021  7 27  8 47
 5118 2021- 7-27  8:47     - 55 23  160 21  15.04 0.45  0.0    4 25.1 35.3      5118
 5119 2021- 7-27 10:37     - 55 47  160 38  20.33 0.25  0.0   10  4.0 23.6      5119
 5120 2021- 7-27 12:12     - 54 35  161 17  15.01 0.13  0.0   21  6.1 12.1      5120
 5121 2021- 7-27 12:17     - 54 34  161 20  14.97 0.13  0.0    8  7.1 14.1      5121
 5122 2021- 7-27 12:28       55 16  162  3  13.68 0.03  0.0    5  2.4  3.0      5122
 *** DISTANCE & RESIDUAL WEIGHTING CANCELLED FOR EVENT: 2021  7 27 13 14
 5123 2021- 7-27 13:14     - 55 50  161 53  14.87 0.44  0.0    4 38.6 34.8      5123
 *** DISTANCE & RESIDUAL WEIGHTING CANCELLED FOR EVENT: 2021  7 27 14 26
 5124 2021- 7-27 14:26     # 55 30  162 11  38.64 0.85  0.0    5 16.7 36.1      5124
 5125 2021- 7-27 15:00     - 55  3  161 25  15.00 0.27  0.0    5 23.4 20.3      5125
 *** DISTANCE & RESIDUAL WEIGHTING CANCELLED FOR EVENT: 2021  7 27 15  7
 5126 2021- 7-27 15:07     # 55 16  161 20  15.00 1.01  0.0    4 21.8 42.1      5126
 5127 2021- 7-27 15:59     - 55 20  162  4  52.50 0.19  0.0    7  4.5 14.7      5127
 *** DISTANCE & RESIDUAL WEIGHTING CANCELLED FOR EVENT: 2021  7 27 16 43
 5128 2021- 7-27 16:43     - 55 44  161 28  14.96 0.65  0.0    4 49.8 35.5      5128
 5129 2021- 7-27 20:03     - 55 18  160 54  19.18 0.14  0.0    4  4.4 15.4      5129
 5130 2021- 7-27 20:04       55 17  161 45  18.03 0.07  0.0    5  3.3  1.0      5130
  SEQ ---DATE--- TIME REMARK -LAT-  --LON-  DEPTH  RMS PMAG  NUM  ERH  ERZ  ID
 5131 2021- 7-27 20:20       54 45  162 27  14.65 0.14  0.0    9 11.3  1.4      5131
 5132 2021- 7-27 20:21     - 54 52  162 38   6.61 0.22  0.0    4 21.4 22.1      5132
 5133 2021- 7-27 23:12       55  2  163  9  12.75 0.08  0.0    8  2.2  1.2      5133
 5134 2021- 7-27 23:59     - 55 23  162  5  50.08 0.07  0.0    7  2.9 10.2      5134
 5135 2021- 7-28  1:31       54 50  161 12  56.15 0.12  0.0    7  6.5  5.9      5135
 *** DISTANCE & RESIDUAL WEIGHTING CANCELLED FOR EVENT: 2021  7 28  2 44
 5136 2021- 7-28  2:44     - 55  2  161  5  15.00 1.39  0.0    4 98.7 16.0      5136
 5137 2021- 7-28  3:49     - 55 30  161 39  13.96 0.01  0.0    4  6.3  9.7      5137
 5138 2021- 7-28  7:59     - 55 22  162 16  31.85 0.02  0.0    5  2.5  9.1      5138
 5139 2021- 7-28 11:54       54 37  162 39   7.45 0.17  0.0   10  3.3  7.5      5139
 5140 2021- 7-28 11:54     - 54 54  162 46  10.84 0.21  0.0    6 20.5  8.2      5140
 5141 2021- 7-28 12:51     - 55 15  162  2  17.14 0.03  0.0    4 12.7  2.5      5141
 5142 2021- 7-28 13:28     - 54 26  161 47  18.08 0.21  0.0    9  3.0 21.2      5142
 5143 2021- 7-28 15:34     - 54 48  163  6  32.52 0.07  0.0    7 13.1  0.7      5143
 *** DISTANCE & RESIDUAL WEIGHTING CANCELLED FOR EVENT: 2021  7 28 15 35
 5144 2021- 7-28 15:35     # 54 58  162 15  15.00 0.83  0.0    5  8.2  5.7      5144
 5145 2021- 7-28 16:10     - 54 21  162 32  16.37 0.43  0.0    5 35.8 34.3      5145
  SEQ ---DATE--- TIME REMARK -LAT-  --LON-  DEPTH  RMS PMAG  NUM  ERH  ERZ  ID
 5146 2021- 7-28 18:27     - 54 55  162 26  13.13 0.09  0.0    4 14.5  1.7      5146
 5147 2021- 7-28 21:12     - 54 48  161  9  15.40 0.33  0.0   14 10.9 21.6      5147
 *** DISTANCE & RESIDUAL WEIGHTING CANCELLED FOR EVENT: 2021  7 28 22 19
 5148 2021- 7-28 22:18     # 55 21  163  3  14.58 0.64  0.0    4 23.6  9.0      5148
 5149 2021- 7-29  4:56     - 55  2  161 32  27.76 0.06  0.0    4 13.0  5.8      5149
 5150 2021- 7-29  5:47       54 29  162  8  14.95 0.13  0.0    8  4.7  1.1      5150
 5151 2021- 7-29  5:49     - 55 14  160 40  14.92 0.16  0.0    6  9.0 15.3      5151
 5152 2021- 7-29  5:49     - 55 45  161 14  17.08 0.07  0.0    4  4.9 13.9      5152
 5153 2021- 7-29  5:49     - 55 31  164 14  14.44 0.08  0.0    5  7.9 12.2      5153
 5154 2021- 7-29  6:16     - 55 23  161 29  10.79 0.01  0.0    4  6.4  6.7      5154
 5155 2021- 7-29  6:16     - 55 28  162  2   2.05 0.23  0.0    4  1.3 20.0      5155
 *** DISTANCE & RESIDUAL WEIGHTING CANCELLED FOR EVENT: 2021  7 29  6 20
 5156 2021- 7-29  6:20     - 55  9  162 20  45.40 0.54  0.0    4 46.1 14.0      5156
 5157 2021- 7-29  6:23     - 55 27  160 12  15.00 0.21  0.0    4 20.5 20.8      5157
 *** DISTANCE & RESIDUAL WEIGHTING CANCELLED FOR EVENT: 2021  7 29  6 24
 5158 2021- 7-29  6:24     - 55 14  161 15   8.54 0.74  0.0    4 51.0 48.6      5158
 *** DISTANCE & RESIDUAL WEIGHTING CANCELLED FOR EVENT: 2021  7 29  6 29
 *** ABANDON EVENT WITH ONLY 3 READINGS:2021  7 29  6 29
 5160 2021- 7-29  6:33       55 13  160 45  14.22 0.11  0.0   10  3.9  1.7      5160
  SEQ ---DATE--- TIME REMARK -LAT-  --LON-  DEPTH  RMS PMAG  NUM  ERH  ERZ  ID
 5161 2021- 7-29  6:33     - 55 38  162 29   6.85 0.29  0.0    4  5.0 27.1      5161
 *** DISTANCE & RESIDUAL WEIGHTING CANCELLED FOR EVENT: 2021  7 29  6 37
 5162 2021- 7-29  6:37     - 55 25  161 44  15.70 0.49  0.0    4 26.8 24.5      5162
 5163 2021- 7-29  6:37     # 55  4  161 45   0.42 0.64  0.0    4 11.9 20.8      5163
 5164 2021- 7-29  6:39     - 55  5  161 24  15.02 0.18  0.0    4  6.0 15.1      5164
 5165 2021- 7-29  6:45     - 55 37  161 15   7.12 0.19  0.0    4 18.0 19.8      5165
 5166 2021- 7-29  6:47       55 16  161 45  28.43 0.24  0.0    6  7.3  3.7      5166
 5167 2021- 7-29  6:53     - 55 27  160 20  13.31 0.16  0.0   11  7.6 15.6      5167
 *** DISTANCE & RESIDUAL WEIGHTING CANCELLED FOR EVENT: 2021  7 29  6 54
 5168 2021- 7-29  6:54     - 55 30  160 31  15.00 1.09  0.0    5 37.8 82.1      5168
 5169 2021- 7-29  6:57     - 55 26  160 38  15.85 0.14  0.0    8  7.4 14.3      5169
 *** DISTANCE & RESIDUAL WEIGHTING CANCELLED FOR EVENT: 2021  7 29  7  3
 5170 2021- 7-29  7:03     - 55 26  161 24  11.76 0.67  0.0    5 13.8 38.9      5170
 5171 2021- 7-29  7:10     - 55 23  161 29   7.90 0.16  0.0    4 16.1 11.7      5171
 *** DISTANCE & RESIDUAL WEIGHTING CANCELLED FOR EVENT: 2021  7 29  7 10
 5172 2021- 7-29  7:10     # 55 23  161 40  14.99 0.70  0.0    5 10.2  5.9      5172
 5173 2021- 7-29  7:11     - 55 14  160 57  18.34 0.28  0.0    8 18.6 20.2      5173
 5174 2021- 7-29  7:11     - 54 55  160 22  15.01 0.17  0.0    7 14.2 19.0      5174
 5175 2021- 7-29  7:20     - 55 13  161  4  68.85 0.07  0.0    6 13.4  9.2      5175
 *** DISTANCE & RESIDUAL WEIGHTING CANCELLED FOR EVENT: 2021  7 29  7 21
  SEQ ---DATE--- TIME REMARK -LAT-  --LON-  DEPTH  RMS PMAG  NUM  ERH  ERZ  ID
 5176 2021- 7-29  7:20     - 55  9  162 47  17.42 0.44  0.0    4 17.2 38.7      5176
 5177 2021- 7-29  7:21       55 23  161 23  27.81 0.00  0.0    4  4.0  3.3      5177
 5178 2021- 7-29  7:22       55 20  161 15  29.76 0.04  0.0    6  3.5  4.4      5178
 *** DISTANCE & RESIDUAL WEIGHTING CANCELLED FOR EVENT: 2021  7 29  7 23
 5179 2021- 7-29  7:23     # 54 54  161 34  15.00 4.85  0.0    5 72.6 37.7      5179
 *** DISTANCE & RESIDUAL WEIGHTING CANCELLED FOR EVENT: 2021  7 29  7 27
 5180 2021- 7-29  7:27     - 55 26  161 35  23.08 0.51  0.0    5 27.1 18.6      5180
 *** DISTANCE & RESIDUAL WEIGHTING CANCELLED FOR EVENT: 2021  7 29  7 28
 5181 2021- 7-29  7:27     - 54 59  161  9  10.26 0.61  0.0    4 42.6 35.8      5181
 *** DISTANCE & RESIDUAL WEIGHTING CANCELLED FOR EVENT: 2021  7 29  7 30
 5182 2021- 7-29  7:30     # 55 22  161 25  15.03 0.46  0.0    6  5.7 13.6      5182
 5183 2021- 7-29  7:31     - 55 28  161  6  14.77 0.15  0.0    6  5.1 15.6      5183
 5184 2021- 7-29  7:33     - 55 27  160 56  17.02 0.30  0.0   13  2.8 28.2      5184
 5185 2021- 7-29  7:33       55 15  161 35   3.04 0.11  0.0    5  2.7  2.3      5185
 5186 2021- 7-29  7:35       55 11  161 55  15.21 0.01  0.0    4  2.2  2.3      5186
 *** DISTANCE & RESIDUAL WEIGHTING CANCELLED FOR EVENT: 2021  7 29  7 39
 5187 2021- 7-29  7:39     # 55 19  162  3  15.00 1.24  0.0    4 20.6 39.6      5187
 *** DISTANCE & RESIDUAL WEIGHTING CANCELLED FOR EVENT: 2021  7 29  7 42
 5188 2021- 7-29  7:42     - 55 34  161 28  15.00 0.49  0.0    4 40.2 19.7      5188
 5189 2021- 7-29  7:46     - 55 12  160 54  61.14 0.21  0.0    8 17.3  7.7      5189
 5190 2021- 7-29  7:47     - 55 10  160 52   9.92 0.21  0.0    7 10.0 19.6      5190
  SEQ ---DATE--- TIME REMARK -LAT-  --LON-  DEPTH  RMS PMAG  NUM  ERH  ERZ  ID
 5191 2021- 7-29  7:50     - 55 15  160 56  33.35 0.16  0.0   10 14.7 16.7      5191
 5192 2021- 7-29  7:59     - 55  2  161 15  15.80 0.09  0.0    4  9.0  5.9      5192
 5193 2021- 7-29  7:59       55 22  162  9  43.65 0.10  0.0   10  1.7  3.0      5193
 5194 2021- 7-29  8:03     - 55 31  162 49  15.46 0.12  0.0    5  6.0 15.9      5194
 5195 2021- 7-29  8:03     - 55  8  161  9  13.59 0.07  0.0    5  3.6 13.5      5195
 5196 2021- 7-29  8:04     - 55 13  161 40   9.92 0.10  0.0    4  7.3 11.9      5196
 *** DISTANCE & RESIDUAL WEIGHTING CANCELLED FOR EVENT: 2021  7 29  8  8
 5197 2021- 7-29  8:07     - 55 35  161 26  15.00 0.50  0.0    4 37.5  6.6      5197
 5198 2021- 7-29  8:09     - 55  3  161  9  14.00 0.19  0.0    6  3.7 19.7      5198
 5199 2021- 7-29  8:10       55 14  162  4   8.69 0.00  0.0    4  2.0  7.8      5199
 5200 2021- 7-29  8:10     - 55 18  161 12  14.08 0.07  0.0    4  5.0 13.0      5200
 5201 2021- 7-29  8:13     - 55 15  160 57  10.95 0.19  0.0    7 16.0 16.8      5201
 5202 2021- 7-29  8:14     - 55 16  160 46   9.70 0.27  0.0    6 23.9 24.8      5202
 5203 2021- 7-29  8:14     - 55 32  161 41  13.99 0.07  0.0    4 10.2  8.9      5203
 5204 2021- 7-29  8:16       55 20  160 49  48.91 0.15  0.0   12  4.1  4.9      5204
 *** DISTANCE & RESIDUAL WEIGHTING CANCELLED FOR EVENT: 2021  7 29  8 17
 5205 2021- 7-29  8:17     - 55  4  162 10  14.44 0.43  0.0    4 20.5 28.9      5205
  SEQ ---DATE--- TIME REMARK -LAT-  --LON-  DEPTH  RMS PMAG  NUM  ERH  ERZ  ID
 5206 2021- 7-29  8:18     - 55 40  161 14  15.23 0.26  0.0    4 18.2 17.1      5206
 5207 2021- 7-29  8:25     - 54 45  162 17   5.01 0.60  0.0    4 48.2 49.7      5207
 5208 2021- 7-29  8:25     - 55  8  160 36   7.76 0.22  0.0    6 15.7 13.4      5208
 5209 2021- 7-29  8:30     - 55 37  161  5 107.07 0.05  0.0    4  8.9  9.6      5209
 *** DISTANCE & RESIDUAL WEIGHTING CANCELLED FOR EVENT: 2021  7 29  8 31
 5210 2021- 7-29  8:31     - 55 21  161 44  26.68 0.55  0.0    4 46.2 20.3      5210
 5211 2021- 7-29  8:33     - 55 29  162 13  14.24 0.08  0.0    4  2.5 13.6      5211
 5212 2021- 7-29  8:39     - 55 17  161 20   7.03 0.18  0.0    7  1.8 18.0      5212
 5213 2021- 7-29  8:40     - 55 10  160 39  14.87 0.28  0.0   12 11.2 23.2      5213
 *** DISTANCE & RESIDUAL WEIGHTING CANCELLED FOR EVENT: 2021  7 29  8 41
 5214 2021- 7-29  8:41     - 55 29  160 35  14.28 0.34  0.0    5 23.0 17.2      5214
 *** DISTANCE & RESIDUAL WEIGHTING CANCELLED FOR EVENT: 2021  7 29  8 41
 5215 2021- 7-29  8:41     # 54 41  161 37  15.00 0.58  0.0    5 16.1 19.8      5215
 5216 2021- 7-29  8:55     - 55 11  161 42  13.98 0.07  0.0    4 11.9  6.8      5216
 5217 2021- 7-29  8:56       55  3  161 48   4.15 0.09  0.0    6  3.3  1.4      5217
 5218 2021- 7-29  8:56     - 55  4  161  1  17.45 0.17  0.0    6  2.3 18.5      5218
 5219 2021- 7-29  8:57     - 55 16  161 50  14.85 0.06  0.0    4  4.4 11.4      5219
 5220 2021- 7-29  8:58     - 55 15  161 49  22.30 0.37  0.0    5 12.8 21.5      5220
 *** DISTANCE & RESIDUAL WEIGHTING CANCELLED FOR EVENT: 2021  7 29  8 59
  SEQ ---DATE--- TIME REMARK -LAT-  --LON-  DEPTH  RMS PMAG  NUM  ERH  ERZ  ID
 5221 2021- 7-29  8:58     # 55 24  162 13  14.97 0.48  0.0    4  6.8 21.4      5221
 5222 2021- 7-29  9:08     - 55  7  160 58  20.41 0.27  0.0    9 21.2 16.9      5222
 5223 2021- 7-29  9:08     - 55 29  161 11   7.49 0.24  0.0    5 16.5 20.1      5223
 5224 2021- 7-29  9:17       55 16  161 13  51.78 0.57  0.0   16  6.6  5.4      5224
 *** DISTANCE & RESIDUAL WEIGHTING CANCELLED FOR EVENT: 2021  7 29  9 18
 5225 2021- 7-29  9:18     - 55 16  162 37  15.03 0.04  0.0    4  2.6 11.7      5225
 5226 2021- 7-29  9:23     - 55 11  160 45  18.18 0.23  0.0   13  2.7 21.8      5226
 5227 2021- 7-29  9:26     - 55 19  160 44  20.71 0.20  0.0    7 17.9 14.9      5227
 5228 2021- 7-29  9:28     - 55 14  160 48  34.45 0.14  0.0   10 11.1 10.6      5228
 *** DISTANCE & RESIDUAL WEIGHTING CANCELLED FOR EVENT: 2021  7 29  9 29
 5229 2021- 7-29  9:29     # 55 13  161 29  15.15 0.75  0.0    5 36.0 12.4      5229
 *** DISTANCE & RESIDUAL WEIGHTING CANCELLED FOR EVENT: 2021  7 29  9 36
 5230 2021- 7-29  9:36     # 55  9  161 44  15.16 0.46  0.0    6  4.6 12.3      5230
 5231 2021- 7-29  9:36       55 19  161 41  15.04 0.48  0.0    5  6.2  4.6      5231
 5232 2021- 7-29  9:38     - 54 54  161 20  10.76 0.07  0.0    7  3.6 13.0      5232
 5233 2021- 7-29  9:38     - 55 19  161 40  14.77 0.03  0.0    4  9.5  2.6      5233
 5234 2021- 7-29  9:39     # 55 29  161 56  30.25 0.08  0.0    5  4.7  5.3      5234
 5235 2021- 7-29  9:43       55 22  161 39  55.90 0.08  0.0    7  3.7  0.8      5235
 *** DISTANCE & RESIDUAL WEIGHTING CANCELLED FOR EVENT: 2021  7 29  9 44
 *** ABANDON EVENT WITH ONLY 3 READINGS:2021  7 29  9 44
 5237 2021- 7-29  9:45     - 55 20  161  3  17.64 0.05  0.0    6  2.8 12.6      5237
 5238 2021- 7-29  9:52     - 55 15  161  1  17.24 0.23  0.0   11  3.0 22.5      5238
 5239 2021- 7-29  9:54       55 19  160 59  46.83 0.21  0.0   13  3.1  3.4      5239
 *** DISTANCE & RESIDUAL WEIGHTING CANCELLED FOR EVENT: 2021  7 29  9 55
 5240 2021- 7-29  9:54     - 55 11  161 18  14.45 0.56  0.0    4 41.3 15.8      5240
 *** DISTANCE & RESIDUAL WEIGHTING CANCELLED FOR EVENT: 2021  7 29  9 56
 5241 2021- 7-29  9:56     - 55  4  163  9  15.00 1.22  0.0    4 44.2 88.6      5241
 5242 2021- 7-29  9:59       55 15  161 21  50.53 0.12  0.0   10  4.5  2.1      5242
 5243 2021- 7-29  9:59     - 55 16  161 52   8.90 0.37  0.0    4 12.0 28.8      5243
 5244 2021- 7-29 10:02     - 55 28  161 53  70.90 0.32  0.0    7  7.8 22.6      5244
 5245 2021- 7-29 10:02     - 54 56  162 23  73.15 0.05  0.0    4 13.1  1.8      5245
 5246 2021- 7-29 10:05     - 55  4  161 32  40.71 0.16  0.0    6 11.7  6.9      5246
 5247 2021- 7-29 10:06       55 15  161 59   9.36 0.03  0.0    5  1.1  2.9      5247
 5248 2021- 7-29 10:08     - 54 51  160 38  14.65 0.10  0.0    5  6.9 12.8      5248
 5249 2021- 7-29 10:08     - 55 23  161 49  37.16 0.09  0.0    4 14.6  3.3      5249
 5250 2021- 7-29 10:13     - 55 28  161 14  14.95 0.21  0.0    4  5.4 20.7      5250
  SEQ ---DATE--- TIME REMARK -LAT-  --LON-  DEPTH  RMS PMAG  NUM  ERH  ERZ  ID
 5251 2021- 7-29 10:16     - 55  5  161  5  14.69 0.30  0.0   10 21.4  7.6      5251
 5252 2021- 7-29 10:16     - 55  7  161 15  44.23 0.07  0.0    5 11.3  5.7      5252
 5253 2021- 7-29 10:17     - 55 10  161  9   9.13 0.13  0.0    9 11.4 15.1      5253
 5254 2021- 7-29 10:18     - 54 59  160 48  31.28 0.15  0.0    7 12.2  1.8      5254
 5255 2021- 7-29 10:20       55 24  161 54  23.09 0.10  0.0    5  4.9  6.3      5255
 *** DISTANCE & RESIDUAL WEIGHTING CANCELLED FOR EVENT: 2021  7 29 10 21
 5256 2021- 7-29 10:21     # 55 21  162  4  14.96 0.96  0.0    5 22.2 26.6      5256
 5257 2021- 7-29 10:22       55 26  161 41  18.85 0.18  0.0    6  4.2  1.9      5257
 5258 2021- 7-29 10:23     - 55  5  161 18   9.30 0.05  0.0    5  2.6 12.5      5258
 5259 2021- 7-29 10:24     - 55 12  160 49  20.22 0.27  0.0   11  2.8 19.2      5259
 5260 2021- 7-29 10:27     - 55 14  161 11  38.68 0.17  0.0    9 14.7  4.9      5260
 5261 2021- 7-29 10:28       55  3  161 46  11.94 0.00  0.0    4  3.5  1.4      5261
 5262 2021- 7-29 10:38     - 55 10  160 42  17.82 0.30  0.0   12  3.2 27.2      5262
 5263 2021- 7-29 10:42     - 55 15  161 24  11.42 0.13  0.0    5  4.0 12.0      5263
 5264 2021- 7-29 10:50     - 54 49  161  0  14.32 0.25  0.0    7  9.8 20.1      5264
 5265 2021- 7-29 10:50     - 55 21  163  6  16.96 0.55  0.0    9 13.9 32.6      5265
  SEQ ---DATE--- TIME REMARK -LAT-  --LON-  DEPTH  RMS PMAG  NUM  ERH  ERZ  ID
 5266 2021- 7-29 10:54       55 30  161 12  16.61 0.06  0.0    6  4.0  1.7      5266
 5267 2021- 7-29 10:55       55 16  161 48   2.85 0.05  0.0    5  0.9  3.8      5267
 5268 2021- 7-29 10:59       55 17  161 20  37.54 0.08  0.0    7  1.9  2.6      5268
 *** DISTANCE & RESIDUAL WEIGHTING CANCELLED FOR EVENT: 2021  7 29 10 59
 5269 2021- 7-29 10:59     # 55 14  161 49  15.01 0.93  0.0    5 15.9 10.9      5269
 5270 2021- 7-29 11:05     - 55 14  160 34  60.26 0.20  0.0    9 18.5  9.2      5270
 5271 2021- 7-29 11:09     - 55 13  160 52  32.19 0.12  0.0   10 13.0  1.2      5271
 *** DISTANCE & RESIDUAL WEIGHTING CANCELLED FOR EVENT: 2021  7 29 11 10
 5272 2021- 7-29 11:09     # 54 57  161 23  15.00 3.37  0.0    5 36.6 37.8      5272
 *** DISTANCE & RESIDUAL WEIGHTING CANCELLED FOR EVENT: 2021  7 29 11 17
 5273 2021- 7-29 11:17     # 55 26  161 22  14.99 0.81  0.0    7 24.3 31.5      5273
 5274 2021- 7-29 11:17     - 55 26  162 26   8.16 0.02  0.0    4  1.1 11.2      5274
 5275 2021- 7-29 11:24     - 54 50  163 29  14.69 0.21  0.0    6  9.8 19.0      5275
 5276 2021- 7-29 11:24     # 54 42  161 22  67.63 0.57  0.0    8 18.8 12.2      5276
 5277 2021- 7-29 11:29     - 55 13  160 38  34.85 0.20  0.0   11 15.0 16.7      5277
 *** DISTANCE & RESIDUAL WEIGHTING CANCELLED FOR EVENT: 2021  7 29 11 30
 5278 2021- 7-29 11:30     # 55 18  161 33   2.55 0.76  0.0    6  8.7 11.4      5278
 5279 2021- 7-29 11:31     - 55 11  162 18  42.01 0.64  0.0    6 40.6 25.7      5279
 5280 2021- 7-29 11:41     - 55 16  160 33  55.76 0.15  0.0    9 15.8  7.5      5280
  SEQ ---DATE--- TIME REMARK -LAT-  --LON-  DEPTH  RMS PMAG  NUM  ERH  ERZ  ID
 5281 2021- 7-29 11:42     - 55 29  160 35  14.96 0.09  0.0    5  5.8 12.0      5281
 5282 2021- 7-29 11:48     - 55 16  161 22  26.74 0.20  0.0    8 12.8  6.9      5282
 5283 2021- 7-29 11:48     - 55 31  161  4  16.95 0.16  0.0    4 13.8 18.3      5283
 *** DISTANCE & RESIDUAL WEIGHTING CANCELLED FOR EVENT: 2021  7 29 11 56
 5284 2021- 7-29 11:56     # 55 33  162 22  14.73 0.99  0.0    5  9.7 51.2      5284
 5285 2021- 7-29 12:17     - 55 15  161 16   8.70 0.06  0.0    6  2.3 12.2      5285
 5286 2021- 7-29 12:18       55 14  161 14  37.19 0.30  0.0   10  3.1  4.6      5286
 5287 2021- 7-29 12:18     - 55 28  161  9   9.06 0.47  0.0    4  5.2 38.3      5287
 *** DISTANCE & RESIDUAL WEIGHTING CANCELLED FOR EVENT: 2021  7 29 12 24
 5288 2021- 7-29 12:24     # 55 22  161 27  15.00 0.96  0.0    6 13.6 28.8      5288
 5289 2021- 7-29 12:24     - 55 34  161  3   8.70 0.29  0.0    4 21.7 26.1      5289
 5290 2021- 7-29 12:28     - 55  7  160 42  15.01 0.35  0.0   10 25.2 31.6      5290
 *** DISTANCE & RESIDUAL WEIGHTING CANCELLED FOR EVENT: 2021  7 29 12 29
 5291 2021- 7-29 12:29     - 55 24  162 17  15.00 0.71  0.0    5 13.5 40.9      5291
 5292 2021- 7-29 12:32     - 55 12  160 42  15.53 0.12  0.0   10  6.7 13.8      5292
 5293 2021- 7-29 16:00     - 55 13  160 17  32.64 0.37  0.0    8 29.4 33.1      5293
 *** DISTANCE & RESIDUAL WEIGHTING CANCELLED FOR EVENT: 2021  7 29 16  0
 5294 2021- 7-29 16:00     - 55 10  161 18  38.72 0.16  0.0    4 13.3  3.9      5294
 *** DISTANCE & RESIDUAL WEIGHTING CANCELLED FOR EVENT: 2021  7 29 16  1
 5295 2021- 7-29 16:00     # 55 21  161 31  15.00 1.02  0.0    6 14.8 17.3      5295
  SEQ ---DATE--- TIME REMARK -LAT-  --LON-  DEPTH  RMS PMAG  NUM  ERH  ERZ  ID
 5296 2021- 7-29 16:08     - 55 15  161  4  33.07 0.24  0.0    8 14.8 14.6      5296
 5297 2021- 7-29 16:09     - 55  9  160 41  15.00 0.33  0.0   10 25.8 29.8      5297
 *** DISTANCE & RESIDUAL WEIGHTING CANCELLED FOR EVENT: 2021  7 29 16 27
 5298 2021- 7-29 16:26     # 55 19  161 45  15.00 2.11  0.0    4 78.7 60.1      5298
 *** DISTANCE & RESIDUAL WEIGHTING CANCELLED FOR EVENT: 2021  7 29 16 31
 5299 2021- 7-29 16:30     - 55  6  160 21  15.00 0.88  0.0    4 33.3 66.1      5299
 5300 2021- 7-29 16:38       55 16  160 52  56.76 0.15  0.0   10  2.8  3.8      5300
 5301 2021- 7-29 17:00     - 55 16  160 51  33.40 0.15  0.0    9 14.7 16.6      5301
 5302 2021- 7-29 17:00     - 55 28  161 35   6.63 0.22  0.0    4 17.3 16.1      5302
 *** DISTANCE & RESIDUAL WEIGHTING CANCELLED FOR EVENT: 2021  7 29 17  4
 5303 2021- 7-29 17:04     # 55 18  161 34  48.94 0.57  0.0    8 22.7 15.6      5303
 5304 2021- 7-29 17:04       55 25  161 40  46.37 0.00  0.0    4  5.2  3.8      5304
 5305 2021- 7-29 17:04       55 17  161 35  15.00 1.50  0.0    5 26.0 18.9      5305
 *** DISTANCE & RESIDUAL WEIGHTING CANCELLED FOR EVENT: 2021  7 29 17  8
 5306 2021- 7-29 17:08     - 55 23  161 44  13.70 0.23  0.0    4 18.2 12.6      5306
 5307 2021- 7-29 17:22     - 55 12  161  5  17.44 0.14  0.0    8 13.2 16.0      5307
 5308 2021- 7-29 17:23     - 55 15  162  4  53.44 0.50  0.0    5 17.3 30.3      5308
 5309 2021- 7-29 17:28     - 55 26  162 56  31.38 0.05  0.0    5  6.9 10.6      5309
 *** DISTANCE & RESIDUAL WEIGHTING CANCELLED FOR EVENT: 2021  7 29 17 29
 5310 2021- 7-29 17:29     # 55 54  161 44  15.00 0.60  0.0    5 17.4  7.9      5310
  SEQ ---DATE--- TIME REMARK -LAT-  --LON-  DEPTH  RMS PMAG  NUM  ERH  ERZ  ID
 5311 2021- 7-29 17:33     # 55  8  161 14  23.66 0.21  0.0   10  3.5  5.8      5311
 5312 2021- 7-29 17:33     - 55 41  162 43  14.29 0.04  0.0    4  8.0  9.4      5312
 5313 2021- 7-29 17:34     - 55 31  161 22  17.56 0.18  0.0    5 19.3  6.1      5313
 5314 2021- 7-29 17:34     - 55 15  160 59  10.94 0.40  0.0    6 23.6 28.1      5314
 5315 2021- 7-29 17:52       55 16  160 46  49.91 0.13  0.0   13  3.0  4.3      5315
 5316 2021- 7-29 17:52     - 54 59  162  1  13.26 0.07  0.0    4  9.3 13.1      5316
 5317 2021- 7-29 18:14     - 54 57  160 20  15.01 0.31  0.0    9 25.0 28.6      5317
 5318 2021- 7-29 18:14       55 10  161 13  31.68 0.00  0.0    4  5.6  1.0      5318
 5319 2021- 7-29 18:15       55 26  162  5  15.87 0.00  0.0    4  3.6  5.8      5319
 *** DISTANCE & RESIDUAL WEIGHTING CANCELLED FOR EVENT: 2021  7 29 18 17
 5320 2021- 7-29 18:17     # 55 12  161 33  25.73 0.51  0.0    5 15.2 13.3      5320
 5321 2021- 7-29 18:18     - 55 11  161 18   7.52 0.11  0.0    4  1.9 15.4      5321
 5322 2021- 7-29 18:38       55 21  160 55  16.36 0.19  0.0    8  4.7  1.7      5322
 5323 2021- 7-29 18:38     - 55  5  161 26  35.94 0.31  0.0    6 22.1  8.2      5323
 5324 2021- 7-29 18:46       55 18  160 56  48.91 0.19  0.0    6  8.4  9.5      5324
 5325 2021- 7-29 18:53     - 54 27  161 54  16.23 0.03  0.0    4  5.8 11.3      5325
  SEQ ---DATE--- TIME REMARK -LAT-  --LON-  DEPTH  RMS PMAG  NUM  ERH  ERZ  ID
 5326 2021- 7-29 18:53     - 54 41  161 57  11.92 0.01  0.0    4  6.0  8.1      5326
 5327 2021- 7-29 19:12     - 55 33  160 38  17.02 0.29  0.0   10  4.4 27.2      5327
 5328 2021- 7-29 19:12       55 28  161 41  26.94 0.00  0.0    4  6.0  3.6      5328
 5329 2021- 7-29 19:30     - 55 50  162 36  13.67 0.01  0.0    4  9.6  7.9      5329
 5330 2021- 7-29 19:53       55 17  160 54  29.70 0.25  0.0   12  4.0  1.2      5330
 *** DISTANCE & RESIDUAL WEIGHTING CANCELLED FOR EVENT: 2021  7 29 20 16
 5331 2021- 7-29 20:16     # 55 14  162 16  15.00 0.19  0.0    4  5.5  9.4      5331
 5332 2021- 7-29 20:21     - 55 30  160 49  36.98 0.23  0.0    9 15.1 16.3      5332
 5333 2021- 7-29 20:23     - 55 11  161  5  15.01 0.17  0.0    7 15.4  3.0      5333
 5334 2021- 7-29 20:24     # 55 28  161 54  10.52 0.02  0.0    4  2.3  2.7      5334
 5335 2021- 7-29 20:25     - 55 16  160 48  17.66 0.13  0.0    8  2.8 16.3      5335
 5336 2021- 7-29 20:31       55 16  161 14  25.99 0.16  0.0   11  1.9  3.9      5336
 *** DISTANCE & RESIDUAL WEIGHTING CANCELLED FOR EVENT: 2021  7 29 20 31
 5337 2021- 7-29 20:31     - 55 20  161 56  57.38 0.91  0.0    4 76.3 12.4      5337
 5338 2021- 7-29 20:33     - 55 11  160 43  17.55 0.23  0.0   15  2.8 22.9      5338
 5339 2021- 7-29 20:34       55 12  161 46   6.07 0.00  0.0    4  1.4  0.9      5339
 5340 2021- 7-29 20:42       55 23  161 31  33.52 0.22  0.0    6  5.9  1.8      5340
  SEQ ---DATE--- TIME REMARK -LAT-  --LON-  DEPTH  RMS PMAG  NUM  ERH  ERZ  ID
 5341 2021- 7-29 20:43       55  1  161 43   3.92 0.05  0.0    5  2.1  0.7      5341
 *** DISTANCE & RESIDUAL WEIGHTING CANCELLED FOR EVENT: 2021  7 30  0  0
 5342 2021- 7-29 23:59     - 55 21  162 11  26.80 0.20  0.0    5  3.5 14.8      5342
 5343 2021- 7-30  0:55       55 24  161 10  22.20 0.13  0.0    7  4.0  7.1      5343
 5344 2021- 7-30  1:12     - 55 15  161 41  14.36 0.04  0.0    4  8.9  9.2      5344
 5345 2021- 7-30  1:27     - 55 13  160 42  17.12 0.35  0.0   12  4.5 31.4      5345
 5346 2021- 7-30  2:00     - 55 15  160 57  17.99 0.04  0.0    4  3.5 12.7      5346
 5347 2021- 7-30  2:56     - 55 11  160 44  32.30 0.17  0.0   10  8.3 16.0      5347
 *** DISTANCE & RESIDUAL WEIGHTING CANCELLED FOR EVENT: 2021  7 30  2 57
 5348 2021- 7-30  2:57     - 55 17  162 16  16.68 0.21  0.0    4 14.9 12.6      5348
 *** DISTANCE & RESIDUAL WEIGHTING CANCELLED FOR EVENT: 2021  7 30  2 57
 5349 2021- 7-30  2:57     - 55 15  162  0  13.45 0.17  0.0    4 14.3  7.5      5349
 5350 2021- 7-30  3:37     - 55 22  161  8  14.85 0.06  0.0    4  3.7 12.6      5350
 5351 2021- 7-30  3:37       55 14  161 38  21.73 0.12  0.0    5  4.7  2.3      5351
 5352 2021- 7-30  3:52     - 55 13  160 37  15.48 0.20  0.0   11  8.9 18.1      5352
 5353 2021- 7-30  4:12       55 17  160 51  45.57 0.18  0.0   14  2.8  4.8      5353
 5354 2021- 7-30  4:22     - 55 10  161 19  26.11 0.12  0.0    7 14.2  4.4      5354
 5355 2021- 7-30  4:22       55 21  161 36  20.70 0.06  0.0    5  2.1  1.8      5355
  SEQ ---DATE--- TIME REMARK -LAT-  --LON-  DEPTH  RMS PMAG  NUM  ERH  ERZ  ID
 5356 2021- 7-30  5:12     - 55 12  161 40  23.29 0.01  0.0    4  7.7  4.7      5356
 *** DISTANCE & RESIDUAL WEIGHTING CANCELLED FOR EVENT: 2021  7 30  5 13
 5357 2021- 7-30  5:13     - 55  7  161  4  22.48 0.32  0.0    4 20.0 23.1      5357
 5358 2021- 7-30  5:32     - 55 10  160 50  33.37 0.17  0.0   10 16.4 18.7      5358
 5359 2021- 7-30  5:32       55 13  161 39  16.28 0.09  0.0    6  3.0  3.0      5359
 5360 2021- 7-30  5:41     - 55 14  161  1  32.29 0.21  0.0   10 16.8  1.1      5360
 5361 2021- 7-30  5:42       55 13  162 16  18.28 0.00  0.0    4  2.2  1.1      5361
 5362 2021- 7-30  5:49       55 14  160 28  13.65 0.29  0.0   13  3.0  3.1      5362
 5363 2021- 7-30  5:50     - 55  4  162  1  15.01 0.06  0.0    4  6.8 11.5      5363
 5364 2021- 7-30  6:27     - 54 43  161 13  12.04 0.05  0.0    4  4.0 12.3      5364
 5365 2021- 7-30  6:47       55 30  161  4  32.60 0.19  0.0    9  4.6  1.0      5365
 5366 2021- 7-30  6:47     - 55 19  161 13  15.68 0.20  0.0    4 15.3 11.1      5366
 *** DISTANCE & RESIDUAL WEIGHTING CANCELLED FOR EVENT: 2021  7 30  7 25
 5367 2021- 7-30  7:25     - 55  2  162  7  19.02 0.94  0.0    4 68.6 38.3      5367
 5368 2021- 7-30  7:25     - 55 13  160 41  15.07 0.19  0.0   10  8.9 18.0      5368
 *** DISTANCE & RESIDUAL WEIGHTING CANCELLED FOR EVENT: 2021  7 30  7 44
 5369 2021- 7-30  7:44     - 55 17  161 55  22.95 0.31  0.0    4 14.5 15.0      5369
 5370 2021- 7-30  7:44     - 55 15  160 33  14.99 0.20  0.0    4 18.2 20.4      5370
  SEQ ---DATE--- TIME REMARK -LAT-  --LON-  DEPTH  RMS PMAG  NUM  ERH  ERZ  ID
 5371 2021- 7-30  7:59     - 55 22  162 17  15.00 0.17  0.0    5  2.7 15.6      5371
 5372 2021- 7-30  8:40       55  5  161 44  11.42 0.03  0.0    5  2.0  1.5      5372
 5373 2021- 7-30  9:27       55  7  162 46  15.47 0.55  0.0    7 11.1  6.2      5373
 5374 2021- 7-30  9:28     - 55 23  161  7  17.17 0.05  0.0    4  1.8 13.2      5374
 5375 2021- 7-30  9:55       54 58  161 29  13.53 0.01  0.0    4  2.7  6.5      5375
 *** DISTANCE & RESIDUAL WEIGHTING CANCELLED FOR EVENT: 2021  7 30  9 55
 5376 2021- 7-30  9:55     - 55  7  160 59  11.43 0.34  0.0    4  5.8 30.9      5376
 5377 2021- 7-30  9:58       55  7  161 49   9.38 0.12  0.0    8  1.3  1.6      5377
 5378 2021- 7-30  9:59     - 55 44  160 53   8.82 0.22  0.0    5  5.3 21.8      5378
 5379 2021- 7-30 10:21     - 55 15  160 40  16.97 0.22  0.0   10  9.6 19.4      5379
 *** DISTANCE & RESIDUAL WEIGHTING CANCELLED FOR EVENT: 2021  7 30 10 30
 5380 2021- 7-30 10:30     # 55  6  162  8  22.74 0.29  0.0    4  5.5 13.8      5380
 *** DISTANCE & RESIDUAL WEIGHTING CANCELLED FOR EVENT: 2021  7 30 11 56
 5381 2021- 7-30 11:55     - 55 16  160 59  15.00 0.69  0.0    5 42.6  8.7      5381
 5382 2021- 7-30 12:34     - 55 27  161 39  18.73 0.04  0.0    4 10.7  6.5      5382
 5383 2021- 7-30 12:34     - 55 26  161  7  32.95 0.06  0.0    5 10.2  0.9      5383
 5384 2021- 7-30 12:38       55  1  161 26  17.42 0.08  0.0    6  4.6  3.9      5384
 *** DISTANCE & RESIDUAL WEIGHTING CANCELLED FOR EVENT: 2021  7 30 12 53
 5385 2021- 7-30 12:53     # 55 18  161 32  14.60 0.43  0.0    5 12.7 11.4      5385
 *** DISTANCE & RESIDUAL WEIGHTING CANCELLED FOR EVENT: 2021  7 30 12 53
  SEQ ---DATE--- TIME REMARK -LAT-  --LON-  DEPTH  RMS PMAG  NUM  ERH  ERZ  ID
 5386 2021- 7-30 12:53     - 55 11  161 11  13.70 0.61  0.0    4 48.8 36.3      5386
 5387 2021- 7-30 13:28     - 55 13  160 52  17.63 0.21  0.0   10  3.7 20.6      5387
 5388 2021- 7-30 13:29       55 15  161 19  16.62 0.15  0.0    5  4.4  3.4      5388
 5389 2021- 7-30 13:53     # 55 24  161 19  14.99 0.50  0.0    6 22.2 15.0      5389
 5390 2021- 7-30 14:20       55 15  161 35  19.91 0.05  0.0    6  4.3  4.6      5390
 *** DISTANCE & RESIDUAL WEIGHTING CANCELLED FOR EVENT: 2021  7 30 14 21
 5391 2021- 7-30 14:21     # 55 26  161 52  14.99 0.86  0.0    4 12.9 10.2      5391
 5392 2021- 7-30 14:31     - 55 21  161 17   7.22 0.08  0.0    4  5.0 14.0      5392
 5393 2021- 7-30 14:31     - 55 10  161 18  14.04 0.09  0.0    4  9.7  8.8      5393
 5394 2021- 7-30 14:35       55  4  161  1  16.41 0.34  0.0    6  6.8  5.2      5394
 5395 2021- 7-30 14:39     - 55  6  161 41  13.30 0.04  0.0    4 11.6  4.4      5395
 5396 2021- 7-30 14:42     - 55 12  160 49  17.87 0.27  0.0   16  2.4 23.9      5396
 5397 2021- 7-30 14:42     # 55 17  161 51  18.65 2.94  0.0    9 17.1 28.4      5397
 5398 2021- 7-30 14:44     - 55 14  160 55  20.64 0.21  0.0    8  4.1 18.0      5398
 5399 2021- 7-30 14:58     - 55 15  160 54  33.33 0.19  0.0   10 16.4 19.2      5399
 5400 2021- 7-30 14:59       55  9  161 42  26.31 0.03  0.0    5  2.0  1.2      5400
 *** DISTANCE & RESIDUAL WEIGHTING CANCELLED FOR EVENT: 2021  7 30 15 27
  SEQ ---DATE--- TIME REMARK -LAT-  --LON-  DEPTH  RMS PMAG  NUM  ERH  ERZ  ID
 5401 2021- 7-30 15:27     # 55 17  161 44  14.99 0.76  0.0    5 17.5  4.6      5401
 5402 2021- 7-30 16:57     - 54 26  161 48  19.14 0.20  0.0   10  2.0 20.0      5402
 5403 2021- 7-30 19:03     - 54 37  161 21  13.20 0.02  0.0    4  3.2 12.2      5403
 5404 2021- 7-30 19:16     - 55 13  160 50  17.22 0.28  0.0   11  3.4 26.5      5404
 5405 2021- 7-30 20:11     - 54 20  161 43  14.66 0.28  0.0    4 25.1 23.6      5405
 5406 2021- 7-30 21:25     - 54 19  161 28  15.56 0.15  0.0    6  8.0 15.7      5406
 5407 2021- 7-30 21:45     - 55 13  160 54  17.65 0.23  0.0   10  3.6 22.3      5407
 5408 2021- 7-30 21:55     - 55 27  161 17  25.18 0.04  0.0    4 12.6  8.1      5408
 5409 2021- 7-30 22:12     - 55 16  160 51  21.03 0.19  0.0    6 18.3 16.1      5409
 5410 2021- 7-30 23:32     - 55 19  160 57  47.90 0.10  0.0    7 12.6  4.8      5410
 5411 2021- 7-30 23:42     - 55 15  160 57  17.00 0.16  0.0   10 15.7 18.5      5411
 5412 2021- 7-31  0:59     - 55 16  161 14  30.63 0.17  0.0    8 12.0  7.3      5412
 5413 2021- 7-31  1:48     - 54 35  161 21  16.40 0.03  0.0    4  5.5 11.4      5413
 5414 2021- 7-31  3:25     - 55 14  161 13  28.50 0.19  0.0    8 13.9  6.8      5414
 5415 2021- 7-31  3:31     - 55 16  161 38  14.00 0.06  0.0    4  9.6  9.1      5415
  SEQ ---DATE--- TIME REMARK -LAT-  --LON-  DEPTH  RMS PMAG  NUM  ERH  ERZ  ID
 5416 2021- 7-31  4:20     - 55 18  161  9  44.44 0.25  0.0    6 16.5  8.0      5416
 5417 2021- 7-31  4:48     - 55 32  161 10  29.36 0.26  0.0    6 18.7 12.0      5417
 5418 2021- 7-31  5:03     - 55 19  161  0  47.72 0.17  0.0    7 14.3  5.2      5418
 5419 2021- 7-31  5:05     - 55 23  160 60  17.35 0.17  0.0    5  2.7 18.9      5419
 5420 2021- 7-31 11:13     - 55 24  161 32  10.48 0.07  0.0    4 13.3  6.1      5420
 5421 2021- 7-31 11:31     - 55  0  161 18  15.00 0.08  0.0    4 10.4 14.1      5421
 5422 2021- 7-31 12:12     - 54 31  161 54  16.96 0.16  0.0   15  7.7 15.1      5422
 5423 2021- 7-31 12:58     - 55 12  161 44  14.37 0.06  0.0    4  9.7  8.2      5423
 5424 2021- 7-31 14:04       54 58  162 26  24.65 0.25  0.0    5  3.8  8.6      5424
 5425 2021- 7-31 15:28     - 55 17  160 46  47.66 0.17  0.0    8 15.5  6.1      5425
 5426 2021- 7-31 15:40     - 55 22  161 35  13.53 0.22  0.0    4  9.8 19.0      5426
 5427 2021- 7-31 18:04     - 55 23  161 19  41.19 0.31  0.0    9 18.2 11.3      5427
 5428 2021- 7-31 18:28     - 55  2  161 33  26.84 0.07  0.0    5 11.3  4.2      5428
 5429 2021- 7-31 19:15     - 55 27  161 10  43.92 0.28  0.0    5 24.0 10.2      5429
 5430 2021- 7-31 19:29     - 55 19  161 10  40.81 0.19  0.0    5 15.1  6.2      5430
  SEQ ---DATE--- TIME REMARK -LAT-  --LON-  DEPTH  RMS PMAG  NUM  ERH  ERZ  ID
 5431 2021- 7-31 19:38     - 54 22  161 55  17.21 0.21  0.0    6  5.9 21.3      5431
 5432 2021- 7-31 23:17     - 54 58  160 48  17.02 0.46  0.0   12  2.6 40.5      5432
 5433 2021- 7-31 23:59     - 55 19  162  4  15.00 0.05  0.0    4  1.3 12.7      5433
 5434 2021- 8- 1  1:20     - 54 31  162  7  17.74 0.10  0.0    4  2.5 14.8      5434
 5435 2021- 8- 1  1:49       55 15  161 25  21.41 0.16  0.0    9  2.8  3.8      5435
 *** DISTANCE & RESIDUAL WEIGHTING CANCELLED FOR EVENT: 2021  8  1  1 50
 5436 2021- 8- 1  1:50     # 55  6  161 42  14.97 0.48  0.0    4 21.1  5.7      5436
 *** DISTANCE & RESIDUAL WEIGHTING CANCELLED FOR EVENT: 2021  8  1  1 50
 5437 2021- 8- 1  1:49     # 55  7  161  2  14.99 0.61  0.0    4 11.2  7.0      5437
 *** DISTANCE & RESIDUAL WEIGHTING CANCELLED FOR EVENT: 2021  8  1  3 51
 5438 2021- 8- 1  3:50     - 55 42  162 26  15.00 1.00  0.0    4 66.3 49.3      5438
 5439 2021- 8- 1  4:56     - 55 15  163 20  14.19 0.25  0.0    6 19.5 13.5      5439
 5440 2021- 8- 1  4:56     - 54 27  161 25  33.54 0.19  0.0    7  4.6 20.2      5440
 5441 2021- 8- 1  5:37     - 55  8  161  1  17.86 0.27  0.0    9  4.7 23.3      5441
 *** DISTANCE & RESIDUAL WEIGHTING CANCELLED FOR EVENT: 2021  8  1  5 38
 5442 2021- 8- 1  5:38     - 55 15  161 15  52.46 0.43  0.0    5 24.5 15.1      5442
 5443 2021- 8- 1  5:56     - 55 13  160 36  15.17 0.15  0.0   10  7.6 15.4      5443
 5444 2021- 8- 1  5:57     - 55 41  162  2  12.29 0.02  0.0    4  6.6 12.2      5444
 5445 2021- 8- 1  5:57     # 55 17  162 42  23.96 0.67  0.0    5  5.6 32.7      5445
  SEQ ---DATE--- TIME REMARK -LAT-  --LON-  DEPTH  RMS PMAG  NUM  ERH  ERZ  ID
 5446 2021- 8- 1  6:07     - 54 50  161  3  12.64 0.10  0.0    5  9.9  7.6      5446
 5447 2021- 8- 1  6:08     - 55 19  161  8   9.74 0.13  0.0    4  3.4 15.7      5447
 5448 2021- 8- 1  6:37     # 54 26  163  3  17.97 0.17  0.0   12  5.6  3.2      5448
 5449 2021- 8- 1  6:37     - 54 57  162 50  15.06 0.24  0.0    4 21.0 21.8      5449
 5450 2021- 8- 1  7:42     - 54 58  161 27   8.64 0.06  0.0    5  8.4 10.2      5450
 5451 2021- 8- 1  7:43     - 55  5  161 14   6.97 0.63  0.0    6  7.5 53.5      5451
 5452 2021- 8- 1  7:50     - 54 42  160 57  38.18 0.19  0.0   10 14.7 12.8      5452
 5453 2021- 8- 1  7:51       55 10  161 53   5.27 0.19  0.0    8  0.8  0.6      5453
 5454 2021- 8- 1  8:59       55 22  160 43  31.29 0.30  0.0   10  6.3  1.2      5454
 5455 2021- 8- 1  9:00     - 54 50  160 44  15.01 0.53  0.0    5 39.9 45.6      5455
 5456 2021- 8- 1  9:50     - 54 59  160 33  15.00 0.26  0.0   10 21.8 25.0      5456
 5457 2021- 8- 1  9:51     - 55  1  160 52  15.02 0.59  0.0    8 35.4 50.8      5457
 5458 2021- 8- 1 10:08     - 55  7  161 13  15.14 0.10  0.0    6  3.0 12.4      5458
 *** DISTANCE & RESIDUAL WEIGHTING CANCELLED FOR EVENT: 2021  8  1 10  9
 5459 2021- 8- 1 10:09     - 55 10  161 16   9.47 0.68  0.0    4 39.4 56.3      5459
 *** DISTANCE & RESIDUAL WEIGHTING CANCELLED FOR EVENT: 2021  8  1 10 28
 5460 2021- 8- 1 10:28     # 55  6  161 54  15.00 1.25  0.0    5 15.8 10.6      5460
  SEQ ---DATE--- TIME REMARK -LAT-  --LON-  DEPTH  RMS PMAG  NUM  ERH  ERZ  ID
 5461 2021- 8- 1 11:52       55 20  160 55  45.18 0.11  0.0    8  2.8  3.4      5461
 *** DISTANCE & RESIDUAL WEIGHTING CANCELLED FOR EVENT: 2021  8  1 12 10
 5462 2021- 8- 1 12:10     # 55  8  161 48  15.00 1.34  0.0    5 14.2  4.7      5462
 5463 2021- 8- 1 13:04     - 54 46  160 48  15.00 0.20  0.0   11 16.5 21.1      5463
 5464 2021- 8- 1 13:04     - 54 40  160 44  34.75 0.18  0.0    9 13.1 18.3      5464
 5465 2021- 8- 1 13:43     # 55 26  162 30  15.37 1.87  0.0   16  7.7 55.0      5465
 5466 2021- 8- 1 13:43     - 55  5  161 16  33.82 0.11  0.0    5 12.2  2.3      5466
 5467 2021- 8- 1 14:44       55 10  160 38  14.56 0.22  0.0   13  2.6  2.5      5467
 5468 2021- 8- 1 14:45     - 55 45  162  1  24.31 0.20  0.0    4  9.7 18.0      5468
 5469 2021- 8- 1 15:27     - 54 59  160 16  15.00 0.38  0.0   10 31.7 33.6      5469
 5470 2021- 8- 1 15:28     - 55 11  160 31  15.04 0.78  0.0   10 49.6 65.8      5470
 *** DISTANCE & RESIDUAL WEIGHTING CANCELLED FOR EVENT: 2021  8  1 16  0
 5471 2021- 8- 1 15:59     # 55 19  162  3  15.00 3.29  0.0    5 39.8 71.3      5471
 5472 2021- 8- 1 16:11     - 55 11  161 12  26.22 0.18  0.0    8 13.8  7.4      5472
 5473 2021- 8- 1 16:11       55 15  161 38  14.53 0.11  0.0    6  1.8  1.3      5473
 *** DISTANCE & RESIDUAL WEIGHTING CANCELLED FOR EVENT: 2021  8  1 19 35
 5474 2021- 8- 1 19:35     - 55 26  161 38   1.04 0.37  0.0    4 18.8 26.1      5474
 5475 2021- 8- 1 20:01     - 55 15  161  7  33.47 0.08  0.0    7 12.2  5.0      5475
 *** DISTANCE & RESIDUAL WEIGHTING CANCELLED FOR EVENT: 2021  8  1 20  2
  SEQ ---DATE--- TIME REMARK -LAT-  --LON-  DEPTH  RMS PMAG  NUM  ERH  ERZ  ID
 5476 2021- 8- 1 20:02     - 55 16  162  5  18.10 1.88  0.0    5 97.9 33.0      5476
 5477 2021- 8- 1 20:37       54 44  162 52  63.94 0.00  0.0    4  5.9  2.5      5477
 5478 2021- 8- 1 21:35       55 18  161  4  39.00 0.13  0.0    9  2.5  3.1      5478
 5479 2021- 8- 1 21:45     - 54 41  160 46  15.01 0.15  0.0    6 16.5 17.8      5479
 5480 2021- 8- 1 21:45     - 54 39  160 52  34.90 0.29  0.0    7 20.5 22.7      5480
 5481 2021- 8- 2  0:25     - 54 56  161 32  26.13 0.13  0.0    7 14.7  3.6      5481
 5482 2021- 8- 2  0:57     - 54 38  161  6  13.60 0.28  0.0   14 10.9 21.7      5482
 5483 2021- 8- 2  4:48       55 11  161  2  32.76 0.09  0.0    8  2.6  0.6      5483
 *** DISTANCE & RESIDUAL WEIGHTING CANCELLED FOR EVENT: 2021  8  2  4 49
 5484 2021- 8- 2  4:49     # 55 28  162  0  14.99 1.30  0.0    5 12.0 23.7      5484
 *** DISTANCE & RESIDUAL WEIGHTING CANCELLED FOR EVENT: 2021  8  2  5 21
 5485 2021- 8- 2  5:21     - 55 31  162  3  14.93 0.00  0.0    4  5.9 10.6      5485
 5486 2021- 8- 2  5:24     - 55 25  161 19  53.46 0.18  0.0    7 11.3  9.0      5486
 5487 2021- 8- 2  5:24     - 55 21  160 58   5.60 0.46  0.0    5 16.6 36.3      5487
 *** DISTANCE & RESIDUAL WEIGHTING CANCELLED FOR EVENT: 2021  8  2  5 30
 5488 2021- 8- 2  5:30     - 55 29  161 40  21.55 1.06  0.0    4 87.0 16.4      5488
 5489 2021- 8- 2  5:52     - 54 55  161  3  16.73 0.11  0.0    6  6.8 13.9      5489
 *** DISTANCE & RESIDUAL WEIGHTING CANCELLED FOR EVENT: 2021  8  2  6 32
 5490 2021- 8- 2  6:31     - 54 57  162 29   7.64 0.28  0.0    4 26.1 23.9      5490
 *** DISTANCE & RESIDUAL WEIGHTING CANCELLED FOR EVENT: 2021  8  2  6 32
  SEQ ---DATE--- TIME REMARK -LAT-  --LON-  DEPTH  RMS PMAG  NUM  ERH  ERZ  ID
 5491 2021- 8- 2  6:32     # 55  2  162 43  14.99 0.25  0.0    4  4.3 15.6      5491
 5492 2021- 8- 2  7:16     - 55 19  160 54  33.18 0.09  0.0    9  3.2 13.9      5492
 5493 2021- 8- 2  8:00     - 54 31  161  8  15.69 0.15  0.0   11  7.3 14.4      5493
 5494 2021- 8- 2  9:02     - 55  0  161  1  13.63 0.06  0.0    4 11.8 13.3      5494
 5495 2021- 8- 2 13:21     - 54 19  162 46  15.25 0.09  0.0    9  6.5 13.1      5495
 5496 2021- 8- 2 13:24       55  5  161 39  15.62 0.07  0.0    6  1.5  3.3      5496
 *** DISTANCE & RESIDUAL WEIGHTING CANCELLED FOR EVENT: 2021  8  2 13 25
 5497 2021- 8- 2 13:24     # 55 29  161 51  16.44 1.15  0.0    5 24.1 15.0      5497
 *** DISTANCE & RESIDUAL WEIGHTING CANCELLED FOR EVENT: 2021  8  2 13 39
 5498 2021- 8- 2 13:39     - 54 56  161 27  15.00 0.12  0.0    4  3.4 16.1      5498
 5499 2021- 8- 2 13:39     - 55  3  162 43  15.04 0.03  0.0    4  2.4 12.4      5499
 5500 2021- 8- 2 17:31     - 55  8  162 18  23.38 2.84  0.0    4 98.6 46.1      5500
 *** DISTANCE & RESIDUAL WEIGHTING CANCELLED FOR EVENT: 2021  8  2 18 34
 5501 2021- 8- 2 18:34     - 55 14  161 31  13.71 0.22  0.0    4 18.9 11.3      5501
 5502 2021- 8- 2 19:47     - 54 56  161 30  27.24 0.24  0.0    6 19.5  7.7      5502
 5503 2021- 8- 2 19:47     - 54 56  161 38  22.10 0.07  0.0    5  9.9  1.8      5503
 5504 2021- 8- 2 20:10     - 54 17  162 20  15.83 0.20  0.0    4 20.4 18.6      5504
 5505 2021- 8- 2 21:57       55  3  161 36  12.66 0.08  0.0    6  2.6  7.8      5505
  SEQ ---DATE--- TIME REMARK -LAT-  --LON-  DEPTH  RMS PMAG  NUM  ERH  ERZ  ID
 5506 2021- 8- 2 21:57       55 10  161 58  26.54 0.01  0.0    4  0.8  1.7      5506
 5507 2021- 8- 2 22:36     - 55 23  161 25  50.12 0.48  0.0   10 22.1 20.4      5507
 *** DISTANCE & RESIDUAL WEIGHTING CANCELLED FOR EVENT: 2021  8  2 23 42
 5508 2021- 8- 2 23:42     - 54 42  162 49  15.00 0.29  0.0    4 21.7 16.1      5508
 5509 2021- 8- 3  3:28     - 54 47  161  5  15.28 0.19  0.0   16  7.1 13.8      5509
 *** DISTANCE & RESIDUAL WEIGHTING CANCELLED FOR EVENT: 2021  8  3  3 44
 5510 2021- 8- 3  3:44     - 55 33  162 15  15.00 0.46  0.0    5 11.8 28.2      5510
 5511 2021- 8- 3  6:38     - 54 16  162 17  15.52 0.22  0.0    4 21.6 19.7      5511
 5512 2021- 8- 3  6:43     - 55 25  161 22   7.30 0.23  0.0    6 14.2 17.2      5512
 5513 2021- 8- 3  6:44     - 55 15  161 50  14.68 0.28  0.0    4  5.2 19.4      5513
 *** DISTANCE & RESIDUAL WEIGHTING CANCELLED FOR EVENT: 2021  8  3  7 33
 5514 2021- 8- 3  7:33     # 55  9  161  2  15.05 0.52  0.0    4  8.9  3.8      5514
 5515 2021- 8- 3  7:40       55 14  161  2  47.58 0.16  0.0   10  4.2  5.0      5515
 5516 2021- 8- 3  7:40     - 55 21  162 10  14.69 0.09  0.0    4  2.8 12.2      5516
 5517 2021- 8- 3  8:24     - 54 43  160 23  12.46 0.10  0.0    8  6.5 13.0      5517
 *** DISTANCE & RESIDUAL WEIGHTING CANCELLED FOR EVENT: 2021  8  3  9 28
 5518 2021- 8- 3  9:28     - 55  9  161 34  15.00 0.70  0.0    4 39.2 21.6      5518
 *** DISTANCE & RESIDUAL WEIGHTING CANCELLED FOR EVENT: 2021  8  3 16  2
 5519 2021- 8- 3 16:02     - 55 29  161 12  14.74 0.06  0.0    5  3.0 11.8      5519
 5520 2021- 8- 3 16:43     - 54 52  162 21  13.40 0.09  0.0    7 12.2  7.6      5520
  SEQ ---DATE--- TIME REMARK -LAT-  --LON-  DEPTH  RMS PMAG  NUM  ERH  ERZ  ID
 5521 2021- 8- 3 16:43     - 54 50  162 42  14.91 0.14  0.0    5 16.6  1.1      5521
 5522 2021- 8- 3 16:50     - 54 45  162 23  16.68 0.15  0.0    8 13.1  3.2      5522
 *** DISTANCE & RESIDUAL WEIGHTING CANCELLED FOR EVENT: 2021  8  3 16 50
 5523 2021- 8- 3 16:50     - 54 56  162 11   2.71 0.63  0.0    6 38.3 10.9      5523
 5524 2021- 8- 3 17:49     - 54 47  162 16   7.52 0.12  0.0    5 11.9 10.8      5524
 *** DISTANCE & RESIDUAL WEIGHTING CANCELLED FOR EVENT: 2021  8  3 17 50
 5525 2021- 8- 3 17:50     - 54 45  162 13  15.00 0.79  0.0    5 63.8  4.1      5525
 5526 2021- 8- 3 18:41     - 54 45  160 49  15.00 0.21  0.0   11 17.1 21.3      5526
 5527 2021- 8- 3 18:41     - 54 33  160 24  16.49 0.30  0.0    9 20.9 13.1      5527
 5528 2021- 8- 3 18:43     - 55 16  161 29  11.86 0.05  0.0    4 11.8  6.0      5528
 *** DISTANCE & RESIDUAL WEIGHTING CANCELLED FOR EVENT: 2021  8  3 19 14
 5529 2021- 8- 3 19:14     - 55 35  161 25  14.92 0.53  0.0    4 43.8 18.9      5529
 5530 2021- 8- 3 20:05     - 55 22  160 50  18.96 0.11  0.0    7  1.9 13.8      5530
 5531 2021- 8- 3 21:16     - 55 22  161 36  28.23 0.03  0.0    4  5.9  6.9      5531
 5532 2021- 8- 3 21:30       55 20  160 40  60.58 0.36  0.0   11  7.2  8.6      5532
 *** DISTANCE & RESIDUAL WEIGHTING CANCELLED FOR EVENT: 2021  8  3 21 40
 5533 2021- 8- 3 21:40     # 55 17  161 31  14.82 0.55  0.0    5 31.5 20.7      5533
 5534 2021- 8- 3 22:14     - 55 21  162  2   0.10 0.99  0.0    4 83.1 51.0      5534
 5535 2021- 8- 3 23:31     # 55 18  161 19  18.06 0.36  0.0   11  2.2  5.7      5535
  SEQ ---DATE--- TIME REMARK -LAT-  --LON-  DEPTH  RMS PMAG  NUM  ERH  ERZ  ID
 5536 2021- 8- 3 23:32       55 13  162 12  15.68 0.01  0.0    4  0.8  1.0      5536
 5537 2021- 8- 4  3:18     - 55 21  161  8  44.49 0.24  0.0   10 17.3  4.8      5537
 5538 2021- 8- 4  3:19     - 55 32  161 38   8.95 0.12  0.0    5 12.6  6.5      5538
 *** DISTANCE & RESIDUAL WEIGHTING CANCELLED FOR EVENT: 2021  8  4  4 35
 5539 2021- 8- 4  4:34     - 55 41  161 10  14.99 0.59  0.0    4 49.9 12.3      5539
 5540 2021- 8- 4  5:21       55 15  161 51  12.60 0.04  0.0    5  2.5  1.4      5540
 5541 2021- 8- 4  5:35     - 54 31  161 53   7.49 0.07  0.0    5  1.6 13.6      5541
 5542 2021- 8- 4  5:35     - 54 60  161 58  34.24 0.13  0.0    5 15.2  4.2      5542
 5543 2021- 8- 4  7:21     - 55  2  161 27  27.29 0.27  0.0    8 18.0  6.7      5543
 5544 2021- 8- 4  7:21     - 54 47  160 53  33.53 0.19  0.0    7 14.9 19.7      5544
 5545 2021- 8- 4  8:15     - 54 45  162 56  14.70 0.10  0.0    4 12.0  8.4      5545
 5546 2021- 8- 4 10:09     - 54 23  162  3  16.80 0.17  0.0   13  8.3 16.6      5546
 5547 2021- 8- 4 10:26     - 54 23  162  1  17.77 0.15  0.0   10  1.8 17.2      5547
 5548 2021- 8- 4 11:05     - 55 42  162  3  15.03 0.16  0.0    5  3.8 17.5      5548
 5549 2021- 8- 4 11:05     - 54 55  160 55  17.87 0.13  0.0    6  2.0 16.3      5549
 5550 2021- 8- 4 11:07     - 55 42  161 54  14.36 0.13  0.0    5  4.1 15.9      5550
  SEQ ---DATE--- TIME REMARK -LAT-  --LON-  DEPTH  RMS PMAG  NUM  ERH  ERZ  ID
 5551 2021- 8- 4 14:47     - 55 23  161 22  78.47 0.08  0.0    5  9.1  8.6      5551
 5552 2021- 8- 4 14:48       55 29  161 23  21.08 0.00  0.0    4  1.7  3.2      5552
 5553 2021- 8- 4 16:39     - 55 51  162  8   0.69 0.25  0.0    4 24.6 19.1      5553
 *** DISTANCE & RESIDUAL WEIGHTING CANCELLED FOR EVENT: 2021  8  4 16 50
 5554 2021- 8- 4 16:50     - 55  4  161 40  23.05 0.40  0.0    6 27.0 12.4      5554
 5555 2021- 8- 4 16:50     - 54 59  161 28  23.24 0.13  0.0    5 13.1  2.1      5555
 5556 2021- 8- 4 18:23     - 55 11  161  5  26.45 0.04  0.0    4  3.3 10.2      5556
 *** DISTANCE & RESIDUAL WEIGHTING CANCELLED FOR EVENT: 2021  8  5  0  0
 5557 2021- 8- 4 23:59     # 55 25  161 57   7.50 0.46  0.0    5  3.7 10.3      5557
 *** DISTANCE & RESIDUAL WEIGHTING CANCELLED FOR EVENT: 2021  8  5  0 36
 5558 2021- 8- 5  0:36     # 55  4  162 28  23.03 0.47  0.0    8  8.6  7.3      5558
 5559 2021- 8- 5  1:46       55 26  161 13  65.77 0.09  0.0    6  4.9  1.8      5559
 5560 2021- 8- 5  3:54       55  9  161 25  29.97 0.08  0.0    5  4.2  2.6      5560
 *** DISTANCE & RESIDUAL WEIGHTING CANCELLED FOR EVENT: 2021  8  5  6 31
 5561 2021- 8- 5  6:30     - 55 20  160 50  13.38 0.26  0.0    4 19.4 12.5      5561
 5562 2021- 8- 5  7:16       55  3  161 14  27.23 0.15  0.0    9  1.8  6.1      5562
 *** DISTANCE & RESIDUAL WEIGHTING CANCELLED FOR EVENT: 2021  8  5  7 16
 5563 2021- 8- 5  7:16     - 55 38  163  7  14.99 1.89  0.0    5 41.0 90.1      5563
 *** DISTANCE & RESIDUAL WEIGHTING CANCELLED FOR EVENT: 2021  8  5  8  0
 5564 2021- 8- 5  7:59     # 55 40  162 10  15.00 6.00  0.0    6 74.8 64.8      5564
 5565 2021- 8- 5  8:28     - 54 41  162 24   7.55 0.15  0.0    8 17.3 15.9      5565
  SEQ ---DATE--- TIME REMARK -LAT-  --LON-  DEPTH  RMS PMAG  NUM  ERH  ERZ  ID
 5566 2021- 8- 5  8:29     - 54 44  162 38  12.40 0.22  0.0    4 20.8  4.2      5566
 5567 2021- 8- 5  9:31     - 54 38  160 51  15.00 0.21  0.0   10 18.1 21.3      5567
 5568 2021- 8- 5  9:32     - 55 10  161 14   8.34 0.28  0.0    6 20.5 18.7      5568
 5569 2021- 8- 5  9:32     - 55 17  161 18   6.40 0.13  0.0    4 13.4 16.4      5569
 5570 2021- 8- 5  9:38     - 54 52  160 55  15.00 0.22  0.0    6 19.2 22.3      5570
 *** DISTANCE & RESIDUAL WEIGHTING CANCELLED FOR EVENT: 2021  8  5  9 39
 5571 2021- 8- 5  9:39     - 54 57  161 20  38.68 0.53  0.0    4 41.3 11.1      5571
 5572 2021- 8- 5  9:40     - 55  7  161 43  25.20 0.06  0.0    4 10.9  6.9      5572
 5573 2021- 8- 5  9:40     - 55  1  161 31  21.81 0.13  0.0    5 12.8  2.3      5573
 5574 2021- 8- 5  9:47     - 54 24  162 20  14.44 0.11  0.0    6  6.4 12.8      5574
 *** DISTANCE & RESIDUAL WEIGHTING CANCELLED FOR EVENT: 2021  8  5 10 19
 5575 2021- 8- 5 10:18     - 55 37  163  5  15.00 0.54  0.0    4 21.1 42.0      5575
 *** DISTANCE & RESIDUAL WEIGHTING CANCELLED FOR EVENT: 2021  8  5 10 54
 5576 2021- 8- 5 10:54     - 55 24  162  1  15.00 1.02  0.0    4 86.0  7.5      5576
 5577 2021- 8- 5 12:18     - 55 11  161 35  42.43 0.11  0.0    5 11.6  8.3      5577
 5578 2021- 8- 5 12:19       55 30  161 40  24.06 0.00  0.0    4  1.6  2.1      5578
 *** DISTANCE & RESIDUAL WEIGHTING CANCELLED FOR EVENT: 2021  8  5 13 16
 5579 2021- 8- 5 13:16     # 54 54  162 22  15.00 0.26  0.0    5  9.5  7.8      5579
 *** DISTANCE & RESIDUAL WEIGHTING CANCELLED FOR EVENT: 2021  8  5 13 16
 5580 2021- 8- 5 13:16     # 55 16  161 50  15.00 4.17  0.0    4 57.0 90.3      5580
  SEQ ---DATE--- TIME REMARK -LAT-  --LON-  DEPTH  RMS PMAG  NUM  ERH  ERZ  ID
 5581 2021- 8- 5 13:36     - 54 36  161 13  15.00 0.17  0.0   10 14.5 18.7      5581
 5582 2021- 8- 5 13:36     - 54 38  161 10  15.02 0.27  0.0    8 21.3 25.9      5582
 *** DISTANCE & RESIDUAL WEIGHTING CANCELLED FOR EVENT: 2021  8  5 13 54
 5583 2021- 8- 5 13:54     # 55 13  161 30  12.06 2.00  0.0    6 82.7 82.6      5583
 5584 2021- 8- 5 13:55     - 55 19  161 30   6.51 0.35  0.0    4  7.9 31.5      5584
 5585 2021- 8- 5 14:10     - 55 19  162 10   8.84 0.07  0.0    4 13.8  7.6      5585
 *** DISTANCE & RESIDUAL WEIGHTING CANCELLED FOR EVENT: 2021  8  5 15 45
 5586 2021- 8- 5 15:45     - 54 55  160 34  14.99 0.35  0.0    4 15.4 27.5      5586
 5587 2021- 8- 5 15:46       55 21  161 54  18.04 0.00  0.0    4  3.5  2.7      5587
 5588 2021- 8- 5 16:12     - 55 25  161 48   1.51 0.19  0.0    4  2.8 17.4      5588
 *** DISTANCE & RESIDUAL WEIGHTING CANCELLED FOR EVENT: 2021  8  5 16 19
 5589 2021- 8- 5 16:19     - 55 31  161 58  53.03 0.29  0.0    4 27.5  3.3      5589
 5590 2021- 8- 5 16:19     - 55 15  161 40  15.41 0.22  0.0    4 13.9 16.3      5590
 5591 2021- 8- 5 16:27     - 55  1  161 16  17.72 0.12  0.0    5  2.7 12.9      5591
 5592 2021- 8- 5 16:28       55 20  161 58   6.20 0.14  0.0    6  1.3  1.4      5592
 5593 2021- 8- 5 16:30     - 55 25  162  6  19.92 0.05  0.0    4  5.1 11.9      5593
 5594 2021- 8- 5 17:04     - 55 23  161 43  66.32 0.10  0.0    6  6.2 10.4      5594
 5595 2021- 8- 5 17:05       55 28  162 10  22.41 0.01  0.0    4  3.0  1.4      5595
  SEQ ---DATE--- TIME REMARK -LAT-  --LON-  DEPTH  RMS PMAG  NUM  ERH  ERZ  ID
 5596 2021- 8- 5 17:20     - 54 52  160 48  15.00 0.30  0.0    9 21.8 28.2      5596
 5597 2021- 8- 5 18:00     - 55 17  160 34  75.62 0.35  0.0   10 26.2 12.4      5597
 *** DISTANCE & RESIDUAL WEIGHTING CANCELLED FOR EVENT: 2021  8  5 18  1
 5598 2021- 8- 5 18:00     - 55 15  161 49   7.50 0.69  0.0    4 10.0 49.2      5598
 *** DISTANCE & RESIDUAL WEIGHTING CANCELLED FOR EVENT: 2021  8  5 18  1
 5599 2021- 8- 5 18:01     - 55  9  162  6  18.27 1.55  0.0    4 98.1 26.8      5599
 5600 2021- 8- 5 19:19     # 54 36  161 19  13.15 0.11  0.0    6  2.6  2.9      5600
 5601 2021- 8- 5 19:34     - 55 32  160 26  15.02 0.25  0.0    5 22.9 24.6      5601
 5602 2021- 8- 5 19:53     - 55  0  160 47  33.06 0.11  0.0    6  3.2 15.6      5602
 5603 2021- 8- 5 21:11     - 54 58  162 35  14.69 0.05  0.0    4  5.3 11.4      5603
 5604 2021- 8- 5 21:24       55  5  161 40  16.82 0.16  0.0    5  9.2  7.9      5604
 5605 2021- 8- 5 21:43       55 17  160 58  56.20 0.25  0.0   10  3.9  6.0      5605
 5606 2021- 8- 5 21:44     - 55 11  161  5  42.36 0.11  0.0    6 11.5  4.3      5606
 5607 2021- 8- 5 22:08     - 55 54  162 10  21.42 0.19  0.0    4 20.2  2.4      5607
 *** DISTANCE & RESIDUAL WEIGHTING CANCELLED FOR EVENT: 2021  8  5 23  2
 5608 2021- 8- 5 23:02     # 54 60  162 31   9.60 0.00  0.0    4  1.6  2.3      5608
 5609 2021- 8- 5 23:12     - 54 46  162 37  15.31 0.15  0.0    7 17.3  1.3      5609
 *** DISTANCE & RESIDUAL WEIGHTING CANCELLED FOR EVENT: 2021  8  5 23 12
 5610 2021- 8- 5 23:12     - 54 56  162 20   8.21 0.71  0.0    5 48.7 33.1      5610
  SEQ ---DATE--- TIME REMARK -LAT-  --LON-  DEPTH  RMS PMAG  NUM  ERH  ERZ  ID
 5611 2021- 8- 5 23:26     - 54 42  162 14   5.73 0.24  0.0    9 18.8 23.8      5611
 5612 2021- 8- 5 23:26     - 55  2  162 23  13.85 0.06  0.0    5 12.0  3.8      5612
 5613 2021- 8- 5 23:47     - 54 43  162 20   9.54 0.10  0.0    4 14.2 10.6      5613
 5614 2021- 8- 5 23:47     - 54 46  162 19   9.02 0.70  0.0    4 39.7 45.8      5614
 5615 2021- 8- 5 23:56       55 24  161 16  35.16 0.18  0.0    7  6.5  3.0      5615
 5616 2021- 8- 5 23:56     - 55 26  160 53  66.21 0.27  0.0    5 23.2  9.4      5616
 5617 2021- 8- 5 23:59     - 55 18  162 12  14.93 0.03  0.0    4  3.2 11.4      5617
 5618 2021- 8- 6  1:09       55 13  161 27  24.01 0.06  0.0    7  1.4  2.4      5618
 5619 2021- 8- 6  3:07     - 55 12  161 25  15.34 0.01  0.0    4  9.5  4.1      5619
 *** DISTANCE & RESIDUAL WEIGHTING CANCELLED FOR EVENT: 2021  8  6  3  8
 5620 2021- 8- 6  3:07     - 55 13  161 54  15.00 1.33  0.0    4 92.3 35.9      5620
 5621 2021- 8- 6  3:37     - 55 24  161 53  29.88 0.08  0.0    4  6.9 11.9      5621
 5622 2021- 8- 6  3:40     - 54 52  162 16  16.10 0.11  0.0    4 10.7 10.7      5622
 *** DISTANCE & RESIDUAL WEIGHTING CANCELLED FOR EVENT: 2021  8  6  3 41
 5623 2021- 8- 6  3:41     - 55 36  162 30  15.00 0.20  0.0    4  2.8 18.3      5623
 *** DISTANCE & RESIDUAL WEIGHTING CANCELLED FOR EVENT: 2021  8  6  3 41
 5624 2021- 8- 6  3:41     - 55 12  163 16   8.92 0.37  0.0    4 31.6 33.5      5624
 5625 2021- 8- 6  4:28     - 55 19  161  9  48.50 0.12  0.0    7 13.6  4.8      5625
  SEQ ---DATE--- TIME REMARK -LAT-  --LON-  DEPTH  RMS PMAG  NUM  ERH  ERZ  ID
 5626 2021- 8- 6  4:28     - 55 20  159 48  15.00 0.22  0.0    6 20.0 21.4      5626
 5627 2021- 8- 6  6:10       55 12  161 50   7.74 0.03  0.0    5  0.7  1.1      5627
 5628 2021- 8- 6  7:53     - 55 16  161 11  32.91 0.14  0.0    8 13.1  0.9      5628
 5629 2021- 8- 6  7:54       55 10  161 21  18.96 0.40  0.0    6  5.3  6.8      5629
 5630 2021- 8- 6  9:10       55  9  162 19  23.54 2.82  0.0    5 24.2 45.0      5630
 5631 2021- 8- 6  9:18     - 55 20  161 35  13.07 0.09  0.0    4 10.2 10.1      5631
 5632 2021- 8- 6 10:43     - 55 16  163 60  15.02 0.28  0.0    6 19.1 26.8      5632
 5633 2021- 8- 6 11:25     - 55 18  161 33   8.28 0.07  0.0    4  8.1  7.0      5633
 *** DISTANCE & RESIDUAL WEIGHTING CANCELLED FOR EVENT: 2021  8  6 11 32
 5634 2021- 8- 6 11:32     - 55 41  161 13   6.66 0.30  0.0    4 25.2 28.0      5634
 5635 2021- 8- 6 11:34     - 54 37  162 15   8.62 0.25  0.0    4 17.6 19.7      5635
 5636 2021- 8- 6 11:35     - 54 40  162 27   8.37 0.11  0.0    4 14.9 11.3      5636
 5637 2021- 8- 6 12:08     - 55 14  160 59  17.41 1.29  0.0    4 97.3 97.3      5637
 5638 2021- 8- 6 12:24     - 55 17  162 36  47.47 0.34  0.0    4 15.9 21.3      5638
 *** DISTANCE & RESIDUAL WEIGHTING CANCELLED FOR EVENT: 2021  8  6 12 24
 5639 2021- 8- 6 12:24     - 54 52  162 19   7.43 0.32  0.0    4 22.5 26.5      5639
 5640 2021- 8- 6 12:42       55  0  161 18  35.79 0.23  0.0   11  3.4  4.1      5640
  SEQ ---DATE--- TIME REMARK -LAT-  --LON-  DEPTH  RMS PMAG  NUM  ERH  ERZ  ID
 5641 2021- 8- 6 12:42     - 54 52  161 17  15.04 0.14  0.0    6 11.7  1.6      5641
 5642 2021- 8- 6 13:43     - 54 25  161 27  14.45 0.18  0.0    7  8.6 17.3      5642
 5643 2021- 8- 6 13:50     - 54 60  160 22  14.93 0.15  0.0   18  7.0 13.8      5643
 5644 2021- 8- 6 14:04     - 54 60  160 22  13.99 0.11  0.0   11  6.2 12.6      5644
 5645 2021- 8- 6 14:04       55  0  161 16  14.47 0.13  0.0    7  6.6  1.5      5645
 *** DISTANCE & RESIDUAL WEIGHTING CANCELLED FOR EVENT: 2021  8  6 14 25
 5646 2021- 8- 6 14:25     - 55  4  160 60  15.00 0.58  0.0    4 47.0  6.6      5646
 5647 2021- 8- 6 14:31     - 54 22  161 26  16.37 0.18  0.0    6  8.4 17.2      5647
 *** DISTANCE & RESIDUAL WEIGHTING CANCELLED FOR EVENT: 2021  8  6 14 54
 5648 2021- 8- 6 14:53     - 55  8  161 52  15.00 0.30  0.0    4 16.8 13.7      5648
 *** DISTANCE & RESIDUAL WEIGHTING CANCELLED FOR EVENT: 2021  8  6 14 54
 5649 2021- 8- 6 14:54     # 55  5  161 42  15.00 1.20  0.0    4 27.0 27.5      5649
 *** DISTANCE & RESIDUAL WEIGHTING CANCELLED FOR EVENT: 2021  8  6 15 23
 5650 2021- 8- 6 15:23     - 55 11  162  5  15.00 1.16  0.0    4 97.2 40.8      5650
 *** DISTANCE & RESIDUAL WEIGHTING CANCELLED FOR EVENT: 2021  8  6 16  0
 5651 2021- 8- 6 15:59     - 55 22  162 27  15.00 0.27  0.0    4  7.2 23.7      5651
 5652 2021- 8- 6 16:18     - 54 52  162 10  10.42 0.10  0.0    5  9.1 11.8      5652
 5653 2021- 8- 6 16:23     - 54 51  162 12  10.28 0.07  0.0    5  9.8  9.7      5653
 5654 2021- 8- 6 16:50     - 54 59  161 18  12.72 0.19  0.0    6 16.0 14.2      5654
 5655 2021- 8- 6 16:58     - 55 22  160 33  14.50 0.44  0.0    7 16.4 33.4      5655
 *** DISTANCE & RESIDUAL WEIGHTING CANCELLED FOR EVENT: 2021  8  6 16 59
  SEQ ---DATE--- TIME REMARK -LAT-  --LON-  DEPTH  RMS PMAG  NUM  ERH  ERZ  ID
 5656 2021- 8- 6 16:59     - 54 52  162 22  34.27 4.00  0.0    4 99.0 53.8      5656
 5657 2021- 8- 6 17:10     - 54 32  161 15  14.43 0.15  0.0    5  8.1 15.9      5657
 *** DISTANCE & RESIDUAL WEIGHTING CANCELLED FOR EVENT: 2021  8  6 17 24
 5658 2021- 8- 6 17:24     - 55 14  162  4   7.50 0.74  0.0    4 62.6 51.1      5658
 5659 2021- 8- 6 17:51     - 54 29  161 39  16.40 0.20  0.0    7  9.0 17.9      5659
 5660 2021- 8- 6 18:01       55 23  161 53  24.46 0.34  0.0    7  2.8  2.8      5660
 5661 2021- 8- 6 20:31     - 55  3  161 37  20.65 0.12  0.0    4 13.4  4.1      5661
 5662 2021- 8- 6 20:31     - 54 56  161 27  22.02 0.28  0.0    4 24.4  6.2      5662
 5663 2021- 8- 6 21:00     # 55 18  161 48  13.62 0.44  0.0    5 24.7 12.2      5663
 5664 2021- 8- 6 22:23     - 55 34  162 50  14.83 0.15  0.0    5  3.2 16.6      5664
 5665 2021- 8- 6 22:33     - 54 52  162 20  12.86 0.14  0.0    7 13.9  9.4      5665
 *** DISTANCE & RESIDUAL WEIGHTING CANCELLED FOR EVENT: 2021  8  6 22 33
 5666 2021- 8- 6 22:33     - 54 45  162 35   8.11 1.19  0.0    6 94.4 19.8      5666
 5667 2021- 8- 6 23:07       54 47  162 24  14.64 0.11  0.0    7  8.6  2.2      5667
 5668 2021- 8- 6 23:07     - 54 53  162 20   8.81 0.10  0.0    4 13.2  6.3      5668
 5669 2021- 8- 7  0:29     - 54 52  162 44  32.44 0.08  0.0    7 11.3  1.1      5669
 5670 2021- 8- 7  0:40       55 16  161 53   8.39 0.01  0.0    4  0.8  4.4      5670
  SEQ ---DATE--- TIME REMARK -LAT-  --LON-  DEPTH  RMS PMAG  NUM  ERH  ERZ  ID
 5671 2021- 8- 7  1:15       55 27  161 57  27.55 0.10  0.0    4  8.5  2.8      5671
 *** DISTANCE & RESIDUAL WEIGHTING CANCELLED FOR EVENT: 2021  8  7  3 25
 5672 2021- 8- 7  3:25     # 55 27  161 44  11.97 0.48  0.0    4  9.1 24.7      5672
 5673 2021- 8- 7  3:58     - 55  7  160 39  36.27 0.21  0.0   10  7.1 17.6      5673
 5674 2021- 8- 7  3:58     - 54 57  161 22  41.01 0.02  0.0    4  8.6  3.6      5674
 5675 2021- 8- 7  4:02     # 55  0  162  3  33.85 2.60  0.0    6 40.9 41.6      5675
 *** DISTANCE & RESIDUAL WEIGHTING CANCELLED FOR EVENT: 2021  8  7  4  2
 5676 2021- 8- 7  4:02     - 55 23  161 58  32.39 0.62  0.0    4 52.3  8.3      5676
 *** DISTANCE & RESIDUAL WEIGHTING CANCELLED FOR EVENT: 2021  8  7  4  9
 5677 2021- 8- 7  4:09     - 55 28  161 40  30.78 0.36  0.0    4 31.5  3.2      5677
 *** DISTANCE & RESIDUAL WEIGHTING CANCELLED FOR EVENT: 2021  8  7  5  7
 5678 2021- 8- 7  5:07     # 54 56  162 43  14.07 1.40  0.0    5 23.2 20.3      5678
 5679 2021- 8- 7  5:14     - 54 53  161  4  15.27 0.04  0.0    5 12.0  1.8      5679
 5680 2021- 8- 7  5:14     - 55  1  161 23  29.73 0.14  0.0    4 15.1  4.5      5680
 *** DISTANCE & RESIDUAL WEIGHTING CANCELLED FOR EVENT: 2021  8  7  6 30
 5681 2021- 8- 7  6:29     - 54 39  161 41  15.19 0.12  0.0    4 12.4  9.6      5681
 5682 2021- 8- 7  9:13     - 54 31  162  2  33.30 0.16  0.0   12  1.9 18.1      5682
 *** DISTANCE & RESIDUAL WEIGHTING CANCELLED FOR EVENT: 2021  8  7 10  3
 5683 2021- 8- 7 10:03     # 55 24  161 59  15.00 0.48  0.0    4  4.6 11.4      5683
 5684 2021- 8- 7 11:35     - 54 31  161 37  17.52 0.05  0.0    5  3.9 13.3      5684
 5685 2021- 8- 7 12:34     - 54 27  162 30  18.62 0.37  0.0    4 31.6 30.2      5685
  SEQ ---DATE--- TIME REMARK -LAT-  --LON-  DEPTH  RMS PMAG  NUM  ERH  ERZ  ID
 5686 2021- 8- 7 12:45     - 55  5  161 24  12.37 0.08  0.0    5 10.0  8.7      5686
 5687 2021- 8- 7 12:45     - 54 47  160 52  15.01 0.56  0.0    7 38.6 47.7      5687
 5688 2021- 8- 7 12:47     - 55  0  161 10  16.93 0.20  0.0    7 16.6 20.7      5688
 5689 2021- 8- 7 12:47     - 54 42  160 49  31.59 0.33  0.0    8 23.0 29.7      5689
 *** DISTANCE & RESIDUAL WEIGHTING CANCELLED FOR EVENT: 2021  8  7 14 11
 5690 2021- 8- 7 14:11     # 55 18  162  0  15.00 1.40  0.0    4 42.7 47.5      5690
 *** DISTANCE & RESIDUAL WEIGHTING CANCELLED FOR EVENT: 2021  8  7 15  2
 5691 2021- 8- 7 15:02     # 55 13  162 13  16.71 1.42  0.0    6  9.4 14.0      5691
 5692 2021- 8- 7 16:50     - 55 20  161 16  11.49 0.20  0.0    5 19.7 14.7      5692
 5693 2021- 8- 7 16:50       55 22  161 49  17.08 0.16  0.0    6  2.1  1.0      5693
 *** DISTANCE & RESIDUAL WEIGHTING CANCELLED FOR EVENT: 2021  8  7 18 11
 5694 2021- 8- 7 18:11     # 54 50  162  3  15.00 1.01  0.0    6 15.6  6.0      5694
 5695 2021- 8- 7 22:30     - 54 55  162 34  12.55 0.06  0.0    5 11.9  5.2      5695
 *** DISTANCE & RESIDUAL WEIGHTING CANCELLED FOR EVENT: 2021  8  7 22 31
 5696 2021- 8- 7 22:30     # 54 51  162 41  15.00 0.92  0.0    6 22.8  4.5      5696
 *** DISTANCE & RESIDUAL WEIGHTING CANCELLED FOR EVENT: 2021  8  7 23 21
 5697 2021- 8- 7 23:21     # 55 23  161 25  33.62 0.79  0.0    5 17.3 18.7      5697
 *** DISTANCE & RESIDUAL WEIGHTING CANCELLED FOR EVENT: 2021  8  7 23 32
 5698 2021- 8- 7 23:31     - 55 14  162 35  15.00 0.34  0.0    4  8.6 29.6      5698
 5699 2021- 8- 7 23:39     - 55 34  162  6   0.06 0.41  0.0    4  9.5 36.1      5699
 *** DISTANCE & RESIDUAL WEIGHTING CANCELLED FOR EVENT: 2021  8  8  1 25
 5700 2021- 8- 8  1:25     - 55  7  161 18  28.60 0.28  0.0    5 21.5  7.9      5700
  SEQ ---DATE--- TIME REMARK -LAT-  --LON-  DEPTH  RMS PMAG  NUM  ERH  ERZ  ID
 5701 2021- 8- 8  5:07     - 54 41  160 54  15.18 0.18  0.0   18  7.6 15.0      5701
 *** DISTANCE & RESIDUAL WEIGHTING CANCELLED FOR EVENT: 2021  8  8 11 22
 5702 2021- 8- 8 11:22     # 55 19  162  4  19.21 1.07  0.0    5 30.0 31.6      5702
 5703 2021- 8- 8 14:53     - 55  4  162 41  39.79 0.06  0.0    6  8.5  5.9      5703
 5704 2021- 8- 8 15:04     - 54 43  161 54  15.06 0.11  0.0    4  7.0 14.0      5704
 *** DISTANCE & RESIDUAL WEIGHTING CANCELLED FOR EVENT: 2021  8  8 18 43
 5705 2021- 8- 8 18:43     - 55 25  161 56   1.83 0.71  0.0    5  3.8 45.0      5705
 5706 2021- 8- 8 18:49     - 55 25  161 44   8.21 0.03  0.0    4  4.1  8.6      5706
 *** DISTANCE & RESIDUAL WEIGHTING CANCELLED FOR EVENT: 2021  8  8 20 42
 5707 2021- 8- 8 20:42     - 55 36  162 11  52.84 0.34  0.0    6 13.7 22.2      5707
 5708 2021- 8- 8 23:04     - 55 27  161 13  11.90 0.15  0.0    6 16.9 13.9      5708
 5709 2021- 8- 8 23:04     - 55 19  160 37  49.13 0.27  0.0    7 22.6  8.7      5709
 5710 2021- 8- 9  1:43     - 55 17  162 28  44.14 0.14  0.0    5  8.6 12.2      5710
 5711 2021- 8- 9  1:59     - 55  7  160 49  13.31 0.19  0.0    7 16.4 10.2      5711
 5712 2021- 8- 9  1:59     - 55 17  163 46  13.74 0.22  0.0    5 10.6 19.4      5712
 5713 2021- 8- 9  2:00     - 55 32  162 30  14.61 0.03  0.0    4  3.5 11.2      5713
 5714 2021- 8- 9  2:58     # 55 21  161 50   0.03 0.25  0.0    4  1.7 15.7      5714
 *** DISTANCE & RESIDUAL WEIGHTING CANCELLED FOR EVENT: 2021  8  9  3 15
 5715 2021- 8- 9  3:15     - 55 21  161 58  15.00 1.11  0.0    4 92.9  9.2      5715
  SEQ ---DATE--- TIME REMARK -LAT-  --LON-  DEPTH  RMS PMAG  NUM  ERH  ERZ  ID
 5716 2021- 8- 9  4:33     - 54 51  162 21  15.21 0.15  0.0    4 14.2  9.5      5716
 5717 2021- 8- 9  4:33     - 54 41  162 28   6.49 0.31  0.0    4 24.9 26.3      5717
 5718 2021- 8- 9  6:08     - 55 40  162 58  18.42 0.58  0.0    8  6.2 49.8      5718
 5719 2021- 8- 9  6:09     - 54 45  160 47  15.00 0.16  0.0    5  8.0 15.6      5719
 5720 2021- 8- 9  8:31     - 55 14  160 33  14.70 0.20  0.0   11  8.8 18.1      5720
 5721 2021- 8- 9  8:31     # 55 18  162  2   0.07 0.70  0.0    6  3.2 38.5      5721
 5722 2021- 8- 9  8:59     - 55  5  161 35   7.58 0.21  0.0    4 16.7 19.1      5722
 5723 2021- 8- 9  9:16     - 55  6  161 33  14.99 0.17  0.0    5 14.1 12.3      5723
 5724 2021- 8- 9  9:45       55  5  162 24  15.62 0.06  0.0    5  2.3  2.1      5724
 *** DISTANCE & RESIDUAL WEIGHTING CANCELLED FOR EVENT: 2021  8  9 10 55
 5725 2021- 8- 9 10:55     # 54 53  162 24  15.00 0.80  0.0    4 38.9 12.1      5725
 *** DISTANCE & RESIDUAL WEIGHTING CANCELLED FOR EVENT: 2021  8  9 10 55
 5726 2021- 8- 9 10:55     - 54 39  162 49  15.02 0.04  0.0    4 11.6  1.6      5726
 5727 2021- 8- 9 11:21     - 55 17  160 45  40.73 0.23  0.0    8 21.0  9.5      5727
 5728 2021- 8- 9 11:21     - 55 60  162  5  15.01 0.30  0.0    5 22.2 28.1      5728
 5729 2021- 8- 9 11:29     - 54 35  161 15  15.15 0.35  0.0   17 12.0 23.8      5729
 5730 2021- 8- 9 12:56     - 54 56  162 18   8.09 0.06  0.0    5 10.1  8.4      5730
 *** DISTANCE & RESIDUAL WEIGHTING CANCELLED FOR EVENT: 2021  8  9 12 57
  SEQ ---DATE--- TIME REMARK -LAT-  --LON-  DEPTH  RMS PMAG  NUM  ERH  ERZ  ID
 5731 2021- 8- 9 12:57     - 55 26  162 45  14.41 0.42  0.0    4  6.9 33.6      5731
 5732 2021- 8- 9 12:57     - 55 23  162  6  14.32 0.18  0.0    4  5.4 16.1      5732
 *** DISTANCE & RESIDUAL WEIGHTING CANCELLED FOR EVENT: 2021  8  9 13  2
 5733 2021- 8- 9 13:02     - 54 52  162 23  14.71 0.49  0.0    5 34.9 21.3      5733
 5734 2021- 8- 9 13:02     - 55 19  160 29  61.92 0.11  0.0    9 13.8  6.1      5734
 5735 2021- 8- 9 13:03     - 55 28  161 27  30.96 0.02  0.0    4 10.4  5.1      5735
 5736 2021- 8- 9 13:30     - 54 46  161 53  12.84 0.07  0.0    4  7.0 12.5      5736
 *** DISTANCE & RESIDUAL WEIGHTING CANCELLED FOR EVENT: 2021  8  9 13 56
 5737 2021- 8- 9 13:56     - 55  6  161 34  11.82 0.51  0.0    4 20.7 28.5      5737
 5738 2021- 8- 9 14:51       55 15  161 15  28.94 0.21  0.0   10  4.6  4.3      5738
 *** DISTANCE & RESIDUAL WEIGHTING CANCELLED FOR EVENT: 2021  8  9 14 51
 5739 2021- 8- 9 14:51     # 55  5  162 23  14.94 0.72  0.0    4 16.7  4.4      5739
 5740 2021- 8- 9 14:55     - 55 11  160 28  15.44 0.25  0.0   14 10.3 21.1      5740
 5741 2021- 8- 9 17:47     - 55 33  160  0  15.01 0.25  0.0    7 23.2 23.8      5741
 5742 2021- 8- 9 17:48     - 55 26  161  8  59.64 0.03  0.0    5 10.6  6.3      5742
 *** DISTANCE & RESIDUAL WEIGHTING CANCELLED FOR EVENT: 2021  8  9 17 48
 5743 2021- 8- 9 17:48     # 55 25  162  0  15.00 0.92  0.0    4 13.4  6.3      5743
 5744 2021- 8- 9 18:33     - 54 53  162 33  18.18 0.03  0.0    4 12.1  4.1      5744
 5745 2021- 8- 9 18:33     - 54 53  162 22  14.40 0.05  0.0    4  9.5  5.3      5745
  SEQ ---DATE--- TIME REMARK -LAT-  --LON-  DEPTH  RMS PMAG  NUM  ERH  ERZ  ID
 5746 2021- 8-10  3:50     - 54 29  163 17  15.39 0.21  0.0    7  9.4 19.1      5746
 *** DISTANCE & RESIDUAL WEIGHTING CANCELLED FOR EVENT: 2021  8 10  3 50
 5747 2021- 8-10  3:50     - 55 22  161 56  19.62 0.44  0.0    4 38.1  4.9      5747
 5748 2021- 8-10  3:51     - 54 60  161 30  31.95 0.23  0.0    5 17.3  7.4      5748
 5749 2021- 8-10  3:51     - 54 51  160 59  32.78 0.17  0.0    4 15.8 18.7      5749
 5750 2021- 8-10  6:04     - 55 20  160 31  36.90 0.20  0.0   11  6.7 16.2      5750
 5751 2021- 8-10  6:20     - 55  4  163 17  16.06 0.18  0.0    5  9.4 17.3      5751
 5752 2021- 8-10  6:20     - 54 31  161 29   2.62 0.19  0.0   10 10.4 16.7      5752
 5753 2021- 8-10  7:35     - 54 52  161  4  15.52 0.24  0.0    5 22.0  4.2      5753
 *** DISTANCE & RESIDUAL WEIGHTING CANCELLED FOR EVENT: 2021  8 10  7 36
 5754 2021- 8-10  7:35     # 55 21  161 43  10.20 0.34  0.0    5  3.7  4.0      5754
 5755 2021- 8-10  7:49     - 55  7  163 28  18.65 0.20  0.0    7  2.9 21.1      5755
 5756 2021- 8-10  9:00     - 55 52  160 54  15.48 0.46  0.0    7 17.7 35.9      5756
 5757 2021- 8-10 10:56       55 21  161 46   8.87 0.23  0.0    5  2.5  2.6      5757
 5758 2021- 8-10 13:52       55 43  161 31  37.74 0.06  0.0    8  7.7  4.3      5758
 5759 2021- 8-10 13:52     - 55 44  160 41  15.01 0.13  0.0    6 14.7 16.2      5759
 5760 2021- 8-10 19:25     - 55 17  161 13  32.31 0.07  0.0    6 11.2  0.8      5760
  SEQ ---DATE--- TIME REMARK -LAT-  --LON-  DEPTH  RMS PMAG  NUM  ERH  ERZ  ID
 5761 2021- 8-10 19:25       55 13  161 49   9.24 0.11  0.0    6  3.6  1.2      5761
 5762 2021- 8-10 21:16     - 54 28  161 11  15.00 0.17  0.0   10 15.0 16.5      5762
 5763 2021- 8-10 21:16     - 55  1  161 59  14.98 0.54  0.0    4 44.7 25.6      5763
 5764 2021- 8-10 21:16     - 54 58  161 48   7.28 0.12  0.0    7  1.6 11.8      5764
 5765 2021- 8-10 22:12     - 55  6  161 25  26.63 0.06  0.0    5 11.5  3.8      5765
 *** DISTANCE & RESIDUAL WEIGHTING CANCELLED FOR EVENT: 2021  8 10 22 13
 5766 2021- 8-10 22:12     - 54 59  161 14  32.96 0.37  0.0    4 32.1  5.3      5766
 5767 2021- 8-10 22:21     - 55 10  162 11  11.69 0.09  0.0    4 14.8 10.5      5767
 5768 2021- 8-10 22:25     - 54 53  160 55  16.38 0.17  0.0    8 16.6 18.6      5768
 5769 2021- 8-10 22:25     - 54 47  160 58  30.23 0.12  0.0    6 14.3  2.1      5769
 5770 2021- 8-11  1:28     - 54 39  162 15   7.01 0.12  0.0    6 14.2 15.7      5770
 5771 2021- 8-11  1:28     - 54 38  162 25  13.34 0.11  0.0    5 14.5  3.9      5771
 5772 2021- 8-11  1:32     - 54 34  162 26  35.38 0.04  0.0    5 12.9  3.5      5772
 5773 2021- 8-11  5:31     - 55  3  160 33  19.71 0.30  0.0   10  4.9 26.7      5773
 5774 2021- 8-11  5:32       55 11  161 42   8.84 0.00  0.0    4  2.1  1.4      5774
 5775 2021- 8-11  5:44     - 55  9  161  4  24.88 0.23  0.0    9 18.3 10.0      5775
  SEQ ---DATE--- TIME REMARK -LAT-  --LON-  DEPTH  RMS PMAG  NUM  ERH  ERZ  ID
 5776 2021- 8-11  5:46       55 13  160 46  55.19 0.17  0.0   11  5.1  5.8      5776
 5777 2021- 8-11  5:47     - 55  6  160 33  33.94 0.23  0.0    7 20.9 21.8      5777
 5778 2021- 8-11  5:51     - 55  5  160 19  35.87 0.13  0.0   11  3.5 16.2      5778
 5779 2021- 8-11  5:52     - 55 16  161 23  47.33 0.08  0.0    4  9.0  6.4      5779
 5780 2021- 8-11  5:52       55 16  161 58  11.73 0.00  0.0    4  2.9  1.6      5780
 5781 2021- 8-11  6:44     # 55  5  161 51  15.00 3.33  0.0    4 98.8 18.2      5781
 5782 2021- 8-11  6:53     - 54 46  160 50  15.00 0.17  0.0    9 17.0 18.7      5782
 5783 2021- 8-11  6:53     - 54 42  160 50  34.36 0.09  0.0    5  9.9 11.9      5783
 5784 2021- 8-11  7:01     - 54 41  161  4  15.00 0.21  0.0    8 19.6 21.3      5784
 5785 2021- 8-11  7:02     - 54 38  160 55   8.80 0.18  0.0    7 14.4  2.9      5785
 5786 2021- 8-11  8:15     - 55  7  160 34  38.30 0.12  0.0   12  2.6 12.0      5786
 *** DISTANCE & RESIDUAL WEIGHTING CANCELLED FOR EVENT: 2021  8 11  8 16
 5787 2021- 8-11  8:16     # 55 13  161 55   1.90 0.20  0.0    4  2.4 12.7      5787
 5788 2021- 8-11  8:18     - 55  6  163  3  17.27 0.20  0.0    4  3.7 21.0      5788
 5789 2021- 8-11  8:18     - 55 10  161 36   0.18 0.31  0.0    4  3.3 28.5      5789
 5790 2021- 8-11  9:25     - 54 27  162 29  15.00 0.26  0.0    4 24.8  2.5      5790
  SEQ ---DATE--- TIME REMARK -LAT-  --LON-  DEPTH  RMS PMAG  NUM  ERH  ERZ  ID
 5791 2021- 8-11  9:51     - 54 42  162 18  11.36 0.16  0.0    6 16.6  8.9      5791
 5792 2021- 8-11  9:51     - 54 46  162 17  10.86 0.21  0.0    4 18.8  8.2      5792
 5793 2021- 8-11 10:11     - 54 51  160 45  15.00 0.07  0.0    6 13.4 13.8      5793
 5794 2021- 8-11 10:11     - 54 48  161  7  13.51 0.14  0.0    6 14.6  2.8      5794
 *** DISTANCE & RESIDUAL WEIGHTING CANCELLED FOR EVENT: 2021  8 11 12  4
 5795 2021- 8-11 12:04     - 55 28  162 12   0.04 0.65  0.0    4 29.6 48.7      5795
 5796 2021- 8-11 12:59       55 13  161 25  26.74 0.16  0.0    8  9.0  5.8      5796
 *** DISTANCE & RESIDUAL WEIGHTING CANCELLED FOR EVENT: 2021  8 11 12 59
 5797 2021- 8-11 12:59     # 55 17  161 24  36.67 0.80  0.0    7 25.7 10.5      5797
 5798 2021- 8-11 14:30     - 55 16  160 25  14.51 0.12  0.0    5  6.9 14.5      5798
 5799 2021- 8-11 14:32     - 54 53  162 44  14.46 0.10  0.0    4  5.2 14.1      5799
 *** DISTANCE & RESIDUAL WEIGHTING CANCELLED FOR EVENT: 2021  8 11 17 46
 5800 2021- 8-11 17:45     - 54 54  163 39  13.77 0.45  0.0    5 17.8 35.5      5800
 5801 2021- 8-11 17:53     - 55 11  161 31   2.49 0.10  0.0    4 14.0  3.4      5801
 *** DISTANCE & RESIDUAL WEIGHTING CANCELLED FOR EVENT: 2021  8 11 17 54
 5802 2021- 8-11 17:53     - 55 32  160 56  14.34 0.80  0.0    4 63.3 17.9      5802
 *** DISTANCE & RESIDUAL WEIGHTING CANCELLED FOR EVENT: 2021  8 11 17 58
 5803 2021- 8-11 17:57     # 55 34  161 49  24.64 0.61  0.0    5  8.3 21.8      5803
 5804 2021- 8-11 17:57     - 55 25  162  3  24.49 0.04  0.0    4 10.6  4.7      5804
 5805 2021- 8-11 18:08     - 55 12  161 21  10.21 0.12  0.0    4 15.8 13.0      5805
  SEQ ---DATE--- TIME REMARK -LAT-  --LON-  DEPTH  RMS PMAG  NUM  ERH  ERZ  ID
 5806 2021- 8-11 18:51       55 15  161 44  17.17 0.00  0.0    4  6.6  2.2      5806
 5807 2021- 8-11 19:28     - 55 10  160 49  16.17 0.24  0.0    8 21.6 23.5      5807
 5808 2021- 8-11 19:28     - 55 10  161 38   6.90 0.04  0.0    4  4.0  9.7      5808
 5809 2021- 8-11 20:39     - 54 41  161 37  15.49 0.01  0.0    4  8.7  3.2      5809
 5810 2021- 8-12  0:38     - 55 30  160 35  15.02 0.16  0.0    7 17.0 18.5      5810
 5811 2021- 8-12  0:38     - 55 19  161  8  17.19 0.17  0.0    5 15.7 18.2      5811
 *** DISTANCE & RESIDUAL WEIGHTING CANCELLED FOR EVENT: 2021  8 12  1 32
 5812 2021- 8-12  1:32     - 55 26  161 48   0.84 0.28  0.0    4  3.1 19.9      5812
 5813 2021- 8-12  2:54     - 54 54  163  8   9.29 0.18  0.0    8 13.8 18.0      5813
 5814 2021- 8-12  2:55     - 55  4  162 35  20.59 0.07  0.0    4 11.3  6.8      5814
 5815 2021- 8-12  3:10     - 55 26  160 36  60.65 0.23  0.0   10 20.0  8.0      5815
 *** DISTANCE & RESIDUAL WEIGHTING CANCELLED FOR EVENT: 2021  8 12  3 11
 5816 2021- 8-12  3:10     # 55 13  161 18  15.06 0.87  0.0    7 31.0  8.0      5816
 5817 2021- 8-12  3:14       54 59  162 49  14.58 0.10  0.0    6  9.7  3.8      5817
 5818 2021- 8-12  3:15     - 55  3  162 34  17.44 0.11  0.0    4 11.7  5.2      5818
 5819 2021- 8-12  3:23     - 55  9  160 42  20.58 0.11  0.0    4 13.6 13.7      5819
 *** DISTANCE & RESIDUAL WEIGHTING CANCELLED FOR EVENT: 2021  8 12  3 57
 5820 2021- 8-12  3:57     # 55  0  162  3  17.60 0.62  0.0    4  9.2 15.1      5820
  SEQ ---DATE--- TIME REMARK -LAT-  --LON-  DEPTH  RMS PMAG  NUM  ERH  ERZ  ID
 5821 2021- 8-12  4:52     - 54 35  161 20  16.92 0.16  0.0   18  6.9 13.6      5821
 5822 2021- 8-12  5:13     - 54 51  162 24  12.90 0.04  0.0    4 11.6  5.1      5822
 *** DISTANCE & RESIDUAL WEIGHTING CANCELLED FOR EVENT: 2021  8 12  5 14
 5823 2021- 8-12  5:14     - 54 52  162 16  10.34 0.38  0.0    5 26.7 20.0      5823
 5824 2021- 8-12  5:15     - 54 43  162 21  12.60 0.16  0.0    6 16.7  7.6      5824
 5825 2021- 8-12  5:15     - 54 50  162 29  12.29 0.04  0.0    5 11.8  3.9      5825
 5826 2021- 8-12  8:52     - 55 13  161 17  26.24 0.08  0.0    7 10.2  4.9      5826
 5827 2021- 8-12  8:52     - 55 27  161 37  36.66 0.03  0.0    4  8.5  9.2      5827
 5828 2021- 8-12  9:55     - 55 14  160 49  18.76 0.24  0.0   11  3.2 21.0      5828
 5829 2021- 8-12  9:55     - 55 17  160 58  15.14 0.09  0.0    5  2.5 13.4      5829
 *** DISTANCE & RESIDUAL WEIGHTING CANCELLED FOR EVENT: 2021  8 12 10  5
 5830 2021- 8-12 10:05     - 54 35  163 24  39.29 0.21  0.0    4 12.7 20.1      5830
 5831 2021- 8-12 10:28     - 55  1  161  3  49.13 0.11  0.0    6 13.5  5.3      5831
 5832 2021- 8-12 10:28     - 55 25  161 38  19.78 0.06  0.0    4 10.8  7.2      5832
 5833 2021- 8-12 10:28     - 55  1  161 22  14.71 0.07  0.0    5  5.2 10.5      5833
 5834 2021- 8-12 10:39     - 55 23  160 38  17.44 0.30  0.0    6 26.3 28.1      5834
 *** DISTANCE & RESIDUAL WEIGHTING CANCELLED FOR EVENT: 2021  8 12 10 40
 5835 2021- 8-12 10:40     - 55 18  161 51   7.93 0.10  0.0    4  4.7 11.5      5835
  SEQ ---DATE--- TIME REMARK -LAT-  --LON-  DEPTH  RMS PMAG  NUM  ERH  ERZ  ID
 5836 2021- 8-12 10:55     - 55 27  162  6   0.06 0.95  0.0    4 42.1 58.3      5836
 5837 2021- 8-12 11:12       55 16  161 26  25.03 0.09  0.0    6  2.4  2.4      5837
 *** DISTANCE & RESIDUAL WEIGHTING CANCELLED FOR EVENT: 2021  8 12 11 12
 5838 2021- 8-12 11:12     # 55 35  162 19  15.00 1.17  0.0    4 64.4 39.1      5838
 5839 2021- 8-12 12:09     - 54 28  162 11  17.27 0.16  0.0    9  2.5 17.9      5839
 5840 2021- 8-12 12:56     # 54 41  161 12  14.84 0.06  0.0    5  2.3  2.1      5840
 5841 2021- 8-12 13:19     - 54 40  160 49  15.01 0.24  0.0    9 19.9 23.5      5841
 5842 2021- 8-12 13:19     - 54 36  160 45  15.21 0.15  0.0    9 13.0 17.8      5842
 *** DISTANCE & RESIDUAL WEIGHTING CANCELLED FOR EVENT: 2021  8 12 13 31
 5843 2021- 8-12 13:31     - 55 13  161 44  14.13 0.57  0.0    4 26.8 23.5      5843
 5844 2021- 8-12 15:59     - 55 27  161 52  14.99 0.01  0.0    4  2.2 11.9      5844
 5845 2021- 8-12 16:04     - 55 18  162 52  60.13 0.17  0.0    7 11.4  9.4      5845
 *** DISTANCE & RESIDUAL WEIGHTING CANCELLED FOR EVENT: 2021  8 12 17 20
 5846 2021- 8-12 17:20     - 55 17  160 34  17.31 0.09  0.0    4  9.1 14.7      5846
 5847 2021- 8-12 19:36     - 55  8  160 37  15.02 0.20  0.0   10 15.4 20.9      5847
 5848 2021- 8-12 19:37     - 55 10  161 13  15.24 0.00  0.0    4  6.2  9.3      5848
 5849 2021- 8-12 20:40     - 55 12  162 34  20.55 0.22  0.0    6  5.3 18.2      5849
 5850 2021- 8-12 20:45     - 55 14  160 35  70.38 0.24  0.0   10 19.8  8.9      5850
  SEQ ---DATE--- TIME REMARK -LAT-  --LON-  DEPTH  RMS PMAG  NUM  ERH  ERZ  ID
 5851 2021- 8-12 20:46       55 11  161 31  22.67 0.03  0.0    7  3.6  2.2      5851
 5852 2021- 8-12 21:15       55  3  162 23  39.68 0.04  0.0    5  4.2  6.9      5852
 5853 2021- 8-12 21:16     - 55  1  160 31  15.01 0.17  0.0    9 16.3 18.8      5853
 5854 2021- 8-12 21:17       55  5  161 39  13.78 0.20  0.0    6  2.1  2.1      5854
 5855 2021- 8-12 21:49     - 54 49  160 58  15.36 0.24  0.0   10 18.1  3.3      5855
 5856 2021- 8-12 21:50       54 51  161 17  28.11 0.19  0.0    9  9.2  1.5      5856
 5857 2021- 8-12 22:01       55 16  161  8  32.91 0.19  0.0   10  4.1  0.9      5857
 5858 2021- 8-12 22:02       55 13  162 17  14.46 0.00  0.0    4  4.6  1.1      5858
 5859 2021- 8-12 22:07     - 55 20  160 54  54.15 0.13  0.0    7 15.1  5.5      5859
 5860 2021- 8-12 22:08     - 55 16  160 42  44.09 0.26  0.0    7 22.4  7.2      5860
 *** DISTANCE & RESIDUAL WEIGHTING CANCELLED FOR EVENT: 2021  8 12 22 38
 5861 2021- 8-12 22:37     - 55 26  162 13  15.00 0.50  0.0    4  8.7 41.2      5861
 5862 2021- 8-12 22:54     - 55 38  161  8  15.24 0.11  0.0    4 13.7 12.3      5862
 5863 2021- 8-12 23:16       55 20  161 49  28.44 0.00  0.0    4  6.5  2.1      5863
 *** DISTANCE & RESIDUAL WEIGHTING CANCELLED FOR EVENT: 2021  8 13  0 37
 5864 2021- 8-13  0:37     - 55 21  161 30  10.80 0.46  0.0    4 36.7 15.9      5864
 *** DISTANCE & RESIDUAL WEIGHTING CANCELLED FOR EVENT: 2021  8 13  0 45
 5865 2021- 8-13  0:45     - 55 18  161 29  30.26 1.28  0.0    4 70.0 70.0      5865
 *** DISTANCE & RESIDUAL WEIGHTING CANCELLED FOR EVENT: 2021  8 13  0 53
  SEQ ---DATE--- TIME REMARK -LAT-  --LON-  DEPTH  RMS PMAG  NUM  ERH  ERZ  ID
 5866 2021- 8-13  0:53     # 55 19  161 32  33.62 1.87  0.0    8 25.3 16.6      5866
 5867 2021- 8-13  0:55     - 55 14  160 36  15.01 0.23  0.0    8 21.6 22.9      5867
 5868 2021- 8-13  0:55     - 55 15  160 40  58.86 0.13  0.0    5 15.9  6.3      5868
 5869 2021- 8-13  0:55     - 55 27  161 22  16.25 0.23  0.0    4 17.1  2.1      5869
 5870 2021- 8-13  1:51     - 54 17  162 31  14.75 0.63  0.0    4 53.7 48.2      5870
 5871 2021- 8-13  2:59     - 54 15  162 32  16.55 0.49  0.0    4 42.6 38.2      5871
 5872 2021- 8-13  4:03     - 55  4  161 60  22.99 0.02  0.0    4  5.8  8.5      5872
 5873 2021- 8-13  4:08     - 54 55  161  4  13.97 0.28  0.0    5 20.8 16.5      5873
 5874 2021- 8-13  4:29     - 54 44  162 21  15.11 0.06  0.0    5 11.9  4.9      5874
 5875 2021- 8-13  4:30     - 54 49  162 21   9.80 0.10  0.0    4 13.7  4.2      5875
 5876 2021- 8-13  6:03       55 17  160 58  45.09 0.20  0.0   11  3.7  4.9      5876
 *** DISTANCE & RESIDUAL WEIGHTING CANCELLED FOR EVENT: 2021  8 13  6  4
 5877 2021- 8-13  6:03     # 55  2  161 46  14.97 1.42  0.0    5 19.9 14.5      5877
 *** DISTANCE & RESIDUAL WEIGHTING CANCELLED FOR EVENT: 2021  8 13  6 47
 5878 2021- 8-13  6:47     # 55 20  160 39  15.00 1.12  0.0    4 43.0 10.0      5878
 *** DISTANCE & RESIDUAL WEIGHTING CANCELLED FOR EVENT: 2021  8 13  7 30
 5879 2021- 8-13  7:30     - 55  8  162  2  15.00 1.68  0.0    4 56.0 81.7      5879
 5880 2021- 8-13  8:12     - 54 24  161 34  15.10 0.01  0.0    4  5.5 11.2      5880
  SEQ ---DATE--- TIME REMARK -LAT-  --LON-  DEPTH  RMS PMAG  NUM  ERH  ERZ  ID
 5881 2021- 8-13 10:49       55 26  162  8  22.08 0.64  0.0    7  7.7 16.7      5881
 5882 2021- 8-13 10:49     - 55 20  160 60  30.01 0.11  0.0    5 12.3  7.2      5882
 5883 2021- 8-13 11:38     - 55 33  162 24  17.29 0.51  0.0    5  4.6 43.9      5883
 5884 2021- 8-13 12:10     - 54 33  161 28  15.68 0.26  0.0   17 10.1 20.1      5884
 *** DISTANCE & RESIDUAL WEIGHTING CANCELLED FOR EVENT: 2021  8 13 13 15
 5885 2021- 8-13 13:15     - 54 52  162 22  22.23 3.15  0.0    4 98.9 28.3      5885
 5886 2021- 8-13 13:39     - 55 26  160 55   5.34 0.22  0.0    4 20.8 21.4      5886
 5887 2021- 8-13 13:53     - 54 56  161 36  21.29 0.13  0.0    6 13.3  3.8      5887
 5888 2021- 8-13 13:54       55 13  162  8  10.60 0.00  0.0    4  1.3  2.2      5888
 5889 2021- 8-13 14:21       55  9  161 42  15.49 0.18  0.0    7  4.5  6.3      5889
 5890 2021- 8-13 14:54     - 55  4  160 37  14.93 0.11  0.0    5  7.2 13.9      5890
 5891 2021- 8-13 15:17     - 54 55  162 32  26.47 0.02  0.0    4  9.3  7.9      5891
 5892 2021- 8-13 15:19     - 55  1  162 26  53.49 0.03  0.0    4  5.6 11.2      5892
 5893 2021- 8-13 16:07     - 54 36  161 16  16.73 0.12  0.0    9  6.8 13.6      5893
 5894 2021- 8-13 16:24     - 54 58  161  5  12.98 0.08  0.0    4 13.6 12.2      5894
 5895 2021- 8-13 16:33     - 54 40  162 26   8.18 0.03  0.0    4 12.7 12.1      5895
  SEQ ---DATE--- TIME REMARK -LAT-  --LON-  DEPTH  RMS PMAG  NUM  ERH  ERZ  ID
 5896 2021- 8-13 17:29     # 55 19  161 35  58.06 0.19  0.0    9  5.3  1.8      5896
 5897 2021- 8-13 17:29     - 55  7  161 33  14.99 0.07  0.0    4  3.8 10.1      5897
 5898 2021- 8-13 17:33       54 52  162 42  31.80 0.10  0.0   10  4.7  0.7      5898
 *** DISTANCE & RESIDUAL WEIGHTING CANCELLED FOR EVENT: 2021  8 13 17 50
 5899 2021- 8-13 17:49     - 55 15  162  4   7.14 0.53  0.0    4 45.6 38.5      5899
 5900 2021- 8-13 18:03     - 54 34  161 40  17.17 0.14  0.0    8  2.3 17.1      5900
 5901 2021- 8-13 18:51       55 28  161 54  29.71 0.05  0.0    6  1.2  1.0      5901
 5902 2021- 8-13 19:11     - 55  8  162 19  38.85 0.01  0.0    4  5.9 10.7      5902
 *** DISTANCE & RESIDUAL WEIGHTING CANCELLED FOR EVENT: 2021  8 13 19 24
 5903 2021- 8-13 19:24     # 55 14  161 25  15.00 0.43  0.0    4 19.5 11.9      5903
 5904 2021- 8-13 19:53     - 54 15  160 55  14.87 0.05  0.0    5  5.9 11.9      5904
 *** DISTANCE & RESIDUAL WEIGHTING CANCELLED FOR EVENT: 2021  8 13 21  2
 5905 2021- 8-13 21:02     # 55 43  162  1  15.00 1.57  0.0    5 26.6 46.2      5905
 5906 2021- 8-13 21:19     - 54 33  161 59  14.50 0.05  0.0    4  5.7 12.3      5906
 5907 2021- 8-13 21:46     - 55 28  162 37  15.02 0.26  0.0    4  3.5 23.5      5907
 5908 2021- 8-13 22:18     - 54 47  160 56  17.97 0.25  0.0   10  7.5 23.7      5908
 5909 2021- 8-13 22:18     - 54 44  160 59  30.75 0.38  0.0    9 25.1  3.5      5909
 5910 2021- 8-13 23:14     - 55 13  161 34  15.02 0.11  0.0    4 15.1 13.9      5910
  SEQ ---DATE--- TIME REMARK -LAT-  --LON-  DEPTH  RMS PMAG  NUM  ERH  ERZ  ID
 5911 2021- 8-13 23:26     - 54 58  161  3   4.59 0.24  0.0    6  9.1 20.4      5911
 5912 2021- 8-13 23:45     - 54 57  161 19  22.90 0.13  0.0    4 16.1  7.0      5912
 5913 2021- 8-13 23:45     - 55 15  162 15  31.78 0.08  0.0    4  3.5 11.6      5913
 *** DISTANCE & RESIDUAL WEIGHTING CANCELLED FOR EVENT: 2021  8 14  0  0
 5914 2021- 8-13 23:59     # 55 26  162 15  15.00 0.54  0.0    5  4.7 27.7      5914
 *** DISTANCE & RESIDUAL WEIGHTING CANCELLED FOR EVENT: 2021  8 14  0 30
 5915 2021- 8-14  0:30     - 55 35  162 15  15.00 2.90  0.0    4 76.5 62.9      5915
 5916 2021- 8-14  1:39     - 54 58  162 29  62.51 0.12  0.0    4  7.0 14.3      5916
 5917 2021- 8-14  1:57     - 55 18  162 29  20.37 0.06  0.0    4  9.0  9.8      5917
 5918 2021- 8-14  2:45     # 55 23  161  6  33.28 0.21  0.0    7  5.1  4.1      5918
 5919 2021- 8-14  2:46     - 55 17  161 43   0.01 0.54  0.0    4 20.8 41.0      5919
 5920 2021- 8-14  3:09     - 55  5  161 40  22.47 0.07  0.0    4 12.2  5.4      5920
 5921 2021- 8-14  3:31       55 14  161 24  17.93 0.15  0.0    8  4.0  2.9      5921
 5922 2021- 8-14  4:20     - 54 54  162 47  14.69 0.01  0.0    4  3.3 12.0      5922
 5923 2021- 8-14  4:21     - 54  7  161 47   7.29 0.06  0.0    6 11.5  2.1      5923
 5924 2021- 8-14  4:21     - 54 55  162 42  15.23 0.02  0.0    4  4.0 11.7      5924
 *** DISTANCE & RESIDUAL WEIGHTING CANCELLED FOR EVENT: 2021  8 14  4 22
 5925 2021- 8-14  4:22     - 55 26  162 41  17.24 2.38  0.0    6 19.5 99.0      5925
  SEQ ---DATE--- TIME REMARK -LAT-  --LON-  DEPTH  RMS PMAG  NUM  ERH  ERZ  ID
 5926 2021- 8-14  5:12     - 55 29  162  9  15.01 0.88  0.0    4 71.8 60.6      5926
 5927 2021- 8-14  6:21     - 54 38  161  5  13.42 0.35  0.0   15 11.9 23.5      5927
 5928 2021- 8-14  7:59     - 55 19  162  4  49.27 0.08  0.0    5  3.1 13.3      5928
 5929 2021- 8-14  8:43     - 54 45  161 15  17.64 0.27  0.0    8  1.9 25.7      5929
 5930 2021- 8-14 10:26     # 55 29  162  7   0.01 0.92  0.0    6 13.8 39.0      5930
 5931 2021- 8-14 10:36     - 56 17  161 20  14.44 0.89  0.0   10 32.3 65.0      5931
 5932 2021- 8-14 10:37       55 25  162  0  16.79 0.00  0.0    4  1.1  1.3      5932
 5933 2021- 8-14 10:41     - 54 31  163 18  15.36 0.01  0.0    5  6.7 11.3      5933
 5934 2021- 8-14 10:55     - 55 12  160 28  14.99 0.15  0.0    9 13.7 16.6      5934
 5935 2021- 8-14 11:58       55 17  160 49  61.68 0.16  0.0    9  4.9  4.4      5935
 *** DISTANCE & RESIDUAL WEIGHTING CANCELLED FOR EVENT: 2021  8 14 11 59
 5936 2021- 8-14 11:58     # 55  5  161 30  40.68 0.21  0.0    4 12.2  8.0      5936
 5937 2021- 8-14 12:15       55 20  161 37  27.09 0.17  0.0    5  5.5  6.6      5937
 5938 2021- 8-14 12:15     - 55  5  160 27  14.99 0.43  0.0    4 33.3 37.3      5938
 5939 2021- 8-14 12:22     - 55  3  163 34  40.89 0.74  0.0   11 15.6 52.8      5939
 5940 2021- 8-14 12:35       55 20  161 34  33.98 0.20  0.0    9  2.9  2.2      5940
 *** DISTANCE & RESIDUAL WEIGHTING CANCELLED FOR EVENT: 2021  8 14 12 36
  SEQ ---DATE--- TIME REMARK -LAT-  --LON-  DEPTH  RMS PMAG  NUM  ERH  ERZ  ID
 5941 2021- 8-14 12:35     - 55 21  160 43  15.07 0.93  0.0    4 71.0 77.6      5941
 *** DISTANCE & RESIDUAL WEIGHTING CANCELLED FOR EVENT: 2021  8 14 12 40
 5942 2021- 8-14 12:40     - 55 32  161 29  15.00 0.44  0.0    4 35.6 19.9      5942
 5943 2021- 8-14 13:00       55 17  160 51  44.69 0.13  0.0   10  6.3  5.7      5943
 5944 2021- 8-14 13:07       55 18  161 13  53.93 0.23  0.0   10  3.9  2.7      5944
 *** DISTANCE & RESIDUAL WEIGHTING CANCELLED FOR EVENT: 2021  8 14 13 12
 5945 2021- 8-14 13:12     - 55  2  161 10  15.03 0.32  0.0    5  6.2 20.8      5945
 *** DISTANCE & RESIDUAL WEIGHTING CANCELLED FOR EVENT: 2021  8 14 13 30
 5946 2021- 8-14 13:30     - 55 10  163  7  15.22 0.60  0.0    4 33.6 51.1      5946
 5947 2021- 8-14 13:45       55  6  161 33  19.85 0.12  0.0    9  1.9  1.7      5947
 5948 2021- 8-14 13:45     - 55 11  161 25   6.69 0.45  0.0    4 19.5 39.2      5948
 *** DISTANCE & RESIDUAL WEIGHTING CANCELLED FOR EVENT: 2021  8 14 14  0
 5949 2021- 8-14 14:00     # 55 31  163  0  15.00 0.55  0.0    5  4.2 14.4      5949
 5950 2021- 8-14 14:21       55  7  161 25  28.51 0.22  0.0   10  5.6  3.9      5950
 5951 2021- 8-14 14:22       55 16  161 47  16.95 0.00  0.0    4  2.7  1.9      5951
 5952 2021- 8-14 14:34     - 55 15  160 44  34.56 0.18  0.0    9  3.4 16.1      5952
 *** DISTANCE & RESIDUAL WEIGHTING CANCELLED FOR EVENT: 2021  8 14 14 47
 5953 2021- 8-14 14:47     # 55 20  161 29  15.00 0.26  0.0    4  6.6 10.8      5953
 5954 2021- 8-14 14:55     # 55 15  161 10  45.98 0.24  0.0   14  2.5  3.0      5954
 5955 2021- 8-14 14:56     - 55  7  161 12   8.94 0.13  0.0    5  2.3 16.4      5955
  SEQ ---DATE--- TIME REMARK -LAT-  --LON-  DEPTH  RMS PMAG  NUM  ERH  ERZ  ID
 5956 2021- 8-14 15:11       55 16  161 24  24.26 0.11  0.0    8  1.6  3.1      5956
 *** DISTANCE & RESIDUAL WEIGHTING CANCELLED FOR EVENT: 2021  8 14 15 12
 5957 2021- 8-14 15:12     - 55 11  161 24  14.98 0.69  0.0    4 41.9 14.2      5957
 5958 2021- 8-14 15:21     - 55 11  160 53  40.41 0.19  0.0    9 18.0  8.6      5958
 5959 2021- 8-14 15:21     - 54 51  160 26  14.55 0.36  0.0    7 14.3 29.1      5959
 *** DISTANCE & RESIDUAL WEIGHTING CANCELLED FOR EVENT: 2021  8 14 16  0
 5960 2021- 8-14 15:59     # 55 24  162 17  22.39 0.62  0.0    5  6.3 24.5      5960
 5961 2021- 8-14 16:55     - 55  9  161 53   6.68 0.10  0.0    4  2.8 15.0      5961
 5962 2021- 8-14 16:55     # 55 26  161 55  25.47 0.44  0.0    5 15.0 17.3      5962
 5963 2021- 8-14 16:57     - 55 16  160 30  14.75 0.24  0.0    6  9.8 20.7      5963
 5964 2021- 8-14 16:57     - 55 14  161 48  15.22 0.04  0.0    4  7.4 10.0      5964
 5965 2021- 8-14 17:02     - 55 12  161  2  33.14 0.33  0.0   16  2.5 25.2      5965
 5966 2021- 8-14 17:02       55 26  161 59  11.22 0.02  0.0    5  0.9  2.5      5966
 5967 2021- 8-14 17:33     - 55  5  160 40  15.08 0.25  0.0   11  9.9 21.2      5967
 *** DISTANCE & RESIDUAL WEIGHTING CANCELLED FOR EVENT: 2021  8 14 17 34
 5968 2021- 8-14 17:34     # 55 10  161 44  21.70 0.54  0.0    6 16.8 14.2      5968
 5969 2021- 8-14 17:47     - 54 55  161  9  16.70 0.01  0.0    4  5.8 10.7      5969
 5970 2021- 8-14 17:47       54 40  162 20  48.98 0.05  0.0    5  8.1  4.0      5970
  SEQ ---DATE--- TIME REMARK -LAT-  --LON-  DEPTH  RMS PMAG  NUM  ERH  ERZ  ID
 5971 2021- 8-14 17:58       55 13  161 40  39.16 0.13  0.0    5  7.9  2.3      5971
 5972 2021- 8-14 18:07       55 12  162 15  36.39 0.01  0.0    4  7.6  4.5      5972
 *** DISTANCE & RESIDUAL WEIGHTING CANCELLED FOR EVENT: 2021  8 14 18  7
 5973 2021- 8-14 18:07     # 55 17  162 10  15.00 1.07  0.0    4 16.8 17.6      5973
 *** DISTANCE & RESIDUAL WEIGHTING CANCELLED FOR EVENT: 2021  8 14 18  7
 5974 2021- 8-14 18:07     - 55 35  162  5   7.28 0.61  0.0    4 28.7 37.9      5974
 *** DISTANCE & RESIDUAL WEIGHTING CANCELLED FOR EVENT: 2021  8 14 18 26
 5975 2021- 8-14 18:26     - 55 25  160 45  15.26 0.15  0.0    4 13.4 16.1      5975
 5976 2021- 8-14 18:38       55  1  161 27  17.87 0.19  0.0    7  5.7  4.2      5976
 5977 2021- 8-14 18:38     - 55 35  161 26   3.13 0.18  0.0    4  8.5 11.0      5977
 5978 2021- 8-14 18:39     - 55 36  160 31  15.02 0.74  0.0    5 55.4 62.6      5978
 5979 2021- 8-14 18:45     - 55 13  160 52  33.18 0.18  0.0   11  3.8 19.5      5979
 *** DISTANCE & RESIDUAL WEIGHTING CANCELLED FOR EVENT: 2021  8 14 18 45
 5980 2021- 8-14 18:45     - 54 58  161 29  16.43 0.26  0.0    4 10.8 24.6      5980
 5981 2021- 8-14 18:45     - 55 18  161  2  12.23 0.03  0.0    4  3.3 12.5      5981
 5982 2021- 8-14 19:39     - 54 42  163 29  19.86 0.05  0.0    5  4.4 13.2      5982
 5983 2021- 8-14 19:39     # 55 20  161 41  19.29 2.20  0.0    8 18.4 32.1      5983
 *** DISTANCE & RESIDUAL WEIGHTING CANCELLED FOR EVENT: 2021  8 14 19 47
 5984 2021- 8-14 19:46     - 54 56  160 29  15.87 0.16  0.0    4  8.1 16.2      5984
 5985 2021- 8-14 20:54     - 55 17  160 56  31.28 0.14  0.0    9 12.3  1.3      5985
  SEQ ---DATE--- TIME REMARK -LAT-  --LON-  DEPTH  RMS PMAG  NUM  ERH  ERZ  ID
 5986 2021- 8-14 20:54     - 55 57  162  2  16.37 0.11  0.0    4 13.8 15.2      5986
 5987 2021- 8-14 20:56       54 44  161 56  14.44 0.21  0.0   13  1.4  4.8      5987
 *** DISTANCE & RESIDUAL WEIGHTING CANCELLED FOR EVENT: 2021  8 15  0  0
 5988 2021- 8-14 23:59     # 55 17  162 22  22.84 0.82  0.0    5  9.7 23.6      5988
 5989 2021- 8-15  0:04     - 54 43  160 24  14.86 0.19  0.0   15  8.5 16.9      5989
 5990 2021- 8-15  0:10     - 54 58  161 24   9.24 0.01  0.0    4  5.4 11.7      5990
 5991 2021- 8-15  0:29     - 54 54  160 42  14.85 0.16  0.0   10  7.6 15.2      5991
 5992 2021- 8-15  0:45     - 54 29  161 46  16.96 0.18  0.0    6  8.5 17.1      5992
 *** DISTANCE & RESIDUAL WEIGHTING CANCELLED FOR EVENT: 2021  8 15  1  7
 5993 2021- 8-15  1:07     - 54 57  162 21  14.75 0.32  0.0    4 18.8 21.7      5993
 5994 2021- 8-15  2:32       55 13  161 39  24.53 0.01  0.0    5  4.0  3.4      5994
 *** DISTANCE & RESIDUAL WEIGHTING CANCELLED FOR EVENT: 2021  8 15  2 33
 5995 2021- 8-15  2:32     # 55 37  162  5  15.00 1.94  0.0    5 71.4 68.5      5995
 *** DISTANCE & RESIDUAL WEIGHTING CANCELLED FOR EVENT: 2021  8 15  4  8
 5996 2021- 8-15  4:08     - 55 21  161 43  16.40 0.35  0.0    4 15.2 21.5      5996
 5997 2021- 8-15  7:09     - 54 49  160 48  15.00 0.22  0.0   10 17.5 22.3      5997
 5998 2021- 8-15  7:09     - 54 50  160 57  33.08 0.31  0.0    9 15.0 28.6      5998
 5999 2021- 8-15  7:58     - 54 50  160 50  15.00 0.18  0.0    9 17.1 19.4      5999
 6000 2021- 8-15  7:58     - 54 56  161 19  31.58 0.08  0.0    5 10.4  0.6      6000
  SEQ ---DATE--- TIME REMARK -LAT-  --LON-  DEPTH  RMS PMAG  NUM  ERH  ERZ  ID
 6001 2021- 8-15  7:59     - 55 22  162 17  23.56 0.08  0.0    5  2.5 12.1      6001
 6002 2021- 8-15  9:08     - 55 38  160 57  10.14 0.07  0.0    6  3.0 13.6      6002
 6003 2021- 8-15  9:09     - 55 10  161 17  13.50 0.11  0.0    6  3.8 14.7      6003
 6004 2021- 8-15  9:13     - 54 38  160 50  15.00 0.23  0.0   11 19.4 22.5      6004
 6005 2021- 8-15  9:13     - 55 17  161 16   8.43 0.07  0.0    7 11.8  9.2      6005
 6006 2021- 8-15 11:22     - 55 16  160 52  32.84 0.17  0.0    8  8.8 16.2      6006
 *** DISTANCE & RESIDUAL WEIGHTING CANCELLED FOR EVENT: 2021  8 15 11 23
 6007 2021- 8-15 11:22     # 55 24  162 19  16.26 1.52  0.0    6 14.0 53.0      6007
 *** DISTANCE & RESIDUAL WEIGHTING CANCELLED FOR EVENT: 2021  8 15 11 57
 6008 2021- 8-15 11:56     - 55 49  160 23  15.00 1.07  0.0    4 42.5 81.1      6008
 6009 2021- 8-15 11:57     - 55  1  161 31  25.53 0.18  0.0    5 15.5  5.0      6009
 *** DISTANCE & RESIDUAL WEIGHTING CANCELLED FOR EVENT: 2021  8 15 11 57
 6010 2021- 8-15 11:57     # 55 17  162  9  17.22 0.73  0.0    4 17.0 29.6      6010
 6011 2021- 8-15 11:59     - 55 15  161  1  21.06 0.07  0.0    5  2.8 11.9      6011
 6012 2021- 8-15 11:59     - 55 26  162 41  15.34 0.56  0.0    7  9.3 39.7      6012
 6013 2021- 8-15 12:18     - 54 56  161 31   8.64 0.16  0.0    8  2.5 15.9      6013
 6014 2021- 8-15 12:19     - 55 11  160 38  15.34 0.07  0.0    4  6.1 12.3      6014
 *** DISTANCE & RESIDUAL WEIGHTING CANCELLED FOR EVENT: 2021  8 15 12 39
 6015 2021- 8-15 12:38     - 55  5  161 23  28.27 0.22  0.0    4 18.5  8.2      6015
  SEQ ---DATE--- TIME REMARK -LAT-  --LON-  DEPTH  RMS PMAG  NUM  ERH  ERZ  ID
 6016 2021- 8-15 12:57     - 55 15  160 34  16.69 0.23  0.0    5 10.4 20.5      6016
 6017 2021- 8-15 13:53     - 54  8  163  5  14.48 0.49  0.0    5 21.5 38.1      6017
 *** DISTANCE & RESIDUAL WEIGHTING CANCELLED FOR EVENT: 2021  8 15 14 31
 6018 2021- 8-15 14:31     # 55  3  161 45  22.29 0.38  0.0    5 15.1  6.9      6018
 6019 2021- 8-15 15:14     - 54 36  161 14  15.11 0.22  0.0   16  8.5 17.1      6019
 6020 2021- 8-15 17:25     - 55 13  161 29  22.81 0.07  0.0    4 10.3  7.2      6020
 6021 2021- 8-15 17:42     - 55 27  160 29  14.21 0.15  0.0   10  7.1 14.8      6021
 6022 2021- 8-15 17:47     # 55  7  160 51  66.90 0.07  0.0    6  4.3  3.8      6022
 6023 2021- 8-15 19:18     - 54 36  161 54   9.67 0.19  0.0   15  1.5 18.1      6023
 6024 2021- 8-15 19:45     - 55  8  161  6  13.69 0.04  0.0    4  2.8 12.1      6024
 6025 2021- 8-15 19:45     - 55 14  161 50   0.13 0.17  0.0    4  1.4 14.0      6025
 6026 2021- 8-15 22:19     - 54 55  160 45  15.00 0.25  0.0    9 22.1 24.5      6026
 6027 2021- 8-15 22:19     - 54 57  160 48  28.71 0.16  0.0    9 14.1  2.3      6027
 6028 2021- 8-15 22:30     - 55  4  160 42  14.84 0.21  0.0    4  9.5 19.4      6028
 6029 2021- 8-16  0:40     - 54 52  162 22  13.83 0.06  0.0    5 11.4  6.5      6029
 *** DISTANCE & RESIDUAL WEIGHTING CANCELLED FOR EVENT: 2021  8 16  0 40
 6030 2021- 8-16  0:40     - 54 41  162 24   9.17 0.07  0.0    4 12.9 11.4      6030
 *** DISTANCE & RESIDUAL WEIGHTING CANCELLED FOR EVENT: 2021  8 16  1 44
  SEQ ---DATE--- TIME REMARK -LAT-  --LON-  DEPTH  RMS PMAG  NUM  ERH  ERZ  ID
 6031 2021- 8-16  1:44     - 54 56  161 37  14.85 0.20  0.0    4 18.0  9.8      6031
 6032 2021- 8-16  1:47     - 55  9  160 54  17.74 0.27  0.0   11  3.8 24.9      6032
 6033 2021- 8-16  1:48     - 55  4  161 12  68.11 0.19  0.0    6 15.3  9.0      6033
 6034 2021- 8-16  3:16     - 54 41  161  0  32.91 0.23  0.0    9 20.1 22.8      6034
 6035 2021- 8-16  3:16       55 20  161 45   5.84 0.01  0.0    5  2.7  0.5      6035
 6036 2021- 8-16  4:12     - 54 14  161 32  12.14 0.24  0.0    7 14.6 20.7      6036
 6037 2021- 8-16  4:12     - 54 55  162 45  15.58 0.01  0.0    4 10.1  6.8      6037
 *** DISTANCE & RESIDUAL WEIGHTING CANCELLED FOR EVENT: 2021  8 16  4 12
 6038 2021- 8-16  4:12     - 55 16  161 42  13.41 0.19  0.0    4 13.4 10.9      6038
 6039 2021- 8-16  4:47       55 11  161 52  11.23 0.06  0.0    5  2.4  3.1      6039
 6040 2021- 8-16  4:53     - 54 34  162  2  11.74 0.15  0.0    8  3.0 15.3      6040
 6041 2021- 8-16  8:05       55 18  161 56  25.92 0.10  0.0    5  1.9  1.7      6041
 *** DISTANCE & RESIDUAL WEIGHTING CANCELLED FOR EVENT: 2021  8 16  8 48
 6042 2021- 8-16  8:48     - 54 45  163 13  15.01 0.20  0.0    4  9.3 18.7      6042
 6043 2021- 8-16  8:48       55 26  161 44  15.28 0.00  0.0    4  6.0  1.8      6043
 6044 2021- 8-16  9:56     - 54 22  161 59  16.73 0.27  0.0   12 11.5 22.8      6044
 6045 2021- 8-16 11:31     - 55 22  161 58   6.84 0.46  0.0    4 24.0 32.0      6045
  SEQ ---DATE--- TIME REMARK -LAT-  --LON-  DEPTH  RMS PMAG  NUM  ERH  ERZ  ID
 6046 2021- 8-16 12:20     - 55 17  160 42  58.01 0.15  0.0   10 14.6  6.0      6046
 6047 2021- 8-16 12:56       55 18  161 35  19.63 0.03  0.0    5  2.5  2.2      6047
 6048 2021- 8-16 13:05     - 55 10  161 38  30.19 0.05  0.0    4  8.7  8.9      6048
 *** DISTANCE & RESIDUAL WEIGHTING CANCELLED FOR EVENT: 2021  8 16 13  6
 6049 2021- 8-16 13:06     # 55  6  161 38  14.99 0.38  0.0    4  6.8  4.1      6049
 6050 2021- 8-16 13:07     - 55 10  161 45   8.33 0.03  0.0    4 11.3  5.0      6050
 6051 2021- 8-16 15:39       54 52  162 55  15.04 0.11  0.0    5  5.4  3.9      6051
 6052 2021- 8-16 16:24     - 55 14  160 57  32.84 0.19  0.0   10 16.2  1.1      6052
 *** DISTANCE & RESIDUAL WEIGHTING CANCELLED FOR EVENT: 2021  8 16 16 25
 6053 2021- 8-16 16:25     # 55 14  161 35  34.41 0.83  0.0    4 26.9  6.7      6053
 6054 2021- 8-17  0:22     - 55 40  160 41  18.87 0.26  0.0    8 20.7 21.6      6054
 6055 2021- 8-17  0:23     - 55 27  161  3  44.60 0.42  0.0    4 37.2 10.0      6055
 6056 2021- 8-17  4:51     - 54 36  161 53  12.73 0.19  0.0    7  4.6 19.2      6056
 *** DISTANCE & RESIDUAL WEIGHTING CANCELLED FOR EVENT: 2021  8 17  8  0
 6057 2021- 8-17  8:00     # 54 41  162 30  32.35 0.17  0.0    4 11.0  1.6      6057
 6058 2021- 8-17  9:14     - 55 14  162 29  14.41 0.00  0.0    4  2.3 12.2      6058
 6059 2021- 8-17  9:14       54 59  161 31  15.07 0.00  0.0    4  2.8  2.2      6059
 *** DISTANCE & RESIDUAL WEIGHTING CANCELLED FOR EVENT: 2021  8 17  9 14
 6060 2021- 8-17  9:14     - 55 50  160 53  15.00 1.70  0.0    4 98.8 42.2      6060
  SEQ ---DATE--- TIME REMARK -LAT-  --LON-  DEPTH  RMS PMAG  NUM  ERH  ERZ  ID
 6061 2021- 8-17  9:49       55 17  161 26  25.66 0.13  0.0    9  2.2  3.6      6061
 6062 2021- 8-17  9:49     - 55 16  161  2  18.25 0.21  0.0    5  3.5 18.1      6062
 6063 2021- 8-17 11:24       55 18  161 33  27.29 0.16  0.0    4  6.4  4.3      6063
 6064 2021- 8-17 14:04     - 54 48  161  5  30.89 0.14  0.0    7 15.3  2.1      6064
 *** DISTANCE & RESIDUAL WEIGHTING CANCELLED FOR EVENT: 2021  8 17 14  5
 6065 2021- 8-17 14:05     # 54 57  161 20  32.03 0.78  0.0    5 45.3  2.9      6065
 6066 2021- 8-17 17:06     - 54 57  161 15  13.17 0.17  0.0    5 13.7 12.0      6066
 6067 2021- 8-17 17:11     - 54 43  162 17  19.19 0.09  0.0    4 13.6  5.3      6067
 6068 2021- 8-17 22:23     - 55 34  162 45  14.97 0.06  0.0    4  2.9 13.1      6068
 *** DISTANCE & RESIDUAL WEIGHTING CANCELLED FOR EVENT: 2021  8 17 22 46
 6069 2021- 8-17 22:46     - 55 17  162 35  62.55 0.44  0.0    4 29.3 23.7      6069
 6070 2021- 8-18  4:35       55 28  161 44   5.45 0.00  0.0    4  1.0  0.8      6070
 6071 2021- 8-18  4:50     - 54 18  161 21  14.93 0.10  0.0    6  6.7 13.5      6071
 6072 2021- 8-18  4:58     - 54 12  161 32  14.12 0.21  0.0    8  9.1 19.3      6072
 6073 2021- 8-18  4:58     - 54 55  162 43  14.88 0.02  0.0    4  3.9 11.8      6073
 6074 2021- 8-18  4:58     - 55  1  161 33   9.29 0.16  0.0    5 16.3 13.3      6074
 *** DISTANCE & RESIDUAL WEIGHTING CANCELLED FOR EVENT: 2021  8 18  7  3
 6075 2021- 8-18  7:03     # 54 49  161 57  15.00 1.60  0.0    5 51.6 78.9      6075
  SEQ ---DATE--- TIME REMARK -LAT-  --LON-  DEPTH  RMS PMAG  NUM  ERH  ERZ  ID
 6076 2021- 8-18  9:43     - 55 10  161 35  30.61 0.10  0.0    6 12.0  4.5      6076
 6077 2021- 8-18  9:43     - 55 25  161 37  56.13 0.04  0.0    5  4.3  9.1      6077
 *** DISTANCE & RESIDUAL WEIGHTING CANCELLED FOR EVENT: 2021  8 18 10 16
 6078 2021- 8-18 10:16     - 55 12  162 14  15.00 0.50  0.0    4 43.6  4.6      6078
 6079 2021- 8-18 10:21     - 54 51  162  7  29.91 0.06  0.0    5  6.1  9.4      6079
 *** DISTANCE & RESIDUAL WEIGHTING CANCELLED FOR EVENT: 2021  8 18 12  9
 6080 2021- 8-18 12:09     # 55 17  161 50  25.68 0.73  0.0    5 30.9  5.9      6080
 *** DISTANCE & RESIDUAL WEIGHTING CANCELLED FOR EVENT: 2021  8 18 12 40
 6081 2021- 8-18 12:40     - 55 20  161 55  13.84 0.71  0.0    4 42.2 36.2      6081
 *** DISTANCE & RESIDUAL WEIGHTING CANCELLED FOR EVENT: 2021  8 18 13 30
 6082 2021- 8-18 13:30     - 54 58  162 39  17.72 0.21  0.0    5  9.4 14.6      6082
 *** DISTANCE & RESIDUAL WEIGHTING CANCELLED FOR EVENT: 2021  8 18 15  0
 6083 2021- 8-18 15:00     - 55 31  161 20  15.02 0.70  0.0    4 56.4 34.5      6083
 6084 2021- 8-18 17:19     - 54 42  160 57  15.00 0.21  0.0   10 18.4 21.1      6084
 *** DISTANCE & RESIDUAL WEIGHTING CANCELLED FOR EVENT: 2021  8 18 17 20
 6085 2021- 8-18 17:20     - 55 23  162  9  38.05 0.33  0.0    5 21.1 12.8      6085
 *** DISTANCE & RESIDUAL WEIGHTING CANCELLED FOR EVENT: 2021  8 18 17 42
 6086 2021- 8-18 17:42     - 55 39  160 32  14.97 0.14  0.0    4 11.8 15.5      6086
 6087 2021- 8-18 17:49       55 18  161 46  29.72 0.13  0.0    6  4.7  1.5      6087
 6088 2021- 8-18 17:56       55 28  161 47   2.27 0.00  0.0    5  1.1  5.2      6088
 6089 2021- 8-18 18:03     - 55 34  161 43  33.33 0.06  0.0    4  9.5  3.1      6089
 *** DISTANCE & RESIDUAL WEIGHTING CANCELLED FOR EVENT: 2021  8 18 18 10
 6090 2021- 8-18 18:10     - 55 35  161 37   9.41 0.28  0.0    5 20.1 14.3      6090
  SEQ ---DATE--- TIME REMARK -LAT-  --LON-  DEPTH  RMS PMAG  NUM  ERH  ERZ  ID
 6091 2021- 8-18 18:16       55 14  162  7  26.00 0.06  0.0    5  3.3  6.1      6091
 6092 2021- 8-18 18:22     - 54 49  160 59  27.76 0.17  0.0   11 16.7  2.8      6092
 6093 2021- 8-18 18:22     - 54 55  161 27  33.10 0.12  0.0    7 11.5  3.5      6093
 6094 2021- 8-18 19:31     - 54 34  160 52  15.00 0.22  0.0   10 19.7 22.3      6094
 *** DISTANCE & RESIDUAL WEIGHTING CANCELLED FOR EVENT: 2021  8 18 19 31
 6095 2021- 8-18 19:31     - 54 54  160 46  15.00 1.64  0.0    4 98.7 98.7      6095
 6096 2021- 8-18 20:07     - 54 58  160 35  64.31 0.19  0.0    9 16.8  8.3      6096
 6097 2021- 8-18 20:07     - 54 42  160 31  15.02 0.09  0.0    4 13.3 13.9      6097
 6098 2021- 8-18 20:29     - 55 12  161 28   6.46 0.08  0.0    8  5.5 10.1      6098
 6099 2021- 8-18 20:29     - 55 24  161 34   0.01 0.13  0.0    5  5.7 15.6      6099
 6100 2021- 8-18 21:22     - 55 40  161 51  41.55 0.52  0.0    4 32.1 21.7      6100
 6101 2021- 8-18 21:40     - 55 26  161  2  14.47 0.17  0.0    6 18.2 16.0      6101
 6102 2021- 8-18 21:40     - 55 32  161  4   7.49 0.50  0.0    6 38.1 42.5      6102
 *** DISTANCE & RESIDUAL WEIGHTING CANCELLED FOR EVENT: 2021  8 18 21 50
 6103 2021- 8-18 21:50     # 54 55  161 26  16.47 0.42  0.0    6 23.0  2.4      6103
 6104 2021- 8-18 22:16       54 48  161  8  13.48 0.14  0.0   10 10.7  2.3      6104
 6105 2021- 8-18 22:16     # 54 52  161 16  15.32 0.54  0.0    9 15.2  3.4      6105
  SEQ ---DATE--- TIME REMARK -LAT-  --LON-  DEPTH  RMS PMAG  NUM  ERH  ERZ  ID
 6106 2021- 8-18 22:27       55 17  161 35  27.93 0.07  0.0    7  2.2  1.5      6106
 *** DISTANCE & RESIDUAL WEIGHTING CANCELLED FOR EVENT: 2021  8 19  0  0
 6107 2021- 8-18 23:59     # 55 22  162  6  23.72 0.30  0.0    4  5.4 14.3      6107
 6108 2021- 8-19  0:10     - 54 57  161 35  19.40 0.11  0.0    5 14.8  4.4      6108
 *** DISTANCE & RESIDUAL WEIGHTING CANCELLED FOR EVENT: 2021  8 19  0 11
 6109 2021- 8-19  0:10     # 55  4  161 43   2.76 0.14  0.0    4  3.1  9.9      6109
 6110 2021- 8-19  1:11     - 55  7  160 53   8.10 0.14  0.0    4 16.1 16.5      6110
 6111 2021- 8-19  1:35     - 55 49  161 34  75.41 0.13  0.0    8  6.7 13.3      6111
 6112 2021- 8-19  2:09     - 55  2  160 15  14.84 0.18  0.0   17  8.4 16.9      6112
 6113 2021- 8-19  2:23     - 55 28  161 11  41.21 0.19  0.0    8 15.0  7.5      6113
 6114 2021- 8-19  2:23     - 55  4  161 30  14.76 0.06  0.0    4  3.2 13.2      6114
 6115 2021- 8-19  2:43     # 55 19  161 40   3.06 0.10  0.0    7  1.7  3.1      6115
 *** DISTANCE & RESIDUAL WEIGHTING CANCELLED FOR EVENT: 2021  8 19  2 44
 6116 2021- 8-19  2:44     - 55 10  161 37  15.25 0.84  0.0    4 15.0 48.9      6116
 6117 2021- 8-19  3:01     - 54 57  161 29  20.77 0.13  0.0    5 15.3  4.5      6117
 *** DISTANCE & RESIDUAL WEIGHTING CANCELLED FOR EVENT: 2021  8 19  3  2
 6118 2021- 8-19  3:01     - 54 59  161 29  12.09 0.25  0.0    4 21.3  6.4      6118
 6119 2021- 8-19  3:34       55 31  161 44  34.86 0.05  0.0    5  4.3  1.1      6119
 6120 2021- 8-19  6:42     - 54 31  161 29  17.42 0.60  0.0    4 42.6 51.7      6120
 *** DISTANCE & RESIDUAL WEIGHTING CANCELLED FOR EVENT: 2021  8 19  8  2
  SEQ ---DATE--- TIME REMARK -LAT-  --LON-  DEPTH  RMS PMAG  NUM  ERH  ERZ  ID
 6121 2021- 8-19  8:02     - 55  8  161 15  15.00 0.37  0.0    4 31.7 21.4      6121
 6122 2021- 8-19  8:03       55 23  161 21  13.63 0.39  0.0    6  5.5 18.2      6122
 6123 2021- 8-19  8:46     - 54 37  161 17  17.02 0.11  0.0   18  0.8 15.7      6123
 6124 2021- 8-19 10:12     - 54 30  161 51  16.23 0.12  0.0    8  7.0 14.0      6124
 6125 2021- 8-19 12:20     - 55 14  161 22  34.35 0.17  0.0    8 12.8  4.7      6125
 6126 2021- 8-19 12:20       55 14  161 58   9.24 0.08  0.0    5  2.0  1.5      6126
 6127 2021- 8-19 12:27       55 17  161 10  65.35 0.07  0.0    6  3.0  3.9      6127
 *** DISTANCE & RESIDUAL WEIGHTING CANCELLED FOR EVENT: 2021  8 19 13 17
 6128 2021- 8-19 13:17     - 55  9  162  1  24.19 5.18  0.0    4 96.5 61.2      6128
 *** DISTANCE & RESIDUAL WEIGHTING CANCELLED FOR EVENT: 2021  8 19 13 40
 6129 2021- 8-19 13:40     - 55 11  161 39  11.79 0.58  0.0    4 32.5 17.0      6129
 *** DISTANCE & RESIDUAL WEIGHTING CANCELLED FOR EVENT: 2021  8 19 16  0
 6130 2021- 8-19 15:59     # 55 21  161 56  35.17 0.32  0.0    4  7.9 15.3      6130
 6131 2021- 8-19 16:55     - 55  9  161 53   6.12 0.11  0.0    5 10.1  4.9      6131
 6132 2021- 8-19 18:29       54 43  162 41  14.37 0.08  0.0    7  3.0  1.0      6132
 6133 2021- 8-19 18:32     - 54 54  161 27  16.18 0.05  0.0    4 12.8  7.8      6133
 *** DISTANCE & RESIDUAL WEIGHTING CANCELLED FOR EVENT: 2021  8 19 18 32
 6134 2021- 8-19 18:32     - 54 59  161 42  73.06 0.73  0.0    7 35.0 44.1      6134
 6135 2021- 8-19 19:31     - 54 46  160 48  15.00 0.22  0.0   10 18.0 22.3      6135
  SEQ ---DATE--- TIME REMARK -LAT-  --LON-  DEPTH  RMS PMAG  NUM  ERH  ERZ  ID
 6136 2021- 8-19 19:31     - 54 35  160 25  13.69 0.24  0.0   10 16.6 10.8      6136
 *** DISTANCE & RESIDUAL WEIGHTING CANCELLED FOR EVENT: 2021  8 19 20 35
 6137 2021- 8-19 20:35     # 55 17  162  1  57.54 1.16  0.0    5 19.0 31.2      6137
 *** DISTANCE & RESIDUAL WEIGHTING CANCELLED FOR EVENT: 2021  8 20  2  9
 6138 2021- 8-20  2:08     - 55 40  160 40  14.40 0.27  0.0    4 11.3 22.8      6138
 *** DISTANCE & RESIDUAL WEIGHTING CANCELLED FOR EVENT: 2021  8 20  5 30
 6139 2021- 8-20  5:30     - 55  6  161 48  12.90 0.24  0.0    4 17.0  7.9      6139
 6140 2021- 8-20  6:18     - 55 30  161 42  13.58 0.02  0.0    4  9.0  8.6      6140
 6141 2021- 8-20  6:53     - 55 12  161 45  38.85 0.00  0.0    4  8.7  2.6      6141
 *** DISTANCE & RESIDUAL WEIGHTING CANCELLED FOR EVENT: 2021  8 20  6 57
 6142 2021- 8-20  6:57     # 55  6  161 23  15.00 0.49  0.0    6 12.2 28.0      6142
 6143 2021- 8-20  9:02     - 54 48  162 22  13.97 0.08  0.0   10 11.0  4.9      6143
 *** DISTANCE & RESIDUAL WEIGHTING CANCELLED FOR EVENT: 2021  8 20  9  3
 6144 2021- 8-20  9:02     - 54 57  162 20   8.87 0.28  0.0    5 18.4 15.1      6144
 6145 2021- 8-20  9:54     - 54 51  161 11  29.44 0.21  0.0    8 19.5 11.1      6145
 6146 2021- 8-20  9:54     - 54 57  161 30  23.53 0.08  0.0    5 12.1  1.7      6146
 *** DISTANCE & RESIDUAL WEIGHTING CANCELLED FOR EVENT: 2021  8 20 10 29
 6147 2021- 8-20 10:29     # 54 50  162 54  15.00 0.38  0.0    4 15.5  5.1      6147
 6148 2021- 8-20 10:47       55  3  161 16  32.76 0.10  0.0    5  3.3  0.9      6148
 6149 2021- 8-20 12:21     # 54 52  162 40  31.03 0.11  0.0    8  5.2  1.4      6149
 6150 2021- 8-20 13:38     - 55 10  161 55   0.88 0.10  0.0    4  1.6 10.5      6150
 *** DISTANCE & RESIDUAL WEIGHTING CANCELLED FOR EVENT: 2021  8 20 15 34
  SEQ ---DATE--- TIME REMARK -LAT-  --LON-  DEPTH  RMS PMAG  NUM  ERH  ERZ  ID
 6151 2021- 8-20 15:34     # 55  2  162 39  15.00 1.28  0.0    4 14.4 48.1      6151
 6152 2021- 8-20 15:46     - 55 13  162 43  14.48 0.13  0.0    5  6.2 16.0      6152
 6153 2021- 8-20 16:27     - 54 40  163 31  15.01 0.06  0.0    4  7.2 12.2      6153
 6154 2021- 8-20 16:34     - 54 23  163  0  15.06 0.08  0.0    5 10.7 12.7      6154
 *** DISTANCE & RESIDUAL WEIGHTING CANCELLED FOR EVENT: 2021  8 20 16 57
 6155 2021- 8-20 16:57     # 55  9  162  5  14.98 0.41  0.0    4 14.2  7.7      6155
 6156 2021- 8-20 17:31     - 55 43  163 40  14.35 0.03  0.0    4  5.6 11.4      6156
 6157 2021- 8-20 20:02     - 54 35  162 25  32.07 0.05  0.0    5 13.0  3.8      6157
 *** DISTANCE & RESIDUAL WEIGHTING CANCELLED FOR EVENT: 2021  8 20 20 19
 6158 2021- 8-20 20:18     - 55 24  160  9  15.00 0.83  0.0    4 32.3 62.1      6158
 6159 2021- 8-20 21:55     - 55 27  161  0  77.05 0.12  0.0    7 12.7  8.8      6159
 6160 2021- 8-20 21:56     - 55 19  160 21  15.00 0.25  0.0    6 21.2 24.1      6160
 6161 2021- 8-20 23:49       55 16  161 14  32.49 0.10  0.0   10  1.8  0.7      6161
 *** DISTANCE & RESIDUAL WEIGHTING CANCELLED FOR EVENT: 2021  8 20 23 49
 6162 2021- 8-20 23:49     - 54 59  162 10  12.45 0.68  0.0    4 32.2 43.2      6162
 *** DISTANCE & RESIDUAL WEIGHTING CANCELLED FOR EVENT: 2021  8 21  3 40
 6163 2021- 8-21  3:40     - 55 17  162 44  14.99 0.31  0.0    4 10.8 23.2      6163
 6164 2021- 8-21  3:54       55 15  161 10  30.77 0.20  0.0   10  3.9  4.8      6164
 6165 2021- 8-21  3:55     - 55 19  162 17  15.11 0.22  0.0    4  4.9 19.1      6165
 *** DISTANCE & RESIDUAL WEIGHTING CANCELLED FOR EVENT: 2021  8 21  8 13
  SEQ ---DATE--- TIME REMARK -LAT-  --LON-  DEPTH  RMS PMAG  NUM  ERH  ERZ  ID
 6166 2021- 8-21  8:12     - 55  3  160 51  41.11 0.51  0.0    7 39.8 16.1      6166
 6167 2021- 8-21  8:45     - 55 15  160 24  14.51 0.19  0.0   10  8.9 18.1      6167
 6168 2021- 8-21  8:52       54 55  162 12  23.52 0.14  0.0    7  5.3  9.9      6168
 6169 2021- 8-21  8:52     - 54 55  162 17  23.40 0.04  0.0    5  5.0  7.6      6169
 6170 2021- 8-21 10:29     - 55  2  161 25  10.52 0.14  0.0    5 15.4 12.7      6170
 6171 2021- 8-21 10:29     - 54 43  160 36  31.35 0.43  0.0    5 34.3 37.5      6171
 6172 2021- 8-21 14:32     - 54 46  162 21   7.46 0.20  0.0    4 19.1 20.2      6172
 6173 2021- 8-21 14:32     - 54 36  162 29   7.78 0.28  0.0    5 25.0 23.2      6173
 6174 2021- 8-21 16:40     - 54 56  163 22  35.94 0.59  0.0    8 14.0 46.0      6174
 6175 2021- 8-21 16:56     - 55  5  161 48  12.17 0.05  0.0    4 11.4  5.6      6175
 6176 2021- 8-21 19:52     - 54 43  162 36  26.52 0.07  0.0    4 12.5  5.7      6176
 6177 2021- 8-22  0:05     - 54 52  162 17  14.49 0.10  0.0    5 11.1  9.4      6177
 *** DISTANCE & RESIDUAL WEIGHTING CANCELLED FOR EVENT: 2021  8 22  0  5
 6178 2021- 8-22  0:05     - 54 54  162 19   6.76 0.60  0.0    5 47.6 50.6      6178
 *** DISTANCE & RESIDUAL WEIGHTING CANCELLED FOR EVENT: 2021  8 22  1  5
 6179 2021- 8-22  1:05     # 55  2  161 59  11.12 0.47  0.0    4 24.9  4.2      6179
 *** DISTANCE & RESIDUAL WEIGHTING CANCELLED FOR EVENT: 2021  8 22  1 46
 6180 2021- 8-22  1:46     - 55 12  161 45  14.83 0.18  0.0    4 11.7 11.1      6180
  SEQ ---DATE--- TIME REMARK -LAT-  --LON-  DEPTH  RMS PMAG  NUM  ERH  ERZ  ID
 6181 2021- 8-22  2:19     - 54 31  163 20  15.22 0.04  0.0    5  6.3 11.6      6181
 6182 2021- 8-22  2:19     - 54 48  162 40   9.77 0.07  0.0    4 13.0  3.4      6182
 6183 2021- 8-22  6:42       55  8  161 36  19.32 0.11  0.0    6  5.1  3.0      6183
 6184 2021- 8-22  6:42     - 54 54  161 27  11.94 0.77  0.0    5 11.3 47.9      6184
 6185 2021- 8-22  7:51     - 54 50  162 53  82.31 0.16  0.0    4 18.4  6.4      6185
 *** DISTANCE & RESIDUAL WEIGHTING CANCELLED FOR EVENT: 2021  8 22  8  0
 6186 2021- 8-22  7:59     # 55 27  162 28  15.00 0.98  0.0    4 17.5 52.0      6186
 *** DISTANCE & RESIDUAL WEIGHTING CANCELLED FOR EVENT: 2021  8 22  9 53
 6187 2021- 8-22  9:53     - 54 30  163 19  15.00 0.51  0.0    5 26.2 39.5      6187
 *** DISTANCE & RESIDUAL WEIGHTING CANCELLED FOR EVENT: 2021  8 22  9 53
 6188 2021- 8-22  9:53     - 55 36  162  4  40.85 1.97  0.0    4 98.4 27.5      6188
 *** DISTANCE & RESIDUAL WEIGHTING CANCELLED FOR EVENT: 2021  8 22 11 47
 6189 2021- 8-22 11:47     # 55  4  162 46  15.00 1.40  0.0    7 36.3 20.2      6189
 *** DISTANCE & RESIDUAL WEIGHTING CANCELLED FOR EVENT: 2021  8 22 13 44
 6190 2021- 8-22 13:44     - 54 56  162 21  14.99 0.62  0.0    4 48.5  8.2      6190
 6191 2021- 8-22 14:42     - 55 37  160 33  14.94 0.20  0.0    4  9.6 18.6      6191
 6192 2021- 8-22 18:25     - 54 48  160 51  15.01 0.25  0.0   11 18.3 24.0      6192
 6193 2021- 8-22 18:25     - 54 44  160 42  33.04 0.21  0.0    9 15.5 21.3      6193
 6194 2021- 8-22 18:47       55 10  161 56  21.61 0.01  0.0    5  4.9  5.1      6194
 6195 2021- 8-22 20:51     - 54 44  160 52  15.00 0.22  0.0   10 18.0 22.5      6195
  SEQ ---DATE--- TIME REMARK -LAT-  --LON-  DEPTH  RMS PMAG  NUM  ERH  ERZ  ID
 6196 2021- 8-22 20:51     - 54 47  160 56  41.47 0.15  0.0    8 13.0  7.6      6196
 6197 2021- 8-23  7:18     - 55 25  161 10  13.97 0.14  0.0    4  6.0 16.5      6197
 6198 2021- 8-23  7:18     - 56  0  161 40  16.06 0.18  0.0    4 15.0 12.0      6198
 6199 2021- 8-23  7:21     - 55 27  161 21  15.01 0.12  0.0    5  5.3 10.3      6199
 6200 2021- 8-23 10:56     - 54 27  163  2  16.20 0.22  0.0   11  9.8 19.9      6200
 6201 2021- 8-23 10:56     - 54 53  162 52  15.07 0.22  0.0    6 19.9 20.8      6201
 6202 2021- 8-23 12:22       55 19  161 52  18.55 0.05  0.0    7  2.4  1.2      6202
 6203 2021- 8-23 13:15       55 28  161 53  24.13 0.06  0.0    6  2.9  1.1      6203
 6204 2021- 8-23 15:37       54 55  162 14   5.16 0.07  0.0    8  4.0  4.5      6204
 6205 2021- 8-23 17:01     - 54 38  161 34  17.07 0.07  0.0    5  3.6 13.9      6205
 6206 2021- 8-23 18:02     - 54 35  161 24  15.72 0.14  0.0   15  6.6 13.1      6206
 6207 2021- 8-23 18:24     - 55 25  161 22   7.44 0.22  0.0    5  4.8 20.5      6207
 *** DISTANCE & RESIDUAL WEIGHTING CANCELLED FOR EVENT: 2021  8 23 18 25
 6208 2021- 8-23 18:25     - 55  7  161 15  21.40 0.29  0.0    4 23.1 10.0      6208
 6209 2021- 8-23 18:53     - 55  0  161 36  21.74 0.17  0.0    7 15.1  3.9      6209
 6210 2021- 8-23 18:53     - 54 53  161 35   7.03 0.26  0.0    5 13.8 24.1      6210
 *** DISTANCE & RESIDUAL WEIGHTING CANCELLED FOR EVENT: 2021  8 23 19 30
  SEQ ---DATE--- TIME REMARK -LAT-  --LON-  DEPTH  RMS PMAG  NUM  ERH  ERZ  ID
 6211 2021- 8-23 19:30     # 55 17  161 11  15.00 0.92  0.0    4 19.8 19.2      6211
 *** DISTANCE & RESIDUAL WEIGHTING CANCELLED FOR EVENT: 2021  8 23 22 11
 6212 2021- 8-23 22:11     - 55 54  161  1  15.00 0.34  0.0    4 24.1 18.4      6212
 *** DISTANCE & RESIDUAL WEIGHTING CANCELLED FOR EVENT: 2021  8 24  0 39
 6213 2021- 8-24  0:38     - 54 52  162 22  21.85 2.32  0.0    5 99.0 22.8      6213
 6214 2021- 8-24  0:52     - 55  3  161 44  16.14 0.22  0.0    5 15.7  5.7      6214
 6215 2021- 8-24  0:52       55  9  161 55  16.60 0.12  0.0    7  1.5  2.2      6215
 6216 2021- 8-24  0:59       54 55  162 15   6.17 0.05  0.0    7  1.5  0.8      6216
 6217 2021- 8-24  2:45     # 55  5  163 20  14.82 0.28  0.0    6 16.4  6.4      6217
 6218 2021- 8-24  2:45     - 54 49  162 17   6.17 0.19  0.0    4 17.7 18.6      6218
 6219 2021- 8-24  3:32     - 55  4  160 56  15.06 0.35  0.0    7 29.2  4.2      6219
 6220 2021- 8-24  3:32     - 54 50  160 33  14.98 0.22  0.0    6 19.0 21.7      6220
 6221 2021- 8-24  3:56     - 55 14  162  0   0.03 0.03  0.0    4  1.0 12.3      6221
 6222 2021- 8-24  8:58     - 55 10  161 11  16.01 0.02  0.0    5 11.9  1.0      6222
 6223 2021- 8-24  8:58     - 54 58  161  6   8.43 0.12  0.0    6  8.7 15.0      6223
 6224 2021- 8-24  9:34     - 55  6  161  7   9.80 0.06  0.0    4  8.1  9.6      6224
 6225 2021- 8-24  9:34     - 55  5  160 34  15.01 0.31  0.0    6 25.5 28.1      6225
  SEQ ---DATE--- TIME REMARK -LAT-  --LON-  DEPTH  RMS PMAG  NUM  ERH  ERZ  ID
 6226 2021- 8-24  9:44     - 55 24  160 37  16.04 0.18  0.0    5  8.6 17.3      6226
 6227 2021- 8-24 11:52     - 54 33  163 21  15.66 0.11  0.0    6  6.8 13.8      6227
 *** DISTANCE & RESIDUAL WEIGHTING CANCELLED FOR EVENT: 2021  8 24 11 54
 6228 2021- 8-24 11:53     - 55 11  163 23  15.06 0.34  0.0    5 13.5 27.5      6228
 6229 2021- 8-24 12:23     - 54 30  162 34  17.61 0.20  0.0   13  4.1 18.7      6229
 6230 2021- 8-24 12:31       54 59  161 38  22.95 0.17  0.0   10  2.6  3.1      6230
 6231 2021- 8-24 12:31     # 55 32  162 25  40.35 0.35  0.0    7 21.0  9.6      6231
 6232 2021- 8-24 12:32     # 55 27  162 11   3.51 0.05  0.0    4  1.8  4.1      6232
 6233 2021- 8-24 12:36       55 16  161 29  22.79 0.04  0.0    5  4.1  3.5      6233
 *** DISTANCE & RESIDUAL WEIGHTING CANCELLED FOR EVENT: 2021  8 24 12 43
 6234 2021- 8-24 12:43     # 55 15  162 19  15.00 0.51  0.0    4 18.9 26.9      6234
 *** DISTANCE & RESIDUAL WEIGHTING CANCELLED FOR EVENT: 2021  8 24 13 21
 6235 2021- 8-24 13:21     - 55 17  161 48   0.22 0.17  0.0    4  4.2 17.2      6235
 *** DISTANCE & RESIDUAL WEIGHTING CANCELLED FOR EVENT: 2021  8 24 14 26
 6236 2021- 8-24 14:25     # 55 16  161 39  15.00 1.16  0.0    5 25.0 25.8      6236
 6237 2021- 8-24 14:26     - 55  9  161 27  14.51 0.15  0.0    5 12.5  3.8      6237
 6238 2021- 8-24 16:36     - 54 51  160 48  15.00 0.20  0.0    9 18.5 21.1      6238
 6239 2021- 8-24 16:36     - 54 51  160 34  15.05 0.29  0.0    5 23.3 27.2      6239
 6240 2021- 8-24 16:44     - 55 22  162 18  14.78 0.54  0.0    4  9.4 35.9      6240
 *** DISTANCE & RESIDUAL WEIGHTING CANCELLED FOR EVENT: 2021  8 24 16 44
  SEQ ---DATE--- TIME REMARK -LAT-  --LON-  DEPTH  RMS PMAG  NUM  ERH  ERZ  ID
 6241 2021- 8-24 16:44     - 54 35  162 21  12.25 0.34  0.0    4 29.3  3.4      6241
 *** DISTANCE & RESIDUAL WEIGHTING CANCELLED FOR EVENT: 2021  8 24 17 29
 6242 2021- 8-24 17:29     - 54 42  161 37  14.73 0.45  0.0    5  6.1 31.6      6242
 6243 2021- 8-24 17:48     - 54 55  160 15  15.00 0.14  0.0    4 15.3 16.8      6243
 *** DISTANCE & RESIDUAL WEIGHTING CANCELLED FOR EVENT: 2021  8 24 19 50
 6244 2021- 8-24 19:50     # 55  1  162 21  12.30 0.88  0.0    9  6.7 11.8      6244
 6245 2021- 8-24 20:11     - 55 20  161 30   0.12 0.29  0.0    6  2.3 26.6      6245
 6246 2021- 8-24 20:16     - 55  4  160 49  17.13 0.64  0.0    4 54.6 54.6      6246
 6247 2021- 8-24 20:27       55 16  161 32  33.09 0.00  0.0    4  5.0  2.0      6247
 6248 2021- 8-24 20:33     - 55  1  162 23  15.01 0.02  0.0    4  3.4 11.0      6248
 *** DISTANCE & RESIDUAL WEIGHTING CANCELLED FOR EVENT: 2021  8 24 20 50
 6249 2021- 8-24 20:50     - 55 40  161 49  13.15 1.70  0.0    4 32.0 93.7      6249
 6250 2021- 8-24 20:56     - 55 25  161 53   0.23 0.41  0.0    5  3.2 27.1      6250
 6251 2021- 8-24 21:02     - 54 59  161 22  13.65 0.07  0.0    4  6.1 12.9      6251
 6252 2021- 8-24 22:28     - 55  3  160 29  15.01 0.23  0.0    9 19.6 23.1      6252
 6253 2021- 8-24 22:28     - 55  0  160 33  11.29 0.14  0.0    8 12.5  2.4      6253
 6254 2021- 8-24 23:59     - 55 11  161 53  70.82 0.31  0.0    4 13.4 23.6      6254
 6255 2021- 8-25  0:32     - 54 49  162 59  15.22 0.01  0.0    4 10.0  7.3      6255
  SEQ ---DATE--- TIME REMARK -LAT-  --LON-  DEPTH  RMS PMAG  NUM  ERH  ERZ  ID
 6256 2021- 8-25  1:31     - 55 18  160 39  34.84 0.22  0.0   10 15.7 14.8      6256
 *** DISTANCE & RESIDUAL WEIGHTING CANCELLED FOR EVENT: 2021  8 25  1 32
 6257 2021- 8-25  1:32     - 55 29  161 53  14.52 0.11  0.0    4  4.7 14.1      6257
 6258 2021- 8-25  1:32     - 55 11  161 14   6.66 0.04  0.0    4  9.5 12.8      6258
 6259 2021- 8-25  2:11       55 24  161 42  22.02 0.24  0.0    5  6.1  2.4      6259
 6260 2021- 8-25  2:17     # 55 20  161 42  10.41 0.04  0.0    5  8.2  0.8      6260
 *** DISTANCE & RESIDUAL WEIGHTING CANCELLED FOR EVENT: 2021  8 25  2 24
 6261 2021- 8-25  2:24     - 55 37  161 24  15.00 0.31  0.0    4 24.6 21.6      6261
 *** DISTANCE & RESIDUAL WEIGHTING CANCELLED FOR EVENT: 2021  8 25  2 40
 6262 2021- 8-25  2:40     # 55 26  161 56  11.98 0.51  0.0    4  9.6 13.5      6262
 6263 2021- 8-25  3:51     - 55 15  161 17  10.57 0.06  0.0    4 13.2  9.6      6263
 6264 2021- 8-25  4:08       55 15  161 51  12.91 0.00  0.0    4  3.5  2.0      6264
 6265 2021- 8-25  4:42     - 55  1  161 39   7.63 0.08  0.0    4  1.9 11.7      6265
 6266 2021- 8-25  4:55     - 55 17  161 49   4.47 0.63  0.0    4 24.3 29.5      6266
 6267 2021- 8-25  5:03     - 55 31  161 47   8.72 0.11  0.0    4 10.2 11.6      6267
 *** DISTANCE & RESIDUAL WEIGHTING CANCELLED FOR EVENT: 2021  8 25  5 22
 6268 2021- 8-25  5:22     - 55  4  162  9  15.00 0.37  0.0    4 11.7 29.6      6268
 6269 2021- 8-25  5:34       55 23  161 44  21.14 0.04  0.0    6  3.6  1.1      6269
 6270 2021- 8-25  5:41     - 54 50  161  3  15.01 0.12  0.0    5 15.3 16.1      6270
  SEQ ---DATE--- TIME REMARK -LAT-  --LON-  DEPTH  RMS PMAG  NUM  ERH  ERZ  ID
 6271 2021- 8-25  5:41     - 54 57  161 29  21.57 0.13  0.0    5 15.6  2.1      6271
 6272 2021- 8-25  6:15     - 55 37  160 19  15.02 0.45  0.0   10 17.2 35.0      6272
 6273 2021- 8-25  6:44     - 55 16  162  1  11.20 0.10  0.0    5 13.0  2.7      6273
 *** DISTANCE & RESIDUAL WEIGHTING CANCELLED FOR EVENT: 2021  8 25  6 54
 6274 2021- 8-25  6:54     - 55 19  161 51  39.84 0.30  0.0    4 28.3  4.2      6274
 6275 2021- 8-25  7:36     - 54 38  161 25  17.56 0.19  0.0   15  1.2 19.8      6275
 *** DISTANCE & RESIDUAL WEIGHTING CANCELLED FOR EVENT: 2021  8 25  7 51
 6276 2021- 8-25  7:51     # 55 21  161 50   4.88 0.65  0.0    5 29.5  5.0      6276
 6277 2021- 8-25  7:51       55 33  162 12   5.56 0.54  0.0    4 26.7  3.6      6277
 6278 2021- 8-25  7:59     - 55 17  162 20  15.10 0.22  0.0    5  2.5 17.2      6278
 6279 2021- 8-25  8:00     - 55 46  161 46   8.91 0.12  0.0    4 10.0 15.7      6279
 6280 2021- 8-25  8:04     - 55 13  161 16  12.52 0.04  0.0    4 12.0  5.5      6280
 6281 2021- 8-25  8:09       55 26  161 52  42.86 0.20  0.0    6  4.5  2.5      6281
 6282 2021- 8-25  8:28       55 20  161 44  17.09 0.12  0.0    5  3.6  0.8      6282
 6283 2021- 8-25  8:34     - 56  1  160 48  13.14 0.17  0.0    7  8.8 17.1      6283
 6284 2021- 8-25  9:37       55 14  161 20  21.47 0.08  0.0    6  9.2  4.4      6284
 6285 2021- 8-25  9:37       55 21  160 44  13.50 0.10  0.0    7  9.1  3.2      6285
  SEQ ---DATE--- TIME REMARK -LAT-  --LON-  DEPTH  RMS PMAG  NUM  ERH  ERZ  ID
 6286 2021- 8-25 10:00     - 54 58  161 19  14.60 0.20  0.0    6 17.6 16.3      6286
 6287 2021- 8-25 10:00     - 55  3  161 34  30.38 0.10  0.0    5 12.4  6.0      6287
 6288 2021- 8-25 10:18     - 54 55  163  1  51.52 0.15  0.0    9 12.2  7.3      6288
 6289 2021- 8-25 11:42     - 55 27  161 48   0.91 0.02  0.0    5  0.8 12.6      6289
 *** DISTANCE & RESIDUAL WEIGHTING CANCELLED FOR EVENT: 2021  8 25 11 49
 6290 2021- 8-25 11:49     # 55 26  161 41  11.99 0.48  0.0    4 15.0 15.0      6290
 *** DISTANCE & RESIDUAL WEIGHTING CANCELLED FOR EVENT: 2021  8 25 11 59
 6291 2021- 8-25 11:59     # 55 19  161 47   3.73 0.77  0.0    4 14.5  9.3      6291
 *** DISTANCE & RESIDUAL WEIGHTING CANCELLED FOR EVENT: 2021  8 25 12  0
 6292 2021- 8-25 12:00     - 55 12  161 57  15.24 0.25  0.0    4 11.9 16.4      6292
 6293 2021- 8-25 12:06     - 55  5  162 44  15.94 0.06  0.0    5 11.7  4.5      6293
 *** DISTANCE & RESIDUAL WEIGHTING CANCELLED FOR EVENT: 2021  8 25 12  7
 6294 2021- 8-25 12:07     - 54 42  161 11  14.78 0.64  0.0    6 29.8 48.8      6294
 *** DISTANCE & RESIDUAL WEIGHTING CANCELLED FOR EVENT: 2021  8 25 12 23
 6295 2021- 8-25 12:23     - 55 18  161 55   7.51 0.58  0.0    4 44.7 16.0      6295
 6296 2021- 8-25 13:40       54 36  162  4  16.09 0.05  0.0    7  3.6  0.8      6296
 6297 2021- 8-25 14:46     - 54 38  161 25  17.39 0.18  0.0   13  1.4 19.4      6297
 *** DISTANCE & RESIDUAL WEIGHTING CANCELLED FOR EVENT: 2021  8 25 16  0
 6298 2021- 8-25 15:59     # 55 21  162 14  17.73 0.46  0.0    5  6.0 15.6      6298
 6299 2021- 8-25 16:13       55 20  161 44  11.66 0.00  0.0    4  2.1  1.5      6299
 *** DISTANCE & RESIDUAL WEIGHTING CANCELLED FOR EVENT: 2021  8 25 16 23
 6300 2021- 8-25 16:23     - 55  0  161 32  15.04 0.33  0.0    4 17.6 16.4      6300
  SEQ ---DATE--- TIME REMARK -LAT-  --LON-  DEPTH  RMS PMAG  NUM  ERH  ERZ  ID
 6301 2021- 8-25 16:51     - 55 26  161 60  38.01 0.08  0.0    4  3.4 10.5      6301
 6302 2021- 8-25 17:32     - 55 20  161 44  31.16 0.07  0.0    4 13.9  1.5      6302
 6303 2021- 8-25 17:35     - 55 24  161  9  28.84 0.24  0.0    5 22.5 10.8      6303
 6304 2021- 8-25 18:51     - 54 47  161  6  27.87 0.16  0.0   10 16.4  2.5      6304
 6305 2021- 8-25 18:51     - 54 41  160 49  15.01 0.22  0.0    8 16.3 21.8      6305
 6306 2021- 8-25 18:52     - 54 41  160  1  11.26 0.11  0.0    8 11.0  4.1      6306
 6307 2021- 8-25 18:53     - 55 19  161 30   6.59 0.12  0.0    5  2.6 15.6      6307
 6308 2021- 8-25 18:57       55 14  161 37   4.99 0.02  0.0    5  4.6  1.7      6308
 6309 2021- 8-25 19:12     - 55 24  162  5  12.65 0.05  0.0    4 11.4  4.5      6309
 6310 2021- 8-25 19:34       55 27  161 53  11.56 0.00  0.0    4  2.2  5.0      6310
 6311 2021- 8-25 19:40     - 55  9  160 60  31.53 0.04  0.0    4 12.5  0.9      6311
 6312 2021- 8-25 19:56     - 54 37  161 26  16.19 0.18  0.0   17  7.2 13.9      6312
 6313 2021- 8-25 19:57     - 54 56  161  5  15.00 0.07  0.0    4  5.6 10.6      6313
 6314 2021- 8-25 19:58     - 54 45  160 51  15.00 0.25  0.0    5 21.6 23.7      6314
 6315 2021- 8-25 21:15     - 55 15  161 51  23.74 0.09  0.0    5  4.5 10.6      6315
  SEQ ---DATE--- TIME REMARK -LAT-  --LON-  DEPTH  RMS PMAG  NUM  ERH  ERZ  ID
 6316 2021- 8-25 21:47     - 55 12  161 26   7.90 0.17  0.0    6  4.7 17.4      6316
 6317 2021- 8-25 22:02     - 55 32  162 11   5.59 0.24  0.0    4 19.7  2.7      6317
 6318 2021- 8-25 22:07     - 55  8  160 32  15.01 0.18  0.0    8 15.4 19.5      6318
 *** DISTANCE & RESIDUAL WEIGHTING CANCELLED FOR EVENT: 2021  8 25 22  8
 6319 2021- 8-25 22:07     - 55 10  160 21  15.00 0.69  0.0    4 50.5 58.7      6319
 6320 2021- 8-25 22:08     - 56  7  162 11  14.99 0.15  0.0    4 16.3 17.6      6320
 *** DISTANCE & RESIDUAL WEIGHTING CANCELLED FOR EVENT: 2021  8 25 22  9
 6321 2021- 8-25 22:09     - 55 25  162 12   6.90 0.41  0.0    4  8.4 34.4      6321
 6322 2021- 8-25 22:54     - 54 43  161 23  14.79 0.05  0.0    5 10.3  7.9      6322
 6323 2021- 8-26  0:26     - 54 58  161 29  26.12 0.30  0.0    8 19.9  7.4      6323
 6324 2021- 8-26  0:26       55 16  161 50  15.61 0.01  0.0    4  4.0  1.6      6324
 6325 2021- 8-26  1:15     - 55 24  161 52   0.18 0.11  0.0    5  0.6 11.6      6325
 6326 2021- 8-26  1:22       55 25  161 44   4.81 0.10  0.0    7  1.0  0.6      6326
 6327 2021- 8-26  1:30     # 55 24  161 49   0.45 0.08  0.0    6  0.6 10.0      6327
 6328 2021- 8-26  1:44     - 55 10  161 46  14.04 0.25  0.0    4 14.9 11.8      6328
 6329 2021- 8-26  1:51     - 54 56  161 28  33.01 0.17  0.0    7 16.2  8.4      6329
 6330 2021- 8-26  1:51     - 54 49  160 55  15.06 0.37  0.0    4 30.1 32.9      6330
  SEQ ---DATE--- TIME REMARK -LAT-  --LON-  DEPTH  RMS PMAG  NUM  ERH  ERZ  ID
 6331 2021- 8-26  1:59     - 54 46  161  3  30.59 0.24  0.0    9 21.9  2.8      6331
 6332 2021- 8-26  1:59     - 55  1  161 25  12.04 0.11  0.0    4 11.5 12.2      6332
 6333 2021- 8-26  2:22       55 23  161 56  14.53 0.06  0.0    6  2.2  1.2      6333
 6334 2021- 8-26  2:26       55  2  162 12  11.60 0.00  0.0    4  2.6  6.3      6334
 6335 2021- 8-26  3:15       54 43  162 53  11.15 0.09  0.0    8  2.7  8.2      6335
 6336 2021- 8-26  4:40     - 55  4  163  0  14.53 0.01  0.0    4  8.4  8.8      6336
 6337 2021- 8-26  5:34     - 55  9  160 21  36.14 0.47  0.0    9 23.7 31.6      6337
 6338 2021- 8-26  5:34     # 55 20  161 46  21.46 0.18  0.0    5 10.7  7.6      6338
 6339 2021- 8-26  6:13     - 54 26  163 25  14.79 0.12  0.0    5  8.6 14.4      6339
 6340 2021- 8-26  8:26     # 55 24  161 49   0.45 0.13  0.0    6  0.6 11.0      6340
 6341 2021- 8-26  8:39     - 55 33  162 10   6.54 0.58  0.0    4 26.2 49.5      6341
 6342 2021- 8-26  8:49     - 54 37  161 47  18.82 0.21  0.0    7  1.9 17.7      6342
 *** DISTANCE & RESIDUAL WEIGHTING CANCELLED FOR EVENT: 2021  8 26  9  8
 6343 2021- 8-26  9:08     - 55 15  162 11   2.57 0.18  0.0    4 19.3 13.4      6343
 *** DISTANCE & RESIDUAL WEIGHTING CANCELLED FOR EVENT: 2021  8 26 10 38
 6344 2021- 8-26 10:38     - 55 19  161 43  15.00 1.11  0.0    4 61.0 37.1      6344
 6345 2021- 8-26 10:41     - 55 15  161 10   6.69 0.20  0.0    7  5.2 20.9      6345
 *** DISTANCE & RESIDUAL WEIGHTING CANCELLED FOR EVENT: 2021  8 26 11  0
  SEQ ---DATE--- TIME REMARK -LAT-  --LON-  DEPTH  RMS PMAG  NUM  ERH  ERZ  ID
 6346 2021- 8-26 11:00     - 55 39  160 41  34.82 1.16  0.0    5 81.6 89.5      6346
 6347 2021- 8-26 11:00     - 55 24  160 39  15.04 0.84  0.0    4 61.4 70.8      6347
 6348 2021- 8-26 12:16     - 55 15  161 12  15.79 0.07  0.0    4 11.8  1.3      6348
 6349 2021- 8-26 12:16       55 14  160 48  41.80 0.26  0.0    7  3.3  6.2      6349
 6350 2021- 8-26 13:57     - 55 36  161 21  37.05 0.10  0.0    6 12.4  7.7      6350
 6351 2021- 8-26 13:57     - 55 25  161 26  55.64 0.09  0.0    5  8.5  8.7      6351
 6352 2021- 8-26 14:47     - 55 14  162 21   0.41 0.13  0.0    7  1.5 13.4      6352
 6353 2021- 8-26 15:06     - 55 11  160 47  17.55 0.25  0.0   11  3.8 23.8      6353
 *** DISTANCE & RESIDUAL WEIGHTING CANCELLED FOR EVENT: 2021  8 26 15  7
 6354 2021- 8-26 15:06     - 55 54  161 18  17.89 0.22  0.0    4  4.1 22.0      6354
 6355 2021- 8-26 16:27     - 54 38  160 50  15.00 0.20  0.0   10 18.5 20.6      6355
 6356 2021- 8-26 16:27     - 54 17  160 17  19.44 0.86  0.0    9 66.1 71.4      6356
 6357 2021- 8-26 16:46     - 54 26  162  5  16.35 0.15  0.0    8  7.7 15.5      6357
 6358 2021- 8-26 16:48     - 55 17  161 58  18.22 0.10  0.0    6 14.0  1.5      6358
 6359 2021- 8-26 17:39     - 55 17  160 39  15.02 0.14  0.0    4 15.6 16.6      6359
 6360 2021- 8-26 19:22     - 55 20  163  6  11.79 0.11  0.0    4  4.0 15.2      6360
  SEQ ---DATE--- TIME REMARK -LAT-  --LON-  DEPTH  RMS PMAG  NUM  ERH  ERZ  ID
 6361 2021- 8-26 20:14     - 55 17  160 36  15.00 0.23  0.0    9 18.9 22.7      6361
 6362 2021- 8-26 20:14     - 55 15  160 29  39.96 0.24  0.0    9 18.5 13.5      6362
 6363 2021- 8-26 20:26     - 54 32  163 19  15.70 0.06  0.0    6  6.0 12.2      6363
 6364 2021- 8-26 20:43     - 54 45  160 54  15.00 0.20  0.0   11 16.5 20.6      6364
 6365 2021- 8-26 20:43     - 54 42  160 50  24.47 0.18  0.0    9 14.9  3.7      6365
 6366 2021- 8-26 22:06     - 54 38  161 27  17.11 0.21  0.0   11  1.5 21.3      6366
 6367 2021- 8-27  0:25       54 30  162  5  16.19 0.08  0.0    6  2.5  2.0      6367
 6368 2021- 8-27  1:11     - 55 19  160 39  76.96 0.52  0.0    6 40.8 21.7      6368
 *** DISTANCE & RESIDUAL WEIGHTING CANCELLED FOR EVENT: 2021  8 27  1 19
 6369 2021- 8-27  1:19     # 55 32  162 16  33.14 1.58  0.0    5 14.8 26.9      6369
 *** DISTANCE & RESIDUAL WEIGHTING CANCELLED FOR EVENT: 2021  8 27  2 12
 6370 2021- 8-27  2:12     - 55 10  162  9  15.00 0.40  0.0    4 14.1 31.6      6370
 6371 2021- 8-27  2:12     - 55  4  160 51  17.85 0.15  0.0    7 13.5 16.9      6371
 6372 2021- 8-27  2:40     - 54 44  160 51  15.00 0.29  0.0   10 23.4 27.2      6372
 6373 2021- 8-27  2:40       54 44  160 52  30.81 0.65  0.0    9 37.8  5.9      6373
 6374 2021- 8-27  2:44     - 55 39  161 42  74.22 0.06  0.0    7  5.2 12.2      6374
 6375 2021- 8-27  2:44     - 55 31  162 15  26.25 0.06  0.0    4  3.2 12.2      6375
 *** DISTANCE & RESIDUAL WEIGHTING CANCELLED FOR EVENT: 2021  8 27  2 57
  SEQ ---DATE--- TIME REMARK -LAT-  --LON-  DEPTH  RMS PMAG  NUM  ERH  ERZ  ID
 6376 2021- 8-27  2:57     - 55 13  162  5   7.50 1.13  0.0    4 94.6 82.6      6376
 *** DISTANCE & RESIDUAL WEIGHTING CANCELLED FOR EVENT: 2021  8 27  3  5
 6377 2021- 8-27  3:05     # 55  7  161 37   9.31 0.31  0.0    5  5.4 13.4      6377
 *** DISTANCE & RESIDUAL WEIGHTING CANCELLED FOR EVENT: 2021  8 27  3 23
 6378 2021- 8-27  3:23     - 55  7  162 10  36.69 0.57  0.0    4 20.7 35.1      6378
 6379 2021- 8-27  3:34     - 54 37  161 10  15.26 0.12  0.0   18  5.8 11.5      6379
 6380 2021- 8-27  5:24     - 54 42  160 40  15.00 0.22  0.0   11 19.0 22.0      6380
 6381 2021- 8-27  5:24     - 54 52  161  9  33.01 0.37  0.0   11 13.0 33.2      6381
 6382 2021- 8-27  6:32     - 54 28  161 47  21.68 0.21  0.0    6  3.6 19.9      6382
 6383 2021- 8-27  6:55     - 55 13  161 45  15.67 0.17  0.0    4  9.6 10.3      6383
 6384 2021- 8-27  7:12     - 55 14  162  9  23.77 0.07  0.0    4  5.6 11.7      6384
 6385 2021- 8-27  7:51     - 55  1  160 39  15.01 0.14  0.0    6 16.1 17.3      6385
 6386 2021- 8-27  7:51     - 55  9  160 48  36.12 0.35  0.0    7 20.2 13.8      6386
 6387 2021- 8-27  7:56     - 54 50  163  9  31.37 0.76  0.0    7 31.2 56.5      6387
 6388 2021- 8-27  7:59     - 55 19  162  3  25.07 0.03  0.0    4  2.1 12.6      6388
 6389 2021- 8-27  9:40     - 55  9  160 56  33.69 0.14  0.0    8 14.4 15.3      6389
 6390 2021- 8-27  9:40     - 54 58  161  3  43.14 0.14  0.0    6 12.3  4.7      6390
  SEQ ---DATE--- TIME REMARK -LAT-  --LON-  DEPTH  RMS PMAG  NUM  ERH  ERZ  ID
 6391 2021- 8-27  9:40     - 55 27  161 50  14.51 0.16  0.0    4  7.7 15.6      6391
 6392 2021- 8-27 10:19     - 55  0  161 16  17.40 0.11  0.0    6 13.5 13.9      6392
 6393 2021- 8-27 10:20       55 12  162  4  35.09 0.00  0.0    4  1.3  2.1      6393
 6394 2021- 8-27 10:33     - 55  1  162 29  57.38 0.05  0.0    5  6.1 11.1      6394
 6395 2021- 8-27 11:33     - 55 17  161  0  15.23 0.05  0.0    4 10.5  6.2      6395
 6396 2021- 8-27 11:36     - 55 14  160 58  33.25 0.05  0.0    6  9.5 12.3      6396
 6397 2021- 8-27 11:37     - 54 56  161 18  13.49 0.11  0.0    5  3.6 13.3      6397
 6398 2021- 8-27 12:54     - 54 55  160 46  15.22 0.06  0.0    4  5.9 12.0      6398
 *** DISTANCE & RESIDUAL WEIGHTING CANCELLED FOR EVENT: 2021  8 27 13  2
 6399 2021- 8-27 13:02     # 55 24  161 50   2.57 0.00  0.0    4  0.7  1.1      6399
 *** DISTANCE & RESIDUAL WEIGHTING CANCELLED FOR EVENT: 2021  8 27 16  0
 6400 2021- 8-27 15:59     # 55 18  162  2  15.06 0.88  0.0    5  8.1 29.2      6400
 *** DISTANCE & RESIDUAL WEIGHTING CANCELLED FOR EVENT: 2021  8 27 16 24
 6401 2021- 8-27 16:24     - 55 16  162  3   4.10 0.31  0.0    4 28.6 15.0      6401
 *** DISTANCE & RESIDUAL WEIGHTING CANCELLED FOR EVENT: 2021  8 27 16 34
 6402 2021- 8-27 16:34     - 56 14  162 11  14.99 0.13  0.0    4 13.8 14.7      6402
 6403 2021- 8-27 17:08     - 55  6  160 35  15.01 0.19  0.0    7 19.6 20.3      6403
 6404 2021- 8-27 17:09     - 55 16  161  9  54.84 0.30  0.0    9 19.8  6.8      6404
 6405 2021- 8-27 20:22     - 54 44  160 42  15.00 0.18  0.0    8 18.6 19.7      6405
  SEQ ---DATE--- TIME REMARK -LAT-  --LON-  DEPTH  RMS PMAG  NUM  ERH  ERZ  ID
 6406 2021- 8-27 20:23     - 54 47  160 45  34.02 0.22  0.0    7 16.4 19.1      6406
 6407 2021- 8-27 21:55     - 55 23  161 47  15.01 6.02  0.0    4 99.0 51.1      6407
 6408 2021- 8-27 21:55       55  9  162  0  28.83 0.01  0.0    5  3.0  4.6      6408
 6409 2021- 8-27 23:59       55 13  162  6  40.49 0.00  0.0    4  2.7  8.5      6409
 6410 2021- 8-28  1:35     - 54 60  161 16  13.65 0.20  0.0    6 13.0 14.1      6410
 6411 2021- 8-28  1:35       54 59  161 31  20.47 0.08  0.0    6  3.4  1.4      6411
 6412 2021- 8-28  3:57       54 25  161 32  14.11 0.14  0.0   13  1.8  2.6      6412
 6413 2021- 8-28  5:24     - 54 54  161  9  13.38 0.13  0.0    6 11.1 11.1      6413
 6414 2021- 8-28  5:24     - 54 46  160 52  15.04 0.26  0.0    5 22.7 24.6      6414
 6415 2021- 8-28  5:36     - 54 17  161 24  14.42 0.16  0.0    8  8.3 16.3      6415
 *** DISTANCE & RESIDUAL WEIGHTING CANCELLED FOR EVENT: 2021  8 28  5 45
 6416 2021- 8-28  5:45     - 54 54  161 20  32.73 0.42  0.0    4 35.4  4.2      6416
 6417 2021- 8-28  7:59     # 55 17  161 52  40.94 0.15  0.0    6  3.1 12.2      6417
 6418 2021- 8-28  7:59     - 55 23  162 52  15.00 0.34  0.0    6  9.6 30.0      6418
 6419 2021- 8-28  8:06     - 55 15  161 38  13.14 0.12  0.0    4 16.1  2.4      6419
 *** DISTANCE & RESIDUAL WEIGHTING CANCELLED FOR EVENT: 2021  8 28  8 11
 6420 2021- 8-28  8:10     # 54 60  162 21   2.75 0.00  0.0    4  1.5  1.1      6420
 *** DISTANCE & RESIDUAL WEIGHTING CANCELLED FOR EVENT: 2021  8 28  8 16
  SEQ ---DATE--- TIME REMARK -LAT-  --LON-  DEPTH  RMS PMAG  NUM  ERH  ERZ  ID
 6421 2021- 8-28  8:16     - 55 49  162  8   7.49 0.83  0.0    4 70.2 12.9      6421
 *** DISTANCE & RESIDUAL WEIGHTING CANCELLED FOR EVENT: 2021  8 28 10 15
 6422 2021- 8-28 10:14     - 54 51  162 23  22.03 1.79  0.0    5 98.9 17.6      6422
 6423 2021- 8-28 10:27     - 55  7  160 20  14.65 0.17  0.0   17  7.0 14.0      6423
 *** DISTANCE & RESIDUAL WEIGHTING CANCELLED FOR EVENT: 2021  8 28 11 50
 6424 2021- 8-28 11:49     - 55  2  160 22  48.67 0.31  0.0    5  6.8 19.2      6424
 6425 2021- 8-28 11:52     - 55 15  162 21   0.76 0.12  0.0    6  1.7 13.0      6425
 6426 2021- 8-28 12:38     - 55 21  162 45  14.92 0.55  0.0    7 10.2 39.9      6426
 6427 2021- 8-28 12:49     - 55  7  160 18  15.19 0.17  0.0   16  7.2 14.1      6427
 6428 2021- 8-28 13:32     - 55 32  161 34  14.64 0.26  0.0    7 16.0 11.6      6428
 6429 2021- 8-28 13:48     - 55 32  164  5  15.00 0.05  0.0    5  6.1 11.6      6429
 *** DISTANCE & RESIDUAL WEIGHTING CANCELLED FOR EVENT: 2021  8 28 14  1
 6430 2021- 8-28 14:01     - 54 18  162 32  15.00 0.50  0.0    4 42.3 39.0      6430
 *** DISTANCE & RESIDUAL WEIGHTING CANCELLED FOR EVENT: 2021  8 28 16  0
 6431 2021- 8-28 15:59     # 55 23  162 13  15.00 1.14  0.0    6 10.5 41.1      6431
 6432 2021- 8-28 16:50     - 55  8  160 53  10.50 0.17  0.0    4 17.5 18.6      6432
 6433 2021- 8-28 16:50     - 56  1  162 10  14.42 0.16  0.0    6 14.4  9.5      6433
 *** DISTANCE & RESIDUAL WEIGHTING CANCELLED FOR EVENT: 2021  8 28 16 51
 6434 2021- 8-28 16:51     - 55 29  162 18  14.48 0.25  0.0    4  8.7 18.6      6434
 6435 2021- 8-28 17:11     - 54 50  163 14  14.91 0.06  0.0    4 10.5  7.5      6435
  SEQ ---DATE--- TIME REMARK -LAT-  --LON-  DEPTH  RMS PMAG  NUM  ERH  ERZ  ID
 6436 2021- 8-28 17:31     - 55 21  162  8   9.33 0.04  0.0    4 12.9 10.4      6436
 6437 2021- 8-28 18:20     - 54 54  160 47  15.06 0.30  0.0   18 10.2 20.3      6437
 6438 2021- 8-28 18:33     - 54 34  161 25  15.53 0.20  0.0   13  7.9 15.9      6438
 6439 2021- 8-28 18:37     - 54 47  161  0  15.00 0.22  0.0    9 19.7  5.0      6439
 6440 2021- 8-28 18:37     - 54 46  160 54  15.01 0.31  0.0    7 25.4 28.1      6440
 6441 2021- 8-28 18:38     - 54 59  161 26  26.43 0.23  0.0    9 17.2  5.8      6441
 6442 2021- 8-28 18:38     - 55 10  161  2  13.59 0.14  0.0    5 16.1  3.5      6442
 6443 2021- 8-28 18:55     - 54 50  161  7  25.50 0.20  0.0    9 18.4  3.4      6443
 6444 2021- 8-28 18:56     - 54 39  160 54  15.06 0.28  0.0    8 22.4 26.2      6444
 6445 2021- 8-28 19:00     - 54 55  161 13  17.77 0.17  0.0    5 13.1 12.1      6445
 6446 2021- 8-28 19:16     - 55 14  160 38  15.03 0.27  0.0   10 22.5 25.7      6446
 6447 2021- 8-28 19:16     - 55 24  161  5  13.03 0.12  0.0    4 12.8  3.8      6447
 6448 2021- 8-28 19:45       54 52  162 37  32.24 0.06  0.0    5  5.9  3.0      6448
 6449 2021- 8-28 19:45     - 54 59  162 17   6.33 0.11  0.0    4 11.6  9.3      6449
 6450 2021- 8-28 19:51       54 42  161 14  15.01 0.11  0.0    6  5.8  3.3      6450
  SEQ ---DATE--- TIME REMARK -LAT-  --LON-  DEPTH  RMS PMAG  NUM  ERH  ERZ  ID
 6451 2021- 8-28 19:51     - 55  5  161 20  33.44 0.07  0.0    5 11.5  2.7      6451
 6452 2021- 8-28 19:54       55 24  161 51  22.02 0.00  0.0    4  5.1  2.0      6452
 6453 2021- 8-28 20:01     - 54 42  160 57  15.01 0.23  0.0    9 20.8 22.9      6453
 6454 2021- 8-28 20:01     - 54 54  161 36  25.97 0.24  0.0    4 21.0  5.4      6454
 6455 2021- 8-28 20:08       54 19  162 14  14.81 0.09  0.0    4  3.6  3.1      6455
 6456 2021- 8-28 20:22     - 55 17  161  0  47.44 0.11  0.0    7 10.9  3.4      6456
 6457 2021- 8-28 21:55       55 19  161 18  30.26 0.12  0.0    9  1.5  2.9      6457
 6458 2021- 8-28 23:59     - 55 13  161 58  51.22 0.18  0.0    5  9.4 15.6      6458
 6459 2021- 8-29  0:05     - 55 33  160 23  14.79 0.39  0.0    9 15.2 30.3      6459
 6460 2021- 8-29  0:41     - 54 42  161  2  15.00 0.19  0.0   11 15.7 20.4      6460
 6461 2021- 8-29  0:41     - 54 38  160 53  15.01 0.18  0.0    8 15.0 19.2      6461
 6462 2021- 8-29  0:55     - 55 18  160 30  14.78 0.06  0.0    5  6.1 12.1      6462
 6463 2021- 8-29  1:04     - 54 54  161 22  30.20 0.17  0.0    7 17.2  6.1      6463
 6464 2021- 8-29  1:04     - 55  1  161 24  10.71 0.10  0.0    5  3.9 10.5      6464
 6465 2021- 8-29  1:16     - 55  7  160 19  14.61 0.18  0.0   19  7.3 14.6      6465
  SEQ ---DATE--- TIME REMARK -LAT-  --LON-  DEPTH  RMS PMAG  NUM  ERH  ERZ  ID
 6466 2021- 8-29  7:13     - 54 56  161 27  25.39 0.13  0.0    6 14.3  6.7      6466
 *** DISTANCE & RESIDUAL WEIGHTING CANCELLED FOR EVENT: 2021  8 29  8  0
 6467 2021- 8-29  7:59     - 55 22  162 16  29.00 0.10  0.0    4  3.4 11.0      6467
 6468 2021- 8-29  8:31       54 57  162 31  31.89 0.10  0.0    7  2.9  1.2      6468
 *** DISTANCE & RESIDUAL WEIGHTING CANCELLED FOR EVENT: 2021  8 29  8 37
 6469 2021- 8-29  8:36     - 54 57  162 45   7.49 0.63  0.0    4  9.4 50.8      6469
 6470 2021- 8-29 10:32     - 55 33  162 23  13.13 1.03  0.0    5  7.6 79.2      6470
 6471 2021- 8-29 10:46     - 54 37  161 25  17.33 0.15  0.0   13  1.2 17.4      6471
 6472 2021- 8-29 11:23     - 55  8  160 38  28.33 0.20  0.0   10 17.9  3.4      6472
 *** DISTANCE & RESIDUAL WEIGHTING CANCELLED FOR EVENT: 2021  8 29 11 24
 6473 2021- 8-29 11:23     - 55  9  160 20  15.06 0.91  0.0    4 66.1 76.0      6473
 6474 2021- 8-29 11:23     - 56 10  162 14  14.99 0.24  0.0    4 21.3 23.1      6474
 *** DISTANCE & RESIDUAL WEIGHTING CANCELLED FOR EVENT: 2021  8 29 12 20
 6475 2021- 8-29 12:20     # 55 25  161 28  15.00 1.03  0.0    4 30.0 29.1      6475
 6476 2021- 8-29 12:45     - 55 55  160 28  14.61 0.11  0.0    4  6.6 14.1      6476
 *** DISTANCE & RESIDUAL WEIGHTING CANCELLED FOR EVENT: 2021  8 29 12 54
 6477 2021- 8-29 12:54     # 55  6  161 41   7.50 0.46  0.0    4  5.7 22.6      6477
 6478 2021- 8-29 13:18     - 55  2  160 44  15.59 0.23  0.0    6 21.5 22.7      6478
 6479 2021- 8-29 13:18     - 55  5  160 22  15.08 0.30  0.0    5 25.8 27.7      6479
 6480 2021- 8-29 13:56       54 44  160 20  19.95 0.12  0.0   14  1.6  1.0      6480
  SEQ ---DATE--- TIME REMARK -LAT-  --LON-  DEPTH  RMS PMAG  NUM  ERH  ERZ  ID
 6481 2021- 8-29 14:01       54 17  160 50   4.26 0.17  0.0   12  6.0  2.7      6481
 6482 2021- 8-29 14:01     - 54 58  160 53   2.28 0.41  0.0    7 32.7 34.9      6482
 6483 2021- 8-29 14:07     - 54 54  162 30  24.97 0.07  0.0    5 10.1  7.9      6483
 6484 2021- 8-29 14:07     - 54 52  162 32  25.12 0.09  0.0    4 11.7  8.1      6484
 6485 2021- 8-29 14:14     - 54 57  161 13  19.61 0.10  0.0    6 14.4  7.5      6485
 6486 2021- 8-29 14:15     - 54 58  161 26  34.34 0.05  0.0    4 12.5  2.8      6486
 6487 2021- 8-29 15:03     - 54 60  161 42  13.57 0.05  0.0    4 12.6  3.3      6487
 6488 2021- 8-29 15:03     - 54 52  161 23  18.91 0.00  0.0    4  8.1  5.5      6488
 6489 2021- 8-29 15:04     - 54 50  159 32  13.88 0.09  0.0    5  9.5 11.0      6489
 *** DISTANCE & RESIDUAL WEIGHTING CANCELLED FOR EVENT: 2021  8 29 16  0
 6490 2021- 8-29 15:59     # 55 24  161 57  39.51 0.47  0.0    4 14.8 24.4      6490
 6491 2021- 8-29 16:23       55  8  161 53  12.91 0.18  0.0    9  1.7  2.1      6491
 6492 2021- 8-29 16:23     - 55 21  162 18   6.35 0.15  0.0    4  8.6 17.5      6492
 6493 2021- 8-29 17:16     - 55  2  160 30  15.15 0.18  0.0   13  7.1 14.1      6493
 6494 2021- 8-29 17:39     - 55  5  160 39  15.01 0.26  0.0   10 20.4 24.7      6494
 6495 2021- 8-29 17:39     - 56  2  162 10  15.01 0.32  0.0    5 23.9 28.9      6495
  SEQ ---DATE--- TIME REMARK -LAT-  --LON-  DEPTH  RMS PMAG  NUM  ERH  ERZ  ID
 6496 2021- 8-29 17:43     - 54 58  160 22  15.00 0.19  0.0   10 18.3 20.1      6496
 6497 2021- 8-29 17:43     - 56  4  162 16  15.01 0.34  0.0    6 27.1 30.9      6497
 6498 2021- 8-29 18:38     # 54 41  161 23  14.82 0.13  0.0    5  4.1  2.4      6498
 6499 2021- 8-29 18:49     - 55  5  161  1  31.33 0.07  0.0    5 12.0  1.1      6499
 *** DISTANCE & RESIDUAL WEIGHTING CANCELLED FOR EVENT: 2021  8 29 18 50
 6500 2021- 8-29 18:49     - 55  1  160 27  15.00 0.50  0.0    4 39.6 42.3      6500
 6501 2021- 8-29 18:50       55 19  161 60   2.39 0.00  0.0    4  0.5  3.1      6501
 6502 2021- 8-29 19:32     - 54 60  160 29  15.00 0.14  0.0   10 14.5 17.0      6502
 6503 2021- 8-29 19:32     - 56  5  162 13  15.00 0.29  0.0    5 23.6 26.7      6503
 6504 2021- 8-29 19:39     - 55  7  161 23  70.75 0.10  0.0    5  8.6 11.5      6504
 6505 2021- 8-29 20:27     - 55  3  160 54  34.27 0.28  0.0    9 16.8 19.6      6505
 6506 2021- 8-29 20:27     - 55  5  160 30  70.24 0.23  0.0   10 17.8  6.2      6506
 6507 2021- 8-30  1:18     - 55 27  162 16  13.57 1.25  0.0    4 46.3 58.3      6507
 6508 2021- 8-30 14:30     - 55 36  160 35  15.10 0.05  0.0    4  5.9 11.9      6508
 *** 3 PHASES CANT SOLVE SEQUENCE NO. 6509, ID NO.      6509
 *** ABANDON EVENT WITH ONLY 3 READINGS:2021  8 30 21 46
 *** 3 PHASES CANT SOLVE SEQUENCE NO. 6510, ID NO.      6510
 *** ABANDON EVENT WITH ONLY 3 READINGS:2021  8 31  2  9
 *** DISTANCE & RESIDUAL WEIGHTING CANCELLED FOR EVENT: 2021  8 31  4  0
  SEQ ---DATE--- TIME REMARK -LAT-  --LON-  DEPTH  RMS PMAG  NUM  ERH  ERZ  ID
 6511 2021- 8-31  4:00     # 55 31  161 58  15.01 0.79  0.0    4 30.2 10.0      6511
 *** DISTANCE & RESIDUAL WEIGHTING CANCELLED FOR EVENT: 2021  8 31 10  6
 6512 2021- 8-31 10:05     - 55 26  163 27  15.00 0.42  0.0    4 18.2 33.5      6512
 6513 2021- 8-31 13:47     - 54 45  163  8  13.11 0.03  0.0    4  5.7 11.5      6513
 6514 2021- 8-31 21:48     - 55  9  160 26  15.01 0.20  0.0    9 16.4 20.6      6514
 *** DISTANCE & RESIDUAL WEIGHTING CANCELLED FOR EVENT: 2021  8 31 21 48
 6515 2021- 8-31 21:48     - 55  8  160 20  15.04 0.72  0.0    5 50.5 61.1      6515
 6516 2021- 8-31 21:48     - 55  9  161 13   9.47 0.40  0.0    4 24.4 35.3      6516
 6517 2021- 8-31 22:16     - 55  5  160 25  42.52 0.14  0.0   11  5.6 12.3      6517
 6518 2021- 8-31 22:16       55 15  161  1  58.45 0.35  0.0    9 18.6  9.7      6518
 6519 2021- 8-31 22:55     - 55 22  161 13  52.86 0.18  0.0    8 14.2  8.0      6519
 6520 2021- 8-31 22:56     - 55 11  161 30   7.38 0.11  0.0    5  3.7 15.2      6520
 6521 2021- 8-31 23:17     - 54 18  162 31  16.43 0.53  0.0    4 45.5 40.8      6521
 6522 2021- 9- 1  0:14     - 55 21  161 21   7.54 0.16  0.0    5 11.2 13.5      6522
 6523 2021- 9- 1  0:49     - 54 49  161 12  17.48 0.11  0.0    5 14.3 15.5      6523
 6524 2021- 9- 1  0:50     - 54 53  161 34   7.53 0.21  0.0    4 14.8 18.7      6524
 *** DISTANCE & RESIDUAL WEIGHTING CANCELLED FOR EVENT: 2021  9  1  2 16
 6525 2021- 9- 1  2:15     # 55 49  162  1  15.00 2.13  0.0    6 37.7 61.4      6525
  SEQ ---DATE--- TIME REMARK -LAT-  --LON-  DEPTH  RMS PMAG  NUM  ERH  ERZ  ID
 6526 2021- 9- 1  2:48     - 55 12  163 19  17.08 0.36  0.0    7  2.4 32.8      6526
 6527 2021- 9- 1  2:49     # 55 20  161 58   0.03 0.62  0.0    7  2.1 32.3      6527
 *** DISTANCE & RESIDUAL WEIGHTING CANCELLED FOR EVENT: 2021  9  1  5  2
 6528 2021- 9- 1  5:02     # 55  8  162  1  10.08 0.42  0.0    4 10.1 11.3      6528
 6529 2021- 9- 1  5:20     - 54 32  161 26  15.89 0.14  0.0   13  7.6 15.0      6529
 6530 2021- 9- 1  6:21     - 55 17  162 11   1.27 0.08  0.0    6 12.2  9.5      6530
 6531 2021- 9- 1  6:54     - 55 15  161  2  50.32 0.18  0.0    8 15.6  8.8      6531
 *** DISTANCE & RESIDUAL WEIGHTING CANCELLED FOR EVENT: 2021  9  1  6 55
 6532 2021- 9- 1  6:55     - 55 19  161 41   0.78 0.61  0.0    4  5.8 41.3      6532
 6533 2021- 9- 1  7:11     - 55 36  160 17  14.44 0.29  0.0   15 11.5 23.2      6533
 6534 2021- 9- 1  9:04     - 54 57  161 32  24.72 0.20  0.0    7 16.3  5.5      6534
 6535 2021- 9- 1  9:05     - 55  4  161 15  15.66 0.09  0.0    4 10.0  1.2      6535
 6536 2021- 9- 1  9:45     - 55 22  162 41  93.82 0.20  0.0   10  6.3 15.7      6536
 6537 2021- 9- 1  9:45     - 55 20  162 33 109.87 0.16  0.0    8  3.5 12.8      6537
 6538 2021- 9- 1 13:17     - 55 12  160 33  15.00 0.11  0.0    7 14.0 15.3      6538
 6539 2021- 9- 1 13:17       55 13  161 41  24.25 0.00  0.0    4  2.8  3.0      6539
 6540 2021- 9- 1 14:25     - 55  3  161 15   9.98 0.19  0.0    5 16.4 18.7      6540
  SEQ ---DATE--- TIME REMARK -LAT-  --LON-  DEPTH  RMS PMAG  NUM  ERH  ERZ  ID
 6541 2021- 9- 1 14:25     - 55  3  161 33  25.33 0.06  0.0    4 11.9  3.8      6541
 6542 2021- 9- 1 14:33     - 55 13  161 29  15.00 0.09  0.0    4 13.2  6.4      6542
 6543 2021- 9- 1 16:05     - 54 34  161 24  16.03 0.15  0.0   13  7.0 13.7      6543
 *** DISTANCE & RESIDUAL WEIGHTING CANCELLED FOR EVENT: 2021  9  1 16 32
 6544 2021- 9- 1 16:32     - 55 43  161 57  15.00 2.08  0.0    4 74.8 64.9      6544
 6545 2021- 9- 1 17:27     - 55 33  161 53  66.14 0.24  0.0    6 12.2 21.0      6545
 6546 2021- 9- 1 17:34     - 54 58  162 24  14.14 0.01  0.0    4  6.6  5.8      6546
 6547 2021- 9- 1 17:56     - 55 10  161 31  49.30 0.14  0.0    4 14.5  8.4      6547
 6548 2021- 9- 1 17:56     - 55  4  161  5  28.80 0.18  0.0    6 18.2  5.7      6548
 6549 2021- 9- 1 19:53     - 55 14  162 55  18.84 0.41  0.0    8  7.6 32.7      6549
 6550 2021- 9- 1 23:47     - 54 40  160 46  15.00 0.22  0.0    9 20.3 22.0      6550
 6551 2021- 9- 1 23:47     - 54 31  160 55  29.20 0.34  0.0    8 27.7 30.3      6551
 *** DISTANCE & RESIDUAL WEIGHTING CANCELLED FOR EVENT: 2021  9  2  0 36
 6552 2021- 9- 2  0:36     - 54 58  160 58  15.00 0.58  0.0    4 48.3 11.4      6552
 6553 2021- 9- 2  0:58     - 54 57  161 10  12.42 0.13  0.0    6 14.2 13.0      6553
 6554 2021- 9- 2  0:58     - 54 44  161  8  35.16 0.34  0.0    5 23.8 20.1      6554
 6555 2021- 9- 2  3:26     - 54 33  161 14  15.00 0.17  0.0   11 15.6 19.2      6555
  SEQ ---DATE--- TIME REMARK -LAT-  --LON-  DEPTH  RMS PMAG  NUM  ERH  ERZ  ID
 6556 2021- 9- 2  3:26     - 54 27  161  7  13.50 0.23  0.0    9 14.7  8.6      6556
 *** DISTANCE & RESIDUAL WEIGHTING CANCELLED FOR EVENT: 2021  9  2  3 41
 6557 2021- 9- 2  3:41     - 55 38  161 20  15.00 0.53  0.0    4 28.4 43.1      6557
 6558 2021- 9- 2  4:28       55 20  161 47  17.84 0.01  0.0    4  3.3  1.4      6558
 6559 2021- 9- 2  4:56       55 14  161 15  25.51 0.05  0.0    6  3.7  5.2      6559
 *** DISTANCE & RESIDUAL WEIGHTING CANCELLED FOR EVENT: 2021  9  2  4 57
 6560 2021- 9- 2  4:57     - 54 47  161 56  17.65 0.24  0.0    4  4.6 23.0      6560
 6561 2021- 9- 2  5:10     - 54 43  160 57  15.01 0.23  0.0   10 17.8 23.2      6561
 6562 2021- 9- 2  5:10     - 54 38  160 39  15.00 0.25  0.0    9 19.2 23.8      6562
 6563 2021- 9- 2  8:07     - 54 44  160 49  15.00 0.22  0.0   10 19.1 22.0      6563
 6564 2021- 9- 2  8:07     - 54 20  160  9  15.86 0.24  0.0    9 18.6 11.5      6564
 6565 2021- 9- 2  8:08     - 54 43  160 45  41.62 0.32  0.0   11 27.5 22.1      6565
 6566 2021- 9- 2  8:09     - 54 51  161 14  36.94 0.20  0.0    7 16.9  3.9      6566
 *** DISTANCE & RESIDUAL WEIGHTING CANCELLED FOR EVENT: 2021  9  2  8 47
 6567 2021- 9- 2  8:46     # 54 47  161  4  15.00 0.54  0.0    5 22.7  6.2      6567
 6568 2021- 9- 2  9:19     - 55  7  161 33  34.53 0.07  0.0    5 10.2  5.3      6568
 6569 2021- 9- 2  9:19     - 54 56  161 23  31.54 0.22  0.0    4 19.7  5.6      6569
 6570 2021- 9- 2 10:03     - 54 13  162  8  14.98 0.17  0.0   13  8.5 17.0      6570
  SEQ ---DATE--- TIME REMARK -LAT-  --LON-  DEPTH  RMS PMAG  NUM  ERH  ERZ  ID
 6571 2021- 9- 2 10:18     - 54 39  160 56  15.00 0.20  0.0   11 16.6 20.8      6571
 6572 2021- 9- 2 10:18     - 54 47  161 15  33.93 0.29  0.0    9 16.9 15.8      6572
 6573 2021- 9- 2 11:09     - 55 12  161 19  11.13 0.10  0.0    4 14.4 12.1      6573
 6574 2021- 9- 2 11:09     - 54 44  160 50  34.24 0.23  0.0    8 16.7 21.4      6574
 6575 2021- 9- 2 12:09     - 54 51  162 25  14.32 0.05  0.0    4 11.6  6.0      6575
 *** DISTANCE & RESIDUAL WEIGHTING CANCELLED FOR EVENT: 2021  9  2 12  9
 6576 2021- 9- 2 12:09     - 54 44  162 35  14.98 0.49  0.0    4 40.4  2.5      6576
 6577 2021- 9- 2 12:56     - 55  7  161 29  33.24 0.02  0.0    4 10.1  2.9      6577
 *** DISTANCE & RESIDUAL WEIGHTING CANCELLED FOR EVENT: 2021  9  2 12 56
 6578 2021- 9- 2 12:56     - 54 50  161 18  29.73 0.91  0.0    5 65.5 29.8      6578
 6579 2021- 9- 2 16:02     - 54 39  160 47  14.77 0.19  0.0   19  8.0 16.1      6579
 6580 2021- 9- 2 16:53     # 55  6  163 12  15.85 0.95  0.0   12  9.6  7.5      6580
 6581 2021- 9- 2 16:57     - 55 13  163 30  21.00 0.68  0.0   11  5.1 55.7      6581
 6582 2021- 9- 2 17:50     - 54 53  161  8  29.14 0.24  0.0   10 19.2  2.7      6582
 6583 2021- 9- 2 17:51     - 55 14  161 16  14.23 0.12  0.0    5 14.4  2.8      6583
 *** DISTANCE & RESIDUAL WEIGHTING CANCELLED FOR EVENT: 2021  9  2 18  2
 6584 2021- 9- 2 18:01     - 56  1  160 59  15.00 0.34  0.0    4 13.8 27.9      6584
 6585 2021- 9- 2 18:07     # 55  7  163 12  15.67 0.61  0.0   10 13.2 11.1      6585
 *** DISTANCE & RESIDUAL WEIGHTING CANCELLED FOR EVENT: 2021  9  2 21 14
  SEQ ---DATE--- TIME REMARK -LAT-  --LON-  DEPTH  RMS PMAG  NUM  ERH  ERZ  ID
 6586 2021- 9- 2 21:14     - 55 17  162  3   0.57 0.35  0.0    4 31.7 23.7      6586
 *** DISTANCE & RESIDUAL WEIGHTING CANCELLED FOR EVENT: 2021  9  3  1 31
 6587 2021- 9- 3  1:30     - 55  1  161 26  15.00 0.31  0.0    4 25.1 19.8      6587
 6588 2021- 9- 3  3:25     - 55 16  162  1   8.67 0.09  0.0    4 14.0  1.8      6588
 6589 2021- 9- 3  3:48     - 54 27  162 14  17.24 0.05  0.0    6  2.1 13.2      6589
 6590 2021- 9- 3  3:56     - 54 38  162 21   8.03 0.20  0.0   10 14.5 14.8      6590
 *** DISTANCE & RESIDUAL WEIGHTING CANCELLED FOR EVENT: 2021  9  3  3 56
 6591 2021- 9- 3  3:56     - 55 15  163  3  15.02 0.58  0.0    4 46.8 19.1      6591
 6592 2021- 9- 3  6:19       54 39  162 37  12.75 0.21  0.0    9  3.2  6.2      6592
 6593 2021- 9- 3 10:19     - 55 39  161 43   9.29 0.07  0.0    4  6.3 12.9      6593
 6594 2021- 9- 3 10:22       55 25  161 53   5.69 0.00  0.0    4  0.9  4.9      6594
 *** DISTANCE & RESIDUAL WEIGHTING CANCELLED FOR EVENT: 2021  9  3 13 44
 6595 2021- 9- 3 13:43     # 55 18  161 54  16.56 1.52  0.0    5 17.1 53.8      6595
 6596 2021- 9- 3 13:44     - 55 14  163 22   7.62 0.40  0.0    8  3.0 35.3      6596
 6597 2021- 9- 3 13:44     - 54 35  161 15  16.15 0.16  0.0    8 10.6 15.7      6597
 *** DISTANCE & RESIDUAL WEIGHTING CANCELLED FOR EVENT: 2021  9  3 14 50
 6598 2021- 9- 3 14:50     - 55 16  161 24  10.85 0.21  0.0    4 19.8  9.1      6598
 6599 2021- 9- 3 15:46     - 54 43  162 29  12.18 0.12  0.0    4 15.3  4.1      6599
 6600 2021- 9- 3 15:55     - 55 10  160 34  15.00 0.24  0.0   10 20.4 23.2      6600
  SEQ ---DATE--- TIME REMARK -LAT-  --LON-  DEPTH  RMS PMAG  NUM  ERH  ERZ  ID
 6601 2021- 9- 3 15:59       55 18  162  3  36.14 0.00  0.0    4  2.9  7.2      6601
 6602 2021- 9- 3 16:04     - 54 54  160 50  12.17 0.18  0.0    7 18.3  3.5      6602
 6603 2021- 9- 3 16:04     - 54 35  160 20  15.05 0.40  0.0    8 27.3 35.2      6603
 6604 2021- 9- 3 16:05     - 54 43  160 42  15.00 0.23  0.0   10 19.1 22.6      6604
 6605 2021- 9- 3 16:05     - 54 33  160 16  11.54 0.23  0.0    9 15.7 10.8      6605
 6606 2021- 9- 3 16:47     - 55 26  162 50  15.49 0.32  0.0    4 19.9 14.5      6606
 6607 2021- 9- 3 16:46     - 54 31  161 17  15.07 0.13  0.0    9  9.5 14.5      6607
 6608 2021- 9- 3 16:47     - 55 12  161 39  13.43 0.12  0.0    5 10.6  4.5      6608
 6609 2021- 9- 3 16:48     - 54 39  160 40  15.00 0.17  0.0    6 18.3 18.9      6609
 6610 2021- 9- 3 16:48     - 54 53  161 17  45.92 0.23  0.0    7 19.4  6.2      6610
 *** DISTANCE & RESIDUAL WEIGHTING CANCELLED FOR EVENT: 2021  9  3 16 52
 6611 2021- 9- 3 16:52     - 55 30  161 22   7.10 0.66  0.0    4 45.3 48.0      6611
 6612 2021- 9- 3 16:52     - 55 20  161 16  15.21 0.11  0.0    4 13.2  3.1      6612
 6613 2021- 9- 3 16:58     - 55  2  163 41  33.52 0.34  0.0    5  5.3 31.2      6613
 6614 2021- 9- 3 17:31     - 55  1  161 25  26.29 0.18  0.0    6 15.9  5.2      6614
 6615 2021- 9- 3 17:31     - 54 50  160 53  33.11 0.50  0.0    8 36.4 43.2      6615
  SEQ ---DATE--- TIME REMARK -LAT-  --LON-  DEPTH  RMS PMAG  NUM  ERH  ERZ  ID
 6616 2021- 9- 3 18:36       54 42  162  1  29.72 0.17  0.0    8  3.7  6.4      6616
 *** DISTANCE & RESIDUAL WEIGHTING CANCELLED FOR EVENT: 2021  9  4  0  0
 6617 2021- 9- 3 23:59     # 55 22  162 20  15.00 0.68  0.0    5  9.6 27.4      6617
 6618 2021- 9- 4  0:46       55 13  161 32  16.99 0.13  0.0    6  2.5  2.2      6618
 6619 2021- 9- 4  1:23       55  1  161 19  50.28 0.00  0.0    4  3.9  4.5      6619
 6620 2021- 9- 4  1:38     - 54 53  160 58  15.00 0.12  0.0    4 13.6 16.0      6620
 *** DISTANCE & RESIDUAL WEIGHTING CANCELLED FOR EVENT: 2021  9  4  1 39
 6621 2021- 9- 4  1:39     # 55 24  161 41  15.00 0.99  0.0    5 15.0  4.1      6621
 6622 2021- 9- 4  2:35       55  3  162 48  14.03 0.08  0.0    8  2.4  6.8      6622
 6623 2021- 9- 4  2:54     - 55 27  161 28   7.12 0.02  0.0    4  1.8  9.9      6623
 6624 2021- 9- 4  4:02     - 54 24  161 19  21.32 0.16  0.0    8  4.1 17.2      6624
 6625 2021- 9- 4  4:02     - 55  4  163 19  17.49 0.56  0.0    9  3.6 47.9      6625
 6626 2021- 9- 4  4:02     - 54 44  161 27  14.15 0.10  0.0    7  5.5 10.5      6626
 6627 2021- 9- 4  4:03     - 54 56  161 53   6.61 0.29  0.0    7  3.8 26.0      6627
 6628 2021- 9- 4  4:05     - 55 26  161 49   0.41 0.15  0.0    5  1.3 14.7      6628
 6629 2021- 9- 4  5:45       55 16  161 43   8.18 0.04  0.0    5  1.8  2.0      6629
 6630 2021- 9- 4  7:25     - 55 15  161 37  17.39 0.08  0.0    4 14.0  1.5      6630
 *** DISTANCE & RESIDUAL WEIGHTING CANCELLED FOR EVENT: 2021  9  4 10  1
  SEQ ---DATE--- TIME REMARK -LAT-  --LON-  DEPTH  RMS PMAG  NUM  ERH  ERZ  ID
 6631 2021- 9- 4 10:01     # 55  6  162  3  14.99 0.29  0.0    4 14.0 10.5      6631
 6632 2021- 9- 4 10:23     - 55 11  163  1  14.52 0.03  0.0    4  7.5  5.7      6632
 6633 2021- 9- 4 10:30     - 54 60  160 40  15.00 0.26  0.0    9 23.0 24.8      6633
 6634 2021- 9- 4 10:30     - 55  3  160 49  33.54 0.44  0.0   10 21.8 36.4      6634
 6635 2021- 9- 4 10:52     - 55  3  160 47  20.21 0.23  0.0    7 13.1 16.5      6635
 6636 2021- 9- 4 10:52     - 55  7  160 50  15.01 0.35  0.0    8 24.5 31.2      6636
 6637 2021- 9- 4 11:41     - 54 49  162 15  14.37 0.11  0.0    4 11.7  9.6      6637
 6638 2021- 9- 4 13:31     - 55 11  161 19  14.99 0.25  0.0    4 15.5 21.4      6638
 6639 2021- 9- 4 13:31     - 55 11  161 11  27.24 0.17  0.0    5 16.0  6.9      6639
 6640 2021- 9- 4 14:05     - 55 18  161 58  12.33 0.20  0.0    4 19.9  3.0      6640
 6641 2021- 9- 4 16:00       55 22  161 49  16.38 0.06  0.0    7  1.5  0.8      6641
 6642 2021- 9- 4 16:02       55 12  161  3  15.82 0.12  0.0    6  3.9  2.1      6642
 6643 2021- 9- 4 16:02     - 55 25  161 11  11.22 0.20  0.0    4  8.6 18.4      6643
 6644 2021- 9- 4 16:19     - 54 50  161 12  26.54 0.21  0.0    9 17.5 11.0      6644
 6645 2021- 9- 4 16:19     - 55 54  162 50  13.02 0.05  0.0    4  9.6  8.9      6645
  SEQ ---DATE--- TIME REMARK -LAT-  --LON-  DEPTH  RMS PMAG  NUM  ERH  ERZ  ID
 6646 2021- 9- 4 16:25     - 55 17  161 59  14.23 0.03  0.0    4 12.8  2.2      6646
 6647 2021- 9- 4 18:54     - 55  8  162 22  49.10 0.09  0.0    5  6.0 12.2      6647
 6648 2021- 9- 4 19:32     # 55 22  162 15  15.41 1.49  0.0   11  6.4 39.7      6648
 6649 2021- 9- 4 19:33     # 55 12  161 57  12.01 0.13  0.0    6  9.9  3.9      6649
 6650 2021- 9- 4 21:22     - 54 33  163  3  13.37 0.10  0.0    5  7.6 13.4      6650
 *** DISTANCE & RESIDUAL WEIGHTING CANCELLED FOR EVENT: 2021  9  5  0  0
 6651 2021- 9- 4 23:59     - 55 17  162 20  15.04 0.46  0.0    4  6.1 33.4      6651
 6652 2021- 9- 5  0:35     - 55 20  161 40  19.37 0.01  0.0    4  8.0  5.3      6652
 6653 2021- 9- 5  2:22       55 15  161 53  41.91 0.14  0.0    6  4.8  5.3      6653
 *** DISTANCE & RESIDUAL WEIGHTING CANCELLED FOR EVENT: 2021  9  5  3 57
 6654 2021- 9- 5  3:57     # 55 23  161 32  11.54 0.61  0.0    4 12.5 15.6      6654
 6655 2021- 9- 5  5:07       55 24  162  0  25.29 0.06  0.0    6  2.3  6.6      6655
 6656 2021- 9- 5  7:59     - 55 29  162 48  22.16 0.51  0.0    5  8.6 38.1      6656
 6657 2021- 9- 5  8:05     - 55 22  161 34   9.61 0.06  0.0    4 10.7  6.8      6657
 6658 2021- 9- 5 12:29     - 55 44  161 28  17.86 0.13  0.0    6 15.8  8.2      6658
 *** DISTANCE & RESIDUAL WEIGHTING CANCELLED FOR EVENT: 2021  9  5 14 56
 6659 2021- 9- 5 14:56     # 55 26  161 46  26.44 0.70  0.0    7  9.5 12.3      6659
 *** DISTANCE & RESIDUAL WEIGHTING CANCELLED FOR EVENT: 2021  9  5 16  3
 6660 2021- 9- 5 16:02     - 54 27  162 29  15.00 0.79  0.0    4 67.2  7.2      6660
  SEQ ---DATE--- TIME REMARK -LAT-  --LON-  DEPTH  RMS PMAG  NUM  ERH  ERZ  ID
 6661 2021- 9- 5 16:42     - 54 60  161 35  27.98 0.19  0.0    7 14.7  5.7      6661
 6662 2021- 9- 5 16:42       54 55  161 35  20.09 0.15  0.0    8  6.6  2.5      6662
 6663 2021- 9- 5 17:12     - 54 40  160 42  14.93 0.18  0.0   15  8.3 16.5      6663
 6664 2021- 9- 5 17:46     - 55 20  161 53  12.40 0.13  0.0    4 13.9  8.2      6664
 6665 2021- 9- 5 18:03     - 55 10  162 33  24.38 0.07  0.0    4  5.0 13.0      6665
 6666 2021- 9- 5 18:15     - 55 19  161  2  31.96 0.08  0.0    5 10.8  0.8      6666
 6667 2021- 9- 5 20:11     - 55 12  162 18  15.10 0.10  0.0    4  3.6 11.6      6667
 6668 2021- 9- 5 22:48     - 54 55  162 50  11.47 0.04  0.0    5  2.8 12.6      6668
 *** DISTANCE & RESIDUAL WEIGHTING CANCELLED FOR EVENT: 2021  9  5 23 19
 6669 2021- 9- 5 23:19     - 55 17  162 41  95.17 0.30  0.0    4 25.2 11.9      6669
 6670 2021- 9- 5 23:59     - 55 26  162 15  15.04 0.11  0.0    4  1.7 14.8      6670
 6671 2021- 9- 6  1:52       55 16  161 32  18.02 0.07  0.0    6  3.0  2.0      6671
 6672 2021- 9- 6  2:34     - 54 54  162 43  15.63 0.15  0.0    4 14.4  9.6      6672
 6673 2021- 9- 6  2:34     - 54 23  161 23  15.26 0.17  0.0    5  7.7 17.2      6673
 6674 2021- 9- 6  3:20     - 55 38  162 19   7.46 0.64  0.0    4 42.2 50.5      6674
 *** DISTANCE & RESIDUAL WEIGHTING CANCELLED FOR EVENT: 2021  9  6  4 13
 6675 2021- 9- 6  4:13     # 55 29  162  5  15.00 1.22  0.0    4 39.6 22.6      6675
  SEQ ---DATE--- TIME REMARK -LAT-  --LON-  DEPTH  RMS PMAG  NUM  ERH  ERZ  ID
 6676 2021- 9- 6  5:07     # 55  7  161 40   2.59 0.09  0.0    4  4.2  3.2      6676
 6677 2021- 9- 6  5:54     - 54 50  162 59  14.42 0.04  0.0    4 10.4  7.6      6677
 6678 2021- 9- 6  5:54     - 54 19  161 10  12.13 0.16  0.0    9  7.6 16.0      6678
 6679 2021- 9- 6  5:55     - 55  4  161 31   7.78 0.28  0.0    5 22.5 21.5      6679
 6680 2021- 9- 6  7:59       55 18  162 14  22.42 0.71  0.0    8  8.2 19.2      6680
 6681 2021- 9- 6  8:16     - 54 45  160 20  14.35 0.16  0.0   19  7.8 15.6      6681
 6682 2021- 9- 6  8:35       55  1  163 39  13.58 0.32  0.0    4  7.4  5.7      6682
 6683 2021- 9- 6  8:35     - 54 38  161 21  18.12 0.17  0.0    5 11.1 19.0      6683
 6684 2021- 9- 6  9:31       54 33  163  3  14.12 0.06  0.0    6  3.9  1.5      6684
 *** DISTANCE & RESIDUAL WEIGHTING CANCELLED FOR EVENT: 2021  9  6 10 58
 6685 2021- 9- 6 10:58     - 54 27  162 29  19.54 0.70  0.0    4 57.2 50.6      6685
 6686 2021- 9- 6 12:07     - 55 48  162 15  17.63 0.33  0.0    4  3.2 30.1      6686
 6687 2021- 9- 6 12:34       54 48  160 54  72.96 0.05  0.0    9  4.1  4.4      6687
 6688 2021- 9- 6 13:52     - 54 34  161 25  17.20 0.12  0.0    7  2.3 16.0      6688
 *** DISTANCE & RESIDUAL WEIGHTING CANCELLED FOR EVENT: 2021  9  6 16  0
 6689 2021- 9- 6 15:59     - 55 25  162 35  15.00 0.58  0.0    5 16.9 37.6      6689
 *** DISTANCE & RESIDUAL WEIGHTING CANCELLED FOR EVENT: 2021  9  6 16 23
 6690 2021- 9- 6 16:23     - 55 28  161 59  22.57 0.40  0.0    5 24.6 20.7      6690
 *** DISTANCE & RESIDUAL WEIGHTING CANCELLED FOR EVENT: 2021  9  6 16 26
  SEQ ---DATE--- TIME REMARK -LAT-  --LON-  DEPTH  RMS PMAG  NUM  ERH  ERZ  ID
 6691 2021- 9- 6 16:25     # 55 32  163  3  15.00 0.58  0.0    4  9.9 16.5      6691
 6692 2021- 9- 6 17:28     - 54 48  162 18  11.81 0.13  0.0    8 14.5  7.0      6692
 6693 2021- 9- 6 17:28       54 47  162 27  15.93 0.05  0.0    5  8.1  1.3      6693
 6694 2021- 9- 6 19:24     - 54 37  160 55  15.00 0.14  0.0    9 15.0 17.1      6694
 6695 2021- 9- 6 19:24     - 54 47  161 13  23.71 0.27  0.0    8 20.3  9.1      6695
 *** DISTANCE & RESIDUAL WEIGHTING CANCELLED FOR EVENT: 2021  9  6 21 43
 6696 2021- 9- 6 21:43     - 54 41  162 34  15.00 1.94  0.0    4 79.4 59.1      6696
 6697 2021- 9- 6 21:53     - 55  4  161  2  10.63 0.17  0.0    9 11.9 18.1      6697
 6698 2021- 9- 6 21:53     - 56  6  162 19  14.59 0.20  0.0    5 16.5 11.5      6698
 *** DISTANCE & RESIDUAL WEIGHTING CANCELLED FOR EVENT: 2021  9  6 21 54
 6699 2021- 9- 6 21:53     - 55 11  163 31  15.00 1.21  0.0    5 80.2 98.9      6699
 6700 2021- 9- 6 22:04     - 55 39  162 55  15.01 0.08  0.0    4  6.3 12.5      6700
 6701 2021- 9- 6 22:50     - 54 31  162 23  12.28 0.43  0.0    4 35.7 28.0      6701
 6702 2021- 9- 6 23:59     - 55 22  162 19  15.00 0.19  0.0    4  4.5 17.5      6702
 6703 2021- 9- 7  0:34     - 55  3  160 52  11.64 0.20  0.0    7 16.4 14.7      6703
 6704 2021- 9- 7  0:34     # 55  9  160 56  13.74 0.56  0.0   10  8.3  2.0      6704
 *** DISTANCE & RESIDUAL WEIGHTING CANCELLED FOR EVENT: 2021  9  7  0 49
 6705 2021- 9- 7  0:48     - 54 57  161 14  39.08 0.31  0.0    5 27.0 23.6      6705
 *** DISTANCE & RESIDUAL WEIGHTING CANCELLED FOR EVENT: 2021  9  7  0 49
  SEQ ---DATE--- TIME REMARK -LAT-  --LON-  DEPTH  RMS PMAG  NUM  ERH  ERZ  ID
 6706 2021- 9- 7  0:49     - 55  4  161 47  13.27 0.27  0.0    4 20.4  8.7      6706
 6707 2021- 9- 7  1:32     - 54 27  161 48  18.83 0.18  0.0   11  1.7 18.8      6707
 6708 2021- 9- 7  2:32       55  9  161 54  16.24 0.13  0.0    6  2.3  2.7      6708
 *** DISTANCE & RESIDUAL WEIGHTING CANCELLED FOR EVENT: 2021  9  7  2 33
 6709 2021- 9- 7  2:33     - 55 13  161 35   6.26 0.31  0.0    4 11.3 26.1      6709
 *** DISTANCE & RESIDUAL WEIGHTING CANCELLED FOR EVENT: 2021  9  7  2 45
 6710 2021- 9- 7  2:45     - 55 25  161 41   3.29 0.39  0.0    4 29.7  2.5      6710
 6711 2021- 9- 7  3:47       55 20  161 54  13.70 0.00  0.0    4  2.9  1.3      6711
 6712 2021- 9- 7  3:56     - 54 60  161 24   7.41 0.23  0.0    5 19.4 22.4      6712
 6713 2021- 9- 7  4:28     - 55 22  161 52   0.07 0.01  0.0    4  1.1 10.8      6713
 6714 2021- 9- 7  4:39       55  7  161 49  51.31 0.01  0.0    5  6.4  4.7      6714
 *** DISTANCE & RESIDUAL WEIGHTING CANCELLED FOR EVENT: 2021  9  7  4 39
 6715 2021- 9- 7  4:39     # 55 31  161 41  14.95 1.03  0.0    5 17.4  7.5      6715
 6716 2021- 9- 7  4:47       55 14  161 53  12.98 0.10  0.0    6  2.0  4.6      6716
 6717 2021- 9- 7  5:12     - 55 36  161 20   9.64 0.08  0.0    4  4.5 14.1      6717
 6718 2021- 9- 7  6:05     - 55 12  160 45  17.41 0.24  0.0    8  3.9 23.6      6718
 *** DISTANCE & RESIDUAL WEIGHTING CANCELLED FOR EVENT: 2021  9  7  6 11
 *** ABANDON EVENT WITH ONLY 3 READINGS:2021  9  7  6 11
 6720 2021- 9- 7  6:45     - 54 56  161 15  23.16 0.19  0.0    6 18.1  8.7      6720
  SEQ ---DATE--- TIME REMARK -LAT-  --LON-  DEPTH  RMS PMAG  NUM  ERH  ERZ  ID
 6721 2021- 9- 7  6:45     - 54 57  161 21  29.85 0.07  0.0    4 13.0  2.7      6721
 6722 2021- 9- 7  7:06     - 54 60  161 50  15.09 0.18  0.0    5  4.1 17.5      6722
 *** DISTANCE & RESIDUAL WEIGHTING CANCELLED FOR EVENT: 2021  9  7  8  0
 6723 2021- 9- 7  7:59     - 55 13  163  4  15.00 0.60  0.0    5 36.8 51.5      6723
 *** DISTANCE & RESIDUAL WEIGHTING CANCELLED FOR EVENT: 2021  9  7  8 48
 6724 2021- 9- 7  8:48     - 54 59  162 41  17.78 0.32  0.0    4 17.6 29.5      6724
 6725 2021- 9- 7 10:03     - 55  3  160  4  15.09 0.08  0.0    5 11.2 12.1      6725
 6726 2021- 9- 7 10:04     - 54 44  160 43  15.00 0.19  0.0   10 16.9 20.4      6726
 6727 2021- 9- 7 10:04     - 54 35  160 21  16.39 0.31  0.0    9 19.9 13.8      6727
 6728 2021- 9- 7 10:22       55 34  161 51  14.49 0.12  0.0    9  2.0  1.9      6728
 *** DISTANCE & RESIDUAL WEIGHTING CANCELLED FOR EVENT: 2021  9  7 12 20
 6729 2021- 9- 7 12:19     - 54 23  162 30  15.00 0.41  0.0    4 36.3  9.9      6729
 *** DISTANCE & RESIDUAL WEIGHTING CANCELLED FOR EVENT: 2021  9  7 13 48
 6730 2021- 9- 7 13:48     # 55 26  161 45  23.68 0.29  0.0    5  8.1 13.8      6730
 6731 2021- 9- 7 14:10       55 21  161 52  36.92 0.08  0.0    5  5.1  4.8      6731
 *** DISTANCE & RESIDUAL WEIGHTING CANCELLED FOR EVENT: 2021  9  7 14 27
 6732 2021- 9- 7 14:27     # 55 14  161 51  15.00 1.05  0.0    4 53.5  7.5      6732
 6733 2021- 9- 7 15:10       54 31  163 12   2.19 0.20  0.0   10  5.9 12.5      6733
 6734 2021- 9- 7 15:19     - 55 18  161 20   6.62 0.18  0.0    8  2.2 19.1      6734
 *** DISTANCE & RESIDUAL WEIGHTING CANCELLED FOR EVENT: 2021  9  7 17 24
 6735 2021- 9- 7 17:24     - 55 26  161 45  43.01 0.64  0.0    4 54.9  7.1      6735
  SEQ ---DATE--- TIME REMARK -LAT-  --LON-  DEPTH  RMS PMAG  NUM  ERH  ERZ  ID
 6736 2021- 9- 7 17:26       55 26  161 52  31.43 0.08  0.0    6  2.6  1.6      6736
 6737 2021- 9- 7 17:26     - 55 25  161 56  31.58 0.06  0.0    4 13.4  1.7      6737
 *** DISTANCE & RESIDUAL WEIGHTING CANCELLED FOR EVENT: 2021  9  7 17 27
 6738 2021- 9- 7 17:27     # 55 29  161 57  27.02 0.00  0.0    4  4.2  2.8      6738
 6739 2021- 9- 7 17:44     - 55 23  161 46  17.24 0.08  0.0    4 13.5  2.8      6739
 *** DISTANCE & RESIDUAL WEIGHTING CANCELLED FOR EVENT: 2021  9  7 17 51
 6740 2021- 9- 7 17:51     - 55 30  162  4  15.00 1.17  0.0    5 47.2 77.8      6740
 6741 2021- 9- 7 18:10     - 55 46  161 49  17.35 0.40  0.0    6  3.8 32.3      6741
 6742 2021- 9- 7 18:11       55  6  161 21  17.75 0.09  0.0    5  2.4  4.6      6742
 *** DISTANCE & RESIDUAL WEIGHTING CANCELLED FOR EVENT: 2021  9  7 18 25
 6743 2021- 9- 7 18:25     - 55 13  162 13   6.40 0.83  0.0    4 70.4 12.9      6743
 6744 2021- 9- 7 18:58       54 17  161 30  10.00 0.26  0.0   10  6.0  4.1      6744
 6745 2021- 9- 7 19:54     - 55 26  162  4  14.79 0.01  0.0    4  4.0 11.2      6745
 6746 2021- 9- 7 20:57     - 54 43  160 23  14.86 0.17  0.0   14  7.9 16.0      6746
 6747 2021- 9- 7 21:19     - 55  3  160 52  39.42 0.32  0.0    9 22.9 11.7      6747
 6748 2021- 9- 7 21:20     - 56  8  162 17  15.00 0.33  0.0    5 27.0 29.8      6748
 6749 2021- 9- 7 21:27     - 54 58  162 14   9.28 0.03  0.0    5  6.1 10.4      6749
 6750 2021- 9- 7 21:27     - 54 39  162 28  15.43 0.17  0.0    6 17.9  5.8      6750
  SEQ ---DATE--- TIME REMARK -LAT-  --LON-  DEPTH  RMS PMAG  NUM  ERH  ERZ  ID
 6751 2021- 9- 7 21:35     - 54 55  162 22  14.09 0.09  0.0    4 11.0  9.0      6751
 6752 2021- 9- 7 21:35     - 55  0  162 28   6.19 0.00  0.0    4 11.7  1.3      6752
 6753 2021- 9- 7 21:53     - 55  7  163 31  14.92 0.22  0.0    5 10.2 19.3      6753
 6754 2021- 9- 7 21:53       54 21  161 30  14.45 0.18  0.0    9  5.2  5.7      6754
 6755 2021- 9- 7 23:59     - 55 20  162 13  65.35 0.14  0.0    7  4.6 15.2      6755
 6756 2021- 9- 8  0:22     - 55 16  161 43  14.29 0.01  0.0    4  8.8  8.6      6756
 6757 2021- 9- 8  1:34     - 55 34  160 32  34.47 0.24  0.0   11 17.6 22.2      6757
 6758 2021- 9- 8  1:34     - 55 35  160 30  33.01 0.40  0.0   10 19.7 35.8      6758
 6759 2021- 9- 8  1:42     - 55 12  163 15  15.00 0.19  0.0    5 15.8 20.3      6759
 *** DISTANCE & RESIDUAL WEIGHTING CANCELLED FOR EVENT: 2021  9  8  1 57
 6760 2021- 9- 8  1:57     - 55 26  161 41  13.91 0.29  0.0    5 15.0 16.2      6760
 *** DISTANCE & RESIDUAL WEIGHTING CANCELLED FOR EVENT: 2021  9  8  2 55
 6761 2021- 9- 8  2:55     - 55 14  162 12   6.82 0.11  0.0    4 15.3  3.6      6761
 6762 2021- 9- 8  2:57     - 55  4  161 35  26.20 0.19  0.0    4 17.5  8.3      6762
 *** DISTANCE & RESIDUAL WEIGHTING CANCELLED FOR EVENT: 2021  9  8  2 58
 6763 2021- 9- 8  2:57     - 55  4  161 34  32.93 0.43  0.0    5 25.1 14.9      6763
 6764 2021- 9- 8  3:09     - 54 51  162 19  12.42 0.12  0.0    9 13.5  8.1      6764
 6765 2021- 9- 8  3:10     - 54 48  162 26  18.44 0.13  0.0    7 15.2  5.7      6765
  SEQ ---DATE--- TIME REMARK -LAT-  --LON-  DEPTH  RMS PMAG  NUM  ERH  ERZ  ID
 6766 2021- 9- 8  3:12     - 54 54  162 26  12.36 0.06  0.0    7 11.2  5.6      6766
 6767 2021- 9- 8  3:13     - 54 39  162 22  13.09 0.08  0.0    6 11.2  1.0      6767
 6768 2021- 9- 8  3:25     - 54 56  161 27  19.39 0.14  0.0    4 16.4  8.3      6768
 6769 2021- 9- 8  4:52     - 54 24  161 21  14.97 0.11  0.0    6  6.7 13.7      6769
 *** DISTANCE & RESIDUAL WEIGHTING CANCELLED FOR EVENT: 2021  9  8  4 54
 6770 2021- 9- 8  4:54     # 55  2  162 12   7.50 0.38  0.0    4  6.1 21.4      6770
 6771 2021- 9- 8  4:56       55 23  161 51  15.66 0.11  0.0    6  3.2  1.2      6771
 *** DISTANCE & RESIDUAL WEIGHTING CANCELLED FOR EVENT: 2021  9  8  5 43
 6772 2021- 9- 8  5:43     - 55 16  161 56   2.87 0.10  0.0    4  4.0 11.7      6772
 6773 2021- 9- 8  7:00     # 55  1  162  9  18.73 1.75  0.0    4 23.4 74.1      6773
 *** DISTANCE & RESIDUAL WEIGHTING CANCELLED FOR EVENT: 2021  9  8  8  0
 6774 2021- 9- 8  7:59     - 55 22  162 38  15.01 0.41  0.0    4 14.5 33.9      6774
 *** DISTANCE & RESIDUAL WEIGHTING CANCELLED FOR EVENT: 2021  9  8  9 34
 6775 2021- 9- 8  9:34     - 54 53  162 16  15.00 0.54  0.0    4 40.9 22.1      6775
 6776 2021- 9- 8  9:34     - 54 51  162 23  12.40 0.10  0.0    4 12.6  7.1      6776
 6777 2021- 9- 8 10:37       55  9  161 44  13.16 0.00  0.0    4  2.7  2.4      6777
 6778 2021- 9- 8 11:12     - 54 33  161 35  17.48 0.20  0.0    7  1.8 20.7      6778
 6779 2021- 9- 8 11:39     - 55 30  161 15  20.51 0.04  0.0    4 12.6  4.2      6779
 6780 2021- 9- 8 11:46     # 55 25  161 49   0.09 1.29  0.0    5  4.2 75.9      6780
  SEQ ---DATE--- TIME REMARK -LAT-  --LON-  DEPTH  RMS PMAG  NUM  ERH  ERZ  ID
 6781 2021- 9- 8 14:29     - 55 12  161 12  31.08 0.33  0.0    7 22.4 12.4      6781
 6782 2021- 9- 8 14:29     - 55 22  161 44   0.00 0.33  0.0    4  2.9 30.1      6782
 *** DISTANCE & RESIDUAL WEIGHTING CANCELLED FOR EVENT: 2021  9  8 14 43
 6783 2021- 9- 8 14:43     # 55  7  162 10  15.39 0.58  0.0    7  8.4 25.3      6783
 *** DISTANCE & RESIDUAL WEIGHTING CANCELLED FOR EVENT: 2021  9  8 16  0
 6784 2021- 9- 8 15:59     - 55 24  162 18  15.00 0.32  0.0    4  6.7 22.2      6784
 6785 2021- 9- 8 16:18       55 22  160 50  14.32 0.15  0.0    7  4.1  3.3      6785
 *** DISTANCE & RESIDUAL WEIGHTING CANCELLED FOR EVENT: 2021  9  8 16 19
 6786 2021- 9- 8 16:18     # 55 15  161 59  15.07 0.32  0.0    5  5.6  6.7      6786
 6787 2021- 9- 8 18:31     - 55 20  160 43  40.26 0.16  0.0   10 16.6  9.9      6787
 6788 2021- 9- 8 18:31     - 55 15  160 53  18.33 0.21  0.0    6 15.3 21.2      6788
 6789 2021- 9- 8 18:31     - 55 34  160 27  15.03 0.11  0.0    4 13.7 15.1      6789
 6790 2021- 9- 8 19:26     - 55 16  161 38   0.59 0.05  0.0    4  5.4 12.0      6790
 6791 2021- 9- 8 19:36     - 55 38  160 40  15.35 0.20  0.0    6  9.2 18.5      6791
 *** DISTANCE & RESIDUAL WEIGHTING CANCELLED FOR EVENT: 2021  9  8 19 37
 6792 2021- 9- 8 19:36     # 55 21  161 36   0.32 0.75  0.0    5 19.2  6.6      6792
 6793 2021- 9- 9  3:15     - 54 34  160 47  15.00 0.25  0.0   11 20.2 22.2      6793
 6794 2021- 9- 9  3:15     - 54 46  160 52  15.05 0.11  0.0    5 12.9 15.3      6794
 6795 2021- 9- 9  4:22     - 55 11  160 47  17.77 0.15  0.0    7  2.6 17.6      6795
  SEQ ---DATE--- TIME REMARK -LAT-  --LON-  DEPTH  RMS PMAG  NUM  ERH  ERZ  ID
 6796 2021- 9- 9  4:22     - 54 59  160 57  33.19 0.15  0.0    4 13.4 16.4      6796
 6797 2021- 9- 9  8:03       55 27  161 52  27.33 0.12  0.0    9  1.7  1.1      6797
 6798 2021- 9- 9  8:05       55 27  161 51  27.81 0.11  0.0   13  1.2  0.9      6798
 6799 2021- 9- 9  8:05     # 55 27  161 52  29.84 0.12  0.0    7  9.8  1.5      6799
 6800 2021- 9- 9  8:06     - 55 26  161 58  31.78 0.05  0.0    4 12.6  2.3      6800
 6801 2021- 9- 9  8:06       55 22  162 12  37.15 0.01  0.0    5  4.0  2.7      6801
 6802 2021- 9- 9 13:49     - 55 18  161 58  11.30 0.08  0.0    5 13.2  2.0      6802
 6803 2021- 9- 9 14:28     - 55  6  163 25  18.71 0.36  0.0    6  3.2 32.2      6803
 6804 2021- 9- 9 17:57     - 54 52  162 19   9.12 0.05  0.0    4 11.8  5.6      6804
 6805 2021- 9- 9 17:57     - 54 37  162 22  11.83 0.05  0.0    6 10.3  1.7      6805
 6806 2021- 9- 9 19:23     - 54 39  162 18  15.00 0.19  0.0    9 19.9  1.9      6806
 6807 2021- 9-10  0:44     - 55 16  161 30  27.40 0.05  0.0    4  9.8  5.4      6807
 6808 2021- 9-10  5:31     - 54 25  163  4  16.30 0.30  0.0    6 13.1 25.3      6808
 6809 2021- 9-10  5:42       55 22  161 38  10.75 0.00  0.0    4  4.2  1.8      6809
 6810 2021- 9-10  5:58     - 54 42  162 25  15.80 0.21  0.0    7 16.7  1.6      6810
  SEQ ---DATE--- TIME REMARK -LAT-  --LON-  DEPTH  RMS PMAG  NUM  ERH  ERZ  ID
 6811 2021- 9-10  5:58     - 54 55  162  3  12.49 0.02  0.0    4 11.8  5.0      6811
 6812 2021- 9-10  7:40     - 54 51  162 15  18.57 0.23  0.0    5 14.3 11.7      6812
 *** DISTANCE & RESIDUAL WEIGHTING CANCELLED FOR EVENT: 2021  9 10  7 41
 6813 2021- 9-10  7:41     - 54 58  162 17   6.59 0.37  0.0    5 18.5 33.0      6813
 6814 2021- 9-10  9:15     - 54 56  162 15  10.72 0.12  0.0    6  8.3 11.5      6814
 6815 2021- 9-10  9:15     - 54 31  162 14  15.00 0.15  0.0    5 15.8 16.6      6815
 6816 2021- 9-10  9:21     - 55 14  160 21  37.92 0.08  0.0    7  4.5 12.9      6816
 6817 2021- 9-10  9:22     - 55 11  161  4  32.35 0.02  0.0    4 11.5  0.5      6817
 6818 2021- 9-10  9:23     - 55  2  161 35   7.50 0.12  0.0    4  1.7 15.9      6818
 6819 2021- 9-10 10:20     - 54 42  162 26   8.27 0.17  0.0    7 18.3 15.2      6819
 6820 2021- 9-10 10:21     - 54 50  162 20  10.07 0.19  0.0    4 17.9  8.1      6820
 6821 2021- 9-10 11:15     - 55 15  162  4  15.00 0.52  0.0    4 44.8 34.8      6821
 6822 2021- 9-10 11:45     - 55 11  163 28  15.06 0.16  0.0    4  8.5 16.2      6822
 6823 2021- 9-10 12:07     - 54 59  162 44  16.51 0.11  0.0    4 12.6  7.6      6823
 6824 2021- 9-10 12:07     - 55 12  161 11  14.96 0.41  0.0    4 31.0 25.2      6824
 6825 2021- 9-10 12:34     - 55 16  161 37   7.06 0.01  0.0    4  2.8 10.0      6825
  SEQ ---DATE--- TIME REMARK -LAT-  --LON-  DEPTH  RMS PMAG  NUM  ERH  ERZ  ID
 6826 2021- 9-10 12:40     - 54 51  160 50  15.00 0.21  0.0   11 16.6 21.7      6826
 6827 2021- 9-10 12:40     - 54 48  160 40  15.01 0.14  0.0    7 12.8 16.7      6827
 6828 2021- 9-10 13:08     - 54 38  163 25  14.80 0.04  0.0    4  7.8 11.7      6828
 *** DISTANCE & RESIDUAL WEIGHTING CANCELLED FOR EVENT: 2021  9 10 13  9
 6829 2021- 9-10 13:08     - 55  1  162 15   6.78 0.43  0.0    4 19.4 32.5      6829
 *** DISTANCE & RESIDUAL WEIGHTING CANCELLED FOR EVENT: 2021  9 10 14 59
 6830 2021- 9-10 14:59     - 55 31  161 43  15.00 0.59  0.0    4 25.4 38.7      6830
 6831 2021- 9-10 15:17     - 55 27  161 34   1.95 0.04  0.0    4  3.3  9.3      6831
 *** DISTANCE & RESIDUAL WEIGHTING CANCELLED FOR EVENT: 2021  9 10 15 17
 6832 2021- 9-10 15:17     # 55 18  161 34  15.00 1.38  0.0    5 28.1 22.2      6832
 6833 2021- 9-10 15:27     - 55  4  162 15  14.53 0.29  0.0    4 13.2 17.3      6833
 6834 2021- 9-10 19:56     - 54 57  161 28   7.48 0.27  0.0    4 23.6 24.8      6834
 6835 2021- 9-10 21:49     - 55 27  161 36  10.00 0.08  0.0    4  6.7 11.0      6835
 6836 2021- 9-11  0:03     - 54 50  162 22  12.53 0.22  0.0    7 19.5  9.0      6836
 6837 2021- 9-11  0:03     - 54 35  162 29  14.00 0.15  0.0    6 16.9  3.2      6837
 6838 2021- 9-11  0:14     - 55 13  161  5  17.07 0.09  0.0    7 10.7 14.4      6838
 *** DISTANCE & RESIDUAL WEIGHTING CANCELLED FOR EVENT: 2021  9 11  0 14
 6839 2021- 9-11  0:14     - 55 13  160 39  15.02 0.51  0.0    4 32.7 43.9      6839
 6840 2021- 9-11  0:14     - 55 52  162  3  14.12 0.07  0.0    4 12.8  4.0      6840
 *** DISTANCE & RESIDUAL WEIGHTING CANCELLED FOR EVENT: 2021  9 11  1 27
  SEQ ---DATE--- TIME REMARK -LAT-  --LON-  DEPTH  RMS PMAG  NUM  ERH  ERZ  ID
 6841 2021- 9-11  1:27     - 55 29  161 58  64.39 0.41  0.0    6 12.2 28.0      6841
 *** DISTANCE & RESIDUAL WEIGHTING CANCELLED FOR EVENT: 2021  9 11  1 27
 6842 2021- 9-11  1:27     # 55 26  161 36  14.97 0.42  0.0    5  9.4  3.6      6842
 6843 2021- 9-11  4:03     - 55 43  163  7  14.79 0.33  0.0    5 13.6 26.6      6843
 6844 2021- 9-11  5:32     - 55 11  163 25   1.96 0.68  0.0   11 24.0 50.3      6844
 6845 2021- 9-11  5:32     - 54 22  161 37  14.61 0.05  0.0    5  5.9 11.9      6845
 *** DISTANCE & RESIDUAL WEIGHTING CANCELLED FOR EVENT: 2021  9 11  6  0
 6846 2021- 9-11  6:00     - 55 33  161 55  35.75 0.14  0.0    4  8.6 10.6      6846
 6847 2021- 9-11  7:25     # 55 30  162 26  15.90 1.12  0.0    8 19.5 20.5      6847
 *** DISTANCE & RESIDUAL WEIGHTING CANCELLED FOR EVENT: 2021  9 11  9 51
 6848 2021- 9-11  9:51     # 55 25  161 52  10.80 0.41  0.0    4 10.1 12.2      6848
 6849 2021- 9-11 10:03     - 55 19  161 15  15.36 0.19  0.0    4 19.6 16.4      6849
 6850 2021- 9-11 10:04     - 55 25  160 48  31.90 0.07  0.0    5 11.6  1.2      6850
 *** DISTANCE & RESIDUAL WEIGHTING CANCELLED FOR EVENT: 2021  9 11 12 24
 6851 2021- 9-11 12:24     - 55 28  161 31   9.19 0.32  0.0    4  8.1 23.1      6851
 *** DISTANCE & RESIDUAL WEIGHTING CANCELLED FOR EVENT: 2021  9 11 18 51
 6852 2021- 9-11 18:51     - 54 57  161 41  14.90 0.24  0.0    4 22.1  8.2      6852
 6853 2021- 9-11 18:59     - 55 22  162 16  11.19 0.08  0.0    5  6.7 10.2      6853
 6854 2021- 9-11 19:23     - 54 48  160 59  20.07 0.15  0.0   10 12.7 11.3      6854
 6855 2021- 9-11 19:23     - 54 43  160 48  15.06 0.15  0.0    5 15.7 17.3      6855
  SEQ ---DATE--- TIME REMARK -LAT-  --LON-  DEPTH  RMS PMAG  NUM  ERH  ERZ  ID
 6856 2021- 9-11 20:55     - 54 30  163 18  15.01 0.04  0.0    5  5.8 11.6      6856
 *** DISTANCE & RESIDUAL WEIGHTING CANCELLED FOR EVENT: 2021  9 11 20 56
 6857 2021- 9-11 20:55     - 54 38  162 58  15.01 0.60  0.0    4 46.6 51.2      6857
 6858 2021- 9-11 23:33     - 54 36  161 15  15.00 0.16  0.0   10 14.2 18.0      6858
 6859 2021- 9-11 23:34       55  1  161 48  18.03 0.08  0.0    6  1.6  1.8      6859
 6860 2021- 9-11 23:59     - 55 25  161 56  27.60 0.06  0.0    6  2.7 12.3      6860
 6861 2021- 9-12  0:31     - 54 53  162 54  14.40 0.06  0.0    4 13.1  1.9      6861
 *** DISTANCE & RESIDUAL WEIGHTING CANCELLED FOR EVENT: 2021  9 12  5  0
 6862 2021- 9-12  5:00     - 55  3  161 40  14.98 0.26  0.0    4 17.0 15.8      6862
 6863 2021- 9-12  5:00     - 54 48  161  2  15.05 0.14  0.0    4 15.4 16.0      6863
 6864 2021- 9-12  5:18     - 55 18  161  3  18.56 0.39  0.0    6  6.5 26.1      6864
 6865 2021- 9-12  5:33     - 54 59  161  3  34.54 0.54  0.0    4 41.4 34.7      6865
 6866 2021- 9-12  6:01       55 21  161 46  17.33 0.08  0.0    8  1.9  0.7      6866
 6867 2021- 9-12  7:59     - 55 18  162  3  45.18 0.04  0.0    4  2.7 12.6      6867
 6868 2021- 9-12  8:45     - 54 45  160 48  15.00 0.20  0.0   11 18.4 20.9      6868
 6869 2021- 9-12  8:45     - 54 46  160 59  17.06 0.14  0.0    7 11.9 17.3      6869
 6870 2021- 9-12 10:40     - 54 43  161  4  17.57 0.55  0.0    5  7.8 47.2      6870
 *** DISTANCE & RESIDUAL WEIGHTING CANCELLED FOR EVENT: 2021  9 12 11 30
  SEQ ---DATE--- TIME REMARK -LAT-  --LON-  DEPTH  RMS PMAG  NUM  ERH  ERZ  ID
 6871 2021- 9-12 11:30     # 54 56  162 54  15.00 0.69  0.0    5 13.8 11.0      6871
 6872 2021- 9-12 11:30     - 54 31  161 19  14.62 0.13  0.0    4  6.4 14.8      6872
 6873 2021- 9-12 16:57     - 55 15  161 31   7.51 0.18  0.0    9  1.5 14.2      6873
 6874 2021- 9-12 17:03     - 54 46  162 18  10.54 0.20  0.0   10 18.2  8.3      6874
 6875 2021- 9-12 17:04       55 21  161 52   1.69 0.01  0.0    4  4.0  1.7      6875
 6876 2021- 9-12 17:09       55 21  161 58  10.02 0.00  0.0    4  2.0  2.3      6876
 6877 2021- 9-12 22:48     - 54 48  161 12  12.75 0.14  0.0    5 10.6 16.5      6877
 6878 2021- 9-12 22:49     - 54 55  162 43  14.86 0.04  0.0    4  4.0 12.1      6878
 6879 2021- 9-12 22:49       55 14  161 41   4.90 0.06  0.0    6  1.0  2.2      6879
 *** DISTANCE & RESIDUAL WEIGHTING CANCELLED FOR EVENT: 2021  9 13  1 21
 6880 2021- 9-13  1:21     - 55 22  162 13  15.00 0.86  0.0    4 10.8 56.0      6880
 6881 2021- 9-13  3:15     - 54 54  161 12  25.09 0.19  0.0    8 17.2  8.7      6881
 6882 2021- 9-13  3:15     - 54 57  161 20  18.26 0.42  0.0    6 28.3 13.6      6882
 6883 2021- 9-13  3:20     - 54 57  162 22  14.99 0.31  0.0    5 16.8 16.5      6883
 6884 2021- 9-13  3:20     - 54 53  162 17  12.43 0.05  0.0    4  9.4  8.1      6884
 *** DISTANCE & RESIDUAL WEIGHTING CANCELLED FOR EVENT: 2021  9 13 13 31
 6885 2021- 9-13 13:31     # 54 49  162 21  15.01 0.83  0.0    4 47.5  8.6      6885
  SEQ ---DATE--- TIME REMARK -LAT-  --LON-  DEPTH  RMS PMAG  NUM  ERH  ERZ  ID
 6886 2021- 9-13 13:42     - 54 54  162 17  13.62 0.08  0.0    4 10.0 10.0      6886
 6887 2021- 9-13 13:42     - 54 39  162 25   7.30 0.07  0.0    4 11.0 11.1      6887
 6888 2021- 9-13 14:03     - 54 55  162 34  24.92 0.00  0.0    4  9.8  7.3      6888
 *** DISTANCE & RESIDUAL WEIGHTING CANCELLED FOR EVENT: 2021  9 13 14  3
 6889 2021- 9-13 14:03     - 54 59  162 23   8.91 0.18  0.0    4 11.3 10.4      6889
 6890 2021- 9-13 16:09     - 54 46  162 27   7.18 0.16  0.0    7 17.2 15.8      6890
 *** DISTANCE & RESIDUAL WEIGHTING CANCELLED FOR EVENT: 2021  9 13 16 10
 6891 2021- 9-13 16:09     - 55 36  163 11  15.00 0.46  0.0    4 15.6 37.0      6891
 6892 2021- 9-13 17:44     - 55 26  162 12  14.04 0.13  0.0    4  4.2 15.5      6892
 6893 2021- 9-13 18:19     - 54 48  160 54  15.00 0.17  0.0    9 16.9 19.0      6893
 6894 2021- 9-13 18:19     - 55  1  161 35  20.71 0.10  0.0    5 14.2  4.9      6894
 *** DISTANCE & RESIDUAL WEIGHTING CANCELLED FOR EVENT: 2021  9 13 18 29
 6895 2021- 9-13 18:28     # 55 35  160 59  15.00 0.65  0.0    4 17.4  5.2      6895
 6896 2021- 9-13 18:29       55 27  161 52  34.81 0.08  0.0    6  2.5  1.8      6896
 6897 2021- 9-13 19:37     - 55 18  161 11  15.28 0.07  0.0    4  4.0 13.1      6897
 *** DISTANCE & RESIDUAL WEIGHTING CANCELLED FOR EVENT: 2021  9 13 22 54
 6898 2021- 9-13 22:53     - 55  5  162 16  14.43 0.37  0.0    4  9.0 30.3      6898
 6899 2021- 9-13 23:22     - 54 51  160 52  16.94 0.15  0.0    6 14.7 17.9      6899
 6900 2021- 9-13 23:22     - 54 48  160 33  14.93 0.16  0.0    7  7.9 15.5      6900
  SEQ ---DATE--- TIME REMARK -LAT-  --LON-  DEPTH  RMS PMAG  NUM  ERH  ERZ  ID
 6901 2021- 9-14  1:40     - 54 44  160 54  15.00 0.19  0.0   11 15.5 19.8      6901
 6902 2021- 9-14  1:40     - 54 58  161 24   7.23 0.11  0.0    7  4.6 15.2      6902
 *** DISTANCE & RESIDUAL WEIGHTING CANCELLED FOR EVENT: 2021  9 14  2  8
 6903 2021- 9-14  2:07     - 55 49  160 55  15.01 0.41  0.0    4 36.4 32.6      6903
 6904 2021- 9-14  3:18     - 54 38  160 47  14.77 0.17  0.0   17  7.7 15.3      6904
 6905 2021- 9-14  4:58     - 55  1  162 24  22.44 0.05  0.0    4  7.3  8.6      6905
 *** DISTANCE & RESIDUAL WEIGHTING CANCELLED FOR EVENT: 2021  9 14  4 58
 6906 2021- 9-14  4:58     # 55  1  162 29  26.33 0.00  0.0    4  4.4  3.8      6906
 6907 2021- 9-14 15:06     - 54 50  160 40  44.95 0.21  0.0   10  6.3 13.9      6907
 6908 2021- 9-14 15:06     - 54 46  160 45  15.03 0.20  0.0    8 13.9 21.0      6908
 *** DISTANCE & RESIDUAL WEIGHTING CANCELLED FOR EVENT: 2021  9 14 15 21
 6909 2021- 9-14 15:21     - 55  5  161 18  14.97 0.17  0.0    4 17.4  9.9      6909
 6910 2021- 9-14 15:59     - 55 19  162  9  26.89 0.17  0.0    5  3.4 14.8      6910
 6911 2021- 9-14 17:37     - 54 51  161  1  18.26 0.21  0.0   13  1.3 21.2      6911
 *** DISTANCE & RESIDUAL WEIGHTING CANCELLED FOR EVENT: 2021  9 14 18 33
 6912 2021- 9-14 18:32     # 55 22  161 35  14.99 0.47  0.0    5  8.1  7.4      6912
 6913 2021- 9-14 19:17     - 54 54  162 48  16.16 0.02  0.0    4 10.2  6.9      6913
 *** DISTANCE & RESIDUAL WEIGHTING CANCELLED FOR EVENT: 2021  9 15  0  0
 6914 2021- 9-14 23:59     # 55 22  162 17  21.36 0.57  0.0    5  8.4 29.2      6914
 6915 2021- 9-15  0:36     - 54 42  163  2  15.00 0.19  0.0    4 18.6  4.0      6915
 *** DISTANCE & RESIDUAL WEIGHTING CANCELLED FOR EVENT: 2021  9 15  1 11
  SEQ ---DATE--- TIME REMARK -LAT-  --LON-  DEPTH  RMS PMAG  NUM  ERH  ERZ  ID
 6916 2021- 9-15  1:10     # 55 43  162 22  15.00 1.20  0.0    4 38.7 21.2      6916
 6917 2021- 9-15  3:34       54 48  162 40  31.40 0.08  0.0   10  5.3  0.7      6917
 6918 2021- 9-15  3:35     - 54 55  162 28  19.66 0.04  0.0    4  8.6  6.0      6918
 *** DISTANCE & RESIDUAL WEIGHTING CANCELLED FOR EVENT: 2021  9 15  4 34
 6919 2021- 9-15  4:34     - 55 10  161 30  15.00 0.61  0.0    4 35.9 26.5      6919
 6920 2021- 9-15  5:53       55 22  161 48  15.23 0.00  0.0    4  5.7  1.1      6920
 *** DISTANCE & RESIDUAL WEIGHTING CANCELLED FOR EVENT: 2021  9 15  8  0
 6921 2021- 9-15  7:59     - 55 36  162 45  15.00 0.88  0.0    4 10.1 63.3      6921
 *** DISTANCE & RESIDUAL WEIGHTING CANCELLED FOR EVENT: 2021  9 15 10 49
 6922 2021- 9-15 10:49     - 55  9  161  9  15.00 0.29  0.0    4 21.3 23.3      6922
 6923 2021- 9-15 10:49     - 55  8  160 26  19.78 0.26  0.0   10 20.9 22.4      6923
 6924 2021- 9-15 12:30     - 55  3  161 39  12.50 0.05  0.0    4  9.3  8.7      6924
 6925 2021- 9-15 12:30     - 55  7  161 38   6.52 0.04  0.0    5  1.2 13.0      6925
 6926 2021- 9-15 13:29     - 54 33  162 54  15.78 0.15  0.0    7  7.8 15.7      6926
 *** DISTANCE & RESIDUAL WEIGHTING CANCELLED FOR EVENT: 2021  9 15 14 16
 6927 2021- 9-15 14:16     - 55 12  161 24   9.88 0.30  0.0    4 17.5 20.1      6927
 6928 2021- 9-15 14:16     - 55  0  161 11  13.29 0.27  0.0    4 21.4 21.0      6928
 6929 2021- 9-15 17:07     - 55  8  161 30   8.63 0.09  0.0    5  2.9 13.8      6929
 6930 2021- 9-15 19:56     - 54 60  161 35  24.48 0.09  0.0    5 12.7  4.2      6930
  SEQ ---DATE--- TIME REMARK -LAT-  --LON-  DEPTH  RMS PMAG  NUM  ERH  ERZ  ID
 6931 2021- 9-15 19:56     - 54 58  161 33   6.39 0.11  0.0    4  8.8 15.5      6931
 6932 2021- 9-15 20:51     - 54 31  162 33  15.06 0.03  0.0    5 10.0  4.9      6932
 6933 2021- 9-15 21:52       54 30  162  7  15.36 0.06  0.0    8  2.6  0.8      6933
 *** 3 PHASES CANT SOLVE SEQUENCE NO. 6934, ID NO.      6934
 *** ABANDON EVENT WITH ONLY 3 READINGS:2021  9 16  0 27
 *** DISTANCE & RESIDUAL WEIGHTING CANCELLED FOR EVENT: 2021  9 16  0 36
 6935 2021- 9-16  0:36     - 55 27  161 27  15.00 0.73  0.0    4 43.1 26.0      6935
 *** 3 PHASES CANT SOLVE SEQUENCE NO. 6936, ID NO.      6936
 *** ABANDON EVENT WITH ONLY 3 READINGS:2021  9 16  4 31
 *** DISTANCE & RESIDUAL WEIGHTING CANCELLED FOR EVENT: 2021  9 16 14 18
 6937 2021- 9-16 14:18     - 55 29  161 56  17.11 0.45  0.0    4 39.7  4.6      6937
 6938 2021- 9-16 15:24     - 55  7  161 25  29.90 0.09  0.0    5 11.9  7.3      6938
 6939 2021- 9-16 17:52     - 55  8  160 33  15.00 0.24  0.0   10 10.6 20.9      6939
 6940 2021- 9-16 18:35       55 16  161 11  29.96 0.13  0.0    6  5.0  4.0      6940
 *** DISTANCE & RESIDUAL WEIGHTING CANCELLED FOR EVENT: 2021  9 16 18 36
 6941 2021- 9-16 18:36     # 55 10  161 50  15.00 0.75  0.0    4  8.9  9.1      6941
 6942 2021- 9-16 19:49     - 54 58  160 23  14.55 0.27  0.0   16 10.9 22.3      6942
 6943 2021- 9-16 22:49     - 55  1  161 27   9.99 0.13  0.0    4 11.4 11.9      6943
 *** DISTANCE & RESIDUAL WEIGHTING CANCELLED FOR EVENT: 2021  9 16 22 49
 6944 2021- 9-16 22:49     - 54 59  161 11  14.99 0.34  0.0    4 27.7  3.3      6944
 6945 2021- 9-16 23:05     - 55 15  161  3  32.21 0.21  0.0    9 15.5  1.3      6945
 *** DISTANCE & RESIDUAL WEIGHTING CANCELLED FOR EVENT: 2021  9 16 23  6
  SEQ ---DATE--- TIME REMARK -LAT-  --LON-  DEPTH  RMS PMAG  NUM  ERH  ERZ  ID
 6946 2021- 9-16 23:06     # 55 13  161 49  15.01 1.04  0.0    4 16.8 22.3      6946
 6947 2021- 9-16 23:27     - 54 45  161  5  35.01 0.27  0.0   10 18.6 16.0      6947
 6948 2021- 9-16 23:28     - 54 57  161 40   6.58 0.21  0.0    8  4.0 21.1      6948
 6949 2021- 9-16 23:38     - 55  9  161 17   9.70 0.11  0.0    4 15.1 13.6      6949
 6950 2021- 9-16 23:38     - 54 44  160 53  15.01 0.36  0.0    4 29.7 31.6      6950
 6951 2021- 9-16 23:45     - 55  6  161  1  16.66 0.22  0.0    7 19.2 22.1      6951
 6952 2021- 9-16 23:45     - 55 18  161 14   9.56 0.30  0.0    5 22.8 20.2      6952
 *** DISTANCE & RESIDUAL WEIGHTING CANCELLED FOR EVENT: 2021  9 17  3 54
 6953 2021- 9-17  3:54     # 54 48  162 34  14.93 0.40  0.0    4 21.3  2.1      6953
 6954 2021- 9-17 13:43     - 55 26  161 52  17.45 0.06  0.0    4 13.4  1.8      6954
 *** DISTANCE & RESIDUAL WEIGHTING CANCELLED FOR EVENT: 2021  9 17 18 20
 6955 2021- 9-17 18:20     - 55 26  160 56  15.00 0.80  0.0    4 53.5 39.6      6955
 6956 2021- 9-17 22:04     - 55 37  161 31  36.75 0.04  0.0    4  9.6  8.3      6956
 6957 2021- 9-17 23:15     - 54 28  161 27  15.00 0.26  0.0    8 22.9 25.2      6957
 6958 2021- 9-17 23:16     - 54 44  161 30  29.17 0.25  0.0    8 17.6  1.6      6958
 6959 2021- 9-18  1:13     - 54 52  161  3  17.80 0.24  0.0    8 19.2 22.8      6959
 *** DISTANCE & RESIDUAL WEIGHTING CANCELLED FOR EVENT: 2021  9 18  1 14
 6960 2021- 9-18  1:13     - 54 42  160 44  15.08 0.51  0.0    4 40.6 43.8      6960
  SEQ ---DATE--- TIME REMARK -LAT-  --LON-  DEPTH  RMS PMAG  NUM  ERH  ERZ  ID
 6961 2021- 9-18  1:56     - 54 29  162  5  18.33 0.14  0.0    6  2.9 15.9      6961
 6962 2021- 9-18  5:01       55 29  161 45  15.14 0.12  0.0   15  0.7  0.8      6962
 6963 2021- 9-18  5:03       55 30  161 43  12.52 0.05  0.0    6  1.5  2.2      6963
 6964 2021- 9-18  5:15       55 34  161 59  20.04 0.00  0.0    4  7.4  1.1      6964
 6965 2021- 9-18  5:48     - 54 27  161 47  17.01 0.25  0.0    6  4.5 24.0      6965
 6966 2021- 9-18  7:14     - 54 38  160 57  33.35 0.19  0.0    8 18.3 20.1      6966
 6967 2021- 9-18  7:14     - 54 47  162 27  17.38 0.18  0.0    4 16.7 19.6      6967
 6968 2021- 9-18  8:00     - 55  1  161 23  29.50 0.25  0.0    7 17.8  5.8      6968
 6969 2021- 9-18  8:01     - 55  1  161  7   8.31 0.32  0.0    7 21.0 26.5      6969
 6970 2021- 9-18  8:02     - 55 19  161 38   7.22 0.02  0.0    4  8.7  4.9      6970
 *** DISTANCE & RESIDUAL WEIGHTING CANCELLED FOR EVENT: 2021  9 18  9 36
 6971 2021- 9-18  9:36     # 55 22  162  4  22.81 0.60  0.0    5 12.4 20.9      6971
 *** DISTANCE & RESIDUAL WEIGHTING CANCELLED FOR EVENT: 2021  9 18 10 44
 6972 2021- 9-18 10:44     - 54 42  160 55  15.01 0.45  0.0    5 35.3 39.3      6972
 6973 2021- 9-18 11:33     - 55  8  160 59  31.76 0.24  0.0    9 18.2  1.5      6973
 6974 2021- 9-18 11:33     - 55 17  161 31  51.38 0.03  0.0    4  8.1 11.1      6974
 6975 2021- 9-18 11:34     - 55  9  162 14  24.24 2.78  0.0    4 97.9 52.2      6975
 *** DISTANCE & RESIDUAL WEIGHTING CANCELLED FOR EVENT: 2021  9 18 11 44
  SEQ ---DATE--- TIME REMARK -LAT-  --LON-  DEPTH  RMS PMAG  NUM  ERH  ERZ  ID
 6976 2021- 9-18 11:44     # 54 48  162 14  21.51 0.83  0.0    5 28.9 19.0      6976
 6977 2021- 9-18 11:47     - 54 56  162 16  13.66 0.02  0.0    4  6.3  9.2      6977
 6978 2021- 9-18 14:09       55 24  161 35   9.14 0.00  0.0    4  2.5  3.5      6978
 6979 2021- 9-18 14:22     - 54 52  161 19  24.86 0.21  0.0    9 18.7  7.9      6979
 6980 2021- 9-18 14:22     - 54 45  160 58  32.36 0.21  0.0    5 17.8 21.6      6980
 *** DISTANCE & RESIDUAL WEIGHTING CANCELLED FOR EVENT: 2021  9 18 14 32
 6981 2021- 9-18 14:32     - 54 57  161 41   2.55 0.20  0.0    4 14.6 13.4      6981
 6982 2021- 9-18 15:04     - 54 33  161 17  15.32 0.31  0.0    9 12.0 23.8      6982
 6983 2021- 9-18 17:14     - 54 44  160 21  15.47 0.13  0.0    6  7.4 14.9      6983
 6984 2021- 9-18 23:06     - 55 16  161 34   7.00 0.03  0.0    4  2.6 12.1      6984
 6985 2021- 9-18 23:57       54 44  162 38  13.42 0.09  0.0    8  2.0  3.8      6985
 6986 2021- 9-19  1:31     - 55  5  161 33  10.41 0.27  0.0    5 15.2 17.5      6986
 6987 2021- 9-19  1:31     - 54 38  160 51  15.00 0.21  0.0    7 15.2 21.4      6987
 6988 2021- 9-19  4:00     - 55 26  161 37  11.01 0.05  0.0    4 11.1  6.5      6988
 6989 2021- 9-19  5:20       55 29  161 44  13.35 0.08  0.0   12  1.0  1.3      6989
 6990 2021- 9-19  8:36     - 55 13  161  4  16.85 0.18  0.0    9 15.4 19.6      6990
  SEQ ---DATE--- TIME REMARK -LAT-  --LON-  DEPTH  RMS PMAG  NUM  ERH  ERZ  ID
 6991 2021- 9-19  8:36     - 55  9  160 34  15.33 0.25  0.0    9 17.1 23.9      6991
 6992 2021- 9-19  8:54     - 55 15  161 27   8.16 0.11  0.0    4 14.1 11.8      6992
 6993 2021- 9-19 11:13     - 54 41  160 42  15.00 0.20  0.0   10 17.5 21.1      6993
 6994 2021- 9-19 11:13     - 54 33  160 20   4.63 0.04  0.0    6  9.2  7.7      6994
 6995 2021- 9-19 12:30       55 29  161 45  14.42 0.11  0.0   12  0.8  1.2      6995
 *** DISTANCE & RESIDUAL WEIGHTING CANCELLED FOR EVENT: 2021  9 19 12 35
 6996 2021- 9-19 12:35     - 54 24  162 30  15.00 0.52  0.0    4 45.5  3.6      6996
 6997 2021- 9-19 13:18     - 55  7  160 41  64.72 0.24  0.0   10 20.0  9.0      6997
 6998 2021- 9-19 13:18     - 54 51  160 26  15.04 0.65  0.0   10 41.9 55.4      6998
 6999 2021- 9-19 14:13     - 54 59  161 28  28.92 0.18  0.0    9 14.7  4.3      6999
 *** DISTANCE & RESIDUAL WEIGHTING CANCELLED FOR EVENT: 2021  9 19 14 13
 7000 2021- 9-19 14:13     - 55  2  161 35  14.81 0.42  0.0    4 25.6 36.6      7000
 7001 2021- 9-19 14:13     - 54 40  162 25  18.42 0.44  0.0    4 35.5 38.3      7001
 7002 2021- 9-19 14:24     - 55 32  161 58  20.75 0.12  0.0    4 15.9  1.4      7002
 7003 2021- 9-19 14:30     - 54 48  161  1  19.78 0.20  0.0    9 15.6 17.0      7003
 7004 2021- 9-19 14:30     - 54 41  160 51  35.18 0.57  0.0    9 28.8 35.8      7004
 7005 2021- 9-19 14:51       55  0  161 26  31.63 0.11  0.0    8  9.1  1.0      7005
  SEQ ---DATE--- TIME REMARK -LAT-  --LON-  DEPTH  RMS PMAG  NUM  ERH  ERZ  ID
 7006 2021- 9-19 14:51     - 54 60  161 28  16.98 0.07  0.0    5 12.1  0.8      7006
 7007 2021- 9-19 15:18     - 54 36  162 36   8.72 0.17  0.0   13  2.3 15.5      7007
 *** DISTANCE & RESIDUAL WEIGHTING CANCELLED FOR EVENT: 2021  9 19 16  2
 7008 2021- 9-19 16:02     - 55 11  161 32   7.98 0.36  0.0    4 32.4 24.8      7008
 *** DISTANCE & RESIDUAL WEIGHTING CANCELLED FOR EVENT: 2021  9 19 16  6
 7009 2021- 9-19 16:06     - 55 25  161 35   1.10 0.70  0.0    5  8.7 54.2      7009
 7010 2021- 9-19 16:11     - 55  4  161 27   9.75 0.20  0.0    4 14.4 13.6      7010
 *** DISTANCE & RESIDUAL WEIGHTING CANCELLED FOR EVENT: 2021  9 19 16 11
 7011 2021- 9-19 16:11     - 54 45  160 57  15.00 0.61  0.0    5 48.1 51.2      7011
 7012 2021- 9-19 16:16     - 55 16  161 35   6.65 0.05  0.0    4  3.3 13.1      7012
 7013 2021- 9-19 17:18     - 55 38  161 46   7.15 0.02  0.0    4  2.2 11.2      7013
 7014 2021- 9-19 17:45       55 29  161 43  12.46 0.06  0.0   10  1.1  1.4      7014
 7015 2021- 9-19 18:15     - 54 54  161 14  16.94 0.21  0.0    8 17.0 21.5      7015
 7016 2021- 9-19 18:15     - 54 44  160 56  15.04 0.21  0.0    5 18.0 21.2      7016
 *** DISTANCE & RESIDUAL WEIGHTING CANCELLED FOR EVENT: 2021  9 19 18 16
 7017 2021- 9-19 18:16     - 55  7  161 24  10.19 0.36  0.0    4 25.1 27.9      7017
 7018 2021- 9-19 18:16     - 54 49  161  8  16.07 0.23  0.0    4 19.7 23.0      7018
 7019 2021- 9-19 18:18     - 54 45  160 51  15.00 0.15  0.0   11 14.3 17.7      7019
 7020 2021- 9-19 18:18     - 54 33  160 58  14.98 0.18  0.0    6 15.2 19.4      7020
  SEQ ---DATE--- TIME REMARK -LAT-  --LON-  DEPTH  RMS PMAG  NUM  ERH  ERZ  ID
 7021 2021- 9-19 18:27     - 54 52  161 22  32.79 0.10  0.0    8 13.9  0.8      7021
 7022 2021- 9-19 18:27     - 54 53  161 15  34.05 0.11  0.0    5 14.7  4.2      7022
 7023 2021- 9-19 18:30     - 54 47  160 58  15.00 0.20  0.0    7 19.4 20.8      7023
 7024 2021- 9-19 18:30     - 54 58  161 21  31.76 0.28  0.0    4 22.8  7.1      7024
 7025 2021- 9-19 19:25     - 54 47  161  6  33.14 0.21  0.0   10 17.8 21.2      7025
 7026 2021- 9-19 19:26     - 54 59  161 23   7.77 0.17  0.0    5 10.8 16.8      7026
 7027 2021- 9-19 19:33       55 10  161 52  18.36 0.01  0.0    4  6.8  3.2      7027
 7028 2021- 9-19 19:36     - 55  4  161 11  15.20 0.13  0.0    4 16.4 13.9      7028
 *** DISTANCE & RESIDUAL WEIGHTING CANCELLED FOR EVENT: 2021  9 19 19 37
 7029 2021- 9-19 19:36     - 54 59  161 25  14.89 0.51  0.0    4 34.1 43.2      7029
 7030 2021- 9-19 22:49     - 55  5  160 42  15.00 0.21  0.0    6 20.0 21.1      7030
 7031 2021- 9-19 22:49     - 54 58  160 41  15.00 0.17  0.0    6 16.6 18.6      7031
 7032 2021- 9-20  2:39     - 54 60  163 28  15.44 0.05  0.0    4  5.6 11.8      7032
 7033 2021- 9-20  9:08     - 54 55  161  3  11.95 0.08  0.0    4 13.9 13.3      7033
 *** DISTANCE & RESIDUAL WEIGHTING CANCELLED FOR EVENT: 2021  9 20  9  9
 7034 2021- 9-20  9:09     - 54 60  161 14  15.00 0.52  0.0    4 37.4  5.6      7034
 7035 2021- 9-20 11:53     - 54 39  161 22  15.33 0.13  0.0    4 14.5 15.0      7035
  SEQ ---DATE--- TIME REMARK -LAT-  --LON-  DEPTH  RMS PMAG  NUM  ERH  ERZ  ID
 7036 2021- 9-20 11:53     - 54 43  161 20  12.79 0.10  0.0    4  4.0 14.8      7036
 *** DISTANCE & RESIDUAL WEIGHTING CANCELLED FOR EVENT: 2021  9 20 12 33
 7037 2021- 9-20 12:32     - 55  1  161 31   8.11 0.22  0.0    4 18.8 21.1      7037
 *** DISTANCE & RESIDUAL WEIGHTING CANCELLED FOR EVENT: 2021  9 20 18 28
 7038 2021- 9-20 18:28     - 55  1  161 18  15.00 0.46  0.0    4 39.7 31.4      7038
 7039 2021- 9-20 18:29     - 55 18  161 31  23.78 0.15  0.0    4 14.1  8.8      7039
 7040 2021- 9-21  0:03     - 55  2  161 19  32.71 0.07  0.0    4 12.3  0.8      7040
 7041 2021- 9-21  0:03     - 55  5  161 21  31.63 0.14  0.0    4 14.4  5.7      7041
 7042 2021- 9-21  4:00     - 55 20  161 45  34.27 0.09  0.0    4 14.6  1.4      7042
 7043 2021- 9-21  4:37     - 55 20  161 32   6.67 0.05  0.0    5  1.6 11.5      7043
 7044 2021- 9-21  8:45       55 12  160 43  68.55 0.14  0.0   18  3.1  3.6      7044
 7045 2021- 9-21 10:24     - 54 46  161  1  17.39 0.22  0.0    8 19.9 22.5      7045
 7046 2021- 9-21 10:24     - 54 60  161 16  19.01 0.48  0.0    5 30.9 25.4      7046
 7047 2021- 9-21 11:11     - 55 15  161 38   7.64 0.03  0.0    5  3.0  9.8      7047
 7048 2021- 9-21 11:15       55 18  161 35  10.02 0.06  0.0    5  2.5  3.9      7048
 7049 2021- 9-21 11:16     # 55 18  161 35   4.56 0.00  0.0    4  6.1  2.8      7049
 7050 2021- 9-21 11:23     - 54 45  161 12  17.27 0.18  0.0   11  2.0 19.5      7050
 *** DISTANCE & RESIDUAL WEIGHTING CANCELLED FOR EVENT: 2021  9 21 11 32
  SEQ ---DATE--- TIME REMARK -LAT-  --LON-  DEPTH  RMS PMAG  NUM  ERH  ERZ  ID
 7051 2021- 9-21 11:32     # 55 16  161 42  11.61 0.51  0.0    4 25.6  6.8      7051
 7052 2021- 9-21 11:35       55 21  161 56   5.39 0.00  0.0    4  0.8  2.0      7052
 *** DISTANCE & RESIDUAL WEIGHTING CANCELLED FOR EVENT: 2021  9 21 11 50
 7053 2021- 9-21 11:50     - 55 20  161 19  14.62 0.35  0.0    5 13.1 27.6      7053
 7054 2021- 9-21 12:07     - 55 35  161 35  60.46 0.06  0.0    6  5.9 11.8      7054
 7055 2021- 9-21 13:21     # 55  7  163  7  16.03 0.34  0.0    8 18.4  7.7      7055
 7056 2021- 9-21 13:21     - 55  9  163  8  19.93 0.12  0.0    6  3.9 15.5      7056
 7057 2021- 9-21 13:25     - 54 38  163 21  14.93 0.04  0.0    4  6.9 11.6      7057
 7058 2021- 9-21 13:50     - 54 40  163  5  36.99 0.07  0.0    6  7.2  8.8      7058
 7059 2021- 9-21 13:58       55 23  161 52  29.63 0.00  0.0    4  3.5  2.8      7059
 7060 2021- 9-21 16:47     - 55 17  161 32   7.98 0.01  0.0    4 11.9  8.7      7060
 7061 2021- 9-21 16:47     - 55  9  161 25  13.41 0.01  0.0    4  9.4  6.0      7061
 7062 2021- 9-21 17:04     - 54 45  160 58  15.00 0.18  0.0    6 18.3 19.4      7062
 7063 2021- 9-21 21:03     - 55 26  161 33   6.71 0.05  0.0    4  3.4 12.4      7063
 7064 2021- 9-21 21:25     - 55  4  161 27   8.01 0.06  0.0    4 11.1 11.9      7064
 7065 2021- 9-21 22:56     - 55  0  161 31  25.09 0.17  0.0    7 14.5  4.6      7065
  SEQ ---DATE--- TIME REMARK -LAT-  --LON-  DEPTH  RMS PMAG  NUM  ERH  ERZ  ID
 7066 2021- 9-21 22:57       55 15  162 14   5.72 0.04  0.0    5  2.6  2.2      7066
 7067 2021- 9-21 22:59     - 55 10  161 23  12.17 0.06  0.0    5 12.7  9.7      7067
 7068 2021- 9-21 22:59     - 54 50  161 19  32.74 0.09  0.0    5 13.9  0.8      7068
 7069 2021- 9-22  1:13     - 54 49  161  3  15.22 0.15  0.0    6 16.9  2.3      7069
 7070 2021- 9-22  1:13     - 54 46  160 58  15.07 0.29  0.0    5 24.2 26.7      7070
 7071 2021- 9-22  3:48     # 55  3  163 15  15.85 0.78  0.0   11  8.1  6.2      7071
 7072 2021- 9-22  6:18     - 55 21  161 29   3.04 0.16  0.0    6  3.1 14.5      7072
 7073 2021- 9-22  7:35     - 55 46  160  3  13.20 0.30  0.0    8 23.2 15.0      7073
 *** DISTANCE & RESIDUAL WEIGHTING CANCELLED FOR EVENT: 2021  9 22  7 36
 7074 2021- 9-22  7:36     - 55 10  162 46  15.00 0.65  0.0    4 47.3 13.5      7074
 *** DISTANCE & RESIDUAL WEIGHTING CANCELLED FOR EVENT: 2021  9 22  7 36
 7075 2021- 9-22  7:36     - 55 13  162 51  14.74 0.26  0.0    4 20.5 24.8      7075
 *** DISTANCE & RESIDUAL WEIGHTING CANCELLED FOR EVENT: 2021  9 22  8  0
 7076 2021- 9-22  7:59     - 55 23  162  6  44.85 0.10  0.0    4  4.6 12.4      7076
 *** DISTANCE & RESIDUAL WEIGHTING CANCELLED FOR EVENT: 2021  9 22  9  5
 7077 2021- 9-22  9:05     - 54 58  162 33  10.63 0.12  0.0    4 14.9 10.6      7077
 7078 2021- 9-22  9:05     - 55  1  162 55   8.84 0.37  0.0    4 19.5 31.1      7078
 7079 2021- 9-22  9:52     - 54 31  162 21  16.71 0.12  0.0    8  7.1 14.3      7079
 7080 2021- 9-22  9:52     - 54 51  162 42  53.90 0.10  0.0    4 15.1  1.5      7080
  SEQ ---DATE--- TIME REMARK -LAT-  --LON-  DEPTH  RMS PMAG  NUM  ERH  ERZ  ID
 7081 2021- 9-22 10:08     - 55 26  161 43  24.04 0.06  0.0    4  9.4  9.5      7081
 7082 2021- 9-22 11:59     - 55  2  161 26  20.33 0.10  0.0    4 14.0  4.7      7082
 7083 2021- 9-22 12:34     - 55 26  161 46   0.63 0.02  0.0    4  2.0 10.5      7083
 *** DISTANCE & RESIDUAL WEIGHTING CANCELLED FOR EVENT: 2021  9 22 12 36
 7084 2021- 9-22 12:35     # 55 30  160 46  14.83 0.22  0.0    5  7.8  6.5      7084
 7085 2021- 9-22 12:38       55 20  161 46  16.02 0.03  0.0    6  1.4  1.2      7085
 7086 2021- 9-22 12:43       55 21  161 50  15.80 0.02  0.0    5  1.8  0.7      7086
 7087 2021- 9-22 12:46       55 20  161 38  11.08 0.05  0.0    7  3.0  1.5      7087
 7088 2021- 9-22 12:49       55 24  161 45  12.65 0.00  0.0    4  1.2  2.8      7088
 7089 2021- 9-22 12:51       55 22  161 49  14.06 0.00  0.0    4  2.9  0.9      7089
 7090 2021- 9-22 12:52       55 28  161 50  16.17 0.00  0.0    4  3.1  1.6      7090
 7091 2021- 9-22 12:54       55  1  161 31  13.15 0.00  0.0    4  4.1  3.8      7091
 7092 2021- 9-22 12:54       55 21  161 45  17.46 0.08  0.0    5  2.4  1.1      7092
 7093 2021- 9-22 12:57       55 20  161 44  15.07 0.02  0.0    5  3.7  1.0      7093
 7094 2021- 9-22 12:58       55 21  161 44  17.10 0.11  0.0    5  2.9  1.1      7094
 *** DISTANCE & RESIDUAL WEIGHTING CANCELLED FOR EVENT: 2021  9 22 13  0
 7095 2021- 9-22 13:00     # 55 27  161 44  15.00 0.54  0.0    5  9.6  4.7      7095
  SEQ ---DATE--- TIME REMARK -LAT-  --LON-  DEPTH  RMS PMAG  NUM  ERH  ERZ  ID
 7096 2021- 9-22 13:03       55 27  161 53  15.44 0.23  0.0    5  2.4  2.6      7096
 7097 2021- 9-22 13:06       55 23  161 45  14.88 0.06  0.0    7  1.4  0.8      7097
 7098 2021- 9-22 13:08     - 55 25  162  3  65.56 0.18  0.0    4 17.3 14.4      7098
 *** DISTANCE & RESIDUAL WEIGHTING CANCELLED FOR EVENT: 2021  9 22 13 11
 7099 2021- 9-22 13:10     - 55 40  162 33  15.01 0.52  0.0    5 20.0 44.1      7099
 *** DISTANCE & RESIDUAL WEIGHTING CANCELLED FOR EVENT: 2021  9 22 15 31
 7100 2021- 9-22 15:31     - 55 37  161 57  15.00 0.68  0.0    4 51.8 53.1      7100
 7101 2021- 9-22 15:31     - 55  1  160 46  15.01 0.27  0.0    5 23.5 24.9      7101
 7102 2021- 9-22 15:54     - 55  9  163 11  14.76 0.31  0.0    6 18.1  9.0      7102
 7103 2021- 9-22 15:59     - 55 19  162  3  15.00 0.04  0.0    4  1.7 12.6      7103
 7104 2021- 9-22 20:30     - 55 10  161 22  54.08 0.05  0.0    4  9.3  4.3      7104
 7105 2021- 9-22 21:40     - 55 10  161 14  36.84 0.26  0.0    7 18.9  7.9      7105
 7106 2021- 9-22 21:40     - 54 55  160 40  15.00 0.10  0.0    7 10.9 15.0      7106
 7107 2021- 9-22 22:20       55 19  161 40  21.65 0.06  0.0    5  3.4  2.2      7107
 7108 2021- 9-22 22:53     - 54 56  163 32  33.99 0.34  0.0    9  4.7 31.1      7108
 *** DISTANCE & RESIDUAL WEIGHTING CANCELLED FOR EVENT: 2021  9 23  0  0
 7109 2021- 9-22 23:59     # 55 28  162 20  15.00 0.77  0.0    4 11.7 32.7      7109
 *** DISTANCE & RESIDUAL WEIGHTING CANCELLED FOR EVENT: 2021  9 23  1 57
 7110 2021- 9-23  1:57     - 55 16  161 20  15.00 0.12  0.0    4  3.3 12.1      7110
  SEQ ---DATE--- TIME REMARK -LAT-  --LON-  DEPTH  RMS PMAG  NUM  ERH  ERZ  ID
 7111 2021- 9-23  4:33     - 55  9  160 55  31.92 0.24  0.0    9 20.0  1.7      7111
 7112 2021- 9-23  4:33     - 55  9  161  6  26.29 0.12  0.0    8 11.2  3.8      7112
 *** DISTANCE & RESIDUAL WEIGHTING CANCELLED FOR EVENT: 2021  9 23 10  5
 7113 2021- 9-23 10:04     # 55  6  162 47  15.17 1.56  0.0    7 11.9 13.7      7113
 7114 2021- 9-23 10:47       55 23  161 40  16.52 0.07  0.0    5  3.0  1.1      7114
 *** DISTANCE & RESIDUAL WEIGHTING CANCELLED FOR EVENT: 2021  9 23 10 50
 7115 2021- 9-23 10:50     # 55 18  161 36  15.00 0.62  0.0    4 16.1  6.3      7115
 7116 2021- 9-23 11:22       55 29  161 56  12.15 0.16  0.0    5  2.8  2.3      7116
 7117 2021- 9-23 17:23       55  5  162  5   2.77 0.11  0.0   10  0.6  5.2      7117
 *** DISTANCE & RESIDUAL WEIGHTING CANCELLED FOR EVENT: 2021  9 23 17 32
 7118 2021- 9-23 17:31     - 54 50  162 54  15.01 1.04  0.0    4 87.6 78.6      7118
 7119 2021- 9-23 21:55     - 55 10  163 34  19.25 0.62  0.0   11  4.7 52.5      7119
 7120 2021- 9-23 22:42     - 54 44  162 26   8.83 0.22  0.0    5 16.1 17.0      7120
 7121 2021- 9-23 23:37     - 55 25  162 26  14.89 0.28  0.0    4  4.5 25.8      7121
 *** DISTANCE & RESIDUAL WEIGHTING CANCELLED FOR EVENT: 2021  9 24  4 56
 7122 2021- 9-24  4:56     - 54 54  161 38  15.00 0.18  0.0    4 15.1 17.3      7122
 7123 2021- 9-24  7:04     - 54 53  162 42  34.84 0.19  0.0    8 14.0  5.9      7123
 7124 2021- 9-24  7:16     - 54 59  161 26  29.54 0.24  0.0    8 18.2  6.3      7124
 7125 2021- 9-24  7:16     - 54 53  161 31   6.46 0.12  0.0    5  8.9 15.6      7125
  SEQ ---DATE--- TIME REMARK -LAT-  --LON-  DEPTH  RMS PMAG  NUM  ERH  ERZ  ID
 7126 2021- 9-24  7:28     - 54 59  161 25  24.93 0.25  0.0    7 17.7  7.1      7126
 7127 2021- 9-24  7:28     - 54 58  161 27  25.48 0.02  0.0    4 10.1  1.8      7127
 *** DISTANCE & RESIDUAL WEIGHTING CANCELLED FOR EVENT: 2021  9 24  8 18
 7128 2021- 9-24  8:18     # 55 20  161 45   0.27 0.42  0.0    4  5.4 23.8      7128
 7129 2021- 9-24  8:50       55 22  161 47  15.30 0.02  0.0    5  2.2  1.1      7129
 7130 2021- 9-24  8:53       55 11  161 37  14.09 0.06  0.0    5  4.1  4.4      7130
 7131 2021- 9-24  8:55       55 21  161 48  16.84 0.01  0.0    5  3.7  0.9      7131
 7132 2021- 9-24  9:07     - 55 27  161 41   1.15 0.02  0.0    4  2.3  9.0      7132
 *** DISTANCE & RESIDUAL WEIGHTING CANCELLED FOR EVENT: 2021  9 24  9  9
 7133 2021- 9-24  9:09     - 55 16  161 36   6.51 0.33  0.0    4  6.3 29.9      7133
 7134 2021- 9-24  9:12       55 20  161 53  11.11 0.00  0.0    4  1.9  2.8      7134
 *** DISTANCE & RESIDUAL WEIGHTING CANCELLED FOR EVENT: 2021  9 24  9 13
 7135 2021- 9-24  9:13     - 55 18  161 42  23.57 5.62  0.0    4 99.0 44.2      7135
 7136 2021- 9-24  9:39     - 54 51  162 24  13.39 0.04  0.0    4 11.5  5.6      7136
 *** DISTANCE & RESIDUAL WEIGHTING CANCELLED FOR EVENT: 2021  9 24  9 39
 7137 2021- 9-24  9:39     - 54 48  162 18  15.00 0.26  0.0    4 20.5 12.2      7137
 7138 2021- 9-24 11:47     - 54 32  163 18  15.02 0.04  0.0    5  6.2 11.6      7138
 *** DISTANCE & RESIDUAL WEIGHTING CANCELLED FOR EVENT: 2021  9 24 11 48
 7139 2021- 9-24 11:47     - 54 51  162 41  11.08 0.30  0.0    4 23.8  5.6      7139
 7140 2021- 9-24 11:54     - 54 52  162 33  34.64 0.06  0.0    8 11.9  4.3      7140
  SEQ ---DATE--- TIME REMARK -LAT-  --LON-  DEPTH  RMS PMAG  NUM  ERH  ERZ  ID
 7141 2021- 9-24 14:00     - 55 18  161  6  48.58 0.13  0.0    6 11.9  4.9      7141
 7142 2021- 9-24 15:32     - 55 29  161  8  23.55 0.08  0.0    7 13.6  8.3      7142
 7143 2021- 9-24 15:32     - 55 21  160 59  13.39 0.23  0.0    5 13.1 19.7      7143
 *** DISTANCE & RESIDUAL WEIGHTING CANCELLED FOR EVENT: 2021  9 24 16  0
 7144 2021- 9-24 15:59     # 55 31  162 55  15.00 0.74  0.0    4 43.3  8.4      7144
 7145 2021- 9-24 16:57     - 54 39  160 48  15.00 0.22  0.0   11 18.4 22.0      7145
 7146 2021- 9-24 16:57     - 54 30  160 52  34.07 0.30  0.0    8 21.3 27.4      7146
 7147 2021- 9-24 16:59     - 54 25  162 41  16.35 0.25  0.0   10 10.7 21.5      7147
 7148 2021- 9-24 19:18       55 21  161 47  14.97 0.08  0.0    6  2.3  1.0      7148
 7149 2021- 9-24 19:19     - 55 16  161 35   6.52 0.04  0.0    5  3.0 13.0      7149
 *** DISTANCE & RESIDUAL WEIGHTING CANCELLED FOR EVENT: 2021  9 24 19 19
 7150 2021- 9-24 19:19     - 55 20  161 53  10.35 0.18  0.0    4 17.4  2.1      7150
 *** DISTANCE & RESIDUAL WEIGHTING CANCELLED FOR EVENT: 2021  9 24 19 20
 7151 2021- 9-24 19:20     - 55 15  162  7   4.48 0.65  0.0    5 10.8 41.0      7151
 7152 2021- 9-24 23:01     - 56  1  162 31  11.50 0.30  0.0    7  6.5 27.6      7152
 *** DISTANCE & RESIDUAL WEIGHTING CANCELLED FOR EVENT: 2021  9 24 23 19
 7153 2021- 9-24 23:18     # 55 20  161 50  15.00 1.10  0.0    4 38.5 11.7      7153
 7154 2021- 9-24 23:51     - 55 14  160 41  11.09 0.08  0.0    6 11.9 12.8      7154
 7155 2021- 9-24 23:51     - 56  3  162 12  15.01 0.27  0.0    5 22.5 25.2      7155
  SEQ ---DATE--- TIME REMARK -LAT-  --LON-  DEPTH  RMS PMAG  NUM  ERH  ERZ  ID
 7156 2021- 9-25  0:49       55 19  162  7  23.20 0.00  0.0    4  8.5  2.1      7156
 7157 2021- 9-25  0:52       55 16  161 39   7.85 0.01  0.0    5  1.5  3.8      7157
 7158 2021- 9-25  0:58     - 55 17  161 41  14.47 0.07  0.0    4 10.5  7.8      7158
 *** DISTANCE & RESIDUAL WEIGHTING CANCELLED FOR EVENT: 2021  9 25  1  0
 7159 2021- 9-25  1:00     - 55  9  161 56  15.00 1.68  0.0    4 52.7 83.8      7159
 7160 2021- 9-25  1:01     - 55 18  161 37   6.65 0.11  0.0    4  4.5 14.9      7160
 *** DISTANCE & RESIDUAL WEIGHTING CANCELLED FOR EVENT: 2021  9 25  1  3
 7161 2021- 9-25  1:03     # 55 15  161 33  15.00 0.75  0.0    4 18.4  9.3      7161
 7162 2021- 9-25  1:04     # 55 17  161 45  13.91 0.41  0.0    5 20.0 11.2      7162
 7163 2021- 9-25  1:08       55 19  161 55  16.23 0.00  0.0    4  3.4  1.2      7163
 *** DISTANCE & RESIDUAL WEIGHTING CANCELLED FOR EVENT: 2021  9 25  1  8
 7164 2021- 9-25  1:08     - 55 25  161 50  20.72 0.20  0.0    4 16.3  4.6      7164
 7165 2021- 9-25  1:10     - 55 23  161 50   0.42 0.13  0.0    4  1.5 11.8      7165
 7166 2021- 9-25  2:59     - 54 57  161 35  29.04 0.24  0.0    5 19.4  7.5      7166
 7167 2021- 9-25  2:59     - 54 55  161 27  27.72 0.35  0.0    7 26.2  5.5      7167
 7168 2021- 9-25  3:16     - 54 50  161 29  14.99 0.20  0.0    4 17.1 14.1      7168
 7169 2021- 9-25  3:16     - 54 53  161 32   8.18 0.10  0.0    4  6.0 12.3      7169
 7170 2021- 9-25  3:25     - 55 45  162 60  15.67 0.35  0.0    5 14.0 28.3      7170
  SEQ ---DATE--- TIME REMARK -LAT-  --LON-  DEPTH  RMS PMAG  NUM  ERH  ERZ  ID
 7171 2021- 9-25  5:10     - 54 55  160 24  15.00 0.17  0.0    9 17.1 19.2      7171
 7172 2021- 9-25  5:11     - 56  3  162  4  15.00 0.12  0.0    4 13.5 15.7      7172
 *** DISTANCE & RESIDUAL WEIGHTING CANCELLED FOR EVENT: 2021  9 25  5 36
 7173 2021- 9-25  5:35     - 55  0  162  9  15.00 1.18  0.0    4 99.0 79.4      7173
 7174 2021- 9-25  5:50     - 55  0  161 34  18.87 0.10  0.0    5 13.0  3.1      7174
 7175 2021- 9-25  7:52     - 54 57  161 12  32.60 0.20  0.0    8 17.8  1.3      7175
 7176 2021- 9-25  7:52     - 55  5  160 48  15.04 0.07  0.0    5 12.6 13.7      7176
 7177 2021- 9-25  7:59     - 55 24  162 46  15.01 0.09  0.0    4  3.5 14.3      7177
 7178 2021- 9-25  8:03     - 54 58  161 13  32.80 0.21  0.0   10 16.9  1.3      7178
 7179 2021- 9-25  8:03     - 54 43  160 34  33.10 0.35  0.0    9 24.3 32.1      7179
 7180 2021- 9-25  9:12     # 54 41  160 24  19.35 0.15  0.0    9  4.4  1.4      7180
 7181 2021- 9-25  9:12     - 55  2  161 19  29.08 0.05  0.0    7  9.4  2.7      7181
 7182 2021- 9-25  9:18       55 24  161 49  15.87 0.11  0.0    5  1.9  2.2      7182
 7183 2021- 9-25  9:19       55 22  161 48  15.40 0.06  0.0    7  1.7  0.9      7183
 7184 2021- 9-25  9:21       55 24  161 53  15.50 0.06  0.0    7  1.6  1.2      7184
 7185 2021- 9-25  9:25       55 19  161 56  13.87 0.04  0.0    5  1.7  0.8      7185
  SEQ ---DATE--- TIME REMARK -LAT-  --LON-  DEPTH  RMS PMAG  NUM  ERH  ERZ  ID
 7186 2021- 9-25  9:25     - 55 45  161 37   7.53 0.74  0.0    5 58.9 59.4      7186
 7187 2021- 9-25 10:22     - 54 45  160 44  15.00 0.19  0.0   11 16.7 20.0      7187
 7188 2021- 9-25 10:22     - 54 49  160 58  32.63 0.29  0.0   10 15.0 26.8      7188
 7189 2021- 9-25 10:35     - 54 29  162 28  17.83 0.44  0.0    4 36.7 35.9      7189
 *** DISTANCE & RESIDUAL WEIGHTING CANCELLED FOR EVENT: 2021  9 25 11 22
 7190 2021- 9-25 11:22     # 55 21  163 18  15.00 1.28  0.0    5 27.9 13.1      7190
 7191 2021- 9-25 12:45     - 55 33  161 31   6.34 0.22  0.0    4 19.4 19.3      7191
 *** DISTANCE & RESIDUAL WEIGHTING CANCELLED FOR EVENT: 2021  9 25 12 46
 7192 2021- 9-25 12:45     - 55  9  161  2  23.04 0.76  0.0    5 58.0 62.6      7192
 *** DISTANCE & RESIDUAL WEIGHTING CANCELLED FOR EVENT: 2021  9 25 12 58
 7193 2021- 9-25 12:58     - 55 13  160 33  15.03 0.51  0.0    6 31.9 43.8      7193
 *** DISTANCE & RESIDUAL WEIGHTING CANCELLED FOR EVENT: 2021  9 25 13  5
 7194 2021- 9-25 13:05     - 55 43  163  4  14.93 0.25  0.0    4 10.9 22.0      7194
 7195 2021- 9-25 16:16       55 20  161 44  15.29 0.11  0.0    6  4.6  1.5      7195
 7196 2021- 9-25 16:17       55 20  161 52  17.71 0.12  0.0    7  3.1  1.2      7196
 7197 2021- 9-25 16:19       55 13  161 44  15.49 0.10  0.0    5  6.7  5.3      7197
 7198 2021- 9-25 16:21     - 55 10  161 22  10.62 0.12  0.0    4 15.1 11.9      7198
 7199 2021- 9-25 18:36     - 54 54  161 29  12.32 0.04  0.0    4  7.8 10.3      7199
 *** DISTANCE & RESIDUAL WEIGHTING CANCELLED FOR EVENT: 2021  9 25 18 37
 7200 2021- 9-25 18:37     # 55 11  161 51  10.10 0.38  0.0    4  4.0  6.1      7200
  SEQ ---DATE--- TIME REMARK -LAT-  --LON-  DEPTH  RMS PMAG  NUM  ERH  ERZ  ID
 7201 2021- 9-25 22:51       55 20  161 46  18.40 0.02  0.0    5  2.3  1.0      7201
 7202 2021- 9-25 22:57       55 23  161 45  16.00 0.00  0.0    5  2.2  0.8      7202
 7203 2021- 9-25 22:58     - 55  8  161 36   9.59 0.20  0.0    5  7.0 14.7      7203
 7204 2021- 9-25 22:59       55 25  161 53  14.11 0.05  0.0    5  1.5  1.1      7204
 *** DISTANCE & RESIDUAL WEIGHTING CANCELLED FOR EVENT: 2021  9 25 23  0
 7205 2021- 9-25 23:00     - 55 23  161 43   9.79 0.96  0.0    4 78.1 15.9      7205
 7206 2021- 9-26  0:19       54 59  161  6  33.81 0.18  0.0    8  4.2 10.9      7206
 *** DISTANCE & RESIDUAL WEIGHTING CANCELLED FOR EVENT: 2021  9 26  0 19
 7207 2021- 9-26  0:19     # 55 22  161 43  33.12 0.68  0.0    6 18.0  4.6      7207
 7208 2021- 9-26  0:19       55 10  161 52   7.35 0.00  0.0    4  1.9  1.2      7208
 7209 2021- 9-26  0:26     - 54 47  162 20  13.82 0.09  0.0    8 10.2  4.2      7209
 *** DISTANCE & RESIDUAL WEIGHTING CANCELLED FOR EVENT: 2021  9 26  0 27
 7210 2021- 9-26  0:26     - 54 44  163 18  36.49 0.65  0.0    4 52.5 45.0      7210
 7211 2021- 9-26  2:13     - 54 35  161 33  20.43 0.31  0.0    9  2.4 23.6      7211
 7212 2021- 9-26  2:44     - 54 50  162 23  20.03 0.09  0.0    4 12.2  8.0      7212
 7213 2021- 9-26  2:44     - 54 45  162 35   7.53 0.24  0.0    4 22.5 17.0      7213
 7214 2021- 9-26  3:07       55 25  161 50  14.30 0.06  0.0    7  1.1  0.9      7214
 7215 2021- 9-26  3:22     - 55 19  160 50  43.93 0.12  0.0    8 12.1  5.2      7215
  SEQ ---DATE--- TIME REMARK -LAT-  --LON-  DEPTH  RMS PMAG  NUM  ERH  ERZ  ID
 7216 2021- 9-26  3:23     - 55 15  160 36  15.03 0.25  0.0    9 16.9 24.0      7216
 *** DISTANCE & RESIDUAL WEIGHTING CANCELLED FOR EVENT: 2021  9 26  5 30
 7217 2021- 9-26  5:30     # 54 52  161 46  15.00 2.15  0.0    4 36.0 92.3      7217
 7218 2021- 9-26  5:48       55 22  161 48  16.29 0.02  0.0    5  2.9  1.0      7218
 7219 2021- 9-26  5:49       55 24  161 53  14.20 0.01  0.0    5  2.5  1.9      7219
 7220 2021- 9-26  5:50       55 21  161 49  16.55 0.09  0.0    6  2.4  1.0      7220
 *** DISTANCE & RESIDUAL WEIGHTING CANCELLED FOR EVENT: 2021  9 26  5 55
 7221 2021- 9-26  5:55     # 55 24  161 46  15.00 0.74  0.0    4 32.9 11.8      7221
 *** DISTANCE & RESIDUAL WEIGHTING CANCELLED FOR EVENT: 2021  9 26  5 59
 7222 2021- 9-26  5:59     # 55 21  161 39  18.08 0.45  0.0    5 17.4  3.1      7222
 7223 2021- 9-26  6:00       55 27  161 41  13.11 0.02  0.0    5  3.1  2.5      7223
 *** DISTANCE & RESIDUAL WEIGHTING CANCELLED FOR EVENT: 2021  9 26  6  0
 7224 2021- 9-26  6:00     - 54 37  161 50  15.38 0.46  0.0    4 25.0 36.3      7224
 7225 2021- 9-26  6:04     - 55 17  162  5   2.17 0.56  0.0    4 11.6 40.0      7225
 7226 2021- 9-26  6:06       55 23  161 46  21.39 0.00  0.0    4  3.8  1.2      7226
 *** DISTANCE & RESIDUAL WEIGHTING CANCELLED FOR EVENT: 2021  9 26  8  0
 7227 2021- 9-26  7:59     # 55 18  162 11  15.00 0.52  0.0    5  6.2 16.5      7227
 *** DISTANCE & RESIDUAL WEIGHTING CANCELLED FOR EVENT: 2021  9 26  9 18
 7228 2021- 9-26  9:18     - 54 59  161 22  15.00 0.36  0.0    5 30.1 18.2      7228
 7229 2021- 9-26  9:18     - 54 56  160 36  15.02 0.56  0.0    5 44.3 47.6      7229
 7230 2021- 9-26 10:49     - 54 27  161 17  13.58 0.10  0.0    4  6.6 13.4      7230
 *** DISTANCE & RESIDUAL WEIGHTING CANCELLED FOR EVENT: 2021  9 26 12 19
  SEQ ---DATE--- TIME REMARK -LAT-  --LON-  DEPTH  RMS PMAG  NUM  ERH  ERZ  ID
 7231 2021- 9-26 12:19     - 55 19  161 42   8.31 1.14  0.0    4 56.4 57.1      7231
 *** DISTANCE & RESIDUAL WEIGHTING CANCELLED FOR EVENT: 2021  9 26 12 28
 7232 2021- 9-26 12:28     # 54 21  162 34  15.00 0.25  0.0    4 11.2  6.0      7232
 7233 2021- 9-26 12:54     - 54 20  162 11  17.50 0.14  0.0    7  3.4 17.0      7233
 7234 2021- 9-26 13:02     - 54 48  162 15  11.57 0.03  0.0    4 10.6  6.8      7234
 7235 2021- 9-26 13:02     - 54 34  162  1   6.58 0.37  0.0    9 25.0 32.9      7235
 *** DISTANCE & RESIDUAL WEIGHTING CANCELLED FOR EVENT: 2021  9 26 14  2
 7236 2021- 9-26 14:02     # 55 24  162 25  15.00 1.80  0.0    4 45.4 69.5      7236
 *** DISTANCE & RESIDUAL WEIGHTING CANCELLED FOR EVENT: 2021  9 26 14  5
 7237 2021- 9-26 14:04     - 55 58  162 51 105.69 0.20  0.0    4 13.5 15.6      7237
 *** DISTANCE & RESIDUAL WEIGHTING CANCELLED FOR EVENT: 2021  9 26 15 24
 7238 2021- 9-26 15:24     - 55 16  162  8  24.26 3.75  0.0    4 95.4 73.1      7238
 *** DISTANCE & RESIDUAL WEIGHTING CANCELLED FOR EVENT: 2021  9 26 16 23
 7239 2021- 9-26 16:23     - 54 47  162 29  14.99 0.65  0.0    4 51.1 10.8      7239
 7240 2021- 9-26 16:24     - 54 50  162 36  14.85 0.06  0.0    4 12.2  4.0      7240
 7241 2021- 9-26 17:20     - 55 10  161  7  45.75 0.47  0.0    6 30.6 12.8      7241
 *** DISTANCE & RESIDUAL WEIGHTING CANCELLED FOR EVENT: 2021  9 26 17 23
 7242 2021- 9-26 17:23     - 55 11  162 25  15.00 0.43  0.0    4 15.8 34.3      7242
 7243 2021- 9-26 17:39     - 54 42  160 54  15.63 0.21  0.0   18  8.3 16.6      7243
 7244 2021- 9-26 17:57     - 54 42  160 52  15.00 0.13  0.0    7 15.6 16.4      7244
 7245 2021- 9-26 17:57     - 54 60  161 29  23.47 0.14  0.0    5 14.1  2.4      7245
  SEQ ---DATE--- TIME REMARK -LAT-  --LON-  DEPTH  RMS PMAG  NUM  ERH  ERZ  ID
 7246 2021- 9-26 18:54     - 55 45  162 60  18.52 1.33  0.0   13  9.9 99.0      7246
 7247 2021- 9-26 19:10       55 21  161 43  17.35 0.01  0.0    5  3.4  1.1      7247
 7248 2021- 9-26 19:15       55 21  161 49  15.55 0.04  0.0    6  2.4  1.1      7248
 7249 2021- 9-26 21:19     - 54 56  161 28  33.28 0.19  0.0    4 18.2  6.0      7249
 7250 2021- 9-26 21:19     - 54 54  161 17  40.83 0.07  0.0    5 12.5  2.7      7250
 7251 2021- 9-27  0:31     - 55 15  160 38  15.00 0.16  0.0    7 16.3 18.1      7251
 7252 2021- 9-27  0:31     - 55  9  160 40  15.03 0.24  0.0    8 19.1 23.4      7252
 7253 2021- 9-27  1:24     - 55 20  161 36  29.60 0.47  0.0    7 21.9 20.3      7253
 7254 2021- 9-27  1:33     - 55  9  161 17  37.09 0.19  0.0    6 14.8  4.4      7254
 7255 2021- 9-27  1:34       55 13  161 51   8.11 0.04  0.0    5  2.0  1.3      7255
 7256 2021- 9-27  1:40     - 54 34  161 18  15.02 0.15  0.0   16  7.0 13.9      7256
 7257 2021- 9-27  2:43     - 54 50  163 21  14.78 0.24  0.0    5 17.6  6.6      7257
 7258 2021- 9-27  3:04     - 55 20  161 54  15.94 0.02  0.0    4 12.6  1.1      7258
 *** DISTANCE & RESIDUAL WEIGHTING CANCELLED FOR EVENT: 2021  9 27  3 48
 7259 2021- 9-27  3:48     - 55 13  161 35  14.99 0.82  0.0    4 69.4 12.6      7259
 7260 2021- 9-27  3:58       55 21  161 45  17.77 0.11  0.0    7  2.2  1.2      7260
  SEQ ---DATE--- TIME REMARK -LAT-  --LON-  DEPTH  RMS PMAG  NUM  ERH  ERZ  ID
 7261 2021- 9-27  3:58       55 24  161 34  12.78 0.00  0.0    4  2.6  2.1      7261
 7262 2021- 9-27  4:01       55 23  161 45  17.57 0.11  0.0    6  2.4  0.9      7262
 7263 2021- 9-27  4:02       55 18  161 37  15.51 0.08  0.0    5  4.9  2.5      7263
 7264 2021- 9-27  4:03       55 20  161 51  18.55 0.00  0.0    5  2.1  1.1      7264
 7265 2021- 9-27  4:04       55 16  161 39  10.43 0.00  0.0    4  3.8  5.1      7265
 *** DISTANCE & RESIDUAL WEIGHTING CANCELLED FOR EVENT: 2021  9 27  4 11
 7266 2021- 9-27  4:11     - 55  4  162 17  32.04 0.79  0.0    5 41.5 37.9      7266
 *** DISTANCE & RESIDUAL WEIGHTING CANCELLED FOR EVENT: 2021  9 27  4 42
 7267 2021- 9-27  4:42     # 55 22  161 40  18.47 0.24  0.0    4  9.3  2.6      7267
 7268 2021- 9-27  5:05     - 54 57  161  2  13.24 0.19  0.0    6 18.9 18.2      7268
 *** DISTANCE & RESIDUAL WEIGHTING CANCELLED FOR EVENT: 2021  9 27  5  6
 7269 2021- 9-27  5:06     - 54 54  161 23  17.42 0.60  0.0    5 30.4 36.5      7269
 7270 2021- 9-27  6:18     - 54 59  161 30  22.87 0.21  0.0    7 16.3  5.6      7270
 7271 2021- 9-27  6:18     - 54 54  161 21  16.51 0.03  0.0    4 11.9  1.3      7271
 7272 2021- 9-27  8:56     - 55 20  160 46  33.71 0.18  0.0    7 17.1 18.8      7272
 *** DISTANCE & RESIDUAL WEIGHTING CANCELLED FOR EVENT: 2021  9 27  8 57
 7273 2021- 9-27  8:56     - 55 27  161 32  16.96 0.02  0.0    4  8.8  0.4      7273
 7274 2021- 9-27 10:17     - 55 36  161 33  15.46 0.03  0.0    4  5.5 11.5      7274
 7275 2021- 9-27 13:01     - 54 47  160 42  15.00 0.18  0.0   11 16.9 19.5      7275
  SEQ ---DATE--- TIME REMARK -LAT-  --LON-  DEPTH  RMS PMAG  NUM  ERH  ERZ  ID
 7276 2021- 9-27 13:02     - 54 50  161  3  33.10 0.23  0.0    9 10.6 22.7      7276
 7277 2021- 9-27 13:59     - 55 26  162 26  15.03 0.42  0.0    7  4.4 34.3      7277
 7278 2021- 9-27 13:59     - 54 58  162 29  17.56 0.36  0.0    5 27.8 23.1      7278
 7279 2021- 9-27 15:09     - 55 16  161 35   6.83 0.04  0.0    5  2.8 11.8      7279
 7280 2021- 9-27 15:11     - 54 51  161 26   7.89 0.19  0.0    4 16.6 20.1      7280
 7281 2021- 9-27 18:43     - 55  6  161 51  13.28 0.10  0.0    4 11.0  7.4      7281
 7282 2021- 9-27 19:20     - 54 54  160 23  14.59 0.22  0.0    6 10.1 19.4      7282
 7283 2021- 9-27 22:33       55 21  161 46  17.52 0.08  0.0    7  2.0  0.8      7283
 7284 2021- 9-27 22:43       55 20  161 51  16.34 0.07  0.0    7  2.7  1.2      7284
 7285 2021- 9-27 23:56     - 55 15  161  3  16.24 0.12  0.0    8 12.4  2.0      7285
 7286 2021- 9-27 23:56     - 55 19  160 52  32.23 0.21  0.0    8 17.1  1.4      7286
 7287 2021- 9-28  0:21     - 54 56  162 19  13.07 0.06  0.0    5  8.9  9.1      7287
 7288 2021- 9-28 12:06     - 55  0  161 34  31.16 0.10  0.0    6 13.4  6.2      7288
 7289 2021- 9-28 12:06     - 54 56  161 17  46.60 0.34  0.0    7 26.0  8.3      7289
 7290 2021- 9-28 15:57     - 55 25  161 44  21.09 0.11  0.0    4 15.5  1.9      7290
  SEQ ---DATE--- TIME REMARK -LAT-  --LON-  DEPTH  RMS PMAG  NUM  ERH  ERZ  ID
 7291 2021- 9-28 17:02     - 55  5  161 35   8.68 0.15  0.0    5  5.7 14.3      7291
 7292 2021- 9-28 21:33     - 54 41  161  2  16.00 0.16  0.0    7 11.6 18.4      7292
 7293 2021- 9-29  1:12     - 54 54  161 16  18.04 0.18  0.0    5 16.5 15.6      7293
 7294 2021- 9-29  1:12     - 55 15  161 38  12.55 0.05  0.0    4 11.5  5.1      7294
 *** DISTANCE & RESIDUAL WEIGHTING CANCELLED FOR EVENT: 2021  9 29  5 14
 7295 2021- 9-29  5:14     - 55 20  161 35  20.03 0.31  0.0    5 20.3  7.7      7295
 *** DISTANCE & RESIDUAL WEIGHTING CANCELLED FOR EVENT: 2021  9 29  8 44
 7296 2021- 9-29  8:44     - 55  5  162 27  37.41 0.09  0.0    4  6.2 10.4      7296
 7297 2021- 9-29 11:31     - 55 17  161 29   6.44 0.10  0.0    6 12.3 14.9      7297
 *** DISTANCE & RESIDUAL WEIGHTING CANCELLED FOR EVENT: 2021  9 29 11 32
 7298 2021- 9-29 11:32     # 55 14  161 51  15.00 1.04  0.0    4 11.8  7.5      7298
 7299 2021- 9-29 14:25       55 17  161 41  14.81 0.05  0.0    6  3.0  1.5      7299
 *** DISTANCE & RESIDUAL WEIGHTING CANCELLED FOR EVENT: 2021  9 29 16  0
 7300 2021- 9-29 15:59     - 55 22  162 20   6.75 0.34  0.0    5 21.6 31.1      7300
 7301 2021- 9-29 17:32     - 54 58  162 31  15.81 0.10  0.0    4  5.4 12.6      7301
 7302 2021- 9-29 23:07       55 17  161 40  15.63 0.09  0.0    5  4.1  2.7      7302
 7303 2021- 9-29 23:59     - 55 25  161 56  28.82 0.05  0.0    4  3.4 12.8      7303
 7304 2021- 9-30  1:02       55 10  162 16   5.05 0.13  0.0   14  0.8  0.5      7304
 7305 2021- 9-30  4:38     # 55 21  161 48  18.34 0.05  0.0    5  3.7  0.9      7305
  SEQ ---DATE--- TIME REMARK -LAT-  --LON-  DEPTH  RMS PMAG  NUM  ERH  ERZ  ID
 7306 2021- 9-30  5:36     - 54 57  162 18   9.36 0.15  0.0    5 15.0 10.4      7306
 7307 2021- 9-30  6:25     - 55 17  161 42  12.53 0.10  0.0    4  8.0  7.6      7307
 7308 2021- 9-30 10:54     - 54 41  160 58  15.00 0.20  0.0   10 16.2 20.5      7308
 7309 2021- 9-30 10:54       54 47  161  6  29.94 0.13  0.0    7  9.1  1.4      7309
 7310 2021- 9-30 11:05     - 54 50  161 48  10.40 0.04  0.0    4  3.8 12.0      7310
 7311 2021- 9-30 12:05     - 54 38  161  1  15.00 0.19  0.0    7 16.4 20.3      7311
 7312 2021- 9-30 12:06       54 53  161 25  30.25 0.04  0.0    5  7.1  3.1      7312
 7313 2021- 9-30 16:10       55  0  162 19  14.28 0.03  0.0    5  4.9  7.2      7313
 7314 2021- 9-30 23:14     - 54 47  161 22  23.92 0.09  0.0    6 11.8  8.0      7314
 7315 2021- 9-30 23:14     - 54 48  161 21  10.09 0.08  0.0    4  8.6 12.5      7315
 7316 2021- 9-30 23:15     - 55 20  161 13  11.07 0.12  0.0    6 12.5 14.6      7316
 7317 2021- 9-30 23:16     - 55 18  161  8  15.47 0.09  0.0    6 13.2  3.0      7317
 7318 2021-10- 1  0:12     - 55  2  162 15   9.27 0.13  0.0    4  5.1 10.8      7318
 7319 2021-10- 1  3:56     - 54 51  162 38  18.38 0.08  0.0    4 13.6  4.2      7319
 7320 2021-10- 1  3:56     - 54 39  162 26  13.35 0.19  0.0    4 19.1  7.3      7320
  SEQ ---DATE--- TIME REMARK -LAT-  --LON-  DEPTH  RMS PMAG  NUM  ERH  ERZ  ID
 7321 2021-10- 1  5:08     - 54 57  162 19  15.34 0.04  0.0    4  7.8  9.1      7321
 7322 2021-10- 1  7:34     - 54 24  162  2  17.45 0.12  0.0    7  1.7 16.2      7322
 7323 2021-10- 1  7:59     - 55 25  161 57  41.87 0.04  0.0    6  3.9 12.5      7323
 7324 2021-10- 1 12:27     - 54 57  161 24  31.73 0.17  0.0    7 15.4  1.4      7324
 7325 2021-10- 1 12:27     - 54 38  160 45   6.93 0.14  0.0    8 12.7  3.7      7325
 7326 2021-10- 1 14:13     - 55 21  160 34  51.78 0.17  0.0   10 17.2  9.4      7326
 7327 2021-10- 1 14:14       55 31  162  1  39.38 0.00  0.0    4  2.4  7.9      7327
 7328 2021-10- 1 17:29     - 55 14  161 19   6.59 0.19  0.0    5  6.3 20.3      7328
 7329 2021-10- 1 21:23     - 54 52  162 51  37.62 0.10  0.0    7 12.7  4.5      7329
 *** DISTANCE & RESIDUAL WEIGHTING CANCELLED FOR EVENT: 2021 10  2  6 54
 7330 2021-10- 2  6:54     # 55 25  161 46  15.00 0.39  0.0    5 15.3 12.8      7330
 *** 3 PHASES CANT SOLVE SEQUENCE NO. 7331, ID NO.      7331
 *** ABANDON EVENT WITH ONLY 3 READINGS:2021 10  2 23 41
 *** DISTANCE & RESIDUAL WEIGHTING CANCELLED FOR EVENT: 2021 10  3 18  9
 7332 2021-10- 3 18:09     - 55 26  162 27  15.00 2.07  0.0    4 42.7 91.6      7332
 7333 2021-10- 4 11:07     - 55 38  162 22  16.10 0.16  0.0    4  7.8 13.8      7333
 *** DISTANCE & RESIDUAL WEIGHTING CANCELLED FOR EVENT: 2021 10  4 11  8
 7334 2021-10- 4 11:07     # 55 36  162 11  12.33 0.23  0.0    4  8.2 11.6      7334
 7335 2021-10- 4 20:52     - 54 18  162 38  15.02 0.48  0.0    5 37.9 39.6      7335
  SEQ ---DATE--- TIME REMARK -LAT-  --LON-  DEPTH  RMS PMAG  NUM  ERH  ERZ  ID
 7336 2021-10- 4 23:59     - 55 26  161 54  14.99 0.04  0.0    5  1.9 11.4      7336
 7337 2021-10- 5  2:40     - 54 24  161 46  18.76 0.14  0.0    8  1.7 16.8      7337
 *** DISTANCE & RESIDUAL WEIGHTING CANCELLED FOR EVENT: 2021 10  5  4 27
 7338 2021-10- 5  4:27     - 55 25  161 52  21.63 0.20  0.0    4  9.5 11.5      7338
 7339 2021-10- 5  4:28       55 26  161 52  15.00 3.08  0.0    5 54.4 25.5      7339
 *** DISTANCE & RESIDUAL WEIGHTING CANCELLED FOR EVENT: 2021 10  5  4 31
 7340 2021-10- 5  4:31     - 55 23  161 60  15.17 0.51  0.0    4 16.8 40.1      7340
 7341 2021-10- 5  5:47     - 54 32  163 20  15.12 0.08  0.0    6  6.2 12.6      7341
 7342 2021-10- 5  7:59     - 55 20  162  5  66.59 0.15  0.0    5  6.5 15.8      7342
 7343 2021-10- 5  9:17     - 54 51  161 38   9.77 0.25  0.0    7 22.6 18.9      7343
 7344 2021-10- 5  9:17       54 44  161 50  13.82 0.12  0.0    7  4.4  2.0      7344
 7345 2021-10- 5 11:39       55 21  161 34   9.58 0.08  0.0    5  2.6  2.8      7345
 7346 2021-10- 5 15:44       55 22  161 46  15.74 0.08  0.0    6  2.8  1.2      7346
 7347 2021-10- 5 15:59     - 55 19  162  8  46.75 0.14  0.0    5  3.8 13.7      7347
 7348 2021-10- 5 16:39     - 54 41  162 28  70.38 1.05  0.0    5 87.4 13.4      7348
 7349 2021-10- 5 18:22     - 54 56  162 41  14.97 0.02  0.0    4  4.0 11.6      7349
 7350 2021-10- 5 19:58     - 54 35  162 27  32.91 0.03  0.0    4 12.7  0.6      7350
 *** DISTANCE & RESIDUAL WEIGHTING CANCELLED FOR EVENT: 2021 10  5 19 58
  SEQ ---DATE--- TIME REMARK -LAT-  --LON-  DEPTH  RMS PMAG  NUM  ERH  ERZ  ID
 7351 2021-10- 5 19:58     # 55 20  161 42  44.32 0.79  0.0    4 39.6 24.7      7351
 7352 2021-10- 5 19:59     # 55 28  161 34  27.62 0.01  0.0    4  5.8  3.0      7352
 7353 2021-10- 5 22:15     - 55 24  161 37  12.41 0.05  0.0    4 12.3  1.9      7353
 7354 2021-10- 5 22:59     - 54 39  162 19   8.27 0.19  0.0   11 15.2 12.9      7354
 7355 2021-10- 5 22:59     - 54 47  162 25   7.51 0.13  0.0    5 11.4 14.5      7355
 7356 2021-10- 5 23:59     - 55 25  161 55  14.99 0.08  0.0    5  2.4 10.0      7356
 7357 2021-10- 6  2:02     - 55  6  161 48  20.08 0.18  0.0    4 16.8  7.0      7357
 7358 2021-10- 6  3:31     - 55  7  163 27  18.78 0.25  0.0    5  3.1 24.5      7358
 7359 2021-10- 6  3:42     - 54 38  162 21  15.00 0.22  0.0   10 19.3  1.6      7359
 7360 2021-10- 6  3:43       54 43  162 26  14.46 0.10  0.0    6  9.9  1.2      7360
 *** DISTANCE & RESIDUAL WEIGHTING CANCELLED FOR EVENT: 2021 10  6  3 52
 7361 2021-10- 6  3:52     - 55 26  161 51   0.39 0.29  0.0    4  1.5 20.6      7361
 7362 2021-10- 6  4:08     - 55  8  161 13  16.73 0.09  0.0    4 14.1  1.7      7362
 *** DISTANCE & RESIDUAL WEIGHTING CANCELLED FOR EVENT: 2021 10  6  4  9
 7363 2021-10- 6  4:09     # 55 24  161 44  25.01 0.76  0.0    4 39.8 16.7      7363
 *** DISTANCE & RESIDUAL WEIGHTING CANCELLED FOR EVENT: 2021 10  6  4 52
 7364 2021-10- 6  4:52     - 55  1  162 21  24.40 4.19  0.0    4 97.6 49.4      7364
 7365 2021-10- 6  5:22     - 54 43  162 18  11.66 0.15  0.0    8 16.1  6.8      7365
  SEQ ---DATE--- TIME REMARK -LAT-  --LON-  DEPTH  RMS PMAG  NUM  ERH  ERZ  ID
 7366 2021-10- 6  6:28     - 54 57  162 20  16.19 0.04  0.0    4  9.2  7.9      7366
 7367 2021-10- 6  6:28     - 54 48  162 41  11.36 0.02  0.0    5  8.9  1.3      7367
 7368 2021-10- 6  6:43       55  0  162 14   4.23 0.08  0.0    7  0.8  1.4      7368
 *** DISTANCE & RESIDUAL WEIGHTING CANCELLED FOR EVENT: 2021 10  6  6 43
 7369 2021-10- 6  6:43     - 55  5  162 33  14.92 0.26  0.0    7 14.0 11.9      7369
 7370 2021-10- 6  7:59     - 55 17  161 47  14.94 0.10  0.0    4 14.3 12.0      7370
 7371 2021-10- 6  9:02     - 55 24  161 11  42.18 0.18  0.0    8 15.7  5.7      7371
 7372 2021-10- 6  9:02     - 55  9  161 51  27.03 0.09  0.0    4  4.5 13.5      7372
 7373 2021-10- 6 12:40     - 54 17  162 31  17.21 0.33  0.0    4 30.5 30.5      7373
 *** DISTANCE & RESIDUAL WEIGHTING CANCELLED FOR EVENT: 2021 10  6 15  8
 7374 2021-10- 6 15:08     - 55 20  162 12  15.00 2.07  0.0    4 98.9 62.9      7374
 7375 2021-10- 6 15:50     - 55  4  161 26  29.44 0.39  0.0    5 28.4 12.4      7375
 *** DISTANCE & RESIDUAL WEIGHTING CANCELLED FOR EVENT: 2021 10  6 16  0
 7376 2021-10- 6 15:59     # 55 17  162  4  24.43 0.27  0.0    4  4.2 17.8      7376
 7377 2021-10- 6 17:06     - 55 17  161 49  11.01 0.01  0.0    4 12.3  2.2      7377
 7378 2021-10- 6 21:17     - 55  3  163 37  18.01 0.48  0.0    8  4.0 42.1      7378
 7379 2021-10- 6 23:59     - 55 20  162  8  45.76 0.13  0.0    6  3.6 13.7      7379
 *** DISTANCE & RESIDUAL WEIGHTING CANCELLED FOR EVENT: 2021 10  7  6  8
 7380 2021-10- 7  6:07     - 55 23  161 51  13.47 1.31  0.0    4 77.3 10.7      7380
  SEQ ---DATE--- TIME REMARK -LAT-  --LON-  DEPTH  RMS PMAG  NUM  ERH  ERZ  ID
 7381 2021-10- 7  6:08       55 27  161 57  41.40 0.13  0.0    9  2.7  1.5      7381
 7382 2021-10- 7  8:35       55 15  161 39  34.22 0.00  0.0    4  4.8  2.0      7382
 7383 2021-10- 7  8:41     - 55 27  161 40   4.10 0.14  0.0    4 16.4 13.0      7383
 7384 2021-10- 7 12:25       55 28  161 42  14.76 0.00  0.0    4  1.5  3.9      7384
 7385 2021-10- 7 15:59     - 55 21  162 17  48.36 0.10  0.0    6  3.9 11.2      7385
 7386 2021-10- 7 16:55     - 55 15  161 30   8.18 0.01  0.0    4  2.6  9.0      7386
 7387 2021-10- 7 20:12     - 55  7  160 57  14.15 0.10  0.0    4  9.8  7.8      7387
 7388 2021-10- 7 20:41     - 55 17  161 30  14.33 0.03  0.0    4  4.1 11.9      7388
 *** DISTANCE & RESIDUAL WEIGHTING CANCELLED FOR EVENT: 2021 10  8  0  1
 7389 2021-10- 8  0:01     - 55 21  161 52  13.61 0.44  0.0    4 39.0  3.6      7389
 *** 3 PHASES CANT SOLVE SEQUENCE NO. 7390, ID NO.      7390
 *** ABANDON EVENT WITH ONLY 3 READINGS:2021 10  8  6  7
 *** 3 PHASES CANT SOLVE SEQUENCE NO. 7391, ID NO.      7391
 *** ABANDON EVENT WITH ONLY 3 READINGS:2021 10  8  6  7
 *** 3 PHASES CANT SOLVE SEQUENCE NO. 7392, ID NO.      7392
 *** ABANDON EVENT WITH ONLY 3 READINGS:2021 10  8  6 37
 *** 3 PHASES CANT SOLVE SEQUENCE NO. 7393, ID NO.      7393
 *** ABANDON EVENT WITH ONLY 3 READINGS:2021 10  8 21  4
 *** 3 PHASES CANT SOLVE SEQUENCE NO. 7394, ID NO.      7394
 *** ABANDON EVENT WITH ONLY 3 READINGS:2021 10  9  5 58
 *** 3 PHASES CANT SOLVE SEQUENCE NO. 7395, ID NO.      7395
 *** ABANDON EVENT WITH ONLY 3 READINGS:2021 10  9  7 54
  SEQ ---DATE--- TIME REMARK -LAT-  --LON-  DEPTH  RMS PMAG  NUM  ERH  ERZ  ID
 7396 2021-10- 9  4:57     - 54 54  161 30  27.21 0.14  0.0    7 15.4  4.6      7396
 7397 2021-10- 9  4:57     - 55  7  161 42  17.35 0.08  0.0    4  4.8 10.3      7397
 7398 2021-10- 9  6:00     - 55  0  162 22   9.60 0.07  0.0    4  9.5  7.6      7398
 7399 2021-10- 9 11:09       54 56  162  4  19.69 0.04  0.0    6  2.2  6.4      7399
 7400 2021-10- 9 15:06     - 54 34  161 48   9.12 0.26  0.0   11  1.8 24.1      7400
 7401 2021-10- 9 21:08     - 55  2  161 18  25.66 0.07  0.0    5 12.5  4.1      7401
 7402 2021-10- 9 21:08     - 54 53  160 28  15.01 0.32  0.0    5 27.1 28.6      7402
 *** DISTANCE & RESIDUAL WEIGHTING CANCELLED FOR EVENT: 2021 10  9 21 39
 7403 2021-10- 9 21:39     - 54 32  162 28  15.01 0.71  0.0    4 60.7  8.2      7403
 7404 2021-10-10  4:20     - 55 26  161 28  11.94 0.05  0.0    4 13.0  6.7      7404
 *** DISTANCE & RESIDUAL WEIGHTING CANCELLED FOR EVENT: 2021 10 10  4 21
 7405 2021-10-10  4:20     - 55 30  160 41  15.00 0.51  0.0    4 38.3 43.8      7405
 7406 2021-10-10  5:44     - 54 59  161  4  15.10 0.27  0.0    4 20.4 22.6      7406
 *** DISTANCE & RESIDUAL WEIGHTING CANCELLED FOR EVENT: 2021 10 10  5 45
 7407 2021-10-10  5:45     - 54 53  161 24  16.00 1.12  0.0    5 69.9  8.6      7407
 7408 2021-10-10  5:56     - 54 51  160 39  15.00 0.21  0.0   11 17.6 21.2      7408
 7409 2021-10-10  5:56     - 54 55  160 46  15.04 0.20  0.0    5 18.1 20.4      7409
 7410 2021-10-10  7:59     - 55 19  162  3  23.93 0.07  0.0    4  1.6 12.6      7410
  SEQ ---DATE--- TIME REMARK -LAT-  --LON-  DEPTH  RMS PMAG  NUM  ERH  ERZ  ID
 7411 2021-10-10 10:24     - 55 26  161 52   0.39 0.22  0.0    5  1.6 18.3      7411
 7412 2021-10-10 14:34     - 54 56  161 47  24.21 0.20  0.0    7 15.6  7.0      7412
 7413 2021-10-10 14:35     - 55  3  161 51  27.43 0.10  0.0    5 10.3  7.3      7413
 7414 2021-10-10 15:02     - 55 25  161 42   0.53 0.64  0.0    4 38.9 41.7      7414
 *** DISTANCE & RESIDUAL WEIGHTING CANCELLED FOR EVENT: 2021 10 10 18 56
 7415 2021-10-10 18:56     # 55 17  161 52  20.15 0.62  0.0    6  7.1  8.6      7415
 7416 2021-10-10 18:56       55 22  162  1  16.79 0.03  0.0    5  0.5  1.6      7416
 *** DISTANCE & RESIDUAL WEIGHTING CANCELLED FOR EVENT: 2021 10 10 19 13
 7417 2021-10-10 19:13     - 55 22  161 55   0.60 0.71  0.0    4 11.2 49.1      7417
 7418 2021-10-10 21:55     - 54 55  161 45  14.86 0.05  0.0    4 11.7 13.0      7418
 7419 2021-10-11  0:19     - 54 58  162 33   9.35 0.02  0.0    4  4.2 11.7      7419
 7420 2021-10-11  4:21     - 55 16  161 30   7.76 0.03  0.0    5  3.8  9.5      7420
 7421 2021-10-11  9:11       55 22  161 19  17.04 0.13  0.0    7  9.3  3.4      7421
 7422 2021-10-11  9:11       55 23  161 23  18.86 0.00  0.0    4  6.6  4.0      7422
 7423 2021-10-11  9:26     - 55 25  160 52  35.51 0.15  0.0    8 15.4 11.3      7423
 7424 2021-10-11  9:27     - 55 29  160 49  59.97 0.15  0.0    4 16.2  7.5      7424
 7425 2021-10-11 10:17     - 55 26  162 25  14.63 0.36  0.0    7  2.5 24.7      7425
 *** DISTANCE & RESIDUAL WEIGHTING CANCELLED FOR EVENT: 2021 10 11 12  9
  SEQ ---DATE--- TIME REMARK -LAT-  --LON-  DEPTH  RMS PMAG  NUM  ERH  ERZ  ID
 7426 2021-10-11 12:09     - 55 19  161 42   9.26 1.04  0.0    4 63.8 20.3      7426
 7427 2021-10-11 12:25     - 54 55  161 44  33.63 0.17  0.0    6 15.4  4.8      7427
 7428 2021-10-11 12:25     - 54 42  161 28  17.87 0.25  0.0    7 16.3 19.7      7428
 7429 2021-10-11 14:00     - 55 22  161  9  35.32 0.24  0.0   10 16.9  5.6      7429
 7430 2021-10-11 14:34     - 54 53  161 27  19.17 0.05  0.0    4 12.7  5.4      7430
 *** DISTANCE & RESIDUAL WEIGHTING CANCELLED FOR EVENT: 2021 10 11 14 34
 7431 2021-10-11 14:34     - 54 53  161 24  13.34 0.30  0.0    4 26.0  2.7      7431
 7432 2021-10-11 17:57     - 55 23  161 11  34.92 0.22  0.0   10 15.4  4.5      7432
 7433 2021-10-11 17:57     # 55 18  161 59   0.12 0.28  0.0    5  1.7 18.8      7433
 7434 2021-10-11 19:36     - 55 24  161 21  11.15 0.14  0.0    6 15.6  8.5      7434
 *** DISTANCE & RESIDUAL WEIGHTING CANCELLED FOR EVENT: 2021 10 11 19 37
 7435 2021-10-11 19:37     - 55 22  161 50   4.90 0.12  0.0    4 11.9  0.8      7435
 7436 2021-10-11 19:40     - 55 31  160 26  15.00 0.16  0.0    9 16.7 18.3      7436
 7437 2021-10-11 19:41       55 14  161 52   7.25 0.00  0.0    4  2.2  4.4      7437
 *** DISTANCE & RESIDUAL WEIGHTING CANCELLED FOR EVENT: 2021 10 11 19 41
 7438 2021-10-11 19:41     - 55 26  161 38   0.28 0.94  0.0    5 40.8 64.0      7438
 7439 2021-10-12  0:54     - 55 26  161 20  25.39 0.21  0.0    6 17.7  9.9      7439
 7440 2021-10-12  0:57     - 54 59  161 29  22.84 0.23  0.0    6 18.8  6.1      7440
  SEQ ---DATE--- TIME REMARK -LAT-  --LON-  DEPTH  RMS PMAG  NUM  ERH  ERZ  ID
 7441 2021-10-12  0:58       55  6  161 55   2.12 0.11  0.0    6  2.3  2.2      7441
 7442 2021-10-12  3:54     - 55  7  161 34   8.02 0.04  0.0    4  4.1 12.7      7442
 7443 2021-10-12  4:41     - 55 28  161  9  29.96 0.16  0.0    6 16.1  8.1      7443
 7444 2021-10-12  4:42     - 55 16  161  9   5.83 0.61  0.0    4 45.9 46.7      7444
 7445 2021-10-12  5:07     - 54 40  160 50  15.00 0.22  0.0   11 17.9 22.2      7445
 7446 2021-10-12  5:07     - 54 38  160 49  15.60 0.19  0.0    7 15.3 20.1      7446
 7447 2021-10-12  9:44     - 55  1  161 33  26.47 0.18  0.0    7 14.1  5.0      7447
 7448 2021-10-12  9:44     - 54 46  161  4  15.00 0.28  0.0    8 21.3 26.6      7448
 *** DISTANCE & RESIDUAL WEIGHTING CANCELLED FOR EVENT: 2021 10 12 10 19
 7449 2021-10-12 10:18     # 55 17  161 41  14.95 0.80  0.0    4 20.1  8.6      7449
 7450 2021-10-12 11:12     - 54 56  162 33  13.15 0.01  0.0    4 11.5  7.7      7450
 7451 2021-10-12 11:12     - 54 60  162 15   1.88 0.08  0.0    5  2.2 13.0      7451
 7452 2021-10-12 14:15       55 22  161 44  20.41 0.00  0.0    4  4.9  6.0      7452
 7453 2021-10-12 18:48     - 55 18  161  3  14.99 0.05  0.0    4  8.9 12.0      7453
 7454 2021-10-12 19:05     - 55 25  160 53  50.21 0.20  0.0    9 18.3  8.3      7454
 7455 2021-10-12 19:06     # 55 11  161 47   4.31 0.05  0.0    4  1.8  2.1      7455
  SEQ ---DATE--- TIME REMARK -LAT-  --LON-  DEPTH  RMS PMAG  NUM  ERH  ERZ  ID
 7456 2021-10-12 20:41     - 54 55  161 23  31.93 0.27  0.0    7 21.5  1.8      7456
 7457 2021-10-12 20:42     - 54 48  161  1  35.45 0.27  0.0    6 21.9 23.7      7457
 7458 2021-10-13  0:26     - 54 41  160 48  15.00 0.21  0.0   10 17.6 21.2      7458
 7459 2021-10-13  0:26     - 54 25  160  3  15.95 0.39  0.0   11 26.6 16.7      7459
 7460 2021-10-13  1:36     - 54 57  161 26  24.39 0.21  0.0    7 17.8  5.8      7460
 7461 2021-10-13  1:36     - 54 58  161 40  15.00 0.69  0.0    5 48.4 11.6      7461
 7462 2021-10-13  2:01     - 54 59  161 34  23.28 0.16  0.0    6 13.0  3.6      7462
 *** DISTANCE & RESIDUAL WEIGHTING CANCELLED FOR EVENT: 2021 10 13  2  2
 7463 2021-10-13  2:01     - 54 44  161  0  15.03 0.56  0.0    6 40.0 47.7      7463
 7464 2021-10-13  3:05     - 55 13  161 14  38.00 0.31  0.0    6 23.5  9.6      7464
 7465 2021-10-13  3:05     - 55 50  162 12  25.49 0.08  0.0    5  5.2 12.8      7465
 7466 2021-10-13  5:25     - 54 58  162 22  14.52 0.04  0.0    4  7.1  7.5      7466
 7467 2021-10-13  5:25     - 54 57  162 26  17.27 0.09  0.0    4 10.6  6.6      7467
 7468 2021-10-13  6:06     - 55 22  163  8  18.36 0.45  0.0    5  4.3 38.7      7468
 7469 2021-10-13  7:25       55  7  161 47   5.96 0.01  0.0    4  5.5  0.5      7469
 7470 2021-10-13 11:34     - 55 27  161  5  14.86 0.22  0.0    5 17.0 15.5      7470
  SEQ ---DATE--- TIME REMARK -LAT-  --LON-  DEPTH  RMS PMAG  NUM  ERH  ERZ  ID
 7471 2021-10-13 11:34     # 54 57  160 45  14.76 0.19  0.0    9  4.7  2.0      7471
 7472 2021-10-13 11:35     - 54 55  160 56   9.17 0.13  0.0    4 12.5 16.7      7472
 7473 2021-10-13 13:09     - 55  1  161 25  14.96 0.21  0.0    4 14.1 12.8      7473
 *** DISTANCE & RESIDUAL WEIGHTING CANCELLED FOR EVENT: 2021 10 13 15 54
 7474 2021-10-13 15:54     - 55 25  161 43  29.35 0.14  0.0    4 11.2  9.9      7474
 7475 2021-10-13 17:58     - 54 40  161 49  11.24 0.21  0.0   12  2.2 17.8      7475
 7476 2021-10-14  1:13     - 55 30  160 41  17.04 0.14  0.0    8 11.0 17.1      7476
 7477 2021-10-14  1:14     - 55 22  160 26  15.01 0.45  0.0    6 33.8 38.9      7477
 *** DISTANCE & RESIDUAL WEIGHTING CANCELLED FOR EVENT: 2021 10 14  1 23
 7478 2021-10-14  1:23     - 55  1  161 45  15.00 0.59  0.0    4 43.4 30.5      7478
 7479 2021-10-14  1:23     - 55  2  161 49  13.29 0.12  0.0    4 14.0  5.6      7479
 7480 2021-10-14  1:49     # 55 19  161 56   7.85 1.60  0.0    5 92.5 11.0      7480
 7481 2021-10-14  2:34     - 55 20  160 47  52.70 0.19  0.0    8 16.1  6.2      7481
 7482 2021-10-14  2:34     - 55 10  160 50  16.11 0.23  0.0    8 18.3 22.4      7482
 *** DISTANCE & RESIDUAL WEIGHTING CANCELLED FOR EVENT: 2021 10 14  5 15
 7483 2021-10-14  5:15     - 55 27  161 41  47.68 0.46  0.0    4 39.9  6.6      7483
 *** DISTANCE & RESIDUAL WEIGHTING CANCELLED FOR EVENT: 2021 10 14  5 16
 7484 2021-10-14  5:15     - 55 21  161 51  15.00 0.66  0.0    4 56.1  6.6      7484
 7485 2021-10-14 13:04     - 55 14  161 41   6.88 0.11  0.0    5  3.9 13.4      7485
  SEQ ---DATE--- TIME REMARK -LAT-  --LON-  DEPTH  RMS PMAG  NUM  ERH  ERZ  ID
 7486 2021-10-14 13:54       54 37  161 24  15.59 0.17  0.0   16  1.6  2.3      7486
 7487 2021-10-14 14:10     - 55 27  161 34  31.67 0.14  0.0    5 10.0 13.1      7487
 7488 2021-10-14 15:23     - 55  9  161 26  14.26 0.11  0.0    4  5.4 11.2      7488
 7489 2021-10-14 15:28     - 54 52  161 51  23.82 0.27  0.0    5 16.9 23.8      7489
 7490 2021-10-14 15:59       55 23  161 56   6.39 0.10  0.0    6  1.1  6.6      7490
 7491 2021-10-14 18:05       55  5  161 39  28.99 0.00  0.0    5  6.4  2.6      7491
 7492 2021-10-14 18:10       55 26  161 37  10.28 0.09  0.0    8  1.0  1.6      7492
 7493 2021-10-14 19:01     - 55 33  160 29  15.00 0.23  0.0    5 22.0 22.4      7493
 *** DISTANCE & RESIDUAL WEIGHTING CANCELLED FOR EVENT: 2021 10 14 19  2
 7494 2021-10-14 19:02     # 55 18  161 47  12.01 0.79  0.0    4 20.1 21.2      7494
 7495 2021-10-14 19:30     - 55 11  163 27  15.88 0.30  0.0    6 13.3 24.7      7495
 7496 2021-10-14 19:30     - 54 37  161 19  17.73 0.30  0.0    9 14.8 27.7      7496
 7497 2021-10-14 19:44     - 54 27  161 53  17.46 0.18  0.0   14  1.6 19.3      7497
 7498 2021-10-14 20:04     - 54 28  162 11  17.48 0.34  0.0   14  3.0 30.5      7498
 7499 2021-10-14 20:21     - 54 47  162 42  14.97 0.17  0.0    4 11.4 15.4      7499
 7500 2021-10-14 20:29     - 54 45  160 55  14.45 0.09  0.0    7  6.5 12.9      7500
  SEQ ---DATE--- TIME REMARK -LAT-  --LON-  DEPTH  RMS PMAG  NUM  ERH  ERZ  ID
 7501 2021-10-14 20:51     # 55  5  162  4   0.68 0.15  0.0   15  0.5  8.1      7501
 7502 2021-10-14 21:35     - 54 44  162 22  14.31 0.05  0.0    5  9.5  2.3      7502
 7503 2021-10-14 21:35     - 54 51  162 20  14.51 0.12  0.0    4 13.2  8.6      7503
 7504 2021-10-15  0:17     - 55 13  161 25   8.91 0.08  0.0    5  2.3 11.0      7504
 7505 2021-10-15  2:46     - 55 29  161 28  20.24 0.05  0.0    5 10.7  4.6      7505
 7506 2021-10-15  2:46       55 30  161 41  12.22 0.11  0.0    4  3.0  4.1      7506
 7507 2021-10-15  2:50     - 55 15  160 52  33.99 0.12  0.0    7 13.2 11.6      7507
 7508 2021-10-15  2:51     - 55 30  162 24  38.95 0.05  0.0    5  5.5  8.3      7508
 7509 2021-10-15  2:51     - 55 43  161  2  66.49 0.16  0.0    4 14.1  8.0      7509
 *** DISTANCE & RESIDUAL WEIGHTING CANCELLED FOR EVENT: 2021 10 15  5 12
 7510 2021-10-15  5:12     # 55 24  162  6  15.00 1.07  0.0    4 32.8 31.5      7510
 *** DISTANCE & RESIDUAL WEIGHTING CANCELLED FOR EVENT: 2021 10 15  6 13
 7511 2021-10-15  6:13     - 54 28  162 29  15.00 0.38  0.0    4 34.2  3.4      7511
 7512 2021-10-15  8:18     - 55  7  163 22  11.27 0.37  0.0    6 19.0 16.0      7512
 7513 2021-10-15  8:18       54 25  161 34  18.27 0.26  0.0   11  4.3  7.3      7513
 7514 2021-10-15  8:19     - 55  2  163 33  20.48 0.43  0.0    9  3.8 36.2      7514
 7515 2021-10-15  9:49     - 54 58  162 22  14.46 0.01  0.0    4  8.5  8.7      7515
  SEQ ---DATE--- TIME REMARK -LAT-  --LON-  DEPTH  RMS PMAG  NUM  ERH  ERZ  ID
 7516 2021-10-15  9:49     - 54 52  162 41  29.09 0.10  0.0    4 11.9  7.6      7516
 *** DISTANCE & RESIDUAL WEIGHTING CANCELLED FOR EVENT: 2021 10 15 15 23
 7517 2021-10-15 15:23     - 55  4  162 24  22.84 2.54  0.0    4 98.7 30.6      7517
 7518 2021-10-15 17:05       55 26  161 36  10.34 0.00  0.0    4  2.3  3.2      7518
 *** DISTANCE & RESIDUAL WEIGHTING CANCELLED FOR EVENT: 2021 10 15 17 18
 7519 2021-10-15 17:18     - 55 17  161 58   9.33 0.63  0.0    4 50.4  8.0      7519
 7520 2021-10-15 17:18     - 55 28  161 16  15.63 0.19  0.0    5 18.8 15.1      7520
 *** DISTANCE & RESIDUAL WEIGHTING CANCELLED FOR EVENT: 2021 10 15 17 19
 7521 2021-10-15 17:19     # 55 21  161 46  14.98 1.48  0.0    5 31.7 10.7      7521
 7522 2021-10-16  4:28     - 55 22  160 59  14.95 0.08  0.0    5  4.4 11.2      7522
 *** DISTANCE & RESIDUAL WEIGHTING CANCELLED FOR EVENT: 2021 10 16  4 29
 7523 2021-10-16  4:28     # 55 17  161 39   0.57 0.76  0.0    4 16.4  7.2      7523
 7524 2021-10-16  6:16     - 55 19  160 26  14.63 0.18  0.0   10  8.4 17.1      7524
 7525 2021-10-16  6:22     # 54 55  161 39  14.78 0.18  0.0    5 10.4  1.5      7525
 *** DISTANCE & RESIDUAL WEIGHTING CANCELLED FOR EVENT: 2021 10 16  7 37
 7526 2021-10-16  7:37     - 55  9  161 47  14.10 0.23  0.0    4 15.7 13.0      7526
 7527 2021-10-16  7:38     # 54 57  161 44   0.02 0.22  0.0    4  6.6 10.4      7527
 7528 2021-10-16  7:59       55 22  162 17  40.06 0.10  0.0    7  2.8  9.1      7528
 7529 2021-10-16  9:27     - 55 26  161 47   0.94 0.03  0.0    5  1.3 11.0      7529
 7530 2021-10-16  9:36       55 23  161 33   5.81 0.03  0.0    5  2.2  1.2      7530
  SEQ ---DATE--- TIME REMARK -LAT-  --LON-  DEPTH  RMS PMAG  NUM  ERH  ERZ  ID
 7531 2021-10-16  9:42       55 18  161 47  12.52 0.15  0.0    5  4.1  1.3      7531
 7532 2021-10-16  9:53     - 55 27  161 39   3.16 0.19  0.0    4 15.8 10.0      7532
 7533 2021-10-16 10:05       55 26  161 40  13.27 0.08  0.0    6  2.2  1.7      7533
 7534 2021-10-16 10:40     - 55 24  161 35   2.35 0.09  0.0    4  3.5 11.2      7534
 7535 2021-10-16 10:50       55 23  161 50  15.31 0.15  0.0    7  1.6  1.7      7535
 7536 2021-10-16 10:54       54 60  161 38  23.37 0.15  0.0    7 11.7  3.5      7536
 7537 2021-10-16 10:54     - 54 46  161 10  33.78 0.47  0.0    8 26.8 27.5      7537
 7538 2021-10-16 14:19       55 23  161 49  16.88 0.00  0.0    4  8.3  1.5      7538
 *** DISTANCE & RESIDUAL WEIGHTING CANCELLED FOR EVENT: 2021 10 16 14 20
 7539 2021-10-16 14:20     - 55 19  161 52  11.56 0.29  0.0    4 23.4  7.9      7539
 7540 2021-10-16 14:30     - 55 26  161 10  44.98 0.14  0.0    8 13.6  5.8      7540
 7541 2021-10-16 15:59     - 55 25  161 58  15.28 0.03  0.0    4  2.8 12.3      7541
 7542 2021-10-16 16:09     - 55 11  161  2  35.71 0.19  0.0    8 15.3  7.0      7542
 7543 2021-10-16 16:09     - 55 20  161 15  46.65 0.05  0.0    4 11.6  4.5      7543
 7544 2021-10-16 17:35       55 17  161 29  17.38 0.02  0.0    4  2.3  3.4      7544
 7545 2021-10-16 17:46     - 55 27  161 30   8.61 0.14  0.0    5 13.5 10.7      7545
  SEQ ---DATE--- TIME REMARK -LAT-  --LON-  DEPTH  RMS PMAG  NUM  ERH  ERZ  ID
 7546 2021-10-16 17:49     - 55 38  161 43  36.13 0.16  0.0    7 10.1 10.4      7546
 7547 2021-10-16 21:00     - 54 28  161 56  17.13 0.08  0.0    5  2.5 14.4      7547
 *** DISTANCE & RESIDUAL WEIGHTING CANCELLED FOR EVENT: 2021 10 16 22 44
 7548 2021-10-16 22:43     - 55  6  162 37  15.00 0.50  0.0    4 13.7 41.9      7548
 *** DISTANCE & RESIDUAL WEIGHTING CANCELLED FOR EVENT: 2021 10 16 22 51
 7549 2021-10-16 22:51     - 55 36  162  1  15.00 0.59  0.0    4 51.0  6.9      7549
 *** 3 PHASES CANT SOLVE SEQUENCE NO. 7550, ID NO.      7550
 *** ABANDON EVENT WITH ONLY 3 READINGS:2021 10 17 14 18
 *** DISTANCE & RESIDUAL WEIGHTING CANCELLED FOR EVENT: 2021 10 17 15  1
 7551 2021-10-17 15:01     - 55 16  161 32  31.27 1.82  0.0    4 78.5 60.3      7551
 7552 2021-10-17 16:25     - 54 16  162 32  14.94 0.64  0.0    4 54.9 49.3      7552
 7553 2021-10-17 19:27     - 55 11  160 56  34.08 0.16  0.0   10  3.4 14.7      7553
 7554 2021-10-17 19:32     - 55 10  161 44  12.71 0.02  0.0    4  9.4  6.4      7554
 7555 2021-10-17 23:36     - 55 22  161 51  18.03 0.16  0.0    4 17.7  3.3      7555
 *** DISTANCE & RESIDUAL WEIGHTING CANCELLED FOR EVENT: 2021 10 17 23 36
 7556 2021-10-17 23:36     - 55 20  161 43  15.00 0.84  0.0    4 46.3 19.9      7556
 *** DISTANCE & RESIDUAL WEIGHTING CANCELLED FOR EVENT: 2021 10 18  4 12
 7557 2021-10-18  4:12     - 55 23  161 54   0.83 0.37  0.0    4  2.7 27.6      7557
 *** DISTANCE & RESIDUAL WEIGHTING CANCELLED FOR EVENT: 2021 10 18  4 13
 7558 2021-10-18  4:13     - 55 20  161 42  15.00 1.78  0.0    4 82.0 55.5      7558
 7559 2021-10-18 11:13       55 21  161 39  17.10 0.00  0.0    4  3.3  3.1      7559
 7560 2021-10-18 13:43     - 54 26  162 32  82.04 0.09  0.0    4 12.8  3.3      7560
 *** DISTANCE & RESIDUAL WEIGHTING CANCELLED FOR EVENT: 2021 10 18 14 51
  SEQ ---DATE--- TIME REMARK -LAT-  --LON-  DEPTH  RMS PMAG  NUM  ERH  ERZ  ID
 7561 2021-10-18 14:51     # 55 24  162 56  15.00 0.32  0.0    4  5.7  6.3      7561
 7562 2021-10-18 15:00     - 55  6  162  5   6.41 0.03  0.0    5  9.0  5.9      7562
 7563 2021-10-18 20:17       55 21  161 37  27.42 0.00  0.0    4  4.1  2.6      7563
 7564 2021-10-18 20:24       54 53  162 10   0.57 0.05  0.0    9  0.8  1.6      7564
 *** DISTANCE & RESIDUAL WEIGHTING CANCELLED FOR EVENT: 2021 10 18 20 25
 7565 2021-10-18 20:24     - 55  9  162 14  66.63 0.32  0.0    4 28.8 11.6      7565
 *** DISTANCE & RESIDUAL WEIGHTING CANCELLED FOR EVENT: 2021 10 18 20 25
 7566 2021-10-18 20:24     - 54 45  161 54   8.98 0.14  0.0    4 16.4 15.2      7566
 7567 2021-10-18 22:23     - 55 24  161 32   0.49 0.02  0.0    4  1.8 12.6      7567
 *** DISTANCE & RESIDUAL WEIGHTING CANCELLED FOR EVENT: 2021 10 19  2 43
 7568 2021-10-19  2:43     - 54 20  162 13  15.00 0.34  0.0    5 13.7 27.6      7568
 7569 2021-10-19  3:03     - 54 59  161 20  29.95 0.06  0.0    4 12.1  6.1      7569
 *** DISTANCE & RESIDUAL WEIGHTING CANCELLED FOR EVENT: 2021 10 19  4 56
 7570 2021-10-19  4:56     # 55 20  161 31  14.88 0.43  0.0    5  8.8 10.6      7570
 *** DISTANCE & RESIDUAL WEIGHTING CANCELLED FOR EVENT: 2021 10 19  5  2
 7571 2021-10-19  5:02     # 55 21  161 51  14.05 0.74  0.0    4 35.2 25.1      7571
 *** DISTANCE & RESIDUAL WEIGHTING CANCELLED FOR EVENT: 2021 10 19  5  2
 7572 2021-10-19  5:02     - 55 13  161 39  14.80 0.48  0.0    4 19.8 35.6      7572
 7573 2021-10-19  9:55     - 54 58  161 24   7.36 0.74  0.0    5  9.1 62.4      7573
 7574 2021-10-19 18:19     - 55 23  161 22  31.57 0.18  0.0    4 14.0  9.5      7574
 7575 2021-10-19 20:26     - 55 31  160 52  14.46 0.15  0.0    6 13.4 10.2      7575
  SEQ ---DATE--- TIME REMARK -LAT-  --LON-  DEPTH  RMS PMAG  NUM  ERH  ERZ  ID
 7576 2021-10-19 20:34     - 55 13  161 28  21.55 0.07  0.0    4 12.6  6.8      7576
 7577 2021-10-19 20:34     - 55 14  161 23   9.28 0.12  0.0    4 15.0 11.5      7577
 *** DISTANCE & RESIDUAL WEIGHTING CANCELLED FOR EVENT: 2021 10 19 20 36
 7578 2021-10-19 20:35     - 55 20  161 42  15.00 1.47  0.0    4 80.1 58.1      7578
 7579 2021-10-19 20:46       55 22  161 40  18.92 0.06  0.0    5  2.6  1.5      7579
 *** DISTANCE & RESIDUAL WEIGHTING CANCELLED FOR EVENT: 2021 10 19 20 57
 7580 2021-10-19 20:57     # 55 25  161 48  15.00 1.53  0.0    4 24.4 27.4      7580
 7581 2021-10-19 21:04     - 55 18  161 39   1.59 0.13  0.0    4  3.8 12.8      7581
 *** DISTANCE & RESIDUAL WEIGHTING CANCELLED FOR EVENT: 2021 10 19 21 21
 7582 2021-10-19 21:21     # 55  1  162  3  15.00 0.55  0.0    4 13.3 13.9      7582
 7583 2021-10-19 21:56     - 55 12  163 37  15.06 0.05  0.0    4  5.8 11.7      7583
 *** DISTANCE & RESIDUAL WEIGHTING CANCELLED FOR EVENT: 2021 10 20  0 16
 7584 2021-10-20  0:16     # 55 28  161 56  12.88 0.46  0.0    4 11.0 11.1      7584
 7585 2021-10-20  3:01       55 22  161 45  15.34 0.16  0.0    7  2.1  1.1      7585
 *** DISTANCE & RESIDUAL WEIGHTING CANCELLED FOR EVENT: 2021 10 20  3 22
 7586 2021-10-20  3:21     - 55 27  161 38  11.62 0.29  0.0    4 25.8  6.4      7586
 7587 2021-10-20  3:43       55 21  161 41   8.63 0.00  0.0    4  3.9  2.9      7587
 7588 2021-10-20  5:26       55 24  161 36   6.22 0.00  0.0    4  2.4  0.9      7588
 *** DISTANCE & RESIDUAL WEIGHTING CANCELLED FOR EVENT: 2021 10 20  5 48
 7589 2021-10-20  5:48     # 55 20  161 44  15.00 1.31  0.0    4 13.8 19.3      7589
 7590 2021-10-20  9:45     - 55 27  161  9  12.78 0.08  0.0    6 14.0 11.7      7590
  SEQ ---DATE--- TIME REMARK -LAT-  --LON-  DEPTH  RMS PMAG  NUM  ERH  ERZ  ID
 7591 2021-10-20  9:45     - 55 23  160 60  10.71 0.10  0.0    5  7.4 12.7      7591
 7592 2021-10-20 10:35     - 55 18  161 41  11.90 0.12  0.0    5  9.4  9.4      7592
 *** DISTANCE & RESIDUAL WEIGHTING CANCELLED FOR EVENT: 2021 10 20 10 56
 7593 2021-10-20 10:55     # 55 16  161 41   7.04 0.92  0.0    4  9.5 18.3      7593
 7594 2021-10-20 11:04     - 55 24  161 31   1.88 0.02  0.0    5  1.8 11.1      7594
 7595 2021-10-20 12:41     - 55 24  161 32   2.87 0.02  0.0    4  2.0 10.4      7595
 7596 2021-10-20 12:50     - 55 15  161 38   7.08 0.13  0.0    4  4.6 13.8      7596
 7597 2021-10-20 20:32     - 55 14  161 35   0.03 0.21  0.0    4 14.9 21.6      7597
 7598 2021-10-20 20:33     - 55 19  161 59   7.73 0.05  0.0    4 11.5  5.4      7598
 7599 2021-10-20 20:37     - 55 20  161 44   6.73 0.05  0.0    4 12.3  3.5      7599
 *** DISTANCE & RESIDUAL WEIGHTING CANCELLED FOR EVENT: 2021 10 21  0  0
 7600 2021-10-20 23:59     - 55 19  162 11  14.60 0.26  0.0    4  7.1 22.5      7600
 *** DISTANCE & RESIDUAL WEIGHTING CANCELLED FOR EVENT: 2021 10 21  1 55
 7601 2021-10-21  1:55     # 55 15  161 43  15.00 0.78  0.0    4 25.7  6.2      7601
 7602 2021-10-21  2:07     - 54 39  160 40  14.91 0.12  0.0   18  6.6 13.0      7602
 7603 2021-10-21  6:32     - 54 48  160 47  15.00 0.18  0.0    8 18.0 19.7      7603
 7604 2021-10-21  6:32     - 54 57  161 17  23.01 0.10  0.0    4 14.4  4.9      7604
 7605 2021-10-21  7:59     - 55 25  161 56  30.11 0.04  0.0    5  3.8 12.5      7605
  SEQ ---DATE--- TIME REMARK -LAT-  --LON-  DEPTH  RMS PMAG  NUM  ERH  ERZ  ID
 7606 2021-10-21  8:25       55 14  161 22  25.00 0.17  0.0   11  2.4  3.3      7606
 7607 2021-10-21 10:18     - 55 25  161 44   8.12 0.12  0.0    5 14.5  4.2      7607
 7608 2021-10-21 11:00     - 55 27  161 51   0.64 0.11  0.0    4  1.8 15.3      7608
 *** DISTANCE & RESIDUAL WEIGHTING CANCELLED FOR EVENT: 2021 10 21 11  0
 7609 2021-10-21 11:00     - 55 42  161 57  15.00 1.85  0.0    6 46.6 87.4      7609
 7610 2021-10-21 11:07       55 22  161 46  15.01 0.12  0.0    7  2.4  1.9      7610
 *** DISTANCE & RESIDUAL WEIGHTING CANCELLED FOR EVENT: 2021 10 21 11  7
 7611 2021-10-21 11:07     # 55 21  161 45  15.00 0.64  0.0    5 33.5 14.7      7611
 7612 2021-10-21 12:32       54 41  161 29  43.08 0.10  0.0    8  2.7  5.3      7612
 7613 2021-10-21 13:18       55 25  161 51  14.39 0.14  0.0    9  1.5  1.6      7613
 *** DISTANCE & RESIDUAL WEIGHTING CANCELLED FOR EVENT: 2021 10 21 17 50
 7614 2021-10-21 17:50     - 55 29  162 22  15.00 0.89  0.0    4 32.1 44.3      7614
 7615 2021-10-22  0:11     - 54 42  163 30  51.13 0.34  0.0    6 15.7 22.4      7615
 7616 2021-10-22  7:18     - 55 12  161 16  22.13 0.09  0.0    5 12.8  4.6      7616
 7617 2021-10-22  7:18     - 55  9  161 16  14.82 0.27  0.0    4 22.2  8.7      7617
 7618 2021-10-22  7:32       55 17  161 54  32.39 0.01  0.0    4  4.7  1.5      7618
 *** DISTANCE & RESIDUAL WEIGHTING CANCELLED FOR EVENT: 2021 10 22  7 32
 7619 2021-10-22  7:32     - 55 16  161 55  15.00 0.76  0.0    4 55.6 17.3      7619
 *** 3 PHASES CANT SOLVE SEQUENCE NO. 7620, ID NO.      7620
 *** ABANDON EVENT WITH ONLY 3 READINGS:2021 10 22 13 49
  SEQ ---DATE--- TIME REMARK -LAT-  --LON-  DEPTH  RMS PMAG  NUM  ERH  ERZ  ID
 7621 2021-10-22 18:36     - 54 54  162 15   7.64 0.02  0.0    5  1.3 11.2      7621
 *** DISTANCE & RESIDUAL WEIGHTING CANCELLED FOR EVENT: 2021 10 22 20 12
 7622 2021-10-22 20:12     - 55 30  162 14  14.70 0.54  0.0    4 21.4 41.8      7622
 *** DISTANCE & RESIDUAL WEIGHTING CANCELLED FOR EVENT: 2021 10 22 16 11
 7623 2021-10-22 16:11     - 55 13  161 29  15.00 2.09  0.0    4 49.0 88.1      7623
 7624 2021-10-22 23:51     - 54 54  162 59  20.69 0.27  0.0    7  7.9 22.9      7624
 *** 3 PHASES CANT SOLVE SEQUENCE NO. 7625, ID NO.      7625
 *** ABANDON EVENT WITH ONLY 3 READINGS:2021 10 23 12 42
 7626 2021-10-23 20:58     - 54 49  160 53  21.03 0.22  0.0   10 16.8 15.0      7626
 7627 2021-10-23 20:59     - 54 57  160 55  15.04 0.33  0.0    6 26.5 30.3      7627
 7628 2021-10-23 23:03     - 55 24  161 23  34.25 0.15  0.0    4 16.2  5.3      7628
 7629 2021-10-24  5:21     - 55 15  163  2  17.76 0.23  0.0    5  5.5 21.9      7629
 7630 2021-10-24  7:59     - 55 27  161 53  15.00 0.01  0.0    4  3.2 11.8      7630
 7631 2021-10-24 10:13     - 54 60  161 37  21.44 0.04  0.0    4  9.3  1.9      7631
 7632 2021-10-24 14:23     - 54 42  161 23  17.80 0.28  0.0    4 23.0 26.7      7632
 7633 2021-10-24 14:30     - 54 43  162 20  12.52 0.07  0.0    7 12.9  5.7      7633
 *** DISTANCE & RESIDUAL WEIGHTING CANCELLED FOR EVENT: 2021 10 24 14 30
 7634 2021-10-24 14:30     - 54 59  162 35  14.88 0.63  0.0    4 50.2 15.1      7634
 *** DISTANCE & RESIDUAL WEIGHTING CANCELLED FOR EVENT: 2021 10 24 19 12
 7635 2021-10-24 19:11     - 56  5  160 30  14.21 0.56  0.0    4 46.5 43.6      7635
 *** DISTANCE & RESIDUAL WEIGHTING CANCELLED FOR EVENT: 2021 10 24 23  9
  SEQ ---DATE--- TIME REMARK -LAT-  --LON-  DEPTH  RMS PMAG  NUM  ERH  ERZ  ID
 7636 2021-10-24 23:08     - 55 10  161 17   7.67 0.44  0.0    4 31.1 38.5      7636
 *** DISTANCE & RESIDUAL WEIGHTING CANCELLED FOR EVENT: 2021 10 24 23  9
 7637 2021-10-24 23:09     - 54 57  160 60  15.00 0.58  0.0    4 48.6  8.1      7637
 7638 2021-10-24 23:13     - 54 48  160 58  15.00 0.17  0.0    6 17.9 18.9      7638
 *** DISTANCE & RESIDUAL WEIGHTING CANCELLED FOR EVENT: 2021 10 24 23 14
 7639 2021-10-24 23:14     - 55  6  161 51  13.37 0.18  0.0    4 12.0  9.1      7639
 7640 2021-10-24 23:59     - 55 24  161 58  39.19 0.04  0.0    5  4.1 12.4      7640
 7641 2021-10-25  7:18     - 55 12  163 35  17.68 0.64  0.0   12  4.5 54.9      7641
 7642 2021-10-25  7:59     - 55 22  161 52  38.20 0.08  0.0    6  3.7 13.4      7642
 7643 2021-10-25  8:37     - 55 11  163 19  17.06 0.28  0.0    6  2.0 26.4      7643
 7644 2021-10-25  8:37     - 54 25  161 32  15.03 0.17  0.0    7 11.0 16.2      7644
 7645 2021-10-25 13:19     # 55  5  162  4   1.06 0.13  0.0   12  0.6  7.3      7645
 7646 2021-10-25 16:44       55  4  162  4   3.09 0.04  0.0    7  0.9  4.3      7646
 7647 2021-10-25 17:40     - 55 29  161 20  32.91 0.05  0.0    4  9.3  1.9      7647
 7648 2021-10-25 21:55     - 55  0  160 38  15.02 0.23  0.0    9 19.2 23.0      7648
 7649 2021-10-25 21:55     - 54 58  160 20  15.53 0.15  0.0    7 13.5 17.8      7649
 7650 2021-10-25 23:46     - 54 48  160 38  15.00 0.23  0.0   11 19.2 22.9      7650
  SEQ ---DATE--- TIME REMARK -LAT-  --LON-  DEPTH  RMS PMAG  NUM  ERH  ERZ  ID
 7651 2021-10-25 23:46     - 54 45  160 28  15.04 0.19  0.0    9 13.2 19.9      7651
 *** DISTANCE & RESIDUAL WEIGHTING CANCELLED FOR EVENT: 2021 10 26 15 10
 7652 2021-10-26 15:10     - 55  3  162 19  28.92 0.72  0.0    4 61.2  7.1      7652
 *** DISTANCE & RESIDUAL WEIGHTING CANCELLED FOR EVENT: 2021 10 26  8 54
 7653 2021-10-26  8:54     # 55 15  161 30  15.01 0.55  0.0    6  8.4 12.1      7653
 7654 2021-10-26 10:52     - 54 34  163 27  14.28 0.33  0.0    8 13.3 26.8      7654
 7655 2021-10-26 10:53     - 54 49  162 20  16.03 0.20  0.0    6 17.0  7.3      7655
 7656 2021-10-26 15:57     - 55 22  161 44  13.99 0.10  0.0    5 10.4  2.0      7656
 *** DISTANCE & RESIDUAL WEIGHTING CANCELLED FOR EVENT: 2021 10 26 20 11
 7657 2021-10-26 20:11     - 55  2  160 49  15.00 0.69  0.0    4 53.5 58.0      7657
 7658 2021-10-26 20:49     - 55 12  161 30   7.20 0.32  0.0    7  3.9 28.2      7658
 *** DISTANCE & RESIDUAL WEIGHTING CANCELLED FOR EVENT: 2021 10 26 21 10
 7659 2021-10-26 21:09     - 55 29  160 16  15.07 0.17  0.0    4 13.7 17.2      7659
 7660 2021-10-26 22:10     - 54 25  161 34  14.95 0.26  0.0    8 10.8 21.7      7660
 7661 2021-10-26 23:29     - 54 30  161 20  14.07 0.02  0.0    4  5.6 11.3      7661
 7662 2021-10-26 23:59     - 55 27  161 53  15.00 0.01  0.0    4  3.1 11.9      7662
 7663 2021-10-27  0:00     - 54 22  161 39  14.80 0.33  0.0    8 13.2 26.2      7663
 *** DISTANCE & RESIDUAL WEIGHTING CANCELLED FOR EVENT: 2021 10 27  0 29
 7664 2021-10-27  0:29     - 54 57  163 43  15.00 0.47  0.0    5 18.5 37.1      7664
 7665 2021-10-27  2:51       54 48  162 18  14.57 0.09  0.0    8  8.3  4.1      7665
  SEQ ---DATE--- TIME REMARK -LAT-  --LON-  DEPTH  RMS PMAG  NUM  ERH  ERZ  ID
 7666 2021-10-27  2:52     - 54 46  162 15  15.00 0.38  0.0    8 30.4  1.3      7666
 7667 2021-10-27  3:08     - 54 48  162 17  13.21 0.13  0.0    7 13.6  8.4      7667
 7668 2021-10-27  3:08     - 54 38  162 27  12.38 0.19  0.0    6 17.2  2.7      7668
 7669 2021-10-27  6:59     # 55  9  163 14  13.85 0.69  0.0   11 18.3 16.1      7669
 *** DISTANCE & RESIDUAL WEIGHTING CANCELLED FOR EVENT: 2021 10 27  8  0
 7670 2021-10-27  7:59     - 55 22  162  8  40.68 0.16  0.0    4  5.0 14.3      7670
 7671 2021-10-27  8:30     - 55 13  163 20  17.64 0.43  0.0    8  3.0 37.9      7671
 7672 2021-10-27  8:30     # 55 18  161 43  15.01 2.51  0.0    7 15.2 34.0      7672
 7673 2021-10-27 10:06     - 55  5  162  4   0.18 0.15  0.0   12  0.6 13.6      7673
 7674 2021-10-27 10:13       55  5  162  4   2.06 0.12  0.0   14  0.5  3.7      7674
 7675 2021-10-27 11:50     - 55  7  163 17  14.96 0.19  0.0    8 14.3  5.7      7675
 *** DISTANCE & RESIDUAL WEIGHTING CANCELLED FOR EVENT: 2021 10 27 11 50
 7676 2021-10-27 11:50     - 55  3  162  7  14.96 0.62  0.0    4 51.0 13.3      7676
 7677 2021-10-27 12:56       55  5  162  4   3.78 0.13  0.0   15  0.5  1.2      7677
 *** DISTANCE & RESIDUAL WEIGHTING CANCELLED FOR EVENT: 2021 10 27 12 59
 7678 2021-10-27 12:58     - 55 43  161  6  16.22 0.13  0.0    4 16.4  9.5      7678
 7679 2021-10-27 13:56     - 54 57  161  1  30.90 0.18  0.0    9 15.3  2.0      7679
 7680 2021-10-27 13:56     - 54 48  160 43  24.05 0.06  0.0    7 10.0  2.9      7680
  SEQ ---DATE--- TIME REMARK -LAT-  --LON-  DEPTH  RMS PMAG  NUM  ERH  ERZ  ID
 7681 2021-10-27 15:11     - 54 20  161 33  14.01 0.18  0.0   11  8.8 17.3      7681
 *** DISTANCE & RESIDUAL WEIGHTING CANCELLED FOR EVENT: 2021 10 27 16  0
 7682 2021-10-27 15:59     - 55 25  161 55  15.00 1.72  0.0    4 72.4 67.5      7682
 7683 2021-10-27 16:16     - 54 59  161 32  28.52 0.07  0.0    4 11.9  5.1      7683
 *** DISTANCE & RESIDUAL WEIGHTING CANCELLED FOR EVENT: 2021 10 27 16 16
 7684 2021-10-27 16:16     - 54 53  160 31  15.00 0.51  0.0    5 41.0 43.4      7684
 7685 2021-10-27 17:08     - 54 58  161 40   8.12 0.04  0.0    5  2.7  9.7      7685
 7686 2021-10-27 20:14     - 55 12  161 36  17.08 0.02  0.0    4  8.7  3.5      7686
 7687 2021-10-27 22:32     - 55  7  162 41   7.37 0.20  0.0    4  4.3 20.8      7687
 7688 2021-10-27 23:59     - 55 25  161 57  14.99 0.09  0.0    5  1.7 10.2      7688
 7689 2021-10-28  2:58       54 33  162  9  28.31 0.15  0.0   10  3.2  3.0      7689
 7690 2021-10-28  5:48     - 55 12  161 27   7.49 0.52  0.0   10  5.4 39.1      7690
 7691 2021-10-28  5:53       55 22  161 35  11.46 0.01  0.0    4  6.5  5.8      7691
 7692 2021-10-28  7:59     - 55 24  162  6  47.17 0.13  0.0    6  7.3 11.7      7692
 7693 2021-10-28 11:56       55 18  161 40  17.27 0.13  0.0    7  2.2  1.0      7693
 7694 2021-10-28 12:23     - 55  2  161  2  15.16 0.21  0.0    5 14.9  1.6      7694
 *** DISTANCE & RESIDUAL WEIGHTING CANCELLED FOR EVENT: 2021 10 28 12 55
 7695 2021-10-28 12:55     # 55 31  162  9  22.57 0.70  0.0    6 12.9 25.1      7695
  SEQ ---DATE--- TIME REMARK -LAT-  --LON-  DEPTH  RMS PMAG  NUM  ERH  ERZ  ID
 7696 2021-10-28 15:05     - 54 34  161 18  15.09 0.15  0.0    8  7.8 15.5      7696
 *** DISTANCE & RESIDUAL WEIGHTING CANCELLED FOR EVENT: 2021 10 28 15 24
 7697 2021-10-28 15:24     - 55 39  160 55  15.00 1.41  0.0    4 98.5 20.6      7697
 *** DISTANCE & RESIDUAL WEIGHTING CANCELLED FOR EVENT: 2021 10 28 15 30
 *** ABANDON EVENT WITH ONLY 3 READINGS:2021 10 28 15 30
 7699 2021-10-28 15:59     - 55 20  162 10  66.05 0.12  0.0    8  4.8 13.8      7699
 7700 2021-10-28 18:35     - 54 36  161 19  15.77 0.22  0.0   16  7.8 15.5      7700
 7701 2021-10-28 19:07     - 55 11  161  3  32.87 0.18  0.0    9 15.3  1.0      7701
 7702 2021-10-28 19:07     - 54 57  160 32  15.00 0.56  0.0    9 33.3 48.2      7702
 7703 2021-10-28 20:06     - 54 49  161 18  33.82 0.07  0.0    4 10.2 12.8      7703
 *** DISTANCE & RESIDUAL WEIGHTING CANCELLED FOR EVENT: 2021 10 28 20 22
 7704 2021-10-28 20:22     - 55 18  161 46  15.00 1.83  0.0    4 96.0 25.4      7704
 7705 2021-10-28 21:30     - 54 56  162 40  16.54 0.02  0.0    4 10.1  6.8      7705
 7706 2021-10-28 21:37     - 54 54  161 14  14.36 0.18  0.0    6 16.1  2.1      7706
 7707 2021-10-28 21:37     - 54 50  161 26  33.95 0.01  0.0    4 11.2  9.0      7707
 7708 2021-10-28 22:41     - 54 46  161  6  26.88 0.17  0.0    9 17.0  3.1      7708
 7709 2021-10-28 22:41       54 50  161 15  13.43 0.22  0.0    7  8.2  3.4      7709
 *** DISTANCE & RESIDUAL WEIGHTING CANCELLED FOR EVENT: 2021 10 28 22 44
 7710 2021-10-28 22:44     - 54 53  161 10  16.68 0.28  0.0    4 24.0 26.1      7710
  SEQ ---DATE--- TIME REMARK -LAT-  --LON-  DEPTH  RMS PMAG  NUM  ERH  ERZ  ID
 7711 2021-10-28 23:59       55 18  162 10  39.91 0.11  0.0    8  2.6  9.1      7711
 7712 2021-10-29  0:16     - 54 47  161  4  30.05 0.22  0.0    9 18.4  2.1      7712
 7713 2021-10-29  0:16     - 54 42  160 57  26.92 0.17  0.0    8 12.9  3.1      7713
 7714 2021-10-29  0:58     - 54 28  161 30  15.05 0.11  0.0    4  6.6 13.7      7714
 7715 2021-10-29  0:58     - 55  4  162 52  14.75 0.60  0.0    4  9.3 38.7      7715
 *** DISTANCE & RESIDUAL WEIGHTING CANCELLED FOR EVENT: 2021 10 29  2 48
 7716 2021-10-29  2:48     - 54 56  162 42  15.00 1.31  0.0    4 99.0 59.8      7716
 7717 2021-10-29  4:44     - 55 11  162 10  14.96 0.25  0.0    4  5.8 17.1      7717
 7718 2021-10-29  5:21     - 54 57  161 34  21.24 0.13  0.0    4 15.0  5.0      7718
 7719 2021-10-29  5:21     - 54 58  161 47   6.55 0.14  0.0    4  6.0 16.7      7719
 *** DISTANCE & RESIDUAL WEIGHTING CANCELLED FOR EVENT: 2021 10 29  6 29
 7720 2021-10-29  6:29     # 55  1  162 34  19.24 0.63  0.0    9  6.4  8.0      7720
 7721 2021-10-29  6:38     - 55  9  161  2  33.44 0.32  0.0    9 20.9 22.2      7721
 7722 2021-10-29  6:38     - 54 59  160 32  15.02 0.20  0.0    7 16.2 20.7      7722
 7723 2021-10-29  8:15       55 19  161 46  12.23 0.00  0.0    4  2.9  1.1      7723
 7724 2021-10-29  8:23     - 54 23  161 41  15.45 0.20  0.0    4  9.4 18.8      7724
 7725 2021-10-29  8:23     - 55 24  162 42  14.68 0.13  0.0    4  4.2 16.2      7725
  SEQ ---DATE--- TIME REMARK -LAT-  --LON-  DEPTH  RMS PMAG  NUM  ERH  ERZ  ID
 7726 2021-10-29  8:32     # 55 15  161 35  10.80 0.06  0.0    5  5.5  6.1      7726
 *** DISTANCE & RESIDUAL WEIGHTING CANCELLED FOR EVENT: 2021 10 29  8 36
 7727 2021-10-29  8:36     - 55 28  161 52   0.92 0.71  0.0    4  5.7 46.6      7727
 *** DISTANCE & RESIDUAL WEIGHTING CANCELLED FOR EVENT: 2021 10 29  8 50
 7728 2021-10-29  8:50     # 55 18  161 35  15.00 0.89  0.0    4 14.7  8.4      7728
 *** DISTANCE & RESIDUAL WEIGHTING CANCELLED FOR EVENT: 2021 10 29  8 52
 7729 2021-10-29  8:52     # 55 22  161 49   1.52 0.51  0.0    4 26.8  7.0      7729
 7730 2021-10-29  9:20     - 55 12  160 53  15.97 0.06  0.0    5  6.0 12.0      7730
 7731 2021-10-29  9:22       55 18  161 45  21.50 0.00  0.0    4  2.0  2.3      7731
 *** DISTANCE & RESIDUAL WEIGHTING CANCELLED FOR EVENT: 2021 10 29 18 31
 7732 2021-10-29 18:30     - 54 21  162 31  14.51 0.94  0.0    5 78.8 15.9      7732
 *** DISTANCE & RESIDUAL WEIGHTING CANCELLED FOR EVENT: 2021 10 29 22 38
 7733 2021-10-29 22:38     # 55 13  161 58  15.03 1.19  0.0    4 38.3 14.0      7733
 7734 2021-10-30  1:59     - 55 21  162 18  59.96 0.70  0.0    4 57.8 12.3      7734
 7735 2021-10-31  1:50     - 55 16  161 19  10.10 0.11  0.0    4  4.3 12.2      7735
 *** DISTANCE & RESIDUAL WEIGHTING CANCELLED FOR EVENT: 2021 10 31  1 56
 7736 2021-10-31  1:55     - 55  8  162 23  15.00 0.40  0.0    4 11.0 27.4      7736
 *** DISTANCE & RESIDUAL WEIGHTING CANCELLED FOR EVENT: 2021 10 31  2  7
 7737 2021-10-31  2:07     - 55 23  161 45  15.00 1.01  0.0    5 62.8 33.9      7737
 *** DISTANCE & RESIDUAL WEIGHTING CANCELLED FOR EVENT: 2021 10 31 10 21
 *** ABANDON EVENT WITH ONLY 3 READINGS:2021 10 31 10 21
 7739 2021-10-31 10:37     - 55 14  161 20   8.70 0.18  0.0    6  2.1 18.2      7739
 7740 2021-10-31 13:18     - 55 13  161 15  11.98 0.18  0.0    5 15.2 13.4      7740
  SEQ ---DATE--- TIME REMARK -LAT-  --LON-  DEPTH  RMS PMAG  NUM  ERH  ERZ  ID
 7741 2021-10-31 13:18     - 55  5  160 34  14.99 0.11  0.0    6 13.8 15.2      7741
 7742 2021-10-31 14:28     - 55 25  161 52   0.06 0.71  0.0    5  2.6 44.2      7742
 *** DISTANCE & RESIDUAL WEIGHTING CANCELLED FOR EVENT: 2021 10 31 14 39
 7743 2021-10-31 14:38     - 55 23  162 14   6.92 0.16  0.0    4  5.5 16.0      7743
 7744 2021-10-31 14:56     - 54 41  160 54  15.00 0.19  0.0   10 15.6 19.8      7744
 7745 2021-10-31 14:56     - 54 41  160 54  15.02 0.26  0.0    4 22.8 24.3      7745
 *** DISTANCE & RESIDUAL WEIGHTING CANCELLED FOR EVENT: 2021 10 31 14 57
 7746 2021-10-31 14:56     - 54 51  162  7  15.80 0.21  0.0    4 20.6  1.7      7746
 7747 2021-10-31 15:59     - 55 25  161 55  14.99 0.06  0.0    4  2.7 12.4      7747
 7748 2021-10-31 16:38     - 54 58  160 46  45.89 0.25  0.0    9 21.5 12.5      7748
 7749 2021-10-31 16:38     - 55  8  160 56  48.81 0.15  0.0    6 15.3  5.1      7749
 7750 2021-10-31 17:11       55 22  161 29  14.86 0.06  0.0    5  3.5  3.3      7750
 *** DISTANCE & RESIDUAL WEIGHTING CANCELLED FOR EVENT: 2021 10 31 18 37
 7751 2021-10-31 18:36     # 55  8  161 45  15.01 0.90  0.0    4 27.6 16.9      7751
 *** DISTANCE & RESIDUAL WEIGHTING CANCELLED FOR EVENT: 2021 10 31 20 18
 7752 2021-10-31 20:18     - 55 25  161 42  15.61 0.37  0.0    5 31.2  3.4      7752
 *** DISTANCE & RESIDUAL WEIGHTING CANCELLED FOR EVENT: 2021 10 31 20 18
 7753 2021-10-31 20:18     - 55 19  161 47   1.15 0.14  0.0    5  3.5 15.4      7753
 *** DISTANCE & RESIDUAL WEIGHTING CANCELLED FOR EVENT: 2021 10 31 20 21
 7754 2021-10-31 20:21     - 55 32  162  6   0.72 0.39  0.0    4 10.7 28.9      7754
 7755 2021-10-31 23:59     - 55 24  161 57  25.98 0.06  0.0    6  2.3 11.9      7755
 *** DISTANCE & RESIDUAL WEIGHTING CANCELLED FOR EVENT: 2021 11  1  0 50
  SEQ ---DATE--- TIME REMARK -LAT-  --LON-  DEPTH  RMS PMAG  NUM  ERH  ERZ  ID
 7756 2021-11- 1  0:50     - 55 19  161 53   6.17 0.58  0.0    4 33.6 14.3      7756
 7757 2021-11- 1  1:00     - 55  9  162 12   7.38 0.05  0.0    4  3.5 12.3      7757
 7758 2021-11- 1  1:08     - 54 56  161 19  11.43 0.16  0.0    4 13.5 16.5      7758
 7759 2021-11- 1  3:48     # 55 16  162  1   5.58 0.15  0.0    4  7.6  4.3      7759
 7760 2021-11- 1  4:16     - 54 51  161 58  13.99 0.06  0.0    4  5.5 12.3      7760
 *** DISTANCE & RESIDUAL WEIGHTING CANCELLED FOR EVENT: 2021 11  1  7  1
 7761 2021-11- 1  7:01     - 55 25  161 42  17.17 0.19  0.0    4 20.5  2.0      7761
 7762 2021-11- 1  7:01       55 20  162  1   6.55 0.00  0.0    4  2.0  1.5      7762
 *** DISTANCE & RESIDUAL WEIGHTING CANCELLED FOR EVENT: 2021 11  1  7  2
 7763 2021-11- 1  7:02     # 55 20  162 11   5.07 1.04  0.0    5 28.1  5.8      7763
 7764 2021-11- 1  7:13     - 55 18  161 59   1.51 0.08  0.0    4  2.8 11.2      7764
 7765 2021-11- 1  7:59     - 55 22  161 52  29.86 0.08  0.0    5  3.3 13.1      7765
 7766 2021-11- 1  8:41       54 50  162 48  11.23 0.20  0.0    9  2.6  8.0      7766
 *** DISTANCE & RESIDUAL WEIGHTING CANCELLED FOR EVENT: 2021 11  1  9 26
 7767 2021-11- 1  9:26     - 55  9  160 31  15.00 0.90  0.0    4 75.7 67.9      7767
 7768 2021-11- 1 10:12     - 55 39  162 53  15.71 0.06  0.0    4  6.1 12.0      7768
 7769 2021-11- 1 10:15     - 55 17  160 42  15.85 0.21  0.0   11  9.1 19.0      7769
 7770 2021-11- 1 10:15     - 55 13  161  9  56.64 0.03  0.0    4  9.0  5.7      7770
  SEQ ---DATE--- TIME REMARK -LAT-  --LON-  DEPTH  RMS PMAG  NUM  ERH  ERZ  ID
 7771 2021-11- 1 10:25     - 54 44  162 28  17.49 0.12  0.0    4 15.7  3.5      7771
 *** DISTANCE & RESIDUAL WEIGHTING CANCELLED FOR EVENT: 2021 11  1 10 26
 7772 2021-11- 1 10:26     - 54 34  162 36  15.00 0.66  0.0    4 53.4  5.4      7772
 *** DISTANCE & RESIDUAL WEIGHTING CANCELLED FOR EVENT: 2021 11  1 10 55
 7773 2021-11- 1 10:55     - 55 19  161 44  15.00 1.30  0.0    4 72.0 43.3      7773
 *** DISTANCE & RESIDUAL WEIGHTING CANCELLED FOR EVENT: 2021 11  1 10 58
 7774 2021-11- 1 10:58     # 55 18  161 34  15.00 0.61  0.0    4 20.3 15.8      7774
 7775 2021-11- 1 11:00       55 14  161 30  24.66 0.11  0.0    8  2.4  2.9      7775
 *** DISTANCE & RESIDUAL WEIGHTING CANCELLED FOR EVENT: 2021 11  1 11  0
 7776 2021-11- 1 11:00     - 55 43  161 47   8.39 0.45  0.0    4 37.1 31.8      7776
 *** DISTANCE & RESIDUAL WEIGHTING CANCELLED FOR EVENT: 2021 11  1 11  3
 7777 2021-11- 1 11:03     - 55  7  161 22  10.89 0.53  0.0    4 43.6 35.2      7777
 7778 2021-11- 1 11:26     - 54 45  160 56  35.63 0.21  0.0    9 15.2 14.2      7778
 7779 2021-11- 1 11:27       54 50  161 16  31.16 0.15  0.0   10  7.6  1.0      7779
 7780 2021-11- 1 11:30     - 54 22  161 15  14.68 0.03  0.0    4  5.4 11.6      7780
 7781 2021-11- 1 11:30     - 54 56  162 51  14.76 0.09  0.0    4 11.5  8.1      7781
 7782 2021-11- 1 11:31     - 54 50  161  9  20.66 0.24  0.0    5 19.1 20.0      7782
 7783 2021-11- 1 11:32     - 54 55  161 13  33.57 0.21  0.0    5 19.3  5.6      7783
 7784 2021-11- 1 12:07     - 54 56  162 43  13.75 0.02  0.0    4  3.5 12.0      7784
 7785 2021-11- 1 14:16     - 55 17  161 24   7.65 0.32  0.0    5 20.8 19.3      7785
 *** DISTANCE & RESIDUAL WEIGHTING CANCELLED FOR EVENT: 2021 11  1 14 18
  SEQ ---DATE--- TIME REMARK -LAT-  --LON-  DEPTH  RMS PMAG  NUM  ERH  ERZ  ID
 7786 2021-11- 1 14:17     - 55 20  161 51  14.99 0.91  0.0    5 63.9  7.8      7786
 *** DISTANCE & RESIDUAL WEIGHTING CANCELLED FOR EVENT: 2021 11  1 14 24
 7787 2021-11- 1 14:24     # 55 23  161 53   0.94 0.54  0.0    6  2.3 32.7      7787
 7788 2021-11- 1 14:58     - 55 17  161 23  32.26 0.09  0.0    4 11.3  8.6      7788
 *** DISTANCE & RESIDUAL WEIGHTING CANCELLED FOR EVENT: 2021 11  1 15 56
 7789 2021-11- 1 15:56     - 55  9  161 20  14.99 0.72  0.0    4 55.5 44.8      7789
 7790 2021-11- 1 15:59     - 55 25  161 56  27.29 0.07  0.0    6  2.3 11.9      7790
 *** DISTANCE & RESIDUAL WEIGHTING CANCELLED FOR EVENT: 2021 11  1 16 19
 7791 2021-11- 1 16:18     - 55  9  161 52  15.17 0.59  0.0    4 47.9 26.3      7791
 7792 2021-11- 1 17:08     - 54 52  162 22  13.76 0.09  0.0    5 12.4  7.4      7792
 *** DISTANCE & RESIDUAL WEIGHTING CANCELLED FOR EVENT: 2021 11  1 17  8
 7793 2021-11- 1 17:08     # 54 57  162 39  15.00 1.35  0.0    5 77.0  6.0      7793
 7794 2021-11- 1 18:29     # 55  6  163 15  14.42 1.07  0.0   12 19.7 16.9      7794
 7795 2021-11- 1 19:30     - 55 18  161 10  12.69 0.03  0.0    4  8.3 12.5      7795
 7796 2021-11- 1 19:31       55 15  161 43   8.91 0.09  0.0    5  1.6  4.3      7796
 *** DISTANCE & RESIDUAL WEIGHTING CANCELLED FOR EVENT: 2021 11  1 19 43
 7797 2021-11- 1 19:43     - 55 20  161 42  15.00 0.69  0.0    4 42.4 27.4      7797
 7798 2021-11- 1 20:26       55 21  161 37   9.89 0.11  0.0    5  4.3  2.7      7798
 *** DISTANCE & RESIDUAL WEIGHTING CANCELLED FOR EVENT: 2021 11  1 21 16
 7799 2021-11- 1 21:15     - 55 25  160 10  14.21 0.24  0.0    4 12.5 21.2      7799
 7800 2021-11- 1 23:40     - 54 34  161 16  34.27 0.14  0.0   10  2.0 16.5      7800
  SEQ ---DATE--- TIME REMARK -LAT-  --LON-  DEPTH  RMS PMAG  NUM  ERH  ERZ  ID
 7801 2021-11- 1 23:59     - 55 25  161 56  14.99 0.08  0.0    5  2.0 12.0      7801
 *** DISTANCE & RESIDUAL WEIGHTING CANCELLED FOR EVENT: 2021 11  2  1 13
 7802 2021-11- 2  1:13     - 55 23  161 50  14.91 0.42  0.0    4  6.6 27.7      7802
 7803 2021-11- 2  1:36     - 55 15  161 12  15.15 0.07  0.0    4  6.2 11.3      7803
 *** DISTANCE & RESIDUAL WEIGHTING CANCELLED FOR EVENT: 2021 11  2  1 46
 7804 2021-11- 2  1:46     - 55 19  161 57  15.08 0.45  0.0    4 37.2  3.7      7804
 7805 2021-11- 2  1:51     - 54 31  161 44  17.28 0.21  0.0   15  1.4 21.7      7805
 7806 2021-11- 2  2:17     - 55 23  161 38   0.30 0.01  0.0    4  1.8 12.5      7806
 7807 2021-11- 2  2:20       55 20  161 46  14.34 0.00  0.0    4  6.6  1.1      7807
 7808 2021-11- 2  6:29     - 55 26  161 56  14.21 0.02  0.0    4  2.9  9.9      7808
 7809 2021-11- 2  7:04     - 54 54  162 24  12.59 0.00  0.0    4 10.6  6.1      7809
 7810 2021-11- 2  7:05     - 54 51  162 21  12.51 0.12  0.0    4 13.7  7.5      7810
 7811 2021-11- 2  7:59     - 55 24  161 54  27.32 0.07  0.0    6  2.2 12.2      7811
 7812 2021-11- 2  8:21     - 55 27  161 45  14.54 0.01  0.0    4  6.3  9.4      7812
 *** DISTANCE & RESIDUAL WEIGHTING CANCELLED FOR EVENT: 2021 11  2  8 21
 7813 2021-11- 2  8:21     - 55 40  162  6   7.50 0.81  0.0    4 31.8 66.7      7813
 *** DISTANCE & RESIDUAL WEIGHTING CANCELLED FOR EVENT: 2021 11  2  8 38
 7814 2021-11- 2  8:37     # 55 21  162  4  14.91 0.36  0.0    4 13.6  5.5      7814
 7815 2021-11- 2  8:47     - 55 27  161 32   7.35 0.41  0.0    6  6.1 29.5      7815
 *** DISTANCE & RESIDUAL WEIGHTING CANCELLED FOR EVENT: 2021 11  2 15 12
  SEQ ---DATE--- TIME REMARK -LAT-  --LON-  DEPTH  RMS PMAG  NUM  ERH  ERZ  ID
 7816 2021-11- 2 15:12     - 55  8  161 32  11.79 0.51  0.0    4 41.2 22.1      7816
 *** DISTANCE & RESIDUAL WEIGHTING CANCELLED FOR EVENT: 2021 11  2 15 16
 7817 2021-11- 2 15:15     - 55 30  161 52  12.64 0.46  0.0    4 21.7 28.7      7817
 7818 2021-11- 2 15:16     - 55 11  162  5   7.44 0.45  0.0    4 34.3 29.4      7818
 *** DISTANCE & RESIDUAL WEIGHTING CANCELLED FOR EVENT: 2021 11  2 15 24
 7819 2021-11- 2 15:24     # 55 31  162  8   4.30 0.75  0.0    4 33.2 19.7      7819
 7820 2021-11- 2 15:26     - 55  4  161 51   8.88 0.20  0.0    6  5.3 18.0      7820
 *** DISTANCE & RESIDUAL WEIGHTING CANCELLED FOR EVENT: 2021 11  2 15 27
 7821 2021-11- 2 15:27     - 55 20  161 47   1.99 0.59  0.0    4 28.2 30.4      7821
 *** DISTANCE & RESIDUAL WEIGHTING CANCELLED FOR EVENT: 2021 11  2 15 36
 7822 2021-11- 2 15:36     - 55 16  161 35  15.00 0.80  0.0    4 61.9 30.7      7822
 7823 2021-11- 2 15:59     - 55 25  161 57  25.82 0.05  0.0    6  2.7 12.0      7823
 *** DISTANCE & RESIDUAL WEIGHTING CANCELLED FOR EVENT: 2021 11  2 16 56
 7824 2021-11- 2 16:56     - 55  8  162 19  14.93 0.21  0.0    4  4.0 20.6      7824
 7825 2021-11- 2 18:12       54 53  162 11   4.98 0.00  0.0    4  2.1  2.0      7825
 7826 2021-11- 2 18:21     - 54 51  160 39  13.89 0.20  0.0    8  9.9 17.9      7826
 7827 2021-11- 2 18:21     - 54 54  160 54  17.10 0.19  0.0    7 15.0 20.0      7827
 7828 2021-11- 2 18:48     # 55 22  161 51   0.23 0.51  0.0    4  2.0 25.3      7828
 7829 2021-11- 2 19:03       55 23  161 44  18.91 0.09  0.0    6  3.3  1.3      7829
 *** DISTANCE & RESIDUAL WEIGHTING CANCELLED FOR EVENT: 2021 11  2 19  9
 7830 2021-11- 2 19:09     # 55 20  161 60   3.74 0.58  0.0    4  6.1 30.5      7830
 *** DISTANCE & RESIDUAL WEIGHTING CANCELLED FOR EVENT: 2021 11  2 19 12
  SEQ ---DATE--- TIME REMARK -LAT-  --LON-  DEPTH  RMS PMAG  NUM  ERH  ERZ  ID
 7831 2021-11- 2 19:12     - 55 13  161 31   5.96 0.38  0.0    4 29.5 33.0      7831
 7832 2021-11- 2 23:59     - 55 25  161 55  29.28 0.04  0.0    5  3.5 12.6      7832
 *** DISTANCE & RESIDUAL WEIGHTING CANCELLED FOR EVENT: 2021 11  3  1 26
 7833 2021-11- 3  1:26     - 55 10  161 31   7.15 0.32  0.0    4 29.8 26.7      7833
 7834 2021-11- 3  1:28       55 10  161 42  24.73 0.00  0.0    4  5.0  1.8      7834
 7835 2021-11- 3  7:48     - 54 52  160 56  17.98 0.18  0.0   15  1.2 19.7      7835
 7836 2021-11- 3 13:15     - 54 45  160 52  15.00 0.20  0.0    8 18.9 20.5      7836
 7837 2021-11- 3 13:15     - 55 14  161 28  11.01 0.11  0.0    5 11.9  5.5      7837
 7838 2021-11- 3 22:25     - 54 22  161 34  16.65 0.26  0.0    9 11.0 21.5      7838
 *** DISTANCE & RESIDUAL WEIGHTING CANCELLED FOR EVENT: 2021 11  4  0  7
 7839 2021-11- 4  0:07     - 55 20  161 41  10.09 0.39  0.0    5 30.4  5.6      7839
 7840 2021-11- 4  0:18     - 55 26  161 48   1.41 0.06  0.0    4  1.3 11.2      7840
 7841 2021-11- 4  3:40     - 54 30  162 41  15.25 0.05  0.0    5  6.6 11.7      7841
 7842 2021-11- 4  3:45       55 22  161 27   8.31 0.01  0.0    4  2.6  8.1      7842
 7843 2021-11- 4  3:54       55 25  161 34  11.19 0.00  0.0    4  2.4  3.1      7843
 *** DISTANCE & RESIDUAL WEIGHTING CANCELLED FOR EVENT: 2021 11  4  3 54
 7844 2021-11- 4  3:54     # 55 37  161 59  15.00 1.25  0.0    5 35.2 36.8      7844
 *** DISTANCE & RESIDUAL WEIGHTING CANCELLED FOR EVENT: 2021 11  4  4  5
 7845 2021-11- 4  4:04     - 55 16  161 26  14.99 0.73  0.0    4 57.9 24.0      7845
  SEQ ---DATE--- TIME REMARK -LAT-  --LON-  DEPTH  RMS PMAG  NUM  ERH  ERZ  ID
 7846 2021-11- 4  6:52     - 55 13  160 31  15.00 0.19  0.0    8 18.8 20.3      7846
 7847 2021-11- 4  6:52       55 33  161 49  10.82 0.00  0.0    4  2.0  3.2      7847
 *** DISTANCE & RESIDUAL WEIGHTING CANCELLED FOR EVENT: 2021 11  4  6 53
 7848 2021-11- 4  6:53     - 55  7  162 18  21.45 1.53  0.0    5 98.9 20.8      7848
 7849 2021-11- 4  8:58       54 52  162 39  31.22 0.07  0.0   11  2.1  1.0      7849
 7850 2021-11- 4  8:58     - 54 59  162 18   3.96 0.11  0.0    5 11.9  0.7      7850
 *** DISTANCE & RESIDUAL WEIGHTING CANCELLED FOR EVENT: 2021 11  4  9 53
 7851 2021-11- 4  9:53     - 55 10  161 46  15.00 1.80  0.0    4 28.5 94.8      7851
 7852 2021-11- 4 12:58     - 55 20  160 45  35.84 0.24  0.0    8 21.5 18.0      7852
 *** DISTANCE & RESIDUAL WEIGHTING CANCELLED FOR EVENT: 2021 11  4 13 26
 7853 2021-11- 4 13:26     - 55  0  161 32  12.76 0.78  0.0    5 35.0 57.1      7853
 7854 2021-11- 4 19:17     - 55  9  160 55  16.56 0.20  0.0   10  9.2 18.1      7854
 *** DISTANCE & RESIDUAL WEIGHTING CANCELLED FOR EVENT: 2021 11  4 19 18
 7855 2021-11- 4 19:18     - 55 31  161 46  24.73 0.23  0.0    5 16.8  4.4      7855
 7856 2021-11- 4 23:39     - 55  2  161  8  44.74 0.16  0.0    6 14.3  8.0      7856
 7857 2021-11- 4 23:40       55 15  161 58  10.86 0.00  0.0    4  2.3  1.4      7857
 *** DISTANCE & RESIDUAL WEIGHTING CANCELLED FOR EVENT: 2021 11  5  0  5
 7858 2021-11- 5  0:05     # 55 18  161 42  15.55 0.63  0.0    5  8.2  5.4      7858
 7859 2021-11- 5  0:14     - 54 45  162 51  86.65 0.14  0.0    5 16.7  2.3      7859
 *** DISTANCE & RESIDUAL WEIGHTING CANCELLED FOR EVENT: 2021 11  5  0 23
 7860 2021-11- 5  0:23     - 55 20  161 36   2.97 0.68  0.0    4 19.5 52.8      7860
  SEQ ---DATE--- TIME REMARK -LAT-  --LON-  DEPTH  RMS PMAG  NUM  ERH  ERZ  ID
 7861 2021-11- 5  4:25       55 26  161 39  18.44 0.12  0.0    6  2.7  2.1      7861
 7862 2021-11- 5  4:27     - 55 22  161 31   6.84 0.16  0.0    6  2.2 15.0      7862
 7863 2021-11- 5  4:28     - 55 30  162  4   1.10 0.49  0.0    5 12.3 33.8      7863
 7864 2021-11- 5  4:41     - 55 10  162  3   6.52 0.44  0.0    5 36.3 38.6      7864
 7865 2021-11- 5  4:54     - 55 16  161 13  14.86 0.27  0.0    4 24.7 19.7      7865
 *** DISTANCE & RESIDUAL WEIGHTING CANCELLED FOR EVENT: 2021 11  5  7 28
 7866 2021-11- 5  7:28     - 55 21  161 30   7.12 0.15  0.0    4  4.0 16.7      7866
 7867 2021-11- 5  7:59     - 55 20  162  8  15.00 0.01  0.0    4  1.8 10.1      7867
 *** DISTANCE & RESIDUAL WEIGHTING CANCELLED FOR EVENT: 2021 11  5 10 43
 7868 2021-11- 5 10:43     - 55 13  161  5  14.99 0.71  0.0    4 58.3 48.1      7868
 7869 2021-11- 5 10:43     - 55 46  161 10  16.39 0.07  0.0    4 13.8 12.4      7869
 7870 2021-11- 5 10:51     - 55 44  161 39  11.65 0.11  0.0    4 12.8  9.6      7870
 7871 2021-11- 5 13:17       55 27  161 49  22.09 0.16  0.0    9  1.3  1.3      7871
 7872 2021-11- 5 15:50       55 19  161 39   8.58 0.00  0.0    4  4.4  4.2      7872
 7873 2021-11- 5 15:59     - 55 25  161 55  26.87 0.08  0.0    6  3.0 11.7      7873
 7874 2021-11- 5 17:27       55 21  161 43  31.32 0.01  0.0    5  2.4  1.1      7874
 *** DISTANCE & RESIDUAL WEIGHTING CANCELLED FOR EVENT: 2021 11  5 17 27
 7875 2021-11- 5 17:27     # 55 28  161 58  14.97 0.83  0.0    5 20.1  8.2      7875
  SEQ ---DATE--- TIME REMARK -LAT-  --LON-  DEPTH  RMS PMAG  NUM  ERH  ERZ  ID
 7876 2021-11- 5 17:39     - 54 54  162 21  14.90 0.09  0.0    4  5.8 14.3      7876
 7877 2021-11- 5 21:49       54 53  162 34  26.98 1.80  0.0    7 66.5 33.9      7877
 7878 2021-11- 5 23:58       55  9  161 49   9.96 0.08  0.0    5  2.2  6.6      7878
 7879 2021-11- 5 23:58       55 24  161 35  21.53 0.07  0.0    5  4.9  1.8      7879
 7880 2021-11- 6  0:01       55 18  161 34  22.68 0.08  0.0    5  3.1  1.8      7880
 7881 2021-11- 6  7:59     - 55 19  162  4  25.75 0.18  0.0    5  2.6 14.4      7881
 7882 2021-11- 6 11:17     - 54 51  162 23  13.78 0.07  0.0    5 12.1  6.3      7882
 7883 2021-11- 6 11:17     - 54 56  162 21   8.61 0.06  0.0    4 10.8  7.2      7883
 7884 2021-11- 6 14:47       55 20  161 42  16.20 0.11  0.0    7  3.2  1.0      7884
 *** DISTANCE & RESIDUAL WEIGHTING CANCELLED FOR EVENT: 2021 11  6 14 47
 7885 2021-11- 6 14:47     - 55 20  161 48  15.34 0.26  0.0    4 17.0  6.6      7885
 7886 2021-11- 6 14:49     - 55 16  162 47  14.98 0.08  0.0    5 10.7 13.7      7886
 7887 2021-11- 6 14:56     - 54 60  163 13  14.07 0.33  0.0    5 13.4 27.0      7887
 *** DISTANCE & RESIDUAL WEIGHTING CANCELLED FOR EVENT: 2021 11  6 14 57
 7888 2021-11- 6 14:57     # 55 33  162 10  15.00 0.96  0.0    5 34.1 17.1      7888
 7889 2021-11- 6 15:59     - 55 16  162  6  58.17 0.10  0.0    8  4.4 11.5      7889
 7890 2021-11- 6 21:35     - 55 21  161 46  13.69 0.08  0.0    5  7.9  9.9      7890
  SEQ ---DATE--- TIME REMARK -LAT-  --LON-  DEPTH  RMS PMAG  NUM  ERH  ERZ  ID
 7891 2021-11- 6 23:00     - 55 51  160 50  14.90 0.68  0.0    4 57.7 52.3      7891
 7892 2021-11- 6 23:00     - 55  8  161 39   8.13 0.08  0.0    4 12.9 11.3      7892
 7893 2021-11- 6 23:59     - 55 19  162  3  44.67 0.10  0.0    7  2.2 12.4      7893
 7894 2021-11- 7  3:21     - 54 57  160 23  13.84 0.18  0.0   11  9.5 16.8      7894
 7895 2021-11- 7  3:21     - 55 43  162 10  19.47 0.24  0.0    6  8.4 17.9      7895
 7896 2021-11- 7  4:01     - 55 49  161 40  15.97 0.04  0.0    4  5.7 11.5      7896
 *** DISTANCE & RESIDUAL WEIGHTING CANCELLED FOR EVENT: 2021 11  7  5 26
 7897 2021-11- 7  5:26     - 55  6  162  0  14.52 0.72  0.0    4 57.5 32.2      7897
 *** DISTANCE & RESIDUAL WEIGHTING CANCELLED FOR EVENT: 2021 11  7  5 26
 7898 2021-11- 7  5:26     # 55 23  161 55   0.37 0.43  0.0    5  1.7 25.0      7898
 7899 2021-11- 7  5:26     - 55 34  161 59   7.69 0.04  0.0    4  4.1  8.2      7899
 7900 2021-11- 7  5:27     - 55 28  161 50   7.77 0.08  0.0    4  5.3  9.2      7900
 7901 2021-11- 7  7:59     - 55 25  161 56  28.09 0.06  0.0    6  2.8 12.4      7901
 7902 2021-11- 7  9:33     - 54 32  161  1  14.89 0.15  0.0    8  7.7 15.6      7902
 7903 2021-11- 7 10:51       55 25  161 55  13.38 0.06  0.0    5  1.2  1.0      7903
 *** DISTANCE & RESIDUAL WEIGHTING CANCELLED FOR EVENT: 2021 11  7 10 52
 7904 2021-11- 7 10:52     # 55 45  161 51  17.63 1.38  0.0    6 23.7 70.7      7904
 7905 2021-11- 7 11:01       55 22  161 56   1.33 0.07  0.0    5  0.5  3.0      7905
  SEQ ---DATE--- TIME REMARK -LAT-  --LON-  DEPTH  RMS PMAG  NUM  ERH  ERZ  ID
 7906 2021-11- 7 11:01     - 55 22  162  8   0.32 0.42  0.0    4  4.0 27.7      7906
 7907 2021-11- 7 15:59     - 55 25  161 56  26.76 0.07  0.0    6  2.7 11.5      7907
 7908 2021-11- 7 16:53     - 55  5  161 56  15.26 0.08  0.0    4  5.3 12.6      7908
 7909 2021-11- 7 16:53       55 26  161 39  16.42 0.11  0.0    6  3.0  1.1      7909
 *** DISTANCE & RESIDUAL WEIGHTING CANCELLED FOR EVENT: 2021 11  7 16 53
 7910 2021-11- 7 16:53     # 55 32  162  3  15.00 1.27  0.0    4 47.3 22.2      7910
 *** DISTANCE & RESIDUAL WEIGHTING CANCELLED FOR EVENT: 2021 11  7 16 58
 7911 2021-11- 7 16:58     # 55 26  161 54   3.34 0.75  0.0    5  4.6 37.9      7911
 7912 2021-11- 7 17:58     - 54 57  160 24  15.83 0.16  0.0   11  8.0 15.8      7912
 7913 2021-11- 7 17:58     - 55 20  160 29  14.82 0.15  0.0    9  8.3 15.2      7913
 7914 2021-11- 7 23:59     - 55 15  162  3  48.76 0.15  0.0    7  6.3 12.3      7914
 7915 2021-11- 8  3:22       55 17  161 38  27.88 0.05  0.0    7  2.3  1.7      7915
 7916 2021-11- 8  3:31       55 20  161 46  33.55 0.38  0.0    7  4.6  2.2      7916
 *** DISTANCE & RESIDUAL WEIGHTING CANCELLED FOR EVENT: 2021 11  8  3 32
 7917 2021-11- 8  3:31     - 55 20  161 42  15.00 1.28  0.0    4 77.2 51.5      7917
 7918 2021-11- 8  3:38     - 55 41  162 31   7.46 0.27  0.0    4 18.6 18.5      7918
 7919 2021-11- 8  5:30     - 55 45  161 58  22.63 0.08  0.0    5  2.2 13.8      7919
 *** DISTANCE & RESIDUAL WEIGHTING CANCELLED FOR EVENT: 2021 11  8  5 30
 7920 2021-11- 8  5:30     - 55  5  162 15  23.68 3.28  0.0    4 97.7 42.1      7920
  SEQ ---DATE--- TIME REMARK -LAT-  --LON-  DEPTH  RMS PMAG  NUM  ERH  ERZ  ID
 7921 2021-11- 8  7:59     - 55 19  162 11  60.93 0.14  0.0    6  7.5 15.0      7921
 7922 2021-11- 8 10:05     - 54 48  162 41  10.32 0.19  0.0    8 19.1  8.5      7922
 7923 2021-11- 8 10:05     - 54 50  162 39  14.16 0.08  0.0    4 11.8  3.4      7923
 7924 2021-11- 8 10:35     - 55  1  161 41  15.08 0.13  0.0    4 14.6  5.4      7924
 7925 2021-11- 8 10:53     - 55 19  162 19  17.25 0.51  0.0    4 23.9 25.0      7925
 7926 2021-11- 8 11:05     - 54 50  161 24  16.14 0.21  0.0    4 11.4 19.2      7926
 7927 2021-11- 8 11:05       55 30  161 60  11.91 0.05  0.0    5  2.4  1.7      7927
 *** DISTANCE & RESIDUAL WEIGHTING CANCELLED FOR EVENT: 2021 11  8 11  6
 7928 2021-11- 8 11:06     - 55 10  162 10  14.99 0.67  0.0    4 52.7 37.5      7928
 7929 2021-11- 8 11:10     - 55  6  162  2   6.63 0.49  0.0    6 40.0 41.9      7929
 7930 2021-11- 8 13:22     - 54 59  161 25  11.95 0.08  0.0    4 10.7  9.3      7930
 *** DISTANCE & RESIDUAL WEIGHTING CANCELLED FOR EVENT: 2021 11  8 13 23
 7931 2021-11- 8 13:23     - 55 22  161 32  14.04 0.28  0.0    4 11.5 22.2      7931
 *** DISTANCE & RESIDUAL WEIGHTING CANCELLED FOR EVENT: 2021 11  8 14 20
 7932 2021-11- 8 14:19     - 55 59  161  1  15.00 0.33  0.0    4 13.5 27.2      7932
 7933 2021-11- 8 15:59       55 21  162 20  44.69 0.10  0.0    8  3.2  7.6      7933
 *** DISTANCE & RESIDUAL WEIGHTING CANCELLED FOR EVENT: 2021 11  8 16 27
 7934 2021-11- 8 16:27     # 55  5  162  4  19.12 0.14  0.0    4  2.0  5.0      7934
 7935 2021-11- 8 16:33     - 55 18  160 54  18.03 0.21  0.0   10  4.0 20.3      7935
  SEQ ---DATE--- TIME REMARK -LAT-  --LON-  DEPTH  RMS PMAG  NUM  ERH  ERZ  ID
 7936 2021-11- 8 16:33     - 56  8  161 56  13.26 0.05  0.0    4 10.6  7.8      7936
 7937 2021-11- 8 18:37     - 56 12  161 56  14.98 0.30  0.0    4 22.6 16.4      7937
 7938 2021-11- 8 18:37     - 55 25  161  9  42.66 0.15  0.0   10 13.1  6.2      7938
 *** DISTANCE & RESIDUAL WEIGHTING CANCELLED FOR EVENT: 2021 11  8 19 22
 7939 2021-11- 8 19:22     - 55 13  161 38  15.06 0.32  0.0    4 23.5 15.1      7939
 7940 2021-11- 8 19:29       55 13  161 36  12.18 0.03  0.0    5  2.3  5.1      7940
 7941 2021-11- 8 19:29       55 30  161 45  18.92 0.14  0.0    5  5.1  3.2      7941
 *** DISTANCE & RESIDUAL WEIGHTING CANCELLED FOR EVENT: 2021 11  8 19 29
 7942 2021-11- 8 19:29     - 55 20  161 42  15.00 1.16  0.0    4 67.6 48.5      7942
 *** DISTANCE & RESIDUAL WEIGHTING CANCELLED FOR EVENT: 2021 11  8 19 30
 7943 2021-11- 8 19:30     # 55 18  162  4  15.00 3.49  0.0    4 66.3 73.6      7943
 *** DISTANCE & RESIDUAL WEIGHTING CANCELLED FOR EVENT: 2021 11  8 19 36
 7944 2021-11- 8 19:36     - 55 24  162  4  15.00 1.19  0.0    4 67.0 66.8      7944
 7945 2021-11- 8 19:37       55 34  162  4  10.23 0.11  0.0    7  1.1  1.9      7945
 *** DISTANCE & RESIDUAL WEIGHTING CANCELLED FOR EVENT: 2021 11  8 20 49
 7946 2021-11- 8 20:49     # 54 52  162 21  13.71 0.01  0.0    4  5.6  2.5      7946
 7947 2021-11- 8 21:15       55  6  161 51   9.99 0.02  0.0    4  2.7  1.9      7947
 7948 2021-11- 8 23:59     - 55 18  161 55  53.48 0.15  0.0    6  7.1 15.1      7948
 7949 2021-11- 9  0:01       54 43  161 52  31.93 0.07  0.0    7  2.6  4.2      7949
 7950 2021-11- 9  1:52     - 54 18  161 32  14.95 0.02  0.0    4  5.6 11.2      7950
  SEQ ---DATE--- TIME REMARK -LAT-  --LON-  DEPTH  RMS PMAG  NUM  ERH  ERZ  ID
 7951 2021-11- 9  1:56     - 55 37  163 24  13.40 0.41  0.0    5 16.1 32.8      7951
 7952 2021-11- 9  3:05     - 54 56  161 47  32.51 0.01  0.0    4  5.1 11.2      7952
 7953 2021-11- 9  5:20     - 55 20  162 41  14.99 0.46  0.0    5  4.9 36.7      7953
 7954 2021-11- 9  5:52       55 33  161 51  15.32 0.05  0.0    6  6.0  3.1      7954
 7955 2021-11- 9  5:58     - 55 41  161 56  64.19 0.35  0.0    7  9.7 24.3      7955
 7956 2021-11- 9  5:58     - 55 19  161 50  42.03 0.08  0.0    4  6.3 12.0      7956
 7957 2021-11- 9  6:36     - 55 12  161 56  53.97 0.10  0.0    4  5.3 14.6      7957
 7958 2021-11- 9  6:54     - 54 35  160 52  15.00 0.20  0.0   10 17.9 20.9      7958
 7959 2021-11- 9  6:54     - 54 36  160 57  15.72 0.15  0.0    7 12.2 17.3      7959
 7960 2021-11- 9 11:05     - 55 13  162 31  26.64 0.72  0.0    5 42.1 43.3      7960
 7961 2021-11- 9 13:08     - 55  1  162 25  32.51 0.04  0.0    4  6.8 10.7      7961
 7962 2021-11- 9 13:09     - 54 42  162 40  13.67 0.09  0.0    4  3.3 13.1      7962
 7963 2021-11- 9 13:16     - 55 12  161 55   0.16 0.23  0.0    4  3.1 20.3      7963
 7964 2021-11- 9 15:59     # 55 19  162  9  37.69 0.17  0.0    8  2.6 12.7      7964
 7965 2021-11- 9 17:08     - 54 53  161 28  25.01 0.12  0.0    4 15.4 11.5      7965
  SEQ ---DATE--- TIME REMARK -LAT-  --LON-  DEPTH  RMS PMAG  NUM  ERH  ERZ  ID
 7966 2021-11- 9 17:19     - 54 53  161 10  17.07 0.18  0.0    4 17.5 19.2      7966
 7967 2021-11- 9 17:49     - 54 22  161 12  14.91 0.10  0.0    5  6.7 13.5      7967
 7968 2021-11- 9 18:11     - 54 30  161 42  18.22 0.13  0.0    6  1.5 16.5      7968
 7969 2021-11- 9 18:21     - 54 49  162 17  11.85 0.01  0.0    4 10.9  5.9      7969
 *** DISTANCE & RESIDUAL WEIGHTING CANCELLED FOR EVENT: 2021 11  9 18 54
 7970 2021-11- 9 18:53     - 55 26  161 36  14.15 0.17  0.0    4 10.0 16.0      7970
 7971 2021-11- 9 20:21     - 54 26  161 24  14.68 0.14  0.0    6  7.5 15.2      7971
 7972 2021-11- 9 23:24     - 54 53  161  9  32.30 0.18  0.0    7 16.8  1.5      7972
 7973 2021-11- 9 23:59     - 55  9  162 53  15.02 0.28  0.0    5 21.3 25.6      7973
 7974 2021-11-10  0:55     - 55 17  161 34  38.72 0.25  0.0    5 21.5  7.7      7974
 7975 2021-11-10  1:47     # 54 29  163 13  10.57 0.22  0.0    9  5.6  1.9      7975
 7976 2021-11-10  7:59     - 55 25  161 55  26.77 0.07  0.0    6  2.3 12.0      7976
 7977 2021-11-10 15:59     - 55 24  161 58  40.46 0.03  0.0    6  3.8 12.4      7977
 *** DISTANCE & RESIDUAL WEIGHTING CANCELLED FOR EVENT: 2021 11 10 17 17
 7978 2021-11-10 17:17     # 55 22  161 56  14.99 1.51  0.0    4 21.9 16.9      7978
 7979 2021-11-10 21:39     - 55 13  160 56  17.91 0.11  0.0    7  2.4 15.2      7979
 7980 2021-11-10 23:59     - 55 25  161 56  41.83 0.03  0.0    6  3.5 12.4      7980
  SEQ ---DATE--- TIME REMARK -LAT-  --LON-  DEPTH  RMS PMAG  NUM  ERH  ERZ  ID
 7981 2021-11-11  0:37     - 55 19  162 43  15.00 0.26  0.0    7  3.1 20.5      7981
 *** DISTANCE & RESIDUAL WEIGHTING CANCELLED FOR EVENT: 2021 11 11  0 37
 7982 2021-11-11  0:37     - 54 45  161 59  17.04 0.39  0.0    5 30.4 35.0      7982
 *** DISTANCE & RESIDUAL WEIGHTING CANCELLED FOR EVENT: 2021 11 11  4 52
 7983 2021-11-11  4:52     # 54 59  162  5   7.69 2.99  0.0    7 15.2 98.6      7983
 *** DISTANCE & RESIDUAL WEIGHTING CANCELLED FOR EVENT: 2021 11 11  6 37
 7984 2021-11-11  6:37     - 55  8  162 38  15.00 1.06  0.0    4 15.1 84.8      7984
 *** DISTANCE & RESIDUAL WEIGHTING CANCELLED FOR EVENT: 2021 11 11  7 16
 7985 2021-11-11  7:16     - 55 27  161 27  54.65 1.04  0.0    6 59.8 57.3      7985
 7986 2021-11-11  7:17     - 55 10  161 49  17.83 0.04  0.0    4  9.3  2.9      7986
 7987 2021-11-11  7:59     - 55 24  161 58  44.56 0.03  0.0    5  5.1 12.6      7987
 7988 2021-11-11  8:43     - 55 29  162  2  14.24 0.05  0.0    4  4.7 12.1      7988
 *** DISTANCE & RESIDUAL WEIGHTING CANCELLED FOR EVENT: 2021 11 11  8 44
 7989 2021-11-11  8:44     - 55 17  161 59  10.15 0.51  0.0    4 31.7 13.5      7989
 7990 2021-11-11 15:59     - 55 25  161 55  49.55 0.03  0.0    6  4.2 12.5      7990
 *** DISTANCE & RESIDUAL WEIGHTING CANCELLED FOR EVENT: 2021 11 11 18 22
 7991 2021-11-11 18:21     - 55 33  161 52  15.00 1.18  0.0    4 20.8 82.5      7991
 *** DISTANCE & RESIDUAL WEIGHTING CANCELLED FOR EVENT: 2021 11 11 18 22
 7992 2021-11-11 18:22     # 55 23  161 54  14.99 0.46  0.0    5 15.7  6.8      7992
 7993 2021-11-11 19:00     - 55 33  161 43  54.15 0.07  0.0    6  7.9  9.1      7993
 7994 2021-11-11 19:41     - 54 44  162 42  67.85 0.04  0.0    4 12.9  2.0      7994
 7995 2021-11-11 23:59     - 55 25  161 55  42.31 0.05  0.0    5  3.6 12.9      7995
  SEQ ---DATE--- TIME REMARK -LAT-  --LON-  DEPTH  RMS PMAG  NUM  ERH  ERZ  ID
 7996 2021-11-12  0:50       55  4  162 51  15.75 0.14  0.0    7  1.6  1.1      7996
 7997 2021-11-12  7:59     - 55 25  161 56  14.99 0.08  0.0    5  2.0 12.0      7997
 *** DISTANCE & RESIDUAL WEIGHTING CANCELLED FOR EVENT: 2021 11 12 10 27
 7998 2021-11-12 10:27     # 55 22  161 45   3.11 0.91  0.0    5 36.4 24.9      7998
 *** DISTANCE & RESIDUAL WEIGHTING CANCELLED FOR EVENT: 2021 11 12 10 28
 7999 2021-11-12 10:28     # 55 20  161 32  15.00 0.98  0.0    4 16.4 12.4      7999
 8000 2021-11-12 10:28       55 16  161 34  17.69 0.08  0.0    5  2.6  4.1      8000
 8001 2021-11-12 12:12     - 54 31  161 50  17.16 0.41  0.0    4 34.9 36.7      8001
 8002 2021-11-12 12:16       55 16  161 18  16.97 0.03  0.0    5  4.0  1.7      8002
 8003 2021-11-12 12:22     - 55 17  161 58  14.24 0.08  0.0    5  8.9  9.4      8003
 8004 2021-11-12 12:28     - 55 25  161 29   7.67 0.28  0.0    4 23.2 18.3      8004
 8005 2021-11-12 15:59     - 55 24  161 58  30.70 0.04  0.0    5  3.7 12.3      8005
 8006 2021-11-12 16:32       55 21  161 59   6.43 0.00  0.0    4  3.2  0.8      8006
 8007 2021-11-12 16:36     - 55 23  161 12  17.39 0.23  0.0    4 22.7 19.2      8007
 8008 2021-11-12 16:36     - 55 40  161 51   7.97 0.24  0.0    4 22.3 22.8      8008
 8009 2021-11-12 16:40     - 55 15  162 11  12.32 0.03  0.0    4 10.7  5.9      8009
 *** DISTANCE & RESIDUAL WEIGHTING CANCELLED FOR EVENT: 2021 11 12 16 40
 8010 2021-11-12 16:40     - 55 35  161  7   0.03 0.50  0.0    4 32.7  4.2      8010
  SEQ ---DATE--- TIME REMARK -LAT-  --LON-  DEPTH  RMS PMAG  NUM  ERH  ERZ  ID
 8011 2021-11-12 16:46     - 55 17  161 51  14.38 0.11  0.0    4  8.6 10.8      8011
 8012 2021-11-12 19:29     - 55 26  161 38  11.47 0.09  0.0    4 12.7  5.6      8012
 *** DISTANCE & RESIDUAL WEIGHTING CANCELLED FOR EVENT: 2021 11 12 19 29
 8013 2021-11-12 19:29     # 55 22  161 34   9.49 0.67  0.0    8  5.7  6.8      8013
 *** DISTANCE & RESIDUAL WEIGHTING CANCELLED FOR EVENT: 2021 11 12 19 30
 8014 2021-11-12 19:30     - 55 20  161 42  15.00 1.14  0.0    4 66.6 47.8      8014
 *** DISTANCE & RESIDUAL WEIGHTING CANCELLED FOR EVENT: 2021 11 12 19 32
 8015 2021-11-12 19:32     # 55 31  161 29  14.99 0.91  0.0    6 51.1 29.6      8015
 8016 2021-11-12 19:37     - 55 22  161 47  14.91 0.05  0.0    4  5.5 10.8      8016
 8017 2021-11-12 19:44     - 55 28  161 34   6.59 0.12  0.0    4 13.0 16.0      8017
 8018 2021-11-12 19:46     - 54 59  162 46   6.29 0.07  0.0    5  5.9 12.0      8018
 8019 2021-11-12 21:19     - 54 30  163 15   5.21 0.22  0.0    8  7.4 14.7      8019
 *** DISTANCE & RESIDUAL WEIGHTING CANCELLED FOR EVENT: 2021 11 13  0  0
 8020 2021-11-12 23:59     - 55 19  162  6  15.00 0.34  0.0    4 15.8 24.8      8020
 8021 2021-11-13  0:44     - 55 12  161 52   6.65 0.15  0.0    4  5.6 17.1      8021
 *** DISTANCE & RESIDUAL WEIGHTING CANCELLED FOR EVENT: 2021 11 13  0 45
 8022 2021-11-13  0:45     - 55 20  161 42  15.00 1.11  0.0    4 64.3 46.3      8022
 8023 2021-11-13  0:51     - 56  3  161 16  14.78 0.03  0.0    4  5.6 11.4      8023
 8024 2021-11-13  1:33     # 55  8  162 24  96.45 0.28  0.0    6 14.4  3.0      8024
 8025 2021-11-13  3:01     - 55 31  161 49   0.68 0.11  0.0    6  1.2 12.2      8025
  SEQ ---DATE--- TIME REMARK -LAT-  --LON-  DEPTH  RMS PMAG  NUM  ERH  ERZ  ID
 8026 2021-11-13  3:02     - 55 38  161 23  12.57 0.06  0.0    4 11.9 10.1      8026
 8027 2021-11-13  3:08     - 55 31  161 53  20.40 0.02  0.0    4  6.5  5.9      8027
 8028 2021-11-13  3:09     - 55 18  161 57   6.93 0.04  0.0    4 12.7  1.4      8028
 *** DISTANCE & RESIDUAL WEIGHTING CANCELLED FOR EVENT: 2021 11 13  3 15
 8029 2021-11-13  3:15     - 55 22  162  9  14.15 0.36  0.0    4 23.6 21.9      8029
 8030 2021-11-13  3:15     - 55 25  161 56   0.01 7.41  0.0    5 23.5 98.7      8030
 *** DISTANCE & RESIDUAL WEIGHTING CANCELLED FOR EVENT: 2021 11 13  3 16
 8031 2021-11-13  3:16     # 55 24  162  3  15.00 1.44  0.0    4 15.5 12.9      8031
 8032 2021-11-13  4:36     - 54 57  160 39  15.00 0.22  0.0   10 19.0 22.0      8032
 8033 2021-11-13  4:36     - 55  8  160 48  15.02 0.40  0.0    9 28.8 35.6      8033
 *** DISTANCE & RESIDUAL WEIGHTING CANCELLED FOR EVENT: 2021 11 13  6 17
 8034 2021-11-13  6:16     - 54 45  162 59  13.08 1.83  0.0    4 99.0 88.8      8034
 8035 2021-11-13  6:18     - 55  8  160 49  12.34 0.13  0.0    4 14.1 13.6      8035
 8036 2021-11-13  7:59     - 55 25  161 56  43.43 0.05  0.0    5  3.5 12.7      8036
 *** DISTANCE & RESIDUAL WEIGHTING CANCELLED FOR EVENT: 2021 11 13 10 29
 8037 2021-11-13 10:29     - 55  8  162  7  21.71 1.40  0.0    5 88.5 44.4      8037
 8038 2021-11-13 12:07     - 54 30  163 10   3.09 0.19  0.0    9  6.5 12.9      8038
 *** DISTANCE & RESIDUAL WEIGHTING CANCELLED FOR EVENT: 2021 11 13 13 56
 8039 2021-11-13 13:56     - 55 21  161 38  13.88 0.61  0.0    4 30.8 23.4      8039
 8040 2021-11-13 13:59     - 56  8  162 20  15.86 0.03  0.0    4  8.9 11.5      8040
 *** DISTANCE & RESIDUAL WEIGHTING CANCELLED FOR EVENT: 2021 11 13 13 59
  SEQ ---DATE--- TIME REMARK -LAT-  --LON-  DEPTH  RMS PMAG  NUM  ERH  ERZ  ID
 8041 2021-11-13 13:59     - 55 35  162  7  15.00 1.83  0.0    4 77.4 61.7      8041
 8042 2021-11-13 15:59     - 55 17  161 33   6.81 0.13  0.0    4  7.3 16.0      8042
 *** DISTANCE & RESIDUAL WEIGHTING CANCELLED FOR EVENT: 2021 11 13 15 59
 8043 2021-11-13 15:59     - 56 12  161 44  15.01 0.42  0.0    4 21.5 33.3      8043
 8044 2021-11-13 15:59     - 55 24  161 57  26.72 0.08  0.0    5  4.8 11.8      8044
 8045 2021-11-13 16:01     - 55 24  161 56   0.47 0.34  0.0    6  1.6 22.5      8045
 *** DISTANCE & RESIDUAL WEIGHTING CANCELLED FOR EVENT: 2021 11 13 16  8
 8046 2021-11-13 16:07     - 55 31  161 19   7.00 0.91  0.0    4 71.7 73.5      8046
 8047 2021-11-13 16:11       55 21  161 44  15.78 0.09  0.0    6  2.2  1.0      8047
 8048 2021-11-13 17:51     - 55 16  161 17   7.23 0.10  0.0    4  6.7 14.9      8048
 *** DISTANCE & RESIDUAL WEIGHTING CANCELLED FOR EVENT: 2021 11 13 17 56
 8049 2021-11-13 17:56     - 55 17  161 45  10.98 0.66  0.0    4 46.3 26.6      8049
 *** DISTANCE & RESIDUAL WEIGHTING CANCELLED FOR EVENT: 2021 11 13 18  0
 8050 2021-11-13 18:00     - 55 18  161 30  14.89 0.37  0.0    4 30.3 10.3      8050
 8051 2021-11-13 19:22       55 24  161 41  14.89 0.09  0.0    5  2.2  1.7      8051
 8052 2021-11-13 19:23     - 55 53  161 22  16.25 0.25  0.0    7 13.7 21.9      8052
 8053 2021-11-13 19:23     - 55 15  162 32  14.69 0.20  0.0    4  6.8 19.3      8053
 *** DISTANCE & RESIDUAL WEIGHTING CANCELLED FOR EVENT: 2021 11 13 19 24
 8054 2021-11-13 19:23     - 55 43  161 18  15.00 0.73  0.0    4 62.0 57.6      8054
 8055 2021-11-13 19:25     - 55 11  161 37  24.70 0.27  0.0    4 20.9 11.9      8055
 *** DISTANCE & RESIDUAL WEIGHTING CANCELLED FOR EVENT: 2021 11 13 19 26
  SEQ ---DATE--- TIME REMARK -LAT-  --LON-  DEPTH  RMS PMAG  NUM  ERH  ERZ  ID
 8056 2021-11-13 19:26     - 55 20  161 42  15.00 0.89  0.0    4 53.3 35.0      8056
 8057 2021-11-13 19:27     - 54 52  161 18  31.35 0.20  0.0    7 19.0  1.7      8057
 8058 2021-11-13 19:27     - 54 45  161  3  24.46 0.26  0.0    5 23.5  5.1      8058
 *** DISTANCE & RESIDUAL WEIGHTING CANCELLED FOR EVENT: 2021 11 13 19 29
 8059 2021-11-13 19:28     - 55 48  161 51  14.65 0.38  0.0    4 12.3 33.2      8059
 8060 2021-11-13 19:35     - 55 14  161 56   4.63 0.09  0.0    4 12.6  8.3      8060
 *** DISTANCE & RESIDUAL WEIGHTING CANCELLED FOR EVENT: 2021 11 13 23 27
 8061 2021-11-13 23:27     - 55 14  161 28  14.98 0.50  0.0    4 40.2 16.3      8061
 *** DISTANCE & RESIDUAL WEIGHTING CANCELLED FOR EVENT: 2021 11 13 23 28
 8062 2021-11-13 23:28     # 55 10  161 45  21.03 0.44  0.0    4 18.1  7.7      8062
 *** DISTANCE & RESIDUAL WEIGHTING CANCELLED FOR EVENT: 2021 11 13 23 29
 8063 2021-11-13 23:29     - 55 14  161 28   7.21 0.44  0.0    4 33.0 36.0      8063
 8064 2021-11-13 23:39     - 54 39  161 56  14.99 0.07  0.0    4  8.7 10.7      8064
 8065 2021-11-13 23:59     - 55 25  161 55  38.70 0.05  0.0    6  2.8 12.1      8065
 8066 2021-11-14  0:04     - 54 32  163 18  14.96 0.10  0.0    6  6.7 13.5      8066
 8067 2021-11-14  2:14     - 55 12  161 21  22.55 0.23  0.0    4 20.0 13.3      8067
 8068 2021-11-14  2:14       55  6  161 52  16.98 0.03  0.0    5  2.4  7.1      8068
 8069 2021-11-14  2:18       55 31  161 48  14.43 0.18  0.0    9  1.7  1.9      8069
 *** DISTANCE & RESIDUAL WEIGHTING CANCELLED FOR EVENT: 2021 11 14  2 19
 8070 2021-11-14  2:18     - 55 20  161 42  15.00 1.04  0.0    4 61.0 44.3      8070
  SEQ ---DATE--- TIME REMARK -LAT-  --LON-  DEPTH  RMS PMAG  NUM  ERH  ERZ  ID
 8071 2021-11-14  2:21     - 55  4  162  0   9.82 0.79  0.0    5 65.9 51.5      8071
 8072 2021-11-14  2:24     # 55  5  161 48   1.99 0.03  0.0    4  2.6  0.9      8072
 8073 2021-11-14  2:25     - 55 32  162  2  14.40 0.40  0.0    4 17.8 29.5      8073
 8074 2021-11-14  2:26     - 55 40  161 39  16.74 0.11  0.0    4 12.6  7.7      8074
 *** DISTANCE & RESIDUAL WEIGHTING CANCELLED FOR EVENT: 2021 11 14  2 26
 8075 2021-11-14  2:26     - 55 20  161 43  15.00 0.63  0.0    4 37.6 26.2      8075
 8076 2021-11-14  3:04     - 54 43  163 33  14.97 0.04  0.0    4  6.9 11.5      8076
 *** DISTANCE & RESIDUAL WEIGHTING CANCELLED FOR EVENT: 2021 11 14  3 12
 8077 2021-11-14  3:12     # 55 14  162 37  14.98 0.82  0.0    5 18.8 26.3      8077
 8078 2021-11-14  6:32     - 54 58  160 42  14.66 0.23  0.0    8  9.7 19.8      8078
 8079 2021-11-14  7:23     # 55 54  161 27  15.31 0.18  0.0    7  5.9  1.5      8079
 *** DISTANCE & RESIDUAL WEIGHTING CANCELLED FOR EVENT: 2021 11 14  7 24
 8080 2021-11-14  7:24     - 54 49  162  3  11.72 0.85  0.0    5 32.2 68.2      8080
 8081 2021-11-14  7:25       55 25  161 40  14.38 0.20  0.0    6  3.2  2.9      8081
 8082 2021-11-14  7:26       55 26  161 54  14.91 0.12  0.0    8  1.3  1.3      8082
 8083 2021-11-14  7:59     - 55 25  161 55  39.52 0.05  0.0    5  3.7 12.6      8083
 8084 2021-11-14 10:06     - 54 55  162 43  14.88 0.05  0.0    4  4.1 12.5      8084
 *** DISTANCE & RESIDUAL WEIGHTING CANCELLED FOR EVENT: 2021 11 14 10 43
 8085 2021-11-14 10:43     # 55 13  161 48   7.47 0.78  0.0    4 12.2 27.5      8085
  SEQ ---DATE--- TIME REMARK -LAT-  --LON-  DEPTH  RMS PMAG  NUM  ERH  ERZ  ID
 8086 2021-11-14 10:48     - 55 22  161 49   0.05 0.03  0.0    4  0.6  9.3      8086
 *** DISTANCE & RESIDUAL WEIGHTING CANCELLED FOR EVENT: 2021 11 14 10 48
 8087 2021-11-14 10:48     - 55 43  161 10  15.01 0.26  0.0    4 24.2 21.7      8087
 8088 2021-11-14 10:54     - 55 23  161 24   7.99 0.05  0.0    4 12.7 11.5      8088
 8089 2021-11-14 10:55     - 55 28  161 50   0.78 0.02  0.0    4  0.7 10.5      8089
 8090 2021-11-14 12:48     - 55  0  161 20  24.73 0.08  0.0    5 11.3  5.6      8090
 8091 2021-11-14 13:55       55 25  161 58  18.99 0.10  0.0    6  1.4  1.4      8091
 *** DISTANCE & RESIDUAL WEIGHTING CANCELLED FOR EVENT: 2021 11 14 13 55
 8092 2021-11-14 13:55     - 55 20  161 42  15.00 1.20  0.0    4 68.1 48.0      8092
 8093 2021-11-14 13:56     - 55 17  161 39  17.26 0.25  0.0    4 14.4 16.2      8093
 *** DISTANCE & RESIDUAL WEIGHTING CANCELLED FOR EVENT: 2021 11 14 13 59
 8094 2021-11-14 13:59     - 55 24  161 48  14.44 0.30  0.0    4 13.2 22.9      8094
 *** DISTANCE & RESIDUAL WEIGHTING CANCELLED FOR EVENT: 2021 11 14 14  2
 8095 2021-11-14 14:02     - 55 17  161 58  15.00 0.91  0.0    5 57.3 49.5      8095
 *** DISTANCE & RESIDUAL WEIGHTING CANCELLED FOR EVENT: 2021 11 14 14  8
 8096 2021-11-14 14:08     - 55  6  161 36  15.00 0.33  0.0    4 28.3 10.3      8096
 8097 2021-11-14 15:59     - 55 44  161 20  55.41 0.17  0.0    6 13.0 15.7      8097
 8098 2021-11-14 17:14     - 55  7  163 20  18.03 0.37  0.0    5  6.4 32.6      8098
 8099 2021-11-14 17:15       55  8  162  3  42.44 0.38  0.0    7  9.1  2.8      8099
 8100 2021-11-14 17:16       55 31  161 52  10.99 0.00  0.0    4  1.6  2.4      8100
 *** DISTANCE & RESIDUAL WEIGHTING CANCELLED FOR EVENT: 2021 11 14 17 16
  SEQ ---DATE--- TIME REMARK -LAT-  --LON-  DEPTH  RMS PMAG  NUM  ERH  ERZ  ID
 8101 2021-11-14 17:16     - 55 40  161 19  13.84 0.47  0.0    4 41.1 24.0      8101
 8102 2021-11-14 17:18       55 21  161 46   3.54 0.13  0.0    6  0.9  1.2      8102
 *** DISTANCE & RESIDUAL WEIGHTING CANCELLED FOR EVENT: 2021 11 14 17 18
 8103 2021-11-14 17:18     - 55 19  161 42  15.00 1.15  0.0    4 62.3 48.0      8103
 *** DISTANCE & RESIDUAL WEIGHTING CANCELLED FOR EVENT: 2021 11 14 17 26
 8104 2021-11-14 17:25     # 55 15  161 44  37.42 0.46  0.0    6 16.1  7.0      8104
 *** DISTANCE & RESIDUAL WEIGHTING CANCELLED FOR EVENT: 2021 11 14 17 26
 8105 2021-11-14 17:26     - 55 32  161 56   3.12 0.20  0.0    4  5.3 15.1      8105
 *** DISTANCE & RESIDUAL WEIGHTING CANCELLED FOR EVENT: 2021 11 14 17 27
 8106 2021-11-14 17:27     - 55 17  161 24  16.93 0.31  0.0    4 13.7 24.3      8106
 8107 2021-11-14 18:28     - 54 58  162 21  36.13 0.16  0.0    5 17.7  4.4      8107
 8108 2021-11-14 19:19       55 25  161 54  15.93 0.15  0.0    7  2.0  3.4      8108
 8109 2021-11-14 19:23       55 22  161 48  20.93 0.20  0.0    8  2.7  1.2      8109
 8110 2021-11-14 19:26       55 28  161 52  11.54 0.12  0.0    5  1.2  3.4      8110
 *** DISTANCE & RESIDUAL WEIGHTING CANCELLED FOR EVENT: 2021 11 14 19 27
 8111 2021-11-14 19:27     - 55 18  161 56  15.01 0.46  0.0    4 38.0  5.1      8111
 *** DISTANCE & RESIDUAL WEIGHTING CANCELLED FOR EVENT: 2021 11 14 19 32
 8112 2021-11-14 19:32     - 55 10  161 27  15.00 0.42  0.0    5 35.0 21.6      8112
 8113 2021-11-14 19:34     # 55 20  161 54   0.03 0.33  0.0    7  1.6 14.0      8113
 *** DISTANCE & RESIDUAL WEIGHTING CANCELLED FOR EVENT: 2021 11 14 19 35
 8114 2021-11-14 19:35     # 55 26  161 45  11.98 0.41  0.0    4  6.3 14.2      8114
 8115 2021-11-14 22:28       55 27  161 57  14.01 0.07  0.0    5  1.2  0.9      8115
  SEQ ---DATE--- TIME REMARK -LAT-  --LON-  DEPTH  RMS PMAG  NUM  ERH  ERZ  ID
 8116 2021-11-14 22:28     - 55 27  162 12   0.22 0.90  0.0    4 51.3 40.7      8116
 *** DISTANCE & RESIDUAL WEIGHTING CANCELLED FOR EVENT: 2021 11 14 22 34
 8117 2021-11-14 22:34     - 55 23  161 36   1.67 0.89  0.0    6 37.8 48.8      8117
 8118 2021-11-14 22:42       55 22  161 50   5.74 0.10  0.0    5  3.6  7.4      8118
 *** DISTANCE & RESIDUAL WEIGHTING CANCELLED FOR EVENT: 2021 11 14 22 44
 8119 2021-11-14 22:44     - 55 49  160 56  14.74 0.58  0.0    5 49.5  7.3      8119
 *** DISTANCE & RESIDUAL WEIGHTING CANCELLED FOR EVENT: 2021 11 14 22 45
 8120 2021-11-14 22:45     - 56 24  161 14  15.00 0.43  0.0    4 17.2 34.4      8120
 8121 2021-11-14 23:59     - 55 25  161 57  54.65 0.04  0.0    8  3.6  9.4      8121
 8122 2021-11-15  0:46     - 54 48  161  3  16.36 0.17  0.0   16  6.9 13.5      8122
 8123 2021-11-15  1:23       55 16  161 30  17.05 0.04  0.0    5  1.5  2.5      8123
 8124 2021-11-15  1:29       55 22  161 48   7.24 0.08  0.0    5  3.3  3.5      8124
 *** DISTANCE & RESIDUAL WEIGHTING CANCELLED FOR EVENT: 2021 11 15  1 32
 8125 2021-11-15  1:32     - 55 13  161 26  10.46 0.15  0.0    4 17.7 12.0      8125
 8126 2021-11-15  2:05     - 54 27  161 41  16.06 0.23  0.0    8 10.1 20.0      8126
 8127 2021-11-15  3:36     - 55 23  161 51   0.83 0.14  0.0    4  1.4 14.1      8127
 8128 2021-11-15  3:37     - 54 44  162 20  16.35 0.06  0.0    5 10.5  4.2      8128
 *** DISTANCE & RESIDUAL WEIGHTING CANCELLED FOR EVENT: 2021 11 15  3 37
 8129 2021-11-15  3:37     - 54 49  162 11   7.47 0.42  0.0    4 30.1 35.8      8129
 *** DISTANCE & RESIDUAL WEIGHTING CANCELLED FOR EVENT: 2021 11 15  3 43
 8130 2021-11-15  3:43     - 55 18  161 54  14.36 0.53  0.0    4 25.3 30.8      8130
  SEQ ---DATE--- TIME REMARK -LAT-  --LON-  DEPTH  RMS PMAG  NUM  ERH  ERZ  ID
 8131 2021-11-15  3:50     - 55 21  161 54  14.39 0.05  0.0    4  4.5 10.5      8131
 8132 2021-11-15  5:14     - 54 45  162 24  19.13 0.01  0.0    4 11.6  4.3      8132
 *** DISTANCE & RESIDUAL WEIGHTING CANCELLED FOR EVENT: 2021 11 15  5 49
 8133 2021-11-15  5:49     - 55 15  162  2  19.87 0.99  0.0    4 80.5  8.7      8133
 8134 2021-11-15  5:51     - 55 14  161 34   6.74 0.15  0.0    8  1.5 16.9      8134
 8135 2021-11-15  5:53     - 55 10  162 11   8.59 0.10  0.0    4 14.5 13.1      8135
 8136 2021-11-15  6:18     - 55 23  162 54  17.87 0.85  0.0    6  8.0 66.3      8136
 *** DISTANCE & RESIDUAL WEIGHTING CANCELLED FOR EVENT: 2021 11 15  6 25
 8137 2021-11-15  6:25     - 55 21  161 42  15.00 2.12  0.0    6 53.2 83.5      8137
 8138 2021-11-15  7:59     - 55 38  162 21  30.67 0.03  0.0    4 12.3 12.4      8138
 8139 2021-11-15  8:49     - 55 15  161 36   2.13 0.05  0.0    5  1.8 11.2      8139
 *** DISTANCE & RESIDUAL WEIGHTING CANCELLED FOR EVENT: 2021 11 15  8 54
 8140 2021-11-15  8:54     - 55 20  161 47  20.67 0.32  0.0    5 11.6 20.9      8140
 8141 2021-11-15  8:56     - 55  6  161 34   9.51 0.09  0.0    4 14.4 13.2      8141
 8142 2021-11-15  9:12     - 55 15  162 13   6.22 0.16  0.0    4 15.4 18.0      8142
 8143 2021-11-15  9:15     - 54 34  161 28  15.17 0.08  0.0    7  5.0 11.3      8143
 8144 2021-11-15  9:19     - 55 12  160 40  18.39 0.21  0.0   12  2.4 20.8      8144
 8145 2021-11-15 10:12     - 54 32  163 19  16.07 0.13  0.0    7  7.3 14.8      8145
  SEQ ---DATE--- TIME REMARK -LAT-  --LON-  DEPTH  RMS PMAG  NUM  ERH  ERZ  ID
 8146 2021-11-15 11:22       55 18  161 41  17.39 0.16  0.0    7  3.5  1.4      8146
 *** DISTANCE & RESIDUAL WEIGHTING CANCELLED FOR EVENT: 2021 11 15 11 25
 8147 2021-11-15 11:24     - 55 16  162  8  14.90 0.19  0.0    4 16.2 11.9      8147
 8148 2021-11-15 11:26     - 55 11  160 58  13.90 0.20  0.0    5  6.0 20.0      8148
 *** DISTANCE & RESIDUAL WEIGHTING CANCELLED FOR EVENT: 2021 11 15 11 29
 8149 2021-11-15 11:29     - 55 13  161 10  11.45 0.64  0.0    4 51.4 41.0      8149
 *** DISTANCE & RESIDUAL WEIGHTING CANCELLED FOR EVENT: 2021 11 15 11 29
 8150 2021-11-15 11:29     - 55 20  161 44  15.00 0.73  0.0    4 43.9 23.0      8150
 *** DISTANCE & RESIDUAL WEIGHTING CANCELLED FOR EVENT: 2021 11 15 11 32
 8151 2021-11-15 11:32     - 55 12  161 40  15.02 0.26  0.0    4 22.1 11.8      8151
 *** DISTANCE & RESIDUAL WEIGHTING CANCELLED FOR EVENT: 2021 11 15 11 44
 8152 2021-11-15 11:43     - 55 24  161 36  14.97 0.30  0.0    4 17.5 17.4      8152
 *** DISTANCE & RESIDUAL WEIGHTING CANCELLED FOR EVENT: 2021 11 15 12 32
 8153 2021-11-15 12:32     - 55 10  162 46  15.00 1.51  0.0    4 33.0 94.1      8153
 8154 2021-11-15 13:05       55 33  161 52  15.01 0.01  0.0    5  1.8  2.2      8154
 8155 2021-11-15 13:09       55 22  161 55  14.82 0.27  0.0   10  1.7  2.0      8155
 8156 2021-11-15 13:18     - 54 35  161 48  17.76 0.45  0.0    4 28.8 39.2      8156
 8157 2021-11-15 14:17     - 54 28  163 15  16.14 0.09  0.0    5  7.6 13.0      8157
 *** DISTANCE & RESIDUAL WEIGHTING CANCELLED FOR EVENT: 2021 11 15 14 18
 8158 2021-11-15 14:18     - 54 52  162 37  13.07 0.30  0.0    4 20.9  2.8      8158
 8159 2021-11-15 14:21       55 14  161 48   5.94 0.03  0.0    5  1.0  1.3      8159
 *** DISTANCE & RESIDUAL WEIGHTING CANCELLED FOR EVENT: 2021 11 15 14 34
 8160 2021-11-15 14:34     - 55 17  161 30  14.85 0.40  0.0    5 32.5 11.2      8160
  SEQ ---DATE--- TIME REMARK -LAT-  --LON-  DEPTH  RMS PMAG  NUM  ERH  ERZ  ID
 8161 2021-11-15 14:34     - 55 26  161 52   1.44 0.14  0.0    5  1.0 13.4      8161
 8162 2021-11-15 14:36     - 54 60  160 54  20.18 0.29  0.0    4  4.5 26.7      8162
 *** DISTANCE & RESIDUAL WEIGHTING CANCELLED FOR EVENT: 2021 11 15 14 39
 8163 2021-11-15 14:39     - 55 24  161 49   2.39 0.06  0.0    4  2.4  9.7      8163
 8164 2021-11-15 14:41     - 55 29  161 52   0.00 0.12  0.0    4  2.7 16.0      8164
 *** DISTANCE & RESIDUAL WEIGHTING CANCELLED FOR EVENT: 2021 11 15 14 45
 8165 2021-11-15 14:45     - 55 16  161 59  18.28 0.83  0.0    4 62.0  6.0      8165
 *** DISTANCE & RESIDUAL WEIGHTING CANCELLED FOR EVENT: 2021 11 15 14 47
 8166 2021-11-15 14:47     # 55 18  162  2   7.02 1.18  0.0    5  9.6 16.5      8166
 *** DISTANCE & RESIDUAL WEIGHTING CANCELLED FOR EVENT: 2021 11 15 14 49
 8167 2021-11-15 14:48     - 55 20  161 43  15.00 1.19  0.0    4 94.1 59.8      8167
 *** DISTANCE & RESIDUAL WEIGHTING CANCELLED FOR EVENT: 2021 11 15 14 51
 8168 2021-11-15 14:51     - 55 24  162 22  39.41 0.37  0.0    5 22.2 23.8      8168
 *** DISTANCE & RESIDUAL WEIGHTING CANCELLED FOR EVENT: 2021 11 15 15 55
 8169 2021-11-15 15:55     - 55 16  161 34   3.06 0.04  0.0    4  4.1  9.9      8169
 8170 2021-11-15 15:56     - 55 28  161 50  13.99 0.07  0.0    4  5.0 10.7      8170
 *** DISTANCE & RESIDUAL WEIGHTING CANCELLED FOR EVENT: 2021 11 15 16  2
 8171 2021-11-15 16:02     - 55 24  161 39  11.55 0.67  0.0    5 43.9 26.6      8171
 8172 2021-11-15 17:16       55 15  161 28  17.67 0.13  0.0    5  2.4  5.3      8172
 8173 2021-11-15 17:16       55 18  161 59  16.61 0.03  0.0    5  3.9  1.8      8173
 *** DISTANCE & RESIDUAL WEIGHTING CANCELLED FOR EVENT: 2021 11 15 17 16
 8174 2021-11-15 17:16     - 55 20  161 42  15.00 1.14  0.0    4 66.7 48.9      8174
 *** DISTANCE & RESIDUAL WEIGHTING CANCELLED FOR EVENT: 2021 11 15 17 22
 8175 2021-11-15 17:22     - 55 17  162  8  15.04 0.44  0.0    4 26.4 26.8      8175
  SEQ ---DATE--- TIME REMARK -LAT-  --LON-  DEPTH  RMS PMAG  NUM  ERH  ERZ  ID
 8176 2021-11-15 17:25     - 55 24  161 53   3.71 0.10  0.0    4  1.3 11.1      8176
 8177 2021-11-15 20:41       55 22  161 47  18.76 0.10  0.0    6  4.4  1.0      8177
 *** DISTANCE & RESIDUAL WEIGHTING CANCELLED FOR EVENT: 2021 11 15 20 42
 8178 2021-11-15 20:42     - 55 33  161 22  28.92 0.21  0.0    4 20.6  9.0      8178
 8179 2021-11-15 20:43     - 55 14  162  1   2.23 1.23  0.0    4 72.0 80.0      8179
 8180 2021-11-15 20:43     - 55 17  161 35   6.57 0.06  0.0    4  2.0 13.4      8180
 *** DISTANCE & RESIDUAL WEIGHTING CANCELLED FOR EVENT: 2021 11 15 20 44
 8181 2021-11-15 20:44     - 55 19  161 42  15.00 1.06  0.0    4 57.9 43.6      8181
 8182 2021-11-15 20:49     - 55 31  161 40  12.29 0.10  0.0    4 11.5  9.2      8182
 8183 2021-11-15 20:49     - 55 22  161 50   0.04 0.01  0.0    4  0.5 11.2      8183
 8184 2021-11-15 20:51       55 23  161 54   4.29 0.00  0.0    4  0.9  5.5      8184
 8185 2021-11-15 20:57     - 55 23  161 49  15.16 0.08  0.0    4  5.6 10.6      8185
 8186 2021-11-15 21:18     - 55 39  161 31  27.13 0.20  0.0    5 10.1 16.2      8186
 *** DISTANCE & RESIDUAL WEIGHTING CANCELLED FOR EVENT: 2021 11 15 21 19
 8187 2021-11-15 21:19     # 55  7  162  9  22.63 0.58  0.0    5  4.6 15.3      8187
 8188 2021-11-15 23:13     - 55 14  161 27   7.87 0.13  0.0    4  4.0 15.6      8188
 8189 2021-11-15 23:15     - 55 18  161 31   1.40 0.14  0.0    5  1.6 14.8      8189
 *** DISTANCE & RESIDUAL WEIGHTING CANCELLED FOR EVENT: 2021 11 15 23 19
 8190 2021-11-15 23:19     - 55 13  161 30  13.52 0.71  0.0    4 58.2 35.2      8190
 *** DISTANCE & RESIDUAL WEIGHTING CANCELLED FOR EVENT: 2021 11 15 23 20
  SEQ ---DATE--- TIME REMARK -LAT-  --LON-  DEPTH  RMS PMAG  NUM  ERH  ERZ  ID
 8191 2021-11-15 23:19     # 55 24  161 53  11.99 0.51  0.0    5  5.8 10.3      8191
 8192 2021-11-15 23:22     - 54 28  163 15  15.34 0.13  0.0    6  7.3 14.9      8192
 *** DISTANCE & RESIDUAL WEIGHTING CANCELLED FOR EVENT: 2021 11 15 23 22
 8193 2021-11-15 23:22     - 54 51  162 34   8.70 0.71  0.0    5 52.2 34.9      8193
 *** DISTANCE & RESIDUAL WEIGHTING CANCELLED FOR EVENT: 2021 11 15 23 26
 8194 2021-11-15 23:25     - 55 24  161 38   9.31 0.44  0.0    5 32.9 11.9      8194
 8195 2021-11-15 23:31     - 55 29  161 27   7.73 0.09  0.0    4 12.3 11.5      8195
 8196 2021-11-15 23:59     - 55 25  161 57  14.99 0.06  0.0    5  1.9 12.1      8196
 8197 2021-11-16  2:11     - 54 51  161  8  19.12 0.05  0.0    5 11.5 10.6      8197
 *** DISTANCE & RESIDUAL WEIGHTING CANCELLED FOR EVENT: 2021 11 16  3 30
 8198 2021-11-16  3:30     # 55 21  161 33  15.00 1.60  0.0    4 57.1 35.8      8198
 *** DISTANCE & RESIDUAL WEIGHTING CANCELLED FOR EVENT: 2021 11 16  3 30
 8199 2021-11-16  3:29     - 55 35  162  5  15.00 0.77  0.0    4 61.3 25.5      8199
 *** DISTANCE & RESIDUAL WEIGHTING CANCELLED FOR EVENT: 2021 11 16  3 49
 8200 2021-11-16  3:49     - 54 53  160 31  14.99 0.54  0.0    4 36.2 42.0      8200
 8201 2021-11-16  6:56     - 55 21  161 29   7.93 0.18  0.0    4  4.5 13.6      8201
 8202 2021-11-16  6:59       55 23  161 45  17.94 0.08  0.0    6  2.1  0.9      8202
 8203 2021-11-16  7:00     - 55 23  161 47  14.87 0.01  0.0    4  6.0  9.7      8203
 8204 2021-11-16  7:04     # 55 23  161 50   0.09 0.07  0.0    5  0.7  9.1      8204
 8205 2021-11-16  7:04     - 55 41  161 11  10.17 0.37  0.0    4 23.3 23.6      8205
  SEQ ---DATE--- TIME REMARK -LAT-  --LON-  DEPTH  RMS PMAG  NUM  ERH  ERZ  ID
 8206 2021-11-16  7:06     - 55 25  161 48   0.77 0.07  0.0    4  1.7 11.7      8206
 8207 2021-11-16  7:06     - 55 26  161 43  13.36 0.12  0.0    4 10.0 11.1      8207
 8208 2021-11-16  7:15     - 55 12  161 34   6.67 0.32  0.0    4  7.9 29.6      8208
 8209 2021-11-16  7:59     - 55 25  161 58  15.03 0.03  0.0    4  2.2 12.2      8209
 8210 2021-11-16  8:03     - 55  4  161 32  27.41 0.20  0.0    4 16.4  7.4      8210
 8211 2021-11-16  8:03     - 54 50  161 16  31.65 0.31  0.0    5 22.0  1.4      8211
 8212 2021-11-16 10:51     - 55 11  161 29  14.40 0.05  0.0    4  4.5  8.7      8212
 *** DISTANCE & RESIDUAL WEIGHTING CANCELLED FOR EVENT: 2021 11 16 10 54
 8213 2021-11-16 10:54     - 55 21  161 40   5.18 0.07  0.0    4  9.7  6.5      8213
 8214 2021-11-16 14:00       55 25  161 53  21.09 0.06  0.0    5  2.3  1.9      8214
 *** DISTANCE & RESIDUAL WEIGHTING CANCELLED FOR EVENT: 2021 11 16 14  0
 8215 2021-11-16 14:00     - 55 44  161 60  15.00 0.94  0.0    4 38.8 59.3      8215
 8216 2021-11-16 14:04     - 55 51  163  0  14.98 0.09  0.0    4  6.7 12.7      8216
 *** DISTANCE & RESIDUAL WEIGHTING CANCELLED FOR EVENT: 2021 11 16 14  7
 8217 2021-11-16 14:07     # 55 32  161 60   7.48 1.40  0.0    5 36.4 48.7      8217
 8218 2021-11-16 14:09     - 55 19  161 53  14.76 0.48  0.0    6 18.2 27.8      8218
 8219 2021-11-16 14:13       55  3  162 26  37.16 0.00  0.0    4  4.2  7.6      8219
 *** DISTANCE & RESIDUAL WEIGHTING CANCELLED FOR EVENT: 2021 11 16 15  8
 8220 2021-11-16 15:08     - 55 24  161 43   0.50 0.36  0.0    4 25.1 22.1      8220
  SEQ ---DATE--- TIME REMARK -LAT-  --LON-  DEPTH  RMS PMAG  NUM  ERH  ERZ  ID
 8221 2021-11-16 15:18     - 54 34  162 33  16.86 0.17  0.0   10  8.4 16.8      8221
 *** DISTANCE & RESIDUAL WEIGHTING CANCELLED FOR EVENT: 2021 11 16 16  0
 8222 2021-11-16 15:59     - 55 56  160 40  17.40 0.80  0.0    4 29.1 68.2      8222
 8223 2021-11-16 16:50     - 55  4  160 54  10.40 0.25  0.0    4  4.3 23.7      8223
 *** DISTANCE & RESIDUAL WEIGHTING CANCELLED FOR EVENT: 2021 11 16 16 51
 8224 2021-11-16 16:51     - 55 17  161 37  14.99 0.46  0.0    4 23.6 30.0      8224
 8225 2021-11-16 18:50     # 54 59  162  6  32.50 1.94  0.0    8 33.3 27.6      8225
 8226 2021-11-16 18:50     - 54 54  162  8   9.98 0.16  0.0    4 16.8 12.3      8226
 8227 2021-11-16 19:39     - 54 24  162  3  17.08 0.18  0.0    6  2.7 19.4      8227
 8228 2021-11-16 20:07     # 55 21  161 44  30.44 0.00  0.0    4  3.8  1.1      8228
 8229 2021-11-16 20:07     - 55 38  161  9  11.88 0.10  0.0    4  9.6 12.3      8229
 *** DISTANCE & RESIDUAL WEIGHTING CANCELLED FOR EVENT: 2021 11 16 20 12
 8230 2021-11-16 20:12     - 55 19  161 59  15.00 0.82  0.0    4 34.1 56.0      8230
 8231 2021-11-16 20:13     - 55 30  161 50  13.08 0.09  0.0    4  8.1 11.2      8231
 *** DISTANCE & RESIDUAL WEIGHTING CANCELLED FOR EVENT: 2021 11 16 22 56
 8232 2021-11-16 22:56     # 55 10  161 28  15.60 0.44  0.0    5  8.5 10.7      8232
 8233 2021-11-16 22:57     - 55 22  161 41  21.00 0.04  0.0    4 12.0  4.3      8233
 8234 2021-11-16 23:00     - 55 13  161 39   7.07 0.14  0.0    4  5.0 15.0      8234
 8235 2021-11-16 23:01     - 55 13  161 20  11.88 0.11  0.0    5  4.9 12.6      8235
 *** DISTANCE & RESIDUAL WEIGHTING CANCELLED FOR EVENT: 2021 11 16 23  2
  SEQ ---DATE--- TIME REMARK -LAT-  --LON-  DEPTH  RMS PMAG  NUM  ERH  ERZ  ID
 8236 2021-11-16 23:02     - 55 27  161 51  14.24 0.15  0.0    4  5.8 14.7      8236
 8237 2021-11-16 23:08     - 55 23  161 30  10.76 0.09  0.0    5 12.4 11.4      8237
 8238 2021-11-16 23:59     - 55 25  161 57  14.99 0.07  0.0    5  1.9 12.1      8238
 8239 2021-11-17  2:35     - 55  4  162 17   7.50 1.02  0.0    4 84.8 81.8      8239
 8240 2021-11-17  2:41     - 55 23  161 43  12.99 0.09  0.0    4 10.4  9.3      8240
 8241 2021-11-17  2:43     - 55 44  160 31  14.75 0.12  0.0    5  7.0 14.2      8241
 8242 2021-11-17  2:54     - 54 23  161 26   5.82 0.16  0.0    8  7.5 16.4      8242
 8243 2021-11-17  2:54     - 54 54  162 51  15.73 0.07  0.0    6 11.1  7.5      8243
 *** DISTANCE & RESIDUAL WEIGHTING CANCELLED FOR EVENT: 2021 11 17  4 30
 8244 2021-11-17  4:30     - 55 42  161  9  15.03 0.64  0.0    5 53.4 10.5      8244
 8245 2021-11-17  6:12     - 54 50  162 40  12.11 0.17  0.0    7 17.2  5.2      8245
 8246 2021-11-17  6:12     - 54 56  162 31  10.61 0.05  0.0    4 11.3  5.0      8246
 *** DISTANCE & RESIDUAL WEIGHTING CANCELLED FOR EVENT: 2021 11 17  6 30
 8247 2021-11-17  6:30     - 55 29  161 29  14.59 0.22  0.0    4  7.8 16.9      8247
 *** DISTANCE & RESIDUAL WEIGHTING CANCELLED FOR EVENT: 2021 11 17  6 33
 8248 2021-11-17  6:33     - 55 30  161 33  15.00 1.08  0.0    4 89.5 37.2      8248
 *** DISTANCE & RESIDUAL WEIGHTING CANCELLED FOR EVENT: 2021 11 17  6 33
 8249 2021-11-17  6:33     - 55 39  162  2  15.00 0.46  0.0    4 20.1 22.8      8249
 *** DISTANCE & RESIDUAL WEIGHTING CANCELLED FOR EVENT: 2021 11 17  6 35
 8250 2021-11-17  6:35     # 55 20  161 33  15.00 0.78  0.0    4 18.9  9.3      8250
  SEQ ---DATE--- TIME REMARK -LAT-  --LON-  DEPTH  RMS PMAG  NUM  ERH  ERZ  ID
 8251 2021-11-17  6:43     - 55  8  162 17   7.42 0.36  0.0    5 26.1 25.7      8251
 8252 2021-11-17  6:44     - 55 23  161 32  16.10 0.10  0.0    4 13.7  5.8      8252
 8253 2021-11-17  6:49     - 55 16  161 60  12.44 0.26  0.0    4 21.9 10.9      8253
 *** DISTANCE & RESIDUAL WEIGHTING CANCELLED FOR EVENT: 2021 11 17  6 56
 8254 2021-11-17  6:56     # 55 25  161 41   3.78 0.43  0.0    4  6.5 19.8      8254
 8255 2021-11-17  9:37     - 55 15  161 30   7.40 0.37  0.0    4 26.3 24.2      8255
 8256 2021-11-17 10:03       54 30  162  5  16.46 0.19  0.0   13  2.8  2.4      8256
 *** DISTANCE & RESIDUAL WEIGHTING CANCELLED FOR EVENT: 2021 11 17 11 23
 8257 2021-11-17 11:23     - 55 14  161 37  13.29 0.42  0.0    4 25.3 14.7      8257
 8258 2021-11-17 11:28       55 22  161 47  19.67 0.14  0.0    8  2.4  1.0      8258
 8259 2021-11-17 11:29     - 55 16  161 59   3.62 0.02  0.0    4 11.1  3.4      8259
 8260 2021-11-17 11:31     # 55 14  162 20  15.00 0.37  0.0    6  8.7 13.6      8260
 *** DISTANCE & RESIDUAL WEIGHTING CANCELLED FOR EVENT: 2021 11 17 11 36
 8261 2021-11-17 11:36     - 55 17  161 25   8.24 1.07  0.0    4 86.9 77.0      8261
 8262 2021-11-17 15:59       55 23  161 56  16.02 0.06  0.0    6  1.5  9.0      8262
 8263 2021-11-17 16:11     - 55 46  161 27  17.83 0.13  0.0    8  1.9 14.6      8263
 8264 2021-11-17 16:49     - 55 26  161 51   0.17 0.10  0.0    5  1.4 12.1      8264
 *** DISTANCE & RESIDUAL WEIGHTING CANCELLED FOR EVENT: 2021 11 17 17  7
 8265 2021-11-17 17:07     - 54 56  161 27   7.85 0.57  0.0    4 46.6 47.0      8265
  SEQ ---DATE--- TIME REMARK -LAT-  --LON-  DEPTH  RMS PMAG  NUM  ERH  ERZ  ID
 8266 2021-11-17 17:12     - 54 52  162 47  40.26 0.11  0.0    6 12.4  6.4      8266
 *** DISTANCE & RESIDUAL WEIGHTING CANCELLED FOR EVENT: 2021 11 17 17 13
 8267 2021-11-17 17:13     - 55  0  162 19  12.32 0.31  0.0    4 22.7 16.0      8267
 8268 2021-11-17 20:19     - 54 50  161 35   9.55 0.09  0.0    8  7.2  9.5      8268
 8269 2021-11-17 20:19       54 42  161 10   7.88 0.30  0.0    8 15.3  6.2      8269
 *** DISTANCE & RESIDUAL WEIGHTING CANCELLED FOR EVENT: 2021 11 17 20 22
 8270 2021-11-17 20:21     - 55 17  161 27   7.23 0.29  0.0    4 17.3 20.4      8270
 8271 2021-11-17 20:23     - 55 19  161 55  14.41 0.12  0.0    6  7.1 10.3      8271
 8272 2021-11-17 20:25     - 55 21  161 49   0.05 0.28  0.0    4 13.8 25.1      8272
 8273 2021-11-17 20:32     - 55 24  161 48  14.10 0.07  0.0    4  6.7 11.6      8273
 8274 2021-11-17 20:34       55 19  161 41  17.61 0.10  0.0    7  3.1  1.1      8274
 8275 2021-11-17 20:34     - 55 49  161 38  14.07 0.12  0.0    4 10.1 14.0      8275
 8276 2021-11-17 20:39     - 54 29  160 35  14.39 0.12  0.0    4  7.0 14.1      8276
 8277 2021-11-17 20:40     - 54 55  163 13  14.76 0.02  0.0    4 10.1  7.3      8277
 *** DISTANCE & RESIDUAL WEIGHTING CANCELLED FOR EVENT: 2021 11 17 22 50
 8278 2021-11-17 22:50     - 54 48  162 43  14.99 0.51  0.0    5 41.8  2.2      8278
 8279 2021-11-17 23:18     - 54 43  162 38  13.51 0.08  0.0    5  9.3 10.5      8279
 8280 2021-11-17 23:59     - 55 25  161 56  47.49 0.04  0.0    6  4.7 12.6      8280
  SEQ ---DATE--- TIME REMARK -LAT-  --LON-  DEPTH  RMS PMAG  NUM  ERH  ERZ  ID
 8281 2021-11-18  0:22     - 55 42  162 53  17.14 0.16  0.0    5  2.5 18.2      8281
 8282 2021-11-18  0:24     - 55 24  162 49  20.61 0.33  0.0    8  2.9 23.4      8282
 8283 2021-11-18  0:31     - 55 23  162 37  10.23 0.45  0.0   10  2.7 35.0      8283
 8284 2021-11-18  2:20     - 54 57  160 58  39.35 0.22  0.0    6 18.0  8.7      8284
 8285 2021-11-18  2:20     - 54 57  161 24   6.59 0.14  0.0    6  5.4 17.1      8285
 8286 2021-11-18  3:20     - 54 51  160 46  15.00 0.18  0.0   10 16.2 19.5      8286
 8287 2021-11-18  3:20     - 54 40  160 12  14.56 0.17  0.0   10 13.4  8.9      8287
 8288 2021-11-18  4:44     - 54 53  160 58  15.03 0.10  0.0    5  6.2 13.0      8288
 *** DISTANCE & RESIDUAL WEIGHTING CANCELLED FOR EVENT: 2021 11 18  4 45
 8289 2021-11-18  4:45     # 55 12  161 49  17.93 0.83  0.0    5 10.8 24.9      8289
 8290 2021-11-18  5:15     - 55 25  162  1   7.86 0.09  0.0    4  1.9 11.0      8290
 8291 2021-11-18  5:16     - 55 31  161 46  12.83 0.08  0.0    4  9.8  9.5      8291
 *** DISTANCE & RESIDUAL WEIGHTING CANCELLED FOR EVENT: 2021 11 18  5 17
 8292 2021-11-18  5:17     # 55 30  162 11  15.00 1.31  0.0    6 36.1 18.4      8292
 8293 2021-11-18  5:17     - 55 35  161 29   9.38 0.14  0.0    5  6.8 16.0      8293
 8294 2021-11-18  5:20       55 26  161 27  29.72 0.04  0.0    5  3.7  5.8      8294
 8295 2021-11-18  7:59     - 55 25  161 55  26.57 0.06  0.0    6  2.7 12.2      8295
 *** DISTANCE & RESIDUAL WEIGHTING CANCELLED FOR EVENT: 2021 11 18  8 41
  SEQ ---DATE--- TIME REMARK -LAT-  --LON-  DEPTH  RMS PMAG  NUM  ERH  ERZ  ID
 8296 2021-11-18  8:41     - 55 51  161 58  15.00 0.64  0.0    4 53.1 49.3      8296
 8297 2021-11-18  9:27     - 55 23  161 37  13.67 0.16  0.0    4 16.0  5.5      8297
 8298 2021-11-18  9:33     - 55  8  161 43  21.62 0.51  0.0    5 38.2 19.7      8298
 8299 2021-11-18  9:53     - 54 59  162 23  14.57 0.07  0.0    4  8.9  9.8      8299
 8300 2021-11-18 13:55       55 22  161 48   0.15 0.13  0.0    4  6.3  8.7      8300
 8301 2021-11-18 13:57     - 55 16  161 35   6.70 0.08  0.0    6  1.4 13.9      8301
 8302 2021-11-18 13:58     - 55 16  161 59   2.89 0.06  0.0    4 12.9  4.8      8302
 *** DISTANCE & RESIDUAL WEIGHTING CANCELLED FOR EVENT: 2021 11 18 14  0
 8303 2021-11-18 14:00     - 55 18  162  1  13.34 0.68  0.0    4 31.2 35.5      8303
 8304 2021-11-18 14:06       54 46  162 29  15.90 0.07  0.0    8  9.2  1.2      8304
 *** DISTANCE & RESIDUAL WEIGHTING CANCELLED FOR EVENT: 2021 11 18 14  7
 8305 2021-11-18 14:06     - 54 53  162 28  15.04 0.96  0.0    5 73.4  4.2      8305
 *** DISTANCE & RESIDUAL WEIGHTING CANCELLED FOR EVENT: 2021 11 18 14  7
 8306 2021-11-18 14:07     - 55  7  162 22  15.56 0.95  0.0    4 15.9 67.6      8306
 8307 2021-11-18 14:14     - 54 41  162  6  15.37 0.11  0.0    5  6.8 13.7      8307
 8308 2021-11-18 14:19     - 54 32  161 59  18.56 0.15  0.0    4 12.8 11.8      8308
 8309 2021-11-18 14:45     - 54 34  161 17  14.96 0.18  0.0   19  7.6 15.0      8309
 8310 2021-11-18 15:59     - 55 24  161 56  39.73 0.05  0.0    6  3.2 12.6      8310
  SEQ ---DATE--- TIME REMARK -LAT-  --LON-  DEPTH  RMS PMAG  NUM  ERH  ERZ  ID
 8311 2021-11-18 17:07       55 13  161 54  22.85 0.06  0.0    5  1.8  2.9      8311
 8312 2021-11-18 17:49       55 25  161 53  17.66 0.16  0.0    8  1.7  1.3      8312
 *** DISTANCE & RESIDUAL WEIGHTING CANCELLED FOR EVENT: 2021 11 18 17 49
 8313 2021-11-18 17:49     - 55 16  161 58  14.99 0.62  0.0    4 51.5  5.0      8313
 8314 2021-11-18 17:54       55 24  161 32  18.71 0.10  0.0    8  2.4  2.1      8314
 *** DISTANCE & RESIDUAL WEIGHTING CANCELLED FOR EVENT: 2021 11 18 17 55
 8315 2021-11-18 17:54     - 55 41  162  3  15.00 0.49  0.0    4 21.1 31.2      8315
 8316 2021-11-18 17:55     - 55 26  161 52   0.09 0.10  0.0    5  1.3 14.4      8316
 8317 2021-11-18 17:55     - 55 30  162 13   0.88 0.15  0.0    4 12.9 16.3      8317
 *** DISTANCE & RESIDUAL WEIGHTING CANCELLED FOR EVENT: 2021 11 18 18  0
 8318 2021-11-18 18:00     # 55 21  161 43   9.41 0.85  0.0    4 39.3 21.9      8318
 *** DISTANCE & RESIDUAL WEIGHTING CANCELLED FOR EVENT: 2021 11 18 18  2
 8319 2021-11-18 18:02     - 55  6  161 40  14.74 0.51  0.0    4 41.1 14.6      8319
 8320 2021-11-18 18:06     - 55 57  161 55  17.05 0.14  0.0    5  6.8 17.2      8320
 8321 2021-11-18 19:34     - 55  2  161 30  19.61 0.16  0.0    4 17.2  4.5      8321
 8322 2021-11-18 19:34     - 54 59  160 59  24.54 0.20  0.0    4 19.7 20.7      8322
 *** DISTANCE & RESIDUAL WEIGHTING CANCELLED FOR EVENT: 2021 11 18 19 35
 8323 2021-11-18 19:34     - 54 53  162 41   7.00 0.50  0.0    4 31.2 43.6      8323
 *** DISTANCE & RESIDUAL WEIGHTING CANCELLED FOR EVENT: 2021 11 18 20 18
 8324 2021-11-18 20:18     # 55 22  161 48  15.00 0.94  0.0    4 16.5  8.3      8324
 8325 2021-11-18 23:59     - 55 25  161 56  36.45 0.04  0.0    6  3.5 12.5      8325
 *** DISTANCE & RESIDUAL WEIGHTING CANCELLED FOR EVENT: 2021 11 19  0 29
  SEQ ---DATE--- TIME REMARK -LAT-  --LON-  DEPTH  RMS PMAG  NUM  ERH  ERZ  ID
 8326 2021-11-19  0:28     - 55 17  161 50  14.39 0.55  0.0    4 35.6 30.5      8326
 *** DISTANCE & RESIDUAL WEIGHTING CANCELLED FOR EVENT: 2021 11 19  1 38
 8327 2021-11-19  1:38     - 55  8  162 20  15.00 1.18  0.0    4 95.6 77.1      8327
 8328 2021-11-19  1:51     - 55 22  161 33  28.80 0.32  0.0    4 19.4 21.1      8328
 *** DISTANCE & RESIDUAL WEIGHTING CANCELLED FOR EVENT: 2021 11 19  1 53
 8329 2021-11-19  1:52     - 55 26  161 53  17.43 0.21  0.0    4 16.0 11.7      8329
 *** DISTANCE & RESIDUAL WEIGHTING CANCELLED FOR EVENT: 2021 11 19  1 53
 8330 2021-11-19  1:53     - 55 40  162  9   7.50 0.72  0.0    4 28.9 59.4      8330
 8331 2021-11-19  1:59       55 22  161 46  20.38 0.08  0.0    7  2.5  0.9      8331
 8332 2021-11-19  2:01       55 25  162  0  16.60 0.13  0.0    5  3.6  2.5      8332
 *** DISTANCE & RESIDUAL WEIGHTING CANCELLED FOR EVENT: 2021 11 19  2  3
 8333 2021-11-19  2:03     # 55 22  161 47  15.00 0.72  0.0    4 23.1 10.4      8333
 8334 2021-11-19  2:06       55 24  161 30   7.68 0.03  0.0    6  2.1  8.6      8334
 8335 2021-11-19  2:08     - 55 29  161  3  14.98 0.20  0.0    4  4.7 19.1      8335
 8336 2021-11-19  2:11     - 55 18  161 46  13.34 0.04  0.0    5  7.5  7.0      8336
 8337 2021-11-19  2:16     - 55 15  161 54  16.30 0.06  0.0    4  8.6  8.6      8337
 *** DISTANCE & RESIDUAL WEIGHTING CANCELLED FOR EVENT: 2021 11 19  2 16
 8338 2021-11-19  2:16     # 55 21  161 46  15.00 1.19  0.0    4 33.3 24.5      8338
 8339 2021-11-19  3:51     - 54 35  161 16  15.10 0.28  0.0   15 10.6 20.9      8339
 8340 2021-11-19  7:59     - 55 25  161 56  14.99 0.09  0.0    5  1.7 12.0      8340
 *** DISTANCE & RESIDUAL WEIGHTING CANCELLED FOR EVENT: 2021 11 19 10 11
  SEQ ---DATE--- TIME REMARK -LAT-  --LON-  DEPTH  RMS PMAG  NUM  ERH  ERZ  ID
 8341 2021-11-19 10:11     - 55 33  161 53  15.00 0.31  0.0    4 20.1 19.8      8341
 8342 2021-11-19 12:13     - 54 31  161 42  19.26 0.17  0.0    9  1.9 17.2      8342
 8343 2021-11-19 13:51     - 55  1  161 22  20.91 0.25  0.0    8 20.2  6.7      8343
 *** DISTANCE & RESIDUAL WEIGHTING CANCELLED FOR EVENT: 2021 11 19 13 51
 8344 2021-11-19 13:51     - 54 48  160 42  15.00 0.55  0.0    4 43.5 46.3      8344
 8345 2021-11-19 16:04     - 55 24  161 58   0.77 0.10  0.0    4  1.9 13.0      8345
 *** DISTANCE & RESIDUAL WEIGHTING CANCELLED FOR EVENT: 2021 11 19 17 28
 8346 2021-11-19 17:28     - 55 48  161 25  15.00 0.55  0.0    5 10.3 41.3      8346
 8347 2021-11-19 17:47     - 54 49  162 19  12.39 0.12  0.0    4 14.1  7.2      8347
 8348 2021-11-19 18:23     - 55 23  160 56  32.34 0.10  0.0    9 12.2  0.9      8348
 8349 2021-11-19 18:24       55 20  161 48  14.30 0.00  0.0    4  0.7  2.8      8349
 8350 2021-11-19 18:24     - 55 38  161 22  11.79 0.10  0.0    4 13.9 11.1      8350
 8351 2021-11-19 18:38     - 55 12  161 24  14.03 0.19  0.0    4  5.9 13.8      8351
 *** DISTANCE & RESIDUAL WEIGHTING CANCELLED FOR EVENT: 2021 11 19 21 14
 8352 2021-11-19 21:14     - 55  2  162 30  15.00 1.18  0.0    4 94.7 76.7      8352
 8353 2021-11-19 21:15       55 25  161 53  16.82 0.13  0.0    6  1.8  1.2      8353
 8354 2021-11-19 21:45     - 54 46  162 24  13.36 0.19  0.0    4 18.6  8.5      8354
 8355 2021-11-19 23:44     - 54 53  161 37  15.31 0.12  0.0    5 15.2  4.3      8355
 *** DISTANCE & RESIDUAL WEIGHTING CANCELLED FOR EVENT: 2021 11 19 23 44
  SEQ ---DATE--- TIME REMARK -LAT-  --LON-  DEPTH  RMS PMAG  NUM  ERH  ERZ  ID
 8356 2021-11-19 23:44     - 54 59  161 54  24.33 0.13  0.0    4 11.2  7.5      8356
 *** DISTANCE & RESIDUAL WEIGHTING CANCELLED FOR EVENT: 2021 11 19 23 49
 8357 2021-11-19 23:49     - 55 20  161 44  15.00 0.73  0.0    4 40.8 29.5      8357
 8358 2021-11-19 23:59     - 55 20  162  7  68.63 0.15  0.0    8  4.4 14.9      8358
 8359 2021-11-20  2:34     - 55 28  161 49  13.88 0.11  0.0    4  6.5 12.0      8359
 8360 2021-11-20  2:51     - 54 47  160 55  17.39 0.02  0.0    4  2.2 12.6      8360
 8361 2021-11-20  4:39       55 25  161 53  18.34 0.16  0.0    8  2.0  2.1      8361
 8362 2021-11-20  4:39     - 55 17  161 57   6.28 0.03  0.0    5 11.5  0.6      8362
 *** DISTANCE & RESIDUAL WEIGHTING CANCELLED FOR EVENT: 2021 11 20  4 51
 8363 2021-11-20  4:51     - 55 48  162 12  15.47 0.40  0.0    4 11.5 28.0      8363
 8364 2021-11-20  6:28     - 54 41  161  3  15.38 0.09  0.0    9  6.4 12.9      8364
 8365 2021-11-20  7:59       55 21  162 16  19.38 0.15  0.0    5  3.1 10.4      8365
 8366 2021-11-20 10:46     - 55 48  160 59  16.01 0.15  0.0    4 18.0 16.1      8366
 8367 2021-11-20 13:01     - 55 27  161 47   4.76 0.05  0.0    4  3.2 10.6      8367
 8368 2021-11-20 13:11     - 55  6  161 35   7.74 0.18  0.0    6  6.6 17.8      8368
 8369 2021-11-20 15:21       55 20  161 39  17.05 0.06  0.0    6  2.9  1.9      8369
 *** DISTANCE & RESIDUAL WEIGHTING CANCELLED FOR EVENT: 2021 11 20 15 22
 8370 2021-11-20 15:22     - 55 20  161 42  15.00 1.17  0.0    4 68.3 49.6      8370
  SEQ ---DATE--- TIME REMARK -LAT-  --LON-  DEPTH  RMS PMAG  NUM  ERH  ERZ  ID
 8371 2021-11-20 15:26     # 55 34  162 14  15.00 0.79  0.0    5 33.6 17.1      8371
 *** DISTANCE & RESIDUAL WEIGHTING CANCELLED FOR EVENT: 2021 11 20 15 34
 8372 2021-11-20 15:34     - 55 20  161 22  15.00 0.43  0.0    5 35.8 18.6      8372
 8373 2021-11-20 15:59     - 55 25  161 58  46.65 0.04  0.0    5  5.6 12.7      8373
 *** DISTANCE & RESIDUAL WEIGHTING CANCELLED FOR EVENT: 2021 11 20 18 15
 8374 2021-11-20 18:15     # 55 25  161 45  15.00 0.79  0.0    4 12.7  9.6      8374
 8375 2021-11-20 18:17       55 18  161 25  25.02 0.01  0.0    5  2.4  4.8      8375
 8376 2021-11-20 18:17       55 25  161 53  15.01 0.00  0.0    4  1.6  3.1      8376
 *** DISTANCE & RESIDUAL WEIGHTING CANCELLED FOR EVENT: 2021 11 20 18 17
 8377 2021-11-20 18:17     - 55 16  161 59  11.44 0.26  0.0    4 22.8  4.9      8377
 8378 2021-11-20 18:19       55 20  161 53  25.06 0.04  0.0    6  2.5  1.0      8378
 8379 2021-11-20 18:27     - 55 13  162  4  16.49 0.12  0.0    4 13.7  7.9      8379
 *** DISTANCE & RESIDUAL WEIGHTING CANCELLED FOR EVENT: 2021 11 20 18 40
 8380 2021-11-20 18:40     - 55 16  162 48  13.76 1.19  0.0    4 87.1 84.6      8380
 *** DISTANCE & RESIDUAL WEIGHTING CANCELLED FOR EVENT: 2021 11 20 22 35
 8381 2021-11-20 22:35     - 55 16  162  8  12.59 0.64  0.0    4 42.7 31.6      8381
 8382 2021-11-20 23:34     - 55 47  161 44  15.61 0.43  0.0    5 17.0 34.1      8382
 8383 2021-11-20 23:59     - 55 24  161 55  27.46 0.07  0.0    6  2.3 12.2      8383
 8384 2021-11-21  0:38     - 55 26  161 58  35.20 0.10  0.0    4 14.8  2.2      8384
 *** DISTANCE & RESIDUAL WEIGHTING CANCELLED FOR EVENT: 2021 11 21  1 49
 8385 2021-11-21  1:49     # 55 21  161 49   1.87 0.68  0.0    4 25.4 14.2      8385
 *** DISTANCE & RESIDUAL WEIGHTING CANCELLED FOR EVENT: 2021 11 21  1 51
  SEQ ---DATE--- TIME REMARK -LAT-  --LON-  DEPTH  RMS PMAG  NUM  ERH  ERZ  ID
 8386 2021-11-21  1:51     - 55 14  162 10  15.02 0.25  0.0    4 20.2 12.0      8386
 8387 2021-11-21  2:34     - 54 36  161 50   8.53 0.17  0.0   11  1.3 18.8      8387
 8388 2021-11-21  3:30       55 29  161 51  10.10 0.00  0.0    4  1.0  3.2      8388
 *** DISTANCE & RESIDUAL WEIGHTING CANCELLED FOR EVENT: 2021 11 21  3 30
 8389 2021-11-21  3:30     - 55 17  162  0  15.01 0.56  0.0    4 46.5  7.8      8389
 8390 2021-11-21  3:41       55 19  161 56  17.34 0.19  0.0    8  2.0  2.3      8390
 *** DISTANCE & RESIDUAL WEIGHTING CANCELLED FOR EVENT: 2021 11 21  3 41
 8391 2021-11-21  3:41     - 55 13  161 36  15.25 0.27  0.0    4 13.1 21.5      8391
 8392 2021-11-21  7:59     - 55 25  161 58  14.99 0.03  0.0    4  2.0 12.3      8392
 8393 2021-11-21 10:03       55 28  161 49   4.48 0.08  0.0    5  0.8  3.2      8393
 8394 2021-11-21 10:06     - 54 29  162 36  15.80 0.15  0.0    5  7.9 15.9      8394
 8395 2021-11-21 10:13     - 55 37  161 30  10.21 0.16  0.0    4 16.3 13.7      8395
 *** DISTANCE & RESIDUAL WEIGHTING CANCELLED FOR EVENT: 2021 11 21 10 29
 8396 2021-11-21 10:29     - 55 28  161 50  13.27 0.28  0.0    4  9.7 22.0      8396
 *** DISTANCE & RESIDUAL WEIGHTING CANCELLED FOR EVENT: 2021 11 21 10 29
 8397 2021-11-21 10:29     - 55 31  161 28  38.83 0.60  0.0    4 50.4  8.5      8397
 8398 2021-11-21 10:48     - 55  2  160 43  35.35 0.24  0.0    9 14.6 19.0      8398
 8399 2021-11-21 10:48     - 54 59  162 51   7.59 0.05  0.0    4 10.4 13.2      8399
 8400 2021-11-21 10:48     - 54 57  160 31  15.01 0.21  0.0    4 19.5 20.3      8400
  SEQ ---DATE--- TIME REMARK -LAT-  --LON-  DEPTH  RMS PMAG  NUM  ERH  ERZ  ID
 8401 2021-11-21 14:34       54 47  161 49  18.92 0.12  0.0   11  1.0  4.2      8401
 8402 2021-11-21 14:40     - 54 45  161 51   9.77 0.13  0.0   10  1.1 11.6      8402
 8403 2021-11-21 15:59     - 55 25  161 57  42.45 0.04  0.0    5  4.6 12.8      8403
 8404 2021-11-21 16:20     - 54 55  160 45  15.00 0.20  0.0    9 16.5 21.1      8404
 8405 2021-11-21 16:21     - 55  5  161 17  14.98 0.14  0.0    4 13.7 16.3      8405
 8406 2021-11-21 16:21     - 54 40  162 59  18.26 0.09  0.0    4 12.5 14.6      8406
 *** DISTANCE & RESIDUAL WEIGHTING CANCELLED FOR EVENT: 2021 11 21 18  3
 8407 2021-11-21 18:03     - 55 25  161 52  23.84 4.27  0.0    4 98.9 39.9      8407
 8408 2021-11-21 19:28     - 55 23  161 47  14.93 0.05  0.0    4 12.9  1.3      8408
 8409 2021-11-21 23:59     - 55 25  161 56  39.84 0.05  0.0    6  3.4 12.4      8409
 *** DISTANCE & RESIDUAL WEIGHTING CANCELLED FOR EVENT: 2021 11 22  1 45
 8410 2021-11-22  1:45     - 54 50  162 10  15.00 0.61  0.0    4 27.1 48.6      8410
 8411 2021-11-22  4:29     - 55 27  160 20  15.00 0.10  0.0    4 13.9 14.0      8411
 8412 2021-11-22  7:45     - 54 30  161  8  32.11 0.18  0.0   12  8.7 15.9      8412
 8413 2021-11-22  7:45     - 54 38  161 11  33.02 0.20  0.0    6 19.1 20.7      8413
 8414 2021-11-22  7:59     - 55 25  161 52  14.97 0.04  0.0    4  3.1 12.5      8414
 8415 2021-11-22  8:58     - 54 59  162 26  13.64 0.04  0.0    4  8.5  7.4      8415
  SEQ ---DATE--- TIME REMARK -LAT-  --LON-  DEPTH  RMS PMAG  NUM  ERH  ERZ  ID
 8416 2021-11-22 11:28       55 24  161 44  36.60 0.10  0.0    5  8.7  5.8      8416
 8417 2021-11-22 11:29     # 55 14  161 48   0.14 0.52  0.0    6  4.0 26.6      8417
 8418 2021-11-22 12:36       54 36  162 16  56.41 0.06  0.0    6  7.6  3.4      8418
 8419 2021-11-22 15:59     - 55 24  161 55  42.04 0.05  0.0    7  3.1  9.4      8419
 *** DISTANCE & RESIDUAL WEIGHTING CANCELLED FOR EVENT: 2021 11 22 20 19
 8420 2021-11-22 20:19     - 54 44  162 43  15.00 0.46  0.0    4 39.8  6.5      8420
 8421 2021-11-22 21:26     - 54 45  161 15  15.96 0.20  0.0    5 17.2  2.1      8421
 8422 2021-11-22 23:59     - 55 25  161 56  44.87 0.03  0.0    6  3.4  9.9      8422
 8423 2021-11-23  1:14     - 54 44  162  4  13.38 0.03  0.0    4  7.8  9.7      8423
 8424 2021-11-23  1:14     - 54 47  162  4  12.65 0.18  0.0    4 10.3 12.4      8424
 8425 2021-11-23  3:36     - 55 13  163  3  38.22 0.29  0.0    5 19.9 12.4      8425
 *** DISTANCE & RESIDUAL WEIGHTING CANCELLED FOR EVENT: 2021 11 23  3 36
 8426 2021-11-23  3:36     - 55  2  162 22  10.12 0.12  0.0    4 12.7  3.5      8426
 8427 2021-11-23  5:05       54 51  161 31  66.45 0.16  0.0   14  3.3  2.5      8427
 8428 2021-11-23  5:20     - 55 11  160 44  15.62 0.15  0.0    6 16.3 17.8      8428
 *** DISTANCE & RESIDUAL WEIGHTING CANCELLED FOR EVENT: 2021 11 23  5 21
 8429 2021-11-23  5:21     - 55 16  161 55  14.78 0.27  0.0    4 13.9 19.5      8429
 8430 2021-11-23  7:19     - 55 13  160 58  12.42 0.10  0.0    6  9.5  7.9      8430
 *** DISTANCE & RESIDUAL WEIGHTING CANCELLED FOR EVENT: 2021 11 23  7 20
  SEQ ---DATE--- TIME REMARK -LAT-  --LON-  DEPTH  RMS PMAG  NUM  ERH  ERZ  ID
 8431 2021-11-23  7:20     - 55 14  161 40   6.90 0.77  0.0    4 65.0 31.3      8431
 8432 2021-11-23  7:59     - 55 24  161 57  43.28 0.03  0.0    4  4.9 12.6      8432
 8433 2021-11-23 10:11     - 55 17  161 27  13.28 0.15  0.0    4 15.0  8.6      8433
 *** DISTANCE & RESIDUAL WEIGHTING CANCELLED FOR EVENT: 2021 11 23 11 15
 8434 2021-11-23 11:15     # 55 10  161 46  13.12 0.79  0.0    5  6.4  4.3      8434
 *** DISTANCE & RESIDUAL WEIGHTING CANCELLED FOR EVENT: 2021 11 23 11 24
 8435 2021-11-23 11:24     - 55 29  161 44  12.98 0.17  0.0    4 12.8 11.2      8435
 8436 2021-11-23 11:24     - 55 21  161 46  12.85 0.17  0.0    4  6.2 16.4      8436
 *** DISTANCE & RESIDUAL WEIGHTING CANCELLED FOR EVENT: 2021 11 23 12 29
 8437 2021-11-23 12:29     - 54 59  161 32  21.93 0.16  0.0    4 15.7  5.3      8437
 8438 2021-11-23 14:17     - 55 17  161 19  34.82 0.17  0.0    7 14.0  4.5      8438
 *** DISTANCE & RESIDUAL WEIGHTING CANCELLED FOR EVENT: 2021 11 23 14 18
 8439 2021-11-23 14:18     - 55 45  161 20  15.01 0.57  0.0    5 46.5  9.5      8439
 8440 2021-11-23 15:59     - 55 22  162 18  41.92 0.10  0.0    5  3.7 11.0      8440
 8441 2021-11-23 19:31     - 54 44  160 56  15.00 0.15  0.0   11 13.4 17.7      8441
 8442 2021-11-23 19:31     - 54 42  160 42   7.94 0.35  0.0   10 22.1  4.7      8442
 8443 2021-11-23 21:04     # 54 28  163  9  11.16 0.27  0.0    9  6.8  2.6      8443
 8444 2021-11-23 23:59     - 55 21  162 11  65.20 0.12  0.0    8  4.5 13.3      8444
 8445 2021-11-24  0:35       55 27  161 39  22.39 0.06  0.0    9  2.1  1.0      8445
  SEQ ---DATE--- TIME REMARK -LAT-  --LON-  DEPTH  RMS PMAG  NUM  ERH  ERZ  ID
 8446 2021-11-24  1:01     - 55 55  160 58  17.24 0.35  0.0    5  9.9 31.4      8446
 8447 2021-11-24  3:46     - 54 56  160 26  15.00 0.21  0.0   10 18.9 21.2      8447
 8448 2021-11-24  3:46     - 54 60  160 33  15.02 0.23  0.0    6 21.0 22.8      8448
 8449 2021-11-24  7:59     - 55 25  161 56  14.99 0.09  0.0    5  1.9 12.0      8449
 8450 2021-11-24 12:57     - 55  8  161 12  26.31 0.22  0.0    9 15.9  6.6      8450
 8451 2021-11-24 12:57     - 55  5  160 33  15.02 0.29  0.0    5 24.3 27.1      8451
 8452 2021-11-24 15:59     - 55 24  161 56  39.44 0.05  0.0    5  3.3 12.6      8452
 8453 2021-11-24 17:26     - 55 15  161 32  11.06 0.06  0.0    5 11.7  9.3      8453
 8454 2021-11-24 23:59     - 55 18  161 60  46.76 0.16  0.0    6  5.5 14.8      8454
 8455 2021-11-25  2:42     - 55 17  161 36   2.77 0.03  0.0    5  2.1  9.8      8455
 8456 2021-11-25  2:43       55 22  161 39  13.93 0.17  0.0    5  8.4  2.2      8456
 *** DISTANCE & RESIDUAL WEIGHTING CANCELLED FOR EVENT: 2021 11 25  3  7
 8457 2021-11-25  3:07     - 55 20  161 41  12.77 0.55  0.0    4 38.1 22.4      8457
 8458 2021-11-25  8:44     - 55  1  161 28  25.71 0.20  0.0    6 17.9  5.0      8458
 8459 2021-11-25  8:44     - 54 49  161  3  26.81 0.12  0.0    6 14.4  2.5      8459
 8460 2021-11-25  9:41     - 55 10  161  8  15.01 0.21  0.0    5 16.6 20.1      8460
  SEQ ---DATE--- TIME REMARK -LAT-  --LON-  DEPTH  RMS PMAG  NUM  ERH  ERZ  ID
 8461 2021-11-25  9:41     - 55 25  161 11   6.83 0.32  0.0    4 21.3 29.7      8461
 8462 2021-11-25  9:49     # 55 19  161 47   6.76 2.14  0.0    4 29.1 29.6      8462
 *** DISTANCE & RESIDUAL WEIGHTING CANCELLED FOR EVENT: 2021 11 25 11 52
 8463 2021-11-25 11:52     - 54 29  162 46  11.94 0.60  0.0    4 51.0  9.9      8463
 8464 2021-11-25 11:52     - 54 58  162 16  15.09 0.01  0.0    4  4.2  8.4      8464
 8465 2021-11-25 15:59     - 55 24  161 58  49.80 0.03  0.0    6  5.5  9.7      8465
 8466 2021-11-25 16:50     - 54 34  161 27  17.14 0.09  0.0    6  2.4 14.5      8466
 *** DISTANCE & RESIDUAL WEIGHTING CANCELLED FOR EVENT: 2021 11 25 17 23
 8467 2021-11-25 17:23     - 55 27  161 39  13.13 0.71  0.0    4 50.7 30.5      8467
 8468 2021-11-25 18:59     - 55  7  161 50  28.97 0.02  0.0    4 12.7  2.2      8468
 8469 2021-11-25 18:59       55 20  161 42  18.47 0.00  0.0    4  4.0  1.4      8469
 *** DISTANCE & RESIDUAL WEIGHTING CANCELLED FOR EVENT: 2021 11 25 19  0
 8470 2021-11-25 19:00     - 55 24  161 41  21.00 1.58  0.0    4 99.0 12.6      8470
 8471 2021-11-25 19:00       55 32  161 46  14.34 0.02  0.0    5  2.6  2.1      8471
 *** DISTANCE & RESIDUAL WEIGHTING CANCELLED FOR EVENT: 2021 11 25 19  0
 8472 2021-11-25 19:00     - 55 18  161 49   6.00 0.55  0.0    4 28.9 18.7      8472
 8473 2021-11-25 22:00     - 55 25  162 57  16.68 0.78  0.0    6 30.3 58.1      8473
 8474 2021-11-25 22:33       55 22  161 46  21.17 0.15  0.0    7  2.3  1.1      8474
 *** DISTANCE & RESIDUAL WEIGHTING CANCELLED FOR EVENT: 2021 11 25 22 34
 8475 2021-11-25 22:34     - 55 28  162 37  14.02 0.22  0.0    4  6.9 14.6      8475
  SEQ ---DATE--- TIME REMARK -LAT-  --LON-  DEPTH  RMS PMAG  NUM  ERH  ERZ  ID
 8476 2021-11-25 22:36     # 55 22  161 55  26.14 0.09  0.0    4  3.0  3.5      8476
 *** DISTANCE & RESIDUAL WEIGHTING CANCELLED FOR EVENT: 2021 11 25 22 38
 8477 2021-11-25 22:38     - 54 49  161 57  14.50 0.20  0.0    4 12.1 19.9      8477
 8478 2021-11-25 22:44     - 55 30  161 28  15.06 0.06  0.0    4 12.4 10.1      8478
 8479 2021-11-25 23:59     - 55 16  161 54  58.11 0.10  0.0    6  7.3 13.6      8479
 8480 2021-11-26  2:05     - 54 51  161 35  11.32 0.13  0.0    4 12.0 13.2      8480
 8481 2021-11-26  2:05       54 57  161 40  12.48 0.00  0.0    4  6.1  3.1      8481
 8482 2021-11-26  2:25     - 54 42  160 41  15.00 0.13  0.0    8 15.4 16.3      8482
 8483 2021-11-26  2:26     - 54 49  161 17  18.58 0.09  0.0    6  8.1 10.9      8483
 8484 2021-11-26  2:58     - 54 23  161 20  15.00 0.72  0.0    5 55.6 60.3      8484
 8485 2021-11-26  3:17       55 22  161 52   1.55 0.01  0.0    4  0.5  3.4      8485
 8486 2021-11-26  3:24       55 16  161 41  15.58 0.06  0.0    6  4.5  2.9      8486
 *** DISTANCE & RESIDUAL WEIGHTING CANCELLED FOR EVENT: 2021 11 26  3 45
 8487 2021-11-26  3:45     - 55 23  162  2  14.67 0.47  0.0    4 15.7 35.8      8487
 *** DISTANCE & RESIDUAL WEIGHTING CANCELLED FOR EVENT: 2021 11 26  5  7
 8488 2021-11-26  5:07     - 55 27  161 53  11.90 0.49  0.0    4 24.7 32.8      8488
 8489 2021-11-26  5:08       55 11  161 53   5.22 0.00  0.0    4  1.6  3.1      8489
 8490 2021-11-26  7:59     - 55 24  162 25  70.67 0.18  0.0    9  4.9 14.5      8490
  SEQ ---DATE--- TIME REMARK -LAT-  --LON-  DEPTH  RMS PMAG  NUM  ERH  ERZ  ID
 8491 2021-11-26  8:18     - 54 57  163 22  16.94 0.69  0.0    7 25.6 52.1      8491
 *** DISTANCE & RESIDUAL WEIGHTING CANCELLED FOR EVENT: 2021 11 26 10 26
 8492 2021-11-26 10:26     - 55 13  161 10  15.00 1.42  0.0    4 99.0  9.0      8492
 8493 2021-11-26 15:59     - 55 23  162  2  60.41 0.07  0.0    7  2.7  9.9      8493
 8494 2021-11-26 21:54     - 54 22  162 53  14.61 0.06  0.0    4  5.9 11.9      8494
 8495 2021-11-26 23:59     - 55 25  161 55  14.99 0.09  0.0    6  2.0 10.5      8495
 8496 2021-11-27  1:56     - 55  9  163 28  19.63 0.74  0.0   10  5.4 61.6      8496
 8497 2021-11-27  4:25       54 53  162 35  27.06 0.05  0.0    7  6.0  4.8      8497
 8498 2021-11-27  4:26       55  0  162 21   9.32 0.00  0.0    4  4.0  4.9      8498
 8499 2021-11-27  7:59     - 55 27  161 52  18.30 0.06  0.0    6  2.0  9.6      8499
 8500 2021-11-27  8:01     - 54 50  162 40  16.74 0.06  0.0    5 13.0  1.2      8500
 8501 2021-11-27  8:01     - 54 55  162 31  11.18 0.07  0.0    4 11.9  4.7      8501
 8502 2021-11-27  8:04     - 54 39  161 49  11.73 0.19  0.0   12  2.2 16.2      8502
 8503 2021-11-27 15:59     - 55 24  161 56  49.11 0.05  0.0    7  4.7 10.3      8503
 8504 2021-11-27 19:49     - 54 49  162  7  14.54 0.02  0.0    4  6.8 10.6      8504
 8505 2021-11-27 19:49     - 54 43  162  0   7.65 0.12  0.0    4 10.7 15.3      8505
  SEQ ---DATE--- TIME REMARK -LAT-  --LON-  DEPTH  RMS PMAG  NUM  ERH  ERZ  ID
 8506 2021-11-27 23:59     - 55 21  162 12  51.00 0.13  0.0    7  4.1 12.1      8506
 8507 2021-11-28  4:12     - 54 39  161 50  13.67 0.17  0.0    7  3.3 15.8      8507
 *** DISTANCE & RESIDUAL WEIGHTING CANCELLED FOR EVENT: 2021 11 28  4 19
 8508 2021-11-28  4:18     - 54 51  161 59  15.00 1.93  0.0    4 98.5 98.5      8508
 8509 2021-11-28  5:18     - 55  2  162 50  15.89 0.18  0.0    4 15.1  6.5      8509
 8510 2021-11-28  6:18     - 56  4  162 48  14.55 0.97  0.0    4 71.7 73.4      8510
 8511 2021-11-28  6:23     - 55 30  162 53  19.69 0.01  0.0    4  1.6 12.5      8511
 8512 2021-11-28  7:59     - 55 23  161 53  23.15 0.11  0.0    6  2.8 12.7      8512
 8513 2021-11-28  8:37     - 54 37  161  9  14.47 0.23  0.0   11  9.7 19.7      8513
 8514 2021-11-28 10:12     - 54 24  162  4  18.27 0.36  0.0   16  3.1 31.1      8514
 8515 2021-11-28 11:04     - 55  7  161 59  21.27 0.12  0.0    5  6.7 10.4      8515
 8516 2021-11-28 15:59     - 54 56  161 17  15.06 0.04  0.0    4 12.1 12.0      8516
 8517 2021-11-28 17:45     - 55  2  161  7  33.85 0.09  0.0    6  3.7 13.1      8517
 *** DISTANCE & RESIDUAL WEIGHTING CANCELLED FOR EVENT: 2021 11 28 17 45
 8518 2021-11-28 17:45     # 54 55  162 31  16.83 0.38  0.0    4 19.4 13.7      8518
 8519 2021-11-28 20:25     - 55  4  161  7  32.25 0.19  0.0    6 17.2  1.1      8519
 8520 2021-11-28 20:25     - 54 53  162 42  20.02 0.34  0.0    4 21.7 30.9      8520
  SEQ ---DATE--- TIME REMARK -LAT-  --LON-  DEPTH  RMS PMAG  NUM  ERH  ERZ  ID
 8521 2021-11-28 23:59     - 55 23  161 55  15.00 0.03  0.0    4  2.2 11.8      8521
 8522 2021-11-29  4:14     - 55 23  161 39  17.15 0.01  0.0    4  5.8  7.3      8522
 8523 2021-11-29  4:21       55 14  161 32  17.31 0.06  0.0    5  2.4  4.0      8523
 *** DISTANCE & RESIDUAL WEIGHTING CANCELLED FOR EVENT: 2021 11 29  4 21
 8524 2021-11-29  4:21     - 56 24  161 55  15.32 0.12  0.0    4 11.8 14.3      8524
 8525 2021-11-29  4:25     - 55 29  161 32   4.03 0.16  0.0    4 13.8 15.1      8525
 8526 2021-11-29  7:59     - 55 25  161 56  14.99 0.05  0.0    4  3.0 12.4      8526
 8527 2021-11-29  8:37       55 13  161 47  24.41 0.00  0.0    4  3.1  1.1      8527
 8528 2021-11-29  8:50     - 55 18  162 24  15.02 0.06  0.0    4 12.6 10.9      8528
 8529 2021-11-29 11:15     - 54 17  161 40  15.37 0.19  0.0    5  9.0 17.9      8529
 8530 2021-11-29 12:40     - 54 19  162 34  15.01 0.04  0.0    5  6.6 11.7      8530
 8531 2021-11-29 13:02     - 55 11  162 15   5.26 0.05  0.0    4 13.1  1.0      8531
 8532 2021-11-29 13:30     - 55 26  162 47  14.83 0.05  0.0    4  3.5 12.3      8532
 8533 2021-11-29 13:36     # 55 23  161 55   0.31 1.00  0.0    6  4.7 52.8      8533
 8534 2021-11-29 13:43     - 55 23  161 53  19.31 0.06  0.0    4  3.5 11.7      8534
 8535 2021-11-29 18:02     - 55 26  161 54  14.27 0.04  0.0    4  3.1  9.8      8535
  SEQ ---DATE--- TIME REMARK -LAT-  --LON-  DEPTH  RMS PMAG  NUM  ERH  ERZ  ID
 8536 2021-11-29 20:17     - 55 12  162  7  14.62 0.07  0.0    4 12.6  9.7      8536
 8537 2021-11-29 20:24     - 55 26  161 57  14.97 0.14  0.0    4  5.7 16.7      8537
 *** DISTANCE & RESIDUAL WEIGHTING CANCELLED FOR EVENT: 2021 11 29 20 24
 8538 2021-11-29 20:24     - 54 55  162 31  11.38 0.43  0.0    4 38.1 36.4      8538
 *** DISTANCE & RESIDUAL WEIGHTING CANCELLED FOR EVENT: 2021 11 29 22 31
 8539 2021-11-29 22:31     # 55 22  161 52   0.41 0.63  0.0    4  2.3 27.2      8539
 8540 2021-11-29 22:32     - 55 12  162  3   7.37 1.03  0.0    4 59.7 54.8      8540
 8541 2021-11-29 23:59       55 24  161 40  12.50 0.03  0.0    6  1.5  1.9      8541
 8542 2021-11-30  0:00     - 55  9  161 34   8.41 0.09  0.0    4  8.1 11.6      8542
 8543 2021-11-30  3:39     - 55 11  161 20  15.10 0.18  0.0    4 18.7 14.5      8543
 8544 2021-11-30  5:28       55 22  161 42  16.27 0.00  0.0    4  3.4  1.1      8544
 *** DISTANCE & RESIDUAL WEIGHTING CANCELLED FOR EVENT: 2021 11 30  5 32
 8545 2021-11-30  5:32     # 55 27  161 52  19.38 0.38  0.0    4 14.6 10.6      8545
 8546 2021-11-30  7:01       55 22  161 43  19.50 0.04  0.0    5  2.8  1.1      8546
 *** DISTANCE & RESIDUAL WEIGHTING CANCELLED FOR EVENT: 2021 11 30  7  3
 8547 2021-11-30  7:02     # 55 26  161 38  10.47 0.80  0.0    5  8.3 13.5      8547
 *** DISTANCE & RESIDUAL WEIGHTING CANCELLED FOR EVENT: 2021 11 30  7  3
 8548 2021-11-30  7:03     - 55 21  161 46  15.25 0.54  0.0    4 32.7 13.0      8548
 *** DISTANCE & RESIDUAL WEIGHTING CANCELLED FOR EVENT: 2021 11 30  8  2
 8549 2021-11-30  8:02     - 55 20  161 39  14.56 0.38  0.0    4 27.8 16.2      8549
 8550 2021-11-30  9:02       55 15  161 36   9.35 0.00  0.0    4  2.8  4.5      8550
  SEQ ---DATE--- TIME REMARK -LAT-  --LON-  DEPTH  RMS PMAG  NUM  ERH  ERZ  ID
 8551 2021-11-30  9:10     - 55 15  161 32   8.77 0.10  0.0    5  4.7 10.6      8551
 8552 2021-11-30  9:57     # 55 12  161 37   9.72 0.21  0.0    5  8.2 13.1      8552
 *** DISTANCE & RESIDUAL WEIGHTING CANCELLED FOR EVENT: 2021 11 30 10  2
 8553 2021-11-30 10:02     # 55 24  161 49   6.00 0.45  0.0    4  8.4 21.3      8553
 8554 2021-11-30 10:42     - 55  4  161 25  33.49 0.12  0.0    4 14.8  3.9      8554
 *** DISTANCE & RESIDUAL WEIGHTING CANCELLED FOR EVENT: 2021 11 30 12  8
 8555 2021-11-30 12:08     - 55 25  161 29  13.80 0.63  0.0    4 47.2 26.7      8555
 8556 2021-11-30 12:34     - 55  2  162 17  14.46 0.01  0.0    4  5.4  8.9      8556
 8557 2021-11-30 13:54       55 22  161 38  21.53 0.10  0.0    8  2.7  0.9      8557
 *** DISTANCE & RESIDUAL WEIGHTING CANCELLED FOR EVENT: 2021 11 30 13 59
 8558 2021-11-30 13:59     - 55 31  161 26  12.64 1.07  0.0    5 28.6 68.7      8558
 *** DISTANCE & RESIDUAL WEIGHTING CANCELLED FOR EVENT: 2021 11 30 15 24
 8559 2021-11-30 15:24     # 55  8  161  8  14.88 0.60  0.0    5 29.6  7.1      8559
 *** DISTANCE & RESIDUAL WEIGHTING CANCELLED FOR EVENT: 2021 11 30 15 28
 8560 2021-11-30 15:28     - 55  5  162  3  14.98 1.10  0.0    4 89.4 62.9      8560
 8561 2021-11-30 15:59     - 55 25  161 57  14.99 0.03  0.0    4  2.2 12.3      8561
 *** DISTANCE & RESIDUAL WEIGHTING CANCELLED FOR EVENT: 2021 11 30 16 15
 8562 2021-11-30 16:15     # 55 21  161 38  15.00 1.20  0.0    4 28.9 34.1      8562
 8563 2021-11-30 16:30     - 55 16  161 31   6.54 0.10  0.0    6  2.6 15.0      8563
 *** DISTANCE & RESIDUAL WEIGHTING CANCELLED FOR EVENT: 2021 11 30 16 33
 8564 2021-11-30 16:33     - 55 21  162  2  12.52 1.04  0.0    4 59.4 23.7      8564
 8565 2021-11-30 17:50     - 55 37  161 43  11.33 0.28  0.0    4 23.1 19.8      8565
  SEQ ---DATE--- TIME REMARK -LAT-  --LON-  DEPTH  RMS PMAG  NUM  ERH  ERZ  ID
 8566 2021-11-30 18:47     - 55  6  163 21  19.02 0.15  0.0    6  1.8 17.4      8566
 8567 2021-11-30 18:47     - 55 16  161 50  76.24 0.17  0.0    4 18.2  5.2      8567
 *** DISTANCE & RESIDUAL WEIGHTING CANCELLED FOR EVENT: 2021 11 30 19 12
 8568 2021-11-30 19:12     # 55 15  161 41  11.15 0.34  0.0    4 10.3 17.3      8568
 8569 2021-11-30 19:19       55 12  161 31  39.42 0.02  0.0    4  4.6  2.0      8569
 *** DISTANCE & RESIDUAL WEIGHTING CANCELLED FOR EVENT: 2021 11 30 20 33
 8570 2021-11-30 20:33     # 55 20  161 59  14.99 0.99  0.0    6  9.7 10.3      8570
 *** DISTANCE & RESIDUAL WEIGHTING CANCELLED FOR EVENT: 2021 11 30 21 39
 8571 2021-11-30 21:39     - 54 59  162  1  14.93 1.11  0.0    4 39.8 79.9      8571
 8572 2021-11-30 22:56       55 19  161 32   4.67 0.03  0.0    6  1.5  0.5      8572
 *** DISTANCE & RESIDUAL WEIGHTING CANCELLED FOR EVENT: 2021 11 30 23  2
 8573 2021-11-30 23:01     - 55  9  161 41   8.73 0.90  0.0    4 67.7 40.8      8573
 8574 2021-11-30 23:36     - 55  6  161 48  12.67 0.05  0.0    4 11.2  6.1      8574
 8575 2021-11-30 23:36     - 54 44  161  5  21.74 0.21  0.0    6 10.4 13.2      8575
 8576 2021-11-30 23:59     - 55 25  161 58  42.14 0.03  0.0    5  4.5 12.5      8576
 *** DISTANCE & RESIDUAL WEIGHTING CANCELLED FOR EVENT: 2021 12  1  0 21
 8577 2021-12- 1  0:21     # 55 11  161 56  28.10 0.47  0.0    5 16.4  6.8      8577
 8578 2021-12- 1  0:26     - 55 29  161 24   7.49 0.46  0.0    4 33.5 35.2      8578
 *** DISTANCE & RESIDUAL WEIGHTING CANCELLED FOR EVENT: 2021 12  1  0 31
 8579 2021-12- 1  0:31     - 54 56  160 15  14.99 0.55  0.0    5 36.4 42.4      8579
 8580 2021-12- 1  0:50       55 14  161 42  30.74 0.55  0.0    5 21.7  9.1      8580
 *** DISTANCE & RESIDUAL WEIGHTING CANCELLED FOR EVENT: 2021 12  1  1 32
  SEQ ---DATE--- TIME REMARK -LAT-  --LON-  DEPTH  RMS PMAG  NUM  ERH  ERZ  ID
 8581 2021-12- 1  1:32     # 55 26  161 59   9.04 0.65  0.0    5 11.9  8.5      8581
 8582 2021-12- 1  1:35       55 19  161 32  15.45 0.02  0.0    5  3.0  2.7      8582
 8583 2021-12- 1  1:35       55 25  161 59  21.30 0.11  0.0    5  2.7  2.0      8583
 *** DISTANCE & RESIDUAL WEIGHTING CANCELLED FOR EVENT: 2021 12  1  1 35
 8584 2021-12- 1  1:35     # 55 22  161 54   6.68 0.62  0.0    5  5.0  4.6      8584
 *** DISTANCE & RESIDUAL WEIGHTING CANCELLED FOR EVENT: 2021 12  1  2 49
 8585 2021-12- 1  2:49     # 55 27  161 47  15.00 0.69  0.0    5  7.6 10.2      8585
 8586 2021-12- 1  2:51       55 21  161 47  14.43 0.04  0.0    6  2.5  0.8      8586
 *** DISTANCE & RESIDUAL WEIGHTING CANCELLED FOR EVENT: 2021 12  1  2 51
 8587 2021-12- 1  2:51     - 55 27  161 36  15.01 0.88  0.0    4 74.8 21.6      8587
 8588 2021-12- 1  4:13     - 55 20  161 28   7.83 0.01  0.0    4  2.2  9.9      8588
 *** DISTANCE & RESIDUAL WEIGHTING CANCELLED FOR EVENT: 2021 12  1  4 13
 8589 2021-12- 1  4:13     - 55 20  161 49   0.68 0.10  0.0    4  4.7 10.9      8589
 8590 2021-12- 1  4:22     - 55 25  161 49  14.86 0.11  0.0    4  7.3  9.5      8590
 *** DISTANCE & RESIDUAL WEIGHTING CANCELLED FOR EVENT: 2021 12  1  5 27
 8591 2021-12- 1  5:27     - 55 26  161 51  14.86 0.23  0.0    4  4.7 17.7      8591
 *** DISTANCE & RESIDUAL WEIGHTING CANCELLED FOR EVENT: 2021 12  1  5 36
 8592 2021-12- 1  5:36     - 55 29  161 34  14.83 0.20  0.0    4 20.5  3.9      8592
 8593 2021-12- 1  6:49       55 21  161 34  10.43 0.00  0.0    4  6.6  4.7      8593
 *** DISTANCE & RESIDUAL WEIGHTING CANCELLED FOR EVENT: 2021 12  1  6 53
 8594 2021-12- 1  6:53     - 55 11  161  1  17.38 1.20  0.0    5 56.9 99.0      8594
 *** DISTANCE & RESIDUAL WEIGHTING CANCELLED FOR EVENT: 2021 12  1  7  0
 8595 2021-12- 1  6:59     # 56  6  162 20  15.00 0.82  0.0    4 38.6 10.8      8595
  SEQ ---DATE--- TIME REMARK -LAT-  --LON-  DEPTH  RMS PMAG  NUM  ERH  ERZ  ID
 8596 2021-12- 1  7:59     - 55 24  161 58  40.76 0.02  0.0    5  3.9 12.3      8596
 8597 2021-12- 1  8:10       55 22  161 38  10.13 0.05  0.0    5  3.3  2.4      8597
 8598 2021-12- 1  9:20     - 55 13  161 28   8.88 0.02  0.0    6  2.5  9.3      8598
 *** DISTANCE & RESIDUAL WEIGHTING CANCELLED FOR EVENT: 2021 12  1  9 25
 8599 2021-12- 1  9:25     - 55 21  161 50  14.91 0.88  0.0    4 33.9 63.6      8599
 8600 2021-12- 1 10:29     - 55 22  161 31   1.85 0.08  0.0    6  1.5 12.1      8600
 *** DISTANCE & RESIDUAL WEIGHTING CANCELLED FOR EVENT: 2021 12  1 10 30
 8601 2021-12- 1 10:30     - 55 20  161 45  15.00 0.67  0.0    4 36.9 23.1      8601
 8602 2021-12- 1 10:34     - 54 42  160 46  15.08 0.82  0.0    7 42.6 62.6      8602
 8603 2021-12- 1 11:31       55 19  161 50  20.38 0.06  0.0    7  2.1  1.0      8603
 8604 2021-12- 1 11:31     - 55 21  161 51  18.64 0.01  0.0    4 10.6  2.9      8604
 *** DISTANCE & RESIDUAL WEIGHTING CANCELLED FOR EVENT: 2021 12  1 11 37
 8605 2021-12- 1 11:37     - 54 56  160 54  15.00 0.32  0.0    5 13.1 26.4      8605
 8606 2021-12- 1 11:45     # 55 23  161 47   0.59 0.39  0.0    4  7.1 16.0      8606
 *** DISTANCE & RESIDUAL WEIGHTING CANCELLED FOR EVENT: 2021 12  1 14  6
 8607 2021-12- 1 14:06     - 55 20  161 54  14.99 1.59  0.0    4 98.2 12.9      8607
 *** DISTANCE & RESIDUAL WEIGHTING CANCELLED FOR EVENT: 2021 12  1 14 13
 8608 2021-12- 1 14:13     - 55 23  162  1  14.88 0.52  0.0    4 10.6 41.1      8608
 8609 2021-12- 1 14:16     - 55  8  161 32   7.09 0.39  0.0    4 33.9 34.2      8609
 *** DISTANCE & RESIDUAL WEIGHTING CANCELLED FOR EVENT: 2021 12  1 15 19
 8610 2021-12- 1 15:19     # 55 25  161 49  15.00 1.15  0.0    4 31.7  8.4      8610
 *** DISTANCE & RESIDUAL WEIGHTING CANCELLED FOR EVENT: 2021 12  1 15 24
  SEQ ---DATE--- TIME REMARK -LAT-  --LON-  DEPTH  RMS PMAG  NUM  ERH  ERZ  ID
 8611 2021-12- 1 15:24     - 55  8  161 49   9.84 1.29  0.0    4 98.9 81.8      8611
 8612 2021-12- 1 15:59     - 55 24  161 57  18.88 0.13  0.0    6  2.7 11.8      8612
 8613 2021-12- 1 16:26       55 17  161 54  18.03 0.12  0.0    7  2.1  2.4      8613
 8614 2021-12- 1 16:35       55 19  161 40  26.38 0.00  0.0    4  5.5  4.8      8614
 8615 2021-12- 1 16:36     - 54 51  161  0  39.24 0.22  0.0    9 18.3 13.1      8615
 8616 2021-12- 1 16:36     - 54 39  160 36  45.05 0.17  0.0    9 14.6 10.8      8616
 8617 2021-12- 1 17:34       55 11  162 26  13.88 0.01  0.0    4  1.6  1.5      8617
 *** DISTANCE & RESIDUAL WEIGHTING CANCELLED FOR EVENT: 2021 12  1 17 46
 8618 2021-12- 1 17:46     - 54 58  162 16  15.02 0.45  0.0    4 13.7 33.4      8618
 *** DISTANCE & RESIDUAL WEIGHTING CANCELLED FOR EVENT: 2021 12  1 18 43
 8619 2021-12- 1 18:43     # 55 21  161 49   7.65 0.38  0.0    4 18.6  4.5      8619
 *** DISTANCE & RESIDUAL WEIGHTING CANCELLED FOR EVENT: 2021 12  1 18 54
 8620 2021-12- 1 18:54     - 55 23  161 38  13.12 0.80  0.0    4 53.4 30.3      8620
 *** DISTANCE & RESIDUAL WEIGHTING CANCELLED FOR EVENT: 2021 12  1 20  9
 8621 2021-12- 1 20:09     # 55 24  161 53  15.00 1.55  0.0    4 85.7 27.9      8621
 *** DISTANCE & RESIDUAL WEIGHTING CANCELLED FOR EVENT: 2021 12  1 20 10
 8622 2021-12- 1 20:10     - 55 19  161 43  15.00 0.94  0.0    4 62.0 27.7      8622
 8623 2021-12- 1 20:14     - 55 13  161 41   6.80 0.09  0.0    4 10.3 10.0      8623
 8624 2021-12- 1 20:56     - 55 11  160 51  17.03 0.17  0.0    9  5.5 18.6      8624
 8625 2021-12- 1 20:56     - 55 55  161 51  23.45 0.17  0.0    5  7.5 16.6      8625
 *** DISTANCE & RESIDUAL WEIGHTING CANCELLED FOR EVENT: 2021 12  1 21  3
  SEQ ---DATE--- TIME REMARK -LAT-  --LON-  DEPTH  RMS PMAG  NUM  ERH  ERZ  ID
 8626 2021-12- 1 21:03     - 55 28  161 26  11.98 0.57  0.0    4 48.4 28.2      8626
 8627 2021-12- 1 21:13     - 55 45  161  4  10.03 0.10  0.0    4 13.9 14.1      8627
 *** DISTANCE & RESIDUAL WEIGHTING CANCELLED FOR EVENT: 2021 12  1 21 13
 8628 2021-12- 1 21:13     - 55 23  161 47  14.50 0.22  0.0    4 22.2  3.5      8628
 8629 2021-12- 1 21:18     - 55 16  162 15  22.70 0.10  0.0    4 11.8  6.7      8629
 8630 2021-12- 1 21:19     - 55 33  162 18   7.50 0.21  0.0    4 13.2 17.7      8630
 8631 2021-12- 1 21:23     - 55 46  160 24  14.82 0.08  0.0    4  9.9 12.7      8631
 *** DISTANCE & RESIDUAL WEIGHTING CANCELLED FOR EVENT: 2021 12  1 21 24
 8632 2021-12- 1 21:24     # 55 23  162  3  14.99 0.80  0.0    4 25.5  6.9      8632
 8633 2021-12- 1 22:00       55 42  162 43  14.82 0.00  0.0    4  3.0  3.1      8633
 8634 2021-12- 1 22:22     - 55 11  162 11   8.14 0.00  0.0    4  2.6  8.8      8634
 8635 2021-12- 1 22:26       55 25  161 47  18.76 0.02  0.0    5  3.3  1.6      8635
 *** DISTANCE & RESIDUAL WEIGHTING CANCELLED FOR EVENT: 2021 12  1 22 27
 8636 2021-12- 1 22:27     # 55 21  161 51   3.90 0.23  0.0    4 14.1  4.6      8636
 8637 2021-12- 1 22:31     - 55  0  162 24  14.92 0.05  0.0    5  3.9 12.8      8637
 8638 2021-12- 1 23:24     - 55 47  160 50  15.89 0.13  0.0    5  9.5 14.8      8638
 8639 2021-12- 1 23:29     - 55 17  161 54  13.33 0.05  0.0    4  8.3  9.4      8639
 *** DISTANCE & RESIDUAL WEIGHTING CANCELLED FOR EVENT: 2021 12  1 23 36
 8640 2021-12- 1 23:36     - 55 19  161 37  14.44 0.95  0.0    5 62.9 41.3      8640
  SEQ ---DATE--- TIME REMARK -LAT-  --LON-  DEPTH  RMS PMAG  NUM  ERH  ERZ  ID
 8641 2021-12- 1 23:55       55 10  161  7  32.72 0.19  0.0    7  7.4  0.9      8641
 8642 2021-12- 1 23:56       55 21  161 33  36.46 0.07  0.0    5  4.4  1.5      8642
 8643 2021-12- 1 23:59     - 55 24  161 47  14.96 0.01  0.0    4  4.8 10.6      8643
 *** DISTANCE & RESIDUAL WEIGHTING CANCELLED FOR EVENT: 2021 12  2  0 34
 8644 2021-12- 2  0:34     - 55 20  161 42  15.00 1.52  0.0    4 82.7 54.4      8644
 *** DISTANCE & RESIDUAL WEIGHTING CANCELLED FOR EVENT: 2021 12  2  0 41
 8645 2021-12- 2  0:41     - 55 19  161 55  16.84 0.87  0.0    4 61.8 47.2      8645
 *** DISTANCE & RESIDUAL WEIGHTING CANCELLED FOR EVENT: 2021 12  2  0 42
 8646 2021-12- 2  0:42     - 54 31  162 28  15.00 1.03  0.0    4 86.4 13.7      8646
 *** DISTANCE & RESIDUAL WEIGHTING CANCELLED FOR EVENT: 2021 12  2  0 45
 8647 2021-12- 2  0:45     - 55 23  162  1  14.95 0.21  0.0    5  4.8 18.4      8647
 8648 2021-12- 2  1:17     - 54 55  161 12  17.65 0.22  0.0    7 18.8 21.6      8648
 *** DISTANCE & RESIDUAL WEIGHTING CANCELLED FOR EVENT: 2021 12  2  1 17
 8649 2021-12- 2  1:17     - 54 58  161 32  32.24 0.43  0.0    4 29.9 14.4      8649
 *** DISTANCE & RESIDUAL WEIGHTING CANCELLED FOR EVENT: 2021 12  2  1 32
 8650 2021-12- 2  1:32     - 55  6  161 23  14.99 0.76  0.0    5 61.6 39.6      8650
 8651 2021-12- 2  1:40     - 55 17  160 52  31.77 0.08  0.0   10 11.1  1.0      8651
 8652 2021-12- 2  1:40     - 55 53  162  3  12.19 0.20  0.0    5 15.8 20.5      8652
 8653 2021-12- 2  1:40     - 55 16  159 41  23.91 0.23  0.0    4 21.0 22.4      8653
 8654 2021-12- 2  2:00     - 56  5  162 49  14.80 0.24  0.0    6 10.3 21.1      8654
 8655 2021-12- 2  2:17     - 54 54  162 33  12.70 0.11  0.0    8 13.3  5.4      8655
  SEQ ---DATE--- TIME REMARK -LAT-  --LON-  DEPTH  RMS PMAG  NUM  ERH  ERZ  ID
 8656 2021-12- 2  2:17     - 54 55  162  9  14.44 0.18  0.0    8 12.9  8.9      8656
 8657 2021-12- 2  2:29       54 57  162 37  24.24 0.12  0.0    7  9.3  5.9      8657
 8658 2021-12- 2  2:44     - 54 35  163 21   6.78 0.27  0.0    5 11.4 25.7      8658
 8659 2021-12- 2  3:00     - 55 50  161 26  14.96 0.70  0.0    4 52.2 47.1      8659
 *** DISTANCE & RESIDUAL WEIGHTING CANCELLED FOR EVENT: 2021 12  2  3  1
 8660 2021-12- 2  3:01     # 55 21  161 55  15.00 0.69  0.0    4 23.5  5.6      8660
 *** DISTANCE & RESIDUAL WEIGHTING CANCELLED FOR EVENT: 2021 12  2  3  6
 8661 2021-12- 2  3:06     - 55 24  161 49  20.02 0.41  0.0    4 34.8 10.2      8661
 8662 2021-12- 2  4:35     - 55 15  161 23   8.08 0.07  0.0    5 11.8 10.5      8662
 *** DISTANCE & RESIDUAL WEIGHTING CANCELLED FOR EVENT: 2021 12  2  4 41
 8663 2021-12- 2  4:41     - 55 14  161 26  15.00 0.83  0.0    4 36.6 37.1      8663
 8664 2021-12- 2  4:45     - 55 24  161 23   6.16 0.17  0.0    6 15.8 18.8      8664
 *** DISTANCE & RESIDUAL WEIGHTING CANCELLED FOR EVENT: 2021 12  2  5  0
 8665 2021-12- 2  5:00     - 54 34  162 27  15.00 0.24  0.0    4 23.7 16.6      8665
 8666 2021-12- 2  5:44       55 10  160 50  14.54 0.19  0.0   15  1.2  0.7      8666
 8667 2021-12- 2  7:16     - 54 35  163 23  37.22 0.53  0.0    6 18.1 40.9      8667
 8668 2021-12- 2  7:59     - 55 29  162 49  15.00 0.12  0.0    4  7.1 15.9      8668
 8669 2021-12- 2  8:01     - 55 13  161 47  21.38 0.01  0.0    4  8.8  2.8      8669
 8670 2021-12- 2  8:03     - 55 25  161 50   0.47 0.48  0.0    6  2.2 32.2      8670
  SEQ ---DATE--- TIME REMARK -LAT-  --LON-  DEPTH  RMS PMAG  NUM  ERH  ERZ  ID
 8671 2021-12- 2  8:08       55 21  161 32  27.59 0.12  0.0    6  4.1  5.5      8671
 8672 2021-12- 2  8:09     - 55 25  161 41   6.87 0.07  0.0    4 13.9  1.9      8672
 *** DISTANCE & RESIDUAL WEIGHTING CANCELLED FOR EVENT: 2021 12  2  8 14
 8673 2021-12- 2  8:14     - 55 24  161 51  14.99 0.29  0.0    4  4.0 21.1      8673
 8674 2021-12- 2  8:25       55 19  161 41  15.90 0.10  0.0    7  2.7  1.6      8674
 8675 2021-12- 2 10:35       55 22  161 34  12.29 0.19  0.0    6  4.3  3.4      8675
 8676 2021-12- 2 10:36     - 55 18  161 45  12.69 0.00  0.0    4  8.1  6.7      8676
 *** DISTANCE & RESIDUAL WEIGHTING CANCELLED FOR EVENT: 2021 12  2 10 40
 8677 2021-12- 2 10:39     - 55 20  162  1  14.11 0.50  0.0    4 17.9 33.9      8677
 8678 2021-12- 2 10:42       55 24  161 33  24.81 0.04  0.0    5  2.3  3.8      8678
 8679 2021-12- 2 10:50     - 54 45  160 54  15.00 0.15  0.0   10 13.3 17.6      8679
 8680 2021-12- 2 10:50     - 54 36  160 42  33.58 0.34  0.0   11 22.3 31.0      8680
 8681 2021-12- 2 12:20     - 55 25  161  9  10.86 0.20  0.0    6 10.0 19.4      8681
 *** DISTANCE & RESIDUAL WEIGHTING CANCELLED FOR EVENT: 2021 12  2 12 21
 8682 2021-12- 2 12:20     - 55 54  161 56  15.00 0.65  0.0    4 43.9 32.7      8682
 8683 2021-12- 2 12:25     - 55 25  161 16  14.99 0.55  0.0    4 46.5 36.3      8683
 *** DISTANCE & RESIDUAL WEIGHTING CANCELLED FOR EVENT: 2021 12  2 13 11
 8684 2021-12- 2 13:11     - 55 16  162 49  15.00 0.84  0.0    5 55.6 41.8      8684
 *** DISTANCE & RESIDUAL WEIGHTING CANCELLED FOR EVENT: 2021 12  2 13 15
 8685 2021-12- 2 13:15     - 54 55  162 18  15.00 1.62  0.0    4 60.4 94.1      8685
  SEQ ---DATE--- TIME REMARK -LAT-  --LON-  DEPTH  RMS PMAG  NUM  ERH  ERZ  ID
 8686 2021-12- 2 13:28     - 55 24  161 52   1.02 0.01  0.0    5  0.6  9.6      8686
 8687 2021-12- 2 13:33     - 55 20  161 53  15.67 4.95  0.0    4 98.8 41.8      8687
 8688 2021-12- 2 13:37     - 54 47  160 55  15.82 0.16  0.0   15  7.2 14.2      8688
 8689 2021-12- 2 13:41     - 54 44  160 45  15.00 0.20  0.0   10 16.7 20.8      8689
 8690 2021-12- 2 13:41     - 54 30  160 16  11.59 0.20  0.0    8 15.6  9.6      8690
 8691 2021-12- 2 14:16       54 47  161 24  15.72 0.05  0.0    5  3.9  2.2      8691
 8692 2021-12- 2 14:36     - 55  6  161 59  13.63 0.19  0.0    4 19.3 18.1      8692
 8693 2021-12- 2 14:37       55 23  161 53   2.99 0.00  0.0    4  1.0  3.0      8693
 8694 2021-12- 2 14:43     - 54 59  162 40  16.21 0.06  0.0    5  6.0 12.0      8694
 *** DISTANCE & RESIDUAL WEIGHTING CANCELLED FOR EVENT: 2021 12  2 14 44
 8695 2021-12- 2 14:44     - 55 23  161 31  12.74 0.21  0.0    4 14.1 14.6      8695
 8696 2021-12- 2 14:47     - 55 23  161 50   0.35 0.05  0.0    5  0.7  9.9      8696
 8697 2021-12- 2 15:52     - 55 32  160 58  55.96 0.16  0.0    8 15.2  7.4      8697
 *** DISTANCE & RESIDUAL WEIGHTING CANCELLED FOR EVENT: 2021 12  2 15 55
 8698 2021-12- 2 15:55     - 55 18  161 29  14.99 0.22  0.0    4 19.8 12.3      8698
 *** DISTANCE & RESIDUAL WEIGHTING CANCELLED FOR EVENT: 2021 12  2 15 59
 8699 2021-12- 2 15:59     - 55 15  161 59  12.53 0.47  0.0    4 32.7 22.1      8699
 8700 2021-12- 2 15:59     - 55 25  161 55  39.90 0.04  0.0    6  4.0 12.3      8700
 *** DISTANCE & RESIDUAL WEIGHTING CANCELLED FOR EVENT: 2021 12  2 16  0
  SEQ ---DATE--- TIME REMARK -LAT-  --LON-  DEPTH  RMS PMAG  NUM  ERH  ERZ  ID
 8701 2021-12- 2 16:00     - 54 57  163  6  15.00 0.46  0.0    4 17.9 36.2      8701
 8702 2021-12- 2 16:04     - 55 23  161 47  19.04 0.10  0.0    5 14.0  1.3      8702
 8703 2021-12- 2 16:05       55 23  161 51   2.43 0.02  0.0    5  1.4  4.8      8703
 *** DISTANCE & RESIDUAL WEIGHTING CANCELLED FOR EVENT: 2021 12  2 17 21
 8704 2021-12- 2 17:21     # 55 27  162  5  15.00 0.99  0.0    5 29.8  7.5      8704
 8705 2021-12- 2 17:28       55 15  161 39   5.24 0.03  0.0    5  2.5  1.4      8705
 *** DISTANCE & RESIDUAL WEIGHTING CANCELLED FOR EVENT: 2021 12  2 17 29
 8706 2021-12- 2 17:29     # 55 20  161 59  15.00 1.05  0.0    4 21.9  7.4      8706
 *** DISTANCE & RESIDUAL WEIGHTING CANCELLED FOR EVENT: 2021 12  2 17 40
 8707 2021-12- 2 17:40     - 55 41  162  2  15.00 0.79  0.0    4 31.1 45.1      8707
 *** DISTANCE & RESIDUAL WEIGHTING CANCELLED FOR EVENT: 2021 12  2 18 39
 8708 2021-12- 2 18:38     - 55 27  161 38  11.67 0.27  0.0    4 25.2  4.5      8708
 8709 2021-12- 2 18:45       55 18  162 13  24.12 0.01  0.0    5  4.7  3.7      8709
 *** DISTANCE & RESIDUAL WEIGHTING CANCELLED FOR EVENT: 2021 12  2 18 49
 8710 2021-12- 2 18:49     - 55 52  160 57  10.05 0.08  0.0    4  4.0 14.2      8710
 8711 2021-12- 2 18:52     - 55 17  161 49  12.19 0.01  0.0    4  8.5  6.8      8711
 *** DISTANCE & RESIDUAL WEIGHTING CANCELLED FOR EVENT: 2021 12  2 18 56
 8712 2021-12- 2 18:56     - 55 26  161 32   7.62 0.52  0.0    4 43.5 32.8      8712
 *** DISTANCE & RESIDUAL WEIGHTING CANCELLED FOR EVENT: 2021 12  2 20 53
 8713 2021-12- 2 20:53     - 54 49  161 49   7.30 0.35  0.0    4 21.3 31.9      8713
 *** DISTANCE & RESIDUAL WEIGHTING CANCELLED FOR EVENT: 2021 12  2 20 56
 8714 2021-12- 2 20:56     - 55 44  161  3  14.96 0.42  0.0    5 37.5  4.3      8714
 8715 2021-12- 2 21:00     - 55 47  160 59  17.82 0.33  0.0    4 29.8 29.8      8715
  SEQ ---DATE--- TIME REMARK -LAT-  --LON-  DEPTH  RMS PMAG  NUM  ERH  ERZ  ID
 8716 2021-12- 2 21:08     - 55 16  162 20  10.94 0.18  0.0    4 16.9 12.4      8716
 8717 2021-12- 2 21:22     - 55  5  163 19  25.36 0.05  0.0    4  3.7 12.7      8717
 *** DISTANCE & RESIDUAL WEIGHTING CANCELLED FOR EVENT: 2021 12  2 21 22
 8718 2021-12- 2 21:22     - 55 46  161 52  27.38 0.85  0.0    4 16.6 69.3      8718
 8719 2021-12- 2 21:56     - 55 45  163 30  14.76 0.14  0.0    4 10.1 15.4      8719
 *** DISTANCE & RESIDUAL WEIGHTING CANCELLED FOR EVENT: 2021 12  2 22 41
 8720 2021-12- 2 22:41     - 55  7  161 25  10.88 1.12  0.0    5 89.8 69.9      8720
 *** DISTANCE & RESIDUAL WEIGHTING CANCELLED FOR EVENT: 2021 12  2 22 46
 8721 2021-12- 2 22:46     - 55 32  161 32  15.00 0.96  0.0    4 41.6 55.8      8721
 *** DISTANCE & RESIDUAL WEIGHTING CANCELLED FOR EVENT: 2021 12  2 22 46
 8722 2021-12- 2 22:46     - 55 39  161 35   7.46 0.61  0.0    5  8.4 48.5      8722
 *** DISTANCE & RESIDUAL WEIGHTING CANCELLED FOR EVENT: 2021 12  2 22 49
 8723 2021-12- 2 22:49     - 55 37  161 39   7.31 0.61  0.0    4 44.2 47.0      8723
 8724 2021-12- 2 23:44       55 21  161 40   8.13 0.00  0.0    4  2.4  1.7      8724
 8725 2021-12- 2 23:53     - 55 24  161 52   0.92 0.13  0.0    6  0.9 12.0      8725
 8726 2021-12- 2 23:58     - 55 12  162 10   7.79 0.08  0.0    4 13.3 12.0      8726
 8727 2021-12- 2 23:59       55 26  161 53  11.08 0.04  0.0    6  1.2  7.2      8727
 8728 2021-12- 3  0:49       55 20  161 40  16.26 0.13  0.0    5  8.4  2.6      8728
 8729 2021-12- 3  0:50     - 55 18  161 56   0.46 0.32  0.0    4 27.1 19.8      8729
 8730 2021-12- 3  0:54       55 24  161 51   4.31 0.07  0.0    5  1.4  5.8      8730
  SEQ ---DATE--- TIME REMARK -LAT-  --LON-  DEPTH  RMS PMAG  NUM  ERH  ERZ  ID
 8731 2021-12- 3  1:01     - 55 15  161 28   7.33 0.15  0.0    4 12.9 13.7      8731
 8732 2021-12- 3  1:49       55 26  161 53  19.18 0.09  0.0    7  1.7  1.2      8732
 8733 2021-12- 3  1:53       55 22  161 37  14.74 0.05  0.0    5  5.4  1.8      8733
 8734 2021-12- 3  3:05       55 33  161 46  14.46 0.07  0.0    6  2.5  2.8      8734
 8735 2021-12- 3  3:13     - 54 43  163 24  15.06 0.02  0.0    4  5.6 11.3      8735
 *** DISTANCE & RESIDUAL WEIGHTING CANCELLED FOR EVENT: 2021 12  3  3 14
 8736 2021-12- 3  3:14     - 55 19  162  3  15.00 0.60  0.0    4 35.8 32.7      8736
 8737 2021-12- 3  4:16       55 25  161 52  20.38 0.15  0.0    8  2.2  1.2      8737
 8738 2021-12- 3  4:19     - 55 21  161 24  14.13 0.23  0.0    4  8.1 15.1      8738
 *** DISTANCE & RESIDUAL WEIGHTING CANCELLED FOR EVENT: 2021 12  3  4 21
 8739 2021-12- 3  4:21     - 55 27  161 47   0.99 0.37  0.0    5  4.5 25.9      8739
 8740 2021-12- 3  5:20     - 55 17  161 36  14.83 0.13  0.0    5  9.3 10.3      8740
 *** DISTANCE & RESIDUAL WEIGHTING CANCELLED FOR EVENT: 2021 12  3  5 21
 8741 2021-12- 3  5:21     - 55 36  162  9   7.50 0.66  0.0    4 25.3 48.7      8741
 8742 2021-12- 3  5:28     - 55 13  161 43   5.85 0.11  0.0    5 12.1  1.6      8742
 8743 2021-12- 3  6:29     - 55 26  161 43  31.94 0.40  0.0    4 18.7 29.5      8743
 8744 2021-12- 3  7:34       55 23  161 39  16.74 0.00  0.0    4  2.9  4.2      8744
 8745 2021-12- 3  7:34       55 24  161 55  20.71 0.12  0.0    7  2.2  1.4      8745
  SEQ ---DATE--- TIME REMARK -LAT-  --LON-  DEPTH  RMS PMAG  NUM  ERH  ERZ  ID
 8746 2021-12- 3  7:42     - 55 10  161 36   9.52 0.18  0.0    4 19.0 13.7      8746
 8747 2021-12- 3  7:59     - 55 21  162  7  66.69 0.13  0.0    7  6.4 14.8      8747
 8748 2021-12- 3  8:35     - 54 50  161 20  11.97 0.11  0.0    5 13.8 11.0      8748
 8749 2021-12- 3  8:35       54 50  161 19  15.40 0.10  0.0    5  9.5  2.4      8749
 8750 2021-12- 3  8:37     - 54 55  161 27  16.24 0.11  0.0    5 14.7  8.3      8750
 8751 2021-12- 3  8:37       55  8  161 56   5.47 0.01  0.0    4  1.4  0.7      8751
 8752 2021-12- 3  8:57       55 25  161 53  18.95 0.10  0.0    8  2.1  1.4      8752
 8753 2021-12- 3  8:57     - 55 41  161  7  14.95 0.13  0.0    4 12.7 10.7      8753
 *** DISTANCE & RESIDUAL WEIGHTING CANCELLED FOR EVENT: 2021 12  3  8 58
 8754 2021-12- 3  8:58     - 55 19  161 58  15.02 0.60  0.0    4 47.8  5.0      8754
 8755 2021-12- 3  9:01       55 17  161 38  12.92 0.00  0.0    4  3.9  2.3      8755
 8756 2021-12- 3  9:02       55 25  161 53  16.75 0.11  0.0    7  1.4  1.0      8756
 8757 2021-12- 3  9:05       55 24  161 38   9.03 0.09  0.0    5  6.2  2.8      8757
 *** DISTANCE & RESIDUAL WEIGHTING CANCELLED FOR EVENT: 2021 12  3  9  8
 8758 2021-12- 3  9:08     - 55 22  161 44  14.35 0.49  0.0    5 20.0 28.1      8758
 8759 2021-12- 3  9:11     - 55 10  162 13  14.87 0.10  0.0    4 13.9  9.8      8759
 *** DISTANCE & RESIDUAL WEIGHTING CANCELLED FOR EVENT: 2021 12  3  9 13
 8760 2021-12- 3  9:13     - 55  7  161 55   9.75 0.46  0.0    5 39.5 22.3      8760
  SEQ ---DATE--- TIME REMARK -LAT-  --LON-  DEPTH  RMS PMAG  NUM  ERH  ERZ  ID
 8761 2021-12- 3 10:31       55  0  162 58  40.36 0.14  0.0   11  4.4  4.7      8761
 8762 2021-12- 3 10:32       55 16  161 39  19.12 0.09  0.0    5  4.3  3.1      8762
 8763 2021-12- 3 10:33     - 55 24  160 54  15.47 0.14  0.0    4 13.4  9.9      8763
 8764 2021-12- 3 10:45     # 55 22  161 29  32.24 0.16  0.0    5  5.2  3.4      8764
 *** DISTANCE & RESIDUAL WEIGHTING CANCELLED FOR EVENT: 2021 12  3 11  9
 8765 2021-12- 3 11:09     - 54 57  161 16  18.03 0.19  0.0    4 13.4 15.1      8765
 8766 2021-12- 3 12:37       55 21  161 48  22.03 0.17  0.0    8  2.6  1.2      8766
 8767 2021-12- 3 12:43     - 55 28  161 48   0.33 0.13  0.0    6  0.9 14.1      8767
 *** DISTANCE & RESIDUAL WEIGHTING CANCELLED FOR EVENT: 2021 12  3 12 44
 8768 2021-12- 3 12:44     - 55 22  162 36  14.99 1.27  0.0    7 25.5 77.4      8768
 8769 2021-12- 3 12:49       55 29  161 19  30.53 0.07  0.0    5  6.5  3.6      8769
 8770 2021-12- 3 13:31     - 54 36  160 51  15.48 0.20  0.0    7  9.3 18.9      8770
 8771 2021-12- 3 13:35     - 55  2  163 20  18.32 0.25  0.0    6  2.7 24.0      8771
 8772 2021-12- 3 13:35     - 54 29  161 37  38.54 0.29  0.0    6  6.2 22.4      8772
 8773 2021-12- 3 15:05       55 22  161 48  20.29 0.12  0.0    7  1.9  0.8      8773
 8774 2021-12- 3 15:06     - 55 26  161 34   2.33 0.18  0.0    4 12.5 12.9      8774
 *** DISTANCE & RESIDUAL WEIGHTING CANCELLED FOR EVENT: 2021 12  3 15 12
 8775 2021-12- 3 15:12     - 55 26  161 42  15.00 0.86  0.0    4 53.4 45.7      8775
  SEQ ---DATE--- TIME REMARK -LAT-  --LON-  DEPTH  RMS PMAG  NUM  ERH  ERZ  ID
 8776 2021-12- 3 15:59     - 55 24  161 57  30.42 0.08  0.0    6  3.2 12.8      8776
 8777 2021-12- 3 16:51     - 55 18  161 18  14.95 0.47  0.0    5 40.3 33.4      8777
 8778 2021-12- 3 16:53       55 22  161 47  20.70 0.12  0.0    7  2.2  0.9      8778
 *** DISTANCE & RESIDUAL WEIGHTING CANCELLED FOR EVENT: 2021 12  3 16 53
 8779 2021-12- 3 16:53     # 55 44  162 12  15.00 0.39  0.0    4 14.4 19.7      8779
 8780 2021-12- 3 16:57     - 55  7  162  5   6.96 0.91  0.0    5 56.4 58.4      8780
 8781 2021-12- 3 17:01     - 55 32  161 30  15.03 0.46  0.0    4 36.4 29.3      8781
 8782 2021-12- 3 18:54     - 54 39  161 58  14.76 0.02  0.0    4  9.4  2.9      8782
 8783 2021-12- 3 19:02     - 55 21  161 26   9.37 0.25  0.0    4  6.9 19.9      8783
 8784 2021-12- 3 19:20     - 54 54  162 16  13.68 0.08  0.0    4  9.0 10.1      8784
 *** DISTANCE & RESIDUAL WEIGHTING CANCELLED FOR EVENT: 2021 12  3 19 20
 8785 2021-12- 3 19:20     # 54 54  162 21  22.57 0.78  0.0    5 15.5 12.5      8785
 8786 2021-12- 3 19:22     - 54 22  161 30  14.94 0.19  0.0    4  9.0 18.2      8786
 8787 2021-12- 3 19:22     - 55 17  163 17  17.14 0.26  0.0    4 11.2 25.2      8787
 *** DISTANCE & RESIDUAL WEIGHTING CANCELLED FOR EVENT: 2021 12  3 22  0
 8788 2021-12- 3 22:00     - 55  4  162 26  15.00 1.02  0.0    5 22.4 77.1      8788
 8789 2021-12- 3 22:37     - 55 24  161 38  20.41 0.08  0.0    4 10.7  9.2      8789
 8790 2021-12- 3 23:35     - 55  5  161 50  14.85 0.06  0.0    4 10.8  7.5      8790
  SEQ ---DATE--- TIME REMARK -LAT-  --LON-  DEPTH  RMS PMAG  NUM  ERH  ERZ  ID
 8791 2021-12- 3 23:35     - 54 52  161 27  15.43 0.15  0.0    4 10.4 13.3      8791
 8792 2021-12- 3 23:59     - 55 25  161 57  38.69 0.05  0.0    6  3.7 12.6      8792
 8793 2021-12- 4  0:30     - 54 57  161 18  11.35 0.25  0.0    4 23.7 22.9      8793
 8794 2021-12- 4  0:38     - 54 40  162 17   8.18 0.17  0.0    8 13.3 12.6      8794
 8795 2021-12- 4  0:38     - 55 12  162 53  11.82 0.15  0.0    6  4.4 16.8      8795
 *** DISTANCE & RESIDUAL WEIGHTING CANCELLED FOR EVENT: 2021 12  4  2 33
 8796 2021-12- 4  2:33     # 55 17  161 56  15.00 0.79  0.0    4 40.9  9.0      8796
 8797 2021-12- 4  4:02       55 10  162 14   0.58 0.93  0.0    6  7.3 25.4      8797
 8798 2021-12- 4  4:09     - 55 18  160 56  27.43 0.21  0.0   10 17.2  8.6      8798
 8799 2021-12- 4  4:09     - 55 12  160 26  15.00 0.22  0.0    9 16.3 22.2      8799
 *** DISTANCE & RESIDUAL WEIGHTING CANCELLED FOR EVENT: 2021 12  4  4 32
 8800 2021-12- 4  4:32     - 55 14  161 32  14.93 0.31  0.0    4 26.7  9.6      8800
 8801 2021-12- 4  6:03     - 55 18  161 24  15.42 0.07  0.0    4  4.6 11.2      8801
 8802 2021-12- 4  7:03       55 19  161 43  18.41 0.10  0.0    7  3.1  1.2      8802
 8803 2021-12- 4  7:04     - 55 20  162  5  12.45 0.01  0.0    4  9.0  8.1      8803
 8804 2021-12- 4  7:09     - 55 24  161 21  10.22 0.20  0.0    5 19.6 15.0      8804
 8805 2021-12- 4  7:37     - 54 41  162 14  10.77 0.19  0.0    6 16.5 11.3      8805
  SEQ ---DATE--- TIME REMARK -LAT-  --LON-  DEPTH  RMS PMAG  NUM  ERH  ERZ  ID
 8806 2021-12- 4  7:37     - 54 35  162 20  15.01 0.08  0.0    4 13.9  5.2      8806
 8807 2021-12- 4  7:59     - 55 25  161 56  42.03 0.03  0.0    6  3.6 12.5      8807
 *** DISTANCE & RESIDUAL WEIGHTING CANCELLED FOR EVENT: 2021 12  4  9  8
 8808 2021-12- 4  9:08     - 55 23  161 46  13.48 0.45  0.0    4 15.7 24.9      8808
 8809 2021-12- 4  9:10     - 55 25  161 53   0.43 0.10  0.0    5  0.7 13.7      8809
 8810 2021-12- 4  9:21     - 55 36  161 36  16.29 0.11  0.0    4  3.0 13.0      8810
 8811 2021-12- 4  9:46     - 54 50  162 11  10.24 0.13  0.0    4 11.2 12.4      8811
 8812 2021-12- 4  9:47     - 54 41  162 21  15.24 0.06  0.0    4 12.6  5.2      8812
 8813 2021-12- 4 12:03     - 54 28  161 56  15.00 0.47  0.0    4 36.2 37.6      8813
 *** DISTANCE & RESIDUAL WEIGHTING CANCELLED FOR EVENT: 2021 12  4 14  0
 8814 2021-12- 4 14:00     - 54 40  160 52  14.99 0.44  0.0    4 33.3 34.9      8814
 *** DISTANCE & RESIDUAL WEIGHTING CANCELLED FOR EVENT: 2021 12  4 14  2
 8815 2021-12- 4 14:02     # 55 26  161 51  21.27 0.74  0.0    4 16.0 19.4      8815
 8816 2021-12- 4 14:06     - 55 16  161 34   6.57 0.10  0.0    5  1.9 14.9      8816
 8817 2021-12- 4 15:52       55 20  161 32  16.01 0.12  0.0    6  2.8  2.4      8817
 8818 2021-12- 4 15:57       55 27  161 52  14.04 0.18  0.0    5  2.3  4.6      8818
 *** DISTANCE & RESIDUAL WEIGHTING CANCELLED FOR EVENT: 2021 12  4 15 58
 8819 2021-12- 4 15:58     # 55 32  162  6  15.00 1.57  0.0    5 55.1 26.6      8819
 8820 2021-12- 4 17:28       55 13  161 46  33.24 0.00  0.0    4  5.9  2.2      8820
 *** DISTANCE & RESIDUAL WEIGHTING CANCELLED FOR EVENT: 2021 12  4 17 34
  SEQ ---DATE--- TIME REMARK -LAT-  --LON-  DEPTH  RMS PMAG  NUM  ERH  ERZ  ID
 8821 2021-12- 4 17:34     - 55 27  161 51  14.89 0.40  0.0    4  9.1 28.1      8821
 8822 2021-12- 4 17:39       55 32  161 46   8.45 0.14  0.0   16  0.6  1.3      8822
 8823 2021-12- 4 17:40       55 32  161 46   7.74 0.15  0.0   15  0.8  1.8      8823
 8824 2021-12- 4 19:15       55 25  161 53   5.43 0.04  0.0    5  0.9  1.3      8824
 *** DISTANCE & RESIDUAL WEIGHTING CANCELLED FOR EVENT: 2021 12  4 20 15
 8825 2021-12- 4 20:15     # 55 24  161 54  10.21 0.49  0.0    4  4.8 10.6      8825
 8826 2021-12- 4 20:16       55 16  161 46  23.76 0.00  0.0    4  4.2  1.6      8826
 8827 2021-12- 4 20:16     - 55 34  162 53  15.17 0.01  0.0    4  9.6  2.1      8827
 8828 2021-12- 4 20:22     - 54 48  162 45  17.02 0.08  0.0    4  6.1 14.1      8828
 8829 2021-12- 4 20:34     - 55  5  161 40  13.10 0.11  0.0    4 14.5  4.8      8829
 8830 2021-12- 4 22:24     - 55 14  161 46   3.74 0.05  0.0    4  3.5 10.1      8830
 8831 2021-12- 4 22:26       55 22  161 41  21.64 0.06  0.0    6  3.8  1.0      8831
 *** DISTANCE & RESIDUAL WEIGHTING CANCELLED FOR EVENT: 2021 12  4 22 27
 8832 2021-12- 4 22:26     - 54 51  162 51  15.00 1.58  0.0    4 99.0 88.8      8832
 8833 2021-12- 4 22:27     - 55 11  161 27  15.46 0.23  0.0    4 18.1 17.7      8833
 8834 2021-12- 4 22:28     - 55 25  161 53   0.86 0.11  0.0    5  0.8 13.0      8834
 *** DISTANCE & RESIDUAL WEIGHTING CANCELLED FOR EVENT: 2021 12  4 22 28
 8835 2021-12- 4 22:28     # 55 26  161 57  15.00 1.92  0.0    4 89.2 40.9      8835
 *** DISTANCE & RESIDUAL WEIGHTING CANCELLED FOR EVENT: 2021 12  4 22 46
  SEQ ---DATE--- TIME REMARK -LAT-  --LON-  DEPTH  RMS PMAG  NUM  ERH  ERZ  ID
 8836 2021-12- 4 22:45     - 54 34  162  2  15.00 0.36  0.0    4 25.6 19.0      8836
 8837 2021-12- 4 22:46       55 24  161 54  19.81 0.15  0.0    6  2.3  1.1      8837
 *** DISTANCE & RESIDUAL WEIGHTING CANCELLED FOR EVENT: 2021 12  4 23 38
 8838 2021-12- 4 23:38     - 54 59  161 37  13.54 0.26  0.0    4 22.7  9.0      8838
 8839 2021-12- 4 23:40     - 55 26  161 36   3.81 0.05  0.0    4  3.2 11.7      8839
 8840 2021-12- 4 23:44     - 55 28  161 36  14.11 0.05  0.0    4 12.9  1.8      8840
 8841 2021-12- 4 23:45       55 16  161 56  11.86 0.09  0.0    5  1.6  1.0      8841
 8842 2021-12- 4 23:53       55 28  161 51   9.73 0.09  0.0    5  1.0  3.3      8842
 *** DISTANCE & RESIDUAL WEIGHTING CANCELLED FOR EVENT: 2021 12  4 23 53
 8843 2021-12- 4 23:53     - 55 19  161 57  15.00 0.30  0.0    4 26.6  5.7      8843
 *** DISTANCE & RESIDUAL WEIGHTING CANCELLED FOR EVENT: 2021 12  4 23 56
 8844 2021-12- 4 23:56     # 55 18  161 23  15.63 0.36  0.0    5  5.9 13.3      8844
 8845 2021-12- 4 23:59     - 55 11  162 25  43.44 0.23  0.0    8  8.1 15.1      8845
 8846 2021-12- 4 23:59     - 55 20  162 10  43.95 0.14  0.0    8  2.6 12.9      8846
 8847 2021-12- 5  1:02     - 54 48  162 27  21.53 0.08  0.0   10 11.5  5.6      8847
 8848 2021-12- 5  1:03     - 54 53  162 21  15.30 0.03  0.0    4  9.1  7.4      8848
 8849 2021-12- 5  1:13     - 55  5  161 19  25.06 0.04  0.0    4 12.2  3.8      8849
 *** DISTANCE & RESIDUAL WEIGHTING CANCELLED FOR EVENT: 2021 12  5  2 48
 8850 2021-12- 5  2:48     - 55 35  162 20  14.98 0.43  0.0    4 34.0 12.3      8850
 *** DISTANCE & RESIDUAL WEIGHTING CANCELLED FOR EVENT: 2021 12  5  3 52
  SEQ ---DATE--- TIME REMARK -LAT-  --LON-  DEPTH  RMS PMAG  NUM  ERH  ERZ  ID
 8851 2021-12- 5  3:52     - 55 12  162  6   7.51 1.14  0.0    4 95.8 71.6      8851
 8852 2021-12- 5  3:59       54 37  161 18  15.12 0.14  0.0    7  2.8  3.1      8852
 *** DISTANCE & RESIDUAL WEIGHTING CANCELLED FOR EVENT: 2021 12  5  8  0
 8853 2021-12- 5  7:59     # 55 24  162  0  39.92 0.33  0.0    6  6.1 20.4      8853
 8854 2021-12- 5  9:16     - 54 34  161 18  33.73 0.22  0.0   10  2.4 21.7      8854
 8855 2021-12- 5 15:59     - 55 24  161 57  30.71 0.05  0.0    5  2.5 12.1      8855
 *** DISTANCE & RESIDUAL WEIGHTING CANCELLED FOR EVENT: 2021 12  5 17 33
 8856 2021-12- 5 17:33     # 55 22  161 49   0.87 0.00  0.0    4  1.2  2.4      8856
 *** DISTANCE & RESIDUAL WEIGHTING CANCELLED FOR EVENT: 2021 12  5 17 34
 8857 2021-12- 5 17:34     - 55 18  161 57  21.85 0.46  0.0    4 38.2  5.6      8857
 *** DISTANCE & RESIDUAL WEIGHTING CANCELLED FOR EVENT: 2021 12  5 17 36
 8858 2021-12- 5 17:36     - 55 30  161 34  15.04 0.93  0.0    5 78.0 23.6      8858
 *** DISTANCE & RESIDUAL WEIGHTING CANCELLED FOR EVENT: 2021 12  5 20 52
 8859 2021-12- 5 20:52     # 55 27  161 50  10.34 0.97  0.0    5 11.1  7.9      8859
 8860 2021-12- 6  0:04     # 55 24  161 53   0.38 0.87  0.0    5  3.1 50.1      8860
 8861 2021-12- 6  1:29     - 54 37  162  8   7.00 0.15  0.0   10 15.1 17.5      8861
 *** DISTANCE & RESIDUAL WEIGHTING CANCELLED FOR EVENT: 2021 12  6  1 30
 8862 2021-12- 6  1:30     - 54 55  162 18   6.80 0.80  0.0    5 44.8 49.9      8862
 *** DISTANCE & RESIDUAL WEIGHTING CANCELLED FOR EVENT: 2021 12  6  4  4
 8863 2021-12- 6  4:04     - 55 29  161 36  15.41 0.29  0.0    4 25.4  8.9      8863
 *** DISTANCE & RESIDUAL WEIGHTING CANCELLED FOR EVENT: 2021 12  6  4  9
 8864 2021-12- 6  4:08     - 54 41  163  2  15.00 0.75  0.0    4 62.3 57.2      8864
 8865 2021-12- 6  7:37     - 55 13  161 31   9.86 0.06  0.0    4 11.8  9.5      8865
  SEQ ---DATE--- TIME REMARK -LAT-  --LON-  DEPTH  RMS PMAG  NUM  ERH  ERZ  ID
 8866 2021-12- 6  8:16     - 55  3  160 32  14.60 0.26  0.0    7 10.7 22.2      8866
 *** DISTANCE & RESIDUAL WEIGHTING CANCELLED FOR EVENT: 2021 12  6  8 17
 8867 2021-12- 6  8:16     - 55 30  161 47  12.52 0.76  0.0    5 31.6 49.1      8867
 8868 2021-12- 6  8:21     # 55 21  161 48   1.22 0.02  0.0    4  4.8  5.8      8868
 *** DISTANCE & RESIDUAL WEIGHTING CANCELLED FOR EVENT: 2021 12  6  8 32
 8869 2021-12- 6  8:32     - 55 22  161 37   2.80 0.60  0.0    4 43.0 26.9      8869
 8870 2021-12- 6 11:46     - 54 57  161 15  15.45 0.09  0.0    5 14.1 12.3      8870
 8871 2021-12- 6 12:18     - 55 27  161 53  14.98 0.08  0.0    5  2.6 13.1      8871
 *** DISTANCE & RESIDUAL WEIGHTING CANCELLED FOR EVENT: 2021 12  6 12 24
 8872 2021-12- 6 12:24     - 55  3  161 49  13.33 0.46  0.0    4 38.4 31.0      8872
 8873 2021-12- 6 13:16     - 54 20  160 55  15.32 0.16  0.0   11 15.2  8.4      8873
 8874 2021-12- 6 13:16     - 54 26  161  4  18.49 0.22  0.0    9 18.5  4.8      8874
 8875 2021-12- 6 15:44     - 54 35  161 37  17.07 0.14  0.0   13  1.2 17.4      8875
 8876 2021-12- 6 15:59     - 55 25  161 56  26.03 0.07  0.0    4  3.9 12.1      8876
 8877 2021-12- 6 17:19     - 54 51  162 18  12.75 0.10  0.0    5 12.8  7.9      8877
 8878 2021-12- 6 17:19     - 54 41  162 37  14.24 0.03  0.0    4 11.8  4.2      8878
 8879 2021-12- 6 22:21     - 55 12  160 23  14.58 0.16  0.0   10  8.0 16.3      8879
 8880 2021-12- 6 23:59     - 55 23  161 60  23.37 0.08  0.0    6  2.9 11.4      8880
 *** DISTANCE & RESIDUAL WEIGHTING CANCELLED FOR EVENT: 2021 12  7  0  5
  SEQ ---DATE--- TIME REMARK -LAT-  --LON-  DEPTH  RMS PMAG  NUM  ERH  ERZ  ID
 8881 2021-12- 7  0:05     # 55 25  161 40  15.00 0.71  0.0    4  9.7 20.6      8881
 8882 2021-12- 7  1:34     - 55 25  162 48   9.63 0.24  0.0   13  1.8 20.3      8882
 8883 2021-12- 7  6:10       55 30  161 48  13.87 0.15  0.0    6  1.5  3.1      8883
 8884 2021-12- 7  7:59     - 55 23  162  3  36.48 0.11  0.0    5  4.5 14.6      8884
 8885 2021-12- 7  8:16     - 55 28  160 47  16.82 0.08  0.0    4  6.3 12.5      8885
 8886 2021-12- 7 10:38     - 54 57  162  9  14.91 0.01  0.0    4  3.5 11.9      8886
 8887 2021-12- 7 11:17     - 55 22  161 37  10.22 0.12  0.0    4 15.2  3.3      8887
 8888 2021-12- 7 11:17     - 55 14  161 54   2.81 1.41  0.0    5 51.1 84.8      8888
 *** DISTANCE & RESIDUAL WEIGHTING CANCELLED FOR EVENT: 2021 12  7 11 23
 8889 2021-12- 7 11:23     - 55 16  161 58  12.43 0.50  0.0    5 30.3 25.1      8889
 8890 2021-12- 7 11:30     - 55 11  161 20  15.95 0.16  0.0    5 17.0 13.3      8890
 8891 2021-12- 7 12:49     - 54 48  160 54  15.00 0.19  0.0    9 17.0 20.3      8891
 8892 2021-12- 7 12:50     - 54 45  161  2  29.91 0.19  0.0    7 15.0  2.4      8892
 8893 2021-12- 7 13:45     - 55 40  161 18  15.00 0.06  0.0    4  2.8 12.7      8893
 8894 2021-12- 7 13:47     - 55 10  161 18  12.03 0.07  0.0    4 13.5 11.3      8894
 *** DISTANCE & RESIDUAL WEIGHTING CANCELLED FOR EVENT: 2021 12  7 13 51
 8895 2021-12- 7 13:51     - 55 14  162  6  25.56 0.53  0.0    4 45.7  6.1      8895
  SEQ ---DATE--- TIME REMARK -LAT-  --LON-  DEPTH  RMS PMAG  NUM  ERH  ERZ  ID
 8896 2021-12- 7 15:59     - 55 24  161 57  41.04 0.03  0.0    5  3.8 12.5      8896
 *** DISTANCE & RESIDUAL WEIGHTING CANCELLED FOR EVENT: 2021 12  7 17  7
 8897 2021-12- 7 17:07     - 55 22  161 19  13.29 0.58  0.0    4 49.1 34.1      8897
 8898 2021-12- 7 17:12       55 20  161 52  18.51 0.15  0.0    6  2.4  1.2      8898
 *** DISTANCE & RESIDUAL WEIGHTING CANCELLED FOR EVENT: 2021 12  7 18 48
 *** ABANDON EVENT WITH ONLY 3 READINGS:2021 12  7 18 47
 8900 2021-12- 7 18:53       55 23  161 32  17.54 0.08  0.0    7  3.5  2.1      8900
 8901 2021-12- 7 21:13       55 21  161 35  10.30 0.05  0.0    5  3.4  3.5      8901
 8902 2021-12- 7 21:19     - 55 10  161  5  14.77 0.37  0.0    5 32.6 29.9      8902
 8903 2021-12- 7 21:50     - 54 20  162  9  17.96 0.41  0.0    9  5.1 35.9      8903
 8904 2021-12- 7 22:53     - 55 15  163 39  15.00 0.31  0.0    4 21.6 26.0      8904
 8905 2021-12- 7 23:59     - 55 25  161 56  37.87 0.05  0.0    5  3.1 12.2      8905
 8906 2021-12- 8  2:53     - 54 33  163 20  15.28 0.10  0.0    5  6.9 13.3      8906
 *** DISTANCE & RESIDUAL WEIGHTING CANCELLED FOR EVENT: 2021 12  8  2 53
 8907 2021-12- 8  2:53     - 54 52  162 35  14.98 0.48  0.0    5 35.1  2.4      8907
 8908 2021-12- 8  7:21     - 55  6  163 38  39.54 0.58  0.0   10 10.4 46.2      8908
 8909 2021-12- 8  7:36     - 55 17  161  4  17.00 0.18  0.0    8  8.6 19.8      8909
 8910 2021-12- 8  7:37     - 55 18  160 57  12.27 0.03  0.0    5  5.6  9.1      8910
  SEQ ---DATE--- TIME REMARK -LAT-  --LON-  DEPTH  RMS PMAG  NUM  ERH  ERZ  ID
 8911 2021-12- 8  7:59     - 55 25  161 57  14.99 0.06  0.0    5  2.1 12.0      8911
 8912 2021-12- 8 15:59     - 54 42  160 41  15.00 0.15  0.0   18  7.1 14.2      8912
 8913 2021-12- 8 15:59     - 55 48  161 27  15.01 0.07  0.0    4 12.8 11.8      8913
 8914 2021-12- 8 21:24     - 54 40  161  7  15.25 0.11  0.0    5  6.9 13.6      8914
 8915 2021-12- 8 23:03     - 55  6  162 18  13.94 0.07  0.0    4  7.1  8.3      8915
 8916 2021-12- 8 23:59     - 55 18  162  5  62.40 0.13  0.0    8  4.1 14.2      8916
 8917 2021-12- 9  0:17     - 54 52  162 18  14.16 0.11  0.0    4 12.3  8.9      8917
 *** DISTANCE & RESIDUAL WEIGHTING CANCELLED FOR EVENT: 2021 12  9  2 13
 8918 2021-12- 9  2:12     - 54 48  162 58  14.98 0.79  0.0    4 66.8 16.9      8918
 8919 2021-12- 9  7:59     - 55 25  161 57  21.21 0.06  0.0    5  3.1 11.6      8919
 8920 2021-12- 9 14:15     - 55  5  162 17   0.23 0.09  0.0    4  1.5 13.8      8920
 8921 2021-12- 9 15:50     - 55  6  161 29  14.51 0.16  0.0    4 14.4  6.6      8921
 8922 2021-12- 9 15:50     - 54 53  161 17  19.86 0.33  0.0    5  3.4 22.7      8922
 8923 2021-12- 9 23:59     - 55 19  162  6  44.47 0.14  0.0    6  4.2 13.0      8923
 8924 2021-12-10  6:58     - 54 21  160 54  14.77 0.15  0.0    8  8.0 15.5      8924
 8925 2021-12-10  6:58     - 54 55  161 28  11.83 0.08  0.0    4 12.7 11.1      8925
  SEQ ---DATE--- TIME REMARK -LAT-  --LON-  DEPTH  RMS PMAG  NUM  ERH  ERZ  ID
 8926 2021-12-10  7:59     - 55 25  161 56  14.99 0.04  0.0    4  2.3 12.4      8926
 8927 2021-12-10  8:37     - 54 39  161 18  17.09 0.16  0.0   19  1.0 18.4      8927
 8928 2021-12-10 15:59     - 55 24  161 60  39.14 0.07  0.0    6  4.2 13.1      8928
 8929 2021-12-10 17:51     - 54 27  162 29  17.76 0.69  0.0    5 58.5 57.5      8929
 8930 2021-12-10 18:09     - 54 49  162 36   8.19 0.07  0.0    4 13.0  9.3      8930
 8931 2021-12-10 20:39     - 54 39  161 56  12.03 0.17  0.0    6  3.6 17.6      8931
 *** DISTANCE & RESIDUAL WEIGHTING CANCELLED FOR EVENT: 2021 12 11 12  9
 8932 2021-12-11 12:09     - 54 44  162 21  15.00 1.58  0.0    4 32.1 89.4      8932
 *** DISTANCE & RESIDUAL WEIGHTING CANCELLED FOR EVENT: 2021 12 11 14 16
 8933 2021-12-11 14:16     - 54 48  161 44  15.00 0.43  0.0    4 13.3 26.7      8933
 *** DISTANCE & RESIDUAL WEIGHTING CANCELLED FOR EVENT: 2021 12 11 16  0
 8934 2021-12-11 15:59     - 55 37  161 27  15.29 0.31  0.0    4  5.4 25.6      8934
 8935 2021-12-11 20:04     - 54 56  162 20  12.51 0.05  0.0    4 11.3  6.6      8935
 8936 2021-12-11 23:59     - 55 26  161 54  15.00 0.07  0.0    6  1.8 11.0      8936
 *** DISTANCE & RESIDUAL WEIGHTING CANCELLED FOR EVENT: 2021 12 12  0 27
 8937 2021-12-12  0:27     - 54 55  162 15  14.77 0.34  0.0    4 24.1 18.8      8937
 8938 2021-12-12  5:25     # 54 60  162 17  21.60 0.08  0.0    7  5.7  6.9      8938
 8939 2021-12-12  5:25     - 54 57  162 32  27.99 0.02  0.0    5  7.4  7.0      8939
 8940 2021-12-12  7:59     - 55 26  161 55  16.91 0.07  0.0    4  2.7 12.4      8940
  SEQ ---DATE--- TIME REMARK -LAT-  --LON-  DEPTH  RMS PMAG  NUM  ERH  ERZ  ID
 8941 2021-12-12  9:50     - 55  5  161 50  12.87 0.09  0.0    4 11.7  7.1      8941
 *** DISTANCE & RESIDUAL WEIGHTING CANCELLED FOR EVENT: 2021 12 12  9 50
 8942 2021-12-12  9:50     - 55  7  161 52   9.45 0.20  0.0    4 14.6 10.3      8942
 8943 2021-12-12  9:55     - 55 15  161  1  32.90 0.14  0.0   10 13.0  0.9      8943
 *** DISTANCE & RESIDUAL WEIGHTING CANCELLED FOR EVENT: 2021 12 12  9 56
 8944 2021-12-12  9:56     # 55 14  161 52  14.99 0.62  0.0    4 11.0 16.0      8944
 8945 2021-12-12 12:41     - 54 41  162 48   8.43 0.15  0.0    8 17.0 14.5      8945
 8946 2021-12-12 15:59     - 55 24  161 54  14.98 0.07  0.0    5  2.4 11.9      8946
 8947 2021-12-12 16:50     - 55 26  162 44   8.31 0.16  0.0   13  1.5 16.3      8947
 8948 2021-12-12 17:54     - 55 11  163 26  15.21 0.13  0.0    5  7.1 14.8      8948
 8949 2021-12-12 18:25     - 54 41  161 38  16.95 0.14  0.0   10 11.0 17.1      8949
 8950 2021-12-12 18:25     # 54 44  161 39  14.22 0.15  0.0    7  6.8  1.5      8950
 8951 2021-12-12 23:14     - 54 52  162 37  13.01 0.05  0.0    4 12.3  4.5      8951
 *** DISTANCE & RESIDUAL WEIGHTING CANCELLED FOR EVENT: 2021 12 13  0  0
 8952 2021-12-12 23:59     - 55 20  162 49  15.01 0.20  0.0    4 16.9 20.3      8952
 8953 2021-12-13  5:58       55 18  161 52   9.18 0.11  0.0    5  2.4  2.2      8953
 8954 2021-12-13  7:59     - 55 25  161 57  42.49 0.04  0.0    6  4.8 12.5      8954
 8955 2021-12-13  8:03     # 55 23  162 28  15.28 1.12  0.0    5 13.7 57.8      8955
  SEQ ---DATE--- TIME REMARK -LAT-  --LON-  DEPTH  RMS PMAG  NUM  ERH  ERZ  ID
 8956 2021-12-13 13:50       55 21  161 12  33.18 0.07  0.0    8  2.3  3.1      8956
 8957 2021-12-13 14:42     - 54 43  160 59  15.00 0.16  0.0   10 13.8 18.1      8957
 8958 2021-12-13 14:42     - 54 43  161  8  27.67 0.17  0.0    9 14.7  2.4      8958
 8959 2021-12-13 15:59     - 55 25  161 57  14.99 0.08  0.0    5  2.3 12.0      8959
 8960 2021-12-13 19:32     - 54 55  162 30  12.99 0.05  0.0    5 11.1  5.7      8960
 8961 2021-12-13 19:33     - 55 11  162 27  14.27 0.03  0.0    4  7.7  9.8      8961
 8962 2021-12-13 23:59     - 55 25  161 57  14.99 0.05  0.0    4  1.9 12.5      8962
 8963 2021-12-14  0:02       55  8  161 27  25.38 0.57  0.0   10 18.6 10.0      8963
 *** DISTANCE & RESIDUAL WEIGHTING CANCELLED FOR EVENT: 2021 12 14  0  3
 8964 2021-12-14  0:03     - 55  7  161 47  14.36 0.17  0.0    4 12.5  8.9      8964
 8965 2021-12-14  1:23       55 11  161 29  22.99 0.21  0.0    8  9.8  5.2      8965
 8966 2021-12-14  1:23     - 55 15  161  3  53.01 0.06  0.0    6  9.7  5.7      8966
 8967 2021-12-14  3:23     - 55 22  161 49   0.02 0.07  0.0    4  1.2  9.7      8967
 8968 2021-12-14  4:37     - 55 15  160 55  39.69 0.10  0.0    7 12.0  5.9      8968
 8969 2021-12-14  4:38       55 11  161 55   9.50 0.00  0.0    4  1.3  2.6      8969
 8970 2021-12-14  5:51     - 54 43  162 40  14.43 0.24  0.0    5 18.2  7.2      8970
  SEQ ---DATE--- TIME REMARK -LAT-  --LON-  DEPTH  RMS PMAG  NUM  ERH  ERZ  ID
 8971 2021-12-14  7:19     - 55 25  161 54  16.83 0.13  0.0    4  2.1 15.2      8971
 8972 2021-12-14 10:44       55 19  161 32  16.17 0.15  0.0    5  4.1  4.1      8972
 8973 2021-12-14 12:50       55 19  161 30  12.52 0.11  0.0    5  3.3  4.9      8973
 8974 2021-12-14 12:53       55 20  161 33  15.70 0.15  0.0    6  3.6  3.2      8974
 *** DISTANCE & RESIDUAL WEIGHTING CANCELLED FOR EVENT: 2021 12 14 13  0
 8975 2021-12-14 13:00     - 55 29  161 25  15.00 0.81  0.0    4 64.9 50.0      8975
 8976 2021-12-14 13:17     - 55  5  161 48  12.77 0.06  0.0    4 11.0  6.2      8976
 8977 2021-12-14 15:59     - 55 24  161 57  14.99 0.08  0.0    5  2.0 10.3      8977
 8978 2021-12-14 18:31     - 55  1  160 33  17.00 0.21  0.0   13  9.0 18.0      8978
 8979 2021-12-14 19:06     - 54 49  160 43  42.28 0.17  0.0    9 17.9 12.1      8979
 8980 2021-12-14 19:06     - 55  8  161 55  52.35 0.14  0.0    4  8.2 11.8      8980
 8981 2021-12-14 20:57     - 54 58  161  9  37.25 0.26  0.0    5 23.3 19.0      8981
 8982 2021-12-14 20:57     - 54 58  161 36  17.07 0.07  0.0    4 13.3  2.0      8982
 8983 2021-12-14 23:26     - 55 19  160 49  34.08 0.14  0.0   10 12.7 11.3      8983
 8984 2021-12-14 23:26     - 55 56  161 58  13.73 0.22  0.0    5 20.5  5.8      8984
 8985 2021-12-14 23:59       55 22  161 42  18.23 0.03  0.0    6  3.4  1.2      8985
  SEQ ---DATE--- TIME REMARK -LAT-  --LON-  DEPTH  RMS PMAG  NUM  ERH  ERZ  ID
 8986 2021-12-14 23:59     - 55 25  161 57  14.99 0.06  0.0    4  2.1 12.5      8986
 8987 2021-12-15  0:05     - 55 10  161 58   8.26 0.16  0.0    5  3.1 13.0      8987
 8988 2021-12-15  0:56     - 56  4  162 37  14.70 0.05  0.0    4  6.4 11.7      8988
 *** DISTANCE & RESIDUAL WEIGHTING CANCELLED FOR EVENT: 2021 12 15  4  2
 8989 2021-12-15  4:02     - 55 35  161 23  15.00 0.64  0.0    4 45.1 22.3      8989
 *** DISTANCE & RESIDUAL WEIGHTING CANCELLED FOR EVENT: 2021 12 15  4  2
 8990 2021-12-15  4:02     - 54 59  162 40  14.80 0.36  0.0    4  6.6 22.1      8990
 8991 2021-12-15  7:59     - 55 20  162  9  47.50 0.13  0.0    6  3.3 13.5      8991
 8992 2021-12-15 15:34     - 55 38  161 31   7.14 0.16  0.0   12  1.0 16.1      8992
 *** DISTANCE & RESIDUAL WEIGHTING CANCELLED FOR EVENT: 2021 12 15 20  1
 8993 2021-12-15 20:01     - 55 46  162  8  42.30 0.29  0.0    4 10.5 24.9      8993
 8994 2021-12-15 23:10     - 54 46  160 53  20.68 0.23  0.0   12  2.2 19.0      8994
 8995 2021-12-15 23:59     - 55 25  161 57  42.15 0.03  0.0    6  4.4 12.4      8995
 8996 2021-12-16  4:06     - 55 34  160 27  14.36 0.03  0.0    5  9.0 11.4      8996
 *** DISTANCE & RESIDUAL WEIGHTING CANCELLED FOR EVENT: 2021 12 16  5 21
 8997 2021-12-16  5:20     - 55 29  162  9  15.00 0.99  0.0    4 14.5 69.9      8997
 8998 2021-12-16  7:54     # 55 21  162 35  16.34 1.14  0.0    6 11.2 43.9      8998
 8999 2021-12-16  7:59     - 55 25  161 57  19.72 0.06  0.0    5  2.3 12.3      8999
 *** DISTANCE & RESIDUAL WEIGHTING CANCELLED FOR EVENT: 2021 12 16 10 39
 9000 2021-12-16 10:39     - 55  9  162  3  12.26 0.22  0.0    4 21.9  4.5      9000
  SEQ ---DATE--- TIME REMARK -LAT-  --LON-  DEPTH  RMS PMAG  NUM  ERH  ERZ  ID
 9001 2021-12-16 10:49     - 54 31  161 21  16.25 0.26  0.0    7 11.0 22.3      9001
 9002 2021-12-16 11:38     - 54 54  160 26  14.01 0.25  0.0   17 10.1 20.1      9002
 9003 2021-12-16 13:48     - 54 35  163  6  14.74 0.15  0.0    5 16.7  3.2      9003
 9004 2021-12-16 14:38     - 54 30  163 18  15.10 0.06  0.0    5  6.1 12.0      9004
 *** DISTANCE & RESIDUAL WEIGHTING CANCELLED FOR EVENT: 2021 12 16 14 38
 9005 2021-12-16 14:38     - 54 35  163  8  15.04 0.83  0.0    5 60.7 69.7      9005
 9006 2021-12-16 15:59     - 55 25  161 56  27.99 0.07  0.0    6  2.5 12.4      9006
 9007 2021-12-16 17:00     - 54 31  163 17  15.05 0.09  0.0    6  6.4 13.0      9007
 9008 2021-12-16 17:25     - 54 32  163 19  15.11 0.10  0.0    6  6.6 13.4      9008
 9009 2021-12-16 21:14     - 54 31  161 43  18.32 0.20  0.0    7  2.0 20.2      9009
 9010 2021-12-16 23:59     - 55 25  161 56  32.56 0.06  0.0    6  3.3 12.4      9010
 9011 2021-12-17  1:38     - 54 52  160 15  14.73 0.17  0.0    8  8.4 16.7      9011
 9012 2021-12-17  1:52     - 56  2  162 50  14.60 0.05  0.0    4  5.8 11.8      9012
 9013 2021-12-17  3:00     - 56  6  162 45  14.97 0.11  0.0    4  6.8 13.8      9013
 9014 2021-12-17  7:59     - 55 22  161 51  27.60 0.08  0.0    5  3.4 12.8      9014
 9015 2021-12-17  8:25     - 54 43  162 17  18.24 0.06  0.0    5 12.3  4.8      9015
 *** DISTANCE & RESIDUAL WEIGHTING CANCELLED FOR EVENT: 2021 12 17  8 26
  SEQ ---DATE--- TIME REMARK -LAT-  --LON-  DEPTH  RMS PMAG  NUM  ERH  ERZ  ID
 9016 2021-12-17  8:25     - 54 35  162 20  15.01 0.52  0.0    6 37.9 10.3      9016
 *** DISTANCE & RESIDUAL WEIGHTING CANCELLED FOR EVENT: 2021 12 17  8 48
 9017 2021-12-17  8:48     - 55 43  162  4  29.67 0.94  0.0    4 79.5 55.0      9017
 9018 2021-12-17  8:48     - 55  4  162 34  42.78 0.09  0.0    5  9.5  9.4      9018
 9019 2021-12-17  9:45     - 54 37  162 51   3.45 0.75  0.0    5 57.6 58.7      9019
 9020 2021-12-17 10:33     - 54 54  163  3  13.39 0.06  0.0   10 10.1  1.8      9020
 9021 2021-12-17 10:34       54 58  162 41  15.85 0.10  0.0    8  4.0  1.0      9021
 *** DISTANCE & RESIDUAL WEIGHTING CANCELLED FOR EVENT: 2021 12 17 11 45
 9022 2021-12-17 11:45     # 55  3  162 40  15.00 1.45  0.0    8 30.9 19.3      9022
 9023 2021-12-17 11:45     - 54 42  161  7  16.88 0.09  0.0    5  5.8 11.8      9023
 *** DISTANCE & RESIDUAL WEIGHTING CANCELLED FOR EVENT: 2021 12 17 14 53
 9024 2021-12-17 14:53     - 54 29  162 28  15.00 0.67  0.0    5 57.4  3.6      9024
 9025 2021-12-17 15:56       55 54  161 41  16.56 0.12  0.0   14  1.5  1.1      9025
 9026 2021-12-17 15:59     - 55 23  162  7  31.96 0.13  0.0    4  5.6 15.0      9026
 9027 2021-12-17 23:59     - 55 24  162  0  40.82 0.07  0.0    5  4.3 13.6      9027
 9028 2021-12-18  2:31     - 54 59  161 42   6.73 0.08  0.0    5  1.2 14.1      9028
 9029 2021-12-18  4:05     - 54 37  160 58  15.00 0.19  0.0    7 16.8 19.9      9029
 9030 2021-12-18  4:05     - 54 50  161 27  19.85 0.10  0.0    5 12.3  3.8      9030
  SEQ ---DATE--- TIME REMARK -LAT-  --LON-  DEPTH  RMS PMAG  NUM  ERH  ERZ  ID
 9031 2021-12-18  7:59     - 55 28  161 48  14.79 0.15  0.0    4  7.1 15.4      9031
 9032 2021-12-18 11:00     - 54 33  162 27  14.03 0.10  0.0    4 15.2 13.3      9032
 9033 2021-12-18 15:59     - 55 19  162 10  21.27 0.10  0.0    6  1.3 11.6      9033
 9034 2021-12-18 17:02     - 54 32  163 20  14.98 0.07  0.0    7  6.1 12.4      9034
 9035 2021-12-18 17:42     # 54 24  163  1  17.46 0.22  0.0   12  6.0  4.5      9035
 9036 2021-12-18 17:42     - 54 48  162 17  13.60 0.11  0.0    7 11.9  1.5      9036
 9037 2021-12-18 19:26     - 54 36  162 19  62.02 0.09  0.0    4 11.2  4.0      9037
 *** DISTANCE & RESIDUAL WEIGHTING CANCELLED FOR EVENT: 2021 12 18 21 39
 9038 2021-12-18 21:39     - 54 29  162 28  14.10 0.59  0.0    4 49.1 41.8      9038
 *** DISTANCE & RESIDUAL WEIGHTING CANCELLED FOR EVENT: 2021 12 18 22  6
 9039 2021-12-18 22:06     - 55 52  160 50  15.01 0.43  0.0    6 16.9 34.2      9039
 9040 2021-12-18 23:59     - 55 23  162  3  31.29 0.10  0.0    5  3.7 14.2      9040
 9041 2021-12-19  0:07     - 55 28  161 47  19.43 0.16  0.0    4 12.8 13.9      9041
 9042 2021-12-19  3:28     - 54 51  160 26  15.93 0.30  0.0   12 12.0 24.0      9042
 9043 2021-12-19  7:59     - 55 21  161 48  27.86 0.09  0.0    6  4.0 12.4      9043
 9044 2021-12-19  8:39     - 54 36  161 14  14.37 0.17  0.0   13  8.2 16.3      9044
 9045 2021-12-19 15:59     - 55 24  162  3  14.77 0.03  0.0    5  3.3 11.5      9045
  SEQ ---DATE--- TIME REMARK -LAT-  --LON-  DEPTH  RMS PMAG  NUM  ERH  ERZ  ID
 9046 2021-12-19 18:09       55 13  161 52   5.31 0.17  0.0    5  0.8  1.2      9046
 9047 2021-12-19 18:26     - 55 12  160 56  17.27 0.25  0.0   10  2.9 24.2      9047
 9048 2021-12-19 23:18       55 18  160 50  48.62 0.18  0.0   11  3.4  5.0      9048
 *** DISTANCE & RESIDUAL WEIGHTING CANCELLED FOR EVENT: 2021 12 19 23 19
 9049 2021-12-19 23:18     # 55 21  161 56  22.95 1.96  0.0    6 19.8 24.1      9049
 9050 2021-12-19 23:19     - 55 12  160 50  15.05 0.10  0.0    5  6.7 13.5      9050
 9051 2021-12-19 23:59     - 55 24  161 57  33.56 0.04  0.0    6  3.1 12.2      9051
 9052 2021-12-20  7:59     - 55 25  161 55  27.46 0.07  0.0    5  2.9 12.6      9052
 9053 2021-12-20  8:45     - 54 55  160 59  28.82 0.22  0.0    9 19.8  3.2      9053
 9054 2021-12-20  8:45     - 54 56  160 50  15.06 0.05  0.0    4 11.9 13.0      9054
 9055 2021-12-20  9:46     - 54 41  160 37  16.53 0.09  0.0    6  6.6 12.8      9055
 9056 2021-12-20  9:47       55 10  161 54   2.05 0.00  0.0    4  1.4  4.0      9056
 9057 2021-12-20 15:59     - 55 24  161 57  44.63 0.04  0.0    7  2.8  9.0      9057
 9058 2021-12-20 23:59     - 55 25  161 55  26.81 0.07  0.0    6  3.0 11.4      9058
 9059 2021-12-21  2:28     - 54 52  162 29  12.35 0.06  0.0    4 12.5  4.3      9059
 9060 2021-12-21  4:05     - 54 49  161  3  17.97 0.12  0.0    4 13.6 14.1      9060
 *** DISTANCE & RESIDUAL WEIGHTING CANCELLED FOR EVENT: 2021 12 21  4  5
  SEQ ---DATE--- TIME REMARK -LAT-  --LON-  DEPTH  RMS PMAG  NUM  ERH  ERZ  ID
 9061 2021-12-21  4:05     - 54 54  161 29  14.93 0.34  0.0    4 28.1 11.5      9061
 9062 2021-12-21  5:01     - 54 48  161 24  16.35 0.09  0.0    5 14.4  1.5      9062
 9063 2021-12-21  5:02     - 54 55  161 33   7.20 0.09  0.0    4  9.6 13.6      9063
 9064 2021-12-21  5:49     - 54 52  162 37  16.76 0.05  0.0    4 12.9  1.6      9064
 *** DISTANCE & RESIDUAL WEIGHTING CANCELLED FOR EVENT: 2021 12 21  5 50
 9065 2021-12-21  5:50     # 54 57  162 29   9.44 0.62  0.0    5 17.0  9.8      9065
 9066 2021-12-21  6:35     - 55 44  161 59  15.98 0.01  0.0    4  5.6 11.2      9066
 9067 2021-12-21  6:43     - 55 25  161 53   0.46 0.17  0.0    6  0.9 14.8      9067
 9068 2021-12-21  6:44     - 55 27  162  5   0.02 0.52  0.0    4 25.4 35.4      9068
 9069 2021-12-21  6:47       55 24  161 55   7.11 0.00  0.0    4  1.1  3.4      9069
 *** DISTANCE & RESIDUAL WEIGHTING CANCELLED FOR EVENT: 2021 12 21  6 48
 9070 2021-12-21  6:48     - 55 33  161 49  15.00 0.43  0.0    5 20.6 15.4      9070
 9071 2021-12-21  7:59     - 55 25  161 56  26.38 0.06  0.0    6  3.2 12.0      9071
 *** DISTANCE & RESIDUAL WEIGHTING CANCELLED FOR EVENT: 2021 12 21  8 29
 9072 2021-12-21  8:29     - 55 22  161 44  11.74 0.84  0.0    5 54.8  8.6      9072
 9073 2021-12-21  8:30     - 55 25  161 33   1.97 0.01  0.0    4  2.2 11.6      9073
 *** DISTANCE & RESIDUAL WEIGHTING CANCELLED FOR EVENT: 2021 12 21  8 33
 9074 2021-12-21  8:33     # 55 21  161 33  21.02 0.67  0.0    7 11.8  5.8      9074
 9075 2021-12-21  8:34     - 55 15  162 10   0.88 0.33  0.0    4  4.7 25.2      9075
 *** DISTANCE & RESIDUAL WEIGHTING CANCELLED FOR EVENT: 2021 12 21  8 34
  SEQ ---DATE--- TIME REMARK -LAT-  --LON-  DEPTH  RMS PMAG  NUM  ERH  ERZ  ID
 9076 2021-12-21  8:34     # 55 29  161 41  15.00 0.61  0.0    4 13.4  7.7      9076
 9077 2021-12-21  8:34       55 15  161 45  16.74 0.00  0.0    4  3.1  1.5      9077
 9078 2021-12-21  8:34       55 32  161 47  16.33 0.00  0.0    4  3.4  3.4      9078
 *** DISTANCE & RESIDUAL WEIGHTING CANCELLED FOR EVENT: 2021 12 21  8 37
 9079 2021-12-21  8:37     # 55 18  161 43  16.97 0.52  0.0    5 12.2  4.4      9079
 9080 2021-12-21  8:40       55 14  161 35   5.90 0.07  0.0    5  3.7  1.6      9080
 *** DISTANCE & RESIDUAL WEIGHTING CANCELLED FOR EVENT: 2021 12 21  9 37
 9081 2021-12-21  9:37     - 55 44  161 56  15.00 0.84  0.0    4 61.7 48.1      9081
 *** DISTANCE & RESIDUAL WEIGHTING CANCELLED FOR EVENT: 2021 12 21  9 39
 9082 2021-12-21  9:39     - 55 27  161 50  14.51 0.43  0.0    4 14.9 33.0      9082
 9083 2021-12-21  9:43     - 55 25  161 31  10.51 0.08  0.0    5 10.8  8.9      9083
 9084 2021-12-21  9:46     - 55 17  161 32   5.04 0.15  0.0    4 16.4  2.7      9084
 *** DISTANCE & RESIDUAL WEIGHTING CANCELLED FOR EVENT: 2021 12 21  9 47
 9085 2021-12-21  9:47     - 55 23  161 48  16.37 0.55  0.0    4 46.1  4.7      9085
 9086 2021-12-21  9:54       55 15  161 27  13.90 0.00  0.0    4  3.2  6.1      9086
 9087 2021-12-21 10:48     - 55 24  161 35   1.10 0.19  0.0    4  3.4 18.9      9087
 9088 2021-12-21 10:50       55 34  161 51   9.08 0.03  0.0    5  1.7  3.1      9088
 9089 2021-12-21 10:55     - 55 31  161 47  12.26 0.04  0.0    4  8.7  8.6      9089
 9090 2021-12-21 10:55       55 20  161 44  18.72 0.00  0.0    4  3.5  1.9      9090
  SEQ ---DATE--- TIME REMARK -LAT-  --LON-  DEPTH  RMS PMAG  NUM  ERH  ERZ  ID
 9091 2021-12-21 11:03     - 55 15  162 18   9.52 0.21  0.0    5 19.0 15.9      9091
 9092 2021-12-21 11:40     - 54 36  161 27  19.03 0.31  0.0   12  1.9 24.8      9092
 9093 2021-12-21 12:03     - 55 24  161 51   0.46 0.01  0.0    4  0.8  9.6      9093
 *** DISTANCE & RESIDUAL WEIGHTING CANCELLED FOR EVENT: 2021 12 21 12  6
 9094 2021-12-21 12:06     - 55 22  162  8  15.00 1.11  0.0    4 53.2 46.9      9094
 *** DISTANCE & RESIDUAL WEIGHTING CANCELLED FOR EVENT: 2021 12 21 12  7
 9095 2021-12-21 12:07     - 55 20  162 21  14.66 0.30  0.0    5 22.5 14.4      9095
 9096 2021-12-21 13:14       55 30  161 49  12.89 0.12  0.0    6  2.0  2.6      9096
 9097 2021-12-21 13:17     - 55 24  161 53   1.02 0.08  0.0    4  0.7 11.2      9097
 *** DISTANCE & RESIDUAL WEIGHTING CANCELLED FOR EVENT: 2021 12 21 13 22
 9098 2021-12-21 13:22     - 55 22  161 50  14.82 0.40  0.0    4 11.8 27.3      9098
 9099 2021-12-21 13:23       55 29  161 43   6.31 0.01  0.0    4  2.7  0.8      9099
 9100 2021-12-21 13:25     # 55 22  161 50   0.03 0.48  0.0    5  1.6 24.4      9100
 9101 2021-12-21 13:29     - 54 59  161  7  34.98 0.19  0.0    5 14.6  5.0      9101
 9102 2021-12-21 13:28     - 54 49  160 45  15.00 0.17  0.0   10 15.0 19.0      9102
 *** DISTANCE & RESIDUAL WEIGHTING CANCELLED FOR EVENT: 2021 12 21 14 27
 9103 2021-12-21 14:27     # 55 26  161 53  14.91 0.29  0.0    5  3.3 18.1      9103
 9104 2021-12-21 14:32       55 22  161 48  19.82 0.11  0.0    8  1.8  0.8      9104
 9105 2021-12-21 14:33     - 55 47  161  1  14.79 0.13  0.0    4 13.2 10.1      9105
  SEQ ---DATE--- TIME REMARK -LAT-  --LON-  DEPTH  RMS PMAG  NUM  ERH  ERZ  ID
 9106 2021-12-21 14:38     - 55 20  161 46  19.54 0.02  0.0    4  9.6  7.3      9106
 9107 2021-12-21 15:59     - 55 24  161 60  38.16 0.07  0.0    6  3.8 13.1      9107
 9108 2021-12-21 17:00     - 55 20  162 60  14.15 0.03  0.0    4  9.6  7.3      9108
 9109 2021-12-21 17:13     - 55 10  161 21   8.28 0.15  0.0    5 17.4 16.3      9109
 *** DISTANCE & RESIDUAL WEIGHTING CANCELLED FOR EVENT: 2021 12 21 17 14
 9110 2021-12-21 17:14     - 55  7  161 37   7.96 0.36  0.0    4 30.4 26.0      9110
 *** DISTANCE & RESIDUAL WEIGHTING CANCELLED FOR EVENT: 2021 12 21 17 24
 9111 2021-12-21 17:24     # 55 25  161 53   0.90 0.23  0.0    5  1.4 14.5      9111
 9112 2021-12-21 17:25       55 17  161 27  19.82 0.07  0.0    5  3.7  5.3      9112
 9113 2021-12-21 17:29     - 55 25  161 27   7.92 0.06  0.0    6  2.0 10.4      9113
 9114 2021-12-21 17:30     - 55 11  161 19   9.90 0.28  0.0    4 24.0 19.5      9114
 9115 2021-12-21 17:36     - 54 39  161 18  17.06 0.29  0.0   11  2.5 27.3      9115
 *** DISTANCE & RESIDUAL WEIGHTING CANCELLED FOR EVENT: 2021 12 21 17 45
 9116 2021-12-21 17:45     - 54 49  162  3  10.50 0.31  0.0    4 12.1 27.5      9116
 9117 2021-12-21 18:37     - 55 35  162 19  15.50 0.01  0.0    4  3.0 12.0      9117
 9118 2021-12-21 19:04     - 54 25  161 26  14.67 0.18  0.0    6  8.4 17.1      9118
 9119 2021-12-21 19:57       55 12  161 41   4.06 0.03  0.0    5  2.3  1.3      9119
 9120 2021-12-21 20:51     - 55 26  161 53   0.37 0.13  0.0    5  1.4 14.9      9120
  SEQ ---DATE--- TIME REMARK -LAT-  --LON-  DEPTH  RMS PMAG  NUM  ERH  ERZ  ID
 9121 2021-12-21 20:56     - 54 55  162 28  10.76 0.06  0.0    5 11.4  5.2      9121
 9122 2021-12-21 20:56     - 54 54  162 32  10.90 0.09  0.0    4 12.8  4.5      9122
 9123 2021-12-21 20:59     # 55 25  161 53   2.40 0.79  0.0    5  3.1 32.1      9123
 9124 2021-12-21 22:35     - 55  6  162 14  15.00 0.52  0.0    4 42.5 22.1      9124
 9125 2021-12-21 22:35     # 55 23  161 54   0.03 7.51  0.0    5 33.4 98.6      9125
 *** DISTANCE & RESIDUAL WEIGHTING CANCELLED FOR EVENT: 2021 12 21 22 39
 9126 2021-12-21 22:39     - 55 19  161 55  14.67 0.28  0.0    4 16.4 20.2      9126
 9127 2021-12-21 22:41     - 55  9  160 57  12.54 0.14  0.0    4  5.6 16.7      9127
 *** DISTANCE & RESIDUAL WEIGHTING CANCELLED FOR EVENT: 2021 12 21 22 42
 9128 2021-12-21 22:42     - 55 20  161 42  15.00 0.66  0.0    4 36.6 16.7      9128
 9129 2021-12-21 22:43     - 55 39  160 54  33.78 0.36  0.0   10  7.2 28.5      9129
 9130 2021-12-21 22:44     - 55 35  161 54  18.93 0.08  0.0    4  5.1 12.7      9130
 9131 2021-12-21 22:52     - 55  6  162 14  15.00 0.15  0.0    4 17.5  6.8      9131
 9132 2021-12-21 23:32       55 24  161 55   5.22 0.01  0.0    4  0.8  1.1      9132
 *** DISTANCE & RESIDUAL WEIGHTING CANCELLED FOR EVENT: 2021 12 21 23 35
 9133 2021-12-21 23:35     - 55 20  161 53  17.05 0.51  0.0    4 33.7 24.9      9133
 9134 2021-12-21 23:41     - 55 14  162  2  14.24 0.80  0.0    5 54.9 38.1      9134
 9135 2021-12-21 23:59     - 55 25  161 57  39.65 0.04  0.0    6  3.9 12.5      9135
  SEQ ---DATE--- TIME REMARK -LAT-  --LON-  DEPTH  RMS PMAG  NUM  ERH  ERZ  ID
 9136 2021-12-22  1:02       55 19  161 31   5.47 0.01  0.0    4  2.5  2.7      9136
 9137 2021-12-22  1:04     - 55 18  161 32   3.82 0.16  0.0    7  2.7 12.8      9137
 *** DISTANCE & RESIDUAL WEIGHTING CANCELLED FOR EVENT: 2021 12 22  1  5
 9138 2021-12-22  1:05     - 55 39  162  3  15.00 1.89  0.0    5 60.5 78.4      9138
 9139 2021-12-22  1:14     - 55  9  161 19  15.06 0.13  0.0    5  4.8 16.5      9139
 9140 2021-12-22  1:16       55 21  161 48   2.98 0.12  0.0    5  2.1  1.4      9140
 *** DISTANCE & RESIDUAL WEIGHTING CANCELLED FOR EVENT: 2021 12 22  1 16
 9141 2021-12-22  1:16     - 55 19  161 43  15.00 0.80  0.0    5 42.8 27.5      9141
 9142 2021-12-22  1:50     - 54 46  160 48  15.00 0.23  0.0   11 18.4 22.8      9142
 9143 2021-12-22  1:50     - 54 40  160 25  12.72 0.19  0.0   10 14.2  9.3      9143
 9144 2021-12-22  2:11     - 55  4  160 59  32.22 0.23  0.0    9 18.3  1.7      9144
 9145 2021-12-22  2:11     - 54 60  160 23  15.00 0.24  0.0    4 21.6 22.6      9145
 *** DISTANCE & RESIDUAL WEIGHTING CANCELLED FOR EVENT: 2021 12 22  6 25
 9146 2021-12-22  6:25     - 55 13  162 26  14.91 0.63  0.0    4 45.8 32.7      9146
 9147 2021-12-22  6:29     - 55 13  163 22  15.74 0.28  0.0    6 12.6 23.3      9147
 9148 2021-12-22  6:29     - 54 29  161 26  15.56 0.19  0.0    8 10.4 17.5      9148
 *** DISTANCE & RESIDUAL WEIGHTING CANCELLED FOR EVENT: 2021 12 22  6 36
 9149 2021-12-22  6:36     - 55 19  161 43  15.00 1.18  0.0    4 64.3 39.2      9149
 9150 2021-12-22  6:38       55 14  161 29  21.63 0.08  0.0    6  2.5  4.4      9150
  SEQ ---DATE--- TIME REMARK -LAT-  --LON-  DEPTH  RMS PMAG  NUM  ERH  ERZ  ID
 9151 2021-12-22  7:59     - 55 22  162  5  44.04 0.10  0.0    6  3.6 11.7      9151
 9152 2021-12-22  8:12       55 15  161 57   8.67 0.00  0.0    4  6.7  1.6      9152
 *** DISTANCE & RESIDUAL WEIGHTING CANCELLED FOR EVENT: 2021 12 22  8 48
 9153 2021-12-22  8:48     - 55  5  162 37  15.00 1.09  0.0    4 24.5 85.6      9153
 9154 2021-12-22 10:30     - 55 18  161 58   1.01 1.49  0.0    5 26.6 96.3      9154
 9155 2021-12-22 15:59     - 55 25  161 55  27.21 0.07  0.0    6  2.2 12.2      9155
 9156 2021-12-22 18:31     - 54 49  161  7  34.63 0.17  0.0    8 15.8 12.4      9156
 9157 2021-12-22 18:31     - 54 47  161 11  31.97 0.14  0.0    8 14.8  1.4      9157
 9158 2021-12-22 19:12     - 54 56  162 45  73.76 0.06  0.0    5 13.2  1.5      9158
 *** DISTANCE & RESIDUAL WEIGHTING CANCELLED FOR EVENT: 2021 12 29  0  0
 9159 2021-12-28 23:59     - 55 28  161 50  14.97 0.14  0.0    4  4.3 14.0      9159
 9160 2021-12-29  3:24       54 52  162 48  54.92 0.00  0.0    4  8.2  3.4      9160
 9161 2021-12-29  4:01     - 55 12  162 36   0.97 0.10  0.0    4  5.6 15.1      9161
 *** DISTANCE & RESIDUAL WEIGHTING CANCELLED FOR EVENT: 2021 12 29  4 26
 9162 2021-12-29  4:26     - 55 25  161 56  28.76 0.13  0.0    4 16.7  2.9      9162
 9163 2021-12-29  4:47     - 55  1  163 15  23.47 0.47  0.0    5  9.9 37.3      9163
 *** DISTANCE & RESIDUAL WEIGHTING CANCELLED FOR EVENT: 2021 12 29  6 18
 9164 2021-12-29  6:18     # 54 50  163  1  15.02 0.75  0.0    5 17.7 10.0      9164
 9165 2021-12-29  7:59     - 55 18  161 52  55.67 0.12  0.0    6  6.3 13.0      9165
  SEQ ---DATE--- TIME REMARK -LAT-  --LON-  DEPTH  RMS PMAG  NUM  ERH  ERZ  ID
 9166 2021-12-29 15:59     - 55 25  161 56  14.99 0.07  0.0    5  1.8 12.2      9166
 9167 2021-12-29 17:41     - 54 29  161 44  16.97 0.13  0.0    6  7.3 14.3      9167
 *** DISTANCE & RESIDUAL WEIGHTING CANCELLED FOR EVENT: 2021 12 29 18  6
 9168 2021-12-29 18:06     - 55 18  161 11  15.00 0.27  0.0    4 19.5 14.0      9168
 9169 2021-12-29 18:37     - 55 19  162 56  14.33 0.08  0.0    5  2.7 14.2      9169
 9170 2021-12-29 23:59     - 55 24  161 58  15.02 0.07  0.0    5  1.8 12.9      9170
 9171 2021-12-30  3:09     - 55 13  161 24  11.31 0.14  0.0    4  3.6 15.8      9171
 9172 2021-12-30  4:02     - 55 25  161 43  17.12 0.07  0.0    4 13.6  1.8      9172
 9173 2021-12-30  4:06       55 21  161 36  17.27 0.20  0.0    6  3.9  2.1      9173
 *** DISTANCE & RESIDUAL WEIGHTING CANCELLED FOR EVENT: 2021 12 30  4  7
 9174 2021-12-30  4:06     - 55 40  161  8  15.00 0.69  0.0    4 46.4 35.4      9174
 *** DISTANCE & RESIDUAL WEIGHTING CANCELLED FOR EVENT: 2021 12 30  5 26
 9175 2021-12-30  5:26     - 55 23  161 43  26.17 0.97  0.0    4 72.4 34.5      9175
 *** DISTANCE & RESIDUAL WEIGHTING CANCELLED FOR EVENT: 2021 12 30  6 38
 9176 2021-12-30  6:38     - 55  8  161 24  14.97 0.31  0.0    4  9.8 21.8      9176
 *** DISTANCE & RESIDUAL WEIGHTING CANCELLED FOR EVENT: 2021 12 30  6 45
 9177 2021-12-30  6:45     - 55 11  162 18  11.47 1.01  0.0    4 20.0 62.5      9177
 9178 2021-12-30  6:50     - 55 36  161 31  14.97 0.13  0.0    4 14.8 10.8      9178
 *** DISTANCE & RESIDUAL WEIGHTING CANCELLED FOR EVENT: 2021 12 30  7 49
 9179 2021-12-30  7:49     - 55 20  161 43  15.00 0.83  0.0    4 44.7 35.4      9179
 *** DISTANCE & RESIDUAL WEIGHTING CANCELLED FOR EVENT: 2021 12 30  7 50
 9180 2021-12-30  7:50     - 55 12  161 18  10.96 0.28  0.0    5  7.6 21.3      9180
 *** DISTANCE & RESIDUAL WEIGHTING CANCELLED FOR EVENT: 2021 12 30  7 52
  SEQ ---DATE--- TIME REMARK -LAT-  --LON-  DEPTH  RMS PMAG  NUM  ERH  ERZ  ID
 9181 2021-12-30  7:51     - 55 15  161 18   9.49 0.75  0.0    4 11.2 48.5      9181
 *** DISTANCE & RESIDUAL WEIGHTING CANCELLED FOR EVENT: 2021 12 30  7 55
 9182 2021-12-30  7:55     # 55 19  161 43  15.00 1.20  0.0    5 61.3 35.2      9182
 *** DISTANCE & RESIDUAL WEIGHTING CANCELLED FOR EVENT: 2021 12 30  7 55
 9183 2021-12-30  7:55     - 55 28  161 24  17.57 0.87  0.0    4 70.1 21.5      9183
 *** DISTANCE & RESIDUAL WEIGHTING CANCELLED FOR EVENT: 2021 12 30  8  1
 9184 2021-12-30  8:00     - 55 21  162  3  14.67 0.95  0.0    4 37.0 68.7      9184
 *** DISTANCE & RESIDUAL WEIGHTING CANCELLED FOR EVENT: 2021 12 30  8 55
 9185 2021-12-30  8:55     # 55 19  161 43  15.00 1.27  0.0    5 66.9 33.6      9185
 9186 2021-12-30  9:00       55 17  161 44  17.17 0.00  0.0    4  3.2  1.6      9186
 9187 2021-12-30  9:02     - 55 10  161 30  14.28 0.06  0.0    4  7.6  7.3      9187
 *** DISTANCE & RESIDUAL WEIGHTING CANCELLED FOR EVENT: 2021 12 30  9  4
 9188 2021-12-30  9:03     - 55  3  161  4  14.98 0.55  0.0    4 39.4  7.0      9188
 *** DISTANCE & RESIDUAL WEIGHTING CANCELLED FOR EVENT: 2021 12 30  9  7
 9189 2021-12-30  9:07     # 55 18  161 52  14.42 0.69  0.0    4 18.4 16.4      9189
 9190 2021-12-30  9:18       55  9  161 41  16.81 0.01  0.0    4  5.3  3.3      9190
 9191 2021-12-30  9:22     # 54 55  163 19  15.15 0.43  0.0    5 11.9  6.3      9191
 *** DISTANCE & RESIDUAL WEIGHTING CANCELLED FOR EVENT: 2021 12 30  9 22
 9192 2021-12-30  9:22     - 55 54  162 16  14.97 0.42  0.0    4 16.6 33.3      9192
 *** DISTANCE & RESIDUAL WEIGHTING CANCELLED FOR EVENT: 2021 12 30  9 52
 9193 2021-12-30  9:52     - 55 18  161 46  18.10 0.34  0.0    4 26.6  9.0      9193
 9194 2021-12-30 10:29     - 55 20  161 45   3.92 0.03  0.0    4  8.3  5.1      9194
 9195 2021-12-30 11:28     - 54 60  161 14  15.00 1.67  0.0    5 79.3 31.6      9195
 *** DISTANCE & RESIDUAL WEIGHTING CANCELLED FOR EVENT: 2021 12 30 11 40
  SEQ ---DATE--- TIME REMARK -LAT-  --LON-  DEPTH  RMS PMAG  NUM  ERH  ERZ  ID
 9196 2021-12-30 11:40     - 55 21  162  3  12.96 1.65  0.0    4 92.4 35.5      9196
 *** DISTANCE & RESIDUAL WEIGHTING CANCELLED FOR EVENT: 2021 12 30 11 56
 9197 2021-12-30 11:56     - 55 21  161 49   9.48 0.64  0.0    4 41.0 19.0      9197
 *** DISTANCE & RESIDUAL WEIGHTING CANCELLED FOR EVENT: 2021 12 30 11 58
 9198 2021-12-30 11:58     - 55 20  161 55  14.88 0.38  0.0    4 17.9 27.5      9198
 9199 2021-12-30 13:22       55 20  161 44   9.92 0.01  0.0    4  3.6  2.9      9199
 *** DISTANCE & RESIDUAL WEIGHTING CANCELLED FOR EVENT: 2021 12 30 13 26
 9200 2021-12-30 13:25     - 55 43  161 58  15.00 1.72  0.0    4 89.0 43.3      9200
 9201 2021-12-30 13:25     - 55 27  161  1  44.84 0.14  0.0    9 14.2  6.3      9201
 9202 2021-12-30 13:26     - 55 31  162  4  10.90 0.08  0.0    4  2.0 10.4      9202
 *** DISTANCE & RESIDUAL WEIGHTING CANCELLED FOR EVENT: 2021 12 30 14 39
 9203 2021-12-30 14:39     # 55 21  162 17  15.00 1.30  0.0    4 52.2 45.8      9203
 *** DISTANCE & RESIDUAL WEIGHTING CANCELLED FOR EVENT: 2021 12 30 14 43
 9204 2021-12-30 14:43     - 55 27  161 22   9.60 0.43  0.0    4 35.8 28.6      9204
 9205 2021-12-30 15:59     - 54 54  161  6  28.03 0.07  0.0    4  6.6 13.5      9205
 9206 2021-12-30 16:14     - 55 28  161 23   7.50 0.60  0.0    4 44.5 47.2      9206
 *** DISTANCE & RESIDUAL WEIGHTING CANCELLED FOR EVENT: 2021 12 30 16 16
 9207 2021-12-30 16:16     - 55 32  162 35  15.00 0.75  0.0    4 22.6 52.8      9207
 9208 2021-12-30 18:59       55 20  161 35   9.25 0.00  0.0    4  3.5  4.3      9208
 *** DISTANCE & RESIDUAL WEIGHTING CANCELLED FOR EVENT: 2021 12 30 20 35
 9209 2021-12-30 20:35     # 55 16  161 38  14.97 0.79  0.0    4 17.1  9.4      9209
 9210 2021-12-30 20:47     - 54 28  161 54  18.54 0.20  0.0   15  1.5 19.8      9210
  SEQ ---DATE--- TIME REMARK -LAT-  --LON-  DEPTH  RMS PMAG  NUM  ERH  ERZ  ID
 9211 2021-12-30 21:34     - 54 27  161 55  19.47 0.12  0.0    9  1.9 15.2      9211
 9212 2021-12-30 22:00     - 55 17  161 40  11.79 0.01  0.0    4 12.5  2.2      9212
 *** DISTANCE & RESIDUAL WEIGHTING CANCELLED FOR EVENT: 2021 12 30 22 32
 9213 2021-12-30 22:32     # 55 18  161 25  15.04 0.92  0.0    4 20.4 46.7      9213
 9214 2021-12-30 23:37     - 54 37  163 19  15.73 0.11  0.0    8  6.9 14.0      9214
 9215 2021-12-30 23:38       55 11  162  7   4.28 0.00  0.0    4  5.4  3.2      9215
 *** DISTANCE & RESIDUAL WEIGHTING CANCELLED FOR EVENT: 2021 12 31  2 22
 9216 2021-12-31  2:22     - 55 17  162  3  15.00 1.06  0.0    4 64.9 18.6      9216
 9217 2021-12-31  2:33       55 21  161 32  14.82 0.07  0.0    5  4.3  4.0      9217
 9218 2021-12-31  5:09     - 55 19  161 35   6.59 0.05  0.0    4  3.1 13.1      9218
 *** DISTANCE & RESIDUAL WEIGHTING CANCELLED FOR EVENT: 2021 12 31  6 30
 9219 2021-12-31  6:30     - 55 21  161 57   0.19 0.99  0.0    5 11.3 61.5      9219
 9220 2021-12-31  6:33     - 54 44  162 31  17.01 0.23  0.0    4 10.8 23.0      9220
 *** DISTANCE & RESIDUAL WEIGHTING CANCELLED FOR EVENT: 2021 12 31  7 40
 9221 2021-12-31  7:40     # 55 17  161 42   7.21 0.85  0.0    4  8.8 13.3      9221
 9222 2021-12-31  7:44     - 55 13  161 21   9.05 0.18  0.0    5 18.2 15.4      9222
 9223 2021-12-31  7:59     - 55 23  161 55  14.99 0.01  0.0    4  1.7  9.9      9223
 *** DISTANCE & RESIDUAL WEIGHTING CANCELLED FOR EVENT: 2021 12 31  9  2
 9224 2021-12-31  9:01     - 54 43  162 56  14.99 0.29  0.0    4 19.3 24.7      9224
 *** DISTANCE & RESIDUAL WEIGHTING CANCELLED FOR EVENT: 2021 12 31  9  8
 9225 2021-12-31  9:07     - 55 27  161 37   6.51 0.30  0.0    4 25.4 26.2      9225
 *** DISTANCE & RESIDUAL WEIGHTING CANCELLED FOR EVENT: 2021 12 31 11 15
  SEQ ---DATE--- TIME REMARK -LAT-  --LON-  DEPTH  RMS PMAG  NUM  ERH  ERZ  ID
 9226 2021-12-31 11:15     - 55 15  161 39  14.99 0.59  0.0    4 38.6 23.3      9226
 *** DISTANCE & RESIDUAL WEIGHTING CANCELLED FOR EVENT: 2021 12 31 11 17
 9227 2021-12-31 11:17     - 55 18  161 42  15.00 0.81  0.0    4 68.9  6.0      9227
 *** DISTANCE & RESIDUAL WEIGHTING CANCELLED FOR EVENT: 2021 12 31 12 55
 9228 2021-12-31 12:55     - 55 24  161 48   0.33 0.06  0.0    4  1.1 12.4      9228
 *** DISTANCE & RESIDUAL WEIGHTING CANCELLED FOR EVENT: 2021 12 31 13 22
 9229 2021-12-31 13:22     - 55 27  161 55   2.14 0.24  0.0    4  3.0 18.1      9229
 9230 2021-12-31 14:47     - 55 32  161 30  14.82 0.38  0.0    5  9.7 26.8      9230
 *** DISTANCE & RESIDUAL WEIGHTING CANCELLED FOR EVENT: 2021 12 31 14 49
 9231 2021-12-31 14:49     - 55 24  161 51   0.08 0.31  0.0    4  1.3 28.3      9231
 9232 2021-12-31 14:51     - 55 18  161 36  10.57 0.05  0.0    5  9.6  5.5      9232
 *** DISTANCE & RESIDUAL WEIGHTING CANCELLED FOR EVENT: 2021 12 31 15 30
 9233 2021-12-31 15:30     - 55 20  162 31  14.29 0.32  0.0    4 26.6 19.8      9233
 9234 2021-12-31 16:30     - 55 15  161 18  15.00 0.02  0.0    4  4.6 10.0      9234
 *** DISTANCE & RESIDUAL WEIGHTING CANCELLED FOR EVENT: 2021 12 31 16 49
 9235 2021-12-31 16:49     - 55  4  161 40  14.98 0.90  0.0    4 72.0 47.8      9235
 9236 2021-12-31 17:02     - 55 12  161 15  15.00 0.13  0.0    6 15.4 10.2      9236
 9237 2021-12-31 17:09     # 55 18  161 35   6.02 0.04  0.0    5  3.0  0.9      9237
Note: The following floating-point exceptions are signalling: IEEE_UNDERFLOW_FLAG
 9238 2021-12-31 17:37       54 40  162 38  11.40 0.15  0.0   10  2.6  7.9      9238
 9239 2021-12-31 18:19     - 55 22  161 34   6.52 0.12  0.0    4  2.0 15.5      9239
 9240 2021-12-31 18:23     - 55 36  160 47  17.45 0.09  0.0    5  2.9 14.7      9240
 *** DISTANCE & RESIDUAL WEIGHTING CANCELLED FOR EVENT: 2021 12 31 19 24
  SEQ ---DATE--- TIME REMARK -LAT-  --LON-  DEPTH  RMS PMAG  NUM  ERH  ERZ  ID
 9241 2021-12-31 19:23     - 55  8  161 32  11.26 1.14  0.0    5 91.8 52.3      9241
 9242 2021-12-31 19:24     - 55 33  160 37  14.73 0.33  0.0    4 17.5 26.9      9242
 *** DISTANCE & RESIDUAL WEIGHTING CANCELLED FOR EVENT: 2021 12 31 19 26
 9243 2021-12-31 19:26     - 55 25  161 27  14.99 0.35  0.0    4 27.0 17.1      9243
 *** DISTANCE & RESIDUAL WEIGHTING CANCELLED FOR EVENT: 2021 12 31 19 31
 9244 2021-12-31 19:31     # 55 23  161 44   6.35 0.55  0.0    6 12.5  4.4      9244
 9245 2021-12-31 20:37     - 55 13  162  9  43.76 0.28  0.0    4 15.7 21.1      9245
 *** DISTANCE & RESIDUAL WEIGHTING CANCELLED FOR EVENT: 2021 12 31 20 39
 9246 2021-12-31 20:39     - 55 22  162  2  14.82 0.34  0.0    4 10.3 26.1      9246
 *** DISTANCE & RESIDUAL WEIGHTING CANCELLED FOR EVENT: 2021 12 31 20 45
 9247 2021-12-31 20:45     - 55 12  162 20  15.00 0.92  0.0    5 71.0 48.9      9247
 9248 2021-12-31 20:47     - 55 26  161 33   6.85 0.29  0.0    4  8.3 26.0      9248
 *** DISTANCE & RESIDUAL WEIGHTING CANCELLED FOR EVENT: 2021 12 31 20 49
 9249 2021-12-31 20:49     - 55 21  162  5   0.08 0.60  0.0    4 22.3 41.7      9249
 9250 2021-12-31 21:31     - 54 54  161 33  22.14 0.09  0.0    4 13.9  5.9      9250
 *** DISTANCE & RESIDUAL WEIGHTING CANCELLED FOR EVENT: 2021 12 31 22  5
 9251 2021-12-31 22:05     - 55 20  161 48  15.09 0.60  0.0    5 27.8 39.5      9251
 9252 2021-12-31 23:10     - 54 54  162 33  12.18 0.11  0.0   10 13.7  5.0      9252
 9253 2021-12-31 23:10     - 54 59  162  5  13.56 0.15  0.0    6 14.0  6.9      9253
 *** DISTANCE & RESIDUAL WEIGHTING CANCELLED FOR EVENT: 2021 12 31 23 15
 9254 2021-12-31 23:15     - 55 36  163  7  15.00 0.60  0.0    4 22.5 46.1      9254
 *** DISTANCE & RESIDUAL WEIGHTING CANCELLED FOR EVENT: 2021 12 31 23 17
 9255 2021-12-31 23:17     # 55 19  161 35  16.69 0.34  0.0    7  6.8  5.2      9255
  SEQ ---DATE--- TIME REMARK -LAT-  --LON-  DEPTH  RMS PMAG  NUM  ERH  ERZ  ID
 9256 2021-12-31 23:23     - 55 28  162 15   6.76 0.06  0.0    4  9.9 13.2      9256
 9257 2021-12-31 23:28       55 16  161 30  28.03 0.01  0.0    4  5.3  6.3      9257
