id,timestamp,type,prob,phase_amplitude,event_idx,prob_gamma,event_id
AV.DEER..BH,2021-07-29T08:00:03.660000,P,0.577,2.7636495360638943e-05,2,0.0012135427256117,20210729T080000_2
AV.DEER..BH,2021-07-29T08:03:37.640000,P,0.471,1.6098618289106525e-05,4,0.0012135427256117,20210729T080000_4
AV.DEER..BH,2021-07-29T08:08:02.440000,P,0.454,1.1814833669632208e-05,6,0.0012135427256117,20210729T080000_6
AV.DEER..BH,2021-07-29T08:09:46.280000,P,0.393,1.31468605104601e-05,7,0.0012135427256117,20210729T080000_7
AV.DEER..BH,2021-07-29T08:10:17.880000,P,0.539,1.6105152099044062e-05,-1,-1.0,20210729T080000_-1
AV.DEER..BH,2021-07-29T08:14:10.680000,P,0.746,1.4387817827810068e-05,-1,-1.0,20210729T080000_-1
AV.DEER..BH,2021-07-29T08:14:59.080000,P,0.719,1.8922732124337927e-05,-1,-1.0,20210729T080000_-1
AV.DEER..BH,2021-07-29T08:16:35.340000,P,0.903,1.8066357370116748e-05,13,0.0012135427256117,20210729T080000_13
AV.DEER..BH,2021-07-29T08:18:27.980000,P,0.827,1.5078556316439062e-05,-1,-1.0,20210729T080000_-1
AV.DEER..BH,2021-07-29T08:26:15.020000,P,0.821,1.3446093362290412e-05,17,0.0012135427256117,20210729T080000_17
AV.DEER..BH,2021-07-29T08:33:43.000000,P,0.569,1.5259325664374046e-05,20,0.0012135427256117,20210729T080000_20
AV.DEER..BH,2021-07-29T08:40:07.240000,P,0.58,1.084706855181139e-05,21,0.0012135427256117,20210729T080000_21
AV.DEER..BH,2021-07-29T08:41:01.800000,P,0.642,1.1133674888696987e-05,22,0.0012135427256117,20210729T080000_22
AV.DEER..BH,2021-07-29T08:52:10.860000,P,0.358,1.062221053871326e-05,-1,-1.0,20210729T080000_-1
AV.DEER..BH,2021-07-29T08:59:02.920000,P,0.387,5.233102911006426e-06,30,0.0012135427256117,20210729T080000_30
AV.DEER..BH,2021-07-29T09:08:34.280000,P,0.67,4.143415480939439e-06,31,0.0012135427256117,20210729T080000_31
AV.DEER..BH,2021-07-29T09:14:49.500000,P,0.542,3.529421519488096e-06,-1,-1.0,20210729T080000_-1
AV.DEER..BH,2021-07-29T09:17:52.600000,P,0.735,5.4199945225263946e-06,33,0.0012135427256117,20210729T080000_33
AV.DEER..BH,2021-07-29T09:23:38.840000,P,0.64,3.659669346234296e-06,35,0.0012135427256117,20210729T080000_35
AV.DEER..BH,2021-07-29T09:27:03.340000,P,0.352,4.045997229695786e-06,36,0.0012135427256117,20210729T080000_36
AV.DEER..BH,2021-07-29T09:27:44.440000,P,0.345,3.960650246881414e-06,-1,-1.0,20210729T080000_-1
AV.DEER..BH,2021-07-29T09:29:05.900000,P,0.652,1.3683815268450417e-05,37,0.0012135427256117,20210729T080000_37
AV.DEER..BH,2021-07-29T09:38:47.420000,P,0.681,5.430620603874559e-06,42,0.0012135427256117,20210729T080000_42
AV.DEER..BH,2021-07-29T09:44:01.480000,P,0.642,2.324965635125409e-06,44,0.0012135427256117,20210729T080000_44
AV.DEER..BH,2021-07-29T09:45:29.960000,P,0.437,1.94966264643881e-06,46,0.0012135427256117,20210729T080000_46
AV.DEER..BH,2021-07-29T09:51:34.860000,P,0.477,1.90959804058366e-06,-1,-1.0,20210729T080000_-1
AV.DEER..BH,2021-07-29T09:53:06.360000,P,0.942,5.891110959055368e-06,48,0.0012135427256117,20210729T080000_48
AV.DEER..BH,2021-07-29T09:53:26.200000,P,0.328,4.638134214474121e-06,-1,-1.0,20210729T080000_-1
AV.DEER..BH,2021-07-29T09:54:28.760000,P,0.761,7.507412192353513e-06,49,0.0012135427256117,20210729T080000_49
AV.DEER..BH,2021-07-29T09:59:23.500000,P,0.584,6.239068625291111e-06,52,0.0012135427256117,20210729T080000_52
AV.DEER..BH,2021-07-29T10:00:05.580000,P,0.331,6.480760930571705e-06,53,0.0012135427256117,20210729T080000_53
AV.DEER..BH,2021-07-29T10:02:25.600000,P,0.705,3.1604226933268365e-06,54,0.0012135427256117,20210729T080000_54
AV.DEER..BH,2021-07-29T10:02:54.620000,P,0.545,3.56939312950999e-06,55,0.0012135427256117,20210729T080000_55
AV.DEER..BH,2021-07-29T10:04:38.760000,P,0.421,2.089374447677983e-06,-1,-1.0,20210729T080000_-1
AV.DEER..BH,2021-07-29T10:05:52.680000,P,0.352,2.0809775378438644e-06,56,0.0012135427256117,20210729T080000_56
AV.DEER..BH,2021-07-29T10:08:41.120000,P,0.406,2.005653414016706e-06,59,0.0012135427256117,20210729T080000_59
AV.DEER..BH,2021-07-29T10:09:11.000000,P,0.373,2.988117785207578e-06,-1,-1.0,20210729T080000_-1
AV.DEER..BH,2021-07-29T10:14:07.020000,P,0.366,2.358073061259347e-06,60,0.0012135427256117,20210729T080000_60
AV.DEER..BH,2021-07-29T10:14:41.760000,P,0.327,2.4432615646219347e-06,-1,-1.0,20210729T080000_-1
AV.DEER..BH,2021-07-29T10:16:38.160000,P,0.565,1.8070514897772227e-06,61,0.0012135427256117,20210729T080000_61
AV.DEER..BH,2021-07-29T10:20:49.420000,P,0.472,1.8176352796217543e-06,65,0.0012135427256117,20210729T080000_65
AV.DEER..BH,2021-07-29T10:21:25.160000,P,0.421,2.193733507738216e-06,66,0.0012135427256117,20210729T080000_66
AV.DEER..BH,2021-07-29T10:23:04.120000,P,0.369,5.736050070481724e-07,-1,-1.0,20210729T080000_-1
AV.DEER..BH,2021-07-29T10:23:04.760000,P,0.497,1.4859734847050277e-06,67,0.0012135427256117,20210729T080000_67
AV.DEER..BH,2021-07-29T10:23:40.280000,P,0.609,2.5386746074218536e-06,68,0.0012135427256117,20210729T080000_68
AV.DEER..BH,2021-07-29T10:24:57.820000,P,0.574,1.6390195014537312e-06,69,0.0012135427256117,20210729T080000_69
AV.DEER..BH,2021-07-29T10:27:41.260000,P,0.66,3.3558735594851896e-06,70,0.0012135427256117,20210729T080000_70
AV.DEER..BH,2021-07-29T10:29:47.420000,P,0.485,2.4974672214739257e-06,-1,-1.0,20210729T080000_-1
AV.DEER..BH,2021-07-29T10:35:07.500000,P,0.354,2.2669119061902165e-06,-1,-1.0,20210729T080000_-1
AV.DEER..BH,2021-07-29T10:38:45.080000,P,0.843,1.3944019201517222e-06,72,0.0012135427256117,20210729T080000_72
AV.DEER..BH,2021-07-29T10:50:56.300000,P,0.986,4.935291144647636e-06,74,0.0012135427256117,20210729T080000_74
AV.DEER..BH,2021-07-29T10:54:46.760000,P,0.665,1.6419063513239962e-06,-1,-1.0,20210729T080000_-1
AV.DEER..BH,2021-07-29T11:02:27.560000,P,0.342,1.5837131286389194e-06,-1,-1.0,20210729T080000_-1
AV.DEER..BH,2021-07-29T11:05:40.520000,P,0.742,1.828491008382116e-06,80,0.0012135427256117,20210729T080000_80
AV.DEER..BH,2021-07-29T11:06:12.940000,P,0.747,7.2939910751301795e-06,-1,-1.0,20210729T080000_-1
AV.DEER..BH,2021-07-29T11:09:30.600000,P,0.946,4.4485927901405375e-06,81,0.0012135427256117,20210729T080000_81
AV.DEER..BH,2021-07-29T11:10:04.160000,P,0.734,2.1313864635885693e-05,82,0.0012135427256117,20210729T080000_82
AV.DEER..BH,2021-07-29T11:11:52.820000,P,0.847,3.174264520566794e-06,-1,-1.0,20210729T080000_-1
AV.DEER..BH,2021-07-29T11:21:17.180000,P,0.427,9.411726296093548e-07,-1,-1.0,20210729T080000_-1
AV.DEER..BH,2021-07-29T11:24:12.420000,P,0.97,6.311597644526046e-06,85,0.0012135427256117,20210729T080000_85
AV.DEER..BH,2021-07-29T11:30:04.380000,P,0.908,2.1429923435789533e-06,87,0.0012135427256117,20210729T080000_87
AV.DEER..BH,2021-07-29T11:42:15.160000,P,0.383,1.1727654509741114e-06,90,0.0012135427256117,20210729T080000_90
AV.DEER..BH,2021-07-29T11:42:49.360000,P,0.608,3.115102117590141e-06,91,0.0012135427256117,20210729T080000_91
AV.DEER..BH,2021-07-29T11:48:38.220000,P,0.661,1.630331667001883e-06,92,0.0012135427256117,20210729T080000_92
AV.DEER..BH,2021-07-29T11:57:28.100000,P,0.817,1.7075740288419183e-06,-1,-1.0,20210729T080000_-1
AV.DEER..BH,2021-07-29T12:19:12.300000,P,0.658,4.81476627101074e-06,-1,-1.0,20210729T080000_-1
AV.DEER..BH,2021-07-29T12:24:54.200000,P,0.838,1.9796536889771232e-06,99,0.0012135427256117,20210729T080000_99
AV.DEER..BH,2021-07-29T12:29:05.000000,P,0.809,1.809817376852152e-06,-1,-1.0,20210729T080000_-1
AV.DEER..BH,2021-07-29T12:29:37.740000,P,0.392,6.963315172470175e-06,-1,-1.0,20210729T080000_-1
AV.DEER..BH,2021-07-29T12:32:56.540000,P,0.77,1.3774707667835171e-06,100,0.0012135427256117,20210729T080000_100
AV.DEER..BH,2021-07-29T12:37:21.520000,P,0.568,1.2528776096587535e-06,-1,-1.0,20210729T080000_-1
AV.DEER..BH,2021-07-29T12:43:28.980000,P,0.96,5.855180461367127e-06,-1,-1.0,20210729T080000_-1
AV.DEER..BH,2021-07-29T12:52:30.000000,P,0.72,1.7529994238429936e-06,-1,-1.0,20210729T080000_-1
AV.DEER..BH,2021-07-29T13:03:50.620000,P,0.493,1.0588134955469286e-06,-1,-1.0,20210729T080000_-1
AV.DEER..BH,2021-07-29T13:15:31.280000,P,0.66,2.798295554384822e-06,-1,-1.0,20210729T080000_-1
AV.DEER..BH,2021-07-29T13:18:44.220000,P,0.831,3.445034053584095e-06,-1,-1.0,20210729T080000_-1
AV.DEER..BH,2021-07-29T13:19:26.080000,P,0.6,9.23668540053768e-06,-1,-1.0,20210729T080000_-1
AV.DEER..BH,2021-07-29T13:21:54.400000,P,0.316,1.5478645991606754e-06,-1,-1.0,20210729T080000_-1
AV.DEER..BH,2021-07-29T13:31:10.520000,P,0.689,1.3921242043579696e-06,-1,-1.0,20210729T080000_-1
AV.DEER..BH,2021-07-29T13:31:53.960000,P,0.887,2.4909720650612144e-06,-1,-1.0,20210729T080000_-1
AV.DEER..BH,2021-07-29T13:36:14.440000,P,0.415,8.46388843456225e-07,-1,-1.0,20210729T080000_-1
AV.DEER..BH,2021-07-29T13:48:57.340000,P,0.841,1.3252232520244434e-06,-1,-1.0,20210729T080000_-1
AV.DEER..BH,2021-07-29T14:02:54.700000,P,0.51,8.15999953829305e-07,-1,-1.0,20210729T080000_-1
AV.DEER..BH,2021-07-29T14:04:18.840000,P,0.398,2.31622993851488e-06,-1,-1.0,20210729T080000_-1
AV.DEER..BH,2021-07-29T14:08:30.460000,P,0.415,8.807924132270273e-07,-1,-1.0,20210729T080000_-1
AV.DEER..BH,2021-07-29T14:09:33.420000,P,0.513,1.974489805434132e-06,-1,-1.0,20210729T080000_-1
AV.DEER..BH,2021-07-29T14:17:29.560000,P,0.843,1.3768310509476578e-06,-1,-1.0,20210729T080000_-1
AV.DEER..BH,2021-07-29T14:21:02.800000,P,0.418,7.767253578094824e-07,-1,-1.0,20210729T080000_-1
AV.DEER..BH,2021-07-29T14:44:24.400000,P,0.496,1.1955193031099045e-06,-1,-1.0,20210729T080000_-1
AV.DEER..BH,2021-07-29T14:48:45.080000,P,0.862,1.1704887583618984e-06,-1,-1.0,20210729T080000_-1
AV.DEER..BH,2021-07-29T14:50:08.520000,P,0.369,1.0529023484195932e-06,-1,-1.0,20210729T080000_-1
AV.DEER..BH,2021-07-29T14:53:17.240000,P,0.447,1.0789115094667068e-06,-1,-1.0,20210729T080000_-1
AV.DEER..BH,2021-07-29T14:57:12.620000,P,0.613,7.649815074728394e-07,-1,-1.0,20210729T080000_-1
AV.DEER..BH,2021-07-29T14:58:46.840000,P,0.762,1.057228359968576e-06,-1,-1.0,20210729T080000_-1
AV.DEER..BH,2021-07-29T14:59:30.000000,P,0.456,3.096607088082237e-06,-1,-1.0,20210729T080000_-1
AV.DEER..BH,2021-07-29T15:11:15.140000,P,0.934,1.385482960358786e-06,-1,-1.0,20210729T080000_-1
AV.DEER..BH,2021-07-29T15:14:03.500000,P,0.86,1.4832304486844803e-06,-1,-1.0,20210729T080000_-1
AV.DEER..BH,2021-07-29T15:14:39.680000,P,0.497,2.530769279474044e-06,-1,-1.0,20210729T080000_-1
AV.DEER..BH,2021-07-29T15:30:32.800000,P,0.549,1.2730716889564064e-06,-1,-1.0,20210729T080000_-1
AV.DEER..BH,2021-07-29T15:55:13.000000,P,0.902,9.110149221669416e-07,-1,-1.0,20210729T080000_-1
AV.DEER..BH,2021-07-29T08:00:12.260000,S,0.452,2.7636495360638943e-05,1,0.0012135427256117,20210729T080000_1
AV.DEER..BH,2021-07-29T08:04:17.340000,S,0.498,2.011031574511435e-05,5,0.0012135427256117,20210729T080000_5
AV.DEER..BH,2021-07-29T08:10:35.040000,S,0.522,2.039069840975572e-05,8,0.0012135427256117,20210729T080000_8
AV.DEER..BH,2021-07-29T08:11:16.520000,S,0.334,4.8398025683127344e-05,9,0.0012135427256117,20210729T080000_9
AV.DEER..BH,2021-07-29T08:16:44.280000,S,0.546,7.1517019932798576e-06,-1,-1.0,20210729T080000_-1
AV.DEER..BH,2021-07-29T08:16:44.960000,S,0.349,1.4962965906306636e-05,-1,-1.0,20210729T080000_-1
AV.DEER..BH,2021-07-29T08:17:12.280000,S,0.334,1.769994560163468e-05,14,0.0012135427256117,20210729T080000_14
AV.DEER..BH,2021-07-29T08:18:38.900000,S,0.66,9.606778803572524e-06,-1,-1.0,20210729T080000_-1
AV.DEER..BH,2021-07-29T08:26:28.840000,S,0.307,1.1081646334787363e-05,17,0.0003782707838692,20210729T080000_17
AV.DEER..BH,2021-07-29T08:40:14.220000,S,0.415,1.2696575140580537e-05,-1,-1.0,20210729T080000_-1
AV.DEER..BH,2021-07-29T08:41:36.040000,S,0.691,1.879613955679816e-05,24,0.0012135427256117,20210729T080000_24
AV.DEER..BH,2021-07-29T08:56:46.520000,S,0.457,2.005662645387929e-05,27,0.0012135427256117,20210729T080000_27
AV.DEER..BH,2021-07-29T08:59:10.780000,S,0.449,9.354312169307375e-06,30,0.0003782707838692,20210729T080000_30
AV.DEER..BH,2021-07-29T09:15:37.320000,S,0.34,5.64668243896449e-06,-1,-1.0,20210729T080000_-1
AV.DEER..BH,2021-07-29T09:23:49.480000,S,0.417,3.0140593025862472e-06,35,0.0003782707838692,20210729T080000_35
AV.DEER..BH,2021-07-29T09:29:44.040000,S,0.415,7.122880924725905e-05,38,0.0012135427256117,20210729T080000_38
AV.DEER..BH,2021-07-29T09:38:54.780000,S,0.404,5.557396889344091e-06,-1,-1.0,20210729T080000_-1
AV.DEER..BH,2021-07-29T09:39:40.920000,S,0.497,4.6703435145900585e-06,43,0.0012135427256117,20210729T080000_43
AV.DEER..BH,2021-07-29T09:45:48.540000,S,0.324,2.913082653321908e-06,-1,-1.0,20210729T080000_-1
AV.DEER..BH,2021-07-29T09:53:59.220000,S,0.536,7.585267667309381e-06,-1,-1.0,20210729T080000_-1
AV.DEER..BH,2021-07-29T10:03:02.400000,S,0.759,4.344438366388204e-06,55,0.0003782707838692,20210729T080000_55
AV.DEER..BH,2021-07-29T10:06:37.000000,S,0.307,2.932357801910257e-06,-1,-1.0,20210729T080000_-1
AV.DEER..BH,2021-07-29T10:08:53.960000,S,0.331,2.0440243133634795e-06,59,0.0003782707838692,20210729T080000_59
AV.DEER..BH,2021-07-29T10:17:09.560000,S,0.508,5.335674813977676e-06,-1,-1.0,20210729T080000_-1
AV.DEER..BH,2021-07-29T10:18:30.940000,S,0.7,4.327395799919032e-06,64,0.0012135427256117,20210729T080000_64
AV.DEER..BH,2021-07-29T10:23:49.160000,S,0.305,2.8613662834686693e-06,68,0.0003782707838692,20210729T080000_68
AV.DEER..BH,2021-07-29T10:27:49.120000,S,0.495,3.3558735594851896e-06,-1,-1.0,20210729T080000_-1
AV.DEER..BH,2021-07-29T10:28:15.880000,S,0.384,4.705137143901084e-06,71,0.0012135427256117,20210729T080000_71
AV.DEER..BH,2021-07-29T10:38:53.440000,S,0.354,1.3685609019375988e-06,-1,-1.0,20210729T080000_-1
AV.DEER..BH,2021-07-29T10:51:08.380000,S,0.91,7.102637482603313e-06,75,0.0012135427256117,20210729T080000_75
AV.DEER..BH,2021-07-29T10:59:51.080000,S,0.436,2.2851450012240093e-06,79,0.0012135427256117,20210729T080000_79
AV.DEER..BH,2021-07-29T11:06:20.600000,S,0.302,7.2939910751301795e-06,-1,-1.0,20210729T080000_-1
AV.DEER..BH,2021-07-29T11:09:37.120000,S,0.475,6.071798452467192e-06,-1,-1.0,20210729T080000_-1
AV.DEER..BH,2021-07-29T11:12:09.520000,S,0.582,3.250313739044941e-06,-1,-1.0,20210729T080000_-1
AV.DEER..BH,2021-07-29T11:17:52.160000,S,0.309,2.3367051653622184e-06,84,0.0012135427256117,20210729T080000_84
AV.DEER..BH,2021-07-29T11:24:22.200000,S,0.919,6.311597644526046e-06,85,0.0003782707838692,20210729T080000_85
AV.DEER..BH,2021-07-29T11:31:20.240000,S,0.571,4.4515168156067375e-06,89,0.0012135427256117,20210729T080000_89
AV.DEER..BH,2021-07-29T11:43:01.880000,S,0.426,5.258865257928846e-06,91,0.0003782707838692,20210729T080000_91
AV.DEER..BH,2021-07-29T11:49:18.840000,S,0.351,6.921209660504246e-06,93,0.0012135427256117,20210729T080000_93
AV.DEER..BH,2021-07-29T12:19:20.740000,S,0.602,4.81476627101074e-06,-1,-1.0,20210729T080000_-1
AV.DEER..BH,2021-07-29T12:25:07.040000,S,0.387,2.952423074020772e-06,99,0.0003782707838692,20210729T080000_99
AV.DEER..BH,2021-07-29T12:33:45.960000,S,0.383,4.4470471038948745e-06,-1,-1.0,20210729T080000_-1
AV.DEER..BH,2021-07-29T12:37:34.120000,S,0.337,1.0513144843571354e-06,-1,-1.0,20210729T080000_-1
AV.DEER..BH,2021-07-29T12:43:34.160000,S,0.701,7.5518855737755075e-06,-1,-1.0,20210729T080000_-1
AV.DEER..BH,2021-07-29T12:53:01.240000,S,0.424,6.3811098698352e-06,-1,-1.0,20210729T080000_-1
AV.DEER..BH,2021-07-29T13:18:54.680000,S,0.452,4.795869244844653e-06,-1,-1.0,20210729T080000_-1
AV.DEER..BH,2021-07-29T14:04:24.620000,S,0.455,2.31622993851488e-06,-1,-1.0,20210729T080000_-1
AV.DEER..BH,2021-07-29T14:50:33.920000,S,0.561,2.2859735508973245e-06,-1,-1.0,20210729T080000_-1
AV.DEER..BH,2021-07-29T14:53:47.840000,S,0.566,2.303895598743111e-06,-1,-1.0,20210729T080000_-1
AV.DEER..BH,2021-07-29T15:00:19.440000,S,0.324,3.4352829061390366e-06,-1,-1.0,20210729T080000_-1
AV.DEER..BH,2021-07-29T15:11:25.260000,S,0.661,1.385482960358786e-06,-1,-1.0,20210729T080000_-1
AV.DEER..BH,2021-07-29T15:14:12.860000,S,0.726,1.4832304486844803e-06,-1,-1.0,20210729T080000_-1
AV.DEER..BH,2021-07-29T15:14:50.240000,S,0.447,5.090435024612816e-06,-1,-1.0,20210729T080000_-1
AV.DEER..BH,2021-07-29T15:31:04.120000,S,0.451,4.743693352793343e-06,-1,-1.0,20210729T080000_-1
AV.DEER..BH,2021-07-29T15:55:26.560000,S,0.483,1.6935554185693036e-06,-1,-1.0,20210729T080000_-1
AV.DOL..BH,2021-07-29T08:00:00.020000,P,0.72,5.839268851559609e-05,1,0.0003782707838692,20210729T080000_1
AV.DOL..BH,2021-07-29T08:02:19.800000,P,0.327,1.5071531379362568e-05,-1,-1.0,20210729T080000_-1
AV.DOL..BH,2021-07-29T08:03:33.820000,P,0.867,2.5613129764678888e-05,3,0.0012135427256117,20210729T080000_3
AV.DOL..BH,2021-07-29T08:09:39.600000,P,0.333,2.072947972919792e-05,7,0.0003782707838692,20210729T080000_7
AV.DOL..BH,2021-07-29T08:13:36.040000,P,0.703,9.269309884984978e-06,10,0.0012135427256117,20210729T080000_10
AV.DOL..BH,2021-07-29T08:14:28.800000,P,0.548,1.1297182936687022e-05,11,0.0012135427256117,20210729T080000_11
AV.DOL..BH,2021-07-29T08:16:31.560000,P,0.626,3.1397019483847544e-05,13,0.0003782707838692,20210729T080000_13
AV.DOL..BH,2021-07-29T08:25:53.260000,P,0.65,1.0252988431602716e-05,16,0.0012135427256117,20210729T080000_16
AV.DOL..BH,2021-07-29T08:30:46.460000,P,0.564,6.671662958979141e-06,-1,-1.0,20210729T080000_-1
AV.DOL..BH,2021-07-29T08:30:47.440000,P,0.414,4.832980721403146e-06,18,0.0012135427256117,20210729T080000_18
AV.DOL..BH,2021-07-29T08:40:02.140000,P,0.318,1.91629496839596e-05,21,0.0003782707838692,20210729T080000_21
AV.DOL..BH,2021-07-29T08:40:57.900000,P,0.932,1.7218102584592998e-05,22,0.0003782707838692,20210729T080000_22
AV.DOL..BH,2021-07-29T08:55:25.580000,P,0.618,4.425079623615602e-06,25,0.0012135427256117,20210729T080000_25
AV.DOL..BH,2021-07-29T08:56:02.400000,P,0.482,1.151638753071893e-05,26,0.0012135427256117,20210729T080000_26
AV.DOL..BH,2021-07-29T08:56:32.280000,P,0.465,3.521955295582302e-05,27,0.0003782707838692,20210729T080000_27
AV.DOL..BH,2021-07-29T08:58:26.540000,P,0.379,8.250973223766778e-06,29,0.0012135427256117,20210729T080000_29
AV.DOL..BH,2021-07-29T09:08:30.740000,P,0.949,6.262956048885826e-06,31,0.0003782707838692,20210729T080000_31
AV.DOL..BH,2021-07-29T09:17:49.020000,P,0.877,5.457339739223244e-06,33,0.0003782707838692,20210729T080000_33
AV.DOL..BH,2021-07-29T09:23:34.700000,P,0.955,4.144078957324382e-06,35,0.0001416959883637,20210729T080000_35
AV.DOL..BH,2021-07-29T09:26:59.900000,P,0.577,4.163095582043752e-06,36,0.0003782707838692,20210729T080000_36
AV.DOL..BH,2021-07-29T09:27:37.440000,P,0.322,4.981092388334218e-06,-1,-1.0,20210729T080000_-1
AV.DOL..BH,2021-07-29T09:29:01.740000,P,0.91,3.620885399868712e-05,37,0.0003782707838692,20210729T080000_37
AV.DOL..BH,2021-07-29T09:38:12.700000,P,0.431,7.776786333124619e-06,41,0.0012135427256117,20210729T080000_41
AV.DOL..BH,2021-07-29T09:45:25.920000,P,0.551,2.910163857450243e-06,46,0.0003782707838692,20210729T080000_46
AV.DOL..BH,2021-07-29T09:53:02.300000,P,0.944,9.666490768722724e-06,48,0.0003782707838692,20210729T080000_48
AV.DOL..BH,2021-07-29T09:54:24.440000,P,0.336,7.00625014360412e-06,49,0.0003782707838692,20210729T080000_49
AV.DOL..BH,2021-07-29T09:54:25.200000,P,0.532,2.448816667310893e-05,-1,-1.0,20210729T080000_-1
AV.DOL..BH,2021-07-29T09:56:14.440000,P,0.372,1.4221380297385622e-05,51,0.0012135427256117,20210729T080000_51
AV.DOL..BH,2021-07-29T09:59:19.640000,P,0.599,6.898641004227102e-06,52,0.0003782707838692,20210729T080000_52
AV.DOL..BH,2021-07-29T10:02:18.800000,P,0.582,3.5758209833147703e-06,-1,-1.0,20210729T080000_-1
AV.DOL..BH,2021-07-29T10:02:21.500000,P,0.572,9.421360118722076e-06,54,0.0003782707838692,20210729T080000_54
AV.DOL..BH,2021-07-29T10:05:50.700000,P,0.556,2.7144742489326745e-06,56,0.0003782707838692,20210729T080000_56
AV.DOL..BH,2021-07-29T10:06:32.320000,P,0.465,5.8669161262514535e-06,57,0.0012135427256117,20210729T080000_57
AV.DOL..BH,2021-07-29T10:08:37.420000,P,0.52,5.80137475481024e-06,59,0.0001416959883637,20210729T080000_59
AV.DOL..BH,2021-07-29T10:14:08.060000,P,0.795,3.2385023587266915e-06,-1,-1.0,20210729T080000_-1
AV.DOL..BH,2021-07-29T10:16:34.380000,P,0.9,4.588210686051752e-06,61,0.0003782707838692,20210729T080000_61
AV.DOL..BH,2021-07-29T10:18:00.040000,P,0.829,4.620644176611677e-06,63,0.0012135427256117,20210729T080000_63
AV.DOL..BH,2021-07-29T10:23:01.040000,P,0.404,1.2765959809257763e-06,67,0.0003782707838692,20210729T080000_67
AV.DOL..BH,2021-07-29T10:23:02.300000,P,0.35,3.1130346087593352e-06,-1,-1.0,20210729T080000_-1
AV.DOL..BH,2021-07-29T10:24:53.960000,P,0.818,5.16739055456128e-06,69,0.0003782707838692,20210729T080000_69
AV.DOL..BH,2021-07-29T10:27:38.220000,P,0.893,6.611035132664256e-06,70,0.0003782707838692,20210729T080000_70
AV.DOL..BH,2021-07-29T10:38:41.060000,P,0.926,2.9512186756619485e-06,72,0.0003782707838692,20210729T080000_72
AV.DOL..BH,2021-07-29T10:48:14.840000,P,0.49,2.0232928363839164e-06,-1,-1.0,20210729T080000_-1
AV.DOL..BH,2021-07-29T10:50:56.360000,P,0.903,8.394051292270888e-06,74,0.0003782707838692,20210729T080000_74
AV.DOL..BH,2021-07-29T10:54:43.120000,P,0.756,1.8514745079301065e-06,76,0.0012135427256117,20210729T080000_76
AV.DOL..BH,2021-07-29T10:59:11.420000,P,0.738,3.767796670217649e-06,78,0.0012135427256117,20210729T080000_78
AV.DOL..BH,2021-07-29T11:05:36.700000,P,0.913,6.452268735301914e-06,80,0.0003782707838692,20210729T080000_80
AV.DOL..BH,2021-07-29T11:09:26.600000,P,0.919,1.3764051800535526e-05,81,0.0003782707838692,20210729T080000_81
AV.DOL..BH,2021-07-29T11:17:15.880000,P,0.434,2.4271598704217467e-06,83,0.0012135427256117,20210729T080000_83
AV.DOL..BH,2021-07-29T11:17:45.120000,P,0.567,3.43148349202238e-06,84,0.0003782707838692,20210729T080000_84
AV.DOL..BH,2021-07-29T11:24:13.260000,P,0.913,4.357192665338516e-06,86,0.0012135427256117,20210729T080000_86
AV.DOL..BH,2021-07-29T11:30:00.460000,P,0.925,7.832839401089586e-06,87,0.0003782707838692,20210729T080000_87
AV.DOL..BH,2021-07-29T11:37:58.900000,P,0.309,2.453543174851802e-06,-1,-1.0,20210729T080000_-1
AV.DOL..BH,2021-07-29T11:42:11.520000,P,0.585,2.5124447802227223e-06,90,0.0003782707838692,20210729T080000_90
AV.DOL..BH,2021-07-29T11:48:33.880000,P,0.807,5.163657078810502e-06,92,0.0003782707838692,20210729T080000_92
AV.DOL..BH,2021-07-29T12:00:07.420000,P,0.515,1.6280101817756076e-06,-1,-1.0,20210729T080000_-1
AV.DOL..BH,2021-07-29T12:18:36.780000,P,0.94,5.016760496800998e-06,96,0.0012135427256117,20210729T080000_96
AV.DOL..BH,2021-07-29T12:24:18.160000,P,0.552,3.104197730863234e-06,98,0.0012135427256117,20210729T080000_98
AV.DOL..BH,2021-07-29T12:24:47.040000,P,0.498,6.422526439564535e-06,99,0.0001416959883637,20210729T080000_99
AV.DOL..BH,2021-07-29T12:29:01.220000,P,0.956,8.367949703824706e-06,-1,-1.0,20210729T080000_-1
AV.DOL..BH,2021-07-29T12:32:52.880000,P,0.523,3.015655011040508e-06,100,0.0003782707838692,20210729T080000_100
AV.DOL..BH,2021-07-29T12:37:15.340000,P,0.555,1.7994344716498745e-06,-1,-1.0,20210729T080000_-1
AV.DOL..BH,2021-07-29T12:43:25.060000,P,0.932,2.0119465261814184e-05,-1,-1.0,20210729T080000_-1
AV.DOL..BH,2021-07-29T12:52:26.080000,P,0.471,6.331010354188038e-06,-1,-1.0,20210729T080000_-1
AV.DOL..BH,2021-07-29T13:03:50.240000,P,0.384,1.9343588064657524e-06,-1,-1.0,20210729T080000_-1
AV.DOL..BH,2021-07-29T13:04:18.160000,P,0.59,2.780404656732572e-06,-1,-1.0,20210729T080000_-1
AV.DOL..BH,2021-07-29T13:15:28.040000,P,0.832,8.51920140121365e-06,-1,-1.0,20210729T080000_-1
AV.DOL..BH,2021-07-29T13:18:39.900000,P,0.923,9.748810953169595e-06,-1,-1.0,20210729T080000_-1
AV.DOL..BH,2021-07-29T13:31:06.460000,P,0.872,2.239872628706508e-06,-1,-1.0,20210729T080000_-1
AV.DOL..BH,2021-07-29T13:34:04.700000,P,0.799,1.6535448139620712e-06,-1,-1.0,20210729T080000_-1
AV.DOL..BH,2021-07-29T13:34:30.400000,P,0.397,2.328525852135499e-06,-1,-1.0,20210729T080000_-1
AV.DOL..BH,2021-07-29T13:38:13.100000,P,0.508,1.3230248896434205e-06,-1,-1.0,20210729T080000_-1
AV.DOL..BH,2021-07-29T13:42:00.220000,P,0.409,1.830092628551938e-06,-1,-1.0,20210729T080000_-1
AV.DOL..BH,2021-07-29T13:47:20.720000,P,0.631,1.6052802038757363e-06,-1,-1.0,20210729T080000_-1
AV.DOL..BH,2021-07-29T13:48:53.240000,P,0.933,3.268094587838277e-06,-1,-1.0,20210729T080000_-1
AV.DOL..BH,2021-07-29T13:49:25.880000,P,0.327,9.5637269623694e-06,-1,-1.0,20210729T080000_-1
AV.DOL..BH,2021-07-29T14:02:50.800000,P,0.502,1.71136071003275e-06,-1,-1.0,20210729T080000_-1
AV.DOL..BH,2021-07-29T14:03:42.960000,P,0.367,2.9771476874884684e-06,-1,-1.0,20210729T080000_-1
AV.DOL..BH,2021-07-29T14:08:27.740000,P,0.48,1.292940851271851e-06,-1,-1.0,20210729T080000_-1
AV.DOL..BH,2021-07-29T14:08:54.400000,P,0.508,7.358969924098346e-06,-1,-1.0,20210729T080000_-1
AV.DOL..BH,2021-07-29T14:16:29.680000,P,0.392,1.8184372265750424e-06,-1,-1.0,20210729T080000_-1
AV.DOL..BH,2021-07-29T14:20:59.020000,P,0.719,1.2188388609502e-06,-1,-1.0,20210729T080000_-1
AV.DOL..BH,2021-07-29T14:33:11.020000,P,0.424,1.182673372568388e-06,-1,-1.0,20210729T080000_-1
AV.DOL..BH,2021-07-29T14:43:43.680000,P,0.529,1.453061940992484e-06,-1,-1.0,20210729T080000_-1
AV.DOL..BH,2021-07-29T14:47:01.720000,P,0.474,2.0086768017790746e-06,-1,-1.0,20210729T080000_-1
AV.DOL..BH,2021-07-29T14:48:38.220000,P,0.558,2.4416578980890336e-06,-1,-1.0,20210729T080000_-1
AV.DOL..BH,2021-07-29T14:50:04.800000,P,0.787,2.477722773619462e-06,-1,-1.0,20210729T080000_-1
AV.DOL..BH,2021-07-29T14:53:13.900000,P,0.806,2.6057300601678435e-06,-1,-1.0,20210729T080000_-1
AV.DOL..BH,2021-07-29T14:58:43.400000,P,0.678,1.8250715356771248e-06,-1,-1.0,20210729T080000_-1
AV.DOL..BH,2021-07-29T14:59:23.360000,P,0.314,8.631604941911064e-06,-1,-1.0,20210729T080000_-1
AV.DOL..BH,2021-07-29T14:59:47.700000,P,0.388,6.334215413517086e-06,-1,-1.0,20210729T080000_-1
AV.DOL..BH,2021-07-29T15:11:14.220000,P,0.944,3.2994717003020924e-06,-1,-1.0,20210729T080000_-1
AV.DOL..BH,2021-07-29T15:13:59.580000,P,0.773,4.248869572620606e-06,-1,-1.0,20210729T080000_-1
AV.DOL..BH,2021-07-29T15:29:09.180000,P,0.678,1.5981493106664857e-06,-1,-1.0,20210729T080000_-1
AV.DOL..BH,2021-07-29T15:30:28.480000,P,0.84,5.147278898220975e-06,-1,-1.0,20210729T080000_-1
AV.DOL..BH,2021-07-29T15:38:15.260000,P,0.52,1.375573560835619e-06,-1,-1.0,20210729T080000_-1
AV.DOL..BH,2021-07-29T15:54:29.800000,P,0.415,1.2882755981991068e-06,-1,-1.0,20210729T080000_-1
AV.DOL..BH,2021-07-29T08:02:30.880000,S,0.372,1.8304896002518944e-05,-1,-1.0,20210729T080000_-1
AV.DOL..BH,2021-07-29T08:08:05.240000,S,0.351,2.4852532078512013e-05,6,0.0003782707838692,20210729T080000_6
AV.DOL..BH,2021-07-29T08:11:08.020000,S,0.387,0.0001391801197314,9,0.0003782707838692,20210729T080000_9
AV.DOL..BH,2021-07-29T08:40:07.140000,S,0.46,1.91629496839596e-05,21,0.0001416959883637,20210729T080000_21
AV.DOL..BH,2021-07-29T08:41:07.060000,S,0.427,1.838168645917904e-05,22,0.0001416959883637,20210729T080000_22
AV.DOL..BH,2021-07-29T08:41:30.160000,S,0.395,3.75033232558053e-05,-1,-1.0,20210729T080000_-1
AV.DOL..BH,2021-07-29T08:56:40.380000,S,0.414,5.4609736253041774e-05,27,0.0001416959883637,20210729T080000_27
AV.DOL..BH,2021-07-29T08:58:10.000000,S,0.536,1.451009029551642e-05,-1,-1.0,20210729T080000_-1
AV.DOL..BH,2021-07-29T08:58:34.600000,S,0.385,8.250973223766778e-06,29,0.0003782707838692,20210729T080000_29
AV.DOL..BH,2021-07-29T09:04:05.320000,S,0.302,6.281055448198458e-06,-1,-1.0,20210729T080000_-1
AV.DOL..BH,2021-07-29T09:08:55.740000,S,0.82,1.4271347936301026e-05,-1,-1.0,20210729T080000_-1
AV.DOL..BH,2021-07-29T09:15:29.120000,S,0.691,5.971045538899489e-06,-1,-1.0,20210729T080000_-1
AV.DOL..BH,2021-07-29T09:29:36.440000,S,0.438,0.0002797103661578,38,0.0003782707838692,20210729T080000_38
AV.DOL..BH,2021-07-29T09:36:41.640000,S,0.318,5.071746272733435e-06,40,0.0012135427256117,20210729T080000_40
AV.DOL..BH,2021-07-29T09:38:46.640000,S,0.524,1.19427186291432e-05,42,0.0003782707838692,20210729T080000_42
AV.DOL..BH,2021-07-29T09:45:43.220000,S,0.687,4.345943580119638e-06,-1,-1.0,20210729T080000_-1
AV.DOL..BH,2021-07-29T09:53:39.840000,S,0.63,1.349818649032386e-05,-1,-1.0,20210729T080000_-1
AV.DOL..BH,2021-07-29T09:54:32.860000,S,0.622,2.5031218683579937e-05,49,0.0001416959883637,20210729T080000_49
AV.DOL..BH,2021-07-29T09:55:07.360000,S,0.368,0.0001249235647264,50,0.0012135427256117,20210729T080000_50
AV.DOL..BH,2021-07-29T10:00:00.760000,S,0.423,2.671553011168725e-05,53,0.0003782707838692,20210729T080000_53
AV.DOL..BH,2021-07-29T10:06:00.340000,S,0.49,2.7144742489326745e-06,56,0.0001416959883637,20210729T080000_56
AV.DOL..BH,2021-07-29T10:14:35.840000,S,0.524,3.1146921628533164e-06,-1,-1.0,20210729T080000_-1
AV.DOL..BH,2021-07-29T10:17:00.380000,S,0.722,1.8116239516530183e-05,62,0.0012135427256117,20210729T080000_62
AV.DOL..BH,2021-07-29T10:18:24.860000,S,0.818,1.2519799383881036e-05,64,0.0003782707838692,20210729T080000_64
AV.DOL..BH,2021-07-29T10:21:20.640000,S,0.366,4.657767931348644e-06,-1,-1.0,20210729T080000_-1
AV.DOL..BH,2021-07-29T10:23:40.320000,S,0.563,5.694180799764581e-06,68,0.0001416959883637,20210729T080000_68
AV.DOL..BH,2021-07-29T10:27:47.000000,S,0.343,6.611035132664256e-06,70,0.0001416959883637,20210729T080000_70
AV.DOL..BH,2021-07-29T10:28:11.600000,S,0.664,1.6235089788096957e-05,71,0.0003782707838692,20210729T080000_71
AV.DOL..BH,2021-07-29T10:39:24.920000,S,0.308,8.389277354581282e-06,-1,-1.0,20210729T080000_-1
AV.DOL..BH,2021-07-29T10:51:07.920000,S,0.823,2.0569326807162724e-05,74,0.0001416959883637,20210729T080000_74
AV.DOL..BH,2021-07-29T10:55:20.760000,S,0.3,4.438204086909536e-06,77,0.0012135427256117,20210729T080000_77
AV.DOL..BH,2021-07-29T11:10:02.860000,S,0.415,7.63140051276423e-05,82,0.0003782707838692,20210729T080000_82
AV.DOL..BH,2021-07-29T11:18:00.380000,S,0.384,5.819887974212179e-06,-1,-1.0,20210729T080000_-1
AV.DOL..BH,2021-07-29T11:24:23.860000,S,0.699,4.56578163721133e-06,86,0.0003782707838692,20210729T080000_86
AV.DOL..BH,2021-07-29T11:31:19.580000,S,0.481,8.785482350504026e-06,89,0.0003782707838692,20210729T080000_89
AV.DOL..BH,2021-07-29T12:17:45.440000,S,0.518,1.524651111139974e-06,-1,-1.0,20210729T080000_-1
AV.DOL..BH,2021-07-29T12:24:30.640000,S,0.509,4.811866801901488e-06,98,0.0003782707838692,20210729T080000_98
AV.DOL..BH,2021-07-29T12:24:57.200000,S,0.322,9.92950390354963e-06,99,7.389102077093342e-05,20210729T080000_99
AV.DOL..BH,2021-07-29T12:37:29.680000,S,0.314,2.47477692028042e-06,-1,-1.0,20210729T080000_-1
AV.DOL..BH,2021-07-29T12:44:07.640000,S,0.302,0.0001075955442502,-1,-1.0,20210729T080000_-1
AV.DOL..BH,2021-07-29T12:51:16.440000,S,0.405,1.5038358469610102e-06,-1,-1.0,20210729T080000_-1
AV.DOL..BH,2021-07-29T12:52:53.880000,S,0.3,2.4016255338210613e-05,-1,-1.0,20210729T080000_-1
AV.DOL..BH,2021-07-29T13:00:50.920000,S,0.367,1.351513787994918e-06,-1,-1.0,20210729T080000_-1
AV.DOL..BH,2021-07-29T13:02:40.200000,S,0.329,2.0306281385273905e-06,-1,-1.0,20210729T080000_-1
AV.DOL..BH,2021-07-29T13:32:07.120000,S,0.719,8.306241397804115e-06,-1,-1.0,20210729T080000_-1
AV.DOL..BH,2021-07-29T13:34:39.320000,S,0.308,1.156689677372924e-06,-1,-1.0,20210729T080000_-1
AV.DOL..BH,2021-07-29T13:34:39.940000,S,0.414,2.328525852135499e-06,-1,-1.0,20210729T080000_-1
AV.DOL..BH,2021-07-29T13:47:49.240000,S,0.443,1.4866195670037996e-06,-1,-1.0,20210729T080000_-1
AV.DOL..BH,2021-07-29T13:49:00.300000,S,0.492,3.767038379010046e-06,-1,-1.0,20210729T080000_-1
AV.DOL..BH,2021-07-29T14:04:17.080000,S,0.427,7.322527380893007e-06,-1,-1.0,20210729T080000_-1
AV.DOL..BH,2021-07-29T14:08:37.080000,S,0.308,1.2771278079526382e-06,-1,-1.0,20210729T080000_-1
AV.DOL..BH,2021-07-29T14:09:01.920000,S,0.714,7.358969924098346e-06,-1,-1.0,20210729T080000_-1
AV.DOL..BH,2021-07-29T14:09:39.200000,S,0.312,9.938842595147436e-06,-1,-1.0,20210729T080000_-1
AV.DOL..BH,2021-07-29T14:16:39.200000,S,0.478,1.8363152776146308e-06,-1,-1.0,20210729T080000_-1
AV.DOL..BH,2021-07-29T14:21:36.880000,S,0.488,3.120250767096877e-06,-1,-1.0,20210729T080000_-1
AV.DOL..BH,2021-07-29T14:44:28.140000,S,0.436,2.6535069537203526e-06,-1,-1.0,20210729T080000_-1
AV.DOL..BH,2021-07-29T14:48:43.640000,S,0.398,2.4416578980890336e-06,-1,-1.0,20210729T080000_-1
AV.DOL..BH,2021-07-29T14:50:27.760000,S,0.623,8.074164725258015e-06,-1,-1.0,20210729T080000_-1
AV.DOL..BH,2021-07-29T14:53:42.400000,S,0.455,7.381559953500982e-06,-1,-1.0,20210729T080000_-1
AV.DOL..BH,2021-07-29T15:11:23.260000,S,0.76,3.2994717003020924e-06,-1,-1.0,20210729T080000_-1
AV.DOL..BH,2021-07-29T15:22:10.420000,S,0.505,2.150572754544555e-06,-1,-1.0,20210729T080000_-1
AV.DOL..BH,2021-07-29T15:29:15.060000,S,0.546,1.5981493106664857e-06,-1,-1.0,20210729T080000_-1
AV.DOL..BH,2021-07-29T15:30:54.540000,S,0.674,1.855982191045769e-05,-1,-1.0,20210729T080000_-1
AV.DT1..BH,2021-07-29T08:00:00.020000,P,0.585,1.480835362599464e-05,-1,-1.0,20210729T080000_-1
AV.DT1..BH,2021-07-29T08:00:00.960000,P,0.381,3.45611697412096e-05,2,0.0003782707838692,20210729T080000_2
AV.DT1..BH,2021-07-29T08:03:37.100000,P,0.772,1.0580473826848902e-05,4,0.0003782707838692,20210729T080000_4
AV.DT1..BH,2021-07-29T08:09:42.680000,P,0.329,2.777522240648977e-05,7,0.0001416959883637,20210729T080000_7
AV.DT1..BH,2021-07-29T08:10:30.400000,P,0.322,1.89009133464424e-05,8,0.0003782707838692,20210729T080000_8
AV.DT1..BH,2021-07-29T08:13:39.880000,P,0.366,2.042103551502805e-05,10,0.0003782707838692,20210729T080000_10
AV.DT1..BH,2021-07-29T08:16:06.780000,P,0.349,1.827288906497415e-05,-1,-1.0,20210729T080000_-1
AV.DT1..BH,2021-07-29T08:16:34.860000,P,0.909,1.3744845091423484e-05,13,0.0001416959883637,20210729T080000_13
AV.DT1..BH,2021-07-29T08:17:21.720000,P,0.362,2.5196868591592647e-05,-1,-1.0,20210729T080000_-1
AV.DT1..BH,2021-07-29T08:26:14.880000,P,0.701,7.959725735418033e-06,17,0.0001416959883637,20210729T080000_17
AV.DT1..BH,2021-07-29T08:30:51.080000,P,0.592,9.073232831724454e-06,18,0.0003782707838692,20210729T080000_18
AV.DT1..BH,2021-07-29T08:33:42.280000,P,0.7,1.5864212400629185e-05,20,0.0003782707838692,20210729T080000_20
AV.DT1..BH,2021-07-29T08:40:06.920000,P,0.582,1.8693230231292542e-05,21,7.389102077093342e-05,20210729T080000_21
AV.DT1..BH,2021-07-29T08:41:01.420000,P,0.784,1.1591568181756884e-05,22,7.389102077093342e-05,20210729T080000_22
AV.DT1..BH,2021-07-29T08:55:29.640000,P,0.404,5.557110398513032e-06,25,0.0003782707838692,20210729T080000_25
AV.DT1..BH,2021-07-29T08:56:06.080000,P,0.578,6.052658591215732e-06,26,0.0003782707838692,20210729T080000_26
AV.DT1..BH,2021-07-29T08:57:31.360000,P,0.553,6.198650225996971e-06,28,0.0012135427256117,20210729T080000_28
AV.DT1..BH,2021-07-29T08:58:30.380000,P,0.724,8.250174687418621e-06,29,0.0001416959883637,20210729T080000_29
AV.DT1..BH,2021-07-29T09:08:34.220000,P,0.903,4.216554316371912e-06,31,0.0001416959883637,20210729T080000_31
AV.DT1..BH,2021-07-29T09:14:06.040000,P,0.38,2.5507590635243105e-06,-1,-1.0,20210729T080000_-1
AV.DT1..BH,2021-07-29T09:17:52.680000,P,0.906,4.4978701225772966e-06,33,0.0001416959883637,20210729T080000_33
AV.DT1..BH,2021-07-29T09:23:38.100000,P,0.913,2.6026029900094727e-06,35,7.389102077093342e-05,20210729T080000_35
AV.DT1..BH,2021-07-29T09:27:02.940000,P,0.33,3.1379220217786497e-06,36,0.0001416959883637,20210729T080000_36
AV.DT1..BH,2021-07-29T09:29:05.100000,P,0.901,1.586286089150235e-05,37,0.0001416959883637,20210729T080000_37
AV.DT1..BH,2021-07-29T09:31:22.400000,P,0.6,6.147199201222975e-06,-1,-1.0,20210729T080000_-1
AV.DT1..BH,2021-07-29T09:36:08.680000,P,0.44,2.631152028698125e-06,39,0.0012135427256117,20210729T080000_39
AV.DT1..BH,2021-07-29T09:38:16.200000,P,0.556,2.472559117450146e-06,41,0.0003782707838692,20210729T080000_41
AV.DT1..BH,2021-07-29T09:38:47.280000,P,0.69,5.575071554630995e-06,42,0.0001416959883637,20210729T080000_42
AV.DT1..BH,2021-07-29T09:39:30.320000,P,0.421,3.943958745367127e-06,43,0.0003782707838692,20210729T080000_43
AV.DT1..BH,2021-07-29T09:44:01.600000,P,0.358,2.190021177739254e-06,44,0.0003782707838692,20210729T080000_44
AV.DT1..BH,2021-07-29T09:45:29.160000,P,0.512,1.3329737384992768e-06,46,0.0001416959883637,20210729T080000_46
AV.DT1..BH,2021-07-29T09:45:30.180000,P,0.323,3.0011599392310018e-06,-1,-1.0,20210729T080000_-1
AV.DT1..BH,2021-07-29T09:53:05.780000,P,0.941,5.6104836403392255e-06,48,0.0001416959883637,20210729T080000_48
AV.DT1..BH,2021-07-29T09:54:27.960000,P,0.854,1.1494541467982344e-05,49,7.389102077093342e-05,20210729T080000_49
AV.DT1..BH,2021-07-29T09:59:23.160000,P,0.815,5.1448537305986974e-06,52,0.0001416959883637,20210729T080000_52
AV.DT1..BH,2021-07-29T10:02:22.620000,P,0.68,3.4387492178211687e-06,54,0.0001416959883637,20210729T080000_54
AV.DT1..BH,2021-07-29T10:02:55.100000,P,0.438,4.687353339249967e-06,55,0.0001416959883637,20210729T080000_55
AV.DT1..BH,2021-07-29T10:05:52.700000,P,0.539,1.6977588757072226e-06,56,7.389102077093342e-05,20210729T080000_56
AV.DT1..BH,2021-07-29T10:08:41.280000,P,0.385,2.604433575470466e-06,59,7.389102077093342e-05,20210729T080000_59
AV.DT1..BH,2021-07-29T10:16:37.440000,P,0.31,2.9630314202222507e-06,61,0.0001416959883637,20210729T080000_61
AV.DT1..BH,2021-07-29T10:18:03.560000,P,0.536,2.573088295321213e-06,63,0.0003782707838692,20210729T080000_63
AV.DT1..BH,2021-07-29T10:20:49.520000,P,0.557,1.684994799688866e-06,65,0.0003782707838692,20210729T080000_65
AV.DT1..BH,2021-07-29T10:23:03.900000,P,0.795,1.9040179495277696e-06,67,0.0001416959883637,20210729T080000_67
AV.DT1..BH,2021-07-29T10:23:39.980000,P,0.322,2.1420089524326613e-06,68,7.389102077093342e-05,20210729T080000_68
AV.DT1..BH,2021-07-29T10:24:57.320000,P,0.83,3.153727448079735e-06,69,0.0001416959883637,20210729T080000_69
AV.DT1..BH,2021-07-29T10:27:41.020000,P,0.736,3.388495997569408e-06,70,7.389102077093342e-05,20210729T080000_70
AV.DT1..BH,2021-07-29T10:38:44.440000,P,0.854,1.6478227280458668e-06,72,0.0001416959883637,20210729T080000_72
AV.DT1..BH,2021-07-29T10:43:00.920000,P,0.592,1.3567766927735647e-06,73,0.0012135427256117,20210729T080000_73
AV.DT1..BH,2021-07-29T10:50:56.060000,P,0.975,3.52106940226804e-06,74,7.389102077093342e-05,20210729T080000_74
AV.DT1..BH,2021-07-29T10:54:46.620000,P,0.872,1.2806556242139775e-06,76,0.0003782707838692,20210729T080000_76
AV.DT1..BH,2021-07-29T10:59:13.580000,P,0.83,1.7032207324518822e-06,78,0.0003782707838692,20210729T080000_78
AV.DT1..BH,2021-07-29T11:05:40.060000,P,0.74,2.783898025882081e-06,80,0.0001416959883637,20210729T080000_80
AV.DT1..BH,2021-07-29T11:09:29.980000,P,0.757,7.043312962196069e-06,81,0.0001416959883637,20210729T080000_81
AV.DT1..BH,2021-07-29T11:11:46.800000,P,0.454,3.1005065466160886e-06,-1,-1.0,20210729T080000_-1
AV.DT1..BH,2021-07-29T11:24:13.720000,P,0.982,1.0933847079286352e-05,85,0.0001416959883637,20210729T080000_85
AV.DT1..BH,2021-07-29T11:30:03.780000,P,0.95,4.301660283090314e-06,87,0.0001416959883637,20210729T080000_87
AV.DT1..BH,2021-07-29T11:30:37.580000,P,0.337,6.220901468623197e-06,88,0.0012135427256117,20210729T080000_88
AV.DT1..BH,2021-07-29T11:42:14.780000,P,0.717,1.6404466123276509e-06,90,0.0001416959883637,20210729T080000_90
AV.DT1..BH,2021-07-29T11:48:37.220000,P,0.958,2.2801393697591266e-06,92,0.0001416959883637,20210729T080000_92
AV.DT1..BH,2021-07-29T12:00:13.760000,P,0.326,1.277834826396429e-06,-1,-1.0,20210729T080000_-1
AV.DT1..BH,2021-07-29T12:18:40.140000,P,0.868,2.5074366476474097e-06,96,0.0003782707838692,20210729T080000_96
AV.DT1..BH,2021-07-29T12:29:04.540000,P,0.919,2.315474603165057e-06,-1,-1.0,20210729T080000_-1
AV.DT1..BH,2021-07-29T12:29:37.080000,P,0.338,8.092288226180244e-06,-1,-1.0,20210729T080000_-1
AV.DT1..BH,2021-07-29T12:32:55.900000,P,0.866,1.1927487548746285e-06,100,0.0001416959883637,20210729T080000_100
AV.DT1..BH,2021-07-29T12:43:28.360000,P,0.881,6.870407105452614e-06,-1,-1.0,20210729T080000_-1
AV.DT1..BH,2021-07-29T12:43:33.720000,P,0.446,1.20081240311265e-05,-1,-1.0,20210729T080000_-1
AV.DT1..BH,2021-07-29T12:52:29.360000,P,0.521,2.512888841010863e-06,-1,-1.0,20210729T080000_-1
AV.DT1..BH,2021-07-29T13:15:31.360000,P,0.787,3.429233402130194e-06,-1,-1.0,20210729T080000_-1
AV.DT1..BH,2021-07-29T13:18:43.280000,P,0.804,6.528818175866036e-06,-1,-1.0,20210729T080000_-1
AV.DT1..BH,2021-07-29T13:31:09.900000,P,0.716,1.7000724028548575e-06,-1,-1.0,20210729T080000_-1
AV.DT1..BH,2021-07-29T13:34:37.160000,P,0.829,9.264668960895506e-07,-1,-1.0,20210729T080000_-1
AV.DT1..BH,2021-07-29T13:48:56.560000,P,0.784,2.010525349760428e-06,-1,-1.0,20210729T080000_-1
AV.DT1..BH,2021-07-29T14:02:54.460000,P,0.818,1.282041580452642e-06,-1,-1.0,20210729T080000_-1
AV.DT1..BH,2021-07-29T14:03:33.200000,P,0.344,1.7819627373683034e-06,-1,-1.0,20210729T080000_-1
AV.DT1..BH,2021-07-29T14:08:30.700000,P,0.901,9.424264248991676e-07,-1,-1.0,20210729T080000_-1
AV.DT1..BH,2021-07-29T14:08:55.920000,P,0.376,1.6197208196899735e-06,-1,-1.0,20210729T080000_-1
AV.DT1..BH,2021-07-29T14:09:32.640000,P,0.423,1.975554823729908e-06,-1,-1.0,20210729T080000_-1
AV.DT1..BH,2021-07-29T14:16:35.480000,P,0.443,1.5025977972982218e-06,-1,-1.0,20210729T080000_-1
AV.DT1..BH,2021-07-29T14:16:46.380000,P,0.558,1.454210632800823e-06,-1,-1.0,20210729T080000_-1
AV.DT1..BH,2021-07-29T14:17:28.600000,P,0.432,1.4796665936955833e-06,-1,-1.0,20210729T080000_-1
AV.DT1..BH,2021-07-29T14:21:41.400000,P,0.441,1.8001561556957313e-06,-1,-1.0,20210729T080000_-1
AV.DT1..BH,2021-07-29T14:47:09.800000,P,0.527,1.034215301842778e-06,-1,-1.0,20210729T080000_-1
AV.DT1..BH,2021-07-29T14:48:43.980000,P,0.669,1.5291126373995212e-06,-1,-1.0,20210729T080000_-1
AV.DT1..BH,2021-07-29T14:49:32.460000,P,0.592,9.442487680644264e-07,-1,-1.0,20210729T080000_-1
AV.DT1..BH,2021-07-29T14:50:08.400000,P,0.755,1.605813736205164e-06,-1,-1.0,20210729T080000_-1
AV.DT1..BH,2021-07-29T14:58:46.640000,P,0.802,2.325147306692088e-06,-1,-1.0,20210729T080000_-1
AV.DT1..BH,2021-07-29T15:11:16.040000,P,0.961,1.855046320997644e-06,-1,-1.0,20210729T080000_-1
AV.DT1..BH,2021-07-29T15:14:02.840000,P,0.917,2.01523312171048e-06,-1,-1.0,20210729T080000_-1
AV.DT1..BH,2021-07-29T15:21:36.220000,P,0.424,8.64330274907843e-07,-1,-1.0,20210729T080000_-1
AV.DT1..BH,2021-07-29T15:30:33.280000,P,0.342,2.3545158001070376e-06,-1,-1.0,20210729T080000_-1
AV.DT1..BH,2021-07-29T08:03:47.080000,S,0.321,1.3974095963931177e-05,3,0.0003782707838692,20210729T080000_3
AV.DT1..BH,2021-07-29T08:16:15.560000,S,0.388,1.997011167986784e-05,-1,-1.0,20210729T080000_-1
AV.DT1..BH,2021-07-29T08:16:45.540000,S,0.755,1.4598444067814851e-05,13,7.389102077093342e-05,20210729T080000_13
AV.DT1..BH,2021-07-29T08:17:11.360000,S,0.413,2.116773248417303e-05,14,0.0003782707838692,20210729T080000_14
AV.DT1..BH,2021-07-29T08:26:24.960000,S,0.451,6.368266895151464e-06,17,7.389102077093342e-05,20210729T080000_17
AV.DT1..BH,2021-07-29T08:35:19.240000,S,0.34,5.520714694284834e-06,-1,-1.0,20210729T080000_-1
AV.DT1..BH,2021-07-29T08:40:14.880000,S,0.437,1.1522808563313449e-05,21,8.873737996727725e-05,20210729T080000_21
AV.DT1..BH,2021-07-29T08:41:12.020000,S,0.729,9.945916644937824e-06,22,8.873737996727725e-05,20210729T080000_22
AV.DT1..BH,2021-07-29T08:41:36.440000,S,0.37,2.237086482637096e-05,24,0.0003782707838692,20210729T080000_24
AV.DT1..BH,2021-07-29T08:56:44.480000,S,0.313,1.2813864486815874e-05,27,7.389102077093342e-05,20210729T080000_27
AV.DT1..BH,2021-07-29T08:58:15.180000,S,0.431,8.474780770484358e-06,-1,-1.0,20210729T080000_-1
AV.DT1..BH,2021-07-29T09:09:01.620000,S,0.347,6.0398620007617865e-06,-1,-1.0,20210729T080000_-1
AV.DT1..BH,2021-07-29T09:18:00.520000,S,0.577,4.817825811187504e-06,33,7.389102077093342e-05,20210729T080000_33
AV.DT1..BH,2021-07-29T09:23:48.460000,S,0.748,3.080950591538567e-06,35,8.873737996727725e-05,20210729T080000_35
AV.DT1..BH,2021-07-29T09:29:42.840000,S,0.322,6.55801995890215e-05,38,0.0001416959883637,20210729T080000_38
AV.DT1..BH,2021-07-29T09:36:14.840000,S,0.308,2.631152028698125e-06,39,0.0003782707838692,20210729T080000_39
AV.DT1..BH,2021-07-29T09:36:48.180000,S,0.478,2.6686543606047053e-06,40,0.0003782707838692,20210729T080000_40
AV.DT1..BH,2021-07-29T09:38:55.760000,S,0.39,5.575071554630995e-06,42,7.389102077093342e-05,20210729T080000_42
AV.DT1..BH,2021-07-29T09:39:36.680000,S,0.311,5.196291567699518e-06,43,0.0001416959883637,20210729T080000_43
AV.DT1..BH,2021-07-29T09:45:39.700000,S,0.735,2.397010575805325e-06,46,7.389102077093342e-05,20210729T080000_46
AV.DT1..BH,2021-07-29T09:53:16.960000,S,0.396,7.051758984744083e-06,48,7.389102077093342e-05,20210729T080000_48
AV.DT1..BH,2021-07-29T09:53:45.440000,S,0.725,5.609618256130489e-06,-1,-1.0,20210729T080000_-1
AV.DT1..BH,2021-07-29T09:54:38.660000,S,0.76,1.1984176126134116e-05,49,8.873737996727725e-05,20210729T080000_49
AV.DT1..BH,2021-07-29T09:55:05.560000,S,0.363,2.2527548935613595e-05,-1,-1.0,20210729T080000_-1
AV.DT1..BH,2021-07-29T09:55:15.840000,S,0.466,4.265558527549729e-05,50,0.0003782707838692,20210729T080000_50
AV.DT1..BH,2021-07-29T09:59:29.320000,S,0.373,5.1448537305986974e-06,-1,-1.0,20210729T080000_-1
AV.DT1..BH,2021-07-29T10:00:05.760000,S,0.575,9.703625437396113e-06,53,0.0001416959883637,20210729T080000_53
AV.DT1..BH,2021-07-29T10:03:02.940000,S,0.62,4.687353339249967e-06,55,7.389102077093342e-05,20210729T080000_55
AV.DT1..BH,2021-07-29T10:06:37.400000,S,0.743,2.942138962680474e-06,57,0.0003782707838692,20210729T080000_57
AV.DT1..BH,2021-07-29T10:17:05.360000,S,0.717,5.877405328647001e-06,62,0.0003782707838692,20210729T080000_62
AV.DT1..BH,2021-07-29T10:18:31.200000,S,0.429,3.604197672757437e-06,64,0.0001416959883637,20210729T080000_64
AV.DT1..BH,2021-07-29T10:21:25.760000,S,0.527,2.0850254713877803e-06,-1,-1.0,20210729T080000_-1
AV.DT1..BH,2021-07-29T10:23:09.640000,S,0.342,1.9040179495277696e-06,67,7.389102077093342e-05,20210729T080000_67
AV.DT1..BH,2021-07-29T10:35:05.920000,S,0.316,1.1936643886656384e-06,-1,-1.0,20210729T080000_-1
AV.DT1..BH,2021-07-29T10:38:55.040000,S,0.606,1.7527707996123354e-06,72,7.389102077093342e-05,20210729T080000_72
AV.DT1..BH,2021-07-29T10:48:20.960000,S,0.58,1.9030934481634176e-06,-1,-1.0,20210729T080000_-1
AV.DT1..BH,2021-07-29T10:51:07.940000,S,0.902,7.623891633556923e-06,75,0.0003782707838692,20210729T080000_75
AV.DT1..BH,2021-07-29T10:54:56.520000,S,0.561,1.294734488510585e-06,76,0.0001416959883637,20210729T080000_76
AV.DT1..BH,2021-07-29T10:55:27.360000,S,0.35,1.6330880043824436e-06,77,0.0003782707838692,20210729T080000_77
AV.DT1..BH,2021-07-29T11:05:51.800000,S,0.451,3.362306188137154e-06,80,7.389102077093342e-05,20210729T080000_80
AV.DT1..BH,2021-07-29T11:11:52.120000,S,0.311,3.1005065466160886e-06,-1,-1.0,20210729T080000_-1
AV.DT1..BH,2021-07-29T11:12:12.000000,S,0.398,3.7276888633641647e-06,-1,-1.0,20210729T080000_-1
AV.DT1..BH,2021-07-29T11:24:24.700000,S,0.959,1.0933847079286352e-05,86,0.0001416959883637,20210729T080000_86
AV.DT1..BH,2021-07-29T11:30:09.340000,S,0.444,4.301660283090314e-06,87,7.389102077093342e-05,20210729T080000_87
AV.DT1..BH,2021-07-29T11:31:22.640000,S,0.68,6.628908522543497e-06,89,0.0001416959883637,20210729T080000_89
AV.DT1..BH,2021-07-29T11:42:49.520000,S,0.544,3.5576586014940403e-06,-1,-1.0,20210729T080000_-1
AV.DT1..BH,2021-07-29T12:00:16.200000,S,0.489,1.277834826396429e-06,-1,-1.0,20210729T080000_-1
AV.DT1..BH,2021-07-29T12:27:55.520000,S,0.5,1.2842173191529582e-06,-1,-1.0,20210729T080000_-1
AV.DT1..BH,2021-07-29T12:52:57.400000,S,0.645,9.159169167105574e-06,-1,-1.0,20210729T080000_-1
AV.DT1..BH,2021-07-29T13:16:08.600000,S,0.349,1.1159886526002085e-05,-1,-1.0,20210729T080000_-1
AV.DT1..BH,2021-07-29T13:18:53.860000,S,0.615,6.528818175866036e-06,-1,-1.0,20210729T080000_-1
AV.DT1..BH,2021-07-29T13:19:25.440000,S,0.467,9.959536328096874e-06,-1,-1.0,20210729T080000_-1
AV.DT1..BH,2021-07-29T13:23:54.600000,S,0.413,7.755882620585908e-07,-1,-1.0,20210729T080000_-1
AV.DT1..BH,2021-07-29T13:31:20.740000,S,0.694,2.2050789993954822e-06,-1,-1.0,20210729T080000_-1
AV.DT1..BH,2021-07-29T13:31:53.240000,S,0.46,3.483469299681019e-06,-1,-1.0,20210729T080000_-1
AV.DT1..BH,2021-07-29T13:49:05.320000,S,0.313,2.010525349760428e-06,-1,-1.0,20210729T080000_-1
AV.DT1..BH,2021-07-29T13:49:32.880000,S,0.442,4.166065991739743e-06,-1,-1.0,20210729T080000_-1
AV.DT1..BH,2021-07-29T14:03:04.960000,S,0.401,9.67515120464668e-07,-1,-1.0,20210729T080000_-1
AV.DT1..BH,2021-07-29T14:08:40.800000,S,0.498,9.415410318069916e-07,-1,-1.0,20210729T080000_-1
AV.DT1..BH,2021-07-29T14:09:47.280000,S,0.444,3.017946937688976e-06,-1,-1.0,20210729T080000_-1
AV.DT1..BH,2021-07-29T14:16:56.900000,S,0.699,1.1210545380890835e-06,-1,-1.0,20210729T080000_-1
AV.DT1..BH,2021-07-29T14:21:41.680000,S,0.337,1.8001561556957313e-06,-1,-1.0,20210729T080000_-1
AV.DT1..BH,2021-07-29T14:50:33.440000,S,0.513,2.1242656202957733e-06,-1,-1.0,20210729T080000_-1
AV.DT1..BH,2021-07-29T14:53:47.840000,S,0.362,4.078081019542879e-06,-1,-1.0,20210729T080000_-1
AV.DT1..BH,2021-07-29T15:00:29.580000,S,0.407,4.406037987791933e-06,-1,-1.0,20210729T080000_-1
AV.DT1..BH,2021-07-29T15:11:26.460000,S,0.879,1.855046320997644e-06,-1,-1.0,20210729T080000_-1
AV.DT1..BH,2021-07-29T15:14:13.580000,S,0.685,1.9348851765244035e-06,-1,-1.0,20210729T080000_-1
AV.DT1..BH,2021-07-29T15:29:21.600000,S,0.534,8.708160521564423e-07,-1,-1.0,20210729T080000_-1
AV.DT1..BH,2021-07-29T15:31:00.160000,S,0.562,3.817598553723656e-06,-1,-1.0,20210729T080000_-1
AV.DT1..BH,2021-07-29T15:31:05.720000,S,0.377,5.5701502787997015e-06,-1,-1.0,20210729T080000_-1
AV.DTN..BH,2021-07-29T08:00:00.020000,P,0.729,1.6541885997867212e-05,-1,-1.0,20210729T080000_-1
AV.DTN..BH,2021-07-29T08:00:00.640000,P,0.339,5.018891170038842e-05,2,0.0001416959883637,20210729T080000_2
AV.DTN..BH,2021-07-29T08:03:37.020000,P,0.873,2.04189545911504e-05,4,0.0001416959883637,20210729T080000_4
AV.DTN..BH,2021-07-29T08:08:01.640000,P,0.307,1.2211589819344226e-05,6,0.0001416959883637,20210729T080000_6
AV.DTN..BH,2021-07-29T08:09:42.360000,P,0.734,2.6802963475347497e-05,7,7.389102077093342e-05,20210729T080000_7
AV.DTN..BH,2021-07-29T08:13:40.480000,P,0.54,1.990820419450756e-05,10,0.0001416959883637,20210729T080000_10
AV.DTN..BH,2021-07-29T08:14:33.420000,P,0.31,1.8597116650198583e-05,11,0.0003782707838692,20210729T080000_11
AV.DTN..BH,2021-07-29T08:16:34.840000,P,0.896,3.066513090743683e-05,13,8.873737996727725e-05,20210729T080000_13
AV.DTN..BH,2021-07-29T08:25:49.400000,P,0.396,1.393263755744556e-05,16,0.0003782707838692,20210729T080000_16
AV.DTN..BH,2021-07-29T08:26:14.300000,P,0.802,5.98121368966531e-06,17,8.873737996727725e-05,20210729T080000_17
AV.DTN..BH,2021-07-29T08:26:55.040000,P,0.317,1.7647977074375376e-05,-1,-1.0,20210729T080000_-1
AV.DTN..BH,2021-07-29T08:30:50.940000,P,0.403,1.0179195669479668e-05,18,0.0001416959883637,20210729T080000_18
AV.DTN..BH,2021-07-29T08:33:42.060000,P,0.422,1.163808337878436e-05,20,0.0001416959883637,20210729T080000_20
AV.DTN..BH,2021-07-29T08:41:01.160000,P,0.864,1.131780391006032e-05,22,0.0001445423886612,20210729T080000_22
AV.DTN..BH,2021-07-29T08:55:28.920000,P,0.6,6.432291684177471e-06,25,0.0001416959883637,20210729T080000_25
AV.DTN..BH,2021-07-29T08:56:05.800000,P,0.837,9.12854193302337e-06,26,0.0001416959883637,20210729T080000_26
AV.DTN..BH,2021-07-29T08:57:30.680000,P,0.341,7.689439371461049e-06,28,0.0003782707838692,20210729T080000_28
AV.DTN..BH,2021-07-29T08:58:29.720000,P,0.52,1.0664892215572763e-05,29,7.389102077093342e-05,20210729T080000_29
AV.DTN..BH,2021-07-29T09:08:34.580000,P,0.923,6.440295237553073e-06,31,7.389102077093342e-05,20210729T080000_31
AV.DTN..BH,2021-07-29T09:17:52.360000,P,0.896,6.310056505753892e-06,33,8.873737996727725e-05,20210729T080000_33
AV.DTN..BH,2021-07-29T09:18:57.000000,P,0.659,4.149234428041382e-06,-1,-1.0,20210729T080000_-1
AV.DTN..BH,2021-07-29T09:23:38.040000,P,0.817,5.471689291880466e-06,35,0.0001445423886612,20210729T080000_35
AV.DTN..BH,2021-07-29T09:27:02.940000,P,0.739,4.705298579210648e-06,36,7.389102077093342e-05,20210729T080000_36
AV.DTN..BH,2021-07-29T09:29:05.500000,P,0.441,4.142426769249141e-05,37,7.389102077093342e-05,20210729T080000_37
AV.DTN..BH,2021-07-29T09:36:07.400000,P,0.638,1.964464445336489e-06,39,0.0001416959883637,20210729T080000_39
AV.DTN..BH,2021-07-29T09:38:16.300000,P,0.682,3.931748778995825e-06,41,0.0001416959883637,20210729T080000_41
AV.DTN..BH,2021-07-29T09:44:00.580000,P,0.909,3.720294671438751e-06,44,0.0001416959883637,20210729T080000_44
AV.DTN..BH,2021-07-29T09:45:29.340000,P,0.795,3.857217961922288e-06,46,8.873737996727725e-05,20210729T080000_46
AV.DTN..BH,2021-07-29T09:51:35.180000,P,0.359,3.010899717992288e-06,-1,-1.0,20210729T080000_-1
AV.DTN..BH,2021-07-29T09:53:05.700000,P,0.911,6.958789526834153e-06,48,8.873737996727725e-05,20210729T080000_48
AV.DTN..BH,2021-07-29T09:54:27.920000,P,0.654,1.530631743662525e-05,49,0.0001445423886612,20210729T080000_49
AV.DTN..BH,2021-07-29T09:59:23.180000,P,0.625,8.471535693388432e-06,52,7.389102077093342e-05,20210729T080000_52
AV.DTN..BH,2021-07-29T10:02:22.140000,P,0.752,5.346549187379424e-06,54,7.389102077093342e-05,20210729T080000_54
AV.DTN..BH,2021-07-29T10:05:53.000000,P,0.788,2.282719378854381e-06,56,8.873737996727725e-05,20210729T080000_56
AV.DTN..BH,2021-07-29T10:08:36.140000,P,0.719,3.806035920206341e-06,58,0.0012135427256117,20210729T080000_58
AV.DTN..BH,2021-07-29T10:14:06.760000,P,0.587,2.59531202573271e-06,60,0.0003782707838692,20210729T080000_60
AV.DTN..BH,2021-07-29T10:16:37.980000,P,0.759,3.963704330089968e-06,61,7.389102077093342e-05,20210729T080000_61
AV.DTN..BH,2021-07-29T10:18:03.840000,P,0.494,2.960846813948592e-06,63,0.0001416959883637,20210729T080000_63
AV.DTN..BH,2021-07-29T10:20:49.440000,P,0.674,3.162652546961908e-06,65,0.0001416959883637,20210729T080000_65
AV.DTN..BH,2021-07-29T10:23:03.880000,P,0.738,2.669922878340003e-06,67,8.873737996727725e-05,20210729T080000_67
AV.DTN..BH,2021-07-29T10:24:57.240000,P,0.843,4.549036930256989e-06,69,7.389102077093342e-05,20210729T080000_69
AV.DTN..BH,2021-07-29T10:27:41.240000,P,0.792,4.41172005594126e-06,70,8.873737996727725e-05,20210729T080000_70
AV.DTN..BH,2021-07-29T10:38:44.360000,P,0.921,2.769624416032457e-06,72,8.873737996727725e-05,20210729T080000_72
AV.DTN..BH,2021-07-29T10:43:00.940000,P,0.768,2.7673393105942523e-06,73,0.0003782707838692,20210729T080000_73
AV.DTN..BH,2021-07-29T10:50:56.360000,P,0.808,2.052602212643251e-06,75,0.0001416959883637,20210729T080000_75
AV.DTN..BH,2021-07-29T10:54:46.220000,P,0.934,2.465370698701008e-06,76,7.389102077093342e-05,20210729T080000_76
AV.DTN..BH,2021-07-29T10:59:13.240000,P,0.552,2.822108626787667e-06,78,0.0001416959883637,20210729T080000_78
AV.DTN..BH,2021-07-29T11:01:52.320000,P,0.458,1.5591783721902177e-06,-1,-1.0,20210729T080000_-1
AV.DTN..BH,2021-07-29T11:05:40.000000,P,0.933,3.604431867643143e-06,80,8.873737996727725e-05,20210729T080000_80
AV.DTN..BH,2021-07-29T11:09:29.820000,P,0.825,1.0930384632956702e-05,81,7.389102077093342e-05,20210729T080000_81
AV.DTN..BH,2021-07-29T11:11:09.100000,P,0.329,7.394505246338667e-06,-1,-1.0,20210729T080000_-1
AV.DTN..BH,2021-07-29T11:17:13.800000,P,0.441,2.69097449745459e-06,83,0.0003782707838692,20210729T080000_83
AV.DTN..BH,2021-07-29T11:19:24.780000,P,0.305,1.8205518017566649e-06,-1,-1.0,20210729T080000_-1
AV.DTN..BH,2021-07-29T11:24:14.360000,P,0.972,3.6024546261614887e-06,85,7.389102077093342e-05,20210729T080000_85
AV.DTN..BH,2021-07-29T11:30:03.780000,P,0.932,5.091736966278404e-06,87,8.873737996727725e-05,20210729T080000_87
AV.DTN..BH,2021-07-29T11:40:45.180000,P,0.361,1.9302642613183707e-06,-1,-1.0,20210729T080000_-1
AV.DTN..BH,2021-07-29T11:42:14.720000,P,0.464,2.20701417674718e-06,90,7.389102077093342e-05,20210729T080000_90
AV.DTN..BH,2021-07-29T11:48:37.100000,P,0.802,4.527215423877351e-06,92,7.389102077093342e-05,20210729T080000_92
AV.DTN..BH,2021-07-29T11:56:04.200000,P,0.561,2.07876178137667e-06,-1,-1.0,20210729T080000_-1
AV.DTN..BH,2021-07-29T11:56:52.780000,P,0.521,3.176085556333419e-06,94,0.0012135427256117,20210729T080000_94
AV.DTN..BH,2021-07-29T12:11:09.100000,P,0.303,2.461643134665792e-06,-1,-1.0,20210729T080000_-1
AV.DTN..BH,2021-07-29T12:17:08.320000,P,0.531,1.5634466308256378e-06,-1,-1.0,20210729T080000_-1
AV.DTN..BH,2021-07-29T12:17:33.280000,P,0.715,1.4947248700991622e-06,95,0.0012135427256117,20210729T080000_95
AV.DTN..BH,2021-07-29T12:18:40.080000,P,0.954,4.829829322261503e-06,96,0.0001416959883637,20210729T080000_96
AV.DTN..BH,2021-07-29T12:19:12.480000,P,0.463,1.1842979802167974e-05,97,0.0012135427256117,20210729T080000_97
AV.DTN..BH,2021-07-29T12:29:04.580000,P,0.95,5.794467597297626e-06,-1,-1.0,20210729T080000_-1
AV.DTN..BH,2021-07-29T12:32:55.680000,P,0.744,2.72773536380555e-06,100,7.389102077093342e-05,20210729T080000_100
AV.DTN..BH,2021-07-29T12:36:46.860000,P,0.494,2.2255535441217944e-06,-1,-1.0,20210729T080000_-1
AV.DTN..BH,2021-07-29T12:43:28.340000,P,0.941,1.917436384246685e-05,-1,-1.0,20210729T080000_-1
AV.DTN..BH,2021-07-29T12:52:29.140000,P,0.914,7.16570275471895e-06,-1,-1.0,20210729T080000_-1
AV.DTN..BH,2021-07-29T12:57:00.440000,P,0.433,1.9609569790191017e-06,-1,-1.0,20210729T080000_-1
AV.DTN..BH,2021-07-29T13:02:06.440000,P,0.476,2.3312804842134938e-06,-1,-1.0,20210729T080000_-1
AV.DTN..BH,2021-07-29T13:03:49.740000,P,0.908,2.084987272610306e-06,-1,-1.0,20210729T080000_-1
AV.DTN..BH,2021-07-29T13:07:58.700000,P,0.529,1.832906832532899e-06,-1,-1.0,20210729T080000_-1
AV.DTN..BH,2021-07-29T13:15:31.260000,P,0.853,7.961860319483094e-06,-1,-1.0,20210729T080000_-1
AV.DTN..BH,2021-07-29T13:18:43.260000,P,0.821,9.745312127051877e-06,-1,-1.0,20210729T080000_-1
AV.DTN..BH,2021-07-29T13:31:09.880000,P,0.746,1.985298922591028e-06,-1,-1.0,20210729T080000_-1
AV.DTN..BH,2021-07-29T13:34:05.180000,P,0.75,2.3152863377617905e-06,-1,-1.0,20210729T080000_-1
AV.DTN..BH,2021-07-29T13:38:13.480000,P,0.679,1.573145254951669e-06,-1,-1.0,20210729T080000_-1
AV.DTN..BH,2021-07-29T13:47:24.400000,P,0.406,1.899253788906208e-06,-1,-1.0,20210729T080000_-1
AV.DTN..BH,2021-07-29T13:48:56.540000,P,0.896,4.130569777771598e-06,-1,-1.0,20210729T080000_-1
AV.DTN..BH,2021-07-29T14:02:54.120000,P,0.832,1.7273282537644263e-06,-1,-1.0,20210729T080000_-1
AV.DTN..BH,2021-07-29T14:08:30.640000,P,0.727,2.396027184659033e-06,-1,-1.0,20210729T080000_-1
AV.DTN..BH,2021-07-29T14:16:36.060000,P,0.392,2.261743247800041e-06,-1,-1.0,20210729T080000_-1
AV.DTN..BH,2021-07-29T14:21:02.360000,P,0.661,2.598219452920602e-06,-1,-1.0,20210729T080000_-1
AV.DTN..BH,2021-07-29T14:28:41.000000,P,0.589,1.5414117342515965e-06,-1,-1.0,20210729T080000_-1
AV.DTN..BH,2021-07-29T14:43:48.280000,P,0.421,2.124605316566885e-06,-1,-1.0,20210729T080000_-1
AV.DTN..BH,2021-07-29T14:44:24.000000,P,0.62,2.619118504298968e-06,-1,-1.0,20210729T080000_-1
AV.DTN..BH,2021-07-29T14:46:35.240000,P,0.343,1.6753862155383104e-06,-1,-1.0,20210729T080000_-1
AV.DTN..BH,2021-07-29T14:48:13.360000,P,0.629,2.0549905457301065e-06,-1,-1.0,20210729T080000_-1
AV.DTN..BH,2021-07-29T14:48:43.880000,P,0.456,3.170267063978826e-06,-1,-1.0,20210729T080000_-1
AV.DTN..BH,2021-07-29T14:50:08.360000,P,0.654,2.648414920258801e-06,-1,-1.0,20210729T080000_-1
AV.DTN..BH,2021-07-29T14:53:17.040000,P,0.95,2.681582145669381e-06,-1,-1.0,20210729T080000_-1
AV.DTN..BH,2021-07-29T14:58:46.440000,P,0.585,2.543541540944716e-06,-1,-1.0,20210729T080000_-1
AV.DTN..BH,2021-07-29T15:00:18.240000,P,0.537,1.3465865777106956e-05,-1,-1.0,20210729T080000_-1
AV.DTN..BH,2021-07-29T15:11:16.740000,P,0.86,2.0801910523005063e-06,-1,-1.0,20210729T080000_-1
AV.DTN..BH,2021-07-29T15:14:02.820000,P,0.894,2.7660312298394274e-06,-1,-1.0,20210729T080000_-1
AV.DTN..BH,2021-07-29T15:21:36.280000,P,0.545,2.3167451672634343e-06,-1,-1.0,20210729T080000_-1
AV.DTN..BH,2021-07-29T15:23:48.300000,P,0.423,1.6147751011885705e-06,-1,-1.0,20210729T080000_-1
AV.DTN..BH,2021-07-29T15:30:31.880000,P,0.856,4.050025836477289e-06,-1,-1.0,20210729T080000_-1
AV.DTN..BH,2021-07-29T15:40:52.460000,P,0.459,1.4224897313397378e-06,-1,-1.0,20210729T080000_-1
AV.DTN..BH,2021-07-29T15:54:33.500000,P,0.42,2.266739784317906e-06,-1,-1.0,20210729T080000_-1
AV.DTN..BH,2021-07-29T08:00:11.960000,S,0.484,6.911809032317251e-05,1,0.0001416959883637,20210729T080000_1
AV.DTN..BH,2021-07-29T08:03:45.420000,S,0.494,1.2732492905342951e-05,4,7.389102077093342e-05,20210729T080000_4
AV.DTN..BH,2021-07-29T08:07:36.180000,S,0.464,7.5626558100339025e-06,-1,-1.0,20210729T080000_-1
AV.DTN..BH,2021-07-29T08:11:16.320000,S,0.49,0.000193962448975,9,0.0001416959883637,20210729T080000_9
AV.DTN..BH,2021-07-29T08:17:10.880000,S,0.416,4.5416214561555535e-05,14,0.0001416959883637,20210729T080000_14
AV.DTN..BH,2021-07-29T08:26:26.120000,S,0.347,1.3467329154082108e-05,17,0.0001445423886612,20210729T080000_17
AV.DTN..BH,2021-07-29T08:31:20.540000,S,0.464,1.0938936611637471e-05,19,0.0012135427256117,20210729T080000_19
AV.DTN..BH,2021-07-29T08:41:46.120000,S,0.389,5.5791872000554577e-05,23,0.0012135427256117,20210729T080000_23
AV.DTN..BH,2021-07-29T09:18:00.160000,S,0.674,7.866322448535357e-06,33,0.0001445423886612,20210729T080000_33
AV.DTN..BH,2021-07-29T09:23:48.480000,S,0.566,5.067293841420906e-06,35,2.462672910082444e-05,20210729T080000_35
AV.DTN..BH,2021-07-29T09:38:24.480000,S,0.409,3.715124421432847e-06,41,7.389102077093342e-05,20210729T080000_41
AV.DTN..BH,2021-07-29T09:44:07.560000,S,0.314,3.720294671438751e-06,44,7.389102077093342e-05,20210729T080000_44
AV.DTN..BH,2021-07-29T09:53:13.080000,S,0.326,1.4029496014700271e-05,47,0.0012135427256117,20210729T080000_47
AV.DTN..BH,2021-07-29T09:54:39.740000,S,0.37,2.5703784558572806e-05,49,2.462672910082444e-05,20210729T080000_49
AV.DTN..BH,2021-07-29T09:55:14.120000,S,0.305,0.0001085702824639,50,0.0001416959883637,20210729T080000_50
AV.DTN..BH,2021-07-29T10:06:37.960000,S,0.483,3.667556711661746e-06,57,0.0001416959883637,20210729T080000_57
AV.DTN..BH,2021-07-29T10:14:54.200000,S,0.306,4.642676231014775e-06,-1,-1.0,20210729T080000_-1
AV.DTN..BH,2021-07-29T10:17:06.100000,S,0.412,1.711441291263327e-05,62,0.0001416959883637,20210729T080000_62
AV.DTN..BH,2021-07-29T10:18:30.600000,S,0.517,1.372506085317582e-05,64,7.389102077093342e-05,20210729T080000_64
AV.DTN..BH,2021-07-29T10:23:48.280000,S,0.342,6.174442205519881e-06,68,8.873737996727725e-05,20210729T080000_68
AV.DTN..BH,2021-07-29T10:25:04.980000,S,0.379,6.40281950836652e-06,69,8.873737996727725e-05,20210729T080000_69
AV.DTN..BH,2021-07-29T10:25:43.580000,S,0.375,1.1025654202967416e-05,-1,-1.0,20210729T080000_-1
AV.DTN..BH,2021-07-29T10:28:16.640000,S,0.534,1.6855348803801462e-05,71,0.0001416959883637,20210729T080000_71
AV.DTN..BH,2021-07-29T10:35:05.960000,S,0.367,3.928294972865842e-06,-1,-1.0,20210729T080000_-1
AV.DTN..BH,2021-07-29T10:38:54.880000,S,0.524,3.170493982906919e-06,72,0.0001445423886612,20210729T080000_72
AV.DTN..BH,2021-07-29T10:48:29.640000,S,0.34,2.587053813840612e-06,-1,-1.0,20210729T080000_-1
AV.DTN..BH,2021-07-29T10:51:08.640000,S,0.616,4.714736405730946e-06,75,7.389102077093342e-05,20210729T080000_75
AV.DTN..BH,2021-07-29T10:55:26.480000,S,0.347,4.808267476619221e-06,77,0.0001416959883637,20210729T080000_77
AV.DTN..BH,2021-07-29T10:59:21.120000,S,0.351,3.824417944997549e-06,78,7.389102077093342e-05,20210729T080000_78
AV.DTN..BH,2021-07-29T10:59:48.920000,S,0.546,5.266484549792949e-06,79,0.0003782707838692,20210729T080000_79
AV.DTN..BH,2021-07-29T11:06:18.380000,S,0.485,2.703999234654475e-05,-1,-1.0,20210729T080000_-1
AV.DTN..BH,2021-07-29T11:10:10.640000,S,0.478,9.306281572207808e-05,82,0.0001416959883637,20210729T080000_82
AV.DTN..BH,2021-07-29T11:24:25.900000,S,0.855,3.8522452996403445e-06,86,7.389102077093342e-05,20210729T080000_86
AV.DTN..BH,2021-07-29T11:30:07.840000,S,0.511,6.205627414601622e-06,87,0.0001445423886612,20210729T080000_87
AV.DTN..BH,2021-07-29T11:30:42.700000,S,0.566,2.5678626116132364e-05,88,0.0003782707838692,20210729T080000_88
AV.DTN..BH,2021-07-29T11:31:23.440000,S,0.453,4.3081345211248845e-06,89,7.389102077093342e-05,20210729T080000_89
AV.DTN..BH,2021-07-29T11:42:59.580000,S,0.441,1.7101703633670695e-05,91,0.0001416959883637,20210729T080000_91
AV.DTN..BH,2021-07-29T11:48:41.880000,S,0.332,6.555525487783598e-06,92,8.873737996727725e-05,20210729T080000_92
AV.DTN..BH,2021-07-29T11:49:17.160000,S,0.33,2.9948578230687417e-05,93,0.0003782707838692,20210729T080000_93
AV.DTN..BH,2021-07-29T12:24:29.920000,S,0.421,4.111466296308208e-06,98,0.0001416959883637,20210729T080000_98
AV.DTN..BH,2021-07-29T12:24:59.360000,S,0.312,1.0267787729389966e-05,99,8.873737996727725e-05,20210729T080000_99
AV.DTN..BH,2021-07-29T12:32:59.900000,S,0.507,3.543432740116259e-06,-1,-1.0,20210729T080000_-1
AV.DTN..BH,2021-07-29T12:52:58.140000,S,0.392,2.5208226361428387e-05,-1,-1.0,20210729T080000_-1
AV.DTN..BH,2021-07-29T13:04:30.160000,S,0.555,3.5648738503368804e-06,-1,-1.0,20210729T080000_-1
AV.DTN..BH,2021-07-29T13:15:37.480000,S,0.435,1.1061591976613272e-05,-1,-1.0,20210729T080000_-1
AV.DTN..BH,2021-07-29T13:16:08.840000,S,0.348,6.920145096955821e-05,-1,-1.0,20210729T080000_-1
AV.DTN..BH,2021-07-29T13:18:54.400000,S,0.346,1.491698913014261e-05,-1,-1.0,20210729T080000_-1
AV.DTN..BH,2021-07-29T13:31:20.380000,S,0.739,3.1716442663309863e-06,-1,-1.0,20210729T080000_-1
AV.DTN..BH,2021-07-29T13:31:53.100000,S,0.756,7.83324139774777e-06,-1,-1.0,20210729T080000_-1
AV.DTN..BH,2021-07-29T13:49:43.040000,S,0.31,1.66509416885674e-05,-1,-1.0,20210729T080000_-1
AV.DTN..BH,2021-07-29T14:04:23.440000,S,0.554,7.142116828617873e-06,-1,-1.0,20210729T080000_-1
AV.DTN..BH,2021-07-29T14:09:04.640000,S,0.431,6.366084107867209e-06,-1,-1.0,20210729T080000_-1
AV.DTN..BH,2021-07-29T14:16:46.260000,S,0.52,2.579915189926396e-06,-1,-1.0,20210729T080000_-1
AV.DTN..BH,2021-07-29T14:21:42.580000,S,0.432,3.5576520076574525e-06,-1,-1.0,20210729T080000_-1
AV.DTN..BH,2021-07-29T14:50:34.660000,S,0.727,5.862999387318268e-06,-1,-1.0,20210729T080000_-1
AV.DTN..BH,2021-07-29T14:53:47.440000,S,0.443,7.264009582286235e-06,-1,-1.0,20210729T080000_-1
AV.DTN..BH,2021-07-29T14:59:29.020000,S,0.579,7.974957043188624e-06,-1,-1.0,20210729T080000_-1
AV.DTN..BH,2021-07-29T15:00:28.320000,S,0.357,1.441003678337438e-05,-1,-1.0,20210729T080000_-1
AV.DTN..BH,2021-07-29T15:11:27.680000,S,0.34,2.032622887782054e-06,-1,-1.0,20210729T080000_-1
AV.DTN..BH,2021-07-29T15:14:12.920000,S,0.446,4.725462076748954e-06,-1,-1.0,20210729T080000_-1
AV.DTN..BH,2021-07-29T15:14:48.700000,S,0.518,1.5969431842677295e-05,-1,-1.0,20210729T080000_-1
AV.DTN..BH,2021-07-29T15:31:01.040000,S,0.481,1.9842922483803704e-05,-1,-1.0,20210729T080000_-1
AV.DTN..BH,2021-07-29T15:54:43.400000,S,0.345,2.438142018945655e-06,-1,-1.0,20210729T080000_-1
AV.HAG..SH,2021-07-29T08:00:00.600000,P,0.709,1.681754110904876e-05,2,7.389102077093342e-05,20210729T080000_2
AV.HAG..SH,2021-07-29T08:01:57.180000,P,0.604,7.058480946398049e-07,-1,-1.0,20210729T080000_-1
AV.HAG..SH,2021-07-29T08:03:34.760000,P,0.677,1.4129908777249511e-05,3,0.0001416959883637,20210729T080000_3
AV.HAG..SH,2021-07-29T08:06:07.040000,P,0.603,1.255332563232514e-06,-1,-1.0,20210729T080000_-1
AV.HAG..SH,2021-07-29T08:09:40.800000,P,0.551,4.637720849132165e-06,7,8.873737996727725e-05,20210729T080000_7
AV.HAG..SH,2021-07-29T08:11:03.640000,P,0.474,5.609825529973023e-05,9,7.389102077093342e-05,20210729T080000_9
AV.HAG..SH,2021-07-29T08:13:37.760000,P,0.47,3.6017513593833428e-06,10,7.389102077093342e-05,20210729T080000_10
AV.HAG..SH,2021-07-29T08:14:30.320000,P,0.614,4.032227025163593e-06,11,0.0001416959883637,20210729T080000_11
AV.HAG..SH,2021-07-29T08:16:31.820000,P,0.748,1.707151204755064e-05,13,0.0001445423886612,20210729T080000_13
AV.HAG..SH,2021-07-29T08:18:28.220000,P,0.529,7.3074893407465424e-06,15,0.0012135427256117,20210729T080000_15
AV.HAG..SH,2021-07-29T08:25:56.720000,P,0.596,1.479006414228934e-06,16,0.0001416959883637,20210729T080000_16
AV.HAG..SH,2021-07-29T08:27:21.720000,P,0.366,2.7401292754802853e-06,-1,-1.0,20210729T080000_-1
AV.HAG..SH,2021-07-29T08:30:48.540000,P,0.345,1.4498605196422432e-06,18,7.389102077093342e-05,20210729T080000_18
AV.HAG..SH,2021-07-29T08:33:40.060000,P,0.789,3.174391167704016e-06,20,7.389102077093342e-05,20210729T080000_20
AV.HAG..SH,2021-07-29T08:35:40.560000,P,0.491,2.0450261217774823e-06,-1,-1.0,20210729T080000_-1
AV.HAG..SH,2021-07-29T08:39:33.020000,P,0.71,2.6281702503183624e-06,-1,-1.0,20210729T080000_-1
AV.HAG..SH,2021-07-29T08:40:58.780000,P,0.71,1.1334146620356478e-05,22,2.462672910082444e-05,20210729T080000_22
AV.HAG..SH,2021-07-29T08:41:31.500000,P,0.522,1.9765790057135742e-05,24,0.0001416959883637,20210729T080000_24
AV.HAG..SH,2021-07-29T08:45:16.080000,P,0.346,5.953117465651303e-07,-1,-1.0,20210729T080000_-1
AV.HAG..SH,2021-07-29T08:56:35.500000,P,0.631,1.5490026271436363e-05,-1,-1.0,20210729T080000_-1
AV.HAG..SH,2021-07-29T08:58:28.200000,P,0.367,1.0488501175132114e-05,29,8.873737996727725e-05,20210729T080000_29
AV.HAG..SH,2021-07-29T09:08:31.980000,P,0.76,6.149053206172539e-06,31,8.873737996727725e-05,20210729T080000_31
AV.HAG..SH,2021-07-29T09:14:45.500000,P,0.586,1.2906839401694017e-06,-1,-1.0,20210729T080000_-1
AV.HAG..SH,2021-07-29T09:17:50.300000,P,0.76,6.528853191412054e-06,33,2.462672910082444e-05,20210729T080000_33
AV.HAG..SH,2021-07-29T09:23:35.600000,P,0.611,3.998370630142745e-06,35,0.0026168716862246,20210729T080000_35
AV.HAG..SH,2021-07-29T09:27:00.220000,P,0.569,9.672868372945231e-07,36,8.873737996727725e-05,20210729T080000_36
AV.HAG..SH,2021-07-29T09:29:02.280000,P,0.908,2.81334032479208e-05,37,8.873737996727725e-05,20210729T080000_37
AV.HAG..SH,2021-07-29T09:36:07.360000,P,0.75,1.5145956240303349e-06,39,7.389102077093342e-05,20210729T080000_39
AV.HAG..SH,2021-07-29T09:36:37.940000,P,0.358,1.4291096022134298e-06,40,0.0001416959883637,20210729T080000_40
AV.HAG..SH,2021-07-29T09:38:15.240000,P,0.865,6.041105734766461e-06,41,8.873737996727725e-05,20210729T080000_41
AV.HAG..SH,2021-07-29T09:43:58.360000,P,0.337,1.5691615544710658e-06,44,8.873737996727725e-05,20210729T080000_44
AV.HAG..SH,2021-07-29T09:53:02.860000,P,0.814,1.060963677446125e-05,48,0.0001445423886612,20210729T080000_48
AV.HAG..SH,2021-07-29T09:54:25.260000,P,0.741,2.267923264298588e-05,49,0.0026168716862246,20210729T080000_49
AV.HAG..SH,2021-07-29T09:56:15.560000,P,0.342,3.6991348224546527e-06,51,0.0003782707838692,20210729T080000_51
AV.HAG..SH,2021-07-29T09:56:54.720000,P,0.57,4.717346655525034e-06,-1,-1.0,20210729T080000_-1
AV.HAG..SH,2021-07-29T09:57:25.500000,P,0.431,5.5810046433180105e-06,-1,-1.0,20210729T080000_-1
AV.HAG..SH,2021-07-29T09:59:20.880000,P,0.614,2.830588755386998e-06,52,8.873737996727725e-05,20210729T080000_52
AV.HAG..SH,2021-07-29T10:00:32.460000,P,0.451,4.403142611408839e-06,-1,-1.0,20210729T080000_-1
AV.HAG..SH,2021-07-29T10:02:22.720000,P,0.318,8.424534826190211e-06,-1,-1.0,20210729T080000_-1
AV.HAG..SH,2021-07-29T10:05:51.600000,P,0.597,9.43387988172617e-07,56,0.0001445423886612,20210729T080000_56
AV.HAG..SH,2021-07-29T10:08:33.660000,P,0.643,2.9818656912539154e-06,58,0.0003782707838692,20210729T080000_58
AV.HAG..SH,2021-07-29T10:14:03.980000,P,0.72,1.4712496749780255e-06,60,0.0001416959883637,20210729T080000_60
AV.HAG..SH,2021-07-29T10:16:35.560000,P,0.851,4.267665644874796e-06,61,8.873737996727725e-05,20210729T080000_61
AV.HAG..SH,2021-07-29T10:18:01.580000,P,0.755,4.188490947854007e-06,63,7.389102077093342e-05,20210729T080000_63
AV.HAG..SH,2021-07-29T10:19:25.820000,P,0.374,3.837451174604212e-07,-1,-1.0,20210729T080000_-1
AV.HAG..SH,2021-07-29T10:20:46.520000,P,0.638,9.673149179434404e-07,65,7.389102077093342e-05,20210729T080000_65
AV.HAG..SH,2021-07-29T10:23:01.240000,P,0.86,2.909900786107756e-06,67,0.0001445423886612,20210729T080000_67
AV.HAG..SH,2021-07-29T10:24:54.880000,P,0.623,3.7288957628334174e-06,69,0.0001445423886612,20210729T080000_69
AV.HAG..SH,2021-07-29T10:27:38.520000,P,0.403,4.585043882343598e-07,70,0.0001445423886612,20210729T080000_70
AV.HAG..SH,2021-07-29T10:27:39.460000,P,0.768,3.543224011082202e-06,-1,-1.0,20210729T080000_-1
AV.HAG..SH,2021-07-29T10:28:11.960000,P,0.419,6.680408205284039e-06,71,7.389102077093342e-05,20210729T080000_71
AV.HAG..SH,2021-07-29T10:28:30.080000,P,0.335,5.175705609872239e-06,-1,-1.0,20210729T080000_-1
AV.HAG..SH,2021-07-29T10:38:42.040000,P,0.81,3.1062970720086014e-06,72,2.462672910082444e-05,20210729T080000_72
AV.HAG..SH,2021-07-29T10:48:59.580000,P,0.48,2.758736172836507e-07,-1,-1.0,20210729T080000_-1
AV.HAG..SH,2021-07-29T10:49:36.080000,P,0.483,6.389162763298373e-07,-1,-1.0,20210729T080000_-1
AV.HAG..SH,2021-07-29T10:50:56.920000,P,0.589,1.7133017991000088e-06,74,8.873737996727725e-05,20210729T080000_74
AV.HAG..SH,2021-07-29T10:54:45.500000,P,0.636,1.7497720818937523e-06,-1,-1.0,20210729T080000_-1
AV.HAG..SH,2021-07-29T10:59:12.280000,P,0.872,3.764507937376038e-06,78,8.873737996727725e-05,20210729T080000_78
AV.HAG..SH,2021-07-29T11:02:31.520000,P,0.314,8.388851711060852e-07,-1,-1.0,20210729T080000_-1
AV.HAG..SH,2021-07-29T11:05:37.740000,P,0.655,4.396110853122082e-06,80,0.0001445423886612,20210729T080000_80
AV.HAG..SH,2021-07-29T11:09:27.060000,P,0.914,1.5733385225757957e-05,81,8.873737996727725e-05,20210729T080000_81
AV.HAG..SH,2021-07-29T11:17:11.980000,P,0.521,1.8209542531621992e-06,83,0.0001416959883637,20210729T080000_83
AV.HAG..SH,2021-07-29T11:24:16.460000,P,0.822,1.6169548189282068e-06,86,8.873737996727725e-05,20210729T080000_86
AV.HAG..SH,2021-07-29T11:30:01.560000,P,0.855,8.168872227543034e-06,87,2.462672910082444e-05,20210729T080000_87
AV.HAG..SH,2021-07-29T11:40:44.300000,P,0.588,4.571050169488444e-07,-1,-1.0,20210729T080000_-1
AV.HAG..SH,2021-07-29T11:42:12.120000,P,0.415,2.386939854659431e-07,90,8.873737996727725e-05,20210729T080000_90
AV.HAG..SH,2021-07-29T11:42:12.780000,P,0.369,2.4961996132333297e-06,-1,-1.0,20210729T080000_-1
AV.HAG..SH,2021-07-29T11:48:35.020000,P,0.651,3.690399239530962e-07,-1,-1.0,20210729T080000_-1
AV.HAG..SH,2021-07-29T11:48:36.000000,P,0.465,5.21044103152235e-06,-1,-1.0,20210729T080000_-1
AV.HAG..SH,2021-07-29T12:04:51.260000,P,0.734,7.394720000775123e-07,-1,-1.0,20210729T080000_-1
AV.HAG..SH,2021-07-29T12:18:38.100000,P,0.92,8.107875146379229e-06,96,7.389102077093342e-05,20210729T080000_96
AV.HAG..SH,2021-07-29T12:27:52.660000,P,0.737,5.809488357044756e-07,-1,-1.0,20210729T080000_-1
AV.HAG..SH,2021-07-29T12:29:02.120000,P,0.506,6.201057658472564e-06,-1,-1.0,20210729T080000_-1
AV.HAG..SH,2021-07-29T12:32:52.520000,P,0.8,3.6708715924760327e-06,100,8.873737996727725e-05,20210729T080000_100
AV.HAG..SH,2021-07-29T12:43:25.500000,P,0.946,4.251546670275275e-06,-1,-1.0,20210729T080000_-1
AV.HAG..SH,2021-07-29T12:43:29.920000,P,0.365,3.2140527764568105e-05,-1,-1.0,20210729T080000_-1
AV.HAG..SH,2021-07-29T12:50:45.200000,P,0.437,4.6591824798269954e-07,-1,-1.0,20210729T080000_-1
AV.HAG..SH,2021-07-29T12:52:26.860000,P,0.585,9.528824193694165e-06,-1,-1.0,20210729T080000_-1
AV.HAG..SH,2021-07-29T13:03:48.360000,P,0.35,1.0258015663566766e-06,-1,-1.0,20210729T080000_-1
AV.HAG..SH,2021-07-29T13:13:08.560000,P,0.309,3.9970308307601954e-07,-1,-1.0,20210729T080000_-1
AV.HAG..SH,2021-07-29T13:15:28.460000,P,0.909,6.322294211713597e-06,-1,-1.0,20210729T080000_-1
AV.HAG..SH,2021-07-29T13:18:40.340000,P,0.965,7.472954166587442e-06,-1,-1.0,20210729T080000_-1
AV.HAG..SH,2021-07-29T13:31:07.080000,P,0.894,2.0696211322501767e-06,-1,-1.0,20210729T080000_-1
AV.HAG..SH,2021-07-29T13:32:04.460000,P,0.324,2.337712658118108e-06,-1,-1.0,20210729T080000_-1
AV.HAG..SH,2021-07-29T13:38:11.880000,P,0.344,1.049170236910868e-06,-1,-1.0,20210729T080000_-1
AV.HAG..SH,2021-07-29T13:48:54.380000,P,0.636,3.625056478995248e-06,-1,-1.0,20210729T080000_-1
AV.HAG..SH,2021-07-29T14:02:51.980000,P,0.709,7.908876682449772e-07,-1,-1.0,20210729T080000_-1
AV.HAG..SH,2021-07-29T14:08:27.980000,P,0.607,9.678465175966269e-07,-1,-1.0,20210729T080000_-1
AV.HAG..SH,2021-07-29T14:16:33.000000,P,0.892,1.3327081660463591e-06,-1,-1.0,20210729T080000_-1
AV.HAG..SH,2021-07-29T14:21:00.140000,P,0.703,5.649167178489733e-07,-1,-1.0,20210729T080000_-1
AV.HAG..SH,2021-07-29T14:33:11.500000,P,0.703,6.467316779890098e-07,-1,-1.0,20210729T080000_-1
AV.HAG..SH,2021-07-29T14:43:44.880000,P,0.843,1.336286914010998e-06,-1,-1.0,20210729T080000_-1
AV.HAG..SH,2021-07-29T14:47:05.100000,P,0.391,1.1206494718862814e-06,-1,-1.0,20210729T080000_-1
AV.HAG..SH,2021-07-29T14:48:12.280000,P,0.519,8.110783369374985e-07,-1,-1.0,20210729T080000_-1
AV.HAG..SH,2021-07-29T14:50:05.400000,P,0.871,2.055006461887388e-06,-1,-1.0,20210729T080000_-1
AV.HAG..SH,2021-07-29T14:53:15.000000,P,0.372,3.2651846595399547e-06,-1,-1.0,20210729T080000_-1
AV.HAG..SH,2021-07-29T14:58:44.220000,P,0.845,2.3642846826987807e-06,-1,-1.0,20210729T080000_-1
AV.HAG..SH,2021-07-29T14:59:49.260000,P,0.586,4.379895017336821e-06,-1,-1.0,20210729T080000_-1
AV.HAG..SH,2021-07-29T15:06:16.920000,P,0.685,4.765620360558387e-07,-1,-1.0,20210729T080000_-1
AV.HAG..SH,2021-07-29T15:11:16.940000,P,0.918,8.142514502651466e-07,-1,-1.0,20210729T080000_-1
AV.HAG..SH,2021-07-29T15:14:00.140000,P,0.779,3.642606543508009e-06,-1,-1.0,20210729T080000_-1
AV.HAG..SH,2021-07-29T15:21:33.760000,P,0.705,6.062314810151292e-07,-1,-1.0,20210729T080000_-1
AV.HAG..SH,2021-07-29T15:30:29.620000,P,0.967,6.669264621450566e-06,-1,-1.0,20210729T080000_-1
AV.HAG..SH,2021-07-29T15:38:15.620000,P,0.354,6.686578331027704e-07,-1,-1.0,20210729T080000_-1
AV.HAG..SH,2021-07-29T08:00:05.240000,S,0.423,1.681754110904876e-05,2,8.873737996727725e-05,20210729T080000_2
AV.HAG..SH,2021-07-29T08:04:10.560000,S,0.304,1.5610929040121846e-05,5,0.0003782707838692,20210729T080000_5
AV.HAG..SH,2021-07-29T08:09:47.320000,S,0.323,4.637720849132165e-06,7,0.0001445423886612,20210729T080000_7
AV.HAG..SH,2021-07-29T08:14:08.840000,S,0.335,4.621936568582896e-06,-1,-1.0,20210729T080000_-1
AV.HAG..SH,2021-07-29T08:14:54.720000,S,0.319,6.841789399913978e-06,12,0.0012135427256117,20210729T080000_12
AV.HAG..SH,2021-07-29T08:16:37.200000,S,0.423,1.707151204755064e-05,-1,-1.0,20210729T080000_-1
AV.HAG..SH,2021-07-29T08:17:16.960000,S,0.394,2.492763633199501e-05,14,7.389102077093342e-05,20210729T080000_14
AV.HAG..SH,2021-07-29T08:18:36.040000,S,0.377,7.3074893407465424e-06,15,0.0003782707838692,20210729T080000_15
AV.HAG..SH,2021-07-29T08:31:16.300000,S,0.441,2.144439349649474e-06,19,0.0003782707838692,20210729T080000_19
AV.HAG..SH,2021-07-29T08:40:08.060000,S,0.437,3.6160922718408975e-06,21,0.0001445423886612,20210729T080000_21
AV.HAG..SH,2021-07-29T08:41:08.140000,S,0.591,1.5093990441528147e-05,22,0.0026168716862246,20210729T080000_22
AV.HAG..SH,2021-07-29T08:41:42.040000,S,0.338,2.0169849449303e-05,24,7.389102077093342e-05,20210729T080000_24
AV.HAG..SH,2021-07-29T08:45:42.080000,S,0.507,6.060315627109958e-07,-1,-1.0,20210729T080000_-1
AV.HAG..SH,2021-07-29T08:55:29.560000,S,0.339,1.2578665291584912e-06,25,7.389102077093342e-05,20210729T080000_25
AV.HAG..SH,2021-07-29T08:56:09.180000,S,0.423,1.7646032574702986e-05,26,7.389102077093342e-05,20210729T080000_26
AV.HAG..SH,2021-07-29T08:56:41.340000,S,0.528,1.5681454897276126e-05,27,8.873737996727725e-05,20210729T080000_27
AV.HAG..SH,2021-07-29T08:58:33.080000,S,0.458,1.0488501175132114e-05,29,0.0001445423886612,20210729T080000_29
AV.HAG..SH,2021-07-29T09:04:08.120000,S,0.496,9.465806556363532e-07,-1,-1.0,20210729T080000_-1
AV.HAG..SH,2021-07-29T09:09:00.160000,S,0.616,9.784029316506349e-06,32,0.0012135427256117,20210729T080000_32
AV.HAG..SH,2021-07-29T09:15:33.240000,S,0.393,1.9056118389926269e-06,-1,-1.0,20210729T080000_-1
AV.HAG..SH,2021-07-29T09:17:57.420000,S,0.816,6.528853191412054e-06,33,0.0026168716862246,20210729T080000_33
AV.HAG..SH,2021-07-29T09:36:45.320000,S,0.403,1.4291096022134298e-06,-1,-1.0,20210729T080000_-1
AV.HAG..SH,2021-07-29T09:44:03.720000,S,0.303,1.5691615544710658e-06,44,0.0001445423886612,20210729T080000_44
AV.HAG..SH,2021-07-29T09:44:34.360000,S,0.304,2.0467225567699643e-06,45,0.0012135427256117,20210729T080000_45
AV.HAG..SH,2021-07-29T09:53:08.200000,S,0.401,1.060963677446125e-05,47,0.0003782707838692,20210729T080000_47
AV.HAG..SH,2021-07-29T09:53:40.960000,S,0.399,6.508457317977445e-06,-1,-1.0,20210729T080000_-1
AV.HAG..SH,2021-07-29T09:53:53.840000,S,0.383,7.615248705405975e-06,-1,-1.0,20210729T080000_-1
AV.HAG..SH,2021-07-29T09:54:33.640000,S,0.323,2.4031740395003e-05,49,4.4976961308223485e-05,20210729T080000_49
AV.HAG..SH,2021-07-29T10:01:28.960000,S,0.567,1.609944888514292e-06,-1,-1.0,20210729T080000_-1
AV.HAG..SH,2021-07-29T10:06:35.560000,S,0.387,1.0380564390288782e-06,57,7.389102077093342e-05,20210729T080000_57
AV.HAG..SH,2021-07-29T10:06:36.200000,S,0.301,2.1328125967556844e-06,-1,-1.0,20210729T080000_-1
AV.HAG..SH,2021-07-29T10:09:15.780000,S,0.636,3.096890168308164e-06,-1,-1.0,20210729T080000_-1
AV.HAG..SH,2021-07-29T10:14:09.920000,S,0.567,1.53100234001613e-06,60,7.389102077093342e-05,20210729T080000_60
AV.HAG..SH,2021-07-29T10:17:02.560000,S,0.52,1.0459133591211868e-05,62,7.389102077093342e-05,20210729T080000_62
AV.HAG..SH,2021-07-29T10:18:30.860000,S,0.841,6.9045909185661e-06,-1,-1.0,20210729T080000_-1
AV.HAG..SH,2021-07-29T10:21:22.060000,S,0.755,1.6411318028985988e-06,66,0.0003782707838692,20210729T080000_66
AV.HAG..SH,2021-07-29T10:23:04.400000,S,0.554,2.909900786107756e-06,67,2.462672910082444e-05,20210729T080000_67
AV.HAG..SH,2021-07-29T10:23:43.100000,S,0.539,3.640943987193168e-06,68,0.0001445423886612,20210729T080000_68
AV.HAG..SH,2021-07-29T10:25:02.540000,S,0.528,3.7288957628334174e-06,69,2.462672910082444e-05,20210729T080000_69
AV.HAG..SH,2021-07-29T10:25:37.640000,S,0.347,3.1263073196896585e-06,-1,-1.0,20210729T080000_-1
AV.HAG..SH,2021-07-29T10:28:16.200000,S,0.373,6.680408205284039e-06,71,8.873737996727725e-05,20210729T080000_71
AV.HAG..SH,2021-07-29T10:38:50.720000,S,0.685,3.1062970720086014e-06,72,0.0026168716862246,20210729T080000_72
AV.HAG..SH,2021-07-29T10:51:09.680000,S,0.534,2.635691089380998e-06,-1,-1.0,20210729T080000_-1
AV.HAG..SH,2021-07-29T10:54:48.440000,S,0.306,1.7497720818937523e-06,76,8.873737996727725e-05,20210729T080000_76
AV.HAG..SH,2021-07-29T10:59:44.860000,S,0.485,3.954944986617193e-06,79,0.0001416959883637,20210729T080000_79
AV.HAG..SH,2021-07-29T11:12:15.320000,S,0.377,2.666784894245211e-06,-1,-1.0,20210729T080000_-1
AV.HAG..SH,2021-07-29T11:17:47.880000,S,0.486,3.5272162222099723e-06,84,0.0001416959883637,20210729T080000_84
AV.HAG..SH,2021-07-29T11:24:25.560000,S,0.373,9.745065199240344e-07,86,0.0001445423886612,20210729T080000_86
AV.HAG..SH,2021-07-29T11:24:29.820000,S,0.586,2.4389642021560576e-06,85,8.873737996727725e-05,20210729T080000_85
AV.HAG..SH,2021-07-29T11:30:37.320000,S,0.357,1.2477873497118708e-05,88,0.0001416959883637,20210729T080000_88
AV.HAG..SH,2021-07-29T11:31:25.520000,S,0.726,4.170113697909983e-06,89,8.873737996727725e-05,20210729T080000_89
AV.HAG..SH,2021-07-29T11:49:11.720000,S,0.34,1.0948609087790828e-05,93,0.0001416959883637,20210729T080000_93
AV.HAG..SH,2021-07-29T11:52:57.120000,S,0.353,1.0475878298166208e-06,-1,-1.0,20210729T080000_-1
AV.HAG..SH,2021-07-29T12:18:43.580000,S,0.529,8.107875146379229e-06,96,8.873737996727725e-05,20210729T080000_96
AV.HAG..SH,2021-07-29T12:19:17.980000,S,0.464,7.198077128123259e-06,-1,-1.0,20210729T080000_-1
AV.HAG..SH,2021-07-29T12:24:17.880000,S,0.428,3.001949608005816e-06,-1,-1.0,20210729T080000_-1
AV.HAG..SH,2021-07-29T12:27:58.280000,S,0.331,5.655077188748692e-07,-1,-1.0,20210729T080000_-1
AV.HAG..SH,2021-07-29T12:28:13.200000,S,0.329,4.0734153117227844e-07,-1,-1.0,20210729T080000_-1
AV.HAG..SH,2021-07-29T12:29:39.340000,S,0.695,9.498042345512658e-06,-1,-1.0,20210729T080000_-1
AV.HAG..SH,2021-07-29T12:32:57.200000,S,0.318,3.6708715924760327e-06,-1,-1.0,20210729T080000_-1
AV.HAG..SH,2021-07-29T12:44:05.320000,S,0.308,3.4980846976395696e-05,-1,-1.0,20210729T080000_-1
AV.HAG..SH,2021-07-29T13:02:45.120000,S,0.47,8.304040761686338e-07,-1,-1.0,20210729T080000_-1
AV.HAG..SH,2021-07-29T13:32:10.040000,S,0.365,2.337712658118108e-06,-1,-1.0,20210729T080000_-1
AV.HAG..SH,2021-07-29T13:38:44.680000,S,0.311,9.07318963072612e-07,-1,-1.0,20210729T080000_-1
AV.HAG..SH,2021-07-29T13:47:51.400000,S,0.476,7.262214580805448e-07,-1,-1.0,20210729T080000_-1
AV.HAG..SH,2021-07-29T14:04:16.960000,S,0.539,3.6344040381663945e-06,-1,-1.0,20210729T080000_-1
AV.HAG..SH,2021-07-29T14:09:37.920000,S,0.63,3.833097707683919e-06,-1,-1.0,20210729T080000_-1
AV.HAG..SH,2021-07-29T14:16:11.500000,S,0.471,5.471821964420087e-07,-1,-1.0,20210729T080000_-1
AV.HAG..SH,2021-07-29T14:16:44.800000,S,0.618,1.7218653738382272e-06,-1,-1.0,20210729T080000_-1
AV.HAG..SH,2021-07-29T14:17:25.720000,S,0.302,1.1646407074294984e-06,-1,-1.0,20210729T080000_-1
AV.HAG..SH,2021-07-29T14:21:39.840000,S,0.61,1.1252959666308016e-06,-1,-1.0,20210729T080000_-1
AV.HAG..SH,2021-07-29T14:43:52.400000,S,0.439,1.336286914010998e-06,-1,-1.0,20210729T080000_-1
AV.HAG..SH,2021-07-29T14:44:28.600000,S,0.417,1.3620987147078267e-06,-1,-1.0,20210729T080000_-1
AV.HAG..SH,2021-07-29T14:47:11.200000,S,0.351,1.1206494718862814e-06,-1,-1.0,20210729T080000_-1
AV.HAG..SH,2021-07-29T14:48:21.120000,S,0.506,9.012850341605372e-07,-1,-1.0,20210729T080000_-1
AV.HAG..SH,2021-07-29T14:49:33.600000,S,0.555,9.826055702433225e-07,-1,-1.0,20210729T080000_-1
AV.HAG..SH,2021-07-29T14:50:30.080000,S,0.79,3.2700795600248966e-06,-1,-1.0,20210729T080000_-1
AV.HAG..SH,2021-07-29T14:53:21.280000,S,0.495,3.2651846595399547e-06,-1,-1.0,20210729T080000_-1
AV.HAG..SH,2021-07-29T14:57:46.520000,S,0.56,5.618231853077305e-07,-1,-1.0,20210729T080000_-1
AV.HAG..SH,2021-07-29T14:59:27.720000,S,0.325,5.694834271707805e-06,-1,-1.0,20210729T080000_-1
AV.HAG..SH,2021-07-29T15:00:19.360000,S,0.313,5.057787802797975e-06,-1,-1.0,20210729T080000_-1
AV.HAG..SH,2021-07-29T15:06:41.360000,S,0.399,5.539423568734492e-07,-1,-1.0,20210729T080000_-1
AV.HAG..SH,2021-07-29T15:11:28.100000,S,0.65,1.332466013082012e-06,-1,-1.0,20210729T080000_-1
AV.HAG..SH,2021-07-29T15:14:45.040000,S,0.795,4.741229986393591e-06,-1,-1.0,20210729T080000_-1
AV.HAG..SH,2021-07-29T15:21:44.840000,S,0.398,6.062314810151292e-07,-1,-1.0,20210729T080000_-1
AV.HAG..SH,2021-07-29T15:22:12.600000,S,0.333,8.747748552195844e-07,-1,-1.0,20210729T080000_-1
AV.HAG..SH,2021-07-29T15:29:14.060000,S,0.428,8.131667641464446e-07,-1,-1.0,20210729T080000_-1
AV.HAG..SH,2021-07-29T15:30:58.460000,S,0.502,9.187278010358568e-06,-1,-1.0,20210729T080000_-1
AV.HAG..SH,2021-07-29T15:38:15.680000,S,0.451,6.686578331027704e-07,-1,-1.0,20210729T080000_-1
AV.HAG..SH,2021-07-29T15:55:24.400000,S,0.321,1.1421722092563869e-06,-1,-1.0,20210729T080000_-1
AV.PN7A..BH,2021-07-29T08:00:00.020000,P,0.487,3.761549305636436e-05,2,0.0001445423886612,20210729T080000_2
AV.PN7A..BH,2021-07-29T08:03:36.680000,P,0.634,5.0124854169553146e-05,4,8.873737996727725e-05,20210729T080000_4
AV.PN7A..BH,2021-07-29T08:13:39.100000,P,0.306,1.88268404599512e-05,10,8.873737996727725e-05,20210729T080000_10
AV.PN7A..BH,2021-07-29T08:16:33.480000,P,0.699,5.461512409965508e-05,13,2.462672910082444e-05,20210729T080000_13
AV.PN7A..BH,2021-07-29T08:25:57.260000,P,0.52,2.337427031307016e-05,16,7.389102077093342e-05,20210729T080000_16
AV.PN7A..BH,2021-07-29T08:26:12.380000,P,0.631,2.6580084522720423e-05,17,2.462672910082444e-05,20210729T080000_17
AV.PN7A..BH,2021-07-29T08:33:40.440000,P,0.343,2.5404586267541163e-05,20,8.873737996727725e-05,20210729T080000_20
AV.PN7A..BH,2021-07-29T08:40:59.980000,P,0.855,1.4773507245990912e-05,22,4.4976961308223485e-05,20210729T080000_22
AV.PN7A..BH,2021-07-29T08:56:08.040000,P,0.735,1.608027014299296e-05,26,8.873737996727725e-05,20210729T080000_26
AV.PN7A..BH,2021-07-29T08:57:29.480000,P,0.367,1.28647161545814e-05,28,0.0001416959883637,20210729T080000_28
AV.PN7A..BH,2021-07-29T09:08:33.560000,P,0.36,6.571646281372523e-06,31,0.0001445423886612,20210729T080000_31
AV.PN7A..BH,2021-07-29T09:08:34.220000,P,0.653,1.3833161574439146e-05,-1,-1.0,20210729T080000_-1
AV.PN7A..BH,2021-07-29T09:17:52.080000,P,0.699,9.670768122305162e-06,-1,-1.0,20210729T080000_-1
AV.PN7A..BH,2021-07-29T09:23:36.760000,P,0.592,7.04637113813078e-06,35,4.4976961308223485e-05,20210729T080000_35
AV.PN7A..BH,2021-07-29T09:27:00.780000,P,0.887,6.929136361577548e-06,36,0.0001445423886612,20210729T080000_36
AV.PN7A..BH,2021-07-29T09:29:03.300000,P,0.878,5.077267633168958e-05,37,0.0001445423886612,20210729T080000_37
AV.PN7A..BH,2021-07-29T09:38:17.640000,P,0.762,1.0996930541296024e-05,41,0.0001445423886612,20210729T080000_41
AV.PN7A..BH,2021-07-29T09:53:04.020000,P,0.93,9.194954145641532e-06,48,2.462672910082444e-05,20210729T080000_48
AV.PN7A..BH,2021-07-29T09:54:26.560000,P,0.602,1.8520942830946296e-05,49,0.0007359451772434,20210729T080000_49
AV.PN7A..BH,2021-07-29T09:59:21.960000,P,0.389,5.603426870948169e-06,52,0.0001445423886612,20210729T080000_52
AV.PN7A..BH,2021-07-29T09:59:22.800000,P,0.369,9.00045779417269e-06,-1,-1.0,20210729T080000_-1
AV.PN7A..BH,2021-07-29T10:02:24.040000,P,0.831,8.164219252648763e-06,-1,-1.0,20210729T080000_-1
AV.PN7A..BH,2021-07-29T10:08:41.020000,P,0.484,7.064363671815954e-06,59,8.873737996727725e-05,20210729T080000_59
AV.PN7A..BH,2021-07-29T10:16:38.240000,P,0.561,7.0387964115070645e-06,61,0.0001445423886612,20210729T080000_61
AV.PN7A..BH,2021-07-29T10:18:02.880000,P,0.304,4.098104454897111e-06,63,8.873737996727725e-05,20210729T080000_63
AV.PN7A..BH,2021-07-29T10:18:03.920000,P,0.447,6.316459803201724e-06,-1,-1.0,20210729T080000_-1
AV.PN7A..BH,2021-07-29T10:23:01.720000,P,0.82,4.4361122490954585e-06,67,0.0026168716862246,20210729T080000_67
AV.PN7A..BH,2021-07-29T10:24:55.680000,P,0.594,5.1089295993733685e-06,69,0.0026168716862246,20210729T080000_69
AV.PN7A..BH,2021-07-29T10:27:39.820000,P,0.526,4.820733920496423e-06,70,2.462672910082444e-05,20210729T080000_70
AV.PN7A..BH,2021-07-29T10:34:19.680000,P,0.324,3.987709078501212e-06,-1,-1.0,20210729T080000_-1
AV.PN7A..BH,2021-07-29T10:38:43.140000,P,0.903,3.767199586945935e-06,72,4.4976961308223485e-05,20210729T080000_72
AV.PN7A..BH,2021-07-29T10:42:58.800000,P,0.496,2.188625558119384e-06,73,0.0001416959883637,20210729T080000_73
AV.PN7A..BH,2021-07-29T10:54:49.740000,P,0.397,2.909872137024649e-06,-1,-1.0,20210729T080000_-1
AV.PN7A..BH,2021-07-29T10:59:13.820000,P,0.75,3.952098268200643e-06,-1,-1.0,20210729T080000_-1
AV.PN7A..BH,2021-07-29T11:05:39.980000,P,0.559,5.645062628900632e-06,80,2.462672910082444e-05,20210729T080000_80
AV.PN7A..BH,2021-07-29T11:09:28.280000,P,0.872,1.6850452084327117e-05,81,0.0001445423886612,20210729T080000_81
AV.PN7A..BH,2021-07-29T11:17:12.540000,P,0.849,3.22560231325042e-06,83,7.389102077093342e-05,20210729T080000_83
AV.PN7A..BH,2021-07-29T11:30:02.140000,P,0.905,1.1201381312275773e-05,87,0.0026168716862246,20210729T080000_87
AV.PN7A..BH,2021-07-29T11:42:13.720000,P,0.782,3.190581310263952e-06,90,0.0001445423886612,20210729T080000_90
AV.PN7A..BH,2021-07-29T11:48:35.580000,P,0.835,7.23480752640171e-06,92,0.0001445423886612,20210729T080000_92
AV.PN7A..BH,2021-07-29T11:56:49.820000,P,0.826,2.8767572075594217e-06,94,0.0003782707838692,20210729T080000_94
AV.PN7A..BH,2021-07-29T12:17:31.180000,P,0.601,2.1366502096498152e-06,95,0.0003782707838692,20210729T080000_95
AV.PN7A..BH,2021-07-29T12:18:40.060000,P,0.703,7.86478994996287e-06,96,0.0001445423886612,20210729T080000_96
AV.PN7A..BH,2021-07-29T12:24:15.260000,P,0.723,3.868825842801016e-06,98,7.389102077093342e-05,20210729T080000_98
AV.PN7A..BH,2021-07-29T12:29:03.960000,P,0.737,7.038246167212492e-06,-1,-1.0,20210729T080000_-1
AV.PN7A..BH,2021-07-29T12:32:53.580000,P,0.833,5.406694526755018e-06,100,0.0001445423886612,20210729T080000_100
AV.PN7A..BH,2021-07-29T12:43:26.700000,P,0.942,3.161391578032635e-05,-1,-1.0,20210729T080000_-1
AV.PN7A..BH,2021-07-29T12:52:28.640000,P,0.377,4.131840341869975e-06,-1,-1.0,20210729T080000_-1
AV.PN7A..BH,2021-07-29T12:52:29.920000,P,0.503,1.1805303074652327e-05,-1,-1.0,20210729T080000_-1
AV.PN7A..BH,2021-07-29T13:15:30.960000,P,0.611,8.326888746523764e-06,-1,-1.0,20210729T080000_-1
AV.PN7A..BH,2021-07-29T13:18:41.240000,P,0.903,1.095046172849834e-05,-1,-1.0,20210729T080000_-1
AV.PN7A..BH,2021-07-29T13:31:07.900000,P,0.874,4.449760126590263e-06,-1,-1.0,20210729T080000_-1
AV.PN7A..BH,2021-07-29T13:48:55.660000,P,0.762,4.024018835480092e-06,-1,-1.0,20210729T080000_-1
AV.PN7A..BH,2021-07-29T14:02:53.760000,P,0.787,1.6382855392294005e-06,-1,-1.0,20210729T080000_-1
AV.PN7A..BH,2021-07-29T14:08:31.160000,P,0.722,2.518571591281216e-06,-1,-1.0,20210729T080000_-1
AV.PN7A..BH,2021-07-29T14:50:07.840000,P,0.379,3.5981186101707863e-06,-1,-1.0,20210729T080000_-1
AV.PN7A..BH,2021-07-29T14:53:16.000000,P,0.429,4.43456383436569e-06,-1,-1.0,20210729T080000_-1
AV.PN7A..BH,2021-07-29T14:58:45.580000,P,0.797,2.871517153835157e-06,-1,-1.0,20210729T080000_-1
AV.PN7A..BH,2021-07-29T15:14:01.680000,P,0.621,4.584318958222866e-06,-1,-1.0,20210729T080000_-1
AV.PN7A..BH,2021-07-29T15:30:31.400000,P,0.556,1.320971659879433e-05,-1,-1.0,20210729T080000_-1
AV.PN7A..BH,2021-07-29T08:16:43.520000,S,0.409,5.931165287620388e-05,13,0.0026168716862246,20210729T080000_13
AV.PN7A..BH,2021-07-29T09:09:01.200000,S,0.339,1.5213267943181563e-05,32,0.0003782707838692,20210729T080000_32
AV.PN7A..BH,2021-07-29T09:17:59.160000,S,0.464,1.1608780368987937e-05,33,4.4976961308223485e-05,20210729T080000_33
AV.PN7A..BH,2021-07-29T09:23:46.560000,S,0.349,6.963824944250519e-06,35,0.0007359451772434,20210729T080000_35
AV.PN7A..BH,2021-07-29T09:29:41.600000,S,0.41,0.0001534372713649,38,7.389102077093342e-05,20210729T080000_38
AV.PN7A..BH,2021-07-29T10:17:05.400000,S,0.512,1.2621795576706065e-05,62,8.873737996727725e-05,20210729T080000_62
AV.PN7A..BH,2021-07-29T10:18:30.080000,S,0.469,1.0332060810469557e-05,64,8.873737996727725e-05,20210729T080000_64
AV.PN7A..BH,2021-07-29T10:51:09.940000,S,0.717,2.976876430693665e-06,75,8.873737996727725e-05,20210729T080000_75
AV.PN7A..BH,2021-07-29T10:59:19.120000,S,0.558,3.714989588843309e-06,78,0.0001445423886612,20210729T080000_78
AV.PN7A..BH,2021-07-29T10:59:46.800000,S,0.599,4.617217655322747e-06,79,7.389102077093342e-05,20210729T080000_79
AV.PN7A..BH,2021-07-29T11:05:46.520000,S,0.35,6.4654268498998135e-06,80,0.0026168716862246,20210729T080000_80
AV.PN7A..BH,2021-07-29T11:10:06.540000,S,0.365,4.716530384030193e-05,82,7.389102077093342e-05,20210729T080000_82
AV.PN7A..BH,2021-07-29T11:30:40.320000,S,0.43,1.477149453421589e-05,88,7.389102077093342e-05,20210729T080000_88
AV.PN7A..BH,2021-07-29T12:17:37.420000,S,0.413,2.1366502096498152e-06,95,0.0001416959883637,20210729T080000_95
AV.PN7A..BH,2021-07-29T12:24:26.200000,S,0.32,4.717637693829602e-06,98,8.873737996727725e-05,20210729T080000_98
AV.PN7A..BH,2021-07-29T12:29:42.440000,S,0.329,1.849946966103744e-05,-1,-1.0,20210729T080000_-1
AV.PN7A..BH,2021-07-29T12:43:32.240000,S,0.599,3.161391578032635e-05,-1,-1.0,20210729T080000_-1
AV.PN7A..BH,2021-07-29T12:53:00.280000,S,0.303,2.0313151253503747e-05,-1,-1.0,20210729T080000_-1
AV.PN7A..BH,2021-07-29T13:16:09.280000,S,0.376,2.7682406653184444e-05,-1,-1.0,20210729T080000_-1
AV.PN7A..BH,2021-07-29T13:19:33.320000,S,0.316,3.242147795390338e-05,-1,-1.0,20210729T080000_-1
AV.PN7A..BH,2021-07-29T13:31:14.080000,S,0.497,4.449760126590263e-06,-1,-1.0,20210729T080000_-1
AV.PN7A..BH,2021-07-29T13:49:05.160000,S,0.328,4.657700628740713e-06,-1,-1.0,20210729T080000_-1
AV.PN7A..BH,2021-07-29T13:49:41.260000,S,0.505,6.865193881822052e-06,-1,-1.0,20210729T080000_-1
AV.PN7A..BH,2021-07-29T14:50:34.680000,S,0.304,4.08234973292565e-06,-1,-1.0,20210729T080000_-1
AV.PN7A..BH,2021-07-29T15:31:00.060000,S,0.685,1.1174031897098756e-05,-1,-1.0,20210729T080000_-1
AV.PS1A..BH,2021-07-29T08:00:00.680000,P,0.569,8.084133878583089e-05,2,2.462672910082444e-05,20210729T080000_2
AV.PS1A..BH,2021-07-29T08:03:36.940000,P,0.504,2.897380909416825e-05,4,0.0001445423886612,20210729T080000_4
AV.PS1A..BH,2021-07-29T08:09:39.820000,P,0.589,2.080164267681539e-05,7,2.462672910082444e-05,20210729T080000_7
AV.PS1A..BH,2021-07-29T08:10:25.760000,P,0.338,1.9941202481277287e-05,-1,-1.0,20210729T080000_-1
AV.PS1A..BH,2021-07-29T08:10:29.600000,P,0.422,3.0144863558234647e-05,8,0.0001416959883637,20210729T080000_8
AV.PS1A..BH,2021-07-29T08:13:35.720000,P,0.314,1.1905975952686276e-05,10,0.0001445423886612,20210729T080000_10
AV.PS1A..BH,2021-07-29T08:14:27.840000,P,0.536,2.40744211623678e-05,11,7.389102077093342e-05,20210729T080000_11
AV.PS1A..BH,2021-07-29T08:16:30.560000,P,0.95,2.624668923090212e-05,13,4.4976961308223485e-05,20210729T080000_13
AV.PS1A..BH,2021-07-29T08:22:34.520000,P,0.323,1.362401235383004e-05,-1,-1.0,20210729T080000_-1
AV.PS1A..BH,2021-07-29T08:35:04.620000,P,0.429,1.3900587873649783e-05,-1,-1.0,20210729T080000_-1
AV.PS1A..BH,2021-07-29T08:40:57.220000,P,0.858,1.368552057101624e-05,22,0.0007359451772434,20210729T080000_22
AV.PS1A..BH,2021-07-29T08:56:05.340000,P,0.607,1.1364587408024818e-05,26,0.0001445423886612,20210729T080000_26
AV.PS1A..BH,2021-07-29T09:08:30.940000,P,0.811,7.857096534280572e-06,31,2.462672910082444e-05,20210729T080000_31
AV.PS1A..BH,2021-07-29T09:17:48.220000,P,0.359,2.4839314392011147e-06,-1,-1.0,20210729T080000_-1
AV.PS1A..BH,2021-07-29T09:17:49.040000,P,0.422,7.509639544878155e-06,33,0.0007359451772434,20210729T080000_33
AV.PS1A..BH,2021-07-29T09:23:33.880000,P,0.84,5.737102583225351e-06,35,0.0002871941980613,20210729T080000_35
AV.PS1A..BH,2021-07-29T09:29:00.840000,P,0.918,4.578595689963549e-05,37,2.462672910082444e-05,20210729T080000_37
AV.PS1A..BH,2021-07-29T09:38:14.440000,P,0.659,5.621667696686927e-06,41,2.462672910082444e-05,20210729T080000_41
AV.PS1A..BH,2021-07-29T09:44:04.220000,P,0.387,4.216318302496802e-06,-1,-1.0,20210729T080000_-1
AV.PS1A..BH,2021-07-29T09:53:01.380000,P,0.961,8.98025700735161e-06,48,0.0026168716862246,20210729T080000_48
AV.PS1A..BH,2021-07-29T09:54:23.740000,P,0.873,2.1736652342951857e-05,49,0.0002871941980613,20210729T080000_49
AV.PS1A..BH,2021-07-29T09:59:19.660000,P,0.52,1.0338109859731048e-05,52,2.462672910082444e-05,20210729T080000_52
AV.PS1A..BH,2021-07-29T10:02:20.600000,P,0.727,8.139664714690298e-06,54,8.873737996727725e-05,20210729T080000_54
AV.PS1A..BH,2021-07-29T10:16:34.400000,P,0.619,6.551983460667543e-06,61,2.462672910082444e-05,20210729T080000_61
AV.PS1A..BH,2021-07-29T10:18:00.220000,P,0.824,5.2509344641293865e-06,63,0.0001445423886612,20210729T080000_63
AV.PS1A..BH,2021-07-29T10:23:01.440000,P,0.338,4.125380655750632e-06,67,4.4976961308223485e-05,20210729T080000_67
AV.PS1A..BH,2021-07-29T10:24:53.160000,P,0.728,4.415970579429995e-06,69,4.4976961308223485e-05,20210729T080000_69
AV.PS1A..BH,2021-07-29T10:27:37.560000,P,0.361,3.2901564281928586e-06,70,0.0026168716862246,20210729T080000_70
AV.PS1A..BH,2021-07-29T10:38:40.260000,P,0.937,3.115649860774284e-06,72,0.0007359451772434,20210729T080000_72
AV.PS1A..BH,2021-07-29T10:50:56.860000,P,0.7,2.8017352633469272e-06,75,0.0001445423886612,20210729T080000_75
AV.PS1A..BH,2021-07-29T10:59:10.680000,P,0.861,3.483906994006248e-06,78,2.462672910082444e-05,20210729T080000_78
AV.PS1A..BH,2021-07-29T11:05:38.060000,P,0.903,4.612825250660535e-06,80,4.4976961308223485e-05,20210729T080000_80
AV.PS1A..BH,2021-07-29T11:09:25.800000,P,0.921,1.3857011254003735e-05,81,2.462672910082444e-05,20210729T080000_81
AV.PS1A..BH,2021-07-29T11:29:59.660000,P,0.84,7.078282123984536e-06,87,4.4976961308223485e-05,20210729T080000_87
AV.PS1A..BH,2021-07-29T11:31:16.760000,P,0.388,4.628543592843926e-06,89,0.0001445423886612,20210729T080000_89
AV.PS1A..BH,2021-07-29T11:48:33.180000,P,0.561,2.95493350677134e-06,92,2.462672910082444e-05,20210729T080000_92
AV.PS1A..BH,2021-07-29T11:48:35.820000,P,0.516,4.818193701794371e-06,-1,-1.0,20210729T080000_-1
AV.PS1A..BH,2021-07-29T12:18:36.380000,P,0.372,2.407925421721302e-06,96,2.462672910082444e-05,20210729T080000_96
AV.PS1A..BH,2021-07-29T12:18:37.920000,P,0.331,6.476471753558144e-06,-1,-1.0,20210729T080000_-1
AV.PS1A..BH,2021-07-29T12:24:15.720000,P,0.435,4.255382464180002e-06,98,0.0001445423886612,20210729T080000_98
AV.PS1A..BH,2021-07-29T12:29:00.720000,P,0.364,6.395376658474561e-06,-1,-1.0,20210729T080000_-1
AV.PS1A..BH,2021-07-29T12:32:51.280000,P,0.707,3.905280209437478e-06,100,2.462672910082444e-05,20210729T080000_100
AV.PS1A..BH,2021-07-29T12:43:24.260000,P,0.957,2.178723480028566e-05,-1,-1.0,20210729T080000_-1
AV.PS1A..BH,2021-07-29T12:52:25.720000,P,0.789,7.772982826281805e-06,-1,-1.0,20210729T080000_-1
AV.PS1A..BH,2021-07-29T13:15:27.360000,P,0.326,2.21449386117456e-06,-1,-1.0,20210729T080000_-1
AV.PS1A..BH,2021-07-29T13:15:28.300000,P,0.495,7.640344847459346e-06,-1,-1.0,20210729T080000_-1
AV.PS1A..BH,2021-07-29T13:18:38.800000,P,0.776,9.511535608908162e-06,-1,-1.0,20210729T080000_-1
AV.PS1A..BH,2021-07-29T13:31:06.400000,P,0.556,3.159984999001608e-06,-1,-1.0,20210729T080000_-1
AV.PS1A..BH,2021-07-29T13:48:52.520000,P,0.456,3.492897121759597e-06,-1,-1.0,20210729T080000_-1
AV.PS1A..BH,2021-07-29T14:03:41.760000,P,0.677,3.759003675440909e-06,-1,-1.0,20210729T080000_-1
AV.PS1A..BH,2021-07-29T14:50:04.480000,P,0.721,3.07566824631067e-06,-1,-1.0,20210729T080000_-1
AV.PS1A..BH,2021-07-29T14:53:13.360000,P,0.662,3.985901912528789e-06,-1,-1.0,20210729T080000_-1
AV.PS1A..BH,2021-07-29T14:53:41.760000,P,0.494,8.43135694594821e-06,-1,-1.0,20210729T080000_-1
AV.PS1A..BH,2021-07-29T14:58:42.140000,P,0.483,2.708469992285245e-06,-1,-1.0,20210729T080000_-1
AV.PS1A..BH,2021-07-29T15:11:17.560000,P,0.526,1.9906524357793387e-06,-1,-1.0,20210729T080000_-1
AV.PS1A..BH,2021-07-29T15:13:58.680000,P,0.797,4.795216682396131e-06,-1,-1.0,20210729T080000_-1
AV.PS1A..BH,2021-07-29T15:30:28.440000,P,0.922,5.516949840966845e-06,-1,-1.0,20210729T080000_-1
AV.PS1A..BH,2021-07-29T08:00:06.200000,S,0.384,8.084133878583089e-05,2,0.0026168716862246,20210729T080000_2
AV.PS1A..BH,2021-07-29T08:04:10.380000,S,0.492,5.585143298958428e-05,5,0.0001416959883637,20210729T080000_5
AV.PS1A..BH,2021-07-29T08:14:51.900000,S,0.501,2.828261858667247e-05,12,0.0003782707838692,20210729T080000_12
AV.PS1A..BH,2021-07-29T08:16:38.900000,S,0.742,3.6411765904631466e-05,13,0.0007359451772434,20210729T080000_13
AV.PS1A..BH,2021-07-29T08:40:05.260000,S,0.467,1.0714672498579604e-05,21,2.462672910082444e-05,20210729T080000_21
AV.PS1A..BH,2021-07-29T08:41:36.640000,S,0.332,5.268914173939265e-05,23,0.0003782707838692,20210729T080000_23
AV.PS1A..BH,2021-07-29T09:08:55.980000,S,0.749,1.226298809342552e-05,32,0.0001416959883637,20210729T080000_32
AV.PS1A..BH,2021-07-29T09:23:45.440000,S,0.321,6.048538125469349e-06,-1,-1.0,20210729T080000_-1
AV.PS1A..BH,2021-07-29T09:24:15.680000,S,0.335,1.42985227284953e-05,-1,-1.0,20210729T080000_-1
AV.PS1A..BH,2021-07-29T09:53:07.680000,S,0.434,1.101401630876353e-05,48,4.4976961308223485e-05,20210729T080000_48
AV.PS1A..BH,2021-07-29T09:53:53.280000,S,0.377,3.04835120914504e-05,-1,-1.0,20210729T080000_-1
AV.PS1A..BH,2021-07-29T09:55:07.920000,S,0.318,0.0001274357055081,50,7.389102077093342e-05,20210729T080000_50
AV.PS1A..BH,2021-07-29T10:16:59.940000,S,0.558,2.282317655044608e-05,-1,-1.0,20210729T080000_-1
AV.PS1A..BH,2021-07-29T10:18:25.280000,S,0.447,5.767198672401719e-06,-1,-1.0,20210729T080000_-1
AV.PS1A..BH,2021-07-29T10:18:27.000000,S,0.31,1.168954804597888e-05,64,0.0001445423886612,20210729T080000_64
AV.PS1A..BH,2021-07-29T10:27:49.820000,S,0.471,6.227528501767665e-06,-1,-1.0,20210729T080000_-1
AV.PS1A..BH,2021-07-29T10:38:49.400000,S,0.454,2.990502025568276e-06,72,0.0002871941980613,20210729T080000_72
AV.PS1A..BH,2021-07-29T10:51:09.600000,S,0.516,2.8473962174757617e-06,74,0.0001445423886612,20210729T080000_74
AV.PS1A..BH,2021-07-29T11:06:10.760000,S,0.39,2.0354693333501928e-05,-1,-1.0,20210729T080000_-1
AV.PS1A..BH,2021-07-29T11:30:33.440000,S,0.676,1.6246149243670516e-05,88,8.873737996727725e-05,20210729T080000_88
AV.PS1A..BH,2021-07-29T11:31:26.720000,S,0.377,6.888293683005031e-06,89,2.462672910082444e-05,20210729T080000_89
AV.PS1A..BH,2021-07-29T12:19:10.200000,S,0.352,1.3445629519992508e-05,97,0.0003782707838692,20210729T080000_97
AV.PS1A..BH,2021-07-29T12:43:28.820000,S,0.56,2.710253102122806e-05,-1,-1.0,20210729T080000_-1
AV.PS1A..BH,2021-07-29T12:44:03.900000,S,0.35,0.0001248082262463,-1,-1.0,20210729T080000_-1
AV.PS1A..BH,2021-07-29T12:52:51.840000,S,0.551,3.336317968205549e-05,-1,-1.0,20210729T080000_-1
AV.PS1A..BH,2021-07-29T13:18:48.080000,S,0.598,1.6139954823302105e-05,-1,-1.0,20210729T080000_-1
AV.PS1A..BH,2021-07-29T14:50:28.000000,S,0.302,6.143416612758301e-06,-1,-1.0,20210729T080000_-1
AV.PS1A..BH,2021-07-29T14:53:51.640000,S,0.473,8.626415365142748e-06,-1,-1.0,20210729T080000_-1
AV.PS1A..BH,2021-07-29T15:11:29.600000,S,0.539,3.7266750041453633e-06,-1,-1.0,20210729T080000_-1
AV.PS1A..BH,2021-07-29T15:30:54.700000,S,0.483,2.3843978851800784e-05,-1,-1.0,20210729T080000_-1
AV.PS4A..BH,2021-07-29T08:00:00.020000,P,0.762,8.22587899165228e-05,2,4.4976961308223485e-05,20210729T080000_2
AV.PS4A..BH,2021-07-29T08:03:34.700000,P,0.572,2.81995799014112e-05,3,7.389102077093342e-05,20210729T080000_3
AV.PS4A..BH,2021-07-29T08:03:37.260000,P,0.495,4.007034658570774e-05,4,2.462672910082444e-05,20210729T080000_4
AV.PS4A..BH,2021-07-29T08:07:55.280000,P,0.589,1.7717871742206626e-05,6,7.389102077093342e-05,20210729T080000_6
AV.PS4A..BH,2021-07-29T08:09:40.060000,P,0.599,1.7659256627666764e-05,7,0.0026168716862246,20210729T080000_7
AV.PS4A..BH,2021-07-29T08:13:35.960000,P,0.579,1.8121892935596406e-05,10,2.462672910082444e-05,20210729T080000_10
AV.PS4A..BH,2021-07-29T08:14:03.360000,P,0.423,1.5052770322654396e-05,-1,-1.0,20210729T080000_-1
AV.PS4A..BH,2021-07-29T08:14:28.320000,P,0.328,2.8296224627411e-05,11,8.873737996727725e-05,20210729T080000_11
AV.PS4A..BH,2021-07-29T08:16:31.340000,P,0.966,3.8357931771315634e-05,13,0.0002871941980613,20210729T080000_13
AV.PS4A..BH,2021-07-29T08:18:28.060000,P,0.622,2.763943484751508e-05,15,0.0001416959883637,20210729T080000_15
AV.PS4A..BH,2021-07-29T08:25:53.960000,P,0.623,8.107566827675328e-06,16,8.873737996727725e-05,20210729T080000_16
AV.PS4A..BH,2021-07-29T08:26:10.620000,P,0.635,1.8630593331181444e-05,17,0.0026168716862246,20210729T080000_17
AV.PS4A..BH,2021-07-29T08:33:42.440000,P,0.422,1.1664684279821811e-05,-1,-1.0,20210729T080000_-1
AV.PS4A..BH,2021-07-29T08:40:57.900000,P,0.943,1.5625189917045645e-05,22,0.0002871941980613,20210729T080000_22
AV.PS4A..BH,2021-07-29T08:56:03.600000,P,0.303,6.560124347743113e-06,26,2.462672910082444e-05,20210729T080000_26
AV.PS4A..BH,2021-07-29T08:56:05.840000,P,0.478,2.1805828509968705e-05,-1,-1.0,20210729T080000_-1
AV.PS4A..BH,2021-07-29T08:56:31.520000,P,0.328,4.103626997675747e-05,27,0.0001445423886612,20210729T080000_27
AV.PS4A..BH,2021-07-29T08:58:26.880000,P,0.45,1.4854010260023642e-05,29,2.462672910082444e-05,20210729T080000_29
AV.PS4A..BH,2021-07-29T09:08:31.160000,P,0.924,1.2421211977198254e-05,31,0.0026168716862246,20210729T080000_31
AV.PS4A..BH,2021-07-29T09:17:48.820000,P,0.943,9.131017577601597e-06,33,0.0002871941980613,20210729T080000_33
AV.PS4A..BH,2021-07-29T09:18:20.380000,P,0.312,1.787621295079589e-05,34,0.0012135427256117,20210729T080000_34
AV.PS4A..BH,2021-07-29T09:23:34.700000,P,0.945,7.25295194570208e-06,35,0.0005041834543036,20210729T080000_35
AV.PS4A..BH,2021-07-29T09:24:07.280000,P,0.667,8.629593139630742e-06,-1,-1.0,20210729T080000_-1
AV.PS4A..BH,2021-07-29T09:25:07.820000,P,0.429,6.173929250508081e-06,-1,-1.0,20210729T080000_-1
AV.PS4A..BH,2021-07-29T09:26:58.920000,P,0.664,3.278602207501536e-06,36,2.462672910082444e-05,20210729T080000_36
AV.PS4A..BH,2021-07-29T09:29:01.660000,P,0.894,4.646584784495644e-05,37,0.0026168716862246,20210729T080000_37
AV.PS4A..BH,2021-07-29T09:38:15.400000,P,0.889,1.0613336598908065e-05,41,0.0026168716862246,20210729T080000_41
AV.PS4A..BH,2021-07-29T09:45:25.200000,P,0.924,4.234380867274012e-06,46,0.0001445423886612,20210729T080000_46
AV.PS4A..BH,2021-07-29T09:53:02.140000,P,0.974,1.161473210231634e-05,48,0.0007359451772434,20210729T080000_48
AV.PS4A..BH,2021-07-29T09:54:24.480000,P,0.8,1.839949436543975e-05,49,0.0005041834543036,20210729T080000_49
AV.PS4A..BH,2021-07-29T09:54:34.400000,P,0.36,4.17892006225884e-05,-1,-1.0,20210729T080000_-1
AV.PS4A..BH,2021-07-29T09:56:13.440000,P,0.4,1.9833185433526523e-05,51,0.0001416959883637,20210729T080000_51
AV.PS4A..BH,2021-07-29T09:59:20.640000,P,0.636,7.646391168236732e-06,52,0.0026168716862246,20210729T080000_52
AV.PS4A..BH,2021-07-29T09:59:59.360000,P,0.628,2.375401891185902e-05,53,7.389102077093342e-05,20210729T080000_53
AV.PS4A..BH,2021-07-29T10:02:21.340000,P,0.9,1.023297863866901e-05,54,0.0001445423886612,20210729T080000_54
AV.PS4A..BH,2021-07-29T10:16:34.820000,P,0.75,8.094331860775128e-06,61,0.0026168716862246,20210729T080000_61
AV.PS4A..BH,2021-07-29T10:18:00.580000,P,0.951,7.554343483207049e-06,63,2.462672910082444e-05,20210729T080000_63
AV.PS4A..BH,2021-07-29T10:23:00.780000,P,0.72,4.7517555685772095e-06,67,0.0007359451772434,20210729T080000_67
AV.PS4A..BH,2021-07-29T10:24:53.920000,P,0.613,5.173929821467027e-06,69,0.0007359451772434,20210729T080000_69
AV.PS4A..BH,2021-07-29T10:27:38.240000,P,0.69,5.712813162972452e-06,70,4.4976961308223485e-05,20210729T080000_70
AV.PS4A..BH,2021-07-29T10:38:40.920000,P,0.937,4.1741045606613625e-06,72,0.0005041834543036,20210729T080000_72
AV.PS4A..BH,2021-07-29T10:50:56.380000,P,0.753,2.442478944431059e-06,75,2.462672910082444e-05,20210729T080000_75
AV.PS4A..BH,2021-07-29T10:54:43.180000,P,0.333,3.239488705730764e-06,76,0.0001445423886612,20210729T080000_76
AV.PS4A..BH,2021-07-29T10:59:11.240000,P,0.738,4.760835054185009e-06,78,0.0026168716862246,20210729T080000_78
AV.PS4A..BH,2021-07-29T11:05:36.920000,P,0.785,8.51147069624858e-06,80,0.0007359451772434,20210729T080000_80
AV.PS4A..BH,2021-07-29T11:09:26.560000,P,0.967,2.1361014660215005e-05,81,0.0026168716862246,20210729T080000_81
AV.PS4A..BH,2021-07-29T11:11:45.740000,P,0.444,7.70827227825066e-06,-1,-1.0,20210729T080000_-1
AV.PS4A..BH,2021-07-29T11:12:15.600000,P,0.345,7.615828053531004e-06,-1,-1.0,20210729T080000_-1
AV.PS4A..BH,2021-07-29T11:17:11.020000,P,0.799,3.955696683988208e-06,83,8.873737996727725e-05,20210729T080000_83
AV.PS4A..BH,2021-07-29T11:24:16.560000,P,0.438,2.248534201498842e-06,86,2.462672910082444e-05,20210729T080000_86
AV.PS4A..BH,2021-07-29T11:30:00.340000,P,0.949,1.2638673979381563e-05,87,0.0007359451772434,20210729T080000_87
AV.PS4A..BH,2021-07-29T11:30:12.640000,P,0.365,1.2169605724920984e-05,-1,-1.0,20210729T080000_-1
AV.PS4A..BH,2021-07-29T11:31:19.440000,P,0.625,8.90036335476907e-06,-1,-1.0,20210729T080000_-1
AV.PS4A..BH,2021-07-29T11:42:11.420000,P,0.469,3.1753531857248163e-06,90,2.462672910082444e-05,20210729T080000_90
AV.PS4A..BH,2021-07-29T11:42:42.860000,P,0.386,1.241857262357371e-05,91,7.389102077093342e-05,20210729T080000_91
AV.PS4A..BH,2021-07-29T12:17:29.360000,P,0.623,2.6218308448733296e-06,95,7.389102077093342e-05,20210729T080000_95
AV.PS4A..BH,2021-07-29T12:18:37.080000,P,0.684,1.064465868694242e-05,96,0.0026168716862246,20210729T080000_96
AV.PS4A..BH,2021-07-29T12:24:13.240000,P,0.671,3.910012310370803e-06,-1,-1.0,20210729T080000_-1
AV.PS4A..BH,2021-07-29T12:29:01.500000,P,0.658,1.136216178565519e-05,-1,-1.0,20210729T080000_-1
AV.PS4A..BH,2021-07-29T12:32:52.080000,P,0.593,4.965223524777684e-06,100,0.0026168716862246,20210729T080000_100
AV.PS4A..BH,2021-07-29T12:43:24.960000,P,0.963,2.854578451660928e-05,-1,-1.0,20210729T080000_-1
AV.PS4A..BH,2021-07-29T12:43:40.320000,P,0.483,4.758237264468335e-05,-1,-1.0,20210729T080000_-1
AV.PS4A..BH,2021-07-29T12:52:26.520000,P,0.911,1.3802282410324551e-05,-1,-1.0,20210729T080000_-1
AV.PS4A..BH,2021-07-29T13:15:28.040000,P,0.973,1.059901296684984e-05,-1,-1.0,20210729T080000_-1
AV.PS4A..BH,2021-07-29T13:18:39.720000,P,0.893,1.071582573786145e-05,-1,-1.0,20210729T080000_-1
AV.PS4A..BH,2021-07-29T13:31:06.300000,P,0.825,3.7619154227286336e-06,-1,-1.0,20210729T080000_-1
AV.PS4A..BH,2021-07-29T13:48:53.240000,P,0.727,3.831180038105231e-06,-1,-1.0,20210729T080000_-1
AV.PS4A..BH,2021-07-29T14:08:59.260000,P,0.422,6.591247256437782e-06,-1,-1.0,20210729T080000_-1
AV.PS4A..BH,2021-07-29T14:17:21.520000,P,0.35,3.004383870575112e-06,-1,-1.0,20210729T080000_-1
AV.PS4A..BH,2021-07-29T14:33:34.800000,P,0.302,4.1054331632039975e-06,-1,-1.0,20210729T080000_-1
AV.PS4A..BH,2021-07-29T14:44:16.940000,P,0.411,2.9415530207188567e-06,-1,-1.0,20210729T080000_-1
AV.PS4A..BH,2021-07-29T14:48:37.360000,P,0.305,4.516296485235216e-06,-1,-1.0,20210729T080000_-1
AV.PS4A..BH,2021-07-29T14:50:04.940000,P,0.887,3.820179244939936e-06,-1,-1.0,20210729T080000_-1
AV.PS4A..BH,2021-07-29T14:53:13.580000,P,0.753,4.460619948076783e-06,-1,-1.0,20210729T080000_-1
AV.PS4A..BH,2021-07-29T14:53:42.080000,P,0.435,6.8029953581572045e-06,-1,-1.0,20210729T080000_-1
AV.PS4A..BH,2021-07-29T15:13:59.580000,P,0.807,4.199388968118001e-06,-1,-1.0,20210729T080000_-1
AV.PS4A..BH,2021-07-29T15:30:29.220000,P,0.952,1.0202221346844452e-05,-1,-1.0,20210729T080000_-1
AV.PS4A..BH,2021-07-29T15:55:05.440000,P,0.361,2.4995863441290567e-06,-1,-1.0,20210729T080000_-1
AV.PS4A..BH,2021-07-29T08:00:08.320000,S,0.533,8.22587899165228e-05,1,7.389102077093342e-05,20210729T080000_1
AV.PS4A..BH,2021-07-29T08:04:09.660000,S,0.356,6.161061901366338e-05,5,7.389102077093342e-05,20210729T080000_5
AV.PS4A..BH,2021-07-29T08:06:31.880000,S,0.386,2.460902396705933e-05,-1,-1.0,20210729T080000_-1
AV.PS4A..BH,2021-07-29T08:11:07.240000,S,0.303,5.166320624994114e-05,-1,-1.0,20210729T080000_-1
AV.PS4A..BH,2021-07-29T08:11:07.940000,S,0.461,0.0001467391266487,9,8.873737996727725e-05,20210729T080000_9
AV.PS4A..BH,2021-07-29T08:14:54.460000,S,0.328,3.269505032221787e-05,12,0.0001416959883637,20210729T080000_12
AV.PS4A..BH,2021-07-29T08:18:34.440000,S,0.396,2.8278562240302563e-05,15,7.389102077093342e-05,20210729T080000_15
AV.PS4A..BH,2021-07-29T08:26:48.760000,S,0.429,1.981726018129848e-05,-1,-1.0,20210729T080000_-1
AV.PS4A..BH,2021-07-29T08:31:13.760000,S,0.344,1.3687600585399196e-05,19,0.0001416959883637,20210729T080000_19
AV.PS4A..BH,2021-07-29T08:39:38.760000,S,0.447,1.1228550647501834e-05,-1,-1.0,20210729T080000_-1
AV.PS4A..BH,2021-07-29T08:41:39.580000,S,0.537,6.341249536490068e-05,23,0.0001416959883637,20210729T080000_23
AV.PS4A..BH,2021-07-29T08:56:10.580000,S,0.666,2.1805828509968705e-05,26,0.0026168716862246,20210729T080000_26
AV.PS4A..BH,2021-07-29T08:58:07.000000,S,0.448,1.4397583981917704e-05,-1,-1.0,20210729T080000_-1
AV.PS4A..BH,2021-07-29T08:59:03.560000,S,0.429,2.070744631055277e-05,30,0.0001416959883637,20210729T080000_30
AV.PS4A..BH,2021-07-29T09:08:57.040000,S,0.676,2.6998728571925312e-05,-1,-1.0,20210729T080000_-1
AV.PS4A..BH,2021-07-29T09:17:57.100000,S,0.778,9.131017577601597e-06,33,0.0005041834543036,20210729T080000_33
AV.PS4A..BH,2021-07-29T09:18:26.640000,S,0.503,1.787621295079589e-05,34,0.0003782707838692,20210729T080000_34
AV.PS4A..BH,2021-07-29T09:23:43.660000,S,0.594,8.665493623993825e-06,35,0.0019122121666471,20210729T080000_35
AV.PS4A..BH,2021-07-29T09:29:36.500000,S,0.642,0.0002813486207742,38,8.873737996727725e-05,20210729T080000_38
AV.PS4A..BH,2021-07-29T09:36:40.440000,S,0.429,5.811480150441639e-06,40,7.389102077093342e-05,20210729T080000_40
AV.PS4A..BH,2021-07-29T09:38:46.300000,S,0.412,1.7105268852901645e-05,42,8.873737996727725e-05,20210729T080000_42
AV.PS4A..BH,2021-07-29T09:39:30.940000,S,0.311,1.4995603123679755e-05,43,7.389102077093342e-05,20210729T080000_43
AV.PS4A..BH,2021-07-29T09:44:37.320000,S,0.306,7.718759661656804e-06,45,0.0003782707838692,20210729T080000_45
AV.PS4A..BH,2021-07-29T09:53:08.960000,S,0.505,1.3256979400466662e-05,48,0.0002871941980613,20210729T080000_48
AV.PS4A..BH,2021-07-29T10:06:34.560000,S,0.595,4.486372745304834e-06,57,8.873737996727725e-05,20210729T080000_57
AV.PS4A..BH,2021-07-29T10:14:48.320000,S,0.367,5.18816159456037e-06,-1,-1.0,20210729T080000_-1
AV.PS4A..BH,2021-07-29T10:17:01.460000,S,0.58,2.5397303033969365e-05,62,0.0001445423886612,20210729T080000_62
AV.PS4A..BH,2021-07-29T10:18:26.380000,S,0.633,1.873475594038609e-05,64,2.462672910082444e-05,20210729T080000_64
AV.PS4A..BH,2021-07-29T10:21:20.600000,S,0.318,4.530156274995534e-06,66,0.0001416959883637,20210729T080000_66
AV.PS4A..BH,2021-07-29T10:25:02.380000,S,0.571,5.498895461641951e-06,69,0.0002871941980613,20210729T080000_69
AV.PS4A..BH,2021-07-29T10:28:11.460000,S,0.561,1.7528387616039254e-05,-1,-1.0,20210729T080000_-1
AV.PS4A..BH,2021-07-29T10:51:08.740000,S,0.811,5.021426204621093e-06,74,2.462672910082444e-05,20210729T080000_74
AV.PS4A..BH,2021-07-29T10:55:19.240000,S,0.334,5.166216396901291e-06,77,7.389102077093342e-05,20210729T080000_77
AV.PS4A..BH,2021-07-29T10:59:42.640000,S,0.474,8.262615665444173e-06,79,8.873737996727725e-05,20210729T080000_79
AV.PS4A..BH,2021-07-29T11:10:02.320000,S,0.438,8.493723726132885e-05,82,8.873737996727725e-05,20210729T080000_82
AV.PS4A..BH,2021-07-29T11:24:30.080000,S,0.365,3.507783503664541e-06,85,0.0001445423886612,20210729T080000_85
AV.PS4A..BH,2021-07-29T11:30:03.600000,S,0.358,1.2638673979381563e-05,87,0.0002871941980613,20210729T080000_87
AV.PS4A..BH,2021-07-29T11:31:24.860000,S,0.61,8.90036335476907e-06,89,0.0026168716862246,20210729T080000_89
AV.PS4A..BH,2021-07-29T11:42:53.040000,S,0.523,1.5353289199993014e-05,91,8.873737996727725e-05,20210729T080000_91
AV.PS4A..BH,2021-07-29T11:49:08.940000,S,0.387,2.635725468280725e-05,93,7.389102077093342e-05,20210729T080000_93
AV.PS4A..BH,2021-07-29T12:19:13.400000,S,0.417,1.973325197468512e-05,97,0.0001416959883637,20210729T080000_97
AV.PS4A..BH,2021-07-29T12:29:37.200000,S,0.368,3.138660031254403e-05,-1,-1.0,20210729T080000_-1
AV.PS4A..BH,2021-07-29T12:33:01.680000,S,0.345,6.036162631062325e-06,100,4.4976961308223485e-05,20210729T080000_100
AV.PS4A..BH,2021-07-29T12:33:33.940000,S,0.51,1.2580740076373331e-05,-1,-1.0,20210729T080000_-1
AV.PS4A..BH,2021-07-29T12:43:30.480000,S,0.653,3.673049286589958e-05,-1,-1.0,20210729T080000_-1
AV.PS4A..BH,2021-07-29T13:15:35.520000,S,0.535,1.3513205885828938e-05,-1,-1.0,20210729T080000_-1
AV.PS4A..BH,2021-07-29T13:16:02.240000,S,0.506,4.224778967909515e-05,-1,-1.0,20210729T080000_-1
AV.PS4A..BH,2021-07-29T13:19:34.400000,S,0.473,5.293079448165372e-05,-1,-1.0,20210729T080000_-1
AV.PS4A..BH,2021-07-29T13:31:14.240000,S,0.565,3.772935087908991e-06,-1,-1.0,20210729T080000_-1
AV.PS4A..BH,2021-07-29T13:49:01.240000,S,0.325,5.061098818259779e-06,-1,-1.0,20210729T080000_-1
AV.PS4A..BH,2021-07-29T13:49:35.100000,S,0.491,2.030954055953771e-05,-1,-1.0,20210729T080000_-1
AV.PS4A..BH,2021-07-29T14:17:40.480000,S,0.466,3.2795458082546247e-06,-1,-1.0,20210729T080000_-1
AV.PS4A..BH,2021-07-29T14:33:39.220000,S,0.57,4.1054331632039975e-06,-1,-1.0,20210729T080000_-1
AV.PS4A..BH,2021-07-29T14:44:24.040000,S,0.361,3.220557800887036e-06,-1,-1.0,20210729T080000_-1
AV.PS4A..BH,2021-07-29T14:50:27.320000,S,0.782,8.438418262812775e-06,-1,-1.0,20210729T080000_-1
AV.PS4A..BH,2021-07-29T14:53:21.680000,S,0.689,4.460619948076783e-06,-1,-1.0,20210729T080000_-1
AV.PS4A..BH,2021-07-29T14:53:53.640000,S,0.3,1.3114467037667056e-05,-1,-1.0,20210729T080000_-1
AV.PS4A..BH,2021-07-29T14:59:00.640000,S,0.583,4.400405941851204e-06,-1,-1.0,20210729T080000_-1
AV.PS4A..BH,2021-07-29T15:14:10.160000,S,0.508,4.986011845176108e-06,-1,-1.0,20210729T080000_-1
AV.PS4A..BH,2021-07-29T15:30:56.160000,S,0.583,2.4741853849263865e-05,-1,-1.0,20210729T080000_-1
AV.PS4A..BH,2021-07-29T15:55:18.200000,S,0.325,3.5952193684352096e-06,-1,-1.0,20210729T080000_-1
AV.PV6A..SH,2021-07-29T08:00:00.020000,P,0.708,9.357372618978845e-06,2,0.0007359451772434,20210729T080000_2
AV.PV6A..SH,2021-07-29T08:03:35.320000,P,0.387,5.546648026211187e-06,3,8.873737996727725e-05,20210729T080000_3
AV.PV6A..SH,2021-07-29T08:09:40.060000,P,0.425,1.173148689304071e-06,7,4.4976961308223485e-05,20210729T080000_7
AV.PV6A..SH,2021-07-29T08:10:27.900000,P,0.361,9.762197805684991e-06,-1,-1.0,20210729T080000_-1
AV.PV6A..SH,2021-07-29T08:13:37.400000,P,0.507,1.3524704627343451e-06,10,0.0026168716862246,20210729T080000_10
AV.PV6A..SH,2021-07-29T08:16:32.880000,P,0.543,6.446010047511663e-06,13,0.0005041834543036,20210729T080000_13
AV.PV6A..SH,2021-07-29T08:40:59.360000,P,0.925,3.540500529197743e-06,22,0.0005041834543036,20210729T080000_22
AV.PV6A..SH,2021-07-29T08:52:23.980000,P,0.387,5.624912091661827e-07,-1,-1.0,20210729T080000_-1
AV.PV6A..SH,2021-07-29T09:01:45.920000,P,0.415,5.524128141587425e-07,-1,-1.0,20210729T080000_-1
AV.PV6A..SH,2021-07-29T09:08:32.540000,P,0.328,5.585980602518248e-07,-1,-1.0,20210729T080000_-1
AV.PV6A..SH,2021-07-29T09:08:34.060000,P,0.349,2.6152522423217306e-06,31,4.4976961308223485e-05,20210729T080000_31
AV.PV6A..SH,2021-07-29T09:17:50.520000,P,0.703,1.3402591321209911e-06,33,0.0019122121666471,20210729T080000_33
AV.PV6A..SH,2021-07-29T09:23:36.200000,P,0.962,1.0213432233285855e-06,35,1.8298491628596215e-05,20210729T080000_35
AV.PV6A..SH,2021-07-29T09:27:00.280000,P,0.878,3.60560960643852e-07,36,0.0026168716862246,20210729T080000_36
AV.PV6A..SH,2021-07-29T09:27:57.520000,P,0.597,6.684353479613492e-07,-1,-1.0,20210729T080000_-1
AV.PV6A..SH,2021-07-29T09:29:03.100000,P,0.914,1.3928206499258522e-05,37,4.4976961308223485e-05,20210729T080000_37
AV.PV6A..SH,2021-07-29T09:36:09.040000,P,0.38,5.680309413946816e-07,39,8.873737996727725e-05,20210729T080000_39
AV.PV6A..SH,2021-07-29T09:38:15.880000,P,0.309,2.040611207121401e-06,41,4.4976961308223485e-05,20210729T080000_41
AV.PV6A..SH,2021-07-29T09:43:58.940000,P,0.383,5.792657020720071e-07,44,2.462672910082444e-05,20210729T080000_44
AV.PV6A..SH,2021-07-29T09:53:03.500000,P,0.963,4.101209015061613e-06,48,0.0005041834543036,20210729T080000_48
AV.PV6A..SH,2021-07-29T09:54:26.200000,P,0.608,1.187371617561439e-05,49,0.0019122121666471,20210729T080000_49
AV.PV6A..SH,2021-07-29T09:59:21.920000,P,0.716,1.961364432645496e-06,52,4.4976961308223485e-05,20210729T080000_52
AV.PV6A..SH,2021-07-29T10:02:20.160000,P,0.417,2.196773039031541e-06,54,2.462672910082444e-05,20210729T080000_54
AV.PV6A..SH,2021-07-29T10:05:53.960000,P,0.773,3.0825998464933946e-07,56,2.462672910082444e-05,20210729T080000_56
AV.PV6A..SH,2021-07-29T10:14:04.540000,P,0.773,4.285376462576096e-07,60,8.873737996727725e-05,20210729T080000_60
AV.PV6A..SH,2021-07-29T10:16:37.960000,P,0.933,2.321579813724384e-06,61,4.4976961308223485e-05,20210729T080000_61
AV.PV6A..SH,2021-07-29T10:18:03.580000,P,0.551,1.6831593256938504e-06,63,0.0026168716862246,20210729T080000_63
AV.PV6A..SH,2021-07-29T10:23:01.100000,P,0.815,8.94668119144626e-07,67,0.0002871941980613,20210729T080000_67
AV.PV6A..SH,2021-07-29T10:24:55.400000,P,0.935,1.0956217693092183e-06,69,0.0005041834543036,20210729T080000_69
AV.PV6A..SH,2021-07-29T10:27:39.800000,P,0.869,1.4131334182820865e-06,70,0.0007359451772434,20210729T080000_70
AV.PV6A..SH,2021-07-29T10:34:18.400000,P,0.571,5.458167038341344e-07,-1,-1.0,20210729T080000_-1
AV.PV6A..SH,2021-07-29T10:38:42.400000,P,0.939,8.68837560119573e-07,72,0.0019122121666471,20210729T080000_72
AV.PV6A..SH,2021-07-29T10:42:58.060000,P,0.423,3.204704626114108e-07,73,7.389102077093342e-05,20210729T080000_73
AV.PV6A..SH,2021-07-29T10:50:57.180000,P,0.951,4.821142169930681e-07,74,0.0026168716862246,20210729T080000_74
AV.PV6A..SH,2021-07-29T10:59:12.460000,P,0.813,1.541339656796481e-06,78,4.4976961308223485e-05,20210729T080000_78
AV.PV6A..SH,2021-07-29T11:05:38.300000,P,0.81,1.4913498489477206e-06,80,0.0002871941980613,20210729T080000_80
AV.PV6A..SH,2021-07-29T11:09:28.080000,P,0.917,5.545234216697281e-06,81,4.4976961308223485e-05,20210729T080000_81
AV.PV6A..SH,2021-07-29T11:17:11.280000,P,0.397,2.366958398170027e-07,83,0.0001445423886612,20210729T080000_83
AV.PV6A..SH,2021-07-29T11:17:11.980000,P,0.532,8.295400562019495e-07,-1,-1.0,20210729T080000_-1
AV.PV6A..SH,2021-07-29T11:24:19.920000,P,0.807,2.746784559803928e-07,85,2.462672910082444e-05,20210729T080000_85
AV.PV6A..SH,2021-07-29T11:30:01.900000,P,0.946,3.615315563365584e-06,87,0.0005041834543036,20210729T080000_87
AV.PV6A..SH,2021-07-29T11:40:46.700000,P,0.703,2.7743041641770105e-07,-1,-1.0,20210729T080000_-1
AV.PV6A..SH,2021-07-29T11:42:12.860000,P,0.926,9.30050248371117e-07,90,0.0026168716862246,20210729T080000_90
AV.PV6A..SH,2021-07-29T11:48:35.260000,P,0.916,1.956203050212934e-06,92,0.0026168716862246,20210729T080000_92
AV.PV6A..SH,2021-07-29T11:57:22.400000,P,0.458,1.173817622657225e-06,-1,-1.0,20210729T080000_-1
AV.PV6A..SH,2021-07-29T11:59:30.860000,P,0.649,2.374613359279465e-07,-1,-1.0,20210729T080000_-1
AV.PV6A..SH,2021-07-29T12:11:07.280000,P,0.541,2.426766627650068e-07,-1,-1.0,20210729T080000_-1
AV.PV6A..SH,2021-07-29T12:17:30.620000,P,0.384,4.670347379942541e-07,95,8.873737996727725e-05,20210729T080000_95
AV.PV6A..SH,2021-07-29T12:18:38.420000,P,0.907,1.889344730443554e-06,96,4.4976961308223485e-05,20210729T080000_96
AV.PV6A..SH,2021-07-29T12:29:02.860000,P,0.897,1.7257525541936047e-06,-1,-1.0,20210729T080000_-1
AV.PV6A..SH,2021-07-29T12:32:53.040000,P,0.629,1.1395982255635315e-06,100,0.0007359451772434,20210729T080000_100
AV.PV6A..SH,2021-07-29T12:36:49.780000,P,0.834,4.6979349122011627e-07,-1,-1.0,20210729T080000_-1
AV.PV6A..SH,2021-07-29T12:43:26.460000,P,0.959,1.0701724022510462e-05,-1,-1.0,20210729T080000_-1
AV.PV6A..SH,2021-07-29T12:52:28.860000,P,0.504,3.955135525757214e-06,-1,-1.0,20210729T080000_-1
AV.PV6A..SH,2021-07-29T13:02:07.640000,P,0.444,3.534325401233218e-07,-1,-1.0,20210729T080000_-1
AV.PV6A..SH,2021-07-29T13:03:48.760000,P,0.322,1.4651521951236648e-07,-1,-1.0,20210729T080000_-1
AV.PV6A..SH,2021-07-29T13:03:50.000000,P,0.34,3.956557463880017e-07,-1,-1.0,20210729T080000_-1
AV.PV6A..SH,2021-07-29T13:15:29.660000,P,0.93,1.986391680475208e-06,-1,-1.0,20210729T080000_-1
AV.PV6A..SH,2021-07-29T13:18:40.840000,P,0.932,4.122114205529215e-06,-1,-1.0,20210729T080000_-1
AV.PV6A..SH,2021-07-29T13:31:07.460000,P,0.946,7.856314141463372e-07,-1,-1.0,20210729T080000_-1
AV.PV6A..SH,2021-07-29T13:48:54.780000,P,0.942,1.3526761222237838e-06,-1,-1.0,20210729T080000_-1
AV.PV6A..SH,2021-07-29T14:02:52.380000,P,0.936,2.925628166394745e-07,-1,-1.0,20210729T080000_-1
AV.PV6A..SH,2021-07-29T14:08:30.040000,P,0.332,1.893511694106565e-07,-1,-1.0,20210729T080000_-1
AV.PV6A..SH,2021-07-29T14:08:30.860000,P,0.502,3.7795473417645553e-07,-1,-1.0,20210729T080000_-1
AV.PV6A..SH,2021-07-29T14:09:04.220000,P,0.336,1.6292342479573565e-06,-1,-1.0,20210729T080000_-1
AV.PV6A..SH,2021-07-29T14:16:35.000000,P,0.458,4.896290306533047e-07,-1,-1.0,20210729T080000_-1
AV.PV6A..SH,2021-07-29T14:21:00.640000,P,0.52,3.0430098263423133e-07,-1,-1.0,20210729T080000_-1
AV.PV6A..SH,2021-07-29T14:43:44.880000,P,0.58,4.71229071763446e-07,-1,-1.0,20210729T080000_-1
AV.PV6A..SH,2021-07-29T14:48:11.500000,P,0.373,3.134690018669062e-07,-1,-1.0,20210729T080000_-1
AV.PV6A..SH,2021-07-29T14:50:06.680000,P,0.394,7.617471169396595e-07,-1,-1.0,20210729T080000_-1
AV.PV6A..SH,2021-07-29T14:53:15.180000,P,0.856,9.31990939534444e-07,-1,-1.0,20210729T080000_-1
AV.PV6A..SH,2021-07-29T14:57:10.140000,P,0.501,2.153559108819536e-07,-1,-1.0,20210729T080000_-1
AV.PV6A..SH,2021-07-29T14:58:44.300000,P,0.655,6.678509407720412e-07,-1,-1.0,20210729T080000_-1
AV.PV6A..SH,2021-07-29T15:07:40.920000,P,0.406,3.331653601890139e-07,-1,-1.0,20210729T080000_-1
AV.PV6A..SH,2021-07-29T15:14:01.400000,P,0.729,1.7526709825688158e-06,-1,-1.0,20210729T080000_-1
AV.PV6A..SH,2021-07-29T15:21:34.040000,P,0.419,2.877702343084821e-07,-1,-1.0,20210729T080000_-1
AV.PV6A..SH,2021-07-29T15:30:32.520000,P,0.85,3.5567136364988983e-06,-1,-1.0,20210729T080000_-1
AV.PV6A..SH,2021-07-29T15:50:41.180000,P,0.454,6.530748350996873e-07,-1,-1.0,20210729T080000_-1
AV.PV6A..SH,2021-07-29T15:52:41.120000,P,0.318,6.512555614790472e-07,-1,-1.0,20210729T080000_-1
AV.PV6A..SH,2021-07-29T08:00:10.480000,S,0.441,1.4314891814137807e-05,1,8.873737996727725e-05,20210729T080000_1
AV.PV6A..SH,2021-07-29T08:24:22.640000,S,0.411,7.618170911882771e-07,-1,-1.0,20210729T080000_-1
AV.PV6A..SH,2021-07-29T08:40:10.020000,S,0.65,2.042710320893093e-06,21,0.0026168716862246,20210729T080000_21
AV.PV6A..SH,2021-07-29T08:41:49.120000,S,0.475,1.4428649592446163e-05,-1,-1.0,20210729T080000_-1
AV.PV6A..SH,2021-07-29T08:56:44.960000,S,0.303,1.5725361663498916e-05,27,2.462672910082444e-05,20210729T080000_27
AV.PV6A..SH,2021-07-29T09:07:54.560000,S,0.449,8.047032338254212e-07,-1,-1.0,20210729T080000_-1
AV.PV6A..SH,2021-07-29T09:09:00.220000,S,0.492,5.586312909144908e-06,32,7.389102077093342e-05,20210729T080000_32
AV.PV6A..SH,2021-07-29T09:17:56.920000,S,0.332,1.7282543467445066e-06,33,1.8298491628596215e-05,20210729T080000_33
AV.PV6A..SH,2021-07-29T09:23:51.540000,S,0.459,1.6881209603525349e-06,-1,-1.0,20210729T080000_-1
AV.PV6A..SH,2021-07-29T09:28:06.520000,S,0.336,7.064093665576365e-07,-1,-1.0,20210729T080000_-1
AV.PV6A..SH,2021-07-29T09:35:19.760000,S,0.343,3.589327093322936e-07,-1,-1.0,20210729T080000_-1
AV.PV6A..SH,2021-07-29T09:36:15.660000,S,0.575,6.044256224413402e-07,39,0.0001445423886612,20210729T080000_39
AV.PV6A..SH,2021-07-29T09:36:42.840000,S,0.32,7.356046012318984e-07,40,8.873737996727725e-05,20210729T080000_40
AV.PV6A..SH,2021-07-29T09:38:47.800000,S,0.368,3.628893637142028e-06,42,0.0001445423886612,20210729T080000_42
AV.PV6A..SH,2021-07-29T09:44:12.860000,S,0.342,8.078450832726958e-07,-1,-1.0,20210729T080000_-1
AV.PV6A..SH,2021-07-29T09:53:16.400000,S,0.475,6.198285973368911e-06,-1,-1.0,20210729T080000_-1
AV.PV6A..SH,2021-07-29T09:59:32.920000,S,0.469,2.3350487481366144e-06,52,0.0007359451772434,20210729T080000_52
AV.PV6A..SH,2021-07-29T10:06:38.800000,S,0.34,7.60514410558244e-07,57,0.0001445423886612,20210729T080000_57
AV.PV6A..SH,2021-07-29T10:17:06.520000,S,0.33,4.61555691799731e-06,62,2.462672910082444e-05,20210729T080000_62
AV.PV6A..SH,2021-07-29T10:18:09.280000,S,0.453,1.7291266658503446e-06,63,4.4976961308223485e-05,20210729T080000_63
AV.PV6A..SH,2021-07-29T10:18:30.360000,S,0.675,3.6111939607508248e-06,64,0.0026168716862246,20210729T080000_64
AV.PV6A..SH,2021-07-29T10:21:24.540000,S,0.496,8.574311891607067e-07,66,7.389102077093342e-05,20210729T080000_66
AV.PV6A..SH,2021-07-29T10:25:08.640000,S,0.558,1.641125891183037e-06,-1,-1.0,20210729T080000_-1
AV.PV6A..SH,2021-07-29T10:43:05.020000,S,0.598,3.3270532640017336e-07,73,8.873737996727725e-05,20210729T080000_73
AV.PV6A..SH,2021-07-29T10:51:09.880000,S,0.931,7.119592737581115e-07,75,0.0026168716862246,20210729T080000_75
AV.PV6A..SH,2021-07-29T10:59:18.480000,S,0.316,1.6177472161871265e-06,78,0.0007359451772434,20210729T080000_78
AV.PV6A..SH,2021-07-29T11:24:33.680000,S,0.701,4.6283582832984393e-07,85,0.0026168716862246,20210729T080000_85
AV.PV6A..SH,2021-07-29T11:30:38.840000,S,0.498,6.774623216188047e-06,88,0.0001445423886612,20210729T080000_88
AV.PV6A..SH,2021-07-29T11:38:02.520000,S,0.348,6.427392804653209e-07,-1,-1.0,20210729T080000_-1
AV.PV6A..SH,2021-07-29T11:41:08.480000,S,0.629,3.812909881162341e-07,-1,-1.0,20210729T080000_-1
AV.PV6A..SH,2021-07-29T11:51:45.720000,S,0.332,3.481690100670676e-07,-1,-1.0,20210729T080000_-1
AV.PV6A..SH,2021-07-29T11:57:39.280000,S,0.434,1.344095494459907e-06,-1,-1.0,20210729T080000_-1
AV.PV6A..SH,2021-07-29T12:05:43.520000,S,0.459,5.035777803641395e-07,-1,-1.0,20210729T080000_-1
AV.PV6A..SH,2021-07-29T12:17:38.160000,S,0.53,4.670347379942541e-07,95,0.0001445423886612,20210729T080000_95
AV.PV6A..SH,2021-07-29T12:18:46.840000,S,0.314,2.471416564731044e-06,96,0.0007359451772434,20210729T080000_96
AV.PV6A..SH,2021-07-29T12:52:59.960000,S,0.446,6.702779955958249e-06,-1,-1.0,20210729T080000_-1
AV.PV6A..SH,2021-07-29T13:31:16.520000,S,0.437,1.0777300758491035e-06,-1,-1.0,20210729T080000_-1
AV.PV6A..SH,2021-07-29T13:38:44.480000,S,0.342,4.39114160144527e-07,-1,-1.0,20210729T080000_-1
AV.PV6A..SH,2021-07-29T13:47:53.020000,S,0.3,4.43209188460969e-07,-1,-1.0,20210729T080000_-1
AV.PV6A..SH,2021-07-29T13:49:03.660000,S,0.411,2.192156671299017e-06,-1,-1.0,20210729T080000_-1
AV.PV6A..SH,2021-07-29T14:16:45.200000,S,0.573,5.599250698651304e-07,-1,-1.0,20210729T080000_-1
AV.PV6A..SH,2021-07-29T14:21:13.920000,S,0.374,3.636399981132854e-07,-1,-1.0,20210729T080000_-1
AV.PV6A..SH,2021-07-29T14:33:41.760000,S,0.633,6.074233738218027e-07,-1,-1.0,20210729T080000_-1
AV.PV6A..SH,2021-07-29T14:50:32.640000,S,0.653,2.20010178964003e-06,-1,-1.0,20210729T080000_-1
AV.PV6A..SH,2021-07-29T14:53:23.560000,S,0.305,1.3880545566280489e-06,-1,-1.0,20210729T080000_-1
AV.PV6A..SH,2021-07-29T14:57:46.880000,S,0.384,2.9744964535893814e-07,-1,-1.0,20210729T080000_-1
AV.PV6A..SH,2021-07-29T14:58:57.080000,S,0.347,1.115046188715496e-06,-1,-1.0,20210729T080000_-1
AV.PV6A..SH,2021-07-29T15:11:33.840000,S,0.46,3.60584863301483e-07,-1,-1.0,20210729T080000_-1
AV.PV6A..SH,2021-07-29T15:21:47.160000,S,0.382,3.0338554779518745e-07,-1,-1.0,20210729T080000_-1
AV.PV6A..SH,2021-07-29T15:31:01.740000,S,0.715,4.760176125273574e-06,-1,-1.0,20210729T080000_-1
AV.PV6A..SH,2021-07-29T15:50:48.520000,S,0.331,7.954910756780009e-07,-1,-1.0,20210729T080000_-1
AV.PVV..SH,2021-07-29T08:00:00.020000,P,0.815,2.5146891857730225e-06,-1,-1.0,20210729T080000_-1
AV.PVV..SH,2021-07-29T08:00:00.640000,P,0.371,1.0027549251390155e-05,2,0.0002871941980613,20210729T080000_2
AV.PVV..SH,2021-07-29T08:03:32.920000,P,0.389,5.138717369845836e-06,3,0.0001445423886612,20210729T080000_3
AV.PVV..SH,2021-07-29T08:06:05.200000,P,0.508,7.328790729843604e-07,-1,-1.0,20210729T080000_-1
AV.PVV..SH,2021-07-29T08:06:25.960000,P,0.313,1.0826522611750988e-06,-1,-1.0,20210729T080000_-1
AV.PVV..SH,2021-07-29T08:13:35.480000,P,0.816,1.3960141131974524e-06,10,4.4976961308223485e-05,20210729T080000_10
AV.PVV..SH,2021-07-29T08:14:27.500000,P,0.426,1.7425171563445474e-06,11,0.0001445423886612,20210729T080000_11
AV.PVV..SH,2021-07-29T08:16:30.760000,P,0.915,9.40615154831903e-06,13,0.0019122121666471,20210729T080000_13
AV.PVV..SH,2021-07-29T08:17:54.640000,P,0.35,2.9006585009483388e-06,-1,-1.0,20210729T080000_-1
AV.PVV..SH,2021-07-29T08:22:31.680000,P,0.441,7.258864229697792e-07,-1,-1.0,20210729T080000_-1
AV.PVV..SH,2021-07-29T08:30:45.840000,P,0.459,9.067416044672428e-07,18,8.873737996727725e-05,20210729T080000_18
AV.PVV..SH,2021-07-29T08:33:38.200000,P,0.363,1.214496933243936e-06,-1,-1.0,20210729T080000_-1
AV.PVV..SH,2021-07-29T08:35:04.760000,P,0.324,1.192744434774795e-06,-1,-1.0,20210729T080000_-1
AV.PVV..SH,2021-07-29T08:40:57.340000,P,0.859,4.095879830856575e-06,22,0.0019122121666471,20210729T080000_22
AV.PVV..SH,2021-07-29T08:41:28.880000,P,0.751,7.751730663585477e-06,23,7.389102077093342e-05,20210729T080000_23
AV.PVV..SH,2021-07-29T08:45:16.320000,P,0.437,3.995799602307671e-07,-1,-1.0,20210729T080000_-1
AV.PVV..SH,2021-07-29T08:56:02.220000,P,0.822,4.414353043102892e-06,-1,-1.0,20210729T080000_-1
AV.PVV..SH,2021-07-29T08:57:28.300000,P,0.409,2.065379931082134e-06,28,7.389102077093342e-05,20210729T080000_28
AV.PVV..SH,2021-07-29T09:08:30.660000,P,0.956,2.6058778530568816e-06,31,0.0007359451772434,20210729T080000_31
AV.PVV..SH,2021-07-29T09:17:48.520000,P,0.53,2.876813368857256e-06,33,0.0001434790110036,20210729T080000_33
AV.PVV..SH,2021-07-29T09:23:34.120000,P,0.971,1.2488366110119389e-06,35,0.0001434790110036,20210729T080000_35
AV.PVV..SH,2021-07-29T09:26:58.300000,P,0.808,4.226778571592149e-07,36,4.4976961308223485e-05,20210729T080000_36
AV.PVV..SH,2021-07-29T09:29:01.080000,P,0.905,1.6351184967788868e-05,37,0.0007359451772434,20210729T080000_37
AV.PVV..SH,2021-07-29T09:38:13.760000,P,0.609,1.5996815818652976e-06,41,0.0007359451772434,20210729T080000_41
AV.PVV..SH,2021-07-29T09:43:58.480000,P,0.302,7.851191412555636e-07,44,0.0026168716862246,20210729T080000_44
AV.PVV..SH,2021-07-29T09:44:29.420000,P,0.34,1.1925485523534007e-06,45,0.0001416959883637,20210729T080000_45
AV.PVV..SH,2021-07-29T09:45:24.600000,P,0.809,1.0245978501188802e-06,46,2.462672910082444e-05,20210729T080000_46
AV.PVV..SH,2021-07-29T09:53:01.480000,P,0.94,3.505878794385353e-06,48,0.0019122121666471,20210729T080000_48
AV.PVV..SH,2021-07-29T09:54:23.940000,P,0.943,7.794113116688095e-06,49,1.8298491628596215e-05,20210729T080000_49
AV.PVV..SH,2021-07-29T09:59:19.180000,P,0.501,1.440816959075164e-06,52,0.0002871941980613,20210729T080000_52
AV.PVV..SH,2021-07-29T10:02:18.640000,P,0.431,3.070402954108431e-06,54,0.0026168716862246,20210729T080000_54
AV.PVV..SH,2021-07-29T10:05:50.640000,P,0.508,4.106432811568084e-07,56,0.0026168716862246,20210729T080000_56
AV.PVV..SH,2021-07-29T10:06:33.040000,P,0.353,6.633554221480154e-07,57,2.462672910082444e-05,20210729T080000_57
AV.PVV..SH,2021-07-29T10:08:33.680000,P,0.436,8.078390578702965e-07,58,0.0001416959883637,20210729T080000_58
AV.PVV..SH,2021-07-29T10:14:03.960000,P,0.443,5.945244083704893e-07,60,0.0001445423886612,20210729T080000_60
AV.PVV..SH,2021-07-29T10:15:53.980000,P,0.454,2.628038089369511e-07,-1,-1.0,20210729T080000_-1
AV.PVV..SH,2021-07-29T10:16:33.960000,P,0.885,2.517594566597836e-06,61,0.0007359451772434,20210729T080000_61
AV.PVV..SH,2021-07-29T10:17:59.980000,P,0.932,1.8840686379917315e-06,63,0.0007359451772434,20210729T080000_63
AV.PVV..SH,2021-07-29T10:20:46.460000,P,0.6,3.611781380641333e-07,65,8.873737996727725e-05,20210729T080000_65
AV.PVV..SH,2021-07-29T10:22:59.160000,P,0.858,1.0299647783540422e-06,67,0.0005041834543036,20210729T080000_67
AV.PVV..SH,2021-07-29T10:24:54.780000,P,0.51,1.3151906159691862e-06,69,0.0019122121666471,20210729T080000_69
AV.PVV..SH,2021-07-29T10:27:37.600000,P,0.94,1.130311943597917e-06,70,0.0002871941980613,20210729T080000_70
AV.PVV..SH,2021-07-29T10:38:40.440000,P,0.965,7.43516750389972e-07,72,1.8298491628596215e-05,20210729T080000_72
AV.PVV..SH,2021-07-29T10:38:55.240000,P,0.336,8.922027632252139e-07,-1,-1.0,20210729T080000_-1
AV.PVV..SH,2021-07-29T10:42:56.400000,P,0.5,2.98492722095034e-07,73,0.0001445423886612,20210729T080000_73
AV.PVV..SH,2021-07-29T10:50:56.640000,P,0.963,1.2178402357676532e-06,75,4.4976961308223485e-05,20210729T080000_75
AV.PVV..SH,2021-07-29T10:59:10.760000,P,0.849,1.3206034736867878e-06,78,0.0002871941980613,20210729T080000_78
AV.PVV..SH,2021-07-29T11:05:36.280000,P,0.837,2.002742121476331e-06,80,0.0005041834543036,20210729T080000_80
AV.PVV..SH,2021-07-29T11:09:26.020000,P,0.971,6.030995336914202e-06,81,0.0007359451772434,20210729T080000_81
AV.PVV..SH,2021-07-29T11:20:45.080000,P,0.396,3.5607357062872325e-07,-1,-1.0,20210729T080000_-1
AV.PVV..SH,2021-07-29T11:24:16.680000,P,0.865,3.701320565596689e-07,86,0.0026168716862246,20210729T080000_86
AV.PVV..SH,2021-07-29T11:29:59.780000,P,0.974,3.3294415970885893e-06,87,0.0019122121666471,20210729T080000_87
AV.PVV..SH,2021-07-29T11:42:10.860000,P,0.743,1.266574145120103e-06,90,4.4976961308223485e-05,20210729T080000_90
AV.PVV..SH,2021-07-29T11:42:42.480000,P,0.508,2.100542587868404e-06,91,0.0001445423886612,20210729T080000_91
AV.PVV..SH,2021-07-29T11:48:33.240000,P,0.904,1.8329587874177376e-06,92,4.4976961308223485e-05,20210729T080000_92
AV.PVV..SH,2021-07-29T11:56:47.560000,P,0.385,1.3038865063208505e-06,94,0.0001416959883637,20210729T080000_94
AV.PVV..SH,2021-07-29T12:17:28.720000,P,0.66,4.730846683287382e-07,95,2.462672910082444e-05,20210729T080000_95
AV.PVV..SH,2021-07-29T12:18:36.640000,P,0.636,2.7792614218924427e-06,96,0.0002871941980613,20210729T080000_96
AV.PVV..SH,2021-07-29T12:29:00.780000,P,0.908,2.8828469567088177e-06,-1,-1.0,20210729T080000_-1
AV.PVV..SH,2021-07-29T12:32:51.320000,P,0.925,1.4803132444285438e-06,100,0.0002871941980613,20210729T080000_100
AV.PVV..SH,2021-07-29T12:43:24.380000,P,0.959,1.357996734441258e-05,-1,-1.0,20210729T080000_-1
AV.PVV..SH,2021-07-29T12:52:25.800000,P,0.938,3.543280854501063e-06,-1,-1.0,20210729T080000_-1
AV.PVV..SH,2021-07-29T13:00:26.780000,P,0.686,2.539527201861347e-07,-1,-1.0,20210729T080000_-1
AV.PVV..SH,2021-07-29T13:15:27.520000,P,0.963,2.961359768960392e-06,-1,-1.0,20210729T080000_-1
AV.PVV..SH,2021-07-29T13:18:39.020000,P,0.968,5.255405085335951e-06,-1,-1.0,20210729T080000_-1
AV.PVV..SH,2021-07-29T13:31:05.680000,P,0.976,7.553661589554395e-07,-1,-1.0,20210729T080000_-1
AV.PVV..SH,2021-07-29T13:34:02.680000,P,0.361,3.724378814240481e-07,-1,-1.0,20210729T080000_-1
AV.PVV..SH,2021-07-29T13:38:10.920000,P,0.503,4.316407284932211e-07,-1,-1.0,20210729T080000_-1
AV.PVV..SH,2021-07-29T13:47:20.760000,P,0.632,2.8214910230417445e-07,-1,-1.0,20210729T080000_-1
AV.PVV..SH,2021-07-29T13:48:52.780000,P,0.852,1.3429790897134808e-06,-1,-1.0,20210729T080000_-1
AV.PVV..SH,2021-07-29T14:02:50.360000,P,0.492,3.93629022710229e-07,-1,-1.0,20210729T080000_-1
AV.PVV..SH,2021-07-29T14:03:28.400000,P,0.472,4.580362258366222e-07,-1,-1.0,20210729T080000_-1
AV.PVV..SH,2021-07-29T14:08:27.140000,P,0.564,4.089179697075451e-07,-1,-1.0,20210729T080000_-1
AV.PVV..SH,2021-07-29T14:17:20.640000,P,0.49,5.824756499350769e-07,-1,-1.0,20210729T080000_-1
AV.PVV..SH,2021-07-29T14:20:58.400000,P,0.53,2.9826892955497897e-07,-1,-1.0,20210729T080000_-1
AV.PVV..SH,2021-07-29T14:21:36.620000,P,0.414,3.812861280039215e-07,-1,-1.0,20210729T080000_-1
AV.PVV..SH,2021-07-29T14:33:10.720000,P,0.431,3.985059322531015e-07,-1,-1.0,20210729T080000_-1
AV.PVV..SH,2021-07-29T14:43:43.580000,P,0.872,6.289635052780795e-07,-1,-1.0,20210729T080000_-1
AV.PVV..SH,2021-07-29T14:46:33.760000,P,0.617,3.387573599411553e-07,-1,-1.0,20210729T080000_-1
AV.PVV..SH,2021-07-29T14:48:10.880000,P,0.518,3.583976422305568e-07,-1,-1.0,20210729T080000_-1
AV.PVV..SH,2021-07-29T14:48:36.780000,P,0.432,6.861635029054014e-07,-1,-1.0,20210729T080000_-1
AV.PVV..SH,2021-07-29T14:50:04.520000,P,0.947,9.327744692200212e-07,-1,-1.0,20210729T080000_-1
AV.PVV..SH,2021-07-29T14:53:12.960000,P,0.831,1.3617775493912632e-06,-1,-1.0,20210729T080000_-1
AV.PVV..SH,2021-07-29T14:58:42.380000,P,0.714,9.319354035142168e-07,-1,-1.0,20210729T080000_-1
AV.PVV..SH,2021-07-29T15:11:16.980000,P,0.958,5.428174745247816e-07,-1,-1.0,20210729T080000_-1
AV.PVV..SH,2021-07-29T15:13:59.120000,P,0.515,1.2154542901043897e-06,-1,-1.0,20210729T080000_-1
AV.PVV..SH,2021-07-29T15:28:40.620000,P,0.408,3.173867924033402e-07,-1,-1.0,20210729T080000_-1
AV.PVV..SH,2021-07-29T15:30:28.060000,P,0.767,2.7477058210934047e-06,-1,-1.0,20210729T080000_-1
AV.PVV..SH,2021-07-29T15:37:58.560000,P,0.409,2.013464950323396e-07,-1,-1.0,20210729T080000_-1
AV.PVV..SH,2021-07-29T15:37:59.200000,P,0.34,3.0916018545212864e-07,-1,-1.0,20210729T080000_-1
AV.PVV..SH,2021-07-29T15:50:43.560000,P,0.72,5.488325314217946e-07,-1,-1.0,20210729T080000_-1
AV.PVV..SH,2021-07-29T08:03:37.400000,S,0.335,5.455637165141525e-06,3,2.462672910082444e-05,20210729T080000_3
AV.PVV..SH,2021-07-29T08:04:09.200000,S,0.737,8.715922376723029e-06,5,8.873737996727725e-05,20210729T080000_5
AV.PVV..SH,2021-07-29T08:06:30.520000,S,0.56,1.0826522611750988e-06,-1,-1.0,20210729T080000_-1
AV.PVV..SH,2021-07-29T08:10:31.760000,S,0.385,1.1201569577679038e-05,8,7.389102077093342e-05,20210729T080000_8
AV.PVV..SH,2021-07-29T08:11:07.680000,S,0.592,2.169621802750044e-05,9,0.0001445423886612,20210729T080000_9
AV.PVV..SH,2021-07-29T08:14:51.500000,S,0.574,3.1496315386903007e-06,12,7.389102077093342e-05,20210729T080000_12
AV.PVV..SH,2021-07-29T08:16:39.160000,S,0.382,9.40615154831903e-06,13,1.8298491628596215e-05,20210729T080000_13
AV.PVV..SH,2021-07-29T08:18:31.280000,S,0.38,4.44407442046213e-06,15,8.873737996727725e-05,20210729T080000_15
AV.PVV..SH,2021-07-29T08:22:36.160000,S,0.449,7.258864229697792e-07,-1,-1.0,20210729T080000_-1
AV.PVV..SH,2021-07-29T08:30:32.560000,S,0.38,5.994396019559645e-07,-1,-1.0,20210729T080000_-1
AV.PVV..SH,2021-07-29T08:31:14.720000,S,0.719,1.3208738209868898e-06,19,7.389102077093342e-05,20210729T080000_19
AV.PVV..SH,2021-07-29T08:41:41.760000,S,0.454,1.216950022353558e-05,24,8.873737996727725e-05,20210729T080000_24
AV.PVV..SH,2021-07-29T09:08:36.580000,S,0.489,2.6058778530568816e-06,31,0.0002871941980613,20210729T080000_31
AV.PVV..SH,2021-07-29T09:08:57.660000,S,0.478,4.095080839761067e-06,32,8.873737996727725e-05,20210729T080000_32
AV.PVV..SH,2021-07-29T09:17:55.180000,S,0.784,2.876813368857256e-06,33,0.0007025878057749,20210729T080000_33
AV.PVV..SH,2021-07-29T09:18:28.000000,S,0.307,1.5958628409862283e-06,34,0.0001416959883637,20210729T080000_34
AV.PVV..SH,2021-07-29T09:23:42.160000,S,0.646,1.3264907465782017e-06,35,0.0007025878057749,20210729T080000_35
AV.PVV..SH,2021-07-29T09:27:37.840000,S,0.329,6.815486131017678e-07,-1,-1.0,20210729T080000_-1
AV.PVV..SH,2021-07-29T09:38:43.760000,S,0.348,2.143765186701785e-06,42,2.462672910082444e-05,20210729T080000_42
AV.PVV..SH,2021-07-29T09:39:30.240000,S,0.406,2.339045749977231e-06,43,8.873737996727725e-05,20210729T080000_43
AV.PVV..SH,2021-07-29T09:44:04.320000,S,0.852,9.26081611396512e-07,44,4.4976961308223485e-05,20210729T080000_44
AV.PVV..SH,2021-07-29T09:44:36.160000,S,0.384,1.1925485523534007e-06,45,7.389102077093342e-05,20210729T080000_45
AV.PVV..SH,2021-07-29T09:53:06.400000,S,0.446,3.677443373817368e-06,47,0.0001416959883637,20210729T080000_47
AV.PVV..SH,2021-07-29T09:54:33.720000,S,0.301,9.960024726751726e-06,49,0.0001434790110036,20210729T080000_49
AV.PVV..SH,2021-07-29T09:55:10.760000,S,0.414,1.5463347153854556e-05,-1,-1.0,20210729T080000_-1
AV.PVV..SH,2021-07-29T09:56:27.320000,S,0.368,2.85939427158155e-06,51,7.389102077093342e-05,20210729T080000_51
AV.PVV..SH,2021-07-29T09:59:26.780000,S,0.452,1.981232571779401e-06,52,0.0005041834543036,20210729T080000_52
AV.PVV..SH,2021-07-29T10:00:00.700000,S,0.612,3.65069399776985e-06,53,8.873737996727725e-05,20210729T080000_53
AV.PVV..SH,2021-07-29T10:08:37.800000,S,0.429,8.078390578702965e-07,58,7.389102077093342e-05,20210729T080000_58
AV.PVV..SH,2021-07-29T10:17:01.360000,S,0.48,3.16057321469998e-06,62,0.0026168716862246,20210729T080000_62
AV.PVV..SH,2021-07-29T10:18:25.720000,S,0.433,2.8454205676098354e-06,64,4.4976961308223485e-05,20210729T080000_64
AV.PVV..SH,2021-07-29T10:23:02.960000,S,0.769,1.0299647783540422e-06,67,0.0019122121666471,20210729T080000_67
AV.PVV..SH,2021-07-29T10:38:47.800000,S,0.573,8.93594858553115e-07,72,0.0001434790110036,20210729T080000_72
AV.PVV..SH,2021-07-29T10:43:05.120000,S,0.44,2.844039386218356e-07,73,2.462672910082444e-05,20210729T080000_73
AV.PVV..SH,2021-07-29T10:47:53.280000,S,0.352,3.154672754135391e-07,-1,-1.0,20210729T080000_-1
AV.PVV..SH,2021-07-29T10:51:09.020000,S,0.857,1.1385100151528604e-06,74,4.4976961308223485e-05,20210729T080000_74
AV.PVV..SH,2021-07-29T10:54:45.720000,S,0.389,7.769419880787609e-07,76,2.462672910082444e-05,20210729T080000_76
AV.PVV..SH,2021-07-29T10:55:19.920000,S,0.386,6.454733920691069e-07,77,8.873737996727725e-05,20210729T080000_77
AV.PVV..SH,2021-07-29T10:59:16.140000,S,0.508,1.3206034736867878e-06,78,0.0005041834543036,20210729T080000_78
AV.PVV..SH,2021-07-29T11:06:12.460000,S,0.825,3.396770352992462e-06,-1,-1.0,20210729T080000_-1
AV.PVV..SH,2021-07-29T11:24:30.880000,S,0.806,9.19678598165774e-07,85,4.4976961308223485e-05,20210729T080000_85
AV.PVV..SH,2021-07-29T11:31:24.320000,S,0.502,1.6053650142566769e-06,89,4.4976961308223485e-05,20210729T080000_89
AV.PVV..SH,2021-07-29T11:48:36.160000,S,0.455,1.8329587874177376e-06,92,0.0007359451772434,20210729T080000_92
AV.PVV..SH,2021-07-29T11:49:07.520000,S,0.582,3.9469459807151e-06,93,8.873737996727725e-05,20210729T080000_93
AV.PVV..SH,2021-07-29T11:56:09.200000,S,0.319,4.161146023307083e-07,-1,-1.0,20210729T080000_-1
AV.PVV..SH,2021-07-29T11:56:57.580000,S,0.487,1.3038865063208505e-06,94,7.389102077093342e-05,20210729T080000_94
AV.PVV..SH,2021-07-29T12:33:00.160000,S,0.43,1.4803132444285438e-06,100,0.0005041834543036,20210729T080000_100
AV.PVV..SH,2021-07-29T12:43:28.900000,S,0.696,1.357996734441258e-05,-1,-1.0,20210729T080000_-1
AV.PVV..SH,2021-07-29T12:44:12.800000,S,0.634,1.7774922525859438e-05,-1,-1.0,20210729T080000_-1
AV.PVV..SH,2021-07-29T12:52:53.360000,S,0.646,5.458196937979665e-06,-1,-1.0,20210729T080000_-1
AV.PVV..SH,2021-07-29T13:00:29.480000,S,0.505,2.539527201861347e-07,-1,-1.0,20210729T080000_-1
AV.PVV..SH,2021-07-29T13:01:00.160000,S,0.518,2.3989139208424604e-07,-1,-1.0,20210729T080000_-1
AV.PVV..SH,2021-07-29T13:04:20.600000,S,0.384,5.840007020196936e-07,-1,-1.0,20210729T080000_-1
AV.PVV..SH,2021-07-29T13:15:31.400000,S,0.331,2.961359768960392e-06,-1,-1.0,20210729T080000_-1
AV.PVV..SH,2021-07-29T13:18:46.160000,S,0.649,5.255405085335951e-06,-1,-1.0,20210729T080000_-1
AV.PVV..SH,2021-07-29T13:31:12.040000,S,0.384,7.322398118958517e-07,-1,-1.0,20210729T080000_-1
AV.PVV..SH,2021-07-29T13:34:08.120000,S,0.414,3.724378814240481e-07,-1,-1.0,20210729T080000_-1
AV.PVV..SH,2021-07-29T13:38:16.560000,S,0.376,4.316407284932211e-07,-1,-1.0,20210729T080000_-1
AV.PVV..SH,2021-07-29T13:47:49.120000,S,0.33,3.874731930864073e-07,-1,-1.0,20210729T080000_-1
AV.PVV..SH,2021-07-29T13:48:58.720000,S,0.356,1.3429790897134808e-06,-1,-1.0,20210729T080000_-1
AV.PVV..SH,2021-07-29T13:49:36.640000,S,0.356,2.135967179128784e-06,-1,-1.0,20210729T080000_-1
AV.PVV..SH,2021-07-29T14:03:02.560000,S,0.403,4.0815817214934214e-07,-1,-1.0,20210729T080000_-1
AV.PVV..SH,2021-07-29T14:03:42.200000,S,0.427,8.808588631836756e-07,-1,-1.0,20210729T080000_-1
AV.PVV..SH,2021-07-29T14:08:59.680000,S,0.693,1.516706902293663e-06,-1,-1.0,20210729T080000_-1
AV.PVV..SH,2021-07-29T14:16:42.040000,S,0.369,5.48192019778071e-07,-1,-1.0,20210729T080000_-1
AV.PVV..SH,2021-07-29T14:17:26.520000,S,0.463,5.824756499350769e-07,-1,-1.0,20210729T080000_-1
AV.PVV..SH,2021-07-29T14:21:10.600000,S,0.353,3.503119501147012e-07,-1,-1.0,20210729T080000_-1
AV.PVV..SH,2021-07-29T14:33:45.520000,S,0.317,5.434727086139901e-07,-1,-1.0,20210729T080000_-1
AV.PVV..SH,2021-07-29T14:50:27.700000,S,0.458,1.2341420188022312e-06,-1,-1.0,20210729T080000_-1
AV.PVV..SH,2021-07-29T14:53:19.880000,S,0.493,1.3617775493912632e-06,-1,-1.0,20210729T080000_-1
AV.PVV..SH,2021-07-29T14:58:57.160000,S,0.386,1.0170398354603094e-06,-1,-1.0,20210729T080000_-1
AV.PVV..SH,2021-07-29T14:59:49.440000,S,0.545,1.9835213151964126e-06,-1,-1.0,20210729T080000_-1
AV.PVV..SH,2021-07-29T15:11:28.660000,S,0.741,5.428174745247816e-07,-1,-1.0,20210729T080000_-1
AV.PVV..SH,2021-07-29T15:30:55.420000,S,0.56,4.023116616735933e-06,-1,-1.0,20210729T080000_-1
AV.S12K..BH,2021-07-29T08:00:00.020000,P,0.528,2.746581594692543e-05,2,0.0005041834543036,20210729T080000_2
AV.S12K..BH,2021-07-29T08:03:36.580000,P,0.913,1.9836674255202524e-05,4,0.0026168716862246,20210729T080000_4
AV.S12K..BH,2021-07-29T08:10:33.260000,P,0.693,3.062509131268598e-05,8,8.873737996727725e-05,20210729T080000_8
AV.S12K..BH,2021-07-29T08:16:33.880000,P,0.859,2.5536475732224065e-05,13,0.0001434790110036,20210729T080000_13
AV.S12K..BH,2021-07-29T08:17:57.480000,P,0.608,1.725734182400629e-05,-1,-1.0,20210729T080000_-1
AV.S12K..BH,2021-07-29T08:26:13.020000,P,0.646,8.029596756387036e-06,17,4.4976961308223485e-05,20210729T080000_17
AV.S12K..BH,2021-07-29T08:30:48.600000,P,0.471,1.5064867511682678e-05,18,0.0001445423886612,20210729T080000_18
AV.S12K..BH,2021-07-29T08:33:39.800000,P,0.459,2.233838677057065e-05,20,0.0001445423886612,20210729T080000_20
AV.S12K..BH,2021-07-29T08:41:00.620000,P,0.856,1.6630241589155048e-05,22,1.8298491628596215e-05,20210729T080000_22
AV.S12K..BH,2021-07-29T08:56:05.400000,P,0.806,1.0193696653004736e-05,-1,-1.0,20210729T080000_-1
AV.S12K..BH,2021-07-29T08:58:40.640000,P,0.492,7.853544047975447e-06,-1,-1.0,20210729T080000_-1
AV.S12K..BH,2021-07-29T09:03:42.360000,P,0.412,4.266241830919171e-06,-1,-1.0,20210729T080000_-1
AV.S12K..BH,2021-07-29T09:08:34.020000,P,0.95,9.83928475761786e-06,-1,-1.0,20210729T080000_-1
AV.S12K..BH,2021-07-29T09:17:51.740000,P,0.949,5.57114981347695e-06,33,4.342296027150504e-05,20210729T080000_33
AV.S12K..BH,2021-07-29T09:23:37.440000,P,0.915,6.737115199939581e-06,-1,-1.0,20210729T080000_-1
AV.S12K..BH,2021-07-29T09:27:01.120000,P,0.499,3.801703996941797e-06,36,0.0007359451772434,20210729T080000_36
AV.S12K..BH,2021-07-29T09:29:03.960000,P,0.906,4.982510290574282e-05,37,0.0002871941980613,20210729T080000_37
AV.S12K..BH,2021-07-29T09:38:17.020000,P,0.738,5.561751549976179e-06,-1,-1.0,20210729T080000_-1
AV.S12K..BH,2021-07-29T09:44:00.540000,P,0.734,3.459986601228593e-06,44,0.0007359451772434,20210729T080000_44
AV.S12K..BH,2021-07-29T09:53:04.280000,P,0.862,1.184630673378706e-05,47,7.389102077093342e-05,20210729T080000_47
AV.S12K..BH,2021-07-29T09:54:27.160000,P,0.81,2.0979954570066184e-05,49,0.0007025878057749,20210729T080000_49
AV.S12K..BH,2021-07-29T09:59:22.960000,P,0.73,5.83624796490767e-06,-1,-1.0,20210729T080000_-1
AV.S12K..BH,2021-07-29T10:00:02.640000,P,0.755,1.326852088823216e-05,-1,-1.0,20210729T080000_-1
AV.S12K..BH,2021-07-29T10:02:21.580000,P,0.641,7.2004063440545e-06,54,4.4976961308223485e-05,20210729T080000_54
AV.S12K..BH,2021-07-29T10:05:53.720000,P,0.59,2.682633748918306e-06,-1,-1.0,20210729T080000_-1
AV.S12K..BH,2021-07-29T10:14:05.880000,P,0.801,3.453301815170562e-06,60,2.462672910082444e-05,20210729T080000_60
AV.S12K..BH,2021-07-29T10:16:38.140000,P,0.902,5.013409008824965e-06,61,0.0002871941980613,20210729T080000_61
AV.S12K..BH,2021-07-29T10:18:03.320000,P,0.835,3.5833513720717747e-06,-1,-1.0,20210729T080000_-1
AV.S12K..BH,2021-07-29T10:20:49.440000,P,0.542,2.052721129075508e-06,65,0.0001445423886612,20210729T080000_65
AV.S12K..BH,2021-07-29T10:23:02.460000,P,0.492,2.719180201893323e-06,67,1.8298491628596215e-05,20210729T080000_67
AV.S12K..BH,2021-07-29T10:24:56.520000,P,0.775,4.706609161075903e-06,69,1.8298491628596215e-05,20210729T080000_69
AV.S12K..BH,2021-07-29T10:27:41.020000,P,0.689,4.236812856106553e-06,70,0.0005041834543036,20210729T080000_70
AV.S12K..BH,2021-07-29T10:38:43.580000,P,0.905,2.9060884116915986e-06,72,0.0007025878057749,20210729T080000_72
AV.S12K..BH,2021-07-29T10:50:58.120000,P,0.933,1.6318290363415144e-06,74,0.0007359451772434,20210729T080000_74
AV.S12K..BH,2021-07-29T10:59:12.860000,P,0.679,2.554694901846233e-06,78,0.0019122121666471,20210729T080000_78
AV.S12K..BH,2021-07-29T11:05:39.560000,P,0.781,4.355954843049403e-06,80,0.0019122121666471,20210729T080000_80
AV.S12K..BH,2021-07-29T11:09:29.000000,P,0.774,2.4936975023592826e-05,81,0.0002871941980613,20210729T080000_81
AV.S12K..BH,2021-07-29T11:17:12.380000,P,0.332,2.3121451704355422e-06,83,2.462672910082444e-05,20210729T080000_83
AV.S12K..BH,2021-07-29T11:30:02.980000,P,0.901,7.605814971611835e-06,87,1.8298491628596215e-05,20210729T080000_87
AV.S12K..BH,2021-07-29T11:42:14.120000,P,0.845,3.2575137538515264e-06,90,0.0007359451772434,20210729T080000_90
AV.S12K..BH,2021-07-29T11:48:36.520000,P,0.953,4.94864161737496e-06,-1,-1.0,20210729T080000_-1
AV.S12K..BH,2021-07-29T11:56:50.360000,P,0.323,1.877108047665388e-06,94,8.873737996727725e-05,20210729T080000_94
AV.S12K..BH,2021-07-29T12:18:39.640000,P,0.906,4.898935912933666e-06,96,0.0005041834543036,20210729T080000_96
AV.S12K..BH,2021-07-29T12:24:15.580000,P,0.314,3.7469678773049968e-06,-1,-1.0,20210729T080000_-1
AV.S12K..BH,2021-07-29T12:29:03.980000,P,0.743,6.679876150883501e-06,-1,-1.0,20210729T080000_-1
AV.S12K..BH,2021-07-29T12:32:54.040000,P,0.325,3.282679244875908e-06,100,0.0019122121666471,20210729T080000_100
AV.S12K..BH,2021-07-29T12:36:47.040000,P,0.322,1.5336601109083858e-06,-1,-1.0,20210729T080000_-1
AV.S12K..BH,2021-07-29T12:43:27.560000,P,0.896,2.7921856599277817e-05,-1,-1.0,20210729T080000_-1
AV.S12K..BH,2021-07-29T12:52:28.880000,P,0.672,8.052860721363686e-06,-1,-1.0,20210729T080000_-1
AV.S12K..BH,2021-07-29T13:03:49.320000,P,0.412,1.5482518165299552e-06,-1,-1.0,20210729T080000_-1
AV.S12K..BH,2021-07-29T13:15:30.940000,P,0.953,1.1171043297508731e-05,-1,-1.0,20210729T080000_-1
AV.S12K..BH,2021-07-29T13:18:40.440000,P,0.844,1.1606908628891688e-05,-1,-1.0,20210729T080000_-1
AV.S12K..BH,2021-07-29T13:31:07.000000,P,0.417,1.5783551816639374e-06,-1,-1.0,20210729T080000_-1
AV.S12K..BH,2021-07-29T13:31:08.040000,P,0.46,2.331212272110861e-06,-1,-1.0,20210729T080000_-1
AV.S12K..BH,2021-07-29T13:34:04.460000,P,0.348,1.8220232504972955e-06,-1,-1.0,20210729T080000_-1
AV.S12K..BH,2021-07-29T13:48:55.980000,P,0.921,3.6372741760715135e-06,-1,-1.0,20210729T080000_-1
AV.S12K..BH,2021-07-29T14:02:53.740000,P,0.647,1.7289077050008927e-06,-1,-1.0,20210729T080000_-1
AV.S12K..BH,2021-07-29T14:08:30.700000,P,0.731,1.4722913874720689e-06,-1,-1.0,20210729T080000_-1
AV.S12K..BH,2021-07-29T14:09:02.400000,P,0.431,3.879090854752576e-06,-1,-1.0,20210729T080000_-1
AV.S12K..BH,2021-07-29T14:21:01.800000,P,0.406,1.9436506590864155e-06,-1,-1.0,20210729T080000_-1
AV.S12K..BH,2021-07-29T14:43:45.320000,P,0.47,1.8871604652304088e-06,-1,-1.0,20210729T080000_-1
AV.S12K..BH,2021-07-29T14:48:13.160000,P,0.38,1.6129598634506692e-06,-1,-1.0,20210729T080000_-1
AV.S12K..BH,2021-07-29T14:50:07.960000,P,0.895,2.42576106757042e-06,-1,-1.0,20210729T080000_-1
AV.S12K..BH,2021-07-29T14:53:16.500000,P,0.924,4.097112650924828e-06,-1,-1.0,20210729T080000_-1
AV.S12K..BH,2021-07-29T14:58:45.420000,P,0.532,2.036676505667856e-06,-1,-1.0,20210729T080000_-1
AV.S12K..BH,2021-07-29T15:14:02.060000,P,0.861,2.825074034262798e-06,-1,-1.0,20210729T080000_-1
AV.S12K..BH,2021-07-29T15:30:31.640000,P,0.535,5.856018105987459e-06,-1,-1.0,20210729T080000_-1
AV.S12K..BH,2021-07-29T08:14:56.180000,S,0.711,2.1280804503476247e-05,12,8.873737996727725e-05,20210729T080000_12
AV.S12K..BH,2021-07-29T08:17:08.920000,S,0.383,2.747557664406486e-05,-1,-1.0,20210729T080000_-1
AV.S12K..BH,2021-07-29T08:18:05.300000,S,0.709,1.688147494860459e-05,-1,-1.0,20210729T080000_-1
AV.S12K..BH,2021-07-29T08:41:43.280000,S,0.522,3.3347023418173194e-05,23,8.873737996727725e-05,20210729T080000_23
AV.S12K..BH,2021-07-29T08:59:06.740000,S,0.529,1.4699556231789757e-05,30,7.389102077093342e-05,20210729T080000_30
AV.S12K..BH,2021-07-29T09:03:47.520000,S,0.491,4.266241830919171e-06,-1,-1.0,20210729T080000_-1
AV.S12K..BH,2021-07-29T09:08:59.820000,S,0.745,1.5214804079732858e-05,-1,-1.0,20210729T080000_-1
AV.S12K..BH,2021-07-29T09:15:30.680000,S,0.378,4.372124294604873e-06,-1,-1.0,20210729T080000_-1
AV.S12K..BH,2021-07-29T09:18:29.660000,S,0.459,8.495082511217333e-06,34,7.389102077093342e-05,20210729T080000_34
AV.S12K..BH,2021-07-29T09:23:46.760000,S,0.54,5.726880772272125e-06,-1,-1.0,20210729T080000_-1
AV.S12K..BH,2021-07-29T09:24:10.880000,S,0.675,6.317900442809332e-06,-1,-1.0,20210729T080000_-1
AV.S12K..BH,2021-07-29T09:39:32.640000,S,0.534,8.78724949870957e-06,43,0.0001445423886612,20210729T080000_43
AV.S12K..BH,2021-07-29T09:44:08.500000,S,0.52,3.138068905172986e-06,44,0.0002871941980613,20210729T080000_44
AV.S12K..BH,2021-07-29T09:53:10.480000,S,0.701,1.184630673378706e-05,47,8.873737996727725e-05,20210729T080000_47
AV.S12K..BH,2021-07-29T09:55:00.680000,S,0.486,6.369611219270155e-05,-1,-1.0,20210729T080000_-1
AV.S12K..BH,2021-07-29T10:02:58.040000,S,0.324,7.876457857491914e-06,-1,-1.0,20210729T080000_-1
AV.S12K..BH,2021-07-29T10:17:05.580000,S,0.787,1.2010393220407424e-05,-1,-1.0,20210729T080000_-1
AV.S12K..BH,2021-07-29T10:18:29.120000,S,0.753,1.264191905647749e-05,-1,-1.0,20210729T080000_-1
AV.S12K..BH,2021-07-29T10:21:25.920000,S,0.462,3.5434175060800044e-06,66,8.873737996727725e-05,20210729T080000_66
AV.S12K..BH,2021-07-29T10:23:43.920000,S,0.363,3.566774694263586e-06,-1,-1.0,20210729T080000_-1
AV.S12K..BH,2021-07-29T10:28:16.580000,S,0.656,1.4717613339598756e-05,-1,-1.0,20210729T080000_-1
AV.S12K..BH,2021-07-29T10:51:10.700000,S,0.825,2.94503274744784e-06,74,0.0002871941980613,20210729T080000_74
AV.S12K..BH,2021-07-29T10:59:46.940000,S,0.463,4.100764272152446e-06,-1,-1.0,20210729T080000_-1
AV.S12K..BH,2021-07-29T11:06:16.500000,S,0.344,1.2649579730350524e-05,-1,-1.0,20210729T080000_-1
AV.S12K..BH,2021-07-29T11:10:05.200000,S,0.471,5.275864896248095e-05,-1,-1.0,20210729T080000_-1
AV.S12K..BH,2021-07-29T11:17:48.480000,S,0.517,3.735138079719036e-06,84,7.389102077093342e-05,20210729T080000_84
AV.S12K..BH,2021-07-29T11:31:33.700000,S,0.687,3.752347311092308e-06,89,0.0007359451772434,20210729T080000_89
AV.S12K..BH,2021-07-29T11:38:04.040000,S,0.513,2.035916395470849e-06,-1,-1.0,20210729T080000_-1
AV.S12K..BH,2021-07-29T11:42:56.720000,S,0.302,8.23979098640848e-06,91,2.462672910082444e-05,20210729T080000_91
AV.S12K..BH,2021-07-29T11:49:12.160000,S,0.451,1.3057024261797778e-05,93,0.0001445423886612,20210729T080000_93
AV.S12K..BH,2021-07-29T12:19:17.880000,S,0.4,1.1827465641545132e-05,97,7.389102077093342e-05,20210729T080000_97
AV.S12K..BH,2021-07-29T12:29:42.120000,S,0.434,1.279865227843402e-05,-1,-1.0,20210729T080000_-1
AV.S12K..BH,2021-07-29T12:44:07.280000,S,0.568,4.60034170828294e-05,-1,-1.0,20210729T080000_-1
AV.S12K..BH,2021-07-29T12:53:01.420000,S,0.762,1.6784748368081637e-05,-1,-1.0,20210729T080000_-1
AV.S12K..BH,2021-07-29T13:15:38.060000,S,0.605,1.1171043297508731e-05,-1,-1.0,20210729T080000_-1
AV.S12K..BH,2021-07-29T13:16:08.480000,S,0.575,1.9399987650103867e-05,-1,-1.0,20210729T080000_-1
AV.S12K..BH,2021-07-29T13:31:14.800000,S,0.521,3.013243031091406e-06,-1,-1.0,20210729T080000_-1
AV.S12K..BH,2021-07-29T14:03:45.320000,S,0.366,2.5072313292184845e-06,-1,-1.0,20210729T080000_-1
AV.S12K..BH,2021-07-29T14:50:33.220000,S,0.586,4.337640802987153e-06,-1,-1.0,20210729T080000_-1
AV.S12K..BH,2021-07-29T14:53:24.660000,S,0.43,4.097112650924828e-06,-1,-1.0,20210729T080000_-1
AV.S12K..BH,2021-07-29T14:53:47.500000,S,0.576,3.712775423991843e-06,-1,-1.0,20210729T080000_-1
AV.S12K..BH,2021-07-29T14:58:54.840000,S,0.341,3.4988181596418144e-06,-1,-1.0,20210729T080000_-1
AV.S12K..BH,2021-07-29T14:59:26.140000,S,0.382,5.8941882343788166e-06,-1,-1.0,20210729T080000_-1
AV.S12K..BH,2021-07-29T15:31:00.220000,S,0.657,1.5717287169536576e-05,-1,-1.0,20210729T080000_-1
AV.DEER..BH,2021-07-29T16:00:33.320000,P,0.364,7.248401061588083e-07,1,0.0007622475858999,20210729T160000_1
AV.DEER..BH,2021-07-29T16:01:01.660000,P,0.694,1.5041252936498497e-06,3,0.0007622475858999,20210729T160000_3
AV.DEER..BH,2021-07-29T16:08:58.320000,P,0.723,1.0609554692564416e-06,4,0.0007622475858999,20210729T160000_4
AV.DEER..BH,2021-07-29T16:09:57.560000,P,0.866,2.35791794693796e-05,5,0.0007622475858999,20210729T160000_5
AV.DEER..BH,2021-07-29T16:27:04.600000,P,0.331,9.857978966465453e-07,6,0.0007622475858999,20210729T160000_6
AV.DEER..BH,2021-07-29T16:31:05.000000,P,0.471,1.5410964806505945e-06,7,0.0007622475858999,20210729T160000_7
AV.DEER..BH,2021-07-29T16:38:43.280000,P,0.89,8.854980819705816e-07,8,0.0007622475858999,20210729T160000_8
AV.DEER..BH,2021-07-29T16:39:18.860000,P,0.371,1.656836843721976e-06,-1,-1.0,20210729T160000_-1
AV.DEER..BH,2021-07-29T17:04:12.840000,P,0.577,8.948042591327976e-07,11,0.0007622475858999,20210729T160000_11
AV.DEER..BH,2021-07-29T17:23:36.960000,P,0.573,2.116272526109242e-06,-1,-1.0,20210729T160000_-1
AV.DEER..BH,2021-07-29T17:29:17.880000,P,0.414,4.880678261542926e-06,17,0.0007622475858999,20210729T160000_17
AV.DEER..BH,2021-07-29T17:33:19.800000,P,0.55,6.938116712262854e-07,18,0.0007622475858999,20210729T160000_18
AV.DEER..BH,2021-07-29T17:33:49.740000,P,0.783,1.6468881085529574e-06,19,0.0007622475858999,20210729T160000_19
AV.DEER..BH,2021-07-29T17:52:27.240000,P,0.669,1.074288888958108e-06,22,0.0007622475858999,20210729T160000_22
AV.DEER..BH,2021-07-29T17:53:01.720000,P,0.838,1.658069777477067e-06,23,0.0007622475858999,20210729T160000_23
AV.DEER..BH,2021-07-29T18:14:46.940000,P,0.589,1.4452082268689992e-06,24,0.0007622475858999,20210729T160000_24
AV.DEER..BH,2021-07-29T18:18:24.480000,P,0.437,1.3847741229255917e-06,28,0.0007622475858999,20210729T160000_28
AV.DEER..BH,2021-07-29T18:53:44.840000,P,0.836,1.0297163726136205e-06,32,0.0007622475858999,20210729T160000_32
AV.DEER..BH,2021-07-29T19:12:19.420000,P,0.92,3.308783334432519e-06,34,0.0007622475858999,20210729T160000_34
AV.DEER..BH,2021-07-29T19:15:14.120000,P,0.572,1.6310148112097522e-06,-1,-1.0,20210729T160000_-1
AV.DEER..BH,2021-07-29T19:31:25.320000,P,0.326,1.8997125152964145e-06,-1,-1.0,20210729T160000_-1
AV.DEER..BH,2021-07-29T19:53:46.180000,P,0.863,1.2670500382228056e-06,37,0.0007622475858999,20210729T160000_37
AV.DEER..BH,2021-07-29T19:54:28.880000,P,0.427,1.5268906281562522e-06,-1,-1.0,20210729T160000_-1
AV.DEER..BH,2021-07-29T20:22:00.140000,P,0.636,1.3509647942555605e-06,39,0.0007622475858999,20210729T160000_39
AV.DEER..BH,2021-07-29T20:23:47.100000,P,0.548,1.053141318152484e-06,40,0.0007622475858999,20210729T160000_40
AV.DEER..BH,2021-07-29T20:24:19.020000,P,0.71,4.132532012590673e-06,41,0.0007622475858999,20210729T160000_41
AV.DEER..BH,2021-07-29T20:31:20.680000,P,0.779,9.204170055454595e-06,43,0.0007622475858999,20210729T160000_43
AV.DEER..BH,2021-07-29T20:31:56.880000,P,0.626,3.352327621541917e-05,44,0.0007622475858999,20210729T160000_44
AV.DEER..BH,2021-07-29T20:33:31.040000,P,0.625,4.283674934413284e-05,45,0.0007622475858999,20210729T160000_45
AV.DEER..BH,2021-07-29T21:00:49.580000,P,0.853,5.054161374573596e-05,-1,-1.0,20210729T160000_-1
AV.DEER..BH,2021-07-29T21:09:16.760000,P,0.433,2.82124824479979e-06,-1,-1.0,20210729T160000_-1
AV.DEER..BH,2021-07-29T21:18:39.820000,P,0.936,2.267827767354902e-06,-1,-1.0,20210729T160000_-1
AV.DEER..BH,2021-07-29T21:40:01.240000,P,0.814,8.606343726569321e-06,-1,-1.0,20210729T160000_-1
AV.DEER..BH,2021-07-29T22:02:36.200000,P,0.334,1.072102918442397e-06,-1,-1.0,20210729T160000_-1
AV.DEER..BH,2021-07-29T22:19:13.880000,P,0.798,7.571518381155329e-06,-1,-1.0,20210729T160000_-1
AV.DEER..BH,2021-07-29T22:56:50.540000,P,0.917,1.566870878377813e-06,-1,-1.0,20210729T160000_-1
AV.DEER..BH,2021-07-29T22:57:29.200000,P,0.688,4.202202035230584e-06,-1,-1.0,20210729T160000_-1
AV.DEER..BH,2021-07-29T23:39:01.200000,P,0.698,2.754155502771028e-06,-1,-1.0,20210729T160000_-1
AV.DEER..BH,2021-07-29T23:39:35.280000,P,0.354,9.722380127641372e-06,-1,-1.0,20210729T160000_-1
AV.DEER..BH,2021-07-29T16:27:52.040000,S,0.321,1.314488258685742e-06,-1,-1.0,20210729T160000_-1
AV.DEER..BH,2021-07-29T16:38:53.280000,S,0.567,1.118755108109326e-06,-1,-1.0,20210729T160000_-1
AV.DEER..BH,2021-07-29T17:01:14.380000,S,0.399,6.489687166322256e-06,-1,-1.0,20210729T160000_-1
AV.DEER..BH,2021-07-29T17:33:59.700000,S,0.31,1.2937896372022806e-06,19,0.0011849689182661,20210729T160000_19
AV.DEER..BH,2021-07-29T17:34:55.600000,S,0.389,2.8626436687773094e-06,21,0.0007622475858999,20210729T160000_21
AV.DEER..BH,2021-07-29T17:47:04.100000,S,0.673,8.510862130606256e-07,-1,-1.0,20210729T160000_-1
AV.DEER..BH,2021-07-29T18:15:18.520000,S,0.335,3.1088893592823297e-06,25,0.0007622475858999,20210729T160000_25
AV.DEER..BH,2021-07-29T18:18:33.160000,S,0.393,1.3847741229255917e-06,28,0.0011849689182661,20210729T160000_28
AV.DEER..BH,2021-07-29T18:38:55.640000,S,0.573,3.585257445593016e-06,-1,-1.0,20210729T160000_-1
AV.DEER..BH,2021-07-29T18:39:05.520000,S,0.343,2.3163840978668304e-06,-1,-1.0,20210729T160000_-1
AV.DEER..BH,2021-07-29T18:54:08.240000,S,0.704,2.7176336061529582e-06,33,0.0007622475858999,20210729T160000_33
AV.DEER..BH,2021-07-29T19:12:29.480000,S,0.312,4.9297677833237685e-06,-1,-1.0,20210729T160000_-1
AV.DEER..BH,2021-07-29T19:13:09.040000,S,0.342,1.5112544133444317e-05,35,0.0007622475858999,20210729T160000_35
AV.DEER..BH,2021-07-29T19:31:39.580000,S,0.349,1.7308893802692182e-06,-1,-1.0,20210729T160000_-1
AV.DEER..BH,2021-07-29T19:53:55.260000,S,0.674,1.3677415608981391e-06,-1,-1.0,20210729T160000_-1
AV.DEER..BH,2021-07-29T20:22:51.720000,S,0.442,3.6344129057397367e-06,-1,-1.0,20210729T160000_-1
AV.DEER..BH,2021-07-29T20:24:26.760000,S,0.342,4.132532012590673e-06,41,0.0011849689182661,20210729T160000_41
AV.DEER..BH,2021-07-29T20:32:07.240000,S,0.307,4.177626033197157e-05,44,0.0011849689182661,20210729T160000_44
AV.DEER..BH,2021-07-29T20:43:21.740000,S,0.321,2.5481463126197923e-06,-1,-1.0,20210729T160000_-1
AV.DEER..BH,2021-07-29T21:18:49.300000,S,0.727,2.267827767354902e-06,-1,-1.0,20210729T160000_-1
AV.DEER..BH,2021-07-29T21:19:23.160000,S,0.58,2.3246577711688587e-06,-1,-1.0,20210729T160000_-1
AV.DEER..BH,2021-07-29T21:40:47.520000,S,0.499,3.162476059515029e-05,-1,-1.0,20210729T160000_-1
AV.DEER..BH,2021-07-29T22:19:59.040000,S,0.308,4.341134990681894e-05,-1,-1.0,20210729T160000_-1
AV.DEER..BH,2021-07-29T22:56:59.940000,S,0.739,2.0334844066383084e-06,-1,-1.0,20210729T160000_-1
AV.DEER..BH,2021-07-29T22:57:42.240000,S,0.451,7.483344688807847e-06,-1,-1.0,20210729T160000_-1
AV.DEER..BH,2021-07-29T23:39:35.360000,S,0.313,8.686313776706811e-06,-1,-1.0,20210729T160000_-1
AV.DEER..BH,2021-07-29T23:39:45.920000,S,0.383,1.3294003110786434e-05,-1,-1.0,20210729T160000_-1
AV.DOL..BH,2021-07-29T16:00:30.620000,P,0.884,1.632972271181643e-06,1,0.0011849689182661,20210729T160000_1
AV.DOL..BH,2021-07-29T16:08:54.160000,P,0.522,1.3906826552556597e-06,4,0.0011849689182661,20210729T160000_4
AV.DOL..BH,2021-07-29T16:09:53.860000,P,0.932,7.004210783634335e-05,5,0.0011849689182661,20210729T160000_5
AV.DOL..BH,2021-07-29T16:10:27.980000,P,0.45,0.000176090223249,-1,-1.0,20210729T160000_-1
AV.DOL..BH,2021-07-29T16:30:58.640000,P,0.4,2.2205279037734726e-06,7,0.0011849689182661,20210729T160000_7
AV.DOL..BH,2021-07-29T16:38:40.480000,P,0.81,2.007573584705824e-06,8,0.0011849689182661,20210729T160000_8
AV.DOL..BH,2021-07-29T17:00:32.700000,P,0.777,4.187155354884453e-06,9,0.0007622475858999,20210729T160000_9
AV.DOL..BH,2021-07-29T17:04:08.300000,P,0.76,1.3033121604166809e-06,11,0.0011849689182661,20210729T160000_11
AV.DOL..BH,2021-07-29T17:04:31.720000,P,0.399,2.95300446850888e-06,-1,-1.0,20210729T160000_-1
AV.DOL..BH,2021-07-29T17:14:59.240000,P,0.823,1.1539162869667052e-06,-1,-1.0,20210729T160000_-1
AV.DOL..BH,2021-07-29T17:23:06.600000,P,0.548,2.0145207599853165e-06,14,0.0007622475858999,20210729T160000_14
AV.DOL..BH,2021-07-29T17:28:41.280000,P,0.792,5.620738193101715e-06,16,0.0007622475858999,20210729T160000_16
AV.DOL..BH,2021-07-29T17:33:16.540000,P,0.796,1.4601616840081988e-06,18,0.0011849689182661,20210729T160000_18
AV.DOL..BH,2021-07-29T17:34:21.000000,P,0.473,3.7202432849881006e-06,20,0.0007622475858999,20210729T160000_20
AV.DOL..BH,2021-07-29T17:40:03.260000,P,0.391,1.7355497448079404e-06,-1,-1.0,20210729T160000_-1
AV.DOL..BH,2021-07-29T17:52:23.340000,P,0.726,2.2805891148891533e-06,22,0.0011849689182661,20210729T160000_22
AV.DOL..BH,2021-07-29T18:14:43.320000,P,0.74,2.2764570530853234e-06,24,0.0011849689182661,20210729T160000_24
AV.DOL..BH,2021-07-29T18:38:23.640000,P,0.772,2.904537268477725e-06,29,0.0007622475858999,20210729T160000_29
AV.DOL..BH,2021-07-29T18:38:50.240000,P,0.44,5.868485004612012e-06,30,0.0007622475858999,20210729T160000_30
AV.DOL..BH,2021-07-29T18:47:01.500000,P,0.625,1.5503510439884849e-06,31,0.0007622475858999,20210729T160000_31
AV.DOL..BH,2021-07-29T18:53:46.900000,P,0.917,1.2897660326416371e-06,32,0.0011849689182661,20210729T160000_32
AV.DOL..BH,2021-07-29T19:12:15.260000,P,0.544,8.695596989127807e-07,34,0.0011849689182661,20210729T160000_34
AV.DOL..BH,2021-07-29T19:12:16.020000,P,0.434,9.345121725345962e-06,-1,-1.0,20210729T160000_-1
AV.DOL..BH,2021-07-29T19:33:27.960000,P,0.393,1.3200411785874169e-06,-1,-1.0,20210729T160000_-1
AV.DOL..BH,2021-07-29T19:53:42.140000,P,0.92,2.203721578553086e-06,37,0.0011849689182661,20210729T160000_37
AV.DOL..BH,2021-07-29T20:15:53.640000,P,0.374,1.1135432487208163e-06,-1,-1.0,20210729T160000_-1
AV.DOL..BH,2021-07-29T20:21:56.620000,P,0.582,2.026746187766548e-06,39,0.0011849689182661,20210729T160000_39
AV.DOL..BH,2021-07-29T20:23:43.260000,P,0.719,2.478951500961557e-06,40,0.0011849689182661,20210729T160000_40
AV.DOL..BH,2021-07-29T20:25:51.320000,P,0.868,1.6223965531025897e-06,42,0.0007622475858999,20210729T160000_42
AV.DOL..BH,2021-07-29T20:26:25.720000,P,0.379,3.696526619023643e-06,-1,-1.0,20210729T160000_-1
AV.DOL..BH,2021-07-29T20:31:16.840000,P,0.953,2.4994051273097284e-05,43,0.0011849689182661,20210729T160000_43
AV.DOL..BH,2021-07-29T20:33:27.240000,P,0.922,9.830249473452568e-05,45,0.0011849689182661,20210729T160000_45
AV.DOL..BH,2021-07-29T20:42:38.960000,P,0.569,3.941571321774973e-06,47,0.0007622475858999,20210729T160000_47
AV.DOL..BH,2021-07-29T20:56:40.120000,P,0.814,1.2399571005516918e-06,-1,-1.0,20210729T160000_-1
AV.DOL..BH,2021-07-29T20:57:04.140000,P,0.34,2.1172761535126483e-06,-1,-1.0,20210729T160000_-1
AV.DOL..BH,2021-07-29T21:00:40.360000,P,0.333,6.663029489573091e-05,-1,-1.0,20210729T160000_-1
AV.DOL..BH,2021-07-29T21:18:35.820000,P,0.932,5.561684247368248e-06,-1,-1.0,20210729T160000_-1
AV.DOL..BH,2021-07-29T21:39:57.380000,P,0.918,2.7098703867523e-05,-1,-1.0,20210729T160000_-1
AV.DOL..BH,2021-07-29T21:58:51.320000,P,0.542,1.197652863993426e-06,-1,-1.0,20210729T160000_-1
AV.DOL..BH,2021-07-29T22:02:31.880000,P,0.827,1.3059479897492563e-06,-1,-1.0,20210729T160000_-1
AV.DOL..BH,2021-07-29T22:19:10.060000,P,0.849,2.286546805407852e-05,-1,-1.0,20210729T160000_-1
AV.DOL..BH,2021-07-29T22:25:57.340000,P,0.601,1.7851415350378377e-06,-1,-1.0,20210729T160000_-1
AV.DOL..BH,2021-07-29T22:56:46.600000,P,0.899,4.48635000793729e-06,-1,-1.0,20210729T160000_-1
AV.DOL..BH,2021-07-29T23:38:57.000000,P,0.958,6.260092959564645e-06,-1,-1.0,20210729T160000_-1
AV.DOL..BH,2021-07-29T23:41:12.860000,P,0.595,1.996368837353657e-06,-1,-1.0,20210729T160000_-1
AV.DOL..BH,2021-07-29T23:55:28.540000,P,0.352,1.970463245015708e-06,-1,-1.0,20210729T160000_-1
AV.DOL..BH,2021-07-29T16:00:56.320000,S,0.744,4.468203314900165e-06,2,0.0007622475858999,20210729T160000_2
AV.DOL..BH,2021-07-29T16:01:04.880000,S,0.313,5.326504378899699e-06,3,0.0011849689182661,20210729T160000_3
AV.DOL..BH,2021-07-29T16:38:49.820000,S,0.585,2.564457645348739e-06,8,0.0015696492101564,20210729T160000_8
AV.DOL..BH,2021-07-29T16:39:14.160000,S,0.416,6.03044509261963e-06,-1,-1.0,20210729T160000_-1
AV.DOL..BH,2021-07-29T17:01:06.040000,S,0.485,1.4528261999657843e-05,-1,-1.0,20210729T160000_-1
AV.DOL..BH,2021-07-29T17:04:35.680000,S,0.523,3.074371988986968e-06,12,0.0007622475858999,20210729T160000_12
AV.DOL..BH,2021-07-29T17:08:56.200000,S,0.343,3.7325191897252807e-06,-1,-1.0,20210729T160000_-1
AV.DOL..BH,2021-07-29T17:23:31.040000,S,0.707,6.998131084401393e-06,15,0.0007622475858999,20210729T160000_15
AV.DOL..BH,2021-07-29T17:29:24.560000,S,0.358,2.4942106392700225e-05,17,0.0011849689182661,20210729T160000_17
AV.DOL..BH,2021-07-29T17:33:44.320000,S,0.582,4.010768407169962e-06,-1,-1.0,20210729T160000_-1
AV.DOL..BH,2021-07-29T17:34:45.480000,S,0.55,8.129578418447636e-06,21,0.0011849689182661,20210729T160000_21
AV.DOL..BH,2021-07-29T17:40:11.880000,S,0.342,1.7355497448079404e-06,-1,-1.0,20210729T160000_-1
AV.DOL..BH,2021-07-29T17:52:56.160000,S,0.56,4.30023237640853e-06,-1,-1.0,20210729T160000_-1
AV.DOL..BH,2021-07-29T18:15:09.440000,S,0.646,9.01627299754182e-06,25,0.0011849689182661,20210729T160000_25
AV.DOL..BH,2021-07-29T18:18:22.920000,S,0.353,3.22575101563416e-06,28,0.0015696492101564,20210729T160000_28
AV.DOL..BH,2021-07-29T18:38:50.680000,S,0.318,5.868485004612012e-06,30,0.0011849689182661,20210729T160000_30
AV.DOL..BH,2021-07-29T18:47:47.960000,S,0.334,5.536993285204517e-06,-1,-1.0,20210729T160000_-1
AV.DOL..BH,2021-07-29T18:54:11.540000,S,0.91,4.10860457122908e-06,33,0.0011849689182661,20210729T160000_33
AV.DOL..BH,2021-07-29T19:33:51.900000,S,0.388,2.2979586447036127e-06,-1,-1.0,20210729T160000_-1
AV.DOL..BH,2021-07-29T19:53:51.480000,S,0.323,2.4404071155004203e-06,37,0.0015696492101564,20210729T160000_37
AV.DOL..BH,2021-07-29T20:12:04.120000,S,0.322,1.834754129959037e-06,-1,-1.0,20210729T160000_-1
AV.DOL..BH,2021-07-29T20:16:19.380000,S,0.377,1.536874037810776e-06,38,0.0007622475858999,20210729T160000_38
AV.DOL..BH,2021-07-29T20:24:19.920000,S,0.349,1.3443815987557173e-05,41,0.0015696492101564,20210729T160000_41
AV.DOL..BH,2021-07-29T20:25:59.820000,S,0.488,1.6223965531025897e-06,42,0.0011849689182661,20210729T160000_42
AV.DOL..BH,2021-07-29T20:26:35.000000,S,0.379,4.4142434489913285e-06,-1,-1.0,20210729T160000_-1
AV.DOL..BH,2021-07-29T20:34:10.780000,S,0.333,0.0007890437846072,46,0.0007622475858999,20210729T160000_46
AV.DOL..BH,2021-07-29T20:43:05.900000,S,0.738,8.425183295912575e-06,48,0.0007622475858999,20210729T160000_48
AV.DOL..BH,2021-07-29T20:57:15.040000,S,0.553,1.8227933651360211e-06,-1,-1.0,20210729T160000_-1
AV.DOL..BH,2021-07-29T21:01:09.760000,S,0.61,0.00046754674986,-1,-1.0,20210729T160000_-1
AV.DOL..BH,2021-07-29T21:40:39.920000,S,0.441,8.56842816574499e-05,-1,-1.0,20210729T160000_-1
AV.DOL..BH,2021-07-29T21:59:28.820000,S,0.377,2.6977322704624385e-06,-1,-1.0,20210729T160000_-1
AV.DOL..BH,2021-07-29T22:19:51.360000,S,0.394,0.0002033149212365,-1,-1.0,20210729T160000_-1
AV.DOL..BH,2021-07-29T22:26:29.340000,S,0.538,2.9056955099804327e-06,-1,-1.0,20210729T160000_-1
AV.DOL..BH,2021-07-29T22:56:56.860000,S,0.465,4.5744613998977e-06,-1,-1.0,20210729T160000_-1
AV.DOL..BH,2021-07-29T22:57:33.020000,S,0.57,1.8983642803505063e-05,-1,-1.0,20210729T160000_-1
AV.DOL..BH,2021-07-29T23:39:38.960000,S,0.438,4.500763316173106e-05,-1,-1.0,20210729T160000_-1
AV.DOL..BH,2021-07-29T23:41:25.540000,S,0.596,2.981164698212524e-06,-1,-1.0,20210729T160000_-1
AV.DT1..BH,2021-07-29T16:08:57.640000,P,0.787,1.6324423768310226e-06,4,0.0015696492101564,20210729T160000_4
AV.DT1..BH,2021-07-29T16:09:57.180000,P,0.942,3.4939032047986984e-05,5,0.0015696492101564,20210729T160000_5
AV.DT1..BH,2021-07-29T16:11:16.720000,P,0.441,3.937614383175969e-05,-1,-1.0,20210729T160000_-1
AV.DT1..BH,2021-07-29T16:38:43.340000,P,0.702,1.4484184021057445e-06,8,0.0050686102197027,20210729T160000_8
AV.DT1..BH,2021-07-29T16:41:40.240000,P,0.32,8.214425406549708e-07,-1,-1.0,20210729T160000_-1
AV.DT1..BH,2021-07-29T17:00:36.200000,P,0.702,1.895777586469194e-06,9,0.0011849689182661,20210729T160000_9
AV.DT1..BH,2021-07-29T17:08:21.480000,P,0.759,1.1140655260533094e-06,13,0.0007622475858999,20210729T160000_13
AV.DT1..BH,2021-07-29T17:23:10.120000,P,0.619,1.398580593559018e-06,14,0.0011849689182661,20210729T160000_14
AV.DT1..BH,2021-07-29T17:29:17.040000,P,0.559,6.0483171182568185e-06,17,0.0015696492101564,20210729T160000_17
AV.DT1..BH,2021-07-29T17:33:20.360000,P,0.74,1.0053935284304316e-06,18,0.0015696492101564,20210729T160000_18
AV.DT1..BH,2021-07-29T17:33:49.760000,P,0.38,1.3535984635382192e-06,19,0.0015696492101564,20210729T160000_19
AV.DT1..BH,2021-07-29T17:34:25.040000,P,0.662,1.4559155943061342e-06,20,0.0011849689182661,20210729T160000_20
AV.DT1..BH,2021-07-29T17:52:26.680000,P,0.816,1.7241452496818963e-06,22,0.0015696492101564,20210729T160000_22
AV.DT1..BH,2021-07-29T17:53:01.420000,P,0.429,2.123015292454511e-06,23,0.0011849689182661,20210729T160000_23
AV.DT1..BH,2021-07-29T18:15:14.540000,P,0.488,3.228960849810392e-06,26,0.0007622475858999,20210729T160000_26
AV.DT1..BH,2021-07-29T18:47:42.760000,P,0.705,1.5182066590568866e-06,-1,-1.0,20210729T160000_-1
AV.DT1..BH,2021-07-29T18:53:46.620000,P,0.47,1.2871465742136934e-06,32,0.0015696492101564,20210729T160000_32
AV.DT1..BH,2021-07-29T19:12:18.680000,P,0.58,9.72518250819121e-07,34,0.0015696492101564,20210729T160000_34
AV.DT1..BH,2021-07-29T19:12:19.380000,P,0.848,4.947226443619002e-06,-1,-1.0,20210729T160000_-1
AV.DT1..BH,2021-07-29T19:15:15.020000,P,0.367,1.957303084054729e-06,-1,-1.0,20210729T160000_-1
AV.DT1..BH,2021-07-29T19:30:46.760000,P,0.753,1.560525447530381e-06,36,0.0007622475858999,20210729T160000_36
AV.DT1..BH,2021-07-29T19:53:45.660000,P,0.886,2.7716191652871203e-06,37,0.0050686102197027,20210729T160000_37
AV.DT1..BH,2021-07-29T20:21:59.880000,P,0.352,1.535821184006636e-06,39,0.0015696492101564,20210729T160000_39
AV.DT1..BH,2021-07-29T20:23:46.800000,P,0.597,1.9535395949787926e-06,40,0.0015696492101564,20210729T160000_40
AV.DT1..BH,2021-07-29T20:25:54.780000,P,0.468,1.39131384457869e-06,42,0.0015696492101564,20210729T160000_42
AV.DT1..BH,2021-07-29T20:31:20.140000,P,0.91,1.226079803018365e-05,43,0.0015696492101564,20210729T160000_43
AV.DT1..BH,2021-07-29T20:33:30.600000,P,0.949,5.936895468039438e-05,45,0.0015696492101564,20210729T160000_45
AV.DT1..BH,2021-07-29T20:42:42.060000,P,0.726,2.320942257938441e-06,47,0.0011849689182661,20210729T160000_47
AV.DT1..BH,2021-07-29T21:00:43.960000,P,0.534,3.519641541060992e-05,-1,-1.0,20210729T160000_-1
AV.DT1..BH,2021-07-29T21:18:39.220000,P,0.918,3.677336962937261e-06,-1,-1.0,20210729T160000_-1
AV.DT1..BH,2021-07-29T21:40:00.680000,P,0.922,1.3125492841936648e-05,-1,-1.0,20210729T160000_-1
AV.DT1..BH,2021-07-29T21:59:29.660000,P,0.427,1.4329500572785037e-06,-1,-1.0,20210729T160000_-1
AV.DT1..BH,2021-07-29T22:02:35.240000,P,0.596,1.0313722214050358e-06,-1,-1.0,20210729T160000_-1
AV.DT1..BH,2021-07-29T22:19:13.340000,P,0.95,1.0247410500596745e-05,-1,-1.0,20210729T160000_-1
AV.DT1..BH,2021-07-29T22:56:49.980000,P,0.919,2.9994930628163274e-06,-1,-1.0,20210729T160000_-1
AV.DT1..BH,2021-07-29T23:06:35.500000,P,0.909,1.691917645985086e-06,-1,-1.0,20210729T160000_-1
AV.DT1..BH,2021-07-29T23:39:00.380000,P,0.928,4.133417405682849e-06,-1,-1.0,20210729T160000_-1
AV.DT1..BH,2021-07-29T16:01:01.920000,S,0.503,1.7614345324545866e-06,2,0.0011849689182661,20210729T160000_2
AV.DT1..BH,2021-07-29T16:09:08.320000,S,0.799,1.006898287414515e-06,-1,-1.0,20210729T160000_-1
AV.DT1..BH,2021-07-29T16:10:05.720000,S,0.61,3.52290844602976e-05,5,0.0050686102197027,20210729T160000_5
AV.DT1..BH,2021-07-29T17:00:39.640000,S,0.347,1.895777586469194e-06,-1,-1.0,20210729T160000_-1
AV.DT1..BH,2021-07-29T17:01:15.060000,S,0.549,5.190962838241831e-06,10,0.0007622475858999,20210729T160000_10
AV.DT1..BH,2021-07-29T17:23:36.160000,S,0.355,2.136720468115527e-06,15,0.0011849689182661,20210729T160000_15
AV.DT1..BH,2021-07-29T17:28:26.100000,S,0.443,1.1264021395618329e-06,-1,-1.0,20210729T160000_-1
AV.DT1..BH,2021-07-29T17:29:29.200000,S,0.461,9.8657237685984e-06,17,0.0050686102197027,20210729T160000_17
AV.DT1..BH,2021-07-29T17:34:54.640000,S,0.325,3.144461288684397e-06,21,0.0015696492101564,20210729T160000_21
AV.DT1..BH,2021-07-29T17:53:02.600000,S,0.303,2.123015292454511e-06,-1,-1.0,20210729T160000_-1
AV.DT1..BH,2021-07-29T18:15:19.680000,S,0.466,3.228960849810392e-06,26,0.0011849689182661,20210729T160000_26
AV.DT1..BH,2021-07-29T18:38:55.500000,S,0.639,5.336881713446928e-06,30,0.0015696492101564,20210729T160000_30
AV.DT1..BH,2021-07-29T18:54:11.380000,S,0.887,2.978557631649892e-06,33,0.0015696492101564,20210729T160000_33
AV.DT1..BH,2021-07-29T19:15:22.040000,S,0.329,1.4450745311478386e-06,-1,-1.0,20210729T160000_-1
AV.DT1..BH,2021-07-29T19:15:22.800000,S,0.311,1.957303084054729e-06,-1,-1.0,20210729T160000_-1
AV.DT1..BH,2021-07-29T19:30:56.960000,S,0.506,1.3232895526016364e-06,36,0.0011849689182661,20210729T160000_36
AV.DT1..BH,2021-07-29T19:53:56.380000,S,0.787,1.2771415640600026e-06,37,0.0002818203042332,20210729T160000_37
AV.DT1..BH,2021-07-29T20:24:21.120000,S,0.331,3.1517311072093435e-06,41,0.0050686102197027,20210729T160000_41
AV.DT1..BH,2021-07-29T20:26:02.920000,S,0.302,1.2495177088567289e-06,42,0.0050686102197027,20210729T160000_42
AV.DT1..BH,2021-07-29T20:31:28.960000,S,0.449,1.5162513591349123e-05,43,0.0050686102197027,20210729T160000_43
AV.DT1..BH,2021-07-29T20:33:39.740000,S,0.65,5.936895468039438e-05,45,0.0050686102197027,20210729T160000_45
AV.DT1..BH,2021-07-29T20:34:18.080000,S,0.399,0.0002328296395717,46,0.0011849689182661,20210729T160000_46
AV.DT1..BH,2021-07-29T20:43:11.840000,S,0.322,3.4334391330048675e-06,48,0.0011849689182661,20210729T160000_48
AV.DT1..BH,2021-07-29T21:01:15.240000,S,0.304,0.0001583956473041,-1,-1.0,20210729T160000_-1
AV.DT1..BH,2021-07-29T21:09:30.360000,S,0.344,2.195627530454658e-06,-1,-1.0,20210729T160000_-1
AV.DT1..BH,2021-07-29T21:18:49.940000,S,0.775,2.7273856630927185e-06,-1,-1.0,20210729T160000_-1
AV.DT1..BH,2021-07-29T21:19:23.520000,S,0.391,3.4132654036511667e-06,-1,-1.0,20210729T160000_-1
AV.DT1..BH,2021-07-29T21:40:47.040000,S,0.313,3.074959386140108e-05,-1,-1.0,20210729T160000_-1
AV.DT1..BH,2021-07-29T22:02:45.900000,S,0.439,1.1742821470761555e-06,-1,-1.0,20210729T160000_-1
AV.DT1..BH,2021-07-29T22:57:00.640000,S,0.684,2.911556066464982e-06,-1,-1.0,20210729T160000_-1
AV.DT1..BH,2021-07-29T23:06:44.460000,S,0.79,1.691917645985086e-06,-1,-1.0,20210729T160000_-1
AV.DT1..BH,2021-07-29T23:39:10.720000,S,0.565,5.129453256813576e-06,-1,-1.0,20210729T160000_-1
AV.DTN..BH,2021-07-29T16:00:33.880000,P,0.417,1.8736969877863885e-06,1,0.0015696492101564,20210729T160000_1
AV.DTN..BH,2021-07-29T16:08:57.400000,P,0.496,1.789697193999018e-06,4,0.0050686102197027,20210729T160000_4
AV.DTN..BH,2021-07-29T16:09:57.160000,P,0.919,7.135747000575066e-05,5,0.0002818203042332,20210729T160000_5
AV.DTN..BH,2021-07-29T16:27:03.500000,P,0.395,1.9280491869722027e-06,6,0.0011849689182661,20210729T160000_6
AV.DTN..BH,2021-07-29T16:38:43.520000,P,0.775,2.7493099423736567e-06,8,0.0002818203042332,20210729T160000_8
AV.DTN..BH,2021-07-29T16:48:35.420000,P,0.844,2.03007380150666e-06,-1,-1.0,20210729T160000_-1
AV.DTN..BH,2021-07-29T17:00:36.120000,P,0.904,3.5276273138151737e-06,9,0.0015696492101564,20210729T160000_9
AV.DTN..BH,2021-07-29T17:01:07.700000,P,0.348,1.5119106137717608e-05,10,0.0011849689182661,20210729T160000_10
AV.DTN..BH,2021-07-29T17:04:11.320000,P,0.507,1.834712293202756e-06,11,0.0015696492101564,20210729T160000_11
AV.DTN..BH,2021-07-29T17:08:20.220000,P,0.529,2.2314063699013782e-06,13,0.0011849689182661,20210729T160000_13
AV.DTN..BH,2021-07-29T17:23:10.200000,P,0.783,1.884395942397532e-06,14,0.0015696492101564,20210729T160000_14
AV.DTN..BH,2021-07-29T17:28:41.200000,P,0.441,4.236779204802588e-06,16,0.0011849689182661,20210729T160000_16
AV.DTN..BH,2021-07-29T17:33:20.040000,P,0.897,2.372559038121836e-06,18,0.0050686102197027,20210729T160000_18
AV.DTN..BH,2021-07-29T17:34:24.360000,P,0.364,2.5877232019411167e-06,20,0.0015696492101564,20210729T160000_20
AV.DTN..BH,2021-07-29T17:52:26.520000,P,0.781,2.314426865268615e-06,22,0.0050686102197027,20210729T160000_22
AV.DTN..BH,2021-07-29T18:14:46.440000,P,0.801,2.6927368708129507e-06,24,0.0015696492101564,20210729T160000_24
AV.DTN..BH,2021-07-29T18:17:53.900000,P,0.717,1.826843799790368e-06,27,0.0007622475858999,20210729T160000_27
AV.DTN..BH,2021-07-29T18:38:26.920000,P,0.606,2.4026460323511856e-06,29,0.0011849689182661,20210729T160000_29
AV.DTN..BH,2021-07-29T18:54:12.760000,P,0.326,3.161954737151973e-06,-1,-1.0,20210729T160000_-1
AV.DTN..BH,2021-07-29T19:12:18.600000,P,0.811,1.0922390174528118e-05,34,0.0050686102197027,20210729T160000_34
AV.DTN..BH,2021-07-29T19:14:38.080000,P,0.54,4.8872234401642345e-06,-1,-1.0,20210729T160000_-1
AV.DTN..BH,2021-07-29T19:30:44.600000,P,0.622,1.9640749542304548e-06,36,0.0015696492101564,20210729T160000_36
AV.DTN..BH,2021-07-29T19:53:45.500000,P,0.86,2.810273826980847e-06,37,0.0002234207353789,20210729T160000_37
AV.DTN..BH,2021-07-29T19:54:28.300000,P,0.421,3.6424426070880153e-06,-1,-1.0,20210729T160000_-1
AV.DTN..BH,2021-07-29T20:15:58.200000,P,0.369,1.852366835919384e-06,-1,-1.0,20210729T160000_-1
AV.DTN..BH,2021-07-29T20:21:59.720000,P,0.386,2.513122353775543e-06,39,0.0050686102197027,20210729T160000_39
AV.DTN..BH,2021-07-29T20:23:47.240000,P,0.539,3.189596782249282e-06,40,0.0050686102197027,20210729T160000_40
AV.DTN..BH,2021-07-29T20:25:54.540000,P,0.309,2.643206471475424e-06,42,0.0002818203042332,20210729T160000_42
AV.DTN..BH,2021-07-29T20:31:20.360000,P,0.856,2.841437890310772e-05,43,0.0002818203042332,20210729T160000_43
AV.DTN..BH,2021-07-29T20:33:30.540000,P,0.545,9.444932220503688e-05,45,0.0002818203042332,20210729T160000_45
AV.DTN..BH,2021-07-29T20:42:41.100000,P,0.692,3.861051482090261e-06,47,0.0015696492101564,20210729T160000_47
AV.DTN..BH,2021-07-29T21:00:49.120000,P,0.525,7.135515625122935e-05,-1,-1.0,20210729T160000_-1
AV.DTN..BH,2021-07-29T21:18:39.120000,P,0.89,4.730580712930532e-06,-1,-1.0,20210729T160000_-1
AV.DTN..BH,2021-07-29T21:29:43.400000,P,0.693,2.6368254566477844e-06,-1,-1.0,20210729T160000_-1
AV.DTN..BH,2021-07-29T21:32:44.520000,P,0.449,2.7228529688727576e-06,-1,-1.0,20210729T160000_-1
AV.DTN..BH,2021-07-29T21:40:00.700000,P,0.947,3.18691018037498e-05,-1,-1.0,20210729T160000_-1
AV.DTN..BH,2021-07-29T22:02:35.660000,P,0.449,2.68532903646701e-06,-1,-1.0,20210729T160000_-1
AV.DTN..BH,2021-07-29T22:19:13.320000,P,0.872,1.7273687262786552e-05,-1,-1.0,20210729T160000_-1
AV.DTN..BH,2021-07-29T22:26:00.240000,P,0.373,2.924965201600571e-06,-1,-1.0,20210729T160000_-1
AV.DTN..BH,2021-07-29T22:26:52.560000,P,0.569,3.0164940199028933e-06,-1,-1.0,20210729T160000_-1
AV.DTN..BH,2021-07-29T22:41:25.660000,P,0.706,2.5283723061875207e-06,-1,-1.0,20210729T160000_-1
AV.DTN..BH,2021-07-29T22:56:49.860000,P,0.837,3.50577715835243e-06,-1,-1.0,20210729T160000_-1
AV.DTN..BH,2021-07-29T23:39:00.300000,P,0.955,6.906553153385175e-06,-1,-1.0,20210729T160000_-1
AV.DTN..BH,2021-07-29T23:41:16.000000,P,0.365,3.1468541692447616e-06,-1,-1.0,20210729T160000_-1
AV.DTN..BH,2021-07-29T16:01:05.340000,S,0.335,4.265232291800203e-06,3,0.0015696492101564,20210729T160000_3
AV.DTN..BH,2021-07-29T16:38:54.160000,S,0.579,2.535382236601436e-06,8,0.0002234207353789,20210729T160000_8
AV.DTN..BH,2021-07-29T17:09:02.400000,S,0.511,5.053915174357826e-06,-1,-1.0,20210729T160000_-1
AV.DTN..BH,2021-07-29T17:15:29.600000,S,0.377,2.079814748867648e-06,-1,-1.0,20210729T160000_-1
AV.DTN..BH,2021-07-29T17:34:54.080000,S,0.448,9.173885700874962e-06,21,0.0050686102197027,20210729T160000_21
AV.DTN..BH,2021-07-29T18:15:15.200000,S,0.698,8.318294931086712e-06,25,0.0015696492101564,20210729T160000_25
AV.DTN..BH,2021-07-29T18:38:55.840000,S,0.621,5.322381639416562e-06,30,0.0050686102197027,20210729T160000_30
AV.DTN..BH,2021-07-29T18:39:06.680000,S,0.399,6.450053660955746e-06,-1,-1.0,20210729T160000_-1
AV.DTN..BH,2021-07-29T19:13:04.760000,S,0.413,7.889745756983757e-05,35,0.0011849689182661,20210729T160000_35
AV.DTN..BH,2021-07-29T19:53:55.960000,S,0.523,2.440369826217648e-06,37,0.0027854576799802,20210729T160000_37
AV.DTN..BH,2021-07-29T19:53:56.880000,S,0.385,2.810273826980847e-06,-1,-1.0,20210729T160000_-1
AV.DTN..BH,2021-07-29T20:24:19.200000,S,0.45,1.2155885087850038e-05,41,0.0002818203042332,20210729T160000_41
AV.DTN..BH,2021-07-29T20:31:28.720000,S,0.5,5.05507159687113e-05,43,0.0002234207353789,20210729T160000_43
AV.DTN..BH,2021-07-29T20:34:18.140000,S,0.352,0.0011357817566022,46,0.0015696492101564,20210729T160000_46
AV.DTN..BH,2021-07-29T21:01:15.300000,S,0.383,0.0004281831206753,-1,-1.0,20210729T160000_-1
AV.DTN..BH,2021-07-29T21:18:50.980000,S,0.459,5.370369308366207e-06,-1,-1.0,20210729T160000_-1
AV.DTN..BH,2021-07-29T21:19:23.400000,S,0.334,5.28248529008124e-06,-1,-1.0,20210729T160000_-1
AV.DTN..BH,2021-07-29T21:40:07.380000,S,0.613,3.18691018037498e-05,-1,-1.0,20210729T160000_-1
AV.DTN..BH,2021-07-29T21:40:47.360000,S,0.308,0.0001002384451567,-1,-1.0,20210729T160000_-1
AV.DTN..BH,2021-07-29T22:19:25.880000,S,0.315,5.0200935220345855e-05,-1,-1.0,20210729T160000_-1
AV.DTN..BH,2021-07-29T22:19:57.760000,S,0.5,0.0001990040764212,-1,-1.0,20210729T160000_-1
AV.DTN..BH,2021-07-29T22:57:01.880000,S,0.504,6.336695605568821e-06,-1,-1.0,20210729T160000_-1
AV.DTN..BH,2021-07-29T23:39:11.320000,S,0.445,1.142687051469693e-05,-1,-1.0,20210729T160000_-1
AV.DTN..BH,2021-07-29T23:39:35.200000,S,0.593,2.537903856136836e-05,-1,-1.0,20210729T160000_-1
AV.HAG..SH,2021-07-29T16:00:31.960000,P,0.813,2.179607463403954e-06,1,0.0050686102197027,20210729T160000_1
AV.HAG..SH,2021-07-29T16:08:54.760000,P,0.952,1.1583798595893311e-06,4,0.0002818203042332,20210729T160000_4
AV.HAG..SH,2021-07-29T16:09:54.700000,P,0.795,4.906364483758807e-05,5,0.0002234207353789,20210729T160000_5
AV.HAG..SH,2021-07-29T16:27:02.460000,P,0.547,6.127045253379038e-07,6,0.0015696492101564,20210729T160000_6
AV.HAG..SH,2021-07-29T16:38:40.760000,P,0.412,4.445868455604796e-07,8,0.0027854576799802,20210729T160000_8
AV.HAG..SH,2021-07-29T16:38:41.660000,P,0.454,2.494225782356807e-06,-1,-1.0,20210729T160000_-1
AV.HAG..SH,2021-07-29T17:00:33.320000,P,0.447,3.4929169032693608e-06,9,0.0050686102197027,20210729T160000_9
AV.HAG..SH,2021-07-29T17:04:09.080000,P,0.547,1.3879146081308136e-06,11,0.0050686102197027,20210729T160000_11
AV.HAG..SH,2021-07-29T17:14:59.660000,P,0.439,7.515415063608089e-07,-1,-1.0,20210729T160000_-1
AV.HAG..SH,2021-07-29T17:23:07.240000,P,0.859,2.072417601084453e-06,14,0.0050686102197027,20210729T160000_14
AV.HAG..SH,2021-07-29T17:28:41.840000,P,0.396,5.564834282267839e-06,16,0.0015696492101564,20210729T160000_16
AV.HAG..SH,2021-07-29T17:33:17.660000,P,0.797,1.174656404145935e-06,18,0.0002818203042332,20210729T160000_18
AV.HAG..SH,2021-07-29T17:33:46.960000,P,0.307,1.4447825833485697e-06,19,0.0050686102197027,20210729T160000_19
AV.HAG..SH,2021-07-29T17:34:22.100000,P,0.946,2.2972692477196688e-06,20,0.0050686102197027,20210729T160000_20
AV.HAG..SH,2021-07-29T17:52:24.300000,P,0.778,1.3832786862622015e-06,22,0.0002818203042332,20210729T160000_22
AV.HAG..SH,2021-07-29T18:14:44.560000,P,0.756,2.516296717658406e-06,24,0.0050686102197027,20210729T160000_24
AV.HAG..SH,2021-07-29T18:17:52.300000,P,0.435,1.1346565997882865e-06,27,0.0011849689182661,20210729T160000_27
AV.HAG..SH,2021-07-29T18:38:24.920000,P,0.781,3.950032350985566e-06,29,0.0015696492101564,20210729T160000_29
AV.HAG..SH,2021-07-29T18:47:04.040000,P,0.919,1.4724197399118566e-06,-1,-1.0,20210729T160000_-1
AV.HAG..SH,2021-07-29T18:47:37.900000,P,0.401,1.3165370091883233e-06,-1,-1.0,20210729T160000_-1
AV.HAG..SH,2021-07-29T19:12:16.600000,P,0.893,1.4908774573996196e-05,34,0.0002818203042332,20210729T160000_34
AV.HAG..SH,2021-07-29T19:30:45.040000,P,0.754,1.7773024865164189e-06,36,0.0050686102197027,20210729T160000_36
AV.HAG..SH,2021-07-29T19:33:30.120000,P,0.431,6.904131737428543e-07,-1,-1.0,20210729T160000_-1
AV.HAG..SH,2021-07-29T19:53:42.660000,P,0.817,2.023640490733669e-06,37,0.0001532443179027,20210729T160000_37
AV.HAG..SH,2021-07-29T20:21:57.120000,P,0.677,2.034081717283698e-06,39,0.0002818203042332,20210729T160000_39
AV.HAG..SH,2021-07-29T20:23:44.140000,P,0.742,2.5784445369936293e-06,40,0.0002818203042332,20210729T160000_40
AV.HAG..SH,2021-07-29T20:25:52.160000,P,0.61,1.58000068495312e-06,42,0.0002234207353789,20210729T160000_42
AV.HAG..SH,2021-07-29T20:26:28.320000,P,0.338,1.2518889889179263e-06,-1,-1.0,20210729T160000_-1
AV.HAG..SH,2021-07-29T20:31:18.460000,P,0.686,1.989102929655928e-05,43,0.0027854576799802,20210729T160000_43
AV.HAG..SH,2021-07-29T20:33:27.660000,P,0.92,6.596036837436259e-05,45,0.0002234207353789,20210729T160000_45
AV.HAG..SH,2021-07-29T20:42:41.180000,P,0.335,2.200330072810175e-06,-1,-1.0,20210729T160000_-1
AV.HAG..SH,2021-07-29T20:57:05.320000,P,0.35,7.144100777622953e-07,-1,-1.0,20210729T160000_-1
AV.HAG..SH,2021-07-29T21:00:41.320000,P,0.568,5.878581941942685e-05,-1,-1.0,20210729T160000_-1
AV.HAG..SH,2021-07-29T21:18:36.300000,P,0.882,4.661865659727482e-06,-1,-1.0,20210729T160000_-1
AV.HAG..SH,2021-07-29T21:39:58.220000,P,0.799,1.6894246073206887e-05,-1,-1.0,20210729T160000_-1
AV.HAG..SH,2021-07-29T22:02:33.240000,P,0.624,6.767539275642775e-07,-1,-1.0,20210729T160000_-1
AV.HAG..SH,2021-07-29T22:19:10.760000,P,0.766,2.1615007426589727e-05,-1,-1.0,20210729T160000_-1
AV.HAG..SH,2021-07-29T22:25:59.760000,P,0.605,1.1875573591169086e-06,-1,-1.0,20210729T160000_-1
AV.HAG..SH,2021-07-29T22:41:23.320000,P,0.301,9.046049740391028e-07,-1,-1.0,20210729T160000_-1
AV.HAG..SH,2021-07-29T22:41:57.040000,P,0.37,8.723952760192333e-07,-1,-1.0,20210729T160000_-1
AV.HAG..SH,2021-07-29T22:43:19.000000,P,0.439,4.33813994504817e-07,-1,-1.0,20210729T160000_-1
AV.HAG..SH,2021-07-29T22:56:47.620000,P,0.933,3.1795609629625687e-06,-1,-1.0,20210729T160000_-1
AV.HAG..SH,2021-07-29T23:38:57.580000,P,0.82,1.0049213415186388e-05,-1,-1.0,20210729T160000_-1
AV.HAG..SH,2021-07-29T16:00:59.760000,S,0.357,2.73902583103336e-06,3,0.0050686102197027,20210729T160000_3
AV.HAG..SH,2021-07-29T16:08:57.140000,S,0.336,1.1583798595893311e-06,4,0.0002234207353789,20210729T160000_4
AV.HAG..SH,2021-07-29T16:39:18.700000,S,0.83,3.969386398239294e-06,-1,-1.0,20210729T160000_-1
AV.HAG..SH,2021-07-29T17:01:08.040000,S,0.347,5.729670192522463e-06,10,0.0015696492101564,20210729T160000_10
AV.HAG..SH,2021-07-29T17:04:38.200000,S,0.652,2.160664735129103e-06,-1,-1.0,20210729T160000_-1
AV.HAG..SH,2021-07-29T17:23:34.240000,S,0.418,3.7224488096399e-06,-1,-1.0,20210729T160000_-1
AV.HAG..SH,2021-07-29T17:34:47.280000,S,0.347,4.187223566987086e-06,21,0.0002818203042332,20210729T160000_21
AV.HAG..SH,2021-07-29T17:52:33.400000,S,0.448,1.60957574735221e-06,22,0.0002234207353789,20210729T160000_22
AV.HAG..SH,2021-07-29T17:53:09.280000,S,0.438,2.4882476736820536e-06,23,0.0015696492101564,20210729T160000_23
AV.HAG..SH,2021-07-29T18:15:14.600000,S,0.477,4.0256632019008975e-06,26,0.0015696492101564,20210729T160000_26
AV.HAG..SH,2021-07-29T18:18:25.400000,S,0.406,1.7150592839243473e-06,28,0.0050686102197027,20210729T160000_28
AV.HAG..SH,2021-07-29T18:38:32.720000,S,0.699,3.950032350985566e-06,29,0.0050686102197027,20210729T160000_29
AV.HAG..SH,2021-07-29T18:47:10.840000,S,0.441,1.4724197399118566e-06,31,0.0011849689182661,20210729T160000_31
AV.HAG..SH,2021-07-29T18:54:18.200000,S,0.434,2.224040599685395e-06,33,0.0050686102197027,20210729T160000_33
AV.HAG..SH,2021-07-29T19:16:09.280000,S,0.357,9.853348501565051e-07,-1,-1.0,20210729T160000_-1
AV.HAG..SH,2021-07-29T20:22:02.400000,S,0.335,2.3457637325918768e-06,39,0.0002234207353789,20210729T160000_39
AV.HAG..SH,2021-07-29T20:22:47.580000,S,0.425,3.026341119038989e-06,-1,-1.0,20210729T160000_-1
AV.HAG..SH,2021-07-29T20:25:58.880000,S,0.499,1.58000068495312e-06,42,0.0027854576799802,20210729T160000_42
AV.HAG..SH,2021-07-29T20:32:00.400000,S,0.756,2.8361981094349176e-05,44,0.0015696492101564,20210729T160000_44
AV.HAG..SH,2021-07-29T20:33:34.840000,S,0.411,6.775574729545042e-05,45,0.0027854576799802,20210729T160000_45
AV.HAG..SH,2021-07-29T20:34:12.800000,S,0.733,0.0001466082903789,46,0.0050686102197027,20210729T160000_46
AV.HAG..SH,2021-07-29T21:00:48.120000,S,0.342,5.925393634242937e-05,-1,-1.0,20210729T160000_-1
AV.HAG..SH,2021-07-29T21:08:39.800000,S,0.397,1.8628588804858737e-06,-1,-1.0,20210729T160000_-1
AV.HAG..SH,2021-07-29T21:19:19.800000,S,0.38,2.9670809453818947e-06,-1,-1.0,20210729T160000_-1
AV.HAG..SH,2021-07-29T21:40:42.840000,S,0.541,2.2956479369895533e-05,-1,-1.0,20210729T160000_-1
AV.HAG..SH,2021-07-29T22:19:52.200000,S,0.46,5.198065991862677e-05,-1,-1.0,20210729T160000_-1
AV.HAG..SH,2021-07-29T22:25:19.600000,S,0.343,8.480282076561707e-07,-1,-1.0,20210729T160000_-1
AV.HAG..SH,2021-07-29T22:26:05.720000,S,0.314,1.1875573591169086e-06,-1,-1.0,20210729T160000_-1
AV.HAG..SH,2021-07-29T22:26:31.480000,S,0.546,1.3385542843025178e-06,-1,-1.0,20210729T160000_-1
AV.HAG..SH,2021-07-29T22:41:32.280000,S,0.326,9.046049740391028e-07,-1,-1.0,20210729T160000_-1
AV.PN7A..BH,2021-07-29T16:00:34.280000,P,0.831,2.8519600618892582e-06,1,0.0002818203042332,20210729T160000_1
AV.PN7A..BH,2021-07-29T16:08:55.660000,P,0.634,2.701986204556306e-06,4,0.0027854576799802,20210729T160000_4
AV.PN7A..BH,2021-07-29T16:09:55.560000,P,0.86,7.771344826323912e-05,5,0.0027854576799802,20210729T160000_5
AV.PN7A..BH,2021-07-29T17:00:34.440000,P,0.65,5.08409630128881e-06,9,0.0002818203042332,20210729T160000_9
AV.PN7A..BH,2021-07-29T17:23:09.920000,P,0.367,1.2561928315335535e-06,14,0.0002818203042332,20210729T160000_14
AV.PN7A..BH,2021-07-29T17:23:10.560000,P,0.328,2.858914058379014e-06,-1,-1.0,20210729T160000_-1
AV.PN7A..BH,2021-07-29T17:28:13.240000,P,0.447,3.438636213104473e-06,-1,-1.0,20210729T160000_-1
AV.PN7A..BH,2021-07-29T17:28:39.200000,P,0.638,6.517443580378313e-06,16,0.0050686102197027,20210729T160000_16
AV.PN7A..BH,2021-07-29T17:34:23.280000,P,0.63,4.592830919136759e-06,20,0.0002818203042332,20210729T160000_20
AV.PN7A..BH,2021-07-29T18:14:46.940000,P,0.787,6.056877737137256e-06,24,0.0002818203042332,20210729T160000_24
AV.PN7A..BH,2021-07-29T19:12:16.940000,P,0.944,1.6374284314224496e-05,34,0.0002234207353789,20210729T160000_34
AV.PN7A..BH,2021-07-29T19:53:43.580000,P,0.929,4.620171694114106e-06,37,0.0014247808601257,20210729T160000_37
AV.PN7A..BH,2021-07-29T20:21:57.760000,P,0.827,4.531059403234394e-06,39,0.0027854576799802,20210729T160000_39
AV.PN7A..BH,2021-07-29T20:23:46.400000,P,0.439,3.631514800872537e-06,40,0.0002234207353789,20210729T160000_40
AV.PN7A..BH,2021-07-29T20:31:18.440000,P,0.827,2.4419534383923747e-05,43,0.0001532443179027,20210729T160000_43
AV.PN7A..BH,2021-07-29T20:33:28.920000,P,0.877,0.0001229874033015,45,0.0001532443179027,20210729T160000_45
AV.PN7A..BH,2021-07-29T20:42:44.960000,P,0.41,7.130314770620316e-06,-1,-1.0,20210729T160000_-1
AV.PN7A..BH,2021-07-29T21:00:44.200000,P,0.656,8.90139490365982e-05,-1,-1.0,20210729T160000_-1
AV.PN7A..BH,2021-07-29T21:08:38.800000,P,0.3,4.991390142095042e-06,-1,-1.0,20210729T160000_-1
AV.PN7A..BH,2021-07-29T21:18:37.480000,P,0.963,7.087032827257644e-06,-1,-1.0,20210729T160000_-1
AV.PN7A..BH,2021-07-29T21:39:59.000000,P,0.853,2.2428437659982592e-05,-1,-1.0,20210729T160000_-1
AV.PN7A..BH,2021-07-29T21:40:21.240000,P,0.303,2.236630280094687e-05,-1,-1.0,20210729T160000_-1
AV.PN7A..BH,2021-07-29T22:19:11.720000,P,0.868,3.0201854315237146e-05,-1,-1.0,20210729T160000_-1
AV.PN7A..BH,2021-07-29T22:25:16.480000,P,0.499,7.070229003147688e-06,-1,-1.0,20210729T160000_-1
AV.PN7A..BH,2021-07-29T22:56:48.220000,P,0.828,4.95677750222967e-06,-1,-1.0,20210729T160000_-1
AV.PN7A..BH,2021-07-29T23:38:59.180000,P,0.675,8.314770639117341e-06,-1,-1.0,20210729T160000_-1
AV.PN7A..BH,2021-07-29T16:01:04.120000,S,0.308,4.121674010093557e-06,-1,-1.0,20210729T160000_-1
AV.PN7A..BH,2021-07-29T16:10:03.920000,S,0.468,0.0001026834361255,5,0.0001532443179027,20210729T160000_5
AV.PN7A..BH,2021-07-29T17:04:39.620000,S,0.614,3.105810264969477e-06,-1,-1.0,20210729T160000_-1
AV.PN7A..BH,2021-07-29T17:34:50.840000,S,0.301,5.503032753040316e-06,21,0.0002234207353789,20210729T160000_21
AV.PN7A..BH,2021-07-29T18:15:15.440000,S,0.367,8.75616751727648e-06,26,0.0050686102197027,20210729T160000_26
AV.PN7A..BH,2021-07-29T19:12:26.940000,S,0.77,1.972302379726898e-05,34,0.0027854576799802,20210729T160000_34
AV.PN7A..BH,2021-07-29T20:33:39.500000,S,0.493,0.0001406395313097,45,0.0014247808601257,20210729T160000_45
AV.PN7A..BH,2021-07-29T22:19:21.980000,S,0.572,4.934025491820648e-05,-1,-1.0,20210729T160000_-1
AV.PN7A..BH,2021-07-29T22:19:54.120000,S,0.322,0.0001259731798199,-1,-1.0,20210729T160000_-1
AV.PN7A..BH,2021-07-29T23:39:11.900000,S,0.544,1.425417940481566e-05,-1,-1.0,20210729T160000_-1
AV.PS1A..BH,2021-07-29T16:00:00.020000,P,0.317,2.329618610019679e-06,-1,-1.0,20210729T160000_-1
AV.PS1A..BH,2021-07-29T16:00:31.200000,P,0.574,2.7828184556710767e-06,1,0.0002234207353789,20210729T160000_1
AV.PS1A..BH,2021-07-29T16:09:53.060000,P,0.914,6.116057193139568e-05,5,0.0014247808601257,20210729T160000_5
AV.PS1A..BH,2021-07-29T16:38:39.880000,P,0.416,2.6004440769611392e-06,8,0.0001532443179027,20210729T160000_8
AV.PS1A..BH,2021-07-29T17:00:31.960000,P,0.429,1.0825347089848949e-06,9,0.0002234207353789,20210729T160000_9
AV.PS1A..BH,2021-07-29T17:00:32.620000,P,0.6,4.154669113631826e-06,-1,-1.0,20210729T160000_-1
AV.PS1A..BH,2021-07-29T17:23:06.220000,P,0.774,3.135242877760902e-06,14,0.0002234207353789,20210729T160000_14
AV.PS1A..BH,2021-07-29T17:28:37.160000,P,0.314,6.574606686626794e-06,-1,-1.0,20210729T160000_-1
AV.PS1A..BH,2021-07-29T17:33:17.980000,P,0.352,2.6242523745168e-06,18,0.0002234207353789,20210729T160000_18
AV.PS1A..BH,2021-07-29T17:34:19.840000,P,0.535,4.76061495646718e-06,20,0.0002234207353789,20210729T160000_20
AV.PS1A..BH,2021-07-29T17:52:22.620000,P,0.845,3.140930402878439e-06,22,0.0027854576799802,20210729T160000_22
AV.PS1A..BH,2021-07-29T18:14:43.500000,P,0.794,3.921828920283588e-06,24,0.0002234207353789,20210729T160000_24
AV.PS1A..BH,2021-07-29T18:38:23.260000,P,0.871,3.899854164046701e-06,29,0.0002818203042332,20210729T160000_29
AV.PS1A..BH,2021-07-29T19:12:14.300000,P,0.936,1.1958562026848084e-05,34,0.0001532443179027,20210729T160000_34
AV.PS1A..BH,2021-07-29T19:53:41.000000,P,0.713,3.1335821404354647e-06,37,0.0002499047469093,20210729T160000_37
AV.PS1A..BH,2021-07-29T20:22:41.600000,P,0.496,7.1303620643448085e-06,-1,-1.0,20210729T160000_-1
AV.PS1A..BH,2021-07-29T20:23:43.680000,P,0.426,3.949152414861601e-06,40,0.0027854576799802,20210729T160000_40
AV.PS1A..BH,2021-07-29T20:31:15.940000,P,0.917,3.438544808886945e-05,43,0.0014247808601257,20210729T160000_43
AV.PS1A..BH,2021-07-29T20:33:26.380000,P,0.838,0.0001075142936315,45,0.0002499047469093,20210729T160000_45
AV.PS1A..BH,2021-07-29T20:43:08.160000,P,0.429,9.477889761910774e-06,48,0.0015696492101564,20210729T160000_48
AV.PS1A..BH,2021-07-29T21:00:41.000000,P,0.407,0.000106889710878,-1,-1.0,20210729T160000_-1
AV.PS1A..BH,2021-07-29T21:08:36.240000,P,0.762,4.243615876475815e-06,-1,-1.0,20210729T160000_-1
AV.PS1A..BH,2021-07-29T21:18:34.920000,P,0.96,5.6374433370365296e-06,-1,-1.0,20210729T160000_-1
AV.PS1A..BH,2021-07-29T21:39:56.620000,P,0.92,1.881978641904425e-05,-1,-1.0,20210729T160000_-1
AV.PS1A..BH,2021-07-29T22:19:09.340000,P,0.737,2.3724189304630272e-05,-1,-1.0,20210729T160000_-1
AV.PS1A..BH,2021-07-29T22:46:27.000000,P,0.402,3.5496534565027105e-06,-1,-1.0,20210729T160000_-1
AV.PS1A..BH,2021-07-29T22:56:45.480000,P,0.865,5.279533525026636e-06,-1,-1.0,20210729T160000_-1
AV.PS1A..BH,2021-07-29T23:38:56.220000,P,0.953,8.202136996260379e-06,-1,-1.0,20210729T160000_-1
AV.PS1A..BH,2021-07-29T16:00:57.100000,S,0.402,4.669445843319409e-06,3,0.0002818203042332,20210729T160000_3
AV.PS1A..BH,2021-07-29T16:38:52.660000,S,0.33,4.435686605575029e-06,-1,-1.0,20210729T160000_-1
AV.PS1A..BH,2021-07-29T17:04:33.120000,S,0.369,3.435078951952164e-06,12,0.0011849689182661,20210729T160000_12
AV.PS1A..BH,2021-07-29T17:23:31.520000,S,0.478,7.5723010013462044e-06,15,0.0015696492101564,20210729T160000_15
AV.PS1A..BH,2021-07-29T17:34:45.380000,S,0.402,6.788000973756425e-06,21,0.0027854576799802,20210729T160000_21
AV.PS1A..BH,2021-07-29T18:15:08.320000,S,0.514,1.2902253729407676e-05,25,0.0050686102197027,20210729T160000_25
AV.PS1A..BH,2021-07-29T18:38:49.860000,S,0.764,6.0800362007285e-06,-1,-1.0,20210729T160000_-1
AV.PS1A..BH,2021-07-29T18:54:20.060000,S,0.714,4.318006176617928e-06,33,0.0002818203042332,20210729T160000_33
AV.PS1A..BH,2021-07-29T20:32:03.740000,S,0.359,0.0001870724809123,-1,-1.0,20210729T160000_-1
AV.PS1A..BH,2021-07-29T20:33:35.080000,S,0.33,0.0001324707991443,45,0.0003790269072855,20210729T160000_45
AV.PS1A..BH,2021-07-29T20:43:13.880000,S,0.302,9.477889761910774e-06,48,0.0050686102197027,20210729T160000_48
AV.PS1A..BH,2021-07-29T21:01:16.240000,S,0.407,0.0007982613751664,-1,-1.0,20210729T160000_-1
AV.PS1A..BH,2021-07-29T21:18:43.740000,S,0.666,5.6374433370365296e-06,-1,-1.0,20210729T160000_-1
AV.PS1A..BH,2021-07-29T23:39:04.360000,S,0.321,9.412582585355269e-06,-1,-1.0,20210729T160000_-1
AV.PS1A..BH,2021-07-29T23:39:37.380000,S,0.316,5.857365977135487e-05,-1,-1.0,20210729T160000_-1
AV.PS4A..BH,2021-07-29T16:00:31.320000,P,0.852,3.1754373139847303e-06,1,0.0027854576799802,20210729T160000_1
AV.PS4A..BH,2021-07-29T16:06:07.920000,P,0.479,2.130098664565594e-06,-1,-1.0,20210729T160000_-1
AV.PS4A..BH,2021-07-29T16:08:53.840000,P,0.302,3.107282736891648e-06,4,0.0001532443179027,20210729T160000_4
AV.PS4A..BH,2021-07-29T16:09:53.880000,P,0.922,8.306236122734845e-05,5,0.0002499047469093,20210729T160000_5
AV.PS4A..BH,2021-07-29T16:31:00.680000,P,0.38,3.0584817523049423e-06,7,0.0015696492101564,20210729T160000_7
AV.PS4A..BH,2021-07-29T16:38:40.360000,P,0.92,3.523024133755825e-06,8,0.0014247808601257,20210729T160000_8
AV.PS4A..BH,2021-07-29T17:00:32.760000,P,0.869,5.292211881169351e-06,9,0.0027854576799802,20210729T160000_9
AV.PS4A..BH,2021-07-29T17:04:08.220000,P,0.795,2.614702452774509e-06,11,0.0002818203042332,20210729T160000_11
AV.PS4A..BH,2021-07-29T17:23:06.620000,P,0.922,3.5452853808237705e-06,14,0.0027854576799802,20210729T160000_14
AV.PS4A..BH,2021-07-29T17:28:40.600000,P,0.463,6.526535798911937e-06,16,0.0002818203042332,20210729T160000_16
AV.PS4A..BH,2021-07-29T17:29:12.160000,P,0.492,1.620592774997931e-05,17,0.0002818203042332,20210729T160000_17
AV.PS4A..BH,2021-07-29T17:33:16.620000,P,0.714,2.5830329377640737e-06,18,0.0027854576799802,20210729T160000_18
AV.PS4A..BH,2021-07-29T17:34:20.960000,P,0.696,4.309156338422326e-06,20,0.0027854576799802,20210729T160000_20
AV.PS4A..BH,2021-07-29T17:52:23.340000,P,0.7,3.2088273655972444e-06,22,0.0001532443179027,20210729T160000_22
AV.PS4A..BH,2021-07-29T18:14:43.100000,P,0.542,4.847704985877499e-06,24,0.0027854576799802,20210729T160000_24
AV.PS4A..BH,2021-07-29T18:38:24.040000,P,0.848,4.725587587017799e-06,29,0.0002234207353789,20210729T160000_29
AV.PS4A..BH,2021-07-29T19:12:15.100000,P,0.964,1.920389331644401e-05,34,0.0014247808601257,20210729T160000_34
AV.PS4A..BH,2021-07-29T19:30:43.360000,P,0.412,3.036678663193016e-06,36,0.0002818203042332,20210729T160000_36
AV.PS4A..BH,2021-07-29T19:53:41.820000,P,0.94,3.527726903485018e-06,37,0.0003790269072855,20210729T160000_37
AV.PS4A..BH,2021-07-29T20:21:56.120000,P,0.537,3.2062218906503404e-06,39,0.0001532443179027,20210729T160000_39
AV.PS4A..BH,2021-07-29T20:23:42.840000,P,0.419,2.5211882075382164e-06,-1,-1.0,20210729T160000_-1
AV.PS4A..BH,2021-07-29T20:23:44.000000,P,0.49,4.575406364892842e-06,40,0.0001532443179027,20210729T160000_40
AV.PS4A..BH,2021-07-29T20:25:51.160000,P,0.757,2.40274061980017e-06,42,0.0001532443179027,20210729T160000_42
AV.PS4A..BH,2021-07-29T20:31:16.680000,P,0.918,3.643193485913798e-05,43,0.0002499047469093,20210729T160000_43
AV.PS4A..BH,2021-07-29T20:33:27.180000,P,0.941,0.000135258611408,45,0.0010685237219254,20210729T160000_45
AV.PS4A..BH,2021-07-29T20:42:40.840000,P,0.318,5.709296146960696e-06,-1,-1.0,20210729T160000_-1
AV.PS4A..BH,2021-07-29T21:18:35.720000,P,0.957,5.988850716676097e-06,-1,-1.0,20210729T160000_-1
AV.PS4A..BH,2021-07-29T21:39:57.480000,P,0.931,2.4244194719358347e-05,-1,-1.0,20210729T160000_-1
AV.PS4A..BH,2021-07-29T22:19:10.060000,P,0.513,2.7765157938119955e-05,-1,-1.0,20210729T160000_-1
AV.PS4A..BH,2021-07-29T22:27:24.300000,P,0.443,5.412321115727536e-06,-1,-1.0,20210729T160000_-1
AV.PS4A..BH,2021-07-29T22:56:46.340000,P,0.957,7.900749551481567e-06,-1,-1.0,20210729T160000_-1
AV.PS4A..BH,2021-07-29T23:38:57.000000,P,0.935,1.056263590726303e-05,-1,-1.0,20210729T160000_-1
AV.PS4A..BH,2021-07-29T23:51:02.400000,P,0.552,2.4875960207282333e-06,-1,-1.0,20210729T160000_-1
AV.PS4A..BH,2021-07-29T16:00:58.000000,S,0.501,6.441014647862176e-06,3,0.0002234207353789,20210729T160000_3
AV.PS4A..BH,2021-07-29T16:31:12.320000,S,0.359,2.913090384026873e-06,7,0.0050686102197027,20210729T160000_7
AV.PS4A..BH,2021-07-29T17:01:06.120000,S,0.303,1.889486884465441e-05,10,0.0050686102197027,20210729T160000_10
AV.PS4A..BH,2021-07-29T17:04:33.640000,S,0.325,4.469502073334297e-06,12,0.0015696492101564,20210729T160000_12
AV.PS4A..BH,2021-07-29T17:23:31.640000,S,0.41,8.22111360321287e-06,15,0.0050686102197027,20210729T160000_15
AV.PS4A..BH,2021-07-29T17:33:23.320000,S,0.412,2.5830329377640737e-06,18,0.0001532443179027,20210729T160000_18
AV.PS4A..BH,2021-07-29T17:34:46.320000,S,0.55,9.17736269911984e-06,21,0.0001532443179027,20210729T160000_21
AV.PS4A..BH,2021-07-29T17:52:33.440000,S,0.349,3.541440719345701e-06,22,0.0014247808601257,20210729T160000_22
AV.PS4A..BH,2021-07-29T17:53:06.240000,S,0.642,5.954554580966942e-06,-1,-1.0,20210729T160000_-1
AV.PS4A..BH,2021-07-29T18:15:10.240000,S,0.619,1.2069864169461653e-05,25,0.0002818203042332,20210729T160000_25
AV.PS4A..BH,2021-07-29T18:38:52.080000,S,0.307,7.920642019598745e-06,30,0.0002818203042332,20210729T160000_30
AV.PS4A..BH,2021-07-29T18:54:19.320000,S,0.365,3.524840849422617e-06,33,0.0002234207353789,20210729T160000_33
AV.PS4A..BH,2021-07-29T19:12:25.680000,S,0.523,1.9690072804223743e-05,34,0.0002499047469093,20210729T160000_34
AV.PS4A..BH,2021-07-29T19:12:57.680000,S,0.359,6.237242632778361e-05,35,0.0015696492101564,20210729T160000_35
AV.PS4A..BH,2021-07-29T19:15:15.480000,S,0.468,5.216429599386174e-06,-1,-1.0,20210729T160000_-1
AV.PS4A..BH,2021-07-29T19:30:53.980000,S,0.713,3.0471728678094223e-06,36,0.0002234207353789,20210729T160000_36
AV.PS4A..BH,2021-07-29T19:53:52.760000,S,0.448,3.527726903485018e-06,-1,-1.0,20210729T160000_-1
AV.PS4A..BH,2021-07-29T20:24:14.180000,S,0.416,1.0675159501261078e-05,41,0.0002234207353789,20210729T160000_41
AV.PS4A..BH,2021-07-29T20:26:01.440000,S,0.396,2.664187604750623e-06,-1,-1.0,20210729T160000_-1
AV.PS4A..BH,2021-07-29T20:31:59.880000,S,0.331,0.0001345359487459,44,0.0050686102197027,20210729T160000_44
AV.PS4A..BH,2021-07-29T20:33:35.900000,S,0.708,0.0001622353447601,45,0.0008272989109893,20210729T160000_45
AV.PS4A..BH,2021-07-29T20:43:12.120000,S,0.503,9.00234044820536e-06,48,0.0002818203042332,20210729T160000_48
AV.PS4A..BH,2021-07-29T21:08:45.880000,S,0.351,4.623900622391375e-06,-1,-1.0,20210729T160000_-1
AV.PS4A..BH,2021-07-29T21:09:19.360000,S,0.404,1.0023661161540076e-05,-1,-1.0,20210729T160000_-1
AV.PS4A..BH,2021-07-29T21:18:44.560000,S,0.306,5.988850716676097e-06,-1,-1.0,20210729T160000_-1
AV.PS4A..BH,2021-07-29T21:40:05.500000,S,0.758,4.343520049587824e-05,-1,-1.0,20210729T160000_-1
AV.PS4A..BH,2021-07-29T21:40:39.000000,S,0.523,9.316943032899871e-05,-1,-1.0,20210729T160000_-1
AV.PS4A..BH,2021-07-29T22:56:57.520000,S,0.534,7.900749551481567e-06,-1,-1.0,20210729T160000_-1
AV.PV6A..SH,2021-07-29T16:00:00.020000,P,0.367,1.8884226449245042e-07,-1,-1.0,20210729T160000_-1
AV.PV6A..SH,2021-07-29T16:00:01.280000,P,0.302,2.837790873400081e-07,-1,-1.0,20210729T160000_-1
AV.PV6A..SH,2021-07-29T16:00:32.760000,P,0.54,7.935902317512955e-07,1,0.0001532443179027,20210729T160000_1
AV.PV6A..SH,2021-07-29T16:09:55.260000,P,0.873,2.2600972442887723e-05,5,0.0003790269072855,20210729T160000_5
AV.PV6A..SH,2021-07-29T16:31:17.040000,P,0.636,5.713808945984056e-07,-1,-1.0,20210729T160000_-1
AV.PV6A..SH,2021-07-29T16:36:15.180000,P,0.342,4.299321005873935e-07,-1,-1.0,20210729T160000_-1
AV.PV6A..SH,2021-07-29T16:38:42.960000,P,0.793,6.783892558814841e-07,8,0.0002499047469093,20210729T160000_8
AV.PV6A..SH,2021-07-29T16:41:15.100000,P,0.464,4.619196261046455e-07,-1,-1.0,20210729T160000_-1
AV.PV6A..SH,2021-07-29T17:00:34.060000,P,0.741,1.6936860447458455e-06,9,0.0001532443179027,20210729T160000_9
AV.PV6A..SH,2021-07-29T17:04:11.180000,P,0.412,5.701639906874334e-07,11,0.0002234207353789,20210729T160000_11
AV.PV6A..SH,2021-07-29T17:08:17.400000,P,0.485,5.057553948972782e-07,13,0.0015696492101564,20210729T160000_13
AV.PV6A..SH,2021-07-29T17:23:09.200000,P,0.485,2.834914596405725e-07,14,0.0001532443179027,20210729T160000_14
AV.PV6A..SH,2021-07-29T17:23:09.840000,P,0.41,7.957597176755371e-07,-1,-1.0,20210729T160000_-1
AV.PV6A..SH,2021-07-29T17:28:39.280000,P,0.433,1.9199073904019315e-06,16,0.0002234207353789,20210729T160000_16
AV.PV6A..SH,2021-07-29T17:33:19.840000,P,0.361,5.032493959333806e-07,18,0.0014247808601257,20210729T160000_18
AV.PV6A..SH,2021-07-29T17:34:22.360000,P,0.412,1.1621972362263475e-06,20,0.0001532443179027,20210729T160000_20
AV.PV6A..SH,2021-07-29T17:52:24.820000,P,0.922,4.664547645916173e-07,22,0.0002499047469093,20210729T160000_22
AV.PV6A..SH,2021-07-29T17:57:38.380000,P,0.748,4.703425418028928e-07,-1,-1.0,20210729T160000_-1
AV.PV6A..SH,2021-07-29T18:14:45.440000,P,0.449,1.6490430425619709e-06,24,0.0001532443179027,20210729T160000_24
AV.PV6A..SH,2021-07-29T18:17:53.880000,P,0.315,3.685207730086404e-07,27,0.0015696492101564,20210729T160000_27
AV.PV6A..SH,2021-07-29T18:38:25.580000,P,0.908,1.3331342643141395e-06,29,0.0027854576799802,20210729T160000_29
AV.PV6A..SH,2021-07-29T18:47:02.940000,P,0.741,4.433377682744322e-07,31,0.0015696492101564,20210729T160000_31
AV.PV6A..SH,2021-07-29T19:12:16.460000,P,0.967,4.426770829013549e-06,34,0.0003790269072855,20210729T160000_34
AV.PV6A..SH,2021-07-29T19:30:19.760000,P,0.521,2.580923705863825e-07,-1,-1.0,20210729T160000_-1
AV.PV6A..SH,2021-07-29T19:30:43.840000,P,0.446,5.345992235561425e-07,36,0.0027854576799802,20210729T160000_36
AV.PV6A..SH,2021-07-29T19:53:43.100000,P,0.868,6.305059514488676e-07,37,0.0010685237219254,20210729T160000_37
AV.PV6A..SH,2021-07-29T20:08:42.700000,P,0.409,3.033846667221951e-07,-1,-1.0,20210729T160000_-1
AV.PV6A..SH,2021-07-29T20:21:57.180000,P,0.951,7.891336508691893e-07,39,0.0014247808601257,20210729T160000_39
AV.PV6A..SH,2021-07-29T20:23:44.040000,P,0.398,9.416425541530772e-07,40,0.0014247808601257,20210729T160000_40
AV.PV6A..SH,2021-07-29T20:25:52.760000,P,0.894,6.235975433810381e-07,42,0.0014247808601257,20210729T160000_42
AV.PV6A..SH,2021-07-29T20:31:18.220000,P,0.928,6.549405497935368e-06,43,0.0003790269072855,20210729T160000_43
AV.PV6A..SH,2021-07-29T20:33:28.680000,P,0.824,2.7359070372767743e-05,45,0.0020967648907859,20210729T160000_45
AV.PV6A..SH,2021-07-29T20:42:42.540000,P,0.592,1.2980614201296703e-06,-1,-1.0,20210729T160000_-1
AV.PV6A..SH,2021-07-29T21:00:43.240000,P,0.557,4.440318662091158e-06,-1,-1.0,20210729T160000_-1
AV.PV6A..SH,2021-07-29T21:00:48.040000,P,0.496,4.434479342307896e-05,-1,-1.0,20210729T160000_-1
AV.PV6A..SH,2021-07-29T21:08:38.480000,P,0.752,7.789241180944373e-07,-1,-1.0,20210729T160000_-1
AV.PV6A..SH,2021-07-29T21:18:37.000000,P,0.965,2.1330131403374253e-06,-1,-1.0,20210729T160000_-1
AV.PV6A..SH,2021-07-29T21:39:58.820000,P,0.893,7.733453458058648e-06,-1,-1.0,20210729T160000_-1
AV.PV6A..SH,2021-07-29T21:59:12.700000,P,0.496,4.008356597751117e-07,-1,-1.0,20210729T160000_-1
AV.PV6A..SH,2021-07-29T22:02:32.860000,P,0.769,3.306397218238999e-07,-1,-1.0,20210729T160000_-1
AV.PV6A..SH,2021-07-29T22:19:11.540000,P,0.932,6.3502702687401325e-06,-1,-1.0,20210729T160000_-1
AV.PV6A..SH,2021-07-29T22:25:15.520000,P,0.67,2.272761548738345e-06,-1,-1.0,20210729T160000_-1
AV.PV6A..SH,2021-07-29T22:36:40.960000,P,0.31,6.845497750873619e-07,-1,-1.0,20210729T160000_-1
AV.PV6A..SH,2021-07-29T22:38:24.320000,P,0.434,7.332983500418777e-07,-1,-1.0,20210729T160000_-1
AV.PV6A..SH,2021-07-29T22:56:47.600000,P,0.608,1.4576418152500992e-06,-1,-1.0,20210729T160000_-1
AV.PV6A..SH,2021-07-29T23:01:18.600000,P,0.391,5.141417318554886e-07,-1,-1.0,20210729T160000_-1
AV.PV6A..SH,2021-07-29T23:03:59.680000,P,0.599,6.906353746671812e-07,-1,-1.0,20210729T160000_-1
AV.PV6A..SH,2021-07-29T23:19:03.740000,P,0.528,5.820955379931547e-07,-1,-1.0,20210729T160000_-1
AV.PV6A..SH,2021-07-29T23:37:53.440000,P,0.348,6.099828624428483e-07,-1,-1.0,20210729T160000_-1
AV.PV6A..SH,2021-07-29T23:38:58.540000,P,0.967,2.9528337108786218e-06,-1,-1.0,20210729T160000_-1
AV.PV6A..SH,2021-07-29T23:51:08.800000,P,0.343,5.69016208373796e-07,-1,-1.0,20210729T160000_-1
AV.PV6A..SH,2021-07-29T16:18:33.800000,S,0.337,4.694913116054522e-07,-1,-1.0,20210729T160000_-1
AV.PV6A..SH,2021-07-29T16:34:16.000000,S,0.451,2.766149123090145e-07,-1,-1.0,20210729T160000_-1
AV.PV6A..SH,2021-07-29T17:01:10.780000,S,0.408,2.802083372444031e-06,-1,-1.0,20210729T160000_-1
AV.PV6A..SH,2021-07-29T17:04:38.080000,S,0.689,1.1461845588200958e-06,-1,-1.0,20210729T160000_-1
AV.PV6A..SH,2021-07-29T17:15:29.100000,S,0.458,4.963818582837121e-07,-1,-1.0,20210729T160000_-1
AV.PV6A..SH,2021-07-29T17:23:38.400000,S,0.458,2.343866299270303e-06,-1,-1.0,20210729T160000_-1
AV.PV6A..SH,2021-07-29T17:53:15.200000,S,0.556,1.1930468417631346e-06,23,0.0050686102197027,20210729T160000_23
AV.PV6A..SH,2021-07-29T17:57:42.720000,S,0.666,4.703425418028928e-07,-1,-1.0,20210729T160000_-1
AV.PV6A..SH,2021-07-29T18:38:56.440000,S,0.318,2.576273345766822e-06,30,0.0002234207353789,20210729T160000_30
AV.PV6A..SH,2021-07-29T18:47:16.320000,S,0.31,8.026944442462991e-07,-1,-1.0,20210729T160000_-1
AV.PV6A..SH,2021-07-29T19:12:27.960000,S,0.564,5.856599273101892e-06,34,0.0010685237219254,20210729T160000_34
AV.PV6A..SH,2021-07-29T19:30:34.040000,S,0.317,4.062283949224366e-07,-1,-1.0,20210729T160000_-1
AV.PV6A..SH,2021-07-29T19:53:56.320000,S,0.325,9.386893680130016e-07,-1,-1.0,20210729T160000_-1
AV.PV6A..SH,2021-07-29T20:16:21.960000,S,0.434,3.794604026552406e-07,38,0.0011849689182661,20210729T160000_38
AV.PV6A..SH,2021-07-29T20:33:39.760000,S,0.609,5.932791100349277e-05,45,0.000536969347804,20210729T160000_45
AV.PV6A..SH,2021-07-29T20:43:20.000000,S,0.343,2.028064955084119e-06,-1,-1.0,20210729T160000_-1
AV.PV6A..SH,2021-07-29T22:19:59.400000,S,0.301,3.200244827894494e-05,-1,-1.0,20210729T160000_-1
AV.PV6A..SH,2021-07-29T22:25:25.040000,S,0.513,2.695152261367184e-06,-1,-1.0,20210729T160000_-1
AV.PV6A..SH,2021-07-29T23:39:10.240000,S,0.357,5.2591012718039565e-06,-1,-1.0,20210729T160000_-1
AV.PVV..SH,2021-07-29T16:00:30.740000,P,0.904,7.075963139868691e-07,1,0.0014247808601257,20210729T160000_1
AV.PVV..SH,2021-07-29T16:08:53.340000,P,0.94,4.531350157321868e-07,4,0.0014247808601257,20210729T160000_4
AV.PVV..SH,2021-07-29T16:09:53.400000,P,0.972,2.698190291994252e-05,5,0.0010685237219254,20210729T160000_5
AV.PVV..SH,2021-07-29T16:27:01.760000,P,0.45,2.716409710501466e-07,6,0.0050686102197027,20210729T160000_6
AV.PVV..SH,2021-07-29T16:38:39.820000,P,0.959,8.1937480445049e-07,8,0.0003790269072855,20210729T160000_8
AV.PVV..SH,2021-07-29T16:49:08.160000,P,0.314,1.850458772878483e-07,-1,-1.0,20210729T160000_-1
AV.PVV..SH,2021-07-29T17:00:31.960000,P,0.91,1.4103210332905292e-06,9,0.0014247808601257,20210729T160000_9
AV.PVV..SH,2021-07-29T17:04:08.300000,P,0.678,5.668661628988048e-07,11,0.0027854576799802,20210729T160000_11
AV.PVV..SH,2021-07-29T17:08:15.740000,P,0.757,5.778971399195143e-07,13,0.0050686102197027,20210729T160000_13
AV.PVV..SH,2021-07-29T17:14:58.640000,P,0.696,3.868407532081619e-07,-1,-1.0,20210729T160000_-1
AV.PVV..SH,2021-07-29T17:23:06.460000,P,0.801,9.515157444184296e-07,14,0.0014247808601257,20210729T160000_14
AV.PVV..SH,2021-07-29T17:33:16.140000,P,0.696,6.53955453344679e-07,18,0.0002499047469093,20210729T160000_18
AV.PVV..SH,2021-07-29T17:34:20.600000,P,0.875,1.0561815315668357e-06,20,0.0014247808601257,20210729T160000_20
AV.PVV..SH,2021-07-29T17:42:17.360000,P,0.523,3.841690556782851e-07,-1,-1.0,20210729T160000_-1
AV.PVV..SH,2021-07-29T17:52:22.880000,P,0.869,1.0344714382881648e-06,22,0.0003790269072855,20210729T160000_22
AV.PVV..SH,2021-07-29T18:14:42.360000,P,0.405,1.8154280212456802e-07,-1,-1.0,20210729T160000_-1
AV.PVV..SH,2021-07-29T18:14:43.040000,P,0.588,1.6616907032585004e-06,24,0.0014247808601257,20210729T160000_24
AV.PVV..SH,2021-07-29T18:17:51.160000,P,0.485,4.648275933050172e-07,27,0.0050686102197027,20210729T160000_27
AV.PVV..SH,2021-07-29T18:38:23.380000,P,0.961,1.4439053757087097e-06,29,0.0001532443179027,20210729T160000_29
AV.PVV..SH,2021-07-29T18:47:00.920000,P,0.695,4.894181415693311e-07,31,0.0050686102197027,20210729T160000_31
AV.PVV..SH,2021-07-29T19:12:14.520000,P,0.948,6.812367701058975e-06,34,0.0008272989109893,20210729T160000_34
AV.PVV..SH,2021-07-29T19:14:35.640000,P,0.363,7.932083576633886e-07,-1,-1.0,20210729T160000_-1
AV.PVV..SH,2021-07-29T19:30:41.720000,P,0.463,7.431717108374869e-07,-1,-1.0,20210729T160000_-1
AV.PVV..SH,2021-07-29T19:53:41.280000,P,0.955,9.15357929898164e-07,37,0.0008272989109893,20210729T160000_37
AV.PVV..SH,2021-07-29T20:16:17.020000,P,0.817,2.76598768778058e-07,38,0.0015696492101564,20210729T160000_38
AV.PVV..SH,2021-07-29T20:21:55.680000,P,0.521,5.950282115918526e-07,39,0.0002499047469093,20210729T160000_39
AV.PVV..SH,2021-07-29T20:23:43.100000,P,0.814,1.2989653441763949e-06,40,0.0002499047469093,20210729T160000_40
AV.PVV..SH,2021-07-29T20:25:50.660000,P,0.972,4.825732276003691e-07,42,0.0002499047469093,20210729T160000_42
AV.PVV..SH,2021-07-29T20:31:16.200000,P,0.889,6.5901408561330754e-06,43,0.0010685237219254,20210729T160000_43
AV.PVV..SH,2021-07-29T20:33:26.640000,P,0.919,2.664410931174644e-05,45,0.0015093437985737,20210729T160000_45
AV.PVV..SH,2021-07-29T20:42:37.120000,P,0.449,1.764448995800194e-07,47,0.0050686102197027,20210729T160000_47
AV.PVV..SH,2021-07-29T20:42:37.920000,P,0.558,9.347231184619886e-07,-1,-1.0,20210729T160000_-1
AV.PVV..SH,2021-07-29T20:56:38.680000,P,0.463,4.611844417468092e-07,-1,-1.0,20210729T160000_-1
AV.PVV..SH,2021-07-29T21:00:40.260000,P,0.92,3.1732935894979164e-05,-1,-1.0,20210729T160000_-1
AV.PVV..SH,2021-07-29T21:08:36.480000,P,0.66,9.08009553768352e-07,-1,-1.0,20210729T160000_-1
AV.PVV..SH,2021-07-29T21:18:35.060000,P,0.972,1.6578729855609708e-06,-1,-1.0,20210729T160000_-1
AV.PVV..SH,2021-07-29T21:39:56.880000,P,0.965,8.465123755740933e-06,-1,-1.0,20210729T160000_-1
AV.PVV..SH,2021-07-29T21:58:53.840000,P,0.305,3.203867322554288e-07,-1,-1.0,20210729T160000_-1
AV.PVV..SH,2021-07-29T22:02:30.960000,P,0.589,2.948233372990217e-07,-1,-1.0,20210729T160000_-1
AV.PVV..SH,2021-07-29T22:19:09.460000,P,0.937,1.2375465303193778e-05,-1,-1.0,20210729T160000_-1
AV.PVV..SH,2021-07-29T22:25:14.060000,P,0.416,1.8307906657355488e-06,-1,-1.0,20210729T160000_-1
AV.PVV..SH,2021-07-29T22:54:55.400000,P,0.347,4.164386950833432e-07,-1,-1.0,20210729T160000_-1
AV.PVV..SH,2021-07-29T22:56:45.740000,P,0.956,1.6385622529924149e-06,-1,-1.0,20210729T160000_-1
AV.PVV..SH,2021-07-29T23:38:56.460000,P,0.977,3.802192850344e-06,-1,-1.0,20210729T160000_-1
AV.PVV..SH,2021-07-29T16:00:57.180000,S,0.606,1.1810657269961666e-06,2,0.0015696492101564,20210729T160000_2
AV.PVV..SH,2021-07-29T16:38:49.840000,S,0.332,8.417960088991094e-07,8,0.0010685237219254,20210729T160000_8
AV.PVV..SH,2021-07-29T17:01:05.080000,S,0.306,3.083817318838556e-06,10,0.0002818203042332,20210729T160000_10
AV.PVV..SH,2021-07-29T17:04:34.480000,S,0.498,9.272045531361072e-07,12,0.0050686102197027,20210729T160000_12
AV.PVV..SH,2021-07-29T17:23:32.260000,S,0.679,1.5809409887879156e-06,15,0.0002818203042332,20210729T160000_15
AV.PVV..SH,2021-07-29T17:28:40.760000,S,0.396,2.334820464966469e-06,-1,-1.0,20210729T160000_-1
AV.PVV..SH,2021-07-29T17:33:22.880000,S,0.706,6.53955453344679e-07,18,0.0003790269072855,20210729T160000_18
AV.PVV..SH,2021-07-29T17:33:55.960000,S,0.504,7.397337071779475e-07,19,0.0002818203042332,20210729T160000_19
AV.PVV..SH,2021-07-29T17:34:44.380000,S,0.706,1.887056555460731e-06,21,0.0014247808601257,20210729T160000_21
AV.PVV..SH,2021-07-29T17:52:31.680000,S,0.743,1.0344714382881648e-06,22,0.0010685237219254,20210729T160000_22
AV.PVV..SH,2021-07-29T18:17:57.600000,S,0.416,4.648275933050172e-07,27,0.0002818203042332,20210729T160000_27
AV.PVV..SH,2021-07-29T18:38:30.380000,S,0.48,1.4439053757087097e-06,29,0.0014247808601257,20210729T160000_29
AV.PVV..SH,2021-07-29T18:38:53.240000,S,0.318,2.097966444125632e-06,30,0.0027854576799802,20210729T160000_30
AV.PVV..SH,2021-07-29T18:47:08.860000,S,0.607,6.039600748408702e-07,31,0.0002818203042332,20210729T160000_31
AV.PVV..SH,2021-07-29T18:54:02.680000,S,0.346,2.7781143785432505e-07,32,0.0050686102197027,20210729T160000_32
AV.PVV..SH,2021-07-29T19:12:24.160000,S,0.711,7.090961844369304e-06,34,0.0020967648907859,20210729T160000_34
AV.PVV..SH,2021-07-29T19:53:48.200000,S,0.375,8.124670785036869e-07,37,0.0020967648907859,20210729T160000_37
AV.PVV..SH,2021-07-29T20:15:59.160000,S,0.391,2.537419163672894e-07,-1,-1.0,20210729T160000_-1
AV.PVV..SH,2021-07-29T20:16:21.680000,S,0.332,2.4360667794098845e-07,38,0.0050686102197027,20210729T160000_38
AV.PVV..SH,2021-07-29T20:22:00.160000,S,0.525,8.293411042359367e-07,39,0.0003790269072855,20210729T160000_39
AV.PVV..SH,2021-07-29T20:24:13.800000,S,0.417,2.294505293320981e-06,41,0.0027854576799802,20210729T160000_41
AV.PVV..SH,2021-07-29T20:25:59.520000,S,0.616,6.525095272991166e-07,42,0.0003790269072855,20210729T160000_42
AV.PVV..SH,2021-07-29T20:31:21.440000,S,0.534,7.219491180876503e-06,43,0.0008272989109893,20210729T160000_43
AV.PVV..SH,2021-07-29T20:33:35.360000,S,0.441,3.799751357291825e-05,45,0.0002619183216812,20210729T160000_45
AV.PVV..SH,2021-07-29T20:34:13.840000,S,0.334,7.180087413871661e-05,46,0.0002818203042332,20210729T160000_46
AV.PVV..SH,2021-07-29T20:42:41.840000,S,0.361,9.347231184619886e-07,47,0.0002818203042332,20210729T160000_47
AV.PVV..SH,2021-07-29T21:01:15.580000,S,0.385,8.296216401504353e-05,-1,-1.0,20210729T160000_-1
AV.PVV..SH,2021-07-29T21:08:43.960000,S,0.574,9.460839578423474e-07,-1,-1.0,20210729T160000_-1
AV.PVV..SH,2021-07-29T21:18:43.320000,S,0.319,1.6578729855609708e-06,-1,-1.0,20210729T160000_-1
AV.PVV..SH,2021-07-29T21:19:17.880000,S,0.379,9.890113688015845e-07,-1,-1.0,20210729T160000_-1
AV.PVV..SH,2021-07-29T21:40:02.880000,S,0.582,8.465123755740933e-06,-1,-1.0,20210729T160000_-1
AV.PVV..SH,2021-07-29T22:02:36.600000,S,0.463,3.2867873756003974e-07,-1,-1.0,20210729T160000_-1
AV.PVV..SH,2021-07-29T22:19:18.380000,S,0.345,1.2842322576034348e-05,-1,-1.0,20210729T160000_-1
AV.PVV..SH,2021-07-29T22:19:51.180000,S,0.452,1.948099998116959e-05,-1,-1.0,20210729T160000_-1
AV.PVV..SH,2021-07-29T22:25:19.300000,S,0.664,1.8307906657355488e-06,-1,-1.0,20210729T160000_-1
AV.PVV..SH,2021-07-29T23:39:04.960000,S,0.574,4.5122537812858354e-06,-1,-1.0,20210729T160000_-1
AV.S12K..BH,2021-07-29T16:00:33.820000,P,0.763,2.27601663027599e-06,1,0.0002499047469093,20210729T160000_1
AV.S12K..BH,2021-07-29T16:09:56.280000,P,0.95,5.770638017565943e-05,5,0.0008272989109893,20210729T160000_5
AV.S12K..BH,2021-07-29T16:38:43.420000,P,0.906,2.309044020876172e-06,8,0.0008272989109893,20210729T160000_8
AV.S12K..BH,2021-07-29T17:00:35.240000,P,0.701,4.4334569793136325e-06,9,0.0002499047469093,20210729T160000_9
AV.S12K..BH,2021-07-29T17:04:11.020000,P,0.688,1.3694623248738935e-06,11,0.0001532443179027,20210729T160000_11
AV.S12K..BH,2021-07-29T17:23:09.740000,P,0.531,2.576563247203012e-06,-1,-1.0,20210729T160000_-1
AV.S12K..BH,2021-07-29T17:28:38.920000,P,0.333,1.6371029687434202e-06,-1,-1.0,20210729T160000_-1
AV.S12K..BH,2021-07-29T17:28:39.600000,P,0.553,7.290291250683367e-06,16,0.0027854576799802,20210729T160000_16
AV.S12K..BH,2021-07-29T17:33:19.600000,P,0.336,2.150064347006264e-06,-1,-1.0,20210729T160000_-1
AV.S12K..BH,2021-07-29T17:34:23.040000,P,0.738,3.557216132321628e-06,20,0.0002499047469093,20210729T160000_20
AV.S12K..BH,2021-07-29T17:52:26.200000,P,0.859,2.044302163994871e-06,22,0.0008272989109893,20210729T160000_22
AV.S12K..BH,2021-07-29T18:14:46.600000,P,0.631,2.0611366835510125e-06,-1,-1.0,20210729T160000_-1
AV.S12K..BH,2021-07-29T18:14:47.520000,P,0.311,3.341460114825168e-06,24,0.0002499047469093,20210729T160000_24
AV.S12K..BH,2021-07-29T18:15:13.280000,P,0.333,7.773945981170982e-06,26,0.0002818203042332,20210729T160000_26
AV.S12K..BH,2021-07-29T18:38:26.960000,P,0.904,2.990806933667045e-06,29,0.0002499047469093,20210729T160000_29
AV.S12K..BH,2021-07-29T18:47:04.220000,P,0.661,2.6952930056722835e-06,31,0.0002234207353789,20210729T160000_31
AV.S12K..BH,2021-07-29T19:12:17.240000,P,0.845,1.230690031661652e-05,34,0.000536969347804,20210729T160000_34
AV.S12K..BH,2021-07-29T19:15:10.520000,P,0.583,2.9424238618958043e-06,-1,-1.0,20210729T160000_-1
AV.S12K..BH,2021-07-29T19:53:44.080000,P,0.446,1.7363672668579966e-06,37,0.000536969347804,20210729T160000_37
AV.S12K..BH,2021-07-29T20:21:58.140000,P,0.683,2.7908820356969954e-06,39,0.0010685237219254,20210729T160000_39
AV.S12K..BH,2021-07-29T20:31:18.940000,P,0.546,2.2534290110343136e-05,43,0.0020967648907859,20210729T160000_43
AV.S12K..BH,2021-07-29T20:33:29.320000,P,0.76,0.0001401253393851,-1,-1.0,20210729T160000_-1
AV.S12K..BH,2021-07-29T20:42:41.000000,P,0.339,5.25061295775231e-06,47,0.0002234207353789,20210729T160000_47
AV.S12K..BH,2021-07-29T21:00:43.740000,P,0.844,7.509648276027292e-05,-1,-1.0,20210729T160000_-1
AV.S12K..BH,2021-07-29T21:08:39.720000,P,0.783,3.60923422704218e-06,-1,-1.0,20210729T160000_-1
AV.S12K..BH,2021-07-29T21:18:37.860000,P,0.794,4.224003987474134e-06,-1,-1.0,20210729T160000_-1
AV.S12K..BH,2021-07-29T21:39:59.900000,P,0.877,2.104734812746756e-05,-1,-1.0,20210729T160000_-1
AV.S12K..BH,2021-07-29T22:19:12.580000,P,0.919,3.4074622817570344e-05,-1,-1.0,20210729T160000_-1
AV.S12K..BH,2021-07-29T22:56:48.680000,P,0.811,3.908224698534468e-06,-1,-1.0,20210729T160000_-1
AV.S12K..BH,2021-07-29T22:57:33.680000,P,0.337,9.198420229949988e-06,-1,-1.0,20210729T160000_-1
AV.S12K..BH,2021-07-29T23:38:59.720000,P,0.947,1.0199879397987388e-05,-1,-1.0,20210729T160000_-1
AV.S12K..BH,2021-07-29T16:01:04.740000,S,0.717,3.3629805784585187e-06,2,0.0050686102197027,20210729T160000_2
AV.S12K..BH,2021-07-29T16:10:42.720000,S,0.478,0.0001442560896975,-1,-1.0,20210729T160000_-1
AV.S12K..BH,2021-07-29T16:39:20.000000,S,0.711,5.215107194089796e-06,-1,-1.0,20210729T160000_-1
AV.S12K..BH,2021-07-29T17:01:11.480000,S,0.451,7.381661816907581e-06,10,0.0002234207353789,20210729T160000_10
AV.S12K..BH,2021-07-29T17:04:37.000000,S,0.394,2.455023604852613e-06,12,0.0002818203042332,20210729T160000_12
AV.S12K..BH,2021-07-29T17:23:35.420000,S,0.789,6.323753041215241e-06,15,0.0002234207353789,20210729T160000_15
AV.S12K..BH,2021-07-29T17:34:50.340000,S,0.591,4.842380349145969e-06,-1,-1.0,20210729T160000_-1
AV.S12K..BH,2021-07-29T17:52:37.720000,S,0.398,2.3354848508461146e-06,22,0.0020967648907859,20210729T160000_22
AV.S12K..BH,2021-07-29T18:15:18.380000,S,0.615,7.773945981170982e-06,25,0.0002234207353789,20210729T160000_25
AV.S12K..BH,2021-07-29T18:38:55.360000,S,0.839,5.662529929395532e-06,-1,-1.0,20210729T160000_-1
AV.S12K..BH,2021-07-29T18:47:14.720000,S,0.407,2.6952930056722835e-06,31,0.0027854576799802,20210729T160000_31
AV.S12K..BH,2021-07-29T19:13:00.920000,S,0.341,2.553483864176087e-05,35,0.0050686102197027,20210729T160000_35
AV.S12K..BH,2021-07-29T19:15:19.040000,S,0.535,2.9424238618958043e-06,-1,-1.0,20210729T160000_-1
AV.S12K..BH,2021-07-29T20:24:17.680000,S,0.43,8.337490726262331e-06,41,0.0001532443179027,20210729T160000_41
AV.S12K..BH,2021-07-29T20:43:09.760000,S,0.548,4.947632987750694e-06,-1,-1.0,20210729T160000_-1
AV.S12K..BH,2021-07-29T21:01:22.100000,S,0.424,0.0002676357980817,-1,-1.0,20210729T160000_-1
AV.S12K..BH,2021-07-29T22:57:26.080000,S,0.585,9.998346286010928e-06,-1,-1.0,20210729T160000_-1
AV.S12K..BH,2021-07-29T23:39:32.360000,S,0.37,1.7290782125201076e-05,-1,-1.0,20210729T160000_-1
