time,latitude,longitude,depth_km,magnitude,event_id
2021-01-03T12:41:26.150000,54.96733,-162.290902,5.81,1.77,100
2021-02-03T21:42:16.680000,55.067855,-161.602083,15.7,0.66,1001
2021-02-03T22:08:43.760000,55.318083,-161.751937,1.7,0.21,1002
2021-02-03T22:17:17.640000,55.321643,-161.336165,17.08,1.26,1003
2021-02-04T12:19:23.720000,54.834017,-162.660352,26.73,1.97,1020
2021-02-04T12:19:41.030000,54.975187,-162.311621,4.88,2.29,1021
2021-02-04T12:39:01.130000,55.319206,-162.974186,32.62,1.49,1022
2021-02-04T14:11:48.640000,54.93361,-162.240055,-1.14,0.8,1023
2021-01-03T17:22:36.580000,55.379106,-161.878125,25.27,-0.17,103
2021-02-05T04:19:25.580000,55.302865,-161.669906,1.27,0.32,1032
2021-02-05T16:09:25.170000,55.164689,-162.002572,19.91,1.39,1039
2021-01-03T17:45:13.920000,54.804614,-161.237142,26.17,1.75,105
2021-02-05T21:45:14.920000,54.903027,-161.531364,8.82,1.63,1051
2021-02-06T06:04:03.890000,54.82441,-162.805371,-2.85,1.27,1060
2021-02-06T07:15:27.950000,55.095109,-161.755876,16.3,0.53,1062
2021-02-06T12:04:44.240000,55.027856,-161.61512,17.65,2.62,1064
2021-02-06T18:39:48.820000,54.601961,-161.256038,5.68,4.47,1071
2021-02-06T19:35:53.940000,54.584383,-161.294434,8.81,2.62,1072
2021-02-06T19:50:07.940000,54.575798,-161.291748,8.68,2.07,1073
2021-02-06T20:12:22.760000,54.568717,-161.300407,26.29,1.6,1074
2021-02-06T20:19:18.220000,54.578475,-161.285498,9.55,2.22,1076
2021-02-07T00:37:48.070000,55.31359,-161.696956,-2.69,0.17,1080
2021-02-07T01:58:56.560000,54.571574,-161.350879,26.18,1.49,1085
2021-01-03T19:56:25.940000,54.966321,-161.426969,14.16,2.05,109
2021-02-07T04:49:38.540000,55.342253,-161.188379,28.71,2.26,1091
2021-02-07T07:59:53.670000,55.393368,-162.258936,19.97,1.46,1095
2021-02-07T17:57:19.280000,55.082528,-161.789274,10.35,1.38,1100
2021-02-07T19:33:54.560000,55.168526,-161.90402,-0.23,1.38,1103
2021-02-07T20:17:45.420000,54.815702,-161.087614,27.19,2.5,1105
2021-02-07T20:25:03.620000,55.10415,-161.643066,-3.21,1.46,1107
2021-02-07T21:56:42.040000,54.964653,-162.236068,-2.07,0.96,1108
2021-02-08T04:17:58.540000,55.280343,-162.167822,10.94,1.96,1113
2021-02-08T11:27:36.850000,54.592301,-161.302962,26.16,1.68,1124
2021-02-08T12:00:58.820000,55.297567,-161.828809,-2.61,-0.28,1127
2021-02-08T12:35:30.310000,54.989514,-162.20332,-3.38,0.88,1128
2021-02-08T23:58:42.120000,54.802433,-161.328776,56.64,1.59,1140
2021-02-09T00:16:46.490000,55.451929,-161.858968,23.69,1.11,1142
2021-02-09T08:02:10.820000,54.548189,-162.480469,13.6,1.77,1151
2021-02-09T08:45:36.540000,55.011776,-161.575488,16.93,1.85,1154
2021-02-09T20:43:57.480000,54.590666,-162.532699,59.22,2.07,1165
2021-02-09T21:31:51.760000,55.123352,-161.829427,4.06,1.33,1166
2021-02-09T23:45:28.280000,54.90507,-161.407861,60.99,1.59,1170
2021-02-10T06:08:50.250000,54.620288,-161.322428,26.44,1.46,1173
2021-02-10T11:42:19.140000,55.167472,-161.71167,12.91,2.02,1178
2021-02-10T21:08:45.480000,55.19801,-161.988542,0.76,2.05,1183
2021-02-11T18:03:28.280000,55.26945,-161.433854,-1.02,1.03,1192
2021-02-11T22:27:49.960000,55.137142,-160.502669,50.56,2.72,1196
2021-02-12T14:15:03.780000,54.866333,-161.324593,27.45,2.63,1198
2021-02-12T14:15:28.990000,55.166264,-161.968604,-1.62,1.98,1199
2021-02-12T15:10:07.890000,54.592472,-161.299398,26.38,2.04,1200
2021-02-12T16:15:03.870000,55.166838,-161.839681,23.08,1.91,1201
2021-02-13T09:56:47.070000,55.160152,-161.747738,15.55,0.99,1208
2021-02-13T13:09:46.400000,55.366553,-161.06805,26.43,3.28,1209
2021-02-13T14:15:28.880000,55.042004,-162.181803,-2.1,1.76,1212
2021-02-13T19:09:54.480000,54.545614,-161.771484,7.45,1.98,1214
2021-02-14T00:24:32.090000,54.935107,-161.053418,57.29,2.39,1215
2021-02-14T00:51:17.530000,55.108451,-163.269889,8.87,2.71,1216
2021-02-14T03:53:26.780000,54.525098,-162.349935,58.36,2.25,1221
2021-02-14T09:09:53.420000,55.263318,-162.059749,9.75,0.78,1224
2021-02-14T17:55:14.760000,55.561174,-161.457975,13.3,1.17,1228
2021-02-16T03:45:00.300000,54.865434,-161.545931,-2.77,2.31,1238
2021-02-16T05:33:19.150000,54.972103,-162.251042,-0.68,1.39,1244
2021-02-16T06:16:24.930000,55.181482,-161.738151,-1.92,0.85,1249
2021-02-16T06:30:31.100000,54.589889,-161.32168,25.79,1.51,1250
2021-02-16T15:52:45.770000,54.900391,-161.429346,25.05,1.88,1254
2021-02-16T16:17:47.170000,54.963106,-161.865381,31.19,1.45,1258
2021-02-16T23:19:11.960000,55.022717,-161.449821,-0.35,3.19,1269
2021-02-17T04:06:41.430000,54.589644,-161.310612,25.24,1.68,1272
2021-02-17T12:56:29.590000,54.678654,-163.522201,6.06,1.79,1283
2021-02-17T13:02:44.200000,55.354602,-161.84248,15.62,0.03,1284
2021-02-17T17:01:28.160000,55.311385,-161.914014,16.3,0.07,1287
2021-01-04T04:01:10.540000,54.860999,-161.361051,23.35,1.79,129
2021-02-17T19:37:22.880000,55.206852,-161.750602,24.64,1.2,1290
2021-02-18T05:04:40.690000,55.322729,-161.403451,-2.27,0.01,1298
2021-01-04T04:01:21.930000,54.825338,-161.303092,28.75,1.94,130
2021-02-18T09:43:35.820000,55.330823,-161.711914,0.58,-0.44,1305
2021-02-18T12:40:52.980000,54.591895,-161.288949,7.42,1.97,1310
2021-02-18T19:03:39.360000,55.34718,-161.747689,0.21,-0.86,1323
2021-02-19T00:35:58.360000,55.372172,-162.164779,27.43,0.73,1328
2021-02-19T02:07:18.340000,55.314473,-161.525814,-0.44,0.34,1332
2021-01-04T08:26:55.580000,55.173653,-161.909831,1.39,1.5,134
2021-02-19T04:40:45.390000,55.275623,-161.663379,3.4,1.04,1347
2021-01-04T09:10:28.540000,54.760571,-161.645557,57.23,1.47,135
2021-02-19T08:36:17.130000,54.517721,-161.128857,14.64,2.48,1352
2021-02-19T09:13:55.740000,54.99762,-162.297314,2.09,1.99,1357
2021-02-19T09:21:33.180000,54.85284,-162.778841,28.03,1.56,1359
2021-02-19T10:52:15.340000,55.243783,-161.645215,5.85,0.41,1363
2021-02-19T13:52:35.500000,55.297319,-161.534782,0.85,0.01,1371
2021-02-19T14:04:08.220000,55.051884,-161.431462,21.27,1.62,1372
2021-02-19T14:22:52.510000,55.341793,-160.449072,6.85,1.08,1375
2021-02-19T14:29:46.070000,54.523621,-163.265658,8.53,1.63,1376
2021-02-19T23:24:42.480000,55.121183,-162.600391,27.13,1.62,1385
2021-02-20T01:14:23.950000,55.045215,-161.617855,15.47,0.82,1386
2021-02-20T03:29:30.470000,54.547416,-161.1618,6.76,1.9,1389
2021-02-20T09:22:15.190000,54.76062,-161.983301,-3.71,1.42,1392
2021-02-20T12:16:55.000000,54.498633,-162.33348,42.95,2.81,1393
2021-02-21T01:46:46.990000,54.627625,-161.41613,10.07,1.45,1397
2021-01-01T16:55:04.350000,55.228076,-161.166423,25.83,1.72,14
2021-02-21T11:06:40.870000,55.055135,-161.224674,8.81,2.14,1405
2021-02-21T11:08:39.470000,55.112716,-161.566536,-1.43,1.28,1407
2021-02-21T11:11:53.180000,55.114022,-161.620361,0.57,0.88,1409
2021-02-21T15:05:06.190000,54.911902,-162.621631,30.09,1.48,1414
2021-02-21T16:01:03.430000,55.262805,-161.614307,0.24,1.78,1415
2021-02-21T17:30:27.920000,55.150582,-161.539421,-4.06,0.78,1417
2021-02-21T18:53:44.040000,55.506384,-161.71748,4.96,0.49,1419
2021-02-21T18:54:16.140000,55.103658,-161.773258,11.92,1.01,1420
2021-02-21T21:58:10.540000,55.144645,-161.78488,1.37,0.49,1425
2021-02-21T22:08:14.760000,55.111877,-161.636051,-1.62,1.03,1427
2021-02-21T23:00:10.360000,54.584904,-161.290592,19.8,2.31,1431
2021-02-21T23:57:03.960000,55.106156,-161.776367,0.32,1.32,1433
2021-02-21T23:57:55.320000,55.176428,-161.548568,16.79,1.17,1434
2021-02-21T23:58:15.960000,55.238184,-161.980046,9.57,1.22,1435
2021-02-22T00:43:02.940000,55.161076,-161.515104,18.17,0.59,1439
2021-02-22T01:21:15.420000,55.180872,-161.849235,12.85,0.46,1443
2021-02-22T04:37:56.250000,54.838517,-161.112093,28.15,2.24,1453
2021-02-22T07:39:17.430000,54.963139,-161.367236,28.33,1.96,1454
2021-02-22T07:41:20.130000,54.895292,-161.28151,27.0,2.58,1457
2021-02-22T09:02:25.950000,55.195333,-161.511279,19.24,0.81,1458
2021-02-22T09:02:43.940000,55.125224,-161.936117,11.22,0.61,1459
2021-01-04T15:59:53.660000,55.408769,-161.996712,34.31,0.44,146
2021-02-22T12:58:56.010000,55.295402,-161.717139,-0.97,0.45,1463
2021-02-22T16:17:26.290000,54.636292,-161.30918,7.13,1.73,1468
2021-02-22T16:50:46.310000,55.055819,-161.727279,8.4,0.97,1472
2021-02-22T20:16:09.040000,55.132153,-161.706803,4.18,0.98,1476
2021-02-22T22:18:15.280000,54.799955,-161.680501,29.3,1.52,1478
2021-02-23T12:29:16.060000,55.395968,-161.733398,14.29,-0.11,1488
2021-02-23T20:03:57.320000,54.642635,-161.43374,7.84,2.87,1493
2021-02-23T22:41:49.960000,54.907703,-161.365869,27.3,1.99,1500
2021-02-23T23:36:55.860000,55.101062,-161.58584,7.01,1.07,1502
2021-02-24T02:36:40.750000,54.862231,-161.292139,26.0,2.08,1510
2021-02-24T03:44:51.430000,55.328853,-161.765316,-0.08,0.93,1513
2021-02-24T03:45:08.720000,55.269666,-162.079785,7.05,0.63,1514
2021-01-04T18:37:14.740000,55.233988,-162.086898,6.82,0.42,153
2021-01-04T18:41:15.620000,54.587528,-161.269613,25.28,1.65,154
2021-02-24T17:41:27.040000,55.041317,-163.38387,8.89,1.66,1540
2021-02-24T19:10:27.800000,55.505501,-161.868734,23.89,0.33,1543
2021-02-24T19:51:27.800000,54.988607,-161.396322,26.43,1.58,1544
2021-02-24T20:59:31.320000,55.084167,-163.307861,8.9,1.74,1548
2021-02-25T02:04:17.980000,55.040702,-161.753727,13.9,1.17,1551
2021-02-25T02:04:37.220000,55.15564,-161.761426,19.0,1.22,1552
2021-02-25T03:22:05.690000,54.97758,-162.196403,-1.9,1.67,1553
2021-02-25T07:39:13.880000,55.047668,-161.597982,-0.44,0.78,1560
2021-02-25T15:59:56.570000,55.100964,-162.062777,8.61,0.52,1568
2021-01-04T19:48:07.600000,54.586938,-161.267432,22.27,2.6,157
2021-02-25T18:54:43.360000,54.597363,-161.259049,26.04,1.57,1572
2021-01-04T20:44:36.940000,54.996122,-162.298649,8.07,2.96,158
2021-02-26T09:03:54.380000,55.011161,-161.350895,26.09,1.99,1581
2021-02-26T12:09:08.570000,54.584973,-161.260124,24.18,1.97,1585
2021-01-04T20:44:47.400000,54.975907,-162.342676,7.85,3.35,159
2021-02-26T19:00:39.760000,55.475765,-162.014339,23.78,0.27,1590
2021-02-26T19:39:49.140000,55.096094,-161.382373,19.34,0.92,1591
2021-02-27T00:06:44.200000,55.083366,-161.631641,12.37,1.22,1598
2021-01-04T21:22:34.560000,55.182739,-161.780355,4.26,0.99,160
2021-02-27T06:44:11.420000,55.08433,-161.891178,4.64,1.03,1602
2021-02-27T09:20:25.250000,55.19554,-161.933317,-1.12,0.83,1608
2021-02-27T15:30:31.160000,54.949349,-161.678613,7.07,1.03,1612
2021-02-28T06:21:03.520000,54.9705,-161.423014,28.39,2.16,1627
2021-02-28T08:10:21.910000,55.09707,-161.223535,28.62,1.67,1632
2021-02-28T22:08:55.360000,54.491951,-163.1729,-3.85,2.34,1644
2021-02-28T22:59:50.660000,55.376465,-161.831852,1.08,0.81,1646
2021-03-01T04:28:55.950000,54.769906,-161.227669,29.3,2.15,1647
2021-03-01T15:00:04.100000,55.02312,-161.37391,25.86,2.37,1652
2021-03-01T20:37:56.560000,54.902291,-160.889486,9.7,1.33,1654
2021-03-02T01:54:25.090000,55.126607,-161.617399,18.6,1.32,1657
2021-03-02T13:18:06.100000,54.922624,-162.210693,0.28,1.04,1661
2021-03-02T14:45:35.870000,55.065531,-161.613509,13.33,1.58,1662
2021-03-03T12:32:03.660000,55.234583,-160.932633,26.81,2.21,1671
2021-03-03T22:09:02.360000,55.056132,-161.608333,-4.87,1.13,1676
2021-03-04T00:35:13.260000,55.227384,-161.744824,-2.2,3.42,1678
2021-03-04T00:38:11.010000,54.606222,-161.444548,3.48,3.52,1680
2021-03-04T00:44:32.370000,55.314022,-161.747607,1.35,0.64,1684
2021-01-01T17:17:19.080000,55.126054,-161.920199,4.79,1.75,17
2021-01-05T01:54:41.440000,54.87078,-161.84484,-3.57,1.03,170
2021-03-04T09:38:50.260000,54.492244,-161.741113,6.33,2.25,1703
2021-03-04T09:42:51.250000,54.489754,-161.719434,5.76,2.04,1704
2021-03-04T12:59:04.730000,55.011279,-161.511735,17.91,1.4,1706
2021-03-04T13:55:02.360000,55.358679,-161.975618,26.01,0.66,1709
2021-01-05T03:43:56.330000,54.977649,-161.711572,14.47,2.04,172
2021-03-04T19:53:29.880000,54.908915,-161.200993,9.96,2.38,1720
2021-03-04T20:37:48.760000,55.265291,-160.979655,42.3,2.44,1722
2021-03-04T23:56:31.320000,55.355916,-162.553792,-3.19,1.93,1729
2021-01-05T04:32:55.220000,54.525985,-162.38029,14.64,1.62,173
2021-03-05T00:46:13.600000,55.322896,-161.7896,-3.7,1.5,1738
2021-03-05T04:03:28.820000,55.137565,-161.763851,5.14,1.34,1741
2021-03-05T16:11:27.550000,55.022567,-161.77334,14.92,2.4,1748
2021-01-05T04:57:50.290000,55.117655,-161.733236,19.2,1.82,175
2021-03-05T18:53:02.760000,55.010775,-161.61932,19.52,1.72,1751
2021-03-06T00:58:42.350000,55.348128,-161.719352,15.4,2.01,1762
2021-03-06T12:06:39.950000,54.934074,-162.247526,-1.33,0.93,1772
2021-03-06T12:34:33.910000,55.107027,-161.766113,12.65,1.87,1776
2021-03-07T08:56:49.930000,54.617383,-161.319613,26.0,1.51,1782
2021-03-07T12:44:28.760000,54.76296,-161.021989,24.48,2.36,1791
2021-01-05T14:13:57.050000,54.450387,-161.689421,6.11,2.04,180
2021-03-07T23:31:54.580000,54.585022,-161.301888,6.76,2.56,1800
2021-03-07T23:58:40.820000,55.381828,-161.756543,11.43,1.62,1801
2021-03-08T00:01:45.670000,55.14471,-161.247819,27.38,1.37,1802
2021-03-08T00:01:54.060000,55.06145,-160.945752,29.75,2.25,1803
2021-03-08T09:53:08.660000,55.101196,-161.790413,6.98,1.23,1813
2021-03-08T19:54:55.560000,55.175203,-161.801774,13.94,2.09,1818
2021-03-08T22:56:20.960000,54.572392,-161.308708,8.17,1.57,1822
2021-03-09T05:24:08.500000,55.352393,-161.864014,2.1,-0.07,1823
2021-03-09T05:25:56.400000,55.429883,-161.166943,35.34,1.5,1824
2021-03-09T06:12:03.160000,55.322799,-161.716227,1.97,1.22,1826
2021-01-05T19:35:57.260000,54.531449,-162.471436,4.97,2.51,183
2021-03-09T11:47:07.170000,54.957686,-161.611523,11.52,2.25,1834
2021-03-09T15:28:26.520000,55.041732,-161.747152,18.36,1.02,1836
2021-03-09T15:59:56.200000,54.60933,-161.284115,19.74,1.96,1837
2021-03-10T06:53:14.900000,54.476835,-163.170996,-3.2,1.84,1848
2021-03-10T07:15:44.260000,54.972567,-162.261995,-4.16,1.55,1850
2021-03-10T08:52:56.960000,55.192452,-162.023356,22.17,0.82,1854
2021-03-10T09:15:17.770000,54.946171,-161.33252,12.03,0.84,1855
2021-03-10T09:15:41.650000,55.167586,-161.8271,11.25,0.51,1856
2021-03-10T18:24:35.280000,55.299377,-161.655452,11.25,0.37,1858
2021-03-10T23:39:17.520000,55.018803,-162.296436,-0.44,1.55,1861
2021-03-11T05:14:38.330000,54.956254,-161.348112,28.32,2.04,1863
2021-03-11T06:03:33.350000,55.057906,-161.457227,-1.99,2.16,1868
2021-03-11T13:08:23.810000,54.562732,-162.077604,41.94,1.79,1875
2021-03-11T19:52:43.600000,55.013647,-161.572933,14.02,0.49,1876
2021-01-05T23:35:40.660000,55.127706,-161.568978,-3.32,2.17,188
2021-03-11T23:53:02.980000,54.958866,-162.446712,12.0,1.51,1880
2021-03-15T00:56:04.570000,55.249532,-162.254932,-4.14,0.8,1881
2021-03-15T02:35:05.050000,55.30894,-161.705941,0.85,1.32,1883
2021-03-15T03:36:22.070000,55.070679,-161.529964,17.54,1.43,1885
2021-03-15T04:11:52.080000,54.576294,-162.580013,11.23,1.66,1889
2021-03-15T06:19:53.300000,55.119002,-162.342399,26.83,1.28,1894
2021-03-15T08:34:48.070000,55.296464,-161.659928,0.36,1.21,1896
2021-03-15T13:52:50.610000,54.817432,-162.435758,18.28,1.56,1903
2021-03-15T13:58:05.090000,55.900407,-160.567155,6.15,2.29,1905
2021-03-15T14:01:39.770000,55.865218,-160.568408,4.48,1.63,1906
2021-03-15T19:09:49.120000,55.265694,-161.996077,8.85,0.41,1909
2021-03-16T03:05:32.690000,55.321493,-162.087174,8.01,1.5,1916
2021-03-16T09:17:34.950000,54.754582,-161.420231,49.5,3.29,1920
2021-03-16T10:40:11.210000,54.687655,-161.381934,39.18,1.61,1922
2021-03-16T18:42:43.760000,55.15155,-162.659847,36.84,3.13,1928
2021-03-16T22:23:17.680000,54.968201,-162.200651,-4.07,0.78,1932
2021-03-17T17:25:49.000000,54.983565,-161.902816,-0.45,0.81,1950
2021-03-17T18:02:20.460000,54.858264,-162.665316,27.74,1.45,1952
2021-03-17T19:20:28.680000,54.838562,-161.248014,25.13,1.43,1953
2021-03-17T19:45:17.140000,54.525033,-161.331901,2.08,1.73,1955
2021-03-17T21:50:12.800000,55.159823,-161.9139,-0.58,0.78,1959
2021-03-17T22:03:42.860000,54.572209,-161.344596,8.34,1.1,1961
2021-03-17T22:42:26.880000,54.463123,-162.848486,3.34,1.9,1963
2021-03-17T23:00:33.080000,55.265283,-162.182454,6.07,1.28,1965
2021-03-18T00:14:00.250000,55.195671,-162.283236,10.54,1.28,1969
2021-01-07T02:55:29.970000,55.085897,-161.570068,24.56,2.19,197
2021-03-18T01:31:29.980000,54.839181,-161.170426,47.95,1.25,1973
2021-03-18T02:45:38.960000,55.45376,-161.870329,26.07,0.99,1975
2021-03-18T06:26:27.690000,54.795435,-162.913477,0.5,1.02,1981
2021-03-18T07:22:24.320000,54.482202,-162.074023,8.53,1.24,1983
2021-03-18T08:06:48.910000,55.034123,-161.335368,3.51,0.87,1984
2021-03-18T08:24:13.960000,55.035661,-161.709277,14.59,1.39,1986
2021-03-18T12:20:29.890000,55.221606,-161.651237,7.23,1.12,1991
2021-03-18T14:36:19.310000,55.165096,-161.92238,0.45,0.66,1995
2021-03-18T15:25:37.410000,54.588985,-161.23833,27.05,1.11,1996
2021-03-18T19:35:43.360000,54.492037,-163.154248,-4.56,1.69,2001
2021-03-18T20:15:00.400000,55.308366,-161.562354,5.14,0.39,2006
2021-03-19T02:17:27.880000,54.773238,-160.711605,4.51,1.93,2011
2021-03-19T06:02:53.180000,54.983122,-162.366911,1.24,0.5,2014
2021-03-19T07:15:23.930000,55.08125,-161.718066,11.66,1.19,2017
2021-03-19T20:01:37.500000,55.499036,-161.763265,12.42,0.94,2029
2021-03-20T10:26:13.140000,55.306506,-160.600553,30.28,1.96,2034
2021-01-07T08:46:37.540000,55.118009,-161.473861,18.71,1.86,204
2021-03-20T15:40:56.870000,55.140181,-162.167025,-0.21,0.89,2042
2021-03-20T18:46:11.240000,55.250614,-162.063981,11.99,1.24,2044
2021-01-07T11:45:28.180000,55.365511,-161.729167,2.44,1.3,205
2021-03-21T01:15:13.700000,55.171647,-161.516423,12.71,2.08,2050
2021-03-21T04:51:43.480000,54.77452,-160.997363,28.78,1.68,2053
2021-03-21T04:52:15.570000,55.17806,-161.917236,1.85,1.07,2054
2021-03-21T06:20:17.830000,55.265336,-161.619157,0.09,-0.04,2055
2021-03-21T09:13:37.280000,54.525281,-161.562061,8.99,1.64,2056
2021-03-21T13:30:53.060000,54.503764,-162.335563,35.16,1.63,2057
2021-03-21T15:28:04.810000,54.594181,-162.338509,56.49,2.32,2059
2021-03-22T00:36:28.370000,55.326184,-161.965739,4.41,0.81,2071
2021-03-22T08:42:05.840000,55.293917,-161.673112,0.51,-0.03,2081
2021-03-22T09:03:51.630000,54.903198,-161.393945,14.12,0.9,2082
2021-03-22T09:21:56.920000,55.161426,-161.900456,0.79,0.61,2083
2021-03-22T11:06:42.740000,55.38033,-162.720898,-0.58,1.46,2085
2021-03-22T14:47:22.270000,54.986263,-161.506917,27.36,1.92,2089
2021-03-22T18:44:02.080000,54.992721,-161.532552,26.77,3.44,2092
2021-03-22T19:00:32.160000,55.074939,-161.738281,18.36,1.23,2093
2021-03-23T11:28:04.480000,54.650557,-161.348372,7.38,2.69,2099
2021-03-23T15:12:04.820000,55.243758,-161.59707,-1.33,0.41,2102
2021-03-23T21:20:35.880000,55.043119,-161.610563,23.42,1.7,2110
2021-03-24T01:48:00.000000,55.293477,-161.84528,8.07,-0.05,2116
2021-03-24T06:47:10.350000,55.412891,-162.776953,-3.09,1.57,2118
2021-03-24T16:19:46.140000,55.286812,-161.533936,-0.71,0.79,2126
2021-03-25T04:23:03.040000,54.588851,-161.304769,26.48,1.78,2132
2021-03-25T13:25:39.270000,55.487549,-161.44139,25.38,1.67,2136
2021-01-07T18:28:09.360000,55.36486,-161.767936,-1.4,-0.26,214
2021-03-25T15:24:59.510000,55.137504,-161.699984,8.4,0.65,2140
2021-03-25T15:25:42.230000,55.15509,-161.369857,-4.25,0.62,2141
2021-03-25T20:12:08.960000,54.784216,-161.240804,16.58,1.75,2147
2021-03-25T20:12:29.920000,55.088806,-161.410173,10.93,1.32,2148
2021-03-26T07:17:28.970000,55.791809,-160.532259,4.78,1.57,2164
2021-03-26T13:35:21.160000,54.987085,-162.368506,6.72,0.89,2179
2021-01-07T19:35:06.920000,55.358223,-161.682194,0.99,0.84,218
2021-03-26T13:52:23.450000,55.095011,-161.693115,12.12,1.18,2181
2021-03-26T16:13:01.530000,54.829061,-162.053711,-3.76,0.96,2189
2021-01-07T19:36:15.420000,55.34045,-161.378809,14.62,0.75,219
2021-03-26T16:29:34.500000,55.07168,-162.502523,19.86,1.28,2192
2021-03-26T18:15:44.520000,55.008993,-161.409847,27.27,1.4,2199
2021-03-26T22:11:49.760000,55.333321,-163.02876,32.19,1.81,2204
2021-03-27T02:37:52.110000,54.588452,-161.473926,7.4,1.34,2205
2021-03-27T02:38:25.360000,55.059831,-161.9354,2.98,1.07,2206
2021-03-27T03:18:54.940000,55.464909,-161.863298,22.26,0.57,2208
2021-03-27T06:00:41.110000,54.562801,-161.329215,25.68,1.55,2210
2021-03-27T08:25:39.600000,55.318176,-161.715674,0.91,1.4,2211
2021-03-27T14:02:07.900000,55.272819,-161.055827,38.24,1.88,2216
2021-03-27T14:02:48.120000,55.221195,-161.765592,4.16,1.28,2217
2021-01-07T22:11:19.760000,55.072449,-161.633708,8.26,1.05,222
2021-03-28T03:51:46.100000,55.370337,-161.719808,12.33,0.26,2226
2021-03-28T04:40:17.140000,54.558203,-161.248193,8.25,1.62,2227
2021-01-07T23:38:36.720000,54.603772,-161.262988,22.99,2.69,223
2021-03-28T06:37:38.220000,55.315922,-161.618636,15.1,0.36,2230
2021-03-28T07:52:29.060000,54.928288,-162.226139,-2.36,2.21,2231
2021-03-28T08:39:00.230000,55.211426,-161.976351,10.8,0.49,2233
2021-03-28T09:59:10.680000,54.494958,-161.528271,3.91,2.54,2238
2021-01-08T00:22:44.580000,54.98031,-161.295036,30.63,2.08,224
2021-03-28T11:05:13.640000,55.320085,-161.892985,12.84,1.17,2240
2021-03-28T14:00:32.970000,54.890222,-161.228727,28.41,1.85,2243
2021-03-28T15:23:35.090000,54.913269,-162.19388,-2.94,1.16,2244
2021-03-28T15:23:47.850000,54.864636,-162.208008,-4.21,1.68,2245
2021-03-30T02:26:59.070000,55.333997,-161.666504,2.33,1.62,2258
2021-03-30T03:18:50.840000,54.605066,-161.194808,6.62,1.53,2259
2021-03-30T03:36:20.910000,54.51932,-161.141227,31.73,1.73,2260
2021-03-30T15:06:53.130000,54.503585,-162.547754,10.59,1.87,2269
2021-01-08T00:53:59.840000,55.14115,-161.614486,23.38,1.89,227
2021-03-31T01:17:22.680000,55.323193,-161.410563,28.96,2.47,2276
2021-01-08T00:53:55.380000,54.828308,-160.829899,26.95,2.16,228
2021-04-01T16:25:50.010000,54.999382,-161.674593,19.17,1.16,2282
2021-04-02T00:36:06.500000,55.152873,-160.901042,66.43,2.25,2286
2021-04-02T11:51:29.560000,54.660799,-162.600993,7.24,1.22,2295
2021-04-03T03:40:01.060000,55.199817,-161.509538,-2.48,0.79,2308
2021-04-03T05:56:27.640000,54.782886,-161.20013,25.71,2.25,2312
2021-04-03T09:15:36.740000,55.382756,-161.761214,3.94,0.09,2318
2021-04-03T12:42:23.040000,54.894055,-161.928255,-3.66,0.95,2322
2021-04-03T12:42:24.080000,54.56508,-161.609212,6.6,1.14,2323
2021-04-03T14:58:12.470000,54.638265,-160.926872,5.04,1.52,2325
2021-04-03T16:54:37.770000,54.957186,-162.265202,1.24,1.36,2328
2021-04-03T18:04:24.800000,55.049618,-161.317155,21.31,1.57,2331
2021-04-03T19:01:14.080000,54.495378,-162.940527,6.77,1.4,2334
2021-04-04T02:00:31.200000,55.351318,-161.98488,17.7,0.85,2335
2021-04-04T07:15:59.760000,54.958187,-162.168099,-2.58,0.78,2341
2021-04-04T07:41:17.590000,55.312402,-161.693994,-0.93,0.62,2343
2021-04-04T09:04:30.350000,54.713623,-161.139925,25.85,2.62,2348
2021-01-08T05:44:29.710000,55.386361,-161.730176,-0.5,1.47,235
2021-04-04T12:39:47.620000,55.560356,-162.430778,18.08,1.54,2351
2021-04-04T12:47:10.660000,55.10376,-162.291602,0.56,1.51,2353
2021-04-04T14:44:30.270000,55.357214,-161.286589,32.87,1.21,2355
2021-04-04T16:51:04.420000,54.979614,-162.348877,1.41,0.61,2359
2021-04-04T17:43:37.240000,55.377958,-162.465283,15.8,1.53,2361
2021-04-04T19:45:27.240000,55.132308,-161.732178,1.42,0.46,2365
2021-04-04T21:17:28.340000,55.306205,-161.717432,-0.46,0.24,2366
2021-04-04T22:23:55.880000,54.56309,-161.031624,3.41,1.85,2369
2021-04-05T06:59:33.430000,55.166138,-161.798519,24.91,1.24,2376
2021-04-05T20:54:26.660000,54.993575,-162.286117,-4.33,1.65,2378
2021-04-05T21:22:05.180000,55.228418,-162.227002,10.9,0.53,2381
2021-04-05T21:45:57.080000,55.142399,-161.905794,-0.72,0.7,2383
2021-04-05T21:46:13.400000,55.327039,-161.823828,9.78,-0.1,2384
2021-04-05T23:06:12.800000,55.532019,-161.441927,8.74,0.79,2387
2021-04-05T23:15:39.940000,54.98811,-161.692057,12.4,1.11,2389
2021-01-08T10:31:29.260000,55.14353,-161.618197,20.46,1.82,239
2021-04-06T02:29:11.520000,54.495711,-161.809359,5.51,1.67,2393
2021-04-06T05:51:59.690000,55.570243,-161.596045,-0.77,1.17,2396
2021-04-06T12:00:16.990000,55.325798,-161.845785,22.22,0.42,2404
2021-04-06T12:22:51.340000,55.120833,-161.903158,7.06,1.42,2406
2021-04-06T13:05:21.730000,55.137024,-161.784798,10.15,1.63,2408
2021-04-06T16:08:30.820000,55.311279,-161.410954,10.5,1.16,2413
2021-04-06T16:08:56.910000,55.208431,-161.807389,1.82,1.09,2414
2021-04-06T17:03:39.720000,55.314653,-162.447087,18.54,1.64,2415
2021-04-06T17:23:57.040000,55.262317,-162.247201,21.8,0.4,2417
2021-04-06T17:54:39.400000,55.233915,-162.120736,16.91,0.9,2419
2021-04-07T00:23:08.450000,55.240352,-161.42609,16.08,1.63,2430
2021-04-07T03:03:01.320000,55.275745,-161.839128,14.68,0.42,2434
2021-04-07T05:21:24.290000,55.012476,-162.340088,5.96,1.39,2437
2021-04-07T06:10:40.960000,54.907674,-160.736979,8.42,1.21,2439
2021-04-07T14:31:21.200000,54.586572,-161.309196,6.7,1.16,2449
2021-04-07T19:33:07.980000,55.020072,-162.308317,-0.55,1.52,2452
2021-04-07T21:34:12.160000,55.118559,-161.94069,-0.72,1.49,2455
2021-04-07T23:59:13.500000,55.110234,-161.649284,7.23,0.87,2457
2021-04-08T00:08:07.040000,55.37618,-162.64126,-4.18,1.7,2459
2021-04-08T06:13:37.320000,54.732951,-160.952572,28.92,2.84,2461
2021-04-08T06:34:29.100000,55.167969,-161.922396,0.42,0.88,2464
2021-04-08T08:22:48.790000,55.254553,-161.342692,-2.29,1.18,2468
2021-01-08T13:37:34.060000,55.195597,-161.524772,-2.26,0.87,247
2021-04-08T08:26:22.060000,55.342053,-161.682422,2.53,0.22,2470
2021-01-08T13:48:01.830000,55.172957,-161.903092,1.28,1.55,248
2021-04-09T07:09:05.610000,54.587472,-161.397461,5.91,2.24,2484
2021-04-09T10:54:41.680000,54.449105,-161.744857,8.84,1.24,2491
2021-04-09T12:25:25.250000,54.427559,-161.471126,3.7,2.34,2493
2021-04-09T17:31:25.340000,54.559123,-162.620459,10.71,1.43,2500
2021-04-09T21:15:07.140000,54.928959,-163.026416,6.99,1.73,2505
2021-04-10T05:02:32.160000,54.853756,-161.964697,-1.63,1.59,2511
2021-04-10T07:01:58.990000,54.443083,-162.142725,51.25,1.9,2512
2021-04-10T09:41:55.650000,55.125419,-162.335107,35.52,2.49,2516
2021-04-10T12:37:54.860000,54.59196,-161.293034,8.72,1.88,2517
2021-01-08T17:02:42.760000,55.412158,-160.64318,12.14,1.77,252
2021-04-10T21:17:04.640000,55.221871,-161.756429,12.16,0.46,2527
2021-04-11T05:00:43.930000,55.005522,-162.443359,3.94,1.67,2531
2021-04-11T05:00:55.290000,54.913407,-162.64318,6.07,1.79,2532
2021-04-12T00:21:39.070000,54.598421,-161.270638,8.87,1.98,2541
2021-04-12T06:31:26.620000,55.140206,-161.745361,4.05,1.62,2546
2021-04-12T14:08:29.100000,54.543176,-162.396729,47.42,2.1,2550
2021-04-12T15:41:05.590000,54.615299,-161.514242,39.64,1.45,2551
2021-04-12T15:47:39.630000,55.093005,-160.37902,5.41,1.46,2552
2021-04-12T17:26:46.600000,54.958191,-162.244385,-2.24,1.18,2554
2021-04-12T18:43:41.320000,55.367041,-161.720215,15.74,-0.03,2557
2021-04-13T05:39:55.320000,55.306189,-162.023747,27.47,0.56,2565
2021-04-13T06:28:53.840000,54.913098,-161.594336,70.36,1.39,2566
2021-01-08T18:58:02.720000,55.364152,-161.848649,11.91,-0.28,257
2021-04-13T07:38:27.090000,55.346676,-161.940511,0.8,0.23,2571
2021-04-13T09:23:14.260000,55.358321,-161.774251,-0.98,1.18,2574
2021-04-13T14:40:53.780000,55.512862,-161.818278,26.11,0.64,2582
2021-04-13T19:05:24.420000,54.600741,-161.258919,8.47,1.49,2585
2021-04-13T19:12:57.820000,55.656344,-161.741113,7.34,0.67,2586
2021-04-13T22:48:05.400000,55.33925,-161.868701,12.49,0.1,2589
2021-04-14T04:02:17.580000,55.187472,-161.748747,12.97,0.46,2594
2021-01-08T21:38:15.600000,55.333748,-161.819027,8.83,0.19,260
2021-04-14T06:13:39.370000,55.297681,-161.057048,24.62,1.43,2600
2021-04-14T06:14:04.070000,55.382178,-161.772152,30.4,2.0,2601
2021-01-08T22:26:41.200000,54.998393,-161.608431,14.67,1.2,261
2021-04-14T11:29:11.170000,54.565808,-162.435596,32.04,1.41,2610
2021-04-14T18:31:03.280000,55.127926,-161.903646,17.59,0.3,2624
2021-04-14T21:41:54.520000,55.104012,-161.820215,17.57,0.48,2628
2021-04-15T01:35:00.960000,54.942155,-162.274919,-0.08,0.9,2630
2021-04-15T09:18:20.670000,55.233374,-161.24847,18.38,1.52,2633
2021-04-15T20:46:43.880000,55.262443,-161.539502,23.63,0.46,2636
2021-04-16T02:36:18.510000,54.469771,-161.702409,6.7,1.7,2643
2021-04-16T18:38:25.080000,54.837044,-161.238965,27.21,1.78,2656
2021-04-16T19:46:04.100000,55.232487,-162.089193,13.74,0.63,2659
2021-04-17T01:13:18.730000,54.88562,-160.892887,41.7,1.82,2665
2021-04-17T06:49:56.440000,55.36532,-161.629785,9.83,0.13,2677
2021-04-17T07:53:43.920000,54.912516,-161.470508,17.8,1.87,2679
2021-01-09T02:39:24.410000,55.107625,-161.893099,8.77,1.28,268
2021-04-17T08:43:26.000000,55.187248,-162.079183,5.47,1.55,2687
2021-04-17T09:10:45.710000,55.331392,-162.007275,10.24,0.1,2688
2021-04-17T09:38:04.140000,54.927433,-161.503158,17.82,1.46,2694
2021-04-17T09:51:22.830000,54.942322,-161.512581,18.44,1.79,2698
2021-01-02T00:27:55.400000,54.979541,-162.931266,-3.43,2.41,27
2021-04-17T09:56:18.620000,55.347909,-161.832406,4.71,0.49,2701
2021-04-17T11:36:47.060000,54.825521,-161.251676,26.12,2.62,2702
2021-04-17T11:37:15.350000,55.212065,-162.108936,4.66,2.45,2703
2021-04-17T16:11:43.110000,54.471139,-163.120964,-0.71,1.25,2708
2021-04-17T17:39:28.520000,54.847563,-161.404753,17.59,0.95,2712
2021-04-17T17:39:54.140000,55.16814,-161.954655,-0.95,0.21,2713
2021-04-17T18:50:41.920000,54.831706,-161.438623,23.52,0.99,2716
2021-04-17T18:51:07.520000,55.163497,-161.962077,-0.42,0.49,2717
2021-04-17T22:13:42.860000,55.622823,-161.960352,14.56,0.09,2720
2021-04-17T23:04:05.240000,54.599259,-161.286947,9.01,1.21,2721
2021-04-17T23:07:17.680000,55.507987,-161.44751,12.07,0.68,2722
2021-04-18T01:08:14.250000,55.131266,-161.69401,-0.33,1.27,2725
2021-04-18T02:19:58.770000,55.288855,-162.074089,26.62,-0.05,2729
2021-01-09T05:23:33.160000,55.065381,-162.362077,0.69,1.49,273
2021-04-18T04:29:48.590000,54.831417,-161.786849,-4.28,0.54,2732
2021-04-18T07:30:05.990000,55.48479,-161.842383,21.88,0.36,2734
2021-04-18T07:34:34.750000,55.475582,-161.82002,23.66,0.49,2735
2021-04-18T09:38:06.990000,54.568376,-161.302507,8.12,2.18,2741
2021-04-18T10:21:16.650000,55.020296,-161.473014,27.47,1.61,2744
2021-04-18T11:38:32.910000,54.841414,-161.387044,15.53,0.77,2746
2021-04-18T11:38:58.590000,55.099984,-161.803841,-1.31,0.19,2747
2021-04-18T12:05:33.330000,54.575142,-162.318245,58.95,2.27,2748
2021-01-09T06:59:27.150000,55.395801,-161.854655,6.57,0.52,275
2021-04-18T14:42:09.860000,55.294344,-161.722738,4.1,0.53,2756
2021-04-18T14:42:27.020000,55.253451,-162.046143,11.32,0.03,2757
2021-04-18T15:03:57.930000,55.42336,-161.752295,0.74,-0.51,2758
2021-04-18T15:39:10.130000,54.850484,-161.482227,18.84,0.76,2760
2021-04-18T15:54:32.070000,54.617061,-161.674105,8.56,1.3,2764
2021-04-18T15:59:52.400000,55.306441,-162.312044,31.46,0.83,2766
2021-04-18T17:44:21.100000,55.239144,-161.61123,8.84,1.06,2768
2021-04-18T17:44:44.400000,55.309644,-161.4139,-2.5,1.86,2769
2021-04-18T19:06:06.520000,55.304427,-161.258366,11.57,1.08,2770
2021-04-18T19:06:33.140000,55.367981,-161.483936,16.12,1.36,2771
2021-04-19T12:01:30.030000,55.500903,-162.21154,18.95,1.41,2787
2021-04-19T12:06:06.550000,54.946903,-162.257861,-1.59,1.42,2788
2021-04-19T18:32:55.280000,54.877694,-161.419727,25.25,2.47,2796
2021-04-19T19:54:08.080000,55.03549,-161.748861,27.23,0.85,2798
2021-04-19T21:14:09.080000,54.42078,-163.035286,14.23,2.3,2799
2021-01-02T00:27:48.220000,54.436528,-161.346468,6.29,2.24,28
2021-04-19T21:14:32.560000,55.006417,-162.160661,-1.88,1.94,2800
2021-04-20T01:28:25.810000,54.692578,-161.460872,6.47,1.69,2803
2021-04-20T01:51:26.920000,54.923181,-161.030908,50.91,2.47,2805
2021-04-20T06:49:01.990000,55.276363,-161.650081,-0.58,0.19,2806
2021-01-09T07:49:11.070000,54.994971,-162.810254,-1.6,1.53,281
2021-04-20T11:09:42.200000,55.331767,-161.654622,0.89,0.27,2810
2021-04-20T19:58:23.800000,55.366488,-161.033952,29.17,2.55,2814
2021-04-21T20:54:59.760000,54.466626,-161.730371,4.69,2.0,2821
2021-04-21T22:14:14.160000,54.568705,-162.388232,15.57,1.69,2822
2021-04-22T22:41:37.900000,55.312476,-161.762142,2.97,1.05,2826
2021-04-22T23:25:31.300000,54.944731,-162.280339,0.38,1.6,2829
2021-04-23T02:03:39.790000,54.485498,-161.605241,2.89,1.5,2835
2021-04-23T07:50:18.900000,54.98005,-162.291618,-2.29,1.59,2841
2021-04-23T11:41:11.680000,54.933321,-162.226986,-2.3,1.04,2844
2021-04-23T12:16:49.900000,54.580314,-161.262354,8.59,1.7,2845
2021-04-23T16:20:14.890000,54.945923,-161.826416,10.56,0.71,2849
2021-04-24T00:07:27.090000,54.453048,-162.123617,50.29,1.88,2859
2021-04-25T00:01:39.480000,54.581901,-162.668197,11.36,2.02,2868
2021-04-25T01:44:56.480000,54.705343,-161.481527,49.74,2.18,2870
2021-04-25T11:37:11.460000,55.314815,-161.723926,4.73,0.45,2876
2021-04-25T16:49:08.540000,54.446171,-162.170085,6.33,1.86,2878
2021-04-25T18:17:42.780000,55.375505,-162.000586,44.29,1.49,2879
2021-04-25T21:01:23.480000,55.3804,-161.840788,11.07,-0.14,2881
2021-04-25T21:03:29.200000,55.483691,-161.685579,22.4,1.13,2882
2021-04-25T22:39:21.720000,54.944413,-161.917741,28.4,2.01,2884
2021-04-26T08:18:04.140000,54.589079,-161.188542,7.18,1.6,2886
2021-04-26T13:09:48.930000,54.978255,-161.509912,27.86,1.45,2889
2021-04-26T18:16:45.880000,55.352108,-161.814469,1.93,1.18,2898
2021-01-09T09:08:14.960000,54.628825,-161.417448,3.81,1.95,290
2021-04-27T02:33:07.700000,55.46084,-161.444759,9.89,1.55,2902
2021-04-27T04:51:55.660000,55.158508,-161.57347,-2.43,2.75,2904
2021-04-27T13:14:42.030000,55.35391,-161.918701,4.69,-0.12,2913
2021-04-27T17:28:10.400000,55.378145,-161.925277,5.34,1.79,2917
2021-04-27T19:30:08.320000,55.138053,-161.889404,4.14,1.12,2919
2021-04-27T23:34:13.400000,55.105908,-161.970801,-2.31,-0.16,2925
2021-04-28T04:31:26.390000,54.842342,-160.982715,41.81,2.81,2930
2021-04-28T10:22:59.470000,54.637728,-162.934684,60.92,1.63,2934
2021-04-29T00:13:20.440000,55.131315,-162.579655,19.49,1.43,2938
2021-04-29T01:20:18.280000,55.153682,-161.873275,9.09,0.17,2939
2021-01-09T10:26:48.490000,54.571847,-161.647021,36.32,1.54,294
2021-04-29T01:20:37.870000,55.220675,-162.134977,6.86,0.42,2940
2021-04-29T03:54:27.260000,55.220024,-160.867204,71.31,1.36,2941
2021-04-29T15:32:37.350000,55.428809,-161.827425,8.83,-0.03,2956
2021-04-29T16:48:00.890000,54.778971,-162.763737,25.19,1.42,2957
2021-04-29T17:56:01.120000,55.231604,-161.787109,0.69,0.36,2960
2021-04-30T08:27:27.980000,55.43269,-161.697396,-4.06,-0.46,2970
2021-04-30T14:16:28.970000,55.185307,-161.937142,24.09,0.33,2978
2021-04-30T14:18:16.780000,55.350789,-161.270003,34.07,1.95,2980
2021-04-30T15:17:25.020000,54.663379,-163.099007,31.34,1.43,2984
2021-04-30T17:52:40.000000,55.159639,-162.221989,-4.27,1.39,2987
2021-04-30T18:21:47.560000,54.995406,-163.003841,2.27,1.66,2989
2021-04-30T18:24:22.840000,55.036902,-162.867415,11.75,1.27,2991
2021-04-30T18:25:56.360000,55.06672,-162.842887,3.23,0.99,2992
2021-04-30T18:46:13.280000,55.061613,-162.866455,-1.68,1.04,2994
2021-04-30T19:41:19.360000,55.061434,-162.822819,11.18,0.97,2995
2021-04-30T19:47:23.500000,54.567464,-161.480566,5.2,2.3,2997
2021-04-30T20:24:54.860000,54.58219,-161.352783,5.64,1.41,2999
2021-04-30T23:15:36.100000,54.881152,-161.794336,-2.27,1.28,3001
2021-05-01T00:22:15.060000,54.543396,-161.840088,6.51,1.77,3004
2021-01-09T13:44:32.680000,54.577104,-161.314811,25.81,1.66,301
2021-05-01T04:34:58.100000,54.595024,-161.248389,8.05,1.28,3010
2021-05-01T09:51:49.280000,54.405249,-161.555306,8.46,1.41,3016
2021-05-01T09:52:16.570000,55.289872,-161.78252,1.72,-0.5,3017
2021-05-01T14:58:27.580000,55.104102,-161.947168,20.78,1.06,3020
2021-05-03T00:16:57.370000,54.775151,-161.356852,5.92,2.52,3029
2021-05-03T00:29:04.990000,54.8196,-163.1389,10.24,3.29,3030
2021-05-03T00:29:12.510000,55.085311,-161.676921,-4.11,2.73,3031
2021-05-03T06:15:28.930000,55.33147,-161.719434,-0.21,0.11,3038
2021-05-03T07:32:15.370000,54.568685,-161.286003,8.58,2.33,3039
2021-05-03T10:47:58.910000,54.805522,-163.06818,6.26,1.54,3042
2021-05-03T12:08:01.060000,54.563578,-161.285596,9.25,2.22,3043
2021-05-03T14:10:09.270000,54.558858,-161.220638,6.16,1.27,3044
2021-05-03T17:17:41.520000,54.984656,-160.723193,6.36,1.74,3048
2021-05-03T19:00:24.120000,55.442464,-161.889144,24.88,1.37,3049
2021-05-03T19:01:20.920000,55.450008,-161.951009,40.3,1.4,3050
2021-05-03T20:47:30.280000,55.170243,-161.642887,-2.68,0.26,3051
2021-05-05T02:30:08.400000,55.261979,-161.771598,7.8,-0.31,3066
2021-05-05T07:39:24.240000,55.382015,-161.78431,6.12,0.16,3071
2021-05-05T07:52:10.510000,55.403927,-161.971143,13.21,0.36,3072
2021-05-05T14:20:05.530000,55.028625,-161.404639,24.27,1.53,3083
2021-05-05T21:40:49.680000,55.442879,-161.872819,19.92,0.72,3085
2021-05-06T00:19:46.810000,54.690914,-163.42054,4.01,3.99,3086
2021-05-06T11:47:00.560000,55.177568,-161.495378,-0.7,0.75,3093
2021-01-10T12:29:35.280000,55.121261,-161.552881,-0.09,1.16,310
2021-05-07T23:46:08.080000,55.13678,-162.095296,11.02,2.09,3104
2021-05-08T00:30:58.170000,54.614876,-161.414746,7.31,1.79,3105
2021-05-08T01:54:59.180000,55.138741,-161.93457,24.25,0.44,3106
2021-01-10T13:18:31.500000,55.374382,-162.063835,18.86,1.79,311
2021-05-08T03:47:49.400000,54.99434,-162.305648,-2.93,1.03,3110
2021-05-08T05:35:44.470000,55.389303,-161.730176,5.96,0.22,3112
2021-05-08T10:33:02.230000,54.973633,-162.244531,1.33,0.93,3115
2021-05-08T13:32:36.610000,54.676331,-161.073617,32.63,2.38,3119
2021-05-08T16:35:03.420000,55.347266,-161.486182,13.92,0.54,3123
2021-05-08T18:23:07.900000,54.599121,-161.344499,7.36,1.43,3128
2021-05-08T20:15:15.500000,55.126945,-162.104834,11.8,-0.28,3134
2021-05-09T00:58:55.410000,55.129968,-161.800407,8.3,0.82,3139
2021-05-09T12:17:03.280000,54.80966,-163.126823,9.04,2.34,3149
2021-05-09T19:44:24.480000,55.326436,-161.896143,2.35,1.27,3154
2021-05-09T19:47:35.520000,55.061348,-160.972624,27.01,1.76,3155
2021-05-10T02:57:08.580000,55.10789,-162.01263,-2.28,0.94,3158
2021-05-10T05:45:34.070000,54.551347,-163.326058,8.65,1.54,3161
2021-05-10T06:34:15.770000,55.096505,-161.510042,19.93,2.61,3165
2021-05-10T07:05:02.210000,55.523258,-161.840023,34.88,1.23,3168
2021-05-10T08:07:06.050000,55.383183,-161.803044,-2.51,-0.23,3171
2021-05-10T14:10:12.850000,54.986947,-162.307878,-2.74,1.14,3175
2021-05-10T14:30:39.100000,55.303158,-161.248926,12.68,0.5,3176
2021-05-10T17:49:27.960000,55.080652,-162.081722,-0.76,1.03,3180
2021-05-10T18:04:07.480000,55.393644,-161.855566,-0.15,0.78,3181
2021-05-10T18:20:04.920000,55.318506,-161.786214,14.03,0.12,3182
2021-05-11T01:42:09.340000,55.107837,-161.861214,3.09,0.62,3190
2021-05-11T01:42:21.800000,55.06687,-161.753206,13.08,1.1,3191
2021-05-11T02:04:07.680000,55.325631,-161.685498,10.17,0.15,3192
2021-05-11T03:44:41.790000,55.490072,-161.868343,41.99,1.06,3195
2021-05-11T03:46:30.000000,55.521086,-161.782699,34.02,0.56,3196
2021-05-11T04:00:11.330000,54.376782,-161.645654,7.39,1.21,3198
2021-05-11T04:33:03.470000,55.249569,-161.455322,14.36,0.72,3199
2021-05-11T09:51:59.890000,54.523275,-161.682422,5.48,1.9,3202
2021-05-11T12:39:00.440000,55.418901,-161.766406,32.95,0.65,3208
2021-05-11T12:49:18.620000,55.321338,-161.791357,20.21,0.89,3209
2021-05-11T14:50:41.980000,55.40072,-161.834017,0.39,0.77,3212
2021-05-11T15:18:43.110000,55.390096,-161.811003,-2.32,0.7,3216
2021-05-11T15:33:38.570000,54.760661,-161.37959,9.08,1.92,3218
2021-05-11T17:07:35.040000,55.257992,-161.74139,43.27,0.9,3222
2021-05-11T17:24:39.740000,55.398442,-161.825944,-0.54,0.74,3223
2021-05-11T17:33:53.920000,55.376595,-161.584212,4.68,0.46,3224
2021-05-11T19:19:52.640000,55.310168,-161.783317,22.04,0.65,3225
2021-05-11T20:06:28.720000,55.410714,-161.674609,18.12,0.82,3227
2021-05-11T20:10:20.640000,55.295524,-161.914616,18.57,0.77,3228
2021-05-11T21:49:12.680000,55.375802,-161.741781,11.37,0.54,3236
2021-05-11T22:58:11.580000,55.246041,-161.952425,14.55,-0.03,3237
2021-05-11T23:08:26.800000,54.845862,-161.219792,9.43,1.33,3238
2021-05-11T23:16:52.860000,55.041581,-162.168587,3.1,0.54,3241
2021-05-12T00:42:03.950000,55.13252,-162.025114,11.29,0.12,3244
2021-05-12T00:51:05.160000,55.51748,-161.936165,31.83,0.59,3245
2021-05-12T01:48:40.090000,55.237435,-161.127018,-4.08,1.08,3247
2021-05-12T02:04:41.540000,54.928418,-162.21123,-3.04,1.76,3249
2021-01-11T07:19:29.290000,54.952039,-162.252474,-2.16,3.14,325
2021-05-12T03:00:24.850000,54.720984,-162.700439,11.5,1.28,3252
2021-05-12T03:26:33.740000,55.303646,-161.547559,17.69,0.74,3255
2021-05-12T04:44:40.330000,55.344552,-161.967171,11.39,0.35,3256
2021-05-12T05:00:13.990000,55.505469,-161.719173,27.3,0.61,3257
2021-05-12T05:19:01.460000,55.471297,-161.899447,28.83,0.44,3258
2021-05-12T05:34:24.460000,55.403695,-161.874642,16.6,0.82,3259
2021-05-12T06:28:03.170000,55.287427,-161.902393,10.89,0.49,3260
2021-05-12T08:56:41.070000,55.327376,-162.21696,18.44,1.25,3264
2021-05-12T09:38:20.480000,55.016235,-162.2104,-0.39,0.16,3268
2021-05-12T10:22:12.910000,55.414433,-161.820573,-0.14,0.15,3270
2021-05-12T10:32:30.650000,55.289986,-161.719222,13.22,0.51,3271
2021-05-12T12:14:21.510000,54.801461,-161.429736,7.89,0.72,3274
2021-05-12T12:45:11.040000,55.456368,-161.856527,23.81,0.22,3277
2021-01-11T08:00:31.080000,54.978768,-162.231006,-4.31,1.7,328
2021-05-12T15:08:54.970000,55.414819,-161.676774,7.01,0.57,3280
2021-05-12T15:26:01.400000,55.297331,-161.751839,20.25,0.37,3281
2021-05-12T15:37:14.700000,55.458252,-161.729232,31.66,0.67,3282
2021-05-12T15:38:58.430000,55.011678,-162.048454,-2.08,0.1,3283
2021-05-12T17:02:25.680000,54.51086,-161.894775,7.39,0.89,3286
2021-05-12T17:54:00.740000,54.867338,-161.366846,23.2,3.07,3288
2021-05-12T18:14:52.880000,55.138806,-161.672835,30.83,0.88,3290
2021-05-12T20:26:39.740000,55.382829,-161.628076,8.85,0.08,3292
2021-05-12T20:51:16.640000,55.254569,-162.101644,10.85,0.24,3294
2021-05-12T22:06:14.300000,54.923735,-162.175146,-4.39,0.99,3300
2021-05-12T22:24:52.540000,54.642375,-161.209098,6.98,1.5,3303
2021-05-13T01:58:12.950000,55.445451,-161.814388,3.62,0.21,3308
2021-05-13T02:08:52.070000,55.411348,-161.774544,29.47,0.51,3309
2021-05-13T02:15:33.720000,55.479285,-161.622412,10.16,0.18,3310
2021-05-13T03:22:33.590000,55.140873,-161.274609,-0.62,1.57,3313
2021-05-13T04:20:45.300000,55.308134,-161.466016,28.91,0.17,3314
2021-05-13T05:26:45.070000,54.550444,-161.400488,7.55,1.41,3315
2021-05-13T06:19:37.930000,55.309949,-161.523665,26.23,0.69,3319
2021-01-11T10:45:20.470000,54.925106,-162.236198,-1.95,2.42,332
2021-05-13T06:40:30.740000,55.278625,-161.628743,11.77,0.51,3320
2021-05-13T08:10:31.240000,54.883915,-162.204525,-2.94,1.6,3321
2021-05-13T08:54:22.490000,55.125793,-161.74847,12.53,1.28,3325
2021-05-13T09:29:58.280000,54.937337,-162.198372,-2.12,1.37,3326
2021-05-13T11:39:07.710000,54.543453,-162.780664,53.3,1.89,3328
2021-05-13T11:47:14.160000,54.72607,-161.200146,37.48,1.5,3330
2021-05-13T15:01:18.550000,55.123702,-162.331543,19.8,1.47,3335
2021-05-13T15:18:35.290000,54.696785,-161.797949,4.25,2.37,3336
2021-05-13T15:26:31.420000,55.330884,-161.655811,0.14,0.49,3337
2021-05-14T02:07:49.090000,55.248096,-161.504362,15.14,2.28,3342
2021-05-14T10:49:45.670000,55.217387,-160.740625,7.57,1.81,3346
2021-05-14T10:51:09.310000,55.262113,-161.580762,16.71,0.95,3347
2021-05-14T12:16:20.190000,55.374837,-161.759245,11.49,0.92,3348
2021-05-14T14:15:57.790000,55.347095,-161.439551,16.93,0.62,3351
2021-05-14T16:42:13.530000,55.342383,-161.741846,12.34,1.06,3352
2021-05-14T19:17:24.000000,55.289486,-161.391504,18.82,0.57,3353
2021-05-14T23:36:11.140000,55.390637,-161.464795,0.62,0.67,3357
2021-05-15T00:02:14.920000,55.244299,-161.373226,-3.66,0.39,3358
2021-05-15T02:01:56.320000,55.285632,-161.459001,18.43,0.65,3362
2021-05-15T03:42:48.100000,55.342021,-161.876188,7.28,2.29,3364
2021-05-15T03:42:54.890000,55.165715,-161.4486,8.71,1.04,3365
2021-05-15T05:57:21.470000,55.385502,-161.021143,36.83,1.71,3367
2021-05-15T06:37:34.790000,54.842224,-161.365137,21.38,1.89,3370
2021-05-15T07:15:25.930000,55.240865,-162.235205,2.02,1.43,3373
2021-05-15T10:36:20.680000,54.91805,-161.407747,12.48,1.66,3374
2021-05-15T10:36:34.840000,54.990438,-161.652962,8.79,1.52,3375
2021-05-15T13:35:13.170000,55.429834,-161.736523,29.29,1.0,3382
2021-05-15T14:52:23.350000,54.98925,-162.350163,-1.77,0.87,3383
2021-05-15T15:36:52.790000,55.146887,-161.455648,25.98,0.89,3384
2021-05-15T15:47:36.750000,55.478617,-161.76486,27.07,0.98,3385
2021-05-15T20:18:33.240000,55.157699,-161.918424,34.04,1.01,3388
2021-05-16T00:53:07.750000,54.987215,-161.544206,22.2,0.93,3393
2021-05-16T01:09:05.960000,55.175948,-162.062614,13.25,0.9,3396
2021-05-16T01:33:35.850000,55.19906,-160.742952,25.49,1.52,3397
2021-05-16T02:20:02.970000,55.166101,-162.009652,10.55,0.38,3398
2021-05-16T04:52:24.920000,55.39932,-161.378776,11.63,0.68,3400
2021-05-16T08:39:48.900000,54.532666,-161.061963,4.95,1.29,3405
2021-05-16T13:25:13.290000,55.281344,-161.494141,20.1,0.24,3406
2021-05-16T13:30:07.220000,54.969482,-162.250472,-1.4,0.56,3407
2021-05-16T13:53:43.400000,55.452344,-161.858512,25.98,0.82,3408
2021-05-16T14:13:07.730000,55.398071,-161.712777,39.72,0.88,3409
2021-05-16T14:18:29.550000,54.338623,-162.019043,5.9,1.41,3410
2021-05-16T14:21:27.220000,55.04613,-161.417383,28.05,1.32,3411
2021-05-16T16:14:45.880000,55.192159,-161.843262,9.55,0.84,3416
2021-05-16T18:18:15.340000,55.097974,-161.448763,10.84,1.0,3422
2021-05-16T20:19:15.640000,55.410063,-161.820573,27.51,0.99,3425
2021-05-16T21:36:36.800000,54.825749,-160.877702,28.68,2.43,3427
2021-05-16T21:59:23.220000,55.339054,-161.248568,14.57,0.68,3428
2021-05-16T22:14:28.020000,55.085022,-161.968229,42.79,1.17,3429
2021-05-17T00:38:22.080000,55.259066,-161.491846,50.13,1.11,3433
2021-05-17T04:38:15.950000,54.960453,-162.932894,-4.08,1.41,3438
2021-05-17T05:41:47.150000,55.380798,-161.699544,18.2,0.99,3440
2021-05-17T06:02:33.110000,54.999837,-161.437549,24.7,1.54,3442
2021-05-17T08:16:27.740000,55.489396,-161.936117,43.99,1.1,3443
2021-05-17T09:36:43.280000,55.295268,-162.108138,9.58,0.08,3446
2021-05-17T10:19:10.320000,54.716032,-161.825895,-4.69,2.31,3447
2021-05-17T16:53:21.180000,54.669161,-162.573031,62.19,1.13,3461
2021-05-17T17:15:06.360000,55.079736,-161.88693,0.42,0.3,3465
2021-05-17T20:27:53.420000,55.145382,-162.1993,3.98,0.7,3470
2021-05-18T02:09:28.250000,55.359257,-161.784587,18.41,0.88,3475
2021-05-18T02:18:47.040000,54.401982,-161.450553,14.3,1.87,3477
2021-05-18T02:51:03.560000,54.708858,-161.813574,22.82,0.98,3478
2021-05-18T03:55:02.680000,55.273474,-160.825456,36.93,1.68,3479
2021-05-18T03:59:33.690000,55.00116,-161.520378,25.68,1.28,3481
2021-05-18T04:31:47.930000,55.257214,-162.214909,15.88,0.32,3482
2021-05-18T04:49:36.500000,55.318701,-161.731315,11.55,0.71,3483
2021-05-18T05:27:30.580000,55.255762,-161.771501,11.91,0.03,3485
2021-05-18T07:19:28.300000,55.374833,-161.788688,16.6,0.46,3487
2021-05-18T11:07:27.890000,55.383256,-161.901416,20.62,0.45,3498
2021-01-12T07:15:05.810000,55.136466,-161.264844,23.78,2.33,350
2021-05-18T11:21:53.920000,55.142505,-161.615885,34.22,0.53,3501
2021-05-18T13:38:44.760000,55.728255,-161.400553,-2.62,0.92,3503
2021-05-18T14:04:40.000000,55.303446,-161.855957,13.94,0.72,3504
2021-05-18T14:11:35.590000,55.492102,-161.92915,31.86,0.8,3505
2021-05-18T15:45:01.910000,55.450439,-161.880452,24.34,0.6,3506
2021-05-18T15:49:03.260000,55.424768,-161.838802,24.79,0.37,3507
2021-05-18T15:59:11.190000,55.342147,-161.806966,12.49,0.74,3508
2021-05-18T17:28:18.880000,55.711503,-161.947298,-0.34,0.56,3509
2021-05-18T17:33:45.980000,55.074841,-160.958805,9.18,1.5,3510
2021-05-18T18:08:15.680000,55.387976,-161.265007,16.0,0.54,3511
2021-05-19T04:20:07.270000,54.942847,-162.697689,13.33,1.64,3521
2021-05-19T11:27:32.020000,54.688464,-160.740592,3.01,2.43,3524
2021-05-19T13:17:28.190000,55.196293,-161.934473,8.33,1.01,3526
2021-05-19T19:05:54.640000,55.311475,-161.61748,1.58,0.23,3529
2021-05-20T04:12:16.610000,55.294548,-161.647477,13.68,1.75,3532
2021-05-20T04:12:47.580000,55.403125,-161.845296,-2.14,-0.0,3533
2021-05-20T08:39:31.660000,55.220329,-163.499561,1.07,2.25,3536
2021-05-20T16:56:12.890000,54.567391,-162.077214,8.89,1.48,3544
2021-05-20T19:41:11.400000,55.306734,-161.906413,12.85,0.42,3547
2021-01-12T11:37:23.620000,54.852885,-161.815853,8.87,1.48,355
2021-05-20T20:53:40.560000,55.179602,-161.826774,2.04,1.96,3550
2021-05-20T22:38:31.680000,55.248478,-162.018685,16.52,0.6,3552
2021-05-20T23:05:59.940000,54.573319,-161.291862,9.3,1.6,3553
2021-01-12T11:37:36.740000,54.86818,-161.777995,-3.76,1.87,356
2021-05-21T03:21:13.430000,54.832446,-161.784131,-4.31,1.01,3560
2021-05-21T03:21:17.030000,54.732397,-161.732259,10.58,1.31,3561
2021-05-21T04:48:44.810000,55.405176,-162.060319,22.0,0.51,3562
2021-05-21T14:50:55.880000,54.569849,-161.268132,8.29,2.36,3566
2021-05-21T19:31:35.400000,55.069784,-160.923454,9.34,1.5,3572
2021-05-22T03:41:15.140000,54.728711,-162.541309,75.0,1.8,3575
2021-05-22T05:03:48.760000,55.317037,-161.6771,1.94,0.37,3576
2021-01-12T12:44:20.600000,54.577991,-161.272347,19.36,2.8,358
2021-05-22T12:36:27.910000,55.203296,-161.585954,17.75,0.88,3581
2021-05-22T17:06:17.540000,55.167033,-161.194092,16.01,1.39,3585
2021-05-22T22:37:10.000000,55.03042,-161.528304,16.54,1.15,3594
2021-05-23T04:28:56.520000,54.419088,-161.225505,7.25,1.75,3603
2021-05-23T05:39:52.550000,54.794181,-161.272591,8.3,2.75,3607
2021-05-23T07:38:42.580000,54.570129,-161.230339,8.49,1.54,3611
2021-05-23T08:01:53.300000,55.143689,-161.687679,0.56,1.04,3613
2021-05-23T12:28:44.520000,54.473234,-161.733268,5.22,1.66,3615
2021-05-23T16:37:52.140000,55.227026,-162.006071,14.91,0.83,3620
2021-05-23T18:05:45.880000,55.07262,-160.946729,9.5,1.53,3623
2021-05-23T22:32:31.200000,55.079496,-162.053955,-2.38,0.82,3624
2021-05-23T23:35:36.600000,55.367505,-161.651058,54.4,1.47,3626
2021-05-24T14:33:50.380000,54.923083,-160.855436,7.13,1.73,3634
2021-05-25T22:51:39.820000,55.14401,-161.908708,1.3,0.15,3641
2021-05-25T23:51:59.380000,55.107719,-161.564242,-1.03,0.99,3643
2021-05-26T21:25:30.760000,54.417806,-162.896403,5.1,1.59,3650
2021-05-27T01:09:04.840000,55.25894,-161.289372,22.75,2.57,3655
2021-05-27T14:38:33.460000,54.878609,-162.577327,31.95,1.2,3662
2021-05-27T16:55:52.770000,54.496436,-162.506755,43.75,1.64,3663
2021-01-12T18:00:16.660000,54.893949,-161.82417,13.04,1.37,367
2021-05-27T23:29:19.480000,55.038078,-162.316357,15.4,1.33,3673
2021-05-28T12:11:11.920000,54.503296,-161.694954,8.7,1.41,3681
2021-05-28T16:12:18.350000,54.498743,-162.046468,6.28,1.87,3685
2021-05-28T19:00:32.560000,55.368095,-161.632536,7.8,-0.14,3686
2021-05-29T00:41:08.790000,54.860103,-161.458936,63.26,1.81,3687
2021-01-02T05:52:05.310000,55.146655,-161.534766,-2.56,1.64,37
2021-05-30T05:38:43.690000,55.217216,-161.785368,4.52,1.56,3700
2021-05-30T07:40:42.830000,54.574935,-161.276237,19.52,2.37,3701
2021-05-30T08:27:17.720000,55.216866,-161.793799,12.81,0.93,3702
2021-05-30T14:25:32.600000,54.602999,-161.170801,7.12,1.76,3705
2021-05-30T14:36:51.010000,55.40684,-161.723796,19.63,1.79,3706
2021-05-30T18:22:20.960000,55.092542,-161.689844,16.58,1.02,3711
2021-05-31T06:06:47.220000,55.163749,-162.010596,18.42,0.88,3715
2021-05-31T07:02:12.830000,55.435645,-161.783984,4.73,2.46,3716
2021-05-31T10:33:20.830000,55.197668,-161.692057,-1.68,1.56,3719
2021-01-12T20:52:39.520000,55.15496,-161.943978,1.33,1.06,372
2021-05-31T10:33:36.570000,55.267326,-161.690218,0.76,0.48,3721
2021-05-31T14:56:35.100000,54.529964,-161.183187,4.42,1.75,3726
2021-05-31T18:40:55.920000,54.586515,-161.257373,7.59,2.67,3727
2021-06-01T00:14:27.970000,55.27242,-161.386247,4.02,1.04,3729
2021-01-12T21:02:28.800000,54.776424,-161.74012,-4.6,1.49,373
2021-06-01T00:14:32.850000,54.943469,-162.08348,0.76,1.07,3730
2021-06-01T18:53:47.600000,55.283577,-161.640983,35.0,0.91,3737
2021-06-01T22:03:43.480000,54.656531,-160.879736,6.77,1.82,3739
2021-06-02T01:31:26.550000,54.48269,-163.401335,6.23,1.42,3742
2021-06-02T07:15:37.550000,54.813615,-162.19056,-4.12,1.76,3743
2021-06-02T07:15:55.170000,54.920646,-162.184082,-3.5,2.07,3744
2021-06-02T16:07:25.570000,54.876542,-161.707845,70.45,1.54,3747
2021-01-12T21:24:09.820000,54.923596,-162.19126,-3.62,1.74,375
2021-06-03T02:17:36.500000,55.009924,-162.133008,13.43,1.35,3752
2021-06-03T06:33:28.550000,55.450496,-161.879639,21.26,0.73,3756
2021-06-03T09:54:50.640000,55.474101,-161.864453,23.76,0.6,3757
2021-06-03T14:31:59.170000,55.233582,-162.099821,13.17,0.34,3762
2021-06-03T16:32:56.870000,54.889388,-161.196387,22.7,1.75,3765
2021-06-03T20:34:55.120000,54.67804,-162.422087,2.77,1.13,3772
2021-06-04T03:40:23.040000,55.313562,-161.684424,46.73,1.27,3779
2021-06-04T10:13:50.130000,55.339832,-161.78724,6.23,-0.46,3788
2021-06-04T11:45:44.710000,54.862016,-162.678662,27.18,1.5,3789
2021-06-04T14:45:10.080000,55.131193,-161.683903,-0.43,0.01,3796
2021-06-04T14:45:27.990000,55.31615,-161.788167,-1.62,-0.2,3797
2021-01-12T21:37:47.840000,55.24871,-161.677002,10.44,0.56,380
2021-06-04T15:40:30.900000,55.203231,-161.65835,8.77,1.37,3800
2021-06-04T16:35:14.790000,55.066553,-161.034163,28.55,2.7,3804
2021-06-04T17:48:51.680000,54.894877,-162.353874,30.06,1.93,3808
2021-06-04T17:49:03.960000,54.961357,-162.223014,8.32,2.25,3809
2021-01-13T00:01:46.360000,54.621281,-161.585726,30.6,2.89,381
2021-06-04T19:07:57.580000,54.757601,-162.607227,-0.67,0.92,3811
2021-06-05T12:43:55.460000,55.192839,-160.90568,8.31,2.47,3823
2021-06-05T13:58:04.920000,55.544495,-160.478776,5.25,1.99,3824
2021-01-13T08:00:58.440000,55.327824,-161.748356,-1.39,-0.3,383
2021-06-05T21:42:39.120000,55.344983,-161.69458,0.57,1.33,3833
2021-06-06T02:33:29.940000,54.553105,-162.444482,6.64,1.91,3844
2021-06-06T06:20:13.870000,55.190092,-162.020068,24.32,0.62,3848
2021-06-06T07:58:53.030000,55.377881,-161.78042,-0.3,-0.29,3850
2021-06-06T08:04:21.670000,55.2783,-161.451383,23.89,1.12,3851
2021-06-06T13:56:05.750000,54.485421,-163.11722,-2.52,2.77,3855
2021-06-06T14:12:15.860000,54.805298,-161.924219,11.59,1.47,3858
2021-06-06T17:01:17.880000,55.049076,-161.794043,11.79,1.12,3860
2021-06-06T18:01:35.440000,55.695117,-161.682617,12.98,0.79,3864
2021-06-06T20:41:07.180000,54.416073,-161.743766,8.04,2.0,3871
2021-06-07T02:16:53.850000,55.253402,-161.504948,13.36,1.03,3880
2021-06-07T06:10:53.050000,55.232267,-161.838623,16.51,0.99,3884
2021-01-13T12:35:40.510000,54.957857,-161.52985,15.59,1.47,389
2021-06-08T00:35:09.000000,54.464453,-162.145475,57.67,2.85,3898
2021-06-08T11:10:50.750000,55.273116,-161.754622,9.61,0.24,3902
2021-06-08T16:16:36.820000,54.964282,-162.69873,-0.78,1.4,3903
2021-06-08T18:49:25.640000,55.061922,-163.375602,5.85,1.83,3906
2021-06-08T21:16:00.160000,55.432768,-161.500244,8.46,0.93,3911
2021-06-08T23:27:54.740000,55.399394,-161.696908,15.82,0.35,3913
2021-06-09T04:36:38.250000,55.313139,-161.721989,22.8,1.29,3917
2021-06-09T07:41:34.470000,55.327047,-161.707926,32.16,1.47,3919
2021-06-09T11:46:41.270000,55.274691,-161.583561,18.79,1.08,3922
2021-06-09T14:33:56.790000,55.197791,-161.59974,12.73,1.57,3926
2021-06-09T20:22:41.520000,55.255859,-161.712842,36.84,1.18,3928
2021-06-10T10:19:53.090000,55.472257,-161.825749,23.34,1.0,3934
2021-06-10T17:27:56.320000,54.494267,-162.355566,52.09,2.34,3936
2021-06-10T22:23:22.200000,55.367179,-161.653402,26.3,1.26,3942
2021-06-11T14:44:30.300000,54.357796,-161.723454,7.34,1.39,3951
2021-06-11T19:41:33.900000,55.061934,-161.781104,13.41,0.55,3958
2021-06-11T21:52:49.580000,54.786552,-161.404085,54.17,1.48,3960
2021-06-11T22:53:02.460000,55.449902,-161.854671,21.37,0.34,3961
2021-06-12T03:58:33.050000,55.300899,-161.775553,7.96,1.0,3964
2021-06-12T10:06:13.120000,55.234001,-161.740316,10.08,0.56,3971
2021-06-12T11:46:24.670000,54.441577,-161.57915,7.11,3.6,3975
2021-06-12T11:46:52.310000,55.306258,-161.743929,-2.04,3.58,3976
2021-06-12T11:57:37.150000,54.401424,-161.555518,8.67,1.49,3978
2021-01-13T15:42:15.820000,55.107613,-161.54401,-0.86,1.29,398
2021-06-12T18:33:24.320000,55.299658,-161.716943,10.06,0.39,3984
2021-06-12T23:54:40.200000,55.055245,-161.65319,-4.13,0.53,3992
2021-06-13T01:51:52.890000,55.445801,-161.690251,32.99,0.58,3995
2021-06-13T02:18:56.670000,55.166874,-163.128874,5.81,1.44,3998
2021-06-13T03:03:51.090000,55.132072,-163.177474,6.64,2.27,4000
2021-01-13T16:14:07.150000,54.873022,-161.552865,11.7,1.81,401
2021-06-13T12:12:45.310000,54.823848,-161.900749,18.03,0.65,4016
2021-06-13T19:37:21.960000,54.992179,-160.806755,49.91,1.29,4026
2021-06-13T19:43:50.120000,54.945964,-161.60332,15.33,1.25,4028
2021-06-13T22:24:53.400000,54.92299,-162.859049,-3.2,1.65,4032
2021-06-14T00:12:27.680000,55.149471,-162.10376,0.08,0.29,4037
2021-06-14T00:26:10.650000,54.831982,-161.36359,7.85,1.54,4038
2021-06-14T10:42:18.240000,54.682633,-161.355924,7.21,3.07,4048
2021-06-15T05:07:53.140000,55.000208,-161.436654,27.26,2.02,4059
2021-06-15T10:40:37.430000,54.552966,-162.176872,27.33,1.68,4065
2021-06-15T11:58:00.540000,55.15743,-161.983333,3.72,0.44,4067
2021-06-16T13:52:27.900000,55.353048,-161.872249,14.36,0.55,4068
2021-06-16T17:04:37.520000,55.345748,-161.843896,-3.08,1.93,4069
2021-06-16T18:14:33.580000,54.941878,-162.250033,-1.37,1.81,4073
2021-06-16T18:34:58.260000,54.977376,-162.2757,-2.08,0.39,4075
2021-06-17T04:22:37.960000,54.556156,-161.414242,8.7,1.46,4081
2021-06-17T04:23:15.000000,55.085486,-161.994255,3.25,1.08,4082
2021-06-17T10:09:15.370000,55.489262,-161.796273,19.89,0.81,4088
2021-01-13T20:56:29.260000,55.029476,-162.03597,2.92,0.53,409
2021-06-17T10:12:23.360000,55.488163,-161.894564,23.76,0.83,4090
2021-06-17T14:24:36.720000,54.497087,-161.671647,5.79,1.8,4093
2021-06-17T14:41:03.270000,55.376013,-161.010547,27.76,1.05,4094
2021-06-17T18:42:30.320000,54.862537,-162.347217,32.54,1.99,4100
2021-06-17T18:42:41.160000,54.940763,-162.247298,16.92,2.01,4101
2021-06-18T03:52:19.450000,55.185034,-163.291732,6.64,1.66,4106
2021-06-18T04:08:59.880000,54.939787,-162.248796,-0.76,1.04,4107
2021-06-18T04:09:19.800000,54.956323,-162.254183,-2.72,1.37,4108
2021-06-18T04:33:59.580000,54.967594,-162.219076,1.17,1.85,4109
2021-06-18T04:34:11.060000,54.959534,-162.23099,2.03,2.0,4110
2021-06-18T11:11:42.400000,54.833337,-161.859115,-2.47,1.15,4114
2021-06-18T11:40:51.280000,54.579976,-161.639681,28.02,1.29,4116
2021-06-18T12:26:06.640000,55.154077,-161.484261,17.22,0.69,4119
2021-06-18T19:15:14.680000,55.217257,-162.151904,4.37,0.51,4125
2021-06-18T20:51:32.380000,54.493778,-163.202995,8.81,1.6,4132
2021-06-19T01:25:08.930000,55.353959,-161.864535,15.75,0.36,4144
2021-06-19T02:53:26.590000,55.006099,-162.355176,9.66,1.66,4145
2021-06-19T02:53:53.090000,54.998433,-162.361491,3.31,0.64,4146
2021-06-19T07:50:29.960000,54.405098,-163.249333,1.99,3.06,4149
2021-06-19T10:14:15.140000,54.794377,-161.092839,26.25,0.9,4153
2021-06-19T10:16:26.060000,54.963595,-160.746322,5.37,1.41,4154
2021-01-13T21:42:18.640000,55.170064,-161.473145,23.98,2.63,416
2021-06-19T15:59:51.340000,55.394568,-162.353369,43.32,0.84,4161
2021-06-19T16:32:56.280000,54.949223,-162.069743,0.22,0.12,4164
2021-06-19T21:40:49.080000,55.383407,-161.864648,26.74,0.98,4165
2021-06-20T00:20:56.280000,54.931144,-162.287419,0.97,1.11,4170
2021-06-20T00:45:25.340000,54.846716,-162.574658,29.89,1.1,4172
2021-06-20T02:39:25.920000,55.038062,-161.640462,-4.37,2.46,4176
2021-06-20T02:41:24.940000,54.460413,-161.254492,6.5,1.15,4177
2021-06-20T03:23:46.230000,54.937675,-162.872819,-3.09,1.29,4180
2021-06-20T07:47:25.140000,54.569242,-161.348893,4.2,1.27,4185
2021-06-20T15:01:02.280000,55.135083,-161.71486,13.07,0.99,4196
2021-06-20T15:05:19.490000,54.453092,-161.814844,12.88,1.61,4197
2021-06-20T21:38:04.220000,54.745744,-162.582389,-0.59,2.22,4206
2021-06-21T01:44:22.110000,55.246545,-161.846029,25.2,0.6,4212
2021-06-21T01:53:01.550000,55.109265,-162.427165,36.9,1.69,4213
2021-06-21T02:33:11.480000,54.891435,-162.164095,-4.2,0.33,4215
2021-06-21T02:35:11.470000,55.099699,-162.225391,1.01,0.15,4218
2021-01-13T22:45:41.860000,55.076611,-162.04152,-1.01,0.91,422
2021-06-21T07:59:55.140000,55.411572,-161.927393,22.74,0.09,4220
2021-06-21T08:02:00.770000,55.282166,-161.573047,42.73,0.77,4221
2021-06-21T09:56:53.640000,54.811275,-161.246191,25.95,2.15,4222
2021-06-21T09:57:16.100000,55.126302,-161.511247,-3.52,2.02,4223
2021-06-21T10:04:51.110000,55.107316,-162.212842,0.1,0.34,4224
2021-06-21T11:55:41.900000,55.307271,-161.586133,4.4,0.98,4226
2021-01-13T22:46:11.360000,55.056612,-162.047054,-2.73,0.56,423
2021-06-21T14:53:43.950000,54.419556,-161.634505,3.63,2.03,4238
2021-06-21T17:21:04.620000,54.597778,-161.248535,22.93,2.88,4240
2021-06-22T07:04:16.340000,54.567615,-161.320036,6.92,1.82,4247
2021-01-13T23:19:54.560000,55.095671,-162.049105,-1.87,0.69,425
2021-06-22T08:02:11.210000,55.225606,-161.69388,17.12,0.95,4250
2021-06-22T09:54:05.510000,55.096615,-162.959277,-3.29,1.36,4252
2021-06-22T09:59:29.680000,55.306384,-161.608724,23.82,1.23,4253
2021-01-13T23:37:36.140000,55.097611,-162.047331,-2.1,0.72,426
2021-06-22T18:38:50.120000,54.729114,-160.80695,30.07,2.26,4261
2021-06-22T19:03:26.820000,54.652568,-161.193213,7.45,1.51,4262
2021-06-22T19:40:20.340000,54.505648,-162.205908,52.47,1.8,4263
2021-06-22T20:02:09.720000,55.375692,-161.761833,15.65,0.68,4265
2021-06-22T23:12:45.320000,54.985579,-161.896924,-2.07,0.94,4268
2021-06-23T01:16:53.210000,55.133244,-161.768506,1.5,0.32,4270
2021-06-23T05:06:23.420000,55.349089,-161.227116,12.33,0.79,4271
2021-06-23T05:06:45.170000,55.290519,-161.876188,2.09,1.49,4272
2021-06-23T12:36:44.570000,55.404407,-162.706966,-2.83,2.11,4275
2021-06-25T08:20:16.680000,55.38175,-161.937777,35.9,0.87,4285
2021-01-13T23:49:37.900000,55.101884,-162.049398,-1.77,1.3,429
2021-06-25T15:23:02.860000,55.291288,-161.784342,16.08,1.99,4291
2021-06-25T18:35:02.720000,55.015169,-161.603939,14.27,1.25,4294
2021-06-26T02:45:35.190000,54.620549,-161.294222,24.32,1.77,4299
2021-01-02T11:51:52.020000,54.821997,-161.813851,-4.68,1.44,43
2021-01-13T23:52:02.120000,55.101799,-162.050309,-2.16,1.04,430
2021-06-26T03:13:42.940000,55.191337,-161.270638,9.5,1.35,4301
2021-06-26T03:14:15.720000,55.354521,-161.848275,5.34,0.73,4302
2021-06-26T15:14:09.390000,54.529399,-161.771077,8.04,1.38,4306
2021-06-26T16:03:36.610000,55.073389,-161.893506,40.23,1.01,4308
2021-06-26T16:31:50.790000,55.360083,-160.960531,41.43,1.48,4309
2021-06-26T20:04:10.460000,54.645178,-161.559798,7.96,2.6,4315
2021-06-26T20:04:18.280000,54.787622,-161.838932,19.97,2.96,4316
2021-06-27T01:59:57.080000,54.607963,-161.265316,26.19,1.65,4322
2021-06-27T03:10:27.510000,55.10557,-162.211572,-0.04,0.38,4323
2021-06-27T07:25:25.260000,55.225972,-162.35835,7.93,1.71,4331
2021-06-27T08:17:31.000000,55.081344,-161.690218,20.95,0.61,4332
2021-06-27T09:40:12.930000,55.211812,-161.648161,30.13,0.24,4335
2021-06-27T10:16:59.090000,55.372725,-161.542594,4.03,0.24,4336
2021-06-27T14:31:30.200000,55.279797,-161.657731,9.13,0.23,4339
2021-06-27T16:34:13.810000,55.498376,-162.151563,25.43,1.32,4342
2021-06-27T17:15:50.300000,55.396541,-161.651107,3.58,0.64,4345
2021-06-27T23:55:56.640000,54.963696,-161.589779,15.94,0.83,4348
2021-06-27T23:56:06.020000,54.828141,-161.373893,24.28,1.35,4349
2021-06-28T08:06:19.280000,55.255534,-161.634163,44.11,0.9,4353
2021-06-28T09:19:33.660000,54.477625,-162.979834,8.93,1.33,4357
2021-06-28T10:15:43.830000,54.402645,-161.653695,4.52,1.48,4358
2021-06-28T12:00:14.710000,55.268506,-161.808398,47.28,1.11,4361
2021-06-28T13:22:43.720000,55.418302,-161.456283,5.54,0.55,4365
2021-06-28T16:04:46.700000,54.61783,-161.518864,40.15,1.23,4368
2021-06-28T17:09:02.300000,55.187655,-161.809408,15.75,0.58,4370
2021-06-28T18:39:41.440000,54.487895,-161.704883,10.2,1.0,4373
2021-06-28T20:21:15.920000,54.991541,-161.876351,5.3,0.82,4376
2021-06-28T21:09:23.720000,55.002616,-162.295133,4.77,1.11,4378
2021-01-14T02:07:55.930000,54.429069,-161.336491,3.03,1.53,438
2021-06-29T00:17:22.280000,55.162878,-162.176611,-2.86,0.37,4383
2021-06-29T00:57:57.870000,55.335071,-161.725798,1.37,1.85,4386
2021-06-29T08:12:43.520000,54.896651,-161.569694,14.1,1.05,4393
2021-06-29T12:38:19.580000,55.161035,-161.84668,2.66,0.43,4400
2021-06-29T17:54:52.480000,54.78444,-161.935628,-3.09,1.33,4402
2021-06-30T01:46:12.970000,54.981812,-161.891292,-1.12,1.38,4409
2021-06-30T01:48:22.130000,54.607979,-161.282145,6.77,1.73,4410
2021-06-30T02:59:12.070000,55.013761,-162.26665,-2.16,1.17,4411
2021-06-30T10:40:08.070000,55.018925,-161.497331,28.31,1.94,4413
2021-07-01T00:35:51.230000,55.147933,-160.951888,66.48,2.53,4419
2021-07-01T10:29:36.020000,54.735417,-163.510612,7.89,2.03,4422
2021-07-01T17:26:23.200000,54.874634,-163.149251,12.14,2.29,4423
2021-07-02T20:25:30.280000,54.95199,-162.06888,0.27,1.67,4432
2021-07-03T12:15:37.380000,54.499443,-161.724577,6.22,1.94,4437
2021-07-04T02:21:05.790000,55.035657,-161.78833,11.7,1.33,4444
2021-07-04T07:06:29.900000,55.240112,-161.4014,35.3,0.82,4448
2021-01-14T03:41:35.300000,54.547705,-161.210303,4.81,2.25,445
2021-07-04T14:27:16.300000,54.551542,-162.101644,16.53,1.15,4450
2021-07-04T15:01:17.510000,55.480986,-161.779964,-3.98,0.82,4452
2021-07-04T18:15:21.120000,55.211759,-161.931413,-0.37,0.26,4454
2021-07-04T20:39:01.140000,55.053503,-161.6639,17.72,1.23,4459
2021-07-05T02:20:34.860000,55.377547,-162.128776,18.97,0.02,4465
2021-07-05T02:47:31.400000,54.97524,-160.820296,53.06,1.37,4468
2021-07-05T18:18:08.520000,54.954032,-162.25415,-2.72,1.18,4475
2021-07-05T18:18:20.620000,54.937451,-162.243848,-3.22,1.62,4476
2021-01-14T05:15:42.180000,55.059607,-162.444255,-2.05,1.23,448
2021-07-05T23:55:26.400000,54.536589,-162.574251,15.82,1.45,4481
2021-07-06T00:32:48.490000,55.307068,-161.825179,9.93,0.46,4482
2021-01-14T05:28:25.280000,55.045178,-162.076042,4.71,0.58,449
2021-07-06T12:45:54.130000,55.264079,-161.534684,1.61,0.17,4494
2021-07-06T17:56:24.960000,54.756274,-161.054801,26.13,2.19,4497
2021-07-06T18:44:15.480000,55.204614,-161.620394,8.09,1.23,4498
2021-07-06T21:35:16.980000,54.815877,-161.194092,25.63,2.77,4502
2021-07-07T09:44:11.700000,55.102661,-162.367676,3.05,0.66,4511
2021-07-07T11:42:57.270000,55.071212,-162.159912,-0.05,0.53,4513
2021-07-07T14:16:21.330000,55.10472,-162.384342,1.91,0.34,4518
2021-07-07T15:59:53.850000,55.289425,-162.112793,19.91,1.23,4520
2021-07-07T19:52:52.440000,54.778642,-161.230046,28.53,2.06,4522
2021-07-07T20:45:36.840000,55.261943,-161.893766,3.53,0.9,4524
2021-07-07T22:34:12.080000,55.335425,-161.600716,3.44,0.65,4525
2021-07-08T04:01:53.260000,55.081958,-161.434049,-3.18,1.57,4531
2021-07-08T07:45:43.950000,55.298018,-161.923063,21.21,0.98,4537
2021-01-14T06:11:28.120000,55.302795,-161.650342,24.33,0.59,454
2021-07-08T12:11:31.300000,54.458948,-163.133415,2.45,1.6,4540
2021-07-08T15:10:15.940000,54.362948,-161.660889,7.72,1.26,4543
2021-07-08T21:55:08.160000,55.275,-162.074121,16.77,0.76,4549
2021-07-08T22:29:34.100000,54.768953,-163.007894,6.59,1.26,4550
2021-07-08T22:50:07.200000,54.628715,-161.317041,26.16,1.39,4551
2021-01-14T06:30:46.600000,54.595935,-161.295671,7.37,2.02,456
2021-01-14T06:32:54.880000,54.562223,-161.219401,8.64,3.58,457
2021-07-09T13:43:05.330000,55.207532,-162.222266,11.48,2.19,4572
2021-07-09T15:03:55.060000,54.958447,-161.555111,14.67,1.22,4575
2021-07-09T19:13:56.000000,54.555733,-163.344222,8.03,1.44,4579
2021-01-14T06:33:52.100000,54.575549,-161.285433,24.46,2.82,458
2021-07-10T00:05:57.360000,55.202364,-161.939144,5.2,0.53,4583
2021-07-10T07:05:59.820000,55.406067,-161.855664,3.02,0.52,4588
2021-01-14T06:38:26.630000,54.582174,-161.325293,6.99,1.53,459
2021-07-10T11:03:19.880000,55.451933,-161.881494,24.43,1.09,4591
2021-07-10T14:34:15.650000,55.282214,-161.723926,12.47,0.83,4596
2021-01-14T06:43:26.010000,54.569702,-161.279492,19.86,1.84,460
2021-07-11T01:25:40.640000,55.493286,-161.569271,25.31,1.47,4605
2021-07-11T01:59:07.430000,55.399967,-161.903499,11.21,0.56,4606
2021-07-11T10:56:19.990000,55.554016,-161.107406,57.98,1.77,4611
2021-07-11T10:56:26.900000,55.337651,-161.541927,11.23,0.83,4612
2021-07-11T10:57:42.490000,55.20321,-161.544971,34.05,1.07,4613
2021-07-11T11:28:35.990000,55.215816,-161.706152,-1.51,0.23,4614
2021-07-11T17:06:34.040000,54.88234,-162.993359,8.59,1.6,4615
2021-07-11T23:03:12.840000,54.673796,-162.277051,29.75,1.59,4627
2021-07-12T05:01:56.270000,55.351078,-161.748877,12.98,0.89,4637
2021-07-12T08:31:03.140000,54.639551,-161.897331,29.8,1.13,4641
2021-07-12T10:41:33.660000,55.136991,-161.256982,8.73,1.6,4645
2021-07-12T14:54:29.880000,55.366272,-161.741406,32.42,1.42,4653
2021-07-12T16:06:56.260000,54.916073,-162.75389,-3.46,0.87,4656
2021-07-12T21:46:18.640000,54.649455,-162.469124,63.35,1.28,4661
2021-07-12T21:47:00.080000,55.028324,-162.297982,6.61,1.43,4663
2021-07-13T01:13:57.770000,54.803101,-162.002995,-3.44,0.62,4669
2021-07-13T02:12:40.930000,54.922139,-162.641064,28.66,1.48,4671
2021-07-13T04:09:14.330000,55.360905,-161.815218,10.08,0.1,4673
2021-07-13T04:23:53.600000,55.668038,-161.482926,-2.22,1.13,4674
2021-07-13T04:30:09.930000,55.394816,-161.875977,7.06,0.19,4675
2021-07-13T06:03:25.730000,54.368408,-161.39528,11.57,1.36,4680
2021-07-13T06:03:54.120000,55.247839,-161.983496,0.37,0.36,4681
2021-07-13T06:47:56.540000,54.681486,-163.461133,7.12,1.46,4682
2021-07-13T07:20:54.100000,55.380416,-161.908447,11.01,0.65,4684
2021-07-13T07:49:04.550000,55.003784,-162.254232,0.35,2.77,4686
2021-01-14T11:01:27.670000,54.56805,-161.261491,19.27,2.23,469
2021-07-13T12:18:57.950000,55.419316,-161.384733,17.4,1.16,4699
2021-07-13T13:05:16.290000,55.247807,-161.516878,3.7,1.03,4703
2021-07-13T14:46:34.090000,54.710506,-161.480306,44.46,1.28,4706
2021-07-13T15:25:34.510000,55.250997,-162.007715,13.47,0.41,4707
2021-07-13T16:05:14.000000,54.494902,-162.150879,64.67,1.79,4708
2021-07-13T18:27:25.600000,55.423759,-161.914567,10.41,0.49,4712
2021-07-13T18:33:12.420000,55.066101,-161.62793,-1.8,0.64,4714
2021-07-13T18:35:57.800000,55.326213,-161.836735,12.05,0.55,4716
2021-07-13T21:36:06.900000,54.629333,-162.946029,56.19,1.67,4720
2021-07-14T05:05:18.760000,55.198946,-161.415853,30.19,1.13,4733
2021-07-14T10:44:55.100000,54.960067,-161.388525,30.84,1.15,4739
2021-07-14T12:30:40.590000,54.966715,-163.117008,8.3,1.22,4740
2021-07-14T15:59:54.330000,55.356128,-162.277132,16.84,0.65,4743
2021-07-14T16:18:52.920000,54.949552,-163.038184,-4.62,1.98,4745
2021-07-14T16:26:06.110000,54.975309,-163.108952,8.2,0.93,4747
2021-07-14T16:36:55.640000,54.929122,-161.548405,24.13,0.74,4748
2021-07-14T16:37:18.730000,55.172725,-161.909196,7.23,0.77,4749
2021-01-14T15:59:37.150000,55.161523,-161.890023,15.71,0.43,475
2021-07-14T17:07:51.280000,54.51001,-161.104915,7.76,1.39,4751
2021-07-14T17:26:13.880000,54.982084,-163.122135,7.83,0.8,4752
2021-07-14T18:16:01.740000,55.294971,-160.636947,47.99,1.42,4757
2021-07-14T18:41:00.760000,55.322506,-162.033464,10.68,0.08,4759
2021-07-14T18:44:43.160000,54.716052,-162.460238,6.4,0.7,4760
2021-07-15T00:53:45.750000,55.005786,-161.535856,25.57,1.21,4763
2021-07-15T11:01:54.070000,54.965413,-162.259701,-2.8,1.2,4777
2021-07-15T11:12:00.420000,55.160465,-161.94082,-2.53,0.69,4778
2021-07-15T13:38:01.810000,54.988631,-162.274137,-4.5,3.07,4783
2021-07-15T17:35:26.800000,54.865076,-161.148079,21.86,2.56,4786
2021-07-15T23:15:37.720000,54.597803,-163.363411,7.92,1.07,4795
2021-07-15T23:59:55.340000,55.304395,-162.185449,11.83,0.87,4796
2021-07-16T00:42:45.570000,55.93654,-162.459896,8.73,2.38,4798
2021-07-16T05:49:28.200000,55.281889,-161.603125,14.65,2.96,4810
2021-07-16T07:28:56.600000,54.853788,-161.049837,8.88,1.64,4812
2021-07-16T09:46:59.960000,54.774019,-161.110645,26.8,2.35,4815
2021-07-16T14:27:49.810000,54.808333,-160.697542,7.33,1.93,4818
2021-07-16T19:12:22.320000,55.108346,-161.063363,9.52,1.3,4825
2021-07-16T19:14:05.000000,55.035291,-161.568604,11.6,1.12,4826
2021-01-14T19:23:40.880000,54.55037,-162.493376,53.56,1.84,483
2021-07-17T01:58:19.520000,55.05199,-161.149023,34.49,1.61,4840
2021-07-17T03:34:35.770000,55.197843,-162.187891,11.89,1.96,4843
2021-07-17T06:51:04.420000,55.532275,-161.838249,4.28,0.22,4850
2021-07-17T07:17:06.120000,54.920976,-162.169629,-3.79,1.02,4851
2021-07-17T20:27:25.840000,55.193193,-162.305127,1.61,0.18,4863
2021-07-18T01:01:52.150000,54.449829,-161.594922,4.0,2.14,4874
2021-07-18T05:26:36.120000,55.056083,-162.833236,-0.66,0.65,4878
2021-07-18T07:59:53.190000,55.302958,-162.18903,28.06,1.0,4880
2021-07-18T11:27:20.950000,54.65992,-161.89751,-2.33,1.78,4882
2021-07-18T12:55:42.200000,55.160168,-161.717985,12.37,0.33,4884
2021-07-18T13:01:04.340000,55.473812,-161.533187,0.01,0.84,4885
2021-07-18T16:10:50.750000,55.329708,-161.665202,0.08,0.95,4893
2021-07-18T17:55:44.420000,55.109607,-161.661296,17.37,1.15,4898
2021-07-18T17:55:47.380000,55.908968,-162.419271,8.41,1.53,4899
2021-01-14T21:44:04.900000,54.527917,-162.050944,48.0,1.57,490
2021-07-18T20:41:54.960000,54.954167,-160.925716,7.9,1.17,4900
2021-07-18T22:16:44.040000,55.016353,-162.298665,7.26,1.42,4902
2021-07-19T05:28:39.800000,54.479919,-162.945426,7.54,1.55,4919
2021-01-14T22:51:22.760000,55.289518,-162.046273,9.06,0.29,492
2021-07-19T06:49:48.630000,55.142997,-161.884766,6.12,1.23,4922
2021-07-19T10:54:02.130000,55.373173,-161.769987,2.63,0.8,4928
2021-07-19T11:01:36.260000,55.192708,-162.086475,13.7,1.05,4930
2021-07-19T13:53:48.000000,55.289457,-161.695036,13.5,0.42,4938
2021-07-19T20:12:17.720000,54.884306,-161.475602,30.23,1.43,4948
2021-01-14T23:56:01.560000,54.637907,-161.325618,5.25,1.51,495
2021-07-19T23:59:52.960000,55.394128,-162.413997,17.04,1.16,4952
2021-01-15T01:01:21.890000,55.142944,-162.042448,22.01,2.06,496
2021-07-21T06:39:15.010000,55.040112,-161.769727,5.13,1.98,4965
2021-07-21T06:50:46.710000,55.162496,-161.567806,29.62,1.33,4966
2021-07-21T12:41:42.300000,54.564994,-163.306152,5.97,1.84,4969
2021-07-21T15:59:53.110000,55.290218,-162.20625,27.1,1.3,4970
2021-07-21T20:31:47.880000,54.483232,-161.755387,5.43,2.22,4971
2021-07-22T01:40:11.420000,54.615283,-161.189242,24.97,3.64,4975
2021-07-22T07:22:36.080000,54.370638,-162.072249,6.3,1.97,4977
2021-07-22T09:04:45.530000,55.312056,-161.90734,0.28,0.13,4980
2021-07-22T22:02:49.780000,55.159566,-162.319938,0.01,1.46,4988
2021-07-22T23:59:55.100000,55.355575,-162.139372,15.5,1.51,4991
2021-07-23T09:54:20.990000,54.543506,-163.315039,8.07,1.39,4992
2021-07-23T12:09:54.430000,55.232593,-161.660417,28.63,1.21,4994
2021-07-23T17:05:47.240000,55.735628,-162.027441,4.35,1.44,4999
2021-01-15T03:54:42.260000,54.769287,-160.576107,5.4,2.08,501
2021-07-24T13:15:17.290000,55.226127,-161.706087,44.8,1.58,5016
2021-07-24T13:22:53.660000,55.275037,-161.749674,34.54,1.33,5017
2021-07-24T14:49:08.780000,55.12533,-161.942139,-0.17,1.64,5020
2021-07-24T14:49:33.760000,55.345939,-161.892269,-3.29,1.21,5022
2021-07-24T18:53:48.880000,55.129626,-161.97609,3.1,0.8,5027
2021-07-24T23:34:53.680000,54.58538,-161.156657,26.92,1.52,5033
2021-07-25T03:05:58.560000,54.694039,-160.892513,19.1,1.56,5037
2021-07-25T03:45:12.710000,54.987024,-162.394303,1.23,-0.25,5039
2021-07-25T09:49:47.580000,55.253451,-162.082617,8.02,0.46,5052
2021-07-25T10:21:50.280000,54.93492,-161.114469,26.62,1.29,5054
2021-07-25T12:08:56.600000,55.302323,-161.79834,17.65,0.97,5058
2021-07-25T12:23:17.800000,55.308154,-161.852588,12.23,0.79,5060
2021-07-25T12:27:56.600000,55.373556,-161.727035,2.2,0.68,5061
2021-07-25T12:47:46.640000,54.795695,-160.985417,28.15,1.86,5065
2021-07-25T14:39:59.810000,54.546549,-162.131771,24.52,1.39,5067
2021-07-25T16:25:03.000000,54.948645,-162.203499,-0.57,1.64,5070
2021-07-25T16:25:28.590000,55.372009,-161.856462,-3.19,0.47,5072
2021-07-25T19:36:07.300000,55.202262,-161.866667,3.22,0.33,5077
2021-07-25T20:36:33.480000,55.419352,-161.904915,10.25,1.04,5079
2021-07-25T22:15:17.600000,55.049597,-161.710303,11.86,1.08,5080
2021-07-26T03:55:18.090000,55.16368,-162.060254,24.88,1.16,5087
2021-07-26T08:11:20.060000,55.153662,-161.938151,1.34,0.33,5094
2021-07-26T11:28:48.460000,55.506502,-161.784375,23.26,0.23,5097
2021-01-02T14:13:33.920000,54.979818,-162.892057,-3.27,1.91,51
2021-01-15T18:22:22.720000,55.013106,-161.33641,28.51,1.88,510
2021-07-27T00:58:57.390000,54.444999,-162.02915,57.96,1.47,5107
2021-01-15T18:22:35.920000,55.059509,-161.414893,28.41,2.02,511
2021-07-27T07:59:55.340000,55.302681,-162.244906,7.56,1.15,5115
2021-01-15T21:12:37.800000,55.551713,-161.788314,5.41,0.89,512
2021-07-27T12:12:34.910000,54.608427,-161.288005,7.73,2.82,5120
2021-07-27T12:17:41.820000,54.570207,-161.34069,8.53,1.43,5121
2021-07-27T12:28:41.730000,55.257019,-162.059782,9.65,0.22,5122
2021-07-27T20:04:43.100000,55.273918,-161.75765,12.89,0.6,5130
2021-07-27T20:20:50.280000,54.929207,-162.249219,-1.15,1.56,5131
2021-07-27T23:12:28.880000,55.033577,-163.148145,7.23,1.32,5133
2021-07-28T01:31:19.340000,54.843473,-161.208643,52.71,1.39,5135
2021-07-28T11:54:45.180000,54.616886,-162.636686,3.7,1.86,5139
2021-07-28T15:34:17.450000,54.99019,-162.349121,4.48,1.46,5143
2021-07-29T05:47:12.170000,54.486259,-162.129378,8.77,1.84,5150
2021-07-29T06:16:19.660000,55.382503,-161.48641,8.46,4.95,5154
2021-07-29T06:33:06.830000,55.307739,-160.725521,27.05,3.99,5160
2021-07-29T06:37:17.400000,55.040898,-161.702132,-1.54,2.92,5163
2021-07-29T06:47:57.390000,55.283183,-161.716195,23.74,2.94,5166
2021-07-29T06:53:55.710000,55.506726,-160.407406,5.83,3.33,5167
2021-07-29T06:57:33.790000,55.422107,-160.658301,8.85,2.72,5169
2021-01-16T04:15:37.400000,55.359452,-161.867367,1.92,0.57,517
2021-07-29T07:21:49.330000,55.393465,-161.392513,22.76,1.53,5177
2021-07-29T07:22:46.790000,55.281067,-161.257096,23.78,2.5,5178
2021-07-29T07:30:24.010000,55.438228,-161.573991,5.98,1.51,5182
2021-07-29T07:33:03.420000,55.32251,-161.038086,42.69,3.18,5184
2021-07-29T07:33:44.290000,55.258712,-161.589372,1.9,2.69,5185
2021-01-16T06:42:00.470000,54.871785,-161.404313,21.08,1.66,519
2021-07-29T07:47:26.220000,55.238273,-161.461003,12.3,2.92,5190
2021-07-29T08:09:30.500000,55.202999,-161.237158,41.01,2.56,5198
2021-01-16T06:42:26.070000,55.21224,-161.888216,10.21,0.67,520
2021-07-29T08:10:57.180000,55.259432,-161.397965,15.63,3.06,5200
2021-07-29T08:16:19.600000,55.333492,-160.937044,50.47,2.92,5204
2021-07-29T08:30:43.690000,55.440731,-161.741699,4.57,2.26,5209
2021-07-29T08:39:55.470000,55.280278,-161.347559,-4.56,2.19,5212
2021-07-29T08:40:44.610000,55.269869,-160.672217,43.85,2.73,5213
2021-07-29T08:56:00.000000,55.067464,-161.791178,1.74,2.16,5217
2021-01-16T09:04:04.770000,54.838432,-161.959424,-2.37,0.92,522
2021-07-29T08:58:21.400000,55.341654,-161.865951,36.17,2.29,5220
2021-07-29T09:08:22.920000,55.17856,-161.21154,16.47,1.99,5222
2021-07-29T09:17:39.320000,55.273735,-161.213395,46.71,2.11,5224
2021-01-16T11:12:33.440000,55.170992,-162.219824,11.29,0.81,523
2021-07-29T09:36:33.680000,55.347168,-161.697331,15.36,1.21,5231
2021-07-29T09:43:54.060000,55.431689,-162.223796,21.14,1.46,5235
2021-07-29T09:52:52.580000,55.284639,-161.068164,27.87,2.22,5238
2021-07-29T09:54:13.680000,55.323686,-160.979769,41.95,2.79,5239
2021-07-29T09:59:11.490000,55.258875,-161.367611,44.98,2.08,5242
2021-07-29T10:05:44.040000,55.101904,-161.58112,33.4,1.73,5246
2021-07-29T10:06:27.210000,55.230884,-161.959001,24.01,1.15,5247
2021-07-29T10:18:13.790000,55.13396,-161.514095,29.41,2.44,5254
2021-07-29T10:20:42.380000,55.384937,-161.91123,19.5,1.62,5255
2021-07-29T10:22:56.640000,55.42148,-161.703125,13.71,1.25,5257
2021-07-29T10:24:42.550000,55.224988,-160.861882,28.99,2.05,5259
2021-01-16T11:47:22.040000,54.894702,-161.047575,26.77,2.47,526
2021-07-29T10:27:25.870000,55.24932,-160.874316,49.95,2.07,5260
2021-07-29T10:28:06.100000,55.045662,-161.777962,6.7,1.86,5261
2021-07-29T10:38:28.260000,55.295719,-160.755615,45.24,1.86,5262
2021-07-29T10:42:51.450000,55.261735,-161.424007,-0.28,1.08,5263
2021-07-29T10:55:16.150000,55.270642,-161.807747,-2.04,0.77,5267
2021-07-29T10:59:03.210000,55.269922,-161.33986,32.73,1.64,5268
2021-07-29T11:05:32.280000,55.211597,-161.609489,14.44,2.05,5270
2021-07-29T11:09:16.960000,55.245565,-161.072201,26.8,2.69,5271
2021-01-16T20:41:35.600000,54.834692,-163.164811,6.7,2.91,528
2021-07-29T11:48:29.240000,55.265088,-161.567578,9.34,1.3,5282
2021-07-29T12:17:22.550000,55.260197,-161.305957,-1.31,1.22,5285
2021-07-29T12:18:29.640000,55.151774,-161.326221,17.15,1.93,5286
2021-07-29T12:28:54.150000,55.24091,-161.292952,14.98,2.3,5290
2021-07-29T12:32:39.080000,55.229513,-160.668408,10.24,1.91,5292
2021-07-29T16:00:22.730000,55.175838,-161.278011,28.77,1.79,5293
2021-07-29T16:09:42.850000,55.236694,-160.906104,26.75,3.21,5297
2021-07-29T16:38:28.030000,55.228634,-160.87373,51.86,1.75,5300
2021-07-29T17:04:29.680000,55.292745,-161.625798,4.92,1.55,5305
2021-07-29T17:52:10.720000,55.265523,-160.776253,45.16,1.82,5315
2021-01-17T16:26:15.030000,55.074601,-162.016797,2.79,1.05,532
2021-07-29T18:38:14.000000,55.349215,-160.947949,13.46,1.82,5322
2021-07-29T18:38:46.660000,55.247681,-161.910368,10.56,1.04,5323
2021-07-29T18:46:50.080000,55.298743,-160.935286,43.65,1.48,5324
2021-07-29T18:53:55.980000,54.67946,-161.961165,5.09,1.35,5326
2021-07-29T19:12:48.480000,55.470577,-161.691585,21.01,2.91,5328
2021-07-29T19:53:31.080000,55.3104,-160.910433,27.66,1.75,5330
2021-07-29T20:25:39.680000,55.2368,-160.83444,27.57,1.54,5335
2021-07-29T20:31:08.840000,55.284985,-161.226058,19.93,2.55,5336
2021-07-29T20:34:07.560000,55.20341,-161.760905,0.53,3.07,5339
2021-07-29T20:42:33.160000,55.373617,-161.6889,17.94,1.16,5340
2021-07-30T00:55:44.970000,55.369385,-160.985856,35.95,1.75,5343
2021-07-30T02:56:24.590000,55.238924,-160.759668,51.26,1.95,5347
2021-07-30T03:37:43.940000,55.236369,-161.792611,5.34,1.56,5351
2021-07-30T03:52:43.550000,55.325907,-160.716862,53.32,3.37,5352
2021-07-30T04:12:09.130000,55.292387,-160.86377,42.78,1.89,5353
2021-07-30T04:22:07.370000,55.238969,-161.758154,7.85,1.85,5354
2021-07-30T04:22:34.830000,55.323332,-161.82653,2.12,1.53,5355
2021-07-30T05:32:58.600000,55.221761,-161.669434,10.6,4.03,5359
2021-01-17T18:59:30.400000,54.796704,-161.870996,-3.22,2.67,536
2021-07-30T05:41:30.730000,55.249162,-161.415641,14.6,1.91,5360
2021-07-30T05:42:09.500000,55.220382,-162.284782,12.62,2.12,5361
2021-07-30T05:49:52.960000,55.266622,-160.554167,32.18,2.08,5362
2021-07-30T06:47:00.310000,55.465629,-161.123812,42.65,1.97,5365
2021-07-30T07:25:12.610000,55.27828,-160.617122,47.03,2.59,5368
2021-07-30T08:40:28.930000,55.067875,-161.729997,7.08,1.0,5372
2021-07-30T09:27:58.270000,55.110376,-162.77207,15.76,1.58,5373
2021-07-30T09:55:18.150000,54.966805,-161.475244,6.03,1.49,5375
2021-07-30T09:58:41.840000,55.125952,-161.80516,4.65,1.84,5377
2021-07-30T12:38:08.840000,55.023596,-161.438135,10.91,1.43,5384
2021-07-30T13:28:45.850000,55.234041,-160.883382,27.66,2.34,5387
2021-07-30T13:53:54.860000,55.347396,-161.391976,13.61,1.59,5389
2021-07-30T14:20:41.790000,55.235494,-161.569596,15.44,1.92,5390
2021-07-30T14:35:25.880000,55.078772,-161.023584,11.43,1.03,5394
2021-07-30T14:42:18.010000,55.211564,-160.866276,35.97,2.54,5396
2021-07-30T14:42:48.760000,55.264111,-161.591536,27.53,2.93,5397
2021-07-30T14:58:52.680000,55.300216,-161.027897,33.14,2.23,5399
2021-01-02T18:07:19.400000,55.060925,-162.045426,-2.39,1.16,54
2021-01-17T20:28:44.120000,54.574699,-161.266878,8.31,2.36,540
2021-07-30T14:59:27.700000,55.170268,-161.710433,20.84,2.35,5400
2021-07-30T15:27:17.500000,55.177177,-161.799544,7.68,0.8,5401
2021-07-30T16:57:32.810000,54.435689,-161.79484,10.39,2.05,5402
2021-07-30T19:16:07.560000,55.231291,-160.884261,28.23,2.22,5404
2021-07-30T21:45:03.100000,55.458765,-161.109456,48.53,2.11,5407
2021-07-30T21:55:23.880000,55.47194,-161.825732,2.5,1.57,5408
2021-07-30T22:12:38.580000,55.425781,-161.726709,1.71,2.21,5409
2021-01-17T22:21:02.560000,54.580973,-161.260596,8.93,2.73,541
2021-07-31T00:59:25.480000,55.293542,-161.096794,27.54,1.76,5412
2021-07-31T12:12:41.260000,54.543363,-161.845296,7.75,2.71,5422
2021-07-31T14:04:08.130000,54.975309,-162.416699,19.28,0.87,5424
2021-08-01T01:49:34.080000,55.236397,-161.350065,-0.86,1.51,5435
2021-08-01T05:37:32.340000,55.230859,-161.061393,49.87,1.69,5441
2021-08-01T05:38:07.050000,55.309045,-161.753743,27.87,1.59,5442
2021-08-01T06:37:06.680000,54.5087,-163.16722,-3.97,2.05,5448
2021-01-18T06:44:23.680000,55.45494,-161.618913,2.52,0.37,545
2021-08-01T07:51:38.970000,55.171224,-161.883366,0.49,1.73,5453
2021-08-01T08:59:42.750000,55.345317,-160.775358,43.58,2.29,5454
2021-08-01T10:08:40.590000,55.10717,-161.28387,26.15,1.21,5458
2021-01-18T09:17:23.190000,54.597839,-161.21263,5.17,1.82,546
2021-08-01T10:28:07.010000,55.113741,-161.894515,1.46,0.2,5460
2021-08-01T11:52:29.510000,55.334062,-160.917318,40.68,1.7,5461
2021-08-01T13:04:20.940000,54.833455,-161.127653,31.01,2.61,5464
2021-08-01T13:43:17.330000,55.197498,-160.766927,48.38,2.03,5465
2021-08-01T14:44:18.400000,55.213883,-160.664795,30.02,2.12,5467
2021-08-01T16:11:46.090000,55.241931,-161.630469,10.17,1.99,5473
2021-08-01T20:01:48.960000,55.260974,-161.280404,28.26,1.63,5475
2021-08-01T21:35:39.920000,55.304956,-161.067334,35.14,1.58,5478
2021-08-02T04:48:30.820000,55.167021,-161.032422,29.38,1.69,5483
2021-01-18T14:24:49.110000,55.33324,-161.720459,0.12,1.81,549
2021-08-02T07:16:07.280000,55.307817,-160.897819,28.86,1.51,5492
2021-08-02T08:00:10.530000,54.525024,-161.145654,8.18,1.84,5493
2021-08-02T13:24:15.160000,55.081006,-161.649463,10.66,1.43,5496
2021-01-02T19:13:26.480000,54.54646,-161.532308,5.59,2.55,55
2021-08-02T19:47:22.640000,55.05861,-161.813298,12.7,0.8,5503
2021-08-02T21:57:27.520000,55.053239,-161.590381,8.74,0.9,5505
2021-08-02T21:57:45.960000,55.179016,-161.964274,21.7,1.12,5506
2021-08-03T03:28:18.770000,54.822131,-161.13667,47.72,2.01,5509
2021-08-03T03:44:48.530000,55.302633,-161.970768,32.52,0.89,5510
2021-08-03T07:40:08.610000,55.221928,-161.040869,42.64,1.98,5515
2021-01-18T20:08:17.140000,55.208504,-161.366292,16.26,1.02,552
2021-08-03T16:43:38.790000,54.951066,-162.245768,-0.45,1.54,5520
2021-08-03T16:50:06.570000,54.92194,-162.226937,-1.02,2.06,5522
2021-08-03T18:43:42.120000,55.318933,-161.659603,2.01,0.1,5528
2021-08-03T20:05:33.140000,55.358374,-160.84248,7.41,1.62,5530
2021-08-03T23:31:43.800000,55.264966,-161.604574,28.5,1.79,5535
2021-08-03T23:32:22.440000,55.228031,-162.188249,9.51,1.77,5536
2021-08-04T05:21:40.140000,55.258606,-161.846615,7.72,0.63,5540
2021-08-04T07:21:45.210000,55.043408,-161.401497,17.95,2.03,5543
2021-08-04T10:26:48.000000,54.393966,-162.00057,9.24,2.1,5547
2021-08-04T11:05:27.880000,55.682218,-162.071761,-3.16,1.82,5548
2021-08-05T00:36:31.630000,55.004366,-162.267269,-2.59,1.16,5558
2021-08-05T03:54:50.860000,55.134237,-161.410954,26.29,1.24,5560
2021-08-05T07:16:01.440000,55.054024,-161.227165,22.64,1.95,5562
2021-08-05T12:19:40.770000,55.501322,-161.665576,19.07,0.49,5578
2021-08-05T15:46:08.450000,55.361873,-161.868604,12.71,0.69,5587
2021-08-05T16:27:42.300000,55.035885,-161.427702,21.6,1.2,5591
2021-08-05T16:28:16.730000,55.333997,-161.952181,4.89,1.25,5592
2021-08-05T21:24:09.800000,55.097457,-161.66141,11.76,1.36,5604
2021-08-05T21:43:37.600000,55.296313,-160.993278,51.59,1.71,5605
2021-08-05T23:12:11.760000,54.928666,-162.202181,-4.23,1.67,5609
2021-08-05T23:26:36.760000,54.945605,-162.390527,10.77,2.19,5612
2021-08-05T23:47:08.560000,54.904325,-162.252002,0.46,0.29,5613
2021-08-05T23:56:16.840000,55.392228,-161.297721,29.8,1.24,5615
2021-08-06T01:09:09.710000,55.213367,-161.467301,22.46,1.19,5618
2021-08-06T03:07:29.500000,55.305851,-161.633561,4.74,0.34,5619
2021-08-06T03:37:43.880000,55.353129,-161.943457,12.31,0.94,5621
2021-08-06T06:10:52.430000,55.198881,-161.826449,2.72,0.71,5627
2021-08-06T07:53:33.790000,55.278967,-161.389502,23.04,1.77,5628
2021-08-06T07:54:04.680000,55.182471,-161.358089,12.03,1.67,5629
2021-08-06T09:10:42.000000,55.169788,-162.301383,19.56,0.97,5630
2021-08-06T12:42:25.450000,54.996061,-161.29432,31.51,1.21,5640
2021-08-06T12:42:45.110000,54.89941,-161.338949,11.42,1.59,5641
2021-08-06T13:43:21.490000,54.445874,-161.453255,6.1,1.07,5642
2021-08-06T13:50:26.030000,55.020093,-160.396143,4.26,2.88,5643
2021-08-06T14:04:34.150000,54.964205,-160.507878,4.47,1.62,5644
2021-08-06T14:04:49.300000,55.023881,-161.328532,8.31,1.51,5645
2021-08-06T14:31:16.610000,54.361491,-161.477246,6.18,1.39,5647
2021-08-06T16:18:20.590000,54.939343,-162.182845,-2.73,1.02,5652
2021-08-06T17:10:03.040000,54.541821,-161.27181,9.83,1.23,5657
2021-08-06T18:01:03.320000,55.370532,-161.893001,17.86,0.04,5660
2021-08-06T22:33:35.080000,54.936112,-162.209798,-2.04,1.43,5665
2021-08-06T23:07:12.940000,54.791703,-162.399463,10.41,0.9,5667
2021-08-07T00:40:01.660000,55.262915,-161.893083,1.94,0.43,5670
2021-08-07T01:15:34.060000,55.448824,-161.900114,22.67,0.65,5671
2021-08-07T03:58:06.700000,55.156148,-160.945964,30.65,1.71,5673
2021-08-07T09:13:34.180000,54.580273,-162.106299,51.32,1.61,5682
2021-08-07T11:35:23.470000,54.491622,-162.313037,53.18,1.6,5684
2021-08-07T15:02:41.850000,55.233012,-162.400244,16.52,1.74,5691
2021-08-07T16:50:02.830000,55.342932,-161.125977,13.98,1.29,5692
2021-08-07T16:50:36.720000,55.372896,-161.872868,11.7,0.93,5693
2021-08-07T22:30:42.200000,54.996912,-162.328337,-1.14,0.52,5695
2021-08-07T23:21:42.020000,55.205501,-161.69069,35.45,0.8,5697
2021-01-19T02:32:13.270000,55.16543,-161.885921,25.96,1.47,570
2021-08-08T18:49:55.400000,55.424638,-161.726156,5.55,0.46,5706
2021-08-09T09:45:44.250000,55.081555,-162.404525,10.39,1.44,5724
2021-01-19T02:41:36.620000,55.180953,-161.352165,8.79,0.97,573
2021-08-09T12:56:49.450000,54.956519,-162.244385,-2.28,1.54,5730
2021-08-09T14:51:09.260000,55.260181,-161.239665,24.07,1.57,5738
2021-08-09T14:55:05.440000,55.324341,-160.615381,39.99,1.96,5740
2021-08-09T18:33:46.600000,54.834627,-162.415934,8.27,1.5,5745
2021-08-10T03:51:54.460000,54.999902,-161.3611,24.96,1.96,5749
2021-08-10T06:04:46.000000,55.355111,-160.597412,36.2,1.79,5750
2021-08-10T07:36:00.440000,55.3821,-161.781689,-3.31,-0.55,5754
2021-08-10T10:56:14.770000,55.3955,-161.810645,0.76,0.52,5757
2021-08-10T19:25:15.400000,55.263745,-160.876676,27.45,1.54,5760
2021-08-10T19:25:57.720000,55.223718,-161.829085,3.79,1.57,5761
2021-08-10T21:16:43.760000,54.968331,-161.813118,0.2,2.18,5764
2021-08-11T05:31:28.330000,55.260881,-161.011426,46.5,1.79,5773
2021-08-11T05:32:09.100000,55.166984,-161.826497,10.47,1.22,5774
2021-08-11T05:46:44.410000,55.225342,-160.780745,50.02,2.31,5776
2021-08-11T05:52:18.940000,55.258276,-161.982438,6.93,1.65,5780
2021-08-11T06:53:51.830000,54.996594,-161.502067,27.48,1.66,5783
2021-08-11T08:15:45.200000,55.137736,-160.528564,49.62,2.55,5786
2021-08-11T12:59:09.750000,55.239791,-161.652344,11.5,1.71,5796
2021-08-11T18:51:11.440000,55.242859,-161.738525,11.71,0.65,5806
2021-08-11T19:28:41.640000,55.175028,-161.594287,-2.56,1.55,5808
2021-08-11T20:39:50.940000,54.670894,-161.62762,14.35,1.29,5809
2021-08-12T02:55:20.250000,55.049862,-162.279541,-3.0,1.43,5814
2021-08-12T03:14:53.070000,55.027083,-162.446338,0.66,1.18,5817
2021-08-12T03:15:09.960000,55.046448,-162.319661,-0.47,1.24,5818
2021-08-12T04:52:38.650000,54.622953,-161.337712,6.23,2.44,5821
2021-08-12T05:15:07.370000,54.897441,-162.188395,-4.56,0.7,5824
2021-08-12T08:52:12.700000,55.226274,-161.440495,16.3,1.45,5826
2021-08-12T09:55:03.570000,55.247514,-160.821956,33.91,2.53,5828
2021-08-12T10:28:46.810000,55.0382,-161.394238,12.79,2.41,5833
2021-08-12T11:12:27.970000,55.388806,-161.61792,4.73,0.56,5837
2021-08-12T20:45:42.400000,55.248283,-160.741504,61.25,1.92,5850
2021-08-12T20:46:11.880000,55.182129,-161.516667,18.07,2.14,5851
2021-08-12T21:15:08.940000,55.084159,-162.334668,30.31,1.41,5852
2021-08-12T21:17:11.440000,55.21084,-161.812712,3.25,0.95,5854
2021-08-12T21:50:11.620000,54.8554,-161.275586,23.7,1.9,5856
2021-08-12T22:01:24.080000,55.258455,-161.137077,28.59,1.73,5857
2021-08-12T22:02:06.260000,55.21427,-162.285205,9.36,1.16,5858
2021-08-12T23:16:03.060000,55.332747,-161.814355,23.66,0.54,5863
2021-08-13T00:53:01.590000,55.206132,-161.093587,26.34,1.5,5866
2021-08-13T06:03:21.360000,55.277767,-160.961784,40.35,1.49,5876
2021-01-19T08:11:12.490000,55.041541,-161.726921,18.55,1.43,588
2021-08-13T08:12:39.900000,54.625151,-163.389307,7.14,1.33,5880
2021-08-13T10:49:39.610000,55.428121,-162.136458,17.39,1.17,5881
2021-08-13T12:10:26.820000,54.574418,-161.451335,5.77,2.09,5884
2021-08-13T13:54:17.200000,55.211532,-162.125879,5.55,0.54,5888
2021-08-13T14:21:44.760000,55.171704,-161.766569,13.64,0.77,5889
2021-08-13T16:07:01.850000,54.618909,-161.280127,25.96,1.2,5893
2021-08-13T17:29:12.480000,55.382145,-161.614388,52.3,1.98,5896
2021-08-13T17:29:48.200000,55.177665,-161.597021,16.6,2.05,5897
2021-08-13T17:33:51.380000,54.859859,-162.694401,27.25,1.56,5898
2021-08-13T18:51:23.200000,55.445032,-161.872201,20.04,0.47,5901
2021-08-13T21:19:52.520000,54.545943,-162.504508,29.72,0.99,5906
2021-08-13T22:18:20.160000,54.781396,-160.958887,29.29,1.42,5908
2021-08-14T02:45:28.450000,55.536088,-161.121777,51.54,1.05,5918
2021-08-14T03:31:19.090000,55.245744,-161.407633,11.89,0.72,5921
2021-08-14T04:20:29.150000,54.916292,-162.794889,6.5,0.92,5922
2021-08-14T04:21:31.590000,54.964181,-162.697412,-0.84,0.91,5924
2021-08-14T08:43:06.550000,54.901737,-161.590837,70.87,1.12,5929
2021-08-14T10:37:55.170000,55.393909,-161.971191,11.55,0.63,5932
2021-08-14T10:55:26.050000,55.434583,-161.072168,45.33,1.18,5934
2021-08-14T11:58:09.320000,55.27301,-160.806071,56.98,4.54,5935
2021-08-14T12:15:28.730000,55.310893,-161.636589,20.4,2.42,5937
2021-01-19T09:39:34.240000,54.593144,-161.195638,24.7,3.0,594
2021-08-14T12:35:26.720000,55.350472,-161.544092,29.97,1.87,5940
2021-08-14T13:00:12.490000,55.280693,-160.856185,39.52,1.82,5943
2021-08-14T13:07:07.740000,55.301546,-161.212939,49.36,2.47,5944
2021-08-14T13:12:17.870000,55.013965,-161.216634,29.51,1.42,5945
2021-08-14T13:45:22.500000,55.114103,-161.556266,14.74,1.24,5947
2021-08-14T14:21:27.700000,55.10531,-161.394352,25.82,1.46,5950
2021-08-14T14:22:02.290000,55.275191,-161.758236,11.99,1.15,5951
2021-08-14T14:34:20.340000,55.239661,-160.754639,36.14,1.45,5952
2021-08-14T14:55:32.760000,55.288334,-161.286735,37.27,1.92,5954
2021-08-14T15:11:32.100000,55.27358,-161.390104,19.97,1.05,5956
2021-08-14T17:02:13.460000,55.18717,-161.033057,30.68,1.39,5965
2021-08-14T17:33:48.800000,55.130225,-160.821826,8.27,1.61,5967
2021-01-19T12:27:58.920000,54.991484,-162.275033,7.42,1.09,597
2021-08-14T17:58:16.080000,55.206653,-161.657552,34.49,1.32,5971
2021-08-14T18:38:46.440000,55.08516,-161.670182,10.06,1.17,5976
2021-08-14T18:45:06.280000,55.244983,-160.872884,28.6,2.34,5979
2021-08-14T19:39:34.980000,55.311877,-161.748649,15.7,1.61,5983
2021-08-14T20:56:42.820000,54.773035,-161.918262,-3.25,1.28,5987
2021-08-14T23:59:53.520000,55.305705,-162.234961,21.08,0.82,5988
2021-01-19T14:19:31.270000,55.113839,-162.197054,9.16,0.72,599
2021-08-15T00:29:46.160000,54.90234,-160.722396,6.93,1.29,5991
2021-08-15T02:32:36.380000,55.224508,-161.679215,19.3,1.08,5994
2021-08-15T07:09:35.330000,54.8,-160.859521,29.07,2.06,5998
2021-01-01T11:56:44.770000,54.608394,-161.33335,8.9,1.91,6
2021-08-15T07:58:40.400000,54.964172,-161.396663,27.79,1.46,6000
2021-08-15T09:09:15.300000,55.281038,-161.368473,28.45,1.26,6003
2021-08-15T11:22:17.550000,55.239604,-160.880452,34.95,1.43,6006
2021-08-15T11:59:09.310000,55.228035,-161.128434,-3.64,1.15,6011
2021-08-15T12:18:40.140000,54.984595,-161.596842,31.46,1.17,6013
2021-08-15T15:14:16.660000,54.610685,-161.235986,6.6,1.29,6019
2021-08-15T19:18:24.220000,54.583057,-161.983105,26.68,2.1,6023
2021-08-15T19:45:13.060000,55.172786,-161.110254,33.64,1.18,6024
2021-08-15T22:19:31.540000,55.083427,-161.23068,28.67,1.63,6026
2021-08-16T00:40:22.930000,54.954549,-162.237451,-2.88,0.65,6029
2021-08-16T01:47:33.440000,55.158809,-161.003857,8.57,1.88,6032
2021-08-16T03:16:43.700000,55.332332,-161.743441,0.87,0.09,6035
2021-08-16T04:12:55.870000,55.344584,-161.803385,-2.83,-0.47,6038
2021-08-16T04:47:56.930000,55.194556,-161.85721,6.07,0.45,6039
2021-01-19T18:37:51.200000,55.094979,-161.731266,5.13,0.44,604
2021-08-16T04:53:28.550000,54.569507,-162.454883,30.17,1.81,6040
2021-08-16T08:05:52.340000,55.314766,-161.956315,20.7,0.78,6041
2021-08-16T08:48:57.510000,55.439486,-161.725911,10.42,0.32,6043
2021-08-16T09:56:03.290000,54.373067,-162.173535,35.4,1.91,6044
2021-08-16T12:20:16.890000,55.312777,-161.341357,35.66,1.9,6046
2021-08-16T12:56:09.450000,55.302348,-161.712565,0.51,0.26,6047
2021-01-19T21:57:11.900000,54.993831,-161.494108,8.75,1.26,605
2021-08-16T13:07:23.770000,55.211401,-161.831722,-2.29,0.34,6050
2021-08-16T15:39:16.060000,54.964315,-162.942432,-4.09,1.69,6051
2021-08-17T09:14:20.100000,55.201611,-161.82124,51.92,1.42,6058
2021-08-17T09:14:23.180000,54.985246,-161.522152,9.81,1.42,6059
2021-01-19T21:57:32.960000,55.121151,-161.727507,0.56,1.18,606
2021-08-17T09:49:29.000000,55.292651,-161.425505,19.93,1.5,6061
2021-08-17T09:49:52.190000,55.317957,-161.071549,25.16,1.38,6062
2021-08-17T11:24:55.940000,55.306803,-161.448519,14.16,0.89,6063
2021-08-18T04:35:06.550000,55.453398,-161.735986,0.18,0.91,6070
2021-08-18T04:58:45.360000,54.964083,-162.708659,-1.01,1.42,6073
2021-08-18T04:59:05.770000,55.270561,-161.7639,-2.0,1.67,6074
2021-08-18T09:43:43.150000,55.373466,-161.780908,34.28,1.72,6077
2021-01-19T23:43:06.080000,55.112659,-162.17207,7.81,0.87,608
2021-08-18T17:49:52.060000,55.302686,-161.763867,25.29,1.05,6087
2021-08-18T17:56:49.920000,55.456376,-161.790169,-2.09,0.49,6088
2021-08-18T18:16:42.640000,55.242224,-162.118652,19.84,0.79,6091
2021-08-18T18:22:18.820000,54.990824,-161.566064,26.87,1.85,6093
2021-08-18T20:07:24.840000,55.169368,-160.728255,64.58,1.92,6096
2021-08-18T20:29:22.320000,55.1745,-161.272119,-3.7,1.03,6098
2021-08-18T21:22:29.660000,55.605314,-162.328044,16.5,1.3,6100
2021-08-18T22:16:30.600000,54.815479,-161.160075,9.42,1.68,6104
2021-08-18T22:16:38.040000,54.925374,-161.368571,61.74,1.91,6105
2021-08-18T22:27:51.880000,55.284172,-161.584326,23.14,0.99,6106
2021-08-19T02:43:30.140000,55.32631,-161.697282,-3.25,0.44,6115
2021-08-19T03:34:55.020000,55.515706,-161.719548,30.19,0.98,6119
2021-01-20T02:07:00.500000,54.878621,-160.985563,16.44,3.85,612
2021-08-19T08:03:10.580000,55.374406,-161.443066,13.62,0.66,6122
2021-08-19T08:46:03.620000,54.617537,-161.296794,19.08,1.64,6123
2021-08-19T12:20:54.560000,55.244849,-162.025911,0.92,1.03,6126
2021-08-19T18:29:04.860000,54.717432,-162.687207,8.1,0.96,6132
2021-08-19T18:32:30.480000,55.118962,-161.812028,23.27,1.17,6134
2021-08-20T06:53:34.660000,55.208968,-161.744482,33.88,0.84,6141
2021-08-20T06:57:34.560000,55.108895,-161.620003,38.66,0.79,6142
2021-08-20T09:02:35.470000,54.936064,-162.226579,-2.1,1.53,6143
2021-08-20T10:47:22.630000,55.034912,-161.268896,28.89,1.18,6148
2021-08-20T12:21:54.330000,54.870317,-162.66818,25.95,1.49,6149
2021-08-20T23:49:05.300000,55.259306,-161.230322,28.48,1.51,6161
2021-08-21T03:54:30.670000,55.254268,-161.166699,26.71,1.79,6164
2021-08-21T08:45:02.900000,55.307121,-160.441748,7.88,1.71,6167
2021-08-21T08:52:31.400000,54.94681,-162.232682,12.93,2.12,6169
2021-08-21T16:40:16.850000,55.088025,-162.890853,13.11,1.46,6174
2021-08-22T00:05:25.150000,54.942106,-162.230322,1.23,0.76,6177
2021-08-22T06:42:14.000000,55.116606,-161.598551,14.95,0.95,6183
2021-08-22T06:42:44.140000,54.960807,-161.422868,17.86,1.68,6184
2021-08-22T18:47:15.380000,55.161772,-161.945801,16.25,0.69,6194
2021-08-22T20:51:29.280000,54.835286,-161.179102,27.66,2.37,6195
2021-08-23T07:18:58.920000,55.796549,-161.985286,-3.79,2.02,6198
2021-08-23T07:21:46.210000,55.398071,-161.454313,18.05,1.47,6199
2021-01-02T21:33:59.200000,54.933223,-161.413916,25.34,1.62,62
2021-08-23T12:22:34.920000,55.322803,-161.892383,13.66,0.35,6202
2021-08-23T13:15:22.720000,55.453914,-161.875814,18.62,1.01,6203
2021-08-23T15:37:09.350000,54.915674,-162.210726,-4.8,2.04,6204
2021-08-23T18:02:57.320000,54.614697,-161.40319,6.96,2.0,6206
2021-08-24T00:52:39.660000,55.142326,-161.919906,11.4,0.58,6215
2021-08-24T00:59:41.510000,54.915173,-162.218669,-1.38,1.01,6216
2021-08-24T12:31:40.410000,54.984265,-161.634587,18.36,1.49,6230
2021-08-24T12:36:29.090000,55.442631,-161.71971,2.42,1.07,6233
2021-08-24T14:26:09.240000,55.137439,-161.362826,11.44,1.16,6237
2021-01-21T05:01:58.730000,55.166626,-161.414616,0.79,1.91,624
2021-08-24T17:29:38.960000,54.675448,-161.71167,27.32,1.18,6242
2021-08-24T20:27:24.000000,55.276908,-161.988411,15.41,1.52,6247
2021-08-25T02:11:30.500000,55.464665,-161.731852,9.44,1.02,6259
2021-08-25T02:17:46.420000,55.336959,-161.705583,5.09,0.57,6260
2021-08-25T04:08:03.360000,55.248193,-161.858512,7.65,-0.43,6264
2021-08-25T05:34:12.560000,55.384143,-161.734082,16.22,0.27,6269
2021-08-25T08:09:20.840000,55.441886,-161.895133,37.69,1.27,6281
2021-08-25T08:28:29.960000,55.392721,-161.867643,7.04,0.68,6282
2021-08-25T09:37:41.790000,55.239803,-161.394792,-3.1,1.22,6284
2021-08-25T13:40:08.920000,54.59932,-162.063525,8.91,1.0,6296
2021-08-25T14:46:33.910000,54.637797,-161.411768,8.91,1.16,6297
2021-08-25T15:59:54.060000,55.341284,-162.209049,19.09,0.71,6298
2021-08-25T16:13:23.310000,55.332125,-161.727653,6.69,-0.05,6299
2021-08-25T18:53:11.720000,55.305774,-161.504801,0.78,0.57,6307
2021-01-21T07:50:06.840000,54.507996,-161.724577,5.73,1.59,631
2021-08-25T19:34:41.480000,55.43763,-161.867594,7.59,0.97,6310
2021-08-25T19:56:14.720000,54.648739,-161.435905,7.53,2.0,6312
2021-08-25T21:47:49.040000,55.207711,-161.453988,28.84,1.58,6316
2021-08-25T22:07:56.960000,55.268734,-161.293457,40.85,1.4,6318
2021-08-25T22:54:30.960000,54.699618,-161.355794,15.59,1.08,6322
2021-08-26T00:26:53.190000,55.27758,-161.829867,9.66,0.73,6324
2021-08-26T01:22:23.310000,55.418054,-161.742578,0.11,-0.02,6326
2021-08-26T02:22:18.120000,55.376302,-161.946517,11.24,0.37,6333
2021-08-26T02:26:43.530000,55.013236,-162.19637,7.77,0.26,6334
2021-08-26T03:15:56.100000,54.723352,-162.887663,5.31,1.03,6335
2021-08-26T04:40:30.410000,55.078149,-162.995459,7.91,1.1,6336
2021-08-26T05:34:44.600000,55.355737,-161.76084,15.3,-0.1,6338
2021-08-26T08:49:43.530000,54.656348,-161.831266,35.22,0.85,6342
2021-08-26T10:42:02.810000,55.29176,-161.526628,-0.68,1.03,6345
2021-08-26T12:16:18.820000,55.195907,-160.909147,28.92,1.11,6349
2021-01-21T08:21:46.530000,55.381283,-161.85835,0.86,0.25,635
2021-08-26T13:57:18.170000,55.563098,-161.550911,26.28,1.03,6350
2021-08-26T15:06:21.400000,55.238509,-160.923226,27.21,1.16,6353
2021-08-27T00:25:56.580000,54.51025,-162.07194,6.35,1.11,6367
2021-01-21T12:34:27.010000,55.139754,-162.390658,34.86,2.76,637
2021-08-27T02:40:12.940000,54.730509,-160.86932,18.17,2.31,6373
2021-08-27T03:05:34.620000,55.181132,-161.645703,0.04,0.07,6377
2021-08-27T05:24:28.620000,54.815027,-161.043359,26.61,1.73,6381
2021-08-27T06:32:50.270000,54.552026,-162.26665,54.85,1.12,6382
2021-08-27T10:20:02.080000,55.197656,-161.796631,-0.76,0.26,6392
2021-08-27T10:20:18.810000,55.205904,-162.008675,12.58,0.59,6393
2021-08-27T10:33:56.620000,55.145752,-162.451009,42.38,1.89,6394
2021-08-27T11:36:53.900000,55.218905,-161.161003,-3.84,1.43,6396
2021-01-02T23:32:26.760000,54.807914,-161.302832,28.51,2.17,64
2021-01-21T16:27:56.250000,54.6092,-161.634033,7.55,2.9,640
2021-08-27T20:23:16.800000,55.040377,-161.548763,25.21,2.8,6406
2021-08-27T21:55:18.520000,55.145561,-161.986719,23.84,0.63,6408
2021-08-28T01:35:21.170000,55.009798,-161.568587,14.73,1.08,6411
2021-08-28T03:57:26.950000,54.450378,-161.50638,3.82,1.75,6412
2021-08-28T07:59:43.620000,55.274776,-161.918018,7.14,1.35,6417
2021-08-28T08:10:58.340000,54.992603,-162.35236,-2.31,0.81,6420
2021-08-28T10:27:19.330000,55.126245,-160.365641,5.56,2.16,6423
2021-08-28T12:49:16.090000,55.090841,-160.33361,5.3,1.41,6427
2021-08-28T19:45:12.120000,54.86899,-162.624837,27.11,1.39,6448
2021-08-28T19:51:01.120000,54.715389,-161.225081,10.27,0.98,6450
2021-08-28T19:54:26.040000,55.412244,-161.844303,16.91,-0.05,6452
2021-08-28T20:22:20.320000,55.277271,-161.585791,22.64,1.89,6456
2021-08-28T21:55:25.440000,55.329594,-161.294287,26.91,0.95,6457
2021-08-29T01:04:52.370000,55.033732,-161.654232,15.9,0.83,6464
2021-08-29T01:16:01.010000,55.126253,-160.363249,4.79,1.62,6465
2021-08-29T08:31:13.060000,54.919434,-162.554102,26.95,1.46,6468
2021-01-21T21:23:00.400000,55.175574,-161.716781,6.16,0.62,647
2021-08-29T10:46:25.850000,54.642598,-161.422087,6.69,1.28,6471
2021-08-29T14:07:42.500000,54.987337,-162.28068,2.39,1.04,6483
2021-01-22T05:08:24.960000,54.584481,-161.332178,9.56,1.6,649
2021-08-29T16:23:17.640000,55.128312,-161.876123,8.17,0.6,6491
2021-08-29T17:16:22.720000,55.030526,-160.546696,5.0,1.14,6493
2021-01-02T23:32:40.800000,54.81086,-161.418522,11.15,2.11,65
2021-01-22T05:08:52.580000,54.869194,-161.780843,9.05,1.52,650
2021-08-29T18:50:05.840000,55.322632,-161.994271,-2.84,0.1,6501
2021-08-31T22:16:28.320000,55.187569,-161.200423,28.02,2.37,6517
2021-09-01T06:54:57.560000,55.249959,-161.276953,50.07,1.21,6531
2021-09-01T09:46:01.940000,55.389038,-162.568245,17.52,1.79,6536
2021-09-01T13:17:57.390000,55.219043,-161.656136,9.88,2.08,6539
2021-09-01T14:33:39.070000,55.291252,-161.661637,1.54,0.29,6542
2021-09-01T16:05:38.990000,54.596574,-161.408138,7.52,1.54,6543
2021-09-01T17:34:26.120000,54.985352,-162.366569,6.47,0.61,6546
2021-09-01T19:53:28.800000,55.135836,-163.312598,8.21,1.8,6549
2021-01-22T11:29:25.170000,55.053658,-161.740397,12.54,1.6,655
2021-09-02T04:28:28.370000,55.379215,-161.887044,6.09,0.01,6558
2021-09-02T04:56:30.860000,55.232149,-161.255973,15.84,0.99,6559
2021-01-22T11:29:41.770000,55.076937,-161.812663,12.33,2.15,656
2021-09-02T05:10:43.810000,54.736426,-160.92028,4.92,2.09,6562
2021-09-02T08:07:54.660000,54.952193,-161.33737,16.33,2.42,6563
2021-01-22T12:58:01.930000,54.457491,-162.257926,41.96,1.98,657
2021-09-02T12:56:33.080000,55.187813,-161.728451,16.55,1.3,6577
2021-09-02T16:02:50.960000,54.668925,-160.842106,4.77,2.25,6579
2021-09-02T16:53:44.600000,55.230127,-163.413379,3.88,1.83,6580
2021-09-03T03:48:00.530000,54.45061,-162.159668,10.67,1.49,6589
2021-09-03T03:56:11.030000,54.884603,-162.185921,-4.76,2.67,6590
2021-09-03T06:19:39.700000,54.656181,-162.618913,7.38,1.32,6592
2021-09-03T10:22:33.120000,55.412231,-161.873454,7.77,-0.18,6594
2021-09-03T13:44:06.860000,54.487821,-161.363916,3.88,1.76,6597
2021-09-03T14:50:28.250000,55.356523,-161.768962,0.35,-0.45,6598
2021-09-03T15:59:53.350000,55.311129,-162.074674,31.02,0.9,6601
2021-09-03T16:46:58.780000,54.529553,-161.329785,4.0,1.88,6607
2021-09-03T16:47:26.450000,55.291593,-161.754476,3.09,2.3,6608
2021-09-03T16:49:02.540000,55.101827,-161.630208,26.71,1.59,6610
2021-09-03T17:31:23.340000,55.123043,-161.655697,28.69,1.78,6615
2021-09-03T18:36:23.860000,54.721741,-161.908626,8.23,1.17,6616
2021-09-04T00:46:25.550000,55.215365,-161.537549,12.54,1.13,6618
2021-09-04T01:39:18.760000,55.326322,-161.757878,-0.53,0.65,6621
2021-09-04T02:35:16.280000,55.062972,-162.815365,-1.06,0.97,6622
2021-09-04T02:54:59.850000,55.453711,-161.468978,-2.01,0.48,6623
2021-09-04T04:02:22.240000,55.151481,-163.104704,-3.56,1.75,6625
2021-09-04T04:03:05.800000,54.947823,-161.884619,-1.78,1.12,6627
2021-09-04T04:05:26.750000,55.438855,-161.783659,-1.26,0.37,6628
2021-09-04T05:45:04.550000,55.274182,-161.726383,3.41,0.18,6629
2021-09-04T16:00:24.710000,55.363285,-161.799674,11.59,0.86,6641
2021-09-04T16:02:14.010000,55.181881,-161.03501,10.48,1.34,6642
2021-09-04T16:19:47.560000,54.929765,-161.376204,23.03,1.35,6644
2021-09-04T18:54:44.120000,55.270805,-162.498617,12.11,1.35,6647
2021-09-04T19:32:39.080000,55.190462,-161.430778,23.58,1.52,6648
2021-09-04T19:33:38.960000,55.218355,-161.787386,6.32,0.78,6649
2021-09-05T00:35:26.790000,55.344275,-161.677848,13.11,0.52,6652
2021-09-05T02:22:56.390000,55.241361,-161.876042,36.88,1.34,6653
2021-09-05T05:07:35.690000,55.403182,-161.952246,13.57,1.53,6655
2021-09-05T16:42:37.580000,55.028866,-161.651904,19.66,1.29,6661
2021-09-05T16:42:50.990000,54.931995,-161.593408,15.4,1.41,6662
2021-01-22T19:42:19.600000,55.353743,-161.895768,10.39,0.51,667
2021-09-06T01:52:45.880000,55.380375,-161.578662,7.5,1.0,6671
2021-09-06T02:34:15.950000,54.407104,-161.383301,7.07,1.13,6673
2021-09-06T07:59:53.820000,55.306071,-162.242171,18.21,1.22,6680
2021-09-06T09:31:41.620000,54.542912,-163.047087,8.06,1.27,6684
2021-09-06T13:52:12.430000,54.634501,-161.552669,43.26,1.47,6688
2021-01-22T19:49:06.640000,54.848002,-160.976156,29.05,2.34,669
2021-09-06T17:28:29.880000,54.921216,-162.194645,-4.21,1.28,6692
2021-09-06T17:28:50.300000,54.936943,-162.252669,-0.59,1.5,6693
2021-09-06T21:53:54.960000,55.235836,-161.667627,2.63,2.73,6697
2021-01-22T21:06:35.560000,54.812687,-161.576432,62.77,2.1,670
2021-09-07T01:32:17.320000,54.484599,-161.758577,6.04,1.54,6707
2021-09-07T02:32:46.380000,55.240426,-161.877409,7.6,0.96,6708
2021-09-07T03:47:45.090000,55.333521,-161.904395,8.74,-0.06,6711
2021-09-07T04:47:02.270000,55.239803,-161.883691,8.18,0.88,6716
2021-09-07T10:22:46.770000,55.585372,-161.863639,11.15,0.44,6728
2021-01-22T22:26:34.960000,55.211654,-161.529818,13.47,1.45,673
2021-09-07T14:10:05.810000,55.365873,-161.806901,32.71,1.15,6731
2021-09-07T15:10:56.790000,54.500728,-163.20249,2.69,1.52,6733
2021-09-07T15:19:32.840000,55.370215,-161.295361,37.04,1.31,6734
2021-09-07T17:26:24.840000,55.431547,-161.861361,26.56,0.84,6736
2021-09-07T18:11:36.040000,55.152018,-161.352262,4.92,0.8,6742
2021-01-23T02:36:00.220000,55.214604,-161.768734,5.32,0.86,675
2021-09-07T21:53:16.280000,54.373633,-161.458268,4.9,1.95,6754
2021-09-08T03:09:46.090000,54.934578,-162.215299,-3.15,1.52,6764
2021-09-08T03:10:02.650000,54.842008,-162.383187,10.52,1.84,6765
2021-09-08T03:12:53.690000,54.932227,-162.185937,-4.77,1.31,6766
2021-09-08T03:13:11.230000,54.845988,-162.218864,-2.18,1.8,6767
2021-09-08T04:52:59.850000,54.435689,-161.319857,6.04,1.12,6769
2021-09-08T04:56:17.420000,55.383154,-161.852181,10.96,0.33,6771
2021-09-08T11:39:08.340000,55.478292,-161.398975,13.39,0.46,6779
2021-09-08T14:29:29.540000,55.375859,-161.922542,15.27,1.31,6781
2021-09-08T14:43:11.090000,55.274687,-161.874951,26.12,0.75,6783
2021-09-08T16:18:12.440000,55.395976,-160.83138,12.25,1.47,6785
2021-09-09T08:03:51.280000,55.446309,-161.852995,21.89,1.33,6797
2021-09-09T08:05:00.570000,55.448775,-161.861312,22.61,1.28,6798
2021-09-09T08:05:36.910000,55.428923,-161.939893,24.05,1.11,6799
2021-01-03T01:52:19.380000,55.243673,-162.909456,31.54,1.76,68
2021-09-09T08:06:58.020000,55.497583,-161.806917,15.27,1.41,6801
2021-09-09T17:57:48.680000,54.858569,-162.200407,-2.96,1.45,6805
2021-09-09T19:23:51.640000,54.943994,-162.159342,-3.07,2.59,6806
2021-09-10T05:42:52.390000,55.359167,-161.63042,5.95,0.17,6809
2021-01-23T07:11:40.650000,54.837764,-161.196403,8.33,1.69,681
2021-09-10T09:15:43.100000,54.968038,-162.196549,-3.1,2.22,6814
2021-09-10T09:21:37.900000,55.223474,-160.669141,37.67,2.02,6816
2021-09-10T12:07:24.840000,55.276847,-161.566553,-2.47,0.65,6824
2021-09-10T12:34:42.340000,55.285099,-161.643652,7.24,0.69,6825
2021-09-10T13:08:42.390000,55.158138,-162.183382,0.75,1.8,6828
2021-09-11T00:03:31.480000,54.940552,-162.292432,1.31,0.98,6836
2021-09-11T00:03:49.370000,54.863123,-162.245101,-2.23,1.52,6837
2021-09-11T01:27:33.100000,55.371191,-161.761458,7.91,0.89,6842
2021-09-11T05:32:10.700000,54.377002,-161.631087,6.09,2.11,6845
2021-09-11T20:56:05.220000,55.164205,-162.233252,-4.41,1.52,6856
2021-09-11T23:34:03.320000,55.026152,-161.805876,12.27,0.97,6859
2021-09-12T05:18:10.470000,55.295076,-161.085579,40.54,1.67,6864
2021-09-12T06:01:28.940000,55.352917,-161.754085,12.43,0.8,6866
2021-09-12T16:57:51.090000,55.258915,-161.54624,0.7,1.45,6873
2021-09-12T17:03:37.380000,54.908968,-162.189404,-3.7,2.48,6874
2021-09-12T17:04:12.760000,55.353857,-161.867904,-3.04,1.03,6875
2021-09-12T17:09:22.600000,55.347473,-162.003532,7.8,1.0,6876
2021-09-12T22:49:03.560000,55.057222,-161.488314,-2.94,1.97,6877
2021-09-12T22:49:20.820000,55.236515,-161.697233,-0.43,1.25,6879
2021-09-13T03:20:14.900000,55.005396,-162.240365,-1.34,1.4,6883
2021-09-13T03:20:33.660000,54.938916,-162.206266,-2.8,1.48,6884
2021-09-13T14:03:21.710000,55.0005,-162.295671,1.61,1.84,6888
2021-09-13T18:29:10.580000,55.465743,-161.933366,29.34,1.06,6896
2021-01-23T14:06:22.760000,54.931531,-162.828743,9.75,1.68,690
2021-09-14T01:40:14.400000,54.938831,-161.379834,13.0,2.29,6901
2021-09-14T01:40:28.970000,54.998027,-161.541081,24.3,2.71,6902
2021-01-23T14:06:27.160000,55.125456,-161.659928,-0.35,0.45,691
2021-09-14T17:37:19.300000,54.931523,-161.127311,55.34,2.15,6911
2021-09-14T19:17:06.160000,54.954834,-162.766309,-1.6,1.59,6913
2021-09-15T03:34:53.390000,54.800199,-162.676481,26.68,2.29,6917
2021-09-15T03:35:11.100000,54.98311,-162.311263,3.74,2.85,6918
2021-01-23T14:06:45.040000,55.271615,-161.789355,0.83,0.35,692
2021-09-15T05:53:08.210000,55.360994,-161.799072,10.34,0.11,6920
2021-09-15T10:49:31.980000,55.256307,-160.703809,44.83,2.07,6923
2021-09-15T12:30:24.810000,55.107454,-161.621647,5.24,0.98,6925
2021-09-15T20:51:01.240000,54.520703,-162.500928,8.9,1.5,6932
2021-09-15T21:52:38.540000,54.496501,-162.12041,7.85,1.79,6933
2021-09-16T18:35:42.080000,55.262093,-161.168831,26.38,1.38,6940
2021-09-16T18:36:25.200000,55.191817,-161.847526,-2.26,0.76,6941
2021-09-16T19:49:06.920000,54.972611,-160.449951,2.11,2.06,6942
2021-01-23T16:56:32.960000,54.876872,-161.861344,-3.97,1.72,695
2021-09-18T01:56:38.350000,54.499691,-161.982454,5.54,1.69,6961
2021-09-18T05:01:16.800000,55.484668,-161.752555,10.51,1.3,6962
2021-09-18T05:03:04.260000,55.503324,-161.727653,8.13,0.28,6963
2021-09-18T05:15:33.920000,55.556327,-161.930404,14.84,-0.01,6964
2021-09-18T11:33:44.710000,55.353507,-161.780143,27.54,2.0,6974
2021-09-18T11:47:18.670000,54.965881,-162.215023,1.2,0.79,6977
2021-09-18T14:09:17.010000,55.401676,-161.584749,4.48,0.38,6978
2021-09-18T23:06:27.100000,55.255937,-161.55127,-0.73,0.55,6984
2021-09-18T23:57:26.280000,54.733553,-162.639144,7.73,1.46,6985
2021-09-19T05:20:31.250000,55.489897,-161.733675,8.61,0.77,6989
2021-01-23T19:28:20.440000,55.19176,-161.801562,2.66,1.56,699
2021-09-19T08:54:38.590000,55.331274,-161.709473,0.66,0.1,6992
2021-09-19T12:30:59.730000,55.491532,-161.746956,9.93,1.06,6995
2021-09-19T14:13:10.610000,54.900598,-161.31001,26.25,2.02,6999
2021-09-19T14:51:40.960000,55.001034,-161.436621,27.12,1.84,7005
2021-09-19T15:18:42.220000,54.64967,-162.692301,-2.41,2.04,7007
2021-09-19T16:16:05.730000,55.268628,-161.540495,-1.94,0.58,7012
2021-09-19T17:18:18.560000,55.624906,-161.748568,0.43,0.52,7013
2021-09-19T17:45:22.760000,55.496391,-161.722786,7.88,0.75,7014
2021-09-19T18:27:20.960000,55.004716,-161.564339,27.15,1.78,7021
2021-09-19T19:26:01.740000,54.897738,-161.346159,27.4,2.02,7025
2021-09-19T19:33:52.260000,55.157039,-161.874577,13.42,0.68,7027
2021-01-23T22:28:43.560000,55.329569,-161.676628,1.08,0.58,704
2021-09-21T04:37:12.980000,55.338546,-161.524072,-0.61,0.72,7043
2021-09-21T08:45:12.830000,55.208651,-160.723421,63.68,1.94,7044
2021-09-21T11:11:59.210000,55.250195,-161.609082,-0.16,0.36,7047
2021-09-21T11:15:43.470000,55.308545,-161.585107,4.89,0.42,7048
2021-09-21T11:23:14.850000,54.766956,-161.26766,43.44,1.54,7050
2021-09-21T11:35:57.890000,55.342074,-161.924626,2.27,0.17,7052
2021-09-21T13:25:16.840000,54.661206,-163.356462,7.53,1.51,7057
2021-09-21T13:50:54.480000,54.715763,-163.149561,29.89,1.5,7058
2021-09-21T13:58:47.930000,55.389229,-161.912028,24.18,0.02,7059
2021-09-21T21:03:40.560000,55.435527,-161.540007,-0.08,0.03,7063
2021-09-21T22:57:02.480000,55.255693,-162.222673,0.49,0.36,7066
2021-09-22T09:52:39.240000,54.528137,-162.172428,6.98,1.74,7079
2021-09-22T12:38:16.410000,55.338456,-161.762956,11.11,0.34,7085
2021-09-22T12:43:11.460000,55.346041,-161.834342,11.1,0.32,7086
2021-09-22T12:46:33.710000,55.323706,-161.640788,5.76,0.29,7087
2021-09-22T12:49:31.750000,55.401733,-161.76748,7.35,0.48,7088
2021-09-22T12:51:11.460000,55.370068,-161.819124,9.09,0.07,7089
2021-09-22T12:52:01.610000,55.467065,-161.86416,11.27,0.47,7090
2021-09-22T12:54:13.270000,55.030025,-161.527279,8.89,0.98,7091
2021-09-22T12:54:53.930000,55.343359,-161.743766,12.6,0.46,7092
2021-09-22T12:57:07.080000,55.341687,-161.725244,10.16,-0.39,7093
2021-09-22T12:58:48.700000,55.345528,-161.742236,12.18,0.38,7094
2021-09-22T13:03:25.620000,55.455811,-161.898665,10.88,0.52,7096
2021-09-22T13:06:04.190000,55.379537,-161.73846,9.84,0.24,7097
2021-09-22T21:40:26.920000,55.193937,-161.226709,27.95,1.89,7105
2021-09-22T22:20:59.640000,55.312817,-161.66792,16.5,0.64,7107
2021-01-24T07:42:45.180000,55.263847,-161.686556,15.59,0.28,711
2021-09-23T04:33:52.260000,55.171318,-161.140951,19.2,2.34,7112
2021-09-23T10:47:36.060000,55.3974,-161.667529,11.63,0.4,7114
2021-09-23T11:22:32.010000,55.488753,-161.925944,8.54,0.52,7116
2021-09-23T17:23:04.740000,55.081938,-162.082959,-2.11,0.93,7117
2021-09-23T21:55:58.280000,55.213944,-163.496566,2.3,2.24,7119
2021-09-24T07:05:01.670000,55.008232,-162.270671,2.01,1.96,7123
2021-09-24T07:28:26.630000,55.031694,-161.49777,11.78,1.67,7126
2021-09-24T08:50:22.280000,55.368001,-161.780404,10.31,0.32,7129
2021-09-24T08:53:25.770000,55.347489,-161.82373,11.73,0.47,7130
2021-09-24T08:55:45.910000,55.423153,-161.785889,5.74,0.4,7131
2021-09-24T09:12:19.120000,55.32686,-161.90415,6.35,0.38,7134
2021-09-24T14:00:50.660000,55.292411,-161.225944,37.4,1.7,7141
2021-09-24T19:18:25.520000,55.348946,-161.776123,10.09,0.07,7148
2021-09-24T19:19:10.960000,55.265336,-161.563086,-2.04,0.36,7149
2021-09-25T00:49:44.550000,55.292131,-162.002246,21.21,0.97,7156
2021-09-25T00:52:00.620000,55.270626,-161.644759,3.44,0.52,7157
2021-09-25T01:08:04.540000,55.307625,-161.912565,11.79,0.35,7163
2021-09-25T03:16:43.650000,54.858883,-161.501807,-2.98,1.04,7169
2021-09-25T05:50:37.400000,55.160185,-161.848128,3.73,1.11,7174
2021-09-25T07:52:28.670000,55.034216,-161.508431,17.51,1.65,7175
2021-01-24T13:54:12.860000,54.964697,-161.410677,18.65,1.58,718
2021-09-25T09:12:30.330000,55.121387,-161.452848,13.57,1.62,7181
2021-09-25T09:18:45.920000,55.396025,-161.810449,10.88,0.4,7182
2021-09-25T09:19:24.710000,55.367916,-161.797087,10.43,0.14,7183
2021-09-25T09:21:23.470000,55.396549,-161.8861,10.76,0.08,7184
2021-09-25T09:25:06.780000,55.3033,-161.954378,9.64,0.75,7185
2021-09-25T16:16:16.290000,55.329744,-161.72474,10.57,0.05,7195
2021-09-25T16:17:20.750000,55.333716,-161.860221,12.91,0.43,7196
2021-09-25T16:19:31.190000,55.211544,-161.736914,10.78,0.55,7197
2021-01-24T13:55:19.950000,55.206946,-162.040104,11.13,0.99,720
2021-09-25T22:51:36.760000,55.335449,-161.75612,13.41,0.18,7201
2021-09-25T22:57:39.920000,55.391264,-161.755013,10.85,0.24,7202
2021-09-25T22:59:12.400000,55.420085,-161.880339,9.53,0.37,7204
2021-09-26T00:19:07.740000,55.033573,-161.252116,28.73,1.06,7206
2021-09-26T00:19:51.720000,55.161361,-161.875081,2.66,0.34,7208
2021-09-26T00:26:43.560000,54.914579,-162.205143,-3.47,0.83,7209
2021-09-26T03:07:43.050000,55.408122,-161.856331,9.78,-0.29,7214
2021-09-26T05:48:24.240000,55.347083,-161.790967,11.27,0.34,7218
2021-09-26T05:49:11.270000,55.392383,-161.885059,9.86,0.36,7219
2021-01-24T13:55:59.680000,55.210474,-162.051237,14.05,0.94,722
2021-09-26T05:50:50.620000,55.35553,-161.809749,11.68,0.15,7220
2021-09-26T06:00:20.930000,55.454057,-161.689404,8.21,0.39,7223
2021-09-26T06:06:25.020000,55.365112,-161.747266,16.55,0.55,7226
2021-09-26T13:02:23.830000,54.89397,-162.18252,-2.84,0.45,7234
2021-09-26T13:02:32.110000,54.545972,-162.017171,7.03,1.1,7235
2021-01-24T15:11:08.600000,55.238957,-162.104541,-2.48,0.86,724
2021-09-26T17:39:54.480000,54.662874,-160.894792,17.61,1.71,7243
2021-09-26T19:10:13.220000,55.342037,-161.716162,12.53,0.43,7247
2021-09-26T19:15:41.440000,55.34659,-161.817334,10.59,0.86,7248
2021-09-27T01:34:11.800000,55.25992,-162.01237,-1.51,0.7,7255
2021-09-27T01:40:42.170000,54.572209,-161.306413,24.43,1.61,7256
2021-09-27T02:43:22.290000,55.155575,-162.17736,-2.7,1.5,7257
2021-09-27T03:58:01.930000,55.357699,-161.754248,12.87,0.38,7260
2021-09-27T03:58:27.890000,55.351786,-161.757129,10.24,0.56,7261
2021-09-27T04:01:23.480000,55.372493,-161.761475,12.79,0.52,7262
2021-09-27T04:02:17.010000,55.298576,-161.748031,11.22,0.32,7263
2021-09-27T04:03:00.050000,55.331698,-161.853695,13.62,0.35,7264
2021-09-27T04:04:03.240000,55.360079,-161.768522,13.24,0.61,7265
2021-01-24T18:57:11.980000,55.016467,-161.562077,27.16,2.29,727
2021-09-27T13:01:59.800000,54.83195,-161.027067,27.43,2.66,7276
2021-09-27T15:09:51.930000,55.268685,-161.582975,0.4,0.57,7279
2021-09-27T22:33:47.520000,55.354264,-161.752279,12.73,0.73,7283
2021-09-27T22:43:50.800000,55.341585,-161.856624,11.59,0.62,7284
2021-09-28T17:02:20.040000,55.077726,-161.754801,10.08,1.23,7291
2021-09-29T14:25:43.650000,55.285026,-161.671012,9.71,0.94,7299
2021-01-03T05:08:33.320000,54.99032,-162.271582,0.62,1.68,73
2021-09-29T23:07:14.760000,55.291484,-161.664762,10.9,0.73,7302
2021-09-30T01:02:42.350000,55.166341,-162.25848,-0.12,1.45,7304
2021-09-30T04:38:29.370000,55.354277,-161.813151,13.25,0.94,7305
2021-09-30T06:25:42.820000,55.317053,-161.744336,11.74,1.06,7307
2021-09-30T10:54:12.900000,54.770227,-161.088509,28.23,2.78,7309
2021-01-24T19:36:04.400000,55.150016,-162.060075,-2.13,0.99,731
2021-09-30T11:05:24.260000,54.876945,-161.858415,-3.25,1.33,7310
2021-09-30T12:06:14.080000,54.873356,-161.408691,26.78,2.08,7312
2021-09-30T16:10:14.260000,55.008777,-162.310075,8.19,1.04,7313
2021-01-24T20:52:53.320000,55.323018,-161.714551,-0.15,1.36,732
2021-10-01T05:08:21.090000,54.980098,-162.227083,-2.1,0.62,7321
2021-10-01T07:34:27.850000,54.416146,-162.04471,11.21,1.79,7322
2021-10-01T12:27:28.810000,54.855839,-161.187972,12.14,2.3,7325
2021-10-01T21:23:40.680000,55.017143,-162.386882,12.46,1.91,7329
2021-10-05T02:40:17.360000,54.476709,-162.223486,56.61,1.85,7337
2021-10-05T04:28:38.000000,55.341512,-161.819368,-3.19,0.94,7339
2021-10-05T05:47:43.300000,54.541081,-163.314714,8.3,1.61,7341
2021-10-05T09:17:49.060000,54.826563,-161.904395,-3.9,1.82,7344
2021-10-05T11:39:41.770000,55.359941,-161.569808,4.67,0.38,7345
2021-10-05T15:44:11.500000,55.368868,-161.765544,10.99,0.92,7346
2021-01-24T21:16:22.860000,54.384688,-161.924023,4.35,5.31,735
2021-10-05T19:59:06.520000,55.473372,-161.579508,22.16,1.74,7352
2021-10-06T03:42:47.140000,54.82889,-162.195052,-3.34,2.29,7359
2021-10-06T03:43:08.410000,54.919206,-162.259375,0.46,2.37,7360
2021-10-06T06:28:37.790000,54.996102,-162.440788,2.78,1.83,7366
2021-10-06T06:43:16.770000,55.002051,-162.23916,-1.77,1.92,7368
2021-10-07T06:08:01.930000,55.438993,-161.949284,36.54,1.33,7381
2021-10-07T08:35:23.450000,55.24126,-161.638151,29.5,1.15,7382
2021-10-07T12:25:27.080000,55.462992,-161.693896,9.79,0.1,7384
2021-10-07T16:55:08.410000,55.408321,-161.830859,2.12,0.58,7386
2021-10-09T06:00:37.830000,55.011536,-162.293115,1.56,1.0,7398
2021-10-09T15:06:00.060000,54.561438,-161.810514,6.31,2.39,7400
2021-10-10T10:24:41.910000,55.360885,-161.5979,10.01,0.01,7411
2021-10-10T14:34:51.390000,54.6125,-161.462158,6.87,1.88,7412
2021-10-10T18:56:57.620000,55.3323,-161.984798,12.8,1.05,7416
2021-01-25T04:42:41.100000,55.25304,-161.404622,-0.08,0.75,742
2021-10-11T04:21:03.640000,55.318673,-161.546533,-0.11,0.62,7420
2021-10-11T09:11:04.990000,55.367566,-161.314323,12.28,4.84,7421
2021-10-11T09:11:37.670000,55.385677,-161.38776,13.89,5.55,7422
2021-10-11T12:25:38.770000,54.897933,-161.705501,11.43,2.16,7428
2021-01-25T05:26:56.970000,54.67651,-161.098975,7.41,1.24,743
2021-10-11T17:57:46.220000,55.272571,-161.852783,-0.9,1.36,7433
2021-10-11T19:36:40.820000,55.381763,-161.62583,2.29,2.04,7434
2021-10-11T19:41:45.000000,55.233691,-161.878613,2.38,2.21,7437
2021-10-12T00:54:54.680000,55.42207,-161.44502,16.55,1.59,7439
2021-01-25T05:35:14.720000,55.14058,-161.505713,-1.69,0.69,744
2021-10-12T00:58:01.850000,55.098881,-161.92054,-2.45,1.29,7441
2021-10-12T14:15:00.460000,55.343876,-161.78068,14.16,0.01,7452
2021-10-12T19:06:27.320000,55.300297,-161.954801,9.84,1.39,7455
2021-10-13T05:25:10.620000,54.99696,-162.284733,1.32,1.41,7466
2021-10-13T07:25:59.480000,55.125566,-161.793636,1.27,0.83,7469
2021-10-13T11:34:58.800000,55.050911,-161.069889,33.15,2.14,7471
2021-10-13T17:58:24.680000,54.639705,-161.870133,17.07,1.93,7475
2021-10-14T01:14:01.820000,55.466187,-161.124837,33.87,1.87,7476
2021-10-14T13:04:28.890000,55.211857,-161.676725,-0.27,0.81,7485
2021-10-14T13:54:54.960000,54.644507,-161.402865,7.1,2.52,7486
2021-10-14T15:23:04.770000,55.087386,-161.607975,17.23,0.3,7488
2021-10-14T15:59:58.790000,55.375728,-161.997038,7.65,0.27,7490
2021-10-14T18:05:58.280000,55.178312,-161.458822,-0.26,1.07,7491
2021-10-14T18:10:42.000000,55.431258,-161.626318,5.32,0.54,7492
2021-10-14T19:30:12.680000,54.775403,-161.269629,8.71,2.07,7496
2021-10-14T20:04:46.620000,54.499451,-162.055729,10.72,2.06,7498
2021-10-14T21:35:34.360000,54.91746,-162.217106,-2.57,1.74,7502
2021-10-15T00:17:46.630000,55.223051,-161.42137,-0.69,1.0,7504
2021-10-15T02:46:27.670000,55.39432,-161.772607,0.08,0.92,7505
2021-10-15T02:46:59.190000,55.496798,-161.695752,6.63,1.06,7506
2021-01-25T15:34:57.710000,54.944425,-162.249674,1.32,1.47,751
2021-10-15T08:18:50.760000,55.340149,-161.868962,-3.61,3.14,7513
2021-10-15T09:49:25.910000,54.990999,-162.314811,3.08,1.72,7516
2021-10-15T17:05:09.160000,55.428182,-161.597477,5.47,0.44,7518
2021-10-16T04:28:12.430000,55.399699,-161.014128,18.07,1.35,7522
2021-10-16T06:16:28.400000,55.305086,-160.471061,7.47,1.63,7524
2021-10-16T07:38:27.190000,54.993229,-161.805404,-0.7,1.22,7527
2021-01-25T21:59:06.320000,55.068901,-161.694792,2.39,1.38,753
2021-10-16T09:36:58.120000,55.385339,-161.571826,13.01,0.15,7530
2021-10-16T09:42:50.910000,55.296651,-161.765658,7.73,0.76,7531
2021-10-16T10:05:18.840000,55.434265,-161.664844,8.77,0.4,7533
2021-10-16T10:50:37.620000,55.384261,-161.836963,10.37,0.66,7535
2021-10-16T10:54:30.620000,54.995129,-161.640381,18.3,1.4,7536
2021-10-16T14:19:59.770000,55.391659,-161.806429,11.99,0.69,7538
2021-10-16T17:35:56.920000,55.286755,-161.480876,12.32,0.72,7544
2021-10-16T21:00:20.660000,54.508822,-162.192708,47.98,1.89,7547
2021-10-18T11:13:55.150000,55.353564,-161.656217,12.09,1.19,7559
2021-10-18T15:00:54.420000,55.091691,-162.076953,3.1,1.15,7562
2021-10-18T20:17:32.520000,55.40575,-161.604801,11.14,1.03,7563
2021-10-18T20:24:46.760000,54.883687,-162.166585,-4.74,1.48,7564
2021-10-18T22:23:28.880000,55.398763,-161.549544,-0.84,0.43,7567
2021-10-19T04:56:46.310000,55.379195,-161.563363,-0.74,0.48,7570
2021-10-19T20:46:21.160000,55.367228,-161.664388,13.97,0.96,7579
2021-10-20T03:01:01.950000,55.366951,-161.757129,10.33,0.68,7585
2021-10-20T03:43:33.890000,55.360592,-161.686328,3.89,1.67,7587
2021-10-20T05:26:53.180000,55.402901,-161.590267,2.27,0.2,7588
2021-10-20T10:35:14.490000,55.363,-161.805794,11.48,0.89,7592
2021-10-20T12:41:30.070000,55.429102,-161.759456,-0.26,0.56,7595
2021-10-21T08:25:35.450000,55.255245,-161.369141,19.58,1.83,7606
2021-10-21T11:07:19.000000,55.36003,-161.761816,10.22,1.12,7610
2021-10-21T12:32:42.960000,54.688778,-161.486003,37.94,1.8,7612
2021-10-21T13:18:21.240000,55.425028,-161.877897,9.85,0.66,7613
2021-10-23T20:59:09.760000,55.138802,-161.338558,-4.58,2.46,7627
2021-10-24T14:30:22.340000,54.880489,-162.190007,-3.6,1.15,7633
2021-10-25T08:37:18.800000,54.5217,-161.469629,2.5,1.74,7644
2021-10-25T13:19:39.390000,55.081828,-162.069775,-3.67,1.47,7645
2021-10-25T16:44:28.930000,55.067611,-162.068441,0.48,0.79,7646
2021-10-27T00:00:11.610000,54.418343,-161.610465,5.75,1.89,7663
2021-10-27T02:51:52.550000,54.917965,-162.194287,-2.77,2.05,7665
2021-10-27T03:08:18.840000,54.909049,-162.188118,-4.03,1.11,7667
2021-10-27T03:08:31.560000,54.866296,-162.198177,-4.33,1.39,7668
2021-10-27T06:59:21.040000,55.133972,-163.239355,9.66,3.09,7669
2021-01-26T19:19:41.320000,55.303784,-161.678695,1.85,1.54,767
2021-10-27T10:13:27.080000,55.081364,-162.075212,-1.93,1.51,7674
2021-10-27T12:56:54.520000,55.078105,-162.072314,-1.85,1.1,7677
2021-01-26T19:36:57.400000,54.533842,-162.18859,50.39,1.51,768
2021-10-27T15:11:07.190000,54.378113,-161.527035,3.8,2.49,7681
2021-10-27T16:16:10.700000,54.940519,-161.397673,29.05,1.48,7683
2021-10-28T02:58:56.080000,54.522847,-162.128906,27.01,2.33,7689
2021-10-28T05:53:47.110000,55.37006,-161.580941,6.48,0.32,7691
2021-10-28T11:56:20.050000,55.309949,-161.676742,12.39,1.01,7693
2021-10-28T15:05:52.690000,54.574048,-161.305062,9.6,1.86,7696
2021-10-28T15:59:55.330000,55.340076,-162.20848,7.96,1.58,7699
2021-10-28T18:35:56.320000,54.610274,-161.335872,8.94,1.72,7700
2021-10-28T21:30:22.880000,54.977307,-162.637679,-0.01,1.56,7705
2021-10-28T22:41:30.480000,54.946924,-161.533757,16.18,1.97,7709
2021-10-28T23:59:53.240000,55.302848,-162.171875,34.64,1.45,7711
2021-10-29T05:21:21.060000,54.9533,-161.765023,-0.75,1.21,7719
2021-10-29T08:15:33.330000,55.312687,-161.774528,7.09,0.1,7723
2021-10-29T08:32:40.820000,55.310563,-161.887695,9.3,0.11,7726
2021-10-29T09:20:40.590000,55.20509,-160.871061,9.42,1.9,7730
2021-10-31T01:50:03.110000,55.195801,-161.600993,4.08,1.83,7735
2021-10-31T14:28:01.430000,55.349955,-161.731657,1.38,0.43,7742
2021-10-31T17:11:37.440000,55.367293,-161.488721,8.86,1.34,7750
2021-01-26T23:39:36.360000,55.009253,-161.594727,33.51,2.17,776
2021-11-01T08:41:31.230000,54.834749,-162.798665,3.68,1.52,7766
2021-01-26T23:47:27.680000,54.577157,-162.045329,47.26,1.94,777
2021-11-01T11:00:23.120000,55.233325,-161.504362,19.63,1.64,7775
2021-11-01T11:27:00.290000,54.840662,-161.264893,26.51,2.63,7779
2021-11-01T14:58:47.600000,55.287561,-161.032699,34.98,1.78,7788
2021-11-01T17:08:19.660000,54.827901,-162.40109,10.02,0.9,7792
2021-11-01T18:29:17.320000,55.256478,-163.47002,2.47,2.8,7794
2021-11-01T19:31:08.760000,55.251143,-161.708561,4.36,1.33,7796
2021-11-01T20:26:55.080000,55.358073,-161.62085,4.86,0.67,7798
2021-11-02T01:36:10.520000,55.288127,-161.266813,-3.55,1.2,7803
2021-11-02T01:51:05.080000,54.546883,-161.693831,6.92,2.08,7805
2021-11-02T02:20:10.120000,55.330192,-161.761556,9.6,0.58,7807
2021-11-02T07:05:03.480000,54.938839,-162.238688,0.11,0.95,7810
2021-11-02T08:21:34.860000,55.273442,-161.980127,8.26,1.73,7812
2021-11-02T18:12:27.240000,54.88127,-162.189827,-0.42,0.97,7825
2021-11-02T19:03:34.880000,55.372628,-161.738135,13.93,0.8,7829
2021-11-03T01:28:35.040000,55.182043,-161.716862,19.68,1.1,7834
2021-11-03T07:48:30.330000,54.876628,-160.97946,8.59,2.25,7835
2021-11-03T13:15:20.100000,55.063448,-161.586051,28.98,2.25,7836
2021-11-03T13:15:42.950000,55.307642,-161.649365,1.73,1.25,7837
2021-11-04T03:45:18.940000,55.380432,-161.485303,0.2,0.99,7842
2021-11-04T03:54:36.170000,55.41427,-161.573454,6.38,1.28,7843
2021-11-04T06:52:14.580000,55.438005,-160.949772,48.33,2.29,7846
2021-11-04T06:52:54.160000,55.540401,-161.862712,5.8,1.61,7847
2021-11-04T08:58:06.320000,54.995614,-162.295703,2.08,2.84,7849
2021-11-04T23:40:36.760000,55.206474,-161.914062,-2.04,1.18,7857
2021-11-05T04:25:23.150000,55.434436,-161.648975,13.3,1.03,7861
2021-11-05T04:27:55.680000,55.34054,-161.560173,13.92,1.18,7862
2021-11-05T13:17:58.590000,55.443302,-161.816732,16.85,0.98,7871
2021-11-05T15:50:47.600000,55.313017,-161.650977,3.15,1.26,7872
2021-11-05T15:59:56.170000,55.424687,-161.916488,16.2,1.65,7873
2021-11-05T17:27:28.180000,55.337484,-161.726969,25.44,1.83,7874
2021-11-05T21:49:09.460000,54.895215,-162.499219,23.49,1.92,7877
2021-11-05T23:58:02.800000,55.172518,-161.848649,6.95,1.86,7878
2021-11-05T23:58:03.280000,55.394482,-161.58986,16.62,0.85,7879
2021-11-06T00:01:51.880000,55.328499,-161.940951,8.98,1.32,7880
2021-11-06T11:17:24.780000,54.952332,-162.237077,-2.81,1.25,7882
2021-11-06T14:47:26.170000,55.32487,-161.692757,11.25,1.61,7884
2021-11-06T15:59:52.300000,55.298865,-162.148014,43.4,1.67,7889
2021-11-06T21:35:46.340000,55.385502,-161.832617,0.65,0.28,7890
2021-11-07T03:21:01.220000,54.932613,-160.405778,6.04,2.31,7894
2021-01-27T02:07:34.090000,55.00293,-162.268929,14.88,1.76,790
2021-11-07T10:51:56.460000,55.42065,-161.930745,8.63,1.49,7903
2021-11-07T16:53:34.000000,55.426563,-161.654687,11.62,1.17,7909
2021-11-07T17:58:05.480000,55.318998,-160.4986,8.73,3.12,7913
2021-11-08T03:22:52.080000,55.28453,-161.632552,22.77,1.86,7915
2021-11-08T03:31:27.630000,55.339132,-161.850309,15.12,1.9,7916
2021-01-27T03:08:54.400000,55.267676,-161.550293,6.68,-0.2,792
2021-11-08T11:05:30.930000,55.509993,-162.027018,9.42,1.43,7927
2021-01-27T04:14:05.600000,54.493978,-162.073584,45.42,1.6,793
2021-11-08T15:59:52.110000,55.373136,-162.319499,39.74,1.57,7933
2021-11-08T16:33:19.780000,55.69633,-162.054167,-3.44,2.08,7935
2021-01-27T04:24:07.520000,55.0533,-161.468066,12.64,1.7,794
2021-11-08T19:29:09.160000,55.276982,-161.718424,17.68,1.93,7940
2021-11-08T19:29:09.400000,55.570455,-161.869596,-4.59,1.29,7941
2021-11-08T21:15:02.200000,55.094267,-161.85765,4.73,0.97,7947
2021-11-09T00:01:28.320000,54.706856,-161.842985,28.75,1.25,7949
2021-11-09T05:52:12.820000,55.548368,-161.879704,9.99,1.09,7954
2021-11-09T13:08:43.120000,55.021269,-162.277686,13.35,1.1,7961
2021-11-09T13:16:10.510000,55.228898,-161.839909,0.75,0.3,7963
2021-11-09T18:11:27.600000,54.530265,-161.762191,36.05,1.31,7968
2021-11-09T18:21:38.620000,54.907987,-162.2243,0.15,0.36,7969
2021-01-27T07:10:24.620000,54.883862,-161.497917,23.44,1.38,797
2021-11-10T01:47:18.030000,54.508968,-163.238737,-2.22,2.06,7975
2021-11-11T19:00:20.740000,55.324345,-161.992643,3.71,1.81,7993
2021-11-11T23:59:58.720000,55.400997,-161.940495,11.65,1.6,7995
2021-11-12T00:50:11.410000,55.070036,-162.858333,-1.53,1.46,7996
2021-01-01T12:35:10.250000,54.626546,-161.424202,7.24,1.64,8
2021-11-12T10:29:04.990000,55.359928,-161.79126,-4.01,1.7,8000
2021-11-12T12:16:57.780000,55.263855,-161.305452,8.82,1.48,8002
2021-11-12T12:22:52.320000,55.341423,-161.952051,2.31,0.08,8003
2021-11-12T16:32:31.630000,55.346391,-161.983008,1.93,1.05,8006
2021-11-12T19:29:55.040000,55.437097,-161.744271,5.86,1.58,8013
2021-11-12T19:37:15.160000,55.40474,-161.815316,0.91,0.31,8016
2021-11-12T19:44:20.220000,55.449898,-161.654769,0.4,0.07,8017
2021-11-12T19:46:31.100000,54.983691,-162.774235,-2.3,1.44,8018
2021-11-12T21:19:52.360000,54.50035,-163.239518,1.85,2.15,8019
2021-11-13T03:01:50.770000,55.53217,-161.849398,6.11,0.98,8025
2021-11-13T12:07:42.110000,54.487113,-163.219157,5.06,2.11,8038
2021-01-27T09:05:59.860000,54.372949,-162.137093,32.0,2.0,804
2021-11-13T16:11:33.520000,55.337268,-161.737516,10.58,1.84,8047
2021-11-13T19:22:38.240000,55.390377,-161.689941,9.92,0.36,8051
2021-11-13T19:25:42.980000,55.362325,-161.877279,18.56,1.66,8055
2021-11-13T19:35:13.960000,55.36274,-161.877604,-3.63,0.32,8060
2021-11-14T00:04:47.620000,54.531087,-163.292106,9.07,1.67,8066
2021-11-14T02:14:19.220000,55.30872,-161.651497,3.22,1.62,8067
2021-11-14T02:18:35.640000,55.520146,-161.792432,9.84,1.27,8069
2021-11-14T07:25:28.680000,55.435478,-161.723942,0.73,0.93,8081
2021-11-14T07:26:08.610000,55.43831,-161.905257,11.03,1.26,8082
2021-11-14T10:55:24.590000,55.464583,-161.825863,-2.14,0.78,8089
2021-11-14T13:55:19.410000,55.450297,-161.952767,10.26,1.38,8091
2021-01-03T06:05:04.400000,55.151135,-161.924398,0.43,1.21,81
2021-11-14T17:16:07.320000,55.521594,-161.836296,5.02,1.64,8100
2021-11-14T17:18:04.880000,55.351139,-161.765625,-1.45,0.66,8102
2021-11-14T17:25:59.040000,55.285437,-161.645719,27.22,1.46,8104
2021-11-14T19:19:47.880000,55.435677,-161.905664,11.83,0.93,8108
2021-11-14T19:23:13.420000,55.367383,-161.79484,15.95,1.1,8109
2021-11-14T19:26:53.560000,55.472347,-161.87373,6.89,1.88,8110
2021-11-14T22:28:10.480000,55.465153,-161.963607,10.78,1.3,8115
2021-11-14T22:42:20.600000,55.372457,-161.836816,0.95,0.1,8118
2021-11-15T00:46:32.610000,54.869653,-161.144824,51.87,2.01,8122
2021-11-15T01:23:57.330000,55.36016,-161.775684,-3.39,1.73,8123
2021-11-15T01:29:06.490000,55.36346,-161.781299,2.55,1.92,8124
2021-11-15T03:37:21.680000,54.862012,-162.151676,-4.7,1.73,8128
2021-11-15T05:51:09.790000,55.351632,-161.781901,19.24,1.43,8134
2021-01-27T15:31:11.300000,55.161707,-161.371077,26.48,2.57,814
2021-11-15T08:54:46.400000,55.370349,-161.786605,3.1,-0.04,8140
2021-11-15T08:56:45.260000,55.282642,-161.814355,-2.66,0.46,8141
2021-11-15T09:15:48.330000,54.593331,-161.469873,7.79,1.82,8143
2021-11-15T09:19:55.650000,55.297217,-160.638298,28.47,2.52,8144
2021-11-15T11:22:49.180000,55.304207,-161.674919,12.51,1.45,8146
2021-11-15T13:05:53.540000,55.561141,-161.801969,11.32,1.28,8154
2021-11-15T13:09:28.980000,55.374992,-161.901383,10.8,1.22,8155
2021-11-15T14:21:15.670000,55.235352,-161.823779,2.66,1.02,8159
2021-11-15T15:56:26.510000,55.448808,-161.855355,4.31,0.79,8170
2021-11-15T17:16:09.000000,55.248124,-161.472656,12.21,1.41,8172
2021-11-15T17:16:10.220000,55.311926,-161.981348,13.42,1.47,8173
2021-11-15T20:41:50.660000,55.36165,-161.792334,13.65,1.01,8177
2021-11-15T20:51:40.840000,55.378597,-161.895101,0.8,-0.23,8184
2021-11-15T20:57:10.560000,55.387337,-161.859652,6.17,1.37,8185
2021-01-27T16:46:04.770000,54.57277,-161.276546,8.38,2.23,819
2021-11-16T03:30:03.310000,55.316541,-161.812712,-1.54,0.82,8198
2021-01-27T18:18:23.920000,54.991724,-161.666081,18.99,1.47,820
2021-11-16T06:59:06.090000,55.381856,-161.750537,12.91,1.23,8202
2021-11-16T14:00:11.820000,55.418376,-161.884977,16.33,1.45,8214
2021-01-27T19:30:37.740000,54.973503,-162.481803,16.42,1.29,822
2021-11-16T15:18:49.760000,54.562691,-162.551383,13.49,2.41,8221
2021-11-16T18:49:55.840000,54.459399,-163.1632,-4.25,2.53,8225
2021-11-16T19:39:22.660000,54.409619,-162.084961,10.86,2.15,8227
2021-11-16T20:07:11.760000,55.378817,-161.929899,8.89,1.38,8228
2021-11-16T23:01:52.360000,55.221122,-161.352816,12.38,1.27,8235
2021-11-17T02:43:56.140000,55.720935,-160.55472,6.54,1.77,8241
2021-11-17T02:54:09.390000,54.954989,-162.798291,-1.52,2.12,8243
2021-11-17T06:12:34.270000,54.991862,-162.297705,-3.13,1.65,8245
2021-01-27T21:14:15.200000,54.448181,-162.193457,39.16,1.67,825
2021-11-17T10:03:04.400000,54.520003,-162.012728,6.08,2.48,8256
2021-11-17T11:28:57.750000,55.366508,-161.791748,14.7,1.34,8258
2021-01-27T21:23:44.000000,54.959631,-162.28999,-0.83,0.87,826
2021-11-17T15:59:56.940000,55.392069,-161.953564,12.27,1.25,8262
2021-11-17T17:13:00.100000,55.125745,-162.202311,1.71,2.2,8266
2021-11-17T20:19:27.640000,55.115381,-161.940137,-0.1,1.1,8268
2021-11-17T20:19:25.860000,54.778796,-161.339242,5.57,1.47,8269
2021-11-17T20:23:38.000000,55.367147,-161.900684,0.24,0.46,8271
2021-11-17T20:34:06.520000,55.314315,-161.688525,12.6,1.19,8274
2021-11-18T00:31:48.740000,55.361877,-162.579329,-2.88,2.22,8283
2021-11-18T05:20:30.960000,55.433736,-161.446842,25.79,1.37,8294
2021-11-18T13:55:36.060000,55.361304,-161.805632,-4.11,-0.38,8300
2021-11-18T13:57:48.780000,55.337809,-161.724219,13.55,1.19,8301
2021-11-18T14:06:29.200000,54.950464,-162.250863,-1.57,1.94,8304
2021-11-18T14:45:46.680000,54.578369,-161.291797,7.61,3.05,8309
2021-11-18T17:49:22.420000,55.423214,-161.897119,13.23,1.07,8312
2021-11-18T17:54:37.680000,55.388212,-161.531266,13.98,1.33,8314
2021-11-18T20:18:26.560000,55.37627,-161.771159,0.85,0.6,8324
2021-11-19T01:59:23.610000,55.375391,-161.774723,15.44,1.15,8331
2021-11-19T02:03:37.280000,55.402478,-161.808968,-3.13,0.84,8333
2021-11-19T02:06:44.450000,55.381433,-161.874919,6.83,1.13,8334
2021-11-19T02:11:28.960000,55.335018,-161.804574,4.05,-0.22,8336
2021-11-19T03:51:08.950000,54.596859,-161.276953,9.15,2.79,8339
2021-11-19T21:15:04.960000,55.428324,-161.897135,12.47,1.71,8353
2021-11-20T02:34:10.260000,55.441972,-161.848486,3.43,0.72,8359
2021-11-20T04:39:09.650000,55.42618,-161.879102,14.38,1.35,8361
2021-11-20T07:59:54.530000,55.348816,-162.267594,16.09,0.94,8365
2021-11-20T15:21:53.500000,55.324935,-161.641309,12.16,1.18,8369
2021-11-20T18:17:19.740000,55.303027,-161.412467,19.98,1.38,8375
2021-11-20T18:17:23.120000,55.422042,-161.894743,10.36,1.26,8376
2021-11-20T18:19:35.040000,55.345284,-161.880306,19.96,1.14,8378
2021-11-21T03:30:18.880000,55.496818,-161.850553,6.31,1.11,8388
2021-11-21T03:41:23.370000,55.355294,-162.023763,7.78,1.53,8390
2021-11-21T10:03:08.170000,55.458085,-161.822477,-1.27,0.6,8393
2021-11-21T10:48:23.240000,55.130941,-161.158854,26.1,2.29,8398
2021-11-21T14:34:30.970000,54.788159,-161.828304,12.96,1.96,8401
2021-11-21T14:40:33.040000,54.765389,-161.853044,-4.23,1.7,8402
2021-11-22T07:45:44.950000,54.488334,-161.100472,14.76,2.09,8412
2021-11-22T11:28:08.740000,55.414018,-161.710807,31.24,2.11,8416
2021-11-22T11:29:03.600000,55.334351,-161.926872,4.09,1.49,8417
2021-11-22T12:36:18.840000,54.603446,-162.335693,51.41,1.71,8418
2021-11-23T01:14:59.760000,54.87594,-162.052734,-3.11,1.23,8424
2021-11-23T05:05:26.980000,55.34753,-162.282031,-0.24,1.96,8427
2021-11-23T05:21:03.870000,55.353768,-161.624495,0.37,2.0,8428
2021-11-23T07:19:07.070000,55.241073,-160.946973,8.46,1.73,8430
2021-11-23T11:15:25.230000,55.191296,-161.896045,-1.52,0.88,8434
2021-11-23T19:31:53.040000,54.854687,-161.191032,27.02,2.1,8441
2021-11-23T21:04:09.380000,54.42808,-163.13514,0.81,1.95,8443
2021-11-24T00:35:32.770000,55.450688,-161.669727,16.79,1.04,8445
2021-11-25T02:43:28.300000,55.367712,-161.665755,8.83,1.71,8456
2021-11-25T16:50:49.730000,54.64456,-161.491439,37.39,1.73,8466
2021-11-25T18:59:36.000000,55.337195,-161.697282,13.21,0.94,8469
2021-01-28T10:39:30.020000,54.864058,-162.053141,-1.5,1.71,847
2021-11-25T19:00:27.500000,55.446191,-161.909391,7.94,1.25,8471
2021-11-25T22:33:55.400000,55.366532,-161.781462,16.18,1.45,8474
2021-11-25T22:36:54.340000,55.386755,-161.902441,20.09,1.52,8476
2021-01-28T11:14:23.220000,54.517826,-161.159163,8.22,2.08,848
2021-11-26T02:05:26.450000,54.952177,-161.67194,7.31,1.38,8481
2021-11-26T03:17:31.660000,55.375008,-161.863249,-2.28,-0.18,8485
2021-11-26T03:24:12.060000,55.270833,-161.684928,10.66,0.73,8486
2021-11-26T05:08:19.870000,55.188045,-161.88488,0.56,0.81,8489
2021-11-27T04:25:45.400000,54.892155,-162.585417,21.15,1.58,8497
2021-11-27T04:26:13.670000,55.005794,-162.344466,4.29,0.79,8498
2021-11-27T07:59:57.370000,55.452169,-161.851514,10.16,1.47,8499
2021-11-27T08:04:23.960000,54.635502,-161.862891,17.14,2.31,8502
2021-11-27T19:49:46.320000,54.84974,-162.034847,-2.99,1.39,8505
2021-01-28T18:16:09.840000,54.697941,-162.499089,66.86,1.72,852
2021-11-29T04:14:51.710000,55.360856,-161.642074,14.23,1.03,8522
2021-11-29T04:21:09.920000,55.245691,-161.530648,12.62,1.66,8523
2021-11-29T08:37:36.720000,55.230111,-161.85498,18.43,0.98,8527
2021-11-29T11:15:37.630000,54.327869,-161.623503,3.63,2.15,8529
2021-11-29T13:36:24.210000,55.373206,-161.828337,-0.19,0.56,8533
2021-11-29T13:43:41.000000,55.437781,-161.799365,9.02,0.58,8534
2021-11-29T18:02:47.480000,55.425895,-161.904964,3.48,1.1,8535
2021-01-28T18:32:52.000000,54.893852,-162.637793,7.06,1.68,854
2021-11-29T23:59:25.400000,55.395308,-161.656738,7.65,0.41,8541
2021-11-30T00:00:16.860000,55.14021,-161.562044,-2.26,1.33,8542
2021-11-30T05:28:07.110000,55.342843,-161.685514,11.12,0.4,8544
2021-11-30T07:01:22.390000,55.360819,-161.708447,14.62,1.28,8546
2021-11-30T07:02:53.300000,55.286483,-161.548975,5.25,1.42,8547
2021-11-30T09:02:08.860000,55.336967,-161.727539,14.35,1.78,8550
2021-11-30T13:54:36.420000,55.336633,-161.655501,16.26,1.66,8557
2021-11-30T16:30:26.790000,55.259591,-161.526237,0.51,1.58,8563
2021-11-30T19:19:37.040000,55.40129,-161.794808,0.61,2.02,8569
2021-11-30T22:56:24.360000,55.312533,-161.53501,-1.33,1.11,8572
2021-11-30T23:36:08.520000,54.815792,-161.320475,15.5,2.0,8575
2021-01-28T20:22:40.580000,55.154549,-161.370101,12.4,1.66,858
2021-12-01T00:50:59.710000,55.230302,-161.709863,26.07,1.42,8580
2021-12-01T01:35:03.920000,55.321863,-161.52679,10.45,1.5,8582
2021-12-01T01:35:04.190000,55.41051,-161.976986,16.55,1.74,8583
2021-12-01T02:51:19.420000,55.342578,-161.77832,9.26,1.31,8586
2021-12-01T06:49:08.550000,55.329431,-161.560937,5.11,0.89,8593
2021-12-01T08:10:19.440000,55.369902,-161.636344,5.16,0.17,8597
2021-12-01T09:20:19.980000,55.311076,-161.507731,6.81,1.33,8598
2021-12-01T11:31:06.300000,55.330001,-161.930208,11.92,1.46,8603
2021-12-01T16:26:32.770000,55.404301,-161.848568,12.86,1.03,8613
2021-12-01T16:35:10.190000,55.319067,-161.680176,21.07,0.53,8614
2021-12-01T17:34:16.020000,55.185026,-162.449089,20667.45,0.89,8617
2021-12-01T20:56:40.960000,55.191679,-161.00612,8.4,2.12,8624
2021-12-01T20:56:50.000000,55.754968,-162.00127,-3.5,2.23,8625
2021-12-01T22:26:48.760000,55.415096,-161.774023,14.0,0.72,8635
2021-12-01T22:31:44.380000,54.998027,-162.410612,12.7,1.66,8637
2021-01-29T05:23:13.850000,55.101835,-161.534798,17.13,1.58,864
2021-12-01T23:55:37.140000,55.169002,-161.111523,29.49,2.33,8641
2021-12-01T23:56:10.480000,55.365308,-161.665967,33.78,2.77,8642
2021-12-02T01:40:49.030000,55.745113,-162.039339,-3.0,2.29,8652
2021-12-02T02:17:42.160000,54.99578,-162.299105,-3.37,2.49,8655
2021-12-02T02:29:38.380000,54.963892,-162.59126,18.81,2.39,8657
2021-12-02T04:45:45.390000,55.413371,-161.74349,-1.81,0.07,8664
2021-12-02T05:44:39.610000,55.161214,-160.843473,8.04,1.88,8666
2021-12-02T07:16:18.990000,55.159196,-162.227148,-4.21,1.81,8667
2021-12-02T08:01:59.270000,55.252389,-161.751725,17.04,1.0,8669
2021-12-02T08:08:59.870000,55.398145,-161.449528,0.5,0.92,8671
2021-12-02T08:25:55.680000,55.426506,-161.898828,11.98,0.99,8674
2021-12-02T10:35:13.860000,55.375407,-161.565446,7.69,0.63,8675
2021-12-02T10:42:46.370000,55.402942,-161.560238,19.84,1.28,8678
2021-01-29T09:19:52.570000,55.558826,-162.038428,14.24,1.37,868
2021-12-02T13:37:36.190000,54.796484,-160.910384,38.19,1.94,8688
2021-12-02T14:37:17.910000,55.38623,-161.8604,-2.49,0.23,8693
2021-12-02T16:05:13.840000,55.383801,-161.842594,-3.36,0.54,8703
2021-12-02T17:28:37.520000,55.256018,-161.641504,-0.41,0.36,8705
2021-01-29T12:09:21.560000,55.366585,-161.846387,8.4,-0.19,872
2021-12-02T23:44:44.060000,55.35481,-161.678532,3.39,0.75,8724
2021-12-02T23:59:57.720000,55.446228,-161.851367,8.55,1.11,8727
2021-12-03T00:49:56.740000,55.339421,-161.66805,11.39,1.72,8728
2021-12-03T00:54:31.420000,55.393156,-161.861572,-0.75,0.83,8730
2021-12-03T01:01:10.080000,55.367965,-161.821729,-3.09,-1.02,8731
2021-12-03T01:49:10.520000,55.454911,-161.87404,14.49,1.27,8732
2021-12-03T01:53:33.400000,55.354618,-161.623014,9.54,1.8,8733
2021-12-03T03:05:35.500000,55.4304,-161.89764,13.61,1.59,8734
2021-12-03T04:16:15.570000,55.412085,-161.868001,15.51,1.22,8737
2021-12-03T04:19:21.380000,55.099182,-161.485059,28.12,1.29,8738
2021-12-03T05:28:05.000000,55.341272,-161.874805,1.82,-0.13,8742
2021-12-03T07:34:06.930000,55.382463,-161.655176,12.17,0.89,8744
2021-12-03T07:34:46.500000,55.40177,-161.918994,15.88,1.19,8745
2021-12-03T08:35:48.350000,54.838379,-161.324756,8.55,1.92,8749
2021-12-03T08:37:28.130000,55.141833,-161.933496,0.94,0.43,8751
2021-12-03T08:57:34.190000,55.371399,-161.893229,12.9,1.13,8752
2021-12-03T09:01:48.410000,55.284257,-161.63641,8.09,0.14,8755
2021-12-03T09:02:59.990000,55.422201,-161.873779,12.47,1.17,8756
2021-12-03T09:05:19.590000,55.403048,-161.641797,3.96,0.29,8757
2021-12-03T10:32:51.380000,55.268542,-161.643376,14.11,1.8,8762
2021-12-03T10:45:25.490000,55.353906,-161.488753,26.93,1.07,8764
2021-12-03T12:37:22.850000,55.361267,-161.808301,16.87,1.21,8766
2021-12-03T12:43:57.210000,55.460038,-161.797184,-1.0,0.6,8767
2021-12-03T12:49:37.740000,55.470325,-161.307568,27.24,1.24,8769
2021-12-03T13:35:32.780000,55.062907,-163.288411,9.02,2.45,8771
2021-12-03T13:35:45.450000,55.337166,-161.896777,-0.33,2.04,8772
2021-12-03T15:05:04.940000,55.371244,-161.796615,15.34,1.27,8773
2021-12-03T16:53:35.670000,55.369865,-161.789062,15.77,1.02,8778
2021-01-29T21:12:04.580000,55.197575,-162.045166,25.75,2.51,878
2021-12-03T19:02:23.700000,55.322172,-161.807015,11.8,1.02,8783
2021-12-03T23:35:30.040000,54.8587,-161.29502,24.44,1.64,8791
2021-12-04T04:02:43.630000,55.165356,-162.234668,-4.23,1.76,8797
2021-12-04T04:09:58.140000,55.24801,-160.975944,27.3,2.79,8799
2021-01-03T08:00:13.330000,55.24043,-161.711914,-1.13,1.86,88
2021-12-04T06:03:50.890000,55.455542,-161.275667,32.16,1.39,8801
2021-12-04T07:03:29.580000,55.317603,-161.718538,13.59,1.1,8802
2021-12-04T07:37:14.660000,54.883346,-162.151986,-4.63,1.13,8805
2021-12-04T09:21:53.170000,55.504036,-161.757292,46.42,1.98,8810
2021-12-04T14:06:09.000000,55.268888,-161.567513,0.83,1.65,8816
2021-12-04T15:52:45.970000,55.329309,-161.546598,11.68,1.37,8817
2021-12-04T15:57:48.990000,55.448897,-161.860986,8.49,1.24,8818
2021-12-04T17:28:52.720000,55.238175,-161.727799,28.6,0.74,8820
2021-12-04T17:39:59.560000,55.528564,-161.764437,3.64,2.13,8822
2021-12-04T17:40:57.920000,55.529024,-161.76582,3.24,1.61,8823
2021-12-04T19:15:55.520000,55.423515,-161.882357,0.85,0.94,8824
2021-12-04T20:16:11.640000,55.34659,-161.657829,7.12,1.14,8826
2021-01-30T06:22:29.270000,54.716703,-160.774316,7.05,2.02,883
2021-12-04T22:26:27.100000,55.372111,-161.685482,16.8,1.57,8831
2021-12-04T22:46:44.120000,55.42194,-161.910677,15.39,1.42,8837
2021-12-04T23:45:32.700000,55.316366,-161.872575,12.49,0.56,8841
2021-12-04T23:53:25.800000,55.470793,-161.863135,5.55,0.97,8842
2021-12-05T01:02:23.740000,54.956889,-162.258708,1.26,2.35,8847
2021-12-05T01:03:08.530000,54.956311,-162.27124,1.76,2.63,8848
2021-12-05T03:59:25.660000,54.608004,-161.302214,9.62,1.68,8852
2021-12-05T17:33:52.320000,55.369165,-161.81696,-2.72,0.29,8856
2021-12-06T08:16:09.930000,54.954936,-160.615007,5.82,2.45,8866
2021-12-06T08:21:39.870000,55.361235,-161.819092,-2.1,0.58,8868
2021-12-06T13:16:04.960000,54.527665,-161.139746,3.98,2.76,8873
2021-12-06T15:44:52.720000,54.559115,-161.669368,29.61,2.3,8875
2021-12-06T17:19:45.340000,54.937325,-162.24751,0.82,1.77,8877
2021-12-07T01:34:27.230000,55.418693,-162.715951,-3.35,1.9,8882
2021-12-07T06:10:27.020000,55.501965,-161.781901,9.78,1.23,8883
2021-12-07T11:30:18.670000,55.321228,-161.70752,2.26,1.72,8890
2021-12-07T17:12:46.200000,55.330282,-161.862858,13.17,1.24,8898
2021-12-07T18:53:58.640000,55.405701,-161.794727,-0.06,1.27,8900
2021-12-07T21:13:49.560000,55.351676,-161.578499,5.89,0.28,8901
2021-12-07T21:50:32.960000,54.576554,-162.653597,55.27,2.1,8903
2021-12-08T02:53:24.610000,55.166923,-162.244238,-4.2,1.89,8906
2021-12-09T00:17:03.820000,54.953084,-162.207422,-2.9,1.88,8917
2021-12-09T15:50:32.750000,54.928821,-161.415007,32.08,1.98,8922
2021-01-30T17:50:51.480000,55.031152,-162.353988,-3.31,1.42,893
2021-12-10T20:39:33.020000,54.715621,-162.279801,36.39,1.65,8931
2021-12-12T18:25:25.960000,54.596806,-161.699544,39.48,2.78,8950
2021-12-13T05:58:10.800000,55.312744,-161.861637,5.2,0.69,8953
2021-12-13T13:50:24.210000,55.36641,-161.201042,28.03,2.05,8956
2021-01-30T17:57:05.200000,55.165951,-161.952214,-0.16,1.45,896
2021-12-13T19:32:58.460000,54.994918,-162.284391,-4.01,1.89,8960
2021-12-14T00:02:46.650000,55.222091,-161.686019,4.01,2.83,8963
2021-12-14T01:23:16.370000,55.187378,-161.506022,16.9,2.79,8965
2021-12-14T04:38:33.360000,55.193099,-161.922152,4.79,1.27,8969
2021-01-30T18:13:55.680000,54.569661,-161.295573,5.98,1.99,897
2021-12-14T10:44:00.810000,55.318579,-161.541504,11.28,1.06,8972
2021-12-14T12:50:16.640000,55.321041,-161.500586,7.6,1.36,8973
2021-12-14T12:53:17.510000,55.321891,-161.61779,12.62,1.45,8974
2021-12-14T19:06:21.180000,54.841207,-160.796745,37.4,2.41,8979
2021-12-14T20:57:09.380000,55.112081,-161.586507,22.7,1.88,8981
2021-12-14T23:59:41.760000,55.361633,-161.698389,13.26,0.69,8985
2021-01-30T18:26:55.200000,55.14565,-161.861198,5.16,1.33,899
2021-12-15T15:34:39.310000,55.629183,-161.531527,-0.19,1.4,8992
2021-12-15T23:10:22.000000,54.768726,-160.96123,40.13,1.96,8994
2021-01-30T19:12:24.920000,54.789278,-161.210091,44.02,2.8,900
2021-12-16T17:25:21.240000,54.56709,-163.333447,7.46,1.49,9008
2021-12-16T21:14:37.960000,54.51984,-161.723779,10.4,1.59,9009
2021-01-30T19:18:38.860000,54.881551,-161.392952,31.06,1.34,901
2021-12-17T08:25:49.790000,54.903304,-162.17321,-4.53,0.91,9015
2021-12-17T10:33:53.560000,54.966589,-162.948633,-4.21,1.86,9020
2021-12-17T10:34:12.130000,55.01182,-162.450244,2.92,2.23,9021
2021-12-18T17:42:15.920000,54.497481,-163.192708,-3.16,2.48,9035
2021-12-18T17:42:41.600000,55.04307,-162.144564,-2.17,2.08,9036
2021-01-30T20:48:08.580000,54.49189,-161.693831,6.17,1.99,904
2021-12-19T18:09:04.320000,55.219283,-161.883789,1.27,0.53,9046
2021-12-19T18:26:36.080000,55.319902,-160.925228,39.27,2.04,9047
2021-12-19T23:18:40.420000,55.297066,-160.84152,43.45,2.3,9048
2021-12-20T09:47:22.390000,55.169368,-161.895378,-0.1,0.65,9056
2021-12-21T06:47:30.560000,55.419096,-161.992611,9.8,1.4,9069
2021-12-21T08:30:58.740000,55.389754,-161.500521,7.18,0.09,9073
2021-12-21T08:33:18.760000,55.41331,-161.619027,6.31,1.08,9074
2021-12-21T08:34:55.170000,55.241781,-161.741895,11.66,2.04,9077
2021-12-21T08:34:54.460000,55.577657,-161.834066,-2.43,1.53,9078
2021-12-21T08:40:16.250000,55.358492,-161.773535,-1.61,1.64,9080
2021-12-21T09:46:21.170000,55.355485,-161.809408,-2.69,0.24,9084
2021-12-21T09:54:02.630000,55.241557,-161.442448,8.22,0.69,9086
2021-12-21T10:50:08.170000,55.491711,-161.872184,-0.92,1.61,9088
2021-12-21T10:55:36.920000,55.341772,-161.733805,13.68,0.4,9090
2021-12-21T11:40:09.260000,54.691223,-161.576123,46.02,1.83,9092
2021-12-21T13:14:10.440000,55.5071,-161.805355,8.38,0.33,9096
2021-12-21T13:23:26.750000,55.484037,-161.718457,0.7,0.79,9099
2021-01-31T00:52:56.570000,55.171118,-162.620492,32.33,1.74,910
2021-12-21T13:28:58.390000,54.863875,-160.986019,26.98,1.59,9102
2021-12-21T14:32:38.950000,55.370162,-161.800016,14.81,1.07,9104
2021-12-21T17:13:57.840000,55.34814,-161.785742,-2.73,0.65,9109
2021-01-31T01:00:39.860000,54.423572,-161.41084,12.01,1.9,911
2021-12-21T17:25:46.040000,55.329862,-161.636491,9.62,0.71,9112
2021-12-21T17:30:20.280000,55.326737,-161.698014,-2.2,0.51,9114
2021-12-21T19:04:25.760000,54.481478,-161.322575,6.22,1.51,9118
2021-12-21T19:57:17.840000,55.206266,-161.690104,-1.03,1.43,9119
2021-01-31T01:01:06.140000,54.780347,-161.697786,26.11,1.85,912
2021-12-21T20:56:06.200000,54.992334,-162.292855,-3.65,1.56,9121
2021-12-21T23:32:21.760000,55.394674,-161.913916,0.36,0.87,9132
2021-12-22T01:02:45.760000,55.318656,-161.522542,0.59,0.24,9136
2021-12-22T01:04:50.330000,55.259591,-161.582227,0.56,1.5,9137
2021-12-22T01:14:13.210000,55.299687,-161.133805,55.92,1.57,9139
2021-12-22T01:16:01.880000,55.348226,-161.791243,-2.17,1.44,9140
2021-01-31T05:23:58.610000,55.154944,-161.753353,10.54,1.69,915
2021-12-22T06:38:05.150000,55.235685,-161.48501,16.22,1.01,9150
2021-12-29T04:01:11.250000,55.133695,-162.428141,-1.62,0.89,9161
2021-12-29T18:38:04.660000,55.072375,-162.098714,6.94,3.03,9169
2021-12-30T04:06:38.910000,55.338664,-161.599919,12.3,1.1,9173
2021-01-31T06:25:51.420000,55.312724,-161.686361,0.97,0.56,918
2021-12-30T09:00:57.560000,55.285901,-161.737109,11.93,0.6,9186
2021-01-31T06:26:03.830000,55.211979,-161.408122,4.54,0.34,919
2021-12-30T09:18:12.840000,55.157727,-161.693913,10.59,0.81,9190
2021-12-30T13:22:12.030000,55.331042,-161.728337,4.97,0.72,9199
2021-12-30T15:59:48.160000,54.912435,-161.129199,14.42,0.99,9205
2021-12-30T18:59:34.140000,55.338432,-161.571631,4.45,0.72,9208
2021-12-30T20:35:50.160000,55.391512,-161.80651,0.16,-0.22,9209
2021-12-30T21:34:26.520000,54.51689,-162.276742,45.47,1.9,9211
2021-12-30T23:37:45.200000,54.625802,-163.305339,8.64,2.01,9214
2021-12-31T02:33:09.430000,55.3448,-161.632178,12.46,0.56,9217
2021-12-31T07:44:33.150000,55.345154,-161.716797,-0.02,0.33,9222
2021-12-31T07:59:58.290000,55.359021,-161.992676,12.86,0.78,9223
2021-12-31T14:51:43.000000,55.346956,-161.705176,4.12,0.68,9232
2021-12-31T17:02:53.860000,55.311279,-161.670345,0.01,1.93,9236
2021-12-31T17:09:41.600000,55.292175,-161.566878,-0.22,0.05,9237
2021-12-31T17:37:15.720000,54.671663,-162.628027,7.85,1.95,9238
2021-12-31T18:19:11.880000,55.380184,-161.630013,0.38,0.25,9239
2021-12-31T23:10:47.420000,54.994137,-162.298649,-3.14,2.71,9252
2021-12-31T23:11:04.440000,55.144975,-161.981315,-0.4,2.99,9253
2021-12-31T23:17:32.880000,55.371183,-161.782617,9.49,1.03,9255
2021-12-31T23:28:02.360000,55.267521,-161.516504,24.13,0.73,9257
2021-01-03T08:50:12.650000,55.156283,-161.894792,1.13,0.66,93
2021-01-31T17:46:13.520000,55.314388,-161.906852,10.27,0.13,932
2021-01-31T18:09:51.960000,54.910356,-162.19777,2.97,0.81,933
2021-01-31T22:30:42.360000,55.329724,-161.75485,0.75,0.07,938
2021-02-01T00:03:49.910000,55.065141,-163.247835,9.7,2.26,940
2021-02-01T03:47:47.080000,55.306311,-161.317676,23.65,2.24,943
2021-02-01T20:17:06.500000,54.58219,-161.264128,9.01,2.57,961
2021-02-02T10:43:18.990000,55.381299,-161.819922,0.11,-0.48,968
2021-01-03T10:23:00.530000,55.056299,-161.775016,9.26,1.54,97
2021-02-02T22:32:26.960000,55.046289,-162.13623,-1.93,1.0,974
2021-02-03T00:49:58.790000,55.173096,-161.959489,-0.9,0.73,976
2021-02-03T06:41:01.370000,55.033162,-160.883366,48.47,1.43,980
2021-02-03T07:25:42.450000,55.064294,-161.445133,29.13,0.85,982
2021-02-03T08:32:08.980000,55.054386,-161.742057,12.89,1.52,984
2021-02-03T09:02:58.450000,54.564889,-162.366227,53.76,1.62,985
2021-01-03T12:41:27.710000,55.50306,-161.900049,31.82,2.31,99
2021-02-03T15:36:28.310000,55.072766,-161.171175,27.87,1.77,993
2021-02-03T17:35:48.880000,54.563314,-161.272673,8.52,1.73,998
