      100  54.966142 -162.296794    10.599   -33163.5   -15044.4    -8440.0    294.0    237.3    312.1 2021  1  3 12 41 26.190  1.77   1
     1001  55.069674 -161.600798    20.599    11323.7    -3518.8     1559.7    250.4    194.7    262.5 2021  2  3 21 42 16.640  0.66   1
     1002  55.318119 -161.754167     6.454     1525.2    24139.4   -12585.4    116.2    107.3    230.1 2021  2  3 22  8 43.760  0.21   1
     1003  55.312573 -161.331820    22.208    28413.6    23522.0     3169.3    197.6    430.9    307.5 2021  2  3 22 17 17.700  1.26   1
     1020  54.835376 -162.659147    31.795   -56423.7   -29601.9    12755.8    236.2    277.5    286.9 2021  2  4 12 19 23.700  1.97   1
     1021  54.974707 -162.312549     9.749   -34167.2   -14090.9    -9289.9    174.1    171.8    165.0 2021  2  4 12 19 41.050  2.29   1
     1022  55.297778 -162.959977    34.801   -75255.5    21874.9    15762.5    373.6    650.6    824.8 2021  2  4 12 39  0.910  1.49   1
     1023  54.933569 -162.239600     3.966   -29518.5   -18670.5   -15072.8     54.8     90.4    129.0 2021  2  4 14 11 48.640  0.80   1
      103  55.377393 -161.848210    30.379    -4458.3    30738.0    11339.8    464.4    424.8    211.9 2021  1  3 17 22 36.600 -0.17   1
     1032  55.303121 -161.669971     6.124     6886.4    22469.7   -12914.8    155.0    190.3    413.7 2021  2  5  4 19 25.580  0.32   1
     1039  55.183358 -161.973454    24.615   -12455.5     9137.1     5576.2    542.4    677.0    405.1 2021  2  5 16  9 24.960  1.39   1
      105  54.807186 -161.240462    29.917    34445.8   -32740.1    10877.9    172.5    221.2    491.4 2021  1  3 17 45 13.880  1.75   1
     1051  54.902519 -161.524674    13.388    16218.3   -22127.2    -5650.9    333.5    264.3    314.1 2021  2  5 21 45 15.040  1.63   1
     1052  55.248718 -162.586458     4.765   -51502.9    16413.3   -14273.4    295.6    311.9    420.0 2021  2  6  0 21 29.560  1.48   1
     1055  54.931612 -160.479932    57.571    83041.6   -18888.4    38531.9    700.7   1036.3   1010.8 2021  2  6  5  2 58.110  1.44   1
     1059  55.061080 -162.909928    30.659   -72281.7    -4475.5    11619.6    238.1    599.3    535.2 2021  2  6  6  3 48.100  1.25   1
     1060  54.820512 -162.810840     1.770   -66150.8   -31256.6   -17268.7    256.8    279.0    259.6 2021  2  6  6  4  4.060  1.27   1
     1062  55.095190 -161.750374    21.529     1771.5     -678.1     2489.7    276.8    200.6    216.2 2021  2  6  7 15 27.980  0.53   1
     1064  55.028040 -161.612712    22.587    10568.3    -8153.7     3548.1    189.8    220.0    197.8 2021  2  6 12  4 44.260  2.62   1
     1070  55.195927 -162.149105    37.123   -23652.5    10536.3    18083.7    673.3    526.3    490.3 2021  2  6 16 50 21.880  1.89   1
     1071  54.600281 -161.250635    10.381    33880.6   -55773.8    -8658.0    195.2    202.7    181.7 2021  2  6 18 39 48.880  4.47   1
     1072  54.585079 -161.295947    13.899    30976.0   -57466.1    -5139.5    175.0    159.9    151.2 2021  2  6 19 35 53.920  2.62   1
     1073  54.576607 -161.293473    13.760    31138.2   -58409.2    -5278.9    169.1    147.1    149.2 2021  2  6 19 50  7.920  2.07   1
     1074  54.569653 -161.303939    30.226    30468.4   -59183.4    11187.1    244.9    178.1    607.3 2021  2  6 20 12 22.720  1.60   1
     1076  54.579411 -161.287354    14.726    31530.3   -58097.1    -4312.7    238.7    193.2    197.0 2021  2  6 20 19 18.200  2.22   1
     1080  55.312451 -161.693164     2.073     5409.0    23508.4   -16965.8    170.2    174.7    199.3 2021  2  7  0 37 48.130  0.17   1
     1085  54.571753 -161.353874    30.306    27259.2   -58949.6    11267.3    268.6    185.8    644.8 2021  2  7  1 58 56.540  1.49   1
      109  54.960067 -161.419010    19.095    22963.4   -15720.7       56.0    271.1    303.1    400.6 2021  1  3 19 56 26.080  2.05   1
     1091  55.336357 -161.187565    33.765    37586.3    26169.6    14725.9    198.8    482.4    348.6 2021  2  7  4 49 38.570  2.26   1
     1095  55.404830 -162.246354    24.569   -29775.0    33792.4     5529.7    355.7    542.9    343.9 2021  2  7  7 59 53.620  1.46   1
     1100  55.080892 -161.788802    15.412     -681.7    -2269.9    -3627.2    312.9    207.0    314.9 2021  2  7 17 57 19.320  1.38   1
     1103  55.169784 -161.894189     4.608    -7402.3     7625.9   -14430.7    309.6    213.6    277.2 2021  2  7 19 33 54.560  1.38   1
     1105  54.815495 -161.090560    31.711    44044.9   -31815.1    12672.2    262.0    207.0    495.4 2021  2  7 20 17 45.400  2.50   1
     1107  55.105717 -161.639437     1.651     8852.3      493.7   -17388.0    185.5    221.6    139.5 2021  2  7 20 25  3.680  1.46   1
     1108  54.964746 -162.235303     2.947   -29232.3   -15199.8   -16092.0    115.5    111.9    253.9 2021  2  7 21 56 42.020  0.96   1
     1113  55.290096 -162.171761    15.004   -25067.5    21019.7    -4034.6    468.5    434.3    512.7 2021  2  8  4 17 58.520  1.96   1
     1120  55.342993 -162.109587    25.678   -21094.2    26908.5     6638.8    778.2    701.6    873.6 2021  2  8  7 14 46.040  1.44   1
     1124  54.593372 -161.303581    30.620    30482.5   -56542.9    11581.5    214.2    224.1    564.6 2021  2  8 11 27 36.840  1.68   1
     1127  55.296497 -161.830290     2.162    -3321.7    21732.2   -16876.5    227.4    144.1    192.6 2021  2  8 12  0 58.860 -0.28   1
     1128  54.988379 -162.202718     1.513   -27140.8   -12568.9   -17525.5    163.6    119.3    140.8 2021  2  8 12 35 30.340  0.88   1
     1140  54.803499 -161.331527    61.508    28613.0   -33150.5    42469.2    238.1    211.5    137.5 2021  2  8 23 58 42.120  1.59   1
     1142  55.451851 -161.859294    28.702    -5158.5    39027.1     9663.3    235.5    257.7    132.3 2021  2  9  0 16 46.490  1.11   1
     1151  54.548641 -162.470313    18.861   -44487.5   -61522.6     -177.7    365.0    182.9    223.4 2021  2  9  8  2 10.790  1.77   1
     1154  55.011015 -161.576367    21.936    12893.1   -10048.9     2897.1    123.9    192.4    173.2 2021  2  9  8 45 36.550  1.85   1
     1165  54.590739 -162.533317    64.234   -48511.6   -56836.0    45195.3    166.1    123.2    119.5 2021  2  9 20 43 57.480  2.07   1
     1166  55.122998 -161.827832     8.927    -3172.1     2417.6   -10112.0    288.9    146.1    236.3 2021  2  9 21 31 51.780  1.33   1
     1170  54.903609 -161.405680    66.078    23832.5   -22005.8    47039.1    154.3    186.9    127.4 2021  2  9 23 45 28.280  1.59   1
     1173  54.620923 -161.326318    30.648    29012.1   -53475.8    11609.1    223.8     85.0    316.0 2021  2 10  6  8 50.240  1.46   1
     1178  55.166943 -161.715658    17.806     3984.2     7309.8    -1233.0    309.8    241.8    319.5 2021  2 10 11 42 19.110  2.02   1
      118  55.525358 -161.328564    16.449    28544.7    47210.2    -2590.0    245.5    420.2    428.6 2021  1  4  0  2 58.000  1.56   1
     1183  55.196798 -161.997510     5.755   -13987.2    10633.3   -13283.9    324.6    227.9    290.8 2021  2 10 21  8 45.360  2.05   1
     1192  55.270532 -161.433643     4.077    21942.7    18841.8   -14962.0    258.9    266.0    404.5 2021  2 11 18  3 28.280  1.03   1
     1195  55.457922 -162.072119     7.241   -18682.8    39702.9   -11798.0    257.3    288.4    394.0 2021  2 11 20 37 10.220  1.76   1
     1196  55.130265 -160.502197    55.584    81415.9     3226.6    36545.3    195.3    441.6    298.8 2021  2 11 22 27 49.960  2.72   1
     1198  54.869535 -161.327181    31.521    28867.8   -25799.1    12481.8    250.7    243.4    473.4 2021  2 12 14 15  3.740  2.63   1
     1199  55.166866 -161.970687     3.702   -12281.6     7301.2   -15337.0    166.3    170.4    217.5 2021  2 12 14 15 28.960  1.98   1
      120  54.668953 -160.690739    10.464    69783.5   -48128.8    -8574.8    868.1    896.2    756.9 2021  1  4  0 33 12.700  2.09   1
     1200  54.593624 -161.301546    30.552    30613.1   -56514.9    11513.6    229.3    216.0    599.3 2021  2 12 15 10  7.870  2.04   1
     1201  55.161287 -161.862288    28.335    -5368.3     6680.1     9295.9    512.7    296.4    295.5 2021  2 12 16 15  3.920  1.91   1
     1208  55.158557 -161.749723    20.679     1811.7     6376.2     1640.2    284.7    247.3    286.7 2021  2 13  9 56 47.050  0.99   1
     1209  55.357454 -161.066276    31.637    45293.8    28518.3    12597.8    167.4    540.3    517.6 2021  2 13 13  9 46.410  3.28   1
     1210  55.410942 -161.983708    21.093   -13072.1    34472.8     2054.4    472.1    683.1    413.2 2021  2 13 13 10 39.620  2.83   1
     1212  55.042708 -162.179232     2.912   -25622.2    -6520.7   -16127.2    173.9    141.2    193.9 2021  2 13 14 15 28.860  1.76   1
     1214  54.545703 -161.770166    12.499      511.5   -61849.6    -6539.6    208.1    150.2    171.4 2021  2 13 19  9 54.480  1.98   1
     1215  54.935994 -161.053011    62.291    46380.9   -18400.6    43252.5    172.6    233.3    192.0 2021  2 14  0 24 32.090  2.39   1
     1216  55.125924 -163.267529    14.522   -95042.8     2743.3    -4516.7    339.9    682.0    459.9 2021  2 14  0 51 17.470  2.71   1
     1221  54.525610 -162.295524    63.450   -33263.1   -64086.4    44411.1    591.1    216.3    265.0 2021  2 14  3 53 26.740  2.25   1
     1222  55.068563 -160.472038    81.489    83404.4    -3642.4    62450.3    724.3   1321.7    813.5 2021  2 14  8 10 58.270  2.46   1
     1224  55.263371 -162.058447    14.956   -17857.5    18044.5    -4083.0    235.3    165.0    273.4 2021  2 14  9  9 53.440  0.78   1
     1225  55.237382 -161.741797    20.662     2315.0    15151.3     1622.7    717.4    694.1    674.4 2021  2 14  9 46 14.060  1.94   1
     1228  55.562740 -161.458171    18.281    20305.9    51371.7     -758.0    384.1    442.4    586.9 2021  2 14 17 55 14.800  1.17   1
      123  55.587773 -160.314404     9.721    92865.6    54158.4    -9317.7    761.6   1616.2    767.9 2021  1  4  1 40 58.450  1.88   1
     1238  54.864376 -161.544271     2.122    14971.4   -26373.5   -16916.9    157.5    184.9    166.6 2021  2 16  3 45  0.350  2.31   1
     1244  54.972762 -162.249805     4.384   -30156.5   -14307.4   -14654.5    178.8    157.1    218.6 2021  2 16  5 33 19.130  1.39   1
     1249  55.183350 -161.736051     3.209     2682.9     9136.2   -15829.7    174.5    262.0    188.9 2021  2 16  6 16 24.920  0.85   1
     1250  54.590442 -161.323519    30.260    29202.9   -56869.1    11221.0    219.2    179.2    523.4 2021  2 16  6 30 31.090  1.51   1
     1254  54.902148 -161.430599    29.410    22238.3   -22168.5    10371.5    190.5    180.0    377.3 2021  2 16 15 52 45.740  1.88   1
     1258  54.980009 -161.915202    33.968    -8763.1   -13500.7    14928.9    619.4    507.0    573.3 2021  2 16 16 17 46.800  1.45   1
     1269  55.017562 -161.444987     3.592    21287.1    -9320.1   -15447.0    265.3    284.2   2571.9 2021  2 16 23 19 12.080  3.19   1
     1272  54.590206 -161.311605    29.630    29968.3   -56895.4    10590.7    187.9    176.2    548.7 2021  2 17  4  6 41.430  1.68   1
     1281  55.144621 -160.193327     7.849   101106.6     4824.7   -11189.4    488.4    900.3    487.7 2021  2 17 10 51 20.520  1.63   1
     1283  54.679924 -163.521940    11.199  -111895.0   -46907.6    -7840.1    288.6    391.5    313.8 2021  2 17 12 56 29.530  1.79   1
     1284  55.352600 -161.834196    20.588    -3567.9    27977.9     1548.9    365.4    247.2    156.3 2021  2 17 13  2 44.200  0.03   1
     1287  55.309163 -161.905583    21.307    -8114.8    23142.4     2267.9    373.7    296.6    152.2 2021  2 17 17  1 28.160  0.07   1
      129  54.861820 -161.363021    27.696    26576.0   -26658.0     8657.1    201.3    185.7    608.7 2021  1  4  4  1 10.530  1.79   1
     1290  55.195841 -161.778499    30.164      -23.9    10526.8    11125.4    717.3    480.9    245.9 2021  2 17 19 37 22.880  1.20   1
     1298  55.326233 -161.401237     3.064    23990.2    25042.6   -15974.5    199.5    397.0    236.6 2021  2 18  5  4 40.770  0.01   1
      130  54.829150 -161.305794    33.040    30252.0   -30294.9    14001.4    251.0    291.0    496.6 2021  1  4  4  1 21.820  1.94   1
     1301  55.121094 -162.355192    18.843   -36826.4     2205.6     -195.9    167.9    238.2    104.4 2021  2 18  7 29 54.880  1.05   1
     1305  55.331807 -161.712679     5.563     4165.6    25663.2   -13475.9    104.5    133.8    125.3 2021  2 18  9 43 35.800 -0.44   1
     1310  54.591602 -161.288135    12.383    31475.4   -56740.0    -6655.8    142.1    122.4    119.1 2021  2 18 12 40 52.980  1.97   1
     1323  55.346342 -161.748535     5.161     1883.0    27281.3   -13877.5    142.0    167.7    166.5 2021  2 18 19  3 39.340 -0.86   1
     1328  55.355831 -162.155729    31.991   -24026.8    28337.6    12951.6    331.3    352.1    302.9 2021  2 19  0 35 58.340  0.73   1
     1332  55.310852 -161.522965     4.581    16244.9    23330.4   -14457.7    219.4    328.0    358.7 2021  2 19  2  7 18.390  0.34   1
      134  55.174451 -161.906266     6.211    -8172.1     8145.5   -12828.0    281.5    119.8    174.0 2021  1  4  8 26 55.590  1.50   1
     1347  55.276172 -161.663721     8.445     7286.8    19469.6   -10593.6    135.8    137.4    223.1 2021  2 19  4 40 45.390  1.04   1
      135  54.762366 -161.639583    62.295     8880.7   -37729.7    43255.7    346.7    303.1    200.5 2021  1  4  9 10 28.510  1.47   1
     1352  54.520239 -161.134294    19.911    41394.1   -64684.4      871.9    243.6    237.2    223.7 2021  2 19  8 36 17.060  2.48   1
     1357  54.996903 -162.299593     6.961   -33329.7   -11619.9   -12078.2    160.1    144.2    190.4 2021  2 19  9 13 55.750  1.99   1
     1359  54.850509 -162.777637    32.013   -64000.2   -27917.2    12974.5    315.1    281.3    616.4 2021  2 19  9 21 33.210  1.56   1
     1363  55.244153 -161.645003    10.978     8482.3    15905.1    -8060.6    207.5    198.5    302.7 2021  2 19 10 52 15.340  0.41   1
     1371  55.301017 -161.535400     5.675    15455.1    22235.5   -13364.4    218.7    256.9    444.6 2021  2 19 13 52 35.450  0.01   1
     1372  55.049540 -161.428890    27.533    22306.8    -5760.1     8494.5    215.2    223.0    410.0 2021  2 19 14  4  8.250  1.62   1
     1375  55.322050 -160.444548    11.527    84891.0    24577.0    -7512.3    250.8    626.1    256.2 2021  2 19 14 22 52.620  1.08   1
     1376  54.524577 -163.264176    13.625   -95538.1   -64201.5    -5413.7    295.3    307.9    293.7 2021  2 19 14 29 46.060  1.63   1
     1380  54.969491 -160.545215    72.220    78828.5   -14671.6    53180.8    726.3   1104.0    859.9 2021  2 19 15 14 44.340  1.56   1
     1385  55.091288 -162.600293    32.205   -52487.4    -1112.5    13166.5    206.8    237.8    191.2 2021  2 19 23 24 42.440  1.62   1
     1386  55.045744 -161.616553    20.314    10320.7    -6182.7     1275.2    205.1    164.8    246.8 2021  2 20  1 14 23.940  0.82   1
     1389  54.546867 -161.160270    11.709    39710.9   -61720.1    -7329.8    235.0    211.1    205.6 2021  2 20  3 29 30.500  1.90   1
     1392  54.761690 -161.975146     1.423   -12629.5   -37804.9   -17615.5    369.2    155.8    180.7 2021  2 20  9 22 15.120  1.42   1
     1393  54.498893 -162.321191    47.925   -34924.7   -67060.7    28886.1    498.0    239.6    323.6 2021  2 20 12 16 54.990  2.81   1
     1397  54.626054 -161.416536    15.211    23217.4   -52904.6    -3827.6    282.8    291.1    252.2 2021  2 21  1 46 47.010  1.45   1
       14  55.231181 -161.165771    31.023    39024.6    14461.0    11984.6    199.1    369.3    408.8 2021  1  1 16 55  4.360  1.72   1
     1405  55.054427 -161.224170    15.327    35380.8    -5216.1    -3711.6    198.9    215.7    829.8 2021  2 21 11  6 40.870  2.14   1
     1407  55.115906 -161.565788     3.582    13551.5     1628.0   -15457.3    146.4    281.3    201.1 2021  2 21 11  8 39.470  1.28   1
     1409  55.112195 -161.622445     5.642     9936.1     1214.9   -13397.2    178.5    204.4    163.9 2021  2 21 11 11 53.160  0.88   1
     1414  54.913045 -162.618994    34.871   -53800.3   -20955.4    15831.6    245.8    253.8    300.0 2021  2 21 15  5  6.160  1.48   1
     1415  55.262777 -161.611979     5.502    10584.1    17978.4   -13537.2    205.6    206.3    239.5 2021  2 21 16  1  3.430  1.78   1
     1417  55.148617 -161.537842     0.826    15328.8     5269.5   -18213.2    215.4    236.6    179.8 2021  2 21 17 30 27.960  0.78   1
     1419  55.504008 -161.719938     9.741     3695.5    44833.4    -9298.2    210.1    224.8    342.2 2021  2 21 18 53 44.040  0.49   1
     1420  55.102836 -161.774447    16.929      234.8      173.0    -2109.9    225.7    231.7    295.9 2021  2 21 18 54 16.160  1.01   1
     1425  55.143803 -161.783333     6.058     -332.3     4733.7   -12980.4    180.8    165.9    195.1 2021  2 21 21 58 10.560  0.49   1
     1427  55.107857 -161.636149     3.255     9061.9      732.0   -15783.6    134.1    249.7    295.9 2021  2 21 22  8 14.800  1.03   1
     1430  55.490255 -163.232666    13.892   -92396.2    43302.3    -5147.1   1726.6   2252.4   1906.2 2021  2 21 22 40 59.780  1.60   1
     1431  54.584900 -161.290625    24.800    31318.0   -57486.1     5761.0    315.9    264.2    270.9 2021  2 21 23  0 10.360  2.31   1
     1433  55.103796 -161.778467     4.974      -21.8      279.9   -14064.9    337.9    292.2    325.5 2021  2 21 23 57  4.060  1.32   1
     1434  55.176261 -161.549170    21.791    14601.1     8347.1     2751.9    250.1    229.0    280.4 2021  2 21 23 57 55.340  1.17   1
     1435  55.237972 -161.979980    14.838   -12862.9    15217.0    -4200.5    260.7    217.1    349.9 2021  2 21 23 58 16.000  1.22   1
     1439  55.159538 -161.511230    23.339    17024.1     6485.3     4300.3    266.8    259.9    270.2 2021  2 22  0 43  2.960  0.59   1
     1443  55.180139 -161.849186    18.089    -4531.5     8778.8     -949.8    235.7    214.8    291.5 2021  2 22  1 21 15.400  0.46   1
     1453  54.838888 -161.112484    32.871    42628.1   -29211.0    13832.1    161.2    199.2    441.8 2021  2 22  4 37 56.240  2.24   1
     1454  54.962533 -161.373682    32.794    25861.1   -15446.2    13755.2    287.6    309.3    348.2 2021  2 22  7 39 17.400  1.96   1
     1457  54.899337 -161.282096    31.528    31742.2   -22481.5    12488.9    253.6    321.4    509.6 2021  2 22  7 41 20.050  2.58   1
     1458  55.196570 -161.509896    24.519    17101.3    10607.9     5480.6    263.1    261.5    234.6 2021  2 22  9  2 25.970  0.81   1
     1459  55.120524 -161.945394    16.698   -10674.6     2142.1    -2340.5    327.1    279.7    340.2 2021  2 22  9  2 44.010  0.61   1
      146  55.406637 -161.982161    39.327   -12974.5    33993.5    20287.9    511.4    311.9    193.7 2021  1  4 15 59 53.660  0.44   1
     1463  55.295247 -161.718001     4.522     3828.6    21593.2   -14516.5    147.9    123.4    294.0 2021  2 22 12 58 56.000  0.45   1
     1468  54.635600 -161.308529    12.021    30149.0   -51841.9    -7017.6    208.8    204.1    220.4 2021  2 22 16 17 26.310  1.73   1
     1472  55.054264 -161.723096    13.392     3514.7    -5234.2    -5647.3    191.3    141.7    291.5 2021  2 22 16 50 46.390  0.97   1
     1476  55.134725 -161.705973     9.141     4603.7     3723.1    -9897.5    249.5    204.7    351.9 2021  2 22 20 16  9.000  0.98   1
     1478  54.802332 -161.693001    33.690     5453.8   -33280.5    14651.2    760.4    331.1    619.5 2021  2 22 22 18 15.100  1.52   1
     1488  55.401766 -161.733105    19.286     2862.9    33451.3      247.1    268.9    301.7    209.7 2021  2 23 12 29 16.040 -0.11   1
     1493  54.642623 -161.432747    12.953    22172.0   -51060.1    -6085.8    201.7    195.4    186.7 2021  2 23 20  3 57.320  2.87   1
     1500  54.911153 -161.367041    31.301    26302.5   -21166.0    12262.3    237.6    236.5    360.1 2021  2 23 22 41 49.920  1.99   1
     1502  55.099776 -161.582113    12.339    12512.1     -167.6    -6699.5    171.6    204.0    170.1 2021  2 23 23 36 55.900  1.07   1
     1510  54.863232 -161.293441    30.346    31030.1   -26500.8    11307.3    178.4    218.5    454.6 2021  2 24  2 36 40.740  2.08   1
     1513  55.329220 -161.766032     4.753      769.7    25375.1   -14285.4    158.4    107.7    191.8 2021  2 24  3 44 51.420  0.93   1
     1514  55.269714 -162.079036    12.285   -19167.5    18750.7    -6754.3    213.3    174.0    281.3 2021  2 24  3 45  8.730  0.63   1
      153  55.232328 -162.089209    11.599   -19824.8    14588.7    -7440.4    230.4    235.7    279.3 2021  1  4 18 37 14.700  0.42   1
      154  54.588513 -161.271566    29.354    32541.0   -57083.8    10315.4    219.2    199.3    642.3 2021  1  4 18 41 15.600  1.65   1
     1540  55.058940 -163.380111    14.763  -102312.2    -4713.7    -4275.9    372.4    913.5    508.8 2021  2 24 17 41 27.000  1.66   1
     1543  55.505282 -161.861198    28.860    -5276.0    44975.2     9820.7    265.4    316.3    176.9 2021  2 24 19 10 27.800  0.33   1
     1544  54.987524 -161.396436    31.907    24398.6   -12664.0    12868.0    217.3    200.6    350.5 2021  2 24 19 51 27.800  1.58   1
     1548  55.103593 -163.308089    14.760   -97658.2      257.3    -4278.6    312.3    693.6    468.2 2021  2 24 20 59 31.300  1.74   1
     1551  55.039242 -161.755566    19.012     1441.1    -6906.6      -27.0    321.3    271.8    344.2 2021  2 25  2  4 18.030  1.17   1
     1552  55.152600 -161.762907    24.348      970.8     5713.0     5309.3    305.1    270.1    239.2 2021  2 25  2  4 37.270  1.22   1
     1553  54.974089 -162.192741     3.195   -26507.8   -14159.7   -15842.4    337.0    203.1    359.5 2021  2 25  3 22  5.790  1.67   1
     1560  55.043599 -161.597087     4.267    11564.4    -6421.5   -14772.1    235.4    304.6    298.5 2021  2 25  7 39 13.870  0.78   1
     1568  55.089913 -162.058675    13.926   -17910.7    -1265.6    -5112.7    121.5    259.9    208.7 2021  2 25 15 59 56.610  0.52   1
      157  54.587378 -161.268164    26.083    32760.0   -57210.2     7043.8    157.8    150.2   1651.6 2021  1  4 19 48  7.600  2.60   1
     1572  54.597974 -161.261279    30.263    33197.9   -56030.6    11223.9    223.4    195.5    573.1 2021  2 25 18 54 43.360  1.57   1
     1579  55.043213 -161.367367    21.220    26238.6    -6464.5     2181.2    380.2    334.4    388.6 2021  2 26  7  9 46.090  0.71   1
      158  54.996851 -162.295915    13.542   -33094.6   -11625.8    -5496.6    170.7    109.7    328.6 2021  1  4 20 44 36.960  2.96   1
     1581  55.012537 -161.354753    30.642    27054.7    -9879.5    11603.1    181.4    163.3    316.4 2021  2 26  9  3 54.340  1.99   1
     1585  54.585836 -161.261312    28.053    33200.8   -57381.9     9014.4    145.0    154.9    601.5 2021  2 26 12  9  8.560  1.97   1
      159  54.975382 -162.344027    12.890   -36179.4   -14015.7    -6149.3    144.8    148.0     95.9 2021  1  4 20 44 47.420  3.35   1
     1590  55.468518 -162.005859    28.694   -14470.2    40882.5     9654.7    361.9    336.5    277.4 2021  2 26 19  0 39.760  0.27   1
     1591  55.098214 -161.381429    24.435    25323.0     -341.5     5396.0    313.3    313.5    255.5 2021  2 26 19 39 49.120  0.92   1
     1598  55.083586 -161.626172    17.724     9701.6    -1970.0    -1315.1    250.5    203.6    279.7 2021  2 27  0  6 44.230  1.22   1
      160  55.183858 -161.778304     9.068      -11.4     9192.8    -9971.0    277.9    192.9    241.0 2021  1  4 21 22 34.520  0.99   1
     1602  55.080957 -161.898177     9.453    -7665.1    -2262.6    -9586.1    210.6    261.7    455.6 2021  2 27  6 44 11.470  1.03   1
     1606  55.244767 -162.266683     4.771   -31130.0    15973.5   -14268.3    237.8    212.1    328.5 2021  2 27  8 42 23.690  1.54   1
     1608  55.195162 -161.940560     3.918   -10356.5    10451.2   -15120.9    302.9    180.4    123.7 2021  2 27  9 20 25.210  0.83   1
     1612  54.949255 -161.677132    11.993     6458.8   -16924.3    -7046.3    239.8    196.2    284.3 2021  2 27 15 30 31.160  1.03   1
     1627  54.974325 -161.424089    32.876    22634.7   -14133.5    13837.1    235.3    242.0    288.9 2021  2 28  6 21  3.480  2.16   1
      163  55.004484 -161.481527    32.295    18955.4   -10776.0    13255.9    401.4    329.8    579.9 2021  1  4 22 45 47.100  0.74   1
     1632  55.100891 -161.225293    33.253    35288.7      -43.5    14213.9    197.8    304.7    357.0 2021  2 28  8 10 21.870  1.67   1
     1638  54.502974 -161.027376     7.409    48278.4   -66606.4   -11630.0    210.1    256.0    301.4 2021  2 28 18  1 17.120  1.74   1
     1644  54.490304 -163.176123     0.985   -89915.1   -68017.0   -18053.8    190.0    178.3    143.9 2021  2 28 22  8 55.420  2.34   1
     1646  55.377445 -161.827881     5.756    -3165.1    30743.8   -13282.7    265.3    189.5    184.8 2021  2 28 22 59 50.600  0.81   1
     1647  54.773824 -161.230827    33.051    35077.6   -36454.1    14011.7    171.5    249.7    380.6 2021  3  1  4 28 55.900  2.15   1
     1652  55.025903 -161.376563    30.676    25656.7    -8391.5    11636.9    237.3    262.5    446.3 2021  3  1 15  0  4.050  2.37   1
     1654  54.900562 -160.885791    14.609    57102.0   -22345.1    -4428.5    296.0    304.0    355.9 2021  3  1 20 37 56.640  1.33   1
     1657  55.121916 -161.616960    23.311    10284.9     2297.1     4272.1    266.8    258.8    250.7 2021  3  2  1 54 25.150  1.32   1
     1661  54.923539 -162.209473     5.157   -27594.8   -19787.1   -13882.2    187.6    139.7    231.9 2021  3  2 13 18  6.080  1.04   1
     1662  55.063700 -161.612191    18.445    10596.9    -4183.7     -593.6    180.7    197.2    246.4 2021  3  2 14 45 35.910  1.58   1
     1671  55.243974 -160.934733    31.138    53739.9    15885.2    12099.2    147.6    422.1    371.4 2021  3  3 12 32  3.630  2.21   1
     1676  55.055619 -161.609701     0.086    10757.0    -5083.4   -18953.0    217.1    173.8    171.4 2021  3  3 22  9  2.360  1.13   1
     1678  55.228084 -161.740576     3.713     2393.0    14116.3   -15326.4    297.2    244.4    572.6 2021  3  4  0 35 13.270  3.42   1
     1680  54.601811 -161.432487     7.734    22199.9   -55603.5   -11304.6    320.8    255.5    340.5 2021  3  4  0 38 11.150  3.52   1
     1684  55.311023 -161.744482     5.859     2141.9    23349.4   -13179.8    272.4    290.8    375.7 2021  3  4  0 44 32.450  0.64   1
     1688  55.109123 -163.459375   107.245  -107307.5      872.9    88206.0   1127.9   1665.3   1030.0 2021  3  4  1 22 54.170  2.47   1
     1691  55.154993 -163.468913    13.572  -107854.5     5979.4    -5467.0    377.1    582.9    527.9 2021  3  4  1 58 10.610  1.61   1
       17  55.127079 -161.921419     9.597    -9143.9     2871.9    -9442.0    202.2    177.6    241.5 2021  1  1 17 17 19.000  1.75   1
      170  54.869592 -161.846826     1.300    -4398.0   -25792.8   -17739.0    233.3    169.7    157.7 2021  1  5  1 54 41.470  1.03   1
     1703  54.492220 -161.739762    11.347     2467.3   -67803.6    -7691.4    150.1    100.0    127.3 2021  3  4  9 38 50.260  2.25   1
     1704  54.489018 -161.714909    10.702     4065.9   -68160.1    -8336.9    266.2    183.7    206.0 2021  3  4  9 42 51.260  2.04   1
     1706  55.013643 -161.512305    22.850    16986.4    -9756.3     3810.7    290.1    243.8    115.2 2021  3  4 12 59  4.700  1.40   1
     1709  55.354464 -161.958073    31.036   -11450.2    28185.4    11997.4    468.8    453.8    159.0 2021  3  4 13 55  2.390  0.66   1
      172  54.976457 -161.711702    19.377     4246.5   -13896.1      338.2    181.4    176.1    278.0 2021  1  5  3 43 56.380  2.04   1
     1720  54.905330 -161.196257    15.384    37232.6   -21814.2    -3654.9    265.9    282.1    248.4 2021  3  4 19 53 29.960  2.38   1
     1722  55.265837 -160.979085    47.364    50899.9    18319.0    28325.2    144.1    307.4    217.9 2021  3  4 20 37 48.760  2.44   1
     1729  55.356946 -162.550863     1.917   -49168.4    28461.7   -17121.5    369.9    386.2    404.7 2021  3  4 23 56 31.360  1.93   1
      173  54.525163 -162.373389    20.136   -38269.2   -64136.3     1096.7    404.8    184.4    274.8 2021  1  5  4 32 55.230  1.62   1
     1730  54.978333 -163.492122    10.588  -109575.8   -13687.3    -8450.8    318.6    810.7    493.2 2021  3  4 23 58 39.980  2.00   1
     1738  55.322567 -161.785970     1.385     -499.4    24634.5   -17654.0    221.9    150.0    321.9 2021  3  5  0 46 13.720  1.50   1
     1741  55.137691 -161.762061    10.548     1025.0     4053.3    -8490.6    176.3    154.3    338.7 2021  3  5  4  3 28.830  1.34   1
     1748  55.023328 -161.774967    19.850      201.7    -8678.2      811.1    208.8    249.4    269.3 2021  3  5 16 11 27.520  2.40   1
     1749  55.249239 -160.870898    27.491    57803.5    16471.3     8451.9    349.3    903.5    952.8 2021  3  5 18 26 51.980  2.03   1
      175  55.120984 -161.734684    23.965     2772.2     2193.3     4925.8    183.5    234.1    203.6 2021  1  5  4 57 50.210  1.82   1
     1751  55.008374 -161.622005    24.549     9977.0   -10342.9     5510.1    253.6    215.1    163.3 2021  3  5 18 53  2.780  1.72   1
     1762  55.341577 -161.713444    20.681     4116.4    26750.8     1642.0    308.3    390.3    228.9 2021  3  6  0 58 42.500  2.01   1
     1772  54.934359 -162.247314     3.680   -30011.6   -18582.7   -15358.5    106.1    104.8    133.3 2021  3  6 12  6 39.940  0.93   1
     1776  55.105660 -161.766553    17.554      738.6      487.4    -1485.0    295.6    264.5    330.8 2021  3  6 12 34 33.970  1.87   1
     1782  54.618237 -161.322949    30.182    29229.4   -53774.8    11143.6    200.5    112.2    363.5 2021  3  7  8 56 49.900  1.51   1
     1791  54.761666 -161.022982    29.475    48406.2   -37807.6    10436.0    288.8    258.0    746.0 2021  3  7 12 44 28.780  2.36   1
     1795  54.362838 -163.246126    22.936   -94565.6   -82207.1     3897.4    577.8    511.1    505.9 2021  3  7 14 11 29.290  2.14   1
      180  54.450281 -161.685547    11.160     5957.3   -72472.5    -7878.6    278.4    171.7    197.8 2021  1  5 14 13 57.050  2.04   1
     1800  54.584115 -161.299105    11.642    30773.6   -57573.5    -7396.8    151.1    130.5    124.2 2021  3  7 23 31 54.600  2.56   1
     1801  55.372437 -161.737321    17.510     2595.8    30186.2    -1528.6    324.9    455.9    279.8 2021  3  7 23 58 41.000  1.62   1
     1802  55.145931 -161.247786    32.426    33833.9     4970.6    13386.9    171.5    283.6    273.0 2021  3  8  0  1 45.660  1.37   1
     1803  55.064657 -160.952100    33.232    52751.1    -4077.3    14193.5    301.7    451.1    692.7 2021  3  8  0  1 53.910  2.25   1
     1813  55.101965 -161.785531    12.110     -472.7       76.1    -6928.5    330.5    163.0    290.4 2021  3  8  9 53  8.660  1.23   1
     1818  55.179704 -161.805387    18.556    -1738.5     8730.3     -483.2    289.9    294.0    345.3 2021  3  8 19 54 55.400  2.09   1
     1822  54.572363 -161.311100    13.201    30007.3   -58881.7    -5838.1    200.7    150.4    140.6 2021  3  8 22 56 20.960  1.57   1
     1823  55.356710 -161.863298     6.893    -5419.4    28435.5   -12145.5    175.6    310.6    220.1 2021  3  9  5 24  8.420 -0.07   1
     1824  55.431836 -161.163411    41.106    39076.8    36798.8    22067.5    198.0    293.0    303.9 2021  3  9  5 25 56.450  1.50   1
     1826  55.323966 -161.715560     6.793     3982.6    24790.3   -12246.2    180.2    199.3    308.5 2021  3  9  6 12  3.170  1.22   1
      183  54.529460 -162.486540     9.438   -45541.2   -63657.9    -9600.5    411.4    221.3    301.1 2021  1  5 19 35 57.360  2.51   1
     1834  54.958451 -161.612451    16.893    10594.1   -15900.6    -2146.1    223.5    237.3    532.8 2021  3  9 11 47  7.090  2.25   1
     1836  55.044869 -161.746338    23.514     2030.5    -6280.1     4475.5    319.3    288.7    285.3 2021  3  9 15 28 26.520  1.02   1
     1837  54.609074 -161.285010    24.736    31669.3   -54794.9     5697.5    243.6    196.1    201.6 2021  3  9 15 59 56.200  1.96   1
     1848  54.475171 -163.174333     1.610   -89816.7   -69701.6   -17428.6    192.8    179.1    182.1 2021  3 10  6 53 14.950  1.84   1
     1850  54.971330 -162.262939     0.719   -30996.9   -14466.9   -18319.7    135.6    172.8    159.5 2021  3 10  7 15 44.300  1.55   1
     1854  55.192419 -162.027686    27.214   -15911.9    10145.9     8175.5    348.0    243.4    254.3 2021  3 10  8 52 57.000  0.82   1
     1855  54.946106 -161.326839    16.943    28862.2   -17274.9    -2096.1    321.9    333.0    315.6 2021  3 10  9 15 17.810  0.84   1
     1856  55.169291 -161.827604    16.675    -3155.7     7571.1    -2363.7    313.4    193.1    349.1 2021  3 10  9 15 41.680  0.51   1
     1858  55.300098 -161.656673    16.197     7733.3    22133.1    -2842.1    206.7    217.4    192.2 2021  3 10 18 24 35.260  0.37   1
     1859  54.678788 -160.605322    22.212    75256.0   -47034.0     3173.6    751.4    825.1    737.4 2021  3 10 20 21  6.480  2.04   1
     1861  55.020374 -162.297331     4.475   -33175.5    -9007.1   -14564.1    160.1    148.3    181.6 2021  3 10 23 39 17.520  1.55   1
     1863  54.956539 -161.350977    33.070    27315.0   -16113.5    14030.8    235.7    199.9    333.0 2021  3 11  5 14 38.290  2.04   1
     1864  54.893892 -162.816016    58.531   -66421.9   -23087.6    39492.6    926.9   1028.5    904.5 2021  3 11  5 48 59.910  1.72   1
     1868  55.056934 -161.456738     2.951    20526.2    -4937.0   -16088.0    164.0    158.2    161.6 2021  3 11  6  3 33.370  2.16   1
     1875  54.563013 -162.085417    46.944   -19746.4   -59922.6    27905.4    355.9    186.7    257.4 2021  3 11 13  8 23.810  1.79   1
     1876  55.013460 -161.568359    19.225    13404.5    -9776.7      185.8    296.9    186.2    266.2 2021  3 11 19 52 43.600  0.49   1
     1877  55.434062 -161.468278    40.004    19696.2    37046.6    20965.4    425.8    643.2    425.2 2021  3 11 20 50 52.560  1.14   1
      188  55.127169 -161.562907     1.459    13733.4     2881.9   -17579.8    265.5    204.4    215.3 2021  1  5 23 35 40.720  2.17   1
     1880  54.960628 -162.447266    15.156   -42787.5   -15658.2    -3883.3    333.3    409.9    650.8 2021  3 11 23 53  2.980  1.51   1
     1881  55.257007 -162.224886     5.681   -28462.4    17336.1   -13357.8    250.5    347.5    266.2 2021  3 15  0 56  4.510  0.80   1
     1883  55.309273 -161.706592     5.910     4554.3    23154.6   -13128.6    137.1    117.1    155.9 2021  3 15  2 35  5.030  1.32   1
     1885  55.071822 -161.532747    22.921    15668.7    -3279.6     3882.3    193.3    198.1    323.4 2021  3 15  3 36 22.040  1.43   1
     1889  54.576693 -162.581755    15.717   -51632.1   -58399.7    -3321.5    156.4     77.3    247.3 2021  3 15  4 11 52.080  1.66   1
     1894  55.101868 -162.346289    31.714   -36266.9       65.2    12675.6    579.2    602.8    343.8 2021  3 15  6 19 53.350  1.28   1
     1896  55.297428 -161.658952     5.395     7588.5    21836.0   -13644.3    141.2    198.3    158.1 2021  3 15  8 34 48.080  1.21   1
     1903  54.818469 -162.431543    23.687   -41855.9   -31484.0     4648.6    277.4    219.1    281.9 2021  3 15 13 52 50.600  1.56   1
     1905  55.894967 -160.572819    11.466    76174.9    88356.7    -7572.8    379.1    464.9    353.1 2021  3 15 13 58  5.000  2.29   1
     1906  55.868176 -160.565918     9.330    76637.0    85374.3    -9709.2    182.1    274.7    179.6 2021  3 15 14  1 39.780  1.63   1
     1909  55.278422 -161.996273    12.712   -13894.1    19720.1    -6326.9    230.9    271.6    299.4 2021  3 15 19  9 48.960  0.41   1
     1916  55.327401 -162.080404    12.337   -19240.7    25172.6    -6701.6    337.9    412.1    515.5 2021  3 16  3  5 32.610  1.50   1
     1920  54.754329 -161.420378    54.573    22934.4   -38624.4    35534.0    219.3    176.3    176.4 2021  3 16  9 17 34.970  3.29   1
     1922  54.688713 -161.381673    44.080    25436.3   -45929.1    25041.0    209.1    196.8    273.9 2021  3 16 10 40 11.180  1.61   1
     1928  55.154488 -162.661296    42.065   -56337.4     5923.2    23026.4    335.2    359.5    343.3 2021  3 16 18 42 43.780  3.13   1
     1932  54.969918 -162.194515     0.996   -26622.6   -14624.0   -18042.5    222.0    192.0    130.2 2021  3 16 22 23 17.680  0.78   1
     1950  54.984078 -161.920898     4.257    -9126.8   -13047.7   -14782.1    406.7    163.0    310.0 2021  3 17 17 25 48.880  0.81   1
     1952  54.858134 -162.662646    32.309   -56631.8   -27068.4    13270.3    293.8    173.3    387.2 2021  3 17 18  2 20.460  1.45   1
     1953  54.840088 -161.247201    29.551    34000.3   -29077.3    10512.3    194.8    247.1    519.4 2021  3 17 19 20 28.680  1.43   1
     1955  54.520524 -161.319287     6.536    29500.1   -64652.7   -12503.0    328.3    256.7    311.1 2021  3 17 19 45 17.280  1.73   1
     1958  55.550199 -161.726790     6.033     3258.5    49975.6   -13006.3    492.4    328.2    299.0 2021  3 17 21 13 17.440  0.53   1
     1959  55.157524 -161.912923     4.483    -8598.4     6261.1   -14556.1    159.3    194.4    197.3 2021  3 17 21 50 12.840  0.78   1
     1961  54.572538 -161.348063    13.534    27632.3   -58862.2    -5504.9    196.0    195.9    180.6 2021  3 17 22  3 42.820  1.10   1
     1963  54.461633 -162.852734     7.876   -69140.1   -71208.7   -11162.7    333.9    248.9    386.0 2021  3 17 22 42 26.960  1.90   1
     1965  55.271220 -162.188314    11.044   -26127.8    18918.3    -7994.7    394.5    376.0    682.4 2021  3 17 23  0 33.240  1.28   1
     1969  55.193591 -162.285270    16.459   -32335.0    10276.3    -2580.3    417.1    399.8    307.9 2021  3 18  0 14  0.410  1.28   1
      197  55.092985 -161.572477    29.419    13128.3     -923.6    10380.4    281.7    372.5    382.9 2021  1  7  2 55 29.890  2.19   1
     1973  54.838757 -161.168197    53.003    39060.3   -29225.5    33964.6    164.5    152.9    220.9 2021  3 18  1 31 29.980  1.25   1
     1975  55.453170 -161.873975    30.967    -6091.4    39173.8    11928.1    232.6    207.1    107.9 2021  3 18  2 45 38.950  0.99   1
     1981  54.794531 -162.914925     8.772   -72841.5   -34148.9   -10266.6    236.3    251.5    697.5 2021  3 18  6 26 27.680  1.02   1
     1983  54.482507 -162.065479    13.851   -18483.5   -68884.9    -5187.8    482.0    214.4    321.3 2021  3 18  7 22 24.300  1.24   1
     1984  55.034745 -161.331999     8.038    28500.8    -7407.2   -11001.0    208.8    155.3   1006.8 2021  3 18  8  6 48.940  0.87   1
     1986  55.044108 -161.687777    20.338     5771.2    -6364.8     1299.4    487.1    740.1    429.3 2021  3 18  8 24 14.020  1.39   1
     1988  54.965910 -162.892497    52.669   -71252.7   -15070.2    33629.7    808.6   1002.7    889.6 2021  3 18  9 58 57.490  1.33   1
     1991  55.219958 -161.652018    12.531     8037.8    13211.7    -6507.5    259.8    194.1    294.8 2021  3 18 12 20 29.880  1.12   1
     1995  55.173910 -161.922721     5.217    -9221.6     8085.3   -13821.6    235.9    441.4    372.6 2021  3 18 14 36 19.100  0.66   1
     1996  54.590588 -161.242041    30.784    34436.7   -56852.8    11745.4    193.4    172.4    494.9 2021  3 18 15 25 37.380  1.11   1
     1997  55.562528 -163.359277    13.145  -100347.8    51348.2    -5893.8   1844.3   2447.8   1762.3 2021  3 18 16 56 49.690  1.37   1
     2001  54.489478 -163.159375     0.251   -88838.8   -68108.9   -18787.9    201.2    185.5    150.9 2021  3 18 19 35 43.440  1.69   1
     2006  55.310168 -161.563086    10.202    13690.7    23254.3    -8837.2    143.6    227.8    296.5 2021  3 18 20 15  0.400  0.39   1
     2007  54.986556 -160.689079    40.046    69615.6   -12771.8    21007.6    289.7    403.2    550.6 2021  3 18 22 50 27.260  4.06   1
     2011  54.769230 -160.708529     9.035    68556.8   -36965.5   -10004.4    351.6    301.6    299.5 2021  3 19  2 17 27.950  1.93   1
     2014  54.983789 -162.364160     6.271   -37462.7   -13079.8   -12767.5    243.8    231.4    282.4 2021  3 19  6  2 53.140  0.50   1
     2017  55.079679 -161.715316    16.882     4010.3    -2404.9    -2156.8    184.6    182.5    248.2 2021  3 19  7 15 23.960  1.19   1
     2029  55.498661 -161.773486    17.490      294.6    44238.2    -1549.2    372.8    204.3    273.4 2021  3 19 20  1 37.500  0.94   1
     2034  55.310303 -160.605615    33.379    74648.9    23269.2    14340.3    239.0    374.8    659.0 2021  3 20 10 26 13.060  1.96   1
      204  55.116089 -161.470247    25.635    19648.9     1648.4     6596.4    306.6    281.7    707.0 2021  1  7  8 46 37.580  1.86   1
     2041  54.445557 -162.381527    28.463   -38830.4   -72998.4     9424.0    962.0    324.5   1036.3 2021  3 20 15 40 32.680  1.96   1
     2042  55.141093 -162.165592     4.912   -24720.6     4432.0   -14127.0    207.3    192.7    255.4 2021  3 20 15 40 56.760  0.89   1
     2044  55.250505 -162.071387    16.907   -18684.7    16612.2    -2132.1    364.1    278.8    286.2 2021  3 20 18 46 11.200  1.24   1
      205  55.367029 -161.729964     7.247     3064.0    29584.2   -11791.9    178.9    185.0    270.2 2021  1  7 11 45 28.180  1.30   1
     2050  55.173621 -161.516309    17.514    16697.3     8053.1    -1525.0    194.6    194.1    261.7 2021  3 21  1 15 13.670  2.08   1
     2052  55.644853 -161.974870     3.847   -12473.5    60512.9   -15191.4    377.9    169.6    293.6 2021  3 21  3 53 40.930  0.89   1
     2053  54.777348 -161.001335    32.229    49784.1   -36061.8    13190.2    288.8    327.0    785.5 2021  3 21  4 51 43.430  1.68   1
     2054  55.178255 -161.924854     7.032    -9357.0     8569.0   -12007.0    283.3    207.9    282.3 2021  3 21  4 52 15.430  1.07   1
     2055  55.265218 -161.617578     5.255    10227.1    18250.2   -13783.5    254.1    212.1    314.6 2021  3 21  6 20 17.800 -0.04   1
     2056  54.529175 -161.562093    14.785    13887.9   -63689.6    -4253.7    423.6    323.1    306.7 2021  3 21  9 13 37.170  1.64   1
     2057  54.504797 -162.339274    39.969   -36085.0   -66403.4    20929.7    561.4    212.7    354.6 2021  3 21 13 30 53.040  1.63   1
     2059  54.594617 -162.336051    61.446   -35838.1   -56404.3    42407.0    208.4    130.9    131.7 2021  3 21 15 28  4.810  2.32   1
     2066  54.824264 -160.489681    23.731    82527.8   -30839.0     4692.0    522.7    644.9    534.4 2021  3 22  0 10 51.690  2.08   1
     2071  55.329692 -161.966097     9.755   -11964.5    25427.7    -9283.6    297.6    382.9    358.3 2021  3 22  0 36 28.590  0.81   1
     2079  55.084631 -161.179346     0.490    38229.3    -1853.6   -18549.1    246.4    276.9    203.7 2021  3 22  6 27 48.630  1.36   1
     2081  55.294194 -161.672835     5.544     6704.7    21475.8   -13494.7     97.8    143.4    118.7 2021  3 22  8 42  5.840 -0.03   1
     2082  54.901619 -161.389453    19.199    24871.5   -22227.3      159.8    266.7    249.1    248.0 2021  3 22  9  3 51.680  0.90   1
     2083  55.160010 -161.898079     5.786    -7651.4     6537.9   -13253.1    236.6    192.5    224.6 2021  3 22  9 21 56.940  0.61   1
     2085  55.382825 -162.725553    13.788   -60264.2    31342.7    -5250.4    287.1    356.2   1108.2 2021  3 22 11  6 42.830  1.46   1
     2089  54.985596 -161.507194    32.495    17319.0   -12878.7    13456.0    217.4    193.0    267.4 2021  3 22 14 47 22.280  1.92   1
     2092  54.992603 -161.531380    31.865    15771.6   -12098.7    12826.0    281.1    274.5    391.3 2021  3 22 18 44  2.120  3.44   1
     2093  55.073779 -161.729801    23.227     3085.7    -3061.7     4188.2    316.3    236.2    232.5 2021  3 22 19  0 32.180  1.23   1
     2099  54.652763 -161.352246    12.558    27336.4   -49931.2    -6480.4    206.9    218.6    280.9 2021  3 23 11 28  4.430  2.69   1
     2102  55.244185 -161.596663     4.259    11562.5    15908.7   -14779.5    190.4    177.6    351.5 2021  3 23 15 12  4.800  0.41   1
     2106  55.422571 -161.930322     4.573    -9676.2    35767.4   -14465.7    235.0    344.8    494.9 2021  3 23 20 35  4.600  2.03   1
     2110  55.046049 -161.597689    28.709    11525.6    -6148.8     9670.1    383.6    732.6    761.7 2021  3 23 21 20 35.960  1.70   1
     2116  55.292928 -161.830469    13.078    -3333.2    21335.0    -5961.4    400.7    172.2    174.6 2021  3 24  1 48  0.030 -0.05   1
     2117  55.425647 -162.782031    15.373   -63822.4    36109.9    -3666.0    196.3    191.6    852.8 2021  3 24  6 30 31.840  2.30   1
     2118  55.412410 -162.780339     1.702   -63725.4    34636.3   -17336.4    272.4    253.9    289.3 2021  3 24  6 47 10.370  1.57   1
     2126  55.285624 -161.532064     4.444    15670.6    20521.9   -14595.0    126.5    145.7    137.4 2021  3 24 16 19 46.180  0.79   1
     2132  54.589526 -161.305322    31.047    30372.1   -56971.0    12008.1    222.5    219.9    558.0 2021  3 25  4 23  3.040  1.78   1
     2136  55.483032 -161.455046    29.232    20524.7    42498.3    10192.9    395.2    517.9    588.8 2021  3 25 13 25 39.070  1.67   1
      214  55.368193 -161.765202     3.413      822.2    29713.8   -15626.1    211.5    304.0    283.6 2021  1  7 18 28  9.440 -0.26   1
     2140  55.134676 -161.702767    13.282     4808.3     3717.6    -5757.0    297.5    273.0    303.7 2021  3 25 15 24 59.570  0.65   1
     2141  55.153581 -161.365283     0.597    26335.4     5822.2   -18441.7    246.2    207.8    170.5 2021  3 25 15 25 42.300  0.62   1
     2147  54.787435 -161.251188    21.981    33766.9   -34938.9     2941.8    263.5    224.6    222.3 2021  3 25 20 12  8.900  1.75   1
     2148  55.089213 -161.408138    16.110    23620.6    -1343.5    -2928.9    249.1    227.3    464.6 2021  3 25 20 12 29.960  1.32   1
     2159  54.952783 -162.309391    20.383   -33974.6   -16531.6     1343.9    620.1    555.7    657.4 2021  3 26  5 25  3.840  1.06   1
     2164  55.795260 -160.529492     9.624    79012.6    77256.9    -9414.9    393.2    546.0    396.4 2021  3 26  7 17 29.010  1.57   1
     2166  55.310689 -162.739453     5.997   -61203.6    23312.2   -13041.9    389.6    488.0   3055.9 2021  3 26  7 27 39.540  1.40   1
     2179  54.986613 -162.369710    11.709   -37816.1   -12765.5    -7329.8    182.8    171.8    139.6 2021  3 26 13 35 21.170  0.89   1
      218  55.359733 -161.682292     5.979     6097.5    28772.0   -13060.0    139.8    160.6    228.0 2021  1  7 19 35  6.920  0.84   1
     2181  55.094963 -161.691341    17.105     5540.0     -703.5    -1934.4    248.7    158.3    224.2 2021  3 26 13 52 23.460  1.18   1
     2189  54.829167 -162.053190     1.252   -17617.5   -30293.1   -17787.3    106.2    101.2    129.8 2021  3 26 16 13  1.530  0.96   1
      219  55.335413 -161.376986    19.854    25530.9    26064.5      815.5    121.5    316.4    191.2 2021  1  7 19 36 15.440  0.75   1
     2192  55.069250 -162.509603    24.971   -46710.5    -3565.9     5932.5    263.4    228.8    375.2 2021  3 26 16 29 34.580  1.28   1
     2195  55.260246 -161.611377    32.807    10622.8    17696.6    13767.9    475.3    955.6    523.4 2021  3 26 16 58 29.000  1.92   1
     2199  55.008679 -161.411491    32.157    23430.1   -10308.9    13117.8    291.7    260.5    412.2 2021  3 26 18 15 44.540  1.40   1
     2204  55.345317 -163.026449    37.357   -79440.9    27167.1    18318.6    306.2    516.6    504.8 2021  3 26 22 11 49.720  1.81   1
     2205  54.590304 -161.476432    12.571    19380.1   -56884.5    -6468.1    232.0    204.9    263.8 2021  3 27  2 37 52.060  1.34   1
     2206  55.059542 -161.939827     7.454   -10327.2    -4646.7   -11584.6    200.1    137.3    434.1 2021  3 27  2 38 25.410  1.07   1
     2208  55.464376 -161.861068    27.541    -5270.4    40421.3     8502.5    302.3    249.6    191.9 2021  3 27  3 18 55.000  0.57   1
     2210  54.562907 -161.331771    30.172    28682.5   -59934.4    11133.0    238.9    153.2    527.9 2021  3 27  6  0 41.100  1.55   1
     2211  55.319368 -161.715674     5.814     3975.6    24278.4   -13224.4     90.0    169.9    123.7 2021  3 27  8 25 39.590  1.40   1
     2216  55.275623 -161.055046    43.202    46055.5    19408.4    24163.1    137.1    386.8    227.7 2021  3 27 14  2  7.920  1.88   1
     2217  55.219820 -161.762158     9.231     1017.7    13196.3    -9807.9    232.3    171.7    263.0 2021  3 27 14  2 48.190  1.28   1
      222  55.071952 -161.631543    13.243     9360.1    -3265.1    -5796.0    239.1    170.9    224.6 2021  1  7 22 11 19.780  1.05   1
     2226  55.374251 -161.717643    17.321     3847.5    30388.3    -1717.6    290.2    280.3    195.6 2021  3 28  3 51 46.130  0.26   1
     2227  54.558630 -161.249967    13.316    33940.9   -60410.5    -5723.2    210.0    183.8    175.0 2021  3 28  4 40 17.120  1.62   1
      223  54.604211 -161.263916    25.513    33026.0   -55336.2     6474.2    147.5    128.6   1810.5 2021  1  7 23 38 36.720  2.69   1
     2230  55.316321 -161.617562    20.055    10221.6    23939.2     1016.0    291.3    315.1    237.5 2021  3 28  6 37 38.220  0.36   1
     2231  54.928284 -162.226172     2.658   -28661.4   -19259.0   -16380.9    101.0    106.2    127.9 2021  3 28  7 52 29.070  2.21   1
     2233  55.213814 -161.957666    15.135   -11444.4    12527.7    -3903.8    385.5    214.6    169.6 2021  3 28  8 39  0.200  0.49   1
     2236  55.758956 -162.240853     5.699   -29294.5    73215.4   -13339.5    588.6    450.6    663.0 2021  3 28  9  5 35.480  1.06   1
     2238  54.493970 -161.524186     8.892    16331.9   -67608.8   -10147.4    340.7    233.8    264.8 2021  3 28  9 59 10.720  2.54   1
      224  54.978300 -161.295410    35.760    30859.9   -13690.9    16721.0    250.5    207.8    343.4 2021  1  8  0 22 44.610  2.08   1
     2240  55.324215 -161.908545    17.944    -8301.9    24817.9    -1095.1    427.1    258.2    101.0 2021  3 28 11  5 13.640  1.17   1
     2243  54.891113 -161.231755    32.758    34967.3   -23396.9    13719.4    196.2    147.3    335.9 2021  3 28 14  0 32.920  1.85   1
     2244  54.913867 -162.194352     2.137   -26630.7   -20863.9   -16901.7    159.9    133.8    174.6 2021  3 28 15 23 35.070  1.16   1
     2245  54.863574 -162.207992     0.689   -27520.5   -26462.7   -18349.6    186.5    122.6    108.4 2021  3 28 15 23 47.910  1.68   1
     2254  54.824870 -162.022738    16.192   -15667.9   -30771.5    -2846.7    287.3    205.1    430.4 2021  3 30  2  0 38.900  1.20   1
     2258  55.334058 -161.666455     7.230     7107.5    25913.7   -11808.5    139.0    164.6    210.4 2021  3 30  2 26 59.060  1.62   1
     2259  54.604024 -161.189014    11.378    37836.8   -55357.0    -7661.1    256.3    215.6    210.5 2021  3 30  3 18 50.880  1.53   1
     2260  54.520996 -161.145964    35.691    40643.4   -64600.1    16652.5    274.2    227.7    532.8 2021  3 30  3 36 20.850  1.73   1
     2264  55.031832 -161.714958     2.609     4035.6    -7731.5   -16430.0    240.4    507.7    263.8 2021  3 30  6 26  6.590  1.18   1
     2269  54.502645 -162.552474    15.423   -49796.3   -66643.1    -3615.8    192.3    146.0    255.6 2021  3 30 15  6 53.160  1.87   1
      227  55.140946 -161.622721    28.859     9914.9     4415.7     9820.6    342.3    268.7    384.8 2021  1  8  0 53 59.840  1.89   1
     2276  55.322013 -161.414893    33.713    23122.2    24572.9    14673.9    220.6    393.9    308.1 2021  3 31  1 17 22.640  2.47   1
      228  54.830050 -160.835059    29.461    60401.2   -30194.8    10421.9    278.7    316.5   1012.5 2021  1  8  0 53 55.350  2.16   1
     2280  54.709493 -161.086328    64.931    44374.2   -43615.8    45892.6    166.7    199.0    192.5 2021  3 31  6 42 18.360  2.04   1
     2282  54.997274 -161.675033    24.006     6589.1   -11578.7     4967.2    361.4    304.9    249.3 2021  4  1 16 25 50.050  1.16   1
     2286  55.149272 -160.901481    71.373    55924.7     5342.5    52333.8    162.1    333.1    211.0 2021  4  2  0 36  6.520  2.25   1
     2288  54.559290 -160.996370    18.627    50237.4   -60337.1     -411.8    381.7    391.1    365.0 2021  4  2  4 45 39.640  2.10   1
     2295  54.659985 -162.599089    12.688   -52691.6   -49127.2    -6350.7    229.7    202.2    189.8 2021  4  2 11 51 29.560  1.22   1
       23  55.352592 -161.907796     1.041    -8251.3    27977.0   -17998.0    281.4    367.6    366.6 2021  1  1 20 47 51.840  2.46   1
     2308  55.200208 -161.512109     2.642    16959.4    11012.9   -16396.7    240.1    210.4    216.0 2021  4  3  3 40  1.040  0.79   1
     2312  54.783634 -161.201595    30.232    36946.6   -35362.0    11192.7    169.3    197.5    433.6 2021  4  3  5 56 27.620  2.25   1
     2317  55.160413 -161.932340     2.596    -9836.7     6582.7   -16442.5    548.0    304.5    635.6 2021  4  3  7 59 54.220  1.09   1
     2318  55.383142 -161.759912     8.636     1158.5    31378.0   -10403.0    280.0    188.6    266.0 2021  4  3  9 15 36.720  0.09   1
     2322  54.893665 -161.932259     1.245    -9864.2   -23112.9   -17792.7    308.2    200.1    239.1 2021  4  3 12 42 23.080  0.95   1
     2323  54.563647 -161.607227    11.386    10981.8   -59852.0    -7652.5    206.7    146.2    182.0 2021  4  3 12 42 24.150  1.14   1
     2325  54.634684 -160.920085     9.689    55088.5   -51943.8    -9349.4    397.1    375.4    374.9 2021  4  3 14 58 12.570  1.52   1
     2328  54.957829 -162.264144     6.155   -31079.1   -15969.9   -12883.9    122.5    117.2    136.0 2021  4  3 16 54 37.750  1.36   1
     2331  55.053166 -161.314567    27.227    29607.7    -5356.5     8188.5    218.5    344.0    483.9 2021  4  3 18  4 24.800  1.57   1
     2334  54.495874 -162.939079    11.795   -74664.0   -67396.8    -7243.9    261.0    199.9    244.0 2021  4  3 19  1 14.080  1.40   1
     2335  55.349443 -161.966178    22.080   -11966.7    27626.4     3041.0    451.8    299.7    454.7 2021  4  4  2  0 31.060  0.85   1
      234  55.098511 -162.078402    15.634   -19168.0     -308.5    -3404.8     90.3    160.0    176.7 2021  1  8  5 12 50.120  1.26   1
     2341  54.959595 -162.167643     2.517   -24907.7   -15773.3   -16522.2     91.2    156.1    158.2 2021  4  4  7 15 59.730  0.78   1
     2343  55.312370 -161.691195     4.048     5534.4    23499.3   -14990.8    204.6    225.2    381.4 2021  4  4  7 41 17.630  0.62   1
     2348  54.713794 -161.141618    30.169    40825.5   -43137.0    11130.5    222.6    210.8    620.3 2021  4  4  9  4 30.340  2.62   1
      235  55.387207 -161.732812     4.564     2882.1    31830.5   -14475.2    198.2    226.0    265.8 2021  1  8  5 44 29.680  1.47   1
     2351  55.542737 -162.398454    21.821   -39379.0    49144.9     2781.9    408.5    428.6    558.2 2021  4  4 12 39 47.310  1.54   1
     2353  55.106014 -162.284847     6.105   -32343.3      526.8   -12933.5    288.6    284.0    487.1 2021  4  4 12 47 10.570  1.51   1
     2355  55.359066 -161.281641    38.252    31589.9    28697.7    19213.4    284.4    610.3    350.1 2021  4  4 14 44 30.330  1.21   1
     2359  54.980127 -162.346598     6.360   -36341.7   -13487.5   -12678.4    186.1    184.8    223.0 2021  4  4 16 51  4.390  0.61   1
     2361  55.381543 -162.465674    20.075   -43734.4    31200.0     1036.0    361.9    411.3    646.8 2021  4  4 17 43 37.320  1.53   1
     2365  55.131368 -161.731364     6.056     2983.7     3349.3   -12982.6    218.3    185.2    231.8 2021  4  4 19 45 27.260  0.46   1
     2366  55.305892 -161.718929     4.848     3769.0    22778.2   -14191.2    201.4    144.3    221.7 2021  4  4 21 17 28.340  0.24   1
     2368  54.979342 -160.749447    34.885    65762.5   -13574.9    15845.9    337.9    487.5    876.0 2021  4  4 21 48  5.800  2.12   1
     2369  54.558919 -161.024837     8.170    48408.3   -60378.3   -10868.9    237.8    228.6    230.7 2021  4  4 22 23 56.000  1.85   1
      237  55.097156 -161.615885    17.880    10356.6     -459.3    -1159.1    335.9    257.9    326.8 2021  1  8  8 35 34.340  0.99   1
     2376  55.166427 -161.787500    30.676     -597.9     7252.2    11637.6    378.2    400.7    415.2 2021  4  5  6 59 33.530  1.24   1
     2378  54.992578 -162.287370     0.506   -32550.2   -12101.4   -18532.7    153.0    131.6    137.6 2021  4  5 20 54 26.720  1.65   1
     2381  55.226973 -162.227686    15.502   -28651.5    13992.6    -3536.7    219.8    216.1    232.8 2021  4  5 21 22  5.160  0.53   1
     2383  55.140068 -161.904525     4.216    -8064.5     4317.8   -14822.6    147.1    219.7    192.6 2021  4  5 21 45 57.120  0.70   1
     2384  55.327250 -161.814274    14.780    -2301.0    25155.9    -4258.7    382.0    199.9    134.7 2021  4  5 21 46 13.400 -0.10   1
     2387  55.539880 -161.435042    13.456    21779.9    48826.9    -5582.4    276.5    342.5    509.1 2021  4  5 23  6 12.900  0.79   1
     2389  54.989799 -161.689567    17.434     5660.7   -12410.8    -1604.8    209.8    159.0    212.2 2021  4  5 23 15 39.920  1.11   1
      239  55.144971 -161.616064    25.634    10339.1     4863.7     6594.8    293.5    264.6    390.6 2021  1  8 10 31 29.280  1.82   1
     2393  54.494743 -161.806120    10.360    -1800.4   -67522.8    -8678.8    152.2    117.6    150.7 2021  4  6  2 29 11.560  1.67   1
     2396  55.568388 -161.596045     4.553    11554.9    52000.4   -14485.5    262.5    210.6    300.1 2021  4  6  5 51 59.670  1.17   1
     2401  54.941724 -162.793701    17.526   -64955.3   -17762.8    -1512.4    253.7    346.4    394.2 2021  4  6  9  4 31.260  1.26   1
     2404  55.326847 -161.849951    26.804    -4571.9    25111.0     7764.7    450.4    351.4    256.0 2021  4  6 12  0 16.940  0.42   1
     2406  55.122026 -161.900732    11.912    -7824.3     2309.3    -7127.2    308.2    173.6    192.2 2021  4  6 12 22 51.320  1.42   1
     2408  55.138664 -161.786442    14.777     -530.6     4161.5    -4261.8    193.0    185.4    268.8 2021  4  6 13  5 21.680  1.63   1
     2413  55.306307 -161.409505    16.230    23469.7    22824.4    -2808.7    150.3    387.4    380.5 2021  4  6 16  8 30.830  1.16   1
     2414  55.210588 -161.814258     6.729    -2303.3    12168.4   -12309.6    325.3    258.8    460.6 2021  4  6 16  8 56.720  1.09   1
     2415  55.308447 -162.446094    23.230   -42527.8    23062.6     4191.4    262.2    483.7    325.5 2021  4  6 17  3 39.680  1.64   1
     2417  55.286666 -162.206478     5.146   -27279.5    20637.8   -13892.8    202.7    231.9    312.0 2021  4  6 17 23 56.500  0.40   1
     2419  55.233952 -162.118294    22.155   -21677.9    14769.5     3116.5    250.9    228.3    290.5 2021  4  6 17 54 39.500  0.90   1
     2425  54.769120 -163.484489    39.926  -109371.2   -36977.8    20887.5    655.0   1031.8   1278.4 2021  4  6 22 55 41.080  1.48   1
     2427  55.074500 -162.084326     5.583   -19552.0    -2981.5   -13455.7    288.7    245.0    340.6 2021  4  7  0  8 20.600  0.81   1
     2430  55.244283 -161.424105    21.058    22557.6    15919.6     2018.7    229.3    303.8    226.3 2021  4  7  0 23  8.470  1.63   1
     2434  55.275928 -161.845524    19.682    -4292.9    19442.4      642.7    334.5    112.2    146.6 2021  4  7  3  3  1.320  0.42   1
     2437  55.010205 -162.342692    10.633   -36078.4   -10139.1    -8406.2    265.3    255.6    300.7 2021  4  7  5 21 24.330  1.39   1
     2439  54.903056 -160.735303    13.057    66729.9   -22067.4    -5981.8    281.2    403.8    322.5 2021  4  7  6 10 40.980  1.21   1
     2440  55.516052 -161.477214     3.191    19108.5    46174.2   -15848.1    205.5    225.4    322.6 2021  4  7  6 28 26.270  0.81   1
     2449  54.585531 -161.306657    11.572    30287.9   -57415.8    -7467.4    162.4    147.2    147.6 2021  4  7 14 31 21.220  1.16   1
     2452  55.019454 -162.310791     4.798   -34035.9    -9109.5   -14241.4    245.5    132.4    283.1 2021  4  7 19 33  8.000  1.52   1
     2455  55.117647 -161.939111     4.564   -10274.0     1821.9   -14474.7    235.4    194.0    235.2 2021  4  7 21 34 12.160  1.49   1
     2457  55.111039 -161.650163    12.075     8167.1     1086.2    -6964.3    222.4    157.9    248.1 2021  4  7 23 59 13.480  0.87   1
     2459  55.380693 -162.637028     0.793   -54634.7    31105.3   -18245.8    384.6    463.3    333.4 2021  4  8  0  8  6.870  1.70   1
     2461  54.737142 -160.957340    31.668    52629.9   -40537.8    12629.2    314.5    351.2    919.9 2021  4  8  6 13 37.220  2.84   1
     2464  55.165019 -161.927507     5.473    -9527.8     7095.5   -13565.5    251.2    246.2    103.4 2021  4  8  6 34 29.010  0.88   1
     2468  55.254232 -161.341097     2.608    27843.3    17027.1   -16431.3    125.8    220.2    133.9 2021  4  8  8 22 48.820  1.18   1
      247  55.197786 -161.522461     3.397    16300.0    10743.4   -15641.6    255.3    244.4    447.3 2021  1  8 13 37 34.090  0.87   1
     2470  55.347034 -161.682275     7.082     6099.6    27358.3   -11956.7    247.7    155.4    298.7 2021  4  8  8 26 22.030  0.22   1
     2473  55.279492 -162.048747    12.411   -17236.0    19839.2    -6627.6    433.0    505.4    484.1 2021  4  8 12 52 48.230  1.68   1
     2476  55.386003 -162.052230    35.427   -17434.6    31696.5    16388.4    353.3    484.8    222.7 2021  4  8 17 12 40.580  2.24   1
     2478  55.567562 -161.388965     0.805    24696.5    51908.5   -18234.1    329.9    373.3    287.6 2021  4  8 21 11 55.400  2.14   1
      248  55.174642 -161.898910     6.403    -7702.9     8166.8   -12636.3    231.4    175.8    199.4 2021  1  8 13 48  1.810  1.55   1
     2484  54.586275 -161.393376    10.827    24716.7   -57332.9    -8211.5    166.7    133.5    124.0 2021  4  9  7  9  5.640  2.24   1
     2491  54.450118 -161.743750    14.139     2212.0   -72490.6    -4899.9    336.6    215.7    244.1 2021  4  9 10 54 41.650  1.24   1
     2493  54.424715 -161.466048     8.236    20088.1   -75318.6   -10802.7    344.7    310.3    350.1 2021  4  9 12 25 25.340  2.34   1
     2500  54.558854 -162.620492    16.312   -54132.8   -60385.6    -2726.7    279.0    192.6    293.8 2021  4  9 17 31 25.320  1.43   1
     2505  54.926782 -163.027799    11.492   -79942.8   -19426.1    -7546.4    211.5    286.6    376.4 2021  4  9 21 15  7.200  1.73   1
     2511  54.855367 -161.970085     3.447   -12290.7   -27376.4   -15592.1    246.2    249.0    370.3 2021  4 10  5  2 32.120  1.59   1
     2512  54.443656 -162.140381    56.166   -23312.6   -73209.9    37127.3    538.1    147.8    213.4 2021  4 10  7  1 58.970  1.90   1
     2516  55.119320 -162.333382    40.686   -35435.3     2008.1    21646.9    473.3    407.4    234.6 2021  4 10  9 41 55.700  2.49   1
     2517  54.592310 -161.294564    13.765    31062.1   -56661.2    -5273.6    171.7    173.8    160.6 2021  4 10 12 37 54.850  1.88   1
     2518  54.694381 -163.166650    50.779   -89081.3   -45298.1    31740.6    235.5    277.7    344.3 2021  4 10 12 56 42.600  2.25   1
      252  55.406421 -160.642676    16.116    72202.5    33969.5    -2922.5    236.8    468.6    521.4 2021  1  8 17  2 42.800  1.77   1
     2527  55.220504 -161.753385    17.310     1576.8    13272.4    -1729.0    361.5    224.2    260.6 2021  4 10 21 17  4.660  0.46   1
     2531  55.006742 -162.444613     9.539   -42593.5   -10524.6    -9499.8    104.9    239.2    294.9 2021  4 11  5  0 43.940  1.67   1
     2532  54.911877 -162.648145    12.370   -55666.2   -21085.4    -6668.9    239.6    237.6    516.4 2021  4 11  5  0 55.400  1.79   1
     2541  54.599186 -161.271810    13.967    32521.0   -55895.6    -5072.1    182.6    159.2    164.2 2021  4 12  0 21 39.050  1.98   1
     2546  55.137370 -161.746973     9.990     1987.6     4017.5    -9048.8    391.6    241.8    473.8 2021  4 12  6 31 26.780  1.62   1
     2548  55.624032 -160.701709    72.770    68261.9    58195.0    53731.0    284.6    497.1    313.3 2021  4 12 11 38 48.060  1.97   1
     2550  54.543245 -162.395866    52.401   -39705.4   -62123.2    33362.1    227.8    112.7    156.5 2021  4 12 14  8 29.100  2.10   1
     2551  54.615572 -161.515381    44.559    16872.8   -54071.5    25520.3    237.2    187.3    272.5 2021  4 12 15 41  5.600  1.45   1
     2552  55.093701 -160.380111    10.476    89246.8     -843.9    -8563.4    284.5    504.4    284.0 2021  4 12 15 47 39.630  1.46   1
     2554  54.958586 -162.244141     2.808   -29799.7   -15885.6   -16230.6    141.2    133.3    160.1 2021  4 12 17 26 46.580  1.18   1
     2557  55.377140 -161.721989    20.658     3571.0    30709.9     1618.7    240.7    360.8    205.6 2021  4 12 18 43 41.260 -0.03   1
     2565  55.312073 -162.029541    32.641   -16006.3    23466.2    13602.6    421.9    453.3    321.9 2021  4 13  5 39 55.260  0.56   1
     2566  54.911922 -161.596322    75.347    11632.3   -21080.4    56308.5    136.3    219.0     87.6 2021  4 13  6 28 53.840  1.39   1
      257  55.367362 -161.839535    16.950    -3906.9    29621.4    -2089.3    451.4    270.0    145.6 2021  1  8 18 58  2.720 -0.28   1
     2571  55.347087 -161.949300     6.090   -10893.0    27364.2   -12949.1    299.8    261.4    462.5 2021  4 13  7 38 27.280  0.23   1
     2574  55.358398 -161.773714     3.939      280.6    28623.4   -15100.3    199.4     77.9    155.3 2021  4 13  9 23 14.250  1.18   1
     2582  55.511385 -161.820492    31.053    -2690.5    45654.6    12014.2    271.5    340.6    229.3 2021  4 13 14 40 53.780  0.64   1
     2585  54.601139 -161.259896    13.532    33285.5   -55678.2    -5507.4    134.7    130.6    118.7 2021  4 13 19  5 24.400  1.49   1
     2586  55.654773 -161.739111    12.242     2473.1    61617.2    -6796.5    392.0    183.5    441.0 2021  4 13 19 12 57.720  0.67   1
     2589  55.338359 -161.868050    17.394    -5723.2    26392.5    -1645.3    224.2    245.4    194.9 2021  4 13 22 48  5.400  0.10   1
     2594  55.183679 -161.741553    19.101     2332.1     9172.9       61.8    258.3    264.1    320.3 2021  4 14  4  2 17.690  0.46   1
     2596  54.663399 -160.788363     7.991    63522.8   -48747.1   -11048.1    443.1    372.9    382.6 2021  4 14  4 20 53.440  1.58   1
      260  55.338538 -161.818848    13.914    -2591.7    26412.4    -5125.0    359.9    286.6    184.6 2021  1  8 21 38 15.600  0.19   1
     2600  55.307576 -161.056315    30.656    45956.3    22965.7    11617.4    242.0    504.6    535.0 2021  4 14  6 13 39.350  1.43   1
     2601  55.374312 -161.804102    35.300    -1652.5    30395.1    16261.4    554.5    442.3    271.9 2021  4 14  6 14  3.960  2.00   1
      261  54.998551 -161.607780    19.940    10887.4   -11436.4      901.5    160.3    129.5    316.2 2021  1  8 22 26 41.180  1.20   1
     2610  54.568502 -162.438005    35.851   -42400.6   -59311.6    16812.4    595.3    241.8    447.5 2021  4 14 11 29 11.100  1.41   1
     2618  54.500745 -162.642480    47.793   -55585.6   -66854.6    28754.1    227.3    144.5    196.2 2021  4 14 15 49 47.910  1.35   1
     2624  55.127022 -161.903564    22.540    -8004.5     2865.6     3501.4    381.4    263.5    346.6 2021  4 14 18 31  3.280  0.30   1
     2628  55.103198 -161.814518    22.635    -2323.0      213.4     3596.4    286.5    246.6    314.4 2021  4 14 21 41 54.520  0.48   1
     2630  54.942293 -162.275000     4.907   -31779.4   -17699.3   -14131.7    129.9    126.1    124.5 2021  4 15  1 35  0.950  0.90   1
     2633  55.233362 -161.248210    26.136    33770.0    14703.8     7097.6    186.8    274.0    634.2 2021  4 15  9 18 20.680  1.52   1
     2636  55.265658 -161.540560    28.520    15133.2    18299.1     9481.2    232.9    328.3    259.3 2021  4 15 20 46 43.880  0.46   1
     2637  54.569035 -161.841374    67.444    -4064.0   -59252.2    48404.9    418.7    275.2    279.9 2021  4 15 22  7 22.060  1.61   1
     2638  54.671029 -160.667025    22.634    71303.6   -47897.8     3595.6    929.5    971.4    892.0 2021  4 15 22 24 39.720  3.27   1
     2639  54.835665 -160.545638     7.590    78932.5   -29569.7   -11448.8    357.7    421.8    325.9 2021  4 15 22 26 54.420  1.01   1
     2643  54.469531 -161.701888    11.690     4904.6   -70329.4    -7349.1    172.3    140.9    161.8 2021  4 16  2 36 18.520  1.70   1
     2651  55.263940 -162.403027    18.363   -39808.1    18107.9     -676.1    254.9    340.0    281.5 2021  4 16 13  3 14.510  0.92   1
     2656  54.838688 -161.240625    31.577    34421.9   -29233.2    12538.2    145.9    207.0    366.7 2021  4 16 18 38 25.040  1.78   1
     2659  55.230595 -162.094906    18.513   -20188.2    14395.7     -526.2    259.0    207.6    257.0 2021  4 16 19 46  4.080  0.63   1
     2664  54.619364 -160.752230    21.385    65877.6   -53649.3     2345.8   1388.2   1284.5   1249.1 2021  4 17  0 33 29.140  1.66   1
     2665  54.885254 -160.892611    46.684    56676.3   -24049.2    27645.5    176.2    217.3    277.7 2021  4 17  1 13 18.740  1.82   1
     2674  54.573751 -162.892301    34.946   -71586.9   -58727.2    15907.2    399.5    332.1    665.0 2021  4 17  4 24 14.050  1.80   1
     2677  55.367688 -161.634701    14.740     9124.7    29657.6    -4299.0    256.0    450.2    315.5 2021  4 17  6 49 56.330  0.13   1
     2679  54.914490 -161.471468    23.214    19620.1   -20794.6     4175.4    302.3    240.3    235.8 2021  4 17  7 53 43.830  1.87   1
      268  55.107735 -161.891927    13.567    -7263.7      718.4    -5471.5     94.5    150.7    231.8 2021  1  9  2 39 24.400  1.28   1
     2683  54.581653 -161.422721    20.717    22832.8   -57847.5     1677.7    502.5    401.0    417.1 2021  4 17  8  2 40.880  1.45   1
     2687  55.187386 -162.078613    10.262   -19160.3     9585.5    -8776.7    219.8    166.4    350.4 2021  4 17  8 43 26.010  1.55   1
     2688  55.356482 -161.972282    13.345   -12354.0    28410.1    -5693.7    184.9    280.7    149.2 2021  4 17  9 10 45.410  0.10   1
     2694  54.928109 -161.503564    22.907    17563.6   -19278.4     3868.6    219.2    193.6    150.8 2021  4 17  9 38  4.120  1.46   1
     2698  54.944438 -161.512809    23.705    16968.8   -17460.6     4666.3    285.7    192.8    182.7 2021  4 17  9 51 22.770  1.79   1
       27  54.973515 -162.933838     1.320   -73889.1   -14223.6   -17718.4    185.4    365.9    220.6 2021  1  2  0 27 55.440  2.41   1
     2701  55.351953 -161.823584     9.829    -2892.7    27905.9    -9210.0    342.9    265.7    280.1 2021  4 17  9 56 18.700  0.49   1
     2702  54.827722 -161.251644    30.506    33720.9   -30453.9    11467.4    169.9    237.4    403.0 2021  4 17 11 36 47.040  2.62   1
     2703  55.213741 -162.111328     6.112   -21239.3    12519.5   -12927.0    306.1    189.4    342.8 2021  4 17 11 37 15.470  2.45   1
     2707  54.677352 -160.662077    22.259    71615.5   -47193.9     3220.2    728.3    752.4    695.1 2021  4 17 16 10 16.630  2.11   1
     2708  54.471155 -163.120231     4.324   -86340.6   -70148.7   -14715.2    136.2    143.8    181.8 2021  4 17 16 11 43.130  1.25   1
     2712  54.845064 -161.398177    22.543    24330.3   -28523.3     3503.7    199.6    158.7    184.5 2021  4 17 17 39 28.560  0.95   1
     2713  55.165462 -161.957536     4.267   -11443.0     7144.9   -14772.2    206.2    278.5    229.1 2021  4 17 17 39 54.120  0.21   1
     2716  54.830994 -161.443327    28.053    21442.8   -30089.7     9014.3    300.1    244.8    702.3 2021  4 17 18 50 41.920  0.99   1
     2717  55.163721 -161.963623     4.458   -11831.5     6951.0   -14580.5    191.8    150.0    225.2 2021  4 17 18 51  7.560  0.49   1
     2720  55.619657 -161.934814    18.921    -9937.2    57708.0     -117.6    529.3    279.9    401.8 2021  4 17 22 13 42.680  0.09   1
     2721  54.599874 -161.288590    14.129    31442.9   -55819.1    -4909.8    155.8    161.5    161.1 2021  4 17 23  4  5.220  1.21   1
     2722  55.510531 -161.445768    16.534    21106.8    45559.5    -2505.3    300.6    407.2    545.3 2021  4 17 23  7 17.760  0.68   1
     2725  55.133801 -161.696989     4.643     5177.0     3620.2   -14395.4    278.8    226.9    383.9 2021  4 18  1  8 14.120  1.27   1
     2729  55.292847 -162.068896    31.258   -18516.3    21325.9    12218.8    291.4    219.7    215.1 2021  4 18  2 19 58.740 -0.05   1
      273  55.064327 -162.369987     3.144   -37797.3    -4114.0   -15894.8    347.4    318.3    382.4 2021  1  9  5 23 33.320  1.49   1
     2732  54.829207 -161.784701     0.548     -421.2   -30288.6   -18490.9    205.6    194.6    167.0 2021  4 18  4 29 48.710  0.54   1
     2734  55.487077 -161.832992    27.057    -3485.4    42948.5     8018.2    370.2    265.5    213.1 2021  4 18  7 30  6.020  0.36   1
     2735  55.475350 -161.820964    28.700    -2721.7    41643.0     9661.1    325.6    264.7    204.8 2021  4 18  7 34 34.780  0.49   1
     2736  55.463672 -161.981104    15.985   -12898.0    40343.0    -3054.1    308.0    338.3    357.1 2021  4 18  7 36  1.770  1.03   1
     2741  54.568486 -161.302376    13.143    30569.3   -59313.4    -5896.1    166.5    139.1    137.3 2021  4 18  9 38  6.980  2.18   1
     2744  55.025195 -161.482845    31.403    18866.2    -8470.3    12364.1    364.5    340.5    513.4 2021  4 18 10 21 16.440  1.61   1
     2746  54.836898 -161.379118    19.601    25553.3   -29432.5      562.4    244.9    219.0    194.2 2021  4 18 11 38 33.000  0.77   1
     2747  55.097457 -161.804606     3.587    -1690.4     -425.8   -15451.8    244.5    244.2    380.3 2021  4 18 11 38 58.560  0.19   1
     2748  54.575171 -162.319092    63.878   -34757.0   -58569.1    44839.6    160.3     81.0    161.9 2021  4 18 12  5 33.330  2.27   1
      275  55.396464 -161.846484    11.540    -4347.5    32861.1    -7498.5    371.1    261.0    142.9 2021  1  9  6 59 27.150  0.52   1
     2753  55.171411 -162.740397    30.335   -61370.3     7807.1    11295.9    291.1    408.4    548.9 2021  4 18 14 24 54.030  1.15   1
     2756  55.295968 -161.722201     8.937     3561.1    21673.3   -10101.6    283.1    272.5    305.8 2021  4 18 14 42  9.890  0.53   1
     2757  55.253422 -162.048275    16.633   -17211.6    16937.0    -2405.8    149.3    163.9    218.9 2021  4 18 14 42 27.120  0.03   1
     2758  55.425993 -161.763265     5.863      944.7    36148.4   -13175.4    386.7    348.4    308.5 2021  4 18 15  3 57.790 -0.51   1
     2760  54.848193 -161.480355    23.785    19067.2   -28175.0     4746.5    286.4    244.7    248.2 2021  4 18 15 39 10.190  0.76   1
     2764  54.617749 -161.676514    13.667     6525.1   -53829.1    -5372.3    240.3    173.2    199.7 2021  4 18 15 54 32.050  1.30   1
     2766  55.294145 -162.287760    34.364   -32453.0    21470.4    15324.6    641.0    497.8    604.3 2021  4 18 15 59 52.010  0.83   1
     2768  55.238245 -161.612858    14.126    10531.4    15247.4    -4913.1    192.8    155.6    295.1 2021  4 18 17 44 21.100  1.06   1
     2769  55.308866 -161.414095     2.440    23176.7    23109.3   -16599.0    117.6    180.2    189.0 2021  4 18 17 44 44.400  1.86   1
     2770  55.310999 -161.250716    16.396    33577.7    23346.7    -2643.2    298.2    425.6    401.5 2021  4 18 19  6  6.680  1.08   1
     2771  55.365934 -161.479867    20.984    18975.7    29462.4     1944.7    266.5    219.1    426.7 2021  4 18 19  6 33.260  1.36   1
     2782  55.402653 -162.348014 *********   -36240.6    33550.1 **********    358.4    509.7 605574.2 2021  4 19  9 55 40.650  0.57   1
     2787  55.495426 -162.205290    24.105   -27132.9    43878.0     5065.8    442.2    416.0    367.6 2021  4 19 12  1 29.850  1.41   1
     2788  54.947274 -162.257715     3.621   -30672.0   -17144.9   -15417.6    150.3    124.2    244.9 2021  4 19 12  6  6.530  1.42   1
     2796  54.878198 -161.422168    29.528    22784.6   -24834.7    10489.4    224.9    190.1    461.9 2021  4 19 18 32 55.280  2.47   1
     2798  55.038586 -161.759570    32.375     1185.3    -6979.5    13336.1    353.4    348.8    443.7 2021  4 19 19 54  8.060  0.85   1
     2799  54.420907 -163.034847    19.247   -80897.7   -75742.6      207.8    380.1    303.4    310.9 2021  4 19 21 14  9.060  2.30   1
       28  54.435140 -161.345557    11.184    27840.4   -74158.0    -7854.8    370.8    289.9    272.6 2021  1  2  0 27 48.240  2.24   1
     2800  55.006498 -162.162533     3.235   -24566.6   -10551.7   -15803.5    263.1    166.1    258.1 2021  4 19 21 14 32.520  1.94   1
     2803  54.691003 -161.459326    11.435    20453.5   -45674.1    -7604.3    203.9    239.5    258.8 2021  4 20  1 28 25.890  1.69   1
     2805  54.922868 -161.031250    55.885    47780.6   -19861.9    36845.9    156.5    183.9    195.5 2021  4 20  1 51 26.920  2.47   1
     2806  55.277698 -161.650814     5.023     8108.7    19639.5   -14015.9    140.6    130.0    397.0 2021  4 20  6 49  1.970  0.19   1
      281  54.995667 -162.810775     3.293   -66003.0   -11757.6   -15745.9    176.7    272.6    313.2 2021  1  9  7 49 11.060  1.53   1
     2810  55.332125 -161.654069     5.938     7896.0    25698.5   -13101.2    149.4     97.5     63.9 2021  4 20 11  9 42.210  0.27   1
     2811  54.856006 -163.325342    13.745   -99063.8   -27305.3    -5293.8    430.5    712.0    654.6 2021  4 20 13 14  9.240  1.67   1
     2814  55.344234 -161.038574    33.933    47064.2    27046.6    14893.6    302.7    818.5    620.7 2021  4 20 19 58 23.520  2.55   1
     2816  55.169788 -161.184001    13.977    37891.9     7626.4    -5061.6    321.2    393.5   1161.4 2021  4 20 22 13 20.260  1.19   1
     2821  54.465678 -161.726335     9.606     3332.0   -70758.4    -9433.3    236.5    173.0    201.2 2021  4 21 20 54 59.800  2.00   1
     2822  54.568319 -162.389128    20.591   -39260.1   -59331.9     1552.4    291.6    164.7    176.0 2021  4 21 22 14 14.160  1.69   1
     2826  55.313985 -161.766715     7.904      726.4    23679.1   -11134.7    226.6    201.1    245.1 2021  4 22 22 41 37.880  1.05   1
     2829  54.944474 -162.281527     5.364   -32196.0   -17456.5   -13675.1    158.3    128.2    159.8 2021  4 22 23 25 31.320  1.60   1
     2835  54.482690 -161.597168     7.282    11639.7   -68864.5   -11757.2    327.8    221.8    265.3 2021  4 23  2  3 39.890  1.50   1
      284  54.727279 -161.603174    11.010    11219.5   -41635.8    -8028.5    297.4    249.7    381.8 2021  1  9  7 54 29.300  1.46   1
     2841  54.980717 -162.292415     2.719   -32877.6   -13421.8   -16320.2    191.9    128.1    154.8 2021  4 23  7 50 18.880  1.59   1
     2844  54.933533 -162.225846     2.772   -28638.7   -18674.6   -16267.0    135.4     92.3    121.1 2021  4 23 11 41 11.670  1.04   1
     2845  54.580672 -161.263818    13.629    33041.9   -57956.7    -5410.4    152.3    136.1    134.0 2021  4 23 12 16 49.890  1.70   1
     2849  54.944840 -161.835075    15.641    -3642.3   -17415.8    -3398.1    488.5    210.2    441.7 2021  4 23 16 20 14.920  0.71   1
     2850  55.259664 -163.644857    21.682  -118922.5    17631.8     2643.6   1003.1   2021.8   1105.5 2021  4 23 17 36  6.620  1.87   1
     2859  54.453711 -162.121419    55.191   -22089.6   -72090.6    36152.0    389.9    120.5    169.0 2021  4 24  0  7 27.070  1.88   1
     2868  54.582048 -162.668604    15.537   -57208.2   -57803.6    -3501.6    196.3    124.7    383.2 2021  4 25  0  1 39.480  2.02   1
     2870  54.704081 -161.482747    54.736    18947.8   -44218.2    35697.3    265.0    180.3    255.9 2021  4 25  1 44 56.490  2.18   1
     2874  55.363717 -162.286702    34.256   -32357.4    29215.5    15217.4    365.1    459.7    255.5 2021  4 25  7 59 53.270  1.04   1
     2876  55.315226 -161.723958     9.971     3448.4    23817.3    -9067.9    228.9    226.0    254.5 2021  4 25 11 37 11.460  0.45   1
     2878  54.443258 -162.180469    10.642   -25892.5   -73254.3    -8397.0    461.2    241.8    363.8 2021  4 25 16 49  8.660  1.86   1
     2879  55.371313 -162.008545    48.984   -14658.7    30061.2    29944.8    386.5    347.3    204.5 2021  4 25 18 17 42.720  1.49   1
     2881  55.384460 -161.830290    16.071    -3318.0    31524.8    -2968.0    440.4    289.7    116.9 2021  4 25 21  1 23.480 -0.14   1
     2882  55.484721 -161.681510    27.435     6137.6    42686.2     8396.3    266.1    322.0    246.1 2021  4 25 21  3 29.240  1.13   1
     2884  54.950623 -161.909814    31.740    -8421.8   -16772.1    12701.2    436.0    498.2    642.5 2021  4 25 22 39 21.540  2.01   1
     2886  54.588009 -161.189079    12.149    37840.1   -57140.0    -6890.4    199.4    191.6    155.9 2021  4 26  8 18  4.140  1.60   1
     2889  54.976766 -161.515837    32.474    16768.4   -13861.7    13435.6    304.9    291.2    348.5 2021  4 26 13  9 48.920  1.45   1
     2898  55.358968 -161.827490     6.970    -3141.0    28686.9   -12068.6    413.0    413.7    249.5 2021  4 26 18 16 45.720  1.18   1
      290  54.624915 -161.414860     8.325    23325.4   -53031.4   -10714.2    330.2    308.6    440.0 2021  1  9  9  8 15.120  1.95   1
     2902  55.461381 -161.441032    15.668    21420.8    40087.9    -3370.7    261.0    287.7    463.7 2021  4 27  2 33  7.710  1.55   1
     2904  55.159684 -161.568734     2.449    13356.2     6501.6   -16590.3    283.1    255.4    193.5 2021  4 27  4 51 55.710  2.75   1
     2913  55.371692 -161.910205     6.261    -8402.5    30103.3   -12778.2    253.1    148.8    313.3 2021  4 27 13 14 41.590 -0.12   1
     2917  55.375618 -161.970589     8.903   -12243.4    30540.5   -10136.2    570.3    391.3    640.1 2021  4 27 17 28 10.480  1.79   1
     2919  55.135059 -161.897282     8.920    -7602.9     3760.2   -10119.3    301.8    215.2    327.3 2021  4 27 19 30  8.380  1.12   1
     2925  55.107670 -161.970833     3.254   -12300.0      711.2   -15785.3    291.3    201.8    429.5 2021  4 27 23 34 13.340 -0.16   1
     2930  54.841272 -160.981885    46.938    50990.3   -28945.5    27898.6    187.4    206.5    277.9 2021  4 28  4 31 26.400  2.81   1
     2934  54.638249 -162.933512    65.847   -74175.7   -51547.0    46808.5    387.7    375.8    359.0 2021  4 28 10 22 59.470  1.63   1
     2938  55.134627 -162.578044    24.494   -51039.4     3712.2     5454.7    238.8    209.9    183.8 2021  4 29  0 13 20.440  1.43   1
     2939  55.166549 -161.881250    14.208    -6577.3     7265.8    -4830.9    400.6    481.7    532.4 2021  4 29  1 20 18.050  0.17   1
      294  54.572249 -161.650977    41.163     8169.6   -58894.4    22124.1    283.1    181.5    311.1 2021  1  9 10 26 48.490  1.54   1
     2940  55.218632 -162.137874    11.557   -22930.0    13064.0    -7481.5    223.3    215.3    337.7 2021  4 29  1 20 37.810  0.42   1
     2941  55.232418 -160.866585    76.380    58090.5    14598.7    57341.4    259.1    676.9    261.9 2021  4 29  3 54 27.220  1.36   1
     2956  55.422396 -161.832503    13.623    -3457.2    35747.9    -5416.3    359.3    370.6    193.4 2021  4 29 15 32 37.280 -0.03   1
     2957  54.780660 -162.761589    30.197   -63027.1   -35693.1    11158.3    282.6    307.1    465.5 2021  4 29 16 48  0.860  1.42   1
     2960  55.229854 -161.782373     5.853     -270.7    14313.3   -13185.6    235.3    272.5    563.2 2021  4 29 17 56  1.200  0.36   1
     2970  55.431356 -161.692806     3.753     5423.7    36745.4   -15285.9    226.6    261.1    733.7 2021  4 30  8 27 27.920 -0.46   1
     2978  55.184920 -161.936963    28.993   -10128.4     9311.0     9953.6    267.9    291.0    283.7 2021  4 30 14 16 28.880  0.33   1
     2980  55.371802 -161.273454    38.498    32105.7    30115.6    19458.9    257.5    530.9    386.6 2021  4 30 14 18 16.780  1.95   1
     2984  54.662268 -163.096582    36.589   -84619.6   -48873.1    17550.5    322.8    252.5    531.9 2021  4 30 15 17 24.990  1.43   1
     2987  55.162980 -162.219906     0.464   -28178.2     6868.6   -18574.6    176.2    234.4    219.4 2021  4 30 17 52 40.100  1.39   1
     2989  54.991695 -163.005599     9.731   -78459.3   -12199.7    -9308.2    192.9    425.1    526.6 2021  4 30 18 21 47.520  1.66   1
     2991  55.040173 -162.866911    16.846   -69552.5    -6802.9    -2193.0    157.5    307.9    558.2 2021  4 30 18 24 22.800  1.27   1
     2992  55.063123 -162.844320     9.171   -68089.9    -4248.1    -9867.8    153.5    301.0    481.5 2021  4 30 18 25 56.400  0.99   1
     2994  55.062146 -162.867887     3.097   -69595.9    -4356.8   -15941.6    161.4    328.0    251.6 2021  4 30 18 46 13.280  1.04   1
     2995  55.064176 -162.820850    15.855   -66590.2    -4130.7    -3183.4    189.4    330.7    625.8 2021  4 30 19 41 19.340  0.97   1
     2997  54.567973 -161.485140    10.348    18825.9   -59370.5    -8690.7    321.8    257.3    272.4 2021  4 30 19 47 23.480  2.30   1
     2999  54.580575 -161.348454    10.367    27604.5   -57967.6    -8672.1    182.0    159.5    182.2 2021  4 30 20 24 54.900  1.41   1
       30  55.311678 -160.996322    81.579    49773.4    23422.3    62540.2    321.2    585.4    282.7 2021  1  2  2 46 14.660  2.23   1
     3001  54.883272 -161.791781     3.023     -874.0   -24269.8   -16016.3    275.9    245.7    284.5 2021  4 30 23 15 36.040  1.28   1
     3004  54.543058 -161.846403    11.039    -4388.6   -62144.1    -7999.6    249.7    158.4    250.2 2021  5  1  0 22 15.070  1.77   1
      301  54.577633 -161.318245    30.118    29546.3   -58295.1    11079.1    254.1    177.8    592.2 2021  1  9 13 44 32.670  1.66   1
     3010  54.595426 -161.248258    13.131    34035.3   -56314.2    -5908.1    188.9    161.6    162.3 2021  5  1  4 34 58.080  1.28   1
     3013  55.435291 -161.534277    50.482    15500.5    37183.4    31442.7    365.0    579.4    262.8 2021  5  1  5 13 57.120  0.04   1
     3016  54.407267 -161.558415    13.760    14145.6   -77261.0    -5278.8    295.0    205.6    218.4 2021  5  1  9 51 49.220  1.41   1
     3017  55.290263 -161.782585     6.326     -284.0    21038.3   -12713.1    282.6    191.1    377.4 2021  5  1  9 52 16.570 -0.50   1
     3020  55.110681 -161.963932    24.939   -11859.1     1046.4     5900.4    377.2    474.7    357.9 2021  5  1 14 58 27.520  1.06   1
     3029  54.772538 -161.347640    10.740    27591.2   -36597.3    -8298.6    323.2    213.8    324.8 2021  5  3  0 16 57.450  2.52   1
     3030  54.816899 -163.140430    15.502   -87266.7   -31658.9    -3537.3    359.0    482.5    523.6 2021  5  3  0 29  5.010  3.29   1
     3031  55.083492 -161.673714     0.720     6666.3    -1980.4   -18319.2    195.0    165.1    165.3 2021  5  3  0 29 12.560  2.73   1
     3038  55.331946 -161.719613     4.666     3724.2    25678.6   -14372.8     95.6    110.0    169.0 2021  5  3  6 15 28.920  0.11   1
     3039  54.569124 -161.287256    13.641    31540.6   -59242.3    -5397.9    173.0    154.2    144.0 2021  5  3  7 32 15.350  2.33   1
     3042  54.804545 -163.070068    11.792   -82772.1   -33034.1    -7246.5    214.5    298.5    344.4 2021  5  3 10 47 58.940  1.54   1
     3043  54.564461 -161.286768    14.444    31573.8   -59761.4    -4594.6    228.7    161.1    173.4 2021  5  3 12  8  1.040  2.22   1
     3044  54.557458 -161.215495    10.967    36156.8   -60541.0    -8071.6    207.7    174.7    189.0 2021  5  3 14 10  9.320  1.27   1
     3048  54.982048 -160.720671    11.035    67599.9   -13273.7    -8004.0    220.6    306.4    284.0 2021  5  3 17 17 41.600  1.74   1
     3049  55.439339 -161.878516    29.867    -6381.1    37634.1    10828.1    371.2    276.9    180.7 2021  5  3 19  0 24.080  1.37   1
     3050  55.441488 -161.949463    45.379   -10890.5    37873.3    26339.7    398.9    440.9    138.9 2021  5  3 19  1 20.960  1.40   1
     3051  55.170467 -161.641715     2.395     8699.8     7702.0   -16643.9    236.3     83.1    134.9 2021  5  3 20 47 30.280  0.26   1
     3061  54.865674 -162.451921    35.138   -43136.0   -26229.0    16099.6    433.0    369.0    651.2 2021  5  4 17  0 59.100  1.98   1
     3064  55.552584 -161.017578    71.737    48274.1    50241.1    52698.2    295.1    428.0    293.9 2021  5  5  1 10 23.910  1.48   1
     3066  55.261568 -161.768115    12.692      637.7    17843.8    -6347.2    339.9    213.7    218.7 2021  5  5  2 30  8.400 -0.31   1
     3070  55.278210 -162.732015     0.247   -60754.7    19696.5   -18791.7    270.5    447.6    250.2 2021  5  5  6  0 40.100  1.28   1
     3071  55.380221 -161.782747    11.041     -294.0    31052.8    -7998.3    206.4    309.9    116.4 2021  5  5  7 39 24.230  0.16   1
     3072  55.402856 -161.949577    18.115   -10903.0    33572.7     -923.6    430.4    472.9    222.2 2021  5  5  7 52 10.560  0.36   1
     3076  54.673979 -162.383984    91.813   -38878.9   -47569.4    72774.1    480.9    307.4    210.9 2021  5  5 10 51 28.230  1.51   1
     3083  55.025663 -161.403320    30.306    23947.1    -8418.2    11267.1    220.8    212.4    393.4 2021  5  5 14 20  5.560  1.53   1
     3085  55.443457 -161.856641    25.046    -4990.4    38092.6     6007.6    353.7    234.4    187.0 2021  5  5 21 40 49.700  0.72   1
     3086  54.685059 -163.424837     7.916  -105657.5   -46335.9   -11122.4    299.0    390.4    392.5 2021  5  6  0 19 46.950  3.99   1
     3093  55.179150 -161.497005     3.975    17927.1     8668.7   -15064.4    218.4    214.3    425.4 2021  5  6 11 47  0.510  0.75   1
      310  55.121533 -161.557194     4.942    14099.0     2254.5   -14096.7    212.8    184.3    245.0 2021  1 10 12 29 35.240  1.16   1
     3104  55.135701 -162.100700    14.308   -20581.8     3831.8    -4731.2    287.2    251.0    423.5 2021  5  7 23 46  7.960  2.09   1
     3105  54.615112 -161.414355    12.281    23360.6   -54122.7    -6758.3    206.9    159.8    208.1 2021  5  8  0 30 58.160  1.79   1
     3106  55.139518 -161.881657    29.433    -6605.5     4256.7    10394.0    790.7    326.4    362.0 2021  5  8  1 54 59.140  0.44   1
      311  55.376314 -162.047054    23.235   -17107.5    30617.9     4196.3    372.6     84.6    328.7 2021  1 10 13 18 31.500  1.79   1
     3110  54.993803 -162.304997     2.032   -33676.4   -11965.0   -17007.0    179.3    147.9    151.5 2021  5  8  3 47 49.380  1.03   1
     3112  55.389978 -161.727897    11.040     3194.6    32139.0    -7998.7    196.4    161.9    154.9 2021  5  8  5 35 44.500  0.22   1
     3115  54.974849 -162.245410     6.323   -29874.8   -14075.0   -12716.2    187.6    172.9    172.8 2021  5  8 10 33  2.210  0.93   1
     3119  54.677177 -161.074072    37.539    45178.3   -47213.3    18500.1    235.0    263.4    445.2 2021  5  8 13 32 36.600  2.38   1
     3120  55.138590 -161.760758    29.332     1108.0     4153.4    10292.8    349.9    159.2    274.1 2021  5  8 14  0 38.870  0.27   1
     3123  55.348877 -161.485547    19.023    18618.3    27563.5      -15.6    174.6    357.4    223.5 2021  5  8 16 35  3.420  0.54   1
     3128  54.598210 -161.345313    12.184    27800.2   -56004.3    -6855.3    188.8    121.5    166.7 2021  5  8 18 23  7.920  1.43   1
     3134  55.126803 -162.110352    16.082   -21200.0     2841.1    -2956.6    489.5    320.0    548.7 2021  5  8 20 15 15.520 -0.28   1
     3137  54.429399 -162.429378    11.216   -41918.1   -74797.2    -7822.4    411.6    224.7    364.8 2021  5  9  0 53 53.290  1.77   1
     3139  55.131112 -161.798844    13.026    -1322.1     3320.8    -6012.5    255.3    181.4    207.2 2021  5  9  0 58 55.390  0.82   1
     3149  54.808341 -163.126481    13.846   -86382.3   -32611.5    -5191.9    289.9    318.3    406.8 2021  5  9 12 17  3.300  2.34   1
     3154  55.327116 -161.896517     7.248    -7535.9    25140.9   -11790.8    173.0    213.5    145.9 2021  5  9 19 44 24.440  1.27   1
     3155  55.059993 -160.978630    30.861    51059.8    -4596.4    11822.3    253.2    398.5    539.0 2021  5  9 19 47 35.440  1.76   1
     3158  55.105298 -162.021257     3.004   -15518.9      447.1   -16034.4    328.7    276.0    287.0 2021  5 10  2 57  8.620  0.94   1
     3161  54.552698 -163.323877    13.742   -99341.8   -61070.9    -5297.2    246.3    265.9    238.5 2021  5 10  5 45 34.060  1.54   1
     3165  55.088704 -161.501693    24.902    17648.1    -1400.2     5863.0    273.7    299.7    261.7 2021  5 10  6 34 15.890  2.61   1
     3168  55.526013 -161.848096    40.023    -4442.7    47283.1    20984.3    387.4    383.7    255.5 2021  5 10  7  5  2.250  1.23   1
     3171  55.383594 -161.800553     2.389    -1426.6    31428.3   -16649.6    158.3    107.6    114.7 2021  5 10  8  7  6.060 -0.23   1
     3175  54.984583 -162.312077     2.098   -34132.9   -12991.5   -16941.2    235.2    226.2    242.5 2021  5 10 14 10 13.080  1.14   1
     3176  55.305119 -161.248763    17.376    33704.5    22692.1    -1663.3    192.5    366.3    392.4 2021  5 10 14 30 39.120  0.50   1
     3177  55.379720 -162.181950    18.102   -25687.6    30997.1     -936.6    493.1    710.7    575.7 2021  5 10 14 34 29.320  0.71   1
     3180  55.082406 -162.081966     4.189   -19399.4    -2101.4   -14849.8    152.4    191.1    327.9 2021  5 10 17 49 27.920  1.03   1
     3181  55.394194 -161.854297     4.436    -4844.5    32608.3   -14603.1    201.5    159.7    203.9 2021  5 10 18  4  7.440  0.78   1
     3182  55.316736 -161.785677    18.950     -480.8    23985.4      -88.5    179.3    271.8    191.8 2021  5 10 18 20  4.920  0.12   1
     3187  54.821472 -160.705143    24.296    68729.3   -31149.7     5257.4    549.4    638.9    551.6 2021  5 10 22  4 29.520  1.65   1
     3190  55.106421 -161.860091     8.340    -5231.7      572.1   -10699.4    225.6    177.0    230.2 2021  5 11  1 42  9.340  0.62   1
     3191  55.067550 -161.747819    18.098     1935.3    -3755.2     -941.3    239.0    180.3    237.7 2021  5 11  1 42 21.840  1.10   1
     3192  55.324532 -161.687842    15.088     5746.9    24853.3    -3950.6    167.4    178.9    145.8 2021  5 11  2  4  7.660  0.15   1
     3193  54.999084 -161.689795    46.075     5645.5   -11377.1    27035.8    578.6    310.9    333.6 2021  5 11  2 16 12.760  0.54   1
     3195  55.492733 -161.857145    47.179    -5019.4    43578.2    28140.1    508.5    375.8    204.2 2021  5 11  3 44 41.820  1.06   1
     3196  55.516614 -161.753060    39.176     1591.7    46236.7    20136.9    505.8    552.3    288.6 2021  5 11  3 46 30.060  0.56   1
     3198  54.377600 -161.648519    12.406     8347.4   -80563.6    -6632.8    352.6    251.4    271.6 2021  5 11  4  0 11.320  1.21   1
     3199  55.248267 -161.452604    19.663    20740.7    16363.0      624.0    205.1    233.8    265.1 2021  5 11  4 33  3.500  0.72   1
       32  55.263208 -161.475960    15.562    19248.9    18026.4    -3476.8    288.7    419.3    587.4 2021  1  2  3  5 38.810  1.53   1
     3200  55.371826 -162.234505     9.852   -29033.5    30118.3    -9186.8    241.8    336.2    500.4 2021  5 11  7 17 23.230  0.14   1
     3202  54.521647 -161.679004    10.183     6372.7   -64527.6    -8856.2    177.3    138.4    176.1 2021  5 11  9 51 59.940  1.90   1
     3208  55.420557 -161.776693    37.864       91.1    35543.2    18824.8    245.1    250.3    171.4 2021  5 11 12 39  0.420  0.65   1
     3209  55.320565 -161.811979    25.118    -2155.1    24411.6     6078.8    520.9    292.2    230.7 2021  5 11 12 49 18.580  0.89   1
     3212  55.399166 -161.831901     5.046    -3419.9    33161.9   -13993.0    249.4    226.7    236.5 2021  5 11 14 50 41.960  0.77   1
     3216  55.389160 -161.814486     2.728    -2312.7    32048.0   -16311.2    226.4    229.8    189.5 2021  5 11 15 18 43.040  0.70   1
     3218  54.758057 -161.382129    13.915    25385.3   -38209.4    -5124.2    305.5    285.2    361.9 2021  5 11 15 33 38.600  1.92   1
     3222  55.262366 -161.747542    48.291     1948.2    17932.6    29252.5    330.0    411.2    206.0 2021  5 11 17  7 35.040  0.90   1
     3223  55.397412 -161.825553     4.062    -3016.3    32966.6   -14977.3    123.2    173.7    316.5 2021  5 11 17 24 39.720  0.74   1
     3224  55.376917 -161.585400     9.570    12259.8    30685.0    -9469.0    196.1    252.2    267.3 2021  5 11 17 33 53.920  0.46   1
     3225  55.314132 -161.812126    26.963    -2164.6    23695.5     7924.3    444.9    309.6    255.6 2021  5 11 19 19 52.580  0.65   1
     3227  55.415027 -161.669759    23.317     6890.2    34927.6     4277.9    279.7    252.3    231.9 2021  5 11 20  6 28.800  0.82   1
     3228  55.296969 -161.922152    23.458    -9171.1    21784.8     4419.0    345.2    238.4    159.4 2021  5 11 20 10 20.580  0.77   1
     3231  54.937874 -162.928174    28.407   -73559.5   -18191.3     9368.5    243.0    557.4   1044.6 2021  5 11 20 35 41.680  1.25   1
     3234  55.255990 -162.245247     3.026   -29760.0    17222.8   -16012.5    240.9    168.8    184.2 2021  5 11 21 13 16.960  0.34   1
     3236  55.372713 -161.742529    16.194     2264.5    30217.0    -2845.1    191.9    296.1    213.8 2021  5 11 21 49 12.680  0.54   1
     3237  55.245854 -161.938639    19.630   -10227.5    16094.4      590.8    413.0    301.7    308.7 2021  5 11 22 58 11.580 -0.03   1
     3238  54.845426 -161.219271    13.990    35786.5   -28483.0    -5047.7    255.1    260.4    316.0 2021  5 11 23  8 26.820  1.33   1
     3241  55.041113 -162.169857     7.763   -25023.8    -6698.2   -11275.5    194.6    175.4    241.7 2021  5 11 23 16 52.840  0.54   1
     3244  55.132035 -162.022249    16.661   -15577.0     3423.6    -2378.3    418.5    182.3    376.2 2021  5 12  0 42  3.970  0.12   1
     3245  55.515397 -161.937630    36.712   -10129.0    46101.3    17673.3    294.8    242.0    160.0 2021  5 12  0 51  5.140  0.59   1
     3247  55.229626 -161.124870     0.792    41632.1    14287.9   -18246.9    257.1    264.4    238.1 2021  5 12  1 48 40.180  1.08   1
     3249  54.926990 -162.211214     1.728   -27705.0   -19403.0   -17310.6    132.4    156.4    182.3 2021  5 12  2  4 41.620  1.76   1
      325  54.952433 -162.252279     2.880   -30322.4   -16570.5   -16159.3    131.6    116.0    136.7 2021  1 11  7 19 29.290  3.14   1
     3250  55.396252 -160.841829    10.970    59546.1    32837.5    -8069.2    504.0    870.3    508.3 2021  5 12  2 29 55.990  1.30   1
     3252  54.721358 -162.699089    16.746   -59065.0   -42294.9    -2293.2    194.0    169.9    259.8 2021  5 12  3  0 24.840  1.28   1
     3253  54.683049 -162.108610    61.594   -21205.3   -46559.7    42555.2    256.6    177.0    176.1 2021  5 12  3 14 42.670  1.05   1
     3254  54.878691 -161.986019    16.764   -13307.1   -24779.9    -2275.4    598.6    225.2    903.8 2021  5 12  3 14 58.140  0.75   1
     3255  55.300439 -161.545915    22.814    14785.7    22171.2     3775.5    145.5    216.6    144.0 2021  5 12  3 26 33.780  0.74   1
     3256  55.360962 -161.949251    14.866   -10888.0    28908.8    -4172.8    295.1    320.7    239.8 2021  5 12  4 44 40.130  0.35   1
     3257  55.500724 -161.723633    32.235     3461.0    44467.8    13195.9    417.6    458.5    321.5 2021  5 12  5  0 14.020  0.61   1
     3258  55.468534 -161.888997    33.741    -7044.8    40884.3    14702.4    361.6    235.6    169.7 2021  5 12  5 19  1.450  0.44   1
     3259  55.403174 -161.877425    21.238    -6314.7    33608.0     2198.8    240.6    274.0    227.3 2021  5 12  5 34 24.370  0.82   1
     3260  55.287150 -161.901025    15.703    -7826.8    20691.7    -3335.6    268.2    245.9    337.4 2021  5 12  6 28  3.200  0.49   1
     3264  55.335010 -162.202604    21.406   -27016.5    26019.7     2366.9    451.7    313.7    411.4 2021  5 12  8 56 40.830  1.25   1
     3268  55.015515 -162.211312     4.156   -27680.8    -9547.9   -14883.2    157.9    110.2    355.2 2021  5 12  9 38 20.500  0.16   1
     3270  55.412406 -161.820182     4.548    -2674.2    34635.9   -14490.7    155.1    249.6    155.6 2021  5 12 10 22 12.890  0.15   1
     3271  55.290629 -161.718213    18.194     3815.3    21079.0     -844.8    265.6    205.5    186.7 2021  5 12 10 32 30.660  0.51   1
     3274  54.800505 -161.428923    15.472    22373.8   -33483.9    -3567.2    219.2    247.2    846.5 2021  5 12 12 14 21.540  0.72   1
     3277  55.456519 -161.849137    28.818    -4512.8    39546.6     9779.0    195.2    224.6    164.0 2021  5 12 12 45 11.040  0.22   1
      328  54.977193 -162.231104     0.533   -28959.3   -13814.1   -18505.4    143.8    151.7    138.9 2021  1 11  8  0 31.130  1.70   1
     3280  55.417086 -161.674870    11.964     6565.1    35156.8    -7074.6    227.9    259.2    299.2 2021  5 12 15  8 54.990  0.57   1
     3281  55.300285 -161.764893    25.580      842.6    22154.0     6541.2    442.8    309.8    355.6 2021  5 12 15 26  1.360  0.37   1
     3282  55.464075 -161.744043    36.582     2165.7    40387.8    17543.1    492.2    423.9    193.1 2021  5 12 15 37 14.680  0.67   1
     3283  55.011869 -162.047298     3.756   -17201.1    -9953.8   -15282.9    134.5    146.6    447.0 2021  5 12 15 38 58.440  0.10   1
     3286  54.511780 -161.899609    12.544    -7811.4   -65626.1    -6495.1    216.0    119.1    163.8 2021  5 12 17  2 25.680  0.89   1
     3288  54.864209 -161.371338    27.161    26042.7   -26392.1     8121.7    309.6    378.3    772.9 2021  5 12 17 54  0.760  3.07   1
     3290  55.142322 -161.686442    35.364     5849.3     4568.8    16324.9    419.5    254.4    284.7 2021  5 12 18 14 52.840  0.88   1
     3291  55.125041 -162.690771    67.810   -58239.0     2645.0    48771.6    636.2    768.2    538.1 2021  5 12 18 31 53.080  1.61   1
     3292  55.380680 -161.628743    13.792     9502.1    31104.0    -5247.4    191.5    259.0    172.0 2021  5 12 20 26 39.740  0.08   1
     3294  55.259070 -162.091618    16.474   -19971.6    17565.7    -2565.3    341.7    375.8    377.4 2021  5 12 20 51 16.740  0.24   1
     3299  55.147799 -163.482926    12.103  -108758.2     5178.5    -6935.7    348.2    987.6    365.4 2021  5 12 22  3 26.840  1.66   1
     3300  54.923112 -162.175195     0.549   -25402.1   -19834.7   -18489.9     62.9     92.7     89.2 2021  5 12 22  6 14.320  0.99   1
     3303  54.640662 -161.207585    11.970    36627.5   -51278.4    -7068.9    161.0    195.6    197.3 2021  5 12 22 24 52.560  1.50   1
     3305  54.511296 -161.057568     8.776    46332.1   -65680.0   -10262.6    264.8    291.4    290.7 2021  5 12 23 25  2.320  1.44   1
     3308  55.442074 -161.843311     6.938    -4143.3    37938.6   -12101.3    366.5    259.3    377.2 2021  5 13  1 58 12.670  0.21   1
     3309  55.423592 -161.788688    34.404     -671.6    35881.1    15365.4    481.2    538.7    161.6 2021  5 13  2  8 52.030  0.51   1
     3310  55.480949 -161.625309    15.175     9708.4    42266.3    -3863.7    289.5    381.0    351.6 2021  5 13  2 15 33.690  0.18   1
     3313  55.140267 -161.269987    14.836    32419.8     4340.0    -4203.0    197.3    226.0    605.4 2021  5 13  3 22 33.670  1.57   1
     3314  55.319149 -161.469954    33.896    19617.8    24254.0    14857.0    408.7    638.0    486.5 2021  5 13  4 20 45.120  0.17   1
     3315  54.550045 -161.403548    12.761    24073.9   -61366.3    -6278.0    279.4    251.9    250.0 2021  5 13  5 26 45.070  1.41   1
     3319  55.313013 -161.524365    31.122    16155.3    23570.9    12083.5    210.7    241.4    201.8 2021  5 13  6 19 37.930  0.69   1
      332  54.925077 -162.236605     2.970   -29330.0   -19615.9   -16069.2    104.7     88.5     93.7 2021  1 11 10 45 20.480  2.42   1
     3320  55.275448 -161.629492    16.373     9467.0    19389.0    -2665.6    176.5    343.0    424.1 2021  5 13  6 40 30.780  0.51   1
     3321  54.884823 -162.206348     2.174   -27408.1   -24097.2   -16864.8    197.5    131.4    157.9 2021  5 13  8 10 31.210  1.60   1
     3325  55.127035 -161.751172    17.291     1719.9     2866.9    -1747.5    206.2    144.1    195.8 2021  5 13  8 54 22.430  1.28   1
     3326  54.938676 -162.197868     3.342   -26847.4   -18102.0   -15696.8    184.4    167.1    292.3 2021  5 13  9 29 58.230  1.37   1
     3328  54.543787 -162.779085    58.295   -64336.4   -62063.0    39256.3    223.6    168.3    178.0 2021  5 13 11 39  7.700  1.89   1
     3330  54.725956 -161.197510    42.609    37235.0   -41783.0    23570.4    228.3    190.3    178.4 2021  5 13 11 47 14.140  1.50   1
     3335  55.135640 -162.347054    24.982   -36300.5     3825.0     5943.5    464.8    594.5    476.1 2021  5 13 15  1 18.740  1.47   1
     3336  54.695862 -161.798193    13.839    -1287.5   -45133.2    -5199.8    299.6    192.0    334.3 2021  5 13 15 18 35.310  2.37   1
     3337  55.332397 -161.655745     5.160     7789.3    25728.9   -13879.3    141.1    198.5    243.3 2021  5 13 15 26 31.400  0.49   1
     3342  55.246517 -161.505664    20.224    17360.3    16168.3     1185.6    171.8    253.1    329.4 2021  5 14  2  7 49.070  2.28   1
     3346  55.199190 -160.736377    12.442    66416.0    10899.6    -6596.8    205.0    599.2    208.0 2021  5 14 10 49 45.710  1.81   1
     3347  55.262663 -161.577100    21.855    12806.1    17965.7     2816.5    399.6    375.2    354.5 2021  5 14 10 51  9.260  0.95   1
     3348  55.374243 -161.763298    16.471      943.3    30387.3    -2567.6    252.0    141.3    120.8 2021  5 14 12 16 20.190  0.92   1
     3351  55.346257 -161.437744    22.010    21660.9    27271.7     2971.0    187.8    393.8    206.2 2021  5 14 14 15 57.820  0.62   1
     3352  55.345504 -161.741162    17.360     2352.2    27187.9    -1678.9    146.6    276.3    115.0 2021  5 14 16 42 13.530  1.06   1
     3353  55.289408 -161.388981    24.260    24781.7    20943.1     5221.2    154.8    325.8    306.4 2021  5 14 19 17 24.040  0.57   1
     3356  54.508577 -162.169564    81.505   -25170.5   -65982.6    62466.6    724.6    205.4    203.3 2021  5 14 22 27 18.280  2.10   1
     3357  55.388778 -161.464144     5.509    19970.3    32005.4   -13529.5    136.9    295.1    213.4 2021  5 14 23 36 11.160  0.67   1
     3358  55.239815 -161.365837     0.882    26271.9    15422.2   -18157.1    273.1    273.3    189.1 2021  5 15  0  2 15.010  0.39   1
     3362  55.284330 -161.457243    23.506    20435.9    20377.8     4466.9    167.8    215.5    147.5 2021  5 15  2  1 56.340  0.65   1
     3364  55.347058 -161.908008    12.187    -8265.3    27361.0    -6851.6    568.0    420.8    265.8 2021  5 15  3 42 48.060  2.29   1
     3365  55.163749 -161.442904    15.540    21381.3     6954.2    -3499.0    212.4    260.6    436.6 2021  5 15  3 42 54.980  1.04   1
     3367  55.384680 -161.019906    42.065    48227.9    31549.2    23025.9    204.0    294.7    306.0 2021  5 15  5 57 21.500  1.71   1
     3370  54.843355 -161.363835    26.634    26530.0   -28713.6     7594.6    221.7    230.9    883.3 2021  5 15  6 37 34.780  1.89   1
     3372  55.590560 -161.583040    51.065    12376.7    54468.7    32026.3    596.0    408.3    382.1 2021  5 15  7 15 16.310  1.83   1
     3373  55.241504 -162.237695     6.705   -29284.1    15610.2   -12334.2    252.7    159.2    776.4 2021  5 15  7 15 26.030  1.43   1
     3374  54.914303 -161.406836    17.143    23755.4   -20815.4    -1896.2    274.1    296.7    297.0 2021  5 15 10 36 20.720  1.66   1
     3375  54.986963 -161.654899    13.398     7877.0   -12726.5    -5640.9    178.0    279.3    534.6 2021  5 15 10 36 34.920  1.52   1
     3380  55.638546 -161.549007    12.407    14527.1    59810.8    -6632.0    485.6    384.1    459.7 2021  5 15 13 13 25.240  1.89   1
     3382  55.445577 -161.747770    34.042     1929.3    38328.6    15003.0    520.6    512.6    236.0 2021  5 15 13 35 13.120  1.00   1
     3383  54.989246 -162.347070     3.265   -36367.7   -12472.4   -15773.5    181.1    181.3    130.5 2021  5 15 14 52 23.320  0.87   1
     3384  55.149756 -161.461654    30.940    20188.9     5396.4    11901.4    316.1    302.0    551.6 2021  5 15 15 36 52.700  0.89   1
     3385  55.481417 -161.765723    31.920      787.9    42318.4    12881.6    376.3    407.2    245.3 2021  5 15 15 47 36.730  0.98   1
     3388  55.159119 -161.924756    38.680    -9353.0     6438.7    19641.4    302.4    422.6    373.6 2021  5 15 20 18 33.180  1.01   1
     3393  54.985433 -161.548535    27.179    14676.4   -12896.8     8140.0    285.9    259.7    356.4 2021  5 16  0 53  7.740  0.93   1
     3396  55.176937 -162.055697    17.918   -17701.3     8422.3    -1120.7    338.6    237.0    359.5 2021  5 16  1  9  5.960  0.90   1
     3397  55.187415 -160.742708    30.787    66022.0     9588.7    11747.9    222.6    565.6    725.9 2021  5 16  1 33 35.780  1.52   1
     3398  55.165515 -162.006673    15.646   -14577.1     7150.8    -3393.0    362.1    190.0    312.8 2021  5 16  2 20  2.990  0.38   1
     3400  55.398360 -161.377165    16.788    25499.4    33072.2    -2251.1    188.9    328.7    339.4 2021  5 16  4 52 24.950  0.68   1
     3405  54.530493 -161.061182    10.089    46088.9   -63542.9    -8949.7    189.0    223.3    239.6 2021  5 16  8 39 48.910  1.29   1
     3406  55.281173 -161.492513    25.369    18190.4    20026.3     6330.4    203.7    237.9    270.1 2021  5 16 13 25 13.300  0.24   1
     3407  54.970276 -162.250130     3.541   -30178.3   -14584.2   -15497.9    117.3    133.4    155.1 2021  5 16 13 30  7.200  0.56   1
     3408  55.449154 -161.846582    30.925    -4350.8    38726.7    11885.6    270.3    214.9    118.5 2021  5 16 13 53 43.390  0.82   1
     3409  55.383891 -161.716764    44.536     3903.0    31461.4    25497.0    346.0    446.5    221.6 2021  5 16 14 13  7.700  0.88   1
     3410  54.337406 -162.011963    10.770   -15068.1   -85038.2    -8269.0    469.6    240.1    263.9 2021  5 16 14 18 29.620  1.41   1
     3411  55.051957 -161.416146    32.257    23120.1    -5491.0    13218.5    329.3    399.7    501.9 2021  5 16 14 21 27.210  1.32   1
     3416  55.190483 -161.806738    14.244    -1824.4     9930.3    -4795.0    640.8    184.0    484.5 2021  5 16 16 14 45.940  0.84   1
     3422  55.095846 -161.446110    15.164    21194.7     -605.2    -3874.4    306.3    364.4    686.8 2021  5 16 18 18 15.480  1.00   1
     3425  55.411165 -161.812956    32.477    -2214.7    34497.7    13438.1    221.1    340.2    165.7 2021  5 16 20 19 15.640  0.99   1
     3427  54.827987 -160.880371    32.854    57500.5   -30424.5    13814.6    295.3    343.4    760.4 2021  5 16 21 36 36.740  2.43   1
     3428  55.341219 -161.246761    20.241    33816.7    26711.0     1201.7    182.2    535.2    368.2 2021  5 16 21 59 23.240  0.68   1
     3429  55.088452 -162.007552    47.834   -14647.2    -1428.3    28794.7   1031.2    528.9    497.8 2021  5 16 22 14 27.880  1.17   1
     3433  55.266825 -161.499316    54.854    17760.3    18429.1    35815.0    293.2    406.2    208.3 2021  5 17  0 38 22.050  1.11   1
     3434  55.246940 -162.151774    58.970   -23807.6    16215.4    39930.7    658.5    573.1    395.8 2021  5 17  0 47 31.340  1.01   1
     3438  54.957935 -162.935824     0.777   -74030.4   -15958.1   -18261.5    197.9    293.8    171.4 2021  5 17  4 38 16.010  1.41   1
     3440  55.383040 -161.697835    23.234     5107.1    31366.7     4195.1    261.6    317.3    245.4 2021  5 17  5 41 47.170  0.99   1
     3442  55.000317 -161.437695    30.078    21757.7   -11239.8    11038.8    245.6    274.1    383.3 2021  5 17  6  2 33.070  1.54   1
     3443  55.497123 -161.955566    48.689   -11270.6    44066.9    29649.7    527.9    534.8    291.1 2021  5 17  8 16 27.680  1.10   1
     3446  55.344625 -162.061426     9.590   -18028.9    27090.1    -9448.4    253.4    307.7    328.0 2021  5 17  9 36 42.670  0.08   1
     3447  54.714701 -161.821224     0.192    -2764.3   -43035.9   -18846.8    172.1    154.2    133.2 2021  5 17 10 19 10.370  2.31   1
     3461  54.669438 -162.572461    67.198   -50976.6   -48074.9    48159.2    229.4    174.7    142.9 2021  5 17 16 53 21.180  1.13   1
     3465  55.079867 -161.889746     5.447    -7126.9    -2384.0   -13591.9    196.1    125.4    226.8 2021  5 17 17 15  6.340  0.30   1
     3470  55.145601 -162.194775     9.332   -26581.0     4933.9    -9706.8    278.0    373.5    336.4 2021  5 17 20 27 53.480  0.70   1
     3475  55.360144 -161.778125    23.374        0.0    28817.8     4335.1    332.4    253.0    174.9 2021  5 18  2  9 28.260  0.88   1
     3477  54.404423 -161.466764    19.654    20047.0   -77577.6      615.3    458.5    317.9    333.8 2021  5 18  2 18 46.920  1.87   1
     3478  54.709294 -161.813656    27.968    -2279.1   -43638.0     8929.2    317.8    276.2    754.9 2021  5 18  2 51  3.530  0.98   1
     3479  55.262699 -160.825423    41.993    60690.8    17969.8    22954.2    180.1    509.9    311.2 2021  5 18  3 55  2.690  1.68   1
     3481  54.993709 -161.522754    31.348    16322.7   -11975.5    12309.5    246.8    427.2    403.7 2021  5 18  3 59 33.580  1.28   1
     3482  55.286438 -162.164844    15.435   -24628.2    20612.5    -3603.8    405.8    451.2    465.4 2021  5 18  4 31 47.580  0.32   1
     3483  55.322713 -161.730632    16.549     3023.2    24650.8    -2489.7    209.6    288.4    146.4 2021  5 18  4 49 36.490  0.71   1
     3485  55.251111 -161.780355    16.750     -142.1    16679.7    -2289.4    366.8    362.6    458.3 2021  5 18  5 27 30.450  0.03   1
     3487  55.378080 -161.782308    21.635     -266.1    30814.5     2595.9    261.0    265.1    114.8 2021  5 18  7 19 28.310  0.46   1
     3489  55.778027 -161.661100    14.327     7406.9    75338.5    -4712.4   1022.9    650.6    841.2 2021  5 18  8 49 20.920  1.02   1
     3497  55.302942 -161.410596    18.994    23401.3    22449.8      -44.8    354.0    405.9    545.5 2021  5 18 10 48 58.890  0.39   1
     3498  55.372579 -161.913851    25.442    -8634.4    30202.1     6402.8    500.6    511.2    224.2 2021  5 18 11  7 27.860  0.45   1
      350  55.129826 -161.259668    30.594    33082.5     3177.7    11555.6    287.5    361.0    521.9 2021  1 12  7 15  5.890  2.33   1
     3501  55.144588 -161.616911    38.797    10285.1     4821.1    19757.7    443.9    269.1    354.6 2021  5 18 11 21 53.870  0.53   1
     3503  55.731364 -161.393734     2.015    24343.6    70143.7   -17023.4    306.1    284.0    289.8 2021  5 18 13 38 44.810  0.92   1
     3504  55.304419 -161.846387    18.924    -4346.3    22614.2     -114.9    354.7    213.2    184.7 2021  5 18 14  4 40.010  0.72   1
     3505  55.487528 -161.921956    36.897    -9136.9    42998.8    17857.7    309.6    461.7    185.9 2021  5 18 14 11 35.590  0.80   1
     3506  55.448185 -161.880550    29.294    -6509.7    38618.9    10255.4    192.1    232.9    135.2 2021  5 18 15 45  1.890  0.60   1
     3507  55.426937 -161.844434    29.786    -4215.4    36253.5    10746.7    266.7    255.3    185.9 2021  5 18 15 49  3.250  0.37   1
     3508  55.344377 -161.820931    17.411    -2724.1    27062.5    -1627.7    245.2    255.8    202.4 2021  5 18 15 59 11.160  0.74   1
     3509  55.712207 -161.930973     4.466    -9682.3    68011.1   -14573.0    757.3    261.3    433.9 2021  5 18 17 28 18.980  0.56   1
     3510  55.071708 -160.956771    13.904    52448.2    -3292.3    -5135.1    215.5    342.5    247.3 2021  5 18 17 33 46.000  1.50   1
     3511  55.404395 -161.261377    21.520    32860.5    33743.9     2481.2    244.8    564.4    354.6 2021  5 18 18  8 15.740  0.54   1
     3518  54.770789 -161.510856    81.077    17130.5   -36792.1    62038.3     99.8    114.0     81.7 2021  5 19  0 58 10.000  1.81   1
     3521  54.933923 -162.701318    16.804   -59052.3   -18631.1    -2235.1    362.3    450.4    639.1 2021  5 19  4 20  7.470  1.64   1
     3524  54.687687 -160.738607     8.009    66696.1   -46043.3   -11029.5    449.2    481.3    453.2 2021  5 19 11 27 32.130  2.43   1
     3526  55.196590 -161.929118    13.473    -9626.8    10610.2    -5566.3    287.4    112.5    230.4 2021  5 19 13 17 28.240  1.01   1
     3529  55.311727 -161.617220     6.514    10244.0    23427.7   -12525.0    107.3    165.9    291.5 2021  5 19 19  5 54.640  0.23   1
     3532  55.300244 -161.647917    18.480     8290.9    22149.4     -558.6    315.8    287.6    320.8 2021  5 20  4 12 16.580  1.75   1
     3533  55.404260 -161.848307     4.018    -4463.0    33729.0   -15020.6    293.8    176.7    313.0 2021  5 20  4 12 47.660 -0.00   1
     3534  54.673324 -162.478223    15.176   -44926.7   -47642.3    -3862.5    216.9    153.2    319.0 2021  5 20  5 19 20.220  1.34   1
     3536  55.212166 -163.487679     6.907  -108973.9    12344.2   -12132.3    405.7    783.5    456.0 2021  5 20  8 39 31.430  2.25   1
     3544  54.567627 -162.080729    14.650   -19444.1   -59409.0    -4389.3    225.2    112.3    382.7 2021  5 20 16 56 12.880  1.48   1
     3547  55.306502 -161.898551    17.767    -7667.4    22846.1    -1272.3    312.5    197.0    108.8 2021  5 20 19 41 11.400  0.42   1
      355  54.849837 -161.815413    13.561    -2387.7   -27992.0    -5477.8    289.1    218.7    248.0 2021  1 12 11 37 23.670  1.48   1
     3550  55.184753 -161.822884     6.741    -2854.1     9292.5   -12298.1    304.8    346.6    317.9 2021  5 20 20 53 40.440  1.96   1
     3552  55.250810 -162.009554    21.743   -14745.1    16646.2     2703.7    409.9    310.2    240.3 2021  5 20 22 38 31.760  0.60   1
     3553  54.574438 -161.293408    14.475    31143.2   -58650.7    -4563.5    211.4    159.9    166.3 2021  5 20 23  5 59.920  1.60   1
     3558  55.157080 -162.884066    16.150   -70545.6     6211.7    -2888.8    168.7    472.6    501.8 2021  5 21  1  7  7.610  1.99   1
      356  54.866382 -161.778564     1.049      -28.1   -26150.2   -17989.9    203.4    172.5    141.4 2021  1 12 11 37 36.830  1.87   1
     3560  54.831616 -161.780469     0.602     -150.1   -30020.4   -18437.1    169.8    152.0    120.9 2021  5 21  3 21 13.460  1.01   1
     3561  54.729887 -161.733512    15.294     2860.9   -41345.4    -3744.8    339.5    209.3    343.2 2021  5 21  3 21 17.160  1.31   1
     3562  55.381307 -162.021680    25.135   -15492.4    31173.7     6095.9    324.3    525.6    343.6 2021  5 21  4 48 44.590  0.51   1
     3566  54.569828 -161.268799    13.327    32726.3   -59163.9    -5711.9    162.0    158.6    132.7 2021  5 21 14 50 55.870  2.36   1
     3572  55.067196 -160.921908    14.354    54677.5    -3794.6    -4684.6    174.0    308.4    180.7 2021  5 21 19 31 35.400  1.50   1
     3573  55.315405 -160.515202    70.979    80400.1    23837.2    51940.5    143.9    316.8    211.5 2021  5 21 21 43  9.960  1.98   1
     3575  54.729325 -162.541911    79.902   -48979.8   -41407.9    60862.9    307.0    252.2    209.9 2021  5 22  3 41 15.140  1.80   1
     3576  55.317322 -161.678271     7.256     6356.7    24050.6   -11782.4    150.0    159.9    248.7 2021  5 22  5  3 48.750  0.37   1
      358  54.577934 -161.270947    24.334    32585.0   -58261.6     5294.8    178.8    176.7    169.4 2021  1 12 12 44 20.610  2.80   1
     3581  55.203068 -161.581543    22.609    12532.4    11331.3     3570.4    336.6    182.0    333.6 2021  5 22 12 36 27.900  0.88   1
     3585  55.162740 -161.190332    21.487    37491.4     6841.8     2448.2    211.6    268.6    288.9 2021  5 22 17  6 17.600  1.39   1
     3594  55.031563 -161.526123    21.703    16099.8    -7761.4     2663.8    258.0    150.4    241.7 2021  5 22 22 37  9.980  1.15   1
     3603  54.422595 -161.235189    12.603    34949.2   -75554.6    -6436.3    379.3    340.0    303.6 2021  5 23  4 28 56.450  1.75   1
     3606  54.738847 -161.547591     0.174    14781.8   -40348.0   -18864.4    249.0    255.1    199.1 2021  5 23  5 15 38.400  1.56   1
     3607  54.791272 -161.269173    13.109    32612.8   -34511.7    -5929.5    253.6    272.0    318.7 2021  5 23  5 39 52.590  2.75   1
     3611  54.570890 -161.231576    13.554    35117.6   -59045.7    -5485.0    170.0    145.4    146.6 2021  5 23  7 38 42.560  1.54   1
     3613  55.144942 -161.687549     5.729     5778.5     4860.5   -13309.8    172.6    156.3    265.4 2021  5 23  8  1 53.250  1.04   1
     3615  54.471708 -161.728158    10.000     3214.5   -70087.1    -9038.5    217.7    155.0    178.1 2021  5 23 12 28 44.560  1.66   1
     3620  55.229403 -162.015983    20.166   -15158.8    14263.0     1127.0    332.5    286.9    343.9 2021  5 23 16 37 52.300  0.83   1
     3623  55.066296 -160.943848    14.421    53277.0    -3894.7    -4617.9    185.2    344.8    185.0 2021  5 23 18  5 45.920  1.53   1
     3624  55.078715 -162.054899     2.484   -17672.1    -2512.2   -16555.3    306.5    259.3    295.7 2021  5 23 22 32 31.280  0.82   1
     3625  55.070931 -161.767269     9.351      693.2    -3378.8    -9687.5    231.4    278.8    374.8 2021  5 23 22 32 50.860  0.88   1
     3626  55.398405 -161.649333    59.387     8190.6    33077.2    40347.7    473.3    712.3    272.2 2021  5 23 23 35 36.600  1.47   1
     3634  54.923059 -160.852425    11.792    59220.6   -19840.6    -7246.8    227.5    362.8    295.8 2021  5 24 14 33 50.470  1.73   1
     3636  54.853536 -162.608464    15.687   -53165.8   -27580.2    -3351.8    160.5    157.1    306.3 2021  5 25  6 58  5.810  1.76   1
     3639  55.447404 -161.317448    31.347    29279.1    38532.0    12308.2    334.3    478.2    459.3 2021  5 25 14 27 25.980  1.05   1
     3641  55.144381 -161.905501     6.358    -8126.3     4798.0   -12680.8    239.8    177.9    270.3 2021  5 25 22 51 39.800  0.15   1
     3643  55.105652 -161.564518     4.090    13634.3      486.5   -14948.6    186.7    190.0    158.8 2021  5 25 23 51 59.360  0.99   1
     3650  54.417546 -162.897591    10.117   -72065.2   -76116.7    -8922.4    335.9    236.3    278.5 2021  5 26 21 25 30.760  1.59   1
     3655  55.265515 -161.285352    28.081    31390.5    18283.2     9042.5    260.1    501.3    558.6 2021  5 27  1  9  4.910  2.57   1
     3662  54.882231 -162.575163    37.219   -51015.4   -24385.8    18180.5    274.1    374.8    327.8 2021  5 27 14 38 33.410  1.20   1
     3663  54.497457 -162.500391    48.664   -46449.9   -67220.6    29624.7    321.5    184.3    234.6 2021  5 27 16 55 52.760  1.64   1
      367  54.894596 -161.832389    18.731    -3472.7   -23009.2     -307.9    427.7    316.6    399.6 2021  1 12 18  0 16.640  1.37   1
     3673  55.035653 -162.318913    20.451   -34547.9    -7306.1     1412.1    293.2    287.9    278.7 2021  5 27 23 29 19.500  1.33   1
     3675  54.686637 -161.508675    76.513    17288.3   -46160.2    57474.1    290.4    225.2    216.9 2021  5 28  6  3  5.550  2.11   1
     3681  54.504749 -161.700081    14.131     5018.6   -66408.9    -4908.1    244.5    212.6    279.2 2021  5 28 12 11 11.870  1.41   1
     3685  54.498242 -162.024316    10.694   -15832.8   -67133.2    -8344.5    523.5    247.3    410.3 2021  5 28 16 12 18.370  1.87   1
     3686  55.368717 -161.634521    12.711     9136.0    29772.2    -6328.0    186.7    235.5    177.5 2021  5 28 19  0 32.540 -0.14   1
     3687  54.861031 -161.459180    68.212    20419.9   -26745.8    49173.2    132.3    119.1    105.7 2021  5 29  0 41  8.790  1.81   1
     3692  55.369442 -161.947233    26.352   -10758.5    29852.8     7312.8    176.0    191.9    163.4 2021  5 29 15 48 13.110  0.68   1
       37  55.145780 -161.537142     2.491    15374.0     4953.8   -16548.2    152.0    234.8    159.4 2021  1  2  5 52  5.290  1.64   1
     3700  55.219132 -161.782259     9.280     -263.5    13119.7    -9758.5    296.0    259.8    491.0 2021  5 30  5 38 43.780  1.56   1
     3701  54.574890 -161.276383    24.518    32236.9   -58600.4     5478.8    165.9    127.3    135.8 2021  5 30  7 40 42.830  2.37   1
     3702  55.217289 -161.803011    17.706    -1586.2    12914.5    -1332.5    501.0    256.4    358.1 2021  5 30  8 27 17.670  0.93   1
     3705  54.601400 -161.171126    12.206    38986.9   -55649.2    -6832.9    227.3    260.6    223.7 2021  5 30 14 25 32.580  1.76   1
     3706  55.409233 -161.725928    23.887     3319.1    34282.5     4847.9    524.2    388.5    407.8 2021  5 30 14 36 51.050  1.79   1
     3711  55.087549 -161.688623    21.840     5714.1    -1528.8     2801.4    315.7    282.0    322.6 2021  5 30 18 22 20.960  1.02   1
     3713  54.284062 -162.419727    10.317   -41370.6   -90976.8    -8721.6   1104.0    440.1    473.6 2021  5 30 19 21 58.960  2.52   1
     3715  55.164901 -162.027507    23.411   -15906.0     7082.4     4371.7    538.8    257.4    242.7 2021  5 31  6  6 47.190  0.88   1
     3716  55.436658 -161.783008     9.476     -310.4    37335.6    -9562.8    193.3    247.4    292.3 2021  5 31  7  2 12.850  2.46   1
     3719  55.198901 -161.688167     3.764     5735.2    10867.5   -15274.9    298.2    241.4    419.2 2021  5 31 10 33 20.850  1.56   1
      372  55.155408 -161.947493     6.170   -10803.9     6025.6   -12868.5    188.4    120.2    191.3 2021  1 12 20 52 39.440  1.06   1
     3721  55.266992 -161.689355     5.799     5654.7    18447.7   -13240.2    151.2    148.0    222.0 2021  5 31 10 33 36.600  0.48   1
     3722  54.830908 -163.647005    11.408  -119696.2   -30099.3    -7630.5    431.5    773.7    429.9 2021  5 31 11 46  6.760  1.57   1
     3723  55.681042 -161.233154    49.599    34535.0    64541.7    30560.0    486.9    481.8    522.0 2021  5 31 12 16 55.270  1.81   1
     3726  54.530107 -161.182129     9.028    38313.9   -63585.9   -10011.0    281.2    279.3    329.2 2021  5 31 14 56 35.150  1.75   1
     3727  54.586296 -161.255534    12.544    33571.8   -57330.7    -6495.0    152.4    105.7     89.7 2021  5 31 18 40 55.920  2.67   1
     3729  55.272909 -161.385173     9.427    25029.4    19106.3    -9611.8    189.9    277.9    433.0 2021  6  1  0 14 28.020  1.04   1
      373  54.774019 -161.741992     0.231     2315.8   -36432.4   -18808.1    317.9    207.6    172.3 2021  1 12 21  2 28.880  1.49   1
     3730  54.943868 -162.086816     5.836   -19743.1   -17524.0   -13203.3    187.8    147.5    206.3 2021  6  1  0 14 32.840  1.07   1
     3737  55.282690 -161.643262    39.881     8589.2    20195.3    20841.7    209.6    287.3    183.0 2021  6  1 18 53 47.560  0.91   1
     3739  54.655440 -160.876953    11.673    57842.8   -49633.2    -7366.1    295.9    286.6    278.7 2021  6  1 22  3 43.520  1.82   1
     3742  54.484045 -163.400505    11.299  -104354.7   -68713.6    -7739.7    472.2    502.6    416.8 2021  6  2  1 31 26.530  1.42   1
     3743  54.812964 -162.191634     0.813   -26489.9   -32096.9   -18225.4    151.6    119.6    110.6 2021  6  2  7 15 37.580  1.76   1
     3744  54.920190 -162.181803     1.480   -25825.8   -20159.9   -17559.0    172.3    124.3    141.7 2021  6  2  7 15 55.180  2.07   1
     3747  54.876025 -161.709408    75.446     4398.7   -25076.6    56406.7    212.8    199.2    144.0 2021  6  2 16  7 25.570  1.54   1
      375  54.922343 -162.194840     1.146   -26659.1   -19920.3   -17892.8    170.1    158.8    189.3 2021  1 12 21 24  9.860  1.74   1
     3752  55.022664 -162.157389    16.328   -24233.0    -8752.1    -2711.1    494.2    504.5    559.1 2021  6  3  2 17 36.170  1.35   1
     3756  55.450020 -161.877100    26.436    -6290.3    38823.2     7397.4    188.5    318.5    152.8 2021  6  3  6 33 28.600  0.73   1
     3757  55.472656 -161.869889    28.733    -5830.4    41343.2     9694.2    245.6    391.2    180.6 2021  6  3  9 54 50.620  0.60   1
     3758  55.260636 -162.291048    53.434   -32676.0    17740.1    34394.7    411.1    764.3    303.0 2021  6  3 10 21 53.200  2.15   1
     3762  55.232987 -162.104167    18.421   -20777.8    14662.1     -618.3    291.0    199.2    300.8 2021  6  3 14 31 59.230  0.34   1
     3765  54.887512 -161.197917    27.860    37134.5   -23797.8     8821.5    263.7    239.3    692.0 2021  6  3 16 32 56.870  1.75   1
     3769  55.334688 -162.282227    31.538   -32084.3    25983.9    12498.8    740.4    498.4    616.3 2021  6  3 18  8 46.200  0.91   1
     3770  55.266679 -162.002132     4.711   -14269.4    18412.8   -14327.9    520.4    315.2    662.7 2021  6  3 18 13 35.580  0.31   1
     3772  54.677653 -162.424919     8.391   -41503.8   -47160.3   -10647.9    247.1    120.8    344.0 2021  6  3 20 34 55.120  1.13   1
     3778  55.209639 -161.723796     6.049     3463.3    12062.9   -12990.3    332.8    127.5    137.3 2021  6  4  3 26 24.870 -0.12   1
     3779  55.308724 -161.676449    51.819     6473.5    23093.4    32780.3    461.1    446.2    258.4 2021  6  4  3 40 23.080  1.27   1
     3780  55.754822 -161.510352     0.943    16953.2    72755.1   -18096.3   1175.8    894.5    778.3 2021  6  4  3 54 33.790  1.36   1
     3788  55.342448 -161.783789    11.083     -360.5    26847.8    -7956.1    307.1    300.8    189.5 2021  6  4 10 13 50.120 -0.46   1
     3789  54.862207 -162.675944    31.756   -57480.3   -26614.9    12716.6    286.4    186.4    379.8 2021  6  4 11 45 44.710  1.50   1
     3796  55.132235 -161.682861     4.993     6078.5     3445.8   -14045.7    229.0    158.7    241.6 2021  6  4 14 45 10.050  0.01   1
     3797  55.316382 -161.787240     3.470     -580.2    23946.0   -15568.6    166.0    104.6    299.2 2021  6  4 14 45 27.990 -0.20   1
      380  55.247095 -161.669987    15.792     6890.1    16232.6    -3246.7    313.8    294.9    309.4 2021  1 12 21 37 47.960  0.56   1
     3800  55.206323 -161.657503    13.364     7689.5    11693.7    -5674.6    259.8    283.4    303.4 2021  6  4 15 40 30.890  1.37   1
     3804  55.068205 -161.038232    32.506    47248.5    -3682.3    13467.4    207.5    393.1    474.9 2021  6  4 16 35 14.680  2.70   1
     3808  54.894548 -162.356608    34.681   -37020.9   -23014.6    15642.5    359.1    269.4    356.9 2021  6  4 17 48 51.680  1.93   1
     3809  54.961479 -162.222249    13.462   -28398.8   -15563.5    -5577.3    260.3    174.9    172.5 2021  6  4 17 49  3.920  2.25   1
      381  54.622949 -161.597835    33.967    11576.8   -53250.2    14928.4    475.8    366.4    816.6 2021  1 13  0  1 46.290  2.89   1
     3811  54.758122 -162.606201     4.437   -53083.6   -38202.2   -14601.6    165.3    129.5    190.5 2021  6  4 19  7 57.560  0.92   1
     3816  54.695532 -162.873193    32.367   -70253.5   -45169.9    13328.1    360.0    338.1    655.4 2021  6  4 23  5  7.040  1.86   1
     3823  55.194779 -160.904655    13.123    55690.6    10408.6    -5916.0    203.5    368.7    262.6 2021  6  5 12 43 55.500  2.47   1
     3824  55.542204 -160.477474     9.930    82566.9    49085.5    -9108.7    539.6   1125.6    607.2 2021  6  5 13 58  4.980  1.99   1
      383  55.328035 -161.747884     3.486     1924.9    25243.3   -15553.3     88.2    106.9    248.1 2021  1 13  8  0 58.440 -0.30   1
     3833  55.346822 -161.694938     5.509     5293.8    27334.7   -13529.7    122.7    200.0    190.3 2021  6  5 21 42 39.120  1.33   1
     3844  54.551624 -162.461361    10.993   -43910.5   -61190.5    -8046.0    433.8    212.1    298.7 2021  6  6  2 33 30.020  1.91   1
     3848  55.189514 -162.019629    29.255   -15398.8     9822.4    10216.0    307.2    293.9    279.2 2021  6  6  6 20 13.790  0.62   1
     3850  55.378385 -161.779622     4.506      -95.3    30848.5   -14533.1    243.3    171.8    178.6 2021  6  6  7 58 52.960 -0.29   1
     3851  55.276676 -161.453776    28.703    20658.7    19525.8     9664.0    177.9    347.8    254.7 2021  6  6  8  4 21.630  1.12   1
     3855  54.484692 -163.118538     2.395   -86217.4   -68641.6   -16644.0    162.1    147.3    150.9 2021  6  6 13 56  5.790  2.77   1
     3858  54.805546 -161.923844    16.512    -9335.8   -32922.7    -2526.7    149.1     73.8    164.9 2021  6  6 14 12 15.840  1.47   1
     3860  55.045736 -161.796615    16.780    -1181.0    -6183.6    -2258.7    274.0    229.5    322.9 2021  6  6 17  1 17.940  1.12   1
     3863  55.436861 -162.475765    18.436   -44345.6    37358.3     -602.4    531.3    258.0    579.5 2021  6  6 17 17 35.300  2.01   1
     3864  55.693009 -161.693229    16.991     5379.1    65873.9    -2047.9    404.8    314.9    533.9 2021  6  6 18  1 35.440  0.79   1
     3866  55.461414 -161.399430    13.147    24064.4    40091.6    -5892.1    246.5    273.6    330.6 2021  6  6 18 21 47.580  1.93   1
     3867  55.125659 -161.351514    15.025    27223.3     2713.8    -4014.1    193.5    221.0    593.0 2021  6  6 18 21 53.480  1.87   1
     3871  54.414941 -161.736247    12.882     2696.0   -76406.6    -6156.9    253.3    185.0    203.3 2021  6  6 20 41  7.240  2.00   1
     3872  55.370972 -161.892790     2.866    -7294.7    30023.2   -16172.5    334.3    232.1    623.8 2021  6  6 20 41 15.880 -0.14   1
     3873  54.684102 -160.975391    59.968    51506.2   -46442.4    40929.0    852.1    837.3   1001.6 2021  6  6 21 34 41.680  2.69   1
     3880  55.252885 -161.504102    18.393    17458.5    16877.2     -646.3    197.2    211.4    243.3 2021  6  7  2 16 53.850  1.03   1
     3884  55.233329 -161.844189    21.432    -4210.1    14700.2     2393.5    304.9    138.6    120.9 2021  6  7  6 10 53.040  0.99   1
      389  54.956278 -161.526481    20.596    16092.0   -16142.4     1556.8    187.1    194.0    175.4 2021  1 13 12 35 40.560  1.47   1
     3898  54.462606 -162.165169    62.838   -24902.0   -71100.4    43798.7    595.6    248.3    302.7 2021  6  8  0 35  9.080  2.85   1
     3902  55.274097 -161.755469    14.911     1443.1    19238.6    -4128.2    279.6    261.2    258.0 2021  6  8 11 10 50.780  0.24   1
     3903  54.963265 -162.698470     4.122   -58848.6   -15364.7   -14916.4    152.4    261.3    285.2 2021  6  8 16 16 36.830  1.40   1
     3906  55.050932 -163.376953    10.535  -102120.8    -5605.2    -8504.0    217.8    498.9    387.7 2021  6  8 18 49 25.700  1.83   1
     3911  55.434912 -161.498047    13.520    17803.6    37141.3    -5519.2    283.3    421.9    409.2 2021  6  8 21 16  0.160  0.93   1
     3913  55.398385 -161.697705    20.938     5114.4    33074.9     1899.1    303.5    217.4    198.7 2021  6  8 23 27 54.760  0.35   1
     3917  55.315495 -161.728109    27.816     3184.1    23847.2     8776.9    295.2    245.6    262.9 2021  6  9  4 36 38.220  1.29   1
     3919  55.332304 -161.702441    37.079     4817.1    25718.5    18039.7    339.0    401.0    254.2 2021  6  9  7 41 34.480  1.47   1
     3922  55.274548 -161.580452    24.011    12590.6    19288.9     4972.4    203.8    297.9    224.5 2021  6  9 11 46 41.310  1.08   1
     3923  55.491455 -161.355160    63.854    26867.5    43435.9    44815.2    341.7    397.0    276.3 2021  6  9 12 40 29.520  1.36   1
     3926  55.197750 -161.599528    17.627    11386.5    10739.3    -1411.4    262.1    249.8    336.2 2021  6  9 14 33 56.860  1.57   1
     3928  55.256624 -161.705811    41.557     4607.1    17293.5    22517.8    451.2    250.9    319.7 2021  6  9 20 22 41.520  1.18   1
     3934  55.467464 -161.830827    28.276    -3348.7    40765.2     9237.0    217.2    450.9    231.0 2021  6 10 10 19 53.060  1.00   1
     3936  54.494438 -162.352067    56.954   -36912.4   -67556.7    37915.4    199.7    107.5    180.5 2021  6 10 17 27 56.300  2.34   1
     3942  55.372843 -161.649056    31.391     8210.9    30231.5    12352.3    259.1    338.4    174.6 2021  6 10 22 23 22.200  1.26   1
     3951  54.359562 -161.722803    12.792     3563.9   -82571.7    -6246.7    502.9    276.5    342.0 2021  6 11 14 44 30.210  1.39   1
     3958  55.061222 -161.778613    18.521      -31.2    -4459.6     -518.3    329.7    267.8    311.5 2021  6 11 19 41 33.920  0.55   1
     3960  54.786267 -161.402979    59.227    24040.3   -35068.9    40188.4    145.8    153.8    139.5 2021  6 11 21 52 49.580  1.48   1
     3961  55.460189 -161.865462    26.294    -5550.0    39955.2     7255.6    607.8    476.6    190.6 2021  6 11 22 53  2.420  0.34   1
     3964  55.300566 -161.779281    12.641      -73.6    22185.2    -6398.0    331.0    238.9    347.5 2021  6 12  3 58 33.030  1.00   1
     3971  55.232328 -161.736556    15.436     2649.1    14588.7    -3602.8    299.4    239.8    251.7 2021  6 12 10  6 13.170  0.56   1
     3975  54.442822 -161.589242    12.339    12155.5   -73302.8    -6700.1    364.8    214.5    228.9 2021  6 12 11 46 24.620  3.60   1
     3976  55.305583 -161.742692     2.864     2256.0    22743.7   -16175.3    161.8    142.1    165.9 2021  6 12 11 46 52.350  3.58   1
     3978  54.403117 -161.559082    13.888    14103.3   -77723.0    -5151.0    284.5    203.9    209.7 2021  6 12 11 57 37.100  1.49   1
      398  55.107760 -161.547721     3.985    14706.0      721.1   -15054.0    225.4    180.5    308.1 2021  1 13 15 42 15.780  1.29   1
     3984  55.300346 -161.718701    15.043     3783.7    22160.8    -3996.1    217.1    197.6    189.5 2021  6 12 18 33 24.320  0.39   1
     3992  55.057271 -161.655290     1.022     7845.1    -4899.4   -18017.2    222.9    156.0    194.1 2021  6 12 23 54 40.160  0.53   1
     3995  55.431441 -161.762777    37.743      975.7    36754.9    18704.2    239.7    255.2    144.9 2021  6 13  1 51 52.850  0.58   1
     3998  55.173612 -163.138200    10.971   -86738.4     8052.2    -8067.6    352.6    533.1    212.0 2021  6 13  2 18 56.880  1.44   1
     4000  55.122620 -163.181771    10.910   -89574.0     2375.4    -8129.3    241.3    334.0    294.7 2021  6 13  3  3 51.250  2.27   1
     4006  55.486230 -161.415771     6.018    23018.8    42854.3   -13021.3    205.4    385.7    320.1 2021  6 13  5 13 50.640  0.06   1
      401  54.870101 -161.555713    16.288    14237.9   -25736.1    -2750.7    237.9    269.9    321.0 2021  1 13 16 14  7.200  1.81   1
     4016  54.823629 -161.900944    23.037    -7866.9   -30909.6     3998.0    224.7    208.8    267.2 2021  6 13 12 12 45.330  0.65   1
     4026  54.985730 -160.806543    54.961    62107.5   -12863.8    35921.7    151.4    321.2    251.9 2021  6 13 19 37 21.960  1.29   1
     4028  54.945886 -161.604948    20.285    11075.7   -17299.4     1246.6    156.3    210.7    173.7 2021  6 13 19 43 50.120  1.25   1
     4032  54.919324 -162.863167     1.487   -69417.5   -20256.4   -17551.9    228.7    315.1    257.5 2021  6 13 22 24 53.480  1.65   1
     4034  55.315267 -161.799821     3.346    -1381.2    23821.8   -15692.5    186.9    111.9    281.2 2021  6 13 22 25 18.400  0.24   1
     4037  55.149683 -162.104818     5.109   -20841.0     5388.2   -13929.5    276.2    228.8    329.2 2021  6 14  0 12 27.690  0.29   1
     4038  54.830444 -161.359521    12.601    26810.5   -30150.9    -6438.0    274.4    228.7    318.0 2021  6 14  0 26 10.680  1.54   1
     4042  54.547628 -160.969824    11.720    51950.8   -61635.4    -7319.1    321.0    316.1    268.1 2021  6 14  1 55  4.220  1.82   1
     4048  54.681482 -161.354769    11.841    27164.9   -46734.1    -7197.5    282.3    261.7    349.1 2021  6 14 10 42 18.270  3.07   1
     4059  54.999959 -161.436523    32.235    21832.7   -11279.7    13196.4    204.5    204.9    316.7 2021  6 15  5  7 53.150  2.02   1
     4065  54.556547 -162.166569    31.195   -24963.2   -60642.4    12156.2    653.0    249.4    660.8 2021  6 15 10 40 37.300  1.68   1
     4067  55.157471 -161.980599     8.975   -12915.3     6255.2   -10064.0    221.9    155.3    314.3 2021  6 15 11 58  0.550  0.44   1
     4068  55.352474 -161.876302    19.482    -6247.2    27963.9      443.1    407.7    298.6    218.9 2021  6 16 13 52 27.930  0.55   1
     4069  55.348971 -161.841960     1.640    -4062.1    27573.9   -17398.6    282.1    316.7    386.9 2021  6 16 17  4 37.580  1.93   1
     4073  54.941943 -162.250244     3.595   -30196.2   -17738.3   -15443.7    144.9    101.7    179.6 2021  6 16 18 14 33.580  1.81   1
     4075  54.977905 -162.275195     2.960   -31777.8   -13734.8   -16077.5     92.7    110.3    127.9 2021  6 16 18 34 58.240  0.39   1
     4079  55.063493 -161.139860    23.205    40761.1    -4206.8     4166.6    260.1    363.9    270.0 2021  6 16 19  1 43.900  2.47   1
     4081  54.558378 -161.415885    14.027    23278.6   -60438.6    -5011.5    265.6    247.7    259.6 2021  6 17  4 22 37.900  1.46   1
     4082  55.086096 -161.989339     6.075   -13484.8    -1690.5   -12963.7    369.4    294.6    358.8 2021  6 17  4 23 14.920  1.08   1
     4086  54.653137 -163.032747    80.833   -80531.7   -49889.6    61794.1    480.7    520.2    430.6 2021  6 17  9 28 19.570  1.84   1
     4087  54.596366 -161.289062    42.055    31414.0   -56209.6    23016.4    237.7    189.2    284.4 2021  6 17  9 32 46.880  1.58   1
     4088  55.493913 -161.790055    24.968     -757.8    43709.5     5929.2    280.7    327.4    190.7 2021  6 17 10  9 15.390  0.81   1
      409  55.029150 -162.033854     8.066   -16338.4    -8030.0   -10972.5    242.7    201.0    347.5 2021  1 13 20 56 29.260  0.53   1
     4090  55.483606 -161.893376    28.738    -7321.6    42562.1     9699.1    241.9    346.3    176.5 2021  6 17 10 12 23.360  0.83   1
     4093  54.497445 -161.667432    10.981     7118.8   -67222.0    -8057.5    266.2    164.1    216.9 2021  6 17 14 24 36.740  1.80   1
     4094  55.374048 -161.011768    32.846    48752.0    30365.6    13807.4    157.6    373.0    338.8 2021  6 17 14 41  3.250  1.05   1
     4100  54.862362 -162.349430    37.228   -36576.1   -26597.7    18189.6    313.7    220.8    324.7 2021  6 17 18 42 30.320  1.99   1
     4101  54.939494 -162.248503    21.896   -30085.7   -18011.0     2857.3    240.6    174.2    151.6 2021  6 17 18 42 41.240  2.01   1
     4106  55.171720 -163.289355    11.400   -96380.6     7841.6    -7638.5    297.7    603.7    351.2 2021  6 18  3 52 19.460  1.66   1
     4107  54.939742 -162.247445     4.362   -30018.0   -17983.4   -14676.8    109.3    120.0    133.5 2021  6 18  4  8 59.880  1.04   1
     4108  54.956010 -162.256234     2.171   -30573.9   -16172.3   -16867.8    150.0    141.0    147.4 2021  6 18  4  9 19.810  1.37   1
     4109  54.967875 -162.219857     6.128   -28243.6   -14851.4   -12911.3    159.3    172.1    212.2 2021  6 18  4 33 59.580  1.85   1
     4110  54.960384 -162.231169     6.714   -28969.5   -15685.4   -12324.8    171.9    173.9    236.9 2021  6 18  4 34 11.000  2.00   1
     4114  54.832898 -161.865365     2.503    -5587.3   -29877.7   -16536.0    257.6    169.6    177.1 2021  6 18 11 11 42.410  1.15   1
     4116  54.581779 -161.645980    32.051     8489.6   -57833.5    13012.0    387.8    284.7    716.6 2021  6 18 11 40 51.220  1.29   1
     4119  55.154244 -161.484342    22.146    18740.4     5896.0     3107.5    273.9    238.7    334.3 2021  6 18 12 26  6.630  0.69   1
     4122  54.778451 -161.702230    31.468     4864.0   -35939.1    12429.2    847.1    572.8   1030.2 2021  6 18 13 18 34.300  0.94   1
     4124  54.537256 -160.952295     7.362    53084.2   -62790.0   -11676.7    184.5    248.8    261.5 2021  6 18 19 14 49.840  1.70   1
     4125  55.219340 -162.151172     9.212   -23777.4    13142.8    -9827.0    214.6    239.4    435.5 2021  6 18 19 15 14.660  0.51   1
     4132  54.494857 -163.201351    14.004   -91532.5   -67510.1    -5034.5    305.3    298.8    323.7 2021  6 18 20 51 32.360  1.60   1
     4142  54.822860 -160.435189    49.640    86019.6   -30995.2    30600.8    766.0    976.7   1271.4 2021  6 18 23 55  4.320  1.45   1
     4144  55.351558 -161.861344    20.747    -5295.5    27862.0     1708.5    378.2    218.2    136.8 2021  6 19  1 25  8.930  0.36   1
     4145  55.007373 -162.355013    15.081   -36867.1   -10454.4    -3958.0    162.1    158.8    383.2 2021  6 19  2 53 26.610  1.66   1
     4146  54.998075 -162.361947     8.235   -37314.5   -11489.4   -10803.6    175.4    158.5    186.8 2021  6 19  2 53 53.080  0.64   1
     4149  54.406242 -163.248405     7.318   -94661.9   -77375.1   -11721.0    374.8    299.7    275.5 2021  6 19  7 50 29.840  3.06   1
     4153  54.795166 -161.091829    31.353    43974.6   -34078.2    12314.6    197.8    279.5    545.9 2021  6 19 10 14 15.130  0.90   1
     4154  54.956738 -160.740088    10.089    66379.5   -16091.3    -8949.9    300.2    420.9    321.2 2021  6 19 10 16 26.140  1.41   1
      416  55.160612 -161.473210    29.577    19449.0     6604.9    10537.8    301.1    341.7    364.9 2021  1 13 21 42 18.680  2.63   1
     4161  55.396977 -162.336914    47.868   -35537.3    32918.2    28829.2    335.9    346.0    353.2 2021  6 19 15 59 51.280  0.84   1
     4164  54.950610 -162.069645     5.451   -18643.3   -16773.4   -13588.4    139.7    158.2    240.6 2021  6 19 16 32 56.240  0.12   1
     4165  55.376851 -161.852067    31.616    -4703.7    30677.7    12576.6    431.2    352.7    173.3 2021  6 19 21 40 49.040  0.98   1
     4170  54.930855 -162.291927     5.878   -32866.7   -18972.7   -13160.7    193.0    135.0    206.6 2021  6 20  0 20 56.300  1.11   1
     4172  54.857170 -162.557699    30.891   -49913.1   -27175.7    11852.3    555.0    519.1    913.0 2021  6 20  0 45 25.130  1.10   1
     4176  55.036051 -161.636442     0.448     9051.3    -7261.7   -18590.8    237.7    188.5    174.5 2021  6 20  2 39 25.990  2.46   1
     4177  54.463932 -161.256510    11.726    33559.6   -70952.7    -7312.8    369.7    272.4    228.4 2021  6 20  2 41 24.880  1.15   1
     4180  54.933398 -162.874202     1.707   -70111.3   -18689.6   -17331.7    189.2    327.9    196.6 2021  6 20  3 23 46.280  1.29   1
     4183  54.932170 -163.473421    32.031  -108442.4   -18826.4    12992.2    418.6    900.1   1244.9 2021  6 20  6 25 36.390  1.81   1
     4185  54.566418 -161.341732     8.966    28041.2   -59543.5   -10073.3    285.3    225.5    256.3 2021  6 20  7 47 25.200  1.27   1
     4189  55.625818 -162.261898     3.759   -30678.2    58393.8   -15279.7    334.4    283.4    481.1 2021  6 20 11 16 42.940  0.69   1
     4191  55.391984 -162.094108    13.949   -20096.8    32362.3    -5090.3    434.5    304.9    540.5 2021  6 20 12  2 47.720  0.73   1
     4196  55.136422 -161.713704    18.124     4110.3     3911.9     -914.5    240.9    194.8    277.0 2021  6 20 15  1  2.300  0.99   1
     4197  54.455957 -161.817904    18.579    -2559.5   -71840.6     -460.0    402.8    256.8    292.7 2021  6 20 15  5 19.400  1.61   1
     4203  55.068168 -162.229948    53.243   -28852.8    -3686.4    34204.5    410.7    409.0    282.6 2021  6 20 17 37  7.560  1.64   1
     4206  54.745540 -162.583317     4.354   -51624.7   -39602.8   -14685.0    181.3    142.7    208.0 2021  6 20 21 38  4.240  2.22   1
     4208  54.918457 -161.802848    32.170    -1581.7   -20352.9    13131.5    341.7    298.4    409.8 2021  6 20 23 53 58.480  1.19   1
     4212  55.248946 -161.865592    30.233    -5573.0    16438.7    11194.3    349.6    232.2    135.2 2021  6 21  1 44 22.090  0.60   1
     4213  55.117468 -162.424398    42.308   -41244.7     1802.0    23269.0    369.6    402.8    241.6 2021  6 21  1 53  1.600  1.69   1
     4215  54.891317 -162.163916     0.792   -24690.3   -23374.3   -18247.0     86.7    101.2     97.0 2021  6 21  2 33 11.480  0.33   1
     4218  55.101567 -162.225033     5.855   -28527.0       31.7   -13183.9    147.9    340.9    163.8 2021  6 21  2 35 11.390  0.15   1
      422  55.075903 -162.042074     3.633   -16853.8    -2825.2   -15405.5    121.5    142.3    196.2 2021  1 13 22 45 41.860  0.91   1
     4220  55.412830 -161.926042    27.808    -9405.2    34683.0     8769.6    248.6    302.0    177.1 2021  6 21  7 59 55.150  0.09   1
     4221  55.292118 -161.586230    47.618    12219.9    21244.8    28578.9    278.7    423.4    243.6 2021  6 21  8  2  0.740  0.77   1
     4222  54.811837 -161.246761    30.933    34040.3   -32222.4    11894.1    194.9    217.6    426.7 2021  6 21  9 56 53.630  2.15   1
     4223  55.128056 -161.511898     1.541    16988.2     2980.6   -17498.0    227.6    190.2    241.5 2021  6 21  9 57 16.050  2.02   1
     4224  55.106449 -162.214274     4.813   -27838.6      575.3   -14225.9    123.7    196.9    232.2 2021  6 21 10  4 51.070  0.34   1
     4226  55.304993 -161.584456     9.091    12330.9    22678.1    -9948.2    251.4    306.0    502.9 2021  6 21 11 55 41.980  0.98   1
     4229  55.395085 -161.725439    27.562     3350.7    32707.5     8523.3    315.0    287.6    166.0 2021  6 21 13  4 47.480  0.55   1
      423  55.054073 -162.048812     3.323   -17288.7    -5255.5   -15715.4    165.7    184.5   1160.0 2021  1 13 22 46 11.400  0.56   1
     4232  55.113472 -161.920573    25.988    -9091.4     1357.1     6948.7    390.6    492.6    385.2 2021  6 21 13 58 15.120  0.43   1
     4238  54.416292 -161.626676     8.083     9749.6   -76256.2   -10955.9    461.1    261.7    332.5 2021  6 21 14 53 44.070  2.03   1
     4240  54.598291 -161.249056    27.004    33982.9   -55995.3     7964.8    144.1    146.8    715.9 2021  6 21 17 21  4.620  2.88   1
     4243  55.139535 -161.860872     0.625    -5279.4     4258.5   -18414.3    196.9    220.6    208.6 2021  6 22  4  4 44.280  0.42   1
     4247  54.569100 -161.322119    11.773    29300.5   -59245.0    -7265.9    248.0    277.3    298.2 2021  6 22  7  4 16.310  1.82   1
      425  55.096334 -162.049349     3.648   -17313.9     -550.8   -15391.3     83.8    140.1    312.4 2021  1 13 23 19 54.520  0.69   1
     4250  55.224186 -161.686816    22.219     5819.5    13682.3     3180.1    306.6    187.9    244.5 2021  6 22  8  2 11.240  0.95   1
     4251  54.796232 -161.343294    18.037    27861.6   -33959.6    -1001.9    384.9    544.8    430.1 2021  6 22  9 14 18.760  1.42   1
     4252  55.097819 -162.961442     1.531   -75537.0     -385.5   -17507.4    183.9    407.9    213.3 2021  6 22  9 54  5.540  1.36   1
     4253  55.306327 -161.607682    28.604    10851.9    22826.6     9565.0    234.6    151.8    234.6 2021  6 22  9 59 29.680  1.23   1
     4256  55.057434 -162.025618     2.828   -15806.7    -4881.3   -16210.8    219.2    257.4    240.7 2021  6 22 13 54 16.860  0.66   1
     4259  54.749927 -163.657113     9.606  -120464.3   -39114.5    -9432.4    365.4    550.3    356.6 2021  6 22 17 35 47.140  1.64   1
      426  55.097673 -162.046631     3.229   -17140.1     -401.8   -15810.4    130.6     93.6    334.9 2021  1 13 23 37 36.140  0.72   1
     4261  54.733004 -160.813949    32.546    61827.5   -40998.4    13507.2    335.6    386.0    984.9 2021  6 22 18 38 50.000  2.26   1
     4262  54.651575 -161.194417    12.380    37467.8   -50063.5    -6658.8    258.6    206.1    189.4 2021  6 22 19  3 26.840  1.51   1
     4263  54.505497 -162.207243    57.501   -27594.4   -66325.5    38462.1    289.0    149.7    172.8 2021  6 22 19 40 20.340  1.80   1
     4265  55.373584 -161.768685    20.689      600.5    30314.0     1649.7    334.8    315.3    162.1 2021  6 22 20  2  9.700  0.68   1
     4268  54.986263 -161.895394     3.368    -7496.3   -12804.4   -15670.4    207.4    131.7    322.9 2021  6 22 23 12 45.300  0.94   1
     4270  55.130583 -161.767969     6.200      648.1     3261.9   -12838.5    184.5    278.9    376.1 2021  6 23  1 16 53.250  0.32   1
     4271  55.345382 -161.223747    17.063    35279.5    27174.4    -1976.3    264.3    369.7    415.8 2021  6 23  5  6 23.470  0.79   1
     4272  55.286556 -161.869857     6.315    -5841.9    20625.6   -12724.0    396.7    323.3    485.7 2021  6 23  5  6 45.290  1.49   1
     4275  55.408671 -162.708561     1.977   -59164.2    34220.0   -17062.0    253.3    387.7    280.2 2021  6 23 12 36 44.650  2.11   1
     4285  55.385352 -161.909212    40.813    -8338.0    31624.0    21774.6    752.3    509.7    285.4 2021  6 25  8 20 16.700  0.87   1
      429  55.102291 -162.049382     3.767   -17314.7      112.3   -15271.5    105.4    150.4    293.7 2021  1 13 23 49 37.880  1.30   1
     4291  55.285030 -161.779476    21.472      -86.0    20455.7     2432.9    479.1    345.4    282.0 2021  6 25 15 23  3.090  1.99   1
     4294  55.014111 -161.602458    19.428    11225.4    -9704.2      388.7    208.7    221.3    247.4 2021  6 25 18 35  2.740  1.25   1
     4299  54.621216 -161.293359    25.578    31128.4   -53443.2     6539.0    205.5    204.9   1350.2 2021  6 26  2 45 35.190  1.77   1
       43  54.820605 -161.806738     0.180    -1832.8   -31246.2   -18858.9    223.4    157.4    124.7 2021  1  2 11 51 52.070  1.44   1
      430  55.101990 -162.050033     3.237   -17356.3       78.8   -15801.9    128.1    113.1    329.5 2021  1 13 23 52  2.120  1.04   1
     4301  55.192106 -161.268848    16.236    32471.5    10111.0    -2803.1    182.4    224.4    509.1 2021  6 26  3 13 42.950  1.35   1
     4302  55.357910 -161.829867    10.230    -3292.2    28569.1    -8808.7    457.2    294.4    248.4 2021  6 26  3 14 15.740  0.73   1
     4306  54.529862 -161.773665    13.089      286.7   -63613.1    -5949.9    105.5    131.6    187.6 2021  6 26 15 14  9.370  1.38   1
     4308  55.078158 -161.888525    44.642    -7049.1    -2574.3    25603.1    795.2    369.4    382.8 2021  6 26 16  3 36.550  1.01   1
     4309  55.345443 -160.960889    46.506    52007.3    27181.1    27467.6    155.4    515.4    290.0 2021  6 26 16 31 50.790  1.48   1
     4313  55.433691 -161.412842    23.925    23220.2    37005.4     4886.5    271.8    584.2    328.7 2021  6 26 18 50 27.000  2.18   1
     4315  54.646073 -161.559684    12.938    14022.5   -50675.9    -6100.7    210.8    169.5    274.9 2021  6 26 20  4 10.440  2.60   1
     4316  54.786853 -161.842350    24.887    -4115.7   -35003.7     5848.2    283.1    235.7    249.1 2021  6 26 20  4 18.300  2.96   1
     4317  54.697070 -162.893978     0.485   -71585.5   -44998.7   -18553.7    170.9    159.4    128.3 2021  6 27  0 18 59.030  1.46   1
     4322  54.608919 -161.266829    30.479    32837.0   -54812.1    11440.3    146.9    145.5    389.6 2021  6 27  1 59 57.060  1.65   1
     4323  55.104626 -162.212549     4.563   -27729.1      372.4   -14476.0    207.7    214.0    335.8 2021  6 27  3 10 27.460  0.38   1
     4331  55.219853 -162.357666    12.503   -36938.7    13199.9    -6535.4    231.8    340.3    345.1 2021  6 27  7 25 25.280  1.71   1
     4332  55.087126 -161.695964    25.940     5245.5    -1575.9     6901.1    400.5    342.3    568.1 2021  6 27  8 17 30.870  0.61   1
     4335  55.213464 -161.651156    35.139     8093.4    12488.7    16100.5    290.5    240.6    227.6 2021  6 27  9 40 12.910  0.24   1
     4336  55.375273 -161.543864     8.940    14902.3    30502.0   -10098.7    105.7    267.2    143.9 2021  6 27 10 16 59.090  0.24   1
     4339  55.279407 -161.657568    14.214     7678.3    19829.7    -4824.6    184.9    154.4    180.1 2021  6 27 14 31 30.200  0.23   1
     4342  55.472046 -162.112858    27.360   -21268.0    41275.2     8321.2    406.0    329.6    382.4 2021  6 27 16 34 13.480  1.32   1
     4345  55.393669 -161.650374     8.657     8124.9    32549.9   -10381.4    205.7    392.2    258.0 2021  6 27 17 15 50.320  0.64   1
     4348  54.963049 -161.587891    21.031    12164.0   -15388.7     1991.7    171.4    176.8    236.6 2021  6 27 23 55 56.660  0.83   1
     4349  54.826331 -161.373926    29.604    25889.2   -30608.9    10565.1    278.3    305.1    635.7 2021  6 27 23 56  6.060  1.35   1
     4353  55.251038 -161.640283    48.992     8782.3    16671.5    29953.1    618.8    506.7    282.1 2021  6 28  8  6 19.230  0.90   1
     4357  54.479915 -162.974919    14.613   -76984.1   -69173.4    -4426.1    324.6    262.5    281.6 2021  6 28  9 19 33.570  1.33   1
     4358  54.400944 -161.650570     9.143     8213.0   -77964.9    -9896.4    353.7    272.0    311.8 2021  6 28 10 15 43.900  1.48   1
     4361  55.274137 -161.854492    52.071    -4864.2    19243.1    33031.8    513.2    356.3    219.5 2021  6 28 12  0 14.640  1.11   1
     4365  55.418107 -161.454720     8.628    20562.1    35270.5   -10411.3    197.3    238.5    554.1 2021  6 28 13 22 43.780  0.55   1
     4368  54.617867 -161.518929    45.190    16644.5   -53816.0    26151.6    236.9    213.0    278.4 2021  6 28 16  4 46.700  1.23   1
     4370  55.186365 -161.772673    20.684      347.7     9471.8     1645.4    373.3    172.9    260.1 2021  6 28 17  9  2.320  0.58   1
     4373  54.489209 -161.711670    15.533     4274.3   -68138.8    -3506.2    312.3    247.7    282.8 2021  6 28 18 39 41.400  1.00   1
     4376  54.991325 -161.876497    10.182    -6287.9   -12240.9    -8856.8    197.8    172.1    292.7 2021  6 28 20 21 15.940  0.82   1
     4378  55.001449 -162.297803     9.702   -33213.4   -11113.9    -9337.2    170.1    151.3    170.4 2021  6 28 21  9 23.720  1.11   1
      438  54.426420 -161.330664     7.814    28802.0   -75128.8   -11224.8    374.1    313.0    339.2 2021  1 14  2  7 56.070  1.53   1
     4383  55.163729 -162.175472     2.122   -25343.8     6951.9   -16917.1    182.9    161.2    189.7 2021  6 29  0 17 22.290  0.37   1
     4386  55.335173 -161.726676     6.315     3274.5    26037.8   -12723.9    163.0    134.4    173.9 2021  6 29  0 57 57.850  1.85   1
     4393  54.897245 -161.568636    18.834    13406.1   -22714.3     -204.6    204.2    133.2    253.5 2021  6 29  8 12 43.520  1.05   1
     4395  55.573039 -161.287044    62.046    31162.3    52518.2    43006.9    368.6    381.1    303.0 2021  6 29  8 46 29.590  1.89   1
     4400  55.160091 -161.844076     7.470    -4206.7     6546.9   -11568.7    175.1    209.2    207.7 2021  6 29 12 38 19.600  0.43   1
     4402  54.784668 -161.935889     1.952   -10110.1   -35246.9   -17086.4    205.7    124.9    138.4 2021  6 29 17 54 52.480  1.33   1
     4409  54.982019 -161.891488     4.073    -7246.9   -13276.9   -14965.4    141.1     90.5    227.5 2021  6 30  1 46 12.980  1.38   1
     4410  54.606307 -161.279655    11.605    32014.3   -55102.9    -7433.8    124.9    126.9    117.6 2021  6 30  1 48 22.170  1.73   1
     4411  55.014604 -162.261556     2.965   -30891.8    -9649.4   -16073.4    208.1    177.7    219.4 2021  6 30  2 59 12.060  1.17   1
     4413  55.023918 -161.506087    32.510    17381.5    -8612.5    13471.5    339.2    342.0    459.4 2021  6 30 10 40  7.880  1.94   1
     4419  55.147253 -160.951172    71.502    52756.0     5117.8    52463.3    111.9    275.4    152.7 2021  7  1  0 35 51.240  2.53   1
     4422  54.735795 -163.510303    12.915  -111071.5   -40687.7    -6124.2    372.3    555.5    414.7 2021  7  1 10 29 36.020  2.03   1
     4423  54.875476 -163.150081    15.875   -87821.2   -25137.7    -3163.5    221.2    354.8    428.9 2021  7  1 17 26 23.240  2.29   1
     4432  54.953369 -162.068962     5.544   -18598.9   -16466.3   -13495.3    141.7    158.9    230.3 2021  7  2 20 25 30.240  1.67   1
     4437  54.498580 -161.721940    11.101     3613.3   -67095.6    -7937.7    196.8    149.0    170.4 2021  7  3 12 15 37.400  1.94   1
     4444  55.033972 -161.788997    16.784     -694.6    -7493.2    -2255.0    341.7    256.7    365.0 2021  7  4  2 21  5.830  1.33   1
     4448  55.238538 -161.397819    40.370    24234.3    15280.0    21330.9    401.8    448.1    385.5 2021  7  4  7  6 29.930  0.82   1
      445  54.543359 -161.200049     9.576    37155.8   -62110.5    -9463.2    307.9    262.9    313.3 2021  1 14  3 41 35.420  2.25   1
     4450  54.553003 -162.103011    22.098   -20879.6   -61037.0     3059.6    390.4    205.7    259.2 2021  7  4 14 27 16.240  1.15   1
     4452  55.480949 -161.775830     1.390      145.8    42266.3   -17649.3    298.5    279.7    298.6 2021  7  4 15  1 17.480  0.82   1
     4454  55.213000 -161.933301     4.424    -9891.4    12437.1   -14614.9    240.4    225.5    290.1 2021  7  4 18 15 21.120  0.26   1
     4459  55.051681 -161.659033    23.326     7606.6    -5521.8     4286.9    271.3    257.9    270.3 2021  7  4 20 39  1.200  1.23   1
     4460  55.107442 -161.969287    53.211   -12201.4      685.8    34171.8    649.3    504.3    436.1 2021  7  4 20 39 10.800  1.44   1
     4465  55.398116 -162.086051    21.882   -19582.9    33045.0     2843.1    229.8    395.8    235.2 2021  7  5  2 20 34.560  0.02   1
     4468  54.977283 -160.821029    58.023    61187.9   -13804.2    38984.1    208.6    252.9    242.0 2021  7  5  2 47 31.390  1.37   1
     4469  55.081828 -162.123600    25.053   -22057.8    -2165.7     6013.8    847.3   1069.0    310.4 2021  7  5  3 36 30.270  1.40   1
     4475  54.953760 -162.254508     2.234   -30464.5   -16422.8   -16805.2    107.5     99.1    120.8 2021  7  5 18 18  8.520  1.18   1
     4476  54.937533 -162.243587     1.794   -29772.1   -18229.3   -17245.1    103.9    127.5    149.2 2021  7  5 18 18 20.600  1.62   1
      448  55.058557 -162.445736     2.968   -42637.8    -4756.3   -16071.4    212.5    220.9    242.4 2021  1 14  5 15 42.230  1.23   1
     4481  54.537488 -162.565186    21.640   -50592.0   -62764.2     2601.0    351.8    231.2    293.6 2021  7  5 23 55 26.360  1.45   1
     4482  55.308093 -161.828288    14.901    -3193.7    23023.2    -4137.7    329.5    196.5    189.0 2021  7  6  0 32 48.470  0.46   1
      449  55.045732 -162.075944     9.841   -19023.6    -6184.1    -9197.7    119.3    134.9    282.0 2021  1 14  5 28 25.250  0.58   1
     4494  55.264152 -161.534863     8.098    15496.4    18131.5   -10941.0    123.7    143.9    540.8 2021  7  6 12 45 54.120  0.17   1
     4497  54.757808 -161.056917    30.280    46233.0   -38237.1    11240.8    210.4    244.9    629.9 2021  7  6 17 56 24.900  2.19   1
     4498  55.205981 -161.609033    12.436    10779.4    11655.7    -6603.0    305.1    374.8    510.2 2021  7  6 18 44 15.680  1.23   1
     4502  54.816777 -161.194971    30.096    37355.8   -31672.5    11057.0    143.3    176.3    425.5 2021  7  6 21 35 16.960  2.77   1
     4503  55.366248 -162.188493     5.323   -26108.2    29497.2   -13715.9    342.4    157.2    411.7 2021  7  6 22 19  1.240  0.67   1
     4511  55.101270 -162.366829     7.883   -37578.3       -1.4   -11156.2    221.2    238.3    225.2 2021  7  7  9 44 11.680  0.66   1
     4513  55.072164 -162.160286     5.052   -24403.1    -3241.5   -13986.8    190.9    222.1    335.0 2021  7  7 11 42 57.200  0.53   1
     4518  55.101896 -162.384229     6.855   -38688.6       68.4   -12183.5    205.5    278.7    239.1 2021  7  7 14 16 21.290  0.34   1
     4520  55.285535 -162.090820    24.435   -19914.2    20511.9     5396.4    450.0    389.4    361.2 2021  7  7 15 59 53.770  1.23   1
     4522  54.782393 -161.231885    32.859    35006.1   -35500.1    13820.5    242.1    310.8    485.8 2021  7  7 19 52 52.340  2.06   1
     4524  55.264270 -161.891764     7.898    -7239.1    18144.6   -11140.6    306.8    216.6    314.7 2021  7  7 20 45 36.740  0.90   1
     4525  55.334912 -161.604753     6.742    11034.5    26008.8   -12296.6    346.1    472.0    685.0 2021  7  7 22 34 11.960  0.65   1
     4531  55.082353 -161.432682     1.789    22055.6    -2107.3   -17249.9    176.4    135.3    152.6 2021  7  8  4  1 53.270  1.57   1
     4535  55.750842 -161.191927    63.952    37115.0    72312.1    44913.2    620.1    622.7    607.4 2021  7  8  5 21 56.310  1.68   1
     4537  55.300989 -161.907503    25.765    -8237.9    22232.3     6726.3    360.4    256.3    224.8 2021  7  8  7 45 43.930  0.98   1
      454  55.305424 -161.647770    29.086     8299.7    22726.1    10047.2    407.2    484.5    333.5 2021  1 14  6 11 28.110  0.59   1
     4540  54.459790 -163.131234     7.518   -87060.6   -71413.9   -11521.1    134.3    135.2    216.8 2021  7  8 12 11 31.290  1.60   1
     4543  54.365230 -161.656396    13.286     7841.3   -81940.7    -5752.9    557.0    292.2    360.4 2021  7  8 15 10 15.810  1.26   1
     4545  54.606303 -161.405745    46.465    23916.1   -55103.4    27426.5    440.0    446.7    604.6 2021  7  8 16  9 52.700  1.43   1
     4549  55.306746 -162.042790    19.333   -16850.9    22873.3      293.8    440.4    458.3    411.4 2021  7  8 21 55  7.980  0.76   1
     4550  54.767171 -163.009196    11.639   -78908.7   -37194.8    -7400.2    165.5    252.0    286.2 2021  7  8 22 29 34.120  1.26   1
     4551  54.629736 -161.318685    30.713    29499.1   -52494.7    11674.2    163.9    137.0    298.5 2021  7  8 22 50  7.200  1.39   1
      456  54.595671 -161.294661    12.321    31054.6   -56287.0    -6717.6    173.0    146.9    149.2 2021  1 14  6 30 46.600  2.02   1
      457  54.563688 -161.219840    13.729    35874.8   -59847.4    -5310.0    241.7    193.3    187.3 2021  1 14  6 32 54.860  3.58   1
     4572  55.202087 -162.218604    15.949   -28081.4    11222.2    -3090.2    363.9    357.3    315.4 2021  7  9 13 43  5.320  2.19   1
     4575  54.957772 -161.555339    19.018    14246.4   -15976.2      -20.4    148.6    183.8    348.6 2021  7  9 15  3 55.090  1.22   1
     4579  54.556071 -163.344206    13.157  -100644.1   -60695.4    -5882.2    238.5    275.2    276.7 2021  7  9 19 13 56.000  1.44   1
      458  54.576481 -161.285986    28.593    31619.3   -58423.3     9554.0    219.8    202.1    792.7 2021  1 14  6 33 52.080  2.82   1
     4583  55.207178 -161.931136    10.140    -9754.2    11788.8    -8898.9    401.4    360.6    316.1 2021  7 10  0  5 57.390  0.53   1
     4588  55.407133 -161.858545     7.592    -5113.8    34048.8   -11446.6    244.6    165.6    253.6 2021  7 10  7  5 59.730  0.52   1
      459  54.581409 -161.325098    11.868    29104.7   -57874.7    -7171.3    205.5    141.6    153.2 2021  1 14  6 38 26.640  1.53   1
     4591  55.448910 -161.884896    29.386    -6785.9    38699.6    10347.4    186.7    319.2    193.8 2021  7 10 11  3 19.860  1.09   1
     4593  55.656006 -161.499756    11.276    17645.9    61754.5    -7762.5    611.4    586.0    628.0 2021  7 10 13 23 45.840  1.07   1
     4596  55.282898 -161.724691    17.402     3403.1    20218.4    -1636.8    181.9    143.8    120.0 2021  7 10 14 34 15.640  0.83   1
      460  54.570268 -161.280322    24.918    31985.7   -59115.0     5879.5    212.8    181.8    185.1 2021  1 14  6 43 26.000  1.84   1
     4600  55.249650 -161.882894    30.581    -6675.3    16517.1    11542.3    529.2    606.3    536.8 2021  7 10 22 58 25.720  1.64   1
     4605  55.482194 -161.589925    28.536    11956.2    42404.9     9497.1    507.0    531.9    586.1 2021  7 11  1 25 40.410  1.47   1
     4606  55.392619 -161.903255    16.059    -7958.3    32433.0    -2979.9    336.4    426.4    142.8 2021  7 11  1 59  7.380  0.56   1
     4611  55.560954 -161.101432    63.389    42947.2    51172.9    44350.0    370.1    485.6    382.9 2021  7 11 10 56 20.030  1.77   1
     4612  55.337406 -161.542432    16.506    15000.6    26286.5    -2533.3    163.1    275.9    441.0 2021  7 11 10 56 26.820  0.83   1
     4613  55.211812 -161.547542    38.240    14698.3    12304.8    19201.1    299.2    858.5    429.1 2021  7 11 10 57 42.430  1.07   1
     4614  55.215344 -161.707812     4.251     4481.8    12698.0   -14788.2    266.9    154.6    447.9 2021  7 11 11 28 36.000  0.23   1
     4615  54.883553 -162.987809    13.714   -77426.1   -24238.6    -5323.7    258.6    383.4    333.2 2021  7 11 17  6 33.980  1.60   1
     4616  55.005347 -162.606641     1.477   -52949.2   -10679.9   -17561.8    321.6    965.7    423.3 2021  7 11 17 33  9.740  0.64   1
     4627  54.674300 -162.253076    34.760   -30478.2   -47533.6    15721.4    410.4    284.7    440.9 2021  7 11 23  3 12.840  1.59   1
     4637  55.345841 -161.748421    17.772     1890.3    27225.5    -1267.3    345.8    456.0    326.6 2021  7 12  5  1 56.300  0.89   1
     4641  54.641158 -161.901107    34.467    -7895.1   -51223.1    15427.8    372.9    243.3    421.3 2021  7 12  8 31  3.070  1.13   1
     4645  55.136873 -161.255534    13.513    33343.4     3962.2    -5525.4    236.6    247.8   1176.0 2021  7 12 10 41 33.710  1.60   1
     4652  54.941927 -161.422038    91.991    22774.9   -17740.1    72952.3    273.6    443.2    226.6 2021  7 12 14 53 22.980  1.07   1
     4653  55.344161 -161.726221    38.018     3303.1    27038.5    18979.3    506.2    654.4    379.8 2021  7 12 14 54 30.030  1.42   1
     4656  54.914286 -162.751367     1.621   -62268.8   -20817.2   -17417.5    225.0    364.9    202.3 2021  7 12 16  6 56.230  0.87   1
     4657  55.038416 -163.109147    14.104   -85028.6    -6998.6    -4934.8    208.2    853.6    501.6 2021  7 12 16  8 32.310  0.93   1
     4661  54.649491 -162.469515    68.323   -44380.9   -50295.4    49284.1    194.2    130.9    146.6 2021  7 12 21 46 18.640  1.28   1
     4663  55.027962 -162.297298    11.456   -33170.2    -8162.3    -7583.0    203.2    213.7    202.6 2021  7 12 21 47  0.100  1.43   1
     4669  54.803451 -162.001481     1.606   -14310.2   -33156.0   -17433.0    206.7    153.3    168.7 2021  7 13  1 13 57.760  0.62   1
     4671  54.924744 -162.637402    33.711   -54970.1   -19653.0    14672.2    300.7    291.8    300.9 2021  7 13  2 12 40.900  1.48   1
     4673  55.361471 -161.827018    14.885    -3110.8    28965.4    -4154.1    317.2    303.9    177.7 2021  7 13  4  9 14.290  0.10   1
     4674  55.671554 -161.479785     2.442    18908.2    63485.3   -16596.5    390.1    331.1    328.9 2021  7 13  4 23 53.660  1.13   1
     4675  55.390373 -161.864909    11.896    -5519.6    32183.0    -7142.5    371.7    342.0    173.3 2021  7 13  4 30  9.930  0.19   1
     4680  54.370903 -161.401318    16.868    24270.7   -81309.2    -2170.7    447.0    341.6    356.0 2021  7 13  6  3 25.690  1.36   1
     4681  55.247860 -161.983089     5.564   -13059.4    16317.7   -13474.6    322.9    245.8    287.0 2021  7 13  6  3 54.010  0.36   1
     4682  54.680607 -163.461654    12.031  -108025.7   -46831.5    -7008.1    285.2    358.3    268.5 2021  7 13  6 47 56.560  1.46   1
     4684  55.385848 -161.905094    15.607    -8076.0    31679.2    -3432.0    182.8    245.3    137.6 2021  7 13  7 20 54.030  0.65   1
     4686  55.002372 -162.255876     4.751   -30533.4   -11011.1   -14288.1    296.3    213.5    393.6 2021  7 13  7 49  4.670  2.77   1
      469  54.567700 -161.261410    24.243    33201.9   -59400.8     5204.1    238.1    192.4    197.7 2021  1 14 11  1 27.670  2.23   1
     4693  55.492574 -161.974349    14.480   -12464.3    43560.5    -4558.9    195.5    206.5    191.7 2021  7 13 10 50  3.920  0.62   1
     4698  55.095455 -161.563216    32.908    13719.1     -648.7    13869.2    334.7    425.8    356.1 2021  7 13 12  9 19.200  0.78   1
     4699  55.406901 -161.379932    22.745    25320.7    34023.0     3706.5    236.1    788.6    289.2 2021  7 13 12 18 58.060  1.16   1
     4703  55.245789 -161.514535     9.061    16795.3    16087.2    -9977.6    189.4    237.8    365.1 2021  7 13 13  5 16.280  1.03   1
     4706  54.709908 -161.479346    49.562    19164.6   -43569.6    30523.1    205.3    177.0    225.4 2021  7 13 14 46 34.100  1.28   1
     4707  55.265519 -161.998405    17.194   -14032.2    18283.7    -1844.5    342.6    253.1    310.3 2021  7 13 15 25 34.290  0.41   1
     4708  54.493864 -162.183919    69.736   -26098.3   -67620.6    50697.6    704.9    218.9    231.6 2021  7 13 16  5 14.050  1.79   1
     4712  55.414583 -161.895508    13.786    -7463.5    34878.2    -5252.4    111.5    222.3    149.6 2021  7 13 18 27 25.340  0.49   1
     4714  55.067578 -161.627051     3.934     9647.5    -3752.0   -15105.4    258.9    151.6    297.3 2021  7 13 18 33 12.400  0.64   1
     4716  55.326937 -161.832145    16.972    -3438.5    25121.0    -2067.4    327.5    171.8    161.7 2021  7 13 18 35 57.780  0.55   1
     4719  54.750688 -162.496419    14.850   -46050.3   -39029.8    -4188.5    221.8    161.6    596.7 2021  7 13 20 31 13.000  0.75   1
     4720  54.629810 -162.944189    61.198   -74868.9   -52486.5    42159.3    327.5    303.9    305.9 2021  7 13 21 36  6.880  1.67   1
     4733  55.202136 -161.418213    34.907    22945.1    11227.6    15867.7    282.1    336.5    330.9 2021  7 14  5  5 18.740  1.13   1
     4739  54.958565 -161.396094    35.440    24429.2   -15887.9    16401.0    301.6    346.1    305.3 2021  7 14 10 44 55.050  1.15   1
     4740  54.970797 -163.115999    13.632   -85538.2   -14526.2    -5406.4    260.7    324.5    266.6 2021  7 14 12 30 40.540  1.22   1
     4743  55.364315 -162.276937    22.559   -31735.9    29282.1     3520.6    333.1    458.7    338.9 2021  7 14 15 59 54.440  0.65   1
     4745  54.947795 -163.039095     0.332   -80644.3   -17086.9   -18706.5    159.2    265.6    141.7 2021  7 14 16 18 52.940  1.98   1
     4747  54.983016 -163.107194    13.495   -84962.4   -13165.9    -5543.8    263.0    329.3    237.1 2021  7 14 16 26  6.050  0.93   1
     4748  54.935478 -161.548584    29.302    14682.4   -18458.1    10262.8    294.3    341.5    593.3 2021  7 14 16 36 55.550  0.74   1
     4749  55.180892 -161.910791    11.971    -8460.0     8862.6    -7067.9    253.5    414.7    288.9 2021  7 14 16 37 18.660  0.77   1
      475  55.161865 -161.881755    20.573    -6609.9     6744.4     1534.4    462.0    224.4    317.2 2021  1 14 15 59 37.150  0.43   1
     4751  54.510978 -161.108398    12.879    43063.9   -65715.4    -6160.0    243.1    226.6    192.0 2021  7 14 17  7 51.240  1.39   1
     4752  54.987594 -163.121094    13.064   -85846.0   -12656.3    -5974.5    269.2    378.1    272.4 2021  7 14 17 26 13.840  0.80   1
     4757  55.297363 -160.637695    52.922    72618.3    21828.7    33883.3    147.3    287.2    213.8 2021  7 14 18 16  1.720  1.42   1
     4758  55.264665 -161.462500    23.237    20106.0    18188.6     4197.8    356.0    679.9    500.1 2021  7 14 18 16 44.240  1.38   1
     4759  55.352649 -162.012826    13.674   -14934.5    27983.4    -5365.0    190.3    271.0    204.3 2021  7 14 18 41  0.480  0.08   1
      476  55.011963 -162.085075    33.997   -19615.1    -9943.4    14958.3    514.3    396.8    603.7 2021  1 14 15 59 52.470  1.17   1
     4760  54.716154 -162.462435    10.836   -43890.3   -42874.2    -8203.1    305.5    169.9    428.6 2021  7 14 18 44 43.160  0.70   1
     4763  55.005806 -161.533577    30.797    15628.6   -10628.8    11758.0    192.0    282.6    291.0 2021  7 15  0 53 45.770  1.21   1
     4767  55.759782 -161.976921    16.726   -12585.3    73307.3    -2313.3    966.7    469.4    682.0 2021  7 15  1 33 32.500  1.03   1
     4777  54.965295 -162.259863     2.189   -30802.5   -15138.6   -16849.4     84.4    104.3    125.4 2021  7 15 11  1 54.060  1.20   1
     4778  55.159509 -161.939339     2.808   -10283.2     6482.2   -16231.2    251.1    232.6    317.0 2021  7 15 11 12  0.550  0.69   1
     4783  54.987472 -162.273014     0.345   -31634.7   -12669.9   -18693.9    169.9    138.5    140.3 2021  7 15 13 38  1.880  3.07   1
     4786  54.864832 -161.149854    26.598    40222.0   -26322.7     7559.2    230.3    187.8    842.1 2021  7 15 17 35 26.800  2.56   1
     4795  54.598145 -163.362305    12.843  -101754.4   -56011.6    -6195.7    288.9    332.1    294.5 2021  7 15 23 15 37.720  1.07   1
     4796  55.310193 -162.191618    17.554   -26325.4    23257.0    -1484.6    428.1    374.6    540.4 2021  7 15 23 59 55.540  0.87   1
     4798  55.936206 -162.454883    13.652   -42748.6    92947.7    -5387.3    917.7    720.6    831.4 2021  7 16  0 42 45.590  2.38   1
     4806  55.176335 -162.528743    12.271   -47868.9     8355.2    -6767.7    215.9    595.7    448.3 2021  7 16  5  0 22.420  0.72   1
     4810  55.283553 -161.600098    19.572    11338.1    20291.3      533.5    240.1    240.6    303.0 2021  7 16  5 49 28.290  2.96   1
     4812  54.854679 -161.047965    13.535    46750.8   -27452.9    -5504.1    293.5    366.7    331.7 2021  7 16  7 28 56.660  1.64   1
     4815  54.773971 -161.114665    30.692    42522.6   -36437.8    11652.6    264.7    199.0    524.7 2021  7 16  9 46 59.940  2.35   1
     4818  54.808162 -160.698698    12.361    69153.6   -32631.4    -6677.9    291.0    321.0    260.1 2021  7 16 14 27 49.820  1.93   1
     4825  55.094792 -161.059554    14.421    45871.7     -722.5    -4618.3    197.7    491.5    200.2 2021  7 16 19 12 22.420  1.30   1
     4826  55.031417 -161.566032    17.019    13550.2    -7777.7    -2019.8    154.9    315.4    301.2 2021  7 16 19 14  5.040  1.12   1
     4829  55.336039 -161.552523    22.940    14358.6    26134.3     3901.1    356.5    433.2    544.4 2021  7 16 20  4 38.880  0.74   1
      483  54.550545 -162.493001    58.445   -45944.6   -61310.6    39406.0    182.2    111.9    201.7 2021  1 14 19 23 40.880  1.84   1
     4833  55.483944 -161.154655     2.270    39607.6    42599.7   -16768.4    425.1    728.0    484.0 2021  7 17  1  1 43.160  1.21   1
     4840  55.054423 -161.153548    39.083    39891.4    -5216.5    20044.4    227.2    266.1    299.4 2021  7 17  1 58 19.480  1.61   1
     4843  55.200382 -162.177962    15.523   -25491.0    11032.4    -3515.4    333.3    251.4    429.3 2021  7 17  3 34 35.640  1.96   1
     4850  55.528955 -161.840885     8.735    -3984.8    47610.6   -10303.4    166.5    152.4    211.5 2021  7 17  6 51  4.340  0.22   1
     4851  54.921106 -162.169222     1.240   -25020.6   -20058.0   -17799.2     72.6     99.4    116.6 2021  7 17  7 17  6.110  1.02   1
     4860  54.272152 -162.082731    51.152   -19643.9   -92302.6    32113.0    700.0    256.0    402.0 2021  7 17 15 42 22.500  2.08   1
     4863  55.192065 -162.302279     6.469   -33420.1    10106.5   -12569.6    386.2    151.1    244.5 2021  7 17 20 27 25.800  0.18   1
     4872  54.844975 -161.788753    35.141     -680.6   -28533.3    16102.4    578.2    495.1    676.5 2021  7 18  0 47 40.400  1.63   1
     4874  54.447115 -161.588314     8.476    12214.6   -72824.9   -10563.4    272.3    225.0    301.4 2021  7 18  1  1 52.230  2.14   1
     4878  55.056868 -162.832861     4.405   -67363.4    -4944.3   -14633.5    123.7    184.4    187.6 2021  7 18  5 26 36.120  0.65   1
     4880  55.293778 -162.188053    31.635   -26103.9    21429.6    12595.8    346.0    481.3    483.7 2021  7 18  7 59 53.010  1.00   1
     4882  54.659216 -161.901855     2.589    -7941.4   -49212.8   -16450.1    281.8    196.6    219.6 2021  7 18 11 27 20.990  1.78   1
     4884  55.166081 -161.720182    17.240     3695.6     7213.7    -1799.4    319.7    433.5    238.3 2021  7 18 12 55 42.130  0.33   1
     4885  55.474475 -161.533105     5.340    15567.4    41545.6   -13698.6    228.0    258.9    280.9 2021  7 18 13  1  4.330  0.84   1
     4886  55.358826 -162.307357     0.462   -33673.6    28671.0   -18576.5    658.8    428.1    578.5 2021  7 18 14 33 37.780  0.69   1
     4893  55.328487 -161.668245     5.281     6994.0    25293.6   -13757.5    282.2    151.4    349.3 2021  7 18 16 10 50.680  0.95   1
     4898  55.108553 -161.655485    22.772     7827.7      809.5     3732.7    226.0    237.3    234.6 2021  7 18 17 55 44.500  1.15   1
     4899  55.909298 -162.424463    13.488   -40840.9    89952.1    -5550.5    912.2    720.7    831.4 2021  7 18 17 55 47.360  1.53   1
      490  54.526660 -162.040902    53.151   -16893.4   -63969.6    34111.8    426.9    168.5    265.8 2021  1 14 21 44  4.920  1.57   1
     4900  54.951444 -160.923828    12.712    54633.4   -16680.6    -6327.3    294.7    495.5    349.1 2021  7 18 20 41 55.000  1.17   1
     4902  55.014677 -162.301546    11.979   -33447.2    -9641.3    -7059.5    291.6    200.1    252.7 2021  7 18 22 16 44.080  1.42   1
     4903  55.002584 -162.435905    20.495   -42039.2   -10987.5     1456.0    186.5    191.2    146.5 2021  7 18 22 16 54.660  1.21   1
     4915  54.683476 -162.245215    72.585   -29970.3   -46512.1    53545.8    328.2    173.0    165.2 2021  7 19  2 49 27.590  1.74   1
     4919  54.480501 -162.944027    12.794   -74996.4   -69108.2    -6244.7    326.0    249.1    250.6 2021  7 19  5 28 39.740  1.55   1
      492  55.311910 -162.021712    11.933   -15507.9    23448.1    -7105.7    301.0    301.6    333.6 2021  1 14 22 51 22.560  0.29   1
     4922  55.137785 -161.884212    11.085    -6768.7     4063.7    -7954.2    181.8    302.2    246.9 2021  7 19  6 49 48.660  1.23   1
     4924  55.053772 -162.037533    38.293   -16568.4    -5289.0    19254.3    677.3    588.4    520.1 2021  7 19  6 50 39.570  0.78   1
     4928  55.376074 -161.775846     7.067      145.0    30591.2   -11971.8    225.5    229.0    348.2 2021  7 19 10 54  2.080  0.80   1
     4930  55.193880 -162.077669    18.372   -19098.5    10308.5     -667.2    368.2    305.8    353.5 2021  7 19 11  1 36.140  1.05   1
     4935  55.266703 -161.962988    10.953   -11775.9    18415.5    -8085.4    553.0    343.0    245.9 2021  7 19 13 46 34.510  1.00   1
     4938  55.290173 -161.698079    18.468     5097.5    21028.3     -570.4    151.9    100.6     89.8 2021  7 19 13 53 47.990  0.42   1
     4948  54.876697 -161.464323    37.295    20086.7   -25001.9    18255.9    289.4    297.1    459.0 2021  7 19 20 12 17.800  1.43   1
      495  54.635958 -161.323193     9.686    29207.4   -51802.0    -9352.7    248.9    215.5    297.4 2021  1 14 23 56  1.640  1.51   1
     4952  55.401518 -162.422412    25.065   -40972.4    33423.7     6025.7    349.9    340.5    733.7 2021  7 19 23 59 53.100  1.16   1
      496  55.150350 -161.986198    27.684   -13273.6     5462.5     8645.5    887.8    487.3    479.8 2021  1 15  1  1 21.850  2.06   1
     4965  55.035075 -161.774365     9.777      240.2    -7370.5    -9261.7    263.9    346.9    537.1 2021  7 21  6 39 15.070  1.98   1
     4966  55.165145 -161.566732    34.135    13483.0     7109.5    15095.7    467.2    269.9    333.0 2021  7 21  6 50 46.680  1.33   1
     4968  54.661198 -162.555843    95.534   -49915.2   -48992.2    76494.8    248.2    195.1    106.4 2021  7 21  9 29 25.950  1.64   1
     4969  54.560917 -163.311947    10.590   -98565.1   -60155.9    -8449.2    267.1    286.6    252.6 2021  7 21 12 41 42.380  1.84   1
     4970  55.282959 -162.197933    30.664   -26736.6    20225.2    11625.4    372.1    438.5    448.8 2021  7 21 15 59 52.910  1.30   1
     4971  54.482499 -161.754753    10.220     1503.4   -68885.8    -8818.6    174.2     85.5    169.8 2021  7 21 20 31 47.920  2.22   1
     4975  54.616170 -161.190511    28.928    37735.0   -54004.9     9889.0    391.5    366.1   1548.4 2021  7 22  1 40 11.400  3.64   1
     4977  54.369804 -162.090267    10.927   -20105.8   -81431.6    -8111.7    589.1    162.3    256.2 2021  7 22  7 22 36.130  1.97   1
     4980  55.330583 -161.930355     4.163    -9689.4    25526.9   -14875.5    379.8    298.4    535.2 2021  7 22  9  4 45.420  0.13   1
     4988  55.159546 -162.318701     5.137   -34481.1     6486.2   -13902.2    253.8    207.6    185.3 2021  7 22 22  2 49.720  1.46   1
     4991  55.356242 -162.120280    20.244   -21771.1    28383.4     1204.9    454.3    384.0    244.9 2021  7 22 23 59 55.060  1.51   1
     4992  54.544352 -163.313818    13.159   -98705.5   -62000.0    -5880.2    227.2    246.1    227.4 2021  7 23  9 54 20.990  1.39   1
     4994  55.232202 -161.657503    33.555     7687.0    14574.7    14516.0    256.7    184.6    183.9 2021  7 23 12  9 54.420  1.21   1
     4999  55.737504 -162.024284    10.322   -15588.1    70827.3    -8716.6    563.2    302.7    656.4 2021  7 23 17  5 47.360  1.44   1
      501  54.771684 -160.579069    10.564    76852.3   -36692.4    -8474.9    368.5    428.6    337.3 2021  1 15  3 54 42.200  2.08   1
     5016  55.226827 -161.704248    49.767     4708.4    13976.3    30728.1    265.9    196.3    147.8 2021  7 24 13 15 17.290  1.58   1
     5017  55.275382 -161.750326    39.477     1770.7    19381.7    20438.1    352.4    257.0    198.3 2021  7 24 13 22 53.650  1.33   1
     5020  55.125228 -161.938883     5.070   -10258.5     2665.8   -13968.5    331.7    147.2    289.7 2021  7 24 14 49  8.780  1.64   1
     5022  55.347506 -161.893473     1.675    -7340.3    27410.8   -17363.5    168.0    173.7    347.7 2021  7 24 14 49 33.800  1.21   1
     5024  55.421305 -161.955452     6.151   -11274.0    35626.5   -12888.1    355.8    347.8    326.2 2021  7 24 17 27 45.020  0.77   1
     5027  55.132764 -161.969987     8.875   -12242.2     3504.7   -10163.7    357.5    247.5    292.1 2021  7 24 18 53 48.920  0.80   1
     5033  54.585836 -161.159733    30.977    39726.3   -57381.9    11937.8    278.2    256.2    762.3 2021  7 24 23 34 53.640  1.52   1
     5037  54.698206 -160.898389    24.477    56437.1   -44872.3     5438.5    277.8    301.1    274.4 2021  7 25  3  5 58.420  1.56   1
     5038  54.973128 -163.625505    37.128  -118110.5   -14266.6    18088.7    421.6   1046.2   1020.3 2021  7 25  3 23  6.400  1.69   1
     5039  54.987398 -162.392513     6.178   -39273.4   -12678.0   -12860.7    162.5    212.2    250.8 2021  7 25  3 45 12.690 -0.25   1
     5052  55.251624 -162.088639    12.809   -19783.7    16736.8    -6229.4    276.2    179.0    275.6 2021  7 25  9 49 47.520  0.46   1
     5054  54.935254 -161.113444    32.015    42515.8   -18483.0    12976.0    210.2    231.3    433.7 2021  7 25 10 21 50.290  1.29   1
     5058  55.302718 -161.801351    22.612    -1478.8    22424.8     3573.3    279.1    266.1    213.4 2021  7 25 12  8 56.600  0.97   1
     5060  55.309583 -161.852474    17.108    -4733.5    23189.0    -1930.8    168.1    185.8    160.2 2021  7 25 12 23 17.770  0.79   1
     5061  55.372884 -161.728906     7.048     3131.1    30236.1   -11991.1    183.1    249.9    292.7 2021  7 25 12 27 56.580  0.68   1
     5065  54.797180 -160.987516    32.242    50657.3   -33854.0    13202.7    221.5    238.8    578.7 2021  7 25 12 47 46.620  1.86   1
     5067  54.544861 -162.082275    30.529   -19548.9   -61943.4    11489.6    752.5    296.2    961.4 2021  7 25 14 39 59.930  1.39   1
     5070  54.948779 -162.204720     4.108   -27282.2   -16977.3   -14930.8    203.5    144.9    256.5 2021  7 25 16 25  3.000  1.64   1
     5072  55.372152 -161.854199     1.908    -4839.6    30154.5   -17131.2    161.3    150.7    176.3 2021  7 25 16 25 28.660  0.47   1
     5077  55.202844 -161.864242     8.093    -5490.1    11306.4   -10945.9    204.9    154.1    281.7 2021  7 25 19 36  7.300  0.33   1
     5079  55.411324 -161.895215     8.477    -7445.2    34515.4   -10561.6    205.7    253.6    236.8 2021  7 25 20 36 32.600  1.04   1
     5080  55.046350 -161.706624    16.863     4567.2    -6115.2    -2175.5    287.3    267.7    369.4 2021  7 25 22 15 17.640  1.08   1
     5087  55.173324 -162.056396    29.549   -17746.7     8020.0    10509.9    449.0    363.5    327.4 2021  7 26  3 55 17.930  1.16   1
     5092  55.239380 -161.923551    41.089    -9266.9    15373.7    22050.0    450.7    471.5    400.1 2021  7 26  7 39 30.430  0.82   1
     5094  55.152201 -161.947998     6.283   -10836.5     5668.6   -12756.1    342.2    267.3    263.2 2021  7 26  8 11 19.980  0.33   1
     5097  55.506205 -161.765023    28.368      832.1    45078.0     9328.7    414.3    277.0    168.0 2021  7 26 11 28 48.480  0.23   1
       51  54.977132 -162.894499     1.532   -71370.8   -13820.9   -17506.6    193.6    273.6    218.7 2021  1  2 14 13 33.960  1.91   1
      510  55.014233 -161.342008    32.960    27868.5    -9690.6    13921.2    208.2    203.8    283.9 2021  1 15 18 22 22.660  1.88   1
     5101  54.458533 -161.823177    63.192    -2898.7   -71553.8    44153.2    513.1    347.6    387.0 2021  7 26 16 27 49.760  1.58   1
     5107  54.445357 -162.023421    62.933   -15785.5   -73020.6    43894.2    471.4    135.5    191.1 2021  7 27  0 58 57.370  1.47   1
      511  55.061255 -161.416146    33.053    23117.5    -4456.0    14014.4    227.2    226.1    340.9 2021  1 15 18 22 35.920  2.02   1
     5115  55.300972 -162.249512    11.385   -30014.8    22230.5    -7654.1    320.7    319.7    481.2 2021  7 27  7 59 55.370  1.15   1
      512  55.550260 -161.796257    10.069    -1150.9    49982.4    -8970.1    300.2    165.1    330.1 2021  1 15 21 12 37.760  0.89   1
     5120  54.608590 -161.286491    12.717    31574.4   -54848.8    -6321.7    172.5    110.3    116.6 2021  7 27 12 12 34.910  2.82   1
     5121  54.571391 -161.341634    13.634    28045.8   -58990.0    -5404.7    193.1    178.9    186.7 2021  7 27 12 17 41.790  1.43   1
     5122  55.262431 -162.048893    13.703   -17249.0    17939.9    -5335.9    206.6    163.5    174.1 2021  7 27 12 28 41.640  0.22   1
     5130  55.275875 -161.753060    17.956     1596.5    19436.5    -1082.5    292.1    283.5    212.1 2021  7 27 20  4 43.080  0.60   1
     5131  54.929000 -162.248926     3.798   -30116.7   -19179.2   -15240.4    159.3    111.7    185.5 2021  7 27 20 20 50.280  1.56   1
     5133  55.029692 -163.147217    12.272   -87470.1    -7969.8    -6767.2    211.6    443.4    328.6 2021  7 27 23 12 28.800  1.32   1
     5135  54.845158 -161.210449    57.641    36351.5   -28512.9    38601.9    155.5    247.4    167.6 2021  7 28  1 31 19.340  1.39   1
     5139  54.614787 -162.643262     7.962   -55557.7   -54158.9   -11077.2    323.0    240.7    306.9 2021  7 28 11 54 45.260  1.86   1
     5143  54.989392 -162.348340     9.411   -36448.8   -12456.1    -9628.0    157.4    199.5    197.0 2021  7 28 15 34 17.450  1.46   1
     5147  55.006608 -161.535433    79.950    15509.8   -10539.5    60911.4    189.7    246.1    138.8 2021  7 28 21 12 14.340  1.93   1
     5150  54.486422 -162.130029    14.236   -22634.5   -68449.1    -4803.1    456.7    133.2    355.6 2021  7 29  5 47 12.170  1.84   1
     5151  55.259485 -160.792155    10.956    62812.6    17611.9    -8083.1    306.9    665.5    399.5 2021  7 29  5 49 50.580  2.03   1
     5152  55.745638 -161.246175    16.242    33682.5    71732.8    -2796.4    440.8    487.4    519.5 2021  7 29  5 49 52.440  1.81   1
     5154  55.385640 -161.485889    13.390    18588.0    31656.1    -5649.1    222.5    250.5    315.9 2021  7 29  6 16 19.630  4.95   1
     5160  55.320365 -160.729232    30.415    66770.4    24389.4    11376.2    251.7    520.7    735.1 2021  7 29  6 33  6.800  3.99   1
     5163  55.055302 -161.687956     3.347     5759.0    -5118.7   -15691.9    485.0    400.3    587.4 2021  7 29  6 37 17.390  2.92   1
     5166  55.274011 -161.735156    28.525     2736.9    19229.1     9485.9    580.3    468.0    190.6 2021  7 29  6 47 57.360  2.94   1
     5167  55.504716 -160.409847    10.999    86900.8    44912.2    -8040.2    354.4    726.8    355.9 2021  7 29  6 53 55.630  3.33   1
     5169  55.431946 -160.655029    13.769    71394.1    36811.1    -5269.9    233.2    577.4    276.6 2021  7 29  6 57 33.840  2.72   1
      517  55.361837 -161.854118     6.815    -4835.0    29006.2   -12223.8    407.3    242.2    217.1 2021  1 16  4 15 37.410  0.57   1
     5177  55.386100 -161.394157    28.086    24422.5    31707.3     9046.8    225.0    494.1    402.5 2021  7 29  7 21 49.290  1.53   1
     5178  55.308915 -161.250570    28.750    33587.9    23114.7     9710.7    271.7    917.7    489.3 2021  7 29  7 22 46.910  2.50   1
     5182  55.444775 -161.574414     5.551    12947.6    38239.3   -13487.4    330.1    398.3    469.9 2021  7 29  7 30 24.080  1.51   1
     5184  55.350248 -161.033577    47.918    47378.6    27716.1    28878.8    237.0    680.6    305.8 2021  7 29  7 33  3.480  3.18   1
     5185  55.255916 -161.588200     7.778    12100.0    17214.7   -11261.0    261.3    229.8    571.5 2021  7 29  7 33 44.320  2.69   1
     5186  55.184485 -161.914583    14.992    -8701.4     9262.6    -4047.0    396.8    277.4    346.7 2021  7 29  7 35 18.750  2.18   1
      519  54.870687 -161.403678    27.626    23970.4   -25670.9     8587.4    167.2    108.7    373.3 2021  1 16  6 42  0.470  1.66   1
     5190  55.241858 -161.463477    16.883    20049.5    15649.6    -2155.7    206.2    224.0    341.8 2021  7 29  7 47 26.120  2.92   1
     5193  55.383561 -162.152832    43.912   -23834.2    31424.7    24873.3    444.4    413.4    245.5 2021  7 29  7 59 52.840  2.51   1
     5198  55.184949 -161.235742    46.053    34585.4     9314.2    27014.5    351.6    675.7    391.9 2021  7 29  8  9 30.510  2.56   1
     5199  55.246802 -162.050456     5.437   -17352.0    16200.0   -13602.3    416.1    448.7    747.9 2021  7 29  8 10 24.440  2.24   1
      520  55.213123 -161.871566    15.103    -5956.2    12450.6    -3935.5    435.9    157.5    236.5 2021  1 16  6 42 26.060  0.67   1
     5200  55.246525 -161.407601    20.671    23608.6    16169.2     1631.6    329.0    588.5    388.4 2021  7 29  8 10 57.020  3.06   1
     5204  55.325167 -160.939290    55.401    53395.3    24923.9    36362.6    173.9    477.8    197.1 2021  7 29  8 16 19.590  2.92   1
     5209  55.432751 -161.781608     6.752     -221.4    36900.8   -12286.6    667.9    417.0    661.3 2021  7 29  8 30 43.400  2.26   1
     5212  55.286235 -161.344287     0.242    27629.0    20589.8   -18796.7    193.0    320.8    194.2 2021  7 29  8 39 55.570  2.19   1
     5213  55.271200 -160.671436    48.929    70492.9    18916.0    29890.2    134.4    369.9    205.6 2021  7 29  8 40 44.620  2.73   1
     5217  55.059261 -161.800260     5.656    -1413.7    -4677.9   -13383.1    542.4    354.5    467.8 2021  7 29  8 56  0.180  2.16   1
      522  54.839543 -161.960677     2.780   -11690.7   -29138.0   -16259.0    231.8    184.4    205.2 2021  1 16  9  4  4.730  0.92   1
     5220  55.356197 -161.888932    41.704    -7050.6    28378.4    22664.7    908.4    590.2    390.0 2021  7 29  8 58 21.580  2.29   1
     5222  55.177897 -161.208008    22.096    36357.1     8529.2     3056.8    223.0    344.2    297.6 2021  7 29  9  8 22.960  1.99   1
     5224  55.266772 -161.214437    51.758    35907.3    18423.2    32719.0    132.9    329.0    114.0 2021  7 29  9 17 39.300  2.11   1
      523  55.163993 -162.231641    16.301   -28926.3     6981.3    -2738.3    276.4    283.6    164.3 2021  1 16 11 12 33.480  0.81   1
     5230  55.166801 -161.723698    42.641     3471.4     7293.9    23601.7    347.1    398.5    252.8 2021  7 29  9 36  0.080  1.33   1
     5231  55.352869 -161.696810    20.504     5174.2    28007.8     1464.9    326.9    376.6    306.8 2021  7 29  9 36 33.740  1.21   1
     5234  55.474597 -161.899723    30.257    -7725.8    41559.2    11218.2    394.9    286.6    405.1 2021  7 29  9 39 21.410  1.96   1
     5235  55.424182 -162.180257    23.805   -25565.7    35946.8     4766.2    428.7    341.1    407.8 2021  7 29  9 43 53.970  1.46   1
     5238  55.281165 -161.071859    32.314    44981.5    20025.4    13275.3    172.9    369.9    309.1 2021  7 29  9 52 52.530  2.22   1
     5239  55.324341 -160.981283    46.888    50722.8    24832.0    27849.1    168.6    285.5    183.4 2021  7 29  9 54 13.660  2.79   1
     5242  55.255103 -161.362126    50.267    26503.3    17124.1    31227.7    330.1    336.5    309.7 2021  7 29  9 59 11.570  2.08   1
     5244  55.436267 -162.186621     2.481   -25966.3    37292.1   -16557.7    325.4    392.8    424.6 2021  7 29 10  2 15.930  2.18   1
     5246  55.096252 -161.586751    38.163    12216.6     -559.9    19124.1    314.4    357.7    343.1 2021  7 29 10  5 44.020  1.73   1
     5247  55.224500 -161.956022    28.910   -11338.1    13717.2     9871.1    348.0    329.1    194.4 2021  7 29 10  6 27.170  1.15   1
     5248  54.884424 -160.673503    11.118    70700.8   -24141.6    -7920.7    479.4    952.3    536.5 2021  7 29 10  8 23.740  2.21   1
     5254  55.131543 -161.523812    34.226    16227.3     3368.8    15187.1    376.7    412.9    352.5 2021  7 29 10 18 13.710  2.44   1
     5255  55.387769 -161.902979    24.041    -7941.2    31893.1     5002.3    373.4    324.0    302.7 2021  7 29 10 20 42.390  1.62   1
     5257  55.426973 -161.692969    18.620     5413.6    36257.5     -419.4    351.4    362.2    389.3 2021  7 29 10 22 56.750  1.25   1
     5258  55.101892 -161.269010     1.499    32497.7       67.9   -17540.0    181.4    360.8    210.9 2021  7 29 10 23 28.230  1.87   1
     5259  55.227665 -160.862760    33.277    58337.8    14069.6    14237.8    154.8    298.9    464.4 2021  7 29 10 24 42.520  2.05   1
      526  54.895654 -161.049984    31.226    46597.8   -22891.4    12187.1    296.7    328.0    774.3 2021  1 16 11 47 21.970  2.47   1
     5260  55.248763 -160.873910    54.895    57612.0    16418.3    35856.6    191.2    343.0    243.0 2021  7 29 10 27 25.890  2.07   1
     5261  55.045150 -161.772201    11.730      378.4    -6248.9    -7309.0    245.5    243.0    361.2 2021  7 29 10 28  6.220  1.86   1
     5262  55.292574 -160.756185    50.199    65077.2    21295.6    31160.6    113.5    394.7    166.7 2021  7 29 10 38 28.250  1.86   1
     5263  55.257007 -161.426351     4.897    22411.0    17336.1   -14141.7    228.4    366.6    251.9 2021  7 29 10 42 51.470  1.08   1
     5265  55.346175 -162.936605     0.673   -73722.6    27262.7   -18365.9    391.9    651.2    322.4 2021  7 29 10 50 46.240  1.91   1
     5266  55.517851 -161.167204    15.078    38793.9    46374.4    -3961.0    518.1    686.5    584.9 2021  7 29 10 54 33.180  1.36   1
     5267  55.270540 -161.803109     2.880    -1591.4    18842.7   -16158.7    225.0    219.3    431.2 2021  7 29 10 55 16.230  0.77   1
     5268  55.281075 -161.336865    37.478    28103.5    20015.4    18438.7    245.6    629.5    368.9 2021  7 29 10 59  3.250  1.64   1
     5270  55.202039 -161.613477    19.561    10496.7    11216.7      522.4    299.3    429.4    281.1 2021  7 29 11  5 32.310  2.05   1
     5271  55.243225 -161.073617    31.278    44890.8    15801.8    12239.1    174.1    264.9    395.5 2021  7 29 11  9 16.950  2.69   1
      528  54.826782 -163.170231    10.585   -89164.8   -30558.6    -8454.1    243.3    345.8    318.6 2021  1 16 20 41 35.700  2.91   1
     5282  55.262671 -161.565202    14.053    13564.0    17966.6    -4985.9    214.7    211.8    390.1 2021  7 29 11 48 29.290  1.30   1
     5285  55.254883 -161.305404     3.553    30117.1    17099.6   -15486.3    202.6    364.2    303.8 2021  7 29 12 17 22.580  1.22   1
     5286  55.136389 -161.319173    22.073    29283.1     3908.3     3034.5    348.6    458.3    328.4 2021  7 29 12 18 29.800  1.93   1
     5290  55.242619 -161.290251    19.635    31087.3    15734.3      596.5    220.2    264.8    290.0 2021  7 29 12 28 54.180  2.30   1
     5292  55.215540 -160.671631    15.160    70529.4    12719.7    -3878.6    221.0    716.6    321.9 2021  7 29 12 32 39.070  1.91   1
     5293  55.189827 -161.288249    31.992    31235.4     9857.3    12953.0    353.5    470.5    596.1 2021  7 29 16  0 22.560  1.79   1
     5297  55.239657 -160.903678    32.114    55721.6    15404.5    13075.2    166.9    326.3    465.1 2021  7 29 16  9 42.880  3.21   1
      530  54.651172 -160.673714    21.615    70891.7   -50108.3     2576.3    777.3    811.8    746.5 2021  1 17  8 14 31.480  2.86   1
     5300  55.244629 -160.872249    56.958    57720.8    15958.1    37919.0    213.3    665.8    228.3 2021  7 29 16 38 28.030  1.75   1
     5304  55.423002 -161.649886    46.551     8152.9    35815.4    27511.8    682.5    572.7    319.0 2021  7 29 17  4 20.940  1.87   1
     5305  55.291752 -161.608317    12.145    10813.5    21204.1    -6894.2    486.7    599.1    603.7 2021  7 29 17  4 30.440  1.55   1
     5308  55.278971 -162.047656    36.354   -17166.7    19781.2    17314.7    780.2    921.9    508.2 2021  7 29 17 23 19.880  2.03   1
     5311  55.135266 -161.298665    26.077    30592.0     3783.3     7037.7    189.2    269.0    543.1 2021  7 29 17 33  9.360  1.35   1
     5315  55.261532 -160.776107    50.163    63833.3    17839.8    31124.0    110.6    378.2    203.5 2021  7 29 17 52 10.720  1.82   1
     5318  55.184530 -161.212598    31.937    36061.4     9267.5    12897.8    326.9    721.2    485.9 2021  7 29 18 14 55.100  2.21   1
     5319  55.429521 -162.086133    14.067   -19580.4    36541.1    -4972.2    290.0    303.0    520.2 2021  7 29 18 15  7.600  1.72   1
      532  55.075224 -162.014925     7.330   -15120.4    -2900.9   -11709.4    120.6    145.5    209.3 2021  1 17 16 26 15.000  1.05   1
     5320  55.182507 -161.553662    42.110    14313.5     9042.4    23070.8    315.4    292.9    259.6 2021  7 29 18 17 44.500  1.03   1
     5322  55.385307 -160.941227    17.956    53231.9    31619.0    -1083.1    225.2    900.4    637.8 2021  7 29 18 38 14.140  1.82   1
     5323  55.247111 -161.908171    15.379    -8286.0    16234.4    -3660.2    187.3    298.1    348.1 2021  7 29 18 38 46.660  1.04   1
     5324  55.296525 -160.936035    48.560    53621.7    21735.4    29521.4    117.6    416.1    154.7 2021  7 29 18 46 50.080  1.48   1
     5326  54.680644 -161.953613    11.647   -11260.4   -46827.4    -7391.4    425.1    166.6    489.1 2021  7 29 18 53 55.900  1.35   1
     5328  55.471305 -161.688770    26.090     5677.4    41192.8     7050.7    381.4    359.4    473.9 2021  7 29 19 12 48.560  2.91   1
     5330  55.305579 -160.911344    32.538    55187.7    22743.3    13499.4    159.4    396.6    374.9 2021  7 29 19 53 31.080  1.75   1
     5334  55.442379 -162.053548     4.016   -17506.1    37972.5   -15023.0    269.0    310.4    412.8 2021  7 29 20 24  8.820  1.75   1
     5335  55.246326 -160.835579    31.723    60056.1    16147.0    12684.5    182.6    510.1    482.8 2021  7 29 20 25 39.660  1.54   1
     5336  55.273751 -161.225553    27.387    35196.1    19200.1     8347.8    191.8    506.8    592.6 2021  7 29 20 31  8.820  2.55   1
     5339  55.201095 -161.764567     5.948      864.4    11111.6   -13090.5    169.3    232.7    429.2 2021  7 29 20 34  7.480  3.07   1
     5340  55.377413 -161.685465    22.486     5894.3    30740.2     3447.3    322.8    345.3    356.3 2021  7 29 20 42 33.160  1.16   1
     5341  55.008415 -161.714632     3.635     4057.6   -10338.4   -15404.2    244.5    195.8    298.8 2021  7 29 20 43  0.040  1.83   1
     5343  55.370968 -160.985824    41.007    50404.4    30022.7    21968.1    161.6    185.0    217.2 2021  7 30  0 55 44.980  1.75   1
     5347  55.240149 -160.760010    56.248    64876.1    15459.3    37209.2    118.0    341.3    137.4 2021  7 30  2 56 24.590  1.95   1
     5351  55.235746 -161.787305    10.408     -585.0    14969.2    -8630.5    326.2    201.9    305.3 2021  7 30  3 37 43.990  1.56   1
     5352  55.330969 -160.716960    58.302    67542.6    25569.9    39262.9    146.4    267.0    184.7 2021  7 30  3 52 43.560  3.37   1
     5353  55.284058 -160.863997    47.832    58217.9    20347.5    28792.9    126.7    474.2    194.0 2021  7 30  4 12  9.130  1.89   1
     5354  55.240869 -161.774512    12.001      230.2    15539.5    -7038.0    347.7    229.7    364.9 2021  7 30  4 22  7.230  1.85   1
     5355  55.327616 -161.826090     5.689    -3053.1    25196.6   -13349.6    342.1    397.2    488.9 2021  7 30  4 22 34.820  1.53   1
     5359  55.218774 -161.664193    15.749     7261.9    13079.8    -3289.8    257.0    213.2    371.9 2021  7 30  5 32 58.760  4.03   1
      536  54.796903 -161.869189     1.793    -5834.9   -33884.8   -17246.0    207.6    132.0    153.8 2021  1 17 18 59 30.400  2.67   1
     5360  55.247986 -161.413835    19.313    23211.0    16331.8      273.6    189.2    289.6    331.0 2021  7 30  5 41 30.770  1.91   1
     5361  55.219507 -162.278206    17.911   -31874.3    13161.4    -1128.1    297.3    333.2    395.2 2021  7 30  5 42  9.460  2.12   1
     5362  55.273214 -160.560173    35.154    77578.1    19140.3    16114.8    260.4    499.8    676.5 2021  7 30  5 49 52.850  2.08   1
     5365  55.467554 -161.123291    47.634    41608.6    40775.1    28594.9    248.5    371.5    311.8 2021  7 30  6 47  0.330  1.97   1
     5368  55.273869 -160.616341    52.107    73999.8    19213.2    33067.7    170.8    363.7    262.0 2021  7 30  7 25 12.630  2.59   1
     5372  55.073429 -161.732210    11.946     2931.9    -3100.7    -7093.1    349.3    291.0    471.0 2021  7 30  8 40 28.800  1.00   1
     5373  55.123576 -162.766618    17.123   -63080.2     2481.9    -1915.4    202.4    280.6    903.3 2021  7 30  9 27 58.210  1.58   1
     5375  54.961031 -161.475098    12.937    19376.7   -15613.4    -6101.7    251.9    384.9    325.4 2021  7 30  9 55 18.120  1.49   1
     5377  55.120508 -161.809945     9.273    -2030.6     2140.3    -9765.7    348.1    343.2    428.0 2021  7 30  9 58 41.950  1.84   1
     5384  55.015987 -161.438786    17.028    21683.8    -9495.4    -2011.0    208.3    408.9    415.7 2021  7 30 12 38  8.830  1.43   1
     5387  55.229415 -160.884912    32.302    56924.7    14264.4    13262.8    189.3    358.2    451.4 2021  7 30 13 28 45.830  2.34   1
     5388  55.207601 -161.438053     4.058    21678.8    11836.0   -14981.3    270.4    337.1    595.0 2021  7 30 13 29 23.700  2.48   1
     5389  55.368730 -161.393132    18.218    24493.1    29773.6     -820.7    201.0    687.6    361.8 2021  7 30 13 53 54.860  1.59   1
     5390  55.244181 -161.573779    20.190    13020.6    15908.3     1151.4    368.4    430.9    427.5 2021  7 30 14 20 41.680  1.92   1
     5394  55.072868 -161.020589    16.494    48372.3    -3163.2    -2545.2    256.2    395.1    330.5 2021  7 30 14 35 25.930  1.03   1
     5396  55.203845 -160.866406    41.155    58122.7    11417.8    22116.0    204.1    369.3    314.0 2021  7 30 14 42 18.030  2.54   1
     5397  55.266215 -161.633968    30.134     9182.9    18361.1    11095.2    655.2    489.6    677.9 2021  7 30 14 42 47.950  2.93   1
     5399  55.296834 -161.023063    38.963    48079.8    21769.8    19924.3    264.1    437.8    409.1 2021  7 30 14 58 52.760  2.23   1
       54  55.061422 -162.043083     2.595   -16921.2    -4437.4   -16443.7    144.9    157.7    457.2 2021  1  2 18  7 19.400  1.16   1
      540  54.574809 -161.268831    13.341    32722.2   -58609.4    -5698.0    167.9    165.8    147.7 2021  1 17 20 28 44.120  2.36   1
     5400  55.153988 -161.710433    26.040     4318.1     5867.5     7000.8    332.3    599.7    304.4 2021  7 30 14 59 27.710  2.35   1
     5401  55.148735 -161.792480    13.331     -915.8     5282.7    -5707.4    339.0    771.7    752.2 2021  7 30 15 27 17.720  0.80   1
     5402  54.437370 -161.803646    15.411    -1642.5   -73909.8    -3628.3    283.5    181.2    216.1 2021  7 30 16 57 32.750  2.05   1
     5404  55.228845 -160.886686    32.627    56812.1    14201.0    13588.2    161.9    370.8    369.6 2021  7 30 19 16  7.520  2.22   1
     5406  54.292716 -161.496989    10.690    18125.8   -90013.3    -8349.1    434.8    296.2    269.8 2021  7 30 21 25 29.680  1.80   1
     5407  55.461471 -161.109766    53.459    42471.3    40097.9    34420.5    217.4    335.5    253.8 2021  7 30 21 45  3.100  2.11   1
     5408  55.470947 -161.817025     6.624    -2471.6    41152.9   -12414.7    470.4    192.0    463.6 2021  7 30 21 55 23.880  1.57   1
     5409  55.430025 -161.725016     6.378     3376.2    36597.3   -12660.8    141.2    289.2    262.4 2021  7 30 22 12 38.600  2.21   1
      541  54.581986 -161.261589    14.015    33184.6   -57810.4    -5023.5    180.8    133.5    130.9 2021  1 17 22 21  2.560  2.73   1
     5412  55.281934 -161.096370    32.529    43419.9    20111.0    13490.2    190.3    421.7    394.6 2021  7 31  0 59 25.490  1.76   1
     5422  54.544421 -161.848926    12.891    -4550.7   -61992.3    -6148.0    202.0    143.0    188.9 2021  7 31 12 12 41.240  2.71   1
     5424  54.973726 -162.421973    24.237   -41163.5   -14200.1     5198.4    301.8    288.1    226.6 2021  7 31 14  4  8.180  0.87   1
     5435  55.235994 -161.350391     4.143    27257.4    14996.9   -14896.0    157.2    244.5    264.7 2021  8  1  1 49 34.080  1.51   1
     5441  55.238505 -161.062061    54.845    45629.8    15276.3    35806.0    199.3    528.2    176.4 2021  8  1  5 37 32.330  1.69   1
     5442  55.320439 -161.786426    30.305     -528.4    24397.6    11266.5    682.3    674.6    698.5 2021  8  1  5 38  6.350  1.59   1
     5448  54.507621 -163.169417     0.939   -89464.7   -66089.1   -18099.4    235.2    218.3    177.2 2021  8  1  6 37  6.710  2.05   1
      545  55.457031 -161.618896     7.302    10118.8    39603.7   -11736.7    168.9    227.4    510.5 2021  1 18  6 44 23.680  0.37   1
     5453  55.172058 -161.881055     5.332    -6564.4     7879.2   -13706.6    161.2    134.6    156.0 2021  8  1  7 51 38.960  1.73   1
     5454  55.351318 -160.771273    49.148    64069.3    27835.2    30109.3    208.8    319.9    300.1 2021  8  1  8 59 42.810  2.29   1
     5458  55.107483 -161.283643    30.865    31561.5      690.3    11825.9    186.2    241.4    349.5 2021  8  1 10  8 40.590  1.21   1
      546  54.593441 -161.202425     9.749    36980.3   -56535.2    -9290.3    347.8    281.5    277.4 2021  1 18  9 17 23.290  1.82   1
     5460  55.112366 -161.897331     6.029    -7608.1     1233.9   -13009.5    168.9    233.3    205.4 2021  8  1 10 28  7.020  0.20   1
     5461  55.341252 -160.917725    45.480    54757.0    26714.6    26440.9    187.5    405.9    280.9 2021  8  1 11 52 29.480  1.70   1
     5464  54.832239 -161.126823    36.176    41713.3   -29951.1    17137.4    212.4    167.7    363.4 2021  8  1 13  4 20.970  2.61   1
     5465  55.198604 -160.767448    53.372    64435.6    10834.4    34333.6    193.0    377.2    249.5 2021  8  1 13 43 17.330  2.03   1
     5467  55.208069 -160.671777    32.516    70526.7    11888.0    13477.0    195.9    412.2    542.5 2021  8  1 14 44 18.300  2.12   1
     5473  55.241813 -161.632454    14.817     9282.2    15644.6    -4222.1    174.6    232.6    296.0 2021  8  1 16 11 46.050  1.99   1
     5475  55.259985 -161.285107    32.913    31408.2    17667.6    13874.6    211.7    316.2    316.7 2021  8  1 20  1 48.880  1.63   1
     5477  54.894661 -162.345117    12.933   -36285.5   -23001.9    -6105.7    659.7    547.0    475.3 2021  8  1 20 37 39.240  1.51   1
     5478  55.305225 -161.070605    39.790    45047.8    22703.9    20751.0    219.5    249.0    313.4 2021  8  1 21 35 39.880  1.58   1
     5483  55.178528 -161.033919    33.760    47458.6     8599.4    14721.0    203.0    464.9    420.7 2021  8  2  4 48 30.770  1.69   1
     5486  55.433687 -161.298372    49.778    30496.8    37005.0    30739.3    231.8    330.6    228.8 2021  8  2  5 24 22.090  1.20   1
      549  55.333647 -161.722982     5.269     3509.7    25868.0   -13769.8    190.6    165.0    274.2 2021  1 18 14 24 49.090  1.81   1
     5492  55.308842 -160.899430    33.449    55943.9    23106.6    14410.6    185.3    167.2    383.4 2021  8  2  7 16  7.250  1.51   1
     5493  54.526086 -161.148568    13.286    40473.4   -64033.4    -5752.7    183.2    191.4    156.1 2021  8  2  8  0 10.500  1.84   1
     5495  54.328479 -162.717920     9.578   -60565.2   -86032.0    -9460.8    639.1    364.5    383.7 2021  8  2 13 21 17.330  1.85   1
     5496  55.079020 -161.652425    15.556     8025.9    -2478.3    -3482.8    281.0    265.4    378.7 2021  8  2 13 24 15.170  1.43   1
       55  54.545618 -161.528890    10.569    16019.1   -61859.1    -8469.9    281.9    227.2    254.9 2021  1  2 19 13 26.520  2.55   1
     5503  55.060567 -161.814583    17.626    -2328.4    -4532.5    -1412.8    244.6    212.2    272.5 2021  8  2 19 47 22.560  0.80   1
     5505  55.054207 -161.597249    13.317    11552.5    -5240.5    -5722.0    226.0    199.8    247.7 2021  8  2 21 57 27.480  0.90   1
     5506  55.175346 -161.960384    26.534   -11623.3     8245.2     7495.2    258.1    295.5    299.9 2021  8  2 21 57 45.960  1.12   1
     5509  54.822038 -161.137549    52.638    41031.5   -31086.8    33599.5    100.6    112.6    150.6 2021  8  3  3 28 18.770  2.01   1
     5510  55.304948 -161.955062    37.642   -11265.6    22673.1    18603.4    500.1    591.9    229.7 2021  8  3  3 44 48.540  0.89   1
     5515  55.227421 -161.040837    47.534    46988.8    14042.4    28494.9    172.2    371.4    234.0 2021  8  3  7 40  8.620  1.98   1
      552  55.209644 -161.366195    21.279    26258.9    12063.3     2239.6    252.2    323.1    350.9 2021  1 18 20  8 17.180  1.02   1
     5520  54.951717 -162.244613     4.676   -29832.4   -16650.2   -14362.7    127.2    112.9    154.3 2021  8  3 16 43 38.770  1.54   1
     5522  54.922233 -162.227197     3.919   -28729.2   -19932.5   -15120.0    126.2     96.6    144.3 2021  8  3 16 50  6.570  2.06   1
     5528  55.319462 -161.659473     6.906     7553.2    24288.9   -12132.7     83.2    141.7    188.3 2021  8  3 18 43 42.120  0.10   1
     5530  55.331783 -160.837777    11.797    59852.1    25660.5    -7242.3    179.1    694.6    312.3 2021  8  3 20  5 33.200  1.62   1
     5532  55.364392 -161.230745    81.254    34825.9    29290.7    62214.6    412.3    652.4    315.3 2021  8  3 21 30 14.100  1.92   1
     5535  55.267489 -161.613981    33.280    10456.0    18502.9    14240.8    315.7    327.8    249.8 2021  8  3 23 31 43.720  1.79   1
     5536  55.225069 -162.187256    15.192   -26075.5    13780.6    -3846.9    325.9    330.9    326.3 2021  8  3 23 32 22.520  1.77   1
     5540  55.258549 -161.843766    12.728    -4181.8    17507.7    -6311.2    189.7    120.8    139.5 2021  8  4  5 21 40.130  0.63   1
     5543  55.043636 -161.396875    23.066    24353.5    -6417.4     4027.4    285.9    321.9    124.6 2021  8  4  7 21 45.230  2.03   1
     5547  54.395793 -162.006885    14.398   -14730.3   -78538.4    -4640.5    422.0    200.1    222.7 2021  8  4 10 26 47.930  2.10   1
     5548  55.680876 -162.076855     2.045   -18930.7    64523.1   -16994.0    544.3    378.8    433.4 2021  8  4 11  5 27.830  1.82   1
     5552  55.498954 -161.358008    20.618    26684.0    44270.8     1579.0    493.9    633.5    353.4 2021  8  4 14 48  7.490  1.77   1
     5558  55.005249 -162.264795     2.533   -31102.4   -10690.8   -16505.7    148.4    134.7    169.5 2021  8  5  0 36 31.640  1.16   1
     5559  55.488578 -162.099821    21.364   -20435.4    43115.7     2325.5    394.7    465.3    376.8 2021  8  5  1 46 48.260  1.57   1
      556  55.170874 -161.036100    13.467    47324.0     7747.3    -5572.0    294.9    446.0    439.9 2021  1 18 22  2 51.800  1.01   1
     5560  55.138896 -161.410189    30.636    23475.2     4187.4    11597.4    197.1    250.3    381.8 2021  8  5  3 54 50.840  1.24   1
     5562  55.050146 -161.231266    26.705    34929.4    -5692.6     7666.6    287.4    420.7    673.6 2021  8  5  7 16  1.430  1.95   1
     5574  54.828019 -162.520589    88.415   -47554.3   -30420.9    69376.6    313.3    212.3    131.9 2021  8  5  9 47  1.370  1.84   1
     5578  55.501062 -161.668245    23.977     6978.9    44505.4     4937.8    207.5    200.7    155.7 2021  8  5 12 19 40.770  0.49   1
     5587  55.353833 -161.882129    17.713    -6617.9    28115.2    -1325.6    415.4    520.8    409.2 2021  8  5 15 46  8.370  0.69   1
     5591  55.034021 -161.423063    27.993    22683.4    -7487.8     8954.1    209.2    228.1    411.9 2021  8  5 16 27 42.350  1.20   1
     5592  55.332658 -161.948226     8.576   -10826.6    25757.9   -10462.5    329.9    207.3    378.4 2021  8  5 16 28 16.720  1.25   1
     5595  55.450448 -162.169808    21.952   -24893.1    38870.8     2913.4    399.9    535.7    425.9 2021  8  5 17  5 19.920  0.75   1
     5604  55.085103 -161.665055    16.763     7218.9    -1801.1    -2275.8    308.3    524.7    336.2 2021  8  5 21 24  9.780  1.36   1
     5605  55.296330 -160.995671    56.360    49824.4    21713.7    37321.4    222.5    431.6    263.7 2021  8  5 21 43 37.560  1.71   1
     5609  54.928703 -162.201302     0.772   -27070.4   -19212.3   -18267.1    101.0    108.8     99.1 2021  8  5 23 12 11.760  1.67   1
     5612  54.945512 -162.390446    15.879   -39161.6   -17341.0    -3159.8    200.5    174.2    291.1 2021  8  5 23 26 36.760  2.19   1
     5613  54.904142 -162.252930     5.345   -30382.2   -21946.5   -13693.9    167.5    121.3    189.0 2021  8  5 23 47  8.560  0.29   1
     5615  55.399605 -161.301237    34.596    30327.6    33210.8    15557.5    224.0    607.8    312.7 2021  8  5 23 56 16.800  1.24   1
     5618  55.216353 -161.469531    27.204    19670.0    12810.3     8164.7    227.6    209.7    275.9 2021  8  6  1  9  9.680  1.19   1
     5619  55.304024 -161.634066     9.330     9172.4    22570.2    -9708.7    184.5    312.0    415.0 2021  8  6  3  7 29.530  0.34   1
     5621  55.355579 -161.952116    17.266   -11071.0    28309.5    -1772.7    332.4    303.1    291.0 2021  8  6  3 37 43.900  0.94   1
     5627  55.197042 -161.826302     7.698    -3071.6    10660.5   -11340.6    194.3    256.6    193.1 2021  8  6  6 10 52.460  0.71   1
     5628  55.278654 -161.394141    27.492    24456.4    19745.9     8453.1    198.2    310.8    453.3 2021  8  6  7 53 33.740  1.77   1
     5629  55.168693 -161.355192    17.870    26974.1     7504.5    -1168.4    276.9    426.1    477.8 2021  8  6  7 54  4.800  1.67   1
     5630  55.152775 -162.304688    23.853   -33590.1     5732.5     4813.9    307.8    576.9    447.4 2021  8  6  9 10 41.980  0.97   1
     5640  55.003158 -161.293050    36.015    31001.2   -10923.6    16976.5    234.0    380.9    293.6 2021  8  6 12 42 25.430  1.21   1
     5641  54.896928 -161.336019    16.954    28292.4   -22749.6    -2084.5    254.0    314.1    256.9 2021  8  6 12 42 45.170  1.59   1
     5642  54.445549 -161.453662    11.128    20880.0   -72999.3    -7911.3    297.1    247.8    264.1 2021  8  6 13 43 21.530  1.07   1
     5643  55.016683 -160.395150     9.188    88371.4    -9417.9    -9850.4    275.1    443.4    270.6 2021  8  6 13 50 26.060  2.88   1
     5644  54.955001 -160.502262     9.098    81589.5   -16284.7    -9941.0    267.7    425.9    263.1 2021  8  6 14  4 34.230  1.62   1
     5645  55.021065 -161.323324    12.993    29060.0    -8930.1    -6046.0    241.3    253.7    331.0 2021  8  6 14  4 49.410  1.51   1
     5647  54.362162 -161.480729    11.260    19157.8   -82282.2    -7778.8    384.3    302.4    285.8 2021  8  6 14 31 16.580  1.39   1
     5652  54.939730 -162.183447     2.373   -25924.7   -17984.7   -16665.5    148.8    101.3    156.4 2021  8  6 16 18 20.580  1.02   1
     5657  54.542106 -161.272510    14.427    32498.9   -62250.1    -4611.7    331.2    297.4    353.5 2021  8  6 17 10  3.080  1.23   1
     5660  55.375537 -161.884977    23.578    -6797.3    30531.4     4539.6    498.7    602.0    353.0 2021  8  6 18  1  3.520  0.04   1
     5665  54.936422 -162.211686     3.051   -27732.0   -18353.0   -15988.4    145.1     81.2    198.9 2021  8  6 22 33 35.060  1.43   1
     5667  54.790910 -162.399609    15.191   -39823.9   -34552.1    -3848.0    209.4    165.7    449.5 2021  8  6 23  7 12.960  0.90   1
     5670  55.262349 -161.888135     8.053    -7008.1    17930.8   -10985.8    279.5    270.4    544.9 2021  8  7  0 40  1.680  0.43   1
     5671  55.453044 -161.903499    27.615    -7967.8    39159.8     8576.6    149.1    323.8    190.1 2021  8  7  1 15 34.050  0.65   1
     5673  55.164046 -160.945638    35.189    53098.0     6987.2    16149.9    169.0    436.7    427.9 2021  8  7  3 58  6.720  1.71   1
     5682  54.580107 -162.106608    56.306   -21103.7   -58019.7    37267.4    289.4    145.3    221.6 2021  8  7  9 13 34.180  1.61   1
     5683  55.289771 -161.967448    28.054   -12056.5    20983.5     9015.2    321.7    244.2    240.1 2021  8  7 10  3 15.400  0.68   1
     5684  54.491581 -162.320866    58.203   -34906.9   -67874.7    39164.4    378.6    140.7    172.0 2021  8  7 11 35 23.460  1.60   1
     5691  55.239526 -162.393278    21.186   -39198.9    15390.0     2147.5    388.8    365.8    331.9 2021  8  7 15  2 41.800  1.74   1
     5692  55.330713 -161.116309    17.714    42124.4    25541.4    -1325.2    311.6    468.6    801.6 2021  8  7 16 50  3.040  1.29   1
     5693  55.372941 -161.860124    16.507    -5216.4    30242.4    -2531.6    521.8    298.5    265.2 2021  8  7 16 50 36.610  0.93   1
     5695  54.996973 -162.324561     3.831   -34925.5   -11612.2   -15207.5    185.2    157.3    140.7 2021  8  7 22 30 42.160  0.52   1
     5697  55.201522 -161.683219    40.486     6050.5    11159.2    21447.2    400.6    412.7    274.2 2021  8  7 23 21 41.940  0.80   1
      570  55.171053 -161.894255    30.075    -7406.4     7767.3    11036.0    287.0    316.7    338.2 2021  1 19  2 32 13.050  1.47   1
     5706  55.427722 -161.723975    10.791     3442.5    36340.9    -8247.7    185.2    367.4    219.9 2021  8  8 18 49 55.400  0.46   1
     5721  55.272180 -161.872021    18.496    -5980.9    19025.2     -542.8    541.4    346.5    320.7 2021  8  9  8 31 56.940  0.66   1
     5724  55.078337 -162.407845    15.692   -40207.9    -2554.4    -3346.9    277.2    211.9    344.0 2021  8  9  9 45 44.230  1.44   1
     5729  54.703707 -161.626904    84.439     9700.5   -44259.9    65399.9    372.8    263.8    243.0 2021  8  9 11 29 55.190  2.54   1
      573  55.184208 -161.344417    12.929    27655.9     9231.8    -6110.2    355.4    437.0    539.2 2021  1 19  2 41 36.710  0.97   1
     5730  54.956873 -162.243359     2.787   -29750.3   -16076.3   -16251.5    139.5    134.6    160.1 2021  8  9 12 56 49.430  1.54   1
     5738  55.254085 -161.240527    28.861    34250.7    17010.8     9821.8    191.5    321.2    361.1 2021  8  9 14 51  9.250  1.57   1
     5740  55.322473 -160.616178    44.912    73965.2    24624.1    25872.7    167.2    284.8    275.3 2021  8  9 14 55  5.430  1.96   1
     5745  54.834562 -162.415446    15.824   -40816.6   -29692.5    -3215.1    298.9    204.1    762.0 2021  8  9 18 33 46.560  1.50   1
     5749  54.998311 -161.354997    30.866    27043.8   -11463.1    11827.0    262.7    387.0    506.3 2021  8 10  3 51 54.600  1.96   1
     5750  55.351241 -160.598828    40.914    75042.6    27826.6    21875.0    242.1    412.0    461.1 2021  8 10  6  4 45.990  1.79   1
     5754  55.381759 -161.777604     1.468       33.1    31224.0   -17571.0    168.8    184.6    230.7 2021  8 10  7 36  0.510 -0.55   1
     5757  55.395190 -161.809961     5.254    -2024.7    32719.3   -13784.5    269.5    200.8    306.9 2021  8 10 10 56 14.690  0.52   1
     5758  55.711755 -161.509749    37.139    17000.5    67960.8    18099.8    402.8    228.1    559.0 2021  8 10 13 52 46.540  1.57   1
     5760  55.270308 -160.877555    31.933    57364.3    18816.8    12894.6    145.5    303.6    375.7 2021  8 10 19 25 15.400  1.54   1
     5761  55.223112 -161.826188     8.735    -3063.3    13562.7   -10303.5    320.0    222.9    445.0 2021  8 10 19 25 57.920  1.57   1
     5763  54.878735 -161.798682    30.150    -1315.8   -24774.9    11111.2    496.8    378.1    592.4 2021  8 10 21 16 38.560  2.47   1
     5764  54.969096 -161.809196     5.011    -1986.6   -14715.6   -14028.2    265.1    259.2    228.2 2021  8 10 21 16 43.800  2.18   1
     5773  55.265002 -161.011019    51.479    48866.2    18226.2    32439.9    147.8    356.8    191.7 2021  8 11  5 31 28.350  1.79   1
     5774  55.160274 -161.834163    15.561    -3574.4     6567.3    -3478.2    359.2    391.4    191.6 2021  8 11  5 32  9.070  1.22   1
     5776  55.226038 -160.779020    55.122    63676.0    13888.4    36083.6    161.7    310.4    231.2 2021  8 11  5 46 44.440  2.31   1
     5780  55.259208 -161.974512    11.852   -12511.1    17581.1    -7187.1    527.4    170.1    327.9 2021  8 11  5 52 18.960  1.65   1
     5783  54.995007 -161.501351    32.541    17690.5   -11831.0    13502.4    200.3    163.9    295.9 2021  8 11  6 53 51.870  1.66   1
     5786  55.134330 -160.525684    54.984    79913.2     3679.1    35945.4    122.8    280.8    205.2 2021  8 11  8 15 45.230  2.55   1
     5796  55.237309 -161.653190    16.532     7961.4    15143.2    -2507.2    177.0    187.6    180.0 2021  8 11 12 59  9.760  1.71   1
     5804  55.288005 -161.943066     8.522   -10504.1    20786.9   -10516.9    402.3    319.4    376.8 2021  8 11 17 57 41.760  1.03   1
     5806  55.243018 -161.732747    16.913     2891.4    15778.7    -2126.2    332.3    236.0    237.5 2021  8 11 18 51 11.440  0.65   1
     5808  55.169482 -161.604150     3.616    11095.8     7592.4   -15423.4    357.6    409.7    525.3 2021  8 11 19 28 41.400  1.55   1
     5809  54.673397 -161.624805    18.978     9838.9   -47634.2      -60.7    351.1    277.2    570.5 2021  8 11 20 39 50.860  1.29   1
     5814  55.049613 -162.282861     1.764   -32239.2    -5752.0   -17274.7    160.3    123.3    133.3 2021  8 12  2 55 20.360  1.43   1
     5817  55.026400 -162.446631     5.215   -42712.0    -8336.2   -13824.3    167.0    204.0    267.3 2021  8 12  3 14 53.090  1.18   1
     5818  55.046712 -162.317936     4.520   -34480.8    -6074.9   -14518.6    182.1    132.8    204.5 2021  8 12  3 15  9.930  1.24   1
     5821  54.621692 -161.333317    11.079    28562.4   -53390.2    -7959.7    204.9    169.9    191.7 2021  8 12  4 52 38.690  2.44   1
     5824  54.896822 -162.188281     0.389   -26247.8   -22761.4   -18650.4    102.6    105.0     87.6 2021  8 12  5 15  7.380  0.70   1
     5826  55.228792 -161.439827    21.386    21560.0    14195.1     2347.4    170.5    293.3    280.2 2021  8 12  8 52 12.690  1.45   1
     5828  55.243953 -160.820752    39.174    61002.6    15882.9    20134.7    163.6    326.2    315.9 2021  8 12  9 55  3.590  2.53   1
     5833  55.033171 -161.395052    17.294    24473.1    -7582.5    -1745.1    208.3    393.0    744.6 2021  8 12 10 28 46.860  2.41   1
     5837  55.387850 -161.618229     9.609    10170.0    31902.1    -9430.0    181.6    283.5    256.5 2021  8 12 11 12 27.940  0.56   1
     5845  55.162781 -162.622949    56.904   -53885.7     6846.4    37865.6    413.1    466.8    383.6 2021  8 12 16  4 55.830  1.53   1
     5850  55.243937 -160.741992    66.283    66021.1    15881.1    47244.5    131.5    256.0    139.4 2021  8 12 20 45 42.400  1.92   1
     5851  55.183427 -161.515462    22.878    16749.2     9144.8     3839.4    236.8    260.1    261.6 2021  8 12 20 46 11.920  2.14   1
     5852  55.074650 -162.337516    35.182   -35719.0    -2964.8    16143.6    411.2    399.2    270.6 2021  8 12 21 15  8.960  1.41   1
     5854  55.213570 -161.818197     7.749    -2554.3    12500.5   -11290.2    268.7    263.3    361.3 2021  8 12 21 17 11.360  0.95   1
     5856  54.855090 -161.276823    28.477    32097.3   -27407.2     9438.0    158.6    162.3    447.8 2021  8 12 21 50 11.600  1.90   1
     5857  55.261776 -161.138867    33.268    40723.6    17866.9    14228.7    152.8    293.1    229.9 2021  8 12 22  1 24.060  1.73   1
     5858  55.215344 -162.280729    14.453   -32036.8    12698.0    -4585.9    387.7    137.9    254.6 2021  8 12 22  2  6.280  1.16   1
     5863  55.333972 -161.822233    28.478    -2807.4    25904.2     9439.0    360.2    282.4    182.3 2021  8 12 23 16  3.040  0.54   1
     5866  55.235364 -161.087288    30.432    44024.0    14926.6    11393.2    289.5    953.1    814.0 2021  8 13  0 53  1.730  1.50   1
     5876  55.282479 -160.961735    45.263    51994.3    20171.7    26224.0    112.6    290.1    193.8 2021  8 13  6  3 21.350  1.49   1
      588  55.043844 -161.724805    23.881     3406.0    -6394.3     4841.8    228.9    255.7    280.1 2021  1 19  8 11 12.470  1.43   1
     5880  54.624801 -163.389811    12.128  -103487.1   -53044.1    -6910.9    232.0    289.2    251.5 2021  8 13  8 12 39.920  1.33   1
     5881  55.431527 -162.127507    21.170   -22210.0    36764.4     2131.3    353.3    331.6    368.0 2021  8 13 10 49 39.510  1.17   1
     5884  54.574105 -161.449886    10.641    21089.6   -58687.8    -8397.6    182.7    169.0    226.6 2021  8 13 12 10 26.830  2.09   1
     5888  55.212020 -162.127002    10.443   -22238.9    12327.9    -8596.3    244.4    112.1    334.9 2021  8 13 13 54 17.250  0.54   1
     5889  55.170703 -161.753369    18.912     1578.9     7728.3     -126.5    451.1    200.6    238.6 2021  8 13 14 21 44.790  0.77   1
     5893  54.620243 -161.281852    30.047    31867.7   -53551.5    11008.0    218.5    220.7    600.6 2021  8 13 16  7  1.830  1.20   1
     5896  55.365613 -161.604818    57.599    11026.1    29426.6    38560.5    513.0    484.3    200.3 2021  8 13 17 29 12.560  1.98   1
     5897  55.167240 -161.594336    23.081    11722.0     7342.8     4042.1    361.5    506.0    903.6 2021  8 13 17 29 48.240  2.05   1
     5898  54.860140 -162.693294    31.894   -58592.6   -26845.0    12854.9    221.6    210.1    354.3 2021  8 13 17 33 51.380  1.56   1
     5901  55.450704 -161.883252    25.078    -6681.3    38899.3     6039.2    291.1    339.6    212.9 2021  8 13 18 51 23.200  0.47   1
     5906  54.548035 -162.493848    34.143   -46000.4   -61590.1    15104.3    474.9    262.0    550.9 2021  8 13 21 19 52.440  0.99   1
     5908  54.785604 -160.963802    32.252    52184.2   -35142.7    13213.4    335.1    365.1    945.5 2021  8 13 22 18 20.100  1.42   1
     5918  55.522262 -161.129053    55.874    41214.2    46865.5    36835.0    327.4    529.1    332.7 2021  8 14  2 45 28.360  1.05   1
     5921  55.237744 -161.404801    17.260    23789.6    15191.6    -1778.6    229.9    403.7    446.2 2021  8 14  3 31 19.160  0.72   1
     5922  54.914437 -162.796501    11.507   -65156.4   -20800.5    -7532.1    190.5    289.2    359.1 2021  8 14  4 20 29.180  0.92   1
     5924  54.962854 -162.698584     3.929   -58856.2   -15410.4   -15109.4    205.1    273.9    319.4 2021  8 14  4 21 31.600  0.91   1
     5929  54.902954 -161.587728    75.876    12183.5   -22078.8    56836.8    186.3    150.3     73.0 2021  8 14  8 43  6.550  1.12   1
     5932  55.400346 -161.982894    16.379   -13022.1    33293.2    -2659.9    530.5    397.8    367.9 2021  8 14 10 37 55.350  0.63   1
     5934  55.435681 -161.072510    50.402    44853.2    37226.9    31363.0    222.6    350.1    257.6 2021  8 14 10 55 26.030  1.18   1
     5935  55.278247 -160.808024    61.848    61787.1    19700.6    42808.9    185.0    354.5    201.0 2021  8 14 11 58  9.290  4.54   1
     5937  55.322518 -161.629150    25.887     9483.2    24629.0     6848.0    419.6    589.7    495.6 2021  8 14 12 15 28.860  2.42   1
     5939  55.015967 -163.479020    23.631  -108687.3    -9497.7     4592.2    592.0   1170.3    656.8 2021  8 14 12 22 30.090  3.25   1
      594  54.594096 -161.198730    27.902    37217.3   -56462.3     8863.2    206.8    168.0    824.0 2021  1 19  9 39 34.210  3.00   1
     5940  55.335164 -161.554460    34.642    14235.4    26036.9    15602.6    368.6    491.3    330.9 2021  8 14 12 35 26.600  1.87   1
     5943  55.280497 -160.855680    44.584    58750.2    19951.1    25545.2    171.1    320.4    269.0 2021  8 14 13  0 12.500  1.82   1
     5944  55.299744 -161.216602    54.139    35754.6    22093.7    35099.9    252.0    422.9    224.6 2021  8 14 13  7  7.690  2.47   1
     5945  55.017301 -161.216406    33.980    35893.3    -9349.1    14940.6    233.6    295.7    453.1 2021  8 14 13 12 17.880  1.42   1
     5947  55.110120 -161.557471    19.499    14083.3      983.9      460.5    237.4    328.5    372.2 2021  8 14 13 45 22.540  1.24   1
     5950  55.107723 -161.398617    30.189    24222.9      717.1    11150.3    357.1    384.6    595.9 2021  8 14 14 21 27.600  1.46   1
     5951  55.272807 -161.772135    16.964      381.5    19095.0    -2074.8    325.7    307.0    271.7 2021  8 14 14 22  2.170  1.15   1
     5952  55.252828 -160.755241    41.047    65169.7    16870.8    22008.0    119.8    429.4    201.6 2021  8 14 14 34 20.330  1.45   1
     5954  55.297331 -161.287874    42.074    31217.3    21825.1    23034.9    234.7    512.0    254.0 2021  8 14 14 55 32.730  1.92   1
     5956  55.273018 -161.390869    24.585    24666.5    19118.5     5546.3    267.0    370.4    222.9 2021  8 14 15 11 32.050  1.05   1
     5962  55.432084 -161.974658    15.242   -12493.4    36826.5    -3797.0    404.3    349.6    622.3 2021  8 14 16 55 51.490  1.10   1
     5965  55.188253 -161.034456    35.246    47418.6     9682.0    16207.0    209.9    330.6    329.3 2021  8 14 17  2 13.420  1.39   1
     5966  55.432088 -161.990983    11.276   -13531.2    36826.9    -7762.4    307.7    345.0    251.9 2021  8 14 17  2 53.600  1.18   1
     5967  55.133390 -160.820378    12.720    61110.7     3574.5    -6318.7    179.0    457.7    298.4 2021  8 14 17 33 48.840  1.61   1
      597  54.990381 -162.269954    12.538   -31437.9   -12346.0    -6501.1    312.8    276.2    278.2 2021  1 19 12 27 58.890  1.09   1
     5970  54.665951 -162.332601    48.884   -35585.1   -48463.1    29845.1    278.6    150.5    172.9 2021  8 14 17 47  2.480  0.80   1
     5971  55.207947 -161.657129    39.389     7713.2    11874.5    20350.4    387.5    273.3    244.3 2021  8 14 17 58 16.060  1.32   1
     5972  55.195679 -162.268506    36.828   -31265.3    10508.7    17789.5    428.9    341.3    345.0 2021  8 14 18  7  2.960  1.02   1
     5976  55.082056 -161.669320    14.501     6947.0    -2140.3    -4538.2    190.3    279.4    447.2 2021  8 14 18 38 46.520  1.17   1
     5977  55.401302 -161.621289     2.467     9973.7    33399.7   -16572.2    150.4    288.1    199.7 2021  8 14 18 38 48.080  0.94   1
     5978  55.526082 -161.117204    58.669    41964.6    47290.8    39630.2    585.5    894.5    752.2 2021  8 14 18 39  8.140  1.95   1
     5979  55.243437 -160.869352    34.537    57906.2    15825.4    15498.3    207.4    339.4    441.3 2021  8 14 18 45  6.340  2.34   1
     5982  54.878743 -163.470345    24.280  -108317.4   -24774.0     5240.6    428.6    792.3    469.6 2021  8 14 19 39 23.160  1.77   1
     5983  55.344633 -161.764535    19.150      864.9    27091.0      111.6    651.3    754.3    484.7 2021  8 14 19 39 34.600  1.61   1
     5987  54.773783 -161.909717     1.822    -8434.0   -36458.7   -17216.6    374.8    129.0    140.2 2021  8 14 20 56 42.800  1.28   1
     5988  55.297921 -162.221354    24.823   -28223.0    21890.8     5783.7    298.0    447.1    338.4 2021  8 14 23 59 53.360  0.82   1
      599  55.110311 -162.203109    14.250   -27124.6     1005.2    -4788.7    282.7    185.9    185.4 2021  1 19 14 19 31.300  0.72   1
     5991  54.897884 -160.719515    12.195    67744.5   -22643.2    -6843.5    407.6    622.5    454.4 2021  8 15  0 29 46.160  1.29   1
     5994  55.224569 -161.673145    24.283     6690.8    13724.9     5244.0    449.2    284.0    288.8 2021  8 15  2 32 36.430  1.08   1
     5998  54.802458 -160.863753    32.561    58583.4   -33266.5    13521.8    261.4    298.4    705.7 2021  8 15  7  9 35.250  2.06   1
        6  54.608036 -161.336003    13.937    28394.8   -54910.4    -5102.1    196.4    195.8    145.8 2021  1  1 11 56 44.770  1.91   1
     6000  54.967196 -161.399251    32.575    24224.7   -14927.1    13536.0    385.5    403.5    623.5 2021  8 15  7 58 40.300  1.46   1
     6003  55.264758 -161.379736    32.602    25378.2    18199.0    13563.1    371.5    459.4    734.9 2021  8 15  9  9 15.240  1.26   1
     6006  55.256002 -160.877946    39.827    57349.7    17224.2    20787.6    179.1    648.2    277.5 2021  8 15 11 22 17.540  1.43   1
     6011  55.235148 -161.125244     1.132    41605.3    14902.6   -17906.9    206.3    315.4    227.8 2021  8 15 11 59  9.380  1.15   1
     6013  54.982381 -161.599788    37.009    11400.5   -13236.6    17970.4    329.5    257.5    375.1 2021  8 15 12 18 40.120  1.17   1
     6014  55.245414 -160.642594    32.862    72353.3    16045.5    13823.3    318.7    577.4    898.2 2021  8 15 12 19  4.750  2.25   1
     6016  55.270414 -160.633333    13.886    72920.6    18828.6    -5152.7    203.9    484.5    246.1 2021  8 15 12 57 21.280  1.14   1
     6019  54.609257 -161.234326    11.397    34924.3   -54774.5    -7642.3    170.8    151.9    173.4 2021  8 15 15 14 16.690  1.29   1
     6022  55.430017 -161.516895    23.272    16606.6    36596.4     4233.1    368.7    386.7    439.1 2021  8 15 17 47 31.780  1.38   1
     6023  54.584058 -161.990430    30.771   -13639.0   -57579.8    11731.8    552.1    206.5    610.3 2021  8 15 19 18 24.160  2.10   1
     6024  55.161804 -161.110368    38.953    42592.3     6737.6    19914.2    297.8    371.0    436.6 2021  8 15 19 45 13.080  1.18   1
     6026  55.091052 -161.234001    32.975    34737.1    -1138.8    13936.2    218.6    349.8    397.7 2021  8 15 22 19 31.480  1.63   1
     6029  54.954134 -162.237484     2.075   -29375.6   -16381.2   -16963.5    115.9    106.9    153.5 2021  8 16  0 40 22.930  0.65   1
     6032  55.165389 -160.998828    12.637    49704.5     7136.7    -6402.1    232.6    477.1    414.2 2021  8 16  1 47 33.550  1.88   1
     6035  55.332723 -161.744971     5.905     2110.2    25765.1   -13133.5    157.3    118.2    154.9 2021  8 16  3 16 43.670  0.09   1
     6038  55.343567 -161.803662     1.889    -1625.2    26972.3   -17149.4    201.0    161.7    226.4 2021  8 16  4 12 55.890 -0.47   1
     6039  55.188900 -161.862972    11.083    -5410.1     9754.0    -7955.9    298.5    373.5    154.4 2021  8 16  4 47 56.940  0.45   1
      604  55.094397 -161.726676    10.100     3284.4     -766.4    -8938.6    275.4    148.4    299.4 2021  1 19 18 37 51.200  0.44   1
     6040  54.572290 -162.443962    34.269   -42781.4   -58889.8    15229.9    601.5    263.6    510.5 2021  8 16  4 53 28.460  1.81   1
     6041  55.311731 -161.941097    25.766   -10375.6    23428.2     6726.7    619.6    464.4    300.7 2021  8 16  8  5 52.420  0.78   1
     6043  55.435929 -161.729639    15.251     3082.1    37254.5    -3787.9    207.5    215.1    164.7 2021  8 16  8 48 57.480  0.32   1
     6044  54.375505 -162.197054    39.285   -26982.3   -80796.9    20245.7    622.1    252.8    486.1 2021  8 16  9 56  3.240  1.91   1
     6046  55.309066 -161.342399    40.531    27741.3    23131.5    21492.6    190.3    337.4    221.3 2021  8 16 12 20 16.890  1.90   1
     6047  55.303125 -161.710368     4.839     4314.2    22470.1   -14200.1    234.6    272.0    422.4 2021  8 16 12 56  9.530  0.26   1
     6049  55.108630 -161.664290     6.768     7265.7      818.1   -12270.9    175.1    230.9    866.2 2021  8 16 13  6 36.010  0.70   1
      605  54.992448 -161.486702    13.500    18627.4   -12115.9    -5538.9    283.3    182.8    216.2 2021  1 19 21 57 11.960  1.26   1
     6050  55.212122 -161.825488     2.552    -3019.1    12339.2   -16487.1    307.9    170.6    277.9 2021  8 16 13  7 23.760  0.34   1
     6051  54.961511 -162.944922     0.779   -74608.9   -15559.9   -18259.5    194.6    314.0    171.9 2021  8 16 15 39 16.110  1.69   1
     6054  55.629850 -161.152913    19.330    39645.5    58842.7      291.3    388.8    488.4    456.1 2021  8 17  0 22 46.400  2.23   1
     6058  55.206071 -161.896370    56.994    -7538.0    11665.6    37955.6    937.7    473.3    196.7 2021  8 17  9 14 20.080  1.42   1
     6059  54.983744 -161.516618    16.571    16717.0   -13084.8    -2467.5    355.1    277.9    659.5 2021  8 17  9 14 23.190  1.42   1
      606  55.122766 -161.723747     4.921     3470.2     2391.7   -14117.9    215.4    216.9    345.0 2021  1 19 21 57 33.120  1.18   1
     6061  55.290723 -161.426074    25.483    22419.1    21089.5     6444.2    226.7    314.4    518.7 2021  8 17  9 49 28.980  1.50   1
     6062  55.309330 -161.073307    30.813    44873.4    23160.9    11774.4    312.7    588.9    658.9 2021  8 17  9 49 52.190  1.38   1
     6063  55.305160 -161.446761    19.412    21098.0    22696.6      372.7    230.4    383.8    333.3 2021  8 17 11 24 55.960  0.89   1
     6070  55.457117 -161.734033     4.903     2802.0    39613.2   -14135.9    246.1    265.4    354.9 2021  8 18  4 35  6.640  0.91   1
     6073  54.962708 -162.709408     3.818   -59548.4   -15426.7   -15221.1    182.9    283.5    311.7 2021  8 18  4 58 45.360  1.42   1
     6074  55.269865 -161.762321     2.885     1006.7    18767.5   -16153.5    185.0    165.0    203.1 2021  8 18  4 59  5.810  1.67   1
     6077  55.363200 -161.785921    39.480     -496.0    29158.0    20440.9    572.0    527.4    229.8 2021  8 18  9 43 43.220  1.72   1
      608  55.110254 -162.186117    12.995   -26040.1      998.8    -6043.6    436.5    433.0    315.8 2021  1 19 23 43  6.180  0.87   1
     6087  55.302865 -161.768831    29.981      591.7    22441.1    10941.7    313.6    365.0    210.4 2021  8 18 17 49 52.000  1.05   1
     6088  55.460201 -161.790462     2.991     -784.0    39956.6   -16047.8    302.4    301.7    354.2 2021  8 18 17 56 50.020  0.49   1
     6091  55.239958 -162.117904    25.172   -21651.4    15438.1     6132.9    478.2    379.4    564.5 2021  8 18 18 16 42.680  0.79   1
     6093  54.989872 -161.565430    31.829    13595.6   -12402.6    12790.0    293.7    268.6    414.1 2021  8 18 18 22 18.880  1.85   1
     6096  55.160409 -160.731950    69.348    66730.5     6582.3    50309.3    221.5    506.1    282.7 2021  8 18 20  7 24.800  1.92   1
     6098  55.172465 -161.270817     1.183    32353.9     7924.5   -17856.3    197.6    238.8    210.5 2021  8 18 20 29 22.340  1.03   1
     6100  55.587919 -162.290853    19.696   -32529.9    54174.8      657.0    376.5    316.0    530.1 2021  8 18 21 22 29.440  1.30   1
     6104  54.814189 -161.158154    14.004    39715.5   -31960.6    -5034.6    252.9    257.8    321.7 2021  8 18 22 16 30.600  1.68   1
     6105  54.922152 -161.371305    67.026    26026.1   -19941.6    47986.8    340.8    297.7    296.5 2021  8 18 22 16 38.120  1.91   1
     6106  55.283993 -161.583138    28.009    12418.1    20340.2     8970.1    218.4    212.3    218.3 2021  8 18 22 27 51.880  0.99   1
     6112  54.988310 -160.226090    22.872    99209.2   -12576.6     3833.3    535.4    881.8    581.1 2021  8 19  2  9 58.910  1.71   1
     6113  55.599959 -161.382731    28.152    25081.9    55515.1     9112.9    293.5    317.4    565.3 2021  8 19  2 23  7.460  1.96   1
     6115  55.325574 -161.696794     1.905     5177.1    24969.2   -17133.6    213.0    154.2    176.7 2021  8 19  2 43 30.140  0.44   1
     6119  55.519210 -161.724544    35.064     3402.4    46525.7    16025.4    411.8    400.7    255.5 2021  8 19  3 34 54.970  0.98   1
      612  54.874825 -160.983675    21.228    50854.4   -25210.2     2189.3    395.1    464.4    402.2 2021  1 20  2  7  0.610  3.85   1
     6122  55.381836 -161.440381    19.129    21483.6    31232.6       89.7    202.1    324.4    319.6 2021  8 19  8  3 10.660  0.66   1
     6123  54.616003 -161.293555    23.909    31117.9   -54023.5     4869.9    225.8    187.0   2174.7 2021  8 19  8 46  3.640  1.64   1
     6126  55.248161 -162.014225     5.905   -15043.2    16351.3   -13133.9    325.2    271.9    409.9 2021  8 19 12 20 54.760  1.03   1
     6127  55.256205 -161.169873    65.117    38751.1    17246.8    46077.8    244.6    823.8    198.1 2021  8 19 12 27 29.090  1.29   1
     6132  54.717419 -162.687077    13.602   -58297.5   -42733.4    -5436.6    271.6    250.1    298.1 2021  8 19 18 29  4.820  0.96   1
     6134  55.127128 -161.842855    27.289    -4130.5     2877.3     8249.9    470.5    380.8    503.6 2021  8 19 18 32 30.120  1.17   1
     6141  55.210225 -161.742578    38.792     2266.0    12128.1    19752.7    386.0    242.3    203.0 2021  8 20  6 53 34.640  0.84   1
     6142  55.111344 -161.622705    43.274     9919.6     1120.2    24235.1    397.9    177.6    254.7 2021  8 20  6 57 34.520  0.79   1
     6143  54.935958 -162.226562     2.870   -28683.7   -18404.6   -16169.4     80.6    106.1    121.2 2021  8 20  9  2 35.480  1.53   1
     6148  55.043400 -161.269434    33.432    32494.3    -6443.7    14393.6    207.1    398.2    356.6 2021  8 20 10 47 22.590  1.18   1
     6149  54.870699 -162.667188    31.153   -56913.7   -25669.5    12113.9    276.4    256.6    306.8 2021  8 20 12 21 54.310  1.49   1
     6161  55.260229 -161.233252    33.069    34711.6    17694.8    14029.8    239.8    317.7    389.6 2021  8 20 23 49  5.240  1.51   1
     6164  55.253113 -161.168441    31.398    38843.9    16902.5    12358.9    175.3    285.2    315.7 2021  8 21  3 54 30.650  1.79   1
     6165  55.311190 -162.307780     4.848   -33720.6    23367.9   -14191.1    280.3    286.1    363.6 2021  8 21  3 55 10.900  2.65   1
     6167  55.312972 -160.440446    12.806    85161.8    23566.4    -6233.2    213.9    489.1    216.9 2021  8 21  8 45  2.920  1.71   1
     6168  54.918319 -162.203841    23.556   -27236.3   -20368.3     4517.0    371.7    275.5    273.5 2021  8 21  8 52 21.740  2.00   1
     6169  54.946257 -162.235465    17.914   -29249.4   -17258.1    -1124.4    171.2    168.0    188.2 2021  8 21  8 52 31.430  2.12   1
     6174  55.081083 -162.890072    16.498   -70995.9    -2248.6    -2540.9    292.6    580.2    623.4 2021  8 21 16 40 16.890  1.46   1
     6177  54.942692 -162.230941     6.222   -28961.3   -17654.9   -12817.2     84.5    134.0    135.6 2021  8 22  0  5 25.130  0.76   1
     6183  55.122510 -161.596012    19.879    11621.6     2363.2      840.0    249.3    436.7    279.9 2021  8 22  6 42 13.970  0.95   1
     6184  54.956283 -161.423258    21.498    22692.8   -16142.0     2459.5    331.6    430.2    335.3 2021  8 22  6 42 44.270  1.68   1
     6194  55.161259 -161.929997    21.294    -9687.1     6676.9     2254.8    460.9    199.7    250.3 2021  8 22 18 47 15.400  0.69   1
     6195  54.835156 -161.184668    31.443    38007.1   -29626.3    12404.2    269.0    230.2    561.1 2021  8 22 20 51 29.240  2.37   1
     6198  55.797506 -161.985286     1.066   -13108.7    77506.9   -17972.8    444.6    193.4    223.5 2021  8 23  7 18 58.980  2.02   1
     6199  55.404215 -161.449854    23.592    20875.2    33724.0     4552.9    309.2    544.6    344.4 2021  8 23  7 21 46.360  1.47   1
       62  54.935567 -161.415007    29.963    23226.5   -18448.1    10923.7    216.1    240.0    411.3 2021  1  2 21 33 59.180  1.62   1
     6202  55.320032 -161.879118    18.573    -6429.0    24352.3     -465.5    447.2    278.1    172.3 2021  8 23 12 22 34.930  0.35   1
     6203  55.464164 -161.875911    23.874    -6213.7    40397.8     4835.3    263.6    410.3    188.2 2021  8 23 13 15 22.840  1.01   1
     6204  54.914319 -162.208171     0.102   -27514.7   -20813.6   -18937.2    195.6    155.5    123.1 2021  8 23 15 37  9.380  2.04   1
     6206  54.614168 -161.400960    11.970    24221.1   -54227.8    -7069.1    235.3    200.3    202.3 2021  8 23 18  2 57.340  2.00   1
     6215  55.142643 -161.914030    16.398    -8670.6     4604.6    -2641.0    239.2    165.8    240.7 2021  8 24  0 52 39.680  0.58   1
     6216  54.916272 -162.218506     4.018   -28175.2   -20596.2   -15020.6    189.6    177.0    248.8 2021  8 24  0 59 41.460  1.01   1
     6227  54.528186 -163.363558    23.236  -101922.8   -63799.7     4197.3    499.1    536.3    484.3 2021  8 24 11 52 45.080  1.29   1
     6229  54.709497 -162.988542    16.863   -77640.1   -43615.3    -2175.6    255.7    213.2    692.9 2021  8 24 12 23 59.360  1.94   1
     6230  54.981726 -161.634294    23.057     9194.7   -13309.5     4018.3    317.4    277.3    318.2 2021  8 24 12 31 40.480  1.49   1
     6233  55.446444 -161.721436     7.317     3603.0    38425.0   -11722.0    175.4    301.2    319.7 2021  8 24 12 36 29.100  1.07   1
     6237  55.136385 -161.359766    15.116    26693.1     3907.9    -3922.9    177.4    265.8    569.6 2021  8 24 14 26  9.350  1.16   1
      624  55.165833 -161.413070    14.016    23283.6     7186.1    -5022.8    168.6    221.0    718.8 2021  1 21  5  1 58.740  1.91   1
     6242  54.681262 -161.723389    29.905     3512.2   -46758.5    10866.2    366.3    328.6    714.7 2021  8 24 17 29 38.940  1.18   1
     6247  55.277494 -161.988997    20.283   -13430.9    19616.8     1244.4    308.4    212.7    196.3 2021  8 24 20 27 24.000  1.52   1
     6259  55.463013 -161.733154    14.165     2857.6    40269.6    -4873.5    187.5    202.9    209.0 2021  8 25  2 11 30.510  1.02   1
     6260  55.336658 -161.706201    10.128     4577.6    26203.2    -8910.8    170.7    196.2    203.9 2021  8 25  2 17 46.410  0.57   1
     6264  55.247803 -161.853548    12.707    -4805.6    16311.4    -6332.2    310.0    193.6    239.9 2021  8 25  4  8  3.370 -0.43   1
     6265  55.012476 -161.668164     2.821     7026.8    -9886.3   -16218.0    160.4    355.0    194.8 2021  8 25  4 42 10.750  0.89   1
     6269  55.379065 -161.736882    21.186     2623.5    30924.1     2147.5    184.3    348.3    133.5 2021  8 25  5 34 12.550  0.27   1
     6277  55.542839 -162.184375     6.395   -25789.0    49156.2   -12644.2    334.0    343.3    443.9 2021  8 25  7 51 28.200  0.91   1
     6278  55.377523 -162.034635    66.011   -16317.2    30752.5    46972.5   1033.2    838.7    280.0 2021  8 25  7 59 50.300  1.36   1
     6281  55.439095 -161.886735    42.792    -6903.6    37607.0    23752.7    476.3    393.4    171.6 2021  8 25  8  9 20.870  1.27   1
     6282  55.384294 -161.873437    10.756    -6062.5    31506.2    -8282.8    254.2    216.9    163.2 2021  8 25  8 28 29.800  0.68   1
     6284  55.238135 -161.392546     1.641    24570.4    15235.1   -17398.4    159.1    249.6    228.9 2021  8 25  9 37 41.810  1.22   1
     6285  55.371606 -160.723828    13.348    67071.3    30093.8    -5690.5    245.0    660.9    375.6 2021  8 25  9 37 50.510  1.52   1
     6296  54.598604 -162.064274    14.725   -18379.7   -55960.4    -4313.8    267.0    130.5    626.7 2021  8 25 13 40  8.950  1.00   1
     6297  54.639083 -161.413395    14.456    23415.3   -51454.2    -4582.9    244.1    245.4    273.9 2021  8 25 14 46 33.870  1.16   1
     6298  55.347270 -162.213037    24.380   -27676.3    27384.5     5341.6    398.2    385.7    378.3 2021  8 25 15 59 54.160  0.71   1
     6299  55.330514 -161.728483    11.591     3159.7    25519.2    -7447.4    153.8    251.9    195.3 2021  8 25 16 13 23.300 -0.05   1
     6301  55.357222 -162.149740     4.618   -23645.3    28492.5   -14421.3    153.1    305.8    483.3 2021  8 25 16 51 22.960  0.92   1
     6307  55.305509 -161.504834     5.793    17400.4    22735.6   -13245.5    154.9    187.6    219.8 2021  8 25 18 53 11.720  0.57   1
     6308  55.228027 -161.608936     5.070    10782.7    14109.9   -13969.0    207.5    128.4    284.0 2021  8 25 18 57 22.080  0.62   1
      631  54.506128 -161.721924    10.390     3614.0   -66255.3    -8648.8    224.7    179.1    186.2 2021  1 21  7 50  6.900  1.59   1
     6310  55.443266 -161.876579    11.784    -6257.7    38071.3    -7255.1    422.9    412.8    316.0 2021  8 25 19 34 41.320  0.97   1
     6312  54.648572 -161.434635    12.481    22049.2   -50397.8    -6557.6    210.3    178.6    219.2 2021  8 25 19 56 14.720  2.00   1
     6316  55.209505 -161.458708    33.076    20361.6    12047.9    14036.7    340.7    373.5    433.1 2021  8 25 21 47 48.980  1.58   1
     6318  55.261849 -161.302653    45.454    30289.7    17875.1    26414.7    314.1    449.3    300.9 2021  8 25 22  7 56.880  1.40   1
     6322  54.710160 -161.368066    21.425    26302.3   -43541.5     2385.9    406.5    433.1    395.7 2021  8 25 22 54 30.780  1.08   1
     6324  55.272180 -161.838298    14.976    -3832.8    19025.2    -4062.9    580.5    296.3    303.9 2021  8 26  0 26 53.410  0.73   1
     6326  55.417668 -161.740576     4.977     2387.4    35221.6   -14061.4    215.7    163.0    202.4 2021  8 26  1 22 23.300 -0.02   1
     6333  55.386772 -161.926172    14.340    -9416.5    31782.1    -4699.0    157.9    330.9    173.9 2021  8 26  2 22 17.830  0.37   1
     6334  55.022139 -162.200391    12.444   -26980.7    -8810.5    -6594.5    343.9    402.3    404.1 2021  8 26  2 26 43.400  0.26   1
     6335  54.722074 -162.889388    10.924   -71269.0   -42215.1    -8114.5    134.0    190.3    289.8 2021  8 26  3 15 56.130  1.03   1
     6336  55.070349 -162.992936    12.503   -77574.0    -3443.6    -6535.6    354.4    641.4    441.1 2021  8 26  4 40 30.260  1.10   1
     6338  55.347567 -161.771143    20.250      444.3    27417.6     1211.5    223.1    286.6    336.8 2021  8 26  5 34 44.570 -0.10   1
     6342  54.659172 -161.838493    39.657    -3874.6   -49217.8    20617.9    359.2    267.6    373.7 2021  8 26  8 49 43.490  0.85   1
     6345  55.290206 -161.528206     4.618    15915.3    21031.9   -14421.0    144.6    278.9    400.2 2021  8 26 10 42  2.770  1.03   1
     6349  55.205774 -160.913900    32.694    55093.6    11632.6    13655.4    272.8    420.1    539.2 2021  8 26 12 16 18.730  1.11   1
      635  55.380957 -161.863379     5.945    -5423.0    31134.8   -13093.6    320.5    199.2    222.6 2021  1 21  8 21 46.610  0.25   1
     6350  55.549915 -161.572054    29.625    13080.4    49943.9    10586.6    458.5    453.6    532.4 2021  8 26 13 57 17.920  1.03   1
     6353  55.234517 -160.925130    31.913    54358.2    14832.4    12874.3    177.9    408.0    344.9 2021  8 26 15  6 21.390  1.16   1
     6367  54.507931 -162.078483    14.348   -19313.9   -66054.6    -4691.2    434.7    133.6    787.3 2021  8 27  0 25 56.640  1.11   1
     6368  55.321346 -160.977458    72.992    50968.2    24498.6    53952.8    187.1    578.2    265.2 2021  8 27  1 11 19.300  1.05   1
      637  55.134827 -162.395312    39.811   -39380.0     3734.4    20772.5    224.8    270.3    236.1 2021  1 21 12 34 27.020  2.76   1
     6373  54.729285 -160.866878    27.279    58436.1   -41412.5     8239.9    490.6    542.0   1798.8 2021  8 27  2 40 13.020  2.31   1
     6377  55.184900 -161.638639     2.899     8894.4     9308.8   -16139.5    336.1    465.0    315.9 2021  8 27  3  5 34.690  0.07   1
     6381  54.815279 -161.045003    31.232    46963.3   -31839.2    12193.5    206.8    143.7    424.2 2021  8 27  5 24 28.610  1.73   1
     6382  54.552132 -162.285335    59.803   -32597.4   -61133.9    40764.6    401.3    149.3    145.0 2021  8 27  6 32 50.270  1.12   1
     6387  54.748474 -162.960205    11.321   -75786.0   -39276.2    -7717.8    676.8    688.3    586.4 2021  8 27  7 56 36.670  1.18   1
     6392  55.200208 -161.796696     4.145    -1184.0    11012.9   -14894.4    242.1    253.6    325.9 2021  8 27 10 20  2.040  0.26   1
     6393  55.208773 -161.999772    17.115   -14129.3    11966.4    -1924.3    310.7    257.1    389.3 2021  8 27 10 20 18.710  0.59   1
     6394  55.143856 -162.446517    47.158   -42642.3     4739.5    28119.4    327.2    333.1    209.3 2021  8 27 10 33 56.580  1.89   1
     6396  55.223124 -161.155697     0.850    39670.7    13564.1   -18188.7    224.0    391.4    192.2 2021  8 27 11 36 53.980  1.43   1
       64  54.808557 -161.308903    32.613    30060.6   -32587.5    13574.4    248.0    139.5    381.8 2021  1  2 23 32 26.740  2.17   1
      640  54.608610 -161.634652    12.476     9214.3   -54846.5    -6562.4    189.3    131.0    164.2 2021  1 21 16 27 56.260  2.90   1
     6406  55.045691 -161.553044    29.237    14377.4    -6188.6    10198.2    230.9    287.2    386.0 2021  8 27 20 23 16.680  2.80   1
     6408  55.146493 -161.997607    28.626   -14002.2     5033.1     9587.4    461.0    281.1    379.6 2021  8 27 21 55 18.520  0.63   1
     6409  55.225045 -162.078597    40.986   -19150.2    13777.9    21946.8    564.6    506.8    305.6 2021  8 27 23 59 53.240  0.57   1
     6411  55.009831 -161.566797    19.821    13504.9   -10180.8      782.1    205.5    216.3    318.5 2021  8 28  1 35 21.250  1.08   1
     6412  54.447498 -161.500098     8.263    17891.3   -72782.3   -10775.5    262.3    233.2    291.8 2021  8 28  3 57 27.040  1.75   1
     6417  55.274276 -161.896533    12.127    -7542.0    19258.5    -6911.5    456.9    423.2    431.4 2021  8 28  7 59 43.700  1.35   1
     6420  54.995133 -162.349609     2.842   -36527.3   -11816.9   -16197.0    143.2    154.2    203.5 2021  8 28  8 10 58.300  0.81   1
     6423  55.126029 -160.366455    10.606    90082.3     2755.0    -8433.2    373.1    699.1    374.3 2021  8 28 10 27 19.370  2.16   1
     6427  55.102376 -160.336393    10.500    92027.7      121.9    -8539.1    319.6    558.1    319.1 2021  8 28 12 49 16.000  1.41   1
     6428  55.668986 -161.336898    39.361    27965.0    63199.5    20321.7    429.3    441.6    512.9 2021  8 28 13 32 16.190  1.18   1
     6437  55.109094 -161.022249    81.440    48244.5      869.7    62401.6    155.4    278.0    156.7 2021  8 28 18 20 12.540  1.78   1
     6448  54.870874 -162.623958    32.347   -54146.3   -25650.1    13308.2    222.9    331.8    285.4 2021  8 28 19 45 12.080  1.39   1
     6450  54.712284 -161.225488    15.285    35446.7   -43305.0    -3753.5    320.6    343.5    254.2 2021  8 28 19 51  1.160  0.98   1
     6452  55.406201 -161.844580    21.921    -4225.9    33945.1     2882.0    315.1    317.4    142.4 2021  8 28 19 54 26.040 -0.05   1
     6455  54.321358 -162.262712    15.723   -31232.0   -86824.8    -3315.4    852.7    278.8    454.0 2021  8 28 20  8 45.400  1.03   1
     6456  55.277950 -161.584473    28.165    12334.0    19667.5     9125.7    327.4    326.1    323.8 2021  8 28 20 22 20.360  1.89   1
     6457  55.325346 -161.297493    31.441    30594.1    24943.9    12402.0    261.6    389.5    465.0 2021  8 28 21 55 25.400  0.95   1
     6464  55.033219 -161.654639    20.902     7889.1    -7577.0     1863.1    173.3    168.2    165.0 2021  8 29  1  4 52.410  0.83   1
     6465  55.122282 -160.361719     9.681    90388.7     2337.8    -9358.1    222.0    417.0    222.5 2021  8 29  1 16  1.050  1.62   1
     6468  54.931539 -162.537630    32.209   -48583.4   -18896.6    13170.4    371.3    430.6    517.5 2021  8 29  8 31 12.900  1.46   1
      647  55.175989 -161.715527    11.063     3992.0     8316.7    -7975.6    200.9    229.1    189.9 2021  1 21 21 23  0.380  0.62   1
     6471  54.642265 -161.420410    11.593    22964.1   -51099.9    -7445.5    205.0    165.9    219.7 2021  8 29 10 46 25.870  1.28   1
     6483  54.987354 -162.280485     7.299   -32112.2   -12683.0   -11739.7    120.6    112.0    161.6 2021  8 29 14  7 42.490  1.04   1
      649  54.586096 -161.330729    14.709    28741.2   -57352.9    -4329.8    270.0    203.4    275.3 2021  1 22  5  8 24.920  1.60   1
     6491  55.128162 -161.884684    13.012    -6799.6     2992.4    -6026.6    260.3    154.2    201.1 2021  8 29 16 23 17.630  0.60   1
     6493  55.034306 -160.544255    10.123    78826.4    -7456.1    -8915.4    320.6    377.1    231.0 2021  8 29 17 16 22.680  1.14   1
       65  54.810470 -161.416585    15.593    23161.4   -32374.6    -3445.7    274.3    277.9    424.0 2021  1  2 23 32 40.800  2.11   1
      650  54.867204 -161.778271    15.703       -9.4   -26058.7    -3335.5    263.9    228.4    445.5 2021  1 22  5  8 52.590  1.52   1
     6501  55.321696 -161.998014     2.379   -13997.5    24537.5   -16659.8    140.6    113.1    202.6 2021  8 29 18 50  5.820  0.10   1
     6517  55.191052 -161.200993    32.675    36798.4     9993.7    13636.5    148.8    318.1    313.7 2021  8 31 22 16 28.320  2.37   1
     6518  55.251331 -161.019906    58.342    48308.3    16704.1    39302.8    155.0    478.4    153.2 2021  8 31 22 16 51.440  2.59   1
     6531  55.241947 -161.283464    54.718    31520.0    15659.6    35679.1    274.4    471.2    247.7 2021  9  1  6 54 57.500  1.21   1
     6533  55.480514 -160.370492    73.701    89427.5    42217.9    54661.8    205.7    458.9    257.9 2021  9  1  7 11  9.200  1.74   1
     6536  55.383565 -162.565316    23.020   -50071.3    31425.1     3981.1    338.2    347.7    294.3 2021  9  1  9 46  1.810  1.79   1
     6539  55.220947 -161.649007    14.777     8229.6    13321.7    -4261.6    257.9    346.2    400.3 2021  9  1 13 17 57.550  2.08   1
     6542  55.291431 -161.661523     6.391     7425.3    21168.3   -12647.9    115.1    149.3    297.4 2021  9  1 14 33 39.070  0.29   1
     6543  54.597152 -161.407161    12.713    23827.9   -56122.1    -6325.6    222.7    179.1    185.7 2021  9  1 16  5 38.970  1.54   1
     6546  54.984770 -162.367757    11.448   -37692.1   -12970.7    -7590.8    176.6    168.7    121.0 2021  9  1 17 34 26.120  0.61   1
     6549  55.195471 -163.317871    12.907   -98170.1    10485.6    -6132.2    387.5    856.5    374.2 2021  9  1 19 53 28.660  1.80   1
      655  55.053898 -161.739095    17.610     2492.8    -5275.0    -1429.0    233.8    155.3    197.4 2021  1 22 11 29 25.190  1.60   1
     6558  55.391760 -161.889404     8.063    -7077.5    32337.4   -10975.7    220.1    121.1    206.3 2021  9  2  4 28 27.930  0.01   1
     6559  55.232739 -161.257796    20.283    33159.3    14634.5     1244.0    208.4    283.9    366.5 2021  9  2  4 56 30.850  0.99   1
      656  55.077250 -161.817155    17.169    -2492.1    -2675.3    -1870.2    179.4    146.7    160.9 2021  1 22 11 29 41.730  2.15   1
     6562  54.733228 -160.913721     9.613    55429.5   -40973.5    -9426.1    582.4    600.9    537.7 2021  9  2  5 10 44.000  2.09   1
     6563  54.950513 -161.337305    21.485    28191.4   -16784.3     2446.1    221.8    258.3    176.9 2021  9  2  8  7 54.680  2.42   1
      657  54.457792 -162.262061    46.871   -31137.8   -71636.3    27832.4    291.3    153.5    221.5 2021  1 22 12 58  1.920  1.98   1
     6570  54.204069 -162.104508    19.224   -21065.9   -99881.9      185.3   1096.1    398.7    442.9 2021  9  2 10  3 10.170  1.95   1
     6577  55.194950 -161.741813    20.631     2315.2    10427.6     1592.1    333.6    277.2    230.0 2021  9  2 12 56 32.960  1.30   1
     6579  54.665780 -160.836833     9.458    60410.2   -48482.1    -9580.9    320.5    322.1    305.1 2021  9  2 16  2 51.040  2.25   1
     6580  55.229732 -163.413379     8.687  -104214.9    14299.7   -10352.3    323.4    534.3    388.9 2021  9  2 16 53 44.620  1.83   1
     6589  54.452588 -162.186344    15.338   -26267.7   -72215.6    -3700.8    744.8    239.9    446.6 2021  9  3  3 48  0.470  1.49   1
     6590  54.883508 -162.184912     0.135   -26036.5   -24243.6   -18903.5    150.5    132.0    121.3 2021  9  3  3 56 11.060  2.67   1
     6592  54.655440 -162.621191    12.345   -54113.2   -49633.2    -6694.3    183.1    146.9    192.6 2021  9  3  6 19 39.710  1.32   1
     6594  55.412109 -161.880990     6.414    -6540.6    34602.8   -12624.7    255.4    248.5    389.1 2021  9  3 10 22 32.430 -0.18   1
     6597  54.486316 -161.356331     8.781    27129.8   -68460.9   -10257.6    342.9    230.1    278.9 2021  9  3 13 44  6.890  1.76   1
     6598  55.356755 -161.768864     5.257      589.3    28440.4   -13781.6    192.2    103.2    164.2 2021  9  3 14 50 28.240 -0.45   1
     6601  55.308374 -162.053890    35.881   -17557.3    23054.5    16842.4    457.8    499.1    461.3 2021  9  3 15 59 53.310  0.90   1
     6607  54.526534 -161.317643     8.886    29603.6   -63983.6   -10152.6    346.0    235.3    319.0 2021  9  3 16 46 58.870  1.88   1
     6608  55.292277 -161.752832     8.074     1610.7    21262.5   -10964.9    215.3    180.6    174.8 2021  9  3 16 47 26.440  2.30   1
     6610  55.105400 -161.642741    30.917     8641.4      458.4    11878.5    379.3    325.5    421.2 2021  9  3 16 49  2.340  1.59   1
     6615  55.121094 -161.649854    34.256     8185.8     2205.6    15217.6    371.6    350.8    376.8 2021  9  3 17 31 23.480  1.78   1
     6616  54.721488 -161.903271    12.887    -8026.1   -42280.4    -6151.5    301.0    140.7    307.7 2021  9  3 18 36 23.860  1.17   1
     6618  55.215540 -161.538395    17.384    15280.7    12719.7    -1654.6    179.3    181.2    261.4 2021  9  4  0 46 25.530  1.13   1
     6619  55.034477 -161.326107    49.794    28877.3    -7437.0    30755.5    529.8    715.5    546.8 2021  9  4  1 23 56.150  0.96   1
     6621  55.335579 -161.756706     4.515     1363.2    26083.1   -14524.2    476.5    431.3    425.0 2021  9  4  1 39 18.940  0.65   1
     6622  55.064856 -162.814665     4.054   -66194.7    -4055.1   -14984.6    130.4    228.5    205.7 2021  9  4  2 35 16.270  0.97   1
     6623  55.448275 -161.466276     2.695    19819.9    38628.9   -16343.5    171.3    336.4    226.1 2021  9  4  2 54 59.860  0.48   1
     6625  55.134578 -163.112402     0.833   -85134.6     3706.7   -18206.3    319.6    759.6    296.0 2021  9  4  4  2 22.450  1.75   1
     6627  54.947209 -161.888590     3.108    -7064.8   -17152.1   -15930.9    199.6    174.4    243.1 2021  9  4  4  3  5.740  1.12   1
     6628  55.440108 -161.785791     4.011     -487.3    37719.8   -15027.4    215.8    220.8    313.7 2021  9  4  4  5 26.770  0.37   1
     6629  55.273275 -161.726090     8.229     3314.4    19147.1   -10809.9    165.6    184.1    343.3 2021  9  4  5 45  4.580  0.18   1
     6632  55.205880 -163.011410    13.783   -78620.7    11644.3    -5255.8    355.9    794.5    532.6 2021  9  4 10 23 42.390  1.20   1
     6641  55.359749 -161.804850    16.481    -1700.4    28773.8    -2558.2    315.5    320.3    147.7 2021  9  4 16  0 24.680  0.86   1
     6642  55.187248 -161.044775    15.528    46761.2     9570.1    -3510.4    364.9    573.5    438.1 2021  9  4 16  2 13.820  1.34   1
     6644  54.932145 -161.373324    28.807    25893.8   -18829.1     9767.8    266.5    276.7    641.5 2021  9  4 16 19 47.520  1.35   1
     6647  55.272595 -162.496663    16.555   -45768.0    19071.4    -2484.1    250.3    270.0    445.5 2021  9  4 18 54 44.040  1.35   1
     6648  55.195630 -161.433789    27.746    21953.9    10503.3     8706.8    176.2    197.2    357.3 2021  9  4 19 32 39.040  1.52   1
     6649  55.214583 -161.799674    11.212    -1373.6    12613.3    -7827.3    418.2    256.4    422.5 2021  9  4 19 33 38.860  0.78   1
     6652  55.339705 -161.681982    18.471     6118.8    26542.4     -568.4    303.3    312.5    230.3 2021  9  5  0 35 26.740  0.52   1
     6653  55.245471 -161.888298    41.772    -7019.9    16051.8    22733.1    322.7    354.0    198.9 2021  9  5  2 22 56.380  1.34   1
     6655  55.403788 -161.970654    17.005   -12243.2    33676.4    -2034.1    209.4    244.1    253.2 2021  9  5  5  7 35.520  1.53   1
     6656  55.318343 -162.335726    64.955   -35496.6    24164.3    45916.3    361.1    849.1    252.5 2021  9  5  7 59 49.410  1.02   1
     6659  55.515653 -161.396696    43.891    24221.6    46129.8    24852.0    304.8    414.0    354.2 2021  9  5 14 56 32.180  1.30   1
      666  54.763000 -161.159326    25.022    39665.6   -37659.1     5983.1    284.8    254.3    252.3 2021  1 22 19 16 52.420  2.28   1
     6661  55.030558 -161.655257    24.821     7849.8    -7873.3     5782.4    213.0    187.1    157.8 2021  9  5 16 42 37.540  1.29   1
     6662  54.931706 -161.592708    20.173    11860.5   -18878.0     1133.7    225.7    185.2    238.2 2021  9  5 16 42 51.020  1.41   1
      667  55.354244 -161.887712    15.473    -6973.1    28160.9    -3565.5    456.4    343.7    230.1 2021  1 22 19 42 19.600  0.51   1
     6671  55.379313 -161.577669    12.426    12751.2    30951.8    -6613.1    137.3    230.2    202.7 2021  9  6  1 52 45.900  1.00   1
     6673  54.408826 -161.388818    12.242    25064.2   -77087.5    -6797.0    338.8    261.1    244.6 2021  9  6  2 34 15.930  1.13   1
     6680  55.299849 -162.240495    22.815   -29441.1    22105.5     3775.8    219.4    367.7    292.9 2021  9  6  7 59 53.770  1.22   1
     6682  54.974984 -163.644010    13.406  -119290.9   -14060.1    -5632.4    333.0   1093.4    338.2 2021  9  6  8 35 41.290  1.47   1
     6684  54.544531 -163.044108    13.326   -81369.9   -61980.1    -5712.8    251.4    222.2    259.8 2021  9  6  9 31 41.580  1.27   1
     6687  54.808712 -160.899821    73.009    56268.2   -32570.3    53970.5    254.0    375.7    291.1 2021  9  6 12 34 51.550  1.55   1
     6688  54.634322 -161.551921    48.370    14523.0   -51984.1    29331.5    234.8    207.6    232.4 2021  9  6 13 52 12.440  1.47   1
      669  54.853023 -160.978451    32.810    51202.7   -27637.3    13771.2    224.1    309.2    544.0 2021  1 22 19 49  6.560  2.34   1
     6692  54.920349 -162.195459     0.707   -26699.4   -20142.3   -18331.6    101.1    134.4    122.1 2021  9  6 17 28 29.920  1.28   1
     6693  54.938277 -162.252979     4.209   -30372.5   -18146.4   -14829.8    240.6    200.3    255.7 2021  9  6 17 28 50.240  1.50   1
     6697  55.233744 -161.668262     7.465     7001.2    14746.4   -11573.9    214.9    229.3    403.4 2021  9  6 21 53 55.000  2.73   1
      670  54.813314 -161.577848    67.690    12829.9   -32057.9    48650.7    184.3    164.0    156.1 2021  1 22 21  6 35.560  2.10   1
     6707  54.484212 -161.760303    10.900     1146.4   -68695.1    -8138.8    184.9    126.6    186.2 2021  9  7  1 32 17.350  1.54   1
     6708  55.240218 -161.887663    12.448    -6979.9    15467.0    -6591.2    408.6    194.0    295.0 2021  9  7  2 32 46.410  0.96   1
     6711  55.333317 -161.897347    13.634    -7588.2    25831.3    -5405.0    225.5    202.7    125.9 2021  9  7  3 47 45.070 -0.06   1
     6714  55.119267 -161.853564    51.139    -4814.4     2002.2    32100.0    617.5    345.2    306.1 2021  9  7  4 39 39.060  1.41   1
     6716  55.239547 -161.887207    13.117    -6951.0    15392.3    -5922.1    196.1    161.5    205.3 2021  9  7  4 47  2.280  0.88   1
     6728  55.574272 -161.843473    14.394    -4146.7    52655.5    -4644.6    277.6    169.3    357.8 2021  9  7 10 22 46.600  0.44   1
      673  55.208289 -161.527327    18.687    15987.6    11912.5     -351.8    228.2    246.5    300.7 2021  1 22 22 26 35.020  1.45   1
     6731  55.354720 -161.842350    37.508    -4086.7    28213.9    18468.8    529.2    439.2    313.1 2021  9  7 14 10  5.680  1.15   1
     6733  54.499727 -163.204264     7.530   -91714.4   -66967.9   -11508.5    170.3    166.2    184.2 2021  9  7 15 10 56.830  1.52   1
     6734  55.373258 -161.303044    41.674    30222.7    30277.7    22634.7    277.5    544.5    328.4 2021  9  7 15 19 32.750  1.31   1
     6736  55.431165 -161.862484    31.493    -5362.7    36724.1    12454.5    240.4    329.1    137.6 2021  9  7 17 26 24.840  0.84   1
     6738  55.478898 -161.963493    19.524   -11776.7    42038.0      485.2    338.3    252.5    243.5 2021  9  7 17 27 29.400  0.53   1
     6741  55.675244 -161.477409    54.307    19057.9    63896.2    35268.0    409.9    334.8    324.1 2021  9  7 18 10 18.160  1.18   1
     6742  55.120268 -161.347819    16.016    27460.9     2113.6    -3022.5    250.7    612.9    638.4 2021  9  7 18 11 36.200  0.80   1
      675  55.214901 -161.760368    10.015     1131.9    12648.6    -9024.2    394.2    198.4    389.1 2021  1 23  2 36  0.250  0.86   1
     6754  54.373088 -161.459456     9.855    20525.4   -81066.0    -9183.6    283.0    216.5    203.7 2021  9  7 21 53 16.320  1.95   1
     6764  54.934501 -162.214567     1.847   -27916.9   -18566.8   -17191.4    110.0     61.7     87.9 2021  9  8  3  9 46.090  1.52   1
     6765  54.843034 -162.376221    15.575   -38300.5   -28749.4    -3463.5    246.8    154.6    421.5 2021  9  8  3 10  2.640  1.84   1
     6766  54.931437 -162.182243     0.173   -25850.3   -18907.9   -18865.9    185.4    103.2     82.9 2021  9  8  3 12 53.720  1.31   1
     6767  54.845984 -162.220671     2.803   -28338.4   -28421.0   -16235.4    184.1    133.9    162.0 2021  9  8  3 13 11.220  1.80   1
     6769  54.436829 -161.321370    11.127    29396.4   -73970.0    -7911.9    362.8    319.3    289.0 2021  9  8  4 52 59.830  1.12   1
     6771  55.383256 -161.849805    15.808    -4559.4    31390.7    -3231.1    213.0    164.3    154.2 2021  9  8  4 56 17.390  0.33   1
     6772  55.272729 -161.949316     7.324   -10904.2    19086.4   -11715.3    318.1    244.6    456.4 2021  9  8  5 43 47.380 -0.00   1
     6777  55.155343 -161.731185    13.321     2994.3     6018.3    -5718.0    436.4    284.2    367.6 2021  9  8 10 37 55.460 -0.03   1
     6779  55.479272 -161.397982    19.357    24151.0    42079.7      317.8    161.7    453.1    366.4 2021  9  8 11 39  8.340  0.46   1
     6781  55.385559 -161.929688    19.728    -9640.3    31647.1      688.7    544.9    487.1    312.8 2021  9  8 14 29 29.460  1.31   1
     6783  55.280636 -161.839844    31.058    -3930.8    19966.5    12018.6    485.7    370.8    254.0 2021  9  8 14 43 11.140  0.75   1
     6785  55.384932 -160.836344    16.596    59903.4    31577.3    -2442.7    198.9    873.0    794.8 2021  9  8 16 18 12.380  1.47   1
     6797  55.449455 -161.860173    27.077    -5214.5    38760.3     8037.9    380.2    390.8    192.6 2021  9  9  8  3 51.340  1.33   1
     6798  55.450358 -161.855811    27.712    -4937.3    38860.8     8672.7    224.5    285.4    151.9 2021  9  9  8  5  0.600  1.28   1
     6799  55.432503 -161.956445    29.454   -11335.6    36873.1    10414.8    599.6    281.7    298.6 2021  9  9  8  5 37.040  1.11   1
       68  55.229842 -162.899626    34.630   -71473.2    14311.9    15591.4    277.4    608.2    556.4 2021  1  3  1 52 19.270  1.76   1
     6801  55.510225 -161.793115    20.748     -952.0    45525.5     1709.4    425.3    401.7    313.0 2021  9  9  8  6 58.280  1.41   1
     6805  54.857963 -162.201465     1.911   -27104.6   -27087.4   -17128.2    182.8    110.5    151.6 2021  9  9 17 57 48.720  1.45   1
     6806  54.943624 -162.154687     1.886   -24084.0   -17551.2   -17153.2    230.1    111.9    130.7 2021  9  9 19 23 51.640  2.59   1
     6809  55.360535 -161.631217    10.765     9347.1    28861.3    -8273.9    201.0    198.8    198.9 2021  9 10  5 42 52.380  0.17   1
      681  54.836743 -161.193132    13.140    37464.4   -29449.7    -5899.3    245.6    225.3    276.8 2021  1 23  7 11 40.680  1.69   1
     6814  54.967619 -162.198177     1.787   -26857.5   -14880.0   -17252.4    201.0    159.6    182.1 2021  9 10  9 15 43.130  2.22   1
     6816  55.242277 -160.670882    42.382    70553.6    15696.3    23343.5    215.2    749.8    372.2 2021  9 10  9 21 37.860  2.02   1
     6824  55.281124 -161.568050     3.764    13379.5    20020.9   -15274.5    171.8    192.1    442.1 2021  9 10 12  7 24.820  0.65   1
     6825  55.283740 -161.640299    12.665     8777.7    20312.1    -6374.3    223.9    241.0    259.2 2021  9 10 12 34 42.390  0.69   1
     6828  55.164974 -162.184587     5.622   -25924.8     7090.5   -13416.5    258.3    387.8    368.8 2021  9 10 13  8 42.470  1.80   1
     6836  54.940592 -162.295020     6.240   -33060.5   -17888.7   -12798.9    137.3    137.3    130.7 2021  9 11  0  3 31.470  0.98   1
     6837  54.863151 -162.249593     2.734   -30184.1   -26509.8   -16304.8    252.9     90.1    131.6 2021  9 11  0  3 49.390  1.52   1
     6842  55.376880 -161.756445    13.492     1379.1    30680.9    -5546.6    449.8    383.8    292.7 2021  9 11  1 27 33.110  0.89   1
     6845  54.377991 -161.643083    11.212     8697.5   -80520.2    -7826.7    470.2    266.7    262.2 2021  9 11  5 32 10.690  2.11   1
     6847  55.485372 -162.401090    15.545   -39574.8    42758.7    -3494.0    341.0    484.8    646.3 2021  9 11  7 25 34.950  1.37   1
     6856  55.166484 -162.233398     0.374   -29037.5     7258.6   -18665.3    162.7    223.1    218.1 2021  9 11 20 56  5.280  1.52   1
     6859  55.025053 -161.799577    17.523    -1370.6    -8486.2    -1515.8    255.7    193.2    306.3 2021  9 11 23 34  3.440  0.97   1
     6864  55.305383 -161.086263    45.234    44050.8    22721.5    26195.2    134.4    554.2    297.8 2021  9 12  5 18 10.450  1.67   1
     6866  55.352100 -161.756169    17.388     1397.1    27922.2    -1650.5    207.9    191.2    106.8 2021  9 12  6  1 28.930  0.80   1
     6873  55.257483 -161.543929     5.429    14920.2    17389.0   -13609.9    205.7    233.4    293.5 2021  9 12 16 57 51.170  1.45   1
     6874  54.909428 -162.190055     1.338   -26357.2   -21358.1   -17700.7    139.6    101.9    134.6 2021  9 12 17  3 37.360  2.48   1
     6875  55.351835 -161.869971     1.807    -5844.4    27892.8   -17232.2    151.6    236.3    225.6 2021  9 12 17  4 12.760  1.03   1
     6876  55.357890 -161.961784    10.240   -11685.9    28566.8    -8799.3    269.4    399.8    262.2 2021  9 12 17  9 22.220  1.00   1
     6877  55.056592 -161.486995     1.954    18593.8    -4975.1   -17085.1    241.5    203.6    254.4 2021  9 12 22 49  3.560  1.97   1
     6879  55.236133 -161.694043     4.719     5358.1    15012.3   -14320.1    227.1    186.7    343.7 2021  9 12 22 49 20.840  1.25   1
     6883  55.006047 -162.240055     3.891   -29521.0   -10602.0   -15147.5    198.4    166.7    246.1 2021  9 13  3 20 14.870  1.40   1
     6884  54.938330 -162.206152     2.139   -27377.4   -18140.5   -16900.3     91.5    112.1    127.9 2021  9 13  3 20 33.680  1.48   1
     6888  54.999963 -162.294580     6.449   -33008.1   -11279.2   -12590.4    145.7    136.4    175.4 2021  9 13 14  3 21.710  1.84   1
     6896  55.457971 -161.897786    34.668    -7604.3    39708.3    15629.3    724.7    391.0    204.3 2021  9 13 18 29 10.660  1.06   1
      690  54.932865 -162.828499    15.915   -67188.3   -18748.9    -3123.7    216.7    331.9    470.7 2021  1 23 14  6 22.750  1.68   1
     6901  54.933439 -161.371517    17.045    26008.9   -18685.0    -1994.1    262.8    284.7    477.2 2021  9 14  1 40 14.530  2.29   1
     6902  54.996383 -161.539795    29.261    15233.0   -11677.9    10222.1    279.9    262.3    466.7 2021  9 14  1 40 29.040  2.71   1
     6904  54.639893 -160.767985    21.725    64849.5   -51364.0     2686.5    844.8    871.9    811.2 2021  9 14  3 18 46.700  2.31   1
      691  55.126986 -161.659245     5.050     7586.0     2861.5   -13988.6    225.2    156.4    254.5 2021  1 23 14  6 27.130  0.45   1
     6911  54.930859 -161.126953    60.371    41653.9   -18972.2    41331.8    126.6    155.8    142.9 2021  9 14 17 37 19.300  2.15   1
     6913  54.952568 -162.766846     3.112   -63229.1   -16555.6   -15926.7    164.8    258.7    272.5 2021  9 14 19 17  6.200  1.59   1
     6917  54.802067 -162.674186    31.554   -57410.5   -33310.0    12514.7    269.9    292.7    365.5 2021  9 15  3 34 53.360  2.29   1
     6918  54.982943 -162.312321     8.635   -34149.2   -13174.1   -10404.1    197.5    138.8    147.9 2021  9 15  3 35 11.090  2.85   1
      692  55.271472 -161.789014     5.901     -693.6    18946.4   -13138.2    188.7    145.2    231.5 2021  1 23 14  6 45.040  0.35   1
     6920  55.360034 -161.799626    15.285    -1368.0    28805.5    -3753.7    161.1    220.0    124.4 2021  9 15  5 53  8.200  0.11   1
     6923  55.253487 -160.704525    49.705    68400.3    16944.2    30665.9    110.0    365.5    212.1 2021  9 15 10 49 31.970  2.07   1
     6925  55.112577 -161.620508    10.335    10059.6     1257.5    -8704.4    221.1    318.9    399.9 2021  9 15 12 30 24.780  0.98   1
     6926  54.566109 -162.821403     9.349   -67037.9   -59577.9    -9689.8    268.2    250.4    364.6 2021  9 15 13 30  0.480  1.71   1
     6932  54.520182 -162.500977    13.939   -46474.6   -64690.7    -5099.8    310.9    182.5    226.3 2021  9 15 20 51  1.260  1.50   1
     6933  54.495146 -162.122884    12.487   -22172.6   -67477.9    -6551.7    391.1    120.0    941.2 2021  9 15 21 52 38.580  1.79   1
     6940  55.259904 -161.171696    30.993    38633.2    17658.6    11954.1    170.4    234.5    360.9 2021  9 16 18 35 42.040  1.38   1
     6941  55.190483 -161.834782     3.027    -3612.5     9930.3   -16011.7    193.5    182.1    129.2 2021  9 16 18 36 25.280  0.76   1
     6942  54.973083 -160.449756     7.107    84928.1   -14271.6   -11931.7    318.9    473.2    310.9 2021  9 16 19 49  6.920  2.06   1
      695  54.875391 -161.864421     0.909    -5523.9   -25147.3   -18129.5    306.8    158.2    126.5 2021  1 23 16 56 33.020  1.72   1
     6961  54.497550 -161.973079    10.371   -12537.8   -67210.2    -8667.7    321.7    190.1    197.9 2021  9 18  1 56 38.430  1.69   1
     6962  55.480949 -161.754411    15.096     1506.6    42266.3    -3943.2    158.7    100.3    145.9 2021  9 18  5  1 16.760  1.30   1
     6963  55.498828 -161.724121    12.933     3430.1    44256.7    -6106.2    334.1    332.6    218.4 2021  9 18  5  3  4.180  0.28   1
     6964  55.560970 -161.956201    19.856   -11301.8    51174.7      817.3    556.2    373.9    256.3 2021  9 18  5 15 33.950 -0.01   1
     6974  55.365413 -161.776367    32.473      111.8    29404.4    13433.7    643.7    557.6    394.0 2021  9 18 11 33 44.810  2.00   1
     6977  54.967672 -162.217139     6.423   -28069.8   -14874.1   -12616.0    221.3    221.5    349.8 2021  9 18 11 47 18.630  0.79   1
     6978  55.402413 -161.585352     9.382    12259.0    33523.3    -9656.9    163.0    229.5    250.4 2021  9 18 14  9 17.000  0.38   1
     6984  55.256714 -161.551953     4.623    14409.1    17303.4   -14415.6    114.1    130.9    250.6 2021  9 18 23  6 27.080  0.55   1
     6985  54.734550 -162.636507    14.197   -55042.4   -40826.3    -4842.2    244.1    214.0    255.2 2021  9 18 23 57 26.240  1.46   1
     6989  55.488582 -161.734603    13.425     2764.7    43116.1    -5613.7    184.6    156.9    144.6 2021  9 19  5 20 31.220  0.77   1
      699  55.192476 -161.779720     7.667     -101.7    10152.2   -11372.3    458.2    197.6    313.9 2021  1 23 19 28 20.440  1.56   1
     6992  55.332129 -161.710824     5.780     4283.6    25699.0   -13258.4    122.3    129.0    187.8 2021  9 19  8 54 38.570  0.10   1
     6995  55.487891 -161.747673    14.408     1934.5    43039.1    -4630.5    168.3    127.9    162.6 2021  9 19 12 30 59.690  1.06   1
     6999  54.901188 -161.313314    30.884    29743.8   -22275.4    11844.9    215.2    180.7    405.1 2021  9 19 14 13 10.600  2.02   1
     7005  55.001794 -161.435205    31.797    21916.5   -11075.4    12758.4    219.9    210.2    364.3 2021  9 19 14 51 40.960  1.84   1
     7007  54.646981 -162.703011     2.127   -59371.1   -50574.9   -16911.7    292.2    248.4    240.6 2021  9 19 15 18 42.350  2.04   1
     7012  55.269173 -161.540576     3.618    15131.5    18690.5   -15420.5    134.5    166.6    313.0 2021  9 19 16 16  5.710  0.58   1
     7013  55.623645 -161.755713     5.111     1421.3    58151.9   -13928.4    290.8    326.7    381.9 2021  9 19 17 18 18.460  0.52   1
     7014  55.493270 -161.721696    12.631     3584.4    43638.0    -6408.2    260.0    217.9    152.6 2021  9 19 17 45 22.720  0.75   1
     7021  55.002319 -161.561930    32.339    13817.2   -11017.0    13299.9    265.0    243.1    350.7 2021  9 19 18 27 21.000  1.78   1
     7025  54.897945 -161.350049    31.805    27394.2   -22636.4    12765.6    231.4    212.3    402.8 2021  9 19 19 26  1.720  2.02   1
     7027  55.157784 -161.867546    18.551    -5703.9     6290.1     -488.1    290.1    182.8    255.4 2021  9 19 19 33 52.240  0.68   1
      704  55.329814 -161.676904     6.223     6442.7    25441.2   -12815.9    135.2    145.9    270.3 2021  1 23 22 28 43.560  0.58   1
     7043  55.336357 -161.523503     6.015    16205.5    26169.6   -13024.3    152.6    209.7    236.7 2021  9 21  4 37 13.000  0.72   1
     7044  55.203158 -160.722607    68.702    67290.5    11341.3    49662.9    181.4    476.9    222.8 2021  9 21  8 45 12.850  1.94   1
     7047  55.249797 -161.610547     5.148    10677.1    16533.4   -13890.7    226.7    236.3    265.9 2021  9 21 11 11 59.170  0.36   1
     7048  55.307463 -161.583073     9.756    12418.6    22953.0    -9282.7    240.5    308.6    335.8 2021  9 21 11 15 43.540  0.42   1
     7049  55.295321 -161.582568     3.743    12452.6    21601.3   -15295.7    174.7    209.0    416.4 2021  9 21 11 16 55.190  0.22   1
     7050  54.765898 -161.268148    48.531    32688.8   -37336.5    29492.5    214.5    167.9    199.4 2021  9 21 11 23 14.860  1.54   1
     7052  55.350688 -161.926579     5.630    -9446.7    27765.0   -13408.7    193.8    236.8    298.6 2021  9 21 11 35 57.590  0.17   1
     7057  54.660640 -163.360010    12.786  -101528.6   -49054.3    -6253.2    369.0    440.8    432.3 2021  9 21 13 25 16.770  1.51   1
     7058  54.721375 -163.146517    32.554   -87760.3   -42293.1    13515.2    276.3    290.4    867.0 2021  9 21 13 50 54.470  1.50   1
     7059  55.384399 -161.891585    29.403    -7216.9    31518.0    10364.1    545.9    551.1    217.2 2021  9 21 13 58 47.960  0.02   1
     7063  55.436837 -161.540690     5.001    15092.6    37355.6   -14037.5    202.9    286.1    223.6 2021  9 21 21  3 40.540  0.03   1
     7066  55.256002 -162.223324     5.605   -28363.2    17224.2   -13434.2    228.7    123.7    240.6 2021  9 21 22 57  2.520  0.36   1
     7079  54.526424 -162.199447    11.455   -27086.1   -63995.8    -7583.9    707.9    191.9    260.6 2021  9 22  9 52 39.310  1.74   1
     7085  55.338188 -161.766423    16.042      744.8    26373.5    -2997.3    133.9    239.2    125.6 2021  9 22 12 38 16.390  0.34   1
     7086  55.345178 -161.832568    15.925    -3464.7    27151.7    -3113.9    297.7    224.3    179.3 2021  9 22 12 43 11.430  0.32   1
     7087  55.326375 -161.640186    11.041     8780.3    25058.5    -7998.1    195.5    341.5    328.9 2021  9 22 12 46 33.690  0.29   1
     7088  55.396757 -161.755436    12.341     1442.9    32893.7    -6697.5    357.4    277.6    305.1 2021  9 22 12 49 31.860  0.48   1
     7089  55.369031 -161.821663    14.038    -2769.9    29807.1    -5000.8    190.4    241.7    142.5 2021  9 22 12 51 11.460  0.07   1
     7090  55.461190 -161.849512    16.100    -4536.3    40066.7    -2939.1    475.6    333.2    210.7 2021  9 22 12 52  1.600  0.47   1
     7091  55.026705 -161.525749    13.494    16124.7    -8302.2    -5544.7    213.2    239.0    276.4 2021  9 22 12 54 13.350  0.98   1
     7092  55.342900 -161.747266    17.509     1963.9    26898.0    -1529.7    196.7    201.5    127.7 2021  9 22 12 54 53.910  0.46   1
     7093  55.340055 -161.727979    15.104     3191.4    26581.4    -3935.0    195.4    190.9    138.7 2021  9 22 12 57  7.060 -0.39   1
     7094  55.346126 -161.741650    17.125     2321.2    27257.2    -1914.2    165.0    204.5    119.4 2021  9 22 12 58 48.690  0.38   1
     7096  55.451339 -161.888021    15.535    -6984.3    38970.0    -3503.8    213.1    130.5    110.2 2021  9 22 13  3 25.550  0.52   1
     7097  55.378805 -161.742952    14.913     2237.4    30895.1    -4126.0    283.9    245.8    171.4 2021  9 22 13  6  4.180  0.24   1
     7105  55.190397 -161.228564    32.783    35040.7     9920.7    13743.7    185.1    248.3    285.6 2021  9 22 21 40 26.920  1.89   1
     7107  55.309961 -161.671663    21.523     6778.0    23231.2     2484.2    250.0    275.4    258.6 2021  9 22 22 20 59.560  0.64   1
     7109  55.310787 -162.083057    41.035   -19413.6    23323.1    21995.9    531.3    591.2    309.6 2021  9 22 23 59 52.780  1.16   1
      711  55.265755 -161.680859    20.627     6196.0    18310.0     1588.1    334.5    352.0    234.3 2021  1 24  7 42 45.190  0.28   1
     7112  55.168587 -161.139876    24.111    40706.7     7492.8     5072.0    249.5    388.4    267.6 2021  9 23  4 33 52.330  2.34   1
     7114  55.392655 -161.668734    16.505     6957.3    32437.1    -2533.4    174.7    328.2    154.7 2021  9 23 10 47 36.020  0.40   1
     7116  55.487862 -161.914990    13.232    -8694.3    43035.9    -5806.8    405.8    219.2    236.4 2021  9 23 11 22 31.990  0.52   1
     7117  55.082043 -162.082373     2.772   -19425.5    -2141.7   -16266.6     89.6    145.7    169.2 2021  9 23 17 23  4.760  0.93   1
     7119  55.207926 -163.490446     7.359  -109156.1    11872.2   -11680.2    352.4    724.6    393.6 2021  9 23 21 55 58.180  2.24   1
     7123  55.007629 -162.273438     6.883   -31653.8   -10425.8   -12155.9    217.8    178.5    222.5 2021  9 24  7  5  1.710  1.96   1
     7126  55.033268 -161.495654    16.078    18046.0    -7571.6    -2960.9    286.1    169.9    513.5 2021  9 24  7 28 26.640  1.67   1
     7129  55.367631 -161.785059    15.312     -441.1    29651.3    -3727.1    198.6    184.6     70.1 2021  9 24  8 50 22.280  0.32   1
     7130  55.351265 -161.822005    16.710    -2792.2    27829.4    -2328.5    433.5    346.6    181.2 2021  9 24  8 53 25.760  0.47   1
     7131  55.427393 -161.786182    10.905     -512.2    36304.2    -8134.1    189.2    245.4    225.3 2021  9 24  8 55 45.960  0.40   1
     7134  55.326823 -161.896680    11.233    -7546.3    25108.3    -7806.2    305.2    203.6    172.8 2021  9 24  9 12 19.070  0.38   1
     7141  55.308191 -161.227035    42.022    35086.6    23034.1    22982.7    224.7    551.3    312.2 2021  9 24 14  0 50.650  1.70   1
     7148  55.347725 -161.778809    15.004      -43.5    27435.3    -4035.2    202.5    263.6    165.6 2021  9 24 19 18 25.480  0.07   1
     7149  55.265369 -161.563200     3.582    13691.1    18266.9   -15457.2    122.3    150.8    351.0 2021  9 24 19 19 10.960  0.36   1
     7156  55.290865 -161.989193    26.036   -13441.1    21105.3     6997.1    387.0    339.8    264.7 2021  9 25  0 49 44.530  0.97   1
     7157  55.269645 -161.644401     7.873     8518.0    18743.0   -11165.7    156.4    221.9    499.4 2021  9 25  0 52  0.650  0.52   1
     7163  55.311088 -161.912663    16.485    -8565.4    23356.6    -2553.9    301.5    283.4    213.1 2021  9 25  1  8  4.460  0.35   1
     7169  54.856714 -161.500146     1.852    17798.0   -27226.4   -17186.9    207.6    239.6    211.6 2021  9 25  3 16 43.710  1.04   1
     7174  55.164624 -161.842057     8.625    -4077.7     7051.6   -10413.8    323.6    265.2    254.2 2021  9 25  5 50 37.350  1.11   1
     7175  55.031189 -161.507796    22.365    17270.8    -7803.1     3326.3    171.7    249.0    237.4 2021  9 25  7 52 28.710  1.65   1
      718  54.965983 -161.410335    23.982    23516.4   -15062.1     4943.4    238.8    210.9    198.0 2021  1 24 13 54 12.850  1.58   1
     7181  55.122473 -161.450960    18.610    20878.1     2359.1     -429.3    210.6    190.7    315.1 2021  9 25  9 12 30.350  1.62   1
     7182  55.400199 -161.809163    15.815    -1973.9    33276.9    -3223.8    248.6    275.0    186.1 2021  9 25  9 18 45.940  0.40   1
     7183  55.367952 -161.799642    15.403    -1368.9    29687.0    -3636.3    204.3    246.0    103.8 2021  9 25  9 19 24.700  0.14   1
     7184  55.398926 -161.885954    15.500    -6857.4    33135.1    -3539.0    204.6    250.2    217.7 2021  9 25  9 21 23.370  0.08   1
     7185  55.314665 -161.939274    13.818   -10259.1    23754.8    -5221.2    388.4    244.9    199.3 2021  9 25  9 25  6.660  0.75   1
     7195  55.329968 -161.728239    15.489     3175.3    25458.5    -3549.8    298.3    278.6    213.7 2021  9 25 16 16 16.260  0.05   1
     7196  55.336698 -161.865918    17.797    -5587.6    26207.7    -1242.3    276.4    206.9    112.8 2021  9 25 16 17 20.700  0.43   1
     7197  55.211593 -161.728369    15.475     3171.7    12280.3    -3564.3    324.8    195.4    347.0 2021  9 25 16 19 31.200  0.55   1
      720  55.208822 -162.050374    16.333   -17355.0    11971.8    -2706.1    340.0    201.7    423.7 2021  1 24 13 55 20.110  0.99   1
     7201  55.335368 -161.764779    18.457      849.4    26059.6     -581.4    309.9    216.1    191.1 2021  9 25 22 51 36.720  0.18   1
     7202  55.390841 -161.757861    15.907     1288.8    32235.1    -3132.3    227.2    184.6    100.7 2021  9 25 22 57 39.920  0.24   1
     7204  55.412244 -161.875993    14.184    -6222.9    34617.7    -4855.1    202.2    285.3    131.9 2021  9 25 22 59 12.340  0.37   1
     7206  55.038363 -161.256380    32.814    33330.2    -7004.5    13775.0    171.3    270.4    320.8 2021  9 26  0 19  7.700  1.06   1
     7208  55.161491 -161.871663     7.409    -5966.3     6702.8   -11629.9    214.0    287.2    328.3 2021  9 26  0 19 51.730  0.34   1
     7209  54.914185 -162.207552     1.397   -27475.1   -20828.5   -17642.1    143.2     87.8    130.7 2021  9 26  0 26 43.570  0.83   1
     7211  54.650199 -161.783187    55.018     -324.9   -50216.6    35979.6    284.3    206.4    255.1 2021  9 26  2 13 55.090  1.20   1
     7214  55.410270 -161.846924    14.555    -4374.7    34398.0    -4483.6    349.2    329.5    191.8 2021  9 26  3  7 42.960 -0.29   1
     7218  55.357784 -161.797461    16.301    -1230.3    28555.0    -2738.3    314.2    516.2    181.1 2021  9 26  5 48 24.220  0.34   1
     7219  55.396460 -161.884473    14.428    -6763.4    32860.6    -4611.2    198.9    312.1    169.4 2021  9 26  5 49 11.180  0.36   1
      722  55.208704 -162.054297    19.267   -17605.1    11958.7      228.4    249.8    221.3    214.7 2021  1 24 13 55 59.740  0.94   1
     7220  55.354053 -161.811068    16.617    -2096.2    28139.7    -2421.5    210.6    193.0    129.1 2021  9 26  5 50 50.600  0.15   1
     7223  55.453015 -161.689355    13.168     5641.5    39156.6    -5870.9    292.7    311.9    293.0 2021  9 26  6  0 20.900  0.39   1
     7226  55.374666 -161.752799    21.528     1611.1    30434.5     2489.3    307.6    541.0    208.3 2021  9 26  6  6 24.950  0.55   1
     7234  54.895341 -162.183366     2.327   -25933.7   -22926.3   -16711.9    106.5    157.1    194.7 2021  9 26 13  2 23.780  0.45   1
     7235  54.543787 -162.020068    11.572   -15550.8   -62063.0    -7467.3    371.7    215.3    264.4 2021  9 26 13  2 32.250  1.10   1
      724  55.238269 -162.104639     2.391   -20806.5    15250.1   -16647.7    164.8    170.9    186.8 2021  1 24 15 11  8.640  0.86   1
     7243  54.666349 -160.900000    22.933    56355.9   -48418.7     3894.2    414.6    413.2    392.4 2021  9 26 17 39 54.360  1.71   1
     7247  55.341947 -161.719206    17.411     3749.7    26792.0    -1628.1    191.7    200.7    146.7 2021  9 26 19 10 13.200  0.43   1
     7248  55.349040 -161.813590    15.533    -2256.9    27581.6    -3505.5    161.7    221.1     92.3 2021  9 26 19 15 41.440  0.86   1
     7255  55.257499 -162.025000     4.099   -15727.9    17390.9   -14939.9    309.9    281.1    488.3 2021  9 27  1 34 11.790  0.70   1
     7256  54.572998 -161.307194    28.749    30258.0   -58811.0     9710.5    214.9    187.1    700.5 2021  9 27  1 40 42.150  1.61   1
     7257  55.158175 -162.179639     1.458   -25611.4     6333.6   -17581.2    151.7    253.3    417.1 2021  9 27  2 43 22.440  1.50   1
     7260  55.355176 -161.753955    17.808     1537.9    28264.7    -1230.5    172.5    221.7    129.6 2021  9 27  3 58  1.920  0.38   1
     7261  55.350757 -161.757129    15.139     1336.1    27772.7    -3899.9    168.4    223.5    172.1 2021  9 27  3 58 27.900  0.56   1
     7262  55.374162 -161.757910    17.688     1286.0    30378.3    -1351.1    225.2    151.0    125.2 2021  9 27  4  1 23.460  0.52   1
     7263  55.298844 -161.751807    16.120     1675.8    21993.6    -2919.3    277.5    194.7    152.6 2021  9 27  4  2 16.990  0.32   1
     7264  55.331661 -161.854704    18.556    -4874.2    25646.9     -482.4    204.7    249.8    111.7 2021  9 27  4  3  0.030  0.35   1
     7265  55.360486 -161.774023    18.154      261.0    28855.8     -884.6    294.7    248.3    149.4 2021  9 27  4  4  3.210  0.61   1
      727  55.015324 -161.555957    32.942    14196.7    -9569.2    13902.6    259.0    271.9    354.8 2021  1 24 18 57 12.040  2.29   1
     7276  54.831173 -161.028841    31.983    47989.2   -30069.8    12944.4    222.2    206.1    502.2 2021  9 27 13  1 59.790  2.66   1
     7279  55.269743 -161.584212     5.669    12351.9    18753.9   -13369.6    175.5    182.3    236.0 2021  9 27 15  9 51.900  0.57   1
     7283  55.353711 -161.760075    17.692     1148.6    28101.6    -1347.3    323.3    233.5    157.6 2021  9 27 22 33 47.480  0.73   1
     7284  55.340601 -161.850732    16.463    -4620.9    26642.1    -2576.4    305.3    189.9    127.5 2021  9 27 22 43 50.760  0.62   1
     7291  55.076184 -161.753743    15.154     1556.8    -2794.0    -3885.2    206.7    181.8    284.5 2021  9 28 17  2 20.060  1.23   1
     7299  55.285901 -161.673112    14.849     6687.8    20552.7    -4189.8    249.0    228.4    241.1 2021  9 29 14 25 43.640  0.94   1
       73  54.990279 -162.270085     5.578   -31446.3   -12357.3   -13461.1    173.5    166.3    229.4 2021  1  3  5  8 33.310  1.68   1
     7302  55.291252 -161.664323    15.906     7247.0    21148.3    -3133.3    136.2    106.7    108.3 2021  9 29 23  7 14.760  0.73   1
     7304  55.165340 -162.258252     4.989   -30623.1     7131.3   -14050.0    240.1    193.1    239.1 2021  9 30  1  2 42.310  1.45   1
     7305  55.358866 -161.825618    18.293    -3021.9    28675.5     -746.0    330.4    247.3    146.4 2021  9 30  4 38 29.360  0.94   1
     7307  55.316573 -161.749577    16.631     1817.4    23967.2    -2407.5    364.4    244.9    195.8 2021  9 30  6 25 42.810  1.06   1
     7309  54.773767 -161.089388    32.467    44142.8   -36460.5    13427.9    284.3    363.3    667.9 2021  9 30 10 54 12.800  2.78   1
      731  55.152726 -162.051530     3.357   -17440.9     5727.0   -15681.8    269.5    240.6    374.6 2021  1 24 19 36  4.400  0.99   1
     7310  54.876945 -161.859717     1.763    -5222.7   -24974.2   -17275.4    172.9    167.7    188.6 2021  9 30 11  5 24.240  1.33   1
     7312  54.875285 -161.408203    31.521    23679.4   -25159.0    12481.9    253.0    293.3    423.0 2021  9 30 12  6 14.010  2.08   1
     7313  55.007731 -162.312793    13.277   -34168.8   -10414.5    -5761.8    196.5    171.5    184.4 2021  9 30 16 10 14.260  1.04   1
     7317  55.268795 -161.151709     9.296    39902.1    18648.3    -9741.9    261.3    432.1   2446.3 2021  9 30 23 16  3.080  2.19   1
      732  55.324011 -161.714502     4.816     4049.9    24795.3   -14223.1     94.6    164.8     72.2 2021  1 24 20 52 53.320  1.36   1
     7321  54.981417 -162.224723     3.477   -28549.9   -13343.9   -15562.3    129.5    157.9    252.6 2021 10  1  5  8 21.050  0.62   1
     7322  54.414917 -162.037630    16.065   -16706.1   -76409.3    -2974.3    296.2    168.9    208.2 2021 10  1  7 34 27.890  1.79   1
     7325  54.853524 -161.180143    16.645    38288.2   -27581.6    -2393.9    282.2    298.2    355.7 2021 10  1 12 27 28.960  2.30   1
     7327  55.505721 -162.015788    39.778   -15094.0    45024.1    20739.2    354.3    281.2    232.9 2021 10  1 14 14  5.160  3.80   1
     7329  55.016907 -162.386523    17.678   -38876.2    -9393.0    -1360.4    235.3    166.8    338.5 2021 10  1 21 23 40.720  1.91   1
     7337  54.476815 -162.241748    61.567   -29823.8   -69518.6    42528.0    382.7    161.0    186.0 2021 10  5  2 40 17.350  1.85   1
     7339  55.344633 -161.814502     1.375    -2315.0    27091.0   -17664.1    317.1    286.8    344.8 2021 10  5  4 28 38.180  0.94   1
     7341  54.541899 -163.313395    13.365   -98681.3   -62273.2    -5673.7    209.9    227.4    212.1 2021 10  5  5 47 43.300  1.61   1
     7344  54.825444 -161.903255     0.970    -8014.8   -30707.6   -18068.6    198.9    171.2    155.7 2021 10  5  9 17 49.140  1.82   1
     7345  55.359456 -161.570866     9.621    13187.2    28741.2    -9417.5    162.7    202.5    267.0 2021 10  5 11 39 41.750  0.38   1
     7346  55.369055 -161.769189    15.862      568.5    29809.8    -3176.4    229.8    194.5    167.5 2021 10  5 15 44 11.470  0.92   1
      735  54.381685 -161.908398     8.582    -8390.0   -80108.9   -10457.4    366.1    209.0    297.3 2021  1 24 21 16 22.960  5.31   1
     7352  55.471440 -161.580924    27.506    12529.6    41207.7     8467.2    384.2    373.4    422.6 2021 10  5 19 59  6.500  1.74   1
     7359  54.828748 -162.194922     1.634   -26695.3   -30339.8   -17404.5     94.5    109.3    136.4 2021 10  6  3 42 47.150  2.29   1
     7360  54.920089 -162.261035     5.426   -30894.8   -20171.3   -13612.6    206.4    149.9    182.8 2021 10  6  3 43  8.370  2.37   1
     7366  54.995374 -162.440348     7.414   -42326.9   -11790.2   -11624.5    152.5    209.4    303.1 2021 10  6  6 28 37.800  1.83   1
     7368  55.002193 -162.238737     3.710   -29438.2   -11031.0   -15329.3    212.8    169.1    310.4 2021 10  6  6 43 16.730  1.92   1
     7381  55.441524 -161.949854    41.472   -10915.3    37877.4    22433.0    353.4    318.5    123.2 2021 10  7  6  8  1.900  1.33   1
     7382  55.243538 -161.641130    34.396     8729.2    15836.7    15356.8    272.4    241.2    207.0 2021 10  7  8 35 23.410  1.15   1
     7384  55.463497 -161.695915    14.650     5224.0    40323.5    -4388.5    140.3    176.2    181.8 2021 10  7 12 25 27.080  0.10   1
     7386  55.405021 -161.852018     5.618    -4698.9    33813.7   -13421.0    354.9    299.2    325.7 2021 10  7 16 55  8.250  0.58   1
     7398  55.011625 -162.300765     6.488   -33398.5    -9981.0   -12550.6    357.6    256.2    191.7 2021 10  9  6  0 37.850  1.00   1
     7399  54.945418 -162.072656    19.195   -18837.1   -17351.5      155.9    367.5    355.1    423.5 2021 10  9 11  9 32.760  2.49   1
     7400  54.561430 -161.805859    11.250    -1782.2   -60098.9    -7788.9    281.7    132.6    281.4 2021 10  9 15  6  0.030  2.39   1
     7411  55.369458 -161.598551    15.265    11424.3    29854.6    -3774.2    234.7    552.9    319.8 2021 10 10 10 24 41.830  0.01   1
     7412  54.612252 -161.461133    11.708    20357.4   -54441.1    -7330.9    206.9    172.3    243.3 2021 10 10 14 34 51.400  1.88   1
     7416  55.331490 -161.971240    17.331   -12291.6    25627.9    -1708.0    391.5    190.3    279.1 2021 10 10 18 56 57.500  1.05   1
      742  55.253194 -161.404460     4.917    23806.7    16911.6   -14122.1    169.8    222.4    243.1 2021  1 25  4 42 41.080  0.75   1
     7420  55.319987 -161.546729     5.319    14730.3    24347.3   -13719.9    198.5    254.8    403.6 2021 10 11  4 21  3.640  0.62   1
     7421  55.367387 -161.311133    17.303    29710.3    29624.1    -1736.1    238.6    242.1    507.2 2021 10 11  9 11  5.030  4.84   1
     7422  55.388696 -161.385677    18.924    24961.1    31996.3     -115.0    173.2    340.5    286.6 2021 10 11  9 11 37.720  5.55   1
     7428  54.897506 -161.704801    15.554     4692.3   -22685.3    -3485.3    300.2    252.4    666.5 2021 10 11 12 25 38.840  2.16   1
      743  54.676896 -161.094368    12.354    43876.1   -47244.6    -6684.7    305.8    364.1    273.1 2021  1 25  5 26 57.040  1.24   1
     7433  55.266565 -161.867627     5.137    -5701.3    18400.1   -13902.3    450.3    334.0    464.3 2021 10 11 17 57 46.040  1.36   1
     7434  55.377795 -161.624642     6.406     9763.4    30782.8   -12632.5    172.5    246.0    636.5 2021 10 11 19 36 40.880  2.04   1
     7437  55.232853 -161.874967     7.152    -6171.5    14647.2   -11886.6    262.2    245.7    236.6 2021 10 11 19 41 45.020  2.21   1
     7439  55.422176 -161.439372    21.958    21536.9    35723.5     2918.9    224.3    456.7    218.3 2021 10 12  0 54 54.760  1.59   1
      744  55.140385 -161.508643     3.421    17193.3     4353.2   -15617.7    169.9    253.3    311.8 2021  1 25  5 35 14.680  0.69   1
     7441  55.097103 -161.919743     2.391    -9040.3     -465.2   -16647.9    172.2    182.8    253.6 2021 10 12  0 58  1.950  1.29   1
     7452  55.359717 -161.756722    19.562     1361.8    28770.2      522.9    531.2    702.4    363.7 2021 10 12 14 15  0.590  0.01   1
     7455  55.298828 -161.947314    15.105   -10773.2    21991.8    -3933.7    411.4    280.5    215.7 2021 10 12 19  6 27.380  1.39   1
     7465  55.704496 -162.211247     1.765   -27439.0    67152.7   -17273.9    501.0    376.0    408.3 2021 10 13  3  5 17.820  2.01   1
     7466  54.997249 -162.283138     6.182   -32277.9   -11581.4   -12856.6    161.6    140.4    159.3 2021 10 13  5 25 10.600  1.41   1
     7468  55.047282 -162.185937    30.408   -26049.1    -6011.5    11368.8    594.8    522.3    446.9 2021 10 13  6  6 51.980  1.77   1
     7469  55.123275 -161.792806     6.038     -936.9     2448.4   -13001.1    175.3    229.7    260.4 2021 10 13  7 25 59.470  0.83   1
     7471  55.058248 -161.074040    37.003    44967.4    -4790.7    17964.6    306.5    586.9    520.4 2021 10 13 11 34 58.770  2.14   1
     7475  54.638664 -161.865072    21.949    -5581.9   -51500.8     2910.4    266.1    198.5    197.0 2021 10 13 17 58 24.700  1.93   1
     7476  55.463993 -161.121761    39.131    41707.7    40378.8    20092.2    286.6    541.9    392.8 2021 10 14  1 14  1.840  1.87   1
     7485  55.211853 -161.674268     4.465     6620.3    12309.3   -14573.9    296.7    182.6    330.9 2021 10 14 13  4 28.920  0.81   1
     7486  54.644157 -161.399984    12.014    24274.8   -50889.3    -7025.1    222.2    162.2    207.5 2021 10 14 13 54 54.980  2.52   1
     7488  55.086873 -161.609619    22.486    10758.0    -1604.0     3447.0    280.7    265.2    352.2 2021 10 14 15 23  4.770  0.30   1
     7490  55.387065 -161.930550     6.596    -9695.0    31814.7   -12443.1    190.4    122.9    235.3 2021 10 14 15 59 58.120  0.27   1
     7491  55.178955 -161.457764     4.755    20429.6     8647.0   -14284.2    252.3    230.9    293.4 2021 10 14 18  5 58.280  1.07   1
     7492  55.432418 -161.626351    10.165     9648.1    36863.6    -8873.9    119.3    248.9    235.2 2021 10 14 18 10 42.020  0.54   1
     7496  54.775354 -161.264388    13.746    32926.0   -36283.8    -5292.5    396.2    256.5    347.1 2021 10 14 19 30 12.720  2.07   1
     7498  54.499784 -162.053092    15.448   -17683.0   -66961.5    -3590.6    333.5    206.7    400.2 2021 10 14 20  4 46.620  2.06   1
     7502  54.917114 -162.216602     2.386   -28053.1   -20502.4   -16652.5    109.7     86.0    105.9 2021 10 14 21 35 34.360  1.74   1
     7504  55.221269 -161.420540     4.138    22791.3    13357.5   -14901.0    151.6    267.9    240.8 2021 10 15  0 17 46.620  1.00   1
     7505  55.388143 -161.769124     4.810      572.5    31934.7   -14229.3    265.8    392.0    289.9 2021 10 15  2 46 27.700  0.92   1
     7506  55.496716 -161.695133    11.747     5271.4    44021.6    -7292.3    263.7    177.7    271.2 2021 10 15  2 46 59.210  1.06   1
      751  54.944735 -162.249658     6.225   -30157.7   -17427.6   -12814.2    136.3    126.1    130.7 2021  1 25 15 34 57.710  1.47   1
     7513  55.344548 -161.869173     0.708    -5794.2    27081.5   -18330.4    223.3    354.0    326.0 2021 10 15  8 18 50.890  3.14   1
     7516  54.990625 -162.314974     7.940   -34315.5   -12318.8   -11099.3    190.1    163.4    156.8 2021 10 15  9 49 25.890  1.72   1
     7518  55.429313 -161.597656    10.513    11472.6    36518.0    -8525.7    120.7    235.0    216.9 2021 10 15 17  5  9.140  0.44   1
     7522  55.386658 -161.006136    22.221    49102.5    31769.4     3182.1    281.2    760.1    370.4 2021 10 16  4 28 12.600  1.35   1
     7524  55.311263 -160.466471    12.144    83506.7    23376.1    -6895.2    218.3    495.8    219.2 2021 10 16  6 16 28.460  1.63   1
     7527  54.993477 -161.809049     4.489    -1976.6   -12001.3   -14549.7    197.7    178.7    286.6 2021 10 16  7 38 27.140  1.22   1
     7528  55.363981 -162.262988     5.740   -30848.6    29244.9   -13298.6    268.6    356.7    394.3 2021 10 16  7 59 55.480  1.37   1
      753  55.065552 -161.695068     5.915     5304.1    -3977.6   -13124.3    184.0    239.7    298.1 2021  1 25 21 59  6.360  1.38   1
     7530  55.387528 -161.556592    19.327    14090.5    31866.3      287.9    416.9    254.0    455.3 2021 10 16  9 36 58.290  0.15   1
     7531  55.296431 -161.771061    12.764      449.8    21725.0    -6274.4    366.5    229.4    223.6 2021 10 16  9 42 50.900  0.76   1
     7533  55.435498 -161.665365    13.762     7167.8    37206.5    -5277.1    242.3    286.8    246.3 2021 10 16 10  5 18.810  0.40   1
     7535  55.384229 -161.836198    15.339    -3693.8    31499.0    -3699.6    143.2    210.4    124.5 2021 10 16 10 50 37.620  0.66   1
     7536  54.995186 -161.639453    23.366     8863.4   -11811.0     4327.4    247.9    217.1    235.8 2021 10 16 10 54 30.620  1.40   1
     7538  55.387846 -161.809229    16.935    -1978.3    31901.7    -2104.2    203.8    243.6    165.8 2021 10 16 14 19 59.740  0.69   1
     7544  55.287004 -161.480371    17.459    18962.3    20675.4    -1579.6    168.5    231.8    282.9 2021 10 16 17 35 56.920  0.72   1
     7547  54.506913 -162.194808    53.309   -26794.3   -66167.9    34270.3    520.9    188.0    210.3 2021 10 16 21  0 20.720  1.89   1
     7559  55.356348 -161.655924    17.016     7775.5    28395.1    -2022.4    191.3    242.8    161.6 2021 10 18 11 13 55.140  1.19   1
     7562  55.094564 -162.077002     7.352   -19079.6     -747.9   -11686.8    128.0    213.8    368.5 2021 10 18 15  0 54.360  1.15   1
     7563  55.410083 -161.602897    16.187    11142.1    34377.2    -2852.4    180.9    295.2    287.4 2021 10 18 20 17 32.540  1.03   1
     7564  54.882633 -162.165137     0.168   -24771.0   -24341.0   -18871.3    153.0    137.9    126.0 2021 10 18 20 24 46.800  1.48   1
     7567  55.401648 -161.550098     4.127    14501.0    33438.2   -14912.2    122.9    302.6    690.0 2021 10 18 22 23 28.900  0.43   1
     7570  55.380286 -161.563672     4.377    13641.4    31060.0   -14661.5    200.7    210.9    217.7 2021 10 19  4 56 46.280  0.48   1
     7579  55.366528 -161.663477    18.895     7294.1    29528.5     -143.7    253.9    356.6    204.2 2021 10 19 20 46 21.180  0.96   1
     7585  55.366996 -161.758301    15.299     1261.2    29580.6    -3739.8    208.5    196.7    127.9 2021 10 20  3  1  1.960  0.68   1
     7587  55.360942 -161.685693     8.515     5881.0    28906.6   -10523.7    241.6    233.1    333.2 2021 10 20  3 43 33.910  1.67   1
     7588  55.403064 -161.591488     6.983    11868.7    33595.8   -12055.8    186.8    239.4    470.7 2021 10 20  5 26 53.150  0.20   1
     7592  55.365873 -161.801172    16.424    -1466.3    29455.6    -2614.8    212.6    270.9    158.2 2021 10 20 10 35 14.480  0.89   1
     7595  55.430929 -161.759668     5.021     1173.3    36697.8   -14017.6    260.2    217.1    339.9 2021 10 20 12 41 30.150  0.56   1
     7602  54.673962 -160.732422     7.395    67104.3   -47571.2   -11643.4    538.9    560.3    505.8 2021 10 21  2  7 40.270  2.78   1
     7606  55.246521 -161.372201    24.551    25864.2    16168.7     5511.7    248.3    406.3    189.9 2021 10 21  8 25 35.430  1.83   1
     7610  55.360103 -161.764225    15.151      884.4    28813.2    -3887.6    234.2    207.1    134.0 2021 10 21 11  7 18.980  1.12   1
     7612  54.688586 -161.484408    43.065    18844.9   -45943.2    24025.6    249.6    261.7    318.5 2021 10 21 12 32 42.960  1.80   1
     7613  55.416012 -161.860156    14.325    -5215.7    35037.2    -4713.6    316.9    273.8    145.6 2021 10 21 13 18 21.200  0.66   1
     7618  55.285242 -161.924642    32.214    -9331.1    20479.3    13174.9    617.4    420.5    268.5 2021 10 22  7 32  5.690  0.89   1
     7627  55.137292 -161.335628     0.292    28232.9     4008.9   -18746.8    214.7    246.7    179.8 2021 10 23 20 59  9.840  2.46   1
     7633  54.880892 -162.191178     1.446   -26438.4   -24534.8   -17593.3    132.2    112.2    126.7 2021 10 24 14 30 22.330  1.15   1
     7644  54.518595 -161.463525     6.961    20227.1   -64867.4   -12077.9    403.3    297.5    332.9 2021 10 25  8 37 18.900  1.74   1
     7645  55.079207 -162.068229     0.845   -18523.1    -2457.4   -18194.3    127.5    242.9    226.8 2021 10 25 13 19 39.520  1.47   1
     7646  55.068140 -162.068441     5.162   -18539.2    -3689.5   -13876.9    127.6     99.1    262.3 2021 10 25 16 44 28.910  0.79   1
     7663  54.415763 -161.604671    10.323    11166.3   -76315.1    -8715.7    277.1    208.2    221.4 2021 10 27  0  0 11.710  1.89   1
     7665  54.918449 -162.195247     2.280   -26686.5   -20353.8   -16759.0    155.2    104.0    130.4 2021 10 27  2 51 52.540  2.05   1
     7667  54.909037 -162.189486     0.966   -26320.9   -21401.6   -18072.5    120.9     97.2     91.9 2021 10 27  3  8 18.840  1.11   1
     7668  54.864506 -162.197542     0.500   -26851.2   -26359.0   -18538.7    162.0    179.4    170.7 2021 10 27  3  8 31.690  1.39   1
     7669  55.137520 -163.242367    14.872   -93423.6     4034.3    -4166.7    217.2    425.7    266.7 2021 10 27  6 59 21.160  3.09   1
      767  55.304553 -161.678109     6.604     6368.1    22629.1   -12434.7    115.7    163.6    202.6 2021  1 26 19 19 41.320  1.54   1
     7674  55.078874 -162.076921     2.984   -19078.1    -2494.6   -16054.6    119.1    213.5    525.0 2021 10 27 10 13 27.160  1.51   1
     7677  55.078532 -162.072477     3.527   -18794.5    -2532.6   -15511.6    109.1    107.4    246.6 2021 10 27 12 56 54.520  1.10   1
      768  54.533516 -162.210173    55.389   -27773.2   -63206.3    36350.4    465.6    147.4    142.0 2021  1 26 19 36 57.400  1.51   1
     7681  54.376107 -161.521989     8.564    16497.1   -80729.9   -10474.7    369.4    307.9    326.7 2021 10 27 15 11  7.230  2.49   1
     7683  54.941203 -161.405306    33.572    23845.3   -17820.7    14533.0    286.3    271.7    334.2 2021 10 27 16 16 10.650  1.48   1
     7689  54.527108 -162.122884    29.802   -22163.8   -63919.7    10763.4    698.2    262.0    800.8 2021 10 28  2 58 55.960  2.33   1
     7691  55.372965 -161.581510    11.381    12507.8    30245.1    -7657.8    149.9    234.0    199.8 2021 10 28  5 53 47.120  0.32   1
     7693  55.310828 -161.678483    17.381     6343.8    23327.6    -1657.4    216.8    226.4    176.7 2021 10 28 11 56 20.060  1.01   1
     7696  54.574825 -161.306689    14.753    30289.8   -58607.6    -4285.8    191.2    169.8    177.6 2021 10 28 15  5 52.680  1.86   1
     7699  55.343563 -162.197233    12.145   -26671.8    26971.9    -6893.4    278.0    283.2    397.6 2021 10 28 15 59 55.260  1.58   1
     7700  54.609965 -161.336963    13.988    28332.4   -54695.7    -5051.3    152.9    204.3    143.9 2021 10 28 18 35 56.340  1.72   1
     7705  54.976497 -162.636898     4.926   -54902.6   -13891.6   -14112.4    124.1    232.3    227.7 2021 10 28 21 30 22.900  1.56   1
     7709  54.948930 -161.532275    21.425    15722.9   -16960.5     2386.4    231.7    213.2    327.9 2021 10 28 22 41 30.440  1.97   1
      771  54.467916 -161.671305    36.592     6872.2   -70509.3    17553.0    484.0    311.2    697.0 2021  1 26 22 17  9.840  1.92   1
     7711  55.306295 -162.163542    39.553   -24539.1    22823.0    20513.8    373.8    409.2    238.2 2021 10 28 23 59 53.260  1.45   1
     7719  54.952462 -161.767301     4.377      692.2   -16567.3   -14662.2    200.1    215.3    218.2 2021 10 29  5 21 21.040  1.21   1
      772  55.548556 -162.592253    13.011   -51677.7    49792.6    -6028.3    465.6    687.9    610.7 2021  1 26 22 24 53.720  1.65   1
     7723  55.315617 -161.768604    12.062      606.2    23860.8    -6977.0    333.3    289.7    223.6 2021 10 29  8 15 33.330  0.10   1
     7726  55.311275 -161.891585    14.416    -7223.5    23377.5    -4623.1    381.3    262.4    262.6 2021 10 29  8 32 40.840  0.11   1
     7730  55.203841 -160.875553    15.033    57539.5    11417.4    -4006.0    284.4    582.5    373.4 2021 10 29  9 20 40.510  1.90   1
     7731  55.303044 -161.763005    21.501      962.7    22461.1     2462.4    713.0    476.7    418.7 2021 10 29  9 22  5.270  1.26   1
     7735  55.193136 -161.602637     9.667    11189.0    10225.6    -9371.9    432.9    217.2    393.7 2021 10 31  1 50  3.300  1.83   1
     7742  55.349483 -161.727051     6.062     3250.1    27631.0   -12977.2    309.1    281.3    403.2 2021 10 31 14 28  1.510  0.43   1
     7750  55.367126 -161.488753    14.221    18410.0    29595.1    -4818.3    185.1    225.4    411.2 2021 10 31 17 11 37.460  1.34   1
      776  55.009347 -161.595459    38.387    11673.3   -10234.7    19348.3    261.9    216.3    245.5 2021  1 26 23 39 36.360  2.17   1
     7762  55.336239 -162.004020     6.171   -14377.2    26156.5   -12867.9    263.4    136.1    514.7 2021 11  1  7  1 10.340  1.35   1
     7766  54.834444 -162.798730     9.246   -65363.9   -29705.6    -9792.4    147.7    158.1    260.5 2021 11  1  8 41 31.230  1.52   1
      777  54.577014 -162.045687    52.275   -17190.4   -58363.9    33236.4    269.2    139.8    207.1 2021  1 26 23 47 27.680  1.94   1
     7775  55.232284 -161.503955    24.641    17472.3    14583.7     5601.7    160.3    182.6    118.2 2021 11  1 11  0 23.140  1.64   1
     7779  54.841028 -161.267171    30.822    32721.0   -28972.7    11782.7    237.7    245.9    549.1 2021 11  1 11 27  0.290  2.63   1
     7788  55.287333 -161.033122    39.771    47445.0    20712.1    20732.5    139.6    366.8    285.9 2021 11  1 14 58 47.590  1.78   1
     7792  54.829000 -162.394808    15.404   -39497.6   -30311.7    -3634.9    343.4    152.2    428.9 2021 11  1 17  8 19.620  0.90   1
     7794  55.259163 -163.467871     7.638  -107648.1    17576.1   -11400.9    498.6    850.3    378.4 2021 11  1 18 29 17.320  2.80   1
     7796  55.249052 -161.709798     9.217     4353.4    16450.5    -9822.3    341.0    285.6    417.1 2021 11  1 19 31  8.700  1.33   1
     7798  55.358651 -161.620996     9.965     9997.7    28651.5    -9073.8    226.9    356.6    334.3 2021 11  1 20 26 55.080  0.67   1
     7803  55.283590 -161.261947     1.143    32874.0    20295.4   -17895.7    217.8    317.7    216.8 2021 11  2  1 36 10.570  1.20   1
     7805  54.546712 -161.693652    11.838     5429.3   -61737.3    -7200.7    137.8    106.3    176.1 2021 11  2  1 51  5.080  2.08   1
     7807  55.328385 -161.767025    14.447      706.5    25282.2    -4591.8    276.8    272.3    143.2 2021 11  2  2 20 10.100  0.58   1
     7810  54.938241 -162.242350     4.705   -29692.7   -18150.5   -14334.2    254.3    134.5    307.9 2021 11  2  7  5  3.520  0.95   1
     7812  55.290951 -161.955078    11.923   -11268.6    21114.8    -7116.4    571.4    569.3    508.6 2021 11  2  8 21 34.590  1.73   1
     7825  54.882357 -162.189681     4.869   -26342.1   -24371.8   -14170.3    257.4    198.1    280.2 2021 11  2 18 12 27.200  0.97   1
     7829  55.374064 -161.735742    18.902     2696.2    30367.4     -137.0    214.0    173.0    125.6 2021 11  2 19  3 34.880  0.80   1
      783  55.656063 -161.244743    60.671    33811.3    61760.8    41632.3    506.8    490.0    448.7 2021  1 27  1 21 14.170  2.07   1
     7834  55.176396 -161.698910    24.781     5051.8     8362.0     5741.9    315.7    217.5    120.2 2021 11  3  1 28 35.140  1.10   1
     7835  54.873543 -160.978060    13.157    51214.7   -25352.9    -5881.8    375.4    388.5    396.7 2021 11  3  7 48 30.350  2.25   1
     7836  55.064750 -161.582096    34.389    12518.6    -4066.9    15350.0    278.6    302.3    362.1 2021 11  3 13 15 20.120  2.25   1
     7837  55.307019 -161.649007     6.657     8220.7    22903.6   -12381.6    159.2    184.6    358.9 2021 11  3 13 15 42.950  1.25   1
     7842  55.379521 -161.486117     5.562    18574.9    30974.9   -13477.0    182.8    311.8    283.2 2021 11  4  3 45 18.910  0.99   1
     7843  55.414648 -161.573519    11.342    13009.4    34885.5    -7696.5    122.4    273.9    171.4 2021 11  4  3 54 36.170  1.28   1
     7846  55.428337 -160.949040    53.482    52706.6    36409.3    34443.6    208.1    492.4    291.3 2021 11  4  6 52 14.600  2.29   1
     7847  55.540588 -161.849544    10.890    -4533.9    48905.7    -8148.5    516.9    209.6    357.9 2021 11  4  6 52 54.210  1.61   1
     7848  55.375932 -162.932975     1.005   -73464.3    30575.3   -18034.1    372.4    429.8    311.4 2021 11  4  6 52 58.340  2.12   1
     7849  54.995825 -162.294173     6.976   -32983.8   -11739.9   -12062.5    188.3    170.2    179.1 2021 11  4  8 58  6.310  2.84   1
     7857  55.205025 -161.910612     2.923    -8446.0    11549.2   -16116.2    231.5    250.3    577.3 2021 11  4 23 40 36.900  1.18   1
     7861  55.433980 -161.646273    18.347     8381.5    37037.6     -692.0    201.7    262.4    205.4 2021 11  5  4 25 23.170  1.03   1
     7862  55.342961 -161.559782    19.013    13895.3    26904.8      -25.9    120.8    251.2    191.0 2021 11  5  4 27 55.680  1.18   1
     7866  55.329753 -161.502946     1.375    17515.3    25434.4   -17664.4    342.5    427.9    363.4 2021 11  5  7 28 38.700  1.60   1
     7871  55.442440 -161.818831    21.878    -2587.3    37979.3     2839.5    258.3    262.2    173.2 2021 11  5 13 17 58.610  0.98   1
     7872  55.316211 -161.650993     8.123     8093.4    23926.9   -10916.0    196.3    294.5    218.4 2021 11  5 15 50 47.600  1.26   1
     7873  55.418835 -161.913428    21.098    -8602.5    35351.6     2058.7    342.5    417.9    214.2 2021 11  5 15 59 56.170  1.65   1
     7874  55.348918 -161.721794    30.783     3584.7    27568.0    11744.1    383.2    577.9    279.7 2021 11  5 17 27 28.240  1.83   1
     7877  54.894649 -162.501107    27.422   -46268.2   -23003.3     8383.1    243.3    219.0    515.5 2021 11  5 21 49  9.440  1.92   1
     7878  55.170858 -161.839258    12.391    -3898.9     7745.5    -6647.7    429.6    179.0    307.2 2021 11  5 23 58  2.880  1.86   1
     7879  55.395076 -161.588574    21.621    12055.1    32706.6     2581.7    156.9    258.1    171.9 2021 11  5 23 58  3.300  0.85   1
     7880  55.365365 -161.925439     7.378    -9372.5    29398.9   -11661.0    330.9    225.0    326.6 2021 11  6  0  1 51.100  1.32   1
     7882  54.951815 -162.237484     2.119   -29376.5   -16639.4   -16920.1    111.3    114.3    146.4 2021 11  6 11 17 24.790  1.25   1
     7884  55.325175 -161.694124    16.227     5347.0    24924.8    -2811.9    177.8    171.3    146.2 2021 11  6 14 47 26.170  1.61   1
     7889  55.299487 -162.143343    48.469   -23255.1    22065.2    29430.3    330.0    303.8    220.1 2021 11  6 15 59 52.330  1.67   1
     7890  55.386666 -161.839323     5.208    -3892.5    31770.3   -13830.9    239.2    207.6    270.0 2021 11  6 21 35 46.280  0.28   1
     7894  54.937472 -160.412956    11.437    87319.5   -18236.1    -7602.3    396.2    576.7    382.2 2021 11  7  3 21  1.110  2.31   1
      790  55.002710 -162.271191    19.815   -31512.2   -10973.5      775.9    223.4    200.7    147.7 2021  1 27  2  7 34.120  1.76   1
     7903  55.416858 -161.923600    13.330    -9249.5    35131.4    -5708.7    246.1    177.1    125.6 2021 11  7 10 51 56.410  1.49   1
     7905  55.371330 -161.932682     1.426    -9832.5    30063.0   -17613.0    294.2    236.0    262.5 2021 11  7 11  1 16.900  0.86   1
     7909  55.428243 -161.655632    16.540     7787.2    36398.9    -2498.4    192.4    260.1    215.1 2021 11  7 16 53 33.990  1.17   1
      791  55.261784 -160.310758    11.513    93478.0    17867.8    -7525.5    269.7    506.8    274.0 2021  1 27  2 11 53.510  1.44   1
     7913  55.327165 -160.495882    13.614    81618.0    25146.4    -5425.2    256.0    603.9    256.8 2021 11  7 17 58  5.520  3.12   1
     7915  55.285681 -161.631901    27.880     9312.4    20528.2     8841.2    254.3    307.9    258.4 2021 11  8  3 22 52.080  1.86   1
     7916  55.340263 -161.864079    20.264    -5470.3    26604.5     1225.2    467.5    260.7    212.6 2021 11  8  3 31 27.700  1.90   1
      792  55.265377 -161.546745    12.294    14739.3    18267.8    -6745.0    137.5    198.9    257.1 2021  1 27  3  8 54.450 -0.20   1
     7927  55.493864 -161.986312    11.626   -13224.0    43704.1    -7413.2    340.8    270.9    385.4 2021 11  8 11  5 30.690  1.43   1
      793  54.495056 -162.067399    50.298   -18604.2   -67487.9    31259.0    366.8    170.0    230.3 2021  1 27  4 14  5.590  1.60   1
     7933  55.361300 -162.331836    44.760   -35230.1    28946.4    25720.9    236.2    457.0    148.2 2021 11  8 15 59 52.080  1.57   1
     7935  55.695768 -162.062533     1.419   -18019.7    66181.0   -17620.1    495.3    330.9    337.9 2021 11  8 16 33 19.830  2.08   1
      794  55.050146 -161.469157    17.178    19734.7    -5692.6    -1861.2    183.1    309.8    446.0 2021  1 27  4 24  7.540  1.70   1
     7940  55.276917 -161.720817    22.642     3650.1    19552.5     3602.6    277.5    198.2    180.9 2021 11  8 19 29  9.180  1.93   1
     7941  55.561039 -161.885921     2.349    -6841.4    51182.4   -16690.1    395.0    194.5    210.3 2021 11  8 19 29  9.140  1.29   1
     7945  55.567021 -162.072868    10.022   -18704.8    51848.2    -9016.7    326.6    256.3    385.4 2021 11  8 19 37 10.360  1.78   1
     7947  55.094035 -161.851986     9.781    -4715.1     -806.8    -9257.4    301.7    252.3    299.6 2021 11  8 21 15  2.240  0.97   1
     7949  54.710673 -161.851090    32.808    -4680.2   -43484.4    13769.5    268.8    225.6    351.2 2021 11  9  0  1 28.240  1.25   1
     7954  55.544462 -161.864193    15.169    -5463.5    49336.9    -3869.8    407.6    262.0    250.1 2021 11  9  5 52 12.820  1.09   1
      796  55.067041 -160.828483    63.337    60643.6    -3811.8    44298.2    139.0    293.2    177.4 2021  1 27  4 46  2.420  2.19   1
     7961  55.019503 -162.278776    18.393   -31990.2    -9104.0     -645.4    216.2    243.6    196.2 2021 11  9 13  8 43.110  1.10   1
     7963  55.223596 -161.852604     6.861    -4746.9    13616.6   -12178.2    486.1    408.0    667.4 2021 11  9 13 16 10.200  0.30   1
     7967  54.398918 -161.194173     9.816    37600.3   -78190.5    -9223.1    370.4    321.0    276.1 2021 11  9 17 49 51.560  1.53   1
     7968  54.530473 -161.764958    41.178      846.5   -63545.1    22139.6    379.9    257.7    442.7 2021 11  9 18 11 27.580  1.31   1
     7969  54.908557 -162.225537     5.256   -28627.8   -21455.0   -13783.3    106.9    104.1    138.0 2021 11  9 18 21 38.600  0.36   1
      797  54.883065 -161.501563    28.293    17701.5   -24292.9     9254.6    280.1    211.1    516.2 2021  1 27  7 10 24.620  1.38   1
     7975  54.507975 -163.240625     2.665   -94043.2   -66049.7   -16373.6    214.4    208.2    207.6 2021 11 10  1 47 18.050  2.06   1
     7993  55.324333 -161.999951     8.949   -14120.3    24831.1   -10090.1    365.9    352.4    422.7 2021 11 11 19  0 20.720  1.81   1
     7995  55.401554 -161.897721     9.903    -7605.5    33427.8    -9135.9    342.7    273.2    191.6 2021 11 11 23 59 57.800  1.60   1
     7996  55.073059 -162.857747     3.570   -68938.9    -3141.9   -15469.0    152.4    195.5    238.2 2021 11 12  0 50 11.380  1.46   1
        8  54.625688 -161.422738    12.080    22819.3   -52945.4    -6958.6    217.7    187.9    232.2 2021  1  1 12 35 10.290  1.64   1
       80  54.646708 -160.988232    36.088    50705.7   -50605.3    17048.7    349.0    373.1    788.9 2021  1  3  6  4 33.760  2.38   1
     8000  55.359920 -161.789274     0.830     -709.4    28792.9   -18209.2    158.9    106.0    162.4 2021 11 12 10 29  4.990  1.70   1
     8002  55.266280 -161.303597    15.979    30227.9    18368.4    -3059.5    203.3    416.8    558.5 2021 11 12 12 16 57.820  1.48   1
     8003  55.345976 -161.943327     6.525   -10513.0    27240.5   -12513.9    206.6    190.5    130.4 2021 11 12 12 22 52.240  0.08   1
     8006  55.348840 -161.982536     6.455   -13007.7    27559.4   -12584.1    199.3    250.1    228.9 2021 11 12 16 32 31.600  1.05   1
     8013  55.442338 -161.742936    10.860     2236.6    37968.0    -8179.0    161.4    352.3    349.2 2021 11 12 19 29 55.120  1.58   1
     8016  55.405119 -161.822266     5.437    -2806.9    33824.6   -13601.5    205.8    187.1    216.8 2021 11 12 19 37 15.100  0.31   1
     8017  55.450460 -161.658757     6.441     7586.4    38872.1   -12598.1    216.2    278.4    621.8 2021 11 12 19 44 20.160  0.07   1
     8018  54.987398 -162.772038     2.887   -63533.6   -12678.0   -16152.1    170.6    279.4    284.6 2021 11 12 19 46 31.040  1.44   1
     8019  54.498962 -163.241927     6.738   -94137.4   -67053.0   -12300.9    247.9    242.6    259.7 2021 11 12 21 19 52.400  2.15   1
     8025  55.523291 -161.855111     7.730    -4888.3    46980.1   -11308.7    258.3    206.0    337.3 2021 11 13  3  1 50.580  0.98   1
     8038  54.488542 -163.217187    10.315   -92558.2   -68213.1    -8723.4    182.0    169.4    151.2 2021 11 13 12  7 42.080  2.11   1
      804  54.376180 -162.123145    35.719   -22221.8   -80721.7    16679.8    732.5    279.1    646.1 2021  1 27  9  5 59.730  2.00   1
     8044  55.399329 -161.951074    10.120   -10998.7    33180.0    -8918.9    210.4    133.7    164.7 2021 11 13 15 59 57.610  0.84   1
     8047  55.340548 -161.735726    15.665     2698.4    26636.2    -3373.7    184.3    300.9    130.6 2021 11 13 16 11 33.560  1.84   1
     8051  55.396566 -161.690967    14.863     5543.0    32872.4    -4175.9    226.7    442.3    204.5 2021 11 13 19 22 38.240  0.36   1
     8055  55.362944 -161.891602    23.519    -7219.8    29129.4     4480.0    448.8    355.5    158.9 2021 11 13 19 25 42.960  1.66   1
     8060  55.360046 -161.880273     0.983    -6499.3    28806.9   -18055.5    250.9    209.5    251.8 2021 11 13 19 35 14.000  0.32   1
     8066  54.532471 -163.290039    14.217   -97191.3   -63322.7    -4821.5    204.7    218.7    229.5 2021 11 14  0  4 47.600  1.67   1
     8067  55.305839 -161.650618     7.406     8118.3    22772.3   -11632.4    157.0    310.8    680.2 2021 11 14  2 14 19.250  1.62   1
     8068  55.095312 -161.884294    17.318    -6777.5     -664.5    -1720.8    430.5    186.5    204.0 2021 11 14  2 14 28.850  1.93   1
     8069  55.517480 -161.797949    14.421    -1258.9    46333.2    -4618.2    184.3    131.3    206.2 2021 11 14  2 18 35.610  1.27   1
     8081  55.438965 -161.723942     5.791     3444.1    37592.5   -13248.0    194.1    234.2    338.8 2021 11 14  7 25 28.710  0.93   1
     8082  55.429529 -161.894792    15.066    -7416.6    36542.0    -3973.0    213.3    138.2    105.6 2021 11 14  7 26  8.450  1.26   1
     8089  55.467391 -161.826383     2.642    -3066.4    40757.0   -16396.8    204.2    307.4    172.5 2021 11 14 10 55 24.520  0.78   1
     8091  55.423201 -161.919873    12.754    -9011.8    35837.6    -6285.1    350.2    384.4    239.6 2021 11 14 13 55 18.930  1.38   1
     8099  55.139233 -162.083529    42.515   -19485.4     4225.0    23476.2    817.8    476.0    488.6 2021 11 14 17 15  3.440  1.04   1
       81  55.152661 -161.919287     5.219    -9004.9     5719.8   -13820.3    233.1    226.5    285.5 2021  1  3  6  5  4.440  1.21   1
     8100  55.519621 -161.853337    10.210    -4775.9    46571.5    -8828.5    470.6    328.5    374.1 2021 11 14 17 16  7.440  1.64   1
     8102  55.350745 -161.765739     3.573      788.2    27771.4   -15465.6    178.4    189.3    234.0 2021 11 14 17 18  4.840  0.66   1
     8104  55.289758 -161.653760    32.476     7919.9    20982.1    13437.6    348.4    407.3    313.0 2021 11 14 17 25 59.080  1.46   1
     8108  55.422229 -161.898454    15.931    -7650.1    35729.4    -3107.8    198.8    278.1    155.6 2021 11 14 19 19 47.720  0.93   1
     8109  55.364547 -161.796598    20.950    -1175.3    29307.9     1911.1    196.3    318.1    120.8 2021 11 14 19 23 13.420  1.10   1
     8110  55.470251 -161.869189    11.623    -5786.1    41075.4    -7415.9    172.0    101.3     85.6 2021 11 14 19 26 53.520  1.88   1
     8115  55.441496 -161.940088    13.948   -10294.6    37874.2    -5091.1    226.1    184.4    179.3 2021 11 14 22 28 10.120  1.30   1
     8118  55.371415 -161.838656     5.679    -3850.8    30072.5   -13359.8    218.7    157.9    215.9 2021 11 14 22 42 20.560  0.10   1
     8122  54.869657 -161.144238    56.901    40579.0   -25785.5    37862.3    130.3    149.8    142.7 2021 11 15  0 46 32.610  2.01   1
     8123  55.359766 -161.773617     1.352      286.9    28775.6   -17687.1    165.8    124.3    224.1 2021 11 15  1 23 57.360  1.73   1
     8124  55.363786 -161.787012     7.362     -565.4    29223.2   -11677.1    248.6    154.2    169.5 2021 11 15  1 29  6.440  1.92   1
     8128  54.860531 -162.151107     0.148   -23879.6   -26801.5   -18890.5    164.9    166.3    159.0 2021 11 15  3 37 21.740  1.73   1
     8132  54.404285 -163.271908    56.521   -96177.4   -77593.0    37482.0    541.6    508.0    662.8 2021 11 15  5 14 42.700  1.62   1
     8134  55.352901 -161.781380    24.309     -207.1    28011.5     5269.9    191.4    243.0    125.6 2021 11 15  5 51  9.820  1.43   1
      814  55.160551 -161.370150    32.142    26022.7     6598.1    13103.4    288.1    316.0    394.0 2021  1 27 15 31 11.340  2.57   1
     8140  55.367505 -161.790983     7.756     -818.0    29637.2   -11283.1    260.8    325.1    282.7 2021 11 15  8 54 46.330 -0.04   1
     8141  55.282072 -161.806934     2.760    -1834.8    20126.4   -16279.2    303.7    158.4    260.8 2021 11 15  8 56 45.270  0.46   1
     8143  54.594600 -161.471370    12.938    19704.2   -56406.1    -6101.2    237.2    205.2    241.8 2021 11 15  9 15 48.260  1.82   1
     8144  55.284672 -160.640462    31.921    72453.6    20415.9    12882.5    268.7    448.0    684.7 2021 11 15  9 19 55.610  2.52   1
     8146  55.304940 -161.675049    17.435     6562.9    22672.2    -1603.6    151.2    149.4    133.2 2021 11 15 11 22 49.170  1.45   1
     8154  55.551221 -161.865088    14.437    -5519.9    50089.3    -4601.8    264.5    164.3    286.1 2021 11 15 13  5 53.380  1.28   1
     8155  55.383870 -161.897754    14.773    -7609.3    31459.1    -4266.1    238.5    245.1    189.9 2021 11 15 13  9 28.850  1.22   1
     8159  55.233870 -161.814258     7.032    -2302.6    14760.4   -12006.7    336.7    352.2    570.2 2021 11 15 14 21 15.650  1.02   1
     8170  55.447294 -161.854329     9.134    -4843.3    38519.7    -9904.7    276.2    159.3    186.3 2021 11 15 15 56 26.480  0.79   1
     8172  55.247229 -161.472233    17.079    19490.3    16247.5    -1959.4    138.7    220.7    272.2 2021 11 15 17 16  9.020  1.41   1
     8173  55.318453 -161.977637    18.063   -12700.8    24176.5     -976.0    278.7    272.6    232.8 2021 11 15 17 16 10.160  1.47   1
     8177  55.363371 -161.789974    18.703     -753.9    29177.0     -335.7    154.0    252.7     98.2 2021 11 15 20 41 50.680  1.01   1
     8184  55.380009 -161.896696     4.706    -7542.4    31029.2   -14333.0    116.3    105.3    250.0 2021 11 15 20 51 40.760 -0.23   1
     8185  55.385531 -161.853613    10.719    -4801.5    31643.9    -8319.9    316.1    238.0    231.1 2021 11 15 20 57 10.520  1.37   1
     8186  55.693384 -161.372103    12.522    25725.8    65915.6    -6517.0    398.3    368.0    567.1 2021 11 15 21 18 56.860  2.03   1
      819  54.573462 -161.277620    13.444    32158.0   -58759.4    -5594.7    174.0    144.9    146.6 2021  1 27 16 46  4.750  2.23   1
     8191  55.376396 -162.017839     8.870   -15249.0    30627.0   -10169.3    292.5    417.0    213.0 2021 11 15 23 19 57.800  0.34   1
     8198  55.315963 -161.816520     2.889    -2444.3    23899.3   -16150.0    217.5    192.5    197.7 2021 11 16  3 30  3.340  0.82   1
      820  54.988867 -161.666032    23.185     7165.2   -12514.5     4146.1    257.3    229.2    470.8 2021  1 27 18 18 24.000  1.47   1
     8202  55.380257 -161.751855    17.885     1671.0    31056.9    -1153.7    170.6    258.0    132.4 2021 11 16  6 59  6.100  1.23   1
     8214  55.415422 -161.877409    21.151    -6312.7    34971.5     2111.7    218.1    215.7    109.5 2021 11 16 14  0 11.780  1.45   1
     8219  55.043860 -162.436947    38.715   -42084.1    -6392.5    19676.4    277.1    269.4    452.5 2021 11 16 14 13 57.140  1.82   1
      822  54.969556 -162.483870    20.900   -45123.2   -14664.4     1861.0    292.1    283.4    386.8 2021  1 27 19 30 37.800  1.29   1
     8221  54.562061 -162.552295    18.450   -49748.3   -60028.6     -588.5    204.1    135.8    146.8 2021 11 16 15 18 49.780  2.41   1
     8225  54.456917 -163.168685     0.558   -89473.5   -71733.7   -18480.7    215.4    190.8    157.8 2021 11 16 18 49 55.900  2.53   1
     8227  54.408329 -162.069580    15.808   -18764.4   -77142.7    -3230.5    372.3    171.4    237.7 2021 11 16 19 39 22.720  2.15   1
     8228  55.376383 -161.924154    13.768    -9289.4    30625.6    -5270.6    335.1    330.9    170.7 2021 11 16 20  7 11.800  1.38   1
     8235  55.223576 -161.351058    17.719    27219.1    13614.4    -1320.2    284.2    390.3    484.9 2021 11 16 23  1 52.340  1.27   1
     8241  55.720422 -160.554020    11.507    77533.6    68925.6    -7532.0    424.0    630.3    413.2 2021 11 17  2 43 56.180  1.77   1
     8242  55.313672 -161.979964    22.318   -12849.7    23644.3     3279.6    433.9    477.8    259.5 2021 11 17  2 54 14.340  2.21   1
     8243  54.950769 -162.798405     3.012   -65248.8   -16755.8   -16027.2    194.1    411.7    213.1 2021 11 17  2 54  9.420  2.12   1
     8245  54.991606 -162.297135     1.891   -33174.8   -12209.7   -17148.0    188.6    150.6    167.2 2021 11 17  6 12 34.250  1.65   1
      825  54.448946 -162.191504    44.053   -26600.8   -72621.1    25013.6    356.3    147.1    230.9 2021  1 27 21 14 15.160  1.67   1
     8256  54.518400 -162.010693    10.731   -14952.9   -64889.1    -8307.9    295.4    183.9    243.2 2021 11 17 10  3  4.480  2.48   1
     8258  55.365877 -161.788249    19.672     -644.1    29456.0      633.6    164.5    116.7     97.9 2021 11 17 11 28 57.750  1.34   1
      826  54.960913 -162.287516     4.327   -32572.4   -15626.5   -14711.7    201.1    152.8    177.6 2021  1 27 21 23 43.960  0.87   1
     8262  55.387866 -161.937093    16.842   -10111.0    31903.9    -2197.3    329.0    409.1    172.0 2021 11 17 15 59 56.870  1.25   1
     8263  55.570862 -162.644987     1.069   -55009.6    52275.9   -17970.1    320.0    418.5    271.0 2021 11 17 16 11  7.270  1.48   1
     8266  55.118453 -162.200553     6.580   -26958.8     1911.6   -12458.7    258.6    419.7    246.9 2021 11 17 17 13  0.000  2.20   1
     8268  55.115747 -161.940625     4.762   -10370.9     1610.3   -14276.8    255.5    239.2    246.3 2021 11 17 20 19 27.680  1.10   1
     8269  54.776318 -161.330973    10.313    28658.1   -36176.4    -8725.8    261.9    233.9    296.0 2021 11 17 20 19 26.000  1.47   1
     8271  55.367094 -161.898893     4.654    -7683.4    29591.5   -14385.3    160.4    128.8    177.8 2021 11 17 20 23 37.920  0.46   1
     8274  55.315409 -161.688607    17.597     5698.9    23837.7    -1442.2    107.2    177.9     98.7 2021 11 17 20 34  6.520  1.19   1
     8279  54.772693 -162.760807     1.405   -62983.3   -36580.1   -17633.5    148.8    140.6    146.5 2021 11 17 23 18 50.640  1.30   1
     8283  55.368510 -162.578613     2.213   -50926.7    29749.1   -16825.8    255.2    433.9    295.3 2021 11 18  0 31 48.740  2.22   1
     8294  55.430611 -161.448714    30.468    20940.7    36662.5    11429.3    225.7    345.3    272.2 2021 11 18  5 20 30.930  1.37   1
     8300  55.362325 -161.802474     0.727    -1549.2    29060.6   -18311.4    264.9    225.9    317.7 2021 11 18 13 55 36.220 -0.38   1
     8301  55.338883 -161.723551    18.557     3473.2    26450.9     -482.0    208.4    262.9    149.9 2021 11 18 13 57 48.800  1.19   1
     8304  54.950513 -162.250228     3.435   -30191.9   -16784.3   -15604.2    135.4    131.4    196.7 2021 11 18 14  6 29.210  1.94   1
     8307  54.690487 -161.969320    30.523   -12266.7   -45731.6    11484.1   1026.3    254.0    794.5 2021 11 18 14 14 50.180  1.83   1
     8309  54.578296 -161.290967    12.636    31298.6   -58221.2    -6403.3    139.5    115.8    122.0 2021 11 18 14 45 46.690  3.05   1
     8311  55.219690 -161.911523    22.788    -8502.6    13181.8     3749.3    282.0    401.4    232.6 2021 11 18 17  7 50.560  1.14   1
     8312  55.419067 -161.885189    17.591    -6807.0    35377.4    -1448.0    226.0    173.2    138.5 2021 11 18 17 49 22.320  1.07   1
     8314  55.390959 -161.531038    18.850    15715.1    32248.2     -188.5    199.2    329.1    261.1 2021 11 18 17 54 37.660  1.33   1
     8324  55.380383 -161.773812     5.663      274.4    31070.9   -13375.9    166.1    344.0    154.7 2021 11 18 20 18 26.520  0.60   1
     8331  55.373755 -161.771354    20.379      430.7    30333.0     1339.8    226.0    314.7    135.0 2021 11 19  1 59 23.600  1.15   1
     8332  55.407589 -161.942708     7.446   -10465.6    34099.5   -11592.8    303.0    225.6    322.8 2021 11 19  2  1  4.130  1.61   1
     8333  55.401607 -161.835238     2.380    -3632.0    33433.6   -16658.7    290.3    230.4    186.4 2021 11 19  2  3 36.990  0.84   1
     8334  55.381234 -161.880957    11.563    -6541.1    31165.6    -7475.7    263.9    268.4    228.7 2021 11 19  2  6 44.440  1.13   1
     8336  55.335933 -161.809229     8.814    -1979.6    26122.5   -10225.0    256.7    181.5    194.2 2021 11 19  2 11 28.910 -0.22   1
     8339  54.599878 -161.280501    14.188    31962.5   -55818.6    -4851.3    214.2    219.1    271.8 2021 11 19  3 51  8.890  2.79   1
     8353  55.418319 -161.884408    16.901    -6757.4    35294.0    -2137.7    154.5    217.3    136.1 2021 11 19 21 15  4.880  1.71   1
     8359  55.440706 -161.848014     8.281    -4442.3    37786.3   -10757.9    252.7    143.5    195.4 2021 11 20  2 34 10.230  0.72   1
     8361  55.420837 -161.880729    18.386    -6523.4    35574.4     -653.3    115.1    190.2    154.9 2021 11 20  4 39  9.480  1.35   1
     8365  55.353223 -162.266748    22.245   -31092.0    28047.2     3206.1    429.3    317.8    367.1 2021 11 20  7 59 54.680  0.94   1
     8369  55.325509 -161.642660    17.126     8622.9    24962.0    -1913.2    140.0    200.8    144.4 2021 11 20 15 21 53.490  1.18   1
     8375  55.304944 -161.410319    24.974    23418.3    22672.6     5935.2    217.4    353.6    471.2 2021 11 20 18 17 19.780  1.38   1
     8376  55.418673 -161.889714    15.089    -7094.8    35333.4    -3949.8    196.2    148.6    115.1 2021 11 20 18 17 23.080  1.26   1
     8378  55.343583 -161.885612    25.012    -6840.4    26974.1     5973.5    426.7    277.8    157.3 2021 11 20 18 19 35.040  1.14   1
     8388  55.487655 -161.857633     9.859    -5050.8    43012.8    -9180.3    193.1    190.8    252.7 2021 11 21  3 30 18.600  1.11   1
     8390  55.380115 -161.962012     5.341   -11697.1    31041.0   -13698.1    299.7    266.2    422.0 2021 11 21  3 41 22.600  1.53   1
     8393  55.459408 -161.822640     3.999    -2828.8    39868.2   -15039.8    170.9    190.1    318.0 2021 11 21 10  3  8.220  0.60   1
     8398  55.133443 -161.160824    30.644    39387.9     3580.4    11605.5    151.1    209.9    316.7 2021 11 21 10 48 23.220  2.29   1
     8401  54.786751 -161.828190    18.287    -3208.3   -35015.0     -751.6    288.7    225.4    461.6 2021 11 21 14 34 31.030  1.96   1
     8402  54.764372 -161.858870     0.712    -5175.8   -37506.4   -18326.8    274.9    201.8    157.1 2021 11 21 14 40 33.040  1.70   1
     8412  54.492196 -161.108675    20.182    43056.0   -67806.3     1142.9    283.6    271.5    257.5 2021 11 22  7 45 44.860  2.09   1
     8416  55.406470 -161.714355    36.917     4055.1    33975.0    17878.1    395.2    491.1    383.7 2021 11 22 11 28  8.690  2.11   1
     8417  55.343294 -161.928483     9.264    -9568.7    26942.0    -9775.4    365.9    500.3    385.5 2021 11 22 11 29  3.660  1.49   1
     8418  54.604203 -162.278255    56.481   -32121.8   -55337.1    37442.3    455.1    179.0    218.1 2021 11 22 12 36 18.810  1.71   1
     8423  54.724300 -162.083529    17.049   -19586.0   -41967.4    -1989.8    322.9    180.4    359.4 2021 11 23  1 14 36.660  0.82   1
     8424  54.875903 -162.053564     1.820   -17631.2   -25090.2   -17219.1    135.5    165.9    202.3 2021 11 23  1 14 59.760  1.23   1
     8425  55.278699 -162.863460    29.359   -69126.2    19750.9    10319.9    409.6    610.3    825.4 2021 11 23  3 36 30.860  1.93   1
     8427  55.345194 -162.283057     3.967   -32132.9    27153.5   -15072.4    294.9    232.8    546.6 2021 11 23  5  5 26.970  1.96   1
     8428  55.355587 -161.622721     4.870     9888.3    28310.4   -14168.6    226.8    315.0    403.1 2021 11 23  5 21  3.910  2.00   1
     8430  55.234493 -160.949219    13.749    52823.1    14829.7    -5290.3    258.3    368.5    307.2 2021 11 23  7 19  6.990  1.73   1
     8434  55.189836 -161.891520     3.754    -7230.3     9858.2   -15285.2    235.9    268.8    360.5 2021 11 23 11 15 25.290  0.88   1
     8441  54.857312 -161.194010    31.013    37398.5   -27159.9    11973.8    207.5    224.8    497.9 2021 11 23 19 31 53.000  2.10   1
     8443  54.424479 -163.143490     5.499   -87887.4   -75344.8   -13539.8    290.0    251.2    223.4 2021 11 23 21  4  9.480  1.95   1
     8445  55.449752 -161.661882    22.068     7387.8    38793.3     3028.8    236.8    279.7    201.4 2021 11 24  0 35 32.850  1.04   1
     8456  55.371798 -161.667513    13.988     7036.8    30115.1    -5050.4    306.0    354.3    278.4 2021 11 25  2 43 28.290  1.71   1
     8466  54.645394 -161.491618    42.310    18392.1   -50751.6    23271.2    242.4    239.8    318.1 2021 11 25 16 50 49.730  1.73   1
     8469  55.337370 -161.701693    18.389     4864.5    26282.4     -649.8    331.8    299.2    242.3 2021 11 25 18 59 36.040  0.94   1
      847  54.865405 -162.054867     3.151   -17716.9   -26258.9   -15888.3    103.8    169.9    261.7 2021  1 28 10 39 29.960  1.71   1
     8471  55.442916 -161.919613    12.410    -8993.0    38032.3    -6628.5    363.8    179.4    197.9 2021 11 25 19  0 27.400  1.25   1
     8474  55.366585 -161.777279    21.162       53.8    29534.8     2123.0    239.3    168.4    140.0 2021 11 25 22 33 55.400  1.45   1
     8476  55.386373 -161.903353    25.075    -7965.2    31737.7     6036.6    234.9    254.7    147.2 2021 11 25 22 36 54.360  1.52   1
      848  54.518872 -161.161833    13.328    39624.1   -64836.6    -5710.6    265.1    259.5    225.5 2021  1 28 11 14 23.180  2.08   1
     8481  54.950920 -161.672493    12.452     6755.3   -16739.0    -6586.7    166.5    221.2    200.5 2021 11 26  2  5 26.460  1.38   1
     8485  55.374044 -161.860254     2.275    -5224.6    30365.2   -16764.2    271.7    282.8    327.1 2021 11 26  3 17 31.950 -0.18   1
     8486  55.272274 -161.685514    15.636     5899.0    19035.6    -3403.0    216.6    236.8    209.1 2021 11 26  3 24 12.050  0.73   1
     8489  55.186707 -161.881787     5.386    -6609.9     9509.9   -13653.1    230.8    205.8    206.7 2021 11 26  5  8 19.930  0.81   1
     8497  54.892106 -162.585872    26.601   -51694.6   -23286.4     7562.5    241.6    225.5    250.7 2021 11 27  4 25 45.400  1.58   1
     8498  55.005640 -162.345003     9.236   -36228.2   -10647.3    -9803.2    188.9    156.0    170.4 2021 11 27  4 26 13.660  0.79   1
     8499  55.443237 -161.879215    13.571    -6425.3    38068.1    -5468.2    223.4    237.0    157.0 2021 11 27  7 59 57.180  1.47   1
     8502  54.635307 -161.858805    22.192    -5179.9   -51874.5     3153.4    260.9    200.8    230.1 2021 11 27  8  4 23.980  2.31   1
     8505  54.849691 -162.036263     1.975   -16529.1   -28008.3   -17064.3    129.5    177.6    205.5 2021 11 27 19 49 46.340  1.39   1
     8514  54.400382 -162.354525    35.666   -37113.4   -78027.4    16626.9    740.6    300.5    723.1 2021 11 28 10 12 11.870  2.04   1
      852  54.698344 -162.494010    71.899   -45925.6   -44856.9    52860.0    312.8    166.6    189.7 2021  1 28 18 16  9.840  1.72   1
     8522  55.363460 -161.642562    19.202     8625.0    29186.9      163.4    188.0    298.2    201.6 2021 11 29  4 14 51.700  1.03   1
     8523  55.243400 -161.529069    17.335    15869.6    15821.3    -1704.3    229.3    302.4    454.3 2021 11 29  4 21  9.960  1.66   1
     8527  55.227519 -161.820622    23.813    -2708.4    14053.3     4774.6    569.7    290.2    295.4 2021 11 29  8 37 36.790  0.98   1
     8529  54.326664 -161.620687     8.342    10146.3   -86234.1   -10697.1    288.3    217.1    230.4 2021 11 29 11 15 37.670  2.15   1
     8533  55.373226 -161.823275     4.438    -2872.2    30274.1   -14601.1    269.1    160.0    299.1 2021 11 29 13 36 24.200  0.56   1
     8534  55.415963 -161.869922     7.587    -5836.6    35031.8   -11451.5    250.7    258.2    248.2 2021 11 29 13 43 40.220  0.58   1
     8535  55.424613 -161.902100     8.160    -7881.7    35994.8   -10879.1    222.8    262.5    254.3 2021 11 29 18  2 47.460  1.10   1
      854  54.891736 -162.642204    13.570   -55299.9   -23327.6    -5468.8    224.2    230.4    452.6 2021  1 28 18 32 52.120  1.68   1
     8541  55.394226 -161.657747    12.554     7655.9    32611.9    -6485.2    175.8    252.2    187.1 2021 11 29 23 59 25.380  0.41   1
     8542  55.140706 -161.559245     2.765    13964.8     4388.9   -16273.5    315.7    191.9    179.2 2021 11 30  0  0 16.890  1.33   1
     8544  55.351790 -161.690365    16.450     5584.5    27887.8    -2588.7    355.9    642.4    361.6 2021 11 30  5 28  7.010  0.40   1
     8546  55.360457 -161.708594    19.558     4424.0    28852.6      519.0    223.7    327.1    170.1 2021 11 30  7  1 22.390  1.28   1
     8547  55.284420 -161.550244    10.253    14512.9    20387.8    -8786.2    200.3    312.9    298.7 2021 11 30  7  2 53.280  1.42   1
     8550  55.336629 -161.729525    19.306     3093.2    26200.0      267.0    201.6    189.8    159.5 2021 11 30  9  2  8.870  1.78   1
     8557  55.339787 -161.657324    21.284     7688.1    26551.5     2245.0    206.2    269.6    182.3 2021 11 30 13 54 36.420  1.66   1
     8563  55.259623 -161.526204     5.508    16048.9    17627.3   -13531.3    104.7    134.2    327.1 2021 11 30 16 30 26.810  1.58   1
     8569  55.402702 -161.796745     5.558    -1184.1    33555.5   -13481.0    205.3    221.0    245.5 2021 11 30 19 19 37.040  2.02   1
     8572  55.314482 -161.533773     4.274    15556.1    23734.4   -14764.5    227.2    235.4    426.0 2021 11 30 22 56 24.360  1.11   1
     8575  54.812740 -161.317480    20.275    29509.5   -32121.8     1235.9    229.7    229.9    230.8 2021 11 30 23 36  8.620  2.00   1
      858  55.158480 -161.368994    17.330    26097.1     6367.6    -1709.3    204.0    234.4    384.8 2021  1 28 20 22 40.580  1.66   1
     8580  55.230680 -161.714453    30.530     4057.8    14405.3    11491.0    303.8    288.6    281.2 2021 12  1  0 50 59.720  1.42   1
     8582  55.322909 -161.527051    15.488    15982.4    24672.5    -3550.4    113.2    247.0    201.6 2021 12  1  1 35  3.920  1.50   1
     8583  55.407475 -161.977962    21.352   -12707.4    34086.8     2313.0    324.3    335.4    148.4 2021 12  1  1 35  4.150  1.74   1
     8586  55.342635 -161.782910    14.337     -304.5    26868.6    -4701.8    277.5    207.6    186.1 2021 12  1  2 51 19.430  1.31   1
     8593  55.333879 -161.560124    10.456    13875.2    25893.8    -8583.1    239.3    578.3    419.2 2021 12  1  6 49  8.520  0.89   1
     8597  55.366980 -161.637939    10.026     8918.7    29578.8    -9012.7    217.5    304.0    297.7 2021 12  1  8 10 19.430  0.17   1
     8598  55.312577 -161.505892    11.842    17331.5    23522.4    -7196.5    160.0    233.9    290.6 2021 12  1  9 20 20.040  1.33   1
      860  55.173848 -161.939469    32.816   -10289.7     8078.5    13777.1    606.1    484.5    338.8 2021  1 29  0 16 47.810  2.57   1
     8603  55.340247 -161.922461    16.170    -9185.8    26602.7    -2868.6    318.0    245.1    149.2 2021 12  1 11 31  6.230  1.46   1
     8613  55.402804 -161.846631    17.725    -4356.4    33566.8    -1313.9    186.2    205.7    183.0 2021 12  1 16 26 32.770  1.03   1
     8614  55.321875 -161.676953    26.083     6440.3    24557.5     7044.0    299.5    317.1    205.0 2021 12  1 16 35 10.190  0.53   1
     8617  55.177368 -162.445996    13.938   -42591.3     8470.3    -5100.9    227.5    241.5    331.9 2021 12  1 17 34 15.920  0.89   1
     8624  55.178996 -161.007406    13.576    49149.1     8651.5    -5463.2    182.6    549.6    300.9 2021 12  1 20 56 40.920  2.12   1
     8625  55.756099 -161.981787     1.329   -12894.0    72897.4   -17709.8    466.3    198.8    229.4 2021 12  1 20 56 50.100  2.23   1
     8634  55.192346 -162.177637     5.260   -25472.8    10137.7   -13778.7    397.0    388.2   1334.1 2021 12  1 22 22 32.560  1.00   1
     8635  55.418665 -161.776530    18.885      101.4    35332.5     -154.2    311.9    337.8    183.6 2021 12  1 22 26 48.720  0.72   1
     8637  55.001481 -162.411589    16.273   -40485.6   -11110.3    -2766.4    406.8    282.9    493.2 2021 12  1 22 31 44.360  1.66   1
      864  55.102592 -161.530745    22.038    15790.5      145.9     2999.2    195.5    151.9    231.6 2021  1 29  5 23 13.890  1.58   1
     8641  55.171724 -161.116243    33.721    42212.3     7842.0    14681.9    202.8    414.5    359.2 2021 12  1 23 55 37.060  2.33   1
     8642  55.366654 -161.672542    38.539     6717.3    29542.5    19500.2    329.6    452.4    264.7 2021 12  1 23 56 10.440  2.77   1
     8652  55.745772 -162.046061     1.911   -16965.4    71747.7   -17128.1    419.7    257.7    293.3 2021 12  2  1 40 49.080  2.29   1
     8655  54.995211 -162.299723     1.683   -33338.8   -11808.3   -17355.5    224.7    191.5    221.5 2021 12  2  2 17 42.140  2.49   1
     8657  54.961877 -162.593180    23.779   -52117.1   -15519.1     4740.5    235.9    201.8    187.9 2021 12  2  2 29 38.420  2.39   1
      866  55.794299 -161.411475    33.121    23201.7    77150.0    14082.1    462.1    412.8    743.9 2021  1 29  6 34 20.150  2.18   1
     8664  55.408431 -161.744759     3.094     2121.7    34193.3   -15944.7    209.7    324.9    293.4 2021 12  2  4 45 45.350  0.07   1
     8666  55.152698 -160.841178    13.201    59769.1     5723.9    -5838.1    234.0    483.8    224.6 2021 12  2  5 44 39.630  1.88   1
     8667  55.162708 -162.226530     0.586   -28600.8     6838.2   -18453.0    195.9    252.4    211.2 2021 12  2  7 16 19.060  1.81   1
     8669  55.251562 -161.745280    22.093     2092.6    16730.0     3054.6    266.1    179.0    172.7 2021 12  2  8  1 59.300  1.00   1
     8671  55.399854 -161.451481     5.321    20772.8    33238.4   -13717.5    221.5    266.6    351.2 2021 12  2  8  8 59.810  0.92   1
     8674  55.419613 -161.889600    15.994    -7087.4    35438.1    -3045.2    255.0    261.8    190.3 2021 12  2  8 25 55.520  0.99   1
     8675  55.374398 -161.567269    12.365    13413.6    30404.6    -6674.4    248.7    300.7    320.4 2021 12  2 10 35 13.830  0.63   1
     8678  55.401725 -161.556836    24.845    14072.5    33446.8     5806.1    282.3    377.4    205.1 2021 12  2 10 42 46.400  1.28   1
      868  55.529443 -161.916781    15.283    -8803.4    47665.0    -3756.2    437.0    260.2    313.2 2021  1 29  9 19 52.090  1.37   1
     8688  54.797144 -160.909733    43.174    55641.2   -33858.1    24135.2    233.0    284.1    386.5 2021 12  2 13 37 36.200  1.94   1
     8691  54.788578 -161.859652    65.877    -5224.3   -34811.6    46838.4    252.4    209.5    159.3 2021 12  2 14 16 11.230  1.45   1
     8693  55.385490 -161.869255     2.691    -5796.4    31639.4   -16347.7    289.7    235.9    302.1 2021 12  2 14 37 18.040  0.23   1
     8703  55.385563 -161.843278     2.035    -4144.1    31647.5   -17003.6    226.8    238.6    308.5 2021 12  2 16  5 13.750  0.54   1
     8705  55.256852 -161.643262     5.021     8591.9    17318.8   -14018.3    150.7    141.4    344.4 2021 12  2 17 28 37.480  0.36   1
     8709  55.305420 -162.205648    23.620   -27220.3    22725.6     4581.5    308.5    453.3    308.3 2021 12  2 18 45 55.200  1.01   1
      872  55.367558 -161.836784    13.440    -3731.9    29643.1    -5598.9    381.8    257.1    162.1 2021  1 29 12  9 21.570 -0.19   1
     8724  55.356458 -161.675277     7.995     6544.2    28407.4   -11043.8    305.8    232.8    366.8 2021 12  2 23 44 44.080  0.75   1
     8727  55.440251 -161.879134    11.598    -6420.4    37735.6    -7441.3    229.2    179.9    184.9 2021 12  2 23 59 57.460  1.11   1
     8728  55.342554 -161.670768    16.494     6832.2    26859.5    -2544.6    243.1    358.5    226.2 2021 12  3  0 49 56.730  1.72   1
     8730  55.393058 -161.860107     3.820    -5214.1    32481.9   -15218.6    199.3    119.4    256.6 2021 12  3  0 54 31.390  0.83   1
     8731  55.366715 -161.819564     1.490    -2636.4    29549.3   -17549.0    121.4    182.3    298.7 2021 12  3  1  1 10.080 -1.02   1
     8732  55.441785 -161.880632    19.113    -6515.4    37906.4       74.6    229.6    277.9    172.7 2021 12  3  1 49 10.410  1.27   1
     8733  55.359973 -161.622624    14.656     9894.0    28798.7    -4382.8    204.8    368.0    223.7 2021 12  3  1 53 33.410  1.80   1
     8734  55.424361 -161.888558    18.325    -7020.8    35966.7     -714.2    215.6    240.0     91.1 2021 12  3  3  5 35.440  1.59   1
     8737  55.409208 -161.865804    20.332    -5575.3    34279.8     1293.1    160.6    221.3    121.9 2021 12  3  4 16 15.540  1.22   1
     8738  55.102336 -161.491195    32.632    18315.2      117.3    13593.1    355.7    318.9    449.1 2021 12  3  4 19 21.310  1.29   1
     8742  55.348161 -161.878109     6.287    -6362.5    27483.7   -12751.7    264.4    373.1    214.3 2021 12  3  5 28  4.840 -0.13   1
     8744  55.386304 -161.657894    16.954     7647.4    31730.0    -2085.1    188.1    360.0    152.5 2021 12  3  7 34  6.870  0.89   1
     8745  55.397632 -161.911898    20.680    -8507.5    32991.1     1641.5    227.0    231.1    104.5 2021 12  3  7 34 46.470  1.19   1
     8749  54.833329 -161.319043    12.778    29401.9   -29829.7    -6260.4    257.4    275.5    359.6 2021 12  3  8 35 48.530  1.92   1
     8751  55.140153 -161.934066     5.693    -9949.2     4327.3   -13346.2    176.0    246.6    187.3 2021 12  3  8 37 28.130  0.43   1
     8752  55.380558 -161.893880    17.390    -7363.2    31090.4    -1648.7    281.7    188.7    153.6 2021 12  3  8 57 34.150  1.13   1
     8755  55.284102 -161.635938    13.082     9055.5    20352.5    -5956.9    107.8     96.3    130.9 2021 12  3  9  1 48.420  0.14   1
     8756  55.418416 -161.874870    16.753    -6151.0    35304.9    -2285.8    297.5    219.4    164.0 2021 12  3  9  2 59.870  1.17   1
     8757  55.401213 -161.640641     9.116     8743.1    33389.7    -9922.8    222.2    324.8    308.9 2021 12  3  9  5 19.590  0.29   1
     8761  55.009143 -162.945866    40.477   -74625.0   -10257.3    21437.9    543.6    768.2    789.4 2021 12  3 10 31 42.760  1.84   1
     8762  55.267973 -161.642236    19.287     8656.1    18556.8      248.6    306.0    293.7    285.0 2021 12  3 10 32 51.390  1.80   1
     8764  55.360636 -161.492448    32.084    18176.5    28872.6    13045.0    296.7    413.4    345.8 2021 12  3 10 45 25.500  1.07   1
     8766  55.360046 -161.806445    21.868    -1801.9    28806.9     2829.6    257.8    239.4    165.5 2021 12  3 12 37 22.870  1.21   1
     8767  55.460250 -161.790771     4.179     -803.6    39962.0   -14860.0    257.7    177.8    260.9 2021 12  3 12 43 57.250  0.60   1
     8769  55.486353 -161.309912    31.826    29743.6    42867.9    12787.5    305.3    832.3    490.2 2021 12  3 12 49 37.670  1.24   1
     8771  55.069230 -163.290560    14.986   -96580.6    -3568.1    -4053.2    189.9    387.7    365.6 2021 12  3 13 35 32.810  2.45   1
     8772  55.345040 -161.905111     4.194    -8081.2    27136.3   -14845.0    314.5    404.0    572.5 2021 12  3 13 35 45.480  2.04   1
     8773  55.371232 -161.795036    20.323    -1075.8    30052.1     1283.7    129.4    127.6     75.4 2021 12  3 15  5  4.940  1.27   1
     8778  55.369031 -161.791406    20.764     -844.9    29807.1     1724.6    159.0    201.2     74.7 2021 12  3 16 53 35.670  1.02   1
      878  55.215035 -162.061475    31.262   -18061.2    12663.5    12222.7    653.1    647.5    471.0 2021  1 29 21 12  4.680  2.51   1
     8783  55.319010 -161.828076    17.047    -3179.8    24238.6    -1991.7    510.7    383.8    282.2 2021 12  3 19  2 23.800  1.02   1
     8791  54.857935 -161.297168    29.067    30793.5   -27090.5    10028.1    229.6    309.7    552.3 2021 12  3 23 35 30.000  1.64   1
     8797  55.167379 -162.234131     0.588   -29083.9     7358.2   -18451.4    197.9    237.5    183.4 2021 12  4  4  2 43.690  1.76   1
     8799  55.242643 -160.980680    31.547    50813.0    15737.0    12508.1    213.6    452.0    571.6 2021 12  4  4  9 58.020  2.79   1
       88  55.239827 -161.709603     4.116     4366.4    15423.6   -14923.3    203.2    192.8    255.9 2021  1  3  8  0 13.360  1.86   1
     8801  55.427966 -161.277669    36.733    31815.1    36368.1    17694.1    194.9    900.1    281.8 2021 12  4  6  3 50.880  1.39   1
     8802  55.318331 -161.718587    18.508     3790.1    24162.9     -530.5    183.5    164.7    126.5 2021 12  4  7  3 29.570  1.10   1
     8805  54.882349 -162.149854     0.272   -23792.9   -24372.7   -18767.4    132.5    141.1    131.8 2021 12  4  7 37 14.690  1.13   1
     8810  55.503748 -161.862337    51.491    -5348.5    44804.4    32452.0    970.1    493.0    198.8 2021 12  4  9 21 53.150  1.98   1
     8816  55.270667 -161.566488     5.822    13480.8    18856.7   -13216.6    194.6    259.6    246.4 2021 12  4 14  6  9.020  1.65   1
     8817  55.331099 -161.546891    16.641    14717.9    25584.4    -2397.9    133.6    247.5    184.5 2021 12  4 15 52 45.960  1.37   1
     8818  55.446195 -161.861230    13.326    -5282.0    38397.4    -5713.1    127.3    130.6     66.8 2021 12  4 15 57 48.970  1.24   1
     8820  55.236552 -161.720296    33.777     3685.1    15058.9    14738.6    362.8    270.2    248.5 2021 12  4 17 28 52.720  0.74   1
     8822  55.527604 -161.766130     8.293      761.6    47460.2   -10746.2    190.0    161.1    228.5 2021 12  4 17 39 59.560  2.13   1
     8823  55.528231 -161.766553     7.759      734.8    47530.0   -11279.6    162.0    141.1    253.6 2021 12  4 17 40 57.920  1.61   1
     8824  55.422900 -161.881641     5.617    -6581.1    35804.1   -13422.3    124.3    177.0    191.9 2021 12  4 19 15 55.500  0.94   1
     8826  55.348348 -161.657601    12.207     7669.6    27504.6    -6831.7    174.0    258.6    271.1 2021 12  4 20 16 11.640  1.14   1
      883  54.716903 -160.770817    11.967    64606.2   -42790.9    -7072.0    345.4    387.4    302.8 2021  1 30  6 22 29.320  2.02   1
     8831  55.370133 -161.687093    21.791     5791.3    29929.8     2751.7    279.5    314.5    152.8 2021 12  4 22 26 27.100  1.57   1
     8837  55.410876 -161.899316    19.915    -7706.1    34465.5      876.0    381.1    362.6    226.2 2021 12  4 22 46 44.000  1.42   1
      884  55.466646 -161.914437     7.514    -8661.4    40674.1   -11525.3    177.1    198.1    245.6 2021  1 30  8 39  8.970  0.32   1
     8841  55.317578 -161.833952    17.671    -3553.9    24079.1    -1368.1    631.8    421.2    260.2 2021 12  4 23 45 32.760  0.56   1
     8842  55.465186 -161.850260     9.846    -4583.7    40511.5    -9193.1    312.2    207.2    272.4 2021 12  4 23 53 25.660  0.97   1
     8847  54.957149 -162.258447     6.154   -30715.1   -16045.5   -12885.3    133.9    119.4    133.6 2021 12  5  1  2 23.740  2.35   1
     8848  54.957475 -162.269775     6.535   -31439.3   -16009.3   -12504.1    240.6    219.1    166.2 2021 12  5  1  3  8.450  2.63   1
     8852  54.608293 -161.303158    14.932    30504.1   -54881.9    -4107.1    151.6    166.7    206.2 2021 12  5  3 59 25.640  1.68   1
     8856  55.364530 -161.812679     1.790    -2198.4    29306.1   -17249.2    250.7    272.8    601.3 2021 12  5 17 33 52.480  0.29   1
     8866  54.953210 -160.610840    10.615    74647.8   -16484.0    -8424.1    351.3    424.5    317.3 2021 12  6  8 16 10.000  2.45   1
     8868  55.353487 -161.810840     3.039    -2081.7    28076.7   -16000.0    385.8    407.9    240.3 2021 12  6  8 21 39.980  0.58   1
     8873  54.524984 -161.132959     8.645    41477.4   -64156.2   -10393.5    228.9    215.2    200.8 2021 12  6 13 16  5.030  2.76   1
     8875  54.562105 -161.678727    33.113     6387.3   -60023.7    14073.7    335.5    239.8    590.7 2021 12  6 15 44 52.630  2.30   1
     8877  54.937541 -162.245719     5.701   -29908.4   -18228.4   -13337.9    218.4    149.3    221.2 2021 12  6 17 19 45.320  1.77   1
     8882  55.420056 -162.716878     1.515   -59684.6    35487.5   -17523.5    322.6    341.9    343.4 2021 12  7  1 34 27.240  1.90   1
     8883  55.502755 -161.789795    14.206     -741.2    44693.9    -4832.4    340.8    347.7    346.1 2021 12  7  6 10 26.950  1.23   1
     8890  55.321082 -161.707715     7.035     4482.1    24469.1   -12004.3    102.7     99.0    226.4 2021 12  7 11 30 18.660  1.72   1
     8898  55.331999 -161.864583    18.294    -5503.0    25684.5     -745.4    343.3    268.4    177.8 2021 12  7 17 12 46.240  1.24   1
     8900  55.405457 -161.796777     4.658    -1186.1    33862.2   -14380.6    185.5    182.1    243.0 2021 12  7 18 53 58.600  1.27   1
     8901  55.350517 -161.580208    10.650    12594.2    27746.0    -8388.8    163.7    283.2    219.2 2021 12  7 21 13 49.500  0.28   1
     8903  54.577116 -162.651563    60.255   -56116.8   -58352.6    41216.4    223.2    165.3    167.3 2021 12  7 21 50 32.960  2.10   1
     8906  55.168669 -162.242985     0.580   -29648.1     7501.8   -18459.1    152.6    230.9    226.0 2021 12  8  2 53 24.650  1.89   1
     8910  55.294214 -161.086670     6.155    44031.0    21478.1   -12883.8    252.5    642.4    389.8 2021 12  8  7 37 14.770  2.04   1
     8912  54.692578 -160.658512    22.763    71830.7   -45498.8     3724.4    606.8    641.6    585.3 2021 12  8 15 59  0.930  2.45   1
     8917  54.952389 -162.206689     2.032   -27406.9   -16575.5   -17007.2    105.4     88.3     94.8 2021 12  9  0 17  3.830  1.88   1
     8922  54.923299 -161.407422    38.353    23715.2   -19813.9    19314.3    401.5    309.5    441.4 2021 12  9 15 50 32.910  1.98   1
     8927  54.663708 -161.317594    24.998    29556.7   -48712.7     5959.2    221.4    177.6   1112.8 2021 12 10  8 37 23.420  2.61   1
      893  55.032381 -162.353874     1.787   -36782.9    -7670.3   -17252.4    200.7    142.4    198.1 2021  1 30 17 50 51.480  1.42   1
     8931  54.716699 -162.306494    40.975   -33888.3   -42813.5    21935.7    609.2    324.0    380.8 2021 12 10 20 39 33.000  1.65   1
     8949  54.728487 -161.689323    21.597     5694.7   -41501.2     2558.1    271.3    238.9    250.2 2021 12 12 18 25 26.200  2.62   1
     8950  54.596057 -161.699951    44.558     5021.4   -56244.0    25519.6    360.2    234.7    357.0 2021 12 12 18 25 26.000  2.78   1
     8953  55.310396 -161.861637     9.724    -5316.9    23279.6    -9314.5    207.7    367.1    270.8 2021 12 13  5 58 10.650  0.69   1
     8956  55.356893 -161.202946    33.250    36598.0    28455.8    14211.1    253.0    400.2    423.0 2021 12 13 13 50 24.180  2.05   1
      896  55.165487 -161.957308     4.832   -11428.5     7147.6   -14206.9    286.8    117.3    228.7 2021  1 30 17 57  5.100  1.45   1
     8960  54.994409 -162.285449     0.903   -32426.7   -11897.6   -18135.9    104.4     86.8     98.9 2021 12 13 19 32 58.480  1.89   1
     8963  55.217383 -161.683822     9.145     6010.9    12924.9    -9894.0    272.2    239.2    435.4 2021 12 14  0  2 46.720  2.83   1
     8965  55.184904 -161.502262    22.209    17590.6     9309.2     3170.3    164.3    210.2    211.2 2021 12 14  1 23 16.410  2.79   1
     8969  55.190898 -161.924740     9.761    -9348.3     9976.5    -9278.4    144.0    190.6    237.3 2021 12 14  4 38 33.310  1.27   1
      897  54.568022 -161.292057    10.784    31232.5   -59365.0    -8254.5    199.7    159.8    160.7 2021  1 30 18 13 55.740  1.99   1
     8972  55.319775 -161.541276    16.241    15077.4    24323.7    -2797.6    153.5    227.6    166.7 2021 12 14 10 44  0.800  1.06   1
     8973  55.321065 -161.499626    12.682    17728.5    24467.3    -6357.1    146.1    179.3    179.4 2021 12 14 12 50 16.640  1.36   1
     8974  55.321761 -161.618311    17.608    10173.3    24544.8    -1431.1    146.4    203.2    152.3 2021 12 14 12 53 17.500  1.45   1
     8979  54.843998 -160.796094    42.429    62886.0   -28642.0    23389.8    272.9    402.9    460.0 2021 12 14 19  6 21.180  2.41   1
     8981  55.113774 -161.588135    27.746    12125.6     1390.7     8707.0    238.6    277.2    454.1 2021 12 14 20 57  9.360  1.88   1
     8985  55.361088 -161.699284    18.231     5016.3    28922.9     -807.5    154.1    258.1    130.9 2021 12 14 23 59 41.760  0.69   1
      899  55.146590 -161.858659     9.941    -5137.8     5043.9    -9098.4    231.2    139.9    216.0 2021  1 30 18 26 55.160  1.33   1
     8992  55.627209 -161.532422     5.088    15580.9    58548.7   -13951.1    247.9    183.8    248.2 2021 12 15 15 34 39.300  1.40   1
     8994  54.768453 -160.960482    45.209    52408.1   -37052.1    26170.0    207.7    236.7    326.0 2021 12 15 23 10 22.000  1.96   1
     8998  55.229362 -162.369320    39.334   -37677.1    14258.5    20295.6    437.5    456.1    369.4 2021 12 16  7 54  1.310  1.54   1
      900  54.788289 -161.209082    49.104    36464.7   -34843.8    30065.3    149.3    134.6    192.9 2021  1 30 19 12 24.940  2.80   1
     9001  54.834969 -161.282861    78.441    31718.6   -29647.2    59402.1    210.0    228.7    171.1 2021 12 16 10 49  2.170  1.80   1
     9008  54.566427 -163.334310    12.395   -99995.4   -59542.6    -6643.7    221.8    243.7    215.0 2021 12 16 17 25 21.260  1.49   1
     9009  54.519690 -161.720850    15.680     3682.5   -64745.5    -3358.7    323.2    238.2    318.9 2021 12 16 21 14 37.960  1.59   1
      901  54.885181 -161.395931    35.547    24461.9   -24057.4    16508.6    261.6    269.3    380.9 2021  1 30 19 18 38.820  1.34   1
     9015  54.902486 -162.171908     0.401   -25198.2   -22130.9   -18638.1    158.8    116.2     93.1 2021 12 17  8 25 49.810  0.91   1
     9020  54.964018 -162.952913     0.590   -75117.5   -15280.9   -18448.5    199.8    222.6    172.8 2021 12 17 10 33 53.620  1.86   1
     9021  55.011934 -162.452035     8.134   -43065.0    -9946.6   -10904.6    156.8    166.6    231.1 2021 12 17 10 34 12.180  2.23   1
     9025  55.871301 -161.626611     1.003     9578.5    85722.2   -18035.8   1263.4    780.1    705.3 2021 12 17 15 56 56.070  1.90   1
     9035  54.496021 -163.195329     1.678   -91143.9   -67380.5   -17360.8    178.2    171.7    171.5 2021 12 18 17 42 15.960  2.48   1
     9036  55.043457 -162.146012     2.889   -23500.0    -6437.3   -16149.5    234.4    107.7    138.3 2021 12 18 17 42 41.600  2.08   1
     9037  54.854114 -162.674251    58.770   -57377.7   -27515.9    39730.6   1019.0   1081.7    878.0 2021 12 18 19 26 16.920  1.61   1
      904  54.491459 -161.691048    11.092     5600.4   -67888.3    -7947.3    254.2    175.3    211.6 2021  1 30 20 48  8.580  1.99   1
     9040  55.405762 -161.965967     8.462   -11944.8    33896.1   -10576.9    299.7    316.5    418.9 2021 12 18 23 59 57.620  1.53   1
     9046  55.218892 -161.882650     6.230    -6662.3    13093.0   -12808.7    328.6    232.2    488.8 2021 12 19 18  9  4.240  0.53   1
     9047  55.322038 -160.927165    43.949    54169.2    24575.6    24910.4    180.8    279.5    289.1 2021 12 19 18 26 36.040  2.04   1
     9048  55.295943 -160.841406    48.508    59647.8    21670.6    29469.3     98.9    426.2    165.0 2021 12 19 23 18 40.420  2.30   1
      905  54.211723 -161.663021    11.645     7428.5   -99029.9    -7394.0   1199.4    564.4    545.7 2021  1 30 20 55 34.820  1.59   1
     9056  55.167769 -161.894482     4.894    -7421.2     7401.7   -14144.8    175.4    222.9    202.5 2021 12 20  9 47 22.410  0.65   1
     9066  55.133634 -161.744303    31.934     2158.0     3601.7    12895.0    441.2   1018.3    494.0 2021 12 21  6 35 28.140  1.71   1
     9069  55.407552 -161.925618     7.539    -9378.9    34095.5   -11500.0    254.3    229.8    241.7 2021 12 21  6 47 29.670  1.40   1
     9073  55.386910 -161.500000    12.413    17690.1    31797.5    -6625.5    163.9    342.7    319.4 2021 12 21  8 30 58.710  0.09   1
     9074  55.417786 -161.613379    11.636    10474.6    35234.7    -7403.2    305.8    406.0    407.9 2021 12 21  8 33 18.930  1.08   1
     9077  55.241964 -161.747575    16.770     1946.7    15661.4    -2269.0    375.6    243.9    317.0 2021 12 21  8 34 55.150  2.04   1
     9078  55.575529 -161.858366     2.977    -5091.7    52795.4   -16061.7    510.9    164.5    188.8 2021 12 21  8 34 54.390  1.53   1
     9080  55.359017 -161.774984     3.231      199.9    28692.3   -15808.3    170.3    134.6    162.7 2021 12 21  8 40 16.220  1.64   1
     9084  55.354598 -161.808366     2.164    -1924.2    28200.4   -16874.5    170.5    138.3    232.2 2021 12 21  9 46 21.180  0.24   1
     9086  55.243530 -161.442269    13.631    21400.4    15835.8    -5407.7    222.3    279.7    263.8 2021 12 21  9 54  2.580  0.69   1
     9088  55.492786 -161.873779     3.298    -6076.0    43584.1   -15741.3    172.7    176.2    586.6 2021 12 21 10 50  8.260  1.61   1
     9090  55.342391 -161.738135    18.661     2545.0    26841.4     -378.3    234.2    173.2    121.8 2021 12 21 10 55 36.920  0.40   1
     9092  54.691089 -161.574658    51.067    13054.0   -45664.6    32028.0    192.9    173.4    212.4 2021 12 21 11 40  9.270  1.83   1
     9096  55.505831 -161.813737    12.959    -2261.7    45036.3    -6080.1    257.8    225.5    245.3 2021 12 21 13 14 10.410  0.33   1
     9099  55.481812 -161.720199     5.857     3680.0    42362.4   -13181.7    164.3    164.4    156.3 2021 12 21 13 23 26.720  0.79   1
       91  55.587345 -160.720264    62.694    67116.2    54110.9    43655.5    410.5    665.5    493.7 2021  1  3  8 46  0.560  2.68   1
      910  55.182703 -162.589551    34.320   -51742.6     9064.2    15280.7    610.2    755.2    829.7 2021  1 31  0 52 56.090  1.74   1
     9102  54.862756 -160.988867    31.857    50529.6   -26553.8    12818.4    283.6    313.2    655.2 2021 12 21 13 28 58.360  1.59   1
     9104  55.370553 -161.801074    19.789    -1460.0    29976.5      749.7    100.4     92.7     85.4 2021 12 21 14 32 38.950  1.07   1
     9109  55.348604 -161.785547     1.861     -472.3    27533.1   -17177.5    103.0    144.1    336.0 2021 12 21 17 13 57.840  0.65   1
      911  54.429093 -161.428141    17.689    22526.9   -74831.2    -1349.7    423.6    333.0    340.2 2021  1 31  1  0 39.750  1.90   1
     9112  55.329305 -161.637321    14.501     8962.3    25384.6    -4537.8    163.8    246.5    184.2 2021 12 21 17 25 46.040  0.71   1
     9114  55.326660 -161.696126     3.321     5219.5    25090.2   -15717.6    187.5    187.9    464.4 2021 12 21 17 30 20.320  0.51   1
     9115  54.869214 -161.795850    87.722    -1134.7   -25834.9    68682.8    201.0    193.6    123.8 2021 12 21 17 36 53.880  1.86   1
     9118  54.482633 -161.320443    11.416    29439.5   -68870.8    -7623.3    336.8    210.4    214.3 2021 12 21 19  4 25.720  1.51   1
     9119  55.205107 -161.689046     4.070     5678.7    11558.3   -14968.4    165.4    133.1    238.0 2021 12 21 19 57 17.880  1.43   1
      912  54.784253 -161.701758    29.958     4893.9   -35293.1    10919.3    446.0    294.9    649.5 2021  1 31  1  1  6.010  1.85   1
     9121  54.991968 -162.293441     1.361   -32938.5   -12169.3   -17678.4    172.4    135.8    176.6 2021 12 21 20 56  6.200  1.56   1
     9129  55.654940 -160.903271    66.564    55458.1    61635.8    47524.7    489.3    648.2    529.1 2021 12 21 22 43 35.200  3.55   1
     9132  55.394466 -161.910726     5.130    -8433.3    32638.7   -13908.6    130.8    145.6    221.9 2021 12 21 23 32 21.680  0.87   1
     9136  55.320532 -161.522477     5.599    16274.0    24408.0   -13440.3    204.0    223.1    213.0 2021 12 22  1  2 45.760  0.24   1
     9137  55.259058 -161.582113     5.274    12487.3    17564.4   -13764.5    128.5    137.3    455.7 2021 12 22  1  4 50.360  1.50   1
     9139  55.302934 -161.128516    60.975    41361.8    22448.9    41936.5    262.9    437.7    301.4 2021 12 22  1 14 13.240  1.57   1
     9140  55.348116 -161.792627     2.885     -922.8    27478.8   -16154.3    202.1    124.3     94.2 2021 12 22  1 16  1.870  1.44   1
      915  55.157609 -161.755143    15.352     1465.9     6270.6    -3687.3    235.1    215.5    217.6 2021  1 31  5 23 58.520  1.69   1
     9150  55.233602 -161.482161    21.443    18860.9    14730.5     2404.6    138.2    135.7    152.5 2021 12 22  6 38  5.170  1.01   1
     9152  55.242554 -161.938346     9.060   -10209.3    15727.1    -9979.2    423.3    180.9    344.9 2021 12 22  8 12 37.260  0.59   1
     9161  55.134680 -162.423486     4.926   -41177.7     3718.1   -14113.3    267.4    323.2    400.9 2021 12 29  4  1 11.130  0.89   1
     9169  55.070329 -162.101416    11.148   -20644.3    -3445.8    -7891.1    496.6    353.7    567.9 2021 12 29 18 38  4.720  3.03   1
     9173  55.340039 -161.600586    17.311    11299.0    26579.6    -1727.6    174.9    289.2    214.7 2021 12 30  4  6 38.900  1.10   1
      918  55.313481 -161.686572     5.894     5828.6    23623.0   -13145.2    120.4    161.2    136.2 2021  1 31  6 25 51.410  0.56   1
     9186  55.288855 -161.730973    17.020     3002.8    20881.5    -2018.6    347.1    327.7    210.0 2021 12 30  9  0 57.550  0.60   1
      919  55.213647 -161.410417    14.014    23438.8    12509.1    -5025.0    155.9    170.6    189.1 2021  1 31  6 26  3.820  0.34   1
     9190  55.154024 -161.683480    16.621     6037.4     5871.5    -2418.0    319.7    221.6    365.9 2021 12 30  9 18 12.910  0.81   1
     9199  55.331165 -161.728906     9.871     3132.7    25591.6    -9168.1    196.6    116.3    138.4 2021 12 30 13 22 12.030  0.72   1
     9205  54.907137 -161.118571    18.866    42202.6   -21613.1     -173.2    451.4    408.3    532.8 2021 12 30 15 59 48.330  0.99   1
     9208  55.337146 -161.574023     9.501    12990.0    26257.5    -9537.9    177.1    332.7    339.2 2021 12 30 18 59 34.080  0.72   1
     9209  55.393123 -161.803792     5.055    -1632.4    32489.2   -13983.6    275.3    253.8    165.9 2021 12 30 20 35 50.140 -0.22   1
     9211  54.516874 -162.302083    50.431   -33688.4   -65059.0    31391.8    411.4    148.9    202.1 2021 12 30 21 34 26.520  1.90   1
     9214  54.626278 -163.303955    13.624   -97972.5   -52879.7    -5415.1    241.0    244.6    189.5 2021 12 30 23 37 45.240  2.01   1
     9215  55.192017 -162.108301     3.927   -21052.0    10101.0   -15112.2    145.6    220.7    338.0 2021 12 30 23 38 13.640  0.71   1
     9217  55.345671 -161.632552    17.386     9263.9    27206.5    -1652.6    150.8    203.5    147.2 2021 12 31  2 33  9.430  0.56   1
     9222  55.343644 -161.718734     4.947     3779.6    26980.9   -14091.9    171.8    207.1    257.8 2021 12 31  7 44 33.140  0.33   1
     9223  55.387903 -161.928695    11.865    -9576.9    31908.0    -7173.4    343.1    211.6    187.9 2021 12 31  7 59 57.510  0.78   1
     9232  55.345898 -161.706217     9.003     4576.0    27231.9   -10035.8    172.8    291.1    193.9 2021 12 31 14 51 42.980  0.68   1
     9236  55.309916 -161.672103     5.252     6750.0    23226.2   -13786.7    218.6    200.2    226.3 2021 12 31 17  2 53.880  1.93   1
     9237  55.294682 -161.567383     4.996    13419.7    21530.2   -14042.7    216.5    266.9    332.6 2021 12 31 17  9 41.560  0.05   1
     9238  54.671265 -162.628809    12.912   -54591.5   -47871.5    -6127.2    152.7    146.8    141.2 2021 12 31 17 37 15.720  1.95   1
     9239  55.383720 -161.629395     6.472     9460.4    31442.3   -12567.3    258.7    310.7    499.8 2021 12 31 18 19 11.960  0.25   1
     9252  54.993697 -162.299316     1.890   -33313.4   -11976.8   -17148.4    212.5    183.9    208.4 2021 12 31 23 10 47.400  2.71   1
     9253  55.143274 -161.980143     4.614   -12888.5     4674.8   -14425.0    256.8    169.8    363.9 2021 12 31 23 11  4.520  2.99   1
     9255  55.379960 -161.791748    14.487     -866.6    31023.8    -4552.0    386.6    481.9    222.0 2021 12 31 23 17 32.840  1.03   1
     9257  55.268160 -161.517676    28.909    16590.5    18577.7     9870.1    265.8    316.5    318.6 2021 12 31 23 28  2.340  0.73   1
       93  55.155249 -161.892969     6.096    -7325.8     6007.9   -12942.9    189.8    186.0    129.9 2021  1  3  8 50 12.680  0.66   1
      932  55.314583 -161.904069    15.025    -8017.9    23745.7    -4013.8    242.3    283.8    233.9 2021  1 31 17 46 13.460  0.13   1
      933  54.911515 -162.198779     8.008   -26914.7   -21125.7   -11031.2    280.7    197.8    272.1 2021  1 31 18  9 51.920  0.81   1
      938  55.330599 -161.755859     6.186     1417.2    25528.7   -12852.8    185.5    224.9    236.0 2021  1 31 22 30 42.360  0.07   1
      940  55.092041 -163.247786    15.245   -93822.6    -1028.7    -3794.0    267.6    871.8    476.5 2021  2  1  0  3 49.930  2.26   1
      943  55.301681 -161.319157    28.600    29223.8    22309.3     9561.1    156.5    311.5    325.7 2021  2  1  3 47 47.050  2.24   1
      947  54.446012 -162.000456    43.007   -14307.5   -72947.7    23968.2    307.2    124.4    224.6 2021  2  1  4 32 54.010  2.22   1
      961  54.583028 -161.266439    14.127    32872.6   -57694.4    -4912.1    179.9    152.4    154.0 2021  2  1 20 17  6.480  2.57   1
      962  55.287093 -162.792562    16.678   -64603.8    20685.4    -2360.9    331.4    386.0   1052.3 2021  2  2  3 43 44.200  2.00   1
      968  55.380147 -161.826302     3.138    -3064.6    31044.6   -15901.3    282.2    128.6    262.2 2021  2  2 10 43 18.760 -0.48   1
       97  55.055103 -161.767546    14.052      675.7    -5140.9    -4986.9    264.6    197.7    358.7 2021  1  3 10 23  0.640  1.54   1
      974  55.046684 -162.138509     3.767   -23019.8    -6078.1   -15271.9    322.9    261.6    408.3 2021  2  2 22 32 26.920  1.00   1
      976  55.173771 -161.962728     4.115   -11773.0     8069.9   -14923.5    196.9    126.8    241.8 2021  2  3  0 49 58.720  0.73   1
      980  55.035824 -160.882926    53.428    57189.1    -7287.1    34389.2    171.0    284.2    222.5 2021  2  3  6 41  1.380  1.43   1
      982  55.068917 -161.456722    33.273    20524.1    -3603.0    14233.8    259.5    225.1    363.9 2021  2  3  7 25 42.350  0.85   1
      984  55.056160 -161.743848    18.063     2189.2    -5023.1     -976.2    267.7    264.3    378.7 2021  2  3  8 32  8.890  1.52   1
      985  54.565580 -162.357715    58.749   -37242.9   -59636.8    39709.8    326.0    185.9    169.1 2021  2  3  9  2 58.440  1.62   1
       99  55.499394 -161.849544    36.661    -4536.2    44319.7    17621.8    796.0    524.0    228.7 2021  1  3 12 41 27.660  2.31   1
      993  55.071431 -161.172347    32.760    38682.5    -3323.1    13721.0    187.8    250.0    322.4 2021  2  3 15 36 28.290  1.77   1
      998  54.563700 -161.273617    13.603    32419.2   -59846.1    -5436.0    164.1    147.5    127.2 2021  2  3 17 35 48.880  1.73   1
