      100  54.968262 -162.288704    10.728   -32645.4   -14808.4    -8311.3  27247.1  10515.9  26757.4 2021  1  3 12 41 26.190  1.77   1
     1001  55.068197 -161.600244    20.776    11359.2    -3683.2     1736.9  22281.1  12076.8  19101.0 2021  2  3 21 42 16.640  0.66   1
     1002  55.317867 -161.753613     6.582     1560.4    24111.3   -12456.9  33180.1  11900.1  29368.6 2021  2  3 22  8 43.760  0.21   1
     1003  55.322282 -161.334603    22.116    28233.0    24602.8     3077.3  17714.4  47619.1  23140.6 2021  2  3 22 17 17.700  1.26   1
     1020  54.833553 -162.661491    31.886   -56575.1   -29804.8    12846.6  19976.8  24088.7  16995.1 2021  2  4 12 19 23.700  1.97   1
     1021  54.975415 -162.310677     9.827   -34047.3   -14012.1    -9211.8  15729.5  13504.9  15145.0 2021  2  4 12 19 41.050  2.29   1
     1022  55.317562 -162.972868    37.211   -76057.5    24077.3    18171.7  34035.4  46501.0  52827.1 2021  2  4 12 39  0.910  1.49   1
     1023  54.933663 -162.239876     3.915   -29536.1   -18660.1   -15123.5   6514.2   4825.3  10700.4 2021  2  4 14 11 48.640  0.80   1
      103  55.380115 -161.872998    30.350    -6034.9    31041.0    11311.1  46312.1  30556.9  31769.1 2021  1  3 17 22 36.600 -0.17   1
     1032  55.302897 -161.669873     6.218     6892.6    22444.8   -12820.9  16415.7  19206.0  38889.7 2021  2  5  4 19 25.580  0.32   1
     1039  55.166044 -161.997380    25.645   -13984.2     7209.7     6606.4  50750.4  41862.0  59795.1 2021  2  5 16  9 24.960  1.39   1
      105  54.804830 -161.237614    31.094    34629.3   -33002.4    12055.5  16185.3  21943.8  41904.9 2021  1  3 17 45 13.880  1.75   1
     1051  54.903276 -161.532438    13.867    15721.4   -22043.0    -5172.1  29673.6  17820.9  23166.0 2021  2  5 21 45 15.040  1.63   1
     1052  55.250346 -162.588167     4.945   -51610.8    16594.5   -14093.4  15990.1  23197.3  24429.9 2021  2  6  0 21 29.560  1.48   1
     1055  54.930542 -160.479606    57.618    83063.5   -19007.6    38578.8  40757.5  60840.2  58762.0 2021  2  6  5  2 58.110  1.44   1
     1059  55.043726 -162.913802    30.252   -72544.8    -6407.4    11213.6  22373.0  63274.6  44191.7 2021  2  6  6  3 48.100  1.25   1
     1060  54.823568 -162.806901     2.052   -65896.0   -30916.4   -16987.2  10213.9  11498.7   8873.9 2021  2  6  6  4  4.060  1.27   1
     1062  55.095414 -161.755290    21.396     1457.7     -653.2     2356.9  26040.9  14672.4  15349.6 2021  2  6  7 15 27.980  0.53   1
     1064  55.026640 -161.613802    22.758    10498.8    -8309.5     3719.5  15824.0  21986.2  20379.8 2021  2  6 12  4 44.260  2.62   1
     1070  55.199300 -162.142741    37.366   -23245.8    10911.9    18326.9  52902.5  47830.7  30902.3 2021  2  6 16 50 21.880  1.89   1
     1071  54.601306 -161.254215    10.577    33650.2   -55659.6    -8461.5  15225.4  13939.4  14557.9 2021  2  6 18 39 48.880  4.47   1
     1072  54.584709 -161.295036    13.850    31034.7   -57507.3    -5189.2  13361.6  12099.6  11399.0 2021  2  6 19 35 53.920  2.62   1
     1073  54.576074 -161.292350    13.707    31210.6   -58468.6    -5332.3  14307.9  12262.5  11977.6 2021  2  6 19 50  7.920  2.07   1
     1074  54.568901 -161.301188    31.090    30645.5   -59267.2    12051.2  20214.5  14736.0  44539.9 2021  2  6 20 12 22.720  1.60   1
     1076  54.578866 -161.286198    14.623    31604.8   -58157.8    -4415.5  18284.7  14902.2  16638.8 2021  2  6 20 19 18.200  2.22   1
     1080  55.313241 -161.695671     2.229     5249.3    23596.3   -16810.0  11721.4  12902.8  11377.0 2021  2  7  0 37 48.130  0.17   1
     1085  54.571383 -161.350977    31.164    27445.5   -58990.9    12124.7  18310.4  10433.1  37262.5 2021  2  7  1 58 56.540  1.49   1
      109  54.965662 -161.426449    19.180    22486.2   -15097.9      141.5  24473.1  31028.4  40047.3 2021  1  3 19 56 26.080  2.05   1
     1091  55.344287 -161.189535    33.366    37457.2    27052.5    14327.4   9942.4  47647.2  20479.7 2021  2  7  4 49 38.570  2.26   1
     1095  55.396244 -162.259603    24.980   -30620.8    32836.6     5941.1 125722.1  55422.0 123481.9 2021  2  7  7 59 53.620  1.46   1
     1100  55.082324 -161.788590    15.352     -668.2    -2110.4    -3686.8  22584.5  20321.0  21942.2 2021  2  7 17 57 19.320  1.38   1
     1103  55.169055 -161.901481     4.653    -7867.4     7544.9   -14386.3  27470.9  22204.3  18810.8 2021  2  7 19 33 54.560  1.38   1
     1105  54.815759 -161.088118    32.104    44201.1   -31785.7    13064.9  22743.6  12340.1  38195.7 2021  2  7 20 17 45.400  2.50   1
     1107  55.104732 -161.641927     1.730     8693.4      384.1   -17309.2  18339.3  24448.9   8548.4 2021  2  7 20 25  3.680  1.46   1
     1108  54.964502 -162.235938     2.906   -29273.0   -15227.0   -16133.0   9999.1   3814.2   4481.7 2021  2  7 21 56 42.020  0.96   1
     1113  55.280550 -162.168473    16.087   -24861.1    19957.0    -2951.4  87307.6 126876.6 154689.6 2021  2  8  4 17 58.520  1.96   1
     1120  55.339714 -162.090690    23.847   -19892.4    26543.3     4808.2  70781.8  79988.5  46766.4 2021  2  8  7 14 46.040  1.44   1
     1124  54.592529 -161.302962    31.060    30522.6   -56636.7    12021.1  21478.0  20711.2  53618.1 2021  2  8 11 27 36.840  1.68   1
     1127  55.297371 -161.828337     2.318    -3197.3    21829.6   -16721.3  20156.6  24219.0  22153.5 2021  2  8 12  0 58.860 -0.28   1
     1128  54.989144 -162.203239     1.577   -27173.9   -12483.7   -17461.9  16295.6   9252.9   9359.3 2021  2  8 12 35 30.340  0.88   1
     1140  54.805151 -161.331152    61.426    28636.4   -32966.6    42387.6  19652.2  20104.6  13809.2 2021  2  8 23 58 42.120  1.59   1
     1142  55.452026 -161.860775    28.686    -5252.6    39046.5     9647.1  29572.1  45958.7  27921.5 2021  2  9  0 16 46.490  1.11   1
     1151  54.548287 -162.477832    18.639   -44970.9   -61562.0     -400.2  23696.3  11808.9  17796.8 2021  2  9  8  2 10.790  1.77   1
     1154  55.012227 -161.576074    21.906    12911.7    -9914.0     2866.9  12248.6  18699.5  11442.8 2021  2  9  8 45 36.550  1.85   1
     1165  54.590540 -162.533789    64.253   -48542.1   -56858.2    45214.5  13713.0  10377.3  10072.7 2021  2  9 20 43 57.480  2.07   1
     1166  55.123478 -161.829785     9.009    -3296.7     2471.0   -10029.6  23655.7  10001.1  16132.3 2021  2  9 21 31 51.780  1.33   1
     1170  54.904281 -161.406022    66.057    23810.4   -21931.1    47018.1   9841.5  14838.0   9493.9 2021  2  9 23 45 28.280  1.59   1
     1173  54.620020 -161.322884    31.495    29233.0   -53576.4    12455.8  31725.3  28281.7  74318.0 2021  2 10  6  8 50.240  1.46   1
     1178  55.167660 -161.710856    17.917     4290.4     7389.5    -1122.3  23085.4  16449.5  17143.6 2021  2 10 11 42 19.110  2.02   1
      118  55.529618 -161.329818    16.533    28463.6    47684.4    -2505.7  34515.1  50839.7  64924.5 2021  1  4  0  2 58.000  1.56   1
     1183  55.197823 -161.988558     5.688   -13416.2    10747.4   -13350.6  31137.7  23278.6  25912.0 2021  2 10 21  8 45.360  2.05   1
     1192  55.269202 -161.434229     4.100    21905.7    18693.6   -14938.6  18090.7  12266.7  26722.8 2021  2 11 18  3 28.280  1.03   1
     1195  46.762085 -153.996989  1646.738   546863.1  -928358.6  1627698.8 ******** 693357.8 555141.4 2021  2 11 20 37 10.220  1.76   1
     1196  55.138928 -160.503971    55.364    81293.9     4191.0    36324.6  10121.0  39690.9  17847.0 2021  2 11 22 27 49.960  2.72   1
     1198  54.867472 -161.325146    32.196    28998.8   -26028.8    13157.3  19886.0  22946.1  39476.9 2021  2 12 14 15  3.740  2.63   1
     1199  55.166606 -161.968555     3.308   -12145.7     7272.2   -15731.3  14501.4  14377.4  33704.5 2021  2 12 14 15 28.960  1.98   1
      120  54.671008 -160.694743    10.646    69524.8   -47900.1    -8393.3  27282.1  28532.8  23856.9 2021  1  4  0 33 12.700  2.09   1
     1200  54.591972 -161.298568    31.713    30805.1   -56698.8    12673.7  21807.3  20255.6  50921.9 2021  2 12 15 10  7.870  2.04   1
     1201  55.165662 -161.846761    28.138    -4377.7     7167.1     9099.5  52814.8  35996.7  25737.1 2021  2 12 16 15  3.920  1.91   1
     1208  55.160425 -161.746615    20.526     2009.9     6584.1     1487.4  24560.5  24454.9  17344.7 2021  2 13  9 56 47.050  0.99   1
     1209  55.370695 -161.066211    31.669    45290.4    29992.3    12630.3  15011.1  57541.8  43567.4 2021  2 13 13  9 46.410  3.28   1
     1210  55.408858 -161.993864    19.846   -13718.3    34240.9      806.7  63917.5 151328.3 106436.5 2021  2 13 13 10 39.620  2.83   1
     1212  55.042000 -162.181429     2.813   -25762.8    -6599.5   -16226.1  16124.9   9464.3  17072.7 2021  2 13 14 15 28.860  1.76   1
     1214  54.546033 -161.771875    12.524      401.7   -61812.9    -6514.6  17701.0  10668.0  12056.4 2021  2 13 19  9 54.480  1.98   1
     1215  54.935270 -161.053190    62.298    46369.8   -18481.2    43259.3  15425.8  16972.1  15987.1 2021  2 14  0 24 32.090  2.39   1
     1216  55.106449 -163.270426    13.786   -95250.8      575.3    -5253.1  17424.8  58244.4  17916.5 2021  2 14  0 51 17.470  2.71   1
     1221  54.524581 -162.323519    63.468   -35063.3   -64201.1    44429.6  57102.2  15244.5  24384.1 2021  2 14  3 53 26.740  2.25   1
     1222  55.062740 -160.472298    81.482    83393.9    -4290.6    62443.2  41913.2  80537.9  47148.1 2021  2 14  8 10 58.270  2.46   1
     1224  55.262744 -162.060433    14.813   -17984.1    17974.8    -4226.0  37856.5  33382.0  43326.1 2021  2 14  9  9 53.440  0.78   1
     1225  55.227250 -161.753923    22.476     1542.5    14023.4     3436.7  66700.5  67623.2  73656.1 2021  2 14  9 46 14.060  1.94   1
     1228  55.560628 -161.459945    18.032    20193.8    51136.6    -1007.2  29814.9  35074.3  47577.3 2021  2 14 17 55 14.800  1.17   1
      123  55.593368 -160.314600     9.733    92846.6    54781.3    -9306.2  28101.8  53910.5  28041.5 2021  1  4  1 40 58.450  1.88   1
     1238  54.865877 -161.546436     2.272    14832.6   -26206.3   -16767.4  13598.6  14485.1  13706.2 2021  2 16  3 45  0.350  2.31   1
     1244  54.972441 -162.250651     4.340   -30210.8   -14343.2   -14698.9  12386.3  14035.5  13887.9 2021  2 16  5 33 19.130  1.39   1
     1249  55.181429 -161.737158     3.120     2612.4     8922.4   -15919.1  21394.3  25358.8  17560.8 2021  2 16  6 16 24.920  0.85   1
     1250  54.589754 -161.321761    30.826    29316.0   -56945.6    11786.7  17720.4  14874.4  40569.4 2021  2 16  6 30 31.090  1.51   1
     1254  54.900545 -161.428874    30.069    22349.2   -22346.9    11030.3  15178.6  17414.7  34592.8 2021  2 16 15 52 45.740  1.88   1
     1258  54.965841 -161.873128    35.624    -6074.5   -15077.9    16585.2  55822.4  24590.1  30007.6 2021  2 16 16 17 46.800  1.45   1
     1269  55.021309 -161.449674     4.521    20986.6    -8902.9   -14517.7  13335.7  17239.9  19257.2 2021  2 16 23 19 12.080  3.19   1
     1272  54.589795 -161.310807    30.068    30019.7   -56941.1    11029.5  16721.8  15728.8  46148.2 2021  2 17  4  6 41.430  1.68   1
     1281  55.144531 -160.193604     7.865   101089.1     4814.7   -11173.7  17251.9  29218.2  17106.7 2021  2 17 10 51 20.520  1.63   1
     1283  54.679317 -163.521533    11.097  -111869.7   -46975.1    -7941.6  16604.3  19865.2  18364.7 2021  2 17 12 56 29.530  1.79   1
     1284  55.356421 -161.844824    20.580    -4244.0    28403.3     1540.8  30412.1  47373.6  36515.6 2021  2 17 13  2 44.200  0.03   1
     1287  55.312048 -161.912891    21.283    -8579.8    23463.5     2244.0 106595.3  65819.8  58147.5 2021  2 17 17  1 28.160  0.07   1
      129  54.861316 -161.361816    28.085    26653.3   -26714.1     9045.7  19920.4  18066.6  53790.2 2021  1  4  4  1 10.530  1.79   1
     1290  55.204862 -161.745182    29.856     2100.1    11531.1    10817.2  75179.3  62009.1  34356.4 2021  2 17 19 37 22.880  1.20   1
     1298  55.326388 -161.404704     2.880    23769.4    25059.8   -16159.4  16678.2  31774.3  14259.5 2021  2 18  5  4 40.770  0.01   1
      130  54.824809 -161.302035    34.013    30494.5   -30778.3    14973.9  14344.6  25336.8  29343.1 2021  1  4  4  1 21.820  1.94   1
     1301  55.122921 -162.355404    18.815   -36839.1     2409.0     -223.5  18582.8  24525.7  11857.3 2021  2 18  7 29 54.880  1.05   1
     1305  55.331116 -161.712142     5.584     4199.8    25586.2   -13455.0  20532.6  17642.9  19247.4 2021  2 18  9 43 35.800 -0.44   1
     1310  54.591911 -161.288802    12.415    31432.4   -56705.6    -6623.6   9607.4   7632.1   7170.3 2021  2 18 12 40 52.980  1.97   1
     1323  55.347026 -161.747591     5.213     1943.1    27357.4   -13825.7  24966.5  27824.7  27191.5 2021  2 18 19  3 39.340 -0.86   1
     1328  55.359188 -162.155664    32.043   -24021.7    28711.3    13004.1 145630.1 156201.8 124721.0 2021  2 19  0 35 58.340  0.73   1
     1332  55.313200 -161.524723     4.537    16132.5    23591.7   -14501.6  11349.3  18527.1  28682.7 2021  2 19  2  7 18.390  0.34   1
      134  55.173580 -161.910547     6.363    -8445.2     8048.6   -12675.7  22672.2  20443.7  21499.3 2021  1  4  8 26 55.590  1.50   1
     1347  55.276090 -161.663558     8.358     7297.1    19460.5   -10680.7  15905.3  16266.7  21290.2 2021  2 19  4 40 45.390  1.04   1
      135  54.759176 -161.642708    62.378     8680.7   -38084.9    43339.2  33207.8  25940.0  10053.6 2021  1  4  9 10 28.510  1.47   1
     1352  54.517485 -161.128304    19.608    41780.6   -64991.1      569.6  15919.2  13922.9  13230.3 2021  2 19  8 36 17.060  2.48   1
     1357  54.997461 -162.297998     7.041   -33227.6   -11557.8   -11997.7  14141.9  10106.1  18270.6 2021  2 19  9 13 55.750  1.99   1
     1359  54.853927 -162.776660    32.568   -63934.9   -27536.7    13529.4  23090.4  19861.3  57332.8 2021  2 19  9 21 33.210  1.56   1
     1363  55.243827 -161.645280    10.840     8464.7    15868.8    -8198.6  14604.4  16132.6  20907.5 2021  2 19 10 52 15.340  0.41   1
     1371  55.297831 -161.534375     5.817    15521.0    21880.8   -13222.0  16297.5  22054.8  20601.2 2021  2 19 13 52 35.450  0.01   1
     1372  55.051111 -161.430241    26.386    22220.1    -5585.3     7347.1  14749.2  17977.8  49292.0 2021  2 19 14  4  8.250  1.62   1
     1375  55.340015 -160.450781    11.958    84475.2    26576.9    -7080.6  15817.5  71879.6  16341.0 2021  2 19 14 22 52.620  1.08   1
     1376  54.523625 -163.265609    13.519   -95631.3   -64307.5    -5519.9  17040.9  18119.5  18094.6 2021  2 19 14 29 46.060  1.63   1
     1380  54.971444 -160.545296    72.208    78821.4   -14454.2    53168.9  42085.4  65790.8  49880.4 2021  2 19 15 14 44.340  1.56   1
     1385  55.087996 -162.603727    32.392   -52708.8    -1479.0    13353.0  17325.8  13177.4  17948.9 2021  2 19 23 24 42.440  1.62   1
     1386  55.045418 -161.617204    20.452    10279.1    -6219.0     1413.4  18103.8   9709.1  15078.9 2021  2 20  1 14 23.940  0.82   1
     1389  54.547375 -161.161572    11.753    39627.0   -61663.4    -7285.8  10687.2   9932.7   9426.8 2021  2 20  3 29 30.500  1.90   1
     1392  54.760628 -161.980534     1.284   -12975.0   -37923.1   -17754.4  41663.1   6987.3  10250.0 2021  2 20  9 22 15.120  1.42   1
     1393  54.498678 -162.325244    47.948   -35185.5   -67084.7    28909.3  35503.7  14853.5  18341.5 2021  2 20 12 16 54.990  2.81   1
     1397  54.627466 -161.417513    15.191    23154.3   -52747.4    -3847.7  16004.7  20438.9  17925.5 2021  2 21  1 46 47.010  1.45   1
       14  55.230562 -161.166976    30.618    38948.2    14392.1    11579.2  15700.3  36274.6  31807.3 2021  1  1 16 55  4.360  1.72   1
     1405  55.054688 -161.224642    13.786    35350.6    -5187.1    -5252.6  16410.2  17577.4 104217.0 2021  2 21 11  6 40.870  2.14   1
     1407  55.113936 -161.566097     3.475    13532.1     1408.8   -15563.6  14458.9  27893.5  13613.9 2021  2 21 11  8 39.470  1.28   1
     1409  55.113420 -161.620996     5.557    10028.4     1351.2   -13482.4  14064.1  21283.4   8311.0 2021  2 21 11 11 53.160  0.88   1
     1414  54.911047 -162.622021    35.094   -53995.4   -21177.8    16055.1  20460.5  21747.2  19622.5 2021  2 21 15  5  6.160  1.48   1
     1415  55.261983 -161.612435     5.191    10555.2    17890.0   -13847.5  14958.4  16447.1  32388.3 2021  2 21 16  1  3.430  1.78   1
     1417  55.150073 -161.538184     0.885    15306.7     5431.7   -18154.2  13308.8  16543.0   7828.5 2021  2 21 17 30 27.960  0.78   1
     1419  55.505416 -161.719336     9.674     3733.7    44990.1    -9365.0  76616.7  92362.8 111337.3 2021  2 21 18 53 44.040  0.49   1
     1420  55.104342 -161.773926    16.852      268.0      340.6    -2186.6  14158.5  23532.5  22715.0 2021  2 21 18 54 16.160  1.01   1
     1425  55.144633 -161.785531     6.270     -472.5     4826.1   -12768.5  18249.2  15104.8  30590.5 2021  2 21 21 58 10.560  0.49   1
     1427  55.111153 -161.636637     3.422     9030.4     1098.9   -15616.4   6313.9  27572.4  20845.1 2021  2 21 22  8 14.800  1.03   1
     1430  55.505766 -163.231787    16.662   -92322.4    45029.1    -2377.2  93257.3 106131.8 138589.9 2021  2 21 22 40 59.780  1.60   1
     1431  54.584932 -161.290527    24.800    31324.3   -57482.4     5760.8  21258.0  17595.6  18118.3 2021  2 21 23  0 10.360  2.31   1
     1433  55.105916 -161.775993     5.331      136.1      515.9   -13708.0  36627.9  23406.9  22744.9 2021  2 21 23 57  4.060  1.32   1
     1434  55.177100 -161.549870    21.659    14556.3     8440.4     2620.4  18228.9  14671.2  18217.8 2021  2 21 23 57 55.340  1.17   1
     1435  55.239286 -161.976693    14.287   -12653.2    15363.3    -4751.7  66458.5  56162.4  78678.5 2021  2 21 23 58 16.000  1.22   1
     1439  55.159770 -161.513184    23.032    16899.5     6511.2     3993.1  13608.7   9655.7  27823.6 2021  2 22  0 43  2.960  0.59   1
     1443  55.180412 -161.846777    17.971    -4377.9     8809.1    -1067.6  16997.5  19314.1  24733.5 2021  2 22  1 21 15.400  0.46   1
     1453  54.837878 -161.111491    33.328    42692.2   -29323.3    14288.8  13697.1  17846.2  36148.0 2021  2 22  4 37 56.240  2.24   1
     1454  54.963171 -161.368652    33.139    26182.5   -15375.1    14100.1  27620.3  23858.7  27810.8 2021  2 22  7 39 17.400  1.96   1
     1457  54.894454 -161.280550    32.354    31843.1   -23025.0    13315.2  17114.9  29939.5  25160.4 2021  2 22  7 41 20.050  2.58   1
     1458  55.196847 -161.513509    24.210    16870.9    10638.7     5171.2  17805.6  19679.1  26569.6 2021  2 22  9  2 25.970  0.81   1
     1459  55.122803 -161.938411    16.136   -10228.7     2395.8    -2902.6  37800.6  13607.5  26886.7 2021  2 22  9  2 44.010  0.61   1
      146  55.409347 -161.991032    39.263   -13538.1    34295.2    20224.4  93118.7  65018.6  42379.7 2021  1  4 15 59 53.660  0.44   1
     1463  55.295044 -161.716976     4.159     3893.9    21570.5   -14880.3  12667.7  13748.8  34793.7 2021  2 22 12 58 56.000  0.45   1
     1468  54.636422 -161.309684    12.129    30074.5   -51750.4    -6910.1  12832.7  11847.4  12276.7 2021  2 22 16 17 26.310  1.73   1
     1472  55.055526 -161.726628    13.396     3289.1    -5093.8    -5643.3  16376.5  13151.1  22784.5 2021  2 22 16 50 46.390  0.97   1
     1476  55.132149 -161.704362     9.410     4706.6     3436.3    -9628.8  20088.2  21013.2  26362.6 2021  2 22 20 16  9.000  0.98   1
     1478  54.798995 -161.673600    34.595     6697.1   -33652.0    15556.5  33716.5  14800.3  27884.0 2021  2 22 22 18 15.100  1.52   1
     1488  55.398145 -161.734489    19.269     2775.1    33048.2      229.8  29851.3  38915.4  28776.1 2021  2 23 12 29 16.040 -0.11   1
     1493  54.642708 -161.433691    12.873    22111.4   -51050.5    -6165.6  15417.6  13540.3  12949.2 2021  2 23 20  3 57.320  2.87   1
     1500  54.908065 -161.365641    32.141    26393.1   -21509.8    13102.6  18170.2  24998.4  33109.8 2021  2 23 22 41 49.920  1.99   1
     1502  55.100313 -161.584229    12.158    12377.0     -107.8    -6881.1  12974.7  15350.8  16218.5 2021  2 23 23 36 55.900  1.07   1
     1510  54.861947 -161.292578    30.881    31085.9   -26643.9    11841.7  18306.3  22771.0  45716.5 2021  2 24  2 36 40.740  2.08   1
     1513  55.328691 -161.764697     4.931      854.7    25316.2   -14107.6  37423.1  29495.0  45793.9 2021  2 24  3 44 51.420  0.93   1
     1514  55.269157 -162.080501    12.146   -19261.0    18688.7    -6892.5  36041.2  31905.1  42091.3 2021  2 24  3 45  8.730  0.63   1
      153  55.233443 -162.088005    11.910   -19747.7    14712.8    -7128.9  78915.0  72131.9  99248.7 2021  1  4 18 37 14.700  0.42   1
      154  54.587996 -161.270426    29.893    32614.4   -57141.3    10854.6  15095.8  13531.2  41553.6 2021  1  4 18 41 15.600  1.65   1
     1540  55.054732 -163.381201    14.581  -102387.2    -5182.1    -4457.6  17113.9  37058.8  16273.9 2021  2 24 17 41 27.000  1.66   1
     1543  55.505945 -161.868213    28.800    -5721.5    45049.0     9761.5  88183.0  78215.3  64703.6 2021  2 24 19 10 27.800  0.33   1
     1544  54.987817 -161.395687    31.671    24446.4   -12631.4    12632.3  17723.1  14147.0  25197.1 2021  2 24 19 51 27.800  1.58   1
     1548  55.084892 -163.309196    13.856   -97751.6    -1824.6    -5182.9  21647.3  62277.7  22275.2 2021  2 24 20 59 31.300  1.74   1
     1551  55.041113 -161.755811    18.792     1425.4    -6698.2     -247.2  24806.4  17053.6  12569.6 2021  2 25  2  4 18.030  1.17   1
     1552  55.155522 -161.765576    24.021      800.5     6038.2     4982.0  15098.4  18530.8  21332.4 2021  2 25  2  4 37.270  1.22   1
     1553  54.976485 -162.197021     3.083   -26780.6   -13892.9   -15955.4  35805.2  20923.3  34810.0 2021  2 25  3 22  5.790  1.67   1
     1560  55.047701 -161.597298     4.530    11550.3    -5964.9   -14509.3  21542.1  32895.2  20974.2 2021  2 25  7 39 13.870  0.78   1
     1568  55.091728 -162.058464    14.021   -17896.8    -1063.6    -5018.0  14873.3  28271.3  21646.4 2021  2 25 15 59 56.610  0.52   1
      157  54.586971 -161.267529    27.241    32800.9   -57255.5     8202.1  20705.5  18062.0  91980.7 2021  1  4 19 48  7.600  2.60   1
     1572  54.597961 -161.260335    30.515    33258.5   -56032.0    11476.6  17707.9  15948.4  46114.0 2021  2 25 18 54 43.360  1.57   1
     1579  55.044873 -161.371696    21.345    25961.5    -6279.7     2306.4  21129.8  18500.9  29507.7 2021  2 26  7  9 46.090  0.71   1
      158  54.996468 -162.297575    13.165   -33200.9   -11668.3    -5873.7  12030.5   9646.2  32217.8 2021  1  4 20 44 36.960  2.96   1
     1581  55.011430 -161.351595    30.969    27256.8   -10002.7    11929.8  14779.0   9298.8  20647.8 2021  2 26  9  3 54.340  1.99   1
     1585  54.585197 -161.260384    28.934    33260.6   -57453.0     9895.0  19654.4  18257.8  64525.7 2021  2 26 12  9  8.560  1.97   1
      159  54.975724 -162.343180    12.865   -36125.1   -13977.6    -6173.5  14341.5  12207.6   9644.5 2021  1  4 20 44 47.420  3.35   1
     1590  55.476583 -162.017627    28.852   -15216.4    41780.3     9812.6 157158.2 117359.7  92462.0 2021  2 26 19  0 39.760  0.27   1
     1591  55.096794 -161.383252    24.400    25207.0     -499.6     5361.1  27487.1  23255.1  17551.6 2021  2 26 19 39 49.120  0.92   1
     1598  55.083622 -161.630420    17.486     9430.4    -1965.9    -1552.8  24109.2  15125.2  16505.1 2021  2 27  0  6 44.230  1.22   1
      160  55.182914 -161.780371     9.309     -143.2     9087.7    -9729.7  24687.2  15773.2  22345.3 2021  1  4 21 22 34.520  0.99   1
     1602  55.084416 -161.894645     9.460    -7439.3    -1877.6    -9579.0  24196.7  27476.7  35596.7 2021  2 27  6 44 11.470  1.03   1
     1606  55.244865 -162.263118     4.798   -30902.8    15984.4   -14241.3  59826.7  49454.9  51074.2 2021  2 27  8 42 23.690  1.54   1
     1608  55.196118 -161.933024     3.924    -9875.9    10557.6   -15115.0  34451.6  14396.3  24216.6 2021  2 27  9 20 25.210  0.83   1
     1612  54.949312 -161.677962    12.103     6405.7   -16917.9    -6935.6  13715.2  10672.3  21187.6 2021  2 27 15 30 31.160  1.03   1
     1627  54.971436 -161.423405    33.294    22679.2   -14455.1    14255.6  17999.1  22745.2  17077.7 2021  2 28  6 21  3.480  2.16   1
      163  55.000061 -161.472542    33.087    19530.6   -11268.4    14048.5  20745.9  21960.3  35887.0 2021  1  4 22 45 47.100  0.74   1
     1632  55.096737 -161.223356    33.650    35414.1     -506.0    14610.9  13884.8  31492.6  27270.9 2021  2 28  8 10 21.870  1.67   1
     1638  54.506014 -161.030404     7.407    48081.9   -66268.0   -11631.8   9325.8  21029.2  24580.4 2021  2 28 18  1 17.120  1.74   1
     1644  54.491874 -163.173063     1.141   -89716.5   -67842.1   -17897.6  20249.0  18875.8  19172.6 2021  2 28 22  8 55.420  2.34   1
     1646  55.376876 -161.829606     6.116    -3274.9    30680.4   -12923.1  43213.4  61438.3  75716.9 2021  2 28 22 59 50.600  0.81   1
     1647  54.771183 -161.228206    33.939    35246.7   -36748.1    14899.8  14975.2  22675.6  33763.8 2021  3  1  4 28 55.900  2.15   1
     1652  55.023348 -161.372933    30.991    25889.4    -8676.0    11952.3  12111.5  16489.9  32332.7 2021  3  1 15  0  4.050  2.37   1
     1654  54.903129 -160.890609    15.011    56791.9   -22059.3    -4026.7  14973.7  14362.4  18901.9 2021  3  1 20 37 56.640  1.33   1
     1657  55.125464 -161.618424    23.516    10191.0     2692.1     4477.5  20486.2  28773.9  28329.4 2021  3  2  1 54 25.150  1.32   1
     1661  54.922868 -162.209814     5.257   -27616.9   -19861.9   -13782.1  15323.5  12616.4  18518.7 2021  3  2 13 18  6.080  1.04   1
     1662  55.065100 -161.615072    18.235    10412.8    -4027.9     -803.7  14380.2  11040.5  19842.2 2021  3  2 14 45 35.910  1.58   1
     1671  55.236641 -160.932910    31.642    53861.0    15068.9    12603.3  10257.7  38139.3  22147.1 2021  3  3 12 32  3.630  2.21   1
     1676  55.055168 -161.605973     0.043    10995.1    -5133.6   -18995.5  17064.8  11793.1  12486.7 2021  3  3 22  9  2.360  1.13   1
     1678  55.227380 -161.744043     2.798     2172.1    14037.9   -16240.6  26721.4  21384.0  20172.1 2021  3  4  0 35 13.270  3.42   1
     1680  54.604985 -161.441097     8.299    21646.0   -55250.1   -10739.8  10496.9  12271.8  11677.9 2021  3  4  0 38 11.150  3.52   1
     1684  55.315377 -161.749479     6.081     1823.6    23834.1   -12957.4  37407.8  37131.8  58173.7 2021  3  4  0 44 32.450  0.64   1
     1688  55.096183 -163.348551   101.488  -100250.2     -567.6    82449.5  40643.1 152784.4  32698.5 2021  3  4  1 22 54.170  2.47   1
     1691  55.147762 -163.476937    12.742  -108376.2     5174.4    -6296.6  15092.4  39591.2  23208.7 2021  3  4  1 58 10.610  1.61   1
       17  55.125708 -161.920247     9.872    -9069.2     2719.2    -9166.4  22542.8  24222.9  21032.7 2021  1  1 17 17 19.000  1.75   1
      170  54.870532 -161.844255     1.387    -4233.3   -25688.1   -17652.4  23567.5  17437.1  14762.8 2021  1  5  1 54 41.470  1.03   1
     1703  54.492452 -161.741439    11.367     2359.5   -67777.8    -7672.3  15267.0   8511.5  10314.5 2021  3  4  9 38 50.260  2.25   1
     1704  54.489583 -161.718359    10.743     3844.0   -68097.1    -8295.7  19163.4   9597.7   9465.7 2021  3  4  9 42 51.260  2.04   1
     1706  55.012191 -161.511572    22.793    17033.5    -9918.0     3754.2  23808.3  17006.0  11371.0 2021  3  4 12 59  4.700  1.40   1
     1709  55.357141 -161.974365    31.052   -12486.5    28483.5    12013.4 103727.4  34561.2  53050.2 2021  3  4 13 55  2.390  0.66   1
      172  54.977804 -161.713916    19.264     4104.9   -13746.2      224.6   9730.8  14266.9  20339.6 2021  1  5  3 43 56.380  2.04   1
     1720  54.908850 -161.202197    15.415    36850.8   -21422.4    -3624.0  27491.4  26890.2  20983.4 2021  3  4 19 53 29.960  2.38   1
     1722  55.262000 -160.977865    47.569    50980.1    17891.9    28530.5   5898.7  24983.0  12173.0 2021  3  4 20 37 48.760  2.44   1
     1729  55.354928 -162.549284     2.054   -49069.2    28237.0   -16984.7  56398.1  63088.2  63159.4 2021  3  4 23 56 31.360  1.93   1
      173  54.526339 -162.374137    19.841   -38316.7   -64005.4      802.3  29447.6  15696.6  29200.4 2021  1  5  4 32 55.230  1.62   1
     1730  54.969902 -163.489795    10.906  -109438.4   -14625.9    -8133.1  17786.7  75896.0  27954.8 2021  3  4 23 58 39.980  2.00   1
     1738  55.322367 -161.790820     1.166     -808.1    24612.3   -17872.9  37814.2  25314.4  28911.1 2021  3  5  0 46 13.720  1.50   1
     1741  55.137288 -161.763900    10.222      907.6     4008.4    -8817.1  20625.9  13725.6  30974.0 2021  3  5  4  3 28.830  1.34   1
     1748  55.022514 -161.773682    19.926      283.9    -8768.8      886.7  14134.7  17569.4  19634.3 2021  3  5 16 11 27.520  2.40   1
     1749  55.215047 -160.871566    26.166    57785.7    12664.9     7127.1  26623.9  88520.0  94656.2 2021  3  5 18 26 51.980  2.03   1
      175  55.118331 -161.732926    24.173     2884.5     1898.0     5134.1  12499.4  24151.2  17278.3 2021  1  5  4 57 50.210  1.82   1
     1751  55.010063 -161.619515    24.521    10135.9   -10154.9     5482.6  24218.6  21628.3  11874.4 2021  3  5 18 53  2.780  1.72   1
     1762  55.349727 -161.719645    20.374     3721.3    27658.1     1335.3  26790.9  41248.1  19636.5 2021  3  6  0 58 42.500  2.01   1
     1772  54.934241 -162.247445     3.679   -30020.0   -18595.8   -15359.7   6900.1   7548.4   6516.8 2021  3  6 12  6 39.940  0.93   1
     1776  55.107784 -161.768148    17.499      636.8      723.9    -1539.8  18765.9  19806.6  21916.4 2021  3  6 12 34 33.970  1.87   1
     1782  54.617025 -161.319499    31.196    29451.4   -53909.8    12156.9  23539.3  19432.5  53355.8 2021  3  7  8 56 49.900  1.51   1
     1791  54.762935 -161.021696    29.492    48487.8   -37666.3    10453.1  24114.6  18458.6  60612.4 2021  3  7 12 44 28.780  2.36   1
     1795  54.353739 -163.266797    21.929   -95907.9   -83219.9     2889.9  20706.3  16908.2  16865.4 2021  3  7 14 11 29.290  2.14   1
      180  54.450663 -161.688623    11.190     5759.3   -72429.9    -7849.0  21445.5   8549.6   8581.2 2021  1  5 14 13 57.050  2.04   1
     1800  54.584587 -161.300684    11.703    30672.0   -57520.9    -7336.2  13855.6   9948.9   9925.4 2021  3  7 23 31 54.600  2.56   1
     1801  55.378206 -161.746224    17.076     2029.3    30828.6    -1963.2  54056.2  68761.3  41363.3 2021  3  7 23 58 41.000  1.62   1
     1802  55.144185 -161.247445    32.441    33856.4     4776.2    13401.9  15578.1  30039.4  25364.3 2021  3  8  0  1 45.660  1.37   1
     1803  55.061943 -160.945752    34.762    53158.3    -4379.4    15723.6  18000.9  29911.1  28940.0 2021  3  8  0  1 53.910  2.25   1
     1813  55.101034 -161.788574    12.063     -667.0      -27.6    -6975.9  32070.3  16736.9  26002.7 2021  3  8  9 53  8.660  1.23   1
     1818  55.175171 -161.799593    19.116    -1369.1     8225.7       77.6  20389.6  20320.1  15982.8 2021  3  8 19 54 55.400  2.09   1
     1822  54.572083 -161.308968    13.145    30144.4   -58912.9    -5893.9  14009.6  12142.0   9483.7 2021  3  8 22 56 20.960  1.57   1
     1823  55.352311 -161.864893     7.049    -5521.2    27945.8   -11990.1  90314.4 121148.3 165508.3 2021  3  9  5 24  8.420 -0.07   1
     1824  55.431950 -161.165234    40.587    38960.9    36811.5    21547.9  14881.1  27326.9  27323.6 2021  3  9  5 25 56.450  1.50   1
     1826  55.321729 -161.715186     7.189     4006.5    24541.2   -11850.2  20804.8  19610.2  25288.5 2021  3  9  6 12  3.170  1.22   1
      183  54.531580 -162.469629    10.046   -44452.9   -63421.9    -8993.0  23855.9   8976.2  20579.2 2021  1  5 19 35 57.360  2.51   1
     1834  54.956152 -161.610075    16.997    10746.4   -16156.5    -2041.4  11435.9  13878.5  39998.3 2021  3  9 11 47  7.090  2.25   1
     1836  55.044218 -161.750602    23.206     1758.1    -6352.6     4166.9  15154.0  24938.1  20516.9 2021  3  9 15 28 26.520  1.02   1
     1837  54.608903 -161.283870    24.704    31742.5   -54813.9     5665.2  30319.1  25654.1  26195.2 2021  3  9 15 59 56.200  1.96   1
     1848  54.476839 -163.170996     1.804   -89600.2   -69515.9   -17235.3  20584.3  18951.8  19349.7 2021  3 10  6 53 14.950  1.84   1
     1850  54.972420 -162.261930     0.823   -30931.9   -14345.5   -18216.2   8921.2   7952.7   7167.9 2021  3 10  7 15 44.300  1.55   1
     1854  55.193925 -162.021745    26.943   -15532.8    10313.5     7904.6  37252.8  29163.1  31993.7 2021  3 10  8 52 57.000  0.82   1
     1855  54.946309 -161.331803    17.022    28544.7   -17252.2    -2016.5  33314.5  27690.8  24935.9 2021  3 10  9 15 17.810  0.84   1
     1856  55.167965 -161.829915    16.042    -3303.1     7423.5    -2996.5  25399.3  17472.7  38882.7 2021  3 10  9 15 41.680  0.51   1
     1858  55.298690 -161.654671    16.271     7860.9    21976.4    -2767.9  16485.0  15745.9  15581.2 2021  3 10 18 24 35.260  0.37   1
     1859  54.670614 -160.594531    21.517    75956.1   -47944.0     2477.7  43862.8  47561.6  42785.8 2021  3 10 20 21  6.480  2.04   1
     1861  55.019796 -162.295231     4.639   -33041.5    -9071.4   -14400.2  19412.2  13925.1  20268.3 2021  3 10 23 39 17.520  1.55   1
     1863  54.955929 -161.348145    33.291    27496.3   -16181.4    14252.4  20703.6  11570.1  22423.0 2021  3 11  5 14 38.290  2.04   1
     1864  54.892716 -162.820166    58.916   -66688.5   -23218.5    39877.0  55023.6  61735.1  53095.5 2021  3 11  5 48 59.910  1.72   1
     1868  55.057202 -161.457422     2.986    20482.4    -4907.1   -16052.4  14108.5  12571.7  13753.6 2021  3 11  6  3 33.370  2.16   1
     1875  54.562882 -162.075879    46.939   -19133.5   -59937.1    27899.8  32730.4  12444.3  13022.5 2021  3 11 13  8 23.810  1.79   1
     1876  55.011975 -161.570378    19.304    13275.7    -9942.0      265.3  27133.1  14681.8  24601.3 2021  3 11 19 52 43.600  0.49   1
     1877  55.445915 -161.474935    39.835    19270.1    38366.2    20795.8  26137.6  66794.5  20708.9 2021  3 11 20 50 52.560  1.14   1
      188  55.127368 -161.567480     1.628    13441.5     2904.1   -17411.0  21145.6  17384.0   7411.4 2021  1  5 23 35 40.720  2.17   1
     1880  54.958655 -162.446810    16.990   -42759.4   -15877.9    -2048.8  35931.6  32896.1  60370.5 2021  3 11 23 53  2.980  1.51   1
     1881  55.252759 -162.237207     1.354   -29248.9    16863.1   -17685.2 131019.5 133764.8 191272.2 2021  3 15  0 56  4.510  0.80   1
     1883  55.308895 -161.705518     5.837     4622.7    23112.5   -13202.0  14104.8  16100.2  21845.7 2021  3 15  2 35  5.030  1.32   1
     1885  55.071623 -161.531120    22.551    15772.7    -3301.8     3511.8   9391.9  14567.0  37503.0 2021  3 15  3 36 22.040  1.43   1
     1889  54.576457 -162.580615    15.975   -51559.0   -58426.0    -3064.1  13872.4   8623.5  27320.9 2021  3 15  4 11 52.080  1.66   1
     1894  55.119934 -162.342839    31.880   -36038.6     2076.5    12841.0  45593.7  66552.7  27497.3 2021  3 15  6 19 53.350  1.28   1
     1896  55.296342 -161.659993     5.448     7522.3    21715.0   -13590.6  17518.8  17689.5  11318.1 2021  3 15  8 34 48.080  1.21   1
     1903  54.818490 -162.430957    23.349   -41818.4   -31481.8     4310.0  22897.7  17345.0  29124.9 2021  3 15 13 52 50.600  1.56   1
     1905  55.898010 -160.569678    11.288    76370.5    88695.6    -7750.6  14433.1  15727.0  12902.7 2021  3 15 13 58  5.000  2.29   1
     1906  55.867704 -160.565983     9.340    76633.3    85321.8    -9698.8  11875.2  19712.5  12066.8 2021  3 15 14  1 39.780  1.63   1
     1909  55.265373 -161.998307    13.915   -14026.0    18267.4    -5123.9 123863.8 108897.4 119408.3 2021  3 15 19  9 48.960  0.41   1
     1916  55.324544 -162.084635    12.728   -19510.8    24854.6    -6310.9  58306.7  99814.2  66048.6 2021  3 16  3  5 32.610  1.50   1
     1920  54.754744 -161.420589    54.499    22920.7   -38578.2    35459.6  17213.4  14844.0  14837.2 2021  3 16  9 17 34.970  3.29   1
     1922  54.688049 -161.381608    44.154    25440.7   -46003.0    25115.3  17991.3  14027.3  21404.4 2021  3 16 10 40 11.180  1.61   1
     1928  55.152743 -162.661800    41.927   -56370.8     5728.9    22887.8  24558.7  20821.8  18126.3 2021  3 16 18 42 43.780  3.13   1
     1932  54.969234 -162.198307     1.005   -26865.3   -14700.2   -18033.6  24492.2  14344.9  10868.8 2021  3 16 22 23 17.680  0.78   1
     1950  54.983085 -161.908610     4.376    -8341.4   -13158.2   -14662.8  39164.9  10008.9  30274.4 2021  3 17 17 25 48.880  0.81   1
     1952  54.859314 -162.663298    32.527   -56672.7   -26937.0    13488.3  24134.9   5396.4  37521.7 2021  3 17 18  2 20.460  1.45   1
     1953  54.838778 -161.247396    30.098    33988.3   -29223.2    11059.2  17987.1  23705.4  49636.7 2021  3 17 19 20 28.680  1.43   1
     1955  54.524618 -161.331169     6.897    28734.8   -64197.0   -12142.1  26343.7  18190.7  18736.9 2021  3 17 19 45 17.280  1.73   1
     1958  55.529211 -161.764632    25.165      856.7    47639.1     6126.5  99988.6  70189.6  82018.0 2021  3 17 21 13 17.440  0.53   1
     1959  55.159639 -161.913216     4.346    -8616.9     6496.7   -14692.9  14768.1  19166.6  17108.9 2021  3 17 21 50 12.840  0.78   1
     1961  54.571965 -161.345150    13.361    27819.7   -58926.1    -5677.9  11082.1  15280.5   9764.0 2021  3 17 22  3 42.820  1.10   1
     1963  54.462520 -162.850537     8.196   -68998.0   -71109.9   -10843.0  22220.4  15621.9  25737.5 2021  3 17 22 42 26.960  1.90   1
     1965  55.266573 -162.176497    11.271   -25376.6    18401.0    -7767.8  38605.8  77654.6 108813.7 2021  3 17 23  0 33.240  1.28   1
     1969  55.197298 -162.286051    15.947   -32383.3    10689.0    -3091.8  65489.8  38794.1  65198.0 2021  3 18  0 14  0.410  1.28   1
      197  55.087337 -161.570394    29.539    13262.2    -1552.4    10499.9  12432.5  38460.5  22643.7 2021  1  7  2 55 29.890  2.19   1
     1973  54.838631 -161.168506    53.091    39040.5   -29239.5    34052.2  16139.9  15088.9  19762.5 2021  3 18  1 31 29.980  1.25   1
     1975  55.454606 -161.871810    31.028    -5953.8    39333.7    11988.9  26374.3  62068.9  36703.1 2021  3 18  2 45 38.950  0.99   1
     1981  54.795064 -162.913428     5.480   -72745.0   -34089.6   -13558.6  24328.5  24634.5  96602.9 2021  3 18  6 26 27.680  1.02   1
     1983  54.482279 -162.072803    13.536   -18954.7   -68910.2    -5503.3  46157.7  11756.1  22592.8 2021  3 18  7 22 24.300  1.24   1
     1984  55.035807 -161.335742     7.730    28261.3    -7288.9   -11309.2  19830.9   6600.6  93167.4 2021  3 18  8  6 48.940  0.87   1
     1986  55.020667 -161.699479    21.147     5025.2    -8974.5     2108.1  57088.3  77511.9  29409.1 2021  3 18  8 24 14.020  1.39   1
     1988  54.964551 -162.894873    52.675   -71405.9   -15221.5    33635.8  48502.7  64942.5  50974.0 2021  3 18  9 58 57.490  1.33   1
     1991  55.220475 -161.649121    12.489     8222.4    13269.2    -6549.6  24863.3  16129.7  18188.2 2021  3 18 12 20 29.880  1.12   1
     1995  55.166284 -161.921029     5.232    -9114.5     7236.4   -13806.7  21394.5  46206.1  26947.8 2021  3 18 14 36 19.100  0.66   1
     1996  54.589286 -161.239128    31.834    34624.4   -56997.7    12795.3  16434.3  14075.7  37307.5 2021  3 18 15 25 37.380  1.11   1
     1997  55.551819 -163.366536    12.931  -100822.1    50155.9    -6107.5 102834.3 123537.9  96230.2 2021  3 18 16 56 49.690  1.37   1
     2001  54.491663 -163.154964     0.412   -88552.7   -67865.7   -18627.0  20584.0  18887.9  15396.1 2021  3 18 19 35 43.440  1.69   1
     2006  55.308093 -161.561947    10.210    13763.6    23023.2    -8828.7   9493.4  20436.8  22583.9 2021  3 18 20 15  0.400  0.39   1
     2007  54.986169 -160.687988    40.161    69685.6   -12814.8    21122.6  15332.4  17317.6  21686.3 2021  3 18 22 50 27.260  4.06   1
     2011  54.771305 -160.708317     9.350    68568.6   -36734.5    -9688.7  26308.3  20791.8  25384.4 2021  3 19  2 17 27.950  1.93   1
     2014  54.982153 -162.369043     6.264   -37775.6   -13261.9   -12775.3  12579.1  14493.2  25967.5 2021  3 19  6  2 53.140  0.50   1
     2017  55.080859 -161.716683    16.773     3923.0    -2273.5    -2266.1  13657.9  16780.7  20036.4 2021  3 19  7 15 23.960  1.19   1
     2029  55.499394 -161.762972    17.489      962.4    44319.7    -1550.2 126795.4 111436.6 105532.1 2021  3 19 20  1 37.500  0.94   1
     2034  55.313041 -160.600651    35.261    74962.4    23574.1    16221.7  18946.3  27735.9  45744.2 2021  3 20 10 26 13.060  1.96   1
      204  55.117989 -161.474202    23.705    19396.0     1859.9     4666.3  18556.7  12953.2  28909.5 2021  1  7  8 46 37.580  1.86   1
     2041  54.448674 -162.399495    24.976   -39985.2   -72651.4     5937.4  90291.4  10335.5  14256.6 2021  3 20 15 40 32.680  1.96   1
     2042  55.139115 -162.167041     4.791   -24813.7     4211.8   -14247.8  18394.8  12873.6  23732.5 2021  3 20 15 40 56.760  0.89   1
     2044  55.251839 -162.060986    16.840   -18021.8    16760.8    -2198.9 100069.5  85597.0 102481.0 2021  3 20 18 46 11.200  1.24   1
      205  55.365080 -161.730306     7.376     3042.4    29367.2   -11662.6  45065.1  19696.5  43477.0 2021  1  7 11 45 28.180  1.30   1
     2050  55.171676 -161.516130    17.747    16709.1     7836.6    -1292.2  17715.8  16697.7  24920.9 2021  3 21  1 15 13.670  2.08   1
     2053  54.774251 -160.997331    33.833    50042.6   -36406.6    14794.5  15876.0  19265.4  39173.5 2021  3 21  4 51 43.430  1.68   1
     2054  55.178109 -161.917871     7.050    -8911.8     8552.7   -11989.0  24797.1  16759.5  33119.2 2021  3 21  4 52 15.430  1.07   1
     2055  55.264681 -161.617887     4.937    10207.5    18190.4   -14101.5  22738.0  19580.6  36963.2 2021  3 21  6 20 17.800 -0.04   1
     2056  54.525037 -161.560710    14.414    13977.5   -64150.3    -4624.9  34403.2  22591.6  16960.6 2021  3 21  9 13 37.170  1.64   1
     2057  54.503760 -162.338118    40.236   -36011.1   -66519.0    21197.5  38953.5  19528.8  33706.3 2021  3 21 13 30 53.040  1.63   1
     2059  54.594210 -162.338997    61.480   -36027.5   -56449.6    42441.4  18062.0  10976.8  11801.3 2021  3 21 15 28  4.810  2.32   1
     2066  54.813904 -160.477344    22.906    83328.7   -31992.3     3867.2  28748.8  35884.7  29435.4 2021  3 22  0 10 51.690  2.08   1
     2071  55.327397 -161.963493     9.371   -11799.1    25172.2    -9667.5  44883.2  34941.9  83202.6 2021  3 22  0 36 28.590  0.81   1
     2079  55.086088 -161.181868     0.596    38067.6    -1691.4   -18443.1  17386.3  18566.0  14071.6 2021  3 22  6 27 48.630  1.36   1
     2081  55.293856 -161.672819     5.555     6705.8    21438.2   -13483.9  12498.0  13865.8  12705.2 2021  3 22  8 42  5.840 -0.03   1
     2082  54.903691 -161.394238    19.226    24564.6   -21996.8      186.6  27913.4  24832.9  18002.2 2021  3 22  9  3 51.680  0.90   1
     2083  55.160795 -161.902734     5.830    -7948.2     6625.3   -13208.4  19667.1  15333.4  17405.3 2021  3 22  9 21 56.940  0.61   1
     2085  55.379838 -162.722135     4.294   -60049.1    31010.2   -14745.2  46498.6  68300.3 564681.5 2021  3 22 11  6 42.830  1.46   1
     2089  54.985730 -161.506917    32.455    17336.7   -12863.8    13416.4  17495.6  13875.3  19142.5 2021  3 22 14 47 22.280  1.92   1
     2092  54.993412 -161.532747    31.701    15684.0   -12008.5    12661.7  16270.8  15101.8  24112.4 2021  3 22 18 44  2.120  3.44   1
     2093  55.073812 -161.734896    23.455     2760.4    -3058.1     4415.8  30556.7  15611.2  24937.1 2021  3 22 19  0 32.180  1.23   1
     2099  54.651123 -161.349642    12.462    27504.2   -50113.8    -6576.6   8253.6  10950.0  20116.4 2021  3 23 11 28  4.430  2.69   1
     2102  55.243355 -161.596370     3.711    11581.3    15816.3   -15327.8  15666.1   9132.2  41329.2 2021  3 23 15 12  4.800  0.41   1
     2106  55.416471 -161.928662     5.640    -9571.4    35088.4   -13399.1  54427.9  70933.3  96880.1 2021  3 23 20 35  4.600  2.03   1
     2110  55.020675 -161.598437    31.205    11481.4    -8973.6    12165.8  38023.6  64808.5  62875.6 2021  3 23 21 20 35.960  1.70   1
     2116  55.294535 -161.845150    12.970    -4268.0    21513.9    -6069.2  40120.0  43734.9  39126.8 2021  3 24  1 48  0.030 -0.05   1
     2117  55.425183 -162.781559    13.506   -63792.8    36058.2    -5533.3  25784.3  30159.8  34681.8 2021  3 24  6 30 31.840  2.30   1
     2118  55.413123 -162.778255     1.833   -63592.4    34715.6   -17206.2  38856.3  36014.2  39256.6 2021  3 24  6 47 10.370  1.57   1
     2126  55.286153 -161.532780     4.360    15624.8    20580.8   -14678.4   9379.9  11129.0  18495.8 2021  3 24 16 19 46.180  0.79   1
     2132  54.589233 -161.305029    31.244    30391.0   -57003.6    12205.0  19016.9  18485.6  46884.3 2021  3 25  4 23  3.040  1.78   1
     2136  55.492379 -161.437435    30.738    21640.9    43538.8    11699.2  26019.0  35426.5  28709.1 2021  3 25 13 25 39.070  1.67   1
      214  55.364612 -161.769271     3.498      563.3    29315.1   -15540.7  35242.6  38420.3  30099.4 2021  1  7 18 28  9.440 -0.26   1
     2140  55.138481 -161.701432    13.212     4893.2     4141.2    -5826.5  25173.1  29657.5  21641.7 2021  3 25 15 24 59.570  0.65   1
     2141  55.155070 -161.369629     0.755    26057.7     5988.0   -18284.1  18985.9  15269.5  11684.5 2021  3 25 15 25 42.300  0.62   1
     2147  54.787712 -161.250749    21.992    33795.0   -34908.1     2953.3  18889.2  17107.7  16219.3 2021  3 25 20 12  8.900  1.75   1
     2148  55.089018 -161.411312    15.772    23418.1    -1365.3    -3267.1  25273.0  18843.7  45815.0 2021  3 25 20 12 29.960  1.32   1
     2159  54.962675 -162.324300    18.556   -34923.7   -15430.4     -482.7  67301.7  44025.4  64866.7 2021  3 26  5 25  3.840  1.06   1
     2164  55.794271 -160.530322     9.662    78961.1    77146.8    -9377.1  11472.5  17319.5  11854.7 2021  3 26  7 17 29.010  1.57   1
     2166  55.301343 -162.727637     0.513   -60458.3    22271.7   -18525.8  34899.0  29549.7  27646.0 2021  3 26  7 27 39.540  1.40   1
     2179  54.987077 -162.368571    11.718   -37743.1   -12713.8    -7320.8  15588.6  13910.7  11316.7 2021  3 26 13 35 21.170  0.89   1
      218  55.358626 -161.682259     5.979     6099.7    28648.8   -13060.2  15725.4  12853.8  14718.5 2021  1  7 19 35  6.920  0.84   1
     2181  55.094987 -161.693132    17.112     5425.8     -700.8    -1927.2  17527.0  11587.7  16852.8 2021  3 26 13 52 23.460  1.18   1
     2189  54.829175 -162.053320     1.257   -17625.8   -30292.2   -17781.8  10365.9   8608.5  11073.7 2021  3 26 16 13  1.530  0.96   1
      219  55.336548 -161.377637    19.766    25489.1    26190.9      727.4  11171.9  27828.3  17079.4 2021  1  7 19 36 15.440  0.75   1
     2192  55.068673 -162.506120    24.859   -46488.4    -3630.2     5820.1  28312.5  21435.9  21692.6 2021  3 26 16 29 34.580  1.28   1
     2195  55.214819 -161.629183    32.407     9493.9    12639.5    13368.0  35987.9 113195.6  45264.0 2021  3 26 16 58 29.000  1.92   1
     2199  55.009469 -161.411230    32.128    23446.5   -10221.1    13089.1  19926.0  13027.1  27021.5 2021  3 26 18 15 44.540  1.40   1
     2204  55.335018 -163.030127    37.625   -79685.2    26020.6    18586.5  21900.2  55483.0  31945.2 2021  3 26 22 11 49.720  1.81   1
     2205  54.588680 -161.473665    12.418    19558.2   -57065.2    -6621.2  13434.4   7690.2  17369.3 2021  3 27  2 37 52.060  1.34   1
     2206  55.060490 -161.935807     7.734   -10070.3    -4541.1   -11304.5  24240.1  15409.6  38869.6 2021  3 27  2 38 25.410  1.07   1
     2208  55.465059 -161.863867    27.371    -5448.3    40497.4     8332.4  55740.5  38440.2  38421.6 2021  3 27  3 18 55.000  0.57   1
     2210  54.562858 -161.330046    30.510    28793.4   -59939.9    11471.6  18810.5   9642.3  35486.8 2021  3 27  6  0 41.100  1.55   1
     2211  55.318237 -161.715837     5.894     3965.3    24152.5   -13144.5  23838.0  18301.5  14590.6 2021  3 27  8 25 39.590  1.40   1
     2216  55.277100 -161.056429    43.083    45966.5    19572.9    24044.6   7280.3  27817.6  17405.2 2021  3 27 14  2  7.920  1.88   1
     2217  55.221285 -161.766064     9.076      768.7    13359.3    -9962.9  21870.3  18619.8  29826.3 2021  3 27 14  2 48.190  1.28   1
      222  55.072335 -161.632910    13.288     9272.7    -3222.5    -5750.8  16730.9  11499.0  13085.1 2021  1  7 22 11 19.780  1.05   1
     2226  55.371814 -161.723128    17.184     3498.7    30116.9    -1855.0  20098.8  27742.2  21443.9 2021  3 28  3 51 46.130  0.26   1
     2227  54.558179 -161.248519    13.261    34034.2   -60460.8    -5778.1  10695.5  10095.9   8029.9 2021  3 28  4 40 17.120  1.62   1
      223  54.603471 -161.262467    28.396    33119.3   -55418.6     9357.4  27048.9  23481.3 130294.6 2021  1  7 23 38 36.720  2.69   1
     2230  55.320015 -161.621077    19.954     9997.4    24350.5      914.7  19441.5  19067.1  18482.3 2021  3 28  6 37 38.220  0.36   1
     2231  54.928585 -162.225553     2.706   -28621.8   -19225.4   -16332.5   5654.5   6662.8   7076.2 2021  3 28  7 52 29.070  2.21   1
     2233  55.214498 -161.965837    15.277   -11965.1    12603.8    -3761.8 130154.8  80430.1 123539.6 2021  3 28  8 39  0.200  0.49   1
     2238  54.495536 -161.529281     9.061    16003.9   -67434.4    -9978.2  20371.3  13434.7  12742.5 2021  3 28  9 59 10.720  2.54   1
      224  54.980546 -161.295003    35.699    30885.1   -13440.9    16660.5  22089.4  16568.3  28107.1 2021  1  8  0 22 44.610  2.08   1
     2240  55.321069 -161.895817    17.983    -7492.0    24467.8    -1056.3  70473.2  52941.3  81998.5 2021  3 28 11  5 13.640  1.17   1
     2243  54.890177 -161.228971    33.337    35145.8   -23501.1    14297.7  18054.9   9789.5  29717.6 2021  3 28 14  0 32.920  1.85   1
     2244  54.913546 -162.193685     2.108   -26588.1   -20899.7   -16931.3  15517.3   7634.0  12567.4 2021  3 28 15 23 35.070  1.16   1
     2245  54.864486 -162.209538     0.771   -27619.2   -26361.2   -18268.1  19715.1  12199.1  10375.2 2021  3 28 15 23 47.910  1.68   1
     2254  54.822953 -162.024919    16.517   -15808.0   -30984.8    -2521.4  25807.3   8834.5  31475.4 2021  3 30  2  0 38.900  1.20   1
     2258  55.333834 -161.666211     7.342     7123.0    25888.8   -11696.4  13763.2  15978.9  23956.3 2021  3 30  2 26 59.060  1.62   1
     2259  54.605343 -161.194629    11.634    37475.6   -55210.3    -7404.9  22095.8  16398.7  16791.4 2021  3 30  3 18 50.880  1.53   1
     2260  54.518848 -161.140169    36.983    41017.0   -64839.3    17944.3  21934.9  17166.9  38402.3 2021  3 30  3 36 20.850  1.73   1
     2264  55.039360 -161.709782     2.243     4365.9    -6893.5   -16796.0  21589.9  58380.8  19798.8 2021  3 30  6 26  6.590  1.18   1
     2269  54.503113 -162.552018    15.197   -49766.7   -66591.0    -3842.1  12092.2  13658.6  28281.6 2021  3 30 15  6 53.160  1.87   1
      227  55.144425 -161.619466    28.144    10122.1     4803.0     9104.8  31605.2  28155.4  37429.4 2021  1  8  0 53 59.840  1.89   1
     2276  55.321932 -161.411426    33.910    23342.9    24563.8    14870.9  19140.0  29662.9  22424.8 2021  3 31  1 17 22.640  2.47   1
      228  54.828760 -160.830550    31.646    60690.9   -30338.4    12607.4  23506.8  17195.1  56252.9 2021  1  8  0 53 55.350  2.16   1
     2280  54.708744 -161.086019    64.990    44394.4   -43699.1    45951.6  16170.7  16797.0  17410.0 2021  3 31  6 42 18.360  2.04   1
     2282  54.998987 -161.675798    24.107     6540.1   -11388.0     5067.7  29929.7  19372.5  10275.4 2021  4  1 16 25 50.050  1.16   1
     2286  55.153682 -160.901969    71.365    55890.5     5833.5    52326.3  11103.5  32160.4  16311.8 2021  4  2  0 36  6.520  2.25   1
     2288  54.556868 -160.991846    18.376    50529.7   -60606.6     -662.5  14434.4  11405.2  11994.9 2021  4  2  4 45 39.640  2.10   1
     2295  54.660710 -162.600195    12.432   -52762.1   -49046.6    -6606.5  17779.3  19296.8  21198.9 2021  4  2 11 51 29.560  1.22   1
     2308  55.199150 -161.508187     2.432    17209.7    10895.1   -16606.9  17072.5  14997.5  12662.6 2021  4  3  3 40  1.040  0.79   1
     2312  54.782890 -161.200505    30.635    37016.9   -35444.9    11595.9  17081.8  17599.4  41503.4 2021  4  3  5 56 27.620  2.25   1
     2317  55.160063 -161.910384     1.446    -8436.2     6543.8   -17592.7  55279.3  26368.2  44411.2 2021  4  3  7 59 54.220  1.09   1
     2318  55.383761 -161.762744     8.888      978.3    31446.9   -10150.9  36212.7  44821.9  45063.2 2021  4  3  9 15 36.720  0.09   1
     2322  54.895402 -161.928467     1.510    -9621.2   -22919.5   -17528.2  27572.6  13417.6  14962.2 2021  4  3 12 42 23.080  0.95   1
     2323  54.564844 -161.607568    11.593    10959.6   -59718.8    -7445.6  19255.7  10733.3  16421.0 2021  4  3 12 42 24.150  1.14   1
     2325  54.637402 -160.925146     9.945    54761.6   -51641.2    -9093.7  18917.0  18319.1  18540.1 2021  4  3 14 58 12.570  1.52   1
     2328  54.957475 -162.265055     6.203   -31137.5   -16009.3   -12835.6  11140.9   9279.7  13956.9 2021  4  3 16 54 37.750  1.36   1
     2331  55.050155 -161.317057    26.447    29449.7    -5691.7     7407.7  22679.6  30155.8  57507.7 2021  4  3 18  4 24.800  1.57   1
     2334  54.495402 -162.940153    11.670   -74733.5   -67449.4    -7368.7  19388.4  14687.6  19515.0 2021  4  3 19  1 14.080  1.40   1
     2335  55.352470 -161.982015    22.893   -12974.0    27963.4     3853.6  44862.8  64302.9  67634.8 2021  4  4  2  0 31.060  0.85   1
      234  55.098564 -162.078630    15.774   -19182.5     -302.6    -3265.2   7713.4  14124.9  17573.3 2021  1  8  5 12 50.120  1.26   1
     2341  54.958512 -162.167920     2.416   -24925.7   -15893.8   -16622.9   7901.6  10833.9   8694.8 2021  4  4  7 15 59.730  0.78   1
     2343  55.311804 -161.695085     4.258     5286.7    23436.3   -14780.5  36837.9  23507.7  52081.9 2021  4  4  7 41 17.630  0.62   1
     2348  54.713741 -161.141048    30.503    40862.1   -43142.8    11463.9  18566.6  15146.0  50274.7 2021  4  4  9  4 30.340  2.62   1
      235  55.385596 -161.729460     4.507     3095.4    31651.2   -14531.6  63520.3  23667.8  72431.0 2021  1  8  5 44 29.680  1.47   1
     2351  55.559871 -162.428906    22.942   -41303.2    51052.4     3903.2 110315.2 128052.6  92141.2 2021  4  4 12 39 47.310  1.54   1
     2353  55.103935 -162.292660     5.588   -32842.8      295.3   -13450.5  23739.9  21568.8  34926.2 2021  4  4 12 47 10.570  1.51   1
     2355  55.369694 -161.285791    37.843    31321.6    29880.9    18804.0  11860.5  60059.6  18198.1 2021  4  4 14 44 30.330  1.21   1
     2359  54.979073 -162.350228     6.403   -36574.2   -13604.8   -12635.7  11124.1  11929.0  19945.6 2021  4  4 16 51  4.390  0.61   1
     2361  55.376314 -162.461947    20.423   -43500.2    30617.9     1383.8 101435.6  89141.7 136474.6 2021  4  4 17 43 37.320  1.53   1
     2365  55.132092 -161.732113     6.454     2935.9     3430.0   -12584.5  14532.8  18183.0  33783.1 2021  4  4 19 45 27.260  0.46   1
     2366  55.305949 -161.717839     4.559     3838.4    22784.5   -14480.1  16237.8  15148.6  31032.3 2021  4  4 21 17 28.340  0.24   1
     2368  54.970378 -160.743034    36.986    66179.9   -14572.9    17947.0  14563.8  22178.6  29206.7 2021  4  4 21 48  5.800  2.12   1
     2369  54.561890 -161.030550     8.400    48039.4   -60047.7   -10638.6  13817.2  14537.1  14676.2 2021  4  4 22 23 56.000  1.85   1
      237  55.094694 -161.613867    18.178    10485.8     -733.4     -861.2  21674.3  17169.6  22408.2 2021  1  8  8 35 34.340  0.99   1
     2376  55.167501 -161.795638    29.824    -1117.0     7371.8    10784.8  30953.8  34714.2  19152.1 2021  4  5  6 59 33.530  1.24   1
     2378  54.993380 -162.286214     0.620   -32476.0   -12012.2   -18418.8   9834.4   5760.9  10673.0 2021  4  5 20 54 26.720  1.65   1
     2381  55.228219 -162.227279    15.799   -28625.1    14131.2    -3239.8  97235.4  81035.0 100349.0 2021  4  5 21 22  5.160  0.53   1
     2383  55.142167 -161.904557     4.193    -8066.3     4551.6   -14845.9  10890.0  22384.7  16663.3 2021  4  5 21 45 57.120  0.70   1
     2384  55.327722 -161.823063    14.742    -2860.4    25208.4    -4297.2  48820.9  41266.9  39079.0 2021  4  5 21 46 13.400 -0.10   1
     2387  55.534664 -161.438786    14.114    21543.7    48246.1    -4924.5  37558.9  43709.9  40901.5 2021  4  5 23  6 12.900  0.79   1
     2389  54.988517 -161.692106    17.415     5498.5   -12553.5    -1624.0  24210.0  17479.7  19679.9 2021  4  5 23 15 39.920  1.11   1
      239  55.145109 -161.618213    25.500    10202.0     4879.1     6460.9  12014.4  14454.6  23131.5 2021  1  8 10 31 29.280  1.82   1
     2393  54.495540 -161.808512    10.491    -1954.3   -67434.0    -8547.9   7888.9   6585.2   9869.0 2021  4  6  2 29 11.560  1.67   1
     2396  55.569849 -161.597412     4.349    11467.9    52163.1   -14690.1  64908.9  74315.1 109354.7 2021  4  6  5 51 59.670  1.17   1
     2401  54.938192 -162.796484    16.272   -65136.1   -18155.9    -2766.8  15646.4  19726.4  48035.9 2021  4  6  9  4 31.260  1.26   1
     2404  55.329264 -161.849935    26.872    -4570.8    25380.1     7833.6  50129.5  35154.1  39534.7 2021  4  6 12  0 16.940  0.42   1
     2406  55.120211 -161.904215    12.123    -8046.7     2107.3    -6915.4  24017.7  25006.8  23486.7 2021  4  6 12 22 51.320  1.42   1
     2408  55.136841 -161.784814    15.199     -426.8     3958.6    -3839.4  16651.8  15461.4  23195.0 2021  4  6 13  5 21.680  1.63   1
     2413  55.311442 -161.409912    15.616    23442.3    23396.0    -3422.6  10942.2  33296.1  37614.7 2021  4  6 16  8 30.830  1.16   1
     2414  55.209094 -161.804964     7.062    -1710.9    12002.2   -11976.6  33851.5  19015.6  32400.3 2021  4  6 16  8 56.720  1.09   1
     2415  55.316789 -162.449089    23.770   -42714.1    23991.3     4730.9  83112.4  79082.2 104803.6 2021  4  6 17  3 39.680  1.64   1
     2417  55.266659 -162.244027    25.894   -29678.3    18410.5     6855.0 180178.8 168487.3 900487.6 2021  4  6 17 23 56.500  0.40   1
     2419  55.234131 -162.119840    21.870   -21776.4    14789.4     2831.5  35905.1  29737.9  27497.3 2021  4  6 17 54 39.500  0.90   1
     2425  54.757227 -163.492415    41.690  -109895.4   -38301.8    22651.0  26838.5  41641.1  48282.8 2021  4  6 22 55 41.080  1.48   1
     2427  55.076245 -162.079720     6.016   -19257.5    -2787.2   -13023.0  17913.5  13288.6  21166.4 2021  4  7  0  8 20.600  0.81   1
     2430  55.240889 -161.427067    20.966    22369.8    15541.8     1926.8  21747.7  34645.3  19880.0 2021  4  7  0 23  8.470  1.63   1
     2434  55.275085 -161.836214    19.703    -3699.9    19348.6      663.8 108073.5  68481.4  60068.9 2021  4  7  3  3  1.320  0.42   1
     2437  55.013595 -162.337744    10.828   -35760.7    -9761.7    -8210.7  23063.1  26131.0  29220.2 2021  4  7  5 21 24.330  1.39   1
     2439  54.906181 -160.736117    13.279    66675.3   -21719.6    -5759.7  13107.1  26911.0  22178.0 2021  4  7  6 10 40.980  1.21   1
     2440  55.515865 -161.478597     2.998    19020.7    46153.4   -16041.1  34275.9  42119.5  42240.1 2021  4  7  6 28 26.270  0.81   1
     2449  54.586121 -161.308171    11.640    30190.4   -57350.2    -7399.1  12178.3   9318.1   9425.6 2021  4  7 14 31 21.220  1.16   1
     2452  55.020011 -162.309668     4.375   -33963.9    -9047.4   -14663.4  19403.1  12947.2  27454.5 2021  4  7 19 33  8.000  1.52   1
     2455  55.117859 -161.940283     4.222   -10348.8     1845.4   -14817.0  17089.7  19815.6  25713.5 2021  4  7 21 34 12.160  1.49   1
     2457  55.110571 -161.648014    12.349     8304.3     1034.2    -6689.7  13805.5  10996.5  14336.1 2021  4  7 23 59 13.480  0.87   1
     2459  55.381571 -162.646126     0.585   -55212.9    31203.2   -18454.1  35695.4  43271.7  30924.9 2021  4  8  0  8  6.870  1.70   1
     2461  54.734054 -160.953890    33.460    52853.1   -40881.6    14420.9  17494.0  22743.6  47863.4 2021  4  8  6 13 37.220  2.84   1
     2464  55.167257 -161.923079     5.418    -9245.2     7344.6   -13620.8  22343.3  25467.7  12016.6 2021  4  8  6 34 29.010  0.88   1
     2468  55.254858 -161.341667     2.641    27806.8    17096.9   -16398.3  10969.7  17207.3  11550.5 2021  4  8  8 22 48.820  1.18   1
      247  55.196383 -161.525911     2.836    16080.3    10587.1   -16202.5  24636.5  22132.2  43569.2 2021  1  8 13 37 34.090  0.87   1
     2470  55.346965 -161.684098     7.209     5983.6    27350.6   -11829.7  28127.5  19426.7  46449.9 2021  4  8  8 26 22.030  0.22   1
     2473  55.285966 -162.045361    12.956   -17019.0    20559.9    -6082.6  70467.4  75786.9  52460.6 2021  4  8 12 52 48.230  1.68   1
     2476  55.393119 -162.045996    35.316   -17036.6    32488.7    16276.7 117138.9  89170.1  82880.3 2021  4  8 17 12 40.580  2.24   1
     2478  55.559981 -161.396370     1.294    24228.8    51064.6   -17745.1  41566.7  50027.4  48282.1 2021  4  8 21 11 55.400  2.14   1
      248  55.173104 -161.903646     6.368    -8005.1     7995.6   -12671.3  24665.9  20111.8  19591.2 2021  1  8 13 48  1.810  1.55   1
     2484  54.587223 -161.396533    10.893    24513.6   -57227.4    -8145.6  15545.3  10626.7   5493.9 2021  4  9  7  9  5.640  2.24   1
     2491  54.449202 -161.743278    13.923     2242.4   -72592.5    -5116.2  24486.5   8284.8  10955.7 2021  4  9 10 54 41.650  1.24   1
     2493  54.427995 -161.472233     8.734    19689.2   -74953.5   -10304.5  16834.3  14322.3  22297.8 2021  4  9 12 25 25.340  2.34   1
     2500  54.558846 -162.621175    15.841   -54176.7   -60386.5    -3197.5  20013.2  14684.7  31183.5 2021  4  9 17 31 25.320  1.43   1
     2505  54.931217 -163.024723    12.147   -79741.6   -18932.4    -6891.8  13997.8  14688.1  21672.8 2021  4  9 21 15  7.200  1.73   1
     2511  54.853463 -161.963590     3.328   -11875.2   -27588.4   -15711.1  22600.4  14705.4  31645.1 2021  4 10  5  2 32.120  1.59   1
     2512  54.442802 -162.148242    56.287   -23818.8   -73305.1    37247.9  50076.7   9641.9  14211.5 2021  4 10  7  1 58.970  1.90   1
     2516  55.126286 -162.332894    40.532   -35401.1     2783.6    21493.5  40437.9  45873.3  18382.0 2021  4 10  9 41 55.700  2.49   1
     2517  54.592029 -161.293620    13.728    31122.9   -56692.4    -5311.3  13840.1  13278.2  12280.8 2021  4 10 12 37 54.850  1.88   1
     2518  54.695154 -163.165479    50.823   -89005.2   -45212.1    31784.4  17574.6  21292.8  28065.3 2021  4 10 12 56 42.600  2.25   1
      252  55.412345 -160.643083    17.137    72171.3    34629.1    -1901.8  17604.4  38061.6  37015.4 2021  1  8 17  2 42.800  1.77   1
     2527  55.221558 -161.756055    17.158     1406.7    13389.7    -1881.1  40482.5  34464.9  35741.9 2021  4 10 21 17  4.660  0.46   1
     2531  55.005257 -162.444857     9.237   -42609.9   -10689.9    -9802.3   9868.3  21948.5  35408.9 2021  4 11  5  0 43.940  1.67   1
     2532  54.912891 -162.643945    10.931   -55396.9   -20972.6    -8107.6   7947.9  26796.7  68395.3 2021  4 11  5  0 55.400  1.79   1
     2541  54.598421 -161.270671    13.870    32594.5   -55980.8    -5169.0  12709.9   9979.8   9374.5 2021  4 12  0 21 39.050  1.98   1
     2546  55.140625 -161.746615     8.226     2010.4     4379.9   -10812.9  35929.0  23615.6  42215.1 2021  4 12  6 31 26.780  1.62   1
     2548  55.622774 -160.699447    72.922    68406.5    58055.0    53883.5  20429.8  30728.4  21441.8 2021  4 12 11 38 48.060  1.97   1
     2550  54.542957 -162.398991    52.436   -39906.4   -62155.4    33396.7  23319.7   9478.2  12480.0 2021  4 12 14  8 29.100  2.10   1
     2551  54.615422 -161.514795    44.589    16910.5   -54088.2    25550.0  18981.5  14142.5  20832.0 2021  4 12 15 41  5.600  1.45   1
     2552  55.092721 -160.379541    10.437    89284.3     -953.1    -8601.6  13531.2  23473.4  13397.6 2021  4 12 15 47 39.630  1.46   1
     2554  54.958085 -162.244580     2.737   -29827.9   -15941.3   -16302.1   8632.1   6336.9   7526.2 2021  4 12 17 26 46.580  1.18   1
     2557  55.370642 -161.720915    20.696     3639.6    29986.5     1657.3  30010.4  38236.4  27233.3 2021  4 12 18 43 41.260 -0.03   1
     2565  55.302462 -162.027067    32.676   -15850.7    22396.3    13637.2 109782.1 113642.5  82959.8 2021  4 13  5 39 55.260  0.56   1
     2566  54.912972 -161.595785    75.343    11666.5   -20963.5    56304.1  11080.5  18769.3   6367.3 2021  4 13  6 28 53.840  1.39   1
      257  55.364380 -161.847559    16.853    -4417.6    29289.3    -2185.4  44027.7  32793.8  47027.0 2021  1  8 18 58  2.720 -0.28   1
     2571  55.346696 -161.941097     5.793   -10371.0    27320.7   -13245.5  55201.3  31328.4  56296.9 2021  4 13  7 38 27.280  0.23   1
     2574  55.358740 -161.774154     3.973      252.7    28661.5   -15066.3  27644.9  10927.7  28153.1 2021  4 13  9 23 14.250  1.18   1
     2582  55.511308 -161.819759    31.022    -2644.0    45646.0    11983.0  78641.3  65575.2  52893.0 2021  4 13 14 40 53.780  0.64   1
     2585  54.600753 -161.259098    13.477    33336.8   -55721.2    -5561.8   9572.6   9600.7   7245.5 2021  4 13 19  5 24.400  1.49   1
     2586  55.658146 -161.736605    12.817     2631.9    61992.8    -6221.5 130741.7  95373.6 157191.5 2021  4 13 19 12 57.720  0.67   1
     2589  55.339404 -161.871126    17.536    -5918.9    26508.9    -1502.4  38372.7  45401.4  40921.1 2021  4 13 22 48  5.400  0.10   1
     2594  55.185067 -161.745036    18.653     2110.0     9327.3     -385.8  22139.4  17415.0  12254.0 2021  4 14  4  2 17.690  0.46   1
     2596  54.670426 -160.804362     8.425    62490.6   -47964.8   -10614.3  32233.4  16203.3  26260.6 2021  4 14  4 20 53.440  1.58   1
      260  55.335645 -161.818294    13.817    -2556.6    26090.4    -5221.9  52655.5  45387.8  41190.7 2021  1  8 21 38 15.600  0.19   1
     2600  55.297424 -161.054264    30.732    46092.7    21835.5    11693.3  17761.3  44602.2  43419.7 2021  4 14  6 13 39.350  1.43   1
     2601  55.381600 -161.772575    35.411      353.0    31206.3    16372.5 156885.1 139497.5  99213.3 2021  4 14  6 14  3.960  2.00   1
      261  54.997965 -161.607161    19.804    10927.0   -11501.6      765.6   9737.4   7941.5  28101.6 2021  1  8 22 26 41.180  1.20   1
     2610  54.566484 -162.436589    36.664   -42310.7   -59536.2    17625.0  43560.3  19257.4  40746.5 2021  4 14 11 29 11.100  1.41   1
     2618  54.500358 -162.644385    47.821   -55708.4   -66897.6    28781.6  16949.1   9076.4   8696.4 2021  4 14 15 49 47.910  1.35   1
     2624  55.127893 -161.906559    22.532    -8195.5     2962.5     3493.5  22368.5  21697.6  27059.7 2021  4 14 18 31  3.280  0.30   1
     2628  55.103687 -161.817383    22.688    -2505.8      267.7     3648.6  21896.5  13657.9  23531.5 2021  4 14 21 41 54.520  0.48   1
     2630  54.941821 -162.276025     4.845   -31845.2   -17751.9   -14194.0   6750.8   8781.5   6863.4 2021  4 15  1 35  0.950  0.90   1
     2633  55.232581 -161.247965    25.500    33785.9    14616.8     6461.6  13948.8  25375.9  68760.3 2021  4 15  9 18 20.680  1.52   1
     2636  55.264445 -161.541895    28.419    15048.5    18164.1     9380.1  14978.7  24096.4  16644.0 2021  4 15 20 46 43.880  0.46   1
     2637  54.568783 -161.838753    67.447    -3895.7   -59280.3    48408.0  20899.5  14882.4  10917.5 2021  4 15 22  7 22.060  1.61   1
     2638  54.664181 -160.656576    22.002    71980.2   -48660.2     2962.9  26111.4  27051.6  24939.6 2021  4 15 22 24 39.720  3.27   1
     2639  54.837878 -160.549756     7.790    78666.6   -29323.3   -11248.4  24095.4  27203.3  21348.3 2021  4 15 22 26 54.420  1.01   1
     2643  54.470138 -161.703483    11.778     4801.9   -70261.9    -7261.0  11787.2  10846.3  11782.6 2021  4 16  2 36 18.520  1.70   1
     2651  55.264433 -162.402799    18.174   -39793.3    18162.7     -864.5  97509.2  68444.0 116957.1 2021  4 16 13  3 14.510  0.92   1
     2656  54.837378 -161.239502    32.072    34494.4   -29379.0    13033.4  12750.7  19086.7  33241.6 2021  4 16 18 38 25.040  1.78   1
     2659  55.232690 -162.088981    18.715   -19810.2    14629.0     -324.1  65168.4  59549.1  65410.8 2021  4 16 19 46  4.080  0.63   1
     2664  54.612484 -160.738721    20.668    66750.8   -54415.3     1629.1  34860.3  32496.1  31492.9 2021  4 17  0 33 29.140  1.66   1
     2665  54.885901 -160.893132    46.656    56642.6   -23977.2    27617.1   9065.0   8635.4  19210.0 2021  4 17  1 13 18.740  1.82   1
     2674  54.567358 -162.908203    37.280   -72614.3   -59438.9    18240.7  16975.3  15334.3  26445.4 2021  4 17  4 24 14.050  1.80   1
     2677  55.358097 -161.629053    14.939     9485.2    28589.9    -4099.5  25044.9  37074.7  34946.6 2021  4 17  6 49 56.330  0.13   1
     2679  54.912004 -161.469629    22.833    19738.4   -21071.3     3794.5  25186.5  11252.5  17693.5 2021  4 17  7 53 43.830  1.87   1
      268  55.108162 -161.892318    13.727    -7288.6      766.0    -5311.8  11244.0  20429.8  21296.4 2021  1  9  2 39 24.400  1.28   1
     2683  54.586564 -161.437142    21.321    21905.0   -57300.8     2281.7  19135.0  17585.1  17641.0 2021  4 17  8  2 40.880  1.45   1
     2687  55.186865 -162.079492    10.392   -19216.4     9527.6    -8646.9  49966.4  46216.4  64229.5 2021  4 17  8 43 26.010  1.55   1
     2688  55.332894 -162.008366    15.290   -14654.4    25784.2    -3749.3 247733.8 236117.2 225770.1 2021  4 17  9 10 45.410  0.10   1
     2694  54.927608 -161.503646    22.838    17558.5   -19334.2     3798.8  16352.9  11351.4   7963.1 2021  4 17  9 38  4.120  1.46   1
     2698  54.942204 -161.513005    23.478    16956.7   -17709.3     4438.9  24376.9  15961.2  16307.8 2021  4 17  9 51 22.770  1.79   1
       27  54.978625 -162.930794     1.591   -73689.8   -13654.7   -17448.3  17517.5  34179.7  21000.2 2021  1  2  0 27 55.440  2.41   1
     2701  55.348694 -161.831478     9.596    -3395.1    27543.1    -9442.7  46085.3  29465.2  41138.4 2021  4 17  9 56 18.700  0.49   1
     2702  54.826099 -161.251025    31.090    33761.2   -30634.7    12051.4  17509.0  23118.8  42865.1 2021  4 17 11 36 47.040  2.62   1
     2703  55.211983 -162.110254     9.802   -21171.3    12323.8    -9236.9  70390.3  61444.1  86864.3 2021  4 17 11 37 15.470  2.45   1
     2707  54.670866 -160.652441    21.669    72239.6   -47915.9     2630.0  26403.2  26808.5  24851.0 2021  4 17 16 10 16.630  2.11   1
     2708  54.471415 -163.120280     4.358   -86343.5   -70119.7   -14681.0  11893.9  12626.1  16056.8 2021  4 17 16 11 43.130  1.25   1
     2712  54.846350 -161.401742    22.598    24101.6   -28380.2     3559.4  17588.4  10084.6  13269.1 2021  4 17 17 39 28.560  0.95   1
     2713  55.168380 -161.953890     4.010   -11210.1     7469.7   -15028.5  12964.9  26071.7  12741.3 2021  4 17 17 39 54.120  0.21   1
     2716  54.831140 -161.439730    28.561    21673.1   -30073.4     9522.2  25762.3  15552.6  43413.7 2021  4 17 18 50 41.920  0.99   1
     2717  55.163871 -161.962435     4.538   -11755.7     6967.8   -14500.9  19405.8  24663.7  14455.5 2021  4 17 18 51  7.560  0.49   1
     2720  55.623690 -161.970378    19.801   -12191.9    58156.9      762.0 277356.7 146322.9 206065.3 2021  4 17 22 13 42.680  0.09   1
     2721  54.599382 -161.287467    14.030    31515.2   -55873.9    -5008.5  11722.6  12079.1  12975.8 2021  4 17 23  4  5.220  1.21   1
     2722  55.503996 -161.450700    16.491    20795.3    44832.0    -2547.9  21956.2  32207.9  45843.7 2021  4 17 23  7 17.760  0.68   1
     2725  55.131628 -161.692594     4.759     5457.5     3378.3   -14280.0  10640.4  15764.2  26959.7 2021  4 18  1  8 14.120  1.27   1
     2729  55.293962 -162.067839    31.259   -18448.7    21450.0    12219.7  56116.5  45808.3  45583.0 2021  4 18  2 19 58.740 -0.05   1
      273  55.066878 -162.358610     5.313   -37069.5    -3830.0   -13725.9  15380.3  28775.6  60055.1 2021  1  9  5 23 33.320  1.49   1
     2732  54.831222 -161.787288     0.708     -586.9   -30064.4   -18331.0   5879.6  15766.6  12114.7 2021  4 18  4 29 48.710  0.54   1
     2734  55.487341 -161.840283    26.982    -3948.6    42978.0     7942.9  44012.0  41702.4  28131.9 2021  4 18  7 30  6.020  0.36   1
     2735  55.475708 -161.820524    28.643    -2693.8    41682.9     9604.0  59087.5  53580.8  39392.6 2021  4 18  7 34 34.780  0.49   1
     2736  55.419804 -162.705485    62.939   -58960.4    35459.4    43900.6 357356.1 357234.6 329129.7 2021  4 18  7 36  1.770  1.03   1
     2741  54.568107 -161.301823    13.090    30605.0   -59355.5    -5948.9   6250.3   5556.1   3457.7 2021  4 18  9 38  6.980  2.18   1
     2744  55.020593 -161.472363    32.503    19537.1    -8982.6    13464.4  22579.6  10603.7  15822.9 2021  4 18 10 21 16.440  1.61   1
     2746  54.839734 -161.384131    20.055    25231.4   -29116.7     1015.7  16831.8  17420.2  27509.2 2021  4 18 11 38 33.000  0.77   1
     2747  55.099626 -161.802230     3.556    -1538.7     -184.4   -15483.2  18232.7  24152.7  31221.1 2021  4 18 11 38 58.560  0.19   1
     2748  54.575317 -162.317725    63.892   -34669.1   -58552.8    44853.0  16903.3   8067.9  14057.0 2021  4 18 12  5 33.330  2.27   1
      275  55.396244 -161.854150    11.503    -4835.0    32836.6    -7535.4  49719.2  34688.6  48820.2 2021  1  9  6 59 27.150  0.52   1
     2753  55.175423 -162.740202    30.711   -61354.8     8253.8    11672.4  24186.1  36360.8  49812.4 2021  4 18 14 24 54.030  1.15   1
     2756  55.294413 -161.725407     8.958     3357.0    21500.3   -10081.2  27391.3  26975.9  31321.3 2021  4 18 14 42  9.890  0.53   1
     2757  55.253121 -162.048079    16.380   -17199.2    16903.5    -2658.8  41461.7  38763.3  41352.2 2021  4 18 14 42 27.120  0.03   1
     2758  55.423348 -161.752214     5.764     1647.3    35853.9   -13275.0  41800.2  39770.0  51392.3 2021  4 18 15  3 57.790 -0.51   1
     2760  54.850793 -161.483285    23.842    18879.0   -27885.5     4802.8  22284.6  15489.7  23089.8 2021  4 18 15 39 10.190  0.76   1
     2764  54.617700 -161.674902    13.635     6628.6   -53834.6    -5403.7  14858.0   9140.3   8602.1 2021  4 18 15 54 32.050  1.30   1
     2766  55.310706 -162.313867    36.510   -34108.4    23314.0    17471.5  67634.8  65406.9  59872.3 2021  4 18 15 59 52.010  0.83   1
     2768  55.239046 -161.610661    13.883    10671.3    15336.6    -5156.0  16875.7  20368.1  31754.3 2021  4 18 17 44 21.100  1.06   1
     2769  55.308716 -161.413346     2.446    23224.4    23092.5   -16593.1  12005.6  13099.4  16362.3 2021  4 18 17 44 44.400  1.86   1
     2770  55.305465 -161.258545    16.686    33081.6    22730.6    -2352.9  32666.3  46190.8  38513.0 2021  4 18 19  6  6.680  1.08   1
     2771  55.367769 -161.484961    21.020    18651.2    29666.7     1980.7  18021.1  30912.5  35678.6 2021  4 18 19  6 33.260  1.36   1
     2782 ********** *********** ********* ********** ********** ********** ******** ******** ******** 2021  4 19  9 55 40.650  0.57   1
     2787  55.503617 -162.216846    24.281   -27864.0    44789.9     5242.3 204945.1 190965.5 115093.9 2021  4 19 12  1 29.850  1.41   1
     2788  54.946802 -162.258252     3.398   -30706.5   -17197.4   -15641.4  11885.5   7422.4  19086.1 2021  4 19 12  6  6.530  1.42   1
     2796  54.878198 -161.421159    29.876    22849.2   -24834.7    10837.2  22107.8  16212.7  44741.3 2021  4 19 18 32 55.280  2.47   1
     2798  55.034941 -161.755599    32.221     1439.1    -7385.4    13182.0  20579.0  28590.6  34694.9 2021  4 19 19 54  8.060  0.85   1
     2799  54.417635 -163.043604    18.865   -81464.6   -76106.8     -173.7  19331.6  15246.6  15680.0 2021  4 19 21 14  9.060  2.30   1
       28  54.435063 -161.343717    11.162    27958.8   -74166.6    -7876.5  17917.1  11527.3  10140.8 2021  1  2  0 27 48.240  2.24   1
     2800  55.005554 -162.162777     2.961   -24582.4   -10656.8   -16078.3  19790.8   6466.1  13324.8 2021  4 19 21 14 32.520  1.94   1
     2803  54.693237 -161.461523    11.578    20312.0   -45425.4    -7461.3  11214.7  20326.0  18794.8 2021  4 20  1 28 25.890  1.69   1
     2805  54.923584 -161.031624    55.846    47756.2   -19782.1    36806.9  12294.2  16533.5  15722.2 2021  4 20  1 51 26.920  2.47   1
     2806  55.276973 -161.650472     4.392     8130.5    19558.8   -14646.8  13156.1  10275.6  38015.3 2021  4 20  6 49  1.970  0.19   1
      281  54.995312 -162.810937     3.330   -66013.7   -11797.0   -15708.8  15322.1  24280.9  29768.6 2021  1  9  7 49 11.060  1.53   1
     2810  55.331860 -161.654476     5.914     7870.1    25669.1   -13125.1  17099.3  17977.0   9854.0 2021  4 20 11  9 42.210  0.27   1
     2811  54.859717 -163.323812    14.038   -98961.3   -26892.1    -5000.6  15465.2  24525.8  25834.8 2021  4 20 13 14  9.240  1.67   1
     2814  55.369515 -161.033480    34.199    47373.4    29861.0    15159.9  19346.8  71749.1  51784.7 2021  4 20 19 58 23.520  2.55   1
     2816  55.166252 -161.188900    11.827    37581.1     7232.8    -7211.9  35077.3  22467.3 110981.7 2021  4 20 22 13 20.260  1.19   1
     2821  54.466488 -161.729720     9.677     3114.2   -70668.3    -9361.6  15764.4   8898.6  10860.5 2021  4 21 20 54 59.800  2.00   1
     2822  54.568331 -162.394613    20.454   -39612.6   -59330.6     1415.4  23869.4  11733.7  14985.8 2021  4 21 22 14 14.160  1.69   1
     2826  55.312870 -161.763704     7.943      918.1    23555.0   -11095.4  32084.1  27614.6  30170.9 2021  4 22 22 41 37.880  1.05   1
     2829  54.944930 -162.279557     5.435   -32069.8   -17405.8   -13603.8   7825.2   8918.1  11334.5 2021  4 22 23 25 31.320  1.60   1
     2835  54.484981 -161.603076     7.739    11259.4   -68609.5   -11300.0  18431.6  10604.9  19657.0 2021  4 23  2  3 39.890  1.50   1
      284  54.730375 -161.604134    11.653    11157.5   -41291.1    -7385.6  28928.2  17833.0  22310.1 2021  1  9  7 54 29.300  1.46   1
     2841  54.980416 -162.291504     2.726   -32819.4   -13455.4   -16312.8  17661.0   4687.8  11942.1 2021  4 23  7 50 18.880  1.59   1
     2844  54.933154 -162.227230     2.677   -28727.4   -18716.7   -16362.3   9974.4   4708.5   8332.2 2021  4 23 11 41 11.670  1.04   1
     2845  54.580424 -161.263005    13.604    33094.2   -57984.3    -5434.7  12415.2  10216.5   9573.4 2021  4 23 12 16 49.890  1.70   1
     2849  54.946928 -161.823796    15.434    -2920.9   -17183.4    -3604.4  51565.5  17570.4  28182.3 2021  4 23 16 20 14.920  0.71   1
     2850  55.300777 -163.666960    20.068  -120268.8    22208.8     1029.3  37786.4  65201.8  41064.8 2021  4 23 17 36  6.620  1.87   1
     2859  54.453369 -162.119352    55.251   -21956.7   -72128.7    36212.0  27285.3   6700.0   8688.9 2021  4 24  0  7 27.070  1.88   1
     2868  54.581877 -162.668522    15.952   -57203.1   -57822.6    -3086.8  13990.4   6376.5  40324.2 2021  4 25  0  1 39.480  2.02   1
     2870  54.705347 -161.482145    54.701    18986.1   -44077.4    35662.3  19676.2  15585.6  17313.4 2021  4 25  1 44 56.490  2.18   1
     2874  55.358260 -162.291960    34.067   -32694.1    28608.0    15028.6  59881.0  33507.6  51658.8 2021  4 25  7 59 53.270  1.04   1
     2876  55.315210 -161.721891     9.880     3580.0    23815.5    -9159.3  26321.5  23695.0  19936.5 2021  4 25 11 37 11.460  0.45   1
     2878  54.445353 -162.176628    11.052   -25644.7   -73021.0    -7986.6  42170.8  12183.1  20797.7 2021  4 25 16 49  8.660  1.86   1
     2879  55.375997 -162.004118    49.155   -14376.2    30582.6    30116.3  28745.2  33046.7  25429.8 2021  4 25 18 17 42.720  1.49   1
     2881  55.380282 -161.839990    15.987    -3935.3    31059.6    -3052.0  46101.1  31207.3  46737.2 2021  4 25 21  1 23.480 -0.14   1
     2882  55.484090 -161.685270    27.373     5898.8    42616.0     8333.7  25425.0  23266.6  23815.6 2021  4 25 21  3 29.240  1.13   1
     2884  54.941650 -161.910693    34.011    -8479.0   -17770.9    14971.7  42316.4  36834.9  50019.8 2021  4 25 22 39 21.540  2.01   1
     2886  54.588765 -161.188965    12.175    37847.1   -57055.7    -6864.3  16061.1  18253.6  13681.7 2021  4 26  8 18  4.140  1.60   1
     2889  54.977934 -161.511377    32.796    17053.3   -13731.7    13756.9  26807.3  23198.6  28030.4 2021  4 26 13  9 48.920  1.45   1
     2898  55.351135 -161.816243     6.974    -2425.6    27814.9   -12065.0  71609.2  49951.8  35355.6 2021  4 26 18 16 45.720  1.18   1
      290  54.628597 -161.417399     8.774    23161.3   -52621.5   -10264.4  22102.7  23220.9  20289.1 2021  1  9  9  8 15.120  1.95   1
     2902  55.464742 -161.442578    15.061    21321.6    40462.1    -3977.6  26705.9  27150.6  59172.2 2021  4 27  2 33  7.710  1.55   1
     2904  55.158887 -161.573763     2.621    13035.5     6412.9   -16417.9  24447.9  24003.2   8867.8 2021  4 27  4 51 55.710  2.75   1
     2913  55.353231 -161.922917     9.890    -9213.4    28048.2    -9148.6 202153.9 155231.7 215704.5 2021  4 27 13 14 41.590 -0.12   1
     2917  55.376465 -161.921436    10.339    -9116.5    30634.7    -8700.0 196545.1 106672.4 132314.1 2021  4 27 17 28 10.480  1.79   1
     2919  55.137887 -161.889681     8.998    -7117.6     4075.0   -10040.8  35566.9  24586.8  29210.9 2021  4 27 19 30  8.380  1.12   1
     2925  55.105562 -161.971973     2.682   -12373.1      476.5   -16356.6  28276.3  10910.9  12607.9 2021  4 27 23 34 13.340 -0.16   1
     2930  54.841911 -160.982194    46.882    50970.0   -28874.4    27843.5  10239.6  11956.5  16187.1 2021  4 28  4 31 26.400  2.81   1
     2934  54.637903 -162.934456    65.885   -74236.6   -51585.5    46846.5  21837.0  19975.6  19163.1 2021  4 28 10 22 59.470  1.63   1
     2938  55.133301 -162.576383    24.490   -50934.3     3564.5     5451.3  25715.2  22593.7  15178.6 2021  4 29  0 13 20.440  1.43   1
     2939  55.155330 -161.868132    14.376    -5741.4     6017.0    -4662.5  31183.5  42842.6  49795.1 2021  4 29  1 20 18.050  0.17   1
      294  54.571924 -161.648910    41.302     8302.4   -58930.6    22263.3  28515.8  18053.4  31172.2 2021  1  9 10 26 48.490  1.54   1
     2940  55.220390 -162.135417    11.902   -22772.9    13259.7    -7136.4  82653.1  64522.5  99827.8 2021  4 29  1 20 37.810  0.42   1
     2941  55.214360 -160.863672    76.604    58289.3    12588.4    57565.2  15256.9  66446.1  14308.7 2021  4 29  3 54 27.220  1.36   1
     2956  55.426290 -161.828288    13.778    -3189.0    36181.4    -5260.7 103991.4  87249.2  87810.3 2021  4 29 15 32 37.280 -0.03   1
     2957  54.778495 -162.764355    30.307   -63206.1   -35934.1    11267.7  20311.5  24554.4  18449.9 2021  4 29 16 48  0.860  1.42   1
     2960  55.232121 -161.786768     5.575     -550.8    14565.6   -13463.8  26041.5  29841.2  28697.9 2021  4 29 17 56  1.200  0.36   1
     2970  55.433101 -161.695133     0.808     5275.6    36939.7   -18231.2  31780.1  40490.8  29263.7 2021  4 30  8 27 27.920 -0.46   1
     2978  55.183976 -161.939437    29.259   -10286.3     9205.9    10219.7  25572.1  41497.7  30044.7 2021  4 30 14 16 28.880  0.33   1
     2980  55.356368 -161.274414    38.468    32050.8    28397.4    19428.7  17001.3  56145.4  31575.3 2021  4 30 14 18 16.780  1.95   1
     2984  54.659648 -163.103174    36.993   -85045.4   -49164.8    17954.5  28665.4  20333.4  39239.0 2021  4 30 15 17 24.990  1.43   1
     2987  55.159762 -162.221338     0.736   -28270.7     6510.2   -18302.8   9031.3  22253.7  21185.0 2021  4 30 17 52 40.100  1.39   1
     2989  54.988554 -163.005501     7.566   -78456.1   -12549.4   -11472.5  18678.8  41420.6  90655.4 2021  4 30 18 21 47.520  1.66   1
     2991  55.036450 -162.867887    16.836   -69618.1    -7217.4    -2203.3  14215.6  35451.0  42192.4 2021  4 30 18 24 22.800  1.27   1
     2992  55.064124 -162.843359     8.552   -68027.8    -4136.6   -10486.7  13269.9  19829.5  45048.1 2021  4 30 18 25 56.400  0.99   1
     2994  55.060579 -162.867432     3.164   -69568.1    -4531.2   -15874.8  13615.3  23643.7  21168.2 2021  4 30 18 46 13.280  1.04   1
     2995  55.061926 -162.822233    16.074   -66680.4    -4381.2    -2964.4  19146.0  36008.7  51082.6 2021  4 30 19 41 19.340  0.97   1
     2997  54.568083 -161.483008    10.286    18962.9   -59358.2    -8753.2  11413.5  13887.2  12681.2 2021  4 30 19 47 23.480  2.30   1
     2999  54.581616 -161.350960    10.560    27443.1   -57851.6    -8479.2  13247.0  13568.9  18387.6 2021  4 30 20 24 54.900  1.41   1
       30  55.314482 -160.997119    81.623    49720.9    23734.4    62584.3  17864.9  47114.7  14892.6 2021  1  2  2 46 14.660  2.23   1
     3001  54.881771 -161.794987     2.814    -1079.3   -24437.0   -16224.8  29854.0  19356.9  10749.4 2021  4 30 23 15 36.040  1.28   1
     3004  54.542395 -161.840934    11.213    -4037.1   -62217.9    -7825.7  26589.1  11910.8  26643.0 2021  5  1  0 22 15.070  1.77   1
      301  54.577185 -161.316016    30.663    29689.7   -58344.9    11624.1  18301.2  10470.7  34636.3 2021  1  9 13 44 32.670  1.66   1
     3010  54.594995 -161.248047    13.061    34049.1   -56362.2    -5978.2  14026.2   9044.0   8934.3 2021  5  1  4 34 58.080  1.28   1
     3013  55.413944 -161.543652    50.392    14908.6    34807.1    31353.2  28435.7  66050.8  19070.7 2021  5  1  5 13 57.120  0.04   1
     3016  54.405554 -161.555501    13.523    14333.4   -77451.7    -5515.9  20466.2   5454.9  12327.8 2021  5  1  9 51 49.220  1.41   1
     3017  55.290946 -161.786589     6.426     -539.0    21114.4   -12613.1  34291.7  31745.7  53721.1 2021  5  1  9 52 16.570 -0.50   1
     3020  55.105892 -161.949382    25.820   -10931.1      513.2     6780.8  45100.9  46507.0  39433.5 2021  5  1 14 58 27.520  1.06   1
     3029  54.774727 -161.355859    10.754    27063.7   -36353.6    -8284.4  33530.0  20718.2  24883.2 2021  5  3  0 16 57.450  2.52   1
     3030  54.818872 -163.139079    15.484   -87178.0   -31439.2    -3554.7  13420.7  22056.7  25583.4 2021  5  3  0 29  5.010  3.29   1
     3031  55.084395 -161.675993     0.811     6520.7    -1879.9   -18228.2  10568.1   9296.9   9826.7 2021  5  3  0 29 12.560  2.73   1
     3038  55.331616 -161.719385     4.749     3738.8    25641.9   -14290.0  15666.3  15266.7  23446.0 2021  5  3  6 15 28.920  0.11   1
     3039  54.568774 -161.286393    13.591    31596.2   -59281.2    -5447.8  14249.4  12847.5  12652.8 2021  5  3  7 32 15.350  2.33   1
     3042  54.805591 -163.068652    11.360   -82680.3   -32917.7    -7678.6  13424.0  16585.2  36142.5 2021  5  3 10 47 58.940  1.54   1
     3043  54.563749 -161.285726    14.311    31641.0   -59840.6    -4728.4  17661.7  14010.2  17203.3 2021  5  3 12  8  1.040  2.22   1
     3044  54.558590 -161.219173    11.124    35919.9   -60415.0    -7914.7  15341.5   8734.7   8542.5 2021  5  3 14 10  9.320  1.27   1
     3048  54.986845 -160.724837    11.478    67329.5   -12739.6    -7560.7  13438.2  20867.7  15588.1 2021  5  3 17 17 41.600  1.74   1
     3049  55.442948 -161.887419    29.884    -6946.7    38035.9    10845.0  60416.8  71586.3  41221.5 2021  5  3 19  0 24.080  1.37   1
     3050  55.445911 -161.952653    45.274   -11092.6    38365.7    26235.3  50980.9  50957.8  14718.5 2021  5  3 19  1 20.960  1.40   1
     3051  55.170459 -161.643213     2.363     8604.3     7701.1   -16676.0  19609.1   7256.8  13197.8 2021  5  3 20 47 30.280  0.26   1
     3061  54.859863 -162.460384    36.417   -43681.0   -26875.8    17378.2  24067.3  20325.8  29081.4 2021  5  4 17  0 59.100  1.98   1
     3064  55.554789 -161.018994    71.641    48182.9    50486.6    52602.1  16755.4  29918.9  17511.9 2021  5  5  1 10 23.910  1.48   1
     3066  55.262630 -161.774967    12.711      201.1    17962.1    -6327.6  35550.4  24219.9  29582.7 2021  5  5  2 30  8.400 -0.31   1
     3070  55.270923 -162.729834     0.360   -60621.3    18885.2   -18678.7  31559.3  57541.9  29284.3 2021  5  5  6  0 40.100  1.28   1
     3071  55.382222 -161.785124    11.093     -445.2    31275.6    -7946.2 118582.2  71018.1  85727.1 2021  5  5  7 39 24.230  0.16   1
     3072  55.402958 -161.967253    18.114   -12027.0    33584.0     -924.7 171456.8 100031.6 139478.4 2021  5  5  7 52 10.560  0.36   1
     3076  54.671680 -162.397721    91.856   -39761.6   -47825.3    72816.9  39196.2  19414.2  10626.3 2021  5  5 10 51 28.230  1.51   1
     3083  55.027417 -161.403792    29.588    23916.5    -8223.0    10549.5  17669.0  13417.7  34031.8 2021  5  5 14 20  5.560  1.53   1
     3085  55.443136 -161.866162    24.953    -5595.7    38056.8     5914.3  36510.7  40962.6  27588.5 2021  5  5 21 40 49.700  0.72   1
     3086  54.690405 -163.420654     8.885  -105382.2   -45740.7   -10153.8  21029.8  19961.0  19513.7 2021  5  6  0 19 46.950  3.99   1
     3093  55.177262 -161.494629     4.222    18079.1     8458.5   -14817.3   9280.2  14498.3  38825.3 2021  5  6 11 47  0.510  0.75   1
      310  55.121147 -161.553630     4.912    14326.5     2211.5   -14126.4  19356.7  13800.1  22669.5 2021  1 10 12 29 35.240  1.16   1
     3104  55.136865 -162.098682    15.582   -20452.8     3961.3    -3456.6  22240.1  25683.5  63160.2 2021  5  7 23 46  7.960  2.09   1
     3105  54.615092 -161.415234    12.310    23304.2   -54124.9    -6728.8  15606.0   9234.1  14255.7 2021  5  8  0 30 58.160  1.79   1
     3106  55.136853 -161.914746    29.740    -8717.0     3960.0    10701.2  65238.5  32920.4  39472.7 2021  5  8  1 54 59.140  0.44   1
      311  55.376119 -162.057161    23.606   -17750.5    30596.2     4567.5 101963.5  85332.5  67509.4 2021  1 10 13 18 31.500  1.79   1
     3110  54.993986 -162.306299     2.021   -33759.6   -11944.7   -17017.7   7862.5  13674.5  12618.9 2021  5  8  3 47 49.380  1.03   1
     3112  55.389518 -161.730941    10.918     3001.1    32087.8    -8120.6  46602.6  19578.0  39202.5 2021  5  8  5 35 44.500  0.22   1
     3115  54.973629 -162.245378     6.336   -29873.2   -14210.9   -12703.2  16027.6  19437.5  13439.0 2021  5  8 10 33  2.210  0.93   1
     3119  54.676721 -161.074007    37.557    45182.8   -47264.1    18518.2  17119.5  19851.2  32169.3 2021  5  8 13 32 36.600  2.38   1
     3120  55.138224 -161.753581    29.220     1566.0     4112.6    10181.5  70475.0  32360.1  38465.6 2021  5  8 14  0 38.870  0.27   1
     3123  55.344092 -161.484359    19.136    18695.0    27030.8       97.0  11764.0  29120.6  15651.7 2021  5  8 16 35  3.420  0.54   1
     3128  54.598820 -161.344759    12.300    27835.6   -55936.4    -6739.1  15168.0  11336.2  16000.0 2021  5  8 18 23  7.920  1.43   1
     3134  55.130741 -162.094824    15.493   -20208.2     3279.6    -3545.6 107986.4  84294.1 146809.8 2021  5  8 20 15 15.520 -0.28   1
     3137  54.429130 -162.420296    11.344   -41333.6   -74827.1    -7695.4  37212.1  15070.5  14795.8 2021  5  9  0 53 53.290  1.77   1
     3139  55.130062 -161.799561    13.214    -1367.8     3203.9    -5824.6  26919.1  16197.9  18572.8 2021  5  9  0 58 55.390  0.82   1
     3149  54.805851 -163.129932    13.860   -86606.0   -32888.7    -5177.8  21324.3  17870.4  30079.7 2021  5  9 12 17  3.300  2.34   1
     3154  55.326440 -161.895133     7.304    -7448.0    25065.7   -11735.0  48016.6  42809.9  38041.6 2021  5  9 19 44 24.440  1.27   1
     3155  55.061560 -160.973096    31.882    51412.2    -4422.0    12843.0  24991.7  37993.7  38884.4 2021  5  9 19 47 35.440  1.76   1
     3158  55.108061 -162.011084     2.766   -14869.0      754.7   -16273.1  36352.6  20443.6  23100.6 2021  5 10  2 57  8.620  0.94   1
     3161  54.551864 -163.325293    13.694   -99433.8   -61163.8    -5344.6  19106.7  20012.2  16630.5 2021  5 10  5 45 34.060  1.54   1
     3165  55.094312 -161.507682    24.910    17264.5     -776.0     5871.3  15183.8  22465.2  17979.7 2021  5 10  6 34 15.890  2.61   1
     3168  55.520968 -161.845182    39.859    -4258.0    46721.4    20820.5  29168.1  24898.1  19971.0 2021  5 10  7  5  2.250  1.23   1
     3171  55.383403 -161.802148     2.455    -1528.1    31407.0   -16583.7  29387.0  27860.6  38485.4 2021  5 10  8  7  6.060 -0.23   1
     3175  54.986019 -162.309945     2.146   -33996.0   -12831.6   -16893.1  14423.5  12726.1  18815.2 2021  5 10 14 10 13.080  1.14   1
     3176  55.303088 -161.249674    17.452    33647.3    22466.1    -1586.6  17003.6  28145.4  31873.0 2021  5 10 14 30 39.120  0.50   1
     3177  55.313155 -162.251546    24.345   -30139.7    23586.7     5306.2 215361.2 290072.6 240986.5 2021  5 10 14 34 29.320  0.71   1
     3180  55.080550 -162.082878     4.069   -19458.1    -2307.9   -14969.5   8601.6  13382.7  38104.5 2021  5 10 17 49 27.920  1.03   1
     3181  55.392839 -161.855355     4.804    -4911.8    32457.5   -14234.9  37282.0  43331.0 159195.6 2021  5 10 18  4  7.440  0.78   1
     3182  55.318461 -161.787712    19.031     -610.3    24177.4       -7.6  44231.1  38909.8  27203.6 2021  5 10 18 20  4.920  0.12   1
     3187  54.815194 -160.697575    23.791    69219.5   -31848.7     4752.5  28768.7  32851.2  28744.7 2021  5 10 22  4 29.520  1.65   1
     3190  55.106767 -161.860449     8.225    -5254.6      610.6   -10814.3  20754.8  13893.4  27918.5 2021  5 11  1 42  9.340  0.62   1
     3191  55.067033 -161.753092    18.044     1598.6    -3812.7     -995.2  26713.3  17315.9  19062.5 2021  5 11  1 42 21.840  1.10   1
     3192  55.325057 -161.686035    15.161     5861.9    24911.7    -3877.9  20950.9  25642.9  16747.8 2021  5 11  2  4  7.660  0.15   1
     3193  54.997375 -161.677067    46.445     6459.1   -11567.3    27406.2  24197.8  17392.1  17549.0 2021  5 11  2 16 12.760  0.54   1
     3195  55.489795 -161.860270    46.973    -5218.1    43251.1    27934.3  48668.4  39631.8  19284.3 2021  5 11  3 44 41.820  1.06   1
     3196  55.520463 -161.782796    38.942     -296.6    46665.2    19903.1  63119.2  49996.7  11718.0 2021  5 11  3 46 30.060  0.56   1
     3198  54.378035 -161.649495    12.543     8284.5   -80515.2    -6495.5  16088.1   9875.0  17038.7 2021  5 11  4  0 11.320  1.21   1
     3199  55.248621 -161.454346    19.469    20629.6    16402.5      430.0  13403.7  12185.2  18573.9 2021  5 11  4 33  3.500  0.72   1
       32  55.268652 -161.474593    13.889    19334.7    18632.5    -5149.8  19798.8  36901.8  70018.0 2021  1  2  3  5 38.810  1.53   1
     3200  54.542810 -163.266569   109.110   -95670.4   -62171.7    90071.1 488772.0 455721.7 455296.4 2021  5 11  7 17 23.230  0.14   1
     3202  54.522933 -161.682031    10.400     6178.0   -64384.5    -8638.6  11064.6  10065.9  17033.2 2021  5 11  9 51 59.940  1.90   1
     3208  55.418917 -161.771940    37.946      393.2    35360.6    18907.2  19318.8  15699.7  18194.8 2021  5 11 12 39  0.420  0.65   1
     3209  55.319283 -161.788411    25.274     -654.8    24268.9     6234.9  67519.6  32389.1  32491.0 2021  5 11 12 49 18.580  0.89   1
     3212  55.401371 -161.834766     5.446    -3602.0    33407.4   -13592.6  88119.9  39423.1 119378.5 2021  5 11 14 50 41.960  0.77   1
     3216  55.389164 -161.810433     2.650    -2054.9    32048.4   -16389.0  69600.6  65338.3  75093.5 2021  5 11 15 18 43.040  0.70   1
     3218  54.760453 -161.380387    13.986    25496.1   -37942.6    -5053.2  22826.7  29546.0  28645.6 2021  5 11 15 33 38.600  1.92   1
     3222  55.258903 -161.746322    48.221     2026.1    17547.1    29182.5  23329.0  36260.1  15221.3 2021  5 11 17  7 35.040  0.90   1
     3223  55.398218 -161.825423     4.397    -3008.0    33056.3   -14641.8  36653.8  20438.0 111858.0 2021  5 11 17 24 39.720  0.74   1
     3224  55.375977 -161.583870     9.736    12357.2    30580.3    -9302.6  14715.5  25283.2  17714.0 2021  5 11 17 33 53.920  0.46   1
     3225  55.309928 -161.792594    27.071     -921.2    23227.5     8032.5  58462.4  41340.4  26684.7 2021  5 11 19 19 52.580  0.65   1
     3227  55.411808 -161.676628    23.080     6453.7    34569.3     4041.4  23169.5  27441.9  24091.4 2021  5 11 20  6 28.800  0.82   1
     3228  55.293823 -161.918799    23.628    -8958.0    21434.6     4589.0  71356.1  63637.6  51979.9 2021  5 11 20 10 20.580  0.77   1
     3231  54.929028 -162.931022    28.892   -73749.8   -19176.1     9852.9  22042.8  47408.9  77574.6 2021  5 11 20 35 41.680  1.25   1
     3236  55.375444 -161.742985    16.353     2235.4    30521.0    -2686.2  27330.7  41316.3  25936.5 2021  5 11 21 49 12.680  0.54   1
     3237  55.244242 -161.954508    19.803   -11238.9    15915.0      763.8  83903.1  71192.2  70123.7 2021  5 11 22 58 11.580 -0.03   1
     3238  54.846322 -161.220996    14.197    35675.6   -28383.4    -4840.8  27028.9  27318.9  37203.1 2021  5 11 23  8 26.820  1.33   1
     3241  55.042004 -162.167920     8.077   -24899.8    -6599.0   -10961.4  15412.2  16772.6  18364.8 2021  5 11 23 16 52.840  0.54   1
     3244  55.132121 -162.026709    16.367   -15861.6     3433.1    -2671.5  49282.5  27609.7  40913.7 2021  5 12  0 42  3.970  0.12   1
     3245  55.514494 -161.933154    36.653    -9844.9    46000.7    17614.0  29912.5  28884.0  22098.0 2021  5 12  0 51  5.140  0.59   1
     3247  55.233891 -161.129248     1.036    41350.8    14762.7   -18002.4  15273.6  26508.7  14881.2 2021  5 12  1 48 40.180  1.08   1
     3249  54.928052 -162.211117     1.909   -27698.4   -19284.8   -17130.0  12714.5   9343.5  12625.8 2021  5 12  2  4 41.620  1.76   1
      325  54.952417 -162.252035     2.890   -30306.8   -16572.3   -16148.9   9416.9   5879.8   6789.4 2021  1 11  7 19 29.290  3.14   1
     3250  55.398828 -160.838721    10.415    59741.8    33124.3    -8623.5  39115.6  68429.8  33107.9 2021  5 12  2 29 55.990  1.30   1
     3252  54.720996 -162.700358    16.454   -59146.7   -42335.2    -2584.8  13242.2  12881.9  27208.5 2021  5 12  3  0 24.840  1.28   1
     3253  54.682458 -162.108691    61.654   -21210.7   -46625.4    42615.0  17886.1  11593.2  12059.8 2021  5 12  3 14 42.670  1.05   1
     3254  54.876978 -161.983545    16.768   -13149.0   -24970.6    -2270.7  47072.3  17289.6  71233.0 2021  5 12  3 14 58.140  0.75   1
     3255  55.302348 -161.547412    22.701    14690.0    22383.6     3661.7   7929.4  19751.5   8468.3 2021  5 12  3 26 33.780  0.74   1
     3256  55.343974 -161.970313    16.480   -12230.6    27017.6    -2558.6 157895.8 136169.7 128197.0 2021  5 12  4 44 40.130  0.35   1
     3257  55.502055 -161.727360    32.072     3224.2    44615.9    13032.8  29086.0  37557.2  13993.6 2021  5 12  5  0 14.020  0.61   1
     3258  55.472091 -161.900179    33.844    -7755.0    41280.2    14805.4  53276.4  50943.9  19197.0 2021  5 12  5 19  1.450  0.44   1
     3259  55.402234 -161.877148    21.600    -6297.2    33503.4     2561.4  89988.7  76092.5  79904.7 2021  5 12  5 34 24.370  0.82   1
     3260  55.286104 -161.906022    15.522    -8145.2    20575.3    -3516.9  66462.3  63395.5  65802.0 2021  5 12  6 28  3.200  0.49   1
     3264  55.326831 -162.218490    23.419   -28030.4    25109.2     4379.7  71984.1  77124.4  88545.3 2021  5 12  8 56 40.830  1.25   1
     3268  55.015662 -162.210693     4.574   -27641.2    -9531.6   -14464.4   9293.7   7646.8  31039.9 2021  5 12  9 38 20.500  0.16   1
     3270  55.415031 -161.820133     4.844    -2671.0    34928.0   -14195.2  98223.5  71132.3 133890.0 2021  5 12 10 22 12.890  0.15   1
     3271  55.290458 -161.720247    18.202     3685.7    21060.0     -836.4  20870.2  19111.8  15410.2 2021  5 12 10 32 30.660  0.51   1
     3274  54.802136 -161.430192    12.971    22292.0   -33302.3    -6067.5  19966.6  22439.1 142565.2 2021  5 12 12 14 21.540  0.72   1
     3277  55.454565 -161.852718    28.709    -4740.5    39329.2     9670.3  24461.4  36400.8  25076.1 2021  5 12 12 45 11.040  0.22   1
      328  54.978149 -162.230843     0.624   -28942.3   -13707.7   -18414.9  10037.6   9722.8   9050.2 2021  1 11  8  0 31.130  1.70   1
     3280  55.416471 -161.677376    12.062     6405.7    35088.4    -6976.8  35963.3  18360.1  40597.9 2021  5 12 15  8 54.990  0.57   1
     3281  55.296029 -161.748356    25.368     1895.6    21680.1     6329.2  46750.9  31920.0  31435.6 2021  5 12 15 26  1.360  0.37   1
     3282  55.457210 -161.730957    36.652     2997.5    39623.6    17613.4  44739.0  52445.8  16267.2 2021  5 12 15 37 14.680  0.67   1
     3283  55.011418 -162.048486     2.991   -17277.1   -10004.1   -16047.8  13749.8   8608.2   8001.9 2021  5 12 15 38 58.440  0.10   1
     3286  54.511462 -161.896973    12.511    -7641.9   -65661.5    -6528.4  15679.0   8854.1  14098.0 2021  5 12 17  2 25.680  0.89   1
     3288  54.868376 -161.367578    27.554    26282.1   -25928.2     8515.1  27736.6  35366.2  54891.2 2021  5 12 17 54  0.760  3.07   1
     3290  55.140926 -161.680648    35.533     6219.1     4413.4    16493.8  26307.5  14424.9  14372.3 2021  5 12 18 14 52.840  0.88   1
     3291  55.126742 -162.690544    67.813   -58223.2     2834.3    48774.3  30079.1  31479.6  26313.7 2021  5 12 18 31 53.080  1.61   1
     3292  55.382463 -161.628451    13.841     9520.6    31302.4    -5198.3  18830.9  36372.7  23732.3 2021  5 12 20 26 39.740  0.08   1
     3294  55.254537 -162.101302    15.812   -20589.7    17061.1    -3226.7  96000.7  70239.0 108816.3 2021  5 12 20 51 16.740  0.24   1
     3299  55.187488 -163.490023    11.806  -109156.9     9596.9    -7232.5  34248.9 118254.8  23044.1 2021  5 12 22  3 26.840  1.66   1
     3300  54.923669 -162.174919     0.604   -25384.2   -19772.6   -18435.0   2782.6   6612.7   6878.0 2021  5 12 22  6 14.320  0.99   1
     3303  54.641646 -161.208203    11.958    36587.3   -51168.8    -7080.5  13680.6  18488.8  15089.0 2021  5 12 22 24 52.560  1.50   1
     3305  54.513273 -161.058512     8.711    46270.3   -65459.9   -10328.3  11647.5  22965.4  20090.4 2021  5 12 23 25  2.320  1.44   1
     3308  55.445805 -161.817041     8.722    -2473.4    38353.9   -10316.9 105045.8  64845.0 101268.8 2021  5 13  1 58 12.670  0.21   1
     3309  55.409371 -161.774463    34.427      232.9    34297.9    15388.3  29524.0  68485.4  24865.0 2021  5 13  2  8 52.030  0.51   1
     3310  55.479907 -161.621322    15.239     9961.9    42150.4    -3799.7  43205.4  38982.1  49160.6 2021  5 13  2 15 33.690  0.18   1
     3313  55.140906 -161.272477     6.226    32260.7     4411.1   -12812.6  16788.6  17052.4 199736.4 2021  5 13  3 22 33.670  1.57   1
     3314  55.300972 -161.461165    34.179    20181.9    22230.5    15140.3  21366.8  43164.2  38574.5 2021  5 13  4 20 45.120  0.17   1
     3315  54.550932 -161.402637    12.665    24132.3   -61267.5    -6374.3  13352.9  19998.0  15688.7 2021  5 13  5 26 45.070  1.41   1
     3319  55.311222 -161.524447    31.203    16150.5    23371.6    12163.9  12733.2  17697.6  14331.6 2021  5 13  6 19 37.930  0.69   1
      332  54.925248 -162.235970     3.008   -29289.3   -19596.9   -16031.3   7375.9   6568.9   6409.2 2021  1 11 10 45 20.480  2.42   1
     3320  55.279614 -161.630046    16.682     9431.2    19852.8    -2357.2  17951.2  34996.6  36622.7 2021  5 13  6 40 30.780  0.51   1
     3321  54.884106 -162.205176     2.082   -27333.3   -24177.0   -16956.8  20491.2   6514.0   9486.0 2021  5 13  8 10 31.210  1.60   1
     3325  55.125789 -161.747884    17.570     1929.8     2728.3    -1468.5  12292.8  12398.9  15236.9 2021  5 13  8 54 22.430  1.28   1
     3326  54.937329 -162.199333     2.883   -26941.5   -18252.0   -16155.6   6046.1   7831.2   8417.6 2021  5 13  9 29 58.230  1.37   1
     3328  54.543494 -162.780192    58.301   -64407.8   -62095.6    39262.6  17609.8  12764.5  11867.0 2021  5 13 11 39  7.700  1.89   1
     3330  54.725407 -161.199642    42.558    37098.5   -41844.2    23519.5  18996.0  16439.4   9233.8 2021  5 13 11 47 14.140  1.50   1
     3335  55.141585 -162.332796    25.085   -35388.1     4486.8     6045.8  36943.0  39632.7  40766.2 2021  5 13 15  1 18.740  1.47   1
     3336  54.696924 -161.799447    14.023    -1367.9   -45015.0    -5015.4  18440.2   8056.9  10933.7 2021  5 13 15 18 35.310  2.37   1
     3337  55.330953 -161.655485     5.118     7806.0    25568.1   -13921.0  25438.4  30470.9  32190.8 2021  5 13 15 26 31.400  0.49   1
     3342  55.247457 -161.504785    20.127    17416.1    16272.9     1088.3  11179.1  21856.3  24362.6 2021  5 14  2  7 49.070  2.28   1
     3346  55.211597 -160.737760    12.328    66317.5    12280.8    -6710.9  17620.5  66831.6  19664.3 2021  5 14 10 49 45.710  1.81   1
     3347  55.264547 -161.579801    21.820    12633.7    18175.4     2781.2  26435.4  17151.8  17606.8 2021  5 14 10 51  9.260  0.95   1
     3348  55.374097 -161.757780    16.520     1294.3    30371.0    -2518.7  43867.6  10963.5  35557.5 2021  5 14 12 16 20.190  0.92   1
     3351  55.348442 -161.440023    21.870    21515.3    27515.0     2831.6  14950.2  29036.0  11503.4 2021  5 14 14 15 57.820  0.62   1
     3352  55.343229 -161.741797    17.337     2311.9    26934.7    -1701.9  32853.7  24343.6  21877.8 2021  5 14 16 42 13.530  1.06   1
     3353  55.289400 -161.391569    23.777    24616.9    20942.2     4738.5  13160.4  26248.1  31445.2 2021  5 14 19 17 24.040  0.57   1
     3356  54.507642 -162.183854    81.593   -26089.7   -66086.8    62554.3  56963.1  16616.1  17616.8 2021  5 14 22 27 18.280  2.10   1
     3357  55.388574 -161.464063     5.495    19975.5    31982.7   -13543.7  14035.6  22092.9  21666.8 2021  5 14 23 36 11.160  0.67   1
     3358  55.242306 -161.371077     1.133    25937.1    15699.4   -17905.9  23824.8  21177.2  18102.1 2021  5 15  0  2 15.010  0.39   1
     3362  55.285502 -161.458870    23.416    20331.9    20508.3     4376.9  13539.2  16954.6   9541.1 2021  5 15  2  1 56.340  0.65   1
     3364  55.343673 -161.874593    12.233    -6139.2    26984.1    -6806.0  92679.5  91623.8 147048.0 2021  5 15  3 42 48.060  2.29   1
     3365  55.164022 -161.445589    14.390    21209.9     6984.5    -4649.1  16504.1  19276.3  53545.0 2021  5 15  3 42 54.980  1.04   1
     3367  55.385632 -161.020736    41.873    48174.5    31655.2    22834.0  14647.4  19454.5  24372.8 2021  5 15  5 57 21.500  1.71   1
     3370  54.842334 -161.364176    26.708    26508.4   -28827.3     7669.2  11089.6  19722.3  52039.8 2021  5 15  6 37 34.780  1.89   1
     3372  55.592000 -161.576872    51.222    12767.8    54629.1    32183.6  45565.8  34894.6  29511.8 2021  5 15  7 15 16.310  1.83   1
     3373  55.241012 -162.235400     6.542   -29138.1    15555.4   -12497.0  45043.3  24618.0  89296.9 2021  5 15  7 15 26.030  1.43   1
     3374  54.917326 -161.407373    17.538    23720.1   -20478.8    -1501.0  22816.1  31885.1  32674.7 2021  5 15 10 36 20.720  1.66   1
     3375  54.990409 -161.653353    13.760     7975.5   -12342.8    -5278.6  29337.0  26530.7  21489.1 2021  5 15 10 36 34.920  1.52   1
     3380  55.641215 -161.535726    11.583    15368.6    60107.9    -7455.9  42278.8  31967.0  40410.0 2021  5 15 13 13 25.240  1.89   1
     3382  55.433232 -161.733171    34.338     2857.7    36954.2    15299.5  38692.4  71069.4  23887.2 2021  5 15 13 35 13.120  1.00   1
     3383  54.989384 -162.349528     3.237   -36524.7   -12457.0   -15801.8  10538.5  16906.0  13064.9 2021  5 15 14 52 23.320  0.87   1
     3384  55.146773 -161.455208    31.048    20600.8     5064.3    12009.4  16663.1  12285.1  39073.7 2021  5 15 15 36 52.700  0.89   1
     3385  55.478601 -161.760824    32.104     1099.2    42005.0    13065.2  23214.7  38801.3  24498.9 2021  5 15 15 47 36.730  0.98   1
     3388  55.158997 -161.924219    38.775    -9318.8     6425.1    19735.9  28619.2  23192.7  25250.2 2021  5 15 20 18 33.180  1.01   1
     3393  54.986442 -161.544629    27.204    14925.9   -12784.5     8165.0  23962.2  22347.6  21986.2 2021  5 16  0 53  7.740  0.93   1
     3396  55.176147 -162.062337    18.199   -18125.0     8334.4     -840.2 177819.7 122974.3 191206.5 2021  5 16  1  9  5.960  0.90   1
     3397  55.203097 -160.740951    31.745    66121.2    11334.5    12706.1  15814.9  36424.4  41805.9 2021  5 16  1 33 35.780  1.52   1
     3398  55.166130 -162.009619    15.587   -14764.9     7219.2    -3452.0 153336.1  99960.7 168822.2 2021  5 16  2 20  2.990  0.38   1
     3400  55.397599 -161.378809    16.460    25395.1    32987.5    -2578.6  17692.5  25595.9  37064.5 2021  5 16  4 52 24.950  0.68   1
     3405  54.531673 -161.061312     9.995    46079.8   -63411.5    -9043.7  13243.2  20554.1  18116.0 2021  5 16  8 39 48.910  1.29   1
     3406  55.280766 -161.493457    25.262    18130.3    19981.0     6222.8  14335.1  17739.6  18859.9 2021  5 16 13 25 13.300  0.24   1
     3407  54.969706 -162.250309     3.587   -30189.9   -14647.6   -15452.2  10758.4  13113.3   9910.7 2021  5 16 13 30  7.200  0.56   1
     3408  55.450513 -161.850358    30.961    -4590.7    38878.0    11921.7  35355.7  30891.5  22446.2 2021  5 16 13 53 43.390  0.82   1
     3409  55.383097 -161.713590    44.668     4104.9    31373.0    25629.4  23117.1  31600.5  18511.5 2021  5 16 14 13  7.700  0.88   1
     3410  54.339185 -162.020915    10.997   -15644.6   -84840.2    -8042.0  21359.4  11679.4   9629.4 2021  5 16 14 18 29.620  1.41   1
     3411  55.048027 -161.419271    32.628    22921.7    -5928.6    13588.7  27344.6  33519.4  31081.0 2021  5 16 14 21 27.210  1.32   1
     3416  55.192529 -161.838184    14.490    -3829.3    10158.1    -4548.7  85532.9  23261.8  53770.8 2021  5 16 16 14 45.940  0.84   1
     3422  55.099536 -161.450944    14.604    20885.1     -194.3    -4434.8  14945.6  19578.2  55064.1 2021  5 16 18 18 15.480  1.00   1
     3425  55.411458 -161.816195    32.523    -2420.7    34530.3    13483.8  36270.0  28982.4  28523.3 2021  5 16 20 19 15.640  0.99   1
     3427  54.825423 -160.877230    33.874    57703.6   -30709.9    14834.8  17957.8  22039.7  42091.7 2021  5 16 21 36 36.740  2.43   1
     3428  55.339368 -161.248145    19.667    33729.4    26504.8      627.7  17411.0  40645.8  40730.9 2021  5 16 21 59 23.240  0.68   1
     3429  55.081576 -161.988932    48.156   -13459.6    -2193.8    29116.7  90756.6  31006.0  27628.6 2021  5 16 22 14 27.880  1.17   1
     3433  55.265186 -161.501546    54.878    17618.6    18246.5    35838.7  18547.8  30268.7  14101.8 2021  5 17  0 38 22.050  1.11   1
     3434  55.244194 -162.162337    59.173   -24481.5    15909.6    40133.6  26716.4  28296.0  16277.2 2021  5 17  0 47 31.340  1.01   1
     3438  54.961584 -162.932487     0.945   -73813.6   -15551.8   -18093.8  19056.3  26206.8  16592.3 2021  5 17  4 38 16.010  1.41   1
     3440  55.379028 -161.697363    23.287     5137.4    30920.1     4247.9  29837.8  34342.1  26255.2 2021  5 17  5 41 47.170  0.99   1
     3442  54.998222 -161.435221    30.178    21916.4   -11473.1    11139.1  15656.0  21769.8  20703.1 2021  5 17  6  2 33.070  1.54   1
     3443  55.489368 -161.936491    48.993   -10059.9    43203.5    29954.2  79081.6  57329.4  28065.3 2021  5 17  8 16 27.680  1.10   1
     3446  55.288627 -162.120605    16.078   -21810.3    20856.2    -2960.5 275209.4 293575.8 319627.3 2021  5 17  9 36 42.670  0.08   1
     3447  54.715967 -161.822819     0.298    -2866.6   -42895.1   -18740.9   9560.7  14856.8  12578.2 2021  5 17 10 19 10.370  2.31   1
     3461  54.669096 -162.573584    67.207   -51048.9   -48113.0    48168.3  15817.6  11966.3   6404.1 2021  5 17 16 53 21.180  1.13   1
     3465  55.079838 -161.886491     5.422    -6919.1    -2387.2   -13617.2  16424.6  11390.8  18432.5 2021  5 17 17 15  6.340  0.30   1
     3470  55.144531 -162.199300     8.835   -26870.1     4814.7   -10203.5  33562.2  36935.7  32701.9 2021  5 17 20 27 53.480  0.70   1
     3475  55.356608 -161.782031    23.461     -248.6    28424.1     4421.7  35750.1  28605.6  21707.4 2021  5 18  2  9 28.260  0.88   1
     3477  54.400151 -161.447363    19.091    21297.2   -78053.2       52.3  26522.3  13511.9  12469.9 2021  5 18  2 18 46.920  1.87   1
     3478  54.707682 -161.811865    28.512    -2164.3   -43817.3     9473.6  16503.0  20789.9  42363.9 2021  5 18  2 51  3.530  0.98   1
     3479  55.272115 -160.826058    41.788    60643.2    19018.0    22748.9  12470.9  51349.4  19954.8 2021  5 18  3 55  2.690  1.68   1
     3481  54.996228 -161.516602    31.254    16715.5   -11695.1    12215.0  27288.0  46344.0  38140.0 2021  5 18  3 59 33.580  1.28   1
     3482  55.253914 -162.217741    21.179   -28008.3    16991.8     2140.1 234653.8 247035.0 290306.8 2021  5 18  4 31 47.580  0.32   1
     3483  55.320203 -161.732373    16.515     2912.5    24371.3    -2523.9  29231.6  28729.2  16514.4 2021  5 18  4 49 36.490  0.71   1
     3485  55.256034 -161.773193    16.888      314.2    17227.8    -2150.9  75675.0  78021.6  70382.1 2021  5 18  5 27 30.450  0.03   1
     3487  55.375203 -161.788395    21.552     -653.3    30494.3     2513.3  43159.1  24672.3  24453.0 2021  5 18  7 19 28.310  0.46   1
     3489  55.780786 -161.653353    14.223     7896.9    75645.6    -4816.4 114041.4  68089.7  87124.7 2021  5 18  8 49 20.920  1.02   1
     3497  55.299475 -161.412939    18.991    23253.0    22063.8      -48.4  22183.0  31982.4  24923.2 2021  5 18 10 48 58.890  0.39   1
     3498  55.386064 -161.901335    25.567    -7836.8    31703.3     6528.3  79883.6 113322.9  59549.0 2021  5 18 11  7 27.860  0.45   1
      350  55.134717 -161.263916    29.269    32809.4     3722.1    10229.6  19588.8  21998.4  34273.1 2021  1 12  7 15  5.890  2.33   1
     3501  55.140397 -161.609408    39.487    10764.4     4354.5    20448.0  28139.5  19391.8  31591.7 2021  5 18 11 21 53.870  0.53   1
     3503  55.729744 -161.396370     2.189    24177.1    69963.4   -16849.6  48672.6  49549.9  48762.5 2021  5 18 13 38 44.810  0.92   1
     3504  55.303817 -161.857340    18.923    -5043.7    22547.1     -115.8  55810.5  44930.4  36084.0 2021  5 18 14  4 40.010  0.72   1
     3505  55.492916 -161.930583    36.905    -9684.2    43598.6    17865.9  43188.1  42864.0  18350.6 2021  5 18 14 11 35.590  0.80   1
     3506  55.449662 -161.881868    29.300    -6593.4    38783.4    10260.8  33070.3  99880.2  60137.1 2021  5 18 15 45  1.890  0.60   1
     3507  55.426733 -161.839665    29.855    -3912.3    36230.8    10816.1  25570.2  33028.6  30029.6 2021  5 18 15 49  3.250  0.37   1
     3508  55.342338 -161.815674    17.563    -2389.6    26835.5    -1475.7  32600.2  40783.4  39226.7 2021  5 18 15 59 11.160  0.74   1
     3509  55.712118 -161.954313     4.501   -11160.8    68001.1   -14538.3 290904.1 116355.2 197076.9 2021  5 18 17 28 18.980  0.56   1
     3510  55.074613 -160.958252    14.006    52351.7    -2968.8    -5032.5  17360.8  30262.0  18724.9 2021  5 18 17 33 46.000  1.50   1
     3511  55.390873 -161.266406    20.795    32546.2    32238.7     1755.9  17621.6  62925.8  26506.8 2021  5 18 18  8 15.740  0.54   1
     3518  54.770809 -161.510433    81.085    17157.6   -36789.8    62045.6   5548.4   8385.7   5253.4 2021  5 19  0 58 10.000  1.81   1
     3521  54.947949 -162.694417    17.952   -58600.6   -17069.7    -1086.8  23905.4  43408.1  65612.3 2021  5 19  4 20  7.470  1.64   1
     3524  54.691589 -160.746794     8.287    66167.7   -45608.9   -10751.8  24547.2  23447.0  23679.7 2021  5 19 11 27 32.130  2.43   1
     3526  55.196350 -161.934473    13.301    -9968.2    10583.5    -5737.9  33161.5  22097.5  30483.8 2021  5 19 13 17 28.240  1.01   1
     3529  55.311393 -161.617204     6.647    10245.1    23390.6   -12392.4  11796.8  15591.1  24188.2 2021  5 19 19  5 54.640  0.23   1
     3532  55.296737 -161.647477    18.604     8319.2    21759.0     -435.1  26215.8  33902.7  25201.8 2021  5 20  4 12 16.580  1.75   1
     3533  55.403231 -161.846077     3.340    -4321.2    33614.4   -15699.1  22450.4  26605.4  61192.2 2021  5 20  4 12 47.660 -0.00   1
     3534  54.673429 -162.477376    15.575   -44872.3   -47630.5    -3464.1   8192.7  10804.5  34419.7 2021  5 20  5 19 20.220  1.34   1
     3536  55.217346 -163.497656     6.618  -109602.8    12920.8   -12420.7  17079.7  55572.9  36535.3 2021  5 20  8 39 31.430  2.25   1
     3544  54.567611 -162.077376    13.948   -19228.6   -59410.8    -5090.5  17590.0  11557.6  41689.8 2021  5 20 16 56 12.880  1.48   1
     3547  55.307060 -161.905371    17.810    -8101.6    22908.2    -1229.2  75020.4  55476.8  49850.7 2021  5 20 19 41 11.400  0.42   1
      355  54.850753 -161.812874    13.566    -2225.0   -27890.1    -5473.3  29236.6  14878.4  10548.5 2021  1 12 11 37 23.670  1.48   1
     3550  55.179036 -161.826416     7.058    -3079.5     8656.0   -11980.6  32842.4  32098.0  26743.2 2021  5 20 20 53 40.440  1.96   1
     3552  55.248840 -162.017220    21.438   -15233.9    16426.9     2399.2  51267.8  47025.8  37012.6 2021  5 20 22 38 31.760  0.60   1
     3553  54.573706 -161.292301    14.366    31214.6   -58732.2    -4673.0  17085.1  14166.8  15442.2 2021  5 20 23  5 59.920  1.60   1
     3558  55.157271 -162.884701    16.179   -70585.9     6233.0    -2860.3  15614.4  33979.7  44243.9 2021  5 21  1  7  7.610  1.99   1
      356  54.868062 -161.778613     1.239      -31.3   -25963.1   -17800.3  18079.5  16890.7  14481.1 2021  1 12 11 37 36.830  1.87   1
     3560  54.832365 -161.783643     0.678     -353.4   -29937.1   -18361.2  18970.1   9967.8   7846.6 2021  5 21  3 21 13.460  1.01   1
     3561  54.732731 -161.733057    14.865     2890.0   -41028.8    -4173.9  32280.0  16484.9  19643.2 2021  5 21  3 21 17.160  1.31   1
     3562  55.397249 -162.049837    26.545   -17280.0    32948.5     7506.4 175303.6 109240.8 137527.0 2021  5 21  4 48 44.590  0.51   1
     3566  54.569792 -161.268245    13.300    32761.8   -59168.0    -5738.5  12203.8  11286.4   9429.5 2021  5 21 14 50 55.870  2.36   1
     3572  55.071391 -160.924447    14.547    54512.5    -3327.6    -4491.4  17661.5  30527.2  17191.6 2021  5 21 19 31 35.400  1.50   1
     3573  55.313708 -160.514827    71.055    80425.6    23648.3    52015.8   8550.4  20098.9  16101.4 2021  5 21 21 43  9.960  1.98   1
     3575  54.729724 -162.540023    79.942   -48858.4   -41363.5    60903.2   9248.1  12887.0  16255.3 2021  5 22  3 41 15.140  1.80   1
     3576  55.316992 -161.677409     7.098     6411.7    24013.9   -11940.4  17786.0  18765.5  27796.2 2021  5 22  5  3 48.750  0.37   1
      358  54.577983 -161.271924    24.354    32522.2   -58256.1     5315.2  13016.6  14403.8  13428.1 2021  1 12 12 44 20.610  2.80   1
     3581  55.202075 -161.582682    22.961    12459.9    11220.8     3921.8  28579.3  13729.6  26870.8 2021  5 22 12 36 27.900  0.88   1
     3585  55.166219 -161.193115    21.174    37312.3     7229.1     2134.9  11089.3  19331.1  26642.7 2021  5 22 17  6 17.600  1.39   1
     3594  55.030334 -161.527539    21.623    16009.6    -7898.2     2583.9  25103.7   9274.5  26398.2 2021  5 22 22 37  9.980  1.15   1
     3603  54.420768 -161.229248    12.407    35332.4   -75758.0    -6631.9  18216.6  14104.9  10852.8 2021  5 23  4 28 56.450  1.75   1
     3606  54.740674 -161.550618     0.306    14587.4   -40144.6   -18732.9  11223.4  15920.2  10703.2 2021  5 23  5 15 38.400  1.56   1
     3607  54.793599 -161.271663    13.266    32452.3   -34252.6    -5773.4  23053.8  27406.2  29114.7 2021  5 23  5 39 52.590  2.75   1
     3611  54.570443 -161.231071    13.530    35150.2   -59095.5    -5509.1   8812.4   5754.9   7763.9 2021  5 23  7 38 42.560  1.54   1
     3613  55.143835 -161.687467     5.603     5783.8     4737.3   -13435.4  14484.3   8635.7  19947.5 2021  5 23  8  1 53.250  1.04   1
     3615  54.473018 -161.732422    10.198     2940.1   -69941.2    -8841.0  14097.8  10434.9  11361.5 2021  5 23 12 28 44.560  1.66   1
     3620  55.226896 -162.005452    19.833   -14488.1    13984.0      793.7  37156.8  16579.7  34541.0 2021  5 23 16 37 52.300  0.83   1
     3623  55.071261 -160.946224    14.471    53122.0    -3342.1    -4568.2  19323.0  35546.7   8393.8 2021  5 23 18  5 45.920  1.53   1
     3624  55.081095 -162.049935     2.858   -17354.6    -2247.2   -16180.8  12016.4  14815.5  15688.5 2021  5 23 22 32 31.280  0.82   1
     3625  55.071228 -161.770182     9.620      507.2    -3345.7    -9419.4  20905.6  14900.2  32892.1 2021  5 23 22 32 50.860  0.88   1
     3626  55.376855 -161.658008    59.297     7641.0    30678.2    40257.7  32891.5  81480.0  19067.8 2021  5 23 23 35 36.600  1.47   1
     3634  54.925395 -160.856885    12.269    58933.6   -19580.6    -6770.3  20207.0  26742.0  28780.4 2021  5 24 14 33 50.470  1.73   1
     3636  54.853084 -162.608415    15.910   -53163.0   -27630.5    -3128.6  11379.0  14452.2  19719.1 2021  5 25  6 58  5.810  1.76   1
     3639  55.448157 -161.314795    31.552    29447.5    38615.8    12513.0  17943.9  37646.1  27041.7 2021  5 25 14 27 25.980  1.05   1
     3641  55.143266 -161.909619     6.348    -8389.2     4673.9   -12690.7  25634.6  12096.3  22324.5 2021  5 25 22 51 39.800  0.15   1
     3643  55.106759 -161.564486     4.058    13636.1      609.7   -14981.3  13404.4  18078.8  11931.4 2021  5 25 23 51 59.360  0.99   1
     3650  54.418075 -162.895492    10.162   -71929.6   -76057.8    -8877.4  22382.4  15315.0  18209.4 2021  5 26 21 25 30.760  1.59   1
     3655  55.260860 -161.289518    27.581    31126.8    17765.0     8541.7   8663.1  48526.7  44066.3 2021  5 27  1  9  4.910  2.57   1
     3662  54.876640 -162.581901    37.216   -51450.3   -25008.2    18177.3  22786.0  32732.4  28711.8 2021  5 27 14 38 33.410  1.20   1
     3663  54.496834 -162.503955    48.739   -46679.5   -67289.9    29700.2  25363.0  13732.0  16531.8 2021  5 27 16 55 52.760  1.64   1
      367  54.894698 -161.827083    17.921    -3133.2   -22997.9    -1117.8  42961.5  25437.0  42236.7 2021  1 12 18  0 16.640  1.37   1
     3673  55.037927 -162.316341    20.448   -34382.6    -7052.9     1408.7  24760.2  25199.2  18508.3 2021  5 27 23 29 19.500  1.33   1
     3675  54.686882 -161.507861    76.515    17340.5   -46133.0    57476.6  14083.3   8780.9   4473.4 2021  5 28  6  3  5.550  2.11   1
     3681  54.504187 -161.697038    13.889     5214.4   -66471.4    -5149.8   8246.1  13186.0   9434.6 2021  5 28 12 11 11.870  1.41   1
     3685  54.498193 -162.045605    10.985   -17201.9   -67138.6    -8053.6  55515.5  20002.1  35163.1 2021  5 28 16 12 18.370  1.87   1
     3686  55.369438 -161.634212    12.721     9155.6    29852.4    -6318.2  21249.1  27140.6  18317.1 2021  5 28 19  0 32.540 -0.14   1
     3687  54.860917 -161.459440    68.227    20403.2   -26758.5    49188.3  11047.8   7739.0   8350.6 2021  5 29  0 41  8.790  1.81   1
     3692  55.370072 -161.948861    26.325   -10861.9    29923.0     7285.8  30669.6  26865.3  25210.8 2021  5 29 15 48 13.110  0.68   1
       37  55.146566 -161.534814     2.420    15522.3     5041.2   -16618.7  16311.1  21274.4  11169.0 2021  1  2  5 52  5.290  1.64   1
     3700  55.217517 -161.785840     9.427     -491.7    12939.9    -9611.9  30480.0  27087.8  50560.2 2021  5 30  5 38 43.780  1.56   1
     3701  54.575155 -161.276855    24.544    32206.5   -58570.9     5505.1  15736.4  12598.3  13148.7 2021  5 30  7 40 42.830  2.37   1
     3702  55.214921 -161.779997    18.126     -119.3    12650.9     -912.9  73845.0  42563.1  52101.8 2021  5 30  8 27 17.670  0.93   1
     3705  54.601672 -161.169076    12.057    39118.5   -55618.9    -6982.1  16447.5  23275.9  15243.6 2021  5 30 14 25 32.580  1.76   1
     3706  55.406710 -161.725130    24.717     3369.9    34001.7     5678.0  83802.5  78468.8  40973.8 2021  5 30 14 36 51.050  1.79   1
     3711  55.091508 -161.690511    21.557     5593.3    -1088.1     2518.5  22400.7  22035.3  19278.5 2021  5 30 18 22 20.960  1.02   1
     3713  54.284729 -162.401807    10.187   -40214.8   -90902.5    -8851.6  56546.0  18908.6  22386.1 2021  5 30 19 21 58.960  2.52   1
     3715  55.161560 -162.017497    23.726   -15268.2     6710.5     4686.7  83874.4  57584.1  70342.5 2021  5 31  6  6 47.190  0.88   1
     3716  55.435075 -161.785889     9.695     -493.5    37159.4    -9343.9 102561.6 100573.3 102195.3 2021  5 31  7  2 12.850  2.46   1
     3719  55.197835 -161.693197     3.326     5414.6    10748.8   -15712.5  28317.1  21648.7  42408.9 2021  5 31 10 33 20.850  1.56   1
      372  55.154871 -161.943831     6.325   -10570.3     5965.8   -12713.6  19717.8  22348.6  21780.1 2021  1 12 20 52 39.440  1.06   1
     3721  55.267948 -161.691650     5.671     5508.4    18554.1   -13368.3  25279.2  24733.1  27671.6 2021  5 31 10 33 36.600  0.48   1
     3722  54.837154 -163.641927    11.732  -119361.7   -29403.9    -7307.1  11267.0  39571.4  11939.0 2021  5 31 11 46  6.760  1.57   1
     3723  55.683411 -161.234473    49.589    34450.5    64805.3    30550.5  22469.0  28931.5  19889.2 2021  5 31 12 16 55.270  1.81   1
     3726  54.530103 -161.183350     9.375    38235.4   -63586.4    -9663.7  20294.1  22518.0  27169.5 2021  5 31 14 56 35.150  1.75   1
     3727  54.586283 -161.256559    12.562    33505.9   -57332.0    -6476.4  12512.4   8034.9   4877.3 2021  5 31 18 40 55.920  2.67   1
     3729  55.273027 -161.386702     8.820    24931.9    19119.4   -10219.2  13660.4  16196.0  35332.6 2021  6  1  0 14 28.020  1.04   1
      373  54.776701 -161.741878     0.429     2323.1   -36133.9   -18609.8  28734.0  18278.7  12457.2 2021  1 12 21  2 28.880  1.49   1
     3730  54.944043 -162.083952     5.838   -19559.8   -17504.6   -13201.3  20097.5  13934.3  16392.3 2021  6  1  0 14 32.840  1.07   1
     3737  55.282939 -161.639697    40.030     8816.1    20222.9    20990.8  14753.3  25589.0  15790.2 2021  6  1 18 53 47.560  0.91   1
     3739  54.656791 -160.880192    11.806    57633.9   -49482.8    -7232.6  19175.0  16878.2  16414.2 2021  6  1 22  3 43.520  1.82   1
     3742  54.483020 -163.401367    11.239  -104411.5   -68827.8    -7799.7  16886.6  20017.1  15466.0 2021  6  2  1 31 26.530  1.42   1
     3743  54.813554 -162.191146     0.869   -26458.4   -32031.2   -18169.6  13184.5   8308.9   7463.1 2021  6  2  7 15 37.580  1.76   1
     3744  54.920589 -162.184001     1.500   -25966.2   -20115.5   -17538.7  15959.9  12017.2  12639.1 2021  6  2  7 15 55.180  2.07   1
     3747  54.876790 -161.708301    75.436     4469.5   -24991.4    56397.0  15953.4  15386.8   6005.6 2021  6  2 16  7 25.570  1.54   1
      375  54.923478 -162.191943     1.351   -26473.4   -19793.9   -17688.1  14212.5   6813.1   9303.9 2021  1 12 21 24  9.860  1.74   1
     3752  55.014262 -162.142741    18.059   -23299.5    -9687.5     -979.5  47481.4  29581.5  35941.1 2021  6  3  2 17 36.170  1.35   1
     3756  55.447066 -161.876644    26.403    -6261.6    38494.4     7364.0  50870.7  64886.8  24355.5 2021  6  3  6 33 28.600  0.73   1
     3757  55.475533 -161.868815    28.777    -5761.9    41663.4     9737.7  38574.4  66158.9  44450.8 2021  6  3  9 54 50.620  0.60   1
     3758  55.238590 -162.302083    53.139   -33388.2    15285.9    34099.9  57857.2  57160.2  49958.6 2021  6  3 10 21 53.200  2.15   1
     3762  55.233626 -162.100228    18.187   -20526.6    14733.2     -852.1  32103.9  34028.8  52887.6 2021  6  3 14 31 59.230  0.34   1
     3765  54.888411 -161.196159    28.068    37246.6   -23697.7     9029.1  23980.5  16405.7  57977.2 2021  6  3 16 32 56.870  1.75   1
     3769  55.323665 -162.297624    29.743   -33068.9    24756.8    10704.5  89526.4  81365.1 101495.5 2021  6  3 18  8 46.200  0.91   1
     3770  55.270068 -161.980452     2.346   -12887.8    18790.1   -16693.3  69464.8  42746.9  64485.9 2021  6  3 18 13 35.580  0.31   1
     3772  54.677938 -162.421891     8.225   -41309.4   -47128.6   -10814.2  21717.3   8756.0  20704.6 2021  6  3 20 34 55.120  1.13   1
     3779  55.316134 -161.686556    51.705     5829.4    23918.3    32666.0  22153.0  29255.6  14911.2 2021  6  4  3 40 23.080  1.27   1
     3780  55.753304 -161.519108     1.129    16399.1    72586.2   -17910.2  56911.3  43000.6  46856.0 2021  6  4  3 54 33.790  1.36   1
     3788  55.340499 -161.789730    11.049     -738.6    26630.8    -7990.3  88249.8  59947.5  77270.5 2021  6  4 10 13 50.120 -0.46   1
     3789  54.863289 -162.676595    31.999   -57521.2   -26494.4    12960.4  23592.7   7464.7  37511.4 2021  6  4 11 45 44.710  1.50   1
     3796  55.131433 -161.684424     4.649     5978.9     3356.6   -14389.6  20504.7  11293.0  28657.7 2021  6  4 14 45 10.050  0.01   1
     3797  55.315633 -161.788053     3.568     -632.1    23862.6   -15471.1  26310.7  21738.2  53025.9 2021  6  4 14 45 27.990 -0.20   1
      380  55.249280 -161.678385    15.339     6354.9    16475.8    -3700.4  23094.4  16296.7  25495.0 2021  1 12 21 37 47.960  0.56   1
     3800  55.203670 -161.657699    13.783     7677.3    11398.4    -5256.0  27750.6  20501.9  24204.3 2021  6  4 15 40 30.890  1.37   1
     3804  55.065902 -161.033415    33.677    47557.5    -3938.7    14638.4  15362.0  29438.0  23227.5 2021  6  4 16 35 14.680  2.70   1
     3808  54.895085 -162.353516    35.036   -36822.7   -22954.8    15997.1  19756.3  11821.9  35693.6 2021  6  4 17 48 51.680  1.93   1
     3809  54.960901 -162.224121    13.303   -28518.7   -15627.9    -5736.3  18485.5  12583.3  10684.6 2021  6  4 17 49  3.920  2.25   1
      381  54.620841 -161.591374    35.308    11992.0   -53484.9    16268.7  22838.0  16325.1  41847.1 2021  1 13  0  1 46.290  2.89   1
     3811  54.757544 -162.607308     4.317   -53155.0   -38266.5   -14722.2  12232.5   8828.2  13255.9 2021  6  4 19  7 57.560  0.92   1
     3816  54.691410 -162.880892    32.822   -70751.0   -45628.8    13782.9  23187.7  21858.6  40223.3 2021  6  4 23  5  7.040  1.86   1
     3823  55.194039 -160.905859    13.296    55614.3    10326.2    -5743.1  10772.7  25200.4  17934.1 2021  6  5 12 43 55.500  2.47   1
     3824  55.535575 -160.479818    10.238    82425.0    48347.6    -8801.0  25072.0  53974.2  30124.1 2021  6  5 13 58  4.980  1.99   1
      383  55.327885 -161.748193     3.558     1905.2    25226.5   -15480.7  17523.3  13789.8  28945.6 2021  1 13  8  0 58.440 -0.30   1
     3833  55.345345 -161.694987     5.546     5290.7    27170.3   -13493.1  25377.8  22747.3  24889.2 2021  6  5 21 42 39.120  1.33   1
     3844  54.552946 -162.446549    11.594   -42957.9   -61043.3    -7444.5  19668.2  13380.7  28599.2 2021  6  6  2 33 30.020  1.91   1
     3848  55.189408 -162.022087    29.357   -15555.5     9810.7    10318.1  44542.6  40721.5  31861.1 2021  6  6  6 20 13.790  0.62   1
     3850  55.378215 -161.780143     4.742     -128.4    30829.5   -14296.5  26214.3  22977.3  36000.7 2021  6  6  7 58 52.960 -0.29   1
     3851  55.277193 -161.450505    29.036    20866.9    19583.3     9996.7  13041.5  28711.3  17598.2 2021  6  6  8  4 21.630  1.12   1
     3855  54.485384 -163.117188     2.474   -86129.8   -68564.6   -16565.0  16418.9  14965.3  15334.0 2021  6  6 13 56  5.790  2.77   1
     3858  54.805420 -161.922542    16.633    -9252.4   -32936.7    -2406.1   9955.0   7512.3  12053.8 2021  6  6 14 12 15.840  1.47   1
     3860  55.048617 -161.794987    16.701    -1077.0    -5862.9    -2338.2  26304.2  24115.5  24555.9 2021  6  6 17  1 17.940  1.12   1
     3863  55.437606 -162.475684    18.394   -44340.0    37441.2     -644.4  63215.0  31748.9  67987.2 2021  6  6 17 17 35.300  2.01   1
     3864  55.692521 -161.695085    17.243     5261.5    65819.5    -1795.5  82755.3  75389.2 119567.8 2021  6  6 18  1 35.440  0.79   1
     3866  55.464172 -161.396354    12.470    24259.0    40398.7    -6568.5  24351.6  31453.6  28247.1 2021  6  6 18 21 47.580  1.93   1
     3867  55.125586 -161.352962    14.011    27130.9     2705.7    -5028.2  18733.8  13741.4  22956.9 2021  6  6 18 21 53.480  1.87   1
     3871  54.414107 -161.737826    12.749     2594.4   -76499.5    -6289.9  21598.1  15801.4  17873.2 2021  6  6 20 41  7.240  2.00   1
     3873  54.691903 -160.988623    58.708    50652.3   -45574.0    39669.3  17828.7  15080.5  18134.1 2021  6  6 21 34 41.680  2.69   1
     3880  55.253861 -161.506022    18.224    17335.9    16985.9     -815.0  14200.3  11104.9  16458.7 2021  6  7  2 16 53.850  1.03   1
     3884  55.232841 -161.843555    21.475    -4169.7    14645.8     2435.6  47436.4  39924.8  40005.3 2021  6  7  6 10 53.040  0.99   1
      389  54.958134 -161.529801    20.537    15879.3   -15935.9     1497.9  15989.9  17148.0  11541.5 2021  1 13 12 35 40.560  1.47   1
     3898  54.463778 -162.142611    62.746   -23450.3   -70969.9    43707.0  65486.2  20526.0  23491.9 2021  6  8  0 35  9.080  2.85   1
     3902  55.274003 -161.756543    14.643     1374.7    19228.2    -4395.5  23750.0  23696.3  24418.7 2021  6  8 11 10 50.780  0.24   1
     3903  54.965365 -162.698014     4.371   -58818.0   -15130.9   -14667.5  14013.8  27159.5  29712.8 2021  6  8 16 16 36.830  1.40   1
     3906  55.059989 -163.374089    11.074  -101926.3    -4596.9    -7964.6  16558.0  31336.0  29347.9 2021  6  8 18 49 25.700  1.83   1
     3911  55.435335 -161.497119    13.894    17862.5    37188.4    -5145.1  19559.8  28965.9  34941.8 2021  6  8 21 16  0.160  0.93   1
     3913  55.398714 -161.697770    20.798     5110.2    33111.6     1759.3  33850.5  20857.4  26610.2 2021  6  8 23 27 54.760  0.35   1
     3917  55.314351 -161.724821    27.731     3393.5    23719.9     8692.0  34635.7  34044.3  23096.1 2021  6  9  4 36 38.220  1.29   1
     3919  55.329085 -161.707650    37.108     4485.8    25360.2    18069.0  33270.6  35027.0  23439.3 2021  6  9  7 41 34.480  1.47   1
     3922  55.274272 -161.582699    23.814    12447.6    19258.0     4775.6  11726.1  24308.4  17628.7 2021  6  9 11 46 41.310  1.08   1
     3923  55.490149 -161.358171    63.448    26676.6    43290.5    44409.6  23869.1  30314.9  23364.9 2021  6  9 12 40 29.520  1.36   1
     3926  55.198515 -161.601481    17.575    11261.9    10824.4    -1464.0  14031.7  10941.1  19132.5 2021  6  9 14 33 56.860  1.57   1
     3928  55.256104 -161.711230    41.814     4261.8    17235.5    22775.1  36664.9  18802.2  28387.4 2021  6  9 20 22 41.520  1.18   1
     3934  55.471708 -161.828174    28.355    -3180.0    41237.6     9316.3  29920.5  56176.5  34472.5 2021  6 10 10 19 53.060  1.00   1
     3936  54.494670 -162.352148    56.983   -36917.5   -67530.9    37943.7  13602.4   8482.8  14147.3 2021  6 10 17 27 56.300  2.34   1
     3942  55.368982 -161.652572    31.359     7987.6    29801.6    12319.7  27391.2  33751.6  22270.1 2021  6 10 22 23 22.200  1.26   1
     3951  54.357841 -161.724186    12.355     3474.8   -82763.3    -6683.8  40690.2  13096.2  24360.2 2021  6 11 14 44 30.210  1.39   1
     3958  55.061503 -161.781071    18.455     -188.1    -4428.3     -583.5  24175.7  15798.6  13818.8 2021  6 11 19 41 33.920  0.55   1
     3960  54.786072 -161.403109    59.225    24032.0   -35090.7    40186.5  14953.0  13622.8  13772.6 2021  6 11 21 52 49.580  1.48   1
     3961  55.451090 -161.847396    26.493    -4402.4    38942.4     7454.1  62862.4  47458.4  46182.0 2021  6 11 22 53  2.420  0.34   1
     3964  55.298901 -161.767936    13.144      648.8    21999.9    -5895.4  46513.7  32403.4  40874.0 2021  6 12  3 58 33.030  1.00   1
     3971  55.234733 -161.740462    15.118     2400.1    14856.4    -3921.1  16627.2  37649.2  33926.5 2021  6 12 10  6 13.170  0.56   1
     3975  54.441988 -161.581217    12.184    12672.0   -73395.7    -6854.5  26439.5  13370.0  12220.7 2021  6 12 11 46 24.620  3.60   1
     3976  55.306311 -161.744336     2.979     2151.3    22824.8   -16059.6  19040.1  20247.7  23777.1 2021  6 12 11 46 52.350  3.58   1
     3978  54.401624 -161.556006    13.698    14301.6   -77889.2    -5341.1  17758.7   7274.3  10749.0 2021  6 12 11 57 37.100  1.49   1
      398  55.107564 -161.544238     4.090    14928.3      699.4   -14949.3  22059.5  13329.8  27825.8 2021  1 13 15 42 15.780  1.29   1
     3984  55.299910 -161.718848    15.018     3774.4    22112.3    -4020.8  31771.9  26572.2  24023.7 2021  6 12 18 33 24.320  0.39   1
     3992  55.056201 -161.655583     0.955     7826.5    -5018.6   -18084.0  22379.1   5577.9  11558.7 2021  6 12 23 54 40.160  0.53   1
     3995  55.428072 -161.765527    37.636      800.9    36379.8    18597.0  24331.7  45258.9  23765.2 2021  6 13  1 51 52.850  0.58   1
     3998  55.167387 -163.129899    10.857   -86215.7     7359.1    -8181.9  25776.1  33325.9  13033.9 2021  6 13  2 18 56.880  1.44   1
     4000  55.129451 -163.177067    11.531   -89266.3     3136.0    -7508.0  12884.5  34037.6  26544.2 2021  6 13  3  3 51.250  2.27   1
      401  54.872327 -161.553141    16.687    14402.1   -25488.4    -2351.9  20459.6  27203.5  31006.3 2021  1 13 16 14  7.200  1.81   1
     4016  54.824097 -161.901579    22.979    -7907.5   -30857.5     3939.9  15494.0  13496.3  18053.7 2021  6 13 12 12 45.330  0.65   1
     4026  54.990597 -160.807015    54.897    62073.6   -12322.0    35858.2  10026.8  33669.2  18411.4 2021  6 13 19 37 21.960  1.29   1
     4028  54.946460 -161.603239    20.294    11184.9   -17235.5     1255.0  14883.4  17424.5  10165.9 2021  6 13 19 43 50.120  1.25   1
     4032  54.920345 -162.861475     1.602   -69308.4   -20142.7   -17437.3  17039.6  16403.3  17260.8 2021  6 13 22 24 53.480  1.65   1
     4034  55.315792 -161.798828     3.157    -1318.0    23880.3   -15881.8   9096.5  20596.7  53251.1 2021  6 13 22 25 18.400  0.24   1
     4037  55.149805 -162.104443     5.131   -20817.0     5401.8   -13907.8 140714.0 114323.9 166643.1 2021  6 14  0 12 27.690  0.29   1
     4038  54.831352 -161.361898    12.724    26658.0   -30049.9    -6314.9  28744.9  23362.2  30948.6 2021  6 14  0 26 10.680  1.54   1
     4042  54.545980 -160.965332    11.543    52240.6   -61818.8    -7495.9  18154.8  19246.9  14319.4 2021  6 14  1 55  4.220  1.82   1
     4048  54.682129 -161.355778    12.059    27099.9   -46662.1    -6979.7  11264.4  12716.7  22867.8 2021  6 14 10 42 18.270  3.07   1
     4059  55.000077 -161.437256    32.198    21785.9   -11266.6    13159.4  12835.8  15170.0  23067.3 2021  6 15  5  7 53.150  2.02   1
     4065  54.552153 -162.178255    32.757   -25715.6   -61131.6    13718.4  69160.3  18494.9  37508.7 2021  6 15 10 40 37.300  1.68   1
     4067  55.157585 -161.983447     8.650   -13097.0     6267.9   -10389.3  70291.9  60446.0 109673.6 2021  6 15 11 58  0.550  0.44   1
     4068  55.353577 -161.865853    19.251    -5582.3    28086.7      211.7  53148.6  75638.6  54879.7 2021  6 16 13 52 27.930  0.55   1
     4069  55.346102 -161.844971     1.966    -4253.9    27254.5   -17072.6  33877.3  47524.2  52882.1 2021  6 16 17  4 37.580  1.93   1
     4073  54.942057 -162.249626     3.683   -30156.6   -17725.6   -15355.6   8552.7   7426.5   6979.4 2021  6 16 18 14 33.580  1.81   1
     4075  54.977507 -162.275602     2.924   -31804.0   -13779.2   -16113.8   5910.5   7869.3   9630.6 2021  6 16 18 34 58.240  0.39   1
     4079  55.065120 -161.141862    23.340    40632.4    -4025.6     4301.1  10445.6  25780.9   7036.5 2021  6 16 19  1 43.900  2.47   1
     4081  54.556750 -161.414486    13.780    23369.1   -60619.8    -5259.2  18602.9  10088.3   8953.8 2021  6 17  4 22 37.900  1.46   1
     4082  55.083561 -161.996126     8.823   -13918.6    -1972.7   -10216.3  21517.3  23117.9  35910.4 2021  6 17  4 23 14.920  1.08   1
     4086  54.652779 -163.032113    80.869   -80491.3   -49929.4    61829.8  26147.0  27364.0  22667.5 2021  6 17  9 28 19.570  1.84   1
     4087  54.596248 -161.291553    42.052    31254.0   -56222.7    23013.3  28349.5  25902.8  39759.8 2021  6 17  9 32 46.880  1.58   1
     4088  55.491536 -161.794873    24.908    -1063.9    43445.0     5868.8  33604.2  39943.0  25061.7 2021  6 17 10  9 15.390  0.81   1
      409  55.030074 -162.036117     7.575   -16482.8    -7927.2   -11463.9  22817.8  11397.4  26531.1 2021  1 13 20 56 29.260  0.53   1
     4090  55.487427 -161.894987    28.768    -7423.6    42987.5     9729.4  59903.6  80951.5  47641.9 2021  6 17 10 12 23.360  0.83   1
     4093  54.497774 -161.672477    10.910     6794.3   -67185.3    -8128.7  25598.7   7506.0  17220.2 2021  6 17 14 24 36.740  1.80   1
     4094  55.369922 -161.012695    32.466    48695.5    29906.3    13426.8  14441.3  27225.6  34944.2 2021  6 17 14 41  3.250  1.05   1
     4100  54.862333 -162.347575    37.571   -36457.4   -26600.9    18531.8  19407.9  12080.5  33112.5 2021  6 17 18 42 30.320  1.99   1
     4101  54.940869 -162.246501    21.940   -29957.2   -17857.9     2900.9  17453.1  15563.4  10403.7 2021  6 17 18 42 41.240  2.01   1
     4106  55.185156 -163.289535    11.740   -96375.8     9337.3    -7299.2  15010.0  59279.6  23160.9 2021  6 18  3 52 19.460  1.66   1
     4107  54.940214 -162.248421     4.253   -30080.3   -17930.8   -14786.4  11704.9   9398.1  14594.1 2021  6 18  4  8 59.880  1.04   1
     4108  54.956396 -162.254557     2.266   -30466.6   -16129.3   -16773.3  16953.4  10736.2  11655.0 2021  6 18  4  9 19.810  1.37   1
     4109  54.968201 -162.218327     6.153   -28145.6   -14815.2   -12886.0   6999.8  13474.4  16386.3 2021  6 18  4 33 59.580  1.85   1
     4110  54.959611 -162.231592     6.939   -28996.9   -15771.5   -12099.9  14343.6  11641.9  21774.3 2021  6 18  4 34 11.000  2.00   1
     4114  54.834090 -161.861605     2.642    -5346.4   -29745.0   -16396.9  28212.7  18000.9  17003.1 2021  6 18 11 11 42.410  1.15   1
     4116  54.579980 -161.639176    33.102     8926.9   -58033.7    14063.4  29336.8  18970.9  45390.8 2021  6 18 11 40 51.220  1.29   1
     4119  55.153190 -161.482340    22.390    18868.4     5778.7     3351.3  17748.2  14718.7  21395.3 2021  6 18 12 26  6.630  0.69   1
     4122  54.778491 -161.694645    30.731     5350.1   -35934.6    11692.6  53518.5  26809.0  52086.2 2021  6 18 13 18 34.300  0.94   1
     4124  54.539429 -160.954574     7.339    52936.3   -62548.1   -11699.8  16476.0  23756.9  20098.7 2021  6 18 19 14 49.840  1.70   1
     4125  55.215633 -162.153988     9.698   -23958.0    12730.1    -9340.9 171770.4 169943.6 310613.1 2021  6 18 19 15 14.660  0.51   1
     4132  54.493315 -163.203695    13.735   -91685.0   -67681.8    -5303.7  15309.5  15739.9  18796.8 2021  6 18 20 51 32.360  1.60   1
     4142  54.819116 -160.427718    50.888    86502.2   -31412.0    31849.1  43059.1  56248.7  70079.9 2021  6 18 23 55  4.320  1.45   1
     4144  55.352991 -161.864876    20.782    -5520.2    28021.4     1743.1  28908.8  39305.8  29242.3 2021  6 19  1 25  8.930  0.36   1
     4145  55.005916 -162.356201    14.670   -36943.7   -10616.5    -4368.6  11022.2  16003.7  40642.7 2021  6 19  2 53 26.610  1.66   1
     4146  54.998397 -162.361686     8.300   -37297.7   -11453.6   -10738.5  15346.1  15044.1  13271.0 2021  6 19  2 53 53.080  0.64   1
     4149  54.405660 -163.248112     7.041   -94643.7   -77439.9   -11998.3  31671.4  24311.3  18418.3 2021  6 19  7 50 29.840  3.06   1
     4153  54.793587 -161.091292    31.812    44009.9   -34254.0    12773.5  13667.1  23937.4  41188.0 2021  6 19 10 14 15.130  0.90   1
     4154  54.961434 -160.744596    10.242    66087.3   -15568.5    -8796.7  24145.4  32641.4  21442.9 2021  6 19 10 16 26.140  1.41   1
      416  55.165812 -161.472786    29.212    19474.8     7183.8    10173.0  22609.7  32321.2  13408.1 2021  1 13 21 42 18.680  2.63   1
     4161  55.399341 -162.338770    48.223   -35654.2    33181.3    29183.9  66414.1  25712.1  51901.2 2021  6 19 15 59 51.280  0.84   1
     4164  54.949178 -162.069661     5.186   -18644.7   -16932.9   -13852.8  10024.7  11759.6  17305.5 2021  6 19 16 32 56.240  0.12   1
     4165  55.380827 -161.860889    31.659    -5264.6    31120.3    12619.6  25881.2  41681.5  33182.8 2021  6 19 21 40 49.040  0.98   1
     4170  54.931099 -162.287793     5.957   -32602.2   -18945.5   -13081.4  18095.8  10989.6  14719.4 2021  6 20  0 20 56.300  1.11   1
     4172  54.851851 -162.559684    33.972   -50043.5   -27767.8    14933.3  47524.7  33046.3  72211.1 2021  6 20  0 45 25.130  1.10   1
     4176  55.037549 -161.638932     0.576     8892.0    -7095.0   -18462.7  16623.6   9596.4  10136.3 2021  6 20  2 39 25.990  2.46   1
     4177  54.460901 -161.255452    11.544    33628.9   -71290.2    -7495.0  27315.7  19641.5  10816.9 2021  6 20  2 41 24.880  1.15   1
     4180  54.936963 -162.872689     1.894   -70011.4   -18292.7   -17145.1  18816.3  30963.2  21214.5 2021  6 20  3 23 46.280  1.29   1
     4183  54.924731 -163.480957    35.184  -108934.4   -19654.4    16145.4  31491.2  55729.6  74887.6 2021  6 20  6 25 36.390  1.81   1
     4185  54.568359 -161.346810     9.114    27714.2   -59327.4    -9924.4  21929.5  16395.1  15772.4 2021  6 20  7 47 25.200  1.27   1
     4191  55.387244 -162.099723    15.259   -20455.2    31834.6    -3779.4 204494.7  84150.5 238598.1 2021  6 20 12  2 47.720  0.73   1
     4196  55.134851 -161.715999    17.974     3964.0     3737.1    -1064.8  24331.5  13801.7  24286.0 2021  6 20 15  1  2.300  0.99   1
     4197  54.453678 -161.814583    18.098    -2345.9   -72094.2     -940.4  30488.8  10772.3  22807.9 2021  6 20 15  5 19.400  1.61   1
     4203  55.067619 -162.226270    52.906   -28618.1    -3747.5    33867.1  24365.0  34165.2  29028.8 2021  6 20 17 37  7.560  1.64   1
     4206  54.745797 -162.582292     4.424   -51558.8   -39574.3   -14615.0  12673.3   8936.1  13467.3 2021  6 20 21 38  4.240  2.22   1
     4208  54.914201 -161.801562    32.487    -1499.6   -20826.7    13448.2  32376.1  22234.0  27659.4 2021  6 20 23 53 58.480  1.19   1
     4212  55.251257 -161.872135    30.275    -5989.7    16696.0    11235.8  37280.8  30465.6  27133.6 2021  6 21  1 44 22.090  0.60   1
     4213  55.113456 -162.425700    41.943   -41329.9     1355.3    22903.9  32833.5  40799.6  26494.6 2021  6 21  1 53  1.600  1.69   1
     4215  54.891410 -162.163867     0.802   -24687.1   -23363.9   -18236.9   6187.3   7880.9   7621.9 2021  6 21  2 33 11.480  0.33   1
     4218  55.100883 -162.224967     5.937   -28523.1      -44.4   -13102.0   8702.7  16915.5  11483.7 2021  6 21  2 35 11.390  0.15   1
      422  55.076587 -162.041634     3.785   -16825.5    -2749.1   -15253.8   8292.7  15932.7  20210.8 2021  1 13 22 45 41.860  0.91   1
     4220  55.413607 -161.930876    27.681    -9712.4    34769.5     8642.4  30832.5  30415.1  37473.3 2021  6 21  7 59 55.150  0.09   1
     4221  55.290458 -161.587565    47.439    12135.2    21060.0    28399.7  17993.1  33914.7  19998.7 2021  6 21  8  2  0.740  0.77   1
     4222  54.810795 -161.245687    31.240    34109.6   -32338.3    12200.8  18552.3  21138.2  42200.0 2021  6 21  9 56 53.630  2.15   1
     4223  55.126725 -161.510954     1.456    17048.7     2832.5   -17583.0  16420.7  11874.6  16712.9 2021  6 21  9 57 16.050  2.02   1
     4224  55.106840 -162.213525     5.098   -27790.7      618.8   -13941.2  14507.6  16299.1  20944.1 2021  6 21 10  4 51.070  0.34   1
     4226  55.307967 -161.587321     9.169    12148.1    23009.2    -9869.5  10540.0  18418.3  39481.1 2021  6 21 11 55 41.980  0.98   1
     4229  55.393050 -161.727979    27.520     3189.3    32481.0     8481.1  26879.6  42800.1  29175.0 2021  6 21 13  4 47.480  0.55   1
      423  55.056482 -162.047070     2.249   -17177.0    -4987.3   -16789.9   7426.5  12045.4  11804.4 2021  1 13 22 46 11.400  0.56   1
     4232  55.103328 -161.936117    25.512   -10084.7      227.8     6473.4  38517.1  37451.6  28942.4 2021  6 21 13 58 15.120  0.43   1
     4238  54.418974 -161.631982     8.533     9407.7   -75957.7   -10505.9  30353.9  13929.3  20903.9 2021  6 21 14 53 44.070  2.03   1
     4240  54.597831 -161.248470    27.882    34020.7   -56046.5     8843.1  20512.5  18410.1  79059.5 2021  6 21 17 21  4.620  2.88   1
     4243  55.139225 -161.863786     0.799    -5465.3     4224.1   -18239.9  35856.2  19398.7  20831.5 2021  6 22  4  4 44.280  0.42   1
     4247  54.567468 -161.320817    11.874    29384.7   -59426.6    -7165.4  13598.1  20998.3  25180.8 2021  6 22  7  4 16.310  1.82   1
      425  55.095691 -162.049284     3.187   -17309.9     -622.4   -15851.5  14992.4  15686.7  23588.6 2021  1 13 23 19 54.520  0.69   1
     4250  55.224894 -161.691178    22.202     5541.4    13761.1     3163.6  34797.1  25106.3  29358.9 2021  6 22  8  2 11.240  0.95   1
     4251  54.785193 -161.344287    14.720    27801.8   -35188.5    -4319.3  33388.6  33550.2 104126.4 2021  6 22  9 14 18.760  1.42   1
     4252  55.098873 -162.959945     1.659   -75440.5     -268.2   -17379.4  12454.7  26551.4  14451.8 2021  6 22  9 54  5.540  1.36   1
     4253  55.306299 -161.608838    28.782    10778.4    22823.5     9743.6  18023.1  20307.5  22673.6 2021  6 22  9 59 29.680  1.23   1
     4256  55.054142 -162.026807     3.004   -15883.2    -5247.8   -16034.4  15726.4  26236.7  17399.2 2021  6 22 13 54 16.860  0.66   1
     4259  54.750793 -163.656217     9.659  -120405.6   -39018.0    -9379.4  18218.7  28806.6  17904.6 2021  6 22 17 35 47.140  1.64   1
      426  55.097559 -162.046940     3.026   -17159.9     -414.5   -16012.5  23608.4  24952.1 212726.5 2021  1 13 23 37 36.140  0.72   1
     4261  54.729899 -160.808529    34.648    62177.4   -41344.1    15609.4  18530.8  18498.7  42069.8 2021  6 22 18 38 50.000  2.26   1
     4262  54.652795 -161.193929    12.485    37498.5   -49927.6    -6553.4  19643.5  20355.1  18413.1 2021  6 22 19  3 26.840  1.51   1
     4263  54.505697 -162.201465    57.472   -27222.8   -66303.3    38432.9  29754.5  12287.3  13928.5 2021  6 22 19 40 20.340  1.80   1
     4265  55.374255 -161.761784    20.699     1039.5    30388.7     1659.7  39060.4  35040.2  27114.4 2021  6 22 20  2  9.700  0.68   1
     4268  54.985689 -161.895980     2.912    -7533.8   -12868.3   -16126.8  15363.8   7786.0  28275.4 2021  6 22 23 12 45.300  0.94   1
     4270  55.133972 -161.768913     6.398      587.8     3639.3   -12641.0  12229.1  29862.2  31967.4 2021  6 23  1 16 53.250  0.32   1
     4271  55.350419 -161.227832    17.155    35017.3    27735.1    -1884.1  28715.0  33988.9  29914.4 2021  6 23  5  6 23.470  0.79   1
     4272  55.290230 -161.877148     7.136    -6306.0    21034.6   -11902.5  75913.8  42234.5  78277.0 2021  6 23  5  6 45.290  1.49   1
     4275  55.403748 -162.705745     2.252   -58988.8    33671.9   -16786.8  36690.4  32857.9  37091.0 2021  6 23 12 36 44.650  2.11   1
     4285  55.382292 -161.930843    41.031    -9714.2    31283.3    21992.1  72440.9  59781.9  29077.1 2021  6 25  8 20 16.700  0.87   1
      429  55.102014 -162.049349     3.210   -17312.7       81.5   -15828.7  12538.2  13412.5  28686.5 2021  1 13 23 49 37.880  1.30   1
     4291  55.292765 -161.787956    21.025     -626.0    21316.9     1986.6  44890.7  33247.0  23620.8 2021  6 25 15 23  3.090  1.99   1
     4294  55.014067 -161.603027    19.397    11189.0    -9709.2      358.0  11517.7  12215.8  14643.3 2021  6 25 18 35  2.740  1.25   1
     4299  54.620028 -161.292236    30.085    31201.0   -53575.5    11045.9  17438.9  17453.5 103501.1 2021  6 26  2 45 35.190  1.77   1
       43  54.821261 -161.811914     0.258    -2164.3   -31173.3   -18780.5  25945.4  10968.5   6776.6 2021  1  2 11 51 52.070  1.44   1
      430  55.101908 -162.049805     2.806   -17341.8       69.8   -16232.6  18896.9  19424.2  17566.4 2021  1 13 23 52  2.120  1.04   1
     4301  55.190116 -161.269564    15.709    32426.7     9889.5    -3330.1  17506.9  20031.0  55172.6 2021  6 26  3 13 42.950  1.35   1
     4302  55.354513 -161.848242    10.270    -4461.6    28190.8    -8769.2  53803.4  37210.5  36907.6 2021  6 26  3 14 15.740  0.73   1
     4306  54.529879 -161.772673    13.123      350.5   -63611.3    -5916.1   5905.6  10788.5  16259.7 2021  6 26 15 14  9.370  1.38   1
     4308  55.076640 -161.886735    44.843    -6934.9    -2743.3    25804.4  60984.9  18083.1  18396.3 2021  6 26 16  3 36.550  1.01   1
     4309  55.356193 -160.960840    46.430    52003.4    28377.9    27390.7  16290.8  55622.4  30962.6 2021  6 26 16 31 50.790  1.48   1
     4313  55.437573 -161.419759    23.244    22779.4    37437.6     4204.9  24386.5  55398.4  29767.3 2021  6 26 18 50 27.000  2.18   1
     4315  54.645577 -161.559066    12.989    14062.3   -50731.2    -6049.7   9956.8   8972.5  19865.6 2021  6 26 20  4 10.440  2.60   1
     4316  54.787378 -161.839876    24.939    -3957.1   -34945.2     5900.0  20821.4  10160.1  10652.7 2021  6 26 20  4 18.300  2.96   1
     4317  54.698596 -162.891032     0.596   -71395.2   -44828.8   -18442.5  13178.3  10981.4   9268.3 2021  6 27  0 18 59.030  1.46   1
     4322  54.607784 -161.264974    31.272    32956.6   -54938.5    12232.9  29562.8  29123.0  75750.6 2021  6 27  1 59 57.060  1.65   1
     4323  55.105127 -162.211898     5.058   -27687.4      428.1   -13981.2  17345.8  17198.2  25564.3 2021  6 27  3 10 27.460  0.38   1
     4331  55.225037 -162.357438    12.954   -36921.8    13777.0    -6084.7  65603.0  45413.0  83342.7 2021  6 27  7 25 25.280  1.71   1
     4332  55.080249 -161.691081    26.167     5557.7    -2341.5     7127.8  31673.9  31631.6  49520.8 2021  6 27  8 17 30.870  0.61   1
     4335  55.212646 -161.651188    35.104     8091.4    12397.6    16064.9  14533.5  16228.1  13577.5 2021  6 27  9 40 12.910  0.24   1
     4336  55.373482 -161.543506     8.913    14925.4    30302.6   -10126.0   6508.5  22872.6  14484.5 2021  6 27 10 16 59.090  0.24   1
     4339  55.279167 -161.656592    14.189     7740.5    19803.0    -4850.3  17827.6  13703.6  18712.1 2021  6 27 14 31 30.200  0.23   1
     4342  55.494979 -162.143831    30.020   -23229.2    43828.2    10981.2 189172.8 169022.7 165237.2 2021  6 27 16 34 13.480  1.32   1
     4345  55.399927 -161.652295     8.548     8002.1    33246.6   -10490.9  19627.2  30686.5  18033.3 2021  6 27 17 15 50.320  0.64   1
     4348  54.963672 -161.589974    20.914    12030.7   -15319.4     1875.3  10280.3  13739.2  15005.9 2021  6 27 23 55 56.660  0.83   1
     4349  54.827608 -161.373307    29.507    25928.4   -30466.6    10468.3  19312.5  14278.6  38176.7 2021  6 27 23 56  6.060  1.35   1
     4353  55.248804 -161.617904    49.378    10208.5    16422.8    30338.8  47462.2  36192.0  19033.8 2021  6 28  8  6 19.230  0.90   1
     4357  54.478357 -162.978353    14.117   -77206.5   -69346.9    -4921.5  22504.9  18150.7  27796.9 2021  6 28  9 19 33.570  1.33   1
     4358  54.403117 -161.655501     9.536     7895.3   -77723.0    -9502.4  17807.8  12169.9  20577.2 2021  6 28 10 15 43.900  1.48   1
     4361  55.266899 -161.825521    52.361    -3019.1    18437.2    33322.0  45718.5  27484.1  20540.7 2021  6 28 12  0 14.640  1.11   1
     4365  55.417179 -161.457601     6.112    20379.2    35167.2   -12926.5  36971.6  41086.5 115139.0 2021  6 28 13 22 43.780  0.55   1
     4368  54.617655 -161.518831    45.170    16650.8   -53839.6    26130.7  14329.7  14491.5  14925.1 2021  6 28 16  4 46.700  1.23   1
     4370  55.187887 -161.786328    20.603     -523.1     9641.3     1564.1  58343.2  26824.8  35819.1 2021  6 28 17  9  2.320  0.58   1
     4373  54.488656 -161.707780    15.306     4524.5   -68200.4    -3733.1  12739.3  14481.8  12366.3 2021  6 28 18 39 41.400  1.00   1
     4376  54.992045 -161.876123    10.078    -6263.9   -12160.7    -8960.5  15263.2  11817.7  20400.5 2021  6 28 20 21 15.940  0.82   1
     4378  55.002352 -162.295996     9.765   -33097.6   -11013.3    -9274.3  16864.5  15212.1  15284.5 2021  6 28 21  9 23.720  1.11   1
      438  54.430815 -161.341211     8.395    28121.6   -74639.5   -10643.8   9261.3  10231.1  12205.8 2021  1 14  2  7 56.070  1.53   1
     4383  55.163432 -162.176302     2.045   -25396.9     6918.8   -16993.5  23094.7  24976.6  14470.1 2021  6 29  0 17 22.290  0.37   1
     4386  55.335229 -161.725846     6.360     3327.3    26044.2   -12678.5  18202.5  17422.9  28415.9 2021  6 29  0 57 57.850  1.85   1
     4393  54.896781 -161.568750    19.195    13398.9   -22765.9      156.1  17098.2   8484.1  26482.7 2021  6 29  8 12 43.520  1.05   1
     4395  55.570935 -161.285205    62.114    31279.9    52284.0    43075.3  21579.4  27400.9  18330.9 2021  6 29  8 46 29.590  1.89   1
     4400  55.160913 -161.846891     7.591    -4386.2     6638.4   -11448.2  21709.7  17658.1  21204.8 2021  6 29 12 38 19.600  0.43   1
     4402  54.784627 -161.936735     1.945   -10164.3   -35251.5   -17093.4  19854.5  11393.6  12850.5 2021  6 29 17 54 52.480  1.33   1
     4409  54.982292 -161.889958     4.000    -7149.1   -13246.5   -15039.1  16139.8  11286.1  14049.9 2021  6 30  1 46 12.980  1.38   1
     4410  54.607349 -161.281315    11.709    31907.3   -54987.0    -7330.4   8455.4  10952.0   9444.0 2021  6 30  1 48 22.170  1.73   1
     4411  55.014628 -162.264030     2.978   -31049.9    -9646.7   -16061.2  20130.5  11425.8  14411.9 2021  6 30  2 59 12.060  1.17   1
     4413  55.019250 -161.498307    33.302    17879.6    -9132.1    14263.3  17454.9  17678.4  16486.0 2021  6 30 10 40  7.880  1.94   1
     4419  55.147123 -160.950944    71.549    52770.7     5103.3    52510.3   9734.4  20782.3  13811.8 2021  7  1  0 35 51.240  2.53   1
     4422  54.736804 -163.509928    12.997  -111046.1   -40575.4    -6042.0  16690.2  22917.0  16156.0 2021  7  1 10 29 36.020  2.03   1
     4423  54.876200 -163.148682    16.890   -87730.8   -25057.1    -2148.5  19948.6  26844.9  40380.2 2021  7  1 17 26 23.240  2.29   1
     4432  54.952177 -162.069108     5.316   -18608.6   -16599.0   -13722.6  10572.8  12058.7  16508.8 2021  7  2 20 25 30.240  1.67   1
     4437  54.499255 -161.724154    11.197     3470.9   -67020.4    -7841.7  12496.4  10081.8  11362.6 2021  7  3 12 15 37.400  1.94   1
     4444  55.035445 -161.789795    16.702     -745.5    -7329.2    -2337.3  23120.6  15358.6  21817.0 2021  7  4  2 21  5.830  1.33   1
     4448  55.242558 -161.404036    40.161    23836.9    15727.5    21122.2  24062.1  23545.7  19343.3 2021  7  4  7  6 29.930  0.82   1
      445  54.547294 -161.209473     9.777    36548.4   -61672.5    -9261.5  16230.2  17106.2  23236.0 2021  1 14  3 41 35.420  2.25   1
     4450  54.552323 -162.104557    21.642   -20979.1   -61112.6     2602.7  34384.7  15233.4  26647.3 2021  7  4 14 27 16.240  1.15   1
     4452  55.483293 -161.773975     0.813      263.7    42527.2   -18226.0  58722.0  67657.9  82321.6 2021  7  4 15  1 17.480  0.82   1
     4454  55.212410 -161.931250     4.618    -9760.8    12371.4   -14421.2  25671.4  17764.3  21899.7 2021  7  4 18 15 21.120  0.26   1
     4459  55.053149 -161.663037    22.827     7350.7    -5358.3     3788.0  13598.7  16736.1  25498.5 2021  7  4 20 39  1.200  1.23   1
     4460  55.107878 -161.949023    53.618   -10907.9      734.3    34579.2  43794.8  43708.3  25587.7 2021  7  4 20 39 10.800  1.44   1
     4465  55.386536 -162.136410    24.356   -22788.8    31755.8     5317.2 195373.6 132041.7 173093.1 2021  7  5  2 20 34.560  0.02   1
     4468  54.976514 -160.820036    58.081    61252.0   -13889.8    39042.3  14990.3  14027.6  15973.0 2021  7  5  2 47 31.390  1.37   1
     4469  55.055164 -162.198031    24.644   -26818.9    -5134.1     5605.2  94160.9  67254.4  27626.9 2021  7  5  3 36 30.270  1.40   1
     4475  54.954154 -162.253971     2.301   -30430.0   -16378.9   -16737.6   7819.7   5262.9   6594.0 2021  7  5 18 18  8.520  1.18   1
     4476  54.937472 -162.244271     1.769   -29815.8   -18236.1   -17270.1   6927.8   9612.0  11069.8 2021  7  5 18 18 20.600  1.62   1
      448  55.060339 -162.444613     3.289   -42565.1    -4557.9   -15750.2  16299.8  16358.6  20307.3 2021  1 14  5 15 42.230  1.23   1
     4481  54.536975 -162.571940    21.114   -51026.5   -62821.3     2075.2  18634.2  17413.0  30854.3 2021  7  5 23 55 26.360  1.45   1
     4482  55.306319 -161.821794    14.948    -2780.3    22825.7    -4090.6  82931.6  62700.7  53814.7 2021  7  6  0 32 48.470  0.46   1
      449  55.044983 -162.076156     9.795   -19037.3    -6267.4    -9243.9   8828.9   9270.6  23717.6 2021  1 14  5 28 25.250  0.58   1
     4494  55.264067 -161.534505     7.119    15519.3    18122.0   -11920.1  12245.0   6224.3  62064.6 2021  7  6 12 45 54.120  0.17   1
     4497  54.756087 -161.054915    31.228    46362.3   -38428.7    12189.6  15635.4  19622.8  41137.8 2021  7  6 17 56 24.900  2.19   1
     4498  55.206095 -161.618571    12.554    10171.4    11668.3    -6485.2  25687.4  27041.6  46343.4 2021  7  6 18 44 15.680  1.23   1
     4502  54.815816 -161.193571    30.726    37445.9   -31779.4    11686.6  13909.0  15148.9  36406.1 2021  7  6 21 35 16.960  2.77   1
     4503  54.541972 -163.300798    71.177   -97871.5   -62265.0    52137.8 330510.0 302909.2 380445.9 2021  7  6 22 19  1.240  0.67   1
     4511  55.102775 -162.366813     8.006   -37576.6      166.2   -11032.4   9642.6  27645.3  22844.7 2021  7  7  9 44 11.680  0.66   1
     4513  55.070789 -162.161035     4.745   -24451.3    -3394.6   -14293.4  15293.9  13973.5  27719.6 2021  7  7 11 42 57.200  0.53   1
     4518  55.104561 -162.384993     6.964   -38736.2      365.1   -12075.1  12409.5  32995.3  17895.0 2021  7  7 14 16 21.290  0.34   1
     4520  55.289632 -162.109456    25.194   -21100.0    20968.1     6155.3  76598.9  47203.8  70792.4 2021  7  7 15 59 53.770  1.23   1
     4522  54.778593 -161.229476    33.739    35162.1   -35923.2    14699.7  15609.6  27030.0  30939.6 2021  7  7 19 52 52.340  2.06   1
     4524  55.262386 -161.895557     8.535    -7480.9    17934.9   -10503.8  46154.8  68198.3 112224.1 2021  7  7 20 45 36.740  0.90   1
     4525  55.332011 -161.594922     9.922    11660.6    25685.9    -9116.8  14378.2  38763.3  46740.5 2021  7  7 22 34 11.960  0.65   1
     4531  55.082686 -161.434098     1.844    21965.1    -2070.1   -17194.9  18827.1  13568.0  16858.9 2021  7  8  4  1 53.270  1.57   1
     4535  55.752421 -161.187354    64.295    37403.8    72487.9    45255.9  32865.4  30902.3  32524.5 2021  7  8  5 21 56.310  1.68   1
     4537  55.302877 -161.913444    25.902    -8616.0    22442.5     6863.3  67608.7  61195.2  59884.4 2021  7  8  7 45 43.930  0.98   1
      454  55.312488 -161.654850    29.095     7848.2    23512.5    10055.9  27277.7  44000.0  20931.0 2021  1 14  6 11 28.110  0.59   1
     4540  54.459696 -163.131852     7.622   -87100.5   -71424.3   -11416.9   8384.4   9511.9  20835.0 2021  7  8 12 11 31.290  1.60   1
     4543  54.362484 -161.658382    12.699     7713.6   -82246.5    -6340.4  47228.5  15261.7  26680.9 2021  7  8 15 10 15.810  1.26   1
     4545  54.597664 -161.394255    47.843    24656.8   -56065.0    28804.5  18396.2  17726.2  23203.2 2021  7  8 16  9 52.700  1.43   1
     4549  55.277242 -162.071077    21.571   -18658.8    19588.7     2532.0 221130.9 222953.7 207641.2 2021  7  8 21 55  7.980  0.76   1
     4550  54.769006 -163.007373    11.419   -78790.0   -36990.5    -7619.5  13210.6  19524.7  20339.1 2021  7  8 22 29 34.120  1.26   1
     4551  54.628691 -161.316878    31.251    29615.4   -52611.1    12212.5  26461.8  25252.9  62286.7 2021  7  8 22 50  7.200  1.39   1
      456  54.595809 -161.295247    12.343    31016.9   -56271.6    -6695.9  10364.2   7701.2   8725.1 2021  1 14  6 30 46.600  2.02   1
      457  54.563049 -161.220410    13.721    35838.4   -59918.6    -5318.1  16030.7  10682.2   9350.8 2021  1 14  6 32 54.860  3.58   1
     4572  55.207125 -162.222054    16.566   -28299.6    11783.0    -2472.7  63389.6  54208.9  84130.1 2021  7  9 13 43  5.320  2.19   1
     4575  54.958923 -161.555892    19.536    14210.8   -15848.0      496.8  10531.5  18418.2  37901.0 2021  7  9 15  3 55.090  1.22   1
     4579  54.555802 -163.344287    13.074  -100649.6   -60725.3    -5965.1  12188.3  15488.0  19171.2 2021  7  9 19 13 56.000  1.44   1
      458  54.575667 -161.285042    29.466    31680.3   -58513.9    10427.0  13352.4  15004.7  44668.7 2021  1 14  6 33 52.080  2.82   1
     4583  55.201204 -161.938753    10.213   -10240.5    11123.9    -8825.9  24752.7  27355.4  35336.3 2021  7 10  0  5 57.390  0.53   1
     4588  55.407288 -161.858333     8.053    -5100.3    34066.0   -10986.4  60408.9  55509.6 159848.2 2021  7 10  7  5 59.730  0.52   1
      459  54.581982 -161.325342    11.949    29088.8   -57810.8    -7089.8  13789.1  12240.5  14216.0 2021  1 14  6 38 26.640  1.53   1
     4591  55.451481 -161.880501    29.418    -6506.4    38985.8    10378.7 105223.9  81316.1  33857.1 2021  7 10 11  3 19.860  1.09   1
     4593  55.646647 -161.504508     8.220    17346.7    60712.6   -10819.0  60067.5  57859.4  96064.9 2021  7 10 13 23 45.840  1.07   1
     4596  55.282503 -161.725505    17.428     3351.3    20174.4    -1611.3  32003.8  25430.7  23737.9 2021  7 10 14 34 15.640  0.83   1
      460  54.570015 -161.279964    24.892    32008.8   -59143.1     5852.8  12025.5  11455.5  11419.8 2021  1 14  6 43 26.000  1.84   1
     4600  55.251477 -161.867513    32.536    -5695.2    16720.4    13496.8  52923.6  53944.7  63862.3 2021  7 10 22 58 25.720  1.64   1
     4605  55.492668 -161.570394    30.277    13195.2    43570.9    11238.5  30165.3  35210.4  28057.7 2021  7 11  1 25 40.410  1.47   1
     4606  55.399443 -161.904964    16.241    -8066.3    33192.7    -2798.0 124396.2  40518.7 150255.4 2021  7 11  1 59  7.380  0.56   1
     4611  55.557739 -161.103076    63.363    42844.5    50815.0    44324.2  11207.2  26498.1  17540.8 2021  7 11 10 56 20.030  1.77   1
     4612  55.337679 -161.541423    16.370    15064.7    26316.9    -2669.3  14904.2  23100.5  35206.8 2021  7 11 10 56 26.820  0.83   1
     4613  55.181616 -161.553369    38.697    14332.3     8943.2    19658.2  35347.1  99339.0  34615.5 2021  7 11 10 57 42.430  1.07   1
     4614  55.216280 -161.707878     3.518     4477.6    12802.2   -15520.6  17220.3  14817.2  46607.0 2021  7 11 11 28 36.000  0.23   1
     4615  54.881934 -162.993473    13.559   -77790.2   -24418.9    -5478.9  20189.6  28478.7  22278.7 2021  7 11 17  6 33.980  1.60   1
     4616  54.983643 -162.598617     2.031   -52450.5   -13096.1   -17007.9  27714.5  89986.4  27695.5 2021  7 11 17 33  9.740  0.64   1
     4627  54.673592 -162.254541    34.956   -30572.5   -47612.4    15917.6  23299.1  23098.3  38659.2 2021  7 11 23  3 12.840  1.59   1
     4637  55.353735 -161.755908    17.848     1413.7    28104.3    -1191.4  43881.5  45215.6  29383.8 2021  7 12  5  1 56.300  0.89   1
     4641  54.638192 -161.893620    35.191    -7414.7   -51553.4    16152.4  30166.8  22931.6  34982.4 2021  7 12  8 31  3.070  1.13   1
     4645  55.136963 -161.259261    13.949    33105.5     3972.2    -5089.9  12584.8  14612.4  15733.9 2021  7 12 10 41 33.710  1.60   1
     4652  54.937089 -161.418750    92.057    22986.6   -18278.7    73018.1  10504.5  19995.3  12792.2 2021  7 12 14 53 22.980  1.07   1
     4653  55.363428 -161.744092    37.405     2165.3    29183.3    18366.5  30965.1  71427.1  26547.3 2021  7 12 14 54 30.030  1.42   1
     4656  54.915503 -162.754134     1.531   -62444.9   -20681.8   -17507.5  17834.8  29525.1   8393.8 2021  7 12 16  6 56.230  0.87   1
     4661  54.648950 -162.471387    68.397   -44501.4   -50355.7    49358.5  13079.2   8382.9  11877.6 2021  7 12 21 46 18.640  1.28   1
     4663  55.030143 -162.294694    11.547   -33003.0    -7919.5    -7492.3  20161.5  23583.6  19266.0 2021  7 12 21 47  0.100  1.43   1
     4669  54.803170 -162.002979     1.570   -14406.1   -33187.2   -17469.4  22229.6   8956.1   9608.1 2021  7 13  1 13 57.760  0.62   1
     4671  54.922347 -162.640820    33.576   -55190.4   -19919.9    14537.3  23695.8  24822.5  22214.1 2021  7 13  2 12 40.900  1.48   1
     4673  55.362012 -161.818587    15.047    -2574.4    29025.7    -3991.7  33855.9  54286.8  47850.8 2021  7 13  4  9 14.290  0.10   1
     4674  55.669543 -161.479199     2.588    18945.8    63261.6   -16450.7  54271.0  42197.2  47075.8 2021  7 13  4 23 53.660  1.13   1
     4675  55.395313 -161.873682    11.956    -6077.2    32732.9    -7083.2 121509.2  41889.1  88310.5 2021  7 13  4 30  9.930  0.19   1
     4680  54.370247 -161.398633    16.781    24443.9   -81382.2    -2257.9  16760.2  12673.7  13099.0 2021  7 13  6  3 25.690  1.36   1
     4681  55.248779 -161.981576     5.399   -12962.8    16420.1   -13639.4 109359.1  86119.0  89566.5 2021  7 13  6  3 54.010  0.36   1
     4682  54.681714 -163.461068    12.148  -107986.6   -46708.3    -6891.3  17014.3  18924.3  11739.4 2021  7 13  6 47 56.560  1.46   1
     4684  55.382157 -161.908415    15.920    -8287.6    31268.4    -3119.4 142904.7 123217.5 119248.4 2021  7 13  7 20 54.030  0.65   1
     4686  55.004708 -162.252734     5.384   -30331.8   -10751.1   -13655.0  23099.2  10737.5  28102.9 2021  7 13  7 49  4.670  2.77   1
      469  54.567708 -161.260872    24.235    33236.4   -59399.9     5196.2  15775.6  10442.2  11460.2 2021  1 14 11  1 27.670  2.23   1
     4693  55.994381 -162.914339    79.490   -71718.0    99424.0    60451.0 376063.4 380848.4 373596.7 2021  7 13 10 50  3.920  0.62   1
     4698  55.096790 -161.555957    33.021    14182.3     -500.1    13982.6  28242.0  35738.4  20083.7 2021  7 13 12  9 19.200  0.78   1
     4699  55.420406 -161.386149    22.282    24921.1    35526.4     3243.5  20886.3  79495.3  21281.3 2021  7 13 12 18 58.060  1.16   1
     4703  55.246452 -161.514909     9.149    16771.3    16161.0    -9890.2  15940.9  20438.9  31164.1 2021  7 13 13  5 16.280  1.03   1
     4706  54.710103 -161.479622    49.539    19146.8   -43547.8    30499.7  13699.9  11197.1  15024.1 2021  7 13 14 46 34.100  1.28   1
     4707  55.250936 -162.008773    18.494   -14695.3    16660.2     -545.0 210303.3 180679.8 199586.0 2021  7 13 15 25 34.290  0.41   1
     4708  54.495540 -162.147868    69.613   -23779.2   -67434.0    50574.3  77480.1  20092.4  17767.0 2021  7 13 16  5 14.050  1.79   1
     4712  55.424036 -161.913167    15.493    -8585.4    35930.5    -3545.5 129011.9 141097.9  94421.2 2021  7 13 18 27 25.340  0.49   1
     4714  55.067126 -161.630192     3.535     9446.9    -3802.3   -15503.7  26398.5  14029.3  32288.5 2021  7 13 18 33 12.400  0.64   1
     4716  55.326591 -161.838086    16.990    -3816.7    25082.5    -2048.8  43167.8  44794.0  40842.7 2021  7 13 18 35 57.780  0.55   1
     4719  54.750297 -162.497298    13.902   -46106.9   -39073.3    -5136.7  11450.3   6762.4  76674.9 2021  7 13 20 31 13.000  0.75   1
     4720  54.629154 -162.946257    61.222   -75002.2   -52559.4    42183.2  20271.4  15815.9  15101.8 2021  7 13 21 36  6.880  1.67   1
     4733  55.197050 -161.412044    35.453    23339.9    10661.4    16413.7  13203.5  21529.8  17714.1 2021  7 14  5  5 18.740  1.13   1
     4739  54.959481 -161.389030    35.885    24880.7   -15785.9    16846.1  30175.8  29272.1  28240.4 2021  7 14 10 44 55.050  1.15   1
     4740  54.966207 -163.116667    13.288   -85585.8   -15037.2    -5750.5  19774.3  21798.3  19822.4 2021  7 14 12 30 40.540  1.22   1
     4743  55.357235 -162.275993    21.957   -31678.6    28493.9     2917.9  72552.5  37522.2  75030.9 2021  7 14 15 59 54.440  0.65   1
     4745  54.948901 -163.037712     0.397   -80554.8   -16963.7   -18642.2  12088.7  10160.2   9681.0 2021  7 14 16 18 52.940  1.98   1
     4747  54.976575 -163.108659    13.251   -85062.8   -13883.0    -5787.7  13938.3  25285.9  21140.0 2021  7 14 16 26  6.050  0.93   1
     4748  54.929773 -161.546517    29.521    14815.6   -19093.2    10482.1  23874.4  31277.4  46733.1 2021  7 14 16 36 55.550  0.74   1
     4749  55.174634 -161.907601    12.355    -8257.2     8165.9    -6684.4  23527.6  46777.3  30737.2 2021  7 14 16 37 18.660  0.77   1
      475  55.161926 -161.892660    20.610    -7305.5     6751.2     1571.3  34511.0  23700.4  36157.4 2021  1 14 15 59 37.150  0.43   1
     4751  54.509660 -161.104346    12.733    43325.2   -65862.1    -6306.0  14261.4  12677.4   6292.1 2021  7 14 17  7 51.240  1.39   1
     4752  54.982198 -163.122363    12.795   -85933.0   -13257.0    -6244.0  13107.6  23675.4  20148.7 2021  7 14 17 26 13.840  0.80   1
     4757  55.296716 -160.637109    52.991    72656.2    21756.7    33951.7  10261.7  18355.5  14906.5 2021  7 14 18 16  1.720  1.42   1
     4758  55.277474 -161.473877    22.460    19378.2    19614.5     3420.8  38999.0  69350.7  52651.1 2021  7 14 18 16 44.240  1.38   1
     4759  55.321318 -162.034163    15.732   -16298.7    24495.4    -3307.1 140250.0 158986.6 146066.3 2021  7 14 18 41  0.480  0.08   1
      476  55.017212 -162.099040    33.220   -20506.1    -9359.0    14181.6  46891.6  30080.6  42744.3 2021  1 14 15 59 52.470  1.17   1
     4760  54.716158 -162.460091    11.243   -43740.0   -42873.8    -7795.9  22856.0  10952.9  38977.6 2021  7 14 18 44 43.160  0.70   1
     4763  55.004435 -161.534212    30.819    15588.3   -10781.4    11780.2   6425.3  24649.9  19055.7 2021  7 15  0 53 45.770  1.21   1
     4767  55.764738 -162.008382    17.768   -14576.1    73859.1    -1271.3  91179.3  74671.5  68060.2 2021  7 15  1 33 32.500  1.03   1
     4777  54.964962 -162.260417     2.123   -30838.0   -15175.8   -16916.0   5116.3   4974.4   6519.4 2021  7 15 11  1 54.060  1.20   1
     4778  55.159473 -161.942676     2.522   -10496.0     6478.1   -16516.6  21437.3   7288.2  67048.9 2021  7 15 11 12  0.550  0.69   1
     4783  54.988647 -162.273112     0.486   -31640.4   -12539.0   -18552.5  18025.4   8634.7  11492.2 2021  7 15 13 38  1.880  3.07   1
     4786  54.864913 -161.147835    27.318    40351.2   -26313.7     8279.3  21723.8  13585.1  62217.3 2021  7 15 17 35 26.800  2.56   1
     4795  54.598092 -163.362809    12.908  -101786.9   -56017.5    -6130.7  18996.3  20057.6  14896.8 2021  7 15 23 15 37.720  1.07   1
     4796  55.305033 -162.184245    16.611   -25857.7    22682.6    -2427.8 112164.5  48142.2 135864.7 2021  7 15 23 59 55.540  0.87   1
     4798  55.935763 -162.458561    13.889   -42981.1    92898.3    -5149.6  47996.1  42208.3  51973.4 2021  7 16  0 42 45.590  2.38   1
     4806  55.178833 -162.524951    11.494   -47625.5     8633.4    -7545.3  22571.7  71272.9  44594.0 2021  7 16  5  0 22.420  0.72   1
     4810  55.281848 -161.603971    19.611    11091.6    20101.5      571.7  19142.0  27140.6  26752.1 2021  7 16  5 49 28.290  2.96   1
     4812  54.854671 -161.050260    13.925    46603.8   -27453.8    -5114.2  16643.7  25290.3  25856.0 2021  7 16  7 28 56.660  1.64   1
     4815  54.775008 -161.112451    31.074    42663.9   -36322.3    12035.4  24794.1  16081.1  48808.7 2021  7 16  9 46 59.940  2.35   1
     4818  54.810368 -160.700798    12.493    69017.2   -32385.9    -6546.2  23585.2  26665.2  21262.6 2021  7 16 14 27 49.820  1.93   1
     4825  55.107715 -161.062565    14.389    45672.1      716.2    -4649.6   8655.2  41908.2  15634.4 2021  7 16 19 12 22.420  1.30   1
     4826  55.034017 -161.566895    16.655    13494.6    -7488.2    -2384.2  10939.7  23845.3  29940.6 2021  7 16 19 14  5.040  1.12   1
     4829  55.335783 -161.547803    21.538    14659.0    26105.8     2499.6  25158.2  37214.9  58380.2 2021  7 16 20  4 38.880  0.74   1
      483  54.550643 -162.491683    58.490   -45859.8   -61299.7    39451.3  11518.8   5248.1  15921.6 2021  1 14 19 23 40.880  1.84   1
     4833  55.467057 -161.159993     2.772    39276.8    40719.9   -16267.0  38002.0  50084.5  41735.2 2021  7 17  1  1 43.160  1.21   1
     4840  55.054814 -161.150212    39.336    40104.3    -5173.0    20297.0  23843.0  18766.1  26871.6 2021  7 17  1 58 19.480  1.61   1
     4843  55.197603 -162.187956    16.593   -26129.0    10723.0    -2445.8  52972.3  49134.0  95041.9 2021  7 17  3 34 35.640  1.96   1
     4850  55.532113 -161.838151     9.233    -3811.0    47962.1    -9806.1 142156.4 129610.5 177408.3 2021  7 17  6 51  4.340  0.22   1
     4851  54.921045 -162.169645     1.219   -25047.7   -20064.8   -17819.5   2735.6   7683.8   8166.1 2021  7 17  7 17  6.110  1.02   1
     4860  54.270406 -162.082178    51.555   -19608.7   -92497.0    32515.9  48631.1  15699.7  21645.9 2021  7 17 15 42 22.500  2.08   1
     4863  55.192578 -162.304134     6.553   -33538.1    10163.5   -12486.3  26917.6  15722.2  18236.4 2021  7 17 20 27 25.800  0.18   1
     4872  54.830037 -161.774495    37.842      232.5   -30196.2    18802.8  44373.2  38361.5  38067.8 2021  7 18  0 47 40.400  1.63   1
     4874  54.449194 -161.593750     8.868    11864.5   -72593.4   -10170.9  13384.2   9280.1  11403.0 2021  7 18  1  1 52.230  2.14   1
     4878  55.055469 -162.832829     4.403   -67362.5    -5100.1   -14635.7  11927.2  23796.2  18249.8 2021  7 18  5 26 36.120  0.65   1
     4880  55.304159 -162.188037    33.090   -26099.4    22585.2    14050.7  36859.8  67498.9  65944.4 2021  7 18  7 59 53.010  1.00   1
     4882  54.660335 -161.897689     2.728    -7673.9   -49088.2   -16310.9  28195.2  15929.4  16653.7 2021  7 18 11 27 20.990  1.78   1
     4884  55.158480 -161.721240    17.427     3628.5     6367.6    -1611.8  30939.5  41969.0  20553.3 2021  7 18 12 55 42.130  0.33   1
     4885  55.474101 -161.533138     5.100    15565.4    41504.0   -13938.6  18711.4  25461.0  33988.3 2021  7 18 13  1  4.330  0.84   1
     4893  55.329468 -161.664779     4.908     7214.6    25402.7   -14131.2  50444.1  25961.0  70085.9 2021  7 18 16 10 50.680  0.95   1
     4898  55.110242 -161.661133    22.425     7467.0      997.5     3385.8  18949.5  15933.6  13322.5 2021  7 18 17 55 44.500  1.15   1
     4899  55.909745 -162.420573    13.251   -40594.9    90002.0    -5788.2  47631.3  42164.3  51973.4 2021  7 18 17 55 47.360  1.53   1
      490  54.527722 -162.052181    52.990   -17618.3   -63851.3    33951.2  39131.8   9927.3  17015.9 2021  1 14 21 44  4.920  1.57   1
     4900  54.956213 -160.926611    12.956    54452.2   -16149.7    -6082.8  22502.0  38180.0  26848.1 2021  7 18 20 41 55.000  1.17   1
     4902  55.016846 -162.297542    12.275   -33190.4    -9399.8    -6763.8  25733.2  21460.9  25103.8 2021  7 18 22 16 44.080  1.42   1
     4903  55.003670 -162.434945    20.574   -41977.2   -10866.6     1534.8  13402.7  15282.0  11260.5 2021  7 18 22 16 54.660  1.21   1
     4915  54.683500 -162.241390    72.619   -29724.9   -46509.4    53580.2  29560.6  10455.0  11804.5 2021  7 19  2 49 27.590  1.74   1
     4919  54.479297 -162.947152    12.477   -75198.5   -69242.3    -6562.2  22529.5  16821.5  18692.4 2021  7 19  5 28 39.740  1.55   1
      492  55.288306 -162.046598    14.123   -17097.3    20820.4    -4915.8 175418.5 157618.2 187467.3 2021  1 14 22 51 22.560  0.29   1
     4922  55.142155 -161.885677    11.051    -6861.8     4550.2    -7988.2  16341.8  34645.6  17249.5 2021  7 19  6 49 48.660  1.23   1
     4924  55.051229 -162.068864    37.252   -18570.1    -5572.1    18212.9  35413.0  43373.0  24622.7 2021  7 19  6 50 39.570  0.78   1
     4928  55.373307 -161.772038     7.631      387.2    30283.2   -11408.2 107853.5  47297.7 193681.8 2021  7 19 10 54  2.080  0.80   1
     4930  55.192639 -162.085449    18.710   -19594.9    10170.3     -328.9 109577.6  90394.7 110827.8 2021  7 19 11  1 36.140  1.05   1
     4935  55.270162 -161.952409    11.296   -11101.5    18800.5    -7742.6  40165.2  56694.2  67498.7 2021  7 19 13 46 34.510  1.00   1
     4938  55.289714 -161.696403    18.486     5204.2    20977.1     -552.5  24342.8  20602.0  18244.1 2021  7 19 13 53 47.990  0.42   1
     4948  54.875818 -161.466895    36.721    19922.3   -25099.7    17681.8  19930.4  20586.0  37854.4 2021  7 19 20 12 17.800  1.43   1
      495  54.637712 -161.325993    10.129    29027.0   -51606.8    -8910.3  15039.7  11466.9  22800.4 2021  1 14 23 56  1.640  1.51   1
     4952  55.397729 -162.418896    22.693   -40750.7    33002.0     3654.3  79363.0  53066.5 101064.4 2021  7 19 23 59 53.100  1.16   1
      496  55.137138 -162.039258    26.889   -16661.2     3991.7     7849.9  87864.5  55549.1  53401.1 2021  1 15  1  1 21.850  2.06   1
     4965  55.040137 -161.770312    10.133      499.1    -6807.0    -8906.2  30791.3  38366.9  41991.1 2021  7 21  6 39 15.070  1.98   1
     4966  55.163843 -161.571468    34.385    13181.1     6964.6    15346.6  36049.1  19988.7  26223.6 2021  7 21  6 50 46.680  1.33   1
     4968  54.659794 -162.559619    95.598   -50158.4   -49148.5    76559.5  21225.5  17499.0  10601.6 2021  7 21  9 29 25.950  1.64   1
     4969  54.562105 -163.310107    10.689   -98445.4   -60023.7    -8349.5  10175.7  11640.4  10708.8 2021  7 21 12 41 42.380  1.84   1
     4970  55.288912 -162.207210    32.074   -27325.4    20887.9    13035.3  45905.3  48241.1  66933.1 2021  7 21 15 59 52.910  1.30   1
     4971  54.482890 -161.754215    10.380     1537.9   -68842.3    -8658.6  19259.0   4652.6  18464.9 2021  7 21 20 31 47.920  2.22   1
     4975  54.614771 -161.188525    30.352    37863.2   -54160.7    11312.9  12833.6  14525.0  40471.6 2021  7 22  1 40 11.400  3.64   1
     4977  54.370646 -162.075228    11.241   -19136.9   -81337.8    -7798.3  61833.8   9637.4  26438.5 2021  7 22  7 22 36.130  1.97   1
     4980  55.311129 -161.908822     5.330    -8320.8    23361.2   -13709.3 172864.2 113860.1 196650.1 2021  7 22  9  4 45.420  0.13   1
     4988  55.159269 -162.321452     4.971   -34656.7     6455.4   -14068.0  55226.1  44321.7  54806.1 2021  7 22 22  2 49.720  1.46   1
     4991  55.351099 -162.141618    20.705   -23130.3    27810.8     1666.2 148904.4  99764.8 140077.9 2021  7 22 23 59 55.060  1.51   1
     4992  54.543982 -163.314437    13.130   -98745.7   -62041.2    -5908.7  18287.3  19647.1  17825.9 2021  7 23  9 54 20.990  1.39   1
     4994  55.231873 -161.658773    33.630     7606.1    14538.0    14590.7  17533.8   9789.0  15815.6 2021  7 23 12  9 54.420  1.21   1
     4999  55.734957 -162.022607     8.462   -15482.4    70543.7   -10577.1 253120.2 143313.9 395364.9 2021  7 23 17  5 47.360  1.44   1
      501  54.770203 -160.576969    10.453    76988.3   -36857.3    -8586.4  17575.6  23613.1  16768.0 2021  1 15  3 54 42.200  2.08   1
     5016  55.226754 -161.703678    49.788     4744.7    13968.1    30749.0  21125.9  14792.7  11979.9 2021  7 24 13 15 17.290  1.58   1
     5017  55.275688 -161.754118    39.506     1529.1    19415.7    20466.8  28393.8  21218.9  17324.4 2021  7 24 13 22 53.650  1.33   1
     5020  55.124972 -161.941797     4.822   -10444.5     2637.3   -14216.9  26191.4   9799.9  26043.2 2021  7 24 14 49  8.780  1.64   1
     5022  55.345532 -161.892839     1.710    -7300.1    27191.1   -17328.4  86988.8  86829.9  87035.6 2021  7 24 14 49 33.800  1.21   1
     5024  54.844568 -160.601367    65.142    75355.1   -28578.6    46103.1 956944.2 402952.0 442020.4 2021  7 24 17 27 45.020  0.77   1
     5027  55.130599 -161.976367     8.390   -12649.6     3263.7   -10648.4  32503.9  23985.5  42798.8 2021  7 24 18 53 48.920  0.80   1
     5033  54.584359 -161.155632    32.485    39990.6   -57546.3    13446.2  17624.5  11798.6  33508.0 2021  7 24 23 34 53.640  1.52   1
     5037  54.694543 -160.893734    24.163    56738.3   -45280.0     5124.0  11350.8  16650.6  13198.3 2021  7 25  3  5 58.420  1.56   1
     5038  54.934709 -163.637126    40.730  -118910.2   -18543.7    21690.6  28678.3  68768.0  57819.7 2021  7 25  3 23  6.400  1.69   1
     5039  54.986943 -162.394417     6.218   -39395.3   -12728.8   -12821.1   9205.5  14331.1  22209.2 2021  7 25  3 45 12.690 -0.25   1
     5052  55.253772 -162.081820    13.127   -19348.7    16975.9    -5911.6  51815.7  42400.2  59279.1 2021  7 25  9 49 47.520  0.46   1
     5054  54.935356 -161.113314    31.830    42524.0   -18471.7    12790.7  20367.9  23076.6  42822.6 2021  7 25 10 21 50.290  1.29   1
     5058  55.300020 -161.792741    22.791     -930.7    22124.5     3751.9  40894.6  46006.5  39943.2 2021  7 25 12  8 56.600  0.97   1
     5060  55.307288 -161.853516    17.307    -4800.0    22933.5    -1732.1  88864.8  83828.6  78774.9 2021  7 25 12 23 17.770  0.79   1
     5061  55.372294 -161.725065     7.314     3375.5    30170.4   -11724.8  42481.3  44284.2  42981.3 2021  7 25 12 27 56.580  0.68   1
     5065  54.796431 -160.986296    32.777    50736.0   -33937.4    13738.2  17249.6  18079.2  43646.6 2021  7 25 12 47 46.620  1.86   1
     5067  54.544897 -162.141423    30.827   -23350.5   -61939.3    11788.2  88758.5  23553.2  83218.8 2021  7 25 14 39 59.930  1.39   1
     5070  54.949019 -162.203092     4.444   -27178.0   -16950.6   -14594.4  16366.4  12012.4  18891.7 2021  7 25 16 25  3.000  1.64   1
     5072  55.371781 -161.856738     1.808    -5001.1    30113.3   -17231.2  52385.8  22982.2  60155.5 2021  7 25 16 25 28.660  0.47   1
     5077  55.202743 -161.865771     8.259    -5587.6    11295.1   -10779.9  23773.2  12421.9  27670.1 2021  7 25 19 36  7.300  0.33   1
     5079  55.420475 -161.899414    15.410    -7711.3    35534.1    -3628.5 184043.7 203837.2 214261.8 2021  7 25 20 36 32.600  1.04   1
     5080  55.048682 -161.708870    16.861     4423.6    -5855.7    -2177.5  10016.7  19604.2  25810.3 2021  7 25 22 15 17.640  1.08   1
     5087  55.166777 -162.055632    29.855   -17699.4     7291.2    10816.4  29024.6  46164.5  37501.3 2021  7 26  3 55 17.930  1.16   1
     5092  55.247184 -161.922038    40.810    -9169.6    16242.6    21770.7  41439.9  43678.6  33832.8 2021  7 26  7 39 30.430  0.82   1
     5094  55.154268 -161.938672     6.372   -10241.3     5898.7   -12666.6  36350.4  29813.8  20736.4 2021  7 26  8 11 19.980  0.33   1
     5097  55.504626 -161.777539    28.220       37.2    44902.2     9181.0  48285.7  30385.0  24358.7 2021  7 26 11 28 48.480  0.23   1
       51  54.979264 -162.892285     1.711   -71227.4   -13583.6   -17328.3  20423.2  25097.8  22542.4 2021  1  2 14 13 33.960  1.91   1
      510  55.013151 -161.337581    33.384    28151.7    -9811.1    14344.7  18923.8  14722.7  19169.3 2021  1 15 18 22 22.660  1.88   1
     5101  54.457308 -161.818913    63.308    -2624.4   -71690.2    44269.5  28190.3  21604.4  21655.0 2021  7 26 16 27 49.760  1.58   1
     5107  54.444845 -162.026986    62.993   -16014.9   -73077.7    43954.4  45374.6   6849.9  14547.4 2021  7 27  0 58 57.370  1.47   1
      511  55.061080 -161.415951    33.157    23130.0    -4475.5    14118.6  14411.6  15665.8  24748.9 2021  1 15 18 22 35.920  2.02   1
     5115  55.300720 -162.248047    12.839   -29921.6    22202.4    -6199.8 106859.7  50879.1 156163.4 2021  7 27  7 59 55.370  1.15   1
      512  55.552494 -161.784928    10.616     -431.8    50231.1    -8422.7 132312.4 121062.9 171217.4 2021  1 15 21 12 37.760  0.89   1
     5120  54.608313 -161.287077    12.704    31536.9   -54879.6    -6334.8  13597.0   5678.7   6727.9 2021  7 27 12 12 34.910  2.82   1
     5121  54.570451 -161.340462    13.531    28121.4   -59094.6    -5508.0  11613.3   6043.8   7556.8 2021  7 27 12 17 41.790  1.43   1
     5122  55.258866 -162.056934    14.305   -17762.0    17543.1    -4733.9 209609.9 196541.5 229375.0 2021  7 27 12 28 41.640  0.22   1
     5130  55.273954 -161.756852    17.862     1355.0    19222.7    -1176.7  43785.4  29641.3  30621.8 2021  7 27 20  4 43.080  0.60   1
     5131  54.929195 -162.248779     3.888   -30107.3   -19157.5   -15150.9  10797.2   6123.3  10614.9 2021  7 27 20 20 50.280  1.56   1
     5133  55.029789 -163.150033    11.977   -87649.9    -7958.9    -7061.8  17410.5  37892.3  21423.5 2021  7 27 23 12 28.800  1.32   1
     5135  54.845447 -161.211230    57.552    36301.4   -28480.8    38513.4  14281.5  20468.7  15914.5 2021  7 28  1 31 19.340  1.39   1
     5139  54.616886 -162.636735     8.527   -55137.1   -53925.2   -10511.5  13866.1   9603.3  33046.4 2021  7 28 11 54 45.260  1.86   1
     5143  54.990063 -162.349561     9.498   -36526.5   -12381.3    -9540.8  12373.0  17788.6  16599.3 2021  7 28 15 34 17.450  1.46   1
     5147  55.007202 -161.536019    79.960    15472.3   -10473.4    60921.0  10984.7  19496.2   8165.1 2021  7 28 21 12 14.340  1.93   1
     5150  54.486702 -162.132601    13.886   -22799.8   -68417.9    -5152.6  21635.1  11471.2  16841.4 2021  7 29  5 47 12.170  1.84   1
     5151  55.277983 -160.798649    11.566    62384.5    19671.2    -7473.1  19124.7  74782.1  17901.7 2021  7 29  5 49 50.580  2.03   1
     5152  55.742155 -161.252295    15.965    33296.4    71345.0    -3074.2  44519.6  48558.9  41760.3 2021  7 29  5 49 52.440  1.81   1
     5154  55.384766 -161.482975    13.673    18773.5    31558.8    -5365.4  28890.1  42939.2  34797.7 2021  7 29  6 16 19.630  4.95   1
     5160  55.324182 -160.727832    30.976    66856.3    24814.3    11937.5  18156.4  27018.2  48145.7 2021  7 29  6 33  6.800  3.99   1
     5163  55.050663 -161.698633     2.985     5077.4    -5635.1   -16053.5  42988.5  41852.0  23890.3 2021  7 29  6 37 17.390  2.92   1
     5166  55.283167 -161.714111    28.601     4076.9    20248.3     9561.7  60297.3  54761.7  19795.8 2021  7 29  6 47 57.360  2.94   1
     5167  55.518929 -160.406608    10.791    87091.0    46494.5    -8247.4  20380.8  28337.1  19593.3 2021  7 29  6 53 55.630  3.33   1
     5169  55.421932 -160.658382    13.858    71189.9    35696.3    -5180.9  20386.0  57068.9  15676.9 2021  7 29  6 57 33.840  2.72   1
      517  55.359294 -161.866976     6.920    -5653.3    28723.1   -12118.6  52803.8  47747.4  35889.2 2021  1 16  4 15 37.410  0.57   1
     5177  55.394267 -161.392025    27.812    24555.6    32616.5     8772.6  11109.6  47948.8  38473.7 2021  7 29  7 21 49.290  1.53   1
     5178  55.284998 -161.259749    27.829    33013.3    20452.1     8790.4  29245.2  90583.5  33671.5 2021  7 29  7 22 46.910  2.50   1
     5182  55.437122 -161.573975     6.054    12976.8    37387.3   -12984.4  32397.3  36397.6  45045.1 2021  7 29  7 30 24.080  1.51   1
     5184  55.328748 -161.037630    47.618    47133.4    25322.6    28579.3   8256.4  75763.1  14567.2 2021  7 29  7 33  3.480  3.18   1
     5185  55.256189 -161.589974     6.964    11986.9    17245.0   -12074.5  19304.0   7326.9  53065.5 2021  7 29  7 33 44.320  2.69   1
     5186  55.188961 -161.918913    14.978    -8977.0     9760.8    -4060.9  56741.0  31413.9  70525.7 2021  7 29  7 35 18.750  2.18   1
      519  54.870553 -161.402604    27.553    24039.2   -25685.9     8514.2  13812.0  10180.1  31203.7 2021  1 16  6 42  0.470  1.66   1
     5190  55.239803 -161.460352    17.340    20249.2    15420.8    -1699.1  13359.5  13601.9  22576.7 2021  7 29  7 47 26.120  2.92   1
     5193  55.393437 -162.152507    44.012   -23810.6    32524.1    24973.1  74545.6  42146.5  51635.5 2021  7 29  7 59 52.840  2.51   1
     5198  55.208838 -161.234554    46.094    34650.9    11973.7    27054.9  33541.7  83393.2  32859.9 2021  7 29  8  9 30.510  2.56   1
     5199  55.251803 -162.038656     4.522   -16599.1    16756.7   -14516.7  42068.5  48427.6  97231.5 2021  7 29  8 10 24.440  2.24   1
      520  55.213961 -161.881266    14.816    -6574.5    12544.0    -4222.8 103996.4  61045.7  79089.8 2021  1 16  6 42 26.060  0.67   1
     5200  55.257385 -161.398535    20.660    24182.9    17378.2     1621.3  24091.8  58132.1  33771.1 2021  7 29  8 10 57.020  3.06   1
     5204  55.330705 -160.938460    55.364    53444.4    25540.4    36324.8  11410.1  41966.2  14351.2 2021  7 29  8 16 19.590  2.92   1
     5209  55.437874 -161.755648     9.276     1428.7    37471.1    -9763.2 108247.5  79334.8  86270.3 2021  7 29  8 30 43.400  2.26   1
     5212  55.282125 -161.347038     0.410    27455.2    20132.3   -18628.6  11632.1  24389.3  13133.3 2021  7 29  8 39 55.570  2.19   1
     5213  55.269413 -160.672282    48.833    70440.5    18717.2    29793.8   6337.0  34009.0  11854.7 2021  7 29  8 40 44.620  2.73   1
     5217  55.067769 -161.793506     6.547     -982.2    -3730.8   -12492.1  48227.0  44388.1  78722.2 2021  7 29  8 56  0.180  2.16   1
      522  54.838363 -161.960156     2.635   -11657.5   -29269.4   -16404.0  21403.8   8750.5   9469.2 2021  1 16  9  4  4.730  0.92   1
     5220  55.341284 -161.866032    40.960    -5594.5    26718.2    21921.1 105858.4  51386.0  40374.4 2021  7 29  8 58 21.580  2.29   1
     5222  55.177620 -161.211100    21.670    36160.0     8498.4     2631.0  17316.8  32172.4  34551.4 2021  7 29  9  8 22.960  1.99   1
     5224  55.270512 -161.213639    51.766    35956.4    18839.5    32727.6  14502.1  28448.4  12387.9 2021  7 29  9 17 39.300  2.11   1
      523  55.167993 -162.224967    16.327   -28499.2     7426.6    -2711.9  28962.8  28989.1  16238.9 2021  1 16 11 12 33.480  0.81   1
     5230  55.165629 -161.727718    42.476     3215.0     7163.4    23437.4  27820.8  29359.6  15181.4 2021  7 29  9 36  0.080  1.33   1
     5231  55.346562 -161.698047    20.298     5095.9    27305.7     1259.3  34382.6  42351.6  33091.1 2021  7 29  9 36 33.740  1.21   1
     5234  55.502507 -161.890918    35.916    -7163.8    44666.2    16877.0 424247.3 343394.1 320089.7 2021  7 29  9 39 21.410  1.96   1
     5235  55.425468 -162.221826    25.564   -28208.0    36089.9     6524.9 187349.2 117808.7 171711.7 2021  7 29  9 43 53.970  1.46   1
     5238  55.285246 -161.069743    32.525    45113.9    20479.7    13486.6  15556.9  39586.7  21115.8 2021  7 29  9 52 52.530  2.22   1
     5239  55.323181 -160.979720    47.010    50823.0    24702.9    27970.6  13216.9  23675.8  10749.1 2021  7 29  9 54 13.660  2.79   1
     5242  55.262118 -161.366992    49.886    26190.9    17905.0    30846.7  22388.1  29840.6  16081.7 2021  7 29  9 59 11.570  2.08   1
     5246  55.099691 -161.583382    38.330    12431.1     -177.1    19291.4  26138.0  37818.6  25649.8 2021  7 29 10  5 44.020  1.73   1
     5247  55.229004 -161.952360    28.968   -11104.1    14218.6     9928.8  36616.6  33797.2  32703.1 2021  7 29 10  6 27.170  1.15   1
     5248  54.903894 -160.674642    10.722    70610.8   -21974.1    -8317.0  24562.0  88446.7  30403.0 2021  7 29 10  8 23.740  2.21   1
     5254  55.135763 -161.515186    34.352    16776.8     3838.6    15312.7  38680.9  41516.0  25602.0 2021  7 29 10 18 13.710  2.44   1
     5255  55.385881 -161.910352    24.449    -8410.4    31682.9     5410.1  84935.2 111223.5  76377.0 2021  7 29 10 20 42.390  1.62   1
     5257  55.419218 -161.703988    18.623     4713.6    35394.1     -415.8  74841.2  76007.9  69354.7 2021  7 29 10 22 56.750  1.25   1
     5258  55.108366 -161.271761     1.740    32319.5      788.6   -17299.1  12427.3  38666.7  15000.8 2021  7 29 10 23 28.230  1.87   1
     5259  55.222823 -160.861458    34.140    58424.3    13530.6    15101.5   8955.4  29894.4  34962.2 2021  7 29 10 24 42.520  2.05   1
      526  54.893844 -161.046468    32.213    46823.9   -23093.0    13174.4  16916.3  10707.1  23312.1 2021  1 16 11 47 21.970  2.47   1
     5260  55.250854 -160.875928    54.746    57481.9    16651.1    35706.8   8587.0  28769.4  14651.0 2021  7 29 10 27 25.890  2.07   1
     5261  55.045675 -161.777620    11.648       32.2    -6190.4    -7390.5  23850.7  20654.7  28687.6 2021  7 29 10 28  6.220  1.86   1
     5262  55.295203 -160.755908    50.211    65092.7    21588.2    31172.3   6656.4  34624.6   9342.8 2021  7 29 10 38 28.250  1.86   1
     5263  55.261552 -161.424674     4.801    22516.5    17842.0   -14238.0  19706.2  40179.6  23193.5 2021  7 29 10 42 51.470  1.08   1
     5265  55.353540 -162.923975     1.278   -72912.2    28082.6   -17761.1  43722.6  58306.7  43802.5 2021  7 29 10 50 46.240  1.91   1
     5266  55.528145 -161.152848    14.107    39700.3    47520.5    -4932.0  32836.1  44707.8  37574.5 2021  7 29 10 54 33.180  1.36   1
     5267  55.270060 -161.805664     3.000    -1754.2    18789.2   -16038.5  61655.0  36242.1  58358.7 2021  7 29 10 55 16.230  0.77   1
     5268  55.270264 -161.341602    37.589    27805.6    18811.9    18549.9  18388.3  65073.5  32625.6 2021  7 29 10 59  3.250  1.64   1
     5270  55.209762 -161.611214    19.398    10639.9    12076.5      359.4  25982.5  46890.6  23633.9 2021  7 29 11  5 32.310  2.05   1
     5271  55.245785 -161.073258    31.445    44912.2    16086.7    12405.9  17228.6  23166.1  36614.5 2021  7 29 11  9 16.950  2.69   1
      528  54.831519 -163.166520    11.097   -88921.9   -30031.3    -7941.9  12434.8  16113.6  20248.5 2021  1 16 20 41 35.700  2.91   1
     5282  55.264742 -161.568099    14.275    13379.1    18197.2    -4764.0  21374.8  20635.1  33912.9 2021  7 29 11 48 29.290  1.30   1
     5285  55.258854 -161.305908     3.665    30083.5    17541.7   -15373.4  12654.1  35330.6  20484.9 2021  7 29 12 17 22.580  1.22   1
     5286  55.149211 -161.324772    22.458    28921.2     5335.7     3418.8  23526.4  44851.9  30327.2 2021  7 29 12 18 29.800  1.93   1
     5290  55.240039 -161.291488    20.219    31009.4    15447.1     1180.4  22153.9  19286.8  27263.4 2021  7 29 12 28 54.180  2.30   1
     5292  55.235396 -160.671582    15.394    70515.1    14930.3    -3645.1  18882.8  75081.2  22739.7 2021  7 29 12 32 39.070  1.91   1
     5293  55.177934 -161.278516    33.644    31860.7     8533.3    14604.7   8033.4  34453.5  20106.4 2021  7 29 16  0 22.560  1.79   1
     5297  55.238159 -160.905599    31.747    55600.3    15237.8    12708.4   6994.5  32451.7  36232.3 2021  7 29 16  9 42.880  3.21   1
      530  54.644840 -160.664388    21.040    71495.9   -50813.2     2001.1  44716.2  46292.4  42747.7 2021  1 17  8 14 31.480  2.86   1
     5300  55.223983 -160.871549    57.128    57780.3    13659.7    38089.3  19342.2  67765.2  16912.1 2021  7 29 16 38 28.030  1.75   1
     5304  55.428841 -161.644922    46.657     8467.9    36465.5    27618.4 171338.5 141983.5  87238.6 2021  7 29 17  4 20.940  1.87   1
     5305  55.291817 -161.624414    10.037     9788.4    21211.3    -9001.8  45200.2  63331.9  64446.0 2021  7 29 17  4 30.440  1.55   1
     5308  55.287126 -162.035710    37.748   -16404.1    20689.0    18708.9 126659.0  70371.8 118392.8 2021  7 29 17 23 19.880  2.03   1
     5315  55.264266 -160.775667    50.227    63859.1    18144.2    31188.0   8584.2  34697.9  15689.5 2021  7 29 17 52 10.720  1.82   1
     5318  55.205916 -161.205583    32.162    36499.0    11648.4    13123.5  31334.8  84387.0  30355.2 2021  7 29 18 14 55.100  2.21   1
     5319  55.425655 -162.081136    12.775   -19263.7    36110.8    -6263.4  78898.3  88596.8 119098.4 2021  7 29 18 15  7.600  1.72   1
      532  55.074744 -162.015853     7.586   -15179.7    -2954.3   -11452.6  39280.5  31978.2  67908.3 2021  1 17 16 26 15.000  1.05   1
     5320  55.183968 -161.555257    41.892    14211.5     9205.0    22853.5  24914.6  14672.0  13081.8 2021  7 29 18 17 44.500  1.03   1
     5322  55.346517 -160.947591    18.859    52852.8    27300.7     -179.5  26719.6  94644.1  28551.0 2021  7 29 18 38 14.140  1.82   1
     5323  55.247424 -161.910319    15.139    -8422.9    16269.3    -3899.7  19441.4  22833.7  19060.8 2021  7 29 18 38 46.660  1.04   1
     5324  55.299715 -160.936507    48.523    53589.5    22090.5    29483.9   7043.4  33631.5  11093.1 2021  7 29 18 46 50.080  1.48   1
     5326  54.679460 -161.959912    10.378   -11664.8   -46959.2    -8660.5  37600.9   9267.0  45235.2 2021  7 29 18 53 55.900  1.35   1
     5328  55.470833 -161.690983    25.406     5536.8    41140.2     6367.4 122456.0 111685.6 104743.1 2021  7 29 19 12 48.560  2.91   1
     5330  55.309546 -160.910189    32.772    55258.5    23184.9    13732.9  13520.6  38645.7  28096.1 2021  7 29 19 53 31.080  1.75   1
     5334  55.457487 -162.094303     2.058   -20092.7    39654.4   -16981.3 210615.3 265585.4 431753.7 2021  7 29 20 24  8.820  1.75   1
     5335  55.237773 -160.835840    32.074    60045.9    15194.8    13035.2  11457.8  53549.4  37736.4 2021  7 29 20 25 39.660  1.54   1
     5336  55.280522 -161.222021    27.585    35418.0    19953.8     8546.0  15293.1  54879.2  43398.9 2021  7 29 20 31  8.820  2.55   1
     5339  55.203198 -161.762240     5.523     1012.7    11345.8   -13515.9  12866.0  29875.3  40620.7 2021  7 29 20 34  7.480  3.07   1
     5340  55.375798 -161.684896    23.017     5930.7    30560.4     3978.5  49488.2  43728.0  52464.8 2021  7 29 20 42 33.160  1.16   1
     5341  55.007593 -161.714665     3.350     4055.5   -10429.9   -15688.6  19041.6  10642.5  13968.2 2021  7 29 20 43  0.040  1.83   1
     5343  55.369718 -160.986572    40.843    50357.5    29883.6    21804.3  12854.4  15477.4  18593.6 2021  7 30  0 55 44.980  1.75   1
     5347  55.238078 -160.760026    56.230    64876.8    15228.8    37191.4   8885.8  26909.0   9731.5 2021  7 30  2 56 24.590  1.95   1
     5351  55.235933 -161.792839    10.329     -937.6    14990.1    -8710.2  23337.7  17491.3  28476.9 2021  7 30  3 37 43.990  1.56   1
     5352  55.328805 -160.717611    58.236    67503.0    25328.9    39197.1  10391.3  27526.8  13001.8 2021  7 30  3 52 43.560  3.37   1
     5353  55.290153 -160.863802    47.803    58225.9    21026.0    28764.1   9701.5  47957.7  15372.6 2021  7 30  4 12  9.130  1.89   1
     5354  55.237675 -161.761898    12.767     1034.1    15183.9    -6271.6  44588.9  16997.4  30624.2 2021  7 30  4 22  7.230  1.85   1
     5355  55.322257 -161.825700     7.245    -3028.4    24600.1   -11793.8 115117.2  89681.1  76289.6 2021  7 30  4 22 34.820  1.53   1
     5359  55.221415 -161.669092    15.633     6949.4    13373.8    -3405.8  12431.2  22809.7  31819.1 2021  7 30  5 32 58.760  4.03   1
      536  54.796745 -161.870687     1.782    -5930.8   -33902.5   -17256.7  22953.8   9533.4  12409.8 2021  1 17 18 59 30.400  2.67   1
     5360  55.249141 -161.415544    19.615    23101.7    16460.4      576.3  18283.1  24355.1  29084.9 2021  7 30  5 41 30.770  1.91   1
     5361  55.219617 -162.283431    17.490   -32207.3    13173.6    -1548.6  40262.3  27788.9  34100.8 2021  7 30  5 42  9.460  2.12   1
     5362  55.265971 -160.552799    37.596    78054.8    18334.0    18557.4  20954.1  39584.4  45892.9 2021  7 30  5 49 52.850  2.08   1
     5365  55.466170 -161.123893    47.608    41571.1    40621.1    28568.8  13548.3  18922.1  19709.0 2021  7 30  6 47  0.330  1.97   1
     5368  55.279521 -160.617204    52.007    73939.6    19842.4    32967.9  11278.9  32511.0  18863.4 2021  7 30  7 25 12.630  2.59   1
     5372  55.068372 -161.729036    12.183     3134.7    -3663.7    -6855.7  30177.9  23401.7  39011.9 2021  7 30  8 40 28.800  1.00   1
     5373  55.121956 -162.768213    19.413   -63183.2     2301.6      373.7  20579.4  28462.1  94516.3 2021  7 30  9 27 58.210  1.58   1
     5375  54.963281 -161.471354    11.958    19615.5   -15362.9    -7081.1  15755.5  41473.0  41715.4 2021  7 30  9 55 18.120  1.49   1
     5377  55.127026 -161.807048     9.387    -1845.6     2866.0    -9652.0  35476.6  40867.3  36487.7 2021  7 30  9 58 41.950  1.84   1
     5384  55.021362 -161.436540    16.599    21825.8    -8897.0    -2440.2  16947.7  44378.7  46244.0 2021  7 30 12 38  8.830  1.43   1
     5387  55.232650 -160.883968    32.538    56982.6    14624.5    13499.2  15406.9  35420.0  32981.5 2021  7 30 13 28 45.830  2.34   1
     5388  55.208525 -161.435303     4.355    21853.9    11938.8   -14684.3  11210.7  20267.6  17020.2 2021  7 30 13 29 23.700  2.48   1
     5389  55.350460 -161.393669    18.371    24464.5    27739.7     -668.2  22436.7  67247.9  25092.9 2021  7 30 13 53 54.860  1.59   1
     5390  55.235148 -161.567269    20.791    13437.0    14902.6     1752.5  26225.4  45228.3  22468.8 2021  7 30 14 20 41.680  1.92   1
     5394  55.081535 -161.025651    16.469    48043.9    -2198.3    -2569.9  17340.0  35514.5  29573.6 2021  7 30 14 35 25.930  1.03   1
     5396  55.209688 -160.865918    41.093    58149.6    12068.3    22053.7  18020.6  36044.3  25324.8 2021  7 30 14 42 18.030  2.54   1
     5397  55.261324 -161.595068    32.359    11661.6    17816.7    13319.9  44442.5  50717.1  51278.0 2021  7 30 14 42 47.950  2.93   1
     5399  55.303170 -161.028044    38.071    47758.9    22475.1    19032.4   9815.3  36082.9  14333.0 2021  7 30 14 58 52.760  2.23   1
       54  55.060763 -162.044271     2.556   -16997.3    -4510.8   -16483.1  12175.9   6580.8  16404.6 2021  1  2 18  7 19.400  1.16   1
      540  54.574731 -161.267660    13.318    32797.5   -58618.1    -5720.7  14084.8  11824.6   9953.1 2021  1 17 20 28 44.120  2.36   1
     5400  55.166394 -161.711914    25.946     4223.0     7248.6     6906.9  20108.4  60698.1  25031.1 2021  7 30 14 59 27.710  2.35   1
     5401  55.174329 -161.802490    12.244    -1553.9     8131.9    -6794.9  31780.7  91838.5  58865.4 2021  7 30 15 27 17.720  0.80   1
     5402  54.435994 -161.797754    15.304    -1263.3   -74062.9    -3735.1  19586.1   9825.2  15922.7 2021  7 30 16 57 32.750  2.05   1
     5404  55.230465 -160.884684    33.188    56938.5    14381.3    14149.4  15137.2  33723.2  29997.6 2021  7 30 19 16  7.520  2.22   1
     5406  54.292200 -161.487614    10.596    18730.4   -90070.8    -8442.5  31393.8  18521.2  14013.7 2021  7 30 21 25 29.680  1.80   1
     5407  55.458671 -161.110547    53.426    42423.1    39786.3    34387.3  15125.3  29106.5  17085.4 2021  7 30 21 45  3.100  2.11   1
     5408  55.472550 -161.830013     7.752    -3296.8    41331.4   -11287.1 199802.3 157378.6 283171.9 2021  7 30 21 55 23.880  1.57   1
     5409  55.426025 -161.725212     6.531     3363.9    36152.0   -12507.4  62232.3  56925.6  52170.3 2021  7 30 22 12 38.600  2.21   1
      541  54.581083 -161.260531    13.934    33252.9   -57910.9    -5105.2  14020.3  11646.2   9640.2 2021  1 17 22 21  2.560  2.73   1
     5412  55.289128 -161.096468    32.626    43409.8    20911.9    13587.1  14956.8  46738.8  31281.2 2021  7 31  0 59 25.490  1.76   1
     5422  54.544312 -161.847103    12.903    -4433.5   -62004.5    -6136.3  13126.8   7101.4  12559.8 2021  7 31 12 12 41.240  2.71   1
     5424  54.975102 -162.418066    24.242   -40913.1   -14047.0     5202.8  16147.1  10384.1  15881.2 2021  7 31 14  4  8.180  0.87   1
     5435  55.237712 -161.351969     4.416    27156.2    15188.0   -14622.8  15936.2  23840.9  26015.9 2021  8  1  1 49 34.080  1.51   1
     5441  55.225647 -161.061702    54.882    45660.0    13844.9    35842.8  15583.4  56700.4  10833.1 2021  8  1  5 37 32.330  1.69   1
     5442  55.307560 -161.755452    32.656     1443.5    22963.9    13616.6  99182.8  57422.1  83417.0 2021  8  1  5 38  6.350  1.59   1
     5448  54.508455 -163.167741     1.001   -89356.0   -65996.2   -18037.9  21129.2  19610.7  15915.0 2021  8  1  6 37  6.710  2.05   1
      545  55.455924 -161.619173     7.507    10101.4    39480.5   -11531.4  32343.1  37534.0  69553.7 2021  1 18  6 44 23.680  0.37   1
     5453  55.171452 -161.882796     5.441    -6675.6     7811.7   -13598.3  12528.5  17805.6  12334.8 2021  8  1  7 51 38.960  1.73   1
     5454  55.345858 -160.774089    48.796    63894.5    27227.3    29757.6  10775.6  21656.6  16388.6 2021  8  1  8 59 42.810  2.29   1
     5458  55.106986 -161.283398    31.047    31577.3      635.1    12008.1  10036.2  19448.0  26118.3 2021  8  1 10  8 40.590  1.21   1
      546  54.596126 -161.207552    10.008    36649.7   -56236.3    -9030.4  19168.7  15406.9  14091.1 2021  1 18  9 17 23.290  1.82   1
     5460  55.113416 -161.894987     6.420    -7458.4     1350.8   -12618.5  18746.1  17759.3  37051.0 2021  8  1 10 28  7.020  0.20   1
     5461  55.338082 -160.915918    45.795    54874.2    26361.7    26756.3   9985.5  43829.7  16591.9 2021  8  1 11 52 29.480  1.70   1
     5464  54.833179 -161.126758    36.108    41716.9   -29846.5    17068.8  18284.9  11226.6  30305.3 2021  8  1 13  4 20.970  2.61   1
     5465  55.192525 -160.765951    53.557    64535.9    10157.7    34517.7  14073.5  30946.7  16041.4 2021  8  1 13 43 17.330  2.03   1
     5467  55.208830 -160.667611    33.966    70791.6    11972.8    14927.0  19561.6  38247.6  45026.5 2021  8  1 14 44 18.300  2.12   1
     5473  55.241659 -161.630599    15.174     9400.4    15627.4    -3864.6  13720.1  20519.8  22607.7 2021  8  1 16 11 46.050  1.99   1
     5475  55.261076 -161.280160    33.323    31723.0    17789.0    14284.2  20157.1  32837.8  24505.3 2021  8  1 20  1 48.880  1.63   1
     5477  54.892318 -162.361003    12.053   -37303.1   -23262.9    -6985.9  68711.6  45603.0  44382.2 2021  8  1 20 37 39.240  1.51   1
     5478  55.302702 -161.067008    40.252    45278.2    22423.0    21212.9  11486.5  26201.7  11085.7 2021  8  1 21 35 39.880  1.58   1
     5483  55.168722 -161.031478    34.562    47620.1     7507.7    15523.0   8696.1  45963.1  26879.5 2021  8  2  4 48 30.770  1.69   1
     5486  55.427999 -161.303678    49.442    30161.6    36371.7    30403.2  10057.5  12448.2  12689.9 2021  8  2  5 24 22.090  1.20   1
      549  55.332931 -161.720036     5.207     3697.3    25788.2   -13831.7  40569.8  35808.2  44940.0 2021  1 18 14 24 49.090  1.81   1
     5492  55.308122 -160.897005    34.073    56098.9    23026.4    15034.3  12994.0  11882.2  23748.3 2021  8  2  7 16  7.250  1.51   1
     5493  54.525444 -161.146582    13.216    40601.4   -64105.0    -5823.3  10598.5  10963.8   6459.2 2021  8  2  8  0 10.500  1.84   1
     5495  54.327153 -162.725439     9.522   -61050.8   -86179.7    -9517.1  28572.5  15931.0  19444.2 2021  8  2 13 21 17.330  1.85   1
     5496  55.080501 -161.648958    15.642     8247.1    -2313.4    -3397.2  18089.0  24293.2  17786.9 2021  8  2 13 24 15.170  1.43   1
       55  54.546663 -161.532666    10.633    15776.2   -61742.7    -8406.2  18191.9  12829.2   7835.0 2021  1  2 19 13 26.520  2.55   1
     5503  55.058089 -161.812809    17.810    -2215.2    -4808.4    -1229.2  17655.2  13880.1  20459.2 2021  8  2 19 47 22.560  0.80   1
     5505  55.053585 -161.592106    13.638    11881.1    -5309.8    -5400.7  12678.7  16788.5  29793.0 2021  8  2 21 57 27.480  0.90   1
     5506  55.179826 -161.962777    26.658   -11775.2     8743.9     7619.0  15082.0  42778.4  28759.8 2021  8  2 21 57 45.960  1.12   1
     5509  54.822441 -161.137744    52.626    41018.8   -31041.9    33587.6  10977.5  13790.1  15572.6 2021  8  3  3 28 18.770  2.01   1
     5510  55.302885 -161.969043    37.470   -12156.1    22443.4    18431.1  30489.4  54290.1  20551.5 2021  8  3  3 44 48.540  0.89   1
     5515  55.221920 -161.042041    47.496    46915.3    13430.0    28457.0   7864.6  39032.5  14379.1 2021  8  3  7 40  8.620  1.98   1
      552  55.210714 -161.369336    20.869    26058.3    12182.5     1830.5  11584.6  20276.1  18325.9 2021  1 18 20  8 17.180  1.02   1
     5520  54.951119 -162.246012     4.531   -29922.1   -16716.8   -14508.1   7133.6   9974.4   9968.2 2021  8  3 16 43 38.770  1.54   1
     5522  54.922209 -162.226628     4.003   -28692.7   -19935.3   -15035.5   8665.2   8547.2   8834.1 2021  8  3 16 50  6.570  2.06   1
     5528  55.318945 -161.659375     6.974     7559.5    24231.3   -12064.5  14196.2  16370.9  25357.5 2021  8  3 18 43 42.120  0.10   1
     5530  55.351160 -160.839632    11.965    59719.5    27817.6    -7073.6  16902.6  85062.3  20946.9 2021  8  3 20  5 33.200  1.62   1
     5532  55.362594 -161.240674    80.740    34195.0    29090.5    61701.0  21669.3  52592.2  16361.8 2021  8  3 21 30 14.100  1.92   1
     5535  55.267529 -161.606934    33.373    10904.9    18507.5    14333.7  29020.3  26878.6  15815.8 2021  8  3 23 31 43.720  1.79   1
     5536  55.229211 -162.182601    14.651   -25777.4    14241.7    -4387.6  41047.8  59156.9  87617.0 2021  8  3 23 32 22.520  1.77   1
     5540  55.258464 -161.843620    12.755    -4172.5    17498.2    -6284.3  39783.3  66262.8  77239.8 2021  8  4  5 21 40.130  0.63   1
     5543  55.042639 -161.400651    22.859    24112.6    -6528.4     3820.0  29051.7  24548.6  21223.5 2021  8  4  7 21 45.230  2.03   1
     5547  54.394401 -162.004297    14.226   -14563.9   -78693.3    -4812.8  35075.2  10998.5  13974.7 2021  8  4 10 26 47.930  2.10   1
     5548  55.681791 -162.074593     1.907   -18787.1    64625.0   -17131.9 174972.1 134510.8 153670.2 2021  8  4 11  5 27.830  1.82   1
     5552  55.510852 -161.345247    20.300    27490.4    45595.3     1260.9  39415.0  50167.7  31419.9 2021  8  4 14 48  7.490  1.77   1
     5558  55.005310 -162.265332     2.570   -31136.7   -10684.0   -16468.7  13159.1   4082.7   9840.5 2021  8  5  0 36 31.640  1.16   1
     5559  55.661255 -162.895182    64.800   -70806.1    62338.8    45761.4 320307.7 332897.2 332877.3 2021  8  5  1 46 48.260  1.57   1
     5560  55.134676 -161.408936    31.080    23556.4     3717.6    12041.0  15946.1  28937.3  25893.5 2021  8  5  3 54 50.840  1.24   1
     5562  55.056238 -161.228402    27.033    35109.8    -5014.5     7994.3  27943.5  40548.0  62414.2 2021  8  5  7 16  1.430  1.95   1
     5574  54.827633 -162.523079    88.438   -47714.0   -30463.9    69398.6  25376.9  17158.1  10741.0 2021  8  5  9 47  1.370  1.84   1
     5578  55.500537 -161.668164    23.915     6984.1    44447.0     4875.8  35979.1  38884.0  29270.7 2021  8  5 12 19 40.770  0.49   1
     5587  55.364213 -161.862744    17.380    -5383.7    29270.8    -1658.9 117938.4  95467.9  92156.7 2021  8  5 15 46  8.370  0.69   1
     5591  55.036247 -161.425977    27.273    22496.6    -7240.0     8234.2  14699.1  17848.8  22808.7 2021  8  5 16 27 42.350  1.20   1
     5592  55.332495 -161.956494    10.058   -11352.9    25739.8    -8981.1 103702.1  96299.0 100203.2 2021  8  5 16 28 16.720  1.25   1
     5595  55.447640 -162.195817    23.225   -26547.1    38558.2     4186.6 246731.9 181005.5 227573.0 2021  8  5 17  5 19.920  0.75   1
     5604  55.096855 -161.659505    16.726     7572.2     -492.8    -2312.6  34789.9  61550.2  24187.9 2021  8  5 21 24  9.780  1.36   1
     5605  55.299019 -160.992074    56.679    50051.8    22013.1    37639.8   8216.3  29990.3  11107.3 2021  8  5 21 43 37.560  1.71   1
     5609  54.928752 -162.201188     0.777   -27063.1   -19206.9   -18261.8   3909.0   6295.0   5906.1 2021  8  5 23 12 11.760  1.67   1
     5612  54.945695 -162.390088    15.822   -39138.6   -17320.6    -3217.3  10421.2  10039.2  21410.1 2021  8  5 23 26 36.760  2.19   1
     5613  54.904439 -162.252295     5.450   -30341.5   -21913.4   -13589.2   8088.6   7342.1   7817.7 2021  8  5 23 47  8.560  0.29   1
     5615  55.385148 -161.297721    34.860    30556.7    31601.3    15821.4  18478.8  69249.4  24875.4 2021  8  5 23 56 16.800  1.24   1
     5618  55.214701 -161.468929    27.395    19708.8    12626.4     8355.8  16053.3  15130.2  12588.3 2021  8  6  1  9  9.680  1.19   1
     5619  55.306836 -161.635091     9.593     9106.8    22883.3    -9445.5  18113.2  25007.1  38707.0 2021  8  6  3  7 29.530  0.34   1
     5621  55.351681 -161.945052    17.174   -10622.1    27875.6    -1865.1  85599.1  99377.1  98535.6 2021  8  6  3 37 43.900  0.94   1
     5627  55.198560 -161.826481     7.712    -3082.9    10829.4   -11326.7  28084.2  25151.9  26058.0 2021  8  6  6 10 52.460  0.71   1
     5628  55.278406 -161.391227    27.804    24642.0    19718.3     8765.2  17899.5  24493.8  31545.2 2021  8  6  7 53 33.740  1.77   1
     5629  55.179439 -161.358822    16.489    26739.0     8700.9    -2549.8  17427.0  47929.9  22687.6 2021  8  6  7 54  4.800  1.67   1
     5630  55.159257 -162.300667    24.333   -33331.0     6454.1     5294.3  35112.1  34620.1  35562.1 2021  8  6  9 10 41.980  0.97   1
     5640  54.997217 -161.294368    36.394    30919.3   -11585.0    17354.9  20274.5  42025.8  26381.6 2021  8  6 12 42 25.430  1.21   1
     5641  54.898401 -161.338021    17.189    28163.8   -22585.7    -1850.0  23765.6  28057.6  27654.4 2021  8  6 12 42 45.170  1.59   1
     5642  54.446220 -161.453678    11.178    20878.8   -72924.6    -7860.4  16985.1  12141.8  12371.4 2021  8  6 13 43 21.530  1.07   1
     5643  55.019202 -160.395964     9.249    88316.6    -9137.5    -9789.8  10141.2  25144.4  10433.5 2021  8  6 13 50 26.060  2.88   1
     5644  54.959379 -160.504671     9.264    81431.0   -15797.3    -9774.8   7196.9  25990.6   8825.4 2021  8  6 14  4 34.230  1.62   1
     5645  55.023116 -161.327344    13.149    28802.4    -8701.8    -5889.7  24528.0  17458.7  17677.7 2021  8  6 14  4 49.410  1.51   1
     5647  54.361080 -161.476367    11.145    19439.0   -82402.8    -7893.5  15070.3  10764.2  10098.9 2021  8  6 14 31 16.580  1.39   1
     5652  54.939286 -162.182406     2.278   -25858.2   -18034.1   -16760.9  15551.7   7814.5  12484.7 2021  8  6 16 18 20.580  1.02   1
     5657  54.543909 -161.276270    14.958    32256.5   -62049.4    -4081.3  17327.6  20062.3  24881.7 2021  8  6 17 10  3.080  1.23   1
     5660  55.372738 -161.891292    22.793    -7199.3    30219.7     3754.4 109824.6  62497.7  59139.1 2021  8  6 18  1  3.520  0.04   1
     5665  54.936100 -162.210791     2.955   -27674.8   -18388.8   -16084.3  15470.0   8487.9   9463.2 2021  8  6 22 33 35.060  1.43   1
     5667  54.791052 -162.400407    15.791   -39875.0   -34536.2    -3247.9  17076.4   9988.8  41934.2 2021  8  6 23  7 12.960  0.90   1
     5670  55.263123 -161.891162     7.923    -7200.9    18016.9   -11116.2  72978.4  62288.1 106177.6 2021  8  7  0 40  1.680  0.43   1
     5671  55.450692 -161.901742    27.653    -7856.3    38898.0     8613.7  28587.6  14610.2  22954.9 2021  8  7  1 15 34.050  0.65   1
     5673  55.157735 -160.947559    35.176    52979.6     6284.7    16137.3  12183.1  49104.1  32934.8 2021  8  7  3 58  6.720  1.71   1
     5682  54.580050 -162.108285    56.343   -21211.4   -58026.0    37304.2  24275.5  10816.1  16990.9 2021  8  7  9 13 34.180  1.61   1
     5683  55.290072 -161.970150    27.928   -12228.5    21017.0     8888.6  78338.4  64840.4  57528.4 2021  8  7 10  3 15.400  0.68   1
     5684  54.491504 -162.314453    58.221   -34494.5   -67883.3    39182.4  35117.2   9915.9  11631.4 2021  8  7 11 35 23.460  1.60   1
     5691  55.233818 -162.399740    21.501   -39613.5    14754.5     2461.9  63358.9  44997.2  63515.3 2021  8  7 15  2 41.800  1.74   1
     5692  55.339994 -161.125798    19.107    41515.6    26574.6       68.0  33228.7  28243.4  71968.5 2021  8  7 16 50  3.040  1.29   1
     5693  55.372778 -161.871419    16.734    -5935.0    30224.3    -2305.3 195550.6 147977.4  71498.2 2021  8  7 16 50 36.610  0.93   1
     5695  54.997005 -162.327311     3.832   -35101.3   -11608.6   -15207.2  11660.0  14458.6  16523.7 2021  8  7 22 30 42.160  0.52   1
     5697  55.199308 -161.669596    40.947     6919.2    10912.8    21908.2  20032.5  31007.1  20624.4 2021  8  7 23 21 41.940  0.80   1
      570  55.166007 -161.888330    30.818    -7029.0     7205.6    11779.5  32034.2  25936.0  26616.6 2021  1 19  2 32 13.050  1.47   1
     5706  55.425395 -161.720736    10.726     3648.5    36081.8    -8313.2  49232.8  31746.4  49827.4 2021  8  8 18 49 55.400  0.46   1
     5721  55.271814 -161.857975    18.712    -5086.2    18984.4     -326.6  74791.1  73619.2  73946.4 2021  8  9  8 31 56.940  0.66   1
     5724  55.075521 -162.409521    15.724   -40316.4    -2867.8    -3315.2  22491.7  19672.5  31985.6 2021  8  9  9 45 44.230  1.44   1
     5729  54.703243 -161.626123    84.474     9750.7   -44311.5    65434.7  10338.3   8666.0   6970.5 2021  8  9 11 29 55.190  2.54   1
      573  55.181620 -161.352604    13.728    27134.8     8943.7    -5310.4  34731.2  36292.7  50148.9 2021  1 19  2 41 36.710  0.97   1
     5730  54.956014 -162.245052     2.640   -29858.9   -16171.9   -16399.3   8385.6   4496.0   8103.0 2021  8  9 12 56 49.430  1.54   1
     5738  55.259546 -161.239176    29.187    34334.4    17618.7    10148.2  19637.5  36538.1  37259.4 2021  8  9 14 51  9.250  1.57   1
     5740  55.322782 -160.614616    45.153    74064.4    24658.5    26114.1  17394.6  23035.8  28450.7 2021  8  9 14 55  5.430  1.96   1
     5745  54.833223 -162.422282    14.270   -41255.1   -29841.5    -4769.1  28333.9   9996.9  96834.4 2021  8  9 18 33 46.560  1.50   1
     5749  54.999642 -161.360531    30.098    26689.7   -11315.0    11059.0  12746.2  30429.4  31872.0 2021  8 10  3 51 54.600  1.96   1
     5750  55.356230 -160.598145    41.013    75081.4    28382.0    21974.3  20817.0  35298.2  39026.3 2021  8 10  6  4 45.990  1.79   1
     5754  55.382288 -161.780550     1.643     -154.3    31282.9   -17396.1  32288.8   6388.5  29676.1 2021  8 10  7 36  0.510 -0.55   1
     5757  55.396224 -161.809424     5.896    -1990.5    32834.4   -13142.6  74724.1  48371.7  89319.8 2021  8 10 10 56 14.690  0.52   1
     5758  55.711682 -161.505013    36.409    17300.6    67952.6    17370.3  36280.8  20230.5  46875.5 2021  8 10 13 52 46.540  1.57   1
     5760  55.266634 -160.877116    32.207    57394.9    18407.8    13168.1  12319.4  33425.3  32832.4 2021  8 10 19 25 15.400  1.54   1
     5761  55.225887 -161.830518     8.447    -3339.1    13871.6   -10592.2  41335.7  49269.1  79712.8 2021  8 10 19 25 57.920  1.57   1
     5763  54.871411 -161.807585    30.795    -1885.9   -25590.3    11756.6  52544.8  36880.2  38374.2 2021  8 10 21 16 38.560  2.47   1
     5764  54.968420 -161.816423     5.360    -2448.7   -14790.7   -13679.2  29172.5  26522.5  12222.7 2021  8 10 21 16 43.800  2.18   1
     5773  55.261080 -161.012158    51.403    48796.0    17789.5    32363.9   8269.6  34574.9  13599.9 2021  8 11  5 31 28.350  1.79   1
     5774  55.165474 -161.824479    15.592    -2956.5     7146.2    -3447.3  34401.1  49520.3  27353.6 2021  8 11  5 32  9.070  1.22   1
     5776  55.228959 -160.781120    54.933    63539.8    14213.6    35894.1   6353.5  20028.6  14559.7 2021  8 11  5 46 44.440  2.31   1
     5780  55.257613 -161.977637    11.903   -12710.5    17403.5    -7135.7  40414.6  25229.0  41496.6 2021  8 11  5 52 18.960  1.65   1
     5783  54.995817 -161.501855    32.502    17658.1   -11740.8    13463.5  16786.3  10750.7  25205.2 2021  8 11  6 53 51.870  1.66   1
     5786  55.135978 -160.527262    54.813    79810.8     3862.6    35774.2   6886.6  19822.1  13963.9 2021  8 11  8 15 45.230  2.55   1
     5796  55.238464 -161.651758    16.557     8052.5    15271.8    -2481.5  19955.3  19947.3  24538.0 2021  8 11 12 59  9.760  1.71   1
     5804  55.293669 -161.937826     8.958   -10169.6    21417.4   -10081.1  32840.2  31617.0  17842.9 2021  8 11 17 57 41.760  1.03   1
     5806  55.243087 -161.738981    16.688     2494.2    15786.4    -2351.3  29650.1  23205.5  23343.0 2021  8 11 18 51 11.440  0.65   1
     5808  55.175879 -161.596859     2.583    11559.9     8304.5   -16455.5  11739.8  50083.7  21142.6 2021  8 11 19 28 41.400  1.55   1
     5809  54.669779 -161.625098    19.502     9820.5   -48036.9      462.8  30778.6  23141.2  23211.8 2021  8 11 20 39 50.860  1.29   1
     5814  55.049662 -162.280811     1.864   -32108.2    -5746.5   -17174.7  13994.1  10481.1  11458.0 2021  8 12  2 55 20.360  1.43   1
     5817  55.027592 -162.445801     5.606   -42658.3    -8203.5   -13432.5  12268.4  12473.2  24465.6 2021  8 12  3 14 53.090  1.18   1
     5818  55.046667 -162.318099     4.560   -34491.2    -6079.9   -14478.9  17676.0  11470.0  20322.3 2021  8 12  3 15  9.930  1.24   1
     5821  54.622481 -161.336263    11.161    28373.0   -53302.3    -7878.1  15925.3   5722.2   9471.6 2021  8 12  4 52 38.690  2.44   1
     5824  54.896965 -162.188574     0.397   -26266.5   -22745.6   -18642.1   8741.4   8153.1   6437.8 2021  8 12  5 15  7.380  0.70   1
     5826  55.226062 -161.439779    21.388    21563.8    13891.1     2349.6  14718.8  26369.9  19479.1 2021  8 12  8 52 12.690  1.45   1
     5828  55.246334 -160.822493    38.812    60889.8    16147.9    19773.2  10862.7  20627.2  22205.6 2021  8 12  9 55  3.590  2.53   1
     5833  55.038098 -161.393669    17.945    24560.0    -7033.9    -1093.6  16741.8  39721.6  53113.7 2021  8 12 10 28 46.860  2.41   1
     5837  55.389327 -161.616097     9.973    10305.5    32066.6    -9065.7  25510.0  26559.2  36299.4 2021  8 12 11 12 27.940  0.56   1
     5845  55.162048 -162.626172    57.220   -54091.8     6764.8    38181.3  16879.9  20321.3  24328.8 2021  8 12 16  4 55.830  1.53   1
     5850  55.242171 -160.741569    66.302    66049.5    15684.5    47263.3   9068.2  19160.1   7736.8 2021  8 12 20 45 42.400  1.92   1
     5851  55.182084 -161.516846    23.095    16661.3     8995.3     4056.5  20144.8  16827.4  21450.8 2021  8 12 20 46 11.920  2.14   1
     5852  55.083118 -162.334684    35.272   -35534.5    -2022.1    16233.0  35734.0  47093.6  25622.8 2021  8 12 21 15  8.960  1.41   1
     5854  55.210640 -161.813070     8.382    -2227.6    12174.3   -10656.8  36105.1  59115.9  70590.4 2021  8 12 21 17 11.360  0.95   1
     5856  54.854928 -161.275358    28.918    32191.1   -27425.3     9879.2  12533.7   9582.3  23872.3 2021  8 12 21 50 11.600  1.90   1
     5857  55.259591 -161.136947    33.588    40847.1    17623.7    14548.6  13773.8  24445.5  20412.0 2021  8 12 22  1 24.060  1.73   1
     5858  55.214929 -162.286589    14.509   -32410.4    12651.8    -4529.5  32937.0  13887.8  28623.2 2021  8 12 22  2  6.280  1.16   1
     5863  55.334330 -161.822982    28.583    -2855.0    25944.1     9544.2  41391.7  46361.2  32649.7 2021  8 12 23 16  3.040  0.54   1
     5866  55.209827 -161.097282    30.539    43401.0    12083.7    11500.2  26217.8  95975.9  71921.1 2021  8 13  0 53  1.730  1.50   1
     5876  55.278898 -160.961963    45.295    51982.1    19773.1    26255.8   7955.2  29654.4  13014.4 2021  8 13  6  3 21.350  1.49   1
      588  55.041296 -161.727181    23.566     3254.3    -6677.9     4526.7  21910.2  27646.7  30748.3 2021  1 19  8 11 12.470  1.43   1
     5880  54.625598 -163.388900    12.189  -103427.6   -52955.3    -6850.1  14031.0  18049.8  16665.3 2021  8 13  8 12 39.920  1.33   1
     5881  55.433333 -162.138232    22.575   -22891.3    36965.5     3536.0  91616.1  83759.3  77361.4 2021  8 13 10 49 39.510  1.17   1
     5884  54.573437 -161.448421    10.654    21183.9   -58762.1    -8384.9  12349.4  11152.4  18418.3 2021  8 13 12 10 26.830  2.09   1
     5888  55.211711 -162.125342    10.434   -22133.1    12293.5    -8605.0  74060.1  60498.6  97178.9 2021  8 13 13 54 17.250  0.54   1
     5889  55.171753 -161.770085    18.608      512.8     7845.2     -430.9  44111.0  22580.8  24366.1 2021  8 13 14 21 44.790  0.77   1
     5893  54.618884 -161.279753    31.000    32003.1   -53702.8    11960.8  20919.4  20397.2  52914.1 2021  8 13 16  7  1.830  1.20   1
     5896  55.372843 -161.608740    57.408    10775.6    30231.5    38368.8  39082.5  27242.2   9200.0 2021  8 13 17 29 12.560  1.98   1
     5897  55.174524 -161.595101    21.963    11672.2     8153.7     2923.6  17743.4  46397.7  22986.1 2021  8 13 17 29 48.240  2.05   1
     5898  54.860083 -162.693880    32.157   -58630.2   -26851.4    13117.9  19246.9  17128.9  35673.0 2021  8 13 17 33 51.380  1.56   1
     5901  55.447274 -161.875179    24.971    -6168.4    38517.5     5931.9  52553.4  62735.3  34132.8 2021  8 13 18 51 23.200  0.47   1
     5906  54.544674 -162.513216    35.084   -47247.2   -61964.2    16045.0  25796.2  12447.3  33041.4 2021  8 13 21 19 52.440  0.99   1
     5908  54.781673 -160.958919    34.241    52499.7   -35580.3    15202.4  12240.3  18900.5  34274.4 2021  8 13 22 18 20.100  1.42   1
     5918  55.532410 -161.125814    56.144    41414.6    47995.2    37105.2  20427.5  38815.7  21294.4 2021  8 14  2 45 28.360  1.05   1
     5921  55.245138 -161.407292    16.909    23628.7    16014.7    -2129.5  13581.4  41506.9  30639.5 2021  8 14  3 31 19.160  0.72   1
     5922  54.916671 -162.794466    11.293   -65024.4   -20551.8    -7745.6  21288.3  27710.6  25520.5 2021  8 14  4 20 29.180  0.92   1
     5924  54.962923 -162.698242     3.988   -58834.3   -15402.7   -15050.9  20245.3  25035.7  29687.1 2021  8 14  4 21 31.600  0.91   1
     5929  54.901811 -161.589388    75.887    12077.4   -22206.1    56848.4  19705.3  16817.1   6630.9 2021  8 14  8 43  6.550  1.12   1
     5932  55.395284 -161.975732    16.575   -12567.5    32729.7    -2463.6 361644.2 242919.6 214417.9 2021  8 14 10 37 55.350  0.63   1
     5934  55.434070 -161.071061    50.477    44946.2    37047.5    31438.1  13847.2  34625.3  10334.1 2021  8 14 10 55 26.030  1.18   1
     5935  55.271053 -160.806331    61.971    61900.5    18899.7    42932.6  12293.8  34544.2  12157.0 2021  8 14 11 58  9.290  4.54   1
     5937  55.309033 -161.634017    24.933     9174.9    23127.9     5893.9  34001.6  59548.9  20645.2 2021  8 14 12 15 28.860  2.42   1
     5939  55.026514 -163.492074    22.637  -109507.0    -8323.5     3598.1  31055.3  87304.4  34141.1 2021  8 14 12 22 30.090  3.25   1
      594  54.593473 -161.196712    29.203    37347.2   -56531.6    10163.7  16061.2  11785.9  46317.0 2021  1 19  9 39 34.210  3.00   1
     5940  55.342452 -161.541016    35.121    15089.7    26848.2    16082.3  28022.8  49791.5  17380.5 2021  8 14 12 35 26.600  1.87   1
     5943  55.281592 -160.856120    44.501    58721.4    20073.0    25462.3  11629.5  28937.6  18629.7 2021  8 14 13  0 12.500  1.82   1
     5944  55.305636 -161.212663    54.302    36002.8    22749.6    35262.7  16216.0  29447.3   9349.0 2021  8 14 13  7  7.690  2.47   1
     5945  55.017399 -161.217285    34.148    35837.1    -9338.2    15109.1  15357.9  22898.9  34600.8 2021  8 14 13 12 17.880  1.42   1
     5947  55.115422 -161.558919    19.424    13989.9     1574.1      385.2  16816.0  36658.6  31028.6 2021  8 14 13 45 22.540  1.24   1
     5950  55.104830 -161.391992    31.013    24646.6      395.0    11973.7  18839.7  21418.8  29799.3 2021  8 14 14 21 27.600  1.46   1
     5951  55.274772 -161.761605    16.865     1052.2    19313.8    -2173.7  54439.3  41407.7  24388.6 2021  8 14 14 22  2.170  1.15   1
     5952  55.245923 -160.754557    41.152    65218.9    16102.1    22113.5  11766.9  46611.5  20086.8 2021  8 14 14 34 20.330  1.45   1
     5954  55.287231 -161.284847    42.438    31414.1    20700.8    23399.0  15367.0  50741.7  19207.4 2021  8 14 14 55 32.730  1.92   1
     5956  55.275330 -161.387793    24.822    24861.7    19375.8     5783.3  20508.8  33683.9  18343.4 2021  8 14 15 11 32.050  1.05   1
     5962  55.439425 -161.979525    18.086   -12801.6    37643.7     -952.8 176456.7 257998.6 295497.8 2021  8 14 16 55 51.490  1.10   1
     5965  55.185148 -161.033887    35.551    47456.8     9336.4    16511.9  15832.4  32630.1  27917.5 2021  8 14 17  2 13.420  1.39   1
     5966  55.619975 -162.999121    67.278   -77434.6    57743.3    48239.5 348379.2 363064.7 402770.1 2021  8 14 17  2 53.600  1.18   1
     5967  55.133464 -160.823617    13.231    60904.0     3582.6    -5807.8  15076.0  40720.5  29234.2 2021  8 14 17 33 48.840  1.61   1
      597  54.989815 -162.279199    12.499   -32029.1   -12409.0    -6539.4  28786.7  21720.7  23652.0 2021  1 19 12 27 58.890  1.09   1
     5970  54.666166 -162.331576    48.853   -35519.2   -48439.1    29814.0  21676.6  11437.9  13477.2 2021  8 14 17 47  2.480  0.80   1
     5971  55.206299 -161.656510    39.539     7752.8    11691.0    20500.6  25431.0  17852.9  18399.1 2021  8 14 17 58 16.060  1.32   1
     5972  55.195386 -162.278516    37.203   -31903.6    10476.1    18164.4 164826.2 160081.3 170570.8 2021  8 14 18  7  2.960  1.02   1
     5976  55.086226 -161.672314    14.900     6755.4    -1676.0    -4139.0   8425.8  28920.0  44779.5 2021  8 14 18 38 46.520  1.17   1
     5977  55.404806 -161.622559     2.581     9892.6    33789.7   -16458.0  35534.7  61179.6  45443.2 2021  8 14 18 38 48.080  0.94   1
     5978  55.552698 -161.104053    58.711    42785.3    50253.8    39672.4  25709.1  50722.4  56872.8 2021  8 14 18 39  8.140  1.95   1
     5979  55.246757 -160.871810    33.837    57747.2    16195.0    14797.7  11820.1  20024.1  27933.0 2021  8 14 18 45  6.340  2.34   1
     5982  54.869482 -163.475407    23.878  -108653.9   -25805.0     4839.5  26664.8  50064.8  29216.3 2021  8 14 19 39 23.160  1.77   1
     5983  55.314889 -161.753662    20.503     1557.4    23779.7     1463.8  97232.9  92981.9  77009.2 2021  8 14 19 39 34.600  1.61   1
     5987  54.772811 -161.916976     1.715    -8899.4   -36566.9   -17324.3  42691.4   9877.9   6645.8 2021  8 14 20 56 42.800  1.28   1
     5988  55.304985 -162.230111    25.754   -28778.0    22677.2     6714.9  69864.6  48522.6  92647.1 2021  8 14 23 59 53.360  0.82   1
      599  55.111593 -162.199170    14.273   -26872.8     1147.9    -4766.1  34747.8  23832.0  16001.1 2021  1 19 14 19 31.300  0.72   1
     5991  54.899605 -160.721061    11.917    67644.1   -22451.6    -7122.3  29728.0  47552.2  29556.5 2021  8 15  0 29 46.160  1.29   1
     5994  55.226489 -161.688590    24.094     5706.3    13938.7     5054.8  37505.8  18495.1  19982.2 2021  8 15  2 32 36.430  1.08   1
     5998  54.799943 -160.859603    34.063    58851.2   -33546.4    15024.2  18951.2  19741.1  43365.5 2021  8 15  7  9 35.250  2.06   1
        6  54.608321 -161.334408    13.927    28497.1   -54878.7    -5111.5  16881.7  14385.8   9101.2 2021  1  1 11 56 44.770  1.91   1
     6000  54.964425 -161.396029    32.854    24431.6   -15235.6    13815.3  16540.9  22447.6  23683.1 2021  8 15  7 58 40.300  1.46   1
     6003  55.268331 -161.377702    30.451    25506.7    18596.7    11412.1  31088.7  51386.9  74417.4 2021  8 15  9  9 15.240  1.26   1
     6006  55.240153 -160.880029    39.995    57228.3    15459.8    20956.1  17266.9  67314.5  21470.4 2021  8 15 11 22 17.540  1.43   1
     6011  55.231689 -161.128483     1.376    41400.7    14517.6   -17662.7  20699.1  33980.0  22367.0 2021  8 15 11 59  9.380  1.15   1
     6013  54.984615 -161.597624    36.456    11538.5   -12987.9    17416.9  30757.7  19591.9  33672.3 2021  8 15 12 18 40.120  1.17   1
     6014  55.228341 -160.638135    34.892    72652.9    14144.8    15852.9  15429.9  47903.0  35862.0 2021  8 15 12 19  4.750  2.25   1
     6016  55.265743 -160.637516    14.046    72658.4    18308.6    -4993.3  19924.8  49965.4  23571.0 2021  8 15 12 57 21.280  1.14   1
     6019  54.610567 -161.236296    11.580    34797.2   -54628.6    -7458.9  13551.4  14630.8  17379.2 2021  8 15 15 14 16.690  1.29   1
     6022  55.427999 -161.507161    24.202    17225.8    36371.7     5162.9  47162.3  56162.2  50149.0 2021  8 15 17 47 31.780  1.38   1
     6023  54.581860 -161.980094    32.105   -12975.4   -57824.4    13066.4  43038.2  17350.5  43601.9 2021  8 15 19 18 24.160  2.10   1
     6024  55.165723 -161.110075    38.713    42608.9     7173.9    19674.0  24276.0  20723.0  29082.0 2021  8 15 19 45 13.080  1.18   1
     6026  55.084961 -161.230973    33.631    34933.0    -1816.9    14591.9  11593.2  34197.5  26314.3 2021  8 15 22 19 31.480  1.63   1
     6029  54.954163 -162.237484     2.070   -29375.6   -16378.0   -16969.0   8302.1   8063.0  11143.8 2021  8 16  0 40 22.930  0.65   1
     6032  55.162720 -161.003825    13.562    49387.5     6839.6    -5477.1  18914.7  50837.5  38702.7 2021  8 16  1 47 33.550  1.88   1
     6035  55.332564 -161.743652     5.905     2194.1    25747.5   -13133.8  20588.7  19665.7  27288.2 2021  8 16  3 16 43.670  0.09   1
     6038  55.344596 -161.803141     2.084    -1592.0    27086.9   -16954.5  22002.5  20769.8  32762.8 2021  8 16  4 12 55.890 -0.47   1
     6039  55.195089 -161.859505    10.980    -5188.6    10443.0    -8058.8  23077.0  43164.0  22995.4 2021  8 16  4 47 56.940  0.45   1
      604  55.094124 -161.727246    10.338     3248.0     -796.8    -8700.9  23311.2   9707.8  25365.4 2021  1 19 18 37 51.200  0.44   1
     6040  54.569373 -162.452897    35.331   -43357.1   -59214.6    16292.4  37966.7  18225.6  36948.8 2021  8 16  4 53 28.460  1.81   1
     6041  55.316720 -161.951579    25.506   -11042.2    23983.6     6466.9 104162.9  63986.3  68135.6 2021  8 16  8  5 52.420  0.78   1
     6043  55.437732 -161.728988    15.273     3123.4    37455.2    -3765.4  70113.5  59221.9  57081.6 2021  8 16  8 48 57.480  0.32   1
     6044  54.374491 -162.189941    39.745   -26524.6   -80909.7    20705.8  37337.2  18456.6  33853.1 2021  8 16  9 56  3.240  1.91   1
     6046  55.313538 -161.342806    40.472    27713.9    23629.3    21433.2  18443.6  30821.1  19292.5 2021  8 16 12 20 16.890  1.90   1
     6047  55.303394 -161.714567     5.377     4046.8    22500.0   -13662.1  20063.0  25421.0  40980.7 2021  8 16 12 56  9.530  0.26   1
     6049  55.109880 -161.666227     7.162     7141.9      957.1   -11876.8  22515.0  28075.3  58378.2 2021  8 16 13  6 36.010  0.70   1
      605  54.992973 -161.492253    13.745    18272.5   -12057.5    -5294.1  29305.5  16542.5  20729.2 2021  1 19 21 57 11.960  1.26   1
     6050  55.211373 -161.829590     2.569    -3280.6    12255.9   -16470.3  32551.9  17696.1  35899.7 2021  8 16 13  7 23.760  0.34   1
     6051  54.965564 -162.941764     0.945   -74403.2   -15108.7   -18093.4  17326.4  27437.9  15642.9 2021  8 16 15 39 16.110  1.69   1
     6054  55.624500 -161.158317    19.480    39305.5    58247.1      441.6  23315.3  24137.1  43925.7 2021  8 17  0 22 46.400  2.23   1
     6058  55.197555 -161.823063    57.131    -2865.1    10717.5    38092.3 116491.2  40549.8  24334.9 2021  8 17  9 14 20.080  1.42   1
     6059  54.981498 -161.519271    16.984    16547.9   -13334.9    -2055.2  28844.5  22614.1  30312.8 2021  8 17  9 14 23.190  1.42   1
      606  55.120569 -161.727360     5.492     3239.7     2147.1   -13546.4  15445.6  28254.3  25014.2 2021  1 19 21 57 33.120  1.18   1
     6061  55.291520 -161.423682    25.046    22571.3    21178.2     6007.0  17344.9  24202.4  49488.4 2021  8 17  9 49 28.980  1.50   1
     6062  55.320036 -161.073844    29.623    44833.2    24352.7    10584.5  21824.3  42978.0  51185.2 2021  8 17  9 49 52.190  1.38   1
     6063  55.311068 -161.449593    19.007    20916.1    23354.4      -31.9   8183.0  29294.3  15590.0 2021  8 17 11 24 55.960  0.89   1
     6070  55.452913 -161.737809     4.653     2562.2    39145.3   -14386.2  81815.8  64453.2 101862.4 2021  8 18  4 35  6.640  0.91   1
     6073  54.962805 -162.709635     3.819   -59562.9   -15415.9   -15219.5  15139.7  24864.9  27152.7 2021  8 18  4 58 45.360  1.42   1
     6074  55.270471 -161.764062     2.990      895.7    18835.0   -16048.7  23797.8  20980.8  25977.8 2021  8 18  4 59  5.810  1.67   1
     6077  55.364404 -161.801221    39.508    -1469.4    29292.0    20469.4 157332.6 135855.1  64120.6 2021  8 18  9 43 43.220  1.72   1
      608  55.114437 -162.170801    12.745   -25061.3     1464.5    -6293.9  48565.8  27183.1  29518.5 2021  1 19 23 43  6.180  0.87   1
     6087  55.303752 -161.766455    30.235      743.0    22539.9    11195.8  28056.7  27209.4  24071.3 2021  8 18 17 49 52.000  1.05   1
     6088  55.456038 -161.789372     2.821     -714.7    39493.2   -16217.9  94811.8  38425.6  98264.3 2021  8 18 17 56 50.020  0.49   1
     6091  55.241528 -162.119320    24.880   -21741.2    15612.9     5841.0 120222.9  99737.8 151112.5 2021  8 18 18 16 42.680  0.79   1
     6093  54.991659 -161.568180    31.615    13419.5   -12203.8    12576.0  16770.6  10076.7  27663.3 2021  8 18 18 22 18.880  1.85   1
     6096  55.149097 -160.729948    69.445    66867.6     5323.0    50406.3  15540.0  45375.1  20224.2 2021  8 18 20  7 24.800  1.92   1
     6098  55.174390 -161.272168     1.301    32267.0     8138.7   -17738.3  15678.7  26614.2  18086.3 2021  8 18 20 29 22.340  1.03   1
     6100  55.605815 -162.330371    21.661   -35029.2    56167.0     2622.2 196074.8 167624.7 209383.9 2021  8 18 21 22 29.440  1.30   1
     6104  54.814962 -161.159001    14.523    39660.9   -31874.5    -4515.9  27317.6  28236.1  45425.5 2021  8 18 22 16 30.600  1.68   1
     6105  54.926111 -161.372786    66.641    25930.1   -19500.8    47601.9  26000.1  21132.0  22654.4 2021  8 18 22 16 38.120  1.91   1
     6106  55.283936 -161.583496    28.148    12395.3    20333.9     9109.3  14176.5  15791.7  16419.4 2021  8 18 22 27 51.880  0.99   1
     6112  54.966048 -160.209408    21.608   100303.3   -15054.8     2568.9  15170.3  33604.8  16400.2 2021  8 19  2  9 58.910  1.71   1
     6113  55.599589 -161.383350    27.850    25042.8    55473.9     8811.4  17242.2  17406.1  37144.1 2021  8 19  2 23  7.460  1.96   1
     6115  55.326298 -161.697510     1.807     5131.4    25049.9   -17232.0  57390.0  24496.5  67950.5 2021  8 19  2 43 30.140  0.44   1
     6119  55.519572 -161.711849    35.399     4208.5    46566.0    16360.6  30687.1  31543.9  20804.4 2021  8 19  3 34 54.970  0.98   1
      612  54.881755 -160.991016    21.745    50380.2   -24438.8     2706.1  17001.3  15758.8  16053.9 2021  1 20  2  7  0.610  3.85   1
     6122  55.376599 -161.444336    18.502    21233.4    30649.6     -536.7  10693.7  31251.6  23037.5 2021  8 19  8  3 10.660  0.66   1
     6123  54.616829 -161.295426    24.002    30997.4   -53931.5     4963.0  23704.9  20265.3  20670.7 2021  8 19  8 46  3.640  1.64   1
     6126  55.244958 -162.020980     5.512   -15474.2    15994.8   -13526.4  22277.9  17268.9  23554.0 2021  8 19 12 20 54.760  1.03   1
     6127  55.227572 -161.168262    65.255    38867.7    14059.2    46215.7  22140.1  84364.9  11151.0 2021  8 19 12 27 29.090  1.29   1
     6132  54.716748 -162.688786    13.113   -58407.6   -42808.1    -5926.0  20124.2  18342.5  26762.3 2021  8 19 18 29  4.820  0.96   1
     6134  55.119076 -161.818018    28.269    -2545.9     1980.9     9229.7  40882.2  32490.7  33380.0 2021  8 19 18 32 30.120  1.17   1
     6141  55.208797 -161.744596    38.888     2137.3    11969.1    19848.9  34487.7  16923.2  13368.9 2021  8 20  6 53 34.640  0.84   1
     6142  55.109867 -161.623503    43.526     9868.8      955.8    24487.3  31716.4  15509.9  22421.6 2021  8 20  6 57 34.520  0.79   1
     6143  54.936287 -162.226172     2.927   -28658.6   -18367.9   -16112.3   6642.5   6522.7   6982.6 2021  8 20  9  2 35.480  1.53   1
     6148  55.036169 -161.267692    34.018    32608.5    -7248.6    14979.1  11581.3  38964.6  23416.6 2021  8 20 10 47 22.590  1.18   1
     6149  54.869462 -162.669629    31.126   -57070.9   -25807.3    12086.7  22339.2  20313.1  11669.5 2021  8 20 12 21 54.310  1.49   1
     6161  55.258626 -161.230745    33.469    34872.0    17516.3    14430.2  16060.2  14466.0  24367.7 2021  8 20 23 49  5.240  1.51   1
     6164  55.253369 -161.166862    31.674    38944.3    16931.1    12634.9  17806.4  20749.5  29817.4 2021  8 21  3 54 30.650  1.79   1
     6165  55.311906 -162.306559     4.964   -33642.6    23447.7   -14074.7  32283.9  20263.6  29512.3 2021  8 21  3 55 10.900  2.65   1
     6167  55.307833 -160.442480    12.933    85037.7    22994.2    -6105.9  16588.3  49465.1  16796.1 2021  8 21  8 45  2.920  1.71   1
     6168  54.919340 -162.211035    23.609   -27696.2   -20254.6     4569.8  36554.9  10211.2  20020.0 2021  8 21  8 52 21.740  2.00   1
     6169  54.946956 -162.232780    17.899   -29077.4   -17180.2    -1139.7  15664.4  11102.5  10864.1 2021  8 21  8 52 31.430  2.12   1
     6174  55.083813 -162.891764    18.646   -71101.6    -1944.6     -393.1  19911.0  49505.0  58621.8 2021  8 21 16 40 16.890  1.46   1
     6177  54.941972 -162.231478     6.240   -28995.9   -17735.1   -12799.1   8917.5  11796.1   9596.7 2021  8 22  0  5 25.130  0.76   1
     6183  55.115336 -161.597786    20.080    11509.4     1564.6     1041.3  25066.7  42285.9  13856.4 2021  8 22  6 42 13.970  0.95   1
     6184  54.965015 -161.428304    22.303    22367.7   -15169.9     3263.8  23821.9  31456.4  31679.6 2021  8 22  6 42 44.270  1.68   1
     6194  55.163021 -161.938395    21.013   -10222.5     6873.1     1973.8 170513.6  88476.5 118532.0 2021  8 22 18 47 15.400  0.69   1
     6195  54.834733 -161.180729    32.427    38259.6   -29673.5    13388.1  24914.0  17198.1  46968.4 2021  8 22 20 51 29.240  2.37   1
     6198  55.796720 -161.986035     1.181   -13156.2    77419.5   -17858.2  91899.9  45537.3  52668.5 2021  8 23  7 18 58.980  2.02   1
     6199  55.400618 -161.456917    22.799    20426.9    33323.6     3759.9  18734.2  54855.7  24080.8 2021  8 23  7 21 46.360  1.47   1
       62  54.933228 -161.414014    30.323    23290.7   -18708.6    11283.9  14214.3  22872.3  30398.2 2021  1  2 21 33 59.180  1.62   1
     6202  55.323018 -161.891602    18.644    -7223.4    24684.8     -394.9  76123.1  79150.8  66711.2 2021  8 23 12 22 34.930  0.35   1
     6203  55.454712 -161.871517    23.640    -5935.1    39345.5     4601.5  31619.7  36629.2  28822.7 2021  8 23 13 15 22.840  1.01   1
     6204  54.915352 -162.209993     0.180   -27630.9   -20698.5   -18859.4  18859.1  12692.3   8994.4 2021  8 23 15 37  9.380  2.04   1
     6206  54.614836 -161.403271    11.999    24072.5   -54153.5    -7040.3  16721.3  13058.3   9817.5 2021  8 23 18  2 57.340  2.00   1
     6215  55.142806 -161.917887    16.285    -8916.7     4622.7    -2753.4  73604.0  54538.6  77566.2 2021  8 24  0 52 39.680  0.58   1
     6216  54.914689 -162.218962     3.522   -28204.9   -20772.4   -15516.7  11812.6  11481.9  22828.9 2021  8 24  0 59 41.460  1.01   1
     6227  54.518254 -163.377848    22.349  -102854.0   -64905.4     3309.7  18108.7  20915.6  18063.3 2021  8 24 11 52 45.080  1.29   1
     6229  54.710079 -162.986312    18.811   -77496.6   -43550.5     -227.8  18902.6   7361.3  67143.7 2021  8 24 12 23 59.360  1.94   1
     6230  54.984574 -161.635124    23.232     9141.4   -12992.4     4193.3  23363.9  20428.7  30019.1 2021  8 24 12 31 40.480  1.49   1
     6233  55.442635 -161.721354     7.339     3608.4    38001.1   -11700.2  55846.3  51427.6  50862.8 2021  8 24 12 36 29.100  1.07   1
     6237  55.136060 -161.363070    14.075    26482.4     3871.6    -4964.2  18931.9  21035.6  81854.6 2021  8 24 14 26  9.350  1.16   1
      624  55.164665 -161.412793     5.510    23301.5     7056.1   -13528.8  16686.7   7231.6  21850.7 2021  1 21  5  1 58.740  1.91   1
     6242  54.681034 -161.720703    30.515     3684.5   -46783.9    11475.9  29310.3  22989.7  53954.2 2021  8 24 17 29 38.940  1.18   1
     6247  55.275924 -161.987451    20.463   -13332.7    19442.0     1424.6 180972.7 151148.1 143818.4 2021  8 24 20 27 24.000  1.52   1
     6259  55.461926 -161.735417    14.147     2713.9    40148.6    -4891.7  41476.4  42380.9  43720.5 2021  8 25  2 11 30.510  1.02   1
     6260  55.335771 -161.704688    10.096     4674.0    26104.4    -8942.6  30154.6  26269.9  29002.7 2021  8 25  2 17 46.410  0.57   1
     6264  55.248930 -161.861523    12.566    -5313.7    16436.9    -6472.9  59272.7  40654.0  48852.1 2021  8 25  4  8  3.370 -0.43   1
     6265  55.013912 -161.668701     2.865     6992.4    -9726.4   -16173.4  13248.5  25911.8  15775.3 2021  8 25  4 42 10.750  0.89   1
     6269  55.383569 -161.735563    21.218     2707.3    31425.6     2179.2  29647.0  42093.5  16456.3 2021  8 25  5 34 12.550  0.27   1
     6277  70.366113 -195.495199  1258.039 -1724425.2  1699352.8  1239000.1 977775.3 ******** ******** 2021  8 25  7 51 28.200  0.91   1
     6278  55.349841 -162.074463    65.701   -18857.3    27670.8    46662.4  77060.5  90062.7  33033.3 2021  8 25  7 59 50.300  1.36   1
     6281  55.442660 -161.901335    42.677    -7831.3    38003.8    23638.4  31106.6  25701.2  22876.1 2021  8 25  8  9 20.870  1.27   1
     6282  55.389665 -161.863949    12.114    -5458.6    32104.1    -6924.5 106736.5  74081.5 178718.7 2021  8 25  8 28 29.800  0.68   1
     6284  55.239274 -161.392139     1.682    24596.0    15362.0   -17356.9   9274.8  25844.8  17705.8 2021  8 25  9 37 41.810  1.22   1
     6285  55.387695 -160.724154    13.424    67037.1    31884.9    -5614.6  20665.0  61017.8  31503.2 2021  8 25  9 37 50.510  1.52   1
     6296  54.599170 -162.063232    13.875   -18312.7   -55897.4    -5164.3  25195.8   6913.1  10823.2 2021  8 25 13 40  8.950  1.00   1
     6297  54.638253 -161.412484    14.032    23474.1   -51546.6    -5006.8  13671.1  14663.8  23713.3 2021  8 25 14 46 33.870  1.16   1
     6298  55.342265 -162.209489    24.054   -27452.2    26827.4     5015.3  89989.8  27278.0  86448.2 2021  8 25 15 59 54.160  0.71   1
     6299  55.332381 -161.729264    11.638     3109.9    25727.1    -7401.0  26191.1  27536.1  23244.6 2021  8 25 16 13 23.300 -0.05   1
     6307  55.305745 -161.505176     5.820    17378.6    22761.9   -13218.9  12969.8  16878.8  18221.1 2021  8 25 18 53 11.720  0.57   1
     6308  55.227844 -161.607861     5.077    10851.2    14089.5   -13962.3  11927.5  11474.7  21560.3 2021  8 25 18 57 22.080  0.62   1
      631  54.507471 -161.723861    10.615     3489.4   -66105.8    -8424.1  13852.2  10463.8  16328.0 2021  1 21  7 50  6.900  1.59   1
     6310  55.436589 -161.865674    12.459    -5565.1    37327.9    -6579.5 118967.8 175359.4 187763.1 2021  8 25 19 34 41.320  0.97   1
     6312  54.648507 -161.435596    12.472    21987.5   -50405.0    -6566.7  14794.0   9776.4  11454.1 2021  8 25 19 56 14.720  2.00   1
     6316  55.208968 -161.456722    33.622    20488.3    11988.2    14583.3  17809.5  23726.3  32536.6 2021  8 25 21 47 48.980  1.58   1
     6318  55.268180 -161.295133    45.798    30766.3    18579.9    26759.1  22689.4  46390.0  12920.4 2021  8 25 22  7 56.880  1.40   1
     6322  54.702450 -161.358659    20.794    26908.3   -44399.9     1755.5  18550.9  13523.3  14692.3 2021  8 25 22 54 30.780  1.08   1
     6324  55.277889 -161.831266    14.509    -3384.7    19660.8    -4530.3  78183.0  35829.2  37353.6 2021  8 26  0 26 53.410  0.73   1
     6326  55.419071 -161.741927     5.180     2301.4    35377.8   -13858.5  51217.6  37302.5  49658.9 2021  8 26  1 22 23.300 -0.02   1
     6333  55.374674 -161.949235    16.379   -10885.1    30435.4    -2659.9 169947.2 149943.4 129227.8 2021  8 26  2 22 17.830  0.37   1
     6334  55.015165 -162.194255    13.085   -26591.0    -9586.9    -5954.4  34103.2  35132.4  18254.6 2021  8 26  2 26 43.400  0.26   1
     6335  54.723421 -162.887728    10.026   -71161.4   -42065.2    -9013.0  13932.6  16569.6  45341.5 2021  8 26  3 15 56.130  1.03   1
     6336  55.076233 -162.996908    12.735   -77821.9    -2788.6    -6303.5  24465.1  58992.8  38875.1 2021  8 26  4 40 30.260  1.10   1
     6338  55.352087 -161.766130    20.198      763.3    27920.9     1159.4  68557.3  70628.5  42371.7 2021  8 26  5 34 44.570 -0.10   1
     6342  54.658028 -161.835612    39.876    -3689.8   -49345.1    20836.8  32293.8  24227.2  33436.7 2021  8 26  8 49 43.490  0.85   1
     6345  55.291142 -161.526400     4.285    16030.2    21136.1   -14753.5  18569.6  25937.3  31580.1 2021  8 26 10 42  2.770  1.03   1
     6349  55.194316 -160.907389    34.290    55516.6    10357.0    15251.6  19862.5  29352.1  25324.0 2021  8 26 12 16 18.730  1.11   1
      635  55.381238 -161.858057     5.809    -5084.4    31166.0   -13230.0  33181.5  39244.7  39786.4 2021  1 21  8 21 46.610  0.25   1
     6350  55.562850 -161.550618    31.270    14438.6    51383.9    12230.7  32574.4  26776.1  33751.5 2021  8 26 13 57 17.920  1.03   1
     6353  55.237276 -160.923421    32.270    54465.2    15139.5    13231.4  18001.7  35817.4  33779.9 2021  8 26 15  6 21.390  1.16   1
     6367  54.510209 -162.074137    11.358   -19034.0   -65801.0    -7681.4  43273.4  15113.7  29746.9 2021  8 27  0 25 56.640  1.11   1
     6368  55.335885 -160.976253    72.880    51035.6    26117.1    53840.7  14434.0  59591.3  24956.6 2021  8 27  1 11 19.300  1.05   1
      637  55.136466 -162.392936    39.828   -39227.6     3916.9    20789.3  21159.2  21039.3  22317.1 2021  1 21 12 34 27.020  2.76   1
     6373  54.729919 -160.868180    27.297    58352.1   -41341.8     8258.0  18363.6  22540.2 358681.7 2021  8 27  2 40 13.020  2.31   1
     6377  55.178402 -161.647933     4.252     8302.5     8585.4   -14786.5  38085.7  51544.9  62060.3 2021  8 27  3  5 34.690  0.07   1
     6381  54.815381 -161.043896    31.407    47034.2   -31827.8    12367.7  19185.8  13482.9  40305.2 2021  8 27  5 24 28.610  1.73   1
     6382  54.552364 -162.272526    59.797   -31774.1   -61108.1    40758.4  45777.3  11579.7   9895.5 2021  8 27  6 32 50.270  1.12   1
     6387  54.745544 -162.967464    11.034   -76254.2   -39602.3    -8004.8  30296.7  35805.9  28524.9 2021  8 27  7 56 36.670  1.18   1
     6392  55.196476 -161.795150     4.100    -1085.4    10597.5   -14939.1  32636.4  23693.4  32717.0 2021  8 27 10 20  2.040  0.26   1
     6393  55.206942 -162.007243    17.698   -14605.9    11762.6    -1341.3  30765.1  28327.1  34730.4 2021  8 27 10 20 18.710  0.59   1
     6394  55.145341 -162.451204    47.390   -42940.6     4904.9    28351.4  32014.5  34862.4  18014.6 2021  8 27 10 33 56.580  1.89   1
     6396  55.218058 -161.159180     1.008    39451.2    13000.1   -18031.3  22506.9  43330.8  18765.8 2021  8 27 11 36 53.980  1.43   1
       64  54.807638 -161.304427    33.358    30347.7   -32689.9    14318.9  25675.4  13911.8  39277.3 2021  1  2 23 32 26.740  2.17   1
      640  54.608687 -161.633838    12.483     9266.6   -54837.9    -6555.9  13805.8   9742.3  12383.3 2021  1 21 16 27 56.260  2.90   1
     6406  55.041044 -161.549723    30.133    14590.3    -6705.9    11093.8  13569.3  26166.2  27676.1 2021  8 27 20 23 16.680  2.80   1
     6408  55.147416 -161.985938    28.315   -13257.5     5135.9     9276.0  36390.1  32624.4  39427.3 2021  8 27 21 55 18.520  0.63   1
     6409  55.232491 -162.058268    41.366   -17852.9    14606.8    22327.2  66088.3  40215.2  28265.3 2021  8 27 23 59 53.240  0.57   1
     6411  55.011743 -161.570378    19.462    13275.8    -9967.9      423.4  11370.3  13584.0  17763.6 2021  8 28  1 35 21.250  1.08   1
     6412  54.449955 -161.505436     8.715    17547.2   -72508.7   -10324.2   9645.2   9348.4  16182.7 2021  8 28  3 57 27.040  1.75   1
     6417  55.275370 -161.915511    12.560    -8750.6    19380.4    -6479.0  44656.2  38760.1  57557.8 2021  8 28  7 59 43.700  1.35   1
     6420  54.995846 -162.349170     2.937   -36498.9   -11737.7   -16102.1  13301.3  14277.1  13434.4 2021  8 28  8 10 58.300  0.81   1
     6423  55.128503 -160.366878    10.637    90052.5     3030.4    -8401.4  15186.2  30683.2  15178.8 2021  8 28 10 27 19.370  2.16   1
     6427  55.092505 -160.333040    10.268    92253.1     -977.1    -8771.2  16671.6  23399.9  16287.6 2021  8 28 12 49 16.000  1.41   1
     6428  55.673128 -161.334359    39.606    28124.5    63660.6    20567.0  23820.4  28244.7  28325.7 2021  8 28 13 32 16.190  1.18   1
     6437  55.108643 -161.022217    81.433    48246.9      819.4    62393.7   9127.3  22091.2   7771.5 2021  8 28 18 20 12.540  1.78   1
     6448  54.867167 -162.627913    32.342   -54401.9   -26062.7    13302.8  19722.6  29796.2  23633.3 2021  8 28 19 45 12.080  1.39   1
     6450  54.716333 -161.226449    15.417    35383.4   -42854.3    -3622.3  23834.5  30803.4  12919.1 2021  8 28 19 51  1.160  0.98   1
     6452  55.409408 -161.842155    21.815    -4071.5    34302.0     2776.0  48819.9  45940.1  29784.8 2021  8 28 19 54 26.040 -0.05   1
     6455  54.325212 -162.295605    16.528   -33350.4   -86395.8    -2511.1  89143.4  18125.1  35844.3 2021  8 28 20  8 45.400  1.03   1
     6456  55.276994 -161.584831    27.855    12311.4    19561.1     8816.2  32345.2  31996.6  23914.9 2021  8 28 20 22 20.360  1.89   1
     6457  55.331307 -161.293294    32.053    30859.1    25607.5    13013.7  15287.0  32901.3  15857.2 2021  8 28 21 55 25.400  0.95   1
     6464  55.034766 -161.654997    20.760     7866.1    -7404.9     1721.5  15498.8  18647.8  10655.0 2021  8 29  1  4 52.410  0.83   1
     6465  55.123718 -160.362109     9.708    90362.2     2497.7    -9330.5  11848.4  23212.2  11858.2 2021  8 29  1 16  1.050  1.62   1
     6468  54.921537 -162.551139    32.041   -49453.6   -20010.0    13001.7  27134.6  37750.1  51986.1 2021  8 29  8 31 12.900  1.46   1
      647  55.176160 -161.717204    11.095     3885.1     8335.8    -7944.0  15501.6  15253.7  20894.9 2021  1 21 21 23  0.380  0.62   1
     6471  54.642200 -161.421501    11.627    22894.1   -51107.2    -7412.2  15031.3   9833.2  11971.4 2021  8 29 10 46 25.870  1.28   1
     6483  54.987349 -162.280778     7.375   -32131.0   -12683.5   -11663.8   8925.5   8127.9  14426.6 2021  8 29 14  7 42.490  1.04   1
      649  54.583944 -161.330013    14.559    28788.0   -57592.5    -4479.9  20704.1  16711.6  20569.4 2021  1 22  5  8 24.920  1.60   1
     6491  55.128569 -161.879053    13.177    -6440.3     3037.7    -5861.4  23788.7  26107.0  23750.7 2021  8 29 16 23 17.630  0.60   1
     6493  55.030367 -160.545866     9.968    78727.3    -7894.6    -9070.9  26026.8  21385.2  10748.9 2021  8 29 17 16 22.680  1.14   1
       65  54.810498 -161.418066    16.387    23066.5   -32371.4    -2651.9  27513.4  23818.0  43382.5 2021  1  2 23 32 40.800  2.11   1
      650  54.867721 -161.773828    15.720      275.1   -26001.1    -3318.4  24372.5  18893.3  33320.6 2021  1 22  5  8 52.590  1.52   1
     6501  55.321082 -161.997119     2.364   -13940.6    24469.1   -16674.8  48153.6  52404.0  79187.1 2021  8 29 18 50  5.820  0.10   1
     6517  55.188432 -161.200667    32.932    36820.4     9702.0    13893.5  13794.5  33310.4  31005.3 2021  8 31 22 16 28.320  2.37   1
     6518  55.259359 -161.019889    58.267    48304.5    17597.9    39228.3  11648.3  50385.6   6839.5 2021  8 31 22 16 51.440  2.59   1
     6531  55.247209 -161.277165    55.011    31919.3    16245.3    35972.5  24219.3  52026.9  17921.3 2021  9  1  6 54 57.500  1.21   1
     6533  55.490474 -160.367171    73.977    89627.2    43326.8    54938.5   8192.8  24196.0  12481.9 2021  9  1  7 11  9.200  1.74   1
     6536  55.390389 -162.574007    22.906   -50619.8    32184.8     3867.3  96740.2  95621.8  50985.8 2021  9  1  9 46  1.810  1.79   1
     6539  55.218563 -161.656201    14.844     7771.3    13056.3    -4195.0  29986.8  31745.7  34893.8 2021  9  1 13 17 57.550  2.08   1
     6542  55.291121 -161.661426     6.563     7431.5    21133.8   -12475.6  12219.1  14336.6  22389.5 2021  9  1 14 33 39.070  0.29   1
     6543  54.596903 -161.408285    12.594    23755.8   -56149.8    -6444.4  17533.8  12226.2  14261.5 2021  9  1 16  5 38.970  1.54   1
     6546  54.985409 -162.366471    11.454   -37609.6   -12899.6    -7584.5  14928.5  13907.6   9671.8 2021  9  1 17 34 26.120  0.61   1
     6549  55.157585 -163.318050    12.429   -98227.9     6267.9    -6609.9  36313.5  70954.5  24468.1 2021  9  1 19 53 28.660  1.80   1
      655  55.054203 -161.740592    17.534     2397.2    -5241.0    -1505.0  20065.1  11462.4  15888.3 2021  1 22 11 29 25.190  1.60   1
     6558  55.379976 -161.887451    11.043    -6954.3    31025.6    -7996.3 147450.9 123685.4 193104.1 2021  9  2  4 28 27.930  0.01   1
     6559  55.233138 -161.258203    20.367    33133.2    14678.9     1328.3  12332.7  15678.9  20768.3 2021  9  2  4 56 30.850  0.99   1
      656  55.077124 -161.813949    17.307    -2287.4    -2689.4    -1731.9  17749.2  16523.8  13204.6 2021  1 22 11 29 41.730  2.15   1
     6562  54.737891 -160.922396    10.070    54870.0   -40454.4    -8968.9  22109.3  22626.9  20301.5 2021  9  2  5 10 44.000  2.09   1
     6563  54.953035 -161.339632    21.471    28041.6   -16503.5     2432.1  22725.5  28761.7  15062.8 2021  9  2  8  7 54.680  2.42   1
      657  54.457642 -162.257926    46.903   -30871.8   -71653.0    27864.0  20316.3  14169.9  20339.7 2021  1 22 12 58  1.920  1.98   1
     6570  54.199398 -162.081120    18.584   -19557.5  -100402.0     -454.9  65196.3  15573.9  17276.9 2021  9  2 10  3 10.170  1.95   1
     6577  55.190564 -161.732812    20.924     2889.2     9939.3     1885.5  30635.8  23952.0  12724.7 2021  9  2 12 56 32.960  1.30   1
     6579  54.669222 -160.842676     9.804    60032.7   -48098.9    -9235.2  18720.3  18080.2  17267.8 2021  9  2 16  2 51.040  2.25   1
     6580  55.233594 -163.416341     8.783  -104398.6    14729.6   -10255.7  17344.6  33536.3  23531.6 2021  9  2 16 53 44.620  1.83   1
     6589  54.450407 -162.141178    15.808   -23362.0   -72458.4    -3231.0  66797.2   9839.8  38541.6 2021  9  3  3 48  0.470  1.49   1
     6590  54.884192 -162.185449     0.197   -26070.7   -24167.5   -18841.4  13915.1   8495.4   7244.2 2021  9  3  3 56 11.060  2.67   1
     6592  54.655863 -162.620313    12.132   -54056.5   -49586.1    -6907.2  17823.4  14754.5  20410.0 2021  9  3  6 19 39.710  1.32   1
     6594  55.411479 -161.881217    12.562    -6555.2    34532.6    -6477.3  87120.6  86686.0 170684.3 2021  9  3 10 22 32.430 -0.18   1
     6597  54.488033 -161.363965     8.875    26638.3   -68269.7   -10163.5  29528.8  16545.0  19530.0 2021  9  3 13 44  6.890  1.76   1
     6598  55.356901 -161.769401     5.302      555.1    28456.7   -13737.0  21654.6  12073.7  23981.1 2021  9  3 14 50 28.240 -0.45   1
     6601  55.310844 -162.064209    35.944   -18213.7    23329.4    16905.1  58508.2  55030.8  56988.4 2021  9  3 15 59 53.310  0.90   1
     6607  54.529940 -161.329867     9.078    28816.6   -63604.5    -9961.0  28638.3  16380.4  22775.0 2021  9  3 16 46 58.870  1.88   1
     6608  55.291597 -161.754850     8.040     1482.2    21186.8   -10999.1  60102.9  48928.9  68057.3 2021  9  3 16 47 26.440  2.30   1
     6610  55.101477 -161.630664    31.639     9412.7       21.7    12600.3  29723.0  15988.0  23935.3 2021  9  3 16 49  2.340  1.59   1
     6615  55.122546 -161.654492    33.801     7889.7     2367.3    14762.5  23372.0  25750.0  21034.7 2021  9  3 17 31 23.480  1.78   1
     6616  54.721562 -161.909294    12.840    -8412.3   -42272.2    -6198.7  33260.2   6873.0  26591.0 2021  9  3 18 36 23.860  1.17   1
     6618  55.215247 -161.537923    17.599    15310.8    12687.1    -1439.9  15434.8  15279.6  20976.7 2021  9  4  0 46 25.530  1.13   1
     6619  55.053597 -161.325146    49.757    28931.8    -5308.5    30717.8  45672.6  66239.6  42879.0 2021  9  4  1 23 56.150  0.96   1
     6621  55.327372 -161.757650     4.465     1303.3    25169.5   -14574.3  42940.8  34452.2  50531.8 2021  9  4  1 39 18.940  0.65   1
     6622  55.063493 -162.814827     4.028   -66206.2    -4206.8   -15011.4  11537.4  22770.8  18171.1 2021  9  4  2 35 16.270  0.97   1
     6623  55.451013 -161.468978     2.989    19647.5    38933.7   -16050.4  29621.4  24963.7  38414.7 2021  9  4  2 54 59.860  0.48   1
     6625  55.154700 -163.104232     1.474   -84592.0     5946.7   -17564.8  15829.6  79560.1  19996.7 2021  9  4  4  2 22.450  1.75   1
     6627  54.947465 -161.886540     3.232    -6933.6   -17123.6   -15806.8  14111.7  15003.4  22455.2 2021  9  4  4  3  5.740  1.12   1
     6628  55.438281 -161.783464     3.664     -339.3    37516.4   -15375.1  51875.2  50802.6  73176.9 2021  9  4  4  5 26.770  0.37   1
     6629  55.274345 -161.727474     8.380     3226.2    19266.2   -10659.3  30844.0  25045.6  36793.9 2021  9  4  5 45  4.580  0.18   1
     6641  55.362150 -161.796240    16.627    -1152.6    29041.1    -2411.7  43545.1  47681.9  33047.6 2021  9  4 16  0 24.680  0.86   1
     6642  55.179578 -161.035205    15.552    47376.0     8716.3    -3487.2  14024.6  40013.5  38784.2 2021  9  4 16  2 13.820  1.34   1
     6644  54.928516 -161.372266    29.300    25962.6   -19233.1    10261.2  23485.4  22030.9  45926.9 2021  9  4 16 19 47.520  1.35   1
     6647  55.271794 -162.502165    17.500   -46118.9    18982.2    -1539.2  39124.8  38963.0  64457.7 2021  9  4 18 54 44.040  1.35   1
     6648  55.193669 -161.430859    28.430    22141.2    10284.9     9390.9   9458.0  18151.0  21224.6 2021  9  4 19 32 39.040  1.52   1
     6649  55.217936 -161.785270    11.368     -455.4    12986.5    -7670.5  45253.1  34995.8  41219.3 2021  9  4 19 33 38.860  0.78   1
     6652  55.340942 -161.672135    18.615     6745.3    26680.1     -424.0  32019.0  23718.3  27246.0 2021  9  5  0 35 26.740  0.52   1
     6653  55.243640 -161.887256    41.767    -6953.7    15848.0    22728.2  35966.9  35484.5  20455.1 2021  9  5  2 22 56.380  1.34   1
     6655  55.405164 -161.954248    18.704   -11199.7    33829.6     -335.1 113015.2 134111.1  93899.0 2021  9  5  5  7 35.520  1.53   1
     6656  55.338525 -162.334456    65.289   -35406.9    26411.1    46250.2  73339.7  71389.5  46105.4 2021  9  5  7 59 49.410  1.02   1
     6659  55.512683 -161.397347    44.023    24181.2    45799.1    24984.4  14865.6  30002.4  27277.4 2021  9  5 14 56 32.180  1.30   1
     6661  55.029456 -161.652393    24.720     8033.0    -7996.0     5681.2  10539.5   8859.4   4724.4 2021  9  5 16 42 37.540  1.29   1
     6662  54.932540 -161.594596    20.261    11739.7   -18785.1     1222.0  15555.6  12413.1  22443.0 2021  9  5 16 42 51.020  1.41   1
      667  55.354102 -161.896240    15.403    -7515.8    28145.1    -3635.4  90472.3  67002.7  77368.3 2021  1 22 19 42 19.600  0.51   1
     6671  55.377641 -161.577718    12.537    12748.4    30765.6    -6501.4  14450.0  20513.5  21417.7 2021  9  6  1 52 45.900  1.00   1
     6673  54.407959 -161.384277    12.139    25356.8   -77183.9    -6900.0  21966.1   9718.1  10344.9 2021  9  6  2 34 15.930  1.13   1
     6680  55.306095 -162.243229    23.324   -29612.9    22800.8     4285.6  54272.2  66261.3  67452.6 2021  9  6  7 59 53.770  1.22   1
     6682  54.936768 -163.646370    13.181  -119498.5   -18314.5    -5857.5  23970.3  92268.3  24417.8 2021  9  6  8 35 41.290  1.47   1
     6684  54.543136 -163.046777    13.051   -81542.9   -62135.5    -5987.5  15874.7  13595.7  18598.7 2021  9  6  9 31 41.580  1.27   1
     6687  54.809383 -160.898617    73.075    56344.9   -32495.5    54036.4  14144.8  28889.8  17789.2 2021  9  6 12 34 51.550  1.55   1
     6688  54.634505 -161.552360    48.290    14494.7   -51963.8    29251.1  15391.1  13944.2  11176.3 2021  9  6 13 52 12.440  1.47   1
      669  54.849670 -160.977002    33.695    51297.6   -28010.6    14655.7  11018.4  27126.4  33778.5 2021  1 22 19 49  6.560  2.34   1
     6692  54.921322 -162.194548     0.797   -26640.7   -20034.0   -18242.1   5565.9   8826.3   7910.0 2021  9  6 17 28 29.920  1.28   1
     6693  54.936938 -162.251237     4.537   -30261.6   -18295.5   -14501.9  20117.2  16694.1  25653.4 2021  9  6 17 28 50.240  1.50   1
     6697  55.236739 -161.668945     7.242     6957.4    15079.7   -11796.5  14985.2  25358.5  43796.1 2021  9  6 21 53 55.000  2.73   1
      670  54.813672 -161.578044    67.686    12817.4   -32018.1    48647.0   6866.1  10219.2   8356.1 2021  1 22 21  6 35.560  2.10   1
     6707  54.484753 -161.760482    11.029     1134.8   -68634.8    -8010.0  15519.4   8158.0  15514.1 2021  9  7  1 32 17.350  1.54   1
     6708  55.240462 -161.875146    12.558    -6182.4    15494.2    -6481.0  87229.9  89692.6 111402.1 2021  9  7  2 32 46.410  0.96   1
     6711  55.333374 -161.902116    13.701    -7891.7    25837.6    -5338.2  70505.1  72155.9  56730.0 2021  9  7  3 47 45.070 -0.06   1
     6714  55.120028 -161.880143    51.031    -6510.5     2086.9    31992.2  59324.5  20512.1  10862.7 2021  9  7  4 39 39.060  1.41   1
     6716  55.239502 -161.887484    13.245    -6968.6    15387.3    -5794.3  85342.9 101027.6 138751.2 2021  9  7  4 47  2.280  0.88   1
     6728  55.586178 -161.866699    16.212    -5619.7    53980.9    -2827.0 128076.1 113268.5 162393.3 2021  9  7 10 22 46.600  0.44   1
      673  55.211275 -161.529785    18.406    15830.4    12245.0     -633.2  10221.2  19509.8  16082.8 2021  1 22 22 26 35.020  1.45   1
     6731  55.364323 -161.823145    37.990    -2864.3    29283.0    18951.6  58336.0  57667.2  40068.4 2021  9  7 14 10  5.680  1.15   1
     6733  54.500586 -163.202702     7.638   -91613.0   -66872.3   -11401.0  18624.5  18237.8  20007.7 2021  9  7 15 10 56.830  1.52   1
     6734  55.364197 -161.296159    42.137    30664.2    29268.9    23097.6  20780.2  62547.3  24922.5 2021  9  7 15 19 32.750  1.31   1
     6736  55.433586 -161.862288    31.515    -5350.1    36993.6    12475.6  41735.9  51915.5  23201.0 2021  9  7 17 26 24.840  0.84   1
     6738  55.478267 -161.964730    19.494   -11855.4    41967.8      454.7 271685.2 209042.8 203005.3 2021  9  7 17 27 29.400  0.53   1
     6741  55.673617 -161.474626    54.244    19234.7    63715.0    35205.5  33417.1  22244.5  19656.8 2021  9  7 18 10 18.160  1.18   1
     6742  55.130562 -161.352686     9.694    27146.8     3259.7    -9344.8  16288.3  51199.4 174273.1 2021  9  7 18 11 36.200  0.80   1
      675  55.215776 -161.772461    10.070      361.0    12746.0    -8969.4  34695.1  29845.1  53335.8 2021  1 23  2 36  0.250  0.86   1
     6754  54.373242 -161.457959     9.862    20621.8   -81048.8    -9176.5  18688.6  11374.0   9869.7 2021  9  7 21 53 16.320  1.95   1
     6764  54.934517 -162.215511     1.839   -27977.3   -18565.0   -17200.2   9480.3   3693.3   7031.0 2021  9  8  3  9 46.090  1.52   1
     6765  54.843445 -162.375960    14.800   -38283.6   -28703.6    -4239.2  22052.0   5826.2  49012.8 2021  9  8  3 10  2.640  1.84   1
     6766  54.932052 -162.184359     0.222   -25985.4   -18839.5   -18816.7  19417.8   8390.5   6347.1 2021  9  8  3 12 53.720  1.31   1
     6767  54.846029 -162.219613     2.820   -28270.7   -28416.0   -16219.2  16374.0   9776.9  12430.6 2021  9  8  3 13 11.220  1.80   1
     6769  54.435539 -161.319564    11.027    29513.2   -74113.6    -8011.6  16977.2  14013.1  11882.8 2021  9  8  4 52 59.830  1.12   1
     6771  55.382597 -161.851253    15.913    -4651.6    31317.3    -3126.1  49325.0  76033.7  57005.6 2021  9  8  4 56 17.390  0.33   1
     6772  55.269991 -161.950130     7.964   -10956.4    18781.5   -11074.6 194986.3 168942.0 340237.2 2021  9  8  5 43 47.380 -0.00   1
     6777  55.155127 -161.732308    13.296     2922.6     5994.3    -5742.7  16917.8  14524.8  18901.5 2021  9  8 10 37 55.460 -0.03   1
     6779  55.479651 -161.397201    18.731    24200.5    42121.8     -308.1  16849.1  29597.5  47398.8 2021  9  8 11 39  8.340  0.46   1
     6781  55.375802 -161.923356    20.268    -9238.7    30560.8     1228.7  79196.1  54128.4 102080.1 2021  9  8 14 29 29.460  1.31   1
     6783  55.282214 -161.839242    30.736    -3892.4    20142.3    11697.3  75747.2  52781.6  34542.7 2021  9  8 14 43 11.140  0.75   1
     6785  55.407564 -160.834570    17.394    59999.2    34096.8    -1645.0  17059.9  67933.8  43504.5 2021  9  8 16 18 12.380  1.47   1
     6797  55.446558 -161.853092    26.840    -4764.7    38437.7     7801.6  57907.8  44029.1  27599.8 2021  9  9  8  3 51.340  1.33   1
     6798  55.448633 -161.860938    27.628    -5263.2    38668.8     8589.0  57642.7  94552.1  39402.4 2021  9  9  8  5  0.600  1.28   1
     6799  55.430013 -161.956445    29.057   -11335.9    36595.9    10017.8 158308.4  91111.7  84099.5 2021  9  9  8  5 37.040  1.11   1
       68  55.240015 -162.907422    36.184   -71960.9    15444.4    17145.0  21387.3  54172.5  41019.4 2021  1  3  1 52 19.270  1.76   1
     6801  55.501038 -161.801400    20.455    -1478.3    44502.7     1416.0  37512.1  42641.9  37992.8 2021  9  9  8  6 58.280  1.41   1
     6805  54.858244 -162.199284     1.990   -26964.8   -27056.1   -17048.5  18400.5   9195.1  13723.7 2021  9  9 17 57 48.720  1.45   1
     6806  54.944023 -162.157764     1.936   -24280.6   -17506.8   -17102.7  24837.8   9177.0   9151.0 2021  9  9 19 23 51.640  2.59   1
     6809  55.360535 -161.631315    10.865     9340.9    28861.3    -8173.5  12356.8  18971.4  12580.5 2021  9 10  5 42 52.380  0.17   1
      681  54.837736 -161.195866    13.329    37288.8   -29339.2    -5709.7  26504.1  23972.9  29996.5 2021  1 23  7 11 40.680  1.69   1
     6814  54.968315 -162.196012     1.940   -26718.8   -14802.5   -17098.5  16894.9   9553.5   7714.3 2021  9 10  9 15 43.130  2.22   1
     6816  55.216785 -160.668115    42.860    70752.4    12858.3    23820.8  10128.2  74764.8  21908.9 2021  9 10  9 21 37.860  2.02   1
     6824  55.280786 -161.569694     2.842    13274.9    19983.3   -16196.6  20355.9  11470.8  46318.4 2021  9 10 12  7 24.820  0.65   1
     6825  55.284644 -161.642594    12.399     8631.5    20412.7    -6640.3  13495.1  16298.3  18257.3 2021  9 10 12 34 42.390  0.69   1
     6828  55.158903 -162.183285     5.944   -25843.7     6414.7   -13095.1  22520.8  40648.4  52244.5 2021  9 10 13  8 42.470  1.80   1
     6836  54.939994 -162.296110     6.273   -33130.5   -17955.3   -12765.8   4510.5   9735.9   6659.8 2021  9 11  0  3 31.470  0.98   1
     6837  54.863432 -162.244531     2.827   -29859.9   -26478.6   -16212.0  26664.4   5226.9  11160.1 2021  9 11  0  3 49.390  1.52   1
     6842  55.374764 -161.740413    13.827     2399.0    30445.3    -5212.3 127134.6  90032.1 102928.3 2021  9 11  1 27 33.110  0.89   1
     6845  54.377922 -161.636296    11.191     9134.7   -80527.9    -7847.9  30442.3  13300.1  11754.5 2021  9 11  5 32 10.690  2.11   1
     6847  55.475281 -162.404183    16.155   -39776.3    41635.3    -2884.3 132413.7 123460.2 278852.2 2021  9 11  7 25 34.950  1.37   1
     6856  55.164185 -162.233447     0.605   -29041.5     7002.6   -18434.1  11137.0  21605.8  22063.1 2021  9 11 20 56  5.280  1.52   1
     6859  55.026664 -161.806429    17.188    -1808.4    -8306.8    -1851.1  21113.0  12766.1  18371.1 2021  9 11 23 34  3.440  0.97   1
     6864  55.293355 -161.084831    45.701    44148.6    21382.5    26661.8   5492.4  62985.4  25848.0 2021  9 12  5 18 10.450  1.67   1
     6866  55.352686 -161.753060    17.442     1594.9    27987.5    -1597.0  30027.1  25611.0  25588.8 2021  9 12  6  1 28.930  0.80   1
     6873  55.259403 -161.546745     5.771    14740.4    17602.9   -13268.3   9704.9  11692.4  13129.9 2021  9 12 16 57 51.170  1.45   1
     6874  54.909229 -162.189502     1.329   -26321.9   -21380.3   -17709.8  12990.1   7173.5  11210.0 2021  9 12 17  3 37.360  2.48   1
     6875  55.353589 -161.868197     1.946    -5731.4    28088.0   -17092.6  35979.4  25476.6  38509.5 2021  9 12 17  4 12.760  1.03   1
     6876  55.341923 -162.001383    12.705   -14208.3    26789.3    -6333.6 180598.7 164512.7 190678.2 2021  9 12 17  9 22.220  1.00   1
     6877  55.056498 -161.486198     1.952    18644.8    -4985.5   -17086.9  13959.5  11023.4  14918.9 2021  9 12 22 49  3.560  1.97   1
     6879  55.236385 -161.696484     4.509     5202.5    15040.3   -14529.6  27523.2  22687.9  31741.6 2021  9 12 22 49 20.840  1.25   1
     6883  55.005139 -162.240804     3.644   -29569.2   -10703.0   -15395.3  14194.8  16350.1  15844.0 2021  9 13  3 20 14.870  1.40   1
     6884  54.938558 -162.205778     2.176   -27353.3   -18115.2   -16863.3   9583.0   7955.8   9873.6 2021  9 13  3 20 33.680  1.48   1
     6888  55.000505 -162.295426     6.554   -33061.9   -11219.0   -12485.0  15718.6  12255.2  17202.2 2021  9 13 14  3 21.710  1.84   1
     6896  55.462691 -161.925960    34.374    -9394.1    40233.8    15335.4  71415.2  48913.7  23600.0 2021  9 13 18 29 10.660  1.06   1
      690  54.931136 -162.829167    15.186   -67232.4   -18941.4    -3852.7  16715.3  20191.0  45153.5 2021  1 23 14  6 22.750  1.68   1
     6901  54.938367 -161.378760    17.830    25544.1   -18136.5    -1208.9  27326.5  30444.9  51476.5 2021  9 14  1 40 14.530  2.29   1
     6902  54.998633 -161.540853    29.143    15165.0   -11427.4    10104.3  21192.3  13228.1  35515.1 2021  9 14  1 40 29.040  2.71   1
     6904  54.635844 -160.761735    21.343    65254.0   -51814.7     2304.4  16162.4  16610.6  15608.8 2021  9 14  3 18 46.700  2.31   1
      691  55.125537 -161.659538     4.631     7567.4     2700.2   -14407.8  20467.3  11172.5  24865.7 2021  1 23 14  6 27.130  0.45   1
     6911  54.931222 -161.127376    60.344    41626.7   -18931.9    41305.2  14080.1  16763.9  15286.4 2021  9 14 17 37 19.300  2.15   1
     6913  54.954846 -162.766113     3.412   -63180.5   -16301.9   -15627.0  17579.9  27625.4  30860.6 2021  9 14 19 17  6.200  1.59   1
     6917  54.800403 -162.676335    31.706   -57549.4   -33495.3    12667.4  19862.8  23397.7  22580.6 2021  9 15  3 34 53.360  2.29   1
     6918  54.982926 -162.311523     8.746   -34098.2   -13175.9   -10293.2  18206.8  10929.4  14758.9 2021  9 15  3 35 11.090  2.85   1
      692  55.271606 -161.788672     5.875     -671.8    18961.3   -13164.2  28003.3  29176.8  33674.0 2021  1 23 14  6 45.040  0.35   1
     6920  55.360917 -161.800456    15.301    -1420.8    28903.8    -3738.2  26548.1  43398.0  35017.8 2021  9 15  5 53  8.200  0.11   1
     6923  55.256222 -160.704118    49.790    68423.9    17248.6    30750.9  10417.4  34123.1  17871.9 2021  9 15 10 49 31.970  2.07   1
     6925  55.108183 -161.620313    10.466    10072.7      768.3    -8572.8  20850.1  34673.8  32074.0 2021  9 15 12 30 24.780  0.98   1
     6926  54.565987 -162.822412     9.902   -67102.8   -59591.5    -9136.6  21091.5  21060.5  38566.4 2021  9 15 13 30  0.480  1.71   1
     6932  54.521147 -162.497347    14.034   -46240.7   -64583.4    -5005.3  10387.7  12803.5  17381.4 2021  9 15 20 51  1.260  1.50   1
     6933  54.496956 -162.121745    12.971   -22098.8   -67276.3    -6068.2  44254.2  11302.8  17580.8 2021  9 15 21 52 38.580  1.79   1
     6940  55.261088 -161.168262    31.655    38851.4    17790.4    12616.2  15257.0  18638.2  27113.0 2021  9 16 18 35 42.040  1.38   1
     6941  55.191113 -161.838867     2.577    -3873.0    10000.5   -16461.8  20004.1  12685.4  19929.0 2021  9 16 18 36 25.280  0.76   1
     6942  54.977132 -160.452507     7.282    84748.0   -13820.9   -11756.6  14128.9  25291.3  14316.8 2021  9 16 19 49  6.920  2.06   1
      695  54.876392 -161.858903     0.971    -5170.7   -25035.8   -18067.9  32591.5  16467.4  12329.4 2021  1 23 16 56 33.020  1.72   1
     6961  54.499406 -161.980208    10.614   -12995.9   -67003.6    -8425.0  19119.0  12433.5  16546.1 2021  9 18  1 56 38.430  1.69   1
     6962  55.484709 -161.752279    15.560     1641.9    42684.9    -3478.6  91298.5  94410.0  86771.6 2021  9 18  5  1 16.760  1.30   1
     6963  55.505176 -161.726090    13.271     3304.7    44963.4    -5768.2  96304.9 115728.3 115293.2 2021  9 18  5  3  4.180  0.28   1
     6964  55.556726 -161.932031    19.901    -9768.4    50702.2      862.1 157202.8 188924.0 153868.9 2021  9 18  5 15 33.950 -0.01   1
     6974  55.355481 -161.778353    32.390      -14.5    28298.7    13351.5 173491.9 132791.7  93428.6 2021  9 18 11 33 44.810  2.00   1
     6977  54.965100 -162.215120     6.372   -27941.7   -15160.4   -12666.6  19211.1  23321.3  29451.6 2021  9 18 11 47 18.630  0.79   1
     6978  55.401961 -161.584245     9.550    12329.4    33473.1    -9488.5  13362.0  17969.7  21728.2 2021  9 18 14  9 17.000  0.38   1
     6984  55.256299 -161.551725     4.301    14423.7    17257.2   -14737.4   7861.4   6912.7  28386.7 2021  9 18 23  6 27.080  0.55   1
     6985  54.734192 -162.637549    12.788   -55109.5   -40866.2    -6250.7  14298.6  13791.2  18244.2 2021  9 18 23 57 26.240  1.46   1
     6989  55.489408 -161.734733    13.540     2756.4    43208.1    -5499.1  95070.0  94723.3  94774.5 2021  9 19  5 20 31.220  0.77   1
      699  55.192562 -161.795345     6.892    -1097.9    10161.7   -12147.2  41414.2  24697.4  50143.9 2021  1 23 19 28 20.440  1.56   1
     6992  55.331331 -161.709619     5.683     4360.3    25610.2   -13356.1  21977.4  18954.4  28418.6 2021  9 19  8 54 38.570  0.10   1
     6995  55.492432 -161.745931    15.035     2045.0    43544.6    -4003.5 128367.8 119749.5 127697.7 2021  9 19 12 30 59.690  1.06   1
     6999  54.900720 -161.311214    31.174    29878.4   -22327.5    12135.5  23269.6  18069.9  41555.5 2021  9 19 14 13 10.600  2.02   1
     7005  55.001042 -161.436475    31.970    21835.5   -11159.2    12931.3  15503.3  16395.1  24665.6 2021  9 19 14 51 40.960  1.84   1
     7007  54.648588 -162.696061     2.435   -58923.8   -50396.0   -16604.0  19531.0  14564.0  14880.2 2021  9 19 15 18 42.350  2.04   1
     7012  55.268420 -161.540348     3.002    15146.2    18606.7   -16037.4  11555.5   8806.7  36103.3 2021  9 19 16 16  5.710  0.58   1
     7013  55.625151 -161.748405     5.133     1884.7    58319.5   -13905.5 135681.4 113709.9 106450.6 2021  9 19 17 18 18.460  0.52   1
     7014  55.496663 -161.722591    12.892     3527.4    44015.7    -6146.7  52918.4  64634.5  65987.7 2021  9 19 17 45 22.720  0.75   1
     7021  55.004651 -161.564974    32.060    13622.3   -10757.4    13020.7  16314.7  12388.5  24561.9 2021  9 19 18 27 21.000  1.78   1
     7025  54.897550 -161.346940    32.326    27593.3   -22680.3    13287.0  24058.2  16493.7  38834.8 2021  9 19 19 26  1.720  2.02   1
     7027  55.156421 -161.870996    18.586    -5924.1     6138.4     -452.5  32006.6   9313.6  24261.2 2021  9 19 19 33 52.240  0.68   1
      704  55.329785 -161.676774     6.097     6451.0    25438.1   -12942.2  13492.7  19216.1  36215.7 2021  1 23 22 28 43.560  0.58   1
     7043  55.337427 -161.524528     3.944    16140.0    26288.8   -15095.4  14970.7  17783.9  27842.0 2021  9 21  4 37 13.000  0.72   1
     7044  55.214270 -160.723047    68.650    67253.2    12578.4    49611.4  13370.1  54144.7  15550.8 2021  9 21  8 45 12.850  1.94   1
     7047  55.249146 -161.607715     5.013    10857.6    16460.9   -14025.4  12952.9  15900.8  28745.0 2021  9 21 11 11 59.170  0.36   1
     7048  55.307540 -161.585726     9.611    12249.7    22961.6    -9427.8  17063.8  24161.0  16049.2 2021  9 21 11 15 43.540  0.42   1
     7050  54.767131 -161.268018    48.441    32696.7   -37199.3    29401.7  16769.9  16867.4  16146.6 2021  9 21 11 23 14.860  1.54   1
     7052  55.340841 -161.929183     7.623    -9613.6    26668.8   -11415.6 168478.0  98761.2 170726.7 2021  9 21 11 35 57.590  0.17   1
     7057  54.656425 -163.361556    12.167  -101633.2   -49523.5    -6871.9  22634.0  15673.1  31525.5 2021  9 21 13 25 16.770  1.51   1
     7058  54.720219 -163.145752    34.114   -87712.5   -42421.7    15075.1  22938.7  22872.7  69098.3 2021  9 21 13 50 54.470  1.50   1
     7059  55.391842 -161.909912    29.134    -8381.8    32346.5    10095.2  48713.8  44700.7  38498.3 2021  9 21 13 58 47.960  0.02   1
     7063  55.436702 -161.539616     4.938    15160.9    37340.6   -14101.2  22551.4  28063.0  25374.6 2021  9 21 21  3 40.540  0.03   1
     7066  55.255278 -162.221257     5.573   -28231.8    17143.5   -13465.6  38924.1  30729.1  40916.1 2021  9 21 22 57  2.520  0.36   1
     7079  54.527966 -162.169466    11.931   -25158.2   -63824.2    -7107.8  79821.7   7529.9  25427.5 2021  9 22  9 52 39.310  1.74   1
     7085  55.338306 -161.765007    16.089      834.9    26386.6    -2950.2  39581.5  34608.8  27929.0 2021  9 22 12 38 16.390  0.34   1
     7086  55.345492 -161.833789    16.112    -3542.3    27186.6    -2926.5  22663.1  46579.4  39319.1 2021  9 22 12 43 11.430  0.32   1
     7087  55.322306 -161.639583    10.872     8819.1    24605.5    -8167.1  19181.0  31479.2  28470.9 2021  9 22 12 46 33.690  0.29   1
     7088  55.400989 -161.769320    12.162      560.0    33364.8    -6876.7  55604.1  20831.7  41679.6 2021  9 22 12 49 31.860  0.48   1
     7089  55.370097 -161.818604    14.057    -2575.2    29925.8    -4981.5  18752.5  30163.7  40188.0 2021  9 22 12 51 11.460  0.07   1
     7090  55.465788 -161.866113    16.104    -5591.0    40578.5    -2934.7  74883.1 103772.1  89335.3 2021  9 22 12 52  1.600  0.47   1
     7091  55.029647 -161.527067    13.953    16039.9    -7974.7    -5086.3  15425.0  20982.1  29262.9 2021  9 22 12 54 13.350  0.98   1
     7092  55.343172 -161.743506    17.596     2203.2    26928.4    -1442.6  25579.0  26133.2  19572.4 2021  9 22 12 54 53.910  0.46   1
     7093  55.340698 -161.724072    15.194     3440.0    26653.0    -3844.7  27624.6  31758.5  19722.7 2021  9 22 12 57  7.060 -0.39   1
     7094  55.345972 -161.741357    17.168     2339.8    27240.0    -1870.8  28609.0  17286.3  19472.1 2021  9 22 12 58 48.690  0.38   1
     7096  55.454321 -161.894336    15.763    -7385.3    39302.0    -3276.2 150235.4 156316.0 126275.1 2021  9 22 13  3 25.550  0.52   1
     7097  55.378479 -161.736898    14.897     2622.5    30858.9    -4141.9  39969.0  24869.3  34075.6 2021  9 22 13  6  4.180  0.24   1
     7105  55.191659 -161.227490    32.927    35108.7    10061.2    13887.6  19813.1  19581.4  29811.1 2021  9 22 21 40 26.920  1.89   1
     7107  55.311182 -161.664388    21.552     7241.1    23367.0     2512.9  20655.0  26221.5  25773.0 2021  9 22 22 20 59.560  0.64   1
     7109  55.301628 -162.101693    41.165   -20602.5    22303.4    22126.1  36412.6  59028.0  36676.5 2021  9 22 23 59 52.780  1.16   1
      711  55.262797 -161.683236    20.747     6044.8    17980.6     1708.0  27764.4  29790.2  20249.9 2021  1 24  7 42 45.190  0.28   1
     7112  55.172392 -161.142106    24.278    40562.5     7916.3     5239.0  13788.0  26726.1  14086.9 2021  9 23  4 33 52.330  2.34   1
     7114  55.397392 -161.668766    16.567     6954.8    32964.4    -2471.5  21005.4  35868.3  16891.6 2021  9 23 10 47 36.020  0.40   1
     7116  55.487919 -161.922689    13.411    -9183.3    43042.3    -5628.0 292432.8 186619.7 223946.5 2021  9 23 11 22 31.990  0.52   1
     7117  55.082410 -162.082520     2.880   -19434.8    -2100.9   -16158.5   6209.7   9646.7  14310.2 2021  9 23 17 23  4.760  0.93   1
     7119  55.213961 -163.496875     7.497  -109557.6    12544.0   -11542.3  16276.6  49324.1  32942.0 2021  9 23 21 55 58.180  2.24   1
     7123  55.009155 -162.269287     7.013   -31387.9   -10256.0   -12026.2   9358.6   6260.7  23327.4 2021  9 24  7  5  1.710  1.96   1
     7126  55.032935 -161.499300    16.317    17813.2    -7608.7    -2722.0  26809.7   9725.1  36528.0 2021  9 24  7 28 26.640  1.67   1
     7129  55.367310 -161.781901    15.294     -240.2    29615.5    -3744.8  43479.7  32399.9  34411.2 2021  9 24  8 50 22.280  0.32   1
     7130  55.346452 -161.819564    16.729    -2637.0    27293.5    -2310.1  44117.4  52089.7  38827.7 2021  9 24  8 53 25.760  0.47   1
     7131  55.424512 -161.787305    10.738     -583.6    35983.5    -8300.6  47561.7  67475.9  68901.5 2021  9 24  8 55 45.960  0.40   1
     7134  55.327234 -161.904997    11.362    -8075.7    25154.1    -7676.5 116331.7  81698.5  76918.2 2021  9 24  9 12 19.070  0.38   1
     7141  55.295707 -161.226872    42.282    35102.5    21644.4    23243.3  10957.6  60473.6  26393.8 2021  9 24 14  0 50.650  1.70   1
     7148  55.348596 -161.777686    15.054       28.0    27532.2    -3985.1  44474.4  43282.3  32475.2 2021  9 24 19 18 25.480  0.07   1
     7149  55.264771 -161.562467     2.906    13737.9    18200.3   -16132.6  10118.3  11933.0  38914.6 2021  9 24 19 19 10.960  0.36   1
     7156  55.291939 -162.001937    26.228   -14252.5    21224.9     7189.1  68824.0  63353.5  62132.0 2021  9 25  0 49 44.530  0.97   1
     7157  55.270996 -161.645443     8.229     8451.5    18893.4   -10809.5  11225.1  18980.7  40032.5 2021  9 25  0 52  0.650  0.52   1
     7163  55.306547 -161.914941    16.871    -8711.0    22851.1    -2168.3 127219.8 122577.3 100148.6 2021  9 25  1  8  4.460  0.35   1
     7169  54.858423 -161.501286     1.979    17724.7   -27036.2   -17060.3  14964.7  20294.6  16451.6 2021  9 25  3 16 43.710  1.04   1
     7174  55.160897 -161.844173     8.848    -4212.9     6636.6   -10191.1  34750.8  27461.0  18114.7 2021  9 25  5 50 37.350  1.11   1
     7175  55.033403 -161.508691    22.448    17213.1    -7556.6     3408.9  17379.5  26075.9  17594.8 2021  9 25  7 52 28.710  1.65   1
      718  54.966028 -161.411540    23.881    23439.4   -15057.1     4841.9  24471.4  17894.9  13001.5 2021  1 24 13 54 12.850  1.58   1
     7181  55.121631 -161.452979    18.524    20749.6     2265.4     -514.7  19996.1  13552.8  26736.1 2021  9 25  9 12 30.350  1.62   1
     7182  55.397884 -161.806315    15.845    -1792.8    33019.2    -3194.1  61238.6 102330.8  67560.6 2021  9 25  9 18 45.940  0.40   1
     7183  55.368083 -161.798226    15.406    -1278.8    29701.5    -3632.5  43882.2  43678.3  39348.2 2021  9 25  9 19 24.700  0.14   1
     7184  55.397355 -161.885238    15.679    -6812.0    32960.3    -3359.9 117514.1 112257.3 131674.2 2021  9 25  9 21 23.370  0.08   1
     7185  55.302433 -161.955697    14.726   -11306.4    22393.1    -4312.9  92797.6  90840.6  89733.8 2021  9 25  9 25  6.660  0.75   1
     7195  55.328821 -161.724951    15.640     3384.6    25330.7    -3399.4  33746.8  31684.4  21457.0 2021  9 25 16 16 16.260  0.05   1
     7196  55.333276 -161.862516    17.900    -5371.3    25826.7    -1138.5 123843.3 139507.7  87408.2 2021  9 25 16 17 20.700  0.43   1
     7197  55.211743 -161.732406    15.617     2914.4    12297.1    -3422.3  39936.3  23449.3  33888.4 2021  9 25 16 19 31.200  0.55   1
      720  55.207186 -162.041113    15.980   -16765.0    11789.7    -3058.7  24538.7  20720.6  36121.8 2021  1 24 13 55 20.110  0.99   1
     7201  55.333398 -161.757682    18.446     1301.1    25840.3     -592.9  30703.1  25646.2  22527.6 2021  9 25 22 51 36.720  0.18   1
     7202  55.391504 -161.756185    15.861     1395.4    32308.9    -3177.5  41178.1  25823.0  36680.4 2021  9 25 22 57 39.920  0.24   1
     7204  55.418892 -161.878727    14.460    -6396.2    35357.9    -4578.7 139075.5 165976.5 119678.5 2021  9 25 22 59 12.340  0.37   1
     7206  55.034664 -161.254036    33.323    33481.5    -7416.2    14284.0  12738.8  27840.5  25629.2 2021  9 26  0 19  7.700  1.06   1
     7208  55.159684 -161.876400     7.552    -6268.5     6501.6   -11486.9  26542.7  17877.5  28928.4 2021  9 26  0 19 51.730  0.34   1
     7209  54.914502 -162.206315     1.482   -27395.9   -20793.2   -17556.8  14856.5   6056.4  11987.4 2021  9 26  0 26 43.570  0.83   1
     7211  54.650916 -161.785531    55.001     -475.4   -50136.9    35962.0  19987.0  13507.9  19490.7 2021  9 26  2 13 55.090  1.20   1
     7214  55.408223 -161.857503    14.828    -5047.5    34170.2    -4211.2 104686.6 114121.1 112690.2 2021  9 26  3  7 42.960 -0.29   1
     7218  55.348063 -161.791048    16.290     -822.4    27472.9    -2748.5  45094.5  48269.0  37369.7 2021  9 26  5 48 24.220  0.34   1
     7219  55.392529 -161.884440    14.789    -6761.7    32423.0    -4250.0 126147.6 101255.4 138918.9 2021  9 26  5 49 11.180  0.36   1
      722  55.210160 -162.051888    19.129   -17451.2    12120.9       90.3  42274.9  36912.2  38630.8 2021  1 24 13 55 59.740  0.94   1
     7220  55.355404 -161.809277    16.680    -1982.2    28290.0    -2359.0  44413.7  41109.4  34141.8 2021  9 26  5 50 50.600  0.15   1
     7223  55.454179 -161.688118    13.252     5720.0    39286.2    -5787.3  70793.2  71184.2  67194.5 2021  9 26  6  0 20.900  0.39   1
     7226  55.362516 -161.745622    21.606     2068.0    29081.9     2567.6  31983.5  36498.6  27159.1 2021  9 26  6  6 24.950  0.55   1
     7234  54.894328 -162.182601     2.198   -25885.1   -23039.1   -16841.3  10921.2   6741.3  12246.8 2021  9 26 13  2 23.780  0.45   1
     7235  54.546252 -162.018376    12.011   -15441.6   -61788.5    -7028.3  35591.7  13850.3  23668.2 2021  9 26 13  2 32.250  1.10   1
      724  55.238924 -162.103939     2.436   -20761.8    15323.0   -16602.5  86253.9  79847.7  99885.4 2021  1 24 15 11  8.640  0.86   1
     7243  54.662382 -160.893522    22.548    56774.4   -48860.4     3509.0  18314.3  17081.4  16871.2 2021  9 26 17 39 54.360  1.71   1
     7247  55.341862 -161.717057    17.493     3886.4    26782.5    -1545.9  23386.6  25931.1  13745.5 2021  9 26 19 10 13.200  0.43   1
     7248  55.346875 -161.815869    15.571    -2401.9    27340.6    -3468.2  41207.4  45017.8  40187.4 2021  9 26 19 15 41.440  0.86   1
     7255  55.259981 -162.017529     4.054   -15251.5    17667.2   -14984.8  46546.4  50482.8  77158.9 2021  9 27  1 34 11.790  0.70   1
     7256  54.572396 -161.306136    29.410    30326.2   -58878.1    10370.6  16263.5  14275.6  46662.1 2021  9 27  1 40 42.150  1.61   1
     7257  55.154582 -162.178906     2.129   -25565.8     5933.6   -16910.2  14004.3  24107.1  31621.6 2021  9 27  2 43 22.440  1.50   1
     7260  55.356478 -161.753125    17.850     1590.7    28409.6    -1188.7  29773.0  30599.5  20442.7 2021  9 27  3 58  1.920  0.38   1
     7261  55.353292 -161.758366    15.193     1257.3    28054.9    -3845.6  50690.0  23449.2  42442.2 2021  9 27  3 58 27.900  0.56   1
     7262  55.373055 -161.760612    17.765     1114.1    30255.1    -1273.5  43504.1  17060.0  30140.2 2021  9 27  4  1 23.460  0.52   1
     7263  55.298018 -161.746419    16.246     2018.9    21901.7    -2792.8  38657.3  30976.0  25551.7 2021  9 27  4  2 16.990  0.32   1
     7264  55.332756 -161.855225    18.576    -4907.2    25768.8     -463.2  29868.6  56417.2  43756.7 2021  9 27  4  3  0.030  0.35   1
     7265  55.358195 -161.766243    18.252      756.0    28600.8     -787.1  43023.7  33440.5  25736.3 2021  9 27  4  4  3.210  0.61   1
      727  55.016659 -161.560645    32.362    13896.9    -9420.7    13322.8   9706.2  20393.1  22364.7 2021  1 24 18 57 12.040  2.29   1
     7276  54.831628 -161.027148    32.427    48097.4   -30019.1    13388.5  20618.3  14037.7  43984.9 2021  9 27 13  1 59.790  2.66   1
     7279  55.268644 -161.582926     5.305    12434.0    18631.6   -13733.7   7092.3   8559.3  35329.3 2021  9 27 15  9 51.900  0.57   1
     7283  55.352576 -161.751237    17.780     1710.9    27975.2    -1259.2  37683.3  29662.2  26750.6 2021  9 27 22 33 47.480  0.73   1
     7284  55.340796 -161.854948    16.592    -4889.1    26663.8    -2446.5  68461.3  68045.4  60685.6 2021  9 27 22 43 50.760  0.62   1
     7291  55.077694 -161.754232    15.068     1525.6    -2625.9    -3970.4  13692.3  19493.7  23295.6 2021  9 28 17  2 20.060  1.23   1
     7299  55.284123 -161.670231    14.784     6871.4    20354.7    -4255.3  26645.2  22387.9  30370.6 2021  9 29 14 25 43.640  0.94   1
       73  54.990487 -162.271370     5.588   -31528.4   -12334.2   -13450.9  16704.9  13323.8  17312.4 2021  1  3  5  8 33.310  1.68   1
     7302  55.290938 -161.663330    15.936     7310.3    21113.5    -3103.3  19398.6  16858.2  17849.4 2021  9 29 23  7 14.760  0.73   1
     7304  55.166984 -162.257747     4.967   -30590.3     7314.3   -14071.9  31851.9  25428.2  24952.9 2021  9 30  1  2 42.310  1.45   1
     7305  55.355379 -161.820345    18.281    -2686.5    28287.3     -758.3  34052.8  35460.0  32628.9 2021  9 30  4 38 29.360  0.94   1
     7307  55.316484 -161.738249    16.825     2538.6    23957.3    -2213.9  42595.2  38655.4  31965.6 2021  9 30  6 25 42.810  1.06   1
     7309  54.769141 -161.087272    33.703    44280.9   -36975.5    14663.7  15976.1  30838.8  34173.4 2021  9 30 10 54 12.800  2.78   1
      731  55.151160 -162.058464     2.997   -17883.5     5552.6   -16041.4  31226.5  21254.6  28225.2 2021  1 24 19 36  4.400  0.99   1
     7310  54.877120 -161.858805     1.767    -5164.4   -24954.7   -17271.6   6660.1  12921.5  13256.3 2021  9 30 11  5 24.240  1.33   1
     7312  54.870626 -161.406120    32.405    23814.1   -25677.7    13365.8  18943.4  26553.8  24041.6 2021  9 30 12  6 14.010  2.08   1
     7313  55.008378 -162.311198    13.234   -34066.6   -10342.5    -5805.0  20061.2  16579.1  18057.7 2021  9 30 16 10 14.260  1.04   1
     7317  55.276514 -161.155127     7.299    39680.5    19507.6   -11739.1  13858.8  31024.9  61984.7 2021  9 30 23 16  3.080  2.19   1
      732  55.323022 -161.714583     4.830     4044.8    24685.2   -14208.6  19128.7  15968.6  16202.0 2021  1 24 20 52 53.320  1.36   1
     7321  54.980566 -162.225993     3.001   -28631.4   -13438.6   -16037.9  12425.8  12295.7  32872.4 2021 10  1  5  8 21.050  0.62   1
     7322  54.416158 -162.044157    16.307   -17126.0   -76271.2    -2731.4  16670.5   9158.2  15515.7 2021 10  1  7 34 27.890  1.79   1
     7325  54.855298 -161.186768    17.132    37863.2   -27384.1    -1907.3  23286.5  22735.1  25924.0 2021 10  1 12 27 28.960  2.30   1
     7327  55.503186 -162.012565    39.558   -14889.8    44741.9    20519.5  60364.7  96575.6  75825.6 2021 10  1 14 14  5.160  3.80   1
     7329  55.017342 -162.386182    17.411   -38854.2    -9344.6    -1628.1  19107.6  11615.0  32475.8 2021 10  1 21 23 40.720  1.91   1
     7337  54.476758 -162.234180    61.585   -29337.0   -69524.9    42546.0  39906.4  13502.0  14896.7 2021 10  5  2 40 17.350  1.85   1
     7339  55.340572 -161.820150     1.888    -2674.5    26638.9   -17150.5  64550.2  63356.5  73213.3 2021 10  5  4 28 38.180  0.94   1
     7341  54.541268 -163.314437    13.320   -98749.0   -62343.4    -5719.4  18054.8  19218.1  17345.0 2021 10  5  5 47 43.300  1.61   1
     7344  54.826636 -161.905046     1.118    -8129.3   -30574.9   -17921.3  10928.7  12958.0  14906.6 2021 10  5  9 17 49.140  1.82   1
     7345  55.360229 -161.569824     9.694    13253.4    28827.3    -9345.0   8959.9  23858.5  16371.1 2021 10  5 11 39 41.750  0.38   1
     7346  55.368717 -161.764941    15.980      838.7    29772.2    -3058.7  44153.3  36724.8  34280.0 2021 10  5 15 44 11.470  0.92   1
      735  54.383826 -161.919987     9.034    -9136.1   -79870.6   -10004.5  21524.1   9980.0  12993.9 2021  1 24 21 16 22.960  5.31   1
     7352  55.472965 -161.579997    27.470    12588.4    41377.6     8431.0  56508.2  51250.4  63557.4 2021 10  5 19 59  6.500  1.74   1
     7359  54.829008 -162.194222     1.681   -26650.4   -30310.8   -17357.8   5783.5   8360.0  10563.3 2021 10  6  3 42 47.150  2.29   1
     7360  54.919694 -162.259326     5.487   -30785.6   -20215.2   -13552.4  20864.7  11996.0  17395.0 2021 10  6  3 43  8.370  2.37   1
     7366  54.996842 -162.439421     7.587   -42266.9   -11626.7   -11451.4   7305.3  19191.7  28080.4 2021 10  6  6 28 37.800  1.83   1
     7368  55.001424 -162.240641     2.995   -29560.2   -11116.6   -16043.6  12540.0  11702.3  34291.8 2021 10  6  6 43 16.730  1.92   1
     7381  55.440051 -161.948112    41.568   -10804.8    37713.4    22529.0  48977.9  46435.9  20888.4 2021 10  7  6  8  1.900  1.33   1
     7382  55.241410 -161.636979    34.548     8993.9    15599.8    15509.5   9871.0  13723.7  12436.8 2021 10  7  8 35 23.410  1.15   1
     7384  55.462309 -161.695833    14.620     5229.2    40191.2    -4418.7  67273.2  61923.4  69855.3 2021 10  7 12 25 27.080  0.10   1
     7386  55.407515 -161.828076     7.152    -3176.3    34091.4   -11886.9 148514.3 116307.9 142289.6 2021 10  7 16 55  8.250  0.58   1
     7398  55.011845 -162.291471     6.546   -32804.5    -9956.5   -12492.9  34940.5  18582.2  19382.6 2021 10  9  6  0 37.850  1.00   1
     7399  54.946631 -162.072461    19.083   -18824.3   -17216.5       44.4  17872.4  22096.3  24018.2 2021 10  9 11  9 32.760  2.49   1
     7400  54.560872 -161.808854    11.212    -1974.7   -60160.9    -7826.4  27962.7   8531.2  22972.7 2021 10  9 15  6  0.030  2.39   1
     7411  55.355139 -161.594434    15.305    11688.3    28260.6    -3733.8  20577.0  50904.7  36120.7 2021 10 10 10 24 41.830  0.01   1
     7412  54.612447 -161.462435    11.809    20273.7   -54419.4    -7230.1  14508.9   8362.8  17600.5 2021 10 10 14 34 51.400  1.88   1
     7416  55.330896 -161.992350    18.081   -13635.3    25561.7     -957.4 127296.3 122310.8  92762.9 2021 10 10 18 56 57.500  1.05   1
      742  55.253015 -161.404313     4.874    23816.1    16891.7   -14164.9  14245.1  13081.4  20203.9 2021  1 25  4 42 41.080  0.75   1
     7420  55.319071 -161.546533     4.987    14742.9    24245.4   -14052.3   8135.5  15347.3  28002.3 2021 10 11  4 21  3.640  0.62   1
     7421  55.364697 -161.313509    17.493    29560.1    29324.7    -1546.1  24165.2  16103.5  40893.1 2021 10 11  9 11  5.030  4.84   1
     7422  55.385994 -161.386849    19.036    24887.4    31695.6       -2.5  11933.9  26791.2  27822.9 2021 10 11  9 11 37.720  5.55   1
     7428  54.899227 -161.707764    15.615     4502.6   -22493.7    -3423.8  11032.2  16448.9  48736.3 2021 10 11 12 25 38.840  2.16   1
      743  54.678308 -161.102344    12.765    43363.6   -47087.4    -6273.5  22876.8  27323.3  20596.9 2021  1 25  5 26 57.040  1.24   1
     7433  55.272249 -161.852897     4.106    -4762.7    19032.9   -14932.8  68151.3  44353.4  73982.5 2021 10 11 17 57 46.040  1.36   1
     7434  55.381205 -161.627995     6.935     9549.7    31162.4   -12104.3  31822.5  28368.6  46988.3 2021 10 11 19 36 40.880  2.04   1
     7437  55.233594 -161.878060     7.213    -6368.6    14729.6   -11826.2  29018.0  27309.7  24018.2 2021 10 11 19 41 45.020  2.21   1
     7439  55.422599 -161.442969    21.711    21308.1    35770.6     2671.7  18000.6  34125.5  21163.3 2021 10 12  0 54 54.760  1.59   1
      744  55.140597 -161.505941     3.450    17365.6     4376.7   -15589.4  16564.4  21060.0  31380.8 2021  1 25  5 35 14.680  0.69   1
     7441  55.098556 -161.920719     2.592    -9102.4     -303.5   -16446.6  12892.3  14131.1  10405.7 2021 10 12  0 58  1.950  1.29   1
     7452  55.348442 -161.787109    18.750     -571.7    27515.0     -289.2  44965.3 102886.0  57789.1 2021 10 12 14 15  0.590  0.01   1
     7455  55.297827 -161.959001    14.980   -11517.4    21880.4    -4058.5  59273.3  51767.0  59085.8 2021 10 12 19  6 27.380  1.39   1
     7465  55.706974 -162.210954     1.505   -27419.6    67428.5   -17533.9  68087.6  61321.3  64993.6 2021 10 13  3  5 17.820  2.01   1
     7466  54.997156 -162.284294     6.283   -32351.8   -11591.8   -12755.5  16414.2  10105.9  17218.1 2021 10 13  5 25 10.600  1.41   1
     7468  55.062341 -162.150830    30.740   -23802.1    -4335.0    11701.1  55415.0  38526.5  39251.2 2021 10 13  6  6 51.980  1.77   1
     7469  55.125610 -161.794255     6.205    -1029.3     2708.4   -12833.5  21651.7  20601.4  30535.4 2021 10 13  7 25 59.470  0.83   1
     7471  55.039709 -161.068783    38.430    45313.6    -6854.5    19391.3  19441.7  64236.4  30096.2 2021 10 13 11 34 58.770  2.14   1
     7475  54.639189 -161.869271    21.982    -5851.5   -51442.4     2943.1  17875.9  17239.9  18830.6 2021 10 13 17 58 24.700  1.93   1
     7476  55.472892 -161.122884    39.008    41631.7    41369.4    19969.6  16960.5  52260.9  22343.2 2021 10 14  1 14  1.840  1.87   1
     7485  55.212423 -161.678743     5.108     6335.0    12372.7   -13930.7  17817.1  15208.0  38021.7 2021 10 14 13  4 28.920  0.81   1
     7486  54.644486 -161.402279    12.095    24127.4   -50852.6    -6944.3  17466.5   8024.1  11090.5 2021 10 14 13 54 54.980  2.52   1
     7488  55.088908 -161.613265    21.986    10525.0    -1377.5     2946.7  21746.2  14019.7  28459.0 2021 10 14 15 23  4.770  0.30   1
     7490  55.377543 -161.998258    12.644   -14003.2    30754.7    -6394.8 210177.4 137707.9 177344.9 2021 10 14 15 59 58.120  0.27   1
     7491  55.178617 -161.459294     4.798    20332.1     8609.4   -14240.8  19989.1  14062.9  18345.7 2021 10 14 18  5 58.280  1.07   1
     7492  55.429724 -161.627409    10.135     9581.2    36563.8    -8904.4  33191.7  34370.0  44865.3 2021 10 14 18 10 42.020  0.54   1
     7496  54.776750 -161.273340    13.893    32351.7   -36128.4    -5145.7  36084.0  19120.0  24171.9 2021 10 14 19 30 12.720  2.07   1
     7498  54.498560 -162.046794    15.847   -17278.2   -67097.9    -3191.9  21818.3  14342.1  40606.3 2021 10 14 20  4 46.620  2.06   1
     7502  54.917025 -162.217643     2.349   -28119.8   -20512.4   -16689.8   8252.5   6262.2   7111.4 2021 10 14 21 35 34.360  1.74   1
     7504  55.222489 -161.420638     4.216    22784.7    13493.4   -14822.8  14127.4  24471.8  23047.9 2021 10 15  0 17 46.620  1.00   1
     7505  55.393986 -161.773161     4.919      315.7    32585.2   -14120.0  40611.6  38410.0  45625.2 2021 10 15  2 46 27.700  0.92   1
     7506  55.496737 -161.696582    11.606     5179.4    44023.9    -7432.6 234986.7 160849.9 230864.8 2021 10 15  2 46 59.210  1.06   1
      751  54.944706 -162.249382     6.281   -30140.0   -17430.7   -12757.6   8679.1   9583.7  13137.4 2021  1 25 15 34 57.710  1.47   1
     7513  55.340776 -161.869840     1.413    -5836.9    26661.6   -17626.4  32294.0  63818.7  53086.2 2021 10 15  8 18 50.890  3.14   1
     7516  54.990918 -162.314762     8.082   -34301.8   -12286.2   -10957.2  18299.8  15955.3  16900.5 2021 10 15  9 49 25.890  1.72   1
     7518  55.428499 -161.596387    10.584    11553.4    36427.4    -8455.1  21295.3  32216.3  30369.4 2021 10 15 17  5  9.140  0.44   1
     7522  55.399064 -161.014600    23.082    48556.6    33150.5     4043.2  19863.3  31103.1  26535.2 2021 10 16  4 28 12.600  1.35   1
     7524  55.304232 -160.469678    12.350    83309.9    22593.4    -6688.9  19812.5  52203.0  19658.0 2021 10 16  6 16 28.460  1.63   1
     7527  54.993726 -161.805029     4.238    -1719.7   -11973.7   -14800.6  14733.8  19269.9  21253.9 2021 10 16  7 38 27.140  1.22   1
      753  55.068376 -161.694954     7.673     5311.1    -3663.3   -11365.7  10830.9  27820.7 164798.2 2021  1 25 21 59  6.360  1.38   1
     7530  55.385291 -161.570980    18.125    13175.7    31617.2     -913.8  16888.5  32236.5  24131.7 2021 10 16  9 36 58.290  0.15   1
     7531  55.294975 -161.758301    12.874     1262.4    21562.8    -6165.1  46196.6  30145.7  30616.7 2021 10 16  9 42 50.900  0.76   1
     7533  55.435701 -161.664274    13.868     7237.1    37229.2    -5170.7  36894.3  34809.2  41133.0 2021 10 16 10  5 18.810  0.40   1
     7535  55.384786 -161.835791    15.398    -3667.9    31561.0    -3640.6  53224.2  20289.0  42879.5 2021 10 16 10 50 37.620  0.66   1
     7536  54.995162 -161.639941    23.327     8832.2   -11813.8     4288.5  10252.3  14307.3   9558.8 2021 10 16 10 54 30.620  1.40   1
     7538  55.390698 -161.805827    16.977    -1761.9    32219.2    -2062.2  41421.5  40962.4  37388.5 2021 10 16 14 19 59.740  0.69   1
     7544  55.286283 -161.480290    17.391    18967.7    20595.3    -1647.8  12243.1  15438.3  22833.2 2021 10 16 17 35 56.920  0.72   1
     7547  54.508179 -162.188444    53.102   -26384.7   -66027.0    34063.2  54324.6  14507.3  13557.3 2021 10 16 21  0 20.720  1.89   1
     7559  55.353943 -161.657145    17.013     7698.1    28127.4    -2026.2  17119.2  22870.9  19516.3 2021 10 18 11 13 55.140  1.19   1
     7562  55.092676 -162.077035     7.847   -19082.1     -958.1   -11192.2   7972.4  14380.7  16677.3 2021 10 18 15  0 54.360  1.15   1
     7563  55.406482 -161.604346    16.156    11050.5    33976.3    -2882.6  26959.5  38032.3  36856.4 2021 10 18 20 17 32.540  1.03   1
     7564  54.883350 -162.165999     0.233   -24826.0   -24261.2   -18806.3  14915.5   8773.2   7538.5 2021 10 18 20 24 46.800  1.48   1
     7567  55.398043 -161.550749     4.140    14460.2    33036.8   -14898.7  24218.6  32925.3  22957.9 2021 10 18 22 23 28.900  0.43   1
     7570  55.380318 -161.562240     4.407    13732.5    31063.7   -14632.0  15691.9  14069.8  13646.3 2021 10 19  4 56 46.280  0.48   1
     7579  55.367493 -161.664697    18.952     7216.3    29635.9      -86.7  21125.7  30144.5  17189.2 2021 10 19 20 46 21.180  0.96   1
     7585  55.368461 -161.758659    15.284     1238.4    29743.7    -3754.4  44657.9  35141.1  32579.0 2021 10 20  3  1  1.960  0.68   1
     7587  55.362663 -161.689176     8.652     5659.3    29098.2   -10386.4  41508.7  31775.5  39711.1 2021 10 20  3 43 33.910  1.67   1
     7588  55.403536 -161.589974     7.405    11964.8    33648.4   -11634.3  16224.1  18225.1  33262.3 2021 10 20  5 26 53.150  0.20   1
     7592  55.363448 -161.803320    16.459    -1603.0    29185.6    -2579.4  48681.0  35939.4  39328.3 2021 10 20 10 35 14.480  0.89   1
     7595  55.429183 -161.762077     4.362     1020.2    36503.5   -14676.9  91835.4  72015.1 131828.0 2021 10 20 12 41 30.150  0.56   1
     7602  54.677686 -160.739014     7.756    66678.3   -47156.7   -11282.6  21416.5  22208.0  19993.0 2021 10 21  2  7 40.270  2.78   1
     7606  55.255164 -161.370589    24.676    25964.0    17130.8     5637.4  23616.6  45321.1  22344.7 2021 10 21  8 25 35.430  1.83   1
     7610  55.359855 -161.760368    15.253     1129.8    28785.6    -3785.8  42852.9  33289.9  31736.9 2021 10 21 11  7 18.980  1.12   1
     7612  54.687716 -161.485303    43.068    18787.7   -46040.1    24029.2  12725.9  18302.1  11907.9 2021 10 21 12 32 42.960  1.80   1
     7613  55.424353 -161.876416    14.807    -6248.9    35965.8    -4231.8 114818.4 123222.0  98386.1 2021 10 21 13 18 21.200  0.66   1
     7618  55.283203 -161.942839    31.935   -10490.2    20252.3    12896.2  60685.7  50296.3  34727.1 2021 10 22  7 32  5.690  0.89   1
     7627  55.137887 -161.337028     0.355    28143.4     4075.0   -18684.2  17805.8  21669.4  14316.0 2021 10 23 20 59  9.840  2.46   1
     7633  54.880640 -162.190283     1.420   -26381.2   -24562.9   -17618.9  14009.7   8085.7   9625.4 2021 10 24 14 30 22.330  1.15   1
     7644  54.521008 -161.468864     7.306    19883.2   -64598.8   -11733.4  17682.6  14732.8  20633.3 2021 10 25  8 37 18.900  1.74   1
     7645  55.081209 -162.069059     1.172   -18575.6    -2234.6   -17866.4  12708.7  14593.9  21861.8 2021 10 25 13 19 39.520  1.47   1
     7646  55.068217 -162.068262     5.474   -18527.7    -3680.9   -13565.1   8299.8  15746.5  25194.9 2021 10 25 16 44 28.910  0.79   1
     7663  54.417098 -161.607178    10.584    11004.7   -76166.5    -8454.9  19157.6  11170.5  13489.2 2021 10 27  0  0 11.710  1.89   1
     7665  54.918127 -162.194515     2.250   -26639.7   -20389.6   -16789.1  16161.9   4941.4   8885.6 2021 10 27  2 51 52.540  2.05   1
     7667  54.909025 -162.188525     0.968   -26259.5   -21402.9   -18071.2  12773.9   7714.0   7513.6 2021 10 27  3  8 18.840  1.11   1
     7668  54.866398 -162.197135     0.687   -26824.6   -26148.3   -18351.9  14322.9  11219.6  10046.7 2021 10 27  3  8 31.690  1.39   1
     7669  55.138879 -163.238786    14.930   -93193.6     4185.5    -4108.4  15618.7  37605.1  16793.4 2021 10 27  6 59 21.160  3.09   1
      767  55.303796 -161.678581     6.815     6338.1    22544.9   -12223.6  18640.8  16057.3  24003.0 2021  1 26 19 19 41.320  1.54   1
     7674  55.080640 -162.075814     2.995   -19007.0    -2298.0   -16043.7  11892.3  12175.9  14191.2 2021 10 27 10 13 27.160  1.51   1
     7677  55.078463 -162.072689     3.270   -18808.0    -2540.3   -15768.7   8758.7  13352.9  21304.6 2021 10 27 12 56 54.520  1.10   1
      768  54.534131 -162.193115    55.330   -26676.5   -63137.9    36290.9  51301.5  11885.6   8971.4 2021  1 26 19 36 57.400  1.51   1
     7681  54.378381 -161.527588     8.860    16136.0   -80476.7   -10178.4  14727.5  12637.8  15545.2 2021 10 27 15 11  7.230  2.49   1
     7683  54.940247 -161.398096    34.092    24306.8   -17927.2    15052.9  27991.3  20559.0  26722.8 2021 10 27 16 16 10.650  1.48   1
     7689  54.523971 -162.127376    31.378   -22453.5   -64269.0    12338.9  64162.9  21472.9  33760.1 2021 10 28  2 58 55.960  2.33   1
     7691  55.371244 -161.581852    11.402    12486.4    30053.5    -7636.7  16831.6  21632.5  24257.4 2021 10 28  5 53 47.120  0.32   1
     7693  55.311235 -161.678353    17.332     6352.0    23372.9    -1707.1  22573.7  18758.1  16956.3 2021 10 28 11 56 20.060  1.01   1
     7696  54.574223 -161.305420    14.639    30371.6   -58674.7    -4399.4  15293.6  13179.6  15381.5 2021 10 28 15  5 52.680  1.86   1
     7699  55.340751 -162.205534    12.920   -27201.0    26658.9    -6118.5 134908.0  63318.8 181801.5 2021 10 28 15 59 55.260  1.58   1
     7700  54.610502 -161.336491    13.985    28362.5   -54635.9    -5054.0  13399.3  15114.3   8148.1 2021 10 28 18 35 56.340  1.72   1
     7705  54.978800 -162.635954     5.199   -54840.6   -13635.2   -13839.5  13749.4  24715.2  25511.0 2021 10 28 21 30 22.900  1.56   1
     7709  54.946289 -161.532308    21.294    15721.3   -17254.5     2254.8  20887.1  21019.7  32120.5 2021 10 28 22 41 30.440  1.97   1
      771  54.461829 -161.654492    39.127     7954.5   -71186.9    20088.6  27767.7  19314.7  30352.0 2021  1 26 22 17  9.840  1.92   1
     7711  55.307646 -162.162288    39.281   -24458.9    22973.4    20242.2  71311.0  69120.3  45955.5 2021 10 28 23 59 53.260  1.45   1
     7719  54.952942 -161.765413     4.307      812.9   -16513.9   -14731.6  16412.0  18383.9  18202.1 2021 10 29  5 21 21.040  1.21   1
      772  55.551851 -162.578613    13.843   -50809.8    50159.5    -5195.6  89712.1 118046.0 131834.2 2021  1 26 22 24 53.720  1.65   1
     7723  55.313595 -161.776058    11.970      131.6    23635.7    -7068.7  35319.3  43336.0  30325.2 2021 10 29  8 15 33.330  0.10   1
     7726  55.310234 -161.884701    14.209    -6785.2    23261.5    -4830.3  90661.8  97642.0  87131.8 2021 10 29  8 32 40.840  0.11   1
     7730  55.212675 -160.872868    14.394    57704.4    12400.8    -4644.6  18194.2  60839.2  27678.3 2021 10 29  9 20 40.510  1.90   1
     7731  55.302694 -161.783675    21.378     -353.4    22422.1     2338.7  95793.2  80316.1  65904.9 2021 10 29  9 22  5.270  1.26   1
     7735  55.195805 -161.601335     9.035    11271.6    10522.8   -10004.1  36384.3  17557.6  30790.9 2021 10 31  1 50  3.300  1.83   1
     7742  55.350415 -161.733415     6.129     2845.1    27734.7   -12909.4  30907.8  42853.9  42775.2 2021 10 31 14 28  1.510  0.43   1
     7750  55.368722 -161.489844    13.729    18340.3    29772.7    -5309.6   8159.6  23063.0  20204.1 2021 10 31 17 11 37.460  1.34   1
      776  55.011019 -161.593490    38.442    11798.9   -10048.5    19403.4  25306.5  18018.7  21409.3 2021  1 26 23 39 36.360  2.17   1
     7762  54.814848 -162.981299    81.603   -77075.0   -31887.2    62564.0 352203.7 353775.9 351206.4 2021 11  1  7  1 10.340  1.35   1
     7766  54.835539 -162.797266     9.354   -65269.2   -29583.8    -9684.8  14451.6  16192.8  23273.7 2021 11  1  8 41 31.230  1.52   1
      777  54.577055 -162.046094    52.280   -17216.5   -58359.4    33241.4  18437.1   9867.8  15381.2 2021  1 26 23 47 27.680  1.94   1
     7775  55.233549 -161.505111    24.606    17398.4    14724.6     5566.6   7200.2  13167.8   7126.7 2021 11  1 11  0 23.140  1.64   1
     7779  54.841467 -161.266699    31.000    32751.0   -28923.8    11960.7  16715.8  13521.8  37831.3 2021 11  1 11 27  0.290  2.63   1
     7788  55.284355 -161.032373    40.051    47494.4    20380.5    21011.8   8485.2  36627.4  22542.0 2021 11  1 14 58 47.590  1.78   1
     7792  54.828556 -162.400130    14.680   -39838.7   -30361.1    -4359.1  26003.9   9523.1  31677.8 2021 11  1 17  8 19.620  0.90   1
     7794  55.256767 -163.469596     7.433  -107761.2    17309.3   -11606.0  18395.4  36504.5  27121.8 2021 11  1 18 29 17.320  2.80   1
     7796  55.250724 -161.706299     9.492     4576.3    16636.6    -9546.7  19326.7  29123.6  28507.3 2021 11  1 19 31  8.700  1.33   1
     7798  55.357983 -161.620850     9.890    10007.1    28577.2    -9149.1  38273.8  41621.4  50818.4 2021 11  1 20 26 55.080  0.67   1
     7803  55.284029 -161.262712     1.126    32825.1    20344.3   -17912.7  19148.6  31022.0  19465.4 2021 11  2  1 36 10.570  1.20   1
     7805  54.546635 -161.694271    11.879     5389.5   -61745.9    -7159.9  11908.7   7248.3  15279.6 2021 11  2  1 51  5.080  2.08   1
     7807  55.329854 -161.761230    14.571     1075.3    25445.8    -4467.4  35819.4  33155.1  22015.3 2021 11  2  2 20 10.100  0.58   1
     7810  54.938847 -162.237988     5.178   -29413.5   -18083.0   -13860.9  20147.5  13504.2  24786.9 2021 11  2  7  5  3.520  0.95   1
     7812  55.273934 -161.979329    13.207   -12815.7    19220.5    -5832.2 214393.5 185934.8 172199.0 2021 11  2  8 21 34.590  1.73   1
     7825  54.881169 -162.189176     4.661   -26310.2   -24504.0   -14378.3  20298.7   7822.0  26222.4 2021 11  2 18 12 27.200  0.97   1
     7829  55.372510 -161.737581    18.914     2579.2    30194.4     -124.7  31707.2  16389.6  22627.0 2021 11  2 19  3 34.880  0.80   1
      783  55.660282 -161.244824    60.843    33804.3    62230.6    41803.9  33090.5  27848.6  20250.8 2021  1 27  1 21 14.170  2.07   1
     7834  55.177795 -161.704053    24.733     4723.7     8517.9     5694.4  18818.9  15426.6  11492.0 2021 11  3  1 28 35.140  1.10   1
     7835  54.875655 -160.978825    13.527    51164.4   -25117.8    -5511.9  27133.2  30995.8  34091.1 2021 11  3  7 48 30.350  2.25   1
     7836  55.063867 -161.584342    34.048    12375.3    -4165.2    15008.9  21226.2  24609.0  24931.4 2021 11  3 13 15 20.120  2.25   1
     7837  55.307166 -161.648796     6.848     8234.2    22920.0   -12191.2  13478.3  19323.0  28558.8 2021 11  3 13 15 42.950  1.25   1
     7842  55.380505 -161.485465     5.397    18616.1    31084.5   -13641.7  16576.3  26454.9   8707.8 2021 11  4  3 45 18.910  0.99   1
     7843  55.414876 -161.573242    11.417    13027.0    34910.8    -7622.2  16089.1  22474.3  23050.1 2021 11  4  3 54 36.170  1.28   1
     7846  55.435323 -160.950960    53.186    52579.9    37187.1    34147.4  16096.1  49788.7  28022.2 2021 11  4  6 52 14.600  2.29   1
     7847  55.540413 -161.866797    10.986    -5629.1    48886.2    -8052.6 254900.6 153264.3 277231.0 2021 11  4  6 52 54.210  1.61   1
     7848  55.374166 -162.930843     1.157   -73330.3    30378.7   -17881.6  35177.0  40893.0  37021.1 2021 11  4  6 52 58.340  2.12   1
     7849  54.995667 -162.295898     7.045   -33094.1   -11757.6   -11994.3  11652.3  10798.8  17400.5 2021 11  4  8 58  6.310  2.84   1
     7857  55.206844 -161.914925     2.968    -8720.8    11751.7   -16071.2  11439.0  23175.4  26758.4 2021 11  4 23 40 36.900  1.18   1
     7861  55.433411 -161.648356    18.289     8249.1    36974.2     -749.9  35285.6  32201.6  35058.1 2021 11  5  4 25 23.170  1.03   1
     7862  55.341573 -161.560856    18.870    13827.2    26750.4     -168.8  12076.8  23916.3  17677.8 2021 11  5  4 27 55.680  1.18   1
     7866  55.335335 -161.501758     1.034    17589.7    26055.9   -18005.4  27070.5  33686.1  29670.5 2021 11  5  7 28 38.700  1.60   1
     7871  55.442228 -161.817643    21.819    -2511.8    37955.8     2780.0  78153.6  77974.5  57241.6 2021 11  5 13 17 58.610  0.98   1
     7872  55.314075 -161.653337     7.805     7944.4    23689.1   -11234.0  17712.6  29092.7  29140.6 2021 11  5 15 50 47.600  1.26   1
     7873  55.424121 -161.917041    21.165    -8831.6    35940.0     2125.8 120934.9 121633.0  89784.6 2021 11  5 15 59 56.170  1.65   1
     7874  55.341764 -161.731689    30.269     2955.2    26771.7    11230.2  28879.9  57643.0  24779.7 2021 11  5 17 27 28.240  1.83   1
     7877  54.893750 -162.502165    28.528   -46336.5   -23103.4     9488.9  20980.1  16769.0  49269.5 2021 11  5 21 49  9.440  1.92   1
     7878  55.172241 -161.855160    12.083    -4912.9     7899.5    -6956.1  69803.4  46539.0  83018.9 2021 11  5 23 58  2.880  1.86   1
     7879  55.394865 -161.589876    21.599    11972.4    32683.1     2560.2  25212.0  21298.1  25093.8 2021 11  5 23 58  3.300  0.85   1
     7880  55.326839 -161.939242    14.082   -10255.5    25110.1    -4956.8 194305.2 263770.5 266728.9 2021 11  6  0  1 51.100  1.32   1
     7882  54.952140 -162.237207     2.169   -29358.6   -16603.1   -16870.2  10328.1   6340.2  10256.1 2021 11  6 11 17 24.790  1.25   1
     7884  55.325012 -161.691976    16.268     5483.8    24906.7    -2770.9  23179.7  20394.9  13860.4 2021 11  6 14 47 26.170  1.61   1
     7889  55.300199 -162.141260    48.296   -23122.2    22144.4    29257.1  67221.8  70432.6  38406.5 2021 11  6 15 59 52.330  1.67   1
     7890  55.385681 -161.834635     5.576    -3594.4    31660.7   -13462.8  87848.2  88767.3 146008.7 2021 11  6 21 35 46.280  0.28   1
     7894  54.934753 -160.408480    11.189    87608.8   -18538.7    -7850.0  11809.3  31052.6  11585.4 2021 11  7  3 21  1.110  2.31   1
      790  55.004342 -162.267008    19.793   -31244.2   -10791.8      754.1  19017.7  15043.8   9138.8 2021  1 27  2  7 34.120  1.76   1
     7903  55.419088 -161.930339    13.567    -9677.6    35379.7    -5471.6 174111.0 175922.7 143319.2 2021 11  7 10 51 56.410  1.49   1
     7909  55.427299 -161.655924    16.578     7768.6    36293.8    -2460.7  33137.9  36186.8  35529.1 2021 11  7 16 53 33.990  1.17   1
      791  55.257556 -160.309424    11.420    93567.9    17397.2    -7618.9  13672.0  25458.3  13884.8 2021  1 27  2 11 53.510  1.44   1
     7913  55.319820 -160.499170    13.803    81416.2    24328.7    -5235.6  19189.5  56334.8  16990.0 2021 11  7 17 58  5.520  3.12   1
     7915  55.284180 -161.633073    27.764     9237.9    20361.1     8724.7  19193.1  24132.8  19770.6 2021 11  8  3 22 52.080  1.86   1
     7916  55.339844 -161.847721    20.109    -4429.3    26557.8     1070.5  47018.7  78636.8  56275.6 2021 11  8  3 31 27.700  1.90   1
      792  55.265877 -161.548405    11.971    14633.5    18323.5    -7067.9   9961.4  15888.6  22840.0 2021  1 27  3  8 54.450 -0.20   1
     7927  55.510067 -162.029281    14.731   -15950.1    45507.9    -4307.6 309324.0 234153.0 283763.7 2021 11  8 11  5 30.690  1.43   1
      793  54.494613 -162.068376    50.354   -18667.1   -67537.3    31314.7  29955.6  11274.6  14429.4 2021  1 27  4 14  5.590  1.60   1
     7933  55.367908 -162.333903    44.848   -35358.6    29682.1    25809.4  80698.2  39906.5  72006.3 2021 11  8 15 59 52.080  1.57   1
     7935  55.696729 -162.050846     1.494   -17279.1    66287.9   -17544.7 169046.3 111332.9 129307.6 2021 11  8 16 33 19.830  2.08   1
      794  55.052751 -161.468555    17.437    19772.5    -5402.7    -1601.8   8566.1  31440.6  26768.6 2021  1 27  4 24  7.540  1.70   1
     7940  55.277828 -161.721680    22.589     3595.1    19654.0     3550.4  30915.9  25007.5  21508.1 2021 11  8 19 29  9.180  1.93   1
     7941  55.571110 -161.867448     0.348    -5668.3    52303.5   -18690.4 146416.3 163402.0 209475.5 2021 11  8 19 29  9.140  1.29   1
     7945  56.110128 -163.372786   103.622  -100507.7   112309.5    84583.1 465629.4 491817.2 478737.2 2021 11  8 19 37 10.360  1.78   1
     7947  55.095048 -161.856738     9.697    -5018.5     -694.0    -9342.1  26069.7  16420.1  22653.5 2021 11  8 21 15  2.240  0.97   1
     7949  54.707922 -161.844352    33.485    -4248.1   -43790.6    14446.4  23800.1  19634.1  29286.8 2021 11  9  0  1 28.240  1.25   1
     7954  55.548181 -161.874902    15.058    -6143.1    49750.9    -3981.1 207749.6 130763.3 163680.1 2021 11  9  5 52 12.820  1.09   1
      796  55.071106 -160.829134    63.263    60599.0    -3359.3    44223.8   9605.2  28614.0  12877.8 2021  1 27  4 46  2.420  2.19   1
     7961  55.022681 -162.275244    18.264   -31763.3    -8750.2     -775.0  22868.1  24680.9   7328.7 2021 11  9 13  8 43.110  1.10   1
     7963  55.231494 -161.838005     6.265    -3816.0    14495.9   -12774.0  86492.0  66976.4  70314.2 2021 11  9 13 16 10.200  0.30   1
     7967  54.395748 -161.191423     9.599    37778.9   -78543.3    -9439.6  22863.0  18314.5   8996.0 2021 11  9 17 49 51.560  1.53   1
     7968  54.528389 -161.756152    41.613     1412.6   -63777.1    22574.5  34408.1  20705.9  34778.4 2021 11  9 18 11 27.580  1.31   1
     7969  54.908097 -162.224723     5.163   -28575.9   -21506.2   -13875.5   8221.8   6772.6  13349.8 2021 11  9 18 21 38.600  0.36   1
      797  54.883427 -161.498161    28.564    17919.2   -24252.6     9524.8  28096.6  13825.3  46249.9 2021  1 27  7 10 24.620  1.38   1
     7975  54.509131 -163.238542     2.793   -93907.9   -65921.0   -16246.3  20164.5  19613.0  19548.2 2021 11 10  1 47 18.050  2.06   1
     7993  55.329606 -162.002979     9.204   -14312.1    25418.1    -9835.2  53165.2  97328.7 121321.1 2021 11 11 19  0 20.720  1.81   1
     7995  55.400818 -161.937402    16.590   -10129.1    33345.8    -2449.2 221916.3 145409.1 210728.2 2021 11 11 23 59 57.800  1.60   1
     7996  55.072380 -162.858317     3.481   -68975.9    -3217.5   -15558.1  13714.4  12643.7  21405.1 2021 11 12  0 50 11.380  1.46   1
        8  54.626278 -161.424056    12.194    22734.5   -52879.7    -6844.8  13804.2   9689.0  12110.9 2021  1  1 12 35 10.290  1.64   1
       80  54.642094 -160.982259    37.874    51092.0   -51118.9    18835.4  10308.8  16194.0  23187.2 2021  1  3  6  4 33.760  2.38   1
     8000  55.360095 -161.790283     0.940     -773.6    28812.3   -18098.9  22612.5  24459.5  19538.4 2021 11 12 10 29  4.990  1.70   1
     8002  55.264054 -161.306396    13.811    30050.4    18120.6    -5227.4  20621.4  33280.3  91533.8 2021 11 12 12 16 57.820  1.48   1
     8003  55.341964 -161.954639     7.460   -11233.5    26793.8   -11579.0 222735.7 198426.7 269783.3 2021 11 12 12 22 52.240  0.08   1
     8006  55.344234 -161.984033     6.975   -13103.8    27046.6   -12063.5 127612.4 145793.3 195407.7 2021 11 12 16 32 31.600  1.05   1
     8013  55.435974 -161.743441    10.832     2204.7    37259.5    -8207.3  41519.2  46199.4  52100.8 2021 11 12 19 29 55.120  1.58   1
     8016  55.405001 -161.816146     5.945    -2417.8    33811.4   -13094.2 139375.6  72343.1 171913.3 2021 11 12 19 37 15.100  0.31   1
     8017  55.449984 -161.656510     5.568     7729.2    38819.1   -13470.5  47205.3  58197.6  44393.2 2021 11 12 19 44 20.160  0.07   1
     8018  54.984424 -162.773975     2.707   -63659.8   -13009.2   -16331.7   9566.4  16248.6  10921.0 2021 11 12 19 46 31.040  1.44   1
     8019  54.500647 -163.239014     6.927   -93948.1   -66865.5   -12111.8  18750.0  18646.0  19221.1 2021 11 12 21 19 52.400  2.15   1
     8025  55.532947 -161.849056    11.239    -4503.3    48055.0    -7800.1 104342.1 142709.0 218558.0 2021 11 13  3  1 50.580  0.98   1
     8038  54.488424 -163.217269    10.291   -92563.6   -68226.2    -8748.3  11947.1  10463.6   7967.7 2021 11 13 12  7 42.080  2.11   1
      804  54.371545 -162.116585    37.777   -21800.6   -81237.7    18737.9  66276.3  18357.4  30630.1 2021  1 27  9  5 59.730  2.00   1
     8044  54.928923 -162.642725    61.630   -55307.7   -19187.8    42591.1 379691.2 309641.3 356570.7 2021 11 13 15 59 57.610  0.84   1
     8047  55.337557 -161.736214    15.633     2667.4    26303.3    -3405.7  32627.9  41558.1  25394.1 2021 11 13 16 11 33.560  1.84   1
     8051  55.389868 -161.690674    14.881     5562.1    32126.8    -4157.6  29050.1  55959.0  25840.4 2021 11 13 19 22 38.240  0.36   1
     8055  55.359379 -161.878206    23.544    -6367.9    28732.6     4504.6  89419.7 108839.1  57999.2 2021 11 13 19 25 42.960  1.66   1
     8060  55.362362 -161.877132     1.285    -6299.3    29064.6   -17754.1  62693.4  38029.5  92939.4 2021 11 13 19 35 14.000  0.32   1
     8066  54.531413 -163.291683    14.127   -97298.3   -63440.5    -4912.1  18925.1  19994.0  19152.2 2021 11 14  0  4 47.600  1.67   1
     8067  55.309550 -161.651937     8.108     8034.0    23185.4   -10930.4  10121.6  32031.7  52100.5 2021 11 14  2 14 19.250  1.62   1
     8068  55.095585 -161.897868    17.527    -7644.0     -634.2    -1512.3  88979.1  31636.1  49849.1 2021 11 14  2 14 28.850  1.93   1
     8069  55.519572 -161.793392    14.723     -969.4    46566.0    -4316.3 179799.0 147003.6 188876.1 2021 11 14  2 18 35.610  1.27   1
     8081  55.436137 -161.724430     5.865     3413.1    37277.6   -13173.7  58829.5  52469.0  57096.3 2021 11 14  7 25 28.710  0.93   1
     8082  55.439311 -161.908366    16.103    -8278.5    37631.0    -2936.2  76438.3  86987.1  76499.6 2021 11 14  7 26  8.450  1.26   1
     8089  55.465450 -161.824593     2.648    -2952.7    40540.9   -16391.1  52781.9 101340.8 110067.8 2021 11 14 10 55 24.520  0.78   1
     8091  55.451803 -161.955404    15.515   -11266.6    39021.6    -3523.8 252874.5 227461.6 214613.3 2021 11 14 13 55 18.930  1.38   1
     8099  55.135364 -162.106169    42.222   -20930.9     3794.2    23183.4  70278.5  42991.7  37371.2 2021 11 14 17 15  3.440  1.04   1
       81  55.151575 -161.923779     5.384    -9291.6     5598.8   -13654.9  15510.2  12880.5  20376.9 2021  1  3  6  5  4.440  1.21   1
     8100  55.520646 -161.839323     9.761    -3886.0    46685.6    -9278.1 157642.7 135646.5 195832.1 2021 11 14 17 16  7.440  1.64   1
     8102  55.351050 -161.765511     3.573      802.7    27805.4   -15465.6  18626.4  18539.1  28203.2 2021 11 14 17 18  4.840  0.66   1
     8104  55.288241 -161.653206    32.084     7955.3    20813.1    13045.2  31842.3  35771.5  28431.1 2021 11 14 17 25 59.080  1.46   1
     8108  55.437516 -161.909131    16.928    -8327.3    37431.2    -2111.0 111912.6 101736.1  89495.6 2021 11 14 19 19 47.720  0.93   1
     8109  55.367228 -161.795036    20.970    -1075.9    29606.4     1931.5  22017.5  40092.2  23197.7 2021 11 14 19 23 13.420  1.10   1
     8110  55.472331 -161.872575    11.855    -6001.1    41306.9    -7183.7 107914.5 122268.2 130079.6 2021 11 14 19 26 53.520  1.88   1
     8115  55.464071 -161.962386    15.640   -11708.6    40387.4    -3399.3 253327.5 236110.2 223521.6 2021 11 14 22 28 10.120  1.30   1
     8118  55.372681 -161.837223     5.927    -3759.6    30213.4   -13111.5  80352.1  52077.3  80111.2 2021 11 14 22 42 20.560  0.10   1
     8122  54.869657 -161.144889    56.849    40537.4   -25785.5    37810.5  15539.9  15224.1  16777.7 2021 11 15  0 46 32.610  2.01   1
     8123  55.360209 -161.775114     1.549      191.6    28825.0   -17489.8  33160.5  21110.5  18487.4 2021 11 15  1 23 57.360  1.73   1
     8124  55.362732 -161.781722     7.487     -228.9    29105.9   -11552.2  69043.6  33407.0  64494.6 2021 11 15  1 29  6.440  1.92   1
     8128  54.861548 -162.150814     0.255   -23860.5   -26688.3   -18783.7  15468.4   7619.5   7463.6 2021 11 15  3 37 21.740  1.73   1
     8132  54.403825 -163.271647    56.448   -96161.2   -77644.2    37409.6  21390.5  21462.9  26869.2 2021 11 15  5 14 42.700  1.62   1
     8134  55.350850 -161.778792    24.274      -42.5    27783.2     5235.0  28066.4  28148.4  22578.4 2021 11 15  5 51  9.820  1.43   1
      814  55.163000 -161.372673    31.513    25861.0     6870.8    12474.1  16256.8  19837.1  22520.3 2021  1 27 15 31 11.340  2.57   1
     8140  55.370614 -161.783740     8.279     -357.2    29983.3   -10760.0  96364.5  26990.8  98445.2 2021 11 15  8 54 46.330 -0.04   1
     8141  55.282141 -161.814437     2.326    -2312.6    20134.1   -16713.1  51179.7  42984.6  25069.2 2021 11 15  8 56 45.270  0.46   1
     8143  54.594063 -161.470426    12.893    19765.0   -56465.9    -6145.5  14944.8  11345.2  15509.7 2021 11 15  9 15 48.260  1.82   1
     8144  55.287187 -160.638346    33.434    72586.1    20695.8    14394.8  22586.2  37539.4  57292.2 2021 11 15  9 19 55.610  2.52   1
     8146  55.304175 -161.674495    17.505     6598.2    22587.0    -1533.7  16144.0  17655.2  15024.7 2021 11 15 11 22 49.170  1.45   1
     8154  55.561995 -161.784847    16.470     -426.6    51288.8    -2568.4 266231.8 132648.4 212910.1 2021 11 15 13  5 53.380  1.28   1
     8155  55.373966 -161.904834    15.941    -8060.6    30356.5    -3098.0  93481.0  99501.0  94276.4 2021 11 15 13  9 28.850  1.22   1
     8159  55.235669 -161.824300     7.777    -2942.5    14960.6   -11262.1  40949.0  37753.7  67024.3 2021 11 15 14 21 15.650  1.02   1
     8170  55.448792 -161.855859     9.297    -4940.5    38686.4    -9742.4  81766.4 117327.6 134024.0 2021 11 15 15 56 26.480  0.79   1
     8172  55.248820 -161.473193    17.098    19428.7    16424.7    -1940.8  10217.7  20472.7  19165.3 2021 11 15 17 16  9.020  1.41   1
     8173  55.313879 -161.979883    18.384   -12844.5    23667.4     -654.7 138248.2 154578.4 112448.4 2021 11 15 17 16 10.160  1.47   1
     8177  55.361894 -161.792318    18.656     -903.0    29012.6     -382.4  41182.7  20895.7  27200.9 2021 11 15 20 41 50.680  1.01   1
     8184  55.378943 -161.897542     5.967    -7596.3    30910.5   -13071.8  66121.1  94864.1 330902.7 2021 11 15 20 51 40.760 -0.23   1
     8185  55.387048 -161.858984    11.172    -5143.0    31812.9    -7866.9 137194.9 151598.4 230056.2 2021 11 15 20 57 10.520  1.37   1
     8186  55.694202 -161.373568    13.790    25632.7    66006.6    -5249.0  38107.7  37490.2  68165.0 2021 11 15 21 18 56.860  2.03   1
      819  54.573100 -161.276969    13.407    32200.0   -58799.7    -5632.2  14048.4  12186.2  12268.6 2021  1 27 16 46  4.750  2.23   1
     8191  54.833822 -162.822070    84.939   -66859.2   -29774.9    65900.6 334104.3 331824.0 604304.8 2021 11 15 23 19 57.800  0.34   1
     8198  55.315617 -161.815446     3.234    -2375.9    23860.8   -15804.8  19046.4   9464.8  54219.7 2021 11 16  3 30  3.340  0.82   1
      820  54.992293 -161.668848    23.883     6984.9   -12133.1     4844.5  19952.3  24190.8  51250.2 2021  1 27 18 18 24.000  1.47   1
     8202  55.382601 -161.752262    17.886     1645.1    31317.8    -1153.3  34393.4  19070.8  23501.4 2021 11 16  6 59  6.100  1.23   1
     8214  55.417513 -161.881592    21.253    -6578.5    35204.4     2213.8 115919.4 129041.7  81370.3 2021 11 16 14  0 11.780  1.45   1
     8219  55.040389 -162.444727    39.724   -42582.9    -6778.9    20685.1  17520.2  12587.8  36726.4 2021 11 16 14 13 57.140  1.82   1
      822  54.973674 -162.480957    21.381   -44934.6   -14205.9     2341.9  20701.2  26578.7  42773.2 2021  1 27 19 30 37.800  1.29   1
     8221  54.562659 -162.551090    18.440   -49670.5   -59962.0     -598.7  11372.3   9772.8  11199.7 2021 11 16 15 18 49.780  2.41   1
     8225  54.459184 -163.163753     0.730   -89153.6   -71481.4   -18308.5  21812.2  19237.4  15936.7 2021 11 16 18 49 55.900  2.53   1
     8227  54.409005 -162.080420    15.738   -19462.2   -77067.5    -3301.3  33465.9   9860.0  22312.4 2021 11 16 19 39 22.720  2.15   1
     8228  55.379277 -161.930257    13.951    -9677.3    30947.7    -5088.3 184675.9  79794.6 146906.1 2021 11 16 20  7 11.800  1.38   1
     8235  55.220056 -161.351969    17.539    27162.2    13222.5    -1500.1  22176.1  30694.0  39658.5 2021 11 16 23  1 52.340  1.27   1
     8241  55.718119 -160.555990    11.622    77411.1    68669.3    -7416.8  21887.7  32837.7  21381.8 2021 11 17  2 43 56.180  1.77   1
     8242  55.303072 -161.989193    22.956   -13439.0    22464.3     3917.4  98375.4 158121.7  80215.2 2021 11 17  2 54 14.340  2.21   1
     8243  54.955965 -162.797087     3.651   -65160.3   -16177.3   -15388.2  13090.4  35604.1  38044.1 2021 11 17  2 54  9.420  2.12   1
     8245  54.991683 -162.297689     1.866   -33210.2   -12201.1   -17173.3  12191.1  12747.1  11719.3 2021 11 17  6 12 34.250  1.65   1
      825  54.447990 -162.195915    44.251   -26885.0   -72727.5    25211.7  26027.2  15355.3  22679.1 2021  1 27 21 14 15.160  1.67   1
     8256  54.520219 -162.013639    11.119   -15142.0   -64686.6    -7920.3  20699.7  12492.8  21868.9 2021 11 17 10  3  4.480  2.48   1
     8258  55.366512 -161.790299    19.692     -774.6    29526.7      653.6  37316.8  29900.4  23471.6 2021 11 17 11 28 57.750  1.34   1
      826  54.959688 -162.290511     4.156   -32764.4   -15762.8   -14883.2  10706.3  10014.7   9185.0 2021  1 27 21 23 43.960  0.87   1
     8262  55.391060 -161.950700    17.166   -10976.0    32259.5    -1873.3 158565.7 103714.8 143624.7 2021 11 17 15 59 56.870  1.25   1
     8263  55.565889 -162.638574     1.529   -54606.1    51722.3   -17509.6  87012.0 114780.1  95597.2 2021 11 17 16 11  7.270  1.48   1
     8266  55.126656 -162.200505     6.653   -26952.9     2824.8   -12386.2  20291.1  47464.6  21226.2 2021 11 17 17 13  0.000  2.20   1
     8268  55.115544 -161.942139     5.015   -10467.5     1587.7   -14023.7  17670.4  20895.3  14278.7 2021 11 17 20 19 27.680  1.10   1
     8269  54.778788 -161.337760    10.640    28222.2   -35901.5    -8399.2  27392.6  20402.2  22429.1 2021 11 17 20 19 26.000  1.47   1
     8271  55.365824 -161.900895     5.214    -7810.9    29450.1   -13824.6 119245.1 111241.6 224304.2 2021 11 17 20 23 37.920  0.46   1
     8274  55.314429 -161.687988    17.612     5738.3    23728.5    -1427.3  16262.3  20005.5  13564.4 2021 11 17 20 34  6.520  1.19   1
     8279  54.772961 -162.760254     1.440   -62947.6   -36550.2   -17598.4  12178.2  11582.2  12254.7 2021 11 17 23 18 50.640  1.30   1
     8283  55.362911 -162.583740     1.872   -51256.5    29125.8   -17166.8  25192.6  54317.2  36173.9 2021 11 18  0 31 48.740  2.22   1
     8294  55.430859 -161.447640    30.663    21008.9    36690.1    11624.2   9992.5  20176.0  16388.0 2021 11 18  5 20 30.930  1.37   1
     8300  55.360372 -161.806803     0.951    -1824.7    28843.1   -18088.4  44149.9  79871.6 100413.6 2021 11 18 13 55 36.220 -0.38   1
     8301  55.337769 -161.723275    18.556     3490.9    26326.8     -483.0  25701.7  24028.7  19157.2 2021 11 18 13 57 48.800  1.19   1
     8304  54.950521 -162.250130     3.461   -30185.7   -16783.4   -15578.2   7330.3   8751.0   8981.4 2021 11 18 14  6 29.210  1.94   1
     8307  54.690971 -161.992106    29.552   -13728.6   -45677.7    10512.7  84196.5  17950.8  62060.5 2021 11 18 14 14 50.180  1.83   1
     8309  54.578304 -161.291341    12.615    31274.6   -58220.3    -6424.2   9359.2   8105.9   9205.0 2021 11 18 14 45 46.690  3.05   1
     8311  55.225570 -161.916178    22.791    -8798.6    13836.3     3752.5  37761.2  59809.0  35647.5 2021 11 18 17  7 50.560  1.14   1
     8312  55.423197 -161.896094    18.248    -7500.0    35837.2     -791.1  82519.6  97959.6  80962.0 2021 11 18 17 49 22.320  1.07   1
     8314  55.387992 -161.530957    19.001    15720.9    31918.0      -38.2  16971.9  33176.2  19763.9 2021 11 18 17 54 37.660  1.33   1
     8324  55.376143 -161.770280     5.830      499.1    30598.9   -13208.9  90095.6  92708.5 100113.2 2021 11 18 20 18 26.520  0.60   1
     8331  55.376339 -161.773633    20.418      285.8    30620.6     1379.2  33701.5  26298.1  20189.0 2021 11 19  1 59 23.600  1.15   1
     8332  54.834277 -163.041683    78.112   -80923.7   -29724.2    59073.6 335878.0 400919.2 391775.3 2021 11 19  2  1  4.130  1.61   1
     8333  55.403292 -161.809163     1.546    -1973.8    33621.2   -17492.5 144943.4 146791.4 184083.7 2021 11 19  2  3 36.990  0.84   1
     8334  55.382707 -161.876123    11.803    -6233.5    31329.5    -7235.4 108055.6 119829.3 220426.3 2021 11 19  2  6 44.440  1.13   1
     8336  55.334672 -161.804704     9.020    -1691.6    25982.1   -10018.8  65477.8  62802.5  59006.9 2021 11 19  2 11 28.910 -0.22   1
     8339  54.597677 -161.278141    14.178    32114.9   -56063.7    -4861.2  16332.9  18129.5  22254.1 2021 11 19  3 51  8.890  2.79   1
     8353  55.428145 -161.899089    17.482    -7689.9    36388.0    -1556.6  92765.6 101079.3  69855.7 2021 11 19 21 15  4.880  1.71   1
     8359  55.442240 -161.848437     8.467    -4469.1    37957.1   -10571.6  76697.9 103039.0 123491.3 2021 11 20  2 34 10.230  0.72   1
     8361  55.426949 -161.878646    19.460    -6390.4    36254.8      420.6 108542.2 154208.7 113777.6 2021 11 20  4 39  9.480  1.35   1
     8365  55.354102 -162.270036    21.829   -31300.8    28145.1     2790.5 120143.0  22459.9 127991.0 2021 11 20  7 59 54.680  0.94   1
     8369  55.324792 -161.641325    17.169     8707.9    24882.3    -1869.6  14888.6  21568.4  11312.3 2021 11 20 15 21 53.490  1.18   1
     8375  55.304692 -161.412923    25.128    23252.6    22644.5     6089.4  17485.3  26790.8  29511.6 2021 11 20 18 17 19.780  1.38   1
     8376  55.421663 -161.893848    15.308    -7357.3    35666.4    -3731.2 146278.0 174676.2 124447.4 2021 11 20 18 17 23.080  1.26   1
     8378  55.346602 -161.878613    24.915    -6394.8    27310.2     5876.1  46327.5  46195.6  36389.7 2021 11 20 18 19 35.040  1.14   1
     8388  55.498568 -161.856283    11.568    -4964.3    44227.7    -7471.2  72777.5 186431.1 227600.1 2021 11 21  3 30 18.600  1.11   1
     8390  55.353805 -162.023714    12.773   -15627.2    28112.0    -6265.6 263094.9 205134.8 282504.9 2021 11 21  3 41 22.600  1.53   1
     8393  55.458044 -161.823893     3.710    -2908.5    39716.5   -15329.0  55116.0  96605.6 284315.7 2021 11 21 10  3  8.220  0.60   1
     8398  55.131645 -161.159619    30.981    39465.7     3380.1    11941.9  16870.4  24468.9  35584.3 2021 11 21 10 48 23.220  2.29   1
     8401  54.787984 -161.828809    17.986    -3247.9   -34877.8    -1052.7  21391.8  11073.1  27113.8 2021 11 21 14 34 31.030  1.96   1
     8402  54.765324 -161.854671     0.767    -4906.5   -37400.4   -18271.8  25431.8  19820.2  15067.5 2021 11 21 14 40 33.040  1.70   1
     8412  54.488936 -161.101530    19.820    43517.3   -68169.2      780.7  17219.5  14366.5  13679.6 2021 11 22  7 45 44.860  2.09   1
     8416  55.417961 -161.702783    37.003     4790.2    35254.2    17964.1  40812.3  53992.6  31557.2 2021 11 22 11 28  8.690  2.11   1
     8417  55.336776 -161.921712     8.999    -9138.6    26216.3   -10039.7 121985.5 120914.9  93002.6 2021 11 22 11 29  3.660  1.49   1
     8418  54.603638 -162.294645    56.463   -33174.7   -55400.1    37423.8  46728.5  12416.7  20053.9 2021 11 22 12 36 18.810  1.71   1
     8423  54.724679 -162.077083    17.344   -19172.6   -41925.2    -1695.2  30779.5  12404.7  20006.6 2021 11 23  1 14 36.660  0.82   1
     8424  54.875651 -162.052327     1.846   -17552.1   -25118.3   -17192.5   6578.1  13702.5  18234.1 2021 11 23  1 14 59.760  1.23   1
     8425  55.269926 -162.861361    27.238   -69000.0    18774.3     8198.9  32048.9  42347.0  62168.4 2021 11 23  3 36 30.860  1.93   1
     8427  55.346163 -162.284652     4.731   -32234.0    27261.3   -14308.3 108402.0 121144.8 173474.3 2021 11 23  5  5 26.970  1.96   1
     8428  55.353365 -161.624984     5.075     9744.6    28063.1   -13964.1  29625.2  24353.4  33486.7 2021 11 23  5 21  3.910  2.00   1
     8430  55.237150 -160.945361    13.373    53067.2    15125.5    -5666.2  15605.7  41834.4  16988.5 2021 11 23  7 19  6.990  1.73   1
     8434  55.190853 -161.895964     3.542    -7513.5     9971.5   -15496.8  24696.5  26032.9  27619.1 2021 11 23 11 15 25.290  0.88   1
     8441  54.855306 -161.191227    31.882    37577.7   -27383.2    12842.8  18329.5  20933.6  40361.4 2021 11 23 19 31 53.000  2.10   1
     8443  54.428007 -163.135384     5.805   -87361.8   -74952.1   -13234.0  21543.3  18148.5  14803.7 2021 11 23 21  4  9.480  1.95   1
     8445  55.450252 -161.667448    21.860     7034.0    38849.0     2821.5  22782.1  41906.5  21806.8 2021 11 24  0 35 32.850  1.04   1
     8456  55.366069 -161.665413    13.885     7170.9    29477.3    -5154.1  32453.8  34005.6  29166.8 2021 11 25  2 43 28.290  1.71   1
     8466  54.645032 -161.491374    42.340    18407.8   -50791.9    23301.6  12963.4  15399.4  17374.3 2021 11 25 16 50 49.730  1.73   1
     8469  55.335160 -161.695524    18.273     5257.2    26036.5     -765.4  39343.6  41912.7  27420.9 2021 11 25 18 59 36.040  0.94   1
      847  54.864294 -162.054541     3.437   -17696.3   -26382.5   -15601.4  16697.5  12517.5  47917.4 2021  1 28 10 39 29.960  1.71   1
     8471  55.446541 -161.911963    12.912    -8506.4    38435.9    -6126.4 107353.3 157625.7 140894.7 2021 11 25 19  0 27.400  1.25   1
     8474  55.367167 -161.781771    21.164     -232.0    29599.6     2124.9  41029.6  26477.5  23436.9 2021 11 25 22 33 55.400  1.45   1
     8476  55.384823 -161.901660    25.070    -7857.7    31565.1     6030.9 113855.8  98751.9  79822.6 2021 11 25 22 36 54.360  1.52   1
      848  54.518286 -161.160189    13.267    39730.1   -64901.8    -5771.7  11112.3  12416.9   9712.3 2021  1 28 11 14 23.180  2.08   1
     8481  54.951868 -161.671061    12.448     6846.8   -16633.5    -6591.1  15432.9  19931.8  14737.1 2021 11 26  2  5 26.460  1.38   1
     8485  55.374333 -161.863672     2.604    -5442.1    30397.3   -16434.8  31203.7  20607.0  31011.1 2021 11 26  3 17 31.950 -0.18   1
     8486  55.271053 -161.685482    15.625     5901.1    18899.7    -3413.8  22004.1  21194.7  19248.1 2021 11 26  3 24 12.050  0.73   1
     8489  55.187675 -161.885514     5.553    -6847.5     9617.7   -13486.0  28120.4  23562.8  12773.8 2021 11 26  5  8 19.930  0.81   1
     8497  54.891577 -162.586800    26.300   -51754.3   -23345.3     7261.0  21080.2  20316.6  16525.5 2021 11 27  4 25 45.400  1.58   1
     8498  55.005827 -162.344694     9.285   -36208.4   -10626.5    -9753.8  16653.2  14153.3  11650.1 2021 11 27  4 26 13.660  0.79   1
     8499  55.452999 -161.850684    15.187    -4611.3    39154.8    -3851.6 129685.2 114530.1 131201.4 2021 11 27  7 59 57.180  1.47   1
     8502  54.636019 -161.863770    22.222    -5498.5   -51795.2     3182.7  18740.6  18891.7  21764.5 2021 11 27  8  4 23.980  2.31   1
     8505  54.850020 -162.035319     2.051   -16468.6   -27971.6   -16988.1   8343.5  15158.3  18531.0 2021 11 27 19 49 46.340  1.39   1
     8514  54.394934 -162.377897    38.533   -38620.9   -78633.9    19494.4  57954.3  19688.3  47709.5 2021 11 28 10 12 11.870  2.04   1
      852  54.698848 -162.495752    71.777   -46037.0   -44800.8    52737.8  27379.1  10304.4  14827.5 2021  1 28 18 16  9.840  1.72   1
     8522  55.361487 -161.642904    19.163     8603.5    28967.3      124.2  18855.5  25881.2  19954.3 2021 11 29  4 14 51.700  1.03   1
     8523  55.246171 -161.531152    17.579    15736.4    16129.8    -1460.3  14741.6  25938.6  35227.4 2021 11 29  4 21  9.960  1.66   1
     8527  55.230269 -161.852327    23.344    -4728.9    14359.5     4304.8  59205.5  31329.6  28095.5 2021 11 29  8 37 36.790  0.98   1
     8529  54.328044 -161.624723     8.536     9886.0   -86080.5   -10502.6  16253.8  11640.5  10813.5 2021 11 29 11 15 37.670  2.15   1
     8533  55.373816 -161.827979     4.826    -3171.5    30339.8   -14212.4  40334.6  35244.1  74404.6 2021 11 29 13 36 24.200  0.56   1
     8534  55.440047 -161.789535    14.262     -725.2    37713.0    -4777.3 310898.9 153495.9 274888.5 2021 11 29 13 43 40.220  0.58   1
     8535  55.425647 -161.905778     8.385    -8115.4    36109.9   -10654.0  88895.5 121418.4 128866.2 2021 11 29 18  2 47.460  1.10   1
      854  54.894324 -162.636979    12.277   -54963.8   -23039.5    -6761.7  15323.8  15127.5  54739.4 2021  1 28 18 32 52.120  1.68   1
     8541  55.394092 -161.657113    12.621     7696.3    32597.0    -6417.4  30788.8  37570.3  32933.9 2021 11 29 23 59 25.380  0.41   1
     8542  55.141199 -161.564242     2.883    13645.9     4443.7   -16156.0  25853.4  15115.9  11777.3 2021 11 30  0  0 16.890  1.33   1
     8544  55.333740 -161.681071    16.348     6177.2    25878.4    -2690.6  26077.7  51582.1  39981.8 2021 11 30  5 28  7.010  0.40   1
     8546  55.360701 -161.708171    19.615     4450.9    28879.8      576.4  22212.7  29217.2  16087.2 2021 11 30  7  1 22.390  1.28   1
     8547  55.285750 -161.547998    10.422    14655.7    20535.9    -8617.3  16000.7  26726.3  13208.5 2021 11 30  7  2 53.280  1.42   1
     8550  55.337862 -161.730550    19.314     3027.9    26337.2      275.4  20705.1  20067.7  14394.9 2021 11 30  9  2  8.870  1.78   1
     8557  55.337061 -161.655420    21.288     7809.5    26248.0     2249.1  25479.1  33004.7  19599.2 2021 11 30 13 54 36.420  1.66   1
     8563  55.260209 -161.526595     5.577    16023.9    17692.5   -13462.2   8373.2  12995.0  13318.2 2021 11 30 16 30 26.810  1.58   1
     8569  55.401388 -161.795719     5.590    -1118.9    33409.2   -13448.5  32656.7  28275.5  44606.9 2021 11 30 19 19 37.040  2.02   1
     8572  55.312793 -161.535400     3.757    15452.8    23546.4   -15281.6  19511.8  19457.0  37941.8 2021 11 30 22 56 24.360  1.11   1
     8575  54.815792 -161.321810    20.532    29231.1   -31782.1     1492.9  22749.9  23244.9  21623.0 2021 11 30 23 36  8.620  2.00   1
      858  55.155461 -161.369710    17.587    26052.4     6031.4    -1451.6  20586.8  22017.1  33435.2 2021  1 28 20 22 40.580  1.66   1
     8580  55.233594 -161.720719    30.451     3658.3    14729.6    11411.9  23018.8  16555.8  25757.2 2021 12  1  0 50 59.720  1.42   1
     8582  55.321940 -161.527262    15.419    15969.1    24564.7    -3619.9   7636.6  20790.7  16092.2 2021 12  1  1 35  3.920  1.50   1
     8583  55.406323 -161.976042    21.525   -12585.4    33958.7     2486.0 100614.1  74219.0  77906.6 2021 12  1  1 35  4.150  1.74   1
     8586  55.342057 -161.779069    14.284      -60.1    26804.3    -4754.6  42848.6  41945.4  38170.0 2021 12  1  2 51 19.430  1.31   1
     8593  55.325122 -161.559993    10.262    13885.0    24919.0    -8777.1  19031.3  43493.3  36121.5 2021 12  1  6 49  8.520  0.89   1
     8597  55.372078 -161.637549    10.063     8943.0    30146.4    -8975.8  16801.1  30955.2  15776.2 2021 12  1  8 10 19.430  0.17   1
     8598  55.313554 -161.507243    11.846    17245.3    23631.1    -7192.7   9918.0  13462.1  23345.3 2021 12  1  9 20 20.040  1.33   1
      860  55.177238 -161.907275    32.558    -8236.2     8455.8    13518.7  54055.7  48356.2  49389.9 2021  1 29  0 16 47.810  2.57   1
     8603  55.328573 -161.931722    16.991    -9776.7    25303.1    -2048.3 143556.8 129665.0 117867.8 2021 12  1 11 31  6.230  1.46   1
     8613  55.404565 -161.848665    17.777    -4485.7    33763.0    -1261.5  34263.6  59789.2  61967.4 2021 12  1 16 26 32.770  1.03   1
     8614  55.319454 -161.681185    25.971     6171.1    24288.0     6931.9  27188.2  28945.3  25277.5 2021 12  1 16 35 10.190  0.53   1
     8617  55.178577 -162.449805    14.361   -42833.5     8604.8    -4678.0  30132.9  23256.3  67952.1 2021 12  1 17 34 15.920  0.89   1
     8624  55.189327 -161.005843    13.398    49242.4     9801.6    -5640.8   8447.7  63135.3  21712.2 2021 12  1 20 56 40.920  2.12   1
     8625  55.754915 -161.994564     1.504   -13703.1    72765.6   -17534.9  58533.7  46245.9  53487.1 2021 12  1 20 56 50.100  2.23   1
     8634  55.195129 -162.173844     5.779   -25230.1    10447.6   -13259.9  28091.5  24510.9  34613.1 2021 12  1 22 22 32.560  1.00   1
     8635  55.415963 -161.769320    19.001      559.9    35031.8      -38.4  77617.0  61755.5  47557.3 2021 12  1 22 26 48.720  0.72   1
     8637  55.000598 -162.405648    15.987   -40106.4   -11208.6    -3051.9  33549.3  24163.9  41819.6 2021 12  1 22 31 44.360  1.66   1
      864  55.102836 -161.533870    22.037    15591.0      173.0     2997.7  22379.2  12658.8  16813.5 2021  1 29  5 23 13.890  1.58   1
     8641  55.170630 -161.111523    34.479    42513.9     7720.2    15439.8  18734.1  28740.3  27705.9 2021 12  1 23 55 37.060  2.33   1
     8642  55.365629 -161.666846    38.745     7079.8    29428.4    19706.5  89932.4  87745.9  68328.9 2021 12  1 23 56 10.440  2.77   1
     8652  55.745101 -162.045671     2.001   -16940.8    71673.0   -17037.7  77678.9  46766.6  53844.4 2021 12  2  1 40 49.080  2.29   1
     8655  54.995300 -162.300472     1.577   -33386.6   -11798.4   -17461.6  12242.2  14319.6  10447.3 2021 12  2  2 17 42.140  2.49   1
     8657  54.963647 -162.591683    23.715   -52020.2   -15322.1     4676.2  18027.8  10004.7  19462.9 2021 12  2  2 29 38.420  2.39   1
      866  55.793274 -161.410238    34.111    23280.2    77035.8    15072.6  15761.4  23332.3  49014.8 2021  1 29  6 34 20.150  2.18   1
     8664  55.413293 -161.743831     3.257     2180.5    34734.6   -15781.7  55322.6  34192.0  47561.1 2021 12  2  4 45 45.350  0.07   1
     8666  55.159135 -160.842725    13.067    59665.7     6440.5    -5971.8  19723.8  48831.1  18830.5 2021 12  2  5 44 39.630  1.88   1
     8667  55.159090 -162.227165     0.855   -28642.6     6435.5   -18183.6  13124.7  23336.8  19956.0 2021 12  2  7 16 19.060  1.81   1
     8669  55.252474 -161.750439    22.040     1763.9    16831.4     3001.5  34081.1  22659.7  20333.7 2021 12  2  8  1 59.300  1.00   1
     8671  55.399325 -161.449479     5.495    20900.2    33179.5   -13544.0   8174.8  28994.4  57999.2 2021 12  2  8  8 59.810  0.92   1
     8674  55.427116 -161.901790    17.030    -7861.8    36273.4    -2009.3  79243.7  92189.0  76604.7 2021 12  2  8 25 55.520  0.99   1
     8675  55.375708 -161.566390    12.555    13469.3    30550.4    -6484.3  13033.3  26442.2  16752.4 2021 12  2 10 35 13.830  0.63   1
     8678  55.402230 -161.561279    24.801    13789.8    33503.0     5762.4  22483.3  26661.8  20047.6 2021 12  2 10 42 46.400  1.28   1
      868  55.558716 -162.037467    19.138   -16460.0    50923.7       99.5 424164.5 291425.8 335553.5 2021  1 29  9 19 52.090  1.37   1
     8688  54.796513 -160.910254    43.206    55608.2   -33928.3    24167.1  12594.3  21453.1  25032.7 2021 12  2 13 37 36.200  1.94   1
     8691  54.787781 -161.860026    65.885    -5248.3   -34900.4    46846.1  13807.8  15895.1   6202.9 2021 12  2 14 16 11.230  1.45   1
     8693  55.385848 -161.860693     2.451    -5251.8    31679.2   -16587.7  29478.4  28016.2  31435.9 2021 12  2 14 37 18.040  0.23   1
     8703  55.383732 -161.842367     1.381    -4086.2    31443.7   -17657.5  25784.1  32864.1  51295.1 2021 12  2 16  5 13.750  0.54   1
     8705  55.256311 -161.642139     4.576     8663.5    17258.6   -14463.2  12364.5  10471.9  40117.3 2021 12  2 17 28 37.480  0.36   1
     8709  55.301624 -162.201546    23.260   -26960.4    22303.0     4220.6 130695.7 164884.8 134749.2 2021 12  2 18 45 55.200  1.01   1
      872  55.366858 -161.845931    13.368    -4313.9    29565.2    -5670.7  49537.2  36602.2  47084.5 2021  1 29 12  9 21.570 -0.19   1
     8724  55.358590 -161.680387     8.090     6218.8    28644.7   -10948.8  29773.2  27793.9  34610.5 2021 12  2 23 44 44.080  0.75   1
     8727  55.448360 -161.849967    13.756    -4566.0    38638.4    -5283.1  93936.4 169234.4 165317.9 2021 12  2 23 59 57.460  1.11   1
     8728  55.338371 -161.668652    16.438     6967.2    26393.9    -2600.7  24410.3  31895.0  22584.9 2021 12  3  0 49 56.730  1.72   1
     8730  55.392505 -161.861572     4.241    -5307.3    32420.3   -14797.7  50436.8  34263.3 182419.1 2021 12  3  0 54 31.390  0.83   1
     8731  55.367928 -161.820768     1.857    -2713.0    29684.3   -17181.7  40937.6  28871.4  61508.6 2021 12  3  1  1 10.080 -1.02   1
     8732  55.456571 -161.873519    19.547    -6062.2    39552.5      507.7  94388.5 122444.2  89477.0 2021 12  3  1 49 10.410  1.27   1
     8733  55.354801 -161.622380    14.531     9910.2    28223.0    -4507.6  20372.3  35631.2  25251.9 2021 12  3  1 53 33.410  1.80   1
     8734  55.428328 -161.894515    18.478    -7399.1    36408.4     -560.5 119336.7 128256.8  91814.5 2021 12  3  3  5 35.440  1.59   1
     8737  55.411226 -161.865951    20.412    -5584.4    34504.5     1373.5  48370.2 133112.3  81882.9 2021 12  3  4 16 15.540  1.22   1
     8738  55.099740 -161.486442    32.941    18619.1     -171.7    13902.1  15320.0  14403.9  25868.6 2021 12  3  4 19 21.310  1.29   1
     8742  55.340462 -161.875732     6.760    -6211.9    26626.7   -12279.1  70436.9 165062.4 184691.7 2021 12  3  5 28  4.840 -0.13   1
     8744  55.381986 -161.655990    17.097     7768.9    31249.4    -1941.5  65650.6  93103.3  70435.8 2021 12  3  7 34  6.870  0.89   1
     8745  55.400578 -161.916504    20.808    -8800.1    33319.0     1769.4 117315.6 145511.3  80504.7 2021 12  3  7 34 46.470  1.19   1
     8749  54.838171 -161.324674    13.533    29039.5   -29290.7    -5506.3  17751.9  21239.2  25251.1 2021 12  3  8 35 48.530  1.92   1
     8751  55.141593 -161.933382     5.918    -9905.4     4487.7   -13120.9  10443.4  13058.8  20641.8 2021 12  3  8 37 28.130  0.43   1
     8752  55.370764 -161.894824    17.912    -7424.1    30000.0    -1126.8 139100.2 113769.7  93877.3 2021 12  3  8 57 34.150  1.13   1
     8755  55.284066 -161.635758    13.115     9066.9    20348.4    -5923.9  13907.0  17141.8  15582.9 2021 12  3  9  1 48.420  0.14   1
     8756  55.423022 -161.875472    17.528    -6189.0    35817.7    -1510.9  79919.8 123373.0  92822.9 2021 12  3  9  2 59.870  1.17   1
     8757  55.403935 -161.641748     8.957     8672.4    33692.8   -10081.8  34520.5  21950.6  46557.1 2021 12  3  9  5 19.590  0.29   1
     8761  55.011849 -162.950016    41.218   -74887.7    -9956.1    22178.8  29516.6  53729.2  40797.0 2021 12  3 10 31 42.760  1.84   1
     8762  55.266907 -161.640088    19.279     8793.0    18438.2      240.0  24308.2  23879.2  23759.4 2021 12  3 10 32 51.390  1.80   1
     8764  55.359363 -161.492513    31.686    18172.6    28730.8    12646.8  25052.4  32357.4  27532.9 2021 12  3 10 45 25.500  1.07   1
     8766  55.361934 -161.811686    21.841    -2135.3    29017.1     2802.3  21275.1  29673.2  22181.8 2021 12  3 12 37 22.870  1.21   1
     8767  55.459420 -161.795247     4.010    -1088.1    39869.6   -15028.9  52414.8  78434.1  61576.2 2021 12  3 12 43 57.250  0.60   1
     8769  55.474630 -161.303613    32.763    30148.1    41562.9    13724.6  23726.2  77716.4  38428.4 2021 12  3 12 49 37.670  1.24   1
     8771  55.062541 -163.289290    14.833   -96507.6    -4312.8    -4205.8  10854.0  38252.3  29821.1 2021 12  3 13 35 32.810  2.45   1
     8772  55.336528 -161.897152     4.546    -7575.5    26188.7   -14492.7  39234.7  42253.3  68855.9 2021 12  3 13 35 45.480  2.04   1
     8773  55.371513 -161.795785    20.346    -1123.4    30083.4     1306.7  34989.7  14358.2  23676.3 2021 12  3 15  5  4.940  1.27   1
     8778  55.370374 -161.790169    20.771     -766.2    29956.6     1732.4  25599.1  29511.9  18852.9 2021 12  3 16 53 35.670  1.02   1
      878  55.198356 -162.047917    30.797   -17200.6    10806.8    11757.8  53846.6  64560.3  40923.3 2021  1 29 21 12  4.680  2.51   1
     8783  55.322632 -161.813509    16.728    -2252.4    24641.7    -2310.4  99063.3  65904.1  52854.3 2021 12  3 19  2 23.800  1.02   1
     8791  54.858728 -161.294613    29.515    30956.8   -27002.2    10476.0  18619.8  23525.0  28249.9 2021 12  3 23 35 30.000  1.64   1
     8797  55.165706 -162.233805     0.738   -29063.8     7172.1   -18301.1  24457.0  40045.7  45878.0 2021 12  4  4  2 43.690  1.76   1
     8799  55.244820 -160.975944    32.400    51113.4    15979.4    13361.1  20982.2  51434.7  39986.1 2021 12  4  4  9 58.020  2.79   1
       88  55.240247 -161.711523     3.903     4244.0    15470.2   -15136.0  27748.9  24598.3  29249.7 2021  1  3  8  0 13.360  1.86   1
     8801  55.450590 -161.279492    36.758    31690.2    38886.6    17718.9  19966.3  83824.2  20634.7 2021 12  4  6  3 50.880  1.39   1
     8802  55.317358 -161.718408    18.568     3801.6    24054.7     -470.5  22881.9  20509.8  16833.7 2021 12  4  7  3 29.570  1.10   1
     8805  54.883057 -162.151139     0.339   -23875.0   -24293.8   -18700.2  12021.3   8383.5   7694.9 2021 12  4  7 37 14.690  1.13   1
     8810  55.515507 -161.812484    51.732    -2181.9    46113.5    32693.3  99104.8  46934.7  26521.8 2021 12  4  9 21 53.150  1.98   1
     8816  55.269918 -161.568213     5.942    13371.0    18773.4   -13096.6  14809.6  20097.3  15915.1 2021 12  4 14  6  9.020  1.65   1
     8817  55.329077 -161.546582    16.653    14737.9    25359.3    -2386.3  10735.1  21514.5  15410.0 2021 12  4 15 52 45.960  1.37   1
     8818  55.448271 -161.862988    13.472    -5393.6    38628.4    -5566.5 108590.3 134871.8 117750.1 2021 12  4 15 57 48.970  1.24   1
     8820  55.236503 -161.721403    33.784     3614.6    15053.5    14745.5  17278.4  12584.2  11071.4 2021 12  4 17 28 52.720  0.74   1
     8822  55.528092 -161.764762     8.559      848.4    47514.6   -10480.0  94154.4  92041.1 138558.3 2021 12  4 17 39 59.560  2.13   1
     8823  55.529069 -161.765967     8.223      771.9    47623.3   -10816.3  97319.0  97369.9 153766.0 2021 12  4 17 40 57.920  1.61   1
     8824  55.423393 -161.881885     5.849    -6596.6    35858.9   -13189.9  50382.3 134040.2 138258.6 2021 12  4 19 15 55.500  0.94   1
     8826  55.347628 -161.658122    12.021     7636.6    27424.4    -7018.1  23850.4  24056.5  23266.8 2021 12  4 20 16 11.640  1.14   1
      883  54.719080 -160.777279    12.216    64190.0   -42548.5    -6822.6  21776.9  21641.6  14931.6 2021  1 30  6 22 29.320  2.02   1
     8831  55.371562 -161.682520    21.904     6082.1    30088.8     2865.1  28426.3  29936.3  18831.6 2021 12  4 22 26 27.100  1.57   1
     8837  55.423893 -161.915951    20.488    -8762.3    35914.6     1448.9 136993.4  94204.4  74203.2 2021 12  4 22 46 44.000  1.42   1
      884  55.950415 -160.903451    74.332    55240.4    94529.5    55293.5 403634.0 434371.9 421418.6 2021  1 30  8 39  8.970  0.32   1
     8841  55.319132 -161.866715    17.364    -5639.6    24252.2    -1674.8  62229.6  60112.1  50724.6 2021 12  4 23 45 32.760  0.56   1
     8842  55.472294 -161.862760    10.709    -5377.5    41302.8    -8330.2  78615.1  67482.4  78579.0 2021 12  4 23 53 25.660  0.97   1
     8847  54.957308 -162.257959     6.217   -30683.8   -16027.8   -12822.1  10999.4   9888.6  13955.3 2021 12  5  1  2 23.740  2.35   1
     8848  54.956120 -162.272705     6.693   -31627.2   -16160.1   -12346.3  13544.0  12636.8  15437.4 2021 12  5  1  3  8.450  2.63   1
     8852  54.607987 -161.302409    14.713    30552.3   -54915.8    -4326.2   9451.4  11517.6  21870.6 2021 12  5  3 59 25.640  1.68   1
     8856  55.368929 -161.815934     2.291    -2405.4    29795.8   -16747.5  37997.9  40807.1  31389.1 2021 12  5 17 33 52.480  0.29   1
     8866  54.954423 -160.614681    10.795    74401.0   -16349.0    -8243.8  17717.4  24235.7  12117.7 2021 12  6  8 16 10.000  2.45   1
     8868  55.359867 -161.821696     2.966    -2772.3    28787.0   -16073.1  98820.7  98152.6  68508.9 2021 12  6  8 21 39.980  0.58   1
     8873  54.526831 -161.137614     8.851    41177.2   -63950.6   -10187.9  14079.2  11773.6  11141.4 2021 12  6 13 16  5.030  2.76   1
     8875  54.559220 -161.668831    34.574     7023.5   -60344.8    15535.5  30874.9  21447.3  46514.2 2021 12  6 15 44 52.630  2.30   1
     8877  54.937118 -162.249235     5.700   -30133.5   -18275.5   -13339.2  20061.6  10294.5  18306.4 2021 12  6 17 19 45.320  1.77   1
     8882  55.418921 -162.714079     1.722   -59507.4    35361.1   -17316.6  38637.7  29076.7  37856.2 2021 12  7  1 34 27.240  1.90   1
     8883  55.502242 -161.779264    14.836      -72.4    44636.8    -4203.3 116208.6 104740.4 119788.5 2021 12  7  6 10 26.950  1.23   1
     8890  55.321008 -161.706901     7.226     4533.9    24461.0   -11812.4  19659.6  21358.0  28955.8 2021 12  7 11 30 18.660  1.72   1
     8898  55.331616 -161.858105    18.150    -5090.7    25641.9     -889.3  57113.9  87783.7  65886.4 2021 12  7 17 12 46.240  1.24   1
     8900  55.405648 -161.793538     4.953     -980.1    33883.5   -14086.3  42141.1  40626.5  58460.8 2021 12  7 18 53 58.600  1.27   1
     8901  55.351762 -161.578418    10.871    12707.9    27884.6    -8168.1   9342.1  33786.4  12603.1 2021 12  7 21 13 49.500  0.28   1
     8903  54.576786 -162.652555    60.275   -56180.9   -58389.3    41235.7  15823.2  11557.9   8586.0 2021 12  7 21 50 32.960  2.10   1
     8906  55.166659 -162.243815     0.810   -29701.8     7278.1   -18228.4  34265.6  35157.2  47145.9 2021 12  8  2 53 24.650  1.89   1
     8912  54.686100 -160.649235    22.186    72431.7   -46220.0     3146.8  24899.3  25683.8  23611.6 2021 12  8 15 59  0.930  2.45   1
     8917  54.952738 -162.207227     2.064   -27441.2   -16536.5   -16975.2   8854.5   6033.4   4226.1 2021 12  9  0 17  3.830  1.88   1
     8922  54.927014 -161.410042    37.610    23546.5   -19400.3    18570.8  29667.8  13280.5  21200.0 2021 12  9 15 50 32.910  1.98   1
     8927  54.671602 -161.331478     6.102    28662.9   -47833.9   -12937.0  39084.6  33536.5  47242.8 2021 12 10  8 37 23.420  2.61   1
      893  55.031649 -162.354508     1.704   -36823.8    -7751.9   -17335.1  15310.7  10910.7  11638.4 2021  1 30 17 50 51.480  1.42   1
     8931  54.715727 -162.299919    41.252   -33467.0   -42921.8    22213.6  41426.9  29826.7  38873.7 2021 12 10 20 39 33.000  1.65   1
     8949  54.728040 -161.693929    21.593     5399.4   -41551.1     2554.5  18929.3  19824.8  20772.5 2021 12 12 18 25 26.200  2.62   1
     8950  54.596411 -161.697754    44.543     5162.5   -56204.6    25503.9  31853.5  15578.9  26786.0 2021 12 12 18 25 26.000  2.78   1
     8953  55.311914 -161.860563    10.332    -5248.4    23448.6    -8706.5  81123.7 101546.3 120122.8 2021 12 13  5 58 10.650  0.69   1
     8956  55.364294 -161.200098    33.355    36775.8    29279.8    14316.1  11720.0  38219.4  26930.6 2021 12 13 13 50 24.180  2.05   1
      896  55.165828 -161.951644     4.840   -11067.2     7185.6   -14199.2  31464.2  23239.3  24918.3 2021  1 30 17 57  5.100  1.45   1
     8960  54.994775 -162.284749     0.956   -32381.8   -11856.8   -18083.3   5632.9   6910.0   9969.2 2021 12 13 19 32 58.480  1.89   1
     8963  55.220711 -161.686523     9.067     5838.4    13295.5    -9972.0  10298.8  23289.2  37621.7 2021 12 14  0  2 46.720  2.83   1
     8965  55.185034 -161.504004    22.135    17479.5     9323.7     3096.5  15839.6  15279.1   8722.3 2021 12 14  1 23 16.410  2.79   1
     8969  55.193156 -161.926855     9.927    -9482.9    10227.9    -9111.4  13244.1  16118.3  26779.4 2021 12 14  4 38 33.310  1.27   1
      897  54.569124 -161.294417    10.916    31080.4   -59242.3    -8122.8   9313.2   8000.0   8907.0 2021  1 30 18 13 55.740  1.99   1
     8972  55.318656 -161.541195    16.296    15082.8    24199.2    -2743.3  11266.1  18800.2   8228.1 2021 12 14 10 44  0.800  1.06   1
     8973  55.320239 -161.500000    12.655    17704.9    24375.4    -6383.5  11346.3  14984.1  13621.4 2021 12 14 12 50 16.640  1.36   1
     8974  55.321704 -161.616960    17.685    10259.3    24538.5    -1354.1  12677.6  22516.6   9096.6 2021 12 14 12 53 17.500  1.45   1
     8979  54.841642 -160.797412    42.324    62803.4   -28904.3    23284.7  17127.1  33102.2  29066.0 2021 12 14 19  6 21.180  2.41   1
     8981  55.112345 -161.586963    27.618    12200.6     1231.7     8579.6  16702.7  17700.2  34175.3 2021 12 14 20 57  9.360  1.88   1
     8985  55.362410 -161.698031    18.269     5096.0    29070.1     -769.5  20382.8  26110.6  16542.5 2021 12 14 23 59 41.760  0.69   1
      899  55.146403 -161.860303    10.122    -5242.6     5023.1    -8917.2  26358.4  17152.9  18826.0 2021  1 30 18 26 55.160  1.33   1
     8992  55.628027 -161.533724     5.062    15498.1    58639.8   -13977.2  56216.3  49974.8  71087.4 2021 12 15 15 34 39.300  1.40   1
     8994  54.768758 -160.961426    45.107    52347.4   -37018.1    26067.6  10199.2  15160.7  19044.7 2021 12 15 23 10 22.000  1.96   1
     8998  55.227555 -162.384863    39.639   -38668.5    14057.4    20600.3  65552.4  50315.9  39239.8 2021 12 16  7 54  1.310  1.54   1
      900  54.789181 -161.210026    49.002    36403.8   -34744.6    29962.6  12643.6  13275.0  16821.8 2021  1 30 19 12 24.940  2.80   1
     9001  54.834277 -161.283138    78.482    31701.1   -29724.2    59443.3  14820.3   8911.8  10250.9 2021 12 16 10 49  2.170  1.80   1
     9008  54.566923 -163.333724    12.448   -99957.1   -59487.3    -6591.3  16524.2  18115.3  15870.7 2021 12 16 17 25 21.260  1.49   1
     9009  54.519246 -161.721533    15.379     3638.5   -64794.9    -3660.1  18367.2   9958.6  24515.6 2021 12 16 21 14 37.960  1.59   1
      901  54.882605 -161.393913    35.946    24591.9   -24344.1    16906.8  19166.0  25455.2  31336.9 2021  1 30 19 18 38.820  1.34   1
     9015  54.902970 -162.173258     0.439   -25284.5   -22077.0   -18600.0  14690.3   8725.4   6266.3 2021 12 17  8 25 49.810  0.91   1
     9020  54.965393 -162.950651     0.698   -74971.6   -15127.8   -18340.6  16667.0  11776.3  13586.8 2021 12 17 10 33 53.620  1.86   1
     9021  55.012634 -162.450228     7.986   -42949.2    -9868.7   -11052.5  11281.1   9536.9  19996.2 2021 12 17 10 34 12.180  2.23   1
     9025  55.869360 -161.632373     1.272     9214.5    85506.1   -17767.1 115023.8  68330.5  77888.3 2021 12 17 15 56 56.070  1.90   1
     9035  54.497526 -163.192562     1.846   -90964.3   -67212.9   -17193.0  19080.4  18242.2  18314.0 2021 12 18 17 42 15.960  2.48   1
     9036  55.043176 -162.144385     2.844   -23396.1    -6468.6   -16195.0  19090.0  11455.9  14578.9 2021 12 18 17 42 41.600  2.08   1
     9037  54.863765 -162.642513    58.182   -55338.9   -26441.4    39143.6  63230.5  68658.2  53520.9 2021 12 18 19 26 16.920  1.61   1
      904  54.491740 -161.693050    11.136     5471.7   -67857.1    -7903.2  16656.1   9285.7  13494.4 2021  1 30 20 48  8.580  1.99   1
     9040  54.840230 -162.902441    74.552   -72000.8   -29061.5    55512.9 371689.7 390604.6 396246.4 2021 12 18 23 59 57.620  1.53   1
     9046  55.218840 -161.883301     6.362    -6703.8    13087.1   -12677.1  28491.4  16473.6  39710.2 2021 12 19 18  9  4.240  0.53   1
     9047  55.320601 -160.925195    44.289    54295.6    24415.7    25250.3  12288.8  29292.1  20024.3 2021 12 19 18 26 36.040  2.04   1
     9048  55.299910 -160.841911    48.399    59612.7    22112.3    29360.0   7229.0  41985.7  14465.6 2021 12 19 23 18 40.420  2.30   1
      905  54.217753 -161.628825    12.169     9634.7   -98358.6    -6869.6  95820.7  32717.9  26403.6 2021  1 30 20 55 34.820  1.59   1
     9056  55.169356 -161.895964     4.894    -7515.5     7578.4   -14144.4  25714.1  26779.5   9808.8 2021 12 20  9 47 22.410  0.65   1
     9066  55.101835 -161.742367    32.776     2282.5       61.6    13736.9  29854.8 105672.2  41659.9 2021 12 21  6 35 28.140  1.71   1
     9069  55.418237 -161.994108    14.839   -13732.2    35285.0    -4200.4 306903.2 247052.1 211391.2 2021 12 21  6 47 29.670  1.40   1
     9073  55.391427 -161.498958    12.471    17755.4    32300.3    -6567.8  11828.0  33997.3  25033.6 2021 12 21  8 30 58.710  0.09   1
     9074  55.413110 -161.621354    11.108     9968.1    34714.2    -7930.8  28713.7  16412.6  37477.9 2021 12 21  8 33 18.930  1.08   1
     9077  55.241467 -161.742008    16.736     2301.4    15606.1    -2302.4  37688.9  28855.8  39336.0 2021 12 21  8 34 55.150  2.04   1
     9078  55.576978 -161.835938     2.684    -3668.4    52956.7   -16355.3 236392.8 152374.4 195295.0 2021 12 21  8 34 54.390  1.53   1
     9080  55.358752 -161.774040     3.340      259.9    28662.8   -15699.3  24731.5  15011.1  25800.0 2021 12 21  8 40 16.220  1.64   1
     9084  55.355208 -161.809049     2.300    -1967.7    28268.3   -16738.9  17791.7  14693.1  22707.2 2021 12 21  9 46 21.180  0.24   1
     9086  55.240637 -161.439893    13.846    21552.6    15513.7    -5192.8  15513.4  16194.8  21117.8 2021 12 21  9 54  2.580  0.69   1
     9088  55.491699 -161.873665     3.947    -6068.9    43463.1   -15091.8  76703.5  91784.9 241809.3 2021 12 21 10 50  8.260  1.61   1
     9090  55.342110 -161.735742    18.659     2697.3    26810.2     -379.7  27266.5  23519.1  19716.9 2021 12 21 10 55 36.920  0.40   1
     9092  54.691361 -161.575244    51.034    13016.4   -45634.2    31995.3  12778.8  12012.9  14961.1 2021 12 21 11 40  9.270  1.83   1
     9096  55.506820 -161.805371    13.333    -1730.4    45146.4    -5706.3 176217.6 132870.4 159073.0 2021 12 21 13 14 10.410  0.33   1
     9099  55.483614 -161.718831     5.777     3766.8    42563.0   -13261.6 110764.2  97816.6 132320.6 2021 12 21 13 23 26.720  0.79   1
       91  55.589433 -160.720280    62.706    67113.4    54343.3    43667.0  15088.3  33135.4  18339.0 2021  1  3  8 46  0.560  2.68   1
      910  55.170138 -162.618473    37.237   -53595.3     7665.4    18197.7  33299.1  81708.6  50168.3 2021  1 31  0 52 56.090  1.74   1
     9102  54.861751 -160.984945    32.744    50781.4   -26665.7    13704.9  22256.4  18181.2  33463.1 2021 12 21 13 28 58.360  1.59   1
     9104  55.370581 -161.800977    19.803    -1453.8    29979.7      763.9  36738.4  23998.3  27807.2 2021 12 21 14 32 38.950  1.07   1
     9109  55.348263 -161.785368     2.208     -460.9    27495.1   -16830.7  50018.6  36242.6  36245.0 2021 12 21 17 13 57.840  0.65   1
      911  54.426363 -161.417725    17.334    23198.1   -75135.1    -1705.4  21205.6  15616.4  13768.9 2021  1 31  1  0 39.750  1.90   1
     9112  55.330607 -161.636393    14.607     9021.2    25529.6    -4432.1  16431.0  29723.9  13958.2 2021 12 21 17 25 46.040  0.71   1
     9114  55.327014 -161.698568     2.850     5064.0    25129.6   -16189.4  18370.6  15319.0  19764.6 2021 12 21 17 30 20.320  0.51   1
     9115  54.869002 -161.794922    87.743    -1075.3   -25858.4    68703.9  10177.7  11443.5   6161.2 2021 12 21 17 36 53.880  1.86   1
     9118  54.480273 -161.319824    11.116    29480.2   -69133.6    -7923.3  27093.7  14417.6  15251.1 2021 12 21 19  4 25.720  1.51   1
     9119  55.206063 -161.690381     4.070     5593.6    11664.7   -14969.2  23450.8  17884.0  18906.7 2021 12 21 19 57 17.880  1.43   1
      912  54.781270 -161.705615    30.674     4646.9   -35625.2    11635.0  41557.2  22682.6  28098.1 2021  1 31  1  1  6.010  1.85   1
     9121  54.992188 -162.293197     1.354   -32922.8   -12144.9   -17685.3  11546.3  10975.7  10992.4 2021 12 21 20 56  6.200  1.56   1
     9129  55.658573 -160.901286    66.710    55581.4    62040.3    47671.1  15239.2  26194.7  13850.4 2021 12 21 22 43 35.200  3.55   1
     9132  55.395101 -161.914990     5.378    -8704.4    32709.3   -13660.9 129107.3 119537.1 176400.1 2021 12 21 23 32 21.680  0.87   1
     9136  55.319763 -161.523128     5.683    16232.7    24322.4   -13355.9  13842.1  19854.2  18233.7 2021 12 22  1  2 45.760  0.24   1
     9137  55.260079 -161.583122     5.629    12422.9    17678.1   -13410.1  10191.7   6655.9  29465.2 2021 12 22  1  4 50.360  1.50   1
     9139  55.305615 -161.131169    61.033    41191.5    22747.4    41993.9  18325.9  20202.0  23686.7 2021 12 22  1 14 13.240  1.57   1
     9140  55.348234 -161.791732     2.834     -865.9    27491.9   -16205.2  20216.6  21025.1  16543.7 2021 12 22  1 16  1.870  1.44   1
      915  55.154997 -161.753239    15.560     1587.5     5979.8    -3478.8  23380.2  19124.2  20127.9 2021  1 31  5 23 58.520  1.69   1
     9150  55.234652 -161.483496    21.334    18775.6    14847.4     2295.4  11625.9  12918.7  12423.1 2021 12 22  6 38  5.170  1.01   1
     9152  55.241427 -161.942887     9.133   -10498.8    15601.6    -9905.6 175732.4  41726.0 137261.4 2021 12 22  8 12 37.260  0.59   1
     9161  55.133447 -162.427344     3.901   -41424.5     3580.8   -15137.6  25374.6  24178.5  35165.7 2021 12 29  4  1 11.130  0.89   1
     9169  55.077063 -162.094076    12.332   -20173.9    -2696.1    -6706.7  41726.1  40798.8  50929.4 2021 12 29 18 38  4.720  3.03   1
     9173  55.337500 -161.599398    17.335    11375.0    26296.9    -1704.4  13358.2  23737.8  16918.9 2021 12 30  4  6 38.900  1.10   1
      918  55.312573 -161.685742     5.990     5881.5    23522.0   -13049.0  15018.8  14396.4  12337.3 2021  1 31  6 25 51.410  0.56   1
     9186  55.286808 -161.738542    16.847     2520.9    20653.7    -2192.3  39952.5  31528.8  26246.9 2021 12 30  9  0 57.550  0.60   1
      919  55.213196 -161.409847     8.741    23475.2    12458.8   -10298.0  13253.3  17417.9  34846.1 2021  1 31  6 26  3.820  0.34   1
     9190  55.154508 -161.686165    16.275     5866.1     5925.4    -2763.7  21885.6  15361.4  31961.7 2021 12 30  9 18 12.910  0.81   1
     9199  55.331803 -161.730225     9.853     3048.8    25662.8    -9185.6  13035.8  15511.1  15072.7 2021 12 30 13 22 12.030  0.72   1
     9205  54.914482 -161.133252    19.633    41259.4   -20795.5      594.5  17200.3  16632.6  15699.3 2021 12 30 15 59 48.330  0.99   1
     9208  55.336739 -161.570589     9.658    13208.6    26212.2    -9380.5  16019.4  29511.7  25930.4 2021 12 30 18 59 34.080  0.72   1
     9209  55.392745 -161.807324     5.271    -1857.1    32447.1   -13768.4 142634.5  91574.3 176837.0 2021 12 30 20 35 50.140 -0.22   1
     9211  54.517008 -162.286784    50.442   -32704.7   -65044.0    31403.6  45793.5  12187.9  18924.1 2021 12 30 21 34 26.520  1.90   1
     9214  54.625509 -163.305583    13.600   -98077.9   -52965.3    -5438.7  18776.3  19029.1  15856.9 2021 12 30 23 37 45.240  2.01   1
     9215  55.192712 -162.108105     3.359   -21039.4    10178.5   -15680.3  46536.1  42870.1  64604.5 2021 12 30 23 38 13.640  0.71   1
     9217  55.345988 -161.632275    17.441     9281.5    27241.8    -1597.6   9854.7  20534.5  10121.8 2021 12 31  2 33  9.430  0.56   1
     9222  55.345011 -161.716081     5.092     3948.4    27133.1   -13946.6  26557.5  36345.4  25011.1 2021 12 31  7 44 33.140  0.33   1
     9223  55.360612 -161.991243    17.749   -13559.9    28869.9    -1290.3 227280.5 197452.3 223948.7 2021 12 31  7 59 57.510  0.78   1
     9232  55.347164 -161.704378     9.108     4693.0    27372.8    -9930.8  25860.3  31904.9  27376.2 2021 12 31 14 51 42.980  0.68   1
     9236  55.312248 -161.671810     4.899     6768.5    23485.7   -14139.5  23051.7  27231.0  30651.8 2021 12 31 17  2 53.880  1.93   1
     9237  55.291467 -161.566276     4.662    13490.7    21172.3   -14377.1  16084.8  18619.0  35026.5 2021 12 31 17  9 41.560  0.05   1
     9238  54.671960 -162.627376    12.963   -54499.1   -47794.1    -6076.2  14197.2  13173.3  15542.4 2021 12 31 17 37 15.720  1.95   1
     9239  55.379830 -161.630908     5.297     9364.5    31009.3   -13741.8  26037.8  21546.1  46018.4 2021 12 31 18 19 11.960  0.25   1
     9252  54.993746 -162.299788     1.818   -33343.5   -11971.4   -17220.7  12550.0  12860.4   9802.8 2021 12 31 23 10 47.400  2.71   1
     9253  55.144946 -161.981657     4.777   -12984.8     4860.9   -14261.5  26217.3  24401.4  33038.5 2021 12 31 23 11  4.520  2.99   1
     9255  55.369991 -161.778402    14.565      -17.6    29914.0    -4473.6  58303.6  54666.7  44975.7 2021 12 31 23 17 32.840  1.03   1
     9257  55.268225 -161.516960    29.088    16636.1    18584.9    10049.2   9510.6  18001.6  15599.9 2021 12 31 23 28  2.340  0.73   1
       93  55.156689 -161.895150     6.126    -7464.8     6168.2   -12913.3  14280.7  18958.3   7351.1 2021  1  3  8 50 12.680  0.66   1
      932  55.314229 -161.909456    15.320    -8360.9    23706.3    -3719.3 129124.4 108026.2  94932.6 2021  1 31 17 46 13.460  0.13   1
      933  54.912146 -162.198893     7.574   -26921.8   -21055.5   -11465.2  22114.9  15269.6  26299.7 2021  1 31 18  9 51.920  0.81   1
      938  55.329907 -161.755420     5.903     1445.2    25451.7   -13136.1  56405.7  50664.3  54807.5 2021  1 31 22 30 42.360  0.07   1
      940  55.067424 -163.245540    14.871   -93707.9    -3769.3    -4167.5  25363.5  82250.8  33642.9 2021  2  1  0  3 49.930  2.26   1
      943  55.305025 -161.316585    28.843    29386.3    22681.7     9804.5  15101.9  35773.5  23860.9 2021  2  1  3 47 47.050  2.24   1
      947  54.445943 -161.997575    43.046   -14122.1   -72955.4    24007.0  28184.3   8143.3  16965.6 2021  2  1  4 32 54.010  2.22   1
      961  54.582463 -161.264925    14.036    32970.0   -57757.4    -5002.5  14352.0  11707.8  12669.7 2021  2  1 20 17  6.480  2.57   1
      962  55.283993 -162.790251    17.999   -64459.1    20340.2    -1040.1  29589.1  35044.1  89890.5 2021  2  2  3 43 44.200  2.00   1
      968  55.381901 -161.816406     5.684    -2435.0    31239.9   -13354.6 102448.7 119472.2 150179.4 2021  2  2 10 43 18.760 -0.48   1
       97  55.056433 -161.774886    14.221      206.9    -4992.8    -4817.7  27780.3   8924.9  35280.9 2021  1  3 10 23  0.640  1.54   1
      974  55.044942 -162.138623     3.254   -23027.5    -6272.0   -15784.7  23938.6  12107.2  26446.6 2021  2  2 22 32 26.920  1.00   1
      976  55.173344 -161.960384     4.191   -11623.6     8022.3   -14847.7  22544.8  14100.5  19404.0 2021  2  3  0 49 58.720  0.73   1
      980  55.036267 -160.884684    53.302    57076.5    -7237.7    34263.6  12423.0  19309.2  14303.3 2021  2  3  6 41  1.380  1.43   1
      982  55.067188 -161.451953    33.575    20829.1    -3795.5    14536.2  16397.0  14259.4  23418.7 2021  2  3  7 25 42.350  0.85   1
      984  55.053597 -161.741113    18.022     2363.9    -5308.5    -1016.9  13749.6  18709.0  32131.2 2021  2  3  8 32  8.890  1.52   1
      985  54.564506 -162.367057    58.826   -37843.8   -59756.4    39787.4  31202.0  14029.6  13181.5 2021  2  3  9  2 58.440  1.62   1
       99  55.505794 -161.903223    36.883    -7945.0    45032.2    17844.2  90300.3  19458.1  26789.2 2021  1  3 12 41 27.660  2.31   1
      993  55.071016 -161.170296    33.088    38813.7    -3369.3    14048.9  19637.6  19149.3  31806.5 2021  2  3 15 36 28.290  1.77   1
      998  54.563468 -161.272721    13.553    32476.8   -59871.9    -5486.2  14010.7  10869.7  11094.8 2021  2  3 17 35 48.880  1.73   1
