      100  54.967045 -162.293571    10.628   -32957.1   -14943.9    -8411.1 161651.0 101442.3 190315.8 2021  1  3 12 41 26.190  1.77   1
     1001  55.069059 -161.600309    20.685    11354.9    -3587.2     1646.2 221058.4 138058.2 123235.1 2021  2  3 21 42 16.640  0.66   1
     1002  55.318034 -161.754020     6.497     1534.5    24129.9   -12542.4 426888.4 373253.7 477257.3 2021  2  3 22  8 43.760  0.21   1
     1003  55.316109 -161.332910    22.159    28343.0    23915.6     3120.6 151838.5 370834.3 316368.7 2021  2  3 22 17 17.700  1.26   1
     1020  54.834717 -162.660042    31.837   -56481.5   -29675.3    12797.7 228675.9 293293.6 133134.8 2021  2  4 12 19 23.700  1.97   1
     1021  54.974976 -162.311833     9.774   -34121.3   -14061.0    -9265.0 150115.9 170378.7 134237.8 2021  2  4 12 19 41.050  2.29   1
     1022  55.305371 -162.965153    35.847   -75577.9    22720.2    16808.1 227685.1 383744.8 521443.2 2021  2  4 12 39  0.910  1.49   1
     1023  54.933606 -162.239697     3.948   -29524.7   -18666.5   -15091.2  36328.2  73864.6 128981.8 2021  2  4 14 11 48.640  0.80   1
      103  55.378634 -161.857357    30.364    -5040.1    30876.1    11325.6 300473.7 308742.3 525815.2 2021  1  3 17 22 36.600 -0.17   1
     1032  55.303052 -161.669938     6.155     6888.4    22462.0   -12883.4  65342.7 154409.0 166124.8 2021  2  5  4 19 25.580  0.32   1
     1039  55.176925 -161.982015    24.990   -13002.5     8420.9     5950.7 365279.6 592950.1 573829.8 2021  2  5 16  9 24.960  1.39   1
      105  54.806291 -161.239323    30.415    34519.2   -32839.8    11376.4 110678.4 212524.8 302812.0 2021  1  3 17 45 13.880  1.75   1
     1051  54.902950 -161.527653    13.586    16027.7   -22079.2    -5452.8 322454.4 234915.3 166625.5 2021  2  5 21 45 15.040  1.63   1
     1052  55.249105 -162.586719     4.704   -51519.3    16456.4   -14334.5 411080.0 197979.7 561942.4 2021  2  6  0 21 29.560  1.48   1
     1055  54.931160 -160.479753    57.596    83053.5   -18938.7    38557.0 691214.6 ******** 996683.5 2021  2  6  5  2 58.110  1.44   1
     1059  55.054504 -162.911426    30.550   -72383.3    -5207.5    11510.7 229964.1 491499.0 427845.7 2021  2  6  6  3 48.100  1.25   1
     1060  54.821883 -162.808984     1.900   -66030.8   -31104.0   -17139.1 116696.6 164372.3  87548.5 2021  2  6  6  4  4.060  1.27   1
     1062  55.095321 -161.752165    21.475     1657.2     -663.6     2436.6 234854.4 182624.0 111577.1 2021  2  6  7 15 27.980  0.53   1
     1064  55.027568 -161.613070    22.648    10545.5    -8206.2     3609.0 184909.4 221250.6 184635.4 2021  2  6 12  4 44.260  2.62   1
     1070  55.197469 -162.145964    37.184   -23451.8    10708.0    18144.9 486424.3 395935.2 286294.6 2021  2  6 16 50 21.880  1.89   1
     1071  54.600732 -161.252083    10.459    33787.4   -55723.5    -8579.7 149642.6 158059.5 153100.4 2021  2  6 18 39 48.880  4.47   1
     1072  54.584949 -161.295638    13.882    30996.0   -57480.6    -5156.7 136926.2 133046.6 111874.9 2021  2  6 19 35 53.920  2.62   1
     1073  54.576416 -161.293066    13.741    31164.4   -58430.5    -5298.2 133218.1 113189.5 121507.5 2021  2  6 19 50  7.920  2.07   1
     1074  54.569320 -161.302783    30.619    30542.8   -59220.5    11580.6 230625.7 145211.0 495036.1 2021  2  6 20 12 22.720  1.60   1
     1076  54.579220 -161.286947    14.690    31556.5   -58118.4    -4348.4 178500.2 134311.6 110093.3 2021  2  6 20 19 18.200  2.22   1
     1080  55.312826 -161.694206     2.144     5342.6    23550.0   -16895.4  68195.5 147367.0 128475.3 2021  2  7  0 37 48.130  0.17   1
     1085  54.571558 -161.352686    30.681    27335.6   -58971.4    11642.3 203515.9 107898.0 451724.1 2021  2  7  1 58 56.540  1.49   1
      109  54.962236 -161.422021    19.092    22770.2   -15479.3       53.5 146713.3 242747.5 367991.6 2021  1  3 19 56 26.080  2.05   1
     1091  55.339237 -161.188493    33.584    37525.9    26490.4    14545.1  97189.5 292193.6 276372.5 2021  2  7  4 49 38.570  2.26   1
     1095  55.401811 -162.250765    24.701   -30056.6    33456.3     5662.5 ******** ******** ******** 2021  2  7  7 59 53.620  1.46   1
     1100  55.081396 -161.788753    15.387     -678.6    -2213.7    -3652.0 279737.6 144924.5 279177.1 2021  2  7 17 57 19.320  1.38   1
     1103  55.169543 -161.896940     4.629    -7577.8     7599.2   -14410.3 193923.8 130044.7 255013.4 2021  2  7 19 33 54.560  1.38   1
     1105  54.815572 -161.089714    31.855    44099.1   -31806.5    12816.2 274352.6 120804.0 434054.6 2021  2  7 20 17 45.400  2.50   1
     1107  55.105400 -161.640381     1.685     8792.1      458.4   -17353.9 170102.0 131643.0  68637.8 2021  2  7 20 25  3.680  1.46   1
     1108  54.964636 -162.235547     2.929   -29247.9   -15212.0   -16110.2 135297.3  35712.6  63421.6 2021  2  7 21 56 42.020  0.96   1
     1113  55.284318 -162.172738    14.738   -25131.6    20376.5    -4300.5 ******** ******** ******** 2021  2  8  4 17 58.520  1.96   1
     1120  55.340881 -162.099967    24.259   -20482.6    26673.4     5220.0 892359.2 659034.9 630019.0 2021  2  8  7 14 46.040  1.44   1
     1124  54.593115 -161.303434    30.748    30492.0   -56571.5    11709.1 106239.3 183638.9 360217.2 2021  2  8 11 27 36.840  1.68   1
     1127  55.296810 -161.829541     2.222    -3274.0    21767.1   -16817.1 154336.3 353426.1 326017.9 2021  2  8 12  0 58.860 -0.28   1
     1128  54.988684 -162.202832     1.543   -27148.0   -12534.9   -17495.6 159659.6 103164.4 121414.8 2021  2  8 12 35 30.340  0.88   1
     1140  54.804106 -161.331478    61.476    28615.9   -33083.0    42436.7 232458.5 224867.1  73886.7 2021  2  8 23 58 42.120  1.59   1
     1142  55.451884 -161.859798    28.697    -5190.6    39030.7     9657.7 307347.7 871219.9 558678.6 2021  2  9  0 16 46.490  1.11   1
     1151  54.548458 -162.473307    18.771   -44680.0   -61543.0     -267.6 257028.4 150269.2 152789.1 2021  2  9  8  2 10.790  1.77   1
     1154  55.011450 -161.576318    21.921    12896.2   -10000.5     2882.3 125193.6 205530.0 162955.1 2021  2  9  8 45 36.550  1.85   1
     1165  54.590682 -162.533447    64.240   -48520.0   -56842.4    45200.7 151342.3 116437.6 109359.9 2021  2  9 20 43 57.480  2.07   1
     1166  55.123210 -161.828548     8.949    -3217.7     2441.1   -10090.0 269856.6  65459.0 124851.2 2021  2  9 21 31 51.780  1.33   1
     1170  54.903833 -161.405794    66.071    23825.1   -21980.9    47032.2 124291.8 194919.3 105675.6 2021  2  9 23 45 28.280  1.59   1
     1173  54.620972 -161.325732    30.705    29049.7   -53470.4    11666.5 227456.0  93004.2 284809.8 2021  2 10  6  8 50.240  1.46   1
     1178  55.167151 -161.713753    17.856     4105.6     7332.9    -1183.1 200671.4 169146.1 162532.5 2021  2 10 11 42 19.110  2.02   1
      118  55.526965 -161.328874    16.511    28524.5    47389.1    -2527.6 216977.6 452526.5 298543.6 2021  1  4  0  2 58.000  1.56   1
     1183  55.197192 -161.994271     5.616   -13780.6    10677.2   -13422.9 200077.1 167380.9 362197.0 2021  2 10 21  8 45.360  2.05   1
     1192  55.270011 -161.433822     4.085    21931.4    18783.8   -14954.1 199461.0 201088.6 173764.5 2021  2 11 18  3 28.280  1.03   1
     1195  43.850989 -170.988428  1869.706  -667219.4 -1252435.4  1850667.5 ******** ******** ******** 2021  2 11 20 37 10.220  1.76   1
     1196  55.133537 -160.503011    55.482    81360.7     3590.8    36442.6 126271.2 456790.3 223655.8 2021  2 11 22 27 49.960  2.72   1
     1198  54.868766 -161.326351    31.791    28921.2   -25884.7    12752.2 162963.2 210790.3 261582.0 2021  2 12 14 15  3.740  2.63   1
     1199  55.166785 -161.969889     3.543   -12230.8     7292.1   -15495.5 157005.5 196942.0 184552.7 2021  2 12 14 15 28.960  1.98   1
      120  54.669356 -160.691618    10.502    69726.8   -48084.0    -8536.7 914165.6 951056.9 799977.6 2021  1  4  0 33 12.700  2.09   1
     1200  54.593144 -161.300667    30.918    30669.8   -56568.3    11878.7 215707.5 220403.6 540971.4 2021  2 12 15 10  7.870  2.04   1
     1201  55.162984 -161.856624    28.243    -5006.9     6869.0     9203.6 307462.7 233291.8 331187.3 2021  2 12 16 15  3.920  1.91   1
     1208  55.159216 -161.748551    20.630     1886.4     6449.5     1591.4 171547.6 146689.2 185076.1 2021  2 13  9 56 47.050  0.99   1
     1209  55.362394 -161.066130    31.671    45300.3    29068.3    12631.7 105964.6 347158.9 446263.2 2021  2 13 13  9 46.410  3.28   1
     1210  55.409285 -161.987126    20.603   -13289.8    34288.4     1564.4 733430.0 ******** ******** 2021  2 13 13 10 39.620  2.83   1
     1212  55.042399 -162.180046     2.869   -25674.3    -6555.1   -16170.2 166290.0  94554.1  99718.8 2021  2 13 14 15 28.860  1.76   1
     1214  54.545833 -161.770833    12.510      468.7   -61835.1    -6529.0 114541.9 129922.0 150204.5 2021  2 13 19  9 54.480  1.98   1
     1215  54.935706 -161.053027    62.297    46380.0   -18432.7    43258.6  92453.7 172894.5  92802.3 2021  2 14  0 24 32.090  2.39   1
     1216  55.117867 -163.269141    14.167   -95155.2     1846.4    -4872.0 178545.7 374735.8 271274.9 2021  2 14  0 51 17.470  2.71   1
     1221  54.525122 -162.306755    63.473   -33985.3   -64140.8    44433.9 337531.1  90974.9 158821.5 2021  2 14  3 53 26.740  2.25   1
     1222  55.066414 -160.472054    81.492    83405.6    -3881.6    62453.4 707183.2 ******** 795104.2 2021  2 14  8 10 58.270  2.46   1
     1224  55.263171 -162.059082    14.902   -17897.9    18022.3    -4136.7 729335.6 675925.7 781283.8 2021  2 14  9  9 53.440  0.78   1
     1225  55.234664 -161.744954    21.334     2113.8    14848.7     2295.5 895861.8 ******** 726604.0 2021  2 14  9 46 14.060  1.94   1
     1228  55.561641 -161.459229    18.126    20239.0    51249.4     -913.2 178141.9 202572.5 251065.4 2021  2 14 17 55 14.800  1.17   1
      123  55.590568 -160.314095     9.702    92881.9    54469.6    -9336.5 813421.1 ******** 821342.6 2021  1  4  1 40 58.450  1.88   1
     1238  54.864941 -161.545101     2.179    14918.2   -26310.5   -16860.0  93516.8 142870.7 103222.7 2021  2 16  3 45  0.350  2.31   1
     1244  54.972677 -162.250065     4.372   -30173.2   -14316.9   -14667.2  96735.5  85831.9 150132.0 2021  2 16  5 33 19.130  1.39   1
     1249  55.182674 -161.736393     3.168     2661.1     9061.0   -15870.8 125215.2 163696.1 184642.7 2021  2 16  6 16 24.920  0.85   1
     1250  54.590177 -161.322835    30.490    29246.9   -56898.5    11451.2 212297.1 177273.2 474884.9 2021  2 16  6 30 31.090  1.51   1
     1254  54.901558 -161.429915    29.668    22282.3   -22234.1    10628.9 177099.2 139726.2 256856.7 2021  2 16 15 52 45.740  1.88   1
     1258  54.974182 -161.898958    34.666    -7725.3   -14149.3    15626.8 374555.8 240875.2 436704.8 2021  2 16 16 17 46.800  1.45   1
     1269  55.019137 -161.447054     4.092    21154.6    -9144.8   -14947.2 213928.9 143107.1 413016.9 2021  2 16 23 19 12.080  3.19   1
     1272  54.590072 -161.311344    29.776    29985.1   -56910.3    10737.4 197028.1 184627.6 571471.4 2021  2 17  4  6 41.430  1.68   1
     1281  55.144735 -160.193490     7.859   101096.1     4837.4   -11179.4 395065.6 745303.4 395240.7 2021  2 17 10 51 20.520  1.63   1
     1283  54.679468 -163.522038    11.148  -111901.9   -46958.3    -7890.6 194894.7 319282.3 289203.8 2021  2 17 12 56 29.530  1.79   1
     1284  55.354069 -161.838298    20.580    -3828.8    28141.5     1541.0 251669.3 148312.1 152360.8 2021  2 17 13  2 44.200  0.03   1
     1287  55.310258 -161.907910    21.291    -8262.9    23264.2     2251.8 ******** ******** ******** 2021  2 17 17  1 28.160  0.07   1
      129  54.861670 -161.362646    27.812    26600.0   -26674.7     8772.8 138489.5 114281.9 320492.9 2021  1  4  4  1 10.530  1.79   1
     1290  55.199048 -161.765967    30.061      775.1    10883.8    11022.4 611259.2 317405.5 217208.1 2021  2 17 19 37 22.880  1.20   1
     1298  55.326558 -161.402523     2.751    23908.2    25078.9   -16288.2 160865.1 230189.6 542482.4 2021  2 18  5  4 40.770  0.01   1
      130  54.827482 -161.304183    33.459    30355.9   -30480.7    14420.5 218186.9 257290.7 392913.2 2021  1  4  4  1 21.820  1.94   1
     1301  55.121733 -162.355225    18.833   -36828.2     2276.7     -206.2 296336.9 181236.8 180432.1 2021  2 18  7 29 54.880  1.05   1
     1305  55.331567 -161.712500     5.570     4177.0    25636.5   -13468.6 231520.0 230596.1 206285.9 2021  2 18  9 43 35.800 -0.44   1
     1310  54.591728 -161.288411    12.397    31457.6   -56725.9    -6642.3 111370.7  88056.5  81826.6 2021  2 18 12 40 52.980  1.97   1
     1323  55.346590 -161.748161     5.183     1906.8    27308.9   -13856.2  78047.6 145991.4 113503.2 2021  2 18 19  3 39.340 -0.86   1
     1328  55.357349 -162.154297    31.944   -23935.2    28506.6    12905.5 ******** ******** ******** 2021  2 19  0 35 58.340  0.73   1
     1332  55.311869 -161.523730     4.596    16196.0    23443.6   -14442.5 162920.7 234273.9 325896.3 2021  2 19  2  7 18.390  0.34   1
      134  55.174117 -161.907926     6.265    -8278.0     8108.4   -12774.1 220068.6 270302.3 247889.4 2021  1  4  8 26 55.590  1.50   1
     1347  55.276139 -161.663639     8.419     7292.0    19466.0   -10620.3 115482.5 133111.4 170137.9 2021  2 19  4 40 45.390  1.04   1
      135  54.761137 -161.640348    62.337     8831.8   -37866.5    43298.0 343617.0 310414.6 117911.7 2021  1  4  9 10 28.510  1.47   1
     1352  54.519063 -161.131820    19.784    41553.7   -64815.3      744.6 168012.2 145928.2 129008.8 2021  2 19  8 36 17.060  2.48   1
     1357  54.997099 -162.299040     6.987   -33294.3   -11598.1   -12052.1 106185.4 113260.9 186935.2 2021  2 19  9 13 55.750  1.99   1
     1359  54.851908 -162.776921    32.147   -63953.2   -27761.4    13107.9 275165.3 247558.5 602970.8 2021  2 19  9 21 33.210  1.56   1
     1363  55.244027 -161.645052    10.936     8479.2    15891.0    -8102.6 105364.9 178187.2 234699.4 2021  2 19 10 52 15.340  0.41   1
     1371  55.299939 -161.535042     5.610    15478.1    22115.5   -13428.9 223346.1 264644.7 287477.8 2021  2 19 13 52 35.450  0.01   1
     1372  55.050159 -161.429476    27.150    22269.2    -5691.3     8111.2 172971.6 116487.5 354557.3 2021  2 19 14  4  8.250  1.62   1
     1375  55.328853 -160.447103    11.703    84721.1    25334.3    -7336.0 212226.1 478306.1 220493.0 2021  2 19 14 22 52.620  1.08   1
     1376  54.524308 -163.264583    13.594   -95564.6   -64231.4    -5444.9 253334.8 263310.6 250774.8 2021  2 19 14 29 46.060  1.63   1
     1380  54.970251 -160.545312    72.209    78821.5   -14586.9    53170.4 712399.3 ******** 843913.6 2021  2 19 15 14 44.340  1.56   1
     1385  55.089921 -162.601660    32.283   -52575.5    -1264.7    13244.0 183451.8 169508.3 109903.0 2021  2 19 23 24 42.440  1.62   1
     1386  55.045593 -161.616683    20.371    10312.4    -6199.5     1332.1 182151.5 116083.9 158805.8 2021  2 20  1 14 23.940  0.82   1
     1389  54.547099 -161.160889    11.731    39671.0   -61694.2    -7307.8 115099.2 109678.8 102532.8 2021  2 20  3 29 30.500  1.90   1
     1392  54.761222 -161.976823     1.361   -12737.0   -37857.0   -17678.0 262983.0  65037.3  94605.9 2021  2 20  9 22 15.120  1.42   1
     1393  54.498808 -162.322721    47.934   -35023.2   -67070.2    28895.3 237117.2 105075.9 147439.3 2021  2 20 12 16 54.990  2.81   1
     1397  54.626575 -161.416992    15.210    23188.0   -52846.6    -3828.9 147210.0 248679.4 148290.0 2021  2 21  1 46 47.010  1.45   1
       14  55.231156 -161.166374    30.841    38986.3    14458.3    11802.2 113838.1 207575.0 231814.5 2021  1  1 16 55  4.360  1.72   1
     1405  55.054447 -161.224219    15.090    35377.7    -5213.8    -3948.9 114214.7 110013.2 656252.7 2021  2 21 11  6 40.870  2.14   1
     1407  55.115177 -161.565820     3.536    13549.5     1546.9   -15502.8 174761.4 189628.4 144278.1 2021  2 21 11  8 39.470  1.28   1
     1409  55.112614 -161.621891     5.609     9971.3     1261.6   -13429.4 148201.2 201995.5  97449.7 2021  2 21 11 11 53.160  0.88   1
     1414  54.912297 -162.620133    34.961   -53873.7   -21038.7    15921.9 232055.2 245181.1 158396.4 2021  2 21 15  5  6.160  1.48   1
     1415  55.262459 -161.612044     5.435    10580.0    17943.0   -13604.4 173908.9 198288.4 188702.6 2021  2 21 16  1  3.430  1.78   1
     1417  55.149207 -161.538135     0.854    15310.0     5335.2   -18185.2 119281.0 207815.7 105387.5 2021  2 21 17 30 27.960  0.78   1
     1419  55.504028 -161.720524     9.631     3658.3    44835.6    -9407.7 ******** ******** ******** 2021  2 21 18 53 44.040  0.49   1
     1420  55.103389 -161.774300    16.896      244.1      234.6    -2142.5 171425.0 130453.3 232820.2 2021  2 21 18 54 16.160  1.01   1
     1425  55.144096 -161.784082     6.128     -380.0     4766.3   -12911.3 208757.4 104665.6 315805.9 2021  2 21 21 58 10.560  0.49   1
     1427  55.109066 -161.636377     3.320     9047.2      866.6   -15718.7  79287.0 192761.7 271139.3 2021  2 21 22  8 14.800  1.03   1
     1430  55.495479 -163.231885    14.370   -92340.6    43883.9    -4668.4 ******** ******** ******** 2021  2 21 22 40 59.780  1.60   1
     1431  54.584904 -161.290560    24.799    31322.2   -57485.6     5759.9 269088.2 221383.9 229306.1 2021  2 21 23  0 10.360  2.31   1
     1433  55.104622 -161.777962     5.126       10.4      371.9   -13913.4 331010.6 270018.8 231457.3 2021  2 21 23 57  4.060  1.32   1
     1434  55.176538 -161.549382    21.749    14587.5     8377.9     2709.9 174165.1 129943.1 182419.0 2021  2 21 23 57 55.340  1.17   1
     1435  55.238708 -161.978125    14.605   -12744.6    15299.0    -4434.1 947191.0 770118.3 ******** 2021  2 21 23 58 16.000  1.22   1
     1439  55.159591 -161.511865    23.229    16983.6     6491.2     4189.9 144491.4 112877.0 170032.3 2021  2 22  0 43  2.960  0.59   1
     1443  55.180204 -161.848226    18.059    -4470.3     8786.0     -979.5 207477.6 144518.2 192757.2 2021  2 22  1 21 15.400  0.46   1
     1453  54.838509 -161.112093    33.043    42653.3   -29253.1    14004.5 196589.1 238254.6 515400.8 2021  2 22  4 37 56.240  2.24   1
     1454  54.962744 -161.371973    32.913    25970.3   -15422.7    13874.4 261978.0 331497.3 256962.1 2021  2 22  7 39 17.400  1.96   1
     1457  54.897465 -161.281283    31.897    31795.0   -22689.8    12858.4 215322.3 311964.2 319554.6 2021  2 22  7 41 20.050  2.58   1
     1458  55.196757 -161.511263    24.405    17014.1    10628.8     5366.4 209012.7 241045.0 164181.8 2021  2 22  9  2 25.970  0.81   1
     1459  55.121541 -161.942822    16.477   -10510.3     2255.4    -2561.6 204401.0 145360.8 256560.8 2021  2 22  9  2 44.010  0.61   1
      146  55.407638 -161.985238    39.302   -13170.0    34105.0    20263.4 ******** 957818.2 774061.1 2021  1  4 15 59 53.660  0.44   1
     1463  55.295162 -161.717611     4.398     3853.4    21583.7   -14640.7 132689.8 109462.8 189722.8 2021  2 22 12 58 56.000  0.45   1
     1468  54.635958 -161.309082    12.068    30113.3   -51802.0    -6971.2 144586.4 167643.4 181009.5 2021  2 22 16 17 26.310  1.73   1
     1472  55.054753 -161.724430    13.382     3429.4    -5179.8    -5656.7 152655.6  82755.7 263031.8 2021  2 22 16 50 46.390  0.97   1
     1476  55.133740 -161.705192     9.260     4653.6     3613.4    -9778.7 119994.6 139751.3 168550.9 2021  2 22 20 16  9.000  0.98   1
     1478  54.800854 -161.683382    34.130     6070.3   -33445.0    15090.8 437408.1 251086.2 370398.7 2021  2 22 22 18 15.100  1.52   1
     1488  55.400513 -161.733431    19.284     2842.3    33311.8      245.2 221548.7 216909.5 283182.6 2021  2 23 12 29 16.040 -0.11   1
     1493  54.642651 -161.433122    12.925    22147.9   -51056.9    -6113.4 215188.2 203302.1 143844.3 2021  2 23 20  3 57.320  2.87   1
     1500  54.910002 -161.366390    31.637    26344.5   -21294.2    12598.2 230778.9 225319.6 276082.8 2021  2 23 22 41 49.920  1.99   1
     1502  55.100008 -161.582992    12.260    12456.0     -141.8    -6779.2 160002.9 190471.9 124765.6 2021  2 23 23 36 55.900  1.07   1
     1510  54.862809 -161.293180    30.523    31047.0   -26547.9    11483.9 124293.9 227211.0 438701.0 2021  2 24  2 36 40.740  2.08   1
     1513  55.329024 -161.765495     4.820      803.9    25353.4   -14218.6 294060.4 320602.5 442210.9 2021  2 24  3 44 51.420  0.93   1
     1514  55.269548 -162.079476    12.234   -19195.6    18732.1    -6805.1 701010.6 651989.0 788712.5 2021  2 24  3 45  8.730  0.63   1
      153  55.232898 -162.088444    11.685   -19775.9    14652.1    -7353.4 ******** ******** ******** 2021  1  4 18 37 14.700  0.42   1
      154  54.588363 -161.271224    29.516    32563.0   -57100.6    10477.0 125209.4 112928.1 352092.9 2021  1  4 18 41 15.600  1.65   1
     1540  55.057996 -163.380322    14.717  -102327.0    -4818.8    -4322.3 212353.3 412232.2 234896.2 2021  2 24 17 41 27.000  1.66   1
     1543  55.505444 -161.863949    28.831    -5450.7    44993.3     9791.9 ******** ******** 879061.4 2021  2 24 19 10 27.800  0.33   1
     1544  54.987687 -161.396305    31.809    24406.9   -12645.9    12770.0 193500.3 131627.0 312118.8 2021  2 24 19 51 27.800  1.58   1
     1548  55.095858 -163.308919    14.333   -97720.6     -603.8    -4706.3 214571.2 341181.8 389821.0 2021  2 24 20 59 31.300  1.74   1
     1551  55.040035 -161.756087    18.903     1407.8    -6818.3     -136.2 258813.1 214212.2 139355.3 2021  2 25  2  4 18.030  1.17   1
     1552  55.153772 -161.764144    24.223      891.9     5843.5     5183.8 137186.7 124527.7 136191.2 2021  2 25  2  4 37.270  1.22   1
     1553  54.975020 -162.194092     3.181   -26593.8   -14056.0   -15856.6 228095.4 139118.3 321480.4 2021  2 25  3 22  5.790  1.67   1
     1560  55.045068 -161.597201     4.367    11556.9    -6257.9   -14671.6 197628.2 301421.5 266187.7 2021  2 25  7 39 13.870  0.78   1
     1568  55.090527 -162.058610    13.958   -17906.4    -1197.2    -5081.3 189886.5 224493.7 325718.4 2021  2 25 15 59 56.610  0.52   1
      157  54.587252 -161.267969    26.550    32772.6   -57224.2     7511.4 136575.6 143343.0 830140.5 2021  1  4 19 48  7.600  2.60   1
     1572  54.598035 -161.261100    30.289    33209.4   -56023.8    11250.5 164233.7 178872.8 451443.4 2021  2 25 18 54 43.360  1.57   1
     1579  55.044010 -161.369320    21.256    26113.6    -6375.7     2217.2 189371.7 152995.0 279260.7 2021  2 26  7  9 46.090  0.71   1
      158  54.996696 -162.296582    13.403   -33137.4   -11643.0    -5636.4 146676.7  98161.5 233570.8 2021  1  4 20 44 36.960  2.96   1
     1581  55.012048 -161.353516    30.790    27133.9    -9933.9    11751.6 165807.0 100799.1 276520.5 2021  2 26  9  3 54.340  1.99   1
     1585  54.585620 -161.261003    28.377    33220.7   -57405.9     9338.5 101525.8 137538.5 484719.8 2021  2 26 12  9  8.560  1.97   1
      159  54.975492 -162.343750    12.881   -36161.7   -14003.5    -6158.2 150165.3 151931.0  52095.2 2021  1  4 20 44 47.420  3.35   1
     1590  55.471212 -162.009391    28.735   -14694.1    41182.3     9695.8 ******** ******** ******** 2021  2 26 19  0 39.760  0.27   1
     1591  55.097766 -161.381950    24.423    25289.9     -391.4     5384.0 282529.0 264815.5 130616.6 2021  2 26 19 39 49.120  0.92   1
     1598  55.083647 -161.627718    17.627     9602.9    -1963.2    -1411.9 257030.5 189980.3 162820.9 2021  2 27  0  6 44.230  1.22   1
      160  55.183496 -161.778923     9.158      -50.9     9152.5    -9881.1 298217.0 133584.6 228441.2 2021  1  4 21 22 34.520  0.99   1
     1602  55.082227 -161.896908     9.435    -7584.0    -2121.3    -9604.3 206409.2 234511.6 465614.9 2021  2 27  6 44 11.470  1.03   1
     1606  55.244910 -162.264941     4.801   -31019.0    15989.3   -14237.8 ******** 913944.1 485285.8 2021  2 27  8 42 23.690  1.54   1
     1608  55.195536 -161.937793     3.919   -10180.0    10492.9   -15120.3 192248.4 145727.4  31806.7 2021  2 27  9 20 25.210  0.83   1
     1612  54.949239 -161.677344    12.034     6445.3   -16926.1    -7005.1 173389.0 136197.4 249522.4 2021  2 27 15 30 31.160  1.03   1
     1627  54.973210 -161.423649    33.051    22663.1   -14257.6    14012.4 205823.4 246498.5 223509.2 2021  2 28  6 21  3.480  2.16   1
      163  55.002608 -161.477344    32.695    19223.1   -10984.8    13656.0 210395.6 261320.3 405414.7 2021  1  4 22 45 47.100  0.74   1
     1632  55.099296 -161.224414    33.432    35345.5     -221.1    14393.4  95430.7 256307.9 172177.2 2021  2 28  8 10 21.870  1.67   1
     1638  54.504159 -161.028695     7.424    48192.9   -66474.6   -11614.6 154414.8 232443.5 318012.4 2021  2 28 18  1 17.120  1.74   1
     1644  54.490869 -163.175033     1.026   -89844.3   -67954.0   -18012.7 151663.6 151045.8 119037.2 2021  2 28 22  8 55.420  2.34   1
     1646  55.377629 -161.829248     5.850    -3252.1    30764.2   -13189.1 630003.1 576480.9 560454.5 2021  2 28 22 59 50.600  0.81   1
     1647  54.772843 -161.229769    33.405    35145.8   -36563.3    14365.8 138142.8 237341.1 248247.6 2021  3  1  4 28 55.900  2.15   1
     1652  55.024788 -161.374951    30.857    25760.0    -8515.6    11818.1 140586.5 186873.6 371331.1 2021  3  1 15  0  4.050  2.37   1
     1654  54.901733 -160.887891    14.782    56966.8   -22214.7    -4255.9 178260.0 178401.5 181618.6 2021  3  1 20 37 56.640  1.33   1
     1657  55.123230 -161.617692    23.380    10238.0     2443.4     4341.2 254064.4 236198.2 187720.6 2021  3  2  1 54 25.150  1.32   1
     1661  54.923307 -162.209554     5.193   -27600.1   -19813.0   -13846.3 194176.0  94310.3 239349.8 2021  3  2 13 18  6.080  1.04   1
     1662  55.064254 -161.613330    18.355    10524.1    -4122.1     -683.6 122962.0 132941.3 200424.3 2021  3  2 14 45 35.910  1.58   1
     1671  55.241207 -160.934017    31.349    53787.4    15577.1    12310.3  76922.7 439432.1 252054.6 2021  3  3 12 32  3.630  2.21   1
     1676  55.055408 -161.608285     0.066    10847.5    -5106.9   -18973.0 171770.7 159611.0 168076.3 2021  3  3 22  9  2.360  1.13   1
     1678  55.227828 -161.741683     3.224     2322.5    14087.7   -15814.4 273995.2 235820.2 346169.6 2021  3  4  0 35 13.270  3.42   1
     1680  54.603121 -161.436117     7.975    21966.4   -55457.6   -11064.2 115557.1 135998.9 150823.2 2021  3  4  0 38 11.150  3.52   1
     1684  55.312760 -161.746484     5.920     2014.4    23542.8   -13119.2 561454.9 721302.9 581682.8 2021  3  4  0 44 32.450  0.64   1
     1688  55.107019 -163.411979   104.764  -104285.1      638.7    85725.3 412296.8 931997.9 375126.1 2021  3  4  1 22 54.170  2.47   1
     1691  55.152559 -163.472331    13.221  -108075.9     5708.5    -5818.4 186140.1 365181.9 278514.4 2021  3  4  1 58 10.610  1.61   1
       17  55.126518 -161.921094     9.708    -9123.1     2809.4    -9330.5 191546.6 135981.1 221773.4 2021  1  1 17 17 19.000  1.75   1
      170  54.869930 -161.845980     1.332    -4343.8   -25755.2   -17707.1 244357.5 154535.8 146109.4 2021  1  5  1 54 41.470  1.03   1
     1703  54.492306 -161.740381    11.354     2427.5   -67794.1    -7684.6 155735.8 106354.9 132117.0 2021  3  4  9 38 50.260  2.25   1
     1704  54.489209 -161.716113    10.715     3988.5   -68138.8    -8324.1 183766.5 109561.5 103087.4 2021  3  4  9 42 51.260  2.04   1
     1706  55.013045 -161.511816    22.830    17017.8    -9822.9     3791.1 281137.1 135951.3 102657.0 2021  3  4 12 59  4.700  1.40   1
     1709  55.355583 -161.963688    31.030   -11807.4    28310.0    11991.3 ******** ******** 922883.7 2021  3  4 13 55  2.390  0.66   1
      172  54.976986 -161.712630    19.317     4187.1   -13837.2      278.1 122266.5 149720.7 248380.8 2021  1  5  3 43 56.380  2.04   1
     1720  54.906702 -161.198519    15.400    37087.2   -21661.6    -3639.0 186860.8 162235.2 241212.2 2021  3  4 19 53 29.960  2.38   1
     1722  55.264384 -160.978548    47.450    50935.0    18157.3    28410.6  63863.8 296071.6 140868.8 2021  3  4 20 37 48.760  2.44   1
     1729  55.355546 -162.549398     2.028   -49076.0    28305.9   -17010.5 706142.1 596116.8 750657.2 2021  3  4 23 56 31.360  1.93   1
      173  54.525635 -162.373356    20.038   -38266.8   -64083.7      999.3 340354.6 178639.0 242241.4 2021  1  5  4 32 55.230  1.62   1
     1730  54.976147 -163.491032    10.745  -109509.0   -13930.5    -8293.8 189734.8 703211.8 295351.2 2021  3  4 23 58 39.980  2.00   1
     1738  55.322530 -161.787793     1.297     -615.4    24630.4   -17741.4 181371.8 192189.2 225012.6 2021  3  5  0 46 13.720  1.50   1
     1741  55.137553 -161.762712    10.439      983.4     4037.9    -8599.8 166807.3 160666.8 349052.4 2021  3  5  4  3 28.830  1.34   1
     1748  55.022994 -161.774349    19.890      241.3    -8715.4      850.9 154166.7 210234.1 121685.6 2021  3  5 16 11 27.520  2.40   1
     1749  55.235738 -160.871191    27.138    57794.6    14968.3     8098.7 273347.6 653028.0 567271.1 2021  3  5 18 26 51.980  2.03   1
      175  55.120020 -161.733968    24.044     2818.0     2086.0     5004.8 156200.1 169335.2 136397.7 2021  1  5  4 57 50.210  1.82   1
     1751  55.008944 -161.621094    24.537    10035.2   -10279.5     5498.3 219944.8 185973.6  66347.5 2021  3  5 18 53  2.780  1.72   1
     1762  55.344775 -161.716162    20.555     3943.2    27106.9     1515.7 253772.0 260755.2 123214.8 2021  3  6  0 58 42.500  2.01   1
     1772  54.934310 -162.247363     3.679   -30014.8   -18588.1   -15359.8  99388.4  98970.5  98635.8 2021  3  6 12  6 39.940  0.93   1
     1776  55.106539 -161.767448    17.507      681.5      585.3    -1532.2 133867.3 175070.0 211356.0 2021  3  6 12 34 33.970  1.87   1
     1782  54.618095 -161.322314    30.334    29270.2   -53790.6    11295.5 196999.5  66318.2 285955.6 2021  3  7  8 56 49.900  1.51   1
     1791  54.762248 -161.022786    29.329    48418.3   -37742.9    10290.3 280527.6 170563.2 633355.6 2021  3  7 12 44 28.780  2.36   1
     1795  54.358899 -163.254980    22.502   -95140.6   -82645.5     3463.2 486590.8 411512.7 414544.3 2021  3  7 14 11 29.290  2.14   1
      180  54.450415 -161.686605    11.170     5889.2   -72457.5    -7868.6 270034.8 119913.7 125905.8 2021  1  5 14 13 57.050  2.04   1
     1800  54.584290 -161.299674    11.664    30736.9   -57554.0    -7374.6  94766.2  88475.5  72500.3 2021  3  7 23 31 54.600  2.56   1
     1801  55.374504 -161.741146    17.327     2352.4    30416.3    -1712.0 618887.4 544392.3 480435.1 2021  3  7 23 58 41.000  1.62   1
     1802  55.144942 -161.247510    32.477    33851.9     4860.5    13438.6 143723.8 237414.8 197873.2 2021  3  8  0  1 45.660  1.37   1
     1803  55.063379 -160.949626    33.882    52909.9    -4219.5    14842.8 160330.3 424513.2 446905.8 2021  3  8  0  1 53.910  2.25   1
     1813  55.101595 -161.786540    12.101     -537.1       34.9    -6937.9 197969.2  89914.7 187785.6 2021  3  8  9 53  8.660  1.23   1
     1818  55.177974 -161.803125    18.779    -1594.3     8537.8     -260.4 167464.2 168841.4 206772.6 2021  3  8 19 54 55.400  2.09   1
     1822  54.572205 -161.310254    13.175    30061.7   -58899.4    -5864.2 186319.3 136823.7  80516.9 2021  3  8 22 56 20.960  1.57   1
     1823  55.355371 -161.863802     6.896    -5451.6    28286.4   -12142.5 ******** ******** ******** 2021  3  9  5 24  8.420 -0.07   1
     1824  55.431718 -161.164209    40.906    39026.2    36785.7    21867.2 146396.2 194933.6 303133.9 2021  3  9  5 25 56.450  1.50   1
     1826  55.323112 -161.715283     6.959     4000.2    24695.2   -12080.2 148830.8 192789.1 279720.1 2021  3  9  6 12  3.170  1.22   1
      183  54.530359 -162.479785     9.684   -45106.4   -63557.8    -9355.3 199167.2  91968.4 210495.0 2021  1  5 19 35 57.360  2.51   1
     1834  54.957479 -161.611328    16.996    10666.1   -16008.8    -2042.9 110152.0 153517.2 480790.6 2021  3  9 11 47  7.090  2.25   1
     1836  55.044784 -161.748226    23.385     1909.9    -6289.6     4346.6 213850.9 157185.1 174556.9 2021  3  9 15 28 26.520  1.02   1
     1837  54.609294 -161.285205    24.756    31656.7   -54770.4     5717.3 175831.1 142072.0 138794.7 2021  3  9 15 59 56.200  1.96   1
     1848  54.475785 -163.173096     1.682   -89736.4   -69633.2   -17357.3 158262.3 156312.8 155230.5 2021  3 10  6 53 14.950  1.84   1
     1850  54.971761 -162.262549     0.760   -30971.7   -14418.8   -18278.9  98628.7  78376.6  69943.0 2021  3 10  7 15 44.300  1.55   1
     1854  55.193123 -162.025423    27.099   -15767.5    10224.2     8059.7 293627.8 171485.2 199371.4 2021  3 10  8 52 57.000  0.82   1
     1855  54.946134 -161.328451    16.965    28759.2   -17271.7    -2074.1 289918.0 260358.9 330721.6 2021  3 10  9 15 17.810  0.84   1
     1856  55.168823 -161.828743    16.448    -3228.4     7519.0    -2591.3 313790.9 161688.7 356748.9 2021  3 10  9 15 41.680  0.51   1
     1858  55.299516 -161.655827    16.231     7787.3    22068.3    -2807.7 119517.0 128833.3  90881.9 2021  3 10 18 24 35.260  0.37   1
     1859  54.675793 -160.601335    21.957    75514.7   -47367.4     2917.7 696074.7 785070.0 690830.8 2021  3 10 20 21  6.480  2.04   1
     1861  55.020174 -162.296598     4.535   -33128.7    -9029.3   -14504.1 134844.2 143148.9 133066.3 2021  3 10 23 39 17.520  1.55   1
     1863  54.956287 -161.349935    33.159    27381.7   -16141.5    14119.8 204534.5 126677.5 176527.4 2021  3 11  5 14 38.290  2.04   1
     1864  54.893355 -162.817627    58.675   -66525.5   -23147.3    39635.9 980727.8 ******** 937707.1 2021  3 11  5 48 59.910  1.72   1
     1868  55.057015 -161.456950     2.962    20512.6    -4928.0   -16077.0 142029.1 135226.9 126636.1 2021  3 11  6  3 33.370  2.16   1
     1875  54.562968 -162.081803    46.946   -19514.2   -59927.6    27907.0 215372.7 159606.4 126413.4 2021  3 11 13  8 23.810  1.79   1
     1876  55.012862 -161.568848    19.275    13373.3    -9843.3      235.8 302217.9 158774.2 137479.0 2021  3 11 19 52 43.600  0.49   1
     1877  55.438013 -161.471077    39.912    19517.2    37486.5    20873.5 303654.2 477379.7 232056.3 2021  3 11 20 50 52.560  1.14   1
      188  55.127336 -161.564665     1.532    13621.2     2900.4   -17506.8 245150.7 172792.2  76143.8 2021  1  5 23 35 40.720  2.17   1
     1880  54.959639 -162.447786    15.876   -42821.4   -15768.3    -3162.5 265203.5 290334.7 657298.2 2021  3 11 23 53  2.980  1.51   1
     1881  55.252767 -162.230485     4.568   -28820.6    16864.0   -14471.3 ******** ******** ******** 2021  3 15  0 56  4.510  0.80   1
     1883  55.309123 -161.706169     5.886     4581.2    23137.8   -13152.5 158320.1 201596.3 178683.1 2021  3 15  2 35  5.030  1.32   1
     1885  55.071712 -161.532129    22.793    15708.3    -3291.8     3753.8 115395.4 158292.9 219982.3 2021  3 15  3 36 22.040  1.43   1
     1889  54.576595 -162.581396    15.809   -51609.1   -58410.6    -3229.8 128061.9  46965.2 158312.5 2021  3 15  4 11 52.080  1.66   1
     1894  55.108407 -162.344678    31.774   -36161.1      793.2    12734.8 571562.6 424186.6 194180.8 2021  3 15  6 19 53.350  1.28   1
     1896  55.297046 -161.659310     5.417     7565.7    21793.4   -13621.8 114359.4 207814.8 142627.3 2021  3 15  8 34 48.080  1.21   1
     1903  54.818567 -162.431136    23.567   -41829.8   -31473.1     4528.0 188762.6 214563.8 182907.0 2021  3 15 13 52 50.600  1.56   1
     1905  55.896391 -160.571289    11.381    76270.2    88515.3    -7658.0 261858.4 336054.4 246798.6 2021  3 15 13 58  5.000  2.29   1
     1906  55.868022 -160.565934     9.333    76636.1    85357.1    -9705.7 209794.0 315418.8 207326.2 2021  3 15 14  1 39.780  1.63   1
     1909  55.275663 -161.997021    13.009   -13942.3    19413.0    -6029.9 ******** ******** ******** 2021  3 15 19  9 48.960  0.41   1
     1916  55.326497 -162.081966    12.479   -19340.4    25072.1    -6560.0 ******** 703709.0 ******** 2021  3 16  3  5 32.610  1.50   1
     1920  54.754504 -161.420524    54.543    22924.9   -38604.9    35503.7 209612.5 149104.7 135617.8 2021  3 16  9 17 34.970  3.29   1
     1922  54.688428 -161.381527    44.119    25445.8   -45960.8    25080.0 150982.3 186011.0 232402.6 2021  3 16 10 40 11.180  1.61   1
     1928  55.153996 -162.661051    41.985   -56322.2     5868.4    22946.0 232998.5 183931.4 186894.5 2021  3 16 18 42 43.780  3.13   1
     1932  54.969653 -162.195898     1.009   -26711.1   -14653.5   -18029.9 139254.8 184075.0  84520.4 2021  3 16 22 23 17.680  0.78   1
     1950  54.983655 -161.916309     4.287    -8833.5   -13094.8   -14751.7 259718.2  66673.7 177899.8 2021  3 17 17 25 48.880  0.81   1
     1952  54.858647 -162.662663    32.361   -56632.5   -27011.3    13322.4 308320.3  94795.9 405750.8 2021  3 17 18  2 20.460  1.45   1
     1953  54.839681 -161.247331    29.719    33992.1   -29122.6    10679.6 159700.6 246964.4 456196.2 2021  3 17 19 20 28.680  1.43   1
     1955  54.522156 -161.323991     6.692    29197.1   -64471.0   -12347.2 182163.2 136765.4 272196.6 2021  3 17 19 45 17.280  1.73   1
     1958  55.548816 -161.723796    27.797     3448.6    49821.6     8758.1 968417.8 945182.3 ******** 2021  3 17 21 13 17.440  0.53   1
     1959  55.158325 -161.913005     4.433    -8603.5     6350.3   -14606.0 179392.8 123007.4 196516.1 2021  3 17 21 50 12.840  0.78   1
     1961  54.572233 -161.346826    13.462    27711.9   -58896.2    -5577.2 109738.9 190909.6 104838.9 2021  3 17 22  3 42.820  1.10   1
     1963  54.462101 -162.851449     8.021   -69057.0   -71156.6   -11018.2 320302.6 246284.0 435733.0 2021  3 17 22 42 26.960  1.90   1
     1965  55.269430 -162.184033    11.057   -25855.7    18719.0    -7981.6 ******** 598909.2 ******** 2021  3 17 23  0 33.240  1.28   1
     1969  55.194906 -162.285075    16.253   -32322.0    10422.6    -2785.8 ******** ******** 643050.6 2021  3 18  0 14  0.410  1.28   1
      197  55.090995 -161.571729    29.467    13176.4    -1145.1    10428.1 118386.7 334030.6 312276.7 2021  1  7  2 55 29.890  2.19   1
     1973  54.838656 -161.168197    53.041    39060.3   -29236.8    34002.5 152400.6  93469.2 187188.0 2021  3 18  1 31 29.980  1.25   1
     1975  55.453670 -161.873145    30.989    -6038.7    39229.5    11950.2 126758.4 994174.9 636516.6 2021  3 18  2 45 38.950  0.99   1
     1981  54.794564 -162.914551     7.989   -72817.4   -34145.3   -11050.1 173963.7 163940.8 424252.8 2021  3 18  6 26 27.680  1.02   1
     1983  54.482365 -162.067871    13.729   -18637.4   -68900.7    -5309.8 302523.8 134494.4 287691.2 2021  3 18  7 22 24.300  1.24   1
     1984  55.035189 -161.333382     7.805    28412.3    -7357.8   -11233.7 193360.6 110971.1 ******** 2021  3 18  8  6 48.940  0.87   1
     1986  55.035083 -161.691423    20.678     5539.0    -7369.6     1639.5 398282.5 574078.8 363940.8 2021  3 18  8 24 14.020  1.39   1
     1988  54.965385 -162.893424    52.681   -71312.5   -15128.7    33641.9 939351.5 ******** ******** 2021  3 18  9 58 57.490  1.33   1
     1991  55.220093 -161.650944    12.527     8106.2    13226.6    -6511.7 285100.8 133922.4 213353.9 2021  3 18 12 20 29.880  1.12   1
     1995  55.171228 -161.922119     5.243    -9183.5     7786.7   -13795.6 185946.5 315019.4 414432.8 2021  3 18 14 36 19.100  0.66   1
     1996  54.590112 -161.240983    31.192    34504.9   -56905.8    12152.7 128105.7 122059.6 356593.1 2021  3 18 15 25 37.380  1.11   1
     1997  55.559318 -163.362484    13.036  -100555.4    50990.8    -6002.7 ******** ******** ******** 2021  3 18 16 56 49.690  1.37   1
     2001  54.490320 -163.157666     0.313   -88728.0   -68015.1   -18725.9 144126.2 141842.2 112370.2 2021  3 18 19 35 43.440  1.69   1
     2006  55.309395 -161.562630    10.218    13719.8    23168.2    -8821.2  85565.0 233102.3 298558.6 2021  3 18 20 15  0.400  0.39   1
     2007  54.986328 -160.688623    40.107    69644.9   -12797.2    21068.4 267006.3 337670.6 454412.9 2021  3 18 22 50 27.260  4.06   1
     2011  54.769975 -160.708529     9.145    68556.2   -36882.6    -9894.3 393619.8 285655.2 232439.8 2021  3 19  2 17 27.950  1.93   1
     2014  54.983097 -162.366146     6.273   -37589.9   -13156.8   -12765.4 123875.5 205461.1 218973.2 2021  3 19  6  2 53.140  0.50   1
     2017  55.080094 -161.715804    16.842     3979.1    -2358.7    -2196.9 106482.0 126310.6 194476.4 2021  3 19  7 15 23.960  1.19   1
     2029  55.498690 -161.770085    17.473      510.7    44241.3    -1566.1 ******** ******** 939833.1 2021  3 19 20  1 37.500  0.94   1
     2034  55.311287 -160.603678    34.171    74771.3    23378.8    15132.0 153171.8 329868.8 408497.6 2021  3 20 10 26 13.060  1.96   1
      204  55.116854 -161.471663    24.012    19558.3     1733.6     4972.7 152383.8 132892.4 884674.9 2021  1  7  8 46 37.580  1.86   1
     2041  54.446948 -162.385482    26.823   -39084.2   -72843.5     7784.5 920883.2 140074.0 895374.8 2021  3 20 15 40 32.680  1.96   1
     2042  55.140312 -162.166243     4.855   -24762.4     4345.0   -14183.4 292464.4 250250.9 342389.0 2021  3 20 15 40 56.760  0.89   1
     2044  55.251229 -162.067269    16.862   -18422.2    16692.8    -2176.9 ******** ******** ******** 2021  3 20 18 46 11.200  1.24   1
      205  55.366317 -161.730078     7.291     3056.8    29504.9   -11748.1 574018.6 489781.7 564802.9 2021  1  7 11 45 28.180  1.30   1
     2050  55.172860 -161.516097    17.615    16710.9     7968.4    -1423.9 191323.4 142223.5 186971.3 2021  3 21  1 15 13.670  2.08   1
     2052  55.653048 -162.027767     0.986   -15825.5    61425.2   -18053.3 ******** ******** ******** 2021  3 21  3 53 40.930  0.89   1
     2053  54.776103 -160.999691    32.921    49890.2   -36200.5    13882.4 299756.8 352360.5 780075.6 2021  3 21  4 51 43.430  1.68   1
     2054  55.178259 -161.922249     7.047    -9191.0     8569.5   -11992.2 196392.5 242861.6 187712.0 2021  3 21  4 52 15.430  1.07   1
     2055  55.264950 -161.617513     5.148    10231.3    18220.3   -13890.9 197589.5  87510.7 176082.0 2021  3 21  6 20 17.800 -0.04   1
     2056  54.527531 -161.561100    14.625    13952.0   -63872.6    -4413.4 428778.9 278440.1 221129.1 2021  3 21  9 13 37.170  1.64   1
     2057  54.504472 -162.338737    40.051   -36050.6   -66439.7    21012.3 556074.6 137276.6 240100.1 2021  3 21 13 30 53.040  1.63   1
     2059  54.594462 -162.337158    61.459   -35909.2   -56421.5    42420.3 200309.6 121376.6 111409.8 2021  3 21 15 28  4.810  2.32   1
     2066  54.819784 -160.484424    23.378    82869.1   -31337.7     4338.8 458741.7 538570.4 463296.5 2021  3 22  0 10 51.690  2.08   1
     2071  55.329008 -161.964730     9.584   -11877.6    25351.6    -9454.5 730399.3 792169.5 801990.1 2021  3 22  0 36 28.590  0.81   1
     2079  55.085209 -161.180306     0.531    38167.8    -1789.3   -18508.3 210599.7 183159.7 164272.3 2021  3 22  6 27 48.630  1.36   1
     2081  55.294067 -161.672819     5.551     6705.8    21461.8   -13488.0  44404.2 135132.5 126329.8 2021  3 22  8 42  5.840 -0.03   1
     2082  54.902397 -161.391211    19.208    24758.7   -22140.8      169.5 173488.3 148689.5 249069.4 2021  3 22  9  3 51.680  0.90   1
     2083  55.160315 -161.899837     5.810    -7763.5     6571.9   -13229.3 218703.0 163494.2 220694.5 2021  3 22  9 21 56.940  0.61   1
     2085  55.381624 -162.724105    13.986   -60173.0    31209.1    -5052.5 859103.0 971513.7 ******** 2021  3 22 11  6 42.830  1.46   1
     2089  54.985677 -161.507178    32.473    17320.1   -12869.7    13434.2 209661.3 152638.5 198325.9 2021  3 22 14 47 22.280  1.92   1
     2092  54.993046 -161.532161    31.771    15721.6   -12049.3    12731.8 173804.8 159437.3 231971.4 2021  3 22 18 44  2.120  3.44   1
     2093  55.073804 -161.731494    23.310     2977.6    -3059.0     4271.3 328818.3 216032.0 184352.5 2021  3 22 19  0 32.180  1.23   1
     2099  54.652051 -161.351123    12.504    27408.8   -50010.5    -6534.8 140551.3 163607.2 234242.2 2021  3 23 11 28  4.430  2.69   1
     2102  55.243819 -161.596419     4.075    11578.1    15867.9   -14964.1 166410.4  82732.1 268121.6 2021  3 23 15 12  4.800  0.41   1
     2106  55.420190 -161.929704     5.012    -9637.1    35502.4   -14026.7 ******** 870277.7 350937.9 2021  3 23 20 35  4.600  2.03   1
     2110  55.035449 -161.597217    29.759    11557.2    -7328.8    10719.8 333823.0 600454.8 713792.4 2021  3 23 21 20 35.960  1.70   1
     2116  55.293624 -161.835742    13.028    -3669.0    21412.4    -6011.0 770352.1 910480.6 809335.4 2021  3 24  1 48  0.030 -0.05   1
     2117  55.425513 -162.781917    14.727   -63815.3    36094.9    -4312.4 506375.4 427185.0 ******** 2021  3 24  6 30 31.840  2.30   1
     2118  55.412622 -162.779590     1.750   -63677.6    34659.9   -17289.2 229707.6 201483.0 245966.0 2021  3 24  6 47 10.370  1.57   1
     2126  55.285828 -161.532324     4.424    15653.9    20544.5   -14615.0 121217.9 120631.0 102940.8 2021  3 24 16 19 46.180  0.79   1
     2132  54.589498 -161.305355    31.064    30370.0   -56974.2    12024.8 168075.2 178250.4 451456.0 2021  3 25  4 23  3.040  1.78   1
     2136  55.487236 -161.447819    29.892    20982.7    42966.2    10853.3 236602.7 433359.0 459138.8 2021  3 25 13 25 39.070  1.67   1
      214  55.366842 -161.766764     3.433      722.8    29563.4   -15606.2 199927.3 192876.4 257135.5 2021  1  7 18 28  9.440 -0.26   1
     2140  55.136117 -161.702539    13.235     4822.7     3878.0    -5804.0 181451.5 215893.8 244858.4 2021  3 25 15 24 59.570  0.65   1
     2141  55.154211 -161.366960     0.659    26228.3     5892.4   -18379.5 220653.9 169938.1 117848.6 2021  3 25 15 25 42.300  0.62   1
     2147  54.787467 -161.250928    21.978    33783.6   -34935.3     2939.4 248155.9 167659.0 178997.5 2021  3 25 20 12  8.900  1.75   1
     2148  55.089185 -161.409261    15.981    23549.0    -1346.7    -3057.8 255347.1 219797.9 348006.9 2021  3 25 20 12 29.960  1.32   1
     2159  54.956685 -162.314128    19.709   -34275.8   -16097.1      669.7 455446.3 420058.9 513687.1 2021  3 26  5 25  3.840  1.06   1
     2164  55.794792 -160.529899     9.644    78987.3    77204.8    -9394.9 414886.6 581493.1 419361.0 2021  3 26  7 17 29.010  1.57   1
     2166  55.308053 -162.736312     6.426   -61005.6    23018.7   -12612.4 209028.1 309056.0 313032.2 2021  3 26  7 27 39.540  1.40   1
     2179  54.986768 -162.369336    11.711   -37792.1   -12748.3    -7328.0 195194.8 180491.3 141331.0 2021  3 26 13 35 21.170  0.89   1
      218  55.359326 -161.682275     5.978     6098.6    28726.7   -13060.6 108437.3  97535.0  60287.6 2021  1  7 19 35  6.920  0.84   1
     2181  55.094995 -161.691976    17.103     5499.5     -699.9    -1936.1 218153.0 142392.6 206375.5 2021  3 26 13 52 23.460  1.18   1
     2189  54.829150 -162.053271     1.250   -17622.7   -30294.9   -17788.6  99188.4 102980.9 135493.9 2021  3 26 16 13  1.530  0.96   1
      219  55.335864 -161.377214    19.825    25516.2    26114.8      785.8 124429.2 280841.8 194573.9 2021  1  7 19 36 15.440  0.75   1
     2192  55.069120 -162.508154    24.933   -46618.1    -3580.4     5893.6 279471.6 143270.9 151790.5 2021  3 26 16 29 34.580  1.28   1
     2195  55.243343 -161.618571    32.631    10166.7    15814.9    13591.7 556365.8 667897.9 532595.0 2021  3 26 16 58 29.000  1.92   1
     2199  55.009049 -161.411572    32.121    23424.8   -10267.7    13082.4 230405.4 148242.8 295569.1 2021  3 26 18 15 44.540  1.40   1
     2204  55.341557 -163.027555    37.415   -79515.1    26748.5    18376.3 206238.4 464149.4 406175.3 2021  3 26 22 11 49.720  1.81   1
     2205  54.589640 -161.475277    12.501    19454.5   -56958.3    -6538.1 193236.1 110198.3 253744.9 2021  3 27  2 37 52.060  1.34   1
     2206  55.059945 -161.938379     7.524   -10234.6    -4601.8   -11514.8 168825.3  49497.7 431594.7 2021  3 27  2 38 25.410  1.07   1
     2208  55.464559 -161.862207    27.476    -5342.8    40441.7     8437.4 807214.1 677280.3 645297.5 2021  3 27  3 18 55.000  0.57   1
     2210  54.562862 -161.331104    30.320    28725.4   -59939.4    11281.5 223659.4  70546.7 400946.5 2021  3 27  6  0 41.100  1.55   1
     2211  55.318962 -161.715706     5.844     3973.5    24233.1   -13194.5 186890.8 238817.7 186360.4 2021  3 27  8 25 39.590  1.40   1
     2216  55.276294 -161.055648    43.145    46016.8    19483.2    24105.7  54558.5 380228.3 221300.8 2021  3 27 14  2  7.920  1.88   1
     2217  55.220390 -161.763721     9.154      918.1    13259.7    -9884.5 189221.7 142812.1 242733.2 2021  3 27 14  2 48.190  1.28   1
      222  55.072103 -161.632080    13.255     9325.8    -3248.3    -5783.7 190572.2 142360.8 144743.1 2021  1  7 22 11 19.780  1.05   1
     2226  55.373417 -161.719775    17.261     3712.0    30295.4    -1778.3 255427.4 247543.8 342993.3 2021  3 28  3 51 46.130  0.26   1
     2227  54.558423 -161.249382    13.292    33978.7   -60433.6    -5747.1 139127.6 157520.5 132155.7 2021  3 28  4 40 17.120  1.62   1
      223  54.604138 -161.263786    26.228    33034.4   -55344.4     7188.9 151862.2 133334.8 ******** 2021  1  7 23 38 36.720  2.69   1
     2230  55.317684 -161.618864    20.013    10138.6    24090.9      973.7 343311.9 420041.7 384848.6 2021  3 28  6 37 38.220  0.36   1
     2231  54.928422 -162.225911     2.681   -28644.7   -19243.6   -16358.2  57215.4  58772.0  71563.3 2021  3 28  7 52 29.070  2.21   1
     2233  55.214339 -161.959603    15.122   -11567.8    12586.1    -3917.2 ******** ******** ******** 2021  3 28  8 39  0.200  0.49   1
     2236  55.758219 -162.238460     5.880   -29143.3    73133.4   -13158.4 ******** ******** ******** 2021  3 28  9  5 35.480  1.06   1
     2238  54.494592 -161.526253     8.962    16198.8   -67539.5   -10077.3 199783.0 160077.9 157294.7 2021  3 28  9 59 10.720  2.54   1
      224  54.979191 -161.295459    35.710    30856.5   -13591.7    16671.0 264020.5 165602.3 353857.8 2021  1  8  0 22 44.610  2.08   1
     2240  55.323161 -161.903890    17.940    -8005.7    24700.6    -1099.0 ******** ******** ******** 2021  3 28 11  5 13.640  1.17   1
     2243  54.890727 -161.230729    32.981    35033.1   -23440.0    13942.4 192855.1 106514.4 298520.2 2021  3 28 14  0 32.920  1.85   1
     2244  54.913725 -162.194141     2.122   -26617.2   -20879.7   -16916.7  89098.0  72484.4  92025.0 2021  3 28 15 23 35.070  1.16   1
     2245  54.863920 -162.208545     0.720   -27555.8   -26424.2   -18318.5 118874.1  88873.7  81494.8 2021  3 28 15 23 47.910  1.68   1
     2254  54.824068 -162.023503    16.356   -15717.0   -30860.7    -2682.6 226787.8 116592.9 292590.0 2021  3 30  2  0 38.900  1.20   1
     2258  55.333968 -161.666341     7.273     7114.7    25903.7   -11765.7 135055.0 105427.3 102536.5 2021  3 30  2 26 59.060  1.62   1
     2259  54.604594 -161.191162    11.478    37698.6   -55293.6    -7561.0 269971.7 155017.2 210625.6 2021  3 30  3 18 50.880  1.53   1
     2260  54.520105 -161.143669    36.235    40791.4   -64699.3    17195.9 238599.7 146238.8 375786.5 2021  3 30  3 36 20.850  1.73   1
     2264  55.034322 -161.712939     2.467     4164.4    -7454.3   -16571.6 131781.0 387721.0 133305.5 2021  3 30  6 26  6.590  1.18   1
     2269  54.502812 -162.552295    15.343   -49784.6   -66624.5    -3695.4 151923.6  88450.2 188942.7 2021  3 30 15  6 53.160  1.87   1
      227  55.142261 -161.621729    28.606     9978.0     4562.0     9567.6 355936.7 165662.0 394341.1 2021  1  8  0 53 59.840  1.89   1
     2276  55.321859 -161.413639    33.789    23202.0    24555.7    14750.5 170078.5 403419.5 257368.4 2021  3 31  1 17 22.640  2.47   1
      228  54.829594 -160.833480    30.342    60502.7   -30245.6    11303.0 214933.7 361089.9 743540.0 2021  1  8  0 53 55.350  2.16   1
     2280  54.709176 -161.086117    64.960    44387.9   -43651.1    45920.7 111367.9 178264.1 151191.3 2021  3 31  6 42 18.360  2.04   1
     2282  54.997978 -161.675505    24.052     6558.9   -11500.3     5012.9 177706.6 155519.4 175027.9 2021  4  1 16 25 50.050  1.16   1
     2286  55.150932 -160.901774    71.360    55904.8     5527.3    52321.3 104381.2 313987.0 198761.5 2021  4  2  0 36  6.520  2.25   1
     2288  54.558260 -160.994515    18.522    50357.3   -60451.7     -516.8 385954.2 384078.7 363783.4 2021  4  2  4 45 39.640  2.10   1
     2295  54.660205 -162.599528    12.596   -52719.6   -49102.7    -6443.0 180174.2 214616.4 207880.8 2021  4  2 11 51 29.560  1.22   1
     2308  55.199691 -161.510514     2.551    17061.2    10955.4   -16487.4 214325.6 153955.9 134158.7 2021  4  3  3 40  1.040  0.79   1
     2312  54.783403 -161.201253    30.358    36968.7   -35387.8    11318.8 180298.9 209372.4 442903.7 2021  4  3  5 56 27.620  2.25   1
     2317  55.160075 -161.924007     2.129    -9305.2     6545.1   -16909.5 ******** 773415.7 ******** 2021  4  3  7 59 54.220  1.09   1
     2318  55.383403 -161.761003     8.719     1089.1    31407.0   -10319.8 938053.9 743678.4 689029.2 2021  4  3  9 15 36.720  0.09   1
     2322  54.894397 -161.930957     1.355    -9780.7   -23031.4   -17683.0 194795.3  96687.9 162360.5 2021  4  3 12 42 23.080  0.95   1
     2323  54.564124 -161.607536    11.467    10961.8   -59799.0    -7571.9 192463.5 114875.3 162717.2 2021  4  3 12 42 24.150  1.14   1
     2325  54.635706 -160.921989     9.786    54965.5   -51830.1    -9252.6 391506.2 366548.1 378961.3 2021  4  3 14 58 12.570  1.52   1
     2328  54.957690 -162.264502     6.171   -31102.0   -15985.3   -12867.4  89097.8 104506.0 119574.8 2021  4  3 16 54 37.750  1.36   1
     2331  55.052091 -161.315381    27.009    29556.1    -5476.1     7970.2 203578.8 362266.9 348407.9 2021  4  3 18  4 24.800  1.57   1
     2334  54.495703 -162.939469    11.750   -74689.3   -67415.9    -7289.3 250732.4 187486.4 213623.9 2021  4  3 19  1 14.080  1.40   1
     2335  55.350407 -161.971794    22.370   -12323.9    27733.8     3330.7 ******** ******** 868887.7 2021  4  4  2  0 31.060  0.85   1
      234  55.098523 -162.078467    15.685   -19172.1     -307.1    -3354.1  59934.2 147266.2 150012.9 2021  1  8  5 12 50.120  1.26   1
     2341  54.959176 -162.167725     2.475   -24913.0   -15819.9   -16564.1  81510.9 124851.0 109382.1 2021  4  4  7 15 59.730  0.78   1
     2343  55.312227 -161.692660     4.128     5441.1    23483.5   -14910.9 209322.6 273805.9 476577.2 2021  4  4  7 41 17.630  0.62   1
     2348  54.713855 -161.141553    30.217    40829.7   -43130.2    11178.2 177978.6 171278.4 480913.3 2021  4  4  9  4 30.340  2.62   1
      235  55.386589 -161.731624     4.547     2957.7    31761.7   -14491.5 327744.7 360234.6 170157.1 2021  1  8  5 44 29.680  1.47   1
     2351  55.545723 -162.404443    22.178   -39757.7    49477.3     3139.2 ******** ******** ******** 2021  4  4 12 39 47.310  1.54   1
     2353  55.104956 -162.288167     5.979   -32555.7      409.0   -13059.5 505360.4 275330.1 698965.9 2021  4  4 12 47 10.570  1.51   1
     2355  55.363005 -161.283366    38.081    31478.5    29136.2    19042.3 104231.1 378372.6 237621.0 2021  4  4 14 44 30.330  1.21   1
     2359  54.979675 -162.348079     6.379   -36436.5   -13537.8   -12660.1  93911.4 170544.5 205704.3 2021  4  4 16 51  4.390  0.61   1
     2361  55.379370 -162.463411    20.065   -43591.7    30958.1     1026.4 ******** ******** ******** 2021  4  4 17 43 37.320  1.53   1
     2365  55.131600 -161.731559     6.213     2971.3     3375.2   -12825.4 198503.0 119467.3 326606.1 2021  4  4 19 45 27.260  0.46   1
     2366  55.305924 -161.718571     4.746     3791.8    22781.8   -14293.3 251359.9 216703.0 215379.5 2021  4  4 21 17 28.340  0.24   1
     2368  54.975468 -160.746598    35.884    65947.8   -14006.2    16844.7 217293.0 309627.8 478751.6 2021  4  4 21 48  5.800  2.12   1
     2369  54.560160 -161.027214     8.271    48254.8   -60240.2   -10768.2 124818.1 124073.2 192871.1 2021  4  4 22 23 56.000  1.85   1
      237  55.096143 -161.614762    18.014    10428.5     -572.1    -1024.6 261104.5 157675.3 200727.4 2021  1  8  8 35 34.340  0.99   1
     2376  55.167183 -161.791113    30.327     -828.4     7336.5    11288.1 354985.3 347963.4 173998.6 2021  4  5  6 59 33.530  1.24   1
     2378  54.992920 -162.286833     0.553   -32515.8   -12063.3   -18486.1 116219.6  63863.0  82332.6 2021  4  5 20 54 26.720  1.65   1
     2381  55.227665 -162.226953    15.573   -28604.6    14069.6    -3466.1 ******** ******** ******** 2021  4  5 21 22  5.160  0.53   1
     2383  55.140849 -161.904508     4.205    -8063.4     4404.8   -14833.5 147716.5 135438.0 146699.2 2021  4  5 21 45 57.120  0.70   1
     2384  55.327462 -161.817253    14.764    -2490.6    25179.4    -4274.8 428314.8 583552.8 466536.2 2021  4  5 21 46 13.400 -0.10   1
     2387  55.537907 -161.436540    13.700    21685.4    48607.2    -5339.1 232744.5 266595.5 460050.3 2021  4  5 23  6 12.900  0.79   1
     2389  54.989319 -161.690397    17.434     5607.7   -12464.2    -1605.1 193218.0 132276.4 104346.7 2021  4  5 23 15 39.920  1.11   1
      239  55.145048 -161.616911    25.577    10285.1     4872.3     6538.3 120009.3 135239.7 174138.8 2021  1  8 10 31 29.280  1.82   1
     2393  54.495072 -161.807113    10.413    -1864.3   -67486.1    -8625.9  82318.7  77164.4 121415.4 2021  4  6  2 29 11.560  1.67   1
     2396  55.568746 -161.596810     4.511    11506.3    52040.3   -14528.3 ******** ******** ******** 2021  4  6  5 51 59.670  1.17   1
     2401  54.940145 -162.794889    17.129   -65032.5   -17938.5    -1909.7 153342.0 309573.2 279915.4 2021  4  6  9  4 31.260  1.26   1
     2404  55.327759 -161.850244    26.818    -4590.5    25212.5     7779.2 ******** 944629.3 955420.4 2021  4  6 12  0 16.940  0.42   1
     2406  55.121346 -161.902018    11.993    -7906.4     2233.7    -7045.8 235293.4 140976.1 161419.5 2021  4  6 12 22 51.320  1.42   1
     2408  55.137984 -161.785742    14.938     -486.0     4085.9    -4101.2 166930.0 133604.1 195268.2 2021  4  6 13  5 21.680  1.63   1
     2413  55.308260 -161.409635    16.023    23460.8    23041.8    -3015.6 122932.2 275634.7 384003.2 2021  4  6 16  8 30.830  1.16   1
     2414  55.210046 -161.810596     6.883    -2069.9    12108.2   -12155.8 399259.6 467872.8 609208.6 2021  4  6 16  8 56.720  1.09   1
     2415  55.311361 -162.447103    23.410   -42590.5    23387.0     4370.9 ******** 794763.8 ******** 2021  4  6 17  3 39.680  1.64   1
     2417  55.282743 -162.212728     4.191   -27678.9    20201.2   -14847.5 ******** ******** ******** 2021  4  6 17 23 56.500  0.40   1
     2419  55.233956 -162.119010    22.028   -21723.5    14769.9     2989.3 824207.3 684341.8 492536.4 2021  4  6 17 54 39.500  0.90   1
     2425  54.763554 -163.488216    40.783  -109617.6   -37597.5    21744.5 696265.6 ******** ******** 2021  4  6 22 55 41.080  1.48   1
     2427  55.075277 -162.082357     5.800   -19426.1    -2895.0   -13238.6 253927.0 309077.9 317788.0 2021  4  7  0  8 20.600  0.81   1
     2430  55.243099 -161.425179    21.019    22489.5    15787.8     1980.1 233426.0 240309.3 133834.5 2021  4  7  0 23  8.470  1.63   1
     2434  55.275639 -161.842122    19.687    -4076.2    19410.3      648.2 ******** ******** ******** 2021  4  7  3  3  1.320  0.42   1
     2437  55.011503 -162.340674    10.687   -35948.9    -9994.6    -8351.4 161174.0 196726.7 269053.0 2021  4  7  5 21 24.330  1.39   1
     2439  54.904244 -160.735710    13.141    66702.9   -21935.2    -5898.1 159744.9 351281.0 293334.8 2021  4  7  6 10 40.980  1.21   1
     2440  55.515967 -161.477686     2.922    19078.5    46164.7   -16116.8 252545.6 264717.7 262509.5 2021  4  7  6 28 26.270  0.81   1
     2449  54.585750 -161.307210    11.597    30252.2   -57391.4    -7442.1 101742.4  81399.3  84359.0 2021  4  7 14 31 21.220  1.16   1
     2452  55.019653 -162.310433     4.642   -34012.9    -9087.3   -14396.6 239632.7 135849.7 205774.3 2021  4  7 19 33  8.000  1.52   1
     2455  55.117655 -161.939535     4.441   -10301.0     1822.8   -14597.7 221572.5 137366.5 211993.2 2021  4  7 21 34 12.160  1.49   1
     2457  55.110824 -161.649219    12.186     8227.4     1062.2    -6852.6 187703.5 150711.3 108703.4 2021  4  7 23 59 13.480  0.87   1
     2459  55.381201 -162.640527     0.707   -54857.0    31161.9   -18332.1 162506.7 429833.0 254529.3 2021  4  8  0  8  6.870  1.70   1
     2461  54.735994 -160.956022    32.394    52715.1   -40665.5    13355.6 255509.8 248985.8 624730.9 2021  4  8  6 13 37.220  2.84   1
     2464  55.165857 -161.925846     5.452    -9421.8     7188.8   -13587.2 176468.2 171175.0  56640.1 2021  4  8  6 34 29.010  0.88   1
     2468  55.254484 -161.341292     2.620    27830.8    17055.2   -16418.5 115313.5 186726.7  96048.6 2021  4  8  8 22 48.820  1.18   1
      247  55.197310 -161.523649     3.186    16224.3    10690.4   -15852.5 263748.1 262374.2 251475.2 2021  1  8 13 37 34.090  0.87   1
     2470  55.347058 -161.682943     7.117     6057.1    27361.0   -11922.1 254847.8 346156.5 319729.5 2021  4  8  8 26 22.030  0.22   1
     2473  55.281824 -162.047477    12.630   -17154.7    20098.8    -6409.4 831174.3 849063.1 761970.1 2021  4  8 12 52 48.230  1.68   1
     2476  55.388196 -162.049398    35.358   -17254.0    31940.6    16318.9 ******** ******** ******** 2021  4  8 17 12 40.580  2.24   1
     2478  55.564478 -161.392155     0.977    24495.0    51565.1   -18061.7 322450.2 302140.6 268840.0 2021  4  8 21 11 55.400  2.14   1
      248  55.174068 -161.900667     6.395    -7815.1     8102.9   -12644.1 193194.1 120943.5 216621.8 2021  1  8 13 48  1.810  1.55   1
     2484  54.586654 -161.394613    10.857    24637.1   -57290.8    -8182.1 145371.3 126907.0  67760.0 2021  4  9  7  9  5.640  2.24   1
     2491  54.449756 -161.743424    14.048     2232.9   -72530.9    -4990.6 286552.6 126331.0 137276.5 2021  4  9 10 54 41.650  1.24   1
     2493  54.426152 -161.468864     8.443    19906.5   -75158.7   -10596.3 234901.8 237158.3 329085.5 2021  4  9 12 25 25.340  2.34   1
     2500  54.558789 -162.621012    16.132   -54166.3   -60392.8    -2906.9 223296.8  97357.5 176061.7 2021  4  9 17 31 25.320  1.43   1
     2505  54.928630 -163.026530    11.781   -79859.8   -19220.5    -7258.0 198932.8 185693.5 322046.4 2021  4  9 21 15  7.200  1.73   1
     2511  54.854574 -161.967562     3.375   -12129.3   -27464.7   -15663.9 167804.8 142189.3 257253.7 2021  4 10  5  2 32.120  1.59   1
     2512  54.443302 -162.143001    56.218   -23481.3   -73249.4    37179.2 401039.7 120567.2 170097.9 2021  4 10  7  1 58.970  1.90   1
     2516  55.121859 -162.332715    40.613   -35391.6     2290.7    21573.9 482051.5 364603.1 207765.1 2021  4 10  9 41 55.700  2.49   1
     2517  54.592212 -161.294238    13.752    31083.1   -56672.0    -5286.8 118459.9 148688.1 129450.0 2021  4 10 12 37 54.850  1.88   1
     2518  54.694853 -163.165999    50.766   -89039.0   -45245.6    31726.9 188565.1 210070.0 255379.6 2021  4 10 12 56 42.600  2.25   1
      252  55.408354 -160.642887    16.556    72187.3    34184.7    -2483.0 234238.5 437481.3 545644.1 2021  1  8 17  2 42.800  1.77   1
     2527  55.220911 -161.754427    17.252     1510.4    13317.7    -1786.7 380205.0 290187.1 299668.1 2021  4 10 21 17  4.660  0.46   1
     2531  55.006169 -162.444727     9.432   -42601.1   -10588.4    -9606.7  98682.0 184680.8 176543.4 2021  4 11  5  0 43.940  1.67   1
     2532  54.912398 -162.646436    11.940   -55556.5   -21027.4    -7099.3 190240.4 212077.5 314282.5 2021  4 11  5  0 55.400  1.79   1
     2541  54.598881 -161.271322    13.929    32552.5   -55929.6    -5109.6 167727.6 113464.9  76177.4 2021  4 12  0 21 39.050  1.98   1
     2546  55.138700 -161.747445     9.361     1957.5     4165.6    -9677.7 382586.8 126560.6 386072.3 2021  4 12  6 31 26.780  1.62   1
     2548  55.623612 -160.700944    72.822    68310.8    58148.3    53783.0 230256.7 534427.4 264076.4 2021  4 12 11 38 48.060  1.97   1
     2550  54.543144 -162.396989    52.413   -39777.6   -62134.5    33374.4 253861.5 130674.0 174304.1 2021  4 12 14  8 29.100  2.10   1
     2551  54.615568 -161.515316    44.558    16877.0   -54071.9    25518.9 189677.5 135942.3 199185.6 2021  4 12 15 41  5.600  1.45   1
     2552  55.093392 -160.379948    10.465    89257.5     -878.3    -8574.1 303467.8 541535.6 302617.2 2021  4 12 15 47 39.630  1.46   1
     2554  54.958366 -162.244336     2.777   -29812.2   -15910.1   -16262.3 114174.8  58977.5  84928.5 2021  4 12 17 26 46.580  1.18   1
     2557  55.374736 -161.721322    20.681     3613.5    30442.2     1641.7 207112.9 305756.6 104884.7 2021  4 12 18 43 41.260 -0.03   1
     2565  55.308374 -162.029053    32.670   -15975.9    23054.5    13631.4 ******** ******** ******** 2021  4 13  5 39 55.260  0.56   1
     2566  54.912276 -161.596143    75.346    11643.7   -21041.0    56306.9 104588.2 230658.0  54940.9 2021  4 13  6 28 53.840  1.39   1
      257  55.366296 -161.842253    16.913    -4079.9    29502.7    -2126.2 386145.2 566326.4 617096.7 2021  1  8 18 58  2.720 -0.28   1
     2571  55.347013 -161.946012     5.979   -10683.8    27356.0   -13059.8 ******** 797677.6 ******** 2021  4 13  7 38 27.280  0.23   1
     2574  55.358545 -161.773893     3.946      269.3    28639.7   -15093.1 303880.4 273852.1 289818.3 2021  4 13  9 23 14.250  1.18   1
     2582  55.511308 -161.820117    31.042    -2666.7    45646.0    12003.3 ******** 944011.6 734030.5 2021  4 13 14 40 53.780  0.64   1
     2585  54.600952 -161.259521    13.507    33309.6   -55699.0    -5531.6 115455.8 117432.2  60101.0 2021  4 13 19  5 24.400  1.49   1
     2586  55.655770 -161.738835    12.402     2490.6    61728.2    -6637.3 ******** ******** ******** 2021  4 13 19 12 57.720  0.67   1
     2589  55.338818 -161.869255    17.436    -5799.8    26443.7    -1602.5 593699.1 949024.1 834396.6 2021  4 13 22 48  5.400  0.10   1
     2594  55.184351 -161.743099    18.914     2233.5     9247.6     -124.5 243141.5 180973.6  94216.1 2021  4 14  4  2 17.690  0.46   1
     2596  54.666374 -160.794759     8.194    63110.0   -48416.0   -10844.8 332942.6 206523.5 380384.0 2021  4 14  4 20 53.440  1.58   1
      260  55.337545 -161.818685    13.876    -2581.4    26301.9    -5162.7 231676.4 312182.9 176039.5 2021  1  8 21 38 15.600  0.19   1
     2600  55.303573 -161.055420    30.753    46015.6    22520.0    11714.2 201613.2 360021.6 503161.4 2021  4 14  6 13 39.350  1.43   1
     2601  55.377059 -161.792334    35.342     -903.9    30700.8    16303.4 ******** ******** ******** 2021  4 14  6 14  3.960  2.00   1
      261  54.998291 -161.607438    19.909    10909.3   -11465.4      870.3 118583.9  57754.7 326182.0 2021  1  8 22 26 41.180  1.20   1
     2610  54.567712 -162.438200    36.165   -42413.6   -59399.4    17126.6 538886.3 166371.8 316793.3 2021  4 14 11 29 11.100  1.41   1
     2618  54.500590 -162.643197    47.808   -55631.8   -66871.8    28768.8 240149.3 140949.4 135396.2 2021  4 14 15 49 47.910  1.35   1
     2624  55.127271 -161.904801    22.537    -8083.4     2893.2     3498.4 319704.2 232432.4 282654.2 2021  4 14 18 31  3.280  0.30   1
     2628  55.103328 -161.815511    22.657    -2386.4      227.8     3618.0 169911.5 176742.2 270602.1 2021  4 14 21 41 54.520  0.48   1
     2630  54.942110 -162.275423     4.882   -31806.6   -17719.7   -14157.2  92003.0 111337.2  90399.7 2021  4 15  1 35  0.950  0.90   1
     2633  55.233199 -161.248242    25.878    33768.0    14685.7     6839.0 127452.8 144130.0 553689.4 2021  4 15  9 18 20.680  1.52   1
     2636  55.265328 -161.541097    28.478    15099.1    18262.4     9439.1 187939.8 295331.0 160391.2 2021  4 15 20 46 43.880  0.46   1
     2637  54.568888 -161.840169    67.452    -3986.6   -59268.5    48413.4 226656.7 174881.3 126521.3 2021  4 15 22  7 22.060  1.61   1
     2638  54.667936 -160.662272    22.348    71611.3   -48242.1     3309.4 935351.0 979057.8 898469.6 2021  4 15 22 24 39.720  3.27   1
     2639  54.836393 -160.547005     7.656    78844.2   -29488.6   -11382.5 211338.4 272759.3 183342.5 2021  4 15 22 26 54.420  1.01   1
     2643  54.469771 -161.702539    11.725     4862.7   -70302.7    -7313.6 147411.5 134288.5 142153.1 2021  4 16  2 36 18.520  1.70   1
     2651  55.264136 -162.402751    18.279   -39790.3    18129.7     -760.0 ******** ******** ******** 2021  4 16 13  3 14.510  0.92   1
     2656  54.838245 -161.240251    31.747    34446.1   -29282.5    12708.5  92966.7 138644.5 269670.2 2021  4 16 18 38 25.040  1.78   1
     2659  55.231421 -162.092660    18.584   -20044.9    14487.7     -455.4 ******** ******** ******** 2021  4 16 19 46  4.080  0.63   1
     2664  54.615710 -160.745003    21.003    66344.7   -54056.1     1963.8 ******** ******** ******** 2021  4 17  0 33 29.140  1.66   1
     2665  54.885543 -160.892871    46.663    56659.5   -24017.1    27623.8 129409.4 174714.0 207538.9 2021  4 17  1 13 18.740  1.82   1
     2674  54.571094 -162.898975    35.983   -72018.0   -59023.0    16943.9 181285.0 169535.3 298166.0 2021  4 17  4 24 14.050  1.80   1
     2677  55.364022 -161.632308    14.842     9277.3    29249.5    -4196.8  97584.5 289717.0 267071.3 2021  4 17  6 49 56.330  0.13   1
     2679  54.913416 -161.470410    23.061    19688.1   -20914.2     4022.2 288066.3  99103.6 137691.1 2021  4 17  7 53 43.830  1.87   1
      268  55.107914 -161.892122    13.620    -7276.1      738.4    -5418.4  82144.0 141532.2 147076.7 2021  1  9  2 39 24.400  1.28   1
     2683  54.583911 -161.429232    20.993    22413.9   -57596.1     1954.0 315235.2 243297.5 254733.1 2021  4 17  8  2 40.880  1.45   1
     2687  55.187207 -162.078939    10.298   -19181.1     9565.6    -8740.5 ******** 966858.4 ******** 2021  4 17  8 43 26.010  1.55   1
     2688  55.352645 -161.976042    13.557   -12593.9    27982.9    -5481.8 ******** ******** ******** 2021  4 17  9 10 45.410  0.10   1
     2694  54.927877 -161.503483    22.878    17568.8   -19304.3     3839.2 213811.7 164357.5  91424.7 2021  4 17  9 38  4.120  1.46   1
     2698  54.943542 -161.512646    23.616    16979.4   -17560.3     4576.9 293002.8 150615.6 142431.8 2021  4 17  9 51 22.770  1.79   1
       27  54.975330 -162.932715     1.419   -73815.6   -14021.6   -17619.4 138077.1 373085.2 184627.3 2021  1  2  0 27 55.440  2.41   1
     2701  55.350602 -161.826953     9.729    -3107.1    27755.5    -9310.4 549615.9 465904.1 504504.8 2021  4 17  9 56 18.700  0.49   1
     2702  54.827177 -161.251432    30.711    33734.6   -30514.6    11672.1 135658.7 246794.7 354745.8 2021  4 17 11 36 47.040  2.62   1
     2703  55.213342 -162.110563     9.840   -21190.6    12475.1    -9198.4 ******** ******** ******** 2021  4 17 11 37 15.470  2.45   1
     2707  54.674561 -160.657845    22.002    71889.5   -47504.6     2963.5 739233.1 779051.6 712127.9 2021  4 17 16 10 16.630  2.11   1
     2708  54.471216 -163.120313     4.329   -86345.8   -70141.9   -14709.6 122072.1 120014.3 141063.7 2021  4 17 16 11 43.130  1.25   1
     2712  54.845593 -161.399593    22.572    24239.4   -28464.4     3532.6 117859.8  83069.9 177227.8 2021  4 17 17 39 28.560  0.95   1
     2713  55.166573 -161.956120     4.166   -11352.6     7268.5   -14872.6 111301.1 193988.8 108153.1 2021  4 17 17 39 54.120  0.21   1
     2716  54.830998 -161.441992    28.278    21528.3   -30089.3     9239.2 293727.9 168973.2 314091.6 2021  4 17 18 50 41.920  0.99   1
     2717  55.163761 -161.963249     4.490   -11807.7     6955.5   -14549.1 185494.3  91400.8 185101.5 2021  4 17 18 51  7.560  0.49   1
     2720  55.620959 -161.948844    19.211   -10826.8    57853.0      172.0 ******** ******** ******** 2021  4 17 22 13 42.680  0.09   1
     2721  54.599687 -161.288167    14.093    31470.2   -55839.9    -4946.1 113994.6 139282.0 106531.3 2021  4 17 23  4  5.220  1.21   1
     2722  55.507829 -161.447900    16.435    20972.1    45258.7    -2604.1 207795.4 312728.1 501737.6 2021  4 17 23  7 17.760  0.68   1
     2725  55.132906 -161.695068     4.779     5299.6     3520.6   -14259.7 155039.0 180285.6 447898.1 2021  4 18  1  8 14.120  1.27   1
     2729  55.293498 -162.067887    31.231   -18451.9    21398.4    12191.7 ******** ******** 983369.3 2021  4 18  2 19 58.740 -0.05   1
      273  55.065592 -162.365332     3.867   -37499.4    -3973.1   -15171.7 229771.7 222467.3 314716.9 2021  1  9  5 23 33.320  1.49   1
     2732  54.830029 -161.785872     0.614     -496.2   -30197.1   -18424.7  92080.4 134005.0 111358.1 2021  4 18  4 29 48.710  0.54   1
     2734  55.487276 -161.835596    27.034    -3650.8    42970.7     7995.6 354702.1 661575.8 426248.0 2021  4 18  7 30  6.020  0.36   1
     2735  55.475484 -161.820850    28.680    -2714.5    41658.0     9640.9 872324.5 935140.0 684360.5 2021  4 18  7 34 34.780  0.49   1
     2736  55.443209 -162.102327    32.368   -20606.3    38064.9    13328.8 ******** ******** ******** 2021  4 18  7 36  1.770  1.03   1
     2741  54.568298 -161.302067    13.118    30589.2   -59334.2    -5920.5  80661.9  68771.7  77963.7 2021  4 18  9 38  6.980  2.18   1
     2744  55.023177 -161.478451    31.895    19147.5    -8695.0    12856.4 282879.8 164864.8 233712.3 2021  4 18 10 21 16.440  1.61   1
     2746  54.838041 -161.381201    19.777    25419.5   -29305.2      737.8 142922.6 163355.8 220466.1 2021  4 18 11 38 33.000  0.77   1
     2747  55.098226 -161.803564     3.546    -1623.9     -340.2   -15492.9 140593.8 262126.8 365012.2 2021  4 18 11 38 58.560  0.19   1
     2748  54.575232 -162.318587    63.881   -34724.6   -58562.3    44842.4 139660.3  44894.8 159049.9 2021  4 18 12  5 33.330  2.27   1
      275  55.396399 -161.849284    11.517    -4525.5    32853.8    -7522.2 553642.9 677944.2 623235.8 2021  1  9  6 59 27.150  0.52   1
     2753  55.172998 -162.740137    30.443   -61352.5     7983.8    11403.7 180899.7 371280.5 345676.8 2021  4 18 14 24 54.030  1.15   1
     2756  55.295504 -161.723584     8.925     3473.0    21621.7   -10113.7 506333.4 506502.4 631905.4 2021  4 18 14 42  9.890  0.53   1
     2757  55.253455 -162.047917    16.526   -17188.8    16940.6    -2513.0 764785.9 710617.3 739360.6 2021  4 18 14 42 27.120  0.03   1
     2758  55.425134 -161.759049     5.765     1212.7    36052.8   -13273.9 847291.7 339604.9 465834.7 2021  4 18 15  3 57.790 -0.51   1
     2760  54.849296 -161.481852    23.821    18971.1   -28052.2     4782.5 252168.4 163559.3 132180.8 2021  4 18 15 39 10.190  0.76   1
     2764  54.617676 -161.675814    13.646     6570.0   -53837.3    -5392.7 175142.1 123559.9 127222.9 2021  4 18 15 54 32.050  1.30   1
     2766  55.300362 -162.298177    35.219   -33113.7    22162.6    16180.6 ******** ******** ******** 2021  4 18 15 59 52.010  0.83   1
     2768  55.238513 -161.612077    14.050    10581.1    15277.2    -4988.6 201595.1 138488.9 263489.2 2021  4 18 17 44 21.100  1.06   1
     2769  55.308761 -161.413770     2.436    23197.5    23097.5   -16603.1  81811.4 107180.2 182508.7 2021  4 18 17 44 44.400  1.86   1
     2770  55.309041 -161.253597    16.485    33395.1    23128.8    -2554.1 241516.2 269787.5 401708.8 2021  4 18 19  6  6.680  1.08   1
     2771  55.366581 -161.481771    20.977    18854.4    29534.4     1938.5 346571.7 540071.6 581398.5 2021  4 18 19  6 33.260  1.36   1
     2782 **********  496.358138 ********* 72977688.0 ********** ********** ******** ******** ******** 2021  4 19  9 55 40.650  0.57   1
     2787  55.497664 -162.207340    24.287   -27262.4    44127.2     5248.3 ******** ******** ******** 2021  4 19 12  1 29.850  1.41   1
     2788  54.947087 -162.257992     3.539   -30689.8   -17165.7   -15500.0 145769.2  89995.2 230338.2 2021  4 19 12  6  6.530  1.42   1
     2796  54.878247 -161.421924    29.620    22800.2   -24829.3    10581.4 138852.5  96666.9 359283.0 2021  4 19 18 32 55.280  2.47   1
     2798  55.037333 -161.758268    32.323     1268.5    -7119.1    13283.8 222038.8 283703.0 455200.3 2021  4 19 19 54  8.060  0.85   1
     2799  54.419515 -163.038590    19.084   -81140.0   -75897.5       45.2 242748.0 195704.8 199927.0 2021  4 19 21 14  9.060  2.30   1
       28  54.435059 -161.344775    11.171    27890.7   -74167.1    -7867.7 330238.1 209062.6 207236.1 2021  1  2  0 27 48.240  2.24   1
     2800  55.006087 -162.162842     3.119   -24586.4   -10597.5   -15920.0 244611.0  68697.1 117396.2 2021  4 19 21 14 32.520  1.94   1
     2803  54.691829 -161.460238    11.499    20394.8   -45582.2    -7539.6 158830.1 242337.3 234754.2 2021  4 20  1 28 25.890  1.69   1
     2805  54.923132 -161.031396    55.869    47771.1   -19832.4    36830.3 110402.2  97028.0 139659.7 2021  4 20  1 51 26.920  2.47   1
     2806  55.277409 -161.650651     4.792     8119.1    19607.3   -14247.1 109820.9 163231.4 238123.8 2021  4 20  6 49  1.970  0.19   1
      281  54.995357 -162.810954     3.282   -66014.7   -11792.0   -15756.7 139733.7 206609.6 251925.9 2021  1  9  7 49 11.060  1.53   1
     2810  55.332039 -161.654199     5.928     7887.7    25689.0   -13110.5 150974.9 103270.6  43514.6 2021  4 20 11  9 42.210  0.27   1
     2811  54.857727 -163.324528    13.886   -99009.6   -27113.7    -5153.0 437566.8 748407.0 688157.9 2021  4 20 13 14  9.240  1.67   1
     2814  55.354130 -161.036247    34.134    47206.5    28148.3    15095.3 250921.3 566758.1 562712.6 2021  4 20 19 58 23.520  2.55   1
     2816  55.168123 -161.185482    14.140    37798.2     7441.1    -4898.9 295074.7 390318.5 391513.4 2021  4 20 22 13 20.260  1.19   1
     2821  54.465975 -161.727572     9.632     3252.4   -70725.3    -9407.3 147920.3  92309.4 108822.2 2021  4 21 20 54 59.800  2.00   1
     2822  54.568319 -162.391146    20.540   -39389.8   -59331.9     1501.5 164282.6 159789.9 109984.8 2021  4 21 22 14 14.160  1.69   1
     2826  55.313603 -161.765674     7.918      792.7    23636.6   -11120.9 654868.4 552474.4 770272.0 2021  4 22 22 41 37.880  1.05   1
     2829  54.944682 -162.280697     5.397   -32142.8   -17433.4   -13641.6  62013.4 116978.8 126693.3 2021  4 22 23 25 31.320  1.60   1
     2835  54.483602 -161.599609     7.464    11482.5   -68763.0   -11574.8 187781.2 113497.1 162812.4 2021  4 23  2  3 39.890  1.50   1
      284  54.728491 -161.603890    11.304    11173.4   -41500.8    -7734.9 281089.0 162384.5 220979.1 2021  1  9  7 54 29.300  1.46   1
     2841  54.980599 -162.292106     2.720   -32857.9   -13435.0   -16319.1 120811.7  54882.4  90127.2 2021  4 23  7 50 18.880  1.59   1
     2844  54.933378 -162.226383     2.734   -28673.1   -18691.8   -16304.9  77549.2  54076.7  77259.5 2021  4 23 11 41 11.670  1.04   1
     2845  54.580587 -161.263542    13.620    33059.7   -57966.2    -5418.5  81911.9  88292.2  84911.0 2021  4 23 12 16 49.890  1.70   1
     2849  54.945675 -161.831299    15.529    -3400.8   -17322.9    -3510.0 322199.3 187653.3 266158.6 2021  4 23 16 20 14.920  0.71   1
     2850  55.280558 -163.655745    20.886  -119584.9    19957.9     1847.0 440563.4 835529.7 483271.9 2021  4 23 17 36  6.620  1.87   1
     2859  54.453564 -162.120671    55.218   -22041.5   -72106.9    36178.8 370153.2  71579.2 103067.6 2021  4 24  0  7 27.070  1.88   1
     2868  54.581978 -162.668620    15.678   -57209.3   -57811.3    -3360.4 156818.3  58053.5 238976.8 2021  4 25  0  1 39.480  2.02   1
     2870  54.704565 -161.482650    54.716    18953.9   -44164.3    35677.3 270226.6 123356.6 240967.8 2021  4 25  1 44 56.490  2.18   1
     2874  55.361694 -162.288363    34.178   -32463.9    28990.4    15139.0 ******** ******** ******** 2021  4 25  7 59 53.270  1.04   1
     2876  55.315226 -161.723193     9.942     3497.1    23817.3    -9096.9 573645.6 550838.2 513180.9 2021  4 25 11 37 11.460  0.45   1
     2878  54.444100 -162.179329    10.814   -25819.0   -73160.6    -8225.4 456910.8 119380.2 272922.1 2021  4 25 16 49  8.660  1.86   1
     2879  55.373136 -162.006999    49.049   -14560.0    30264.1    30010.1 403473.2 388124.8 392572.8 2021  4 25 18 17 42.720  1.49   1
     2881  55.382943 -161.833626    16.036    -3530.3    31355.8    -3003.1 374722.4 250314.3 628173.8 2021  4 25 21  1 23.480 -0.14   1
     2882  55.484310 -161.683040    27.399     6040.5    42640.5     8359.9 262368.3 310888.9 319325.1 2021  4 25 21  3 29.240  1.13   1
     2884  54.946977 -161.909554    32.642    -8405.5   -17178.0    13602.7 397409.5 420231.8 529559.1 2021  4 25 22 39 21.540  2.01   1
     2886  54.588236 -161.188997    12.155    37845.2   -57114.6    -6884.1 128682.8 194769.7 100467.2 2021  4 26  8 18  4.140  1.60   1
     2889  54.977116 -161.514225    32.596    16871.4   -13822.7    13557.3 273147.9 303230.8 240414.4 2021  4 26 13  9 48.920  1.45   1
     2898  55.356104 -161.823551     6.979    -2890.5    28368.0   -12059.8 598992.5 427586.2 714089.9 2021  4 26 18 16 45.720  1.18   1
      290  54.626310 -161.416064     8.582    23247.6   -52876.1   -10456.7 256069.6 245094.7 234604.5 2021  1  9  9  8 15.120  1.95   1
     2902  55.462581 -161.441520    15.461    21389.4    40221.6    -3577.4 269066.2 250642.7 307012.3 2021  4 27  2 33  7.710  1.55   1
     2904  55.159509 -161.570638     2.523    13234.8     6482.2   -16516.0 295444.9 256136.6 127574.2 2021  4 27  4 51 55.710  2.75   1
     2913  55.368604 -161.909147     6.515    -8335.6    29759.5   -12523.8 ******** ******** ******** 2021  4 27 13 14 41.590 -0.12   1
     2917  55.374369 -161.962907     8.954   -11754.9    30401.4   -10085.3 ******** ******** ******** 2021  4 27 17 28 10.480  1.79   1
     2919  55.136145 -161.894580     8.931    -7430.4     3881.1   -10107.5 302226.4 144879.2 272022.1 2021  4 27 19 30  8.380  1.12   1
     2925  55.106726 -161.971826     2.850   -12363.5      606.1   -16189.3 153493.1  79468.8 244382.3 2021  4 27 23 34 13.340 -0.16   1
     2930  54.841516 -160.982031    46.914    50980.7   -28918.3    27875.0 183824.1 170471.3 270207.5 2021  4 28  4 31 26.400  2.81   1
     2934  54.638151 -162.933805    65.858   -74194.6   -51557.9    46819.6 403522.1 402677.4 383401.0 2021  4 28 10 22 59.470  1.63   1
     2938  55.134184 -162.577311    24.490   -50992.9     3662.8     5450.9 512802.9 501136.8 183981.1 2021  4 29  0 13 20.440  1.43   1
     2939  55.162333 -161.876449    14.305    -6271.4     6796.5    -4733.8 249791.0 286763.5 426312.4 2021  4 29  1 20 18.050  0.17   1
      294  54.572196 -161.650472    41.193     8202.0   -58900.3    22153.8 177653.2 112681.2 202598.9 2021  1  9 10 26 48.490  1.54   1
     2940  55.219434 -162.136540    11.653   -22844.7    13153.2    -7386.0 ******** ******** ******** 2021  4 29  1 20 37.810  0.42   1
     2941  55.225716 -160.865283    76.479    58178.4    13852.6    57439.7 145275.8 403709.1 183866.6 2021  4 29  3 54 27.220  1.36   1
     2956  55.423661 -161.831022    13.679    -3363.0    35888.8    -5360.4 ******** ******** ******** 2021  4 29 15 32 37.280 -0.03   1
     2957  54.779858 -162.762663    30.258   -63096.6   -35782.4    11218.6 211543.2 277719.4 277754.7 2021  4 29 16 48  0.860  1.42   1
     2960  55.230664 -161.784017     5.740     -375.5    14403.4   -13299.2 154060.9 173380.4 330313.9 2021  4 29 17 56  1.200  0.36   1
     2970  55.432288 -161.692952     3.183     5414.3    36849.1   -15855.5 583953.9 674077.8 ******** 2021  4 30  8 27 27.920 -0.46   1
     2978  55.184424 -161.937956    29.110   -10191.8     9255.8    10070.7 513746.7 708575.1 564883.9 2021  4 30 14 16 28.880  0.33   1
     2980  55.365914 -161.274056    38.472    32069.7    29460.1    19432.8 170911.2 330687.7 298503.4 2021  4 30 14 18 16.780  1.95   1
     2984  54.661243 -163.099007    36.771   -84776.3   -48987.2    17732.6 306552.2 179985.0 522993.9 2021  4 30 15 17 24.990  1.43   1
     2987  55.161800 -162.220492     0.565   -28216.0     6737.2   -18473.5 573527.2 562019.9 262521.6 2021  4 30 17 52 40.100  1.39   1
     2989  54.990214 -163.005697     9.186   -78467.0   -12364.6    -9853.0 194620.9 412445.6 340203.3 2021  4 30 18 21 47.520  1.66   1
     2991  55.038863 -162.867285    16.858   -69577.6    -6948.7    -2181.1 138042.1 293248.0 554133.2 2021  4 30 18 24 22.800  1.27   1
     2992  55.063574 -162.843880     8.914   -68061.5    -4197.8   -10124.8  85321.1 313930.2 392872.3 2021  4 30 18 25 56.400  0.99   1
     2994  55.061601 -162.867708     3.123   -69584.9    -4417.5   -15915.6 122473.4 246996.7 191051.5 2021  4 30 18 46 13.280  1.04   1
     2995  55.063367 -162.821338    15.942   -66622.1    -4220.9    -3097.1 134705.5 353100.8 590946.4 2021  4 30 19 41 19.340  0.97   1
     2997  54.567912 -161.484098    10.314    18892.9   -59377.2    -8724.8 164260.4 163929.8 156990.2 2021  4 30 19 47 23.480  2.30   1
     2999  54.580981 -161.349463    10.439    27539.5   -57922.3    -8600.1 147023.0 119519.8 146584.8 2021  4 30 20 24 54.900  1.41   1
       30  55.312508 -160.996403    81.604    49767.7    23514.7    62564.7 197368.1 632204.8 228913.1 2021  1  2  2 46 14.660  2.23   1
     3001  54.882625 -161.792725     2.888     -934.5   -24341.9   -16150.4 245415.2 169323.3 233659.0 2021  4 30 23 15 36.040  1.28   1
     3004  54.542769 -161.844255    11.092    -4250.5   -62176.2    -7946.9 147789.8 136294.0 229997.3 2021  5  1  0 22 15.070  1.77   1
      301  54.577429 -161.317334    30.367    29604.9   -58317.7    11328.3 212034.1 103672.1 364808.7 2021  1  9 13 44 32.670  1.66   1
     3010  54.595207 -161.248047    13.099    34049.0   -56338.6    -5939.8 155077.2  84366.9  93945.0 2021  5  1  4 34 58.080  1.28   1
     3013  55.427966 -161.537826    50.438    15276.4    36368.1    31399.4 307828.9 545779.2 259234.0 2021  5  1  5 13 57.120  0.04   1
     3016  54.406510 -161.556917    13.659    14242.1   -77345.2    -5379.5 241788.1 112978.3 170425.7 2021  5  1  9 51 49.220  1.41   1
     3017  55.290568 -161.784082     6.341     -379.4    21072.2   -12697.8 495676.5 567319.9 835105.4 2021  5  1  9 52 16.570 -0.50   1
     3020  55.109139 -161.959049    25.177   -11547.7      874.7     6138.5 278383.6 538680.3 330404.4 2021  5  1 14 58 27.520  1.06   1
     3029  54.773397 -161.350732    10.766    27392.7   -36501.7    -8273.3 316415.8 199646.3 295954.9 2021  5  3  0 16 57.450  2.52   1
     3030  54.817440 -163.140055    15.465   -87242.1   -31598.6    -3574.3 160610.1 279951.7 515617.3 2021  5  3  0 29  5.010  3.29   1
     3031  55.083858 -161.674626     0.756     6608.0    -1939.7   -18282.6 130782.0 119631.7 122921.4 2021  5  3  0 29 12.560  2.73   1
     3038  55.331832 -161.719531     4.695     3729.4    25665.9   -14343.6  56772.7 105500.4 129808.3 2021  5  3  6 15 28.920  0.11   1
     3039  54.568986 -161.286914    13.622    31562.6   -59257.7    -5416.9 116645.7 110635.3  85791.5 2021  5  3  7 32 15.350  2.33   1
     3042  54.804871 -163.069613    11.635   -82742.6   -32997.9    -7404.2 166143.9 223797.9 262117.0 2021  5  3 10 47 58.940  1.54   1
     3043  54.564185 -161.286312    14.394    31603.2   -59792.2    -4644.7 194212.6 103108.9 115368.6 2021  5  3 12  8  1.040  2.22   1
     3044  54.557963 -161.216976    11.037    36061.4   -60484.8    -8001.8 164473.3 138509.1 126413.4 2021  5  3 14 10  9.320  1.27   1
     3048  54.984005 -160.722380    11.220    67489.0   -13055.8    -7818.7 152442.1 204076.9 181853.1 2021  5  3 17 17 41.600  1.74   1
     3049  55.440662 -161.881738    29.876    -6585.9    37781.4    10837.1 413109.8 963264.6 685934.8 2021  5  3 19  0 24.080  1.37   1
     3050  55.442993 -161.950391    45.340   -10949.2    38040.9    26300.6 635260.0 725281.4 294165.4 2021  5  3 19  1 20.960  1.40   1
     3051  55.170463 -161.642204     2.384     8668.7     7701.6   -16654.5 236531.0  76659.8 161260.7 2021  5  3 20 47 30.280  0.26   1
     3061  54.863192 -162.455973    35.751   -43396.8   -26505.3    16712.6 289536.9 264646.3 349525.1 2021  5  4 17  0 59.100  1.98   1
     3064  55.553210 -161.018197    71.695    48234.5    50310.8    52656.3 347636.1 303247.1 336704.9 2021  5  5  1 10 23.910  1.48   1
     3066  55.262008 -161.770719    12.688      471.8    17892.8    -6350.9 863531.1 611638.6 681133.1 2021  5  5  2 30  8.400 -0.31   1
     3070  55.275533 -162.731169     0.291   -60702.8    19398.5   -18747.8 166290.2 297536.6 155123.9 2021  5  5  6  0 40.100  1.28   1
     3071  55.380941 -161.783952    11.047     -370.6    31133.0    -7991.7 ******** 520899.6 ******** 2021  5  5  7 39 24.230  0.16   1
     3072  55.403503 -161.954281    18.022   -11202.0    33644.7    -1017.4 ******** ******** ******** 2021  5  5  7 52 10.560  0.36   1
     3076  54.673047 -162.389437    91.837   -39229.2   -47673.1    72797.8 493116.2 315434.8 151723.3 2021  5  5 10 51 28.230  1.51   1
     3083  55.026379 -161.403646    30.040    23926.1    -8338.5    11001.4 211159.8 101384.0 381549.5 2021  5  5 14 20  5.560  1.53   1
     3085  55.443237 -161.860124    25.002    -5211.8    38068.1     5962.9 440928.4 565431.0 474724.7 2021  5  5 21 40 49.700  0.72   1
     3086  54.687443 -163.422868     8.345  -105528.0   -46070.5   -10693.8 229973.6 280842.2 321265.9 2021  5  6  0 19 46.950  3.99   1
     3093  55.178369 -161.495931     4.030    17995.8     8581.7   -15009.1 122727.8 167761.4 429537.7 2021  5  6 11 47  0.510  0.75   1
      310  55.121305 -161.555762     4.913    14190.4     2229.1   -14125.9 113100.5 165893.3 208523.2 2021  1 10 12 29 35.240  1.16   1
     3104  55.136019 -162.100016    14.819   -20538.1     3867.1    -4219.7 766534.1 755996.7 893599.0 2021  5  7 23 46  7.960  2.09   1
     3105  54.615108 -161.414681    12.291    23339.7   -54123.1    -6748.3 176579.2 102852.7 171862.6 2021  5  8  0 30 58.160  1.79   1
     3106  55.138407 -161.892546    29.582    -7300.3     4133.0    10543.4 463959.3 255504.4 281075.9 2021  5  8  1 54 59.140  0.44   1
      311  55.376123 -162.049837    23.340   -17284.6    30596.6     4301.2 ******** ******** ******** 2021  1 10 13 18 31.500  1.79   1
     3110  54.993827 -162.305566     2.022   -33712.8   -11962.3   -17017.4 162235.3 138456.2 103452.7 2021  5  8  3 47 49.380  1.03   1
     3112  55.389832 -161.729199    10.987     3111.8    32122.7    -8051.7 496629.1 313090.5 411732.2 2021  5  8  5 35 44.500  0.22   1
     3115  54.974418 -162.245394     6.331   -29873.9   -14123.1   -12708.1 155106.6 139058.9 138766.4 2021  5  8 10 33  2.210  0.93   1
     3119  54.677100 -161.074170    37.516    45172.1   -47221.9    18476.9 199373.9 262681.1 386374.4 2021  5  8 13 32 36.600  2.38   1
     3120  55.138452 -161.758040    29.296     1281.5     4138.0    10257.5 ******** 745214.8 902502.4 2021  5  8 14  0 38.870  0.27   1
     3123  55.347017 -161.484977    19.079    18655.0    27356.5       40.1  78187.0 354288.3  95488.0 2021  5  8 16 35  3.420  0.54   1
     3128  54.598429 -161.345150    12.225    27810.6   -55979.9    -6814.0 197151.5 119802.8 172983.2 2021  5  8 18 23  7.920  1.43   1
     3134  55.128516 -162.104134    15.744   -20802.8     3031.8    -3294.5 ******** ******** ******** 2021  5  8 20 15 15.520 -0.28   1
     3137  54.429297 -162.426497    11.257   -41732.7   -74808.5    -7781.7 343479.1 243706.2 167052.6 2021  5  9  0 53 53.290  1.77   1
     3139  55.130729 -161.799023    13.094    -1333.5     3278.2    -5944.5 166475.1 112962.4 199657.9 2021  5  9  0 58 55.390  0.82   1
     3149  54.807316 -163.127816    13.829   -86468.9   -32725.6    -5208.9 325170.8 336031.8 337343.0 2021  5  9 12 17  3.300  2.34   1
     3154  55.326965 -161.895833     7.259    -7492.5    25124.2   -11779.9 712747.3 582096.5 594444.7 2021  5  9 19 44 24.440  1.27   1
     3155  55.060246 -160.976546    31.316    51192.7    -4568.3    12276.8 250595.0 416102.8 428718.8 2021  5  9 19 47 35.440  1.76   1
     3158  55.106303 -162.017611     2.692   -15286.0      559.0   -16346.4 208831.7 258964.4 346228.4 2021  5 10  2 57  8.620  0.94   1
     3161  54.552478 -163.324268    13.731   -99367.2   -61095.4    -5307.5 167050.6 170605.7 151151.7 2021  5 10  5 45 34.060  1.54   1
     3165  55.090869 -161.504150    25.051    17490.7    -1159.2     6011.9 180531.1 233676.4 195896.9 2021  5 10  6 34 15.890  2.61   1
     3168  55.523918 -161.847135    39.948    -4381.9    47049.8    20908.7 248094.8 164970.6 162584.2 2021  5 10  7  5  2.250  1.23   1
     3171  55.383529 -161.801123     2.415    -1462.9    31421.1   -16624.1 162738.8 125883.8 161145.8 2021  5 10  8  7  6.060 -0.23   1
     3175  54.985185 -162.311068     2.124   -34068.1   -12924.5   -16915.1 106085.2 151150.3 115783.2 2021  5 10 14 10 13.080  1.14   1
     3176  55.304232 -161.248926    17.446    33694.5    22593.4    -1593.1 169266.9 344492.3 285654.5 2021  5 10 14 30 39.120  0.50   1
     3177  55.360071 -162.197461    19.719   -26680.8    28809.6      680.2 ******** ******** ******** 2021  5 10 14 34 29.320  0.71   1
     3180  55.081685 -162.082389     4.206   -19426.6    -2181.6   -14832.6 129017.4 116720.5 149524.6 2021  5 10 17 49 27.920  1.03   1
     3181  55.393746 -161.854769     4.502    -4874.5    32558.5   -14537.4 ******** ******** ******** 2021  5 10 18  4  7.440  0.78   1
     3182  55.317358 -161.786458    18.975     -530.5    24054.7      -63.5 127983.2 270993.2 170737.2 2021  5 10 18 20  4.920  0.12   1
     3187  54.818949 -160.702100    24.093    68926.4   -31430.6     5054.5 642639.4 745017.6 644024.4 2021  5 10 22  4 29.520  1.65   1
     3190  55.106527 -161.860124     8.303    -5233.8      583.9   -10736.1 120293.7 171172.4 143802.8 2021  5 11  1 42  9.340  0.62   1
     3191  55.067407 -161.749740    18.069     1812.7    -3771.1     -969.9 211128.3 168740.6 241197.1 2021  5 11  1 42 21.840  1.10   1
     3192  55.324695 -161.687191    15.115     5788.4    24871.4    -3923.6 166933.0 136785.9 125192.1 2021  5 11  2  4  7.660  0.15   1
     3193  54.998299 -161.684163    46.229     6005.5   -11464.5    27189.8 370941.4 204414.8 261528.8 2021  5 11  2 16 12.760  0.54   1
     3195  55.491406 -161.857780    47.096    -5059.8    43430.5    28057.2 362387.6 337237.5 117833.8 2021  5 11  3 44 41.820  1.06   1
     3196  55.517745 -161.763851    39.078      906.4    46362.6    20039.1 305659.2 378766.2 121973.1 2021  5 11  3 46 30.060  0.56   1
     3198  54.377840 -161.649105    12.464     8309.7   -80536.9    -6574.7 221323.4 137094.5 221869.1 2021  5 11  4  0 11.320  1.21   1
     3199  55.248462 -161.453288    19.587    20697.1    16384.8      547.9 126479.1 190069.8 161322.7 2021  5 11  4 33  3.500  0.72   1
       32  55.265291 -161.475635    15.058    19269.2    18258.3    -3980.5 157127.5 309410.8 585731.1 2021  1  2  3  5 38.810  1.53   1
     3200  54.945345 -162.462598    70.483   -43776.2   -17359.6    51443.8 ******** ******** ******** 2021  5 11  7 17 23.230  0.14   1
     3202  54.522164 -161.680273    10.267     6291.1   -64470.1    -8772.0  80150.8  78870.4 135900.4 2021  5 11  9 51 59.940  1.90   1
     3208  55.419954 -161.774886    37.894      205.9    35476.1    18854.7 138592.0 171171.4 154895.3 2021  5 11 12 39  0.420  0.65   1
     3209  55.319910 -161.802995    25.184    -1583.2    24338.7     6145.1 525102.1 791409.8 707406.4 2021  5 11 12 49 18.580  0.89   1
     3212  55.399947 -161.833561     5.161    -3525.4    33248.8   -13878.3 ******** ******** ******** 2021  5 11 14 50 41.960  0.77   1
     3216  55.389575 -161.814323     2.726    -2302.3    32094.2   -16312.9 ******** 654472.6 891410.9 2021  5 11 15 18 43.040  0.70   1
     3218  54.758838 -161.381462    13.971    25427.8   -38122.5    -5067.5 325752.9 249064.4 196333.8 2021  5 11 15 33 38.600  1.92   1
     3222  55.261230 -161.747347    48.265     1960.7    17806.2    29225.8 181093.1 424080.4 189539.3 2021  5 11 17  7 35.040  0.90   1
     3223  55.397701 -161.825667     4.129    -3023.5    32998.8   -14909.4 ******** ******** ******** 2021  5 11 17 24 39.720  0.74   1
     3224  55.376449 -161.584733     9.644    12302.3    30632.9    -9395.1 101406.4 114910.0 116812.1 2021  5 11 17 33 53.920  0.46   1
     3225  55.312386 -161.804378    27.018    -1671.4    23501.1     7979.5 ******** ******** 784100.4 2021  5 11 19 19 52.580  0.65   1
     3227  55.413729 -161.672575    23.214     6711.3    34783.1     4175.6 202368.5 159446.0 260453.5 2021  5 11 20  6 28.800  0.82   1
     3228  55.295919 -161.920833    23.512    -9087.3    21667.9     4473.2 ******** ******** ******** 2021  5 11 20 10 20.580  0.77   1
     3231  54.934664 -162.929313    28.684   -73635.3   -18548.7     9644.7 183869.5 627487.4 798728.5 2021  5 11 20 35 41.680  1.25   1
     3236  55.373657 -161.742627    16.251     2258.2    30322.1    -2788.3 585291.7 219381.5 482844.9 2021  5 11 21 49 12.680  0.54   1
     3237  55.245227 -161.944417    19.693   -10595.8    16024.7      654.5 ******** 940829.9 905306.0 2021  5 11 22 58 11.580 -0.03   1
     3238  54.845614 -161.219661    14.035    35761.4   -28462.2    -5002.4 173607.2 176944.6 220158.6 2021  5 11 23  8 26.820  1.33   1
     3241  55.041418 -162.169108     7.887   -24975.9    -6664.3   -11152.2 159159.8 106852.3 209499.2 2021  5 11 23 16 52.840  0.54   1
     3244  55.132052 -162.023844    16.569   -15678.8     3425.4    -2470.2 433447.0 120366.1 342190.5 2021  5 12  0 42  3.970  0.12   1
     3245  55.514958 -161.935758    36.684   -10010.2    46052.3    17645.3 439724.2 429431.7 313510.2 2021  5 12  0 51  5.140  0.59   1
     3247  55.231307 -161.126676     0.892    41516.0    14475.0   -18146.7 173191.4 172417.7 173019.1 2021  5 12  1 48 40.180  1.08   1
     3249  54.927417 -162.211230     1.800   -27705.9   -19355.4   -17238.6 106555.9 113714.5 142274.0 2021  5 12  2  4 41.620  1.76   1
      325  54.952445 -162.252165     2.886   -30315.1   -16569.2   -16153.1  98066.8  73101.4  81082.3 2021  1 11  7 19 29.290  3.14   1
     3250  55.398812 -160.839632    10.687    59683.9    33122.5    -8351.7 463115.8 822075.1 369726.3 2021  5 12  2 29 55.990  1.30   1
     3252  54.721179 -162.699674    16.642   -59102.7   -42314.8    -2396.5 133731.1 128025.7 155208.0 2021  5 12  3  0 24.840  1.28   1
     3253  54.682812 -162.108626    61.618   -21206.4   -46586.0    42578.9 202568.5 130220.6 139719.8 2021  5 12  3 14 42.670  1.05   1
     3254  54.878076 -161.985498    16.808   -13273.9   -24848.3    -2231.2 609273.6 169042.5 911614.1 2021  5 12  3 14 58.140  0.75   1
     3255  55.301229 -161.546549    22.767    14745.1    22259.1     3728.5  93121.3 190787.6  72083.6 2021  5 12  3 26 33.780  0.74   1
     3256  55.357377 -161.951823    15.131   -11052.1    28509.7    -3907.5 ******** ******** ******** 2021  5 12  4 44 40.130  0.35   1
     3257  55.500741 -161.725618    32.152     3334.9    44469.6    13113.2 166700.2 325236.0 176679.3 2021  5 12  5  0 14.020  0.61   1
     3258  55.469934 -161.893066    33.783    -7303.2    41040.1    14744.2 532060.2 835959.3 409687.1 2021  5 12  5 19  1.450  0.44   1
     3259  55.402576 -161.876937    21.346    -6283.7    33541.5     2306.6 ******** ******** ******** 2021  5 12  5 34 24.370  0.82   1
     3260  55.286580 -161.903190    15.606    -7964.8    20628.3    -3433.1 711967.0 702066.7 ******** 2021  5 12  6 28  3.200  0.49   1
     3264  55.330416 -162.209766    21.950   -27473.9    25508.3     2910.9 ******** ******** ******** 2021  5 12  8 56 40.830  1.25   1
     3268  55.015556 -162.211100     4.316   -27667.3    -9543.4   -14722.7 112983.0  54295.4 220772.1 2021  5 12  9 38 20.500  0.16   1
     3270  55.413253 -161.820687     4.593    -2706.3    34730.1   -14446.3 ******** ******** ******** 2021  5 12 10 22 12.890  0.15   1
     3271  55.290637 -161.719043    18.191     3762.4    21079.9     -847.7 215994.4 153367.1 111194.7 2021  5 12 10 32 30.660  0.51   1
     3274  54.801017 -161.429297    15.074    22349.7   -33426.9    -3964.8 157390.0 194184.8 669093.4 2021  5 12 12 14 21.540  0.72   1
     3277  55.455721 -161.850570    28.773    -4603.9    39457.8     9733.8 275651.6 344313.2 242485.1 2021  5 12 12 45 11.040  0.22   1
      328  54.977572 -162.230973     0.569   -28950.8   -13772.0   -18469.8 142577.7 108282.6  97541.1 2021  1 11  8  0 31.130  1.70   1
     3280  55.416890 -161.675700    11.998     6512.3    35135.0    -7040.5 438552.5 346291.9 568065.9 2021  5 12 15  8 54.990  0.57   1
     3281  55.298637 -161.758431    25.526     1254.0    21970.5     6487.4 640992.8 634370.8 410229.6 2021  5 12 15 26  1.360  0.37   1
     3282  55.461759 -161.739274    36.607     2468.8    40130.1    17568.1 390867.8 441747.0 106272.4 2021  5 12 15 37 14.680  0.67   1
     3283  55.011707 -162.047754     3.355   -17230.2    -9971.9   -15683.9 103768.4 130806.9 283371.6 2021  5 12 15 38 58.440  0.10   1
     3286  54.511633 -161.898535    12.525    -7742.4   -65642.4    -6513.8 177042.1  82448.1 133846.8 2021  5 12 17  2 25.680  0.89   1
     3288  54.865678 -161.370117    27.249    26120.4   -26228.5     8210.1 327960.1 397258.9 716604.4 2021  5 12 17 54  0.760  3.07   1
     3290  55.141842 -161.684391    35.422     5980.2     4515.3    16383.3 361339.3 188560.5 229488.3 2021  5 12 18 14 52.840  0.88   1
     3291  55.125956 -162.690251    67.790   -58205.1     2746.9    48751.5 473015.3 629432.6 390772.6 2021  5 12 18 31 53.080  1.61   1
     3292  55.381323 -161.628678    13.807     9506.2    31175.5    -5232.3 156486.2 150614.1 112110.1 2021  5 12 20 26 39.740  0.08   1
     3294  55.257312 -162.095296    16.241   -20206.4    17370.0    -2798.2 ******** ******** ******** 2021  5 12 20 51 16.740  0.24   1
     3299  55.160942 -163.485628    11.992  -108912.7     6641.6    -7046.5 249940.2 810178.4 294846.9 2021  5 12 22  3 26.840  1.66   1
     3300  54.923336 -162.175081     0.571   -25394.7   -19809.8   -18468.2  34783.4  59377.8  69239.8 2021  5 12 22  6 14.320  0.99   1
     3303  54.640971 -161.207747    11.964    36616.9   -51244.0    -7075.0 134924.7 170263.3 202659.8 2021  5 12 22 24 52.560  1.50   1
     3305  54.512000 -161.057959     8.758    46306.6   -65601.7   -10281.1 227706.6 232673.3 303899.9 2021  5 12 23 25  2.320  1.44   1
     3308  55.442301 -161.837402     7.365    -3767.7    37963.9   -11673.9 ******** ******** ******** 2021  5 13  1 58 12.670  0.21   1
     3309  55.418587 -161.783122    34.415     -317.7    35323.9    15376.6 293427.6 346046.9 158092.1 2021  5 13  2  8 52.030  0.51   1
     3310  55.480587 -161.624023    15.192     9790.1    42226.0    -3846.9 795218.2 785014.1 955815.2 2021  5 13  2 15 33.690  0.18   1
     3313  55.140487 -161.270833    13.999    32365.8     4364.5    -5040.3 159115.4 210182.8 538147.3 2021  5 13  3 22 33.670  1.57   1
     3314  55.311348 -161.465804    34.073    19883.9    23385.6    15034.0 228505.5 523618.2 441459.4 2021  5 13  4 20 45.120  0.17   1
     3315  54.550362 -161.403304    12.731    24089.5   -61331.0    -6308.2 124821.2 254370.0 177904.3 2021  5 13  5 26 45.070  1.41   1
     3319  55.312394 -161.524414    31.147    16152.3    23502.0    12108.6 184113.4 142413.0 133347.2 2021  5 13  6 19 37.930  0.69   1
      332  54.925159 -162.236344     2.986   -29313.3   -19606.8   -16052.9  80724.3  79868.8  45654.9 2021  1 11 10 45 20.480  2.42   1
     3320  55.276892 -161.629769    16.474     9449.2    19549.8    -2564.8 178392.0 352794.5 454653.1 2021  5 13  6 40 30.780  0.51   1
     3321  54.884509 -162.206006     2.133   -27386.3   -24132.1   -16906.3 125777.7  84542.5 118835.9 2021  5 13  8 10 31.210  1.60   1
     3325  55.126526 -161.749821    17.402     1806.1     2810.3    -1637.2 163466.1  67358.7 119282.8 2021  5 13  8 54 22.430  1.28   1
     3326  54.938106 -162.198503     3.123   -26888.1   -18165.5   -15915.8 110616.8 108082.0 178385.5 2021  5 13  9 29 58.230  1.37   1
     3328  54.543689 -162.779460    58.297   -64360.5   -62073.8    39258.4 260208.5 192734.7 177657.3 2021  5 13 11 39  7.700  1.89   1
     3330  54.725789 -161.198275    42.587    37186.0   -41801.6    23548.2 237778.3 192781.8  77170.5 2021  5 13 11 47 14.140  1.50   1
     3335  55.138045 -162.341732    25.079   -35959.8     4092.7     6040.1 656016.4 969058.2 239615.9 2021  5 13 15  1 18.740  1.47   1
     3336  54.696273 -161.798779    13.914    -1325.1   -45087.5    -5125.2 219742.1  74950.1 163576.9 2021  5 13 15 18 35.310  2.37   1
     3337  55.331836 -161.655534     5.156     7802.8    25666.4   -13882.5 124409.1 266883.1 219220.2 2021  5 13 15 26 31.400  0.49   1
     3342  55.246838 -161.505339    20.196    17381.0    16204.0     1156.9  75778.3 124939.6 290141.9 2021  5 14  2  7 49.070  2.28   1
     3346  55.203398 -160.736849    12.405    66382.4    11368.0    -6634.2 211979.7 560842.1 222050.3 2021  5 14 10 49 45.710  1.81   1
     3347  55.263359 -161.577816    21.856    12760.4    18043.2     2817.5 338084.2 206709.9 168302.3 2021  5 14 10 51  9.260  0.95   1
     3348  55.374170 -161.761263    16.490     1072.7    30379.2    -2548.6 359560.7  91036.9 226755.0 2021  5 14 12 16 20.190  0.92   1
     3351  55.347213 -161.438656    21.951    21602.7    27378.2     2911.8 167271.8 345569.1 120331.8 2021  5 14 14 15 57.820  0.62   1
     3352  55.344698 -161.741390    17.351     2337.8    27098.3    -1687.7  70965.2 209370.8  74960.8 2021  5 14 16 42 13.530  1.06   1
     3353  55.289388 -161.389925    24.087    24721.6    20940.9     5047.9 118068.2 267738.1 188860.3 2021  5 14 19 17 24.040  0.57   1
     3356  54.508114 -162.174740    81.549   -25503.5   -66034.3    62510.3 621312.3 169412.3  86609.8 2021  5 14 22 27 18.280  2.10   1
     3357  55.388839 -161.464079     5.498    19974.4    32012.2   -13540.8  84413.7 342915.6 127776.9 2021  5 14 23 36 11.160  0.67   1
     3358  55.240889 -161.367806     0.968    26146.0    15541.8   -18070.7 273227.8 251189.7 161393.4 2021  5 15  0  2 15.010  0.39   1
     3362  55.284839 -161.457878    23.469    20395.3    20434.4     4429.7 171551.4 164293.6 123067.2 2021  5 15  2  1 56.340  0.65   1
     3364  55.346155 -161.896110    12.150    -7508.3    27260.4    -6889.3 ******** ******** ******** 2021  5 15  3 42 48.060  2.29   1
     3365  55.163944 -161.443978    15.187    21312.7     6975.9    -3851.4 199136.5 213995.0 473592.5 2021  5 15  3 42 54.980  1.04   1
     3367  55.384928 -161.020280    41.987    48203.9    31576.9    22948.6 125568.0 224812.5 160370.9 2021  5 15  5 57 21.500  1.71   1
     3370  54.842997 -161.363932    26.680    26523.8   -28753.4     7640.9 171445.6 188089.3 618092.2 2021  5 15  6 37 34.780  1.89   1
     3372  55.591325 -161.579948    51.145    12572.8    54553.9    32106.0 457853.4 316035.4 293106.2 2021  5 15  7 15 16.310  1.83   1
     3373  55.241284 -162.236849     6.471   -29230.3    15585.7   -12568.2 ******** 633894.2 ******** 2021  5 15  7 15 26.030  1.43   1
     3374  54.915332 -161.407015    17.289    23743.6   -20700.8    -1749.4 229038.6 286796.8 244057.6 2021  5 15 10 36 20.720  1.66   1
     3375  54.988232 -161.654574    13.529     7897.7   -12585.2    -5510.3 280496.8 278507.9 186805.7 2021  5 15 10 36 34.920  1.52   1
     3380  55.639852 -161.543327    12.064    14887.0    59956.2    -6974.4 378759.8 287051.3 390658.9 2021  5 15 13 13 25.240  1.89   1
     3382  55.441573 -161.742188    34.152     2284.2    37882.8    15113.3 325733.9 429403.0 220641.9 2021  5 15 13 35 13.120  1.00   1
     3383  54.989242 -162.348063     3.250   -36431.2   -12472.8   -15789.2 134172.7 180044.0  88495.8 2021  5 15 14 52 23.320  0.87   1
     3384  55.148527 -161.459066    31.022    20354.3     5259.6    11983.0 186468.1 220510.2 575811.4 2021  5 15 15 36 52.700  0.89   1
     3385  55.480424 -161.764111    31.979      890.3    42207.9    12940.0 258215.2 421507.3 210428.4 2021  5 15 15 47 36.730  0.98   1
     3388  55.159245 -161.924854    38.691    -9359.2     6452.7    19652.5 165497.7 311407.0 195444.6 2021  5 15 20 18 33.180  1.01   1
     3393  54.985706 -161.547054    27.216    14771.0   -12866.5     8177.6 300416.0 251870.8 222834.2 2021  5 16  0 53  7.740  0.93   1
     3396  55.177116 -162.056510    17.897   -17753.2     8442.2    -1142.1 ******** ******** ******** 2021  5 16  1  9  5.960  0.90   1
     3397  55.194214 -160.741846    31.277    66071.4    10345.6    12238.1 192727.6 310904.5 538945.9 2021  5 16  1 33 35.780  1.52   1
     3398  55.165771 -162.007503    15.613   -14630.0     7179.3    -3425.4 ******** ******** ******** 2021  5 16  2 20  2.990  0.38   1
     3400  55.398079 -161.377702    16.680    25465.3    33040.9    -2359.2 141140.1 295447.5 184685.6 2021  5 16  4 52 24.950  0.68   1
     3405  54.530876 -161.061198    10.055    46087.6   -63500.3    -8983.4 199851.1 203149.1 268565.8 2021  5 16  8 39 48.910  1.29   1
     3406  55.281014 -161.492790    25.337    18172.8    20008.6     6298.2 172801.0 224633.8 181002.3 2021  5 16 13 25 13.300  0.24   1
     3407  54.970076 -162.250163     3.561   -30180.4   -14606.4   -15478.1  81176.7  79718.5  76759.7 2021  5 16 13 30  7.200  0.56   1
     3408  55.449650 -161.847917    30.937    -4435.6    38782.0    11897.9 304953.4 322122.2 224936.4 2021  5 16 13 53 43.390  0.82   1
     3409  55.383647 -161.715397    44.588     3990.0    31434.2    25549.0 247840.1 427462.8 203557.0 2021  5 16 14 13  7.700  0.88   1
     3410  54.338184 -162.016178    10.871   -15339.6   -84951.7    -8168.2 329499.7 201130.6 190732.9 2021  5 16 14 18 29.620  1.41   1
     3411  55.050594 -161.417204    32.386    23052.9    -5642.8    13347.5 322240.5 347053.5 372120.3 2021  5 16 14 21 27.210  1.32   1
     3416  55.191248 -161.818538    14.319    -2576.8    10015.4    -4720.4 681957.2 617163.8 ******** 2021  5 16 16 14 45.940  0.84   1
     3422  55.097453 -161.448193    14.772    21061.3     -426.3    -4267.2 178950.7 170146.8 529557.8 2021  5 16 18 18 15.480  1.00   1
     3425  55.411304 -161.814242    32.489    -2296.5    34513.1    13449.8 184507.6 316518.0 161665.7 2021  5 16 20 19 15.640  0.99   1
     3427  54.826994 -160.879150    33.275    57579.4   -30535.0    14236.4 303608.2 346801.9 692600.9 2021  5 16 21 36 36.740  2.43   1
     3428  55.340580 -161.247184    20.049    33790.0    26639.8     1010.0 175950.5 539050.4 337948.5 2021  5 16 21 59 23.240  0.68   1
     3429  55.085559 -162.004346    47.998   -14443.0    -1750.3    28958.9 740547.0 475160.7 340876.8 2021  5 16 22 14 27.880  1.17   1
     3433  55.266207 -161.499984    54.864    17717.9    18360.2    35825.3 190874.8 410619.9 194512.2 2021  5 17  0 38 22.050  1.11   1
     3434  55.246041 -162.155632    59.040   -24053.6    16115.3    40001.6 420718.9 282187.7 227731.3 2021  5 17  0 47 31.340  1.01   1
     3438  54.959298 -162.934538     0.842   -73946.9   -15806.3   -18197.2 128988.9 299515.9 121105.8 2021  5 17  4 38 16.010  1.41   1
     3440  55.381600 -161.697477    23.259     5129.9    31206.3     4219.9 163914.2 298323.3 215830.4 2021  5 17  5 41 47.170  0.99   1
     3442  54.999512 -161.436686    30.141    21822.4   -11329.5    11101.7 197941.2 248738.9 241065.7 2021  5 17  6  2 33.070  1.54   1
     3443  55.494649 -161.949658    48.797   -10895.6    43791.5    29757.7 339906.5 573979.0 305960.2 2021  5 17  8 16 27.680  1.10   1
     3446  55.333012 -162.069775    10.865   -18562.9    25797.3    -8173.6 ******** ******** ******** 2021  5 17  9 36 42.670  0.08   1
     3447  54.715181 -161.821908     0.232    -2808.2   -42982.5   -18806.4 131840.4 118559.9  95743.1 2021  5 17 10 19 10.370  2.31   1
     3461  54.669312 -162.572884    67.202   -51003.8   -48089.0    48163.3 239293.4 181601.3 124700.7 2021  5 17 16 53 21.180  1.13   1
     3465  55.079875 -161.888542     5.434    -7050.0    -2383.1   -13605.1 177315.3  53694.4 256658.8 2021  5 17 17 15  6.340  0.30   1
     3470  55.145239 -162.196322     9.139   -26679.8     4893.6    -9900.3 758877.4 872129.2 181548.2 2021  5 17 20 27 53.480  0.70   1
     3475  55.358838 -161.779329    23.405      -76.6    28672.4     4366.2 526744.1 451659.7 379414.1 2021  5 18  2  9 28.260  0.88   1
     3477  54.402539 -161.458594    19.408    20573.5   -77787.3      369.5 289299.9 199276.8 184358.9 2021  5 18  2 18 46.920  1.87   1
     3478  54.708655 -161.812826    28.226    -2225.8   -43709.1     9187.1 163193.8 207893.6 327990.8 2021  5 18  2 51  3.530  0.98   1
     3479  55.266207 -160.825716    41.906    60669.4    18360.2    22867.3 159022.3 360647.4 281479.9 2021  5 18  3 55  2.690  1.68   1
     3481  54.994283 -161.520410    31.351    16472.4   -11911.6    12312.1 218393.8 390904.8 414582.0 2021  5 18  3 59 33.580  1.28   1
     3482  55.280843 -162.173877    16.547   -25205.2    19989.6    -2491.7 ******** ******** ******** 2021  5 18  4 31 47.580  0.32   1
     3483  55.321851 -161.731250    16.536     2983.9    24554.8    -2502.4 374451.4 459146.0 263555.6 2021  5 18  4 49 36.490  0.71   1
     3485  55.252974 -161.777653    16.816       30.1    16887.1    -2222.9 359651.5 403081.9 476715.7 2021  5 18  5 27 30.450  0.03   1
     3487  55.377035 -161.784521    21.603     -406.9    30698.1     2563.7 248329.0 175776.1  68736.7 2021  5 18  7 19 28.310  0.46   1
     3489  55.779142 -161.657389    14.248     7641.6    75462.6    -4791.2 ******** 885330.5 925635.3 2021  5 18  8 49 20.920  1.02   1
     3497  55.301538 -161.411198    19.025    23363.3    22293.5      -13.4 170672.2 227082.7 330819.2 2021  5 18 10 48 58.890  0.39   1
     3498  55.377108 -161.909294    25.468    -8344.0    30706.2     6429.5 ******** ******** 851450.2 2021  5 18 11  7 27.860  0.45   1
      350  55.131856 -161.261458    30.091    32967.4     3403.7    11051.9 202881.4 114359.0 166809.7 2021  1 12  7 15  5.890  2.33   1
     3501  55.142847 -161.613379    39.068    10510.7     4627.2    20029.2 395319.7 176607.5 347767.4 2021  5 18 11 21 53.870  0.53   1
     3503  55.730831 -161.394596     2.073    24289.1    70084.4   -16966.1 158584.5 165266.5 153543.3 2021  5 18 13 38 44.810  0.92   1
     3504  55.304277 -161.850391    18.921    -4601.2    22598.3     -118.2 431170.2 831682.9 700438.8 2021  5 18 14  4 40.010  0.72   1
     3505  55.489535 -161.925326    36.906    -9350.6    43222.1    17867.4 463560.7 611582.9 262478.7 2021  5 18 14 11 35.590  0.80   1
     3506  55.448751 -161.881022    29.298    -6539.7    38681.9    10258.8 339203.7 ******** 879417.3 2021  5 18 15 45  1.890  0.60   1
     3507  55.426774 -161.842578    29.815    -4097.5    36235.3    10775.7 316626.6 274784.4 222526.6 2021  5 18 15 49  3.250  0.37   1
     3508  55.343530 -161.818783    17.475    -2587.4    26968.2    -1564.2 635540.6 622167.2 543400.8 2021  5 18 15 59 11.160  0.74   1
     3509  55.711898 -161.937451     4.555   -10092.6    67976.6   -14483.5 ******** ******** ******** 2021  5 18 17 28 18.980  0.56   1
     3510  55.072652 -160.957227    13.936    52418.5    -3187.2    -5103.3 139739.7 282675.1 158844.3 2021  5 18 17 33 46.000  1.50   1
     3511  55.399064 -161.263330    21.241    32738.5    33150.5     2201.7 180559.8 362954.2 212548.1 2021  5 18 18  8 15.740  0.54   1
     3518  54.770789 -161.510693    81.080    17141.0   -36792.1    62041.3 103376.2 130754.9  92246.8 2021  5 19  0 58 10.000  1.81   1
     3521  54.939229 -162.698307    17.224   -58855.8   -18040.4    -1815.1 310820.2 284996.5 375102.9 2021  5 19  4 20  7.470  1.64   1
     3524  54.689433 -160.742041     8.143    66474.4   -45849.0   -10896.0 218221.9 291150.2 327136.3 2021  5 19 11 27 32.130  2.43   1
     3526  55.196505 -161.931152    13.407    -9756.5    10600.7    -5631.7 545777.4 611908.1 790584.4 2021  5 19 13 17 28.240  1.01   1
     3529  55.311609 -161.617204     6.566    10245.0    23414.6   -12472.6  52185.0 142377.2 188533.4 2021  5 19 19  5 54.640  0.23   1
     3532  55.298897 -161.647510    18.543     8316.9    21999.5     -496.3 466417.3 376452.0 492542.9 2021  5 20  4 12 16.580  1.75   1
     3533  55.403853 -161.847396     3.790    -4405.0    33683.7   -15249.3 229674.2 277458.5 710126.0 2021  5 20  4 12 47.660 -0.00   1
     3534  54.673401 -162.477734    15.327   -44895.3   -47633.7    -3711.4 110005.5 117442.7 200540.0 2021  5 20  5 19 20.220  1.34   1
     3536  55.215031 -163.491813     6.780  -109233.5    12663.1   -12258.8 170400.4 642286.6 439288.6 2021  5 20  8 39 31.430  2.25   1
     3544  54.567651 -162.079590    14.396   -19370.9   -59406.2    -4643.2 223495.5 101307.9 322300.8 2021  5 20 16 56 12.880  1.48   1
     3547  55.306913 -161.900505    17.764    -7791.7    22891.9    -1274.8 ******** 984037.3 792419.9 2021  5 20 19 41 11.400  0.42   1
      355  54.850216 -161.814730    13.571    -2343.9   -27949.9    -5468.1 232028.6 194762.4 127152.9 2021  1 12 11 37 23.670  1.48   1
     3550  55.182646 -161.824023     6.858    -2926.8     9057.8   -12180.6 209985.0 213090.8 352337.8 2021  5 20 20 53 40.440  1.96   1
     3552  55.250159 -162.012305    21.619   -14920.5    16573.7     2579.8 582988.9 521608.9 550018.1 2021  5 20 22 38 31.760  0.60   1
     3553  54.574174 -161.292985    14.436    31170.5   -58680.1    -4602.9 201116.4 129801.2 120772.1 2021  5 20 23  5 59.920  1.60   1
     3558  55.157202 -162.884277    16.159   -70559.0     6225.3    -2880.4 104677.6 412217.6 370909.0 2021  5 21  1  7  7.610  1.99   1
      356  54.867033 -161.778743     1.125      -39.6   -26077.7   -17914.1 193473.7 136938.4 117869.1 2021  1 12 11 37 36.830  1.87   1
     3560  54.831913 -161.781689     0.632     -228.3   -29987.4   -18407.0 116415.0 120952.9  89466.2 2021  5 21  3 21 13.460  1.01   1
     3561  54.731014 -161.733708    15.105     2848.3   -41219.9    -3933.9 338712.2 140951.7 162181.2 2021  5 21  3 21 17.160  1.31   1
     3562  55.384989 -162.026383    25.356   -15790.8    31583.7     6316.9 ******** ******** ******** 2021  5 21  4 48 44.590  0.51   1
     3566  54.569800 -161.268571    13.316    32740.9   -59167.1    -5722.6  82606.0 122715.3  59958.2 2021  5 21 14 50 55.870  2.36   1
     3572  55.068709 -160.922835    14.428    54617.2    -3626.1    -4611.3 161285.0 306624.3 117113.6 2021  5 21 19 31 35.400  1.50   1
     3573  55.314697 -160.515088    71.003    80408.0    23758.4    51963.8  89753.7 309584.9 172824.0 2021  5 21 21 43  9.960  1.98   1
     3575  54.729553 -162.541016    79.910   -48922.2   -41382.6    60870.9 258808.0 209609.1 162568.7 2021  5 22  3 41 15.140  1.80   1
     3576  55.317216 -161.677979     7.203     6375.4    24038.8   -11835.9 155774.2 155674.9 262846.4 2021  5 22  5  3 48.750  0.37   1
      358  54.578031 -161.271468    24.350    32551.5   -58250.7     5310.9 123188.2 162576.1 146512.3 2021  1 12 12 44 20.610  2.80   1
     3581  55.202604 -161.581592    22.747    12529.3    11279.7     3708.6 329724.6 125869.2 347875.2 2021  5 22 12 36 27.900  0.88   1
     3585  55.164087 -161.191455    21.368    37419.2     6991.8     2329.2 149333.0 202778.8 215343.7 2021  5 22 17  6 17.600  1.39   1
     3594  55.031051 -161.526432    21.682    16080.2    -7818.5     2643.2 254177.9 101100.9 165649.7 2021  5 22 22 37  9.980  1.15   1
     3603  54.421794 -161.232780    12.520    35104.6   -75643.8    -6519.1 308125.4 221773.6 209520.3 2021  5 23  4 28 56.450  1.75   1
     3606  54.739518 -161.548747     0.224    14707.6   -40273.2   -18815.3 160595.5 166453.0  99678.2 2021  5 23  5 15 38.400  1.56   1
     3607  54.792074 -161.270117    13.167    32552.0   -34422.5    -5871.9 175067.2 262175.8 237994.1 2021  5 23  5 39 52.590  2.75   1
     3611  54.570695 -161.231315    13.541    35134.4   -59067.4    -5497.4 148634.6 100991.7 126619.6 2021  5 23  7 38 42.560  1.54   1
     3613  55.144495 -161.687435     5.671     5785.8     4810.7   -13367.6 174922.5  68883.3 270208.0 2021  5 23  8  1 53.250  1.04   1
     3615  54.472225 -161.729818    10.078     3107.7   -70029.6    -8960.5 160227.6 100178.7 117135.4 2021  5 23 12 28 44.560  1.66   1
     3620  55.228459 -162.011914    20.025   -14899.6    14157.9      986.4 190117.6 179199.1 337422.3 2021  5 23 16 37 52.300  0.83   1
     3623  55.068070 -160.944694    14.443    53221.8    -3697.2    -4595.6 147962.5 301298.1 179272.0 2021  5 23 18  5 45.920  1.53   1
     3624  55.079777 -162.052572     2.648   -17523.2    -2394.0   -16390.8 120045.0 110948.9 129365.1 2021  5 23 22 32 31.280  0.82   1
     3625  55.071073 -161.768408     9.426      620.5    -3362.9    -9613.2 200110.7 241722.4 318201.1 2021  5 23 22 32 50.860  0.88   1
     3626  55.390255 -161.652067    59.358     8017.6    32169.8    40318.6 290151.6 538962.9 215643.7 2021  5 23 23 35 36.600  1.47   1
     3634  54.924040 -160.854118    11.971    59111.6   -19731.4    -7067.8 143521.5 354430.4 195445.6 2021  5 24 14 33 50.470  1.73   1
     3636  54.853414 -162.608398    15.775   -53161.7   -27593.8    -3263.5 116245.9 160722.1 271671.4 2021  5 25  6 58  5.810  1.76   1
     3639  55.448140 -161.316162    31.467    29360.6    38613.9    12427.8 182272.6 449973.6 226022.3 2021  5 25 14 27 25.980  1.05   1
     3641  55.143949 -161.906950     6.362    -8218.8     4750.0   -12677.1 215055.1 128307.7 274632.4 2021  5 25 22 51 39.800  0.15   1
     3643  55.106034 -161.564469     4.076    13637.3      529.1   -14962.5 188076.5 203521.3  82007.8 2021  5 25 23 51 59.360  0.99   1
     3650  54.417806 -162.896615    10.145   -72002.1   -76087.7    -8893.5 377159.6 263325.7 298344.4 2021  5 26 21 25 30.760  1.59   1
     3655  55.263969 -161.287174    27.804    31274.9    18111.1     8765.1 103816.9 307608.7 310415.4 2021  5 27  1  9  4.910  2.57   1
     3662  54.880151 -162.577767    37.236   -51183.4   -24617.3    18197.3 218732.7 374645.4 303835.3 2021  5 27 14 38 33.410  1.20   1
     3663  54.497249 -162.501595    48.688   -46527.5   -67243.7    29649.3 205576.4 127767.5 127830.8 2021  5 27 16 55 52.760  1.64   1
      367  54.894722 -161.830876    18.434    -3375.8   -22995.1     -605.2 306190.4 234794.2 383606.1 2021  1 12 18  0 16.640  1.37   1
     3673  55.036410 -162.318050    20.450   -34492.5    -7221.9     1411.1 178206.5 204549.5 242503.9 2021  5 27 23 29 19.500  1.33   1
     3675  54.686747 -161.508464    76.511    17301.8   -46147.9    57472.0 273742.8 231743.0 212083.7 2021  5 28  6  3  5.550  2.11   1
     3681  54.504484 -161.698828    13.991     5099.2   -66438.3    -5047.4 112920.0 194210.4 144297.3 2021  5 28 12 11 11.870  1.41   1
     3685  54.498299 -162.031755    10.798   -16311.1   -67126.9    -8241.1 530513.2 251190.7 426018.2 2021  5 28 16 12 18.370  1.87   1
     3686  55.369010 -161.634473    12.711     9139.0    29804.8    -6327.5  97286.7 184794.1 100841.4 2021  5 28 19  0 32.540 -0.14   1
     3687  54.860966 -161.459229    68.219    20416.8   -26753.1    49179.9 124270.1  77174.2  64141.1 2021  5 29  0 41  8.790  1.81   1
     3692  55.369661 -161.947803    26.343   -10794.7    29877.3     7303.6 455786.7 363778.3 353931.3 2021  5 29 15 48 13.110  0.68   1
       37  55.146004 -161.536263     2.461    15430.0     4978.7   -16578.3 132262.2 244969.1 137888.0 2021  1  2  5 52  5.290  1.64   1
     3700  55.218404 -161.783887     9.311     -367.2    13038.6    -9727.9 484096.8 401865.1 629447.6 2021  5 30  5 38 43.780  1.56   1
     3701  54.575049 -161.276709    24.535    32215.9   -58582.7     5495.8 149296.5 105611.8 117841.0 2021  5 30  7 40 42.830  2.37   1
     3702  55.216248 -161.793945    17.888    -1008.4    12798.5    -1150.5 ******** 939439.9 ******** 2021  5 30  8 27 17.670  0.93   1
     3705  54.601355 -161.170199    12.142    39046.5   -55654.2    -6897.2 125011.6 264652.6 160247.8 2021  5 30 14 25 32.580  1.76   1
     3706  55.408211 -161.726270    24.187     3297.4    34168.8     5148.5 ******** 692168.5 486002.1 2021  5 30 14 36 51.050  1.79   1
     3711  55.089132 -161.689372    21.730     5666.2    -1352.6     2691.2 249382.6 129062.5 260200.5 2021  5 30 18 22 20.960  1.02   1
     3713  54.284257 -162.414193    10.270   -41013.7   -90955.0    -8768.7 ******** 431930.4 373103.9 2021  5 30 19 21 58.960  2.52   1
     3715  55.163806 -162.023942    23.509   -15678.8     6960.5     4469.8 ******** ******** ******** 2021  5 31  6  6 47.190  0.88   1
     3716  55.436023 -161.784359     9.529     -396.3    37265.0    -9509.8 ******** ******** ******** 2021  5 31  7  2 12.850  2.46   1
     3719  55.198564 -161.689941     3.605     5622.1    10829.9   -15433.6 309790.8 257893.8 259027.1 2021  5 31 10 33 20.850  1.56   1
      372  55.155221 -161.946143     6.224   -10717.7     6004.7   -12815.2 145481.2 127249.6 235501.6 2021  1 12 20 52 39.440  1.06   1
     3721  55.267362 -161.690234     5.748     5598.6    18488.9   -13291.1 128776.5 146636.1 223753.9 2021  5 31 10 33 36.600  0.48   1
     3722  54.834123 -163.644727    11.555  -119545.5   -29741.4    -7483.6 452601.8 732214.9 447849.8 2021  5 31 11 46  6.760  1.57   1
     3723  55.681791 -161.233691    49.587    34500.7    64625.0    30547.6 582389.2 471723.3 604298.0 2021  5 31 12 16 55.270  1.81   1
     3726  54.530176 -161.182715     9.152    38276.2   -63578.2    -9887.1 273048.1 292255.3 322323.5 2021  5 31 14 56 35.150  1.75   1
     3727  54.586292 -161.255876    12.551    33549.8   -57331.1    -6488.2 143899.5 107966.8  56575.6 2021  5 31 18 40 55.920  2.67   1
     3729  55.273031 -161.385775     9.204    24991.0    19119.9    -9834.6 176679.6 191008.6 417767.6 2021  6  1  0 14 28.020  1.04   1
      373  54.775069 -161.742285     0.310     2297.0   -36315.5   -18728.8 293948.8 180683.2 134374.7 2021  1 12 21  2 28.880  1.49   1
     3730  54.943917 -162.085824     5.835   -19679.6   -17518.6   -13203.6 148380.7 152615.2 169656.6 2021  6  1  0 14 32.840  1.07   1
     3737  55.282658 -161.641862    39.937     8678.3    20191.6    20897.8 127637.5 312044.8 163676.2 2021  6  1 18 53 47.560  0.91   1
     3739  54.655884 -160.878060    11.718    57771.4   -49583.8    -7321.0 283336.3 279116.2 283748.7 2021  6  1 22  3 43.520  1.82   1
     3742  54.483691 -163.400798    11.278  -104374.0   -68753.1    -7760.5 363120.8 411340.1 329797.5 2021  6  2  1 31 26.530  1.42   1
     3743  54.813200 -162.191390     0.836   -26474.2   -32070.6   -18203.0  85693.2  99932.7  90116.1 2021  6  2  7 15 37.580  1.76   1
     3744  54.920313 -162.182633     1.483   -25878.8   -20146.3   -17555.5 120989.6 109829.5 143520.3 2021  6  2  7 15 55.180  2.07   1
     3747  54.876318 -161.709066    75.440     4420.5   -25044.0    56401.6 129637.4 174347.1  95315.0 2021  6  2 16  7 25.570  1.54   1
      375  54.922815 -162.193685     1.230   -26585.0   -19867.8   -17808.9  99788.9  76080.9  85434.2 2021  1 12 21 24  9.860  1.74   1
     3752  55.019055 -162.152165    17.030   -23900.2    -9153.8    -2009.0 376573.4 385970.1 386830.9 2021  6  3  2 17 36.170  1.35   1
     3756  55.448934 -161.876872    26.426    -6275.9    38702.3     7386.8 528661.6 787122.8 445410.2 2021  6  3  6 33 28.600  0.73   1
     3757  55.473739 -161.869694    28.753    -5817.9    41463.6     9714.6 347661.3 ******** 721439.9 2021  6  3  9 54 50.620  0.60   1
     3758  55.252157 -162.295133    53.325   -32939.8    16796.1    34286.1 371355.3 512379.9 232199.8 2021  6  3 10 21 53.200  2.15   1
     3762  55.233252 -162.102653    18.329   -20681.3    14691.5     -709.5 525579.8 281075.2 558709.9 2021  6  3 14 31 59.230  0.34   1
     3765  54.887854 -161.197396    27.884    37167.7   -23759.8     8845.2 284515.5 154725.0 611309.4 2021  6  3 16 32 56.870  1.75   1
     3769  55.330489 -162.287402    30.885   -32415.4    25516.4    11846.0 ******** ******** ******** 2021  6  3 18  8 46.200  0.91   1
     3770  55.268054 -161.994141     3.947   -13760.1    18565.9   -15091.9 ******** ******** ******** 2021  6  3 18 13 35.580  0.31   1
     3772  54.677775 -162.423714     8.307   -41426.5   -47146.8   -10731.7 250274.5 127644.8 333962.7 2021  6  3 20 34 55.120  1.13   1
     3779  55.311845 -161.681055    51.759     6180.0    23440.9    32719.7 284283.6 194828.8 187475.4 2021  6  4  3 40 23.080  1.27   1
     3780  55.754264 -161.513411     1.000    16759.6    72693.1   -18039.0 ******** ******** 953905.4 2021  6  4  3 54 33.790  1.36   1
     3788  55.341882 -161.786279    11.046     -518.9    26784.8    -7992.7 747651.2 975512.6 703240.6 2021  6  4 10 13 50.120 -0.46   1
     3789  54.862683 -162.675977    31.820   -57482.1   -26561.9    12781.0 301606.1 133012.6 394652.3 2021  6  4 11 45 44.710  1.50   1
     3796  55.131889 -161.683301     4.870     6050.5     3407.3   -14169.1 234846.4 129692.8 148680.2 2021  6  4 14 45 10.050  0.01   1
     3797  55.316085 -161.787467     3.518     -594.8    23912.9   -15520.7 166650.6 192157.7 457549.4 2021  6  4 14 45 27.990 -0.20   1
      380  55.248083 -161.673307    15.605     6678.5    16342.7    -3434.3 241957.1 180295.8 193664.4 2021  1 12 21 37 47.960  0.56   1
     3800  55.205314 -161.657487    13.523     7690.6    11581.4    -5515.5 152671.9 174602.8 240664.3 2021  6  4 15 40 30.890  1.37   1
     3804  55.067061 -161.036279    33.020    47373.9    -3809.6    13981.2 146862.1 394077.2 302373.9 2021  6  4 16 35 14.680  2.70   1
     3808  54.894877 -162.355111    34.790   -36924.9   -22977.9    15750.8 202974.9 138611.1 287116.2 2021  6  4 17 48 51.680  1.93   1
     3809  54.961218 -162.223112    13.400   -28454.0   -15592.5    -5638.9 253195.9 174304.9  92200.7 2021  6  4 17 49  3.920  2.25   1
      381  54.622017 -161.595036    34.543    11756.6   -53354.0    15503.6 363673.6 272405.7 702732.7 2021  1 13  0  1 46.290  2.89   1
     3811  54.757869 -162.606722     4.383   -53117.2   -38230.3   -14655.6 138484.9  87255.4 141599.1 2021  6  4 19  7 57.560  0.92   1
     3816  54.693835 -162.876367    32.639   -70458.5   -45358.8    13600.5 361932.9 336724.3 443988.7 2021  6  4 23  5  7.040  1.86   1
     3823  55.194531 -160.905111    13.188    55661.7    10381.0    -5851.2 145211.0 236824.6 175193.2 2021  6  5 12 43 55.500  2.47   1
     3824  55.539339 -160.478548    10.056    82501.7    48766.6    -8982.5 617475.4 ******** 721118.3 2021  6  5 13 58  4.980  1.99   1
      383  55.328003 -161.748047     3.500     1914.5    25239.7   -15539.3  56199.2  89475.1 164693.3 2021  1 13  8  0 58.440 -0.30   1
     3833  55.346297 -161.694938     5.521     5293.8    27276.3   -13518.3  95017.8 237098.5 222147.1 2021  6  5 21 42 39.120  1.33   1
     3844  54.552226 -162.455387    11.227   -43526.3   -61123.5    -7812.0 199849.2 149245.8 256018.8 2021  6  6  2 33 30.020  1.91   1
     3848  55.189412 -162.020719    29.297   -15468.3     9811.1    10258.1 255764.5 219010.7 175620.1 2021  6  6  6 20 13.790  0.62   1
     3850  55.378357 -161.779687     4.597      -99.4    30845.3   -14441.5 557400.6 179235.3 672491.3 2021  6  6  7 58 52.960 -0.29   1
     3851  55.276681 -161.452458    28.840    20742.6    19526.2     9800.8 108184.9 361276.8 153437.8 2021  6  6  8  4 21.630  1.12   1
     3855  54.484920 -163.118099     2.421   -86188.9   -68616.3   -16618.0 111552.6 117079.7 113903.0 2021  6  6 13 56  5.790  2.77   1
     3858  54.805493 -161.923307    16.563    -9301.4   -32928.6    -2475.9 123919.7  57667.7  96621.8 2021  6  6 14 12 15.840  1.47   1
     3860  55.046798 -161.796191    16.736    -1154.0    -6065.4    -2303.3 271554.2 192545.8 318861.0 2021  6  6 17  1 17.940  1.12   1
     3863  55.437162 -162.476009    18.444   -44360.9    37391.8     -595.3 397127.1 170445.2 453163.3 2021  6  6 17 17 35.300  2.01   1
     3864  55.692497 -161.694743    16.978     5283.2    65816.8    -2060.6 ******** ******** ******** 2021  6  6 18  1 35.440  0.79   1
     3866  55.462622 -161.397965    12.960    24157.1    40226.1    -6079.0 163511.6 196289.5 195478.8 2021  6  6 18 21 47.580  1.93   1
     3867  55.125610 -161.351953    14.630    27195.3     2708.4    -4409.2 147157.3 189441.2 585185.9 2021  6  6 18 21 53.480  1.87   1
     3871  54.414636 -161.736702    12.833     2666.7   -76440.6    -6205.5 267011.7 191636.4 212987.8 2021  6  6 20 41  7.240  2.00   1
     3873  54.687748 -160.981738    59.379    51096.6   -46036.5    40340.5 828171.3 829060.9 993910.6 2021  6  6 21 34 41.680  2.69   1
     3880  55.253247 -161.504801    18.330    17413.8    16917.5     -708.5 159013.3 122031.0 139464.5 2021  6  7  2 16 53.850  1.03   1
     3884  55.233162 -161.844043    21.448    -4200.8    14681.6     2408.9 990205.7 ******** ******** 2021  6  7  6 10 53.040  0.99   1
      389  54.957015 -161.527865    20.568    16003.4   -16060.5     1529.3  92219.0 190298.8 161630.7 2021  1 13 12 35 40.560  1.47   1
     3898  54.463118 -162.157031    62.790   -24378.3   -71043.3    43750.7 469718.8 220558.8 290063.0 2021  6  8  0 35  9.080  2.85   1
     3902  55.274190 -161.756185    14.806     1397.5    19249.0    -4232.5 221614.1 251345.9 233551.2 2021  6  8 11 10 50.780  0.24   1
     3903  54.963981 -162.698324     4.208   -58838.7   -15285.0   -14830.5  79292.4 243587.9 210770.5 2021  6  8 16 16 36.830  1.40   1
     3906  55.054651 -163.375684    10.761  -102035.0    -5191.2    -8278.0 113948.1 207696.5 304270.7 2021  6  8 18 49 25.700  1.83   1
     3911  55.435352 -161.497477    13.679    17839.8    37190.2    -5360.3 166593.0 364016.6 324169.4 2021  6  8 21 16  0.160  0.93   1
     3913  55.398551 -161.697738    20.890     5112.3    33093.5     1851.3 395700.2 132107.7 211678.0 2021  6  8 23 27 54.760  0.35   1
     3917  55.315104 -161.727018    27.787     3253.6    23803.7     8748.3 344462.9 257021.3 237645.2 2021  6  9  4 36 38.220  1.29   1
     3919  55.331295 -161.704329    37.083     4697.0    25606.1    18044.1 337656.3 406638.1 232308.0 2021  6  9  7 41 34.480  1.47   1
     3922  55.274528 -161.581315    23.939    12535.7    19286.6     4900.3 102829.4 302197.2 193438.6 2021  6  9 11 46 41.310  1.08   1
     3923  55.490613 -161.356673    63.694    26771.6    43342.2    44655.1 301485.0 369193.4 247667.3 2021  6  9 12 40 29.520  1.36   1
     3926  55.198128 -161.600505    17.583    11324.2    10781.4    -1456.1 224328.9 122877.1 277980.4 2021  6  9 14 33 56.860  1.57   1
     3928  55.256502 -161.707699    41.640     4486.8    17279.9    22601.5 482212.7 110783.7 319764.0 2021  6  9 20 22 41.520  1.18   1
     3934  55.469165 -161.829818    28.315    -3284.5    40954.5     9275.8 125426.8 477480.6 157638.3 2021  6 10 10 19 53.060  1.00   1
     3936  54.494523 -162.352035    56.962   -36910.2   -67547.2    37922.9 143711.1 100584.6 174424.7 2021  6 10 17 27 56.300  2.34   1
     3942  55.371517 -161.650358    31.375     8128.2    30083.9    12336.2 268260.4 269252.9 146591.4 2021  6 10 22 23 22.200  1.26   1
     3951  54.358777 -161.722559    12.617     3579.7   -82659.1    -6421.7 452901.8 199537.5 343029.9 2021  6 11 14 44 30.210  1.39   1
     3958  55.061292 -161.779460    18.501      -85.2    -4451.9     -538.4 249125.4 170292.7 185216.1 2021  6 11 19 41 33.920  0.55   1
     3960  54.786161 -161.402962    59.230    24041.4   -35080.7    40191.4  72077.8 102887.9  68005.5 2021  6 11 21 52 49.580  1.48   1
     3961  55.457121 -161.858480    26.372    -5106.5    39613.7     7332.9 305010.4 924724.2 753028.6 2021  6 11 22 53  2.420  0.34   1
     3964  55.299809 -161.774854    12.832      208.3    22101.0    -6206.8 672821.4 601568.2 571051.1 2021  6 12  3 58 33.030  1.00   1
     3971  55.233183 -161.738118    15.311     2549.5    14683.8    -3727.8 140634.0 324119.0 355940.8 2021  6 12 10  6 13.170  0.56   1
     3975  54.442395 -161.586003    12.266    12364.0   -73350.4    -6773.0 377677.6 148970.6 154091.4 2021  6 12 11 46 24.620  3.60   1
     3976  55.305892 -161.743359     2.913     2213.5    22778.2   -16125.9 129066.8 106456.9 101715.0 2021  6 12 11 46 52.350  3.58   1
     3978  54.402458 -161.557568    13.806    14200.9   -77796.4    -5232.5 211490.3 124335.3 157079.8 2021  6 12 11 57 37.100  1.49   1
      398  55.107613 -161.546354     4.003    14793.3      704.8   -15035.6 135494.4 151405.2 298603.3 2021  1 13 15 42 15.780  1.29   1
     3984  55.300248 -161.718848    15.030     3774.4    22149.9    -4009.1 274395.6 303023.9 211582.2 2021  6 12 18 33 24.320  0.39   1
     3992  55.056807 -161.655208     0.980     7850.4    -4951.1   -18058.4 183704.3  51445.7 106715.1 2021  6 12 23 54 40.160  0.53   1
     3995  55.430139 -161.763883    37.701      905.3    36610.0    18662.4 155501.5 153794.3  77527.6 2021  6 13  1 51 52.850  0.58   1
     3998  55.171053 -163.134993    10.927   -86536.7     7767.3    -8112.0 241466.4 472048.0 158814.3 2021  6 13  2 18 56.880  1.44   1
     4000  55.125387 -163.179850    11.158   -89448.4     2683.5    -7881.1 168677.3 228741.8 190910.7 2021  6 13  3  3 51.250  2.27   1
      401  54.870878 -161.554834    16.438    14294.0   -25649.6    -2601.1 240768.3 271162.4 198015.5 2021  1 13 16 14  7.200  1.81   1
     4016  54.823848 -161.901286    23.006    -7888.8   -30885.2     3966.7 164908.2 154961.1 190349.8 2021  6 13 12 12 45.330  0.65   1
     4026  54.987533 -160.806771    54.928    62091.5   -12663.1    35889.0 144137.7 282020.8 244795.7 2021  6 13 19 37 21.960  1.29   1
     4028  54.946073 -161.604329    20.287    11115.2   -17278.5     1248.6  94243.7 198583.2  77136.1 2021  6 13 19 43 50.120  1.25   1
     4032  54.919767 -162.862500     1.533   -69374.5   -20207.0   -17505.9 139781.1 167893.7 142873.4 2021  6 13 22 24 53.480  1.65   1
     4034  55.315462 -161.799463     3.291    -1358.4    23843.6   -15747.9 136205.2 309778.4 736405.2 2021  6 13 22 25 18.400  0.24   1
     4037  55.150179 -162.103532     5.224   -20758.8     5443.5   -13815.2 ******** ******** ******** 2021  6 14  0 12 27.690  0.29   1
     4038  54.830693 -161.360238    12.634    26764.5   -30123.3    -6404.8 173664.4 178224.6 181151.8 2021  6 14  0 26 10.680  1.54   1
     4042  54.546749 -160.967773    11.634    52083.2   -61733.2    -7405.1 230293.4 163464.6 136355.0 2021  6 14  1 55  4.220  1.82   1
     4048  54.681750 -161.355241    11.924    27134.5   -46704.2    -7115.2 194216.5 154410.6 246407.5 2021  6 14 10 42 18.270  3.07   1
     4059  55.000057 -161.436882    32.207    21809.8   -11268.8    13168.1 187425.7 197123.7 313266.9 2021  6 15  5  7 53.150  2.02   1
     4065  54.554826 -162.169548    31.883   -25155.1   -60834.0    12844.1 373927.4 128579.8 531828.7 2021  6 15 10 40 37.300  1.68   1
     4067  55.157515 -161.981624     8.862   -12980.7     6260.2   -10176.6 ******** ******** ******** 2021  6 15 11 58  0.550  0.44   1
     4068  55.353129 -161.871875    19.373    -5965.5    28036.8      334.2 963807.7 ******** 789677.1 2021  6 16 13 52 27.930  0.55   1
     4069  55.347994 -161.843083     1.758    -4133.6    27465.2   -17280.5 511457.0 702694.7 935895.8 2021  6 16 17  4 37.580  1.93   1
     4073  54.941996 -162.249984     3.631   -30179.5   -17732.4   -15408.1 114276.6  91006.6  99386.4 2021  6 16 18 14 33.580  1.81   1
     4075  54.977751 -162.275358     2.946   -31788.3   -13752.1   -16092.2  69436.5  86850.9 120513.3 2021  6 16 18 34 58.240  0.39   1
     4079  55.064233 -161.140804    23.269    40700.4    -4124.4     4230.2 136797.0 286249.8 120658.6 2021  6 16 19  1 43.900  2.47   1
     4081  54.557690 -161.415186    13.904    23323.8   -60515.1    -5134.7 234672.6 177251.0 123339.7 2021  6 17  4 22 37.900  1.46   1
     4082  55.084823 -161.992041     8.030   -13657.5    -1832.3   -11008.7 213616.5 155020.1 641713.1 2021  6 17  4 23 14.920  1.08   1
     4086  54.653011 -163.032552    80.846   -80519.3   -49903.6    61806.7 537453.6 604698.1 502771.5 2021  6 17  9 28 19.570  1.84   1
     4087  54.596440 -161.290104    42.024    31347.0   -56201.4    22985.2 245685.7 165572.9 238864.8 2021  6 17  9 32 46.880  1.58   1
     4088  55.493095 -161.791748    24.946     -865.3    43618.5     5906.9 182828.0 173891.1 171085.5 2021  6 17 10  9 15.390  0.81   1
      409  55.029574 -162.034603     7.860   -16386.2    -7982.9   -11179.4 142722.0 146787.9 267332.6 2021  1 13 20 56 29.260  0.53   1
     4090  55.484863 -161.894010    28.745    -7361.8    42702.1     9706.0 951842.9 984393.8 509008.2 2021  6 17 10 12 23.360  0.83   1
     4093  54.497567 -161.669238    10.957     7002.6   -67208.4    -8082.2 230862.5  92155.7 193498.4 2021  6 17 14 24 36.740  1.80   1
     4094  55.372363 -161.012077    32.725    48733.3    30178.1    13685.9 109470.6 314012.3 323931.6 2021  6 17 14 41  3.250  1.05   1
     4100  54.862435 -162.348519    37.338   -36517.7   -26589.6    18298.9 194343.7 126083.4 283723.5 2021  6 17 18 42 30.320  1.99   1
     4101  54.940035 -162.247526    21.912   -30023.1   -17950.7     2873.1 235002.8 147601.2 112697.0 2021  6 17 18 42 41.240  2.01   1
     4106  55.176803 -163.289242    11.538   -96367.2     8407.3    -7501.0 139808.1 390803.2 261220.9 2021  6 18  3 52 19.460  1.66   1
     4107  54.939921 -162.247819     4.322   -30041.8   -17963.4   -14717.3  68940.0  89175.9 103988.4 2021  6 18  4  8 59.880  1.04   1
     4108  54.956173 -162.255615     2.208   -30534.3   -16154.2   -16830.7 125922.1 113232.6 141847.8 2021  6 18  4  9 19.810  1.37   1
     4109  54.968038 -162.219255     6.137   -28205.0   -14833.3   -12902.2  82203.4 147844.8 198922.5 2021  6 18  4 33 59.580  1.85   1
     4110  54.960063 -162.231396     6.799   -28984.2   -15721.2   -12239.9 159950.7 158931.2 151320.0 2021  6 18  4 34 11.000  2.00   1
     4114  54.833341 -161.864111     2.555    -5507.0   -29828.4   -16483.9 245956.6 134834.5 172144.9 2021  6 18 11 11 42.410  1.15   1
     4116  54.581075 -161.643392    32.482     8655.9   -57911.9    13443.5 292805.2 184644.4 419625.7 2021  6 18 11 40 51.220  1.29   1
     4119  55.153780 -161.483398    22.249    18800.8     5844.4     3210.2 138026.9 103757.4 215550.8 2021  6 18 12 26  6.630  0.69   1
     4122  54.778707 -161.700423    31.141     4979.8   -35910.6    12101.8 585051.0 420465.9 910394.7 2021  6 18 13 18 34.300  0.94   1
     4124  54.538005 -160.953125     7.357    53030.4   -62706.7   -11682.3 125876.8 235375.9 276284.6 2021  6 18 19 14 49.840  1.70   1
     4125  55.218551 -162.151318     9.212   -23787.0    13054.9    -9826.4 ******** ******** ******** 2021  6 18 19 15 14.660  0.51   1
     4132  54.494279 -163.202246    13.879   -91590.8   -67574.4    -5159.9 271459.3 262748.4 263827.3 2021  6 18 20 51 32.360  1.60   1
     4142  54.821769 -160.432861    50.034    86169.9   -31116.6    30995.1 724735.1 841821.5 ******** 2021  6 18 23 55  4.320  1.45   1
     4144  55.352079 -161.862728    20.755    -5383.5    27920.0     1716.0 306585.3 583734.4 549873.8 2021  6 19  1 25  8.930  0.36   1
     4145  55.006820 -162.355550    14.936   -36901.7   -10516.0    -4102.8 152513.6 140705.0 246700.0 2021  6 19  2 53 26.610  1.66   1
     4146  54.998161 -162.361930     8.260   -37313.4   -11479.9   -10778.7 176998.1 158814.1 174552.8 2021  6 19  2 53 53.080  0.64   1
     4149  54.405794 -163.248828     7.199   -94689.7   -77424.9   -11840.4 363652.5 264107.6 216880.2 2021  6 19  7 50 29.840  3.06   1
     4153  54.794645 -161.091667    31.505    43985.4   -34136.2    12465.8 124169.3 249205.0 387909.1 2021  6 19 10 14 15.130  0.90   1
     4154  54.958496 -160.741748    10.152    66271.9   -15895.6    -8886.6 303188.9 348597.8 208907.1 2021  6 19 10 16 26.140  1.41   1
      416  55.162598 -161.473340    29.414    19440.3     6826.0    10375.2 258436.8 321002.7 184358.5 2021  1 13 21 42 18.680  2.63   1
     4161  55.398018 -162.337923    48.009   -35601.0    33034.1    28969.9 879620.2 226826.6 753540.2 2021  6 19 15 59 51.280  0.84   1
     4164  54.950024 -162.069580     5.341   -18639.3   -16838.7   -13697.6 113489.8  96905.1 209370.3 2021  6 19 16 32 56.240  0.12   1
     4165  55.378288 -161.855485    31.634    -4921.0    30837.6    12595.5 497973.8 573648.6 509114.9 2021  6 19 21 40 49.040  0.98   1
     4170  54.930990 -162.290316     5.917   -32763.6   -18957.7   -13121.8 154510.9 122297.9 208297.5 2021  6 20  0 20 56.300  1.11   1
     4172  54.854728 -162.559489    32.126   -50029.2   -27447.5    13087.5 527043.6 310024.3 887997.8 2021  6 20  0 45 25.130  1.10   1
     4176  55.036690 -161.637630     0.504     8975.3    -7190.6   -18535.3 129730.7 118014.0 121218.1 2021  6 20  2 39 25.990  2.46   1
     4177  54.462781 -161.255892    11.653    33599.9   -71080.9    -7385.8 394746.2 180826.6 194291.0 2021  6 20  2 41 24.880  1.15   1
     4180  54.934627 -162.873633     1.774   -70073.8   -18552.8   -17265.1 138186.3 349411.1 151057.3 2021  6 20  3 23 46.280  1.29   1
     4183  54.929712 -163.475960    33.244  -108608.1   -19100.0    14205.2 309336.3 905491.6 807546.7 2021  6 20  6 25 36.390  1.81   1
     4185  54.567135 -161.343604     9.024    27920.7   -59463.8   -10014.7 171449.6 121949.1 219408.1 2021  6 20  7 47 25.200  1.27   1
     4191  55.390637 -162.090381    13.929   -19860.1    32212.4    -5109.8 ******** ******** ******** 2021  6 20 12  2 47.720  0.73   1
     4196  55.135815 -161.714616    18.075     4052.2     3844.5     -964.1 206472.2 137585.3 246847.3 2021  6 20 15  1  2.300  0.99   1
     4197  54.455025 -161.816276    18.392    -2454.8   -71944.3     -647.2 334142.9 161508.7 165879.3 2021  6 20 15  5 19.400  1.61   1
     4203  55.068172 -162.228271    53.113   -28745.7    -3685.9    34074.4 196055.1 368403.9 210191.3 2021  6 20 17 37  7.560  1.64   1
     4206  54.745650 -162.582910     4.382   -51598.5   -39590.6   -14656.4 120924.7  93796.9 135075.0 2021  6 20 21 38  4.240  2.22   1
     4208  54.916732 -161.801839    32.334    -1517.2   -20545.0    13295.0 239959.5 282130.7 325637.5 2021  6 20 23 53 58.480  1.19   1
     4212  55.249784 -161.868083    30.251    -5731.6    16532.0    11211.8 282982.6 177158.2  65247.4 2021  6 21  1 44 22.090  0.60   1
     4213  55.116085 -162.424414    42.158   -41246.5     1647.9    23119.2 359464.4 273795.2 118115.3 2021  6 21  1 53  1.600  1.69   1
     4215  54.891341 -162.163900     0.795   -24689.2   -23371.6   -18244.2  77224.8 101723.6  98335.1 2021  6 21  2 33 11.480  0.33   1
     4218  55.101326 -162.224984     5.883   -28524.0        5.0   -13155.6 267234.6 358927.4 251379.8 2021  6 21  2 35 11.390  0.15   1
      422  55.076180 -162.041895     3.691   -16842.3    -2794.4   -15347.6  73033.0 114286.1  90674.9 2021  1 13 22 45 41.860  0.91   1
     4220  55.413192 -161.927930    27.762    -9525.2    34723.3     8723.4 339213.8 231750.0 311216.7 2021  6 21  7 59 55.150  0.09   1
     4221  55.291634 -161.586816    47.554    12182.7    21190.9    28515.3 223619.0 427765.3 243477.3 2021  6 21  8  2  0.740  0.77   1
     4222  54.811523 -161.246484    31.012    34058.2   -32257.3    11973.4 154739.2 202821.2 292225.8 2021  6 21  9 56 53.630  2.15   1
     4223  55.127523 -161.511442     1.502    17017.4     2921.3   -17537.0 188653.2 148775.5 199728.6 2021  6 21  9 57 16.050  2.02   1
     4224  55.106559 -162.213949     4.923   -27817.8      587.5   -14116.0 437931.6 156605.0 439923.0 2021  6 21 10  4 51.070  0.34   1
     4226  55.306274 -161.585791     9.061    12245.7    22820.7    -9978.0 189243.3 261283.6 459224.0 2021  6 21 11 55 41.980  0.98   1
     4229  55.394267 -161.726465    27.538     3285.5    32616.5     8499.6 778888.3 763317.7 652807.8 2021  6 21 13  4 47.480  0.55   1
      423  55.054700 -162.048161     2.009   -17247.0    -5185.7   -17030.2 114844.1 163967.9 599836.1 2021  1 13 22 46 11.400  0.56   1
     4232  55.109269 -161.926481    25.811    -9469.0      889.2     6771.9 319433.6 359953.0 360206.7 2021  6 21 13 58 15.120  0.43   1
     4238  54.417432 -161.629541     8.270     9565.1   -76129.4   -10768.4 391364.5 156774.6 245891.7 2021  6 21 14 53 44.070  2.03   1
     4240  54.598145 -161.248877    27.320    33994.4   -56011.6     8280.8 135911.5 151890.8 679618.4 2021  6 21 17 21  4.620  2.88   1
     4243  55.139392 -161.861849     0.686    -5341.8     4242.6   -18352.5 151188.0 197074.5 140115.0 2021  6 22  4  4 44.280  0.42   1
     4247  54.568424 -161.321419    11.793    29345.7   -59320.2    -7245.8 161474.5 267510.3 292080.8 2021  6 22  7  4 16.310  1.82   1
      425  55.096057 -162.049349     3.484   -17314.0     -581.6   -15555.2 240131.8 256369.6 371261.1 2021  1 13 23 19 54.520  0.69   1
     4250  55.224443 -161.688314    22.211     5724.1    13710.8     3172.5 245530.6 117250.9 242583.5 2021  6 22  8  2 11.240  0.95   1
     4251  54.791886 -161.343945    17.630    27821.4   -34443.3    -1409.2 362625.4 523895.8 253632.0 2021  6 22  9 14 18.760  1.42   1
     4252  55.098185 -162.960840     1.583   -75498.2     -344.7   -17455.8 114304.6 172547.1 132493.2 2021  6 22  9 54  5.540  1.36   1
     4253  55.306299 -161.608024    28.667    10830.2    22823.5     9628.2 243655.9 102766.7 243767.8 2021  6 22  9 59 29.680  1.23   1
     4256  55.056230 -162.026139     2.895   -15840.2    -5015.4   -16143.4 216443.5 179430.8 219167.4 2021  6 22 13 54 16.860  0.66   1
     4259  54.750020 -163.656950     9.615  -120453.7   -39104.1    -9423.8 238628.4 360370.6 233034.4 2021  6 22 17 35 47.140  1.64   1
      426  55.097636 -162.046729     3.165   -17146.3     -405.9   -15874.2 292397.1 338818.7 426136.1 2021  1 13 23 37 36.140  0.72   1
     4261  54.731795 -160.811882    33.422    61961.0   -41133.0    14383.3 309282.5 395838.7 879452.2 2021  6 22 18 38 50.000  2.26   1
     4262  54.651982 -161.194255    12.416    37478.0   -50018.2    -6623.3 244140.7 186059.1 127856.9 2021  6 22 19  3 26.840  1.51   1
     4263  54.505579 -162.205192    57.489   -27462.5   -66316.5    38450.5 295425.9 131724.1 152151.3 2021  6 22 19 40 20.340  1.80   1
     4265  55.373743 -161.766211    20.694      757.9    30331.6     1655.0 342066.9 333696.7  74221.4 2021  6 22 20  2  9.700  0.68   1
     4268  54.986019 -161.895605     3.190    -7509.8   -12831.6   -15849.0 176056.1 123463.6 232039.0 2021  6 22 23 12 45.300  0.94   1
     4270  55.131816 -161.768327     6.262      625.2     3399.2   -12776.7 174653.2 174473.8 363823.8 2021  6 23  1 16 53.250  0.32   1
     4271  55.347229 -161.225130    17.089    35190.7    27380.0    -1950.0 240569.7 222987.5 419250.6 2021  6 23  5  6 23.470  0.79   1
     4272  55.287785 -161.872233     6.626    -5993.2    20762.4   -12412.7 340800.2 362205.4 ******** 2021  6 23  5  6 45.290  1.49   1
     4275  55.406681 -162.707227     2.100   -59080.8    33998.5   -16938.7 194612.2 346723.7 171313.0 2021  6 23 12 36 44.650  2.11   1
     4285  55.384163 -161.917090    40.887    -8839.2    31491.7    21847.7 527233.7 459868.8 275405.8 2021  6 25  8 20 16.700  0.87   1
      429  55.102161 -162.049398     3.567   -17315.8       97.8   -15471.7 247023.4 266421.5 232109.6 2021  1 13 23 49 37.880  1.30   1
     4291  55.288078 -161.783561    21.287     -346.2    20795.0     2248.0 704012.5 506049.4 452643.8 2021  6 25 15 23  3.090  1.99   1
     4294  55.014054 -161.602588    19.425    11217.1    -9710.6      385.7 143751.5 142622.6 116703.7 2021  6 25 18 35  2.740  1.25   1
     4299  54.621082 -161.293490    25.752    31120.1   -53458.1     6713.2 140248.0 169888.3 ******** 2021  6 26  2 45 35.190  1.77   1
       43  54.820878 -161.808691     0.212    -1957.9   -31215.9   -18827.1 167927.7 109782.5  82405.7 2021  1  2 11 51 52.070  1.44   1
      430  55.101937 -162.049935     3.098   -17350.1       72.9   -15941.1 240503.2 256886.4 241252.8 2021  1 13 23 52  2.120  1.04   1
     4301  55.191321 -161.268962    16.131    32464.6    10023.6    -2907.9 171308.6 224377.1 489290.6 2021  6 26  3 13 42.950  1.35   1
     4302  55.356681 -161.836263    10.235    -3699.3    28432.3    -8803.8 428731.3 374210.9 441212.8 2021  6 26  3 14 15.740  0.73   1
     4306  54.529846 -161.773258    13.097      312.8   -63614.9    -5942.1  63547.3 141144.4 202503.9 2021  6 26 15 14  9.370  1.38   1
     4308  55.077738 -161.888053    44.699    -7019.0    -2621.0    25660.6 698694.7 234482.6 223738.1 2021  6 26 16  3 36.550  1.01   1
     4309  55.349471 -160.960758    46.492    52012.9    27629.6    27452.8 105565.6 362479.3 169895.0 2021  6 26 16 31 50.790  1.48   1
     4313  55.434802 -161.415609    23.657    23044.0    37129.1     4618.5 140213.0 376082.4 170036.5 2021  6 26 18 50 27.000  2.18   1
     4315  54.645858 -161.559342    12.946    14044.5   -50699.9    -6092.9 154110.0 157817.6 218165.9 2021  6 26 20  4 10.440  2.60   1
     4316  54.787109 -161.841520    24.913    -4062.5   -34975.1     5874.4 164088.0 126391.5 137400.1 2021  6 26 20  4 18.300  2.96   1
     4317  54.697689 -162.892822     0.530   -71510.8   -44929.9   -18509.2 106394.2  88495.0  69737.8 2021  6 27  0 18 59.030  1.46   1
     4322  54.608773 -161.266585    30.590    32852.7   -54828.4    11551.3  90410.7  94111.4 245248.3 2021  6 27  1 59 57.060  1.65   1
     4323  55.104761 -162.212174     4.762   -27705.1      387.3   -14277.1 526495.4 179718.2 523366.8 2021  6 27  3 10 27.460  0.38   1
     4331  55.221537 -162.357275    12.592   -36913.1    13387.4    -6446.9 ******** ******** ******** 2021  6 27  7 25 25.280  1.71   1
     4332  55.084403 -161.693473    26.092     5404.6    -1879.0     7053.4 230900.9 263976.9 381665.1 2021  6 27  8 17 30.870  0.61   1
     4335  55.213171 -161.651139    35.129     8094.5    12456.1    16089.6 198099.8 220144.9 149986.3 2021  6 27  9 40 12.910  0.24   1
     4336  55.374662 -161.543783     8.925    14907.6    30434.0   -10113.7  82824.8 158858.3 175412.1 2021  6 27 10 16 59.090  0.24   1
     4339  55.279301 -161.657161    14.209     7704.2    19817.9    -4829.6 124677.9  67265.5 140170.3 2021  6 27 14 31 30.200  0.23   1
     4342  55.475179 -162.119824    27.902   -21709.7    41624.0     8863.5 ******** ******** ******** 2021  6 27 16 34 13.480  1.32   1
     4345  55.396025 -161.651221     8.605     8070.8    32812.2   -10434.0 261686.6 462362.8 224510.1 2021  6 27 17 15 50.320  0.64   1
     4348  54.963314 -161.588737    20.976    12109.8   -15359.2     1937.2 130489.7 144011.0 148459.2 2021  6 27 23 55 56.660  0.83   1
     4349  54.826933 -161.373958    29.482    25886.9   -30541.8    10443.2 155095.5 223670.2 321334.0 2021  6 27 23 56  6.060  1.35   1
     4353  55.249707 -161.631136    49.152     9365.3    16523.4    30113.2 570170.3 481140.8 201955.0 2021  6 28  8  6 19.230  0.90   1
     4357  54.479256 -162.976400    14.425   -77080.0   -69246.8    -4614.3 295473.5 231630.3 188064.3 2021  6 28  9 19 33.570  1.33   1
     4358  54.401908 -161.652881     9.305     8064.1   -77857.5    -9733.8 206774.0 176544.2 276920.4 2021  6 28 10 15 43.900  1.48   1
     4361  55.271130 -161.843994    52.190    -4195.7    18908.3    33151.0 310972.2 190071.8 141507.1 2021  6 28 12  0 14.640  1.11   1
     4365  55.417639 -161.455924     7.949    20485.7    35218.4   -11089.9 113551.0 236655.2 562887.4 2021  6 28 13 22 43.780  0.55   1
     4368  54.617822 -161.518962    45.178    16642.4   -53821.0    26138.8 161894.9 158119.5 182887.1 2021  6 28 16  4 46.700  1.23   1
     4370  55.186963 -161.777653    20.642       30.1     9538.4     1602.6 318012.0 155130.0 241182.8 2021  6 28 17  9  2.320  0.58   1
     4373  54.488985 -161.710238    15.449     4366.4   -68163.7    -3590.3 143820.8 201960.2 132757.2 2021  6 28 18 39 41.400  1.00   1
     4376  54.991581 -161.876400    10.141    -6281.7   -12212.4    -8897.7 132983.7 136183.7 209044.5 2021  6 28 20 21 15.940  0.82   1
     4378  55.001762 -162.297168     9.724   -33172.7   -11079.0    -9315.1 101393.6 138419.7 181782.5 2021  6 28 21  9 23.720  1.11   1
      438  54.428341 -161.335303     8.067    28502.7   -74915.0   -10972.1 169774.0 160118.0 182881.9 2021  1 14  2  7 56.070  1.53   1
     4383  55.163574 -162.175863     2.091   -25368.8     6934.7   -16948.2 335048.1 353812.6 184258.5 2021  6 29  0 17 22.290  0.37   1
     4386  55.335177 -161.726318     6.337     3297.3    26038.3   -12702.2 186188.9 187490.6 287556.0 2021  6 29  0 57 57.850  1.85   1
     4393  54.897050 -161.568604    18.968    13408.2   -22736.0      -71.3 211135.2 114283.5 190746.7 2021  6 29  8 12 43.520  1.05   1
     4395  55.572331 -161.286426    62.069    31201.8    52439.4    43030.1 426752.8 318619.2 346685.3 2021  6 29  8 46 29.590  1.89   1
     4400  55.160380 -161.845117     7.509    -4273.1     6579.1   -11529.4 166051.6 156650.0 144763.9 2021  6 29 12 38 19.600  0.43   1
     4402  54.784615 -161.936165     1.944   -10127.8   -35252.8   -17094.6 152508.5 108507.5 110285.9 2021  6 29 17 54 52.480  1.33   1
     4409  54.982117 -161.890967     4.048    -7213.6   -13266.0   -14991.2 179122.0 110397.9  99306.9 2021  6 30  1 46 12.980  1.38   1
     4410  54.606714 -161.280322    11.646    31971.3   -55057.6    -7392.5  65791.2  99926.5  65806.4 2021  6 30  1 48 22.170  1.73   1
     4411  55.014616 -162.262402     2.971   -30945.9    -9648.1   -16068.0 162500.7 136802.8 102683.9 2021  6 30  2 59 12.060  1.17   1
     4413  55.021932 -161.502767    32.862    17594.1    -8833.6    13823.4 221935.2 204476.4 214223.7 2021  6 30 10 40  7.880  1.94   1
     4419  55.147156 -160.951090    71.518    52761.3     5106.9    52478.8 113294.6 271441.2 163379.8 2021  7  1  0 35 51.240  2.53   1
     4422  54.736060 -163.510221    12.937  -111065.9   -40658.2    -6101.4 431539.8 633423.5 466353.3 2021  7  1 10 29 36.020  2.03   1
     4423  54.875920 -163.149495    16.252   -87783.2   -25088.4    -2786.7 130972.1 388985.2 355476.6 2021  7  1 17 26 23.240  2.29   1
     4432  54.952881 -162.068962     5.450   -18599.0   -16520.7   -13589.1 122450.6 118359.9 203662.3 2021  7  2 20 25 30.240  1.67   1
     4437  54.498828 -161.722770    11.137     3559.9   -67068.0    -7902.3 122657.7 108981.5 122014.1 2021  7  3 12 15 37.400  1.94   1
     4444  55.034501 -161.789404    16.747     -720.6    -7434.3    -2291.5 302319.2 195551.4 231079.4 2021  7  4  2 21  5.830  1.33   1
     4448  55.240417 -161.400618    40.257    24055.3    15489.2    21218.0 282611.4 261474.5 192458.5 2021  7  4  7  6 29.930  0.82   1
      445  54.544967 -161.203971     9.675    36903.0   -61931.6    -9363.9 142724.2 171463.8 312914.3 2021  1 14  3 41 35.420  2.25   1
     4450  54.552743 -162.103581    21.932   -20916.3   -61066.0     2893.4 320933.7 207634.5 183627.4 2021  7  4 14 27 16.240  1.15   1
     4452  55.481930 -161.774886     1.267      205.8    42375.5   -17772.2 ******** ******** ******** 2021  7  4 15  1 17.480  0.82   1
     4454  55.212789 -161.932633     4.494    -9848.9    12413.5   -14545.0 243322.6 196561.3 254618.0 2021  7  4 18 15 21.120  0.26   1
     4459  55.052340 -161.660791    23.131     7494.3    -5448.5     4092.2 153292.0 116377.9 177864.4 2021  7  4 20 39  1.200  1.23   1
     4460  55.107292 -161.961637    53.372   -11713.1      669.1    34333.1 397715.5 407371.1 260370.6 2021  7  4 20 39 10.800  1.44   1
     4465  55.394861 -162.094466    22.296   -20118.9    32682.6     3256.7 ******** ******** ******** 2021  7  5  2 20 34.560  0.02   1
     4468  54.976876 -160.820573    58.056    61217.4   -13849.5    39017.6 209132.6 224171.8 213853.7 2021  7  5  2 47 31.390  1.37   1
     4469  55.070369 -162.149512    24.984   -23715.6    -3441.3     5945.2 616958.6 610892.0 428300.0 2021  7  5  3 36 30.270  1.40   1
     4475  54.953935 -162.254281     2.263   -30449.8   -16403.4   -16775.8  94316.4  69957.6  83638.2 2021  7  5 18 18  8.520  1.18   1
     4476  54.937480 -162.243880     1.780   -29790.8   -18235.2   -17259.1  96159.7 119360.7 142055.6 2021  7  5 18 18 20.600  1.62   1
      448  55.059253 -162.445166     3.040   -42601.0    -4678.8   -15998.6 156618.3 192107.7 146576.2 2021  1 14  5 15 42.230  1.23   1
     4481  54.537191 -162.568083    21.440   -50778.4   -62797.3     2400.7 174084.5 207707.4 242622.5 2021  7  5 23 55 26.360  1.45   1
     4482  55.307410 -161.825732    14.921    -3031.1    22947.1    -4118.2 ******** ******** ******** 2021  7  6  0 32 48.470  0.46   1
      449  55.045447 -162.076042     9.832   -19029.9    -6215.8    -9207.2 109724.6  82829.9 276083.0 2021  1 14  5 28 25.250  0.58   1
     4494  55.264124 -161.534749     7.822    15503.7    18128.3   -11216.9 107471.1  69155.3 667123.1 2021  7  6 12 45 54.120  0.17   1
     4497  54.757145 -161.056120    30.682    46284.5   -38310.9    11643.0 206332.9 262495.0 567815.6 2021  7  6 17 56 24.900  2.19   1
     4498  55.206038 -161.612826    12.426    10537.7    11662.0    -6612.7 149249.6 337570.2 491080.1 2021  7  6 18 44 15.680  1.23   1
     4502  54.816431 -161.194466    30.331    37388.3   -31711.0    11292.1 138769.0 172382.8 411287.6 2021  7  6 21 35 16.960  2.77   1
     4503  55.203353 -162.751025    42.057   -62023.4    11363.0    23018.5 ******** ******** ******** 2021  7  6 22 19  1.240  0.67   1
     4511  55.101770 -162.366813     7.922   -37577.1       54.4   -11117.3 280725.7 183770.6 221669.1 2021  7  7  9 44 11.680  0.66   1
     4513  55.071635 -162.160612     4.952   -24424.0    -3300.4   -14086.7 179225.5 157055.9 338566.6 2021  7  7 11 42 57.200  0.53   1
     4518  55.102812 -162.384473     6.892   -38703.8      170.3   -12147.2 310525.0 221137.4 355684.5 2021  7  7 14 16 21.290  0.34   1
     4520  55.286780 -162.097591    24.711   -20345.1    20650.5     5671.7 ******** ******** ******** 2021  7  7 15 59 53.770  1.23   1
     4522  54.780949 -161.230778    33.245    35077.6   -35661.0    14206.1 178075.2 322165.6 263756.4 2021  7  7 19 52 52.340  2.06   1
     4524  55.263737 -161.892806     8.110    -7305.5    18085.3   -10928.9 859247.8 ******** ******** 2021  7  7 20 45 36.740  0.90   1
     4525  55.333114 -161.600358     8.698    11314.5    25808.6   -10340.9 129089.0 438273.1 798606.4 2021  7  7 22 34 11.960  0.65   1
     4531  55.082442 -161.433138     1.806    22026.5    -2097.3   -17233.4 163319.0 125024.4 112101.7 2021  7  8  4  1 53.270  1.57   1
     4535  55.751591 -161.189990    64.091    37237.3    72395.5    45052.0 705719.0 688049.8 706062.8 2021  7  8  5 21 56.310  1.68   1
     4537  55.301811 -161.909326    25.795    -8353.9    22323.8     6756.4 ******** 865130.5 910340.9 2021  7  8  7 45 43.930  0.98   1
      454  55.308138 -161.650651    29.068     8116.0    23028.2    10029.6 305449.3 330114.0 238751.6 2021  1 14  6 11 28.110  0.59   1
     4540  54.459737 -163.131494     7.551   -87077.4   -71419.8   -11487.8  95355.9 110439.5 208781.7 2021  7  8 12 11 31.290  1.60   1
     4543  54.364022 -161.656185    13.052     7855.0   -82075.2    -5987.4 539694.1 215366.6 360974.9 2021  7  8 15 10 15.810  1.26   1
     4545  54.602551 -161.400553    47.094    24250.7   -55521.0    28055.1 243739.7 237992.8 317190.4 2021  7  8 16  9 52.700  1.43   1
     4549  55.300952 -162.045931    19.690   -17052.1    22228.2      651.0 ******** ******** ******** 2021  7  8 21 55  7.980  0.76   1
     4550  54.767887 -163.008447    11.545   -78860.0   -37115.0    -7493.6 183856.5 290698.5 280810.7 2021  7  8 22 29 34.120  1.26   1
     4551  54.629712 -161.318555    30.705    29507.4   -52497.4    11666.5 157411.0 119598.5 223630.4 2021  7  8 22 50  7.200  1.39   1
      456  54.595703 -161.294840    12.327    31043.1   -56283.4    -6711.7 111384.5  84438.1  93847.5 2021  1 14  6 30 46.600  2.02   1
      457  54.563456 -161.220003    13.725    35864.4   -59873.3    -5314.3 255123.6 132275.5 178532.8 2021  1 14  6 32 54.860  3.58   1
     4572  55.203878 -162.219531    16.157   -28139.9    11421.5    -2881.8 ******** ******** 723957.6 2021  7  9 13 43  5.320  2.19   1
     4575  54.958183 -161.555550    19.205    14232.8   -15930.4      166.1 144939.0 182208.3 245617.9 2021  7  9 15  3 55.090  1.22   1
     4579  54.556022 -163.344189    13.132  -100643.1   -60700.9    -5906.6 210947.4 255743.6 281645.0 2021  7  9 19 13 56.000  1.44   1
      458  54.576152 -161.285531    28.990    31648.7   -58460.0     9951.4 157881.9 195390.8 620832.1 2021  1 14  6 33 52.080  2.82   1
     4583  55.204956 -161.934180    10.157    -9948.5    11541.5    -8881.5 268106.7 327864.0 491536.0 2021  7 10  0  5 57.390  0.53   1
     4588  55.407186 -161.858675     7.716    -5122.1    34054.7   -11323.1 ******** ******** ******** 2021  7 10  7  5 59.730  0.52   1
      459  54.581608 -161.325212    11.896    29097.3   -57852.5    -7143.3 184421.2  97993.9 131419.5 2021  1 14  6 38 26.640  1.53   1
     4591  55.449727 -161.883594    29.398    -6703.1    38790.6    10358.8 ******** ******** 356108.1 2021  7 10 11  3 19.860  1.09   1
     4593  55.652295 -161.502246    10.359    17488.9    61341.4    -8680.2 527943.3 537998.8 435314.1 2021  7 10 13 23 45.840  1.07   1
     4596  55.282764 -161.724951    17.411     3386.5    20203.4    -1627.9 168019.3 136898.0 109276.0 2021  7 10 14 34 15.640  0.83   1
      460  54.570199 -161.280241    24.911    31990.9   -59122.7     5872.5 151995.5 128516.0 130646.6 2021  1 14  6 43 26.000  1.84   1
     4600  55.251009 -161.876546    31.333    -6270.7    16668.4    12293.7 757618.0 898240.4 480742.0 2021  7 10 22 58 25.720  1.64   1
     4605  55.486410 -161.582096    29.247    12452.9    42874.2    10207.8 235422.5 249570.4 259671.6 2021  7 11  1 25 40.410  1.47   1
     4606  55.395162 -161.903516    16.066    -7974.6    32716.1    -2973.3 ******** ******** ******** 2021  7 11  1 59  7.380  0.56   1
     4611  55.559688 -161.102197    63.366    42899.3    51032.0    44326.7 355259.3 523844.4 325645.5 2021  7 11 10 56 20.030  1.77   1
     4612  55.337410 -161.541992    16.479    15028.5    26287.0    -2560.1 117282.9 284577.8 465164.2 2021  7 11 10 56 26.820  0.83   1
     4613  55.200883 -161.549740    38.396    14560.3    11088.1    19357.3 187061.2 550376.7 351783.9 2021  7 11 10 57 42.430  1.07   1
     4614  55.215694 -161.707943     3.982     4473.5    12736.9   -15057.2 134559.3 117425.8 270568.1 2021  7 11 11 28 36.000  0.23   1
     4615  54.882727 -162.989990    13.635   -77566.5   -24330.5    -5402.5 214084.0 412311.9 359355.2 2021  7 11 17  6 33.980  1.60   1
     4616  54.996684 -162.603483     1.704   -52753.1   -11644.3   -17335.3 253042.0 733452.1 342374.5 2021  7 11 17 33  9.740  0.64   1
     4627  54.674174 -162.253532    34.795   -30507.5   -47547.6    15756.1 176721.9 164690.5 258782.3 2021  7 11 23  3 12.840  1.59   1
     4637  55.348730 -161.751579    17.777     1689.3    27547.2    -1261.4 234434.2 472200.5 324649.6 2021  7 12  5  1 56.300  0.89   1
     4641  54.640002 -161.898014    34.764    -7696.7   -51351.8    15725.0 237064.6 214194.9 234023.5 2021  7 12  8 31  3.070  1.13   1
     4645  55.137016 -161.257194    13.709    33237.4     3978.1    -5329.4 116486.5 139075.8 149715.4 2021  7 12 10 41 33.710  1.60   1
     4652  54.939868 -161.420638    92.024    22865.0   -17969.3    72985.4 146701.2 231339.3 196076.0 2021  7 12 14 53 22.980  1.07   1
     4653  55.351286 -161.733626    37.761     2831.6    27831.6    18721.8 182730.6 488846.6 277793.0 2021  7 12 14 54 30.030  1.42   1
     4656  54.914551 -162.752458     1.578   -62338.4   -20787.8   -17460.8 230852.6 358359.1  88013.2 2021  7 12 16  6 56.230  0.87   1
     4661  54.649268 -162.470313    68.352   -44432.3   -50320.3    49313.3 179888.5 118738.9 155745.3 2021  7 12 21 46 18.640  1.28   1
     4663  55.028743 -162.296305    11.484   -33106.5    -8075.3    -7554.8 149476.4 201360.1 211209.6 2021  7 12 21 47  0.100  1.43   1
     4669  54.803308 -162.001953     1.587   -14340.4   -33171.8   -17452.1 116919.3 128455.5 138769.2 2021  7 13  1 13 57.760  0.62   1
     4671  54.923926 -162.638525    33.660   -55042.5   -19744.1    14621.5 274412.1 249091.5 253214.4 2021  7 13  2 12 40.900  1.48   1
     4673  55.361621 -161.824040    14.942    -2921.3    28982.2    -4097.2 468748.2 647945.8 588099.6 2021  7 13  4  9 14.290  0.10   1
     4674  55.670805 -161.479785     2.502    18908.4    63402.0   -16536.8 ******** ******** ******** 2021  7 13  4 23 53.660  1.13   1
     4675  55.392310 -161.867676    11.886    -5695.5    32398.6    -7152.6 ******** ******** ******** 2021  7 13  4 30  9.930  0.19   1
     4680  54.370732 -161.400553    16.845    24320.0   -81328.3    -2194.3 251060.5 210185.7 213877.6 2021  7 13  6  3 25.690  1.36   1
     4681  55.248226 -161.982373     5.496   -13013.7    16358.5   -13543.3 ******** ******** ******** 2021  7 13  6  3 54.010  0.36   1
     4682  54.681022 -163.461410    12.073  -108009.5   -46785.3    -6965.8 249741.8 279745.0 158442.3 2021  7 13  6 47 56.560  1.46   1
     4684  55.384989 -161.905306    15.663    -8089.5    31583.7    -3376.4 ******** ******** ******** 2021  7 13  7 20 54.030  0.65   1
     4686  55.003320 -162.254395     5.005   -30438.4   -10905.5   -14034.1 287831.7 103900.0 350267.4 2021  7 13  7 49  4.670  2.77   1
      469  54.567761 -161.261377    24.247    33204.0   -59394.0     5208.1 152537.7 125191.4 119955.3 2021  1 14 11  1 27.670  2.23   1
     4693  55.605025 -162.117106    31.157   -21501.9    56079.1    12118.1 ******** ******** ******** 2021  7 13 10 50  3.920  0.62   1
     4698  55.095732 -161.560254    32.978    13908.2     -617.9    13939.4 177447.0 263224.1 197373.0 2021  7 13 12  9 19.200  0.78   1
     4699  55.412406 -161.382438    22.549    25159.6    34635.9     3509.7 151384.1 486095.4 191229.2 2021  7 13 12 18 58.060  1.16   1
     4703  55.245951 -161.514567     9.114    16793.2    16105.3    -9924.7 159188.7 219862.1 261956.4 2021  7 13 13  5 16.280  1.03   1
     4706  54.709989 -161.479476    49.552    19156.2   -43560.5    30512.8 209821.8 179618.8 229630.4 2021  7 13 14 46 34.100  1.28   1
     4707  55.262467 -161.999723    17.427   -14116.7    17944.0    -1611.5 ******** ******** ******** 2021  7 13 15 25 34.290  0.41   1
     4708  54.494560 -162.170443    69.680   -25231.4   -67543.1    50640.9 475460.0 182182.1 209476.3 2021  7 13 16  5 14.050  1.79   1
     4712  55.415218 -161.897803    14.031    -7609.4    34948.9    -5007.7 ******** ******** ******** 2021  7 13 18 27 25.340  0.49   1
     4714  55.067403 -161.628092     3.790     9581.0    -3771.5   -15249.3 272440.9 127773.0 260934.9 2021  7 13 18 33 12.400  0.64   1
     4716  55.326892 -161.834229    16.971    -3571.1    25116.0    -2067.7 285271.2 ******** 988897.9 2021  7 13 18 35 57.780  0.55   1
     4719  54.750484 -162.496908    14.657   -46081.7   -39052.4    -4381.8 131966.5  76747.9 632006.3 2021  7 13 20 31 13.000  0.75   1
     4720  54.629537 -162.944987    61.213   -74920.4   -52516.8    42173.6 377750.1 329320.4 297034.6 2021  7 13 21 36  6.880  1.67   1
     4733  55.200155 -161.415739    35.123    23103.4    11007.0    16083.9 135490.4 230495.9 175458.3 2021  7 14  5  5 18.740  1.13   1
     4739  54.958761 -161.393506    35.616    24594.7   -15866.1    16577.2 300378.0 373305.3 222562.1 2021  7 14 10 44 55.050  1.15   1
     4740  54.968937 -163.116374    13.501   -85564.2   -14733.2    -5537.9 236696.7 245888.8 272446.9 2021  7 14 12 30 40.540  1.22   1
     4743  55.361633 -162.275911    22.294   -31671.7    28983.6     3254.7 ******** ******** ******** 2021  7 14 15 59 54.440  0.65   1
     4745  54.948271 -163.038542     0.359   -80608.5   -17033.9   -18680.0 164564.9 280589.5 146653.2 2021  7 14 16 18 52.940  1.98   1
     4747  54.980469 -163.107829    13.389   -85005.6   -13449.5    -5649.4 206246.3 202519.5 314814.7 2021  7 14 16 26  6.050  0.93   1
     4748  54.933280 -161.547428    29.456    14756.7   -18702.7    10416.7 248340.5 356822.9 554815.0 2021  7 14 16 36 55.550  0.74   1
     4749  55.178792 -161.909619    12.114    -8385.5     8628.8    -6924.9 279524.2 362620.4 224173.3 2021  7 14 16 37 18.660  0.77   1
      475  55.161837 -161.885742    20.589    -6864.3     6741.3     1550.2 332438.6 171136.2 270357.1 2021  1 14 15 59 37.150  0.43   1
     4751  54.510343 -161.106689    12.813    43174.1   -65786.0    -6225.4 238862.8 153018.6 152136.8 2021  7 14 17  7 51.240  1.39   1
     4752  54.985706 -163.121533    12.929   -85876.1   -12866.5    -6110.3 261730.7 309683.7 232240.9 2021  7 14 17 26 13.840  0.80   1
     4757  55.297062 -160.637435    52.952    72635.1    21795.2    33913.4  74513.3 243657.6  85928.0 2021  7 14 18 16  1.720  1.42   1
     4758  55.269157 -161.466781    22.964    19832.2    18688.7     3924.6 224695.0 670049.5 307358.2 2021  7 14 18 16 44.240  1.38   1
     4759  55.345178 -162.016423    14.045   -15164.8    27151.7    -4994.1 ******** ******** ******** 2021  7 14 18 41  0.480  0.08   1
      476  55.014091 -162.090007    33.670   -19929.7    -9706.5    14631.3 429150.1 232929.5 516315.0 2021  1 14 15 59 52.470  1.17   1
     4760  54.716178 -162.461507    10.941   -43830.8   -42871.5    -8098.1 275732.7 117048.7 251719.6 2021  7 14 18 44 43.160  0.70   1
     4763  55.005412 -161.533903    30.789    15607.8   -10672.7    11750.3 107125.5 285165.9 232875.3 2021  7 15  0 53 45.770  1.21   1
     4767  55.761507 -161.986393    17.204   -13184.7    73499.4    -1834.4 ******** ******** ******** 2021  7 15  1 33 32.500  1.03   1
     4777  54.965153 -162.260075     2.163   -30816.1   -15154.5   -16875.9  58060.1  63430.2  75795.0 2021  7 15 11  1 54.060  1.20   1
     4778  55.159526 -161.940641     2.959   -10366.2     6484.0   -16079.4 192040.7 115751.6 191842.5 2021  7 15 11 12  0.550  0.69   1
     4783  54.987960 -162.272933     0.402   -31629.3   -12615.5   -18636.5 132638.8  67515.8  82314.6 2021  7 15 13 38  1.880  3.07   1
     4786  54.864872 -161.149202    26.839    40263.6   -26318.2     7799.9 226489.0 160219.7 492084.0 2021  7 15 17 35 26.800  2.56   1
     4795  54.598230 -163.362354    12.874  -101757.4   -56002.1    -6164.4 203372.5 224382.4 230178.8 2021  7 15 23 15 37.720  1.07   1
     4796  55.307426 -162.189795    17.206   -26210.3    22948.9    -1832.4 ******** ******** ******** 2021  7 15 23 59 55.540  0.87   1
     4798  55.935982 -162.456022    13.746   -42820.6    92922.8    -5293.3 980572.5 772495.9 896979.8 2021  7 16  0 42 45.590  2.38   1
     4806  55.176819 -162.527214    11.975   -47771.0     8409.1    -7063.8 430810.4 651831.5 347560.0 2021  7 16  5  0 22.420  0.72   1
     4810  55.282918 -161.601676    19.567    11237.6    20220.6      528.1 157468.4 125672.6 330047.7 2021  7 16  5 49 28.290  2.96   1
     4812  54.854716 -161.048796    13.671    46697.6   -27448.9    -5368.2 289306.9 404837.2 228678.9 2021  7 16  7 28 56.660  1.64   1
     4815  54.774373 -161.113997    30.785    42565.2   -36393.0    11746.2 277172.4 206864.5 525351.2 2021  7 16  9 46 59.940  2.35   1
     4818  54.808984 -160.699495    12.411    69101.8   -32539.9    -6628.2 201706.5 277532.2 200478.1 2021  7 16 14 27 49.820  1.93   1
     4825  55.099719 -161.060824    14.403    45787.8     -173.9    -4636.0  96850.7 428487.8 203250.8 2021  7 16 19 12 22.420  1.30   1
     4826  55.032414 -161.566406    16.880    13526.1    -7666.7    -2159.0  97138.0 207454.3 193003.2 2021  7 16 19 14  5.040  1.12   1
     4829  55.336149 -161.550488    22.429    14488.0    26146.5     3389.8 322496.2 360138.5 336937.8 2021  7 16 20  4 38.880  0.74   1
      483  54.550602 -162.492448    58.457   -45909.0   -61304.2    39417.8  83296.8  75480.3 201517.6 2021  1 14 19 23 40.880  1.84   1
     4833  55.476953 -161.157243     2.505    39446.6    41821.5   -16533.4 479429.9 846693.0 554870.9 2021  7 17  1  1 43.160  1.21   1
     4840  55.054549 -161.152393    39.172    39965.1    -5202.5    20133.0 185304.8 225096.6 179716.5 2021  7 17  1 58 19.480  1.61   1
     4843  55.198311 -162.183610    15.954   -25851.7    10801.8    -3085.1 ******** ******** ******** 2021  7 17  3 34 35.640  1.96   1
     4850  55.529757 -161.839941     8.862    -3924.8    47699.8   -10177.1 ******** ******** ******** 2021  7 17  6 51  4.340  0.22   1
     4851  54.921061 -162.169401     1.229   -25032.1   -20063.0   -17809.9  29313.8  75168.1  76535.3 2021  7 17  7 17  6.110  1.02   1
     4860  54.271517 -162.082178    51.301   -19608.4   -92373.3    32262.2 699313.5 149161.8 274555.4 2021  7 17 15 42 22.500  2.08   1
     4863  55.192228 -162.302962     6.498   -33463.6    10124.6   -12540.5 505038.4 190902.6 353620.1 2021  7 17 20 27 25.800  0.18   1
     4872  54.838888 -161.781999    36.284     -248.1   -29211.0    17244.9 491183.0 251264.6 392049.8 2021  7 18  0 47 40.400  1.63   1
     4874  54.447957 -161.590479     8.638    12075.2   -72731.1   -10401.0 130226.3 111304.2 153503.4 2021  7 18  1  1 52.230  2.14   1
     4878  55.056396 -162.832845     4.406   -67362.8    -4996.8   -14632.9  93132.2 188289.4 135364.0 2021  7 18  5 26 36.120  0.65   1
     4880  55.297522 -162.188151    32.184   -26108.9    21846.4    13145.6 ******** ******** ******** 2021  7 18  7 59 53.010  1.00   1
     4882  54.659652 -161.900472     2.644    -7852.6   -49164.3   -16395.3 203647.5 120884.1 123779.8 2021  7 18 11 27 20.990  1.78   1
     4884  55.163196 -161.720378    17.328     3683.3     6892.6    -1710.6 228801.3 290078.0 102593.4 2021  7 18 12 55 42.130  0.33   1
     4885  55.474333 -161.533089     5.259    15568.4    41529.8   -13780.2 382013.5 539323.2 567086.1 2021  7 18 13  1  4.330  0.84   1
     4886  55.362903 -162.309701     0.139   -33821.0    29124.9   -18900.1 ******** ******** ******** 2021  7 18 14 33 37.780  0.69   1
     4893  55.328825 -161.666878     5.082     7081.0    25331.2   -13956.9 764483.9 415109.9 779700.9 2021  7 18 16 10 50.680  0.95   1
     4898  55.109355 -161.657796    22.625     7680.1      898.7     3585.8 120698.7 180061.9 108025.4 2021  7 18 17 55 44.500  1.15   1
     4899  55.909521 -162.423258    13.394   -40764.7    89977.0    -5644.5 975497.6 772344.5 896979.8 2021  7 18 17 55 47.360  1.53   1
      490  54.527104 -162.045296    53.079   -17175.9   -63920.2    34040.0 261162.2 114377.9 202440.3 2021  1 14 21 44  4.920  1.57   1
     4900  54.953190 -160.924854    12.802    54566.6   -16486.3    -6237.3 179637.2 301313.2 216301.7 2021  7 18 20 41 55.000  1.17   1
     4902  55.015487 -162.299967    12.084   -33346.0    -9551.1    -6954.7 248878.0 128881.3 227321.0 2021  7 18 22 16 44.080  1.42   1
     4903  55.002974 -162.435563    20.526   -42017.1   -10944.0     1487.0 128290.9 118882.4  94643.5 2021  7 18 22 16 54.660  1.21   1
     4915  54.683516 -162.243734    72.594   -29875.3   -46507.6    53555.2 234939.7  79735.0 123542.5 2021  7 19  2 49 27.590  1.74   1
     4919  54.479956 -162.945459    12.665   -75089.0   -69168.9    -6373.4 307770.6 231749.7 154632.8 2021  7 19  5 28 39.740  1.55   1
      492  55.307532 -162.024935    12.299   -15713.9    22960.7    -6739.8 ******** ******** ******** 2021  1 14 22 51 22.560  0.29   1
     4922  55.139368 -161.884749    11.066    -6802.8     4239.9    -7972.5  95007.1 219890.6 246400.6 2021  7 19  6 49 48.660  1.23   1
     4924  55.052226 -162.050049    37.893   -17368.1    -5461.1    18854.5 326151.8 576400.1 260706.3 2021  7 19  6 50 39.570  0.78   1
     4928  55.374984 -161.775212     7.156      185.3    30469.8   -11883.4 ******** ******** ******** 2021  7 19 10 54  2.080  0.80   1
     4930  55.193530 -162.080241    18.487   -19262.6    10269.5     -551.6 ******** ******** ******** 2021  7 19 11  1 36.140  1.05   1
     4935  55.267952 -161.958854    11.080   -11512.4    18554.6    -7959.3 676429.1 847592.2 ******** 2021  7 19 13 46 34.510  1.00   1
     4938  55.289990 -161.697445    18.477     5137.9    21007.9     -562.0 145133.1  60795.7  75377.5 2021  7 19 13 53 47.990  0.42   1
     4948  54.876501 -161.465413    37.079    20016.9   -25023.6    18040.0 140527.4 224855.1 450688.7 2021  7 19 20 12 17.800  1.43   1
      495  54.636686 -161.324512     9.862    29122.5   -51721.0    -9177.1 193901.2 147613.0 171082.4 2021  1 14 23 56  1.640  1.51   1
     4952  55.399500 -162.419303    22.639   -40775.7    33199.0     3600.5 ******** ******** ******** 2021  7 19 23 59 53.100  1.16   1
      496  55.145243 -162.007747    27.484   -14649.3     4894.0     8445.6 733631.9 759606.6 594448.2 2021  1 15  1  1 21.850  2.06   1
     4965  55.036849 -161.772965     9.888      329.6    -7173.0    -9150.9 209464.4 334401.2 545561.2 2021  7 21  6 39 15.070  1.98   1
     4966  55.164632 -161.568099    34.231    13395.9     7052.5    15192.2 441165.5 246556.3 325492.8 2021  7 21  6 50 46.680  1.33   1
     4968  54.660677 -162.557259    95.558   -50006.4   -49050.2    76519.4 263214.6 209359.0 110083.0 2021  7 21  9 29 25.950  1.64   1
     4969  54.561507 -163.311051    10.639   -98506.8   -60090.2    -8399.4 185192.9 201317.0 178264.1 2021  7 21 12 41 42.380  1.84   1
     4970  55.284867 -162.201546    31.208   -26966.1    20437.6    12168.9 ******** ******** ******** 2021  7 21 15 59 52.910  1.30   1
     4971  54.482662 -161.754655    10.280     1509.7   -68867.7    -8758.6 115245.8  58582.3 149657.1 2021  7 21 20 31 47.920  2.22   1
     4975  54.615613 -161.189681    29.570    37788.6   -54066.9    10531.5 363518.4 354563.8 ******** 2021  7 22  1 40 11.400  3.64   1
     4977  54.370154 -162.085205    11.046   -19779.7   -81392.6    -7992.8 503145.7  94366.7 184310.4 2021  7 22  7 22 36.130  1.97   1
     4980  55.327104 -161.925732     4.611    -9395.6    25139.6   -14427.7 ******** ******** ******** 2021  7 22  9  4 45.420  0.13   1
     4988  55.159412 -162.319840     5.077   -34553.9     6471.3   -13962.4 ******** 964343.3 ******** 2021  7 22 22  2 49.720  1.46   1
     4991  55.353849 -162.129492    20.490   -22357.9    28117.0     1450.9 ******** ******** ******** 2021  7 22 23 59 55.060  1.51   1
     4992  54.544336 -163.313867    13.160   -98708.7   -62001.8    -5879.3 143769.3 152192.8 139510.6 2021  7 23  9 54 20.990  1.39   1
     4994  55.232060 -161.657878    33.583     7663.2    14558.8    14543.7 187290.6  96936.0 182910.1 2021  7 23 12  9 54.420  1.21   1
     4999  55.737000 -162.023617    10.100   -15545.9    70771.1    -8938.9 ******** ******** ******** 2021  7 23 17  5 47.360  1.44   1
      501  54.770976 -160.578109    10.513    76914.5   -36771.2    -8526.3 403585.5 447580.9 364722.8 2021  1 15  3 54 42.200  2.08   1
     5016  55.226888 -161.704329    49.769     4703.2    13983.1    30730.4 189631.9 120090.6 108896.3 2021  7 24 13 15 17.290  1.58   1
     5017  55.275488 -161.751595    39.487     1689.8    19393.5    20447.7 244769.6 141186.9 172258.7 2021  7 24 13 22 53.650  1.33   1
     5020  55.125126 -161.939860     4.986   -10320.8     2654.5   -14052.8 328828.3 138477.2 312941.3 2021  7 24 14 49  8.780  1.64   1
     5022  55.346965 -161.892969     1.650    -7308.3    27350.6   -17388.9 935275.2 879387.4 931779.3 2021  7 24 14 49 33.800  1.21   1
     5024  55.336430 -161.911833    33.943    -8509.8    26177.8    14903.6 ******** ******** ******** 2021  7 24 17 27 45.020  0.77   1
     5027  55.132019 -161.972380     8.703   -12395.0     3421.8   -10335.8 196354.8 269999.2 228565.8 2021  7 24 18 53 48.920  0.80   1
     5033  54.585266 -161.158236    31.584    39822.8   -57445.3    12544.6 159228.2 208708.2 403239.9 2021  7 24 23 34 53.640  1.52   1
     5037  54.696635 -160.896338    24.341    56569.8   -45047.2     5301.9 283126.4 315061.5 285025.2 2021  7 25  3  5 58.420  1.56   1
     5038  54.957548 -163.629997    38.646  -118420.6   -16001.1    19606.9 195426.9 572346.2 432620.0 2021  7 25  3 23  6.400  1.69   1
     5039  54.987195 -162.393245     6.192   -39320.3   -12700.7   -12847.2  77195.1 209197.4 224206.9 2021  7 25  3 45 12.690 -0.25   1
     5052  55.252478 -162.086068    12.930   -19619.6    16831.9    -6108.8 ******** ******** ******** 2021  7 25  9 49 47.520  0.46   1
     5054  54.935421 -161.113574    31.897    42507.3   -18464.4    12857.9 185831.1 167168.2 237461.4 2021  7 25 10 21 50.290  1.29   1
     5058  55.301615 -161.797917    22.684    -1260.2    22302.1     3645.5 360501.4 436621.0 362747.8 2021  7 25 12  8 56.600  0.97   1
     5060  55.308813 -161.852637    17.173    -4743.9    23103.4    -1865.6 ******** ******** ******** 2021  7 25 12 23 17.770  0.79   1
     5061  55.372603 -161.727474     7.144     3222.2    30204.8   -11895.0 770512.9 804661.2 600735.8 2021  7 25 12 27 56.580  0.68   1
     5065  54.796940 -160.987126    32.417    50682.5   -33880.7    13378.4 236892.6 248579.7 624804.2 2021  7 25 12 47 46.620  1.86   1
     5067  54.545093 -162.103109    30.421   -20887.9   -61917.6    11382.5 713269.9 240198.5 ******** 2021  7 25 14 39 59.930  1.39   1
     5070  54.948905 -162.204020     4.239   -27237.4   -16963.2   -14800.2 194286.6  72783.4 213263.0 2021  7 25 16 25  3.000  1.64   1
     5072  55.372017 -161.855062     1.866    -4894.5    30139.6   -17173.2 453084.0 560623.9 897119.2 2021  7 25 16 25 28.660  0.47   1
     5077  55.202828 -161.864714     8.150    -5520.1    11304.6   -10889.3 152725.7  80095.4 230337.0 2021  7 25 19 36  7.300  0.33   1
     5079  55.409627 -161.893962     9.604    -7365.7    34326.5    -9435.3 ******** ******** ******** 2021  7 25 20 36 32.600  1.04   1
     5080  55.047188 -161.707487    16.854     4512.0    -6021.9    -2184.4 126430.9 205580.0 308179.7 2021  7 25 22 15 17.640  1.08   1
     5087  55.170850 -162.056413    29.669   -17748.3     7744.6    10630.4 702872.9 979500.7 670171.6 2021  7 26  3 55 17.930  1.16   1
     5092  55.242350 -161.922640    41.002    -9208.5    15704.4    21963.5 402122.9 488783.5 384428.4 2021  7 26  7 39 30.430  0.82   1
     5094  55.152917 -161.944580     6.310   -10618.4     5748.3   -12728.5 218888.6 174021.7 143242.8 2021  7 26  8 11 19.980  0.33   1
     5097  55.505591 -161.769515    28.311      546.8    45009.6     9271.9 486289.8 593954.2 459993.5 2021  7 26 11 28 48.480  0.23   1
       51  54.977824 -162.893750     1.591   -71322.3   -13743.9   -17447.8 152943.1 264513.1 180357.9 2021  1  2 14 13 33.960  1.91   1
      510  55.013729 -161.340299    33.140    27977.8    -9746.8    14100.7 181904.6 196298.2 231893.5 2021  1 15 18 22 22.660  1.88   1
     5101  54.457926 -161.820931    63.260    -2754.3   -71621.3    44221.0 352848.8 280253.8 262681.8 2021  7 26 16 27 49.760  1.58   1
     5107  54.445121 -162.024398    62.964   -15848.3   -73046.9    43925.0 348997.6  66640.5 120602.7 2021  7 27  0 58 57.370  1.47   1
      511  55.061283 -161.416211    33.073    23113.3    -4452.8    14034.5 161346.8 144583.6 286909.5 2021  1 15 18 22 35.920  2.02   1
     5115  55.299390 -162.249170    11.400   -29993.6    22054.3    -7639.4 ******** ******** ******** 2021  7 27  7 59 55.370  1.15   1
      512  55.550720 -161.792464    10.215     -910.2    50033.6    -8824.3 ******** ******** ******** 2021  1 15 21 12 37.760  0.89   1
     5120  54.608468 -161.286637    12.710    31565.0   -54862.4    -6329.2 158427.0  75745.0  70695.5 2021  7 27 12 12 34.910  2.82   1
     5121  54.571004 -161.341113    13.591    28079.4   -59033.0    -5447.8 132628.6 101483.0 102832.8 2021  7 27 12 17 41.790  1.43   1
     5122  55.262028 -162.050212    13.790   -17333.1    17895.0    -5248.7 ******** ******** ******** 2021  7 27 12 28 41.640  0.22   1
     5130  55.275216 -161.754346    17.924     1514.6    19363.1    -1115.1 409597.1 477370.2 333335.9 2021  7 27 20  4 43.080  0.60   1
     5131  54.929077 -162.248844     3.832   -30111.5   -19170.6   -15207.0 145858.1  87993.2  98780.5 2021  7 27 20 20 50.280  1.56   1
     5133  55.029317 -163.148405    12.091   -87546.4    -8011.4    -6947.8 177201.8 253822.3 277737.3 2021  7 27 23 12 28.800  1.32   1
     5135  54.845292 -161.210758    57.608    36331.6   -28498.0    38569.3 108554.5 223604.6 111701.1 2021  7 28  1 31 19.340  1.39   1
     5139  54.615629 -162.640658     8.174   -55389.9   -54065.1   -10864.7 157979.5 108589.5 212441.0 2021  7 28 11 54 45.260  1.86   1
     5143  54.989604 -162.348779     9.441   -36476.8   -12432.5    -9598.0 138498.7 207783.6 189698.2 2021  7 28 15 34 17.450  1.46   1
     5147  55.006750 -161.535596    79.955    15499.4   -10523.7    60916.1 127883.9 205711.1 127033.6 2021  7 28 21 12 14.340  1.93   1
     5150  54.486519 -162.131104    13.949   -22703.6   -68438.2    -5090.3 454336.6 124873.1 278676.7 2021  7 29  5 47 12.170  1.84   1
     5151  55.266724 -160.794775    11.215    62640.0    18417.8    -7823.7 209362.4 428834.9 140730.8 2021  7 29  5 49 50.580  2.03   1
     5152  55.744267 -161.248535    16.113    33533.6    71580.1    -2925.6 276076.8 342277.1 331761.3 2021  7 29  5 49 52.440  1.81   1
     5154  55.385461 -161.484570    13.675    18671.9    31636.2    -5363.8 133160.8 208737.3 233624.4 2021  7 29  6 16 19.630  4.95   1
     5160  55.322009 -160.728857    30.549    66792.8    24572.4    11510.2 126142.5 352599.3 351913.3 2021  7 29  6 33  6.800  3.99   1
     5163  55.053597 -161.691732     3.149     5517.9    -5308.5   -15889.8 486748.4 252849.5 542481.9 2021  7 29  6 37 17.390  2.92   1
     5166  55.277185 -161.727393    28.550     3231.3    19582.4     9511.2 566204.6 371402.8 421276.8 2021  7 29  6 47 57.360  2.94   1
     5167  55.511369 -160.408040    10.884    87008.3    45652.8    -8154.4 259235.7 683182.7 265030.5 2021  7 29  6 53 55.630  3.33   1
     5169  55.428300 -160.656250    13.805    71319.8    36405.2    -5234.1 186476.3 421199.8 309391.5 2021  7 29  6 57 33.840  2.72   1
      517  55.360901 -161.858789     6.850    -5132.3    28902.0   -12189.2 355289.6 474192.5 475841.1 2021  1 16  4 15 37.410  0.57   1
     5177  55.389164 -161.393311    28.009    24475.4    32048.4     8970.2 139888.9 324917.4 371915.1 2021  7 29  7 21 49.290  1.53   1
     5178  55.299801 -161.254102    28.363    33366.8    22100.1     9324.6 179320.4 533933.1 445841.1 2021  7 29  7 22 46.910  2.50   1
     5182  55.441980 -161.574528     5.909    12940.8    37928.1   -13130.1 427731.9 327934.8 327817.6 2021  7 29  7 30 24.080  1.51   1
     5184  55.342167 -161.035319    47.783    47272.6    26816.5    28743.8  82312.2 423817.4 102683.1 2021  7 29  7 33  3.480  3.18   1
     5185  55.256018 -161.588851     7.515    12058.5    17226.0   -11524.1 124695.6 197409.3 292034.6 2021  7 29  7 33 44.320  2.69   1
     5186  55.186222 -161.915967    14.958    -8789.4     9456.0    -4080.4 913470.4 943743.3 ******** 2021  7 29  7 35 18.750  2.18   1
      519  54.870622 -161.403288    27.615    23995.4   -25678.2     8576.3 182697.3  61542.9 283471.1 2021  1 16  6 42  0.470  1.66   1
     5190  55.240983 -161.462126    17.089    20135.8    15552.2    -1949.7  86634.4 125060.5 171245.6 2021  7 29  7 47 26.120  2.92   1
     5193  55.387297 -162.152767    43.960   -23829.0    31840.5    24920.9 ******** 385891.2 ******** 2021  7 29  7 59 52.840  2.51   1
     5198  55.193184 -161.235433    46.052    34601.6    10231.0    27012.8 191498.2 579169.3 377777.0 2021  7 29  8  9 30.510  2.56   1
     5199  55.248885 -162.045752     4.630   -17051.8    16431.9   -14409.1 480564.0 602798.3 486127.0 2021  7 29  8 10 24.440  2.24   1
      520  55.213566 -161.874805    14.980    -6162.6    12500.0    -4058.5 849664.0 873141.6 958471.4 2021  1 16  6 42 26.060  0.67   1
     5200  55.250399 -161.404167    20.680    23826.2    16600.4     1641.5 206086.8 381497.7 207399.3 2021  7 29  8 10 57.020  3.06   1
     5204  55.327246 -160.939014    55.387    53411.5    25155.4    36348.4 121153.4 371547.9 139253.4 2021  7 29  8 16 19.590  2.92   1
     5209  55.435136 -161.771354     7.783      430.4    37166.2   -11256.2 788851.0 528278.4 ******** 2021  7 29  8 30 43.400  2.26   1
     5212  55.284619 -161.345426     0.310    27557.0    20410.0   -18728.5 176841.1 195900.2 191804.3 2021  7 29  8 39 55.570  2.19   1
     5213  55.270687 -160.671777    48.888    70471.6    18859.0    29848.7  68616.1 357008.4 144039.7 2021  7 29  8 40 44.620  2.73   1
     5217  55.062297 -161.798161     6.162    -1279.6    -4340.0   -12876.4 511278.6 267658.0 343342.8 2021  7 29  8 56  0.180  2.16   1
      522  54.839030 -161.960286     2.715   -11665.7   -29195.1   -16323.5 147304.2 104821.7 122079.0 2021  1 16  9  4  4.730  0.92   1
     5220  55.350232 -161.881966    41.397    -6607.8    27714.3    22358.3 949769.6 312834.7 429607.6 2021  7 29  8 58 21.580  2.29   1
     5222  55.177950 -161.209196    21.963    36281.3     8535.1     2924.3 196743.6 336550.8 184119.8 2021  7 29  9  8 22.960  1.99   1
     5224  55.268156 -161.214209    51.757    35921.2    18577.2    32718.2 108670.1 220003.8  87949.0 2021  7 29  9 17 39.300  2.11   1
      523  55.165548 -162.229053    16.307   -28760.7     7154.4    -2732.0 408129.7 434594.4 140371.5 2021  1 16 11 12 33.480  0.81   1
     5230  55.166435 -161.725472    42.568     3358.2     7253.1    23528.8 331228.1 304986.7 168956.8 2021  7 29  9 36  0.080  1.33   1
     5231  55.350521 -161.697542    20.416     5127.8    27746.5     1377.0 887703.9 565597.8 888786.0 2021  7 29  9 36 33.740  1.21   1
     5234  55.475602 -161.906608    30.876    -8163.1    41671.1    11836.9 ******** ******** ******** 2021  7 29  9 39 21.410  1.96   1
     5235  55.421493 -162.183089    23.967   -25746.6    35647.4     4928.3 ******** ******** ******** 2021  7 29  9 43 53.970  1.46   1
     5238  55.282568 -161.071110    32.393    45028.4    20181.7    13354.2 124062.3 293209.0 224161.6 2021  7 29  9 52 52.530  2.22   1
     5239  55.323995 -160.980648    46.943    50763.4    24793.5    27904.0 157953.5 293211.8  88142.6 2021  7 29  9 54 13.660  2.79   1
     5242  55.257902 -161.364421    50.099    26356.1    17435.7    31059.8 244231.4 193812.5 154170.0 2021  7 29  9 59 11.570  2.08   1
     5246  55.097302 -161.585465    38.227    12298.5     -443.0    19188.1 230350.8 337663.3 335458.7 2021  7 29 10  5 44.020  1.73   1
     5247  55.226131 -161.954427    28.933   -11236.2    13898.8     9894.5 777108.1 786398.9 735219.6 2021  7 29 10  6 27.170  1.15   1
     5248  54.890690 -160.673763    10.973    70678.7   -23444.1    -8065.9 425641.9 990266.7 373740.6 2021  7 29 10  8 23.740  2.21   1
     5254  55.133101 -161.520882    34.263    16413.9     3542.3    15224.3 319206.5 283279.1 260806.9 2021  7 29 10 18 13.710  2.44   1
     5255  55.386719 -161.905990    24.153    -8132.8    31776.2     5113.7 ******** ******** ******** 2021  7 29 10 20 42.390  1.62   1
     5257  55.423889 -161.697428    18.585     5130.3    35914.2     -453.5 896287.1 942626.8 970770.9 2021  7 29 10 22 56.750  1.25   1
     5258  55.104333 -161.270117     1.596    32426.0      339.7   -17442.6 104920.4 262777.2 121333.2 2021  7 29 10 23 28.230  1.87   1
     5259  55.225769 -160.862174    33.629    58376.5    13858.5    14590.0  65823.1 209281.1 438799.2 2021  7 29 10 24 42.520  2.05   1
      526  54.894796 -161.048454    31.709    46696.2   -22987.0    12670.3 212615.8 161838.5 347521.9 2021  1 16 11 47 21.970  2.47   1
     5260  55.249699 -160.874788    54.825    57555.4    16522.5    35785.8 108974.9 284172.9 156716.4 2021  7 29 10 27 25.890  2.07   1
     5261  55.045414 -161.774219    11.678      249.5    -6219.4    -7360.5 223673.6 121587.8 358646.8 2021  7 29 10 28  6.220  1.86   1
     5262  55.293563 -160.756087    50.205    65082.6    21405.6    31166.1  91668.1 315924.8 125572.2 2021  7 29 10 38 28.250  1.86   1
     5263  55.258525 -161.425749     4.861    22448.9    17505.0   -14177.8 237366.4 366363.6 250474.4 2021  7 29 10 42 51.470  1.08   1
     5265  55.348344 -162.931722     0.881   -73409.9    27504.1   -18158.1 393340.5 553852.8 302457.4 2021  7 29 10 50 46.240  1.91   1
     5266  55.523043 -161.160498    14.615    39217.1    46952.4    -4423.8 455132.6 518274.5 513655.0 2021  7 29 10 54 33.180  1.36   1
     5267  55.270386 -161.804248     2.945    -1664.0    18825.5   -16093.8 464700.4 346263.0 410340.6 2021  7 29 10 55 16.230  0.77   1
     5268  55.277153 -161.338737    37.493    27985.6    19578.8    18453.9 221609.8 377952.8 381813.4 2021  7 29 10 59  3.250  1.64   1
     5270  55.204887 -161.612842    19.482    10536.8    11533.8      442.9 168781.0 261743.8 218789.0 2021  7 29 11  5 32.310  2.05   1
     5271  55.244210 -161.073600    31.301    44891.3    15911.4    12262.0 113994.0 257767.9 341777.4 2021  7 29 11  9 16.950  2.69   1
      528  54.828695 -163.168717    10.792   -89065.7   -30345.7    -8247.3 133815.6 187020.4 231051.2 2021  1 16 20 41 35.700  2.91   1
     5282  55.263472 -161.566423    14.105    13486.1    18055.8    -4933.5 135874.3 188413.5 361567.9 2021  7 29 11 48 29.290  1.30   1
     5285  55.256278 -161.305615     3.597    30103.1    17255.0   -15441.6 103051.8 357227.5 147380.5 2021  7 29 12 17 22.580  1.22   1
     5286  55.141280 -161.321826    22.243    29112.1     4452.8     3204.5 320096.0 433633.1 237001.0 2021  7 29 12 18 29.800  1.93   1
     5290  55.241459 -161.290592    19.864    31065.9    15605.2      825.0 162336.5 230521.5 237530.1 2021  7 29 12 28 54.180  2.30   1
     5292  55.222310 -160.671761    15.255    70515.2    13473.5    -3783.8 191676.3 729329.1 254952.5 2021  7 29 12 32 39.070  1.91   1
     5293  55.184908 -161.284001    32.731    31508.2     9309.7    13691.9 126634.1 229152.2 204151.5 2021  7 29 16  0 22.560  1.79   1
     5297  55.239246 -160.904492    31.933    55670.1    15358.8    12893.8  94460.1 305101.6 460105.3 2021  7 29 16  9 42.880  3.21   1
      530  54.648958 -160.670443    21.414    71103.6   -50354.8     2374.8 717246.4 764402.2 695338.6 2021  1 17  8 14 31.480  2.86   1
     5300  55.236751 -160.871859    57.034    57751.4    15081.1    37994.7 121584.4 430396.6  96227.7 2021  7 29 16 38 28.030  1.75   1
     5304  55.425256 -161.647542    46.598     8301.7    36066.4    27558.7 ******** ******** 959868.6 2021  7 29 17  4 20.940  1.87   1
     5305  55.292436 -161.615511    11.273    10355.3    21280.2    -7765.4 535568.2 458160.1 693890.5 2021  7 29 17  4 30.440  1.55   1
     5308  55.281738 -162.044629    36.869   -16973.3    20089.3    17830.5 ******** ******** ******** 2021  7 29 17 23 19.880  2.03   1
     5311  55.135465 -161.299642    25.014    30529.6     3805.5     5974.6 141590.6 233000.7 489053.9 2021  7 29 17 33  9.360  1.35   1
     5315  55.262537 -160.775944    50.186    63842.9    17951.7    31146.7 104421.9 294790.1 203515.2 2021  7 29 17 52 10.720  1.82   1
     5318  55.191947 -161.210026    32.031    36222.1    10093.3    12992.3 202933.2 490453.6 442937.7 2021  7 29 18 14 55.100  2.21   1
     5319  55.427808 -162.084196    13.444   -19457.7    36350.4    -5595.1 676226.1 851057.8 974543.9 2021  7 29 18 15  7.600  1.72   1
      532  55.075028 -162.015299     7.432   -15144.3    -2922.6   -11606.8 544768.6 413596.8 998842.1 2021  1 17 16 26 15.000  1.05   1
     5320  55.183122 -161.554427    42.026    14264.6     9110.8    22987.1 305554.1 154394.5 141290.8 2021  7 29 18 17 44.500  1.03   1
     5322  55.370378 -160.943571    18.485    53092.8    29957.0     -553.8 153184.4 589333.9 377912.2 2021  7 29 18 38 14.140  1.82   1
     5323  55.247245 -161.909115    15.275    -8346.2    16249.3    -3763.9 224134.9 272320.3 167021.5 2021  7 29 18 38 46.660  1.04   1
     5324  55.297823 -160.936247    48.541    53607.3    21879.9    29502.1  64710.2 385084.2 113997.9 2021  7 29 18 46 50.080  1.48   1
     5326  54.680119 -161.955843    11.172   -11403.6   -46885.8    -7866.5 335891.2  92907.1 303384.3 2021  7 29 18 53 55.900  1.35   1
     5328  55.470760 -161.690316    25.813     5579.2    41132.1     6773.9 ******** ******** ******** 2021  7 29 19 12 48.560  2.91   1
     5330  55.306986 -160.910937    32.619    55212.6    22900.0    13580.3 162609.9 256611.5 372291.6 2021  7 29 19 53 31.080  1.75   1
     5334  55.442521 -162.059391     4.158   -17877.5    37988.4   -14880.4 ******** ******** ******** 2021  7 29 20 24  8.820  1.75   1
     5335  55.243294 -160.835742    31.811    60048.0    15809.5    12772.6 118297.4 309982.6 337388.9 2021  7 29 20 25 39.660  1.54   1
     5336  55.276001 -161.224121    27.541    35286.3    19450.6     8502.1  97285.5 302096.3 521429.4 2021  7 29 20 31  8.820  2.55   1
     5339  55.201839 -161.763607     5.845      925.6    11194.5   -13193.8 114787.1 239271.8 274129.0 2021  7 29 20 34  7.480  3.07   1
     5340  55.376766 -161.685400    22.664     5898.5    30668.2     3625.3 319532.2 421657.5 447198.4 2021  7 29 20 42 33.160  1.16   1
     5341  55.008081 -161.714535     3.524     4063.8   -10375.5   -15515.4 187184.0 116562.7 143768.3 2021  7 29 20 43  0.040  1.83   1
     5343  55.370459 -160.986149    40.941    50384.0    29966.1    21902.3 132440.0 163504.5 133297.2 2021  7 30  0 55 44.980  1.75   1
     5347  55.239433 -160.760026    56.242    64875.7    15379.6    37203.1  94523.3 342606.1  76387.7 2021  7 30  2 56 24.590  1.95   1
     5351  55.235795 -161.789339    10.370     -714.6    14974.7    -8669.0 229186.4 108070.1 289169.6 2021  7 30  3 37 43.990  1.56   1
     5352  55.330229 -160.717236    58.274    67525.6    25487.4    39235.0 139836.0 266004.4 175136.3 2021  7 30  3 52 43.560  3.37   1
     5353  55.286312 -160.863949    47.818    58219.4    20598.4    28779.0 121658.2 328223.0 172890.8 2021  7 30  4 12  9.130  1.89   1
     5354  55.239600 -161.769548    12.320      546.6    15398.2    -6718.5 350044.8 478553.5 496196.2 2021  7 30  4 22  7.230  1.85   1
     5355  55.325431 -161.826139     6.160    -3056.3    24953.4   -12879.0 ******** ******** ******** 2021  7 30  4 22 34.820  1.53   1
     5359  55.219804 -161.666260    15.671     7130.1    13194.4    -3367.7 116435.6 150438.6 402563.0 2021  7 30  5 32 58.760  4.03   1
      536  54.796810 -161.869613     1.784    -5862.0   -33895.2   -17255.1 188902.7  97189.4 122700.0 2021  1 17 18 59 30.400  2.67   1
     5360  55.248360 -161.414404    19.422    23174.6    16373.5      383.2 186704.7 310168.2 350731.9 2021  7 30  5 41 30.770  1.91   1
     5361  55.219401 -162.280078    17.754   -31993.6    13149.6    -1284.8 869979.9 504133.5 387256.6 2021  7 30  5 42  9.460  2.12   1
     5362  55.269840 -160.557178    36.221    77772.1    18764.8    17181.9 139665.4 364327.4 332478.2 2021  7 30  5 49 52.850  2.08   1
     5365  55.467118 -161.123486    47.625    41596.4    40726.6    28585.9 216807.3 263500.4 299462.8 2021  7 30  6 47  0.330  1.97   1
     5368  55.276082 -160.616748    52.057    73971.8    19459.6    33017.9 153554.7 259100.6 251529.0 2021  7 30  7 25 12.630  2.59   1
     5372  55.071370 -161.730615    12.094     3033.8    -3329.9    -6945.0 183020.4 185574.0 427832.8 2021  7 30  8 40 28.800  1.00   1
     5373  55.123246 -162.766992    17.738   -63104.3     2445.2    -1300.9 156764.5 202489.5 684444.2 2021  7 30  9 27 58.210  1.58   1
     5375  54.961572 -161.473389    12.608    19485.8   -15553.1    -6430.5  77707.4 356498.1 255082.1 2021  7 30  9 55 18.120  1.49   1
     5377  55.122917 -161.809212     9.284    -1983.8     2408.5    -9754.5 241379.5 276415.2 439922.0 2021  7 30  9 58 41.950  1.84   1
     5384  55.017721 -161.437891    16.918    21740.5    -9302.4    -2120.6 202961.8 422989.4 305305.3 2021  7 30 12 38  8.830  1.43   1
     5387  55.230538 -160.884570    32.390    56945.7    14389.4    13350.7 157987.0 247969.9 387301.9 2021  7 30 13 28 45.830  2.34   1
     5388  55.207898 -161.436930     4.283    21750.3    11869.0   -14755.4 195491.9 190260.4 411747.1 2021  7 30 13 29 23.700  2.48   1
     5389  55.361983 -161.393262    18.291    24486.8    29022.5     -747.4 101005.8 434507.6 313990.8 2021  7 30 13 53 54.860  1.59   1
     5390  55.240743 -161.570833    20.469    13208.9    15525.5     1429.8 205706.5 267950.9 279030.8 2021  7 30 14 20 41.680  1.92   1
     5394  55.076188 -161.022607    16.498    48241.4    -2793.5    -2540.9 211478.9 356055.9 214965.0 2021  7 30 14 35 25.930  1.03   1
     5396  55.206067 -160.866325    41.115    58126.3    11665.2    22076.3 212662.5 259802.5 317400.8 2021  7 30 14 42 18.030  2.54   1
     5397  55.264827 -161.618001    31.070    10200.2    18206.7    12030.7 540242.9 456906.0 364503.3 2021  7 30 14 42 47.950  2.93   1
     5399  55.299394 -161.025195    38.590    47942.5    22054.8    19551.5  76135.5 368597.9 134542.1 2021  7 30 14 58 52.760  2.23   1
       54  55.061186 -162.043522     2.582   -16949.4    -4463.7   -16456.7 124104.1  61633.2 143785.4 2021  1  2 18  7 19.400  1.16   1
      540  54.574764 -161.268392    13.332    32750.4   -58614.4    -5707.4 112060.8 121580.0  83717.9 2021  1 17 20 28 44.120  2.36   1
     5400  55.158464 -161.711068    25.985     4277.4     6365.7     6946.5 296967.4 462994.6 234468.2 2021  7 30 14 59 27.710  2.35   1
     5401  55.158232 -161.796143    12.911    -1149.3     6339.9    -6127.5 371633.7 614619.1 630232.8 2021  7 30 15 27 17.720  0.80   1
     5402  54.436796 -161.801204    15.361    -1485.4   -73973.7    -3677.9 228389.5 137056.1 184830.4 2021  7 30 16 57 32.750  2.05   1
     5404  55.229346 -160.885905    32.852    56861.5    14256.7    13813.2 155292.4 269807.4 342582.1 2021  7 30 19 16  7.520  2.22   1
     5406  54.292407 -161.493327    10.644    18362.0   -90047.7    -8394.7 351862.8 269479.9 221135.6 2021  7 30 21 25 29.680  1.80   1
     5407  55.460527 -161.110042    53.447    42454.2    39992.8    34407.6 171934.8 251292.7 224516.0 2021  7 30 21 45  3.100  2.11   1
     5408  55.470980 -161.822331     6.843    -2808.7    41156.5   -12196.0 ******** ******** ******** 2021  7 30 21 55 23.880  1.57   1
     5409  55.428577 -161.725228     6.428     3362.8    36436.0   -12610.9 611943.6 427620.3 589937.2 2021  7 30 22 12 38.600  2.21   1
      541  54.581645 -161.261133    13.981    33214.0   -57848.4    -5057.7 163568.8 104118.2  71522.0 2021  1 17 22 21  2.560  2.73   1
     5412  55.284509 -161.096501    32.535    43410.3    20397.8    13496.0  88959.6 359329.2 351287.7 2021  7 31  0 59 25.490  1.76   1
     5422  54.544348 -161.848161    12.889    -4501.5   -62000.5    -6149.8 153196.0  84840.6 152693.2 2021  7 31 12 12 41.240  2.71   1
     5424  54.974386 -162.420264    24.231   -41053.9   -14126.7     5192.5 117388.8 111617.0 214741.1 2021  7 31 14  4  8.180  0.87   1
     5435  55.236593 -161.350928     4.237    27223.0    15063.4   -14801.8 144794.8 145331.0 257086.6 2021  8  1  1 49 34.080  1.51   1
     5441  55.233765 -161.061963    54.860    45638.8    14748.6    35820.8 172532.1 383321.5 139239.4 2021  8  1  5 37 32.330  1.69   1
     5442  55.316398 -161.774398    31.228      237.3    23947.8    12189.6 976950.2 765406.2 640479.6 2021  8  1  5 38  6.350  1.59   1
     5448  54.507853 -163.168945     0.957   -89434.1   -66063.3   -18082.2 154484.5 140728.8 115190.5 2021  8  1  6 37  6.710  2.05   1
      545  55.456641 -161.619043     7.368    10109.6    39560.2   -11670.6 166531.3 179577.0 584803.7 2021  1 18  6 44 23.680  0.37   1
     5453  55.171847 -161.881738     5.375    -6608.1     7855.6   -13663.9  99758.6  85014.8 104654.5 2021  8  1  7 51 38.960  1.73   1
     5454  55.349133 -160.772493    48.995    63993.4    27592.0    29956.1 133293.9 197863.0 203950.4 2021  8  1  8 59 42.810  2.29   1
     5458  55.107458 -161.283545    30.920    31567.7      687.6    11881.1 103246.4 101448.7 309658.5 2021  8  1 10  8 40.590  1.21   1
      546  54.594495 -161.204541     9.853    36843.9   -56417.9    -9186.1 261565.9 136518.3 160878.5 2021  1 18  9 17 23.290  1.82   1
     5460  55.112781 -161.896484     6.167    -7554.1     1280.1   -12872.0 134751.9 163384.5 224820.1 2021  8  1 10 28  7.020  0.20   1
     5461  55.340389 -160.916911    45.614    54809.4    26618.5    26574.7 100601.6 293842.6 211912.9 2021  8  1 11 52 29.480  1.70   1
     5464  54.832662 -161.126953    36.118    41704.7   -29904.0    17079.1 209180.1  73706.4 343837.3 2021  8  1 13  4 20.970  2.61   1
     5465  55.196179 -160.766781    53.455    64480.1    10564.4    34416.2 156113.8 351644.2 179292.9 2021  8  1 13 43 17.330  2.03   1
     5467  55.208057 -160.670182    33.115    70628.4    11886.7    14075.7 132036.0 446768.1 348957.1 2021  8  1 14 44 18.300  2.12   1
     5473  55.241699 -161.631722    14.956     9328.9    15631.9    -4082.9 142658.5 117900.9 272152.3 2021  8  1 16 11 46.050  1.99   1
     5475  55.260246 -161.283203    33.084    31529.4    17696.6    14045.1 144696.6 180449.4 264126.1 2021  8  1 20  1 48.880  1.63   1
     5477  54.894124 -162.350716    12.603   -36644.0   -23061.7    -6436.3 465486.3 571815.8 226415.6 2021  8  1 20 37 39.240  1.51   1
     5478  55.304305 -161.069092    39.989    45144.7    22601.5    20949.8 133506.3 151778.9 114484.8 2021  8  1 21 35 39.880  1.58   1
     5483  55.174715 -161.032829    34.106    47530.4     8175.0    15067.1 110855.2 373924.0 179120.4 2021  8  2  4 48 30.770  1.69   1
     5486  55.431254 -161.300618    49.636    30354.9    36734.1    30597.5 162236.3 235120.4 153677.7 2021  8  2  5 24 22.090  1.20   1
      549  55.333354 -161.721875     5.254     3580.2    25835.3   -13785.3 323768.4 259489.0 250436.2 2021  1 18 14 24 49.090  1.81   1
     5492  55.308512 -160.898454    33.710    56006.4    23069.9    14671.3 156599.2 126138.1 291366.9 2021  8  2  7 16  7.250  1.51   1
     5493  54.525765 -161.147721    13.254    40528.0   -64069.2    -5785.3  86936.2 177257.5 121190.3 2021  8  2  8  0 10.500  1.84   1
     5495  54.327881 -162.721257     9.540   -60780.7   -86098.6    -9498.9 759152.2 430980.8 411164.6 2021  8  2 13 21 17.330  1.85   1
     5496  55.079557 -161.651221    15.586     8102.8    -2418.5    -3453.3 162665.3 173115.6 183001.8 2021  8  2 13 24 15.170  1.43   1
       55  54.546057 -161.530485    10.601    15916.5   -61810.2    -8438.0 149809.0 132958.5 120569.5 2021  1  2 19 13 26.520  2.55   1
     5503  55.059554 -161.813737    17.716    -2274.4    -4645.3    -1322.9 135878.7 133175.5 168184.9 2021  8  2 19 47 22.560  0.80   1
     5505  55.053906 -161.595199    13.410    11683.5    -5274.1    -5628.8 137363.3 209729.5 217807.2 2021  8  2 21 57 27.480  0.90   1
     5506  55.177026 -161.961247    26.568   -11678.0     8432.2     7528.9 143260.2 216485.2 234892.1 2021  8  2 21 57 45.960  1.12   1
     5509  54.822172 -161.137614    52.635    41027.3   -31071.8    33595.9  67320.1  88754.6 121365.7 2021  8  3  3 28 18.770  2.01   1
     5510  55.303788 -161.960563    37.573   -11616.0    22544.0    18534.1 456926.6 711733.1 269264.2 2021  8  3  3 44 48.540  0.89   1
     5515  55.225407 -161.041292    47.517    46960.9    13818.2    28477.9  98650.1 282200.8 180479.6 2021  8  3  7 40  8.620  1.98   1
      552  55.210140 -161.367448    21.117    26178.9    12118.6     2078.2 172339.6 194025.8 229085.2 2021  1 18 20  8 17.180  1.02   1
     5520  54.951489 -162.245182     4.619   -29868.9   -16675.6   -14420.2  64585.0 105331.6  84944.5 2021  8  3 16 43 38.770  1.54   1
     5522  54.922233 -162.226969     3.951   -28714.6   -19932.5   -15088.1 107727.5  80948.2  75815.8 2021  8  3 16 50  6.570  2.06   1
     5528  55.319263 -161.659408     6.936     7557.4    24266.7   -12103.3  64936.8 138652.9 164881.3 2021  8  3 18 43 42.120  0.10   1
     5530  55.338391 -160.838428    11.856    59805.7    26396.1    -7182.4 129340.6 479063.1 275663.9 2021  8  3 20  5 33.200  1.62   1
     5532  55.362781 -161.235221    81.039    34541.8    29111.3    61999.7 268561.9 578803.4 255216.5 2021  8  3 21 30 14.100  1.92   1
     5535  55.267379 -161.611361    33.323    10622.9    18490.7    14283.6 310315.7 339267.8 252002.0 2021  8  3 23 31 43.720  1.79   1
     5536  55.226514 -162.185368    14.995   -25954.7    13941.4    -4043.8 831792.6 333763.6 709102.6 2021  8  3 23 32 22.520  1.77   1
     5540  55.258549 -161.843783    12.733    -4182.9    17507.7    -6305.8 797282.6 ******** ******** 2021  8  4  5 21 40.130  0.63   1
     5543  55.043225 -161.398031    22.993    24279.8    -6463.1     3954.1 253450.7 322303.6 149272.6 2021  8  4  7 21 45.230  2.03   1
     5547  54.395182 -162.005176    14.320   -14620.3   -78606.3    -4719.3 364985.2 118611.5 141986.3 2021  8  4 10 26 47.930  2.10   1
     5548  55.681258 -162.076432     1.988   -18903.8    64565.7   -17051.2 ******** ******** ******** 2021  8  4 11  5 27.830  1.82   1
     5552  55.504036 -161.352588    20.482    27026.6    44836.5     1443.4 292069.0 349763.5 194167.5 2021  8  4 14 48  7.490  1.77   1
     5558  55.005294 -162.264941     2.550   -31111.7   -10685.8   -16488.8  78814.0  56350.7 121419.1 2021  8  5  0 36 31.640  1.16   1
     5559  55.471562 -162.310303    31.226   -33813.2    41221.3    12186.8 ******** ******** ******** 2021  8  5  1 46 48.260  1.57   1
      556  55.173433 -161.038379    13.791    47177.2     8032.3    -5248.2 176342.5 231877.1 255457.4 2021  1 18 22  2 51.800  1.01   1
     5560  55.137443 -161.409733    30.803    23504.7     4025.6    11764.4 107376.7 198036.2 351447.6 2021  8  5  3 54 50.840  1.24   1
     5562  55.052344 -161.230420    26.712    34982.5    -5448.0     7673.1 290961.8 444758.8 576973.8 2021  8  5  7 16  1.430  1.95   1
     5574  54.827942 -162.521305    88.421   -47600.2   -30429.5    69381.8 288991.9 132720.2  94188.8 2021  8  5  9 47  1.370  1.84   1
     5578  55.500684 -161.668571    23.940     6958.2    44463.3     4901.2 ******** ******** 961668.2 2021  8  5 12 19 40.770  0.49   1
     5587  55.357662 -161.875130    17.585    -6172.3    28541.4    -1453.9 468763.4 ******** ******** 2021  8  5 15 46  8.370  0.69   1
     5591  55.034908 -161.424268    27.723    22606.2    -7389.0     8684.2 168482.5 129727.4 325992.2 2021  8  5 16 27 42.350  1.20   1
     5592  55.332222 -161.950488     8.887   -10970.7    25709.4   -10151.4 894202.6 ******** ******** 2021  8  5 16 28 16.720  1.25   1
     5595  55.446842 -162.174007    22.010   -25161.2    38469.4     2970.6 ******** ******** ******** 2021  8  5 17  5 19.920  0.75   1
     5604  55.089132 -161.663053    16.746     7346.4    -1352.6    -2292.6 204668.0 380245.2 368276.0 2021  8  5 21 24  9.780  1.36   1
     5605  55.297538 -160.994189    56.492    49918.0    21848.2    37452.8  83388.1 418564.7 108927.6 2021  8  5 21 43 37.560  1.71   1
     5609  54.928703 -162.201270     0.772   -27068.3   -19212.3   -18266.8  53896.1  64221.5  58291.7 2021  8  5 23 12 11.760  1.67   1
     5612  54.945593 -162.390267    15.860   -39150.1   -17332.0    -3178.8 122033.4 115026.9 212863.9 2021  8  5 23 26 36.760  2.19   1
     5613  54.904268 -162.252653     5.387   -30364.5   -21932.5   -13651.6 142186.5 103768.5 124041.6 2021  8  5 23 47  8.560  0.29   1
     5615  55.394678 -161.299837    34.713    30418.5    32662.2    15674.3 203253.3 400589.9 200395.0 2021  8  5 23 56 16.800  1.24   1
     5618  55.215731 -161.469206    27.288    19690.9    12741.0     8249.1 237751.3 131063.4 228268.0 2021  8  6  1  9  9.680  1.19   1
     5619  55.305054 -161.634554     9.404     9141.2    22684.9    -9634.5 213430.9 252427.7 488622.4 2021  8  6  3  7 29.530  0.34   1
     5621  55.353947 -161.949658    17.181   -10914.9    28127.9    -1857.6 ******** ******** ******** 2021  8  6  3 37 43.900  0.94   1
     5627  55.197555 -161.826432     7.699    -3079.9    10717.5   -11340.4  82540.2 260970.1 137596.0 2021  8  6  6 10 52.460  0.71   1
     5628  55.278467 -161.393001    27.634    24529.0    19725.1     8595.3 122984.7 324856.4 407083.2 2021  8  6  7 53 33.740  1.77   1
     5629  55.172697 -161.356771    17.350    26872.0     7950.3    -1688.7 157886.9 377760.2 284523.6 2021  8  6  7 54  4.800  1.67   1
     5630  55.155131 -162.303141    24.016   -33490.5     5994.8     4977.1 277077.7 509536.1 389462.1 2021  8  6  9 10 41.980  0.97   1
     5640  55.001025 -161.293457    36.154    30976.1   -11161.0    17115.5 244761.1 334102.6 275662.3 2021  8  6 12 42 25.430  1.21   1
     5641  54.897367 -161.336589    17.038    28255.8   -22700.7    -2000.5 149554.7 209116.7 228546.3 2021  8  6 12 42 45.170  1.59   1
     5642  54.445882 -161.453890    11.157    20865.2   -72962.2    -7882.0 179559.5 179582.0 175288.8 2021  8  6 13 43 21.530  1.07   1
     5643  55.017647 -160.395508     9.215    88347.5    -9310.6    -9824.4 237813.6 321970.5 228395.9 2021  8  6 13 50 26.060  2.88   1
     5644  54.956689 -160.503271     9.166    81523.2   -16096.7    -9872.9 211906.1 415385.9 222328.8 2021  8  6 14  4 34.230  1.62   1
     5645  55.021802 -161.324723    13.056    28970.3    -8848.1    -5983.1 172448.5 135643.8 265902.0 2021  8  6 14  4 49.410  1.51   1
     5647  54.361621 -161.478711    11.204    19287.9   -82342.5    -7835.1 168883.7 141900.7 130826.1 2021  8  6 14 31 16.580  1.39   1
     5652  54.939555 -162.183089     2.338   -25901.8   -18004.2   -16701.0  89399.9  80704.6 150157.7 2021  8  6 16 18 20.580  1.02   1
     5657  54.543005 -161.274414    14.645    32376.2   -62149.9    -4393.7 173783.1 179953.6 325102.0 2021  8  6 17 10  3.080  1.23   1
     5660  55.374878 -161.886735    23.267    -6909.2    30458.0     4228.1 ******** 868950.4 962423.1 2021  8  6 18  1  3.520  0.04   1
     5665  54.936304 -162.211361     2.980   -27711.2   -18366.1   -16058.5 119091.9  59371.6 194076.4 2021  8  6 22 33 35.060  1.43   1
     5667  54.790983 -162.399756    15.415   -39833.3   -34543.9    -3623.5 213871.6 148730.6 310735.1 2021  8  6 23  7 12.960  0.90   1
     5670  55.262528 -161.889437     7.940    -7091.0    17950.7   -11099.0 295977.2 296525.6 524119.6 2021  8  7  0 40  1.680  0.43   1
     5671  55.452067 -161.902734    27.630    -7919.3    39051.1     8590.9 445714.2 244253.8 329154.7 2021  8  7  1 15 34.050  0.65   1
     5673  55.161886 -160.946436    35.153    53048.5     6746.7    16114.1 111182.2 380419.1 423427.3 2021  8  7  3 58  6.720  1.71   1
     5682  54.580066 -162.107194    56.321   -21141.3   -58024.2    37282.3 237282.1 110344.7 202967.8 2021  8  7  9 13 34.180  1.61   1
     5683  55.290116 -161.967855    27.990   -12082.4    21022.0     8951.6 ******** ******** 796281.2 2021  8  7 10  3 15.400  0.68   1
     5684  54.491549 -162.318766    58.210   -34771.9   -67878.4    39171.3 396778.2 122493.2 149595.7 2021  8  7 11 35 23.460  1.60   1
     5691  55.237435 -162.395492    21.283   -39341.0    15157.2     2243.9 941687.6 ******** 496319.6 2021  8  7 15  2 41.800  1.74   1
     5692  55.334639 -161.119906    18.238    41893.4    25978.5     -800.7 266629.6 356247.5 766121.6 2021  8  7 16 50  3.040  1.29   1
     5693  55.372766 -161.864339    16.588    -5484.6    30222.9    -2450.8 ******** ******** 796131.2 2021  8  7 16 50 36.610  0.93   1
     5695  54.996948 -162.325651     3.825   -34995.2   -11614.9   -15213.6 154446.4 159468.2 107035.1 2021  8  7 22 30 42.160  0.52   1
     5697  55.200354 -161.677279    40.673     6429.3    11029.2    21634.1 200062.8 400752.3 240870.3 2021  8  7 23 21 41.940  0.80   1
      570  55.169014 -161.892204    30.371    -7275.8     7540.3    11332.5 265863.8 219021.0 188376.0 2021  1 19  2 32 13.050  1.47   1
     5706  55.426782 -161.722868    10.763     3512.9    36236.2    -8275.9 ******** 761793.2 ******** 2021  8  8 18 49 55.400  0.46   1
     5721  55.272074 -161.866813    18.579    -5649.1    19013.4     -460.2 313197.1 ******** 849719.1 2021  8  9  8 31 56.940  0.66   1
     5724  55.077226 -162.408757    15.721   -40266.7    -2678.0    -3318.2 235176.5 120528.0 174605.1 2021  8  9  9 45 44.230  1.44   1
     5729  54.703520 -161.626546    84.454     9723.5   -44280.7    65414.7 317608.8 230934.2 209172.4 2021  8  9 11 29 55.190  2.54   1
      573  55.183337 -161.347233    13.246    27476.7     9134.8    -5792.5 359699.7 455489.3 360932.4 2021  1 19  2 41 36.710  0.97   1
     5730  54.956502 -162.244059     2.726   -29795.2   -16117.5   -16313.2  86272.9  53061.2  73476.8 2021  8  9 12 56 49.430  1.54   1
     5738  55.256091 -161.240088    28.964    34277.9    17234.1     9924.6 114161.0 221115.5 280117.7 2021  8  9 14 51  9.250  1.57   1
     5740  55.322624 -160.615674    44.990    73997.2    24640.8    25951.1 127124.6 124604.2 171865.1 2021  8  9 14 55  5.430  1.96   1
     5745  54.833988 -162.418132    15.487   -40988.9   -29756.3    -3552.2 217890.0 103688.1 814457.1 2021  8  9 18 33 46.560  1.50   1
     5749  54.999174 -161.357373    30.504    26891.7   -11367.1    11465.0 124535.8 354960.9 394979.7 2021  8 10  3 51 54.600  1.96   1
     5750  55.353158 -160.598730    40.918    75047.0    28040.0    21878.8 135281.7 342061.2 279595.5 2021  8 10  6  4 45.990  1.79   1
     5754  55.381954 -161.778711     1.530      -37.3    31245.7   -17508.5 296960.8 285746.2 178075.9 2021  8 10  7 36  0.510 -0.55   1
     5757  55.395610 -161.809896     5.478    -2020.6    32766.0   -13561.1 ******** 965164.8 830474.4 2021  8 10 10 56 14.690  0.52   1
     5758  55.711662 -161.508333    36.879    17090.2    67950.4    17840.5 453505.2 163221.8 541549.8 2021  8 10 13 52 46.540  1.57   1
     5760  55.268990 -160.877425    32.024    57373.5    18670.1    12985.5 140356.7 240279.1 363577.3 2021  8 10 19 25 15.400  1.54   1
     5761  55.224215 -161.828076     8.591    -3183.6    13685.5   -10448.2 753627.2 828652.7 ******** 2021  8 10 19 25 57.920  1.57   1
     5763  54.875948 -161.801514    30.444    -1497.1   -25085.2    11404.7 305442.9 228617.0 308061.8 2021  8 10 21 16 38.560  2.47   1
     5764  54.968909 -161.811914     5.156    -2160.4   -14736.4   -13883.2 232564.1 166919.9 123142.5 2021  8 10 21 16 43.800  2.18   1
     5773  55.263599 -161.011540    51.440    48833.9    18069.9    32401.4  72520.3 371223.0 137325.4 2021  8 11  5 31 28.350  1.79   1
     5774  55.162093 -161.830599    15.579    -3347.0     6769.8    -3460.0 229274.9 273302.9 143433.2 2021  8 11  5 32  9.070  1.22   1
     5776  55.227340 -160.779915    55.037    63617.9    14033.4    35998.3  49643.7 255047.0 181892.5 2021  8 11  5 46 44.440  2.31   1
     5780  55.258610 -161.975602    11.885   -12580.7    17514.5    -7153.4 411360.1 101624.3 187979.4 2021  8 11  5 52 18.960  1.65   1
     5783  54.995386 -161.501709    32.505    17667.5   -11788.8    13466.4 196867.7 128386.5 295948.3 2021  8 11  6 53 51.870  1.66   1
     5786  55.135091 -160.526335    54.911    79870.9     3763.8    35871.7  70670.2 274734.7 187449.5 2021  8 11  8 15 45.230  2.55   1
     5796  55.237732 -161.652669    16.540     7994.5    15190.3    -2499.0 168398.7 125515.5 152295.7 2021  8 11 12 59  9.760  1.71   1
     5804  55.290043 -161.940999     8.700   -10372.2    21013.8   -10338.7 494740.3 282759.0 316953.3 2021  8 11 17 57 41.760  1.03   1
     5806  55.243136 -161.735107    16.825     2741.1    15791.8    -2214.1 327930.8 204623.3 217908.1 2021  8 11 18 51 11.440  0.65   1
     5808  55.171680 -161.600895     2.861    11303.1     7837.0   -16177.4 148841.6 251927.5 257998.9 2021  8 11 19 28 41.400  1.55   1
     5809  54.672164 -161.624626    19.467     9850.5   -47771.4      427.7 330984.7 283400.2 423087.9 2021  8 11 20 39 50.860  1.29   1
     5814  55.049642 -162.282080     1.803   -32189.3    -5748.8   -17235.5 140829.7  63333.6  87897.1 2021  8 12  2 55 20.360  1.43   1
     5817  55.026868 -162.446240     5.366   -42686.8    -8284.1   -13673.0  78257.1 118839.7 144248.4 2021  8 12  3 14 53.090  1.18   1
     5818  55.046659 -162.318115     4.527   -34492.2    -6080.8   -14511.8 115981.4 128438.4 166348.1 2021  8 12  3 15  9.930  1.24   1
     5821  54.622013 -161.334424    11.114    28491.2   -53354.4    -7925.3 190303.6 100531.8 107051.6 2021  8 12  4 52 38.690  2.44   1
     5824  54.896863 -162.188395     0.390   -26255.1   -22756.9   -18648.4  82995.3 100040.3  79204.0 2021  8 12  5 15  7.380  0.70   1
     5826  55.227706 -161.439681    21.406    21569.6    14074.1     2367.4  93961.1 182058.9 232810.5 2021  8 12  8 52 12.690  1.45   1
     5828  55.245015 -160.821517    39.009    60953.1    16001.1    19970.1 115319.6 310747.6 269973.1 2021  8 12  9 55  3.590  2.53   1
     5833  55.034827 -161.394515    17.552    24506.9    -7398.1    -1487.1 208463.8 399879.9 744864.6 2021  8 12 10 28 46.860  2.41   1
     5837  55.388367 -161.617285     9.758    10230.0    31959.6    -9281.0 152148.6 206325.7 204793.4 2021  8 12 11 12 27.940  0.56   1
     5845  55.162374 -162.624382    57.030   -53977.3     6801.1    37991.0 361385.9 435119.0 389172.0 2021  8 12 16  4 55.830  1.53   1
     5850  55.243311 -160.741846    66.290    66031.0    15811.3    47251.3  91032.6 240068.8  71383.3 2021  8 12 20 45 42.400  1.92   1
     5851  55.182878 -161.515853    22.963    16724.4     9083.6     3924.1 128571.2 112451.3 152424.9 2021  8 12 20 46 11.920  2.14   1
     5852  55.077714 -162.336165    35.202   -35631.4    -2623.7    16163.0 407821.8 332873.1 254017.1 2021  8 12 21 15  8.960  1.41   1
     5854  55.212561 -161.816243     7.999    -2429.8    12388.1   -11039.5 547704.4 894598.1 ******** 2021  8 12 21 17 11.360  0.95   1
     5856  54.855029 -161.276286    28.647    32131.7   -27414.0     9608.2 146381.3 125064.9 350887.4 2021  8 12 21 50 11.600  1.90   1
     5857  55.260876 -161.138135    33.395    40770.8    17766.8    14356.4 140254.4 269364.8 126897.3 2021  8 12 22  1 24.060  1.73   1
     5858  55.215149 -162.282829    14.467   -32170.7    12676.2    -4571.8 561592.2 207239.6 291177.6 2021  8 12 22  2  6.280  1.16   1
     5863  55.334074 -161.822510    28.515    -2825.0    25915.5     9476.0 316748.1 234162.3 250988.8 2021  8 12 23 16  3.040  0.54   1
     5866  55.225822 -161.091227    30.331    43778.2    13864.4    11292.5 164044.5 574750.2 858367.6 2021  8 13  0 53  1.730  1.50   1
     5876  55.281181 -160.961784    45.276    51992.1    20027.2    26237.4  58456.5 297749.3 168762.0 2021  8 13  6  3 21.350  1.49   1
      588  55.042957 -161.725667    23.769     3350.9    -6493.0     4730.2 134436.7 247039.6 210888.0 2021  1 19  8 11 12.470  1.43   1
     5880  54.625244 -163.389307    12.163  -103454.2   -52994.7    -6875.7 211503.5 262860.6 226302.3 2021  8 13  8 12 39.920  1.33   1
     5881  55.430375 -162.127897    21.376   -22235.1    36636.2     2337.5 ******** ******** ******** 2021  8 13 10 49 39.510  1.17   1
     5884  54.573820 -161.449284    10.636    21128.3   -58719.5    -8402.4 133026.0 136255.8 209099.2 2021  8 13 12 10 26.830  2.09   1
     5888  55.212065 -162.126058    10.391   -22178.7    12332.9    -8648.2 ******** ******** ******** 2021  8 13 13 54 17.250  0.54   1
     5889  55.171220 -161.759587    18.779     1182.3     7785.8     -259.5 333321.8 288606.9 330804.8 2021  8 13 14 21 44.790  0.77   1
     5893  54.620007 -161.281494    30.219    31890.8   -53577.7    11180.0 215928.4 221343.8 584081.8 2021  8 13 16  7  1.830  1.20   1
     5896  55.368949 -161.607129    57.517    10878.6    29798.0    38477.9 504543.3 406122.8 107357.8 2021  8 13 17 29 12.560  1.98   1
     5897  55.170097 -161.594954    22.543    11682.2     7660.8     3504.5 225077.2 480111.5 350118.0 2021  8 13 17 29 48.240  2.05   1
     5898  54.860189 -162.693376    31.971   -58597.8   -26839.6    12932.1 231031.8 216037.4 363450.9 2021  8 13 17 33 51.380  1.56   1
     5901  55.449312 -161.880176    25.044    -6485.9    38744.4     6004.9 668917.5 311702.2 625236.1 2021  8 13 18 51 23.200  0.47   1
     5906  54.546602 -162.502100    34.578   -46531.6   -61749.5    15538.9 326180.9 140787.8 416827.1 2021  8 13 21 19 52.440  0.99   1
     5908  54.783960 -160.961670    33.168    52321.9   -35325.8    14128.7 340850.1 393183.3 887828.7 2021  8 13 22 18 20.100  1.42   1
     5918  55.526440 -161.127344    56.008    41320.6    47330.7    36969.0 207927.6 519716.2 189482.9 2021  8 14  2 45 28.360  1.05   1
     5921  55.240511 -161.405859    17.091    23721.3    15499.7    -1947.8 156874.6 358598.0 373082.3 2021  8 14  3 31 19.160  0.72   1
     5922  54.915218 -162.795768    11.412   -65108.9   -20713.5    -7626.5 148760.2 302450.0 361801.8 2021  8 14  4 20 29.180  0.92   1
     5924  54.962699 -162.698600     3.924   -58857.4   -15427.6   -15114.6 120013.6 205055.0 267614.0 2021  8 14  4 21 31.600  0.91   1
     5929  54.902527 -161.588281    75.881    12148.1   -22126.3    56841.8 187245.7 114361.8  42476.8 2021  8 14  8 43  6.550  1.12   1
     5932  55.397347 -161.975846    16.326   -12574.4    32959.4    -2713.0 ******** ******** ******** 2021  8 14 10 37 55.350  0.63   1
     5934  55.435356 -161.071842    50.445    44895.8    37190.7    31405.6 205685.6 244867.1 164920.1 2021  8 14 10 55 26.030  1.18   1
     5935  55.275541 -160.807324    61.902    61833.8    19399.4    42863.2 120505.8 256841.3 137681.7 2021  8 14 11 58  9.290  4.54   1
     5937  55.317232 -161.631608    25.505     9327.3    24040.6     6466.5 391329.5 448726.1 360217.7 2021  8 14 12 15 28.860  2.42   1
     5939  55.017383 -163.484603    23.200  -109042.1    -9340.0     4161.2 248710.5 641369.6 275507.9 2021  8 14 12 22 30.090  3.25   1
      594  54.593876 -161.198047    28.416    37261.3   -56486.8     9377.6 150875.0  87189.6 407886.1 2021  1 19  9 39 34.210  3.00   1
     5940  55.337492 -161.549040    34.852    14580.0    26296.0    15813.0 321079.6 480434.6 230016.5 2021  8 14 12 35 26.600  1.87   1
     5943  55.280888 -160.855859    44.550    58738.5    19994.6    25511.5 162460.2 260801.3 252168.7 2021  8 14 13  0 12.500  1.82   1
     5944  55.302100 -161.215039    54.208    35853.1    22356.0    35169.2 203692.2 355623.2  95436.9 2021  8 14 13  7  7.690  2.47   1
     5945  55.017505 -161.216895    34.002    35862.0    -9326.4    14963.1 135235.4 153223.1 375024.3 2021  8 14 13 12 17.880  1.42   1
     5947  55.112077 -161.558219    19.439    14035.2     1201.8      400.4  99009.4 290999.5 373947.3 2021  8 14 13 45 22.540  1.24   1
     5950  55.106315 -161.395605    30.601    24415.5      560.3    11561.9 243291.7 211805.3 280783.8 2021  8 14 14 21 27.600  1.46   1
     5951  55.273649 -161.767904    16.939      651.1    19188.7    -2099.4 461359.2 284183.3 241013.1 2021  8 14 14 22  2.170  1.15   1
     5952  55.250330 -160.755013    41.084    65186.2    16592.7    22044.8 120944.1 282777.5 124074.1 2021  8 14 14 34 20.330  1.45   1
     5954  55.293579 -161.286605    42.223    31299.6    21407.4    23183.8 196827.0 344759.2 177767.5 2021  8 14 14 55 32.730  1.92   1
     5956  55.273771 -161.389632    24.676    24745.1    19202.3     5636.8 240082.3 385169.7 139964.8 2021  8 14 15 11 32.050  1.05   1
     5962  55.430855 -161.975928    15.422   -12574.3    36689.7    -3617.2 ******** ******** ******** 2021  8 14 16 55 51.490  1.10   1
     5965  55.187016 -161.034131    35.375    47440.1     9544.3    16335.9 159118.6 228897.4 207342.6 2021  8 14 17  2 13.420  1.39   1
     5966  55.457564 -162.164095    24.835   -24527.9    39663.0     5795.8 ******** ******** ******** 2021  8 14 17  2 53.600  1.18   1
     5967  55.133525 -160.821647    12.911    61029.6     3589.4    -6127.5 138155.2 358630.5 294786.2 2021  8 14 17 33 48.840  1.61   1
      597  54.990047 -162.273503    12.528   -31664.9   -12383.2    -6510.4 187595.1 283016.9 225685.3 2021  1 19 12 27 58.890  1.09   1
     5970  54.666069 -162.332031    48.867   -35548.5   -48450.0    29827.7 152199.1 108317.2 146692.2 2021  8 14 17 47  2.480  0.80   1
     5971  55.207247 -161.656478    39.451     7754.8    11796.5    20412.0 279025.1 177213.1 197108.6 2021  8 14 17 58 16.060  1.32   1
     5972  55.195435 -162.272201    36.975   -31501.0    10481.5    17935.7 ******** ******** ******** 2021  8 14 18  7  2.960  1.02   1
     5976  55.083634 -161.670622    14.627     6863.7    -1964.6    -4411.8 100659.1 271105.9 406764.2 2021  8 14 18 38 46.520  1.17   1
     5977  55.402970 -161.622021     2.531     9927.0    33585.4   -16508.1 861339.7 ******** ******** 2021  8 14 18 38 48.080  0.94   1
     5978  55.537687 -161.110921    58.812    42357.3    48582.7    39773.4 343634.2 528355.1 719970.2 2021  8 14 18 39  8.140  1.95   1
     5979  55.244914 -160.870426    34.232    57836.7    15989.8    15192.7 137213.9 284863.7 336147.8 2021  8 14 18 45  6.340  2.34   1
     5982  54.875220 -163.472217    24.130  -108441.9   -25166.3     5091.1 428587.8 752785.9 468037.8 2021  8 14 19 39 23.160  1.77   1
     5983  55.333822 -161.759424    19.690     1190.3    25887.4      651.1 ******** ******** ******** 2021  8 14 19 39 34.600  1.61   1
     5987  54.773376 -161.912158     1.775    -8590.5   -36504.0   -17263.4 257855.9  59077.4  67859.6 2021  8 14 20 56 42.800  1.28   1
     5988  55.300403 -162.224137    24.973   -28399.3    22167.1     5933.9 ******** ******** 491566.1 2021  8 14 23 59 53.360  0.82   1
      599  55.110771 -162.201725    14.254   -27036.2     1056.4    -4784.6 392388.9 276026.2 219561.2 2021  1 19 14 19 31.300  0.72   1
     5991  54.898043 -160.719710    12.077    67731.9   -22625.5    -6961.6 395705.2 552201.3 287927.4 2021  8 15  0 29 46.160  1.29   1
     5994  55.225500 -161.679053    24.188     6314.2    13828.6     5149.2 471768.2 197994.1 212787.1 2021  8 15  2 32 36.430  1.08   1
     5998  54.801469 -160.862142    33.180    58687.4   -33376.6    14141.2 145045.5 205992.0 380067.4 2021  8 15  7  9 35.250  2.06   1
        6  54.608114 -161.335417    13.932    28432.4   -54901.8    -5107.2 187925.5 177447.2  90770.1 2021  1  1 11 56 44.770  1.91   1
     6000  54.965995 -161.397705    32.738    24324.0   -15060.7    13698.8 231800.9 297166.2 296728.6 2021  8 15  7 58 40.300  1.46   1
     6003  55.265792 -161.379281    31.894    25406.9    18314.0    12855.0 383571.7 361630.9 797702.8 2021  8 15  9  9 15.240  1.26   1
     6006  55.250073 -160.878646    39.890    57309.3    16564.2    20850.8 176488.0 392289.9 281166.1 2021  8 15 11 22 17.540  1.43   1
     6011  55.233940 -161.126449     1.223    41529.2    14768.1   -17815.4 201298.1 266726.0 223193.7 2021  8 15 11 59  9.380  1.15   1
     6013  54.983256 -161.599268    36.808    11433.6   -13139.2    17768.8 365458.0 182085.2 368449.2 2021  8 15 12 18 40.120  1.17   1
     6014  55.238851 -160.640820    33.728    72472.2    15314.8    14689.3 179500.2 318962.1 464894.2 2021  8 15 12 19  4.750  2.25   1
     6016  55.268856 -160.634928    14.010    72820.4    18655.1    -5028.7 161739.8 282966.2 181275.9 2021  8 15 12 57 21.280  1.14   1
     6019  54.609757 -161.235107    11.465    34873.9   -54718.8    -7574.1 134192.5 101157.7 157947.9 2021  8 15 15 14 16.690  1.29   1
     6022  55.429574 -161.513135    23.612    16845.7    36547.0     4572.8 375254.5 385969.3 316687.0 2021  8 15 17 47 31.780  1.38   1
     6023  54.583195 -161.986328    31.336   -13375.7   -57675.9    12297.2 470944.1 159288.2 365547.8 2021  8 15 19 18 24.160  2.10   1
     6024  55.163273 -161.110400    38.853    42589.4     6901.2    19814.0 236375.6 259745.5 210543.9 2021  8 15 19 45 13.080  1.18   1
     6026  55.088700 -161.232650    33.267    34824.4    -1400.6    14227.6 109747.7 308403.4 190485.7 2021  8 15 22 19 31.480  1.63   1
     6029  54.954134 -162.237484     2.072   -29375.6   -16381.2   -16966.7 109689.1  67930.3 130603.2 2021  8 16  0 40 22.930  0.65   1
     6032  55.164734 -161.000895    12.993    49573.1     7063.8    -6045.7 140747.0 283517.7 391699.5 2021  8 16  1 47 33.550  1.88   1
     6035  55.332650 -161.744434     5.910     2144.4    25757.0   -13129.0 179078.7 166089.9 200793.3 2021  8 16  3 16 43.670  0.09   1
     6038  55.343978 -161.803434     1.966    -1610.7    27018.1   -17072.7 213359.9 441695.5 220390.5 2021  8 16  4 12 55.890 -0.47   1
     6039  55.191182 -161.861719    11.044    -5330.0    10008.2    -7994.5 174091.0 237061.5 115314.9 2021  8 16  4 47 56.940  0.45   1
      604  55.094246 -161.726628    10.197     3287.5     -783.2    -8841.9 278283.0 131458.4 285305.1 2021  1 19 18 37 51.200  0.44   1
     6040  54.571098 -162.448291    34.710   -43060.2   -59022.6    15671.3 484271.6 163011.2 268806.2 2021  8 16  4 53 28.460  1.81   1
     6041  55.313717 -161.944450    25.656   -10588.8    23649.2     6617.3 ******** ******** ******** 2021  8 16  8  5 52.420  0.78   1
     6043  55.436442 -161.729639    15.249     3082.1    37311.6    -3790.3 ******** ******** ******** 2021  8 16  8 48 57.480  0.32   1
     6044  54.375179 -162.194303    39.435   -26805.3   -80833.2    20396.3 512300.7 139228.0 252197.1 2021  8 16  9 56  3.240  1.91   1
     6046  55.310710 -161.342708    40.494    27721.1    23314.5    21455.4 110309.5 205346.4 185683.9 2021  8 16 12 20 16.890  1.90   1
     6047  55.303357 -161.712012     5.036     4209.5    22496.0   -14002.7 165276.1 333989.9 361863.0 2021  8 16 12 56  9.530  0.26   1
     6049  55.109054 -161.664990     6.894     7220.9      865.2   -12144.9 127194.7 241183.1 838835.4 2021  8 16 13  6 36.010  0.70   1
      605  54.992672 -161.488672    13.591    18501.4   -12091.0    -5448.0 295681.0 172948.4 199186.1 2021  1 19 21 57 11.960  1.26   1
     6050  55.211788 -161.826839     2.545    -3105.3    12302.1   -16494.1 257982.5 264632.9 423675.8 2021  8 16 13  7 23.760  0.34   1
     6051  54.963029 -162.943685     0.844   -74528.3   -15390.9   -18195.4 124618.3 320467.9 127382.5 2021  8 16 15 39 16.110  1.69   1
     6054  55.627462 -161.155339    19.435    39492.9    58576.8      395.8 267015.3 392023.1 389068.5 2021  8 17  0 22 46.400  2.23   1
     6058  55.202865 -161.875146    57.053    -6185.3    11308.7    38014.0 689058.9 459281.4 115819.4 2021  8 17  9 14 20.080  1.42   1
     6059  54.982898 -161.517350    16.780    16670.4   -13179.0    -2259.4 338481.6 265530.4 334858.6 2021  8 17  9 14 23.190  1.42   1
      606  55.121985 -161.725228     5.149     3375.7     2304.8   -13889.7 168752.1 162243.5 161046.8 2021  1 19 21 57 33.120  1.18   1
     6061  55.290881 -161.425114    25.406    22480.2    21107.1     6367.4 154612.9 317102.3 496117.0 2021  8 17  9 49 28.980  1.50   1
     6062  55.313721 -161.073861    30.331    44835.7    23649.7    11292.5 197024.0 313548.9 575832.8 2021  8 17  9 49 52.190  1.38   1
     6063  55.307495 -161.447998    19.241    21018.6    22956.6      202.1 104445.1 317668.7 205989.8 2021  8 17 11 24 55.960  0.89   1
     6070  55.455412 -161.735889     4.755     2684.1    39423.4   -14283.6 ******** 848462.6 ******** 2021  8 18  4 35  6.640  0.91   1
     6073  54.962651 -162.709570     3.807   -59558.9   -15433.1   -15232.2 126163.9 206019.8 202720.2 2021  8 18  4 58 45.360  1.42   1
     6074  55.270101 -161.762988     2.926      964.2    18793.7   -16112.5 123757.2  89574.9 108041.1 2021  8 18  4 59  5.810  1.67   1
     6077  55.363293 -161.791764    39.483     -867.8    29168.4    20443.7 ******** ******** 675250.3 2021  8 18  9 43 43.220  1.72   1
      608  55.112000 -162.180322    12.897   -25669.7     1193.2    -6141.5 582809.9 625062.0 475867.3 2021  1 19 23 43  6.180  0.87   1
     6087  55.302991 -161.767741    30.078      661.2    22455.2    11039.3 519678.3 383322.5 434976.3 2021  8 18 17 49 52.000  1.05   1
     6088  55.458598 -161.790316     3.181     -774.7    39778.1   -15858.0 ******** 309229.2 ******** 2021  8 18 17 56 50.020  0.49   1
     6091  55.240833 -162.117513    24.949   -21626.2    15535.4     5910.4 ******** ******** ******** 2021  8 18 18 16 42.680  0.79   1
     6093  54.990715 -161.566846    31.701    13505.0   -12308.9    12662.5 159697.5 125363.8 306996.5 2021  8 18 18 22 18.880  1.85   1
     6096  55.155945 -160.731006    69.406    66794.4     6085.4    50366.8  97567.3 461125.0 241578.9 2021  8 18 20  7 24.800  1.92   1
     6098  55.173112 -161.271240     1.220    32326.6     7996.5   -17819.3 175260.3 159644.9 183358.5 2021  8 18 20 29 22.340  1.03   1
     6100  55.589445 -162.294092    20.024   -32734.8    54344.6      985.1 ******** ******** ******** 2021  8 18 21 22 29.440  1.30   1
     6104  54.814360 -161.158268    14.183    39708.1   -31941.5    -4856.2 205874.0 213840.5 278190.5 2021  8 18 22 16 30.600  1.68   1
     6105  54.923824 -161.372282    66.871    25963.1   -19755.4    47832.4 318949.6 121141.8 282728.1 2021  8 18 22 16 38.120  1.91   1
     6106  55.283964 -161.583252    28.058    12410.9    20337.1     9018.9 218725.2 169224.4 160170.6 2021  8 18 22 27 51.880  0.99   1
     6112  54.978133 -160.218766    22.314    99690.0   -13709.5     3274.9 435859.4 642527.4 467055.5 2021  8 19  2  9 58.910  1.71   1
     6113  55.599650 -161.383187    27.995    25053.1    55480.7     8955.7 227437.8 247926.7 497625.8 2021  8 19  2 23  7.460  1.96   1
     6115  55.325887 -161.697087     1.873     5158.4    25004.1   -17166.1 731216.6 466778.2 802805.9 2021  8 19  2 43 30.140  0.44   1
     6119  55.519474 -161.719808    35.187     3703.1    46555.2    16148.5 253886.1 408884.7 168751.0 2021  8 19  3 34 54.970  0.98   1
      612  54.877950 -160.987109    21.468    50632.6   -24862.3     2428.8 223061.0 282751.8 228669.0 2021  1 20  2  7  0.610  3.85   1
     6122  55.379818 -161.442041    18.879    21378.5    31007.9     -159.6  91545.2 216420.2 254075.1 2021  8 19  8  3 10.660  0.66   1
     6123  54.616772 -161.295215    23.994    31011.0   -53937.9     4955.6 184156.6 144615.2 150796.0 2021  8 19  8 46  3.640  1.64   1
     6126  55.246887 -162.016927     6.134   -15215.6    16209.5   -12904.8 562540.4 556246.0 605619.5 2021  8 19 12 20 54.760  1.03   1
     6127  55.245549 -161.169206    65.177    38798.8    16060.5    46137.8 251825.0 506653.0 145778.7 2021  8 19 12 27 29.090  1.29   1
     6132  54.717033 -162.688005    13.414   -58357.3   -42776.4    -5625.3 180597.3 204901.8 258035.5 2021  8 19 18 29  4.820  0.96   1
     6134  55.123840 -161.833219    27.723    -3515.8     2511.3     8683.8 389117.9 213479.2 396630.8 2021  8 19 18 32 30.120  1.17   1
     6141  55.209725 -161.743245    38.825     2223.4    12072.4    19786.3 270969.2 165264.8 132623.8 2021  8 20  6 53 34.640  0.84   1
     6142  55.110795 -161.622754    43.365     9916.5     1059.1    24326.4 410206.6 174344.6 264360.5 2021  8 20  6 57 34.520  0.79   1
     6143  54.936104 -162.226400     2.894   -28673.2   -18388.3   -16144.9  67472.7  74104.9  56663.4 2021  8 20  9  2 35.480  1.53   1
     6148  55.040690 -161.268652    33.672    32545.3    -6745.3    14633.0 154050.8 367376.3 163938.3 2021  8 20 10 47 22.590  1.18   1
     6149  54.870227 -162.668083    31.149   -56971.4   -25722.1    12110.5 271434.3 228689.0 177760.3 2021  8 20 12 21 54.310  1.49   1
     6161  55.259448 -161.232194    33.242    34779.3    17607.8    14202.9 125307.3 186123.9 205406.6 2021  8 20 23 49  5.240  1.51   1
     6164  55.253158 -161.167887    31.498    38879.1    16907.5    12459.1 138911.9 273202.3 191470.8 2021  8 21  3 54 30.650  1.79   1
     6165  55.311369 -162.307129     4.912   -33679.1    23387.9   -14126.8 180593.5 213065.8 226465.5 2021  8 21  3 55 10.900  2.65   1
     6167  55.311064 -160.441227    12.854    85114.1    23353.9    -6184.5 226472.5 417317.8 229806.2 2021  8 21  8 45  2.920  1.71   1
     6168  54.918673 -162.206429    23.573   -27401.7   -20328.9     4533.7 246240.2 127320.8 269496.7 2021  8 21  8 52 21.740  2.00   1
     6169  54.946533 -162.234424    17.906   -29182.7   -17227.3    -1132.9 135465.3 145245.4 135783.2 2021  8 21  8 52 31.430  2.12   1
     6174  55.082560 -162.890658    17.342   -71032.0    -2084.2    -1696.5 189415.2 635112.0 420520.1 2021  8 21 16 40 16.890  1.46   1
     6177  54.942428 -162.231136     6.231   -28973.9   -17684.4   -12808.0  57284.0 126539.9 124117.1 2021  8 22  0  5 25.130  0.76   1
     6183  55.119739 -161.596468    19.975    11592.9     2054.7      935.7 178229.8 278903.7 170044.6 2021  8 22  6 42 13.970  0.95   1
     6184  54.959733 -161.425651    21.816    22538.8   -15757.9     2776.7 264557.3 386194.3 272188.3 2021  8 22  6 42 44.270  1.68   1
     6194  55.161991 -161.932487    21.176    -9845.8     6758.5     2137.0 ******** ******** ******** 2021  8 22 18 47 15.400  0.69   1
     6195  54.834989 -161.183301    31.803    38094.8   -29644.9    12764.5 232928.7 237494.4 430310.4 2021  8 22 20 51 29.240  2.37   1
     6198  55.797180 -161.984977     1.113   -13089.1    77470.7   -17925.5 316695.2 186063.8 214535.6 2021  8 23  7 18 58.980  2.02   1
     6199  55.403210 -161.452881    23.276    20682.9    33612.1     4237.2 237145.6 361291.4 213315.5 2021  8 23  7 21 46.360  1.47   1
       62  54.934741 -161.414632    30.098    23250.7   -18540.1    11058.7 192548.5 204258.5 342958.7 2021  1  2 21 33 59.180  1.62   1
     6202  55.321134 -161.883708    18.594    -6721.1    24475.0     -444.7 520400.4 ******** ******** 2021  8 23 12 22 34.930  0.35   1
     6203  55.460295 -161.874040    23.781    -6095.0    39967.0     4742.1 297621.8 601885.5 299627.6 2021  8 23 13 15 22.840  1.01   1
     6204  54.914701 -162.208822     0.131   -27556.2   -20771.0   -18907.7 108497.1 141265.6  93101.5 2021  8 23 15 37  9.380  2.04   1
     6206  54.614437 -161.401855    11.985    24163.5   -54197.9    -7053.6 188268.8 143333.4 123946.9 2021  8 23 18  2 57.340  2.00   1
     6215  55.142745 -161.915381    16.349    -8756.8     4615.9    -2690.1 ******** ******** ******** 2021  8 24  0 52 39.680  0.58   1
     6216  54.915629 -162.218734     3.843   -28190.0   -20667.7   -15196.1 163143.9 123827.3 200634.0 2021  8 24  0 59 41.460  1.01   1
     6227  54.523820 -163.369873    22.845  -102334.3   -64285.8     3805.9 278572.5 319452.8 277730.0 2021  8 24 11 52 45.080  1.29   1
     6229  54.709786 -162.987663    17.610   -77583.5   -43583.1    -1429.0 264770.3 171952.8 432650.1 2021  8 24 12 23 59.360  1.94   1
     6230  54.982898 -161.635026    23.109     9147.8   -13179.0     4070.3 213197.9 174603.5 194805.4 2021  8 24 12 31 40.480  1.49   1
     6233  55.445097 -161.721517     7.314     3597.9    38275.1   -11724.7 722488.0 519150.8 774047.6 2021  8 24 12 36 29.100  1.07   1
     6237  55.136328 -161.361019    14.735    26613.2     3901.5    -4304.3 151616.7 185948.5 620457.6 2021  8 24 14 26  9.350  1.16   1
      624  55.165609 -161.413265     5.592    23271.2     7161.2   -13446.8 153865.6 163089.1 ******** 2021  1 21  5  1 58.740  1.91   1
     6242  54.681303 -161.722705    30.060     3556.1   -46754.0    11021.5 255299.5 259823.4 499705.5 2021  8 24 17 29 38.940  1.18   1
     6247  55.277616 -161.987028    20.283   -13305.4    19630.4     1243.7 ******** ******** ******** 2021  8 24 20 27 24.000  1.52   1
     6259  55.462394 -161.734391    14.131     2779.1    40200.7    -4908.1 ******** ******** ******** 2021  8 25  2 11 30.510  1.02   1
     6260  55.336304 -161.705648    10.121     4612.8    26163.8    -8918.4 408955.0 429107.1 354244.8 2021  8 25  2 17 46.410  0.57   1
     6264  55.248299 -161.856608    12.643    -5000.6    16366.7    -6395.7 267586.3 767032.2 882627.6 2021  8 25  4  8  3.370 -0.43   1
     6265  55.012972 -161.668424     2.842     7010.1    -9831.1   -16196.4 156683.1 269623.2 177782.1 2021  8 25  4 42 10.750  0.89   1
     6269  55.380697 -161.736458    21.198     2650.4    31105.8     2159.4 186250.5 218438.4 108495.5 2021  8 25  5 34 12.550  0.27   1
     6277  56.074487 -163.014990  1223.929   -77991.9   108341.8  1204889.9 ******** ******** ******** 2021  8 25  7 51 28.200  0.91   1
     6278  55.366882 -162.050391    65.880   -17321.8    29567.9    46840.7 565769.2 685782.6 200783.0 2021  8 25  7 59 50.300  1.36   1
     6281  55.440381 -161.892562    42.742    -7273.9    37750.1    23703.5 365143.3 270316.3 159680.0 2021  8 25  8  9 20.870  1.27   1
     6282  55.384757 -161.872119    10.874    -5978.7    31557.9    -8165.1 ******** ******** ******** 2021  8 25  8 28 29.800  0.68   1
     6284  55.238464 -161.392318     1.646    24584.8    15271.8   -17392.4  81613.4 153661.3 205598.3 2021  8 25  9 37 41.810  1.22   1
     6285  55.377861 -160.723747    13.346    67071.3    30790.0    -5692.6 152869.4 409356.1 234084.1 2021  8 25  9 37 50.510  1.52   1
     6296  54.598824 -162.063981    13.783   -18360.8   -55936.0    -5255.9 196660.7  57727.5 749023.2 2021  8 25 13 40  8.950  1.00   1
     6297  54.638741 -161.413037    14.294    23438.4   -51492.2    -4744.9 182432.1 212529.8 151295.4 2021  8 25 14 46 33.870  1.16   1
     6298  55.345361 -162.211003    24.215   -27547.5    27172.1     5176.5 ******** ******** ******** 2021  8 25 15 59 54.160  0.71   1
     6299  55.331197 -161.728857    11.602     3135.8    25595.3    -7436.9  69061.8 265484.5 192750.0 2021  8 25 16 13 23.300 -0.05   1
     6301  55.217993 -162.341585     4.962   -35914.6    12992.9   -14077.0 ******** ******** ******** 2021  8 25 16 51 22.960  0.92   1
     6307  55.305579 -161.504915     5.796    17395.2    22743.3   -13242.9 126820.5 175677.8 162158.4 2021  8 25 18 53 11.720  0.57   1
     6308  55.228007 -161.608545     5.020    10807.6    14107.7   -14019.1 190415.5 126221.5 241227.7 2021  8 25 18 57 22.080  0.62   1
      631  54.506657 -161.722770    10.478     3559.5   -66196.4    -8561.1  99375.7 118018.7 103564.5 2021  1 21  7 50  6.900  1.59   1
     6310  55.440125 -161.872152    11.910    -5976.6    37721.6    -7128.7 ******** ******** ******** 2021  8 25 19 34 41.320  0.97   1
     6312  54.648556 -161.435010    12.479    22025.1   -50399.6    -6559.6 210505.4 157673.0 195334.8 2021  8 25 19 56 14.720  2.00   1
     6316  55.209139 -161.457731    33.288    20424.0    12007.2    14248.8 220710.0 289992.7 420857.7 2021  8 25 21 47 48.980  1.58   1
     6318  55.264063 -161.299642    45.605    30480.7    18121.5    26565.8 265314.4 266956.4  85063.7 2021  8 25 22  7 56.880  1.40   1
     6322  54.706742 -161.363737    21.139    26581.1   -43922.0     2099.9 241300.6 185029.2 201262.3 2021  8 25 22 54 30.780  1.08   1
     6324  55.274455 -161.836279    14.780    -3704.1    19278.4    -4259.3 972460.1 829291.1 831379.2 2021  8 26  0 26 53.410  0.73   1
     6326  55.418197 -161.741032     5.053     2358.4    35280.5   -13985.7 865365.9 605660.8 891376.8 2021  8 26  1 22 23.300 -0.02   1
     6333  55.383191 -161.927507    14.619    -9501.8    31383.5    -4420.4 ******** ******** ******** 2021  8 26  2 22 17.830  0.37   1
     6334  55.019560 -162.198356    12.726   -26851.6    -9097.7    -6312.7 344169.2 398431.3 248414.4 2021  8 26  2 26 43.400  0.26   1
     6335  54.722587 -162.888753    10.595   -71227.9   -42158.1    -8444.0 157873.7 166147.7 271405.0 2021  8 26  3 15 56.130  1.03   1
     6336  55.072017 -162.994889    12.550   -77697.1    -3257.8    -6488.8 300447.5 388666.7 257934.7 2021  8 26  4 40 30.260  1.10   1
     6338  55.349296 -161.769287    20.217      562.4    27610.1     1177.9 743739.0 ******** 903959.9 2021  8 26  5 34 44.570 -0.10   1
     6342  54.658866 -161.837760    39.714    -3827.6   -49251.8    20674.6 260539.1 182322.8 262314.4 2021  8 26  8 49 43.490  0.85   1
     6345  55.290401 -161.527523     4.395    15958.8    21053.7   -14644.0 202860.7 206773.9 326808.1 2021  8 26 10 42  2.770  1.03   1
     6349  55.201090 -160.911296    33.396    55262.9    11111.2    14356.9 235804.9 221982.2 244651.4 2021  8 26 12 16 18.730  1.11   1
      635  55.381018 -161.861263     5.886    -5288.4    31141.6   -13152.6 563314.1 312953.5 679009.0 2021  1 21  8 21 46.610  0.25   1
     6350  55.555278 -161.563053    30.328    13650.8    50540.9    11289.1 227115.5 226478.9 305003.8 2021  8 26 13 57 17.920  1.03   1
     6353  55.235527 -160.924561    32.032    54393.8    14944.8    12993.4 184394.0 316808.7 349962.9 2021  8 26 15  6 21.390  1.16   1
     6367  54.508289 -162.075309    10.904   -19109.8   -66014.8    -8134.8 385157.6 105089.2 ******** 2021  8 27  0 25 56.640  1.11   1
     6368  55.326851 -160.976855    72.962    51003.0    25111.5    53923.5 178934.6 356388.8 285233.8 2021  8 27  1 11 19.300  1.05   1
      637  55.135490 -162.394255    39.806   -39312.2     3808.2    20766.9 179419.7 237010.2 226712.5 2021  1 21 12 34 27.020  2.76   1
     6373  54.729867 -160.867839    26.015    58374.1   -41347.7     6975.8 487153.8 528240.8 ******** 2021  8 27  2 40 13.020  2.31   1
     6377  55.182674 -161.642367     3.059     8657.0     9061.0   -15979.6 279298.1 274502.0 162772.0 2021  8 27  3  5 34.690  0.07   1
     6381  54.815348 -161.044678    31.269    46984.2   -31831.5    12230.3 210178.8  99128.2 395309.8 2021  8 27  5 24 28.610  1.73   1
     6382  54.552250 -162.280680    59.797   -32298.2   -61120.8    40758.1 326354.9 126747.7 119007.6 2021  8 27  6 32 50.270  1.12   1
     6387  54.746497 -162.964421    11.142   -76058.1   -39496.3    -7897.3 376242.1 450626.2 358780.4 2021  8 27  7 56 36.670  1.18   1
     6392  55.198800 -161.795866     4.402    -1131.1    10856.2   -14636.8 243271.2 171539.4 275650.3 2021  8 27 10 20  2.040  0.26   1
     6393  55.207967 -162.002799    17.352   -14322.4    11876.7    -1686.8 614293.1 691632.9 734744.9 2021  8 27 10 20 18.710  0.59   1
     6394  55.144275 -162.448275    47.247   -42754.2     4786.2    28208.0 297062.8 186786.7 142696.2 2021  8 27 10 33 56.580  1.89   1
     6396  55.221370 -161.156999     0.909    39588.6    13368.8   -18129.6 204758.5 289176.4 172783.1 2021  8 27 11 36 53.980  1.43   1
       64  54.808199 -161.307292    32.896    30163.9   -32627.3    13857.5 275674.9 124597.6 412827.7 2021  1  2 23 32 26.740  2.17   1
      640  54.608614 -161.634359    12.474     9233.1   -54846.1    -6564.5 161050.1 139049.0 174436.0 2021  1 21 16 27 56.260  2.90   1
     6406  55.043864 -161.551530    29.611    14474.4    -6392.0    10572.2 117283.7 248601.6 294449.5 2021  8 27 20 23 16.680  2.80   1
     6408  55.146908 -161.993359    28.502   -13731.1     5079.3     9463.4 734871.4 703094.9 818685.1 2021  8 27 21 55 18.520  0.63   1
     6409  55.227934 -162.071273    41.132   -18682.7    14099.5    22093.2 443159.4 432824.5 201012.8 2021  8 27 23 59 53.240  0.57   1
     6411  55.010649 -161.568327    19.655    13407.0   -10089.7      616.1  87607.3 150186.9 226938.8 2021  8 28  1 35 21.250  1.08   1
     6412  54.448556 -161.502409     8.452    17742.4   -72664.5   -10586.5 110908.7  99756.1 194746.3 2021  8 28  3 57 27.040  1.75   1
     6417  55.274638 -161.903548    12.249    -7988.7    19298.8    -6789.6 459458.7 591432.7 857799.4 2021  8 28  7 59 43.700  1.35   1
     6420  54.995418 -162.349382     2.885   -36512.6   -11785.2   -16153.9 247185.8 126058.6 169102.9 2021  8 28  8 10 58.300  0.81   1
     6423  55.127315 -160.366829    10.632    90056.9     2898.2    -8406.7 304091.1 625316.9 306163.5 2021  8 28 10 27 19.370  2.16   1
     6427  55.098059 -160.334814    10.392    92133.4     -358.8    -8647.4 262248.9 322533.8 258633.3 2021  8 28 12 49 16.000  1.41   1
     6428  55.670650 -161.335596    39.484    28047.0    63384.8    20445.3 364711.6 500002.4 441724.7 2021  8 28 13 32 16.190  1.18   1
     6437  55.108936 -161.022249    81.437    48244.6      852.1    62397.9  70864.5 190965.3  98164.6 2021  8 28 18 20 12.540  1.78   1
     6448  54.869503 -162.625505    32.362   -54246.2   -25802.7    13323.1 226387.2 354783.9 282498.9 2021  8 28 19 45 12.080  1.39   1
     6450  54.713814 -161.226090    15.346    35407.4   -43134.7    -3692.5 262158.4 365046.8 125211.2 2021  8 28 19 51  1.160  0.98   1
     6452  55.407312 -161.843620    21.879    -4164.7    34068.7     2840.0 900094.5 633601.3 654478.9 2021  8 28 19 54 26.040 -0.05   1
     6455  54.322957 -162.274382    16.039   -31983.5   -86646.7    -2999.5 626257.8 194476.3 423539.8 2021  8 28 20  8 45.400  1.03   1
     6456  55.277669 -161.584880    28.044    12308.2    19636.3     9005.6 379528.7 236328.4 245283.3 2021  8 28 20 22 20.360  1.89   1
     6457  55.327702 -161.295736    31.715    30705.1    25206.1    12676.5 160840.6 213418.7 193975.7 2021  8 28 21 55 25.400  0.95   1
     6464  55.033813 -161.654850    20.843     7875.5    -7510.9     1804.6  91907.2 107889.9 117418.6 2021  8 29  1  4 52.410  0.83   1
     6465  55.122965 -160.361947     9.697    90373.4     2413.9    -9341.9 220167.7 435414.1 221096.1 2021  8 29  1 16  1.050  1.62   1
     6468  54.927555 -162.543197    32.217   -48941.8   -19340.0    13177.9 248368.3 383499.3 519435.6 2021  8 29  8 31 12.900  1.46   1
      647  55.176046 -161.716146    11.069     3952.6     8323.1    -7970.0 194516.3 206460.2 190942.7 2021  1 21 21 23  0.380  0.62   1
     6471  54.642265 -161.420866    11.608    22934.8   -51099.9    -7430.8 197202.7 120933.5 204321.3 2021  8 29 10 46 25.870  1.28   1
     6483  54.987333 -162.280632     7.327   -32121.6   -12685.3   -11711.8  48955.9  94993.6 168945.2 2021  8 29 14  7 42.490  1.04   1
      649  54.585274 -161.330322    14.645    28767.7   -57444.4    -4394.4 267941.5 170262.7 257038.4 2021  1 22  5  8 24.920  1.60   1
     6491  55.128333 -161.882601    13.071    -6666.7     3011.4    -5967.4 158894.8 155596.0 222543.8 2021  8 29 16 23 17.630  0.60   1
     6493  55.032625 -160.544613    10.056    78805.2    -7643.2    -8983.1 295197.6 372092.5 211041.0 2021  8 29 17 16 22.680  1.14   1
       65  54.810356 -161.416862    15.885    23143.7   -32387.3    -3154.0 187741.5 167008.6 281876.4 2021  1  2 23 32 40.800  2.11   1
      650  54.867322 -161.776611    15.744       96.9   -26045.5    -3294.5 278385.7 209272.2 297381.6 2021  1 22  5  8 52.590  1.52   1
     6501  55.321464 -161.997656     2.383   -13974.7    24511.7   -16656.2 666323.8 559807.6 256365.0 2021  8 29 18 50  5.820  0.10   1
     6517  55.190108 -161.200928    32.758    36803.0     9888.6    13719.2 137945.6 214665.4 306834.1 2021  8 31 22 16 28.320  2.37   1
     6518  55.254260 -161.019987    58.308    48301.4    17030.3    39269.6 121394.3 295698.8  57079.0 2021  8 31 22 16 51.440  2.59   1
     6531  55.243469 -161.280990    54.837    31677.0    15829.0    35798.3 230410.1 358948.9 184907.3 2021  9  1  6 54 57.500  1.21   1
     6533  55.484741 -160.369043    73.826    89514.8    42688.5    54786.8 140454.5 365790.3 163635.7 2021  9  1  7 11  9.200  1.74   1
     6536  55.386190 -162.568799    22.994   -50291.2    31717.3     3955.4 ******** ******** ******** 2021  9  1  9 46  1.810  1.79   1
     6539  55.220154 -161.651872    14.761     8047.1    13233.4    -4278.0 165248.4 222551.0 378849.8 2021  9  1 13 17 57.550  2.08   1
     6542  55.291317 -161.661475     6.461     7428.4    21155.6   -12577.5  62809.1 121811.4 134500.2 2021  9  1 14 33 39.070  0.29   1
     6543  54.597034 -161.407520    12.667    23804.9   -56135.3    -6371.4 240541.1 170490.5 116688.9 2021  9  1 16  5 38.970  1.54   1
     6546  54.984993 -162.367318    11.449   -37663.9   -12945.8    -7589.8 180356.7 172672.0 121133.1 2021  9  1 17 34 26.120  0.61   1
     6549  55.179517 -163.318587    12.686   -98235.3     8709.5    -6352.6 389082.3 712234.4 317715.6 2021  9  1 19 53 28.660  1.80   1
      655  55.053988 -161.739665    17.582     2456.5    -5265.0    -1457.1 213594.0 142825.1 162136.8 2021  1 22 11 29 25.190  1.60   1
     6558  55.388892 -161.886165     8.272    -6871.7    32018.1   -10766.4 ******** ******** ******** 2021  9  2  4 28 27.930  0.01   1
     6559  55.232947 -161.258008    20.296    33145.8    14657.6     1256.8 138506.3 199590.6 233579.8 2021  9  2  4 56 30.850  0.99   1
      656  55.077157 -161.815902    17.227    -2412.1    -2685.7    -1811.7 106070.8  82797.4  97688.1 2021  1 22 11 29 41.730  2.15   1
     6562  54.735225 -160.917367     9.806    55194.3   -40751.1    -9232.4 558633.4 566991.9 511651.8 2021  9  2  5 10 44.000  2.09   1
     6563  54.951371 -161.338135    21.481    28138.0   -16688.7     2441.7 155651.6 220237.2  76658.4 2021  9  2  8  7 54.680  2.42   1
      657  54.457768 -162.260449    46.875   -31034.1   -71639.0    27836.2 263561.1  79821.1 120028.0 2021  1 22 12 58  1.920  1.98   1
     6570  54.202010 -162.091960    18.942   -20256.5  -100111.1      -97.1 733937.1 297612.2 330560.8 2021  9  2 10  3 10.170  1.95   1
     6577  55.193258 -161.738379    20.750     2534.2    10239.2     1711.3 377827.4 168611.1 151982.6 2021  9  2 12 56 32.960  1.30   1
     6579  54.667118 -160.839111     9.592    60263.0   -48333.1    -9446.9 320653.1 318960.2 299810.5 2021  9  2 16  2 51.040  2.25   1
     6580  55.231710 -163.414681     8.717  -104295.3    14519.9   -10322.3 136607.1 462458.9 216871.0 2021  9  2 16 53 44.620  1.83   1
     6589  54.451750 -162.168766    15.506   -25136.8   -72309.0    -3532.8 562261.9 120433.5 215391.6 2021  9  3  3 48  0.470  1.49   1
     6590  54.883785 -162.185075     0.161   -26046.8   -24212.8   -18877.9  96520.2 104923.5  90754.6 2021  9  3  3 56 11.060  2.67   1
     6592  54.655570 -162.620947    12.268   -54097.5   -49618.7    -6771.0 189710.7 153893.8 187317.1 2021  9  3  6 19 39.710  1.32   1
     6594  55.410510 -161.881055     7.600    -6544.9    34424.8   -11438.6 ******** ******** ******** 2021  9  3 10 22 32.430 -0.18   1
     6597  54.486930 -161.359001     8.817    26958.0   -68392.5   -10221.5 257113.3 128500.4 256099.0 2021  9  3 13 44  6.890  1.76   1
     6598  55.356828 -161.769092     5.269      574.8    28448.6   -13770.0 227763.9 263223.6 193410.4 2021  9  3 14 50 28.240 -0.45   1
     6601  55.309045 -162.057633    35.866   -17795.5    23129.2    16826.9 ******** ******** ******** 2021  9  3 15 59 53.310  0.90   1
     6607  54.527922 -161.322493     8.979    29291.3   -63829.2   -10060.3 300926.5 149164.9 302302.6 2021  9  3 16 46 58.870  1.88   1
     6608  55.292021 -161.753499     8.063     1568.2    21234.0   -10975.8 917657.8 720228.1 997618.5 2021  9  3 16 47 26.440  2.30   1
     6610  55.103723 -161.637826    31.228     8955.4      271.8    12189.3 201543.7 163726.5 241053.4 2021  9  3 16 49  2.340  1.59   1
     6615  55.121981 -161.652262    34.051     8032.0     2304.3    15012.0 199124.6 249746.9 216193.8 2021  9  3 17 31 23.480  1.78   1
     6616  54.721509 -161.905355    12.867    -8159.7   -42278.1    -6172.0 229795.4 120679.0 231074.3 2021  9  3 18 36 23.860  1.17   1
     6618  55.215352 -161.538086    17.476    15300.5    12698.9    -1562.7 177792.8 184553.5 206633.0 2021  9  4  0 46 25.530  1.13   1
     6619  55.041488 -161.326725    49.715    28835.3    -6656.6    30675.8 430965.9 707764.5 471241.3 2021  9  4  1 23 56.150  0.96   1
     6621  55.332532 -161.757340     4.517     1322.9    25743.8   -14521.7 680664.4 628741.1 777682.1 2021  9  4  1 39 18.940  0.65   1
     6622  55.064425 -162.814730     4.043   -66199.2    -4103.1   -14995.7 114588.2 221135.1 183225.2 2021  9  4  2 35 16.270  0.97   1
     6623  55.449304 -161.467318     2.808    19753.4    38743.5   -16231.3 147441.2 218129.9 197948.9 2021  9  4  2 54 59.860  0.48   1
     6625  55.142094 -163.109131     1.023   -84917.9     4543.4   -18016.3 141881.3 464169.4 145815.0 2021  9  4  4  2 22.450  1.75   1
     6627  54.947270 -161.887760     3.148    -7011.7   -17145.3   -15891.0 171517.2 182899.7 150879.4 2021  9  4  4  3  5.740  1.12   1
     6628  55.439339 -161.785107     3.850     -443.8    37634.1   -15189.1 ******** 856496.8 ******** 2021  9  4  4  5 26.770  0.37   1
     6629  55.273669 -161.726644     8.274     3279.1    19191.0   -10764.7 281979.3 163107.8 451784.3 2021  9  4  5 45  4.580  0.18   1
     6632  55.213192 -163.009766    14.069   -78508.8    12458.3    -4969.9 156159.1 550204.7 234075.2 2021  9  4 10 23 42.390  1.20   1
     6641  55.360502 -161.801709    16.536    -1500.6    28857.6    -2503.0 808987.9 412730.5 497087.9 2021  9  4 16  0 24.680  0.86   1
     6642  55.183769 -161.040739    15.498    47020.6     9182.8    -3541.0 162679.4 515910.6 397560.0 2021  9  4 16  2 13.820  1.34   1
     6644  54.930705 -161.372607    29.095    25940.1   -18989.4    10056.4 237070.5 249081.3 552988.4 2021  9  4 16 19 47.520  1.35   1
     6647  55.272384 -162.498910    16.937   -45911.2    19047.9    -2101.9 919128.6 ******** 831286.1 2021  9  4 18 54 44.040  1.35   1
     6648  55.194812 -161.432568    28.031    22031.9    10412.2     8992.1 107752.6  93939.8 257536.4 2021  9  4 19 32 39.040  1.52   1
     6649  55.215812 -161.793978    11.306    -1010.5    12750.1    -7733.3 604727.6 244061.9 654246.6 2021  9  4 19 33 38.860  0.78   1
     6652  55.340088 -161.678060    18.540     6368.4    26585.0     -498.8 434348.6 460989.9 411469.4 2021  9  5  0 35 26.740  0.52   1
     6653  55.244889 -161.887826    41.768    -6989.9    15987.1    22729.1 179478.2 350302.4  98073.3 2021  9  5  2 22 56.380  1.34   1
     6655  55.401603 -161.972217    17.377   -12342.9    33433.2    -1662.0 ******** ******** ******** 2021  9  5  5  7 35.520  1.53   1
     6656  55.326139 -162.335824    65.092   -35499.4    25032.2    46053.6 237128.5 702613.1 222250.6 2021  9  5  7 59 49.410  1.02   1
     6659  55.514445 -161.397201    43.913    24190.0    45995.3    24874.3 215374.2 391785.2 245605.6 2021  9  5 14 56 32.180  1.30   1
     6661  55.030054 -161.654020    24.776     7928.9    -7929.4     5737.5 102928.9 107078.0  62082.4 2021  9  5 16 42 37.540  1.29   1
     6662  54.932023 -161.593424    20.196    11814.7   -18842.7     1157.4 207849.9 160790.3 194149.1 2021  9  5 16 42 51.020  1.41   1
      667  55.354281 -161.890641    15.441    -7159.5    28165.0    -3597.6 931583.0 840244.9 799437.4 2021  1 22 19 42 19.600  0.51   1
     6671  55.378723 -161.577669    12.466    12751.3    30886.1    -6573.2 133755.9 225182.4 193581.8 2021  9  6  1 52 45.900  1.00   1
     6673  54.408480 -161.387142    12.202    25172.2   -77126.0    -6837.1 220901.5 184306.5 160360.0 2021  9  6  2 34 15.930  1.13   1
     6680  55.302047 -162.241178    22.984   -29483.8    22350.1     3945.4 ******** ******** ******** 2021  9  6  7 59 53.770  1.22   1
     6682  54.959591 -163.644857    13.323  -119367.9   -15773.7    -5715.6 248376.3 814821.2 247689.7 2021  9  6  8 35 41.290  1.47   1
     6684  54.543958 -163.045231    13.217   -81442.7   -62043.9    -5822.1 169559.5 150016.7 178973.7 2021  9  6  9 31 41.580  1.27   1
     6687  54.808899 -160.899365    73.035    56297.3   -32549.4    53995.8 116075.7 325784.3 152437.4 2021  9  6 12 34 51.550  1.55   1
     6688  54.634420 -161.552148    48.337    14508.3   -51973.3    29297.9 238019.9 211143.8 210229.0 2021  9  6 13 52 12.440  1.47   1
      669  54.851733 -160.977767    33.192    51247.3   -27780.9    14152.7 115227.3 300811.7 335644.7 2021  1 22 19 49  6.560  2.34   1
     6692  54.920736 -162.195085     0.743   -26675.3   -20099.2   -18296.0  52161.7  88526.3  78538.8 2021  9  6 17 28 29.920  1.28   1
     6693  54.937773 -162.252311     4.327   -30330.0   -18202.6   -14711.4 198235.6 146903.3 233279.3 2021  9  6 17 28 50.240  1.50   1
     6697  55.234896 -161.668685     7.324     6974.2    14874.5   -11715.3 133715.0 156242.9 430373.3 2021  9  6 21 53 55.000  2.73   1
      670  54.813444 -161.577946    67.687    12823.6   -32043.4    48648.3 169355.2 123177.7 148961.7 2021  1 22 21  6 35.560  2.10   1
     6707  54.484440 -161.760514    10.950     1132.7   -68669.7    -8088.6 157942.4 102274.4 182022.3 2021  9  7  1 32 17.350  1.54   1
     6708  55.240560 -161.882975    12.438    -6681.2    15505.1    -6600.8 ******** ******** ******** 2021  9  7  2 32 46.410  0.96   1
     6711  55.333533 -161.898812    13.644    -7681.4    25855.3    -5394.6 728050.1 ******** 811362.5 2021  9  7  3 47 45.070 -0.06   1
     6714  55.119751 -161.864128    51.084    -5488.5     2056.1    32045.0 434828.5 230801.4 138503.5 2021  9  7  4 39 39.060  1.41   1
     6716  55.239734 -161.887207    13.118    -6950.9    15413.1    -5920.7 558597.9 ******** ******** 2021  9  7  4 47  2.280  0.88   1
     6728  55.575981 -161.844515    14.612    -4212.7    52845.7    -4426.6 ******** ******** ******** 2021  9  7 10 22 46.600  0.44   1
      673  55.209489 -161.528418    18.566    15917.9    12046.1     -472.9 130568.3 161664.0 201451.2 2021  1 22 22 26 35.020  1.45   1
     6731  55.358598 -161.834831    37.708    -3608.0    28645.6    18668.8 520709.8 599502.2 699368.0 2021  9  7 14 10  5.680  1.15   1
     6733  54.500016 -163.203743     7.567   -91680.6   -66935.7   -11472.0 133360.7 125039.7 116415.0 2021  9  7 15 10 56.830  1.52   1
     6734  55.370378 -161.300228    41.872    30402.9    29957.0    22833.5 243574.6 369364.8 214407.5 2021  9  7 15 19 32.750  1.31   1
     6736  55.431946 -161.862370    31.502    -5355.4    36811.1    12462.9 581065.5 642509.2 345216.4 2021  9  7 17 26 24.840  0.84   1
     6738  55.478068 -161.961995    19.448   -11681.7    41945.6      409.0 ******** ******** ******** 2021  9  7 17 27 29.400  0.53   1
     6741  55.674556 -161.476823    54.266    19095.2    63819.6    35226.9 347395.5 335074.8 253039.8 2021  9  7 18 10 18.160  1.18   1
     6742  55.124577 -161.349723    15.123    27337.9     2593.3    -3916.0 191941.5 476087.2 678776.0 2021  9  7 18 11 36.200  0.80   1
      675  55.215312 -161.764795    10.003      849.7    12694.3    -9035.5 858178.4 586277.9 964540.6 2021  1 23  2 36  0.250  0.86   1
     6754  54.373193 -161.459147     9.863    20545.3   -81054.2    -9175.6 219756.0 227980.8 210086.4 2021  9  7 21 53 16.320  1.95   1
     6764  54.934505 -162.214925     1.844   -27939.8   -18566.3   -17195.3  70976.0  39943.5  77757.7 2021  9  8  3  9 46.090  1.52   1
     6765  54.843225 -162.375960    15.306   -38283.7   -28728.1    -3732.6 146552.1  73107.6 311749.8 2021  9  8  3 10  2.640  1.84   1
     6766  54.931673 -162.183024     0.192   -25900.2   -18881.6   -18846.4 113161.0  87455.5  48272.5 2021  9  8  3 12 53.720  1.31   1
     6767  54.845964 -162.220361     2.804   -28318.6   -28423.2   -16234.8 107677.2  85340.0 109686.2 2021  9  8  3 13 11.220  1.80   1
     6769  54.436296 -161.320524    11.084    29451.1   -74029.4    -7954.8 234786.7 240403.3 200443.6 2021  9  8  4 52 59.830  1.12   1
     6771  55.383219 -161.850439    15.829    -4599.8    31386.6    -3210.0 591879.8 ******** ******** 2021  9  8  4 56 17.390  0.33   1
     6772  55.272546 -161.948193     7.219   -10832.7    19066.0   -11819.5 ******** ******** ******** 2021  9  8  5 43 47.380 -0.00   1
     6777  55.155221 -161.731331    13.323     2984.9     6004.7    -5715.7 188939.0 186480.4 202986.6 2021  9  8 10 37 55.460 -0.03   1
     6779  55.479435 -161.397689    19.144    24169.6    42097.8      105.1 133877.3 381778.5 316261.4 2021  9  8 11 39  8.340  0.46   1
     6781  55.382174 -161.927555    19.893    -9505.1    31270.2      853.8 ******** ******** ******** 2021  9  8 14 29 29.460  1.31   1
     6783  55.281580 -161.840283    30.922    -3958.8    20071.6    11882.8 ******** ******** 972450.2 2021  9  8 14 43 11.140  0.75   1
     6785  55.392798 -160.835628    16.880    59943.0    32452.9    -2158.9 176005.6 528837.7 378315.2 2021  9  8 16 18 12.380  1.47   1
     6797  55.448271 -161.857747    26.987    -5060.5    38628.4     7948.0 842873.4 894456.8 592473.8 2021  9  9  8  3 51.340  1.33   1
     6798  55.449622 -161.857682    27.676    -5056.3    38778.8     8637.0 556997.1 767697.7 385062.1 2021  9  9  8  5  0.600  1.28   1
     6799  55.431405 -161.956657    29.266   -11349.2    36750.8    10227.6 ******** 696768.1 995844.4 2021  9  9  8  5 37.040  1.11   1
       68  55.233602 -162.902604    35.247   -71659.7    14730.5    16208.2 171533.8 498098.3 349178.8 2021  1  3  1 52 19.270  1.76   1
     6801  55.506547 -161.796973    20.600    -1197.0    45116.0     1560.7 ******** ******** ******** 2021  9  9  8  6 58.280  1.41   1
     6805  54.858057 -162.200684     1.938   -27054.5   -27077.0   -17101.3 111089.4  61220.8 131846.6 2021  9  9 17 57 48.720  1.45   1
     6806  54.943783 -162.155762     1.906   -24152.7   -17533.6   -17133.1 166973.2  77898.6  97578.1 2021  9  9 19 23 51.640  2.59   1
     6809  55.360612 -161.631283    10.797     9343.0    28869.9    -8242.4 191645.3 185069.3 120885.7 2021  9 10  5 42 52.380  0.17   1
      681  54.837036 -161.193978    13.197    37410.0   -29417.1    -5842.1 205658.2 136869.1 191234.1 2021  1 23  7 11 40.680  1.69   1
     6814  54.967920 -162.197347     1.849   -26804.3   -14846.5   -17189.8 155082.5 129353.6 104539.5 2021  9 10  9 15 43.130  2.22   1
     6816  55.232267 -160.669678    42.603    70639.2    14581.9    23564.6  69240.0 583922.8 241878.2 2021  9 10  9 21 37.860  2.02   1
     6824  55.280986 -161.568652     3.421    13341.2    20005.5   -15617.9 108161.9 164965.4 338661.5 2021  9 10 12  7 24.820  0.65   1
     6825  55.284216 -161.641374    12.555     8709.2    20365.1    -6484.2 101197.4 159854.2 232941.8 2021  9 10 12 34 42.390  0.69   1
     6828  55.162874 -162.184147     5.742   -25897.4     6856.8   -13297.4 865460.6 734872.5 ******** 2021  9 10 13  8 42.470  1.80   1
     6836  54.940352 -162.295492     6.255   -33090.8   -17915.4   -12784.1  51094.2 119930.8  76804.8 2021  9 11  0  3 31.470  0.98   1
     6837  54.863269 -162.247689     2.770   -30062.1   -26496.7   -16269.0 160267.0  46535.4 113414.3 2021  9 11  0  3 49.390  1.52   1
     6842  55.376021 -161.750472    13.610     1759.1    30585.3    -5428.7 ******** ******** ******** 2021  9 11  1 27 33.110  0.89   1
     6845  54.377995 -161.640902    11.208     8838.0   -80519.7    -7830.6 351244.1 182894.9 165108.5 2021  9 11  5 32 10.690  2.11   1
     6847  55.481270 -162.400928    15.421   -39566.5    42302.1    -3617.5 ******** ******** ******** 2021  9 11  7 25 34.950  1.37   1
     6856  55.165674 -162.233431     0.456   -29039.9     7168.4   -18582.9 611462.4 542440.6 242700.0 2021  9 11 20 56  5.280  1.52   1
     6859  55.025757 -161.802344    17.369    -1547.4    -8407.8    -1669.4 179240.7 114794.4 240934.6 2021  9 11 23 34  3.440  0.97   1
     6864  55.301204 -161.085628    45.414    44093.5    22256.3    26374.9  41967.1 361953.5 294227.1 2021  9 12  5 18 10.450  1.67   1
     6866  55.352258 -161.754997    17.409     1471.7    27939.9    -1629.8 367024.4 140310.2 242047.9 2021  9 12  6  1 28.930  0.80   1
     6873  55.258358 -161.545166     5.582    14841.2    17486.4   -13456.5 128652.3 123315.4 157110.1 2021  9 12 16 57 51.170  1.45   1
     6874  54.909330 -162.189876     1.330   -26345.8   -21368.9   -17708.8  84298.2  77601.8 113896.7 2021  9 12 17  3 37.360  2.48   1
     6875  55.352531 -161.869255     1.859    -5798.8    27970.2   -17180.1 596296.6 364970.7 671871.0 2021  9 12 17  4 12.760  1.03   1
     6876  55.357296 -161.965788    10.563   -11940.7    28500.7    -8476.0 ******** ******** ******** 2021  9 12 17  9 22.220  1.00   1
     6877  55.056494 -161.486589     1.944    18619.8    -4986.0   -17095.0 148484.5  92074.9 186981.7 2021  9 12 22 49  3.560  1.97   1
     6879  55.236218 -161.694857     4.640     5306.3    15021.8   -14398.6 170759.5 140969.5 296476.3 2021  9 12 22 49 20.840  1.25   1
     6883  55.005717 -162.240381     3.804   -29541.9   -10638.7   -15235.0 190921.6 111493.0 132044.8 2021  9 13  3 20 14.870  1.40   1
     6884  54.938407 -162.206038     2.151   -27370.1   -18131.9   -16888.3  92391.0  96987.3 114039.6 2021  9 13  3 20 33.680  1.48   1
     6888  55.000159 -162.294840     6.484   -33024.6   -11257.5   -12555.2 145823.8 143720.7 181085.9 2021  9 13 14  3 21.710  1.84   1
     6896  55.459709 -161.909701    34.559    -8361.2    39901.8    15520.4 449759.7 462471.8 306843.7 2021  9 13 18 29 10.660  1.06   1
      690  54.932117 -162.828825    15.660   -67209.8   -18832.2    -3378.7 126667.9 276035.8 308243.8 2021  1 23 14  6 22.750  1.68   1
     6901  54.935335 -161.374349    17.336    25827.2   -18473.9    -1702.7 159823.0 188595.5 336929.9 2021  9 14  1 40 14.530  2.29   1
     6902  54.997359 -161.540511    29.159    15187.1   -11569.1    10120.6 191649.5 152300.0 365237.3 2021  9 14  1 40 29.040  2.71   1
     6904  54.637988 -160.765039    21.546    65040.1   -51576.0     2507.0 806012.8 833101.2 774968.9 2021  9 14  3 18 46.700  2.31   1
      691  55.126392 -161.659180     4.883     7590.2     2795.3   -14155.6 226987.5  77742.4 144207.9 2021  1 23 14  6 27.130  0.45   1
     6911  54.930973 -161.127083    60.363    41645.5   -18959.5    41323.7  78914.3 102173.2  98418.4 2021  9 14 17 37 19.300  2.15   1
     6913  54.953320 -162.766602     3.212   -63212.9   -16471.8   -15826.8 117171.1 260549.4 237936.9 2021  9 14 19 17  6.200  1.59   1
     6917  54.801489 -162.674951    31.610   -57460.0   -33374.3    12571.5 199484.9 265718.2 220310.4 2021  9 15  3 34 53.360  2.29   1
     6918  54.982902 -162.312142     8.677   -34137.7   -13178.6   -10362.4 206440.7 139302.4  98075.2 2021  9 15  3 35 11.090  2.85   1
      692  55.271476 -161.788770     5.896     -678.0    18946.9   -13142.9 139174.7 105711.0 215407.8 2021  1 23 14  6 45.040  0.35   1
     6920  55.360360 -161.799951    15.288    -1388.7    28841.8    -3750.7 291512.7 246578.8 235283.5 2021  9 15  5 53  8.200  0.11   1
     6923  55.254480 -160.704395    49.733    68407.8    17054.7    30694.1  99882.2 257558.2 215977.9 2021  9 15 10 49 31.970  2.07   1
     6925  55.110942 -161.620313    10.413    10072.3     1075.4    -8625.5 113013.9 195534.3 387732.6 2021  9 15 12 30 24.780  0.98   1
     6926  54.566089 -162.821663     9.544   -67054.6   -59580.2    -9495.0 216438.6 142184.5 342792.8 2021  9 15 13 30  0.480  1.71   1
     6932  54.520573 -162.499382    13.992   -46371.8   -64647.2    -5046.7 182123.6 142661.7 136534.5 2021  9 15 20 51  1.260  1.50   1
     6933  54.495935 -162.123258    12.698   -22196.4   -67390.0    -6341.3 353046.8  98359.2 156730.2 2021  9 15 21 52 38.580  1.79   1
     6940  55.260286 -161.170329    31.274    38720.1    17701.2    12235.4 119496.2 133258.1 244610.0 2021  9 16 18 35 42.040  1.38   1
     6941  55.190588 -161.836100     2.416    -3696.6     9942.0   -16622.9 120817.9 196329.8 470292.2 2021  9 16 18 36 25.280  0.76   1
     6942  54.974654 -160.450863     7.177    84855.7   -14096.8   -11862.1 230209.3 326060.9 222216.0 2021  9 16 19 49  6.920  2.06   1
      695  54.875761 -161.862451     0.933    -5397.8   -25106.0   -18106.1 186685.1 132811.7  88852.9 2021  1 23 16 56 33.020  1.72   1
     6961  54.498311 -161.976156    10.469   -12735.5   -67125.5    -8569.7 231905.6 107593.1 141558.3 2021  9 18  1 56 38.430  1.69   1
     6962  55.481445 -161.754020    15.142     1531.4    42321.6    -3896.4 ******** ******** ******** 2021  9 18  5  1 16.760  1.30   1
     6963  55.500907 -161.725065    13.025     3370.1    44488.2    -6013.7 ******** ******** ******** 2021  9 18  5  3  4.180  0.28   1
     6964  55.558655 -161.945345    19.813   -10613.1    50916.9      774.3 ******** ******** ******** 2021  9 18  5 15 33.950 -0.01   1
     6974  55.361218 -161.779867    32.388     -110.8    28937.4    13349.5 ******** ******** ******** 2021  9 18 11 33 44.810  2.00   1
     6977  54.966715 -162.216423     6.424   -28024.4   -14980.5   -12614.7 234773.8 207765.4 372584.9 2021  9 18 11 47 18.630  0.79   1
     6978  55.402311 -161.584847     9.459    12291.1    33512.0    -9579.5  98351.1 219864.1 128467.9 2021  9 18 14  9 17.000  0.38   1
     6984  55.256543 -161.551839     4.509    14416.4    17284.4   -14529.8 113302.1 117666.7 245997.3 2021  9 18 23  6 27.080  0.55   1
     6985  54.734188 -162.637402    12.942   -55100.1   -40866.6    -6096.9  83438.2  91770.6 ******** 2021  9 18 23 57 26.240  1.46   1
     6989  55.488782 -161.734798    13.455     2752.3    43138.3    -5583.7 ******** ******** ******** 2021  9 19  5 20 31.220  0.77   1
      699  55.192590 -161.785189     7.396     -450.4    10164.9   -11643.2 466151.5 447333.5 920367.4 2021  1 23 19 28 20.440  1.56   1
     6992  55.331840 -161.710384     5.747     4311.6    25666.8   -13291.9 233683.8 215283.5 203152.3 2021  9 19  8 54 38.570  0.10   1
     6995  55.488424 -161.747347    14.492     1955.1    43098.5    -4546.6 ******** ******** ******** 2021  9 19 12 30 59.690  1.06   1
     6999  54.901066 -161.312679    30.967    29784.5   -22288.9    11927.9 177492.7 113624.3 250522.8 2021  9 19 14 13 10.600  2.02   1
     7005  55.001522 -161.435612    31.859    21890.5   -11105.7    12820.2 165494.4 186420.2 350175.1 2021  9 19 14 51 40.960  1.84   1
     7007  54.647742 -162.700130     2.256   -59185.6   -50490.2   -16782.4 241751.8 178605.9 188791.0 2021  9 19 15 18 42.350  2.04   1
     7012  55.268840 -161.540430     3.390    15140.9    18653.3   -15649.4 128256.4 144070.7 291238.4 2021  9 19 16 16  5.710  0.58   1
     7013  55.624382 -161.752832     4.723     1604.0    58233.9   -14315.7 ******** ******** ******** 2021  9 19 17 18 18.460  0.52   1
     7014  55.494246 -161.722412    12.693     3538.9    43746.7    -6346.0 497501.5 578331.9 610398.2 2021  9 19 17 45 22.720  0.75   1
     7021  55.003312 -161.563363    32.201    13725.5   -10906.4    13161.7 169781.8 189202.7 241657.5 2021  9 19 18 27 21.000  1.78   1
     7025  54.897827 -161.349023    31.978    27459.9   -22649.5    12939.5 181142.5 173102.2 266458.6 2021  9 19 19 26  1.720  2.02   1
     7027  55.157210 -161.868652    18.580    -5774.5     6226.2     -459.1 177440.6  75155.6 167098.7 2021  9 19 19 33 52.240  0.68   1
      704  55.329826 -161.676888     6.178     6443.8    25442.6   -12860.7 102085.3  79540.7 228682.5 2021  1 23 22 28 43.560  0.58   1
     7043  55.336296 -161.523714     3.585    16192.0    26162.8   -15453.8 165933.8 144008.9 ******** 2021  9 21  4 37 13.000  0.72   1
     7044  55.207214 -160.722900    68.671    67268.4    11792.9    49632.5 127729.6 381372.7 189521.5 2021  9 21  8 45 12.850  1.94   1
     7047  55.249430 -161.609342     5.115    10753.9    16492.6   -13924.0 183482.3 142317.8 247775.9 2021  9 21 11 11 59.170  0.36   1
     7048  55.307703 -161.584131     9.680    12351.2    22979.7    -9359.0 219995.4 267573.0 173125.3 2021  9 21 11 15 43.540  0.42   1
     7049  55.294661 -161.582129     3.365    12480.7    21527.9   -15673.9 112762.0 141143.1 298408.8 2021  9 21 11 16 55.190  0.22   1
     7050  54.766361 -161.268180    48.493    32686.5   -37284.9    29454.1 203764.3 155512.7 138132.0 2021  9 21 11 23 14.860  1.54   1
     7052  55.349308 -161.926058     5.910    -9413.7    27611.5   -13128.6 ******** ******** ******** 2021  9 21 11 35 57.590  0.17   1
     7057  54.658691 -163.361068    12.534  -101599.0   -49271.2    -6505.2 250229.0 279285.9 412685.1 2021  9 21 13 25 16.770  1.51   1
     7058  54.721082 -163.146159    33.084   -87737.7   -42325.7    14045.5 262156.7 203875.1 845109.1 2021  9 21 13 50 54.470  1.50   1
     7059  55.387354 -161.899072    29.308    -7692.8    31846.9    10268.8 450242.2 454188.3 172725.8 2021  9 21 13 58 47.960  0.02   1
     7063  55.436877 -161.540218     4.971    15122.6    37360.1   -14068.0 113942.3 266362.5 105780.8 2021  9 21 21  3 40.540  0.03   1
     7066  55.255680 -162.222542     5.591   -28313.6    17188.4   -13447.7 739909.3 525223.7 988519.8 2021  9 21 22 57  2.520  0.36   1
     7079  54.527059 -162.187712    11.641   -26331.5   -63925.2    -7397.5 447825.9  81557.8 147652.8 2021  9 22  9 52 39.310  1.74   1
     7085  55.338196 -161.765869    16.057      780.0    26374.4    -2981.5 183149.5 170204.8 201498.0 2021  9 22 12 38 16.390  0.34   1
     7086  55.345243 -161.833122    15.993    -3499.9    27159.0    -3045.7 481906.0 695716.9 576752.1 2021  9 22 12 43 11.430  0.32   1
     7087  55.324825 -161.639844    10.996     8802.2    24885.9    -8043.2 230617.8 414152.0 242588.5 2021  9 22 12 46 33.690  0.29   1
     7088  55.398442 -161.760742    12.258     1105.5    33081.2    -6781.2 590668.9 388522.8 516407.4 2021  9 22 12 49 31.860  0.48   1
     7089  55.369430 -161.820573    14.039    -2700.5    29851.5    -4999.4 149206.2 158569.6 321991.4 2021  9 22 12 51 11.460  0.07   1
     7090  55.462488 -161.855892    16.058    -4941.7    40211.2    -2980.8 ******** ******** ******** 2021  9 22 12 52  1.600  0.47   1
     7091  55.027856 -161.526449    13.677    16079.8    -8174.0    -5362.2 167265.6 213976.9 190552.8 2021  9 22 12 54 13.350  0.98   1
     7092  55.342948 -161.745850    17.542     2054.0    26903.5    -1497.3 132001.5 205507.1 117714.3 2021  9 22 12 54 53.910  0.46   1
     7093  55.340222 -161.726465    15.140     3287.8    26600.0    -3898.6 403919.0 328883.8 261311.7 2021  9 22 12 57  7.060 -0.39   1
     7094  55.346069 -161.741553    17.139     2327.4    27250.9    -1900.1 127017.0 186809.0 104725.8 2021  9 22 12 58 48.690  0.38   1
     7096  55.451599 -161.889160    15.558    -7056.7    38999.0    -3480.4 ******** ******** ******** 2021  9 22 13  3 25.550  0.52   1
     7097  55.378593 -161.740674    14.912     2382.3    30871.6    -4126.9 537260.1 338440.3 324091.0 2021  9 22 13  6  4.180  0.24   1
     7105  55.190853 -161.228223    32.826    35062.3     9971.5    13787.2 166859.4 239923.6 259425.1 2021  9 22 21 40 26.920  1.89   1
     7107  55.310323 -161.668799    21.548     6960.4    23271.5     2509.0 167628.2 215774.9 221989.7 2021  9 22 22 20 59.560  0.64   1
     7109  55.307178 -162.090072    41.075   -19861.2    22921.3    22035.9 315076.3 532724.5 247000.7 2021  9 22 23 59 52.780  1.16   1
      711  55.264661 -161.681494    20.675     6155.6    18188.1     1635.9 334280.7 346164.5 194896.2 2021  1 24  7 42 45.190  0.28   1
     7112  55.170219 -161.140999    24.194    40634.2     7674.4     5155.4 121433.7 343965.9 120117.6 2021  9 23  4 33 52.330  2.34   1
     7114  55.394438 -161.668734    16.529     6957.2    32635.5    -2510.2 533413.1 609873.6 494584.4 2021  9 23 10 47 36.020  0.40   1
     7116  55.487130 -161.915186    13.162    -8706.8    42954.4    -5876.9 ******** ******** ******** 2021  9 23 11 22 31.990  0.52   1
     7117  55.082218 -162.082422     2.817   -19428.6    -2122.2   -16222.0  90231.4  78975.4  95199.0 2021  9 23 17 23  4.760  0.93   1
     7119  55.210978 -163.493115     7.403  -109322.0    12211.9   -11636.1 152896.7 626071.5 382010.3 2021  9 23 21 55 58.180  2.24   1
     7123  55.008260 -162.271745     6.920   -31545.4   -10355.6   -12119.1 106755.3  79161.4 183009.6 2021  9 24  7  5  1.710  1.96   1
     7126  55.033175 -161.496940    16.152    17963.9    -7582.0    -2886.7 296816.5 108318.7 431038.6 2021  9 24  7 28 26.640  1.67   1
     7129  55.367501 -161.783919    15.305     -368.6    29636.8    -3734.4 439048.9 296071.3 235861.4 2021  9 24  8 50 22.280  0.32   1
     7130  55.349508 -161.820915    16.716    -2722.9    27633.7    -2322.9 909756.6 572569.2 577095.0 2021  9 24  8 53 25.760  0.47   1
     7131  55.426139 -161.786784    10.820     -550.5    36164.7    -8218.9 ******** 555017.0 866985.4 2021  9 24  8 55 45.960  0.40   1
     7134  55.326973 -161.899674    11.279    -7736.9    25125.1    -7759.5 ******** ******** ******** 2021  9 24  9 12 19.070  0.38   1
     7141  55.303646 -161.227083    42.106    35085.5    22528.1    23066.7 117759.3 336377.8 247038.3 2021  9 24 14  0 50.650  1.70   1
     7148  55.347945 -161.778288    15.023      -10.4    27459.7    -4016.0 154946.9 264645.4 151296.1 2021  9 24 19 18 25.480  0.07   1
     7149  55.265104 -161.562874     3.342    13711.9    18237.5   -15696.4  94367.8 161496.8 332953.0 2021  9 24 19 19 10.960  0.36   1
     7156  55.291256 -161.993669    26.098   -13726.1    21148.8     7059.5 ******** 844639.9 919585.0 2021  9 25  0 49 44.530  0.97   1
     7157  55.270150 -161.644840     7.989     8489.9    18799.2   -11050.1  98257.8 209384.1 518945.3 2021  9 25  0 52  0.650  0.52   1
     7163  55.309827 -161.912939    16.594    -8583.1    23216.2    -2444.6 ******** ******** ******** 2021  9 25  1  8  4.460  0.35   1
     7169  54.857304 -161.500553     1.896    17771.8   -27160.8   -17142.7 128784.6 223632.8 155477.7 2021  9 25  3 16 43.710  1.04   1
     7174  55.163232 -161.842594     8.717    -4112.1     6896.6   -10321.9 234151.5 176165.6 144175.2 2021  9 25  5 50 37.350  1.11   1
     7175  55.031958 -161.508122    22.395    17249.8    -7717.4     3356.4 157359.8 244477.4 124573.7 2021  9 25  7 52 28.710  1.65   1
      718  54.965885 -161.410531    23.937    23503.9   -15073.0     4898.2 192771.0 144426.8 141553.2 2021  1 24 13 54 12.850  1.58   1
     7181  55.122188 -161.451676    18.576    20832.5     2327.4     -462.8 205873.8 162564.3 175238.0 2021  9 25  9 12 30.350  1.62   1
     7182  55.399141 -161.808317    15.807    -1920.1    33159.1    -3232.1 427852.2 913044.3 821094.0 2021  9 25  9 18 45.940  0.40   1
     7183  55.367977 -161.799219    15.402    -1342.0    29689.8    -3636.8 401674.7 223637.2 271066.7 2021  9 25  9 19 24.700  0.14   1
     7184  55.398185 -161.885173    15.524    -6807.8    33052.7    -3515.1 ******** ******** ******** 2021  9 25  9 21 23.370  0.08   1
     7185  55.313102 -161.943457    13.943   -10525.7    23580.9    -5096.2 ******** ******** ******** 2021  9 25  9 25  6.660  0.75   1
     7195  55.329521 -161.727018    15.545     3253.0    25408.6    -3493.8 377088.4 344608.4 263238.1 2021  9 25 16 16 16.260  0.05   1
     7196  55.335555 -161.864502    17.828    -5497.5    26080.4    -1210.6 ******** ******** ******** 2021  9 25 16 17 20.700  0.43   1
     7197  55.211641 -161.729704    15.524     3086.6    12285.8    -3515.2 239089.6 108513.9 315522.9 2021  9 25 16 19 31.200  0.55   1
      720  55.208228 -162.046842    16.183   -17130.0    11905.7    -2856.4 379204.6 402226.4 578681.4 2021  1 24 13 55 20.110  0.99   1
     7201  55.334558 -161.761995    18.460     1026.6    25969.4     -578.6 286931.3 110738.2 187557.6 2021  9 25 22 51 36.720  0.18   1
     7202  55.391073 -161.757357    15.889     1320.9    32260.9    -3150.0 561985.5 299992.5 409969.3 2021  9 25 22 57 39.920  0.24   1
     7204  55.413798 -161.875977    14.226    -6221.7    34790.8    -4813.2 ******** ******** ******** 2021  9 25 22 59 12.340  0.37   1
     7206  55.037004 -161.255501    33.009    33386.9    -7155.7    13970.4  97279.4 205252.0 187084.5 2021  9 26  0 19  7.700  1.06   1
     7208  55.160754 -161.873454     7.453    -6080.5     6620.8   -11585.7 141595.1 263112.6 167940.2 2021  9 26  0 19 51.730  0.34   1
     7209  54.914315 -162.207096     1.429   -27445.9   -20814.0   -17609.4  83342.6  61335.1 119518.7 2021  9 26  0 26 43.570  0.83   1
     7211  54.650541 -161.784294    54.998     -396.0   -50178.6    35959.5 151189.6 115293.8 246704.5 2021  9 26  2 13 55.090  1.20   1
     7214  55.409521 -161.850732    14.644    -4616.9    34314.7    -4394.9 402049.3 ******** ******** 2021  9 26  3  7 42.960 -0.29   1
     7218  55.353825 -161.794938    16.300    -1069.8    28114.3    -2738.8 652054.7 765217.3 346263.0 2021  9 26  5 48 24.220  0.34   1
     7219  55.395158 -161.883691    14.494    -6713.9    32715.7    -4544.5 ******** ******** ******** 2021  9 26  5 49 11.180  0.36   1
      722  55.209273 -162.053418    19.216   -17548.9    12022.1      176.9 867473.2 798132.1 798189.2 2021  1 24 13 55 59.740  0.94   1
     7220  55.354537 -161.810498    16.639    -2059.9    28193.6    -2400.2 809110.5 542980.4 458209.0 2021  9 26  5 50 50.600  0.15   1
     7223  55.453410 -161.688932    13.197     5668.4    39200.6    -5842.0 ******** ******** ******** 2021  9 26  6  0 20.900  0.39   1
     7226  55.370072 -161.749740    21.569     1805.8    29923.0     2530.4 171727.0 353530.5 145251.0 2021  9 26  6  6 24.950  0.55   1
     7234  54.894902 -162.183089     2.268   -25916.2   -22975.2   -16770.7 114415.8  69164.1 151830.8 2021  9 26 13  2 23.780  0.45   1
     7235  54.544767 -162.019840    11.746   -15536.0   -61953.8    -7292.9 332549.1 132891.9 160562.5 2021  9 26 13  2 32.250  1.10   1
      724  55.238765 -162.103841     2.453   -20755.6    15305.3   -16585.6 ******** ******** ******** 2021  1 24 15 11  8.640  0.86   1
     7243  54.664514 -160.896989    22.755    56550.4   -48623.0     3715.8 330283.9 315941.2 307506.2 2021  9 26 17 39 54.360  1.71   1
     7247  55.341911 -161.718441    17.440     3798.4    26788.0    -1599.0 135435.6  93435.2  86525.3 2021  9 26 19 10 13.200  0.43   1
     7248  55.348271 -161.814437    15.547    -2310.7    27496.0    -3492.1 418445.2 429767.8 323140.6 2021  9 26 19 15 41.440  0.86   1
     7255  55.258545 -162.022119     4.036   -15544.2    17507.3   -15003.2 691311.4 867156.9 ******** 2021  9 27  1 34 11.790  0.70   1
     7256  54.572746 -161.306706    29.056    30289.5   -58839.1    10017.1 200602.8 190576.8 626765.6 2021  9 27  1 40 42.150  1.61   1
     7257  55.156868 -162.179378     1.724   -25595.2     6188.2   -17315.0 554046.1 598362.4 599130.6 2021  9 27  2 43 22.440  1.50   1
     7260  55.355615 -161.753678    17.822     1555.5    28313.6    -1216.6 131904.4 229681.3 119467.2 2021  9 27  3 58  1.920  0.38   1
     7261  55.351721 -161.757715    15.152     1298.8    27880.1    -3887.2 777603.8 439626.4 637160.1 2021  9 27  3 58 27.900  0.56   1
     7262  55.373730 -161.758838    17.715     1227.0    30330.3    -1324.2 219003.5 108005.0 245300.9 2021  9 27  4  1 23.460  0.52   1
     7263  55.298499 -161.749772    16.168     1805.4    21955.1    -2871.3 378676.2 198775.3 221486.8 2021  9 27  4  2 16.990  0.32   1
     7264  55.332104 -161.854883    18.558    -4885.5    25696.3     -481.2 593416.5 ******** ******** 2021  9 27  4  3  0.030  0.35   1
     7265  55.359526 -161.770947    18.196      456.7    28748.9     -843.2 253251.8 218693.9  47773.7 2021  9 27  4  4  3.210  0.61   1
      727  55.016007 -161.558024    32.701    14064.5    -9493.1    13662.1 174474.2 205705.7 317470.2 2021  1 24 18 57 12.040  2.29   1
     7276  54.831335 -161.028271    32.130    48025.6   -30051.7    13091.1 218388.8 174600.8 473169.0 2021  9 27 13  1 59.790  2.66   1
     7279  55.269283 -161.583643     5.542    12388.3    18702.7   -13496.9 143821.4  84216.3 168995.8 2021  9 27 15  9 51.900  0.57   1
     7283  55.353141 -161.756592    17.732     1370.2    28038.2    -1306.6 418399.5 218337.8 189709.6 2021  9 27 22 33 47.480  0.73   1
     7284  55.340658 -161.852311    16.509    -4721.3    26648.4    -2529.7 936715.9 ******** ******** 2021  9 27 22 43 50.760  0.62   1
     7291  55.076725 -161.753939    15.120     1544.3    -2733.7    -3918.5 183685.1 163506.0 258605.5 2021  9 28 17  2 20.060  1.23   1
     7299  55.285181 -161.671924    14.839     6763.5    20472.5    -4199.4 263979.1 245203.8 172039.8 2021  9 29 14 25 43.640  0.94   1
       73  54.990369 -162.270508     5.579   -31473.3   -12347.4   -13459.7 109360.6 131217.4 228162.8 2021  1  3  5  8 33.310  1.68   1
     7302  55.291113 -161.663916    15.919     7273.0    21132.9    -3120.0 131409.0  70151.8  87521.7 2021  9 29 23  7 14.760  0.73   1
     7304  55.165959 -162.258008     4.990   -30607.3     7200.1   -14049.1 569520.6 452995.8 630437.2 2021  9 30  1  2 42.310  1.45   1
     7305  55.357552 -161.823633    18.291    -2895.6    28529.2     -747.7 521446.2 673595.0 473368.8 2021  9 30  4 38 29.360  0.94   1
     7307  55.316386 -161.745085    16.712     2103.4    23946.4    -2327.3 507512.7 319106.6 330228.3 2021  9 30  6 25 42.810  1.06   1
     7309  54.771993 -161.088346    33.021    44210.5   -36658.0    13982.0 214382.0 348123.6 273546.9 2021  9 30 10 54 12.800  2.78   1
      731  55.152079 -162.054134     3.130   -17607.1     5655.0   -15908.9 314898.8 280829.1 529048.5 2021  1 24 19 36  4.400  0.99   1
     7310  54.876961 -161.859294     1.758    -5195.6   -24972.4   -17281.2  84409.3 126448.6 130703.0 2021  9 30 11  5 24.240  1.33   1
     7312  54.873490 -161.407178    31.905    23745.5   -25358.8    12865.8 246952.2 282643.1 308994.1 2021  9 30 12  6 14.010  2.08   1
     7313  55.007926 -162.312288    13.264   -34136.5   -10392.8    -5774.6 141473.5 148391.7 113875.8 2021  9 30 16 10 14.260  1.04   1
     7317  55.271757 -161.153060     8.615    39814.5    18978.1   -10422.5 114555.4 218148.5 688952.5 2021  9 30 23 16  3.080  2.19   1
      732  55.323661 -161.714535     4.821     4047.9    24756.3   -14217.4  77835.2 162497.1  62854.4 2021  1 24 20 52 53.320  1.36   1
     7321  54.981079 -162.225212     3.325   -28581.2   -13381.5   -15714.0  73900.7 120987.2 189765.2 2021 10  1  5  8 21.050  0.62   1
     7322  54.415438 -162.040283    16.164   -16876.8   -76351.4    -2874.9 172581.9  87949.1 125017.0 2021 10  1  7 34 27.890  1.79   1
     7325  54.854268 -161.182666    16.874    38126.3   -27498.7    -2164.5 207722.2 231343.5 207758.3 2021 10  1 12 27 28.960  2.30   1
     7327  55.504553 -162.014583    39.679   -15017.8    44894.1    20640.0 682712.9 991679.5 743751.9 2021 10  1 14 14  5.160  3.80   1
     7329  55.017041 -162.386393    17.579   -38867.8    -9378.1    -1459.6 210452.2 123031.0 258529.6 2021 10  1 21 23 40.720  1.91   1
     7337  54.476778 -162.239242    61.576   -29662.6   -69522.7    42537.2 397082.4 126433.4 151175.4 2021 10  5  2 40 17.350  1.85   1
     7339  55.342896 -161.817122     1.612    -2481.8    26897.6   -17427.1 494623.0 358304.4 395489.5 2021 10  5  4 28 38.180  0.94   1
     7341  54.541752 -163.313656    13.356   -98698.2   -62289.5    -5682.7 161792.6 178949.0 174948.8 2021 10  5  5 47 43.300  1.61   1
     7344  54.825932 -161.904036     1.014    -8064.7   -30653.2   -18025.1 133958.1 104833.2  94235.9 2021 10  5  9 17 49.140  1.82   1
     7345  55.359733 -161.570475     9.651    13212.0    28772.0    -9387.8  94509.3 200525.4 229296.7 2021 10  5 11 39 41.750  0.38   1
     7346  55.368905 -161.767643    15.908      666.8    29793.0    -3131.3 204711.2 104002.6 100373.8 2021 10  5 15 44 11.470  0.92   1
      735  54.382581 -161.913151     8.774    -8696.0   -80009.2   -10264.5 275692.7 131156.0 155005.1 2021  1 24 21 16 22.960  5.31   1
     7352  55.471969 -161.580615    27.488    12549.2    41266.6     8448.9 ******** ******** ******** 2021 10  5 19 59  6.500  1.74   1
     7359  54.828845 -162.194645     1.652   -26677.6   -30328.9   -17387.0  52117.0 106027.8 133193.6 2021 10  6  3 42 47.150  2.29   1
     7360  54.919934 -162.260449     5.446   -30857.3   -20188.5   -13592.9 120671.8 133994.2 119895.1 2021 10  6  3 43  8.370  2.37   1
     7366  54.995919 -162.439941     7.461   -42300.6   -11729.5   -11578.3 117577.1 215445.5 295468.2 2021 10  6  6 28 37.800  1.83   1
     7368  55.001855 -162.239567     3.464   -29491.3   -11068.6   -15574.8 191212.4 158199.5 254229.1 2021 10  6  6 43 16.730  1.92   1
     7381  55.440987 -161.949235    41.508   -10876.1    37817.6    22469.2 312644.7 269297.7  73882.3 2021 10  7  6  8  1.900  1.33   1
     7382  55.242619 -161.639258    34.463     8848.6    15734.3    15424.5 208792.6 221960.9 181952.2 2021 10  7  8 35 23.410  1.15   1
     7384  55.462939 -161.696159    14.620     5208.5    40261.4    -4418.9 ******** ******** ******** 2021 10  7 12 25 27.080  0.10   1
     7386  55.403634 -161.845378     5.535    -4276.7    33659.2   -13503.8 ******** ******** ******** 2021 10  7 16 55  8.250  0.58   1
     7398  55.011751 -162.297493     6.507   -33189.4    -9966.9   -12531.4 316976.9 226084.6 122448.8 2021 10  9  6  0 37.850  1.00   1
     7399  54.946102 -162.072868    19.120   -18850.4   -17275.3       81.0 209117.1 185537.4 216638.2 2021 10  9 11  9 32.760  2.49   1
     7400  54.561190 -161.806738    11.225    -1838.7   -60125.6    -7814.2 279289.8  90616.5 286097.6 2021 10  9 15  6  0.030  2.39   1
     7411  55.363888 -161.596729    15.312    11541.0    29234.5    -3726.5  87374.0 335193.1 270487.1 2021 10 10 10 24 41.830  0.01   1
     7412  54.612370 -161.461735    11.750    20318.7   -54428.0    -7289.2 156098.3  87670.4 226038.6 2021 10 10 14 34 51.400  1.88   1
     7416  55.331132 -161.974414    17.397   -12493.7    25588.0    -1642.2 ******** ******** ******** 2021 10 10 18 56 57.500  1.05   1
      742  55.253101 -161.404297     4.887    23817.1    16901.2   -14151.9 134839.8 204808.0 171549.4 2021  1 25  4 42 41.080  0.75   1
     7420  55.319735 -161.546712     5.202    14731.4    24319.2   -13836.5 141004.3 158261.4 214720.1 2021 10 11  4 21  3.640  0.62   1
     7421  55.366256 -161.311898    17.382    29662.0    29498.1    -1656.7 249700.3 249736.8 421783.0 2021 10 11  9 11  5.030  4.84   1
     7422  55.387675 -161.386149    18.951    24931.4    31882.6      -87.4 335753.4 612234.1 569486.2 2021 10 11  9 11 37.720  5.55   1
     7428  54.898226 -161.706185    15.469     4603.7   -22605.1    -3569.6 153004.8 203366.5 558619.7 2021 10 11 12 25 38.840  2.16   1
      743  54.677568 -161.097428    12.513    43679.4   -47169.9    -6525.7 197161.1 381476.2 173389.2 2021  1 25  5 26 57.040  1.24   1
     7433  55.268787 -161.861702     4.762    -5323.8    18647.4   -14277.0 399719.4 382741.0 617254.4 2021 10 11 17 57 46.040  1.36   1
     7434  55.379085 -161.625911     6.601     9682.5    30926.4   -12437.6 159676.6 268384.7 666794.2 2021 10 11 19 36 40.880  2.04   1
     7437  55.233036 -161.876090     7.164    -6243.1    14667.5   -11874.7 170507.5 287537.2 245094.7 2021 10 11 19 41 45.020  2.21   1
     7439  55.422209 -161.440804    21.858    21445.8    35727.1     2819.0 157676.4 326500.2 136639.9 2021 10 12  0 54 54.760  1.59   1
      744  55.140373 -161.507585     3.419    17260.8     4351.8   -15619.6 100539.5 264277.1 195671.4 2021  1 25  5 35 14.680  0.69   1
     7441  55.097689 -161.920182     2.477    -9068.2     -400.0   -16561.9 102268.6  86471.9 112259.2 2021 10 12  0 58  1.950  1.29   1
     7452  55.355770 -161.768506    19.237      612.1    28330.8      197.9 ******** 900951.2 859818.7 2021 10 12 14 15  0.590  0.01   1
     7455  55.298376 -161.951416    15.043   -11034.4    21941.5    -3995.9 ******** 570482.6 ******** 2021 10 12 19  6 27.380  1.39   1
     7465  55.705632 -162.211963     1.638   -27484.0    67279.1   -17400.8 ******** ******** ******** 2021 10 13  3  5 17.820  2.01   1
     7466  54.997217 -162.283545     6.217   -32303.9   -11585.0   -12822.0 106173.2 128853.3 145098.7 2021 10 13  5 25 10.600  1.41   1
     7468  55.053133 -162.172461    30.513   -25186.4    -5360.1    11473.9 374968.8 335202.2 333574.5 2021 10 13  6  6 51.980  1.77   1
     7469  55.124125 -161.793245     6.092     -964.9     2543.0   -12947.3 215875.0 231965.4 390271.3 2021 10 13  7 25 59.470  0.83   1
     7471  55.051172 -161.071875    37.590    45109.6    -5578.5    18550.6 187303.4 445526.0 313687.4 2021 10 13 11 34 58.770  2.14   1
     7475  54.638924 -161.866829    21.966    -5694.8   -51471.8     2927.6 167602.2 161443.0 103328.8 2021 10 13 17 58 24.700  1.93   1
     7476  55.467244 -161.122184    39.084    41679.1    40740.7    20045.5 166005.9 369282.8 222917.1 2021 10 14  1 14  1.840  1.87   1
     7485  55.212138 -161.676025     4.719     6508.2    12341.0   -14319.9 253093.9 152059.2 204568.6 2021 10 14 13  4 28.920  0.81   1
     7486  54.644320 -161.400911    12.050    24215.2   -50871.2    -6988.9 218917.2 122014.0 185761.0 2021 10 14 13 54 54.980  2.52   1
     7488  55.087781 -161.611605    22.297    10631.1    -1503.0     3257.7 118366.9 252365.5 218779.7 2021 10 14 15 23  4.770  0.30   1
     7490  55.385388 -161.936035     7.472   -10044.1    31628.1   -11567.1 ******** ******** ******** 2021 10 14 15 59 58.120  0.27   1
     7491  55.178829 -161.458252     4.767    20398.5     8632.9   -14272.2 240087.4 145491.8 179258.8 2021 10 14 18  5 58.280  1.07   1
     7492  55.431429 -161.626774    10.146     9621.3    36753.5    -8892.8 221850.4 195465.0 369853.5 2021 10 14 18 10 42.020  0.54   1
     7496  54.775944 -161.267708    13.816    32712.9   -36218.1    -5222.7 423435.7 140961.0 202102.6 2021 10 14 19 30 12.720  2.07   1
     7498  54.499316 -162.050618    15.577   -17524.0   -67013.6    -3462.2 285984.8 164202.7 232635.8 2021 10 14 20  4 46.620  2.06   1
     7502  54.917065 -162.217008     2.370   -28079.2   -20507.8   -16669.2  76046.9  39915.9  88673.5 2021 10 14 21 35 34.360  1.74   1
     7504  55.221594 -161.420459     4.149    22796.4    13393.8   -14889.5  92693.8 273212.9 213277.8 2021 10 15  0 17 46.620  1.00   1
     7505  55.390271 -161.770654     4.834      475.2    32171.6   -14205.0 816757.4 512831.6 712388.1 2021 10 15  2 46 27.700  0.92   1
     7506  55.496273 -161.697282    11.591     5135.0    43972.3    -7448.1 ******** ******** ******** 2021 10 15  2 46 59.210  1.06   1
      751  54.944735 -162.249544     6.245   -30150.4   -17427.6   -12794.0 129827.7 129539.9  81213.6 2021  1 25 15 34 57.710  1.47   1
     7513  55.343315 -161.869564     0.916    -5819.1    26944.2   -18122.5 744886.3 ******** 830636.2 2021 10 15  8 18 50.890  3.14   1
     7516  54.990686 -162.315007     7.993   -34317.5   -12312.0   -11046.3 147689.0 156468.4 129157.5 2021 10 15  9 49 25.890  1.72   1
     7518  55.429114 -161.597119    10.551    11506.8    36495.8    -8488.0  66816.0 223094.2 205608.5 2021 10 15 17  5  9.140  0.44   1
     7522  55.392822 -161.009408    22.565    48890.6    32455.7     3526.4 152828.5 436394.7 223107.5 2021 10 16  4 28 12.600  1.35   1
     7524  55.308602 -160.467643    12.220    83434.8    23079.9    -6818.9 241141.9 314597.0 241448.7 2021 10 16  6 16 28.460  1.63   1
     7527  54.993510 -161.807487     4.379    -1876.8   -11997.7   -14659.5 130565.1 166368.4 261588.4 2021 10 16  7 38 27.140  1.22   1
      753  55.066553 -161.695052     5.992     5305.0    -3866.2   -13046.6 125715.5 196644.9 189536.1 2021  1 25 21 59  6.360  1.38   1
     7530  55.386658 -161.562695    18.834    13702.4    31769.4     -204.7 140717.5 253278.4 239873.4 2021 10 16  9 36 58.290  0.15   1
     7531  55.295776 -161.765918    12.818      777.3    21652.1    -6220.6 470294.9 389009.2 382351.3 2021 10 16  9 42 50.900  0.76   1
     7533  55.435693 -161.664779    13.812     7205.0    37228.3    -5226.4 325930.0 213409.8 362233.4 2021 10 16 10  5 18.810  0.40   1
     7535  55.384436 -161.836247    15.355    -3696.9    31522.1    -3684.2 ******** 838673.9 857709.4 2021 10 16 10 50 37.620  0.66   1
     7536  54.995142 -161.639551    23.355     8857.2   -11816.0     4316.4 126049.5 127472.2 138517.1 2021 10 16 10 54 30.620  1.40   1
     7538  55.388904 -161.807959    16.949    -1897.5    32019.4    -2089.5 413086.2 669535.5 524686.8 2021 10 16 14 19 59.740  0.69   1
     7544  55.286670 -161.480257    17.447    18969.6    20638.3    -1592.2 118718.2 157321.4 255863.8 2021 10 16 17 35 56.920  0.72   1
     7547  54.507450 -162.193197    53.220   -26690.5   -66108.1    34181.6 491735.6 160727.8 174308.8 2021 10 16 21  0 20.720  1.89   1
     7559  55.355497 -161.656364    17.012     7747.7    28300.5    -2026.7 187564.8 196283.4 141371.3 2021 10 18 11 13 55.140  1.19   1
     7562  55.093856 -162.077002     7.559   -19079.8     -826.7   -11480.1 115310.0 139720.5 174718.0 2021 10 18 15  0 54.360  1.15   1
     7563  55.408781 -161.603467    16.167    11106.1    34232.3    -2872.2 131353.5 270575.8 238894.2 2021 10 18 20 17 32.540  1.03   1
     7564  54.882922 -162.165430     0.194   -24789.7   -24308.8   -18844.6  97779.7 110372.4  95429.6 2021 10 18 20 24 46.800  1.48   1
     7567  55.400403 -161.550342     4.091    14485.7    33299.6   -14947.4 112585.6 338343.8 290634.0 2021 10 18 22 23 28.900  0.43   1
     7570  55.380367 -161.563053     4.401    13680.7    31069.1   -14638.1 157789.7 209603.0 209060.3 2021 10 19  4 56 46.280  0.48   1
     7579  55.367004 -161.663965    18.912     7263.0    29581.5     -127.0 212650.4 345437.0 116589.6 2021 10 19 20 46 21.180  0.96   1
     7585  55.367525 -161.758496    15.292     1248.8    29639.5    -3747.0 421615.4 295440.7 287900.6 2021 10 20  3  1  1.960  0.68   1
     7587  55.361698 -161.687109     8.545     5790.9    28990.8   -10494.3 527049.9 582066.2 632725.5 2021 10 20  3 43 33.910  1.67   1
     7588  55.403337 -161.590788     7.190    11913.1    33626.2   -11848.6  96331.6 234097.4 201579.2 2021 10 20  5 26 53.150  0.20   1
     7592  55.365047 -161.802035    16.435    -1521.2    29363.6    -2604.0 371950.9 326504.4 223397.2 2021 10 20 10 35 14.480  0.89   1
     7595  55.430115 -161.761133     4.736     1080.2    36607.2   -14302.6 ******** 707807.8 ******** 2021 10 20 12 41 30.150  0.56   1
     7602  54.675321 -160.734831     7.526    66948.6   -47419.9   -11512.4 588385.3 617646.1 551370.7 2021 10 21  2  7 40.270  2.78   1
     7606  55.249646 -161.371729    24.593    25893.2    16516.6     5553.9 140996.0 385579.6 163285.7 2021 10 21  8 25 35.430  1.83   1
     7610  55.359920 -161.762712    15.193      980.7    28792.9    -3846.3 214619.7 199547.7  97869.8 2021 10 21 11  7 18.980  1.12   1
     7612  54.688285 -161.484717    43.067    18825.1   -45976.7    24027.8 194162.0 200022.3 213259.2 2021 10 21 12 32 42.960  1.80   1
     7613  55.417403 -161.863444    14.363    -5424.6    35192.1    -4675.5 ******** ******** 985015.8 2021 10 21 13 18 21.200  0.66   1
     7618  55.284611 -161.932048    32.115    -9802.8    20409.1    13076.0 677753.6 550105.1 204235.8 2021 10 22  7 32  5.690  0.89   1
     7627  55.137557 -161.336165     0.317    28198.5     4038.3   -18722.1 147020.0 184843.1 116017.4 2021 10 23 20 59  9.840  2.46   1
     7633  54.880770 -162.190869     1.432   -26418.7   -24548.4   -17607.1  80638.4 103054.7 110730.9 2021 10 24 14 30 22.330  1.15   1
     7644  54.519495 -161.465592     7.090    20093.9   -64767.3   -11949.0 250659.3 151018.8 185956.3 2021 10 25  8 37 18.900  1.74   1
     7645  55.080046 -162.068538     0.953   -18542.6    -2364.1   -18085.5 110036.6 156540.4 106173.7 2021 10 25 13 19 39.520  1.47   1
     7646  55.068180 -162.068343     5.280   -18532.9    -3685.0   -13758.8  93446.1  76392.4 149148.8 2021 10 25 16 44 28.910  0.79   1
     7663  54.416370 -161.605924    10.431    11085.5   -76247.6    -8608.1 218695.1 133682.1 175207.8 2021 10 27  0  0 11.710  1.89   1
     7665  54.918319 -162.195003     2.267   -26670.9   -20368.3   -16772.3  86654.9  69990.6  78366.3 2021 10 27  2 51 52.540  2.05   1
     7667  54.909009 -162.189144     0.965   -26299.0   -21404.7   -18074.1  79606.7  82381.1  79438.6 2021 10 27  3  8 18.840  1.11   1
     7668  54.865275 -162.197314     0.577   -26836.4   -26273.4   -18462.2  95156.5  90923.2  81857.0 2021 10 27  3  8 31.690  1.39   1
     7669  55.137927 -163.240869    14.909   -93327.6     4079.6    -4129.9 162241.0 463462.7 223226.5 2021 10 27  6 59 21.160  3.09   1
      767  55.304281 -161.678239     6.686     6359.8    22598.8   -12353.1 118389.6 171759.1 199554.0 2021  1 26 19 19 41.320  1.54   1
     7674  55.079553 -162.076481     3.072   -19049.9    -2418.9   -15967.1  74110.1 107440.4 134772.2 2021 10 27 10 13 27.160  1.51   1
     7677  55.078532 -162.072575     3.415   -18800.7    -2532.6   -15623.9 103308.1  89331.6 172612.9 2021 10 27 12 56 54.520  1.10   1
      768  54.533773 -162.203906    55.363   -27370.3   -63177.8    36324.4 317745.3 134508.0 125446.5 2021  1 26 19 36 57.400  1.51   1
     7681  54.377002 -161.524202     8.680    16354.3   -80630.2   -10358.9 204305.0 166370.5 169254.7 2021 10 27 15 11  7.230  2.49   1
     7683  54.940747 -161.402637    33.783    24016.2   -17871.5    14744.0 276852.0 277454.2 271913.6 2021 10 27 16 16 10.650  1.48   1
     7689  54.525956 -162.123893    30.456   -22229.0   -64047.9    11416.7 592211.1 156955.7 461525.2 2021 10 28  2 58 55.960  2.33   1
     7691  55.372347 -161.581608    11.391    12501.7    30176.3    -7648.1 116849.3 236421.0 143577.0 2021 10 28  5 53 47.120  0.32   1
     7693  55.311076 -161.678630    17.356     6334.4    23355.3    -1682.4 438585.1 395993.2 317988.2 2021 10 28 11 56 20.060  1.01   1
     7696  54.574618 -161.306250    14.714    30318.1   -58630.7    -4325.3 146445.5 123244.7 102362.9 2021 10 28 15  5 52.680  1.86   1
     7699  55.342778 -162.199479    12.342   -26815.0    26884.4    -6696.8 ******** ******** ******** 2021 10 28 15 59 55.260  1.58   1
     7700  54.610156 -161.336833    13.988    28340.7   -54674.4    -5050.6 114054.1 202065.4  93617.4 2021 10 28 18 35 56.340  1.72   1
     7705  54.977311 -162.636556     5.025   -54880.1   -13801.0   -14013.9  76780.7 229615.1 197511.2 2021 10 28 21 30 22.900  1.56   1
     7709  54.947909 -161.532113    21.385    15733.5   -17074.2     2346.6 231093.6 130739.3 194928.5 2021 10 28 22 41 30.440  1.97   1
      771  54.465454 -161.664079    37.705     7337.4   -70783.3    18666.3 394236.9 171532.7 366077.4 2021  1 26 22 17  9.840  1.92   1
     7711  55.307080 -162.162467    39.434   -24470.5    22910.4    20395.2 ******** ******** ******** 2021 10 28 23 59 53.260  1.45   1
     7719  54.952596 -161.766618     4.348      735.9   -16552.4   -14690.5 184416.8 228482.8 165278.7 2021 10 29  5 21 21.040  1.21   1
      772  55.548922 -162.586719    13.363   -51326.2    49833.4    -5675.6 ******** ******** ******** 2021  1 26 22 24 53.720  1.65   1
     7723  55.315011 -161.771354    12.020      431.0    23793.3    -7019.1 793043.7 632446.8 594006.4 2021 10 29  8 15 33.330  0.10   1
     7726  55.311361 -161.888298    14.301    -7014.1    23387.0    -4737.7 ******** ******** ******** 2021 10 29  8 32 40.840  0.11   1
     7730  55.206608 -160.874349    14.780    57614.3    11725.4    -4259.2 190776.7 466628.4 272915.2 2021 10 29  9 20 40.510  1.90   1
     7731  55.303141 -161.769499    21.455      549.3    22472.0     2416.5 ******** ******** ******** 2021 10 29  9 22  5.270  1.26   1
     7735  55.194202 -161.602539     9.404    11195.1    10344.3    -9634.9 468669.4 142418.1 376821.2 2021 10 31  1 50  3.300  1.83   1
     7742  55.350028 -161.729574     6.000     3089.5    27691.7   -13039.1 412352.6 683018.7 581180.8 2021 10 31 14 28  1.510  0.43   1
     7750  55.367729 -161.489290    13.923    18375.7    29662.1    -5115.5 107111.5 127315.6 402473.7 2021 10 31 17 11 37.460  1.34   1
      776  55.009973 -161.594889    38.398    11709.6   -10164.9    19359.1 238114.2 198072.8 220854.7 2021  1 26 23 39 36.360  2.17   1
     7762  55.167269 -162.097949    32.326   -20398.3     7346.0    13287.3 ******** ******** ******** 2021 11  1  7  1 10.340  1.35   1
     7766  54.834843 -162.798193     9.284   -65329.1   -29661.2    -9754.9 146309.0 167925.3 207997.9 2021 11  1  8 41 31.230  1.52   1
      777  54.577030 -162.045850    52.277   -17200.9   -58362.1    33237.7 242680.4 118043.0 189050.7 2021  1 26 23 47 27.680  1.94   1
     7775  55.232804 -161.504460    24.626    17440.0    14641.7     5586.7  91020.0 132723.5 107136.1 2021 11  1 11  0 23.140  1.64   1
     7779  54.841284 -161.267204    30.821    32718.8   -28944.1    11782.3 133200.5 170371.9 336503.9 2021 11  1 11 27  0.290  2.63   1
     7788  55.286348 -161.032845    39.871    47463.2    20602.5    20832.6  61716.6 270307.4 255147.2 2021 11  1 14 58 47.590  1.78   1
     7792  54.828841 -162.396761    15.061   -39622.8   -30329.4    -3977.7 224233.8  73891.0 279791.8 2021 11  1 17  8 19.620  0.90   1
     7794  55.257609 -163.468083     7.566  -107663.6    17403.1   -11473.2 250793.1 535964.9 326705.6 2021 11  1 18 29 17.320  2.80   1
     7796  55.249532 -161.708187     9.349     4456.1    16503.9    -9690.2 263823.3 172332.7 352181.1 2021 11  1 19 31  8.700  1.33   1
     7798  55.358443 -161.620866     9.950    10006.0    28628.4    -9089.2 612716.9 371598.0 682558.2 2021 11  1 20 26 55.080  0.67   1
     7803  55.283545 -161.262061     1.125    32866.7    20290.4   -17913.8 210784.0 167466.9 107272.8 2021 11  2  1 36 10.570  1.20   1
     7805  54.546684 -161.693864    11.850     5415.7   -61740.5    -7188.7 126864.0  67642.4 180178.1 2021 11  2  1 51  5.080  2.08   1
     7807  55.328837 -161.764876    14.494      843.3    25332.5    -4545.2 673541.9 391756.6 424421.4 2021 11  2  2 20 10.100  0.58   1
     7810  54.938452 -162.240674     4.890   -29585.4   -18127.0   -14149.1 173583.1  82243.8 194447.2 2021 11  2  7  5  3.520  0.95   1
     7812  55.284831 -161.963623    12.372   -11813.7    20433.5    -6666.6 ******** ******** ******** 2021 11  2  8 21 34.590  1.73   1
     7825  54.881877 -162.189372     4.795   -26322.5   -24425.2   -14243.4 133868.4 112843.9 209935.8 2021 11  2 18 12 27.200  0.97   1
     7829  55.373482 -161.736344    18.906     2657.9    30302.6     -132.6 227929.3 158832.9 126794.1 2021 11  2 19  3 34.880  0.80   1
      783  55.657812 -161.244141    60.764    33848.7    61955.6    41725.5 362230.9 465862.2 312114.9 2021  1 27  1 21 14.170  2.07   1
     7834  55.176969 -161.700977    24.764     4919.9     8425.9     5724.8 126866.0 106276.3  88844.1 2021 11  3  1 28 35.140  1.10   1
     7835  54.874162 -160.978239    13.275    51202.8   -25284.1    -5763.7 367221.9 323721.2 303474.6 2021 11  3  7 48 30.350  2.25   1
     7836  55.064478 -161.582943    34.270    12464.6    -4097.2    15230.9 230456.3 290725.2 270879.1 2021 11  3 13 15 20.120  2.25   1
     7837  55.307060 -161.648910     6.732     8227.0    22908.2   -12306.7 128395.1 122632.8 187378.9 2021 11  3 13 15 42.950  1.25   1
     7842  55.379948 -161.485742     5.504    18598.6    31022.4   -13534.4 134958.2 311610.2 199624.5 2021 11  4  3 45 18.910  0.99   1
     7843  55.414807 -161.573405    11.371    13016.7    34903.1    -7668.3 106053.2 281354.1 108908.9 2021 11  4  3 54 36.170  1.28   1
     7846  55.430745 -160.949772    53.371    52658.4    36677.4    34332.2 177869.6 425407.9 222733.7 2021 11  4  6 52 14.600  2.29   1
     7847  55.539998 -161.854785    10.738    -4866.6    48840.0    -8300.6 ******** ******** ******** 2021 11  4  6 52 54.210  1.61   1
     7848  55.375220 -162.932096     1.067   -73409.0    30496.1   -17972.1 312535.6 360724.4 327409.8 2021 11  4  6 52 58.340  2.12   1
     7849  54.995756 -162.294808     6.997   -33024.4   -11747.6   -12042.3 119055.2 154770.0 191359.0 2021 11  4  8 58  6.310  2.84   1
     7857  55.205676 -161.912240     3.081    -8549.7    11621.7   -15958.1 144261.6 234546.9 242579.5 2021 11  4 23 40 36.900  1.18   1
     7861  55.433789 -161.646989    18.326     8336.0    37016.3     -712.9 364134.5 343885.5 411946.0 2021 11  5  4 25 23.170  1.03   1
     7862  55.342505 -161.560189    18.962    13869.5    26854.1      -77.2  89203.8 250590.1 190856.5 2021 11  5  4 27 55.680  1.18   1
     7866  55.332117 -161.502051     1.217    17571.7    25697.6   -17821.8 253525.6 419690.2 292218.8 2021 11  5  7 28 38.700  1.60   1
     7871  55.441980 -161.818994    21.837    -2597.7    37928.1     2797.8 ******** ******** ******** 2021 11  5 13 17 58.610  0.98   1
     7872  55.315540 -161.651888     7.999     8036.5    23852.2   -11040.1 198465.9 276287.3 198675.2 2021 11  5 15 50 47.600  1.26   1
     7873  55.420186 -161.913965    21.084    -8636.5    35502.0     2044.9 ******** ******** ******** 2021 11  5 15 59 56.170  1.65   1
     7874  55.346423 -161.725830    30.590     3327.9    27290.3    11551.0 510770.3 511621.1 262692.6 2021 11  5 17 27 28.240  1.83   1
     7877  54.894181 -162.501807    27.843   -46313.3   -23055.4     8804.5 189292.4 110192.1 512675.5 2021 11  5 21 49  9.440  1.92   1
     7878  55.171427 -161.845475    12.257    -4295.4     7808.9    -6781.5 988636.4 910943.3 ******** 2021 11  5 23 58  2.880  1.86   1
     7879  55.395068 -161.588997    21.614    12028.2    32705.7     2574.6 120347.7 266811.0 144004.4 2021 11  5 23 58  3.300  0.85   1
     7880  55.360872 -161.920931     8.216    -9086.1    28898.9   -10822.7 ******** ******** ******** 2021 11  6  0  1 51.100  1.32   1
     7882  54.951941 -162.237386     2.138   -29370.2   -16625.3   -16900.7  89642.5  85606.0 123597.0 2021 11  6 11 17 24.790  1.25   1
     7884  55.325098 -161.693311    16.245     5398.8    24916.2    -2794.4 355645.0 331607.8 239117.1 2021 11  6 14 47 26.170  1.61   1
     7889  55.300045 -162.142008    48.392   -23170.0    22127.2    29353.5 ******** ******** 825284.0 2021 11  6 15 59 52.330  1.67   1
     7890  55.386487 -161.837988     5.266    -3807.6    31750.4   -13772.8 ******** ******** ******** 2021 11  6 21 35 46.280  0.28   1
     7894  54.935819 -160.410824    11.315    87457.7   -18420.0    -7723.9 344136.8 405730.4 318864.1 2021 11  7  3 21  1.110  2.31   1
      790  55.003324 -162.269580    19.804   -31408.9   -10905.1      765.2 117990.4 153613.3  96924.3 2021  1 27  2  7 34.120  1.76   1
     7903  55.416744 -161.924414    13.336    -9301.2    35118.7    -5702.7 ******** ******** ******** 2021 11  7 10 51 56.410  1.49   1
     7905  55.369722 -161.932585     0.685    -9826.5    29884.1   -18353.9 ******** ******** ******** 2021 11  7 11  1 16.900  0.86   1
     7909  55.427991 -161.655648    16.559     7786.1    36370.8    -2480.3 340270.2 213338.0 392610.7 2021 11  7 16 53 33.990  1.17   1
      791  55.259961 -160.310107    11.468    93521.6    17664.9    -7570.9 204934.5 413349.2 208237.6 2021  1 27  2 11 53.510  1.44   1
     7913  55.324910 -160.497201    13.693    81536.4    24895.4    -5345.6 241846.4 434657.2 198662.6 2021 11  7 17 58  5.520  3.12   1
     7915  55.285128 -161.632243    27.843     9290.6    20466.6     8803.8 120199.6 293088.6 127972.0 2021 11  8  3 22 52.080  1.86   1
     7916  55.340299 -161.857910    20.194    -5077.7    26608.6     1154.8 ******** ******** ******** 2021 11  8  3 31 27.700  1.90   1
      792  55.265653 -161.547445    12.170    14694.7    18298.6    -6869.2  73161.6 200759.7 260304.8 2021  1 27  3  8 54.450 -0.20   1
     7927  55.494584 -161.988623    12.007   -13370.7    43784.3    -7031.5 ******** ******** ******** 2021 11  8 11  5 30.690  1.43   1
      793  54.494889 -162.067676    50.321   -18622.0   -67506.5    31282.0 269816.3 149967.9 179957.6 2021  1 27  4 14  5.590  1.60   1
     7933  55.363489 -162.332552    44.791   -35274.6    29190.1    25752.3 ******** ******** ******** 2021 11  8 15 59 52.080  1.57   1
     7935  55.695740 -162.057666     1.497   -17711.4    66177.9   -17542.1 ******** ******** ******** 2021 11  8 16 33 19.830  2.08   1
      794  55.051046 -161.468945    17.270    19748.0    -5592.5    -1769.4  92231.7 294468.8 332869.7 2021  1 27  4 24  7.540  1.70   1
     7940  55.277303 -161.721338    22.617     3616.9    19595.5     3578.0 230669.9 101100.6 124621.6 2021 11  8 19 29  9.180  1.93   1
     7941  55.562032 -161.881266     2.141    -6545.9    51292.9   -16897.6 ******** ******** ******** 2021 11  8 19 29  9.140  1.29   1
     7945  55.617696 -162.362077    48.287   -37034.8    57489.7    29247.9 ******** ******** ******** 2021 11  8 19 37 10.360  1.78   1
     7947  55.094405 -161.853792     9.744    -4830.4     -765.5    -9294.9 223503.0 211497.4 279638.6 2021 11  8 21 15  2.240  0.97   1
     7949  54.709603 -161.848405    33.085    -4508.0   -43603.5    14045.7 183728.3 218234.3 226541.3 2021 11  9  0  1 28.240  1.25   1
     7954  55.545207 -161.869271    15.054    -5785.8    49419.8    -3985.0 ******** ******** ******** 2021 11  9  5 52 12.820  1.09   1
      796  55.068559 -160.828809    63.302    60621.7    -3642.9    44263.0 108459.8 313173.2 147209.5 2021  1 27  4 46  2.420  2.19   1
     7961  55.020703 -162.277458    18.342   -31905.5    -8970.4     -696.9 216891.7 205801.1 108135.9 2021 11  9 13  8 43.110  1.10   1
     7963  55.226929 -161.846696     6.782    -4370.2    13987.6   -12257.2 457775.5 302571.8 732847.8 2021 11  9 13 16 10.200  0.30   1
     7967  54.397563 -161.192660     9.717    37698.4   -78341.3    -9321.5 256531.7 282138.1 183178.1 2021 11  9 17 49 51.560  1.53   1
     7968  54.529724 -161.761833    41.339     1047.4   -63628.5    22299.9 253238.9 184619.2 393871.5 2021 11  9 18 11 27.580  1.31   1
     7969  54.908382 -162.225228     5.223   -28608.1   -21474.5   -13816.3  59748.3  54887.4 135365.8 2021 11  9 18 21 38.600  0.36   1
      797  54.883256 -161.500537    28.348    17767.1   -24271.6     9308.6 226389.2 185688.2 357622.5 2021  1 27  7 10 24.620  1.38   1
     7975  54.508366 -163.239909     2.708   -93996.7   -66006.2   -16330.5 153587.2 154586.9 151621.4 2021 11 10  1 47 18.050  2.06   1
     7993  55.325842 -162.001807     8.998   -14238.1    24999.1   -10041.3 ******** 841050.2 ******** 2021 11 11 19  0 20.720  1.81   1
     7995  55.399740 -161.899382    10.770    -7711.3    33225.7    -8268.6 ******** ******** ******** 2021 11 11 23 59 57.800  1.60   1
     7996  55.072827 -162.858008     3.531   -68955.8    -3167.7   -15508.1 103343.5 124366.2 160231.8 2021 11 12  0 50 11.380  1.46   1
        8  54.625960 -161.423372    12.131    22778.5   -52915.0    -6907.5 132045.2 120813.5 159444.0 2021  1  1 12 35 10.290  1.64   1
       80  54.644812 -160.985726    36.867    50867.8   -50816.4    17828.4 277114.7 254515.5 577925.4 2021  1  3  6  4 33.760  2.38   1
     8000  55.359977 -161.789616     0.868     -731.1    28799.2   -18170.4 459856.3 220369.8 370174.4 2021 11 12 10 29  4.990  1.70   1
     8002  55.265523 -161.304574    15.441    30166.0    18284.1    -3598.0 205796.0 434161.4 598587.5 2021 11 12 12 16 57.820  1.48   1
     8003  55.345813 -161.945215     6.629   -10633.2    27222.4   -12410.1 ******** ******** ******** 2021 11 12 12 22 52.240  0.08   1
     8006  55.347839 -161.982113     6.515   -12981.0    27448.0   -12523.7 ******** ******** ******** 2021 11 12 16 32 31.600  1.05   1
     8013  55.439990 -161.743294    10.834     2213.9    37706.6    -8205.2 698652.4 636219.3 837737.6 2021 11 12 19 29 55.120  1.58   1
     8016  55.404903 -161.820996     5.522    -2726.2    33800.6   -13517.4 ******** ******** ******** 2021 11 12 19 37 15.100  0.31   1
     8017  55.450350 -161.657796     6.255     7647.4    38859.9   -12784.1 569835.6 532728.1 ******** 2021 11 12 19 44 20.160  0.07   1
     8018  54.986100 -162.772884     2.809   -63588.8   -12822.5   -16230.2  90802.2 175491.0  89642.8 2021 11 12 19 46 31.040  1.44   1
     8019  54.499618 -163.240788     6.813   -94063.3   -66980.1   -12225.8 157874.3 153737.9 176194.3 2021 11 12 21 19 52.400  2.15   1
     8025  55.524174 -161.855469     8.318    -4911.0    47078.4   -10721.3 ******** ******** ******** 2021 11 13  3  1 50.580  0.98   1
     8038  54.488477 -163.217253    10.305   -92562.5   -68220.4    -8734.3 139470.3 120947.7  90177.3 2021 11 13 12  7 42.080  2.11   1
      804  54.374329 -162.119124    36.605   -21963.4   -80927.8    17565.8 610268.8 133769.8 363067.2 2021  1 27  9  5 59.730  2.00   1
     8044  55.305310 -161.931982    23.374    -9796.1    22713.4     4334.6 ******** ******** ******** 2021 11 13 15 59 57.610  0.84   1
     8047  55.339502 -161.736003    15.650     2680.8    26519.8    -3388.6 654965.9 435236.0 490005.0 2021 11 13 16 11 33.560  1.84   1
     8051  55.394344 -161.690983    14.863     5542.1    32625.1    -4175.7 165116.8 450218.2 152663.3 2021 11 13 19 22 38.240  0.36   1
     8055  55.361800 -161.886719    23.516    -6909.3    29002.1     4477.0 ******** ******** 995167.9 2021 11 13 19 25 42.960  1.66   1
     8060  55.360978 -161.879134     1.044    -6426.8    28910.6   -17994.7 180676.9 963211.6 ******** 2021 11 13 19 35 14.000  0.32   1
     8066  54.532137 -163.290560    14.188   -97225.2   -63359.9    -4850.5 152125.8 163234.8 192114.3 2021 11 14  0  4 47.600  1.67   1
     8067  55.307133 -161.651139     7.656     8085.0    22916.3   -11383.0 138422.0 332679.9 676977.6 2021 11 14  2 14 19.250  1.62   1
     8068  55.095361 -161.889486    17.398    -7108.9     -659.1    -1640.9 ******** 721193.0 756711.6 2021 11 14  2 14 28.850  1.93   1
     8069  55.517635 -161.797363    14.427    -1221.6    46350.4    -4611.7 ******** ******** ******** 2021 11 14  2 18 35.610  1.27   1
     8081  55.437826 -161.724414     5.812     3414.1    37465.6   -13226.7 796791.3 403330.4 558995.2 2021 11 14  7 25 28.710  0.93   1
     8082  55.430924 -161.896826    15.212    -7545.8    36697.4    -3827.4 ******** ******** ******** 2021 11 14  7 26  8.450  1.26   1
     8089  55.466366 -161.825765     2.686    -3027.1    40642.8   -16352.4 426618.4 ******** ******** 2021 11 14 10 55 24.520  0.78   1
     8091  55.428182 -161.923617    13.142    -9249.2    36392.1    -5896.6 ******** ******** ******** 2021 11 14 13 55 18.930  1.38   1
     8099  55.137732 -162.092285    42.443   -20044.4     4057.8    23403.7 ******** 931592.2 512254.5 2021 11 14 17 15  3.440  1.04   1
       81  55.152218 -161.921012     5.270    -9115.0     5670.4   -13768.9 149286.9 229301.8 255268.0 2021  1  3  6  5  4.440  1.21   1
     8100  55.519324 -161.849300     9.940    -4519.6    46538.4    -9098.6 ******** ******** ******** 2021 11 14 17 16  7.440  1.64   1
     8102  55.350859 -161.765544     3.582      800.6    27784.1   -15457.0 418595.7 129386.3 548794.3 2021 11 14 17 18  4.840  0.66   1
     8104  55.289388 -161.653841    32.333     7914.7    20940.9    13294.1 368269.6 432337.2 319966.0 2021 11 14 17 25 59.080  1.46   1
     8108  55.424939 -161.900439    16.060    -7776.1    36031.0    -2979.4 ******** ******** ******** 2021 11 14 19 19 47.720  0.93   1
     8109  55.365474 -161.795964    20.959    -1134.9    29411.2     1919.7 323169.0 416643.2 293051.0 2021 11 14 19 23 13.420  1.10   1
     8110  55.470487 -161.869824    11.641    -5826.4    41101.7    -7398.3 ******** ******** ******** 2021 11 14 19 26 53.520  1.88   1
     8115  55.443913 -161.942497    14.118   -10447.4    38143.3    -4921.3 ******** ******** ******** 2021 11 14 22 28 10.120  1.30   1
     8118  55.371920 -161.838314     5.765    -3829.0    30128.7   -13274.4 ******** 907286.4 ******** 2021 11 14 22 42 20.560  0.10   1
     8122  54.869641 -161.144434    56.886    40566.6   -25787.3    37846.6  84691.2 124958.9 104666.9 2021 11 15  0 46 32.610  2.01   1
     8123  55.359941 -161.774170     1.430      251.6    28795.1   -17608.7 119347.7 147459.7 153829.7 2021 11 15  1 23 57.360  1.73   1
     8124  55.363387 -161.785091     7.406     -443.2    29178.8   -11633.1 ******** 442361.0 ******** 2021 11 15  1 29  6.440  1.92   1
     8128  54.860962 -162.151090     0.194   -23878.4   -26753.5   -18845.3 102656.0  91031.8  87761.1 2021 11 15  3 37 21.740  1.73   1
     8132  54.404248 -163.271582    56.473   -96156.5   -77597.1    37434.4 406126.4 414785.2 478537.5 2021 11 15  5 14 42.700  1.62   1
     8134  55.352161 -161.780355    24.297     -141.9    27929.0     5257.6 510983.7 506823.8 332895.7 2021 11 15  5 51  9.820  1.43   1
      814  55.161633 -161.371273    31.901    25950.8     6718.6    12861.7 197481.4 163421.8 229842.7 2021  1 27 15 31 11.340  2.57   1
     8140  55.368551 -161.788249     7.954     -644.1    29753.6   -11085.4 ******** 768283.5 ******** 2021 11 15  8 54 46.330 -0.04   1
     8141  55.282117 -161.809733     2.599    -2013.1    20131.4   -16439.6 363650.3 403846.1 410868.1 2021 11 15  8 56 45.270  0.46   1
     8143  54.594324 -161.470833    12.911    19738.8   -56436.9    -6128.2 179455.8 139316.2 191309.1 2021 11 15  9 15 48.260  1.82   1
     8144  55.285539 -160.639714    32.483    72500.5    20512.4    13443.8 208535.6 430275.8 425060.9 2021 11 15  9 19 55.610  2.52   1
     8146  55.304635 -161.674772    17.463     6580.5    22638.2    -1576.2 119446.7 109478.6 106472.4 2021 11 15 11 22 49.170  1.45   1
     8154  55.552340 -161.855924    14.680    -4938.2    50213.9    -4358.9 ******** ******** ******** 2021 11 15 13  5 53.380  1.28   1
     8155  55.382690 -161.897754    14.929    -7609.4    31327.7    -4109.9 ******** ******** ******** 2021 11 15 13  9 28.850  1.22   1
     8159  55.234403 -161.817757     7.338    -2525.6    14819.7   -11700.8 254860.4 493633.2 ******** 2021 11 15 14 21 15.650  1.02   1
     8170  55.447595 -161.855143     9.157    -4895.0    38553.2    -9882.4 802967.1 944609.9 ******** 2021 11 15 15 56 26.480  0.79   1
     8172  55.247807 -161.472607    17.079    19466.3    16311.9    -1959.7  91822.6 195696.5 259719.0 2021 11 15 17 16  9.020  1.41   1
     8173  55.317558 -161.977686    18.132   -12704.1    24076.9     -906.6 ******** ******** ******** 2021 11 15 17 16 10.160  1.47   1
     8177  55.362870 -161.790885    18.684     -811.9    29121.3     -355.2  88095.0 149283.7  80150.6 2021 11 15 20 41 50.680  1.01   1
     8184  55.379899 -161.896989     4.898    -7561.0    31017.0   -14140.9 ******** ******** ******** 2021 11 15 20 51 40.760 -0.23   1
     8185  55.385575 -161.856348    10.726    -4975.4    31648.9    -8312.8 ******** ******** ******** 2021 11 15 20 57 10.520  1.37   1
     8186  55.693734 -161.372445    12.667    25704.0    65954.5    -6371.7 292335.3 180695.2 426101.2 2021 11 15 21 18 56.860  2.03   1
      819  54.573324 -161.277360    13.430    32174.8   -58774.8    -5608.9 129669.4  95787.4 100409.6 2021  1 27 16 46  4.750  2.23   1
     8191  55.199837 -162.149642    24.824   -23685.6    10971.7     5784.9 ******** ******** ******** 2021 11 15 23 19 57.800  0.34   1
     8198  55.315849 -161.816130     2.956    -2419.4    23886.6   -16082.8 423452.4 239282.8 316634.6 2021 11 16  3 30  3.340  0.82   1
      820  54.990173 -161.667350    23.427     7080.8   -12369.1     4387.8 141269.5 192610.1 335530.6 2021  1 27 18 18 24.000  1.47   1
     8202  55.381152 -161.752116    17.882     1654.4    31156.5    -1157.0 366605.6 194837.0 237974.8 2021 11 16  6 59  6.100  1.23   1
     8214  55.415540 -161.878141    21.157    -6359.2    34984.7     2118.2 ******** ******** ******** 2021 11 16 14  0 11.780  1.45   1
     8219  55.042371 -162.440169    39.119   -42290.8    -6558.3    20079.9 186202.0 152679.8 448157.2 2021 11 16 14 13 57.140  1.82   1
      822  54.971159 -162.482520    21.064   -45035.9   -14485.9     2025.2 245530.6 222802.8 245263.9 2021  1 27 19 30 37.800  1.29   1
     8221  54.562313 -162.551676    18.450   -49708.4   -60000.6     -588.9 111220.6 120454.7  75065.9 2021 11 16 15 18 49.780  2.41   1
     8225  54.457784 -163.166797     0.624   -89351.0   -71637.2   -18415.0 171959.6 150671.9 125173.6 2021 11 16 18 49 55.900  2.53   1
     8227  54.408643 -162.073861    15.793   -19040.0   -77107.9    -3245.9 262842.7 125217.0 133641.0 2021 11 16 19 39 22.720  2.15   1
     8228  55.377608 -161.924788    13.759    -9329.6    30762.0    -5279.6 ******** ******** ******** 2021 11 16 20  7 11.800  1.38   1
     8235  55.222115 -161.351107    17.713    27216.5    13451.7    -1326.0 270019.9 366431.4 446798.1 2021 11 16 23  1 52.340  1.27   1
     8241  55.719393 -160.554899    11.558    77479.0    68811.0    -7481.0 448432.5 670278.9 437201.8 2021 11 17  2 43 56.180  1.77   1
     8242  55.308639 -161.984098    22.415   -13113.8    23083.9     3376.5 ******** ******** ******** 2021 11 17  2 54 14.340  2.21   1
     8243  54.952600 -162.797884     3.243   -65214.0   -16551.9   -15796.0 118472.0 385596.7 306610.4 2021 11 17  2 54  9.420  2.12   1
     8245  54.991610 -162.297363     1.879   -33189.4   -12209.2   -17160.0 122348.0 137376.5  92466.1 2021 11 17  6 12 34.250  1.65   1
      825  54.448592 -162.193213    44.127   -26710.9   -72660.5    25087.9 296595.3  97019.8 137855.0 2021  1 27 21 14 15.160  1.67   1
     8256  54.519157 -162.012223    10.888   -15051.2   -64804.9    -8151.0 267874.3  99326.2 129687.0 2021 11 17 10  3  4.480  2.48   1
     8258  55.366113 -161.788965    19.679     -689.6    29482.3      639.9 159716.2 100396.6  88767.1 2021 11 17 11 28 57.750  1.34   1
      826  54.960433 -162.288737     4.259   -32650.7   -15680.0   -14779.8 138450.4  85547.3  87029.3 2021  1 27 21 23 43.960  0.87   1
     8262  55.389355 -161.941178    16.893   -10370.7    32069.7    -2145.5 ******** ******** ******** 2021 11 17 15 59 56.870  1.25   1
     8263  55.568905 -162.642562     1.244   -54857.1    52058.0   -17794.6 ******** ******** ******** 2021 11 17 16 11  7.270  1.48   1
     8266  55.121383 -162.200407     6.608   -26948.4     2237.7   -12430.9 533986.8 402504.1 444941.2 2021 11 17 17 13  0.000  2.20   1
     8268  55.115641 -161.941292     4.862   -10413.5     1598.6   -14177.0 243977.9 195193.1 136694.1 2021 11 17 20 19 27.680  1.10   1
     8269  54.777271 -161.333496    10.445    28496.1   -36070.5    -8593.4 202265.4 175020.1 280919.1 2021 11 17 20 19 26.000  1.47   1
     8271  55.366931 -161.899300     4.747    -7709.3    29573.3   -14291.9 ******** ******** ******** 2021 11 17 20 23 37.920  0.46   1
     8274  55.315063 -161.688379    17.603     5713.4    23799.2    -1436.2  69094.8 182337.7  83025.8 2021 11 17 20 34  6.520  1.19   1
     8279  54.772795 -162.760612     1.419   -62970.7   -36568.7   -17620.1 128140.3 101716.1 108852.4 2021 11 17 23 18 50.640  1.30   1
     8283  55.366349 -162.580176     2.115   -51027.5    29508.6   -16924.2 448141.1 396028.5 558441.0 2021 11 18  0 31 48.740  2.22   1
     8294  55.430900 -161.448145    30.553    20976.8    36694.7    11514.1 132366.5 190742.1 190136.5 2021 11 18  5 20 30.930  1.37   1
     8300  55.361694 -161.804443     0.862    -1674.5    28990.4   -18176.8 960004.7 985266.3 ******** 2021 11 18 13 55 36.220 -0.38   1
     8301  55.338493 -161.723405    18.557     3482.6    26407.5     -482.0 133155.4 269826.3 121533.5 2021 11 18 13 57 48.800  1.19   1
     8304  54.950545 -162.250130     3.451   -30185.7   -16780.7   -15587.5  76226.1 100789.0  92232.2 2021 11 18 14  6 29.210  1.94   1
     8307  54.690719 -161.976921    30.150   -12754.4   -45705.8    11110.7 992297.8 106727.5 495232.0 2021 11 18 14 14 50.180  1.83   1
     8309  54.578308 -161.291113    12.629    31289.2   -58219.9    -6409.4 128672.4  88756.7  83332.4 2021 11 18 14 45 46.690  3.05   1
     8311  55.221741 -161.913216    22.780    -8610.2    13410.1     3741.4 414834.2 410705.5 494711.8 2021 11 18 17  7 50.560  1.14   1
     8312  55.419368 -161.886833    17.677    -6911.5    35410.9    -1361.4 ******** ******** ******** 2021 11 18 17 49 22.320  1.07   1
     8314  55.389986 -161.530876    18.913    15725.7    32139.9     -125.5 156069.7 333275.7 202640.8 2021 11 18 17 54 37.660  1.33   1
     8324  55.378711 -161.772998     5.687      326.1    30884.7   -13351.5 ******** ******** ******** 2021 11 18 20 18 26.520  0.60   1
     8331  55.374731 -161.772201    20.391      376.9    30441.7     1352.2 499124.1 249702.6 339207.4 2021 11 19  1 59 23.600  1.15   1
     8332  55.335360 -162.038298    26.183   -16558.9    26058.7     7143.9 ******** ******** ******** 2021 11 19  2  1  4.130  1.61   1
     8333  55.401066 -161.830225     2.050    -3313.2    33373.4   -16989.1 ******** ******** ******** 2021 11 19  2  3 36.990  0.84   1
     8334  55.382048 -161.879867    11.531    -6471.7    31256.2    -7507.8 ******** ******** ******** 2021 11 19  2  6 44.440  1.13   1
     8336  55.335506 -161.807601     8.886    -1876.0    26075.0   -10153.1 ******** ******** 997370.8 2021 11 19  2 11 28.910 -0.22   1
     8339  54.599019 -161.279476    14.170    32028.7   -55914.2    -4868.4 184734.5 215659.4 281562.1 2021 11 19  3 51  8.890  2.79   1
     8353  55.420085 -161.886475    16.998    -6888.7    35490.6    -2040.5 ******** ******** ******** 2021 11 19 21 15  4.880  1.71   1
     8359  55.441032 -161.848421     8.311    -4468.2    37822.6   -10728.3 940701.9 ******** ******** 2021 11 20  2 34 10.230  0.72   1
     8361  55.421309 -161.880452    18.544    -6505.7    35627.0     -495.3 ******** ******** ******** 2021 11 20  4 39  9.480  1.35   1
     8365  55.353625 -162.266797    22.032   -31094.9    28092.1     2993.3 ******** ******** ******** 2021 11 20  7 59 54.680  0.94   1
     8369  55.325203 -161.642106    17.146     8658.2    24928.0    -1892.4 133418.5 198200.8  97723.2 2021 11 20 15 21 53.490  1.18   1
     8375  55.305042 -161.411312    25.045    23355.0    22683.5     6005.8 181691.0 334280.3 109911.0 2021 11 20 18 17 19.780  1.38   1
     8376  55.418783 -161.890055    15.104    -7116.5    35345.7    -3934.4 ******** ******** ******** 2021 11 20 18 17 23.080  1.26   1
     8378  55.344824 -161.883203    24.964    -6687.0    27112.3     5924.9 758750.1 ******** 871373.1 2021 11 20 18 19 35.040  1.14   1
     8388  55.488643 -161.857552    10.021    -5045.5    43122.9    -9018.0 ******** ******** ******** 2021 11 21  3 30 18.600  1.11   1
     8390  55.376888 -161.965365     6.489   -11910.9    30681.8   -12550.1 ******** ******** ******** 2021 11 21  3 41 22.600  1.53   1
     8393  55.458757 -161.823226     3.784    -2866.1    39795.8   -15254.9 ******** ******** ******** 2021 11 21 10  3  8.220  0.60   1
     8398  55.132666 -161.160254    30.807    39424.7     3493.8    11768.1 131101.5 144880.7 211508.1 2021 11 21 10 48 23.220  2.29   1
     8401  54.787309 -161.828743    18.123    -3243.7   -34952.9     -916.3 188501.7 108983.1 261370.0 2021 11 21 14 34 31.030  1.96   1
     8402  54.764661 -161.857308     0.728    -5075.6   -37474.2   -18311.3 285687.5 199130.8 147196.5 2021 11 21 14 40 33.040  1.70   1
     8412  54.490796 -161.105713    20.029    43247.3   -67962.1      990.1 237310.5 178882.6 185747.6 2021 11 22  7 45 44.860  2.09   1
     8416  55.410848 -161.709603    36.982     4357.0    34462.4    17943.5 532643.2 591123.9 258268.7 2021 11 22 11 28  8.690  2.11   1
     8417  55.340881 -161.926400     9.137    -9436.4    26673.4    -9901.8 ******** ******** 728690.9 2021 11 22 11 29  3.660  1.49   1
     8418  54.603947 -162.284554    56.481   -32526.4   -55365.6    37442.5 271992.8  75277.4 130349.0 2021 11 22 12 36 18.810  1.71   1
     8423  54.724398 -162.081022    17.178   -19425.3   -41956.5    -1860.4 231169.7  94126.0 240294.2 2021 11 23  1 14 36.660  0.82   1
     8424  54.875765 -162.053044     1.820   -17597.9   -25105.6   -17219.2  80757.7  97443.7 180650.7 2021 11 23  1 14 59.760  1.23   1
     8425  55.275248 -162.862174    28.555   -69047.3    19366.8     9516.0 351318.7 504278.0 378027.9 2021 11 23  3 36 30.860  1.93   1
     8427  55.345333 -162.283366     4.358   -32152.5    27168.9   -14681.0 ******** ******** ******** 2021 11 23  5  5 26.970  1.96   1
     8428  55.354753 -161.623486     4.952     9839.7    28217.6   -14086.7 128842.3 218735.7 349253.9 2021 11 23  5 21  3.910  2.00   1
     8430  55.235209 -160.947493    13.583    52932.6    14909.4    -5456.4 200581.4 386031.1 219228.9 2021 11 23  7 19  6.990  1.73   1
     8434  55.190145 -161.893164     3.684    -7335.1     9892.7   -15355.2 158161.8 289809.2 332469.4 2021 11 23 11 15 25.290  0.88   1
     8441  54.856547 -161.192952    31.362    37466.6   -27245.0    12323.2 144300.2 162400.4 291353.1 2021 11 23 19 31 53.000  2.10   1
     8443  54.425928 -163.140169     5.626   -87672.1   -75183.6   -13413.1 229383.0 193978.0 164698.7 2021 11 23 21  4  9.480  1.95   1
     8445  55.449817 -161.664095    21.980     7247.2    38800.6     2941.3 491637.6 670188.0 478653.5 2021 11 24  0 35 32.850  1.04   1
     8456  55.369625 -161.666699    13.960     7088.8    29873.2    -5079.1 286764.9 344459.8 230096.7 2021 11 25  2 43 28.290  1.71   1
     8466  54.645292 -161.491569    42.317    18395.2   -50762.9    23277.9 159533.7 169470.4 209140.9 2021 11 25 16 50 49.730  1.73   1
     8469  55.336589 -161.699495    18.351     5004.4    26195.5     -688.1 732044.8 807513.5 463336.9 2021 11 25 18 59 36.040  0.94   1
      847  54.864937 -162.054688     3.325   -17705.5   -26311.0   -15714.3 214921.0 101169.2 422769.8 2021  1 28 10 39 29.960  1.71   1
     8471  55.443526 -161.916504    12.527    -8795.3    38100.3    -6511.9 ******** ******** ******** 2021 11 25 19  0 27.400  1.25   1
     8474  55.366817 -161.778874    21.161      -47.6    29560.7     2121.8 227271.2 103988.7 118554.4 2021 11 25 22 33 55.400  1.45   1
     8476  55.385966 -161.902002    25.046    -7879.3    31692.4     6007.5 ******** ******** 915543.3 2021 11 25 22 36 54.360  1.52   1
      848  54.518559 -161.161068    13.298    39673.5   -64871.5    -5741.2 128181.9 168604.8 129151.3 2021  1 28 11 14 23.180  2.08   1
     8481  54.951208 -161.671973    12.459     6788.6   -16706.9    -6579.9 154041.2 229872.8 148399.6 2021 11 26  2  5 26.460  1.38   1
     8485  55.374227 -161.861344     2.416    -5294.0    30385.5   -16622.9 345155.8 397627.8 211976.5 2021 11 26  3 17 31.950 -0.18   1
     8486  55.271867 -161.685531    15.631     5897.9    18990.3    -3407.6 153091.3 207650.8 174496.3 2021 11 26  3 24 12.050  0.73   1
     8489  55.187048 -161.883219     5.450    -6701.2     9547.9   -13588.6 163686.3 232137.0 136490.6 2021 11 26  5  8 19.930  0.81   1
     8497  54.891972 -162.586100    26.485   -51709.2   -23301.4     7445.7 244324.7 210290.7 159459.1 2021 11 27  4 25 45.400  1.58   1
     8498  55.005676 -162.344987     9.255   -36227.1   -10643.2    -9783.4 189248.2 155798.9 146434.0 2021 11 27  4 26 13.660  0.79   1
     8499  55.443815 -161.874398    13.751    -6119.1    38132.4    -5287.7 ******** ******** ******** 2021 11 27  7 59 57.180  1.47   1
     8502  54.635685 -161.860986    22.214    -5319.9   -51832.4     3174.9 174250.9 125940.4 132240.3 2021 11 27  8  4 23.980  2.31   1
     8505  54.849797 -162.035889     1.999   -16505.1   -27996.5   -17039.9  79093.1  92853.5 148962.8 2021 11 27 19 49 46.340  1.39   1
     8514  54.398120 -162.365462    36.922   -37818.7   -78279.3    17882.7 541453.6 149515.7 388833.5 2021 11 28 10 12 11.870  2.04   1
      852  54.698588 -162.494401    71.852   -45950.5   -44829.8    52813.4 331063.6 137476.9 177117.1 2021  1 28 18 16  9.840  1.72   1
     8522  55.362821 -161.642708    19.187     8615.8    29115.8      148.1 146415.7 295283.0 174020.2 2021 11 29  4 14 51.700  1.03   1
     8523  55.244430 -161.529899    17.404    15816.6    15935.9    -1635.4 201501.9 307749.3 435467.2 2021 11 29  4 21  9.960  1.66   1
     8527  55.228772 -161.832552    23.622    -3468.7    14192.8     4582.6 389080.6 367630.5 237233.5 2021 11 29  8 37 36.790  0.98   1
     8529  54.327226 -161.622331     8.421    10040.3   -86171.5   -10617.9 251209.9 188348.4 196800.1 2021 11 29 11 15 37.670  2.15   1
     8533  55.373442 -161.824935     4.571    -2977.8    30298.1   -14467.7 949056.4 648730.4 ******** 2021 11 29 13 36 24.200  0.56   1
     8534  55.417013 -161.860026     8.598    -5207.3    35148.6   -10441.3 ******** ******** ******** 2021 11 29 13 43 40.220  0.58   1
     8535  55.424430 -161.903060     8.161    -7942.7    35974.4   -10877.7 ******** ******** ******** 2021 11 29 18  2 47.460  1.10   1
      854  54.892887 -162.640039    13.094   -55160.6   -23199.4    -5945.3 155925.7 156613.2 300413.6 2021  1 28 18 32 52.120  1.68   1
     8541  55.394177 -161.657568    12.576     7667.3    32606.5    -6462.6  94978.3 138713.5 112956.3 2021 11 29 23 59 25.380  0.41   1
     8542  55.140975 -161.561149     2.820    13843.2     4418.8   -16219.0 322529.8 184456.8 140599.8 2021 11 30  0  0 16.890  1.33   1
     8544  55.344059 -161.686230    16.452     5848.1    27027.1    -2586.5 135605.6 515075.8 329566.6 2021 11 30  5 28  7.010  0.40   1
     8546  55.360604 -161.708480    19.577     4431.2    28869.0      537.7  95632.5 287800.8  91180.5 2021 11 30  7  1 22.390  1.28   1
     8547  55.284794 -161.549382    10.329    14567.8    20429.5    -8710.3 178272.7 299103.3 159062.6 2021 11 30  7  2 53.280  1.42   1
     8550  55.337154 -161.730094    19.302     3056.9    26258.4      263.3 131439.9 138095.9 123585.8 2021 11 30  9  2  8.870  1.78   1
     8557  55.338806 -161.656657    21.286     7730.6    26442.3     2246.8 482339.7 496383.6 380001.8 2021 11 30 13 54 36.420  1.66   1
     8563  55.259843 -161.526351     5.534    16039.5    17651.8   -13505.1  84172.4 118961.6 135145.2 2021 11 30 16 30 26.810  1.58   1
     8569  55.402222 -161.796403     5.563    -1162.3    33502.0   -13476.4 671260.8 280324.6 776158.4 2021 11 30 19 19 37.040  2.02   1
     8572  55.313969 -161.534391     4.095    15516.8    23677.3   -14944.0 243675.2 200483.0 289938.2 2021 11 30 22 56 24.360  1.11   1
     8575  54.813900 -161.319157    20.375    29401.7   -31992.7     1336.5 140162.6 157673.3 165968.2 2021 11 30 23 36  8.620  2.00   1
      858  55.157304 -161.369124    17.453    26089.2     6236.6    -1586.2 135730.3 152153.3 310092.8 2021  1 28 20 22 40.580  1.66   1
     8580  55.231868 -161.717106    30.481     3888.6    14537.5    11442.5 201726.1 251215.9 249788.4 2021 12  1  0 50 59.720  1.42   1
     8582  55.322550 -161.527051    15.475    15982.4    24632.7    -3563.8  99029.2 250738.9 208444.1 2021 12  1  1 35  3.920  1.50   1
     8583  55.406759 -161.976644    21.385   -12623.6    34007.1     2346.3 ******** ******** ******** 2021 12  1  1 35  4.150  1.74   1
     8586  55.342460 -161.781608    14.316     -221.7    26849.1    -4722.8 316717.6 198205.6 166748.7 2021 12  1  2 51 19.430  1.31   1
     8593  55.330208 -161.559896    10.421    13890.3    25485.2    -8617.9 140814.2 480662.2 371168.3 2021 12  1  6 49  8.520  0.89   1
     8597  55.368921 -161.637923    10.029     8919.5    29794.8    -9009.8 162628.7 220453.3 165258.8 2021 12  1  8 10 19.430  0.17   1
     8598  55.313041 -161.506429    11.832    17297.2    23574.1    -7207.0 142170.0 122196.9 270726.2 2021 12  1  9 20 20.040  1.33   1
      860  55.175146 -161.927474    32.738    -9524.5     8223.0    13698.8 737889.4 ******** ******** 2021  1 29  0 16 47.810  2.57   1
     8603  55.338973 -161.924512    16.301    -9316.5    26460.9    -2737.9 ******** ******** ******** 2021 12  1 11 31  6.230  1.46   1
     8613  55.403320 -161.847363    17.717    -4403.0    33624.4    -1322.1 841431.6 ******** ******** 2021 12  1 16 26 32.770  1.03   1
     8614  55.321134 -161.678581    26.034     6336.7    24475.0     6995.3 299369.1 275485.8 111611.2 2021 12  1 16 35 10.190  0.53   1
     8617  55.177759 -162.447542    13.982   -42689.7     8513.8    -5056.4 776742.7 775745.1 ******** 2021 12  1 17 34 15.920  0.89   1
     8624  55.182357 -161.006689    13.494    49192.7     9025.7    -5545.0 122102.7 487080.4 267366.3 2021 12  1 20 56 40.920  2.12   1
     8625  55.755595 -161.986328     1.404   -13181.5    72841.2   -17635.3 305142.2 171750.2 195983.2 2021 12  1 20 56 50.100  2.23   1
     8634  55.193652 -162.175684     5.512   -25347.8    10283.1   -13527.2 165420.8 234057.7 274384.3 2021 12  1 22 22 32.560  1.00   1
     8635  55.417802 -161.773796    18.928      275.3    35236.5     -111.4 ******** ******** 909176.0 2021 12  1 22 26 48.720  0.72   1
     8637  55.001229 -162.409505    16.131   -40352.6   -11138.4    -2907.9 413460.2 300217.2 469725.9 2021 12  1 22 31 44.360  1.66   1
      864  55.102714 -161.531868    22.033    15718.8      159.4     2993.9 183433.5 174919.5 229752.8 2021  1 29  5 23 13.890  1.58   1
     8641  55.171212 -161.114372    34.040    42331.9     7784.9    15000.9 125178.7 364800.9 186727.4 2021 12  1 23 55 37.060  2.33   1
     8642  55.366264 -161.670768    38.599     6830.2    29499.1    19560.1 972127.4 837083.7 739690.8 2021 12  1 23 56 10.440  2.77   1
     8652  55.745492 -162.045557     1.949   -16933.5    71716.5   -17089.6 300941.4 255690.1 286221.0 2021 12  2  1 40 49.080  2.29   1
     8655  54.995170 -162.300179     1.635   -33367.9   -11812.8   -17404.3  93116.5 154943.2 142071.1 2021 12  2  2 17 42.140  2.49   1
     8657  54.962663 -162.592383    23.761   -52065.6   -15431.7     4722.6 222910.1  97342.8 118979.8 2021 12  2  2 29 38.420  2.39   1
      866  55.794002 -161.410921    33.489    23236.8    77116.9    14449.7 458710.2 448195.0 553716.5 2021  1 29  6 34 20.150  2.18   1
     8664  55.410185 -161.744352     3.148     2147.5    34388.5   -15890.8 774240.2 216310.3 714905.4 2021 12  2  4 45 45.350  0.07   1
     8666  55.154862 -160.841667    13.153    59736.3     5964.9    -5885.8 245748.3 437829.1 215618.8 2021 12  2  5 44 39.630  1.88   1
     8667  55.161393 -162.226839     0.687   -28621.0     6691.9   -18352.3 551882.3 570631.8 277582.5 2021 12  2  7 16 19.060  1.81   1
     8669  55.251965 -161.747380    22.067     1958.9    16774.8     3027.9 115225.6  84563.3 123028.0 2021 12  2  8  1 59.300  1.00   1
     8671  55.399825 -161.450618     5.236    20827.7    33235.2   -13802.4  79280.8 277175.6 238775.0 2021 12  2  8  8 59.810  0.92   1
     8674  55.420483 -161.890658    16.175    -7154.6    35535.0    -2863.8 ******** ******** ******** 2021 12  2  8 25 55.520  0.99   1
     8675  55.374915 -161.566976    12.429    13432.1    30462.1    -6609.6 170585.8 227988.5 149953.6 2021 12  2 10 35 13.830  0.63   1
     8678  55.401855 -161.558529    24.819    13964.8    33461.3     5780.3 272899.8 306330.2 198758.6 2021 12  2 10 42 46.400  1.28   1
      868  55.533561 -161.932324    15.757    -9789.8    48123.4    -3282.2 ******** ******** ******** 2021  1 29  9 19 52.090  1.37   1
     8688  54.797034 -160.910042    43.161    55621.4   -33870.3    24122.4 224092.8 220469.5 322958.5 2021 12  2 13 37 36.200  1.94   1
     8691  54.788285 -161.859717    65.881    -5228.5   -34844.2    46842.6 242870.1 156837.5 137518.6 2021 12  2 14 16 11.230  1.45   1
     8693  55.385551 -161.866064     2.592    -5593.5    31646.2   -16447.2 249802.3 295648.4 315846.4 2021 12  2 14 37 18.040  0.23   1
     8703  55.384823 -161.842839     1.831    -4116.2    31565.1   -17207.5 557682.1 203966.2 ******** 2021 12  2 16  5 13.750  0.54   1
     8705  55.256620 -161.642790     4.878     8622.0    17293.0   -14161.1  99281.7  74028.1 237421.0 2021 12  2 17 28 37.480  0.36   1
     8709  55.304704 -162.203304    23.437   -27071.3    22645.9     4398.1 ******** ******** ******** 2021 12  2 18 45 55.200  1.01   1
      872  55.367367 -161.840039    13.413    -3939.0    29621.8    -5626.3 369340.5 715860.4 842725.9 2021  1 29 12  9 21.570 -0.19   1
     8724  55.357267 -161.677083     8.018     6429.1    28497.5   -11021.0 296109.6 155152.1 382408.6 2021 12  2 23 44 44.080  0.75   1
     8727  55.439884 -161.873926    11.906    -6089.4    37694.8    -7132.6 ******** ******** ******** 2021 12  2 23 59 57.460  1.11   1
     8728  55.340983 -161.669906    16.483     6887.2    26684.7    -2556.0 210909.7 363922.9 225208.4 2021 12  3  0 49 56.730  1.72   1
     8730  55.392879 -161.860791     3.867    -5257.6    32462.0   -15171.8 ******** ******** ******** 2021 12  3  0 54 31.390  0.83   1
     8731  55.367143 -161.820036     1.633    -2666.4    29596.9   -17406.3 530960.2 438427.5 380872.4 2021 12  3  1  1 10.080 -1.02   1
     8732  55.444137 -161.880127    19.149    -6483.2    38168.2      109.9 ******** ******** ******** 2021 12  3  1 49 10.410  1.27   1
     8733  55.358089 -161.622526    14.615     9900.4    28589.0    -4423.9 143102.4 360109.8 196133.0 2021 12  3  1 53 33.410  1.80   1
     8734  55.425208 -161.889958    18.347    -7109.7    36060.9     -692.0 ******** ******** ******** 2021 12  3  3  5 35.440  1.59   1
     8737  55.409513 -161.865804    20.337    -5575.2    34313.8     1298.3 626008.2 ******** 875190.3 2021 12  3  4 16 15.540  1.22   1
     8738  55.101233 -161.489095    32.784    18449.4       -5.4    13744.8 267386.6 266404.6 314141.2 2021 12  3  4 19 21.310  1.29   1
     8742  55.345866 -161.877279     6.383    -6309.9    27228.3   -12655.5 ******** ******** ******** 2021 12  3  5 28  4.840 -0.13   1
     8744  55.384542 -161.657487    16.984     7673.4    31533.8    -2055.1 ******** ******** ******** 2021 12  3  7 34  6.870  0.89   1
     8745  55.397872 -161.912484    20.693    -8544.7    33017.8     1653.7 ******** ******** ******** 2021 12  3  7 34 46.470  1.19   1
     8749  54.835331 -161.321403    13.094    29250.1   -29606.9    -5944.9 143058.6 179179.0 202482.7 2021 12  3  8 35 48.530  1.92   1
     8751  55.140739 -161.933805     5.779    -9932.5     4392.6   -13260.2 168749.3 184286.0 153470.9 2021 12  3  8 37 28.130  0.43   1
     8752  55.379427 -161.893799    17.450    -7358.1    30964.4    -1588.8 ******** ******** ******** 2021 12  3  8 57 34.150  1.13   1
     8755  55.284094 -161.635889    13.093     9058.6    20351.5    -5945.8  75486.5  94763.9 121841.3 2021 12  3  9  1 48.420  0.14   1
     8756  55.418815 -161.873600    16.863    -6070.3    35349.3    -2175.4 ******** ******** ******** 2021 12  3  9  2 59.870  1.17   1
     8757  55.402291 -161.640967     9.070     8722.3    33509.8    -9969.2 291158.5 139819.1 390406.5 2021 12  3  9  5 19.590  0.29   1
     8761  55.010132 -162.947266    40.734   -74713.6   -10147.2    21695.2 571487.9 876403.4 857226.4 2021 12  3 10 31 42.760  1.84   1
     8762  55.267489 -161.641211    19.299     8721.4    18502.9      260.1 206912.7 229820.2 140605.7 2021 12  3 10 32 51.390  1.80   1
     8764  55.360274 -161.492708    31.935    18160.0    28832.3    12895.8 297055.7 279885.2 338875.0 2021 12  3 10 45 25.500  1.07   1
     8766  55.360836 -161.808577    21.852    -1937.6    28894.8     2812.7 511025.4 579493.5 443009.0 2021 12  3 12 37 22.870  1.21   1
     8767  55.459713 -161.792513     4.089     -914.3    39902.2   -14950.0 ******** ******** ******** 2021 12  3 12 43 57.250  0.60   1
     8769  55.483280 -161.307373    32.204    29906.0    42525.9    13165.4 242714.8 861430.7 470366.2 2021 12  3 12 49 37.670  1.24   1
     8771  55.066715 -163.290088    14.918   -96553.5    -3848.1    -4121.3 116191.2 272952.1 391373.2 2021 12  3 13 35 32.810  2.45   1
     8772  55.342045 -161.902360     4.311    -7906.4    26802.9   -14727.7 512117.8 653179.9 ******** 2021 12  3 13 35 45.480  2.04   1
     8773  55.371338 -161.795280    20.331    -1091.4    30063.9     1292.1 222260.6 297775.8 214895.9 2021 12  3 15  5  4.940  1.27   1
     8778  55.369503 -161.790999    20.766     -819.1    29859.6     1726.8 596775.5 332266.4 367731.9 2021 12  3 16 53 35.670  1.02   1
      878  55.209143 -162.056641    31.054   -17754.4    12007.6    12015.6 573900.1 ******** 635722.4 2021  1 29 21 12  4.680  2.51   1
     8783  55.320589 -161.822493    16.914    -2824.4    24414.3    -2125.2 ******** ******** ******** 2021 12  3 19  2 23.800  1.02   1
     8791  54.858114 -161.296191    29.269    30856.0   -27070.6    10230.1 238818.5 264622.1 411185.0 2021 12  3 23 35 30.000  1.64   1
     8797  55.166781 -162.233952     0.647   -29072.7     7291.6   -18391.4 789664.4 738071.0 315414.5 2021 12  4  4  2 43.690  1.76   1
     8799  55.243160 -160.978906    31.902    50925.7    15794.6    12863.1 145755.1 358849.4 512680.2 2021 12  4  4  9 58.020  2.79   1
       88  55.239974 -161.710270     4.036     4323.8    15439.9   -15002.7 135252.4 141451.2 161370.7 2021  1  3  8  0 13.360  1.86   1
     8801  55.436995 -161.278239    36.748    31775.3    37373.2    17709.3 117678.3 506234.7 267087.6 2021 12  4  6  3 50.880  1.39   1
     8802  55.317961 -161.718457    18.531     3798.5    24121.7     -507.9 159055.5 127009.0 102881.7 2021 12  4  7  3 29.570  1.10   1
     8805  54.882642 -162.150358     0.299   -23825.1   -24340.0   -18739.6  99473.7 105536.6  97093.9 2021 12  4  7 37 14.690  1.13   1
     8810  55.508561 -161.846761    51.596    -4358.9    45340.3    32557.5 598023.2 449917.7 100368.0 2021 12  4  9 21 53.150  1.98   1
     8816  55.270422 -161.567090     5.866    13442.5    18829.5   -13172.7 137414.1 256698.1 139168.2 2021 12  4 14  6  9.020  1.65   1
     8817  55.330322 -161.546712    16.653    14729.4    25497.9    -2385.5 105708.3 252956.8 164185.0 2021 12  4 15 52 45.960  1.37   1
     8818  55.446362 -161.861344    13.328    -5289.2    38416.0    -5710.9 ******** ******** ******** 2021 12  4 15 57 48.970  1.24   1
     8820  55.236572 -161.720785    33.776     3654.0    15061.2    14737.3 214530.4 167903.5 151738.9 2021 12  4 17 28 52.720  0.74   1
     8822  55.527376 -161.766309     8.282      750.3    47434.8   -10757.0 ******** 899306.9 ******** 2021 12  4 17 39 59.560  2.13   1
     8823  55.528109 -161.767025     7.808      704.8    47516.4   -11231.0 ******** 952680.6 ******** 2021 12  4 17 40 57.920  1.61   1
     8824  55.423035 -161.881706     5.689    -6585.3    35819.1   -13349.5 278545.2 ******** ******** 2021 12  4 19 15 55.500  0.94   1
     8826  55.348193 -161.657894    12.136     7651.0    27487.4    -6902.5 119120.1 233125.2 254310.6 2021 12  4 20 16 11.640  1.14   1
      883  54.717891 -160.773405    12.071    64439.4   -42680.8    -6967.8 292146.8 431172.4 307406.7 2021  1 30  6 22 29.320  2.02   1
     8831  55.370614 -161.685286    21.840     5906.2    29983.3     2801.6 268658.2 243140.9  83678.8 2021 12  4 22 26 27.100  1.57   1
     8837  55.414164 -161.901709    20.015    -7857.9    34831.5      975.9 ******** ******** ******** 2021 12  4 22 46 44.000  1.42   1
      884  55.469527 -161.662337    32.212     7357.1    40994.8    13173.4 ******** ******** ******** 2021  1 30  8 39  8.970  0.32   1
     8841  55.318363 -161.846615    17.556    -4360.0    24166.6    -1483.3 ******** ******** 940244.2 2021 12  4 23 45 32.760  0.56   1
     8842  55.466423 -161.853027     9.973    -4759.4    40649.2    -9065.6 ******** ******** ******** 2021 12  4 23 53 25.660  0.97   1
     8847  54.957243 -162.258203     6.175   -30699.4   -16035.1   -12863.8 120139.3 112684.6  80694.2 2021 12  5  1  2 23.740  2.35   1
     8848  54.956921 -162.270947     6.594   -31514.5   -16070.9   -12444.5 194390.1 178367.5 154017.9 2021 12  5  1  3  8.450  2.63   1
     8852  54.608158 -161.302848    14.851    30524.0   -54896.8    -4187.6 122118.6 150186.8 134235.0 2021 12  5  3 59 25.640  1.68   1
     8856  55.366146 -161.813721     1.998    -2264.7    29485.9   -17040.5 192949.5 415751.2 247344.0 2021 12  5 17 33 52.480  0.29   1
     8866  54.953813 -160.612321    10.687    74552.5   -16417.0    -8352.1 358093.4 329938.6 307945.7 2021 12  6  8 16 10.000  2.45   1
     8868  55.356091 -161.815495     2.849    -2377.8    28366.6   -16189.8 ******** ******** ******** 2021 12  6  8 21 39.980  0.58   1
     8873  54.525777 -161.134880     8.732    41353.6   -64067.9   -10306.8 120762.0 157318.3 124952.0 2021 12  6 13 16  5.030  2.76   1
     8875  54.561003 -161.674935    33.708     6631.1   -60146.4    14669.4 227111.4 161513.5 438886.3 2021 12  6 15 44 52.630  2.30   1
     8877  54.937374 -162.247005     5.693   -29990.7   -18247.0   -13345.8 217957.7 127076.0 227140.9 2021 12  6 17 19 45.320  1.77   1
     8882  55.419531 -162.715771     1.598   -59614.6    35429.0   -17441.1 233668.0 277683.1 248701.7 2021 12  7  1 34 27.240  1.90   1
     8883  55.502319 -161.786491    14.389     -531.3    44645.4    -4649.9 ******** ******** ******** 2021 12  7  6 10 26.950  1.23   1
     8890  55.321033 -161.707373     7.107     4503.9    24463.7   -11932.2 155274.6 166407.2 326089.7 2021 12  7 11 30 18.660  1.72   1
     8898  55.332145 -161.862061    18.222    -5342.4    25700.8     -816.7 ******** ******** ******** 2021 12  7 17 12 46.240  1.24   1
     8900  55.405505 -161.795687     4.759    -1116.8    33867.6   -14280.2 824102.8 395924.1 960934.7 2021 12  7 18 53 58.600  1.27   1
     8901  55.350887 -161.579508    10.736    12638.7    27787.2    -8302.5 128959.1 260346.7 192233.3 2021 12  7 21 13 49.500  0.28   1
     8903  54.577018 -162.651839    60.260   -56134.7   -58363.5    41221.1 167207.6 124699.7 146908.5 2021 12  7 21 50 32.960  2.10   1
     8906  55.167936 -162.243213     0.664   -29662.9     7420.3   -18374.6 799679.8 627890.1 419150.1 2021 12  8  2 53 24.650  1.89   1
     8912  54.689848 -160.654541    22.518    72087.9   -45802.8     3478.8 631278.2 684108.3 615733.9 2021 12  8 15 59  0.930  2.45   1
     8917  54.952531 -162.206885     2.046   -27419.4   -16559.6   -16993.3 104364.7  65488.9  40419.4 2021 12  9  0 17  3.830  1.88   1
     8922  54.924915 -161.409082    38.020    23608.6   -19634.0    18980.8 350977.8 169844.8 202008.0 2021 12  9 15 50 32.910  1.98   1
     8927  54.664091 -161.317871    25.030    29538.8   -48670.1     5990.8 229691.2 111427.1 153088.9 2021 12 10  8 37 23.420  2.61   1
      893  55.032080 -162.354199     1.750   -36803.8    -7703.9   -17289.1  82324.1  91327.9  84135.1 2021  1 30 17 50 51.480  1.42   1
     8931  54.716467 -162.303890    41.054   -33721.4   -42839.4    22015.5 616124.4 242037.3 250995.5 2021 12 10 20 39 33.000  1.65   1
     8949  54.728402 -161.691146    21.599     5577.8   -41510.8     2560.2 245897.0 182861.4 236667.5 2021 12 12 18 25 26.200  2.62   1
     8950  54.596281 -161.699495    44.530     5050.6   -56219.1    25490.7 260211.3 188699.5 279560.3 2021 12 12 18 25 26.000  2.78   1
     8953  55.310404 -161.862598     9.985    -5378.0    23280.5    -9054.2 ******** 961631.3 ******** 2021 12 13  5 58 10.650  0.69   1
     8956  55.359652 -161.201839    33.304    36667.1    28763.0    14265.4 128337.9 322996.4 242084.3 2021 12 13 13 50 24.180  2.05   1
      896  55.165597 -161.955241     4.833   -11296.6     7159.8   -14206.3 176180.5  96047.1 158703.3 2021  1 30 17 57  5.100  1.45   1
     8960  54.994556 -162.285156     0.923   -32407.9   -11881.2   -18115.7  52095.0  67294.5  74389.9 2021 12 13 19 32 58.480  1.89   1
     8963  55.218697 -161.685042     9.063     5933.0    13071.2    -9976.1 169755.5 270507.6 548267.6 2021 12 14  0  2 46.720  2.83   1
     8965  55.184941 -161.502913    22.185    17549.1     9313.3     3146.3 100160.6 165193.8 114526.2 2021 12 14  1 23 16.410  2.79   1
     8969  55.191756 -161.925586     9.832    -9402.2    10072.0    -9206.4  91360.6 161234.9 164366.6 2021 12 14  4 38 33.310  1.27   1
      897  54.568465 -161.293034    10.837    31169.6   -59315.6    -8202.0 129685.5  95634.2  99671.7 2021  1 30 18 13 55.740  1.99   1
     8972  55.319336 -161.541178    16.268    15083.7    24274.8    -2771.3 154538.7 203574.8 144966.1 2021 12 14 10 44  0.800  1.06   1
     8973  55.320756 -161.499707    12.679    17723.4    24432.9    -6359.6 146135.0 174472.6 173131.8 2021 12 14 12 50 16.640  1.36   1
     8974  55.321684 -161.617757    17.641    10208.5    24536.2    -1397.9 129832.5 159899.7  83724.6 2021 12 14 12 53 17.500  1.45   1
     8979  54.843331 -160.796663    42.366    62850.0   -28716.3    23327.1 215675.1 376297.2 280492.8 2021 12 14 19  6 21.180  2.41   1
     8981  55.113196 -161.587581    27.735    12161.0     1326.3     8696.2 140552.5 233544.9 368775.2 2021 12 14 20 57  9.360  1.88   1
     8985  55.361572 -161.698812    18.246     5046.3    28976.8     -792.7  87588.0 199673.3  82572.1 2021 12 14 23 59 41.760  0.69   1
      899  55.146529 -161.859180    10.004    -5171.0     5037.2    -9034.5 227820.7 110035.2 146255.0 2021  1 30 18 26 55.160  1.33   1
     8992  55.627205 -161.533480     5.142    15513.8    58548.3   -13896.8 ******** ******** ******** 2021 12 15 15 34 39.300  1.40   1
     8994  54.768660 -160.960954    45.152    52377.7   -37029.0    26112.9  90174.9 126781.8 145010.3 2021 12 15 23 10 22.000  1.96   1
     8998  55.228874 -162.375049    39.449   -38042.4    14204.1    20409.7 314016.6 648748.9 248616.0 2021 12 16  7 54  1.310  1.54   1
      900  54.788643 -161.209489    49.060    36438.5   -34804.4    30021.2 110751.1  82193.6 141013.8 2021  1 30 19 12 24.940  2.80   1
     9001  54.834631 -161.282829    78.461    31720.8   -29684.8    59422.4 143815.3 138514.9 126167.1 2021 12 16 10 49  2.170  1.80   1
     9008  54.566736 -163.333919    12.426   -99969.9   -59508.2    -6613.1 170538.1 179287.4 146784.2 2021 12 16 17 25 21.260  1.49   1
     9009  54.519568 -161.721175    15.570     3661.5   -64759.1    -3468.6 254132.8 133364.6 215201.1 2021 12 16 21 14 37.960  1.59   1
      901  54.884237 -161.395133    35.700    24513.2   -24162.5    16661.4 165529.6 217499.2 205336.8 2021  1 30 19 18 38.820  1.34   1
     9015  54.902673 -162.172396     0.416   -25229.4   -22110.0   -18623.0 110633.1 107721.5  78118.2 2021 12 17  8 25 49.810  0.91   1
     9020  54.964555 -162.952100     0.630   -75065.0   -15221.1   -18409.0 158537.5 130634.1 135974.2 2021 12 17 10 33 53.620  1.86   1
     9021  55.012207 -162.451351     8.075   -43021.2    -9916.2   -10963.6 122574.1 133081.2 198444.6 2021 12 17 10 34 12.180  2.23   1
     9025  55.870479 -161.629443     1.118     9399.5    85630.7   -17920.8 ******** 955486.7 ******** 2021 12 17 15 56 56.070  1.90   1
     9035  54.496574 -163.194303     1.740   -91077.4   -67318.9   -17298.9 138554.9 148721.3 142309.8 2021 12 18 17 42 15.960  2.48   1
     9036  55.043363 -162.145475     2.874   -23465.7    -6447.7   -16164.8 242006.1  95762.8 135679.2 2021 12 18 17 42 41.600  2.08   1
     9037  54.858838 -162.661507    58.466   -56558.4   -26990.0    39427.0 ******** ******** 825227.2 2021 12 18 19 26 16.920  1.61   1
      904  54.491528 -161.691667    11.102     5560.7   -67880.6    -7936.9 168279.5 100228.1 160775.4 2021  1 30 20 48  8.580  1.99   1
     9040  55.309774 -162.072526    27.382   -18743.4    23210.3     8342.6 ******** ******** ******** 2021 12 18 23 59 57.620  1.53   1
     9046  55.218827 -161.882715     6.289    -6666.4    13085.7   -12749.9 292986.2 222129.8 445664.3 2021 12 19 18  9  4.240  0.53   1
     9047  55.321651 -160.926351    44.086    54221.3    24532.6    25047.2 141400.4 254168.6 242690.4 2021 12 19 18 26 36.040  2.04   1
     9048  55.297408 -160.841618    48.466    59633.2    21833.7    29426.8  74733.0 309727.0 113201.4 2021 12 19 23 18 40.420  2.30   1
      905  54.214299 -161.653255    11.882     8058.5   -98743.1    -7156.7 ******** 493581.7 437670.2 2021  1 30 20 55 34.820  1.59   1
     9056  55.168339 -161.895020     4.892    -7455.4     7465.1   -14146.8 109352.4 242682.9 107572.6 2021 12 20  9 47 22.410  0.65   1
     9066  55.123905 -161.743587    32.235     2204.0     2518.6    13196.3 270250.7 648788.2 430378.5 2021 12 21  6 35 28.140  1.71   1
     9069  55.407336 -161.928092     8.629    -9536.2    34071.4   -10409.8 ******** ******** ******** 2021 12 21  6 47 29.670  1.40   1
     9073  55.388599 -161.499479    12.456    17722.9    31985.5    -6582.5 131714.3 217235.4 325602.7 2021 12 21  8 30 58.710  0.09   1
     9074  55.415715 -161.616781    11.387    10258.6    35004.1    -7651.6 312231.1 292316.3 512448.7 2021 12 21  8 33 18.930  1.08   1
     9077  55.241736 -161.745410    16.768     2084.6    15636.0    -2270.7 420807.8 231342.6 247085.2 2021 12 21  8 34 55.150  2.04   1
     9078  55.575403 -161.852132     2.990    -4696.1    52781.4   -16049.1 ******** ******** ******** 2021 12 21  8 34 54.390  1.53   1
     9080  55.358927 -161.774577     3.275      225.8    28682.3   -15763.5 499295.7 204031.6 458208.0 2021 12 21  8 40 16.220  1.64   1
     9084  55.354834 -161.808594     2.219    -1938.7    28226.6   -16819.8 421953.2 170457.6 363014.4 2021 12 21  9 46 21.180  0.24   1
     9086  55.242208 -161.441113    13.737    21474.4    15688.6    -5301.5 175495.3 175129.6 143009.5 2021 12 21  9 54  2.580  0.69   1
     9088  55.492110 -161.874007     3.428    -6090.5    43508.9   -15611.3 670572.9 926994.2 ******** 2021 12 21 10 50  8.260  1.61   1
     9090  55.342326 -161.737370    18.658     2593.7    26834.2     -380.9 195325.4  95706.0  56897.3 2021 12 21 10 55 36.920  0.40   1
     9092  54.691215 -161.574919    51.051    13037.3   -45650.6    32011.8 206154.8 182372.5 225640.4 2021 12 21 11 40  9.270  1.83   1
     9096  55.505693 -161.811800    13.014    -2138.7    45020.9    -6025.3 ******** ******** ******** 2021 12 21 13 14 10.410  0.33   1
     9099  55.482076 -161.720459     5.870     3663.5    42391.8   -13168.6 ******** ******** ******** 2021 12 21 13 23 26.720  0.79   1
       91  55.587866 -160.720394    62.686    67107.5    54168.9    43647.3 413948.5 624312.8 493484.1 2021  1  3  8 46  0.560  2.68   1
      910  55.179484 -162.601758    35.538   -52523.1     8705.8    16499.0 458829.5 541152.0 586416.8 2021  1 31  0 52 56.090  1.74   1
     9102  54.862248 -160.987354    32.251    50626.9   -26610.4    13212.4 276031.7 205924.8 373598.7 2021 12 21 13 28 58.360  1.59   1
     9104  55.370565 -161.801058    19.793    -1458.9    29977.9      754.3  67244.1  44424.3  42915.6 2021 12 21 14 32 38.950  1.07   1
     9109  55.348515 -161.785514     1.988     -470.2    27523.1   -17051.1 444572.0 478692.4 644436.8 2021 12 21 17 13 57.840  0.65   1
      911  54.427962 -161.424056    17.545    22790.1   -74957.1    -1494.3 217322.3 265083.6 244610.9 2021  1 31  1  0 39.750  1.90   1
     9112  55.329801 -161.637028    14.536     8980.9    25439.9    -4502.6 121906.1 128130.6 109664.9 2021 12 21 17 25 46.040  0.71   1
     9114  55.326778 -161.696956     2.736     5166.6    25103.3   -16303.4 148210.5 131296.1 351335.5 2021 12 21 17 30 20.320  0.51   1
     9115  54.869096 -161.795443    87.731    -1108.6   -25848.0    68692.2 141541.0 134061.3  83745.2 2021 12 21 17 36 53.880  1.86   1
     9118  54.481698 -161.319938    11.297    29472.3   -68975.0    -7742.2 349501.1 156474.0 155321.3 2021 12 21 19  4 25.720  1.51   1
     9119  55.205465 -161.689648     4.071     5640.3    11598.1   -14967.7 207249.0  97828.5 149458.3 2021 12 21 19 57 17.880  1.43   1
      912  54.783097 -161.702588    30.289     4840.8   -35421.8    11250.2 453634.2 201699.5 502696.5 2021  1 31  1  1  6.010  1.85   1
     9121  54.992045 -162.293343     1.359   -32932.2   -12160.7   -17680.3  87396.2 115871.3  99412.5 2021 12 21 20 56  6.200  1.56   1
     9129  55.656417 -160.902360    66.631    55514.8    61800.2    47591.8 486570.9 681569.1 533007.8 2021 12 21 22 43 35.200  3.55   1
     9132  55.394352 -161.911458     5.124    -8479.9    32626.0   -13915.4 ******** ******** ******** 2021 12 21 23 32 21.680  0.87   1
     9136  55.320374 -161.522754     5.647    16256.4    24390.3   -13392.1 206430.7 172117.1 122457.4 2021 12 22  1  2 45.760  0.24   1
     9137  55.259481 -161.582568     5.423    12458.2    17611.5   -13616.2  80759.0 117749.8 172253.8 2021 12 22  1  4 50.360  1.50   1
     9139  55.304297 -161.129639    60.981    41289.6    22600.6    41941.7 217497.8 268425.3 291005.1 2021 12 22  1 14 13.240  1.57   1
     9140  55.348165 -161.792285     2.866     -901.1    27484.2   -16173.4 262722.4 357452.1 152919.3 2021 12 22  1 16  1.870  1.44   1
      915  55.156592 -161.754183    15.443     1527.2     6157.4    -3595.8 194702.6 159163.5  56097.3 2021  1 31  5 23 58.520  1.69   1
     9150  55.234009 -161.482666    21.401    18828.6    14775.8     2362.3 138201.0 104602.5 147149.3 2021 12 22  6 38  5.170  1.01   1
     9152  55.242167 -161.938672     9.037   -10230.1    15684.0   -10001.5 ******** 457196.5 ******** 2021 12 22  8 12 37.260  0.59   1
     9161  55.134045 -162.425195     4.530   -41287.1     3647.4   -14509.4 456482.3 459327.2 851669.9 2021 12 29  4  1 11.130  0.89   1
     9169  55.072721 -162.098535    11.583   -20459.8    -3179.5    -7455.8 589714.2 478350.1 701806.9 2021 12 29 18 38  4.720  3.03   1
     9173  55.339132 -161.600130    17.324    11328.1    26478.6    -1715.0  84151.3 282936.5 187189.6 2021 12 30  4  6 38.900  1.10   1
      918  55.313159 -161.686263     5.929     5848.3    23587.2   -13109.4  61506.6 152972.8  93721.7 2021  1 31  6 25 51.410  0.56   1
     9186  55.288224 -161.733708    16.954     2828.7    20811.3    -2084.9 277274.1 411498.1 144308.8 2021 12 30  9  0 57.550  0.60   1
      919  55.214197 -161.411182     7.683    23389.9    12570.2   -11355.8 141587.6 105256.7 ******** 2021  1 31  6 26  3.820  0.34   1
     9190  55.154183 -161.684359    16.506     5981.4     5889.2    -2532.5 145671.0 134387.2 218324.9 2021 12 30  9 18 12.910  0.81   1
     9199  55.331445 -161.729460     9.858     3097.5    25622.9    -9181.2 160369.1 117255.5 116768.7 2021 12 30 13 22 12.030  0.72   1
     9205  54.910364 -161.125049    19.204    41786.4   -21253.9      164.9 298870.5 286729.5 272538.0 2021 12 30 15 59 48.330  0.99   1
     9208  55.336857 -161.572721     9.573    13072.9    26225.4    -9465.4 150963.8 369950.1 378909.3 2021 12 30 18 59 34.080  0.72   1
     9209  55.392896 -161.805924     5.061    -1768.1    32463.8   -13978.2 ******** ******** ******** 2021 12 30 20 35 50.140 -0.22   1
     9211  54.516964 -162.296566    50.428   -33333.6   -65049.0    31388.7 389671.8 146838.8 182802.4 2021 12 30 21 34 26.520  1.90   1
     9214  54.625956 -163.304590    13.611   -98013.6   -52915.5    -5428.4 221289.5 202694.1 122886.7 2021 12 30 23 37 45.240  2.01   1
     9215  55.192281 -162.108122     3.725   -21040.5    10130.5   -15314.1 973317.4 860015.7 899523.2 2021 12 30 23 38 13.640  0.71   1
     9217  55.345841 -161.632471    17.404     9269.1    27225.5    -1634.9 127489.9 182334.9  90974.2 2021 12 31  2 33  9.430  0.56   1
     9222  55.344120 -161.717757     5.003     3841.8    27033.9   -14036.2 201747.6 185373.3 130148.4 2021 12 31  7 44 33.140  0.33   1
     9223  55.384277 -161.931364    12.525    -9747.1    31504.4    -6514.2 ******** ******** ******** 2021 12 31  7 59 57.510  0.78   1
     9232  55.346322 -161.705452     9.047     4624.7    27279.0    -9992.2 369487.0 436504.8 405389.6 2021 12 31 14 51 42.980  0.68   1
     9236  55.310795 -161.672119     5.122     6748.9    23324.0   -13917.2 209422.3 169664.1 166202.3 2021 12 31 17  2 53.880  1.93   1
     9237  55.293473 -161.566878     4.886    13452.1    21395.7   -14153.0 209334.6 181878.0 183400.1 2021 12 31 17  9 41.560  0.05   1
     9238  54.671521 -162.628271    12.931   -54556.8   -47843.0    -6107.8 158798.2 156927.2  96688.6 2021 12 31 17 37 15.720  1.95   1
     9239  55.382133 -161.629997     5.906     9422.3    31265.7   -13133.1 221646.3 209678.0 433045.5 2021 12 31 18 19 11.960  0.25   1
     9252  54.993648 -162.299658     1.855   -33335.2   -11982.3   -17184.1  90214.5 146211.4 113783.5 2021 12 31 23 10 47.400  2.71   1
     9253  55.143933 -161.980485     4.688   -12910.2     4748.2   -14351.1 260407.5 124033.6 350039.9 2021 12 31 23 11  4.520  2.99   1
     9255  55.376278 -161.786654    14.525     -542.5    30613.8    -4513.4 961396.6 603857.6 712692.9 2021 12 31 23 17 32.840  1.03   1
     9257  55.268205 -161.517448    28.969    16605.0    18582.7     9930.3 132192.0 166459.8 183557.8 2021 12 31 23 28  2.340  0.73   1
       93  55.155782 -161.893783     6.107    -7377.7     6067.2   -12932.3 112390.8 111816.0  70425.7 2021  1  3  8 50 12.680  0.66   1
      932  55.314771 -161.905404    15.102    -8102.9    23766.6    -3936.7 ******** ******** ******** 2021  1 31 17 46 13.460  0.13   1
      933  54.911780 -162.198893     7.847   -26921.9   -21096.2   -11192.2 274291.1 181485.0 277672.8 2021  1 31 18  9 51.920  0.81   1
      938  55.330400 -161.755843     6.081     1418.2    25506.5   -12958.0 369540.2 359262.7 325819.9 2021  1 31 22 30 42.360  0.07   1
      940  55.083122 -163.246908    15.121   -93776.9    -2021.7    -3917.9 180610.5 520004.9 318941.2 2021  2  1  0  3 49.930  2.26   1
      943  55.302799 -161.318164    28.706    29286.6    22433.9     9667.6  93395.4 275525.8 310955.5 2021  2  1  3 47 47.050  2.24   1
      947  54.446000 -161.999561    43.017   -14249.8   -72949.0    23977.8 264504.3  90440.5 148793.6 2021  2  1  4 32 54.010  2.22   1
      961  54.582817 -161.265885    14.094    32908.2   -57718.0    -4945.2 140739.9 125407.0 103233.1 2021  2  1 20 17  6.480  2.57   1
      962  55.285844 -162.791536    17.097   -64539.5    20546.3    -1941.5 305025.5 369406.9 994468.2 2021  2  2  3 43 44.200  2.00   1
      968  55.379655 -161.827425     3.469    -3136.0    30989.8   -15570.0 ******** ******** ******** 2021  2  2 10 43 18.760 -0.48   1
       97  55.055656 -161.770280    14.106      501.1    -5079.3    -4932.8 205088.6 138071.6 279225.8 2021  1  3 10 23  0.640  1.54   1
      974  55.045927 -162.138916     3.552   -23046.0    -6162.4   -15487.0 268333.6 136001.2 194301.5 2021  2  2 22 32 26.920  1.00   1
      976  55.173637 -161.961914     4.140   -11721.1     8054.9   -14899.4 186277.0 123606.8 251785.3 2021  2  3  0 49 58.720  0.73   1
      980  55.036084 -160.883626    53.375    57144.2    -7258.1    34336.4 126234.9 237394.3 133732.2 2021  2  3  6 41  1.380  1.43   1
      982  55.068237 -161.454867    33.397    20642.8    -3678.7    14358.1 143832.7 153468.5 320736.9 2021  2  3  7 25 42.350  0.85   1
      984  55.055119 -161.742578    18.082     2270.3    -5139.1     -956.8 125693.6 214406.8 349329.4 2021  2  3  8 32  8.890  1.52   1
      985  54.565149 -162.361344    58.784   -37476.4   -59684.8    39745.0 328952.5 178973.1 114467.5 2021  2  3  9  2 58.440  1.62   1
       99  55.502104 -161.867480    36.754    -5675.2    44621.4    17715.3 525576.9 412495.0 222139.8 2021  1  3 12 41 27.660  2.31   1
      993  55.071261 -161.171647    32.876    38727.3    -3342.1    13836.8 165113.1 228122.5 200087.3 2021  2  3 15 36 28.290  1.77   1
      998  54.563603 -161.273275    13.584    32441.2   -59857.0    -5454.7  87858.0 104635.3  88442.3 2021  2  3 17 35 48.880  1.73   1
