      100  54.967733 -162.290934    10.673   -32788.2   -14867.3    -8366.3  24617.1  11208.0  28437.5 2021  1  3 12 41 26.190  1.77   1
     1001  55.068579 -161.600163    20.741    11364.4    -3640.6     1702.3  24635.2  14848.7  16382.2 2021  2  3 21 42 16.640  0.66   1
     1002  55.317948 -161.753825     6.539     1546.9    24120.4   -12499.4  26278.7   9511.9  27143.0 2021  2  3 22  8 43.760  0.21   1
     1003  55.319328 -161.333822    22.130    28283.8    24273.9     3091.5  17923.5  50585.4  28722.5 2021  2  3 22 17 17.700  1.26   1
     1020  54.834115 -162.660807    31.865   -56530.9   -29742.3    12826.4  24000.1  29769.8  16090.8 2021  2  4 12 19 23.700  1.97   1
     1021  54.975208 -162.311214     9.800   -34081.7   -14035.2    -9238.7  16659.0  16764.0  17325.7 2021  2  4 12 19 41.050  2.29   1
     1022  55.311548 -162.969059    36.558   -75820.8    23407.8    17518.9  19287.1  48615.5  44086.6 2021  2  4 12 39  0.910  1.49   1
     1023  54.933634 -162.239795     3.931   -29530.9   -18663.3   -15108.0   4477.0   6262.4  13050.7 2021  2  4 14 11 48.640  0.80   1
      103  55.379517 -161.865625    30.355    -5565.9    30974.4    11316.4  48254.0  36990.1  34856.0 2021  1  3 17 22 36.600 -0.17   1
     1032  55.302974 -161.669906     6.188     6890.5    22453.4   -12850.8   9145.3  14515.2  21003.4 2021  2  5  4 19 25.580  0.32   1
     1039  55.171171 -161.990039    25.258   -13515.2     7780.4     6219.3  56234.2  62241.9  41319.9 2021  2  5 16  9 24.960  1.39   1
      105  54.805518 -161.238395    30.793    34579.0   -32925.9    11754.5  16053.1  25075.2  42112.7 2021  1  3 17 45 13.880  1.75   1
     1051  54.903182 -161.530208    13.742    15864.1   -22053.4    -5297.1  35682.6  22125.1  23880.1 2021  2  5 21 45 15.040  1.63   1
     1052  55.249634 -162.587256     5.092   -51553.2    16515.2   -13947.4  29110.2  20127.7  65784.5 2021  2  6  0 21 29.560  1.48   1
     1055  54.930819 -160.479655    57.610    83060.1   -18976.7    38571.0  31583.4  47334.6  45522.7 2021  2  6  5  2 58.110  1.44   1
     1059  55.048755 -162.912712    30.413   -72470.6    -5847.5    11373.8  21924.7  66543.4  53796.9 2021  2  6  6  3 48.100  1.25   1
     1060  54.822827 -162.807796     1.986   -65954.0   -30998.9   -17052.9  11039.5  15708.3   8049.0 2021  2  6  6  4  4.060  1.27   1
     1062  55.095394 -161.753809    21.432     1552.3     -655.5     2392.8  27707.6  17416.8   8217.8 2021  2  6  7 15 27.980  0.53   1
     1064  55.027100 -161.613444    22.705    10521.7    -8258.3     3665.9  19353.3  25109.5  22685.2 2021  2  6 12  4 44.260  2.62   1
     1070  55.198547 -162.143962    37.268   -23323.9    10828.1    18228.8  23954.1  12987.2  37255.1 2021  2  6 16 50 21.880  1.89   1
     1071  54.601066 -161.253255    10.523    33712.0   -55686.4    -8515.4  17477.7  14989.7  17274.4 2021  2  6 18 39 48.880  4.47   1
     1072  54.584827 -161.295329    13.865    31015.9   -57494.2    -5173.5  11738.2  10878.8  10066.1 2021  2  6 19 35 53.920  2.62   1
     1073  54.576237 -161.292692    13.723    31188.6   -58450.4    -5316.1  12538.0  10922.9  10714.2 2021  2  6 19 50  7.920  2.07   1
     1074  54.569088 -161.301921    30.884    30598.3   -59246.3    11845.2  18695.7   9002.4  34265.2 2021  2  6 20 12 22.720  1.60   1
     1076  54.579036 -161.286556    14.656    31581.7   -58138.8    -4382.9  17383.0  14271.9  16890.5 2021  2  6 20 19 18.200  2.22   1
     1080  55.313078 -161.695020     2.194     5290.8    23578.1   -16845.3   8363.0  14902.2  13553.5 2021  2  7  0 37 48.130  0.17   1
     1085  54.571452 -161.351758    30.947    27395.3   -58983.2    11908.0  20795.8   9843.9  43825.5 2021  2  7  1 58 56.540  1.49   1
      109  54.964079 -161.424463    19.125    22613.6   -15274.1       85.7  20840.0  32277.4  42873.2 2021  1  3 19 56 26.080  2.05   1
     1091  55.341870 -161.189111    33.456    37485.3    26783.4    14416.8  10158.0  45479.2  23992.8 2021  2  7  4 49 38.570  2.26   1
     1095  55.398914 -162.255094    24.831   -30333.1    33133.8     5792.1 115267.1  52342.3 109739.5 2021  2  7  7 59 53.620  1.46   1
     1100  55.081873 -161.788672    15.367     -673.4    -2160.7    -3671.7  23957.2  21877.7  23881.9 2021  2  7 17 57 19.320  1.38   1
     1103  55.169303 -161.899365     4.644    -7732.5     7572.5   -14395.1  27708.2  17447.0  21734.0 2021  2  7 19 33 54.560  1.38   1
     1105  54.815662 -161.088900    31.984    44151.2   -31796.6    12945.1  27896.3  12698.7  44869.9 2021  2  7 20 17 45.400  2.50   1
     1107  55.105070 -161.641211     1.711     8739.1      421.7   -17328.2  20411.7  20001.3   8539.5 2021  2  7 20 25  3.680  1.46   1
     1108  54.964555 -162.235758     2.915   -29261.5   -15221.1   -16123.4  12428.6   4503.4   5466.7 2021  2  7 21 56 42.020  0.96   1
     1113  55.281755 -162.171305    15.245   -25041.1    20091.1    -3793.7  67763.0 120963.2 155160.2 2021  2  8  4 17 58.520  1.96   1
     1120  55.339937 -162.094352    24.020   -20125.4    26568.3     4981.2  41715.3  48579.0  22185.0 2021  2  8  7 14 46.040  1.44   1
     1124  54.592855 -161.303271    30.877    30502.6   -56600.5    11838.6  12288.4  19032.0  38374.9 2021  2  8 11 27 36.840  1.68   1
     1127  55.297103 -161.828890     2.273    -3232.5    21799.7   -16766.0  12397.1  24609.6  22699.5 2021  2  8 12  0 58.860 -0.28   1
     1128  54.988936 -162.203011     1.564   -27159.4   -12506.8   -17475.3  17842.1  11320.1  11418.6 2021  2  8 12 35 30.340  0.88   1
     1140  54.804655 -161.331348    61.449    28624.1   -33021.9    42410.0  21947.4  24082.1  11587.8 2021  2  8 23 58 42.120  1.59   1
     1142  55.451937 -161.860286    28.691    -5221.6    39036.6     9652.1  24977.9  45466.5  26532.5 2021  2  9  0 16 46.490  1.11   1
     1151  54.548344 -162.475765    18.698   -44838.1   -61555.6     -340.8  28836.4  14340.7  12175.3 2021  2  9  8  2 10.790  1.77   1
     1154  55.011849 -161.576204    21.912    12903.4    -9956.1     2872.8  14022.3  22289.4  14038.9 2021  2  9  8 45 36.550  1.85   1
     1165  54.590613 -162.533594    64.246   -48529.5   -56850.1    45207.2  16095.8  12436.6  11901.9 2021  2  9 20 43 57.480  2.07   1
     1166  55.123364 -161.829183     8.977    -3258.2     2458.3   -10061.6  26283.4   6625.0  19302.3 2021  2  9 21 31 51.780  1.33   1
     1170  54.904057 -161.405908    66.064    23817.8   -21956.0    47025.1   7624.9  17673.3   7624.3 2021  2  9 23 45 28.280  1.59   1
     1173  54.621016 -161.325146    30.765    29087.3   -53465.4    11726.0  23826.8   8602.5  31711.7 2021  2 10  6  8 50.240  1.46   1
     1178  55.167395 -161.712191    17.891     4205.3     7360.0    -1148.1  27336.3  16972.3  18893.1 2021  2 10 11 42 19.110  2.02   1
      118  55.528369 -161.329297    16.536    28497.1    47545.4    -2503.3  25915.7  47427.3  44172.7 2021  1  4  0  2 58.000  1.56   1
     1183  55.197526 -161.991309     5.786   -13591.7    10714.4   -13252.8  34490.1  18091.4  33353.2 2021  2 10 21  8 45.360  2.05   1
     1192  55.269572 -161.434017     4.092    21919.1    18734.9   -14946.8  21752.7  15836.2  26217.4 2021  2 11 18  3 28.280  1.03   1
     1195  45.462663 -165.247363  1740.996  -247188.7 -1073016.4  1721957.6 ******** 820030.9 690451.5 2021  2 11 20 37 10.220  1.76   1
     1196  55.136385 -160.503564    55.411    81322.5     3907.9    36372.1  12217.1  48199.6  22264.0 2021  2 11 22 27 49.960  2.72   1
     1198  54.868087 -161.325684    32.011    28964.2   -25960.4    12972.4  15600.0  26003.1  38439.4 2021  2 12 14 15  3.740  2.63   1
     1199  55.166699 -161.969189     3.415   -12186.1     7282.6   -15624.2  17354.3  18070.4  29684.6 2021  2 12 14 15 28.960  1.98   1
      120  54.670109 -160.693066    10.568    69633.2   -48000.2    -8470.7  35625.4  36821.9  31006.4 2021  1  4  0 33 12.700  2.09   1
     1200  54.592769 -161.300033    31.166    30710.7   -56610.0    12126.8  13910.6  17083.5  34887.5 2021  2 12 15 10  7.870  2.04   1
     1201  55.164425 -161.851481    28.180    -4678.8     7029.4     9140.8  49372.0  27883.1  29278.0 2021  2 12 16 15  3.920  1.91   1
     1208  55.159839 -161.747526    20.579     1951.8     6518.9     1539.7  24107.8  21292.6  20765.8 2021  2 13  9 56 47.050  0.99   1
     1209  55.366772 -161.066113    31.680    45298.9    29555.7    12640.8  15986.0  55698.8  36023.7 2021  2 13 13  9 46.410  3.28   1
     1210  55.408683 -161.990511    20.192   -13505.1    34221.4     1153.2  58577.5  85330.6  33143.5 2021  2 13 13 10 39.620  2.83   1
     1212  55.042167 -162.180778     2.837   -25721.2    -6580.9   -16202.3  18284.8  10663.9  12072.9 2021  2 13 14 15 28.860  1.76   1
     1214  54.545939 -161.771403    12.518      432.0   -61823.3    -6521.1  17211.2  13166.3  14001.3 2021  2 13 19  9 54.480  1.98   1
     1215  54.935465 -161.053092    62.299    46376.0   -18459.4    43260.5  13399.0  17609.1  13333.1 2021  2 14  0 24 32.090  2.39   1
     1216  55.111532 -163.270052    13.899   -95220.9     1141.1    -5139.8  19830.6  53521.6  32754.7 2021  2 14  0 51 17.470  2.71   1
     1221  54.524792 -162.315934    63.477   -34575.6   -64177.5    44438.3  51800.8  14697.4  24114.0 2021  2 14  3 53 26.740  2.25   1
     1222  55.064498 -160.472152    81.489    83401.4    -4095.0    62450.1  32396.5  68109.5  36372.7 2021  2 14  8 10 58.270  2.46   1
     1224  55.262968 -162.059733    14.853   -17939.5    17999.7    -4186.1  52055.1  47352.1  46846.6 2021  2 14  9  9 53.440  0.78   1
     1225  55.231242 -161.749072    21.932     1851.5    14467.8     2892.9  77290.9  79942.1  80174.0 2021  2 14  9 46 14.060  1.94   1
     1228  55.560994 -161.459749    18.054    20206.1    51177.4     -985.1  31057.0  35876.9  49737.4 2021  2 14 17 55 14.800  1.17   1
      123  55.592277 -160.314225     9.710    92871.7    54659.9    -9328.9  32342.0  66054.2  32312.9 2021  1  4  1 40 58.450  1.88   1
     1238  54.865434 -161.545801     2.228    14873.3   -26255.7   -16810.7  13799.0  17274.9  14602.6 2021  2 16  3 45  0.350  2.31   1
     1244  54.972567 -162.250358     4.356   -30192.0   -14329.2   -14682.6  13259.9  13096.2  14648.4 2021  2 16  5 33 19.130  1.39   1
     1249  55.182031 -161.736768     3.139     2637.3     8989.4   -15899.6  18955.4  23808.8  14513.8 2021  2 16  6 16 24.920  0.85   1
     1250  54.589970 -161.322314    30.653    29280.4   -56921.6    11614.2  16677.5  14225.4  34872.5 2021  2 16  6 30 31.090  1.51   1
     1254  54.901029 -161.429346    29.885    22318.9   -22293.0    10845.7  12467.1  18956.8  29457.2 2021  2 16 15 52 45.740  1.88   1
     1258  54.969543 -161.885042    35.206    -6836.0   -14665.7    16166.8  57519.1  29082.6  34966.3 2021  2 16 16 17 46.800  1.45   1
     1269  55.020357 -161.448584     4.335    21056.5    -9008.9   -14703.8  15267.9  18552.8  22232.9 2021  2 16 23 19 12.080  3.19   1
     1272  54.589958 -161.311117    29.901    29999.7   -56923.0    10861.9  13740.0  13074.0  41604.1 2021  2 17  4  6 41.430  1.68   1
     1281  55.144690 -160.193571     7.864   101090.9     4832.4   -11174.7  17705.6  29405.7  17516.5 2021  2 17 10 51 20.520  1.63   1
     1283  54.679305 -163.521875    11.117  -111891.7   -46976.4    -7921.8  17741.6  17367.3  19052.5 2021  2 17 12 56 29.530  1.79   1
     1284  55.355326 -161.841797    20.578    -4051.4    28281.4     1538.7  31605.7  35014.7  28058.6 2021  2 17 13  2 44.200  0.03   1
     1287  55.311214 -161.910335    21.283    -8417.2    23370.7     2244.0  76519.7  48194.6  42551.1 2021  2 17 17  1 28.160  0.07   1
      129  54.861499 -161.362256    27.944    26625.1   -26693.7     8905.1  20493.5  17951.2  49759.6 2021  1  4  4  1 10.530  1.79   1
     1290  55.202043 -161.754948    29.959     1477.6    11217.2    10919.8  79002.2  52991.1  31612.8 2021  2 17 19 37 22.880  1.20   1
     1298  55.326595 -161.403711     2.824    23832.6    25082.9   -16214.6  19878.6  39083.2  14309.6 2021  2 18  5  4 40.770  0.01   1
      130  54.826054 -161.302946    33.774    30435.6   -30639.7    14734.8  16023.8  30759.2  26749.9 2021  1  4  4  1 21.820  1.94   1
     1301  55.122343 -162.355290    18.824   -36832.0     2344.6     -215.3  19896.4  26815.1  10253.6 2021  2 18  7 29 54.880  1.05   1
     1305  55.331335 -161.712321     5.577     4188.4    25610.7   -13461.6  12182.5  15623.5   7553.1 2021  2 18  9 43 35.800 -0.44   1
     1310  54.591829 -161.288623    12.407    31443.9   -56714.6    -6631.9  11548.6   9474.5   8806.0 2021  2 18 12 40 52.980  1.97   1
     1323  55.346814 -161.747852     5.200     1926.5    27333.8   -13838.6  11317.1  17933.8  12830.5 2021  2 18 19  3 39.340 -0.86   1
     1328  55.358439 -162.154264    31.961   -23932.8    28628.0    12922.3 168332.0 129647.8 143581.2 2021  2 19  0 35 58.340  0.73   1
     1332  55.312642 -161.524333     4.578    16157.5    23529.7   -14461.1  14100.1  20856.1  34003.6 2021  2 19  2  7 18.390  0.34   1
      134  55.173832 -161.909342     6.315    -8368.3     8076.7   -12723.6  19346.0  21375.7  23607.5 2021  1  4  8 26 55.590  1.50   1
     1347  55.276115 -161.663607     8.389     7294.0    19463.2   -10650.1  11875.5  12954.5  17742.3 2021  2 19  4 40 45.390  1.04   1
      135  54.760091 -161.641423    62.363     8763.1   -37982.9    43324.1  38440.2  31919.5  12434.1 2021  1  4  9 10 28.510  1.47   1
     1352  54.518168 -161.129867    19.685    41679.8   -64914.9      646.3  16410.4  13134.0  11528.9 2021  2 19  8 36 17.060  2.48   1
     1357  54.997286 -162.298503     7.014   -33259.9   -11577.3   -12025.3  14731.7  12355.2  21630.8 2021  2 19  9 13 55.750  1.99   1
     1359  54.853019 -162.776628    32.340   -63933.6   -27637.8    13300.7  28685.7  24249.9  67232.1 2021  2 19  9 21 33.210  1.56   1
     1363  55.243921 -161.645166    10.889     8472.0    15879.3    -8149.4   8726.2  16935.2  24164.4 2021  2 19 10 52 15.340  0.41   1
     1371  55.298877 -161.534684     5.876    15501.1    21997.2   -13162.8  17357.8  30433.0  51277.6 2021  2 19 13 52 35.450  0.01   1
     1372  55.050675 -161.429915    26.771    22241.0    -5633.7     7732.6  15477.4  17191.7  53023.2 2021  2 19 14  4  8.250  1.62   1
     1375  55.334737 -160.449137    11.844    84585.4    25989.4    -7195.2  19128.7  72708.5  19919.9 2021  2 19 14 22 52.620  1.08   1
     1376  54.523979 -163.265072    13.557   -95596.3   -64268.1    -5481.5  16995.3  17985.8  17488.2 2021  2 19 14 29 46.060  1.63   1
     1380  54.970882 -160.545329    72.206    78819.9   -14516.7    53167.6  32550.1  51904.3  38541.3 2021  2 19 15 14 44.340  1.56   1
     1385  55.088843 -162.602783    32.344   -52647.9    -1384.8    13304.8  18936.3  15961.9   9390.7 2021  2 19 23 24 42.440  1.62   1
     1386  55.045487 -161.616895    20.416    10298.9    -6211.3     1377.3  20715.0   8646.1  16827.3 2021  2 20  1 14 23.940  0.82   1
     1389  54.547257 -161.161296    11.745    39644.8   -61676.6    -7294.1  12499.4  11773.4  11062.5 2021  2 20  3 29 30.500  1.90   1
     1392  54.760881 -161.978646     1.316   -12853.9   -37895.1   -17722.7  39063.5   7584.2  11204.4 2021  2 20  9 22 15.120  1.42   1
     1393  54.498743 -162.324040    47.941   -35108.0   -67077.5    28902.0  35312.6  15539.7  20727.7 2021  2 20 12 16 54.990  2.81   1
     1397  54.627043 -161.417318    15.203    23167.0   -52794.5    -3835.9  18022.8  24199.3  20037.0 2021  2 21  1 46 47.010  1.45   1
       14  55.230924 -161.166748    30.710    38962.5    14432.4    11671.5  15929.8  32419.8  24489.9 2021  1  1 16 55  4.360  1.72   1
     1405  55.054545 -161.224398    14.654    35366.2    -5202.9    -4384.7  17165.7  17129.9  91786.9 2021  2 21 11  6 40.870  2.14   1
     1407  55.114526 -161.565934     3.502    13542.4     1474.5   -15536.8  17851.9  22462.6  13007.1 2021  2 21 11  8 39.470  1.28   1
     1409  55.113021 -161.621403     5.581    10002.5     1306.9   -13457.5  12922.5  23570.8  10265.1 2021  2 21 11 11 53.160  0.88   1
     1414  54.911637 -162.621126    35.034   -53937.7   -21112.1    15994.6  25194.8  26693.2  22324.2 2021  2 21 15  5  6.160  1.48   1
     1415  55.262203 -161.612207     5.309    10569.7    17914.5   -13729.7  16545.7  18332.1  29090.9 2021  2 21 16  1  3.430  1.78   1
     1417  55.149683 -161.538232     0.872    15303.6     5388.2   -18166.6  14139.8  20571.4   7841.9 2021  2 21 17 30 27.960  0.78   1
     1419  55.504740 -161.719889     9.655     3698.6    44914.9    -9383.7  50675.2  61080.9  65722.4 2021  2 21 18 53 44.040  0.49   1
     1420  55.103886 -161.774121    16.871      255.6      289.9    -2167.5  16268.4  21267.2  21217.0 2021  2 21 18 54 16.160  1.01   1
     1425  55.144373 -161.784814     6.198     -426.8     4797.1   -12840.4  21773.1  14468.3  35481.4 2021  2 21 21 58 10.560  0.49   1
     1427  55.110160 -161.636523     3.375     9037.7      988.4   -15663.8   7582.4  28327.8  25653.3 2021  2 21 22  8 14.800  1.03   1
     1430  55.500675 -163.231641    15.556   -92319.0    44462.4    -3483.3  80269.4 113652.3 100355.8 2021  2 21 22 40 59.780  1.60   1
     1431  54.584945 -161.290609    24.802    31319.1   -57481.1     5763.3  16573.4  13071.7  13827.6 2021  2 21 23  0 10.360  2.31   1
     1433  55.105318 -161.777116     5.241       64.4      449.4   -13797.7  36748.7  27375.8  20030.2 2021  2 21 23 57  4.060  1.32   1
     1434  55.176819 -161.549626    21.704    14571.9     8409.1     2665.3  13639.8  14837.0  20058.3 2021  2 21 23 57 55.340  1.17   1
     1435  55.239132 -161.977067    14.422   -12677.1    15346.1    -4617.3  83085.2  69415.0  88369.4 2021  2 21 23 58 16.000  1.22   1
     1439  55.159676 -161.512533    23.126    16941.0     6500.7     4087.4  16593.6  11951.8  24113.0 2021  2 22  0 43  2.960  0.59   1
     1443  55.180302 -161.847445    18.019    -4420.5     8796.9    -1020.1  20681.9  16198.4  26133.2 2021  2 22  1 21 15.400  0.46   1
     1453  54.838180 -161.111768    33.193    42674.4   -29289.8    14154.1  15525.3  20673.4  44007.8 2021  2 22  4 37 56.240  2.24   1
     1454  54.962952 -161.370296    33.029    26077.5   -15399.6    13990.6  32560.7  28889.9  25775.4 2021  2 22  7 39 17.400  1.96   1
     1457  54.895862 -161.280794    32.161    31826.9   -22868.3    13122.2  20827.3  35790.6  29988.8 2021  2 22  7 41 20.050  2.58   1
     1458  55.196842 -161.512451    24.303    16938.4    10638.3     5263.8  22154.5  24339.7  24494.0 2021  2 22  9  2 25.970  0.81   1
     1459  55.122274 -161.940511    16.293   -10362.8     2336.9    -2746.1  32895.9  14990.2  28949.0 2021  2 22  9  2 44.010  0.61   1
      146  55.408537 -161.988184    39.281   -13357.1    34205.1    20242.2  65500.0  29997.3  20725.1 2021  1  4 15 59 53.660  0.44   1
     1463  55.295097 -161.717269     4.276     3875.2    21576.4   -14763.4  14493.1  10044.3  30866.0 2021  2 22 12 58 56.000  0.45   1
     1468  54.636226 -161.309456    12.103    30089.2   -51772.1    -6936.3   8035.7  12419.0  13515.9 2021  2 22 16 17 26.310  1.73   1
     1472  55.055168 -161.725602    13.384     3354.6    -5133.6    -5654.7  18893.1  12524.2  27134.6 2021  2 22 16 50 46.390  0.97   1
     1476  55.132890 -161.704671     9.347     4686.9     3518.8    -9691.8  18065.2  20810.7  21077.7 2021  2 22 20 16  9.000  0.98   1
     1478  54.799784 -161.677344    34.414     6457.2   -33564.1    15374.8  39912.2  14978.7  28951.9 2021  2 22 22 18 15.100  1.52   1
     1488  55.399300 -161.733919    19.278     2811.3    33176.8      238.7  25847.3  34591.2  24365.6 2021  2 23 12 29 16.040 -0.11   1
     1493  54.642680 -161.433431    12.899    22128.1   -51053.7    -6139.8  18414.9  14708.6  13371.0 2021  2 23 20  3 57.320  2.87   1
     1500  54.908980 -161.365934    31.912    26374.0   -21407.9    12872.9  20928.8  27707.9  36278.0 2021  2 23 22 41 49.920  1.99   1
     1502  55.100183 -161.583675    12.201    12412.3     -122.3    -6837.8  14146.2  15222.9   9788.0 2021  2 23 23 36 55.900  1.07   1
     1510  54.862382 -161.292887    30.702    31065.9   -26595.4    11663.3  16495.7  25236.7  49302.9 2021  2 24  2 36 40.740  2.08   1
     1513  55.328853 -161.765072     4.879      830.9    25334.3   -14160.3  20325.7  21512.4  32330.5 2021  2 24  3 44 51.420  0.93   1
     1514  55.269364 -162.079964    12.186   -19226.7    18711.8    -6852.9  49212.5  45677.5  46488.7 2021  2 24  3 45  8.730  0.63   1
      153  55.233276 -162.088021    11.783   -19748.8    14694.3    -7256.2  81187.6  77646.3  90060.9 2021  1  4 18 37 14.700  0.42   1
      154  54.588204 -161.270882    29.681    32585.0   -57118.2    10642.4  14263.5  12886.5  37755.2 2021  1  4 18 41 15.600  1.65   1
     1540  55.056490 -163.380713    14.652  -102353.8    -4986.4    -4387.0  19888.1  37514.0  22199.9 2021  2 24 17 41 27.000  1.66   1
     1543  55.505664 -161.866260    28.811    -5597.5    45017.7     9772.4  34200.6  39315.3  31752.9 2021  2 24 19 10 27.800  0.33   1
     1544  54.987781 -161.396045    31.733    24423.5   -12635.5    12693.7  21592.7  12328.1  28387.8 2021  2 24 19 51 27.800  1.58   1
     1548  55.089823 -163.309229    13.980   -97747.7    -1275.6    -5059.0  26590.9  48867.8  46894.0 2021  2 24 20 59 31.300  1.74   1
     1551  55.040637 -161.756120    18.833     1405.7    -6751.2     -205.4  29060.8  20731.0  13248.6 2021  2 25  2  4 18.030  1.17   1
     1552  55.154732 -161.765007    24.115      836.8     5950.4     5075.7  18850.1  14962.9  20533.4 2021  2 25  2  4 37.270  1.22   1
     1553  54.975810 -162.195540     3.140   -26686.2   -13968.1   -15897.7  34661.5  20224.2  38703.4 2021  2 25  3 22  5.790  1.67   1
     1560  55.046431 -161.597266     4.454    11552.5    -6106.2   -14584.6  17281.7  36089.3  25580.0 2021  2 25  7 39 13.870  0.78   1
     1568  55.091134 -162.058529    13.989   -17901.1    -1129.7    -5050.2   8841.9  29391.7  23192.1 2021  2 25 15 59 56.610  0.52   1
      157  54.587138 -161.267806    26.840    32783.1   -57236.9     7801.5  14507.7  14908.7  73588.6 2021  1  4 19 48  7.600  2.60   1
     1572  54.598039 -161.260807    30.366    33228.2   -56023.4    11327.1  17691.9   7635.6  38562.7 2021  2 25 18 54 43.360  1.57   1
     1579  55.044539 -161.370719    21.296    26024.0    -6316.8     2257.4  21683.0  19486.8  26563.1 2021  2 26  7  9 46.090  0.71   1
      158  54.996570 -162.297135    13.277   -33172.8   -11657.0    -5761.6  12009.8   9714.1  26845.5 2021  1  4 20 44 36.960  2.96   1
     1581  55.011694 -161.352474    30.895    27200.6    -9973.3    11856.5  18205.4   9289.3  24893.3 2021  2 26  9  3 54.340  1.99   1
     1585  54.585429 -161.260742    28.636    33237.5   -57427.2     9597.1  12307.6  15330.7  52379.7 2021  2 26 12  9  8.560  1.97   1
      159  54.975606 -162.343457    12.873   -36142.9   -13990.8    -6166.2  16371.3  15199.4   7744.6 2021  1  4 20 44 47.420  3.35   1
     1590  55.473873 -162.013249    28.786   -14938.7    41478.6     9746.8 175448.7 130228.1  98467.7 2021  2 26 19  0 39.760  0.27   1
     1591  55.097225 -161.382487    24.406    25255.7     -451.6     5366.9  33807.6  25498.7  18544.7 2021  2 26 19 39 49.120  0.92   1
     1598  55.083655 -161.629118    17.549     9513.5    -1962.3    -1489.7  28322.8  18854.2  17469.9 2021  2 27  0  6 44.230  1.22   1
      160  55.183183 -161.779622     9.237      -95.5     9117.6    -9801.5  28880.7  13407.8  27514.1 2021  1  4 21 22 34.520  0.99   1
     1602  55.083370 -161.895736     9.439    -7509.0    -1994.0    -9600.1  25700.9  29688.4  43548.9 2021  2 27  6 44 11.470  1.03   1
     1606  55.244922 -162.263932     4.801   -30954.7    15990.7   -14237.9  45449.1  39633.7  30399.9 2021  2 27  8 42 23.690  1.54   1
     1608  55.195858 -161.935303     3.921   -10021.2    10528.6   -15117.5  29709.8  14569.4  10344.7 2021  2 27  9 20 25.210  0.83   1
     1612  54.949264 -161.677637    12.070     6426.5   -16923.4    -6969.0  16898.3  12434.6  25825.0 2021  2 27 15 30 31.160  1.03   1
     1627  54.972262 -161.423438    33.187    22676.9   -14363.1    14148.2  22154.3  26333.6  19768.7 2021  2 28  6 21  3.480  2.16   1
      163  55.001176 -161.474479    32.943    19406.5   -11144.2    13903.6  22152.5  23609.2  42838.3 2021  1  4 22 45 47.100  0.74   1
     1632  55.097937 -161.223828    33.553    35383.5     -372.4    14513.7  14692.7  34361.2  25488.0 2021  2 28  8 10 21.870  1.67   1
     1638  54.505155 -161.029671     7.422    48129.5   -66363.6   -11616.7  11659.0  25923.7  30407.2 2021  2 28 18  1 17.120  1.74   1
     1644  54.491394 -163.173991     1.086   -89776.8   -67895.6   -17952.5  21063.0  20155.4  20253.1 2021  2 28 22  8 55.420  2.34   1
     1646  55.377413 -161.829801     5.974    -3287.3    30740.2   -13064.8  47108.8  35880.4  55552.8 2021  2 28 22 59 50.600  0.81   1
     1647  54.771973 -161.228906    33.695    35201.5   -36660.2    14656.5  11242.7  27251.5  35624.1 2021  3  1  4 28 55.900  2.15   1
     1652  55.023962 -161.373779    30.953    25835.1    -8607.6    11914.2  11484.9  16408.1  39840.1 2021  3  1 15  0  4.050  2.37   1
     1654  54.902555 -160.889453    14.912    56866.2   -22123.2    -4126.0  16772.8  17155.5  21249.8 2021  3  1 20 37 56.640  1.33   1
     1657  55.124402 -161.618164    23.449    10207.7     2573.8     4410.0  23445.2  30420.5  27134.0 2021  3  2  1 54 25.150  1.32   1
     1661  54.923088 -162.209668     5.226   -27607.5   -19837.4   -13813.2  18315.2  14139.7  22797.8 2021  3  2 13 18  6.080  1.04   1
     1662  55.064714 -161.614274    18.287    10463.7    -4070.9     -752.2  14749.0  13678.4  17778.4 2021  3  2 14 45 35.910  1.58   1
     1671  55.238790 -160.933415    31.514    53827.4    15308.1    12474.6  11943.2  47519.3  21833.0 2021  3  3 12 32  3.630  2.21   1
     1676  55.055261 -161.607048     0.052    10926.5    -5123.2   -18986.8  20626.5  14619.2  14704.8 2021  3  3 22  9  2.360  1.13   1
     1678  55.227584 -161.742839     2.790     2248.9    14060.5   -16248.9  31831.1  24678.0  58980.0 2021  3  4  0 35 13.270  3.42   1
     1680  54.604159 -161.438932     8.159    21785.3   -55342.1   -10879.9  13174.4  15293.9  14594.2 2021  3  4  0 38 11.150  3.52   1
     1684  55.314197 -161.748128     5.995     1909.7    23702.7   -13043.6  31483.6  42341.0  50454.6 2021  3  4  0 44 32.450  0.64   1
     1688  55.101847 -163.375977   102.900  -101993.7       63.0    83860.9  40739.7 146386.8  37380.5 2021  3  4  1 22 54.170  2.47   1
     1691  55.150106 -163.474951    12.950  -108246.3     5435.3    -6089.3  18709.7  44561.3  26245.2 2021  3  4  1 58 10.610  1.61   1
       17  55.126070 -161.920687     9.798    -9097.2     2759.6    -9240.4  22423.8  20174.6  23974.0 2021  1  1 17 17 19.000  1.75   1
      170  54.870239 -161.845117     1.360    -4288.6   -25720.7   -17678.7  27105.7  19112.6  17320.7 2021  1  5  1 54 41.470  1.03   1
     1703  54.492383 -161.740934    11.361     2391.9   -67785.5    -7678.4  17468.2  10542.1  12301.0 2021  3  4  9 38 50.260  2.25   1
     1704  54.489400 -161.717269    10.729     3914.1   -68117.5    -8310.0  21844.5  11924.1  10567.7 2021  3  4  9 42 51.260  2.04   1
     1706  55.012569 -161.511605    22.811    17031.4    -9875.9     3771.9  28417.5  12763.4  14585.1 2021  3  4 12 59  4.700  1.40   1
     1709  55.356466 -161.969059    31.035   -12149.0    28408.3    11995.8  95396.4  36722.5  48013.0 2021  3  4 13 55  2.390  0.66   1
      172  54.977425 -161.713363    19.281     4140.3   -13788.3      242.3  11393.8  16633.6  24402.5 2021  1  5  3 43 56.380  2.04   1
     1720  54.907857 -161.200472    15.409    36961.7   -21532.9    -3629.6  26352.8  23964.4  20209.9 2021  3  4 19 53 29.960  2.38   1
     1722  55.263118 -160.978158    47.516    50960.7    18016.4    28477.5   7370.3  30973.9  14299.6 2021  3  4 20 37 48.760  2.44   1
     1729  55.355221 -162.549316     2.044   -49071.0    28269.7   -16995.1  25208.0  22482.2  23634.6 2021  3  4 23 56 31.360  1.93   1
      173  54.526017 -162.373665    19.939   -38286.5   -64041.1      900.5  26831.3  18330.1  31730.3 2021  1  5  4 32 55.230  1.62   1
     1730  54.973222 -163.490283    10.845  -109465.1   -14256.2    -8193.6  13402.3  76244.0  20933.3 2021  3  4 23 58 39.980  2.00   1
     1738  55.322461 -161.789388     1.226     -717.0    24622.7   -17813.0  26061.3  20892.1  22561.9 2021  3  5  0 46 13.720  1.50   1
     1741  55.137419 -161.763330    10.330      944.0     4022.9    -8708.8  18834.0  16484.8  36074.4 2021  3  5  4  3 28.830  1.34   1
     1748  55.022729 -161.773942    19.914      267.3    -8744.8      874.8  17088.6  18819.8  20447.1 2021  3  5 16 11 27.520  2.40   1
     1749  55.224536 -160.871403    26.715    57789.2    13721.3     7676.6  22669.8  93902.6  87899.8 2021  3  5 18 26 51.980  2.03   1
      175  55.119141 -161.733382    24.113     2855.4     1988.1     5073.8  12648.8  25396.3  16604.4 2021  1  5  4 57 50.210  1.82   1
     1751  55.009509 -161.620280    24.528    10087.1   -10216.5     5489.5  25535.3  24063.1   9669.1 2021  3  5 18 53  2.780  1.72   1
     1762  55.347453 -161.718164    20.454     3815.7    27404.9     1415.5  27137.8  34936.4  16058.0 2021  3  6  0 58 42.500  2.01   1
     1772  54.934273 -162.247396     3.679   -30016.9   -18592.2   -15360.0   9047.9   8767.5   8233.8 2021  3  6 12  6 39.940  0.93   1
     1776  55.107231 -161.767936    17.492      650.3      662.3    -1547.0  18560.9  19318.6  26205.7 2021  3  6 12 34 33.970  1.87   1
     1782  54.618001 -161.321794    30.439    29303.7   -53801.0    11399.9  18792.2   5535.9  24929.9 2021  3  7  8 56 49.900  1.51   1
     1791  54.762651 -161.022331    29.354    48447.3   -37698.0    10315.2  28576.6  16328.9  65554.3 2021  3  7 12 44 28.780  2.36   1
     1795  54.355957 -163.261686    22.176   -95576.0   -82973.0     3136.9  25500.8  19824.5  20237.5 2021  3  7 14 11 29.290  2.14   1
      180  54.450541 -161.687630    11.180     5823.2   -72443.5    -7858.7  26424.8  10517.1   8896.8 2021  1  5 14 13 57.050  2.04   1
     1800  54.584444 -161.300195    11.684    30703.4   -57536.8    -7354.5  15112.3  10268.5  11051.6 2021  3  7 23 31 54.600  2.56   1
     1801  55.376420 -161.744043    17.185     2168.1    30629.7    -1853.6  37463.0  48293.4  23428.4 2021  3  7 23 58 41.000  1.62   1
     1802  55.144596 -161.247526    32.450    33851.0     4822.0    13411.5  17612.1  27067.6  20831.8 2021  3  8  0  1 45.660  1.37   1
     1803  55.062496 -160.947526    34.378    53044.6    -4317.8    15339.1  20377.9  36938.7  26422.4 2021  3  8  0  1 53.910  2.25   1
     1813  55.101290 -161.787549    12.084     -601.5        0.9    -6954.4  27407.2  10097.5  22405.1 2021  3  8  9 53  8.660  1.23   1
     1818  55.176477 -161.801221    18.963    -1472.9     8371.1      -75.8  18957.4  24976.4  19056.4 2021  3  8 19 54 55.400  2.09   1
     1822  54.572119 -161.309554    13.157    30106.7   -58908.9    -5882.1  16922.7  14996.2  10638.9 2021  3  8 22 56 20.960  1.57   1
     1823  55.353947 -161.864339     6.941    -5485.9    28127.9   -12098.4  78384.2  82614.3 108056.5 2021  3  9  5 24  8.420 -0.07   1
     1824  55.431779 -161.164795    40.735    38988.9    36792.5    21696.4  14763.5  24558.5  31858.7 2021  3  9  5 25 56.450  1.50   1
     1826  55.322371 -161.715169     7.088     4007.5    24612.7   -11951.1  18654.7  23181.3  31734.7 2021  3  9  6 12  3.170  1.22   1
      183  54.531055 -162.474219     9.891   -44748.2   -63480.4    -9147.4  25771.2  10544.9  29830.9 2021  1  5 19 35 57.360  2.51   1
     1834  54.956734 -161.610563    17.024    10715.1   -16091.7    -2015.3  10593.5  16896.0  49027.9 2021  3  9 11 47  7.090  2.25   1
     1836  55.044548 -161.749593    23.285     1822.5    -6315.9     4246.5  18889.7  24459.0  19801.4 2021  3  9 15 28 26.520  1.02   1
     1837  54.609465 -161.285303    24.771    31650.3   -54751.4     5731.8  19532.0   8949.5  12133.5 2021  3  9 15 59 56.200  1.96   1
     1848  54.476339 -163.171989     1.746   -89664.6   -69571.6   -17293.3  21676.4  20525.7  20724.5 2021  3 10  6 53 14.950  1.84   1
     1850  54.972119 -162.262207     0.794   -30949.7   -14379.0   -18244.8   7731.1   8556.1   8383.4 2021  3 10  7 15 44.300  1.55   1
     1854  55.193608 -162.023470    27.011   -15642.9    10278.1     7971.7  31757.4  21528.0  20066.2 2021  3 10  8 52 57.000  0.82   1
     1855  54.946212 -161.330111    16.992    28653.0   -17263.1    -2047.2  37202.4  23859.4  31041.7 2021  3 10  9 15 17.810  0.84   1
     1856  55.168384 -161.829492    16.238    -3276.1     7470.1    -2800.8  30181.5  20765.5  39785.1 2021  3 10  9 15 41.680  0.51   1
     1858  55.299056 -161.655176    16.255     7828.8    22017.2    -2784.0  15164.5  16208.5  12039.2 2021  3 10 18 24 35.260  0.37   1
     1859  54.673063 -160.597738    21.724    75748.1   -47671.3     2685.3  35263.1  40952.3  35312.0 2021  3 10 20 21  6.480  2.04   1
     1861  55.019983 -162.295882     4.589   -33083.1    -9050.6   -14449.8  20383.3  17050.5  19135.5 2021  3 10 23 39 17.520  1.55   1
     1863  54.956087 -161.349007    33.231    27441.1   -16163.7    14192.4  23576.1  13220.1  16998.7 2021  3 11  5 14 38.290  2.04   1
     1864  54.892977 -162.818994    58.802   -66613.3   -23189.5    39763.1  42697.8  46450.4  44498.1 2021  3 11  5 48 59.910  1.72   1
     1868  55.057104 -161.457194     2.974    20497.0    -4918.0   -16064.9  16363.7  15155.7  15072.2 2021  3 11  6  3 33.370  2.16   1
     1875  54.562927 -162.078646    46.943   -19311.3   -59932.2    27904.4  34047.4  15334.7  12649.0 2021  3 11 13  8 23.810  1.79   1
     1876  55.012378 -161.569531    19.298    13329.7    -9897.2      259.5  32452.3  17637.7  19492.8 2021  3 11 19 52 43.600  0.49   1
     1877  55.442000 -161.473226    39.860    19379.7    37930.4    20821.6  31392.4  67609.1  21730.7 2021  3 11 20 50 52.560  1.14   1
      188  55.127393 -161.566178     1.587    13524.6     2906.8   -17452.1  26093.6  19396.3   9151.4 2021  1  5 23 35 40.720  2.17   1
     1880  54.959017 -162.447559    16.475   -42807.1   -15837.6    -2563.4  34941.7  21803.2  73628.3 2021  3 11 23 53  2.980  1.51   1
     1881  55.252458 -162.234521     2.275   -29077.9    16829.6   -16764.0  74867.6  79046.1 243015.8 2021  3 15  0 56  4.510  0.80   1
     1883  55.309001 -161.705811     5.862     4604.0    23124.2   -13177.2   9877.3  12818.0  15952.0 2021  3 15  2 35  5.030  1.32   1
     1885  55.071651 -161.531592    22.669    15742.6    -3298.6     3630.3  11688.5  17182.0  34715.4 2021  3 15  3 36 22.040  1.43   1
     1889  54.576518 -162.581006    15.895   -51584.1   -58419.2    -3143.9  16717.3   6270.1  25107.8 2021  3 15  4 11 52.080  1.66   1
     1894  55.114412 -162.343555    31.829   -36086.7     1461.8    12789.9  51283.5  65754.5  27746.5 2021  3 15  6 19 53.350  1.28   1
     1896  55.296684 -161.659652     5.435     7544.0    21753.1   -13604.1  14962.9  21859.7  13843.1 2021  3 15  8 34 48.080  1.21   1
     1903  54.818563 -162.430957    23.454   -41818.3   -31473.6     4414.9  18684.8  21291.4  29274.0 2021  3 15 13 52 50.600  1.56   1
     1905  55.897355 -160.570312    11.325    76331.0    88622.6    -7714.0  18002.4  19520.4  16101.5 2021  3 15 13 58  5.000  2.29   1
     1906  55.867867 -160.565967     9.337    76634.2    85339.9    -9702.3  12958.6  22858.6  13473.9 2021  3 15 14  1 39.780  1.63   1
     1909  55.271045 -161.997705    13.427   -13986.6    18898.8    -5611.9  85762.3 126331.3 107319.4 2021  3 15 19  9 48.960  0.41   1
     1916  55.325500 -162.083333    12.602   -19427.7    24961.1    -6437.2  44540.6  62955.9  58210.9 2021  3 16  3  5 32.610  1.50   1
     1920  54.754639 -161.420589    54.518    22920.7   -38589.9    35479.4  18768.1  13177.6  12865.4 2021  3 16  9 17 34.970  3.29   1
     1922  54.688216 -161.381527    44.141    25445.8   -45984.4    25102.6  11572.8  13956.3  12790.2 2021  3 16 10 40 11.180  1.61   1
     1928  55.153398 -162.661263    41.943   -56336.1     5801.8    22903.9  30013.6  24352.7  20919.3 2021  3 16 18 42 43.780  3.13   1
     1932  54.969438 -162.197152     0.991   -26791.3   -14677.5   -18048.0  21832.3  15811.3  10765.3 2021  3 16 22 23 17.680  0.78   1
     1950  54.983329 -161.912223     4.328    -8572.4   -13131.0   -14710.7  36626.8   7981.2  27872.5 2021  3 17 17 25 48.880  0.81   1
     1952  54.859029 -162.662891    32.436   -56646.8   -26968.7    13397.5  29904.5   4945.9  43312.6 2021  3 17 18  2 20.460  1.45   1
     1953  54.839237 -161.247380    29.905    33989.1   -29172.0    10866.2  10461.3  27668.7  54120.7 2021  3 17 19 20 28.680  1.43   1
     1955  54.523499 -161.327897     6.809    28945.5   -64321.5   -12229.8  27271.6  19892.0  23525.3 2021  3 17 19 45 17.280  1.73   1
     1958  55.537358 -161.749349    26.272     1826.8    48546.0     7233.3 104101.0  76557.5  85974.4 2021  3 17 21 13 17.440  0.53   1
     1959  55.159025 -161.913102     4.388    -8609.7     6428.3   -14650.9  14187.4  19614.9  19277.9 2021  3 17 21 50 12.840  0.78   1
     1961  54.572054 -161.345882    13.405    27772.6   -58916.1    -5633.5  10905.1  18953.5  10901.7 2021  3 17 22  3 42.820  1.10   1
     1963  54.462378 -162.850781     8.122   -69013.8   -71125.8   -10916.7  18830.2  12517.1  28747.0 2021  3 17 22 42 26.960  1.90   1
     1965  55.267883 -162.180111    11.135   -25606.4    18546.9    -7904.2  43551.5  51776.5  78482.1 2021  3 17 23  0 33.240  1.28   1
     1969  55.196134 -162.285368    16.084   -32340.2    10559.4    -2954.9  57268.8  39368.2  39667.8 2021  3 18  0 14  0.410  1.28   1
      197  55.089111 -161.571029    29.507    13221.4    -1354.9    10468.5  14095.7  41630.5  28044.3 2021  1  7  2 55 29.890  2.19   1
     1973  54.838619 -161.168311    53.070    39053.1   -29240.9    34030.7  17631.3  13534.6  16681.6 2021  3 18  1 31 29.980  1.25   1
     1975  55.454138 -161.872428    31.009    -5993.1    39281.6    11970.0  23636.8  45465.9  28821.2 2021  3 18  2 45 38.950  0.99   1
     1981  54.794743 -162.914062     6.662   -72786.0   -34125.4   -12377.3  21975.6  26881.7  85734.7 2021  3 18  6 26 27.680  1.02   1
     1983  54.482284 -162.070296    13.623   -18793.4   -68909.8    -5415.5  40140.9  14532.6  27959.5 2021  3 18  7 22 24.300  1.24   1
     1984  55.035535 -161.334635     7.701    28332.1    -7319.3   -11338.3  23000.0   8022.1 101268.1 2021  3 18  8  6 48.940  0.87   1
     1986  55.027368 -161.695361    20.941     5287.9    -8228.4     1901.9  55652.8  80259.9  36225.9 2021  3 18  8 24 14.020  1.39   1
     1988  54.964954 -162.894189    52.681   -71361.8   -15176.7    33641.6  44900.6  49993.3  46516.7 2021  3 18  9 58 57.490  1.33   1
     1991  55.220272 -161.649984    12.512     8167.4    13246.5    -6527.2  28863.2  17434.0  22454.0 2021  3 18 12 20 29.880  1.12   1
     1995  55.168677 -161.921598     5.194    -9150.5     7502.7   -13844.6  21140.8  45740.0  30550.4 2021  3 18 14 36 19.100  0.66   1
     1996  54.589697 -161.240055    31.522    34564.7   -56952.0    12483.1  16976.0  13590.9  34259.7 2021  3 18 15 25 37.380  1.11   1
     1997  55.555701 -163.364827    12.969  -100708.7    50588.1    -6070.2  83826.7 120026.5  80979.2 2021  3 18 16 56 49.690  1.37   1
     2001  54.491036 -163.156217     0.366   -88634.0   -67935.4   -18672.9  20970.7  19818.8  15963.6 2021  3 18 19 35 43.440  1.69   1
     2006  55.308704 -161.562240    10.220    13744.8    23091.2    -8819.1  10397.3  25166.6  27115.4 2021  3 18 20 15  0.400  0.39   1
     2007  54.986218 -160.688265    40.142    69667.9   -12809.4    21102.7  17699.7  16285.5  22825.2 2021  3 18 22 50 27.260  4.06   1
     2011  54.770671 -160.708464     9.250    68559.7   -36805.2    -9788.9  29839.5  18268.3  30569.1 2021  3 19  2 17 27.950  1.93   1
     2014  54.982560 -162.367741     6.270   -37692.1   -13216.6   -12768.7  15308.8  17099.0  21433.8 2021  3 19  6  2 53.140  0.50   1
     2017  55.080489 -161.716260    16.805     3950.0    -2314.7    -2233.4  13596.9  18168.9  17837.4 2021  3 19  7 15 23.960  1.19   1
     2029  55.498905 -161.766634    17.470      729.9    44265.3    -1568.7 100582.2  88139.8  81798.1 2021  3 19 20  1 37.500  0.94   1
     2034  55.312195 -160.602035    34.779    74875.1    23479.8    15739.9  18379.8  26048.0  44431.2 2021  3 20 10 26 13.060  1.96   1
      204  55.117529 -161.473145    23.846    19463.6     1808.8     4806.9  14979.6  12396.7  26074.7 2021  1  7  8 46 37.580  1.86   1
     2041  54.447929 -162.391960    24.885   -39500.6   -72734.3     5845.8 105187.5  10476.7 124350.6 2021  3 20 15 40 32.680  1.96   1
     2042  55.139665 -162.166715     4.816   -24792.7     4273.0   -14222.6  16377.3  14711.8  21633.7 2021  3 20 15 40 56.760  0.89   1
     2044  55.251668 -162.063802    16.839   -18201.2    16741.7    -2200.0  64783.1  58615.8  71831.4 2021  3 20 18 46 11.200  1.24   1
      205  55.365674 -161.730208     7.333     3048.5    29433.4   -11705.5  41456.5  23522.3  41322.0 2021  1  7 11 45 28.180  1.30   1
     2050  55.172221 -161.516048    17.690    16714.2     7897.3    -1349.0  19788.5  19320.6  19337.9 2021  3 21  1 15 13.670  2.08   1
     2053  54.775090 -160.998389    33.434    49974.3   -36313.2    14395.6  15660.4  22378.4  44785.4 2021  3 21  4 51 43.430  1.68   1
     2054  55.178206 -161.919922     7.052    -9042.5     8563.6   -11987.2  26168.3  21610.9  22468.4 2021  3 21  4 52 15.430  1.07   1
     2055  55.264799 -161.617643     5.054    10223.0    18203.5   -13984.4  21216.7  10325.1  25492.8 2021  3 21  6 20 17.800 -0.04   1
     2056  54.526176 -161.560677    14.505    13979.4   -64023.5    -4534.3  42580.8  26217.3  21428.9 2021  3 21  9 13 37.170  1.64   1
     2057  54.504122 -162.338395    40.142   -36028.8   -66478.6    21103.3  43852.0  18255.6  27223.7 2021  3 21 13 30 53.040  1.63   1
     2059  54.594332 -162.338135    61.470   -35972.0   -56436.0    42431.6  22192.0  12174.3  10935.6 2021  3 21 15 28  4.810  2.32   1
     2066  54.816427 -160.480420    23.110    83129.0   -31711.4     4071.1  25008.9  29795.1  25220.7 2021  3 22  0 10 51.690  2.08   1
     2071  55.328219 -161.963916     9.456   -11825.9    25263.7    -9582.7  49074.1  50666.0  56897.1 2021  3 22  0 36 28.590  0.81   1
     2079  55.085689 -161.181136     0.565    38114.5    -1735.8   -18473.4  20692.7  19196.2  16325.7 2021  3 22  6 27 48.630  1.36   1
     2081  55.293958 -161.672803     5.554     6706.8    21449.6   -13484.6   7543.9  12942.0  13482.1 2021  3 22  8 42  5.840 -0.03   1
     2082  54.903080 -161.392790    19.217    24657.5   -22064.7      178.1  27226.3  22088.5  21615.1 2021  3 22  9  3 51.680  0.90   1
     2083  55.160575 -161.901383     5.824    -7862.1     6600.8   -13214.8  24005.3  14651.7  21112.5 2021  3 22  9 21 56.940  0.61   1
     2085  55.380623 -162.722982    14.144   -60102.3    31097.6    -4894.7  26063.1  22173.5  34430.3 2021  3 22 11  6 42.830  1.46   1
     2089  54.985722 -161.507080    32.460    17326.3   -12864.7    13421.4  21578.3  16554.2  22090.1 2021  3 22 14 47 22.280  1.92   1
     2092  54.993294 -161.532568    31.721    15695.5   -12021.7    12682.0  18371.5  16518.6  24487.5 2021  3 22 18 44  2.120  3.44   1
     2093  55.073816 -161.733203    23.386     2868.4    -3057.6     4346.6  36027.3  19444.1  25141.4 2021  3 22 19  0 32.180  1.23   1
     2099  54.651522 -161.350293    12.475    27462.2   -50069.4    -6564.2  10190.4   7893.9  24728.2 2021  3 23 11 28  4.430  2.69   1
     2102  55.243563 -161.596322     3.905    11584.3    15839.4   -15133.8  17302.0   6470.3  37497.3 2021  3 23 15 12  4.800  0.41   1
     2106  55.418176 -161.929150     5.357    -9602.2    35278.2   -13682.3  61660.3  41409.7  51627.9 2021  3 23 20 35  4.600  2.03   1
     2110  55.027287 -161.597559    30.560    11536.6    -8237.5    11520.8  41267.5  76011.9  78696.2 2021  3 23 21 20 35.960  1.70   1
     2116  55.294153 -161.840609    12.993    -3978.9    21471.3    -6046.0  45895.0  40471.2  37006.2 2021  3 24  1 48  0.030 -0.05   1
     2117  55.425358 -162.781803    13.464   -63808.2    36077.7    -5575.4  33304.1  20748.0 132442.1 2021  3 24  6 30 31.840  2.30   1
     2118  55.412748 -162.778743     1.804   -63623.7    34673.9   -17235.2  27717.0  21518.6  28616.9 2021  3 24  6 47 10.370  1.57   1
     2126  55.285990 -161.532552     4.391    15639.4    20562.6   -14648.3  11252.8  12661.5  16508.6 2021  3 24 16 19 46.180  0.79   1
     2132  54.589412 -161.305290    31.117    30374.2   -56983.7    12078.0  14585.0  15992.4  40142.0 2021  3 25  4 23  3.040  1.78   1
     2136  55.490255 -161.442057    30.378    21347.9    43302.3    11339.3  30611.9  39733.2  37342.7 2021  3 25 13 25 39.070  1.67   1
      214  55.365658 -161.768099     3.462      637.9    29431.6   -15576.8  19324.7  29351.3  31582.1 2021  1  7 18 28  9.440 -0.26   1
     2140  55.137370 -161.702067    13.214     4852.8     4017.5    -5824.6  27461.7  28921.4  26640.2 2021  3 25 15 24 59.570  0.65   1
     2141  55.154700 -161.368392     0.711    26136.8     5946.7   -18327.7  23594.5  13871.8  13925.5 2021  3 25 15 25 42.300  0.62   1
     2147  54.787569 -161.250798    21.983    33791.9   -34924.0     2944.2  11601.3  17516.5  12998.9 2021  3 25 20 12  8.900  1.75   1
     2148  55.089119 -161.410335    15.866    23480.4    -1354.0    -3172.8  29093.8  19079.9  36432.9 2021  3 25 20 12 29.960  1.32   1
     2159  54.959916 -162.319189    19.108   -34598.1   -15737.5       69.0  63659.6  49297.1  66011.1 2021  3 26  5 25  3.840  1.06   1
     2164  55.794482 -160.530160     9.655    78971.1    77170.4    -9383.5  15751.4  23200.2  16216.3 2021  3 26  7 17 29.010  1.57   1
     2166  55.305945 -162.733854     0.202   -60850.7    22784.1   -18836.5  25335.8  29786.4 298229.2 2021  3 26  7 27 39.540  1.40   1
     2179  54.986922 -162.368945    11.714   -37767.1   -12731.0    -7324.9  19204.2  17229.4  13150.0 2021  3 26 13 35 21.170  0.89   1
      218  55.358956 -161.682259     5.979     6099.7    28685.5   -13060.2   8583.9  14744.2   4558.5 2021  1  7 19 35  6.920  0.84   1
     2181  55.095003 -161.692562    17.105     5462.1     -699.0    -1933.6  21503.1  14240.1  20191.7 2021  3 26 13 52 23.460  1.18   1
     2189  54.829154 -162.053320     1.252   -17625.8   -30294.5   -17786.5  10254.6  10501.1  13551.9 2021  3 26 16 13  1.530  0.96   1
      219  55.336239 -161.377425    19.795    25502.7    26156.5      756.5  13376.3  22948.4  20808.0 2021  1  7 19 36 15.440  0.75   1
     2192  55.068925 -162.506999    24.895   -46544.4    -3602.1     5856.3  24524.6  21108.6  17545.0 2021  3 26 16 29 34.580  1.28   1
     2195  55.228231 -161.624398    32.503     9797.2    14132.6    13464.3  40019.2 104434.8  43499.7 2021  3 26 16 58 29.000  1.92   1
     2199  55.009298 -161.411458    32.115    23432.0   -10240.1    13076.1  24207.5  13687.2  31320.3 2021  3 26 18 15 44.540  1.40   1
     2204  55.338106 -163.028743    37.498   -79594.1    26364.4    18458.8  25497.2  57853.8  27719.2 2021  3 26 22 11 49.720  1.81   1
     2205  54.589107 -161.474365    12.451    19513.2   -57017.7    -6587.7  12413.7   9478.7  21294.8 2021  3 27  2 37 52.060  1.34   1
     2206  55.060250 -161.937044     7.623   -10149.4    -4567.9   -11416.0  24184.7   9010.1  48400.6 2021  3 27  2 38 25.410  1.07   1
     2208  55.464787 -161.863151    27.420    -5402.8    40467.1     8380.9  38022.2  46402.4  33274.1 2021  3 27  3 18 55.000  0.57   1
     2210  54.562858 -161.330566    30.419    28759.9   -59939.9    11380.3  21460.4   6852.2  35211.2 2021  3 27  6  0 41.100  1.55   1
     2211  55.318587 -161.715771     5.871     3969.4    24191.5   -13168.1  12612.8  20825.3  13268.4 2021  3 27  8 25 39.590  1.40   1
     2216  55.276778 -161.056087    43.107    45988.5    19537.1    24067.8   6781.5  32650.7  21519.5 2021  3 27 14  2  7.920  1.88   1
     2217  55.220870 -161.765007     9.105      836.1    13313.1    -9934.2  17448.4  17267.8  26491.7 2021  3 27 14  2 48.190  1.28   1
      222  55.072225 -161.632520    13.271     9297.7    -3234.7    -5768.1  19370.9  14174.9  14322.5 2021  1  7 22 11 19.780  1.05   1
     2226  55.372607 -161.721582    17.216     3597.1    30205.2    -1823.0  21677.5  32253.9  21411.0 2021  3 28  3 51 46.130  0.26   1
     2227  54.558276 -161.248893    13.274    34010.1   -60449.9    -5764.9   9466.1   9876.3   5278.7 2021  3 28  4 40 17.120  1.62   1
      223  54.604065 -161.263639    26.525    33043.8   -55352.5     7486.0  15266.8  13482.8  84639.9 2021  1  7 23 38 36.720  2.69   1
     2230  55.318913 -161.620036    19.979    10063.8    24227.7      940.3  18060.7  22054.5  17643.2 2021  3 28  6 37 38.220  0.36   1
     2231  54.928520 -162.225716     2.696   -28632.2   -19232.7   -16342.7   6187.4   7497.0   8696.0 2021  3 28  7 52 29.070  2.21   1
     2233  55.214567 -161.962337    15.170   -11742.1    12611.5    -3869.1 149334.9  88873.2 139605.2 2021  3 28  8 39  0.200  0.49   1
     2236  55.757324 -162.235563     6.101   -28960.2    73033.7   -12938.0 152864.9 115829.8 170864.8 2021  3 28  9  5 35.480  1.06   1
     2238  54.495105 -161.527930     9.017    16090.9   -67482.4   -10022.3  22527.9  16503.6  15710.3 2021  3 28  9 59 10.720  2.54   1
      224  54.979932 -161.295312    35.693    30865.6   -13509.3    16653.7  26701.3  19905.4  34553.8 2021  1  8  0 22 44.610  2.08   1
     2240  55.322127 -161.899626    17.951    -7734.3    24585.6    -1087.9  39707.2  51433.9  62327.3 2021  3 28 11  5 13.640  1.17   1
     2243  54.890422 -161.229801    33.172    35092.6   -23473.9    14132.8  21576.8   7430.7  34759.2 2021  3 28 14  0 32.920  1.85   1
     2244  54.913623 -162.193913     2.113   -26602.7   -20891.0   -16926.1  14350.6   8866.3  13064.4 2021  3 28 15 23 35.070  1.16   1
     2245  54.864221 -162.209066     0.747   -27589.1   -26390.7   -18291.6  16201.0  13169.7  11609.3 2021  3 28 15 23 47.910  1.68   1
     2254  54.823446 -162.024235    16.459   -15764.1   -30930.0    -2579.8  21175.7   9748.8  35566.8 2021  3 30  2  0 38.900  1.20   1
     2258  55.333891 -161.666260     7.312     7119.9    25895.1   -11727.3  13084.7  15280.8  22908.8 2021  3 30  2 26 59.060  1.62   1
     2259  54.605021 -161.193001    11.562    37580.2   -55246.1    -7476.8  26056.6  15857.5  18973.4 2021  3 30  3 18 50.880  1.53   1
     2260  54.519405 -161.141781    36.651    40913.1   -64777.2    17612.4  22218.4  10877.4  31173.0 2021  3 30  3 36 20.850  1.73   1
     2264  55.036837 -161.711230     2.346     4273.5    -7174.3   -16692.5  19688.1  55508.1  19421.5 2021  3 30  6 26  6.590  1.18   1
     2269  54.502966 -162.552148    15.268   -49775.1   -66607.3    -3770.5  10643.5  10457.5  27238.4 2021  3 30 15  6 53.160  1.87   1
      227  55.143412 -161.620638    28.369    10047.5     4690.2     9330.0  37872.8  26057.7  44946.8 2021  1  8  0 53 59.840  1.89   1
     2276  55.321838 -161.412484    33.855    23275.5    24553.4    14815.8  22385.3  36476.8  22642.9 2021  3 31  1 17 22.640  2.47   1
      228  54.829159 -160.831982    31.051    60598.9   -30294.0    12012.4  28863.4  18549.8  72267.7 2021  1  8  0 53 55.350  2.16   1
     2280  54.708931 -161.086019    64.978    44394.3   -43678.3    45939.5  13416.7  12991.5  11437.2 2021  3 31  6 42 18.360  2.04   1
     2282  54.998535 -161.675732    24.093     6544.3   -11438.2     5054.2  27069.1  15899.3  18974.1 2021  4  1 16 25 50.050  1.16   1
     2286  55.152384 -160.901921    71.359    55894.5     5689.0    52319.9  12584.5  35905.1  19971.4 2021  4  2  0 36  6.520  2.25   1
     2288  54.557475 -160.993034    18.441    50453.0   -60539.1     -598.4  20203.2  18562.8  18101.2 2021  4  2  4 45 39.640  2.10   1
     2295  54.660445 -162.599902    12.509   -52743.5   -49076.0    -6529.8  14568.9  23616.2  23620.8 2021  4  2 11 51 29.560  1.22   1
     2308  55.199357 -161.509229     2.484    17143.3    10918.2   -16554.9  19317.1  17901.7  10828.2 2021  4  3  3 40  1.040  0.79   1
     2312  54.783150 -161.200879    30.494    36992.8   -35415.9    11455.2  18452.0  20687.2  44664.9 2021  4  3  5 56 27.620  2.25   1
     2317  55.159981 -161.916715     1.753    -8840.1     6534.7   -17286.1  44247.2  31213.2  34845.2 2021  4  3  7 59 54.220  1.09   1
     2318  55.383618 -161.761995     8.801     1026.0    31431.0   -10237.4  46946.2  24432.7  53683.2 2021  4  3  9 15 36.720  0.09   1
     2322  54.894963 -161.929688     1.441    -9699.4   -22968.4   -17597.1  25523.4  10210.7  18062.4 2021  4  3 12 42 23.080  0.95   1
     2323  54.564518 -161.607617    11.535    10956.5   -59755.0    -7503.9  21451.6  13084.0  19004.9 2021  4  3 12 42 24.150  1.14   1
     2325  54.636613 -160.923682     9.872    54856.2   -51729.1    -9167.3  18502.2  17961.0  17499.2 2021  4  3 14 58 12.570  1.52   1
     2328  54.957576 -162.264795     6.187   -31120.8   -15997.9   -12851.4  11120.2  11147.3  14548.9 2021  4  3 16 54 37.750  1.36   1
     2331  55.051090 -161.316211    26.751    29503.4    -5587.5     7712.0  25536.4  36813.2  56382.3 2021  4  3 18  4 24.800  1.57   1
     2334  54.495544 -162.939844    11.708   -74713.5   -67433.5    -7331.1  18758.8  13728.9  16266.5 2021  4  3 19  1 14.080  1.40   1
     2335  55.351396 -161.977100    22.637   -12661.4    27843.9     3598.5  54619.3  67523.5  75571.5 2021  4  4  2  0 31.060  0.85   1
      234  55.098539 -162.078564    15.731   -19178.4     -305.3    -3308.2   9382.7  12612.9  15722.2 2021  1  8  5 12 50.120  1.26   1
     2341  54.958822 -162.167822     2.442   -24919.4   -15859.3   -16596.9   9673.3  13339.5   9936.5 2021  4  4  7 15 59.730  0.78   1
     2343  55.312036 -161.693945     4.195     5359.3    23462.2   -14843.5  20894.8  25358.7  47577.3 2021  4  4  7 41 17.630  0.62   1
     2348  54.713826 -161.141341    30.338    40843.2   -43133.3    11298.8  20095.1  17354.2  59357.8 2021  4  4  9  4 30.340  2.62   1
      235  55.386060 -161.730518     4.528     3028.1    31702.8   -14511.0  39623.0  21771.9  40702.1 2021  1  8  5 44 29.680  1.47   1
     2351  55.551583 -162.415267    22.767   -40441.8    50129.6     3728.0 129271.2 142086.7 157009.5 2021  4  4 12 39 47.310  1.54   1
     2353  55.104305 -162.290690     5.769   -32716.9      336.6   -13270.1  24546.0  26704.2  27754.9 2021  4  4 12 47 10.570  1.51   1
     2355  55.366524 -161.284717    37.947    31391.2    29528.0    18908.3  13582.0  54723.8  21539.9 2021  4  4 14 44 30.330  1.21   1
     2359  54.979329 -162.349268     6.392   -36512.7   -13576.3   -12646.5  12289.7  14482.4  18616.0 2021  4  4 16 51  4.390  0.61   1
     2361  55.377661 -162.462174    20.188   -43514.0    30767.9     1149.6 116167.6 109278.0 165072.9 2021  4  4 17 43 37.320  1.53   1
     2365  55.131844 -161.731820     6.342     2954.6     3402.3   -12696.9  18437.8  16134.0  39358.1 2021  4  4 19 45 27.260  0.46   1
     2366  55.305941 -161.718197     4.650     3815.6    22783.6   -14389.4  19259.3  11354.6  24034.5 2021  4  4 21 17 28.340  0.24   1
     2368  54.972575 -160.744548    36.539    66081.3   -14328.3    17500.0  13080.3  26231.4  35576.9 2021  4  4 21 48  5.800  2.12   1
     2369  54.561129 -161.029085     8.345    48134.0   -60132.4   -10693.7  15354.4  15153.5  16355.7 2021  4  4 22 23 56.000  1.85   1
      237  55.095341 -161.614144    18.109    10468.1     -661.4     -929.5  26424.6  20340.8  13571.6 2021  1  8  8 35 34.340  0.99   1
     2376  55.167497 -161.793734    30.049     -995.5     7371.4    11010.2  27785.5  39281.5  23923.2 2021  4  5  6 59 33.530  1.24   1
     2378  54.993184 -162.286458     0.590   -32491.7   -12033.9   -18449.0  10216.9   6324.4  11875.7 2021  4  5 20 54 26.720  1.65   1
     2381  55.228088 -162.226790    15.670   -28594.1    14116.7    -3368.7  97005.4  88965.3  86021.1 2021  4  5 21 22  5.160  0.53   1
     2383  55.141541 -161.904525     4.198    -8064.3     4481.8   -14840.7  13424.6  20713.2  10291.8 2021  4  5 21 45 57.120  0.70   1
     2384  55.327620 -161.820199    14.751    -2678.1    25197.1    -4287.7  45692.4  42692.1  34915.9 2021  4  5 21 46 13.400 -0.10   1
     2387  55.536178 -161.437793    13.909    21606.3    48414.6    -5130.1  23945.4  34003.4  38075.4 2021  4  5 23  6 12.900  0.79   1
     2389  54.988896 -161.691243    17.427     5553.6   -12511.3    -1612.3  25027.3  17874.8  16699.3 2021  4  5 23 15 39.920  1.11   1
      239  55.145089 -161.617627    25.533    10239.4     4876.8     6493.8  13927.3  17032.9  22953.6 2021  1  8 10 31 29.280  1.82   1
     2393  54.495329 -161.807894    10.456    -1914.5   -67457.5    -8583.1   9123.6   8124.7  12311.6 2021  4  6  2 29 11.560  1.67   1
     2396  55.569381 -161.596973     4.413    11495.8    52111.0   -14626.1  44466.0  52343.1  60417.9 2021  4  6  5 51 59.670  1.17   1
     2401  54.939006 -162.795801    16.676   -65091.8   -18065.3    -2363.2  14764.0  24806.1  47979.5 2021  4  6  9  4 31.260  1.26   1
     2404  55.328552 -161.850212    26.842    -4588.4    25300.8     7802.8  55875.2  39312.1  47618.6 2021  4  6 12  0 16.940  0.42   1
     2406  55.120748 -161.903174    12.063    -7980.2     2167.1    -6976.1  21098.4  23728.9  24098.3 2021  4  6 12 22 51.320  1.42   1
     2408  55.137382 -161.785221    15.077     -452.8     4018.9    -3961.7  14133.6  19116.8  28048.8 2021  4  6 13  5 21.680  1.63   1
     2413  55.309961 -161.409782    15.819    23451.0    23231.2    -3220.2  11540.8  30515.1  43089.6 2021  4  6 16  8 30.830  1.16   1
     2414  55.209546 -161.807536     6.991    -1874.8    12052.5   -12047.7  25900.0  24095.0  37270.4 2021  4  6 16  8 56.720  1.09   1
     2415  55.314136 -162.448112    23.597   -42653.3    23695.9     4558.5  65191.7  54731.6  56031.2 2021  4  6 17  3 39.680  1.64   1
     2417  55.275069 -162.227604     3.636   -28629.1    19346.8   -15402.8 173979.3 194406.2 246337.1 2021  4  6 17 23 56.500  0.40   1
     2419  55.234029 -162.119482    21.939   -21753.6    14778.1     2899.9  43353.6  35655.1  30015.8 2021  4  6 17 54 39.500  0.90   1
     2425  54.759806 -163.490706    41.331  -109782.3   -38014.6    22291.8  20274.0  34984.0  36479.9 2021  4  6 22 55 41.080  1.48   1
     2427  55.075838 -162.080843     5.927   -19329.3    -2832.5   -13112.2  11859.7   8446.3  14482.5 2021  4  7  0  8 20.600  0.81   1
     2430  55.241968 -161.426156    20.989    22427.6    15661.8     1950.3  25601.2  34047.7  13186.9 2021  4  7  0 23  8.470  1.63   1
     2434  55.275366 -161.839046    19.693    -3880.3    19379.9      654.4  60779.1  52007.6  52665.5 2021  4  7  3  3  1.320  0.42   1
     2437  55.012618 -162.339063    10.754   -35845.4    -9870.5    -8284.7  16766.9  26676.2  33227.8 2021  4  7  5 21 24.330  1.39   1
     2439  54.905265 -160.735954    13.214    66686.4   -21821.5    -5825.3  15701.0  33109.2  27374.7 2021  4  7  6 10 40.980  1.21   1
     2440  55.515898 -161.478158     2.962    19048.6    46157.0   -16077.3  30907.8  39572.1  38336.3 2021  4  7  6 28 26.270  0.81   1
     2449  54.585946 -161.307715    11.619    30219.7   -57369.6    -7419.4  14074.2  11084.1  11429.2 2021  4  7 14 31 21.220  1.16   1
     2452  55.019840 -162.310059     4.502   -33988.9    -9066.4   -14536.6  24001.7  13203.6  28685.1 2021  4  7 19 33  8.000  1.52   1
     2455  55.117729 -161.939925     4.327   -10325.9     1831.0   -14711.7  21454.2  18968.4  27793.7 2021  4  7 21 34 12.160  1.49   1
     2457  55.110673 -161.648519    12.276     8272.1     1045.5    -6762.8  16485.5  13831.0  13260.6 2021  4  7 23 59 13.480  0.87   1
     2459  55.381222 -162.643050     0.657   -55017.4    31164.2   -18381.5  17507.7  42327.0  23430.5 2021  4  8  0  8  6.870  1.70   1
     2461  54.734969 -160.954883    32.978    52788.9   -40779.6    13939.5  15143.6  24775.1  52754.2 2021  4  8  6 13 37.220  2.84   1
     2464  55.166602 -161.924382     5.433    -9328.3     7271.7   -13605.4  20988.3  21058.3   7298.5 2021  4  8  6 34 29.010  0.88   1
     2468  55.254700 -161.341488     2.631    27818.3    17079.2   -16407.4  13114.1  14912.5  11072.8 2021  4  8  8 22 48.820  1.18   1
      247  55.196842 -161.524805     3.001    16150.8    10638.3   -16038.2  29093.6  27308.4  39882.6 2021  1  8 13 37 34.090  0.87   1
     2470  55.347030 -161.683545     7.160     6018.8    27357.8   -11879.2  18724.3  19852.6  38656.6 2021  4  8  8 26 22.030  0.22   1
     2473  55.283993 -162.046305    12.805   -17079.6    20340.2    -6233.7  51937.5  56754.9  39955.0 2021  4  8 12 52 48.230  1.68   1
     2476  55.390556 -162.047347    35.321   -17123.1    32203.3    16282.0 102069.6  96315.9  81750.0 2021  4  8 17 12 40.580  2.24   1
     2478  55.562016 -161.394531     1.109    24344.9    51291.1   -17930.2  35819.4  40900.6  31019.1 2021  4  8 21 11 55.400  2.14   1
      248  55.173560 -161.902230     6.383    -7914.8     8046.3   -12655.7  25532.4  17012.5  20518.4 2021  1  8 13 48  1.810  1.55   1
     2484  54.586963 -161.395654    10.878    24570.1   -57256.4    -8160.9  17870.4  13288.9   6399.3 2021  4  9  7  9  5.640  2.24   1
     2491  54.449451 -161.743262    13.968     2243.4   -72564.9    -5071.2  29173.9  11336.5  17970.0 2021  4  9 10 54 41.650  1.24   1
     2493  54.427209 -161.470833     8.604    19779.4   -75040.9   -10434.5  15885.8   9594.1  25797.6 2021  4  9 12 25 25.340  2.34   1
     2500  54.558793 -162.621208    15.977   -54178.8   -60392.4    -3062.2  24703.8  15640.1  27534.8 2021  4  9 17 31 25.320  1.43   1
     2505  54.930046 -163.025537    12.029   -79794.8   -19062.8    -7010.1  16341.8  14637.9  39427.2 2021  4  9 21 15  7.200  1.73   1
     2511  54.853951 -161.965413     3.337   -11991.8   -27534.0   -15701.4  22512.5  14939.1  32985.0 2021  4 10  5  2 32.120  1.59   1
     2512  54.443026 -162.145654    56.257   -23652.2   -73280.1    37218.1  41180.7  11927.4  15174.1 2021  4 10  7  1 58.970  1.90   1
     2516  55.124158 -162.332601    40.564   -35383.4     2546.7    21524.7  45882.0  47028.6  22080.4 2021  4 10  9 41 55.700  2.49   1
     2517  54.592114 -161.293913    13.739    31104.0   -56682.9    -5299.5  12909.2  12867.9  11719.4 2021  4 10 12 37 54.850  1.88   1
     2518  54.695085 -163.165641    50.784   -89015.8   -45219.8    31745.0  15371.0  19412.3  33675.8 2021  4 10 12 56 42.600  2.25   1
      252  55.410518 -160.642871    16.965    72186.4    34425.7    -2074.3  24159.4  57450.5  62353.0 2021  1  8 17  2 42.800  1.77   1
     2527  55.221261 -161.755322    17.202     1453.4    13356.6    -1837.3  20391.3  17581.2  17160.3 2021  4 10 21 17  4.660  0.46   1
     2531  55.005680 -162.444808     9.332   -42606.5   -10642.8    -9707.3   8746.6  17720.3  28557.9 2021  4 11  5  0 43.940  1.67   1
     2532  54.912732 -162.645003    11.539   -55464.6   -20990.2    -7499.7  21385.0  20746.8  51243.9 2021  4 11  5  0 55.400  1.79   1
     2541  54.598629 -161.270947    13.897    32576.6   -55957.7    -5141.6  14457.3   9567.0   9569.1 2021  4 12  0 21 39.050  1.98   1
     2546  55.139762 -161.747249     8.781     1969.9     4283.8   -10257.7  42401.2  17539.0  45925.5 2021  4 12  6 31 26.780  1.62   1
     2548  55.623197 -160.700179    72.873    68359.7    58102.1    53834.1  23016.5  35942.2  23206.4 2021  4 12 11 38 48.060  1.97   1
     2550  54.543046 -162.398014    52.425   -39843.5   -62145.4    33385.8  26325.7  11701.0  14627.0 2021  4 12 14  8 29.100  2.10   1
     2551  54.615511 -161.515088    44.569    16891.7   -54078.3    25530.3  22410.1  16027.4  23520.2 2021  4 12 15 41  5.600  1.45   1
     2552  55.093046 -160.379753    10.451    89270.4     -916.8    -8587.6  14316.7  26188.4  14194.7 2021  4 12 15 47 39.630  1.46   1
     2554  54.958203 -162.244482     2.754   -29821.7   -15928.2   -16285.4  10099.4   6950.7   8729.4 2021  4 12 17 26 46.580  1.18   1
     2557  55.372583 -161.720996    20.692     3634.3    30202.5     1653.5  23332.9  41467.6  17243.0 2021  4 12 18 43 41.260 -0.03   1
     2565  55.305233 -162.028141    32.679   -15918.5    22704.8    13639.9  69501.4  76769.6  40777.8 2021  4 13  5 39 55.260  0.56   1
     2566  54.912630 -161.595964    75.344    11655.1   -21001.6    56305.4  13673.2  22572.0   4720.8 2021  4 13  6 28 53.840  1.39   1
      257  55.365308 -161.844922    16.881    -4249.8    29392.6    -2158.3  52662.0  39400.7  44133.8 2021  1  8 18 58  2.720 -0.28   1
     2571  55.346883 -161.943294     5.869   -10510.8    27341.5   -13169.9  54676.4  41286.4  56853.4 2021  4 13  7 38 27.280  0.23   1
     2574  55.358655 -161.774040     3.957      259.9    28652.0   -15081.5  15230.7  12394.9  24228.0 2021  4 13  9 23 14.250  1.18   1
     2582  55.511275 -161.819906    31.031    -2653.3    45642.4    11992.2  33371.4  40118.4  26246.8 2021  4 13 14 40 53.780  0.64   1
     2585  54.600826 -161.259277    13.490    33325.3   -55713.1    -5549.2  11710.1  11808.9   7402.2 2021  4 13 19  5 24.400  1.49   1
     2586  55.656978 -161.737598    12.620     2569.0    61862.8    -6418.9 117840.2  78124.7 133945.5 2021  4 13 19 12 57.720  0.67   1
     2589  55.339181 -161.870280    17.483    -5865.0    26484.0    -1556.1  42885.5  48661.8  45451.2 2021  4 13 22 48  5.400  0.10   1
     2594  55.184790 -161.744222    18.769     2161.9     9296.5     -270.2  19574.1  21048.0  14689.0 2021  4 14  4  2 17.690  0.46   1
     2596  54.668656 -160.800000     8.333    62771.9   -48161.9   -10705.8  39737.9  19675.0  32487.9 2021  4 14  4 20 53.440  1.58   1
      260  55.336580 -161.818490    13.844    -2569.0    26194.6    -5194.5  31280.3  39618.9  25408.4 2021  1  8 21 38 15.600  0.19   1
     2600  55.300212 -161.054753    30.772    46060.0    22145.8    11733.5  17019.5  38939.7  53453.5 2021  4 14  6 13 39.350  1.43   1
     2601  55.379407 -161.782064    35.376     -250.6    30962.2    16337.0 147112.8 125058.6  76514.7 2021  4 14  6 14  3.960  2.00   1
      261  54.998104 -161.607243    19.862    10921.8   -11486.2      823.5  11903.6   5139.2  34376.8 2021  1  8 22 26 41.180  1.20   1
     2610  54.567049 -162.437663    36.432   -42379.4   -59473.3    17392.8  53397.8  21416.6  42984.8 2021  4 14 11 29 11.100  1.41   1
     2618  54.500464 -162.643831    47.816   -55672.7   -66885.9    28777.3  20697.4  10812.5  10150.5 2021  4 14 15 49 47.910  1.35   1
     2624  55.127568 -161.905794    22.534    -8146.7     2926.3     3495.1  27859.2  22401.9  27279.4 2021  4 14 18 31  3.280  0.30   1
     2628  55.103495 -161.816471    22.673    -2447.7      246.4     3634.3  17688.8  16493.2  25545.6 2021  4 14 21 41 54.520  0.48   1
     2630  54.941951 -162.275765     4.861   -31828.5   -17737.4   -14177.6   8737.5  10592.6   8681.9 2021  4 15  1 35  0.950  0.90   1
     2633  55.232922 -161.248145    25.670    33774.3    14654.9     6630.9  15227.7  21782.9  52217.5 2021  4 15  9 18 20.680  1.52   1
     2636  55.264909 -161.541520    28.446    15072.2    18215.7     9406.6  18469.6  30062.4  18341.4 2021  4 15 20 46 43.880  0.46   1
     2637  54.568819 -161.839355    67.452    -3934.4   -59276.2    48413.0  25949.6  16656.3  12357.7 2021  4 15 22  7 22.060  1.61   1
     2638  54.665763 -160.658968    22.147    71825.3   -48484.0     3108.5  26229.2  28008.4  25443.0 2021  4 15 22 24 39.720  3.27   1
     2639  54.837150 -160.548389     7.724    78754.8   -29404.4   -11314.7  26069.8  18204.0  21012.0 2021  4 15 22 26 54.420  1.01   1
     2643  54.469971 -161.703060    11.754     4829.2   -70280.5    -7285.0  13858.2  13179.7  14534.6 2021  4 16  2 36 18.520  1.70   1
     2651  55.264303 -162.402669    18.217   -39785.1    18148.2     -822.4  55000.3  50838.3  43394.5 2021  4 16 13  3 14.510  0.92   1
     2656  54.837805 -161.239876    31.913    34470.3   -29331.4    12874.4  14419.3  19943.8  39305.1 2021  4 16 18 38 25.040  1.78   1
     2659  55.232121 -162.090690    18.650   -19919.2    14565.6     -388.7  55035.4  50350.7  46772.3 2021  4 16 19 46  4.080  0.63   1
     2664  54.613627 -160.740918    20.786    66608.7   -54288.0     1747.1  38910.1  36173.6  35094.2 2021  4 17  0 33 29.140  1.66   1
     2665  54.885750 -160.893034    46.654    56648.9   -23994.0    27615.6  10529.5   9015.9  23798.7 2021  4 17  1 13 18.740  1.82   1
     2674  54.569006 -162.904150    36.726   -72352.4   -59255.4    17687.3  20700.7  19143.0  30226.8 2021  4 17  4 24 14.050  1.80   1
     2677  55.360836 -161.630469    14.905     9394.7    28894.8    -4133.5  15275.6  36842.5  28811.4 2021  4 17  6 49 56.330  0.13   1
     2679  54.912610 -161.469840    22.936    19724.7   -21003.8     3897.4  29916.5  10767.6  19207.3 2021  4 17  7 53 43.830  1.87   1
      268  55.108053 -161.892236    13.674    -7283.4      753.8    -5364.9   9066.8   9116.7  23597.5 2021  1  9  2 39 24.400  1.28   1
     2683  54.585486 -161.433870    21.187    22115.5   -57420.8     2147.8  18315.0  15738.4  15981.1 2021  4 17  8  2 40.880  1.45   1
     2687  55.187032 -162.079232    10.347   -19199.8     9546.1    -8691.5  38679.1  38951.3  54249.2 2021  4 17  8 43 26.010  1.55   1
     2688  55.345178 -161.989128    14.198   -13427.8    27151.7    -4840.5 202261.4 193994.5 173888.8 2021  4 17  9 10 45.410  0.10   1
     2694  54.927714 -161.503516    22.855    17566.8   -19322.4     3816.6  20223.5  14486.4   9683.1 2021  4 17  9 38  4.120  1.46   1
     2698  54.942814 -161.512728    23.541    16974.3   -17641.4     4502.3  29635.5  18638.0  18623.1 2021  4 17  9 51 22.770  1.79   1
       27  54.977026 -162.931706     1.509   -73749.5   -13832.7   -17529.7  19412.6  41838.4  24081.6 2021  1  2  0 27 55.440  2.41   1
     2701  55.349540 -161.829525     9.652    -3270.8    27637.3    -9386.8  47264.7  31124.7  41897.2 2021  4 17  9 56 18.700  0.49   1
     2702  54.826632 -161.251221    30.906    33748.4   -30575.3    11867.3  11019.5  27271.8  44338.1 2021  4 17 11 36 47.040  2.62   1
     2703  55.212699 -162.110335     9.789   -21176.3    12403.5    -9250.1  66733.8  60487.1  69219.4 2021  4 17 11 37 15.470  2.45   1
     2707  54.672473 -160.654753    21.813    72089.8   -47737.0     2773.8  21495.2  25272.7  21393.1 2021  4 17 16 10 16.630  2.11   1
     2708  54.471305 -163.120313     4.341   -86345.7   -70131.9   -14697.4   8463.6  14811.6  17442.7 2021  4 17 16 11 43.130  1.25   1
     2712  54.846012 -161.400765    22.589    24164.3   -28417.8     3550.2  17809.2  12147.3  16343.8 2021  4 17 17 39 28.560  0.95   1
     2713  55.167537 -161.954915     4.082   -11275.6     7375.9   -14957.1  15561.5  22708.5  12086.8 2021  4 17 17 39 54.120  0.21   1
     2716  54.831051 -161.440804    28.438    21604.4   -30083.4     9399.3  30901.6  16818.7  41478.5 2021  4 17 18 50 41.920  0.99   1
     2717  55.163810 -161.962858     4.516   -11782.7     6961.0   -14523.0  21063.9  14707.9  15697.7 2021  4 17 18 51  7.560  0.49   1
     2720  55.622156 -161.959505    19.470   -11502.7    57986.1      430.8 259211.5 149383.4 213028.8 2021  4 17 22 13 42.680  0.09   1
     2721  54.599520 -161.287793    14.060    31494.3   -55858.5    -4979.0  10593.1  11401.9  12150.3 2021  4 17 23  4  5.220  1.21   1
     2722  55.505705 -161.449495    16.431    20871.4    45022.3    -2607.8  18081.0  30790.6  54728.6 2021  4 17 23  7 17.760  0.68   1
     2725  55.132202 -161.693669     4.756     5389.0     3442.2   -14283.3  13976.8  19649.6  32924.0 2021  4 18  1  8 14.120  1.27   1
     2729  55.293864 -162.067546    31.232   -18430.0    21439.2    12192.7  59436.5  47011.0  49521.2 2021  4 18  2 19 58.740 -0.05   1
      273  55.066370 -162.361719     4.709   -37268.3    -3886.6   -14329.7  16240.2  31774.5  63336.2 2021  1  9  5 23 33.320  1.49   1
     2732  54.830684 -161.786702     0.666     -549.4   -30124.2   -18372.8   7520.4  17030.6  13596.2 2021  4 18  4 29 48.710  0.54   1
     2734  55.487345 -161.838037    27.009    -3805.9    42978.4     7969.7  36029.5  47475.4  31390.3 2021  4 18  7 30  6.020  0.36   1
     2735  55.475594 -161.820719    28.660    -2706.2    41670.2     9621.3  39432.6  38656.8  26671.3 2021  4 18  7 34 34.780  0.49   1
     2736  55.451290 -162.492269    51.295   -45386.5    38964.6    32256.2 365677.0 333287.7 310476.6 2021  4 18  7 36  1.770  1.03   1
     2741  54.568180 -161.301904    13.102    30599.7   -59347.4    -5937.3   7840.6   6831.1   4516.7 2021  4 18  9 38  6.980  2.18   1
     2744  55.021688 -161.475049    32.247    19365.2    -8860.8    13208.5  27893.0  12421.5  19587.2 2021  4 18 10 21 16.440  1.61   1
     2746  54.838969 -161.382829    19.926    25315.0   -29201.9      886.9  15728.1  18616.0  28136.7 2021  4 18 11 38 33.000  0.77   1
     2747  55.098946 -161.802799     3.538    -1575.1     -260.0   -15500.7  14360.1  28830.5  37709.1 2021  4 18 11 38 58.560  0.19   1
     2748  54.575277 -162.318132    63.886   -34695.3   -58557.4    44847.0  16694.8   4887.4  14729.4 2021  4 18 12  5 33.330  2.27   1
      275  55.396322 -161.851823    11.503    -4687.0    32845.2    -7535.5  51721.2  17961.1  44276.0 2021  1  9  6 59 27.150  0.52   1
     2753  55.174329 -162.740072    30.569   -61347.3     8131.9    11530.3  21142.0  31358.5  45161.7 2021  4 18 14 24 54.030  1.15   1
     2756  55.294975 -161.724626     8.935     3406.7    21562.8   -10104.3  31616.7  28911.8  31705.1 2021  4 18 14 42  9.890  0.53   1
     2757  55.253341 -162.047868    16.442   -17185.7    16927.9    -2597.3  55617.2  52348.5  45851.1 2021  4 18 14 42 27.120  0.03   1
     2758  55.424215 -161.755469     5.852     1440.4    35950.4   -13186.8  46034.3  41192.1  47426.3 2021  4 18 15  3 57.790 -0.51   1
     2760  54.850138 -161.482764    23.838    18912.5   -27958.5     4799.3  26775.0  14172.9  20360.3 2021  4 18 15 39 10.190  0.76   1
     2764  54.617668 -161.675293    13.637     6603.5   -53838.2    -5401.8  17931.6  11433.2  10868.7 2021  4 18 15 54 32.050  1.30   1
     2766  55.305827 -162.306755    35.921   -33657.6    22770.9    16881.8  56207.7  63055.5  66207.2 2021  4 18 15 59 52.010  0.83   1
     2768  55.238782 -161.611328    13.971    10628.8    15307.1    -5067.5  22022.6  18235.9  30330.4 2021  4 18 17 44 21.100  1.06   1
     2769  55.308708 -161.413525     2.438    23213.0    23091.6   -16601.2   7049.8  16528.2  18397.8 2021  4 18 17 44 44.400  1.86   1
     2770  55.307194 -161.256201    16.583    33230.1    22923.1    -2455.7  33884.3  43363.3  45012.1 2021  4 18 19  6  6.680  1.08   1
     2771  55.367192 -161.483447    20.990    18747.6    29602.3     1951.6  21619.5  30330.8  44105.1 2021  4 18 19  6 33.260  1.36   1
     2782 ********** 1290.825651 ********* ********** ********** ********** ******** ******** ******** 2021  4 19  9 55 40.650  0.57   1
     2787  55.500317 -162.211117    24.263   -27501.3    44422.5     5223.8 243444.7 211608.8 133249.6 2021  4 19 12  1 29.850  1.41   1
     2788  54.946928 -162.258154     3.465   -30700.2   -17183.4   -15573.9  14235.2   8338.5  23072.4 2021  4 19 12  6  6.530  1.42   1
     2796  54.878243 -161.421582    29.740    22822.1   -24829.7    10701.2  21358.3  14215.6  47531.6 2021  4 19 18 32 55.280  2.47   1
     2798  55.036112 -161.756934    32.273     1353.8    -7254.9    13234.0  25939.5  33838.1  41734.3 2021  4 19 19 54  8.060  0.85   1
     2799  54.418457 -163.041423    18.961   -81323.4   -76015.2      -78.4  22618.4  18019.5  18475.7 2021  4 19 21 14  9.060  2.30   1
       28  54.435042 -161.344189    11.165    27928.4   -74168.9    -7874.1  19515.3  12983.0  10180.3 2021  1  2  0 27 48.240  2.24   1
     2800  55.005782 -162.162907     3.030   -24590.7   -10631.5   -16009.3  23873.1   7757.3  15776.4 2021  4 19 21 14 32.520  1.94   1
     2803  54.692570 -161.460970    11.546    20347.6   -45499.7    -7492.7  14098.0  24987.8  23106.8 2021  4 20  1 28 25.890  1.69   1
     2805  54.923372 -161.031527    55.856    47762.6   -19805.7    36817.5  11177.5  15493.4  14015.3 2021  4 20  1 51 26.920  2.47   1
     2806  55.277165 -161.650537     4.583     8126.4    19580.1   -14455.6  10906.0  11415.3  32500.8 2021  4 20  6 49  1.970  0.19   1
      281  54.995260 -162.811003     3.297   -66017.9   -11802.9   -15741.7  16720.3  25566.3  31691.0 2021  1  9  7 49 11.060  1.53   1
     2810  55.331946 -161.654329     5.921     7879.4    25678.6   -13118.1  13334.4  11605.5   5768.8 2021  4 20 11  9 42.210  0.27   1
     2811  54.858907 -163.324056    13.978   -98977.9   -26982.3    -5060.9  18009.9  28580.8  27841.1 2021  4 20 13 14  9.240  1.67   1
     2814  55.362496 -161.034603    34.212    47306.1    29079.6    15172.8  23589.2  62432.9  61783.8 2021  4 20 19 58 23.520  2.55   1
     2816  55.166630 -161.186979    10.424    37703.4     7274.9    -8615.2  34179.0  42161.3 194150.3 2021  4 20 22 13 20.260  1.19   1
     2821  54.466243 -161.728695     9.656     3180.2   -70695.4    -9383.3  18773.1  11031.2  10324.2 2021  4 21 20 54 59.800  2.00   1
     2822  54.568319 -162.392969    20.495   -39506.9   -59331.9     1456.0  23976.7  13636.4  13651.5 2021  4 21 22 14 14.160  1.69   1
     2826  55.313228 -161.764681     7.931      855.9    23594.9   -11107.8  34050.2  29801.2  28488.2 2021  4 22 22 41 37.880  1.05   1
     2829  54.944828 -162.280062     5.420   -32102.2   -17417.1   -13618.8   7510.3  10812.4  13358.9 2021  4 22 23 25 31.320  1.60   1
     2835  54.484351 -161.601514     7.619    11359.9   -68679.7   -11419.4  17522.3  12126.3  24053.5 2021  4 23  2  3 39.890  1.50   1
      284  54.729513 -161.604183    11.497    11154.5   -41387.1    -7542.3  33045.9  22053.0  19627.5 2021  1  9  7 54 29.300  1.46   1
     2841  54.980501 -162.291813     2.722   -32839.2   -13445.8   -16316.6  18009.9   5865.8  12878.0 2021  4 23  7 50 18.880  1.59   1
     2844  54.933252 -162.226855     2.703   -28703.4   -18705.9   -16336.2   9512.1   5661.1   9424.0 2021  4 23 11 41 11.670  1.04   1
     2845  54.580505 -161.263265    13.612    33077.5   -57975.3    -5426.8   9459.8   8018.3   7730.5 2021  4 23 12 16 49.890  1.70   1
     2849  54.946354 -161.827507    15.466    -3158.2   -17247.3    -3573.1  50275.9  20156.4  29417.1 2021  4 23 16 20 14.920  0.71   1
     2850  55.293111 -163.662646    20.382  -120005.6    21355.4     1343.2  43905.6  83770.7  48206.8 2021  4 23 17 36  6.620  1.87   1
     2859  54.453455 -162.119987    55.237   -21997.5   -72119.2    36198.1  34106.8   7112.8   9939.3 2021  4 24  0  7 27.070  1.88   1
     2868  54.581921 -162.668604    15.817   -57208.3   -57817.6    -3221.4  16953.9   6981.0  38131.7 2021  4 25  0  1 39.480  2.02   1
     2870  54.704980 -161.482438    54.705    18967.4   -44118.1    35666.5  24539.6  18205.9  20272.2 2021  4 25  1 44 56.490  2.18   1
     2874  55.359880 -162.290072    34.113   -32573.4    28788.3    15074.4  67440.1  33279.3  51976.5 2021  4 25  7 59 53.270  1.04   1
     2876  55.315226 -161.722526     9.911     3539.5    23817.3    -9127.9  28864.9  28015.4  17530.3 2021  4 25 11 37 11.460  0.45   1
     2878  54.444775 -162.178027    10.945   -25734.9   -73085.4    -8093.8  48317.7  14528.3  22133.7 2021  4 25 16 49  8.660  1.86   1
     2879  55.374674 -162.005518    49.105   -14465.5    30435.4    30066.2  27151.4  38519.1  29891.1 2021  4 25 18 17 42.720  1.49   1
     2881  55.381555 -161.836849    16.008    -3735.4    31201.4    -3030.9  49046.4  33996.7  44874.1 2021  4 25 21  1 23.480 -0.14   1
     2882  55.484119 -161.684277    27.379     5961.9    42619.2     8340.3  16507.6  28886.2  26179.2 2021  4 25 21  3 29.240  1.13   1
     2884  54.944031 -161.909880    33.385    -8426.7   -17505.9    14346.2  46234.1  35836.4  61893.1 2021  4 25 22 39 21.540  2.01   1
     2886  54.588493 -161.188965    12.164    37847.2   -57086.1    -6875.1  13601.6  21116.6  13183.1 2021  4 26  8 18  4.140  1.60   1
     2889  54.977507 -161.512744    32.702    16966.0   -13779.2    13663.2  31736.6  28628.3  30374.0 2021  4 26 13  9 48.920  1.45   1
     2898  55.353499 -161.819808     6.979    -2652.4    28078.0   -12059.8  58980.5  52016.1  42319.6 2021  4 26 18 16 45.720  1.18   1
      290  54.627535 -161.416895     8.694    23194.0   -52739.7   -10344.5  27125.3  28577.7  24961.7 2021  1  9  9  8 15.120  1.95   1
     2902  55.463700 -161.442041    15.259    21356.0    40346.1    -3779.9  26027.8  32888.4  46212.7 2021  4 27  2 33  7.710  1.55   1
     2904  55.159233 -161.572298     2.579    13128.9     6451.4   -16460.3  30058.9  28194.1  11131.4 2021  4 27  4 51 55.710  2.75   1
     2913  55.362553 -161.914111     7.981    -8652.0    29085.9   -11058.3 128088.8 172008.0 215155.4 2021  4 27 13 14 41.590 -0.12   1
     2917  55.375081 -161.945361     9.526   -10638.6    30480.7    -9512.6 139939.6  99505.1 139571.5 2021  4 27 17 28 10.480  1.79   1
     2919  55.137077 -161.892057     8.959    -7269.3     3984.9   -10079.5  35513.3  20896.7  33278.5 2021  4 27 19 30  8.380  1.12   1
     2925  55.106071 -161.972054     2.754   -12378.2      533.2   -16284.7  28085.7  14310.5  13697.7 2021  4 27 23 34 13.340 -0.16   1
     2930  54.841728 -160.982129    46.896    50974.3   -28894.8    27856.8  10564.0   9205.7  14985.5 2021  4 28  4 31 26.400  2.81   1
     2934  54.638033 -162.934115    65.871   -74214.5   -51571.0    46832.5  21212.0  18723.9  18155.2 2021  4 28 10 22 59.470  1.63   1
     2938  55.133740 -162.576774    24.489   -50958.9     3613.4     5449.9  29772.0  26441.3  17520.0 2021  4 29  0 13 20.440  1.43   1
     2939  55.158614 -161.872054    14.360    -5991.4     6382.5    -4678.9  33933.6  44067.7  46610.9 2021  4 29  1 20 18.050  0.17   1
      294  54.572078 -161.649756    41.242     8248.0   -58913.4    22202.7  27932.2  17394.5  31064.1 2021  1  9 10 26 48.490  1.54   1
     2940  55.220028 -162.135693    11.766   -22790.6    13219.4    -7272.6  74587.2  60778.4  79805.0 2021  4 29  1 20 37.810  0.42   1
     2941  55.219694 -160.864339    76.551    58242.9    13182.2    57512.5  16710.5  60403.7  17401.7 2021  4 29  3 54 27.220  1.36   1
     2956  55.424976 -161.829655    13.728    -3276.0    36035.1    -5311.0  62355.9  41558.1  61439.4 2021  4 29 15 32 37.280 -0.03   1
     2957  54.779142 -162.763558    30.291   -63154.5   -35862.1    11252.2  23943.6  30090.1  14591.4 2021  4 29 16 48  0.860  1.42   1
     2960  55.231417 -161.785465     5.648     -467.8    14487.2   -13390.9  22152.9  27442.5  28917.3 2021  4 29 17 56  1.200  0.36   1
     2970  55.433089 -161.693197     0.729     5398.7    36938.4   -18309.6  30816.5  42471.7 177858.4 2021  4 30  8 27 27.920 -0.46   1
     2978  55.184131 -161.938770    29.196   -10243.7     9223.2    10156.7  29749.0  42721.5  33136.6 2021  4 30 14 16 28.880  0.33   1
     2980  55.360819 -161.274349    38.464    32053.1    28893.0    19425.2  20937.5  49072.7  27353.7 2021  4 30 14 18 16.780  1.95   1
     2984  54.660380 -163.101188    36.902   -84917.2   -49083.2    17863.3  35341.8  19760.7  39217.2 2021  4 30 15 17 24.990  1.43   1
     2987  55.160734 -162.220964     0.656   -28246.4     6618.5   -18383.3   8321.6  26887.4  23736.3 2021  4 30 17 52 40.100  1.39   1
     2989  54.989176 -163.005632     8.694   -78463.9   -12480.1   -10344.9  21588.2  34978.9  54338.1 2021  4 30 18 21 47.520  1.66   1
     2991  55.037626 -162.867594    16.854   -69598.4    -7086.4    -2184.5  11505.9  36462.0  46494.8 2021  4 30 18 24 22.800  1.27   1
     2992  55.063900 -162.843571     8.713   -68041.5    -4161.5   -10326.1  10311.3  26670.4  34862.4 2021  4 30 18 25 56.400  0.99   1
     2994  55.061080 -162.867562     3.145   -69576.0    -4475.5   -15894.0  11665.6  26085.0  18177.6 2021  4 30 18 46 13.280  1.04   1
     2995  55.062695 -162.821794    16.015   -66651.7    -4295.6    -3024.3  16490.0  39971.0  49362.2 2021  4 30 19 41 19.340  0.97   1
     2997  54.567961 -161.483431    10.295    18935.7   -59371.8    -8743.7  14201.2  17384.5  12772.7 2021  4 30 19 47 23.480  2.30   1
     2999  54.581327 -161.350293    10.503    27486.0   -57883.8    -8536.3  12346.8  11882.9  20449.6 2021  4 30 20 24 54.900  1.41   1
       30  55.313440 -160.996696    81.617    49748.5    23618.4    62577.8  21879.2  58604.3  11476.4 2021  1  2  2 46 14.660  2.23   1
     3001  54.882149 -161.793864     2.847    -1007.4   -24394.9   -16191.9  29926.1  15705.4  10298.0 2021  4 30 23 15 36.040  1.28   1
     3004  54.542558 -161.842448    11.151    -4134.4   -62199.8    -7888.0  23461.3  10925.9  29093.8 2021  5  1  0 22 15.070  1.77   1
      301  54.577295 -161.316634    30.531    29649.9   -58332.7    11491.8  20653.0   9307.8  33275.8 2021  1  9 13 44 32.670  1.66   1
     3010  54.595068 -161.247998    13.077    34052.2   -56354.1    -5962.2  16695.5   9712.3   8498.4 2021  5  1  4 34 58.080  1.28   1
     3013  55.420874 -161.540902    50.410    15082.2    35578.5    31370.7  32538.5  69204.2  24001.0 2021  5  1  5 13 57.120  0.04   1
     3016  54.405957 -161.556006    13.583    14300.9   -77406.8    -5456.2  25348.9   6761.4  15277.9 2021  5  1  9 51 49.220  1.41   1
     3017  55.290792 -161.785417     6.376     -464.3    21097.2   -12662.9  24537.8  32746.8  57626.5 2021  5  1  9 52 16.570 -0.50   1
     3020  55.107532 -161.954134    25.518   -11234.2      695.8     6478.7  49231.1  52831.2  47108.8 2021  5  1 14 58 27.520  1.06   1
     3029  54.774113 -161.353434    10.768    27219.3   -36422.0    -8270.8  36308.5  21962.9  30565.3 2021  5  3  0 16 57.450  2.52   1
     3030  54.818123 -163.139583    15.465   -87211.1   -31522.5    -3574.2  14248.5  25316.7  44193.0 2021  5  3  0 29  5.010  3.29   1
     3031  55.084151 -161.675374     0.786     6560.2    -1907.1   -18252.9  12988.7  10574.9  10739.4 2021  5  3  0 29 12.560  2.73   1
     3038  55.331722 -161.719466     4.723     3733.6    25653.7   -14316.1   7989.2  12751.7  17971.0 2021  5  3  6 15 28.920  0.11   1
     3039  54.568872 -161.286621    13.606    31581.5   -59270.3    -5433.4  12223.2  10951.2  11174.4 2021  5  3  7 32 15.350  2.33   1
     3042  54.805229 -163.069124    11.491   -82710.9   -32958.0    -7547.6  16552.1  20600.4  34433.0 2021  5  3 10 47 58.940  1.54   1
     3043  54.563949 -161.285970    14.350    31625.2   -59818.5    -4688.9  16161.6  12130.6  17540.5 2021  5  3 12  8  1.040  2.22   1
     3044  54.558329 -161.218180    11.088    35983.8   -60444.0    -7951.2  18967.7  10774.1   9551.0 2021  5  3 14 10  9.320  1.27   1
     3048  54.985571 -160.723747    11.364    67400.3   -12881.4    -7674.5  15768.8  23560.6  18208.0 2021  5  3 17 17 41.600  1.74   1
     3049  55.441854 -161.884701    29.881    -6774.1    37914.1    10842.2  38953.1  45931.6  27417.6 2021  5  3 19  0 24.080  1.37   1
     3050  55.444462 -161.951465    45.305   -11017.3    38204.4    26265.9  47377.5  58070.8  16865.8 2021  5  3 19  1 20.960  1.40   1
     3051  55.170463 -161.642708     2.374     8636.5     7701.6   -16665.0  23974.1   4631.0  13520.2 2021  5  3 20 47 30.280  0.26   1
     3061  54.861312 -162.458675    36.154   -43570.8   -26714.6    17115.2  29954.0  23948.9  35621.4 2021  5  4 17  0 59.100  1.98   1
     3064  55.553967 -161.018636    71.665    48206.1    50395.1    52625.9  20012.3  35754.0  18707.6 2021  5  5  1 10 23.910  1.48   1
     3066  55.262354 -161.772965    12.695      328.7    17931.3    -6343.4  42399.3  29908.5  36404.6 2021  5  5  2 30  8.400 -0.31   1
     3070  55.273092 -162.730436     0.330   -60658.0    19126.7   -18709.3  20956.3  45712.0  19386.1 2021  5  5  6  0 40.100  1.28   1
     3071  55.381604 -161.784798    11.063     -424.5    31206.8    -7975.9  69103.6  40301.3  58926.6 2021  5  5  7 39 24.230  0.16   1
     3072  55.403516 -161.960059    18.020   -11569.5    33646.1    -1018.9 187598.2 107359.6 155691.6 2021  5  5  7 52 10.560  0.36   1
     3076  54.672298 -162.393913    91.850   -39516.8   -47756.5    72810.9  45065.9  23921.2  13127.7 2021  5  5 10 51 28.230  1.51   1
     3083  55.026953 -161.403792    29.803    23916.6    -8274.6    10764.1  21863.9  11755.1  41346.9 2021  5  5 14 20  5.560  1.53   1
     3085  55.443136 -161.863281    24.969    -5412.5    38056.8     5930.4  43760.9  44332.5  35758.1 2021  5  5 21 40 49.700  0.72   1
     3086  54.689160 -163.421533     8.695  -105440.2   -45879.3   -10343.8  23961.1  28179.9  37557.2 2021  5  6  0 19 46.950  3.99   1
     3093  55.177759 -161.495166     4.115    18044.7     8513.8   -14923.6   9928.3  17811.6  46047.5 2021  5  6 11 47  0.510  0.75   1
      310  55.121187 -161.554590     4.905    14265.2     2216.0   -14133.8  17265.6  16871.2  24752.8 2021  1 10 12 29 35.240  1.16   1
     3104  55.136414 -162.099349    15.233   -20495.5     3911.0    -3805.5  28982.3  28070.1  53665.3 2021  5  7 23 46  7.960  2.09   1
     3105  54.615100 -161.414974    12.300    23320.9   -54124.0    -6738.6  18169.8  10101.6  17077.5 2021  5  8  0 30 58.160  1.79   1
     3106  55.137537 -161.903971    29.682    -8029.4     4036.1    10642.6  67170.2  23977.8  32302.6 2021  5  8  1 54 59.140  0.44   1
      311  55.376046 -162.053158    23.462   -17495.8    30588.0     4423.5 107775.4  74707.8  73864.6 2021  1 10 13 18 31.500  1.79   1
     3110  54.993892 -162.305973     2.019   -33738.8   -11955.1   -17020.0  10400.1  14885.2  12955.3 2021  5  8  3 47 49.380  1.03   1
     3112  55.389677 -161.730192    10.947     3048.7    32105.5    -8091.6  38977.8  16416.1  33223.1 2021  5  8  5 35 44.500  0.22   1
     3115  54.974011 -162.245378     6.335   -29873.0   -14168.4   -12704.1  13305.5  19749.4  14870.9 2021  5  8 10 33  2.210  0.93   1
     3119  54.676937 -161.074137    37.525    45174.3   -47240.1    18486.1  17370.3  23740.8  33556.0 2021  5  8 13 32 36.600  2.38   1
     3120  55.138334 -161.755664    29.258     1433.1     4124.8    10219.5  51252.7  31429.5  33002.1 2021  5  8 14  0 38.870  0.27   1
     3123  55.345447 -161.484603    19.115    18679.2    27181.6       75.7  10121.5  36303.3  15271.6 2021  5  8 16 35  3.420  0.54   1
     3128  54.598629 -161.344971    12.264    27822.0   -55957.7    -6775.4  18677.6  14026.7  19591.1 2021  5  8 18 23  7.920  1.43   1
     3134  55.129793 -162.099056    15.560   -20478.5     3174.0    -3478.8  42426.3  34140.9  77448.5 2021  5  8 20 15 15.520 -0.28   1
     3137  54.429211 -162.423438    11.300   -41535.8   -74818.0    -7738.6  45523.2  18946.1  18476.6 2021  5  9  0 53 53.290  1.77   1
     3139  55.130379 -161.799268    13.157    -1349.1     3239.3    -5882.1  21337.6  15866.0  22539.4 2021  5  9  0 58 55.390  0.82   1
     3149  54.806506 -163.128939    13.836   -86541.7   -32815.8    -5201.7  26369.7  21907.8  36275.3 2021  5  9 12 17  3.300  2.34   1
     3154  55.326742 -161.895361     7.277    -7462.4    25099.2   -11762.0  52298.9  45561.1  43305.0 2021  5  9 19 44 24.440  1.27   1
     3155  55.060701 -160.974707    31.653    51309.9    -4517.6    12614.5  28817.9  43846.8  32517.2 2021  5  9 19 47 35.440  1.76   1
     3158  55.107255 -162.014144     2.741   -15064.5      665.0   -16298.2  37187.7  25198.1  28637.0 2021  5 10  2 57  8.620  0.94   1
     3161  54.552185 -163.324756    13.714   -99398.9   -61128.0    -5324.5  20735.7  20637.3  14277.5 2021  5 10  5 45 34.060  1.54   1
     3165  55.092700 -161.506087    24.798    17366.6     -955.3     5759.5  18358.2  29195.8  28756.1 2021  5 10  6 34 15.890  2.61   1
     3168  55.522266 -161.846159    39.895    -4320.0    46865.9    20855.7  27063.1  15912.2  20989.4 2021  5 10  7  5  2.250  1.23   1
     3171  55.383464 -161.801660     2.436    -1497.0    31413.8   -16602.6  16661.1  17621.5  24142.4 2021  5 10  8  7  6.060 -0.23   1
     3175  54.985653 -162.310400     2.139   -34025.2   -12872.4   -16899.9  15754.9  14004.8  18713.2 2021  5 10 14 10 13.080  1.14   1
     3176  55.303617 -161.249284    17.454    33672.0    22525.0    -1585.2  19941.7  31663.1  25545.2 2021  5 10 14 30 39.120  0.50   1
     3177  55.337724 -162.223145    21.995   -28322.9    26321.8     2956.1 222704.2 286383.2 255134.4 2021  5 10 14 34 29.320  0.71   1
     3180  55.081099 -162.082650     4.017   -19443.4    -2246.8   -15022.1  14962.8  13383.1  24828.2 2021  5 10 17 49 27.920  1.03   1
     3181  55.393306 -161.855143     4.619    -4898.3    32509.6   -14420.3  43556.4  35576.5 119671.4 2021  5 10 18  4  7.440  0.78   1
     3182  55.317932 -161.787126    19.002     -573.0    24118.5      -36.4  29888.6  25644.9  25947.7 2021  5 10 18 20  4.920  0.12   1
     3187  54.816886 -160.699609    23.927    69087.7   -31660.2     4888.4  31534.2  36983.5  31705.3 2021  5 10 22  4 29.520  1.65   1
     3190  55.106641 -161.860270     8.264    -5243.2      596.6   -10774.6  18758.3  16377.8  22724.1 2021  5 11  1 42  9.340  0.62   1
     3191  55.067228 -161.751497    18.052     1700.4    -3791.0     -987.1  28060.4  20146.8  22751.4 2021  5 11  1 42 21.840  1.10   1
     3192  55.324874 -161.686589    15.139     5826.7    24891.3    -3899.6  18136.7  16579.6  13747.4 2021  5 11  2  4  7.660  0.15   1
     3193  54.997754 -161.680094    46.349     6265.6   -11525.2    27310.0  30965.1  20683.4  21722.9 2021  5 11  2 16 12.760  0.54   1
     3195  55.490454 -161.858870    47.029    -5129.1    43324.5    27989.7  49328.6  39396.5  18094.2 2021  5 11  3 44 41.820  1.06   1
     3196  55.519051 -161.773730    39.002      279.1    46508.1    19962.6  48879.7  53711.3  14102.8 2021  5 11  3 46 30.060  0.56   1
     3198  54.377970 -161.649398    12.508     8290.8   -80522.4    -6530.7  16937.5  10983.6  20784.6 2021  5 11  4  0 11.320  1.21   1
     3199  55.248572 -161.453874    19.523    20659.7    16397.0      484.2  14829.8  13948.0  19184.4 2021  5 11  4 33  3.500  0.72   1
       32  55.267094 -161.475163    14.526    19298.8    18459.0    -4512.4  22576.6  32400.2  66456.5 2021  1  2  3  5 38.810  1.53   1
     3200  54.690084 -163.009521    93.887   -79004.8   -45776.5    74847.7 593293.6 497392.5 468723.7 2021  5 11  7 17 23.230  0.14   1
     3202  54.522583 -161.681250    10.338     6228.2   -64423.5    -8700.5   9645.1  12228.1  19444.5 2021  5 11  9 51 59.940  1.90   1
     3208  55.419413 -161.773307    37.921      306.3    35415.9    18881.8  20258.7  18156.9  17203.5 2021  5 11 12 39  0.420  0.65   1
     3209  55.319507 -161.795215    25.234    -1087.9    24293.8     6195.4  60805.5  31171.0  36194.8 2021  5 11 12 49 18.580  0.89   1
     3212  55.400663 -161.834473     5.271    -3583.4    33328.6   -13767.4  67108.1  45719.6 110890.3 2021  5 11 14 50 41.960  0.77   1
     3216  55.389547 -161.812858     2.700    -2209.1    32091.0   -16339.1  71640.4  53448.9  67274.9 2021  5 11 15 18 43.040  0.70   1
     3218  54.759631 -161.380876    14.033    25465.1   -38034.1    -5006.3  27435.9  31417.7  24251.2 2021  5 11 15 33 38.600  1.92   1
     3222  55.260075 -161.746924    48.242     1987.7    17677.6    29202.7  27855.7  44369.7  17719.9 2021  5 11 17  7 35.040  0.90   1
     3223  55.397974 -161.825651     4.238    -3022.5    33029.1   -14800.8  38630.0  22213.1  96398.2 2021  5 11 17 24 39.720  0.74   1
     3224  55.376156 -161.584245     9.697    12333.4    30600.2    -9341.8  11166.6   8249.1  13844.9 2021  5 11 17 33 53.920  0.46   1
     3225  55.311019 -161.797965    27.052    -1263.2    23348.9     8013.6  55791.7  40175.2  30011.0 2021  5 11 19 19 52.580  0.65   1
     3227  55.412679 -161.674821    23.138     6568.5    34666.2     4098.7  20289.5  22920.6  23271.6 2021  5 11 20  6 28.800  0.82   1
     3228  55.294889 -161.919678    23.567    -9013.8    21553.3     4528.6  79113.6  72306.6  59002.1 2021  5 11 20 10 20.580  0.77   1
     3231  54.931734 -162.930241    28.834   -73697.4   -18874.8     9794.9  13574.9  58400.5  80852.4 2021  5 11 20 35 41.680  1.25   1
     3236  55.374569 -161.742790    16.303     2247.8    30423.6    -2735.9  29787.9  28784.7  31297.3 2021  5 11 21 49 12.680  0.54   1
     3237  55.244714 -161.949674    19.748   -10930.8    15967.6      709.5  86395.5  71288.8  65913.1 2021  5 11 22 58 11.580 -0.03   1
     3238  54.845931 -161.220264    14.113    35722.7   -28426.8    -4924.8  26597.2  25382.6  30628.4 2021  5 11 23  8 26.820  1.33   1
     3241  55.041715 -162.168473     7.989   -24935.3    -6631.2   -11049.6  13402.1  15874.7  21300.7 2021  5 11 23 16 52.840  0.54   1
     3244  55.132088 -162.025309    16.470   -15772.3     3429.5    -2569.2  62769.9  34207.6  46726.5 2021  5 12  0 42  3.970  0.12   1
     3245  55.514669 -161.934310    36.665    -9918.2    46020.2    17626.3  30881.3  31402.4  22321.7 2021  5 12  0 51  5.140  0.59   1
     3247  55.232707 -161.128109     0.972    41424.1    14630.8   -18067.0  17977.5  26110.0  17894.8 2021  5 12  1 48 40.180  1.08   1
     3249  54.927767 -162.211182     1.859   -27702.7   -19316.5   -17179.4  12921.0  11533.0  15173.2 2021  5 12  2  4 41.620  1.76   1
      325  54.952437 -162.252083     2.889   -30309.9   -16570.1   -16149.9   7769.2   7110.8   6424.6 2021  1 11  7 19 29.290  3.14   1
     3250  55.399467 -160.838721    10.514    59741.4    33195.4    -8525.3  48261.9  84725.5  40006.8 2021  5 12  2 29 55.990  1.30   1
     3252  54.721049 -162.700114    16.543   -59131.0   -42329.3    -2495.4  14152.5  13651.8  25372.8 2021  5 12  3  0 24.840  1.28   1
     3253  54.682617 -162.108659    61.637   -21208.6   -46607.7    42598.5  17772.5  11782.0  12529.1 2021  5 12  3 14 42.670  1.05   1
     3254  54.877502 -161.984701    16.812   -13222.9   -24912.2    -2227.0  58071.1  20386.7  80581.2 2021  5 12  3 14 58.140  0.75   1
     3255  55.301851 -161.547038    22.730    14713.9    22328.4     3691.3   9031.4  16209.6   7660.0 2021  5 12  3 26 33.780  0.74   1
     3256  55.351660 -161.959326    15.709   -11530.4    27873.3    -3329.5 138646.3 168931.8 149317.9 2021  5 12  4 44 40.130  0.35   1
     3257  55.501245 -161.726774    32.101     3261.5    44525.8    13062.2  22242.3  43871.6  11632.4 2021  5 12  5  0 14.020  0.61   1
     3258  55.471098 -161.896777    33.817    -7538.9    41169.7    14777.7  43523.8  39129.0  22821.7 2021  5 12  5 19  1.450  0.44   1
     3259  55.402250 -161.876790    21.463    -6274.4    33505.2     2423.7 103527.5  86775.9  87923.4 2021  5 12  5 34 24.370  0.82   1
     3260  55.286243 -161.904850    15.545    -8070.5    20590.7    -3494.1  62783.3  56159.3  66800.0 2021  5 12  6 28  3.200  0.49   1
     3264  55.328247 -162.214388    22.651   -27768.9    25266.8     3612.3  70348.9  75397.7  81585.5 2021  5 12  8 56 40.830  1.25   1
     3268  55.015605 -162.210889     4.454   -27653.7    -9538.0   -14584.6  10687.5   8359.5  33335.4 2021  5 12  9 38 20.500  0.16   1
     3270  55.414111 -161.820736     4.685    -2709.3    34825.7   -14354.2  73769.0  59724.4 114036.9 2021  5 12 10 22 12.890  0.15   1
     3271  55.290572 -161.719694    18.195     3721.0    21072.7     -844.3  18165.7  18904.3  15623.9 2021  5 12 10 32 30.660  0.51   1
     3274  54.801567 -161.429736    14.457    22321.4   -33365.7    -4581.4  15919.4  25402.1  73862.6 2021  5 12 12 14 21.540  0.72   1
     3277  55.455082 -161.851742    28.737    -4678.4    39386.7     9698.2  28387.3  40972.1  29132.6 2021  5 12 12 45 11.040  0.22   1
      328  54.977885 -162.230892     0.599   -28945.5   -13737.1   -18440.0  12154.8   9701.9   8911.8 2021  1 11  8  0 31.130  1.70   1
     3280  55.416683 -161.676546    12.030     6458.5    35111.9    -7008.9  29197.5  19423.8  41271.0 2021  5 12 15  8 54.990  0.57   1
     3281  55.297237 -161.752995    25.454     1600.2    21814.7     6415.4  51049.7  38619.1  36822.5 2021  5 12 15 26  1.360  0.37   1
     3282  55.459465 -161.734945    36.630     2744.0    39874.6    17591.2  52621.6  50096.2  16879.8 2021  5 12 15 37 14.680  0.67   1
     3283  55.011560 -162.048128     2.991   -17254.2    -9988.2   -16048.3   9112.9  12473.3  43322.1 2021  5 12 15 38 58.440  0.10   1
     3286  54.511528 -161.897689    12.515    -7688.0   -65654.2    -6524.2  17414.1   9912.8  15802.9 2021  5 12 17  2 25.680  0.89   1
     3288  54.867057 -161.368848    27.389    26201.2   -26075.0     8349.7  34072.1  42584.0  65725.4 2021  5 12 17 54  0.760  3.07   1
     3290  55.141370 -161.682438    35.479     6104.9     4462.8    16440.3  23041.5  17501.2  16425.7 2021  5 12 18 14 52.840  0.88   1
     3291  55.126469 -162.690234    67.794   -58203.7     2804.0    48755.5  30730.3  20404.4  28441.8 2021  5 12 18 31 53.080  1.61   1
     3292  55.381917 -161.628564    13.823     9513.4    31241.7    -5215.7   8857.8  23384.0  14897.2 2021  5 12 20 26 39.740  0.08   1
     3294  55.255823 -162.098470    16.018   -20409.0    17204.2    -3020.5  64730.6  41274.3  67210.1 2021  5 12 20 51 16.740  0.24   1
     3299  55.174243 -163.487988    11.893  -109045.2     8122.4    -7145.5  23766.7 114210.3  30139.2 2021  5 12 22  3 26.840  1.66   1
     3300  54.923519 -162.175000     0.589   -25389.5   -19789.4   -18450.1   3427.6   7794.5   8324.1 2021  5 12 22  6 14.320  0.99   1
     3303  54.641300 -161.207959    11.960    36603.2   -51207.3    -7078.4  12406.6  21957.1  14325.9 2021  5 12 22 24 52.560  1.50   1
     3305  54.512659 -161.058268     8.736    46286.3   -65528.3   -10303.2   7607.7  28137.8  24316.8 2021  5 12 23 25  2.320  1.44   1
     3308  55.443742 -161.828890     7.996    -3226.6    38124.3   -11042.7 106889.1  76408.4 125739.4 2021  5 13  1 58 12.670  0.21   1
     3309  55.413835 -161.778434    34.423      -19.7    34794.9    15384.1  37747.7  57926.6  13093.6 2021  5 13  2  8 52.030  0.51   1
     3310  55.480245 -161.622689    15.214     9875.0    42188.0    -3824.4  51351.3  46155.6  55045.6 2021  5 13  2 15 33.690  0.18   1
     3313  55.140702 -161.271663    14.084    32312.7     4388.5    -4955.0  19465.6  14379.3  21377.0 2021  5 13  3 22 33.670  1.57   1
     3314  55.305493 -161.463005    34.159    20063.6    22733.8    15119.8  24224.3  54646.6  46906.6 2021  5 13  4 20 45.120  0.17   1
     3315  54.550655 -161.402979    12.698    24110.4   -61298.3    -6341.0  14216.9  24794.6  19026.4 2021  5 13  5 26 45.070  1.41   1
     3319  55.311796 -161.524430    31.175    16151.4    23435.4    12135.9  15836.2  21189.7  16027.2 2021  5 13  6 19 37.930  0.69   1
      332  54.925216 -162.236133     2.998   -29299.7   -19600.5   -16040.6   7044.7   7883.7   4811.6 2021  1 11 10 45 20.480  2.42   1
     3320  55.278280 -161.629948    16.577     9437.6    19704.2    -2461.7  17045.1  39117.8  45368.3 2021  5 13  6 40 30.780  0.51   1
     3321  54.884277 -162.205615     2.103   -27361.4   -24157.9   -16936.0  19669.3   7569.8  11523.3 2021  5 13  8 10 31.210  1.60   1
     3325  55.126115 -161.748747    17.493     1874.7     2764.5    -1545.6  14594.1   9206.5  18571.8 2021  5 13  8 54 22.430  1.28   1
     3326  54.937659 -162.198975     2.937   -26918.5   -18215.3   -16101.6  12444.6   9178.9  22109.9 2021  5 13  9 29 58.230  1.37   1
     3328  54.543591 -162.779818    58.299   -64383.6   -62084.7    39260.4  21338.3  15139.7  11218.7 2021  5 13 11 39  7.700  1.89   1
     3330  54.725602 -161.198975    42.571    37141.2   -41822.4    23531.8  23414.7  20294.2   6983.3 2021  5 13 11 47 14.140  1.50   1
     3335  55.140023 -162.336963    25.070   -35654.7     4312.8     6031.5  38624.1  48224.4  46872.7 2021  5 13 15  1 18.740  1.47   1
     3336  54.696623 -161.799186    13.975    -1351.2   -45048.5    -5064.2  21235.0  10048.5  13509.3 2021  5 13 15 18 35.310  2.37   1
     3337  55.331340 -161.655387     5.152     7812.2    25611.1   -13886.5  13858.1  24214.6  20500.3 2021  5 13 15 26 31.400  0.49   1
     3342  55.247152 -161.505046    20.163    17399.6    16238.9     1124.4   8504.9  19943.5  29649.8 2021  5 14  2  7 49.070  2.28   1
     3346  55.207540 -160.737305    12.366    66349.9    11829.2    -6672.5  21564.2  71075.3  23390.1 2021  5 14 10 49 45.710  1.81   1
     3347  55.263993 -161.578743    21.842    12701.2    18113.8     2803.5  32875.4  18547.0  16407.1 2021  5 14 10 51  9.260  0.95   1
     3348  55.374121 -161.759440    16.506     1188.6    30373.8    -2532.6  36318.9  12773.5  21689.5 2021  5 14 12 16 20.190  0.92   1
     3351  55.347921 -161.439388    21.906    21555.9    27457.0     2866.9  18459.6  29542.1  14146.9 2021  5 14 14 15 57.820  0.62   1
     3352  55.343941 -161.741602    17.344     2324.3    27014.0    -1695.3  19354.3  29382.7  13482.1 2021  5 14 16 42 13.530  1.06   1
     3353  55.289425 -161.390820    23.923    24664.6    20945.0     4884.3  14748.6  22968.7  29882.2 2021  5 14 19 17 24.040  0.57   1
     3356  54.507817 -162.179541    81.577   -25812.3   -66067.3    62538.0  54315.1  17988.3  14285.5 2021  5 14 22 27 18.280  2.10   1
     3357  55.388708 -161.464030     5.490    19977.5    31997.7   -13548.8  11850.6  25730.2  18399.3 2021  5 14 23 36 11.160  0.67   1
     3358  55.241683 -161.369515     1.040    26036.9    15630.1   -17998.5  28610.1  20608.1  18702.4 2021  5 15  0  2 15.010  0.39   1
     3362  55.285217 -161.458398    23.439    20362.1    20476.6     4400.5  16677.6  15786.6  11711.4 2021  5 15  2  1 56.340  0.65   1
     3364  55.344987 -161.885124    12.162    -6809.2    27130.4    -6876.5  50272.0  84671.0  95819.5 2021  5 15  3 42 48.060  2.29   1
     3365  55.164026 -161.444857    14.823    21256.6     6985.0    -4216.1  19904.2  21310.6  54180.4 2021  5 15  3 42 54.980  1.04   1
     3367  55.385258 -161.020540    41.925    48187.1    31613.6    22886.1  12310.2  23024.7  21128.3 2021  5 15  5 57 21.500  1.71   1
     3370  54.842655 -161.364062    26.701    26515.6   -28791.5     7662.0  10042.8  22828.1  37547.1 2021  5 15  6 37 34.780  1.89   1
     3372  55.591760 -161.578044    51.193    12693.5    54602.4    32154.3  34622.3  23078.6  22043.4 2021  5 15  7 15 16.310  1.83   1
     3373  55.241154 -162.236051     6.491   -29179.5    15571.2   -12548.3  43140.9  22304.7  96405.1 2021  5 15  7 15 26.030  1.43   1
     3374  54.916341 -161.407194    17.420    23731.9   -20588.5    -1618.6  20229.3  35311.6  32796.3 2021  5 15 10 36 20.720  1.66   1
     3375  54.989376 -161.654036    13.654     7931.9   -12457.9    -5385.0  31637.0  30832.5  23138.6 2021  5 15 10 36 34.920  1.52   1
     3380  55.640698 -161.539030    11.797    15159.3    60050.4    -7242.1  38115.6  30424.0  39175.6 2021  5 15 13 13 25.240  1.89   1
     3382  55.437443 -161.737370    34.250     2590.6    37423.1    15211.3  42815.9  61641.1  27544.6 2021  5 15 13 35 13.120  1.00   1
     3383  54.989290 -162.348861     3.241   -36482.1   -12467.4   -15798.1  12815.9  18964.6  13468.8 2021  5 15 14 52 23.320  0.87   1
     3384  55.147550 -161.456950    31.054    20489.5     5150.9    12015.6  20772.1  12009.6  49239.4 2021  5 15 15 36 52.700  0.89   1
     3385  55.479500 -161.762451    32.041      995.8    42105.1    13001.9  26705.4  39590.9  28255.4 2021  5 15 15 47 36.730  0.98   1
     3388  55.159180 -161.924642    38.726    -9345.8     6445.5    19686.9  26995.3  28079.7  29358.8 2021  5 15 20 18 33.180  1.01   1
     3393  54.986051 -161.545768    27.221    14853.1   -12828.0     8182.1  29713.7  27279.4  26713.8 2021  5 16  0 53  7.740  0.93   1
     3396  55.176851 -162.058740    17.992   -17895.4     8412.8    -1047.2 181363.9 123985.9 192891.2 2021  5 16  1  9  5.960  0.90   1
     3397  55.199296 -160.741292    31.573    66102.5    10911.4    12533.7  18752.1  25027.6  51195.3 2021  5 16  1 33 35.780  1.52   1
     3398  55.165987 -162.008447    15.591   -14690.1     7203.3    -3447.8  78119.5  46242.6  79290.6 2021  5 16  2 20  2.990  0.38   1
     3400  55.397831 -161.378255    16.569    25430.2    33013.3    -2469.6  16955.1  29194.0  26803.2 2021  5 16  4 52 24.950  0.68   1
     3405  54.531274 -161.061247    10.025    46084.2   -63455.9    -9014.4  12395.1  25235.0  21988.9 2021  5 16  8 39 48.910  1.29   1
     3406  55.280884 -161.493115    25.300    18152.1    19994.1     6261.4  17739.1  20283.2  20863.1 2021  5 16 13 25 13.300  0.24   1
     3407  54.969885 -162.250228     3.576   -30184.7   -14627.7   -15463.3  11190.3  12798.9   8906.4 2021  5 16 13 30  7.200  0.56   1
     3408  55.450102 -161.849170    30.949    -4515.2    38832.3    11909.9  33598.0  33660.5  23258.9 2021  5 16 13 53 43.390  0.82   1
     3409  55.383390 -161.714372    44.631     4055.2    31405.7    25592.3  22250.4  38929.8  19200.5 2021  5 16 14 13  7.700  0.88   1
     3410  54.338753 -162.019010    10.943   -15521.9   -84888.2    -8095.4  19402.1  13526.6  12041.6 2021  5 16 14 18 29.620  1.41   1
     3411  55.049284 -161.418229    32.511    22987.8    -5788.6    13471.6  33233.7  38937.3  38761.5 2021  5 16 14 21 27.210  1.32   1
     3416  55.191923 -161.829053    14.403    -3247.2    10090.6    -4636.2  65422.5  25786.4  61866.2 2021  5 16 16 14 45.940  0.84   1
     3422  55.098641 -161.449756    14.600    20961.2     -294.0    -4438.6  18353.2  20040.6  61300.2 2021  5 16 18 18 15.480  1.00   1
     3425  55.411401 -161.815299    32.504    -2363.8    34524.0    13465.3  21724.0  18968.6  23503.9 2021  5 16 20 19 15.640  0.99   1
     3427  54.826152 -160.878125    33.606    57645.7   -30628.8    14566.6  19762.7  23011.2  38050.1 2021  5 16 21 36 36.740  2.43   1
     3428  55.339974 -161.247656    19.857    33760.3    26572.3      817.9  20406.8  47850.7  43792.0 2021  5 16 21 59 23.240  0.68   1
     3429  55.083337 -161.997900    48.098   -14031.9    -1997.6    29059.0  93136.9  36347.9  22064.5 2021  5 16 22 14 27.880  1.17   1
     3433  55.265678 -161.500749    54.871    17669.3    18301.4    35832.6  22991.5  36618.9  16095.6 2021  5 17  0 38 22.050  1.11   1
     3434  55.245097 -162.159196    59.109   -24281.0    16010.2    40070.4  33884.8  28045.4  19688.7 2021  5 17  0 47 31.340  1.01   1
     3438  54.960502 -162.933447     0.897   -73876.1   -15672.2   -18142.0  20023.7  33750.2  17999.2 2021  5 17  4 38 16.010  1.41   1
     3440  55.380265 -161.697347    23.275     5138.3    31057.8     4236.5  20763.0  36750.0  20904.9 2021  5 17  5 41 47.170  0.99   1
     3442  54.998820 -161.435872    30.171    21874.6   -11406.5    11132.0  19472.9  25997.6  25226.1 2021  5 17  6  2 33.070  1.54   1
     3443  55.492057 -161.943278    48.897   -10490.7    43503.0    29858.6  59219.3  60328.6  34412.5 2021  5 17  8 16 27.680  1.10   1
     3446  55.313151 -162.091471    13.324   -19948.8    23586.3    -5714.9 269389.8 293289.2 342941.5 2021  5 17  9 36 42.670  0.08   1
     3447  54.715601 -161.822428     0.267    -2841.6   -42935.8   -18771.5   8529.1  16284.8  13535.8 2021  5 17 10 19 10.370  2.31   1
     3461  54.669202 -162.573242    67.205   -51026.9   -48101.2    48166.1  19307.1  14398.1   7504.0 2021  5 17 16 53 21.180  1.13   1
     3465  55.079862 -161.887451     5.425    -6980.4    -2384.5   -13613.9  20169.1   9591.7  22649.3 2021  5 17 17 15  6.340  0.30   1
     3470  55.144877 -162.197835     8.974   -26776.5     4853.2   -10065.0  30544.2  21411.6  30978.8 2021  5 17 20 27 53.480  0.70   1
     3475  55.357666 -161.780648    23.434     -160.5    28541.9     4394.8  36140.7  33188.0  25064.9 2021  5 18  2  9 28.260  0.88   1
     3477  54.401160 -161.452295    19.227    20979.4   -77940.9      187.7  32531.4  17253.9  15978.6 2021  5 18  2 18 46.920  1.87   1
     3478  54.708130 -161.812256    28.395    -2189.3   -43767.5     9355.7  18131.9  23411.1  40742.4 2021  5 18  2 51  3.530  0.98   1
     3479  55.269328 -160.825928    41.839    60653.6    18707.7    22799.9  15174.7  43208.4  24986.8 2021  5 18  3 55  2.690  1.68   1
     3481  54.995150 -161.518392    31.317    16601.3   -11815.1    12277.8  28242.4  48474.3  45167.1 2021  5 18  3 59 33.580  1.28   1
     3482  55.268750 -162.194157    18.876   -26500.8    18643.4     -162.6 278950.0 292382.2 377697.7 2021  5 18  4 31 47.580  0.32   1
     3483  55.321016 -161.731820    16.525     2947.7    24461.9    -2513.7  20143.2  35163.9  10487.4 2021  5 18  4 49 36.490  0.71   1
     3485  55.254586 -161.775309    16.859      179.4    17066.5    -2180.1  29350.9  23461.3  19617.2 2021  5 18  5 27 30.450  0.03   1
     3487  55.376082 -161.786540    21.575     -535.3    30592.1     2536.5  31150.4  27850.8  13995.4 2021  5 18  7 19 28.310  0.46   1
     3489  55.780033 -161.654948    14.218     7796.1    75561.8    -4820.9 107252.3  69072.4  77356.2 2021  5 18  8 49 20.920  1.02   1
     3497  55.300403 -161.412012    19.019    23311.8    22167.1      -20.4  23012.3  26711.1  26818.0 2021  5 18 10 48 58.890  0.39   1
     3498  55.381580 -161.905127    25.510    -8078.5    31204.1     6471.2  73400.9  94627.2  57457.7 2021  5 18 11  7 27.860  0.45   1
      350  55.133508 -161.262939    29.630    32872.2     3587.6    10591.6  22950.3  19590.6  30416.8 2021  1 12  7 15  5.890  2.33   1
     3501  55.141479 -161.610970    39.294    10664.5     4475.0    20255.6  34680.1  20382.7  37538.4 2021  5 18 11 21 53.870  0.53   1
     3503  55.730294 -161.395475     2.130    24233.7    70024.6   -16908.6  37038.3  35938.5  36124.5 2021  5 18 13 38 44.810  0.92   1
     3504  55.304073 -161.854020    18.920    -4832.3    22575.7     -118.5  42075.6  52484.3  41869.1 2021  5 18 14  4 40.010  0.72   1
     3505  55.491309 -161.928158    36.908    -9530.3    43419.6    17869.3  37229.6  52382.1  20942.3 2021  5 18 14 11 35.590  0.80   1
     3506  55.449219 -161.881462    29.299    -6567.6    38734.0    10259.9  22379.1  58332.4  31466.8 2021  5 18 15 45  1.890  0.60   1
     3507  55.426713 -161.840999    29.837    -3997.1    36228.5    10798.3  29474.9  28943.5  24773.0 2021  5 18 15 49  3.250  0.37   1
     3508  55.342871 -161.817074    17.524    -2478.7    26894.9    -1515.3  38640.0  44454.6  39468.4 2021  5 18 15 59 11.160  0.74   1
     3509  55.711857 -161.945085     4.569   -10576.2    67972.1   -14469.5 195020.6  77243.2 128214.3 2021  5 18 17 28 18.980  0.56   1
     3510  55.073661 -160.957747    13.972    52384.5    -3074.8    -5066.4  18493.4  35587.9  16964.8 2021  5 18 17 33 46.000  1.50   1
     3511  55.394637 -161.264990    21.002    32634.8    32657.7     1962.8  20819.4  59090.0  28045.7 2021  5 18 18  8 15.740  0.54   1
     3518  54.770797 -161.510563    81.083    17149.3   -36791.1    62043.7   6850.1  10292.4   6256.9 2021  5 19  0 58 10.000  1.81   1
     3521  54.943860 -162.696061    17.604   -58708.7   -17524.9    -1435.3  28637.6  42787.1  59840.6 2021  5 19  4 20  7.470  1.64   1
     3524  54.690682 -160.744678     8.231    66304.2   -45709.9   -10808.2  30294.8  29269.9  29775.5 2021  5 19 11 27 32.130  2.43   1
     3526  55.196423 -161.932926    13.350    -9869.6    10591.6    -5688.7  23951.6  23488.3  34046.5 2021  5 19 13 17 28.240  1.01   1
     3529  55.311499 -161.617204     6.610    10245.0    23402.4   -12429.2   7173.7  13507.5  14885.2 2021  5 19 19  5 54.640  0.23   1
     3532  55.297742 -161.647396    18.581     8324.3    21870.8     -457.7  29179.4  25801.2  29234.0 2021  5 20  4 12 16.580  1.75   1
     3533  55.403512 -161.846663     3.565    -4358.5    33645.6   -15474.3  27581.7  26337.1  55827.1 2021  5 20  4 12 47.660 -0.00   1
     3534  54.673421 -162.477507    15.457   -44880.7   -47631.4    -3582.3  10962.0  11281.7  31141.1 2021  5 20  5 19 20.220  1.34   1
     3536  55.216663 -163.495085     6.684  -109439.8    12844.7   -12354.7  19496.7  70132.9  37990.4 2021  5 20  8 39 31.430  2.25   1
     3544  54.567619 -162.078402    14.163   -19294.5   -59409.9    -4875.5  22190.1  11916.6  42286.9 2021  5 20 16 56 12.880  1.48   1
     3547  55.307104 -161.902767    17.778    -7935.8    22913.2    -1260.9  83642.5  61160.8  54611.1 2021  5 20 19 41 11.400  0.42   1
      355  54.850509 -161.813851    13.571    -2287.6   -27917.2    -5467.9  30945.1  18259.6  13256.8 2021  1 12 11 37 23.670  1.48   1
     3550  55.180745 -161.825228     6.964    -3003.7     8846.3   -12075.3  28598.2  33594.6  33388.2 2021  5 20 20 53 40.440  1.96   1
     3552  55.249500 -162.014844    21.518   -15082.4    16500.3     2478.7  52029.3  46195.9  33167.9 2021  5 20 22 38 31.760  0.60   1
     3553  54.573930 -161.292627    14.399    31193.6   -58707.3    -4639.4  14770.1  12068.8  14397.2 2021  5 20 23  5 59.920  1.60   1
     3558  55.157267 -162.884489    16.168   -70572.4     6232.6    -2870.5  14578.7  34290.2  31939.3 2021  5 21  1  7  7.610  1.99   1
      356  54.867586 -161.778743     1.187      -39.6   -26016.1   -17852.2  20627.0  18100.8  16010.4 2021  1 12 11 37 36.830  1.87   1
     3560  54.832157 -161.782731     0.657     -295.0   -29960.2   -18382.2  17306.3  11257.5   9557.4 2021  5 21  3 21 13.460  1.01   1
     3561  54.731946 -161.733529    14.969     2859.8   -41116.2    -4070.0  36542.8  19042.5  23096.0 2021  5 21  3 21 17.160  1.31   1
     3562  55.390373 -162.036637    25.866   -16442.0    32183.0     6826.8 139233.2  95570.5 108874.6 2021  5 21  4 48 44.590  0.51   1
     3566  54.569788 -161.268392    13.308    32752.4   -59168.4    -5731.3  10649.3  11309.7   9120.9 2021  5 21 14 50 55.870  2.36   1
     3572  55.070101 -160.923682    14.491    54562.2    -3471.2    -4547.5  20388.2  36362.7  17971.0 2021  5 21 19 31 35.400  1.50   1
     3573  55.314140 -160.514974    71.028    80415.9    23696.4    51989.3  10405.1  24802.1  19411.0 2021  5 21 21 43  9.960  1.98   1
     3575  54.729675 -162.540413    79.924   -48883.5   -41369.0    60885.0  11438.8  11931.9  19740.2 2021  5 22  3 41 15.140  1.80   1
     3576  55.317106 -161.677702     7.151     6393.0    24026.6   -11888.3  17055.1  16137.5  26586.3 2021  5 22  5  3 48.750  0.37   1
      358  54.578052 -161.271810    24.357    32529.5   -58248.4     5318.1  10723.6  15739.1  13930.8 2021  1 12 12 44 20.610  2.80   1
     3581  55.202291 -161.582015    22.862    12502.4    11244.8     3823.3  35416.2   7535.2  31997.2 2021  5 22 12 36 27.900  0.88   1
     3585  55.165234 -161.192367    21.265    37360.5     7119.5     2225.6  12156.5  22715.6  23168.6 2021  5 22 17  6 17.600  1.39   1
     3594  55.030652 -161.526921    21.654    16049.0    -7862.9     2615.4  28717.5  10473.1  21108.4 2021  5 22 22 37  9.980  1.15   1
     3603  54.421204 -161.230843    12.456    35229.5   -75709.5    -6582.5  22404.9  17996.4  13924.7 2021  5 23  4 28 56.450  1.75   1
     3606  54.740129 -161.549756     0.267    14642.8   -40205.3   -18771.6  11880.7  19317.3  13261.4 2021  5 23  5 15 38.400  1.56   1
     3607  54.792851 -161.270947    13.219    32498.5   -34336.0    -5820.1  18573.1  31683.2  21317.6 2021  5 23  5 39 52.590  2.75   1
     3611  54.570553 -161.231152    13.534    35144.9   -59083.3    -5505.0  10442.7   4106.2   9463.2 2021  5 23  7 38 42.560  1.54   1
     3613  55.144128 -161.687419     5.630     5786.9     4769.9   -13408.4  17762.1   7872.9  24414.1 2021  5 23  8  1 53.250  1.04   1
     3615  54.472656 -161.731217    10.143     3017.6   -69981.5    -8895.5  18867.6  12669.0  15036.1 2021  5 23 12 28 44.560  1.66   1
     3620  55.227629 -162.008447    19.916   -14678.8    14065.5      877.2  30441.3  20122.3  31336.1 2021  5 23 16 37 52.300  0.83   1
     3623  55.069759 -160.945508    14.462    53168.7    -3509.2    -4576.4  20526.8  40236.0  11934.6 2021  5 23 18  5 45.920  1.53   1
     3624  55.080538 -162.051009     2.768   -17423.3    -2309.3   -16270.7  13156.6  11317.3  14727.2 2021  5 23 22 32 31.280  0.82   1
     3625  55.071167 -161.769368     9.516      559.2    -3352.5    -9522.5  21093.5  17132.9  39237.5 2021  5 23 22 32 50.860  0.88   1
     3626  55.383093 -161.654997    59.327     7831.9    31372.6    40288.1  38298.8  82058.4  18144.3 2021  5 23 23 35 36.600  1.47   1
     3634  54.924809 -160.855599    12.129    59016.3   -19645.8    -6910.0  20977.8  27096.3  29092.9 2021  5 24 14 33 50.470  1.73   1
     3636  54.853255 -162.608415    15.848   -53162.8   -27611.5    -3190.5  11320.2  18127.1  24848.9 2021  5 25  6 58  5.810  1.76   1
     3639  55.448348 -161.315316    31.529    29414.3    38637.0    12490.5  19974.6  46857.5  32369.9 2021  5 25 14 27 25.980  1.05   1
     3641  55.143579 -161.908333     6.358    -8307.1     4708.7   -12680.5  27910.4  11614.8  26173.3 2021  5 25 22 51 39.800  0.15   1
     3643  55.106405 -161.564453     4.066    13638.3      570.3   -14972.9  16983.5  21565.7   7200.4 2021  5 25 23 51 59.360  0.99   1
     3650  54.417969 -162.895964    10.158   -71960.1   -76069.6    -8880.6  24914.1  16608.6  17795.9 2021  5 26 21 25 30.760  1.59   1
     3655  55.262402 -161.288525    27.646    31189.5    17936.7     8607.1  10795.0  42018.2  45169.0 2021  5 27  1  9  4.910  2.57   1
     3662  54.878300 -162.579980    37.234   -51326.3   -24823.4    18194.9  25518.6  39889.8  33710.7 2021  5 27 14 38 33.410  1.20   1
     3663  54.497042 -162.502799    48.714   -46605.0   -67266.8    29674.9  25078.1  14959.3  13121.7 2021  5 27 16 55 52.760  1.64   1
      367  54.894743 -161.829069    18.167    -3260.2   -22992.9     -872.3  44405.2  22476.1  42424.2 2021  1 12 18  0 16.640  1.37   1
     3673  55.037170 -162.317187    20.448   -34437.0    -7137.2     1409.5  21497.8  27488.9  21811.4 2021  5 27 23 29 19.500  1.33   1
     3675  54.686825 -161.508187    76.512    17319.6   -46139.3    57473.4  13799.1  10532.4   6678.0 2021  5 28  6  3  5.550  2.11   1
     3681  54.504305 -161.697835    13.934     5163.1   -66458.2    -5104.7   9838.2  16292.7  10237.8 2021  5 28 12 11 11.870  1.41   1
     3685  54.498263 -162.038737    10.892   -16760.1   -67130.9    -8147.3  63790.4  23101.5  41369.3 2021  5 28 16 12 18.370  1.87   1
     3686  55.369242 -161.634359    12.715     9146.3    29830.6    -6323.8  15197.2  18470.5  11890.8 2021  5 28 19  0 32.540 -0.14   1
     3687  54.860933 -161.459326    68.224    20410.5   -26756.7    49184.8  12751.7   8088.6   6978.4 2021  5 29  0 41  8.790  1.81   1
     3692  55.369873 -161.948340    26.333   -10828.8    29900.8     7294.5  36588.8  29848.4  28492.7 2021  5 29 15 48 13.110  0.68   1
       37  55.146269 -161.535498     2.438    15478.7     5008.2   -16601.3  17277.6  25754.1  12069.0 2021  1  2  5 52  5.290  1.64   1
     3700  55.217879 -161.785059     9.362     -441.9    12980.2    -9676.6  27306.5  20594.2  31911.5 2021  5 30  5 38 43.780  1.56   1
     3701  54.575142 -161.276872    24.544    32205.4   -58572.3     5505.1  15671.3  11157.7  12423.8 2021  5 30  7 40 42.830  2.37   1
     3702  55.215483 -161.786361    18.023     -525.0    12713.4    -1015.7  69729.7  42549.9  57633.7 2021  5 30  8 27 17.670  0.93   1
     3705  54.601461 -161.169531    12.093    39089.4   -55642.4    -6945.4  13255.1  28227.6  14874.0 2021  5 30 14 25 32.580  1.76   1
     3706  55.407381 -161.725960    24.463     3317.1    34076.4     5423.8  71747.9  30961.3  47528.4 2021  5 30 14 36 51.050  1.79   1
     3711  55.090434 -161.690007    21.637     5625.6    -1207.6     2597.8  21791.2  16638.1  23714.0 2021  5 30 18 22 20.960  1.02   1
     3713  54.284481 -162.408171    10.227   -40625.3   -90930.1    -8811.7  68884.8  20885.2  27511.3 2021  5 30 19 21 58.960  2.52   1
     3715  55.162708 -162.020540    23.611   -15462.1     6838.2     4572.3  94515.9  61771.9  76165.6 2021  5 31  6  6 47.190  0.88   1
     3716  55.435490 -161.785335     9.601     -458.3    37205.6    -9437.6  57512.7  44925.6  66830.6 2021  5 31  7  2 12.850  2.46   1
     3719  55.198206 -161.691618     3.458     5515.3    10790.0   -15580.8  33083.5  26750.0  42857.2 2021  5 31 10 33 20.850  1.56   1
      372  55.155042 -161.944938     6.275   -10640.9     5984.8   -12763.6  20690.8  18276.3  23170.0 2021  1 12 20 52 39.440  1.06   1
     3721  55.267680 -161.690999     5.706     5549.9    18524.2   -13333.4  18764.8  17503.2  20765.7 2021  5 31 10 33 36.600  0.48   1
     3722  54.836084 -163.643099    11.659  -119438.3   -29523.1    -7380.2  15478.2  48256.7  15931.9 2021  5 31 11 46  6.760  1.57   1
     3723  55.682593 -161.234115    49.585    34473.5    64714.3    30546.3  29167.1  35074.6  24705.0 2021  5 31 12 16 55.270  1.81   1
     3726  54.530172 -161.183105     9.267    38251.1   -63578.7    -9771.7  24938.4  27208.8  33621.0 2021  5 31 14 56 35.150  1.75   1
     3727  54.586292 -161.256217    12.557    33527.9   -57331.1    -6482.0  15463.1   9286.2   4101.4 2021  5 31 18 40 55.920  2.67   1
     3729  55.273059 -161.386263     9.004    24959.9    19123.1   -10034.7  16405.3  19559.0  40443.3 2021  6  1  0 14 28.020  1.04   1
      373  54.775952 -161.742220     0.375     2301.2   -36217.2   -18663.9  32726.7  21027.9  14947.8 2021  1 12 21  2 28.880  1.49   1
     3730  54.943974 -162.084847     5.834   -19617.1   -17512.3   -13204.6  21685.0  13712.5  19846.8 2021  6  1  0 14 32.840  1.07   1
     3737  55.282747 -161.640690    39.986     8752.9    20201.6    20947.0  17766.2  29656.3  19256.7 2021  6  1 18 53 47.560  0.91   1
     3739  54.656344 -160.879167    11.763    57700.1   -49532.6    -7275.7  19421.5  17660.7  16899.3 2021  6  1 22  3 43.520  1.82   1
     3742  54.483354 -163.401090    11.259  -104393.3   -68790.7    -7780.3  19967.2  24400.6  18600.9 2021  6  2  1 31 26.530  1.42   1
     3743  54.813391 -162.191227     0.854   -26463.7   -32049.3   -18184.7  10231.1  10203.7   9144.6 2021  6  2  7 15 37.580  1.76   1
     3744  54.920451 -162.183366     1.491   -25925.7   -20130.9   -17548.3  14497.3  13929.7  15477.0 2021  6  2  7 15 55.180  2.07   1
     3747  54.876567 -161.708691    75.438     4444.5   -25016.3    56398.7  13985.5  17527.6   7311.2 2021  6  2 16  7 25.570  1.54   1
      375  54.923185 -162.192725     1.297   -26523.5   -19826.5   -17741.9  12923.8   8422.4  10761.5 2021  1 12 21 24  9.860  1.74   1
     3752  55.016317 -162.147266    17.595   -23588.0    -9458.7    -1443.8  40442.3  36471.7  44614.1 2021  6  3  2 17 36.170  1.35   1
     3756  55.447961 -161.876725    26.414    -6266.7    38594.0     7375.3  22355.3  48244.9  29346.2 2021  6  3  6 33 28.600  0.73   1
     3757  55.474683 -161.869320    28.767    -5794.1    41568.7     9728.2  28637.8  54280.3  26829.6 2021  6  3  9 54 50.620  0.60   1
     3758  55.244877 -162.298779    53.227   -33175.1    15985.7    34188.1  57653.8  58701.2  40021.3 2021  6  3 10 21 53.200  2.15   1
     3762  55.233459 -162.101335    18.250   -20597.2    14714.6     -788.5  31348.8  25306.9  27531.1 2021  6  3 14 31 59.230  0.34   1
     3765  54.888151 -161.196810    27.957    37205.1   -23726.7     8918.1  28735.7  17288.5  63007.1 2021  6  3 16 32 56.870  1.75   1
     3769  55.326799 -162.292497    30.283   -32741.2    25105.6    11244.3  97704.2  87382.3 107463.9 2021  6  3 18  8 46.200  0.91   1
     3770  55.269076 -161.987305     2.532   -13324.5    18679.6   -16506.6  51773.6  29791.3  78016.7 2021  6  3 18 13 35.580  0.31   1
     3772  54.677861 -162.422754     8.260   -41364.8   -47137.2   -10778.7  25327.7  11448.1  28166.5 2021  6  3 20 34 55.120  1.13   1
     3779  55.314254 -161.684310    51.723     5972.5    23709.0    32684.0  23378.1  23909.9  18321.3 2021  6  4  3 40 23.080  1.27   1
     3780  55.753756 -161.516341     1.053    16574.2    72636.5   -17985.9  65768.8  51361.6  44207.4 2021  6  4  3 54 33.790  1.36   1
     3788  55.341235 -161.788298    11.033     -647.4    26712.8    -8005.4  46554.5  48802.2  54882.3 2021  6  4 10 13 50.120 -0.46   1
     3789  54.863033 -162.676204    31.903   -57496.4   -26523.0    12864.3  29213.1   9094.7  42850.2 2021  6  4 11 45 44.710  1.50   1
     3796  55.131624 -161.683838     4.768     6016.3     3377.9   -14270.7  25749.9  11002.4  19724.0 2021  6  4 14 45 10.050  0.01   1
     3797  55.315841 -161.787744     3.548     -612.4    23885.7   -15490.7  20659.7  18900.5  42567.4 2021  6  4 14 45 27.990 -0.20   1
      380  55.248787 -161.676074    15.456     6502.2    16421.0    -3582.6  24336.0  19241.8  20622.4 2021  1 12 21 37 47.960  0.56   1
     3800  55.204456 -161.657585    13.667     7684.5    11485.8    -5371.5  21189.1  20300.1  26376.6 2021  6  4 15 40 30.890  1.37   1
     3804  55.066325 -161.034701    33.396    47475.1    -3891.6    14357.0  18699.5  35992.8  26095.1 2021  6  4 16 35 14.680  2.70   1
     3808  54.895036 -162.354134    34.910   -36862.3   -22960.3    15871.3  19151.8  14839.1  37813.0 2021  6  4 17 48 51.680  1.93   1
     3809  54.961031 -162.223730    13.347   -28493.7   -15613.4    -5691.4  22928.2  15216.7  13067.5 2021  6  4 17 49  3.920  2.25   1
      381  54.621346 -161.592969    34.971    11889.5   -53428.7    15931.8  24905.0  18098.7  51586.4 2021  1 13  0  1 46.290  2.89   1
     3811  54.757674 -162.607080     4.343   -53140.3   -38252.0   -14695.8  14870.1   8894.7  15163.9 2021  6  4 19  7 57.560  0.92   1
     3816  54.692497 -162.878857    32.775   -70619.5   -45507.9    13736.4  28727.7  26984.4  50100.2 2021  6  4 23  5  7.040  1.86   1
     3823  55.194283 -160.905518    13.245    55635.9    10353.3    -5793.9  13152.3  14401.9  19529.1 2021  6  5 12 43 55.500  2.47   1
     3824  55.537227 -160.479297    10.156    82456.3    48531.5    -8883.4  21601.0  51710.5  32884.7 2021  6  5 13 58  4.980  1.99   1
      383  55.327950 -161.748145     3.525     1908.3    25233.8   -15513.4   9464.7  12139.6  25425.6 2021  1 13  8  0 58.440 -0.30   1
     3833  55.345805 -161.694954     5.533     5292.8    27221.5   -13506.1  12079.2  24453.3  20561.7 2021  6  5 21 42 39.120  1.33   1
     3844  54.552649 -162.450537    11.425   -43214.3   -61076.4    -7614.3  23580.0  15608.8  31153.5 2021  6  6  2 33 30.020  1.91   1
     3848  55.189380 -162.021533    29.331   -15520.2     9807.5    10291.7  33554.6  30232.6  22777.0 2021  6  6  6 20 13.790  0.62   1
     3850  55.378300 -161.779899     4.674     -112.9    30839.0   -14364.7  28814.0  15272.1  41319.7 2021  6  6  7 58 52.960 -0.29   1
     3851  55.276872 -161.451383    28.948    20811.0    19547.5     9909.3  16037.8  35281.0  19071.1 2021  6  6  8  4 21.630  1.12   1
     3855  54.485152 -163.117643     2.447   -86159.3   -68590.4   -16591.4  16542.3  15920.7  15992.4 2021  6  6 13 56  5.790  2.77   1
     3858  54.805452 -161.922884    16.603    -9274.3   -32933.1    -2435.9  10709.9   5519.7   8792.9 2021  6  6 14 12 15.840  1.47   1
     3860  55.047754 -161.795638    16.710    -1118.6    -5959.0    -2328.5  30250.7  25894.9  30499.7 2021  6  6 17  1 17.940  1.12   1
     3863  55.437341 -162.475586    18.400   -44333.9    37411.7     -639.2  53778.3  26282.7  58830.0 2021  6  6 17 17 35.300  2.01   1
     3864  55.692354 -161.695296    17.069     5248.1    65801.0    -1969.5  63822.2  54320.8  92840.9 2021  6  6 18  1 35.440  0.79   1
     3866  55.463497 -161.396989    12.695    24218.9    40323.5    -6343.5  24155.9  25054.9  34080.4 2021  6  6 18 21 47.580  1.93   1
     3867  55.125582 -161.352441    13.967    27164.1     2705.2    -5072.2  20679.9  16645.8  94800.1 2021  6  6 18 21 53.480  1.87   1
     3871  54.414360 -161.737223    12.789     2633.1   -76471.4    -6249.5  26590.2  19145.3  22038.0 2021  6  6 20 41  7.240  2.00   1
     3873  54.690218 -160.985905    58.980    50827.7   -45761.5    39941.2  24651.4  23027.2  27494.5 2021  6  6 21 34 41.680  2.69   1
     3880  55.253573 -161.505436    18.274    17373.3    16953.7     -764.5  17037.1  12870.4  16952.2 2021  6  7  2 16 53.850  1.03   1
     3884  55.233008 -161.843848    21.461    -4188.3    14664.4     2422.2  44407.3  48674.2  48823.6 2021  6  7  6 10 53.040  0.99   1
      389  54.957621 -161.528955    20.549    15933.5   -15993.0     1510.3  12939.6  19885.9  14481.1 2021  1 13 12 35 40.560  1.47   1
     3898  54.463497 -162.149544    62.761   -23896.5   -71001.2    43721.7  67326.3  17891.9  25387.6 2021  6  8  0 35  9.080  2.85   1
     3902  55.274146 -161.756510    14.719     1376.7    19244.0    -4320.0  24264.5  25951.0  24342.6 2021  6  8 11 10 50.780  0.24   1
     3903  54.964681 -162.698177     4.292   -58828.9   -15207.0   -14747.3  12645.4  30072.3  29723.1 2021  6  8 16 16 36.830  1.40   1
     3906  55.057581 -163.374756    10.937  -101972.0    -4865.0    -8102.3  14894.5  31149.3  26276.5 2021  6  8 18 49 25.700  1.83   1
     3911  55.435453 -161.497201    13.799    17857.3    37201.5    -5240.1  14052.5  33651.0  33033.7 2021  6  8 21 16  0.160  0.93   1
     3913  55.398653 -161.697770    20.843     5110.2    33104.8     1804.3  33644.3  14559.3  22624.3 2021  6  8 23 27 54.760  0.35   1
     3917  55.314722 -161.725911    27.759     3324.0    23761.1     8720.2  37205.7  31053.0  23488.3 2021  6  9  4 36 38.220  1.29   1
     3919  55.330208 -161.706038    37.093     4588.3    25485.2    18054.5  35872.9  43429.9  22353.3 2021  6  9  7 41 34.480  1.47   1
     3922  55.274430 -161.582048    23.874    12489.1    19275.7     4835.0  11607.2  30120.4  20578.2 2021  6  9 11 46 41.310  1.08   1
     3923  55.490222 -161.357633    63.561    26710.7    43298.7    44522.3  27471.9  36643.0  27796.9 2021  6  9 12 40 29.520  1.36   1
     3926  55.198368 -161.601123    17.569    11284.8    10808.1    -1470.1  14670.9   9853.2  24227.6 2021  6  9 14 33 56.860  1.57   1
     3928  55.256319 -161.709489    41.727     4372.7    17259.5    22687.9  44904.9  15084.6  34698.2 2021  6  9 20 22 41.520  1.18   1
     3934  55.470553 -161.828939    28.340    -3228.6    41109.0     9301.0  18068.5  52880.2  27729.2 2021  6 10 10 19 53.060  1.00   1
     3936  54.494600 -162.352067    56.971   -36912.3   -67538.6    37932.5  14379.5   9565.9  16950.3 2021  6 10 17 27 56.300  2.34   1
     3942  55.370227 -161.651514    31.365     8054.8    29940.3    12325.8  26490.8  38144.9  16009.8 2021  6 10 22 23 22.200  1.26   1
     3951  54.358228 -161.723096    12.475     3545.1   -82720.3    -6564.2  50061.2   9610.8  30042.8 2021  6 11 14 44 30.210  1.39   1
     3958  55.061389 -161.780306    18.478     -139.3    -4441.0     -561.1  21275.0  14394.3  16358.6 2021  6 11 19 41 33.920  0.55   1
     3960  54.786100 -161.403011    59.229    24038.3   -35087.5    40190.3  11147.2   9394.7  10370.5 2021  6 11 21 52 49.580  1.48   1
     3961  55.454081 -161.852507    26.437    -4727.1    39275.3     7398.0  38619.4  55632.2  37193.4 2021  6 11 22 53  2.420  0.34   1
     3964  55.299276 -161.771126    12.997      445.6    22041.6    -6041.6  49369.8  37590.6  49802.9 2021  6 12  3 58 33.030  1.00   1
     3971  55.233984 -161.739404    15.206     2467.5    14773.1    -3833.0  12939.3  29251.5  25149.5 2021  6 12 10  6 13.170  0.56   1
     3975  54.442131 -161.583382    12.217    12532.7   -73379.8    -6822.2  32744.0  16433.2  14219.1 2021  6 12 11 46 24.620  3.60   1
     3976  55.306124 -161.743896     2.950     2179.3    22804.0   -16088.9  13616.9  13804.8  15663.9 2021  6 12 11 46 52.350  3.58   1
     3978  54.401978 -161.556592    13.745    14263.9   -77849.8    -5293.9  22050.9   9066.2  13295.6 2021  6 12 11 57 37.100  1.49   1
      398  55.107556 -161.545215     4.040    14866.0      698.5   -14998.8  20347.0  16009.8  32666.5 2021  1 13 15 42 15.780  1.29   1
     3984  55.300098 -161.718896    15.022     3771.3    22133.1    -4016.7  16106.4  19180.1  11838.7 2021  6 12 18 33 24.320  0.39   1
     3992  55.056462 -161.655339     0.965     7842.1    -4989.6   -18074.3  23108.7   5953.3  11580.4 2021  6 12 23 54 40.160  0.53   1
     3995  55.429028 -161.764795    37.666      847.4    36486.3    18627.0  18018.0  33196.6  17411.9 2021  6 13  1 51 52.850  0.58   1
     3998  55.168998 -163.132243    10.889   -86363.4     7538.5    -8150.2  26223.1  40038.6  13698.2 2021  6 13  2 18 56.880  1.44   1
     4000  55.127604 -163.178304    11.361   -89347.2     2930.3    -7678.1  15038.8  32380.4  27037.6 2021  6 13  3  3 51.250  2.27   1
      401  54.871615 -161.553988    16.570    14348.1   -25567.6    -2469.0  25078.4  30997.6  27866.1 2021  1 13 16 14  7.200  1.81   1
     4016  54.823999 -161.901481    22.987    -7901.3   -30868.4     3948.5  14261.9  11162.2  18398.4 2021  6 13 12 12 45.330  0.65   1
     4026  54.989144 -160.806934    54.908    62079.9   -12483.7    35868.8  11888.5  36203.7  20603.0 2021  6 13 19 37 21.960  1.29   1
     4028  54.946265 -161.603760    20.290    11151.6   -17257.2     1251.6  14602.3  20486.9   7859.9 2021  6 13 19 43 50.120  1.25   1
     4032  54.920093 -162.861947     1.570   -69338.8   -20170.8   -17468.8  18243.7  16778.5  18094.7 2021  6 13 22 24 53.480  1.65   1
     4034  55.315637 -161.799121     3.229    -1336.6    23863.1   -15810.0  11391.3  16970.1  36564.1 2021  6 13 22 25 18.400  0.24   1
     4037  55.150228 -162.103369     5.233   -20748.4     5448.9   -13805.7 154235.0 126582.5 184072.3 2021  6 14  0 12 27.690  0.29   1
     4038  54.831006 -161.361035    12.676    26713.3   -30088.4    -6362.5  26614.3  24438.0  25911.9 2021  6 14  0 26 10.680  1.54   1
     4042  54.546236 -160.966341    11.578    52175.6   -61790.3    -7461.0  17507.1  22345.2  13730.8 2021  6 14  1 55  4.220  1.82   1
     4048  54.681962 -161.355566    11.995    27113.5   -46680.6    -7043.4   9511.6  12241.6  27322.7 2021  6 14 10 42 18.270  3.07   1
     4059  55.000094 -161.437126    32.196    21794.2   -11264.7    13157.0  15800.3  18383.6  28462.0 2021  6 15  5  7 53.150  2.02   1
     4065  54.553349 -162.173568    32.396   -25414.0   -60998.5    13357.6  60755.1  19516.4  41824.3 2021  6 15 10 40 37.300  1.68   1
     4067  55.157560 -161.982552     8.752   -13039.9     6265.2   -10287.3  48402.5  38817.1  63285.4 2021  6 15 11 58  0.550  0.44   1
     4068  55.353499 -161.868473    19.296    -5749.0    28078.0      256.6  47262.6  78015.7  57504.6 2021  6 16 13 52 27.930  0.55   1
     4069  55.347042 -161.844092     1.865    -4197.9    27359.2   -17173.9  28975.9  47873.9  62075.4 2021  6 16 17  4 37.580  1.93   1
     4073  54.942033 -162.249772     3.660   -30166.0   -17728.3   -15379.1  10736.2   8566.9   8848.4 2021  6 16 18 14 33.580  1.81   1
     4075  54.977616 -162.275488     2.934   -31796.7   -13767.0   -16104.2   6589.8   7411.1  10403.1 2021  6 16 18 34 58.240  0.39   1
     4079  55.064746 -161.141439    23.312    40659.6    -4067.3     4272.9   8530.4  26264.4   7150.0 2021  6 16 19  1 43.900  2.47   1
     4081  54.557166 -161.414746    13.836    23352.2   -60573.6    -5203.1  23223.5  12568.1  10678.2 2021  6 17  4 22 37.900  1.46   1
     4082  55.084074 -161.994238     8.479   -13798.0    -1915.7   -10560.1  21098.3  23047.2  46228.7 2021  6 17  4 23 14.920  1.08   1
     4086  54.652893 -163.032340    80.857   -80505.8   -49916.7    61818.5  26361.9  30143.9  25354.0 2021  6 17  9 28 19.570  1.84   1
     4087  54.596427 -161.290983    42.016    31290.6   -56202.8    22976.6  23939.2  17344.9  24494.6 2021  6 17  9 32 46.880  1.58   1
     4088  55.492297 -161.793359    24.925     -967.7    43529.7     5886.5  30756.7  35341.9  23661.2 2021  6 17 10  9 15.390  0.81   1
      409  55.029842 -162.035384     7.710   -16436.0    -7953.0   -11328.8  22176.5  13945.5  30452.2 2021  1 13 20 56 29.260  0.53   1
     4090  55.486108 -161.894531    28.754    -7394.8    42840.7     9715.1  60158.9  90378.0  50342.5 2021  6 17 10 12 23.360  0.83   1
     4093  54.497677 -161.670915    10.933     6894.8   -67196.2    -8105.8  27831.8   8412.4  20677.7 2021  6 17 14 24 36.740  1.80   1
     4094  55.370992 -161.012370    32.600    48715.5    30025.4    13561.0  13353.6  27522.7  40521.8 2021  6 17 14 41  3.250  1.05   1
     4100  54.862415 -162.347933    37.453   -36480.2   -26591.8    18414.4  17795.1  14745.2  36164.5 2021  6 17 18 42 30.320  1.99   1
     4101  54.940487 -162.246891    21.926   -29982.3   -17900.5     2887.6  21437.8  17383.5  10219.3 2021  6 17 18 42 41.240  2.01   1
     4106  55.181226 -163.289339    11.648   -96368.1     8899.7    -7390.7  18232.5  52102.8  27271.8 2021  6 18  3 52 19.460  1.66   1
     4107  54.940080 -162.248145     4.285   -30062.6   -17945.8   -14753.6  10431.8   8967.1  15211.2 2021  6 18  4  8 59.880  1.04   1
     4108  54.956299 -162.255062     2.239   -30498.9   -16140.2   -16799.7  16558.5   9879.2  14235.5 2021  6 18  4  9 19.810  1.37   1
     4109  54.968144 -162.218750     6.145   -28172.7   -14821.6   -12893.8   8156.9  15167.0  16526.2 2021  6 18  4 33 59.580  1.85   1
     4110  54.959806 -162.231543     6.874   -28993.7   -15749.7   -12165.4  16525.7  13349.7  19979.0 2021  6 18  4 34 11.000  2.00   1
     4114  54.833732 -161.862842     2.601    -5425.7   -29784.9   -16438.2  30258.5  18601.9  20164.3 2021  6 18 11 11 42.410  1.15   1
     4116  54.580489 -161.641146    32.823     8800.3   -57977.1    13784.1  32024.9  20282.1  46821.9 2021  6 18 11 40 51.220  1.29   1
     4119  55.153438 -161.482764    22.328    18841.3     5806.3     3289.6  19845.9  14306.0  20211.8 2021  6 18 12 26  6.630  0.69   1
     4122  54.778682 -161.697754    30.907     5150.9   -35913.3    11868.4  55396.9  26337.7  43411.3 2021  6 18 13 18 34.300  0.94   1
     4124  54.538729 -160.953874     7.349    52981.8   -62626.0   -11690.0  17631.9  28688.8  23602.6 2021  6 18 19 14 49.840  1.70   1
     4125  55.217334 -162.152230     9.370   -23845.4    12919.5    -9668.5 147534.9 147877.7 270545.0 2021  6 18 19 15 14.660  0.51   1
     4132  54.493770 -163.203011    13.804   -91640.5   -67631.0    -5234.8  13606.2  13352.1  18637.1 2021  6 18 20 51 32.360  1.60   1
     4142  54.820459 -160.430290    50.461    86336.0   -31262.5    31422.5  38601.6  44147.8  61999.4 2021  6 18 23 55  4.320  1.45   1
     4144  55.352563 -161.863883    20.766    -5457.0    27973.9     1726.8  23132.4  26042.8  35085.3 2021  6 19  1 25  8.930  0.36   1
     4145  55.006340 -162.355924    14.799   -36925.8   -10569.4    -4239.8  12914.8  17744.8  32617.2 2021  6 19  2 53 26.610  1.66   1
     4146  54.998271 -162.361833     8.282   -37307.2   -11467.7   -10757.3  18754.5  17569.2  15670.2 2021  6 19  2 53 53.080  0.64   1
     4149  54.405627 -163.248665     7.109   -94679.4   -77443.5   -11930.0  38667.4  29068.4  18884.2 2021  6 19  7 50 29.840  3.06   1
     4153  54.794116 -161.091488    31.659    43997.1   -34195.1    12620.6  12293.3  28211.5  45093.2 2021  6 19 10 14 15.130  0.90   1
     4154  54.960046 -160.743229    10.202    66175.9   -15723.0    -8836.5  28264.2  33961.4  20588.9 2021  6 19 10 16 26.140  1.41   1
      416  55.164307 -161.473161    29.297    19451.3     7016.2    10258.2  27562.1  36938.1  14200.3 2021  1 13 21 42 18.680  2.63   1
     4161  55.398787 -162.338493    48.125   -35636.9    33119.7    29085.6  58163.3  24564.2  50761.1 2021  6 19 15 59 51.280  0.84   1
     4164  54.949561 -162.069596     5.255   -18640.4   -16890.3   -13783.7  12077.5  10948.1  17326.9 2021  6 19 16 32 56.240  0.12   1
     4165  55.379614 -161.858398    31.648    -5106.3    30985.3    12609.1  20550.4  42002.0  32947.0 2021  6 19 21 40 49.040  0.98   1
     4170  54.931067 -162.288965     5.942   -32677.1   -18949.1   -13096.7  19723.4  12885.4  19410.6 2021  6 20  0 20 56.300  1.11   1
     4172  54.852987 -162.560107    33.131   -50069.9   -27641.4    14092.0  57060.4  37296.8  91442.9 2021  6 20  0 45 25.130  1.10   1
     4176  55.037174 -161.638411     0.545     8925.3    -7136.7   -18494.0  11195.6  11815.6  10812.5 2021  6 20  2 39 25.990  2.46   1
     4177  54.461780 -161.255566    11.593    33621.2   -71192.4    -7445.7  32644.3  24047.7  10156.8 2021  6 20  2 41 24.880  1.15   1
     4180  54.935815 -162.873128     1.836   -70040.5   -18420.5   -17203.0  15243.4  38129.6  21735.9 2021  6 20  3 23 46.280  1.29   1
     4183  54.927161 -163.478499    34.284  -108774.0   -19384.0    15245.0  33411.4  52794.3  85364.7 2021  6 20  6 25 36.390  1.81   1
     4185  54.567778 -161.345296     9.074    27811.7   -59392.2    -9965.4  21363.9  17792.3  17647.7 2021  6 20  7 47 25.200  1.27   1
     4191  55.389201 -162.093132    14.349   -20035.4    32052.5    -4689.9 135820.3  64352.2 130960.7 2021  6 20 12  2 47.720  0.73   1
     4196  55.135299 -161.715365    18.024     4004.4     3786.9    -1014.4  20298.0  14922.2  22750.6 2021  6 20 15  1  2.300  0.99   1
     4197  54.454277 -161.815202    18.233    -2385.7   -72027.7     -805.7  34632.4  14008.0  22161.0 2021  6 20 15  5 19.400  1.61   1
     4203  55.067977 -162.227083    53.002   -28669.9    -3707.7    33962.8  26156.8  41673.8  22003.0 2021  6 20 17 37  7.560  1.64   1
     4206  54.745728 -162.582585     4.404   -51577.6   -39582.0   -14634.9  13947.9   8034.6  13307.2 2021  6 20 21 38  4.240  2.22   1
     4208  54.915340 -161.801465    32.433    -1493.3   -20699.9    13394.4  31325.0  27420.9  34436.7 2021  6 20 23 53 58.480  1.19   1
     4212  55.250553 -161.870264    30.264    -5870.5    16617.6    11225.2  29423.8  25853.4  15729.9 2021  6 21  1 44 22.090  0.60   1
     4213  55.114738 -162.424902    42.039   -41278.3     1498.0    22999.9  39985.8  35709.9  16666.0 2021  6 21  1 53  1.600  1.69   1
     4215  54.891374 -162.163883     0.798   -24688.2   -23367.9   -18240.8   6451.7   9638.6   9222.0 2021  6 21  2 33 11.480  0.33   1
     4218  55.101095 -162.224967     5.911   -28523.0      -20.8   -13128.2  10251.2  23222.8  13726.1 2021  6 21  2 35 11.390  0.15   1
      422  55.076396 -162.041748     3.742   -16832.9    -2770.4   -15297.3   8897.4  13359.2  15182.6 2021  1 13 22 45 41.860  0.91   1
     4220  55.413444 -161.929508    27.720    -9625.5    34751.4     8680.8  38038.6  22583.3  35583.4 2021  6 21  7 59 55.150  0.09   1
     4221  55.291077 -161.587256    47.495    12154.8    21128.9    28455.7  20883.5  42221.0  24840.8 2021  6 21  8  2  0.740  0.77   1
     4222  54.811169 -161.246110    31.119    34082.3   -32296.7    12080.3  18989.4  23475.3  38696.9 2021  6 21  9 56 53.630  2.15   1
     4223  55.127087 -161.511149     1.474    17036.2     2872.8   -17564.5  19511.2  11422.8  20271.6 2021  6 21  9 57 16.050  2.02   1
     4224  55.106694 -162.213704     5.017   -27802.1      602.5   -14022.2  13933.1  19095.6  20265.6 2021  6 21 10  4 51.070  0.34   1
     4226  55.307210 -161.586670     9.097    12189.6    22924.9    -9941.6  12219.5  22646.2  49259.8 2021  6 21 11 55 41.980  0.98   1
     4229  55.393595 -161.727311    27.525     3231.7    32541.7     8485.9  31763.1  50754.5  30786.4 2021  6 21 13  4 47.480  0.55   1
      423  55.055697 -162.047542     2.144   -17207.3    -5074.8   -16894.4  10117.6  15148.6  14183.5 2021  1 13 22 46 11.400  0.56   1
     4232  55.105957 -161.931608    25.654    -9796.6      520.5     6615.1  42628.4  34638.0  34466.3 2021  6 21 13 58 15.120  0.43   1
     4238  54.418298 -161.631185     8.416     9459.1   -76032.9   -10622.5  37837.6  16923.5  26039.6 2021  6 21 14 53 44.070  2.03   1
     4240  54.598014 -161.248730    27.556    34003.9   -56026.1     8517.1  13485.1  15172.6  63077.9 2021  6 21 17 21  4.620  2.88   1
     4243  55.139290 -161.862809     0.744    -5403.0     4231.3   -18294.5  24426.8  10361.9  20223.2 2021  6 22  4  4 44.280  0.42   1
     4247  54.567896 -161.321029    11.828    29371.0   -59379.1    -7210.6  12561.3  23548.9  31139.8 2021  6 22  7  4 16.310  1.82   1
      425  55.095850 -162.049333     3.330   -17313.0     -604.7   -15709.4  11050.9  11599.1  30904.2 2021  1 13 23 19 54.520  0.69   1
     4250  55.224679 -161.689762    22.206     5631.7    13737.1     3166.7  26704.0  15882.6  24616.4 2021  6 22  8  2 11.240  0.95   1
     4251  54.788892 -161.344548    16.198    27783.8   -34776.7    -2840.7  25792.0  36370.9  90818.9 2021  6 22  9 14 18.760  1.42   1
     4252  55.098535 -162.960352     1.625   -75466.8     -305.8   -17414.2  10510.7  21111.6  12131.7 2021  6 22  9 54  5.540  1.36   1
     4253  55.306295 -161.608415    28.726    10805.3    22823.0     9687.4  21521.7  14266.2  27654.1 2021  6 22  9 59 29.680  1.23   1
     4256  55.055139 -162.026530     2.954   -15865.4    -5136.8   -16084.7  18001.1  27572.4  22209.2 2021  6 22 13 54 16.860  0.66   1
     4259  54.750350 -163.656641     9.635  -120433.4   -39067.4    -9404.3  21505.0  32123.2  20962.8 2021  6 22 17 35 47.140  1.64   1
      426  55.097599 -162.046826     3.093   -17152.6     -409.9   -15945.9  13740.2  11441.9  33424.3 2021  1 13 23 37 36.140  0.72   1
     4261  54.730770 -160.810091    34.103    62076.6   -41247.1    15063.8  22480.5  19827.2  50699.5 2021  6 22 18 38 50.000  2.26   1
     4262  54.652389 -161.194092    12.451    37488.3   -49972.9    -6588.0  21070.7  23704.9  19671.1 2021  6 22 19  3 26.840  1.51   1
     4263  54.505644 -162.203271    57.480   -27339.0   -66309.2    38440.8  34910.5  10865.9  12538.4 2021  6 22 19 40 20.340  1.80   1
     4265  55.373971 -161.763916    20.697      903.9    30357.0     1658.2  41052.9  30155.3  16379.5 2021  6 22 20  2  9.700  0.68   1
     4268  54.985832 -161.895801     3.039    -7522.3   -12852.4   -16000.1  14773.9  10231.6  25568.6 2021  6 22 23 12 45.300  0.94   1
     4270  55.132943 -161.768620     6.329      606.5     3524.6   -12709.8  15557.4  27980.3  39528.0 2021  6 23  1 16 53.250  0.32   1
     4271  55.348901 -161.226497    17.120    35102.9    27566.2    -1918.7  30868.5  34426.9  37621.7 2021  6 23  5  6 23.470  0.79   1
     4272  55.289010 -161.874707     6.894    -6150.6    20898.7   -12145.1  38603.9  30263.7  75983.6 2021  6 23  5  6 45.290  1.49   1
     4275  55.404940 -162.706201     2.199   -59016.9    33804.6   -16839.7  34617.3  39213.4  35215.1 2021  6 23 12 36 44.650  2.11   1
     4285  55.383146 -161.924300    40.959    -9297.9    31378.5    21920.4  58781.1  45757.6  33317.5 2021  6 25  8 20 16.700  0.87   1
      429  55.102067 -162.049398     3.381   -17315.8       87.4   -15657.4  10657.9  12188.9  36432.1 2021  1 13 23 49 37.880  1.30   1
     4291  55.290621 -161.786279    21.141     -519.3    21078.1     2102.1  51501.5  36310.2  28932.5 2021  6 25 15 23  3.090  1.99   1
     4294  55.014046 -161.602783    19.413    11204.6    -9711.5      374.1  14165.9  13017.4  11823.3 2021  6 25 18 35  2.740  1.25   1
     4299  54.620959 -161.293636    25.845    31110.7   -53471.7     6806.4  11704.0  17939.3  99762.4 2021  6 26  2 45 35.190  1.77   1
       43  54.821094 -161.810400     0.237    -2067.4   -31191.8   -18801.5  24396.9   9480.5   8378.1 2021  1  2 11 51 52.070  1.44   1
      430  55.101884 -162.049870     2.808   -17345.9       67.0   -16231.2   9522.4  10912.0  51205.0 2021  1 13 23 52  2.120  1.04   1
     4301  55.190682 -161.269238    15.939    32447.2     9952.5    -3099.5  19525.3  23956.6  59420.0 2021  6 26  3 13 42.950  1.35   1
     4302  55.355546 -161.842415    10.249    -4090.8    28305.9    -8790.4  45354.1  31008.5  44077.6 2021  6 26  3 14 15.740  0.73   1
     4306  54.529850 -161.772933    13.108      333.8   -63614.4    -5930.6   5750.9  13364.2  20095.0 2021  6 26 15 14  9.370  1.38   1
     4308  55.077209 -161.887533    44.769    -6985.8    -2679.8    25730.1  65363.2  18991.8  21454.3 2021  6 26 16  3 36.550  1.01   1
     4309  55.353023 -160.960758    46.464    52010.6    28025.1    27425.5  14924.1  54056.9  23949.0 2021  6 26 16 31 50.790  1.48   1
     4313  55.436125 -161.417871    23.433    22899.8    37276.3     4394.2  19296.4  55303.5  25220.9 2021  6 26 18 50 27.000  2.18   1
     4315  54.645699 -161.559147    12.964    14057.0   -50717.6    -6074.6  11057.0  10713.4  24301.5 2021  6 26 20  4 10.440  2.60   1
     4316  54.787272 -161.840690    24.929    -4009.3   -34957.0     5890.4  18180.8  12700.3  12642.8 2021  6 26 20  4 18.300  2.96   1
     4317  54.698189 -162.891846     0.566   -71447.7   -44874.1   -18472.6  15798.0  11195.8  10702.1 2021  6 27  0 18 59.030  1.46   1
     4322  54.608626 -161.266341    30.699    32868.4   -54844.7    11660.4  12593.5  12338.7  31991.9 2021  6 27  1 59 57.060  1.65   1
     4323  55.104932 -162.211963     4.923   -27691.6      406.3   -14115.5  21966.4  21410.0  26337.8 2021  6 27  3 10 27.460  0.38   1
     4331  55.223356 -162.357178    12.763   -36906.0    13589.9    -6276.2  53678.6  25838.2  72032.4 2021  6 27  7 25 25.280  1.71   1
     4332  55.082145 -161.691927    26.163     5503.5    -2130.4     7124.4  32269.7  33314.2  52150.9 2021  6 27  8 17 30.870  0.61   1
     4335  55.212903 -161.651156    35.116     8093.5    12426.2    16077.5  12102.7  19435.0  14855.7 2021  6 27  9 40 12.910  0.24   1
     4336  55.374044 -161.543636     8.919    14917.1    30365.2   -10120.0   8295.3  20364.4  18637.1 2021  6 27 10 16 59.090  0.24   1
     4339  55.279224 -161.656852    14.200     7723.9    19809.3    -4838.7  14963.5   8368.1  12915.7 2021  6 27 14 31 30.200  0.23   1
     4342  55.483264 -162.131120    28.858   -22425.1    42524.1     9819.3 184207.0 163209.0 156267.0 2021  6 27 16 34 13.480  1.32   1
     4345  55.398096 -161.651855     8.570     8030.2    33042.7   -10469.2  19503.4  33715.2  21323.5 2021  6 27 17 15 50.320  0.64   1
     4348  54.963517 -161.589421    20.939    12066.1   -15336.6     1900.0  12328.5   9425.4  15217.7 2021  6 27 23 55 56.660  0.83   1
     4349  54.827336 -161.373714    29.462    25902.4   -30497.0    10422.8  21706.5  17558.6  38580.2 2021  6 27 23 56  6.060  1.35   1
     4353  55.249023 -161.623861    49.277     9828.9    16447.3    30238.5  56879.9  45095.9  21900.2 2021  6 28  8  6 19.230  0.90   1
     4357  54.478748 -162.977523    14.261   -77152.7   -69303.4    -4778.2  26333.6  20258.0  26961.5 2021  6 28  9 19 33.570  1.33   1
     4358  54.402604 -161.654460     9.433     7962.4   -77780.1    -9606.0  18431.6  11345.2  25094.9 2021  6 28 10 15 43.900  1.48   1
     4361  55.268770 -161.834212    52.285    -3572.7    18645.6    33245.8  47815.5  25504.6  17595.8 2021  6 28 12  0 14.640  1.11   1
     4365  55.417346 -161.456868     7.187    20425.7    35185.8   -11851.8  36186.3  41441.7  93758.2 2021  6 28 13 22 43.780  0.55   1
     4368  54.617749 -161.518913    45.171    16645.6   -53829.1    26132.5  17345.2  17628.3  15792.3 2021  6 28 16  4 46.700  1.23   1
     4370  55.187463 -161.782178    20.616     -258.4     9594.1     1577.0  44718.2  18591.2  29230.1 2021  6 28 17  9  2.320  0.58   1
     4373  54.488802 -161.708936    15.373     4450.1   -68184.1    -3665.9  16220.5  18212.1  15403.5 2021  6 28 18 39 41.400  1.00   1
     4376  54.991821 -161.876270    10.106    -6273.3   -12185.7    -8932.5  16649.1  14252.1  19082.0 2021  6 28 20 21 15.940  0.82   1
     4378  55.002063 -162.296549     9.745   -33133.1   -11045.5    -9294.3  15841.3  17224.1  18228.3 2021  6 28 21  9 23.720  1.11   1
      438  54.429757 -161.338704     8.254    28283.3   -74757.3   -10784.6  11863.3  12019.6  14485.4 2021  1 14  2  7 56.070  1.53   1
     4383  55.163477 -162.176123     2.066   -25385.4     6923.8   -16973.1  11935.9  12839.8   7687.9 2021  6 29  0 17 22.290  0.37   1
     4386  55.335193 -161.726042     6.352     3314.9    26040.1   -12687.0  12376.5  15658.7  21379.1 2021  6 29  0 57 57.850  1.85   1
     4393  54.896899 -161.568636    19.087    13406.2   -22752.8       48.3  20767.0  10310.3  27624.5 2021  6 29  8 12 43.520  1.05   1
     4395  55.571627 -161.285807    62.092    31241.4    52361.0    43053.0  27391.0  33560.1  18960.3 2021  6 29  8 46 29.590  1.89   1
     4400  55.160657 -161.846061     7.550    -4333.3     6609.9   -11489.0  20384.0  16358.6  22116.4 2021  6 29 12 38 19.600  0.43   1
     4402  54.784603 -161.936442     1.943   -10145.6   -35254.2   -17096.3  15484.2  13193.3  14268.9 2021  6 29 17 54 52.480  1.33   1
     4409  54.982206 -161.890462     4.023    -7181.4   -13256.0   -15016.0  19256.7  11276.2  15107.4 2021  6 30  1 46 12.980  1.38   1
     4410  54.607060 -161.280876    11.680    31935.6   -55019.1    -7358.5   8400.5  12840.4  10191.2 2021  6 30  1 48 22.170  1.73   1
     4411  55.014624 -162.263232     2.975   -30998.9    -9647.1   -16064.3  19925.8  14008.0  14042.8 2021  6 30  2 59 12.060  1.17   1
     4413  55.020418 -161.500244    33.116    17755.6    -9002.1    14077.5  21481.0  21415.1  20142.9 2021  6 30 10 40  7.880  1.94   1
     4419  55.147115 -160.951025    71.533    52765.5     5102.4    52494.4  11550.1  24240.3  16637.8 2021  7  1  0 35 51.240  2.53   1
     4422  54.736418 -163.510091    12.966  -111057.1   -40618.4    -6072.4  21762.7  28279.7  19082.1 2021  7  1 10 29 36.020  2.03   1
     4423  54.876147 -163.149040    16.590   -87753.7   -25063.0    -2448.6  14445.6  31629.6  45764.2 2021  7  1 17 26 23.240  2.29   1
     4432  54.952494 -162.069027     5.376   -18603.3   -16563.7   -13663.1  12510.0  10827.8  16959.4 2021  7  2 20 25 30.240  1.67   1
     4437  54.499052 -161.723503    11.168     3512.8   -67043.1    -7870.5  14790.5  12405.9  14081.2 2021  7  3 12 15 37.400  1.94   1
     4444  55.034993 -161.789665    16.720     -737.2    -7379.5    -2318.9  28719.0  19108.9  24742.3 2021  7  4  2 21  5.830  1.33   1
     4448  55.241691 -161.402588    40.193    23929.4    15631.0    21153.9  23532.1  19270.6  20408.7 2021  7  4  7  6 29.930  0.82   1
      445  54.546252 -161.207031     9.739    36705.8   -61788.5    -9299.6  20124.9  21142.6  28431.1 2021  1 14  3 41 35.420  2.25   1
     4450  54.552486 -162.104036    21.777   -20945.6   -61094.5     2738.3  27706.0  18057.9  27592.4 2021  7  4 14 27 16.240  1.15   1
     4452  55.482650 -161.774463     1.032      232.6    42455.7   -18007.0  46735.0  50994.3  66052.8 2021  7  4 15  1 17.480  0.82   1
     4454  55.212594 -161.931950     4.558    -9805.4    12391.8   -14480.8  26658.0  18034.8  26303.5 2021  7  4 18 15 21.120  0.26   1
     4459  55.052816 -161.662093    22.967     7411.0    -5395.5     3927.9  16936.7  15622.0  24684.7 2021  7  4 20 39  1.200  1.23   1
     4460  55.107458 -161.954932    53.506   -11285.1      687.6    34467.6  46744.3  47507.7  23359.4 2021  7  4 20 39 10.800  1.44   1
     4465  55.392000 -162.114242    23.250   -21377.3    32364.2     4211.1 242237.4 160425.9 210944.8 2021  7  5  2 20 34.560  0.02   1
     4468  54.976640 -160.820264    58.074    61237.3   -13875.7    39035.1  13893.3  11253.4  12341.1 2021  7  5  2 47 31.390  1.37   1
     4469  55.061658 -162.174414    24.806   -25308.5    -4411.1     5767.5  85649.4  64840.4  28606.1 2021  7  5  3 36 30.270  1.40   1
     4475  54.954061 -162.254085     2.285   -30437.3   -16389.3   -16753.9   7751.3   5887.9   6638.7 2021  7  5 18 18  8.520  1.18   1
     4476  54.937463 -162.244108     1.772   -29805.4   -18237.0   -17266.9   7473.7  11788.1  13495.8 2021  7  5 18 18 20.600  1.62   1
      448  55.059843 -162.444792     3.180   -42576.8    -4613.2   -15858.9  18508.1  19016.7  20179.8 2021  1 14  5 15 42.230  1.23   1
     4481  54.537032 -162.570264    21.266   -50918.7   -62814.9     2227.2  19796.8  21367.8  31810.2 2021  7  5 23 55 26.360  1.45   1
     4482  55.306836 -161.823617    14.935    -2896.4    22883.3    -4103.8  50728.2  58097.0  53969.6 2021  7  6  0 32 48.470  0.46   1
      449  55.045178 -162.076107     9.820   -19034.1    -6245.7    -9218.9   9734.0   7963.1  30122.7 2021  1 14  5 28 25.250  0.58   1
     4494  55.264111 -161.534652     7.505    15509.9    18127.0   -11534.2  12412.5   8850.9  67698.5 2021  7  6 12 45 54.120  0.17   1
     4497  54.756584 -161.055469    30.986    46326.6   -38373.4    11946.9  17151.9  23415.6  45017.0 2021  7  6 17 56 24.900  2.19   1
     4498  55.206067 -161.615951    12.471    10338.4    11665.2    -6568.0  22029.8  28852.3  55972.5 2021  7  6 18 44 15.680  1.23   1
     4502  54.816113 -161.193994    30.539    37418.7   -31746.3    11500.5  15682.3  17958.5  43015.3 2021  7  6 21 35 16.960  2.77   1
     4503  54.675382 -163.093099    60.845   -84382.4   -47413.1    41806.5 464983.2 577705.1 510510.5 2021  7  6 22 19  1.240  0.67   1
     4511  55.102275 -162.366797     7.963   -37575.8      110.5   -11075.8  13647.5  26662.0  25766.2 2021  7  7  9 44 11.680  0.66   1
     4513  55.071179 -162.160856     4.850   -24439.7    -3351.2   -14188.5  16443.6  16358.8  34414.1 2021  7  7 11 42 57.200  0.53   1
     4518  55.103703 -162.384733     6.928   -38720.0      269.5   -12110.8  14695.3  31586.2  19545.0 2021  7  7 14 16 21.290  0.34   1
     4520  55.288151 -162.103760    24.961   -20737.6    20803.2     5922.6  66129.6  49326.9  54925.8 2021  7  7 15 59 53.770  1.23   1
     4522  54.779700 -161.230013    33.527    35127.2   -35800.0    14488.1  17507.1  33103.5  27477.0 2021  7  7 19 52 52.340  2.06   1
     4524  55.263110 -161.894108     8.319    -7388.5    18015.5   -10719.8  67233.9  74476.5 100210.8 2021  7  7 20 45 36.740  0.90   1
     4525  55.332259 -161.597201     9.426    11515.6    25713.5    -9612.8  16427.5  46590.1  62659.5 2021  7  7 22 34 11.960  0.65   1
     4531  55.082560 -161.433610     1.824    21996.3    -2084.2   -17214.6  20636.0  15383.0  16373.3 2021  7  8  4  1 53.270  1.57   1
     4535  55.752091 -161.188525    64.202    37329.8    72451.2    45163.3  25891.7  25741.8  29561.1 2021  7  8  5 21 56.310  1.68   1
     4537  55.302437 -161.911312    25.841    -8480.3    22393.6     6802.4  65264.9  48870.1  51197.5 2021  7  8  7 45 43.930  0.98   1
      454  55.310449 -161.652946    29.074     7969.6    23285.5    10035.3  32468.8  43165.1  25839.7 2021  1 14  6 11 28.110  0.59   1
     4540  54.459709 -163.131689     7.586   -87090.0   -71422.9   -11452.9   8880.9  11635.2  24097.0 2021  7  8 12 11 31.290  1.60   1
     4543  54.363139 -161.656950    12.860     7805.8   -82173.5    -6179.2  58142.1   8426.7  32969.4 2021  7  8 15 10 15.810  1.26   1
     4545  54.599764 -161.396859    47.534    24488.9   -55831.3    28495.5  22645.4  20993.0  28801.8 2021  7  8 16  9 52.700  1.43   1
     4549  55.289958 -162.057308    20.546   -17779.0    21004.3     1506.6 250266.5 250972.8 232591.4 2021  7  8 21 55  7.980  0.76   1
     4550  54.768559 -163.007764    11.455   -78815.5   -37040.3    -7584.3  19704.0  28235.7  32205.9 2021  7  8 22 29 34.120  1.26   1
     4551  54.629667 -161.318376    30.713    29519.0   -52502.4    11673.9  16428.3  12773.1  25443.2 2021  7  8 22 50  7.200  1.39   1
      456  54.595756 -161.295036    12.335    31030.5   -56277.5    -6704.1  12843.5   9465.7  10726.7 2021  1 14  6 30 46.600  2.02   1
      457  54.563241 -161.220199    13.722    35851.9   -59897.3    -5317.0  19738.1  12531.1  11332.9 2021  1 14  6 32 54.860  3.58   1
     4572  55.205546 -162.220638    16.355   -28209.9    11607.2    -2684.2  61003.2  25516.3  78935.3 2021  7  9 13 43  5.320  2.19   1
     4575  54.958565 -161.555729    19.377    14221.2   -15887.9      338.1  12998.6  20931.5  37059.8 2021  7  9 15  3 55.090  1.22   1
     4579  54.555920 -163.344222    13.104  -100645.3   -60712.2    -5934.8  12965.6  17546.9  22508.8 2021  7  9 19 13 56.000  1.44   1
      458  54.575899 -161.285270    29.248    31665.5   -58488.0    10208.9   8843.0  16544.8  45384.5 2021  1 14  6 33 52.080  2.82   1
     4583  55.202970 -161.936702    10.181   -10109.5    11320.5    -8857.7  27751.9  31163.5  38259.1 2021  7 10  0  5 57.390  0.53   1
     4588  55.407271 -161.858626     7.856    -5119.0    34064.2   -11182.6  68464.1  35658.8 105430.7 2021  7 10  7  5 59.730  0.52   1
      459  54.581799 -161.325293    11.923    29092.0   -57831.2    -7116.1  16117.7  14234.4  16873.1 2021  1 14  6 38 26.640  1.53   1
     4591  55.450553 -161.882194    29.407    -6614.0    38882.6    10368.3 100618.6  75229.7  31486.6 2021  7 10 11  3 19.860  1.09   1
     4593  55.649312 -161.503711     9.241    17396.7    61009.3    -9798.1  58435.4  42979.1  77105.0 2021  7 10 13 23 45.840  1.07   1
     4596  55.282633 -161.725228    17.419     3368.9    20188.9    -1619.5  18174.9  18672.1  16413.2 2021  7 10 14 34 15.640  0.83   1
      460  54.570121 -161.280143    24.903    31997.2   -59131.3     5864.2  13221.8  13229.0  13097.9 2021  1 14  6 43 26.000  1.84   1
     4600  55.251546 -161.871533    31.974    -5951.3    16728.1    12935.6  35197.1  65569.4  63563.5 2021  7 10 22 58 25.720  1.64   1
     4605  55.489860 -161.575684    29.816    12859.7    43258.4    10777.3  31105.3  30789.3  34641.4 2021  7 11  1 25 40.410  1.47   1
     4606  55.397412 -161.904036    16.120    -8007.5    32966.6    -2919.2 109757.4  43943.4 114798.0 2021  7 11  1 59  7.380  0.56   1
     4611  55.558643 -161.102718    63.359    42866.8    50915.6    44320.1  10400.6  32790.3  20632.3 2021  7 11 10 56 20.030  1.77   1
     4612  55.337508 -161.541667    16.432    15049.2    26297.8    -2606.6  10696.7  26747.1  43111.2 2021  7 11 10 56 26.820  0.83   1
     4613  55.190828 -161.551644    38.550    14440.7     9968.8    19510.7  24190.5  89922.7  43830.0 2021  7 11 10 57 42.430  1.07   1
     4614  55.216003 -161.707959     3.738     4472.5    12771.4   -15300.6  20402.3  13594.1  44040.1 2021  7 11 11 28 36.000  0.23   1
     4615  54.882214 -162.991846    13.587   -77685.7   -24387.6    -5451.1  25855.6  34988.9  30029.6 2021  7 11 17  6 33.980  1.60   1
     4616  54.989514 -162.600846     1.883   -52589.2   -12442.5   -17155.7  30109.9  74862.9  33389.1 2021  7 11 17 33  9.740  0.64   1
     4627  54.673918 -162.254036    34.866   -30540.0   -47576.2    15826.7  19157.5  20389.0  33717.9 2021  7 11 23  3 12.840  1.59   1
     4637  55.351331 -161.754020    17.805     1533.9    27836.6    -1233.8  24786.8  48598.4  35316.4 2021  7 12  5  1 56.300  0.89   1
     4641  54.639030 -161.895573    35.000    -7540.1   -51460.0    15960.9  25832.6  24396.4  30343.9 2021  7 12  8 31  3.070  1.13   1
     4645  55.137008 -161.258317    13.840    33165.7     3977.2    -5198.6  14378.0  16277.2  18161.0 2021  7 12 10 41 33.710  1.60   1
     4652  54.938302 -161.419580    92.045    22933.2   -18143.7    73006.3  12818.4  24184.5  15504.9 2021  7 12 14 53 22.980  1.07   1
     4653  55.357654 -161.739469    37.561     2459.6    28540.5    18522.2  20524.5  74354.1  25459.0 2021  7 12 14 54 30.030  1.42   1
     4656  54.914974 -162.753369     1.549   -62396.4   -20740.7   -17489.6  22472.6  36229.5   8172.9 2021  7 12 16  6 56.230  0.87   1
     4661  54.649093 -162.470915    68.376   -44471.0   -50339.8    49337.6  14081.8  10065.6  14341.6 2021  7 12 21 46 18.640  1.28   1
     4663  55.029468 -162.295443    11.515   -33051.1    -7994.7    -7524.3  16465.5  25511.1  23166.2 2021  7 12 21 47  0.100  1.43   1
     4669  54.803219 -162.002458     1.575   -14372.8   -33181.8   -17463.5  18306.3  10702.8  11756.8 2021  7 13  1 13 57.760  0.62   1
     4671  54.923120 -162.639681    33.617   -55117.0   -19833.8    14577.8  28921.5  28186.1  27118.1 2021  7 13  2 12 40.900  1.48   1
     4673  55.361804 -161.821240    14.995    -2743.2    29002.6    -4043.4  40105.5  43285.0  42225.8 2021  7 13  4  9 14.290  0.10   1
     4674  55.670142 -161.479557     2.549    18923.0    63328.2   -16489.7  62702.6  47233.3  53572.9 2021  7 13  4 23 53.660  1.13   1
     4675  55.393945 -161.870540    11.904    -5877.6    32580.7    -7135.2  82434.5  46966.2  72802.9 2021  7 13  4 30  9.930  0.19   1
     4680  54.370500 -161.399609    16.814    24380.9   -81354.1    -2225.2  18853.1  14506.6  14857.8 2021  7 13  6  3 25.690  1.36   1
     4681  55.248543 -161.981852     5.440   -12980.5    16393.8   -13599.1  63346.2  46999.8  56530.6 2021  7 13  6  3 54.010  0.36   1
     4682  54.681392 -163.461214    12.112  -107996.4   -46744.1    -6926.7  22134.1  24488.9  15224.9 2021  7 13  6 47 56.560  1.46   1
     4684  55.383830 -161.906315    15.762    -8153.8    31454.6    -3277.1 136575.9 116283.6 117776.1 2021  7 13  7 20 54.030  0.65   1
     4686  55.004085 -162.253385     5.211   -30373.6   -10820.4   -13827.6  27677.3  12845.2  34977.0 2021  7 13  7 49  4.670  2.77   1
      469  54.567761 -161.261198    24.244    33215.5   -59394.0     5205.2  17751.9   8791.2  11163.1 2021  1 14 11  1 27.670  2.23   1
     4693  55.832898 -162.635107    62.175   -54203.5    81447.0    43136.6 460011.5 401167.5 442028.3 2021  7 13 10 50  3.920  0.62   1
     4698  55.096208 -161.557894    33.012    14058.7     -564.9    13973.4  25072.9  30946.9  23703.5 2021  7 13 12  9 19.200  0.78   1
     4699  55.416744 -161.384473    22.398    25028.9    35118.7     3359.3  21029.2  70662.1  17286.5 2021  7 13 12 18 58.060  1.16   1
     4703  55.246179 -161.514714     9.139    16783.8    16130.7    -9899.4  18165.9  24650.0  16586.5 2021  7 13 13  5 16.280  1.03   1
     4706  54.710055 -161.479557    49.544    19151.0   -43553.3    30505.1  14904.3  12112.2  16193.2 2021  7 13 14 46 34.100  1.28   1
     4707  55.257186 -162.003939    17.914   -14386.2    17356.0    -1124.9 194660.8 169632.8 186518.3 2021  7 13 15 25 34.290  0.41   1
     4708  54.495105 -162.158512    69.640   -24463.9   -67482.4    50601.4  75638.9  14744.4  18313.1 2021  7 13 16  5 14.050  1.79   1
     4712  55.418636 -161.903955    14.659    -8000.2    35329.4    -4379.5 109790.4 121912.2  91894.6 2021  7 13 18 27 25.340  0.49   1
     4714  55.067257 -161.629150     3.657     9513.4    -3787.8   -15381.6  30137.9  10026.9  34208.1 2021  7 13 18 33 12.400  0.64   1
     4716  55.326774 -161.836214    16.978    -3697.5    25102.9    -2061.3  35610.1  48162.7  44009.1 2021  7 13 18 35 57.780  0.55   1
     4719  54.750362 -162.497168    14.359   -46098.5   -39066.0    -4679.9  10108.7   7424.2  74300.7 2021  7 13 20 31 13.000  0.75   1
     4720  54.629329 -162.945654    61.219   -74963.4   -52539.9    42180.5  24678.2  17236.6  10762.1 2021  7 13 21 36  6.880  1.67   1
     4733  55.198478 -161.413721    35.302    23232.6    10820.4    16263.4  14967.7  26619.8  21909.6 2021  7 14  5  5 18.740  1.13   1
     4739  54.959074 -161.391162    35.762    24744.4   -15831.2    16723.5  35465.2  36124.1  24044.5 2021  7 14 10 44 55.050  1.15   1
     4740  54.967432 -163.116602    13.387   -85580.3   -14900.8    -5651.8  23537.8  22561.2  25614.6 2021  7 14 12 30 40.540  1.22   1
     4743  55.359285 -162.275618    22.094   -31654.0    28722.2     3054.8  63790.1  40180.8  60801.4 2021  7 14 15 59 54.440  0.65   1
     4745  54.948637 -163.038086     0.380   -80578.9   -16993.1   -18659.1  14030.3  21057.4  11917.7 2021  7 14 16 18 52.940  1.98   1
     4747  54.978333 -163.108317    13.309   -85039.1   -13687.3    -5729.9  17017.4  30742.2  25833.8 2021  7 14 16 26  6.050  0.93   1
     4748  54.931405 -161.546777    29.521    14798.7   -18911.5    10482.3  28212.5  37371.4  58100.9 2021  7 14 16 36 55.550  0.74   1
     4749  55.176701 -161.908561    12.241    -8318.2     8396.0    -6798.0  27229.7  48707.7  30496.5 2021  7 14 16 37 18.660  0.77   1
      475  55.161865 -161.889372    20.601    -7095.8     6744.4     1561.6  35188.4  23727.6  37441.9 2021  1 14 15 59 37.150  0.43   1
     4751  54.509924 -161.105371    12.767    43259.1   -65832.7    -6272.3  17197.1  15532.0   5405.5 2021  7 14 17  7 51.240  1.39   1
     4752  54.983781 -163.122021    12.851   -85909.4   -13080.7    -6187.4  16014.1  29800.9  24664.1 2021  7 14 17 26 13.840  0.80   1
     4757  55.296859 -160.637256    52.974    72646.7    21772.5    33935.2   9099.4  20155.2  11067.7 2021  7 14 18 16  1.720  1.42   1
     4758  55.273425 -161.470524    22.705    19592.7    19163.8     3665.6  35816.0  78844.1  45008.9 2021  7 14 18 16 44.240  1.38   1
     4759  55.334090 -162.024333    14.816   -15670.4    25917.3    -4223.3  98871.1 134178.9 114363.2 2021  7 14 18 41  0.480  0.08   1
      476  55.015808 -162.094661    33.416   -20226.7    -9515.3    14377.1  55204.2  28148.1  48177.3 2021  1 14 15 59 52.470  1.17   1
     4760  54.716174 -162.460726    11.050   -43780.7   -42872.0    -7988.5  29655.1  11241.6  27515.8 2021  7 14 18 44 43.160  0.70   1
     4763  55.004944 -161.534115    30.799    15594.4   -10724.8    11759.6   7694.8  29680.2  22828.7 2021  7 15  0 53 45.770  1.21   1
     4767  55.763147 -161.995801    17.653   -13780.0    73681.9    -1385.9 118016.7  70391.8  77348.1 2021  7 15  1 33 32.500  1.03   1
     4777  54.965043 -162.260270     2.141   -30828.6   -15166.7   -16897.8   6337.2   6209.9   7734.5 2021  7 15 11  1 54.060  1.20   1
     4778  55.159485 -161.941683     3.078   -10432.7     6479.4   -15961.2  16351.7  18602.6  17396.5 2021  7 15 11 12  0.550  0.69   1
     4783  54.988346 -162.272965     0.449   -31631.2   -12572.5   -18590.3  17052.9   9943.6  12617.9 2021  7 15 13 38  1.880  3.07   1
     4786  54.864897 -161.148519    27.083    40307.4   -26315.5     8044.0  26336.8  12678.6  68002.5 2021  7 15 17 35 26.800  2.56   1
     4795  54.598197 -163.362549    12.895  -101770.0   -56005.7    -6144.1  22723.5  22375.6   8385.6 2021  7 15 23 15 37.720  1.07   1
     4796  55.306160 -162.186458    16.850   -25998.3    22808.1    -2189.2  62097.3  41433.7  81315.8 2021  7 15 23 59 55.540  0.87   1
     4798  55.935848 -162.457275    13.823   -42899.9    92907.8    -5215.9  47585.5  34017.6  39125.7 2021  7 16  0 42 45.590  2.38   1
     4806  55.177677 -162.525960    11.717   -47690.6     8504.7    -7321.7  22464.2  68049.5  31351.9 2021  7 16  5  0 22.420  0.72   1
     4810  55.282357 -161.602930    19.582    11157.9    20158.1      542.7  17985.0  17616.1  32446.1 2021  7 16  5 49 28.290  2.96   1
     4812  54.854720 -161.049577    13.801    46647.6   -27448.4    -5237.6  15923.5  31311.8  30463.5 2021  7 16  7 28 56.660  1.64   1
     4815  54.774711 -161.113249    30.917    42613.0   -36355.4    11878.5  30048.2  18666.6  58790.5 2021  7 16  9 46 59.940  2.35   1
     4818  54.809713 -160.700195    12.454    69056.3   -32458.8    -6584.6  11331.0  21160.0  13353.4 2021  7 16 14 27 49.820  1.93   1
     4825  55.103979 -161.061800    14.393    45723.1      300.3    -4645.9   9279.5  48242.9  19120.2 2021  7 16 19 12 22.420  1.30   1
     4826  55.033272 -161.566683    16.760    13508.2    -7571.1    -2279.3   5290.7  24674.8  26084.8 2021  7 16 19 14  5.040  1.12   1
     4829  55.336047 -161.548942    21.963    14586.5    26135.2     2924.2  27836.7  39805.2  52632.1 2021  7 16 20  4 38.880  0.74   1
      483  54.550631 -162.492025    58.472   -45881.8   -61301.1    39433.3  10636.5   6490.9  19492.4 2021  1 14 19 23 40.880  1.84   1
     4833  55.471476 -161.158919     2.664    39342.8    41211.8   -16374.9  23561.0  55764.4  27729.1 2021  7 17  1  1 43.160  1.21   1
     4840  55.054675 -161.151270    39.257    40036.8    -5188.4    20217.7  25553.3  20808.0  24582.0 2021  7 17  1 58 19.480  1.61   1
     4843  55.197904 -162.185889    16.277   -25997.1    10756.5    -2762.3  53348.4  34614.9  87068.7 2021  7 17  3 34 35.640  1.96   1
     4850  55.530688 -161.839307     9.005    -3884.4    47803.6   -10034.2 127967.6 139989.9 182926.0 2021  7 17  6 51  4.340  0.22   1
     4851  54.921045 -162.169531     1.223   -25040.4   -20064.8   -17816.3   3777.3   9179.6   9683.3 2021  7 17  7 17  6.110  1.02   1
     4860  54.270935 -162.081966    51.436   -19594.9   -92438.1    32396.8  60435.7  16370.0  18346.3 2021  7 17 15 42 22.500  2.08   1
     4863  55.192399 -162.303581     6.526   -33502.9    10143.6   -12512.8  25683.1  17600.3  16548.9 2021  7 17 20 27 25.800  0.18   1
     4872  54.833997 -161.777409    37.157       45.9   -29755.4    18118.2  51427.1  34267.5  47617.1 2021  7 18  0 47 40.400  1.63   1
     4874  54.448637 -161.592269     8.766    11959.8   -72655.5   -10272.6  16537.0  11612.9  13370.3 2021  7 18  1  1 52.230  2.14   1
     4878  55.055929 -162.832829     4.405   -67362.1    -5048.9   -14634.1   8808.8  23644.4  13214.9 2021  7 18  5 26 36.120  0.65   1
     4880  55.300968 -162.188118    32.662   -26105.7    22230.1    13623.6  47511.6  50816.9  66798.9 2021  7 18  7 59 53.010  1.00   1
     4882  54.660018 -161.899072     2.689    -7762.7   -49123.6   -16349.8  28404.3  16888.5  17532.3 2021  7 18 11 27 20.990  1.78   1
     4884  55.160681 -161.720752    17.388     3659.5     6612.6    -1650.6  24142.4  37219.8  15267.8 2021  7 18 12 55 42.130  0.33   1
     4885  55.474211 -161.533089     5.179    15568.4    41516.2   -13860.3  20217.6  26969.4  37151.9 2021  7 18 13  1  4.330  0.84   1
     4893  55.329134 -161.665804     4.914     7149.3    25365.6   -14124.7  41858.7  11872.7  39822.6 2021  7 18 16 10 50.680  0.95   1
     4898  55.109892 -161.659635    22.512     7562.6      958.5     3473.2  18177.0  18217.5  12328.4 2021  7 18 17 55 44.500  1.15   1
     4899  55.909660 -162.421924    13.317   -40680.3    89992.4    -5721.8  47675.7  33989.9  39125.7 2021  7 18 17 55 47.360  1.53   1
      490  54.527445 -162.049007    53.027   -17414.4   -63882.1    33988.3  34928.6  11743.8  19066.0 2021  1 14 21 44  4.920  1.57   1
     4900  54.954769 -160.925781    12.883    54506.2   -16310.5    -6156.3  24235.0  41375.8  28264.0 2021  7 18 20 41 55.000  1.17   1
     4902  55.016203 -162.298649    12.183   -33261.4    -9471.4    -6856.3  21505.5  20610.9  29350.8 2021  7 18 22 16 44.080  1.42   1
     4903  55.003337 -162.435238    20.552   -41996.1   -10903.7     1513.2  13618.0  16923.5  12130.7 2021  7 18 22 16 54.660  1.21   1
     4915  54.683521 -162.242464    72.606   -29793.8   -46507.1    53567.0  23072.4   7701.6  13319.5 2021  7 19  2 49 27.590  1.74   1
     4919  54.479565 -162.946468    12.562   -75154.3   -69212.4    -6477.3  25469.5  18939.0  17518.8 2021  7 19  5 28 39.740  1.55   1
      492  55.298942 -162.034456    13.119   -16321.9    22004.5    -5919.9 131827.0 130597.2 142958.9 2021  1 14 22 51 22.560  0.29   1
     4922  55.140816 -161.885238    11.056    -6833.9     4401.2    -7982.9  15472.1  33008.5  22356.0 2021  7 19  6 49 48.660  1.23   1
     4924  55.051469 -162.060352    37.548   -18026.3    -5545.4    18509.6  43019.2  52354.2  30562.8 2021  7 19  6 50 39.570  0.78   1
     4928  55.374072 -161.773975     7.334      264.0    30368.3   -11705.2 110031.5  49867.7 179767.8 2021  7 19 10 54  2.080  0.80   1
     4930  55.193144 -162.082780    18.595   -19424.6    10226.5     -443.5 107478.8  91675.5 109712.9 2021  7 19 11  1 36.140  1.05   1
     4935  55.269124 -161.955290    11.186   -11285.2    18685.0    -7852.8  38843.2  46757.3  67387.8 2021  7 19 13 46 34.510  1.00   1
     4938  55.289840 -161.696891    18.483     5173.1    20991.2     -556.3  18082.8  11022.2   7979.9 2021  7 19 13 53 47.990  0.42   1
     4948  54.876192 -161.466243    36.891    19963.9   -25058.0    17851.8  18005.7  24714.5  46490.2 2021  7 19 20 12 17.800  1.43   1
      495  54.637248 -161.325374    10.005    29066.9   -51658.4    -9033.9  18030.6  13646.2  26188.1 2021  1 14 23 56  1.640  1.51   1
     4952  55.398482 -162.418701    22.625   -40737.9    33085.8     3586.4  96829.8  57913.6 122788.1 2021  7 19 23 59 53.100  1.16   1
      496  55.140898 -162.025081    27.214   -15756.0     4410.2     8175.3  82132.5  55800.5  57197.6 2021  1 15  1  1 21.850  2.06   1
     4965  55.038534 -161.771615    10.007      415.9    -6985.4    -9031.7  29299.4  41591.1  52294.7 2021  7 21  6 39 15.070  1.98   1
     4966  55.164209 -161.569710    34.313    13293.1     7005.4    15273.9  44504.2  23931.8  32073.1 2021  7 21  6 50 46.680  1.33   1
     4968  54.660213 -162.558512    95.580   -50087.1   -49101.8    76540.7  26239.6  21445.0  12056.7 2021  7 21  9 29 25.950  1.64   1
     4969  54.561882 -163.310465    10.671   -98468.7   -60048.6    -8368.0  12360.1  13719.7  12080.3 2021  7 21 12 41 42.380  1.84   1
     4970  55.286865 -162.204574    31.669   -27158.2    20660.0    12630.2  51480.8  44959.4  66546.6 2021  7 21 15 59 52.910  1.30   1
     4971  54.482792 -161.754460    10.333     1522.2   -68853.2    -8705.8  17172.1   5664.8  19327.1 2021  7 21 20 31 47.920  2.22   1
     4975  54.615177 -161.189095    29.992    37826.4   -54115.4    10953.1  11951.5  16577.8  45765.8 2021  7 22  1 40 11.400  3.64   1
     4977  54.370426 -162.080160    11.149   -19454.6   -81362.2    -7889.5  63961.7   9937.3  25847.9 2021  7 22  7 22 36.130  1.97   1
     4980  55.320272 -161.918490     5.375    -8935.3    24379.0   -13663.7 108917.8 128726.9 108179.3 2021  7 22  9  4 45.420  0.13   1
     4988  55.159322 -162.320719     5.022   -34610.0     6461.3   -14016.8  23396.1  18723.3  31130.6 2021  7 22 22  2 49.720  1.46   1
     4991  55.352584 -162.135091    20.563   -22714.6    27976.1     1524.2 169390.7 111491.4 159503.3 2021  7 22 23 59 55.060  1.51   1
     4992  54.544198 -163.314095    13.148   -98723.5   -62017.2    -5890.4  18820.0  19849.1  17759.7 2021  7 23  9 54 20.990  1.39   1
     4994  55.231954 -161.658317    33.607     7635.2    14547.0    14568.2  19111.2  10842.9  18656.7 2021  7 23 12  9 54.420  1.21   1
     4999  55.735970 -162.022461     9.432   -15473.0    70656.5    -9606.5 142030.8  73721.6 184548.2 2021  7 23 17  5 47.360  1.44   1
      501  54.770504 -160.577441    10.477    76957.7   -36823.8    -8562.0  20626.3  24765.7  18882.9 2021  1 15  3 54 42.200  2.08   1
     5016  55.226855 -161.704118    49.777     4716.7    13979.5    30737.9  24616.7  15777.1  13906.9 2021  7 24 13 15 17.290  1.58   1
     5017  55.275594 -161.752865    39.496     1608.9    19405.3    20457.0  24503.3  14461.7  17814.6 2021  7 24 13 22 53.650  1.33   1
     5020  55.125037 -161.940853     4.903   -10384.2     2644.5   -14135.7  31507.1  11933.3  32110.4 2021  7 24 14 49  8.780  1.64   1
     5022  55.346346 -161.892708     1.659    -7291.8    27281.7   -17380.0  77064.5  67060.3  83821.1 2021  7 24 14 49 33.800  1.21   1
     5024  54.959367 -161.857650    50.369    -5085.2   -15798.6    31329.8 156381.9 648497.8 388609.7 2021  7 24 17 27 45.020  0.77   1
     5027  55.131295 -161.974495     8.542   -12530.1     3341.2   -10496.4  28677.4  27600.9  34509.9 2021  7 24 18 53 48.920  0.80   1
     5033  54.584782 -161.156885    32.071    39909.8   -57499.2    13032.5  21084.3  12844.7  39277.4 2021  7 24 23 34 53.640  1.52   1
     5037  54.695451 -160.894840    24.239    56666.6   -45179.0     5200.5  13206.9  18736.7  15311.6 2021  7 25  3  5 58.420  1.56   1
     5038  54.944926 -163.633838    39.808  -118684.9   -17406.3    20769.1  26328.9  54450.9  55717.6 2021  7 25  3 23  6.400  1.69   1
     5039  54.987044 -162.393864     6.205   -39359.9   -12717.5   -12834.0  10703.5  17806.5  20584.6 2021  7 25  3 45 12.690 -0.25   1
     5052  55.253194 -162.083805    13.037   -19475.3    16911.6    -6002.0  49081.5  44508.8  55295.4 2021  7 25  9 49 47.520  0.46   1
     5054  54.935441 -161.113509    31.841    42511.5   -18462.2    12801.8  22453.2  22748.9  37193.8 2021  7 25 10 21 50.290  1.29   1
     5058  55.300741 -161.795085    22.742    -1079.9    22204.7     3703.5  46570.0  45834.3  37886.2 2021  7 25 12  8 56.600  0.97   1
     5060  55.308065 -161.852962    17.238    -4764.7    23020.1    -1800.9  48384.3  53401.3  49319.2 2021  7 25 12 23 17.770  0.79   1
     5061  55.372424 -161.726221     7.231     3302.0    30184.9   -11807.7  47828.3  23334.7  50543.9 2021  7 25 12 27 56.580  0.68   1
     5065  54.796692 -160.986719    32.597    50708.7   -33908.4    13558.0  19002.9  19264.6  50542.5 2021  7 25 12 47 46.620  1.86   1
     5067  54.545052 -162.122656    30.569   -22144.3   -61922.1    11530.1  92780.6  28613.9 104897.6 2021  7 25 14 39 59.930  1.39   1
     5070  54.948983 -162.203483     4.349   -27203.0   -16954.6   -14689.6  16793.6  11423.6  23052.8 2021  7 25 16 25  3.000  1.64   1
     5072  55.371887 -161.855924     1.832    -4949.4    30125.1   -17206.8  32910.2  15495.2  59622.9 2021  7 25 16 25 28.660  0.47   1
     5077  55.202791 -161.865234     8.205    -5553.4    11300.5   -10834.1  21822.6  10114.8  27858.0 2021  7 25 19 36  7.300  0.33   1
     5079  55.412976 -161.895898    12.198    -7488.5    34699.3    -6841.1 141517.5 145318.7 239180.6 2021  7 25 20 36 32.600  1.04   1
     5080  55.047965 -161.708219    16.854     4465.2    -5935.4    -2185.0  12275.5  23135.1  31705.1 2021  7 25 22 15 17.640  1.08   1
     5087  55.168689 -162.056136    29.770   -17731.2     7504.1    10731.3  36099.5  48870.1  24558.9 2021  7 26  3 55 17.930  1.16   1
     5092  55.244926 -161.922168    40.909    -9178.1    15991.1    21869.7  42269.4  44465.9  43053.7 2021  7 26  7 39 30.430  0.82   1
     5094  55.153609 -161.941488     6.341   -10421.0     5825.3   -12697.6  32462.1  27044.7  22421.8 2021  7 26  8 11 19.980  0.33   1
     5097  55.505070 -161.773682    28.262      282.2    44951.6     9222.9  44472.0  37593.9  30107.3 2021  7 26 11 28 48.480  0.23   1
       51  54.978540 -162.893018     1.651   -71274.8   -13664.2   -17387.8  21145.6  30434.6  24042.1 2021  1  2 14 13 33.960  1.91   1
      510  55.013383 -161.338835    33.277    28071.6    -9785.3    14238.5  22246.1  17926.3  16474.6 2021  1 15 18 22 22.660  1.88   1
     5101  54.457548 -161.819629    63.294    -2670.5   -71663.5    44255.5  17094.2  17518.3  13142.3 2021  7 26 16 27 49.760  1.58   1
     5107  54.444958 -162.025635    62.983   -15928.0   -73065.0    43943.7  35009.3   5558.4  11215.1 2021  7 27  0 58 57.370  1.47   1
      511  55.061206 -161.416130    33.111    23118.5    -4461.4    14071.8  17123.2  16630.6  29677.4 2021  1 15 18 22 35.920  2.02   1
     5115  55.299817 -162.248324    11.991   -29939.6    22101.9    -7047.6 108485.5  67497.1 161789.4 2021  7 27  7 59 55.370  1.15   1
      512  55.551542 -161.788623    10.407     -666.4    50125.1    -8631.9 117308.2 102678.4 150258.9 2021  1 15 21 12 37.760  0.89   1
     5120  54.608378 -161.286833    12.706    31552.5   -54872.3    -6333.2  16831.5   6717.8   7541.0 2021  7 27 12 12 34.910  2.82   1
     5121  54.570695 -161.340739    13.557    28103.5   -59067.4    -5481.6  14329.6   7279.9   8648.1 2021  7 27 12 17 41.790  1.43   1
     5122  55.260864 -162.052832    13.988   -17500.3    17765.5    -5051.4 209799.5 196304.2 230206.7 2021  7 27 12 28 41.640  0.22   1
     5130  55.274577 -161.755615    17.892     1433.7    19292.0    -1146.4  31591.0  31523.8  20443.4 2021  7 27 20  4 43.080  0.60   1
     5131  54.929142 -162.248796     3.862   -30108.3   -19163.4   -15177.3  13744.1   7617.8  10783.4 2021  7 27 20 20 50.280  1.56   1
     5133  55.029411 -163.149333    12.024   -87605.6    -8001.0    -7015.3  17410.3  39564.8  17759.4 2021  7 27 23 12 28.800  1.32   1
     5135  54.845386 -161.211003    57.579    36316.0   -28487.5    38540.1  11014.2  16982.3  15824.8 2021  7 28  1 31 19.340  1.39   1
     5139  54.616317 -162.638525     8.361   -55252.5   -53988.6   -10677.5  16917.0  11750.4  31933.2 2021  7 28 11 54 45.260  1.86   1
     5143  54.989832 -162.349186     9.470   -36502.7   -12407.2    -9568.9  14341.6  21503.6  18911.1 2021  7 28 15 34 17.450  1.46   1
     5147  55.006954 -161.535807    79.958    15485.8   -10501.0    60919.0  13382.5  23754.9   6455.4 2021  7 28 21 12 14.340  1.93   1
     5150  54.486609 -162.131917    13.916   -22755.9   -68428.3    -5122.9  24373.1  14220.2  19206.0 2021  7 29  5 47 12.170  1.84   1
     5151  55.272770 -160.796908    11.414    62499.5    19090.9    -7625.3  22722.9  70281.0  18005.1 2021  7 29  5 49 50.580  2.03   1
     5152  55.743152 -161.250505    16.030    33409.4    71456.0    -3009.1  33197.7  34540.6  48875.0 2021  7 29  5 49 52.440  1.81   1
     5154  55.385181 -161.483626    13.911    18732.0    31605.0    -5128.4  20970.8  30266.2  31162.8 2021  7 29  6 16 19.630  4.95   1
     5160  55.323234 -160.728369    30.748    66822.9    24708.8    11709.0  18664.6  32193.8  50275.1 2021  7 29  6 33  6.800  3.99   1
     5163  55.052063 -161.695296     2.952     5290.4    -5479.3   -16086.6  53630.3  31929.3  53023.0 2021  7 29  6 37 17.390  2.92   1
     5166  55.280233 -161.720410    28.576     3675.9    19921.7     9536.6  64882.1  53272.8  24212.2 2021  7 29  6 47 57.360  2.94   1
     5167  55.515853 -160.407064    10.821    87065.4    46152.0    -8217.8  25449.4  33803.7  24431.0 2021  7 29  6 53 55.630  3.33   1
     5169  55.424980 -160.657357    13.834    71252.4    36035.6    -5205.2  23934.3  57764.7  16693.6 2021  7 29  6 57 33.840  2.72   1
      517  55.360050 -161.863086     6.884    -5405.8    28807.3   -12155.0  38312.4  19886.1  44752.1 2021  1 16  4 15 37.410  0.57   1
     5177  55.391878 -161.392594    27.917    24520.1    32350.6     8878.0  13943.3  40833.5  44324.7 2021  7 29  7 21 49.290  1.53   1
     5178  55.291923 -161.257113    28.061    33178.4    21223.1     9022.5  28612.3  84583.4  41149.0 2021  7 29  7 22 46.910  2.50   1
     5182  55.439433 -161.574349     5.998    12952.6    37644.6   -13041.3  31259.6  43591.2  29734.4 2021  7 29  7 30 24.080  1.51   1
     5184  55.335063 -161.036637    47.687    47192.9    26025.6    28647.9   6611.3  68554.8  14590.6 2021  7 29  7 33  3.480  3.18   1
     5185  55.256108 -161.589453     7.246    12020.1    17235.9   -11793.3  13098.7  11136.3  34526.0 2021  7 29  7 33 44.320  2.69   1
     5186  55.187699 -161.917415    14.955    -8881.6     9620.4    -4083.5  38064.9  35979.4  46933.0 2021  7 29  7 35 18.750  2.18   1
      519  54.870581 -161.402930    27.590    24018.3   -25682.7     8550.7  17020.6   6952.1  32330.0 2021  1 16  6 42  0.470  1.66   1
     5190  55.240312 -161.461117    17.236    20200.3    15477.5    -1803.1  11713.8  12366.5  21099.5 2021  7 29  7 47 26.120  2.92   1
     5193  55.390560 -162.152620    43.991   -23818.7    32203.8    24951.9  66665.1  46615.7  41364.6 2021  7 29  7 59 52.840  2.51   1
     5198  55.201143 -161.235026    46.066    34624.1    11117.1    27027.4  28703.7  81009.7  39852.7 2021  7 29  8  9 30.510  2.56   1
     5199  55.250635 -162.041732     5.171   -16795.3    16626.7   -13867.6  23784.1  33044.4  80350.0 2021  7 29  8 10 24.440  2.24   1
      520  55.213839 -161.878011    14.885    -6367.0    12530.4    -4153.6  71159.2  41682.7  49108.7 2021  1 16  6 42 26.060  0.67   1
     5200  55.254024 -161.401156    20.676    24017.0    17004.0     1637.2  28755.7  50922.2  30166.4 2021  7 29  8 10 57.020  3.06   1
     5204  55.329085 -160.938737    55.375    53427.9    25360.2    36336.0  11819.7  35925.1  14841.3 2021  7 29  8 16 19.590  2.92   1
     5209  55.436743 -161.762956     8.605      964.2    37345.1   -10433.5 105899.9  80339.2  98521.8 2021  7 29  8 30 43.400  2.26   1
     5212  55.283268 -161.346322     0.365    27500.5    20259.6   -18673.6  13304.4  22582.5  16029.4 2021  7 29  8 39 55.570  2.19   1
     5213  55.270085 -160.672054    48.856    70454.5    18791.9    29817.2   6617.8  39309.8  14258.6 2021  7 29  8 40 44.620  2.73   1
     5217  55.065141 -161.795915     6.364    -1136.1    -4023.4   -12674.9  53755.4  45626.1 109084.6 2021  7 29  8 56  0.180  2.16   1
      522  54.838643 -161.960124     2.668   -11655.4   -29238.1   -16370.5  20705.8   8313.9  11352.9 2021  1 16  9  4  4.730  0.92   1
     5220  55.345341 -161.874202    41.154    -6114.2    27169.8    22115.2 103525.6  37396.9  39712.0 2021  7 29  8 58 21.580  2.29   1
     5222  55.177877 -161.210221    21.811    36216.0     8526.9     2772.0  20964.3  36648.4  32782.0 2021  7 29  9  8 22.960  1.99   1
     5224  55.269397 -161.213932    51.760    35938.2    18715.4    32721.5  14367.8  27266.6  11037.5 2021  7 29  9 17 39.300  2.11   1
      523  55.166858 -162.226855    16.316   -28620.1     7300.2    -2723.0  24590.9  25190.3  17359.8 2021  1 16 11 12 33.480  0.81   1
     5230  55.166036 -161.726774    42.514     3275.2     7208.7    23475.5  29227.7  27970.2  17803.0 2021  7 29  9 36  0.080  1.33   1
     5231  55.348429 -161.697949    20.348     5102.0    27513.6     1309.1  43229.8  34785.7  38210.2 2021  7 29  9 36 33.740  1.21   1
     5234  55.485645 -161.905697    33.011    -8104.2    42789.1    13971.8 415787.6 341986.7 317755.6 2021  7 29  9 39 21.410  1.96   1
     5235  55.422286 -162.199756    24.762   -26805.9    35735.7     5722.8 207385.0 143608.1 192783.0 2021  7 29  9 43 53.970  1.46   1
     5238  55.283927 -161.070394    32.464    45073.2    20333.0    13424.9  16897.7  39616.4  18790.5 2021  7 29  9 52 52.530  2.22   1
     5239  55.323604 -160.980143    46.982    50795.8    24750.0    27943.0  14731.2  29188.6   7738.5 2021  7 29  9 54 13.660  2.79   1
     5242  55.260197 -161.365983    49.975    26255.8    17691.2    30936.5  26388.1  29290.2  17934.8 2021  7 29  9 59 11.570  2.08   1
     5246  55.098466 -161.584375    38.281    12367.9     -313.5    19242.3  27911.3  41412.6  31489.7 2021  7 29 10  5 44.020  1.73   1
     5247  55.227629 -161.953223    28.952   -11159.3    14065.5     9913.1  48138.1  44176.6  36175.5 2021  7 29 10  6 27.170  1.15   1
     5248  54.897188 -160.674170    10.842    70646.9   -22720.6    -8197.3  26803.2  94282.5  37541.7 2021  7 29 10  8 23.740  2.21   1
     5254  55.134477 -161.517985    34.307    16598.4     3695.4    15268.6  40842.1  39885.0  18872.6 2021  7 29 10 18 13.710  2.44   1
     5255  55.386023 -161.908496    24.284    -8292.3    31698.7     5244.9  95020.9 114584.7 104464.4 2021  7 29 10 20 42.390  1.62   1
     5257  55.421338 -161.701042    18.590     4900.8    35630.2     -448.8  32795.9  44246.3  50233.7 2021  7 29 10 22 56.750  1.25   1
     5258  55.106470 -161.271029     1.675    32367.0      577.6   -17363.7  13439.8  38628.5  15851.0 2021  7 29 10 23 28.230  1.87   1
     5259  55.224178 -160.861751    33.909    58404.6    13681.4    14870.5   5417.3  29487.8  43970.5 2021  7 29 10 24 42.520  2.05   1
      526  54.894222 -161.047331    32.014    46768.5   -23050.9    12975.1  20997.8  13370.5  29618.9 2021  1 16 11 47 21.970  2.47   1
     5260  55.250370 -160.875439    54.777    57513.4    16597.2    35737.9  10789.5  22589.1  16387.0 2021  7 29 10 27 25.890  2.07   1
     5261  55.045581 -161.776009    11.653      135.2    -6200.9    -7385.8  26799.9  17468.0  35458.0 2021  7 29 10 28  6.220  1.86   1
     5262  55.294434 -160.755990    50.209    65088.1    21502.6    31169.8   8277.3  28625.5  11531.5 2021  7 29 10 38 28.250  1.86   1
     5263  55.260050 -161.425195     4.830    22483.7    17674.9   -14209.0  22787.3  43682.1  23056.4 2021  7 29 10 42 51.470  1.08   1
     5265  55.350822 -162.927555     1.053   -73142.5    27780.0   -17985.6  39744.1  69795.7  28303.2 2021  7 29 10 50 46.240  1.91   1
     5266  55.526270 -161.155941    14.306    39504.9    47311.6    -4733.3  21783.8  50148.1  34736.3 2021  7 29 10 54 33.180  1.36   1
     5267  55.270223 -161.805111     2.984    -1718.9    18807.3   -16054.5  21546.2  27078.5  31089.6 2021  7 29 10 55 16.230  0.77   1
     5268  55.273564 -161.340283    37.532    27888.4    19179.2    18493.3  22468.7  56359.6  40394.2 2021  7 29 10 59  3.250  1.64   1
     5270  55.207446 -161.612061    19.430    10586.2    11818.7      391.2  26608.6  42164.9  22734.2 2021  7 29 11  5 32.310  2.05   1
     5271  55.245048 -161.073470    31.362    44899.1    16004.7    12322.6  16330.4  27696.0  40975.9 2021  7 29 11  9 16.950  2.69   1
      528  54.830249 -163.167497    10.960   -88985.8   -30172.6    -8079.0  14873.9  20165.0  17262.4 2021  1 16 20 41 35.700  2.91   1
     5282  55.264148 -161.567350    14.185    13426.9    18131.0    -4854.3  16268.0  22254.2  44200.6 2021  7 29 11 48 29.290  1.30   1
     5285  55.257597 -161.305778     3.634    30092.2    17401.7   -15404.8  13019.4  40752.1  20925.5 2021  7 29 12 17 22.580  1.22   1
     5286  55.145504 -161.323600    22.355    28997.3     4923.0     3315.8  29416.0  51544.5  30970.5 2021  7 29 12 18 29.800  1.93   1
     5290  55.240629 -161.291016    20.055    31039.3    15512.8     1016.6  21612.0  23621.8  29758.7 2021  7 29 12 28 54.180  2.30   1
     5292  55.228910 -160.671729    15.331    70511.5    14208.2    -3707.6  20581.9  83870.8  24972.0 2021  7 29 12 32 39.070  1.91   1
     5293  55.181030 -161.280843    33.258    31711.1     8878.0    14218.8  10461.6  33803.5  23143.1 2021  7 29 16  0 22.560  1.79   1
     5297  55.238737 -160.905111    31.815    55631.0    15302.2    12775.7   8511.1  35392.5  44798.1 2021  7 29 16  9 42.880  3.21   1
      530  54.646830 -160.667301    21.220    71307.1   -50591.7     2181.2  36308.9  39572.4  35505.0 2021  1 17  8 14 31.480  2.86   1
     5300  55.229928 -160.871647    57.089    57769.8    14321.5    38049.9  14429.8  67539.2  13431.9 2021  7 29 16 38 28.030  1.75   1
     5304  55.427153 -161.646029    46.631     8397.7    36277.5    27591.8  74624.3  68515.5  39683.1 2021  7 29 17  4 20.940  1.87   1
     5305  55.292367 -161.620719    10.582    10023.6    21272.5    -8457.3  43718.9  52239.1  53214.9 2021  7 29 17  4 30.440  1.55   1
     5308  55.284497 -162.040576    37.331   -16714.6    20396.4    18291.9  63500.7  67593.5  65894.0 2021  7 29 17 23 19.880  2.03   1
     5315  55.263448 -160.775798    50.207    63851.5    18053.1    31167.8  10326.2  28160.6  19339.3 2021  7 29 17 52 10.720  1.82   1
     5318  55.199084 -161.207699    32.107    36367.2    10887.9    13067.8  30877.9  76875.8  36097.0 2021  7 29 18 14 55.100  2.21   1
     5319  55.426554 -162.082682    13.070   -19361.7    36210.9    -5968.7  45743.9  43701.2  55980.0 2021  7 29 18 15  7.600  1.72   1
      532  55.074870 -162.015609     7.516   -15164.1    -2940.3   -11523.3  15732.4  13101.1  31152.4 2021  1 17 16 26 15.000  1.05   1
     5320  55.183602 -161.554948    41.954    14231.3     9164.3    22915.2  27579.3  18039.0  16485.1 2021  7 29 18 17 44.500  1.03   1
     5322  55.358044 -160.945622    18.871    52970.5    28584.0     -167.7  26003.7  81056.4  41719.5 2021  7 29 18 38 14.140  1.82   1
     5323  55.247351 -161.909814    15.197    -8390.7    16261.1    -3841.8  16658.2  24375.5   9241.0 2021  7 29 18 38 46.660  1.04   1
     5324  55.298873 -160.936410    48.529    53596.3    21996.8    29490.1   8581.5  31964.4  13557.8 2021  7 29 18 46 50.080  1.48   1
     5326  54.679736 -161.957959    10.751   -11539.4   -46928.4    -8287.6  32955.2  10276.6  43598.9 2021  7 29 18 53 55.900  1.35   1
     5328  55.470638 -161.690983    25.590     5536.8    41118.5     6551.0  57540.3  55298.7  48466.1 2021  7 29 19 12 48.560  2.91   1
     5330  55.308305 -160.910563    32.698    55235.5    23046.8    13658.9  16635.2  33278.4  35518.3 2021  7 29 19 53 31.080  1.75   1
     5334  55.447026 -162.076823     3.857   -18984.4    38489.8   -15182.1 265410.9 178169.8 323151.6 2021  7 29 20 24  8.820  1.75   1
     5335  55.240442 -160.835824    31.934    60044.9    15492.0    12894.8  10971.1  49595.2  44073.5 2021  7 29 20 25 39.660  1.54   1
     5336  55.278276 -161.222965    27.596    35358.9    19703.8     8557.6  14663.8  47634.5  52668.3 2021  7 29 20 31  8.820  2.55   1
     5339  55.202543 -161.762842     5.753      974.3    11272.9   -13286.1   9183.8  28632.9  27343.5 2021  7 29 20 34  7.480  3.07   1
     5340  55.376233 -161.685205    22.842     5911.0    30608.9     3802.9  29047.0  16170.0  52221.4 2021  7 29 20 42 33.160  1.16   1
     5341  55.007812 -161.714551     3.429     4062.8   -10405.4   -15609.6  21749.6  10053.6  15871.4 2021  7 29 20 43  0.040  1.83   1
     5343  55.370052 -160.986393    40.888    50368.7    29920.8    21848.6  10634.5  17538.2  14872.4 2021  7 30  0 55 44.980  1.75   1
     5347  55.238741 -160.760026    56.236    64876.2    15302.6    37197.2   9087.8  33772.7   9648.3 2021  7 30  2 56 24.590  1.95   1
     5351  55.235856 -161.791178    10.344     -831.8    14981.5    -8695.0  25997.7  13605.8  29695.3 2021  7 30  3 37 43.990  1.56   1
     5352  55.329508 -160.717448    58.252    67512.8    25407.3    39213.4  11880.7  31183.0  14786.8 2021  7 30  3 52 43.560  3.37   1
     5353  55.288334 -160.863883    47.809    58222.0    20823.6    28769.8  11472.5  38280.9  15055.5 2021  7 30  4 12  9.130  1.89   1
     5354  55.238554 -161.765413    12.569      810.0    15281.8    -6469.5  41106.4  21367.6  27476.0 2021  7 30  4 22  7.230  1.85   1
     5355  55.323604 -161.826156     6.730    -3057.4    24750.0   -12309.1  89376.5  61404.5  82110.6 2021  7 30  4 22 34.820  1.53   1
     5359  55.220671 -161.667839    15.636     7029.4    13290.9    -3402.4  10160.9  21840.8  39355.4 2021  7 30  5 32 58.760  4.03   1
      536  54.796761 -161.870117     1.781    -5894.3   -33900.7   -17258.2  23461.7  10807.6  13892.2 2021  1 17 18 59 30.400  2.67   1
     5360  55.248751 -161.414990    19.519    23137.1    16417.0      480.5  20935.5  30094.1  36113.5 2021  7 30  5 41 30.770  1.91   1
     5361  55.219474 -162.281836    17.620   -32105.6    13157.7    -1418.9  42896.5  27386.6  37319.3 2021  7 30  5 42  9.460  2.12   1
     5362  55.267509 -160.554769    37.000    77927.8    18505.2    17961.5  21109.8  41786.0  45568.0 2021  7 30  5 49 52.850  2.08   1
     5365  55.466642 -161.123698    47.615    41583.2    40673.6    28576.5  10007.3  19362.1  18747.1 2021  7 30  6 47  0.330  1.97   1
     5368  55.277946 -160.617025    52.025    73952.5    19667.1    32985.9  13899.0  24012.4  23254.1 2021  7 30  7 25 12.630  2.59   1
     5372  55.069718 -161.729606    12.166     3098.3    -3513.8    -6872.5  23757.4  24716.9  46075.3 2021  7 30  8 40 28.800  1.00   1
     5373  55.122852 -162.767367    18.258   -63128.5     2401.3     -781.1  14940.6  25839.7  76025.3 2021  7 30  9 27 58.210  1.58   1
     5375  54.962349 -161.472201    12.259    19561.6   -15466.6    -6779.7  15105.4  43483.4  40061.8 2021  7 30  9 55 18.120  1.49   1
     5377  55.125073 -161.808203     9.325    -1919.4     2648.6    -9713.4  35709.8  38885.6  45352.1 2021  7 30  9 58 41.950  1.84   1
     5384  55.019527 -161.437158    16.771    21786.8    -9101.3    -2268.3  21108.5  49659.6  43427.1 2021  7 30 12 38  8.830  1.43   1
     5387  55.231620 -160.884261    32.467    56964.7    14509.9    13427.7  17405.9  28719.3  39653.5 2021  7 30 13 28 45.830  2.34   1
     5388  55.208199 -161.435970     4.432    21811.4    11902.5   -14606.7  24209.1  12921.7  48001.9 2021  7 30 13 29 23.700  2.48   1
     5389  55.355900 -161.393441    18.342    24477.3    28345.3     -696.9  16613.9  62338.0  28387.4 2021  7 30 13 53 54.860  1.59   1
     5390  55.237752 -161.568734    20.661    13343.2    15192.5     1622.3  20188.5  42517.2  27082.7 2021  7 30 14 20 41.680  1.92   1
     5394  55.079045 -161.024268    16.488    48133.7    -2475.5    -2550.7  21540.5  41255.1  24679.4 2021  7 30 14 35 25.930  1.03   1
     5396  55.207996 -160.866162    41.096    58135.2    11879.9    22057.0  21885.7  30830.4  31187.4 2021  7 30 14 42 18.030  2.54   1
     5397  55.263175 -161.605273    31.796    11011.2    18022.8    12756.8  43773.4  55438.6  34429.3 2021  7 30 14 42 47.950  2.93   1
     5399  55.301469 -161.026807    38.299    47838.7    22285.8    19260.2  11979.0  32606.4  17209.9 2021  7 30 14 58 52.760  2.23   1
       54  55.060954 -162.043929     2.568   -16975.4    -4489.5   -16471.1  12154.4   8331.3  13371.9 2021  1  2 18  7 19.400  1.16   1
      540  54.574740 -161.268001    13.324    32775.5   -58617.1    -5714.7  14155.4  12280.6   9770.3 2021  1 17 20 28 44.120  2.36   1
     5400  55.162590 -161.711540    25.957     4247.0     6825.1     6918.1  24990.8  65514.6  22330.7 2021  7 30 14 59 27.710  2.35   1
     5401  55.166707 -161.799463    12.555    -1360.9     7283.5    -6484.1  39241.1  91189.7  51405.6 2021  7 30 15 27 17.720  0.80   1
     5402  54.436348 -161.799284    15.327    -1361.8   -74023.5    -3712.3  19258.5  11612.2  18409.4 2021  7 30 16 57 32.750  2.05   1
     5404  55.229895 -160.885254    33.035    56902.6    14317.8    13996.1  17154.7  27734.2  35400.5 2021  7 30 19 16  7.520  2.22   1
     5406  54.292249 -161.490251    10.614    18560.3   -90065.4    -8424.5  39071.2  22132.4  16121.8 2021  7 30 21 25 29.680  1.80   1
     5407  55.459587 -161.110303    53.435    42438.1    39888.2    34396.2   9687.1  31654.7  15909.0 2021  7 30 21 45  3.100  2.11   1
     5408  55.471501 -161.826546     7.233    -3076.6    41214.5   -11805.4 167371.6 151446.2 305211.4 2021  7 30 21 55 23.880  1.57   1
     5409  55.427246 -161.725293     6.479     3358.7    36287.9   -12559.7  49663.0  44072.8  53311.0 2021  7 30 22 12 38.600  2.21   1
      541  54.581348 -161.260791    13.956    33236.1   -57881.5    -5083.1  14205.8  12870.6   9456.0 2021  1 17 22 21  2.560  2.73   1
     5412  55.286894 -161.096533    32.570    43406.9    20663.2    13531.3  14688.3  47430.4  38603.3 2021  7 31  0 59 25.490  1.76   1
     5422  54.544316 -161.847575    12.894    -4463.8   -62004.1    -6145.2  16263.9   8634.4  15550.5 2021  7 31 12 12 41.240  2.71   1
     5424  54.974821 -162.419010    24.234   -40973.6   -14078.2     5194.8  10339.3  10837.8  19630.5 2021  7 31 14  4  8.180  0.87   1
     5435  55.237183 -161.351481     4.330    27187.5    15129.1   -14708.6  18053.5  22934.6  30609.4 2021  8  1  1 49 34.080  1.51   1
     5441  55.229500 -161.061833    54.872    45649.5    14273.9    35833.1  14599.0  57414.9  12873.6 2021  8  1  5 37 32.330  1.69   1
     5442  55.312069 -161.764144    32.002      890.1    23465.8    12963.3  43147.0  67583.8  55077.2 2021  8  1  5 38  6.350  1.59   1
     5448  54.508142 -163.168376     0.978   -89397.2   -66031.1   -18061.1  21224.3  19527.7  15911.3 2021  8  1  6 37  6.710  2.05   1
      545  55.456250 -161.619157     7.430    10102.4    39516.7   -11609.2  29051.7  33261.1  69308.6 2021  1 18  6 44 23.680  0.37   1
     5453  55.171647 -161.882308     5.411    -6644.4     7833.4   -13628.2  11532.1  15780.1  12888.5 2021  8  1  7 51 38.960  1.73   1
     5454  55.347347 -160.773405    48.881    63936.8    27393.1    29841.8  13274.7  25851.0  20234.1 2021  8  1  8 59 42.810  2.29   1
     5458  55.107198 -161.283447    30.988    31574.1      658.6    11949.3  12101.1  19193.3  32416.2 2021  8  1 10  8 40.590  1.21   1
      546  54.595378 -161.206234     9.938    36734.8   -56319.6    -9100.5  18580.1  16869.5  11644.6 2021  1 18  9 17 23.290  1.82   1
     5460  55.113127 -161.895703     6.297    -7504.2     1318.6   -12742.4  17546.8  12157.0  35425.3 2021  8  1 10 28  7.020  0.20   1
     5461  55.339303 -160.916325    45.716    54847.4    26497.6    26676.8   9551.9  43279.7  19784.3 2021  8  1 11 52 29.480  1.70   1
     5464  54.832963 -161.126921    36.099    41706.6   -29870.5    17059.9  21833.1   5518.2  35932.4 2021  8  1 13  4 20.970  2.61   1
     5465  55.194194 -160.766309    53.514    64511.7    10343.4    34475.1  13017.3  37339.0  14550.1 2021  8  1 13 43 17.330  2.03   1
     5467  55.208329 -160.668815    33.585    70715.3    11917.0    14546.4  20281.5  45676.5  40297.3 2021  8  1 14 44 18.300  2.12   1
     5473  55.241654 -161.631120    15.074     9367.3    15627.0    -3965.2  11272.4  18122.1  26191.3 2021  8  1 16 11 46.050  1.99   1
     5475  55.260624 -161.281576    33.218    31632.9    17738.8    14179.0  20417.3  29737.5  21780.9 2021  8  1 20  1 48.880  1.63   1
     5477  54.893315 -162.356006    12.312   -36982.9   -23151.9    -6726.9  68776.5  56686.3  36520.9 2021  8  1 20 37 39.240  1.51   1
     5478  55.303463 -161.067920    40.138    45219.7    22507.7    21099.2  14016.3  23195.3  13714.2 2021  8  1 21 35 39.880  1.58   1
     5483  55.171488 -161.032031    34.365    47583.2     7815.7    15326.2   8574.9  48214.8  24921.7 2021  8  2  4 48 30.770  1.69   1
     5486  55.429411 -161.302344    49.527    30245.9    36528.9    30488.3  11487.7  14947.3  11838.2 2021  8  2  5 24 22.090  1.20   1
      549  55.333118 -161.720898     5.232     3642.3    25809.1   -13806.5  30362.1  24647.9  29896.0 2021  1 18 14 24 49.090  1.81   1
     5492  55.308280 -160.897656    33.913    56057.3    23044.1    14874.0  16035.7  10465.9  30044.7 2021  8  2  7 16  7.250  1.51   1
     5493  54.525562 -161.147070    13.231    40569.9   -64091.9    -5807.9  10894.1  14624.9   8732.3 2021  8  2  8  0 10.500  1.84   1
     5495  54.327458 -162.723649     9.524   -60935.2   -86145.7    -9514.9  29088.0  14854.1  19575.1 2021  8  2 13 21 17.330  1.85   1
     5496  55.080046 -161.650049    15.615     8177.6    -2364.1    -3423.9  20773.4  24378.2  18102.5 2021  8  2 13 24 15.170  1.43   1
       55  54.546399 -161.531706    10.621    15838.0   -61772.2    -8418.2  17412.9  15928.8  10075.9 2021  1  2 19 13 26.520  2.55   1
     5503  55.058744 -161.813167    17.774    -2238.0    -4735.5    -1264.5  15394.4  16569.2  20774.4 2021  8  2 19 47 22.560  0.80   1
     5505  55.053703 -161.593506    13.529    11791.6    -5296.7    -5509.8  15989.7  20551.3  28800.8 2021  8  2 21 57 27.480  0.90   1
     5506  55.178507 -161.962028    26.610   -11727.6     8597.1     7571.1  19282.7  32698.0  31349.3 2021  8  2 21 57 45.960  1.12   1
     5509  54.822306 -161.137679    52.631    41023.0   -31056.9    33591.7   7439.1  11942.5  11451.8 2021  8  3  3 28 18.770  2.01   1
     5510  55.303133 -161.965153    37.516   -11908.4    22471.0    18477.3  36302.7  61038.9  22133.5 2021  8  3  3 44 48.540  0.89   1
     5515  55.223584 -161.041699    47.504    46936.1    13615.3    28465.3   8964.8  40348.6  17901.0 2021  8  3  7 40  8.620  1.98   1
      552  55.210486 -161.368473    20.982    26113.4    12157.1     1943.4  13978.0  17601.6  19880.4 2021  1 18 20  8 17.180  1.02   1
     5520  54.951290 -162.245638     4.571   -29898.1   -16697.8   -14468.0   6487.2  11639.1  11160.4 2021  8  3 16 43 38.770  1.54   1
     5522  54.922225 -162.226790     3.979   -28703.1   -19933.4   -15060.2   8973.9   8979.0  10624.7 2021  8  3 16 50  6.570  2.06   1
     5528  55.319092 -161.659375     6.958     7559.5    24247.6   -12081.3   6830.3  13422.5  14463.6 2021  8  3 18 43 42.120  0.10   1
     5530  55.344845 -160.839046    11.912    59761.5    27114.6    -7126.9  16045.2  77825.6  25009.9 2021  8  3 20  5 33.200  1.62   1
     5532  55.362309 -161.238411    80.872    34339.0    29058.8    61832.8  26424.1  63459.2  20326.2 2021  8  3 21 30 14.100  1.92   1
     5535  55.267399 -161.609033    33.353    10771.2    18493.0    14313.6  35716.8  33004.7  19175.8 2021  8  3 23 31 43.720  1.79   1
     5536  55.227889 -162.183822    14.816   -25855.7    14094.5    -4222.7  40024.9  39809.7  25389.8 2021  8  3 23 32 22.520  1.77   1
     5540  55.258525 -161.843734    12.741    -4179.7    17505.0    -6297.8  31767.5  54462.8  63725.4 2021  8  4  5 21 40.130  0.63   1
     5543  55.042908 -161.399316    22.924    24197.8    -6498.5     3884.9  32577.2  27989.0  23562.5 2021  8  4  7 21 45.230  2.03   1
     5547  54.394731 -162.004395    14.264   -14570.1   -78656.6    -4774.8  41063.9   8978.8  15693.3 2021  8  4 10 26 47.930  2.10   1
     5548  55.681527 -162.075553     1.947   -18848.1    64595.6   -17091.5 158312.4 120519.2 137656.1 2021  8  4 11  5 27.830  1.82   1
     5552  55.507902 -161.348421    20.378    27289.9    45266.9     1339.2  29668.9  37354.6  24832.4 2021  8  4 14 48  7.490  1.77   1
     5558  55.005310 -162.265120     2.562   -31123.2   -10684.0   -16477.1  11012.6   5248.3  12125.5 2021  8  5  0 36 31.640  1.16   1
     5559  55.575663 -162.672021    52.796   -56721.8    52810.4    33757.5 320871.6 276089.4 362355.2 2021  8  5  1 46 48.260  1.57   1
      556  55.175191 -161.040055    14.025    47069.3     8228.0    -5014.0  13339.2  21650.3  18595.3 2021  1 18 22  2 51.800  1.01   1
     5560  55.135946 -161.409229    30.961    23537.3     3858.9    11921.8  13934.2  27318.6  27745.1 2021  8  5  3 54 50.840  1.24   1
     5562  55.054354 -161.229460    26.840    35043.0    -5224.2     7801.3  32454.7  47800.2  69796.1 2021  8  5  7 16  1.430  1.95   1
     5574  54.827804 -162.522152    88.428   -47654.5   -30444.9    69389.5  31176.9  16082.8  11453.8 2021  8  5  9 47  1.370  1.84   1
     5578  55.500521 -161.668522    23.920     6961.4    44445.2     4881.3  44799.7  45468.1  35267.5 2021  8  5 12 19 40.770  0.49   1
     5587  55.361060 -161.868848    17.469    -5772.3    28919.7    -1569.7 124714.1  95356.5  87069.3 2021  8  5 15 46  8.370  0.69   1
     5591  55.035640 -161.425212    27.485    22545.7    -7307.5     8446.0  10882.8  14898.0  18661.8 2021  8  5 16 27 42.350  1.20   1
     5592  55.331535 -161.955273     9.401   -11275.3    25632.9    -9637.8  77287.5  67997.2 142989.3 2021  8  5 16 28 16.720  1.25   1
     5595  55.445719 -162.183464    22.467   -25762.5    38344.4     3428.5 163959.7 150052.2 168346.8 2021  8  5 17  5 19.920  0.75   1
     5604  55.093050 -161.661214    16.734     7463.4     -916.4    -2304.6  30603.0  58828.0  26302.0 2021  8  5 21 24  9.780  1.36   1
     5605  55.298417 -160.993001    56.596    49993.1    21946.0    37556.9   9897.6  37634.9  13207.0 2021  8  5 21 43 37.560  1.71   1
     5609  54.928723 -162.201237     0.774   -27066.2   -19210.0   -18264.8   5015.1   7319.6   6775.6 2021  8  5 23 12 11.760  1.67   1
     5612  54.945646 -162.390153    15.841   -39142.8   -17326.1    -3197.4  12726.9  12254.5  24474.2 2021  8  5 23 26 36.760  2.19   1
     5613  54.904366 -162.252441     5.422   -30350.9   -21921.6   -13617.2  13086.8   8897.3  10352.5 2021  8  5 23 47  8.560  0.29   1
     5615  55.389832 -161.298682    34.798    30493.9    32122.7    15759.6  21949.7  64227.7  19172.4 2021  8  5 23 56 16.800  1.24   1
     5618  55.215194 -161.469043    27.346    19701.4    12681.2     8307.1  19518.4  18623.7  16426.5 2021  8  6  1  9  9.680  1.19   1
     5619  55.305981 -161.634880     9.494     9120.3    22788.1    -9545.1  17204.8  29181.7  47979.1 2021  8  6  3  7 29.530  0.34   1
     5621  55.352637 -161.947363    17.148   -10769.0    27982.0    -1890.8  37584.5  82985.5  92531.9 2021  8  6  3 37 43.900  0.94   1
     5627  55.198067 -161.826465     7.703    -3081.9    10774.6   -11335.9  14037.9  28814.3  16307.8 2021  8  6  6 10 52.460  0.71   1
     5628  55.278389 -161.392041    27.735    24590.2    19716.5     8695.9  18016.9  29571.6  32934.3 2021  8  6  7 53 33.740  1.77   1
     5629  55.176253 -161.357959    16.894    26795.1     8346.2    -2145.1  16821.5  49009.4  26394.5 2021  8  6  7 54  4.800  1.67   1
     5630  55.157292 -162.301823    24.177   -33405.5     6235.3     5137.6  27451.5  35554.9  41552.0 2021  8  6  9 10 41.980  0.97   1
     5640  54.999052 -161.293896    36.280    30948.7   -11380.7    17240.8  24343.1  44102.1  32618.1 2021  8  6 12 42 25.430  1.21   1
     5641  54.897868 -161.337272    17.116    28211.9   -22645.0    -1922.6  23530.3  24994.9  28114.3 2021  8  6 12 42 45.170  1.59   1
     5642  54.446090 -161.453857    11.172    20867.3   -72939.1    -7866.8  18363.5   8323.5  10138.0 2021  8  6 13 43 21.530  1.07   1
     5643  55.018477 -160.395785     9.234    88328.9    -9218.2    -9804.6   7967.4  29128.3   8942.8 2021  8  6 13 50 26.060  2.88   1
     5644  54.958130 -160.504053     9.220    81471.8   -15936.3    -9818.7   9307.7  31433.8  10743.1 2021  8  6 14  4 34.230  1.62   1
     5645  55.022489 -161.326074    13.108    28883.7    -8771.5    -5931.0  25213.5  19698.5  22133.0 2021  8  6 14  4 49.410  1.51   1
     5647  54.361283 -161.477327    11.168    19377.1   -82380.1    -7871.0  18991.1  13748.0  12891.8 2021  8  6 14 31 16.580  1.39   1
     5652  54.939408 -162.182731     2.306   -25879.0   -18020.5   -16732.5  13879.2   7273.5  15427.1 2021  8  6 16 18 20.580  1.02   1
     5657  54.543571 -161.275602    14.817    32299.6   -62087.0    -4221.4  20819.5  14964.5  30793.9 2021  8  6 17 10  3.080  1.23   1
     5660  55.373905 -161.888851    23.007    -7043.9    30349.8     3968.4  76665.1  58555.5  43662.8 2021  8  6 18  1  3.520  0.04   1
     5665  54.936198 -162.211068     2.967   -27692.5   -18377.9   -16071.8  12762.8   9722.8   9381.2 2021  8  6 22 33 35.060  1.43   1
     5667  54.791020 -162.400065    15.613   -39853.1   -34539.8    -3426.2  23086.7  11984.3  35901.5 2021  8  6 23  7 12.960  0.90   1
     5670  55.262789 -161.890446     7.901    -7155.3    17979.7   -11137.5  18498.3  17182.6  39116.3 2021  8  7  0 40  1.680  0.43   1
     5671  55.451294 -161.902165    27.642    -7883.2    38965.0     8603.1  36257.7  18087.7  27822.0 2021  8  7  1 15 34.050  0.65   1
     5673  55.159770 -160.947054    35.153    53010.5     6511.2    16113.9  12354.3  49586.1  41259.1 2021  8  7  3 58  6.720  1.71   1
     5682  54.580050 -162.107764    56.333   -21177.9   -58026.0    37294.1  20938.0   9888.7  17161.6 2021  8  7  9 13 34.180  1.61   1
     5683  55.290206 -161.968766    27.949   -12140.4    21031.9     8910.1  90239.5  74233.0  66454.2 2021  8  7 10  3 15.400  0.68   1
     5684  54.491528 -162.316618    58.216   -34633.7   -67880.6    39177.0  41892.4  11479.8  14292.3 2021  8  7 11 35 23.460  1.60   1
     5691  55.235527 -162.397624    21.386   -39477.8    14944.8     2347.6  47399.7  35577.4  51486.8 2021  8  7 15  2 41.800  1.74   1
     5692  55.337655 -161.123014    18.695    41694.0    26314.1     -343.8  35252.9  35658.1  86847.5 2021  8  7 16 50  3.040  1.29   1
     5693  55.372640 -161.868343    16.661    -5739.3    30208.9    -2377.9 109762.4  83935.6  56413.2 2021  8  7 16 50 36.610  0.93   1
     5695  54.996960 -162.326546     3.826   -35052.4   -11613.5   -15213.0  14141.8  15827.6  18539.7 2021  8  7 22 30 42.160  0.52   1
     5697  55.199654 -161.672884    40.824     6709.5    10951.3    21784.7  15327.0  38307.2  24812.0 2021  8  7 23 21 41.940  0.80   1
      570  55.167358 -161.890218    30.615    -7149.3     7356.0    11576.6  32751.5  16706.7  25418.3 2021  1 19  2 32 13.050  1.47   1
     5706  55.426009 -161.721810    10.740     3580.2    36150.2    -8298.9  40945.4  34360.1  36764.7 2021  8  8 18 49 55.400  0.46   1
     5721  55.271969 -161.862158    18.649    -5352.6    19001.7     -390.1  44316.0  56435.5  49688.1 2021  8  9  8 31 56.940  0.66   1
     5724  55.076302 -162.409294    15.729   -40301.4    -2780.9    -3309.6  26172.6  18379.7  26709.4 2021  8  9  9 45 44.230  1.44   1
     5729  54.703365 -161.626302    84.465     9739.2   -44298.0    65425.9  12378.0   9106.2   7948.9 2021  8  9 11 29 55.190  2.54   1
      573  55.182487 -161.349984    13.505    27301.6     9040.1    -5533.7  41202.8  45139.3  41094.5 2021  1 19  2 41 36.710  0.97   1
     5730  54.956226 -162.244613     2.678   -29830.7   -16148.3   -16361.3  10110.5   4662.6   9725.2 2021  8  9 12 56 49.430  1.54   1
     5738  55.257898 -161.239632    29.074    34306.1    17435.3    10035.2  17089.2  35181.9  38567.5 2021  8  9 14 51  9.250  1.57   1
     5740  55.322717 -160.615137    45.072    74031.2    24651.2    26032.7  18150.4  14461.0  26999.8 2021  8  9 14 55  5.430  1.96   1
     5745  54.833553 -162.420394    15.003   -41134.0   -29804.8    -4035.7  27726.9  11798.1  96230.2 2021  8  9 18 33 46.560  1.50   1
     5749  54.999573 -161.359163    30.257    26777.1   -11322.7    11218.2  15404.3  36403.0  38580.8 2021  8 10  3 51 54.600  1.96   1
     5750  55.354801 -160.598470    40.955    75062.1    28223.0    21916.2  19677.8  31024.9  35497.3 2021  8 10  6  4 45.990  1.79   1
     5754  55.382129 -161.779687     1.588      -99.4    31265.2   -17450.8  20898.4  10175.4  29383.6 2021  8 10  7 36  0.510 -0.55   1
     5757  55.395939 -161.809798     5.686    -2014.3    32802.6   -13353.2  47730.6  38006.1  71736.5 2021  8 10 10 56 14.690  0.52   1
     5758  55.711646 -161.506722    36.638    17192.3    67948.6    17599.2  44525.4  17458.1  55423.1 2021  8 10 13 52 46.540  1.57   1
     5760  55.267769 -160.877279    32.116    57383.7    18534.2    13076.8  14983.5  33826.2  39550.5 2021  8 10 19 25 15.400  1.54   1
     5761  55.225130 -161.829492     8.497    -3273.8    13787.4   -10542.0  37215.6  34929.5  61175.8 2021  8 10 19 25 57.920  1.57   1
     5763  54.873527 -161.804508    30.651    -1688.9   -25354.7    11612.2  48052.0  35480.3  33687.9 2021  8 10 21 16 38.560  2.47   1
     5764  54.968677 -161.814307     5.269    -2313.4   -14762.2   -13769.6  30490.6  20574.6  14248.8 2021  8 10 21 16 43.800  2.18   1
     5773  55.262301 -161.011914    51.416    48810.8    17925.4    32377.2   9923.9  40303.1  16644.3 2021  8 11  5 31 28.350  1.79   1
     5774  55.163814 -161.827393    15.589    -3142.4     6961.4    -3449.9  36346.5  42322.3  17471.3 2021  8 11  5 32  9.070  1.22   1
     5776  55.228284 -160.780599    54.976    63573.6    14138.5    35937.2   6755.8  21046.1  16095.5 2021  8 11  5 46 44.440  2.31   1
     5780  55.258101 -161.976676    11.897   -12649.2    17457.9    -7141.6  33111.9  23621.4  32065.2 2021  8 11  5 52 18.960  1.65   1
     5783  54.995646 -161.501855    32.495    17658.1   -11759.8    13455.7  20403.8  12965.4  30673.5 2021  8 11  6 53 51.870  1.66   1
     5786  55.135624 -160.526839    54.855    79838.2     3823.2    35816.0   7685.0  24089.7  15526.3 2021  8 11  8 15 45.230  2.55   1
     5796  55.238114 -161.652197    16.549     8024.5    15232.9    -2490.3  17409.0  17111.7  18804.9 2021  8 11 12 59  9.760  1.71   1
     5804  55.291927 -161.939258     8.843   -10261.0    21223.5   -10195.9  31243.2  35783.8  23740.4 2021  8 11 17 57 41.760  1.03   1
     5806  55.243152 -161.737174    16.751     2609.3    15793.6    -2288.1  28631.7  24477.7  17836.6 2021  8 11 18 51 11.440  0.65   1
     5808  55.173836 -161.598568     2.701    11451.2     8077.1   -16338.2  13708.9  44244.3  20072.8 2021  8 11 19 28 41.400  1.55   1
     5809  54.670886 -161.624723    19.481     9844.4   -47913.7      442.6  38132.0  27897.7  21372.2 2021  8 11 20 39 50.860  1.29   1
     5814  55.049658 -162.281396     1.836   -32145.6    -5747.0   -17202.7  16271.9   7945.0  12522.3 2021  8 12  2 55 20.360  1.43   1
     5817  55.027258 -162.445980     5.495   -42670.0    -8240.6   -13544.2  12529.4  10958.8  25558.7 2021  8 12  3 14 53.090  1.18   1
     5818  55.046647 -162.318148     4.541   -34494.3    -6082.2   -14497.8  16731.3  13820.9  21531.3 2021  8 12  3 15  9.930  1.24   1
     5821  54.622274 -161.335400    11.140    28428.4   -53325.4    -7898.6  18943.0   6777.0   9069.0 2021  8 12  4 52 38.690  2.44   1
     5824  54.896908 -162.188493     0.393   -26261.3   -22751.9   -18645.6   7590.1  10038.5   7872.0 2021  8 12  5 15  7.380  0.70   1
     5826  55.226815 -161.439697    21.402    21568.8    13974.9     2363.2  10573.9  23313.2  23640.4 2021  8 12  8 52 12.690  1.45   1
     5828  55.245785 -160.822087    38.892    60916.2    16086.7    19853.3  11492.7  26258.1  26223.7 2021  8 12  9 55  3.590  2.53   1
     5833  55.036475 -161.394076    17.762    24534.5    -7214.6    -1277.3  19491.4  46061.4  64848.3 2021  8 12 10 28 46.860  2.41   1
     5837  55.388859 -161.616602     9.876    10273.4    32014.5    -9162.6   9849.0  22162.8  24695.0 2021  8 12 11 12 27.940  0.56   1
     5845  55.162158 -162.625407    57.132   -54042.9     6777.1    38093.6  19976.2  19984.2  29731.6 2021  8 12 16  4 55.830  1.53   1
     5850  55.242721 -160.741699    66.297    66040.8    15745.6    47257.7   8643.4  24162.8   7089.9 2021  8 12 20 45 42.400  1.92   1
     5851  55.182438 -161.516325    23.034    16694.4     9034.7     3994.9  17380.9  15583.4  21476.7 2021  8 12 20 46 11.920  2.14   1
     5852  55.080526 -162.335254    35.233   -35572.0    -2310.7    16194.0  36007.7  46890.3  29738.9 2021  8 12 21 15  8.960  1.41   1
     5854  55.211589 -161.814551     8.206    -2321.9    12279.9   -10832.6  28914.0  43289.8  45046.9 2021  8 12 21 17 11.360  0.95   1
     5856  54.854976 -161.275798    28.792    32163.0   -27419.9     9753.1  15063.7   6100.3  29503.7 2021  8 12 21 50 11.600  1.90   1
     5857  55.260160 -161.137500    33.500    40811.6    17687.1    14461.2  15980.0  22263.9  19055.8 2021  8 12 22  1 24.060  1.73   1
     5858  55.215015 -162.284782    14.487   -32295.2    12661.3    -4552.3  31809.2  12041.9  20842.1 2021  8 12 22  2  6.280  1.16   1
     5863  55.334192 -161.822754    28.550    -2840.5    25928.7     9511.0  30109.0  30034.2  25170.2 2021  8 12 23 16  3.040  0.54   1
     5866  55.217383 -161.094499    30.382    43574.3    12924.9    11342.9  25584.9  85133.1  89607.9 2021  8 13  0 53  1.730  1.50   1
     5876  55.279997 -160.961865    45.286    51987.6    19895.4    26247.6   8942.9  34289.4  14809.2 2021  8 13  6  3 21.350  1.49   1
      588  55.042106 -161.726449    23.664     3301.1    -6587.7     4625.5  21639.5  29924.7  30711.4 2021  1 19  8 11 12.470  1.43   1
     5880  54.625488 -163.389030    12.182  -103436.1   -52967.6    -6857.2  16693.2  20908.9  18330.0 2021  8 13  8 12 39.920  1.33   1
     5881  55.431059 -162.132129    21.888   -22503.9    36712.3     2848.9  99015.4  98657.1  89989.1 2021  8 13 10 49 39.510  1.17   1
     5884  54.573604 -161.448812    10.642    21158.7   -58743.5    -8397.2  13236.8   9025.4  22585.3 2021  8 13 12 10 26.830  2.09   1
     5888  55.211971 -162.125488    10.388   -22142.4    12322.5    -8651.0  78727.5  66724.3  79068.7 2021  8 13 13 54 17.250  0.54   1
     5889  55.171554 -161.765088    18.681      831.5     7823.0     -357.9  47799.9  23107.9  23220.0 2021  8 13 14 21 44.790  0.77   1
     5893  54.619812 -161.281217    30.353    31908.6   -53599.5    11314.1  12647.6  14104.4  33865.1 2021  8 13 16  7  1.830  1.20   1
     5896  55.371265 -161.608333    57.455    10801.7    30055.8    38415.8  47008.6  34573.1   8890.2 2021  8 13 17 29 12.560  1.98   1
     5897  55.172310 -161.595361    22.066    11655.9     7907.2     3026.8  19017.3  41758.7  49191.9 2021  8 13 17 29 48.240  2.05   1
     5898  54.860164 -162.693587    32.060   -58611.4   -26842.3    13021.1  23618.0  21256.7  40692.7 2021  8 13 17 33 51.380  1.56   1
     5901  55.448189 -161.877523    25.007    -6317.3    38619.4     5968.4  40565.7  34338.1  38240.8 2021  8 13 18 51 23.200  0.47   1
     5906  54.545516 -162.508366    34.877   -46935.0   -61870.5    15838.0  32394.8  14567.8  38579.8 2021  8 13 21 19 52.440  0.99   1
     5908  54.782686 -160.960107    33.789    52422.9   -35467.5    14750.4  12467.7  22321.1  41550.6 2021  8 13 22 18 20.100  1.42   1
     5918  55.529732 -161.126335    56.093    41382.9    47697.1    37053.9  23725.0  48422.7  17239.0 2021  8 14  2 45 28.360  1.05   1
     5921  55.242957 -161.406689    16.974    23667.7    15771.9    -2064.7  14291.8  44154.9  34502.0 2021  8 14  3 31 19.160  0.72   1
     5922  54.915959 -162.795101    11.343   -65065.6   -20631.0    -7696.3  19899.5  32560.9  31337.2 2021  8 14  4 20 29.180  0.92   1
     5924  54.962740 -162.698470     3.947   -58849.0   -15423.1   -15092.2  18755.3  26470.3  32873.7 2021  8 14  4 21 31.600  0.91   1
     5929  54.902148 -161.588835    75.884    12112.8   -22168.5    56845.6  21631.6  16649.9   2846.7 2021  8 14  8 43  6.550  1.12   1
     5932  55.395695 -161.973437    16.390   -12421.5    32775.5    -2649.0 312240.2 209200.5 193209.9 2021  8 14 10 37 55.350  0.63   1
     5934  55.434786 -161.071387    50.467    44925.1    37127.3    31428.3  14607.4  35457.4  11918.4 2021  8 14 10 55 26.030  1.18   1
     5935  55.273161 -160.806771    61.942    61870.9    19134.4    42903.4  11497.6  37212.3  14295.0 2021  8 14 11 58  9.290  4.54   1
     5937  55.312801 -161.633154    25.192     9229.4    23547.3     6153.0  41358.5  48530.4  26435.4 2021  8 14 12 15 28.860  2.42   1
     5939  55.021073 -163.488802    22.880  -109305.4    -8929.2     3841.4  32662.0  80496.5  35819.3 2021  8 14 12 22 30.090  3.25   1
      594  54.593677 -161.197380    28.829    37304.3   -56509.0     9790.1  17386.0   8580.3  47153.2 2021  1 19  9 39 34.210  3.00   1
     5940  55.339941 -161.544645    35.007    14859.2    26568.7    15968.5  34186.3  57694.5  21411.7 2021  8 14 12 35 26.600  1.87   1
     5943  55.281254 -160.856006    44.523    58728.9    20035.4    25483.9  13800.8  22943.2  21189.3 2021  8 14 13  0 12.500  1.82   1
     5944  55.304041 -161.213753    54.261    35934.1    22572.1    35222.1  19940.1  29201.8  11681.9 2021  8 14 13  7  7.690  2.47   1
     5945  55.017513 -161.217155    34.063    35845.3    -9325.5    15024.4   8644.2  18179.6  41556.2 2021  8 14 13 12 17.880  1.42   1
     5947  55.113826 -161.558659    19.419    14006.8     1396.5      379.7  14840.4  37819.5  37141.2 2021  8 14 13 45 22.540  1.24   1
     5950  55.105375 -161.393506    30.854    24549.8      455.7    11815.4  16545.7  24608.4  28375.2 2021  8 14 14 21 27.600  1.46   1
     5951  55.274292 -161.764469    16.905      869.8    19260.3    -2133.9  39618.1  30289.4  28494.6 2021  8 14 14 22  2.170  1.15   1
     5952  55.248035 -160.754785    41.119    65202.6    16337.2    22080.0  13780.8  44195.4  18524.9 2021  8 14 14 34 20.330  1.45   1
     5954  55.290222 -161.285628    42.341    31363.1    21033.7    23302.5  18922.6  44412.5  21178.0 2021  8 14 14 55 32.730  1.92   1
     5956  55.274565 -161.388623    24.755    24809.1    19290.7     5716.0  20008.8  40136.3  18766.4 2021  8 14 15 11 32.050  1.05   1
     5962  55.432772 -161.981364    16.490   -12919.6    36903.0    -2548.5 172264.8 157639.5 246805.8 2021  8 14 16 55 51.490  1.10   1
     5965  55.185921 -161.033903    35.484    47455.3     9422.5    16444.8  15382.2  32051.0  28431.0 2021  8 14 17  2 13.420  1.39   1
     5966  55.564421 -162.662500    46.719   -56125.5    51558.8    27680.0 572781.9 402323.5 474725.4 2021  8 14 17  2 53.600  1.18   1
     5967  55.133533 -160.822705    13.080    60962.1     3590.3    -5958.7  15953.6  30773.9  33635.6 2021  8 14 17 33 48.840  1.61   1
      597  54.989868 -162.276563    12.515   -31860.5   -12403.1    -6523.9  28739.7  27088.6  20209.9 2021  1 19 12 27 58.890  1.09   1
     5970  54.666138 -162.331722    48.857   -35528.6   -48442.3    29817.9  20428.6  13600.4  16574.5 2021  8 14 17 47  2.480  0.80   1
     5971  55.206714 -161.656331    39.500     7764.1    11737.2    20460.6  27399.9  18817.0  20236.9 2021  8 14 17 58 16.060  1.32   1
     5972  55.195386 -162.275439    37.093   -31707.5    10476.1    18054.2  87983.6  73495.5  84048.6 2021  8 14 18  7  2.960  1.02   1
     5976  55.085006 -161.671582    14.762     6802.3    -1811.9    -4277.1   8444.4  32299.2  50226.4 2021  8 14 18 38 46.520  1.17   1
     5977  55.404122 -161.622428     2.567     9900.9    33713.6   -16471.5  40058.8  72509.4  54981.6 2021  8 14 18 38 48.080  0.94   1
     5978  55.546224 -161.106755    58.812    42617.2    49533.1    39772.8  24767.0  64200.7  69752.8 2021  8 14 18 39  8.140  1.95   1
     5979  55.245988 -160.871224    34.003    57785.1    16109.4    14964.1  14019.4  25617.6  33857.4 2021  8 14 18 45  6.340  2.34   1
     5982  54.872164 -163.473893    23.997  -108553.4   -25506.5     4958.4  24639.2  39325.1  26721.6 2021  8 14 19 39 23.160  1.77   1
     5983  55.323836 -161.755924    20.131     1413.2    24775.8     1092.5  90988.4 103816.7  76173.3 2021  8 14 19 39 34.600  1.61   1
     5987  54.773059 -161.914600     1.741    -8747.1   -36539.3   -17298.3  39594.8   7786.6   6566.0 2021  8 14 20 56 42.800  1.28   1
     5988  55.302771 -162.226986    25.113   -28579.8    22430.7     6074.0  65322.0  51561.2  40873.5 2021  8 14 23 59 53.360  0.82   1
      599  55.111194 -162.200423    14.262   -26952.9     1103.5    -4776.9  28581.1  19496.0  16254.5 2021  1 19 14 19 31.300  0.72   1
     5991  54.898665 -160.720280    11.987    67694.9   -22556.2    -7051.7  33584.4  47441.2  29775.5 2021  8 15  0 29 46.160  1.29   1
     5994  55.226111 -161.684131    24.128     5990.5    13896.6     5089.5  44627.0  22297.2  24253.6 2021  8 15  2 32 36.430  1.08   1
     5998  54.800643 -160.860775    33.666    58775.6   -33468.5    14627.5  22989.6  23041.8  53139.4 2021  8 15  7  9 35.250  2.06   1
        6  54.608211 -161.334896    13.929    28465.8   -54890.9    -5110.1  20555.2  16701.6   8864.2 2021  1  1 11 56 44.770  1.91   1
     6000  54.965108 -161.396696    32.821    24388.7   -15159.5    13781.8  19100.2  27755.1  29275.0 2021  8 15  7 58 40.300  1.46   1
     6003  55.267017 -161.378581    31.183    25451.1    18450.4    12144.3  38346.9  48745.4  86968.7 2021  8 15  9  9 15.240  1.26   1
     6006  55.244824 -160.879346    39.945    57268.5    15979.8    20906.3  20752.3  62029.0  27201.4 2021  8 15 11 22 17.540  1.43   1
     6011  55.232788 -161.127523     1.304    41461.3    14639.9   -17734.8  22710.0  35645.5  24831.5 2021  8 15 11 59  9.380  1.15   1
     6013  54.983993 -161.598519    36.625    11481.4   -13057.2    17585.9  36580.2  17259.7  41198.3 2021  8 15 12 18 40.120  1.17   1
     6014  55.233195 -160.639355    34.382    72570.7    14685.2    15343.1  18247.8  46337.1  45833.6 2021  8 15 12 19  4.750  2.25   1
     6016  55.267289 -160.636312    14.033    72733.7    18480.7    -5006.3  21856.5  43743.1  20777.4 2021  8 15 12 57 21.280  1.14   1
     6019  54.610189 -161.235758    11.525    34831.9   -54670.8    -7513.4  12419.5  15431.9  19956.0 2021  8 15 15 14 16.690  1.29   1
     6022  55.428878 -161.509945    23.920    17048.6    36469.5     4881.3  46311.0  45200.8  47681.2 2021  8 15 17 47 31.780  1.38   1
     6023  54.582475 -161.982910    31.767   -13156.2   -57756.0    12728.5  39726.5  19793.1  39033.7 2021  8 15 19 18 24.160  2.10   1
     6024  55.164571 -161.110303    38.774    42595.0     7045.7    19735.2  27559.6  25129.0  23224.3 2021  8 15 19 45 13.080  1.18   1
     6026  55.086690 -161.231689    33.473    34886.5    -1624.4    14433.9  12420.3  38729.3  25100.6 2021  8 15 22 19 31.480  1.63   1
     6029  54.954142 -162.237484     2.071   -29375.6   -16380.3   -16968.4   9186.6   8095.8  11133.6 2021  8 16  0 40 22.930  0.65   1
     6032  55.163782 -161.002555    13.294    49467.8     6957.8    -5744.5  19084.2  45592.0  43316.8 2021  8 16  1 47 33.550  1.88   1
     6035  55.332593 -161.743994     5.910     2172.4    25750.6   -13129.1  13484.1  15644.5  18856.6 2021  8 16  3 16 43.670  0.09   1
     6038  55.344320 -161.803271     2.030    -1600.3    27056.1   -17008.8  14922.0  24226.7  30164.6 2021  8 16  4 12 55.890 -0.47   1
     6039  55.193233 -161.860579    11.010    -5257.2    10236.5    -8028.5  22753.0  38320.4  13330.0 2021  8 16  4 47 56.940  0.45   1
      604  55.094165 -161.726839    10.274     3274.0     -792.3    -8764.7  28288.8  12151.2  26447.3 2021  1 19 18 37 51.200  0.44   1
     6040  54.570150 -162.451123    35.054   -43242.7   -59128.1    16015.2  45654.8  21158.3  38578.2 2021  8 16  4 53 28.460  1.81   1
     6041  55.315385 -161.947884    25.569   -10807.2    23835.0     6529.8 119058.0  77432.8  77468.4 2021  8 16  8  5 52.420  0.78   1
     6043  55.437044 -161.729411    15.256     3096.5    37378.7    -3782.4  44193.0  46064.2  36812.9 2021  8 16  8 48 57.480  0.32   1
     6044  54.374837 -162.191943    39.590   -26653.4   -80871.2    20551.4  45898.5  17862.0  35154.5 2021  8 16  9 56  3.240  1.91   1
     6046  55.312191 -161.342839    40.476    27712.3    23479.4    21437.4  15506.4  31085.0  20695.5 2021  8 16 12 20 16.890  1.90   1
     6047  55.303434 -161.713379     5.214     4122.5    22504.6   -13824.8  17492.4  30097.3  45081.2 2021  8 16 12 56  9.530  0.26   1
     6049  55.109473 -161.665641     7.024     7179.4      911.9   -12015.0  18693.1  25567.3  71784.8 2021  8 16 13  6 36.010  0.70   1
      605  54.992843 -161.490511    13.672    18383.8   -12072.0    -5366.9  33465.3  14919.7  23435.2 2021  1 19 21 57 11.960  1.26   1
     6050  55.211544 -161.828206     2.552    -3192.4    12274.9   -16486.7  30540.4  12510.8  27963.5 2021  8 16 13  7 23.760  0.34   1
     6051  54.964372 -162.942660     0.898   -74461.5   -15241.5   -18140.5  19224.6  35961.2  18130.5 2021  8 16 15 39 16.110  1.69   1
     6054  55.625761 -161.157048    19.478    39385.4    58387.5      439.5  19178.8  27707.1  28773.7 2021  8 17  0 22 46.400  2.23   1
     6058  55.200020 -161.849707    57.099    -4563.6    10992.0    38060.2 108565.7  51786.8  12877.3 2021  8 17  9 14 20.080  1.42   1
     6059  54.982161 -161.518245    16.906    16613.3   -13261.0    -2132.9  35027.0  27925.9  31984.0 2021  8 17  9 14 23.190  1.42   1
      606  55.121252 -161.726416     5.337     3299.9     2223.2   -13702.3  14109.6  25701.6  24153.4 2021  1 19 21 57 33.120  1.18   1
     6061  55.291162 -161.424333    25.268    22529.9    21138.4     6228.8  18437.1  30737.4  53471.0 2021  8 17  9 49 28.980  1.50   1
     6062  55.317204 -161.073991    29.944    44825.5    24037.5    10904.8  24979.9  38467.8  53160.9 2021  8 17  9 49 52.190  1.38   1
     6063  55.309432 -161.448910    19.110    20960.0    23172.3       70.6   9131.0  33362.4  19025.4 2021  8 17 11 24 55.960  0.89   1
     6070  55.454028 -161.737142     4.676     2604.5    39269.4   -14363.3  60788.5  40841.3  66562.2 2021  8 18  4 35  6.640  0.91   1
     6073  54.962691 -162.709635     3.808   -59563.0   -15428.5   -15230.7  15536.9  25890.6  27046.2 2021  8 18  4 58 45.360  1.42   1
     6074  55.270300 -161.763558     2.961      927.9    18815.9   -16078.1  20121.6  17400.0  21537.3 2021  8 18  4 59  5.810  1.67   1
     6077  55.363700 -161.796859    39.492    -1191.9    29213.7    20453.4  51646.3  71033.1  32486.4 2021  8 18  9 43 43.220  1.72   1
      608  55.113371 -162.175277    12.815   -25347.3     1345.8    -6224.3  46570.6  34393.7  14747.0 2021  1 19 23 43  6.180  0.87   1
     6087  55.303304 -161.766976    30.162      709.9    22490.1    11122.7  28538.5  33324.9  28614.1 2021  8 18 17 49 52.000  1.05   1
     6088  55.457198 -161.789974     2.675     -753.0    39622.3   -16364.0  65020.3  43562.4 148434.9 2021  8 18 17 56 50.020  0.49   1
     6091  55.241353 -162.117985    25.015   -21656.2    15593.4     5975.7  77047.9  59318.6  51230.6 2021  8 18 18 16 42.680  0.79   1
     6093  54.991284 -161.567708    31.637    13449.8   -12245.4    12597.7  17709.5  11634.5  33190.1 2021  8 18 18 22 18.880  1.85   1
     6096  55.152242 -160.730371    69.435    66838.0     5673.1    50396.5  11436.5  52642.1  24845.0 2021  8 18 20  7 24.800  1.92   1
     6098  55.173759 -161.271696     1.260    32297.3     8068.5   -17779.4  19151.0  24387.1  21138.5 2021  8 18 20 29 22.340  1.03   1
     6100  55.596139 -162.309261    20.801   -33694.3    55089.8     1762.6 200627.8 173965.9 206637.9 2021  8 18 21 22 29.440  1.30   1
     6104  54.814628 -161.158561    14.357    39689.2   -31911.6    -4682.3  26562.9  28056.1  40327.0 2021  8 18 22 16 30.600  1.68   1
     6105  54.925110 -161.372721    66.746    25934.6   -19612.3    47706.8  31873.2  16670.9  27856.5 2021  8 18 22 16 38.120  1.91   1
     6106  55.283944 -161.583366    28.104    12403.6    20334.8     9065.4  17285.9  13372.2  20222.7 2021  8 18 22 27 51.880  0.99   1
     6112  54.971025 -160.213395    21.907   100042.2   -14500.8     2867.9  18620.4  42420.1  20264.4 2021  8 19  2  9 58.910  1.71   1
     6113  55.599552 -161.383350    27.903    25042.8    55469.8     8864.3  16052.1  17749.9  34710.8 2021  8 19  2 23  7.460  1.96   1
     6115  55.326123 -161.697331     1.841     5142.8    25030.4   -17197.7  32982.4  25338.0  41288.1 2021  8 19  2 43 30.140  0.44   1
     6119  55.519588 -161.715592    35.299     3970.8    46567.8    16259.8  34939.2  36400.9  25434.5 2021  8 19  3 34 54.970  0.98   1
      612  54.880172 -160.989453    21.632    50481.2   -24615.0     2593.5  19334.5  15852.7  17752.0 2021  1 20  2  7  0.610  3.85   1
     6122  55.378092 -161.443343    18.674    21296.1    30815.9     -365.0   9044.5  33486.7  28037.8 2021  8 19  8  3 10.660  0.66   1
     6123  54.617322 -161.296354    24.055    30937.6   -53876.7     5016.3  18215.0  13066.8  14219.6 2021  8 19  8 46  3.640  1.64   1
     6126  55.245850 -162.019092     5.372   -15353.7    16094.0   -13666.7  19167.9  18777.2  97672.8 2021  8 19 12 20 54.760  1.03   1
     6127  55.236035 -161.168685    65.222    38836.6    15001.4    46182.8  23054.6  79092.5  11539.9 2021  8 19 12 27 29.090  1.29   1
     6132  54.716821 -162.688558    13.251   -58392.9   -42799.9    -5788.1  22514.9  22086.0  30362.8 2021  8 19 18 29  4.820  0.96   1
     6134  55.121204 -161.825000    28.040    -2991.4     2217.8     9001.3  48477.2  28638.0  35205.5 2021  8 19 18 32 30.120  1.17   1
     6141  55.209249 -161.743913    38.857     2180.9    12019.4    19818.3  28228.9  20660.2  15987.2 2021  8 20  6 53 34.640  0.84   1
     6142  55.110307 -161.623031    43.449     9898.9     1004.7    24410.0  38902.3  19063.3  27683.3 2021  8 20  6 57 34.520  0.79   1
     6143  54.936214 -162.226270     2.913   -28664.8   -18376.1   -16126.3   4987.5   7507.7   5885.7 2021  8 20  9  2 35.480  1.53   1
     6148  55.038302 -161.268099    33.863    32581.6    -7011.2    14824.4  14159.7  43901.7  19987.3 2021  8 20 10 47 22.590  1.18   1
     6149  54.869824 -162.668896    31.139   -57023.7   -25766.9    12100.1  27533.9  24217.7  14705.3 2021  8 20 12 21 54.310  1.49   1
     6161  55.258940 -161.231380    33.371    34831.4    17551.2    14331.8  15248.2  17848.5  23548.3 2021  8 20 23 49  5.240  1.51   1
     6164  55.253247 -161.167367    31.589    38912.2    16917.5    12550.5  18634.1  24194.6  28987.8 2021  8 21  3 54 30.650  1.79   1
     6165  55.311617 -162.306755     4.948   -33655.1    23415.5   -14090.8  27321.1  22008.3  27389.8 2021  8 21  3 55 10.900  2.65   1
     6167  55.309347 -160.441895    12.896    85073.4    23162.7    -6142.7  20555.6  35751.9  20835.8 2021  8 21  8 45  2.920  1.71   1
     6168  54.919014 -162.208822    23.590   -27554.7   -20290.8     4551.2  37573.6  12751.0  24895.0 2021  8 21  8 52 21.740  2.00   1
     6169  54.946761 -162.233545    17.901   -29126.4   -17202.0    -1137.6  16415.7  13826.9  12859.3 2021  8 21  8 52 31.430  2.12   1
     6174  55.083443 -162.891227    18.047   -71067.6    -1985.9     -991.5  19548.7  60412.5  61844.4 2021  8 21 16 40 16.890  1.46   1
     6177  54.942192 -162.231315     6.237   -28985.4   -17710.7   -12802.2   8664.8  14156.9  12208.6 2021  8 22  0  5 25.130  0.76   1
     6183  55.117371 -161.597087    20.038    11553.8     1791.1      999.5  24089.8  37154.1  13182.1 2021  8 22  6 42 13.970  0.95   1
     6184  54.962594 -161.427262    22.079    22435.0   -15439.4     3040.6  28499.4  38644.8  33883.1 2021  8 22  6 42 44.270  1.68   1
     6194  55.162577 -161.935303    21.083   -10025.3     6823.7     2043.7  89533.7  40361.9  50445.7 2021  8 22 18 47 15.400  0.69   1
     6195  54.834847 -161.181982    32.130    38179.3   -29660.8    13091.5  29147.1  14302.6  54729.8 2021  8 22 20 51 29.240  2.37   1
     6198  55.796932 -161.985319     1.150   -13110.8    77443.1   -17888.8  38345.8  15978.7  18280.8 2021  8 23  7 18 58.980  2.02   1
     6199  55.401973 -161.455176    23.016    20537.3    33474.4     3977.0  19725.1  53997.1  27810.0 2021  8 23  7 21 46.360  1.47   1
       62  54.933960 -161.414290    30.218    23272.8   -18627.0    11179.1  15414.6  25799.6  26298.2 2021  1  2 21 33 59.180  1.62   1
     6202  55.322139 -161.887842    18.617    -6984.2    24586.9     -422.2  48560.6  50589.6  51139.6 2021  8 23 12 22 34.930  0.35   1
     6203  55.457186 -161.872607    23.704    -6004.3    39620.9     4665.3  18045.6  44458.1  25413.8 2021  8 23 13 15 22.840  1.01   1
     6204  54.915047 -162.209424     0.157   -27594.6   -20732.5   -18881.9  17276.5  15640.3  10931.3 2021  8 23 15 37  9.380  2.04   1
     6206  54.614657 -161.402620    11.994    24114.3   -54173.4    -7044.6  20633.3  15228.1   9684.1 2021  8 23 18  2 57.340  2.00   1
     6215  55.142802 -161.916650    16.311    -8837.8     4622.2    -2727.7  57413.2  40532.0  52161.9 2021  8 24  0 52 39.680  0.58   1
     6216  54.915108 -162.218880     3.677   -28199.6   -20725.7   -15361.7  14237.7  12113.7  27150.1 2021  8 24  0 59 41.460  1.01   1
     6227  54.520626 -163.374463    22.559  -102633.4   -64641.3     3520.4  22371.9  25911.2  22354.0 2021  8 24 11 52 45.080  1.29   1
     6229  54.709969 -162.986947    18.253   -77537.4   -43562.8     -785.9  21693.3   9144.9  60058.0 2021  8 24 12 23 59.360  1.94   1
     6230  54.983822 -161.635254    23.169     9133.1   -13076.2     4130.2  25720.3  21704.2  25420.0 2021  8 24 12 31 40.480  1.49   1
     6233  55.443831 -161.721484     7.322     3600.1    38134.2   -11716.4  55961.8  49803.4  63812.6 2021  8 24 12 36 29.100  1.07   1
     6237  55.136210 -161.362126    14.393    26542.6     3888.4    -4645.9  20134.2  19094.5  65426.8 2021  8 24 14 26  9.350  1.16   1
      624  55.165047 -161.412907     5.536    23294.2     7098.7   -13502.8  16709.9   9169.1  22188.6 2021  1 21  5  1 58.740  1.91   1
     6242  54.681209 -161.721777    30.273     3615.6   -46764.4    11234.4  30474.8  17199.4  60183.3 2021  8 24 17 29 38.940  1.18   1
     6247  55.277091 -161.986523    20.343   -13273.4    19572.0     1304.4 176287.9 149733.6 140848.5 2021  8 24 20 27 24.000  1.52   1
     6259  55.462040 -161.735124    14.126     2732.5    40161.3    -4912.9  52625.7  49817.3  53612.6 2021  8 25  2 11 30.510  1.02   1
     6260  55.336015 -161.705143    10.109     4645.0    26131.6    -8929.7  33114.5  27792.6  30238.8 2021  8 25  2 17 46.410  0.57   1
     6264  55.248665 -161.859229    12.597    -5167.5    16407.4    -6441.6  34061.3  46698.2  53875.9 2021  8 25  4  8  3.370 -0.43   1
     6265  55.013448 -161.668604     2.857     6998.6    -9778.1   -16182.4  13716.9  27784.2  15614.7 2021  8 25  4 42 10.750  0.89   1
     6269  55.382194 -161.736003    21.209     2679.4    31272.5     2170.0  22738.2  33593.4   5628.7 2021  8 25  5 34 12.550  0.27   1
     6277  71.093994 -196.774154  1328.210 -1767768.1  1780383.9  1309170.6 ******** ******** ******** 2021  8 25  7 51 28.200  0.91   1
     6278  55.357727 -162.063363    65.779   -18149.2    28548.7    46739.8  84739.9  70759.7  22773.3 2021  8 25  7 59 50.300  1.36   1
     6281  55.441569 -161.897347    42.705    -7577.9    37882.4    23666.3  34631.4  30746.0  16199.9 2021  8 25  8  9 20.870  1.27   1
     6282  55.386788 -161.869287    11.371    -5798.4    31783.9    -7668.2  57468.9  76760.7 171116.5 2021  8 25  8 28 29.800  0.68   1
     6284  55.238851 -161.392204     1.661    24592.0    15314.8   -17377.6   9820.6  24177.2  21736.0 2021  8 25  9 37 41.810  1.22   1
     6285  55.383171 -160.723877    13.375    67058.5    31381.2    -5664.2  22906.8  54046.3  35330.2 2021  8 25  9 37 50.510  1.52   1
     6296  54.599019 -162.063688    13.835   -18342.0   -55914.2    -5204.1  23396.2   8180.5  13238.9 2021  8 25 13 40  8.950  1.00   1
     6297  54.638468 -161.412728    14.154    23458.4   -51522.6    -4884.8  16432.9  17313.1  23045.1 2021  8 25 14 46 33.870  1.16   1
     6298  55.343701 -162.209863    24.109   -27475.5    26987.3     5069.8  64971.5  31625.5  62468.1 2021  8 25 15 59 54.160  0.71   1
     6299  55.331816 -161.729118    11.618     3119.2    25664.1    -7420.9  11992.8  26380.4  21446.4 2021  8 25 16 13 23.300 -0.05   1
     6307  55.305660 -161.505029     5.806    17387.9    22752.3   -13233.1  14723.2  11640.1  19168.4 2021  8 25 18 53 11.720  0.57   1
     6308  55.227926 -161.608171     5.129    10831.5    14098.6   -13909.9  14733.9  15139.1  35015.3 2021  8 25 18 57 22.080  0.62   1
      631  54.507100 -161.723405    10.552     3518.7   -66147.1    -8487.1  13749.2  12970.2  15727.1 2021  1 21  7 50  6.900  1.59   1
     6310  55.437866 -161.868571    12.127    -5749.1    37470.2    -6911.8 134634.9 197189.0 188402.0 2021  8 25 19 34 41.320  0.97   1
     6312  54.648531 -161.435335    12.476    22004.2   -50402.3    -6562.5  16621.3   5736.2   5259.6 2021  8 25 19 56 14.720  2.00   1
     6316  55.208980 -161.457113    33.467    20463.4    11989.5    14427.7  22389.4  29664.6  39433.3 2021  8 25 21 47 48.980  1.58   1
     6318  55.266182 -161.297184    45.716    30636.4    18357.5    26677.1  27757.2  41848.2  11966.3 2021  8 25 22  7 56.880  1.40   1
     6322  54.704268 -161.360742    20.937    26774.1   -44197.4     1898.4  23238.4  13600.1  18245.1 2021  8 25 22 54 30.780  1.08   1
     6324  55.276331 -161.833870    14.627    -3550.6    19487.3    -4412.1  63535.6  41600.2  44235.8 2021  8 26  0 26 53.410  0.73   1
     6326  55.418656 -161.741504     5.119     2328.4    35331.6   -13919.8  55635.5  41705.3  59354.6 2021  8 26  1 22 23.300 -0.02   1
     6333  55.380066 -161.935758    15.357   -10027.1    31035.6    -3682.4 128256.6  90683.6 115666.7 2021  8 26  2 22 17.830  0.37   1
     6334  55.017293 -162.196322    12.949   -26722.3    -9350.0    -6090.2  40603.5  41045.6  21629.6 2021  8 26  2 26 43.400  0.26   1
     6335  54.723022 -162.888216    10.294   -71193.0   -42109.6    -8744.7  16562.0  18555.9  41670.2 2021  8 26  3 15 56.130  1.03   1
     6336  55.074040 -162.996143    12.632   -77775.2    -3032.7    -6407.0  28415.0  53656.7  40797.4 2021  8 26  4 40 30.260  1.10   1
     6338  55.350765 -161.767676    20.198      664.9    27773.6     1159.5  58230.9  57913.4  49509.8 2021  8 26  5 34 44.570 -0.10   1
     6342  54.658468 -161.836751    39.790    -3762.9   -49296.1    20750.8  27918.4  23096.5  30341.3 2021  8 26  8 49 43.490  0.85   1
     6345  55.290735 -161.526904     4.337    15998.1    21090.8   -14702.3  17687.2  31273.4  22935.9 2021  8 26 10 42  2.770  1.03   1
     6349  55.197343 -160.909163    33.906    55401.4    10694.0    14867.4  24319.5  31095.3  27465.8 2021  8 26 12 16 18.730  1.11   1
      635  55.381116 -161.859505     5.841    -5176.6    31152.4   -13197.8  40854.7  21988.2  46132.9 2021  1 21  8 21 46.610  0.25   1
     6350  55.559497 -161.556071    30.861    14093.2    51010.7    11822.3  21439.4  27157.0  22752.8 2021  8 26 13 57 17.920  1.03   1
     6353  55.236442 -160.923991    32.153    54429.5    15046.7    13113.7  20876.3  30111.5  38626.1 2021  8 26 15  6 21.390  1.16   1
     6367  54.509342 -162.075000    11.159   -19089.6   -65897.5    -7880.1  46850.9  18790.0  28688.0 2021  8 27  0 25 56.640  1.11   1
     6368  55.331661 -160.976481    72.924    51023.8    25646.9    53885.3  17234.9  56529.7  30184.8 2021  8 27  1 11 19.300  1.05   1
      637  55.136027 -162.393490    39.812   -39263.1     3868.0    20773.6  16738.4  18347.9  25106.8 2021  1 21 12 34 27.020  2.76   1
     6373  54.730025 -160.868197    25.152    58351.0   -41330.0     6113.6  20144.2  24809.5 155290.0 2021  8 27  2 40 13.020  2.31   1
     6377  55.180509 -161.645410     3.676     8463.1     8820.0   -15362.4  28373.8  48083.1  63873.9 2021  8 27  3  5 34.690  0.07   1
     6381  54.815377 -161.044303    31.330    47008.1   -31828.3    12290.7  23011.7  12310.3  45724.3 2021  8 27  5 24 28.610  1.73   1
     6382  54.552323 -162.276432    59.795   -32025.2   -61112.6    40756.6  45150.0  10919.3  12197.5 2021  8 27  6 32 50.270  1.12   1
     6387  54.745679 -162.966553    11.059   -76195.6   -39587.4    -7979.7  39959.8  47561.0  38119.5 2021  8 27  7 56 36.670  1.18   1
     6392  55.197575 -161.795394     4.242    -1101.0    10719.8   -14796.6  22153.7  28059.8  32145.8 2021  8 27 10 20  2.040  0.26   1
     6393  55.207373 -162.005241    17.542   -14478.2    11810.6    -1496.8  23879.5  32462.1  40811.5 2021  8 27 10 20 18.710  0.59   1
     6394  55.144784 -162.449821    47.323   -42852.6     4842.8    28284.5  32452.8  28611.1  20537.6 2021  8 27 10 33 56.580  1.89   1
     6396  55.219678 -161.158138     0.961    39516.8    13180.4   -18077.7  24475.4  42446.6  20477.6 2021  8 27 11 36 53.980  1.43   1
       64  54.807898 -161.305811    33.142    30259.0   -32660.9    14102.9  28746.4  10663.2  41596.2 2021  1  2 23 32 26.740  2.17   1
      640  54.608643 -161.634098    12.477     9249.9   -54842.9    -6561.8  16966.4  12137.8  15352.1 2021  1 21 16 27 56.260  2.90   1
     6406  55.042338 -161.550456    29.902    14543.3    -6561.9    10862.7  10855.4  29299.1  33158.1 2021  8 27 20 23 16.680  2.80   1
     6408  55.147209 -161.989502    28.399   -13484.9     5112.8     9360.4  46176.4  40803.9  49209.0 2021  8 27 21 55 18.520  0.63   1
     6409  55.230400 -162.064502    41.258   -18250.7    14374.0    22218.9  49330.6  38612.0  21191.9 2021  8 27 23 59 53.240  0.57   1
     6411  55.011267 -161.569482    19.540    13333.0   -10020.9      501.1  11481.5  13887.8  21340.5 2021  8 28  1 35 21.250  1.08   1
     6412  54.449353 -161.504150     8.599    17630.1   -72575.8   -10439.7  10024.9   8191.4  18036.7 2021  8 28  3 57 27.040  1.75   1
     6417  55.275008 -161.909847    12.393    -8389.9    19340.0    -6645.7  49330.9  36623.3  66685.0 2021  8 28  7 59 43.700  1.35   1
     6420  54.995642 -162.349268     2.919   -36505.3   -11760.3   -16119.6  12103.8  10981.8  14580.1 2021  8 28  8 10 58.300  0.81   1
     6423  55.128060 -160.366927    10.640    90049.9     2981.1    -8398.8  12510.7  32040.9  12460.1 2021  8 28 10 27 19.370  2.16   1
     6427  55.094881 -160.333740    10.317    92205.7     -712.5    -8721.5  20840.2  29447.2  20393.2 2021  8 28 12 49 16.000  1.41   1
     6428  55.671993 -161.334798    39.561    28097.0    63534.3    20521.8  22305.5  33822.0  25400.2 2021  8 28 13 32 16.190  1.18   1
     6437  55.108785 -161.022249    81.434    48244.7      835.3    62395.4   9757.5  19791.8   9897.5 2021  8 28 18 20 12.540  1.78   1
     6448  54.868278 -162.626790    32.359   -54329.3   -25939.1    13319.6  23677.9  36624.7  29287.3 2021  8 28 19 45 12.080  1.39   1
     6450  54.715141 -161.226383    15.388    35388.1   -42987.0    -3650.8  25786.4  37124.6  13365.0 2021  8 28 19 51  1.160  0.98   1
     6452  55.408378 -161.842822    21.844    -4114.0    34187.4     2804.8  40073.1  43630.6  35854.2 2021  8 28 19 54 26.040 -0.05   1
     6455  54.324215 -162.285286    16.303   -32685.8   -86506.8    -2736.0  93321.4  14055.3  44356.4 2021  8 28 20  8 45.400  1.03   1
     6456  55.277340 -161.584977    27.943    12302.0    19599.6     8904.1  33476.4  25930.7  26692.9 2021  8 28 20 22 20.360  1.89   1
     6457  55.329659 -161.294385    31.911    30790.3    25424.0    12871.9  18652.8  31844.7  14975.0 2021  8 28 21 55 25.400  0.95   1
     6464  55.034322 -161.654964    20.797     7868.2    -7454.3     1758.3  13349.3  16029.9   9418.3 2021  8 29  1  4 52.410  0.83   1
     6465  55.123413 -160.362061     9.705    90365.6     2463.8    -9333.8  10785.6  25810.7  10892.9 2021  8 29  1 16  1.050  1.62   1
     6468  54.924280 -162.547591    32.155   -49225.0   -19704.7    13115.7  31236.0  44516.4  58273.5 2021  8 29  8 31 12.900  1.46   1
      647  55.176103 -161.716699    11.080     3917.3     8329.4    -7959.0  16999.2  17210.7  22099.8 2021  1 21 21 23  0.380  0.62   1
     6471  54.642244 -161.421224    11.619    22911.9   -51102.2    -7419.8  15454.0   9418.0   9942.3 2021  8 29 10 46 25.870  1.28   1
     6483  54.987333 -162.280713     7.352   -32126.8   -12685.3   -11686.8   4380.2   9571.5  17135.5 2021  8 29 14  7 42.490  1.04   1
      649  54.584562 -161.330094    14.595    28782.5   -57523.7    -4443.5  24999.3  20140.9  22864.8 2021  1 22  5  8 24.920  1.60   1
     6491  55.128467 -161.880729    13.126    -6547.2     3026.4    -5912.6  24976.0  23747.1  26674.7 2021  8 29 16 23 17.630  0.60   1
     6493  55.031356 -160.545166    10.006    78771.1    -7784.5    -9033.1  32117.5  26677.6  13018.5 2021  8 29 17 16 22.680  1.14   1
       65  54.810380 -161.417399    16.150    23109.3   -32384.5    -2889.0  28136.4  21671.1  43595.3 2021  1  2 23 32 40.800  2.11   1
      650  54.867501 -161.775146    15.747      190.7   -26025.6    -3292.2  28854.3  23035.2  34118.3 2021  1 22  5  8 52.590  1.52   1
     6501  55.321252 -161.997363     2.379   -13956.1    24488.2   -16659.9  34400.4  23616.4  30400.2 2021  8 29 18 50  5.820  0.10   1
     6517  55.189233 -161.200814    32.845    36810.7     9791.2    13805.8  14682.0  24821.5  33912.4 2021  8 31 22 16 28.320  2.37   1
     6518  55.256925 -161.019971    58.284    48300.8    17327.0    39245.6  14321.5  43967.9   6233.9 2021  8 31 22 16 51.440  2.59   1
     6531  55.245256 -161.278923    54.933    31808.0    16027.8    35894.0  27086.2  51553.4  20784.1 2021  9  1  6 54 57.500  1.21   1
     6533  55.487972 -160.367969    73.915    89579.4    43048.2    54875.7   6979.8  27654.9  15143.5 2021  9  1  7 11  9.200  1.74   1
     6536  55.388293 -162.571468    22.954   -50459.7    31951.5     3915.6  72444.1  36854.5  37819.8 2021  9  1  9 46  1.810  1.79   1
     6539  55.219352 -161.654232    14.788     7896.7    13144.2    -4250.9  23943.4  28292.5  42785.8 2021  9  1 13 17 57.550  2.08   1
     6542  55.291215 -161.661442     6.518     7430.5    21144.3   -12521.3   8180.7  11914.6  14234.7 2021  9  1 14 33 39.070  0.29   1
     6543  54.596952 -161.407894    12.628    23780.9   -56144.3    -6410.6  21931.1  12425.5  13779.0 2021  9  1 16  5 38.970  1.54   1
     6546  54.985205 -162.366895    11.451   -37636.8   -12922.2    -7587.6  18221.5  17229.2  11564.9 2021  9  1 17 34 26.120  0.61   1
     6549  55.167232 -163.318571    12.533   -98249.3     7341.9    -6505.6  43245.6  85436.6  30394.6 2021  9  1 19 53 28.660  1.80   1
      655  55.054089 -161.740169    17.556     2424.2    -5253.7    -1482.6  17695.0  14022.2  13352.7 2021  1 22 11 29 25.190  1.60   1
     6558  55.385148 -161.886605     9.414    -6900.0    31601.3    -9624.5  92651.7 139946.6 205194.7 2021  9  2  4 28 27.930  0.01   1
     6559  55.233065 -161.258138    20.326    33137.4    14670.7     1287.4  11107.0  17335.4  24837.2 2021  9  2  4 56 30.850  0.99   1
      656  55.077124 -161.814844    17.272    -2344.5    -2689.4    -1766.8  16825.2  12880.2   9506.6 2021  1 22 11 29 41.730  2.15   1
     6562  54.736731 -160.920182     9.955    55012.8   -40583.5    -9084.3  20371.7  19542.6  18031.5 2021  9  2  5 10 44.000  2.09   1
     6563  54.952218 -161.338916    21.476    28087.7   -16594.5     2437.1  17750.5  29695.5  12176.7 2021  9  2  8  7 54.680  2.42   1
      657  54.457715 -162.259082    46.886   -30946.1   -71644.9    27847.3  25410.5  13395.5  19792.5 2021  1 22 12 58  1.920  1.98   1
     6570  54.200509 -162.084749    18.736   -19791.5  -100278.3     -302.7  76235.2  18591.9  20614.8 2021  9  2 10  3 10.170  1.95   1
     6577  55.191809 -161.735400    20.847     2724.1    10077.9     1807.7  36322.9  25446.9  12944.5 2021  9  2 12 56 32.960  1.30   1
     6579  54.668258 -160.841032     9.706    60138.9   -48206.3    -9332.6  19177.4  19357.6  18691.0 2021  9  2 16  2 51.040  2.25   1
     6580  55.232865 -163.415609     8.746  -104352.9    14648.5   -10293.3  15791.0  44359.5  20293.7 2021  9  2 16 53 44.620  1.83   1
     6589  54.451009 -162.153792    15.660   -24173.5   -72391.4    -3379.0  64209.9  12309.3  35595.9 2021  9  3  3 48  0.470  1.49   1
     6590  54.884009 -162.185270     0.181   -26059.3   -24187.8   -18857.7  12198.0  10553.4   8948.0 2021  9  3  3 56 11.060  2.67   1
     6592  54.655709 -162.620654    12.196   -54078.6   -49603.3    -6843.2  20884.9  17129.5  22687.7 2021  9  3  6 19 39.710  1.32   1
     6594  55.410710 -161.882064     9.980    -6609.1    34447.0    -9059.0  46980.5  76530.7 213469.0 2021  9  3 10 22 32.430 -0.18   1
     6597  54.487504 -161.361540     8.849    26794.5   -68328.6   -10190.0  35159.4  18878.5  21148.6 2021  9  3 13 44  6.890  1.76   1
     6598  55.356877 -161.769271     5.284      563.4    28454.0   -13754.9  10105.5  11773.2  19941.2 2021  9  3 14 50 28.240 -0.45   1
     6601  55.309867 -162.061068    35.888   -18013.9    23220.7    16849.4  48860.6  47405.5  53180.0 2021  9  3 15 59 53.310  0.90   1
     6607  54.529032 -161.326481     9.040    29034.5   -63705.5    -9999.1  35143.9  19958.2  27432.7 2021  9  3 16 46 58.870  1.88   1
     6608  55.291801 -161.754183     8.051     1524.6    21209.5   -10988.1  20996.3  25011.1  27982.5 2021  9  3 16 47 26.440  2.30   1
     6610  55.102445 -161.633870    31.462     9208.0      129.6    12423.2  30595.0  17195.9  21465.7 2021  9  3 16 49  2.340  1.59   1
     6615  55.122408 -161.653711    33.905     7939.5     2351.9    14866.6  26305.1  29877.3  19792.5 2021  9  3 17 31 23.480  1.78   1
     6616  54.721537 -161.907357    12.852    -8288.1   -42274.9    -6187.3  33530.4   8512.8  21571.8 2021  9  3 18 36 23.860  1.17   1
     6618  55.215271 -161.537956    17.543    15308.8    12689.8    -1495.6  17256.0  17476.8  20263.4 2021  9  4  0 46 25.530  1.13   1
     6619  55.047799 -161.326302    49.709    28860.1    -5954.0    30670.6  51303.2  77092.5  51688.5 2021  9  4  1 23 56.150  0.96   1
     6621  55.329810 -161.757650     4.499     1303.3    25440.8   -14540.0  49917.7  35735.0  37659.5 2021  9  4  1 39 18.940  0.65   1
     6622  55.063965 -162.814795     4.034   -66203.7    -4154.3   -15004.7  10435.0  26377.6  16665.4 2021  9  4  2 35 16.270  0.97   1
     6623  55.450203 -161.468197     2.904    19697.3    38843.6   -16135.3  22221.4  25666.1  28968.1 2021  9  4  2 54 59.860  0.48   1
     6625  55.148739 -163.106445     1.269   -84739.5     5283.1   -17769.6  16898.5  75496.2  22741.5 2021  9  4  4  2 22.450  1.75   1
     6627  54.947355 -161.887093     3.189    -6969.0   -17135.8   -15849.5  14159.2  18531.9  23471.0 2021  9  4  4  3  5.740  1.12   1
     6628  55.438725 -161.784342     3.733     -395.2    37565.7   -15305.8  55164.8  48435.8  70218.4 2021  9  4  4  5 26.770  0.37   1
     6629  55.274023 -161.727100     8.325     3250.1    19230.4   -10713.9  19995.6  19001.3  37263.4 2021  9  4  5 45  4.580  0.18   1
     6641  55.361312 -161.798861    16.584    -1319.3    28947.8    -2454.8  51741.9  36917.2  32181.3 2021  9  4 16  0 24.680  0.86   1
     6642  55.181283 -161.037630    15.509    47220.3     8906.1    -3530.0  16365.9  49592.0  45235.6 2021  9  4 16  2 13.820  1.34   1
     6644  54.929517 -161.372298    29.244    25960.2   -19121.7    10204.9  26527.9  26887.8  56389.4 2021  9  4 16 19 47.520  1.35   1
     6647  55.272107 -162.500635    17.237   -46021.2    19017.1    -1802.0  38114.7  30189.5  59640.8 2021  9  4 18 54 44.040  1.35   1
     6648  55.194173 -161.431624    28.253    22092.3    10341.1     9213.7   8907.1   8587.6  26821.3 2021  9  4 19 32 39.040  1.52   1
     6649  55.216923 -161.789242    11.354     -708.6    12873.7    -7685.1  44241.0  28389.5  36238.8 2021  9  4 19 33 38.860  0.78   1
     6652  55.340507 -161.674854    18.586     6572.4    26631.7     -453.0  37915.8  29400.9  30481.0 2021  9  5  0 35 26.740  0.52   1
     6653  55.244275 -161.887484    41.767    -6968.2    15918.7    22727.7  16009.1  42119.5  22318.8 2021  9  5  2 22 56.380  1.34   1
     6655  55.402625 -161.965479    17.961   -11914.3    33546.9    -1077.4 101228.5 127140.4  89954.7 2021  9  5  5  7 35.520  1.53   1
     6656  55.332833 -162.335335    65.201   -35465.3    25777.4    46162.2  45665.8  65083.3  32590.6 2021  9  5  7 59 49.410  1.02   1
     6659  55.513489 -161.397380    43.961    24178.9    45888.8    24921.8  12900.2  35576.1  31541.3 2021  9  5 14 56 32.180  1.30   1
     6661  55.029700 -161.653092    24.744     7988.2    -7968.8     5704.9  10536.9  10177.7   3985.7 2021  9  5 16 42 37.540  1.29   1
     6662  54.932300 -161.594043    20.226    11775.1   -18811.9     1187.5  19416.6  15367.2  25170.1 2021  9  5 16 42 51.020  1.41   1
      667  55.354244 -161.893457    15.416    -7338.7    28160.9    -3622.6  70828.4  54107.2  55834.2 2021  1 22 19 42 19.600  0.51   1
     6671  55.378162 -161.577686    12.503    12750.3    30823.6    -6536.0  12833.2  23540.0  19364.2 2021  9  6  1 52 45.900  1.00   1
     6673  54.408195 -161.385628    12.168    25269.7   -77157.7    -6871.2  26214.1  10066.1  10663.9 2021  9  6  2 34 15.930  1.13   1
     6680  55.304114 -162.242057    23.150   -29539.0    22580.2     4111.0  63246.2  52482.4  71748.0 2021  9  6  7 59 53.770  1.22   1
     6682  54.947131 -163.645671    13.248  -119438.4   -17160.7    -5790.9  15227.4 103626.8  14892.4 2021  9  6  8 35 41.290  1.47   1
     6684  54.543502 -163.046094    13.127   -81498.6   -62094.7    -5912.3  16262.6  13591.4  17849.2 2021  9  6  9 31 41.580  1.27   1
     6687  54.809119 -160.898975    73.057    56322.2   -32525.0    54017.9  13025.5  32481.2  16000.7 2021  9  6 12 34 51.550  1.55   1
     6688  54.634481 -161.552295    48.310    14498.9   -51966.5    29271.4  18568.0  16586.4  13224.8 2021  9  6 13 52 12.440  1.47   1
      669  54.850635 -160.977311    33.475    51277.2   -27903.2    14436.1  10620.9  32520.5  38077.0 2021  1 22 19 49  6.560  2.34   1
     6692  54.921057 -162.194792     0.772   -26656.4   -20063.4   -18266.6   6481.9  10630.8   9498.2 2021  9  6 17 28 29.920  1.28   1
     6693  54.937329 -162.251725     4.436   -30292.7   -18252.0   -14602.4  17157.4  15419.6  29516.8 2021  9  6 17 28 50.240  1.50   1
     6697  55.235885 -161.668896     7.253     6960.6    14984.6   -11786.2  17715.1  24258.2  49288.3 2021  9  6 21 53 55.000  2.73   1
      670  54.813562 -161.577995    67.686    12820.5   -32030.3    48647.2   7447.3  11774.5   8050.8 2021  1 22 21  6 35.560  2.10   1
     6707  54.484615 -161.760563    10.992     1129.6   -68650.2    -8046.5  17595.5  10091.0  18919.8 2021  9  7  1 32 17.350  1.54   1
     6708  55.240641 -161.878841    12.475    -6417.8    15514.2    -6564.3  94552.2  82546.2 105400.4 2021  9  7  2 32 46.410  0.96   1
     6711  55.333569 -161.900358    13.665    -7779.8    25859.3    -5373.5  63986.0  65883.7  52762.0 2021  9  7  3 47 45.070 -0.06   1
     6714  55.119979 -161.872786    51.050    -6041.0     2081.4    32011.4  56195.5  22645.0  13646.2 2021  9  7  4 39 39.060  1.41   1
     6716  55.239726 -161.887288    13.159    -6956.1    15412.2    -5879.5  69760.0  76008.1 104070.8 2021  9  7  4 47  2.280  0.88   1
     6728  55.580359 -161.852214    15.293    -4701.0    53333.1    -3745.8 156278.0 102815.0 148657.7 2021  9  7 10 22 46.600  0.44   1
      673  55.210474 -161.529232    18.472    15865.8    12155.8     -567.4  11887.4  22094.0  17122.0 2021  1 22 22 26 35.020  1.45   1
     6731  55.361743 -161.828499    37.865    -3205.1    28995.8    18826.0  47159.6  40900.9  38740.2 2021  9  7 14 10  5.680  1.15   1
     6733  54.500301 -163.203223     7.603   -91646.8   -66904.0   -11436.0  19103.1  18400.5  18392.7 2021  9  7 15 10 56.830  1.52   1
     6734  55.367318 -161.297982    42.022    30547.0    29616.4    22983.6  25313.0  57946.1  20625.8 2021  9  7 15 19 32.750  1.31   1
     6736  55.432764 -161.862321    31.509    -5352.2    36902.1    12469.7  31627.4  36101.2  26593.0 2021  9  7 17 26 24.840  0.84   1
     6738  55.477861 -161.962419    19.438   -11708.6    41922.5      399.3 201959.0 153268.7 149473.6 2021  9  7 17 27 29.400  0.53   1
     6741  55.674032 -161.475846    54.248    19157.2    63761.2    35208.6  41430.0  21497.3  19808.6 2021  9  7 18 10 18.160  1.18   1
     6742  55.127885 -161.351318    14.140    27235.0     2961.6    -4899.3  19819.9  46833.2  73123.5 2021  9  7 18 11 36.200  0.80   1
      675  55.215597 -161.768799    10.024      594.5    12726.1    -9014.5  37351.1  23674.7  49928.9 2021  1 23  2 36  0.250  0.86   1
     6754  54.373234 -161.458626     9.865    20578.8   -81049.7    -9174.2  22998.8  14290.2  12612.4 2021  9  7 21 53 16.320  1.95   1
     6764  54.934513 -162.215251     1.841   -27960.6   -18565.4   -17198.1  10149.9   3399.9   6561.5 2021  9  8  3  9 46.090  1.52   1
     6765  54.843355 -162.375911    15.050   -38280.5   -28713.6    -3989.1  14318.1   6603.0  45982.7 2021  9  8  3 10  2.640  1.84   1
     6766  54.931877 -162.183724     0.209   -25944.9   -18859.0   -18830.2  17597.4  10234.0   6978.7 2021  9  8  3 12 53.720  1.31   1
     6767  54.845984 -162.220003     2.810   -28295.7   -28421.0   -16228.8  16872.0  11232.5  14280.5 2021  9  8  3 13 11.220  1.80   1
     6769  54.435881 -161.319938    11.052    29489.0   -74075.6    -7986.9  21080.3  17024.1  14700.8 2021  9  8  4 52 59.830  1.12   1
     6771  55.383012 -161.850928    15.862    -4630.8    31363.5    -3176.5  56043.2  58341.5  62145.4 2021  9  8  4 56 17.390  0.33   1
     6772  55.271680 -161.948372     7.425   -10844.2    18969.5   -11613.8 185188.8 164399.5 347625.7 2021  9  8  5 43 47.380 -0.00   1
     6777  55.155160 -161.731755    13.313     2957.9     5997.9    -5726.1  16797.0  17663.5  17542.4 2021  9  8 10 37 55.460 -0.03   1
     6779  55.479561 -161.397428    18.936    24186.1    42111.9     -103.1  14140.1  31909.7  43477.4 2021  9  8 11 39  8.340  0.46   1
     6781  55.378914 -161.925423    20.068    -9369.8    30907.4     1029.5  91428.5  66052.8  99430.5 2021  9  8 14 29 29.460  1.31   1
     6783  55.282076 -161.839990    30.817    -3940.1    20126.9    11777.7  46432.7  56449.1  34918.5 2021  9  8 14 43 11.140  0.75   1
     6785  55.400631 -160.834977    17.145    59978.6    33324.9    -1893.6  17474.8  70656.6  43820.5 2021  9  8 16 18 12.380  1.47   1
     6797  55.447314 -161.855387    26.909    -4910.6    38522.0     7869.6  54735.6  52016.1  32193.2 2021  9  9  8  3 51.340  1.33   1
     6798  55.449032 -161.859375    27.648    -5163.9    38713.1     8608.9  36338.5  53444.4  28969.7 2021  9  9  8  5  0.600  1.28   1
     6799  55.430570 -161.956494    29.135   -11339.0    36658.0    10095.8  82886.9  58612.4  88883.7 2021  9  9  8  5 37.040  1.11   1
       68  55.236979 -162.905160    35.754   -71819.5    15106.5    16715.0  25693.4  46117.6  42563.3 2021  1  3  1 52 19.270  1.76   1
     6801  55.503520 -161.799626    20.506    -1365.6    44779.0     1466.8  46225.3  30920.4  45670.8 2021  9  9  8  6 58.280  1.41   1
     6805  54.858150 -162.199951     1.964   -27007.6   -27066.5   -17074.6  17899.1   9461.6  16206.9 2021  9  9 17 57 48.720  1.45   1
     6806  54.943913 -162.156787     1.922   -24218.2   -17519.1   -17116.5  24781.5   9356.0  10590.0 2021  9  9 19 23 51.640  2.59   1
     6809  55.360604 -161.631315    10.831     9340.9    28869.0    -8208.2  15253.4  17798.1  15626.2 2021  9 10  5 42 52.380  0.17   1
      681  54.837378 -161.194906    13.261    37350.5   -29379.0    -5777.5  25473.2  19685.9  26275.2 2021  1 23  7 11 40.680  1.69   1
     6814  54.968148 -162.196631     1.899   -26758.4   -14821.1   -17139.4  15036.1  11840.7   9782.9 2021  9 10  9 15 43.130  2.22   1
     6816  55.223897 -160.668783    42.757    70703.6    13650.1    23717.7   8978.9  79514.4  25831.9 2021  9 10  9 21 37.860  2.02   1
     6824  55.280872 -161.569206     3.113    13305.9    19992.8   -15925.4  17294.0  14501.9  49559.8 2021  9 10 12  7 24.820  0.65   1
     6825  55.284501 -161.642106    12.468     8662.6    20396.8    -6570.5  10843.1  18161.8  21423.1 2021  9 10 12 34 42.390  0.69   1
     6828  55.160848 -162.183724     5.846   -25871.1     6631.2   -13193.2  28690.4  46058.5  24971.5 2021  9 10 13  8 42.470  1.80   1
     6836  54.940157 -162.295850     6.265   -33113.8   -17937.2   -12773.6   5437.9  12050.2   7201.4 2021  9 11  0  3 31.470  0.98   1
     6837  54.863359 -162.246012     2.800   -29954.7   -26486.7   -16238.5  24076.0   5550.4  13688.1 2021  9 11  0  3 49.390  1.52   1
     6842  55.375297 -161.745247    13.718     2091.5    30504.7    -5321.3 120567.7  90597.6  97774.4 2021  9 11  1 27 33.110  0.89   1
     6845  54.377966 -161.638607    11.200     8985.8   -80522.9    -7838.4  37778.7  16549.2  14671.3 2021  9 11  5 32 10.690  2.11   1
     6847  55.477905 -162.401953    15.652   -39633.3    41927.5    -3387.1 156957.0 147944.3 342414.6 2021  9 11  7 25 34.950  1.37   1
     6856  55.164905 -162.233447     0.533   -29041.2     7082.8   -18505.8  11004.2  27006.5  24634.7 2021  9 11 20 56  5.280  1.52   1
     6859  55.026278 -161.804574    17.262    -1689.8    -8349.8    -1777.1  23879.5  11739.7  22384.3 2021  9 11 23 34  3.440  0.97   1
     6864  55.297188 -161.085173    45.567    44124.7    21809.2    26528.4   4928.5  58273.2  32096.9 2021  9 12  5 18 10.450  1.67   1
     6866  55.352462 -161.753988    17.427     1535.9    27962.5    -1612.4  27374.3  19552.4  18148.1 2021  9 12  6  1 28.930  0.80   1
     6873  55.258993 -161.546094     5.695    14782.0    17557.1   -13343.7  11507.1  12525.6  14939.2 2021  9 12 16 57 51.170  1.45   1
     6874  54.909265 -162.189697     1.328   -26334.4   -21376.2   -17711.3  11649.5   8649.9  13313.8 2021  9 12 17  3 37.360  2.48   1
     6875  55.353113 -161.868652     1.904    -5760.4    28035.0   -17134.5  31732.2  17972.5  37004.2 2021  9 12 17  4 12.760  1.03   1
     6876  55.351705 -161.980697    11.483   -12890.2    27878.3    -7556.3 163255.9 147699.3 173805.7 2021  9 12 17  9 22.220  1.00   1
     6877  55.056474 -161.486344     1.944    18635.4    -4988.2   -17094.4  13706.4   9928.0  17978.0 2021  9 12 22 49  3.560  1.97   1
     6879  55.236304 -161.695671     4.570     5254.4    15031.3   -14468.5  22621.6  15678.8  26000.7 2021  9 12 22 49 20.840  1.25   1
     6883  55.005412 -162.240625     3.721   -29557.7   -10672.7   -15318.0  16615.1  14453.9  18871.5 2021  9 13  3 20 14.870  1.40   1
     6884  54.938485 -162.205908     2.163   -27361.7   -18123.3   -16875.8  10669.4   9721.6  12029.2 2021  9 13  3 20 33.680  1.48   1
     6888  55.000338 -162.295117     6.519   -33042.2   -11237.6   -12520.0  16402.8  14942.3  20845.4 2021  9 13 14  3 21.710  1.84   1
     6896  55.461267 -161.918783    34.462    -8938.2    40075.3    15422.9  64119.2  38484.4  25475.9 2021  9 13 18 29 10.660  1.06   1
      690  54.931547 -162.829036    15.417   -67223.8   -18895.7    -3621.4  14836.2  25327.4  39049.9 2021  1 23 14  6 22.750  1.68   1
     6901  54.936959 -161.376725    17.595    25674.7   -18293.2    -1443.6  25309.1  29424.8  50554.6 2021  9 14  1 40 14.530  2.29   1
     6902  54.998083 -161.540820    29.128    15167.2   -11488.5    10089.0  22201.6  15418.1  40842.6 2021  9 14  1 40 29.040  2.71   1
     6904  54.636715 -160.763070    21.426    65167.6   -51717.8     2386.9  22497.1  23250.2  21741.3 2021  9 14  3 18 46.700  2.31   1
      691  55.125920 -161.659294     4.745     7582.9     2742.8   -14293.4  24621.0   9791.0  20852.0 2021  1 23 14  6 27.130  0.45   1
     6911  54.931099 -161.127230    60.354    41636.1   -18945.5    41314.6  10763.7  12861.0  11166.1 2021  9 14 17 37 19.300  2.15   1
     6913  54.954085 -162.766357     3.313   -63196.7   -16386.6   -15726.0  12559.8  30891.4  31503.0 2021  9 14 19 17  6.200  1.59   1
     6917  54.800936 -162.675667    31.661   -57506.2   -33435.9    12622.1  22954.4  28856.5  20897.5 2021  9 15  3 34 53.360  2.29   1
     6918  54.982902 -162.311865     8.713   -34120.0   -13178.6   -10325.7  21573.7  13462.3  15196.4 2021  9 15  3 35 11.090  2.85   1
      692  55.271529 -161.788656     5.886     -670.8    18952.7   -13152.4  21095.2  19954.3  26288.2 2021  1 23 14  6 45.040  0.35   1
     6920  55.360653 -161.800212    15.294    -1405.3    28874.4    -3745.3  19092.9  26654.2  23790.3 2021  9 15  5 53  8.200  0.11   1
     6923  55.255391 -160.704248    49.761    68416.3    17156.2    30722.5  10713.0  28245.3  21730.1 2021  9 15 10 49 31.970  2.07   1
     6925  55.109485 -161.620264    10.454    10075.6      913.2    -8585.0  18043.2  30878.3  39325.9 2021  9 15 12 30 24.780  0.98   1
     6926  54.566044 -162.822005     9.728   -67076.7   -59585.2    -9310.9  24362.1  17963.3  41438.4 2021  9 15 13 30  0.480  1.71   1
     6932  54.520878 -162.498242    14.030   -46298.4   -64613.3    -5008.9  14155.2  15002.6  10479.7 2021  9 15 20 51  1.260  1.50   1
     6933  54.496505 -162.122754    12.850   -22163.8   -67326.6    -6189.1  45197.6  12150.3  19132.4 2021  9 15 21 52 38.580  1.79   1
     6940  55.260685 -161.169206    31.488    38791.5    17745.5    12449.6  16682.1  19254.1  22837.3 2021  9 16 18 35 42.040  1.38   1
     6941  55.190869 -161.837614     2.505    -3793.1     9973.3   -16533.7  16745.4  15306.9  14526.6 2021  9 16 18 36 25.280  0.76   1
     6942  54.975989 -160.451758     7.234    84797.0   -13948.2   -11804.6  17053.8  30912.9  17336.2 2021  9 16 19 49  6.920  2.06   1
      695  54.876090 -161.860596     0.953    -5279.0   -25069.3   -18085.9  30203.3  17217.9  12029.9 2021  1 23 16 56 33.020  1.72   1
     6961  54.498905 -161.978385    10.547   -12878.8   -67059.4    -8492.1  21494.7  14965.5  19104.8 2021  9 18  1 56 38.430  1.69   1
     6962  55.482902 -161.753174    15.329     1585.1    42483.8    -3710.1  89940.8  46074.7  54545.1 2021  9 18  5  1 16.760  1.30   1
     6963  55.503198 -161.725439    13.164     3346.2    44743.2    -5875.0  44380.7  69267.4  63886.9 2021  9 18  5  3  4.180  0.28   1
     6964  55.557214 -161.937484    19.826   -10114.4    50756.6      787.4 196326.6 178467.5 140854.4 2021  9 18  5 15 33.950 -0.01   1
     6974  55.357975 -161.780452    32.364     -148.1    28576.3    13324.8 180130.0 120309.8  95711.0 2021  9 18 11 33 44.810  2.00   1
     6977  54.965865 -162.215755     6.406   -27982.0   -15075.2   -12632.5  23758.1  26099.7  36270.6 2021  9 18 11 47 18.630  0.79   1
     6978  55.402153 -161.584489     9.513    12313.9    33494.3    -9525.8   5932.9  21885.2   6732.4 2021  9 18 14  9 17.000  0.38   1
     6984  55.256405 -161.551774     4.403    14420.6    17269.0   -14636.3   8498.5   7147.1  30068.7 2021  9 18 23  6 27.080  0.55   1
     6985  54.734176 -162.637516    12.861   -55107.4   -40868.0    -6178.3  17084.5  17389.2  20332.5 2021  9 18 23 57 26.240  1.46   1
     6989  55.489050 -161.734847    13.492     2749.2    43168.2    -5546.7  54111.4  57965.5  59101.7 2021  9 19  5 20 31.220  0.77   1
      699  55.192615 -161.790365     7.143     -780.4    10167.6   -11896.3  49859.1  28149.7  51504.1 2021  1 23 19 28 20.440  1.56   1
     6992  55.331576 -161.709993     5.714     4336.5    25637.4   -13324.5  16210.2  15424.5  19134.1 2021  9 19  8 54 38.570  0.10   1
     6995  55.490234 -161.746582    14.743     2003.7    43300.0    -4295.6 119978.3  76385.0  85843.1 2021  9 19 12 30 59.690  1.06   1
     6999  54.900903 -161.311963    31.067    29830.4   -22307.1    12027.8  24414.7  16210.6  36735.3 2021  9 19 14 13 10.600  2.02   1
     7005  55.001274 -161.436051    31.916    21862.5   -11133.4    12876.8  18491.6  19154.9  30588.2 2021  9 19 14 51 40.960  1.84   1
     7007  54.648254 -162.697868     2.356   -59040.0   -50433.1   -16682.6  23907.7  17357.6  18368.0 2021  9 19 15 18 42.350  2.04   1
     7012  55.268595 -161.540348     3.185    15146.2    18626.1   -15853.7  12514.4  10285.2  38680.7 2021  9 19 16 16  5.710  0.58   1
     7013  55.624699 -161.750618     4.425     1744.3    58269.3   -14613.9  88578.8  69610.8  87022.1 2021  9 19 17 18 18.460  0.52   1
     7014  55.495553 -161.722396    12.803     3539.8    43892.1    -6235.8  38033.6  52971.1  54443.4 2021  9 19 17 45 22.720  0.75   1
     7021  55.004065 -161.564339    32.112    13662.9   -10822.6    13073.3  17063.8  12775.0  26870.2 2021  9 19 18 27 21.000  1.78   1
     7025  54.897689 -161.347965    32.154    27527.6   -22664.9    13115.6  24809.3  13981.0  38821.8 2021  9 19 19 26  1.720  2.02   1
     7027  55.156767 -161.869824    18.590    -5849.3     6176.9     -449.1  28528.5  10305.9  21599.6 2021  9 19 19 33 52.240  0.68   1
      704  55.329806 -161.676823     6.140     6447.9    25440.3   -12899.0   7619.5   7543.0  22905.7 2021  1 23 22 28 43.560  0.58   1
     7043  55.336975 -161.524170     3.782    16162.9    26238.5   -15256.7  13758.2  18623.4  32195.1 2021  9 21  4 37 13.000  0.72   1
     7044  55.210893 -160.723031    68.656    67257.1    12202.4    49616.7  14735.3  52777.9  19105.0 2021  9 21  8 45 12.850  1.94   1
     7047  55.249227 -161.608415     5.069    10813.0    16469.9   -13969.9  15556.0  18669.8  30392.8 2021  9 21 11 11 59.170  0.36   1
     7048  55.307715 -161.584961     9.640    12298.4    22981.1    -9398.9  20449.3  27895.5  21250.9 2021  9 21 11 15 43.540  0.42   1
     7049  55.294141 -161.581836     3.030    12499.5    21470.0   -16009.1  15197.1  12107.3  44479.8 2021  9 21 11 16 55.190  0.22   1
     7050  54.766768 -161.268132    48.463    32689.5   -37239.6    29424.5  19475.8  18523.0  14143.6 2021  9 21 11 23 14.860  1.54   1
     7052  55.346037 -161.926953     6.374    -9471.0    27247.3   -12664.9  86335.8 132651.6 130723.9 2021  9 21 11 35 57.590  0.17   1
     7057  54.657349 -163.361523    12.333  -101629.9   -49420.7    -6706.1  27650.9  18923.0  38489.1 2021  9 21 13 25 16.770  1.51   1
     7058  54.720679 -163.145931    33.608   -87723.5   -42370.5    14569.4  20267.5  25476.3  87461.4 2021  9 21 13 50 54.470  1.50   1
     7059  55.389803 -161.905013    29.218    -8070.4    32119.5    10179.2  60873.6  38249.4  30209.4 2021  9 21 13 58 47.960  0.02   1
     7063  55.436829 -161.539860     4.949    15145.4    37354.7   -14089.5  12765.6  27727.8  15753.1 2021  9 21 21  3 40.540  0.03   1
     7066  55.255452 -162.221859     5.582   -28270.1    17163.0   -13457.1  29547.8  19423.8  42121.1 2021  9 21 22 57  2.520  0.36   1
     7079  54.527559 -162.177897    11.797   -25700.4   -63869.5    -7241.4  75039.8   8631.4  24142.7 2021  9 22  9 52 39.310  1.74   1
     7085  55.338236 -161.765413    16.073      809.0    26378.9    -2965.8  22674.4  20417.9  18833.5 2021  9 22 12 38 16.390  0.34   1
     7086  55.345357 -161.833512    16.055    -3524.7    27171.6    -2984.0  26557.9  48423.0  42336.8 2021  9 22 12 43 11.430  0.32   1
     7087  55.323486 -161.639665    10.938     8813.8    24736.9    -8100.9  11149.7  38694.7  31722.5 2021  9 22 12 46 33.690  0.29   1
     7088  55.399825 -161.765332    12.200      813.6    33235.2    -6839.3  46168.6  23978.6  41486.2 2021  9 22 12 49 31.860  0.48   1
     7089  55.369784 -161.819548    14.046    -2635.2    29890.9    -4992.7  22256.2  22707.6  34081.2 2021  9 22 12 51 11.460  0.07   1
     7090  55.463989 -161.861328    16.058    -5287.0    40378.3    -2981.1  36970.1 108567.8  98938.2 2021  9 22 12 52  1.600  0.47   1
     7091  55.028821 -161.526855    13.827    16053.6    -8066.7    -5211.8  19010.4  24014.4  23848.3 2021  9 22 12 54 13.350  0.98   1
     7092  55.343042 -161.744613    17.570     2132.7    26913.9    -1468.4  22099.1  20745.9  15638.6 2021  9 22 12 54 53.910  0.46   1
     7093  55.340446 -161.725179    15.170     3369.6    26624.9    -3869.0  23602.7  21875.7  11215.6 2021  9 22 12 57  7.060 -0.39   1
     7094  55.346016 -161.741455    17.153     2333.6    27245.0    -1885.5  13178.0  11800.5  14523.0 2021  9 22 12 58 48.690  0.38   1
     7096  55.452543 -161.891178    15.630    -7184.8    39104.1    -3408.5 169937.2 178100.5 143121.8 2021  9 22 13  3 25.550  0.52   1
     7097  55.378491 -161.738688    14.906     2508.6    30860.3    -4132.8  42731.8  30057.2  24972.0 2021  9 22 13  6  4.180  0.24   1
     7105  55.191272 -161.227865    32.874    35085.0    10018.1    13835.6  20578.6  22175.2  31643.7 2021  9 22 21 40 26.920  1.89   1
     7107  55.310734 -161.666406    21.556     7112.6    23317.2     2517.4  25125.7  28324.1  25166.4 2021  9 22 22 20 59.560  0.64   1
     7109  55.304150 -162.096257    41.119   -20255.7    22584.3    22079.9  42808.6  47918.8  29015.1 2021  9 22 23 59 52.780  1.16   1
      711  55.263684 -161.682292    20.714     6104.9    18079.4     1675.0  32563.7  36285.1  20698.6 2021  1 24  7 42 45.190  0.28   1
     7112  55.171440 -161.141699    24.247    40589.0     7810.3     5207.9  14342.9  32211.4  14423.1 2021  9 23  4 33 52.330  2.34   1
     7114  55.396004 -161.668734    16.549     6957.0    32809.9    -2489.8  16464.5  34839.9  18096.3 2021  9 23 10 47 36.020  0.40   1
     7116  55.487130 -161.917757    13.216    -8870.1    42954.4    -5823.3 258874.3 177796.2 221266.7 2021  9 23 11 22 31.990  0.52   1
     7117  55.082328 -162.082487     2.852   -19432.7    -2110.0   -16187.2   5844.1   7895.3  11473.4 2021  9 23 17 23  4.760  0.93   1
     7119  55.212899 -163.495215     7.448  -109453.3    12425.7   -11591.2  16831.3  63327.0  34946.0 2021  9 23 21 55 58.180  2.24   1
     7123  55.008757 -162.270378     6.964   -31457.8   -10300.3   -12075.2  11157.4   7995.8  26051.6 2021  9 24  7  5  1.710  1.96   1
     7126  55.033061 -161.498145    16.234    17887.0    -7594.7    -2805.3  31751.6  12076.9  40152.9 2021  9 24  7 28 26.640  1.67   1
     7129  55.367395 -161.782878    15.299     -302.4    29625.0    -3740.3  36859.2  23041.5  22852.0 2021  9 24  8 50 22.280  0.32   1
     7130  55.347917 -161.820133    16.721    -2673.3    27456.6    -2317.5  50418.8  42948.2  30254.0 2021  9 24  8 53 25.760  0.47   1
     7131  55.425183 -161.787158    10.764     -574.3    36058.2    -8275.1  44167.8  48576.8  57402.1 2021  9 24  8 55 45.960  0.40   1
     7134  55.327116 -161.902409    11.322    -7911.0    25140.9    -7717.4  71326.2  52548.2  52361.9 2021  9 24  9 12 19.070  0.38   1
     7141  55.299504 -161.227018    42.194    35091.5    22067.0    23154.8  12967.8  53623.6  30169.6 2021  9 24 14  0 50.650  1.70   1
     7148  55.348242 -161.777930    15.039       12.4    27492.8    -3999.7  23210.5  28345.9  20556.5 2021  9 24 19 18 25.480  0.07   1
     7149  55.264913 -161.562646     3.122    13726.4    18216.2   -15917.3   9343.6  13711.4  41184.2 2021  9 24 19 19 10.960  0.36   1
     7156  55.291634 -161.997852    26.160   -13992.4    21190.9     7120.8  74709.4  47789.0  59158.4 2021  9 25  0 49 44.530  0.97   1
     7157  55.270618 -161.645199     8.109     8467.1    18851.3   -10930.0   9349.4  22047.8  50735.6 2021  9 25  0 52  0.650  0.52   1
     7163  55.308346 -161.913639    16.720    -8627.9    23051.3    -2318.7 141585.2 139367.2 113465.9 2021  9 25  1  8  4.460  0.35   1
     7169  54.857878 -161.500944     1.939    17746.7   -27096.9   -17100.2  13876.6  23763.7  17439.5 2021  9 25  3 16 43.710  1.04   1
     7174  55.162000 -161.843327     8.790    -4158.8     6759.4   -10249.0  31482.3  27611.3  13381.5 2021  9 25  5 50 37.350  1.11   1
     7175  55.032699 -161.508431    22.422    17229.9    -7635.0     3383.5  10898.2  28234.4  17615.9 2021  9 25  7 52 28.710  1.65   1
      718  54.965914 -161.410970    23.905    23475.8   -15069.8     4865.8  24173.5  17639.6  14686.8 2021  1 24 13 54 12.850  1.58   1
     7181  55.121903 -161.452344    18.549    20790.0     2295.7     -490.1  23377.8  16912.9  22342.0 2021  9 25  9 12 30.350  1.62   1
     7182  55.398360 -161.807373    15.816    -1860.1    33072.2    -3223.1  43228.1  60519.2  57239.1 2021  9 25  9 18 45.940  0.40   1
     7183  55.368022 -161.798747    15.403    -1312.0    29694.7    -3635.5  31810.0  19205.3  22921.1 2021  9 25  9 19 24.700  0.14   1
     7184  55.397660 -161.884912    15.579    -6791.3    32994.3    -3460.2  93965.3  76307.0  92404.9 2021  9 25  9 21 23.370  0.08   1
     7185  55.308622 -161.949349    14.262   -10901.4    23082.1    -4776.7 109526.9 108439.5  97457.8 2021  9 25  9 25  6.660  0.75   1
     7195  55.329138 -161.725911    15.595     3323.4    25366.1    -3443.7  21055.5  17955.4  14566.8 2021  9 25 16 16 16.260  0.05   1
     7196  55.334452 -161.863330    17.861    -5423.0    25957.6    -1177.6  63297.1  75208.7  48034.7 2021  9 25 16 17 20.700  0.43   1
     7197  55.211690 -161.731055    15.571     3000.5    12291.2    -3468.1  33075.5  18397.7  34905.0 2021  9 25 16 19 31.200  0.55   1
      720  55.207686 -162.043783    16.067   -16935.0    11845.5    -2972.3  28475.2  25364.8  41079.4 2021  1 24 13 55 20.110  0.99   1
     7201  55.333915 -161.759668    18.456     1174.7    25897.8     -583.1  32607.6  16000.7  19649.5 2021  9 25 22 51 36.720  0.18   1
     7202  55.391292 -161.756787    15.874     1357.1    32285.3    -3165.0  40890.6  25056.2  29444.4 2021  9 25 22 57 39.920  0.24   1
     7204  55.415951 -161.876823    14.313    -6275.4    35030.4    -4725.5 154028.1 183833.6 131497.2 2021  9 25 22 59 12.340  0.37   1
     7206  55.035775 -161.254720    33.178    33437.4    -7292.5    14138.7  14557.4  29092.7  24614.9 2021  9 26  0 19  7.700  1.06   1
     7208  55.160164 -161.875016     7.501    -6180.2     6555.1   -11537.7  21605.4  18087.5  26432.6 2021  9 26  0 19 51.730  0.34   1
     7209  54.914417 -162.206689     1.458   -27419.9   -20802.7   -17581.3  13188.5   7263.9  14111.7 2021  9 26  0 26 43.570  0.83   1
     7211  54.650769 -161.785059    54.994     -445.1   -50153.2    35955.1  16735.7  11941.2  23549.4 2021  9 26  2 13 55.090  1.20   1
     7214  55.408818 -161.854232    14.731    -4839.4    34236.3    -4307.5  50721.2  51206.5  72115.3 2021  9 26  3  7 42.960 -0.29   1
     7218  55.350647 -161.792839    16.296     -936.3    27760.5    -2742.5  42304.0  54969.7  25465.8 2021  9 26  5 48 24.220  0.34   1
     7219  55.393901 -161.883643    14.609    -6710.9    32575.7    -4430.3 120894.0  60434.8 120702.2 2021  9 26  5 49 11.180  0.36   1
      722  55.209757 -162.052604    19.169   -17496.9    12076.0      130.6  32612.7  32581.9  33841.5 2021  1 24 13 55 59.740  0.94   1
     7220  55.354989 -161.809912    16.659    -2022.6    28243.8    -2379.6  48637.8  35597.7  30947.7 2021  9 26  5 50 50.600  0.15   1
     7223  55.453784 -161.688542    13.223     5693.2    39242.2    -5815.7  43752.7  47765.3  43734.7 2021  9 26  6  0 20.900  0.39   1
     7226  55.365991 -161.747396    21.594     1955.0    29468.7     2555.3  17982.0  41709.2  19218.2 2021  9 26  6  6 24.950  0.55   1
     7234  54.894572 -162.182845     2.226   -25900.7   -23011.9   -16812.5  12272.8   7739.9  14999.5 2021  9 26 13  2 23.780  0.45   1
     7235  54.545577 -162.019238    11.890   -15497.1   -61863.7    -7148.7  39897.2  16481.0  20381.7 2021  9 26 13  2 32.250  1.10   1
      724  55.238981 -162.103597     2.469   -20740.0    15329.3   -16570.1  93949.2  91162.4  97808.4 2021  1 24 15 11  8.640  0.86   1
     7243  54.663253 -160.894938    22.632    56682.9   -48763.4     3593.2  10802.5  11120.6  10201.2 2021  9 26 17 39 54.360  1.71   1
     7247  55.341878 -161.717725    17.467     3843.9    26784.3    -1571.5  19412.5  15797.5  12907.3 2021  9 26 19 10 13.200  0.43   1
     7248  55.347555 -161.815186    15.559    -2358.4    27416.2    -3480.0  33525.7  40329.0  30551.4 2021  9 26 19 15 41.440  0.86   1
     7255  55.259371 -162.019629     4.027   -15385.4    17599.2   -15012.1  40072.9  42746.2  73655.5 2021  9 27  1 34 11.790  0.70   1
     7256  54.572559 -161.306396    29.252    30309.4   -58859.9    10213.2   9872.5  13009.9  34146.6 2021  9 27  1 40 42.150  1.61   1
     7257  55.155676 -162.179134     1.945   -25580.0     6055.5   -17093.9  13622.7  30137.0  36064.0 2021  9 27  2 43 22.440  1.50   1
     7260  55.356051 -161.753402    17.836     1573.1    28362.1    -1202.7  18520.6  23096.4  15327.3 2021  9 27  3 58  1.920  0.38   1
     7261  55.352555 -161.758105    15.170     1273.9    27973.0    -3868.7  28922.3  20286.4  29953.6 2021  9 27  3 58 27.900  0.56   1
     7262  55.373364 -161.759733    17.740     1170.0    30289.5    -1298.4  29195.8  14158.5  23432.9 2021  9 27  4  1 23.460  0.52   1
     7263  55.298230 -161.747998    16.209     1918.4    21925.2    -2829.6  30704.9  13785.7  16688.1 2021  9 27  4  2 16.990  0.32   1
     7264  55.332471 -161.855046    18.564    -4895.9    25737.0     -474.8  28665.2  54001.8  46060.3 2021  9 27  4  3  0.030  0.35   1
     7265  55.358781 -161.768392    18.227      619.3    28666.0     -811.5  33769.4  15206.7  13478.3 2021  9 27  4  4  3.210  0.61   1
      727  55.016427 -161.559538    32.512    13967.7    -9446.5    13473.5  11988.0  23348.6  23245.3 2021  1 24 18 57 12.040  2.29   1
     7276  54.831486 -161.027718    32.278    48061.0   -30034.9    13239.1  24591.8  13265.5  53120.3 2021  9 27 13  1 59.790  2.66   1
     7279  55.268937 -161.583252     5.435    12413.2    18664.2   -13604.2  12833.9   7703.9  21024.7 2021  9 27 15  9 51.900  0.57   1
     7283  55.352783 -161.753695    17.760     1554.6    27998.3    -1278.4  38812.3  20198.4  16420.2 2021  9 27 22 33 47.480  0.73   1
     7284  55.340735 -161.853711    16.551    -4810.4    26657.0    -2487.5  34589.1  50852.9  48125.0 2021  9 27 22 43 50.760  0.62   1
     7291  55.077226 -161.754102    15.092     1533.9    -2678.0    -3946.9  16156.7  20750.5  21794.3 2021  9 28 17  2 20.060  1.23   1
     7299  55.284603 -161.670996    14.816     6822.7    20408.2    -4222.7  23684.7  22701.6  25442.9 2021  9 29 14 25 43.640  0.94   1
       73  54.990434 -162.270947     5.582   -31501.4   -12340.1   -13456.4  17494.7  11548.5  20451.2 2021  1  3  5  8 33.310  1.68   1
     7302  55.291012 -161.663590    15.928     7293.7    21121.6    -3110.4  13940.9   8609.1   9577.8 2021  9 29 23  7 14.760  0.73   1
     7304  55.166492 -162.257829     4.981   -30595.7     7259.5   -14058.0  15236.7  18371.8  29274.9 2021  9 30  1  2 42.310  1.45   1
     7305  55.356401 -161.821891    18.287    -2784.8    28401.0     -752.3  27505.9  43207.5  30236.7 2021  9 30  4 38 29.360  0.94   1
     7307  55.316374 -161.741390    16.774     2338.6    23945.0    -2264.5  43250.4  25904.2  22935.0 2021  9 30  6 25 42.810  1.06   1
     7309  54.770475 -161.087679    33.413    44254.1   -36826.9    14374.4  18263.1  37737.7  31996.0 2021  9 30 10 54 12.800  2.78   1
      731  55.151571 -162.056429     2.953   -17753.6     5598.4   -16085.7  30399.1  16526.5  38747.8 2021  1 24 19 36  4.400  0.99   1
     7310  54.877022 -161.859001     1.760    -5176.9   -24965.6   -17279.1   8339.2  14247.1  14536.3 2021  9 30 11  5 24.240  1.33   1
     7312  54.871956 -161.406510    32.190    23788.7   -25529.6    13150.6  23364.7  32233.0  25028.0 2021  9 30 12  6 14.010  2.08   1
     7313  55.008142 -162.311751    13.250   -34102.1   -10368.7    -5789.3  20732.9  18890.0  14723.3 2021  9 30 16 10 14.260  1.04   1
     7317  55.274329 -161.154215     7.946    39739.7    19264.4   -11092.0  14866.7  31496.7  58837.0 2021  9 30 23 16  3.080  2.19   1
      732  55.323332 -161.714551     4.826     4046.9    24719.6   -14212.6  10108.7  19512.2   7654.4 2021  1 24 20 52 53.320  1.36   1
     7321  54.980798 -162.225635     3.167   -28608.4   -13412.8   -15872.1  11598.3  11397.7  30531.2 2021 10  1  5  8 21.050  0.62   1
     7322  54.415828 -162.042350    16.240   -17009.8   -76307.9    -2798.5  20769.4   9974.5  18033.2 2021 10  1  7 34 27.890  1.79   1
     7325  54.854871 -161.184863    17.015    37985.4   -27431.6    -2023.9  26854.1  25153.5  23974.0 2021 10  1 12 27 28.960  2.30   1
     7327  55.503727 -162.013542    39.608   -14951.8    44802.1    20568.7  62667.6  56693.9  36072.6 2021 10  1 14 14  5.160  3.80   1
     7329  55.017192 -162.386279    17.490   -38860.5    -9361.3    -1548.7  19378.3  13937.2  25996.2 2021 10  1 21 23 40.720  1.91   1
     7337  54.476762 -162.236702    61.582   -29499.3   -69524.5    42542.7  45870.8  11203.1  13104.4 2021 10  5  2 40 17.350  1.85   1
     7339  55.341565 -161.818962     1.778    -2598.9    26749.5   -17260.8  36898.5  20105.8  27197.2 2021 10  5  4 28 38.180  0.94   1
     7341  54.541532 -163.314014    13.340   -98721.5   -62313.9    -5699.0  19665.4  20320.4  17170.2 2021 10  5  5 47 43.300  1.61   1
     7344  54.826318 -161.904606     1.071    -8101.2   -30610.2   -17967.9  13200.5  13659.5  15927.5 2021 10  5  9 17 49.140  1.82   1
     7345  55.359973 -161.570117     9.676    13234.8    28798.7    -9363.0  10404.4  21339.8  19416.0 2021 10  5 11 39 41.750  0.38   1
     7346  55.368795 -161.766243    15.946      755.9    29780.8    -3092.5  28943.3  17975.8  15452.6 2021 10  5 15 44 11.470  0.92   1
      735  54.383280 -161.916927     8.921    -8939.1   -79931.3   -10117.5  26774.0  12555.4  15358.0 2021  1 24 21 16 22.960  5.31   1
     7352  55.472461 -161.580339    27.473    12566.7    41321.4     8434.4  58065.8  54913.9  67966.6 2021 10  5 19 59  6.500  1.74   1
     7359  54.828931 -162.194417     1.667   -26662.9   -30319.4   -17371.7   5609.0  10149.0  12788.1 2021 10  6  3 42 47.150  2.29   1
     7360  54.919804 -162.259880     5.466   -30820.9   -20203.0   -13572.8  18821.4  11591.5  17178.2 2021 10  6  3 43  8.370  2.37   1
     7366  54.996403 -162.439648     7.520   -42281.7   -11675.6   -11518.8   9494.6  22399.4  34379.0 2021 10  6  6 28 37.800  1.83   1
     7368  55.001603 -162.240186     3.227   -29531.0   -11096.7   -15811.8  16482.5  14031.1  34957.5 2021 10  6  6 43 16.730  1.92   1
     7381  55.440495 -161.948649    41.540   -10838.9    37762.8    22500.8  42158.5  37639.2  16985.1 2021 10  7  6  8  1.900  1.33   1
     7382  55.241935 -161.637923    34.512     8933.7    15658.2    15473.6   8589.5  14148.7   9256.6 2021 10  7  8 35 23.410  1.15   1
     7384  55.462553 -161.696110    14.611     5211.6    40218.4    -4427.7  36219.6  29501.3  37532.0 2021 10  7 12 25 27.080  0.10   1
     7386  55.404708 -161.838965     6.168    -3868.9    33778.8   -12870.6 117471.8  75689.9 114304.7 2021 10  7 16 55  8.250  0.58   1
     7398  55.011825 -162.294385     6.527   -32990.7    -9958.8   -12512.2  40580.8  23063.0  16173.3 2021 10  9  6  0 37.850  1.00   1
     7399  54.946472 -162.072754    19.087   -18843.1   -17234.1       48.6  21189.7  21554.9  25624.2 2021 10  9 11  9 32.760  2.49   1
     7400  54.561011 -161.807764    11.213    -1904.6   -60145.5    -7825.7  32873.8   7475.3  26847.9 2021 10  9 15  6  0.030  2.39   1
     7411  55.359139 -161.595394    15.323    11626.6    28705.9    -3716.0  11871.8  52803.4  34166.3 2021 10 10 10 24 41.830  0.01   1
     7412  54.612427 -161.462142    11.782    20292.5   -54421.6    -7256.6  12670.1   6715.9  20512.9 2021 10 10 14 34 51.400  1.88   1
     7416  55.330086 -161.984212    17.682   -13117.5    25471.6    -1356.9 129772.4 103537.3 102337.7 2021 10 10 18 56 57.500  1.05   1
      742  55.253068 -161.404281     4.876    23818.2    16897.6   -14162.6  16387.8  14210.0  21634.2 2021  1 25  4 42 41.080  0.75   1
     7420  55.319401 -161.546631     5.089    14736.6    24282.1   -13949.9  10542.1  18403.7  25283.6 2021 10 11  4 21  3.640  0.62   1
     7421  55.365381 -161.312695    17.444    29611.6    29400.8    -1595.1  27141.8  19377.3  38210.7 2021 10 11  9 11  5.030  4.84   1
     7422  55.386780 -161.386523    18.990    24907.8    31783.0      -48.6  10041.3  30290.2  33956.7 2021 10 11  9 11 37.720  5.55   1
     7428  54.898783 -161.707129    15.507     4543.3   -22543.1    -3531.4  13633.8  20320.3  60239.0 2021 10 11 12 25 38.840  2.16   1
      743  54.678023 -161.100065    12.649    43509.9   -47119.1    -6390.1  27528.5  30731.7  23619.5 2021  1 25  5 26 57.040  1.24   1
     7433  55.270658 -161.856852     4.421    -5014.7    18855.8   -14618.1  31232.6  26234.0  35972.2 2021 10 11 17 57 46.040  1.36   1
     7434  55.380212 -161.627018     6.774     9611.9    31051.9   -12264.6  19727.0  25188.7  62230.3 2021 10 11 19 36 40.880  2.04   1
     7437  55.233285 -161.877116     7.186    -6308.4    14695.2   -11853.0  25829.0  27202.9  22776.7 2021 10 11 19 41 45.020  2.21   1
     7439  55.422367 -161.441992    21.777    21370.2    35744.8     2738.1  16057.6  31194.3  12225.5 2021 10 12  0 54 54.760  1.59   1
      744  55.140450 -161.506689     3.430    17317.9     4360.4   -15608.9  14669.3  26111.1  24277.8 2021  1 25  5 35 14.680  0.69   1
     7441  55.098165 -161.920492     2.543    -9087.9     -347.0   -16496.3  12249.5   9122.7  13236.4 2021 10 12  0 58  1.950  1.29   1
     7452  55.352043 -161.778581    18.968      -29.0    27915.9      -70.8  51221.4  90382.3  50382.0 2021 10 12 14 15  0.590  0.01   1
     7455  55.298039 -161.955306    15.001   -11282.1    21903.9    -4038.3  63559.6  43850.4  46353.2 2021 10 12 19  6 27.380  1.39   1
     7465  55.706413 -162.211735     1.557   -27469.3    67366.0   -17481.7  70563.3  49728.6  54983.1 2021 10 13  3  5 17.820  2.01   1
     7466  54.997184 -162.283936     6.251   -32328.9   -11588.6   -12788.3  14355.0  11535.0  19567.2 2021 10 13  5 25 10.600  1.41   1
     7468  55.058105 -162.160872    30.624   -24444.8    -4806.6    11585.3  50301.0  33223.2  45541.4 2021 10 13  6  6 51.980  1.77   1
     7469  55.124898 -161.793734     6.147     -996.0     2629.1   -12891.4  24287.9  25502.1  37651.4 2021 10 13  7 25 59.470  0.83   1
     7471  55.045056 -161.070150    38.055    45223.3    -6259.3    19015.8  18127.7  63822.8  37106.3 2021 10 13 11 34 58.770  2.14   1
     7475  54.639095 -161.868213    21.977    -5783.6   -51452.8     2937.9  14767.0  17291.1  13523.4 2021 10 13 17 58 24.700  1.93   1
     7476  55.470203 -161.122559    39.044    41653.8    41070.0    20005.6  18957.0  50094.6  25201.6 2021 10 14  1 14  1.840  1.87   1
     7485  55.212321 -161.677490     4.930     6414.9    12361.4   -14108.9  21686.5  17783.9  31028.9 2021 10 14 13  4 28.920  0.81   1
     7486  54.644425 -161.401660    12.076    24167.1   -50859.4    -6962.7  21096.4   6880.8  12362.4 2021 10 14 13 54 54.980  2.52   1
     7488  55.088517 -161.612988    22.125    10542.7    -1421.0     3086.0  13054.3  22909.5  32760.8 2021 10 14 15 23  4.770  0.30   1
     7490  55.382951 -161.957959     9.828   -11438.9    31356.7    -9211.4 195892.5 127486.5 250035.3 2021 10 14 15 59 58.120  0.27   1
     7491  55.178719 -161.458757     4.781    20366.3     8620.7   -14257.4  24645.1  14483.4  20863.7 2021 10 14 18  5 58.280  1.07   1
     7492  55.430518 -161.627148    10.134     9597.6    36652.1    -8904.4  22431.4  28008.0  34901.6 2021 10 14 18 10 42.020  0.54   1
     7496  54.776392 -161.270654    13.863    32523.9   -36168.3    -5176.2  43323.0  16258.0  21508.0 2021 10 14 19 30 12.720  2.07   1
     7498  54.498901 -162.048503    15.711   -17388.0   -67059.8    -3327.6  23724.2  14966.3  38769.3 2021 10 14 20  4 46.620  2.06   1
     7502  54.917041 -162.217350     2.358   -28101.0   -20510.5   -16681.3   8115.7   6645.9   8543.4 2021 10 14 21 35 34.360  1.74   1
     7504  55.222030 -161.420540     4.181    22791.1    13442.2   -14857.9  14220.9  29848.8  26424.2 2021 10 15  0 17 46.620  1.00   1
     7505  55.392208 -161.772005     4.871      389.2    32387.3   -14168.0  42695.9  37355.1  52587.6 2021 10 15  2 46 27.700  0.92   1
     7506  55.496277 -161.697786    11.542     5102.9    43972.7    -7496.9 192403.3 132036.5 191195.5 2021 10 15  2 46 59.210  1.06   1
      751  54.944727 -162.249447     6.264   -30144.1   -17428.5   -12775.1  11182.9  11910.4  11719.9 2021  1 25 15 34 57.710  1.47   1
     7513  55.342049 -161.869792     1.092    -5833.7    26803.4   -17946.9  25099.5  60337.1  40229.7 2021 10 15  8 18 50.890  3.14   1
     7516  54.990788 -162.314925     8.040   -34312.3   -12300.7   -10999.3  19215.2  18231.9  17716.4 2021 10 15  9 49 25.890  1.72   1
     7518  55.428833 -161.596712    10.573    11532.7    36464.5    -8465.9  10784.0  27252.5  20527.8 2021 10 15 17  5  9.140  0.44   1
     7522  55.396440 -161.012174    22.858    48712.4    32858.4     3819.5  21915.9  41112.4  35140.2 2021 10 16  4 28 12.600  1.35   1
     7524  55.306274 -160.468717    12.288    83368.9    22820.7    -6750.7  23264.8  45072.1  22929.8 2021 10 16  6 16 28.460  1.63   1
     7527  54.993595 -161.806152     4.297    -1791.4   -11988.2   -14742.2  17580.6  19571.4  24346.5 2021 10 16  7 38 27.140  1.22   1
      753  55.067480 -161.694987     6.059     5309.1    -3762.9   -12979.7  15931.9  27264.5  18559.1 2021  1 25 21 59  6.360  1.38   1
     7530  55.385933 -161.567367    18.442    13405.4    31688.8     -597.3  16495.4  31014.4  27164.9 2021 10 16  9 36 58.290  0.15   1
     7531  55.295313 -161.761768    12.853     1041.6    21600.4    -6186.4  51535.2  36507.4  36752.6 2021 10 16  9 42 50.900  0.76   1
     7533  55.435714 -161.664486    13.844     7223.6    37230.5    -5194.6  29925.5  26965.4  33367.0 2021 10 16 10  5 18.810  0.40   1
     7535  55.384627 -161.836149    15.374    -3690.7    31543.4    -3665.3  45820.6  26383.2  48227.0 2021 10 16 10 50 37.620  0.66   1
     7536  54.995138 -161.639730    23.342     8845.7   -11816.5     4302.9  12547.9   9857.6  12567.3 2021 10 16 10 54 30.620  1.40   1
     7538  55.389844 -161.806820    16.963    -1825.1    32124.1    -2075.7  27357.7  42137.6  31962.4 2021 10 16 14 19 59.740  0.69   1
     7544  55.286442 -161.480257    17.423    18969.7    20612.9    -1616.3  13331.8   7891.2  27664.6 2021 10 16 17 35 56.920  0.72   1
     7547  54.507861 -162.191016    53.153   -26550.2   -66062.3    34114.2  58739.7  13117.0  14161.4 2021 10 16 21  0 20.720  1.89   1
     7559  55.354696 -161.656771    17.011     7721.8    28211.2    -2027.7  15843.8  27836.4  15758.3 2021 10 18 11 13 55.140  1.19   1
     7562  55.093229 -162.077018     7.718   -19080.9     -896.5   -11321.2   8098.5  16187.6  18062.5 2021 10 18 15  0 54.360  1.15   1
     7563  55.407585 -161.603955    16.157    11075.2    34099.1    -2881.4  20439.4  34300.4  31255.4 2021 10 18 20 17 32.540  1.03   1
     7564  54.883158 -162.165723     0.215   -24808.4   -24282.5   -18823.4  12907.2  10866.1   9236.8 2021 10 18 20 24 46.800  1.48   1
     7567  55.399239 -161.550553     4.163    14472.4    33170.0   -14876.0  11852.1  36401.2  63423.6 2021 10 18 22 23 28.900  0.43   1
     7570  55.380347 -161.562565     4.405    13711.8    31066.8   -14633.9  15733.2  15826.3  20186.2 2021 10 19  4 56 46.280  0.48   1
     7579  55.367314 -161.664355    18.931     7238.1    29615.9     -107.4  20076.6  29785.3  14105.1 2021 10 19 20 46 21.180  0.96   1
     7585  55.368009 -161.758610    15.287     1241.5    29693.4    -3751.9  31948.6  25033.2  22164.0 2021 10 20  3  1  1.960  0.68   1
     7587  55.362256 -161.688249     8.592     5718.3    29052.9   -10446.7  34408.7  34243.9  46931.2 2021 10 20  3 43 33.910  1.67   1
     7588  55.403483 -161.590299     7.321    11944.2    33642.5   -11718.0  11318.1  22308.2  23543.2 2021 10 20  5 26 53.150  0.20   1
     7592  55.364233 -161.802734    16.447    -1565.7    29273.0    -2592.1  29503.8  31458.9  20672.5 2021 10 20 10 35 14.480  0.89   1
     7595  55.429545 -161.761930     4.515     1029.5    36543.8   -14524.2  72237.8  39167.6  81827.5 2021 10 20 12 41 30.150  0.56   1
     7602  54.676571 -160.737044     7.647    66805.6   -47280.8   -11391.5  26593.3  27086.8  24733.1 2021 10 21  2  7 40.270  2.78   1
     7606  55.252511 -161.371175    24.635    25927.6    16835.5     5596.0  22351.7  47819.4  21840.2 2021 10 21  8 25 35.430  1.83   1
     7610  55.359847 -161.761442    15.226     1061.5    28784.7    -3813.1  29537.1  18922.0  18346.8 2021 10 21 11  7 18.980  1.12   1
     7612  54.687996 -161.485010    43.068    18806.4   -46008.9    24029.0  15124.8  22430.6  13556.6 2021 10 21 12 32 42.960  1.80   1
     7613  55.420365 -161.869141    14.538    -5786.6    35521.9    -4500.6 103069.7  97262.1  72418.2 2021 10 21 13 18 21.200  0.66   1
     7618  55.283927 -161.937907    32.022   -10176.0    20333.0    12983.2  76372.5  55119.5  32071.1 2021 10 22  7 32  5.690  0.89   1
     7627  55.137764 -161.336654     0.338    28167.3     4061.4   -18700.5  18425.0  11259.5  14678.3 2021 10 23 20 59  9.840  2.46   1
     7633  54.880688 -162.190576     1.424   -26400.0   -24557.5   -17615.2  12461.6   9485.2  11534.5 2021 10 24 14 30 22.330  1.15   1
     7644  54.520296 -161.467367     7.204    19979.7   -64678.0   -11834.4  22139.2  17777.2  20566.5 2021 10 25  8 37 18.900  1.74   1
     7645  55.080684 -162.068815     1.042   -18560.2    -2293.0   -17997.0   8624.1  14415.3  12972.1 2021 10 25 13 19 39.520  1.47   1
     7646  55.068188 -162.068294     5.382   -18529.8    -3684.1   -13656.5  10064.6  11019.0  21889.9 2021 10 25 16 44 28.910  0.79   1
     7663  54.416797 -161.606706    10.516    11035.2   -76200.1    -8523.2  22999.5  13097.5  16590.0 2021 10 27  0  0 11.710  1.89   1
     7665  54.918213 -162.194759     2.257   -26655.3   -20380.1   -16782.0  13944.9   5988.5   8965.3 2021 10 27  2 51 52.540  2.05   1
     7667  54.909009 -162.188835     0.965   -26279.3   -21404.7   -18073.4  12537.2   9276.7   9011.9 2021 10 27  3  8 18.840  1.11   1
     7668  54.865898 -162.197201     0.638   -26828.9   -26204.1   -18401.1  11554.1  12494.9  11265.2 2021 10 27  3  8 31.690  1.39   1
     7669  55.138375 -163.239697    14.926   -93252.3     4129.4    -4112.4  12302.4  44363.7  22490.9 2021 10 27  6 59 21.160  3.09   1
      767  55.304028 -161.678402     6.755     6349.5    22570.7   -12283.8  13499.7  18209.5  24586.5 2021  1 26 19 19 41.320  1.54   1
     7674  55.080143 -162.076123     2.927   -19026.9    -2353.2   -16111.4  10002.8  16167.4  55702.1 2021 10 27 10 13 27.160  1.51   1
     7677  55.078499 -162.072640     3.342   -18804.9    -2536.2   -15697.3   7019.0   5337.5  31687.9 2021 10 27 12 56 54.520  1.10   1
      768  54.533972 -162.198242    55.344   -27006.2   -63155.6    36305.1  50050.9  11377.0  11411.8 2021  1 26 19 36 57.400  1.51   1
     7681  54.377755 -161.526058     8.778    16234.7   -80546.4   -10261.1  18276.8  15740.4  19219.1 2021 10 27 15 11  7.230  2.49   1
     7683  54.940438 -161.400244    33.953    24169.3   -17905.9    14914.5  32823.7  24968.6  23176.7 2021 10 27 16 16 10.650  1.48   1
     7689  54.524902 -162.125260    30.978   -22317.2   -64165.3    11939.3  67023.4  21872.4  37455.1 2021 10 28  2 58 55.960  2.33   1
     7691  55.371777 -161.581722    11.398    12494.6    30112.8    -7641.3  11254.7  26555.2  15369.1 2021 10 28  5 53 47.120  0.32   1
     7693  55.311198 -161.678548    17.341     6339.6    23368.9    -1697.9  22265.9  16095.1   7634.9 2021 10 28 11 56 20.060  1.01   1
     7696  54.574414 -161.305811    14.675    30346.4   -58653.4    -4363.4  13112.7  11662.6  15343.4 2021 10 28 15  5 52.680  1.86   1
     7699  55.341797 -162.202165    12.588   -26986.3    26775.3    -6450.9 144618.8  85815.9 192499.8 2021 10 28 15 59 55.260  1.58   1
     7700  54.610335 -161.336670    13.987    28351.1   -54654.5    -5051.7  14645.4  17367.2   7034.2 2021 10 28 18 35 56.340  1.72   1
     7705  54.978076 -162.636247     5.116   -54859.9   -13715.8   -13923.3  11632.2  27862.8  26638.1 2021 10 28 21 30 22.900  1.56   1
     7709  54.947038 -161.532145    21.341    15731.6   -17171.2     2301.9  24491.7  20102.7  26175.5 2021 10 28 22 41 30.440  1.97   1
      771  54.463460 -161.658610    38.516     7689.4   -71005.3    19477.4  32948.0  23056.1  33033.1 2021  1 26 22 17  9.840  1.92   1
     7711  55.307499 -162.162093    39.345   -24446.6    22957.1    20306.3  62689.5  46722.2  45816.6 2021 10 28 23 59 53.260  1.45   1
     7719  54.952759 -161.765983     4.325      776.5   -16534.3   -14713.6  19752.1  22668.6  11968.3 2021 10 29  5 21 21.040  1.21   1
      772  55.549992 -162.582145    13.621   -51035.2    49952.5    -5418.1  91608.5 124693.3 134528.6 2021  1 26 22 24 53.720  1.65   1
     7723  55.314327 -161.773812    11.990      274.6    23717.2    -7048.8  41302.4  45011.3  35602.3 2021 10 29  8 15 33.330  0.10   1
     7726  55.311015 -161.886051    14.232    -6871.2    23348.5    -4806.9 109154.6 107546.7  98634.7 2021 10 29  8 32 40.840  0.11   1
     7730  55.209578 -160.873486    14.569    57667.2    12056.1    -4469.8  20984.4  64727.3  23986.6 2021 10 29  9 20 40.510  1.90   1
     7731  55.302950 -161.776514    21.410      102.6    22450.7     2371.0  90292.7  62481.5  49341.2 2021 10 29  9 22  5.270  1.26   1
     7735  55.195076 -161.602083     9.196    11224.0    10441.7    -9842.8  43500.1  18759.6  27781.7 2021 10 31  1 50  3.300  1.83   1
     7742  55.350313 -161.731657     6.145     2957.0    27723.4   -12894.3  19813.3  41797.8  35965.4 2021 10 31 14 28  1.510  0.43   1
     7750  55.368327 -161.489632    13.802    18353.8    29728.7    -5237.0  12427.4  28166.8  31249.0 2021 10 31 17 11 37.460  1.34   1
      776  55.010527 -161.594222    38.417    11752.2   -10103.3    19378.2  28759.4  20844.8  25599.4 2021  1 26 23 39 36.360  2.17   1
     7762  54.968144 -162.720133    64.822   -60230.2   -14821.6    45783.5 525116.4 375218.0 461891.6 2021 11  1  7  1 10.340  1.35   1
     7766  54.835205 -162.797705     9.321   -65297.6   -29620.9    -9717.7  16644.6  18474.6  18816.7 2021 11  1  8 41 31.230  1.52   1
      777  54.577043 -162.045996    52.278   -17210.3   -58360.8    33239.2  21449.4  10816.7  17254.9 2021  1 26 23 47 27.680  1.94   1
     7775  55.233215 -161.504834    24.614    17416.1    14687.5     5575.4   7865.1  14399.3   8611.3 2021 11  1 11  0 23.140  1.64   1
     7779  54.841418 -161.267008    30.890    32731.2   -28929.2    11850.8  18602.2  12829.8  44544.1 2021 11  1 11 27  0.290  2.63   1
     7788  55.285356 -161.032585    39.965    47480.3    20492.0    20925.6   6159.8  37652.0  27302.8 2021 11  1 14 58 47.590  1.78   1
     7792  54.828719 -162.398405    14.738   -39728.1   -30343.0    -4300.6  24507.5   9161.2  41571.6 2021 11  1 17  8 19.620  0.90   1
     7794  55.256938 -163.468734     7.496  -107706.0    17328.3   -11543.2  20029.8  43260.3  26090.6 2021 11  1 18 29 17.320  2.80   1
     7796  55.250106 -161.707080     9.435     4526.5    16567.8    -9604.3  20550.3  26579.2  27802.4 2021 11  1 19 31  8.700  1.33   1
     7798  55.358223 -161.620833     9.923    10008.1    28604.0    -9116.2  23808.9  33262.8  17110.5 2021 11  1 20 26 55.080  0.67   1
     7803  55.283716 -161.262337     1.121    32849.0    20309.4   -17918.1  22786.3  26748.7  16718.1 2021 11  2  1 36 10.570  1.20   1
     7805  54.546655 -161.694059    11.864     5403.1   -61743.6    -7175.1  14581.3   7085.6  18907.4 2021 11  2  1 51  5.080  2.08   1
     7807  55.329333 -161.762972    14.535      964.5    25387.8    -4504.2  40060.4  29198.8  22751.8 2021 11  2  2 20 10.100  0.58   1
     7810  54.938656 -162.239242     5.045   -29493.7   -18104.3   -13993.7  18878.9  13158.9  27999.4 2021 11  2  7  5  3.520  0.95   1
     7812  55.279321 -161.971452    12.788   -12313.1    19820.2    -6250.8 195253.0 173354.3 155321.3 2021 11  2  8 21 34.590  1.73   1
     7825  54.881486 -162.189209     4.726   -26312.2   -24468.7   -14312.9  19494.1  10328.3  22268.1 2021 11  2 18 12 27.200  0.97   1
     7829  55.372970 -161.736963    18.910     2618.6    30245.6     -128.7  23363.9  19970.4  14690.8 2021 11  2 19  3 34.880  0.80   1
      783  55.659176 -161.244255    60.817    33840.9    62107.4    41778.2  40961.4  32230.6  24469.0 2021  1 27  1 21 14.170  2.07   1
     7834  55.177425 -161.702653    24.747     4813.0     8476.6     5708.5  12602.0  10591.2  12753.7 2021 11  3  1 28 35.140  1.10   1
     7835  54.874886 -160.978499    13.400    51185.7   -25203.4    -5638.8  20494.9  29975.0  38383.7 2021 11  3  7 48 30.350  2.25   1
     7836  55.064185 -161.583691    34.156    12416.9    -4129.8    15116.8  16023.5  29413.2  30865.9 2021 11  3 13 15 20.120  2.25   1
     7837  55.307100 -161.648828     6.797     8232.1    22912.7   -12241.8  10991.5  14873.7  22951.7 2021 11  3 13 15 42.950  1.25   1
     7842  55.380241 -161.485531     5.469    18612.0    31055.0   -13569.8  14165.5  23017.1  21447.8 2021 11  4  3 45 18.910  0.99   1
     7843  55.414876 -161.573307    11.395    13022.9    34910.8    -7643.5   8862.3  25870.9  10476.5 2021 11  4  3 54 36.170  1.28   1
     7846  55.433081 -160.950407    53.273    52616.5    36937.5    34234.5  17698.5  53682.1  27136.0 2021 11  4  6 52 14.600  2.29   1
     7847  55.539925 -161.860173    10.765    -5208.6    48831.8    -8274.3 212303.6 149888.8 270803.1 2021 11  4  6 52 54.210  1.61   1
     7848  55.374593 -162.931348     1.121   -73362.0    30426.3   -17917.7  25413.6  30089.3  26906.5 2021 11  4  6 52 58.340  2.12   1
     7849  54.995703 -162.295378     7.020   -33060.8   -11753.5   -12019.3  13160.3  13779.5  21268.3 2021 11  4  8 58  6.310  2.84   1
     7857  55.206295 -161.913721     2.835    -8644.1    11690.5   -16203.9  23024.1  27301.5  63664.5 2021 11  4 23 40 36.900  1.18   1
     7861  55.433594 -161.647689    18.306     8291.5    36994.5     -732.8  25379.3  23018.2  28005.7 2021 11  5  4 25 23.170  1.03   1
     7862  55.342041 -161.560531    18.914    13847.9    26802.5     -124.5  11390.3  28854.2  20539.4 2021 11  5  4 27 55.680  1.18   1
     7866  55.333919 -161.501709     1.109    17593.1    25898.3   -17930.2  28242.9  37115.1  23536.3 2021 11  5  7 28 38.700  1.60   1
     7871  55.441890 -161.818604    21.816    -2572.9    37918.2     2777.1  91214.4  87854.7  66439.6 2021 11  5 13 17 58.610  0.98   1
     7872  55.314819 -161.652669     7.894     7986.8    23772.0   -11144.4  19731.1  34978.6  21443.3 2021 11  5 15 50 47.600  1.26   1
     7873  55.421912 -161.915120    21.103    -8709.8    35694.0     2064.5 140137.3 140651.5 103688.5 2021 11  5 15 59 56.170  1.65   1
     7874  55.344043 -161.729085    30.420     3120.8    27025.3    11381.1  34338.8  62106.9  29472.0 2021 11  5 17 27 28.240  1.83   1
     7877  54.893901 -162.502116    28.207   -46333.2   -23086.6     9167.7  21686.2  15061.2  58198.9 2021 11  5 21 49  9.440  1.92   1
     7878  55.171883 -161.850716    12.155    -4629.6     7859.7    -6883.4  57840.0  39224.6  68762.1 2021 11  5 23 58  2.880  1.86   1
     7879  55.394995 -161.589437    21.606    12000.3    32697.6     2567.3  18285.6  23961.3  16991.5 2021 11  5 23 58  3.300  0.85   1
     7880  55.349333 -161.925472    10.799    -9376.4    27614.2    -8240.4 125347.6 185308.9 244822.5 2021 11  6  0  1 51.100  1.32   1
     7882  54.952051 -162.237288     2.155   -29363.9   -16613.1   -16884.2   7999.3   7447.3  10490.6 2021 11  6 11 17 24.790  1.25   1
     7884  55.325049 -161.692594    16.258     5444.4    24910.8    -2781.2  24178.9  18830.1  12188.1 2021 11  6 14 47 26.170  1.61   1
     7889  55.300252 -162.141374    48.336   -23129.5    22150.3    29297.0  56976.9  51754.6  36789.4 2021 11  6 15 59 52.330  1.67   1
     7890  55.386190 -161.836507     5.383    -3713.4    31717.3   -13656.2  68058.2  74683.0 120944.2 2021 11  6 21 35 46.280  0.28   1
     7894  54.935010 -160.409408    11.237    87549.1   -18510.2    -7801.6  11678.2  38533.1  12880.6 2021 11  7  3 21  1.110  2.31   1
      790  55.003866 -162.268197    19.797   -31320.3   -10844.8      758.1  17198.9  17480.8  11427.7 2021  1 27  2  7 34.120  1.76   1
     7903  55.417436 -161.926562    13.410    -9437.8    35195.7    -5628.8 191115.6 196619.1 157307.6 2021 11  7 10 51 56.410  1.49   1
     7909  55.427661 -161.655762    16.570     7778.9    36334.1    -2469.0  26151.1  26193.1  30200.8 2021 11  7 16 53 33.990  1.17   1
      791  55.258586 -160.309684    11.438    93550.1    17511.8    -7600.5  17235.4  25199.8  17505.3 2021  1 27  2 11 53.510  1.44   1
     7913  55.322404 -160.498275    13.754    81470.5    24616.4    -5284.5  23295.2  58247.2  19329.1 2021 11  7 17 58  5.520  3.12   1
     7915  55.284635 -161.632650    27.803     9264.8    20411.8     8764.2  11465.1  29881.2  15477.3 2021 11  8  3 22 52.080  1.86   1
     7916  55.340153 -161.852507    20.142    -4733.8    26592.3     1103.6  54113.5  55142.0  50924.3 2021 11  8  3 31 27.700  1.90   1
      792  55.265808 -161.547982    12.063    14660.4    18315.8    -6975.4   9111.1  18410.4  27865.7 2021  1 27  3  8 54.450 -0.20   1
     7927  55.501017 -162.005013    13.213   -14410.6    44500.4    -5825.9 331021.8 258231.4 314718.9 2021 11  8 11  5 30.690  1.43   1
      793  54.494743 -162.068018    50.339   -18644.0   -67522.8    31300.1  25459.8  13517.7  15818.5 2021  1 27  4 14  5.590  1.60   1
     7933  55.365731 -162.333171    44.817   -35313.0    29439.7    25778.3  58740.8  48518.2  49108.4 2021 11  8 15 59 52.080  1.57   1
     7935  55.696061 -162.053743     1.521   -17462.8    66213.6   -17517.4  97970.9  77659.1  90517.5 2021 11  8 16 33 19.830  2.08   1
      794  55.051908 -161.468734    17.357    19761.3    -5496.5    -1682.4  10099.6  34789.5  31286.5 2021  1 27  4 24  7.540  1.70   1
     7940  55.277596 -161.721598    22.600     3600.3    19628.1     3561.4  23353.8  15203.0  14138.8 2021 11  8 19 29  9.180  1.93   1
     7941  55.566101 -161.875163     1.343    -6158.2    51745.9   -17696.2 118618.3 195785.2 250813.4 2021 11  8 19 29  9.140  1.29   1
     7945  55.917932 -163.028092    81.702   -78974.6    90913.4    62663.0 509021.0 494484.2 466979.8 2021 11  8 19 37 10.360  1.78   1
     7947  55.094739 -161.855371     9.716    -4931.2     -728.4    -9322.7  22032.5  18598.9  24543.4 2021 11  8 21 15  2.240  0.97   1
     7949  54.708700 -161.846191    33.306    -4366.0   -43704.1    14266.7  20433.9  21814.2  24194.1 2021 11  9  0  1 28.240  1.25   1
     7954  55.546415 -161.872884    15.014    -6015.1    49554.3    -4025.1 185062.0 140665.0 159258.9 2021 11  9  5 52 12.820  1.09   1
      796  55.069902 -160.829004    63.278    60608.2    -3493.4    44239.2  11811.2  33522.3  15236.6 2021  1 27  4 46  2.420  2.19   1
     7961  55.021757 -162.276286    18.299   -31830.2    -8853.1     -739.6  23311.1  24437.8   9615.0 2021 11  9 13  8 43.110  1.10   1
     7963  55.229480 -161.841943     6.582    -4067.2    14271.6   -12457.0  27978.8  37404.2  76156.3 2021 11  9 13 16 10.200  0.30   1
     7967  54.396541 -161.191813     9.648    37753.4   -78455.0    -9390.6  27955.3  22089.1  11201.9 2021 11  9 17 49 51.560  1.53   1
     7968  54.529028 -161.758887    41.484     1236.8   -63705.9    22445.4  34272.0  19169.8  25985.2 2021 11  9 18 11 27.580  1.31   1
     7969  54.908232 -162.224951     5.192   -28590.5   -21491.2   -13846.9   8882.2   7572.4  15412.8 2021 11  9 18 21 38.600  0.36   1
      797  54.883366 -161.499382    28.445    17841.1   -24259.4     9406.0  30371.8  13298.7  38132.7 2021  1 27  7 10 24.620  1.38   1
     7975  54.508752 -163.239225     2.751   -93952.3   -65963.1   -16287.9  21372.9  21050.1  20857.4 2021 11 10  1 47 18.050  2.06   1
     7993  55.327734 -162.002344     9.086   -14272.0    25209.8    -9952.7  58829.3  83333.7  98003.3 2021 11 11 19  0 20.720  1.81   1
     7995  55.400171 -161.911117    13.287    -8457.5    33273.7    -5752.3 137885.8 105204.8 247302.6 2021 11 11 23 59 57.800  1.60   1
     7996  55.072599 -162.858187     3.502   -68967.4    -3193.1   -15537.0   8023.9  13928.3  12388.9 2021 11 12  0 50 11.380  1.46   1
        8  54.626152 -161.423779    12.168    22752.3   -52893.7    -6871.0  12352.0  10401.5  13739.7 2021  1  1 12 35 10.290  1.64   1
       80  54.643306 -160.983789    37.441    50993.0   -50984.0    18401.9  10500.9  19044.5  25613.9 2021  1  3  6  4 33.760  2.38   1
     8000  55.360034 -161.789958     0.905     -752.9    28805.5   -18133.4  26270.2  14128.8  20598.8 2021 11 12 10 29  4.990  1.70   1
     8002  55.264779 -161.305501    14.790    30107.2    18201.2    -4248.6  23818.2  41322.6  78736.7 2021 11 12 12 16 57.820  1.48   1
     8003  55.344625 -161.948714     6.919   -10856.1    27090.1   -12119.7 225275.3 180622.0 271952.1 2021 11 12 12 22 52.240  0.08   1
     8006  55.346350 -161.982552     6.684   -13009.2    27282.2   -12354.7 136943.1 155812.8 215531.2 2021 11 12 16 32 31.600  1.05   1
     8013  55.437858 -161.743506    10.823     2200.5    37469.3    -8215.8  48342.7  48659.0  59817.0 2021 11 12 19 29 55.120  1.58   1
     8016  55.404858 -161.819092     5.682    -2605.1    33795.6   -13357.0 130819.0  76634.6 170182.4 2021 11 12 19 37 15.100  0.31   1
     8017  55.450195 -161.656982     5.816     7699.2    38842.7   -13223.3  43450.3  45015.9 114910.7 2021 11 12 19 44 20.160  0.07   1
     8018  54.985132 -162.773519     2.750   -63630.1   -12930.4   -16289.1   7104.8  13770.4   7201.7 2021 11 12 19 46 31.040  1.44   1
     8019  54.500171 -163.239827     6.875   -94000.9   -66918.5   -12163.9  18736.3  19139.6  17433.7 2021 11 12 21 19 52.400  2.15   1
     8025  55.528003 -161.853630     9.822    -4794.0    47504.6    -9217.3 125843.1 169726.8 301644.0 2021 11 13  3  1 50.580  0.98   1
     8038  54.488440 -163.217285    10.296   -92564.6   -68224.4    -8742.5  14437.6  12500.6   8736.1 2021 11 13 12  7 42.080  2.11   1
      804  54.372807 -162.117074    37.268   -21831.7   -81097.2    18228.6  70880.4  20032.3  30706.6 2021  1 27  9  5 59.730  2.00   1
     8044  55.079183 -162.264941    39.417   -31083.1    -2460.1    20378.0 501159.7 493397.6 373298.8 2021 11 13 15 59 57.610  0.84   1
     8047  55.338505 -161.736165    15.640     2670.5    26408.8    -3399.2  32814.9  35591.1  22984.9 2021 11 13 16 11 33.560  1.84   1
     8051  55.392122 -161.690869    14.870     5549.5    32377.8    -4168.9  21455.5  51005.5  19619.5 2021 11 13 19 22 38.240  0.36   1
     8055  55.360632 -161.882227    23.523    -6623.6    28872.1     4484.3  48833.6  73712.0  50182.2 2021 11 13 19 25 42.960  1.66   1
     8060  55.361747 -161.878076     1.177    -6359.4    28996.2   -17861.6  57790.9  27412.0  91072.3 2021 11 13 19 35 14.000  0.32   1
     8066  54.531779 -163.291113    14.158   -97261.2   -63399.7    -4881.2  20488.2  21266.4  17777.3 2021 11 14  0  4 47.600  1.67   1
     8067  55.308366 -161.651563     7.889     8057.9    23053.6   -11150.2  10307.4  35866.3  66687.6 2021 11 14  2 14 19.250  1.62   1
     8068  55.095459 -161.893945    17.465    -7393.6     -648.2    -1573.4  59967.5  27989.4  28061.6 2021 11 14  2 14 28.850  1.93   1
     8069  55.518302 -161.795915    14.524    -1129.7    46424.7    -4515.3 173496.5 156009.8 199181.9 2021 11 14  2 18 35.610  1.27   1
     8081  55.436873 -161.724593     5.839     3402.8    37359.6   -13199.6  51786.2  36073.8  19506.1 2021 11 14  7 25 28.710  0.93   1
     8082  55.434395 -161.901644    15.586    -7851.7    37083.8    -3452.8  90462.8  89321.1  80385.7 2021 11 14  7 26  8.450  1.26   1
     8089  55.465694 -161.825179     2.691    -2989.9    40568.1   -16347.9  36150.0 116562.2 122754.5 2021 11 14 10 55 24.520  0.78   1
     8091  55.438416 -161.936296    14.113   -10053.9    37531.3    -4925.5 232612.8 219893.5 193830.2 2021 11 14 13 55 18.930  1.38   1
     8099  55.136479 -162.099674    42.342   -20516.2     3918.3    23302.8  86454.7  52598.0  44767.3 2021 11 14 17 15  3.440  1.04   1
       81  55.151860 -161.922510     5.334    -9210.6     5630.6   -13704.5  18868.8  15037.1  22562.9 2021  1  3  6  5  4.440  1.21   1
     8100  55.519645 -161.844727     9.784    -4229.1    46574.2    -9254.8 164099.0 143120.3 198560.7 2021 11 14 17 16  7.440  1.64   1
     8102  55.350964 -161.765495     3.580      803.7    27795.8   -15458.6  17703.8  10933.7  26444.9 2021 11 14 17 18  4.840  0.66   1
     8104  55.288867 -161.653630    32.203     7928.2    20882.9    13164.3  37041.6  43981.8  33283.4 2021 11 14 17 25 59.080  1.46   1
     8108  55.430371 -161.904215    16.424    -8015.6    36635.8    -2614.7 128265.3 108347.6 102892.1 2021 11 14 19 19 47.720  0.93   1
     8109  55.366374 -161.795459    20.965    -1102.8    29511.3     1926.2  22475.0  34098.6  21156.8 2021 11 14 19 23 13.420  1.10   1
     8110  55.471151 -161.870915    11.714    -5895.7    41175.6    -7325.0 124906.0 141290.0 150865.8 2021 11 14 19 26 53.520  1.88   1
     8115  55.452625 -161.950911    14.779   -10981.0    39113.1    -4260.0 282604.9 265106.0 255257.7 2021 11 14 22 28 10.120  1.30   1
     8118  55.372347 -161.837858     5.844    -3800.0    30176.3   -13195.4  77990.8  51589.5  89478.2 2021 11 14 22 42 20.560  0.10   1
     8122  54.869645 -161.144661    56.868    40552.0   -25786.9    37829.0  12789.9  10199.7  14814.2 2021 11 15  0 46 32.610  2.01   1
     8123  55.360087 -161.774658     1.494      220.6    28811.4   -17544.7  17361.8  14019.5  23247.7 2021 11 15  1 23 57.360  1.73   1
     8124  55.363041 -161.783366     7.446     -333.4    29140.3   -11593.2  70958.7  22228.1  68771.1 2021 11 15  1 29  6.440  1.92   1
     8128  54.861292 -162.150977     0.228   -23871.0   -26716.8   -18810.7  15146.5   9629.2   9280.4 2021 11 15  3 37 21.740  1.73   1
     8132  54.404081 -163.271533    56.452   -96153.5   -77615.6    37413.3  22365.1  25213.0  27091.5 2021 11 15  5 14 42.700  1.62   1
     8134  55.351481 -161.779525    24.285      -89.1    27853.4     5245.7  32375.8  33434.2  20699.6 2021 11 15  5 51  9.820  1.43   1
      814  55.162467 -161.372152    31.681    25894.4     6811.5    12641.8  20179.1  16263.6  24152.8 2021  1 27 15 31 11.340  2.57   1
     8140  55.369596 -161.785889     8.124     -493.9    29870.0   -10914.8  79927.3  32253.8  83560.0 2021 11 15  8 54 46.330 -0.04   1
     8141  55.282149 -161.812240     2.457    -2172.7    20135.0   -16582.2  35415.9  27970.1  27888.3 2021 11 15  8 56 45.270  0.46   1
     8143  54.594157 -161.470540    12.897    19757.6   -56455.5    -6141.5  18522.6  13855.0  18732.9 2021 11 15  9 15 48.260  1.82   1
     8144  55.286365 -160.638997    32.984    72545.4    20604.3    13945.4  19877.1  42735.2  64012.7 2021 11 15  9 19 55.610  2.52   1
     8146  55.304382 -161.674593    17.486     6591.9    22610.1    -1553.3   8680.5  13808.4  13214.6 2021 11 15 11 22 49.170  1.45   1
     8154  55.556437 -161.826986    15.485    -3101.2    50670.0    -3553.6 250959.4 127311.3 208507.3 2021 11 15 13  5 53.380  1.28   1
     8155  55.379435 -161.900439    15.357    -7780.5    30965.4    -3681.5  68758.9  87512.6  86736.0 2021 11 15 13  9 28.850  1.22   1
     8159  55.235010 -161.821126     7.575    -2740.3    14887.2   -11463.6  37841.3  36611.2  69044.2 2021 11 15 14 21 15.650  1.02   1
     8170  55.448067 -161.855664     9.207    -4928.1    38605.8    -9832.2  64557.9  78994.6  91992.1 2021 11 15 15 56 26.480  0.79   1
     8172  55.248336 -161.472917    17.086    19446.4    16370.7    -1952.8  11937.8  23534.4  22117.0 2021 11 15 17 16  9.020  1.41   1
     8173  55.316056 -161.978402    18.238   -12749.9    23909.7     -801.2 147420.8 170250.5 124037.5 2021 11 15 17 16 10.160  1.47   1
     8177  55.362378 -161.791667    18.668     -861.6    29066.5     -370.5  23455.2  22736.9  15456.0 2021 11 15 20 41 50.680  1.01   1
     8184  55.379598 -161.897282     5.302    -7579.7    30983.5   -13737.1  42005.8  68058.3 278414.5 2021 11 15 20 51 40.760 -0.23   1
     8185  55.386051 -161.858171    10.864    -5091.3    31701.9    -8175.2 111792.1 150949.6 203090.2 2021 11 15 20 57 10.520  1.37   1
     8186  55.693958 -161.373014    13.350    25667.9    65979.5    -5688.5  30603.2  27798.5  65781.8 2021 11 15 21 18 56.860  2.03   1
      819  54.573206 -161.277148    13.418    32188.4   -58787.9    -5621.3  12639.0  10851.4  10858.4 2021  1 27 16 46  4.750  2.23   1
     8191  54.981954 -162.564176    33.116   -50250.0   -13284.1    14077.3 427401.1 406684.0 323728.6 2021 11 15 23 19 57.800  0.34   1
     8198  55.315723 -161.815771     3.034    -2396.6    23872.6   -16004.8  20875.5  10931.2  19670.9 2021 11 16  3 30  3.340  0.82   1
      820  54.991300 -161.668245    23.660     7023.5   -12243.6     4621.0  18820.1  25648.3  49315.9 2021  1 27 18 18 24.000  1.47   1
     8202  55.381925 -161.752246    17.882     1646.1    31242.6    -1156.6  28867.4  19666.3  19281.3 2021 11 16  6 59  6.100  1.23   1
     8214  55.416195 -161.879492    21.189    -6445.1    35057.6     2150.1 131135.2 143549.2  90554.9 2021 11 16 14  0 11.780  1.45   1
     8219  55.041248 -162.442692    39.448   -42452.5    -6683.3    20409.2  21295.5  15143.2  45147.6 2021 11 16 14 13 57.140  1.82   1
      822  54.972514 -162.481576    21.225   -44974.8   -14335.0     2186.2  21347.5  29005.7  38940.6 2021  1 27 19 30 37.800  1.29   1
     8221  54.562504 -162.551286    18.446   -49683.2   -59979.3     -592.9  12874.5  11094.1   9677.3 2021 11 16 15 18 49.780  2.41   1
     8225  54.458529 -163.165169     0.681   -89245.5   -71554.3   -18358.2  24105.7  21248.7  17607.9 2021 11 16 18 49 55.900  2.53   1
     8227  54.408850 -162.077311    15.766   -19262.1   -77084.8    -3272.8  32749.7   8394.0  20907.8 2021 11 16 19 39 22.720  2.15   1
     8228  55.378593 -161.926709    13.813    -9451.7    30871.6    -5225.7 174636.9  63629.8 132339.5 2021 11 16 20  7 11.800  1.38   1
     8235  55.220996 -161.351465    17.641    27194.0    13327.2    -1397.9  27418.8  35521.9  47664.1 2021 11 16 23  1 52.340  1.27   1
     8241  55.718652 -160.555518    11.595    77440.5    68728.6    -7443.9  20129.7  29841.3  19607.5 2021 11 17  2 43 56.180  1.77   1
     8242  55.303475 -161.989860    22.609   -13481.5    22509.1     3569.8  71728.1  66289.7  56217.1 2021 11 17  2 54 14.340  2.21   1
     8243  54.954329 -162.797461     3.455   -65185.5   -16359.4   -15583.8  11836.1  42601.6  39276.1 2021 11 17  2 54  9.420  2.12   1
     8245  54.991634 -162.297542     1.871   -33200.8   -12206.5   -17168.2   8253.2  15233.9  11761.2 2021 11 17  6 12 34.250  1.65   1
      825  54.448275 -162.194694    44.192   -26806.3   -72695.8    25153.1  26013.8  15039.0  19566.9 2021  1 27 21 14 15.160  1.67   1
     8256  54.519731 -162.013070    11.012   -15105.5   -64741.0    -8026.4  25825.3  13866.5  20545.1 2021 11 17 10  3  4.480  2.48   1
     8258  55.366325 -161.789648    19.685     -733.1    29505.8      646.6  21490.4  15225.7  14882.8 2021 11 17 11 28 57.750  1.34   1
      826  54.960030 -162.289714     4.203   -32713.3   -15724.8   -14836.2  11987.3  11800.2  11100.4 2021  1 27 21 23 43.960  0.87   1
     8262  55.390430 -161.945573    16.994   -10650.0    32189.3    -2045.0 163173.4  75242.5 136332.1 2021 11 17 15 59 56.870  1.25   1
     8263  55.567224 -162.640413     1.399   -54721.9    51870.9   -17639.7  32727.5  57107.8  38932.9 2021 11 17 16 11  7.270  1.48   1
     8266  55.124113 -162.200391     6.632   -26946.5     2541.7   -12406.6  25686.8  45481.6  13767.8 2021 11 17 17 13  0.000  2.20   1
     8268  55.115576 -161.941781     4.945   -10444.6     1591.3   -14093.9  19915.2  16763.1  18083.1 2021 11 17 20 19 27.680  1.10   1
     8269  54.778088 -161.335742    10.553    28351.8   -35979.4    -8485.7  29524.5  19256.5  22735.1 2021 11 17 20 19 26.000  1.47   1
     8271  55.366557 -161.899935     4.921    -7749.7    29531.7   -14117.7  89523.7  76217.4 153544.0 2021 11 17 20 23 37.920  0.46   1
     8274  55.314738 -161.688167    17.608     5726.9    23762.9    -1431.3   9571.3  20762.7   3710.9 2021 11 17 20 34  6.520  1.19   1
     8279  54.772876 -162.760433     1.429   -62959.1   -36559.7   -17609.5  14748.9  12894.9  13557.3 2021 11 17 23 18 50.640  1.30   1
     8283  55.364571 -162.581999     1.993   -51144.6    29310.6   -17046.2  22506.2  53592.4  29772.3 2021 11 18  0 31 48.740  2.22   1
     8294  55.430957 -161.447803    30.616    20998.5    36701.0    11576.7  12338.9  21751.4  18256.7 2021 11 18  5 20 30.930  1.37   1
     8300  55.361076 -161.805843     0.937    -1763.6    28921.5   -18101.6  51503.7  51664.9  91402.8 2021 11 18 13 55 36.220 -0.38   1
     8301  55.338127 -161.723324    18.556     3487.8    26366.7     -482.6  13443.4  26994.2  11900.1 2021 11 18 13 57 48.800  1.19   1
     8304  54.950545 -162.250114     3.459   -30184.6   -16780.7   -15579.9   9002.5  10221.7  11072.8 2021 11 18 14  6 29.210  1.94   1
     8307  54.690877 -161.984538    29.826   -13243.0   -45688.2    10787.1 104607.7  16306.9  50667.2 2021 11 18 14 14 50.180  1.83   1
     8309  54.578308 -161.291243    12.622    31280.8   -58219.9    -6416.5  10690.8   4504.3   9803.6 2021 11 18 14 45 46.690  3.05   1
     8311  55.223698 -161.914762    22.782    -8708.6    13627.9     3742.8  27064.1  47668.4  39145.8 2021 11 18 17  7 50.560  1.14   1
     8312  55.420874 -161.890723    17.917    -7158.7    35578.5    -1122.3  89956.7  95913.8  81115.2 2021 11 18 17 49 22.320  1.07   1
     8314  55.388989 -161.530876    18.962    15725.9    32029.0      -76.7  19117.2  38212.9  18829.7 2021 11 18 17 54 37.660  1.33   1
     8324  55.377295 -161.771859     5.741      398.6    30727.1   -13298.0  94332.9 100152.2 106656.2 2021 11 18 20 18 26.520  0.60   1
     8331  55.375586 -161.772949    20.404      329.3    30536.8     1365.5  27207.1  20752.0  19366.3 2021 11 19  1 59 23.600  1.15   1
     8332  55.058740 -162.739811    53.207   -61419.1    -4735.9    34168.4 477871.9 465254.6 396198.3 2021 11 19  2  1  4.130  1.61   1
     8333  55.401562 -161.821989     2.135    -2789.5    33428.7   -16903.7 138456.1  86731.4 105533.2 2021 11 19  2  3 36.990  0.84   1
     8334  55.382540 -161.878353    11.601    -6375.3    31311.0    -7438.4  89384.5 112814.6 159858.9 2021 11 19  2  6 44.440  1.13   1
     8336  55.335099 -161.806120     8.953    -1781.8    26029.7   -10085.9  68623.8  65078.3  67421.8 2021 11 19  2 11 28.910 -0.22   1
     8339  54.598295 -161.278711    14.168    32078.1   -55994.8    -4870.5  15976.6  22382.6  27487.7 2021 11 19  3 51  8.890  2.79   1
     8353  55.423580 -161.891764    17.206    -7224.7    35879.8    -1832.7  86352.0  86520.5  62944.1 2021 11 19 21 15  4.880  1.71   1
     8359  55.441516 -161.848584     8.368    -4478.5    37876.5   -10670.5  66261.7  78933.0  96700.2 2021 11 20  2 34 10.230  0.72   1
     8361  55.423572 -161.879867    18.940    -6468.3    35878.8      -98.8 135059.1 168367.0 124653.0 2021 11 20  4 39  9.480  1.35   1
     8365  55.353894 -162.267887    21.892   -31164.2    28122.0     2853.5 123269.3  31086.6 130270.6 2021 11 20  7 59 54.680  0.94   1
     8369  55.324976 -161.641683    17.160     8685.1    24902.7    -1878.6  14039.0  17947.7   7005.1 2021 11 20 15 21 53.490  1.18   1
     8375  55.304944 -161.412174    25.090    23300.1    22672.6     6050.8  21263.6  33238.6  37065.2 2021 11 20 18 17 19.780  1.38   1
     8376  55.419714 -161.891357    15.173    -7199.2    35449.4    -3866.0 160231.8 191639.3 135146.5 2021 11 20 18 17 23.080  1.26   1
     8378  55.345813 -161.880876    24.935    -6538.8    27222.4     5896.0  44963.5  56283.4  42624.4 2021 11 20 18 19 35.040  1.14   1
     8388  55.492887 -161.857194    10.707    -5022.5    43595.4    -8331.4  89095.4 218960.1 274487.8 2021 11 21  3 30 18.600  1.11   1
     8390  55.369401 -161.986947     9.759   -13285.0    29848.3    -9280.2 195695.2 129816.7 277506.9 2021 11 21  3 41 22.600  1.53   1
     8393  55.458293 -161.823665     3.665    -2894.0    39744.1   -15374.4  56399.5  57360.6 156106.4 2021 11 21 10  3  8.220  0.60   1
     8398  55.132153 -161.159961    30.891    39443.6     3436.8    11851.9  17795.6  22737.8  32841.0 2021 11 21 10 48 23.220  2.29   1
     8401  54.787703 -161.828906    18.029    -3254.1   -34909.0    -1009.8  21971.8  10121.3  28236.9 2021 11 21 14 34 31.030  1.96   1
     8402  54.764982 -161.855924     0.746    -4986.9   -37438.5   -18292.6  30316.3  23034.1  17375.2 2021 11 21 14 40 33.040  1.70   1
     8412  54.489738 -161.103385    19.911    43397.6   -68079.9      872.4  18584.0  13739.4  12123.4 2021 11 22  7 45 44.860  2.09   1
     8416  55.414632 -161.705843    37.007     4595.9    34883.6    17968.5  44882.6  59898.0  33798.5 2021 11 22 11 28  8.690  2.11   1
     8417  55.338680 -161.924202     9.048    -9296.9    26428.3    -9990.6  79004.4  77479.8  58031.3 2021 11 22 11 29  3.660  1.49   1
     8418  54.603764 -162.289974    56.475   -32874.6   -55386.0    37435.7  42256.3  10985.9  19576.2 2021 11 22 12 36 18.810  1.71   1
     8423  54.724528 -162.078906    17.273   -19289.5   -41942.0    -1766.3  26322.6  13133.6  24385.4 2021 11 23  1 14 36.660  0.82   1
     8424  54.875688 -162.052637     1.829   -17571.9   -25114.2   -17209.4   8034.1  11361.4  21408.2 2021 11 23  1 14 59.760  1.23   1
     8425  55.272343 -162.861491    27.843   -69006.2    19043.3     8804.3  37294.7  47636.6  48435.8 2021 11 23  3 36 30.860  1.93   1
     8427  55.345561 -162.283805     4.732   -32180.4    27194.3   -14307.1  74891.1 104283.2 130473.1 2021 11 23  5  5 26.970  1.96   1
     8428  55.354024 -161.624251     5.018     9791.2    28136.5   -14020.8  19732.6  29334.7  36773.2 2021 11 23  5 21  3.910  2.00   1
     8430  55.236117 -160.946240    13.461    53011.8    15010.4    -5578.0  19501.5  45808.7  21278.1 2021 11 23  7 19  6.990  1.73   1
     8434  55.190487 -161.894629     3.614    -7428.4     9930.7   -15425.1  24956.2  28789.7  33341.2 2021 11 23 11 15 25.290  0.88   1
     8441  54.855888 -161.192041    31.645    37525.3   -27318.4    12606.2  20261.4  22711.8  41749.8 2021 11 23 19 31 53.000  2.10   1
     8443  54.427075 -163.137533     5.725   -87501.1   -75055.8   -13313.6  25258.4  21302.4  17684.6 2021 11 23 21  4  9.480  1.95   1
     8445  55.449996 -161.665934    21.913     7130.2    38820.5     2873.7  20959.5  33126.0  22302.1 2021 11 24  0 35 32.850  1.04   1
     8456  55.367729 -161.665999    13.925     7133.5    29662.1    -5114.3  29270.0  41421.8  26961.7 2021 11 25  2 43 28.290  1.71   1
     8466  54.645166 -161.491488    42.327    18400.5   -50776.9    23288.5  15268.5  18835.2  20009.8 2021 11 25 16 50 49.730  1.73   1
     8469  55.335860 -161.697461    18.312     5133.9    26114.4     -726.9  47533.6  47677.1  25176.8 2021 11 25 18 59 36.040  0.94   1
      847  54.864591 -162.054557     3.230   -17697.3   -26349.5   -15809.4   9708.1  13682.9  20445.8 2021  1 28 10 39 29.960  1.71   1
     8471  55.444674 -161.913949    12.688    -8632.8    38228.0    -6350.6 120517.1 171912.4 153416.2 2021 11 25 19  0 27.400  1.25   1
     8474  55.367008 -161.780371    21.161     -142.9    29581.9     2122.5  27385.9  12543.7  16656.2 2021 11 25 22 33 55.400  1.45   1
     8476  55.385461 -161.901416    25.043    -7842.1    31636.2     6004.2  89422.6  95947.3  67866.5 2021 11 25 22 36 54.360  1.52   1
      848  54.518380 -161.160547    13.279    39707.1   -64891.4    -5760.3  13293.4  16353.7  12683.6 2021  1 28 11 14 23.180  2.08   1
     8481  54.951530 -161.671501    12.456     6818.8   -16671.1    -6582.5  17819.8  24223.5  14775.6 2021 11 26  2  5 26.460  1.38   1
     8485  55.374316 -161.862484     2.520    -5366.5    30395.5   -16518.4  37159.6  26141.3  35933.4 2021 11 26  3 17 31.950 -0.18   1
     8486  55.271456 -161.685514    15.628     5899.0    18944.6    -3410.7  15299.9  23583.6  15542.5 2021 11 26  3 24 12.050  0.73   1
     8489  55.187358 -161.884440     5.505    -6779.1     9582.4   -13533.7  20263.9  22822.8  15625.7 2021 11 26  5  8 19.930  0.81   1
     8497  54.891793 -162.586410    26.385   -51729.1   -23321.3     7346.1  25847.1  23810.5  19060.0 2021 11 27  4 25 45.400  1.58   1
     8498  55.005741 -162.344873     9.272   -36219.8   -10636.0    -9767.3  20175.1  16878.9  12759.7 2021 11 27  4 26 13.660  0.79   1
     8499  55.447652 -161.865771    14.301    -5570.5    38559.6    -4738.0 126771.7  96421.9 103407.0 2021 11 27  7 59 57.180  1.47   1
     8502  54.635909 -161.862581    22.222    -5422.2   -51807.5     3183.2  16738.9  17238.1  17313.6 2021 11 27  8  4 23.980  2.31   1
     8505  54.849906 -162.035579     2.024   -16485.3   -27984.3   -17014.4   7023.8  14597.4  20547.6 2021 11 27 19 49 46.340  1.39   1
     8514  54.396346 -162.372965    37.834   -38302.6   -78476.8    18795.4  60549.1  20739.3  53340.6 2021 11 28 10 12 11.870  2.04   1
      852  54.698751 -162.495003    71.812   -45989.1   -44811.6    52773.2  33693.2  12092.2  18418.5 2021  1 28 18 16  9.840  1.72   1
     8522  55.362158 -161.642822    19.174     8608.6    29042.0      135.4  13525.6  31718.7  16358.2 2021 11 29  4 14 51.700  1.03   1
     8523  55.245341 -161.530583    17.487    15772.8    16037.4    -1552.0  18320.4  31477.3  43949.1 2021 11 29  4 21  9.960  1.66   1
     8527  55.229655 -161.843034    23.469    -4136.6    14291.1     4429.9  58858.2  31198.6  26160.7 2021 11 29  8 37 36.790  0.98   1
     8529  54.327677 -161.623649     8.485     9955.3   -86121.3   -10554.4  16277.9  12226.7  13123.8 2021 11 29 11 15 37.670  2.15   1
     8533  55.373641 -161.826514     4.698    -3078.3    30320.3   -14341.0  47057.6  21644.2  87483.0 2021 11 29 13 36 24.200  0.56   1
     8534  55.424703 -161.837354    11.194    -3765.4    36004.8    -7844.5 186832.7 128909.0 234659.4 2021 11 29 13 43 40.220  0.58   1
     8535  55.424748 -161.904264     8.232    -8019.3    36009.8   -10806.6 101231.7 134677.9 140633.2 2021 11 29 18  2 47.460  1.10   1
      854  54.893717 -162.638330    12.665   -55050.7   -23107.0    -6373.4  14946.3  16419.8  49308.0 2021  1 28 18 32 52.120  1.68   1
     8541  55.394116 -161.657406    12.597     7677.7    32599.7    -6442.4  18395.1  24270.9  19756.7 2021 11 29 23 59 25.380  0.41   1
     8542  55.141130 -161.562793     2.858    13738.3     4436.0   -16181.3  31196.6  18354.7  14052.3 2021 11 30  0  0 16.890  1.33   1
     8544  55.338249 -161.683252    16.415     6038.1    26380.3    -2624.3  17155.1  64536.3  41637.8 2021 11 30  5 28  7.010  0.40   1
     8546  55.360677 -161.708333    19.596     4440.6    28877.1      557.1  12822.6  25414.9  12746.8 2021 11 30  7  1 22.390  1.28   1
     8547  55.285238 -161.548633    10.384    14615.4    20478.8    -8655.3  19838.4  31721.6  16307.7 2021 11 30  7  2 53.280  1.42   1
     8550  55.337553 -161.730420    19.306     3036.2    26302.8      266.8  16802.4  11510.2  16267.2 2021 11 30  9  2  8.870  1.78   1
     8557  55.337899 -161.656022    21.287     7771.1    26341.3     2248.2  20658.9  30218.7   7321.4 2021 11 30 13 54 36.420  1.66   1
     8563  55.260042 -161.526481     5.557    16031.2    17674.0   -13481.9   5469.0  10690.2  10605.9 2021 11 30 16 30 26.810  1.58   1
     8569  55.401782 -161.796077     5.573    -1141.7    33453.1   -13465.8  39059.0  31618.9  53991.1 2021 11 30 19 19 37.040  2.02   1
     8572  55.313367 -161.534896     3.917    15484.8    23610.3   -15122.0  24045.0  23948.2  29476.3 2021 11 30 22 56 24.360  1.11   1
     8575  54.814909 -161.320573    20.460    29310.7   -31880.4     1421.3  20282.9  24166.2  18811.8 2021 11 30 23 36  8.620  2.00   1
      858  55.156323 -161.369401    17.532    26071.9     6127.5    -1507.1  19988.0  21812.2  21983.9 2021  1 28 20 22 40.580  1.66   1
     8580  55.232821 -161.719141    30.457     3758.9    14643.5    11418.3  22055.4  18148.0  30587.7 2021 12  1  0 50 59.720  1.42   1
     8582  55.322249 -161.527165    15.447    15975.2    24599.2    -3592.3   8939.1  25905.9  20104.4 2021 12  1  1 35  3.920  1.50   1
     8583  55.406368 -161.975944    21.441   -12579.2    33963.6     2401.8 114380.8  90723.9  85929.3 2021 12  1  1 35  4.150  1.74   1
     8586  55.342261 -161.780322    14.299     -139.8    26826.9    -4740.0  33427.8  19649.2  18413.1 2021 12  1  2 51 19.430  1.31   1
     8593  55.327389 -161.559880    10.352    13891.8    25171.3    -8686.7  15141.8  55028.4  38884.0 2021 12  1  6 49  8.520  0.89   1
     8597  55.370601 -161.637777    10.044     8928.7    29981.9    -8994.9  12618.8  31629.1  16651.5 2021 12  1  8 10 19.430  0.17   1
     8598  55.313371 -161.506885    11.831    17268.1    23610.7    -7208.3  12087.1  16917.6  28829.7 2021 12  1  9 20 20.040  1.33   1
      860  55.176278 -161.916781    32.649    -8842.4     8348.9    13610.6  63915.1  55951.0  46476.6 2021  1 29  0 16 47.810  2.57   1
     8603  55.334664 -161.927962    16.601    -9536.6    25981.2    -2438.0 113475.8 115386.2  95230.0 2021 12  1 11 31  6.230  1.46   1
     8613  55.403894 -161.848031    17.733    -4445.4    33688.2    -1306.2  34615.6  58274.1  67024.5 2021 12  1 16 26 32.770  1.03   1
     8614  55.320312 -161.679964    25.998     6248.7    24383.5     6959.1  28163.1  36004.8  17465.0 2021 12  1 16 35 10.190  0.53   1
     8617  55.178166 -162.448812    14.040   -42770.4     8559.1    -4999.3  28900.5  26700.6  38007.6 2021 12  1 17 34 15.920  0.89   1
     8624  55.185819 -161.006185    13.437    49222.8     9411.1    -5602.2  10189.7  64455.6  21623.6 2021 12  1 20 56 40.920  2.12   1
     8625  55.755216 -161.990609     1.460   -13452.6    72799.1   -17579.2  43986.8  15098.4  17274.2 2021 12  1 20 56 50.100  2.23   1
     8634  55.194539 -162.174495     5.675   -25271.8    10381.9   -13363.4  34452.7  30310.5  42666.6 2021 12  1 22 22 32.560  1.00   1
     8635  55.416886 -161.771436    18.965      425.3    35134.6      -73.8  57718.3  60938.9  45894.2 2021 12  1 22 26 48.720  0.72   1
     8637  55.000932 -162.407536    16.037   -40226.9   -11171.4    -3001.4  40744.8  29383.6  45356.0 2021 12  1 22 31 44.360  1.66   1
      864  55.102791 -161.532910    22.033    15652.3      168.1     2993.7  23819.4  14138.9  20495.9 2021  1 29  5 23 13.890  1.58   1
     8641  55.170866 -161.112826    34.286    42430.7     7746.4    15247.3  18662.8  31369.2  20392.1 2021 12  1 23 55 37.060  2.33   1
     8642  55.365930 -161.668848    38.669     6952.4    29461.9    19629.8  49620.8  18856.3  40209.1 2021 12  1 23 56 10.440  2.77   1
     8652  55.745276 -162.045492     1.978   -16929.4    71692.5   -17061.0  28398.8  15781.8  16870.4 2021 12  2  1 40 49.080  2.29   1
     8655  54.995211 -162.300407     1.601   -33382.4   -11808.3   -17438.0  13213.5  15952.3  10358.5 2021 12  2  2 17 42.140  2.49   1
     8657  54.963236 -162.591911    23.740   -52035.0   -15367.8     4700.7  22252.8  10480.0  18706.0 2021 12  2  2 29 38.420  2.39   1
      866  55.793656 -161.410514    33.816    23262.6    77078.4    14777.0  23621.1  29545.1  63050.8 2021  1 29  6 34 20.150  2.18   1
     8664  55.411804 -161.744076     3.203     2165.0    34568.8   -15835.6  50801.9  38892.9  55091.5 2021 12  2  4 45 45.350  0.07   1
     8666  55.157015 -160.842187    13.109    59701.5     6204.5    -5930.0  24455.9  52860.6  23235.4 2021 12  2  5 44 39.630  1.88   1
     8667  55.160197 -162.227035     0.776   -28633.9     6558.7   -18263.0  14445.6  29033.7  22561.5 2021 12  2  7 16 19.060  1.81   1
     8669  55.252258 -161.749072    22.050     1851.0    16807.4     3011.0  15987.6  11950.7  15226.9 2021 12  2  8  1 59.300  1.00   1
     8671  55.399585 -161.450000     5.184    20867.1    33208.5   -13854.7  13463.1  29075.4  28298.2 2021 12  2  8  8 59.810  0.92   1
     8674  55.423177 -161.895133    16.547    -7438.9    35834.9    -2492.3  96152.2  79607.5  81600.0 2021 12  2  8 25 55.520  0.99   1
     8675  55.375342 -161.566667    12.493    13451.7    30509.7    -6545.4  14706.1  19966.2  17640.4 2021 12  2 10 35 13.830  0.63   1
     8678  55.402035 -161.559993    24.806    13871.6    33481.2     5766.8  26505.8  25523.4  20649.9 2021 12  2 10 42 46.400  1.28   1
      868  55.544816 -161.977441    17.306   -12652.4    49376.3    -1733.4 393286.3 304765.1 354140.7 2021  1 29  9 19 52.090  1.37   1
     8688  54.796810 -160.910189    43.175    55612.2   -33895.2    24136.5   9518.2  25381.2  27919.8 2021 12  2 13 37 36.200  1.94   1
     8691  54.788025 -161.859847    65.884    -5236.8   -34873.2    46844.9  16991.0  19546.5   7572.8 2021 12  2 14 16 11.230  1.45   1
     8693  55.385677 -161.863232     2.513    -5413.3    31660.2   -16525.8  34227.4  33339.4  37778.0 2021 12  2 14 37 18.040  0.23   1
     8703  55.384216 -161.842562     1.618    -4098.6    31497.6   -17420.4  27968.3  18664.6  71176.0 2021 12  2 16  5 13.750  0.54   1
     8705  55.256437 -161.642415     4.732     8645.9    17272.6   -14306.6   9489.6   7299.9  36892.6 2021 12  2 17 28 37.480  0.36   1
     8709  55.303406 -162.201969    23.319   -26986.8    22501.4     4279.8 105322.3 137947.7 108225.4 2021 12  2 18 45 55.200  1.01   1
      872  55.367131 -161.843083    13.388    -4132.7    29595.5    -5650.7  49815.8  42494.2  54876.9 2021  1 29 12  9 21.570 -0.19   1
     8724  55.357975 -161.678792     8.050     6320.3    28576.3   -10988.8  30476.1  18266.8  38786.6 2021 12  2 23 44 44.080  0.75   1
     8727  55.443054 -161.865234    12.675    -5536.7    38047.7    -6363.9  91005.4 190738.4 197420.9 2021 12  2 23 59 57.460  1.11   1
     8728  55.339600 -161.669222    16.463     6930.9    26530.7    -2575.4  23476.0  39834.1  24006.7 2021 12  3  0 49 56.730  1.72   1
     8730  55.392708 -161.861328     4.001    -5291.7    32443.0   -15038.1  41094.5  42509.7 138809.2 2021 12  3  0 54 31.390  0.83   1
     8731  55.367546 -161.820443     1.752    -2692.3    29641.7   -17287.2  28651.0  15440.4  52386.5 2021 12  3  1  1 10.080 -1.02   1
     8732  55.449577 -161.877523    19.314    -6317.2    38773.8      275.5 112451.8 117937.3  92105.4 2021 12  3  1 49 10.410  1.27   1
     8733  55.356376 -161.622461    14.573     9904.8    28398.3    -4465.5  16599.9  42574.3  24071.4 2021 12  3  1 53 33.410  1.80   1
     8734  55.426485 -161.891862    18.395    -7230.6    36203.2     -643.5 130558.7 143673.6 102670.9 2021 12  3  3  5 35.440  1.59   1
     8737  55.410156 -161.865837    20.363    -5577.3    34385.4     1323.6  37039.1 104260.1  67600.2 2021 12  3  4 16 15.540  1.22   1
     8738  55.100391 -161.487549    32.881    18548.3      -99.2    13842.6  15674.8  13887.6  30619.7 2021 12  3  4 19 21.310  1.29   1
     8742  55.343392 -161.876497     6.531    -6260.4    26952.8   -12507.9  63614.8 117344.9 131519.6 2021 12  3  5 28  4.840 -0.13   1
     8744  55.383089 -161.656852    17.031     7713.9    31372.1    -2007.8  67801.0  94257.0  72150.8 2021 12  3  7 34  6.870  0.89   1
     8745  55.398820 -161.913997    20.734    -8640.9    33123.4     1695.1 140314.3 165316.5  94441.2 2021 12  3  7 34 46.470  1.19   1
     8749  54.836906 -161.323242    13.339    29131.7   -29431.6    -5699.4  17258.6  22715.2  25269.3 2021 12  3  8 35 48.530  1.92   1
     8751  55.141211 -161.933577     5.853    -9917.9     4445.1   -13186.0  12365.8  11170.4  19043.4 2021 12  3  8 37 28.130  0.43   1
     8752  55.375985 -161.894303    17.643    -7390.5    30581.2    -1396.2  83374.9 108985.7  88214.0 2021 12  3  8 57 34.150  1.13   1
     8755  55.284082 -161.635824    13.104     9062.7    20350.2    -5934.8   9939.7  11308.6  14265.5 2021 12  3  9  1 48.420  0.14   1
     8756  55.420487 -161.874072    17.145    -6100.2    35535.5    -1893.5  91150.6 120737.6  96188.5 2021 12  3  9  2 59.870  1.17   1
     8757  55.403182 -161.641357     9.015     8697.3    33609.0   -10024.2  27166.0  24094.4  36867.3 2021 12  3  9  5 19.590  0.29   1
     8761  55.011019 -162.948649    40.982   -74801.1   -10048.5    21943.5  33159.0  38975.5  52219.7 2021 12  3 10 31 42.760  1.84   1
     8762  55.267151 -161.640544    19.294     8764.0    18465.3      255.1  18502.3  20994.3  16696.1 2021 12  3 10 32 51.390  1.80   1
     8764  55.359835 -161.492708    31.803    18160.1    28783.3    12764.5  29023.0  30353.3  33998.2 2021 12  3 10 45 25.500  1.07   1
     8766  55.361450 -161.810303    21.843    -2047.3    28963.2     2804.3  23448.4  30290.7  24784.8 2021 12  3 12 37 22.870  1.21   1
     8767  55.459428 -161.793994     4.031    -1008.4    39870.5   -15007.6  60299.7  74202.9  71446.9 2021 12  3 12 43 57.250  0.60   1
     8769  55.479342 -161.305322    32.509    30037.8    42087.4    13470.0  27954.8  91955.1  47914.8 2021 12  3 12 49 37.670  1.24   1
     8771  55.064494 -163.289665    14.867   -96529.2    -4095.4    -4171.7  13494.4  33266.1  34048.9 2021 12  3 13 35 32.810  2.45   1
     8772  55.339217 -161.899691     4.427    -7736.8    26488.1   -14612.0  45902.2  51765.6  83211.5 2021 12  3 13 35 45.480  2.04   1
     8773  55.371431 -161.795540    20.338    -1107.9    30074.3     1299.6  24164.9  17360.0  18789.3 2021 12  3 15  5  4.940  1.27   1
     8778  55.369950 -161.790592    20.768     -793.2    29909.5     1729.4  28971.8  22659.9  17397.1 2021 12  3 16 53 35.670  1.02   1
      878  55.203593 -162.052181    30.903   -17471.3    11389.8    11864.6  60301.1  78204.8  47107.5 2021  1 29 21 12  4.680  2.51   1
     8783  55.321777 -161.817757    16.809    -2522.9    24546.6    -2230.3  64998.6  57177.2  48446.5 2021 12  3 19  2 23.800  1.02   1
     8791  54.858390 -161.295361    29.410    30909.0   -27039.8    10371.3  22786.9  28906.8  28131.0 2021 12  3 23 35 30.000  1.64   1
     8797  55.166199 -162.233854     0.700   -29066.7     7226.9   -18339.1  24098.6  29444.3  26126.6 2021 12  4  4  2 43.690  1.76   1
     8799  55.243901 -160.977344    32.181    51024.8    15877.0    13141.6  22747.8  46742.5  41956.5 2021 12  4  4  9 58.020  2.79   1
       88  55.240112 -161.710905     3.966     4283.4    15455.3   -15073.2  23252.7  19437.1  22002.3 2021  1  3  8  0 13.360  1.86   1
     8801  55.444401 -161.278857    36.755    31733.0    38197.7    17716.4  19104.1  79074.2  21817.2 2021 12  4  6  3 50.880  1.39   1
     8802  55.317643 -161.718408    18.551     3801.6    24086.4     -488.2  11035.4  17131.2  13549.6 2021 12  4  7  3 29.570  1.10   1
     8805  54.882869 -162.150781     0.321   -23852.1   -24314.7   -18717.8  10096.4  10416.4   9468.0 2021 12  4  7 37 14.690  1.13   1
     8810  55.512410 -161.829525    51.675    -3264.1    45768.8    32636.4  90102.2  48315.1  13238.6 2021 12  4  9 21 53.150  1.98   1
     8816  55.270174 -161.567676     5.907    13405.2    18801.9   -13132.1  16633.2  25978.3  11638.9 2021 12  4 14  6  9.020  1.65   1
     8817  55.329655 -161.546615    16.656    14735.8    25423.6    -2382.7  10368.5  26647.7  16419.9 2021 12  4 15 52 45.960  1.37   1
     8818  55.447017 -161.861898    13.373    -5324.4    38488.9    -5665.7 108791.8 138038.8 119206.1 2021 12  4 15 57 48.970  1.24   1
     8820  55.236552 -161.721143    33.779     3631.2    15058.9    14740.0  21000.3  11888.5  11547.4 2021 12  4 17 28 52.720  0.74   1
     8822  55.527645 -161.765658     8.401      791.6    47464.7   -10637.9  73035.0  78296.2 121603.4 2021 12  4 17 39 59.560  2.13   1
     8823  55.528499 -161.766634     8.000      729.6    47559.9   -11039.0  80183.7  84811.5 141093.7 2021 12  4 17 40 57.920  1.61   1
     8824  55.423173 -161.881803     5.763    -6591.5    35834.4   -13275.8  25490.8  71647.0  84816.1 2021 12  4 19 15 55.500  0.94   1
     8826  55.347941 -161.658057    12.075     7640.7    27459.3    -6963.8  18510.6  29061.9  22131.7 2021 12  4 20 16 11.640  1.14   1
      883  54.718591 -160.775521    12.152    64303.1   -42602.9    -6886.6  26320.9  27814.0  19134.9 2021  1 30  6 22 29.320  2.02   1
     8831  55.371098 -161.683789    21.877     6001.4    30037.2     2838.2  27578.5  23786.9   9367.7 2021 12  4 22 26 27.100  1.57   1
     8837  55.418677 -161.907796    20.220    -8244.4    35333.9     1181.5 106919.6  97525.1  70778.7 2021 12  4 22 46 44.000  1.42   1
      884  55.767517 -161.184049    55.079    37605.8    74168.5    36040.5 518764.2 577279.6 449902.9 2021  1 30  8 39  8.970  0.32   1
     8841  55.318860 -161.857552    17.454    -5056.3    24221.8    -1584.6  70838.7  58420.0  35941.2 2021 12  4 23 45 32.760  0.56   1
     8842  55.468982 -161.857373    10.292    -5035.4    40934.1    -8747.0  86401.9  71510.4  80913.8 2021 12  4 23 53 25.660  0.97   1
     8847  54.957292 -162.258040     6.196   -30689.0   -16029.7   -12842.6  12377.5  11819.1  13310.9 2021 12  5  1  2 23.740  2.35   1
     8848  54.956474 -162.271924     6.647   -31577.1   -16120.7   -12392.3  16352.2  14851.4  17816.9 2021 12  5  1  3  8.450  2.63   1
     8852  54.608057 -161.302604    14.779    30539.7   -54908.1    -4260.3  11040.2  13801.0  21095.5 2021 12  5  3 59 25.640  1.68   1
     8856  55.367615 -161.814811     2.159    -2334.0    29649.4   -16879.8  29784.6  30437.1  33751.4 2021 12  5 17 33 52.480  0.29   1
     8866  54.954199 -160.613590    10.746    74470.9   -16373.9    -8293.1  22211.4  27425.8  15107.5 2021 12  6  8 16 10.000  2.45   1
     8868  55.358179 -161.818994     2.921    -2600.4    28599.0   -16117.6  76226.8  62905.3  64373.0 2021 12  6  8 21 39.980  0.58   1
     8873  54.526375 -161.136410     8.799    41254.9   -64001.3   -10240.0  16539.2  11793.0  11914.7 2021 12  6 13 16  5.030  2.76   1
     8875  54.560050 -161.671663    34.185     6841.4   -60252.4    15146.2  28901.3  20692.5  40258.6 2021 12  6 15 44 52.630  2.30   1
     8877  54.937236 -162.248161     5.693   -30064.7   -18262.4   -13345.7  24163.9  11226.0  22595.4 2021 12  6 17 19 45.320  1.77   1
     8882  55.419047 -162.714714     1.677   -59547.7    35375.1   -17362.2  30266.3  22838.7  30906.8 2021 12  7  1 34 27.240  1.90   1
     8883  55.502116 -161.783040    14.595     -312.2    44622.7    -4444.3 127610.6 115915.1 135370.1 2021 12  7  6 10 26.950  1.23   1
     8890  55.321012 -161.707113     7.170     4520.5    24461.4   -11869.0   9236.7  11665.8  26203.3 2021 12  7 11 30 18.660  1.72   1
     8898  55.332011 -161.859928    18.175    -5206.7    25685.9     -864.2  45456.3  61347.1  46529.0 2021 12  7 17 12 46.240  1.24   1
     8900  55.405558 -161.794629     4.854    -1049.5    33873.5   -14184.7  45580.7  28956.6  69497.0 2021 12  7 18 53 58.600  1.27   1
     8901  55.351298 -161.578923    10.810    12675.9    27833.0    -8228.9   9859.6  31072.6  15585.4 2021 12  7 21 13 49.500  0.28   1
     8903  54.576908 -162.652181    60.267   -56156.7   -58375.7    41227.8  19467.1  14250.5  10301.6 2021 12  7 21 50 32.960  2.10   1
     8906  55.167253 -162.243473     0.743   -29679.8     7344.2   -18295.8  29806.7  27246.5  29411.6 2021 12  8  2 53 24.650  1.89   1
     8912  54.687748 -160.651546    22.331    72281.9   -46036.5     3291.8  19788.6  24146.9  19957.0 2021 12  8 15 59  0.930  2.45   1
     8917  54.952645 -162.207064     2.056   -27430.8   -16547.0   -16982.9  11031.4   7540.7   5078.0 2021 12  9  0 17  3.830  1.88   1
     8922  54.926115 -161.409863    37.781    23558.2   -19500.4    18741.7  36207.8  15851.1  13458.3 2021 12  9 15 50 32.910  1.98   1
     8927  54.664421 -161.318050     4.563    29527.2   -48633.4   -14475.8  17496.2  10545.5 549213.3 2021 12 10  8 37 23.420  2.61   1
      893  55.031840 -162.354395     1.723   -36816.4    -7730.6   -17316.0  14791.0   8606.1  13107.6 2021  1 30 17 50 51.480  1.42   1
     8931  54.716130 -162.301758    41.149   -33584.8   -42876.9    22110.5  49251.8  24505.4  35910.0 2021 12 10 20 39 33.000  1.65   1
     8949  54.728247 -161.692660    21.597     5480.8   -41528.0     2558.2  23307.5  21660.5  14571.8 2021 12 12 18 25 26.200  2.62   1
     8950  54.596383 -161.698714    44.528     5100.8   -56207.7    25488.7  31968.4  13846.8  24510.0 2021 12 12 18 25 26.000  2.78   1
     8953  55.311275 -161.861686    10.154    -5319.9    23377.5    -8884.7  47146.6  67474.2  75769.1 2021 12 13  5 58 10.650  0.69   1
     8956  55.362105 -161.200895    33.338    36726.1    29036.1    14299.4  14149.7  40250.9  31004.3 2021 12 13 13 50 24.180  2.05   1
      896  55.165710 -161.953369     4.835   -11177.2     7172.5   -14203.6  28078.7  16133.0  19408.6 2021  1 30 17 57  5.100  1.45   1
     8960  54.994674 -162.284928     0.941   -32393.3   -11868.1   -18098.4   6344.4   8571.8  10166.7 2021 12 13 19 32 58.480  1.89   1
     8963  55.219788 -161.685905     9.042     5877.9    13192.6    -9996.8  14267.2  23759.6  45525.0 2021 12 14  0  2 46.720  2.83   1
     8965  55.184998 -161.503516    22.157    17510.6     9319.6     3118.5  10706.3  14565.1  11033.5 2021 12 14  1 23 16.410  2.79   1
     8969  55.192501 -161.926286     9.887    -9446.7    10154.9    -9151.5   9091.7  18180.4  18772.0 2021 12 14  4 38 33.310  1.27   1
      897  54.568827 -161.293799    10.880    31120.3   -59275.3    -8158.7  11864.8   9841.1  10729.5 2021  1 30 18 13 55.740  1.99   1
     8972  55.318970 -161.541162    16.285    15084.8    24234.0    -2754.1  14055.5  21051.8  11037.5 2021 12 14 10 44  0.800  1.06   1
     8973  55.320500 -161.499854    12.666    17714.2    24404.4    -6372.6  14160.5  18472.3  17065.9 2021 12 14 12 50 16.640  1.36   1
     8974  55.321676 -161.617318    17.666    10236.5    24535.3    -1373.0  12503.2  13075.5   7530.5 2021 12 14 12 53 17.500  1.45   1
     8979  54.842525 -160.797087    42.335    62823.5   -28806.0    23296.2  16892.3  40232.0  14480.7 2021 12 14 19  6 21.180  2.41   1
     8981  55.112732 -161.587207    27.689    12185.0     1274.7     8650.4  15310.3  22196.0  41647.8 2021 12 14 20 57  9.360  1.88   1
     8985  55.362016 -161.698405    18.259     5072.2    29026.1     -780.2  15422.0  19336.3   9460.5 2021 12 14 23 59 41.760  0.69   1
      899  55.146464 -161.859733    10.065    -5206.3     5029.9    -8974.2  24531.9  10040.8  23029.7 2021  1 30 18 26 55.160  1.33   1
     8992  55.627726 -161.533366     5.078    15520.9    58606.3   -13961.1  36231.0  38212.7  50011.2 2021 12 15 15 34 39.300  1.40   1
     8994  54.768750 -160.961247    45.120    52358.9   -37019.0    26081.1  12815.6  18712.6  23481.2 2021 12 15 23 10 22.000  1.96   1
     8998  55.228267 -162.380208    39.549   -38371.5    14136.6    20510.4  53577.0  40173.5  33700.2 2021 12 16  7 54  1.310  1.54   1
      900  54.788936 -161.209798    49.027    36418.6   -34771.8    29987.8  10315.7  11240.0  13106.8 2021  1 30 19 12 24.940  2.80   1
     9001  54.834416 -161.282943    78.474    31713.6   -29708.8    59435.2  16915.6   9434.2   7476.7 2021 12 16 10 49  2.170  1.80   1
     9008  54.566882 -163.333740    12.442   -99958.2   -59491.9    -6597.1  19315.8  20429.6  16522.6 2021 12 16 17 25 21.260  1.49   1
     9009  54.519413 -161.721387    15.470     3647.9   -64776.3    -3569.2  23016.6  12376.8  22647.8 2021 12 16 21 14 37.960  1.59   1
      901  54.883382 -161.394466    35.831    24556.2   -24257.6    16792.4  18633.1  28029.0  30520.0 2021  1 30 19 18 38.820  1.34   1
     9015  54.902832 -162.172852     0.428   -25258.5   -22092.4   -18610.6  13079.5  10793.0   7745.7 2021 12 17  8 25 49.810  0.91   1
     9020  54.965023 -162.951335     0.666   -75015.6   -15169.0   -18372.9  19698.9  14760.1  16779.8 2021 12 17 10 33 53.620  1.86   1
     9021  55.012439 -162.450765     8.027   -42983.6    -9890.4   -11012.1  13688.8  12407.2  15908.8 2021 12 17 10 34 12.180  2.23   1
     9025  55.869853 -161.631266     1.205     9284.4    85560.9   -17834.2  63723.5  39414.4  44584.9 2021 12 17 15 56 56.070  1.90   1
     9035  54.497074 -163.193392     1.796   -91018.2   -67263.2   -17243.4  19302.4  19358.2  19049.3 2021 12 18 17 42 15.960  2.48   1
     9036  55.043266 -162.144922     2.859   -23430.4    -6458.6   -16180.0  22926.9  14086.2  17471.8 2021 12 18 17 42 41.600  2.08   1
     9037  54.861898 -162.651156    58.282   -55893.5   -26649.3    39243.2  68238.0  55640.4  47896.6 2021 12 18 19 26 16.920  1.61   1
      904  54.491626 -161.692350    11.117     5516.7   -67869.7    -7921.6  19775.4  11417.8  16620.6 2021  1 30 20 48  8.580  1.99   1
     9040  55.024129 -162.603434    53.168   -52731.9    -8589.0    34129.5 399037.2 394916.2 345016.8 2021 12 18 23 59 57.620  1.53   1
     9046  55.218815 -161.882943     6.335    -6681.0    13084.4   -12704.2  30621.3  20619.9  38927.9 2021 12 19 18  9  4.240  0.53   1
     9047  55.321163 -160.925716    44.197    54262.0    24478.2    25158.3  13184.2  32153.5  23301.1 2021 12 19 18 26 36.040  2.04   1
     9048  55.298726 -160.841781    48.430    59621.9    21980.5    29390.8   7211.6  32794.2  13077.4 2021 12 19 23 18 40.420  2.30   1
      905  54.216235 -161.641488    12.049     8817.7   -98527.5    -6990.2 119028.5  40107.9  31737.5 2021  1 30 20 55 34.820  1.59   1
     9056  55.168856 -161.895508     4.892    -7486.5     7522.7   -14147.0  17754.9  25504.8  12621.1 2021 12 20  9 47 22.410  0.65   1
     9066  55.113053 -161.742904    32.519     2247.9     1310.5    13479.8  28240.0  98688.1  43808.4 2021 12 21  6 35 28.140  1.71   1
     9069  55.411226 -161.946745    11.427   -10721.8    34504.5    -7612.1 178477.5 138709.8 284509.3 2021 12 21  6 47 29.670  1.40   1
     9073  55.390100 -161.499154    12.474    17743.2    32152.6    -6565.1  13792.1  30430.0  31607.4 2021 12 21  8 30 58.710  0.09   1
     9074  55.414221 -161.619368    11.218    10094.2    34837.9    -7821.1  16917.1  18770.4  36434.3 2021 12 21  8 33 18.930  1.08   1
     9077  55.241573 -161.743571    16.756     2201.8    15617.9    -2282.8  36014.1  22167.1  30166.2 2021 12 21  8 34 55.150  2.04   1
     9078  55.576025 -161.844157     2.867    -4190.0    52850.7   -16172.0 205348.2 148325.5 190175.0 2021 12 21  8 34 54.390  1.53   1
     9080  55.358838 -161.774268     3.311      245.4    28672.4   -15728.1  28900.3  11855.0  28302.4 2021 12 21  8 40 16.220  1.64   1
     9084  55.355037 -161.808822     2.263    -1953.2    28249.3   -16775.5  20384.3  13300.7  21314.0 2021 12 21  9 46 21.180  0.24   1
     9086  55.241300 -161.440381    13.801    21521.4    15587.5    -5238.1  18188.7  17644.0  15940.0 2021 12 21  9 54  2.580  0.69   1
     9088  55.491732 -161.873975     3.623    -6088.5    43466.7   -15416.2  59161.8  72020.6 225842.8 2021 12 21 10 50  8.260  1.61   1
     9090  55.342228 -161.736572    18.658     2644.4    26823.3     -381.0  24548.3  11198.8   8899.5 2021 12 21 10 55 36.920  0.40   1
     9092  54.691305 -161.575114    51.040    13024.7   -45640.6    32001.2  15452.4  13792.3  17539.4 2021 12 21 11 40  9.270  1.83   1
     9096  55.505998 -161.809098    13.135    -1967.1    45054.9    -5904.1 175153.2 144095.9 170572.9 2021 12 21 13 14 10.410  0.33   1
     9099  55.482894 -161.719548     5.816     3721.3    42482.9   -13223.2  60708.4  60226.6  66783.1 2021 12 21 13 23 26.720  0.79   1
       91  55.588595 -160.720378    62.692    67107.9    54250.0    43653.1  17032.6  37973.5  20995.5 2021  1  3  8 46  0.560  2.68   1
      910  55.175195 -162.611214    36.486   -53129.0     8228.4    17447.0  37435.1  80833.0  57499.5 2021  1 31  0 52 56.090  1.74   1
     9102  54.861930 -160.986068    32.533    50709.4   -26645.7    13493.9  27450.6  21063.4  39409.9 2021 12 21 13 28 58.360  1.59   1
     9104  55.370577 -161.801025    19.798    -1456.9    29979.2      759.0  21704.1  13521.6  15858.0 2021 12 21 14 32 38.950  1.07   1
     9109  55.348405 -161.785465     2.103     -467.1    27510.9   -16935.9  25561.4  28016.2  32074.3 2021 12 21 17 13 57.840  0.65   1
      911  54.427067 -161.420622    17.428    23011.4   -75056.8    -1611.3  25913.3  18070.7  15136.0 2021  1 31  1  0 39.750  1.90   1
     9112  55.330229 -161.636719    14.572     9000.5    25487.4    -4467.0  15055.7  19850.2  16819.1 2021 12 21 17 25 46.040  0.71   1
     9114  55.326949 -161.697852     2.804     5109.6    25122.3   -16234.5  14797.5  16004.5  11921.7 2021 12 21 17 30 20.320  0.51   1
     9115  54.869031 -161.795150    87.738    -1089.9   -25855.3    68699.0   7640.3  14026.6   5596.8 2021 12 21 17 36 53.880  1.86   1
     9118  54.480924 -161.319759    11.198    29484.1   -69061.1    -7840.6  33319.9  17680.8  18739.3 2021 12 21 19  4 25.720  1.51   1
     9119  55.205782 -161.690072     4.071     5613.3    11633.5   -14968.0  20600.4  14655.8  10675.4 2021 12 21 19 57 17.880  1.43   1
      912  54.782113 -161.703923    30.517     4755.3   -35531.4    11478.0  46800.7  25642.2  26903.6 2021  1 31  1  1  6.010  1.85   1
     9121  54.992118 -162.293262     1.356   -32927.0   -12152.6   -17682.8  10171.6  13228.6   7310.4 2021 12 21 20 56  6.200  1.56   1
     9129  55.657593 -160.901725    66.677    55554.3    61931.2    47638.0  13627.5  31031.7  15839.9 2021 12 21 22 43 35.200  3.55   1
     9132  55.394596 -161.912809     5.191    -8565.8    32653.2   -13848.3 136808.7 134651.5 172625.7 2021 12 21 23 32 21.680  0.87   1
     9136  55.320081 -161.522949     5.666    16244.0    24357.7   -13372.5  14970.5  24802.3  19432.2 2021 12 22  1  2 45.760  0.24   1
     9137  55.259847 -161.582943     5.504    12434.3    17652.2   -13535.1   6827.4  10108.2  16424.3 2021 12 22  1  4 50.360  1.50   1
     9139  55.305143 -161.130501    61.001    41234.2    22694.8    41962.4  20512.6  25166.0  29067.2 2021 12 22  1 14 13.240  1.57   1
     9140  55.348206 -161.791992     2.849     -882.4    27488.7   -16190.3  16840.9  24023.5  13833.2 2021 12 22  1 16  1.870  1.44   1
      915  55.155733 -161.753581    15.510     1565.7     6061.8    -3528.5  20213.7  21781.3  10298.0 2021  1 31  5 23 58.520  1.69   1
     9150  55.234355 -161.483105    21.365    18800.5    14814.3     2326.5  14277.8  13407.8  15167.8 2021 12 22  6 38  5.170  1.01   1
     9152  55.241805 -161.940202     9.062   -10327.6    15643.7    -9976.8 173321.8  26989.8 135316.3 2021 12 22  8 12 37.260  0.59   1
     9161  55.133651 -162.426449     4.192   -41367.3     3603.5   -14847.4  18384.6  29113.4  34820.2 2021 12 29  4  1 11.130  0.89   1
     9169  55.074955 -162.096110    11.976   -20304.3    -2930.8    -7063.0  38516.3  41910.2  63421.2 2021 12 29 18 38  4.720  3.03   1
     9173  55.338289 -161.599740    17.331    11353.1    26384.8    -1707.5   9583.5  29606.5  18475.4 2021 12 30  4  6 38.900  1.10   1
      918  55.312854 -161.686003     5.960     5864.9    23553.2   -13078.4   7571.9  16799.5   7963.8 2021  1 31  6 25 51.410  0.56   1
     9186  55.287533 -161.736198    16.897     2670.1    20734.3    -2141.8  39029.1  37595.8  21382.1 2021 12 30  9  0 57.550  0.60   1
      919  55.213566 -161.410352     8.392    23443.0    12500.0   -10647.1  14573.1  18288.7  24718.9 2021  1 31  6 26  3.820  0.34   1
     9190  55.154346 -161.685254    16.390     5924.3     5907.3    -2649.0  15856.0  10258.1  27433.7 2021 12 30  9 18 12.910  0.81   1
     9199  55.331645 -161.729867     9.853     3071.6    25645.1    -9185.4  14172.5  15596.5  17543.8 2021 12 30 13 22 12.030  0.72   1
     9205  54.912728 -161.129769    19.451    41483.2   -20990.7      411.9  20850.4  20445.5  19146.5 2021 12 30 15 59 48.330  0.99   1
     9208  55.336723 -161.571582     9.626    13145.4    26210.4    -9412.7  19532.2  34461.2  30673.1 2021 12 30 18 59 34.080  0.72   1
     9209  55.392749 -161.807145     5.125    -1845.7    32447.5   -13914.1  92315.2  84414.3 125601.3 2021 12 30 20 35 50.140 -0.22   1
     9211  54.517004 -162.291504    50.432   -33008.2   -65044.5    31393.3  48520.8  14883.5  20684.1 2021 12 30 21 34 26.520  1.90   1
     9214  54.625704 -163.305127    13.603   -98048.4   -52943.6    -5435.7  20880.0  18771.4  13189.6 2021 12 30 23 37 45.240  2.01   1
     9215  55.192509 -162.108057     3.536   -21036.3    10155.8   -15502.7  30586.3  13855.8  45247.5 2021 12 30 23 38 13.640  0.71   1
     9217  55.345939 -161.632389    17.423     9274.3    27236.4    -1616.3   7034.2  17633.1  11499.5 2021 12 31  2 33  9.430  0.56   1
     9222  55.344576 -161.716878     5.051     3897.7    27084.7   -13988.2  21407.8  22446.7  16834.4 2021 12 31  7 44 33.140  0.33   1
     9223  55.376326 -161.948210    14.558   -10819.7    30619.3    -4480.5 181301.9 147853.0 217897.3 2021 12 31  7 59 57.510  0.78   1
     9232  55.346749 -161.704867     9.081     4661.9    27326.6    -9958.2  21863.1  28961.7  25105.5 2021 12 31 14 51 42.980  0.68   1
     9236  55.311568 -161.672005     5.005     6756.1    23410.1   -14033.7  23596.7  20779.6  25211.8 2021 12 31 17  2 53.880  1.93   1
     9237  55.292432 -161.566520     4.777    13475.0    21279.7   -14261.7  19455.1  22116.5  29322.3 2021 12 31 17  9 41.560  0.05   1
     9238  54.671745 -162.627816    12.946   -54527.4   -47818.1    -6092.4  17301.6  16516.8  13679.1 2021 12 31 17 37 15.720  1.95   1
     9239  55.380868 -161.630550     5.592     9387.2    31124.8   -13446.9  19776.7  23103.0  40347.9 2021 12 31 18 19 11.960  0.25   1
     9252  54.993677 -162.299788     1.832   -33343.6   -11979.1   -17206.7  13118.7  14526.6   7482.5 2021 12 31 23 10 47.400  2.71   1
     9253  55.144486 -161.981006     4.741   -12943.4     4809.8   -14298.4  32134.1  17977.6  34192.1 2021 12 31 23 11  4.520  2.99   1
     9255  55.372961 -161.782259    14.550     -263.0    30244.7    -4488.8  65111.2  50233.6  50512.0 2021 12 31 23 17 32.840  1.03   1
     9257  55.268217 -161.517204    29.030    16620.5    18584.0     9990.8  12128.8  18553.2  18772.9 2021 12 31 23 28  2.340  0.73   1
       93  55.156258 -161.894515     6.117    -7424.3     6120.2   -12922.2  15045.4  17576.3  10398.4 2021  1  3  8 50 12.680  0.66   1
      932  55.314681 -161.907129    15.198    -8212.7    23756.6    -3841.4 146870.0 120983.3 107835.3 2021  1 31 17 46 13.460  0.13   1
      933  54.911983 -162.198926     7.704   -26923.9   -21073.6   -11335.3  23986.3  15423.6  30994.7 2021  1 31 18  9 51.920  0.81   1
      938  55.330160 -161.755680     5.988     1428.6    25479.7   -13050.6  40066.8  36618.0  44139.6 2021  1 31 22 30 42.360  0.07   1
      940  55.074882 -163.246175    14.993   -93739.7    -2938.9    -4046.2  21532.5  78202.3  29305.8 2021  2  1  0  3 49.930  2.26   1
      943  55.303918 -161.317318    28.786    29340.1    22558.5     9746.7  14339.2  36886.0  26770.1 2021  2  1  3 47 47.050  2.24   1
      947  54.445976 -161.998584    43.030   -14187.0   -72951.7    23991.0  30966.1   9158.9  17462.7 2021  2  1  4 32 54.010  2.22   1
      961  54.582629 -161.265365    14.063    32941.7   -57738.8    -4975.4  12140.5  10172.2  11383.9 2021  2  1 20 17  6.480  2.57   1
      962  55.284656 -162.790560    17.470   -64478.3    20414.1    -1569.2  25096.9  34849.4  98968.2 2021  2  2  3 43 44.200  2.00   1
      968  55.380245 -161.825098     4.401    -2987.9    31055.5   -14638.0 117618.2  97505.4 218468.6 2021  2  2 10 43 18.760 -0.48   1
       97  55.056091 -161.772721    14.163      345.1    -5030.8    -4876.0  28885.4  11566.6  36477.0 2021  1  3 10 23  0.640  1.54   1
      974  55.045361 -162.138932     3.385   -23047.2    -6225.3   -15654.3  27967.1  15069.7  27271.6 2021  2  2 22 32 26.920  1.00   1
      976  55.173490 -161.961133     4.165   -11671.3     8038.6   -14874.1  22632.9  14960.2  23952.3 2021  2  3  0 49 58.720  0.73   1
      980  55.036218 -160.884196    53.335    57107.7    -7243.2    34295.6  14172.7  23648.2  14709.5 2021  2  3  6 41  1.380  1.43   1
      982  55.067664 -161.453288    33.496    20743.8    -3742.5    14457.3  17136.2  13709.4  27101.5 2021  2  3  7 25 42.350  0.85   1
      984  55.054281 -161.741715    18.065     2325.5    -5232.4     -973.9  13200.2  22771.0  38129.4 2021  2  3  8 32  8.890  1.52   1
      985  54.564799 -162.364421    58.809   -37674.2   -59723.8    39769.8  35686.5  16123.8   9885.8 2021  2  3  9  2 58.440  1.62   1
       99  55.504211 -161.885807    36.828    -6839.1    44856.0    17788.7  82919.1  27775.4  24039.1 2021  1  3 12 41 27.660  2.31   1
      993  55.071122 -161.170964    32.985    38771.0    -3357.5    13946.2  21728.2  17680.6  31837.5 2021  2  3 15 36 28.290  1.77   1
      998  54.563529 -161.272982    13.568    32460.0   -59865.1    -5471.2  12379.9  10636.3  11363.7 2021  2  3 17 35 48.880  1.73   1
