      100  54.967802 -162.289600    10.772   -32702.8   -14859.6    -8266.6     19.1     18.6     20.4 2021  1  3 12 41 26.190  1.77   1
     1001  55.068014 -161.601009    20.750    11310.4    -3703.6     1711.2     25.1     23.2     15.9 2021  2  3 21 42 16.640  0.66   1
     1002  55.317993 -161.752832     6.632     1610.1    24125.3   -12407.3     19.0     17.7     19.6 2021  2  3 22  8 43.760  0.21   1
     1003  55.321952 -161.335335    22.108    28186.5    24566.1     3069.5     16.8     32.1     24.7 2021  2  3 22 17 17.700  1.26   1
     1020  54.833777 -162.660954    31.806   -56540.5   -29779.9    12766.7     16.4     16.6     23.2 2021  2  4 12 19 23.700  1.97   1
     1021  54.975301 -162.311117     9.851   -34075.4   -14024.8    -9187.4     14.7     11.5     14.7 2021  2  4 12 19 41.050  2.29   1
     1022  55.318441 -162.973519    37.412   -76098.1    24175.2    18373.3     35.9     48.2     61.9 2021  2  4 12 39  0.910  1.49   1
     1023  54.933647 -162.239958     3.892   -29541.3   -18661.9   -15147.1     14.0      8.6     14.7 2021  2  4 14 11 48.640  0.80   1
      103  55.379504 -161.874609    30.319    -6137.5    30973.1    11280.3     51.0     30.4     24.6 2021  1  3 17 22 36.600 -0.17   1
     1032  55.302873 -161.669873     6.245     6892.6    22442.1   -12794.1      6.7      6.4     20.1 2021  2  5  4 19 25.580  0.32   1
     1039  55.165023 -162.000000    25.377   -14151.5     7096.0     6338.1     37.8     39.0     54.9 2021  2  5 16  9 24.960  1.39   1
      105  54.804712 -161.237386    31.136    34644.0   -33015.5    12096.9     14.0     12.4     17.0 2021  1  3 17 45 13.880  1.75   1
     1051  54.903133 -161.531885    13.831    15756.8   -22058.8    -5207.7     21.0     15.3     22.3 2021  2  5 21 45 15.040  1.63   1
     1060  54.824044 -162.806055     2.103   -65841.4   -30863.4   -16935.5     40.0     40.0     39.3 2021  2  6  6  4  4.060  1.27   1
     1062  55.095317 -161.755648    21.343     1434.9     -664.1     2303.7     15.3     23.0     25.2 2021  2  6  7 15 27.980  0.53   1
     1064  55.027157 -161.614372    22.710    10462.4    -8252.0     3671.6     27.1     38.5     33.0 2021  2  6 12  4 44.260  2.62   1
     1071  54.601615 -161.255078    10.625    33594.7   -55625.2    -8414.1     16.8     18.2     15.6 2021  2  6 18 39 48.880  4.47   1
     1072  54.584554 -161.294743    13.833    31053.6   -57524.6    -5205.8     11.6      9.8      9.7 2021  2  6 19 35 53.920  2.62   1
     1073  54.575944 -161.292057    13.695    31229.5   -58483.1    -5343.5     10.8      9.4      9.5 2021  2  6 19 50  7.920  2.07   1
     1074  54.568815 -161.300830    31.185    30668.5   -59276.7    12146.0     12.2      8.1     22.6 2021  2  6 20 12 22.720  1.60   1
     1076  54.578687 -161.285856    14.592    31626.8   -58177.8    -4446.4     16.2     11.9     14.9 2021  2  6 20 19 18.200  2.22   1
     1080  55.313416 -161.696289     2.266     5210.0    23615.7   -16772.8     14.8     14.5     15.9 2021  2  7  0 37 48.130  0.17   1
     1085  54.571427 -161.350846    31.212    27453.8   -58985.9    12173.4     14.8     12.9     33.5 2021  2  7  1 58 56.540  1.49   1
      109  54.965991 -161.426742    19.171    22467.4   -15061.2      131.8     14.1     19.3     32.1 2021  1  3 19 56 26.080  2.05   1
     1091  55.343766 -161.188851    33.543    37501.0    26994.5    14503.8     23.2     38.6     43.3 2021  2  7  4 49 38.570  2.26   1
     1095  55.395093 -162.259554    24.992   -30618.1    32708.4     5952.6     25.6     41.5     22.6 2021  2  7  7 59 53.620  1.46   1
     1100  55.082442 -161.788900    15.349     -687.9    -2097.3    -3689.7     16.5      9.6     13.6 2021  2  7 17 57 19.320  1.38   1
     1103  55.168852 -161.902588     4.706    -7938.1     7522.2   -14333.2     24.4     16.6     24.1 2021  2  7 19 33 54.560  1.38   1
     1105  54.815719 -161.087874    32.152    44216.8   -31790.2    13112.8     12.9     11.3     22.7 2021  2  7 20 17 45.400  2.50   1
     1107  55.104456 -161.642448     1.758     8660.2      353.3   -17280.7     13.3     17.2     15.6 2021  2  7 20 25  3.680  1.46   1
     1108  54.964559 -162.235986     2.914   -29276.1   -15220.6   -16124.8     11.5      9.9     10.5 2021  2  7 21 56 42.020  0.96   1
     1113  55.280347 -162.168294    16.035   -24849.8    19934.4    -3003.9     29.2     44.4     39.3 2021  2  8  4 17 58.520  1.96   1
     1124  54.592432 -161.302946    31.104    30523.7   -56647.6    12064.8     10.5     13.3     24.7 2021  2  8 11 27 36.840  1.68   1
     1127  55.297469 -161.828499     2.347    -3207.6    21840.5   -16692.0     12.6     11.0     22.4 2021  2  8 12  0 58.860 -0.28   1
     1128  54.989303 -162.203288     1.595   -27176.9   -12466.0   -17443.4     14.6     12.0     14.7 2021  2  8 12 35 30.340  0.88   1
     1140  54.803776 -161.329850    61.537    28720.3   -33119.7    42497.8     33.6     39.7     33.9 2021  2  8 23 58 42.120  1.59   1
     1142  55.451973 -161.859945    28.689    -5199.9    39040.7     9650.5     22.1     12.5      5.0 2021  2  9  0 16 46.490  1.11   1
     1151  54.548218 -162.479036    18.625   -45048.4   -61569.7     -413.9     30.5      8.5     16.9 2021  2  9  8  2 10.790  1.77   1
     1154  55.012056 -161.575781    21.923    12930.4    -9933.0     2884.4     14.6     16.3     17.6 2021  2  9  8 45 36.550  1.85   1
     1165  54.590625 -162.533236    64.234   -48506.5   -56848.7    45195.3     32.9     23.8     23.3 2021  2  9 20 43 57.480  2.07   1
     1166  55.123389 -161.829622     9.037    -3286.3     2461.0   -10002.0     17.7     14.1     17.7 2021  2  9 21 31 51.780  1.33   1
     1170  54.904700 -161.407031    66.021    23745.7   -21884.4    46981.9     43.2     36.7     33.9 2021  2  9 23 45 28.280  1.59   1
     1173  54.620146 -161.322705    31.467    29244.4   -53562.3    12427.7     22.4     15.5     35.2 2021  2 10  6  8 50.240  1.46   1
     1178  55.167566 -161.711230    17.915     4266.5     7379.1    -1123.8     15.8     13.6      7.4 2021  2 10 11 42 19.110  2.02   1
     1183  55.197888 -161.988558     5.717   -13416.2    10754.7   -13321.8     11.4     18.8     18.5 2021  2 10 21  8 45.360  2.05   1
     1192  55.269303 -161.434033     4.045    21918.2    18705.0   -14994.0     10.5     13.6     16.8 2021  2 11 18  3 28.280  1.03   1
     1196  55.137744 -160.503223    55.473    81342.9     4059.2    36434.3     38.7     72.4     56.4 2021  2 11 22 27 49.960  2.72   1
     1198  54.866943 -161.324821    32.326    29019.8   -26087.7    13287.5     21.3     21.7     26.9 2021  2 12 14 15  3.740  2.63   1
     1199  55.166475 -161.968555     3.349   -12145.7     7257.7   -15689.6      7.0     14.7     15.2 2021  2 12 14 15 28.960  1.98   1
     1200  54.592236 -161.299040    31.533    30774.7   -56669.3    12494.1     16.6     14.4     37.2 2021  2 12 15 10  7.870  2.04   1
     1201  55.166272 -161.843522    28.101    -4171.1     7235.0     9062.3     54.7     27.6     35.5 2021  2 12 16 15  3.920  1.91   1
     1208  55.160331 -161.747168    20.528     1974.6     6573.7     1488.6     15.4     14.9     17.2 2021  2 13  9 56 47.050  0.99   1
     1209  55.368835 -161.066911    31.591    45247.0    29785.3    12552.0     22.9     50.1     43.6 2021  2 13 13  9 46.410  3.28   1
     1212  55.041951 -162.181543     2.847   -25770.1    -6604.9   -16191.8     12.3     18.2     21.1 2021  2 13 14 15 28.860  1.76   1
     1214  54.545846 -161.771712    12.488      412.2   -61833.8    -6550.6     20.7     12.5     13.9 2021  2 13 19  9 54.480  1.98   1
     1215  54.935234 -161.053320    62.290    46361.5   -18485.3    43251.2      9.7     16.6     10.5 2021  2 14  0 24 32.090  2.39   1
     1216  55.107471 -163.270117    13.827   -95229.9      689.0    -5211.9     10.8     25.1     15.4 2021  2 14  0 51 17.470  2.71   1
     1221  54.524870 -162.335384    63.415   -35826.0   -64168.9    44375.8    115.6     15.1     19.5 2021  2 14  3 53 26.740  2.25   1
     1224  55.263017 -162.060075    14.784   -17961.2    18005.1    -4255.3     14.5     12.6     13.1 2021  2 14  9  9 53.440  0.78   1
     1228  55.561064 -161.458887    18.180    20260.8    51185.1     -859.3     23.0     30.0     35.2 2021  2 14 17 55 14.800  1.17   1
     1238  54.865625 -161.546126     2.245    14852.4   -26234.4   -16793.5     26.2     27.0     27.0 2021  2 16  3 45  0.350  2.31   1
     1244  54.972298 -162.250814     4.332   -30221.2   -14359.1   -14706.8     11.8     11.9     14.8 2021  2 16  5 33 19.130  1.39   1
     1249  55.181409 -161.737663     3.122     2580.2     8920.1   -15917.0     13.3     15.5     32.4 2021  2 16  6 16 24.920  0.85   1
     1250  54.589823 -161.321761    30.795    29316.0   -56937.9    11756.0     15.4      7.6     25.3 2021  2 16  6 30 31.090  1.51   1
     1254  54.900472 -161.429085    30.064    22335.7   -22355.1    11024.9     15.3     15.1     21.7 2021  2 16 15 52 45.740  1.88   1
     1258  54.964412 -161.869238    35.930    -5825.9   -15236.9    16891.5     56.9     50.3     67.1 2021  2 16 16 17 46.800  1.45   1
     1269  55.022030 -161.449788     4.589    20979.1    -8822.7   -14450.0     34.8     36.4     47.0 2021  2 16 23 19 12.080  3.19   1
     1272  54.589730 -161.310710    30.142    30026.0   -56948.4    11102.9      7.4      8.5     29.4 2021  2 17  4  6 41.430  1.68   1
     1283  54.678975 -163.521859    11.076  -111891.1   -47013.1    -7963.0     16.2     20.0     15.0 2021  2 17 12 56 29.530  1.79   1
     1284  55.355558 -161.843799    20.600    -4178.8    28307.3     1560.9     30.6     26.6     10.5 2021  2 17 13  2 44.200  0.03   1
     1287  55.311731 -161.913444    21.293    -8615.1    23428.2     2254.6     26.2     22.1     17.9 2021  2 17 17  1 28.160  0.07   1
      129  54.861161 -161.361426    28.227    26678.3   -26731.3     9188.4     11.5     10.4     33.8 2021  1  4  4  1 10.530  1.79   1
     1290  55.205697 -161.747559    29.763     1948.6    11624.0    10724.2     54.7     36.8     34.4 2021  2 17 19 37 22.880  1.20   1
     1298  55.324573 -161.404167     2.809    23804.2    24857.8   -16230.1     23.6     39.6     26.5 2021  2 18  5  4 40.770  0.01   1
      130  54.825045 -161.302474    33.899    30466.2   -30752.0    14860.1     18.1     21.2     37.6 2021  1  4  4  1 21.820  1.94   1
     1305  55.330965 -161.712028     5.585     4207.0    25569.4   -13454.2      8.2      9.8     12.0 2021  2 18  9 43 35.800 -0.44   1
     1310  54.591895 -161.288851    12.418    31429.3   -56707.4    -6621.1     13.1     11.6     11.6 2021  2 18 12 40 52.980  1.97   1
     1323  55.347107 -161.747640     5.214     1940.0    27366.4   -13825.0      8.4      8.9      9.2 2021  2 18 19  3 39.340 -0.86   1
     1328  55.365515 -162.160710    32.251   -24340.8    29415.7    13212.5    103.2    176.3     85.6 2021  2 19  0 35 58.340  0.73   1
     1332  55.313822 -161.525195     4.559    16102.3    23661.0   -14480.2     12.4     22.6     22.5 2021  2 19  2  7 18.390  0.34   1
      134  55.173612 -161.910221     6.376    -8424.4     8052.2   -12662.7     15.2      6.3      9.6 2021  1  4  8 26 55.590  1.50   1
     1347  55.275968 -161.663493     8.366     7301.3    19446.9   -10672.6     13.6     13.8     18.5 2021  2 19  4 40 45.390  1.04   1
      135  54.759827 -161.644320    62.305     8577.4   -38012.4    43265.9     54.0     50.9     44.6 2021  1  4  9 10 28.510  1.47   1
     1352  54.517554 -161.128516    19.618    41766.9   -64983.3      579.3     33.1     33.8     31.5 2021  2 19  8 36 17.060  2.48   1
     1357  54.997567 -162.297591     7.061   -33201.5   -11546.0   -11977.6     13.1     10.5     15.2 2021  2 19  9 13 55.750  1.99   1
     1359  54.853422 -162.777669    32.785   -64000.0   -27592.9    13746.0     24.4     28.0     40.6 2021  2 19  9 21 33.210  1.56   1
     1363  55.243770 -161.645199    10.852     8469.9    15862.5    -8186.4     13.5     11.9     13.2 2021  2 19 10 52 15.340  0.41   1
     1371  55.297636 -161.534619     5.837    15505.5    21859.1   -13201.4     14.4     19.3     16.6 2021  2 19 13 52 35.450  0.01   1
     1372  55.051449 -161.430745    26.330    22187.8    -5547.7     7290.8     18.9     19.5     41.1 2021  2 19 14  4  8.250  1.62   1
     1375  55.341012 -160.449967    11.906    84525.9    26687.8    -7132.8     18.5     47.5     18.6 2021  2 19 14 22 52.620  1.08   1
     1376  54.523625 -163.265625    13.524   -95632.3   -64307.5    -5514.5     10.4      9.7     10.6 2021  2 19 14 29 46.060  1.63   1
     1385  55.082316 -162.604655    32.404   -52771.7    -2111.3    13364.9     40.4    107.7     43.7 2021  2 19 23 24 42.440  1.62   1
     1386  55.045304 -161.617448    20.465    10263.5    -6231.7     1426.3     16.3     16.4     19.4 2021  2 20  1 14 23.940  0.82   1
     1389  54.547396 -161.161670    11.757    39620.7   -61661.2    -7282.0     11.5     12.9     11.1 2021  2 20  3 29 30.500  1.90   1
     1392  54.760620 -161.981722     1.286   -13051.1   -37924.1   -17753.0     34.1     18.0     20.2 2021  2 20  9 22 15.120  1.42   1
     1393  54.498678 -162.329004    47.944   -35427.2   -67084.7    28905.4     42.4      9.5     22.0 2021  2 20 12 16 54.990  2.81   1
     1397  54.627494 -161.416732    15.135    23204.5   -52744.2    -3903.7     23.1     23.3     21.9 2021  2 21  1 46 47.010  1.45   1
       14  55.229423 -161.166699    30.723    38966.4    14265.3    11683.9     12.5     30.9     24.4 2021  1  1 16 55  4.360  1.72   1
     1405  55.054814 -161.224577    13.785    35354.7    -5173.0    -5254.4     19.3     24.7     28.5 2021  2 21 11  6 40.870  2.14   1
     1407  55.113403 -161.566292     3.529    13519.7     1349.4   -15510.0      9.5     23.8     17.9 2021  2 21 11  8 39.470  1.28   1
     1409  55.113684 -161.620687     5.557    10048.1     1380.7   -13482.0     11.8     19.0     21.8 2021  2 21 11 11 53.160  0.88   1
     1414  54.911458 -162.621777    35.086   -53979.5   -21132.0    16046.9     16.8     25.5     30.0 2021  2 21 15  5  6.160  1.48   1
     1415  55.262390 -161.613363     5.206    10496.0    17935.3   -13832.4     18.0     17.5     32.8 2021  2 21 16  1  3.430  1.78   1
     1417  55.150334 -161.538802     0.912    15267.2     5460.7   -18127.3     14.3     15.2     12.2 2021  2 21 17 30 27.960  0.78   1
     1419  55.505916 -161.718392     9.815     3793.7    45045.8    -9224.1     20.1     21.9     30.3 2021  2 21 18 53 44.040  0.49   1
     1420  55.104012 -161.773486    16.893      296.1      304.0    -2146.1     22.6     18.3     21.2 2021  2 21 18 54 16.160  1.01   1
     1425  55.144625 -161.785270     6.317     -455.8     4825.2   -12722.0     12.3     10.2     17.7 2021  2 21 21 58 10.560  0.49   1
     1427  55.111523 -161.636361     3.396     9048.0     1140.2   -15642.6     13.8     20.7     26.3 2021  2 21 22  8 14.800  1.03   1
     1431  54.584916 -161.290544    24.798    31323.2   -57484.2     5759.5     11.4      7.6      8.1 2021  2 21 23  0 10.360  2.31   1
     1433  55.106038 -161.776221     5.324      121.5      529.5   -13715.2     17.2     13.1     12.0 2021  2 21 23 57  4.060  1.32   1
     1434  55.176774 -161.549284    21.716    14593.7     8404.2     2677.0     26.9     23.2     27.4 2021  2 21 23 57 55.340  1.17   1
     1435  55.238826 -161.978044    14.410   -12739.4    15312.1    -4629.3     50.2     29.4     37.6 2021  2 21 23 58 16.000  1.22   1
     1439  55.160409 -161.514030    23.096    16845.4     6582.3     4057.3     33.5     31.5     33.8 2021  2 22  0 43  2.960  0.59   1
     1443  55.180697 -161.848063    17.902    -4459.9     8840.8    -1136.5     25.5     21.6     27.5 2021  2 22  1 21 15.400  0.46   1
     1453  54.838180 -161.111800    33.240    42672.3   -29289.8    14200.7     12.7     13.8     30.4 2021  2 22  4 37 56.240  2.24   1
     1454  54.963163 -161.367985    33.222    26225.2   -15376.0    14183.6     20.1     22.2     26.7 2021  2 22  7 39 17.400  1.96   1
     1457  54.894747 -161.280990    32.204    31814.8   -22992.4    13165.2     13.3     16.6     33.7 2021  2 22  7 41 20.050  2.58   1
     1458  55.196130 -161.512500    24.223    16935.4    10559.0     5183.9     18.9     19.9     15.4 2021  2 22  9  2 25.970  0.81   1
     1459  55.123901 -161.937337    16.177   -10160.0     2518.1    -2861.9     21.3     31.1     18.1 2021  2 22  9  2 44.010  0.61   1
      146  55.409172 -161.993815    39.288   -13715.1    34275.7    20249.2     43.1     31.7     13.7 2021  1  4 15 59 53.660  0.44   1
     1463  55.295203 -161.717074     4.095     3887.6    21588.2   -14943.9     12.8     10.7     22.7 2021  2 22 12 58 56.000  0.45   1
     1468  54.636369 -161.309473    12.131    30088.1   -51756.3    -6908.1     11.5      9.9     15.7 2021  2 22 16 17 26.310  1.73   1
     1472  55.055656 -161.726921    13.397     3270.4    -5079.3    -5642.0     11.5      9.3     19.4 2021  2 22 16 50 46.390  0.97   1
     1476  55.132166 -161.705469     9.301     4636.0     3438.1    -9737.5     19.8     18.5     26.4 2021  2 22 20 16  9.000  0.98   1
     1478  54.799585 -161.677881    34.414     6422.8   -33586.3    15375.2     98.1     47.2     79.7 2021  2 22 22 18 15.100  1.52   1
     1488  55.397196 -161.734066    19.275     2802.0    32942.6      236.3     23.4     35.3     13.6 2021  2 23 12 29 16.040 -0.11   1
     1493  54.642672 -161.433691    12.855    22111.4   -51054.6    -6183.5     12.4      9.4     13.2 2021  2 23 20  3 57.320  2.87   1
     1500  54.907878 -161.365706    32.217    26389.0   -21530.7    13177.9     18.8     14.6     32.8 2021  2 23 22 41 49.920  1.99   1
     1502  55.100590 -161.584977    12.095    12329.2      -77.0    -6944.4     16.2     14.3     21.6 2021  2 23 23 36 55.900  1.07   1
     1510  54.862085 -161.292399    30.919    31097.3   -26628.5    11879.6     16.8     18.1     34.9 2021  2 24  2 36 40.740  2.08   1
     1513  55.328756 -161.765007     4.924      835.0    25323.5   -14114.9     10.3      9.1     15.1 2021  2 24  3 44 51.420  0.93   1
     1514  55.269397 -162.080143    12.103   -19238.1    18715.4    -6935.5     17.8     14.4     18.7 2021  2 24  3 45  8.730  0.63   1
      153  55.233716 -162.087451    11.865   -19712.4    14743.2    -7173.4     15.4     13.6     16.3 2021  1  4 18 37 14.700  0.42   1
      154  54.587769 -161.270020    30.092    32640.6   -57166.7    11053.4     12.8     11.1     34.0 2021  1  4 18 41 15.600  1.65   1
     1540  55.048930 -163.382503    14.265  -102477.8    -5828.1    -4774.1     29.5     66.1     54.7 2021  2 24 17 41 27.000  1.66   1
     1543  55.505823 -161.868262    28.842    -5724.6    45035.4     9803.2     42.2     35.4     19.6 2021  2 24 19 10 27.800  0.33   1
     1544  54.988216 -161.395980    31.558    24427.5   -12587.0    12519.0     19.2     19.6     33.5 2021  2 24 19 51 27.800  1.58   1
     1548  55.084526 -163.308610    13.877   -97714.7    -1865.4    -5162.0     16.0     30.5     12.4 2021  2 24 20 59 31.300  1.74   1
     1551  55.040898 -161.754785    18.847     1491.0    -6722.2     -191.5     20.1     14.8     17.3 2021  2 25  2  4 18.030  1.17   1
     1552  55.155530 -161.763639    24.020      924.0     6039.1     4980.7     28.8     20.0     18.1 2021  2 25  2  4 37.270  1.22   1
     1553  54.976994 -162.196777     3.086   -26764.9   -13836.3   -15952.3     23.7     20.5     34.6 2021  2 25  3 22  5.790  1.67   1
     1560  55.047705 -161.597689     4.551    11525.3    -5964.4   -14488.0     14.9     11.0     14.6 2021  2 25  7 39 13.870  0.78   1
     1568  55.096395 -162.060628    13.803   -18033.9     -544.0    -5235.7     35.8     69.7     39.3 2021  2 25 15 59 56.610  0.52   1
      157  54.586951 -161.267480    27.272    32804.0   -57257.8     8232.7      7.5      6.7     33.0 2021  1  4 19 48  7.600  2.60   1
     1572  54.597656 -161.259684    30.788    33300.5   -56066.0    11748.7     14.8     13.3     37.0 2021  2 25 18 54 43.360  1.57   1
      158  54.996289 -162.298112    13.117   -33235.3   -11688.3    -5922.0     13.6     12.6     22.5 2021  1  4 20 44 36.960  2.96   1
     1581  55.011275 -161.351221    31.034    27280.8   -10019.9    11995.4     12.7     14.1     21.5 2021  2 26  9  3 54.340  1.99   1
     1585  54.585079 -161.260221    29.073    33271.1   -57466.1    10034.1     12.3     10.7     34.9 2021  2 26 12  9  8.560  1.97   1
      159  54.975822 -162.342920    12.859   -36108.4   -13966.8    -6180.2     10.5      8.8      8.9 2021  1  4 20 44 47.420  3.35   1
     1590  55.476233 -162.015658    28.813   -15091.3    41741.3     9774.2     31.7     31.9     15.3 2021  2 26 19  0 39.760  0.27   1
     1591  55.096541 -161.383138    24.382    25214.4     -527.7     5342.7     27.1     20.8     20.9 2021  2 26 19 39 49.120  0.92   1
     1598  55.083508 -161.631038    17.433     9390.9    -1978.6    -1605.5     21.5     19.8     22.5 2021  2 27  0  6 44.230  1.22   1
      160  55.182812 -161.780371     9.289     -143.2     9076.4    -9750.0     14.8     21.7     14.3 2021  1  4 21 22 34.520  0.99   1
     1602  55.084383 -161.893034     9.543    -7336.4    -1881.2    -9496.4     29.5     23.5     29.3 2021  2 27  6 44 11.470  1.03   1
     1608  55.195854 -161.933122     3.895    -9882.1    10528.2   -15144.4     12.7     15.7     24.4 2021  2 27  9 20 25.210  0.83   1
     1612  54.949304 -161.678271    12.096     6385.9   -16918.9    -6943.0     20.5     17.6     28.3 2021  2 27 15 30 31.160  1.03   1
     1627  54.971012 -161.423324    33.337    22684.5   -14502.2    14297.7     19.8     20.3     19.2 2021  2 28  6 21  3.480  2.16   1
     1632  55.096826 -161.223405    33.639    35411.0     -496.0    14600.5      8.2     12.9     14.4 2021  2 28  8 10 21.870  1.67   1
     1644  54.491915 -163.172982     1.146   -89711.3   -67837.6   -17893.1      8.9      8.1      8.3 2021  2 28 22  8 55.420  2.34   1
     1646  55.376709 -161.830648     6.103    -3341.1    30661.9   -12936.3     24.0     17.4     14.6 2021  2 28 22 59 50.600  0.81   1
     1647  54.770569 -161.227848    34.123    35269.9   -36816.5    15083.7     20.9     26.0     36.8 2021  3  1  4 28 55.900  2.15   1
     1652  55.023275 -161.373389    30.929    25860.3    -8684.1    11890.1     17.7     20.7     25.3 2021  3  1 15  0  4.050  2.37   1
     1654  54.902600 -160.889860    14.858    56840.2   -22118.2    -4180.1     31.5     32.7     37.4 2021  3  1 20 37 56.640  1.33   1
     1657  55.126042 -161.618034    23.555    10215.8     2756.4     4516.1     26.3     31.6     26.8 2021  3  2  1 54 25.150  1.32   1
     1661  54.922734 -162.210189     5.267   -27640.9   -19876.8   -13771.6     16.8     13.2     25.4 2021  3  2 13 18  6.080  1.04   1
     1662  55.065352 -161.614388    18.272    10456.4    -3999.8     -766.5     20.7     22.9     16.9 2021  3  2 14 45 35.910  1.58   1
     1671  55.235474 -160.932699    31.748    53875.2    14938.9    12708.9     28.2     52.9     60.7 2021  3  3 12 32  3.630  2.21   1
     1676  55.055741 -161.607357     0.097    10906.7    -5069.8   -18942.3     41.5     36.3     32.9 2021  3  3 22  9  2.360  1.13   1
     1678  55.227405 -161.744466     2.805     2145.1    14040.6   -16234.2     14.2      9.9     12.1 2021  3  4  0 35 13.270  3.42   1
     1680  54.605583 -161.442708     8.397    21542.4   -55183.5   -10642.3     27.4     20.4     25.9 2021  3  4  0 38 11.150  3.52   1
     1684  55.314750 -161.748617     6.208     1878.6    23764.3   -12830.5     20.9     29.3     35.0 2021  3  4  0 44 32.450  0.64   1
       17  55.125883 -161.920215     9.832    -9067.1     2738.7    -9207.3     10.6     11.7     16.7 2021  1  1 17 17 19.000  1.75   1
      170  54.870662 -161.844531     1.407    -4251.0   -25673.6   -17632.0     23.9     22.1     25.3 2021  1  5  1 54 41.470  1.03   1
     1703  54.492354 -161.741276    11.348     2370.0   -67788.7    -7690.5     13.9      9.5     10.8 2021  3  4  9 38 50.260  2.25   1
     1704  54.489677 -161.718880    10.752     3810.5   -68086.7    -8286.9     14.8      7.9      9.3 2021  3  4  9 42 51.260  2.04   1
     1706  55.011776 -161.511572    22.844    17033.6    -9964.2     3805.4     19.4     18.2     20.5 2021  3  4 12 59  4.700  1.40   1
     1709  55.357947 -161.975260    31.037   -12543.3    28573.2    11998.1     49.9     34.2     25.0 2021  3  4 13 55  2.390  0.66   1
      172  54.977836 -161.712858    19.353     4172.5   -13742.5      313.9     22.2     25.2     25.5 2021  1  5  3 43 56.380  2.04   1
     1720  54.908956 -161.201693    15.205    36883.0   -21410.6    -3833.6     25.1     31.1     44.4 2021  3  4 19 53 29.960  2.38   1
     1722  55.263513 -160.978760    47.438    50922.1    18060.4    28398.8     19.5     32.9     28.6 2021  3  4 20 37 48.760  2.44   1
     1729  55.355546 -162.551790     1.920   -49228.3    28305.9   -17118.7     50.7     45.4     52.6 2021  3  4 23 56 31.360  1.93   1
      173  54.526152 -162.376921    19.751   -38495.8   -64026.2      712.2     51.4     23.2     30.4 2021  1  5  4 32 55.230  1.62   1
     1738  55.322603 -161.790283     1.230     -773.9    24638.6   -17808.7     22.0     14.7     26.6 2021  3  5  0 46 13.720  1.50   1
     1741  55.137455 -161.763883    10.175      908.7     4027.0    -8864.3      9.0     18.8     26.1 2021  3  5  4  3 28.830  1.34   1
     1748  55.022542 -161.773503    19.924      295.3    -8765.6      884.7     16.8     12.4     15.9 2021  3  5 16 11 27.520  2.40   1
     1749  55.217216 -160.872673    13.214    57713.6    12906.3    -5824.4     25.2     46.6    464.2 2021  3  5 18 26 51.980  2.03   1
      175  55.118062 -161.733040    24.184     2877.3     1868.1     5145.4     18.2     22.5     20.2 2021  1  5  4 57 50.210  1.82   1
     1751  55.010388 -161.619482    24.520    10138.0   -10118.7     5481.5     22.8     19.3     14.8 2021  3  5 18 53  2.780  1.72   1
     1762  55.348588 -161.719580    20.384     3725.5    27531.3     1344.9     17.5     32.9     12.5 2021  3  6  0 58 42.500  2.01   1
     1772  54.934176 -162.247493     3.673   -30023.2   -18603.0   -15365.8      7.3      8.3     11.7 2021  3  6 12  6 39.940  0.93   1
     1776  55.107426 -161.767139    17.576      701.2      684.0    -1463.0     17.8     16.6     19.1 2021  3  6 12 34 33.970  1.87   1
     1782  54.617175 -161.319548    31.113    29448.2   -53893.0    12073.7     19.7     14.5     35.2 2021  3  7  8 56 49.900  1.51   1
     1791  54.762996 -161.021859    29.453    48477.3   -37659.5    10413.9     16.0     15.5     45.9 2021  3  7 12 44 28.780  2.36   1
      180  54.450509 -161.688883    11.151     5742.6   -72447.1    -7887.6     28.4     11.0     19.5 2021  1  5 14 13 57.050  2.04   1
     1800  54.584790 -161.301237    11.727    30636.3   -57498.3    -7311.7     17.7     15.9     15.1 2021  3  7 23 31 54.600  2.56   1
     1801  55.380009 -161.751302    16.763     1706.2    31029.2    -2275.8     44.0     40.6     42.6 2021  3  7 23 58 41.000  1.62   1
     1802  55.144401 -161.247624    32.411    33844.9     4800.2    13372.1     10.8     15.6     20.2 2021  3  8  0  1 45.660  1.37   1
     1803  55.061621 -160.945768    34.762    53157.4    -4415.2    15723.3      9.8     17.6     18.9 2021  3  8  0  1 53.910  2.25   1
     1813  55.101062 -161.789388    12.027     -718.9      -24.5    -7011.7     18.1     12.3     15.1 2021  3  8  9 53  8.660  1.23   1
     1818  55.175208 -161.800651    19.037    -1436.6     8229.8       -1.6     27.8     20.4     22.2 2021  3  8 19 54 55.400  2.09   1
     1822  54.572225 -161.308870    13.156    30150.6   -58897.1    -5882.8     20.5     13.5      9.7 2021  3  8 22 56 20.960  1.57   1
     1823  55.352364 -161.864453     7.080    -5493.3    27951.7   -11958.5     15.3     22.8     14.9 2021  3  9  5 24  8.420 -0.07   1
     1824  55.430904 -161.166097    40.459    38906.6    36695.1    21420.3     21.0     32.5     31.0 2021  3  9  5 25 56.450  1.50   1
     1826  55.322253 -161.715739     7.083     3971.3    24599.6   -11956.3     18.2     17.2     26.5 2021  3  9  6 12  3.170  1.22   1
      183  54.531486 -162.470654    10.006   -44518.8   -63432.3    -9033.0     37.6     19.9     23.9 2021  1  5 19 35 57.360  2.51   1
     1834  54.956885 -161.610824    16.760    10698.4   -16074.9    -2279.1     18.5     22.2     37.8 2021  3  9 11 47  7.090  2.25   1
     1836  55.043050 -161.748926    23.276     1865.2    -6482.6     4236.7     29.7     27.5     27.1 2021  3  9 15 28 26.520  1.02   1
     1837  54.609102 -161.284017    24.722    31733.1   -54791.7     5682.9     15.2     13.4     10.6 2021  3  9 15 59 56.200  1.96   1
     1848  54.476843 -163.170980     1.804   -89599.1   -69515.4   -17235.1     10.7      9.6      9.9 2021  3 10  6 53 14.950  1.84   1
     1850  54.972493 -162.261963     0.830   -30934.0   -14337.3   -18209.3      9.4     12.7     11.8 2021  3 10  7 15 44.300  1.55   1
     1854  55.193229 -162.022428    27.048   -15576.6    10236.0     8009.3     16.6     22.7     25.4 2021  3 10  8 52 57.000  0.82   1
     1855  54.946159 -161.332015    17.015    28531.2   -17269.0    -2024.3     21.6     16.0     13.3 2021  3 10  9 15 17.810  0.84   1
     1856  55.167757 -161.828548    16.152    -3216.0     7400.4    -2886.9     28.4     19.6     32.1 2021  3 10  9 15 41.680  0.51   1
     1858  55.299003 -161.655046    16.259     7837.1    22011.3    -2780.3     11.6     16.0     14.2 2021  3 10 18 24 35.260  0.37   1
     1861  55.019381 -162.295605     4.611   -33065.6    -9117.6   -14427.7     28.6     21.8     25.6 2021  3 10 23 39 17.520  1.55   1
     1863  54.956006 -161.348047    33.325    27502.5   -16172.8    14285.7     11.3     17.7     25.0 2021  3 11  5 14 38.290  2.04   1
     1868  55.057552 -161.457406     2.999    20483.4    -4868.2   -16040.1     19.1     19.7     18.7 2021  3 11  6  3 33.370  2.16   1
     1875  54.562809 -162.076855    46.939   -19196.3   -59945.3    27900.6     29.6      7.8     14.3 2021  3 11 13  8 23.810  1.79   1
     1876  55.012809 -161.571663    19.160    13193.4    -9849.2      120.7     21.4     21.9     29.5 2021  3 11 19 52 43.600  0.49   1
      188  55.127543 -161.568197     1.655    13395.8     2923.5   -17383.8     22.7     15.9     18.6 2021  1  5 23 35 40.720  2.17   1
     1880  54.958875 -162.446452    16.983   -42736.4   -15853.4    -2055.7     27.1     21.5     25.2 2021  3 11 23 53  2.980  1.51   1
     1881  55.251253 -162.245882     1.089   -29802.2    16695.5   -17949.8     62.2     33.4     38.3 2021  3 15  0 56  4.510  0.80   1
     1883  55.308911 -161.705713     5.844     4610.3    23114.3   -13194.8      8.3      7.1     11.6 2021  3 15  2 35  5.030  1.32   1
     1885  55.071151 -161.530550    22.548    15809.2    -3354.3     3509.1     18.4     20.1     26.0 2021  3 15  3 36 22.040  1.43   1
     1889  54.576396 -162.580273    16.093   -51537.1   -58432.8    -2946.3     12.2     11.3     31.4 2021  3 15  4 11 52.080  1.66   1
     1894  55.119491 -162.342627    31.854   -36025.2     2027.1    12815.6     18.6     22.3     11.9 2021  3 15  6 19 53.350  1.28   1
     1896  55.296379 -161.659945     5.412     7525.4    21719.1   -13626.4      8.4      9.3     20.0 2021  3 15  8 34 48.080  1.21   1
     1903  54.817916 -162.433398    23.321   -41975.1   -31545.6     4281.9     34.8     26.4     16.8 2021  3 15 13 52 50.600  1.56   1
     1905  55.899154 -160.568669    11.229    76433.2    88822.9    -7810.3     61.4     74.6     56.9 2021  3 15 13 58  5.000  2.29   1
     1906  55.866508 -160.566960     9.399    76572.8    85188.6    -9640.3     60.7     76.4     56.9 2021  3 15 14  1 39.780  1.63   1
     1909  55.265499 -161.997396    13.891   -13967.9    18281.4    -5147.7     23.2     23.0     20.3 2021  3 15 19  9 48.960  0.41   1
     1916  55.323344 -162.085384    12.830   -19558.8    24721.0    -6209.1     39.3     49.4     42.8 2021  3 16  3  5 32.610  1.50   1
     1920  54.754663 -161.420426    54.500    22931.2   -38587.2    35460.9     22.4     20.4     23.3 2021  3 16  9 17 34.970  3.29   1
     1922  54.687903 -161.381641    44.172    25438.6   -46019.3    25133.0     28.7     28.4     37.2 2021  3 16 10 40 11.180  1.61   1
     1928  55.151998 -162.660579    41.875   -56293.5     5646.0    22836.0     61.0     63.2     49.9 2021  3 16 18 42 43.780  3.13   1
     1932  54.968746 -162.199479     0.958   -26940.4   -14754.5   -18081.2     20.8     21.4     17.9 2021  3 16 22 23 17.680  0.78   1
     1950  54.983289 -161.905518     4.441    -8143.7   -13135.6   -14597.5     36.9     14.1     22.0 2021  3 17 17 25 48.880  0.81   1
     1952  54.858818 -162.664274    32.636   -56735.6   -26992.3    13596.7     22.1     21.9     27.7 2021  3 17 18  2 20.460  1.45   1
     1953  54.838696 -161.247738    30.094    33966.4   -29232.2    11055.4     16.7     18.4     33.3 2021  3 17 19 20 28.680  1.43   1
     1955  54.524845 -161.331657     6.987    28703.3   -64171.6   -12052.1     22.1     17.9     31.9 2021  3 17 19 45 17.280  1.73   1
     1959  55.159701 -161.913509     4.374    -8635.6     6503.5   -14665.1     13.0      8.4     20.5 2021  3 17 21 50 12.840  0.78   1
     1961  54.572062 -161.344889    13.352    27836.4   -58915.2    -5687.1     17.6     18.8     12.7 2021  3 17 22  3 42.820  1.10   1
     1963  54.462850 -162.849414     8.276   -68925.4   -71073.2   -10763.3     36.0     25.5     37.5 2021  3 17 22 42 26.960  1.90   1
     1965  55.265804 -162.179997    11.147   -25599.8    18315.4    -7892.3     64.6     39.8     49.6 2021  3 17 23  0 33.240  1.28   1
     1969  55.196741 -162.284668    15.757   -32295.3    10626.9    -3281.4     23.8     26.9     34.2 2021  3 18  0 14  0.410  1.28   1
      197  55.086682 -161.570296    29.525    13268.6    -1625.3    10486.1     18.2     24.7     35.7 2021  1  7  2 55 29.890  2.19   1
     1973  54.838973 -161.169482    53.017    38977.8   -29201.4    33978.3     27.7     31.4     33.3 2021  3 18  1 31 29.980  1.25   1
     1975  55.454179 -161.871077    31.045    -5907.3    39286.2    12006.5     26.7     22.9     14.3 2021  3 18  2 45 38.950  0.99   1
     1981  54.795365 -162.913314     5.507   -72737.5   -34056.0   -13532.1     15.1     21.0     12.9 2021  3 18  6 26 27.680  1.02   1
     1983  54.482239 -162.073226    13.530   -18981.9   -68914.8    -5508.7     26.2     10.3     14.4 2021  3 18  7 22 24.300  1.24   1
     1984  55.034949 -161.335514     8.221    28276.2    -7384.5   -10817.8     33.4     38.8    124.7 2021  3 18  8  6 48.940  0.87   1
     1986  55.028243 -161.704574    20.362     4699.2    -8131.0     1323.4     46.0     74.5     72.0 2021  3 18  8 24 14.020  1.39   1
     1991  55.220988 -161.650228    12.359     8151.8    13326.3    -6679.7     18.8     19.2     27.6 2021  3 18 12 20 29.880  1.12   1
     1995  55.165771 -161.921663     5.333    -9155.0     7179.3   -13706.3     25.0     18.6     24.8 2021  3 18 14 36 19.100  0.66   1
     1996  54.589124 -161.238721    31.950    34650.7   -57015.9    12911.5     11.8      9.5     25.0 2021  3 18 15 25 37.380  1.11   1
     2001  54.491854 -163.154590     0.426   -88528.4   -67844.4   -18612.9     11.4     10.5      8.5 2021  3 18 19 35 43.440  1.69   1
     2006  55.308236 -161.562174    10.175    13749.0    23039.1    -8863.4      9.2     10.4     15.0 2021  3 18 20 15  0.400  0.39   1
     2011  54.772461 -160.710270     9.444    68442.4   -36605.9    -9594.6     77.8     78.4     67.0 2021  3 19  2 17 27.950  1.93   1
     2014  54.982585 -162.368066     6.247   -37712.9   -13213.9   -12792.1     19.6     17.5     20.5 2021  3 19  6  2 53.140  0.50   1
     2017  55.081075 -161.717367    16.717     3879.3    -2249.5    -2322.3     16.2     15.0     16.8 2021  3 19  7 15 23.960  1.19   1
     2029  55.499207 -161.762988    17.461      961.4    44298.9    -1578.1     16.9     15.8     15.5 2021  3 19 20  1 37.500  0.94   1
     2034  55.309782 -160.600553    35.295    74971.7    23211.2    16256.6     15.8     56.3     37.8 2021  3 20 10 26 13.060  1.96   1
      204  55.118026 -161.474202    23.701    19396.0     1864.0     4662.5     24.7     20.2     24.9 2021  1  7  8 46 37.580  1.86   1
     2042  55.139469 -162.166976     4.799   -24809.4     4251.2   -14240.1     15.4     34.1     19.7 2021  3 20 15 40 56.760  0.89   1
     2044  55.251192 -162.062549    16.917   -18121.5    16688.7    -2122.3     22.9     19.5     22.8 2021  3 20 18 46 11.200  1.24   1
      205  55.365263 -161.729720     7.411     3079.6    29387.6   -11627.5     13.6     20.5     13.1 2021  1  7 11 45 28.180  1.30   1
     2050  55.171676 -161.516276    17.732    16699.7     7836.6    -1306.7     10.2     13.4     16.1 2021  3 21  1 15 13.670  2.08   1
     2053  54.774386 -160.997380    33.803    50039.4   -36391.6    14764.4     16.9     19.3     37.0 2021  3 21  4 51 43.430  1.68   1
     2054  55.178088 -161.917643     6.959    -8897.2     8550.5   -12079.7     19.6     11.1     27.7 2021  3 21  4 52 15.430  1.07   1
     2055  55.265027 -161.618555     4.999    10164.9    18228.9   -14039.9     18.8     17.3     35.0 2021  3 21  6 20 17.800 -0.04   1
     2056  54.525179 -161.561410    14.173    13932.5   -64134.5    -4866.1     28.0     19.6     66.1 2021  3 21  9 13 37.170  1.64   1
     2057  54.503748 -162.336816    40.208   -35927.4   -66520.3    21169.0     29.0     12.8     32.2 2021  3 21 13 30 53.040  1.63   1
     2059  54.594198 -162.338851    61.482   -36018.1   -56451.0    42443.1     14.3      8.8      8.7 2021  3 21 15 28  4.810  2.32   1
     2071  55.326799 -161.964567     9.391   -11867.6    25105.6    -9648.3     23.8     19.0     14.7 2021  3 22  0 36 28.590  0.81   1
     2081  55.293872 -161.672949     5.537     6697.5    21440.1   -13502.2      9.2      8.8     14.7 2021  3 22  8 42  5.840 -0.03   1
     2082  54.903430 -161.394027    19.182    24578.2   -22025.8      142.8     19.6     18.9     25.6 2021  3 22  9  3 51.680  0.90   1
     2083  55.161092 -161.901742     5.812    -7884.8     6658.4   -13226.4     24.0     19.1     13.6 2021  3 22  9 21 56.940  0.61   1
     2085  55.379980 -162.721647     4.346   -60017.9    31026.1   -14693.3     21.8     30.5     31.3 2021  3 22 11  6 42.830  1.46   1
     2089  54.985909 -161.506868    32.420    17339.8   -12843.8    13381.5     17.5     13.4     19.3 2021  3 22 14 47 22.280  1.92   1
     2092  54.993095 -161.532617    31.734    15692.4   -12043.9    12695.5     14.0     18.7     14.3 2021  3 22 18 44  2.120  3.44   1
     2093  55.074300 -161.736458    23.423     2660.6    -3003.7     4384.1     23.1     17.2     17.2 2021  3 22 19  0 32.180  1.23   1
     2099  54.650871 -161.349186    12.422    27533.5   -50141.9    -6616.7     17.1     16.4     17.0 2021  3 23 11 28  4.430  2.69   1
     2102  55.243547 -161.596696     3.700    11560.5    15837.6   -15339.0     15.0     15.9     22.8 2021  3 23 15 12  4.800  0.41   1
     2110  55.031445 -161.604541    29.951    11089.9    -7774.5    10912.3     56.2     99.5    102.8 2021  3 23 21 20 35.960  1.70   1
     2116  55.294059 -161.845182    13.014    -4270.1    21460.9    -6024.8     16.2     23.4     20.9 2021  3 24  1 48  0.030 -0.05   1
     2118  55.412919 -162.777620     1.873   -63552.2    34692.9   -17166.4     26.2     26.3     27.1 2021  3 24  6 47 10.370  1.57   1
     2126  55.286475 -161.533317     4.339    15590.6    20616.5   -14700.3     15.6     17.3     27.2 2021  3 24 16 19 46.180  0.79   1
     2132  54.589058 -161.304883    31.353    30400.5   -57023.1    12314.3     11.3     14.7     32.8 2021  3 25  4 23  3.040  1.78   1
     2136  55.490104 -161.439079    30.581    21537.1    43285.5    11541.9     27.7     37.8     39.7 2021  3 25 13 25 39.070  1.67   1
      214  55.364705 -161.768604     3.544      605.8    29325.6   -15495.2     14.6     21.8     16.3 2021  1  7 18 28  9.440 -0.26   1
     2140  55.138078 -161.700716    13.299     4938.9     4096.3    -5739.9     20.0     18.0     22.4 2021  3 25 15 24 59.570  0.65   1
     2141  55.155021 -161.369661     0.752    26055.7     5982.5   -18287.2     14.7     12.2      9.7 2021  3 25 15 25 42.300  0.62   1
     2147  54.786100 -161.245915    21.798    34105.4   -35087.5     2759.2     53.5     42.2     43.5 2021  3 25 20 12  8.900  1.75   1
     2148  55.088920 -161.410856    15.831    23447.2    -1376.2    -3207.9     15.0     11.8     38.3 2021  3 25 20 12 29.960  1.32   1
     2164  55.793140 -160.531234     9.718    78904.5    77020.9    -9320.8     62.7     86.3     62.6 2021  3 26  7 17 29.010  1.57   1
     2179  54.987081 -162.368538    11.719   -37741.0   -12713.4    -7320.2      7.6      8.2      9.3 2021  3 26 13 35 21.170  0.89   1
      218  55.358451 -161.682210     5.982     6102.8    28629.3   -13056.6      7.9     13.4      9.4 2021  1  7 19 35  6.920  0.84   1
     2181  55.094950 -161.693164    17.118     5423.7     -704.8    -1921.3     16.1     13.5     17.9 2021  3 26 13 52 23.460  1.18   1
     2189  54.829122 -162.053483     1.250   -17636.2   -30298.1   -17788.7      9.8      8.7     10.2 2021  3 26 16 13  1.530  0.96   1
      219  55.338326 -161.378239    19.688    25450.2    26388.9      648.8     15.4     36.6     22.5 2021  1  7 19 36 15.440  0.75   1
     2192  55.070015 -162.504997    24.838   -46415.9    -3480.7     5799.0     29.8     29.7     22.7 2021  3 26 16 29 34.580  1.28   1
     2199  55.009277 -161.410612    32.191    23486.1   -10242.4    13151.9     15.4     17.0     21.9 2021  3 26 18 15 44.540  1.40   1
     2204  55.334115 -163.029460    37.414   -79643.7    25920.0    18374.9     35.7     48.8     63.9 2021  3 26 22 11 49.720  1.81   1
     2205  54.588546 -161.473682    12.406    19557.2   -57080.2    -6632.4     19.0     12.0     12.6 2021  3 27  2 37 52.060  1.34   1
     2206  55.060197 -161.935563     7.861   -10054.8    -4573.8   -11177.5     15.9     15.9     26.3 2021  3 27  2 38 25.410  1.07   1
     2208  55.464974 -161.863753    27.320    -5441.1    40487.9     8280.7     31.0     30.2     18.1 2021  3 27  3 18 55.000  0.57   1
     2210  54.562838 -161.329688    30.584    28816.4   -59942.1    11544.7     16.5     10.9     28.2 2021  3 27  6  0 41.100  1.55   1
     2211  55.318193 -161.715739     5.902     3971.5    24147.5   -13137.0      6.2      6.3      5.9 2021  3 27  8 25 39.590  1.40   1
     2216  55.275179 -161.056055    43.168    45991.5    19359.1    24129.0     14.2     41.6     20.5 2021  3 27 14  2  7.920  1.88   1
     2217  55.221248 -161.765804     9.116      785.3    13355.2    -9922.8      9.8      7.5     16.0 2021  3 27 14  2 48.190  1.28   1
      222  55.072359 -161.633236    13.279     9251.9    -3219.8    -5759.6     18.5     11.1     16.0 2021  1  7 22 11 19.780  1.05   1
     2226  55.371106 -161.721729    17.246     3587.8    30038.1    -1792.6     25.1     23.0     19.2 2021  3 28  3 51 46.130  0.26   1
     2227  54.558207 -161.248421    13.258    34040.5   -60457.6    -5780.6     16.3     12.6     12.3 2021  3 28  4 40 17.120  1.62   1
      223  54.603621 -161.262744    28.189    33101.5   -55401.9     9150.0      9.7      9.6     32.4 2021  1  7 23 38 36.720  2.69   1
     2230  55.318103 -161.619922    20.026    10071.2    24137.6      987.5     23.2     34.9     21.3 2021  3 28  6 37 38.220  0.36   1
     2231  54.928451 -162.225814     2.678   -28638.5   -19240.4   -16360.9     13.0     10.2     13.2 2021  3 28  7 52 29.070  2.21   1
     2233  55.212878 -161.971647    15.562   -12335.8    12423.5    -3477.0     52.3     30.5     41.3 2021  3 28  8 39  0.200  0.49   1
     2238  54.495219 -161.528646     8.987    16044.8   -67469.8   -10051.5     39.6     27.8     31.6 2021  3 28  9 59 10.720  2.54   1
      224  54.980554 -161.295052    35.657    30882.0   -13440.0    16617.8     12.0     14.4     33.9 2021  1  8  0 22 44.610  2.08   1
     2240  55.320382 -161.894271    17.926    -7393.6    24391.2    -1112.8     32.1     34.5     19.8 2021  3 28 11  5 13.640  1.17   1
     2243  54.890238 -161.228857    33.367    35153.1   -23494.3    14328.2     15.7     21.2     33.6 2021  3 28 14  0 32.920  1.85   1
     2244  54.913407 -162.193766     2.085   -26593.4   -20915.1   -16953.9      8.6     11.4     13.9 2021  3 28 15 23 35.070  1.16   1
     2245  54.864563 -162.208887     0.783   -27577.5   -26352.6   -18256.3     22.3      8.7      8.6 2021  3 28 15 23 47.910  1.68   1
     2258  55.333907 -161.666325     7.336     7115.8    25896.9   -11702.8     10.8     13.4     21.5 2021  3 30  2 26 59.060  1.62   1
     2259  54.605212 -161.194759    11.626    37467.3   -55224.8    -7412.9     20.8     20.8     19.2 2021  3 30  3 18 50.880  1.53   1
     2260  54.519023 -161.140560    36.890    40991.8   -64819.8    17851.0     38.2     36.2     74.6 2021  3 30  3 36 20.850  1.73   1
     2269  54.503398 -162.549788    15.373   -49623.1   -66559.3    -3665.4     41.9     23.1     39.0 2021  3 30 15  6 53.160  1.87   1
      227  55.142920 -161.618164    28.182    10205.4     4635.4     9142.7     31.1     33.7     39.1 2021  1  8  0 53 59.840  1.89   1
     2276  55.322392 -161.411019    33.934    23368.6    24615.0    14895.3     24.9     29.8     28.1 2021  3 31  1 17 22.640  2.47   1
      228  54.828528 -160.830241    31.805    60710.9   -30364.2    12765.7     15.2     16.8     40.0 2021  1  8  0 53 55.350  2.16   1
     2282  54.999186 -161.675342    24.135     6569.2   -11365.8     5096.4     27.6     19.1     15.7 2021  4  1 16 25 50.050  1.16   1
     2286  55.153153 -160.901432    71.405    55925.1     5774.6    52366.3     24.8     36.5     26.8 2021  4  2  0 36  6.520  2.25   1
     2295  54.660775 -162.600553    12.351   -52785.1   -49039.3    -6688.3     19.9     17.5     25.0 2021  4  2 11 51 29.560  1.22   1
     2308  55.199475 -161.508822     2.472    17169.2    10931.3   -16566.7     15.1     14.0     14.8 2021  4  3  3 40  1.040  0.79   1
     2312  54.782841 -161.200293    30.688    37030.5   -35450.3    11649.3     14.2     15.3     35.5 2021  4  3  5 56 27.620  2.25   1
     2318  55.383317 -161.762093     8.912     1019.8    31397.5   -10127.3     19.6     23.7     15.6 2021  4  3  9 15 36.720  0.09   1
     2322  54.894722 -161.928239     1.421    -9606.7   -22995.1   -17617.0     24.6     25.2     27.6 2021  4  3 12 42 23.080  0.95   1
     2323  54.564917 -161.608187    11.593    10919.9   -59710.6    -7445.5     23.2     17.6     19.5 2021  4  3 12 42 24.150  1.14   1
     2325  54.637899 -160.926123     9.999    54698.6   -51586.0    -9040.0     21.8     20.3     19.6 2021  4  3 14 58 12.570  1.52   1
     2328  54.957340 -162.265137     6.220   -31142.8   -16024.2   -12818.8     11.7     10.1     11.8 2021  4  3 16 54 37.750  1.36   1
     2331  55.049902 -161.317106    26.392    29446.7    -5719.8     7353.2     20.0     19.7     56.1 2021  4  3 18  4 24.800  1.57   1
     2334  54.495422 -162.940234    11.715   -74738.7   -67447.1    -7323.7     22.7     15.5     25.1 2021  4  3 19  1 14.080  1.40   1
     2335  55.351949 -161.983317    22.805   -13056.9    27905.5     3765.9     33.2     27.8     34.2 2021  4  4  2  0 31.060  0.85   1
     2341  54.958358 -162.167952     2.413   -24927.8   -15911.0   -16626.2      8.2     13.7     15.5 2021  4  4  7 15 59.730  0.78   1
     2343  55.312085 -161.694661     4.166     5313.7    23467.6   -14872.6     21.8     16.9     50.2 2021  4  4  7 41 17.630  0.62   1
     2348  54.713668 -161.140544    30.662    40894.5   -43151.0    11622.8     26.2     26.3     64.3 2021  4  4  9  4 30.340  2.62   1
      235  55.385933 -161.729753     4.499     3076.8    31688.8   -14540.0     12.9     18.2     23.2 2021  1  8  5 44 29.680  1.47   1
     2351  55.560181 -162.429980    23.027   -41371.2    51086.8     3988.6     35.1     29.9     41.2 2021  4  4 12 39 47.310  1.54   1
     2353  55.103975 -162.292139     5.568   -32809.5      299.9   -13471.2     27.9     23.7     23.0 2021  4  4 12 47 10.570  1.51   1
     2355  55.364067 -161.286328    37.837    31289.7    29254.4    18798.5     20.8     71.8     27.7 2021  4  4 14 44 30.330  1.21   1
     2359  54.979301 -162.349658     6.404   -36537.6   -13579.5   -12635.0     16.1     14.3     18.0 2021  4  4 16 51  4.390  0.61   1
     2361  55.377376 -162.463525    20.630   -43600.1    30736.1     1590.8     42.0     48.1     61.5 2021  4  4 17 43 37.320  1.53   1
     2365  55.132186 -161.732178     6.439     2931.8     3440.4   -12599.9     10.8      9.4     12.0 2021  4  4 19 45 27.260  0.46   1
     2366  55.306075 -161.717676     4.544     3848.8    22798.6   -14494.8     15.2     11.8      8.6 2021  4  4 21 17 28.340  0.24   1
     2369  54.562467 -161.031120     8.411    48002.5   -59983.3   -10628.4     23.8     25.0     28.9 2021  4  4 22 23 56.000  1.85   1
     2376  55.166809 -161.796875    29.875    -1195.9     7294.8    10835.7     53.6     28.6     33.8 2021  4  5  6 59 33.530  1.24   1
     2378  54.993481 -162.286149     0.641   -32471.8   -12000.8   -18397.8     13.5     11.2     11.3 2021  4  5 20 54 26.720  1.65   1
     2381  55.228263 -162.227279    15.853   -28625.1    14136.2    -3185.6     22.5     22.9     17.3 2021  4  5 21 22  5.160  0.53   1
     2383  55.142244 -161.905111     4.229    -8101.6     4560.2   -14810.0     18.5     11.1     19.8 2021  4  5 21 45 57.120  0.70   1
     2384  55.327425 -161.823405    14.757    -2882.2    25175.3    -4281.8     15.0     18.8     14.0 2021  4  5 21 46 13.400 -0.10   1
     2387  55.533175 -161.440527    13.768    21433.5    48080.3    -5270.5     37.8     49.8     23.1 2021  4  5 23  6 12.900  0.79   1
     2389  54.988310 -161.692074    17.408     5500.6   -12576.6    -1630.9     14.9     16.9     25.6 2021  4  5 23 15 39.920  1.11   1
      239  55.144377 -161.618245    25.491    10200.0     4797.5     6451.9     14.7     25.0     20.0 2021  1  8 10 31 29.280  1.82   1
     2393  54.495605 -161.808870    10.499    -1977.3   -67426.7    -8540.1     15.6      8.7      8.3 2021  4  6  2 29 11.560  1.67   1
     2396  55.570015 -161.596859     4.304    11503.0    52181.6   -14735.0     48.8     45.0     55.6 2021  4  6  5 51 59.670  1.17   1
     2404  55.327429 -161.848063    27.050    -4451.7    25175.8     8010.8     27.1     39.3     32.1 2021  4  6 12  0 16.940  0.42   1
     2406  55.120508 -161.903743    12.094    -8016.6     2140.3    -6945.1     17.6     13.5     14.8 2021  4  6 12 22 51.320  1.42   1
     2408  55.136951 -161.784863    15.177     -429.9     3970.8    -3861.8      5.6     11.6     13.2 2021  4  6 13  5 21.680  1.63   1
     2413  55.311605 -161.410563    15.528    23400.8    23414.2    -3511.2     31.2     42.1     51.7 2021  4  6 16  8 30.830  1.16   1
     2414  55.208809 -161.806120     6.940    -1784.6    11970.5   -12098.7     20.2     17.7     27.0 2021  4  6 16  8 56.720  1.09   1
     2415  55.315637 -162.447852    23.632   -42635.9    23863.1     4592.8     39.6     43.4     49.9 2021  4  6 17  3 39.680  1.64   1
     2417  55.264001 -162.245964    26.501   -29802.6    18114.7     7462.0     79.5    122.5    163.4 2021  4  6 17 23 56.500  0.40   1
     2419  55.234058 -162.120182    21.888   -21798.2    14781.2     2848.8     26.7     21.2     21.0 2021  4  6 17 54 39.500  0.90   1
     2430  55.240588 -161.426562    21.024    22402.1    15508.3     1984.8     14.9     19.6     19.3 2021  4  7  0 23  8.470  1.63   1
     2434  55.275374 -161.837467    19.690    -3779.7    19380.8      651.0     27.4     14.7     13.7 2021  4  7  3  3  1.320  0.42   1
     2437  55.013147 -162.338688    10.893   -35821.3    -9811.6    -8145.7     22.4     18.8     20.3 2021  4  7  5 21 24.330  1.39   1
     2439  54.907092 -160.736702    13.360    66637.0   -21618.1    -5678.8     40.1     60.5     49.7 2021  4  7  6 10 40.980  1.21   1
     2449  54.586340 -161.308659    11.668    30159.0   -57325.7    -7371.3     15.4     14.2     13.8 2021  4  7 14 31 21.220  1.16   1
     2452  55.020072 -162.308968     4.410   -33919.2    -9040.6   -14628.7     20.6     14.3     16.0 2021  4  7 19 33  8.000  1.52   1
     2455  55.118164 -161.940479     4.240   -10361.2     1879.4   -14798.4     13.8     16.0     18.7 2021  4  7 21 34 12.160  1.49   1
     2457  55.110425 -161.648503    12.303     8273.1     1017.8    -6735.8     23.8     18.6     28.0 2021  4  7 23 59 13.480  0.87   1
     2459  55.378833 -162.643636     0.705   -55056.4    30898.3   -18333.5     40.9     57.2     36.0 2021  4  8  0  8  6.870  1.70   1
     2461  54.733569 -160.953271    33.679    52893.1   -40935.5    14640.2     15.2     16.3     35.2 2021  4  8  6 13 37.220  2.84   1
     2464  55.167570 -161.922738     5.420    -9223.3     7379.5   -13619.0     18.1     17.9     10.8 2021  4  8  6 34 29.010  0.88   1
     2468  55.254753 -161.342155     2.677    27775.7    17085.1   -16361.6     18.1     22.5     21.2 2021  4  8  8 22 48.820  1.18   1
      247  55.196029 -161.525374     2.792    16114.6    10547.7   -16246.9     15.8     17.2     17.6 2021  1  8 13 37 34.090  0.87   1
     2470  55.344938 -161.683350     7.355     6031.4    27125.0   -11684.0     23.6     38.8     28.7 2021  4  8  8 26 22.030  0.22   1
      248  55.173047 -161.903434     6.327    -7991.6     7989.2   -12711.6     15.6      7.4     18.2 2021  1  8 13 48  1.810  1.55   1
     2484  54.587337 -161.396973    10.903    24485.3   -57214.7    -8135.4     15.1      9.9      8.4 2021  4  9  7  9  5.640  2.24   1
     2491  54.449076 -161.743783    13.890     2209.9   -72606.6    -5148.7     33.0     12.4     19.0 2021  4  9 10 54 41.650  1.24   1
     2493  54.427767 -161.471680     8.716    19724.8   -74978.8   -10322.6     19.2     16.8     18.4 2021  4  9 12 25 25.340  2.34   1
     2500  54.558984 -162.620817    15.776   -54153.6   -60371.1    -3262.8     12.7     10.8     30.8 2021  4  9 17 31 25.320  1.43   1
     2505  54.930029 -163.025586    11.883   -79798.0   -19064.6    -7156.0     24.9     39.1     50.6 2021  4  9 21 15  7.200  1.73   1
     2511  54.853625 -161.964144     3.356   -11910.6   -27570.3   -15683.3     16.1     12.7     19.7 2021  4 10  5  2 32.120  1.59   1
     2512  54.442932 -162.146061    56.270   -23678.4   -73290.6    37231.5     43.5     14.4     16.6 2021  4 10  7  1 58.970  1.90   1
     2516  55.125830 -162.333968    40.526   -35469.9     2732.8    21487.4     22.6     32.2     18.0 2021  4 10  9 41 55.700  2.49   1
     2517  54.591992 -161.293359    13.723    31139.6   -56696.5    -5315.8     12.8     13.4     12.5 2021  4 10 12 37 54.850  1.88   1
      252  55.412231 -160.643132    17.141    72168.3    34616.4    -1897.6     10.6     20.1     11.7 2021  1  8 17  2 42.800  1.77   1
     2527  55.221745 -161.756380    17.150     1385.9    13410.5    -1888.4     26.5     15.8     20.5 2021  4 10 21 17  4.660  0.46   1
     2531  55.005428 -162.444076     9.093   -42559.8   -10670.9    -9945.6     20.5     23.0     31.5 2021  4 11  5  0 43.940  1.67   1
     2532  54.913151 -162.643571    10.991   -55372.7   -20943.6    -8048.3     17.5     22.3     30.4 2021  4 11  5  0 55.400  1.79   1
     2541  54.598393 -161.270622    13.864    32597.6   -55984.0    -5174.4     10.9     10.3      8.4 2021  4 12  0 21 39.050  1.98   1
     2546  55.140430 -161.745980     8.650     2050.9     4358.1   -10388.6     17.1     21.4     51.5 2021  4 12  6 31 26.780  1.62   1
     2550  54.543079 -162.397933    52.425   -39838.3   -62141.8    33386.0     26.6     13.8     19.8 2021  4 12 14  8 29.100  2.10   1
     2551  54.615348 -161.514518    44.614    16928.3   -54096.4    25574.7     11.3      9.6     13.4 2021  4 12 15 41  5.600  1.45   1
     2552  55.092737 -160.379264    10.421    89301.9     -951.3    -8617.5     13.6     29.6     13.4 2021  4 12 15 47 39.630  1.46   1
     2554  54.958126 -162.244499     2.745   -29822.7   -15936.8   -16294.3      9.5      8.9     11.0 2021  4 12 17 26 46.580  1.18   1
     2557  55.369080 -161.720589    20.712     3660.4    29812.5     1673.5     19.9     42.5     12.3 2021  4 12 18 43 41.260 -0.03   1
     2565  55.304565 -162.024691    32.559   -15699.0    22630.5    13519.6     69.3     67.1     50.5 2021  4 13  5 39 55.260  0.56   1
     2566  54.912903 -161.595036    75.356    11714.4   -20971.2    56316.8     26.9     35.9     20.2 2021  4 13  6 28 53.840  1.39   1
      257  55.364274 -161.848079    16.878    -4450.7    29277.5    -2160.7     15.3     11.4     14.4 2021  1  8 18 58  2.720 -0.28   1
     2571  55.346724 -161.940869     5.799   -10356.5    27323.8   -13239.6     16.0     13.5     15.7 2021  4 13  7 38 27.280  0.23   1
     2574  55.358537 -161.774186     3.996      250.6    28638.8   -15043.3     15.2     12.7     13.7 2021  4 13  9 23 14.250  1.18   1
     2582  55.512109 -161.819027    31.066    -2597.5    45735.3    12027.1     21.3     25.5     16.9 2021  4 13 14 40 53.780  0.64   1
     2585  54.600736 -161.259001    13.473    33343.1   -55723.1    -5565.8      9.4      9.4      8.7 2021  4 13 19  5 24.400  1.49   1
     2586  55.656974 -161.739795    12.494     2429.7    61862.3    -6544.8     65.5     49.1     76.6 2021  4 13 19 12 57.720  0.67   1
     2589  55.339331 -161.870068    17.517    -5851.5    26500.8    -1522.1     23.2     18.1     12.0 2021  4 13 22 48  5.400  0.10   1
     2594  55.185612 -161.746908    18.336     1990.6     9388.0     -703.4     43.8     41.1     68.5 2021  4 14  4  2 17.690  0.46   1
      260  55.334871 -161.818636    13.820    -2578.4    26004.3    -5219.2     34.6     30.2     13.1 2021  1  8 21 38 15.600  0.19   1
     2600  55.297363 -161.055664    30.206    46003.6    21828.7    11167.0     24.2     27.5     57.0 2021  4 14  6 13 39.350  1.43   1
     2601  55.382214 -161.772070    35.397      385.1    31274.7    16358.0     46.6     45.7     10.2 2021  4 14  6 14  3.960  2.00   1
      261  54.998112 -161.607747    19.743    10889.6   -11485.3      703.9     14.8     16.7     19.2 2021  1  8 22 26 41.180  1.20   1
     2610  54.566138 -162.436507    36.843   -42305.6   -59574.8    17804.3     43.5     15.8     35.3 2021  4 14 11 29 11.100  1.41   1
     2624  55.127861 -161.905192    22.568    -8108.3     2958.9     3529.4     26.4     23.2     27.9 2021  4 14 18 31  3.280  0.30   1
     2628  55.103902 -161.818864    22.621    -2600.4      291.7     3581.8     32.7     21.0     27.6 2021  4 14 21 41 54.520  0.48   1
     2630  54.941964 -162.275537     4.876   -31813.9   -17736.0   -14163.1     15.1     13.6     14.3 2021  4 15  1 35  0.950  0.90   1
     2633  55.233036 -161.248275    23.430    33766.0    14667.5     4391.4     11.5     16.9    162.8 2021  4 15  9 18 20.680  1.52   1
     2636  55.263448 -161.540723    28.519    15123.3    18053.1     9480.2     21.0     24.8     24.5 2021  4 15 20 46 43.880  0.46   1
     2643  54.469963 -161.702962    11.743     4835.5   -70281.4    -7296.2     16.7     12.5     15.2 2021  4 16  2 36 18.520  1.70   1
     2656  54.837195 -161.239242    32.142    34511.2   -29399.4    13103.5      9.0     17.0     18.6 2021  4 16 18 38 25.040  1.78   1
     2659  55.232609 -162.089046    18.728   -19814.3    14620.0     -311.1     16.5     12.5     18.3 2021  4 16 19 46  4.080  0.63   1
     2665  54.885718 -160.892952    46.688    56654.1   -23997.6    27649.1     18.1     21.3     27.3 2021  4 17  1 13 18.740  1.82   1
     2677  55.361186 -161.629411    14.891     9462.0    28933.7    -4148.2     14.5     65.7     16.5 2021  4 17  6 49 56.330  0.13   1
     2679  54.912244 -161.470003    22.820    19714.4   -21044.6     3781.3     13.4     15.2     20.3 2021  4 17  7 53 43.830  1.87   1
      268  55.107906 -161.892660    13.751    -7310.4      737.5    -5287.8     20.1     14.8     12.6 2021  1  9  2 39 24.400  1.28   1
     2687  55.187040 -162.079329    10.432   -19206.0     9547.0    -8607.3      8.0     16.9     21.4 2021  4 17  8 43 26.010  1.55   1
     2688  55.332263 -162.007878    15.269   -14623.4    25713.9    -3770.1     28.4     25.6     26.1 2021  4 17  9 10 45.410  0.10   1
     2694  54.927502 -161.503369    22.827    17576.2   -19345.9     3788.4     12.2     12.4     12.4 2021  4 17  9 38  4.120  1.46   1
     2698  54.942244 -161.512826    23.463    16968.2   -17704.8     4424.5     10.0     14.3     11.8 2021  4 17  9 51 22.770  1.79   1
       27  54.979028 -162.930990     1.582   -73701.9   -13609.8   -17456.5     12.3     26.8     10.1 2021  1  2  0 27 55.440  2.41   1
     2701  55.348279 -161.831982     9.649    -3427.3    27496.9    -9389.4     30.6     25.0     18.2 2021  4 17  9 56 18.700  0.49   1
     2702  54.825850 -161.251335    31.098    33741.5   -30662.3    12059.3     20.1     23.9     19.5 2021  4 17 11 36 47.040  2.62   1
     2703  55.212032 -162.109668     9.733   -21133.9    12329.2    -9305.7     22.1      9.1     29.0 2021  4 17 11 37 15.470  2.45   1
     2708  54.471265 -163.120654     4.323   -86367.7   -70136.5   -14716.0     10.6      9.5     13.3 2021  4 17 16 11 43.130  1.25   1
     2712  54.846826 -161.403060    22.593    24017.1   -28327.2     3554.0     29.0     24.6     16.2 2021  4 17 17 39 28.560  0.95   1
     2713  55.168302 -161.954183     4.022   -11228.8     7461.1   -15016.9     15.7     14.8     13.6 2021  4 17 17 39 54.120  0.21   1
     2716  54.831368 -161.439176    28.563    21708.5   -30048.1     9523.7     24.1     24.3     28.3 2021  4 17 18 50 41.920  0.99   1
     2717  55.163652 -161.962337     4.568   -11749.5     6943.3   -14471.2     12.6     17.8     26.5 2021  4 17 18 51  7.560  0.49   1
     2720  55.623490 -161.966536    19.733   -11948.4    58134.7      694.4     60.8     21.2     28.5 2021  4 17 22 13 42.680  0.09   1
     2721  54.599316 -161.287223    14.019    31530.9   -55881.1    -5020.0     11.7     12.9     11.3 2021  4 17 23  4  5.220  1.21   1
     2722  55.506104 -161.448958    16.810    20905.4    45066.7    -2228.8     36.7     51.4     59.6 2021  4 17 23  7 17.760  0.68   1
     2725  55.131514 -161.693929     4.734     5372.4     3365.7   -14304.6     44.7     20.2     30.6 2021  4 18  1  8 14.120  1.27   1
     2729  55.290979 -162.071468    31.456   -18680.5    21118.0    12416.9     66.0     66.8     54.6 2021  4 18  2 19 58.740 -0.05   1
      273  55.066223 -162.360205     5.496   -37171.7    -3902.9   -13543.0     25.6     26.1     32.0 2021  1  9  5 23 33.320  1.49   1
     2732  54.831335 -161.787093     0.716     -574.4   -30051.7   -18323.1     18.7      9.9      8.6 2021  4 18  4 29 48.710  0.54   1
     2734  55.486112 -161.841292    26.933    -4012.8    42841.2     7894.3     24.6     27.9     19.7 2021  4 18  7 30  6.020  0.36   1
     2735  55.475557 -161.820329    28.647    -2681.4    41666.1     9607.7     11.9     15.9      9.5 2021  4 18  7 34 34.780  0.49   1
     2741  54.568229 -161.302148    13.104    30584.0   -59341.9    -5935.1     10.9      9.5      9.6 2021  4 18  9 38  6.980  2.18   1
     2744  55.020479 -161.472640    32.488    19519.4    -8995.3    13448.7     16.8     20.3     12.3 2021  4 18 10 21 16.440  1.61   1
     2746  54.840511 -161.385482    20.262    25144.6   -29030.2     1223.4     26.4     25.7     43.4 2021  4 18 11 38 33.000  0.77   1
     2747  55.099801 -161.803044     3.625    -1590.6     -164.9   -15414.0     18.2     18.5     29.4 2021  4 18 11 38 58.560  0.19   1
     2748  54.575256 -162.317839    63.915   -34676.5   -58559.6    44875.8     19.4     11.8     14.1 2021  4 18 12  5 33.330  2.27   1
      275  55.396061 -161.854395    11.535    -4850.6    32816.2    -7503.7     17.4     17.4     15.3 2021  1  9  6 59 27.150  0.52   1
     2756  55.294409 -161.724137     9.017     3437.9    21499.9   -10022.1     24.0     21.9     19.5 2021  4 18 14 42  9.890  0.53   1
     2757  55.253312 -162.047168    16.348   -17141.1    16924.7    -2691.4     20.1     19.6     22.6 2021  4 18 14 42 27.120  0.03   1
     2758  55.423303 -161.752327     5.749     1640.1    35848.9   -13289.4     22.0     20.6     12.3 2021  4 18 15  3 57.790 -0.51   1
     2760  54.850586 -161.482650    23.837    18919.7   -27908.6     4798.1     32.3     28.2     28.6 2021  4 18 15 39 10.190  0.76   1
     2764  54.617399 -161.674333    13.599     6665.2   -53868.1    -5439.4     28.3     22.6     27.9 2021  4 18 15 54 32.050  1.30   1
     2766  55.308854 -162.313021    36.484   -34055.3    23107.9    17445.0     22.2     47.3     19.9 2021  4 18 15 59 52.010  0.83   1
     2768  55.239115 -161.610938    13.860    10653.6    15344.3    -5178.9      9.2     12.4     10.9 2021  4 18 17 44 21.100  1.06   1
     2769  55.309159 -161.413656     2.473    23204.6    23141.9   -16566.3     10.3     26.5     11.6 2021  4 18 17 44 44.400  1.86   1
     2770  55.305160 -161.258447    16.627    33087.9    22696.6    -2411.6     14.5     29.5     46.9 2021  4 18 19  6  6.680  1.08   1
     2771  55.367961 -161.484342    21.080    18690.5    29687.9     2040.9     26.9     30.7     31.8 2021  4 18 19  6 33.260  1.36   1
     2787  55.501961 -162.213542    24.074   -27654.7    44605.5     5035.1     97.3     94.0     95.3 2021  4 19 12  1 29.850  1.41   1
     2788  54.946851 -162.258073     3.404   -30695.0   -17192.0   -15634.7     12.6      6.7     12.6 2021  4 19 12  6  6.530  1.42   1
     2796  54.877930 -161.420426    30.068    22896.2   -24864.6    11028.6     18.0     16.2     36.7 2021  4 19 18 32 55.280  2.47   1
     2798  55.035323 -161.752881    32.200     1612.7    -7342.8    13161.1     51.2     30.8     39.6 2021  4 19 19 54  8.060  0.85   1
     2799  54.419100 -163.039925    19.033   -81226.4   -75943.7       -6.3     57.9     45.9     47.1 2021  4 19 21 14  9.060  2.30   1
       28  54.435909 -161.345378    11.239    27851.7   -74072.4    -7800.1     64.9     54.9     50.9 2021  1  2  0 27 48.240  2.24   1
     2800  55.005965 -162.161751     3.016   -24516.8   -10611.1   -16023.3     30.7     24.7     27.3 2021  4 19 21 14 32.520  1.94   1
     2803  54.692912 -161.461230    11.528    20330.8   -45461.7    -7510.7     17.3     18.6     21.8 2021  4 20  1 28 25.890  1.69   1
     2805  54.923356 -161.031250    55.881    47780.3   -19807.5    36841.9     12.0     15.0     15.4 2021  4 20  1 51 26.920  2.47   1
     2806  55.276721 -161.650342     4.406     8138.9    19530.7   -14633.3     15.8     16.1     19.2 2021  4 20  6 49  1.970  0.19   1
      281  54.995284 -162.810579     3.373   -65990.9   -11800.2   -15666.1     12.6     23.5     26.3 2021  1  9  7 49 11.060  1.53   1
     2810  55.331828 -161.654541     5.902     7866.0    25665.5   -13136.9      6.5     12.8     10.5 2021  4 20 11  9 42.210  0.27   1
     2814  55.368119 -161.033854    34.152    47350.4    29705.6    15112.7     39.4     41.5     73.7 2021  4 20 19 58 23.520  2.55   1
     2821  54.466561 -161.730029     9.684     3094.3   -70660.1    -9355.3     11.1      8.6      9.2 2021  4 21 20 54 59.800  2.00   1
     2822  54.568510 -162.392057    20.496   -39448.3   -59310.7     1456.7     45.1     22.2     28.8 2021  4 21 22 14 14.160  1.69   1
     2826  55.312732 -161.762939     7.953      966.8    23539.6   -11086.0     20.0     11.1     19.2 2021  4 22 22 41 37.880  1.05   1
     2829  54.944845 -162.279899     5.413   -32091.7   -17415.3   -13626.3     14.6      8.6     15.2 2021  4 22 23 25 31.320  1.60   1
     2835  54.485299 -161.604362     7.816    11176.6   -68574.1   -11223.0     35.3     24.6     28.5 2021  4 23  2  3 39.890  1.50   1
     2841  54.980245 -162.291569     2.718   -32823.7   -13474.4   -16321.0     18.3     13.0     16.7 2021  4 23  7 50 18.880  1.59   1
     2844  54.933232 -162.227148     2.687   -28722.1   -18708.1   -16352.2      9.5     10.0     12.6 2021  4 23 11 41 11.670  1.04   1
     2845  54.580371 -161.262712    13.596    33113.1   -57990.2    -5442.5     14.1      9.4      8.5 2021  4 23 12 16 49.890  1.70   1
     2849  54.946545 -161.825065    15.476    -3002.1   -17226.0    -3562.4     36.5     29.2     56.3 2021  4 23 16 20 14.920  0.71   1
     2859  54.453219 -162.120915    55.271   -22057.3   -72145.4    36231.6     40.0     14.7     17.2 2021  4 24  0  7 27.070  1.88   1
     2868  54.581881 -162.668408    16.132   -57195.8   -57822.2    -2906.9     19.3     13.8     45.3 2021  4 25  0  1 39.480  2.02   1
     2870  54.705298 -161.481755    54.727    19011.2   -44082.8    35687.9     22.2     21.3     22.1 2021  4 25  1 44 56.490  2.18   1
     2876  55.315047 -161.722819     9.810     3520.9    23797.4    -9228.5     17.1     27.3     28.5 2021  4 25 11 37 11.460  0.45   1
     2878  54.445740 -162.173551    11.184   -25446.6   -72978.0    -7854.8     56.7     18.5     25.7 2021  4 25 16 49  8.660  1.86   1
     2879  55.375444 -162.002979    49.222   -14303.8    30521.0    30183.3     42.5     35.8     21.5 2021  4 25 18 17 42.720  1.49   1
     2881  55.380334 -161.840365    16.028    -3959.1    31065.5    -3011.2     14.9     10.8     15.8 2021  4 25 21  1 23.480 -0.14   1
     2882  55.483858 -161.685482    27.380     5885.4    42590.2     8341.2     31.8     33.1     30.8 2021  4 25 21  3 29.240  1.13   1
     2884  54.943087 -161.914144    33.678    -8699.5   -17611.0    14638.8     53.1     50.2     69.8 2021  4 25 22 39 21.540  2.01   1
     2886  54.588871 -161.188721    12.174    37862.7   -57043.9    -6864.8     20.5     17.8     12.0 2021  4 26  8 18  4.140  1.60   1
     2889  54.978052 -161.510563    32.838    17105.3   -13718.5    13799.1     26.3     22.4     19.6 2021  4 26 13  9 48.920  1.45   1
     2898  55.351591 -161.815430     6.951    -2373.8    27865.6   -12087.7     18.5     20.6     12.8 2021  4 26 18 16 45.720  1.18   1
      290  54.628695 -161.417399     8.788    23161.3   -52610.6   -10251.2     11.2     11.6     15.8 2021  1  9  9  8 15.120  1.95   1
     2902  55.462797 -161.443717    14.971    21249.8    40245.6    -4067.9     28.3     43.6     45.1 2021  4 27  2 33  7.710  1.55   1
     2904  55.158708 -161.573600     2.597    13045.9     6392.9   -16442.3     17.6     12.2     13.2 2021  4 27  4 51 55.710  2.75   1
     2913  55.353581 -161.920996     9.791    -9091.1    28087.1    -9248.1     32.7     19.6     26.0 2021  4 27 13 14 41.590 -0.12   1
     2917  55.377397 -161.923893    10.324    -9272.7    30738.4    -8714.6     48.4     30.9     34.8 2021  4 27 17 28 10.480  1.79   1
     2919  55.137968 -161.889583     9.062    -7111.4     4084.1    -9977.2     27.7     17.7     21.3 2021  4 27 19 30  8.380  1.12   1
     2925  55.105705 -161.971370     2.680   -12334.6      492.4   -16359.1     13.4      9.7     12.9 2021  4 27 23 34 13.340 -0.16   1
     2930  54.842155 -160.982487    46.841    50951.1   -28847.2    27802.4     16.7     19.3     24.9 2021  4 28  4 31 26.400  2.81   1
     2934  54.637789 -162.934635    65.903   -74248.2   -51598.2    46864.2     21.2     20.7     21.0 2021  4 28 10 22 59.470  1.63   1
     2938  55.132430 -162.577523    24.508   -51007.6     3467.6     5469.6     26.2     27.8     23.4 2021  4 29  0 13 20.440  1.43   1
     2939  55.154663 -161.870589    14.248    -5898.3     5942.7    -4790.8     42.8     37.0     30.0 2021  4 29  1 20 18.050  0.17   1
      294  54.571887 -161.648031    41.316     8358.9   -58934.7    22276.9     27.5     17.2     31.3 2021  1  9 10 26 48.490  1.54   1
     2940  55.220508 -162.135238    11.888   -22761.4    13272.8    -7150.8     15.2     13.9     16.8 2021  4 29  1 20 37.810  0.42   1
     2941  55.216866 -160.865479    76.459    58172.4    12867.4    57420.0     27.8     51.8     27.8 2021  4 29  3 54 27.220  1.36   1
     2956  55.427397 -161.827816    13.806    -3159.0    36304.6    -5232.6     28.9     34.3     15.9 2021  4 29 15 32 37.280 -0.03   1
     2957  54.778719 -162.764062    30.244   -63187.2   -35909.2    11204.9     27.7     25.9     45.9 2021  4 29 16 48  0.860  1.42   1
     2960  55.231881 -161.786947     5.629     -562.2    14538.9   -13410.0     11.2     14.8     19.9 2021  4 29 17 56  1.200  0.36   1
     2970  55.432837 -161.696257     0.875     5204.2    36910.3   -18163.6     27.0     28.2     25.9 2021  4 30  8 27 27.920 -0.46   1
     2978  55.184619 -161.938265    29.179   -10211.5     9277.5    10139.8     26.8     22.2     23.9 2021  4 30 14 16 28.880  0.33   1
     2980  55.353056 -161.271810    38.798    32217.8    28028.7    19759.5     34.3     48.7     49.0 2021  4 30 14 18 16.780  1.95   1
     2984  54.661605 -163.100895    36.627   -84897.1   -48946.9    17587.8     82.8     95.9    133.4 2021  4 30 15 17 24.990  1.43   1
     2987  55.159676 -162.221647     0.736   -28290.4     6500.7   -18302.5     11.4     16.1     10.2 2021  4 30 17 52 40.100  1.39   1
     2989  54.991736 -163.005160     7.489   -78431.2   -12195.2   -11549.5     32.1     54.8     38.0 2021  4 30 18 21 47.520  1.66   1
     2991  55.036711 -162.867627    16.779   -69601.3    -7188.4    -2259.5     14.2     21.4     32.6 2021  4 30 18 24 22.800  1.27   1
     2992  55.065255 -162.843115     8.389   -68011.2    -4010.7   -10650.4     10.0     36.6     30.4 2021  4 30 18 25 56.400  0.99   1
     2994  55.061047 -162.866943     3.241   -69536.5    -4479.1   -15797.7     14.3     24.8     22.2 2021  4 30 18 46 13.280  1.04   1
     2995  55.061662 -162.822559    16.142   -66701.4    -4410.7    -2897.0     14.4     18.2     32.6 2021  4 30 19 41 19.340  0.97   1
     2997  54.567753 -161.481738    10.240    19044.5   -59394.9    -8799.1     29.1     21.2     22.7 2021  4 30 19 47 23.480  2.30   1
     2999  54.581893 -161.351807    10.599    27388.6   -57820.8    -8440.4     18.4     14.5     14.8 2021  4 30 20 24 54.900  1.41   1
       30  55.413957 -161.002604    81.315    49310.3    34808.4    62276.4    142.9   1000.3    123.7 2021  1  2  2 46 14.660  2.23   1
     3001  54.881441 -161.794596     2.770    -1054.3   -24473.7   -16269.2     20.3     16.3     18.5 2021  4 30 23 15 36.040  1.28   1
     3004  54.542830 -161.840495    11.348    -4008.8   -62169.4    -7691.3     39.4     19.5     28.4 2021  5  1  0 22 15.070  1.77   1
      301  54.577132 -161.315462    30.741    29725.3   -58350.8    11702.0     21.5     10.8     29.6 2021  1  9 13 44 32.670  1.66   1
     3010  54.595003 -161.248193    13.057    34039.7   -56361.3    -5982.1     12.3      9.9     13.5 2021  5  1  4 34 58.080  1.28   1
     3016  54.405383 -161.555355    13.491    14342.9   -77470.7    -5547.6     21.1      9.3     16.0 2021  5  1  9 51 49.220  1.41   1
     3017  55.290401 -161.784603     6.580     -412.5    21053.7   -12459.4     25.0     19.1     29.6 2021  5  1  9 52 16.570 -0.50   1
     3020  55.104871 -161.948128    25.797   -10851.2      399.5     6758.6     34.2     35.2     18.5 2021  5  1 14 58 27.520  1.06   1
     3029  54.774817 -161.355713    10.822    27073.0   -36343.6    -8216.9     34.2     21.1     29.0 2021  5  3  0 16 57.450  2.52   1
     3030  54.819259 -163.138916    15.373   -87167.2   -31396.1    -3666.3     23.9     30.5     31.2 2021  5  3  0 29  5.010  3.29   1
     3031  55.084831 -161.676270     0.849     6503.0    -1831.4   -18189.4     22.8     19.1     18.6 2021  5  3  0 29 12.560  2.73   1
     3038  55.331539 -161.719385     4.769     3738.8    25633.3   -14270.0     10.3     10.4     11.7 2021  5  3  6 15 28.920  0.11   1
     3039  54.568734 -161.286214    13.587    31607.7   -59285.7    -5452.3     12.1      9.7      9.3 2021  5  3  7 32 15.350  2.33   1
     3042  54.805570 -163.068441    11.314   -82666.8   -32920.0    -7724.6     10.6     14.3     25.9 2021  5  3 10 47 58.940  1.54   1
     3043  54.563676 -161.285677    14.286    31644.2   -59848.8    -4752.8     15.9     11.0     17.6 2021  5  3 12  8  1.040  2.22   1
     3044  54.558748 -161.219889    11.145    35873.8   -60397.4    -7894.2     19.4     16.0     17.1 2021  5  3 14 10  9.320  1.27   1
     3048  54.985608 -160.723861    11.401    67393.0   -12877.4    -7638.1     41.2     57.8     49.3 2021  5  3 17 17 41.600  1.74   1
     3049  55.442757 -161.888428    29.878    -7010.9    38014.6    10839.0     22.7     18.9      5.9 2021  5  3 19  0 24.080  1.37   1
     3050  55.448010 -161.952214    45.280   -11064.4    38599.4    26240.8     42.1     55.6     11.2 2021  5  3 19  1 20.960  1.40   1
     3051  55.170292 -161.642904     2.333     8624.1     7682.6   -16705.9     20.7     17.7     22.1 2021  5  3 20 47 30.280  0.26   1
     3066  55.262284 -161.773226    12.756      312.1    17923.6    -6283.2     23.8     14.6     15.9 2021  5  5  2 30  8.400 -0.31   1
     3071  55.382137 -161.784749    11.109     -421.4    31266.1    -7930.2     14.0     12.4      8.9 2021  5  5  7 39 24.230  0.16   1
     3072  55.403642 -161.969124    18.147   -12146.0    33660.1     -892.4     24.6     30.3     19.8 2021  5  5  7 52 10.560  0.36   1
     3083  55.028027 -161.404199    29.432    23890.3    -8155.0    10393.1     17.2     20.1     34.6 2021  5  5 14 20  5.560  1.53   1
     3085  55.442997 -161.869222    24.935    -5790.1    38041.4     5896.4     36.8     27.8     14.4 2021  5  5 21 40 49.700  0.72   1
     3086  54.690682 -163.420557     8.945  -105375.5   -45709.9   -10093.6     16.5     17.3     25.7 2021  5  6  0 19 46.950  3.99   1
     3093  55.177340 -161.494857     4.243    18064.5     8467.1   -14795.9     13.0     12.7     16.8 2021  5  6 11 47  0.510  0.75   1
      310  55.121195 -161.553304     4.913    14347.3     2216.9   -14126.0     16.9     12.9     11.4 2021  1 10 12 29 35.240  1.16   1
     3104  55.136731 -162.097640    15.753   -20386.3     3946.4    -3285.9     30.4     28.5     31.6 2021  5  7 23 46  7.960  2.09   1
     3105  54.614990 -161.415039    12.308    23316.7   -54136.3    -6730.6      9.8      8.3     15.9 2021  5  8  0 30 58.160  1.79   1
     3106  55.137720 -161.933382    29.548    -9905.9     4056.4    10509.5     93.7     40.5     57.8 2021  5  8  1 54 59.140  0.44   1
      311  55.375395 -162.060807    23.738   -17982.6    30515.5     4699.0     50.9     37.5     35.0 2021  1 10 13 18 31.500  1.79   1
     3110  54.994153 -162.306006     2.045   -33740.8   -11926.1   -16994.2     11.8     11.8     13.4 2021  5  8  3 47 49.380  1.03   1
     3112  55.389392 -161.730680    10.930     3017.6    32073.8    -8109.3     13.4     16.5     12.9 2021  5  8  5 35 44.500  0.22   1
     3115  54.973629 -162.244987     6.333   -29848.2   -14210.9   -12705.9     14.4     15.3     12.9 2021  5  8 10 33  2.210  0.93   1
     3119  54.676538 -161.073779    37.597    45197.5   -47284.5    18558.3     33.2     25.7     52.8 2021  5  8 13 32 36.600  2.38   1
     3123  55.345638 -161.485286    19.028    18635.6    27202.9      -10.4     18.9     29.6     26.0 2021  5  8 16 35  3.420  0.54   1
     3128  54.598950 -161.344645    12.328    27842.8   -55921.9    -6711.0     19.7     12.3     19.2 2021  5  8 18 23  7.920  1.43   1
     3134  55.128642 -162.100260    16.372   -20555.6     3045.8    -2666.8     46.4     38.0     67.1 2021  5  8 20 15 15.520 -0.28   1
     3139  55.130033 -161.800016    13.250    -1396.9     3200.8    -5789.3     18.7     10.7     18.8 2021  5  9  0 58 55.390  0.82   1
     3149  54.807723 -163.128369    14.003   -86503.9   -32680.3    -5034.9     26.5     35.6     32.6 2021  5  9 12 17  3.300  2.34   1
     3154  55.326416 -161.895622     7.327    -7479.0    25063.0   -11711.8     17.5     16.5     13.1 2021  5  9 19 44 24.440  1.27   1
     3155  55.061511 -160.972803    31.955    51431.0    -4427.4    12915.7     13.7     22.4     32.0 2021  5  9 19 47 35.440  1.76   1
     3158  55.108036 -162.011670     2.754   -14906.4      751.9   -16285.4     27.7     23.4     28.2 2021  5 10  2 57  8.620  0.94   1
     3161  54.551599 -163.325684    13.672   -99459.2   -61193.3    -5366.5     14.5     15.4     13.9 2021  5 10  5 45 34.060  1.54   1
     3165  55.095390 -161.508691    24.921    17199.8     -655.9     5881.8     24.0     30.2     28.0 2021  5 10  6 34 15.890  2.61   1
     3168  55.521855 -161.842611    39.871    -4094.7    46820.2    20832.3     47.1     41.8     14.3 2021  5 10  7  5  2.250  1.23   1
     3171  55.383309 -161.802539     2.472    -1552.9    31396.6   -16566.7     14.9     10.9     12.4 2021  5 10  8  7  6.060 -0.23   1
     3175  54.986487 -162.308838     2.204   -33925.0   -12779.5   -16835.0     37.3     36.8     39.1 2021  5 10 14 10 13.080  1.14   1
     3176  55.303035 -161.249316    17.563    33670.2    22460.2    -1475.5     14.2     27.0     31.6 2021  5 10 14 30 39.120  0.50   1
     3180  55.080583 -162.082373     4.153   -19425.8    -2304.3   -14885.9     16.8     13.2     26.4 2021  5 10 17 49 27.920  1.03   1
     3181  55.393193 -161.855485     4.826    -4920.1    32496.9   -14212.8      8.4     17.4     16.4 2021  5 10 18  4  7.440  0.78   1
     3182  55.318506 -161.787240    19.031     -580.2    24182.4       -7.5     20.5     13.6     11.6 2021  5 10 18 20  4.920  0.12   1
     3190  55.107300 -161.860905     8.152    -5283.6      670.0   -10886.7     19.3     20.1     21.2 2021  5 11  1 42  9.340  0.62   1
     3191  55.066951 -161.753158    18.061     1594.4    -3821.8     -977.7     15.7     10.4     13.9 2021  5 11  1 42 21.840  1.10   1
     3192  55.325297 -161.685758    15.168     5879.5    24938.4    -3871.0     15.3     21.5      7.3 2021  5 11  2  4  7.660  0.15   1
     3195  55.490116 -161.864714    46.992    -5500.3    43286.9    27952.8     46.5     31.4     19.9 2021  5 11  3 44 41.820  1.06   1
     3196  55.520760 -161.782699    38.973     -290.4    46698.3    19934.6     30.9     27.9     20.9 2021  5 11  3 46 30.060  0.56   1
     3198  54.377393 -161.647526    12.462     8411.4   -80586.8    -6577.0     27.4     20.9     22.7 2021  5 11  4  0 11.320  1.21   1
     3199  55.249089 -161.454867    19.414    20596.3    16454.5      375.5     17.5     21.3     22.5 2021  5 11  4 33  3.500  0.72   1
     3202  54.523100 -161.682227    10.439     6165.4   -64365.9    -8599.7     18.4     11.5     15.5 2021  5 11  9 51 59.940  1.90   1
     3208  55.419145 -161.769759    37.946      531.9    35386.0    18907.3     35.3     24.1     14.7 2021  5 11 12 39  0.420  0.65   1
     3209  55.320211 -161.789762    25.241     -740.8    24372.2     6202.3     31.1     27.8     19.5 2021  5 11 12 49 18.580  0.89   1
     3212  55.401078 -161.834424     5.422    -3580.2    33374.8   -13616.8     15.3     16.7     13.7 2021  5 11 14 50 41.960  0.77   1
     3216  55.389551 -161.810807     2.665    -2078.7    32091.5   -16373.5     20.4     20.0     15.6 2021  5 11 15 18 43.040  0.70   1
     3218  54.760559 -161.380078    13.998    25515.9   -37930.8    -5041.2     18.5     15.5     14.4 2021  5 11 15 33 38.600  1.92   1
     3222  55.258378 -161.743848    48.245     2183.7    17488.7    29206.5     52.3     43.3     26.4 2021  5 11 17  7 35.040  0.90   1
     3223  55.398319 -161.825651     4.426    -3022.5    33067.6   -14612.6     11.6     12.9     13.3 2021  5 11 17 24 39.720  0.74   1
     3224  55.376298 -161.584066     9.708    12344.8    30616.1    -9330.8     10.0     18.5     17.0 2021  5 11 17 33 53.920  0.46   1
     3225  55.309989 -161.788346    27.062     -650.8    23234.3     8023.3     49.9     24.4     18.0 2021  5 11 19 19 52.580  0.65   1
     3227  55.411320 -161.675570    23.105     6521.0    34514.9     4065.8     29.5     32.5     14.3 2021  5 11 20  6 28.800  0.82   1
     3228  55.294653 -161.916618    23.598    -8819.0    21527.0     4559.4     45.1     35.5     27.5 2021  5 11 20 10 20.580  0.77   1
     3236  55.375574 -161.742578    16.356     2261.3    30535.5    -2682.5     21.6     14.6     14.5 2021  5 11 21 49 12.680  0.54   1
     3237  55.245133 -161.953613    19.680   -11181.7    16014.2      641.0     20.3     24.5     26.1 2021  5 11 22 58 11.580 -0.03   1
     3238  54.846179 -161.220589    14.296    35701.7   -28399.2    -4742.3     13.6     10.8     34.5 2021  5 11 23  8 26.820  1.33   1
     3241  55.041829 -162.168229     8.084   -24919.7    -6618.5   -10954.8     16.2     17.7     22.5 2021  5 11 23 16 52.840  0.54   1
     3244  55.132296 -162.026025    16.338   -15817.9     3452.6    -2700.9     28.8     18.8     33.4 2021  5 12  0 42  3.970  0.12   1
     3245  55.516003 -161.934749    36.741    -9946.0    46168.8    17701.9     41.3     33.9     24.5 2021  5 12  0 51  5.140  0.59   1
     3247  55.235425 -161.128239     0.975    41414.3    14933.4   -18064.0     19.4     46.5     17.1 2021  5 12  1 48 40.180  1.08   1
     3249  54.928219 -162.211149     1.934   -27700.4   -19266.2   -17105.2      9.6     11.3     14.2 2021  5 12  2  4 41.620  1.76   1
      325  54.952234 -162.252246     2.864   -30320.4   -16592.7   -16174.7     11.2     12.3     14.1 2021  1 11  7 19 29.290  3.14   1
     3252  54.721012 -162.700326    16.457   -59144.6   -42333.4    -2582.1     31.5     26.5     60.4 2021  5 12  3  0 24.840  1.28   1
     3255  55.302995 -161.547575    22.687    14679.5    22455.6     3647.8     13.1     27.1     12.4 2021  5 12  3 26 33.780  0.74   1
     3256  55.344088 -161.968945    16.444   -12143.6    27030.3    -2594.6     32.6     27.5     21.4 2021  5 12  4 44 40.130  0.35   1
     3257  55.503784 -161.723470    32.184     3471.2    44808.5    13145.5     40.1     36.8     27.8 2021  5 12  5  0 14.020  0.61   1
     3258  55.471899 -161.900130    33.841    -7751.9    41258.9    14801.9     13.8     20.0     13.3 2021  5 12  5 19  1.450  0.44   1
     3259  55.402909 -161.876074    21.602    -6228.8    33578.6     2562.8     26.0     32.5      8.6 2021  5 12  5 34 24.370  0.82   1
     3260  55.286670 -161.904281    15.710    -8034.2    20638.3    -3328.5     27.4     22.0     37.8 2021  5 12  6 28  3.200  0.49   1
     3264  55.327039 -162.217757    23.426   -27983.7    25132.3     4387.2     25.5     17.9     21.5 2021  5 12  8 56 40.830  1.25   1
     3268  55.015930 -162.210547     4.591   -27631.8    -9501.7   -14447.7     10.0     17.1     12.4 2021  5 12  9 38 20.500  0.16   1
     3270  55.414762 -161.820345     4.852    -2684.5    34898.1   -14187.0     11.5     19.0      9.4 2021  5 12 10 22 12.890  0.15   1
     3271  55.290251 -161.719775    18.212     3715.8    21036.9     -827.2     18.3     15.9     16.7 2021  5 12 10 32 30.660  0.51   1
     3274  54.801819 -161.430029    12.939    22302.5   -33337.6    -6100.2     19.2     21.0     25.4 2021  5 12 12 14 21.540  0.72   1
     3277  55.455404 -161.854232    28.755    -4836.6    39422.5     9716.1     38.4     23.3     16.3 2021  5 12 12 45 11.040  0.22   1
      328  54.978426 -162.230908     0.653   -28946.4   -13676.9   -18385.6     11.9     13.0     12.9 2021  1 11  8  0 31.130  1.70   1
     3280  55.415694 -161.677067    12.042     6425.5    35001.9    -6996.7     21.7     27.3     17.7 2021  5 12 15  8 54.990  0.57   1
     3281  55.296684 -161.750049    25.309     1787.8    21753.1     6269.8     24.7     20.8     17.8 2021  5 12 15 26  1.360  0.37   1
     3282  55.457719 -161.729997    36.657     3058.5    39680.3    17617.7     32.7     31.3     17.5 2021  5 12 15 37 14.680  0.67   1
     3283  55.011491 -162.048486     2.880   -17277.1    -9995.9   -16159.2      7.6     15.2     55.9 2021  5 12 15 38 58.440  0.10   1
     3286  54.511198 -161.896012    12.457    -7580.2   -65690.9    -6581.8     35.5     22.8     27.1 2021  5 12 17  2 25.680  0.89   1
     3288  54.867952 -161.367253    27.858    26303.1   -25975.3     8819.4     22.3     27.0     64.9 2021  5 12 17 54  0.760  3.07   1
     3290  55.139787 -161.676253    35.694     6499.6     4286.6    16655.5     84.8     57.5     63.5 2021  5 12 18 14 52.840  0.88   1
     3292  55.382682 -161.628255    13.849     9533.0    31326.8    -5189.5     11.7     15.8     12.5 2021  5 12 20 26 39.740  0.08   1
     3294  55.254521 -162.101497    15.832   -20602.2    17059.3    -3206.6     16.6     15.3     19.1 2021  5 12 20 51 16.740  0.24   1
     3299  55.172050 -163.487337    12.137  -109006.7     7878.3    -6901.7     34.1    144.4     50.8 2021  5 12 22  3 26.840  1.66   1
     3300  54.923706 -162.175000     0.608   -25389.4   -19768.6   -18430.7     11.4      7.8      7.9 2021  5 12 22  6 14.320  0.99   1
     3303  54.641984 -161.208610    11.969    36561.1   -51131.2    -7069.7     19.4     22.2     21.8 2021  5 12 22 24 52.560  1.50   1
     3308  55.445569 -161.815706     8.674    -2388.6    38327.7   -10365.2     22.0     16.8     15.9 2021  5 13  1 58 12.670  0.21   1
     3309  55.410254 -161.774089    34.448      256.7    34396.2    15408.8     24.5     24.3     13.5 2021  5 13  2  8 52.030  0.51   1
     3310  55.479586 -161.621842    15.197     9928.8    42114.6    -3841.6     23.6     24.0     26.2 2021  5 13  2 15 33.690  0.18   1
     3313  55.140824 -161.273519     4.273    32194.3     4402.1   -14766.3     44.5     44.2     59.7 2021  5 13  3 22 33.670  1.57   1
     3314  55.304484 -161.463558    34.045    20028.7    22621.4    15005.8     33.8     56.9     31.9 2021  5 13  4 20 45.120  0.17   1
     3315  54.550663 -161.401530    12.608    24203.5   -61297.4    -6430.7     24.5     20.2     21.3 2021  5 13  5 26 45.070  1.41   1
     3319  55.310636 -161.524072    31.215    16174.4    23306.3    12176.3     13.5     28.3     10.5 2021  5 13  6 19 37.930  0.69   1
      332  54.925191 -162.236051     3.028   -29294.5   -19603.2   -16011.0      9.8      9.7     17.4 2021  1 11 10 45 20.480  2.42   1
     3320  55.279081 -161.629313    16.729     9477.9    19793.5    -2309.4     23.5     25.2     22.9 2021  5 13  6 40 30.780  0.51   1
     3321  54.884009 -162.204883     2.071   -27314.6   -24187.8   -16968.1     15.6     10.9     14.0 2021  5 13  8 10 31.210  1.60   1
     3325  55.125785 -161.748177    17.550     1911.1     2727.9    -1488.5      8.9     12.2     14.7 2021  5 13  8 54 22.430  1.28   1
     3326  54.937325 -162.198958     2.879   -26917.6   -18252.4   -16159.6     17.0      5.0      7.5 2021  5 13  9 29 58.230  1.37   1
     3328  54.543477 -162.780387    58.303   -64420.3   -62097.4    39263.8     34.1     26.8     31.5 2021  5 13 11 39  7.700  1.89   1
     3330  54.725745 -161.199919    42.513    37080.6   -41806.6    23474.6     17.8     22.6     27.3 2021  5 13 11 47 14.140  1.50   1
     3335  55.132617 -162.332031    24.911   -35343.3     3488.4     5872.3     34.1     79.6     21.6 2021  5 13 15  1 18.740  1.47   1
     3336  54.696899 -161.799105     8.904    -1345.9   -45017.7   -10134.4     34.9     25.0     64.5 2021  5 13 15 18 35.310  2.37   1
     3337  55.330937 -161.655648     5.127     7795.6    25566.3   -13911.9     10.9     12.5     11.9 2021  5 13 15 26 31.400  0.49   1
     3342  55.247685 -161.504574    20.134    17429.5    16298.3     1095.2      9.4     17.3     14.8 2021  5 14  2  7 49.070  2.28   1
     3346  55.214233 -160.739339    12.453    66214.7    12574.3    -6585.4     42.5     83.5     52.1 2021  5 14 10 49 45.710  1.81   1
     3347  55.263534 -161.580387    21.759    12596.5    18062.6     2720.5     17.6     33.5     21.6 2021  5 14 10 51  9.260  0.95   1
     3348  55.374471 -161.758447    16.506     1251.8    30412.7    -2532.7     19.1     19.8     15.6 2021  5 14 12 16 20.190  0.92   1
     3351  55.347880 -161.439762    21.905    21532.1    27452.5     2865.9     16.1     31.4     19.7 2021  5 14 14 15 57.820  0.62   1
     3352  55.342839 -161.741797    17.339     2311.9    26891.2    -1699.9     16.2     19.5      9.6 2021  5 14 16 42 13.530  1.06   1
     3353  55.289388 -161.391536    23.790    24619.0    20940.9     4750.6     12.9     20.6     13.5 2021  5 14 19 17 24.040  0.57   1
     3357  55.389490 -161.464437     5.556    19951.5    32084.7   -13482.7     12.4     32.1     19.3 2021  5 14 23 36 11.160  0.67   1
     3358  55.243433 -161.372217     1.245    25864.1    15824.9   -17793.6     23.7     34.2     29.7 2021  5 15  0  2 15.010  0.39   1
     3362  55.285506 -161.458903    23.425    20329.9    20508.7     4386.2     11.5     16.3     12.5 2021  5 15  2  1 56.340  0.65   1
     3364  55.342822 -161.875391    12.250    -6190.0    26889.4    -6789.1     35.2     39.0     24.2 2021  5 15  3 42 48.060  2.29   1
     3365  55.164640 -161.446810    13.892    21131.9     7053.4    -5146.7     27.7     28.5     23.9 2021  5 15  3 42 54.980  1.04   1
     3367  55.385494 -161.020980    41.846    48159.0    31639.8    22807.6     16.4     26.4     25.4 2021  5 15  5 57 21.500  1.71   1
     3370  54.842281 -161.364648    26.541    26478.2   -28833.2     7501.8     20.0     15.0     44.8 2021  5 15  6 37 34.780  1.89   1
     3373  55.240991 -162.235254     6.964   -29128.8    15553.1   -12074.6     17.4      6.7     74.1 2021  5 15  7 15 26.030  1.43   1
     3374  54.917623 -161.407552    17.497    23708.6   -20445.8    -1541.6     18.3     17.7     20.6 2021  5 15 10 36 20.720  1.66   1
     3375  54.990442 -161.653190    13.778     7985.9   -12339.2    -5260.8     12.9     16.2     16.8 2021  5 15 10 36 34.920  1.52   1
     3382  55.431539 -161.734717    34.321     2759.4    36765.8    15282.6     29.6     35.4     20.8 2021  5 15 13 35 13.120  1.00   1
     3383  54.989311 -162.349821     3.233   -36543.5   -12465.1   -15805.5     13.5     13.0     16.3 2021  5 15 14 52 23.320  0.87   1
     3384  55.146842 -161.455452    31.016    20585.2     5072.0    11976.7     17.9     17.9     20.2 2021  5 15 15 36 52.700  0.89   1
     3385  55.478581 -161.762663    32.086      982.3    42002.7    13047.5     38.4     30.1     18.9 2021  5 15 15 47 36.730  0.98   1
     3388  55.158415 -161.921549    38.892    -9148.6     6360.3    19853.6     42.9     22.7     34.9 2021  5 15 20 18 33.180  1.01   1
     3393  54.986873 -161.544515    27.182    14933.1   -12736.5     8143.1     20.2     22.1     23.1 2021  5 16  0 53  7.740  0.93   1
     3396  55.176021 -162.062581    18.230   -18140.6     8320.4     -809.0     29.8     22.5     34.2 2021  5 16  1  9  5.960  0.90   1
     3397  55.202376 -160.741829    31.186    66065.8    11254.3    12147.0     34.3     68.7     92.3 2021  5 16  1 33 35.780  1.52   1
     3398  55.166113 -162.009652    15.576   -14766.9     7217.4    -3462.9     17.6     10.3     19.8 2021  5 16  2 20  2.990  0.38   1
     3400  55.398315 -161.378841    16.537    25392.8    33067.2    -2502.3     28.0     44.9     57.9 2021  5 16  4 52 24.950  0.68   1
     3405  54.532145 -161.061686     9.983    46055.5   -63359.0    -9055.6     24.9     27.4     32.0 2021  5 16  8 39 48.910  1.29   1
     3406  55.281022 -161.493766    25.196    18110.6    20009.5     6156.8     11.9     13.3     20.3 2021  5 16 13 25 13.300  0.24   1
     3407  54.969592 -162.250391     3.593   -30195.2   -14660.3   -15445.9      7.0     12.2     13.6 2021  5 16 13 30  7.200  0.56   1
     3408  55.451392 -161.853825    30.968    -4811.0    38975.9    11929.1     46.0     29.8     14.6 2021  5 16 13 53 43.390  0.82   1
     3409  55.390324 -161.714176    44.694     4067.3    32177.5    25655.2     64.1     83.7     31.0 2021  5 16 14 13  7.700  0.88   1
     3410  54.338993 -162.021077    10.955   -15655.1   -84861.5    -8084.4     35.3     20.2     20.3 2021  5 16 14 18 29.620  1.41   1
     3411  55.047091 -161.418571    32.820    22966.6    -6032.8    13780.7     28.9     28.4     41.6 2021  5 16 14 21 27.210  1.32   1
     3416  55.192367 -161.840397    14.517    -3970.5    10140.0    -4521.7     44.3     20.3     29.5 2021  5 16 16 14 45.940  0.84   1
     3422  55.098722 -161.449870    15.325    20953.9     -284.9    -3713.7     23.0     31.5     79.9 2021  5 16 18 18 15.480  1.00   1
     3425  55.410864 -161.818571    32.509    -2571.8    34464.2    13470.2     40.5     19.7     12.9 2021  5 16 20 19 15.640  0.99   1
     3427  54.825598 -160.877474    33.770    57687.8   -30690.4    14731.3     13.7     16.7     33.2 2021  5 16 21 36 36.740  2.43   1
     3428  55.339152 -161.248307    19.625    33719.2    26480.8      586.3     13.8     30.1     24.1 2021  5 16 21 59 23.240  0.68   1
     3429  55.083569 -161.976823    47.937   -12686.1    -1971.8    28897.8    120.9     62.6     62.0 2021  5 16 22 14 27.880  1.17   1
     3433  55.261548 -161.496094    55.026    17966.7    17841.6    35987.0    124.7    140.4     81.0 2021  5 17  0 38 22.050  1.11   1
     3438  54.961043 -162.932715     0.930   -73828.7   -15612.0   -18108.8     14.2     22.8     12.1 2021  5 17  4 38 16.010  1.41   1
     3440  55.379842 -161.698454    23.246     5067.9    31010.7     4207.3     24.2     32.8     17.2 2021  5 17  5 41 47.170  0.99   1
     3442  54.998918 -161.436296    29.963    21847.5   -11395.7    10923.8     19.0     20.6     36.9 2021  5 17  6  2 33.070  1.54   1
     3443  55.489242 -161.936003    48.987   -10028.9    43189.5    29948.5     41.1     35.1     20.8 2021  5 17  8 16 27.680  1.10   1
     3446  55.291899 -162.113965    15.348   -21386.5    21220.4    -3690.4     51.2     49.8     69.2 2021  5 17  9 36 42.670  0.08   1
     3447  54.716036 -161.824316     0.309    -2962.6   -42887.4   -18730.1     30.2     17.5     15.1 2021  5 17 10 19 10.370  2.31   1
     3461  54.669132 -162.573340    67.197   -51033.2   -48108.9    48158.3     24.6     18.0     18.1 2021  5 17 16 53 21.180  1.13   1
     3465  55.079797 -161.886719     5.422    -6933.6    -2391.7   -13617.2      8.4      8.8     13.8 2021  5 17 17 15  6.340  0.30   1
     3470  55.144938 -162.199251     8.903   -26866.8     4860.0   -10136.0     15.3     24.8     27.7 2021  5 17 20 27 53.480  0.70   1
     3475  55.357813 -161.783317    23.435     -330.4    28558.2     4395.8     27.7     29.1     14.3 2021  5 18  2  9 28.260  0.88   1
     3477  54.401086 -161.449284    19.198    21173.3   -77949.0      159.3     81.3     60.0     62.9 2021  5 18  2 18 46.920  1.87   1
     3478  54.708346 -161.813021    28.129    -2238.4   -43743.5     9090.1     45.4     38.1     90.8 2021  5 18  2 51  3.530  0.98   1
     3479  55.272884 -160.825814    41.842    60658.2    19103.6    22803.5     11.2     25.6     20.3 2021  5 18  3 55  2.690  1.68   1
     3481  54.998503 -161.518099    30.975    16619.3   -11441.9    11936.4     30.1     42.8     45.9 2021  5 18  3 59 33.580  1.28   1
     3482  55.255912 -162.216016    20.996   -27897.7    17214.2     1957.1     75.0    107.0     96.5 2021  5 18  4 31 47.580  0.32   1
     3483  55.319503 -161.731852    16.535     2945.7    24293.4    -2504.0     21.3     24.6     16.3 2021  5 18  4 49 36.490  0.71   1
     3485  55.256087 -161.772217    16.902      376.4    17233.7    -2136.6     21.9     27.2     28.0 2021  5 18  5 27 30.450  0.03   1
     3487  55.375045 -161.788477    21.575     -658.5    30476.6     2536.1     24.0     14.9     11.9 2021  5 18  7 19 28.310  0.46   1
     3498  55.384949 -161.901449    25.589    -7844.2    31579.1     6550.3     16.3     36.4     13.4 2021  5 18 11  7 27.860  0.45   1
      350  55.135567 -161.264404    29.039    32777.9     3816.8    10000.1     17.7     23.2     36.7 2021  1 12  7 15  5.890  2.33   1
     3501  55.141532 -161.612988    39.341    10535.8     4480.9    20302.3     82.4     61.5     63.9 2021  5 18 11 21 53.870  0.53   1
     3503  55.729061 -161.398275     2.278    24056.7    69887.3   -16761.3     65.3     53.3     56.8 2021  5 18 13 38 44.810  0.92   1
     3504  55.303650 -161.856755    18.930    -5006.4    22528.6     -109.3     20.5     10.9      8.4 2021  5 18 14  4 40.010  0.72   1
     3505  55.492444 -161.929899    36.880    -9640.8    43546.0    17840.9     38.0     26.7     18.9 2021  5 18 14 11 35.590  0.80   1
     3506  55.450028 -161.881217    29.320    -6552.0    38824.1    10280.9     19.2     17.4     14.2 2021  5 18 15 45  1.890  0.60   1
     3507  55.425749 -161.839079    29.831    -3875.1    36121.2    10791.9     24.5     36.0     12.8 2021  5 18 15 49  3.250  0.37   1
     3508  55.342200 -161.811784    17.533    -2142.1    26820.1    -1505.9     49.9     17.9     15.2 2021  5 18 15 59 11.160  0.74   1
     3509  55.711743 -161.950130     4.600   -10895.8    67959.4   -14439.2    117.9     45.5     71.6 2021  5 18 17 28 18.980  0.56   1
     3510  55.074772 -160.958545    14.091    52332.9    -2951.2    -4947.7     13.3     20.6     22.1 2021  5 18 17 33 46.000  1.50   1
     3511  55.389486 -161.265560    20.922    32600.6    32084.2     1883.4     20.3     33.2     31.8 2021  5 18 18  8 15.740  0.54   1
     3521  54.945414 -162.696077    18.146   -58708.7   -17351.9     -893.1     24.7     36.9     34.2 2021  5 19  4 20  7.470  1.64   1
     3524  54.689758 -160.743164     8.127    66402.0   -45812.7   -10911.7     81.9     76.3     67.6 2021  5 19 11 27 32.130  2.43   1
     3526  55.196313 -161.934538    13.311    -9972.4    10579.4    -5727.6     28.3     17.4     22.1 2021  5 19 13 17 28.240  1.01   1
     3529  55.311430 -161.617334     6.619    10236.8    23394.7   -12419.9      6.9      6.9     13.0 2021  5 19 19  5 54.640  0.23   1
     3532  55.295630 -161.647412    18.640     8323.5    21635.7     -399.0     23.3     28.8     22.2 2021  5 20  4 12 16.580  1.75   1
     3533  55.403162 -161.845768     3.147    -4301.6    33606.7   -15891.4     13.9     13.8     37.3 2021  5 20  4 12 47.660 -0.00   1
     3536  55.218628 -163.498535     6.384  -109657.1    13063.5   -12655.3     16.5     33.7     47.9 2021  5 20  8 39 31.430  2.25   1
     3544  54.567480 -162.077197    13.915   -19217.2   -59425.3    -5124.3     21.1     12.9     19.7 2021  5 20 16 56 12.880  1.48   1
     3547  55.306868 -161.905957    17.831    -8138.9    22886.9    -1208.3     17.2     12.1     10.5 2021  5 20 19 41 11.400  0.42   1
      355  54.851831 -161.814518    13.716    -2330.3   -27770.0    -5323.3     30.2     25.0     31.2 2021  1 12 11 37 23.670  1.48   1
     3550  55.179252 -161.826611     7.049    -3092.0     8680.0   -11990.3     15.9     16.4     13.7 2021  5 20 20 53 40.440  1.96   1
     3552  55.248633 -162.017887    21.482   -15276.5    16403.8     2443.2     20.0     19.1     16.5 2021  5 20 22 38 31.760  0.60   1
     3553  54.573515 -161.292057    14.341    31230.4   -58753.5    -4697.5     14.9     11.5     12.2 2021  5 20 23  5 59.920  1.60   1
      356  54.868111 -161.778499     1.241      -24.0   -25957.6   -17797.5     17.2      8.2      9.0 2021  1 12 11 37 36.830  1.87   1
     3560  54.832410 -161.783838     0.682     -365.9   -29932.1   -18356.5     16.4     14.6     12.8 2021  5 21  3 21 13.460  1.01   1
     3561  54.732406 -161.732520    15.464     2924.5   -41065.0    -3575.3     27.4     25.7     92.4 2021  5 21  3 21 17.160  1.31   1
     3562  55.401982 -162.056152    26.808   -17680.6    33475.3     7768.8     97.6    120.2     83.5 2021  5 21  4 48 44.590  0.51   1
     3566  54.569820 -161.268197    13.298    32765.0   -59164.8    -5741.3     12.7     11.2     11.6 2021  5 21 14 50 55.870  2.36   1
     3572  55.070528 -160.923893    14.441    54548.4    -3423.6    -4597.7     19.7     29.4     24.1 2021  5 21 19 31 35.400  1.50   1
     3575  54.729321 -162.540511    79.967   -48890.0   -41408.4    60927.9     55.0     46.6     35.1 2021  5 22  3 41 15.140  1.80   1
     3576  55.316996 -161.677262     7.031     6421.0    24014.4   -12007.6     16.0     11.8     33.6 2021  5 22  5  3 48.750  0.37   1
      358  54.577995 -161.272119    24.358    32509.6   -58254.8     5319.4     15.0      7.4      8.8 2021  1 12 12 44 20.610  2.80   1
     3581  55.202775 -161.584538    22.844    12341.5    11298.7     3805.0     34.5     28.6     32.4 2021  5 22 12 36 27.900  0.88   1
     3585  55.166715 -161.193685    21.077    37275.7     7284.4     2037.7     40.8     50.7     67.4 2021  5 22 17  6 17.600  1.39   1
     3594  55.030351 -161.527930    21.583    15984.6    -7896.4     2544.3     17.5     15.2     15.6 2021  5 22 22 37  9.980  1.15   1
     3603  54.420015 -161.227474    12.336    35446.9   -75841.8    -6703.3     32.7     30.4     26.6 2021  5 23  4 28 56.450  1.75   1
     3607  54.793884 -161.272054    13.288    32427.2   -34220.9    -5750.6     27.8     24.0     29.7 2021  5 23  5 39 52.590  2.75   1
     3611  54.570296 -161.230713    13.511    35173.2   -59111.8    -5528.4     10.6      9.2     11.1 2021  5 23  7 38 42.560  1.54   1
     3613  55.143750 -161.687500     5.584     5781.7     4727.8   -13454.7     17.2     12.5     14.4 2021  5 23  8  1 53.250  1.04   1
     3615  54.473132 -161.732861    10.211     2911.8   -69928.5    -8827.8     13.0      8.4      9.4 2021  5 23 12 28 44.560  1.66   1
     3620  55.226973 -162.005745    19.875   -14506.8    13992.6      836.1     21.9     14.3     16.7 2021  5 23 16 37 52.300  0.83   1
     3623  55.071924 -160.946501    14.491    53103.8    -3268.3    -4548.2     13.0     20.0     18.0 2021  5 23 18  5 45.920  1.53   1
     3624  55.080420 -162.051676     2.757   -17465.9    -2322.4   -16281.5     26.6     22.6     26.6 2021  5 23 22 32 31.280  0.82   1
     3626  55.371155 -161.654997    59.334     7833.1    30043.5    40294.9     76.0     88.2     39.1 2021  5 23 23 35 36.600  1.47   1
     3634  54.924154 -160.856120    12.206    58983.4   -19718.7    -6833.4     39.1     58.9     51.5 2021  5 24 14 33 50.470  1.73   1
     3641  55.143608 -161.909229     6.325    -8364.2     4711.9   -12713.6     15.3     16.9     16.2 2021  5 25 22 51 39.800  0.15   1
     3643  55.107178 -161.564388     4.020    13642.3      656.4   -15018.8     17.8     22.7     18.0 2021  5 25 23 51 59.360  0.99   1
     3650  54.417871 -162.896191    10.121   -71974.8   -76080.5    -8917.9     39.5     28.2     33.4 2021  5 26 21 25 30.760  1.59   1
     3655  55.259920 -161.289437    27.662    31132.4    17660.4     8622.9     19.0     31.3     37.7 2021  5 27  1  9  4.910  2.57   1
     3662  54.877531 -162.579867    37.096   -51319.5   -24909.0    18056.8     27.3     23.2     28.5 2021  5 27 14 38 33.410  1.20   1
     3663  54.496651 -162.505290    48.746   -46765.4   -67310.3    29706.8     41.7     24.8     29.4 2021  5 27 16 55 52.760  1.64   1
      367  54.894324 -161.825537    18.025    -3034.2   -23039.5    -1014.4     29.0     24.8     40.4 2021  1 12 18  0 16.640  1.37   1
     3673  55.038078 -162.316195    20.422   -34373.2    -7036.2     1383.1     24.4     23.8     19.1 2021  5 27 23 29 19.500  1.33   1
     3681  54.503760 -161.695980    13.799     5282.5   -66519.0    -5239.7     23.0     17.0     22.9 2021  5 28 12 11 11.870  1.41   1
     3685  54.498482 -162.046240    11.122   -17242.6   -67106.5    -7917.2     29.8     13.5     30.5 2021  5 28 16 12 18.370  1.87   1
     3686  55.368770 -161.633350    12.766     9210.5    29778.1    -6273.1     19.8     24.8     19.1 2021  5 28 19  0 32.540 -0.14   1
     3687  54.860592 -161.459098    68.243    20425.2   -26794.8    49203.9     42.3     39.0     33.8 2021  5 29  0 41  8.790  1.81   1
       37  55.146627 -161.534798     2.429    15523.3     5048.0   -16609.5     11.3      9.8     11.1 2021  1  2  5 52  5.290  1.64   1
     3700  55.217432 -161.785514     9.473     -471.0    12930.4    -9565.6     13.6     14.5     22.3 2021  5 30  5 38 43.780  1.56   1
     3701  54.575037 -161.276530    24.530    32227.4   -58584.1     5490.7     11.9     10.8     10.7 2021  5 30  7 40 42.830  2.37   1
     3702  55.215808 -161.785986    17.977     -501.1    12749.6    -1061.4     53.6     22.6     27.9 2021  5 30  8 27 17.670  0.93   1
     3705  54.602311 -161.169922    12.089    39063.9   -55547.7    -6949.6     20.5     23.8     21.6 2021  5 30 14 25 32.580  1.76   1
     3706  55.406881 -161.724414    24.661     3415.4    34020.7     5622.2     27.8     26.7     26.3 2021  5 30 14 36 51.050  1.79   1
     3711  55.091956 -161.690218    21.564     5611.9    -1038.2     2525.4     17.7     31.9     17.3 2021  5 30 18 22 20.960  1.02   1
     3715  55.162777 -162.013574    23.552   -15017.7     6845.9     4513.2     51.6     37.6     42.5 2021  5 31  6  6 47.190  0.88   1
     3716  55.435376 -161.784961     9.717     -434.5    37192.9    -9321.7     21.7     16.6     13.0 2021  5 31  7  2 12.850  2.46   1
     3719  55.197750 -161.692692     3.312     5446.8    10739.3   -15727.0     17.3      8.8     24.2 2021  5 31 10 33 20.850  1.56   1
      372  55.154919 -161.943880     6.329   -10573.5     5971.2   -12709.6     10.9      5.3      8.8 2021  1 12 20 52 39.440  1.06   1
     3721  55.267704 -161.691016     5.696     5548.9    18526.9   -13342.7     15.9     13.6     13.5 2021  5 31 10 33 36.600  0.48   1
     3726  54.530115 -161.183447     9.409    38229.2   -63585.0    -9629.6     21.8     18.4     23.7 2021  5 31 14 56 35.150  1.75   1
     3727  54.586401 -161.256950    12.578    33480.8   -57318.9    -6460.9     11.6     12.8     11.2 2021  5 31 18 40 55.920  2.67   1
     3729  55.272717 -161.386507     8.908    24944.4    19085.0   -10131.3     10.1     14.7     25.9 2021  6  1  0 14 28.020  1.04   1
      373  54.776550 -161.740951     0.412     2382.5   -36150.6   -18626.7     26.8     20.4     17.5 2021  1 12 21  2 28.880  1.49   1
     3730  54.943774 -162.083659     5.799   -19541.1   -17534.5   -13239.9     14.7     16.7     15.9 2021  6  1  0 14 32.840  1.07   1
     3737  55.283313 -161.640348    40.014     8774.6    20264.6    20974.7     27.3     25.7     19.6 2021  6  1 18 53 47.560  0.91   1
     3739  54.656620 -160.879883    11.786    57653.9   -49501.8    -7252.6     20.6     20.0     19.1 2021  6  1 22  3 43.520  1.82   1
     3742  54.482878 -163.401367    11.234  -104411.7   -68843.6    -7804.5     21.6     23.2     18.4 2021  6  2  1 31 26.530  1.42   1
     3743  54.813611 -162.190788     0.876   -26435.5   -32024.9   -18163.1     14.0     13.9     13.2 2021  6  2  7 15 37.580  1.76   1
     3744  54.920610 -162.184033     1.500   -25968.3   -20113.3   -17538.8      7.7     12.4     14.8 2021  6  2  7 15 55.180  2.07   1
     3747  54.876628 -161.708057    75.445     4485.1   -25009.6    56406.1     16.0     15.2     10.3 2021  6  2 16  7 25.570  1.54   1
      375  54.923535 -162.191634     1.367   -26453.6   -19787.6   -17672.1     13.5      8.8     10.0 2021  1 12 21 24  9.860  1.74   1
     3752  55.012101 -162.137793    18.243   -22983.9    -9928.0     -796.0     49.4     42.6     37.5 2021  6  3  2 17 36.170  1.35   1
     3756  55.448352 -161.877832    26.344    -6337.0    38637.5     7304.8     26.4     40.2     21.6 2021  6  3  6 33 28.600  0.73   1
     3757  55.475114 -161.867025    28.771    -5648.2    41616.8     9731.9     31.9     36.6     10.6 2021  6  3  9 54 50.620  0.60   1
     3762  55.233602 -162.100049    18.177   -20515.2    14730.5     -862.0     16.7     17.8     20.2 2021  6  3 14 31 59.230  0.34   1
     3765  54.888904 -161.196338    27.850    37234.9   -23642.9     8811.3     20.6     20.5     56.7 2021  6  3 16 32 56.870  1.75   1
     3772  54.677995 -162.421908     8.021   -41310.4   -47122.3   -11018.0     18.8     11.5     46.0 2021  6  3 20 34 55.120  1.13   1
     3779  55.315637 -161.686458    51.710     5835.7    23863.1    32671.6     86.3     85.2     43.2 2021  6  4  3 40 23.080  1.27   1
     3788  55.340120 -161.788444    11.136     -656.7    26588.6    -7902.5     29.7     22.5     23.1 2021  6  4 10 13 50.120 -0.46   1
     3789  54.862683 -162.677620    32.098   -57587.3   -26561.9    13059.1     21.4     21.8     26.7 2021  6  4 11 45 44.710  1.50   1
     3796  55.131388 -161.684229     4.631     5991.4     3351.6   -14407.9     12.7     11.3     15.2 2021  6  4 14 45 10.050  0.01   1
     3797  55.315869 -161.788135     3.488     -637.2    23888.9   -15551.1     14.6     12.3     23.8 2021  6  4 14 45 27.990 -0.20   1
      380  55.248995 -161.677702    15.387     6398.4    16444.1    -3651.6     17.1     12.4     18.1 2021  1 12 21 37 47.960  0.56   1
     3800  55.203459 -161.657926    13.779     7662.8    11374.8    -5260.0     19.2     12.1     14.8 2021  6  4 15 40 30.890  1.37   1
     3804  55.066248 -161.033854    33.598    47529.2    -3900.2    14558.9     15.3     20.6     31.0 2021  6  4 16 35 14.680  2.70   1
     3808  54.894991 -162.353662    35.051   -36832.1   -22965.2    16012.2     19.4     14.5     17.2 2021  6  4 17 48 51.680  1.93   1
     3809  54.961129 -162.223551    13.308   -28482.2   -15602.5    -5730.5     16.7     11.9     12.5 2021  6  4 17 49  3.920  2.25   1
      381  54.620980 -161.588916    35.444    12149.8   -53469.5    16405.5     41.0     25.1     27.3 2021  1 13  0  1 46.290  2.89   1
     3811  54.757560 -162.607292     4.320   -53153.9   -38264.7   -14719.1     11.6     10.1     14.4 2021  6  4 19  7 57.560  0.92   1
     3823  55.193392 -160.905745    13.301    55622.0    10254.1    -5737.9     18.4     35.0     21.7 2021  6  5 12 43 55.500  2.47   1
     3824  55.539612 -160.479411    10.245    82446.6    48797.0    -8793.7     27.7     72.8     31.6 2021  6  5 13 58  4.980  1.99   1
      383  55.327848 -161.748258     3.583     1901.1    25222.5   -15456.2      8.4      4.9     16.3 2021  1 13  8  0 58.440 -0.30   1
     3833  55.345166 -161.694775     5.556     5304.2    27150.3   -13483.2      9.3     10.6     11.0 2021  6  5 21 42 39.120  1.33   1
     3844  54.553052 -162.445394    11.620   -42883.6   -61031.5    -7419.3     38.2     19.7     24.8 2021  6  6  2 33 30.020  1.91   1
     3848  55.189734 -162.021224    29.339   -15500.5     9846.9    10300.6     19.2     18.3     18.6 2021  6  6  6 20 13.790  0.62   1
     3850  55.378064 -161.780306     4.721     -138.7    30812.7   -14317.6     10.3     13.5     11.5 2021  6  6  7 58 52.960 -0.29   1
     3851  55.277706 -161.450846    28.979    20845.0    19640.4     9939.7     18.1     19.6     21.7 2021  6  6  8  4 21.630  1.12   1
     3855  54.485372 -163.117269     2.472   -86135.0   -68566.0   -16567.3      9.7      6.1      7.3 2021  6  6 13 56  5.790  2.77   1
     3858  54.805412 -161.923356    16.588    -9304.6   -32937.6    -2450.5     20.7      9.5     24.4 2021  6  6 14 12 15.840  1.47   1
     3860  55.048808 -161.794580    16.737    -1051.1    -5841.6    -2302.4     20.7     18.2     24.8 2021  6  6 17  1 17.940  1.12   1
     3864  55.693901 -161.686670    17.665     5794.6    65973.1    -1373.7     79.5     50.0     80.7 2021  6  6 18  1 35.440  0.79   1
     3871  54.414884 -161.740169    12.867     2443.5   -76413.0    -6171.9     34.0     25.4     28.6 2021  6  6 20 41  7.240  2.00   1
     3880  55.253560 -161.505452    18.294    17372.3    16952.4     -745.1     16.8     22.7     23.1 2021  6  7  2 16 53.850  1.03   1
     3884  55.232556 -161.841130    21.494    -4015.1    14614.1     2454.8     33.1     25.1     27.7 2021  6  7  6 10 53.040  0.99   1
      389  54.958044 -161.529753    20.564    15882.4   -15945.8     1525.0     19.9     19.5     28.5 2021  1 13 12 35 40.560  1.47   1
     3898  54.464103 -162.144303    62.709   -23559.1   -70933.7    43669.9     51.7     15.8     18.4 2021  6  8  0 35  9.080  2.85   1
     3902  55.273682 -161.755697    14.625     1428.6    19192.4    -4414.0     24.5     21.3     27.8 2021  6  8 11 10 50.780  0.24   1
     3903  54.964791 -162.698421     4.293   -58844.4   -15194.8   -14746.3     14.7     20.8     22.7 2021  6  8 16 16 36.830  1.40   1
     3906  55.060103 -163.374772    10.970  -101969.8    -4584.2    -8069.2     30.0     54.5     46.4 2021  6  8 18 49 25.700  1.83   1
     3911  55.434436 -161.498568    13.691    17770.6    37088.3    -5347.5     25.6     37.5     38.4 2021  6  8 21 16  0.160  0.93   1
     3913  55.399052 -161.697380    20.806     5135.0    33149.2     1767.2     17.3     22.7     10.9 2021  6  8 23 27 54.760  0.35   1
     3917  55.313672 -161.723291    27.772     3490.9    23644.3     8733.4     24.6     26.2     18.6 2021  6  9  4 36 38.220  1.29   1
     3919  55.328219 -161.708073    37.123     4458.9    25263.7    18084.5     36.0     38.8     21.6 2021  6  9  7 41 34.480  1.47   1
     3922  55.274487 -161.583122    23.801    12420.6    19282.1     4761.6     14.0     14.4     16.8 2021  6  9 11 46 41.310  1.08   1
     3926  55.198165 -161.600928    17.611    11297.2    10785.5    -1427.9     17.2     17.1     21.0 2021  6  9 14 33 56.860  1.57   1
     3928  55.256144 -161.712256    41.817     4196.5    17240.0    22778.1     24.0     25.7     19.9 2021  6  9 20 22 41.520  1.18   1
     3934  55.471940 -161.827067    28.351    -3109.6    41263.4     9311.6     24.7     32.3     17.2 2021  6 10 10 19 53.060  1.00   1
     3936  54.494438 -162.353988    57.040   -37035.9   -67556.7    38001.6     38.1     19.7     23.9 2021  6 10 17 27 56.300  2.34   1
     3942  55.368237 -161.653141    31.334     7951.4    29718.7    12294.7     19.4     38.5     15.2 2021  6 10 22 23 22.200  1.26   1
     3951  54.357808 -161.723861    12.345     3495.8   -82766.9    -6693.5     32.3     22.7     22.6 2021  6 11 14 44 30.210  1.39   1
     3958  55.061715 -161.781152    18.430     -193.3    -4404.8     -609.3     20.2     15.5     16.1 2021  6 11 19 41 33.920  0.55   1
     3960  54.786377 -161.403678    59.192    23995.4   -35056.7    40153.0     28.3     30.4     28.5 2021  6 11 21 52 49.580  1.48   1
     3961  55.450484 -161.850911    26.430    -4625.9    38874.9     7391.0     40.4     29.5     21.2 2021  6 11 22 53  2.420  0.34   1
     3964  55.299797 -161.771289    13.057      435.3    22099.6    -5982.0     34.9     23.2     23.9 2021  6 12  3 58 33.030  1.00   1
     3971  55.234412 -161.740413    15.100     2403.2    14820.6    -3939.3     11.2     18.7     19.5 2021  6 12 10  6 13.170  0.56   1
     3975  54.441744 -161.580078    12.145    12745.4   -73422.8    -6894.0     33.6     23.6     23.6 2021  6 12 11 46 24.620  3.60   1
     3976  55.306274 -161.744189     2.969     2160.6    22820.7   -16069.9     13.0      9.2     11.4 2021  6 12 11 46 52.350  3.58   1
     3978  54.401554 -161.555811    13.688    14314.2   -77896.9    -5350.9     16.1     13.9     16.0 2021  6 12 11 57 37.100  1.49   1
      398  55.107601 -161.544173     4.113    14932.5      703.5   -14925.8     10.3      5.4     17.5 2021  1 13 15 42 15.780  1.29   1
     3984  55.299760 -161.717936    15.039     3832.5    22095.5    -3999.8     24.7     17.2     15.5 2021  6 12 18 33 24.320  0.39   1
     3992  55.055636 -161.654183     0.901     7916.0    -5081.5   -18137.5     41.7     35.9     32.9 2021  6 12 23 54 40.160  0.53   1
     3995  55.438273 -161.707633    37.787     4480.7    37515.5    18747.9    108.6     90.3     41.7 2021  6 13  1 51 52.850  0.58   1
     3998  55.166947 -163.129395    10.831   -86184.0     7310.2    -8207.4     18.4     27.1     19.4 2021  6 13  2 18 56.880  1.44   1
     4000  55.130538 -163.177311    11.581   -89280.6     3256.9    -7457.5     15.1     36.0     19.6 2021  6 13  3  3 51.250  2.27   1
      401  54.872660 -161.553044    16.699    14408.3   -25451.2    -2340.3     20.1     17.8     21.0 2021  1 13 16 14  7.200  1.81   1
     4016  54.823979 -161.901172    23.003    -7881.5   -30870.7     3964.2     20.3     11.9     10.9 2021  6 13 12 12 45.330  0.65   1
     4026  54.991439 -160.806982    54.896    62075.0   -12228.2    35857.6      7.8     30.9      9.8 2021  6 13 19 37 21.960  1.29   1
     4028  54.946289 -161.603271    20.312    11182.8   -17254.5     1272.7     12.5     16.6     13.2 2021  6 13 19 43 50.120  1.25   1
     4032  54.921769 -162.860189     1.708   -69224.9   -19984.2   -17330.4     23.2     33.4     26.6 2021  6 13 22 24 53.480  1.65   1
     4034  55.315828 -161.798796     3.071    -1315.9    23884.3   -15968.3      8.4      7.6     27.8 2021  6 13 22 25 18.400  0.24   1
     4037  55.149618 -162.104346     5.097   -20810.9     5381.0   -13941.4     23.9     17.8     22.7 2021  6 14  0 12 27.690  0.29   1
     4038  54.831669 -161.362744    12.776    26603.6   -30014.5    -6263.1     32.6     28.2     35.0 2021  6 14  0 26 10.680  1.54   1
     4048  54.682397 -161.355908    12.134    27091.5   -46632.2    -6905.1     20.2     13.1     27.3 2021  6 14 10 42 18.270  3.07   1
     4059  55.000134 -161.436979    32.225    21803.5   -11260.2    13186.5     14.7     17.5     18.2 2021  6 15  5  7 53.150  2.02   1
     4065  54.552633 -162.176058    32.519   -25574.2   -61078.2    13479.8     83.9     33.1     64.0 2021  6 15 10 40 37.300  1.68   1
     4067  55.157503 -161.983415     8.688   -13094.9     6258.8   -10350.6     11.9      8.7     16.5 2021  6 15 11 58  0.550  0.44   1
     4068  55.353341 -161.868636    19.302    -5759.4    28060.4      262.8     44.4     21.0     18.5 2021  6 16 13 52 27.930  0.55   1
     4069  55.345907 -161.844645     1.945    -4233.2    27232.8   -17093.7     15.9     19.2     16.6 2021  6 16 17  4 37.580  1.93   1
     4073  54.941984 -162.249788     3.663   -30167.0   -17733.8   -15375.9     13.0      9.4     16.1 2021  6 16 18 14 33.580  1.81   1
     4075  54.977429 -162.275667     2.920   -31808.2   -13787.8   -16118.1      9.9      8.7     12.8 2021  6 16 18 34 58.240  0.39   1
     4081  54.556445 -161.414339    13.739    23378.6   -60653.8    -5299.5     23.3     15.3     15.4 2021  6 17  4 22 37.900  1.46   1
     4082  55.084481 -161.995313     8.571   -13866.5    -1870.4   -10467.4     22.7     27.3     39.1 2021  6 17  4 23 14.920  1.08   1
     4088  55.490515 -161.795524    24.897    -1105.2    43331.3     5858.4     18.8     37.9     16.6 2021  6 17 10  9 15.390  0.81   1
      409  55.029862 -162.036035     7.730   -16477.6    -7950.7   -11308.8     12.7     12.8     28.8 2021  1 13 20 56 29.260  0.53   1
     4090  55.487671 -161.894792    28.763    -7411.2    43014.7     9724.0     26.0     23.3      9.4 2021  6 17 10 12 23.360  0.83   1
     4093  54.497510 -161.672428    10.860     6797.5   -67214.7    -8178.9     24.5     13.8     16.7 2021  6 17 14 24 36.740  1.80   1
     4094  55.372453 -161.011898    32.563    48744.7    30188.0    13524.5     22.6     49.5     42.8 2021  6 17 14 41  3.250  1.05   1
     4100  54.862427 -162.347428    37.555   -36447.9   -26590.5    18516.6     20.2     14.5     17.3 2021  6 17 18 42 30.320  1.99   1
     4101  54.940820 -162.246875    21.929   -29981.1   -17863.3     2889.9     16.0     10.6     10.6 2021  6 17 18 42 41.240  2.01   1
     4106  55.185221 -163.290479    11.697   -96436.0     9344.6    -7342.3     31.2     34.9     32.8 2021  6 18  3 52 19.460  1.66   1
     4107  54.940035 -162.248633     4.239   -30093.9   -17950.7   -14800.3      9.1     11.6     16.5 2021  6 18  4  8 59.880  1.04   1
     4108  54.956364 -162.254395     2.272   -30456.2   -16132.9   -16766.8     10.8      8.8     11.3 2021  6 18  4  9 19.810  1.37   1
     4109  54.967948 -162.218604     6.160   -28163.4   -14843.3   -12878.8     16.8     16.5     12.5 2021  6 18  4 33 59.580  1.85   1
     4110  54.959570 -162.231315     6.981   -28979.2   -15776.0   -12057.9     11.0      6.6     15.6 2021  6 18  4 34 11.000  2.00   1
     4114  54.833773 -161.860400     2.594    -5269.3   -29780.4   -16444.7     23.2     20.0     22.5 2021  6 18 11 11 42.410  1.15   1
     4116  54.580017 -161.639469    33.052     8908.1   -58029.6    14013.0     14.2     11.1     23.5 2021  6 18 11 40 51.220  1.29   1
     4119  55.153609 -161.483285    22.311    18808.1     5825.3     3272.4     32.4     28.4     36.1 2021  6 18 12 26  6.630  0.69   1
     4125  55.216471 -162.152881     9.513   -23887.2    12823.4    -9526.1     23.5     27.5     38.5 2021  6 18 19 15 14.660  0.51   1
     4132  54.493416 -163.203516    13.744   -91673.4   -67670.4    -5295.0     20.0     19.7     21.1 2021  6 18 20 51 32.360  1.60   1
     4144  55.353475 -161.864665    20.766    -5506.7    28075.3     1727.5     16.5     17.1     12.2 2021  6 19  1 25  8.930  0.36   1
     4145  55.006010 -162.355729    14.662   -36913.5   -10606.1    -4376.5     16.7     18.3     17.7 2021  6 19  2 53 26.610  1.66   1
     4146  54.998417 -162.361589     8.305   -37291.5   -11451.4   -10734.3      6.5      9.2     10.2 2021  6 19  2 53 53.080  0.64   1
     4149  54.405265 -163.248975     7.005   -94699.7   -77483.8   -12034.1     35.0     30.7     27.9 2021  6 19  7 50 29.840  3.06   1
     4153  54.793901 -161.091976    31.569    43965.9   -34219.1    12530.4     17.9     21.9     43.0 2021  6 19 10 14 15.130  0.90   1
     4154  54.962651 -160.745622    10.322    66020.7   -15433.1    -8716.5     41.7     56.8     49.4 2021  6 19 10 16 26.140  1.41   1
      416  55.167818 -161.472998    29.098    19460.8     7407.2    10058.9     21.2     37.4     30.0 2021  1 13 21 42 18.680  2.63   1
     4161  55.397168 -162.345736    48.261   -36098.2    32939.4    29222.2     63.4     48.6     19.6 2021  6 19 15 59 51.280  0.84   1
     4164  54.949178 -162.069678     5.195   -18645.7   -16932.9   -13843.7      6.3     10.8     13.3 2021  6 19 16 32 56.240  0.12   1
     4165  55.381909 -161.862484    31.692    -5366.0    31240.8    12653.3     31.8     39.5     15.4 2021  6 19 21 40 49.040  0.98   1
     4170  54.931136 -162.287516     5.964   -32584.5   -18941.4   -13074.9     11.3     11.8      7.5 2021  6 20  0 20 56.300  1.11   1
     4172  54.848954 -162.568197    34.495   -50590.4   -28090.3    15456.0     73.9     56.9     72.2 2021  6 20  0 45 25.130  1.10   1
     4176  55.037809 -161.639600     0.603     8849.4    -7066.1   -18436.1     22.9     18.7     17.4 2021  6 20  2 39 25.990  2.46   1
     4177  54.460685 -161.255046    11.525    33655.2   -71314.2    -7514.1     14.4     14.1     12.0 2021  6 20  2 41 24.880  1.15   1
     4180  54.937309 -162.872721     1.901   -70013.2   -18254.2   -17137.7     15.3     26.1     17.2 2021  6 20  3 23 46.280  1.29   1
     4185  54.568787 -161.347819     9.152    27649.3   -59279.9    -9886.9     21.0     16.3     16.9 2021  6 20  7 47 25.200  1.27   1
     4196  55.134973 -161.715348    18.031     4005.5     3750.7    -1007.6     16.8     14.7     16.2 2021  6 20 15  1  2.300  0.99   1
     4197  54.453406 -161.814648    17.998    -2350.1   -72124.6    -1040.4     22.5     15.4     28.7 2021  6 20 15  5 19.400  1.61   1
     4206  54.745785 -162.582308     4.421   -51559.8   -39575.6   -14618.1     11.9      9.9     14.4 2021  6 20 21 38  4.240  2.22   1
     4212  55.248897 -161.857308    30.239    -5045.1    16433.3    11200.0    119.2     51.3     23.7 2021  6 21  1 44 22.090  0.60   1
     4213  55.111528 -162.426432    41.924   -41377.6     1140.6    22884.7     22.0     43.9     20.4 2021  6 21  1 53  1.600  1.69   1
     4215  54.891418 -162.163949     0.803   -24692.3   -23363.0   -18236.3     10.1     10.5     10.0 2021  6 21  2 33 11.480  0.33   1
     4218  55.100281 -162.225163     5.972   -28535.8     -111.4   -13066.9     19.4     31.7     17.8 2021  6 21  2 35 11.390  0.15   1
      422  55.076599 -162.041585     3.878   -16822.4    -2747.8   -15161.2     13.8     16.0     31.8 2021  1 13 22 45 41.860  0.91   1
     4220  55.412675 -161.929362    27.709    -9616.3    34665.8     8669.9     31.1     31.9     17.9 2021  6 21  7 59 55.150  0.09   1
     4221  55.285522 -161.579004    47.614    12681.2    20510.5    28575.5    103.8    102.8     57.8 2021  6 21  8  2  0.740  0.77   1
     4222  54.811051 -161.245996    31.090    34089.6   -32309.8    12051.3     18.9     15.1     35.3 2021  6 21  9 56 53.630  2.15   1
     4223  55.126538 -161.511149     1.470    17036.3     2811.7   -17569.0      8.0     16.1     10.3 2021  6 21  9 57 16.050  2.02   1
     4224  55.107104 -162.213200     5.101   -27769.8      648.2   -13938.1     13.2     14.3     10.4 2021  6 21 10  4 51.070  0.34   1
     4226  55.307625 -161.586800     9.273    12181.3    22971.1    -9765.7     16.6     18.8     24.4 2021  6 21 11 55 41.980  0.98   1
      423  55.056588 -162.047054     2.263   -17175.9    -4975.5   -16775.6      4.4      9.8     10.6 2021  1 13 22 46 11.400  0.56   1
     4238  54.419291 -161.633317     8.581     9321.8   -75922.4   -10457.4     47.0     28.0     38.7 2021  6 21 14 53 44.070  2.03   1
     4240  54.597807 -161.248486    27.913    34019.7   -56049.2     8873.8     10.9      9.2     36.3 2021  6 21 17 21  4.620  2.88   1
     4247  54.567525 -161.320524    11.893    29403.5   -59420.3    -7146.2     27.5     18.5     19.4 2021  6 22  7  4 16.310  1.82   1
      425  55.095675 -162.049202     3.161   -17304.7     -624.2   -15877.6      9.9     13.4     17.5 2021  1 13 23 19 54.520  0.69   1
     4250  55.225260 -161.692692    22.161     5445.0    13801.9     3122.3     44.3     30.6     32.3 2021  6 22  8  2 11.240  0.95   1
     4252  55.097795 -162.959652     1.684   -75422.8     -388.2   -17354.6     16.8     32.4     19.3 2021  6 22  9 54  5.540  1.36   1
     4253  55.306287 -161.608740    28.804    10784.6    22822.1     9765.6     13.0     13.8     18.0 2021  6 22  9 59 29.680  1.23   1
      426  55.097563 -162.047119     2.895   -17171.3     -414.0   -16143.4     10.0     10.8      9.4 2021  1 13 23 37 36.140  0.72   1
     4261  54.729683 -160.807894    34.797    62218.3   -41368.1    15758.1     23.5     23.3     49.6 2021  6 22 18 38 50.000  2.26   1
     4262  54.652657 -161.193522    12.464    37524.7   -49943.0    -6574.7     17.1     18.5     17.4 2021  6 22 19  3 26.840  1.51   1
     4263  54.505668 -162.203434    57.472   -27349.5   -66306.5    38433.4     40.4      9.3     11.9 2021  6 22 19 40 20.340  1.80   1
     4265  55.374943 -161.761963    20.676     1028.1    30465.3     1637.0     31.1     24.3     11.7 2021  6 22 20  2  9.700  0.68   1
     4268  54.985657 -161.896403     2.921    -7560.8   -12871.9   -16118.3     13.3      9.9      8.7 2021  6 22 23 12 45.300  0.94   1
     4270  55.133647 -161.768734     6.449      599.2     3603.0   -12590.1     12.1     17.3     17.2 2021  6 23  1 16 53.250  0.32   1
     4271  55.350020 -161.227507    17.221    35038.2    27690.8    -1818.3     17.3     33.5     33.9 2021  6 23  5  6 23.470  0.79   1
     4272  55.290320 -161.876725     7.119    -6279.0    21044.6   -11919.5     14.1     11.9     19.9 2021  6 23  5  6 45.290  1.49   1
     4275  55.404118 -162.706217     2.216   -59018.6    33713.1   -16823.1     25.1     26.8     26.2 2021  6 23 12 36 44.650  2.11   1
     4285  55.381852 -161.933952    40.963    -9912.0    31234.4    21924.1     48.9     33.6     26.0 2021  6 25  8 20 16.700  0.87   1
      429  55.101969 -162.049365     3.223   -17313.7       76.6   -15816.0      5.6      9.4     22.2 2021  1 13 23 49 37.880  1.30   1
     4291  55.292078 -161.786263    21.054     -518.2    21240.3     2014.7     39.7     29.6     20.4 2021  6 25 15 23  3.090  1.99   1
     4294  55.014526 -161.603467    19.339    11160.9    -9658.0      300.2     18.4     22.2     26.3 2021  6 25 18 35  2.740  1.25   1
     4299  54.620292 -161.293197    29.730    31139.2   -53546.0    10690.8     18.2     17.2     42.3 2021  6 26  2 45 35.190  1.77   1
       43  54.821582 -161.812923     0.288    -2229.0   -31137.5   -18751.0     20.6     17.6     16.0 2021  1  2 11 51 52.070  1.44   1
      430  55.101860 -162.050033     2.821   -17356.3       64.3   -16217.8     12.7      8.7     10.0 2021  1 13 23 52  2.120  1.04   1
     4301  55.190564 -161.270036    15.289    32396.4     9939.3    -3749.6     24.0     29.4     72.2 2021  6 26  3 13 42.950  1.35   1
     4302  55.354513 -161.848193    10.304    -4458.5    28190.8    -8735.1     20.4     12.4     15.8 2021  6 26  3 14 15.740  0.73   1
     4306  54.529655 -161.771940    13.084      397.6   -63636.2    -5954.7     19.6     14.2     17.3 2021  6 26 15 14  9.370  1.38   1
     4308  55.074756 -161.889095    45.072    -7085.8    -2953.0    26033.6     73.8     60.8     63.5 2021  6 26 16  3 36.550  1.01   1
     4309  55.358040 -160.960645    46.435    52014.6    28583.6    27396.5     16.4     38.1     25.9 2021  6 26 16 31 50.790  1.48   1
     4315  54.645382 -161.559245    12.975    14050.8   -50752.9    -6063.6     27.3     19.3     26.5 2021  6 26 20  4 10.440  2.60   1
     4316  54.787472 -161.839616    24.951    -3940.4   -34934.8     5912.1     26.9     11.2     11.3 2021  6 26 20  4 18.300  2.96   1
     4322  54.607874 -161.265153    31.226    32945.1   -54928.5    12186.6     10.0     10.0     24.5 2021  6 27  1 59 57.060  1.65   1
     4323  55.105371 -162.211735     5.012   -27676.9      455.2   -14026.8     13.5     15.4     21.8 2021  6 27  3 10 27.460  0.38   1
     4331  55.225468 -162.357845    12.950   -36947.6    13825.0    -6088.9     30.3     33.4     43.1 2021  6 27  7 25 25.280  1.71   1
     4332  55.080648 -161.690674    26.065     5583.6    -2297.1     7025.9     26.0     25.0     33.0 2021  6 27  8 17 30.870  0.61   1
     4335  55.212203 -161.649642    35.123     8190.0    12348.3    16083.8     31.0     22.2     24.4 2021  6 27  9 40 12.910  0.24   1
     4336  55.373071 -161.543050     8.974    14954.5    30256.9   -10064.5     13.5     24.8     22.1 2021  6 27 10 16 59.090  0.24   1
     4339  55.279484 -161.657210    14.158     7701.1    19838.3    -4881.1     20.1     18.1     19.7 2021  6 27 14 31 30.200  0.23   1
     4342  55.497091 -162.148649    30.277   -23534.6    44063.3    11237.8    117.7    103.4    107.9 2021  6 27 16 34 13.480  1.32   1
     4345  55.398409 -161.651693     8.575     8040.6    33077.6   -10464.1     16.7     39.9      8.6 2021  6 27 17 15 50.320  0.64   1
     4348  54.963623 -161.589844    20.934    12039.0   -15324.8     1895.2     15.4     14.4     23.1 2021  6 27 23 55 56.660  0.83   1
     4349  54.827738 -161.373437    29.445    25920.0   -30452.1    10406.3     10.9     13.0     27.1 2021  6 27 23 56  6.060  1.35   1
     4353  55.252470 -161.626546    49.228     9657.4    16831.0    30189.6     93.8     78.4     50.2 2021  6 28  8  6 19.230  0.90   1
     4357  54.477922 -162.979281    14.008   -77266.5   -69395.4    -5031.2     33.8     27.7     32.6 2021  6 28  9 19 33.570  1.33   1
     4358  54.402909 -161.654704     9.527     7946.6   -77746.1    -9511.8     25.7     17.4     23.3 2021  6 28 10 15 43.900  1.48   1
     4361  55.267867 -161.818701    52.318    -2584.7    18545.1    33279.1     71.8     45.5     26.3 2021  6 28 12  0 14.640  1.11   1
     4365  55.417688 -161.456868    10.343    20425.6    35223.8    -8696.1     16.4     20.2     37.3 2021  6 28 13 22 43.780  0.55   1
     4368  54.617753 -161.518896    45.154    16646.6   -53828.7    26115.4     14.1     11.8     15.5 2021  6 28 16  4 46.700  1.23   1
     4370  55.187801 -161.795638    20.665    -1116.7     9631.7     1626.0     76.7     18.7     24.4 2021  6 28 17  9  2.320  0.58   1
     4373  54.488306 -161.706429    15.251     4611.4   -68239.4    -3787.6     23.6     18.8     23.0 2021  6 28 18 39 41.400  1.00   1
     4376  54.991833 -161.876172    10.175    -6267.1   -12184.3    -8864.3     14.9     12.3     30.9 2021  6 28 20 21 15.940  0.82   1
     4378  55.002511 -162.295508     9.764   -33066.3   -10995.7    -9274.7     14.1     10.1     14.4 2021  6 28 21  9 23.720  1.11   1
      438  54.429830 -161.338444     8.181    28300.0   -74749.2   -10857.6     60.6     48.5     65.8 2021  1 14  2  7 56.070  1.53   1
     4383  55.163184 -162.176432     2.085   -25405.2     6891.2   -16954.1     14.8     18.7     20.3 2021  6 29  0 17 22.290  0.37   1
     4386  55.335164 -161.725814     6.367     3329.4    26036.9   -12671.8      7.0      9.3      8.5 2021  6 29  0 57 57.850  1.85   1
     4393  54.896712 -161.569189    19.155    13370.8   -22773.6      116.4     14.9     15.9     18.4 2021  6 29  8 12 43.520  1.05   1
     4400  55.160974 -161.846794     7.624    -4380.0     6645.2   -11415.3     14.0     16.7     17.4 2021  6 29 12 38 19.600  0.43   1
     4402  54.784550 -161.936117     1.932   -10124.7   -35260.1   -17107.1     15.7     10.1     11.2 2021  6 29 17 54 52.480  1.33   1
     4409  54.982064 -161.890495     3.945    -7183.5   -13271.9   -15093.7     18.3     11.7     22.3 2021  6 30  1 46 12.980  1.38   1
     4410  54.607642 -161.281706    11.737    31882.1   -54954.3    -7301.6     15.7     13.4     13.3 2021  6 30  1 48 22.170  1.73   1
     4411  55.014229 -162.265283     2.933   -31130.1    -9691.1   -16105.5     22.6     18.5     18.7 2021  6 30  2 59 12.060  1.17   1
     4413  55.019104 -161.497835    33.312    17909.8    -9148.4    14272.7     18.0     12.8     21.5 2021  6 30 10 40  7.880  1.94   1
     4419  55.147652 -160.951481    71.510    52736.0     5162.2    52471.3     25.1     36.3     26.4 2021  7  1  0 35 51.240  2.53   1
     4422  54.736096 -163.510303    12.943  -111071.1   -40654.2    -6095.6     18.0     24.3     19.9 2021  7  1 10 29 36.020  2.03   1
     4423  54.875472 -163.148991    17.006   -87751.4   -25138.2    -2032.4     22.5     33.8     29.1 2021  7  1 17 26 23.240  2.29   1
     4432  54.952128 -162.069043     5.305   -18604.4   -16604.5   -13734.3      7.3     10.0     12.8 2021  7  2 20 25 30.240  1.67   1
     4437  54.499361 -161.724414    11.212     3454.1   -67008.6    -7826.8     11.3      9.6     11.0 2021  7  3 12 15 37.400  1.94   1
     4444  55.035555 -161.789046    16.700     -697.7    -7317.0    -2338.6     24.9     16.0     10.2 2021  7  4  2 21  5.830  1.33   1
     4448  55.241467 -161.402865    40.220    23911.9    15606.1    21181.5     24.2     29.5     22.6 2021  7  4  7  6 29.930  0.82   1
      445  54.547489 -161.209831     9.794    36525.3   -61650.8    -9244.8     20.1     13.3     13.3 2021  1 14  3 41 35.420  2.25   1
     4450  54.551953 -162.103516    21.585   -20912.3   -61153.8     2546.1     29.5     20.0     20.4 2021  7  4 14 27 16.240  1.15   1
     4452  55.482084 -161.777100     0.923       65.1    42392.7   -18115.4     38.7     31.2     28.5 2021  7  4 15  1 17.480  0.82   1
     4454  55.212126 -161.931299     4.617    -9763.9    12339.7   -14422.1     13.6     15.8     17.4 2021  7  4 18 15 21.120  0.26   1
     4459  55.053304 -161.663477    22.772     7322.6    -5341.1     3733.4     13.4     16.5     18.6 2021  7  4 20 39  1.200  1.23   1
     4465  55.380843 -162.131787    24.126   -22496.4    31122.1     5087.5     83.1    132.4     75.0 2021  7  5  2 20 34.560  0.02   1
     4468  54.975793 -160.820052    58.082    61251.5   -13969.9    39042.6      8.0     28.3      9.5 2021  7  5  2 47 31.390  1.37   1
     4475  54.954093 -162.254053     2.290   -30435.2   -16385.7   -16748.7      6.9     10.1     11.0 2021  7  5 18 18  8.520  1.18   1
     4476  54.937488 -162.244076     1.779   -29803.3   -18234.3   -17260.2     10.9      9.8     13.8 2021  7  5 18 18 20.600  1.62   1
      448  55.059985 -162.444548     3.034   -42561.1    -4597.3   -16005.1     17.1     19.4     48.2 2021  1 14  5 15 42.230  1.23   1
     4481  54.536784 -162.573047    20.973   -51097.8   -62842.6     1934.0     27.8     18.2     33.6 2021  7  5 23 55 26.360  1.45   1
     4482  55.306698 -161.823421    14.936    -2884.0    22867.9    -4103.2     30.0     15.0     14.2 2021  7  6  0 32 48.470  0.46   1
      449  55.045052 -162.076139     9.750   -19036.2    -6259.7    -9289.3      8.2     19.6     28.6 2021  1 14  5 28 25.250  0.58   1
     4494  55.264144 -161.534652     6.883    15509.9    18130.6   -12155.8     13.9     15.8     53.1 2021  7  6 12 45 54.120  0.17   1
     4497  54.756189 -161.054899    31.172    46363.3   -38417.4    12132.7     12.1     10.3     25.4 2021  7  6 17 56 24.900  2.19   1
     4498  55.205408 -161.619320    12.796    10123.8    11591.8    -6243.3     21.2     38.7     45.2 2021  7  6 18 44 15.680  1.23   1
     4502  54.815845 -161.193783    30.685    37432.4   -31776.2    11646.2     15.4     17.5     38.5 2021  7  6 21 35 16.960  2.77   1
     4511  55.102722 -162.367285     8.032   -37606.7      160.4   -11006.9     19.1      9.2     18.4 2021  7  7  9 44 11.680  0.66   1
     4513  55.070951 -162.160514     4.845   -24418.0    -3376.5   -14193.6     16.0     18.6     25.8 2021  7  7 11 42 57.200  0.53   1
     4518  55.104635 -162.384619     6.934   -38712.3      373.3   -12105.2     17.0      8.0     20.5 2021  7  7 14 16 21.290  0.34   1
     4520  55.289425 -162.112061    24.978   -21265.9    20945.0     5938.9     42.3     30.5     49.6 2021  7  7 15 59 53.770  1.23   1
     4522  54.778691 -161.229801    33.629    35141.2   -35912.4    14590.6     10.7     16.6     30.9 2021  7  7 19 52 52.340  2.06   1
     4524  55.262244 -161.894401     8.530    -7407.3    17919.0   -10509.3     33.5     11.8     16.4 2021  7  7 20 45 36.740  0.90   1
     4525  55.333618 -161.597673     9.278    11485.3    25864.8    -9760.4     32.5     37.5     62.3 2021  7  7 22 34 11.960  0.65   1
     4531  55.082324 -161.434017     1.828    21970.4    -2110.4   -17210.6     17.7     19.8     18.0 2021  7  8  4  1 53.270  1.57   1
     4537  55.300252 -161.918750    26.070    -8954.1    22150.3     7031.5     60.3     56.2     44.5 2021  7  8  7 45 43.930  0.98   1
      454  55.307092 -161.653760    29.189     7918.1    22911.8    10149.9     44.9     59.1     26.9 2021  1 14  6 11 28.110  0.59   1
     4540  54.459314 -163.132650     7.540   -87152.2   -71466.9   -11499.2     23.1     19.6     21.6 2021  7  8 12 11 31.290  1.60   1
     4543  54.362752 -161.659684    12.717     7629.7   -82216.6    -6321.6     32.6     23.1     25.9 2021  7  8 15 10 15.810  1.26   1
     4549  55.276058 -162.072705    21.675   -18762.7    19456.9     2636.4     30.2     34.9     31.9 2021  7  8 21 55  7.980  0.76   1
     4550  54.768970 -163.007601    11.512   -78804.7   -36994.5    -7526.5     12.2      8.0     28.7 2021  7  8 22 29 34.120  1.26   1
     4551  54.628682 -161.316927    31.221    29612.3   -52612.0    12181.6     15.7     16.3     33.9 2021  7  8 22 50  7.200  1.39   1
      456  54.595870 -161.295443    12.354    31004.3   -56264.8    -6684.6     10.6      9.5     10.5 2021  1 14  6 30 46.600  2.02   1
      457  54.562651 -161.219873    13.683    35873.1   -59963.0    -5355.7     19.6     17.3     15.1 2021  1 14  6 32 54.860  3.58   1
     4572  55.207332 -162.222168    16.534   -28306.8    11806.1    -2505.2     19.2     19.7     17.5 2021  7  9 13 43  5.320  2.19   1
     4575  54.958687 -161.555485    19.605    14236.8   -15874.3      566.0     12.2     12.7     20.1 2021  7  9 15  3 55.090  1.22   1
     4579  54.555782 -163.344255    13.058  -100647.6   -60727.6    -5981.1     18.0     19.6     20.8 2021  7  9 19 13 56.000  1.44   1
      458  54.575627 -161.285238    29.449    31667.7   -58518.4    10410.5     17.5     11.8     35.3 2021  1 14  6 33 52.080  2.82   1
     4583  55.201750 -161.938981    10.211   -10255.0    11184.6    -8828.0     21.4     24.3     19.1 2021  7 10  0  5 57.390  0.53   1
     4588  55.406750 -161.857096     8.034    -5021.7    34006.2   -11004.5     22.9     22.6     17.9 2021  7 10  7  5 59.730  0.52   1
      459  54.582068 -161.325326    11.966    29089.8   -57801.3    -7073.4     21.7     15.5     16.6 2021  1 14  6 38 26.640  1.53   1
     4591  55.451660 -161.880924    29.422    -6533.3    39005.8    10382.8     16.3     15.9      5.8 2021  7 10 11  3 19.860  1.09   1
     4596  55.282381 -161.724821    17.444     3394.8    20160.8    -1594.6     17.4     14.9     11.5 2021  7 10 14 34 15.640  0.83   1
      460  54.569853 -161.279687    24.874    32026.6   -59161.2     5835.5     14.9      9.8     10.4 2021  1 14  6 43 26.000  1.84   1
     4605  55.493009 -161.569840    30.296    13230.3    43609.0    11256.9     22.3     23.2     25.1 2021  7 11  1 25 40.410  1.47   1
     4606  55.399638 -161.904362    16.229    -8028.0    33214.4    -2809.6     16.1     12.7     11.6 2021  7 11  1 59  7.380  0.56   1
     4611  55.555632 -161.105469    63.165    42693.8    50580.4    44126.0     80.2     99.3     84.1 2021  7 11 10 56 20.030  1.77   1
     4612  55.337439 -161.541471    16.329    15061.7    26290.1    -2709.7     20.4     24.1     34.1 2021  7 11 10 56 26.820  0.83   1
     4613  55.194169 -161.549089    38.876    14603.0    10340.7    19837.4     47.7    102.1     38.9 2021  7 11 10 57 42.430  1.07   1
     4614  55.216024 -161.706966     3.501     4535.7    12773.6   -15537.8     21.0     12.6     26.2 2021  7 11 11 28 36.000  0.23   1
     4615  54.882227 -162.993294    13.588   -77778.5   -24386.3    -5450.3     28.9     36.7     41.5 2021  7 11 17  6 33.980  1.60   1
     4627  54.673730 -162.265348    34.853   -31265.9   -47597.0    15814.0     77.0     16.1     29.8 2021  7 11 23  3 12.840  1.59   1
     4637  55.352466 -161.752653    17.908     1620.8    27963.0    -1131.1     32.4     29.9     19.4 2021  7 12  5  1 56.300  0.89   1
     4641  54.639010 -161.896045    34.954    -7570.4   -51462.3    15915.1     65.2     45.3     76.3 2021  7 12  8 31  3.070  1.13   1
     4645  55.137048 -161.258154    13.841    33176.1     3981.7    -5198.1     46.1     46.2     61.1 2021  7 12 10 41 33.710  1.60   1
     4653  55.364811 -161.743018    37.416     2233.6    29337.3    18377.4     44.7     44.8     27.9 2021  7 12 14 54 30.030  1.42   1
     4656  54.915792 -162.753971     1.540   -62434.3   -20649.6   -17498.8     20.6     28.5     23.6 2021  7 12 16  6 56.230  0.87   1
     4661  54.649231 -162.470150    68.372   -44421.8   -50324.4    49332.7     35.1     24.7     23.7 2021  7 12 21 46 18.640  1.28   1
     4663  55.029309 -162.296240    11.581   -33102.1    -8012.3    -7458.3     28.0     24.7     18.1 2021  7 12 21 47  0.100  1.43   1
     4669  54.803133 -162.002995     1.564   -14407.2   -33191.3   -17474.8      9.8      9.1     10.0 2021  7 13  1 13 57.760  0.62   1
     4671  54.922180 -162.641048    33.628   -55205.1   -19938.4    14588.8     17.0     16.6     20.3 2021  7 13  2 12 40.900  1.48   1
     4673  55.361454 -161.817057    15.064    -2477.1    28963.6    -3974.8     28.5     18.7     13.2 2021  7 13  4  9 14.290  0.10   1
     4674  55.668701 -161.481364     2.699    18808.8    63167.8   -16340.3     63.5     49.4     55.3 2021  7 13  4 23 53.660  1.13   1
     4675  55.395154 -161.874837    12.003    -6150.7    32715.2    -7035.4     22.0     16.8     18.5 2021  7 13  4 30  9.930  0.19   1
     4680  54.369303 -161.396663    16.674    24571.0   -81487.3    -2365.2     80.6     60.2     62.9 2021  7 13  6  3 25.690  1.36   1
     4681  55.248295 -161.982617     5.396   -13029.3    16366.2   -13642.9     33.2     25.9     29.7 2021  7 13  6  3 54.010  0.36   1
     4682  54.681592 -163.461117    12.135  -107989.9   -46721.9    -6904.2     12.7     11.4     13.6 2021  7 13  6 47 56.560  1.46   1
     4684  55.381287 -161.908480    15.961    -8291.8    31171.5    -3077.6     24.8     27.6     14.9 2021  7 13  7 20 54.030  0.65   1
     4686  55.004268 -162.253467     5.367   -30378.8   -10800.0   -13671.6     18.2     16.7     16.3 2021  7 13  7 49  4.670  2.77   1
      469  54.567896 -161.261230    24.255    33213.4   -59379.1     5216.2     16.4     14.9     14.8 2021  1 14 11  1 27.670  2.23   1
     4699  55.419633 -161.385677    22.318    24951.4    35440.4     3279.5     22.2     34.2     23.9 2021  7 13 12 18 58.060  1.16   1
     4703  55.247005 -161.515739     8.957    16718.3    16222.6   -10082.2     21.3     22.6     39.9 2021  7 13 13  5 16.280  1.03   1
     4706  54.710319 -161.479997    49.500    19122.7   -43523.8    30461.2     23.5     21.5     25.2 2021  7 13 14 46 34.100  1.28   1
     4707  55.251017 -162.008154    18.477   -14655.9    16669.3     -562.4     23.0     18.0     22.3 2021  7 13 15 25 34.290  0.41   1
     4708  54.495219 -162.148535    69.645   -23822.2   -67469.8    50606.1     62.1     23.4     25.7 2021  7 13 16  5 14.050  1.79   1
     4712  55.423865 -161.913607    15.452    -8613.3    35911.5    -3587.2     20.4     24.2     20.1 2021  7 13 18 27 25.340  0.49   1
     4714  55.066593 -161.629248     3.356     9507.3    -3861.7   -15683.3     30.8     24.9     39.4 2021  7 13 18 33 12.400  0.64   1
     4716  55.326396 -161.837549    17.020    -3782.5    25060.7    -2019.2     27.8     18.5     14.9 2021  7 13 18 35 57.780  0.55   1
     4720  54.629268 -162.946077    61.203   -74990.6   -52546.7    42163.7     20.8     20.3     21.9 2021  7 13 21 36  6.880  1.67   1
     4733  55.197872 -161.413639    35.318    23237.9    10752.9    16279.5     47.9     49.4     47.8 2021  7 14  5  5 18.740  1.13   1
     4739  54.959749 -161.388802    35.869    24895.1   -15756.1    16830.4     24.0     23.7     22.3 2021  7 14 10 44 55.050  1.15   1
     4740  54.966459 -163.116797    13.295   -85593.8   -15009.1    -5743.4     14.6     25.0     16.8 2021  7 14 12 30 40.540  1.22   1
     4743  55.356755 -162.276318    21.895   -31699.5    28440.4     2855.8     22.4     23.8     27.7 2021  7 14 15 59 54.440  0.65   1
     4745  54.949129 -163.037744     0.395   -80556.6   -16938.3   -18643.9     28.9     42.8     26.0 2021  7 14 16 18 52.940  1.98   1
     4747  54.975928 -163.108838    13.222   -85074.9   -13955.0    -5816.4     11.2     22.8     17.0 2021  7 14 16 26  6.050  0.93   1
     4748  54.929464 -161.547428    29.331    14757.4   -19127.6    10292.0     26.6     26.4     53.5 2021  7 14 16 36 55.550  0.74   1
     4749  55.173739 -161.908333    12.295    -8304.0     8066.2    -6743.7     19.0     23.3     18.5 2021  7 14 16 37 18.660  0.77   1
      475  55.161694 -161.891292    20.667    -7218.3     6725.4     1628.1     26.4     23.0     27.0 2021  1 14 15 59 37.150  0.43   1
     4751  54.509880 -161.104720    12.751    43301.0   -65837.7    -6287.8     23.9     23.1     20.2 2021  7 14 17  7 51.240  1.39   1
     4752  54.982141 -163.122266    12.809   -85926.8   -13263.3    -6230.3      7.4     18.5     11.3 2021  7 14 17 26 13.840  0.80   1
     4757  55.295593 -160.636882    53.013    72671.7    21631.7    33974.0      8.0     32.4     13.4 2021  7 14 18 16  1.720  1.42   1
     4759  55.321879 -162.033789    15.704   -16274.7    24557.9    -3334.9     22.1     30.9     21.3 2021  7 14 18 41  0.480  0.08   1
     4760  54.716097 -162.460205    11.315   -43747.3   -42880.6    -7723.9     17.3     12.0     26.1 2021  7 14 18 44 43.160  0.70   1
     4763  55.004993 -161.534961    30.704    15540.3   -10719.4    11665.6     18.6     21.2     27.6 2021  7 15  0 53 45.770  1.21   1
     4777  54.965177 -162.260075     2.158   -30816.1   -15151.8   -16881.0     10.8     11.5     13.5 2021  7 15 11  1 54.060  1.20   1
     4778  55.159993 -161.941846     2.508   -10443.0     6536.1   -16531.3     22.2     25.5     17.9 2021  7 15 11 12  0.550  0.69   1
     4783  54.988623 -162.273584     0.490   -31670.6   -12541.7   -18548.6     15.7     12.6     12.9 2021  7 15 13 38  1.880  3.07   1
     4786  54.865019 -161.147965    27.095    40342.8   -26301.9     8056.0     15.2     12.1     48.2 2021  7 15 17 35 26.800  2.56   1
     4795  54.597941 -163.363102    12.911  -101805.9   -56034.2    -6127.5     19.2     19.6     18.2 2021  7 15 23 15 37.720  1.07   1
     4796  55.304688 -162.184912    16.717   -25900.3    22644.1    -2321.5     22.2     18.6     29.6 2021  7 15 23 59 55.540  0.87   1
     4798  55.936210 -162.459424    13.803   -43035.4    92948.1    -5235.9     44.1     35.5     43.6 2021  7 16  0 42 45.590  2.38   1
     4810  55.281848 -161.603532    19.633    11119.6    20101.5      593.8     19.3     18.0     16.4 2021  7 16  5 49 28.290  2.96   1
     4812  54.854199 -161.049951    13.896    46623.9   -27506.4    -5142.9     26.9     30.9     28.5 2021  7 16  7 28 56.660  1.64   1
     4815  54.774597 -161.111589    31.425    42719.4   -36368.1    12386.6     21.7     23.0     55.2 2021  7 16  9 46 59.940  2.35   1
     4818  54.809135 -160.698844    12.396    69143.3   -32523.2    -6643.0     76.8     80.0     67.2 2021  7 16 14 27 49.820  1.93   1
     4825  55.108073 -161.062858    14.443    45653.2      756.0    -4595.7     14.4     34.5     31.7 2021  7 16 19 12 22.420  1.30   1
     4826  55.034729 -161.567513    16.608    13455.0    -7409.0    -2431.3     31.1     45.5     50.5 2021  7 16 19 14  5.040  1.12   1
      483  54.550488 -162.492546    58.526   -45915.4   -61316.9    39486.8     31.1     20.9     22.8 2021  1 14 19 23 40.880  1.84   1
     4840  55.053617 -161.149512    39.424    40149.6    -5306.2    20385.5     30.1     45.3     50.5 2021  7 17  1 58 19.480  1.61   1
     4843  55.197591 -162.187972    16.727   -26130.1    10721.6    -2311.8     19.7     26.4     31.1 2021  7 17  3 34 35.640  1.96   1
     4850  55.532214 -161.838086     9.261    -3806.9    47973.4    -9778.0     13.7     11.0     16.3 2021  7 17  6 51  4.340  0.22   1
     4851  54.921008 -162.169645     1.214   -25047.7   -20068.9   -17825.3      9.2      9.6      9.8 2021  7 17  7 17  6.110  1.02   1
     4863  55.192879 -162.304850     6.586   -33583.7    10197.1   -12453.2     33.8     15.8     25.6 2021  7 17 20 27 25.800  0.18   1
     4874  54.449495 -161.594320     8.929    11827.8   -72559.9   -10109.6     21.1     14.8     19.3 2021  7 18  1  1 52.230  2.14   1
     4878  55.055758 -162.833024     4.372   -67374.7    -5068.0   -14666.5      9.4     17.4     14.6 2021  7 18  5 26 36.120  0.65   1
     4880  55.303524 -162.188542    33.072   -26131.8    22514.5    14033.4     24.1     26.6     13.4 2021  7 18  7 59 53.010  1.00   1
     4882  54.660107 -161.897445     2.695    -7658.2   -49113.6   -16344.0     37.5     17.4     19.9 2021  7 18 11 27 20.990  1.78   1
     4884  55.159241 -161.719727    17.410     3725.0     6452.3    -1628.5     26.9     32.4     33.2 2021  7 18 12 55 42.130  0.33   1
     4885  55.473897 -161.533203     5.081    15561.3    41481.3   -13957.9      8.1     11.3     21.0 2021  7 18 13  1  4.330  0.84   1
     4893  55.329545 -161.664795     4.995     7213.5    25411.3   -14043.9     10.4     14.6     23.4 2021  7 18 16 10 50.680  0.95   1
     4898  55.109916 -161.661263    22.402     7458.8      961.2     3363.4     17.2     25.7     22.0 2021  7 18 17 55 44.500  1.15   1
     4899  55.909298 -162.419710    13.337   -40540.6    89952.1    -5701.9     44.1     35.5     43.6 2021  7 18 17 55 47.360  1.53   1
      490  54.527816 -162.051465    52.996   -17572.3   -63840.9    33957.2     32.8     12.2     13.9 2021  1 14 21 44  4.920  1.57   1
     4900  54.954944 -160.926058    12.920    54488.4   -16291.0    -6119.3     29.2     57.5     29.3 2021  7 18 20 41 55.000  1.17   1
     4902  55.016634 -162.298031    12.271   -33221.7    -9423.4    -6768.3     16.8     13.8     14.9 2021  7 18 22 16 44.080  1.42   1
     4919  54.479639 -162.946208    12.516   -75137.5   -69204.2    -6522.5     29.3     23.4     29.0 2021  7 19  5 28 39.740  1.55   1
      492  55.289030 -162.046110    14.073   -17066.1    20901.0    -4965.8     23.3     28.3     27.7 2021  1 14 22 51 22.560  0.29   1
     4922  55.142529 -161.885335    11.082    -6840.0     4591.9    -7956.7     16.5     17.6     18.5 2021  7 19  6 49 48.660  1.23   1
     4928  55.373287 -161.771126     7.637      445.2    30280.9   -11402.1     20.3     27.6     25.8 2021  7 19 10 54  2.080  0.80   1
     4930  55.192806 -162.085693    18.686   -19610.4    10188.9     -353.0     33.1     29.2     35.6 2021  7 19 11  1 36.140  1.05   1
     4938  55.289608 -161.695801    18.493     5242.6    20965.3     -545.5     19.0     12.1     11.8 2021  7 19 13 53 47.990  0.42   1
     4948  54.880497 -161.471061    36.009    19654.4   -24578.8    16970.2     53.2     74.6     87.1 2021  7 19 20 12 17.800  1.43   1
      495  54.637834 -161.325879    10.191    29034.3   -51593.2    -8847.4     20.2      8.6     25.8 2021  1 14 23 56  1.640  1.51   1
     4952  55.395097 -162.417171    22.533   -40642.3    32708.9     3494.0     33.4     60.7     53.4 2021  7 19 23 59 53.100  1.16   1
      496  55.140186 -162.040234    26.926   -16722.9     4331.0     7886.7     27.1     58.4     21.0 2021  1 15  1  1 21.850  2.06   1
     4965  55.040104 -161.770020    10.135      517.8    -6810.6    -8904.2     13.9     14.2     16.3 2021  7 21  6 39 15.070  1.98   1
     4966  55.163318 -161.570020    34.477    13273.6     6906.2    15438.6     69.8     56.5     66.6 2021  7 21  6 50 46.680  1.33   1
     4969  54.563647 -163.307975    10.839   -98306.5   -59852.0    -8199.4     31.2     33.9     31.0 2021  7 21 12 41 42.380  1.84   1
     4970  55.289632 -162.206673    32.090   -27291.0    20968.1    13050.7     15.6     22.6     23.6 2021  7 21 15 59 52.910  1.30   1
     4971  54.483044 -161.754736    10.403     1504.4   -68825.1    -8635.4     17.1     11.1     12.6 2021  7 21 20 31 47.920  2.22   1
     4975  54.615039 -161.188932    30.141    37836.9   -54130.8    11102.0     14.8     15.9     41.6 2021  7 22  1 40 11.400  3.64   1
     4977  54.370638 -162.073649    11.267   -19035.2   -81338.7    -7772.0     36.8     13.5     19.8 2021  7 22  7 22 36.130  1.97   1
     4980  55.311597 -161.908040     5.303    -8271.1    23413.2   -13736.1     16.0     18.5     19.1 2021  7 22  9  4 45.420  0.13   1
     4988  55.159408 -162.320736     4.987   -34611.0     6470.8   -14051.9     16.0     11.5     15.5 2021  7 22 22  2 49.720  1.46   1
     4991  55.353166 -162.140853    20.629   -23081.0    28040.9     1589.6     22.9     35.8     23.7 2021  7 22 23 59 55.060  1.51   1
     4992  54.543734 -163.314762    13.100   -98766.9   -62068.9    -5938.8     13.4     14.7     15.6 2021  7 23  9 54 20.990  1.39   1
     4994  55.232227 -161.659554    33.626     7556.3    14577.4    14587.2     28.9     23.7     24.6 2021  7 23 12  9 54.420  1.21   1
     4999  55.735368 -162.025570     9.039   -15670.0    70589.4    -9999.9     92.0     45.9    156.2 2021  7 23 17  5 47.360  1.44   1
      501  54.769889 -160.576611    10.433    77011.5   -36892.2    -8606.3     70.0     82.0     64.4 2021  1 15  3 54 42.200  2.08   1
     5016  55.226558 -161.704980    49.790     4661.7    13946.4    30751.2     51.4     39.5     25.6 2021  7 24 13 15 17.290  1.58   1
     5017  55.275350 -161.752100    39.522     1657.7    19378.1    20483.1     37.1     19.8     14.0 2021  7 24 13 22 53.650  1.33   1
     5020  55.125126 -161.941976     4.827   -10455.9     2654.5   -14211.8     17.1     14.3     23.1 2021  7 24 14 49  8.780  1.64   1
     5022  55.345719 -161.892546     1.708    -7281.5    27211.9   -17330.6     15.2     13.7     27.3 2021  7 24 14 49 33.800  1.21   1
     5027  55.130164 -161.976270     8.262   -12643.5     3215.3   -10776.5      7.4     30.3     32.9 2021  7 24 18 53 48.920  0.80   1
     5033  54.584896 -161.156250    32.181    39950.6   -57486.5    13141.9     20.3     21.5     47.8 2021  7 24 23 34 53.640  1.52   1
     5037  54.694267 -160.893066    24.127    56781.3   -45310.8     5088.3     38.6     41.2     37.8 2021  7 25  3  5 58.420  1.56   1
     5039  54.986963 -162.394385     6.224   -39393.2   -12726.5   -12814.5     14.5     13.3     17.8 2021  7 25  3 45 12.690 -0.25   1
     5052  55.253638 -162.082161    13.076   -19370.5    16961.0    -5962.7     20.5     17.4     17.8 2021  7 25  9 49 47.520  0.46   1
     5054  54.935111 -161.113753    31.756    42496.1   -18498.9    12716.6     20.7     29.2     42.5 2021  7 25 10 21 50.290  1.29   1
     5058  55.301156 -161.795492    22.722    -1105.8    22250.9     3682.8     30.1     25.6     19.8 2021  7 25 12  8 56.600  0.97   1
     5060  55.307703 -161.853076    17.271    -4772.0    22979.7    -1768.3     16.8     16.0     16.1 2021  7 25 12 23 17.770  0.79   1
     5061  55.372965 -161.726123     7.252     3308.2    30245.1   -11787.1     25.1     24.1     23.3 2021  7 25 12 27 56.580  0.68   1
     5065  54.796086 -160.985872    32.957    50763.3   -33975.9    13918.6     13.9     14.0     30.1 2021  7 25 12 47 46.620  1.86   1
     5067  54.545402 -162.140365    30.648   -23282.4   -61883.1    11609.1     56.1     24.7     74.6 2021  7 25 14 39 59.930  1.39   1
     5070  54.948857 -162.203239     4.440   -27187.5   -16968.7   -14598.7     13.7     11.0     19.4 2021  7 25 16 25  3.000  1.64   1
     5072  55.371891 -161.856624     1.812    -4993.9    30125.5   -17227.2     12.5     12.7      9.2 2021  7 25 16 25 28.660  0.47   1
     5077  55.202527 -161.866162     8.242    -5612.5    11271.1   -10796.9     15.7     15.7     21.8 2021  7 25 19 36  7.300  0.33   1
     5079  55.420256 -161.902311    15.355    -7895.6    35509.7    -3684.3     37.3     30.3     22.6 2021  7 25 20 36 32.600  1.04   1
     5080  55.049146 -161.709619    16.847     4375.7    -5804.0    -2191.5     18.0     18.2     29.6 2021  7 25 22 15 17.640  1.08   1
     5087  55.165417 -162.057340    29.877   -17808.7     7139.9    10838.1     37.4     41.3     17.5 2021  7 26  3 55 17.930  1.16   1
     5094  55.153971 -161.938411     6.360   -10224.7     5865.7   -12678.6     12.7     17.6     12.6 2021  7 26  8 11 19.980  0.33   1
     5097  55.505501 -161.780599    28.237     -157.1    44999.6     9197.8     43.4     26.1     18.8 2021  7 26 11 28 48.480  0.23   1
       51  54.979569 -162.892139     1.726   -71217.7   -13549.6   -17313.4     10.8     17.4     12.4 2021  1  2 14 13 33.960  1.91   1
      510  55.013094 -161.336995    33.448    28189.2    -9817.5    14408.8     16.5     20.1     17.3 2021  1 15 18 22 22.660  1.88   1
     5107  54.444877 -162.027653    62.983   -16057.9   -73074.0    43944.0     57.5     28.5     33.3 2021  7 27  0 58 57.370  1.47   1
      511  55.060343 -161.415413    33.278    23164.5    -4557.4    14239.5     23.4     22.9     28.6 2021  1 15 18 22 35.920  2.02   1
     5115  55.301668 -162.246501    12.709   -29822.8    22308.0    -6329.7     26.8     30.0     39.1 2021  7 27  7 59 55.370  1.15   1
      512  55.552124 -161.786572    10.520     -536.2    50189.9    -8518.9     23.2     17.8     26.0 2021  1 15 21 12 37.760  0.89   1
     5120  54.608358 -161.287484    12.715    31510.7   -54874.6    -6323.4     15.3     12.3      8.3 2021  7 27 12 12 34.910  2.82   1
     5121  54.570325 -161.340527    13.527    28117.2   -59108.6    -5511.5     16.3     13.0     10.9 2021  7 27 12 17 41.790  1.43   1
     5122  55.258114 -162.058122    14.461   -17837.9    17459.3    -4577.6     30.1     26.6     34.7 2021  7 27 12 28 41.640  0.22   1
     5130  55.273889 -161.757161    17.880     1335.3    19215.5    -1158.8     17.4     10.2     11.9 2021  7 27 20  4 43.080  0.60   1
     5131  54.929195 -162.248975     3.867   -30119.8   -19157.5   -15171.6     13.9      4.8     16.6 2021  7 27 20 20 50.280  1.56   1
     5133  55.031799 -163.149105    12.103   -87588.4    -7735.1    -6936.2     18.4     46.8     32.3 2021  7 27 23 12 28.800  1.32   1
     5135  54.844401 -161.209961    57.634    36383.1   -28597.2    38594.9     23.7     33.2     28.3 2021  7 28  1 31 19.340  1.39   1
     5139  54.616919 -162.636605     8.597   -55128.8   -53921.5   -10441.7     26.4     19.1     29.9 2021  7 28 11 54 45.260  1.86   1
     5143  54.990096 -162.349414     9.491   -36517.1   -12377.7    -9547.5      8.5      7.8      9.6 2021  7 28 15 34 17.450  1.46   1
     5150  54.486487 -162.131022    13.831   -22698.4   -68441.9    -5207.6     30.2     10.9     16.3 2021  7 29  5 47 12.170  1.84   1
     5152  55.742757 -161.251351    16.300    33356.0    71412.1    -2739.2     48.9     53.4    160.5 2021  7 29  5 49 52.440  1.81   1
     5154  55.383561 -161.484701    13.585    18664.0    31424.7    -5454.0     24.3     30.8     31.9 2021  7 29  6 16 19.630  4.95   1
     5160  55.315405 -160.726644    31.559    66939.3    23837.2    12519.9     22.9     70.7     62.9 2021  7 29  6 33  6.800  3.99   1
     5163  55.045756 -161.700456     3.199     4961.2    -6181.4   -15839.9     28.4     62.2     44.5 2021  7 29  6 37 17.390  2.92   1
     5166  55.283256 -161.715267    28.641     4003.3    20258.2     9601.7     38.1     25.9     26.1 2021  7 29  6 47 57.360  2.94   1
     5167  55.513729 -160.406901    10.805    87078.1    45915.6    -8233.6     28.7     82.2     29.1 2021  7 29  6 53 55.630  3.33   1
     5169  55.422038 -160.658333    13.854    71193.0    35708.1    -5185.2      9.8     19.5     11.8 2021  7 29  6 57 33.840  2.72   1
      517  55.359367 -161.867139     6.922    -5663.7    28731.2   -12116.7     16.9      7.9      6.8 2021  1 16  4 15 37.410  0.57   1
     5177  55.393709 -161.392318    27.784    24537.2    32554.4     8745.4     25.2     38.1     41.1 2021  7 29  7 21 49.290  1.53   1
     5178  55.283049 -161.258447    28.322    33097.1    20235.1     9283.1     24.8     35.3     54.2 2021  7 29  7 22 46.910  2.50   1
     5182  55.437956 -161.573568    11.038    13002.5    37480.1    -8000.7     14.1     25.6     20.6 2021  7 29  7 30 24.080  1.51   1
     5184  55.325899 -161.037744    47.661    47127.9    25005.5    28622.3     15.4     53.5     18.4 2021  7 29  7 33  3.480  3.18   1
     5185  55.257332 -161.589811     6.888    11997.1    17372.3   -12150.7     13.9     33.7     51.3 2021  7 29  7 33 44.320  2.69   1
      519  54.871228 -161.403564    26.898    23977.5   -25610.7     7858.7     20.7     21.6     66.3 2021  1 16  6 42  0.470  1.66   1
     5190  55.239054 -161.460710    17.315    20226.5    15337.5    -1723.8     13.9     21.7     24.2 2021  7 29  7 47 26.120  2.92   1
     5198  55.207060 -161.235596    46.064    34585.2    11775.7    27025.1     33.4     60.1     37.5 2021  7 29  8  9 30.510  2.56   1
      520  55.213033 -161.885010    15.030    -6813.2    12440.7    -4009.3     47.6     33.7     48.6 2021  1 16  6 42 26.060  0.67   1
     5200  55.258374 -161.398210    20.643    24203.4    17488.2     1604.0     14.7     24.0     21.9 2021  7 29  8 10 57.020  3.06   1
     5204  55.332149 -160.937679    55.424    53493.2    25701.3    36385.4     26.4     39.6     33.1 2021  7 29  8 16 19.590  2.92   1
     5209  55.439457 -161.747347     9.438     1956.3    37647.3    -9600.6     72.3     43.2     41.6 2021  7 29  8 30 43.400  2.26   1
     5212  55.281217 -161.347282     0.424    27440.0    20031.3   -18614.9     15.4     26.2     13.0 2021  7 29  8 39 55.570  2.19   1
     5213  55.269527 -160.672249    48.839    70442.5    18729.9    29799.8      9.2     19.0     15.1 2021  7 29  8 40 44.620  2.73   1
     5217  55.067594 -161.792415     6.649     -912.6    -3750.2   -12390.2     21.0     14.6     25.7 2021  7 29  8 56  0.180  2.16   1
      522  54.838387 -161.959831     2.634   -11636.6   -29266.7   -16404.9     15.9     10.5      9.9 2021  1 16  9  4  4.730  0.92   1
     5220  55.341878 -161.865365    41.060    -5552.0    26784.3    22021.2     58.7     62.8     42.7 2021  7 29  8 58 21.580  2.29   1
     5222  55.177779 -161.211230    21.602    36151.7     8516.0     2563.4     14.0     27.4     27.6 2021  7 29  9  8 22.960  1.99   1
     5224  55.271810 -161.213542    51.742    35962.0    18984.0    32702.6     12.5     36.6     19.7 2021  7 29  9 17 39.300  2.11   1
      523  55.169263 -162.222835    16.313   -28362.8     7568.0    -2726.1     39.3     38.9     23.1 2021  1 16 11 12 33.480  0.81   1
     5231  55.346810 -161.697738    20.326     5115.6    27333.3     1287.3     24.7     31.1     20.8 2021  7 29  9 36 33.740  1.21   1
     5235  55.428703 -162.223193    25.937   -28293.7    36450.1     6897.8     49.7     88.7     97.3 2021  7 29  9 43 53.970  1.46   1
     5238  55.284965 -161.068945    32.694    45164.9    20448.5    13655.5     18.0     21.1     31.2 2021  7 29  9 52 52.530  2.22   1
     5239  55.323389 -160.979753    46.985    50820.8    24726.0    27945.8     12.3     28.0     19.5 2021  7 29  9 54 13.660  2.79   1
     5242  55.260689 -161.367236    49.935    26175.8    17746.0    30895.7     30.0     46.2     31.7 2021  7 29  9 59 11.570  2.08   1
     5246  55.100895 -161.582487    38.323    12488.1      -43.0    19284.3     21.7     39.5     23.2 2021  7 29 10  5 44.020  1.73   1
     5247  55.229818 -161.955371    28.988   -11295.9    14309.2     9949.4     38.9     31.6     20.0 2021  7 29 10  6 27.170  1.15   1
     5254  55.135225 -161.515137    34.328    16780.0     3778.8    15289.2     30.6     54.5     34.3 2021  7 29 10 18 13.710  2.44   1
     5255  55.385445 -161.910824    24.474    -8440.4    31634.4     5434.8     33.6     21.4     14.8 2021  7 29 10 20 42.390  1.62   1
     5257  55.420243 -161.703613    18.661     4737.3    35508.3     -377.8     13.0     31.5     14.9 2021  7 29 10 22 56.750  1.25   1
     5259  55.223812 -160.861670    34.066    58410.1    13640.6    15027.6     12.5     26.8     27.9 2021  7 29 10 24 42.520  2.05   1
      526  54.894246 -161.047021    32.000    46788.2   -23048.1    12960.9     21.4     25.2     52.2 2021  1 16 11 47 21.970  2.47   1
     5260  55.250724 -160.875179    54.832    57529.7    16636.6    35793.0     25.9     41.9     33.3 2021  7 29 10 27 25.890  2.07   1
     5261  55.045687 -161.777734    11.669       25.0    -6189.1    -7370.3     17.4      9.6     20.8 2021  7 29 10 28  6.220  1.86   1
     5262  55.295406 -160.755729    50.229    65103.9    21610.8    31189.8     12.9     21.4     17.8 2021  7 29 10 38 28.250  1.86   1
     5263  55.261772 -161.424300     4.753    22540.3    17866.5   -14285.7     26.1     34.7     38.5 2021  7 29 10 42 51.470  1.08   1
     5267  55.270292 -161.806624     2.908    -1815.3    18815.0   -16131.2     20.8     18.2     18.8 2021  7 29 10 55 16.230  0.77   1
     5268  55.270101 -161.340869    37.653    27852.3    18793.7    18614.0     20.0     28.9     22.1 2021  7 29 10 59  3.250  1.64   1
     5270  55.210750 -161.610482    19.408    10686.4    12186.6      369.2     22.9     36.7     22.8 2021  7 29 11  5 32.310  2.05   1
     5271  55.245691 -161.072786    31.600    44942.3    16076.3    12561.5     14.2     24.0     33.8 2021  7 29 11  9 16.950  2.69   1
      528  54.833199 -163.165560    11.394   -88858.5   -29844.2    -7645.1     24.1     34.3     41.1 2021  1 16 20 41 35.700  2.91   1
     5282  55.264958 -161.567904    14.302    13391.5    18221.2    -4737.3     13.3     17.7     21.3 2021  7 29 11 48 29.290  1.30   1
     5285  55.259648 -161.305924     3.675    30082.1    17630.0   -15364.3     24.8     37.2     35.8 2021  7 29 12 17 22.580  1.22   1
     5286  55.150427 -161.325407    22.326    28880.3     5471.1     3287.3     19.5     29.1     33.1 2021  7 29 12 18 29.800  1.93   1
     5290  55.240413 -161.292220    20.103    30962.6    15488.8     1064.4     22.9     31.4     36.3 2021  7 29 12 28 54.180  2.30   1
     5292  55.233040 -160.669857    15.303    70627.1    14668.0    -3736.4     44.1     85.0     51.0 2021  7 29 12 32 39.070  1.91   1
     5293  55.177051 -161.278206    33.712    31880.8     8435.0    14673.3     12.5     28.9     21.7 2021  7 29 16  0 22.560  1.79   1
     5297  55.237484 -160.905859    31.739    55584.2    15162.6    12700.1     10.3     29.6     31.4 2021  7 29 16  9 42.880  3.21   1
     5300  55.225293 -160.872591    57.009    57712.9    13805.5    37970.1     27.6     48.5     35.4 2021  7 29 16 38 28.030  1.75   1
     5305  55.292216 -161.625000     9.986     9751.1    21255.7    -9052.8     25.0     27.0     29.1 2021  7 29 17  4 30.440  1.55   1
     5315  55.264864 -160.775977    50.190    63839.0    18210.8    31151.1     12.5     20.3     19.0 2021  7 29 17 52 10.720  1.82   1
     5318  55.204329 -161.205469    32.298    36507.0    11471.8    13259.5     35.7     84.5     63.9 2021  7 29 18 14 55.100  2.21   1
      532  55.074679 -162.016276     7.681   -15206.8    -2961.6   -11358.3     13.8     14.0     27.9 2021  1 17 16 26 15.000  1.05   1
     5322  55.347221 -160.947770    18.628    52840.9    27379.1     -410.8     16.0     36.7     46.6 2021  7 29 18 38 14.140  1.82   1
     5323  55.247571 -161.910596    15.351    -8440.5    16285.6    -3687.7     14.4     16.3     38.2 2021  7 29 18 38 46.660  1.04   1
     5324  55.299264 -160.935872    48.590    53630.2    22040.3    29551.0     16.0     21.4     20.5 2021  7 29 18 46 50.080  1.48   1
     5326  54.679480 -161.960514    10.242   -11703.4   -46957.0    -8796.7     16.4      9.0     30.5 2021  7 29 18 53 55.900  1.35   1
     5328  55.470703 -161.691292    25.721     5517.2    41125.7     6681.9     25.4     21.7     55.9 2021  7 29 19 12 48.560  2.91   1
     5330  55.309961 -160.910303    32.721    55251.0    23231.2    13682.0     11.0     30.9     26.7 2021  7 29 19 53 31.080  1.75   1
     5335  55.237211 -160.835124    32.340    60091.9    15132.3    13300.9     16.7     27.1     41.0 2021  7 29 20 25 39.660  1.54   1
     5336  55.282483 -161.223910    26.756    35296.9    20172.2     7717.2     28.3     37.6     76.5 2021  7 29 20 31  8.820  2.55   1
     5339  55.203337 -161.761556     5.529     1056.3    11361.2   -13510.2     22.7     22.3     17.1 2021  7 29 20 34  7.480  3.07   1
     5340  55.375366 -161.686865    22.984     5805.4    30512.4     3945.5     45.5     56.8     35.1 2021  7 29 20 42 33.160  1.16   1
     5343  55.369629 -160.986230    40.893    50379.3    29873.7    21853.6     17.1     25.6     29.4 2021  7 30  0 55 44.980  1.75   1
     5347  55.238436 -160.759912    56.237    64883.7    15268.6    37198.4     10.5     26.0     14.0 2021  7 30  2 56 24.590  1.95   1
     5351  55.236149 -161.792757    10.331     -932.4    15014.1    -8707.6     12.8     16.1     13.7 2021  7 30  3 37 43.990  1.56   1
     5352  55.327966 -160.717480    58.250    67512.0    25235.6    39211.5     12.0     39.4     15.2 2021  7 30  3 52 43.560  3.37   1
     5353  55.291211 -160.863802    47.791    58225.1    21143.8    28752.4     11.6     33.7     15.6 2021  7 30  4 12  9.130  1.89   1
     5354  55.238236 -161.760124    12.810     1147.1    15246.4    -6228.8     28.4     29.8     23.8 2021  7 30  4 22  7.230  1.85   1
     5355  55.322807 -161.826074     7.189    -3052.3    24661.2   -11850.3     20.8     23.7     23.1 2021  7 30  4 22 34.820  1.53   1
     5359  55.221566 -161.669206    15.617     6942.1    13390.6    -3421.5     14.0     13.8     15.6 2021  7 30  5 32 58.760  4.03   1
      536  54.796729 -161.870866     1.782    -5942.3   -33904.3   -17257.2     12.4      6.7      7.6 2021  1 17 18 59 30.400  2.67   1
     5360  55.249268 -161.415658    19.600    23094.4    16474.5      561.2      7.1      8.5     11.2 2021  7 30  5 41 30.770  1.91   1
     5361  55.220056 -162.284115    17.563   -32250.6    13222.5    -1476.0     20.3     26.8     31.1 2021  7 30  5 42  9.460  2.12   1
     5362  55.266239 -160.553483    37.387    78010.9    18363.9    18347.7     15.2     47.8     32.5 2021  7 30  5 49 52.850  2.08   1
     5365  55.465828 -161.123942    47.618    41568.1    40583.1    28579.2      9.0     20.0     17.8 2021  7 30  6 47  0.330  1.97   1
     5368  55.279358 -160.617318    51.998    73932.5    19824.3    32959.3      7.9     29.2     10.8 2021  7 30  7 25 12.630  2.59   1
     5372  55.068233 -161.729720    12.095     3091.1    -3679.1    -6943.9     23.9     20.2     38.9 2021  7 30  8 40 28.800  1.00   1
     5373  55.121448 -162.770150    20.067   -63307.2     2245.0     1027.9     31.5     89.8     65.4 2021  7 30  9 27 58.210  1.58   1
     5375  54.964970 -161.473014    11.538    19508.9   -15174.9    -7500.4     34.1     41.2     64.4 2021  7 30  9 55 18.120  1.49   1
     5377  55.126538 -161.806120     9.513    -1786.4     2811.7    -9525.5     24.8     21.4     28.0 2021  7 30  9 58 41.950  1.84   1
     5384  55.022408 -161.437109    16.293    21789.2    -8780.6    -2745.6     21.7     32.0     53.0 2021  7 30 12 38  8.830  1.43   1
     5387  55.233293 -160.883724    32.586    56997.7    14696.1    13547.5      9.7     29.4     17.9 2021  7 30 13 28 45.830  2.34   1
     5389  55.348828 -161.392757    18.501    24523.0    27558.0     -538.0     23.2     37.8     33.9 2021  7 30 13 53 54.860  1.59   1
     5390  55.235156 -161.568408    20.641    13364.4    14903.5     1602.1     22.0     27.5     31.9 2021  7 30 14 20 41.680  1.92   1
     5394  55.080062 -161.024544    16.437    48115.5    -2362.3    -2602.2     20.5     33.3     29.6 2021  7 30 14 35 25.930  1.03   1
     5396  55.210665 -160.866081    41.034    58138.5    12177.0    21995.1     13.0     27.2     17.5 2021  7 30 14 42 18.030  2.54   1
     5397  55.262724 -161.593294    32.445    11774.4    17972.5    13406.2     24.3     28.5     21.2 2021  7 30 14 42 47.950  2.93   1
     5399  55.301904 -161.027962    38.103    47764.8    22334.2    19064.1      7.5     34.7     17.2 2021  7 30 14 58 52.760  2.23   1
       54  55.060836 -162.044775     2.580   -17029.5    -4502.6   -16458.5     16.8      8.8     15.8 2021  1  2 18  7 19.400  1.16   1
      540  54.574715 -161.267318    13.313    32819.5   -58619.9    -5725.9     17.2     11.4      8.3 2021  1 17 20 28 44.120  2.36   1
     5400  55.168160 -161.711230    25.904     4266.5     7445.2     6865.6     23.7     47.0     28.4 2021  7 30 14 59 27.710  2.35   1
     5401  55.174780 -161.801872    12.387    -1514.4     8182.2    -6651.7     18.9     32.8     31.0 2021  7 30 15 27 17.720  0.80   1
     5402  54.435893 -161.796696    15.345    -1195.2   -74074.2    -3694.1     29.6     14.2     17.6 2021  7 30 16 57 32.750  2.05   1
     5404  55.230766 -160.884440    33.222    56953.9    14414.8    14183.2      9.3     22.8     19.8 2021  7 30 19 16  7.520  2.22   1
     5407  55.458875 -161.109928    53.484    42462.3    39808.9    34445.1     24.0     37.4     27.9 2021  7 30 21 45  3.100  2.11   1
     5408  55.472217 -161.828109     7.622    -3175.8    41294.2   -11416.9     39.4     20.1     34.4 2021  7 30 21 55 23.880  1.57   1
     5409  55.425810 -161.725863     6.610     3322.5    36128.0   -12428.7     21.2     29.3     31.8 2021  7 30 22 12 38.600  2.21   1
      541  54.581051 -161.260596    13.933    33248.7   -57914.6    -5105.4     13.5     12.7     10.9 2021  1 17 22 21  2.560  2.73   1
     5412  55.291125 -161.096647    32.586    43397.3    21134.3    13546.8     10.2     47.3     31.1 2021  7 31  0 59 25.490  1.76   1
     5422  54.543844 -161.846224    12.825    -4377.0   -62056.6    -6214.0     28.9     18.7     22.5 2021  7 31 12 12 41.240  2.71   1
     5424  54.975175 -162.417464    24.260   -40874.5   -14038.8     5221.6     18.7     26.4     14.7 2021  7 31 14  4  8.180  0.87   1
     5435  55.236910 -161.351042     4.281    27215.6    15098.8   -14758.3     29.6     38.4     44.3 2021  8  1  1 49 34.080  1.51   1
     5441  55.228015 -161.061654    54.867    45661.7    14108.6    35828.5     22.6     47.8     26.3 2021  8  1  5 37 32.330  1.69   1
     5442  55.308374 -161.754508    32.772     1503.6    23054.5    13733.1     27.1     33.3     37.8 2021  8  1  5 38  6.350  1.59   1
     5448  54.508565 -163.167497     1.014   -89340.2   -65984.0   -18024.9      9.4      9.1      9.1 2021  8  1  6 37  6.710  2.05   1
      545  55.455400 -161.619222     7.451    10098.3    39422.1   -11588.3     15.0     21.9     29.6 2021  1 18  6 44 23.680  0.37   1
     5453  55.171338 -161.883040     5.462    -6691.1     7799.0   -13576.9     10.6     10.3     15.0 2021  8  1  7 51 38.960  1.73   1
     5454  55.345406 -160.774805    48.679    63849.3    27177.1    29640.5     16.5     17.0     23.0 2021  8  1  8 59 42.810  2.29   1
     5458  55.107076 -161.283594    31.091    31564.8      645.0    12052.0     16.7     20.1     38.7 2021  8  1 10  8 40.590  1.21   1
      546  54.596944 -161.209896    10.084    36498.8   -56145.2    -8954.7     28.2     21.7     23.3 2021  1 18  9 17 23.290  1.82   1
     5460  55.113570 -161.894759     6.437    -7443.9     1368.0   -12602.0     10.0     12.2     19.5 2021  8  1 10 28  7.020  0.20   1
     5461  55.336125 -160.916585    45.738    54833.0    26143.8    26699.3     16.2     36.2     23.3 2021  8  1 11 52 29.480  1.70   1
     5464  54.833337 -161.127181    36.054    41689.8   -29828.8    17014.6     15.7     18.6     33.0 2021  8  1 13  4 20.970  2.61   1
     5465  55.194930 -160.766520    53.460    64497.7    10425.4    34421.2     20.1     40.2     28.6 2021  8  1 13 43 17.330  2.03   1
     5467  55.210148 -160.666471    34.455    70863.1    12119.5    15416.0     36.0     76.0     85.4 2021  8  1 14 44 18.300  2.12   1
     5473  55.241882 -161.630664    15.152     9396.3    15652.3    -3886.4     14.2     15.1     12.2 2021  8  1 16 11 46.050  1.99   1
     5475  55.261092 -161.280257    33.295    31716.7    17790.8    14256.5     11.3     19.1     20.5 2021  8  1 20  1 48.880  1.63   1
     5478  55.303625 -161.067236    40.189    45263.2    22525.9    21150.4     14.0     41.7     21.5 2021  8  1 21 35 39.880  1.58   1
     5483  55.167794 -161.031901    34.487    47593.7     7404.4    15448.4     16.4     37.2     29.3 2021  8  2  4 48 30.770  1.69   1
      549  55.333073 -161.720247     5.166     3683.8    25804.1   -13873.2     15.2     12.3     16.4 2021  1 18 14 24 49.090  1.81   1
     5492  55.307992 -160.897412    33.971    56073.0    23011.9    14931.8     12.3     22.7     24.2 2021  8  2  7 16  7.250  1.51   1
     5493  54.525228 -161.146126    13.196    40630.8   -64129.0    -5843.1     16.9     15.5     13.9 2021  8  2  8  0 10.500  1.84   1
     5496  55.080701 -161.649170    15.650     8233.6    -2291.2    -3388.4     10.2     13.1     20.9 2021  8  2 13 24 15.170  1.43   1
       55  54.546562 -161.532503    10.612    15786.7   -61754.0    -8426.5     17.6     13.5     14.7 2021  1  2 19 13 26.520  2.55   1
     5503  55.058350 -161.813021    17.757    -2228.7    -4779.4    -1281.9     15.6     11.8     18.5 2021  8  2 19 47 22.560  0.80   1
     5505  55.053434 -161.591292    13.645    11933.1    -5326.6    -5393.9     18.4     14.8     14.2 2021  8  2 21 57 27.480  0.90   1
     5506  55.179460 -161.963444    26.681   -11817.8     8703.1     7641.8     21.1     17.8     15.8 2021  8  2 21 57 45.960  1.12   1
     5509  54.822213 -161.137142    52.677    41057.5   -31067.3    33638.5     29.7     31.8     36.5 2021  8  3  3 28 18.770  2.01   1
     5510  55.302913 -161.969661    37.502   -12195.5    22446.6    18463.3     40.9     32.9     24.5 2021  8  3  3 44 48.540  0.89   1
     5515  55.221704 -161.041406    47.573    46955.8    13406.0    28534.0     17.6     36.2     24.1 2021  8  3  7 40  8.620  1.98   1
      552  55.209741 -161.367790    21.070    26157.2    12074.2     2031.4     23.1     28.5     34.0 2021  1 18 20  8 17.180  1.02   1
     5520  54.951074 -162.245931     4.537   -29916.9   -16721.8   -14502.0      7.9      8.5      9.8 2021  8  3 16 43 38.770  1.54   1
     5522  54.922107 -162.226725     3.998   -28699.0   -19946.6   -15040.8      8.1      9.1     15.1 2021  8  3 16 50  6.570  2.06   1
     5528  55.318937 -161.659473     6.991     7553.3    24230.4   -12048.3      9.2      5.1     17.7 2021  8  3 18 43 42.120  0.10   1
     5530  55.355579 -160.841309    12.226    59609.5    28309.5    -6812.9     46.2    103.7     71.2 2021  8  3 20  5 33.200  1.62   1
     5535  55.266276 -161.605745    33.437    10980.7    18367.9    14398.5     24.1     29.3     21.3 2021  8  3 23 31 43.720  1.79   1
     5536  55.228589 -162.185563    14.577   -25966.4    14172.4    -4462.0     40.9     27.9     39.9 2021  8  3 23 32 22.520  1.77   1
     5540  55.258545 -161.845052    12.739    -4263.7    17507.3    -6300.0     26.2     12.1     16.5 2021  8  4  5 21 40.130  0.63   1
     5543  55.042965 -161.401058    22.904    24086.5    -6492.1     3865.0     19.5     22.2     22.0 2021  8  4  7 21 45.230  2.03   1
     5547  54.394177 -162.002669    14.228   -14459.1   -78718.2    -4810.9     26.1     11.7     21.6 2021  8  4 10 26 47.930  2.10   1
     5548  55.681999 -162.073438     1.875   -18713.9    64648.1   -17163.9     30.2     15.9     18.2 2021  8  4 11  5 27.830  1.82   1
     5558  55.004850 -162.266292     2.492   -31198.2   -10735.2   -16547.1     18.7     17.7     22.1 2021  8  5  0 36 31.640  1.16   1
     5560  55.134375 -161.409814    31.163    23500.4     3684.1    12124.4     26.5     25.5     48.0 2021  8  5  3 54 50.840  1.24   1
     5562  55.054948 -161.227718    27.419    35154.0    -5158.1     8380.1     15.4     25.3     57.7 2021  8  5  7 16  1.430  1.95   1
     5578  55.501070 -161.666732    23.997     7075.0    44506.3     4958.1     30.9     32.7     29.6 2021  8  5 12 19 40.770  0.49   1
     5587  55.363273 -161.864600    17.511    -5501.8    29166.1    -1527.9     43.5     38.6     40.0 2021  8  5 15 46  8.370  0.69   1
     5591  55.036108 -161.426758    27.003    22446.8    -7255.4     7964.5     19.7     29.4     54.7 2021  8  5 16 27 42.350  1.20   1
     5592  55.333236 -161.954281     9.985   -11211.9    25822.2    -9054.2     30.5     21.0     36.4 2021  8  5 16 28 16.720  1.25   1
     5604  55.097184 -161.660384    16.732     7516.0     -456.2    -2307.3     24.1     32.7     33.3 2021  8  5 21 24  9.780  1.36   1
     5605  55.297652 -160.992806    56.625    50006.0    21860.9    37586.4     26.4     36.6     31.5 2021  8  5 21 43 37.560  1.71   1
     5609  54.928727 -162.201579     0.774   -27088.1   -19209.6   -18265.0     16.0      6.6      6.4 2021  8  5 23 12 11.760  1.67   1
     5612  54.945614 -162.390381    15.806   -39157.4   -17329.7    -3232.7     18.0     14.9     22.0 2021  8  5 23 26 36.760  2.19   1
     5613  54.904407 -162.252165     5.456   -30333.2   -21917.0   -13582.7      7.1      8.5      8.9 2021  8  5 23 47  8.560  0.29   1
     5615  55.388599 -161.297607    34.847    30562.6    31985.5    15808.1     22.2     64.7     30.5 2021  8  5 23 56 16.800  1.24   1
     5618  55.214087 -161.468148    27.430    19758.7    12558.0     8391.0     22.4     26.2     39.8 2021  8  6  1  9  9.680  1.19   1
     5619  55.306356 -161.634342     9.667     9154.5    22829.8    -9372.2     19.7     19.6     24.5 2021  8  6  3  7 29.530  0.34   1
     5621  55.352246 -161.944271    17.234   -10572.3    27938.5    -1805.1     17.7     26.5     21.6 2021  8  6  3 37 43.900  0.94   1
     5627  55.198706 -161.826432     7.715    -3079.8    10845.7   -11323.5     15.2     15.5     12.5 2021  8  6  6 10 52.460  0.71   1
     5628  55.278695 -161.390381    27.915    24695.9    19750.4     8876.4     20.1     15.7     34.7 2021  8  6  7 53 33.740  1.77   1
     5629  55.181185 -161.358398    16.812    26765.4     8895.2    -2226.4     17.1     47.0     59.6 2021  8  6  7 54  4.800  1.67   1
     5630  55.165332 -162.301188    24.452   -33361.6     7130.4     5413.1     32.4     73.2     36.3 2021  8  6  9 10 41.980  0.97   1
     5640  54.996720 -161.294368    36.440    30919.5   -11640.3    17400.9     19.5     25.4     23.6 2021  8  6 12 42 25.430  1.21   1
     5641  54.898905 -161.338477    16.851    28134.4   -22529.5    -2187.9     17.2     26.2     45.4 2021  8  6 12 42 45.170  1.59   1
     5642  54.446049 -161.453434    11.141    20894.5   -72943.6    -7897.6     13.1     11.1     19.6 2021  8  6 13 43 21.530  1.07   1
     5643  55.019914 -160.396175     9.264    88302.3    -9058.3    -9774.8     56.4     90.6     55.8 2021  8  6 13 50 26.060  2.88   1
     5644  54.961890 -160.506413     9.376    81317.1   -15517.8    -9663.0     58.9     85.4     57.3 2021  8  6 14  4 34.230  1.62   1
     5645  55.023494 -161.327930    13.228    28764.8    -8659.6    -5811.0     14.6     22.7     20.8 2021  8  6 14  4 49.410  1.51   1
     5647  54.361133 -161.476514    11.151    19429.6   -82396.9    -7888.2     20.8     17.1     15.9 2021  8  6 14 31 16.580  1.39   1
     5652  54.939290 -162.182601     2.272   -25870.7   -18033.6   -16766.6     11.5      5.2      9.7 2021  8  6 16 18 20.580  1.02   1
     5657  54.542904 -161.274105    14.891    32396.1   -62161.3    -4148.4     28.8     25.0     31.0 2021  8  6 17 10  3.080  1.23   1
     5660  55.371574 -161.892269    22.827    -7261.5    30090.2     3788.3     21.6     28.5     14.7 2021  8  6 18  1  3.520  0.04   1
     5665  54.936104 -162.210368     2.958   -27647.8   -18388.3   -16080.4     15.3      9.9      8.4 2021  8  6 22 33 35.060  1.43   1
     5667  54.791353 -162.400049    15.594   -39851.9   -34502.7    -3445.4     39.0     27.4     51.4 2021  8  6 23  7 12.960  0.90   1
     5670  55.262915 -161.892350     7.454    -7276.6    17993.8   -11585.2     20.8     11.5     61.3 2021  8  7  0 40  1.680  0.43   1
     5671  55.449845 -161.901009    27.662    -7809.9    38803.7     8623.2     19.8     29.4     10.9 2021  8  7  1 15 34.050  0.65   1
     5673  55.157064 -160.946794    35.397    53028.9     6209.9    16358.4     18.4     33.4     42.5 2021  8  7  3 58  6.720  1.71   1
     5682  54.580160 -162.107357    56.331   -21151.8   -58013.8    37292.5     26.4      9.6     10.2 2021  8  7  9 13 34.180  1.61   1
     5684  54.491602 -162.313607    58.195   -34440.0   -67872.5    39156.1     36.3     18.6     20.7 2021  8  7 11 35 23.460  1.60   1
     5691  55.233455 -162.400179    21.522   -39641.7    14714.2     2483.0     42.8     28.7     39.7 2021  8  7 15  2 41.800  1.74   1
     5692  55.341390 -161.125863    19.053    41510.8    26730.0       14.2     20.3     44.9     40.1 2021  8  7 16 50  3.040  1.29   1
     5693  55.372856 -161.872168    16.717    -5982.7    30232.9    -2321.7     21.8     17.5     16.4 2021  8  7 16 50 36.610  0.93   1
     5695  54.996948 -162.327799     3.843   -35132.5   -11614.9   -15195.6     13.6     11.2     15.5 2021  8  7 22 30 42.160  0.52   1
     5697  55.202547 -161.680859    40.686     6200.8    11273.3    21646.9     72.3     51.1     43.6 2021  8  7 23 21 41.940  0.80   1
      570  55.165723 -161.887305    30.884    -6963.6     7173.9    11845.5     23.3     20.3     24.0 2021  1 19  2 32 13.050  1.47   1
     5706  55.425004 -161.723340    10.638     3482.9    36038.3    -8400.8     32.1     32.7     27.3 2021  8  8 18 49 55.400  0.46   1
     5724  55.078634 -162.407048    15.569   -40156.9    -2521.3    -3469.5     29.9     40.9     39.5 2021  8  9  9 45 44.230  1.44   1
      573  55.181364 -161.352425    13.811    27146.3     8915.1    -5227.7     24.5     28.3     34.1 2021  1 19  2 41 36.710  0.97   1
     5730  54.956238 -162.244775     2.673   -29841.1   -16147.0   -16365.8     10.9     13.1     15.5 2021  8  9 12 56 49.430  1.54   1
     5738  55.259847 -161.239339    29.149    34323.9    17652.2    10109.9      8.0     12.8     17.0 2021  8  9 14 51  9.250  1.57   1
     5740  55.323604 -160.615055    45.064    74035.6    24750.0    26024.7     21.0     35.6     34.7 2021  8  9 14 55  5.430  1.96   1
     5745  54.834066 -162.418766    13.253   -41029.5   -29747.7    -5785.7     73.2     43.5     68.5 2021  8  9 18 33 46.560  1.50   1
     5749  54.999756 -161.360775    30.044    26674.1   -11302.3    11005.4     14.0     14.6     23.8 2021  8 10  3 51 54.600  1.96   1
     5750  55.355623 -160.597721    41.116    75108.9    28314.5    22077.3     20.6     22.0     38.1 2021  8 10  6  4 45.990  1.79   1
     5754  55.382194 -161.781055     1.661     -186.4    31272.5   -17378.1     17.6      8.9     17.0 2021  8 10  7 36  0.510 -0.55   1
     5757  55.395866 -161.809977     5.836    -2025.7    32794.5   -13203.4     16.8     21.6     22.3 2021  8 10 10 56 14.690  0.52   1
     5760  55.265291 -160.876872    32.337    57411.4    18258.3    13297.8     13.6     32.6     30.9 2021  8 10 19 25 15.400  1.54   1
     5761  55.225016 -161.829704     8.617    -3287.3    13774.7   -10421.6     26.7     26.8     32.4 2021  8 10 19 25 57.920  1.57   1
     5764  54.968376 -161.815023     5.288    -2359.2   -14795.7   -13750.9     23.8     18.2     28.2 2021  8 10 21 16 43.800  2.18   1
     5773  55.261174 -161.011784    51.450    48819.8    17799.9    32410.8     18.1     42.9     22.3 2021  8 11  5 31 28.350  1.79   1
     5774  55.166138 -161.825586    15.526    -3027.1     7220.1    -3512.5     28.0     34.2     28.5 2021  8 11  5 32  9.070  1.22   1
     5776  55.227344 -160.780859    54.982    63557.7    14033.8    35942.7     16.0     36.6     21.3 2021  8 11  5 46 44.440  2.31   1
     5780  55.257865 -161.979411    11.909   -12823.5    17431.6    -7129.4     58.6     26.5     24.9 2021  8 11  5 52 18.960  1.65   1
     5783  54.996183 -161.501986    32.485    17649.7   -11700.1    13446.6     13.5     18.7     21.4 2021  8 11  6 53 51.870  1.66   1
     5786  55.137142 -160.528011    54.703    79761.9     3992.1    35664.5     38.8     71.6     56.4 2021  8 11  8 15 45.230  2.55   1
     5796  55.239030 -161.651969    16.530     8039.0    15334.8    -2508.9     17.2     22.1     19.2 2021  8 11 12 59  9.760  1.71   1
     5806  55.242961 -161.738737    16.699     2509.8    15772.4    -2339.8     27.3     21.3     21.9 2021  8 11 18 51 11.440  0.65   1
     5808  55.175822 -161.596159     2.547    11604.5     8298.2   -16492.2     22.4     19.6     19.9 2021  8 11 19 28 41.400  1.55   1
     5809  54.670374 -161.626367    19.448     9739.0   -47970.7      409.1     28.8     28.3     33.8 2021  8 11 20 39 50.860  1.29   1
     5814  55.049764 -162.280143     1.929   -32065.5    -5735.2   -17109.8     19.8     14.1     20.8 2021  8 12  2 55 20.360  1.43   1
     5817  55.027413 -162.446012     5.641   -42672.0    -8223.4   -13398.2     14.1     18.6     24.4 2021  8 12  3 14 53.090  1.18   1
     5818  55.046562 -162.318913     4.547   -34543.2    -6091.7   -14491.6     19.3     15.8     12.4 2021  8 12  3 15  9.930  1.24   1
     5821  54.622693 -161.336930    11.191    28330.1   -53278.8    -7847.5     17.4     12.6     13.1 2021  8 12  4 52 38.690  2.44   1
     5824  54.897192 -162.188493     0.419   -26261.2   -22720.2   -18620.1      8.4     12.0     11.0 2021  8 12  5 15  7.380  0.70   1
     5826  55.226168 -161.440104    21.348    21543.1    13902.9     2308.9     13.2     18.9     19.7 2021  8 12  8 52 12.690  1.45   1
     5828  55.246891 -160.822217    38.863    60907.0    16209.9    19823.8     10.2     28.7     20.2 2021  8 12  9 55  3.590  2.53   1
     5833  55.038192 -161.393962    17.861    24541.3    -7023.5    -1177.7     15.2     18.7     31.3 2021  8 12 10 28 46.860  2.41   1
     5837  55.389124 -161.616943     9.865    10251.7    32043.9    -9173.8     20.0     14.9     27.3 2021  8 12 11 12 27.940  0.56   1
     5850  55.245020 -160.741423    66.290    66056.5    16001.6    47251.2     21.8     52.9     23.6 2021  8 12 20 45 42.400  1.92   1
     5851  55.182117 -161.516732    23.080    16668.5     8998.9     4041.5     13.3     14.6     16.0 2021  8 12 20 46 11.920  2.14   1
     5852  55.083634 -162.334668    35.293   -35533.2    -1964.6    16254.1     14.8     19.6     10.6 2021  8 12 21 15  8.960  1.41   1
     5854  55.210714 -161.812923     8.321    -2218.2    12182.5   -10718.1      9.0     13.3     19.9 2021  8 12 21 17 11.360  0.95   1
     5856  54.855192 -161.275521    28.793    32180.6   -27395.9     9754.6     13.6     19.0     41.4 2021  8 12 21 50 11.600  1.90   1
     5857  55.259090 -161.137012    33.585    40843.2    17568.0    14546.6      9.2     28.9     18.0 2021  8 12 22  1 24.060  1.73   1
     5858  55.214543 -162.285872    14.425   -32364.9    12608.7    -4614.0     20.0     25.7     33.5 2021  8 12 22  2  6.280  1.16   1
     5863  55.333533 -161.818978    28.623    -2600.2    25855.3     9584.2     44.8     33.3     25.2 2021  8 12 23 16  3.040  0.54   1
     5866  55.207902 -161.095394    30.964    43522.4    11869.5    11924.8     24.7     33.3     45.5 2021  8 13  0 53  1.730  1.50   1
     5876  55.278337 -160.961898    45.316    51986.6    19710.6    26277.6     13.3     26.5     18.4 2021  8 13  6  3 21.350  1.49   1
      588  55.041398 -161.727100    23.555     3259.5    -6666.5     4516.0     15.4     13.8     12.2 2021  1 19  8 11 12.470  1.43   1
     5880  54.625342 -163.389144    12.161  -103443.6   -52983.9    -6878.4     13.8     17.7     17.8 2021  8 13  8 12 39.920  1.33   1
     5881  55.430644 -162.136898    22.467   -22807.2    36666.1     3428.1     49.5     81.2     53.7 2021  8 13 10 49 39.510  1.17   1
     5884  54.573910 -161.449609    10.710    21107.4   -58709.6    -8329.1     24.1     18.0     18.2 2021  8 13 12 10 26.830  2.09   1
     5888  55.211605 -162.125667    10.495   -22153.9    12281.7    -8543.7     17.6     13.4     20.4 2021  8 13 13 54 17.250  0.54   1
     5889  55.171712 -161.768473    18.624      615.5     7840.7     -415.1     29.5     13.5     22.3 2021  8 13 14 21 44.790  0.77   1
     5893  54.618892 -161.279915    30.980    31992.6   -53701.8    11941.5     10.5     13.3     30.9 2021  8 13 16  7  1.830  1.20   1
     5896  55.378381 -161.611100    57.370    10624.7    30848.0    38331.4     68.8     87.8     39.4 2021  8 13 17 29 12.560  1.98   1
     5897  55.175928 -161.596045    21.788    11611.8     8309.9     2749.0     18.8     37.8     30.1 2021  8 13 17 29 48.240  2.05   1
     5898  54.860006 -162.694092    32.198   -58643.8   -26860.0    13158.8     10.5     12.8     16.9 2021  8 13 17 33 51.380  1.56   1
     5901  55.446415 -161.873844    24.992    -6083.7    38421.9     5953.1     24.5     26.5     16.9 2021  8 13 18 51 23.200  0.47   1
     5906  54.545345 -162.508626    34.888   -46951.8   -61889.5    15849.3     47.2     23.6     39.8 2021  8 13 21 19 52.440  0.99   1
     5908  54.781535 -160.958887    34.272    52501.9   -35595.7    15232.7     16.7     19.6     36.6 2021  8 13 22 18 20.100  1.42   1
     5918  55.534489 -161.123649    56.344    41550.9    48226.7    37305.3     77.6     98.3     86.5 2021  8 14  2 45 28.360  1.05   1
     5921  55.245357 -161.407373    16.906    23623.4    16039.2    -2132.4     10.6     15.4     18.5 2021  8 14  3 31 19.160  0.72   1
     5922  54.916423 -162.794727    11.392   -65041.3   -20579.4    -7647.3     19.0     25.2     31.3 2021  8 14  4 20 29.180  0.92   1
     5924  54.963558 -162.697803     4.077   -58805.7   -15332.1   -14961.7     15.0     22.3     24.7 2021  8 14  4 21 31.600  0.91   1
     5929  54.901900 -161.590137    75.874    12029.5   -22196.1    56835.5     26.9     35.0     20.3 2021  8 14  8 43  6.550  1.12   1
     5932  55.394421 -161.972933    16.566   -12389.6    32633.7    -2473.3     51.2     35.9     34.3 2021  8 14 10 37 55.350  0.63   1
     5934  55.434180 -161.071631    50.404    44909.9    37059.8    31365.2     23.2     40.7     29.7 2021  8 14 10 55 26.030  1.18   1
     5935  55.272380 -160.806299    61.964    61901.6    19047.4    42925.3     18.7     51.6     22.8 2021  8 14 11 58  9.290  4.54   1
     5937  55.309880 -161.635173    25.052     9101.3    23222.1     6013.4     35.6     33.7     32.4 2021  8 14 12 15 28.860  2.42   1
      594  54.593282 -161.196143    29.486    37383.9   -56552.9    10447.0     17.5     16.3     51.4 2021  1 19  9 39 34.210  3.00   1
     5940  55.345907 -161.542513    35.051    14993.8    27232.8    16011.9     33.2     51.4     32.1 2021  8 14 12 35 26.600  1.87   1
     5943  55.280990 -160.856136    44.512    58720.8    20005.9    25473.0     11.1     20.5     16.3 2021  8 14 13  0 12.500  1.82   1
     5944  55.303776 -161.212712    54.333    36000.5    22542.6    35294.2     14.2     41.9     22.4 2021  8 14 13  7  7.690  2.47   1
     5945  55.015531 -161.216764    34.344    35871.2    -9546.1    15304.8     23.1     41.0     38.5 2021  8 14 13 12 17.880  1.42   1
     5947  55.114876 -161.557617    19.577    14073.1     1513.4      538.2     20.6     23.0     28.0 2021  8 14 13 45 22.540  1.24   1
     5950  55.105245 -161.393506    30.884    24549.9      441.2    11845.4     28.3     24.0     33.3 2021  8 14 14 21 27.600  1.46   1
     5951  55.274967 -161.760010    16.919     1153.8    19335.5    -2119.5     27.7     16.5     19.5 2021  8 14 14 22  2.170  1.15   1
     5952  55.243298 -160.754639    41.139    65215.8    15810.0    22100.2     11.9     53.7     28.0 2021  8 14 14 34 20.330  1.45   1
     5954  55.287480 -161.285693    42.367    31360.1    20728.4    23327.8     24.8     21.5     29.3 2021  8 14 14 55 32.730  1.92   1
     5956  55.274451 -161.388932    24.896    24789.4    19278.0     5856.7     21.8     26.2     21.8 2021  8 14 15 11 32.050  1.05   1
     5965  55.186292 -161.033577    35.590    47475.8     9463.7    16551.0     16.3     36.5     30.5 2021  8 14 17  2 13.420  1.39   1
     5967  55.132353 -160.822965    13.288    60946.4     3459.0    -5751.0     25.5     39.6     42.3 2021  8 14 17 33 48.840  1.61   1
      597  54.990572 -162.277767    12.462   -31937.2   -12324.7    -6576.6     35.9     22.9     18.0 2021  1 19 12 27 58.890  1.09   1
     5971  55.206649 -161.657536    39.492     7687.4    11730.0    20453.0     57.8     44.5     49.1 2021  8 14 17 58 16.060  1.32   1
     5976  55.085738 -161.671208    14.987     6826.1    -1730.4    -4051.5     18.8     17.2     25.5 2021  8 14 18 38 46.520  1.17   1
     5979  55.246082 -160.872347    33.713    57713.5    16119.8    14674.4     13.2     37.4     28.6 2021  8 14 18 45  6.340  2.34   1
     5983  55.313167 -161.751449    20.584     1698.3    23588.1     1545.6     31.1     37.3     23.9 2021  8 14 19 39 34.600  1.61   1
     5987  54.772884 -161.917660     1.728    -8943.2   -36558.8   -17311.2     18.1     13.3     14.6 2021  8 14 20 56 42.800  1.28   1
     5988  55.305375 -162.232324    25.926   -28918.8    22720.6     6887.5     27.7     24.1     40.1 2021  8 14 23 59 53.360  0.82   1
      599  55.112634 -162.198193    14.221   -26810.1     1263.8    -4817.5     20.5     31.0     21.3 2021  1 19 14 19 31.300  0.72   1
     5991  54.901074 -160.721794    11.937    67596.0   -22288.0    -7101.8     41.2     68.7     49.5 2021  8 15  0 29 46.160  1.29   1
     5994  55.225533 -161.683789    24.195     6012.4    13832.2     5156.2     51.0     33.1     33.9 2021  8 15  2 32 36.430  1.08   1
     5998  54.799947 -160.859554    34.073    58854.3   -33546.0    15034.5      9.2     10.7     20.7 2021  8 15  7  9 35.250  2.06   1
        6  54.608362 -161.333952    13.919    28526.4   -54874.2    -5119.9     18.5     18.8      9.0 2021  1  1 11 56 44.770  1.91   1
     6000  54.964311 -161.396322    32.822    24412.9   -15248.3    13783.2     18.5     20.4     28.8 2021  8 15  7 58 40.300  1.46   1
     6003  55.274890 -161.372786    32.230    25817.7    19326.9    13190.8     44.4     71.8     99.8 2021  8 15  9  9 15.240  1.26   1
     6006  55.239762 -160.880290    39.963    57211.9    15416.3    20924.1     10.1     24.9     19.3 2021  8 15 11 22 17.540  1.43   1
     6011  55.229854 -161.128418     1.364    41405.8    14313.3   -17674.5     18.7     42.1     20.7 2021  8 15 11 59  9.380  1.15   1
     6013  54.984627 -161.597266    36.458    11561.4   -12986.5    17418.8     17.5     14.5     16.6 2021  8 15 12 18 40.120  1.17   1
     6019  54.610649 -161.236165    11.591    34805.6   -54619.6    -7447.6     21.4     17.9     18.1 2021  8 15 15 14 16.690  1.29   1
     6023  54.582467 -161.981364    31.891   -13056.9   -57756.9    12852.3     80.7     51.8    101.9 2021  8 15 19 18 24.160  2.10   1
     6024  55.168091 -161.110124    38.681    42604.5     7437.5    19642.0     17.6     53.7     31.3 2021  8 15 19 45 13.080  1.18   1
     6026  55.084314 -161.230843    33.647    34941.6    -1888.9    14608.3     14.1     26.7     30.9 2021  8 15 22 19 31.480  1.63   1
     6029  54.954342 -162.237451     2.094   -29373.5   -16358.1   -16944.9      9.1     10.9     12.0 2021  8 16  0 40 22.930  0.65   1
     6032  55.160905 -161.003841    13.573    49387.6     6637.5    -5465.8     15.9     41.0     25.1 2021  8 16  1 47 33.550  1.88   1
     6035  55.332458 -161.743555     5.890     2200.3    25735.7   -13148.5      7.0     11.9     13.4 2021  8 16  3 16 43.670  0.09   1
     6038  55.344592 -161.803223     2.123    -1597.2    27086.5   -16915.5     12.6      8.6     19.6 2021  8 16  4 12 55.890 -0.47   1
     6039  55.194869 -161.858398    11.024    -5118.1    10418.6    -8014.6     19.3     23.1     17.8 2021  8 16  4 47 56.940  0.45   1
      604  55.094539 -161.729215    10.236     3122.3     -750.6    -8803.1     26.4     17.5     25.8 2021  1 19 18 37 51.200  0.44   1
     6040  54.569450 -162.453597    35.256   -43402.0   -59206.0    16217.4     37.3     12.4     31.2 2021  8 16  4 53 28.460  1.81   1
     6041  55.315816 -161.953125    25.569   -11140.8    23883.0     6529.9     27.9     24.0     25.3 2021  8 16  8  5 52.420  0.78   1
     6043  55.438550 -161.727490    15.342     3218.5    37546.3    -3696.9     24.4     22.7     22.0 2021  8 16  8 48 57.480  0.32   1
     6044  54.373698 -162.183105    40.107   -26084.5   -80998.0    21068.3     66.2     37.9     74.3 2021  8 16  9 56  3.240  1.91   1
     6046  55.313200 -161.342122    40.560    27757.5    23591.7    21521.1     20.8     24.1     24.9 2021  8 16 12 20 16.890  1.90   1
     6047  55.302881 -161.713607     5.441     4108.0    22443.0   -13597.9     17.6     17.3     23.6 2021  8 16 12 56  9.530  0.26   1
      605  54.993311 -161.493083    13.746    18219.3   -12019.9    -5292.8     19.0     16.4     25.4 2021  1 19 21 57 11.960  1.26   1
     6050  55.211405 -161.830632     2.638    -3347.0    12259.5   -16400.9     23.0      9.2     23.4 2021  8 16 13  7 23.760  0.34   1
     6051  54.964913 -162.942155     0.924   -74428.8   -15181.2   -18114.7     14.7     22.6     13.0 2021  8 16 15 39 16.110  1.69   1
     6058  55.199443 -161.821842    57.032    -2787.2    10927.7    37993.1     95.2     51.8     33.8 2021  8 17  9 14 20.080  1.42   1
     6059  54.983350 -161.520719    16.163    16454.9   -13128.8    -2875.9     26.3     35.7     73.2 2021  8 17  9 14 23.190  1.42   1
      606  55.120854 -161.727360     5.515     3239.7     2178.8   -13524.2     13.3     13.9     17.8 2021  1 19 21 57 33.120  1.18   1
     6061  55.292102 -161.424561    24.986    22515.1    21243.0     5946.7     17.2     20.4     19.7 2021  8 17  9 49 28.980  1.50   1
     6062  55.318587 -161.072607    29.926    44912.8    24191.5    10887.1     25.4     65.3     52.2 2021  8 17  9 49 52.190  1.38   1
     6063  55.308997 -161.449040    19.084    20951.9    23123.8       45.1     20.8     39.9     30.3 2021  8 17 11 24 55.960  0.89   1
     6070  55.453121 -161.736882     4.901     2621.1    39168.4   -14137.9     23.2     15.0     38.9 2021  8 18  4 35  6.640  0.91   1
     6073  54.963468 -162.709131     3.908   -59530.1   -15342.0   -15131.1     15.0     22.7     24.9 2021  8 18  4 58 45.360  1.42   1
     6074  55.270516 -161.764014     2.995      898.9    18839.9   -16043.6     14.1      5.9      7.7 2021  8 18  4 59  5.810  1.67   1
     6077  55.370231 -161.787793    39.401     -615.1    29940.7    20362.0     80.5     72.9     28.9 2021  8 18  9 43 43.220  1.72   1
      608  55.113619 -162.171354    12.777   -25096.8     1373.4    -6262.3     18.4     28.1     17.8 2021  1 19 23 43  6.180  0.87   1
     6087  55.303231 -161.765316    30.265      815.6    22481.9    11225.8     27.6     23.9     20.8 2021  8 18 17 49 52.000  1.05   1
     6088  55.456160 -161.789714     2.863     -736.4    39506.8   -16175.5     16.6     17.2     17.2 2021  8 18 17 56 50.020  0.49   1
     6091  55.242069 -162.118343    24.833   -21678.8    15673.2     5794.3     70.2     55.9     59.1 2021  8 18 18 16 42.680  0.79   1
     6093  54.991284 -161.567236    31.730    13479.9   -12245.4    12691.4     18.6     17.5     26.0 2021  8 18 18 22 18.880  1.85   1
     6096  55.159005 -160.729297    69.480    66900.9     6426.0    50441.6     29.3    152.1     39.0 2021  8 18 20  7 24.800  1.92   1
     6098  55.174500 -161.272217     1.306    32263.8     8150.9   -17732.9     11.4     14.2     11.7 2021  8 18 20 29 22.340  1.03   1
     6100  55.605493 -162.329053    21.569   -34945.7    56131.2     2530.2     37.9     29.2     42.1 2021  8 18 21 22 29.440  1.30   1
     6104  54.815194 -161.159359    14.452    39637.8   -31848.7    -4586.9     13.1     14.1     24.4 2021  8 18 22 16 30.600  1.68   1
     6105  54.925647 -161.370508    66.700    26076.0   -19552.5    47660.8     48.5     36.0     33.9 2021  8 18 22 16 38.120  1.91   1
     6106  55.284062 -161.583887    28.143    12370.4    20347.9     9103.9     13.3     17.6     16.1 2021  8 18 22 27 51.880  0.99   1
     6115  55.326331 -161.697607     1.795     5125.2    25053.5   -17243.5      9.2      9.2     17.3 2021  8 19  2 43 30.140  0.44   1
     6119  55.517712 -161.715283    35.310     3990.5    46359.0    16270.9     44.3     39.3     29.5 2021  8 19  3 34 54.970  0.98   1
      612  54.880566 -160.989030    21.631    50508.1   -24571.1     2591.7     32.1     32.2     30.2 2021  1 20  2  7  0.610  3.85   1
     6122  55.375684 -161.443669    18.570    21276.1    30547.7     -469.0     19.9     36.1     30.5 2021  8 19  8  3 10.660  0.66   1
     6123  54.617175 -161.296126    24.040    30952.3   -53893.0     5001.1     15.8     13.9     13.8 2021  8 19  8 46  3.640  1.64   1
     6126  55.244979 -162.023210     5.713   -15616.3    15997.0   -13326.3     32.3     11.3     37.0 2021  8 19 12 20 54.760  1.03   1
     6132  54.717082 -162.688005    13.098   -58357.2   -42771.0    -5940.8     25.6     22.6     31.1 2021  8 19 18 29  4.820  0.96   1
     6134  55.119002 -161.815299    28.275    -2372.4     1972.7     9236.6     46.8     11.9     20.5 2021  8 19 18 32 30.120  1.17   1
     6141  55.208927 -161.744808    38.879     2123.9    11983.6    19839.8     33.3     21.7     18.6 2021  8 20  6 53 34.640  0.84   1
     6142  55.109200 -161.621094    43.613    10022.7      881.5    24574.3     90.0     61.2     64.4 2021  8 20  6 57 34.520  0.79   1
     6143  54.936182 -162.226351     2.913   -28670.1   -18379.7   -16125.5     10.0      8.2      8.9 2021  8 20  9  2 35.480  1.53   1
     6148  55.035681 -161.268294    33.952    32570.2    -7303.0    14913.5     22.6     41.0     37.2 2021  8 20 10 47 22.590  1.18   1
     6149  54.869865 -162.668929    31.034   -57025.8   -25762.4    11995.1     19.8     20.5     26.7 2021  8 20 12 21 54.310  1.49   1
     6161  55.258834 -161.230485    33.490    34888.5    17539.4    14450.7     12.1     20.4     15.4 2021  8 20 23 49  5.240  1.51   1
     6164  55.253772 -161.166781    31.692    38949.3    16975.9    12652.8      8.3     19.0     19.8 2021  8 21  3 54 30.650  1.79   1
     6167  55.307552 -160.442139    12.910    85059.8    22963.0    -6129.2     13.3     33.2     13.5 2021  8 21  8 45  2.920  1.71   1
     6169  54.946875 -162.232780    17.914   -29077.4   -17189.3    -1124.4     10.6      8.9     10.7 2021  8 21  8 52 31.430  2.12   1
     6174  55.085824 -162.891292    18.368   -71069.6    -1720.9     -670.4     15.1     43.3     43.5 2021  8 21 16 40 16.890  1.46   1
     6177  54.942025 -162.230957     6.237   -28962.6   -17729.2   -12801.4     16.5     15.2     19.7 2021  8 22  0  5 25.130  0.76   1
     6183  55.115959 -161.598177    20.015    11484.4     1633.9      975.9     21.3     21.5     28.8 2021  8 22  6 42 13.970  0.95   1
     6184  54.962805 -161.425456    22.598    22550.5   -15415.9     3559.2     36.6     42.4     46.4 2021  8 22  6 42 44.270  1.68   1
     6194  55.162394 -161.942269    21.138   -10469.7     6803.3     2098.9     48.9     27.2     35.7 2021  8 22 18 47 15.400  0.69   1
     6195  54.834920 -161.179899    32.565    38312.7   -29652.6    13525.9     27.5     25.7     41.6 2021  8 22 20 51 29.240  2.37   1
     6198  55.796655 -161.985677     1.191   -13133.5    77412.2   -17847.9     29.6     10.6     12.0 2021  8 23  7 18 58.980  2.02   1
     6199  55.399390 -161.455745    22.908    20501.7    33186.8     3868.9     20.1     33.3     25.4 2021  8 23  7 21 46.360  1.47   1
       62  54.933207 -161.413932    30.336    23295.9   -18710.8    11296.9     17.9     18.4     33.7 2021  1  2 21 33 59.180  1.62   1
     6202  55.322941 -161.891943    18.650    -7245.2    24676.2     -388.4     18.3     12.2     12.1 2021  8 23 12 22 34.930  0.35   1
     6203  55.454289 -161.873307    23.629    -6049.0    39298.4     4590.3     31.3     37.6     15.0 2021  8 23 13 15 22.840  1.01   1
     6204  54.915491 -162.210368     0.189   -27654.8   -20683.1   -18849.5     15.2     10.7      8.0 2021  8 23 15 37  9.380  2.04   1
     6206  54.614783 -161.403255    11.981    24073.5   -54159.4    -7058.2     14.8     11.3     11.2 2021  8 23 18  2 57.340  2.00   1
     6215  55.142615 -161.918864    16.328    -8979.1     4601.4    -2710.9     38.1     20.7     30.2 2021  8 24  0 52 39.680  0.58   1
     6216  54.914921 -162.218848     3.571   -28197.6   -20746.5   -15468.2      9.7     13.3     24.0 2021  8 24  0 59 41.460  1.01   1
     6230  54.984440 -161.634847    23.290     9159.1   -13007.4     4251.2     13.5     10.7     21.9 2021  8 24 12 31 40.480  1.49   1
     6233  55.442704 -161.720557     7.382     3659.1    38008.8   -11657.2     17.3     18.3     15.5 2021  8 24 12 36 29.100  1.07   1
     6237  55.136711 -161.362923    16.272    26491.6     3944.1    -2767.3     10.1     22.2     40.3 2021  8 24 14 26  9.350  1.16   1
      624  55.165483 -161.413314     5.609    23268.1     7147.1   -13430.1     39.2     39.2     50.9 2021  1 21  5  1 58.740  1.91   1
     6242  54.677820 -161.715771    31.572     4001.1   -47141.8    12532.9     49.4     52.3     87.8 2021  8 24 17 29 38.940  1.18   1
     6247  55.276416 -161.987663    20.434   -13346.1    19496.8     1394.6     31.7     26.8     19.6 2021  8 24 20 27 24.000  1.52   1
     6259  55.463277 -161.733594    14.295     2829.7    40299.0    -4744.0     28.1     29.5     29.2 2021  8 25  2 11 30.510  1.02   1
     6260  55.336304 -161.705062    10.097     4650.1    26163.8    -8941.8     14.9     19.2     21.6 2021  8 25  2 17 46.410  0.57   1
     6264  55.248560 -161.860270    12.610    -5233.9    16395.7    -6429.1     35.7     14.8     15.7 2021  8 25  4  8  3.370 -0.43   1
     6269  55.383850 -161.734912    21.218     2748.7    31456.8     2178.7     24.1     17.7      9.6 2021  8 25  5 34 12.550  0.27   1
     6281  55.442126 -161.899072    42.683    -7687.5    37944.4    23644.3     39.4     22.2     15.1 2021  8 25  8  9 20.870  1.27   1
     6282  55.390975 -161.865381    12.083    -5549.6    32250.0    -6955.5     33.6     33.8     18.5 2021  8 25  8 28 29.800  0.68   1
     6284  55.239697 -161.393506     1.793    24508.8    15409.1   -17246.4     35.2     42.2     40.4 2021  8 25  9 37 41.810  1.22   1
     6296  54.599259 -162.063460    13.897   -18327.3   -55887.5    -5141.4     20.3     13.5     20.6 2021  8 25 13 40  8.950  1.00   1
     6297  54.638005 -161.412044    13.965    23502.4   -51574.2    -5073.7     17.3     14.8     17.8 2021  8 25 14 46 33.870  1.16   1
     6298  55.341838 -162.209326    24.069   -27442.0    26779.8     5030.2     23.9     28.8     13.0 2021  8 25 15 59 54.160  0.71   1
     6299  55.332239 -161.728548    11.663     3155.5    25711.2    -7375.9     17.7     16.9     12.5 2021  8 25 16 13 23.300 -0.05   1
     6307  55.305701 -161.504932     5.794    17394.1    22756.9   -13245.1     16.5     21.9     24.3 2021  8 25 18 53 11.720  0.57   1
      631  54.507686 -161.724072    10.665     3475.8   -66081.8    -8373.9     23.5     13.5     18.4 2021  1 21  7 50  6.900  1.59   1
     6310  55.436971 -161.866504    12.518    -5617.8    37370.5    -6520.4     17.2     35.1     20.8 2021  8 25 19 34 41.320  0.97   1
     6312  54.648625 -161.435758    12.497    21977.1   -50391.9    -6541.6     13.4     10.5     14.5 2021  8 25 19 56 14.720  2.00   1
     6316  55.208394 -161.455550    33.735    20563.2    11924.3    14695.7     45.9     46.0     46.0 2021  8 25 21 47 48.980  1.58   1
     6318  55.268665 -161.294320    45.824    30818.0    18633.8    26785.0     26.9     30.9     28.6 2021  8 25 22  7 56.880  1.40   1
     6322  54.700928 -161.357031    20.680    27013.2   -44569.3     1641.2     32.4     39.9     33.2 2021  8 25 22 54 30.780  1.08   1
     6324  55.277669 -161.830176    14.581    -3315.2    19636.3    -4458.0     41.1     24.0     27.8 2021  8 26  0 26 53.410  0.73   1
     6326  55.418656 -161.742269     5.148     2279.7    35331.6   -13891.1     13.9     21.5     18.1 2021  8 26  1 22 23.300 -0.02   1
     6333  55.375317 -161.947900    16.320   -10800.1    30506.9    -2719.2     29.5     33.2     22.5 2021  8 26  2 22 17.830  0.37   1
     6334  55.014307 -162.195133    12.940   -26647.4    -9682.5    -6099.1     30.9     26.8     30.6 2021  8 26  2 26 43.400  0.26   1
     6335  54.723348 -162.887760    10.144   -71163.5   -42073.4    -8894.9      7.5      7.2     36.7 2021  8 26  3 15 56.130  1.03   1
     6336  55.077214 -162.996257    12.823   -77779.4    -2679.4    -6216.2     23.1     27.3     25.2 2021  8 26  4 40 30.260  1.10   1
     6338  55.354024 -161.763184    20.259      950.7    28136.5     1220.0     45.2     44.6     33.6 2021  8 26  5 34 44.570 -0.10   1
     6342  54.657084 -161.833024    40.071    -3523.7   -49450.2    21032.1     63.3     46.5     65.3 2021  8 26  8 49 43.490  0.85   1
     6345  55.291532 -161.526660     4.328    16013.5    21179.6   -14711.1     13.8     22.1     17.3 2021  8 26 10 42  2.770  1.03   1
     6349  55.195154 -160.908236    34.110    55462.0    10450.3    15071.4     27.9     45.2     52.1 2021  8 26 12 16 18.730  1.11   1
      635  55.381234 -161.858122     5.831    -5088.6    31165.6   -13208.3     16.6      7.9     12.4 2021  1 21  8 21 46.610  0.25   1
     6350  55.562817 -161.550944    31.266    14418.0    51380.3    12227.2     24.9     24.8     28.3 2021  8 26 13 57 17.920  1.03   1
     6353  55.237813 -160.923324    32.247    54471.1    15199.3    13208.1      9.4     22.9     22.3 2021  8 26 15  6 21.390  1.16   1
     6367  54.510229 -162.073128    11.354   -18969.1   -65798.7    -7684.8     24.4     10.9     11.3 2021  8 27  0 25 56.640  1.11   1
     6368  55.294181 -160.970817    73.208    51408.4    21474.5    54169.3    136.0    514.8    127.8 2021  8 27  1 11 19.300  1.05   1
      637  55.138123 -162.391829    39.845   -39156.1     4101.3    20806.5     23.7     36.3     20.5 2021  1 21 12 34 27.020  2.76   1
     6373  54.729834 -160.868717    26.684    58317.8   -41351.3     7645.5     35.0     50.5    190.3 2021  8 27  2 40 13.020  2.31   1
     6377  55.179028 -161.646826     4.688     8373.0     8655.1   -14351.4     23.8     46.9     59.4 2021  8 27  3  5 34.690  0.07   1
     6381  54.815222 -161.043652    31.499    47049.9   -31845.5    12460.2      9.5      9.9     24.6 2021  8 27  5 24 28.610  1.73   1
     6382  54.552173 -162.269857    59.826   -31602.6   -61129.4    40786.7     42.7     12.3     13.4 2021  8 27  6 32 50.270  1.12   1
     6392  55.197030 -161.795964     4.176    -1137.3    10659.1   -14862.6     27.8     23.2     31.2 2021  8 27 10 20  2.040  0.26   1
     6393  55.206514 -162.007992    17.639   -14653.7    11715.0    -1399.4     19.7     24.5     22.5 2021  8 27 10 20 18.710  0.59   1
     6394  55.145500 -162.451042    47.389   -42930.1     4922.5    28350.4     24.0     40.7     22.3 2021  8 27 10 33 56.580  1.89   1
     6396  55.218685 -161.160042     1.079    39395.9    13069.9   -17960.3     23.1     28.8     26.4 2021  8 27 11 36 53.980  1.43   1
       64  54.807739 -161.303695    33.433    30394.6   -32678.5    14393.7     26.6     19.8     30.3 2021  1  2 23 32 26.740  2.17   1
      640  54.608936 -161.634115    12.514     9248.8   -54810.3    -6525.0     28.3     22.1     26.6 2021  1 21 16 27 56.260  2.90   1
     6406  55.040800 -161.549349    30.169    14614.3    -6733.1    11129.8     12.9     16.8     18.5 2021  8 27 20 23 16.680  2.80   1
     6408  55.146570 -161.983057    28.525   -13073.9     5041.7     9486.3     70.9     39.6     56.0 2021  8 27 21 55 18.520  0.63   1
     6411  55.010876 -161.569564    19.591    13327.9   -10064.3      552.5     22.9     29.6     36.8 2021  8 28  1 35 21.250  1.08   1
     6412  54.450203 -161.505990     8.769    17511.6   -72481.1   -10270.2     21.3     18.9     21.1 2021  8 28  3 57 27.040  1.75   1
     6417  55.275102 -161.916732    12.361    -8828.4    19350.5    -6678.0     26.2     18.7     36.6 2021  8 28  7 59 43.700  1.35   1
     6420  54.993978 -162.351025     2.796   -36618.4   -11945.6   -16243.3     45.5     60.8     49.7 2021  8 28  8 10 58.300  0.81   1
     6423  55.127246 -160.366195    10.593    90097.5     2890.5    -8446.4     24.1     44.5     24.2 2021  8 28 10 27 19.370  2.16   1
     6427  55.092139 -160.333431    10.290    92228.6    -1017.8    -8748.8     14.2     39.0     12.9 2021  8 28 12 49 16.000  1.41   1
     6448  54.868066 -162.626351    32.218   -54301.3   -25962.6    13178.9     26.1     26.3     29.5 2021  8 28 19 45 12.080  1.39   1
     6450  54.715828 -161.225732    15.338    35429.5   -42910.5    -3700.5     28.9     34.1     31.3 2021  8 28 19 51  1.160  0.98   1
     6452  55.410726 -161.843245    21.857    -4140.7    34448.8     2818.2     44.3     32.3     19.4 2021  8 28 19 54 26.040 -0.05   1
     6456  55.277242 -161.585417    27.749    12274.0    19588.7     8710.0     23.1     25.6     28.2 2021  8 28 20 22 20.360  1.89   1
     6457  55.330461 -161.293750    31.983    30830.4    25513.3    12944.2     19.5     26.5     31.4 2021  8 28 21 55 25.400  0.95   1
     6464  55.034334 -161.654606    20.824     7891.1    -7452.9     1785.6     17.4     18.1     20.0 2021  8 29  1  4 52.410  0.83   1
     6465  55.124959 -160.362663     9.746    90325.5     2635.9    -9292.9     25.3     46.4     25.4 2021  8 29  1 16  1.050  1.62   1
     6468  54.920679 -162.552214    31.968   -49522.9   -20105.6    12929.0     23.4     30.1     51.5 2021  8 29  8 31 12.900  1.46   1
      647  55.175895 -161.717008    11.123     3897.6     8306.3    -7916.1     18.3     16.2     21.5 2021  1 21 21 23  0.380  0.62   1
     6471  54.642399 -161.421810    11.657    22874.2   -51085.0    -7381.8     14.2     12.9     14.7 2021  8 29 10 46 25.870  1.28   1
     6483  54.987341 -162.280778     7.382   -32131.0   -12684.4   -11657.0      7.7      7.6     13.4 2021  8 29 14  7 42.490  1.04   1
      649  54.584094 -161.330908    14.562    28730.4   -57575.7    -4477.0     21.5     18.6     24.9 2021  1 22  5  8 24.920  1.60   1
     6491  55.128442 -161.877588    13.179    -6346.8     3023.7    -5859.5     25.9     16.1     19.7 2021  8 29 16 23 17.630  0.60   1
     6493  55.030461 -160.546387     9.981    78693.9    -7884.1    -9058.2     54.7     88.5     55.1 2021  8 29 17 16 22.680  1.14   1
       65  54.810677 -161.418197    16.294    23058.1   -32351.5    -2744.7     19.4     20.7     58.9 2021  1  2 23 32 40.800  2.11   1
      650  54.868376 -161.772786    15.417      341.8   -25928.2    -3622.1     61.3     34.2    119.6 2021  1 22  5  8 52.590  1.52   1
     6501  55.321700 -161.996045     2.287   -13872.1    24538.0   -16751.7     51.2     42.7     47.7 2021  8 29 18 50  5.820  0.10   1
     6517  55.188017 -161.200537    32.972    36828.9     9655.8    13933.3     10.5     24.4     21.8 2021  8 31 22 16 28.320  2.37   1
     6531  55.248755 -161.277214    55.025    31915.5    16417.4    35986.6     18.3     45.2     20.0 2021  9  1  6 54 57.500  1.21   1
     6536  55.389498 -162.570964    22.704   -50426.8    32085.6     3665.3     53.0     50.6     65.4 2021  9  1  9 46  1.810  1.79   1
     6539  55.218709 -161.656087    14.868     7778.5    13072.6    -4171.4     13.0     18.2     17.2 2021  9  1 13 17 57.550  2.08   1
     6542  55.291170 -161.661523     6.554     7425.3    21139.3   -12485.1      6.3      7.0     15.4 2021  9  1 14 33 39.070  0.29   1
     6543  54.596757 -161.408219    12.561    23760.0   -56166.1    -6477.7     19.1     12.9     15.2 2021  9  1 16  5 38.970  1.54   1
     6546  54.985376 -162.366536    11.462   -37613.8   -12903.2    -7577.2      8.6      8.7     10.4 2021  9  1 17 34 26.120  0.61   1
     6549  55.108866 -163.314535    12.827   -98063.2      844.4    -6211.6     34.7    121.7     53.9 2021  9  1 19 53 28.660  1.80   1
      655  55.053951 -161.740560    17.538     2399.3    -5269.1    -1501.1     12.7     14.8     17.0 2021  1 22 11 29 25.190  1.60   1
     6558  55.379582 -161.886816    11.050    -6913.9    30981.7    -7989.2     27.4     17.8     22.4 2021  9  2  4 28 27.930  0.01   1
     6559  55.232646 -161.257113    20.598    33202.9    14624.0     1559.2     24.1     34.8     39.5 2021  9  2  4 56 30.850  0.99   1
      656  55.077047 -161.813330    17.317    -2247.9    -2698.0    -1721.8     14.4     12.7     16.6 2021  1 22 11 29 41.730  2.15   1
     6562  54.737248 -160.921517    10.011    54926.8   -40526.0    -9027.8     30.1     30.7     29.1 2021  9  2  5 10 44.000  2.09   1
     6563  54.952637 -161.338542    21.406    28111.5   -16547.9     2366.7     19.9     20.0     23.0 2021  9  2  8  7 54.680  2.42   1
      657  54.457593 -162.257308    46.926   -30832.0   -71658.5    27887.6     17.9     12.8     17.1 2021  1 22 12 58  1.920  1.98   1
     6577  55.189840 -161.730566    21.240     3032.4     9858.7     2201.1     44.7     43.9     62.3 2021  9  2 12 56 32.960  1.30   1
     6579  54.669084 -160.842415     9.789    60049.5   -48114.3    -9249.6     20.9     21.2     20.4 2021  9  2 16  2 51.040  2.25   1
     6580  55.231962 -163.414925     8.837  -104310.5    14548.0   -10201.4     20.4     42.0     28.0 2021  9  2 16 53 44.620  1.83   1
     6589  54.450525 -162.149365    15.758   -23888.8   -72445.3    -3281.3     69.5     17.3     25.4 2021  9  3  3 48  0.470  1.49   1
     6590  54.884371 -162.185677     0.214   -26085.2   -24147.5   -18825.2     13.4     11.3      9.8 2021  9  3  3 56 11.060  2.67   1
     6592  54.656018 -162.619629    12.243   -54012.5   -49568.8    -6796.3     21.7     17.5     29.0 2021  9  3  6 19 39.710  1.32   1
     6594  55.411747 -161.877637    12.661    -6327.5    34562.5    -6378.2     37.3     27.6     21.8 2021  9  3 10 22 32.430 -0.18   1
     6597  54.487911 -161.363851     8.876    26645.7   -68283.3   -10163.2     26.9     17.4     23.0 2021  9  3 13 44  6.890  1.76   1
     6598  55.356714 -161.769206     5.325      567.5    28435.9   -13713.5     16.5     12.1     14.5 2021  9  3 14 50 28.240 -0.45   1
     6601  55.310799 -162.069141    35.992   -18527.7    23324.5    16953.3     60.2     31.0     21.6 2021  9  3 15 59 53.310  0.90   1
     6607  54.529761 -161.329834     9.041    28818.7   -63624.4    -9998.0     33.1     19.0     19.8 2021  9  3 16 46 58.870  1.88   1
     6608  55.291573 -161.754655     8.065     1494.6    21184.1   -10973.7     10.2      9.8     16.5 2021  9  3 16 47 26.440  2.30   1
     6610  55.101611 -161.630339    31.685     9433.5       36.7    12645.9     18.2     19.8     22.8 2021  9  3 16 49  2.340  1.59   1
     6615  55.122807 -161.655257    33.738     7840.8     2396.3    14699.0     20.8     15.3     19.4 2021  9  3 17 31 23.480  1.78   1
     6616  54.721708 -161.909115    13.009    -8400.8   -42255.9    -6030.3     15.6      8.7     40.8 2021  9  3 18 36 23.860  1.17   1
     6618  55.215316 -161.537793    17.570    15319.1    12694.8    -1468.5     17.5     13.0     22.3 2021  9  4  0 46 25.530  1.13   1
     6621  55.326855 -161.757861     4.475     1289.8    25111.9   -14563.5     20.0     21.9     26.2 2021  9  4  1 39 18.940  0.65   1
     6622  55.063265 -162.815104     3.985   -66224.0    -4232.2   -15053.5     10.3     16.2     16.0 2021  9  4  2 35 16.270  0.97   1
     6623  55.452340 -161.468896     2.982    19652.3    39081.4   -16056.9     10.3     36.5     13.0 2021  9  4  2 54 59.860  0.48   1
     6625  55.153430 -163.104476     1.454   -84608.9     5805.4   -17584.4     20.3     51.5     23.7 2021  9  4  4  2 22.450  1.75   1
     6627  54.947644 -161.885775     3.238    -6884.7   -17103.7   -15800.8     24.2     14.4     27.7 2021  9  4  4  3  5.740  1.12   1
     6628  55.438562 -161.783447     3.701     -338.3    37547.6   -15337.5      7.4     13.0     15.0 2021  9  4  4  5 26.770  0.37   1
     6629  55.274288 -161.727051     8.391     3253.2    19259.9   -10647.6     20.7     15.8     24.0 2021  9  4  5 45  4.580  0.18   1
     6641  55.362699 -161.797835    16.611    -1254.1    29102.2    -2428.2     26.0     18.2     12.4 2021  9  4 16  0 24.680  0.86   1
     6642  55.180514 -161.035107    15.520    47381.7     8820.5    -3519.3      7.8     32.4     16.6 2021  9  4 16  2 13.820  1.34   1
     6644  54.929167 -161.374268    28.710    25834.4   -19160.7     9671.3     27.2     27.1     60.2 2021  9  4 16 19 47.520  1.35   1
     6647  55.271244 -162.500635    17.322   -46021.7    18921.0    -1717.1     30.3     25.9     41.8 2021  9  4 18 54 44.040  1.35   1
     6648  55.192277 -161.430745    28.510    22148.9    10130.0     9471.5     18.3     36.2     33.6 2021  9  4 19 32 39.040  1.52   1
     6649  55.218172 -161.786230    11.336     -516.6    13012.8    -7702.8     21.0     23.2     15.1 2021  9  4 19 33 38.860  0.78   1
     6652  55.342725 -161.675195    18.344     6550.5    26878.6     -694.6     36.3     36.6     42.9 2021  9  5  0 35 26.740  0.52   1
     6653  55.242497 -161.882503    41.821    -6651.0    15720.7    22782.2     78.8     31.8     21.4 2021  9  5  2 22 56.380  1.34   1
     6655  55.404268 -161.953337    18.640   -11141.9    33729.9     -398.5     18.9     26.3     18.7 2021  9  5  5  7 35.520  1.53   1
     6661  55.029183 -161.652083    24.693     8052.7    -8026.4     5654.0     13.5     13.1     12.1 2021  9  5 16 42 37.540  1.29   1
     6662  54.932296 -161.594010    20.328    11777.2   -18812.3     1289.4     15.4     15.6     19.3 2021  9  5 16 42 51.020  1.41   1
      667  55.353951 -161.895964    15.394    -7498.2    28128.3    -3645.2     19.3     19.1     14.0 2021  1 22 19 42 19.600  0.51   1
     6671  55.378813 -161.578158    12.515    12720.2    30896.0    -6523.6     12.2     32.2     16.2 2021  9  6  1 52 45.900  1.00   1
     6673  54.407410 -161.383382    12.091    25414.6   -77245.1    -6948.3     65.1     54.3     50.4 2021  9  6  2 34 15.930  1.13   1
     6680  55.306014 -162.242806    23.268   -29585.9    22791.8     4229.1     18.8     18.4     21.3 2021  9  6  7 59 53.770  1.22   1
     6684  54.543046 -163.046908    13.057   -81551.3   -62145.4    -5982.0     35.7     33.7     38.4 2021  9  6  9 31 41.580  1.27   1
     6688  54.634517 -161.552523    48.276    14484.3   -51962.4    29236.7     11.6     11.1     14.9 2021  9  6 13 52 12.440  1.47   1
      669  54.849056 -160.976742    33.805    51314.7   -28079.0    14765.9     15.5     24.1     36.3 2021  1 22 19 49  6.560  2.34   1
     6692  54.921289 -162.194564     0.793   -26641.8   -20037.6   -18245.7      7.6      9.1      8.0 2021  9  6 17 28 29.920  1.28   1
     6693  54.936943 -162.251872     4.481   -30302.2   -18295.0   -14557.9     18.5      6.9     23.0 2021  9  6 17 28 50.240  1.50   1
     6697  55.236328 -161.668294     7.442     6998.9    15034.0   -11597.0     15.3     17.5     31.2 2021  9  6 21 53 55.000  2.73   1
      670  54.813180 -161.576986    67.733    12885.2   -32072.9    48694.2     48.9     43.4     38.1 2021  1 22 21  6 35.560  2.10   1
     6707  54.484676 -161.759635    11.030     1189.3   -68643.4    -8009.1     25.4     10.8     15.3 2021  9  7  1 32 17.350  1.54   1
     6708  55.240519 -161.876302    12.566    -6256.0    15500.6    -6473.3     23.1     13.8     14.8 2021  9  7  2 32 46.410  0.96   1
     6711  55.333407 -161.903190    13.720    -7960.1    25841.2    -5318.4     20.2     20.6     12.8 2021  9  7  3 47 45.070 -0.06   1
     6716  55.239575 -161.885596    13.228    -6848.3    15395.5    -5811.2     27.5     12.7     19.7 2021  9  7  4 47  2.280  0.88   1
     6728  55.585718 -161.865267    16.183    -5528.9    53929.7    -2856.0     40.4     26.6     25.5 2021  9  7 10 22 46.600  0.44   1
      673  55.211414 -161.529736    18.440    15833.4    12260.4     -599.0     14.9     18.6     28.6 2021  1 22 22 26 35.020  1.45   1
     6731  55.364884 -161.816195    37.860    -2422.1    29345.5    18821.2     80.4     51.1     52.6 2021  9  7 14 10  5.680  1.15   1
     6733  54.500696 -163.202523     7.667   -91601.3   -66860.0   -11372.3     21.4     20.6     19.5 2021  9  7 15 10 56.830  1.52   1
     6734  55.366158 -161.295622    42.120    30697.6    29487.3    23080.8     14.7     51.7     25.7 2021  9  7 15 19 32.750  1.31   1
     6736  55.432727 -161.861882    31.538    -5324.3    36898.0    12498.7     12.9     25.8     12.7 2021  9  7 17 26 24.840  0.84   1
     6742  55.143494 -161.352604     9.683    27147.7     4699.2    -9355.6     14.3    107.3     53.0 2021  9  7 18 11 36.200  0.80   1
      675  55.215247 -161.770589    10.184      480.3    12687.1    -8854.6     33.4     18.3     25.9 2021  1 23  2 36  0.250  0.86   1
     6754  54.373446 -161.458203     9.881    20606.0   -81026.1    -9158.2     27.3     21.9     20.4 2021  9  7 21 53 16.320  1.95   1
     6764  54.934538 -162.215462     1.842   -27974.2   -18562.7   -17197.0      6.6      5.5      7.3 2021  9  8  3  9 46.090  1.52   1
     6765  54.842598 -162.379980    15.281   -38541.5   -28797.8    -3758.4     79.8     44.2     95.9 2021  9  8  3 10  2.640  1.84   1
     6766  54.932117 -162.185075     0.226   -26031.2   -18832.2   -18813.0     21.1     10.1      7.1 2021  9  8  3 12 53.720  1.31   1
     6767  54.846000 -162.219320     2.817   -28251.9   -28419.1   -16221.5     15.9      9.5     10.0 2021  9  8  3 13 11.220  1.80   1
     6769  54.435645 -161.319759    11.036    29500.6   -74101.9    -8002.8     15.3     14.4     12.7 2021  9  8  4 52 59.830  1.12   1
     6771  55.382841 -161.851709    15.938    -4680.5    31344.5    -3101.0     16.6     17.2     13.6 2021  9  8  4 56 17.390  0.33   1
     6779  55.479427 -161.397965    18.572    24152.0    42096.9     -466.8     22.4     18.9     30.8 2021  9  8 11 39  8.340  0.46   1
     6781  55.375842 -161.922917    20.269    -9210.7    30565.4     1230.1     18.4     11.2     13.3 2021  9  8 14 29 29.460  1.31   1
     6783  55.278101 -161.861312    30.941    -5298.3    19684.3    11901.9    101.7     62.1     41.8 2021  9  8 14 43 11.140  0.75   1
     6785  55.400081 -160.832731    17.285    60121.8    33263.8    -1753.5     48.0    143.0     57.7 2021  9  8 16 18 12.380  1.47   1
     6797  55.446472 -161.852946    26.863    -4755.4    38428.2     7824.4     21.3     18.3     13.5 2021  9  9  8  3 51.340  1.33   1
     6798  55.448698 -161.861117    27.618    -5274.6    38676.0     8579.4     15.5      7.2     10.7 2021  9  9  8  5  0.600  1.28   1
     6799  55.429492 -161.947965    29.054   -10796.9    36537.9    10015.1     65.3     31.6     10.4 2021  9  9  8  5 37.040  1.11   1
       68  55.241593 -162.908285    36.337   -72014.5    15620.2    17297.9     34.8     40.7     56.2 2021  1  3  1 52 19.270  1.76   1
     6801  55.499426 -161.803874    20.366    -1635.4    44323.3     1327.6     36.3     36.9     25.7 2021  9  9  8  6 58.280  1.41   1
     6805  54.858378 -162.199772     2.010   -26996.0   -27041.2   -17029.0     20.0     11.0     13.9 2021  9  9 17 57 48.720  1.45   1
     6806  54.944010 -162.158496     1.932   -24327.5   -17508.2   -17107.3     20.4      6.1      7.3 2021  9  9 19 23 51.640  2.59   1
     6809  55.359924 -161.630859    10.908     9370.0    28793.3    -8131.1     15.8     19.7     19.1 2021  9 10  5 42 52.380  0.17   1
      681  54.837720 -161.196110    13.328    37273.2   -29341.0    -5710.6     12.3      8.4      8.5 2021  1 23  7 11 40.680  1.69   1
     6814  54.968201 -162.196175     1.927   -26729.3   -14815.2   -17111.5     12.1     12.0     13.6 2021  9 10  9 15 43.130  2.22   1
     6816  55.217265 -160.668555    42.788    70724.0    12911.8    23749.3     18.9     61.5     30.9 2021  9 10  9 21 37.860  2.02   1
     6824  55.278255 -161.568180     2.683    13371.7    19701.5   -16356.3     29.6     66.0     38.8 2021  9 10 12  7 24.820  0.65   1
     6825  55.284896 -161.643148    12.327     8596.2    20440.8    -6711.9     17.9     19.2     26.5 2021  9 10 12 34 42.390  0.69   1
     6828  55.158488 -162.183464     5.843   -25855.2     6368.5   -13196.3     22.2     15.6     32.9 2021  9 10 13  8 42.470  1.80   1
     6836  54.940251 -162.294466     6.286   -33025.3   -17926.7   -12752.5     26.7     19.5     22.3 2021  9 11  0  3 31.470  0.98   1
     6837  54.863289 -162.244775     2.803   -29875.6   -26494.4   -16236.1     11.8     10.9     12.7 2021  9 11  0  3 49.390  1.52   1
     6842  55.372892 -161.750960    13.356     1728.1    30237.0    -5682.6     65.0     35.8     54.1 2021  9 11  1 27 33.110  0.89   1
     6845  54.377458 -161.633594    11.139     9308.7   -80579.5    -7900.0     52.3     32.6     32.2 2021  9 11  5 32 10.690  2.11   1
     6856  55.164193 -162.233366     0.601   -29036.3     7003.5   -18438.1      8.3     11.0      5.8 2021  9 11 20 56  5.280  1.52   1
     6859  55.026367 -161.806429    17.231    -1808.4    -8339.8    -1807.4     18.7     14.6     15.9 2021  9 11 23 34  3.440  0.97   1
     6864  55.294226 -161.085238    45.620    44122.2    21479.5    26580.8     11.8     48.6     19.7 2021  9 12  5 18 10.450  1.67   1
     6866  55.352779 -161.753499    17.435     1567.0    27997.9    -1604.0     13.1     12.2      8.0 2021  9 12  6  1 28.930  0.80   1
     6873  55.259184 -161.546517     5.737    14755.0    17578.4   -13302.0     13.9     16.0     19.7 2021  9 12 16 57 51.170  1.45   1
     6874  54.909111 -162.189469     1.315   -26319.8   -21393.4   -17723.9     12.3     10.2     12.9 2021  9 12 17  3 37.360  2.48   1
     6875  55.353715 -161.868083     1.958    -5724.1    28102.1   -17080.5     11.2     10.5     11.4 2021  9 12 17  4 12.760  1.03   1
     6876  55.344275 -162.002376    12.744   -14271.1    27051.1    -6295.3     20.9     53.7     18.8 2021  9 12 17  9 22.220  1.00   1
     6877  55.056942 -161.487305     2.014    18574.0    -4936.1   -17025.0     19.8     19.8     19.9 2021  9 12 22 49  3.560  1.97   1
     6879  55.236422 -161.696761     4.544     5184.9    15044.4   -14495.0     11.9     11.4     17.5 2021  9 12 22 49 20.840  1.25   1
     6883  55.005265 -162.240544     3.663   -29552.5   -10689.0   -15375.8     15.1     14.5     23.2 2021  9 13  3 20 14.870  1.40   1
     6884  54.938696 -162.205990     2.184   -27366.8   -18099.8   -16855.3     12.5     10.9      9.9 2021  9 13  3 20 33.680  1.48   1
     6888  55.000517 -162.295540     6.577   -33069.2   -11217.6   -12461.8     10.3      9.6     15.5 2021  9 13 14  3 21.710  1.84   1
     6896  55.464164 -161.929964    34.365    -9648.4    40397.8    15326.0     42.6     33.5     19.1 2021  9 13 18 29 10.660  1.06   1
      690  54.931405 -162.828890    14.966   -67214.5   -18911.5    -4073.1     19.1     26.9     58.7 2021  1 23 14  6 22.750  1.68   1
     6901  54.938623 -161.379313    17.917    25508.6   -18107.9    -1121.8     15.6     12.1     38.3 2021  9 14  1 40 14.530  2.29   1
     6902  54.998417 -161.541032    29.205    15153.6   -11451.4    10165.9     19.8     16.9     29.0 2021  9 14  1 40 29.040  2.71   1
      691  55.125448 -161.659717     4.626     7556.0     2690.3   -14412.4      9.6     11.4     11.3 2021  1 23 14  6 27.130  0.45   1
     6911  54.931335 -161.127311    60.344    41630.8   -18919.2    41305.6     10.9     15.6     11.4 2021  9 14 17 37 19.300  2.15   1
     6913  54.954834 -162.766211     3.406   -63186.7   -16303.3   -15633.1      9.5     10.5     12.4 2021  9 14 19 17  6.200  1.59   1
     6917  54.800273 -162.676497    31.709   -57559.9   -33509.8    12670.0     20.0     18.8     30.3 2021  9 15  3 34 53.360  2.29   1
     6918  54.983012 -162.311377     8.741   -34088.8   -13166.4   -10297.9     10.2      7.8     11.6 2021  9 15  3 35 11.090  2.85   1
      692  55.271627 -161.788965     5.855     -690.5    18963.6   -13184.2     19.0     15.4     16.5 2021  1 23 14  6 45.040  0.35   1
     6920  55.360917 -161.799837    15.317    -1381.5    28903.8    -3721.4     19.7     23.1     12.8 2021  9 15  5 53  8.200  0.11   1
     6923  55.256303 -160.703971    49.809    68433.2    17257.7    30770.1      9.8     18.8     14.3 2021  9 15 10 49 31.970  2.07   1
     6925  55.107869 -161.620931    10.358    10033.2      733.4    -8680.5     19.6     20.7     30.0 2021  9 15 12 30 24.780  0.98   1
     6932  54.520894 -162.499186    13.955   -46359.1   -64611.4    -5083.8     44.6     23.9     32.2 2021  9 15 20 51  1.260  1.50   1
     6933  54.496737 -162.121045    12.912   -22053.8   -67300.8    -6127.0     25.0     11.7     18.0 2021  9 15 21 52 38.580  1.79   1
     6940  55.261491 -161.168490    31.539    38836.7    17835.2    12499.7     16.7     18.5     28.9 2021  9 16 18 35 42.040  1.38   1
     6941  55.191447 -161.840723     2.645    -3991.3    10037.6   -16393.8     49.8     15.5     27.0 2021  9 16 18 36 25.280  0.76   1
     6942  54.974736 -160.451107     7.191    84840.0   -14087.7   -11848.1     58.5     88.7     57.3 2021  9 16 19 49  6.920  2.06   1
      695  54.876611 -161.860010     0.993    -5241.5   -25011.4   -18046.1     20.5     14.5     13.6 2021  1 23 16 56 33.020  1.72   1
     6961  54.499532 -161.981234    10.580   -13061.9   -66989.6    -8458.5     30.6     12.2     27.4 2021  9 18  1 56 38.430  1.69   1
     6962  55.484688 -161.752425    15.539     1632.6    42682.6    -3500.1     12.5     12.9     15.6 2021  9 18  5  1 16.760  1.30   1
     6963  55.504321 -161.726888    13.198     3254.1    44868.3    -5841.1     19.5     24.3     21.8 2021  9 18  5  3  4.180  0.28   1
     6964  55.556482 -161.931038    19.866    -9705.4    50675.0      827.4     33.8     22.3     25.2 2021  9 18  5 15 33.950 -0.01   1
     6974  55.354435 -161.779346    32.460      -77.7    28182.2    13421.5     28.4     30.2     20.7 2021  9 18 11 33 44.810  2.00   1
     6977  54.965483 -162.215072     6.288   -27938.4   -15117.8   -12750.4      8.8     19.5     25.1 2021  9 18 11 47 18.630  0.79   1
     6978  55.401823 -161.584505     9.514    12312.9    33457.7    -9525.3     10.2     10.5     14.9 2021  9 18 14  9 17.000  0.38   1
     6984  55.256079 -161.551465     4.280    14440.3    17232.8   -14759.3     15.1     17.5     17.7 2021  9 18 23  6 27.080  0.55   1
     6985  54.733891 -162.638298    12.776   -55157.7   -40899.7    -6263.0     26.8     22.5     21.8 2021  9 18 23 57 26.240  1.46   1
     6989  55.489661 -161.734196    13.575     2790.5    43236.2    -5463.7     16.5     13.7     15.8 2021  9 19  5 20 31.220  0.77   1
      699  55.192200 -161.797998     7.310    -1267.1    10121.4   -11728.8     58.9     18.8     52.0 2021  1 23 19 28 20.440  1.56   1
     6992  55.331299 -161.709554     5.674     4364.5    25606.6   -13364.9      7.1      5.8     10.8 2021  9 19  8 54 38.570  0.10   1
     6995  55.492013 -161.746484    14.984     2009.9    43498.0    -4054.6     17.3     16.3     17.6 2021  9 19 12 30 59.690  1.06   1
     6999  54.900639 -161.310628    31.224    29915.9   -22336.5    12185.5     20.0     16.8     32.6 2021  9 19 14 13 10.600  2.02   1
     7005  55.001034 -161.436589    32.030    21828.2   -11160.1    12991.5     18.0     11.9     32.2 2021  9 19 14 51 40.960  1.84   1
     7007  54.648828 -162.694743     2.477   -58839.0   -50369.3   -16562.1     27.3     29.8     27.8 2021  9 19 15 18 42.350  2.04   1
     7012  55.268486 -161.540381     3.024    15144.1    18613.9   -16015.0      8.2     11.4     19.3 2021  9 19 16 16  5.710  0.58   1
     7013  55.625191 -161.748210     5.269     1897.1    58324.1   -13770.4     56.7     55.6     39.0 2021  9 19 17 18 18.460  0.52   1
     7014  55.496537 -161.722689    12.885     3521.2    44001.7    -6153.9     10.4     13.8     11.2 2021  9 19 17 45 22.720  0.75   1
     7021  55.004696 -161.564730    32.099    13637.9   -10752.4    13060.3     17.8     18.2     24.3 2021  9 19 18 27 21.000  1.78   1
     7025  54.897636 -161.346615    32.358    27614.1   -22670.8    13319.0     18.6     18.9     24.7 2021  9 19 19 26  1.720  2.02   1
     7027  55.156763 -161.872835    18.495    -6041.4     6176.4     -544.1     24.5     22.0     29.7 2021  9 19 19 33 52.240  0.68   1
      704  55.329687 -161.676693     6.094     6456.2    25427.2   -12945.0      8.4     12.3     18.0 2021  1 23 22 28 43.560  0.58   1
     7043  55.337895 -161.524316     4.142    16153.4    26340.9   -14897.1     18.2     20.1     41.5 2021  9 21  4 37 13.000  0.72   1
     7044  55.211617 -160.723226    68.663    67244.0    12283.0    49624.4     23.8     50.8     24.4 2021  9 21  8 45 12.850  1.94   1
     7047  55.249658 -161.608398     4.934    10814.0    16518.0   -14105.3     19.1     20.8     23.9 2021  9 21 11 11 59.170  0.36   1
     7048  55.307869 -161.585352     9.747    12273.5    22998.3    -9292.2     14.0     32.3     42.4 2021  9 21 11 15 43.540  0.42   1
     7050  54.767041 -161.267839    48.443    32708.2   -37209.2    29403.7     16.7     16.0     20.7 2021  9 21 11 23 14.860  1.54   1
     7052  55.341479 -161.927686     7.469    -9518.2    26739.9   -11569.6     52.5     31.5     36.7 2021  9 21 11 35 57.590  0.17   1
     7057  54.658919 -163.358870    12.357  -101457.7   -49245.9    -6682.1     32.3     40.9     34.2 2021  9 21 13 25 16.770  1.51   1
     7058  54.717891 -163.147835    34.556   -87848.7   -42680.8    15517.1     79.3    103.4    145.0 2021  9 21 13 50 54.470  1.50   1
     7059  55.390690 -161.910954    29.162    -8448.2    32218.3    10123.1     21.5     41.4     14.7 2021  9 21 13 58 47.960  0.02   1
     7063  55.436178 -161.539811     4.934    15148.6    37282.2   -14105.0      9.2     22.2     16.5 2021  9 21 21  3 40.540  0.03   1
     7066  55.255469 -162.221940     5.531   -28275.3    17164.8   -13507.6     16.4     24.7     25.7 2021  9 21 22 57  2.520  0.36   1
     7079  54.528092 -162.171680    11.965   -25300.5   -63810.1    -7073.5     64.6     20.3     31.5 2021  9 22  9 52 39.310  1.74   1
     7085  55.338338 -161.764062    16.102      895.0    26390.2    -2936.8     23.8     19.1      9.8 2021  9 22 12 38 16.390  0.34   1
     7086  55.345756 -161.834066    16.107    -3559.9    27216.0    -2931.9     13.7     14.0      9.7 2021  9 22 12 43 11.430  0.32   1
     7087  55.322892 -161.640120    10.818     8784.8    24670.7    -8221.0     20.5     25.2     22.8 2021  9 22 12 46 33.690  0.29   1
     7088  55.401318 -161.768538    12.252      609.6    33401.5    -6787.0     22.5     22.6     25.9 2021  9 22 12 49 31.860  0.48   1
     7089  55.370060 -161.818831    14.072    -2589.7    29921.7    -4966.9     14.5     14.0     11.3 2021  9 22 12 51 11.460  0.07   1
     7090  55.466484 -161.866130    16.176    -5591.9    40656.0    -2862.7     33.8     24.4     25.7 2021  9 22 12 52  1.600  0.47   1
     7091  55.029826 -161.527035    13.916    16041.9    -7954.8    -5123.1     16.5     16.9     21.4 2021  9 22 12 54 13.350  0.98   1
     7092  55.343274 -161.743571    17.597     2199.0    26939.7    -1441.4     12.3     12.2      7.2 2021  9 22 12 54 53.910  0.46   1
     7093  55.341178 -161.724626    15.177     3404.8    26706.4    -3861.6     16.5     19.3     11.7 2021  9 22 12 57  7.060 -0.39   1
     7094  55.345801 -161.741683    17.174     2319.1    27221.0    -1865.4     19.6     12.6      8.4 2021  9 22 12 58 48.690  0.38   1
     7096  55.455090 -161.896354    15.821    -7513.5    39387.6    -3217.6     25.9     32.0     23.0 2021  9 22 13  3 25.550  0.52   1
     7097  55.379008 -161.737500    14.869     2584.2    30917.8    -4169.8     24.1     21.0     13.5 2021  9 22 13  6  4.180  0.24   1
     7105  55.192627 -161.227181    32.934    35128.0    10169.0    13895.5     18.1     28.7     23.2 2021  9 22 21 40 26.920  1.89   1
     7107  55.311861 -161.665706    21.571     7157.1    23442.7     2532.2     41.2     37.9     36.3 2021  9 22 22 20 59.560  0.64   1
      711  55.263383 -161.684928    20.669     5936.9    18045.9     1630.4     26.6     24.3     22.4 2021  1 24  7 42 45.190  0.28   1
     7112  55.171737 -161.141423    24.231    40606.5     7843.4     5191.7     44.6     58.3     46.3 2021  9 23  4 33 52.330  2.34   1
     7114  55.397481 -161.668180    16.597     6992.1    32974.3    -2441.7     16.4     29.5     13.6 2021  9 23 10 47 36.020  0.40   1
     7116  55.488257 -161.924023    13.464    -9268.1    43079.9    -5575.0     42.1     22.3     28.1 2021  9 23 11 22 31.990  0.52   1
     7117  55.082178 -162.082731     2.883   -19448.3    -2126.7   -16156.2     12.1     14.3      8.6 2021  9 23 17 23  4.760  0.93   1
     7119  55.213949 -163.496729     7.413  -109548.3    12542.6   -11626.3     17.4     37.9     27.3 2021  9 23 21 55 58.180  2.24   1
     7123  55.008716 -162.269922     7.018   -31428.7   -10304.9   -12020.9     20.3     17.2     14.8 2021  9 24  7  5  1.710  1.96   1
     7126  55.032357 -161.498747    16.537    17848.6    -7673.1    -2501.6     26.0     21.7     40.4 2021  9 24  7 28 26.640  1.67   1
     7129  55.367594 -161.781201    15.301     -195.7    29647.2    -3737.7     19.4     24.5     11.6 2021  9 24  8 50 22.280  0.32   1
     7130  55.346932 -161.821403    16.728    -2754.1    27346.9    -2310.8     31.8     18.3     14.7 2021  9 24  8 53 25.760  0.47   1
     7131  55.423861 -161.786735    10.736     -547.4    35911.0    -8302.6     18.7     22.0     20.0 2021  9 24  8 55 45.960  0.40   1
     7134  55.327075 -161.904574    11.357    -8048.8    25136.4    -7681.6     22.5     13.3     10.5 2021  9 24  9 12 19.070  0.38   1
     7141  55.294425 -161.226449    42.336    35130.0    21501.7    23297.3     23.9     37.6     29.1 2021  9 24 14  0 50.650  1.70   1
     7148  55.348747 -161.776986    15.073       72.5    27549.0    -3966.0     21.9     23.7     13.9 2021  9 24 19 18 25.480  0.07   1
     7149  55.265035 -161.562760     2.932    13719.1    18229.8   -16107.3     11.9     14.5     13.5 2021  9 24 19 19 10.960  0.36   1
     7156  55.291895 -162.002279    26.234   -14274.2    21219.9     7195.1     53.8     48.6     48.3 2021  9 25  0 49 44.530  0.97   1
     7157  55.270813 -161.645101     8.332     8473.3    18873.0   -10707.1     14.4     13.4     24.9 2021  9 25  0 52  0.650  0.52   1
     7163  55.306962 -161.914079    16.841    -8656.0    22897.3    -2197.7     21.5     18.9     15.7 2021  9 25  1  8  4.460  0.35   1
     7169  54.858683 -161.501611     2.005    17703.8   -27007.2   -17034.2     26.1     27.3     27.0 2021  9 25  3 16 43.710  1.04   1
     7174  55.160649 -161.845980     8.790    -4328.1     6609.0   -10249.0     27.6     20.1     21.8 2021  9 25  5 50 37.350  1.11   1
     7175  55.033797 -161.508643    22.474    17216.1    -7512.7     3434.8     18.0     21.6     22.8 2021  9 25  7 52 28.710  1.65   1
      718  54.965385 -161.411035    23.776    23471.8   -15128.7     4737.3     24.7     18.7     27.8 2021  1 24 13 54 12.850  1.58   1
     7181  55.121541 -161.452848    18.553    20757.9     2255.4     -486.3     13.1     12.4     14.5 2021  9 25  9 12 30.350  1.62   1
     7182  55.397083 -161.808008    15.857    -1900.5    32929.9    -3181.7     33.8     24.7     16.9 2021  9 25  9 18 45.940  0.40   1
     7183  55.367997 -161.797705    15.416    -1245.7    29692.0    -3623.2     16.8     12.2      8.5 2021  9 25  9 19 24.700  0.14   1
     7184  55.397001 -161.885612    15.715    -6835.8    32920.9    -3323.4     19.5     25.5     19.0 2021  9 25  9 21 23.370  0.08   1
     7185  55.302905 -161.955013    14.682   -11262.8    22445.7    -4356.5     18.0     21.4     19.2 2021  9 25  9 25  6.660  0.75   1
     7195  55.329228 -161.724870    15.614     3389.7    25376.0    -3425.4     27.4     17.2     14.7 2021  9 25 16 16 16.260  0.05   1
     7196  55.333427 -161.861426    17.904    -5301.9    25843.5    -1134.9     23.6     21.3     10.7 2021  9 25 16 17 20.700  0.43   1
     7197  55.211646 -161.734277    15.690     2795.0    12286.2    -3348.5     41.6     13.7     33.0 2021  9 25 16 19 31.200  0.55   1
      720  55.207072 -162.040592    16.043   -16731.8    11777.1    -2995.6     14.6     12.6     21.2 2021  1 24 13 55 20.110  0.99   1
     7201  55.334322 -161.757210    18.429     1331.2    25943.1     -610.1     30.4     28.5     11.0 2021  9 25 22 51 36.720  0.18   1
     7202  55.391447 -161.755632    15.856     1430.6    32302.6    -3182.5     20.3     15.3     10.0 2021  9 25 22 57 39.920  0.24   1
     7204  55.419519 -161.879460    14.497    -6442.8    35427.7    -4542.2     22.6     22.0     16.5 2021  9 25 22 59 12.340  0.37   1
     7206  55.034033 -161.253027    33.533    33546.2    -7486.4    14494.3     23.2     25.4     39.5 2021  9 26  0 19  7.700  1.06   1
     7208  55.160486 -161.875749     7.601    -6226.9     6590.9   -11437.4     19.1     25.8     16.3 2021  9 26  0 19 51.730  0.34   1
     7209  54.914539 -162.205794     1.502   -27362.5   -20789.1   -17536.6     17.1     10.2     11.5 2021  9 26  0 26 43.570  0.83   1
     7214  55.408146 -161.856868    14.804    -5007.1    34161.6    -4234.9     24.3     25.4     16.9 2021  9 26  3  7 42.960 -0.29   1
     7218  55.347611 -161.791016    16.280     -820.3    27422.6    -2758.4     13.2     28.1     10.5 2021  9 26  5 48 24.220  0.34   1
     7219  55.392432 -161.884701    14.822    -6778.3    32412.2    -4216.8     22.6     17.6     17.6 2021  9 26  5 49 11.180  0.36   1
      722  55.210339 -162.051497    19.089   -17426.3    12140.8       50.4     17.3     16.1     16.8 2021  1 24 13 55 59.740  0.94   1
     7220  55.355485 -161.809538    16.682    -1998.8    28299.1    -2357.3     15.4     13.4      5.7 2021  9 26  5 50 50.600  0.15   1
     7223  55.454069 -161.688770    13.227     5678.7    39273.9    -5812.1     26.3     25.4     23.5 2021  9 26  6  0 20.900  0.39   1
     7226  55.363485 -161.746387    21.582     2019.3    29189.7     2542.8     19.3     36.7     13.3 2021  9 26  6  6 24.950  0.55   1
     7234  54.894157 -162.182520     2.179   -25880.0   -23058.1   -16859.5      6.1     12.2     18.1 2021  9 26 13  2 23.780  0.45   1
     7235  54.546130 -162.017920    12.015   -15412.3   -61802.1    -7024.3     27.4     15.9     27.4 2021  9 26 13  2 32.250  1.10   1
      724  55.238953 -162.104199     2.477   -20778.3    15326.2   -16561.8     20.7     18.8     25.2 2021  1 24 15 11  8.640  0.86   1
     7243  54.662712 -160.894271    22.587    56726.1   -48823.7     3548.4     41.0     39.6     38.1 2021  9 26 17 39 54.360  1.71   1
     7247  55.341903 -161.716602    17.511     3915.4    26787.1    -1527.8     15.2     20.1     10.3 2021  9 26 19 10 13.200  0.43   1
     7248  55.346765 -161.816569    15.581    -2446.5    27328.4    -3457.8     22.2     12.6      9.3 2021  9 26 19 15 41.440  0.86   1
     7255  55.259888 -162.015381     3.785   -15114.6    17656.8   -15253.6     33.0     13.8     40.8 2021  9 27  1 34 11.790  0.70   1
     7256  54.572319 -161.306266    29.411    30317.9   -58886.7    10372.1     17.5     11.4     35.4 2021  9 27  1 40 42.150  1.61   1
     7257  55.155070 -162.178141     2.203   -25516.8     5988.0   -16835.5     18.6     17.6     26.4 2021  9 27  2 43 22.440  1.50   1
     7260  55.357011 -161.753532    17.860     1564.8    28469.0    -1178.5     14.6     23.6     14.7 2021  9 27  3 58  1.920  0.38   1
     7261  55.352600 -161.757796    15.213     1293.6    27977.9    -3825.4     19.9     24.6     12.7 2021  9 27  3 58 27.900  0.56   1
     7262  55.372721 -161.760824    17.782     1100.7    30217.9    -1257.0     25.7     17.1     12.4 2021  9 27  4  1 23.460  0.52   1
     7263  55.298299 -161.747201    16.232     1969.1    21932.9    -2806.8     19.5     16.6     13.4 2021  9 27  4  2 16.990  0.32   1
     7264  55.332214 -161.854492    18.598    -4860.7    25708.5     -441.1     20.9     25.2     11.9 2021  9 27  4  3  0.030  0.35   1
     7265  55.359045 -161.767318    18.246      687.6    28695.5     -793.0     21.5     26.7     13.6 2021  9 27  4  4  3.210  0.61   1
      727  55.016504 -161.561230    32.285    13859.5    -9437.9    13245.9     18.1     24.6     30.0 2021  1 24 18 57 12.040  2.29   1
     7276  54.831746 -161.027083    32.444    48101.5   -30005.9    13405.6     13.2     17.3     31.7 2021  9 27 13  1 59.790  2.66   1
     7279  55.268656 -161.582926     5.346    12434.0    18632.9   -13692.8      8.2     10.2     25.0 2021  9 27 15  9 51.900  0.57   1
     7283  55.353385 -161.751758    17.754     1677.8    28065.4    -1284.9     22.5     24.2     14.1 2021  9 27 22 33 47.480  0.73   1
     7284  55.341187 -161.855745    16.588    -4939.9    26707.3    -2450.7     23.7     15.5     10.2 2021  9 27 22 43 50.760  0.62   1
     7291  55.077718 -161.754492    15.074     1509.0    -2623.2    -3964.4     15.5     10.3     16.3 2021  9 28 17  2 20.060  1.23   1
     7299  55.284558 -161.670654    14.745     6844.4    20403.2    -4293.8     17.4     18.2     15.9 2021  9 29 14 25 43.640  0.94   1
       73  54.990413 -162.271452     5.602   -31533.6   -12342.4   -13436.7     11.2      8.6     15.4 2021  1  3  5  8 33.310  1.68   1
     7302  55.291195 -161.663965    15.920     7269.9    21142.0    -3118.4     17.1     13.4     16.6 2021  9 29 23  7 14.760  0.73   1
     7304  55.166679 -162.257992     4.920   -30606.0     7280.3   -14118.5     20.1     13.0     15.8 2021  9 30  1  2 42.310  1.45   1
     7305  55.354867 -161.817090    18.266    -2479.4    28230.3     -773.2     44.8     20.0     14.4 2021  9 30  4 38 29.360  0.94   1
     7307  55.316813 -161.740918    16.786     2368.6    23994.0    -2252.9     33.4     24.9     16.3 2021  9 30  6 25 42.810  1.06   1
     7309  54.769564 -161.087874    33.489    44242.1   -36928.4    14450.3     16.7     21.7     39.7 2021  9 30 10 54 12.800  2.78   1
      731  55.150663 -162.059212     2.940   -17931.4     5497.4   -16098.8     29.8     31.1     37.6 2021  1 24 19 36  4.400  0.99   1
     7310  54.877079 -161.858610     1.762    -5151.9   -24959.3   -17276.6     12.1     12.1     12.9 2021  9 30 11  5 24.240  1.33   1
     7312  54.872005 -161.407454    32.090    23728.2   -25524.1    13051.5     25.4     33.4     48.2 2021  9 30 12  6 14.010  2.08   1
     7313  55.008577 -162.310645    13.214   -34031.1   -10320.3    -5824.7     15.1     12.2     12.7 2021  9 30 16 10 14.260  1.04   1
      732  55.323006 -161.714551     4.839     4046.9    24683.4   -14199.6      7.8      7.5      9.0 2021  1 24 20 52 53.320  1.36   1
     7321  54.980355 -162.226497     2.933   -28663.7   -13462.2   -16106.0     15.5     13.3     14.6 2021 10  1  5  8 21.050  0.62   1
     7322  54.416166 -162.044303    16.268   -17135.4   -76270.3    -2770.7     34.1     16.3     21.5 2021 10  1  7 34 27.890  1.79   1
     7325  54.855566 -161.187321    17.136    37827.7   -27354.2    -1903.0     29.4     28.9     29.6 2021 10  1 12 27 28.960  2.30   1
     7329  55.017249 -162.386540    17.435   -38877.1    -9355.0    -1603.6     22.5     21.3     22.6 2021 10  1 21 23 40.720  1.91   1
     7337  54.476758 -162.229085    61.593   -29009.3   -69524.9    42554.5     50.7     12.6     16.1 2021 10  5  2 40 17.350  1.85   1
     7339  55.341032 -161.819710     1.847    -2646.5    26690.1   -17192.4     18.9     20.9     22.7 2021 10  5  4 28 38.180  0.94   1
     7341  54.541174 -163.314567    13.310   -98757.5   -62353.8    -5728.9      8.9      9.7      9.2 2021 10  5  5 47 43.300  1.61   1
     7344  54.826607 -161.904769     1.112    -8111.6   -30578.1   -17926.9     12.6      9.2     10.3 2021 10  5  9 17 49.140  1.82   1
     7345  55.360124 -161.569824     9.682    13253.4    28815.5    -9356.7     10.8     13.3     19.3 2021 10  5 11 39 41.750  0.38   1
     7346  55.368766 -161.765186    15.987      823.2    29777.6    -3051.4     19.1     15.4     11.5 2021 10  5 15 44 11.470  0.92   1
      735  54.384314 -161.922380     9.193    -9290.1   -79816.2    -9845.4     36.9     21.1     37.8 2021  1 24 21 16 22.960  5.31   1
     7352  55.473157 -161.579785    27.319    12601.8    41398.9     8279.8     19.0     19.1     46.3 2021 10  5 19 59  6.500  1.74   1
     7359  54.828927 -162.194613     1.666   -26675.4   -30319.9   -17373.2     12.7     13.6     14.4 2021 10  6  3 42 47.150  2.29   1
     7360  54.919462 -162.259326     5.473   -30785.7   -20241.0   -13565.8      5.4     12.9     10.4 2021 10  6  3 43  8.370  2.37   1
     7366  54.996440 -162.440169     7.688   -42314.9   -11671.5   -11350.8     19.5     20.9     25.2 2021 10  6  6 28 37.800  1.83   1
     7368  55.001685 -162.239958     3.052   -29516.4   -11087.6   -15987.4     16.2     15.1     25.0 2021 10  6  6 43 16.730  1.92   1
     7381  55.439551 -161.948356    41.556   -10820.4    37657.7    22517.5     29.3     25.7     11.0 2021 10  7  6  8  1.900  1.33   1
     7382  55.241345 -161.637516    34.526     8959.7    15592.5    15487.2     30.8     26.8     22.9 2021 10  7  8 35 23.410  1.15   1
     7384  55.462634 -161.694889    14.703     5289.2    40227.5    -4336.3     20.0     18.8     24.2 2021 10  7 12 25 27.080  0.10   1
     7386  55.407886 -161.829411     7.135    -3261.2    34132.6   -11903.8     25.5     17.8     15.0 2021 10  7 16 55  8.250  0.58   1
     7398  55.011698 -162.292122     6.553   -32846.2    -9972.8   -12485.4     19.9     11.6      8.5 2021 10  9  6  0 37.850  1.00   1
     7400  54.561161 -161.809701    11.259    -2029.1   -60128.7    -7779.7     21.2     14.8     18.1 2021 10  9 15  6  0.030  2.39   1
     7411  55.357983 -161.596159    15.158    11578.1    28577.2    -3880.8     26.1     40.1     30.0 2021 10 10 10 24 41.830  0.01   1
     7412  54.612447 -161.462321    11.830    20281.0   -54419.4    -7208.5     17.6     10.6     21.7 2021 10 10 14 34 51.400  1.88   1
     7416  55.331616 -161.988835    17.945   -13411.5    25641.9    -1093.8     35.9     34.2     30.0 2021 10 10 18 56 57.500  1.05   1
      742  55.253048 -161.404492     4.900    23804.7    16895.3   -14139.2     15.1     12.6     22.5 2021  1 25  4 42 41.080  0.75   1
     7420  55.318876 -161.546501     4.938    14745.0    24223.6   -14100.7     12.3     13.6     20.2 2021 10 11  4 21  3.640  0.62   1
     7421  55.365910 -161.313997    17.377    29528.6    29459.6    -1661.4     17.4     31.4     31.1 2021 10 11  9 11  5.030  4.84   1
     7422  55.385742 -161.387402    18.947    24852.3    31667.5      -91.5     25.3     31.7     38.2 2021 10 11  9 11 37.720  5.55   1
     7428  54.898674 -161.707227    15.973     4537.0   -22555.3    -3065.5     34.2     29.4     69.3 2021 10 11 12 25 38.840  2.16   1
      743  54.677637 -161.101090    12.632    43444.4   -47162.2    -6407.0     39.4     37.8     50.5 2021  1 25  5 26 57.040  1.24   1
     7433  55.272323 -161.853206     4.150    -4782.4    19041.1   -14888.9     31.3     19.6     27.8 2021 10 11 17 57 46.040  1.36   1
     7434  55.381531 -161.627035     7.103     9610.8    31198.6   -11935.8     18.7     21.5     30.7 2021 10 11 19 36 40.880  2.04   1
     7437  55.233655 -161.878288     7.292    -6383.1    14736.4   -11746.5     17.8     11.8     22.4 2021 10 11 19 41 45.020  2.21   1
     7439  55.422599 -161.443799    21.650    21255.3    35770.6     2611.1     20.3     39.5     24.5 2021 10 12  0 54 54.760  1.59   1
      744  55.140568 -161.505811     3.386    17373.9     4373.5   -15652.9     16.2     14.4     24.3 2021  1 25  5 35 14.680  0.69   1
     7441  55.098698 -161.920622     2.572    -9096.2     -287.6   -16466.5     13.4     12.3     13.5 2021 10 12  0 58  1.950  1.29   1
     7452  55.346191 -161.783984    18.949     -372.9    27264.5      -89.9     33.6     38.9     36.4 2021 10 12 14 15  0.590  0.01   1
     7455  55.299215 -161.956559    14.899   -11361.8    22034.8    -4140.1     46.7     47.1     34.2 2021 10 12 19  6 27.380  1.39   1
     7466  54.997046 -162.284538     6.300   -32367.4   -11604.0   -12738.4      8.4      9.0     13.4 2021 10 13  5 25 10.600  1.41   1
     7469  55.125590 -161.793929     6.236    -1008.5     2706.1   -12803.2     10.8     13.8     14.5 2021 10 13  7 25 59.470  0.83   1
     7471  55.045003 -161.069450    38.270    45268.0    -6265.2    19231.1     31.7     77.8     59.4 2021 10 13 11 34 58.770  2.14   1
     7475  54.639490 -161.869808    22.028    -5885.9   -51408.9     2988.7     27.3     22.6     23.2 2021 10 13 17 58 24.700  1.93   1
     7476  55.470170 -161.123747    38.947    41578.3    41066.4    19907.8     20.5     54.0     29.4 2021 10 14  1 14  1.840  1.87   1
     7485  55.212166 -161.677848     4.945     6392.0    12344.2   -14094.2     22.1     17.2     46.5 2021 10 14 13  4 28.920  0.81   1
     7486  54.644503 -161.402555    12.100    24109.6   -50850.8    -6938.7     15.7      8.6     10.6 2021 10 14 13 54 54.980  2.52   1
     7488  55.088167 -161.610693    22.157    10689.3    -1460.0     3118.6     33.8     23.3     36.2 2021 10 14 15 23  4.770  0.30   1
     7490  55.376640 -161.998096    12.660   -13993.0    30654.2    -6378.8     19.5     29.1      9.7 2021 10 14 15 59 58.120  0.27   1
     7491  55.178471 -161.459115     4.772    20343.6     8593.1   -14266.7     22.5     21.6     29.3 2021 10 14 18  5 58.280  1.07   1
     7492  55.430387 -161.626904    10.219     9613.1    36637.6    -8820.1     16.7     23.2     23.2 2021 10 14 18 10 42.020  0.54   1
     7496  54.776143 -161.271908    13.806    32443.7   -36195.9    -5233.1     34.3     26.4     29.8 2021 10 14 19 30 12.720  2.07   1
     7498  54.498971 -162.050879    15.781   -17540.8   -67052.1    -3258.1     48.9     18.6     31.8 2021 10 14 20  4 46.620  2.06   1
     7502  54.917253 -162.217383     2.391   -28103.0   -20487.0   -16647.9     10.6     13.4     16.5 2021 10 14 21 35 34.360  1.74   1
     7504  55.222827 -161.421061     4.272    22757.7    13531.0   -14767.1     20.1     24.9     29.1 2021 10 15  0 17 46.620  1.00   1
     7505  55.394173 -161.772852     4.993      335.4    32606.1   -14045.4     19.8     17.1     20.6 2021 10 15  2 46 27.700  0.92   1
     7506  55.496777 -161.696175    11.619     5205.2    44028.4    -7419.8     23.8     14.7     20.0 2021 10 15  2 46 59.210  1.06   1
      751  54.944568 -162.249528     6.298   -30149.4   -17446.1   -12740.8     11.5      9.9     14.2 2021  1 25 15 34 57.710  1.47   1
     7513  55.340499 -161.869417     1.403    -5810.0    26630.8   -17635.5     20.1     18.6     21.9 2021 10 15  8 18 50.890  3.14   1
     7516  54.990955 -162.314779     8.079   -34302.9   -12282.1   -10960.0     11.4      7.8     10.1 2021 10 15  9 49 25.890  1.72   1
     7518  55.428308 -161.596956    10.524    11517.2    36406.1    -8515.3     15.1     20.8     21.0 2021 10 15 17  5  9.140  0.44   1
     7522  55.400444 -161.014372    23.083    48570.2    33304.1     4043.7     17.6     42.8     17.5 2021 10 16  4 28 12.600  1.35   1
     7524  55.304838 -160.470394    12.409    83263.6    22660.8    -6629.7     21.1     39.2     22.2 2021 10 16  6 16 28.460  1.63   1
     7527  54.993510 -161.805225     4.270    -1732.1   -11997.7   -14768.7     10.1     15.3     20.5 2021 10 16  7 38 27.140  1.22   1
      753  55.068591 -161.694922     7.560     5313.2    -3639.3   -11479.3     11.8     18.2     34.4 2021  1 25 21 59  6.360  1.38   1
     7530  55.385299 -161.571549    18.048    13139.5    31618.1     -991.3     19.1     35.8     31.7 2021 10 16  9 36 58.290  0.15   1
     7531  55.295715 -161.761393    12.809     1065.4    21645.3    -6229.6     34.1     22.9     23.6 2021 10 16  9 42 50.900  0.76   1
     7533  55.435034 -161.664648    13.818     7213.3    37154.9    -5221.1     22.2     22.3     21.8 2021 10 16 10  5 18.810  0.40   1
     7535  55.384570 -161.836312    15.385    -3701.1    31537.0    -3654.1     20.7     21.9     14.1 2021 10 16 10 50 37.620  0.66   1
     7536  54.995150 -161.640169    23.313     8817.7   -11815.1     4274.3     11.5     12.3     10.7 2021 10 16 10 54 30.620  1.40   1
     7538  55.391109 -161.806169    16.982    -1783.6    32265.0    -2056.6     29.8     19.7      8.0 2021 10 16 14 19 59.740  0.69   1
     7544  55.286434 -161.480550    17.361    18951.0    20612.0    -1677.8     12.0     14.8     15.6 2021 10 16 17 35 56.920  0.72   1
     7547  54.508488 -162.190299    53.047   -26503.9   -65992.6    34007.8     37.7     16.1     20.8 2021 10 16 21  0 20.720  1.89   1
     7559  55.353723 -161.656673    17.049     7728.1    28103.0    -1990.0     14.0     17.9     14.6 2021 10 18 11 13 55.140  1.19   1
     7562  55.092216 -162.077002     7.969   -19080.1    -1009.2   -11070.2     10.0     18.9     32.8 2021 10 18 15  0 54.360  1.15   1
     7563  55.406047 -161.604655    16.141    11030.9    33927.9    -2898.4      9.6     17.1     18.1 2021 10 18 20 17 32.540  1.03   1
     7564  54.883504 -162.166260     0.247   -24842.7   -24244.0   -18792.0     13.3     10.9      9.8 2021 10 18 20 24 46.800  1.48   1
     7567  55.398348 -161.550212     4.149    14494.3    33070.8   -14889.4     18.0     25.7     18.5 2021 10 18 22 23 28.900  0.43   1
     7570  55.379806 -161.562777     4.338    13698.4    31006.6   -14701.3     14.7     25.6     28.5 2021 10 19  4 56 46.280  0.48   1
     7579  55.367432 -161.664600    18.960     7222.5    29629.1      -79.2      9.4     12.6      8.0 2021 10 19 20 46 21.180  0.96   1
     7585  55.367806 -161.758024    15.300     1278.8    29670.7    -3738.9     16.6     22.2     12.1 2021 10 20  3  1  1.960  0.68   1
     7587  55.361646 -161.687760     8.774     5749.5    28984.9   -10265.1     26.1     28.7     28.1 2021 10 20  3 43 33.910  1.67   1
     7588  55.403251 -161.590120     7.344    11955.6    33616.7   -11695.2     10.3     16.3     22.0 2021 10 20  5 26 53.150  0.20   1
     7592  55.363245 -161.804443    16.468    -1674.5    29162.9    -2570.7     29.1     17.5     10.1 2021 10 20 10 35 14.480  0.89   1
     7595  55.429118 -161.760889     4.508     1095.7    36496.3   -14531.2     21.7     19.4     34.1 2021 10 20 12 41 30.150  0.56   1
     7606  55.255184 -161.369873    24.638    26009.7    17133.1     5599.3     20.9     18.5     18.4 2021 10 21  8 25 35.430  1.83   1
     7610  55.360002 -161.761117    15.235     1082.2    28801.9    -3803.8     15.8     16.8     11.5 2021 10 21 11  7 18.980  1.12   1
     7612  54.688232 -161.485726    43.000    18760.4   -45982.6    23961.2     23.8     21.4     27.0 2021 10 21 12 32 42.960  1.80   1
     7613  55.424679 -161.877083    14.828    -6291.3    36002.1    -4211.1     19.0     20.3     15.7 2021 10 21 13 18 21.200  0.66   1
     7627  55.138379 -161.337874     0.388    28089.2     4129.8   -18650.6     22.0     20.9     16.7 2021 10 23 20 59  9.840  2.46   1
     7633  54.880562 -162.190137     1.412   -26371.9   -24571.5   -17627.3     14.0     12.3     14.6 2021 10 24 14 30 22.330  1.15   1
     7644  54.521370 -161.469320     7.399    19853.8   -64558.4   -11639.9     37.3     25.5     30.6 2021 10 25  8 37 18.900  1.74   1
     7645  55.081523 -162.069368     1.250   -18595.3    -2199.7   -17788.6     15.0     20.0     25.5 2021 10 25 13 19 39.520  1.47   1
     7646  55.067952 -162.068327     5.481   -18531.9    -3710.4   -13558.3      7.7     19.8     12.6 2021 10 25 16 44 28.910  0.79   1
     7663  54.417700 -161.608724    10.666    10905.1   -76099.5    -8373.2     29.6     23.6     24.4 2021 10 27  0  0 11.710  1.89   1
     7665  54.918054 -162.194385     2.242   -26631.4   -20397.8   -16797.3     10.3      7.4      7.4 2021 10 27  2 51 52.540  2.05   1
     7667  54.909033 -162.188346     0.969   -26248.0   -21402.0   -18070.1     10.9      8.4      7.6 2021 10 27  3  8 18.840  1.11   1
     7668  54.866366 -162.197559     0.682   -26851.7   -26152.0   -18357.1     15.0      9.4      8.5 2021 10 27  3  8 31.690  1.39   1
     7669  55.137016 -163.238932    14.830   -93205.1     3978.1    -4208.4     13.7     47.5     29.1 2021 10 27  6 59 21.160  3.09   1
      767  55.303772 -161.678630     6.836     6335.0    22542.2   -12203.0      6.9      6.3     15.6 2021  1 26 19 19 41.320  1.54   1
     7674  55.080981 -162.075553     3.042   -18990.3    -2259.9   -15996.4     12.8     22.8     32.8 2021 10 27 10 13 27.160  1.51   1
     7677  55.078292 -162.072542     3.208   -18798.7    -2559.3   -15830.6     11.2     13.6     20.1 2021 10 27 12 56 54.520  1.10   1
      768  54.533972 -162.191260    55.361   -26557.3   -63155.6    36322.0     26.7     13.4     16.8 2021  1 26 19 36 57.400  1.51   1
     7681  54.378300 -161.527425     8.841    16146.5   -80485.7   -10197.7     17.8     14.4     14.4 2021 10 27 15 11  7.230  2.49   1
     7683  54.940352 -161.397852    34.078    24322.3   -17915.4    15039.4     21.2     15.8     20.6 2021 10 27 16 16 10.650  1.48   1
     7689  54.523413 -162.127913    31.702   -22488.2   -64331.1    12663.4     68.0     32.2     73.7 2021 10 28  2 58 55.960  2.33   1
     7691  55.370671 -161.581380    11.442    12516.5    29989.6    -7597.1     15.7     20.8     20.7 2021 10 28  5 53 47.120  0.32   1
     7693  55.310669 -161.677620    17.354     6398.7    23310.0    -1685.4     17.8     19.9     18.0 2021 10 28 11 56 20.060  1.01   1
     7696  54.574133 -161.305241    14.619    30383.1   -58684.6    -4419.4     13.2     11.1     14.1 2021 10 28 15  5 52.680  1.86   1
     7699  55.340503 -162.206722    12.925   -27276.7    26631.2    -6113.4     30.2     28.2     33.8 2021 10 28 15 59 55.260  1.58   1
     7700  54.610409 -161.336182    13.965    28382.4   -54646.3    -5074.3     12.1     13.8     11.1 2021 10 28 18 35 56.340  1.72   1
     7705  54.978040 -162.636816     5.092   -54896.3   -13719.9   -13946.6     19.5     26.8     30.5 2021 10 28 21 30 22.900  1.56   1
     7709  54.946562 -161.533008    21.232    15676.5   -17224.2     2193.1     17.3     19.0     23.8 2021 10 28 22 41 30.440  1.97   1
     7711  55.305086 -162.166846    39.454   -24749.9    22688.5    20414.9     49.2     45.5     38.0 2021 10 28 23 59 53.260  1.45   1
     7719  54.953097 -161.765218     4.277      825.4   -16496.7   -14761.8      9.9     13.6     19.4 2021 10 29  5 21 21.040  1.21   1
     7723  55.313114 -161.775195    12.028      186.5    23582.2    -7010.9     27.3     20.1     19.1 2021 10 29  8 15 33.330  0.10   1
     7726  55.310372 -161.886100    14.250    -6874.3    23276.9    -4788.8     38.7     18.0     18.2 2021 10 29  8 32 40.840  0.11   1
     7730  55.208744 -160.871826    14.391    57773.6    11963.2    -4647.6     20.5     51.1     31.1 2021 10 29  9 20 40.510  1.90   1
     7735  55.195772 -161.601156     9.067    11283.1    10519.1    -9972.4     13.3     16.7     28.1 2021 10 31  1 50  3.300  1.83   1
     7742  55.350199 -161.732568     6.249     2899.0    27710.7   -12790.4     19.4     19.1     37.1 2021 10 31 14 28  1.510  0.43   1
     7750  55.368103 -161.489274    13.807    18376.7    29703.8    -5231.6     18.6     25.1     26.6 2021 10 31 17 11 37.460  1.34   1
      776  55.010303 -161.594043    38.468    11763.7   -10128.2    19428.7     32.1     32.9     22.0 2021  1 26 23 39 36.360  2.17   1
     7766  54.835083 -162.798047     9.014   -65319.6   -29634.5   -10025.0     40.5     40.8     59.6 2021 11  1  8 41 31.230  1.52   1
      777  54.577096 -162.045622    52.271   -17186.2   -58354.9    33231.9     19.6      6.9      9.4 2021  1 26 23 47 27.680  1.94   1
     7775  55.233435 -161.504753    24.617    17421.2    14711.9     5578.1     16.1     20.4     15.2 2021 11  1 11  0 23.140  1.64   1
     7779  54.841056 -161.265837    31.255    32806.4   -28969.5    12216.3     19.0     23.0     41.5 2021 11  1 11 27  0.290  2.63   1
     7788  55.285921 -161.032487    40.021    47486.2    20554.9    20981.9     13.1     40.8     19.9 2021 11  1 14 58 47.590  1.78   1
     7792  54.828255 -162.400505    14.861   -39862.9   -30394.6    -4178.3     37.9     27.6     47.9 2021 11  1 17  8 19.620  0.90   1
     7794  55.256730 -163.469873     7.427  -107778.9    17305.2   -11612.1     19.3     29.1     31.0 2021 11  1 18 29 17.320  2.80   1
     7796  55.250875 -161.707210     9.445     4518.2    16653.4    -9594.4     18.4     16.2     19.5 2021 11  1 19 31  8.700  1.33   1
     7798  55.357902 -161.620850     9.877    10007.1    28568.2    -9161.5     18.3     25.2     23.5 2021 11  1 20 26 55.080  0.67   1
     7803  55.286194 -161.264795     1.294    32691.5    20585.3   -17745.3     31.7     45.8     36.3 2021 11  2  1 36 10.570  1.20   1
     7805  54.546761 -161.694157    11.898     5396.8   -61731.8    -7141.2     22.5      9.7     11.1 2021 11  2  1 51  5.080  2.08   1
     7807  55.329976 -161.761296    14.584     1071.2    25459.4    -4454.5     20.0     18.7     15.3 2021 11  2  2 20 10.100  0.58   1
     7810  54.938843 -162.238281     5.146   -29432.2   -18083.5   -13892.9     10.8     13.8     14.6 2021 11  2  7  5  3.520  0.95   1
     7812  55.273836 -161.979492    13.217   -12826.1    19209.6    -5821.9     40.6     42.1     41.6 2021 11  2  8 21 34.590  1.73   1
     7825  54.881181 -162.189453     4.618   -26327.9   -24502.7   -14421.4     19.5     17.7     18.4 2021 11  2 18 12 27.200  0.97   1
     7829  55.372563 -161.737826    18.924     2563.7    30200.3     -114.8     20.4     14.3     12.9 2021 11  2 19  3 34.880  0.80   1
     7834  55.179907 -161.710758    24.712     4295.9     8753.0     5672.7     54.9     36.7     12.0 2021 11  3  1 28 35.140  1.10   1
     7835  54.876184 -160.979232    13.564    51138.0   -25058.9    -5475.1     27.1     30.6     29.8 2021 11  3  7 48 30.350  2.25   1
     7836  55.063672 -161.585124    34.015    12325.5    -4186.9    14975.6     21.0     20.0     15.2 2021 11  3 13 15 20.120  2.25   1
     7837  55.307402 -161.649072     6.789     8216.6    22946.2   -12250.2     11.2     12.4     25.9 2021 11  3 13 15 42.950  1.25   1
     7842  55.380473 -161.485352     5.303    18623.3    31080.9   -13735.9     14.9     18.7     26.4 2021 11  4  3 45 18.910  0.99   1
     7843  55.414591 -161.573340    11.400    13020.8    34879.1    -7639.1      7.1     15.6      9.6 2021 11  4  3 54 36.170  1.28   1
     7846  55.436739 -160.950277    53.269    52622.4    37344.7    34230.5     28.6     44.0     39.9 2021 11  4  6 52 14.600  2.29   1
     7847  55.540401 -161.864876    10.902    -5507.2    48884.8    -8136.5     29.2     14.1     36.4 2021 11  4  6 52 54.210  1.61   1
     7849  54.995630 -162.295850     7.061   -33091.0   -11761.7   -11977.5      7.2      8.0     12.6 2021 11  4  8 58  6.310  2.84   1
     7857  55.206665 -161.914551     2.965    -8696.9    11731.8   -16073.8     15.3     13.9     15.0 2021 11  4 23 40 36.900  1.18   1
     7861  55.433818 -161.648633    18.290     8231.5    37019.4     -749.2     14.1     23.1     14.3 2021 11  5  4 25 23.170  1.03   1
     7862  55.341056 -161.560498    18.895    13850.1    26692.8     -143.7     13.6     18.1     16.1 2021 11  5  4 27 55.680  1.18   1
     7871  55.442716 -161.816992    21.836    -2470.4    38010.1     2796.6     28.1     25.5     15.3 2021 11  5 13 17 58.610  0.98   1
     7872  55.313481 -161.652132     7.981     8021.1    23623.0   -11057.9     23.0     27.1     33.4 2021 11  5 15 50 47.600  1.26   1
     7873  55.424418 -161.916862    21.187    -8820.2    35973.1     2148.6     18.9     23.8     13.2 2021 11  5 15 59 56.170  1.65   1
     7874  55.339567 -161.729004    30.354     3126.2    26527.0    11314.8     40.2     37.3     27.8 2021 11  5 17 27 28.240  1.83   1
     7877  54.894328 -162.500928    28.559   -46257.0   -23039.1     9519.7     35.4     33.6     46.4 2021 11  5 21 49  9.440  1.92   1
     7878  55.172388 -161.852214    12.015    -4725.0     7915.8    -7024.3     44.9     13.8     23.9 2021 11  5 23 58  2.880  1.86   1
     7879  55.394714 -161.589876    21.606    11972.4    32666.3     2566.9      9.0     12.3     11.4 2021 11  5 23 58  3.300  0.85   1
     7880  55.327625 -161.940104    14.034   -10310.3    25197.5    -5004.9     28.1     24.1     17.8 2021 11  6  0  1 51.100  1.32   1
     7882  54.952230 -162.237142     2.181   -29354.4   -16593.2   -16857.5      7.9      8.0      8.5 2021 11  6 11 17 24.790  1.25   1
     7884  55.324984 -161.692383    16.255     5457.9    24903.6    -2784.1     14.4     16.8      8.3 2021 11  6 14 47 26.170  1.61   1
     7889  55.299874 -162.143506    48.325   -23265.4    22108.2    29286.6     81.0     68.8     54.3 2021 11  6 15 59 52.330  1.67   1
     7890  55.385628 -161.833708     5.609    -3535.4    31654.8   -13429.7     22.8     17.6     15.6 2021 11  6 21 35 46.280  0.28   1
     7894  54.934111 -160.407520    11.136    87670.9   -18610.3    -7902.9     61.2     83.5     58.6 2021 11  7  3 21  1.110  2.31   1
      790  55.003756 -162.267790    19.833   -31294.3   -10857.1      794.6     20.8     20.9     16.9 2021  1 27  2  7 34.120  1.76   1
     7903  55.419828 -161.930632    13.602    -9696.2    35462.1    -5436.5     23.5     21.1     16.1 2021 11  7 10 51 56.410  1.49   1
     7909  55.427018 -161.655355    16.599     7804.9    36262.5    -2439.5     18.6     23.9     13.0 2021 11  7 16 53 33.990  1.17   1
     7913  55.318701 -160.498877    13.769    81436.0    24204.2    -5269.6     20.6     61.6     21.9 2021 11  7 17 58  5.520  3.12   1
     7915  55.284306 -161.632861    27.767     9251.4    20375.1     8728.0     22.0     11.5     12.9 2021 11  8  3 22 52.080  1.86   1
     7916  55.339604 -161.848942    20.112    -4507.0    26531.1     1073.2     27.0     24.0     12.4 2021 11  8  3 31 27.700  1.90   1
      792  55.266760 -161.549349    11.830    14573.2    18421.8    -7208.8     19.9     24.8     29.6 2021  1 27  3  8 54.450 -0.20   1
     7927  55.510250 -162.029167    14.606   -15942.8    45528.2    -4432.6     34.7     18.4     50.3 2021 11  8 11  5 30.690  1.43   1
      793  54.494336 -162.071094    50.380   -18841.9   -67568.1    31340.8     39.0     15.0     14.1 2021  1 27  4 14  5.590  1.60   1
     7933  55.370312 -162.327230    44.809   -34933.0    29949.8    25770.4     62.6     50.8     20.0 2021 11  8 15 59 52.080  1.57   1
     7935  55.696533 -162.052230     1.526   -17366.8    66266.2   -17512.5     32.4     15.6     18.3 2021 11  8 16 33 19.830  2.08   1
      794  55.053031 -161.468359    17.516    19784.9    -5371.5    -1522.9     18.7     25.5     42.2 2021  1 27  4 24  7.540  1.70   1
     7940  55.277393 -161.720068    22.634     3697.8    19605.5     3594.7     27.5     20.3     17.4 2021 11  8 19 29  9.180  1.93   1
     7941  55.570703 -161.868783     0.388    -5753.0    52258.2   -18650.6     63.9     46.6     43.7 2021 11  8 19 29  9.140  1.29   1
     7947  55.094670 -161.857178     9.714    -5046.5     -736.1    -9324.8     16.5     20.3     19.4 2021 11  8 21 15  2.240  0.97   1
     7949  54.707304 -161.843343    33.642    -4183.4   -43859.5    14602.9     47.3     38.4     60.1 2021 11  9  0  1 28.240  1.25   1
     7954  55.548315 -161.877295    15.027    -6294.9    49765.9    -4012.0     43.2     20.2     23.6 2021 11  9  5 52 12.820  1.09   1
     7961  55.021989 -162.276367    18.311   -31835.3    -8827.2     -728.1     21.2     19.7     16.1 2021 11  9 13  8 43.110  1.10   1
     7963  55.230363 -161.838688     5.780    -3859.7    14369.9   -13259.3     21.0     26.5     51.5 2021 11  9 13 16 10.200  0.30   1
     7968  54.529386 -161.759603    41.316     1190.7   -63666.1    22276.8     42.0     24.5     40.3 2021 11  9 18 11 27.580  1.31   1
     7969  54.908036 -162.224512     5.153   -28562.4   -21513.0   -13885.9     11.5      7.2     12.5 2021 11  9 18 21 38.600  0.36   1
      797  54.883618 -161.497982    28.518    17930.6   -24231.3     9478.9     21.7     17.3     29.9 2021  1 27  7 10 24.620  1.38   1
     7975  54.509054 -163.238656     2.785   -93915.3   -65929.6   -16253.8     10.2      8.6      9.0 2021 11 10  1 47 18.050  2.06   1
     7993  55.328560 -161.997803     8.952   -13982.8    25301.7   -10087.0     51.0     78.0     48.8 2021 11 11 19  0 20.720  1.81   1
     7995  55.400765 -161.938460    16.614   -10196.3    33339.9    -2425.0     34.3     20.7     16.0 2021 11 11 23 59 57.800  1.60   1
     7996  55.071346 -162.858317     3.478   -68976.8    -3332.6   -15561.2      6.0     34.9      8.8 2021 11 12  0 50 11.380  1.46   1
        8  54.626404 -161.424154    12.216    22728.2   -52865.6    -6822.4     13.3     12.0     14.8 2021  1  1 12 35 10.290  1.64   1
     8000  55.360014 -161.790771     0.964     -804.6    28803.3   -18074.9     13.9     11.2     11.8 2021 11 12 10 29  4.990  1.70   1
     8002  55.264046 -161.306104    13.811    30069.1    18119.7    -5227.7     15.3     23.7     20.3 2021 11 12 12 16 57.820  1.48   1
     8003  55.341789 -161.953434     7.383   -11156.8    26774.4   -11655.6     22.1     26.5     23.7 2021 11 12 12 22 52.240  0.08   1
     8006  55.345085 -161.983512     6.930   -13070.5    27141.3   -12108.8     21.1     37.6     22.7 2021 11 12 16 32 31.600  1.05   1
     8013  55.436491 -161.743848    10.842     2178.9    37317.1    -8196.5     16.7     25.7     18.8 2021 11 12 19 29 55.120  1.58   1
     8016  55.404875 -161.815771     5.928    -2394.0    33797.4   -13111.2     20.6     17.3     17.8 2021 11 12 19 37 15.100  0.31   1
     8017  55.449923 -161.655859     5.515     7770.6    38812.3   -13524.3     18.6     17.6     24.1 2021 11 12 19 44 20.160  0.07   1
     8018  54.984045 -162.774137     2.699   -63670.5   -13051.3   -16340.0     19.8     33.4     23.6 2021 11 12 19 46 31.040  1.44   1
     8019  54.500513 -163.239242     6.892   -93962.9   -66880.4   -12146.7     13.6     13.8     17.0 2021 11 12 21 19 52.400  2.15   1
     8025  55.532576 -161.849170    11.176    -4510.6    48013.8    -7862.4     35.5     22.6     29.7 2021 11 13  3  1 50.580  0.98   1
     8038  54.487919 -163.218018    10.209   -92612.3   -68282.4    -8829.9     26.6     24.2     27.4 2021 11 13 12  7 42.080  2.11   1
      804  54.372327 -162.126351    37.359   -22429.4   -81150.7    18319.7     69.8     37.7     80.7 2021  1 27  9  5 59.730  2.00   1
     8047  55.337459 -161.736930    15.607     2621.8    26292.4    -3431.6     14.7     21.6     11.7 2021 11 13 16 11 33.560  1.84   1
     8051  55.390104 -161.690348    14.897     5582.8    32153.1    -4141.6     14.7     27.3     11.8 2021 11 13 19 22 38.240  0.36   1
     8055  55.360539 -161.877620    23.556    -6330.5    28861.7     4517.6     20.8     37.6     19.4 2021 11 13 19 25 42.960  1.66   1
     8060  55.362557 -161.877376     1.330    -6314.8    29086.4   -17708.8     10.5     11.5     19.1 2021 11 13 19 35 14.000  0.32   1
     8066  54.531250 -163.291895    14.101   -97312.1   -63458.6    -4938.2     11.1     11.9     13.0 2021 11 14  0  4 47.600  1.67   1
     8067  55.309188 -161.651742     8.160     8046.4    23145.1   -10878.6     16.2     18.2     22.1 2021 11 14  2 14 19.250  1.62   1
     8069  55.519836 -161.792790    14.778     -931.2    46595.5    -4261.3     21.2     16.1     20.1 2021 11 14  2 18 35.610  1.27   1
     8081  55.435763 -161.724316     5.797     3420.4    37236.0   -13242.1     11.3     17.5     22.7 2021 11 14  7 25 28.710  0.93   1
     8082  55.438871 -161.906982    16.070    -8190.6    37582.1    -2969.3     25.0     16.7     13.9 2021 11 14  7 26  8.450  1.26   1
     8089  55.465035 -161.825163     2.747    -2988.9    40494.7   -16291.6     19.5     15.9     25.2 2021 11 14 10 55 24.520  0.78   1
     8091  55.450972 -161.954248    15.382   -11193.3    38929.2    -3656.7     35.1     29.9     25.3 2021 11 14 13 55 18.930  1.38   1
       81  55.151412 -161.924072     5.406    -9310.3     5580.7   -13632.6     16.1     12.4     13.0 2021  1  3  6  5  4.440  1.21   1
     8100  55.521151 -161.837809     9.897    -3789.8    46741.8    -9142.3     25.9     21.3     29.6 2021 11 14 17 16  7.440  1.64   1
     8102  55.351099 -161.765576     3.560      798.5    27810.8   -15478.5      9.1      6.8     11.7 2021 11 14 17 18  4.840  0.66   1
     8104  55.287358 -161.650293    32.107     8140.9    20714.8    13068.5     44.6     27.7     27.0 2021 11 14 17 25 59.080  1.46   1
     8108  55.436637 -161.907503    16.881    -8224.0    37333.4    -2157.8     23.4     23.6     16.0 2021 11 14 19 19 47.720  0.93   1
     8109  55.367318 -161.794987    20.959    -1072.8    29616.4     1920.5     16.2     13.9      8.9 2021 11 14 19 23 13.420  1.10   1
     8110  55.472367 -161.873112    11.874    -6035.2    41311.0    -7165.2     25.2     16.9     13.5 2021 11 14 19 26 53.520  1.88   1
     8115  55.464575 -161.962793    15.703   -11734.4    40443.5    -3336.2     32.2     24.7     24.8 2021 11 14 22 28 10.120  1.30   1
     8118  55.372595 -161.837012     5.943    -3746.2    30203.9   -13095.4     11.5     10.9     10.4 2021 11 14 22 42 20.560  0.10   1
     8122  54.869649 -161.144873    56.855    40538.4   -25786.4    37816.1     16.3     20.6     18.8 2021 11 15  0 46 32.610  2.01   1
     8123  55.360201 -161.775407     1.580      172.9    28824.1   -17459.4     15.0      6.5     20.6 2021 11 15  1 23 57.360  1.73   1
     8124  55.363037 -161.781559     7.511     -218.5    29139.8   -11527.9     17.9     17.7     18.0 2021 11 15  1 29  6.440  1.92   1
     8128  54.861776 -162.151188     0.278   -23884.4   -26662.9   -18760.6     13.0     11.8     11.3 2021 11 15  3 37 21.740  1.73   1
     8134  55.351213 -161.780225    24.255     -133.6    27823.5     5216.2     24.6     16.6     11.1 2021 11 15  5 51  9.820  1.43   1
      814  55.162427 -161.371924    31.506    25909.0     6807.0    12467.1     22.0     25.3     41.8 2021  1 27 15 31 11.340  2.57   1
     8140  55.370532 -161.785107     8.193     -444.2    29974.2   -10845.5     24.0     24.3     24.6 2021 11 15  8 54 46.330 -0.04   1
     8141  55.282414 -161.814372     2.330    -2308.5    20164.5   -16708.9     20.0     15.0     16.4 2021 11 15  8 56 45.270  0.46   1
     8143  54.593734 -161.470117    12.849    19784.9   -56502.6    -6189.6     24.0     16.8     17.9 2021 11 15  9 15 48.260  1.82   1
     8144  55.291890 -160.638346    33.440    72581.8    21219.5    14401.2     17.1     63.1     44.3 2021 11 15  9 19 55.610  2.52   1
     8146  55.304154 -161.674674    17.508     6586.8    22584.7    -1531.0     15.6     10.8     10.7 2021 11 15 11 22 49.170  1.45   1
     8154  55.561515 -161.792643    16.380     -921.4    51235.4    -2659.1     57.7     17.0     22.1 2021 11 15 13  5 53.380  1.28   1
     8155  55.374479 -161.903271    15.879    -7961.2    30413.6    -3160.2     26.0     20.9     21.5 2021 11 15 13  9 28.850  1.22   1
     8159  55.235539 -161.824072     7.723    -2928.0    14946.1   -11315.8     19.4     12.3     22.7 2021 11 15 14 21 15.650  1.02   1
     8170  55.448808 -161.855632     9.303    -4926.0    38688.2    -9735.8     13.9      8.5      7.8 2021 11 15 15 56 26.480  0.79   1
     8172  55.248576 -161.472949    17.155    19444.3    16397.5    -1884.4     13.3     19.3     18.4 2021 11 15 17 16  9.020  1.41   1
     8173  55.312821 -161.980778    18.412   -12901.7    23549.6     -627.0     27.2     35.5     24.5 2021 11 15 17 16 10.160  1.47   1
     8177  55.361796 -161.792350    18.654     -905.1    29001.7     -385.2     16.5     17.1      9.2 2021 11 15 20 41 50.680  1.01   1
     8184  55.378756 -161.896436     5.898    -7525.9    30889.7   -13141.3     21.2     20.6     29.9 2021 11 15 20 51 40.760 -0.23   1
     8185  55.387191 -161.859375    11.174    -5167.9    31828.7    -7865.1     17.3     10.0      6.9 2021 11 15 20 57 10.520  1.37   1
     8186  55.693624 -161.374528    13.901    25572.1    65942.3    -5137.7     49.1     52.6     66.9 2021 11 15 21 18 56.860  2.03   1
      819  54.572949 -161.276758    13.393    32213.6   -58816.5    -5645.7     11.6     10.8      9.8 2021  1 27 16 46  4.750  2.23   1
     8198  55.316020 -161.814111     3.346    -2290.9    23905.6   -15692.5     22.2     22.7     28.7 2021 11 16  3 30  3.340  0.82   1
      820  54.992017 -161.667513    23.937     7070.2   -12163.9     4897.7     21.8     15.8     16.3 2021  1 27 18 18 24.000  1.47   1
     8202  55.382275 -161.751481    17.898     1694.8    31281.5    -1140.6     20.1     16.4      9.2 2021 11 16  6 59  6.100  1.23   1
     8214  55.417940 -161.883138    21.290    -6676.8    35251.9     2250.9     25.6     29.8     16.3 2021 11 16 14  0 11.780  1.45   1
      822  54.973543 -162.481396    21.405   -44962.8   -14220.4     2366.1     18.4     24.3     20.0 2021  1 27 19 30 37.800  1.29   1
     8221  54.562671 -162.551237    18.460   -49679.9   -59960.7     -579.2     17.3     10.4     17.2 2021 11 16 15 18 49.780  2.41   1
     8225  54.459310 -163.163444     0.741   -89133.6   -71467.3   -18298.3     12.9      9.9      8.7 2021 11 16 18 49 55.900  2.53   1
     8227  54.409269 -162.082422    15.784   -19591.0   -77038.1    -3254.5     34.2     16.4     23.1 2021 11 16 19 39 22.720  2.15   1
     8228  55.379085 -161.930143    13.921    -9670.1    30926.4    -5117.4     23.0     21.6     15.8 2021 11 16 20  7 11.800  1.38   1
     8235  55.220634 -161.352425    17.457    27133.0    13286.8    -1582.1     12.7     20.1     21.4 2021 11 16 23  1 52.340  1.27   1
     8241  55.719666 -160.555225    11.574    77458.1    68841.4    -7464.7     69.9    103.6     68.1 2021 11 17  2 43 56.180  1.77   1
     8243  54.955408 -162.797705     3.558   -65200.3   -16239.4   -15480.9     14.7     23.0     23.7 2021 11 17  2 54  9.420  2.12   1
     8245  54.991760 -162.297705     1.868   -33211.2   -12192.4   -17171.1      7.4     14.4     10.0 2021 11 17  6 12 34.250  1.65   1
      825  54.448059 -162.195410    44.214   -26852.5   -72719.8    25175.4     30.9     15.5     19.2 2021  1 27 21 14 15.160  1.67   1
     8256  54.520101 -162.013118    11.097   -15108.5   -64699.8    -7941.5     25.8     14.5     21.7 2021 11 17 10  3  4.480  2.48   1
     8258  55.366528 -161.790918    19.694     -813.9    29528.5      655.3     17.7     13.1      6.6 2021 11 17 11 28 57.750  1.34   1
      826  54.959664 -162.290283     4.162   -32749.8   -15765.6   -14877.2     15.1      9.8      7.6 2021  1 27 21 23 43.960  0.87   1
     8262  55.391370 -161.952148    17.209   -11068.1    32293.9    -1829.5     22.5     17.5     17.3 2021 11 17 15 59 56.870  1.25   1
     8266  55.126200 -162.201335     6.668   -27006.0     2774.1   -12371.2     22.3     27.8     16.0 2021 11 17 17 13  0.000  2.20   1
     8268  55.115466 -161.941292     4.962   -10413.5     1579.1   -14076.8     22.8     10.1     22.7 2021 11 17 20 19 27.680  1.10   1
     8269  54.778776 -161.338395    10.608    28181.6   -35902.9    -8430.9     21.7     14.6     22.2 2021 11 17 20 19 26.000  1.47   1
     8271  55.366366 -161.900781     5.225    -7803.6    29510.4   -13813.4     12.2     23.7      9.4 2021 11 17 20 23 37.920  0.46   1
     8274  55.314388 -161.688232    17.606     5722.8    23724.0    -1433.1     16.0     15.5     10.8 2021 11 17 20 34  6.520  1.19   1
     8283  55.362268 -162.581299     2.006   -51101.6    29054.2   -17032.9     50.5     46.0     52.6 2021 11 18  0 31 48.740  2.22   1
     8294  55.432328 -161.447412    30.705    21023.0    36853.7    11666.4     26.0     42.1     33.1 2021 11 18  5 20 30.930  1.37   1
     8300  55.360836 -161.806217     0.922    -1787.4    28894.8   -18116.9     16.1     17.1     18.7 2021 11 18 13 55 36.220 -0.38   1
     8301  55.337817 -161.723747    18.549     3460.9    26332.3     -489.6     15.6     15.1      8.7 2021 11 18 13 57 48.800  1.19   1
     8304  54.950500 -162.250439     3.450   -30205.5   -16785.7   -15588.4     12.5      6.1     20.7 2021 11 18 14  6 29.210  1.94   1
     8309  54.578333 -161.291536    12.615    31262.0   -58217.2    -6424.3     10.4      9.3     12.3 2021 11 18 14 45 46.690  3.05   1
     8312  55.423181 -161.896517    18.238    -7526.9    35835.4     -800.9     18.0     10.5     11.2 2021 11 18 17 49 22.320  1.07   1
     8314  55.388123 -161.531104    18.991    15711.5    31932.5      -48.1     11.0     13.0     12.9 2021 11 18 17 54 37.660  1.33   1
     8324  55.376160 -161.770719     5.832      471.1    30600.7   -13206.9     13.8     20.7     22.1 2021 11 18 20 18 26.520  0.60   1
     8331  55.375944 -161.774072    20.427      257.8    30576.7     1388.2     24.3     22.7      9.6 2021 11 19  1 59 23.600  1.15   1
     8333  55.402999 -161.809131     1.713    -1971.7    33588.6   -17326.1     12.9     22.5     51.5 2021 11 19  2  3 36.990  0.84   1
     8334  55.382231 -161.875895    11.822    -6219.0    31276.6    -7216.8     22.4     20.9     16.3 2021 11 19  2  6 44.440  1.13   1
     8336  55.334782 -161.804622     9.034    -1686.5    25994.3   -10004.5     15.0     17.3     16.2 2021 11 19  2 11 28.910 -0.22   1
     8339  54.597339 -161.277734    14.172    32141.2   -56101.3    -4867.1     16.9     18.9     22.1 2021 11 19  3 51  8.890  2.79   1
     8353  55.428210 -161.898210    17.475    -7634.0    36395.2    -1563.9     22.9     13.1      6.4 2021 11 19 21 15  4.880  1.71   1
     8359  55.442110 -161.848486     8.450    -4472.2    37942.6   -10588.4     13.3     12.0     12.4 2021 11 20  2 34 10.230  0.72   1
     8361  55.426518 -161.878792    19.419    -6399.8    36206.8      380.2     22.4     24.9     16.2 2021 11 20  4 39  9.480  1.35   1
     8365  55.351591 -162.269027    21.486   -31237.6    27865.6     2447.1     39.8     45.4     46.4 2021 11 20  7 59 54.680  0.94   1
     8369  55.324870 -161.641325    17.167     8707.9    24890.9    -1871.7      8.6      8.0      9.9 2021 11 20 15 21 53.490  1.18   1
     8375  55.303914 -161.412679    25.093    23268.3    22558.0     6054.1     16.2     23.6     48.5 2021 11 20 18 17 19.780  1.38   1
     8376  55.421830 -161.894238    15.333    -7382.1    35685.0    -3706.1     25.1     30.6     20.5 2021 11 20 18 17 23.080  1.26   1
     8378  55.345955 -161.879232    24.940    -6434.2    27238.2     5900.8     17.7     18.7     12.9 2021 11 20 18 19 35.040  1.14   1
     8388  55.497815 -161.853613    11.452    -4794.8    44143.9    -7586.9     39.3     23.2     26.3 2021 11 21  3 30 18.600  1.11   1
     8390  55.354582 -162.023698    12.774   -15626.0    28198.5    -6264.7     11.9     28.2     11.0 2021 11 21  3 41 22.600  1.53   1
     8393  55.458077 -161.823291     3.721    -2870.2    39720.1   -15317.6     19.1     11.6     17.4 2021 11 21 10  3  8.220  0.60   1
     8398  55.131258 -161.159229    31.052    39490.8     3337.1    12013.1     15.5     20.7     30.9 2021 11 21 10 48 23.220  2.29   1
     8401  54.788017 -161.828483    18.000    -3227.0   -34874.1    -1038.5     14.3      8.7     20.7 2021 11 21 14 34 31.030  1.96   1
     8402  54.765373 -161.853874     0.768    -4855.4   -37395.0   -18271.0     21.5     16.0     13.5 2021 11 21 14 40 33.040  1.70   1
     8412  54.488582 -161.100911    19.784    43557.3   -68208.6      745.5     34.5     34.8     32.7 2021 11 22  7 45 44.860  2.09   1
     8416  55.415796 -161.707129    36.608     4514.1    35013.2    17569.4     47.3     44.7     50.5 2021 11 22 11 28  8.690  2.11   1
     8417  55.335693 -161.924137     9.057    -9293.1    26095.8    -9982.3     35.5     32.5     32.2 2021 11 22 11 29  3.660  1.49   1
     8418  54.603625 -162.311979    56.434   -34288.0   -55401.4    37394.7    111.1     12.9     16.3 2021 11 22 12 36 18.810  1.71   1
     8424  54.875818 -162.052572     1.872   -17567.7   -25099.7   -17166.7     15.1     17.7     21.2 2021 11 23  1 14 59.760  1.23   1
     8427  55.346830 -162.283301     4.762   -32147.8    27335.6   -14277.0     29.0     29.2     53.2 2021 11 23  5  5 26.970  1.96   1
     8428  55.353573 -161.624756     5.209     9759.1    28086.2   -13829.6     19.0     19.7     38.6 2021 11 23  5 21  3.910  2.00   1
     8430  55.239091 -160.946159    13.419    53015.1    15341.6    -5619.4     18.8     43.2     21.3 2021 11 23  7 19  6.990  1.73   1
     8434  55.191052 -161.896012     3.516    -7516.6     9993.7   -15522.7     14.0     14.1     15.5 2021 11 23 11 15 25.290  0.88   1
     8441  54.855001 -161.191081    31.957    37587.2   -27417.2    12918.6     12.6     19.3     25.9 2021 11 23 19 31 53.000  2.10   1
     8443  54.428084 -163.135156     5.811   -87347.1   -74943.5   -13228.2     28.6     23.9     20.2 2021 11 23 21  4  9.480  1.95   1
     8445  55.450472 -161.668408    21.834     6973.0    38873.5     2795.2     21.4     32.9     17.1 2021 11 24  0 35 32.850  1.04   1
     8456  55.366838 -161.665609    13.860     7158.4    29562.9    -5179.4     17.2     28.1     15.3 2021 11 25  2 43 28.290  1.71   1
     8466  54.644792 -161.491325    42.371    18411.0   -50818.6    23331.9     18.9     17.0     18.8 2021 11 25 16 50 49.730  1.73   1
     8469  55.336243 -161.696501    18.239     5195.0    26157.0     -799.7     24.9     24.5     16.6 2021 11 25 18 59 36.040  0.94   1
      847  54.864164 -162.053923     3.456   -17656.7   -26397.0   -15582.6     22.0     10.3     24.7 2021  1 28 10 39 29.960  1.71   1
     8471  55.446407 -161.910824    12.926    -8434.0    38421.0    -6113.3     21.8     19.3     11.1 2021 11 25 19  0 27.400  1.25   1
     8474  55.366903 -161.781689    21.173     -226.8    29570.2     2133.7     14.8     14.9      7.8 2021 11 25 22 33 55.400  1.45   1
     8476  55.385661 -161.901872    25.075    -7871.0    31658.4     6035.8     35.0     29.1     23.4 2021 11 25 22 36 54.360  1.52   1
      848  54.518050 -161.159668    13.245    39763.7   -64928.1    -5793.6     16.2     14.6     13.2 2021  1 28 11 14 23.180  2.08   1
     8481  54.952063 -161.671501    12.374     6818.7   -16611.7    -6664.9     16.3     24.9     32.0 2021 11 26  2  5 26.460  1.38   1
     8485  55.374561 -161.863428     2.654    -5426.5    30422.7   -16385.2     26.8     17.4     21.0 2021 11 26  3 17 31.950 -0.18   1
     8486  55.270931 -161.685189    15.642     5919.8    18886.2    -3396.4     13.4     11.2     11.8 2021 11 26  3 24 12.050  0.73   1
     8489  55.187842 -161.885221     5.554    -6828.8     9636.3   -13484.5     15.2     15.2      8.7 2021 11 26  5  8 19.930  0.81   1
     8497  54.891732 -162.586361    26.218   -51726.1   -23328.1     7178.9     33.4     32.2     44.6 2021 11 27  4 25 45.400  1.58   1
     8498  55.005819 -162.344580     9.286   -36201.1   -10627.4    -9752.4      7.0      9.6      8.4 2021 11 27  4 26 13.660  0.79   1
     8499  55.452612 -161.851123    15.177    -4639.2    39111.8    -3862.2     25.5     31.6     24.1 2021 11 27  7 59 57.180  1.47   1
     8502  54.635718 -161.863216    22.176    -5463.0   -51828.8     3137.2     27.5     22.6     23.2 2021 11 27  8  4 23.980  2.31   1
     8505  54.849858 -162.035042     2.025   -16450.9   -27989.7   -17013.8     16.2     17.5     21.2 2021 11 27 19 49 46.340  1.39   1
      852  54.698332 -162.497559    71.824   -46153.2   -44858.3    52784.9     35.0     27.7     23.6 2021  1 28 18 16  9.840  1.72   1
     8522  55.361332 -161.642546    19.195     8626.3    28950.0      156.6     24.0     32.6     23.4 2021 11 29  4 14 51.700  1.03   1
     8523  55.245890 -161.530859    17.606    15755.1    16098.5    -1432.7     13.8     16.5     18.7 2021 11 29  4 21  9.960  1.66   1
     8527  55.230155 -161.853044    23.388    -4774.5    14346.8     4348.9     38.9     22.2     24.5 2021 11 29  8 37 36.790  0.98   1
     8529  54.327901 -161.624007     8.568     9932.2   -86096.4   -10470.5     36.5     27.7     38.0 2021 11 29 11 15 37.670  2.15   1
     8533  55.373547 -161.828109     4.827    -3179.7    30309.9   -14211.5     10.9     15.5     15.3 2021 11 29 13 36 24.200  0.56   1
     8534  55.438949 -161.794141    14.148    -1018.0    37590.7    -4890.4     48.6     31.8     36.4 2021 11 29 13 43 40.220  0.58   1
     8535  55.425798 -161.905485     8.432    -8096.8    36126.6   -10606.6     18.6     14.9     15.8 2021 11 29 18  2 47.460  1.10   1
      854  54.894084 -162.637370    12.183   -54989.0   -23066.3    -6856.2     18.0     21.3     30.4 2021  1 28 18 32 52.120  1.68   1
     8541  55.394661 -161.656917    12.635     7708.7    32660.4    -6404.1      9.7     22.7      9.4 2021 11 29 23 59 25.380  0.41   1
     8542  55.140678 -161.563053     2.806    13721.8     4385.8   -16232.8     22.4     18.1     21.0 2021 11 30  0  0 16.890  1.33   1
     8544  55.337988 -161.683138    16.242     6045.3    26351.3    -2796.6     34.5     56.3     27.8 2021 11 30  5 28  7.010  0.40   1
     8546  55.360787 -161.708333    19.615     4440.5    28889.3      576.4     10.7     16.0     11.0 2021 11 30  7  1 22.390  1.28   1
     8547  55.286108 -161.548454    10.341    14626.7    20575.8    -8697.4     16.5     18.0     28.0 2021 11 30  7  2 53.280  1.42   1
     8550  55.337423 -161.729167    19.335     3115.9    26288.3      296.0     24.9     17.1     14.2 2021 11 30  9  2  8.870  1.78   1
     8557  55.336662 -161.655404    21.277     7810.6    26203.6     2238.5     17.9     25.8     18.4 2021 11 30 13 54 36.420  1.66   1
     8563  55.259932 -161.526449     5.550    16033.3    17661.7   -13489.3     12.1     14.1     14.5 2021 11 30 16 30 26.810  1.58   1
     8569  55.401363 -161.795296     5.599    -1092.0    33406.5   -13439.6     13.6     11.4     11.9 2021 11 30 19 19 37.040  2.02   1
     8572  55.312634 -161.535189     3.710    15466.3    23528.8   -15329.0      9.6     16.2     18.3 2021 11 30 22 56 24.360  1.11   1
     8575  54.815820 -161.321289    20.518    29264.4   -31778.9     1479.5     21.9     22.2     16.5 2021 11 30 23 36  8.620  2.00   1
      858  55.154985 -161.369954    17.502    26037.0     5978.4    -1537.2     12.9     18.8     27.3 2021  1 28 20 22 40.580  1.66   1
     8580  55.231950 -161.715299    30.767     4003.8    14546.6    11728.1     41.6     30.1     42.2 2021 12  1  0 50 59.720  1.42   1
     8582  55.321883 -161.527018    15.438    15984.6    24558.4    -3600.5     10.3     20.3     18.7 2021 12  1  1 35  3.920  1.50   1
     8583  55.408134 -161.976497    21.536   -12614.1    34160.2     2496.9     16.3     46.2     13.3 2021 12  1  1 35  4.150  1.74   1
     8586  55.342281 -161.778678    14.271      -35.2    26829.2    -4767.9     20.1     15.4     15.3 2021 12  1  2 51 19.430  1.31   1
     8593  55.327087 -161.560482    10.184    13853.6    25137.7    -8854.4     15.3     44.1     27.2 2021 12  1  6 49  8.520  0.89   1
     8597  55.371257 -161.636979    10.113     8979.3    30054.9    -8926.0     16.4     31.7     20.3 2021 12  1  8 10 19.430  0.17   1
     8598  55.312366 -161.507422    11.836    17234.1    23498.9    -7203.1     16.4     41.5     21.9 2021 12  1  9 20 20.040  1.33   1
     8603  55.329228 -161.930973    16.958    -9728.9    25376.0    -2080.7     22.6     22.8     16.8 2021 12  1 11 31  6.230  1.46   1
     8613  55.404545 -161.848584    17.817    -4480.6    33760.7    -1222.3      7.5     25.9     16.9 2021 12  1 16 26 32.770  1.03   1
     8614  55.319303 -161.680762    26.015     6198.0    24271.2     6975.6     19.7     22.1     18.8 2021 12  1 16 35 10.190  0.53   1
     8617  55.181445 -162.449414    13.954   -42807.1     8924.2    -5085.0     32.8     62.3     50.1 2021 12  1 17 34 15.920  0.89   1
     8624  55.190540 -161.005990    13.396    49232.3     9936.6    -5642.6     13.6     35.4     20.1 2021 12  1 20 56 40.920  2.12   1
     8625  55.754944 -161.997656     1.500   -13898.8    72768.7   -17539.1     41.6     10.3     11.9 2021 12  1 20 56 50.100  2.23   1
     8635  55.415495 -161.771549    18.994      418.1    34979.7      -45.4     35.5     27.4     18.0 2021 12  1 22 26 48.720  0.72   1
     8637  54.999272 -162.408219    17.017   -40271.4   -11356.2    -2022.0     33.9     32.2     79.0 2021 12  1 22 31 44.360  1.66   1
      864  55.102397 -161.534326    22.074    15562.0      124.1     3034.6     21.6     24.9     26.4 2021  1 29  5 23 13.890  1.58   1
     8641  55.169857 -161.111491    34.494    42516.4     7634.1    15454.7     12.1     33.4     22.0 2021 12  1 23 55 37.060  2.33   1
     8642  55.365784 -161.666439    38.757     7105.7    29445.6    19717.8     45.9     36.0     20.5 2021 12  1 23 56 10.440  2.77   1
     8652  55.745097 -162.042741     2.002   -16755.3    71672.5   -17036.8     39.5     10.8     12.3 2021 12  2  1 40 49.080  2.29   1
     8655  54.995532 -162.299821     1.604   -33344.9   -11772.5   -17434.7     15.7     13.1     14.4 2021 12  2  2 17 42.140  2.49   1
     8657  54.963997 -162.591292    23.747   -51995.0   -15283.1     4707.7     22.1     25.9     19.8 2021 12  2  2 29 38.420  2.39   1
     8664  55.413342 -161.743701     3.227     2188.8    34740.0   -15812.2     10.2     16.4     20.9 2021 12  2  4 45 45.350  0.07   1
     8666  55.159814 -160.843034    13.046    59645.4     6516.1    -5993.0     19.1     37.6     28.8 2021 12  2  5 44 39.630  1.88   1
     8667  55.159155 -162.227148     0.827   -28641.5     6442.8   -18211.6     12.0     13.5     13.5 2021 12  2  7 16 19.060  1.81   1
     8669  55.252450 -161.750993    22.040     1728.6    16828.7     3001.2     32.8     20.9     20.7 2021 12  2  8  1 59.300  1.00   1
     8671  55.398812 -161.449463     5.493    20901.4    33122.5   -13545.5      8.5     29.3     12.8 2021 12  2  8  8 59.810  0.92   1
     8674  55.426815 -161.900472    17.003    -7778.0    36239.9    -2035.8     25.1     13.4     12.2 2021 12  2  8 25 55.520  0.99   1
     8675  55.375452 -161.565951    12.614    13497.3    30521.9    -6425.3     17.2     17.2     21.4 2021 12  2 10 35 13.830  0.63   1
     8678  55.402625 -161.560824    24.820    13818.7    33546.9     5780.9     14.0     17.4     16.3 2021 12  2 10 42 46.400  1.28   1
      868  55.558667 -162.037874    19.181   -16485.8    50918.3      142.5     27.4     20.8     28.7 2021  1 29  9 19 52.090  1.37   1
     8688  54.796517 -160.910319    43.196    55604.1   -33927.9    24157.1     11.4     14.5     18.9 2021 12  2 13 37 36.200  1.94   1
     8693  55.386035 -161.860579     2.482    -5244.6    31700.1   -16556.4     11.6     12.5     14.1 2021 12  2 14 37 18.040  0.23   1
     8703  55.383773 -161.842448     1.507    -4091.4    31448.2   -17532.1     11.3     12.4     30.7 2021 12  2 16  5 13.750  0.54   1
     8705  55.256160 -161.641829     4.584     8683.3    17241.8   -14454.4     10.2     10.0     15.4 2021 12  2 17 28 37.480  0.36   1
      872  55.366748 -161.846126    13.381    -4326.3    29553.0    -5658.1     12.1     13.8     14.8 2021  1 29 12  9 21.570 -0.19   1
     8724  55.356852 -161.679460     8.238     6278.0    28451.3   -10800.9     26.8     37.1     31.4 2021 12  2 23 44 44.080  0.75   1
     8727  55.447319 -161.850667    13.659    -4610.6    38522.4    -5380.0     28.0     26.0     24.8 2021 12  2 23 59 57.460  1.11   1
     8728  55.338814 -161.668408    16.418     6982.7    26443.2    -2620.6     23.7     20.2     13.0 2021 12  3  0 49 56.730  1.72   1
     8730  55.392794 -161.861605     4.243    -5309.3    32452.5   -14795.8      8.7     16.5      6.9 2021 12  3  0 54 31.390  0.83   1
     8731  55.367928 -161.821191     1.878    -2739.9    29684.3   -17161.3     15.2     10.9     16.1 2021 12  3  1  1 10.080 -1.02   1
     8732  55.455778 -161.873698    19.518    -6073.7    39464.2      479.0     24.7     26.0     13.5 2021 12  3  1 49 10.410  1.27   1
     8733  55.354736 -161.622656    14.537     9892.6    28215.8    -4502.2     17.2     18.1     22.9 2021 12  3  1 53 33.410  1.80   1
     8734  55.429362 -161.896029    18.544    -7495.3    36523.4     -494.9     26.3     27.5     19.4 2021 12  3  3  5 35.440  1.59   1
     8737  55.411662 -161.866813    20.456    -5639.3    34553.0     1416.9     23.2     34.5     19.4 2021 12  3  4 16 15.540  1.22   1
     8738  55.099414 -161.485645    33.033    18670.1     -207.9    13994.0     26.6     23.2     31.8 2021 12  3  4 19 21.310  1.29   1
     8742  55.340869 -161.875326     6.782    -6186.0    26672.0   -12256.9     19.0     21.8     12.5 2021 12  3  5 28  4.840 -0.13   1
     8744  55.382267 -161.655550    17.133     7796.8    31280.6    -1905.7     32.6     56.7     31.1 2021 12  3  7 34  6.870  0.89   1
     8745  55.401152 -161.917627    20.842    -8871.4    33382.9     1802.9     24.5     24.0     16.4 2021 12  3  7 34 46.470  1.19   1
     8749  54.838224 -161.324626    13.534    29042.6   -29284.8    -5505.3     13.2     15.3     18.0 2021 12  3  8 35 48.530  1.92   1
     8751  55.141711 -161.933431     5.927    -9908.5     4500.8   -13111.4      8.1     14.4      9.6 2021 12  3  8 37 28.130  0.43   1
     8752  55.371098 -161.894141    17.903    -7380.6    30037.2    -1135.7     16.9     23.0     11.6 2021 12  3  8 57 34.150  1.13   1
     8755  55.284167 -161.636068    13.101     9047.2    20359.7    -5938.2     10.7     13.1     12.1 2021 12  3  9  1 48.420  0.14   1
     8756  55.422636 -161.874674    17.503    -6138.3    35774.7    -1536.2     16.8     16.5     12.2 2021 12  3  9  2 59.870  1.17   1
     8757  55.403434 -161.641911     8.938     8662.1    33637.0   -10100.8     18.6     22.0     25.5 2021 12  3  9  5 19.590  0.29   1
     8762  55.267704 -161.641634    19.199     8694.4    18526.9      160.1     25.7     24.1     23.7 2021 12  3 10 32 51.390  1.80   1
     8764  55.356917 -161.490625    31.814    18293.3    28458.6    12774.6     28.1     46.8     29.0 2021 12  3 10 45 25.500  1.07   1
     8766  55.361601 -161.810221    21.857    -2042.1    28979.9     2818.1     24.6     18.9     12.8 2021 12  3 12 37 22.870  1.21   1
     8767  55.459705 -161.796159     3.997    -1146.0    39901.3   -15041.4     20.8     20.5     15.8 2021 12  3 12 43 57.250  0.60   1
     8769  55.471932 -161.305908    32.465    30003.3    41262.5    13426.3     71.6    110.5     99.9 2021 12  3 12 49 37.670  1.24   1
     8771  55.062476 -163.289014    13.926   -96490.0    -4320.1    -5113.2     24.2     60.9    198.5 2021 12  3 13 35 32.810  2.45   1
     8772  55.337000 -161.896777     4.598    -7551.6    26241.2   -14441.1     16.8     19.0     19.4 2021 12  3 13 35 45.480  2.04   1
     8773  55.371399 -161.796175    20.342    -1148.3    30070.7     1302.8     13.5     15.6      5.8 2021 12  3 15  5  4.940  1.27   1
     8778  55.370146 -161.789681    20.769     -735.2    29931.2     1730.4     16.9     15.1      8.7 2021 12  3 16 53 35.670  1.02   1
      878  55.198340 -162.046598    30.805   -17116.5    10805.0    11766.4     37.2     38.6     29.0 2021  1 29 21 12  4.680  2.51   1
     8783  55.322384 -161.810514    16.766    -2061.8    24614.1    -2272.9     41.5     25.3     16.9 2021 12  3 19  2 23.800  1.02   1
     8791  54.858789 -161.294857    29.453    30941.2   -26995.4    10414.0     12.7     16.0     21.7 2021 12  3 23 35 30.000  1.64   1
     8797  55.165531 -162.234212     0.751   -29089.8     7152.6   -18287.6     14.1     16.5     10.1 2021 12  4  4  2 43.690  1.76   1
     8799  55.246403 -160.976042    32.329    51106.2    16155.6    13290.3     27.4     61.0     55.3 2021 12  4  4  9 58.020  2.79   1
       88  55.240340 -161.711735     3.889     4230.5    15480.6   -15149.9     14.3     10.8     16.6 2021  1  3  8  0 13.360  1.86   1
     8801  55.453687 -161.277393    36.978    31822.4    39231.4    17938.7     71.7    123.4     88.7 2021 12  4  6  3 50.880  1.39   1
     8802  55.317444 -161.718441    18.578     3799.5    24064.2     -460.8     19.2     17.1     11.9 2021 12  4  7  3 29.570  1.10   1
     8805  54.883187 -162.151514     0.351   -23898.9   -24279.3   -18687.9     15.0     10.4      9.6 2021 12  4  7 37 14.690  1.13   1
     8810  55.509664 -161.783529    51.571     -343.2    45463.0    32532.0    116.8     64.6     32.1 2021 12  4  9 21 53.150  1.98   1
     8816  55.269434 -161.567855     5.885    13393.9    18719.5   -13153.9     16.6     21.4     24.0 2021 12  4 14  6  9.020  1.65   1
     8817  55.329159 -161.546582    16.663    14737.9    25368.3    -2375.8     10.0     14.7      8.7 2021 12  4 15 52 45.960  1.37   1
     8818  55.448535 -161.862126    13.480    -5338.7    38657.9    -5558.5     23.1     18.4     16.8 2021 12  4 15 57 48.970  1.24   1
     8820  55.237406 -161.724707    33.685     3404.0    15154.0    14646.3     40.2     29.7     27.9 2021 12  4 17 28 52.720  0.74   1
     8822  55.528324 -161.764583     8.602      859.8    47540.4   -10437.2      9.7     11.6     17.3 2021 12  4 17 39 59.560  2.13   1
     8823  55.529041 -161.765951     8.225      773.0    47620.1   -10814.2     15.4      9.6     18.8 2021 12  4 17 40 57.920  1.61   1
     8824  55.423437 -161.882113     5.848    -6611.1    35863.9   -13191.0     17.7      7.8     13.4 2021 12  4 19 15 55.500  0.94   1
     8826  55.347054 -161.657796    12.073     7657.3    27360.5    -6965.8     23.9     21.4     20.8 2021 12  4 20 16 11.640  1.14   1
      883  54.718046 -160.775993    12.145    64273.3   -42663.6    -6894.3     36.5     37.6     31.6 2021  1 30  6 22 29.320  2.02   1
     8831  55.371842 -161.683870    21.855     5996.2    30120.1     2816.5     22.2     14.9     18.4 2021 12  4 22 26 27.100  1.57   1
     8837  55.422892 -161.913444    20.438    -8603.1    35803.2     1398.8     29.8     30.6     18.0 2021 12  4 22 46 44.000  1.42   1
     8841  55.317725 -161.869727    17.426    -5831.4    24095.4    -1612.4     33.2     28.9     18.0 2021 12  4 23 45 32.760  0.56   1
     8842  55.471590 -161.862923    10.634    -5387.9    41224.5    -8405.4     26.2     27.8     24.1 2021 12  4 23 53 25.660  0.97   1
     8847  54.957129 -162.258285     6.238   -30704.7   -16047.8   -12801.2     12.9     11.1     15.5 2021 12  5  1  2 23.740  2.35   1
     8848  54.956189 -162.272119     6.722   -31589.7   -16152.4   -12316.7     18.3      8.7     18.2 2021 12  5  1  3  8.450  2.63   1
     8852  54.607983 -161.302311    14.669    30558.6   -54916.3    -4370.0     12.0     15.3     20.4 2021 12  5  3 59 25.640  1.68   1
     8856  55.369059 -161.816276     2.279    -2427.1    29810.3   -16759.9     27.1     11.7     21.2 2021 12  5 17 33 52.480  0.29   1
     8866  54.954948 -160.615137    10.823    74371.4   -16290.6    -8216.0     38.2     49.8     36.1 2021 12  6  8 16 10.000  2.45   1
     8868  55.360543 -161.820394     2.941    -2689.4    28862.2   -16097.9     25.7     23.3     23.7 2021 12  6  8 21 39.980  0.58   1
     8873  54.527299 -161.138753     8.917    41103.8   -63898.5   -10122.0     21.8     21.1     19.9 2021 12  6 13 16  5.030  2.76   1
     8875  54.559143 -161.669027    34.601     7010.9   -60353.4    15561.9     20.3     10.0     20.0 2021 12  6 15 44 52.630  2.30   1
     8877  54.937207 -162.248535     5.753   -30088.7   -18265.6   -13286.1     19.6     14.5     21.3 2021 12  6 17 19 45.320  1.77   1
     8882  55.418917 -162.715023     1.679   -59567.4    35360.6   -17360.1     27.5     29.3     27.9 2021 12  7  1 34 27.240  1.90   1
     8883  55.502100 -161.780518    14.810     -152.0    44620.9    -4229.1     27.6     14.5     16.1 2021 12  7  6 10 26.950  1.23   1
     8890  55.321139 -161.707243     7.241     4512.2    24475.5   -11797.4     15.7     13.0     23.1 2021 12  7 11 30 18.660  1.72   1
     8898  55.331022 -161.860205    18.157    -5224.4    25575.8     -882.0     37.7     31.5     20.2 2021 12  7 17 12 46.240  1.24   1
     8900  55.405668 -161.794010     4.949    -1010.2    33885.7   -14090.1     18.1      8.1     15.9 2021 12  7 18 53 58.600  1.27   1
     8901  55.351713 -161.578451    10.877    12705.9    27879.2    -8161.9     13.1     12.5     10.8 2021 12  7 21 13 49.500  0.28   1
     8903  54.576640 -162.653158    60.278   -56219.7   -58405.6    41238.8     32.2     24.2     29.4 2021 12  7 21 50 32.960  2.10   1
     8906  55.166777 -162.244010     0.804   -29714.2     7291.2   -18234.5     13.2      9.3     12.5 2021 12  8  2 53 24.650  1.89   1
     8917  54.952905 -162.207308     2.083   -27446.3   -16518.0   -16955.4      9.8     10.4     10.2 2021 12  9  0 17  3.830  1.88   1
     8922  54.927376 -161.411230    37.438    23470.4   -19360.0    18398.7     26.7     24.7     37.6 2021 12  9 15 50 32.910  1.98   1
      893  55.031409 -162.354346     1.695   -36813.5    -7778.6   -17344.3     16.9     14.6     14.8 2021  1 30 17 50 51.480  1.42   1
     8931  54.715629 -162.290658    41.321   -32873.1   -42932.7    22282.6     73.5     17.9     23.7 2021 12 10 20 39 33.000  1.65   1
     8950  54.596578 -161.698633    44.513     5106.0   -56186.0    25474.0     32.9     18.9     31.4 2021 12 12 18 25 26.000  2.78   1
     8953  55.312337 -161.861035    10.265    -5278.4    23495.7    -8773.5     14.0     16.0     20.6 2021 12 13  5 58 10.650  0.69   1
     8956  55.364901 -161.200651    33.196    36740.3    29347.3    14157.0     23.3     39.4     43.4 2021 12 13 13 50 24.180  2.05   1
      896  55.165877 -161.951904     4.838   -11083.8     7191.1   -14201.0     10.6      9.4     15.3 2021  1 30 17 57  5.100  1.45   1
     8960  54.994853 -162.284570     0.971   -32370.4   -11848.2   -18067.7      9.3      8.0     10.2 2021 12 13 19 32 58.480  1.89   1
     8963  55.221403 -161.686296     9.031     5852.9    13372.5   -10008.3     12.3     27.3     19.8 2021 12 14  0  2 46.720  2.83   1
     8965  55.186076 -161.504883    22.032    17423.2     9439.7     2993.4     23.5     29.2     26.5 2021 12 14  1 23 16.410  2.79   1
     8969  55.193066 -161.924300     9.852    -9320.0    10217.9    -9186.5     36.0     25.1     22.8 2021 12 14  4 38 33.310  1.27   1
      897  54.569381 -161.294987    10.947    31043.7   -59213.7    -8091.5     17.3     13.9     13.0 2021  1 30 18 13 55.740  1.99   1
     8972  55.318624 -161.541341    16.289    15073.5    24195.5    -2749.9     12.4      9.0      7.7 2021 12 14 10 44  0.800  1.06   1
     8973  55.320622 -161.500277    12.627    17687.2    24418.0    -6412.3     12.5     15.2     12.6 2021 12 14 12 50 16.640  1.36   1
     8974  55.321847 -161.617383    17.655    10232.3    24554.3    -1383.7     14.7     19.7     15.3 2021 12 14 12 53 17.500  1.45   1
     8979  54.841406 -160.797070    42.367    62825.4   -28930.6    23328.3     14.9     16.6     23.9 2021 12 14 19  6 21.180  2.41   1
     8981  55.112191 -161.586621    27.673    12222.5     1214.4     8634.5     26.9     28.4     45.8 2021 12 14 20 57  9.360  1.88   1
     8985  55.362101 -161.698226    18.264     5083.6    29035.7     -775.3     13.4     21.6      9.6 2021 12 14 23 59 41.760  0.69   1
      899  55.146086 -161.860693    10.142    -5267.6     4987.8    -8896.7     21.1     16.5     12.9 2021  1 30 18 26 55.160  1.33   1
     8992  55.628638 -161.532520     4.929    15574.4    58707.7   -14109.6     60.5     48.9     71.1 2021 12 15 15 34 39.300  1.40   1
     8994  54.768730 -160.961328    45.120    52353.7   -37021.3    26081.6     12.0     14.1     18.5 2021 12 15 23 10 22.000  1.96   1
      900  54.789233 -161.210075    49.006    36400.7   -34738.7    29966.7     14.8     15.6     20.2 2021  1 30 19 12 24.940  2.80   1
     9008  54.567017 -163.333577    12.453   -99947.6   -59476.9    -6585.8     11.2     12.6     11.7 2021 12 16 17 25 21.260  1.49   1
     9009  54.519486 -161.722510    15.367     3575.7   -64768.2    -3671.9     27.6     20.1     20.8 2021 12 16 21 14 37.960  1.59   1
      901  54.882104 -161.393408    36.008    24624.3   -24399.8    16968.7     18.7     20.7     29.0 2021  1 30 19 18 38.820  1.34   1
     9015  54.903121 -162.173275     0.453   -25285.5   -22060.2   -18585.8      7.6     10.1      9.3 2021 12 17  8 25 49.810  0.91   1
     9020  54.966016 -162.949674     0.744   -74908.6   -15058.5   -18294.8     20.7     28.6     17.8 2021 12 17 10 33 53.620  1.86   1
     9021  55.012272 -162.450244     7.956   -42950.4    -9909.0   -11082.7      8.0     19.4     20.9 2021 12 17 10 34 12.180  2.23   1
     9035  54.497498 -163.192643     1.842   -90969.6   -67216.1   -17197.1     10.4      9.0      9.4 2021 12 18 17 42 15.960  2.48   1
     9036  55.043127 -162.144482     2.838   -23402.3    -6474.0   -16201.2     21.5     20.1     22.0 2021 12 18 17 42 41.600  2.08   1
      904  54.491797 -161.693343    11.150     5452.8   -67850.7    -7888.6     12.4      7.3     13.5 2021  1 30 20 48  8.580  1.99   1
     9046  55.219051 -161.883545     6.313    -6719.3    13110.6   -12725.7     17.2     13.9     46.3 2021 12 19 18  9  4.240  0.53   1
     9047  55.320361 -160.925212    44.280    54294.7    24389.0    25240.6     12.9     27.6     19.0 2021 12 19 18 26 36.040  2.04   1
     9048  55.298661 -160.841699    48.428    59627.1    21973.2    29389.0     10.9     34.7     14.0 2021 12 19 23 18 40.420  2.30   1
     9056  55.169373 -161.895703     4.896    -7498.9     7580.2   -14142.7     12.6     18.7     15.9 2021 12 20  9 47 22.410  0.65   1
     9069  55.418583 -161.993115    14.817   -13669.0    35323.5    -4221.4     19.9     18.0     14.4 2021 12 21  6 47 29.670  1.40   1
     9073  55.390784 -161.499707    12.335    17707.9    32228.7    -6703.7     16.2     36.9     27.5 2021 12 21  8 30 58.710  0.09   1
     9074  55.413281 -161.620231    11.209    10039.5    34733.3    -7829.8     19.9     25.4     24.3 2021 12 21  8 33 18.930  1.08   1
     9077  55.241630 -161.742008    16.699     2301.4    15624.2    -2340.0     20.9      9.8     15.3 2021 12 21  8 34 55.150  2.04   1
     9078  55.577401 -161.834766     2.614    -3594.0    53003.8   -16425.0     59.7     47.6     58.0 2021 12 21  8 34 54.390  1.53   1
     9080  55.358634 -161.773812     3.361      274.4    28649.7   -15677.5     11.5     11.4     12.2 2021 12 21  8 40 16.220  1.64   1
     9084  55.355330 -161.809180     2.307    -1976.0    28281.9   -16731.4     10.7     11.2     14.0 2021 12 21  9 46 21.180  0.24   1
     9086  55.241170 -161.441162    13.581    21471.6    15573.0    -5458.2     19.3     20.5     52.4 2021 12 21  9 54  2.580  0.69   1
     9088  55.491715 -161.873047     4.016    -6029.6    43464.9   -15022.7     28.7     16.7     45.7 2021 12 21 10 50  8.260  1.61   1
     9090  55.341927 -161.734814    18.668     2756.3    26789.8     -371.3     23.6     15.9     11.6 2021 12 21 10 55 36.920  0.40   1
     9092  54.691280 -161.575586    51.030    12994.5   -45643.3    31991.2     21.1     13.0     14.1 2021 12 21 11 40  9.270  1.83   1
     9096  55.506942 -161.805371    13.354    -1730.4    45160.0    -5684.4     20.5      9.6     11.9 2021 12 21 13 14 10.410  0.33   1
     9099  55.483765 -161.718685     5.746     3776.1    42579.8   -13293.0     17.8     12.4     16.9 2021 12 21 13 23 26.720  0.79   1
      910  55.170748 -162.619743    37.293   -53675.9     7733.3    18254.1     62.0     57.3     52.1 2021  1 31  0 52 56.090  1.74   1
     9102  54.862764 -160.985465    32.391    50747.4   -26552.9    13352.5     26.1     32.7     54.0 2021 12 21 13 28 58.360  1.59   1
     9104  55.370394 -161.800537    19.807    -1425.8    29958.8      768.0     14.9     13.6      8.8 2021 12 21 14 32 38.950  1.07   1
     9109  55.348201 -161.785498     2.236     -469.2    27488.3   -16803.2     12.2     14.5     17.0 2021 12 21 17 13 57.840  0.65   1
      911  54.424943 -161.414209    17.170    23424.8   -75293.2    -1868.4     37.5     31.2     31.7 2021  1 31  1  0 39.750  1.90   1
     9112  55.330269 -161.636426    14.615     9019.2    25492.0    -4423.9     13.4     20.0     11.9 2021 12 21 17 25 46.040  0.71   1
     9114  55.326872 -161.698307     2.826     5080.6    25113.7   -16212.7     11.7     12.0     13.9 2021 12 21 17 30 20.320  0.51   1
     9118  54.480774 -161.321029    11.155    29402.5   -69077.8    -7883.6     24.0     19.9     22.9 2021 12 21 19  4 25.720  1.51   1
     9119  55.206144 -161.690283     4.022     5599.8    11673.8   -15017.1     23.4     14.1     18.3 2021 12 21 19 57 17.880  1.43   1
      912  54.780705 -161.700684    30.948     4963.0   -35688.1    11908.7    104.8     46.4     97.4 2021  1 31  1  1  6.010  1.85   1
     9121  54.992249 -162.293050     1.353   -32913.4   -12138.1   -17686.0     10.0      9.6      9.0 2021 12 21 20 56  6.200  1.56   1
     9132  55.394881 -161.914486     5.366    -8672.3    32684.9   -13672.9     14.7     13.2     11.8 2021 12 21 23 32 21.680  0.87   1
     9136  55.319214 -161.522852     5.637    16250.4    24261.2   -13401.6     13.4     18.0     19.9 2021 12 22  1  2 45.760  0.24   1
     9137  55.259835 -161.582699     5.590    12449.9    17650.9   -13449.2     11.8     13.2     12.1 2021 12 22  1  4 50.360  1.50   1
     9139  55.303687 -161.132487    60.973    41108.6    22532.7    41934.5     29.7    112.2     26.3 2021 12 22  1 14 13.240  1.57   1
     9140  55.348234 -161.791520     2.834     -852.4    27491.9   -16205.1     10.3      9.7      6.2 2021 12 22  1 16  1.870  1.44   1
      915  55.154919 -161.753174    15.556     1591.6     5971.2    -3483.1     15.4     15.5     14.0 2021  1 31  5 23 58.520  1.69   1
     9150  55.235181 -161.484277    21.273    18725.7    14906.3     2234.6     22.4     24.8     25.9 2021 12 22  6 38  5.170  1.01   1
     9161  55.133573 -162.427783     3.676   -41452.5     3594.9   -15362.9     17.5      9.8     45.2 2021 12 29  4  1 11.130  0.89   1
     9169  55.074679 -162.095817    12.203   -20285.7    -2961.6    -6835.9     30.6     50.9     39.9 2021 12 29 18 38  4.720  3.03   1
     9173  55.338005 -161.599626    17.317    11360.4    26353.1    -1722.3     13.6     19.8     12.3 2021 12 30  4  6 38.900  1.10   1
      918  55.312642 -161.686035     5.983     5862.8    23529.7   -13056.3     10.2      9.7     13.7 2021  1 31  6 25 51.410  0.56   1
     9186  55.286348 -161.737744    16.887     2571.7    20602.5    -2151.7     27.3     19.9     16.9 2021 12 30  9  0 57.550  0.60   1
      919  55.212524 -161.408952     9.168    23532.5    12384.1    -9870.9     19.2     24.5     48.4 2021  1 31  6 26  3.820  0.34   1
     9190  55.156026 -161.690137    15.908     5612.7     6094.4    -3130.5     45.9     34.6     48.5 2021 12 30  9 18 12.910  0.81   1
     9199  55.331413 -161.729264     9.913     3109.9    25619.3    -9126.3     19.0     17.4     18.4 2021 12 30 13 22 12.030  0.72   1
     9205  54.913733 -161.132243    19.565    41324.4   -20878.8      525.8     34.3     33.0     31.0 2021 12 30 15 59 48.330  0.99   1
     9208  55.337520 -161.571094     9.560    13176.4    26299.2    -9478.7     17.6     25.1     27.7 2021 12 30 18 59 34.080  0.72   1
     9209  55.392187 -161.806885     5.223    -1829.1    32385.0   -13816.3     21.6     20.3     18.9 2021 12 30 20 35 50.140 -0.22   1
     9211  54.516956 -162.281803    50.454   -32384.5   -65049.9    31415.5     51.2      8.9     22.5 2021 12 30 21 34 26.520  1.90   1
     9214  54.625366 -163.305811    13.594   -98092.7   -52981.2    -5444.6     56.2     65.6     56.9 2021 12 30 23 37 45.240  2.01   1
     9217  55.345483 -161.632210    17.453     9285.7    27185.7    -1585.9     14.7     22.6      9.0 2021 12 31  2 33  9.430  0.56   1
     9222  55.345101 -161.716455     5.038     3924.6    27143.1   -14001.3     13.0     14.5     17.6 2021 12 31  7 44 33.140  0.33   1
     9223  55.360181 -161.992676    17.800   -13651.1    28821.8    -1239.2     39.4     27.7     18.7 2021 12 31  7 59 57.510  0.78   1
     9232  55.347078 -161.704736     9.111     4670.2    27363.2    -9927.6     14.0     15.4     15.8 2021 12 31 14 51 42.980  0.68   1
     9236  55.311877 -161.671126     4.938     6812.0    23444.5   -14100.6     16.7     18.9     19.2 2021 12 31 17  2 53.880  1.93   1
     9237  55.291781 -161.566569     4.711    13472.0    21207.2   -14328.2     12.2     16.7     28.6 2021 12 31 17  9 41.560  0.05   1
     9238  54.671790 -162.627734    12.913   -54522.2   -47813.1    -6125.9     19.8     15.4     20.8 2021 12 31 17 37 15.720  1.95   1
     9239  55.380050 -161.630501     5.347     9390.4    31033.8   -13691.5     20.5     18.8     26.5 2021 12 31 18 19 11.960  0.25   1
     9252  54.993937 -162.299235     1.842   -33308.1   -11950.1   -17196.7     14.3     12.2     11.9 2021 12 31 23 10 47.400  2.71   1
     9253  55.144942 -161.981510     4.693   -12975.5     4860.5   -14346.2     15.0     13.5     24.8 2021 12 31 23 11  4.520  2.99   1
     9255  55.370544 -161.780371    14.529     -142.9    29975.6    -4510.2     27.9     20.0     20.8 2021 12 31 23 17 32.840  1.03   1
     9257  55.267924 -161.516764    29.108    16648.6    18551.4    10069.1     19.6     23.2     23.0 2021 12 31 23 28  2.340  0.73   1
       93  55.156527 -161.894971     6.130    -7453.4     6150.1   -12909.1     11.0     13.1      7.4 2021  1  3  8 50 12.680  0.66   1
      932  55.314323 -161.908431    15.299    -8295.6    23716.7    -3740.2     23.7     12.8     11.6 2021  1 31 17 46 13.460  0.13   1
      933  54.911243 -162.198389     7.782   -26889.8   -21156.0   -11257.4     15.8     27.1     40.5 2021  1 31 18  9 51.920  0.81   1
      938  55.329826 -161.755160     5.837     1461.8    25442.6   -13202.0     20.1     15.6     24.5 2021  1 31 22 30 42.360  0.07   1
      940  55.066333 -163.246549    14.790   -93773.6    -3890.7    -4249.2     21.5     43.6     25.9 2021  2  1  0  3 49.930  2.26   1
      943  55.305733 -161.317122    28.744    29351.8    22760.5     9705.4     18.4     24.4     28.0 2021  2  1  3 47 47.050  2.24   1
      961  54.582332 -161.264551    14.022    32994.1   -57771.9    -5016.9     12.5     10.4     11.6 2021  2  1 20 17  6.480  2.57   1
      968  55.381689 -161.818132     5.434    -2544.8    31216.3   -13605.1     24.5     26.7     38.4 2021  2  2 10 43 18.760 -0.48   1
       97  55.056384 -161.774951    14.244      202.7    -4998.2    -4795.1     12.4      6.2     17.2 2021  1  3 10 23  0.640  1.54   1
      974  55.045398 -162.137842     3.189   -22977.5    -6221.2   -15849.8     21.5     18.6     31.4 2021  2  2 22 32 26.920  1.00   1
      976  55.173226 -161.959977     4.147   -11597.6     8009.2   -14891.9     15.9      9.3     23.1 2021  2  3  0 49 58.720  0.73   1
      980  55.034757 -160.883952    53.390    57124.4    -7405.8    34351.6     18.5     39.9     22.6 2021  2  3  6 41  1.380  1.43   1
      982  55.065653 -161.448307    33.875    21062.3    -3966.3    14836.0     39.1     33.5     44.4 2021  2  3  7 25 42.350  0.85   1
      984  55.054008 -161.741520    17.956     2337.9    -5262.7    -1082.5     14.8     15.0     18.3 2021  2  3  8 32  8.890  1.52   1
      985  54.564648 -162.366764    58.796   -37824.9   -59740.5    39757.3     30.3     13.7     14.1 2021  2  3  9  2 58.440  1.62   1
       99  55.504423 -161.901628    36.847    -7843.8    44879.6    17807.6     30.9     32.8     21.3 2021  1  3 12 41 27.660  2.31   1
      993  55.071875 -161.170768    32.980    38783.1    -3273.7    13940.9     18.3     28.6     34.5 2021  2  3 15 36 28.290  1.77   1
      998  54.563399 -161.272705    13.537    32477.8   -59879.6    -5502.3     13.1     10.9     15.4 2021  2  3 17 35 48.880  1.73   1
