      100  54.967623 -162.290055    10.788   -32732.0   -14879.5    -8250.9     18.5     17.5     19.5 2021  1  3 12 41 26.190  1.77   1
     1001  55.067957 -161.601383    20.734    11286.5    -3709.9     1695.5     23.6     21.8     15.4 2021  2  3 21 42 16.640  0.66   1
     1002  55.318034 -161.752507     6.656     1630.9    24129.9   -12383.4     17.4     16.5     18.6 2021  2  3 22  8 43.760  0.21   1
     1003  55.321838 -161.335645    22.099    28166.9    24553.4     3059.8     15.2     29.9     22.0 2021  2  3 22 17 17.700  1.26   1
     1020  54.833866 -162.660726    31.774   -56525.9   -29769.9    12735.6     15.2     15.4     21.2 2021  2  4 12 19 23.700  1.97   1
     1021  54.975256 -162.311296     9.861   -34086.9   -14029.7    -9177.6     13.8     10.6     13.7 2021  2  4 12 19 41.050  2.29   1
     1022  55.318746 -162.973747    37.488   -76112.4    24209.1    18449.3     34.3     45.6     58.8 2021  2  4 12 39  0.910  1.49   1
     1023  54.933634 -162.239990     3.881   -29543.4   -18663.3   -15158.2     13.4      8.3     13.9 2021  2  4 14 11 48.640  0.80   1
      103  55.379305 -161.875651    30.302    -6203.7    30950.9    11263.3     48.6     27.8     23.1 2021  1  3 17 22 36.600 -0.17   1
     1032  55.302865 -161.669889     6.254     6891.6    22441.1   -12784.7      6.1      5.8     18.8 2021  2  5  4 19 25.580  0.32   1
     1039  55.164872 -162.000911    25.216   -14209.7     7079.2     6177.2     36.9     38.8     54.7 2021  2  5 16  9 24.960  1.39   1
      105  54.804671 -161.237288    31.149    34650.2   -33020.1    12110.3     13.3     11.5     15.4 2021  1  3 17 45 13.880  1.75   1
     1051  54.903088 -161.531673    13.819    15770.4   -22063.8    -5219.4     19.1     13.9     20.2 2021  2  5 21 45 15.040  1.63   1
     1060  54.824198 -162.805778     2.121   -65823.6   -30846.2   -16918.2     38.0     38.1     37.4 2021  2  6  6  4  4.060  1.27   1
     1062  55.095251 -161.755745    21.324     1428.6     -671.3     2285.0     14.7     21.8     23.6 2021  2  6  7 15 27.980  0.53   1
     1064  55.027409 -161.614632    22.690    10445.7    -8223.9     3651.3     27.0     38.2     32.8 2021  2  6 12  4 44.260  2.62   1
     1071  54.601742 -161.255436    10.645    33571.7   -55611.2    -8394.3     15.7     17.1     14.6 2021  2  6 18 39 48.880  4.47   1
     1072  54.584489 -161.294613    13.826    31062.0   -57531.8    -5212.5     10.9      9.1      8.9 2021  2  6 19 35 53.920  2.62   1
     1073  54.575887 -161.291943    13.691    31236.8   -58489.4    -5347.7     10.2      8.8      8.8 2021  2  6 19 50  7.920  2.07   1
     1074  54.568778 -161.300684    31.225    30677.9   -59280.8    12185.8     11.5      7.6     21.1 2021  2  6 20 12 22.720  1.60   1
     1076  54.578609 -161.285710    14.579    31636.2   -58186.4    -4459.8     15.4     11.1     14.0 2021  2  6 20 19 18.200  2.22   1
     1080  55.313489 -161.696533     2.281     5194.4    23623.9   -16757.6     13.6     13.3     14.6 2021  2  7  0 37 48.130  0.17   1
     1085  54.571468 -161.350830    31.214    27454.9   -58981.3    12175.0     14.6     12.5     32.0 2021  2  7  1 58 56.540  1.49   1
      109  54.966117 -161.426823    19.167    22462.1   -15047.1      128.5     13.3     18.2     29.6 2021  1  3 19 56 26.080  2.05   1
     1091  55.343327 -161.188639    33.606    37514.7    26945.6    14567.3     20.0     36.9     38.6 2021  2  7  4 49 38.570  2.26   1
     1095  55.394523 -162.259391    24.990   -30608.0    32645.0     5951.3     23.2     38.6     20.4 2021  2  7  7 59 53.620  1.46   1
     1100  55.082479 -161.789046    15.348     -697.3    -2093.2    -3690.8     16.0      8.8     12.3 2021  2  7 17 57 19.320  1.38   1
     1103  55.168746 -161.903092     4.729    -7970.2     7510.4   -14309.9     23.1     16.6     22.4 2021  2  7 19 33 54.560  1.38   1
     1105  54.815710 -161.087777    32.168    44223.1   -31791.1    13129.4     12.4     10.8     22.0 2021  2  7 20 17 45.400  2.50   1
     1107  55.104346 -161.642676     1.771     8645.7      341.1   -17268.0     12.6     16.2     15.1 2021  2  7 20 25  3.680  1.46   1
     1108  54.964591 -162.236019     2.918   -29278.1   -15217.0   -16120.4     11.0      9.4     10.1 2021  2  7 21 56 42.020  0.96   1
     1113  55.280322 -162.168148    16.005   -24840.5    19931.6    -3034.1     27.5     42.3     36.9 2021  2  8  4 17 58.520  1.96   1
     1124  54.592387 -161.302946    31.123    30523.7   -56652.6    12084.2      9.9     12.6     22.8 2021  2  8 11 27 36.840  1.68   1
     1127  55.297506 -161.828597     2.361    -3213.9    21844.6   -16678.3     12.2     10.4     21.2 2021  2  8 12  0 58.860 -0.28   1
     1128  54.989376 -162.203304     1.604   -27177.9   -12457.9   -17434.4     13.9     11.6     14.2 2021  2  8 12 35 30.340  0.88   1
     1140  54.803243 -161.329395    61.579    28749.7   -33179.1    42540.3     29.9     35.3     30.1 2021  2  8 23 58 42.120  1.59   1
     1142  55.451953 -161.859587    28.690    -5177.1    39038.4     9651.6     20.7     11.7      4.8 2021  2  9  0 16 46.490  1.11   1
     1151  54.548201 -162.479557    18.616   -45081.9   -61571.5     -422.8     28.9      8.5     16.1 2021  2  9  8  2 10.790  1.77   1
     1154  55.011963 -161.575667    21.927    12937.7    -9943.4     2888.5     13.8     16.0     17.0 2021  2  9  8 45 36.550  1.85   1
     1165  54.590649 -162.533024    64.228   -48492.9   -56846.0    45188.8     29.5     21.4     20.9 2021  2  9 20 43 57.480  2.07   1
     1166  55.123364 -161.829557     9.046    -3282.1     2458.3    -9992.6     16.1     13.4     16.4 2021  2  9 21 31 51.780  1.33   1
     1170  54.904854 -161.407373    66.008    23723.8   -21867.2    46969.4     40.1     33.9     31.4 2021  2  9 23 45 28.280  1.59   1
     1173  54.620199 -161.322607    31.456    29250.7   -53556.4    12416.9     20.9     14.5     32.3 2021  2 10  6  8 50.240  1.46   1
     1178  55.167533 -161.711393    17.914     4256.1     7375.4    -1124.5     14.6     12.1      4.3 2021  2 10 11 42 19.110  2.02   1
     1183  55.197929 -161.988558     5.732   -13416.2    10759.2   -13307.1     10.3     18.1     17.8 2021  2 10 21  8 45.360  2.05   1
     1192  55.269352 -161.433968     4.022    21922.3    18710.4   -15016.9      9.4     12.7     15.9 2021  2 11 18  3 28.280  1.03   1
     1196  55.137447 -160.502995    55.508    81357.7     4026.1    36469.4     35.3     65.7     51.3 2021  2 11 22 27 49.960  2.72   1
     1198  54.866724 -161.324723    32.373    29026.1   -26112.1    13334.5     20.2     20.6     25.1 2021  2 12 14 15  3.740  2.63   1
     1199  55.166402 -161.968571     3.360   -12146.7     7249.5   -15678.5      7.0     13.7     12.4 2021  2 12 14 15 28.960  1.98   1
     1200  54.592330 -161.299186    31.469    30765.2   -56658.9    12430.3     15.1     13.0     33.8 2021  2 12 15 10  7.870  2.04   1
     1201  55.166492 -161.842253    28.091    -4090.1     7259.5     9051.8     50.9     24.7     32.0 2021  2 12 16 15  3.920  1.91   1
     1208  55.160278 -161.747380    20.532     1961.1     6567.8     1493.0     13.1     11.5     15.3 2021  2 13  9 56 47.050  0.99   1
     1209  55.368054 -161.067220    31.554    45227.8    29698.4    12514.9     24.1     48.7     45.6 2021  2 13 13  9 46.410  3.28   1
     1212  55.041956 -162.181624     2.866   -25775.3    -6604.5   -16173.3     11.9     16.3     21.9 2021  2 13 14 15 28.860  1.76   1
     1214  54.545764 -161.771647    12.473      416.4   -61842.8    -6566.2     19.8     12.1     13.5 2021  2 13 19  9 54.480  1.98   1
     1215  54.935197 -161.053369    62.288    46358.4   -18489.3    43249.5      7.8     14.9      8.2 2021  2 14  0 24 32.090  2.39   1
     1216  55.107849 -163.270020    13.842   -95223.2      731.1    -5197.0      9.8     22.8     14.5 2021  2 14  0 51 17.470  2.71   1
     1221  54.524972 -162.341081    63.394   -36192.2   -64157.6    44355.2    111.0     13.0     19.0 2021  2 14  3 53 26.740  2.25   1
     1224  55.263127 -162.059945    14.772   -17952.9    18017.3    -4266.8     13.2     11.8     12.3 2021  2 14  9  9 53.440  0.78   1
     1228  55.561149 -161.458529    18.227    20283.5    51194.6     -811.5     18.2     25.2     26.5 2021  2 14 17 55 14.800  1.17   1
     1238  54.865544 -161.546029     2.237    14858.7   -26243.5   -16801.8     23.1     23.7     23.7 2021  2 16  3 45  0.350  2.31   1
     1244  54.972233 -162.250895     4.328   -30226.5   -14366.3   -14710.6     11.3     11.7     14.0 2021  2 16  5 33 19.130  1.39   1
     1249  55.181425 -161.737858     3.112     2567.8     8921.9   -15927.2     12.2     14.8     30.9 2021  2 16  6 16 24.920  0.85   1
     1250  54.589852 -161.321745    30.788    29317.0   -56934.8    11749.1     14.5      7.0     23.5 2021  2 16  6 30 31.090  1.51   1
     1254  54.900439 -161.429167    30.061    22330.5   -22358.7    11021.8     14.2     14.2     19.9 2021  2 16 15 52 45.740  1.88   1
     1258  54.963896 -161.867741    36.035    -5730.2   -15294.5    16995.9     54.9     47.5     62.2 2021  2 16 16 17 46.800  1.45   1
     1269  55.022298 -161.449805     4.614    20978.0    -8792.8   -14424.9     33.2     34.3     44.7 2021  2 16 23 19 12.080  3.19   1
     1272  54.589697 -161.310677    30.175    30028.1   -56952.0    11136.1      6.8      8.0     27.9 2021  2 17  4  6 41.430  1.68   1
     1283  54.678845 -163.522005    11.068  -111900.7   -47027.6    -7970.9     15.3     19.0     14.3 2021  2 17 12 56 29.530  1.79   1
     1284  55.355204 -161.843343    20.608    -4149.8    28267.8     1568.9     29.1     24.8      9.8 2021  2 17 13  2 44.200  0.03   1
     1287  55.311605 -161.913656    21.298    -8628.5    23414.2     2258.7     24.0     20.2     16.6 2021  2 17 17  1 28.160  0.07   1
      129  54.861104 -161.361279    28.277    26687.7   -26737.7     9237.9     10.3      9.4     31.5 2021  1  4  4  1 10.530  1.79   1
     1290  55.206091 -161.748551    29.723     1885.3    11667.9    10684.0     50.7     33.4     31.1 2021  2 17 19 37 22.880  1.20   1
     1298  55.323869 -161.403939     2.780    23818.9    24779.4   -16259.0     23.0     37.5     25.9 2021  2 18  5  4 40.770  0.01   1
      130  54.825146 -161.302686    33.846    30452.6   -30740.7    14807.3     17.7     20.6     36.4 2021  1  4  4  1 21.820  1.94   1
     1305  55.330908 -161.711979     5.584     4210.2    25563.1   -13454.9      7.4      9.0     11.2 2021  2 18  9 43 35.800 -0.44   1
     1310  54.591895 -161.288883    12.420    31427.2   -56707.4    -6619.4     12.3     10.9     10.9 2021  2 18 12 40 52.980  1.97   1
     1323  55.347135 -161.747656     5.214     1938.9    27369.6   -13824.7      7.9      8.5      8.5 2021  2 18 19  3 39.340 -0.86   1
     1328  55.368709 -162.162581    32.334   -24458.9    29771.3    13294.7     91.8    159.8     76.7 2021  2 19  0 35 58.340  0.73   1
     1332  55.314062 -161.525407     4.563    16088.8    23687.8   -14475.6     12.0     21.0     21.9 2021  2 19  2  7 18.390  0.34   1
      134  55.173625 -161.910091     6.382    -8416.1     8053.6   -12657.3     14.5      6.1      9.0 2021  1  4  8 26 55.590  1.50   1
     1347  55.275867 -161.663460     8.377     7303.4    19435.6   -10661.6     14.0     14.3     17.8 2021  2 19  4 40 45.390  1.04   1
      135  54.760111 -161.644857    62.277     8542.9   -37980.7    43238.1     49.6     46.9     41.0 2021  1  4  9 10 28.510  1.47   1
     1352  54.517615 -161.128646    19.625    41758.5   -64976.6      586.0     30.7     31.3     29.2 2021  2 19  8 36 17.060  2.48   1
     1357  54.997595 -162.297477     7.071   -33194.2   -11542.9   -11967.9     11.8      9.4     14.2 2021  2 19  9 13 55.750  1.99   1
     1359  54.853206 -162.778092    32.875   -64027.2   -27616.9    13836.5     23.2     26.5     38.3 2021  2 19  9 21 33.210  1.56   1
     1363  55.243762 -161.645182    10.854     8471.0    15861.6    -8184.6     12.3     11.2     11.8 2021  2 19 10 52 15.340  0.41   1
     1371  55.297530 -161.534684     5.842    15501.4    21847.3   -13196.6     13.7     17.8     16.0 2021  2 19 13 52 35.450  0.01   1
     1372  55.051599 -161.430990    26.307    22172.1    -5530.9     7268.2     18.0     18.3     38.9 2021  2 19 14  4  8.250  1.62   1
     1375  55.341370 -160.449626    11.884    84547.3    26727.7    -7154.6     17.7     46.7     17.8 2021  2 19 14 22 52.620  1.08   1
     1376  54.523625 -163.265641    13.527   -95633.4   -64307.5    -5512.0      9.2      8.2      9.9 2021  2 19 14 29 46.060  1.63   1
     1385  55.090658 -162.602816    32.292   -52648.8    -1182.7    13253.6     49.2    135.3     46.9 2021  2 19 23 24 42.440  1.62   1
     1386  55.045268 -161.617578    20.468    10255.2    -6235.7     1428.9     15.3     15.4     18.2 2021  2 20  1 14 23.940  0.82   1
     1389  54.547404 -161.161719    11.759    39617.5   -61660.3    -7280.3     10.9     12.3     10.5 2021  2 20  3 29 30.500  1.90   1
     1392  54.760616 -161.982243     1.286   -13084.5   -37924.5   -17752.4     32.4     17.7     19.9 2021  2 20  9 22 15.120  1.42   1
     1393  54.498669 -162.330599    47.946   -35529.8   -67085.6    28906.9     39.8      9.6     20.9 2021  2 20 12 16 54.990  2.81   1
     1397  54.627527 -161.416455    15.111    23222.2   -52740.6    -3928.2     21.6     21.9     21.2 2021  2 21  1 46 47.010  1.45   1
       14  55.228935 -161.166585    30.764    38973.9    14210.9    11725.6     11.7     29.0     22.7 2021  1  1 16 55  4.360  1.72   1
     1405  55.054915 -161.224577    13.790    35354.6    -5161.7    -5248.5     18.5     23.3     27.1 2021  2 21 11  6 40.870  2.14   1
     1407  55.113167 -161.566390     3.552    13513.5     1323.2   -15486.6      9.1     22.6     17.1 2021  2 21 11  8 39.470  1.28   1
     1409  55.113806 -161.620557     5.560    10056.4     1394.3   -13479.0     11.0     17.5     20.6 2021  2 21 11 11 53.160  0.88   1
     1414  54.911625 -162.621712    35.086   -53975.2   -21113.5    16047.4     12.0     24.1     25.9 2021  2 21 15  5  6.160  1.48   1
     1415  55.262549 -161.613737     5.217    10472.2    17953.0   -13822.2     16.6     16.1     30.8 2021  2 21 16  1  3.430  1.78   1
     1417  55.150427 -161.539030     0.922    15252.6     5471.1   -18117.1     13.3     14.2     11.4 2021  2 21 17 30 27.960  0.78   1
     1419  55.506104 -161.718034     9.869     3816.4    45066.7    -9169.8     18.7     20.3     28.2 2021  2 21 18 53 44.040  0.49   1
     1420  55.103878 -161.773372    16.906      303.4      289.0    -2132.9     21.0     17.1     19.5 2021  2 21 18 54 16.160  1.01   1
     1425  55.144629 -161.785140     6.337     -447.5     4825.6   -12702.2     11.8     10.0     16.7 2021  2 21 21 58 10.560  0.49   1
     1427  55.111666 -161.636247     3.387     9055.2     1156.0   -15651.5     13.1     19.8     24.7 2021  2 21 22  8 14.800  1.03   1
     1431  54.584912 -161.290544    24.798    31323.2   -57484.7     5759.1     10.7      6.9      7.4 2021  2 21 23  0 10.360  2.31   1
     1433  55.106083 -161.776286     5.321      117.4      534.5   -13717.7     16.2     12.5     11.9 2021  2 21 23 57  4.060  1.32   1
     1434  55.176648 -161.549056    21.740    14608.3     8390.1     2701.5     25.3     21.8     25.7 2021  2 21 23 57 55.340  1.17   1
     1435  55.238607 -161.978695    14.467   -12780.9    15287.7    -4572.2     46.8     27.9     35.7 2021  2 21 23 58 16.000  1.22   1
     1439  55.160685 -161.514486    23.120    16816.2     6613.1     4081.6     31.7     29.3     31.2 2021  2 22  0 43  2.960  0.59   1
     1443  55.180782 -161.848519    17.880    -4488.9     8850.3    -1159.1     23.3     19.6     24.7 2021  2 22  1 21 15.400  0.46   1
     1453  54.838306 -161.111914    33.206    42664.9   -29275.7    14167.1     12.0     13.0     28.9 2021  2 22  4 37 56.240  2.24   1
     1454  54.963159 -161.367725    33.259    26241.8   -15376.5    14220.0     18.5     20.8     25.3 2021  2 22  7 39 17.400  1.96   1
     1457  54.894926 -161.281185    32.132    31802.3   -22972.5    13093.1     13.4     16.7     32.7 2021  2 22  7 41 20.050  2.58   1
     1458  55.195833 -161.512044    24.229    16964.5    10525.9     5190.2     18.2     19.0     14.6 2021  2 22  9  2 25.970  0.81   1
     1459  55.124377 -161.936882    16.193   -10130.9     2571.1    -2845.6     20.0     29.3     16.4 2021  2 22  9  2 44.010  0.61   1
      146  55.409049 -161.994922    39.296   -13785.5    34262.1    20257.1     41.2     29.4     13.0 2021  1  4 15 59 53.660  0.44   1
     1463  55.295272 -161.717106     4.069     3885.6    21595.9   -14970.2     12.3     10.3     21.8 2021  2 22 12 58 56.000  0.45   1
     1468  54.636344 -161.309375    12.132    30094.4   -51759.0    -6907.0     10.9      9.3     14.9 2021  2 22 16 17 26.310  1.73   1
     1472  55.055713 -161.727051    13.397     3262.0    -5072.9    -5641.6     10.8      8.8     18.2 2021  2 22 16 50 46.390  0.97   1
     1476  55.132174 -161.705957     9.255     4604.9     3439.0    -9783.7     18.9     17.5     25.1 2021  2 22 20 16  9.000  0.98   1
     1478  54.799752 -161.679085    34.364     6345.6   -33567.7    15324.6     84.7     40.7     68.7 2021  2 22 22 18 15.100  1.52   1
     1488  55.396769 -161.733838    19.279     2816.5    32895.1      239.7     22.5     33.8     13.0 2021  2 23 12 29 16.040 -0.11   1
     1493  54.642655 -161.433691    12.848    22111.4   -51056.4    -6190.9     11.9      8.9     12.5 2021  2 23 20  3 57.320  2.87   1
     1500  54.907808 -161.365739    32.247    26386.9   -21538.4    13208.4     17.9     13.5     31.3 2021  2 23 22 41 49.920  1.99   1
     1502  55.100749 -161.585286    12.066    12309.4      -59.3    -6973.3     14.8     13.7     20.5 2021  2 23 23 36 55.900  1.07   1
     1510  54.862138 -161.292318    30.942    31102.5   -26622.6    11903.4     15.6     17.0     33.2 2021  2 24  2 36 40.740  2.08   1
     1513  55.328788 -161.765120     4.922      827.8    25327.1   -14117.4      9.5      8.6     14.4 2021  2 24  3 44 51.420  0.93   1
     1514  55.269495 -162.079997    12.085   -19228.8    18726.2    -6953.4     16.3     13.2     17.2 2021  2 24  3 45  8.730  0.63   1
      153  55.233818 -162.087240    11.849   -19698.9    14754.5    -7190.3     14.3     12.6     15.0 2021  1  4 18 37 14.700  0.42   1
      154  54.587679 -161.269857    30.167    32651.1   -57176.7    11127.6     11.8     10.3     31.1 2021  1  4 18 41 15.600  1.65   1
     1540  55.046293 -163.382992    14.106  -102512.4    -6121.6    -4932.5     27.8     60.8     50.8 2021  2 24 17 41 27.000  1.66   1
     1543  55.505729 -161.868392    28.859    -5732.9    45025.0     9820.1     40.2     33.7     18.6 2021  2 24 19 10 27.800  0.33   1
     1544  54.988367 -161.396094    31.511    24420.2   -12570.2    12472.5     17.9     18.0     31.4 2021  2 24 19 51 27.800  1.58   1
     1548  55.084391 -163.308350    13.887   -97698.2    -1880.3    -5152.3     15.2     29.1     12.8 2021  2 24 20 59 31.300  1.74   1
     1551  55.040820 -161.754395    18.868     1515.9    -6730.9     -170.6     18.8     13.7     15.8 2021  2 25  2  4 18.030  1.17   1
     1552  55.155558 -161.762760    23.984      980.1     6042.3     4945.1     31.4     19.7     23.8 2021  2 25  2  4 37.270  1.22   1
     1553  54.977209 -162.196647     3.091   -26756.5   -13812.3   -15947.0     22.5     19.3     31.8 2021  2 25  3 22  5.790  1.67   1
     1560  55.047697 -161.597803     4.556    11518.1    -5965.3   -14482.8     13.8     10.5     13.6 2021  2 25  7 39 13.870  0.78   1
     1568  55.098153 -162.061491    13.731   -18088.6     -348.3    -5308.0     35.4     68.4     38.7 2021  2 25 15 59 56.610  0.52   1
      157  54.586943 -161.267448    27.276    32806.1   -57258.7     8237.3      6.9      6.2     30.7 2021  1  4 19 48  7.600  2.60   1
     1572  54.597542 -161.259440    30.886    33316.2   -56078.6    11847.2     13.5     12.2     33.5 2021  2 25 18 54 43.360  1.57   1
      158  54.996224 -162.298307    13.100   -33247.8   -11695.5    -5939.2     12.4     11.6     20.7 2021  1  4 20 44 36.960  2.96   1
     1581  55.011226 -161.351090    31.057    27289.1   -10025.4    12017.8     11.7     13.0     19.7 2021  2 26  9  3 54.340  1.99   1
     1585  54.585038 -161.260173    29.118    33274.3   -57470.6    10079.1     11.3      9.7     31.3 2021  2 26 12  9  8.560  1.97   1
      159  54.975854 -162.342822    12.856   -36102.2   -13963.2    -6182.6      9.7      8.1      8.4 2021  1  4 20 44 47.420  3.35   1
     1590  55.476070 -162.015039    28.799   -15052.1    41723.2     9760.4     29.5     30.6     13.4 2021  2 26 19  0 39.760  0.27   1
     1591  55.096403 -161.382943    24.369    25226.9     -543.1     5329.7     25.0     19.5     19.8 2021  2 26 19 39 49.120  0.92   1
     1598  55.083459 -161.631266    17.411     9376.4    -1984.1    -1628.0     19.9     18.9     21.5 2021  2 27  0  6 44.230  1.22   1
      160  55.182780 -161.780371     9.279     -143.2     9072.8    -9759.8     14.7     20.3     13.8 2021  1  4 21 22 34.520  0.99   1
     1602  55.084363 -161.892367     9.577    -7293.8    -1883.5    -9462.0     27.8     22.3     27.2 2021  2 27  6 44 11.470  1.03   1
     1608  55.195740 -161.933187     3.887    -9886.3    10515.5   -15152.0     12.0     15.0     23.5 2021  2 27  9 20 25.210  0.83   1
     1612  54.949312 -161.678385    12.089     6378.6   -16917.9    -6949.9     20.0     17.2     27.7 2021  2 27 15 30 31.160  1.03   1
     1627  54.970829 -161.423242    33.356    22689.8   -14522.6    14316.8     18.1     18.8     18.5 2021  2 28  6 21  3.480  2.16   1
     1632  55.096899 -161.223454    33.633    35407.8     -487.9    14593.7      8.5     13.3     15.2 2021  2 28  8 10 21.870  1.67   1
     1644  54.491927 -163.172949     1.148   -89709.2   -67836.2   -17891.3      8.4      7.6      7.8 2021  2 28 22  8 55.420  2.34   1
     1646  55.376628 -161.831071     6.095    -3368.1    30652.8   -12943.6     22.7     17.0     13.7 2021  2 28 22 59 50.600  0.81   1
     1647  54.770325 -161.227751    34.190    35276.3   -36843.7    15151.3     19.7     24.5     33.7 2021  3  1  4 28 55.900  2.15   1
     1652  55.023226 -161.373584    30.904    25847.9    -8689.5    11865.0     16.8     19.9     23.9 2021  3  1 15  0  4.050  2.37   1
     1654  54.902454 -160.889665    14.798    56852.8   -22134.5    -4240.3     28.3     29.2     34.7 2021  3  1 20 37 56.640  1.33   1
     1657  55.126265 -161.617839    23.571    10228.3     2781.3     4532.6     25.6     29.7     25.5 2021  3  2  1 54 25.150  1.32   1
     1661  54.922689 -162.210368     5.272   -27652.4   -19881.8   -13766.9     15.8     12.5     23.9 2021  3  2 13 18  6.080  1.04   1
     1662  55.065422 -161.614079    18.293    10476.1    -3992.1     -746.2     19.2     21.1     16.8 2021  3  2 14 45 35.910  1.58   1
     1671  55.235103 -160.932650    31.776    53878.6    14897.7    12737.3     26.8     49.8     57.4 2021  3  3 12 32  3.630  2.21   1
     1676  55.055916 -161.607780     0.113    10879.6    -5050.3   -18926.3     36.1     31.5     28.6 2021  3  3 22  9  2.360  1.13   1
     1678  55.227405 -161.744613     2.805     2135.8    14040.6   -16233.6     12.5      9.2     11.2 2021  3  4  0 35 13.270  3.42   1
     1680  54.605823 -161.443408     8.429    21497.4   -55156.8   -10610.2     25.8     19.3     24.6 2021  3  4  0 38 11.150  3.52   1
     1684  55.314486 -161.748258     6.261     1901.4    23734.9   -12777.8     19.6     27.3     32.2 2021  3  4  0 44 32.450  0.64   1
       17  55.125948 -161.920199     9.815    -9066.1     2746.0    -9224.2     10.2     11.0     15.5 2021  1  1 17 17 19.000  1.75   1
      170  54.870707 -161.844645     1.415    -4258.3   -25668.6   -17623.8     22.1     20.4     23.4 2021  1  5  1 54 41.470  1.03   1
     1703  54.492314 -161.741211    11.341     2374.1   -67793.2    -7697.8     13.0      8.8     10.1 2021  3  4  9 38 50.260  2.25   1
     1704  54.489709 -161.719092    10.754     3796.9   -68083.1    -8284.4     14.0      7.2      8.6 2021  3  4  9 42 51.260  2.04   1
     1706  55.011601 -161.511605    22.867    17031.6    -9983.7     3828.1     18.6     17.7     19.8 2021  3  4 12 59  4.700  1.40   1
     1709  55.358240 -161.975456    31.028   -12555.7    28605.8    11989.3     47.4     29.6     23.7 2021  3  4 13 55  2.390  0.66   1
      172  54.977804 -161.712386    19.393     4202.7   -13746.2      354.1     20.6     23.8     23.6 2021  1  5  3 43 56.380  2.04   1
     1720  54.908972 -161.201481    15.114    36896.6   -21408.8    -3924.5     24.5     29.4     41.8 2021  3  4 19 53 29.960  2.38   1
     1722  55.264156 -160.979102    47.386    50899.9    18131.9    28346.8     18.1     31.6     26.6 2021  3  4 20 37 48.760  2.44   1
     1729  55.355717 -162.552620     1.874   -49281.0    28324.9   -17164.6     44.5     41.6     47.3 2021  3  4 23 56 31.360  1.93   1
      173  54.526074 -162.378255    19.710   -38581.6   -64034.8      670.7     48.9     22.4     28.8 2021  1  5  4 32 55.230  1.62   1
     1738  55.322709 -161.790055     1.257     -759.4    24650.3   -17782.3     20.6     13.9     25.1 2021  3  5  0 46 13.720  1.50   1
     1741  55.137508 -161.763867    10.159      909.7     4032.9    -8879.8      8.6     18.1     25.0 2021  3  5  4  3 28.830  1.34   1
     1748  55.022546 -161.773438    19.924      299.5    -8765.2      884.7     15.5     11.7     14.9 2021  3  5 16 11 27.520  2.40   1
      175  55.117924 -161.733105    24.190     2873.1     1852.7     5150.6     17.1     21.2     19.3 2021  1  5  4 57 50.210  1.82   1
     1751  55.010531 -161.619434    24.519    10141.1   -10102.8     5480.2     21.6     18.3     14.0 2021  3  5 18 53  2.780  1.72   1
     1762  55.348332 -161.719515    20.388     3729.7    27502.8     1349.5     17.6     29.7     12.3 2021  3  6  0 58 42.500  2.01   1
     1772  54.934143 -162.247510     3.670   -30024.2   -18606.7   -15368.8      7.0      8.2     11.4 2021  3  6 12  6 39.940  0.93   1
     1776  55.107284 -161.766748    17.605      726.2      668.1    -1433.6     16.7     15.8     17.8 2021  3  6 12 34 33.970  1.87   1
     1782  54.617244 -161.319580    31.073    29446.1   -53885.3    12033.9     18.5     13.5     32.2 2021  3  7  8 56 49.900  1.51   1
     1791  54.762996 -161.021924    29.454    48473.2   -37659.5    10415.2     15.2     14.7     43.1 2021  3  7 12 44 28.780  2.36   1
      180  54.450456 -161.689046    11.136     5732.1   -72453.0    -7903.2     27.1     10.3     18.9 2021  1  5 14 13 57.050  2.04   1
     1800  54.584871 -161.301481    11.738    30620.6   -57489.2    -7301.4     16.6     14.9     14.1 2021  3  7 23 31 54.600  2.56   1
     1801  55.380717 -161.753304    16.639     1578.9    31108.0    -2400.4     40.8     37.8     39.5 2021  3  7 23 58 41.000  1.62   1
     1802  55.144503 -161.247689    32.399    33840.7     4811.6    13360.0     10.0     15.0     19.0 2021  3  8  0  1 45.660  1.37   1
     1803  55.061540 -160.945768    34.759    53157.5    -4424.3    15719.9      9.0     15.4     17.4 2021  3  8  0  1 53.910  2.25   1
     1813  55.101095 -161.789746    12.011     -741.8      -20.8    -7027.8     17.1     11.2     14.7 2021  3  8  9 53  8.660  1.23   1
     1818  55.175212 -161.801074    19.003    -1463.6     8230.2      -35.6     26.2     18.7     21.0 2021  3  8 19 54 55.400  2.09   1
     1822  54.572282 -161.308805    13.161    30154.8   -58890.7    -5878.1     19.5     12.7      9.2 2021  3  8 22 56 20.960  1.57   1
     1823  55.352376 -161.864274     7.090    -5481.9    27953.0   -11949.2     14.1     21.1     13.9 2021  3  9  5 24  8.420 -0.07   1
     1824  55.430489 -161.166439    40.411    38885.0    36648.9    21371.9     18.6     28.8     27.4 2021  3  9  5 25 56.450  1.50   1
     1826  55.322461 -161.715934     7.040     3958.8    24622.7   -11999.0     16.9     15.8     24.8 2021  3  9  6 12  3.170  1.22   1
      183  54.531466 -162.470980     9.991   -44539.8   -63434.6    -9047.4     33.1     17.6     21.2 2021  1  5 19 35 57.360  2.51   1
     1834  54.957190 -161.611100    16.666    10680.7   -16041.0    -2372.8     17.4     20.6     34.9 2021  3  9 11 47  7.090  2.25   1
     1836  55.042566 -161.748242    23.306     1908.9    -6536.5     4266.9     28.0     26.1     25.5 2021  3  9 15 28 26.520  1.02   1
     1837  54.609184 -161.284066    24.729    31729.9   -54782.7     5689.9     14.3     12.7      9.9 2021  3  9 15 59 56.200  1.96   1
     1848  54.476839 -163.170996     1.804   -89600.2   -69515.9   -17235.4     10.0      8.9      9.2 2021  3 10  6 53 14.950  1.84   1
     1850  54.972522 -162.261963     0.832   -30934.0   -14334.1   -18206.5      9.2     12.1     11.2 2021  3 10  7 15 44.300  1.55   1
     1854  55.192940 -162.022754    27.092   -15597.4    10203.9     8053.1     15.7     21.0     23.4 2021  3 10  8 52 57.000  0.82   1
     1855  54.946139 -161.332161    17.018    28521.8   -17271.3    -2020.8     20.4     15.1     10.6 2021  3 10  9 15 17.810  0.84   1
     1856  55.167684 -161.828011    16.190    -3181.7     7392.2    -2848.6     26.6     17.8     28.8 2021  3 10  9 15 41.680  0.51   1
     1858  55.299141 -161.655192    16.254     7827.7    22026.7    -2785.1     10.9     15.3     13.3 2021  3 10 18 24 35.260  0.37   1
     1861  55.019181 -162.295866     4.595   -33082.3    -9139.8   -14443.8     28.7     20.8     25.8 2021  3 10 23 39 17.520  1.55   1
     1863  54.956075 -161.348047    33.329    27502.5   -16165.1    14290.4     12.3     17.9     25.9 2021  3 11  5 14 38.290  2.04   1
     1868  55.057686 -161.457357     3.002    20486.5    -4853.2   -16037.1     17.1     17.8     16.5 2021  3 11  6  3 33.370  2.16   1
     1875  54.562777 -162.077165    46.940   -19216.2   -59948.9    27901.1     27.1      7.5     13.5 2021  3 11 13  8 23.810  1.79   1
     1876  55.013127 -161.572152    19.106    13162.2    -9813.8       67.4     19.7     20.2     27.4 2021  3 11 19 52 43.600  0.49   1
      188  55.127604 -161.568490     1.666    13377.1     2930.3   -17373.3     21.3     14.8     17.3 2021  1  5 23 35 40.720  2.17   1
     1880  54.958887 -162.446517    16.989   -42740.6   -15852.1    -2050.0     25.2     20.1     23.2 2021  3 11 23 53  2.980  1.51   1
     1881  55.250582 -162.250977     0.805   -30127.0    16620.8   -18233.5     72.9     35.9     68.0 2021  3 15  0 56  4.510  0.80   1
     1883  55.308919 -161.705794     5.847     4605.1    23115.2   -13192.0      7.7      6.7     10.9 2021  3 15  2 35  5.030  1.32   1
     1885  55.070972 -161.530339    22.545    15822.7    -3374.3     3506.3     17.2     18.7     24.6 2021  3 15  3 36 22.040  1.43   1
     1889  54.576363 -162.580176    16.142   -51530.8   -58436.4    -2896.9     11.6     10.7     29.7 2021  3 15  4 11 52.080  1.66   1
     1894  55.119307 -162.342546    31.845   -36020.1     2006.7    12806.0     17.2     20.3     10.9 2021  3 15  6 19 53.350  1.28   1
     1896  55.296403 -161.659928     5.395     7526.4    21721.8   -13643.7      8.4      9.0     19.1 2021  3 15  8 34 48.080  1.21   1
     1903  54.817725 -162.434294    23.308   -42032.5   -31566.9     4269.0     29.5     22.5     15.6 2021  3 15 13 52 50.600  1.56   1
     1905  55.899650 -160.568115    11.198    76467.7    88878.1    -7840.4     62.7     75.2     57.9 2021  3 15 13 58  5.000  2.29   1
     1906  55.865995 -160.567480     9.428    76540.3    85131.5    -9610.7     62.0     77.0     57.9 2021  3 15 14  1 39.780  1.63   1
     1909  55.265560 -161.996956    13.878   -13939.9    18288.2    -5160.5     26.0     23.7     24.2 2021  3 15 19  9 48.960  0.41   1
     1916  55.322738 -162.085758    12.877   -19582.7    24653.5    -6161.5     39.0     48.9     41.8 2021  3 16  3  5 32.610  1.50   1
     1920  54.754631 -161.420361    54.500    22935.3   -38590.8    35461.1     20.4     18.5     21.0 2021  3 16  9 17 34.970  3.29   1
     1922  54.687826 -161.381722    44.175    25433.4   -46027.9    25136.5     26.7     26.2     34.1 2021  3 16 10 40 11.180  1.61   1
     1928  55.151794 -162.660238    41.861   -56271.8     5623.3    22821.7     52.0     53.9     42.6 2021  3 16 18 42 43.780  3.13   1
     1932  54.968538 -162.199935     0.947   -26969.6   -14777.6   -18091.7     19.2     20.4     16.9 2021  3 16 22 23 17.680  0.78   1
     1950  54.983386 -161.904411     4.479    -8072.9   -13124.7   -14560.2     36.7     13.6     21.5 2021  3 17 17 25 48.880  0.81   1
     1952  54.858614 -162.664648    32.676   -56759.7   -27014.9    13637.1     20.7     20.5     25.6 2021  3 17 18  2 20.460  1.45   1
     1953  54.838652 -161.247852    30.102    33959.2   -29237.2    11062.9     15.4     17.2     31.5 2021  3 17 19 20 28.680  1.43   1
     1955  54.524919 -161.331771     7.023    28695.9   -64163.5   -12015.8     21.1     16.9     29.9 2021  3 17 19 45 17.280  1.73   1
     1959  55.159741 -161.913639     4.388    -8643.9     6508.0   -14650.5     12.3      8.4     19.2 2021  3 17 21 50 12.840  0.78   1
     1961  54.572111 -161.344792    13.349    27842.6   -58909.8    -5690.4     17.0     17.7     12.2 2021  3 17 22  3 42.820  1.10   1
     1963  54.462960 -162.849040     8.302   -68901.2   -71061.0   -10736.7     31.4     22.2     32.7 2021  3 17 22 42 26.960  1.90   1
     1965  55.265568 -162.181104    11.111   -25670.4    18289.1    -7928.1     61.0     37.2     46.6 2021  3 17 23  0 33.240  1.28   1
     1969  55.196407 -162.284115    15.679   -32260.2    10589.8    -3360.1     22.0     26.0     32.8 2021  3 18  0 14  0.410  1.28   1
      197  55.086397 -161.570215    29.531    13273.8    -1657.0    10491.8     17.3     22.9     33.6 2021  1  7  2 55 29.890  2.19   1
     1973  54.839071 -161.169857    52.990    38953.8   -29190.6    33951.3     24.7     28.3     29.5 2021  3 18  1 31 29.980  1.25   1
     1975  55.454016 -161.870785    31.054    -5888.6    39268.0    12015.3     25.2     21.7     13.5 2021  3 18  2 45 38.950  0.99   1
     1981  54.795406 -162.913363     5.504   -72740.6   -34051.5   -13534.4     15.2     19.8     17.3 2021  3 18  6 26 27.680  1.02   1
     1983  54.482227 -162.073486    13.529   -18998.7   -68916.1    -5510.1     25.1      9.8     13.7 2021  3 18  7 22 24.300  1.24   1
     1984  55.034631 -161.335449     8.352    28280.4    -7419.8   -10686.5     31.8     36.5    113.6 2021  3 18  8  6 48.940  0.87   1
     1986  55.031140 -161.706445    20.061     4579.5    -7808.5     1021.9     41.4     68.0     65.8 2021  3 18  8 24 14.020  1.39   1
     1991  55.221216 -161.650618    12.309     8126.9    13351.6    -6730.4     17.5     18.0     25.9 2021  3 18 12 20 29.880  1.12   1
     1995  55.165535 -161.921924     5.374    -9171.7     7153.0   -13664.5     23.7     18.0     23.5 2021  3 18 14 36 19.100  0.66   1
     1996  54.589067 -161.238574    31.990    34660.1   -57022.2    12951.0     10.9      8.6     22.6 2021  3 18 15 25 37.380  1.11   1
     2001  54.491927 -163.154443     0.431   -88518.9   -67836.2   -18607.7     10.3      9.5      7.7 2021  3 18 19 35 43.440  1.69   1
     2006  55.308289 -161.562240    10.162    13744.9    23045.0    -8876.4      8.6      9.7     14.2 2021  3 18 20 15  0.400  0.39   1
     2011  54.772807 -160.710856     9.473    68404.6   -36567.4    -9566.3     68.8     69.3     59.3 2021  3 19  2 17 27.950  1.93   1
     2014  54.982780 -162.367643     6.242   -37685.8   -13192.2   -12796.6     18.4     16.7     19.5 2021  3 19  6  2 53.140  0.50   1
     2017  55.081148 -161.717643    16.694     3861.7    -2241.4    -2345.0     15.1     14.1     15.5 2021  3 19  7 15 23.960  1.19   1
     2029  55.499133 -161.763086    17.447      955.2    44290.7    -1591.7     15.4     15.3     14.7 2021  3 19 20  1 37.500  0.94   1
     2034  55.308525 -160.600537    35.297    74973.9    23071.2    16257.6     15.9     51.5     38.1 2021  3 20 10 26 13.060  1.96   1
      204  55.118026 -161.474137    23.704    19400.2     1864.0     4664.7     23.4     19.1     23.2 2021  1  7  8 46 37.580  1.86   1
     2042  55.139689 -162.166976     4.798   -24809.3     4275.7   -14240.6     14.0     31.6     17.9 2021  3 20 15 40 56.760  0.89   1
     2044  55.250960 -162.063118    16.945   -18157.8    16662.9    -2094.2     21.0     17.8     20.8 2021  3 20 18 46 11.200  1.24   1
      205  55.365348 -161.729508     7.424     3093.1    29397.1   -11615.3     12.5     19.3     11.8 2021  1  7 11 45 28.180  1.30   1
     2050  55.171663 -161.516325    17.726    16696.6     7835.2    -1312.5      9.9     12.7     15.6 2021  3 21  1 15 13.670  2.08   1
     2053  54.774434 -160.997380    33.795    50039.4   -36386.2    14755.8     15.0     17.4     32.8 2021  3 21  4 51 43.430  1.68   1
     2054  55.178076 -161.917529     6.919    -8890.0     8549.1   -12119.5     19.1     10.3     26.1 2021  3 21  4 52 15.430  1.07   1
     2055  55.265149 -161.618799     5.028    10149.4    18242.5   -14011.3     18.1     16.6     33.6 2021  3 21  6 20 17.800 -0.04   1
     2056  54.525224 -161.561654    13.989    13916.8   -64129.5    -5049.6     26.1     17.9     62.0 2021  3 21  9 13 37.170  1.64   1
     2057  54.503752 -162.336328    40.191   -35896.0   -66519.9    21152.4     28.1     13.1     32.0 2021  3 21 13 30 53.040  1.63   1
     2059  54.594194 -162.338753    61.483   -36011.8   -56451.4    42444.6     15.1      8.7      8.8 2021  3 21 15 28  4.810  2.32   1
     2071  55.326567 -161.964990     9.397   -11894.5    25079.8    -9642.0     22.3     17.5     14.6 2021  3 22  0 36 28.590  0.81   1
     2081  55.293888 -161.672998     5.527     6694.4    21441.9   -13512.0      8.7      8.1     14.2 2021  3 22  8 42  5.840 -0.03   1
     2082  54.903337 -161.393978    19.162    24581.4   -22036.2      122.8     18.4     17.7     24.0 2021  3 22  9  3 51.680  0.90   1
     2083  55.161214 -161.901286     5.804    -7855.8     6672.0   -13234.7     22.8     18.2     13.0 2021  3 22  9 21 56.940  0.61   1
     2085  55.380082 -162.721387     4.371   -60001.2    31037.4   -14667.9     21.6     29.8     30.9 2021  3 22 11  6 42.830  1.46   1
     2089  54.986019 -161.506868    32.400    17339.8   -12831.6    13361.6     16.9     13.7     19.1 2021  3 22 14 47 22.280  1.92   1
     2092  54.992965 -161.532601    31.747    15693.5   -12058.4    12708.5     13.3     18.0     13.5 2021  3 22 18 44  2.120  3.44   1
     2093  55.074524 -161.737126    23.405     2618.0    -2978.8     4365.7     21.7     16.5     16.9 2021  3 22 19  0 32.180  1.23   1
     2099  54.650753 -161.348926    12.406    27550.3   -50155.0    -6633.0     16.2     15.7     16.1 2021  3 23 11 28  4.430  2.69   1
     2102  55.243620 -161.596826     3.690    11552.2    15845.7   -15348.8     14.0     14.9     22.4 2021  3 23 15 12  4.800  0.41   1
     2110  55.035807 -161.606868    29.409    10940.6    -7288.9    10369.7     52.3     94.5     99.8 2021  3 23 21 20 35.960  1.70   1
     2116  55.293852 -161.845215    13.033    -4272.2    21437.8    -6005.6     15.0     21.8     19.5 2021  3 24  1 48  0.030 -0.05   1
     2118  55.412887 -162.777376     1.886   -63536.6    34689.3   -17153.0     24.2     24.2     25.0 2021  3 24  6 47 10.370  1.57   1
     2126  55.286601 -161.533545     4.323    15576.0    20630.6   -14716.3     14.6     15.9     26.0 2021  3 24 16 19 46.180  0.79   1
     2132  54.588981 -161.304834    31.398    30403.7   -57031.7    12359.0     10.5     13.9     30.6 2021  3 25  4 23  3.040  1.78   1
     2136  55.489152 -161.439893    30.508    21485.7    43179.5    11468.7     27.2     35.4     39.1 2021  3 25 13 25 39.070  1.67   1
      214  55.364754 -161.768359     3.563      621.3    29331.0   -15476.1     13.7     20.4     15.4 2021  1  7 18 28  9.440 -0.26   1
     2140  55.137878 -161.700439    13.335     4956.6     4074.1    -5703.9     19.0     17.2     20.9 2021  3 25 15 24 59.570  0.65   1
     2141  55.155042 -161.369727     0.753    26051.5     5984.8   -18286.1     16.2     15.1     12.0 2021  3 25 15 25 42.300  0.62   1
     2147  54.785384 -161.243929    21.713    34233.0   -35167.2     2674.5     49.6     39.8     40.8 2021  3 25 20 12  8.900  1.75   1
     2148  55.088879 -161.410628    15.863    23461.8    -1380.7    -3175.7     14.7     11.1     37.3 2021  3 25 20 12 29.960  1.32   1
     2164  55.792643 -160.531624     9.741    78880.3    76965.6    -9297.4     62.3     85.4     61.7 2021  3 26  7 17 29.010  1.57   1
     2179  54.987085 -162.368522    11.719   -37740.0   -12712.9    -7319.8      7.2      7.7      8.8 2021  3 26 13 35 21.170  0.89   1
      218  55.358374 -161.682210     5.984     6102.8    28620.7   -13055.2      7.5     12.7      8.9 2021  1  7 19 35  6.920  0.84   1
     2181  55.094958 -161.693148    17.118     5424.7     -703.9    -1920.4     15.4     12.9     17.2 2021  3 26 13 52 23.460  1.18   1
     2189  54.829102 -162.053564     1.247   -17641.5   -30300.4   -17791.8      9.3      8.2      9.7 2021  3 26 16 13  1.530  0.96   1
      219  55.339091 -161.378451    19.659    25436.5    26474.0      620.5     14.4     35.2     21.0 2021  1  7 19 36 15.440  0.75   1
     2192  55.070614 -162.504248    24.838   -46367.8    -3414.1     5798.8     29.1     29.4     20.7 2021  3 26 16 29 34.580  1.28   1
     2199  55.009180 -161.410335    32.220    23503.8   -10253.2    13180.8     14.8     16.0     21.2 2021  3 26 18 15 44.540  1.40   1
     2204  55.333797 -163.029215    37.332   -79628.5    25884.7    18293.4     34.1     46.1     61.0 2021  3 26 22 11 49.720  1.81   1
     2205  54.588505 -161.473747    12.403    19553.0   -57084.7    -6635.5     18.0     11.1     11.2 2021  3 27  2 37 52.060  1.34   1
     2206  55.060071 -161.935482     7.909   -10049.6    -4587.8   -11129.7     15.3     15.1     24.9 2021  3 27  2 38 25.410  1.07   1
     2208  55.464941 -161.863623    27.297    -5432.8    40484.3     8258.1     29.6     28.9     17.1 2021  3 27  3 18 55.000  0.57   1
     2210  54.562821 -161.329525    30.618    28826.9   -59943.9    11579.4     15.5     10.3     26.1 2021  3 27  6  0 41.100  1.55   1
     2211  55.318180 -161.715706     5.904     3973.5    24146.2   -13134.8      5.6      5.8      5.3 2021  3 27  8 25 39.590  1.40   1
     2216  55.274337 -161.055941    43.197    45999.2    19265.3    24157.8     13.1     39.1     18.6 2021  3 27 14  2  7.920  1.88   1
     2217  55.221228 -161.765723     9.131      790.5    13353.0    -9907.5      9.3      6.8     14.9 2021  3 27 14  2 48.190  1.28   1
      222  55.072388 -161.633398    13.273     9241.5    -3216.6    -5765.7     17.2     11.4     16.6 2021  1  7 22 11 19.780  1.05   1
     2226  55.370833 -161.721061    17.275     3630.3    30007.8    -1763.5     24.0     21.3     18.5 2021  3 28  3 51 46.130  0.26   1
     2227  54.558207 -161.248356    13.256    34044.7   -60457.6    -5782.8     15.2     11.8     11.4 2021  3 28  4 40 17.120  1.62   1
      223  54.603678 -161.262842    28.110    33095.2   -55395.5     9071.0      8.7      8.8     29.5 2021  1  7 23 38 36.720  2.69   1
     2230  55.317285 -161.619434    20.056    10102.4    24046.5     1017.0     21.8     33.0     20.1 2021  3 28  6 37 38.220  0.36   1
     2231  54.928389 -162.225928     2.665   -28645.8   -19247.2   -16374.2     12.5      9.7     12.6 2021  3 28  7 52 29.070  2.21   1
     2233  55.212301 -161.973633    15.660   -12462.4    12359.1    -3379.0     47.6     27.3     37.3 2021  3 28  8 39  0.200  0.49   1
     2238  54.495109 -161.528467     8.960    16056.3   -67482.0   -10079.4     36.1     25.4     28.7 2021  3 28  9 59 10.720  2.54   1
      224  54.980501 -161.295052    35.642    30882.0   -13445.8    16603.3     11.7     13.6     32.9 2021  1  8  0 22 44.610  2.08   1
     2240  55.320203 -161.893766    17.898    -7361.5    24371.3    -1141.2     29.0     33.4     19.2 2021  3 28 11  5 13.640  1.17   1
     2243  54.890234 -161.228809    33.384    35156.2   -23494.8    14345.5     15.6     20.9     33.0 2021  3 28 14  0 32.920  1.85   1
     2244  54.913354 -162.193799     2.076   -26595.5   -20920.9   -16962.9      7.8     10.7     13.0 2021  3 28 15 23 35.070  1.16   1
     2245  54.864596 -162.208577     0.788   -27557.7   -26349.0   -18251.4     21.3      8.4      8.1 2021  3 28 15 23 47.910  1.68   1
     2258  55.333940 -161.666390     7.333     7111.6    25900.6   -11705.7      9.9     12.4     19.9 2021  3 30  2 26 59.060  1.62   1
     2259  54.605155 -161.194775    11.622    37466.2   -55231.1    -7416.8     19.4     19.4     18.2 2021  3 30  3 18 50.880  1.53   1
     2260  54.519120 -161.140788    36.837    40977.1   -64809.0    17797.8     34.5     32.7     67.5 2021  3 30  3 36 20.850  1.73   1
     2269  54.503487 -162.548958    15.451   -49569.7   -66549.3    -3587.4     38.2     21.1     37.1 2021  3 30 15  6 53.160  1.87   1
      227  55.142293 -161.617008    28.239    10279.2     4565.6     9200.1     31.9     29.6     37.9 2021  1  8  0 53 59.840  1.89   1
     2276  55.322660 -161.410856    33.944    23378.9    24644.9    14904.7     25.0     31.4     28.3 2021  3 31  1 17 22.640  2.47   1
      228  54.828442 -160.830111    31.861    60719.3   -30373.8    12821.8     14.8     16.2     38.5 2021  1  8  0 53 55.350  2.16   1
     2282  54.999259 -161.675098    24.147     6584.8   -11357.6     5108.1     25.9     18.0     14.6 2021  4  1 16 25 50.050  1.16   1
     2286  55.153015 -160.901270    71.417    55935.6     5759.2    52378.5     21.3     31.3     23.0 2021  4  2  0 36  6.520  2.25   1
     2295  54.660787 -162.600716    12.312   -52795.5   -49037.9    -6726.6     18.8     16.6     23.6 2021  4  2 11 51 29.560  1.22   1
     2308  55.199601 -161.509082     2.488    17152.6    10945.4   -16550.9     15.4     14.3     15.1 2021  4  3  3 40  1.040  0.79   1
     2312  54.782845 -161.200228    30.700    37034.6   -35449.9    11660.9     12.7     13.9     31.4 2021  4  3  5 56 27.620  2.25   1
     2318  55.383122 -161.761800     8.922     1038.4    31375.8   -10117.2     18.5     22.7     14.7 2021  4  3  9 15 36.720  0.09   1
     2322  54.894462 -161.928206     1.388    -9604.7   -23024.1   -17649.7     23.0     23.4     25.5 2021  4  3 12 42 23.080  0.95   1
     2323  54.564970 -161.608545    11.595    10896.9   -59704.8    -7443.9     21.3     16.3     18.1 2021  4  3 12 42 24.150  1.14   1
     2325  54.638057 -160.926449    10.016    54677.6   -51568.3    -9022.5     19.0     17.8     17.2 2021  4  3 14 58 12.570  1.52   1
     2328  54.957284 -162.265169     6.227   -31144.9   -16030.6   -12811.5     11.1      9.6     11.1 2021  4  3 16 54 37.750  1.36   1
     2331  55.049797 -161.317122    26.366    29445.7    -5731.6     7327.1     18.4     18.6     53.4 2021  4  3 18  4 24.800  1.57   1
     2334  54.495414 -162.940316    11.734   -74744.0   -67448.0    -7305.3     21.7     14.8     23.8 2021  4  3 19  1 14.080  1.40   1
     2335  55.351721 -161.983887    22.766   -13093.2    27880.1     3727.4     31.7     26.5     32.7 2021  4  4  2  0 31.060  0.85   1
     2341  54.958293 -162.167985     2.413   -24929.9   -15918.2   -16626.1      8.4     13.0     14.6 2021  4  4  7 15 59.730  0.78   1
     2343  55.312199 -161.694434     4.130     5328.2    23480.3   -14909.4     20.6     15.8     47.8 2021  4  4  7 41 17.630  0.62   1
     2348  54.713656 -161.140332    30.725    40908.1   -43152.4    11686.3     24.8     24.7     60.2 2021  4  4  9  4 30.340  2.62   1
      235  55.386084 -161.729883     4.498     3068.5    31705.5   -14541.1     12.5     17.4     22.6 2021  1  8  5 44 29.680  1.47   1
     2351  55.560262 -162.430322    23.053   -41392.9    51095.8     4014.0     30.3     25.8     35.4 2021  4  4 12 39 47.310  1.54   1
     2353  55.103927 -162.291943     5.561   -32797.1      294.4   -13477.4     26.2     23.0     21.2 2021  4  4 12 47 10.570  1.51   1
     2355  55.361601 -161.286458    37.846    31282.3    28979.9    18806.9     18.1     68.0     25.7 2021  4  4 14 44 30.330  1.21   1
     2359  54.979411 -162.349382     6.406   -36519.9   -13567.2   -12633.3     15.4     13.8     17.3 2021  4  4 16 51  4.390  0.61   1
     2361  55.377657 -162.464160    20.698   -43640.3    30767.4     1659.1     39.1     43.2     55.8 2021  4  4 17 43 37.320  1.53   1
     2365  55.132227 -161.732194     6.432     2930.7     3444.9   -12606.8     10.4      9.3     12.5 2021  4  4 19 45 27.260  0.46   1
     2366  55.306124 -161.717594     4.540     3853.9    22804.0   -14499.1     14.2     11.1      7.3 2021  4  4 21 17 28.340  0.24   1
     2369  54.562695 -161.031315     8.411    47989.8   -59958.0   -10627.7     21.6     22.7     27.1 2021  4  4 22 23 56.000  1.85   1
     2376  55.166553 -161.797331    29.892    -1224.9     7266.3    10852.8     49.2     25.8     30.2 2021  4  5  6 59 33.530  1.24   1
     2378  54.993518 -162.286133     0.650   -32470.8   -11996.8   -18389.0     13.0     10.9     10.7 2021  4  5 20 54 26.720  1.65   1
     2381  55.228308 -162.227214    15.873   -28621.0    14141.2    -3165.6     21.4     21.9     16.1 2021  4  5 21 22  5.160  0.53   1
     2383  55.142297 -161.905355     4.247    -8117.2     4566.1   -14791.9     17.7     10.9     18.7 2021  4  5 21 45 57.120  0.70   1
     2384  55.327291 -161.823551    14.764    -2891.5    25160.4    -4274.6     14.3     17.4     13.0 2021  4  5 21 46 13.400 -0.10   1
     2387  55.532674 -161.441113    13.755    21396.5    48024.6    -5284.1     34.2     45.4     21.2 2021  4  5 23  6 12.900  0.79   1
     2389  54.988232 -161.692074    17.405     5500.6   -12585.2    -1634.1     14.7     16.2     24.3 2021  4  5 23 15 39.920  1.11   1
      239  55.144067 -161.618229    25.482    10201.1     4763.1     6442.8     13.1     23.6     18.6 2021  1  8 10 31 29.280  1.82   1
     2393  54.495642 -161.809033    10.503    -1987.8   -67422.7    -8535.6     14.6      8.2      8.1 2021  4  6  2 29 11.560  1.67   1
     2396  55.570097 -161.596566     4.279    11521.6    52190.7   -14760.3     46.3     42.8     53.0 2021  4  6  5 51 59.670  1.17   1
     2404  55.326778 -161.847282    27.117    -4402.0    25103.3     8078.2     26.6     36.9     29.5 2021  4  6 12  0 16.940  0.42   1
     2406  55.120630 -161.903532    12.083    -8003.1     2153.9    -6956.4     16.5     12.5     13.8 2021  4  6 12 22 51.320  1.42   1
     2408  55.136983 -161.784847    15.168     -428.9     3974.5    -3870.6      4.8     10.5     12.9 2021  4  6 13  5 21.680  1.63   1
     2413  55.311548 -161.410726    15.510    23390.4    23407.8    -3529.2     28.4     38.6     47.0 2021  4  6 16  8 30.830  1.16   1
     2414  55.208671 -161.806592     6.894    -1814.7    11955.1   -12144.8     18.5     17.4     25.8 2021  4  6 16  8 56.720  1.09   1
     2415  55.315234 -162.447493    23.589   -42613.4    23818.2     4550.2     36.2     39.5     45.2 2021  4  6 17  3 39.680  1.64   1
     2417  55.263224 -162.246533    26.641   -29839.2    18028.2     7602.1     68.2    104.5    133.1 2021  4  6 17 23 56.500  0.40   1
     2419  55.234009 -162.120361    21.895   -21809.6    14775.8     2856.0     24.8     19.7     19.6 2021  4  6 17 54 39.500  0.90   1
     2430  55.240495 -161.426383    21.045    22413.5    15497.9     2006.4     13.9     18.3     17.8 2021  4  7  0 23  8.470  1.63   1
     2434  55.275505 -161.838037    19.685    -3816.0    19395.3      645.6     26.4     14.0     12.9 2021  4  7  3  3  1.320  0.42   1
     2437  55.012919 -162.339176    10.919   -35852.6    -9836.9    -8120.2     21.4     18.1     19.4 2021  4  7  5 21 24.330  1.39   1
     2439  54.907353 -160.736849    13.385    66627.4   -21589.1    -5654.0     36.6     54.5     44.3 2021  4  7  6 10 40.980  1.21   1
     2449  54.586426 -161.308854    11.679    30146.4   -57316.2    -7360.1     14.5     13.4     13.0 2021  4  7 14 31 21.220  1.16   1
     2452  55.020081 -162.308708     4.424   -33902.5    -9039.7   -14614.6     20.2     13.7     16.6 2021  4  7 19 33  8.000  1.52   1
     2455  55.118302 -161.940560     4.251   -10366.4     1894.8   -14787.4     13.3     15.2     18.2 2021  4  7 21 34 12.160  1.49   1
     2457  55.110360 -161.648763    12.279     8256.5     1010.6    -6759.4     22.5     17.0     26.5 2021  4  7 23 59 13.480  0.87   1
     2459  55.377795 -162.642708     0.751   -54998.1    30782.8   -18288.1     37.1     52.0     32.6 2021  4  8  0  8  6.870  1.70   1
     2461  54.733354 -160.953027    33.769    52908.9   -40959.5    14729.7     14.9     15.8     34.4 2021  4  8  6 13 37.220  2.84   1
     2464  55.167712 -161.922607     5.421    -9215.0     7395.4   -13617.5     17.0     17.1     10.6 2021  4  8  6 34 29.010  0.88   1
     2468  55.254692 -161.342350     2.692    27763.3    17078.3   -16347.1     16.6     21.3     19.5 2021  4  8  8 22 48.820  1.18   1
      247  55.195870 -161.525146     2.773    16129.2    10530.0   -16265.8     14.9     16.3     16.6 2021  1  8 13 37 34.090  0.87   1
     2470  55.343949 -161.683024     7.420     6052.1    27014.9   -11619.2     22.3     37.0     27.2 2021  4  8  8 26 22.030  0.22   1
      248  55.173014 -161.903320     6.310    -7984.4     7985.6   -12728.7     14.6      7.0     17.1 2021  1  8 13 48  1.810  1.55   1
     2484  54.587386 -161.397152    10.908    24473.8   -57209.3    -8131.3     14.4      9.4      8.0 2021  4  9  7  9  5.640  2.24   1
     2491  54.449072 -161.744141    13.870     2186.9   -72607.0    -5168.4     30.5     12.6     25.6 2021  4  9 10 54 41.650  1.24   1
     2493  54.427686 -161.471468     8.711    19738.5   -74987.9   -10328.1     16.9     14.7     16.3 2021  4  9 12 25 25.340  2.34   1
     2500  54.559037 -162.620671    15.752   -54144.2   -60365.2    -3287.1     11.6     10.2     29.5 2021  4  9 17 31 25.320  1.43   1
     2505  54.929610 -163.025911    12.013   -79819.2   -19111.3    -7026.3     25.4     39.6     64.0 2021  4  9 21 15  7.200  1.73   1
     2511  54.853682 -161.964372     3.363   -11925.2   -27563.9   -15675.8     14.5     11.6     18.4 2021  4 10  5  2 32.120  1.59   1
     2512  54.442989 -162.144906    56.264   -23604.0   -73284.2    37225.0     41.4     12.9     14.4 2021  4 10  7  1 58.970  1.90   1
     2516  55.125659 -162.334408    40.525   -35498.0     2713.8    21485.9     21.0     29.7     16.7 2021  4 10  9 41 55.700  2.49   1
     2517  54.591980 -161.293245    13.722    31147.0   -56697.9    -5317.3     12.0     12.4     11.7 2021  4 10 12 37 54.850  1.88   1
      252  55.412199 -160.643148    17.142    72167.3    34612.8    -1896.4      9.2     17.5     10.2 2021  1  8 17  2 42.800  1.77   1
     2527  55.221802 -161.756445    17.150     1381.8    13416.9    -1888.5     23.9     14.1     18.5 2021  4 10 21 17  4.660  0.46   1
     2531  55.005481 -162.443783     9.036   -42541.1   -10665.0   -10002.9     18.6     21.1     29.2 2021  4 11  5  0 43.940  1.67   1
     2532  54.913249 -162.643424    11.019   -55363.3   -20932.7    -8019.9     16.2     20.7     29.0 2021  4 11  5  0 55.400  1.79   1
     2541  54.598397 -161.270622    13.864    32597.6   -55983.5    -5175.0     10.0      9.8      8.0 2021  4 12  0 21 39.050  1.98   1
     2546  55.140352 -161.745752     8.804     2065.4     4349.5   -10234.5     15.9     20.1     46.7 2021  4 12  6 31 26.780  1.62   1
     2550  54.543119 -162.397493    52.423   -39810.0   -62137.3    33384.1     26.3     14.2     19.7 2021  4 12 14  8 29.100  2.10   1
     2551  54.615328 -161.514404    44.623    16935.6   -54098.7    25583.7     10.4      8.7     12.2 2021  4 12 15 41  5.600  1.45   1
     2552  55.092806 -160.379167    10.416    89308.1     -943.6    -8622.8     11.9     27.3     11.7 2021  4 12 15 47 39.630  1.46   1
     2554  54.958146 -162.244450     2.749   -29819.6   -15934.5   -16290.3      9.0      8.4     10.4 2021  4 12 17 26 46.580  1.18   1
     2557  55.368372 -161.720459    20.720     3668.7    29733.7     1681.6     19.5     40.6     12.0 2021  4 12 18 43 41.260 -0.03   1
     2565  55.305245 -162.024137    32.520   -15663.6    22706.1    13481.5     62.1     57.6     44.5 2021  4 13  5 39 55.260  0.56   1
     2566  54.912944 -161.594775    75.359    11731.1   -20966.7    56319.9     23.8     31.7     17.6 2021  4 13  6 28 53.840  1.39   1
      257  55.364229 -161.848291    16.888    -4464.2    29272.6    -2150.5     14.3     10.7     13.5 2021  1  8 18 58  2.720 -0.28   1
     2571  55.346716 -161.940755     5.800   -10349.3    27322.9   -13239.3     15.0     12.5     14.8 2021  4 13  7 38 27.280  0.23   1
     2574  55.358451 -161.774202     4.005      249.6    28629.3   -15033.9     14.2     12.0     12.9 2021  4 13  9 23 14.250  1.18   1
     2582  55.512402 -161.818750    31.083    -2579.9    45767.9    12044.6     19.8     23.6     15.7 2021  4 13 14 40 53.780  0.64   1
     2585  54.600736 -161.258968    13.472    33345.2   -55723.1    -5566.9      8.6      8.6      7.9 2021  4 13 19  5 24.400  1.49   1
     2586  55.656645 -161.740511    12.412     2384.3    61825.6    -6626.6     53.2     43.5     64.7 2021  4 13 19 12 57.720  0.67   1
     2589  55.339303 -161.869580    17.508    -5820.5    26497.6    -1530.5     22.1     17.2     11.5 2021  4 13 22 48  5.400  0.10   1
     2594  55.186190 -161.747591    18.200     1947.0     9452.4     -838.8     41.6     32.4     62.4 2021  4 14  4  2 17.690  0.46   1
      260  55.334497 -161.818815    13.823    -2589.8    25962.6    -5215.9     32.2     28.9     13.2 2021  1  8 21 38 15.600  0.19   1
     2600  55.297437 -161.056201    29.989    45969.4    21836.9    10950.4     22.7     24.7     54.7 2021  4 14  6 13 39.350  1.43   1
     2601  55.382324 -161.771956    35.396      392.4    31287.0    16357.4     45.8     42.7      8.1 2021  4 14  6 14  3.960  2.00   1
      261  54.998197 -161.607992    19.716    10873.9   -11475.8      677.1     14.0     15.3     18.3 2021  1  8 22 26 41.180  1.20   1
     2610  54.566007 -162.436279    36.916   -42291.1   -59589.2    17876.7     41.1     14.2     32.9 2021  4 14 11 29 11.100  1.41   1
     2624  55.127869 -161.904622    22.580    -8071.9     2959.8     3540.7     23.9     20.7     24.7 2021  4 14 18 31  3.280  0.30   1
     2628  55.103959 -161.819401    22.598    -2634.7      298.1     3559.2     29.2     18.8     24.6 2021  4 14 21 41 54.520  0.48   1
     2630  54.942033 -162.275309     4.890   -31799.3   -17728.3   -14149.0     14.5     12.9     13.8 2021  4 15  1 35  0.950  0.90   1
     2633  55.233162 -161.248356    23.416    33760.8    14681.6     4376.9      9.3     20.3     18.1 2021  4 15  9 18 20.680  1.52   1
     2636  55.263062 -161.540267    28.560    15152.4    18010.1     9520.9     19.6     22.8     22.8 2021  4 15 20 46 43.880  0.46   1
     2643  54.469889 -161.702767    11.728     4848.0   -70289.6    -7310.5     15.7     11.7     14.3 2021  4 16  2 36 18.520  1.70   1
     2656  54.837134 -161.239144    32.168    34517.5   -29406.2    13129.0      8.4     16.0     17.5 2021  4 16 18 38 25.040  1.78   1
     2659  55.232568 -162.089079    18.733   -19816.4    14615.4     -306.4     15.7     11.9     17.2 2021  4 16 19 46  4.080  0.63   1
     2665  54.885669 -160.892920    46.696    56656.3   -24003.0    27657.0     15.5     18.2     23.3 2021  4 17  1 13 18.740  1.82   1
     2677  55.362728 -161.629541    14.870     9453.5    29105.4    -4168.8     14.3     62.8     15.9 2021  4 17  6 49 56.330  0.13   1
     2679  54.912341 -161.470182    22.813    19702.9   -21033.7     3774.6     12.6     14.1     19.3 2021  4 17  7 53 43.830  1.87   1
      268  55.107800 -161.892822    13.760    -7320.8      725.7    -5278.8     18.9     13.7     11.8 2021  1  9  2 39 24.400  1.28   1
     2687  55.187113 -162.079264    10.448   -19201.8     9555.2    -8591.2      7.0     16.2     20.2 2021  4 17  8 43 26.010  1.55   1
     2688  55.331958 -162.007666    15.258   -14610.0    25680.0    -3780.7     26.7     24.8     24.9 2021  4 17  9 10 45.410  0.10   1
     2694  54.927474 -161.503288    22.824    17581.4   -19349.1     3784.7     11.2     11.7     11.7 2021  4 17  9 38  4.120  1.46   1
     2698  54.942269 -161.512744    23.456    16973.4   -17702.1     4417.1      9.5     13.8     11.6 2021  4 17  9 51 22.770  1.79   1
       27  54.979211 -162.931087     1.578   -73708.0   -13589.4   -17460.5     11.6     25.3      9.4 2021  1  2  0 27 55.440  2.41   1
     2701  55.348128 -161.832161     9.672    -3438.7    27480.1    -9367.3     29.0     23.7     17.3 2021  4 17  9 56 18.700  0.49   1
     2702  54.825732 -161.251465    31.104    33733.2   -30675.4    12065.4     19.0     22.6     17.8 2021  4 17 11 36 47.040  2.62   1
     2703  55.212044 -162.109408     9.706   -21117.3    12330.6    -9332.9     21.1      8.5     28.0 2021  4 17 11 37 15.470  2.45   1
     2708  54.471212 -163.120768     4.311   -86375.1   -70142.4   -14727.8      9.5      8.6     11.9 2021  4 17 16 11 43.130  1.25   1
     2712  54.847070 -161.403646    22.592    23979.5   -28300.0     3552.8     27.2     23.5     14.5 2021  4 17 17 39 28.560  0.95   1
     2713  55.168254 -161.954346     4.030   -11239.2     7455.6   -15009.0     15.1     14.3     13.4 2021  4 17 17 39 54.120  0.21   1
     2716  54.831482 -161.438965    28.550    21722.0   -30035.4     9511.3     22.6     23.0     27.6 2021  4 17 18 50 41.920  0.99   1
     2717  55.163586 -161.962256     4.575   -11744.4     6936.1   -14463.8     11.2     16.4     24.7 2021  4 17 18 51  7.560  0.49   1
     2720  55.623311 -161.964437    19.682   -11815.2    58114.8      643.2     54.3     18.8     27.5 2021  4 17 22 13 42.680  0.09   1
     2721  54.599292 -161.287126    14.015    31537.2   -55883.9    -5023.9     10.9     12.0     10.4 2021  4 17 23  4  5.220  1.21   1
     2722  55.506860 -161.448356    16.917    20943.4    45150.9    -2121.7     34.0     47.4     54.5 2021  4 17 23  7 17.760  0.68   1
     2725  55.131437 -161.694141     4.714     5358.9     3357.0   -14324.9     42.3     19.2     29.3 2021  4 18  1  8 14.120  1.27   1
     2729  55.290080 -162.072624    31.522   -18754.3    21017.9    12483.5     59.3     56.3     48.0 2021  4 18  2 19 58.740 -0.05   1
      273  55.065926 -162.360889     5.569   -37215.5    -3936.0   -13469.6     24.3     24.9     29.6 2021  1  9  5 23 33.320  1.49   1
     2732  54.831372 -161.787012     0.718     -569.2   -30047.6   -18320.6     17.5      9.5      8.3 2021  4 18  4 29 48.710  0.54   1
     2734  55.485616 -161.841683    26.914    -4037.6    42785.9     7875.4     23.3     26.0     18.3 2021  4 18  7 30  6.020  0.36   1
     2735  55.475541 -161.820231    28.649    -2675.2    41664.3     9610.2     11.6     14.2      8.8 2021  4 18  7 34 34.780  0.49   1
     2741  54.568282 -161.302279    13.110    30575.6   -59336.0    -5929.1     10.2      8.9      9.0 2021  4 18  9 38  6.980  2.18   1
     2744  55.020418 -161.472770    32.481    19511.1    -9002.1    13442.5     16.2     19.5     12.0 2021  4 18 10 21 16.440  1.61   1
     2746  54.840833 -161.386051    20.355    25108.0   -28994.4     1316.4     25.1     24.4     41.2 2021  4 18 11 38 33.000  0.77   1
     2747  55.099866 -161.803353     3.650    -1610.4     -157.6   -15389.0     16.7     17.1     27.4 2021  4 18 11 38 58.560  0.19   1
     2748  54.575216 -162.317969    63.926   -34684.8   -58564.1    44886.7     18.9     11.2     13.5 2021  4 18 12  5 33.330  2.27   1
      275  55.395972 -161.854492    11.549    -4856.8    32806.3    -7490.0     16.0     16.3     14.4 2021  1  9  6 59 27.150  0.52   1
     2756  55.294393 -161.723617     9.044     3471.0    21498.0    -9994.5     22.0     20.5     18.6 2021  4 18 14 42  9.890  0.53   1
     2757  55.253373 -162.046810    16.337   -17118.3    16931.5    -2702.1     19.1     18.5     21.4 2021  4 18 14 42 27.120  0.03   1
     2758  55.423311 -161.752344     5.745     1639.1    35849.9   -13293.7     20.7     19.5     11.6 2021  4 18 15  3 57.790 -0.51   1
     2760  54.850533 -161.482454    23.838    18932.2   -27914.5     4799.2     30.1     26.4     26.7 2021  4 18 15 39 10.190  0.76   1
     2764  54.617273 -161.674202    13.584     6673.5   -53882.1    -5455.2     26.1     20.8     25.8 2021  4 18 15 54 32.050  1.30   1
     2766  55.308008 -162.312663    36.474   -34032.8    23013.7    17434.8     20.8     44.5     18.5 2021  4 18 15 59 52.010  0.83   1
     2768  55.239132 -161.611051    13.851    10646.4    15346.1    -5187.8      8.6     11.4     10.5 2021  4 18 17 44 21.100  1.06   1
     2769  55.309338 -161.413753     2.481    23198.4    23161.8   -16557.4      9.5     24.9     10.8 2021  4 18 17 44 44.400  1.86   1
     2770  55.304924 -161.258431    16.600    33089.0    22670.4    -2438.4     14.3     29.4     45.5 2021  4 18 19  6  6.680  1.08   1
     2771  55.367989 -161.484163    21.098    18701.8    29691.1     2058.7     23.3     26.7     27.5 2021  4 18 19  6 33.260  1.36   1
     2787  55.501485 -162.212614    24.016   -27596.0    44552.5     4977.2     84.4     81.9     83.1 2021  4 19 12  1 29.850  1.41   1
     2788  54.946871 -162.257992     3.407   -30689.8   -17189.7   -15631.4     12.0      6.3     11.7 2021  4 19 12  6  6.530  1.42   1
     2796  54.877836 -161.420150    30.138    22913.9   -24875.0    11098.9     16.2     14.8     33.0 2021  4 19 18 32 55.280  2.47   1
     2798  55.035429 -161.751546    32.202     1698.0    -7331.1    13163.1     47.8     29.9     39.5 2021  4 19 19 54  8.060  0.85   1
     2799  54.419804 -163.037988    19.115   -81101.0   -75865.3       76.5     52.5     41.4     42.6 2021  4 19 21 14  9.060  2.30   1
       28  54.436174 -161.345866    11.263    27820.2   -74043.0    -7776.3     57.5     49.0     45.3 2021  1  2  0 27 48.240  2.24   1
     2800  55.006132 -162.161344     3.054   -24490.7   -10592.5   -15984.9     27.8     23.0     34.5 2021  4 19 21 14 32.520  1.94   1
     2803  54.692790 -161.461117    11.509    20338.2   -45475.2    -7530.1     16.3     17.2     20.7 2021  4 20  1 28 25.890  1.69   1
     2805  54.923279 -161.031120    55.894    47788.7   -19816.1    36854.7     10.9     13.6     14.1 2021  4 20  1 51 26.920  2.47   1
     2806  55.276599 -161.650260     4.410     8144.1    19517.2   -14629.0     14.7     15.2     18.3 2021  4 20  6 49  1.970  0.19   1
      281  54.995203 -162.810449     3.384   -65982.6   -11809.2   -15655.0     11.6     22.2     24.6 2021  1  9  7 49 11.060  1.53   1
     2810  55.331807 -161.654557     5.897     7864.9    25663.2   -13142.0      6.3     12.2     10.0 2021  4 20 11  9 42.210  0.27   1
     2814  55.367542 -161.033919    34.151    47346.6    29641.3    15112.5     35.5     41.2     67.0 2021  4 20 19 58 23.520  2.55   1
     2821  54.466585 -161.730160     9.686     3085.9   -70657.4    -9353.4     10.6      8.3      8.9 2021  4 21 20 54 59.800  2.00   1
     2822  54.568591 -162.390658    20.522   -39358.3   -59301.6     1483.3     44.1     21.6     28.1 2021  4 21 22 14 14.160  1.69   1
     2826  55.312651 -161.762646     7.958      985.4    23530.6   -11081.2     18.3     10.9     18.3 2021  4 22 22 41 37.880  1.05   1
     2829  54.944804 -162.280046     5.403   -32101.1   -17419.9   -13636.2     14.0      8.2     14.7 2021  4 22 23 25 31.320  1.60   1
     2835  54.485388 -161.604769     7.843    11150.4   -68564.2   -11196.0     32.3     22.4     26.3 2021  4 23  2  3 39.890  1.50   1
     2841  54.980172 -162.291602     2.715   -32825.8   -13482.5   -16324.3     17.3     12.1     15.7 2021  4 23  7 50 18.880  1.59   1
     2844  54.933264 -162.227100     2.691   -28719.0   -18704.5   -16347.6      9.2      9.5     12.1 2021  4 23 11 41 11.670  1.04   1
     2845  54.580351 -161.262581    13.593    33121.5   -57992.5    -5445.8     13.4      8.9      7.9 2021  4 23 12 16 49.890  1.70   1
     2849  54.946334 -161.825570    15.503    -3034.3   -17249.5    -3535.7     34.6     27.5     52.9 2021  4 23 16 20 14.920  0.71   1
     2859  54.453153 -162.121826    55.278   -22116.0   -72152.7    36239.3     38.0     13.1     15.0 2021  4 24  0  7 27.070  1.88   1
     2868  54.581889 -162.668343    16.213   -57191.6   -57821.3    -2826.3     17.9     13.0     42.9 2021  4 25  0  1 39.480  2.02   1
     2870  54.705302 -161.481657    54.734    19017.4   -44082.3    35695.2     19.4     19.1     19.3 2021  4 25  1 44 56.490  2.18   1
     2876  55.314966 -161.723210     9.781     3496.0    23788.3    -9257.8     16.4     25.9     27.0 2021  4 25 11 37 11.460  0.45   1
     2878  54.445903 -162.172282    11.237   -25364.9   -72959.9    -7802.3     54.2     17.1     24.2 2021  4 25 16 49  8.660  1.86   1
     2879  55.375464 -162.002295    49.249   -14260.4    30523.2    30209.9     38.9     36.8     22.6 2021  4 25 18 17 42.720  1.49   1
     2881  55.380355 -161.840527    16.044    -3969.4    31067.7    -2994.6     14.0     10.3     14.8 2021  4 25 21  1 23.480 -0.14   1
     2882  55.483789 -161.685531    27.386     5882.3    42582.5     8347.5     30.4     32.2     30.0 2021  4 25 21  3 29.240  1.13   1
     2884  54.943612 -161.915511    33.564    -8786.9   -17552.6    14524.9     52.1     47.4     64.7 2021  4 25 22 39 21.540  2.01   1
     2886  54.588936 -161.188639    12.176    37867.9   -57036.7    -6862.9     19.4     16.6     11.1 2021  4 26  8 18  4.140  1.60   1
     2889  54.978125 -161.510303    32.849    17121.9   -13710.4    13810.2     24.6     20.9     19.1 2021  4 26 13  9 48.920  1.45   1
     2898  55.351786 -161.815072     6.942    -2351.0    27887.3   -12096.8     17.3     19.1     12.1 2021  4 26 18 16 45.720  1.18   1
      290  54.628739 -161.417415     8.796    23160.2   -52605.6   -10242.7     10.5     10.8     14.9 2021  1  9  9  8 15.120  1.95   1
     2902  55.462032 -161.444141    14.939    21223.1    40160.4    -4100.2     25.5     39.6     40.8 2021  4 27  2 33  7.710  1.55   1
     2904  55.158634 -161.573551     2.587    13049.1     6384.8   -16452.3     16.6     11.2     12.1 2021  4 27  4 51 55.710  2.75   1
     2913  55.353711 -161.920182     9.751    -9039.3    28101.6    -9287.6     29.0     18.2     24.1 2021  4 27 13 14 41.590 -0.12   1
     2917  55.377718 -161.924593    10.325    -9317.2    30774.2    -8714.1     46.5     30.7     32.3 2021  4 27 17 28 10.480  1.79   1
     2919  55.138000 -161.889535     9.089    -7108.3     4087.7    -9949.8     25.1     16.8     19.9 2021  4 27 19 30  8.380  1.12   1
     2925  55.105770 -161.971159     2.681   -12321.1      499.6   -16358.2     12.1      9.3     11.1 2021  4 27 23 34 13.340 -0.16   1
     2930  54.842232 -160.982585    46.828    50944.8   -28838.6    27789.5     14.4     16.6     21.4 2021  4 28  4 31 26.400  2.81   1
     2934  54.637760 -162.934668    65.909   -74250.3   -51601.4    46869.8     17.7     17.3     18.0 2021  4 28 10 22 59.470  1.63   1
     2938  55.132043 -162.578206    24.506   -51051.4     3424.5     5466.8     26.2     26.9     21.5 2021  4 29  0 13 20.440  1.43   1
     2939  55.154338 -161.871582    14.192    -5961.6     5906.4    -4847.0     39.7     35.0     28.5 2021  4 29  1 20 18.050  0.17   1
      294  54.571867 -161.647656    41.321     8382.9   -58936.9    22281.9     25.4     15.7     28.9 2021  1  9 10 26 48.490  1.54   1
     2940  55.220565 -162.135156    11.880   -22756.2    13279.1    -7158.8     14.1     12.9     15.8 2021  4 29  1 20 37.810  0.42   1
     2941  55.217997 -160.866146    76.404    58129.0    12993.3    57364.7     25.5     47.9     25.3 2021  4 29  3 54 27.220  1.36   1
     2956  55.427897 -161.827653    13.816    -3148.6    36360.4    -5222.7     27.5     32.1     15.1 2021  4 29 15 32 37.280 -0.03   1
     2957  54.778809 -162.763949    30.223   -63179.8   -35899.2    11184.2     25.1     23.5     41.6 2021  4 29 16 48  0.860  1.42   1
     2960  55.231779 -161.787012     5.651     -566.3    14527.6   -13387.8     10.4     13.8     18.3 2021  4 29 17 56  1.200  0.36   1
     2970  55.432756 -161.696696     0.901     5176.3    36901.2   -18137.8     24.9     26.7     23.8 2021  4 30  8 27 27.920 -0.46   1
     2978  55.184880 -161.937826    29.147   -10183.4     9306.5    10107.7     24.7     20.6     22.3 2021  4 30 14 16 28.880  0.33   1
     2980  55.352071 -161.271012    38.913    32268.9    27919.1    19874.1     28.9     38.7     41.7 2021  4 30 14 18 16.780  1.95   1
     2984  54.662288 -163.100146    36.508   -84848.3   -48870.8    17469.0     77.5     88.4    125.9 2021  4 30 15 17 24.990  1.43   1
     2987  55.159656 -162.221777     0.736   -28298.7     6498.5   -18303.1     10.7     15.3      9.4 2021  4 30 17 52 40.100  1.39   1
     2989  54.993079 -163.004834     7.427   -78409.1   -12045.7   -11612.3     30.6     48.0     39.1 2021  4 30 18 21 47.520  1.66   1
     2991  55.036788 -162.867546    16.766   -69596.0    -7179.8    -2272.8     12.6     18.6     28.4 2021  4 30 18 24 22.800  1.27   1
     2992  55.065767 -162.843034     8.327   -68005.6    -3953.6   -10711.7      9.3     35.0     27.5 2021  4 30 18 25 56.400  0.99   1
     2994  55.061251 -162.866748     3.270   -69523.9    -4456.4   -15768.6     13.1     23.0     20.3 2021  4 30 18 46 13.280  1.04   1
     2995  55.061572 -162.822656    16.158   -66707.7    -4420.6    -2880.4     12.9     16.0     28.3 2021  4 30 19 41 19.340  0.97   1
     2997  54.567635 -161.481266    10.223    19074.9   -59408.1    -8815.8     27.1     20.0     21.4 2021  4 30 19 47 23.480  2.30   1
     2999  54.582007 -161.352165    10.614    27365.6   -57808.1    -8425.2     17.5     13.7     13.9 2021  4 30 20 24 54.900  1.41   1
     3001  54.881323 -161.794466     2.754    -1045.9   -24486.8   -16284.5     18.7     15.0     17.0 2021  4 30 23 15 36.040  1.28   1
     3004  54.543030 -161.840316    11.406    -3997.3   -62147.2    -7633.3     37.4     19.0     26.8 2021  5  1  0 22 15.070  1.77   1
      301  54.577120 -161.315234    30.768    29739.9   -58352.2    11729.4     20.4     10.2     26.9 2021  1  9 13 44 32.670  1.66   1
     3010  54.595011 -161.248258    13.055    34035.5   -56360.4    -5983.6     11.6      9.3     12.9 2021  5  1  4 34 58.080  1.28   1
     3016  54.405330 -161.555322    13.479    14345.0   -77476.6    -5559.6     19.4      8.5     15.0 2021  5  1  9 51 49.220  1.41   1
     3017  55.290194 -161.783805     6.636     -361.7    21030.6   -12402.5     23.1     17.7     27.0 2021  5  1  9 52 16.570 -0.50   1
     3020  55.104569 -161.947640    25.789   -10820.1      366.0     6750.1     35.2     36.6     19.1 2021  5  1 14 58 27.520  1.06   1
     3029  54.774898 -161.355892    10.855    27061.5   -36334.5    -8184.3     31.1     20.5     26.3 2021  5  3  0 16 57.450  2.52   1
     3030  54.819393 -163.138900    15.324   -87166.0   -31381.2    -3715.4     22.5     28.9     29.0 2021  5  3  0 29  5.010  3.29   1
     3031  55.085010 -161.676481     0.866     6489.5    -1811.5   -18173.1     21.1     18.1     17.4 2021  5  3  0 29 12.560  2.73   1
     3038  55.331510 -161.719385     4.778     3738.8    25630.1   -14261.3      9.7      9.6     11.2 2021  5  3  6 15 28.920  0.11   1
     3039  54.568717 -161.286149    13.585    31611.9   -59287.6    -5454.0     11.3      9.2      8.7 2021  5  3  7 32 15.350  2.33   1
     3042  54.805558 -163.068343    11.295   -82660.6   -32921.3    -7744.1     10.0     13.7     24.7 2021  5  3 10 47 58.940  1.54   1
     3043  54.563643 -161.285645    14.275    31646.3   -59852.4    -4764.1     15.3     10.3     16.7 2021  5  3 12  8  1.040  2.22   1
     3044  54.558797 -161.220166    11.151    35856.0   -60391.9    -7887.5     18.2     15.0     15.8 2021  5  3 14 10  9.320  1.27   1
     3048  54.985209 -160.723568    11.380    67412.0   -12921.7    -7659.3     36.4     51.0     43.6 2021  5  3 17 17 41.600  1.74   1
     3049  55.442664 -161.888753    29.877    -7031.6    38004.2    10838.1     20.4     17.8      4.7 2021  5  3 19  0 24.080  1.37   1
     3050  55.448832 -161.951872    45.285   -11042.6    38690.9    26245.8     38.8     51.4     10.3 2021  5  3 19  1 20.960  1.40   1
     3051  55.170260 -161.642855     2.326     8627.2     7678.9   -16712.8     19.1     16.3     20.6 2021  5  3 20 47 30.280  0.26   1
     3066  55.262162 -161.772591    12.772      352.5    17910.0    -6266.9     21.4     13.2     14.3 2021  5  5  2 30  8.400 -0.31   1
     3071  55.382096 -161.784587    11.115     -411.0    31261.6    -7924.3     13.7     11.7      8.2 2021  5  5  7 39 24.230  0.16   1
     3072  55.403800 -161.969840    18.168   -12191.5    33677.8     -871.3     23.7     27.7     20.3 2021  5  5  7 52 10.560  0.36   1
     3083  55.028259 -161.404362    29.371    23879.8    -8129.2    10331.8     15.8     18.3     32.4 2021  5  5 14 20  5.560  1.53   1
     3085  55.442948 -161.870540    24.929    -5873.9    38035.9     5890.0     34.7     26.5     13.4 2021  5  5 21 40 49.700  0.72   1
     3086  54.690776 -163.420540     8.968  -105374.4   -45699.5   -10070.6     15.6     16.3     24.4 2021  5  6  0 19 46.950  3.99   1
     3093  55.177413 -161.495020     4.260    18054.1     8475.3   -14778.9     13.9     13.8     18.3 2021  5  6 11 47  0.510  0.75   1
      310  55.121220 -161.553158     4.912    14356.6     2219.6   -14126.4     16.1     12.4     10.7 2021  1 10 12 29 35.240  1.16   1
     3104  55.136715 -162.096875    15.846   -20337.5     3944.6    -3192.6     30.7     28.6     33.0 2021  5  7 23 46  7.960  2.09   1
     3105  54.614950 -161.414941    12.308    23323.0   -54140.8    -6731.0      9.1      7.9     15.1 2021  5  8  0 30 58.160  1.79   1
     3106  55.138110 -161.938525    29.439   -10234.0     4099.9    10400.3     69.8     39.6     57.3 2021  5  8  1 54 59.140  0.44   1
      311  55.375053 -162.062077    23.786   -18063.4    30477.5     4746.7     46.7     35.6     32.1 2021  1 10 13 18 31.500  1.79   1
     3110  54.994222 -162.305876     2.055   -33732.4   -11918.4   -16984.1     11.5     11.2     12.9 2021  5  8  3 47 49.380  1.03   1
     3112  55.389355 -161.730518    10.939     3028.0    32069.7    -8099.8     12.7     15.2     12.9 2021  5  8  5 35 44.500  0.22   1
     3115  54.973629 -162.244824     6.331   -29837.8   -14210.9   -12707.4     13.5     14.4     12.1 2021  5  8 10 33  2.210  0.93   1
     3119  54.676465 -161.073730    37.610    45200.7   -47292.6    18570.8     31.0     24.1     49.4 2021  5  8 13 32 36.600  2.38   1
     3123  55.346252 -161.485628    18.987    18613.7    27271.3      -51.5     17.3     27.5     24.1 2021  5  8 16 35  3.420  0.54   1
     3128  54.599011 -161.344596    12.341    27845.9   -55915.1    -6698.3     18.8     11.6     18.3 2021  5  8 18 23  7.920  1.43   1
     3134  55.127938 -162.102148    16.562   -20676.3     2967.5    -2476.7     42.3     34.3     55.5 2021  5  8 20 15 15.520 -0.28   1
     3139  55.130013 -161.800163    13.266    -1406.2     3198.5    -5772.7     17.3     10.6     17.7 2021  5  9  0 58 55.390  0.82   1
     3149  54.808455 -163.127767    14.021   -86464.6   -32598.8    -5017.2     23.7     29.4     24.8 2021  5  9 12 17  3.300  2.34   1
     3154  55.326416 -161.895801     7.336    -7490.4    25063.0   -11702.5     16.4     15.7     12.4 2021  5  9 19 44 24.440  1.27   1
     3155  55.061458 -160.972721    31.979    51436.2    -4433.3    12939.9     12.4     20.0     29.0 2021  5  9 19 47 35.440  1.76   1
     3158  55.107992 -162.011995     2.744   -14927.2      747.0   -16295.3     26.1     22.1     26.7 2021  5 10  2 57  8.620  0.94   1
     3161  54.551497 -163.325830    13.664   -99468.8   -61204.6    -5374.5     13.4     14.1     12.9 2021  5 10  5 45 34.060  1.54   1
     3165  55.095813 -161.509163    24.924    17169.6     -608.8     5885.5     22.6     27.5     26.1 2021  5 10  6 34 15.890  2.61   1
     3168  55.522319 -161.841618    39.876    -4031.6    46871.8    20837.2     43.9     40.8     13.6 2021  5 10  7  5  2.250  1.23   1
     3171  55.383264 -161.802702     2.480    -1563.3    31391.6   -16559.0     14.2     10.4     11.7 2021  5 10  8  7  6.060 -0.23   1
     3175  54.986678 -162.308431     2.228   -33898.9   -12758.2   -16811.1     33.8     34.2     36.1 2021  5 10 14 10 13.080  1.14   1
     3176  55.303056 -161.249170    17.609    33679.5    22462.4    -1430.1     13.8     26.3     30.5 2021  5 10 14 30 39.120  0.50   1
     3180  55.080607 -162.082145     4.188   -19411.3    -2301.6   -14851.0     15.8     12.6     24.8 2021  5 10 17 49 27.920  1.03   1
     3181  55.393355 -161.855518     4.836    -4922.2    32515.0   -14203.1      8.2     16.4     15.5 2021  5 10 18  4  7.440  0.78   1
     3182  55.318514 -161.786930    19.032     -560.5    24183.3       -6.7     20.1     12.9     11.0 2021  5 10 18 20  4.920  0.12   1
     3190  55.107511 -161.861051     8.126    -5293.0      693.5   -10912.8     17.9     19.0     19.6 2021  5 11  1 42  9.340  0.62   1
     3191  55.066923 -161.753190    18.068     1592.3    -3825.0     -971.2     14.8      9.9     13.1 2021  5 11  1 42 21.840  1.10   1
     3192  55.325415 -161.685661    15.170     5885.7    24951.6    -3869.2     14.4     20.1      6.7 2021  5 11  2  4  7.660  0.15   1
     3195  55.490137 -161.866130    46.994    -5590.3    43289.2    27954.7     40.6     22.2     14.7 2021  5 11  3 44 41.820  1.06   1
     3196  55.520882 -161.782682    38.989     -289.4    46711.9    19950.3     30.1     28.3     20.5 2021  5 11  3 46 30.060  0.56   1
     3198  54.377157 -161.646810    12.433     8457.6   -80613.0    -6605.5     25.3     19.3     20.9 2021  5 11  4  0 11.320  1.21   1
     3199  55.249276 -161.455046    19.394    20584.8    16475.4      354.9     15.8     19.4     20.3 2021  5 11  4 33  3.500  0.72   1
     3202  54.523165 -161.682308    10.454     6160.2   -64358.7    -8584.7     17.4     10.9     14.4 2021  5 11  9 51 59.940  1.90   1
     3208  55.419145 -161.768652    37.947      602.3    35386.0    18908.4     33.3     25.0     14.1 2021  5 11 12 39  0.420  0.65   1
     3209  55.320614 -161.790348    25.229     -778.1    24417.1     6189.8     29.4     26.6     18.5 2021  5 11 12 49 18.580  0.89   1
     3212  55.400952 -161.834277     5.412    -3570.9    33360.7   -13627.0     14.5     15.8     12.9 2021  5 11 14 50 41.960  0.77   1
     3216  55.389734 -161.810905     2.671    -2084.9    32111.8   -16367.4     18.4     19.1     14.3 2021  5 11 15 18 43.040  0.70   1
     3218  54.760596 -161.379915    14.002    25526.3   -37926.8    -5037.0     17.8     15.0     14.2 2021  5 11 15 33 38.600  1.92   1
     3222  55.258215 -161.742904    48.254     2243.9    17470.6    29214.9     51.8     43.0     26.2 2021  5 11 17  7 35.040  0.90   1
     3223  55.398364 -161.825765     4.438    -3029.7    33072.6   -14601.3     11.0     12.3     12.3 2021  5 11 17 24 39.720  0.74   1
     3224  55.376420 -161.584115     9.697    12341.6    30629.7    -9341.6      9.0     17.1     15.9 2021  5 11 17 33 53.920  0.46   1
     3225  55.310042 -161.786540    27.056     -535.7    23240.2     8017.5     47.1     23.7     17.6 2021  5 11 19 19 52.580  0.65   1
     3227  55.411104 -161.675195    23.113     6544.9    34490.9     4074.1     27.8     30.6     13.8 2021  5 11 20  6 28.800  0.82   1
     3228  55.294983 -161.915820    23.587    -8768.2    21563.7     4548.5     42.0     33.0     25.8 2021  5 11 20 10 20.580  0.77   1
     3236  55.375643 -161.742318    16.360     2277.8    30543.2    -2678.7     20.8     15.1     14.2 2021  5 11 21 49 12.680  0.54   1
     3237  55.245487 -161.953190    19.630   -11154.7    16053.7      591.3     20.2     22.7     23.7 2021  5 11 22 58 11.580 -0.03   1
     3238  54.846082 -161.220345    14.342    35717.4   -28410.1    -4696.2     13.7     11.1     33.7 2021  5 11 23  8 26.820  1.33   1
     3241  55.041744 -162.168359     8.089   -24928.0    -6628.0   -10949.9     15.2     17.1     20.8 2021  5 11 23 16 52.840  0.54   1
     3244  55.132381 -162.025667    16.320   -15795.1     3462.1    -2718.6     31.9     20.9     36.7 2021  5 12  0 42  3.970  0.12   1
     3245  55.516581 -161.935335    36.774    -9983.1    46233.1    17735.4     38.2     30.9     22.4 2021  5 12  0 51  5.140  0.59   1
     3247  55.236117 -161.127783     0.954    41443.0    15010.4   -18084.8     18.8     44.8     16.7 2021  5 12  1 48 40.180  1.08   1
     3249  54.928292 -162.211182     1.945   -27702.5   -19258.0   -17094.0      9.3     10.6     13.3 2021  5 12  2  4 41.620  1.76   1
      325  54.952161 -162.252327     2.854   -30325.6   -16600.9   -16185.1     10.4     11.5     13.2 2021  1 11  7 19 29.290  3.14   1
     3252  54.721008 -162.700358    16.468   -59146.7   -42333.8    -2570.4     29.5     24.9     56.3 2021  5 12  3  0 24.840  1.28   1
     3255  55.303235 -161.547591    22.686    14678.5    22482.4     3647.1     11.8     26.0     11.8 2021  5 12  3 26 33.780  0.74   1
     3256  55.344222 -161.968311    16.426   -12103.2    27045.3    -2613.3     30.3     26.3     20.5 2021  5 12  4 44 40.130  0.35   1
     3257  55.504443 -161.721891    32.228     3571.5    44881.8    13189.4     39.5     36.1     27.4 2021  5 12  5  0 14.020  0.61   1
     3258  55.471733 -161.899967    33.838    -7741.5    41240.3    14798.9     13.5     19.0     12.9 2021  5 12  5 19  1.450  0.44   1
     3259  55.403190 -161.875586    21.601    -6197.7    33609.9     2562.3     24.7     30.9      8.3 2021  5 12  5 34 24.370  0.82   1
     3260  55.286938 -161.903564    15.781    -7988.6    20668.2    -3257.5     26.7     22.9     35.5 2021  5 12  6 28  3.200  0.49   1
     3264  55.327161 -162.217448    23.429   -27964.0    25145.9     4390.4     24.4     16.5     20.4 2021  5 12  8 56 40.830  1.25   1
     3268  55.016040 -162.210498     4.597   -27628.6    -9489.5   -14441.5      9.6     16.0     12.4 2021  5 12  9 38 20.500  0.16   1
     3270  55.414648 -161.820426     4.856    -2689.6    34885.5   -14182.9     10.7     18.0      9.0 2021  5 12 10 22 12.890  0.15   1
     3271  55.290157 -161.719580    18.215     3728.3    21026.5     -823.7     17.1     15.0     15.8 2021  5 12 10 32 30.660  0.51   1
     3274  54.801681 -161.429932    12.922    22308.8   -33353.0    -6116.9     18.6     20.2     24.9 2021  5 12 12 14 21.540  0.72   1
     3277  55.455754 -161.855013    28.774    -4886.2    39461.5     9735.0     36.7     22.1     15.4 2021  5 12 12 45 11.040  0.22   1
      328  54.978548 -162.230941     0.667   -28948.4   -13663.3   -18371.9     11.1     12.4     12.3 2021  1 11  8  0 31.130  1.70   1
     3280  55.415369 -161.676953    12.032     6432.7    34965.6    -7007.0     20.4     25.4     16.2 2021  5 12 15  8 54.990  0.57   1
     3281  55.296932 -161.750716    25.286     1745.3    21780.7     6246.8     23.6     19.2     16.5 2021  5 12 15 26  1.360  0.37   1
     3282  55.457931 -161.729671    36.659     3079.2    39703.8    17619.7     30.7     30.1     17.5 2021  5 12 15 37 14.680  0.67   1
     3283  55.011552 -162.048486     2.892   -17277.1    -9989.1   -16147.1      8.8     17.3     12.2 2021  5 12 15 38 58.440  0.10   1
     3286  54.511080 -161.895589    12.434    -7553.0   -65704.0    -6604.7     33.6     21.3     25.2 2021  5 12 17  2 25.680  0.89   1
     3288  54.867733 -161.367106    27.990    26312.5   -25999.8     8951.3     22.2     26.7     62.1 2021  5 12 17 54  0.760  3.07   1
     3290  55.139376 -161.674772    35.750     6594.1     4240.8    16711.3     77.6     53.2     58.1 2021  5 12 18 14 52.840  0.88   1
     3292  55.382756 -161.628190    13.851     9537.1    31335.0    -5187.4     10.8     13.3     11.8 2021  5 12 20 26 39.740  0.08   1
     3294  55.254533 -162.101562    15.840   -20606.3    17060.6    -3199.1     15.2     14.4     17.5 2021  5 12 20 51 16.740  0.24   1
     3299  55.161719 -163.486149    12.280  -108944.9     6728.1    -6758.9     31.7    155.5     47.8 2021  5 12 22  3 26.840  1.66   1
     3300  54.923718 -162.175049     0.610   -25392.5   -19767.2   -18429.2     10.9      7.4      7.5 2021  5 12 22  6 14.320  0.99   1
     3303  54.642126 -161.208789    11.973    36549.5   -51115.3    -7066.0     18.3     20.8     20.8 2021  5 12 22 24 52.560  1.50   1
     3308  55.445512 -161.815218     8.654    -2357.6    38321.3   -10385.0     21.4     16.4     15.1 2021  5 13  1 58 12.670  0.21   1
     3309  55.410649 -161.774137    34.455      253.6    34440.2    15416.0     24.3     24.0     12.3 2021  5 13  2  8 52.030  0.51   1
     3310  55.479464 -161.622054    15.181     9915.4    42101.0    -3858.2     22.2     22.2     24.3 2021  5 13  2 15 33.690  0.18   1
     3313  55.140873 -161.273926     4.313    32168.3     4407.5   -14726.2     41.0     41.1     55.2 2021  5 13  3 22 33.670  1.57   1
     3314  55.305863 -161.464486    33.993    19969.3    22775.0    14954.1     32.0     54.5     30.3 2021  5 13  4 20 45.120  0.17   1
     3315  54.550574 -161.401123    12.587    24229.7   -61307.4    -6451.8     22.9     18.9     20.0 2021  5 13  5 26 45.070  1.41   1
     3319  55.310384 -161.523910    31.221    16184.9    23278.3    12181.7     12.9     27.0      9.1 2021  5 13  6 19 37.930  0.69   1
      332  54.925163 -162.236100     3.035   -29297.7   -19606.4   -16003.6      9.3      9.2     16.5 2021  1 11 10 45 20.480  2.42   1
     3320  55.278894 -161.629085    16.745     9492.5    19772.6    -2293.6     21.7     23.2     21.1 2021  5 13  6 40 30.780  0.51   1
     3321  54.883972 -162.204753     2.067   -27306.2   -24191.9   -16972.0     14.6     10.2     13.2 2021  5 13  8 10 31.210  1.60   1
     3325  55.125785 -161.748275    17.543     1904.8     2727.9    -1496.4      8.5     11.3     14.2 2021  5 13  8 54 22.430  1.28   1
     3326  54.937329 -162.198763     2.879   -26905.1   -18252.0   -16160.3     16.5      5.3      7.2 2021  5 13  9 29 58.230  1.37   1
     3328  54.543465 -162.780485    58.304   -64426.6   -62098.8    39264.6     31.5     25.0     29.5 2021  5 13 11 39  7.700  1.89   1
     3330  54.725871 -161.200016    42.499    37074.3   -41792.5    23459.9     15.8     20.4     24.1 2021  5 13 11 47 14.140  1.50   1
     3335  55.129175 -162.331787    24.866   -35329.2     3105.2     5826.6     38.6     85.4     39.8 2021  5 13 15  1 18.740  1.47   1
     3336  54.696851 -161.798649     9.051    -1316.7   -45023.2    -9987.7     28.2     23.8     48.0 2021  5 13 15 18 35.310  2.37   1
     3337  55.330920 -161.655713     5.131     7791.5    25564.5   -13908.2     10.7     11.9     10.8 2021  5 13 15 26 31.400  0.49   1
     3342  55.247819 -161.504492    20.135    17434.7    16313.2     1096.5      9.3     16.8     14.1 2021  5 14  2  7 49.070  2.28   1
     3346  55.215564 -160.739893    12.504    66178.3    12722.4    -6535.2     37.3     74.1     46.2 2021  5 14 10 49 45.710  1.81   1
     3347  55.263045 -161.580550    21.739    12586.2    18008.3     2700.4     17.1     32.2     20.6 2021  5 14 10 51  9.260  0.95   1
     3348  55.374609 -161.758740    16.501     1233.2    30428.1    -2538.1     18.3     18.9     15.0 2021  5 14 12 16 20.190  0.92   1
     3351  55.347620 -161.439681    21.917    21537.3    27423.5     2878.1     14.8     29.4     18.0 2021  5 14 14 15 57.820  0.62   1
     3352  55.342672 -161.741797    17.340     2311.9    26872.7    -1699.2     15.6     18.3      9.1 2021  5 14 16 42 13.530  1.06   1
     3353  55.289408 -161.391520    23.798    24620.0    20943.1     4758.8     12.2     20.0     13.6 2021  5 14 19 17 24.040  0.57   1
     3357  55.389897 -161.464583     5.579    19942.1    32130.0   -13459.8     11.3     30.1     17.5 2021  5 14 23 36 11.160  0.67   1
     3358  55.243803 -161.372607     1.285    25839.1    15866.1   -17753.5     22.3     32.5     28.0 2021  5 15  0  2 15.010  0.39   1
     3362  55.285539 -161.458936    23.428    20327.8    20512.4     4389.1     10.7     15.8     12.0 2021  5 15  2  1 56.340  0.65   1
     3364  55.342513 -161.875684    12.259    -6208.7    26855.0    -6779.8     34.2     37.6     23.2 2021  5 15  3 42 48.060  2.29   1
     3365  55.165043 -161.447493    13.867    21088.2     7098.2    -5172.0     27.2     27.9     19.3 2021  5 15  3 42 54.980  1.04   1
     3367  55.385478 -161.021045    41.839    48154.9    31638.0    22800.6     14.6     23.8     22.6 2021  5 15  5 57 21.500  1.71   1
     3370  54.842261 -161.364827    26.477    26466.7   -28835.4     7437.9     18.8     13.5     43.7 2021  5 15  6 37 34.780  1.89   1
     3373  55.240959 -162.235221     7.036   -29126.7    15549.5   -12002.9     16.6      7.0     68.4 2021  5 15  7 15 26.030  1.43   1
     3374  54.917765 -161.407617    17.487    23704.4   -20429.9    -1551.6     17.4     17.1     18.5 2021  5 15 10 36 20.720  1.66   1
     3375  54.990446 -161.653109    13.785     7991.1   -12338.8    -5254.0     12.2     15.1     15.4 2021  5 15 10 36 34.920  1.52   1
     3382  55.430859 -161.735368    34.310     2718.1    36690.1    15271.1     28.3     33.6     20.0 2021  5 15 13 35 13.120  1.00   1
     3383  54.989282 -162.349951     3.232   -36551.8   -12468.3   -15806.7     12.7     12.0     15.0 2021  5 15 14 52 23.320  0.87   1
     3384  55.146867 -161.455534    31.003    20580.0     5074.8    11963.9     16.5     16.7     18.5 2021  5 15 15 36 52.700  0.89   1
     3385  55.478585 -161.763444    32.081      932.7    42003.2    13041.7     36.2     27.8     17.4 2021  5 15 15 47 36.730  0.98   1
     3388  55.158150 -161.920410    38.946    -9075.9     6330.9    19907.2     40.5     21.3     32.8 2021  5 15 20 18 33.180  1.01   1
     3393  54.987016 -161.544434    27.183    14938.3   -12720.6     8143.8     18.5     20.2     21.3 2021  5 16  0 53  7.740  0.93   1
     3396  55.175985 -162.062630    18.238   -18143.7     8316.3     -800.6     28.2     21.4     32.5 2021  5 16  1  9  5.960  0.90   1
     3397  55.201444 -160.742269    30.927    66038.5    11150.6    11887.7     32.7     66.8     90.1 2021  5 16  1 33 35.780  1.52   1
     3398  55.166105 -162.009668    15.569   -14768.0     7216.4    -3469.7     19.3     11.8     23.1 2021  5 16  2 20  2.990  0.38   1
     3400  55.398649 -161.378825    16.573    25393.7    33104.3    -2465.4     28.9     46.1     56.8 2021  5 16  4 52 24.950  0.68   1
     3405  54.532332 -161.061800     9.973    46048.0   -63338.1    -9065.5     22.5     25.4     30.2 2021  5 16  8 39 48.910  1.29   1
     3406  55.281140 -161.493896    25.163    18102.3    20022.7     6123.9     11.4     12.9     19.8 2021  5 16 13 25 13.300  0.24   1
     3407  54.969552 -162.250423     3.596   -30197.3   -14664.8   -15443.1      6.7     11.3     12.7 2021  5 16 13 30  7.200  0.56   1
     3408  55.451742 -161.855452    30.971    -4914.4    39014.8    11931.8     44.2     27.9     13.6 2021  5 16 13 53 43.390  0.82   1
     3409  55.393136 -161.713965    44.706     4080.6    32490.5    25667.2     63.7     79.8     29.3 2021  5 16 14 13  7.700  0.88   1
     3410  54.338875 -162.020622    10.935   -15625.7   -84874.7    -8104.1     34.6     19.7     19.5 2021  5 16 14 18 29.620  1.41   1
     3411  55.046724 -161.418180    32.903    22991.7    -6073.6    13864.1     26.9     26.3     39.1 2021  5 16 14 21 27.210  1.32   1
     3416  55.192297 -161.841406    14.529    -4034.8    10132.3    -4510.1     45.6     20.7     29.7 2021  5 16 16 14 45.940  0.84   1
     3422  55.098413 -161.449463    15.542    20980.0     -319.4    -3497.0     20.6     28.7     63.0 2021  5 16 18 18 15.480  1.00   1
     3425  55.410592 -161.819385    32.507    -2623.5    34433.8    13467.7     38.5     19.6     12.1 2021  5 16 20 19 15.640  0.99   1
     3427  54.825651 -160.877555    33.736    57682.5   -30684.5    14697.5     12.9     15.8     31.5 2021  5 16 21 36 36.740  2.43   1
     3428  55.339124 -161.248389    19.605    33714.0    26477.7      565.7     13.4     28.6     23.2 2021  5 16 21 59 23.240  0.68   1
     3429  55.084200 -161.973063    47.872   -12446.0    -1901.6    28833.6    104.4     54.1     52.7 2021  5 16 22 14 27.880  1.17   1
     3433  55.260677 -161.494596    55.063    18062.3    17744.6    36024.2    109.0    122.8     70.2 2021  5 17  0 38 22.050  1.11   1
     3438  54.960815 -162.932796     0.925   -73834.1   -15637.4   -18114.2     13.4     21.5     11.3 2021  5 17  4 38 16.010  1.41   1
     3440  55.380188 -161.698861    23.230     5042.0    31049.2     4190.7     23.0     31.2     16.1 2021  5 17  5 41 47.170  0.99   1
     3442  54.999243 -161.436751    29.868    21818.3   -11359.4    10829.4     18.2     20.0     35.8 2021  5 17  6  2 33.070  1.54   1
     3443  55.489274 -161.935970    48.988   -10026.9    43193.1    29949.5     31.9     26.2     16.0 2021  5 17  8 16 27.680  1.10   1
     3446  55.293221 -162.111605    15.055   -21235.8    21367.6    -3983.8     43.5     44.1     61.0 2021  5 17  9 36 42.670  0.08   1
     3447  54.716044 -161.824919     0.312    -3001.3   -42886.5   -18727.3     28.5     16.6     14.3 2021  5 17 10 19 10.370  2.31   1
     3461  54.669145 -162.573226    67.193   -51025.9   -48107.5    48154.2     20.8     15.0     15.3 2021  5 17 16 53 21.180  1.13   1
     3465  55.079777 -161.886816     5.420    -6939.9    -2394.0   -13618.6      7.6      8.3     12.7 2021  5 17 17 15  6.340  0.30   1
     3470  55.145101 -162.199268     8.930   -26867.8     4878.2   -10109.3     15.0     24.2     26.6 2021  5 17 20 27 53.480  0.70   1
     3475  55.358341 -161.783805    23.425     -361.4    28617.1     4385.9     26.1     27.5     13.4 2021  5 18  2  9 28.260  0.88   1
     3477  54.401428 -161.449837    19.236    21137.6   -77911.0      197.5     79.3     57.0     60.0 2021  5 18  2 18 46.920  1.87   1
     3478  54.708557 -161.813298    28.000    -2256.1   -43719.9     8961.5     39.3     32.9     80.4 2021  5 18  2 51  3.530  0.98   1
     3479  55.273140 -160.825700    41.871    60665.2    19132.1    22832.6     10.7     22.5     19.6 2021  5 18  3 55  2.690  1.68   1
     3481  54.999475 -161.518815    30.863    16573.3   -11333.6    11824.5     27.8     38.1     39.2 2021  5 18  3 59 33.580  1.28   1
     3482  55.256510 -162.215511    20.942   -27865.3    17280.8     1903.3     64.0     91.6     82.5 2021  5 18  4 31 47.580  0.32   1
     3483  55.319206 -161.731657    16.543     2958.1    24260.3    -2496.2     20.0     23.1     15.4 2021  5 18  4 49 36.490  0.71   1
     3485  55.256014 -161.771908    16.905      396.1    17225.5    -2133.8     17.7     24.3     23.3 2021  5 18  5 27 30.450  0.03   1
     3487  55.374967 -161.788525    21.585     -661.6    30468.0     2545.7     22.4     14.2     11.1 2021  5 18  7 19 28.310  0.46   1
     3498  55.384395 -161.901465    25.600    -7845.3    31517.5     6561.1     13.8     35.5     12.3 2021  5 18 11  7 27.860  0.45   1
      350  55.135901 -161.264583    28.944    32766.4     3854.0     9905.4     16.6     21.6     34.8 2021  1 12  7 15  5.890  2.33   1
     3501  55.141935 -161.614209    39.291    10457.8     4525.7    20252.2     74.7     56.2     58.1 2021  5 18 11 21 53.870  0.53   1
     3503  55.728760 -161.399121     2.316    24003.2    69853.8   -16722.8     61.7     50.3     53.6 2021  5 18 13 38 44.810  0.92   1
     3504  55.303577 -161.856478    18.932    -4988.8    22520.4     -106.8     20.1     10.4      8.2 2021  5 18 14  4 40.010  0.72   1
     3505  55.492293 -161.929622    36.871    -9623.3    43529.2    17832.5     35.8     24.7     17.5 2021  5 18 14 11 35.590  0.80   1
     3506  55.450179 -161.880941    29.328    -6534.4    38840.9    10289.1     18.2     16.4     13.2 2021  5 18 15 45  1.890  0.60   1
     3507  55.425358 -161.838916    29.818    -3864.7    36077.7    10779.0     22.7     33.8     12.7 2021  5 18 15 49  3.250  0.37   1
     3508  55.342167 -161.810059    17.518    -2032.3    26816.5    -1520.4     47.4     17.0     14.4 2021  5 18 15 59 11.160  0.74   1
     3509  55.711633 -161.948828     4.630   -10813.4    67947.2   -14409.1    101.8     38.9     61.2 2021  5 18 17 28 18.980  0.56   1
     3510  55.074813 -160.958659    14.125    52325.6    -2946.6    -4913.5     12.2     19.1     20.6 2021  5 18 17 33 46.000  1.50   1
     3511  55.388908 -161.265316    20.959    32616.4    32019.9     1919.7     18.5     31.0     29.1 2021  5 18 18  8 15.740  0.54   1
     3521  54.944434 -162.696696    18.218   -58748.9   -17461.1     -821.2     23.1     34.0     31.9 2021  5 19  4 20  7.470  1.64   1
     3524  54.689197 -160.742041     8.078    66474.5   -45875.2   -10961.1     72.3     67.3     59.7 2021  5 19 11 27 32.130  2.43   1
     3526  55.196305 -161.934521    13.316    -9971.3    10578.5    -5722.6     25.7     15.9     20.0 2021  5 19 13 17 28.240  1.01   1
     3529  55.311450 -161.617383     6.606    10233.7    23396.9   -12432.9      6.4      6.6     12.6 2021  5 19 19  5 54.640  0.23   1
     3532  55.295211 -161.647396    18.655     8324.6    21589.1     -383.8     22.3     26.2     20.5 2021  5 20  4 12 16.580  1.75   1
     3533  55.403141 -161.845589     3.044    -4290.2    33604.4   -15995.1     13.1     12.9     38.9 2021  5 20  4 12 47.660 -0.00   1
     3536  55.219222 -163.498910     6.275  -109680.1    13129.7   -12764.3     15.7     31.9     44.7 2021  5 20  8 39 31.430  2.25   1
     3544  54.567440 -162.077181    13.905   -19216.1   -59429.8    -5134.2     17.8     11.0     16.7 2021  5 20 16 56 12.880  1.48   1
     3547  55.306812 -161.906136    17.838    -8150.3    22880.5    -1200.8     16.4     11.2      9.7 2021  5 20 19 41 11.400  0.42   1
      355  54.852238 -161.815072    13.775    -2365.7   -27724.7    -5264.3     27.6     23.0     29.4 2021  1 12 11 37 23.670  1.48   1
     3550  55.179362 -161.826676     7.045    -3096.1     8692.3   -11993.5     15.2     16.0     12.8 2021  5 20 20 53 40.440  1.96   1
     3552  55.248564 -162.018180    21.498   -15295.1    16396.1     2459.5     19.6     18.4     15.6 2021  5 20 22 38 31.760  0.60   1
     3553  54.573442 -161.291976    14.328    31235.7   -58761.6    -4711.1     12.4     10.1     14.3 2021  5 20 23  5 59.920  1.60   1
      356  54.868132 -161.778353     1.242      -14.6   -25955.4   -17796.9     17.6      8.1      7.8 2021  1 12 11 37 36.830  1.87   1
     3560  54.832422 -161.783936     0.684     -372.1   -29930.7   -18354.8     15.3     13.6     12.0 2021  5 21  3 21 13.460  1.01   1
     3561  54.732406 -161.732454    15.484     2928.6   -41065.0    -3554.9     25.5     25.1     87.5 2021  5 21  3 21 17.160  1.31   1
     3562  55.403418 -162.058008    26.893   -17798.3    33635.2     7854.3     80.4    105.4     71.9 2021  5 21  4 48 44.590  0.51   1
     3566  54.569832 -161.268180    13.296    32766.0   -59163.4    -5742.8     11.9     10.5     10.9 2021  5 21 14 50 55.870  2.36   1
     3572  55.070227 -160.923698    14.401    54561.1    -3457.2    -4637.9     18.3     26.9     22.2 2021  5 21 19 31 35.400  1.50   1
     3575  54.729110 -162.540788    79.980   -48907.9   -41431.9    60940.8     49.2     41.8     31.5 2021  5 22  3 41 15.140  1.80   1
     3576  55.317004 -161.677214     6.999     6424.1    24015.3   -12039.7     15.4     11.1     31.9 2021  5 22  5  3 48.750  0.37   1
      358  54.577995 -161.272201    24.360    32504.4   -58254.8     5320.9     14.2      6.8      8.1 2021  1 12 12 44 20.610  2.80   1
     3581  55.203003 -161.585156    22.803    12302.0    11324.1     3764.1     32.4     26.8     30.4 2021  5 22 12 36 27.900  0.88   1
     3585  55.166858 -161.193864    21.048    37264.2     7300.2     2009.2     35.8     44.5     59.3 2021  5 22 17  6 17.600  1.39   1
     3594  55.030375 -161.528076    21.567    15975.3    -7893.7     2527.9     16.2     14.0     15.0 2021  5 22 22 37  9.980  1.15   1
     3603  54.419682 -161.226742    12.305    35494.2   -75878.9    -6734.1     31.1     29.3     25.6 2021  5 23  4 28 56.450  1.75   1
     3607  54.793994 -161.272233    13.295    32415.7   -34208.7    -5743.5     27.6     23.8     29.2 2021  5 23  5 39 52.590  2.75   1
     3611  54.570235 -161.230583    13.502    35181.6   -59118.6    -5536.6      9.9      8.6     10.5 2021  5 23  7 38 42.560  1.54   1
     3613  55.143726 -161.687549     5.576     5778.6     4725.0   -13463.0     16.8     11.8     14.2 2021  5 23  8  1 53.250  1.04   1
     3615  54.473173 -161.733024    10.216     2901.4   -69924.0    -8823.1     12.0      7.6      8.4 2021  5 23 12 28 44.560  1.66   1
     3620  55.226998 -162.005859    19.890   -14514.0    13995.3      850.8     20.5     12.8     15.7 2021  5 23 16 37 52.300  0.83   1
     3623  55.072184 -160.946598    14.497    53097.4    -3239.3    -4542.3     12.1     18.6     16.6 2021  5 23 18  5 45.920  1.53   1
     3624  55.080078 -162.052523     2.706   -17520.1    -2360.5   -16332.5     24.9     21.1     24.8 2021  5 23 22 32 31.280  0.82   1
     3626  55.369474 -161.653467    59.359     7930.6    29856.5    40320.2     75.6     86.4     40.0 2021  5 23 23 35 36.600  1.47   1
     3634  54.923722 -160.855843    12.178    59001.4   -19766.7    -6860.5     35.3     52.4     47.2 2021  5 24 14 33 50.470  1.73   1
     3641  55.143754 -161.909049     6.316    -8352.8     4728.2   -12723.1     14.6     16.0     15.4 2021  5 25 22 51 39.800  0.15   1
     3643  55.107365 -161.564339     4.003    13645.4      677.2   -15035.8     16.9     21.8     17.3 2021  5 25 23 51 59.360  0.99   1
     3650  54.417830 -162.896322    10.111   -71983.2   -76085.0    -8928.0     34.7     24.8     29.2 2021  5 26 21 25 30.760  1.59   1
     3655  55.259550 -161.289404    27.695    31134.6    17619.2     8655.7     18.3     29.4     35.9 2021  5 27  1  9  4.910  2.57   1
     3662  54.877938 -162.578939    37.041   -51259.8   -24863.7    18001.8     28.9     26.9     33.2 2021  5 27 14 38 33.410  1.20   1
     3663  54.496574 -162.505827    48.748   -46800.0   -67318.9    29709.0     41.0     24.8     29.6 2021  5 27 16 55 52.760  1.64   1
      367  54.894181 -161.824984    18.037    -2998.8   -23055.4    -1001.8     26.6     22.9     36.9 2021  1 12 18  0 16.640  1.37   1
     3673  55.038098 -162.316227    20.414   -34375.3    -7033.9     1374.6     22.5     21.6     17.3 2021  5 27 23 29 19.500  1.33   1
     3681  54.503585 -161.695573    13.761     5308.6   -66538.4    -5278.0     21.9     16.0     21.8 2021  5 28 12 11 11.870  1.41   1
     3685  54.498584 -162.046370    11.179   -17251.0   -67095.1    -7860.3     28.1     12.5     28.8 2021  5 28 16 12 18.370  1.87   1
     3686  55.368502 -161.633024    12.782     9231.3    29748.2    -6257.3     18.1     22.7     17.7 2021  5 28 19  0 32.540 -0.14   1
     3687  54.860413 -161.458984    68.249    20432.5   -26814.7    49210.5     39.1     36.4     31.2 2021  5 29  0 41  8.790  1.81   1
       37  55.146643 -161.534798     2.433    15523.3     5049.8   -16606.3     10.3      8.6      9.9 2021  1  2  5 52  5.290  1.64   1
     3700  55.217367 -161.785433     9.492     -465.8    12923.1    -9547.3     12.8     14.7     21.5 2021  5 30  5 38 43.780  1.56   1
     3701  54.574996 -161.276416    24.524    32234.8   -58588.6     5485.5     10.8     10.0      9.8 2021  5 30  7 40 42.830  2.37   1
     3702  55.216191 -161.788835    17.914     -682.6    12792.2    -1124.4     49.8     22.3     27.4 2021  5 30  8 27 17.670  0.93   1
     3705  54.602568 -161.170247    12.102    39042.8   -55519.2    -6936.9     19.2     22.1     20.3 2021  5 30 14 25 32.580  1.76   1
     3706  55.406897 -161.724154    24.647     3432.0    34022.5     5608.1     27.3     26.3     25.0 2021  5 30 14 36 51.050  1.79   1
     3711  55.092179 -161.690088    21.568     5620.2    -1013.3     2528.9     16.6     30.5     16.3 2021  5 30 18 22 20.960  1.02   1
     3715  55.163196 -162.012272    23.494   -14934.6     6892.6     4455.1     50.4     36.9     41.5 2021  5 31  6  6 47.190  0.88   1
     3716  55.435482 -161.784587     9.724     -410.7    37204.7    -9315.1     20.2     15.6     12.2 2021  5 31  7  2 12.850  2.46   1
     3719  55.197717 -161.692464     3.311     5461.4    10735.7   -15727.8     16.7      7.8     22.7 2021  5 31 10 33 20.850  1.56   1
      372  55.154936 -161.943913     6.331   -10575.5     5973.0   -12708.0     10.3      4.7      8.2 2021  1 12 20 52 39.440  1.06   1
     3721  55.267574 -161.690723     5.712     5567.5    18512.4   -13327.3     15.7     13.2     13.6 2021  5 31 10 33 36.600  0.48   1
     3726  54.530074 -161.183398     9.417    38232.3   -63589.5    -9622.2     20.2     17.2     21.9 2021  5 31 14 56 35.150  1.75   1
     3727  54.586446 -161.257113    12.584    33470.3   -57313.9    -6454.7     10.7     12.0     10.3 2021  5 31 18 40 55.920  2.67   1
     3729  55.272599 -161.386410     8.948    24950.7    19071.9   -10090.5      9.2     13.1     23.1 2021  6  1  0 14 28.020  1.04   1
      373  54.776497 -161.740609     0.406     2404.4   -36156.5   -18632.4     24.7     18.8     16.2 2021  1 12 21  2 28.880  1.49   1
     3730  54.943652 -162.083577     5.783   -19536.0   -17548.0   -13255.6     13.1     16.2     19.4 2021  6  1  0 14 32.840  1.07   1
     3737  55.283431 -161.640609    40.008     8758.0    20277.7    20969.3     28.2     26.4     20.0 2021  6  1 18 53 47.560  0.91   1
     3739  54.656576 -160.879818    11.781    57658.1   -49506.8    -7258.0     17.9     17.3     16.5 2021  6  1 22  3 43.520  1.82   1
     3742  54.482813 -163.401351    11.232  -104410.7   -68850.9    -7806.6     20.4     21.9     17.3 2021  6  2  1 31 26.530  1.42   1
     3743  54.813619 -162.190690     0.877   -26429.2   -32024.0   -18161.8     13.1     12.9     12.3 2021  6  2  7 15 37.580  1.76   1
     3744  54.920618 -162.184049     1.500   -25969.3   -20112.4   -17538.7      7.1     11.6     13.7 2021  6  2  7 15 55.180  2.07   1
     3747  54.876583 -161.707975    75.448     4490.3   -25014.5    56408.7     15.1     14.3      9.6 2021  6  2 16  7 25.570  1.54   1
      375  54.923560 -162.191504     1.373   -26445.3   -19784.9   -17665.6     13.0      8.5      9.5 2021  1 12 21 24  9.860  1.74   1
     3752  55.011263 -162.135921    18.314   -22864.5   -10021.3     -725.2     45.0     38.9     34.4 2021  6  3  2 17 36.170  1.35   1
     3756  55.449109 -161.878467    26.314    -6377.3    38721.8     7275.2     26.0     38.7     20.7 2021  6  3  6 33 28.600  0.73   1
     3757  55.474817 -161.866130    28.766    -5591.4    41583.7     9727.4     29.8     35.1      9.9 2021  6  3  9 54 50.620  0.60   1
     3762  55.233594 -162.099967    18.173   -20510.1    14729.6     -865.6     15.3     16.7     18.3 2021  6  3 14 31 59.230  0.34   1
     3765  54.889087 -161.196370    27.783    37232.8   -23622.5     8743.8     19.2     19.2     53.9 2021  6  3 16 32 56.870  1.75   1
     3772  54.678015 -162.421956     7.933   -41313.6   -47120.0   -11106.1     16.9     10.1     43.2 2021  6  3 20 34 55.120  1.13   1
     3779  55.315068 -161.685905    51.719     5870.9    23799.6    32679.7     61.1     58.8     29.2 2021  6  4  3 40 23.080  1.27   1
     3788  55.339998 -161.787972    11.172     -626.7    26575.1    -7866.7     27.8     21.3     21.7 2021  6  4 10 13 50.120 -0.46   1
     3789  54.862435 -162.678011    32.132   -57612.5   -26589.6    13093.5     19.8     20.4     24.8 2021  6  4 11 45 44.710  1.50   1
     3796  55.131335 -161.684115     4.613     5998.6     3345.7   -14425.5     12.5     11.6     15.9 2021  6  4 14 45 10.050  0.01   1
     3797  55.315971 -161.788167     3.448     -639.3    23900.2   -15590.4     13.9     11.6     23.0 2021  6  4 14 45 27.990 -0.20   1
      380  55.248893 -161.677441    15.406     6415.0    16432.8    -3632.5     15.9     11.7     16.7 2021  1 12 21 37 47.960  0.56   1
     3800  55.203373 -161.658057    13.777     7654.5    11365.3    -5261.7     18.3     11.6     13.6 2021  6  4 15 40 30.890  1.37   1
     3804  55.066370 -161.033984    33.576    47520.8    -3886.6    14537.1     13.6     18.4     28.2 2021  6  4 16 35 14.680  2.70   1
     3808  54.894950 -162.353727    35.057   -36836.3   -22969.8    16017.6     18.0     13.6     15.9 2021  6  4 17 48 51.680  1.93   1
     3809  54.961214 -162.223356    13.312   -28469.7   -15593.0    -5727.2     15.8     10.9     12.0 2021  6  4 17 49  3.920  2.25   1
      381  54.621073 -161.587809    35.500    12220.8   -53459.1    16461.2     39.1     24.1     25.9 2021  1 13  0  1 46.290  2.89   1
     3811  54.757572 -162.607275     4.323   -53152.8   -38263.3   -14716.4     11.9     10.5     14.8 2021  6  4 19  7 57.560  0.92   1
     3823  55.193160 -160.905713    13.305    55624.3    10228.3    -5733.9     20.0     35.8     23.9 2021  6  5 12 43 55.500  2.47   1
     3824  55.541382 -160.479199    10.246    82458.2    48994.0    -8792.4     28.5     71.2     32.1 2021  6  5 13 58  4.980  1.99   1
      383  55.327836 -161.748291     3.592     1899.0    25221.1   -15446.7      7.8      4.5     15.7 2021  1 13  8  0 58.440 -0.30   1
     3833  55.345097 -161.694694     5.560     5309.4    27142.6   -13479.2      8.7      9.8     10.2 2021  6  5 21 42 39.120  1.33   1
     3844  54.553076 -162.445020    11.627   -42859.5   -61028.8    -7412.0     33.7     17.4     22.0 2021  6  6  2 33 30.020  1.91   1
     3848  55.189872 -162.020817    29.332   -15474.5     9862.3    10293.3     18.2     17.5     18.0 2021  6  6  6 20 13.790  0.62   1
     3850  55.377999 -161.780355     4.713     -141.8    30805.5   -14326.1      9.9     12.7     10.8 2021  6  6  7 58 52.960 -0.29   1
     3851  55.277926 -161.451025    28.948    20833.5    19664.8     9909.0     17.0     18.4     21.2 2021  6  6  8  4 21.630  1.12   1
     3855  54.485384 -163.117253     2.473   -86133.9   -68564.6   -16566.3      9.5      6.1      7.2 2021  6  6 13 56  5.790  2.77   1
     3858  54.805383 -161.923682    16.583    -9325.4   -32940.8    -2456.3     19.4      8.7     22.4 2021  6  6 14 12 15.840  1.47   1
     3860  55.048901 -161.794401    16.754    -1039.6    -5831.2    -2285.3     19.7     17.2     23.8 2021  6  6 17  1 17.940  1.12   1
     3864  55.694401 -161.684912    17.798     5906.0    66028.8    -1240.7     60.2     44.6     68.0 2021  6  6 18  1 35.440  0.79   1
     3871  54.415267 -161.741325    12.923     2369.1   -76370.4    -6115.8     34.2     25.5     28.9 2021  6  6 20 41  7.240  2.00   1
     3880  55.253487 -161.505257    18.320    17384.7    16944.2     -719.4     15.0     21.0     21.0 2021  6  7  2 16 53.850  1.03   1
     3884  55.232446 -161.840186    21.501    -3955.0    14601.9     2461.8     31.3     24.0     26.5 2021  6  7  6 10 53.040  0.99   1
      389  54.957983 -161.529769    20.574    15881.4   -15952.6     1535.6     18.9     18.8     26.3 2021  1 13 12 35 40.560  1.47   1
     3898  54.464237 -162.144889    62.694   -23596.8   -70918.8    43655.2     49.5     15.2     17.2 2021  6  8  0 35  9.080  2.85   1
     3902  55.273499 -161.755322    14.619     1452.4    19172.0    -4419.7     22.6     20.6     26.4 2021  6  8 11 10 50.780  0.24   1
     3903  54.964587 -162.698551     4.265   -58852.9   -15217.5   -14774.4     13.2     18.8     20.4 2021  6  8 16 16 36.830  1.40   1
     3906  55.060535 -163.375098    10.921  -101990.1    -4536.2    -8118.0     29.7     56.2     46.0 2021  6  8 18 49 25.700  1.83   1
     3911  55.433834 -161.499202    13.604    17730.4    37021.3    -5435.1     23.8     35.4     35.7 2021  6  8 21 16  0.160  0.93   1
     3913  55.399186 -161.697217    20.811     5145.4    33164.1     1772.2     15.9     21.5     10.3 2021  6  8 23 27 54.760  0.35   1
     3917  55.313452 -161.722754    27.786     3525.1    23619.8     8747.1     22.5     24.1     17.2 2021  6  9  4 36 38.220  1.29   1
     3919  55.327808 -161.708089    37.135     4457.9    25217.9    18096.3     35.5     36.3     21.2 2021  6  9  7 41 34.480  1.47   1
     3922  55.274569 -161.583301    23.795    12409.2    19291.1     4756.5     13.0     13.3     15.9 2021  6  9 11 46 41.310  1.08   1
     3926  55.198018 -161.600586    17.640    11319.1    10769.2    -1398.4     17.3     16.4     21.5 2021  6  9 14 33 56.860  1.57   1
     3928  55.256075 -161.712549    41.823     4177.8    17232.3    22784.4     18.3     21.9     17.4 2021  6  9 20 22 41.520  1.18   1
     3934  55.472046 -161.826595    28.348    -3079.6    41275.2     9308.8     23.5     31.0     16.4 2021  6 10 10 19 53.060  1.00   1
     3936  54.494364 -162.354622    57.061   -37076.7   -67564.9    38022.4     33.6     17.4     21.6 2021  6 10 17 27 56.300  2.34   1
     3942  55.367891 -161.653288    31.321     7942.2    29680.2    12282.1     17.5     36.1     14.8 2021  6 10 22 23 22.200  1.26   1
     3951  54.357800 -161.723714    12.342     3505.2   -82767.8    -6696.7     29.7     20.9     20.7 2021  6 11 14 44 30.210  1.39   1
     3958  55.061800 -161.781152    18.420     -193.3    -4395.3     -619.0     19.1     14.3     14.7 2021  6 11 19 41 33.920  0.55   1
     3960  54.786466 -161.403857    59.182    23983.9   -35046.7    40142.8     25.1     27.0     25.3 2021  6 11 21 52 49.580  1.48   1
     3961  55.450260 -161.852295    26.407    -4713.8    38849.9     7368.1     38.2     27.5     20.1 2021  6 11 22 53  2.420  0.34   1
     3964  55.300191 -161.772835    13.022      336.8    22143.5    -6017.3     33.6     22.4     23.0 2021  6 12  3 58 33.030  1.00   1
     3971  55.234265 -161.740381    15.092     2405.3    14804.3    -3946.8     10.2     17.8     18.1 2021  6 12 10  6 13.170  0.56   1
     3975  54.441667 -161.579688    12.131    12770.6   -73431.5    -6907.6     31.1     22.0     21.8 2021  6 12 11 46 24.620  3.60   1
     3976  55.306266 -161.744108     2.965     2165.8    22819.8   -16074.2     12.5      8.9     10.7 2021  6 12 11 46 52.350  3.58   1
     3978  54.401514 -161.555713    13.682    14320.5   -77901.5    -5356.7     14.5     12.6     14.5 2021  6 12 11 57 37.100  1.49   1
      398  55.107609 -161.544124     4.122    14935.6      704.4   -14917.0     10.0      5.2     17.0 2021  1 13 15 42 15.780  1.29   1
     3984  55.299715 -161.717562    15.047     3856.3    22090.5    -3991.6     23.6     16.4     14.7 2021  6 12 18 33 24.320  0.39   1
     3992  55.055465 -161.653743     0.885     7944.1    -5100.6   -18153.6     36.3     31.1     28.6 2021  6 12 23 54 40.160  0.53   1
     3995  55.441492 -161.699984    37.872     4966.8    37873.8    18832.9     92.3     79.2     38.6 2021  6 13  1 51 52.850  0.58   1
     3998  55.166874 -163.129199    10.823   -86171.6     7302.1    -8215.4     18.6     29.3     20.7 2021  6 13  2 18 56.880  1.44   1
     4000  55.131067 -163.177376    11.603   -89284.2     3315.8    -7435.4     15.8     36.0     20.2 2021  6 13  3  3 51.250  2.27   1
      401  54.872795 -161.552979    16.702    14412.5   -25436.3    -2336.9     18.8     16.6     20.0 2021  1 13 16 14  7.200  1.81   1
     4016  54.823934 -161.901009    23.013    -7871.0   -30875.7     3973.7     19.4     11.6     10.2 2021  6 13 12 12 45.330  0.65   1
     4026  54.991720 -160.806917    54.901    62078.9   -12197.0    35862.4     10.2     31.7     14.3 2021  6 13 19 37 21.960  1.29   1
     4028  54.946179 -161.603288    20.319    11181.8   -17266.7     1279.7     12.1     16.5     11.7 2021  6 13 19 43 50.120  1.25   1
     4032  54.922270 -162.859733     1.747   -69195.3   -19928.5   -17292.3     20.7     29.9     23.7 2021  6 13 22 24 53.480  1.65   1
     4034  55.315845 -161.798779     3.002    -1314.9    23886.2   -16037.3      8.0      7.2     33.5 2021  6 13 22 25 18.400  0.24   1
     4037  55.149561 -162.104183     5.089   -20800.5     5374.6   -13949.6     23.2     17.2     21.6 2021  6 14  0 12 27.690  0.29   1
     4038  54.831783 -161.363053    12.802    26583.8   -30001.9    -6237.3     32.1     27.7     35.8 2021  6 14  0 26 10.680  1.54   1
     4048  54.682491 -161.355924    12.163    27090.4   -46621.7    -6876.2     18.9     12.1     25.9 2021  6 14 10 42 18.270  3.07   1
     4059  55.000159 -161.436865    32.238    21810.8   -11257.5    13198.9     14.0     16.7     17.6 2021  6 15  5  7 53.150  2.02   1
     4065  54.552779 -162.175700    32.440   -25551.2   -61061.9    13400.9     80.6     31.3     61.0 2021  6 15 10 40 37.300  1.68   1
     4067  55.157475 -161.983398     8.702   -13093.9     6255.7   -10337.3     11.1      8.2     15.6 2021  6 15 11 58  0.550  0.44   1
     4068  55.353239 -161.869889    19.323    -5839.1    28049.1      284.5     42.3     20.1     17.5 2021  6 16 13 52 27.930  0.55   1
     4069  55.345841 -161.844417     1.936    -4218.7    27225.5   -17103.0     15.5     18.2     15.6 2021  6 16 17  4 37.580  1.93   1
     4073  54.941947 -162.249870     3.652   -30172.3   -17737.8   -15387.3     12.5      8.9     15.3 2021  6 16 18 14 33.580  1.81   1
     4075  54.977405 -162.275684     2.919   -31809.3   -13790.6   -16118.5      8.9      7.9     11.9 2021  6 16 18 34 58.240  0.39   1
     4081  54.556331 -161.414274    13.724    23382.8   -60666.4    -5315.0     21.8     14.5     14.6 2021  6 17  4 22 37.900  1.46   1
     4082  55.084851 -161.994971     8.458   -13844.6    -1829.1   -10581.1     20.2     26.2     38.1 2021  6 17  4 23 14.920  1.08   1
     4088  55.490072 -161.795785    24.894    -1121.8    43281.9     5854.7     18.1     36.0     15.4 2021  6 17 10  9 15.390  0.81   1
      409  55.029740 -162.036003     7.798   -16475.6    -7964.3   -11241.1     11.8     12.9     27.6 2021  1 13 20 56 29.260  0.53   1
     4090  55.487826 -161.894710    28.761    -7406.0    43031.9     9722.1     25.1     23.0      9.3 2021  6 17 10 12 23.360  0.83   1
     4093  54.497371 -161.672266    10.837     6808.0   -67230.1    -8202.2     22.8     13.9     16.2 2021  6 17 14 24 36.740  1.80   1
     4094  55.373633 -161.011523    32.611    48767.8    30319.4    13571.7     23.9     48.1     45.0 2021  6 17 14 41  3.250  1.05   1
     4100  54.862463 -162.347363    37.550   -36443.8   -26586.4    18511.0     18.7     13.5     16.0 2021  6 17 18 42 30.320  1.99   1
     4101  54.940800 -162.247038    21.924   -29991.5   -17865.6     2885.4     14.8      9.9     10.0 2021  6 17 18 42 41.240  2.01   1
     4106  55.185128 -163.290918    11.676   -96464.1     9334.1    -7363.0     32.2     36.7     33.7 2021  6 18  3 52 19.460  1.66   1
     4107  54.939950 -162.248698     4.236   -30098.0   -17960.3   -14802.4      8.8     11.1     15.9 2021  6 18  4  8 59.880  1.04   1
     4108  54.956352 -162.254313     2.275   -30451.0   -16134.3   -16763.8     10.3      8.4     10.5 2021  6 18  4  9 19.810  1.37   1
     4109  54.967826 -162.218766     6.163   -28173.8   -14856.9   -12876.2     16.2     15.9     12.4 2021  6 18  4 33 59.580  1.85   1
     4110  54.959558 -162.231201     6.998   -28971.9   -15777.3   -12040.7     10.4      6.6     14.5 2021  6 18  4 34 11.000  2.00   1
     4114  54.833622 -161.859912     2.572    -5238.0   -29797.1   -16466.6     21.6     19.0     21.4 2021  6 18 11 11 42.410  1.15   1
     4116  54.580009 -161.639551    33.038     8902.8   -58030.5    13999.4     11.9      9.7     20.3 2021  6 18 11 40 51.220  1.29   1
     4119  55.153788 -161.483659    22.277    18784.1     5845.3     3238.1     28.6     25.2     31.9 2021  6 18 12 26  6.630  0.69   1
     4125  55.216785 -162.152490     9.451   -23862.2    12858.3    -9587.4     20.4     24.0     34.1 2021  6 18 19 15 14.660  0.51   1
     4132  54.493551 -163.203320    13.766   -91660.7   -67655.5    -5272.9     21.1     20.2     22.7 2021  6 18 20 51 32.360  1.60   1
     4144  55.353666 -161.864600    20.760    -5502.5    28096.6     1720.9     14.4     16.1     11.5 2021  6 19  1 25  8.930  0.36   1
     4145  55.006047 -162.355534    14.662   -36901.0   -10602.0    -4377.3     15.5     17.1     16.5 2021  6 19  2 53 26.610  1.66   1
     4146  54.998425 -162.361556     8.307   -37289.4   -11450.5   -10732.2      6.1      8.8      9.7 2021  6 19  2 53 53.080  0.64   1
     4149  54.405180 -163.249154     6.997   -94711.3   -77493.3   -12041.8     32.1     28.2     25.6 2021  6 19  7 50 29.840  3.06   1
     4153  54.794076 -161.092301    31.451    43945.0   -34199.6    12412.2     17.4     21.1     42.7 2021  6 19 10 14 15.130  0.90   1
     4154  54.963045 -160.745931    10.345    66000.6   -15389.1    -8694.3     36.9     50.2     43.7 2021  6 19 10 16 26.140  1.41   1
      416  55.168640 -161.473063    29.053    19456.4     7498.7    10014.0     20.3     34.9     28.3 2021  1 13 21 42 18.680  2.63   1
     4161  55.396232 -162.348584    48.280   -36279.8    32835.3    29240.9     58.5     46.3     21.3 2021  6 19 15 59 51.280  0.84   1
     4164  54.949186 -162.069694     5.202   -18646.7   -16932.0   -13837.4      6.2     11.1     13.3 2021  6 19 16 32 56.240  0.12   1
     4165  55.382434 -161.863249    31.707    -5414.6    31299.2    12668.6     29.7     37.3     15.0 2021  6 19 21 40 49.040  0.98   1
     4170  54.931140 -162.287451     5.966   -32580.3   -18941.0   -13073.0      9.9     11.1      7.5 2021  6 20  0 20 56.300  1.11   1
     4172  54.847990 -162.570996    34.666   -50770.3   -28197.6    15626.8     65.8     50.9     64.2 2021  6 20  0 45 25.130  1.10   1
     4176  55.037915 -161.639925     0.614     8828.6    -7054.3   -18425.0     22.2     17.7     16.6 2021  6 20  2 39 25.990  2.46   1
     4177  54.460579 -161.254834    11.516    33668.8   -71326.0    -7523.2     14.1     13.8     11.8 2021  6 20  2 41 24.880  1.15   1
     4180  54.937443 -162.872738     1.903   -70014.1   -18239.3   -17135.6     14.1     24.2     15.6 2021  6 20  3 23 46.280  1.29   1
     4185  54.568958 -161.348226     9.168    27623.1   -59260.8    -9870.5     19.7     15.2     15.6 2021  6 20  7 47 25.200  1.27   1
     4196  55.135014 -161.715153    18.048     4018.0     3755.2     -991.1     16.9     14.1     15.2 2021  6 20 15  1  2.300  0.99   1
     4197  54.453296 -161.814714    17.956    -2354.3   -72136.8    -1082.7     20.0     14.7     27.0 2021  6 20 15  5 19.400  1.61   1
     4206  54.745772 -162.582340     4.418   -51561.9   -39577.0   -14620.9     12.3     10.3     14.8 2021  6 20 21 38  4.240  2.22   1
     4212  55.247990 -161.852555    30.224    -4742.4    16332.2    11185.2    100.7     49.4     20.0 2021  6 21  1 44 22.090  0.60   1
     4213  55.110726 -162.426709    41.915   -41395.7     1051.4    22876.1     20.4     41.6     19.4 2021  6 21  1 53  1.600  1.69   1
     4215  54.891423 -162.163997     0.803   -24695.4   -23362.5   -18235.8      9.8      9.9      9.4 2021  6 21  2 33 11.480  0.33   1
     4218  55.100053 -162.225244     5.986   -28541.1     -136.8   -13052.7     18.0     29.5     16.7 2021  6 21  2 35 11.390  0.15   1
      422  55.076603 -162.041569     3.919   -16821.4    -2747.3   -15120.0     13.2     15.4     30.2 2021  1 13 22 45 41.860  0.91   1
     4220  55.412276 -161.928678    27.720    -9572.9    34621.4     8681.5     29.4     30.0     16.9 2021  6 21  7 59 55.150  0.09   1
     4221  55.283976 -161.576253    47.669    12856.6    20338.4    28630.5     91.8     90.1     51.1 2021  6 21  8  2  0.740  0.77   1
     4222  54.811141 -161.246077    31.037    34084.4   -32299.8    11998.5     17.6     13.5     31.9 2021  6 21  9 56 53.630  2.15   1
     4223  55.126457 -161.511198     1.473    17033.2     2802.6   -17565.6      6.8     15.2      9.5 2021  6 21  9 57 16.050  2.02   1
     4224  55.107194 -162.213070     5.102   -27761.4      658.2   -13936.8     12.2     13.6      9.4 2021  6 21 10  4 51.070  0.34   1
     4226  55.307487 -161.586572     9.318    12195.8    22955.7    -9720.4     15.1     17.9     22.8 2021  6 21 11 55 41.980  0.98   1
      423  55.056608 -162.047054     2.266   -17175.9    -4973.3   -16773.2      4.8      8.6      9.3 2021  1 13 22 46 11.400  0.56   1
     4238  54.419397 -161.633789     8.599     9291.4   -75910.6   -10440.2     42.9     25.7     35.7 2021  6 21 14 53 44.070  2.03   1
     4240  54.597795 -161.248503    27.921    34018.6   -56050.6     8882.6     10.3      8.5     33.4 2021  6 21 17 21  4.620  2.88   1
     4247  54.567554 -161.320361    11.901    29414.0   -59417.1    -7137.6     26.3     17.4     18.3 2021  6 22  7  4 16.310  1.82   1
      425  55.095671 -162.049170     3.150   -17302.6     -624.7   -15888.8      9.4     12.7     16.6 2021  1 13 23 19 54.520  0.69   1
     4250  55.225395 -161.693197    22.147     5412.8    13816.8     3108.0     40.9     28.3     29.9 2021  6 22  8  2 11.240  0.95   1
     4252  55.097359 -162.959521     1.695   -75414.9     -436.7   -17343.8     15.5     29.9     17.9 2021  6 22  9 54  5.540  1.36   1
     4253  55.306311 -161.608724    28.812    10785.6    22824.8     9772.9     12.7     13.1     16.9 2021  6 22  9 59 29.680  1.23   1
      426  55.097579 -162.047201     2.897   -17176.5     -412.2   -16142.1      9.3     10.3      8.9 2021  1 13 23 37 36.140  0.72   1
     4261  54.729476 -160.807552    34.898    62240.4   -41391.2    15859.1     20.5     20.7     43.5 2021  6 22 18 38 50.000  2.26   1
     4262  54.652616 -161.193392    12.458    37533.1   -49947.5    -6581.3     15.7     16.9     16.1 2021  6 22 19  3 26.840  1.51   1
     4263  54.505656 -162.204329    57.472   -27407.0   -66307.9    38432.8     38.5      9.0     11.5 2021  6 22 19 40 20.340  1.80   1
     4265  55.375216 -161.761947    20.667     1029.2    30495.6     1628.4     29.5     23.2     10.9 2021  6 22 20  2  9.700  0.68   1
     4268  54.985632 -161.896598     2.923    -7573.3   -12874.6   -16115.5     12.9      9.5      8.3 2021  6 22 23 12 45.300  0.94   1
     4270  55.133504 -161.768652     6.470      604.4     3587.2   -12569.2     11.4     16.4     16.1 2021  6 23  1 16 53.250  0.32   1
     4271  55.349715 -161.227344    17.259    35048.7    27656.8    -1780.3     16.5     33.6     32.5 2021  6 23  5  6 23.470  0.79   1
     4272  55.290381 -161.876530     7.110    -6266.6    21051.4   -11928.6     13.5     11.7     18.8 2021  6 23  5  6 45.290  1.49   1
     4275  55.404240 -162.706478     2.199   -59035.0    33726.7   -16840.2     24.4     25.8     25.4 2021  6 23 12 36 44.650  2.11   1
     4285  55.381783 -161.935270    40.939    -9995.9    31226.7    21899.9     42.2     34.5     23.1 2021  6 25  8 20 16.700  0.87   1
      429  55.101941 -162.049382     3.226   -17314.8       73.4   -15812.5      5.4      9.2     20.9 2021  1 13 23 49 37.880  1.30   1
     4291  55.291789 -161.785579    21.063     -474.7    21208.1     2024.5     36.6     27.8     18.6 2021  6 25 15 23  3.090  1.99   1
     4294  55.014746 -161.603646    19.315    11149.4    -9633.6      276.0     18.6     22.1     26.5 2021  6 25 18 35  2.740  1.25   1
     4299  54.620390 -161.293571    29.581    31115.1   -53535.1    10542.6     16.9     16.0     39.7 2021  6 26  2 45 35.190  1.77   1
       43  54.821733 -161.813298     0.301    -2253.0   -31120.7   -18738.1     19.4     16.8     15.2 2021  1  2 11 51 52.070  1.44   1
      430  55.101839 -162.050130     2.827   -17362.6       62.1   -16211.9     12.0      8.3      9.3 2021  1 13 23 52  2.120  1.04   1
     4301  55.190792 -161.270231    15.070    32383.8     9964.7    -3969.3     24.4     29.2     73.9 2021  6 26  3 13 42.950  1.35   1
     4302  55.354513 -161.848210    10.318    -4459.5    28190.8    -8721.2     19.1     11.8     14.6 2021  6 26  3 14 15.740  0.73   1
     4306  54.529561 -161.771631    13.067      417.5   -63646.6    -5971.5     18.6     13.5     16.4 2021  6 26 15 14  9.370  1.38   1
     4308  55.074166 -161.890658    45.140    -7185.6    -3018.7    26100.7     76.5     52.5     53.9 2021  6 26 16  3 36.550  1.01   1
     4309  55.358793 -160.960596    46.434    52017.2    28667.4    27395.1     15.3     35.7     24.3 2021  6 26 16 31 50.790  1.48   1
     4315  54.645304 -161.559408    12.969    14040.4   -50761.5    -6069.6     25.8     18.1     24.6 2021  6 26 20  4 10.440  2.60   1
     4316  54.787520 -161.839437    24.957    -3929.0   -34929.4     5917.7     26.4     11.2     11.5 2021  6 26 20  4 18.300  2.96   1
     4322  54.607910 -161.265218    31.211    32940.9   -54924.4    12172.0      9.0      9.1     22.7 2021  6 27  1 59 57.060  1.65   1
     4323  55.105452 -162.211670     4.994   -27672.7      464.3   -14045.3     12.3     14.9     20.3 2021  6 27  3 10 27.460  0.38   1
     4331  55.225680 -162.358008    12.937   -36957.8    13848.5    -6101.5     28.0     31.4     39.9 2021  6 27  7 25 25.280  1.71   1
     4332  55.080880 -161.690527    26.023     5593.0    -2271.2     6983.9     24.8     24.3     30.3 2021  6 27  8 17 30.870  0.61   1
     4335  55.212044 -161.649072    35.126     8226.4    12330.6    16087.6     29.1     20.3     22.8 2021  6 27  9 40 12.910  0.24   1
     4336  55.372929 -161.542871     8.995    14965.9    30241.0   -10043.5     12.6     23.4     20.5 2021  6 27 10 16 59.090  0.24   1
     4339  55.279606 -161.657422    14.147     7687.6    19851.9    -4891.9     18.4     16.6     18.0 2021  6 27 14 31 30.200  0.23   1
     4342  55.497681 -162.149984    30.348   -23619.2    44129.0    11309.3    102.0     89.7     93.6 2021  6 27 16 34 13.480  1.32   1
     4345  55.397750 -161.651481     8.579     8054.1    33004.2   -10459.4     15.7     38.0      8.3 2021  6 27 17 15 50.320  0.64   1
     4348  54.963639 -161.589811    20.939    12041.1   -15323.0     1899.7     14.4     13.3     21.6 2021  6 27 23 55 56.660  0.83   1
     4349  54.827861 -161.373584    29.392    25910.6   -30438.5    10352.8      9.8     12.7     24.4 2021  6 27 23 56  6.060  1.35   1
     4353  55.253719 -161.629622    49.179     9461.2    16970.0    30140.1     85.9     70.9     45.7 2021  6 28  8  6 19.230  0.90   1
     4357  54.477787 -162.979557    13.967   -77284.5   -69410.3    -5071.9     30.5     24.8     29.5 2021  6 28  9 19 33.570  1.33   1
     4358  54.402816 -161.654346     9.523     7969.7   -77756.5    -9516.1     24.6     17.0     22.3 2021  6 28 10 15 43.900  1.48   1
     4361  55.268152 -161.815218    52.302    -2362.8    18576.8    33262.9     68.4     43.6     24.9 2021  6 28 12  0 14.640  1.11   1
     4365  55.417912 -161.456641    10.416    20440.1    35248.7    -8622.5     15.3     18.9     34.5 2021  6 28 13 22 43.780  0.55   1
     4368  54.617786 -161.518896    45.150    16646.6   -53825.1    26111.1     12.5     10.6     13.5 2021  6 28 16  4 46.700  1.23   1
     4370  55.187744 -161.800326    20.695    -1415.6     9625.4     1656.4     73.9     22.3     27.9 2021  6 28 17  9  2.320  0.58   1
     4373  54.488155 -161.705859    15.231     4648.0   -68256.1    -3808.1     22.2     17.6     21.8 2021  6 28 18 39 41.400  1.00   1
     4376  54.991724 -161.876221    10.219    -6270.2   -12196.5    -8819.5     14.9     11.9     30.8 2021  6 28 20 21 15.940  0.82   1
     4378  55.002559 -162.295345     9.766   -33055.9   -10990.2    -9273.1     12.9      9.0     13.3 2021  6 28 21  9 23.720  1.11   1
      438  54.429504 -161.337598     8.116    28354.6   -74785.4   -10922.5     53.0     43.5     56.4 2021  1 14  2  7 56.070  1.53   1
     4383  55.163074 -162.176497     2.103   -25409.4     6879.0   -16936.1     13.4     17.2     18.7 2021  6 29  0 17 22.290  0.37   1
     4386  55.335132 -161.725798     6.370     3330.4    26033.3   -12669.0      6.5      8.9      7.8 2021  6 29  0 57 57.850  1.85   1
     4393  54.896692 -161.569368    19.137    13359.3   -22775.9       97.6     13.7     14.7     17.0 2021  6 29  8 12 43.520  1.05   1
     4400  55.160994 -161.846745     7.638    -4376.9     6647.5   -11401.1     13.2     15.9     16.5 2021  6 29 12 38 19.600  0.43   1
     4402  54.784513 -161.935905     1.926   -10111.1   -35264.1   -17112.8     14.1      9.9     11.0 2021  6 29 17 54 52.480  1.33   1
     4409  54.981970 -161.890771     3.923    -7201.2   -13282.3   -15116.4     17.4     10.9     21.2 2021  6 30  1 46 12.980  1.38   1
     4410  54.607764 -161.281868    11.750    31871.6   -54940.8    -7289.3     14.9     12.6     12.5 2021  6 30  1 48 22.170  1.73   1
     4411  55.014058 -162.265788     2.901   -31162.4    -9710.1   -16138.2     19.3     17.6     20.7 2021  6 30  2 59 12.060  1.17   1
     4413  55.019047 -161.497656    33.313    17921.3    -9154.8    14274.1     16.8     12.1     20.7 2021  6 30 10 40  7.880  1.94   1
     4419  55.147791 -160.951660    71.498    52724.5     5177.6    52459.4     21.5     31.1     22.7 2021  7  1  0 35 51.240  2.53   1
     4422  54.735832 -163.510433    12.922  -111079.8   -40683.6    -6116.8     17.0     22.6     18.7 2021  7  1 10 29 36.020  2.03   1
     4423  54.875163 -163.149089    17.056   -87758.0   -25172.6    -1983.4     21.1     31.7     26.7 2021  7  1 17 26 23.240  2.29   1
     4432  54.952087 -162.068994     5.296   -18601.3   -16609.0   -13743.2      7.2     10.1     13.7 2021  7  2 20 25 30.240  1.67   1
     4437  54.499394 -161.724495    11.217     3448.9   -67005.0    -7821.9     10.4      8.8     10.2 2021  7  3 12 15 37.400  1.94   1
     4444  55.035596 -161.788770    16.699     -680.0    -7312.5    -2340.1     23.2     14.9      9.7 2021  7  4  2 21  5.830  1.33   1
     4448  55.240987 -161.402360    40.247    23944.2    15552.7    21208.2     24.1     28.7     22.5 2021  7  4  7  6 29.930  0.82   1
      445  54.547567 -161.209993     9.801    36514.8   -61642.2    -9237.8     18.7     12.8     12.8 2021  1 14  3 41 35.420  2.25   1
     4450  54.551799 -162.102865    21.564   -20870.5   -61171.1     2524.8     27.2     18.1     18.4 2021  7  4 14 27 16.240  1.15   1
     4452  55.481645 -161.778239     0.964       -7.2    42343.8   -18075.2     34.4     28.6     26.0 2021  7  4 15  1 17.480  0.82   1
     4454  55.212000 -161.931331     4.619    -9766.0    12325.6   -14419.7     13.2     14.9     16.7 2021  7  4 18 15 21.120  0.26   1
     4459  55.053377 -161.663639    22.751     7312.2    -5332.9     3712.5     13.0     15.4     17.2 2021  7  4 20 39  1.200  1.23   1
     4465  55.379244 -162.130452    24.059   -22411.9    30944.1     5020.2     69.1    116.0     63.7 2021  7  5  2 20 34.560  0.02   1
     4468  54.975574 -160.820117    58.077    61247.5   -13994.4    39038.0     10.3     29.4     13.8 2021  7  5  2 47 31.390  1.37   1
     4475  54.954069 -162.254085     2.286   -30437.3   -16388.4   -16753.3      6.4      9.5     10.2 2021  7  5 18 18  8.520  1.18   1
     4476  54.937480 -162.243994     1.781   -29798.1   -18235.2   -17258.0     10.2      9.6     13.3 2021  7  5 18 18 20.600  1.62   1
      448  55.059851 -162.444466     2.940   -42556.0    -4612.3   -16098.9     17.2     18.9     44.8 2021  1 14  5 15 42.230  1.23   1
     4481  54.536711 -162.573503    20.917   -51127.1   -62850.7     1878.1     25.7     17.1     31.2 2021  7  5 23 55 26.360  1.45   1
     4482  55.306840 -161.824056    14.932    -2924.4    22883.7    -4106.4     28.6     14.1     13.2 2021  7  6  0 32 48.470  0.46   1
      449  55.045097 -162.076107     9.733   -19034.1    -6254.8    -9306.0      7.3     18.6     26.7 2021  1 14  5 28 25.250  0.58   1
     4494  55.264132 -161.534668     6.791    15508.9    18129.2   -12248.3     13.4     15.6     53.8 2021  7  6 12 45 54.120  0.17   1
     4497  54.756226 -161.054867    31.154    46365.4   -38413.3    12114.9     11.2      9.4     24.7 2021  7  6 17 56 24.900  2.19   1
     4498  55.205119 -161.619678    12.900    10101.0    11559.6    -6138.4     19.6     36.8     42.0 2021  7  6 18 44 15.680  1.23   1
     4502  54.815861 -161.193880    30.665    37426.1   -31774.4    11626.6     14.3     16.1     35.7 2021  7  6 21 35 16.960  2.77   1
     4511  55.102698 -162.367448     8.040   -37617.1      157.6   -10998.6     16.7      8.5     16.0 2021  7  7  9 44 11.680  0.66   1
     4513  55.071037 -162.160286     4.885   -24403.4    -3367.0   -14154.4     15.1     17.6     23.8 2021  7  7 11 42 57.200  0.53   1
     4518  55.104663 -162.384505     6.924   -38705.0      376.4   -12114.5     14.8      7.3     17.9 2021  7  7 14 16 21.290  0.34   1
     4520  55.289400 -162.112516    24.955   -21294.9    20942.2     5916.1     34.1     21.0     27.0 2021  7  7 15 59 53.770  1.23   1
     4522  54.778691 -161.229899    33.592    35134.9   -35912.4    14553.3     10.0     16.0     29.6 2021  7  7 19 52 52.340  2.06   1
     4524  55.262150 -161.894092     8.529    -7387.6    17908.6   -10510.1     30.4     12.1     15.9 2021  7  7 20 45 36.740  0.90   1
     4525  55.334334 -161.598844     8.976    11410.6    25944.5   -10063.3     30.5     35.1     60.1 2021  7  7 22 34 11.960  0.65   1
     4531  55.082186 -161.434017     1.824    21970.4    -2125.8   -17214.9     15.9     18.0     15.9 2021  7  8  4  1 53.270  1.57   1
     4537  55.299325 -161.920557    26.128    -9069.3    22047.1     7089.6     55.4     51.8     41.6 2021  7  8  7 45 43.930  0.98   1
      454  55.305322 -161.652751    29.238     7982.6    22714.8    10199.5     41.2     51.1     28.3 2021  1 14  6 11 28.110  0.59   1
     4540  54.459172 -163.132959     7.507   -87172.3   -71482.7   -11531.9     21.4     18.2     20.0 2021  7  8 12 11 31.290  1.60   1
     4543  54.362838 -161.660156    12.722     7599.3   -82207.1    -6317.2     29.9     20.9     23.7 2021  7  8 15 10 15.810  1.26   1
     4549  55.275635 -162.073275    21.712   -18799.1    19409.8     2672.9     27.4     31.6     29.0 2021  7  8 21 55  7.980  0.76   1
     4550  54.768958 -163.007715    11.554   -78812.0   -36995.9    -7485.0     11.6      7.6     27.1 2021  7  8 22 29 34.120  1.26   1
     4551  54.628691 -161.316960    31.201    29610.2   -52611.1    12162.0     14.5     15.0     30.8 2021  7  8 22 50  7.200  1.39   1
      456  54.595894 -161.295524    12.359    30999.1   -56262.1    -6679.5      9.9      9.2     10.0 2021  1 14  6 30 46.600  2.02   1
      457  54.562488 -161.219694    13.668    35884.7   -59981.1    -5370.6     18.6     16.1     14.1 2021  1 14  6 32 54.860  3.58   1
     4572  55.207414 -162.222201    16.516   -28308.9    11815.1    -2522.5     18.0     18.2     17.2 2021  7  9 13 43  5.320  2.19   1
     4575  54.958594 -161.555339    19.631    14246.2   -15884.7      592.0     11.2     11.7     18.4 2021  7  9 15  3 55.090  1.22   1
     4579  54.555766 -163.344238    13.049  -100646.6   -60729.4    -5989.4     17.1     18.5     19.8 2021  7  9 19 13 56.000  1.44   1
      458  54.575602 -161.285303    29.450    31663.6   -58521.1    10411.1     16.4     10.9     32.0 2021  1 14  6 33 52.080  2.82   1
     4583  55.201973 -161.939063    10.208   -10260.1    11209.5    -8830.6     19.2     23.1     17.8 2021  7 10  0  5 57.390  0.53   1
     4588  55.406510 -161.856576     8.027    -4988.6    33979.5   -11011.9     21.5     21.7     16.6 2021  7 10  7  5 59.730  0.52   1
      459  54.582104 -161.325309    11.973    29090.8   -57797.2    -7066.0     20.4     14.6     15.6 2021  1 14  6 38 26.640  1.53   1
     4591  55.451750 -161.881120    29.424    -6545.7    39015.7    10385.1     15.5     15.5      5.7 2021  7 10 11  3 19.860  1.09   1
     4596  55.282324 -161.724512    17.452     3414.5    20154.5    -1587.0     16.8     14.1     11.0 2021  7 10 14 34 15.640  0.83   1
      460  54.569792 -161.279606    24.868    32031.9   -59168.0     5829.4     14.0      8.9      9.5 2021  1 14  6 43 26.000  1.84   1
     4605  55.493107 -161.569629    30.302    13243.7    43619.8    11263.6     21.9     22.6     24.3 2021  7 11  1 25 40.410  1.47   1
     4606  55.399744 -161.904069    16.222    -8009.4    33226.2    -2816.5     15.4     12.2     11.3 2021  7 11  1 59  7.380  0.56   1
     4611  55.554932 -161.106315    63.090    42640.5    50502.4    44051.1     75.9     93.8     78.5 2021  7 11 10 56 20.030  1.77   1
     4612  55.337467 -161.541585    16.298    15054.4    26293.3    -2741.2     19.3     23.0     32.5 2021  7 11 10 56 26.820  0.83   1
     4613  55.197868 -161.547510    38.943    14703.0    10752.4    19904.6     38.9     78.6     31.7 2021  7 11 10 57 42.430  1.07   1
     4614  55.215942 -161.706641     3.496     4556.5    12764.6   -15542.7     17.8     10.8     23.2 2021  7 11 11 28 36.000  0.23   1
     4615  54.882288 -162.993294    13.590   -77778.4   -24379.5    -5447.8     30.3     38.3     43.3 2021  7 11 17  6 33.980  1.60   1
     4627  54.673767 -162.269775    34.814   -31550.0   -47592.9    15774.8     70.8     11.7     26.7 2021  7 11 23  3 12.840  1.59   1
     4637  55.351953 -161.751286    17.933     1707.9    27905.9    -1106.2     30.7     28.3     18.6 2021  7 12  5  1 56.300  0.89   1
     4641  54.639250 -161.896663    34.886    -7610.1   -51435.6    15847.1     57.2     39.8     67.2 2021  7 12  8 31  3.070  1.13   1
     4645  55.136991 -161.257715    13.799    33204.2     3975.4    -5240.1     42.4     42.9     56.5 2021  7 12 10 41 33.710  1.60   1
     4653  55.365405 -161.742415    37.417     2271.9    29403.5    18378.5     44.8     43.8     28.7 2021  7 12 14 54 30.030  1.42   1
     4656  54.915898 -162.753939     1.541   -62432.1   -20637.8   -17497.4     17.8     25.3     20.6 2021  7 12 16  6 56.230  0.87   1
     4661  54.649325 -162.469727    68.363   -44394.6   -50314.0    49324.0     30.8     21.7     20.8 2021  7 12 21 46 18.640  1.28   1
     4663  55.028951 -162.296891    11.594   -33143.8    -8052.2    -7445.1     25.6     22.9     17.4 2021  7 12 21 47  0.100  1.43   1
     4669  54.803121 -162.002995     1.562   -14407.2   -33192.7   -17476.8      9.7      8.3      9.2 2021  7 13  1 13 57.760  0.62   1
     4671  54.922148 -162.641081    33.643   -55207.2   -19942.1    14603.8     15.6     15.4     19.6 2021  7 13  2 12 40.900  1.48   1
     4673  55.361247 -161.816390    15.070    -2434.6    28940.5    -3968.4     26.9     17.4     12.5 2021  7 13  4  9 14.290  0.10   1
     4674  55.668420 -161.482064     2.734    18764.5    63136.5   -16304.5     60.4     46.8     52.5 2021  7 13  4 23 53.660  1.13   1
     4675  55.395044 -161.875277    12.024    -6178.7    32703.0    -7015.0     20.6     16.0     17.5 2021  7 13  4 30  9.930  0.19   1
     4680  54.368962 -161.396094    16.635    24607.8   -81525.3    -2403.5     78.4     57.2     60.1 2021  7 13  6  3 25.690  1.36   1
     4681  55.248116 -161.982975     5.387   -13052.1    16346.3   -13651.5     30.8     24.1     27.9 2021  7 13  6  3 54.010  0.36   1
     4682  54.681551 -163.461133    12.130  -107991.0   -46726.4    -6909.4     12.0     10.6     12.9 2021  7 13  6 47 56.560  1.46   1
     4684  55.380961 -161.908480    15.978    -8291.8    31135.2    -3061.1     23.7     25.7     14.0 2021  7 13  7 20 54.030  0.65   1
     4686  55.004089 -162.253760     5.362   -30397.6   -10819.9   -13677.1     16.9     15.5     15.1 2021  7 13  7 49  4.670  2.77   1
      469  54.567957 -161.261344    24.262    33206.0   -59372.3     5222.9     14.7     13.5     13.4 2021  1 14 11  1 27.670  2.23   1
     4699  55.419421 -161.385400    22.341    24969.1    35416.8     3302.2     22.0     29.0     24.0 2021  7 13 12 18 58.060  1.16   1
     4703  55.247286 -161.516130     8.863    16693.3    16253.9   -10175.4     21.1     22.6     39.8 2021  7 13 13  5 16.280  1.03   1
     4706  54.710392 -161.480127    49.486    19114.4   -43515.7    30447.2     20.8     18.9     22.1 2021  7 13 14 46 34.100  1.28   1
     4707  55.251025 -162.007959    18.473   -14643.4    16670.2     -565.8     20.6     17.0     20.7 2021  7 13 15 25 34.290  0.41   1
     4708  54.495105 -162.149105    69.655   -23858.9   -67482.4    50616.3     58.5     22.2     24.2 2021  7 13 16  5 14.050  1.79   1
     4712  55.423824 -161.913932    15.437    -8634.0    35906.9    -3602.3     20.0     23.7     18.9 2021  7 13 18 27 25.340  0.49   1
     4714  55.066390 -161.628743     3.292     9539.5    -3884.3   -15747.2     28.8     23.4     36.6 2021  7 13 18 33 12.400  0.64   1
     4716  55.326322 -161.837272    17.032    -3764.9    25052.6    -2006.9     26.6     17.5     14.2 2021  7 13 18 35 57.780  0.55   1
     4720  54.629301 -162.946045    61.196   -74988.5   -52543.1    42157.4     17.4     17.0     18.8 2021  7 13 21 36  6.880  1.67   1
     4733  55.198319 -161.414535    35.263    23180.7    10802.7    16224.1     46.3     47.6     46.5 2021  7 14  5  5 18.740  1.13   1
     4739  54.959855 -161.388688    35.861    24902.4   -15744.3    16822.4     22.8     22.4     21.4 2021  7 14 10 44 55.050  1.15   1
     4740  54.966553 -163.116862    13.297   -85597.9   -14998.7    -5741.5     13.4     22.6     15.0 2021  7 14 12 30 40.540  1.22   1
     4743  55.356535 -162.276546    21.871   -31714.1    28416.0     2832.3     21.8     22.8     26.6 2021  7 14 15 59 54.440  0.65   1
     4745  54.949272 -163.037858     0.390   -80563.8   -16922.5   -18648.4     26.8     40.5     24.1 2021  7 14 16 18 52.940  1.98   1
     4747  54.975688 -163.108887    13.214   -85078.3   -13981.7    -5825.4      9.9     20.7     15.0 2021  7 14 16 26  6.050  0.93   1
     4748  54.929338 -161.547786    29.255    14734.5   -19141.6    10215.8     24.8     24.3     49.8 2021  7 14 16 36 55.550  0.74   1
     4749  55.173368 -161.908626    12.270    -8322.7     8025.0    -6768.7     17.7     22.2     17.5 2021  7 14 16 37 18.660  0.77   1
      475  55.161621 -161.890788    20.686    -7186.1     6717.3     1647.1     23.9     20.2     23.6 2021  1 14 15 59 37.150  0.43   1
     4751  54.509941 -161.104818    12.756    43294.7   -65830.9    -6282.8     21.6     20.8     18.3 2021  7 14 17  7 51.240  1.39   1
     4752  54.982121 -163.122217    12.815   -85923.7   -13265.6    -6223.4      7.0     18.0     10.8 2021  7 14 17 26 13.840  0.80   1
     4757  55.295296 -160.636865    53.010    72673.0    21598.6    33971.6      7.7     30.3     12.5 2021  7 14 18 16  1.720  1.42   1
     4759  55.322103 -162.033659    15.695   -16266.4    24582.8    -3343.7     20.6     30.1     19.6 2021  7 14 18 41  0.480  0.08   1
     4760  54.716077 -162.460221    11.346   -43748.4   -42882.8    -7693.3     15.4     10.7     24.4 2021  7 14 18 44 43.160  0.70   1
     4763  55.005261 -161.535286    30.655    15519.5   -10689.5    11616.0     18.0     20.6     26.5 2021  7 15  0 53 45.770  1.21   1
     4777  54.965267 -162.259945     2.172   -30807.7   -15141.8   -16866.8     10.1     10.6     12.5 2021  7 15 11  1 54.060  1.20   1
     4778  55.160181 -161.941488     2.496   -10420.2     6556.9   -16543.0     21.1     23.9     17.4 2021  7 15 11 12  0.550  0.69   1
     4783  54.988623 -162.273779     0.493   -31683.1   -12541.7   -18545.8     15.0     11.8     12.0 2021  7 15 13 38  1.880  3.07   1
     4786  54.865047 -161.148014    27.010    40339.6   -26298.7     7971.0     14.1     11.0     45.5 2021  7 15 17 35 26.800  2.56   1
     4795  54.597888 -163.363216    12.914  -101813.3   -56040.1    -6124.4     17.8     17.9     17.2 2021  7 15 23 15 37.720  1.07   1
     4796  55.304557 -162.185140    16.762   -25914.9    22629.6    -2276.9     20.3     16.8     27.4 2021  7 15 23 59 55.540  0.87   1
     4798  55.936348 -162.459652    13.775   -43049.7    92963.6    -5264.4     39.5     31.8     38.7 2021  7 16  0 42 45.590  2.38   1
     4810  55.281856 -161.603385    19.640    11128.9    20102.4      600.6     17.8     16.5     14.8 2021  7 16  5 49 28.290  2.96   1
     4812  54.854032 -161.049886    13.888    46628.2   -27525.0    -5150.8     24.0     27.5     25.3 2021  7 16  7 28 56.660  1.64   1
     4815  54.774386 -161.111230    31.569    42742.5   -36391.6    12530.1     20.7     22.2     52.0 2021  7 16  9 46 59.940  2.35   1
     4818  54.808777 -160.698258    12.367    69181.2   -32563.0    -6671.5     67.8     70.7     59.3 2021  7 16 14 27 49.820  1.93   1
     4825  55.108203 -161.063021    14.469    45642.8      770.5    -4570.3     14.2     33.8     30.4 2021  7 16 19 12 22.420  1.30   1
     4826  55.035002 -161.567936    16.595    13427.9    -7378.6    -2443.7     30.4     44.2     49.5 2021  7 16 19 14  5.040  1.12   1
      483  54.550435 -162.492871    58.538   -45936.3   -61322.8    39499.5     28.3     18.8     20.8 2021  1 14 19 23 40.880  1.84   1
     4840  55.053068 -161.149300    39.452    40163.4    -5367.4    20413.0     27.8     43.8     47.3 2021  7 17  1 58 19.480  1.61   1
     4843  55.197648 -162.187988    16.787   -26131.1    10728.0    -2251.4     19.1     24.7     30.2 2021  7 17  3 34 35.640  1.96   1
     4850  55.532239 -161.838135     9.269    -3810.0    47976.2    -9769.8     13.2     10.6     15.5 2021  7 17  6 51  4.340  0.22   1
     4851  54.920992 -162.169629     1.211   -25046.7   -20070.7   -17827.7      8.8      9.1      9.2 2021  7 17  7 17  6.110  1.02   1
     4863  55.192997 -162.305013     6.595   -33594.0    10210.2   -12443.7     31.3     14.4     23.6 2021  7 17 20 27 25.800  0.18   1
     4874  54.449618 -161.594548     8.955    11813.1   -72546.3   -10083.9     19.7     13.6     17.8 2021  7 18  1  1 52.230  2.14   1
     4878  55.055876 -162.833105     4.360   -67379.8    -5054.8   -14678.8      8.6     16.3     13.4 2021  7 18  5 26 36.120  0.65   1
     4880  55.303300 -162.188721    33.067   -26143.3    22489.6    14027.9     22.7     24.6     12.1 2021  7 18  7 59 53.010  1.00   1
     4882  54.660030 -161.897428     2.684    -7657.2   -49122.2   -16355.2     35.9     16.5     18.8 2021  7 18 11 27 20.990  1.78   1
     4884  55.159574 -161.719092    17.399     3765.5     6489.4    -1639.7     25.3     31.0     31.3 2021  7 18 12 55 42.130  0.33   1
     4885  55.473873 -161.533203     5.056    15561.3    41478.6   -13982.5      7.7     11.2     20.3 2021  7 18 13  1  4.330  0.84   1
     4893  55.329594 -161.664893     5.021     7207.3    25416.8   -14017.7     11.9     14.3     23.6 2021  7 18 16 10 50.680  0.95   1
     4898  55.109794 -161.661279    22.392     7457.7      947.6     3353.5     15.9     24.0     21.1 2021  7 18 17 55 44.500  1.15   1
     4899  55.909159 -162.419482    13.365   -40526.3    89936.7    -5673.4     39.6     31.7     38.7 2021  7 18 17 55 47.360  1.53   1
      490  54.527852 -162.051221    52.999   -17556.6   -63836.8    33960.4     30.6     11.7     13.6 2021  1 14 21 44  4.920  1.57   1
     4900  54.954586 -160.925911    12.909    54498.0   -16330.9    -6129.7     25.9     51.0     26.0 2021  7 18 20 41 55.000  1.17   1
     4902  55.016536 -162.298258    12.266   -33236.3    -9434.2    -6772.6     16.3     13.5     14.2 2021  7 18 22 16 44.080  1.42   1
     4919  54.479753 -162.945882    12.528   -75116.4   -69191.5    -6510.6     26.0     20.7     25.9 2021  7 19  5 28 39.740  1.55   1
      492  55.289274 -162.046061    14.063   -17062.9    20928.2    -4976.3     22.7     27.5     27.0 2021  1 14 22 51 22.560  0.29   1
     4922  55.142692 -161.885124    11.097    -6826.4     4610.0    -7941.9     15.9     17.1     17.3 2021  7 19  6 49 48.660  1.23   1
     4928  55.373258 -161.770719     7.636      471.1    30277.7   -11403.1     19.6     26.7     24.7 2021  7 19 10 54  2.080  0.80   1
     4930  55.192814 -162.085905    18.684   -19623.9    10189.8     -354.4     31.1     26.6     32.4 2021  7 19 11  1 36.140  1.05   1
     4938  55.289555 -161.695524    18.497     5260.2    20959.4     -542.3     18.0     11.4     11.2 2021  7 19 13 53 47.990  0.42   1
     4948  54.882056 -161.472770    35.718    19544.7   -24405.3    16679.4     49.9     63.1     81.6 2021  7 19 20 12 17.800  1.43   1
      495  54.637866 -161.325814    10.216    29038.4   -51589.6    -8823.2     18.9      7.7     24.4 2021  1 14 23 56  1.640  1.51   1
     4952  55.394539 -162.416048    22.381   -40571.2    32646.8     3342.5     33.6     52.6     53.5 2021  7 19 23 59 53.100  1.16   1
      496  55.141406 -162.040869    26.950   -16763.2     4466.8     7910.9     28.0     56.2     21.7 2021  1 15  1  1 21.850  2.06   1
     4965  55.040100 -161.769922    10.133      524.0    -6811.0    -8905.6     13.2     13.4     15.3 2021  7 21  6 39 15.070  1.98   1
     4966  55.163037 -161.569255    34.525    13322.4     6874.9    15485.8     64.4     52.2     61.6 2021  7 21  6 50 46.680  1.33   1
     4969  54.564193 -163.307243    10.893   -98258.8   -59791.3    -8145.4     28.3     30.6     27.9 2021  7 21 12 41 42.380  1.84   1
     4970  55.289872 -162.206494    32.095   -27279.5    20994.8    13055.9     14.1     20.4     22.0 2021  7 21 15 59 52.910  1.30   1
     4971  54.483114 -161.754980    10.412     1488.7   -68817.4    -8626.6     16.1     10.5     11.9 2021  7 21 20 31 47.920  2.22   1
     4975  54.615137 -161.189063    30.068    37828.5   -54119.9    11029.3     13.2     14.5     37.5 2021  7 22  1 40 11.400  3.64   1
     4977  54.370642 -162.073096    11.278   -18999.6   -81338.2    -7760.4     35.2     13.6     18.9 2021  7 22  7 22 36.130  1.97   1
     4980  55.311776 -161.907764     5.295    -8253.4    23433.2   -13744.2     14.4     17.1     17.3 2021  7 22  9  4 45.420  0.13   1
     4988  55.159465 -162.320443     4.994   -34592.3     6477.2   -14044.9     14.7     10.8     14.6 2021  7 22 22  2 49.720  1.46   1
     4991  55.354057 -162.140365    20.585   -23049.7    28140.1     1546.1     23.4     32.8     24.1 2021  7 22 23 59 55.060  1.51   1
     4992  54.543644 -163.314876    13.088   -98774.4   -62078.8    -5950.6     12.5     13.6     14.5 2021  7 23  9 54 20.990  1.39   1
     4994  55.232365 -161.659880    33.627     7535.5    14592.8    14587.8     26.6     21.8     23.0 2021  7 23 12  9 54.420  1.21   1
     4999  55.735486 -162.026432     9.187   -15724.6    70602.6    -9851.7     78.8     39.4    128.6 2021  7 23 17  5 47.360  1.44   1
      501  54.769698 -160.576432    10.421    77023.2   -36913.5    -8617.4     60.6     71.4     55.8 2021  1 15  3 54 42.200  2.08   1
     5016  55.226428 -161.705420    49.793     4633.7    13931.9    30753.6     53.0     41.3     26.8 2021  7 24 13 15 17.290  1.58   1
     5017  55.275228 -161.751237    39.528     1712.6    19364.5    20488.9     35.1     14.1      9.7 2021  7 24 13 22 53.650  1.33   1
     5020  55.125195 -161.942041     4.829   -10460.0     2662.2   -14210.3     16.4     13.5     21.7 2021  7 24 14 49  8.780  1.64   1
     5022  55.345797 -161.892448     1.709    -7275.2    27220.6   -17330.0     14.3     13.2     25.8 2021  7 24 14 49 33.800  1.21   1
     5027  55.129976 -161.976204     8.205   -12639.3     3194.4   -10833.9      7.3     28.6     30.9 2021  7 24 18 53 48.920  0.80   1
     5033  54.585091 -161.156429    32.074    39939.0   -57464.8    13035.4     18.7     19.6     43.3 2021  7 24 23 34 53.640  1.52   1
     5037  54.694165 -160.892822    24.114    56797.0   -45322.1     5075.5     35.5     38.3     35.0 2021  7 25  3  5 58.420  1.56   1
     5039  54.986983 -162.394368     6.227   -39392.2   -12724.2   -12811.6     13.8     12.9     17.1 2021  7 25  3 45 12.690 -0.25   1
     5052  55.253577 -162.082324    13.055   -19380.9    16954.2    -5984.0     19.1     16.4     16.8 2021  7 25  9 49 47.520  0.46   1
     5054  54.935034 -161.113997    31.711    42480.5   -18507.5    12672.1     18.8     26.7     37.4 2021  7 25 10 21 50.290  1.29   1
     5058  55.301595 -161.796566    22.695    -1174.2    22299.8     3656.4     27.9     23.8     18.3 2021  7 25 12  8 56.600  0.97   1
     5060  55.307869 -161.852897    17.256    -4760.6    22998.3    -1782.9     15.9     15.1     15.2 2021  7 25 12 23 17.770  0.79   1
     5061  55.373206 -161.726497     7.231     3284.3    30271.8   -11808.0     23.2     22.0     21.5 2021  7 25 12 27 56.580  0.68   1
     5065  54.795939 -160.985693    33.030    50774.9   -33992.2    13991.6     13.2     13.3     28.3 2021  7 25 12 47 46.620  1.86   1
     5067  54.545748 -162.138477    30.399   -23160.9   -61844.6    11360.6     59.8     25.8     80.9 2021  7 25 14 39 59.930  1.39   1
     5070  54.948783 -162.203320     4.437   -27192.7   -16976.8   -14602.3     12.8     10.7     18.4 2021  7 25 16 25  3.000  1.64   1
     5072  55.371932 -161.856576     1.812    -4990.8    30130.1   -17226.9     11.9     11.9      8.9 2021  7 25 16 25 28.660  0.47   1
     5077  55.202429 -161.866341     8.235    -5623.9    11260.2   -10803.9     14.8     14.7     20.7 2021  7 25 19 36  7.300  0.33   1
     5079  55.419983 -161.903369    15.320    -7962.8    35479.3    -3719.1     31.2     30.5     22.6 2021  7 25 20 36 32.600  1.04   1
     5080  55.049320 -161.709880    16.848     4359.1    -5784.6    -2191.1     16.7     16.9     27.9 2021  7 25 22 15 17.640  1.08   1
     5087  55.164795 -162.058333    29.880   -17872.2     7070.6    10840.9     36.7     39.3     15.4 2021  7 26  3 55 17.930  1.16   1
     5094  55.153853 -161.938314     6.354   -10218.5     5852.5   -12684.9     11.3     16.5     11.7 2021  7 26  8 11 19.980  0.33   1
     5097  55.505872 -161.781966    28.244     -244.0    45040.8     9205.2     40.6     24.8     17.9 2021  7 26 11 28 48.480  0.23   1
       51  54.979675 -162.892090     1.730   -71214.5   -13537.8   -17309.0      9.6     15.8     11.1 2021  1  2 14 13 33.960  1.91   1
      510  55.013090 -161.336768    33.471    28203.8    -9817.9    14432.3     15.4     18.9     15.8 2021  1 15 18 22 22.660  1.88   1
     5107  54.444914 -162.028109    62.975   -16087.2   -73070.0    43935.7     54.2     26.8     31.3 2021  7 27  0 58 57.370  1.47   1
      511  55.060042 -161.415218    33.327    23177.1    -4591.0    14288.0     22.4     21.8     27.1 2021  1 15 18 22 35.920  2.02   1
     5115  55.302047 -162.245915    12.656   -29785.4    22350.1    -6383.3     24.7     27.7     36.5 2021  7 27  7 59 55.370  1.15   1
      512  55.551973 -161.787223    10.481     -577.5    50173.1    -8557.8     21.6     16.7     24.4 2021  1 15 21 12 37.760  0.89   1
     5120  54.608382 -161.287663    12.721    31499.2   -54871.9    -6317.9     14.4     11.7      8.1 2021  7 27 12 12 34.910  2.82   1
     5121  54.570280 -161.340576    13.527    28114.1   -59113.6    -5512.0     15.4     12.4      9.8 2021  7 27 12 17 41.790  1.43   1
     5122  55.257715 -162.058724    14.532   -17876.3    17414.9    -4507.0     31.1     27.8     36.3 2021  7 27 12 28 41.640  0.22   1
     5130  55.273889 -161.757340    17.885     1323.9    19215.5    -1153.7     16.5     10.0     10.9 2021  7 27 20  4 43.080  0.60   1
     5131  54.929199 -162.249056     3.859   -30125.0   -19157.0   -15179.4     13.3      5.0     16.1 2021  7 27 20 20 50.280  1.56   1
     5133  55.032511 -163.148730    12.148   -87563.7    -7655.8    -6890.5     17.0     43.6     29.9 2021  7 27 23 12 28.800  1.32   1
     5135  54.844023 -161.209440    57.664    36416.6   -28639.3    38625.5     21.5     30.2     25.7 2021  7 28  1 31 19.340  1.39   1
     5139  54.616915 -162.636605     8.630   -55128.8   -53922.0   -10409.0     24.8     17.9     28.7 2021  7 28 11 54 45.260  1.86   1
     5143  54.990120 -162.349333     9.489   -36511.9   -12375.0    -9550.2      8.7      7.8      9.3 2021  7 28 15 34 17.450  1.46   1
     5150  54.486401 -162.130387    13.809   -22657.6   -68451.4    -5229.8     28.6     10.3     15.3 2021  7 29  5 47 12.170  1.84   1
     5152  55.742920 -161.251074    16.490    33373.4    71430.2    -2548.7     42.9     46.9    132.5 2021  7 29  5 49 52.440  1.81   1
     5154  55.383122 -161.485368    13.543    18621.7    31375.8    -5495.7     22.4     28.0     30.3 2021  7 29  6 16 19.630  4.95   1
     5160  55.312341 -160.726204    31.754    66969.8    23496.1    12715.6     21.3     64.2     58.0 2021  7 29  6 33  6.800  3.99   1
     5163  55.043856 -161.701123     3.304     4918.7    -6392.9   -15734.6     25.5     56.5     39.9 2021  7 29  6 37 17.390  2.92   1
     5166  55.283248 -161.715641    28.670     3979.4    20257.3     9631.3     37.2     26.3     26.7 2021  7 29  6 47 57.360  2.94   1
     5167  55.511283 -160.407064    10.813    87070.4    45643.3    -8225.5     29.5     81.6     30.0 2021  7 29  6 53 55.630  3.33   1
     5169  55.422070 -160.658317    13.852    71194.0    35711.7    -5186.5      8.5     16.9     10.3 2021  7 29  6 57 33.840  2.72   1
      517  55.359399 -161.867220     6.923    -5668.8    28734.9   -12116.3     16.0      7.8      5.4 2021  1 16  4 15 37.410  0.57   1
     5177  55.393575 -161.392399    27.775    24532.0    32539.5     8736.0     22.1     33.0     37.2 2021  7 29  7 21 49.290  1.53   1
     5178  55.282292 -161.257926    28.501    33130.5    20150.9     9462.1     23.8     35.2     52.1 2021  7 29  7 22 46.910  2.50   1
     5182  55.438053 -161.573730    11.017    12992.2    37491.0    -8022.0     13.0     23.9     19.1 2021  7 29  7 30 24.080  1.51   1
     5184  55.324646 -161.037826    47.676    47123.4    24866.0    28636.6     14.4     49.6     16.9 2021  7 29  7 33  3.480  3.18   1
     5185  55.257833 -161.589665     6.885    12006.4    17428.0   -12154.4     13.0     31.2     47.2 2021  7 29  7 33 44.320  2.69   1
      519  54.871456 -161.403874    26.614    23957.6   -25585.3     7574.9     18.3     19.3     64.1 2021  1 16  6 42  0.470  1.66   1
     5190  55.238757 -161.460824    17.307    20219.4    15304.4    -1732.1     12.5     19.9     22.1 2021  7 29  7 47 26.120  2.92   1
     5198  55.205774 -161.236149    46.044    34550.5    11632.6    27004.8     32.5     60.8     35.6 2021  7 29  8  9 30.510  2.56   1
      520  55.212703 -161.886361    15.104    -6899.3    12404.0    -3934.9     44.4     31.4     44.1 2021  1 16  6 42 26.060  0.67   1
     5200  55.258773 -161.398112    20.637    24209.5    17532.6     1598.3     13.3     22.2     20.3 2021  7 29  8 10 57.020  3.06   1
     5204  55.332678 -160.937419    55.443    53509.4    25760.1    36403.9     23.1     35.9     29.1 2021  7 29  8 16 19.590  2.92   1
     5209  55.439986 -161.744922     9.493     2110.5    37706.2    -9545.7     62.3     38.5     37.1 2021  7 29  8 30 43.400  2.26   1
     5212  55.280859 -161.347363     0.429    27434.9    19991.4   -18610.2     14.0     24.3     11.7 2021  7 29  8 39 55.570  2.19   1
     5213  55.269625 -160.672233    48.842    70443.5    18740.7    29802.9      8.9     18.9     14.9 2021  7 29  8 40 44.620  2.73   1
     5217  55.067537 -161.791960     6.686     -883.5    -3756.6   -12353.3     19.9     13.7     23.4 2021  7 29  8 56  0.180  2.16   1
      522  54.838399 -161.959684     2.634   -11627.2   -29265.3   -16404.9     14.7      9.4      8.4 2021  1 16  9  4  4.730  0.92   1
     5220  55.341882 -161.865446    41.100    -5557.2    26784.8    22060.8     58.5     62.6     42.0 2021  7 29  8 58 21.580  2.29   1
     5222  55.178027 -161.211328    21.555    36145.3     8543.7     2516.3     14.1     27.5     30.7 2021  7 29  9  8 22.960  1.99   1
     5224  55.272465 -161.213493    51.730    35964.8    19056.9    32690.6     12.1     35.8     19.0 2021  7 29  9 17 39.300  2.11   1
      523  55.169873 -162.221777    16.305   -28295.1     7635.9    -2734.0     38.0     37.5     22.6 2021  1 16 11 12 33.480  0.81   1
     5231  55.346932 -161.697591    20.339     5124.9    27346.9     1300.4     23.6     29.4     20.0 2021  7 29  9 36 33.740  1.21   1
     5235  55.429830 -162.223535    26.029   -28315.1    36575.5     6990.1     39.8     63.5     75.8 2021  7 29  9 43 53.970  1.46   1
     5238  55.284851 -161.068652    32.759    45183.6    20435.8    13719.8     16.6     20.7     28.7 2021  7 29  9 52 52.530  2.22   1
     5239  55.323503 -160.979753    46.974    50820.7    24738.7    27935.3     11.4     25.6     18.3 2021  7 29  9 54 13.660  2.79   1
     5242  55.260046 -161.367350    49.954    26168.8    17674.4    30915.3     28.7     43.5     30.1 2021  7 29  9 59 11.570  2.08   1
     5246  55.101290 -161.582015    38.342    12518.1        0.9    19303.5     19.7     37.2     22.3 2021  7 29 10  5 44.020  1.73   1
     5247  55.230180 -161.956673    28.997   -11378.8    14349.5     9957.7     36.9     30.8     18.5 2021  7 29 10  6 27.170  1.15   1
     5254  55.134774 -161.514827    34.348    16799.9     3728.5    15308.7     27.6     46.9     32.3 2021  7 29 10 18 13.710  2.44   1
     5255  55.385254 -161.910986    24.484    -8450.8    31613.1     5444.8     32.4     20.9     13.8 2021  7 29 10 20 42.390  1.62   1
     5257  55.420687 -161.703451    18.678     4747.7    35557.7     -360.5     12.8     29.7     14.6 2021  7 29 10 22 56.750  1.25   1
     5259  55.224239 -160.861751    34.037    58404.6    13688.2    14998.6     11.7     25.4     26.0 2021  7 29 10 24 42.520  2.05   1
      526  54.894421 -161.047249    31.910    46773.5   -23028.7    12871.6     20.2     23.8     49.8 2021  1 16 11 47 21.970  2.47   1
     5260  55.250358 -160.874837    54.874    57551.8    16595.9    35835.6     25.1     45.0     32.2 2021  7 29 10 27 25.890  2.07   1
     5261  55.045679 -161.777816    11.678       19.8    -6190.0    -7360.6     16.5      8.8     19.9 2021  7 29 10 28  6.220  1.86   1
     5262  55.295512 -160.755680    50.233    65106.9    21622.6    31194.3     11.8     19.8     16.1 2021  7 29 10 38 28.250  1.86   1
     5263  55.261776 -161.424202     4.741    22546.5    17866.9   -14297.7     24.0     31.7     35.5 2021  7 29 10 42 51.470  1.08   1
     5267  55.270410 -161.807031     2.925    -1841.3    18828.2   -16113.8     20.1     17.5     18.0 2021  7 29 10 55 16.230  0.77   1
     5268  55.270036 -161.340527    37.681    27874.1    18786.5    18642.1     19.1     29.1     21.0 2021  7 29 10 59  3.250  1.64   1
     5270  55.211088 -161.610124    19.418    10709.2    12224.2      378.9     22.0     34.2     22.7 2021  7 29 11  5 32.310  2.05   1
     5271  55.245646 -161.072575    31.670    44955.8    16071.3    12631.3     13.6     22.8     32.3 2021  7 29 11  9 16.950  2.69   1
      528  54.833801 -163.165251    11.510   -88838.1   -29777.2    -7529.3     22.4     31.7     38.3 2021  1 16 20 41 35.700  2.91   1
     5282  55.265027 -161.567790    14.315    13398.8    18228.9    -4724.3     13.2     16.5     20.5 2021  7 29 11 48 29.290  1.30   1
     5285  55.259880 -161.305941     3.681    30081.0    17655.9   -15358.3     22.5     33.4     32.4 2021  7 29 12 17 22.580  1.22   1
     5286  55.150916 -161.325684    22.265    28862.5     5525.5     3226.1     20.9     26.2     35.0 2021  7 29 12 18 29.800  1.93   1
     5290  55.240609 -161.292497    20.056    30944.9    15510.5     1017.4     19.9     27.2     31.8 2021  7 29 12 28 54.180  2.30   1
     5292  55.231571 -160.669238    15.270    70667.8    14504.5    -3769.3     38.7     76.3     44.9 2021  7 29 12 32 39.070  1.91   1
     5293  55.176640 -161.278109    33.736    31887.2     8389.2    14697.0     12.0     28.0     19.9 2021  7 29 16  0 22.560  1.79   1
     5297  55.237199 -160.905957    31.740    55578.1    15130.9    12701.3      9.6     27.6     30.0 2021  7 29 16  9 42.880  3.21   1
     5300  55.226339 -160.873031    56.953    57684.2    13921.9    37913.9     26.6     51.6     34.1 2021  7 29 16 38 28.030  1.75   1
     5305  55.292399 -161.625277     9.963     9733.4    21276.1    -9076.2     26.0     28.2     30.3 2021  7 29 17  4 30.440  1.55   1
     5315  55.265112 -160.776090    50.177    63831.5    18238.4    31137.7     11.2     18.6     17.4 2021  7 29 17 52 10.720  1.82   1
     5318  55.204858 -161.205485    32.342    36505.7    11530.6    13303.5     33.4     93.7     59.1 2021  7 29 18 14 55.100  2.21   1
      532  55.074650 -162.016455     7.721   -15218.2    -2964.8   -11317.9     14.0     13.3     27.1 2021  1 17 16 26 15.000  1.05   1
     5322  55.347876 -160.947852    18.552    52835.3    27452.0     -486.9     14.4     34.7     41.9 2021  7 29 18 38 14.140  1.82   1
     5323  55.247624 -161.910579    15.433    -8439.4    16291.5    -3606.1     11.1     15.8     35.6 2021  7 29 18 38 46.660  1.04   1
     5324  55.299080 -160.935628    48.614    53645.9    22019.9    29575.4     14.8     19.6     19.1 2021  7 29 18 46 50.080  1.48   1
     5326  54.679476 -161.960758    10.189   -11719.1   -46957.4    -8849.6     15.7      8.8     29.3 2021  7 29 18 53 55.900  1.35   1
     5328  55.470650 -161.691406    25.837     5510.0    41119.8     6798.5     23.3     20.0     51.8 2021  7 29 19 12 48.560  2.91   1
     5330  55.310128 -160.910335    32.699    55248.8    23249.7    13659.9     10.1     29.1     24.9 2021  7 29 19 53 31.080  1.75   1
     5335  55.237036 -160.834863    32.433    60108.7    15112.8    13394.3     15.2     25.0     37.1 2021  7 29 20 25 39.660  1.54   1
     5336  55.283378 -161.224723    26.284    35244.7    20271.8     7245.4     27.7     35.8     81.5 2021  7 29 20 31  8.820  2.55   1
     5339  55.203373 -161.761296     5.534     1072.9    11365.3   -13504.6     21.1     20.8     17.6 2021  7 29 20 34  7.480  3.07   1
     5340  55.374719 -161.687712    22.966     5751.6    30440.3     3927.5     43.1     51.4     33.4 2021  7 29 20 42 33.160  1.16   1
     5343  55.369564 -160.986084    40.913    50388.7    29866.4    21873.7     15.5     23.1     27.0 2021  7 30  0 55 44.980  1.75   1
     5347  55.238599 -160.759831    56.243    64888.8    15286.8    37204.4      9.4     25.0     12.7 2021  7 30  2 56 24.590  1.95   1
     5351  55.236230 -161.792708    10.333     -929.3    15023.1    -8706.1     12.0     15.1     12.8 2021  7 30  3 37 43.990  1.56   1
     5352  55.327332 -160.717301    58.270    67524.0    25164.9    39231.0     11.3     37.6     14.3 2021  7 30  3 52 43.560  3.37   1
     5353  55.291646 -160.863786    47.787    58225.8    21192.3    28748.3     10.5     31.5     14.2 2021  7 30  4 12  9.130  1.89   1
     5354  55.238493 -161.759391    12.827     1193.8    15275.0    -6212.1     26.7     28.0     22.3 2021  7 30  4 22  7.230  1.85   1
     5355  55.323010 -161.826237     7.165    -3062.6    24683.9   -11873.7     19.5     22.2     22.0 2021  7 30  4 22 34.820  1.53   1
     5359  55.221643 -161.669287    15.609     6936.9    13399.2    -3429.8     13.3     12.6     14.6 2021  7 30  5 32 58.760  4.03   1
      536  54.796724 -161.870915     1.781    -5945.4   -33904.7   -17257.6     11.4      6.2      6.9 2021  1 17 18 59 30.400  2.67   1
     5360  55.249259 -161.415674    19.599    23093.4    16473.6      559.7      6.6      7.4     10.9 2021  7 30  5 41 30.770  1.91   1
     5361  55.220199 -162.284375    17.587   -32267.2    13238.4    -1452.1     18.1     23.5     27.2 2021  7 30  5 42  9.460  2.12   1
     5362  55.266406 -160.553760    37.305    77993.1    18382.4    18265.6     14.7     45.1     31.4 2021  7 30  5 49 52.850  2.08   1
     5365  55.465731 -161.123910    47.627    41570.3    40572.2    28588.3      7.9     18.7     16.4 2021  7 30  6 47  0.330  1.97   1
     5368  55.279065 -160.617269    52.006    73935.9    19791.7    32966.8      8.5     28.1     11.7 2021  7 30  7 25 12.630  2.59   1
     5372  55.068136 -161.729915    12.075     3078.6    -3690.0    -6963.7     24.0     18.8     37.2 2021  7 30  8 40 28.800  1.00   1
     5373  55.119307 -162.770915    20.344   -63357.8     2006.7     1304.7     29.0     92.3     60.5 2021  7 30  9 27 58.210  1.58   1
     5375  54.965653 -161.473763    11.359    19460.9   -15098.8    -7679.8     34.3     41.5     66.5 2021  7 30  9 55 18.120  1.49   1
     5377  55.126326 -161.805745     9.565    -1762.5     2788.1    -9473.7     23.5     20.5     26.2 2021  7 30  9 58 41.950  1.84   1
     5384  55.022847 -161.437435    16.156    21768.3    -8731.7    -2883.0     21.1     30.0     50.6 2021  7 30 12 38  8.830  1.43   1
     5387  55.233561 -160.883610    32.612    57004.8    14726.0    13573.3      9.3     27.9     17.5 2021  7 30 13 28 45.830  2.34   1
     5389  55.348246 -161.392448    18.544    24542.8    27493.2     -494.5     21.0     34.7     30.5 2021  7 30 13 53 54.860  1.59   1
     5390  55.235225 -161.568831    20.573    13337.4    14911.2     1534.5     21.2     24.9     31.0 2021  7 30 14 20 41.680  1.92   1
     5394  55.079549 -161.024170    16.431    48139.7    -2419.4    -2608.4     18.6     30.5     27.7 2021  7 30 14 35 25.930  1.03   1
     5396  55.211007 -160.866162    41.010    58133.1    12215.1    21971.4     12.3     24.8     16.0 2021  7 30 14 42 18.030  2.54   1
     5397  55.263265 -161.592611    32.479    11817.9    18032.7    13439.6     21.9     25.7     19.2 2021  7 30 14 42 47.950  2.93   1
     5399  55.301314 -161.027946    38.116    47766.2    22268.6    19077.3      7.4     33.1     16.6 2021  7 30 14 58 52.760  2.23   1
       54  55.060868 -162.045003     2.590   -17044.0    -4499.0   -16448.5     16.2      8.6     15.0 2021  1  2 18  7 19.400  1.16   1
      540  54.574707 -161.267171    13.311    32828.9   -58620.8    -5728.2     16.2     10.9      7.7 2021  1 17 20 28 44.120  2.36   1
     5400  55.168921 -161.710938    25.883     4285.1     7529.9     6843.8     22.5     44.3     27.1 2021  7 30 14 59 27.710  2.35   1
     5401  55.175301 -161.801270    12.483    -1476.0     8240.2    -6556.2     21.7     33.1     32.4 2021  7 30 15 27 17.720  0.80   1
     5402  54.435836 -161.796110    15.363    -1157.5   -74080.6    -3676.0     29.5     13.9     16.8 2021  7 30 16 57 32.750  2.05   1
     5404  55.230937 -160.884375    33.228    56957.9    14433.8    14188.7      8.6     21.5     18.6 2021  7 30 19 16  7.520  2.22   1
     5407  55.458883 -161.109733    53.504    42474.7    39809.8    34464.9     20.8     32.9     24.3 2021  7 30 21 45  3.100  2.11   1
     5408  55.472103 -161.827262     7.574    -3122.0    41281.6   -11465.3     37.3     18.1     31.1 2021  7 30 21 55 23.880  1.57   1
     5409  55.425765 -161.726172     6.646     3302.9    36123.0   -12392.5     20.0     28.2     29.8 2021  7 30 22 12 38.600  2.21   1
      541  54.581030 -161.260612    13.933    33247.7   -57916.8    -5106.3     12.4     11.8     10.0 2021  1 17 22 21  2.560  2.73   1
     5412  55.291980 -161.096696    32.568    43393.8    21229.4    13529.6      9.5     45.5     28.7 2021  7 31  0 59 25.490  1.76   1
     5422  54.543660 -161.845882    12.795    -4355.1   -62077.0    -6243.8     27.5     17.8     21.4 2021  7 31 12 12 41.240  2.71   1
     5424  54.975208 -162.417204    24.269   -40857.9   -14035.2     5230.4     16.9     24.6     13.3 2021  7 31 14  4  8.180  0.87   1
     5435  55.236670 -161.350667     4.227    27239.5    15072.0   -14811.4     27.3     35.3     40.9 2021  8  1  1 49 34.080  1.51   1
     5441  55.229032 -161.061572    54.866    45666.4    14221.8    35826.7     20.6     44.1     23.9 2021  8  1  5 37 32.330  1.69   1
     5442  55.308651 -161.754199    32.811     1523.3    23085.3    13772.5     23.4     28.8     32.6 2021  8  1  5 38  6.350  1.59   1
     5448  54.508614 -163.167399     1.020   -89333.8   -65978.5   -18019.1      8.9      8.7      8.7 2021  8  1  6 37  6.710  2.05   1
      545  55.455225 -161.619141     7.468    10103.5    39402.6   -11570.6     14.2     20.8     28.1 2021  1 18  6 44 23.680  0.37   1
     5453  55.171293 -161.883154     5.472    -6698.4     7794.0   -13566.4     10.4      9.6     14.3 2021  8  1  7 51 38.960  1.73   1
     5454  55.345349 -160.775033    48.640    63834.8    27170.7    29600.8     15.1     15.4     20.5 2021  8  1  8 59 42.810  2.29   1
     5458  55.107113 -161.283675    31.111    31559.5      649.1    12072.0     15.7     18.4     36.7 2021  8  1 10  8 40.590  1.21   1
      546  54.597282 -161.210905    10.115    36433.8   -56107.6    -8923.8     26.7     20.4     21.9 2021  1 18  9 17 23.290  1.82   1
     5460  55.113631 -161.894678     6.446    -7438.7     1374.8   -12593.3      9.4     11.6     18.4 2021  8  1 10 28  7.020  0.20   1
     5461  55.335347 -160.916862    45.717    54816.0    26057.3    26678.1     15.2     33.5     21.7 2021  8  1 11 52 29.480  1.70   1
     5464  54.833386 -161.127360    36.035    41678.3   -29823.4    16995.6     14.7     17.5     31.0 2021  8  1 13  4 20.970  2.61   1
     5465  55.195890 -160.766699    53.427    64485.5    10532.3    34387.8     18.5     37.4     26.2 2021  8  1 13 43 17.330  2.03   1
     5467  55.211523 -160.665853    34.672    70901.3    12272.6    15632.9     34.4     70.5     80.5 2021  8  1 14 44 18.300  2.12   1
     5473  55.241927 -161.630615    15.153     9399.4    15657.3    -3886.0     13.1     14.5     12.5 2021  8  1 16 11 46.050  1.99   1
     5475  55.261064 -161.280322    33.283    31712.6    17787.7    14244.3     10.9     18.7     19.4 2021  8  1 20  1 48.880  1.63   1
     5478  55.304081 -161.067301    40.168    45258.8    22576.6    21128.8     12.9     40.1     19.6 2021  8  1 21 35 39.880  1.58   1
     5483  55.167489 -161.032096    34.448    47581.4     7370.5    15409.4     15.8     34.4     28.6 2021  8  2  4 48 30.770  1.69   1
      549  55.333134 -161.720329     5.149     3678.6    25810.9   -13889.9     14.3     11.6     15.2 2021  1 18 14 24 49.090  1.81   1
     5492  55.307935 -160.897559    33.930    56063.8    23005.6    14890.8     11.4     21.6     22.4 2021  8  2  7 16  7.250  1.51   1
     5493  54.525146 -161.145947    13.188    40642.3   -64138.1    -5850.6     15.4     13.9     12.5 2021  8  2  8  0 10.500  1.84   1
     5496  55.080802 -161.649268    15.654     8227.4    -2279.9    -3384.7      9.5     13.5     19.7 2021  8  2 13 24 15.170  1.43   1
       55  54.546525 -161.532438    10.605    15790.9   -61758.1    -8434.1     15.9     12.5     13.6 2021  1  2 19 13 26.520  2.55   1
     5503  55.058447 -161.813118    17.736    -2234.9    -4768.5    -1303.1     14.4     11.1     17.3 2021  8  2 19 47 22.560  0.80   1
     5505  55.053365 -161.590951    13.677    11954.9    -5334.3    -5362.0     15.7      9.6     33.3 2021  8  2 21 57 27.480  0.90   1
     5506  55.179301 -161.963737    26.689   -11836.5     8685.5     7649.8     19.8     16.7     15.2 2021  8  2 21 57 45.960  1.12   1
     5509  54.822160 -161.136930    52.694    41071.1   -31073.2    33655.2     26.5     28.5     32.4 2021  8  3  3 28 18.770  2.01   1
     5510  55.302852 -161.970020    37.512   -12218.3    22439.8    18472.8     36.1     31.5     21.0 2021  8  3  3 44 48.540  0.89   1
     5515  55.221729 -161.041195    47.599    46969.3    13408.7    28560.4     15.6     33.0     21.6 2021  8  3  7 40  8.620  1.98   1
      552  55.209310 -161.367220    21.145    26193.7    12026.2     2105.8     21.8     26.3     32.0 2021  1 18 20  8 17.180  1.02   1
     5520  54.951066 -162.245882     4.542   -29913.8   -16722.7   -14497.1      7.4      8.2      9.7 2021  8  3 16 43 38.770  1.54   1
     5522  54.922050 -162.226790     3.991   -28703.2   -19952.9   -15047.5      7.7      8.9     14.7 2021  8  3 16 50  6.570  2.06   1
     5528  55.318937 -161.659521     6.998     7550.2    24230.4   -12041.4      8.6      4.7     16.9 2021  8  3 18 43 42.120  0.10   1
     5530  55.356856 -160.841813    12.305    59576.5    28451.8    -6734.0     40.0     90.7     61.7 2021  8  3 20  5 33.200  1.62   1
     5535  55.265776 -161.605290    33.462    11009.8    18312.2    14422.9     21.8     26.7     19.5 2021  8  3 23 31 43.720  1.79   1
     5536  55.228361 -162.186686    14.548   -26038.1    14147.1    -4491.4     38.1     25.1     35.9 2021  8  3 23 32 22.520  1.77   1
     5540  55.258573 -161.845654    12.733    -4302.1    17510.4    -6305.8     24.0     10.4     14.8 2021  8  4  5 21 40.130  0.63   1
     5543  55.043115 -161.401221    22.919    24076.1    -6475.4     3880.3     18.1     21.1     20.6 2021  8  4  7 21 45.230  2.03   1
     5547  54.394096 -162.001921    14.232   -14410.9   -78727.3    -4806.9     27.8     11.2     20.8 2021  8  4 10 26 47.930  2.10   1
     5548  55.682084 -162.072868     1.862   -18677.7    64657.7   -17176.5     28.6     14.4     16.6 2021  8  4 11  5 27.830  1.82   1
     5558  55.004667 -162.266667     2.461   -31222.2   -10755.6   -16577.9     17.3     16.4     20.5 2021  8  5  0 36 31.640  1.16   1
     5560  55.134318 -161.410221    31.204    23474.4     3677.8    12164.8     25.4     24.5     46.1 2021  8  5  3 54 50.840  1.24   1
     5562  55.054565 -161.227507    27.515    35167.7    -5200.7     8476.1     13.3     22.3     51.1 2021  8  5  7 16  1.430  1.95   1
     5578  55.501196 -161.666243    24.025     7106.0    44520.4     4986.2     28.3     30.5     27.4 2021  8  5 12 19 40.770  0.49   1
     5587  55.362789 -161.865853    17.580    -5581.6    29112.2    -1459.2     44.3     38.5     38.8 2021  8  5 15 46  8.370  0.69   1
     5591  55.036035 -161.427100    26.871    22424.9    -7263.6     7832.1     18.5     27.7     53.4 2021  8  5 16 27 42.350  1.20   1
     5592  55.333525 -161.953451     9.951   -11159.0    25854.4    -9088.3     27.7     19.3     33.6 2021  8  5 16 28 16.720  1.25   1
     5604  55.097302 -161.660758    16.739     7492.1     -443.0    -2299.8     23.3     30.8     31.8 2021  8  5 21 24  9.780  1.36   1
     5605  55.297139 -160.993018    56.611    49992.8    21803.8    37571.9     23.1     33.5     27.6 2021  8  5 21 43 37.560  1.71   1
     5609  54.928711 -162.201774     0.772   -27100.6   -19211.4   -18267.3     15.5      6.6      6.2 2021  8  5 23 12 11.760  1.67   1
     5612  54.945601 -162.390462    15.796   -39162.6   -17331.1    -3243.0     16.4     13.6     20.0 2021  8  5 23 26 36.760  2.19   1
     5613  54.904382 -162.252116     5.457   -30330.0   -21919.8   -13582.1      6.7      8.2      8.7 2021  8  5 23 47  8.560  0.29   1
     5615  55.389986 -161.297607    34.834    30562.1    32139.9    15794.7     19.9     60.6     28.2 2021  8  5 23 56 16.800  1.24   1
     5618  55.213826 -161.467839    27.442    19778.5    12529.0     8402.7     21.4     25.1     38.0 2021  8  6  1  9  9.680  1.19   1
     5619  55.306165 -161.634049     9.695     9173.2    22808.5    -9344.3     18.5     18.4     23.2 2021  8  6  3  7 29.530  0.34   1
     5621  55.352568 -161.943962    17.262   -10552.6    27974.3    -1776.5     16.3     23.8     21.3 2021  8  6  3 37 43.900  0.94   1
     5627  55.198767 -161.826432     7.716    -3079.8    10852.5   -11323.0     14.3     14.1     11.3 2021  8  6  6 10 52.460  0.71   1
     5628  55.278800 -161.390055    27.962    24716.6    19762.2     8923.4     18.8     14.2     32.3 2021  8  6  7 53 33.740  1.77   1
     5629  55.181738 -161.358268    16.908    26773.5     8956.8    -2131.2     15.2     41.5     51.7 2021  8  6  7 54  4.800  1.67   1
     5630  55.167232 -162.301335    24.497   -33370.2     7341.9     5458.4     37.5     76.8     39.9 2021  8  6  9 10 41.980  0.97   1
     5640  54.996497 -161.294352    36.462    30920.6   -11665.2    17423.5     18.1     23.6     21.8 2021  8  6 12 42 25.430  1.21   1
     5641  54.899097 -161.338656    16.701    28122.9   -22508.2    -2338.4     16.5     25.3     45.3 2021  8  6 12 42 45.170  1.59   1
     5642  54.445980 -161.453353    11.126    20899.8   -72951.3    -7913.3     12.3     10.1     18.5 2021  8  6 13 43 21.530  1.07   1
     5643  55.020052 -160.396191     9.266    88301.1    -9042.9    -9772.8     54.0     85.9     53.3 2021  8  6 13 50 26.060  2.88   1
     5644  54.962809 -160.507031     9.415    81276.6   -15415.4    -9624.0     56.6     81.2     55.0 2021  8  6 14  4 34.230  1.62   1
     5645  55.023637 -161.328158    13.259    28750.2    -8643.8    -5780.3     13.3     21.7     19.1 2021  8  6 14  4 49.410  1.51   1
     5647  54.361218 -161.476709    11.158    19417.0   -82387.3    -7880.4     22.1     18.0     16.7 2021  8  6 14 31 16.580  1.39   1
     5652  54.939307 -162.182682     2.271   -25875.9   -18031.8   -16767.6     10.9      5.1      9.3 2021  8  6 16 18 20.580  1.02   1
     5657  54.542497 -161.273226    14.866    32452.7   -62206.6    -4173.2     26.7     23.1     28.9 2021  8  6 17 10  3.080  1.23   1
     5660  55.371159 -161.892578    22.839    -7281.2    30044.0     3800.2     19.8     26.2     13.5 2021  8  6 18  1  3.520  0.04   1
     5665  54.936108 -162.210173     2.961   -27635.3   -18387.9   -16078.3     14.7      9.5      7.9 2021  8  6 22 33 35.060  1.43   1
     5667  54.791488 -162.399821    15.520   -39837.2   -34487.7    -3519.3     36.5     25.4     47.2 2021  8  6 23  7 12.960  0.90   1
     5670  55.262891 -161.892725     7.254    -7300.4    17991.1   -11784.4     19.7     11.3     63.2 2021  8  7  0 40  1.680  0.43   1
     5671  55.449479 -161.900684    27.666    -7789.2    38763.0     8627.3     18.8     27.7     10.3 2021  8  7  1 15 34.050  0.65   1
     5673  55.156779 -160.946484    35.487    53048.8     6178.2    16448.0     17.2     30.8     40.1 2021  8  7  3 58  6.720  1.71   1
     5682  54.580200 -162.106982    56.327   -21127.7   -58009.2    37288.3     24.1      9.1      9.7 2021  8  7  9 13 34.180  1.61   1
     5684  54.491618 -162.313346    58.187   -34423.3   -67870.6    39148.2     31.9     16.6     18.3 2021  8  7 11 35 23.460  1.60   1
     5691  55.233293 -162.400260    21.526   -39647.0    14696.1     2486.8     39.3     26.3     36.6 2021  8  7 15  2 41.800  1.74   1
     5692  55.341960 -161.125895    19.028    41508.4    26793.4      -10.6     19.4     41.6     38.7 2021  8  7 16 50  3.040  1.29   1
     5693  55.372876 -161.872445    16.711    -6000.3    30235.1    -2328.3     20.1     16.4     15.3 2021  8  7 16 50 36.610  0.93   1
     5695  54.996932 -162.328011     3.849   -35146.1   -11616.7   -15190.2     12.7     10.3     14.2 2021  8  7 22 30 42.160  0.52   1
     5697  55.203731 -161.684880    40.591     5944.5    11405.2    21552.0     61.8     44.4     38.0 2021  8  7 23 21 41.940  0.80   1
      570  55.165617 -161.886816    30.911    -6932.5     7162.1    11872.5     21.9     19.8     22.5 2021  1 19  2 32 13.050  1.47   1
     5706  55.424845 -161.724382    10.605     3416.7    36020.6    -8433.5     29.9     30.7     25.5 2021  8  8 18 49 55.400  0.46   1
     5724  55.079785 -162.406071    15.495   -40093.9    -2393.1    -3543.6     27.5     37.3     36.2 2021  8  9  9 45 44.230  1.44   1
      573  55.181238 -161.352360    13.798    27150.5     8901.1    -5241.1     23.1     26.4     32.0 2021  1 19  2 41 36.710  0.97   1
     5730  54.956340 -162.244629     2.689   -29831.7   -16135.6   -16350.2     10.4     12.5     14.8 2021  8  9 12 56 49.430  1.54   1
     5738  55.259973 -161.239453    29.122    34316.6    17666.3    10082.9      8.5     13.6     17.1 2021  8  9 14 51  9.250  1.57   1
     5740  55.323897 -160.615202    45.034    74026.0    24782.6    25994.7     18.4     30.6     30.5 2021  8  9 14 55  5.430  1.96   1
     5745  54.834294 -162.417594    13.236   -40954.4   -29722.4    -5803.0     53.3     34.8     45.7 2021  8  9 18 33 46.560  1.50   1
     5749  54.999805 -161.360889    30.016    26666.8   -11296.9    10977.1     13.3     14.0     22.7 2021  8 10  3 51 54.600  1.96   1
     5750  55.355420 -160.597591    41.152    75117.4    28291.9    22113.0     18.2     18.7     33.5 2021  8 10  6  4 45.990  1.79   1
     5754  55.382157 -161.781283     1.671     -200.8    31268.4   -17368.3     16.7      8.2     16.2 2021  8 10  7 36  0.510 -0.55   1
     5757  55.395723 -161.810221     5.809    -2041.3    32778.6   -13230.0     15.8     20.5     20.8 2021  8 10 10 56 14.690  0.52   1
     5760  55.264726 -160.876790    32.383    57417.0    18195.4    13344.4     12.5     30.8     28.2 2021  8 10 19 25 15.400  1.54   1
     5761  55.224548 -161.829476     8.685    -3272.8    13722.6   -10354.0     25.7     25.4     30.3 2021  8 10 19 25 57.920  1.57   1
     5764  54.968355 -161.814355     5.255    -2316.5   -14798.0   -13783.6     23.1     17.5     27.2 2021  8 10 21 16 43.800  2.18   1
     5773  55.261133 -161.011637    51.467    48829.2    17795.4    32428.6     16.5     40.2     20.4 2021  8 11  5 31 28.350  1.79   1
     5774  55.166439 -161.825960    15.503    -3051.0     7253.6    -3535.7     26.2     31.3     26.8 2021  8 11  5 32  9.070  1.22   1
     5776  55.226632 -160.780794    54.997    63562.4    13954.5    35958.3     14.7     35.3     19.4 2021  8 11  5 46 44.440  2.31   1
     5780  55.258004 -161.980387    11.914   -12885.6    17447.0    -7124.4     53.2     25.3     22.9 2021  8 11  5 52 18.960  1.65   1
     5783  54.996338 -161.502035    32.481    17646.5   -11682.8    13442.1     12.6     17.7     20.4 2021  8 11  6 53 51.870  1.66   1
     5786  55.137435 -160.528239    54.668    79747.1     4024.7    35629.4     35.3     65.1     51.4 2021  8 11  8 15 45.230  2.55   1
     5796  55.239299 -161.652116    16.517     8029.6    15364.7    -2521.7     16.8     21.1     18.5 2021  8 11 12 59  9.760  1.71   1
     5806  55.242916 -161.738656    16.703     2515.0    15767.4    -2336.4     24.4     19.1     19.6 2021  8 11 18 51 11.440  0.65   1
     5808  55.175647 -161.595589     2.516    11640.9     8278.7   -16523.2     23.2     19.9     21.4 2021  8 11 19 28 41.400  1.55   1
     5809  54.670581 -161.626855    19.417     9707.6   -47947.6      378.2     26.7     26.1     31.9 2021  8 11 20 39 50.860  1.29   1
     5814  55.049805 -162.279899     1.954   -32049.9    -5730.7   -17084.5     18.3     13.1     19.4 2021  8 12  2 55 20.360  1.43   1
     5817  55.027303 -162.446126     5.649   -42679.3    -8235.7   -13390.3     13.6     17.6     21.9 2021  8 12  3 14 53.090  1.18   1
     5818  55.046517 -162.319206     4.540   -34561.9    -6096.7   -14499.0     17.8     14.6     11.9 2021  8 12  3 15  9.930  1.24   1
     5821  54.622786 -161.337223    11.205    28311.2   -53268.3    -7834.1     16.4     12.1     12.8 2021  8 12  4 52 38.690  2.44   1
     5824  54.897286 -162.188460     0.428   -26259.1   -22709.8   -18611.4      8.3     11.3     10.2 2021  8 12  5 15  7.380  0.70   1
     5826  55.226208 -161.440234    21.331    21534.7    13907.4     2292.1     12.5     17.7     18.2 2021  8 12  8 52 12.690  1.45   1
     5828  55.247119 -160.822119    38.882    60913.1    16235.3    19842.6      8.9     26.4     17.9 2021  8 12  9 55  3.590  2.53   1
     5833  55.038208 -161.394076    17.833    24534.0    -7021.7    -1205.7     14.2     18.0     30.0 2021  8 12 10 28 46.860  2.41   1
     5837  55.389022 -161.617301     9.818    10228.9    32032.6    -9221.1     19.0     14.6     26.0 2021  8 12 11 12 27.940  0.56   1
     5850  55.246228 -160.741423    66.280    66055.5    16136.1    47240.9     19.6     47.4     20.8 2021  8 12 20 45 42.400  1.92   1
     5851  55.182129 -161.516699    23.075    16670.6     9000.3     4036.6     12.6     14.1     15.5 2021  8 12 20 46 11.920  2.14   1
     5852  55.083834 -162.334668    35.301   -35533.1    -1942.4    16261.7     13.9     17.9      9.8 2021  8 12 21 15  8.960  1.41   1
     5854  55.210754 -161.812842     8.295    -2213.0    12187.0   -10743.7      8.1     12.5     18.6 2021  8 12 21 17 11.360  0.95   1
     5856  54.855282 -161.275553    28.756    32178.5   -27385.9     9716.8     12.8     17.8     39.5 2021  8 12 21 50 11.600  1.90   1
     5857  55.258866 -161.137044    33.585    40841.3    17543.1    14546.5      8.7     26.9     16.7 2021  8 12 22  1 24.060  1.73   1
     5858  55.214425 -162.285596    14.397   -32347.3    12595.6    -4641.5     17.7     22.5     29.2 2021  8 12 22  2  6.280  1.16   1
     5863  55.333223 -161.817285    28.639    -2492.5    25820.8     9600.3     40.2     31.7     24.1 2021  8 12 23 16  3.040  0.54   1
     5866  55.207198 -161.094678    31.114    43568.4    11791.1    12075.0     22.4     30.1     40.8 2021  8 13  0 53  1.730  1.50   1
     5876  55.278113 -160.961865    45.327    51988.9    19685.7    26287.9     12.7     24.1     17.6 2021  8 13  6  3 21.350  1.49   1
      588  55.041451 -161.727035    23.551     3263.7    -6660.6     4512.1     14.8     13.5     12.0 2021  1 19  8 11 12.470  1.43   1
     5880  54.625260 -163.389209    12.151  -103447.9   -52992.9    -6888.1     12.1     15.4     15.8 2021  8 13  8 12 39.920  1.33   1
     5881  55.429696 -162.136605    22.434   -22788.9    36560.6     3395.2     39.3     58.9     43.2 2021  8 13 10 49 39.510  1.17   1
     5884  54.574101 -161.450212    10.732    21068.7   -58688.3    -8306.9     23.2     16.9     17.1 2021  8 13 12 10 26.830  2.09   1
     5888  55.211572 -162.125765    10.518   -22160.1    12278.1    -8521.1     16.7     12.7     19.1 2021  8 13 13 54 17.250  0.54   1
     5889  55.171708 -161.767790    18.629      659.1     7840.2     -410.3     29.1     15.3     22.3 2021  8 13 14 21 44.790  0.77   1
     5893  54.618896 -161.279980    30.972    31988.4   -53701.4    11932.8      9.7     12.4     28.9 2021  8 13 16  7  1.830  1.20   1
     5896  55.380115 -161.612354    57.345    10544.8    31041.0    38305.7     69.1     86.5     40.3 2021  8 13 17 29 12.560  1.98   1
     5897  55.176546 -161.596419    21.719    11587.8     8378.8     2679.9     17.7     34.9     28.2 2021  8 13 17 29 48.240  2.05   1
     5898  54.859957 -162.694189    32.216   -58650.1   -26865.4    13177.4     10.1     11.9     15.8 2021  8 13 17 33 51.380  1.56   1
     5901  55.445968 -161.873258    25.004    -6046.5    38372.1     5965.2     24.2     26.4     16.3 2021  8 13 18 51 23.200  0.47   1
     5906  54.545585 -162.506966    34.820   -46845.0   -61862.8    15781.3     42.1     21.0     35.5 2021  8 13 21 19 52.440  0.99   1
     5908  54.781482 -160.958870    34.280    52502.9   -35601.6    15241.5     14.9     17.7     32.4 2021  8 13 22 18 20.100  1.42   1
     5918  55.535181 -161.122852    56.426    41601.2    48303.7    37387.1     73.8     93.1     81.1 2021  8 14  2 45 28.360  1.05   1
     5921  55.245483 -161.407454    16.900    23618.2    16053.2    -2138.6     11.1     14.6     17.9 2021  8 14  3 31 19.160  0.72   1
     5922  54.916357 -162.794808    11.431   -65046.5   -20586.6    -7608.2     16.2     21.5     28.2 2021  8 14  4 20 29.180  0.92   1
     5924  54.963806 -162.697656     4.111   -58796.2   -15304.4   -14927.4     13.7     20.5     22.7 2021  8 14  4 21 31.600  0.91   1
     5929  54.901868 -161.590397    75.871    12012.8   -22199.7    56832.3     23.8     30.9     17.6 2021  8 14  8 43  6.550  1.12   1
     5932  55.394206 -161.972217    16.562   -12344.1    32609.7    -2477.3     48.8     34.4     30.8 2021  8 14 10 37 55.350  0.63   1
     5934  55.434290 -161.071842    50.376    44896.4    37072.0    31337.3     20.3     36.7     26.3 2021  8 14 10 55 26.030  1.18   1
     5935  55.272721 -160.806234    61.968    61905.5    19085.5    42928.8     17.3     46.9     20.8 2021  8 14 11 58  9.290  4.54   1
     5937  55.310262 -161.635710    25.213     9067.0    23264.7     6174.5     30.8     30.5     71.2 2021  8 14 12 15 28.860  2.42   1
      594  54.593221 -161.195931    29.577    37397.5   -56559.7    10537.7     15.8     15.0     46.0 2021  1 19  9 39 34.210  3.00   1
     5940  55.347518 -161.543115    35.019    14955.2    27412.2    15980.6     31.7     50.1     30.6 2021  8 14 12 35 26.600  1.87   1
     5943  55.280835 -160.856152    44.515    58719.9    19988.7    25475.7     10.7     17.1     15.6 2021  8 14 13  0 12.500  1.82   1
     5944  55.302974 -161.212777    54.343    35996.7    22453.4    35304.1     13.3     39.1     20.8 2021  8 14 13  7  7.690  2.47   1
     5945  55.014884 -161.216667    34.410    35877.7    -9618.2    15370.8     21.5     37.7     35.2 2021  8 14 13 12 17.880  1.42   1
     5947  55.114587 -161.557096    19.639    14106.4     1481.2      600.3     19.1     21.6     26.0 2021  8 14 13 45 22.540  1.24   1
     5950  55.105306 -161.393880    30.854    24526.0      448.0    11815.0     26.7     23.0     31.7 2021  8 14 14 21 27.600  1.46   1
     5951  55.275049 -161.759342    16.943     1196.3    19344.6    -2095.4     25.6     15.8     18.4 2021  8 14 14 22  2.170  1.15   1
     5952  55.242061 -160.754655    41.137    65215.8    15672.2    22098.3     11.0     52.0     25.3 2021  8 14 14 34 20.330  1.45   1
     5954  55.287740 -161.286084    42.333    31335.1    20757.4    23294.3     23.8     22.1     28.0 2021  8 14 14 55 32.730  1.92   1
     5956  55.274105 -161.389372    24.925    24761.5    19239.5     5886.0     20.6     24.4     20.5 2021  8 14 15 11 32.050  1.05   1
     5965  55.186650 -161.033382    35.620    47488.0     9503.5    16580.7     15.8     33.7     29.6 2021  8 14 17  2 13.420  1.39   1
     5967  55.131746 -160.822624    13.302    60968.6     3391.5    -5737.1     24.8     41.0     41.5 2021  8 14 17 33 48.840  1.61   1
      597  54.990906 -162.276807    12.447   -31875.7   -12287.6    -6591.5     34.8     22.1     16.8 2021  1 19 12 27 58.890  1.09   1
     5971  55.206698 -161.657682    39.485     7678.0    11735.4    20446.5     51.4     39.5     43.7 2021  8 14 17 58 16.060  1.32   1
     5976  55.085522 -161.670801    15.018     6852.1    -1754.4    -4021.2     17.4     16.0     23.9 2021  8 14 18 38 46.520  1.17   1
     5979  55.245719 -160.872559    33.669    57700.3    16079.5    14630.3     12.1     35.5     26.0 2021  8 14 18 45  6.340  2.34   1
     5983  55.312598 -161.750439    20.626     1762.6    23524.7     1586.9     29.6     37.4     22.9 2021  8 14 19 39 34.600  1.61   1
     5987  54.772929 -161.917904     1.735    -8958.8   -36553.8   -17303.7     16.8     12.9     14.3 2021  8 14 20 56 42.800  1.28   1
     5988  55.305501 -162.233285    25.989   -28979.9    22734.7     6950.5     26.0     23.1     36.9 2021  8 14 23 59 53.360  0.82   1
      599  55.113070 -162.197819    14.199   -26786.1     1312.3    -4839.6     20.5     29.1     20.5 2021  1 19 14 19 31.300  0.72   1
     5991  54.901575 -160.722038    11.937    67580.0   -22232.3    -7101.4     37.3     62.0     45.7 2021  8 15  0 29 46.160  1.29   1
     5994  55.225151 -161.681982    24.235     6127.5    13789.7     5196.2     46.9     30.9     31.8 2021  8 15  2 32 36.430  1.08   1
     5998  54.799967 -160.859538    34.072    58855.3   -33543.7    15032.8      8.5      9.8     19.1 2021  8 15  7  9 35.250  2.06   1
        6  54.608374 -161.333740    13.914    28539.9   -54872.8    -5124.8     17.3     17.8      8.4 2021  1  1 11 56 44.770  1.91   1
     6000  54.964262 -161.396452    32.809    24404.6   -15253.7    13769.7     18.5     19.7     29.2 2021  8 15  7 58 40.300  1.46   1
     6003  55.277507 -161.371029    32.744    25928.8    19618.2    13705.0     42.0     70.2     89.9 2021  8 15  9  9 15.240  1.26   1
     6006  55.239685 -160.880355    39.956    57207.8    15407.7    20917.1      9.4     22.5     18.5 2021  8 15 11 22 17.540  1.43   1
     6011  55.229150 -161.128402     1.361    41407.2    14234.9   -17677.6     17.2     38.7     19.0 2021  8 15 11 59  9.380  1.15   1
     6013  54.984623 -161.597103    36.459    11571.8   -12987.0    17419.7     17.0     14.0     16.0 2021  8 15 12 18 40.120  1.17   1
     6019  54.610665 -161.236100    11.594    34809.7   -54617.8    -7444.5     20.0     16.9     17.2 2021  8 15 15 14 16.690  1.29   1
     6023  54.582694 -161.981999    31.810   -13097.6   -57731.6    12771.6     71.5     45.9     90.4 2021  8 15 19 18 24.160  2.10   1
     6024  55.169625 -161.110156    38.667    42601.6     7608.3    19628.2     16.5     55.1     31.1 2021  8 15 19 45 13.080  1.18   1
     6026  55.084005 -161.230778    33.654    34945.9    -1923.4    14615.3     13.8     25.7     29.9 2021  8 15 22 19 31.480  1.63   1
     6029  54.954419 -162.237451     2.104   -29373.4   -16349.5   -16935.2      8.6     10.2     11.1 2021  8 16  0 40 22.930  0.65   1
     6032  55.160132 -161.003841    13.571    49388.0     6551.5    -5468.0     14.9     38.2     23.1 2021  8 16  1 47 33.550  1.88   1
     6035  55.332414 -161.743506     5.884     2203.5    25730.7   -13155.3      6.4     11.2     12.8 2021  8 16  3 16 43.670  0.09   1
     6038  55.344588 -161.803271     2.140    -1600.3    27086.0   -16899.2     12.1      8.2     18.4 2021  8 16  4 12 55.890 -0.47   1
     6039  55.194763 -161.857959    11.041    -5090.0    10406.8    -7998.0     17.9     21.7     16.6 2021  8 16  4 47 56.940  0.45   1
      604  55.094706 -161.729980    10.197     3073.4     -732.0    -8842.2     24.6     16.1     24.0 2021  1 19 18 37 51.200  0.44   1
     6040  54.569470 -162.454004    35.225   -43428.1   -59203.8    16186.3     34.6     10.2     28.8 2021  8 16  4 53 28.460  1.81   1
     6041  55.315422 -161.954183    25.613   -11208.2    23839.1     6574.0     29.8     23.0     25.5 2021  8 16  8  5 52.420  0.78   1
     6043  55.438888 -161.726904    15.370     3255.8    37583.9    -3669.3     23.1     21.4     20.7 2021  8 16  8 48 57.480  0.32   1
     6044  54.373433 -162.179769    40.228   -25869.7   -81027.5    21189.4     61.8     34.5     67.0 2021  8 16  9 56  3.240  1.91   1
     6046  55.313009 -161.341829    40.596    27776.2    23570.4    21557.3     20.1     23.2     23.1 2021  8 16 12 20 16.890  1.90   1
     6047  55.302681 -161.713216     5.467     4132.9    22420.8   -13572.0     16.5     16.1     22.2 2021  8 16 12 56  9.530  0.26   1
      605  54.993486 -161.493457    13.748    18195.4   -12000.4    -5291.0     17.2     15.9     23.8 2021  1 19 21 57 11.960  1.26   1
     6050  55.211405 -161.831038     2.665    -3372.9    12259.5   -16373.8     21.2      8.3     21.8 2021  8 16 13  7 23.760  0.34   1
     6051  54.964681 -162.942285     0.917   -74437.3   -15207.0   -18121.4     13.5     20.9     11.9 2021  8 16 15 39 16.110  1.69   1
     6058  55.200240 -161.821452    56.990    -2762.2    11016.5    37951.2     90.0     49.0     31.9 2021  8 17  9 14 20.080  1.42   1
     6059  54.984074 -161.521273    15.759    16419.4   -13048.1    -3280.3     25.1     32.5     73.6 2021  8 17  9 14 23.190  1.42   1
      606  55.120964 -161.727409     5.529     3236.5     2191.1   -13509.6     11.4     12.6     17.0 2021  1 19 21 57 33.120  1.18   1
     6061  55.292322 -161.424919    25.003    22492.3    21267.5     5963.7     16.0     18.7     18.5 2021  8 17  9 49 28.980  1.50   1
     6062  55.318237 -161.072184    30.024    44939.9    24152.5    10985.2     22.9     60.1     46.8 2021  8 17  9 49 52.190  1.38   1
     6063  55.308171 -161.448828    19.112    20965.6    23031.8       72.8     19.5     37.3     28.1 2021  8 17 11 24 55.960  0.89   1
     6070  55.453202 -161.736540     5.003     2642.8    39177.5   -14035.9     21.9     15.9     36.0 2021  8 18  4 35  6.640  0.91   1
     6073  54.963713 -162.708952     3.940   -59518.5   -15314.8   -15098.5     13.6     20.7     22.7 2021  8 18  4 58 45.360  1.42   1
     6074  55.270536 -161.763981     2.998      900.9    18842.2   -16041.2     13.5      5.8      7.0 2021  8 18  4 59  5.810  1.67   1
     6077  55.371493 -161.785059    39.356     -441.1    30081.1    20317.6     75.7     65.4     26.2 2021  8 18  9 43 43.220  1.72   1
      608  55.113277 -162.171582    12.789   -25111.5     1335.4    -6249.6     18.0     26.4     16.7 2021  1 19 23 43  6.180  0.87   1
     6087  55.303023 -161.764795    30.275      848.7    22458.8    11236.4     25.8     21.8     19.6 2021  8 18 17 49 52.000  1.05   1
     6088  55.456230 -161.789876     2.881     -746.8    39514.5   -16157.7     15.4     16.4     16.3 2021  8 18 17 56 50.020  0.49   1
     6091  55.242175 -162.118294    24.829   -21675.6    15684.9     5790.2     62.6     49.0     52.4 2021  8 18 18 16 42.680  0.79   1
     6093  54.991121 -161.566797    31.780    13508.0   -12263.6    12741.4     17.8     16.8     24.9 2021  8 18 18 22 18.880  1.85   1
     6096  55.163635 -160.728874    69.519    66924.0     6941.5    50480.6     26.2    120.5     34.8 2021  8 18 20  7 24.800  1.92   1
     6098  55.174500 -161.272184     1.305    32265.9     8150.9   -17734.2     14.1     16.5     14.5 2021  8 18 20 29 22.340  1.03   1
     6100  55.605408 -162.328630    21.541   -34918.9    56121.7     2502.2     32.7     25.1     36.3 2021  8 18 21 22 29.440  1.30   1
     6104  54.815295 -161.159570    14.441    39624.2   -31837.3    -4597.8     13.6     13.1     24.8 2021  8 18 22 16 30.600  1.68   1
     6105  54.925517 -161.369743    66.718    26125.0   -19567.0    47679.1     44.9     33.4     31.4 2021  8 18 22 16 38.120  1.91   1
     6106  55.284111 -161.584049    28.141    12360.0    20353.4     9101.7     12.5     16.8     15.2 2021  8 18 22 27 51.880  0.99   1
     6115  55.326331 -161.697542     1.783     5129.3    25053.5   -17255.5     11.6      9.0     17.3 2021  8 19  2 43 30.140  0.44   1
     6119  55.516931 -161.716797    35.267     3894.4    46272.0    16228.2     42.7     38.4     28.9 2021  8 19  3 34 54.970  0.98   1
      612  54.879887 -160.987842    21.564    50584.6   -24646.7     2524.7     33.9     33.5     31.6 2021  1 20  2  7  0.610  3.85   1
     6122  55.375252 -161.443441    18.592    21290.7    30499.7     -447.4     18.3     35.0     28.4 2021  8 19  8  3 10.660  0.66   1
     6123  54.617314 -161.296387    24.055    30935.5   -53877.6     5015.9     14.6     12.8     12.7 2021  8 19  8 46  3.640  1.64   1
     6126  55.244942 -162.024284     5.793   -15684.7    15993.0   -13245.8     32.2     13.6     33.6 2021  8 19 12 20 54.760  1.03   1
     6132  54.717216 -162.687695    13.096   -58337.3   -42756.0    -5942.7     23.8     21.0     28.6 2021  8 19 18 29  4.820  0.96   1
     6134  55.118986 -161.814128    28.274    -2297.6     1970.9     9234.9     44.8     11.8     20.9 2021  8 19 18 32 30.120  1.17   1
     6141  55.208956 -161.744759    38.877     2127.0    11986.8    19838.3     29.7     19.3     16.6 2021  8 20  6 53 34.640  0.84   1
     6142  55.109041 -161.620524    43.635    10059.0      863.8    24595.7     81.5     55.6     58.7 2021  8 20  6 57 34.520  0.79   1
     6143  54.936137 -162.226416     2.908   -28674.2   -18384.7   -16131.0      9.7      7.7      8.3 2021  8 20  9  2 35.480  1.53   1
     6148  55.035429 -161.268522    33.927    32555.8    -7331.1    14888.3     20.7     38.5     34.2 2021  8 20 10 47 22.590  1.18   1
     6149  54.870028 -162.668652    31.000   -57008.0   -25744.3    11961.2     18.4     19.0     24.5 2021  8 20 12 21 54.310  1.49   1
     6161  55.258980 -161.230404    33.491    34893.6    17555.7    14452.1     11.1     19.4     14.2 2021  8 20 23 49  5.240  1.51   1
     6164  55.253951 -161.166748    31.698    38951.3    16995.9    12659.3      7.7     18.5     19.0 2021  8 21  3 54 30.650  1.79   1
     6167  55.307381 -160.441992    12.900    85069.3    22944.0    -6138.5     12.6     31.4     12.8 2021  8 21  8 45  2.920  1.71   1
     6169  54.946851 -162.232764    17.920   -29076.4   -17192.0    -1118.8      9.8      8.2     10.0 2021  8 21  8 52 31.430  2.12   1
     6174  55.086690 -162.891130    18.268   -71058.5    -1624.4     -770.5     13.7     39.0     39.3 2021  8 21 16 40 16.890  1.46   1
     6177  54.942053 -162.230729     6.236   -28948.0   -17726.1   -12802.8     15.5     14.4     18.5 2021  8 22  0  5 25.130  0.76   1
     6183  55.116207 -161.598324    19.990    11475.0     1661.5      950.9     20.2     20.2     27.1 2021  8 22  6 42 13.970  0.95   1
     6184  54.962004 -161.424414    22.704    22617.3   -15505.1     3665.3     33.1     38.3     41.9 2021  8 22  6 42 44.270  1.68   1
     6194  55.162142 -161.943734    21.186   -10563.2     6775.2     2146.7     49.8     28.0     36.3 2021  8 22 18 47 15.400  0.69   1
     6195  54.835038 -161.179606    32.607    38331.4   -29639.5    13568.4     26.1     24.4     38.8 2021  8 22 20 51 29.240  2.37   1
     6198  55.796623 -161.985531     1.196   -13124.3    77408.6   -17842.8     27.8     10.0     11.2 2021  8 23  7 18 58.980  2.02   1
     6199  55.398889 -161.455241    22.957    20533.9    33131.1     3918.5     19.1     29.3     24.2 2021  8 23  7 21 46.360  1.47   1
       62  54.933207 -161.413916    30.338    23296.9   -18710.8    11298.9     17.0     17.4     31.8 2021  1  2 21 33 59.180  1.62   1
     6202  55.322896 -161.892090    18.653    -7254.5    24671.2     -385.4     17.2     11.6     11.3 2021  8 23 12 22 34.930  0.35   1
     6203  55.454130 -161.874170    23.625    -6103.8    39280.7     4585.9     30.2     35.3     14.1 2021  8 23 13 15 22.840  1.01   1
     6204  54.915556 -162.210498     0.194   -27663.1   -20675.9   -18844.8     14.0     10.3      7.8 2021  8 23 15 37  9.380  2.04   1
     6206  54.614750 -161.403239    11.972    24074.6   -54163.0    -7066.4     13.9     10.7     10.6 2021  8 23 18  2 57.340  2.00   1
     6215  55.142513 -161.919271    16.353    -9005.0     4590.1    -2685.8     36.1     19.5     28.4 2021  8 24  0 52 39.680  0.58   1
     6216  54.915019 -162.218783     3.591   -28193.4   -20735.7   -15448.2      9.1     12.4     22.5 2021  8 24  0 59 41.460  1.01   1
     6230  54.984379 -161.634749    23.316     9165.3   -13014.2     4276.7     13.0     10.4     20.6 2021  8 24 12 31 40.480  1.49   1
     6233  55.442692 -161.720247     7.398     3678.7    38007.4   -11641.3     16.2     17.4     14.4 2021  8 24 12 36 29.100  1.07   1
     6237  55.136987 -161.362891    16.333    26493.5     3974.9    -2705.6      8.7     20.5     37.6 2021  8 24 14 26  9.350  1.16   1
      624  55.165873 -161.413656     5.664    23246.2     7190.6   -13375.2     36.5     36.4     47.7 2021  1 21  5  1 58.740  1.91   1
     6242  54.676803 -161.714079    31.893     4109.8   -47255.0    12854.5     43.1     43.5     73.6 2021  8 24 17 29 38.940  1.18   1
     6247  55.276607 -161.987874    20.423   -13359.5    19518.1     1383.7     30.2     24.6     18.5 2021  8 24 20 27 24.000  1.52   1
     6259  55.463818 -161.732910    14.353     2873.1    40359.3    -4686.4     26.1     26.9     26.7 2021  8 25  2 11 30.510  1.02   1
     6260  55.336544 -161.705241    10.096     4638.7    26190.5    -8942.7     14.4     17.9     20.4 2021  8 25  2 17 46.410  0.57   1
     6264  55.248417 -161.859668    12.626    -5195.5    16379.8    -6413.0     33.8     13.3     14.0 2021  8 25  4  8  3.370 -0.43   1
     6269  55.383960 -161.734619    21.217     2767.3    31469.1     2178.5     23.0     16.5      9.1 2021  8 25  5 34 12.550  0.27   1
     6281  55.442008 -161.897786    42.687    -7605.8    37931.3    23648.2     41.3     21.0     14.7 2021  8 25  8  9 20.870  1.27   1
     6282  55.391577 -161.866113    12.068    -5596.2    32317.1    -6970.5     31.9     31.7     17.9 2021  8 25  8 28 29.800  0.68   1
     6284  55.239787 -161.394010     1.833    24476.6    15419.0   -17206.2     32.5     38.6     37.3 2021  8 25  9 37 41.810  1.22   1
     6296  54.599288 -162.063493    13.904   -18329.4   -55884.3    -5134.7     17.1     11.3     17.3 2021  8 25 13 40  8.950  1.00   1
     6297  54.637919 -161.411930    13.946    23509.7   -51583.7    -5093.4     16.3     13.8     16.7 2021  8 25 14 46 33.870  1.16   1
     6298  55.341642 -162.209245    24.077   -27436.9    26758.1     5037.6     23.0     27.7     12.5 2021  8 25 15 59 54.160  0.71   1
     6299  55.332190 -161.728223    11.673     3176.2    25705.8    -7365.7     16.9     15.8     11.7 2021  8 25 16 13 23.300 -0.05   1
     6307  55.305709 -161.504867     5.787    17398.3    22757.8   -13251.5     15.3     20.4     22.4 2021  8 25 18 53 11.720  0.57   1
      631  54.507792 -161.724219    10.687     3466.3   -66070.0    -8351.8     22.3     13.3     17.3 2021  1 21  7 50  6.900  1.59   1
     6310  55.437187 -161.866895    12.545    -5642.6    37394.5    -6494.4     16.6     33.0     20.2 2021  8 25 19 34 41.320  0.97   1
     6312  54.648669 -161.435824    12.507    21972.9   -50386.9    -6531.4     12.5      9.8     13.6 2021  8 25 19 56 14.720  2.00   1
     6316  55.208097 -161.454915    33.780    20603.7    11891.2    14741.0     44.5     44.6     44.5 2021  8 25 21 47 48.980  1.58   1
     6318  55.268750 -161.293994    45.835    30838.7    18643.4    26795.8     25.5     27.9     27.3 2021  8 25 22  7 56.880  1.40   1
     6322  54.700395 -161.356510    20.642    27046.8   -44628.6     1602.9     29.3     36.2     30.0 2021  8 25 22 54 30.780  1.08   1
     6324  55.277612 -161.829948    14.610    -3300.7    19629.9    -4429.1     37.5     21.9     26.0 2021  8 26  0 26 53.410  0.73   1
     6326  55.418453 -161.742383     5.135     2272.5    35309.0   -13904.4     13.2     20.8     17.2 2021  8 26  1 22 23.300 -0.02   1
     6333  55.375663 -161.947412    16.293   -10769.0    30545.4    -2746.0     27.5     32.3     21.7 2021  8 26  2 22 17.830  0.37   1
     6334  55.013928 -162.195524    12.879   -26672.5    -9724.6    -6160.2     30.6     27.9     29.2 2021  8 26  2 26 43.400  0.26   1
     6335  54.723344 -162.887728    10.203   -71161.4   -42073.8    -8835.5      6.9      8.3     35.3 2021  8 26  3 15 56.130  1.03   1
     6336  55.077580 -162.995964    12.857   -77760.3    -2638.6    -6181.8     21.2     25.5     23.2 2021  8 26  4 40 30.260  1.10   1
     6338  55.354724 -161.762191    20.278     1013.9    28214.4     1238.7     42.8     43.6     32.2 2021  8 26  5 34 44.570 -0.10   1
     6342  54.656775 -161.832243    40.132    -3473.6   -49484.6    21093.4     55.4     40.9     57.3 2021  8 26  8 49 43.490  0.85   1
     6345  55.291642 -161.526693     4.331    16011.4    21191.8   -14707.6     12.5     20.9     17.9 2021  8 26 10 42  2.770  1.03   1
     6349  55.195451 -160.908577    34.039    55440.0    10483.3    15000.1     26.7     43.2     50.0 2021  8 26 12 16 18.730  1.11   1
      635  55.381242 -161.858203     5.839    -5093.7    31166.5   -13199.7     15.5      9.4     11.1 2021  1 21  8 21 46.610  0.25   1
     6350  55.562887 -161.550977    31.269    14415.9    51388.0    12230.4     24.6     24.5     27.8 2021  8 26 13 57 17.920  1.03   1
     6353  55.238057 -160.923291    32.235    54473.0    15226.5    13195.9      8.9     21.8     21.5 2021  8 26 15  6 21.390  1.16   1
     6367  54.510238 -162.072689    11.352   -18940.8   -65797.8    -7687.0     22.8     10.3     10.8 2021  8 27  0 25 56.640  1.11   1
      637  55.138745 -162.391390    39.852   -39127.8     4170.6    20813.0     22.0     33.4     19.1 2021  1 21 12 34 27.020  2.76   1
     6373  54.730054 -160.868962    26.099    58301.9   -41326.8     7060.2     32.2     48.5    200.8 2021  8 27  2 40 13.020  2.31   1
     6377  55.179785 -161.646387     4.825     8400.9     8739.4   -14213.4     22.5     44.3     53.7 2021  8 27  3  5 34.690  0.07   1
     6381  54.815153 -161.043538    31.539    47057.3   -31853.2    12500.5      9.3      9.8     23.7 2021  8 27  5 24 28.610  1.73   1
     6382  54.552112 -162.268652    59.835   -31525.2   -61136.2    40795.7     39.9     10.7     12.7 2021  8 27  6 32 50.270  1.12   1
     6392  55.197257 -161.796240     4.202    -1155.0    10684.5   -14837.1     26.6     21.9     29.2 2021  8 27 10 20  2.040  0.26   1
     6393  55.206274 -162.008252    17.617   -14670.3    11688.3    -1422.1     18.2     22.7     20.8 2021  8 27 10 20 18.710  0.59   1
     6394  55.145569 -162.451025    47.388   -42929.0     4930.2    28349.3     22.9     38.0     21.4 2021  8 27 10 33 56.580  1.89   1
     6396  55.218840 -161.160400     1.108    39373.0    13087.1   -17931.2     21.9     28.2     25.0 2021  8 27 11 36 53.980  1.43   1
       64  54.807796 -161.303385    33.462    30414.4   -32672.2    14422.8     25.1     18.8     28.2 2021  1  2 23 32 26.740  2.17   1
      640  54.609037 -161.634131    12.527     9247.7   -54799.0    -6511.7     26.3     20.4     24.6 2021  1 21 16 27 56.260  2.90   1
     6406  55.040658 -161.549137    30.185    14627.8    -6749.0    11146.5     13.2     17.7     19.4 2021  8 27 20 23 16.680  2.80   1
     6408  55.146179 -161.983317    28.641   -13090.5     4998.2     9602.3     68.4     39.0     56.0 2021  8 27 21 55 18.520  0.63   1
     6411  55.010482 -161.569189    19.645    13351.9   -10108.3      605.8     22.1     28.6     35.3 2021  8 28  1 35 21.250  1.08   1
     6412  54.450281 -161.506169     8.788    17500.0   -72472.5   -10251.0     19.0     16.9     18.8 2021  8 28  3 57 27.040  1.75   1
     6417  55.274980 -161.917220    12.277    -8859.5    19336.9    -6761.9     24.2     17.6     35.4 2021  8 28  7 59 43.700  1.35   1
     6420  54.993384 -162.351611     2.751   -36656.1   -12011.7   -16287.6     40.4     53.9     44.1 2021  8 28  8 10 58.300  0.81   1
     6423  55.126811 -160.365967    10.577    90112.5     2842.0    -8461.9     21.7     40.2     21.8 2021  8 28 10 27 19.370  2.16   1
     6427  55.091764 -160.333529    10.295    92222.8    -1059.5    -8744.3     12.7     37.9     11.2 2021  8 28 12 49 16.000  1.41   1
     6448  54.868424 -162.625749    32.173   -54262.5   -25922.8    13134.2     24.4     24.8     27.5 2021  8 28 19 45 12.080  1.39   1
     6450  54.715649 -161.225472    15.311    35446.3   -42930.4    -3727.8     26.6     31.3     28.8 2021  8 28 19 51  1.160  0.98   1
     6452  55.411279 -161.843652    21.875    -4166.6    34510.4     2836.6     41.5     30.5     18.5 2021  8 28 19 54 26.040 -0.05   1
     6456  55.277279 -161.585579    27.708    12263.7    19592.8     8669.4     21.2     24.2     26.3 2021  8 28 20 22 20.360  1.89   1
     6457  55.330127 -161.293945    31.954    30818.1    25476.1    12915.6     18.2     24.7     29.5 2021  8 28 21 55 25.400  0.95   1
     6464  55.034123 -161.654460    20.852     7900.4    -7476.5     1812.8     16.3     17.1     18.2 2021  8 29  1  4 52.410  0.83   1
     6465  55.125472 -160.362891     9.761    90310.4     2693.0    -9277.6     22.8     41.8     22.9 2021  8 29  1 16  1.050  1.62   1
     6468  54.920231 -162.552865    31.956   -49564.8   -20155.4    12916.9     24.1     28.7     48.9 2021  8 29  8 31 12.900  1.46   1
      647  55.175777 -161.716927    11.135     3902.8     8293.2    -7903.6     17.3     15.4     20.1 2021  1 21 21 23  0.380  0.62   1
     6471  54.642476 -161.421908    11.669    22867.9   -51076.4    -7370.2     13.2     12.0     13.6 2021  8 29 10 46 25.870  1.28   1
     6483  54.987337 -162.280745     7.386   -32128.9   -12684.8   -11653.3      7.2      7.4     12.6 2021  8 29 14  7 42.490  1.04   1
      649  54.584224 -161.331348    14.563    28702.2   -57561.2    -4476.3     20.2     18.1     24.2 2021  1 22  5  8 24.920  1.60   1
     6491  55.128394 -161.877035    13.176    -6311.5     3018.2    -5862.8     24.1     15.6     18.8 2021  8 29 16 23 17.630  0.60   1
     6493  55.030493 -160.546501     9.987    78686.6    -7880.5    -9052.3     55.4     88.3     54.9 2021  8 29 17 16 22.680  1.14   1
       65  54.810750 -161.418311    16.240    23050.8   -32343.3    -2799.2     19.0     20.5     58.5 2021  1  2 23 32 40.800  2.11   1
      650  54.868717 -161.775781    14.812      150.0   -25890.2    -4226.8     89.9     37.9    160.0 2021  1 22  5  8 52.590  1.52   1
     6501  55.322013 -161.995459     2.245   -13834.7    24572.9   -16793.4     52.1     43.8     48.4 2021  8 29 18 50  5.820  0.10   1
     6517  55.187850 -161.200505    32.989    36831.0     9637.2    13949.8      9.7     22.9     20.4 2021  8 31 22 16 28.320  2.37   1
     6531  55.249268 -161.277148    55.040    31919.5    16474.5    36000.8     18.0     41.3     19.4 2021  9  1  6 54 57.500  1.21   1
     6536  55.389266 -162.569906    22.630   -50359.7    32059.8     3590.7     46.3     45.5     58.7 2021  9  1  9 46  1.810  1.79   1
     6539  55.218819 -161.656087    14.873     7778.5    13084.8    -4166.2     12.8     16.7     16.5 2021  9  1 13 17 57.550  2.08   1
     6542  55.291199 -161.661572     6.548     7422.2    21142.5   -12491.2      5.7      6.9     14.8 2021  9  1 14 33 39.070  0.29   1
     6543  54.596692 -161.408187    12.547    23762.1   -56173.3    -6492.3     17.9     12.2     14.4 2021  9  1 16  5 38.970  1.54   1
     6546  54.985368 -162.366553    11.465   -37614.9   -12904.1    -7574.3      7.8      8.1      9.7 2021  9  1 17 34 26.120  0.61   1
     6549  55.117387 -163.313704    12.981   -97999.8     1792.9    -6057.9     31.3    121.1     48.7 2021  9  1 19 53 28.660  1.80   1
      655  55.053841 -161.740527    17.539     2401.4    -5281.3    -1500.3     11.8     13.8     16.5 2021  1 22 11 29 25.190  1.60   1
     6558  55.379431 -161.886751    11.060    -6909.8    30964.9    -7978.8     26.1     17.8     21.0 2021  9  2  4 28 27.930  0.01   1
     6559  55.232438 -161.256673    20.691    33231.0    14600.9     1652.2     22.4     31.1     37.4 2021  9  2  4 56 30.850  0.99   1
      656  55.077010 -161.813086    17.323    -2232.3    -2702.0    -1716.3     13.3     12.2     15.6 2021  1 22 11 29 41.730  2.15   1
     6562  54.736930 -160.921045     9.977    54957.3   -40561.3    -9061.7     27.6     28.1     26.8 2021  9  2  5 10 44.000  2.09   1
     6563  54.952474 -161.338102    21.379    28139.7   -16566.0     2340.5     18.6     18.7     21.6 2021  9  2  8  7 54.680  2.42   1
      657  54.457564 -162.257340    46.939   -30834.1   -71661.6    27899.8     15.9     12.4     16.9 2021  1 22 12 58  1.920  1.98   1
     6577  55.189193 -161.729769    21.361     3083.3     9786.7     2322.3     42.6     32.1     56.7 2021  9  2 12 56 32.960  1.30   1
     6579  54.669023 -160.842301     9.783    60056.9   -48121.1    -9255.7     18.3     18.6     17.9 2021  9  2 16  2 51.040  2.25   1
     6580  55.231287 -163.414355     8.854  -104275.1    14472.8   -10185.0     19.3     39.8     26.7 2021  9  2 16 53 44.620  1.83   1
     6589  54.450566 -162.153027    15.731   -24124.4   -72440.8    -3308.4     66.5     16.5     23.7 2021  9  3  3 48  0.470  1.49   1
     6590  54.884452 -162.185775     0.221   -26091.4   -24138.5   -18817.8     12.1     10.8      9.4 2021  9  3  3 56 11.060  2.67   1
     6592  54.656079 -162.619352    12.292   -53994.7   -49562.1    -6747.0     20.6     16.5     27.5 2021  9  3  6 19 39.710  1.32   1
     6594  55.411886 -161.876123    12.701    -6231.2    34577.9    -6337.6     34.5     25.9     20.9 2021  9  3 10 22 32.430 -0.18   1
     6597  54.487874 -161.363867     8.878    26644.6   -68287.4   -10160.8     25.2     16.4     21.6 2021  9  3 13 44  6.890  1.76   1
     6598  55.356637 -161.769108     5.335      573.7    28427.3   -13703.8     15.4     11.3     13.6 2021  9  3 14 50 28.240 -0.45   1
     6601  55.310876 -162.071175    36.005   -18657.2    23333.1    16966.1     56.9     29.1     19.4 2021  9  3 15 59 53.310  0.90   1
     6607  54.529688 -161.329834     9.025    28818.8   -63632.6   -10013.6     30.8     17.9     18.5 2021  9  3 16 46 58.870  1.88   1
     6608  55.291577 -161.754574     8.074     1499.8    21184.6   -10964.4      9.8      9.5     15.5 2021  9  3 16 47 26.440  2.30   1
     6610  55.101681 -161.630257    31.696     9438.7       44.4    12657.2     15.7     17.6     19.7 2021  9  3 16 49  2.340  1.59   1
     6615  55.122896 -161.655469    33.717     7827.3     2406.2    14678.3     18.3     12.6     16.5 2021  9  3 17 31 23.480  1.78   1
     6616  54.721720 -161.908936    13.086    -8389.4   -42254.6    -5953.0     14.9      8.6     38.6 2021  9  3 18 36 23.860  1.17   1
     6618  55.215340 -161.537712    17.558    15324.3    12697.5    -1480.5     16.8     12.7     21.4 2021  9  4  0 46 25.530  1.13   1
     6621  55.326652 -161.757894     4.475     1287.8    25089.3   -14564.2     17.9     19.7     24.6 2021  9  4  1 39 18.940  0.65   1
     6622  55.063163 -162.815218     3.970   -66231.4    -4243.5   -15069.3      9.4     15.6     14.6 2021  9  4  2 35 16.270  0.97   1
     6623  55.452852 -161.468913     2.983    19651.2    39138.5   -16055.8      9.6     34.5     11.9 2021  9  4  2 54 59.860  0.48   1
     6625  55.152783 -163.104574     1.447   -84615.9     5733.4   -17591.5     19.9     49.1     23.1 2021  9  4  4  2 22.450  1.75   1
     6627  54.947709 -161.885368     3.234    -6858.6   -17096.4   -15804.7     23.3     13.6     25.8 2021  9  4  4  3  5.740  1.12   1
     6628  55.438676 -161.783496     3.716     -341.4    37560.3   -15322.6      7.0     11.9     13.7 2021  9  4  4  5 26.770  0.37   1
     6629  55.274255 -161.726839     8.397     3266.6    19256.2   -10641.4     19.3     14.5     22.3 2021  9  4  5 45  4.580  0.18   1
     6641  55.362919 -161.798503    16.605    -1296.5    29126.7    -2434.2     24.7     17.0     11.6 2021  9  4 16  0 24.680  0.86   1
     6642  55.181002 -161.035075    15.506    47383.4     8874.8    -3533.1      8.0     30.7     16.4 2021  9  4 16  2 13.820  1.34   1
     6644  54.929399 -161.375016    28.463    25786.4   -19134.8     9424.0     24.8     25.4     57.1 2021  9  4 16 19 47.520  1.35   1
     6647  55.271073 -162.499902    17.244   -45975.2    18902.0    -1794.8     28.3     23.5     38.9 2021  9  4 18 54 44.040  1.35   1
     6648  55.191646 -161.430745    28.538    22149.0    10059.8     9499.1     17.8     35.0     32.5 2021  9  4 19 32 39.040  1.52   1
     6649  55.218258 -161.786637    11.329     -542.6    13022.3    -7710.2     20.6     21.2     11.6 2021  9  4 19 33 38.860  0.78   1
     6652  55.343355 -161.676270    18.247     6482.0    26948.8     -791.6     32.5     32.9     38.6 2021  9  5  0 35 26.740  0.52   1
     6653  55.242074 -161.880339    41.841    -6513.1    15673.6    22802.3     75.6     28.5     18.8 2021  9  5  2 22 56.380  1.34   1
     6655  55.403866 -161.952946    18.616   -11117.1    33685.1     -423.4     18.6     24.5     17.6 2021  9  5  5  7 35.520  1.53   1
     6661  55.029069 -161.652002    24.681     8058.0    -8039.1     5642.2     13.0     12.5     11.7 2021  9  5 16 42 37.540  1.29   1
     6662  54.932182 -161.593783    20.355    11791.8   -18825.0     1316.5     14.3     14.7     18.0 2021  9  5 16 42 51.020  1.41   1
      667  55.353878 -161.895866    15.390    -7492.0    28120.2    -3648.6     17.9     17.9     12.8 2021  1 22 19 42 19.600  0.51   1
     6671  55.379358 -161.578337    12.508    12708.7    30956.7    -6531.3     11.4     31.0     15.1 2021  9  6  1 52 45.900  1.00   1
     6673  54.407263 -161.383236    12.079    25424.1   -77261.4    -6960.0     58.2     48.4     45.0 2021  9  6  2 34 15.930  1.13   1
     6680  55.306014 -162.242594    23.246   -29572.5    22791.8     4207.5     18.2     16.8     20.5 2021  9  6  7 59 53.770  1.22   1
     6684  54.543001 -163.046973    13.059   -81555.6   -62150.4    -5980.1     31.4     29.9     33.7 2021  9  6  9 31 41.580  1.27   1
     6688  54.634517 -161.552588    48.270    14480.1   -51962.4    29231.5     10.3     10.4     13.6 2021  9  6 13 52 12.440  1.47   1
      669  54.848702 -160.976546    33.885    51327.4   -28118.4    14846.4     15.6     23.7     35.5 2021  1 22 19 49  6.560  2.34   1
     6692  54.921265 -162.194580     0.791   -26642.8   -20040.3   -18248.2      7.6      8.9      7.7 2021  9  6 17 28 29.920  1.28   1
     6693  54.936943 -162.252165     4.454   -30320.9   -18295.0   -14584.4     17.6      6.8     21.7 2021  9  6 17 28 50.240  1.50   1
     6697  55.236153 -161.668050     7.515     7014.5    15014.5   -11523.9     14.6     16.5     28.6 2021  9  6 21 53 55.000  2.73   1
      670  54.812988 -161.576709    67.748    12903.0   -32094.2    48709.6     44.9     39.4     34.8 2021  1 22 21  6 35.560  2.10   1
     6707  54.484648 -161.759261    11.031     1213.4   -68646.6    -8007.5     24.2     10.1     14.5 2021  9  7  1 32 17.350  1.54   1
     6708  55.240511 -161.876693    12.574    -6280.9    15499.7    -6464.8     20.4     13.7     14.3 2021  9  7  2 32 46.410  0.96   1
     6711  55.333439 -161.903630    13.728    -7988.1    25844.8    -5311.0     18.9     19.5     12.2 2021  9  7  3 47 45.070 -0.06   1
     6716  55.239640 -161.884880    13.214    -6802.6    15402.7    -5824.5     24.2     12.6     18.6 2021  9  7  4 47  2.280  0.88   1
     6728  55.585571 -161.864665    16.172    -5490.7    53913.4    -2867.1     37.5     24.1     24.6 2021  9  7 10 22 46.600  0.44   1
      673  55.211495 -161.529753    18.450    15832.4    12269.5     -588.7     13.9     17.5     26.8 2021  1 22 22 26 35.020  1.45   1
     6731  55.365194 -161.812956    37.805    -2216.0    29379.9    18765.7     77.0     51.0     51.8 2021  9  7 14 10  5.680  1.15   1
     6733  54.500716 -163.202507     7.677   -91600.2   -66857.8   -11362.3     20.9     20.2     18.8 2021  9  7 15 10 56.830  1.52   1
     6734  55.367383 -161.295524    42.096    30703.3    29623.6    23057.0     12.0     52.5     24.5 2021  9  7 15 19 32.750  1.31   1
     6736  55.432324 -161.861702    31.547    -5312.9    36853.2    12507.9     12.5     24.9     11.6 2021  9  7 17 26 24.840  0.84   1
     6742  55.147030 -161.352523     9.735    27151.7     5092.9    -9303.5     13.4     90.1     49.4 2021  9  7 18 11 36.200  0.80   1
      675  55.215023 -161.769873    10.232      526.0    12662.2    -8806.9     31.3     17.5     24.9 2021  1 23  2 36  0.250  0.86   1
     6754  54.373515 -161.458252     9.887    20602.9   -81018.4    -9152.0     25.2     20.2     18.7 2021  9  7 21 53 16.320  1.95   1
     6764  54.934550 -162.215413     1.844   -27971.0   -18561.4   -17194.6      6.8      5.6      7.4 2021  9  8  3  9 46.090  1.52   1
     6765  54.842358 -162.381331    15.386   -38628.1   -28824.6    -3652.5     55.3     35.4     74.4 2021  9  8  3 10  2.640  1.84   1
     6766  54.932153 -162.185384     0.228   -26051.0   -18828.2   -18810.5     19.7      9.8      7.1 2021  9  8  3 12 53.720  1.31   1
     6767  54.845992 -162.219173     2.817   -28242.5   -28420.0   -16221.7     15.7      9.0      9.4 2021  9  8  3 13 11.220  1.80   1
     6769  54.435665 -161.319808    11.038    29497.4   -74099.6    -8000.9     15.4     14.4     12.7 2021  9  8  4 52 59.830  1.12   1
     6771  55.382959 -161.851888    15.947    -4691.9    31357.6    -3091.4     15.5     16.4     12.8 2021  9  8  4 56 17.390  0.33   1
     6779  55.479118 -161.398340    18.506    24128.3    42062.5     -532.8     23.2     21.5     30.9 2021  9  8 11 39  8.340  0.46   1
     6781  55.375850 -161.922770    20.269    -9201.4    30566.3     1230.5     17.5     11.3     12.3 2021  9  8 14 29 29.460  1.31   1
     6783  55.276676 -161.867285    31.014    -5678.9    19525.8    11974.9     85.1     54.9     37.3 2021  9  8 14 43 11.140  0.75   1
     6785  55.398092 -160.832161    17.261    60159.5    33042.3    -1777.6     41.6    122.6     50.0 2021  9  8 16 18 12.380  1.47   1
     6797  55.446423 -161.852930    26.873    -4754.4    38422.8     7834.0     20.3     17.4     12.9 2021  9  9  8  3 51.340  1.33   1
     6798  55.448726 -161.861198    27.614    -5279.8    38679.2     8575.2     14.5      6.9     10.1 2021  9  9  8  5  0.600  1.28   1
     6799  55.429281 -161.944808    29.051   -10596.2    36514.4    10012.5     60.6     29.5      9.1 2021  9  9  8  5 37.040  1.11   1
       68  55.242322 -162.908691    36.407   -72039.8    15701.2    17368.3     33.1     38.7     53.4 2021  1  3  1 52 19.270  1.76   1
     6801  55.498759 -161.804948    20.330    -1703.7    44249.0     1291.2     33.8     35.1     24.3 2021  9  9  8  6 58.280  1.41   1
     6805  54.858443 -162.200000     2.019   -27010.6   -27033.9   -17019.6     18.9     10.7     13.4 2021  9  9 17 57 48.720  1.45   1
     6806  54.944006 -162.158789     1.930   -24346.2   -17508.6   -17109.2     19.2      5.8      6.8 2021  9  9 19 23 51.640  2.59   1
     6809  55.359644 -161.630680    10.924     9381.4    28762.1    -8115.1     14.9     18.8     18.1 2021  9 10  5 42 52.380  0.17   1
      681  54.837732 -161.196224    13.328    37265.9   -29339.6    -5710.4     10.9      7.8      8.8 2021  1 23  7 11 40.680  1.69   1
     6814  54.968144 -162.196289     1.920   -26736.6   -14821.6   -17119.2     11.5     11.7     13.3 2021  9 10  9 15 43.130  2.22   1
     6816  55.218978 -160.668783    42.748    70708.0    13102.5    23709.5     17.1     66.3     27.7 2021  9 10  9 21 37.860  2.02   1
     6824  55.277246 -161.567497     2.612    13415.4    19589.2   -16427.3     27.2     54.9     35.4 2021  9 10 12  7 24.820  0.65   1
     6825  55.284977 -161.643343    12.296     8583.7    20449.8    -6743.2     16.9     18.3     25.7 2021  9 10 12 34 42.390  0.69   1
     6828  55.158341 -162.183464     5.806   -25855.3     6352.2   -13232.6     20.4     14.0     31.3 2021  9 10 13  8 42.470  1.80   1
     6836  54.940361 -162.293734     6.294   -32978.4   -17914.5   -12745.1     25.3     18.5     21.4 2021  9 11  0  3 31.470  0.98   1
     6837  54.863228 -162.244889     2.792   -29882.9   -26501.2   -16246.4     11.3     10.4     12.2 2021  9 11  0  3 49.390  1.52   1
     6842  55.372213 -161.755029    13.180     1469.3    30161.3    -5859.0     59.1     31.9     48.8 2021  9 11  1 27 33.110  0.89   1
     6845  54.377283 -161.632601    11.119     9372.7   -80599.0    -7919.6     47.7     30.0     29.7 2021  9 11  5 32 10.690  2.11   1
     6856  55.164197 -162.233333     0.599   -29034.2     7004.0   -18440.3      8.6     10.5      6.0 2021  9 11 20 56  5.280  1.52   1
     6859  55.026278 -161.806315    17.247    -1801.1    -8349.8    -1792.4     15.5     13.0     14.8 2021  9 11 23 34  3.440  0.97   1
     6864  55.294560 -161.085384    45.590    44112.7    21516.6    26551.4     10.2     45.8     17.9 2021  9 12  5 18 10.450  1.67   1
     6866  55.352824 -161.753695    17.432     1554.6    28002.9    -1606.8     12.9     12.1      7.9 2021  9 12  6  1 28.930  0.80   1
     6873  55.259086 -161.546419     5.722    14761.2    17567.5   -13317.0     13.2     15.1     18.7 2021  9 12 16 57 51.170  1.45   1
     6874  54.909058 -162.189453     1.309   -26318.8   -21399.3   -17729.9     11.8      9.8     12.3 2021  9 12 17  3 37.360  2.48   1
     6875  55.353768 -161.868034     1.961    -5721.0    28107.9   -17077.6     10.6      9.8     10.9 2021  9 12 17  4 12.760  1.03   1
     6876  55.345386 -162.002799    12.763   -14297.8    27174.8    -6276.2     20.5     50.0     18.8 2021  9 12 17  9 22.220  1.00   1
     6877  55.057072 -161.487712     2.034    18547.9    -4921.6   -17005.0     17.8     17.9     17.8 2021  9 12 22 49  3.560  1.97   1
     6879  55.236450 -161.696924     4.556     5174.5    15047.6   -14483.1     11.9     10.4     15.7 2021  9 12 22 49 20.840  1.25   1
     6883  55.005314 -162.240462     3.664   -29547.3   -10683.6   -15374.6     15.3     14.0     23.3 2021  9 13  3 20 14.870  1.40   1
     6884  54.938770 -162.206087     2.188   -27373.1   -18091.6   -16850.7     11.9     10.7      9.9 2021  9 13  3 20 33.680  1.48   1
     6888  55.000513 -162.295573     6.587   -33071.3   -11218.1   -12451.8      9.2      9.1     14.4 2021  9 13 14  3 21.710  1.84   1
     6896  55.464758 -161.931364    34.357    -9737.2    40463.9    15318.4     38.8     31.0     18.8 2021  9 13 18 29 10.660  1.06   1
      690  54.931470 -162.828825    14.883   -67210.3   -18904.3    -4156.1     16.4     23.0     52.4 2021  1 23 14  6 22.750  1.68   1
     6901  54.938708 -161.379508    17.949    25496.1   -18098.4    -1089.6     14.9     11.4     35.6 2021  9 14  1 40 14.530  2.29   1
     6902  54.998287 -161.541064    29.238    15151.5   -11465.9    10199.3     18.7     16.2     27.6 2021  9 14  1 40 29.040  2.71   1
      691  55.125435 -161.659798     4.631     7550.8     2688.9   -14408.3      9.5     10.9     11.7 2021  1 23 14  6 27.130  0.45   1
     6911  54.931401 -161.127311    60.343    41630.8   -18912.0    41304.6      9.3     13.8      9.4 2021  9 14 17 37 19.300  2.15   1
     6913  54.954830 -162.766243     3.403   -63188.8   -16303.7   -15635.6      8.7      9.8     11.2 2021  9 14 19 17  6.200  1.59   1
     6917  54.800236 -162.676514    31.703   -57561.0   -33513.8    12664.4     18.2     17.2     27.5 2021  9 15  3 34 53.360  2.29   1
     6918  54.983049 -162.311344     8.739   -34086.7   -13162.3   -10299.6      9.7      7.3     11.0 2021  9 15  3 35 11.090  2.85   1
      692  55.271627 -161.789095     5.846     -698.8    18963.6   -13193.3     17.8     14.6     15.4 2021  1 23 14  6 45.040  0.35   1
     6920  55.360933 -161.799561    15.324    -1363.9    28905.6    -3714.9     18.5     22.0     12.2 2021  9 15  5 53  8.200  0.11   1
     6923  55.256315 -160.703923    49.817    68436.3    17259.0    30777.9      9.1     17.1     13.1 2021  9 15 10 49 31.970  2.07   1
     6925  55.107727 -161.621191    10.315    10016.6      717.5    -8723.4     18.5     19.4     27.9 2021  9 15 12 30 24.780  0.98   1
     6932  54.520809 -162.499886    13.932   -46404.1   -64621.0    -5107.2     41.2     22.1     29.7 2021  9 15 20 51  1.260  1.50   1
     6933  54.496647 -162.120785    12.888   -22037.1   -67310.8    -6150.5     23.9     10.9     16.8 2021  9 15 21 52 38.580  1.79   1
     6940  55.261694 -161.168604    31.484    38829.3    17857.9    12444.7     15.8     17.9     28.0 2021  9 16 18 35 42.040  1.38   1
     6941  55.191581 -161.842887     2.681    -4129.3    10052.6   -16358.2     52.6     14.8     22.3 2021  9 16 18 36 25.280  0.76   1
     6942  54.973869 -160.450618     7.158    84872.1   -14184.2   -11880.7     56.3     84.0     55.0 2021  9 16 19 49  6.920  2.06   1
      695  54.876709 -161.860498     1.003    -5272.8   -25000.5   -18036.2     19.7     13.9     13.1 2021  1 23 16 56 33.020  1.72   1
     6961  54.499589 -161.981673    10.567   -13090.1   -66983.3    -8472.0     29.0     11.5     26.2 2021  9 18  1 56 38.430  1.69   1
     6962  55.484680 -161.752474    15.529     1629.5    42681.7    -3510.2     12.4     12.5     15.1 2021  9 18  5  1 16.760  1.30   1
     6963  55.503959 -161.727197    13.170     3234.5    44827.9    -5868.7     18.2     23.0     20.3 2021  9 18  5  3  4.180  0.28   1
     6964  55.556409 -161.930729    19.856    -9685.8    50666.9      816.7     35.9     23.6     26.6 2021  9 18  5 15 33.950 -0.01   1
     6974  55.354065 -161.779671    32.488      -98.4    28141.0    13449.6     24.5     27.4     20.2 2021  9 18 11 33 44.810  2.00   1
     6977  54.965633 -162.215055     6.255   -27937.3   -15101.0   -12784.0      8.5     18.0     23.2 2021  9 18 11 47 18.630  0.79   1
     6978  55.401770 -161.584603     9.500    12306.7    33451.8    -9538.9      9.6      9.7     13.9 2021  9 18 14  9 17.000  0.38   1
     6984  55.256014 -161.551367     4.273    14446.5    17225.5   -14765.6     14.0     16.2     16.6 2021  9 18 23  6 27.080  0.55   1
     6985  54.733765 -162.638623    12.764   -55178.6   -40913.7    -6274.7     24.9     20.9     19.9 2021  9 18 23 57 26.240  1.46   1
     6989  55.489754 -161.733984    13.589     2803.9    43246.6    -5450.3     15.3     12.6     14.6 2021  9 19  5 20 31.220  0.77   1
      699  55.192049 -161.799251     7.442    -1347.0    10104.7   -11596.6     56.1     18.4     48.3 2021  1 23 19 28 20.440  1.56   1
     6992  55.331287 -161.709521     5.670     4366.6    25605.2   -13369.1      6.8      5.3     10.1 2021  9 19  8 54 38.570  0.10   1
     6995  55.491838 -161.746663    14.964     1998.5    43478.5    -4075.3     16.5     15.4     16.6 2021  9 19 12 30 59.690  1.06   1
     6999  54.900618 -161.310400    31.238    29930.5   -22338.8    12199.0     18.9     15.8     30.7 2021  9 19 14 13 10.600  2.02   1
     7005  55.001034 -161.436605    32.060    21827.2   -11160.1    13020.9     16.6     12.1     30.9 2021  9 19 14 51 40.960  1.84   1
     7007  54.649023 -162.694043     2.505   -58793.9   -50347.5   -16533.7     25.0     27.5     25.8 2021  9 19 15 18 42.350  2.04   1
     7012  55.268530 -161.540413     3.035    15142.0    18618.9   -16003.6      8.0     11.1     18.1 2021  9 19 16 16  5.710  0.58   1
     7013  55.625114 -161.748291     5.327     1891.9    58315.5   -13711.7     47.1     46.2     39.3 2021  9 19 17 18 18.460  0.52   1
     7014  55.496484 -161.722738    12.883     3518.1    43995.8    -6156.3      9.9     13.1     10.6 2021  9 19 17 45 22.720  0.75   1
     7021  55.004708 -161.564600    32.117    13646.2   -10751.1    13077.8     17.8     17.9     23.8 2021  9 19 18 27 21.000  1.78   1
     7025  54.897673 -161.346452    32.372    27624.5   -22666.7    13333.5     17.6     17.8     22.8 2021  9 19 19 26  1.720  2.02   1
     7027  55.156877 -161.873519    18.463    -6085.0     6189.1     -576.2     22.0     19.4     26.2 2021  9 19 19 33 52.240  0.68   1
      704  55.329643 -161.676660     6.091     6458.3    25422.2   -12948.2      7.8     11.8     17.0 2021  1 23 22 28 43.560  0.58   1
     7043  55.338118 -161.524219     4.231    16159.6    26365.8   -14807.9     17.4     19.6     39.2 2021  9 21  4 37 13.000  0.72   1
     7044  55.210510 -160.723307    68.669    67239.7    12159.8    49630.5     21.1     44.6     21.3 2021  9 21  8 45 12.850  1.94   1
     7047  55.249862 -161.608659     4.900    10797.4    16540.6   -14138.4     17.7     19.5     23.0 2021  9 21 11 11 59.170  0.36   1
     7048  55.308081 -161.585254     9.800    12279.7    23021.9    -9238.8     13.2     31.2     39.9 2021  9 21 11 15 43.540  0.42   1
     7050  54.767008 -161.267773    48.442    32712.4   -37212.9    29402.9     14.9     14.0     18.4 2021  9 21 11 23 14.860  1.54   1
     7052  55.341715 -161.926790     7.400    -9461.2    26766.2   -11639.3     49.0     29.1     34.5 2021  9 21 11 35 57.590  0.17   1
     7057  54.659823 -163.357910    12.427  -101394.9   -49145.3    -6612.3     29.1     37.1     31.4 2021  9 21 13 25 16.770  1.51   1
     7058  54.717074 -163.148519    34.694   -87893.4   -42771.9    15654.8     74.3     94.9    135.4 2021  9 21 13 50 54.470  1.50   1
     7059  55.390181 -161.911361    29.171    -8474.1    32161.7    10131.8     19.7     39.0     13.6 2021  9 21 13 58 47.960  0.02   1
     7063  55.435946 -161.539893     4.930    15143.5    37256.4   -14108.8      8.7     21.1     16.1 2021  9 21 21  3 40.540  0.03   1
     7066  55.255550 -162.222217     5.514   -28292.9    17173.9   -13524.8     14.9     23.4     23.8 2021  9 21 22 57  2.520  0.36   1
     7079  54.528121 -162.172168    11.973   -25331.9   -63807.0    -7066.0     59.9     18.7     29.1 2021  9 22  9 52 39.310  1.74   1
     7085  55.338371 -161.763672    16.107      919.8    26393.9    -2932.0     22.7     18.0      9.2 2021  9 22 12 38 16.390  0.34   1
     7086  55.345858 -161.834180    16.105    -3567.2    27227.3    -2933.5     13.1     13.3      9.0 2021  9 22 12 43 11.430  0.32   1
     7087  55.323185 -161.640365    10.796     8769.2    24703.3    -8242.4     19.8     24.5     21.7 2021  9 22 12 46 33.690  0.29   1
     7088  55.401457 -161.768197    12.289      631.4    33416.9    -6750.0     21.2     21.3     24.2 2021  9 22 12 49 31.860  0.48   1
     7089  55.370056 -161.818929    14.078    -2595.9    29921.2    -4961.0     13.9     13.2     10.8 2021  9 22 12 51 11.460  0.07   1
     7090  55.466715 -161.865576    16.210    -5556.8    40681.8    -2829.4     35.8     23.3     24.1 2021  9 22 12 52  1.600  0.47   1
     7091  55.029891 -161.527100    13.905    16037.8    -7947.6    -5133.5     15.9     16.2     20.1 2021  9 22 12 54 13.350  0.98   1
     7092  55.343311 -161.743620    17.597     2195.9    26943.8    -1441.7     12.0     10.6      6.4 2021  9 22 12 54 53.910  0.46   1
     7093  55.341370 -161.724854    15.171     3390.3    26727.7    -3868.1     15.2     17.7     10.8 2021  9 22 12 57  7.060 -0.39   1
     7094  55.345711 -161.741862    17.175     2307.7    27211.0    -1863.6     18.7     12.3      7.6 2021  9 22 12 58 48.690  0.38   1
     7096  55.455375 -161.897201    15.844    -7567.3    39419.3    -3195.2     24.5     30.1     21.8 2021  9 22 13  3 25.550  0.52   1
     7097  55.379203 -161.737826    14.857     2563.5    30939.5    -4181.9     22.9     19.4     13.1 2021  9 22 13  6  4.180  0.24   1
     7105  55.193075 -161.227018    32.941    35138.1    10218.8    13901.9     17.1     28.0     21.9 2021  9 22 21 40 26.920  1.89   1
     7107  55.312207 -161.666488    21.556     7107.3    23481.2     2517.2     40.2     37.3     34.8 2021  9 22 22 20 59.560  0.64   1
      711  55.263578 -161.685563    20.640     5896.5    18067.6     1601.5     24.3     22.3     20.4 2021  1 24  7 42 45.190  0.28   1
     7112  55.171549 -161.141211    24.216    40620.1     7822.5     5177.6     39.1     51.2     40.6 2021  9 23  4 33 52.330  2.34   1
     7114  55.397477 -161.667936    16.609     7007.6    32973.9    -2429.4     15.7     28.2     12.9 2021  9 23 10 47 36.020  0.40   1
     7116  55.488424 -161.924691    13.490    -9310.5    43098.5    -5548.5     40.8     21.9     27.5 2021  9 23 11 22 31.990  0.52   1
     7117  55.082084 -162.082812     2.885   -19453.5    -2137.2   -16154.2     11.3     13.5      7.9 2021  9 23 17 23  4.760  0.93   1
     7119  55.213949 -163.496680     7.374  -109545.2    12542.6   -11665.1     16.5     35.3     25.9 2021  9 23 21 55 58.180  2.24   1
     7123  55.008541 -162.270182     7.018   -31445.4   -10324.4   -12021.3     18.9     16.1     14.2 2021  9 24  7  5  1.710  1.96   1
     7126  55.032109 -161.498421    16.629    17869.5    -7700.7    -2410.0     24.3     20.6     38.0 2021  9 24  7 28 26.640  1.67   1
     7129  55.367733 -161.780908    15.304     -177.1    29662.6    -3734.9     18.4     23.0     11.0 2021  9 24  8 50 22.280  0.32   1
     7130  55.347135 -161.822233    16.729    -2806.9    27369.6    -2309.9     30.4     17.3     13.8 2021  9 24  8 53 25.760  0.47   1
     7131  55.423596 -161.786442    10.737     -528.8    35881.6    -8302.1     17.6     20.4     18.8 2021  9 24  8 55 45.960  0.40   1
     7134  55.326998 -161.904427    11.355    -8039.5    25127.8    -7683.7     21.7     12.2     10.5 2021  9 24  9 12 19.070  0.38   1
     7141  55.293750 -161.226221    42.364    35144.8    21426.5    23325.5     22.7     38.4     27.7 2021  9 24 14  0 50.650  1.70   1
     7148  55.348816 -161.776676    15.081       92.2    27556.7    -3958.1     20.7     22.3     13.1 2021  9 24 19 18 25.480  0.07   1
     7149  55.265149 -161.562874     2.942    13711.9    18242.5   -16096.6     11.1     13.4     12.5 2021  9 24 19 19 10.960  0.36   1
     7156  55.291956 -162.002295    26.229   -14275.3    21226.7     7189.8     49.4     44.4     44.2 2021  9 25  0 49 44.530  0.97   1
     7157  55.270744 -161.644971     8.372     8481.6    18865.3   -10666.4     13.5     12.2     23.3 2021  9 25  0 52  0.650  0.52   1
     7163  55.307182 -161.913590    16.825    -8624.9    22921.8    -2213.5     20.9     18.2     15.2 2021  9 25  1  8  4.460  0.35   1
     7169  54.858769 -161.501693     2.013    17698.5   -26997.7   -17025.9     22.9     24.0     23.7 2021  9 25  3 16 43.710  1.04   1
     7174  55.160502 -161.846745     8.767    -4376.9     6592.7   -10272.1     26.1     19.7     20.4 2021  9 25  5 50 37.350  1.11   1
     7175  55.033952 -161.508594    22.487    17219.2    -7495.5     3448.0     17.2     20.3     21.6 2021  9 25  7 52 28.710  1.65   1
      718  54.965129 -161.410872    23.731    23482.3   -15157.2     4691.8     23.6     17.4     26.3 2021  1 24 13 54 12.850  1.58   1
     7181  55.121488 -161.452816    18.561    20760.0     2249.5     -478.1     13.1     12.3     13.0 2021  9 25  9 12 30.350  1.62   1
     7182  55.396720 -161.808805    15.864    -1951.2    32889.6    -3175.0     33.0     23.8     15.8 2021  9 25  9 18 45.940  0.40   1
     7183  55.367969 -161.797493    15.419    -1232.2    29688.8    -3619.4     16.0     11.6      8.1 2021  9 25  9 19 24.700  0.14   1
     7184  55.396838 -161.885775    15.731    -6846.2    32902.8    -3308.2     19.0     24.2     17.9 2021  9 25  9 21 23.370  0.08   1
     7185  55.303068 -161.954769    14.666   -11247.2    22463.8    -4373.3     17.3     19.9     18.3 2021  9 25  9 25  6.660  0.75   1
     7195  55.329419 -161.724837    15.599     3391.8    25397.3    -3439.8     26.3     16.0     14.5 2021  9 25 16 16 16.260  0.05   1
     7196  55.333516 -161.860986    17.905    -5273.9    25853.5    -1133.7     21.9     20.6     10.2 2021  9 25 16 17 20.700  0.43   1
     7197  55.211609 -161.735189    15.723     2736.9    12282.1    -3316.3     39.4     12.4     31.1 2021  9 25 16 19 31.200  0.55   1
      720  55.207023 -162.040381    16.072   -16718.3    11771.6    -2966.4     13.7     11.4     19.9 2021  1 24 13 55 20.110  0.99   1
     7201  55.334725 -161.756868    18.423     1352.9    25988.0     -616.2     29.0     27.1     10.1 2021  9 25 22 51 36.720  0.18   1
     7202  55.391390 -161.755404    15.854     1445.1    32296.2    -3185.2     18.8     15.4      9.6 2021  9 25 22 57 39.920  0.24   1
     7204  55.419739 -161.879785    14.510    -6463.4    35452.1    -4528.8     21.0     20.6     15.5 2021  9 25 22 59 12.340  0.37   1
     7206  55.033834 -161.252669    33.609    33569.2    -7508.6    14570.5     21.4     22.8     35.9 2021  9 26  0 19  7.700  1.06   1
     7208  55.160811 -161.875488     7.622    -6210.3     6627.1   -11417.3     18.1     24.3     15.3 2021  9 26  0 19 51.730  0.34   1
     7209  54.914555 -162.205566     1.511   -27348.0   -20787.3   -17527.6     16.3      9.9     11.0 2021  9 26  0 26 43.570  0.83   1
     7214  55.408130 -161.856657    14.795    -4993.7    34159.8    -4243.9     22.7     24.2     16.1 2021  9 26  3  7 42.960 -0.29   1
     7218  55.347420 -161.791016    16.276     -820.3    27401.3    -2762.8     11.7     26.2      9.7 2021  9 26  5 48 24.220  0.34   1
     7219  55.392407 -161.884814    14.835    -6785.5    32409.5    -4204.1     21.8     16.4     16.5 2021  9 26  5 49 11.180  0.36   1
      722  55.210404 -162.051367    19.074   -17417.9    12148.1       35.3     16.1     15.0     15.4 2021  1 24 13 55 59.740  0.94   1
     7220  55.355505 -161.809619    16.682    -2004.0    28301.4    -2356.4     14.6     12.6      5.4 2021  9 26  5 50 50.600  0.15   1
     7223  55.454049 -161.689014    13.218     5663.2    39271.7    -5820.5     24.9     24.1     22.2 2021  9 26  6  0 20.900  0.39   1
     7226  55.364054 -161.746729    21.572     1997.5    29253.1     2532.8     18.2     35.7     12.6 2021  9 26  6  6 24.950  0.55   1
     7234  54.894088 -162.182503     2.173   -25878.9   -23065.8   -16866.3      6.2     11.4     17.0 2021  9 26 13  2 23.780  0.45   1
     7235  54.546077 -162.017676    12.021   -15396.6   -61807.9    -7017.9     25.7     15.1     26.1 2021  9 26 13  2 32.250  1.10   1
      724  55.238953 -162.104329     2.492   -20786.6    15326.2   -16546.6     18.9     17.5     24.0 2021  1 24 15 11  8.640  0.86   1
     7243  54.662793 -160.894499    22.598    56711.5   -48814.6     3559.4     37.9     36.5     35.2 2021  9 26 17 39 54.360  1.71   1
     7247  55.341939 -161.716439    17.518     3925.8    26791.1    -1520.5     14.4     19.1      9.8 2021  9 26 19 10 13.200  0.43   1
     7248  55.346704 -161.816846    15.586    -2464.1    27321.6    -3453.2     21.0     11.6      8.6 2021  9 26 19 15 41.440  0.86   1
     7255  55.259888 -162.014193     3.671   -15038.9    17656.8   -15368.1     34.8     15.9     41.5 2021  9 27  1 34 11.790  0.70   1
     7256  54.572282 -161.306331    29.416    30313.7   -58890.7    10377.0     16.5     10.8     33.1 2021  9 27  1 40 42.150  1.61   1
     7257  55.155261 -162.177848     2.238   -25498.1     6009.3   -16800.8     17.3     16.2     24.9 2021  9 27  2 43 22.440  1.50   1
     7260  55.357251 -161.753760    17.865     1550.3    28495.7    -1174.1     14.8     22.2     14.0 2021  9 27  3 58  1.920  0.38   1
     7261  55.352307 -161.757552    15.222     1309.1    27945.3    -3817.1     18.7     22.9     12.1 2021  9 27  3 58 27.900  0.56   1
     7262  55.372616 -161.761003    17.786     1089.3    30206.2    -1252.6     24.2     15.9     11.9 2021  9 27  4  1 23.460  0.52   1
     7263  55.298405 -161.747526    16.227     1948.4    21944.7    -2811.5     17.6     15.1     12.3 2021  9 27  4  2 16.990  0.32   1
     7264  55.332015 -161.854215    18.606    -4843.1    25686.3     -432.4     19.7     23.6     11.0 2021  9 27  4  3  0.030  0.35   1
     7265  55.359416 -161.767757    18.244      659.7    28736.7     -794.4     20.3     25.3     12.7 2021  9 27  4  4  3.210  0.61   1
      727  55.016467 -161.561523    32.245    13840.8    -9441.9    13206.0     17.6     23.3     28.6 2021  1 24 18 57 12.040  2.29   1
     7276  54.831816 -161.027083    32.442    48101.4   -29998.2    13403.4     12.7     16.5     30.4 2021  9 27 13  1 59.790  2.66   1
     7279  55.268665 -161.582943     5.364    12432.9    18633.8   -13674.5      7.8      9.7     23.7 2021  9 27 15  9 51.900  0.57   1
     7283  55.353711 -161.751953    17.744     1665.4    28101.6    -1295.2     20.9     22.6     13.3 2021  9 27 22 33 47.480  0.73   1
     7284  55.341337 -161.856055    16.587    -4959.5    26724.1    -2452.1     22.3     14.4      9.3 2021  9 27 22 43 50.760  0.62   1
     7291  55.077722 -161.754606    15.077     1501.7    -2622.8    -3961.9     14.9      9.9     15.1 2021  9 28 17  2 20.060  1.23   1
     7299  55.284733 -161.670801    14.732     6835.1    20422.7    -4307.2     16.3     17.2     14.7 2021  9 29 14 25 43.640  0.94   1
       73  54.990377 -162.271501     5.609   -31536.8   -12346.5   -13430.1     11.0      8.0     14.5 2021  1  3  5  8 33.310  1.68   1
     7302  55.291305 -161.664258    15.914     7251.2    21154.2    -3124.6     16.4     12.5     15.7 2021  9 29 23  7 14.760  0.73   1
     7304  55.166553 -162.258154     4.903   -30616.4     7266.3   -14135.4     18.6     12.2     14.5 2021  9 30  1  2 42.310  1.45   1
     7305  55.354651 -161.815690    18.259    -2390.3    28206.2     -780.0     42.3     18.8     13.7 2021  9 30  4 38 29.360  0.94   1
     7307  55.316915 -161.742122    16.770     2292.0    24005.3    -2269.1     31.9     23.9     15.3 2021  9 30  6 25 42.810  1.06   1
     7309  54.769779 -161.088118    33.397    44226.3   -36904.4    14357.7     15.7     20.1     37.7 2021  9 30 10 54 12.800  2.78   1
      731  55.150435 -162.059521     2.915   -17951.2     5472.0   -16123.8     28.3     29.9     36.1 2021  1 24 19 36  4.400  0.99   1
     7310  54.877035 -161.858529     1.756    -5146.7   -24964.3   -17282.5     12.5     11.9     13.1 2021  9 30 11  5 24.240  1.33   1
     7312  54.872538 -161.407959    31.968    23695.8   -25464.8    12929.3     24.3     32.1     46.4 2021  9 30 12  6 14.010  2.08   1
     7313  55.008655 -162.310433    13.206   -34017.6   -10311.7    -5832.5     14.2     11.4     12.0 2021  9 30 16 10 14.260  1.04   1
      732  55.323006 -161.714551     4.843     4046.9    24683.4   -14195.8      7.2      7.0      8.6 2021  1 24 20 52 53.320  1.36   1
     7321  54.980261 -162.226709     2.922   -28677.3   -13472.6   -16117.3     14.6     12.7     13.9 2021 10  1  5  8 21.050  0.62   1
     7322  54.416158 -162.044434    16.246   -17143.8   -76271.2    -2792.4     33.9     15.9     20.7 2021 10  1  7 34 27.890  1.79   1
     7325  54.855668 -161.187533    17.136    37814.1   -27342.9    -1903.0     26.1     25.7     26.3 2021 10  1 12 27 28.960  2.30   1
     7329  55.017208 -162.386670    17.445   -38885.4    -9359.5    -1593.8     20.7     19.6     20.9 2021 10  1 21 23 40.720  1.91   1
     7337  54.476746 -162.226953    61.598   -28872.1   -69526.3    42559.3     46.5     11.6     14.9 2021 10  5  2 40 17.350  1.85   1
     7339  55.341215 -161.819564     1.833    -2637.2    26710.5   -17206.2     16.6     18.9     20.2 2021 10  5  4 28 38.180  0.94   1
     7341  54.541138 -163.314632    13.306   -98761.7   -62357.9    -5732.7      8.2      8.9      8.5 2021 10  5  5 47 43.300  1.61   1
     7344  54.826591 -161.904639     1.109    -8103.3   -30579.9   -17929.8     11.9      8.6      9.6 2021 10  5  9 17 49.140  1.82   1
     7345  55.360063 -161.569824     9.677    13253.4    28808.7    -9361.5     10.4     12.8     18.2 2021 10  5 11 39 41.750  0.38   1
     7346  55.368799 -161.765316    15.990      814.9    29781.3    -3048.9     17.6     14.1     10.8 2021 10  5 15 44 11.470  0.92   1
      735  54.384477 -161.923112     9.255    -9337.3   -79798.1    -9784.3     34.1     19.2     35.5 2021  1 24 21 16 22.960  5.31   1
     7352  55.473238 -161.579688    27.259    12608.0    41407.9     8220.0     17.1     17.5     45.1 2021 10  5 19 59  6.500  1.74   1
     7359  54.828906 -162.194775     1.661   -26685.9   -30322.1   -17377.7     12.1     12.9     13.4 2021 10  6  3 42 47.150  2.29   1
     7360  54.919364 -162.259342     5.467   -30786.7   -20251.9   -13571.4      6.1     12.0      9.9 2021 10  6  3 43  8.370  2.37   1
     7366  54.996301 -162.440430     7.725   -42331.6   -11686.9   -11313.9     17.8     19.2     22.8 2021 10  6  6 28 37.800  1.83   1
     7368  55.001811 -162.239665     3.105   -29497.6   -11073.6   -15934.0     15.3     14.8     25.0 2021 10  6  6 43 16.730  1.92   1
     7381  55.439319 -161.948617    41.550   -10837.0    37631.9    22510.7     28.7     24.4     10.7 2021 10  7  6  8  1.900  1.33   1
     7382  55.241317 -161.637744    34.516     8945.2    15589.4    15477.2     28.2     24.8     21.0 2021 10  7  8 35 23.410  1.15   1
     7384  55.462764 -161.694515    14.735     5313.0    40242.0    -4303.5     18.6     17.3     22.5 2021 10  7 12 25 27.080  0.10   1
     7386  55.408049 -161.829948     7.131    -3295.3    34150.7   -11908.3     24.1     16.7     14.9 2021 10  7 16 55  8.250  0.58   1
     7398  55.011637 -162.292464     6.556   -32868.1    -9979.6   -12482.5     19.4     11.4      8.1 2021 10  9  6  0 37.850  1.00   1
     7400  54.561267 -161.810010    11.278    -2048.9   -60117.0    -7760.7     19.6     13.7     17.0 2021 10  9 15  6  0.030  2.39   1
     7411  55.359078 -161.596826    15.101    11535.5    28699.1    -3937.6     24.0     37.6     27.6 2021 10 10 10 24 41.830  0.01   1
     7412  54.612459 -161.462256    11.842    20285.2   -54418.0    -7196.8     17.3     10.1     20.7 2021 10 10 14 34 51.400  1.88   1
     7416  55.331881 -161.987370    17.890   -13318.2    25671.4    -1148.9     34.0     32.6     28.4 2021 10 10 18 56 57.500  1.05   1
      742  55.253048 -161.404557     4.908    23800.6    16895.3   -14130.7     13.7     11.6     20.4 2021  1 25  4 42 41.080  0.75   1
     7420  55.318799 -161.546501     4.920    14745.0    24215.0   -14119.2     12.0     13.2     18.5 2021 10 11  4 21  3.640  0.62   1
     7421  55.366484 -161.314160    17.339    29518.0    29523.5    -1700.3     16.0     30.7     28.7 2021 10 11  9 11  5.030  4.84   1
     7422  55.385693 -161.387565    18.921    24841.9    31662.0     -118.3     21.9     27.5     33.1 2021 10 11  9 11 37.720  5.55   1
     7428  54.898389 -161.706576    16.160     4578.7   -22587.0    -2879.3     41.4     34.5     80.1 2021 10 11 12 25 38.840  2.16   1
      743  54.677234 -161.100326    12.552    43493.7   -47207.0    -6487.2     35.1     33.7     45.0 2021  1 25  5 26 57.040  1.24   1
     7433  55.272404 -161.853109     4.139    -4776.2    19050.1   -14900.0     28.4     18.3     26.8 2021 10 11 17 57 46.040  1.36   1
     7434  55.381616 -161.626595     7.171     9638.7    31208.2   -11867.5     18.0     21.2     29.2 2021 10 11 19 36 40.880  2.04   1
     7437  55.233675 -161.878385     7.325    -6389.3    14738.7   -11714.3     16.8     11.1     20.9 2021 10 11 19 41 45.020  2.21   1
     7439  55.422477 -161.444206    21.618    21229.5    35757.0     2579.4     20.9     35.6     25.3 2021 10 12  0 54 54.760  1.59   1
      744  55.140568 -161.505778     3.360    17376.0     4373.5   -15679.1     14.8     13.0     22.7 2021  1 25  5 35 14.680  0.69   1
     7441  55.098759 -161.920589     2.564    -9094.1     -280.8   -16474.6     12.5     11.7     12.4 2021 10 12  0 58  1.950  1.29   1
     7452  55.345304 -161.782731    19.028     -293.1    27165.7      -10.7     30.7     35.5     33.4 2021 10 12 14 15  0.590  0.01   1
     7455  55.299683 -161.955794    14.873   -11313.0    22086.9    -4165.8     41.6     42.7     30.0 2021 10 12 19  6 27.380  1.39   1
     7466  54.997013 -162.284619     6.308   -32372.6   -11607.6   -12730.9      7.5      8.7     12.3 2021 10 13  5 25 10.600  1.41   1
     7469  55.125582 -161.793815     6.249    -1001.2     2705.2   -12790.3      9.8     12.7     13.9 2021 10 13  7 25 59.470  0.83   1
     7471  55.047172 -161.069645    38.222    45254.3    -6023.7    19182.6     29.0     72.0     54.6 2021 10 13 11 34 58.770  2.14   1
     7475  54.639583 -161.869971    22.043    -5896.4   -51398.4     3004.2     23.8     19.6     20.1 2021 10 13 17 58 24.700  1.93   1
     7476  55.468909 -161.124105    38.922    41556.2    40926.0    19883.3     19.6     52.7     28.5 2021 10 14  1 14  1.840  1.87   1
     7485  55.212056 -161.677458     4.872     6417.0    12332.0   -14167.2     20.8     16.3     44.2 2021 10 14 13  4 28.920  0.81   1
     7486  54.644507 -161.402669    12.102    24102.3   -50850.3    -6937.2     15.0      8.0     10.0 2021 10 14 13 54 54.980  2.52   1
     7488  55.087887 -161.609717    22.221    10751.7    -1491.2     3182.2     31.4     21.6     33.2 2021 10 14 15 23  4.770  0.30   1
     7490  55.376294 -161.997819    12.659   -13975.5    30615.7    -6380.1     17.3     27.3     10.8 2021 10 14 15 59 58.120  0.27   1
     7491  55.178418 -161.459033     4.761    20348.8     8587.2   -14277.6     20.8     20.1     27.2 2021 10 14 18  5 58.280  1.07   1
     7492  55.430701 -161.626676    10.256     9627.6    36672.5    -8782.5     15.7     22.0     21.7 2021 10 14 18 10 42.020  0.54   1
     7496  54.775883 -161.271175    13.771    32490.8   -36224.9    -5267.7     33.5     25.8     29.0 2021 10 14 19 30 12.720  2.07   1
     7498  54.499146 -162.052686    15.756   -17657.0   -67032.6    -3283.1     45.9     17.8     29.4 2021 10 14 20  4 46.620  2.06   1
     7502  54.917334 -162.217269     2.407   -28095.7   -20477.9   -16632.1      9.7     12.3     15.2 2021 10 14 21 35 34.360  1.74   1
     7504  55.222929 -161.421208     4.289    22748.3    13542.3   -14749.8     18.1     22.5     26.3 2021 10 15  0 17 46.620  1.00   1
     7505  55.394234 -161.772754     5.024      341.6    32612.8   -14014.8     18.5     16.4     19.2 2021 10 15  2 46 27.700  0.92   1
     7506  55.496790 -161.696012    11.624     5215.6    44029.8    -7415.1     22.7     14.1     19.3 2021 10 15  2 46 59.210  1.06   1
      751  54.944511 -162.249593     6.305   -30153.6   -17452.5   -12733.7     10.8      9.2     13.8 2021  1 25 15 34 57.710  1.47   1
     7513  55.340377 -161.869255     1.399    -5799.7    26617.2   -17639.8     19.1     17.4     20.3 2021 10 15  8 18 50.890  3.14   1
     7516  54.990971 -162.314795     8.078   -34303.9   -12280.3   -10961.3     10.7      7.2      9.5 2021 10 15  9 49 25.890  1.72   1
     7518  55.428251 -161.597168    10.502    11503.8    36399.8    -8536.7     14.1     19.7     19.6 2021 10 15 17  5  9.140  0.44   1
     7522  55.400407 -161.014274    23.080    48576.5    33300.0     4041.4     16.0     40.8     16.3 2021 10 16  4 28 12.600  1.35   1
     7524  55.304976 -160.470638    12.432    83247.9    22676.2    -6606.7     19.6     36.3     20.7 2021 10 16  6 16 28.460  1.63   1
     7527  54.993412 -161.805290     4.282    -1736.3   -12008.5   -14756.4      9.0     14.3     19.0 2021 10 16  7 38 27.140  1.22   1
      753  55.068697 -161.694873     7.504     5316.3    -3627.5   -11534.8     10.9     17.7     33.4 2021  1 25 21 59  6.360  1.38   1
     7530  55.385311 -161.571696    18.028    13130.2    31619.5    -1011.2     18.4     29.7     29.1 2021 10 16  9 36 58.290  0.15   1
     7531  55.296045 -161.762891    12.782      970.1    21682.0    -6257.2     33.6     22.4     22.8 2021 10 16  9 42 50.900  0.76   1
     7533  55.434753 -161.664746    13.799     7207.1    37123.6    -5239.5     21.0     21.1     20.4 2021 10 16 10  5 18.810  0.40   1
     7535  55.384465 -161.836540    15.380    -3715.6    31525.2    -3658.9     19.5     20.7     13.1 2021 10 16 10 50 37.620  0.66   1
     7536  54.995142 -161.640251    23.308     8812.5   -11816.0     4268.7     10.5     11.4      9.8 2021 10 16 10 54 30.620  1.40   1
     7538  55.391300 -161.806283    16.984    -1790.9    32286.2    -2054.7     28.5     18.7      7.3 2021 10 16 14 19 59.740  0.69   1
     7544  55.286540 -161.480664    17.348    18943.8    20623.8    -1691.0     11.5     15.0     15.1 2021 10 16 17 35 56.920  0.72   1
     7547  54.508614 -162.191146    53.023   -26558.3   -65978.5    33984.1     34.5     14.9     19.4 2021 10 16 21  0 20.720  1.89   1
     7559  55.353654 -161.656494    17.063     7739.5    28095.3    -1975.9     12.7     16.5     13.3 2021 10 18 11 13 55.140  1.19   1
     7562  55.092025 -162.076986     8.017   -19079.1    -1030.5   -11021.8      9.6     17.6     30.3 2021 10 18 15  0 54.360  1.15   1
     7563  55.405912 -161.604720    16.139    11026.8    33912.9    -2900.0      8.7     15.2     16.7 2021 10 18 20 17 32.540  1.03   1
     7564  54.883569 -162.166374     0.253   -24849.9   -24236.8   -18785.9     12.4     10.3      9.2 2021 10 18 20 24 46.800  1.48   1
     7567  55.398503 -161.549967     4.154    14509.8    33088.0   -14885.2     16.8     23.9     17.4 2021 10 18 22 23 28.900  0.43   1
     7570  55.379586 -161.562988     4.308    13685.0    30982.1   -14730.8     13.7     24.1     26.7 2021 10 19  4 56 46.280  0.48   1
     7579  55.367371 -161.664535    18.964     7226.7    29622.3      -75.1      8.7     12.1      7.5 2021 10 19 20 46 21.180  0.96   1
     7585  55.367509 -161.757715    15.309     1298.5    29637.7    -3730.2     16.3     21.0     11.9 2021 10 20  3  1  1.960  0.68   1
     7587  55.361251 -161.687223     8.820     5783.7    28941.0   -10218.6     24.1     26.6     25.9 2021 10 20  3 43 33.910  1.67   1
     7588  55.403129 -161.590169     7.317    11952.5    33603.1   -11721.7      9.7     15.2     21.1 2021 10 20  5 26 53.150  0.20   1
     7592  55.363155 -161.804932    16.472    -1705.5    29153.0    -2567.4     27.3     16.5      9.6 2021 10 20 10 35 14.480  0.89   1
     7595  55.429089 -161.760384     4.580     1127.8    36493.1   -14458.8     20.4     17.8     33.5 2021 10 20 12 41 30.150  0.56   1
     7606  55.255200 -161.369580    24.619    26028.3    17134.9     5579.8     19.2     18.2     17.6 2021 10 21  8 25 35.430  1.83   1
     7610  55.360030 -161.761393    15.228     1064.6    28805.1    -3810.5     14.6     15.8     10.7 2021 10 21 11  7 18.980  1.12   1
     7612  54.688432 -161.485856    42.977    18752.0   -45960.4    23937.7     22.2     19.8     24.8 2021 10 21 12 32 42.960  1.80   1
     7613  55.424813 -161.877376    14.836    -6309.9    36017.0    -4202.7     18.4     19.4     14.9 2021 10 21 13 18 21.200  0.66   1
     7627  55.138550 -161.338151     0.400    28071.5     4148.9   -18639.2     19.8     18.7     15.0 2021 10 23 20 59  9.840  2.46   1
     7633  54.880534 -162.190088     1.408   -26368.8   -24574.7   -17630.7     13.1     11.6     13.8 2021 10 24 14 30 22.330  1.15   1
     7644  54.521501 -161.469450     7.437    19845.4   -64544.0   -11601.9     34.3     23.4     28.3 2021 10 25  8 37 18.900  1.74   1
     7645  55.081641 -162.069515     1.280   -18604.6    -2186.5   -17758.5     14.3     18.7     23.6 2021 10 25 13 19 39.520  1.47   1
     7646  55.067830 -162.068359     5.481   -18534.0    -3724.0   -13558.1      7.7     19.0     11.6 2021 10 25 16 44 28.910  0.79   1
     7663  54.417940 -161.609375    10.697    10863.2   -76072.8    -8341.8     28.0     22.3     23.0 2021 10 27  0  0 11.710  1.89   1
     7665  54.918022 -162.194352     2.238   -26629.3   -20401.4   -16801.3      9.5      7.1      7.2 2021 10 27  2 51 52.540  2.05   1
     7667  54.909037 -162.188265     0.969   -26242.8   -21401.6   -18069.5     10.3      8.0      7.2 2021 10 27  3  8 18.840  1.11   1
     7668  54.866345 -162.197770     0.678   -26865.2   -26154.2   -18360.5     14.5      9.1      8.3 2021 10 27  3  8 31.690  1.39   1
     7669  55.135994 -163.239062    14.773   -93214.6     3864.4    -4266.3     15.6     47.2     29.3 2021 10 27  6 59 21.160  3.09   1
      767  55.303772 -161.678662     6.843     6332.9    22542.2   -12196.2      5.8      6.6     14.4 2021  1 26 19 19 41.320  1.54   1
     7674  55.081124 -162.075423     3.055   -18982.0    -2244.1   -15983.4     12.1     21.5     29.6 2021 10 27 10 13 27.160  1.51   1
     7677  55.078219 -162.072461     3.185   -18793.5    -2567.5   -15853.4     10.7     12.6     19.0 2021 10 27 12 56 54.520  1.10   1
      768  54.533919 -162.190348    55.373   -26498.7   -63161.5    36334.1     25.8     12.7     15.7 2021  1 26 19 36 57.400  1.51   1
     7681  54.378243 -161.527295     8.829    16154.9   -80492.1   -10209.7     18.6     15.0     15.0 2021 10 27 15 11  7.230  2.49   1
     7683  54.940405 -161.397786    34.069    24326.5   -17909.5    15029.8     20.1     15.2     20.3 2021 10 27 16 16 10.650  1.48   1
     7689  54.523197 -162.128304    31.819   -22513.4   -64355.1    12779.8     63.4     30.2     69.1 2021 10 28  2 58 55.960  2.33   1
     7691  55.370443 -161.581217    11.456    12526.9    29964.3    -7583.1     15.1     19.9     19.9 2021 10 28  5 53 47.120  0.32   1
     7693  55.310409 -161.677295    17.365     6419.4    23281.0    -1673.7     17.0     18.9     17.0 2021 10 28 11 56 20.060  1.01   1
     7696  54.574101 -161.305176    14.612    30387.3   -58688.3    -4427.3     12.3     10.3     13.1 2021 10 28 15  5 52.680  1.86   1
     7699  55.340369 -162.207308    12.933   -27314.1    26616.3    -6106.3     28.4     27.2     32.4 2021 10 28 15 59 55.260  1.58   1
     7700  54.610360 -161.336068    13.955    28389.8   -54651.8    -5084.1     12.0     12.9     11.0 2021 10 28 18 35 56.340  1.72   1
     7705  54.977751 -162.637142     5.051   -54917.3   -13752.1   -13987.9     17.9     24.3     27.8 2021 10 28 21 30 22.900  1.56   1
     7709  54.946692 -161.533285    21.211    15658.8   -17209.7     2171.8     16.3     17.9     23.2 2021 10 28 22 41 30.440  1.97   1
     7711  55.304195 -162.168799    39.528   -24874.5    22589.3    20488.7     44.8     41.2     34.6 2021 10 28 23 59 53.260  1.45   1
     7719  54.953166 -161.765137     4.266      830.6   -16489.0   -14773.2      8.8     12.7     18.0 2021 10 29  5 21 21.040  1.21   1
     7723  55.312944 -161.774902    12.050      205.2    23563.2    -6988.7     25.4     18.5     17.7 2021 10 29  8 15 33.330  0.10   1
     7726  55.310437 -161.886654    14.268    -6909.6    23284.1    -4771.0     37.4     17.2     17.3 2021 10 29  8 32 40.840  0.11   1
     7730  55.207279 -160.871484    14.397    57796.5    11800.2    -4641.9     18.3     46.9     28.8 2021 10 29  9 20 40.510  1.90   1
     7735  55.195776 -161.601107     9.071    11286.2    10519.6    -9967.5     13.2     16.4     28.0 2021 10 31  1 50  3.300  1.83   1
     7742  55.350110 -161.732243     6.296     2919.7    27700.7   -12742.4     18.4     17.6     35.5 2021 10 31 14 28  1.510  0.43   1
     7750  55.367818 -161.489062    13.837    18390.2    29672.1    -5201.9     17.2     24.2     24.5 2021 10 31 17 11 37.460  1.34   1
      776  55.009937 -161.594287    38.481    11748.1   -10169.0    19441.7     31.1     31.5     21.4 2021  1 26 23 39 36.360  2.17   1
     7766  54.834941 -162.798307     8.883   -65336.4   -29650.3   -10156.3     38.6     38.9     56.0 2021 11  1  8 41 31.230  1.52   1
      777  54.577120 -162.045492    52.265   -17177.8   -58352.2    33226.4     17.8      6.5      9.3 2021  1 26 23 47 27.680  1.94   1
     7775  55.233390 -161.504590    24.622    17431.6    14706.9     5582.7     14.8     19.1     14.2 2021 11  1 11  0 23.140  1.64   1
     7779  54.840906 -161.265495    31.351    32828.4   -28986.3    12312.4     18.1     21.9     39.0 2021 11  1 11 27  0.290  2.63   1
     7788  55.286540 -161.032552    40.006    47481.7    20623.8    20967.4     12.4     37.7     18.7 2021 11  1 14 58 47.590  1.78   1
     7792  54.828121 -162.400732    14.925   -39877.5   -30409.5    -4114.3     35.4     25.7     43.5 2021 11  1 17  8 19.620  0.90   1
     7794  55.256657 -163.469938     7.436  -107783.1    17297.1   -11602.6     17.8     27.4     30.2 2021 11  1 18 29 17.320  2.80   1
     7796  55.250960 -161.707682     9.416     4488.1    16662.9    -9622.7     18.7     15.9     19.9 2021 11  1 19 31  8.700  1.33   1
     7798  55.357931 -161.620850     9.871    10007.1    28571.3    -9168.4     17.6     24.6     22.4 2021 11  1 20 26 55.080  0.67   1
     7803  55.286959 -161.265560     1.355    32642.5    20670.4   -17684.0     28.6     42.3     32.9 2021 11  2  1 36 10.570  1.20   1
     7805  54.546806 -161.694059    11.905     5403.1   -61726.9    -7133.6     21.4      9.3     10.9 2021 11  2  1 51  5.080  2.08   1
     7807  55.330046 -161.761377    14.590     1066.0    25467.1    -4449.0     18.9     17.8     14.5 2021 11  2  2 20 10.100  0.58   1
     7810  54.938843 -162.238428     5.132   -29441.6   -18083.5   -13906.6     10.2     13.2     13.6 2021 11  2  7  5  3.520  0.95   1
     7812  55.273726 -161.979671    13.229   -12837.5    19197.3    -5809.6     37.1     38.4     37.9 2021 11  2  8 21 34.590  1.73   1
     7825  54.881201 -162.189583     4.603   -26336.2   -24500.4   -14435.5     18.1     16.6     17.7 2021 11  2 18 12 27.200  0.97   1
     7829  55.372583 -161.737923    18.927     2557.5    30202.5     -111.6     18.8     13.5     12.1 2021 11  2 19  3 34.880  0.80   1
     7834  55.180737 -161.713216    24.699     4139.2     8845.4     5660.6     48.0     32.0     11.3 2021 11  3  1 28 35.140  1.10   1
     7835  54.876363 -160.979346    13.574    51130.6   -25039.0    -5464.5     24.2     27.2     26.5 2021 11  3  7 48 30.350  2.25   1
     7836  55.063599 -161.585465    34.000    12303.7    -4195.1    14960.9     19.6     18.5     14.5 2021 11  3 13 15 20.120  2.25   1
     7837  55.307491 -161.649186     6.766     8209.3    22956.2   -12273.2     10.4     11.5     24.2 2021 11  3 13 15 42.950  1.25   1
     7842  55.380457 -161.485319     5.265    18625.4    31079.1   -13774.2     14.1     17.4     24.7 2021 11  4  3 45 18.910  0.99   1
     7843  55.414478 -161.573389    11.393    13017.7    34866.4    -7645.7      7.0     14.7      8.8 2021 11  4  3 54 36.170  1.28   1
     7846  55.437244 -160.950065    53.296    52635.5    37400.9    34257.0     25.4     39.7     35.4 2021 11  4  6 52 14.600  2.29   1
     7847  55.540397 -161.864062    10.865    -5455.5    48884.4    -8173.8     28.0     13.2     34.9 2021 11  4  6 52 54.210  1.61   1
     7849  54.995622 -162.295817     7.069   -33088.9   -11762.6   -11969.9      7.6      7.9     11.9 2021 11  4  8 58  6.310  2.84   1
     7857  55.206592 -161.914388     2.963    -8686.6    11723.6   -16075.9     14.6     13.0     14.6 2021 11  4 23 40 36.900  1.18   1
     7861  55.434021 -161.648763    18.291     8223.2    37042.1     -748.0     13.5     22.3     13.7 2021 11  5  4 25 23.170  1.03   1
     7862  55.340853 -161.560368    18.905    13858.4    26670.2     -134.3     12.6     16.8     15.0 2021 11  5  4 27 55.680  1.18   1
     7871  55.442924 -161.816829    21.842    -2460.1    38033.2     2802.7     26.6     24.8     14.6 2021 11  5 13 17 58.610  0.98   1
     7872  55.313285 -161.651676     8.046     8050.2    23601.2   -10993.0     21.4     25.4     30.9 2021 11  5 15 50 47.600  1.26   1
     7873  55.424532 -161.916748    21.194    -8813.0    35985.7     2155.6     17.1     22.2     12.2 2021 11  5 15 59 56.170  1.65   1
     7874  55.338770 -161.728190    30.385     3178.0    26438.3    11346.4     37.4     35.1     26.4 2021 11  5 17 27 28.240  1.83   1
     7877  54.894649 -162.500293    28.543   -46216.2   -23003.3     9504.2     35.6     33.2     46.1 2021 11  5 21 49  9.440  1.92   1
     7878  55.172437 -161.850928    11.989    -4643.0     7921.3    -7050.0     42.3     12.9     22.5 2021 11  5 23 58  2.880  1.86   1
     7879  55.394637 -161.589860    21.609    11973.4    32657.7     2570.2      8.6     12.0     11.1 2021 11  5 23 58  3.300  0.85   1
     7880  55.327946 -161.940430    14.016   -10331.0    25233.3    -5023.2     25.3     21.7     17.8 2021 11  6  0  1 51.100  1.32   1
     7882  54.952266 -162.237109     2.187   -29352.3   -16589.1   -16852.4      7.6      7.6      7.9 2021 11  6 11 17 24.790  1.25   1
     7884  55.324951 -161.692529    16.250     5448.5    24899.9    -2788.4     13.2     15.7      7.4 2021 11  6 14 47 26.170  1.61   1
     7889  55.299573 -162.144938    48.349   -23356.6    22074.7    29310.2     73.8     63.4     49.2 2021 11  6 15 59 52.330  1.67   1
     7890  55.385592 -161.833317     5.624    -3510.5    31650.7   -13414.4     21.4     16.7     14.8 2021 11  6 21 35 46.280  0.28   1
     7894  54.933785 -160.407064    11.110    87700.4   -18646.5    -7928.7     58.2     79.7     55.8 2021 11  7  3 21  1.110  2.31   1
      790  55.003463 -162.268197    19.850   -31320.5   -10889.7      811.0     20.1     20.3     16.2 2021  1 27  2  7 34.120  1.76   1
     7903  55.420129 -161.930697    13.615    -9700.3    35495.6    -5423.7     22.2     19.7     15.2 2021 11  7 10 51 56.410  1.49   1
     7909  55.426868 -161.655111    16.608     7820.4    36245.8    -2431.1     17.6     22.6     11.9 2021 11  7 16 53 33.990  1.17   1
     7913  55.318660 -160.498763    13.755    81443.3    24199.6    -5283.6     19.1     59.1     20.5 2021 11  7 17 58  5.520  3.12   1
     7915  55.284379 -161.632747    27.767     9258.6    20383.3     8728.5     21.2     11.3     12.1 2021 11  8  3 22 52.080  1.86   1
     7916  55.339453 -161.849447    20.115    -4539.1    26514.4     1075.7     25.1     23.0     12.5 2021 11  8  3 31 27.700  1.90   1
      792  55.267110 -161.549707    11.773    14550.3    18460.8    -7266.1     18.4     23.1     27.6 2021  1 27  3  8 54.450 -0.20   1
     7927  55.510229 -162.028678    14.541   -15911.8    45526.0    -4497.7     35.4     19.2     46.6 2021 11  8 11  5 30.690  1.43   1
      793  54.494210 -162.072103    50.394   -18906.9   -67582.1    31354.7     35.8     14.1     14.0 2021  1 27  4 14  5.590  1.60   1
     7933  55.371334 -162.324398    44.789   -34752.4    30063.5    25750.4     58.4     48.1     21.8 2021 11  8 15 59 52.080  1.57   1
     7935  55.696456 -162.052897     1.539   -17409.1    66257.6   -17499.8     30.7     14.1     16.6 2021 11  8 16 33 19.830  2.08   1
      794  55.053137 -161.468294    17.554    19789.0    -5359.7    -1484.6     18.1     24.2     40.3 2021  1 27  4 24  7.540  1.70   1
     7940  55.277230 -161.719434    22.651     3738.2    19587.4     3611.8     25.4     18.9     16.1 2021 11  8 19 29  9.180  1.93   1
     7941  55.570589 -161.869157     0.399    -5776.8    52245.5   -18639.5     54.6     39.8     37.3 2021 11  8 19 29  9.140  1.29   1
     7947  55.094519 -161.857357     9.721    -5058.0     -752.9    -9317.5     15.5     19.1     18.3 2021 11  8 21 15  2.240  0.97   1
     7949  54.707113 -161.843115    33.688    -4168.8   -43880.8    14649.1     41.1     33.2     51.9 2021 11  9  0  1 28.240  1.25   1
     7954  55.548344 -161.878223    15.014    -6353.8    49769.1    -4024.8     40.2     19.1     22.1 2021 11  9  5 52 12.820  1.09   1
     7961  55.021712 -162.276855    18.328   -31866.6    -8858.1     -711.3     20.2     18.1     14.6 2021 11  9 13  8 43.110  1.10   1
     7963  55.229834 -161.839111     5.765    -3886.7    14311.0   -13273.6     19.5     25.5     24.7 2021 11  9 13 16 10.200  0.30   1
     7968  54.529740 -161.760726    41.210     1118.5   -63626.7    22170.7     38.6     22.1     36.3 2021 11  9 18 11 27.580  1.31   1
     7969  54.908016 -162.224430     5.150   -28557.2   -21515.3   -13889.0     10.7      6.9     11.8 2021 11  9 18 21 38.600  0.36   1
      797  54.883704 -161.497933    28.492    17933.7   -24221.8     9453.2     20.0     16.0     27.5 2021  1 27  7 10 24.620  1.38   1
     7975  54.509021 -163.238688     2.782   -93917.4   -65933.2   -16256.8      9.6      8.0      8.4 2021 11 10  1 47 18.050  2.06   1
     7993  55.326949 -161.995768     8.854   -13853.6    25122.3   -10185.1     48.1     82.5     44.6 2021 11 11 19  0 20.720  1.81   1
     7995  55.400842 -161.939144    16.628   -10239.8    33348.5    -2410.6     29.6     19.5     15.6 2021 11 11 23 59 57.800  1.60   1
     7996  55.070886 -162.858317     3.476   -68977.2    -3383.8   -15562.6      5.6     33.1      8.2 2021 11 12  0 50 11.380  1.46   1
        8  54.626457 -161.424186    12.226    22726.1   -52859.8    -6812.8     12.5     11.3     14.1 2021  1  1 12 35 10.290  1.64   1
     8000  55.359981 -161.790967     0.973     -817.1    28799.6   -18065.6     12.8     10.2     11.0 2021 11 12 10 29  4.990  1.70   1
     8002  55.263997 -161.305908    13.811    30081.5    18114.3    -5227.8     15.8     23.6     20.1 2021 11 12 12 16 57.820  1.48   1
     8003  55.341679 -161.952930     7.354   -11124.7    26762.1   -11685.0     20.3     26.1     22.2 2021 11 12 12 22 52.240  0.08   1
     8006  55.345540 -161.983317     6.923   -13058.0    27192.0   -12116.1     19.5     35.7     19.2 2021 11 12 16 32 31.600  1.05   1
     8013  55.436711 -161.744010    10.848     2168.5    37341.5    -8190.5     15.5     24.0     17.7 2021 11 12 19 29 55.120  1.58   1
     8016  55.404822 -161.815592     5.921    -2382.6    33791.5   -13117.6     19.5     16.3     16.9 2021 11 12 19 37 15.100  0.31   1
     8017  55.449906 -161.655485     5.477     7794.4    38810.5   -13561.8     18.6     14.5     23.8 2021 11 12 19 44 20.160  0.07   1
     8018  54.983911 -162.774186     2.698   -63673.7   -13066.2   -16341.2     17.2     29.5     20.6 2021 11 12 19 46 31.040  1.44   1
     8019  54.500452 -163.239339     6.877   -93969.2   -66887.2   -12161.6     13.9     14.0     16.8 2021 11 12 21 19 52.400  2.15   1
     8025  55.532426 -161.849235    11.151    -4514.7    47997.0    -7887.9     34.6     21.3     28.0 2021 11 13  3  1 50.580  0.98   1
     8038  54.487634 -163.218424    10.158   -92638.8   -68314.1    -8881.2     27.6     25.0     28.5 2021 11 13 12  7 42.080  2.11   1
      804  54.372587 -162.130339    37.213   -22686.2   -81121.7    18174.4     66.1     34.3     73.5 2021  1 27  9  5 59.730  2.00   1
     8047  55.337398 -161.737174    15.598     2606.3    26285.6    -3440.8     13.5     20.2     11.1 2021 11 13 16 11 33.560  1.84   1
     8051  55.390206 -161.690202    14.905     5592.1    32164.4    -4134.3     13.5     26.0     11.1 2021 11 13 19 22 38.240  0.36   1
     8055  55.361149 -161.877458    23.560    -6320.1    28929.7     4520.8     20.1     35.6     18.2 2021 11 13 19 25 42.960  1.66   1
     8060  55.362630 -161.877458     1.347    -6320.0    29094.5   -17692.1      9.8     10.4     17.3 2021 11 13 19 35 14.000  0.32   1
     8066  54.531189 -163.291992    14.090   -97318.4   -63465.4    -4949.1     10.5     11.3     12.3 2021 11 14  0  4 47.600  1.67   1
     8067  55.309021 -161.651644     8.182     8052.7    23126.5   -10857.3     15.3     17.4     21.1 2021 11 14  2 14 19.250  1.62   1
     8069  55.519946 -161.792627    14.801     -920.9    46607.7    -4238.1     20.8     15.3     19.1 2021 11 14  2 18 35.610  1.27   1
     8081  55.435645 -161.724202     5.771     3427.6    37222.8   -13268.1     10.7     16.0     20.6 2021 11 14  7 25 28.710  0.93   1
     8082  55.438676 -161.906380    16.055    -8152.4    37560.3    -2984.3     23.5     16.0     13.2 2021 11 14  7 26  8.450  1.26   1
     8089  55.464868 -161.825407     2.787    -3004.4    40476.2   -16251.6     19.1     14.9     23.6 2021 11 14 10 55 24.520  0.78   1
     8091  55.450680 -161.953760    15.333   -11162.3    38896.6    -3705.5     32.2     28.8     23.9 2021 11 14 13 55 18.930  1.38   1
       81  55.151322 -161.924202     5.414    -9318.6     5570.8   -13624.5     15.3     12.3     12.2 2021  1  3  6  5  4.440  1.21   1
     8100  55.521330 -161.837223     9.946    -3752.6    46761.7    -9092.5     24.1     20.0     27.5 2021 11 14 17 16  7.440  1.64   1
     8102  55.351115 -161.765609     3.557      796.5    27812.6   -15482.3      8.6      6.2     11.2 2021 11 14 17 18  4.840  0.66   1
     8104  55.286788 -161.648812    32.135     8235.3    20651.4    13096.0     41.3     28.8     26.5 2021 11 14 17 25 59.080  1.46   1
     8108  55.436283 -161.906820    16.863    -8180.6    37294.0    -2176.0     22.0     22.2     15.0 2021 11 14 19 19 47.720  0.93   1
     8109  55.367346 -161.794938    20.955    -1069.7    29619.5     1916.0     15.2     13.1      8.3 2021 11 14 19 23 13.420  1.10   1
     8110  55.472367 -161.873340    11.880    -6049.7    41311.0    -7159.2     24.2     15.9     12.6 2021 11 14 19 26 53.520  1.88   1
     8115  55.464799 -161.963005    15.730   -11747.8    40468.4    -3308.5     29.4     23.9     24.2 2021 11 14 22 28 10.120  1.30   1
     8118  55.372550 -161.836930     5.948    -3741.0    30198.9   -13090.9     10.7     10.9      9.2 2021 11 14 22 42 20.560  0.10   1
     8122  54.869653 -161.144873    56.858    40538.4   -25786.0    37819.0     14.9     19.0     17.4 2021 11 15  0 46 32.610  2.01   1
     8123  55.360193 -161.775505     1.592      166.7    28823.2   -17447.2     14.0      6.7     19.2 2021 11 15  1 23 57.360  1.73   1
     8124  55.363184 -161.781478     7.523     -213.3    29156.1   -11515.7     16.9     17.3     17.0 2021 11 15  1 29  6.440  1.92   1
     8128  54.861865 -162.151351     0.287   -23894.8   -26653.0   -18751.6     12.5     10.9     10.5 2021 11 15  3 37 21.740  1.73   1
     8134  55.351367 -161.780843    24.248     -173.0    27840.7     5208.8     23.0     15.4     10.2 2021 11 15  5 51  9.820  1.43   1
      814  55.162158 -161.371615    31.500    25928.8     6777.1    12460.8     20.6     24.2     39.6 2021  1 27 15 31 11.340  2.57   1
     8140  55.370479 -161.785661     8.159     -479.4    29968.3   -10879.7     22.3     22.8     23.1 2021 11 15  8 54 46.330 -0.04   1
     8141  55.282503 -161.814355     2.335    -2307.4    20174.4   -16704.3     18.2     13.6     15.5 2021 11 15  8 56 45.270  0.46   1
     8143  54.593591 -161.470020    12.830    19791.2   -56518.5    -6209.0     23.2     16.2     17.1 2021 11 15  9 15 48.260  1.82   1
     8144  55.293840 -160.638330    33.448    72581.1    21436.4    14409.3     17.2     59.0     44.3 2021 11 15  9 19 55.610  2.52   1
     8146  55.304167 -161.674756    17.508     6581.6    22586.1    -1530.6     14.6     10.3     10.2 2021 11 15 11 22 49.170  1.45   1
     8154  55.561369 -161.795882    16.354    -1127.0    51219.1    -2685.2     56.4     15.4     19.3 2021 11 15 13  5 53.380  1.28   1
     8155  55.374674 -161.902604    15.852    -7918.7    30435.4    -3186.5     24.7     19.1     20.5 2021 11 15 13  9 28.850  1.22   1
     8159  55.235474 -161.823991     7.701    -2922.8    14938.9   -11337.4     18.5     10.4     20.7 2021 11 15 14 21 15.650  1.02   1
     8170  55.448808 -161.855534     9.305    -4919.8    38688.2    -9733.4     13.5      8.2      7.2 2021 11 15 15 56 26.480  0.79   1
     8172  55.248417 -161.472835    17.177    19451.6    16379.8    -1861.4     13.4     19.3     18.5 2021 11 15 17 16  9.020  1.41   1
     8173  55.312467 -161.981022    18.418   -12917.3    23510.2     -621.4     25.3     33.3     23.1 2021 11 15 17 16 10.160  1.47   1
     8177  55.361751 -161.792350    18.652     -905.1    28996.7     -386.6     15.7     16.4      9.0 2021 11 15 20 41 50.680  1.01   1
     8184  55.378687 -161.895947     5.868    -7494.9    30882.0   -13170.6     20.0     19.7     28.0 2021 11 15 20 51 40.760 -0.23   1
     8185  55.387248 -161.859489    11.173    -5175.1    31835.1    -7865.4     17.8      9.8      6.1 2021 11 15 20 57 10.520  1.37   1
     8186  55.693469 -161.374805    13.933    25554.6    65925.1    -5106.3     43.1     46.2     58.8 2021 11 15 21 18 56.860  2.03   1
      819  54.572884 -161.276676    13.388    32218.9   -58823.7    -5651.3     11.2     10.1      9.2 2021  1 27 16 46  4.750  2.23   1
     8198  55.316203 -161.813574     3.389    -2256.7    23926.0   -15649.7     20.5     21.3     26.3 2021 11 16  3 30  3.340  0.82   1
      820  54.991907 -161.666976    23.957     7104.6   -12176.1     4917.6     20.4     14.7     14.8 2021  1 27 18 18 24.000  1.47   1
     8202  55.382129 -161.751139    17.904     1716.5    31265.2    -1134.9     18.9     15.4      8.6 2021 11 16  6 59  6.100  1.23   1
     8214  55.418103 -161.883805    21.305    -6719.2    35270.0     2266.4     24.2     28.0     15.4 2021 11 16 14  0 11.780  1.45   1
      822  54.973527 -162.481543    21.411   -44972.2   -14222.3     2371.9     16.7     22.6     18.3 2021  1 27 19 30 37.800  1.29   1
     8221  54.562675 -162.551302    18.469   -49684.1   -59960.2     -569.6     16.6     10.0     16.6 2021 11 16 15 18 49.780  2.41   1
     8225  54.459351 -163.163346     0.744   -89127.3   -71462.8   -18295.2     11.9      8.9      7.9 2021 11 16 18 49 55.900  2.53   1
     8227  54.409391 -162.083317    15.811   -19648.6   -77024.5    -3228.1     33.1     15.9     23.1 2021 11 16 19 39 22.720  2.15   1
     8228  55.378992 -161.930062    13.910    -9664.9    30916.0    -5129.3     21.6     20.6     15.1 2021 11 16 20  7 11.800  1.38   1
     8235  55.220817 -161.352572    17.429    27123.6    13307.2    -1609.6     10.8     17.3     18.5 2021 11 16 23  1 52.340  1.27   1
     8241  55.720186 -160.555013    11.560    77471.0    68899.4    -7479.1     65.6     96.0     63.7 2021 11 17  2 43 56.180  1.77   1
     8243  54.955229 -162.797933     3.526   -65215.0   -16259.3   -15513.1     13.3     21.2     21.3 2021 11 17  2 54  9.420  2.12   1
     8245  54.991797 -162.297705     1.869   -33211.2   -12188.4   -17170.0      7.1     13.7      9.7 2021 11 17  6 12 34.250  1.65   1
      825  54.448096 -162.194906    44.197   -26820.0   -72715.7    25157.6     31.5     14.9     18.8 2021  1 27 21 14 15.160  1.67   1
     8256  54.520060 -162.012939    11.090   -15097.0   -64704.3    -7949.3     24.5     13.5     20.8 2021 11 17 10  3  4.480  2.48   1
     8258  55.366528 -161.791211    19.695     -832.5    29528.5      655.7     16.9     12.9      6.3 2021 11 17 11 28 57.750  1.34   1
      826  54.959652 -162.290186     4.164   -32743.6   -15766.9   -14874.6     14.4      9.4      7.0 2021  1 27 21 23 43.960  0.87   1
     8262  55.391593 -161.952686    17.230   -11102.3    32318.9    -1809.3     22.6     18.3     17.1 2021 11 17 15 59 56.870  1.25   1
     8266  55.126029 -162.201693     6.678   -27028.9     2755.0   -12360.6     20.6     26.4     15.1 2021 11 17 17 13  0.000  2.20   1
     8268  55.115434 -161.940885     4.941   -10387.5     1575.5   -14098.2     21.8      9.8     21.7 2021 11 17 20 19 27.680  1.10   1
     8269  54.778780 -161.338704    10.594    28161.7   -35902.4    -8444.7     20.5     14.1     21.2 2021 11 17 20 19 26.000  1.47   1
     8271  55.366634 -161.900749     5.230    -7801.5    29540.3   -13808.7     11.0     22.9      8.9 2021 11 17 20 23 37.920  0.46   1
     8274  55.314368 -161.688346    17.604     5715.6    23721.7    -1435.3     15.1     14.6     10.3 2021 11 17 20 34  6.520  1.19   1
     8283  55.362089 -162.580485     2.052   -51049.9    29034.3   -16987.1     44.4     42.1     47.3 2021 11 18  0 31 48.740  2.22   1
     8294  55.432943 -161.447233    30.733    21034.2    36922.1    11694.5     20.3     30.3     27.8 2021 11 18  5 20 30.930  1.37   1
     8300  55.361015 -161.805990     0.911    -1772.9    28914.7   -18127.6     15.1     15.9     17.6 2021 11 18 13 55 36.220 -0.38   1
     8301  55.337821 -161.723926    18.548     3449.5    26332.7     -491.1     14.4     13.6      8.0 2021 11 18 13 57 48.800  1.19   1
     8304  54.950488 -162.250586     3.445   -30214.9   -16787.0   -15594.2     11.9      5.9     19.7 2021 11 18 14  6 29.210  1.94   1
     8309  54.578345 -161.291634    12.615    31255.7   -58215.8    -6424.4      9.8      8.8     11.7 2021 11 18 14 45 46.690  3.05   1
     8312  55.423189 -161.896729    18.234    -7540.3    35836.3     -804.6     17.0     10.3     10.4 2021 11 18 17 49 22.320  1.07   1
     8314  55.388159 -161.531152    18.986    15708.4    31936.5      -52.8     10.7     11.9     12.6 2021 11 18 17 54 37.660  1.33   1
     8324  55.376192 -161.770882     5.836      460.7    30604.3   -13202.8     12.5     19.3     20.6 2021 11 18 20 18 26.520  0.60   1
     8331  55.375757 -161.774300    20.431      243.3    30555.9     1392.1     23.1     21.7      9.2 2021 11 19  1 59 23.600  1.15   1
     8333  55.402836 -161.809098     1.775    -1969.7    33570.4   -17263.9     13.3     21.6     49.3 2021 11 19  2  3 36.990  0.84   1
     8334  55.381966 -161.875651    11.827    -6203.5    31247.1    -7211.8     21.9     20.5     16.5 2021 11 19  2  6 44.440  1.13   1
     8336  55.334851 -161.804590     9.041    -1684.4    26002.0    -9998.3     13.6     16.8     15.3 2021 11 19  2 11 28.910 -0.22   1
     8339  54.597172 -161.277490    14.166    32157.0   -56119.9    -4872.5     16.3     18.0     21.0 2021 11 19  3 51  8.890  2.79   1
     8353  55.428251 -161.897835    17.472    -7610.2    36399.8    -1567.1     21.5     12.5      6.1 2021 11 19 21 15  4.880  1.71   1
     8359  55.442057 -161.848486     8.444    -4472.2    37936.7   -10595.0     12.9     11.3     11.4 2021 11 20  2 34 10.230  0.72   1
     8361  55.426379 -161.878890    19.403    -6406.0    36191.4      364.4     21.3     23.4     15.1 2021 11 20  4 39  9.480  1.35   1
     8365  55.350541 -162.268604    21.339   -31211.1    27748.7     2300.4     37.5     40.2     43.5 2021 11 20  7 59 54.680  0.94   1
     8369  55.324894 -161.641325    17.166     8707.9    24893.6    -1872.4      8.1      7.7      9.5 2021 11 20 15 21 53.490  1.18   1
     8375  55.303589 -161.412598    25.065    23273.6    22521.8     6026.1     15.2     22.0     46.7 2021 11 20 18 17 19.780  1.38   1
     8376  55.421903 -161.894417    15.343    -7393.5    35693.1    -3695.6     23.3     28.4     19.1 2021 11 20 18 17 23.080  1.26   1
     8378  55.345703 -161.879590    24.949    -6457.0    27210.1     5910.5     17.5     17.3     12.2 2021 11 20 18 19 35.040  1.14   1
     8388  55.497461 -161.852490    11.402    -4723.4    44104.5    -7636.6     36.8     21.8     24.6 2021 11 21  3 30 18.600  1.11   1
     8390  55.354867 -162.023714    12.776   -15627.0    28230.3    -6262.6     12.5     25.8     11.5 2021 11 21  3 41 22.600  1.53   1
     8393  55.458081 -161.823014     3.725    -2852.6    39720.6   -15314.4     18.5     11.4     16.4 2021 11 21 10  3  8.220  0.60   1
     8398  55.131120 -161.159082    31.075    39500.2     3321.7    12035.7     14.5     19.2     29.1 2021 11 21 10 48 23.220  2.29   1
     8401  54.788057 -161.828385    17.994    -3220.7   -34869.6    -1045.4     13.3      7.7     19.0 2021 11 21 14 34 31.030  1.96   1
     8402  54.765381 -161.853564     0.767    -4835.6   -37394.1   -18271.5     20.0     14.9     12.7 2021 11 21 14 40 33.040  1.70   1
     8412  54.488472 -161.100716    19.773    43569.9   -68220.8      734.5     31.6     32.0     30.0 2021 11 22  7 45 44.860  2.09   1
     8416  55.415059 -161.708626    36.463     4418.9    34931.2    17423.8     46.3     43.1     48.3 2021 11 22 11 28  8.690  2.11   1
     8417  55.335189 -161.925212     9.073    -9361.5    26039.6    -9965.5     31.9     29.7     28.4 2021 11 22 11 29  3.660  1.49   1
     8418  54.603585 -162.321159    56.424   -34877.6   -55406.0    37384.9    104.1     14.3     18.8 2021 11 22 12 36 18.810  1.71   1
     8424  54.875871 -162.052637     1.880   -17571.9   -25093.8   -17158.8     13.0     15.2     18.1 2021 11 23  1 14 59.760  1.23   1
     8427  55.347095 -162.282780     4.768   -32114.6    27365.1   -14271.0     26.0     27.8     49.9 2021 11 23  5  5 26.970  1.96   1
     8428  55.353650 -161.624658     5.266     9765.3    28094.8   -13772.5     18.0     18.1     36.1 2021 11 23  5 21  3.910  2.00   1
     8430  55.239832 -160.946468    13.436    52994.9    15424.0    -5602.5     16.6     38.3     18.2 2021 11 23  7 19  6.990  1.73   1
     8434  55.191142 -161.896029     3.504    -7517.6    10003.6   -15535.1     13.3     13.4     14.9 2021 11 23 11 15 25.290  0.88   1
     8441  54.854883 -161.191048    31.981    37589.3   -27430.3    12942.4     11.4     18.0     23.4 2021 11 23 19 31 53.000  2.10   1
     8443  54.428092 -163.135124     5.811   -87345.0   -74942.6   -13228.1     26.3     21.9     18.5 2021 11 23 21  4  9.480  1.95   1
     8445  55.450562 -161.668848    21.818     6945.0    38883.5     2779.5     20.3     31.6     17.0 2021 11 24  0 35 32.850  1.04   1
     8456  55.367159 -161.665674    13.849     7154.2    29598.7    -5189.5     16.1     26.4     14.2 2021 11 25  2 43 28.290  1.71   1
     8466  54.644702 -161.491341    42.380    18410.0   -50828.6    23341.0     17.6     15.8     16.8 2021 11 25 16 50 49.730  1.73   1
     8469  55.336617 -161.696826    18.228     5174.3    26198.6     -810.6     22.6     22.3     15.1 2021 11 25 18 59 36.040  0.94   1
      847  54.864124 -162.053646     3.470   -17639.0   -26401.6   -15568.7     21.0      9.7     23.6 2021  1 28 10 39 29.960  1.71   1
     8471  55.446338 -161.910319    12.930    -8401.9    38413.3    -6108.6     20.4     18.3     10.4 2021 11 25 19  0 27.400  1.25   1
     8474  55.366772 -161.781608    21.176     -221.6    29555.7     2137.3     13.7     14.4      7.4 2021 11 25 22 33 55.400  1.45   1
     8476  55.386047 -161.902035    25.080    -7881.3    31701.4     6040.7     33.5     27.8     22.3 2021 11 25 22 36 54.360  1.52   1
      848  54.517961 -161.159473    13.237    39776.3   -64938.1    -5801.8     14.9     13.2     12.0 2021  1 28 11 14 23.180  2.08   1
     8481  54.952116 -161.671663    12.348     6808.3   -16605.8    -6690.8     15.7     23.4     30.2 2021 11 26  2  5 26.460  1.38   1
     8485  55.374719 -161.863346     2.678    -5421.3    30440.3   -16361.2     24.3     17.8     19.9 2021 11 26  3 17 31.950 -0.18   1
     8486  55.270890 -161.685091    15.649     5926.0    18881.6    -3389.7     12.2     10.3     10.9 2021 11 26  3 24 12.050  0.73   1
     8489  55.187915 -161.885091     5.556    -6820.5     9644.4   -13483.4     14.7     14.4      7.4 2021 11 26  5  8 19.930  0.81   1
     8497  54.891858 -162.586068    26.191   -51707.2   -23314.0     7151.9     32.8     31.6     42.9 2021 11 27  4 25 45.400  1.58   1
     8498  55.005815 -162.344548     9.287   -36199.0   -10627.8    -9751.5      6.6      9.1      8.0 2021 11 27  4 26 13.660  0.79   1
     8499  55.452454 -161.851286    15.172    -4649.6    39094.1    -3866.8     24.1     29.8     22.7 2021 11 27  7 59 57.180  1.47   1
     8502  54.635624 -161.863053    22.161    -5452.6   -51839.2     3121.6     24.0     19.6     20.1 2021 11 27  8  4 23.980  2.31   1
     8505  54.849805 -162.034961     2.017   -16445.7   -27995.6   -17021.7     13.9     15.0     18.1 2021 11 27 19 49 46.340  1.39   1
      852  54.698165 -162.498177    71.839   -46193.0   -44876.9    52800.4     31.2     24.7     21.0 2021  1 28 18 16  9.840  1.72   1
     8522  55.361182 -161.642367    19.209     8637.7    28933.3      170.3     23.2     30.8     22.5 2021 11 29  4 14 51.700  1.03   1
     8523  55.245805 -161.530762    17.614    15761.3    16089.0    -1424.6     12.0     14.2     16.7 2021 11 29  4 21  9.960  1.66   1
     8527  55.230119 -161.853451    23.407    -4800.5    14342.7     4368.4     41.7     24.5     25.2 2021 11 29  8 37 36.790  0.98   1
     8529  54.327877 -161.623796     8.589     9945.9   -86099.1   -10449.8     33.1     25.0     35.2 2021 11 29 11 15 37.670  2.15   1
     8533  55.373429 -161.828190     4.824    -3184.9    30296.8   -14215.1     10.8     14.7     14.8 2021 11 29 13 36 24.200  0.56   1
     8534  55.438509 -161.796061    14.101    -1140.1    37541.7    -4937.4     44.7     30.0     33.3 2021 11 29 13 43 40.220  0.58   1
     8535  55.425842 -161.905306     8.452    -8085.4    36131.6   -10587.2     17.7     14.0     14.8 2021 11 29 18  2 47.460  1.10   1
      854  54.893998 -162.637533    12.139   -54999.4   -23075.8    -6899.4     16.7     19.8     28.9 2021  1 28 18 32 52.120  1.68   1
     8541  55.394902 -161.656852    12.640     7712.8    32687.1    -6398.8      9.4     21.5      9.1 2021 11 29 23 59 25.380  0.41   1
     8542  55.140491 -161.562646     2.779    13747.8     4364.9   -16260.2     20.4     16.4     19.0 2021 11 30  0  0 16.890  1.33   1
     8544  55.339783 -161.684017    16.198     5989.3    26551.1    -2840.6     32.5     53.1     26.1 2021 11 30  5 28  7.010  0.40   1
     8546  55.360807 -161.708382    19.616     4437.4    28891.6      576.9      9.9     15.0     10.4 2021 11 30  7  1 22.390  1.28   1
     8547  55.286251 -161.548649    10.307    14614.2    20591.6    -8732.2     15.5     16.9     26.7 2021 11 30  7  2 53.280  1.42   1
     8550  55.337248 -161.728564    19.342     3154.3    26268.8      303.2     23.7     15.7     13.4 2021 11 30  9  2  8.870  1.78   1
     8557  55.336584 -161.655420    21.272     7809.6    26195.0     2232.8     17.4     24.0     17.5 2021 11 30 13 54 36.420  1.66   1
     8563  55.259810 -161.526367     5.537    16038.5    17648.2   -13501.9     11.4     13.1     13.9 2021 11 30 16 30 26.810  1.58   1
     8569  55.401343 -161.795133     5.604    -1081.6    33404.2   -13434.9     12.8     11.7     11.3 2021 11 30 19 19 37.040  2.02   1
     8572  55.312585 -161.535124     3.693    15470.5    23523.3   -15346.4      8.9     15.3     17.1 2021 11 30 22 56 24.360  1.11   1
     8575  54.815816 -161.321012    20.512    29282.2   -31779.4     1473.1     21.3     21.2     16.5 2021 11 30 23 36  8.620  2.00   1
      858  55.154810 -161.370020    17.466    26032.9     5959.0    -1573.4     11.4     16.2     24.8 2021  1 28 20 22 40.580  1.66   1
     8580  55.231323 -161.713216    30.882     4136.6    14476.8    11843.2     38.8     28.2     40.1 2021 12  1  0 50 59.720  1.42   1
     8582  55.321867 -161.526921    15.444    15990.9    24556.6    -3595.2      9.5     19.0     17.7 2021 12  1  1 35  3.920  1.50   1
     8583  55.408960 -161.976676    21.540   -12625.4    34252.2     2500.7     15.0     43.9     13.2 2021 12  1  1 35  4.150  1.74   1
     8586  55.342387 -161.778532    14.265      -25.9    26841.0    -4773.4     18.8     14.4     14.5 2021 12  1  2 51 19.430  1.31   1
     8593  55.327922 -161.560661    10.155    13842.0    25230.6    -8883.6     13.9     41.7     25.1 2021 12  1  6 49  8.520  0.89   1
     8597  55.370801 -161.636735    10.133     8994.9    30004.1    -8906.4     15.8     32.1     19.4 2021 12  1  8 10 19.430  0.17   1
     8598  55.311890 -161.507520    11.828    17228.0    23445.9    -7210.6     15.4     39.0     20.4 2021 12  1  9 20 20.040  1.33   1
     8603  55.329508 -161.930697    16.945    -9711.3    25407.3    -2094.3     21.6     21.5     16.0 2021 12  1 11 31  6.230  1.46   1
     8613  55.404472 -161.848568    17.832    -4479.5    33752.5    -1206.5      6.4     24.6     16.1 2021 12  1 16 26 32.770  1.03   1
     8614  55.319230 -161.680550    26.033     6211.5    24263.0     6994.5     19.1     21.8     17.8 2021 12  1 16 35 10.190  0.53   1
     8617  55.182731 -162.449268    13.980   -42797.1     9067.3    -5058.4     30.6     58.6     46.8 2021 12  1 17 34 15.920  0.89   1
     8624  55.190971 -161.006038    13.398    49228.9     9984.6    -5640.8     12.6     32.8     18.7 2021 12  1 20 56 40.920  2.12   1
     8625  55.754952 -161.998975     1.498   -13982.3    72769.6   -17540.7     39.2      9.7     11.2 2021 12  1 20 56 50.100  2.23   1
     8635  55.415336 -161.772461    18.993      360.1    34962.0      -45.7     33.4     25.9     16.9 2021 12  1 22 26 48.720  0.72   1
     8637  54.998779 -162.409147    17.304   -40331.0   -11411.1    -1735.4     31.4     29.8     69.2 2021 12  1 22 31 44.360  1.66   1
      864  55.102197 -161.534505    22.092    15550.6      101.9     3053.6     20.4     23.6     25.1 2021  1 29  5 23 13.890  1.58   1
     8641  55.169552 -161.111491    34.493    42516.6     7600.1    15454.6     12.0     32.1     21.8 2021 12  1 23 55 37.060  2.33   1
     8642  55.365653 -161.666260    38.763     7117.1    29431.1    19724.2     40.2     17.2     18.4 2021 12  1 23 56 10.440  2.77   1
     8652  55.745101 -162.041504     2.002   -16677.0    71673.0   -17036.9     37.2     10.3     11.7 2021 12  2  1 40 49.080  2.29   1
     8655  54.995626 -162.299544     1.614   -33327.1   -11762.1   -17424.6     14.8     12.4     13.5 2021 12  2  2 17 42.140  2.49   1
     8657  54.964010 -162.591243    23.767   -51991.9   -15281.8     4727.8     20.9     24.8     19.2 2021 12  2  2 29 38.420  2.39   1
     8664  55.413359 -161.743636     3.214     2192.9    34741.9   -15825.2      9.6     15.7     19.8 2021 12  2  4 45 45.350  0.07   1
     8666  55.160209 -160.843180    13.041    59635.8     6560.1    -5997.5     20.5     39.3     28.8 2021 12  2  5 44 39.630  1.88   1
     8667  55.159176 -162.227148     0.816   -28641.5     6445.0   -18223.3     11.9     12.6     12.7 2021 12  2  7 16 19.060  1.81   1
     8669  55.252429 -161.751253    22.040     1712.1    16826.4     3001.3     31.0     19.8     19.7 2021 12  2  8  1 59.300  1.00   1
     8671  55.398572 -161.449479     5.496    20900.4    33095.7   -13542.9      7.7     27.6     11.6 2021 12  2  8  8 59.810  0.92   1
     8674  55.426697 -161.899886    16.993    -7740.7    36226.7    -2046.3     23.8     12.5     11.4 2021 12  2  8 25 55.520  0.99   1
     8675  55.375395 -161.565771    12.639    13508.7    30515.5    -6400.1     16.3     18.2     20.2 2021 12  2 10 35 13.830  0.63   1
     8678  55.402755 -161.560612    24.828    13832.2    33561.4     5788.9     13.2     16.5     15.3 2021 12  2 10 42 46.400  1.28   1
      868  55.558695 -162.038070    19.202   -16498.2    50921.4      163.0     29.1     22.0     29.7 2021  1 29  9 19 52.090  1.37   1
     8688  54.796509 -160.910335    43.192    55603.0   -33928.8    24153.4     10.8     13.7     17.8 2021 12  2 13 37 36.200  1.94   1
     8693  55.386108 -161.860514     2.495    -5240.4    31708.2   -16544.3     10.9     11.6     13.1 2021 12  2 14 37 18.040  0.23   1
     8703  55.383785 -161.842497     1.559    -4094.5    31449.6   -17480.2     11.1     11.5     27.9 2021 12  2 16  5 13.750  0.54   1
     8705  55.256104 -161.641699     4.588     8691.6    17235.5   -14451.1      9.5      9.3     14.7 2021 12  2 17 28 37.480  0.36   1
      872  55.366695 -161.846224    13.387    -4332.5    29547.1    -5652.3     11.6     13.0     13.9 2021  1 29 12  9 21.570 -0.19   1
     8724  55.356091 -161.679085     8.295     6301.8    28366.6   -10743.5     26.4     33.5     29.8 2021 12  2 23 44 44.080  0.75   1
     8727  55.446908 -161.850944    13.618    -4628.2    38476.7    -5420.4     25.8     24.1     23.4 2021 12  2 23 59 57.460  1.11   1
     8728  55.339022 -161.668278    16.410     6991.0    26466.3    -2629.3     22.5     19.3     12.2 2021 12  3  0 49 56.730  1.72   1
     8730  55.392920 -161.861589     4.245    -5308.3    32466.5   -14793.5      8.7     15.6      6.6 2021 12  3  0 54 31.390  0.83   1
     8731  55.367936 -161.821370     1.888    -2751.3    29685.2   -17150.9     14.5     10.3     15.4 2021 12  3  1  1 10.080 -1.02   1
     8732  55.455457 -161.873812    19.508    -6080.9    39428.4      469.5     23.5     24.9     12.5 2021 12  3  1 49 10.410  1.27   1
     8733  55.354696 -161.622770    14.540     9885.3    28211.2    -4499.4     16.3     17.1     21.7 2021 12  3  1 53 33.410  1.80   1
     8734  55.429757 -161.896631    18.569    -7533.5    36567.4     -469.4     24.8     25.7     18.2 2021 12  3  3  5 35.440  1.59   1
     8737  55.411820 -161.867220    20.474    -5665.1    34570.6     1435.3     22.0     32.5     18.2 2021 12  3  4 16 15.540  1.22   1
     8738  55.099312 -161.485400    33.066    18685.7     -219.2    14027.1     24.9     21.8     30.0 2021 12  3  4 19 21.310  1.29   1
     8742  55.341024 -161.875146     6.794    -6174.6    26689.2   -12245.4     18.3     20.4     12.4 2021 12  3  5 28  4.840 -0.13   1
     8744  55.382377 -161.655387    17.147     7807.2    31292.9    -1891.8     29.8     51.7     28.5 2021 12  3  7 34  6.870  0.89   1
     8745  55.401375 -161.918115    20.856    -8902.5    33407.8     1816.9     23.2     22.7     15.5 2021 12  3  7 34 46.470  1.19   1
     8749  54.838277 -161.324658    13.540    29040.5   -29278.9    -5499.3     12.5     14.3     17.2 2021 12  3  8 35 48.530  1.92   1
     8751  55.141756 -161.933464     5.931    -9910.6     4505.8   -13107.8      8.0     13.7      8.8 2021 12  3  8 37 28.130  0.43   1
     8752  55.371208 -161.893815    17.900    -7359.9    30049.4    -1138.8     16.1     21.8     10.6 2021 12  3  8 57 34.150  1.13   1
     8755  55.284204 -161.636198    13.095     9038.9    20363.8    -5943.7     10.3     12.5     11.6 2021 12  3  9  1 48.420  0.14   1
     8756  55.422477 -161.874349    17.492    -6117.6    35757.0    -1547.3     15.9     15.5     11.6 2021 12  3  9  2 59.870  1.17   1
     8757  55.403276 -161.641895     8.942     8663.2    33619.4   -10096.7     18.0     21.6     24.7 2021 12  3  9  5 19.590  0.29   1
     8762  55.268022 -161.642269    19.167     8654.0    18562.3      128.4     24.1     22.4     22.1 2021 12  3 10 32 51.390  1.80   1
     8764  55.355835 -161.489909    31.860    18339.1    28338.1    12821.4     27.2     44.5     28.4 2021 12  3 10 45 25.500  1.07   1
     8766  55.361471 -161.809538    21.863    -1998.6    28965.4     2824.6     23.5     17.9     12.0 2021 12  3 12 37 22.870  1.21   1
     8767  55.459823 -161.796533     3.996    -1169.8    39914.5   -15042.9     19.5     19.4     15.4 2021 12  3 12 43 57.250  0.60   1
     8769  55.471167 -161.306624    32.370    29958.1    41177.4    13331.0     64.5    100.6     89.8 2021 12  3 12 49 37.670  1.24   1
     8771  55.062553 -163.288851    13.952   -96479.5    -4311.5    -5087.0     24.5     59.0     37.8 2021 12  3 13 35 32.810  2.45   1
     8772  55.337097 -161.896729     4.617    -7548.5    26252.1   -14421.4     16.1     17.5     17.9 2021 12  3 13 35 45.480  2.04   1
     8773  55.371346 -161.796338    20.340    -1158.7    30064.8     1300.8     12.6     14.8      5.5 2021 12  3 15  5  4.940  1.27   1
     8778  55.370044 -161.789453    20.768     -720.7    29919.9     1729.3     16.1     14.3      8.2 2021 12  3 16 53 35.670  1.02   1
      878  55.198169 -162.046061    30.795   -17082.3    10785.9    11756.3     33.1     36.3     28.2 2021  1 29 21 12  4.680  2.51   1
     8783  55.322298 -161.809245    16.778    -1981.0    24604.6    -2260.8     39.3     23.9     15.7 2021 12  3 19  2 23.800  1.02   1
     8791  54.858773 -161.294922    29.442    30937.0   -26997.2    10402.9     12.2     15.9     21.9 2021 12  3 23 35 30.000  1.64   1
     8797  55.165466 -162.234375     0.757   -29100.2     7145.3   -18281.6     13.2     15.6      9.9 2021 12  4  4  2 43.690  1.76   1
     8799  55.247001 -160.976025    32.314    51106.8    16222.2    13274.9     25.9     58.2     52.4 2021 12  4  4  9 58.020  2.79   1
       88  55.240377 -161.711816     3.884     4225.3    15484.7   -15155.3     13.4     10.0     16.0 2021  1  3  8  0 13.360  1.86   1
     8801  55.454578 -161.276676    37.051    31867.6    39330.6    18012.5     65.0    112.0     79.8 2021 12  4  6  3 50.880  1.39   1
     8802  55.317497 -161.718473    18.582     3797.4    24070.1     -457.1     18.1     16.3     11.3 2021 12  4  7  3 29.570  1.10   1
     8805  54.883244 -162.151676     0.356   -23909.3   -24273.0   -18682.6     14.1      9.8      9.0 2021 12  4  7 37 14.690  1.13   1
     8810  55.507503 -161.769043    51.513      576.8    45222.5    32473.6    124.7     58.8     29.3 2021 12  4  9 21 53.150  1.98   1
     8816  55.269234 -161.567725     5.863    13402.2    18697.3   -13176.3     15.5     20.0     22.4 2021 12  4 14  6  9.020  1.65   1
     8817  55.329203 -161.546582    16.668    14737.9    25373.3    -2371.0      9.5     14.2      8.4 2021 12  4 15 52 45.960  1.37   1
     8818  55.448661 -161.861735    13.484    -5313.9    38671.9    -5555.3     21.9     17.4     15.8 2021 12  4 15 57 48.970  1.24   1
     8820  55.237728 -161.725944    33.649     3325.2    15189.8    14610.1     32.4     25.5     23.0 2021 12  4 17 28 52.720  0.74   1
     8822  55.528414 -161.764518     8.617      863.9    47550.4   -10421.4      9.0     10.7     16.3 2021 12  4 17 39 59.560  2.13   1
     8823  55.529032 -161.765918     8.228      775.0    47619.2   -10811.0     14.2      8.7     17.0 2021 12  4 17 40 57.920  1.61   1
     8824  55.423462 -161.882210     5.848    -6617.3    35866.6   -13190.7     17.1      7.5     12.5 2021 12  4 19 15 55.500  0.94   1
     8826  55.346867 -161.657764    12.092     7659.4    27339.7    -6947.1     22.5     19.3     19.1 2021 12  4 20 16 11.640  1.14   1
      883  54.717566 -160.775391    12.111    64312.3   -42717.0    -6927.8     33.1     33.8     28.5 2021  1 30  6 22 29.320  2.02   1
     8831  55.371948 -161.684456    21.835     5958.9    30131.9     2796.2     21.1     14.3     17.5 2021 12  4 22 26 27.100  1.57   1
     8837  55.422526 -161.912419    20.418    -8537.9    35762.4     1379.2     27.9     28.7     17.1 2021 12  4 22 46 44.000  1.42   1
     8841  55.317196 -161.870866    17.450    -5903.9    24036.6    -1588.9     30.3     26.4     16.5 2021 12  4 23 45 32.760  0.56   1
     8842  55.471297 -161.863005    10.603    -5393.1    41191.9    -8436.2     24.9     26.0     22.6 2021 12  4 23 53 25.660  0.97   1
     8847  54.957048 -162.258431     6.247   -30714.1   -16056.8   -12792.0     12.6     10.7     14.7 2021 12  5  1  2 23.740  2.35   1
     8848  54.956230 -162.271810     6.735   -31569.9   -16147.9   -12304.2     17.7      8.7     17.3 2021 12  5  1  3  8.450  2.63   1
     8852  54.607987 -161.302279    14.650    30560.7   -54915.8    -4388.8     11.1     14.4     19.1 2021 12  5  3 59 25.640  1.68   1
     8856  55.369100 -161.816488     2.279    -2440.6    29814.8   -16760.0     25.7     11.3     20.2 2021 12  5 17 33 52.480  0.29   1
     8866  54.955033 -160.615186    10.826    74368.2   -16281.1    -8213.0     37.0     48.6     35.1 2021 12  6  8 16 10.000  2.45   1
     8868  55.360807 -161.819906     2.928    -2658.3    28891.6   -16110.5     24.0     21.7     22.4 2021 12  6  8 21 39.980  0.58   1
     8873  54.527454 -161.139144     8.941    41078.6   -63881.2   -10097.8     19.7     19.6     18.0 2021 12  6 13 16  5.030  2.76   1
     8875  54.559127 -161.669141    34.607     7003.6   -60355.2    15567.7     18.5      8.5     17.1 2021 12  6 15 44 52.630  2.30   1
     8877  54.937248 -162.248177     5.777   -30065.7   -18261.0   -13261.9     18.6     13.9     20.5 2021 12  6 17 19 45.320  1.77   1
     8882  55.418864 -162.715365     1.665   -59589.2    35354.7   -17373.5     25.3     27.2     25.5 2021 12  7  1 34 27.240  1.90   1
     8883  55.502047 -161.781038    14.798     -185.0    44615.0    -4240.6     25.6     14.0     15.7 2021 12  7  6 10 26.950  1.23   1
     8890  55.321179 -161.707357     7.249     4504.9    24480.0   -11790.1     14.6     12.2     21.2 2021 12  7 11 30 18.660  1.72   1
     8898  55.330762 -161.861149    18.160    -5284.5    25546.8     -879.2     35.7     29.9     19.6 2021 12  7 17 12 46.240  1.24   1
     8900  55.405676 -161.794255     4.947    -1025.7    33886.6   -14092.0     17.5      8.0     15.2 2021 12  7 18 53 58.600  1.27   1
     8901  55.351693 -161.578467    10.880    12704.8    27876.9    -8158.6     12.5     12.8     11.5 2021 12  7 21 13 49.500  0.28   1
     8903  54.576599 -162.653337    60.275   -56231.2   -58410.1    41236.5     29.1     21.6     26.2 2021 12  7 21 50 32.960  2.10   1
     8906  55.166829 -162.244092     0.802   -29719.4     7297.1   -18236.8     12.2      9.0     12.2 2021 12  8  2 53 24.650  1.89   1
     8917  54.952974 -162.207340     2.091   -27448.4   -16510.3   -16948.0      9.3      9.8      9.4 2021 12  9  0 17  3.830  1.88   1
     8922  54.927824 -161.412484    37.314    23390.1   -19310.1    18275.3     30.8     25.7     37.7 2021 12  9 15 50 32.910  1.98   1
      893  55.031315 -162.354232     1.693   -36806.2    -7789.0   -17345.8     15.8     14.2     14.0 2021  1 30 17 50 51.480  1.42   1
     8931  54.715609 -162.286654    41.347   -32616.3   -42934.9    22308.3     67.8     13.8     20.7 2021 12 10 20 39 33.000  1.65   1
     8950  54.596663 -161.699007    44.499     5082.0   -56176.5    25460.2     30.0     17.2     28.8 2021 12 12 18 25 26.000  2.78   1
     8953  55.312496 -161.861263    10.239    -5292.9    23513.4    -8799.7     12.7     14.7     19.4 2021 12 13  5 58 10.650  0.69   1
     8956  55.365352 -161.200830    33.135    36728.7    29397.6    14096.5     20.0     36.6     38.7 2021 12 13 13 50 24.180  2.05   1
      896  55.165902 -161.952018     4.838   -11091.1     7193.8   -14200.8      9.8      8.8     14.1 2021  1 30 17 57  5.100  1.45   1
     8960  54.994877 -162.284505     0.978   -32366.2   -11845.5   -18061.2      9.5      7.9      9.6 2021 12 13 19 32 58.480  1.89   1
     8963  55.221659 -161.686198     9.022     5859.1    13401.0   -10016.9     11.5     25.2     17.7 2021 12 14  0  2 46.720  2.83   1
     8965  55.186532 -161.505273    21.987    17398.2     9490.4     2948.2     22.9     28.2     26.3 2021 12 14  1 23 16.410  2.79   1
     8969  55.193058 -161.923405     9.826    -9262.9    10217.0    -9212.8     32.8     23.4     20.5 2021 12 14  4 38 33.310  1.27   1
      897  54.569486 -161.295215    10.960    31029.1   -59201.9    -8078.8     16.3     13.0     12.1 2021  1 30 18 13 55.740  1.99   1
     8972  55.318608 -161.541390    16.287    15070.4    24193.7    -2752.2     11.8      8.4      7.2 2021 12 14 10 44  0.800  1.06   1
     8973  55.320776 -161.500391    12.616    17679.9    24435.2    -6422.6     11.8     14.4     11.5 2021 12 14 12 50 16.640  1.36   1
     8974  55.321879 -161.617546    17.643    10222.0    24557.9    -1395.9     13.6     18.6     14.4 2021 12 14 12 53 17.500  1.45   1
     8979  54.841325 -160.796940    42.381    62833.8   -28939.6    23342.4     13.4     14.8     21.5 2021 12 14 19  6 21.180  2.41   1
     8981  55.112142 -161.586556    27.688    12226.6     1209.0     8648.8     25.6     27.2     43.5 2021 12 14 20 57  9.360  1.88   1
     8985  55.361943 -161.698291    18.262     5079.4    29018.0     -777.4     12.7     20.6      9.0 2021 12 14 23 59 41.760  0.69   1
      899  55.145935 -161.860872    10.151    -5279.0     4971.0    -8888.1     20.0     15.8     12.4 2021  1 30 18 26 55.160  1.33   1
     8992  55.628866 -161.532080     4.881    15602.2    58733.1   -14158.2     58.3     46.5     67.9 2021 12 15 15 34 39.300  1.40   1
     8994  54.768726 -160.961296    45.126    52355.8   -37021.7    26086.8     11.3     13.3     17.4 2021 12 15 23 10 22.000  1.96   1
      900  54.789250 -161.210091    49.009    36399.6   -34736.9    29970.3     12.9     13.8     18.0 2021  1 30 19 12 24.940  2.80   1
     9008  54.567049 -163.333512    12.454   -99943.3   -59473.3    -6584.4     10.3     11.5     10.8 2021 12 16 17 25 21.260  1.49   1
     9009  54.519621 -161.722982    15.375     3545.4   -64753.2    -3663.6     26.4     19.0     18.2 2021 12 16 21 14 37.960  1.59   1
      901  54.881901 -161.393229    36.030    24635.8   -24422.5    16990.9     17.2     19.4     26.9 2021  1 30 19 18 38.820  1.34   1
     9015  54.903186 -162.173275     0.459   -25285.5   -22052.9   -18579.5      8.2      9.6      8.9 2021 12 17  8 25 49.810  0.91   1
     9020  54.966239 -162.949284     0.762   -74883.4   -15033.5   -18277.1     19.5     26.9     16.7 2021 12 17 10 33 53.620  1.86   1
     9021  55.012109 -162.450244     7.942   -42950.5    -9927.1   -11096.8      7.5     18.3     19.9 2021 12 17 10 34 12.180  2.23   1
     9035  54.497489 -163.192676     1.841   -90971.7   -67217.0   -17198.4      9.8      8.4      8.8 2021 12 18 17 42 15.960  2.48   1
     9036  55.043111 -162.144515     2.835   -23404.4    -6475.8   -16203.7     20.1     19.1     20.7 2021 12 18 17 42 41.600  2.08   1
      904  54.491825 -161.693490    11.157     5443.4   -67847.5    -7881.9     12.5      7.4     12.8 2021  1 30 20 48  8.580  1.99   1
     9046  55.219137 -161.883626     6.296    -6724.5    13120.2   -12742.8     16.1     12.7     44.0 2021 12 19 18  9  4.240  0.53   1
     9047  55.320215 -160.925212    44.275    54294.8    24372.7    25235.9     11.7     25.9     17.5 2021 12 19 18 26 36.040  2.04   1
     9048  55.298096 -160.841634    48.438    59631.7    21910.3    29399.1     10.2     33.1     13.1 2021 12 19 23 18 40.420  2.30   1
     9056  55.169377 -161.895589     4.896    -7491.6     7580.6   -14142.7     12.4     18.3     15.9 2021 12 20  9 47 22.410  0.65   1
     9069  55.418754 -161.992790    14.812   -13648.3    35342.5    -4227.3     20.0     18.1     12.2 2021 12 21  6 47 29.670  1.40   1
     9073  55.390446 -161.500016    12.277    17688.3    32191.1    -6761.7     15.1     35.9     25.9 2021 12 21  8 30 58.710  0.09   1
     9074  55.413318 -161.619775    11.248    10068.5    34737.3    -7791.3     18.6     24.1     22.5 2021 12 21  8 33 18.930  1.08   1
     9077  55.241687 -161.741976    16.684     2303.4    15630.6    -2354.4     20.4      9.2     14.1 2021 12 21  8 34 55.150  2.04   1
     9078  55.577519 -161.834440     2.595    -3573.4    53016.9   -16444.3     50.9     40.7     49.5 2021 12 21  8 34 54.390  1.53   1
     9080  55.358582 -161.773698     3.371      281.7    28643.8   -15668.2     10.6     10.8     11.4 2021 12 21  8 40 16.220  1.64   1
     9084  55.355387 -161.809245     2.310    -1980.2    28288.2   -16728.7     10.5     10.6     13.4 2021 12 21  9 46 21.180  0.24   1
     9086  55.241325 -161.441634    13.458    21441.5    15590.3    -5581.3     18.3     20.4     50.6 2021 12 21  9 54  2.580  0.69   1
     9088  55.491715 -161.872754     4.043    -6011.0    43464.9   -14996.3     27.0     16.0     43.8 2021 12 21 10 50  8.260  1.61   1
     9090  55.341862 -161.734424    18.671     2781.2    26782.5     -367.9     22.0     15.0     10.7 2021 12 21 10 55 36.920  0.40   1
     9092  54.691256 -161.575765    51.026    12983.0   -45646.0    31987.6     19.6     12.0     12.8 2021 12 21 11 40  9.270  1.83   1
     9096  55.506995 -161.805371    13.364    -1730.4    45165.9    -5675.0     19.4      9.3     11.5 2021 12 21 13 14 10.410  0.33   1
     9099  55.483854 -161.718604     5.730     3781.3    42589.8   -13309.1     17.2     11.9     15.9 2021 12 21 13 23 26.720  0.79   1
      910  55.170919 -162.620085    37.309   -53697.5     7752.3    18269.7     52.8     48.8     44.4 2021  1 31  0 52 56.090  1.74   1
     9102  54.863175 -160.985661    32.244    50734.7   -26507.1    13205.0     24.4     30.3     50.8 2021 12 21 13 28 58.360  1.59   1
     9104  55.370308 -161.800342    19.808    -1413.4    29949.3      769.5     14.2     13.0      8.2 2021 12 21 14 32 38.950  1.07   1
     9109  55.348177 -161.785579     2.248     -474.4    27485.6   -16790.6     11.7     13.5     16.2 2021 12 21 17 13 57.840  0.65   1
      911  54.424410 -161.412907    17.109    23508.8   -75352.5    -1929.5     34.3     28.5     29.0 2021  1 31  1  0 39.750  1.90   1
     9112  55.330119 -161.636442    14.618     9018.1    25475.2    -4420.8     12.7     18.7     10.8 2021 12 21 17 25 46.040  0.71   1
     9114  55.326819 -161.698193     2.817     5087.9    25107.9   -16221.9     10.8     11.1     12.9 2021 12 21 17 30 20.320  0.51   1
     9118  54.481030 -161.321598    11.178    29365.8   -69049.3    -7861.4     22.7     19.5     22.0 2021 12 21 19  4 25.720  1.51   1
     9119  55.206181 -161.690202     4.004     5605.0    11677.9   -15035.1     23.0     13.7     17.7 2021 12 21 19 57 17.880  1.43   1
      912  54.780542 -161.699333    31.021     5049.6   -35706.3    11982.3     89.8     40.0     83.3 2021  1 31  1  1  6.010  1.85   1
     9121  54.992277 -162.292985     1.353   -32909.3   -12134.9   -17685.8      9.3      8.9      8.4 2021 12 21 20 56  6.200  1.56   1
     9132  55.394800 -161.914274     5.363    -8658.9    32675.8   -13675.9     13.4     12.0     11.1 2021 12 21 23 32 21.680  0.87   1
     9136  55.319002 -161.522738     5.619    16257.7    24237.7   -13419.8     12.6     16.8     18.7 2021 12 22  1  2 45.760  0.24   1
     9137  55.259741 -161.582520     5.579    12461.3    17640.5   -13460.4     11.1     12.4     11.8 2021 12 22  1  4 50.360  1.50   1
     9139  55.302429 -161.132992    60.952    41077.1    22392.7    41913.3     28.1    105.4     24.7 2021 12 22  1 14 13.240  1.57   1
     9140  55.348230 -161.791423     2.835     -846.2    27491.4   -16204.2      9.7      9.2      6.3 2021 12 22  1 16  1.870  1.44   1
      915  55.154915 -161.753206    15.552     1589.5     5970.7    -3487.3     13.7     14.3     12.6 2021  1 31  5 23 58.520  1.69   1
     9150  55.235384 -161.484570    21.252    18706.9    14928.9     2213.4     20.7     22.9     23.8 2021 12 22  6 38  5.170  1.01   1
     9161  55.133622 -162.427930     3.571   -41461.8     3600.3   -15467.5     16.6      8.8     43.0 2021 12 29  4  1 11.130  0.89   1
     9169  55.073755 -162.096859    12.113   -20352.5    -3064.4    -6925.8     29.2     39.5     36.1 2021 12 29 18 38  4.720  3.03   1
     9173  55.338245 -161.599740    17.309    11353.1    26379.8    -1730.1     12.7     18.7     11.4 2021 12 30  4  6 38.900  1.10   1
      918  55.312675 -161.686149     5.980     5855.6    23533.3   -13059.4      9.6      9.1     12.8 2021  1 31  6 25 51.410  0.56   1
     9186  55.286178 -161.737484    16.902     2588.2    20583.5    -2136.6     25.5     18.8     15.8 2021 12 30  9  0 57.550  0.60   1
      919  55.212297 -161.408626     9.317    23553.3    12358.7    -9721.5     17.5     23.3     42.4 2021  1 31  6 26  3.820  0.34   1
     9190  55.156694 -161.691667    15.781     5515.0     6168.7    -3258.3     40.9     30.7     43.6 2021 12 30  9 18 12.910  0.81   1
     9199  55.331270 -161.728906     9.936     3132.7    25603.4    -9103.3     17.4     16.1     16.9 2021 12 30 13 22 12.030  0.72   1
     9205  54.913293 -161.131331    19.518    41382.9   -20927.7      479.1     35.9     32.3     31.6 2021 12 30 15 59 48.330  0.99   1
     9208  55.337850 -161.571289     9.520    13163.9    26335.9    -9518.8     16.3     23.7     25.9 2021 12 30 18 59 34.080  0.72   1
     9209  55.391951 -161.806771     5.202    -1821.9    32358.7   -13836.7     21.5     19.6     18.5 2021 12 30 20 35 50.140 -0.22   1
     9211  54.516935 -162.279850    50.458   -32258.9   -65052.2    31419.5     47.0      8.8     21.3 2021 12 30 21 34 26.520  1.90   1
     9214  54.625464 -163.305713    13.605   -98086.3   -52970.3    -5433.5     50.7     59.2     51.5 2021 12 30 23 37 45.240  2.01   1
     9217  55.345243 -161.632194    17.457     9286.8    27159.0    -1581.5     14.1     21.6      8.7 2021 12 31  2 33  9.430  0.56   1
     9222  55.345125 -161.716585     5.016     3916.3    27145.8   -14023.3     12.0     13.4     16.5 2021 12 31  7 44 33.140  0.33   1
     9223  55.359810 -161.992871    17.822   -13663.5    28780.6    -1216.9     39.4     27.2     18.6 2021 12 31  7 59 57.510  0.78   1
     9232  55.347038 -161.704899     9.113     4659.9    27358.7    -9925.9     13.3     14.7     14.9 2021 12 31 14 51 42.980  0.68   1
     9236  55.311666 -161.670833     4.962     6830.7    23420.9   -14077.2     16.1     18.0     19.1 2021 12 31 17  2 53.880  1.93   1
     9237  55.291923 -161.566699     4.734    13463.7    21223.1   -14305.3     11.5     15.7     27.2 2021 12 31 17  9 41.560  0.05   1
     9238  54.671737 -162.627865    12.892   -54530.6   -47819.0    -6147.2     18.4     14.3     19.8 2021 12 31 17 37 15.720  1.95   1
     9239  55.380115 -161.630322     5.362     9401.8    31041.0   -13677.3     19.0     17.9     24.5 2021 12 31 18 19 11.960  0.25   1
     9252  54.994014 -162.299007     1.851   -33293.5   -11941.5   -17188.0     13.4     11.5     11.0 2021 12 31 23 10 47.400  2.71   1
     9253  55.144950 -161.981429     4.658   -12970.3     4861.4   -14380.7     14.0     12.6     23.1 2021 12 31 23 11  4.520  2.99   1
     9255  55.370776 -161.781185    14.515     -194.7    30001.4    -4524.3     26.1     19.0     19.5 2021 12 31 23 17 32.840  1.03   1
     9257  55.267786 -161.516667    29.117    16654.8    18536.0    10078.1     18.0     21.7     21.1 2021 12 31 23 28  2.340  0.73   1
       93  55.156441 -161.894906     6.131    -7449.2     6140.6   -12907.5     10.3     12.7      6.7 2021  1  3  8 50 12.680  0.66   1
      932  55.314351 -161.907910    15.288    -8262.5    23719.9    -3750.8     22.8     12.7     11.3 2021  1 31 17 46 13.460  0.13   1
      933  54.910901 -162.198161     7.856   -26875.4   -21194.1   -11182.5     15.1     25.1     36.9 2021  1 31 18  9 51.920  0.81   1
      938  55.329785 -161.755046     5.806     1469.0    25438.1   -13232.7     19.1     14.9     23.5 2021  1 31 22 30 42.360  0.07   1
      940  55.065889 -163.246989    14.756   -93802.2    -3940.0    -4282.9     20.6     42.0     24.8 2021  2  1  0  3 49.930  2.26   1
      943  55.305973 -161.317318    28.709    29339.3    22787.2     9670.2     16.9     22.7     25.6 2021  2  1  3 47 47.050  2.24   1
      961  54.582279 -161.264388    14.017    33004.6   -57777.8    -5022.4     11.8      9.8     11.0 2021  2  1 20 17  6.480  2.57   1
      968  55.381567 -161.818799     5.321    -2587.2    31202.7   -13717.8     22.7     25.7     37.5 2021  2  2 10 43 18.760 -0.48   1
       97  55.056356 -161.774984    14.252      200.6    -5001.4    -4787.3     11.3      5.9     15.8 2021  1  3 10 23  0.640  1.54   1
      974  55.045650 -162.137402     3.145   -22949.4    -6193.2   -15893.8     23.9     22.4     36.3 2021  2  2 22 32 26.920  1.00   1
      976  55.173177 -161.959798     4.128   -11586.2     8003.7   -14910.7     14.9      8.7     21.5 2021  2  3  0 49 58.720  0.73   1
      980  55.034155 -160.883708    53.422    57140.4    -7472.8    34383.4     17.1     37.4     20.5 2021  2  3  6 41  1.380  1.43   1
      982  55.065104 -161.447021    33.979    21144.6    -4027.5    14940.5     35.3     30.4     40.2 2021  2  3  7 25 42.350  0.85   1
      984  55.054154 -161.741715    17.931     2325.5    -5246.4    -1107.4     13.7     14.1     17.2 2021  2  3  8 32  8.890  1.52   1
      985  54.564726 -162.366618    58.782   -37815.4   -59731.9    39743.3     29.6     13.4     13.9 2021  2  3  9  2 58.440  1.62   1
       99  55.503902 -161.901025    36.835    -7805.6    44821.6    17796.5     28.8     30.7     19.9 2021  1  3 12 41 27.660  2.31   1
      993  55.072209 -161.170931    32.939    38772.6    -3236.6    13900.2     16.7     26.4     31.5 2021  2  3 15 36 28.290  1.77   1
      998  54.563367 -161.272689    13.529    32478.9   -59883.2    -5509.6     12.6     10.3     14.7 2021  2  3 17 35 48.880  1.73   1
