      100  54.964925 -162.300781    10.595   -33419.0   -15179.9    -8443.7    338.4    276.0    349.7 2021  1  3 12 41 26.190  1.77   1
     1001  55.070471 -161.601742    20.469    11263.3    -3430.0     1430.1    275.2    211.7    292.0 2021  2  3 21 42 16.640  0.66   1
     1002  55.318209 -161.754264     6.411     1519.0    24149.3   -12628.0    121.5    117.0    254.1 2021  2  3 22  8 43.760  0.21   1
     1003  55.308634 -161.330452    22.282    28502.1    23083.5     3243.3    223.3    462.9    333.4 2021  2  3 22 17 17.700  1.26   1
     1020  54.836125 -162.658105    31.733   -56356.5   -29518.5    12693.8    264.1    301.5    331.1 2021  2  4 12 19 23.700  1.97   1
     1021  54.974386 -162.313428     9.727   -34223.6   -14126.7    -9311.9    193.1    186.6    181.4 2021  2  4 12 19 41.050  2.29   1
     1022  55.288200 -162.953011    33.117   -74820.9    20808.6    14078.3    412.0    704.6   1171.9 2021  2  4 12 39  0.910  1.49   1
     1023  54.933533 -162.239469     3.987   -29510.1   -18674.6   -15052.3     57.0     87.2    135.4 2021  2  4 14 11 48.640  0.80   1
      103  55.375716 -161.838216    30.400    -3822.6    30551.3    11360.7    487.7    451.2    231.1 2021  1  3 17 22 36.600 -0.17   1
     1032  55.303174 -161.670003     6.100     6884.3    22475.6   -12939.3    156.1    194.9    413.0 2021  2  5  4 19 25.580  0.32   1
     1039  55.190629 -161.964258    24.168   -11868.0     9946.6     5128.8    560.0    714.8    451.7 2021  2  5 16  9 24.960  1.39   1
      105  54.808236 -161.241895    29.205    34353.6   -32623.3    10165.6    213.5    249.3    710.1 2021  1  3 17 45 13.880  1.75   1
     1051  54.901807 -161.521094    13.130    16447.6   -22206.5    -5908.7    358.6    285.0    347.5 2021  2  5 21 45 15.040  1.63   1
     1052  55.248092 -162.586003     4.859   -51474.3    16343.6   -14180.0    364.3    384.2    522.6 2021  2  6  0 21 29.560  1.48   1
     1055  54.932247 -160.480241    57.527    83021.2   -18817.8    38488.1    771.5   1142.1   1113.9 2021  2  6  5  2 58.110  1.44   1
     1059  55.068038 -162.907845    30.596   -72142.4    -3700.9    11557.1    282.9    642.7   2353.3 2021  2  6  6  3 48.100  1.25   1
     1060  54.818689 -162.813395     1.595   -66316.0   -31459.6   -17444.4    283.7    306.3    288.4 2021  2  6  6  4  4.060  1.27   1
     1062  55.094987 -161.748389    21.593     1898.3     -700.8     2554.2    315.4    230.9    256.6 2021  2  6  7 15 27.980  0.53   1
     1064  55.028516 -161.612337    22.521    10592.2    -8100.7     3482.4    206.8    240.9    211.0 2021  2  6 12  4 44.260  2.62   1
     1070  55.193754 -162.153841    37.096   -23955.2    10294.5    18056.9    740.4    579.7    523.0 2021  2  6 16 50 21.880  1.89   1
     1071  54.599658 -161.248812    10.283    33998.0   -55843.1    -8755.4    228.1    228.6    210.4 2021  2  6 18 39 48.880  4.47   1
     1072  54.585201 -161.296240    13.916    30957.2   -57452.5    -5123.0    190.5    173.9    165.3 2021  2  6 19 35 53.920  2.62   1
     1073  54.576803 -161.293896    13.780    31111.0   -58387.5    -5258.8    181.8    158.5    160.8 2021  2  6 19 50  7.920  2.07   1
     1074  54.570142 -161.305518    29.593    30366.8   -59129.0    10553.9    216.2    140.3    530.5 2021  2  6 20 12 22.720  1.60   1
     1076  54.579606 -161.287777    14.763    31503.1   -58075.4    -4275.8    261.2    212.1    216.3 2021  2  6 20 19 18.200  2.22   1
     1080  55.311914 -161.691797     1.975     5496.1    23448.6   -17064.2    205.4    183.5    232.1 2021  2  7  0 37 48.130  0.17   1
     1085  54.572070 -161.355452    29.740    27157.7   -58914.3    10700.8    229.3    128.5    565.2 2021  2  7  1 58 56.540  1.49   1
      109  54.957463 -161.415234    19.148    23205.6   -16010.6      109.2    294.1    325.7    430.1 2021  1  3 19 56 26.080  2.05   1
     1091  55.333195 -161.186230    34.016    37672.7    25817.7    14977.1    233.0    513.2    397.7 2021  2  7  4 49 38.570  2.26   1
     1095  55.407918 -162.241520    24.414   -29466.5    34136.2     5375.3    386.7    576.9    379.7 2021  2  7  7 59 53.620  1.46   1
     1100  55.080363 -161.788818    15.442     -682.8    -2328.8    -3596.4    349.0    229.0    349.9 2021  2  7 17 57 19.320  1.38   1
     1103  55.170003 -161.891064     4.582    -7203.0     7650.4   -14457.3    331.1    216.4    305.1 2021  2  7 19 33 54.560  1.38   1
     1105  54.815491 -161.091520    31.519    43983.4   -31815.6    12480.6    277.8    128.4    456.5 2021  2  7 20 17 45.400  2.50   1
     1107  55.106002 -161.638346     1.605     8921.9      525.5   -17433.5    200.6    232.2    156.3 2021  2  7 20 25  3.680  1.46   1
     1108  54.964933 -162.234961     3.108   -29210.4   -15179.0   -15930.9    126.5    124.2    257.7 2021  2  7 21 56 42.020  0.96   1
     1113  55.293974 -162.172900    15.219   -25138.9    21451.4    -3819.8    516.9    475.1    542.5 2021  2  8  4 17 58.520  1.96   1
     1120  55.346977 -162.124251    27.206   -22026.4    27351.9     8166.9    879.5    784.9    962.5 2021  2  8  7 14 46.040  1.44   1
     1124  54.593608 -161.303678    30.508    30476.2   -56516.7    11469.0    117.0    192.1    393.1 2021  2  8 11 27 36.840  1.68   1
     1127  55.296163 -161.831185     2.092    -3378.7    21695.1   -16946.6    239.6    156.0    212.3 2021  2  8 12  0 58.860 -0.28   1
     1128  54.987992 -162.202686     1.471   -27138.9   -12611.9   -17568.1    175.5    131.0    153.0 2021  2  8 12 35 30.340  0.88   1
     1140  54.802808 -161.331445    61.549    28618.5   -33227.5    42509.7    244.5    234.5    143.4 2021  2  8 23 58 42.120  1.59   1
     1142  55.451827 -161.858789    28.707    -5126.5    39024.3     9668.0    258.7    278.2    142.9 2021  2  9  0 16 46.490  1.11   1
     1151  54.548914 -162.466618    18.972   -44249.9   -61492.2      -66.8    420.6    209.3    242.5 2021  2  9  8  2 10.790  1.77   1
     1154  55.010535 -161.576335    21.958    12895.3   -10102.4     2919.0    127.4    194.1    169.1 2021  2  9  8 45 36.550  1.85   1
     1165  54.590780 -162.533268    64.231   -48508.5   -56831.5    45191.8    172.1    127.7    123.6 2021  2  9 20 43 57.480  2.07   1
     1166  55.122701 -161.827002     8.915    -3119.1     2384.5   -10123.5    319.4    176.4    268.0 2021  2  9 21 31 51.780  1.33   1
     1170  54.903398 -161.405583    66.084    23838.8   -22029.4    47045.5    196.1    223.0    161.8 2021  2  9 23 45 28.280  1.59   1
     1173  54.620862 -161.326904    30.595    28974.5   -53482.6    11556.4    250.8    111.8    394.3 2021  2 10  6  8 50.240  1.46   1
     1178  55.166809 -161.718001    17.732     3834.7     7294.8    -1306.7    355.5    284.1    382.4 2021  2 10 11 42 19.110  2.02   1
      118  55.523429 -161.328467    16.321    28551.6    46995.5    -2718.2    296.8    488.4    590.6 2021  1  4  0  2 58.000  1.56   1
     1183  55.196346 -162.001058     5.576   -14213.5    10583.0   -13463.1    326.4    255.3    427.1 2021  2 10 21  8 45.360  2.05   1
     1192  55.271130 -161.433447     4.064    21955.0    18908.3   -14974.5    296.8    293.3    467.1 2021  2 11 18  3 28.280  1.03   1
     1195  55.456620 -162.072347     7.362   -18697.6    39558.0   -11677.2    276.9    309.5    411.6 2021  2 11 20 37 10.220  1.76   1
     1196  55.126420 -160.501074    55.731    81491.5     2798.5    36692.4    232.1    486.6    348.8 2021  2 11 22 27 49.960  2.72   1
     1198  54.870435 -161.328271    31.175    28797.7   -25699.0    12136.5    267.4    262.9    525.2 2021  2 12 14 15  3.740  2.63   1
     1199  55.166951 -161.971631     3.800   -12341.8     7310.7   -15238.4    176.7    171.4    265.6 2021  2 12 14 15 28.960  1.98   1
      120  54.669238 -160.690983    10.481    69767.6   -48097.1    -8557.6    834.9    861.5    727.8 2021  1  4  0 33 12.700  2.09   1
     1200  54.594222 -161.302686    30.037    30539.7   -56448.3    10997.8    216.6    212.8    598.7 2021  2 12 15 10  7.870  2.04   1
     1201  55.159257 -161.868555    28.467    -5768.2     6454.1     9427.8    546.1    325.1    326.1 2021  2 12 16 15  3.920  1.91   1
     1208  55.157878 -161.751139    20.721     1721.3     6300.5     1682.2    317.3    268.1    329.1 2021  2 13  9 56 47.050  0.99   1
     1209  55.351843 -161.066650    31.561    45273.2    27893.7    12522.6    191.4    584.4    561.7 2021  2 13 13  9 46.410  3.28   1
     1210  55.414103 -161.980208    21.683   -12849.1    34824.8     2643.7    613.1    729.6    404.4 2021  2 13 13 10 39.620  2.83   1
     1212  55.043127 -162.178304     2.972   -25562.8    -6474.0   -16067.3    181.8    163.5    300.6 2021  2 13 14 15 28.860  1.76   1
     1214  54.545532 -161.769352    12.484      563.9   -61868.6    -6555.1    230.5    169.3    192.5 2021  2 13 19  9 54.480  1.98   1
     1215  54.936353 -161.053060    62.279    46377.5   -18360.7    43240.6    190.9    254.2    211.8 2021  2 14  0 24 32.090  2.39   1
     1216  55.136117 -163.264925    14.998   -94864.6     3878.0    -4041.0    174.4    692.9    357.6 2021  2 14  0 51 17.470  2.71   1
     1221  54.526314 -162.281787    63.402   -32379.7   -64008.1    44363.1    657.7    240.1    289.3 2021  2 14  3 53 26.740  2.25   1
     1222  55.071082 -160.472152    81.475    83394.6    -3362.0    62435.9    797.1   1461.2    895.3 2021  2 14  8 10 58.270  2.46   1
     1224  55.263631 -162.057699    15.004   -17809.7    18073.5    -4034.5    255.7    184.6    296.3 2021  2 14  9  9 53.440  0.78   1
     1225  55.239307 -161.739827    19.887     2440.4    15365.6      847.7    770.7    724.2    752.6 2021  2 14  9 46 14.060  1.94   1
     1228  55.564482 -161.456331    18.549    20422.1    51565.6     -489.6    442.2    508.6    662.0 2021  2 14 17 55 14.800  1.17   1
      123  55.583036 -160.315446     9.786    92805.0    53631.2    -9252.9    963.8   2081.3    972.6 2021  1  4  1 40 58.450  1.88   1
     1238  54.863733 -161.543311     2.056    15033.0   -26445.1   -16982.9    187.6    215.8    197.7 2021  2 16  3 45  0.350  2.31   1
     1244  54.972811 -162.249609     4.392   -30144.0   -14302.0   -14647.2    193.5    167.5    240.5 2021  2 16  5 33 19.130  1.39   1
     1249  55.184062 -161.735742     3.265     2702.6     9215.5   -15773.9    197.9    269.3    211.0 2021  2 16  6 16 24.920  0.85   1
     1250  54.590796 -161.324447    29.916    29143.1   -56829.7    10876.9    197.6    161.6    456.7 2021  2 16  6 30 31.090  1.51   1
     1254  54.902799 -161.431396    29.103    22187.1   -22096.0    10064.0    209.3    197.0    430.6 2021  2 16 15 52 45.740  1.88   1
     1258  54.987345 -161.933887    33.068    -9956.7   -12683.9    14028.8    666.4    553.5    635.3 2021  2 16 16 17 46.800  1.45   1
     1269  55.015365 -161.442334    25.065    21457.2    -9564.7     6026.2    289.2    331.4    295.6 2021  2 16 23 19 12.080  3.19   1
     1272  54.590369 -161.311914    29.446    29948.3   -56877.2    10406.9    166.0    154.7    494.1 2021  2 17  4  6 41.430  1.68   1
     1281  55.144307 -160.193066     7.833   101123.6     4789.8   -11205.9    600.4   1106.3    599.5 2021  2 17 10 51 20.520  1.63   1
     1283  54.680843 -163.521419    11.280  -111860.3   -46805.2    -7758.6    340.8    461.4    365.1 2021  2 17 12 56 29.530  1.79   1
     1284  55.350867 -161.829329    20.603    -3258.3    27785.0     1564.5    375.9    262.9    171.5 2021  2 17 13  2 44.200  0.03   1
     1287  55.307922 -161.903402    21.332    -7976.1    23004.2     2293.4    405.2    318.9    174.3 2021  2 17 17  1 28.160  0.07   1
      129  54.861938 -161.363314    27.611    26557.2   -26644.8     8572.6    219.2    202.7    663.2 2021  1  4  4  1 10.530  1.79   1
     1290  55.192399 -161.792969    30.268     -946.4    10143.6    11228.7    786.9    504.5    267.6 2021  2 17 19 37 22.880  1.20   1
     1298  55.325798 -161.399805     2.966    24081.5    24994.2   -16073.2    195.3    410.9    208.4 2021  2 18  5  4 40.770  0.01   1
      130  54.831132 -161.307926    32.468    30114.7   -30074.3    13429.3    280.1    313.9    584.8 2021  1  4  4  1 21.820  1.94   1
     1301  55.120418 -162.355208    18.855   -36827.7     2130.4     -183.8    190.4    257.0    116.9 2021  2 18  7 29 54.880  1.05   1
     1305  55.332052 -161.712858     5.556     4154.2    25690.4   -13482.9    119.1    144.4    140.4 2021  2 18  9 43 35.800 -0.44   1
     1310  54.591431 -161.287777    12.365    31498.5   -56759.0    -6674.1    162.3    142.4    139.7 2021  2 18 12 40 52.980  1.97   1
     1323  55.346082 -161.748975     5.134     1855.1    27252.3   -13905.1    150.9    179.0    183.4 2021  2 18 19  3 39.340 -0.86   1
     1328  55.353923 -162.157926    32.072   -24167.2    28125.2    13033.6    366.3    391.8    335.2 2021  2 19  0 35 58.340  0.73   1
     1332  55.309574 -161.522005     4.532    16306.3    23188.1   -14507.4    227.2    343.8    375.3 2021  2 19  2  7 18.390  0.34   1
      134  55.174841 -161.904297     6.153    -8046.5     8189.0   -12886.3    299.0    125.5    182.9 2021  1  4  8 26 55.590  1.50   1
     1347  55.276221 -161.663818     8.467     7280.5    19475.0   -10571.7    168.4    163.6    266.8 2021  2 19  4 40 45.390  1.04   1
      135  54.763855 -161.639290    62.229     8899.3   -37563.9    43190.1    379.0    333.8    226.7 2021  1  4  9 10 28.510  1.47   1
     1352  54.521794 -161.137484    20.077    41188.2   -64511.3     1038.5    261.5    258.3    241.9 2021  2 19  8 36 17.060  2.48   1
     1357  54.996700 -162.300195     6.935   -33368.3   -11642.5   -12103.7    184.5    160.6    213.5 2021  2 19  9 13 55.750  1.99   1
     1359  54.848698 -162.779004    31.974   -64089.2   -28118.8    12935.6    353.6    326.3    682.4 2021  2 19  9 21 33.210  1.56   1
     1363  55.244328 -161.645052    11.012     8479.2    15924.6    -8027.2    215.7    212.1    311.6 2021  2 19 10 52 15.340  0.41   1
     1371  55.302344 -161.536019     5.410    15415.4    22383.2   -13628.7    240.7    280.2    323.6 2021  2 19 13 52 35.450  0.01   1
     1372  55.048710 -161.427913    27.915    22369.4    -5852.5     8875.7    253.7    268.6    483.6 2021  2 19 14  4  8.250  1.62   1
     1375  55.313851 -160.441260    11.301    85109.0    23664.2    -7737.5    285.9    658.3    291.8 2021  2 19 14 22 52.620  1.08   1
     1376  54.524736 -163.263965    13.645   -95524.3   -64183.8    -5393.5    489.4    509.5    483.6 2021  2 19 14 29 46.060  1.63   1
     1380  54.968522 -160.544987    72.243    78844.1   -14779.4    53204.3    799.9   1213.9    946.9 2021  2 19 15 14 44.340  1.56   1
     1385  55.093042 -162.598600    32.107   -52378.1     -917.3    13068.5    227.3    281.5    198.8 2021  2 19 23 24 42.440  1.62   1
     1386  55.045947 -161.616553    20.241    10320.6    -6160.1     1202.5    228.1    177.2    277.4 2021  2 20  1 14 23.940  0.82   1
     1389  54.546521 -161.159359    11.674    39769.7   -61758.6    -7364.6    286.7    257.5    249.1 2021  2 20  3 29 30.500  1.90   1
     1392  54.762329 -161.973730     1.510   -12538.6   -37733.8   -17528.8    388.7    177.8    205.7 2021  2 20  9 22 15.120  1.42   1
     1393  54.499011 -162.319287    47.909   -34802.2   -67047.6    28870.4    581.5    283.7    387.2 2021  2 20 12 16 54.990  2.81   1
     1397  54.625464 -161.415869    15.205    23260.4   -52970.3    -3833.8    246.4    289.6    223.2 2021  2 21  1 46 47.010  1.45   1
       14  55.230908 -161.164844    31.274    39083.9    14430.6    12234.9    217.1    393.6    433.7 2021  1  1 16 55  4.360  1.72   1
     1405  55.054525 -161.224300    15.374    35372.5    -5205.2    -3664.6    222.1    239.3   1036.4 2021  2 21 11  6 40.870  2.14   1
     1407  55.116768 -161.565869     3.628    13546.2     1724.0   -15411.2    163.9    299.5    212.1 2021  2 21 11  8 39.470  1.28   1
     1409  55.111768 -161.623112     5.679     9893.5     1167.3   -13360.2    191.8    217.8    168.1 2021  2 21 11 11 53.160  0.88   1
     1414  54.913928 -162.617643    34.754   -53713.3   -20857.1    15715.3    277.1    284.2    355.7 2021  2 21 15  5  6.160  1.48   1
     1415  55.263208 -161.612093     5.590    10576.8    18026.4   -13448.8    239.9    235.9    286.2 2021  2 21 16  1  3.430  1.78   1
     1417  55.147839 -161.537240     0.783    15367.3     5183.0   -18255.5    254.5    269.7    211.7 2021  2 21 17 30 27.960  0.78   1
     1419  55.504163 -161.719010     9.884     3754.5    44850.6    -9155.0    226.9    238.4    348.9 2021  2 21 18 53 44.040  0.49   1
     1420  55.102214 -161.774528    16.972      229.6      103.7    -2066.7    269.7    260.7    336.0 2021  2 21 18 54 16.160  1.01   1
     1425  55.143518 -161.782585     5.991     -284.5     4701.9   -13048.0    193.4    173.2    217.6 2021  2 21 21 58 10.560  0.49   1
     1427  55.106514 -161.635824     3.175     9082.8      582.5   -15863.6    155.5    268.4    316.5 2021  2 21 22  8 14.800  1.03   1
     1430  55.485579 -163.234375    13.326   -92510.2    42781.8    -5712.4   1892.6   2484.5   2090.8 2021  2 21 22 40 59.780  1.60   1
     1431  54.584904 -161.290706    24.802    31312.8   -57485.6     5763.0    228.9    187.1    194.0 2021  2 21 23  0 10.360  2.31   1
     1433  55.102783 -161.778418     4.771      -18.7      167.2   -14268.2    370.1    328.6    291.9 2021  2 21 23 57  4.060  1.32   1
     1434  55.176017 -161.549040    21.826    14609.4     8319.9     2787.5    298.1    272.7    324.2 2021  2 21 23 57 55.340  1.17   1
     1435  55.236922 -161.982682    15.119   -13035.3    15100.1    -3919.7    283.9    238.2    378.6 2021  2 21 23 58 16.000  1.22   1
     1439  55.159554 -161.510677    23.457    17059.4     6487.1     4418.3    307.4    301.7    288.5 2021  2 22  0 43  2.960  0.59   1
     1443  55.180123 -161.850374    18.103    -4607.3     8777.0     -936.3    265.6    236.6    325.5 2021  2 22  1 21 15.400  0.46   1
     1453  54.839331 -161.112956    32.664    42597.7   -29161.6    13625.2    213.9    250.6    542.8 2021  2 22  4 37 56.240  2.24   1
     1454  54.962301 -161.375391    32.678    25751.9   -15472.0    13639.3    315.3    336.8    399.9 2021  2 22  7 39 17.400  1.96   1
     1457  54.901571 -161.283382    30.991    31659.0   -22232.8    11951.9    308.9    367.3    679.6 2021  2 22  7 41 20.050  2.58   1
     1458  55.196261 -161.508317    24.647    17202.1    10573.5     5608.5    292.3    289.8    251.0 2021  2 22  9  2 25.970  0.81   1
     1459  55.119120 -161.948275    16.968   -10858.6     1985.9    -2071.0    344.7    310.9    378.2 2021  2 22  9  2 44.010  0.61   1
      146  55.405522 -161.978955    39.355   -12770.8    33869.4    20316.6    575.0    336.2    223.9 2021  1  4 15 59 53.660  0.44   1
     1463  55.295357 -161.718457     4.647     3799.5    21605.4   -14391.9    160.6    140.9    303.9 2021  2 22 12 58 56.000  0.45   1
     1468  54.635099 -161.307682    11.957    30203.5   -51897.6    -7081.7    207.8    207.7    223.0 2021  2 22 16 17 26.310  1.73   1
     1472  55.053691 -161.721533    13.415     3614.5    -5298.1    -5623.6    206.5    156.0    307.5 2021  2 22 16 50 46.390  0.97   1
     1476  55.135876 -161.707064     8.981     4534.0     3851.2   -10057.9    280.9    223.2    396.1 2021  2 22 20 16  9.000  0.98   1
     1478  54.804399 -161.708496    33.004     4461.0   -33050.4    13965.3    973.8    393.9    773.8 2021  2 22 22 18 15.100  1.52   1
     1488  55.403040 -161.733024    19.280     2868.1    33593.1      240.6    290.9    322.9    227.8 2021  2 23 12 29 16.040 -0.11   1
     1493  54.642582 -161.432275    12.981    22202.3   -51064.6    -6058.2    193.7    197.2    171.0 2021  2 23 20  3 57.320  2.87   1
     1500  54.912476 -161.367952    30.878    26243.8   -21018.8    11839.4    258.9    257.1    418.6 2021  2 23 22 41 49.920  1.99   1
     1502  55.099451 -161.580973    12.407    12584.9     -203.8    -6631.4    192.4    226.7    183.2 2021  2 23 23 36 55.900  1.07   1
     1510  54.863631 -161.293652    30.178    31016.4   -26456.4    11139.4    184.7    232.4    485.8 2021  2 24  2 36 40.740  2.08   1
     1513  55.329439 -161.766683     4.675      728.3    25399.6   -14364.0    163.4    110.8    206.2 2021  2 24  3 44 51.420  0.93   1
     1514  55.269914 -162.078516    12.329   -19134.3    18772.9    -6709.6    233.8    194.5    306.0 2021  2 24  3 45  8.730  0.63   1
      153  55.231653 -162.090153    11.503   -19885.1    14513.5    -7535.8    244.6    252.2    294.3 2021  1  4 18 37 14.700  0.42   1
      154  54.588635 -161.271842    29.220    32523.2   -57070.2    10181.2    190.0    171.3    557.1 2021  1  4 18 41 15.600  1.65   1
     1540  55.058891 -163.380208    14.775  -102318.5    -4719.2    -4263.8    299.8    603.9    357.4 2021  2 24 17 41 27.000  1.66   1
     1543  55.505196 -161.857959    28.899    -5070.3    44965.6     9859.9    293.5    347.8    201.0 2021  2 24 19 10 27.800  0.33   1
     1544  54.987244 -161.396370    32.037    24402.8   -12695.3    12997.9    239.1    223.2    379.1 2021  2 24 19 51 27.800  1.58   1
     1548  55.113477 -163.306559    15.287   -97548.6     1357.6    -3751.8    224.6    755.6    454.4 2021  2 24 20 59 31.300  1.74   1
     1551  55.038171 -161.754329    19.179     1520.1    -7025.7      140.4    364.1    306.6    389.2 2021  2 25  2  4 18.030  1.17   1
     1552  55.151164 -161.761182    24.495     1080.9     5553.1     5455.8    371.9    254.9    496.1 2021  2 25  2  4 37.270  1.22   1
     1553  54.972974 -162.191536     3.168   -26431.1   -14283.9   -15869.5    371.9    217.9    249.2 2021  2 25  3 22  5.790  1.67   1
     1560  55.042000 -161.596908     4.149    11576.1    -6599.5   -14889.5    254.5    330.5    323.4 2021  2 25  7 39 13.870  0.78   1
     1568  55.089299 -162.058740    13.894   -17915.0    -1334.0    -5145.0    115.8    277.8    232.5 2021  2 25 15 59 56.610  0.52   1
      157  54.587459 -161.268229    25.344    32755.7   -57201.1     6305.3    178.1    166.4   2315.1 2021  1  4 19 48  7.600  2.60   1
     1572  54.597811 -161.261279    30.322    33198.0   -56048.7    11283.6    228.2    186.2    563.9 2021  2 25 18 54 43.360  1.57   1
     1579  55.042053 -161.364665    21.193    26411.6    -6593.6     2153.8    474.0    416.9    482.9 2021  2 26  7  9 46.090  0.71   1
      158  54.997050 -162.295068    13.698   -33040.5   -11603.6    -5340.9    192.1    121.5    350.9 2021  1  4 20 44 36.960  2.96   1
     1581  55.013200 -161.356283    30.432    26956.7    -9805.7    11393.6    186.6    177.1    318.3 2021  2 26  9  3 54.340  1.99   1
     1585  54.586019 -161.261556    27.756    33185.0   -57361.5     8716.9    134.8    158.1   1719.6 2021  2 26 12  9  8.560  1.97   1
      159  54.975285 -162.344271    12.899   -36195.0   -14026.6    -6139.5    156.6    154.6    110.0 2021  1  4 20 44 47.420  3.35   1
     1590  55.465527 -162.001725    28.645   -14208.1    40549.5     9606.2    390.5    363.8    295.1 2021  2 26 19  0 39.760  0.27   1
     1591  55.098832 -161.381250    24.464    25334.2     -272.7     5425.4    342.5    344.9    290.2 2021  2 26 19 39 49.120  0.92   1
     1598  55.083443 -161.624447    17.846     9811.8    -1985.9    -1193.2    271.4    224.0    324.5 2021  2 27  0  6 44.230  1.22   1
      160  55.184290 -161.777816     8.964       19.7     9240.8   -10075.3    311.0    203.1    285.2 2021  1  4 21 22 34.520  0.99   1
     1602  55.079553 -161.899593     9.497    -7755.7    -2418.9    -9542.4    230.7    280.6    469.7 2021  2 27  6 44 11.470  1.03   1
     1606  55.244666 -162.267904     4.792   -31207.8    15962.2   -14247.3    240.3    257.3    314.1 2021  2 27  8 42 23.690  1.54   1
     1608  55.194718 -161.943620     3.917   -10551.6    10401.8   -15122.1    323.5    203.9    184.1 2021  2 27  9 20 25.210  0.83   1
     1612  54.949333 -161.677067    11.942     6463.0   -16915.7    -7096.9    277.0    227.6    316.9 2021  2 27 15 30 31.160  1.03   1
     1627  54.975659 -161.424902    32.644    22582.3   -13984.9    13605.1    270.2    276.9    360.0 2021  2 28  6 21  3.480  2.16   1
      163  55.006974 -161.487581    31.657    18567.8   -10498.7    12617.8    472.7    373.1    716.1 2021  1  4 22 45 47.100  0.74   1
     1632  55.102824 -161.226449    33.014    35214.1      171.7    13975.5    231.7    342.2    416.4 2021  2 28  8 10 21.870  1.67   1
     1638  54.501546 -161.025586     7.370    48394.4   -66765.4   -11668.8    227.2    274.3    322.9 2021  2 28 18  1 17.120  1.74   1
     1644  54.489681 -163.177344     0.940   -89994.3   -68086.3   -18099.1    206.7    193.8    156.5 2021  2 28 22  8 55.420  2.34   1
     1646  55.376851 -161.825651     5.688    -3023.3    30677.7   -13351.3    276.9    200.5    191.9 2021  2 28 22 59 50.600  0.81   1
     1647  54.774931 -161.232113    32.610    34994.7   -36330.9    13571.4    225.8    293.2    518.6 2021  3  1  4 28 55.900  2.15   1
     1652  55.027352 -161.378581    30.367    25527.3    -8230.2    11328.0    260.7    284.3    486.2 2021  3  1 15  0  4.050  2.37   1
     1654  54.898966 -160.882959    14.312    57284.3   -22522.7    -4726.0    383.3    397.4    457.1 2021  3  1 20 37 56.640  1.33   1
     1657  55.120422 -161.615869    23.243    10354.7     2130.8     4204.4    282.5    276.9    268.6 2021  3  2  1 54 25.150  1.32   1
     1661  54.923771 -162.209456     5.116   -27593.7   -19761.3   -13922.7    197.9    149.3    255.8 2021  3  2 13 18  6.080  1.04   1
     1662  55.063025 -161.610840    18.561    10683.3    -4258.9     -477.5    202.7    217.6    264.8 2021  3  2 14 45 35.910  1.58   1
     1671  55.247416 -160.935840    30.783    53667.0    16268.4    11744.5    164.3    454.4    429.1 2021  3  3 12 32  3.630  2.21   1
     1676  55.055912 -161.611361     0.113    10651.0    -5050.7   -18925.5    243.7    195.4    189.1 2021  3  3 22  9  2.360  1.13   1
     1678  55.228357 -161.739518     4.219     2460.5    14146.6   -14819.5    325.3    265.1    486.8 2021  3  4  0 35 13.270  3.42   1
     1680  54.600138 -161.427799     7.417    22501.4   -55789.6   -11621.5    346.8    274.1    365.5 2021  3  4  0 38 11.150  3.52   1
     1684  55.308915 -161.742008     5.821     2299.4    23114.7   -13218.2    303.3    290.8    533.1 2021  3  4  0 44 32.450  0.64   1
     1688  55.186076 -163.523242   110.554  -111277.1     9439.7    91514.9    453.6    968.8   5079.9 2021  3  4  1 22 54.170  2.47   1
     1691  55.157019 -163.464193    14.059  -107550.7     6204.9    -4979.8    380.0    541.1    477.2 2021  3  4  1 58 10.610  1.61   1
       17  55.127791 -161.921631     9.457    -9157.3     2951.2    -9582.0    219.7    196.6    263.4 2021  1  1 17 17 19.000  1.75   1
      170  54.869222 -161.847624     1.264    -4449.1   -25834.0   -17775.2    252.9    187.3    176.2 2021  1  5  1 54 41.470  1.03   1
     1703  54.492118 -161.739079    11.340     2511.3   -67814.9    -7699.3    160.6    111.1    139.3 2021  3  4  9 38 50.260  2.25   1
     1704  54.488843 -161.713672    10.693     4145.5   -68179.6    -8346.3    298.4    206.8    231.7 2021  3  4  9 42 51.260  2.04   1
     1706  55.014355 -161.512923    22.835    16946.7    -9677.0     3795.7    311.4    258.8    151.4 2021  3  4 12 59  4.700  1.40   1
     1709  55.353105 -161.951742    31.047   -11047.5    28034.1    12008.5    514.9    484.2    184.8 2021  3  4 13 55  2.390  0.66   1
      172  54.975810 -161.710465    19.470     4325.6   -13968.1      431.1    198.2    193.9    305.8 2021  1  5  3 43 56.380  2.04   1
     1720  54.903691 -161.193620    15.357    37402.0   -21996.8    -3682.0    284.2    304.1    281.5 2021  3  4 19 53 29.960  2.38   1
     1722  55.267525 -160.979818    47.254    50852.2    18507.0    28214.7    163.6    328.5    244.0 2021  3  4 20 37 48.760  2.44   1
     1729  55.358858 -162.553060     1.749   -49307.0    28674.6   -17289.5    435.8    456.5    476.4 2021  3  4 23 56 31.360  1.93   1
      173  54.524573 -162.373991    20.228   -38308.2   -64202.0     1189.6    441.9    206.0    298.3 2021  1  5  4 32 55.230  1.62   1
     1730  54.979228 -163.493717    10.350  -109676.5   -13587.6    -8688.7    330.1    858.1    511.0 2021  3  4 23 58 39.980  2.00   1
     1738  55.322567 -161.783887     1.492     -366.8    24634.5   -17546.7    234.2    165.1    339.4 2021  3  5  0 46 13.720  1.50   1
     1741  55.137838 -161.761377    10.656     1068.6     4069.6    -8382.6    200.4    170.7    376.9 2021  3  5  4  3 28.830  1.34   1
     1748  55.023751 -161.775814    19.789      147.7    -8631.1      750.0    236.3    277.8    301.9 2021  3  5 16 11 27.520  2.40   1
     1749  55.265800 -160.870459    27.821    57819.6    18314.9     8782.1    369.5   1017.4    944.0 2021  3  5 18 26 51.980  2.03   1
      175  55.122046 -161.735596    23.874     2714.0     2311.6     4835.0    197.0    249.1    217.9 2021  1  5  4 57 50.210  1.82   1
     1751  55.007817 -161.623047    24.566     9910.5   -10405.0     5526.7    275.7    235.7    187.0 2021  3  5 18 53  2.780  1.72   1
     1762  55.337708 -161.709831    20.842     4346.5    26320.0     1803.4    335.3    412.0    249.7 2021  3  6  0 58 42.500  2.01   1
     1772  54.934420 -162.247266     3.684   -30008.5   -18575.9   -15355.4    116.1    106.3    143.4 2021  3  6 12  6 39.940  0.93   1
     1776  55.104513 -161.765055    17.648      834.2      359.7    -1390.4    331.0    293.4    369.1 2021  3  6 12 34 33.970  1.87   1
     1782  54.618347 -161.323535    30.053    29191.8   -53762.5    11014.5    224.5    132.7    432.4 2021  3  7  8 56 49.900  1.51   1
     1791  54.760868 -161.022868    29.802    48413.9   -37896.4    10763.0    291.2    274.5    700.6 2021  3  7 12 44 28.780  2.36   1
     1795  54.368184 -163.234163    23.525   -93788.8   -81611.8     4486.3    904.5    798.8    791.5 2021  3  7 14 11 29.290  2.14   1
      180  54.450146 -161.684456    11.150     6027.5   -72487.4    -7888.5    314.5    199.6    230.1 2021  1  5 14 13 57.050  2.04   1
     1800  54.583915 -161.298486    11.617    30813.4   -57595.7    -7421.5    164.8    143.9    136.9 2021  3  7 23 31 54.600  2.56   1
     1801  55.370203 -161.732259    17.749     2917.9    29937.5    -1289.9    367.2    489.0    314.5 2021  3  7 23 58 41.000  1.62   1
     1802  55.146960 -161.248063    32.375    33815.8     5085.2    13336.1    197.5    313.7    318.8 2021  3  8  0  1 45.660  1.37   1
     1803  55.066410 -160.955046    32.356    52561.8    -3882.1    13316.8    317.6    474.8    791.4 2021  3  8  0  1 53.910  2.25   1
     1813  55.102425 -161.784587    12.108     -412.5      127.3    -6930.4    348.3    171.8    306.5 2021  3  8  9 53  8.660  1.23   1
     1818  55.181698 -161.808057    18.286    -1908.7     8952.3     -753.0    307.3    315.0    372.7 2021  3  8 19 54 55.400  2.09   1
     1822  54.572620 -161.312158    13.238    29939.2   -58853.1    -5800.9    218.6    162.8    154.0 2021  3  8 22 56 20.960  1.57   1
     1823  55.358110 -161.862630     6.895    -5376.9    28591.3   -12144.3    193.8    329.6    239.2 2021  3  9  5 24  8.420 -0.07   1
     1824  55.432218 -161.162305    41.347    39147.0    36841.4    22307.8    223.8    334.2    346.8 2021  3  9  5 25 56.450  1.50   1
     1826  55.324984 -161.716113     6.559     3947.3    24903.6   -12480.1    201.7    207.4    395.9 2021  3  9  6 12  3.170  1.22   1
      183  54.528300 -162.494759     9.145   -46070.2   -63787.0    -9894.1    444.0    241.6    327.5 2021  1  5 19 35 57.360  2.51   1
     1834  54.959757 -161.614128    16.677    10486.8   -15755.1    -2361.6    265.2    279.3    620.5 2021  3  9 11 47  7.090  2.25   1
     1836  55.044718 -161.743701    23.684     2198.9    -6296.9     4645.0    360.7    321.4    315.7 2021  3  9 15 28 26.520  1.02   1
     1837  54.608716 -161.284489    24.700    31702.9   -54834.8     5661.6    222.0    153.5   1311.1 2021  3  9 15 59 56.200  1.96   1
     1848  54.474479 -163.175732     1.530   -89907.5   -69778.6   -17508.6    209.9    194.8    198.2 2021  3 10  6 53 14.950  1.84   1
     1850  54.970813 -162.263411     0.670   -31027.2   -14524.4   -18368.5    154.5    192.0    183.5 2021  3 10  7 15 44.300  1.55   1
     1854  55.191414 -162.030420    27.368   -16086.5    10034.0     8328.7    385.5    271.1    282.7 2021  3 10  8 52 57.000  0.82   1
     1855  54.946151 -161.325342    16.927    28958.0   -17269.9    -2111.9    345.9    358.6    353.2 2021  3 10  9 15 17.810  0.84   1
     1856  55.169779 -161.825928    16.927    -3048.8     7625.5    -2111.8    352.0    207.1    367.9 2021  3 10  9 15 41.680  0.51   1
     1858  55.300842 -161.657764    16.148     7663.8    22216.0    -2890.9    238.9    251.1    222.6 2021  3 10 18 24 35.260  0.37   1
     1859  54.681995 -160.609587    22.487    74979.4   -46677.0     3448.3    543.3    583.8    528.1 2021  3 10 20 21  6.480  2.04   1
     1861  55.020581 -162.298145     4.404   -33227.4    -8984.0   -14634.7    180.6    164.8    191.5 2021  3 10 23 39 17.520  1.55   1
     1863  54.956868 -161.352165    32.959    27238.9   -16076.8    13919.8    260.4    225.4    377.7 2021  3 11  5 14 38.290  2.04   1
     1864  54.894613 -162.814144    58.369   -66301.5   -23007.4    39330.5   1082.4   1203.1   1055.1 2021  3 11  5 48 59.910  1.72   1
     1868  55.056873 -161.456543     2.942    20538.7    -4943.8   -16097.3    181.7    173.9    176.4 2021  3 11  6  3 33.370  2.16   1
     1875  54.563086 -162.089616    46.934   -20016.2   -59914.5    27895.5    384.3    209.1    293.9 2021  3 11 13  8 23.810  1.79   1
     1876  55.014217 -161.568197    19.136    13414.7    -9692.4       96.9    331.3    218.3    311.2 2021  3 11 19 52 43.600  0.49   1
     1877  55.430343 -161.464469    40.157    19939.2    36632.6    21118.1    485.3    702.7    485.6 2021  3 11 20 50 52.560  1.14   1
      188  55.126843 -161.560775     1.361    13869.5     2845.6   -17677.8    293.0    231.4    249.4 2021  1  5 23 35 40.720  2.17   1
     1880  54.962150 -162.445638    14.250   -42682.7   -15488.8    -4789.0    450.1    382.8    618.0 2021  3 11 23 53  2.980  1.51   1
     1881  55.258167 -162.222493     5.820   -28309.6    17465.1   -13218.8    288.3    368.8    286.6 2021  3 15  0 56  4.510  0.80   1
     1883  55.309460 -161.707129     5.932     4520.1    23175.4   -13106.8    138.7    125.5    167.6 2021  3 15  2 35  5.030  1.32   1
     1885  55.071989 -161.533496    23.038    15620.9    -3261.0     3998.8    265.2    238.8    335.9 2021  3 15  3 36 22.040  1.43   1
     1889  54.576827 -162.582031    15.621   -51649.8   -58384.8    -3418.4    175.0     94.2    261.8 2021  3 15  4 11 52.080  1.66   1
     1894  55.094731 -162.348454    31.650   -36408.3     -729.3    12611.6    614.8    633.9    376.5 2021  3 15  6 19 53.350  1.28   1
     1896  55.297827 -161.658577     5.367     7612.3    21880.4   -13671.6    182.1    223.7    156.8 2021  3 15  8 34 48.080  1.21   1
     1903  54.818233 -162.432340    23.816   -41907.1   -31510.3     4776.6    300.5    239.1    301.1 2021  3 15 13 52 50.600  1.56   1
     1905  55.892855 -160.575163    11.595    76028.8    88121.6    -7443.6    472.5    581.6    440.7 2021  3 15 13 58  5.000  2.29   1
     1906  55.868335 -160.565869     9.325    76639.9    85392.0    -9713.4    212.4    310.3    207.5 2021  3 15 14  1 39.780  1.63   1
     1909  55.278052 -161.995182    12.630   -13824.7    19678.9    -6409.3    271.6    301.4    327.7 2021  3 15 19  9 48.960  0.41   1
     1916  55.326579 -162.077930    11.999   -19083.5    25081.1    -7039.7    379.5    443.0    567.6 2021  3 16  3  5 32.610  1.50   1
     1920  54.754097 -161.420117    54.611    22951.1   -38650.2    35572.3    242.8    197.1    203.0 2021  3 16  9 17 34.970  3.29   1
     1922  54.689119 -161.382048    44.015    25412.1   -45883.8    24976.1    242.1    225.9    316.7 2021  3 16 10 40 11.180  1.61   1
     1928  55.154773 -162.662240    42.202   -56397.4     5954.9    23163.2    362.7    392.2    375.5 2021  3 16 18 42 43.780  3.13   1
     1932  54.970203 -162.192969     0.984   -26523.6   -14592.3   -18055.3    234.3    205.8    139.5 2021  3 16 22 23 17.680  0.78   1
     1950  54.984615 -161.926042     4.238    -9455.6   -12987.9   -14801.0    432.5    170.1    314.6 2021  3 17 17 25 48.880  0.81   1
     1952  54.857438 -162.662956    32.291   -56652.1   -27145.8    13251.6    319.2    201.3    426.3 2021  3 17 18  2 20.460  1.45   1
     1953  54.840442 -161.246940    29.424    34016.8   -29037.9    10384.7    230.5    277.3    615.7 2021  3 17 19 20 28.680  1.43   1
     1955  54.518522 -161.313590     6.330    29867.1   -64875.5   -12708.5    363.1    280.3    321.1 2021  3 17 19 45 17.280  1.73   1
     1958  55.551713 -161.729753     5.876     3070.4    50144.1   -13162.9    556.8    343.0    493.1 2021  3 17 21 13 17.440  0.53   1
     1959  55.156588 -161.912842     4.538    -8593.3     6156.9   -14501.3    170.4    212.0    226.7 2021  3 17 21 50 12.840  0.78   1
     1961  54.573006 -161.349674    13.628    27528.6   -58810.1    -5411.1    213.7    212.5    197.0 2021  3 17 22  3 42.820  1.10   1
     1963  54.460864 -162.854997     7.733   -69286.3   -71294.3   -11306.0    388.3    289.2    429.7 2021  3 17 22 42 26.960  1.90   1
     1965  55.273206 -162.193066    11.088   -26429.9    19139.4    -7950.8    413.3    404.7    726.5 2021  3 17 23  0 33.240  1.28   1
     1969  55.192122 -162.286117    16.708   -32389.5    10112.8    -2330.5    457.0    428.4    339.0 2021  3 18  0 14  0.410  1.28   1
      197  55.095068 -161.573258    29.368    13078.1     -691.7    10328.8    320.5    408.1    430.9 2021  1  7  2 55 29.890  2.19   1
     1973  54.838957 -161.168343    52.952    39050.8   -29203.3    33912.6    181.3    166.9    230.7 2021  3 18  1 31 29.980  1.25   1
     1975  55.452620 -161.874935    30.941    -6152.5    39112.7    11902.2    232.1    231.3     99.0 2021  3 18  2 45 38.950  0.99   1
     1981  54.794698 -162.915072     9.645   -72850.7   -34130.3    -9394.2    250.7    269.9    639.3 2021  3 18  6 26 27.680  1.02   1
     1983  54.482751 -162.063298    14.000   -18343.2   -68857.7    -5039.4    639.2    222.3    458.3 2021  3 18  7 22 24.300  1.24   1
     1984  55.034127 -161.330339     8.386    28607.1    -7476.0   -10652.8    223.2    238.7   6134.2 2021  3 18  8  6 48.940  0.87   1
     1986  55.054838 -161.684554    19.889     5976.3    -5170.3      849.8    505.7    811.7    480.4 2021  3 18  8 24 14.020  1.39   1
     1988  54.966618 -162.891276    52.632   -71174.0   -14991.4    33593.2    942.8   1162.6   1036.3 2021  3 18  9 58 57.490  1.33   1
     1991  55.219906 -161.653271    12.518     7957.9    13205.8    -6521.3    327.8    280.0   1726.6 2021  3 18 12 20 29.880  1.12   1
     1995  55.176754 -161.923307     5.293    -9258.6     8401.9   -13746.2    236.4    477.8    385.0 2021  3 18 14 36 19.100  0.66   1
     1996  54.591134 -161.243245    30.271    34359.1   -56792.1    11231.7    196.8    173.2    530.6 2021  3 18 15 25 37.380  1.11   1
     1997  55.564787 -163.354899    13.317  -100067.1    51599.6    -5721.7   2025.4   2681.8   1934.3 2021  3 18 16 56 49.690  1.37   1
     2001  54.488485 -163.161393     0.178   -88969.7   -68219.4   -18861.3    218.7    201.7    164.0 2021  3 18 19 35 43.440  1.69   1
     2006  55.311084 -161.563688    10.165    13652.2    23356.2    -8873.7    199.7    274.7    357.2 2021  3 18 20 15  0.400  0.39   1
     2007  54.986995 -160.689730    39.939    69573.6   -12722.9    20899.7    320.5    444.2    611.5 2021  3 18 22 50 27.260  4.06   1
     2011  54.768461 -160.708496     8.922    68559.5   -37051.2   -10116.9    510.9    530.9    462.6 2021  3 19  2 17 27.950  1.93   1
     2014  54.984676 -162.361654     6.261   -37302.0   -12981.1   -12777.7    265.2    243.3    312.1 2021  3 19  6  2 53.140  0.50   1
     2017  55.079244 -161.714811    16.925     4042.6    -2453.3    -2113.7    205.2    200.0    271.3 2021  3 19  7 15 23.960  1.19   1
     2029  55.498637 -161.777197    17.503       58.9    44235.4    -1536.4    401.9    215.9    296.1 2021  3 19 20  1 37.500  0.94   1
     2034  55.309257 -160.607959    32.286    74500.7    23152.8    13247.2    253.6    420.1    795.9 2021  3 20 10 26 13.060  1.96   1
      204  55.114962 -161.468148    26.564    19783.2     1522.9     7524.8    369.2    337.6    692.5 2021  1  7  8 46 37.580  1.86   1
     2041  54.443559 -162.381771    30.172   -38847.1   -73220.8    11133.5   1049.3    370.8    988.4 2021  3 20 15 40 32.680  1.96   1
     2042  55.142041 -162.164697     4.991   -24663.2     4537.5   -14047.4    223.0    208.4    277.6 2021  3 20 15 40 56.760  0.89   1
     2044  55.249516 -162.076107    16.966   -18985.7    16502.1    -2073.2    394.1    301.2    305.8 2021  3 20 18 46 11.200  1.24   1
      205  55.367818 -161.729867     7.200     3070.2    29672.1   -11838.5    171.6    195.4    277.8 2021  1  7 11 45 28.180  1.30   1
     2050  55.174552 -161.516781    17.374    16667.0     8156.8    -1664.9    226.5    223.1    323.2 2021  3 21  1 15 13.670  2.08   1
     2052  55.645060 -161.972103     3.938   -12298.0    60536.0   -15101.3    398.2    172.7    267.1 2021  3 21  3 53 40.930  0.89   1
     2053  54.778910 -161.003451    31.219    49647.5   -35887.9    12179.7    363.3    395.2   1024.0 2021  3 21  4 51 43.430  1.68   1
     2054  55.178174 -161.927832     7.004    -9547.0     8560.0   -12035.1    302.6    221.6    310.8 2021  3 21  4 52 15.430  1.07   1
     2055  55.265592 -161.617822     5.363    10211.5    18291.8   -13675.6    273.0    239.4    327.1 2021  3 21  6 20 17.800 -0.04   1
     2056  54.531193 -161.563883    14.995    13772.4   -63465.0    -4043.4    455.6    345.8    333.3 2021  3 21  9 13 37.170  1.64   1
     2057  54.505062 -162.340299    39.905   -36150.8   -66374.0    20866.0    609.9    223.4    370.0 2021  3 21 13 30 53.040  1.63   1
     2059  54.594792 -162.334782    61.430   -35756.4   -56384.9    42390.9    224.6    134.4    132.0 2021  3 21 15 28  4.810  2.32   1
     2066  54.830261 -160.496631    24.199    82076.5   -30171.3     5160.2    551.5    687.2    565.4 2021  3 22  0 10 51.690  2.08   1
     2071  55.330269 -161.968050     9.967   -12088.7    25492.0    -9071.8    323.8    407.8    375.6 2021  3 22  0 36 28.590  0.81   1
     2079  55.083915 -161.178206     0.441    38302.4    -1933.3   -18598.1    286.7    322.5    237.7 2021  3 22  6 27 48.630  1.36   1
     2081  55.294336 -161.672900     5.534     6700.6    21491.7   -13504.8    131.4    164.8    126.0 2021  3 22  8 42  5.840 -0.03   1
     2082  54.900736 -161.387516    19.186    24995.7   -22325.6      147.5    281.9    264.3    274.0 2021  3 22  9  3 51.680  0.90   1
     2083  55.159644 -161.896061     5.750    -7522.7     6497.1   -13289.0    257.4    199.5    243.6 2021  3 22  9 21 56.940  0.61   1
     2085  55.383972 -162.726969    15.350   -60353.4    31470.4    -3688.9    363.4    443.8   1078.9 2021  3 22 11  6 42.830  1.46   1
     2089  54.985470 -161.507145    32.527    17322.2   -12892.8    13487.9    236.4    214.9    298.2 2021  3 22 14 47 22.280  1.92   1
     2092  54.991870 -161.530078    32.025    15855.0   -12180.2    12985.9    335.5    328.1    465.7 2021  3 22 18 44  2.120  3.44   1
     2093  55.073739 -161.728109    23.134     3193.7    -3066.2     4095.5    343.0    261.1    249.4 2021  3 22 19  0 32.180  1.23   1
     2099  54.653731 -161.353776    12.647    27237.9   -49823.4    -6391.9    237.3    246.0    314.3 2021  3 23 11 28  4.430  2.69   1
     2102  55.244698 -161.597119     4.458    11533.4    15965.8   -14580.7    188.0    174.8    366.4 2021  3 23 15 12  4.800  0.41   1
     2106  55.425399 -161.930892     3.990    -9712.0    36082.2   -15049.3    347.3    483.8    546.7 2021  3 23 20 35  4.600  2.03   1
     2110  55.060807 -161.599349    27.229    11417.4    -4505.8     8190.1    464.5    864.2    857.6 2021  3 23 21 20 35.960  1.70   1
     2116  55.292008 -161.824674    13.146    -2964.3    21232.6    -5892.7    420.8    194.9    195.2 2021  3 24  1 48  0.030 -0.05   1
     2117  55.425741 -162.782096    15.822   -63826.5    36120.3    -3216.8    310.2    340.9   1043.8 2021  3 24  6 30 31.840  2.30   1
     2118  55.412000 -162.780859     1.672   -63758.8    34590.6   -17366.6    318.7    317.7    338.2 2021  3 24  6 47 10.370  1.57   1
     2126  55.285413 -161.531771     4.465    15689.3    20498.3   -14574.0    125.4    140.3    205.6 2021  3 24 16 19 46.180  0.79   1
     2132  54.589478 -161.305127    31.090    30384.7   -56976.4    12050.8    180.5    186.1    465.3 2021  3 25  4 23  3.040  1.78   1
     2136  55.477262 -161.464209    28.322    19944.0    41855.9     9283.5    440.8    577.6    689.7 2021  3 25 13 25 39.070  1.67   1
      214  55.369739 -161.763395     3.406      937.1    29885.9   -15632.5    237.1    309.9    324.2 2021  1  7 18 28  9.440 -0.26   1
     2140  55.132992 -161.702653    13.366     4815.6     3530.1    -5673.2    328.5    297.1    337.0 2021  3 25 15 24 59.570  0.65   1
     2141  55.152759 -161.363314     0.522    26461.3     5730.7   -18517.1    267.9    230.6    190.0 2021  3 25 15 25 42.300  0.62   1
     2147  54.787524 -161.251676    21.996    33735.6   -34928.9     2956.9    277.1    235.8    233.0 2021  3 25 20 12  8.900  1.75   1
     2148  55.089221 -161.406950    16.252    23696.5    -1342.6    -2787.0    274.2    256.0    519.2 2021  3 25 20 12 29.960  1.32   1
     2159  54.947917 -162.305485    21.166   -33726.8   -17073.3     2126.7    662.7    624.4    712.7 2021  3 26  5 25  3.840  1.06   1
     2164  55.796004 -160.528809     9.589    79055.1    77339.8    -9449.6    502.7    696.1    506.1 2021  3 26  7 17 29.010  1.57   1
     2166  55.314954 -162.744141    14.312   -61498.7    23787.0    -4726.5    478.1    578.7   1356.4 2021  3 26  7 27 39.540  1.40   1
     2179  54.986458 -162.370101    11.709   -37841.2   -12782.7    -7330.2    193.8    182.2    154.0 2021  3 26 13 35 21.170  0.89   1
      218  55.360189 -161.682292     6.003     6097.5    28822.8   -13036.2    151.7    178.0    245.4 2021  1  7 19 35  6.920  0.84   1
     2181  55.094897 -161.690674    17.111     5582.6     -710.7    -1928.4    272.1    179.5    252.8 2021  3 26 13 52 23.460  1.18   1
     2189  54.829215 -162.053044     1.258   -17608.1   -30287.7   -17780.8    115.3    112.0    143.1 2021  3 26 16 13  1.530  0.96   1
      219  55.334867 -161.376758    19.886    25545.6    26003.8      846.8    134.7    336.1    206.4 2021  1  7 19 36 15.440  0.75   1
     2192  55.069307 -162.511410    25.253   -46825.8    -3559.5     6213.8    286.2    255.7    409.9 2021  3 26 16 29 34.580  1.28   1
     2195  55.279045 -161.602262    33.062    11200.8    19789.4    14022.6    521.2    958.9    596.8 2021  3 26 16 58 29.000  1.92   1
     2199  55.008126 -161.411117    32.236    23454.1   -10370.6    13197.0    336.9    308.5    479.2 2021  3 26 18 15 44.540  1.40   1
     2204  55.349516 -163.025553    37.348   -79379.8    27634.6    18308.6    302.4    510.1   2401.7 2021  3 26 22 11 49.720  1.81   1
     2205  54.591130 -161.477913    12.666    19284.7   -56792.5    -6372.5    238.6    205.9    275.3 2021  3 27  2 37 52.060  1.34   1
     2206  55.058993 -161.941406     7.431   -10428.1    -4707.8   -11608.0    222.7    158.1    463.1 2021  3 27  2 38 25.410  1.07   1
     2208  55.464250 -161.859668    27.616    -5181.5    40407.3     8576.7    331.7    272.8    207.7 2021  3 27  3 18 55.000  0.57   1
     2210  54.563021 -161.332650    29.937    28626.0   -59921.7    10898.5    233.9    103.5    440.3 2021  3 27  6  0 41.100  1.55   1
     2211  55.319812 -161.715658     5.780     3976.6    24327.8   -13258.8    107.7    181.6    124.2 2021  3 27  8 25 39.590  1.40   1
     2216  55.274707 -161.054264    43.285    46105.8    19306.5    24245.7    150.2    417.3    244.3 2021  3 27 14  2  7.920  1.88   1
     2217  55.219137 -161.760221     9.343     1141.2    13120.2    -9696.3    245.3    173.7    288.3 2021  3 27 14  2 48.190  1.28   1
      222  55.071761 -161.630876    13.236     9402.7    -3286.4    -5802.5    265.4    192.5    251.9 2021  1  7 22 11 19.780  1.05   1
     2226  55.375114 -161.715088    17.403     4010.1    30484.3    -1636.2    307.4    303.7    210.8 2021  3 28  3 51 46.130  0.26   1
     2227  54.558915 -161.250732    13.348    33891.7   -60378.8    -5691.2    249.7    215.9    206.8 2021  3 28  4 40 17.120  1.62   1
      223  54.604228 -161.263916    25.246    33026.0   -55334.4     6207.2    204.9    177.6   1592.4 2021  1  7 23 38 36.720  2.69   1
     2230  55.314819 -161.616113    20.107    10314.0    23772.0     1068.2    303.9    334.1    248.4 2021  3 28  6 37 38.220  0.36   1
     2231  54.928080 -162.226530     2.625   -28684.4   -19281.6   -16413.4    112.7    116.3    140.8 2021  3 28  7 52 29.070  2.21   1
     2233  55.213062 -161.956413    15.199   -11364.7    12443.9    -3839.7    418.1    232.1    182.5 2021  3 28  8 39  0.200  0.49   1
     2236  55.759998 -162.244157     5.444   -29503.3    73331.3   -13594.5    726.7    558.5    820.9 2021  3 28  9  5 35.480  1.06   1
     2238  54.493193 -161.521566     8.800    16500.5   -67695.3   -10238.5    391.5    270.4    307.1 2021  3 28  9 59 10.720  2.54   1
      224  54.977189 -161.295052    35.855    30883.3   -13814.6    16815.9    271.5    225.0    370.2 2021  1  8  0 22 44.610  2.08   1
     2240  55.325366 -161.913542    17.955    -8619.8    24946.1    -1084.3    451.2    285.9    122.4 2021  3 28 11  5 13.640  1.17   1
     2243  54.891606 -161.232910    32.493    34893.1   -23342.1    13453.9    204.8    152.3    352.4 2021  3 28 14  0 32.920  1.85   1
     2244  54.914054 -162.194548     2.159   -26643.1   -20843.0   -16879.6    167.8    151.2    194.1 2021  3 28 15 23 35.070  1.16   1
     2245  54.863171 -162.207406     0.653   -27483.1   -26507.6   -18386.0    194.5    135.3    119.6 2021  3 28 15 23 47.910  1.68   1
     2254  54.825895 -162.021956    15.942   -15617.6   -30657.3    -3097.0    310.2    226.7    490.9 2021  3 30  2  0 38.900  1.20   1
     2258  55.334172 -161.666618     7.178     7097.1    25926.4   -11860.7    153.7    176.6    237.2 2021  3 30  2 26 59.060  1.62   1
     2259  54.603280 -161.186507    11.257    37998.2   -55439.9    -7781.8    277.6    254.5    235.0 2021  3 30  3 18 50.880  1.53   1
     2260  54.522152 -161.148796    34.957    40460.7   -64471.5    15917.7    318.7    270.9   1641.3 2021  3 30  3 36 20.850  1.73   1
     2264  55.029395 -161.717334     2.776     3883.9    -8002.8   -16262.9    297.0    507.3    521.3 2021  3 30  6 26  6.590  1.18   1
     2269  54.502474 -162.552653    15.508   -49807.9   -66662.1    -3530.9    229.1    162.6    266.6 2021  3 30 15  6 53.160  1.87   1
      227  55.139441 -161.623584    29.132     9860.0     4248.1    10093.0    375.5    282.7    413.7 2021  1  8  0 53 59.840  1.89   1
     2276  55.322319 -161.416243    33.623    23036.1    24606.9    14584.5    236.4    429.6    329.6 2021  3 31  1 17 22.640  2.47   1
      228  54.830501 -160.836686    28.226    60296.6   -30144.6     9187.0    345.9    349.1   1536.6 2021  1  8  0 53 55.350  2.16   1
     2280  54.709924 -161.086686    64.890    44351.0   -43567.8    45851.1    187.1    212.4    210.6 2021  3 31  6 42 18.360  2.04   1
     2282  54.996391 -161.674219    23.955     6641.2   -11677.0     4916.6    400.2    337.7    276.7 2021  4  1 16 25 50.050  1.16   1
     2286  55.147323 -160.900977    71.401    55958.2     5125.5    52361.8    181.7    361.8    228.5 2021  4  2  0 36  6.520  2.25   1
     2288  54.560657 -160.998779    18.764    50081.8   -60184.9     -274.6    439.7    445.9    418.3 2021  4  2  4 45 39.640  2.10   1
     2295  54.659814 -162.598486    12.795   -52653.0   -49146.2    -6243.7    226.1    222.2    220.1 2021  4  2 11 51 29.560  1.22   1
       23  55.355245 -161.908382     0.677    -8288.3    28272.4   -18361.6    340.0    364.2    412.4 2021  1  1 20 47 51.840  2.46   1
     2308  55.200968 -161.514128     2.763    16830.6    11097.6   -16275.8    293.8    261.8    397.2 2021  4  3  3 40  1.040  0.79   1
     2312  54.783915 -161.201953    30.082    36923.6   -35330.7    11043.3    176.7    207.9    458.5 2021  4  3  5 56 27.620  2.25   1
     2317  55.161178 -161.942725     3.720   -10498.9     6667.9   -15319.1    610.0    347.1    595.8 2021  4  3  7 59 54.220  1.09   1
     2318  55.382829 -161.758805     8.546     1228.9    31343.1   -10493.0    309.2    206.9    292.8 2021  4  3  9 15 36.720  0.09   1
     2322  54.892708 -161.933561     1.103    -9947.6   -23219.4   -17934.7    328.3    222.1    206.8 2021  4  3 12 42 23.080  0.95   1
     2323  54.563049 -161.606657    11.289    11018.4   -59918.6    -7749.9    230.9    169.4    207.1 2021  4  3 12 42 24.150  1.14   1
     2325  54.633553 -160.917969     9.583    55225.1   -52069.8    -9456.4    287.5    270.3    274.9 2021  4  3 14 58 12.570  1.52   1
     2328  54.957992 -162.263721     6.138   -31052.0   -15951.7   -12900.9    136.8    129.4    145.1 2021  4  3 16 54 37.750  1.36   1
     2331  55.054346 -161.313818    27.401    29655.1    -5225.1     8362.4    248.5    364.4   5875.2 2021  4  3 18  4 24.800  1.57   1
     2334  54.496049 -162.938656    11.843   -74636.6   -67377.4    -7196.0    307.1    239.6    275.6 2021  4  3 19  1 14.080  1.40   1
     2335  55.348372 -161.960433    21.754   -11601.3    27507.3     2714.8    474.3    306.9    496.2 2021  4  4  2  0 31.060  0.85   1
      234  55.098499 -162.078337    15.581   -19163.8     -309.8    -3458.4    105.0    172.1    185.4 2021  1  8  5 12 50.120  1.26   1
     2341  54.960095 -162.167562     2.570   -24902.3   -15717.5   -16468.4     96.7    183.0    188.2 2021  4  4  7 15 59.730  0.78   1
     2343  55.312386 -161.689372     4.298     5650.4    23501.1   -14740.5    217.7    247.4    400.2 2021  4  4  7 41 17.630  0.62   1
     2348  54.713721 -161.141585    30.153    40827.6   -43145.1    11113.9    203.5    204.3    619.8 2021  4  4  9  4 30.340  2.62   1
      235  55.387935 -161.734098     4.575     2800.3    31911.6   -14464.3    215.7    243.4    288.0 2021  1  8  5 44 29.680  1.47   1
     2351  55.540214 -162.394173    21.333   -39108.5    48864.0     2294.1    473.4    490.8    658.2 2021  4  4 12 39 47.310  1.54   1
     2353  55.107532 -162.280729     6.189   -32079.8      695.8   -12849.5    320.4    322.6    516.8 2021  4  4 12 47 10.570  1.51   1
     2355  55.354602 -161.279492    38.469    31728.3    28200.8    19430.0    315.9    645.3    387.0 2021  4  4 14 44 30.330  1.21   1
     2359  54.980721 -162.344710     6.335   -36220.7   -13421.4   -12703.7    203.8    198.1    254.0 2021  4  4 16 51  4.390  0.61   1
     2361  55.384200 -162.468864    20.211   -43935.9    31495.8     1171.9    421.3    455.9    716.4 2021  4  4 17 43 37.320  1.53   1
     2365  55.131181 -161.731283     5.996     2988.9     3328.5   -13043.3    239.6    198.9    248.2 2021  4  4 19 45 27.260  0.46   1
     2366  55.305851 -161.719303     4.956     3745.1    22773.6   -14082.9    211.6    156.2    229.5 2021  4  4 21 17 28.340  0.24   1
     2368  54.984627 -160.753402    33.214    65505.4   -12986.5    14174.9    319.2    465.9   1152.6 2021  4  4 21 48  5.800  2.12   1
     2369  54.557308 -161.021745     8.034    48608.0   -60557.7   -11005.0    270.9    257.2    251.3 2021  4  4 22 23 56.000  1.85   1
      237  55.098470 -161.617757    17.687    10237.0     -313.0    -1351.6    390.2    301.9    388.5 2021  1  8  8 35 34.340  0.99   1
     2376  55.165047 -161.782520    31.121     -280.3     7098.7    12082.4    411.4    436.9    452.0 2021  4  5  6 59 33.530  1.24   1
     2378  54.992118 -162.288167     0.447   -32601.4   -12152.6   -18592.1    173.3    153.2    159.7 2021  4  5 20 54 26.720  1.65   1
     2381  55.226131 -162.228695    15.435   -28716.1    13898.8    -3604.1    231.7    241.6    267.2 2021  4  5 21 22  5.160  0.53   1
     2383  55.139189 -161.904590     4.231    -8068.7     4220.0   -14808.2    159.0    233.5    188.0 2021  4  5 21 45 57.120  0.70   1
     2384  55.326998 -161.811279    14.799    -2110.4    25127.8    -4239.9    406.9    221.5    152.4 2021  4  5 21 46 13.400 -0.10   1
     2387  55.541980 -161.433415    13.222    21882.7    49060.6    -5816.8    312.0    384.3    567.9 2021  4  5 23  6 12.900  0.79   1
     2389  54.990356 -161.688770    17.423     5711.6   -12348.7    -1615.7    232.2    166.0    227.7 2021  4  5 23 15 39.920  1.11   1
      239  55.144877 -161.615072    25.703    10402.4     4853.2     6664.3    327.9    299.6    434.7 2021  1  8 10 31 29.280  1.82   1
     2393  54.494332 -161.804834    10.294    -1717.8   -67568.5    -8745.1    178.4    132.5    166.1 2021  4  6  2 29 11.560  1.67   1
     2396  55.567896 -161.595492     4.610    11590.1    51945.6   -14428.4    283.8    236.9    317.3 2021  4  6  5 51 59.670  1.17   1
     2401  54.943937 -162.792041    17.984   -64847.3   -17516.3    -1055.3    274.2    385.1    432.7 2021  4  6  9  4 31.260  1.26   1
     2404  55.325785 -161.849202    26.802    -4524.3    24992.8     7763.1    502.5    383.9    298.1 2021  4  6 12  0 16.940  0.42   1
     2406  55.122803 -161.899333    11.815    -7734.9     2395.8    -7223.6    325.5    186.8    199.8 2021  4  6 12 22 51.320  1.42   1
     2408  55.139433 -161.787354    14.590     -588.8     4247.2    -4449.2    205.3    197.6    293.4 2021  4  6 13  5 21.680  1.63   1
     2413  55.304061 -161.409391    16.440    23477.6    22574.3    -2598.7    175.1    413.6    415.0 2021  4  6 16  8 30.830  1.16   1
     2414  55.211174 -161.818685     6.525    -2585.5    12233.7   -12513.8    351.0    279.2    478.9 2021  4  6 16  8 56.720  1.09   1
     2415  55.305420 -162.444857    23.021   -42450.7    22725.6     3981.9    290.0    519.8    359.2 2021  4  6 17  3 39.680  1.64   1
     2417  55.286597 -162.206380     5.195   -27273.4    20630.1   -13844.0    234.5    276.2    338.8 2021  4  6 17 23 56.500  0.40   1
     2419  55.234025 -162.117253    22.321   -21611.5    14777.6     3281.9    258.6    262.9    334.0 2021  4  6 17 54 39.500  0.90   1
     2425  54.777568 -163.478890    38.523  -109000.9   -36037.4    19484.1    922.6   1487.1   3738.5 2021  4  6 22 55 41.080  1.48   1
     2427  55.073433 -162.086882     5.301   -19715.5    -3100.2   -13737.8    333.2    277.9    385.3 2021  4  7  0  8 20.600  0.81   1
     2430  55.245500 -161.422884    21.110    22635.1    16055.0     2070.7    251.0    328.2    229.1 2021  4  7  0 23  8.470  1.63   1
     2434  55.276274 -161.849398    19.673    -4539.6    19480.9      634.6    356.1    123.5    154.1 2021  4  7  3  3  1.320  0.42   1
     2437  55.008659 -162.345247    10.597   -36242.4   -10311.2    -8442.1    285.9    279.4    335.6 2021  4  7  5 21 24.330  1.39   1
     2439  54.901619 -160.734684    12.956    66770.7   -22227.3    -6082.4    355.3    501.8    396.4 2021  4  7  6 10 40.980  1.21   1
     2440  55.515995 -161.476807     3.357    19134.3    46167.9   -15681.5    221.3    243.7    354.8 2021  4  7  6 28 26.270  0.81   1
     2449  54.585282 -161.306022    11.543    30328.7   -57443.5    -7496.1    171.1    155.0    155.1 2021  4  7 14 31 21.220  1.16   1
     2452  55.019238 -162.311149     4.967   -34058.9    -9133.5   -14072.1    260.0    128.9    293.1 2021  4  7 19 33  8.000  1.52   1
     2455  55.117745 -161.938607     4.697   -10241.8     1832.8   -14341.6    242.0    205.9    258.2 2021  4  7 21 34 12.160  1.49   1
     2457  55.111324 -161.651400    11.935     8088.1     1118.0    -7104.1    241.1    169.8    267.0 2021  4  7 23 59 13.480  0.87   1
     2459  55.379492 -162.632357     0.929   -54338.4    30971.7   -18110.2    436.7    510.3    468.5 2021  4  8  0  8  6.870  1.70   1
     2461  54.738420 -160.958838    30.725    52533.0   -40395.5    11686.2    306.7    339.9   1011.9 2021  4  8  6 13 37.220  2.84   1
     2464  55.164071 -161.929378     5.499    -9647.3     6990.0   -13539.6    268.2    265.0    108.4 2021  4  8  6 34 29.010  0.88   1
     2468  55.253992 -161.340934     2.597    27853.8    17000.4   -16442.2    136.7    227.5    151.5 2021  4  8  8 22 48.820  1.18   1
      247  55.198287 -161.521257     3.637    16376.7    10799.1   -15401.8    277.5    268.0    492.4 2021  1  8 13 37 34.090  0.87   1
     2470  55.346956 -161.681527     7.058     6147.2    27349.7   -11980.5    258.5    187.8    327.0 2021  4  8  8 26 22.030  0.22   1
     2473  55.277039 -162.050016    12.134   -17317.4    19566.1    -6905.2    470.7    528.7    516.7 2021  4  8 12 52 48.230  1.68   1
     2476  55.383919 -162.055794    35.526   -17661.8    31464.5    16487.5    370.2    517.5    244.2 2021  4  8 17 12 40.580  2.24   1
     2478  55.571476 -161.384717     0.579    24964.8    52344.3   -18460.0    393.7    441.1    342.5 2021  4  8 21 11 55.400  2.14   1
      248  55.175277 -161.896989     6.404    -7580.4     8237.5   -12634.6    259.7    179.3    228.2 2021  1  8 13 48  1.810  1.55   1
     2484  54.585803 -161.391862    10.786    24814.1   -57385.5    -8252.4    196.3    163.3    172.1 2021  4  9  7  9  5.640  2.24   1
     2491  54.450541 -161.744238    14.241     2180.6   -72443.5    -4798.1    376.4    250.0    282.9 2021  4  9 10 54 41.650  1.24   1
     2493  54.422738 -161.462093     7.967    20343.1   -75538.7   -11071.8    419.9    377.5    409.4 2021  4  9 12 25 25.340  2.34   1
     2500  54.559013 -162.619531    16.523   -54071.0   -60367.9    -2515.8    311.9    215.9    305.9 2021  4  9 17 31 25.320  1.43   1
     2505  54.924373 -163.029476    11.152   -80052.4   -19694.3    -7887.3    243.7    339.9    416.2 2021  4  9 21 15  7.200  1.73   1
     2511  54.856392 -161.973145     3.565   -12486.5   -27262.2   -15473.6    268.1    270.0    401.3 2021  4 10  5  2 32.120  1.59   1
     2512  54.444108 -162.137907    56.096   -23153.3   -73159.7    37057.0    578.2    175.5    249.5 2021  4 10  7  1 58.970  1.90   1
     2516  55.116471 -162.334782    40.791   -35525.9     1691.0    21752.5    510.7    444.5    262.0 2021  4 10  9 41 55.700  2.49   1
     2517  54.592407 -161.294889    13.778    31041.2   -56650.3    -5260.6    191.1    191.3    178.6 2021  4 10 12 37 54.850  1.88   1
     2518  54.693547 -163.167757    50.840   -89153.2   -45391.0    31801.5    267.6    315.6    381.3 2021  4 10 12 56 42.600  2.25   1
      252  55.404761 -160.642188    15.638    72235.1    33784.7    -3401.2    229.3    497.6    590.5 2021  1  8 17  2 42.800  1.77   1
     2527  55.220113 -161.752539    17.364     1630.8    13228.9    -1674.8    403.2    255.6    294.7 2021  4 10 21 17  4.660  0.46   1
     2531  55.007414 -162.444434     9.652   -42581.7   -10449.8    -9387.0    135.5    250.8    302.6 2021  4 11  5  0 43.940  1.67   1
     2532  54.911165 -162.650163    12.842   -55795.8   -21164.6    -6196.7    254.9    276.9    703.4 2021  4 11  5  0 55.400  1.79   1
     2541  54.599556 -161.272428    14.024    32481.1   -55854.4    -5014.7    197.8    173.0    178.9 2021  4 12  0 21 39.050  1.98   1
     2546  55.135677 -161.745557    10.695     2078.0     3829.1    -8344.0    429.9    270.4    489.1 2021  4 12  6 31 26.780  1.62   1
     2548  55.624479 -160.702474    72.718    68213.0    58244.8    53679.5    349.5    590.5    386.0 2021  4 12 11 38 48.060  1.97   1
     2550  54.543363 -162.394645    52.387   -39626.8   -62110.1    33348.0    250.2    123.9    169.2 2021  4 12 14  8 29.100  2.10   1
     2551  54.615499 -161.515251    44.580    16881.2   -54079.6    25541.0    226.4    167.5    245.3 2021  4 12 15 41  5.600  1.45   1
     2552  55.093888 -160.380160    10.480    89243.5     -823.1    -8559.4    356.7    632.2    356.2 2021  4 12 15 47 39.630  1.46   1
     2554  54.958891 -162.243864     2.852   -29781.9   -15851.6   -16187.2    156.4    148.7    178.2 2021  4 12 17 26 46.580  1.18   1
     2557  55.379826 -161.723096    20.619     3500.4    31008.8     1580.3    263.0    385.7    222.1 2021  4 12 18 43 41.260 -0.03   1
     2565  55.316597 -162.029232    32.580   -15985.7    23970.0    13541.0    469.8    501.7    345.8 2021  4 13  5 39 55.260  0.56   1
     2566  54.911560 -161.596501    75.349    11620.9   -21120.7    56310.0    155.1    245.4    106.1 2021  4 13  6 28 53.840  1.39   1
      257  55.368526 -161.836784    16.992    -3731.9    29750.9    -2047.2    486.3    292.7    156.8 2021  1  8 18 58  2.720 -0.28   1
     2571  55.347095 -161.953174     6.278   -11139.5    27365.1   -12761.1    316.6    283.0    489.4 2021  4 13  7 38 27.280  0.23   1
     2574  55.358223 -161.773535     3.936      292.0    28604.0   -15102.8    209.1     87.2    163.4 2021  4 13  9 23 14.250  1.18   1
     2582  55.511466 -161.821143    31.060    -2731.9    45663.7    12021.6    316.1    377.4    259.9 2021  4 13 14 40 53.780  0.64   1
     2585  54.601412 -161.260433    13.565    33250.9   -55647.9    -5474.1    149.5    143.8    137.1 2021  4 13 19  5 24.400  1.49   1
     2586  55.653776 -161.739437    12.081     2452.5    61506.3    -6958.4    417.8    206.8    478.7 2021  4 13 19 12 57.720  0.67   1
     2589  55.337895 -161.866715    17.347    -5638.3    26340.9    -1692.0    237.6    264.7    213.5 2021  4 13 22 48  5.400  0.10   1
     2594  55.182699 -161.739404    19.341     2469.1     9063.7      302.0    282.9    293.4    352.5 2021  4 14  4  2 17.690  0.46   1
     2596  54.659485 -160.780339     7.700    64040.9   -49182.9   -11339.2    460.2    433.0    460.6 2021  4 14  4 20 53.440  1.58   1
      260  55.339539 -161.818929    13.959    -2596.9    26523.9    -5079.7    393.1    310.8    213.7 2021  1  8 21 38 15.600  0.19   1
     2600  55.312358 -161.057536    30.446    45875.8    23498.0    11406.9    266.7    542.7    604.8 2021  4 14  6 13 39.350  1.43   1
     2601  55.370817 -161.818311    35.232    -2556.5    30005.9    16192.7    594.9    465.4    298.8 2021  4 14  6 14  3.960  2.00   1
      261  54.998905 -161.608317    19.950    10853.0   -11397.0      911.0    168.7    162.9    365.4 2021  1  8 22 26 41.180  1.20   1
     2610  54.569474 -162.436768    35.469   -42320.6   -59203.3    16430.1    660.2    276.2    509.5 2021  4 14 11 29 11.100  1.41   1
     2618  54.500940 -162.641602    47.769   -55529.0   -66832.9    28729.9    267.3    177.7    247.0 2021  4 14 15 49 47.910  1.35   1
     2624  55.126847 -161.902067    22.540    -7909.0     2846.1     3500.8    415.7    281.4    377.9 2021  4 14 18 31  3.280  0.30   1
     2628  55.103137 -161.813590    22.603    -2263.8      206.6     3563.7    319.9    275.5    352.6 2021  4 14 21 41 54.520  0.48   1
     2630  54.942521 -162.274479     4.939   -31746.0   -17674.0   -14099.6    141.9    135.9    135.5 2021  4 15  1 35  0.950  0.90   1
     2633  55.233329 -161.247982    26.462    33784.6    14700.2     7422.9    210.9    301.8    625.9 2021  4 15  9 18 20.680  1.52   1
     2636  55.265849 -161.539827    28.578    15179.9    18320.4     9538.9    271.5    372.5    306.2 2021  4 15 20 46 43.880  0.46   1
     2637  54.569307 -161.843180    67.420    -4180.1   -59221.9    48380.9    465.8    305.7    310.1 2021  4 15 22  7 22.060  1.61   1
     2638  54.675537 -160.673975    23.053    70853.6   -47395.9     4014.2    470.5    484.4    448.2 2021  4 15 22 24 39.720  3.27   1
     2639  54.835050 -160.544417     7.531    79011.2   -29638.1   -11507.6    422.5    484.4    382.8 2021  4 15 22 26 54.420  1.01   1
     2643  54.469222 -161.701025    11.644     4960.1   -70363.9    -7394.9    215.3    169.7    200.4 2021  4 16  2 36 18.520  1.70   1
     2651  55.263733 -162.403516    18.471   -39839.3    18084.8     -567.7    286.1    384.1    302.8 2021  4 16 13  3 14.510  0.92   1
     2656  54.839119 -161.240999    31.407    34397.8   -29185.1    12368.3    158.5    226.3    396.8 2021  4 16 18 38 25.040  1.78   1
     2659  55.229626 -162.097445    18.435   -20350.3    14287.9     -603.7    279.3    215.1    274.2 2021  4 16 19 46  4.080  0.63   1
     2664  54.625610 -160.764697    22.040    65072.0   -52954.0     3001.0    795.9    735.7    715.7 2021  4 17  0 33 29.140  1.66   1
     2665  54.884855 -160.892236    46.724    56700.6   -24093.6    27685.5    271.4    334.9    413.4 2021  4 17  1 13 18.740  1.82   1
     2674  54.577185 -162.883594    33.390   -71024.4   -58344.9    14350.7    451.0    370.8    930.8 2021  4 17  4 24 14.050  1.80   1
     2677  55.371818 -161.637793    14.587     8927.5    30117.4    -4451.8    273.4    491.1    337.5 2021  4 17  6 49 56.330  0.13   1
     2679  54.915914 -161.473177    23.404    19510.4   -20636.0     4365.5    321.9    244.2    248.9 2021  4 17  7 53 43.830  1.87   1
      268  55.107507 -161.891667    13.516    -7247.1      693.1    -5522.5    106.1    171.6    252.0 2021  1  9  2 39 24.400  1.28   1
     2683  54.578402 -161.413542    20.321    23423.5   -58209.5     1282.4    331.1    267.6   2075.1 2021  4 17  8  2 40.880  1.45   1
     2687  55.187573 -162.078255    10.210   -19137.4     9606.4    -8828.7    231.8    184.3    360.9 2021  4 17  8 43 26.010  1.55   1
     2688  55.358008 -161.971370    13.305   -12295.8    28580.0    -5734.2    202.4    304.5    171.3 2021  4 17  9 10 45.410  0.10   1
     2694  54.928451 -161.503809    22.946    17547.9   -19240.4     3907.2    215.9    201.8    132.3 2021  4 17  9 38  4.120  1.46   1
     2698  54.945553 -161.513346    23.814    16934.2   -17336.5     4775.5    303.1    199.8    200.9 2021  4 17  9 51 22.770  1.79   1
       27  54.971578 -162.935091     1.211   -73971.0   -14439.2   -17828.0    203.1    391.8    241.2 2021  1  2  0 27 55.440  2.41   1
     2701  55.353752 -161.819059     9.961    -2604.7    28106.1    -9078.3    387.9    303.2    302.7 2021  4 17  9 56 18.700  0.49   1
     2702  54.828271 -161.251839    30.296    33708.1   -30392.8    11257.0    192.6    258.1    467.1 2021  4 17 11 36 47.040  2.62   1
     2703  55.214034 -162.112256     5.849   -21298.4    12552.1   -13189.6    346.8    199.7    531.7 2021  4 17 11 37 15.470  2.45   1
     2707  54.681189 -160.668001    22.615    71231.9   -46766.7     3576.3    450.4    443.6    420.3 2021  4 17 16 10 16.630  2.11   1
     2708  54.471139 -163.120052     4.329   -86329.1   -70150.5   -14710.1    155.7    164.1    210.6 2021  4 17 16 11 43.130  1.25   1
     2712  54.844389 -161.396419    22.498    24443.0   -28598.5     3458.9    220.3    181.3    201.2 2021  4 17 17 39 28.560  0.95   1
     2713  55.164181 -161.959212     4.387   -11550.1     7002.2   -14652.0    225.9    303.6    255.3 2021  4 17 17 39 54.120  0.21   1
     2716  54.831083 -161.444889    27.703    21342.7   -30079.8     8664.4    333.4    277.1    908.3 2021  4 17 18 50 41.920  0.99   1
     2717  55.163696 -161.963949     4.419   -11852.3     6948.3   -14619.4    210.8    165.2    253.5 2021  4 17 18 51  7.560  0.49   1
     2720  55.618262 -161.919499    18.606    -8966.0    57552.6     -432.5    581.8    304.8    446.9 2021  4 17 22 13 42.680  0.09   1
     2721  54.600081 -161.289030    14.168    31414.6   -55796.0    -4870.4    171.9    177.3    177.0 2021  4 17 23  4  5.220  1.21   1
     2722  55.513871 -161.443066    16.735    21277.5    45931.4    -2304.3    341.8    459.6    600.1 2021  4 17 23  7 17.760  0.68   1
     2725  55.134884 -161.699398     4.744     5023.2     3740.7   -14295.3    313.5    258.4    478.1 2021  4 18  1  8 14.120  1.27   1
     2729  55.291923 -162.070508    31.310   -18619.1    21223.1    12271.5    302.2    219.3    215.8 2021  4 18  2 19 58.740 -0.05   1
      273  55.062537 -162.375456     2.667   -38147.4    -4313.3   -16371.8    385.5    371.0    501.7 2021  1  9  5 23 33.320  1.49   1
     2732  54.828158 -161.783040     0.462     -314.8   -30405.5   -18576.6    239.9    221.8    191.8 2021  4 18  4 29 48.710  0.54   1
     2734  55.486682 -161.830208    27.074    -3308.6    42904.6     8034.7    394.8    290.6    230.3 2021  4 18  7 30  6.020  0.36   1
     2735  55.475142 -161.821143    28.718    -2733.1    41619.9     9679.1    355.7    300.7    231.4 2021  4 18  7 34 34.780  0.49   1
     2736  55.465409 -161.982650    15.992   -12996.0    40536.4    -3046.8    339.8    362.6    386.1 2021  4 18  7 36  1.770  1.03   1
     2741  54.568774 -161.302881    13.178    30536.8   -59281.2    -5860.5    196.2    166.0    164.2 2021  4 18  9 38  6.980  2.18   1
     2744  55.027974 -161.488623    30.695    18496.4    -8160.9    11656.2    417.9    396.1    625.5 2021  4 18 10 21 16.440  1.61   1
     2746  54.835502 -161.376400    19.475    25727.8   -29587.8      436.6    267.4    240.5    215.0 2021  4 18 11 38 33.000  0.77   1
     2747  55.096631 -161.806022     3.672    -1780.8     -517.8   -15367.2    267.7    217.8    330.9 2021  4 18 11 38 58.560  0.19   1
     2748  54.575094 -162.319661    63.878   -34793.6   -58577.7    44839.0    170.2     79.9    162.7 2021  4 18 12  5 33.330  2.27   1
      275  55.396501 -161.843473    11.569    -4156.0    32865.2    -7469.7    400.9    284.6    152.7 2021  1  9  6 59 27.150  0.52   1
     2753  55.169515 -162.740951    30.259   -61407.1     7596.0    11220.1    345.6    425.3    635.3 2021  4 18 14 24 54.030  1.15   1
     2756  55.296326 -161.720329     8.980     3680.3    21713.2   -10058.9    304.7    298.2    336.0 2021  4 18 14 42  9.890  0.53   1
     2757  55.253276 -162.048893    16.761   -17251.0    16920.7    -2278.2    164.9    179.2    234.9 2021  4 18 14 42 27.120  0.03   1
     2758  55.426888 -161.768115     5.724      636.4    36248.0   -13315.3    420.2    369.3    337.1 2021  4 18 15  3 57.790 -0.51   1
     2760  54.846737 -161.478109    23.722    19211.4   -28337.2     4683.2    317.1    269.7    268.6 2021  4 18 15 39 10.190  0.76   1
     2764  54.617908 -161.677441    13.702     6465.5   -53811.5    -5336.6    274.8    203.8    238.4 2021  4 18 15 54 32.050  1.30   1
     2766  55.286943 -162.275146    33.291   -31652.6    20668.6    14251.8    681.8    531.1    672.3 2021  4 18 15 59 52.010  0.83   1
     2768  55.237976 -161.613672    14.195    10479.5    15217.5    -4843.6    204.3    164.4    293.8 2021  4 18 17 44 21.100  1.06   1
     2769  55.309094 -161.414551     2.456    23147.6    23134.7   -16583.0    138.9    214.8    206.1 2021  4 18 17 44 44.400  1.86   1
     2770  55.313070 -161.247445    16.327    33785.1    23577.2    -2711.7    325.3    453.7    447.9 2021  4 18 19  6  6.680  1.08   1
     2771  55.365238 -161.477718    21.013    19112.6    29384.9     1974.1    281.7    239.0    462.4 2021  4 18 19  6 33.260  1.36   1
     2782  55.401685 -162.348844     6.002   -36293.9    33442.3   -13036.5    390.8    553.9    585.1 2021  4 19  9 55 40.650  0.57   1
     2787  55.492944 -162.203304    23.917   -27007.6    43601.7     4877.7    476.8    408.7    490.8 2021  4 19 12  1 29.850  1.41   1
     2788  54.947510 -162.257340     3.714   -30648.0   -17118.6   -15324.5    164.2    137.0    259.4 2021  4 19 12  6  6.530  1.42   1
     2796  54.878064 -161.422217    29.482    22781.5   -24849.7    10442.9    247.4    211.6    505.9 2021  4 19 18 32 55.280  2.47   1
     2798  55.039836 -161.760710    32.437     1112.5    -6840.5    13398.1    389.5    386.1    477.8 2021  4 19 19 54  8.060  0.85   1
     2799  54.422778 -163.029818    19.465   -80572.1   -75534.2      426.0    473.0    377.1    386.5 2021  4 19 21 14  9.060  2.30   1
       28  54.435331 -161.346663    11.208    27769.1   -74136.7    -7830.7    470.8    369.9    348.4 2021  1  2  0 27 48.240  2.24   1
     2800  55.007048 -162.161882     3.388   -24524.8   -10490.6   -15651.1    283.1    189.8    292.0 2021  4 19 21 14 32.520  1.94   1
     2803  54.690068 -161.458171    11.347    20527.9   -45778.3    -7692.1    213.0    251.4    279.8 2021  4 20  1 28 25.890  1.69   1
     2805  54.922563 -161.031055    55.905    47793.3   -19895.8    36865.7    193.1    230.4    239.8 2021  4 20  1 51 26.920  2.47   1
     2806  55.278044 -161.650977     5.272     8098.3    19678.0   -13766.9    120.5    192.5    417.2 2021  4 20  6 49  1.970  0.19   1
      281  54.996273 -162.810384     3.341   -65977.6   -11690.1   -15698.3    201.5    309.2    351.9 2021  1  9  7 49 11.060  1.53   1
     2810  55.332214 -161.653939     5.948     7904.3    25708.5   -13090.9    166.5    102.0     68.3 2021  4 20 11  9 42.210  0.27   1
     2811  54.853455 -163.326693    13.529   -99153.4   -27589.3    -5509.7    608.9    993.0    911.8 2021  4 20 13 14  9.240  1.67   1
     2814  55.332300 -161.041992    33.489    46853.7    25718.0    14450.3    330.3    889.4    685.3 2021  4 20 19 58 23.520  2.55   1
     2816  55.171480 -161.182324    14.833    37998.0     7814.8    -4206.2    350.4    439.9    982.0 2021  4 20 22 13 20.260  1.19   1
     2821  54.465352 -161.724967     9.578     3420.0   -70794.6    -9460.9    253.2    186.0    217.2 2021  4 21 20 54 59.800  2.00   1
     2822  54.568319 -162.386898    20.648   -39116.8   -59331.9     1609.5    326.9    186.2    194.5 2021  4 21 22 14 14.160  1.69   1
     2826  55.314355 -161.767725     7.894      662.1    23720.4   -11144.4    249.9    221.9    271.7 2021  4 22 22 41 37.880  1.05   1
     2829  54.944189 -162.282601     5.316   -32264.8   -17488.2   -13722.6    176.5    138.5    175.9 2021  4 22 23 25 31.320  1.60   1
     2835  54.481567 -161.594059     7.065    11839.8   -68989.5   -11973.6    357.7    252.1    295.3 2021  4 23  2  3 39.890  1.50   1
      284  54.725806 -161.601921    10.602    11300.1   -41799.8    -8436.7    322.7    266.2    400.6 2021  1  9  7 54 29.300  1.46   1
     2841  54.980851 -162.292708     2.719   -32896.3   -13406.9   -16320.1    210.8    150.1    176.2 2021  4 23  7 50 18.880  1.59   1
     2844  54.933736 -162.225130     2.807   -28592.9   -18652.0   -16232.2    145.4    106.6    135.9 2021  4 23 11 41 11.670  1.04   1
     2845  54.580745 -161.264079    13.636    33025.1   -57948.5    -5403.3    168.0    149.2    147.6 2021  4 23 12 16 49.890  1.70   1
     2849  54.943807 -161.838770    15.820    -3878.7   -17530.8    -3219.2    525.4    237.0    483.2 2021  4 23 16 20 14.920  0.71   1
     2850  55.223295 -163.627930    22.926  -117897.7    13583.1     3886.7    367.5    864.9    407.0 2021  4 23 17 36  6.620  1.87   1
     2859  54.453918 -162.122331    55.153   -22148.2   -72067.5    36114.2    434.6    133.7    190.9 2021  4 24  0  7 27.070  1.88   1
     2868  54.582125 -162.668555    15.396   -57205.0   -57795.0    -3642.4    231.1    150.6    420.0 2021  4 25  0  1 39.480  2.02   1
     2870  54.703503 -161.482650    54.769    18954.2   -44282.6    35730.2    292.8    201.9    280.3 2021  4 25  1 44 56.490  2.18   1
     2874  55.365902 -162.285156    34.348   -32258.2    29458.7    15309.2    382.0    485.8    248.4 2021  4 25  7 59 53.270  1.04   1
     2876  55.315243 -161.724870     9.995     3390.3    23819.1    -9043.9    253.4    246.2    276.8 2021  4 25 11 37 11.460  0.45   1
     2878  54.442224 -162.181331    10.422   -25948.4   -73369.4    -8617.4    508.8    290.6    438.0 2021  4 25 16 49  8.660  1.86   1
     2879  55.369132 -162.010156    48.905   -14761.6    29818.4    29866.5    416.7    386.9    228.1 2021  4 25 18 17 42.720  1.49   1
     2881  55.386137 -161.826823    16.115    -3097.5    31711.4    -2924.1    476.7    309.1    129.2 2021  4 25 21  1 23.480 -0.14   1
     2882  55.485421 -161.679606    27.494     6258.6    42764.2     8454.7    286.2    340.5    263.3 2021  4 25 21  3 29.240  1.13   1
     2884  54.955135 -161.910824    30.616    -8485.9   -16269.7    11577.2    461.1    528.8    718.7 2021  4 25 22 39 21.540  2.01   1
     2886  54.587826 -161.189242    12.146    37829.7   -57160.4    -6892.5    224.4    199.6    172.3 2021  4 26  8 18  4.140  1.60   1
     2889  54.976485 -161.517660    32.331    16651.9   -13892.9    13292.4    343.8    323.3    407.1 2021  4 26 13  9 48.920  1.45   1
     2898  55.362109 -161.831673     6.946    -3407.0    29036.6   -12093.2    440.8    442.4    233.9 2021  4 26 18 16 45.720  1.18   1
      290  54.623279 -161.413200     7.814    23432.5   -53213.5   -11224.6    338.4    319.0    559.3 2021  1  9  9  8 15.120  1.95   1
     2902  55.460111 -161.440527    15.880    21453.2    39946.6    -3158.5    275.9    311.9    492.3 2021  4 27  2 33  7.710  1.55   1
     2904  55.159705 -161.566471     2.348    13500.5     6503.9   -16691.1    306.6    281.9    225.8 2021  4 27  4 51 55.710  2.75   1
     2913  55.371729 -161.911247     6.336    -8468.8    30107.4   -12703.2    287.0    172.3    344.2 2021  4 27 13 14 41.590 -0.12   1
     2917  55.373726 -161.980941     9.454   -12902.2    30329.8    -9585.2    602.3    418.6    662.6 2021  4 27 17 28 10.480  1.79   1
     2919  55.133789 -161.900326     8.930    -7797.2     3618.9   -10109.0    328.1    229.7    351.9 2021  4 27 19 30  8.380  1.12   1
     2925  55.108911 -161.969173     3.667   -12193.9      849.3   -15372.1    405.5    272.9    511.4 2021  4 27 23 34 13.340 -0.16   1
     2930  54.840999 -160.981706    46.967    51001.9   -28975.9    27927.7    167.3    185.7    245.8 2021  4 28  4 31 26.400  2.81   1
     2934  54.638314 -162.933285    65.840   -74161.0   -51539.8    46801.2    464.4    452.4    432.0 2021  4 28 10 22 59.470  1.63   1
     2938  55.135075 -162.579004    24.500   -51100.4     3762.0     5461.4    268.3    230.6    205.0 2021  4 29  0 13 20.440  1.43   1
     2939  55.171309 -161.886426    14.070    -6907.1     7795.8    -4968.5    372.9    462.0    562.8 2021  4 29  1 20 18.050  0.17   1
      294  54.572196 -161.651139    41.164     8159.1   -58900.3    22124.8    340.8    217.3    372.7 2021  1  9 10 26 48.490  1.54   1
     2940  55.217631 -162.139583    11.447   -23039.2    12952.5    -7591.9    240.9    232.1    355.4 2021  4 29  1 20 37.810  0.42   1
     2941  55.239693 -160.868359    76.250    57972.2    15408.6    57211.0    288.7    739.3    292.0 2021  4 29  3 54 27.220  1.36   1
     2956  55.421244 -161.834342    13.549    -3574.2    35619.7    -5489.5    396.7    400.0    216.0 2021  4 29 15 32 37.280 -0.03   1
     2957  54.781592 -162.760303    30.097   -62944.0   -35589.4    11058.5    321.0    341.1    542.5 2021  4 29 16 48  0.860  1.42   1
     2960  55.228967 -161.780550     6.023     -154.6    14214.6   -13015.5    270.6    278.4    459.8 2021  4 29 17 56  1.200  0.36   1
     2970  55.430265 -161.692806     4.111     5423.8    36624.0   -14927.4    245.5    293.1    712.5 2021  4 30  8 27 27.920 -0.46   1
     2978  55.185685 -161.935742    28.834   -10050.5     9396.2     9794.6    285.8    314.6    315.4 2021  4 30 14 16 28.880  0.33   1
     2980  55.378666 -161.272412    38.553    32169.2    30879.7    19514.4    277.3    555.1    411.8 2021  4 30 14 18 16.780  1.95   1
     2984  54.663505 -163.093831    36.339   -84441.8   -48735.4    17300.4    352.4    304.9    612.0 2021  4 30 15 17 24.990  1.43   1
     2987  55.164299 -162.219206     0.350   -28133.1     7015.3   -18688.7    194.1    249.7    226.1 2021  4 30 17 52 40.100  1.39   1
     2989  54.993506 -163.005273    10.279   -78436.7   -11998.1    -8759.7    216.3    483.2    554.2 2021  4 30 18 21 47.520  1.66   1
     2991  55.040979 -162.866325    16.722   -69514.4    -6713.2    -2317.1    167.8    325.7    616.9 2021  4 30 18 24 22.800  1.27   1
     2992  55.062492 -162.844971     9.496   -68132.0    -4318.3    -9543.0    176.8    324.1    511.4 2021  4 30 18 25 56.400  0.99   1
     2994  55.061641 -162.867611     3.138   -69578.6    -4412.9   -15901.2    177.7    346.9    276.9 2021  4 30 18 46 13.280  1.04   1
     2995  55.064913 -162.820361    15.757   -66558.4    -4048.7    -3282.1    202.0    363.4    682.5 2021  4 30 19 41 19.340  0.97   1
     2997  54.568205 -161.486735    10.406    18723.4   -59344.6    -8632.8    352.2    280.1    297.9 2021  4 30 19 47 23.480  2.30   1
     2999  54.580086 -161.347217    10.285    27684.1   -58021.9    -8754.4    201.1    175.7    199.7 2021  4 30 20 24 54.900  1.41   1
       30  55.310929 -160.996598    81.535    49756.2    23339.0    62496.4    397.8    640.2    355.6 2021  1  2  2 46 14.660  2.23   1
     3001  54.884111 -161.791064     3.198     -828.2   -24176.5   -15840.8    301.5    266.4    323.7 2021  4 30 23 15 36.040  1.28   1
     3004  54.543453 -161.849040    10.997    -4558.0   -62100.1    -8042.3    260.2    176.6    273.1 2021  5  1  0 22 15.070  1.77   1
      301  54.577950 -161.319482    29.719    29466.7   -58259.7    10680.4    223.5    113.6    414.5 2021  1  9 13 44 32.670  1.66   1
     3010  54.595776 -161.248714    13.176    34005.9   -56275.2    -5862.9    219.5    191.8    190.3 2021  5  1  4 34 58.080  1.28   1
     3013  55.442936 -161.530143    50.544    15761.8    38034.6    31505.0    374.7    608.3    285.3 2021  5  1  5 13 57.120  0.04   1
     3016  54.408321 -161.560758    13.895    13994.5   -77143.6    -5144.0    315.3    233.4    266.5 2021  5  1  9 51 49.220  1.41   1
     3017  55.289856 -161.780827     6.338     -172.1    20993.0   -12701.0    311.4    221.9    418.9 2021  5  1  9 52 16.570 -0.50   1
     3020  55.112150 -161.969157    24.677   -12192.3     1209.9     5638.4    396.4    499.8    375.2 2021  5  1 14 58 27.520  1.06   1
     3029  54.771497 -161.344059    10.683    27821.1   -36713.2    -8355.8    369.9    258.9    373.3 2021  5  3  0 16 57.450  2.52   1
     3030  54.816618 -163.140560    15.591   -87275.3   -31690.1    -3448.4    409.2    550.2    566.7 2021  5  3  0 29  5.010  3.29   1
     3031  55.083049 -161.672591     0.675     6738.0    -2029.8   -18363.9    222.5    188.3    185.5 2021  5  3  0 29 12.560  2.73   1
     3038  55.332068 -161.719694     4.635     3719.1    25692.2   -14404.4     89.3    116.9    170.3 2021  5  3  6 15 28.920  0.11   1
     3039  54.569291 -161.287663    13.663    31514.4   -59223.7    -5375.6    189.0    169.9    156.9 2021  5  3  7 32 15.350  2.33   1
     3042  54.804297 -163.070492    11.969   -82799.5   -33061.8    -7070.1    285.7    393.1    368.8 2021  5  3 10 47 58.940  1.54   1
     3043  54.564795 -161.287386    14.502    31533.9   -59724.2    -4536.6    247.5    178.6    187.2 2021  5  3 12  8  1.040  2.22   1
     3044  54.556759 -161.213656    10.871    36275.3   -60618.9    -8167.5    226.4    186.0    205.1 2021  5  3 14 10  9.320  1.27   1
     3048  54.979549 -160.718441    10.793    67744.5   -13551.8    -8246.2    250.7    350.4    325.7 2021  5  3 17 17 41.600  1.74   1
     3049  55.437858 -161.875016    29.852    -6158.8    37469.3    10813.3    400.9    296.5    188.4 2021  5  3 19  0 24.080  1.37   1
     3050  55.439925 -161.948714    45.422   -10843.1    37699.4    26383.2    431.8    478.9    154.1 2021  5  3 19  1 20.960  1.40   1
     3051  55.170475 -161.641227     2.406     8731.0     7702.9   -16632.5    249.0     83.6    105.5 2021  5  3 20 47 30.280  0.26   1
     3061  54.869010 -162.445898    34.186   -42748.7   -25857.5    15146.9    500.2    425.2    814.2 2021  5  4 17  0 59.100  1.98   1
     3064  55.552189 -161.016683    71.798    48331.2    50197.1    52759.2    355.5    479.4    354.2 2021  5  5  1 10 23.910  1.48   1
     3066  55.261015 -161.765088    12.710      830.5    17782.2    -6328.6    373.9    237.6    245.2 2021  5  5  2 30  8.400 -0.31   1
     3070  55.280998 -162.732829     0.205   -60804.4    20006.8   -18833.8    310.2    486.9    286.8 2021  5  5  6  0 40.100  1.28   1
     3071  55.379297 -161.781283    11.035     -200.9    30950.0    -8004.3    222.5    320.2    139.8 2021  5  5  7 39 24.230  0.16   1
     3072  55.401457 -161.944987    18.276   -10611.3    33416.9     -763.0    462.1    511.9    247.1 2021  5  5  7 52 10.560  0.36   1
     3076  54.675187 -162.377132    91.773   -38438.6   -47434.8    72734.4    577.6    371.4    260.2 2021  5  5 10 51 28.230  1.51   1
     3083  55.024642 -161.402588    30.601    23994.2    -8531.9    11562.1    237.9    243.5    393.0 2021  5  5 14 20  5.560  1.53   1
     3085  55.443852 -161.852734    25.107    -4742.1    38136.5     6068.4    385.3    261.0    215.4 2021  5  5 21 40 49.700  0.72   1
     3086  54.681759 -163.427653     7.380  -105842.5   -46703.3   -11658.6    363.3    465.0    542.5 2021  5  6  0 19 46.950  3.99   1
     3093  55.180168 -161.498551     3.962    17828.3     8782.0   -15076.5    257.4    246.5    474.9 2021  5  6 11 47  0.510  0.75   1
      310  55.121916 -161.559001     5.001    13983.6     2297.1   -14037.7    231.5    207.3    277.9 2021  1 10 12 29 35.240  1.16   1
     3104  55.135437 -162.101465    13.867   -20630.7     3802.3    -5171.5    316.0    284.2    436.5 2021  5  7 23 46  7.960  2.09   1
     3105  54.615112 -161.413965    12.270    23385.7   -54122.7    -6768.8    213.5    148.3    210.8 2021  5  8  0 30 58.160  1.79   1
     3106  55.140922 -161.872347    29.221    -6011.4     4412.9    10182.0    845.7    351.5    387.9 2021  5  8  1 54 59.140  0.44   1
      311  55.376530 -162.044580    23.141   -16950.1    30641.9     4101.9    405.3     94.6    349.9 2021  1 10 13 18 31.500  1.79   1
     3110  54.993852 -162.304264     2.053   -33629.6   -11959.6   -16985.8    188.8    166.1    178.4 2021  5  8  3 47 49.380  1.03   1
     3112  55.390108 -161.726204    11.110     3302.3    32153.5    -7929.2    208.6    169.4    161.5 2021  5  8  5 35 44.500  0.22   1
     3115  54.975309 -162.245443     6.309   -29876.7   -14023.8   -12729.4    196.4    182.0    183.1 2021  5  8 10 33  2.210  0.93   1
     3119  54.677242 -161.073877    37.574    45190.8   -47206.1    18534.6    175.7    242.7    343.9 2021  5  8 13 32 36.600  2.38   1
     3120  55.138757 -161.763981    29.361      902.4     4172.0    10322.2    450.1    221.3    318.7 2021  5  8 14  0 38.870  0.27   1
     3123  55.351111 -161.486361    18.940    18566.0    27812.1      -98.7    203.9    391.4    262.1 2021  5  8 16 35  3.420  0.54   1
     3128  54.597965 -161.345426    12.139    27793.0   -56031.5    -6900.1    202.7    131.1    180.3 2021  5  8 18 23  7.920  1.43   1
     3134  55.124479 -162.118115    16.604   -21696.1     2582.4    -2435.2    540.3    380.1    613.5 2021  5  8 20 15 15.520 -0.28   1
     3137  54.429582 -162.431657    11.037   -42064.7   -74776.8    -8002.1    473.4    249.5    391.4 2021  5  9  0 53 53.290  1.77   1
     3139  55.131535 -161.798730    12.952    -1314.8     3367.9    -6087.1    286.8    179.5    228.0 2021  5  9  0 58 55.390  0.82   1
     3149  54.809701 -163.124837    13.898   -86275.6   -32460.2    -5139.5    363.4    443.0    459.8 2021  5  9 12 17  3.300  2.34   1
     3154  55.327218 -161.897331     7.239    -7587.7    25152.2   -11799.9    184.2    225.1    150.9 2021  5  9 19 44 24.440  1.27   1
     3155  55.060010 -160.981006    30.228    50908.1    -4594.6    11189.2    275.4    429.4    643.7 2021  5  9 19 47 35.440  1.76   1
     3158  55.104154 -162.025358     2.929   -15780.9      319.8   -16109.9    339.4    307.2    616.2 2021  5 10  2 57  8.620  0.94   1
     3161  54.552799 -163.323649    13.741   -99327.0   -61059.6    -5298.3    264.2    286.1    257.4 2021  5 10  5 45 34.060  1.54   1
     3165  55.085958 -161.498405    24.702    17858.6    -1705.9     5663.5    297.5    324.7    573.0 2021  5 10  6 34 15.890  2.61   1
     3168  55.528666 -161.849007    40.128    -4500.4    47578.4    21089.2    423.7    414.9    279.7 2021  5 10  7  5  2.250  1.23   1
     3171  55.383651 -161.799951     2.358    -1388.3    31434.6   -16680.7    169.1    120.2    127.5 2021  5 10  8  7  6.060 -0.23   1
     3175  54.983805 -162.313558     2.057   -34227.9   -13078.0   -16981.5    253.9    247.5    261.1 2021  5 10 14 10 13.080  1.14   1
     3176  55.306327 -161.248779    17.251    33703.0    22826.6    -1788.3    213.4    394.2    446.9 2021  5 10 14 30 39.120  0.50   1
     3177  55.392786 -162.174870    17.255   -25233.1    32451.6    -1783.4    544.5    747.6    655.2 2021  5 10 14 34 29.320  0.71   1
     3180  55.083232 -162.081445     4.182   -19366.0    -2009.4   -14857.1    173.1    214.8    300.7 2021  5 10 17 49 27.920  1.03   1
     3181  55.394661 -161.853776     4.388    -4811.3    32660.4   -14651.4    213.9    165.5    220.3 2021  5 10 18  4  7.440  0.78   1
     3182  55.316056 -161.784782    18.928     -423.8    23909.7     -110.7    206.8    296.1    206.0 2021  5 10 18 20  4.920  0.12   1
     3187  54.824552 -160.708854    24.544    68489.0   -30806.8     5505.1    454.3    533.6    458.0 2021  5 10 22  4 29.520  1.65   1
     3190  55.106340 -161.860189     8.373    -5238.0      563.1   -10665.9    246.1    186.3    244.4 2021  5 11  1 42  9.340  0.62   1
     3191  55.067651 -161.745687    18.141     2071.5    -3743.9     -898.1    260.6    194.1    251.4 2021  5 11  1 42 21.840  1.10   1
     3192  55.324394 -161.688607    15.057     5698.3    24837.9    -3981.8    171.9    178.9    147.6 2021  5 11  2  4  7.660  0.15   1
     3193  55.000203 -161.697738    45.872     5137.8   -11252.5    26833.1    708.6    366.4    401.7 2021  5 11  2 16 12.760  0.54   1
     3195  55.494552 -161.857178    47.282    -5021.4    43780.6    28242.8    525.7    417.0    223.3 2021  5 11  3 44 41.820  1.06   1
     3196  55.515751 -161.741195    39.301     2345.2    46140.7    20262.0    527.0    594.5    314.5 2021  5 11  3 46 30.060  0.56   1
     3198  54.377189 -161.647428    12.326     8417.7   -80609.4    -6713.3    402.2    287.8    305.1 2021  5 11  4  0 11.320  1.21   1
     3199  55.247961 -161.451758    19.756    20794.7    16329.1      716.9    243.6    279.7    313.7 2021  5 11  4 33  3.500  0.72   1
       32  55.260795 -161.476025    16.076    19245.4    17757.8    -2962.5    314.8    448.6    612.2 2021  1  2  3  5 38.810  1.53   1
     3200  55.369421 -162.236149    10.356   -29139.0    29850.6    -8682.4    289.8    387.5    556.3 2021  5 11  7 17 23.230  0.14   1
     3202  54.521008 -161.677393    10.082     6476.4   -64598.8    -8956.8    195.6    152.7    191.4 2021  5 11  9 51 59.940  1.90   1
     3208  55.421236 -161.778809    37.830      -43.5    35618.8    18790.8    271.6    253.8    193.8 2021  5 11 12 39  0.420  0.65   1
     3209  55.321566 -161.822217    25.028    -2806.8    24523.1     5988.7    563.6    316.3    214.0 2021  5 11 12 49 18.580  0.89   1
     3212  55.398275 -161.829932     4.935    -3294.7    33062.7   -14104.3    259.0    238.6    255.9 2021  5 11 14 50 41.960  0.77   1
     3216  55.388261 -161.813542     2.679    -2252.6    31947.9   -16359.5    241.9    246.5    197.0 2021  5 11 15 18 43.040  0.70   1
     3218  54.757349 -161.382992    14.014    25330.2   -38288.2    -5024.8    333.6    308.0    386.5 2021  5 11 15 33 38.600  1.92   1
     3222  55.263460 -161.747445    48.323     1954.4    18054.5    29283.9    382.3    444.4    232.1 2021  5 11 17  7 35.040  0.90   1
     3223  55.397103 -161.825374     4.013    -3004.9    32932.2   -15025.4    143.8    181.8    338.3 2021  5 11 17 24 39.720  0.74   1
     3224  55.377637 -161.586344     9.465    12199.6    30765.1    -9573.9    141.5    198.0    161.6 2021  5 11 17 33 53.920  0.46   1
     3225  55.316390 -161.821436    26.880    -2757.2    23946.9     7840.8    482.2    353.2    283.1 2021  5 11 19 19 52.580  0.65   1
     3227  55.416675 -161.666195    23.452     7116.7    35111.0     4413.3    300.9    278.1    250.6 2021  5 11 20  6 28.800  0.82   1
     3228  55.298169 -161.923324    23.395    -9245.6    21918.4     4356.1    373.7    265.0    186.7 2021  5 11 20 10 20.580  0.77   1
     3231  54.941418 -162.926807    27.932   -73468.8   -17796.7     8893.3    281.4    621.8   1420.8 2021  5 11 20 35 41.680  1.25   1
     3234  55.256217 -162.246208     2.923   -29821.1    17248.2   -16115.6    248.9    191.0    220.1 2021  5 11 21 13 16.960  0.34   1
     3236  55.371753 -161.742546    16.131     2263.5    30110.1    -2908.0    202.2    314.1    228.9 2021  5 11 21 49 12.680  0.54   1
     3237  55.246720 -161.932015    19.544    -9805.3    16190.9      505.1    447.2    336.9    342.3 2021  5 11 22 58 11.580 -0.03   1
     3238  54.845422 -161.219157    13.973    35793.8   -28483.5    -5065.3    277.0    285.4    359.4 2021  5 11 23  8 26.820  1.33   1
     3241  55.040796 -162.170719     7.616   -25079.1    -6733.6   -11422.5    210.4    192.1    290.3 2021  5 11 23 16 52.840  0.54   1
     3244  55.132072 -162.020361    16.738   -15456.6     3427.7    -2301.0    453.3    216.9    416.6 2021  5 12  0 42  3.970  0.12   1
     3245  55.516052 -161.940039    36.752   -10281.9    46174.2    17713.5    340.1    286.5    192.8 2021  5 12  0 51  5.140  0.59   1
     3247  55.227563 -161.122526     0.664    41782.5    14058.3   -18374.8    288.3    287.0    266.5 2021  5 12  1 48 40.180  1.08   1
     3249  54.926461 -162.211149     1.640   -27701.0   -19461.9   -17399.1    138.5    169.2    201.0 2021  5 12  2  4 41.620  1.76   1
      325  54.952389 -162.252441     2.868   -30332.8   -16575.5   -16170.5    145.8    131.1    155.5 2021  1 11  7 19 29.290  3.14   1
     3250  55.390833 -160.845898    11.410    59291.3    32234.2    -7628.4    580.0   1008.0    608.6 2021  5 12  2 29 55.990  1.30   1
     3252  54.721680 -162.698145    16.862   -59004.2   -42259.1    -2176.7    248.7    212.7    269.0 2021  5 12  3  0 24.840  1.28   1
     3253  54.683341 -162.108643    61.565   -21207.4   -46527.1    42526.4    282.0    194.2    192.1 2021  5 12  3 14 42.670  1.05   1
     3254  54.879342 -161.986296    16.683   -13324.7   -24707.4    -2355.5    657.2    256.4    989.8 2021  5 12  3 14 58.140  0.75   1
     3255  55.299451 -161.545085    22.874    14838.7    22061.1     3835.2    156.9    230.9    156.7 2021  5 12  3 26 33.780  0.74   1
     3256  55.362895 -161.948893    14.782   -10865.0    29124.0    -4256.8    316.0    342.6    255.5 2021  5 12  4 44 40.130  0.35   1
     3257  55.501453 -161.720443    32.364     3663.6    44548.9    13324.9    470.6    514.7    364.9 2021  5 12  5  0 14.020  0.61   1
     3258  55.466817 -161.884538    33.688    -6761.6    40693.1    14649.2    386.5    260.8    188.4 2021  5 12  5 19  1.450  0.44   1
     3259  55.403914 -161.877962    21.118    -6348.8    33690.5     2078.8    254.7    279.2    248.6 2021  5 12  5 34 24.370  0.82   1
     3260  55.287911 -161.898372    15.847    -7657.8    20776.4    -3191.9    297.0    247.6    364.4 2021  5 12  6 28  3.200  0.49   1
     3264  55.337492 -162.198112    20.968   -26729.8    26296.0     1929.5    493.9    310.8    458.6 2021  5 12  8 56 40.830  1.25   1
     3268  55.015495 -162.211523     3.966   -27694.3    -9550.2   -15073.0    177.2    123.1    414.8 2021  5 12  9 38 20.500  0.16   1
     3270  55.411491 -161.819417     4.515    -2625.6    34533.9   -14523.8    164.0    259.1    162.2 2021  5 12 10 22 12.890  0.15   1
     3271  55.290531 -161.717155    18.206     3882.7    21068.2     -833.0    295.9    231.5    211.2 2021  5 12 10 32 30.660  0.51   1
     3274  54.800077 -161.428662    15.712    22390.6   -33531.5    -3326.5    238.0    270.3    848.7 2021  5 12 12 14 21.540  0.72   1
     3277  55.457524 -161.847396    28.876    -4402.1    39658.5     9836.8    209.8    237.4    173.8 2021  5 12 12 45 11.040  0.22   1
      328  54.976742 -162.231283     0.491   -28970.9   -13864.4   -18548.1    155.9    163.6    150.3 2021  1 11  8  0 31.130  1.70   1
     3280  55.417257 -161.674089    11.924     6614.7    35175.8    -7115.0    235.2    273.0    322.5 2021  5 12 15  8 54.990  0.57   1
     3281  55.302275 -161.772673    25.610      347.2    22375.5     6571.4    494.4    342.9    379.5 2021  5 12 15 26  1.360  0.37   1
     3282  55.466402 -161.749333    36.554     1829.5    40646.9    17514.8    538.9    456.8    213.5 2021  5 12 15 37 14.680  0.67   1
     3283  55.012044 -162.046745     4.169   -17165.7    -9934.3   -14870.1    180.5    175.9    463.3 2021  5 12 15 38 58.440  0.10   1
     3286  54.511995 -161.900944    12.574    -7897.2   -65602.1    -6464.9    248.9    142.5    194.0 2021  5 12 17  2 25.680  0.89   1
     3288  54.862626 -161.372510    27.153    25968.2   -26568.3     8114.2    355.7    414.8    833.9 2021  5 12 17 54  0.760  3.07   1
     3290  55.142790 -161.688477    35.307     5719.5     4620.9    16268.6    476.8    293.1    327.2 2021  5 12 18 14 52.840  0.88   1
     3291  55.123466 -162.692122    67.869   -58326.4     2469.7    48830.4    777.8    943.4    657.4 2021  5 12 18 31 53.080  1.61   1
     3292  55.379972 -161.628792    13.779     9499.1    31025.1    -5260.0    184.9    278.3    163.3 2021  5 12 20 26 39.740  0.08   1
     3294  55.261178 -162.087240    16.712   -19692.2    17800.4    -2327.3    372.3    404.6    395.6 2021  5 12 20 51 16.740  0.24   1
     3299  55.134981 -163.479883    12.226  -108581.4     3751.6    -6813.1    323.7   1004.4    403.4 2021  5 12 22  3 26.840  1.66   1
     3300  54.922839 -162.175326     0.523   -25410.5   -19865.0   -18516.4     79.3    100.4     96.3 2021  5 12 22  6 14.320  0.99   1
     3303  54.640393 -161.207487    11.981    36633.9   -51308.3    -7057.9    166.2    208.7    205.4 2021  5 12 22 24 52.560  1.50   1
     3305  54.510531 -161.057080     8.791    46363.9   -65765.2   -10248.3    309.8    329.7    328.7 2021  5 12 23 25  2.320  1.44   1
     3308  55.441740 -161.846989     6.582    -4377.1    37901.4   -12457.4    387.7    258.9    424.7 2021  5 13  1 58 12.670  0.21   1
     3309  55.428817 -161.795378    34.389    -1096.8    36462.7    15350.3    533.4    554.5    162.3 2021  5 13  2  8 52.030  0.51   1
     3310  55.481335 -161.626497    15.165     9632.9    42309.4    -3874.2    330.2    420.2    401.9 2021  5 13  2 15 33.690  0.18   1
     3313  55.140035 -161.269108    15.366    32476.0     4314.2    -3672.5    225.5    247.3    619.6 2021  5 13  3 22 33.670  1.57   1
     3314  55.329806 -161.476009    33.591    19229.8    25440.3    14552.3    465.0    722.6    528.9 2021  5 13  4 20 45.120  0.17   1
     3315  54.549666 -161.403662    12.786    24066.7   -61408.4    -6253.2    311.2    278.6    274.4 2021  5 13  5 26 45.070  1.41   1
     3319  55.313627 -161.524235    31.102    16163.5    23639.3    12063.1    236.5    269.1    226.8 2021  5 13  6 19 37.930  0.69   1
      332  54.924959 -162.236914     2.948   -29349.8   -19629.0   -16090.7    108.9     90.4     97.3 2021  1 11 10 45 20.480  2.42   1
     3320  55.273910 -161.629150    16.274     9488.9    19217.7    -2764.4    196.3    364.9    463.6 2021  5 13  6 40 30.780  0.51   1
     3321  54.885242 -162.206592     2.232   -27423.5   -24050.6   -16807.3    212.0    146.7    175.8 2021  5 13  8 10 31.210  1.60   1
     3325  55.127681 -161.752865    17.157     1611.9     2938.9    -1882.2    231.3    156.2    216.5 2021  5 13  8 54 22.430  1.28   1
     3326  54.939392 -162.196989     3.598   -26790.9   -18022.3   -15440.4    201.9    173.0    291.9 2021  5 13  9 29 58.230  1.37   1
     3328  54.543888 -162.778711    58.293   -64312.3   -62051.7    39254.1    238.8    179.1    186.5 2021  5 13 11 39  7.700  1.89   1
     3330  54.726099 -161.196696    42.639    37287.1   -41767.1    23600.0    251.1    209.1    230.7 2021  5 13 11 47 14.140  1.50   1
     3335  55.132369 -162.353158    25.032   -36691.4     3460.8     5993.3    554.3    712.8    300.4 2021  5 13 15  1 18.740  1.47   1
     3336  54.695439 -161.797559    14.019    -1246.8   -45180.4    -5019.4    279.2    189.9    272.8 2021  5 13 15 18 35.310  2.37   1
     3337  55.333049 -161.656071     5.161     7768.5    25801.4   -13877.7    135.7    191.5    250.7 2021  5 13 15 26 31.400  0.49   1
     3342  55.246281 -161.505957    20.320    17341.7    16142.0     1280.8    195.0    277.0    356.1 2021  5 14  2  7 49.070  2.28   1
     3346  55.194934 -160.735856    12.478    66452.7    10425.8    -6561.2    207.2    640.6    215.8 2021  5 14 10 49 45.710  1.81   1
     3347  55.261922 -161.576758    21.829    12828.0    17883.3     2789.9    442.5    404.0    405.6 2021  5 14 10 51  9.260  0.95   1
     3348  55.374349 -161.765592    16.448      797.3    30399.1    -2590.7    270.7    161.9    125.3 2021  5 14 12 16 20.190  0.92   1
     3351  55.344967 -161.436637    22.090    21731.7    27128.1     3050.9    215.5    438.4    247.0 2021  5 14 14 15 57.820  0.62   1
     3352  55.346370 -161.740934    17.370     2366.7    27284.4    -1669.3    174.1    297.3    132.4 2021  5 14 16 42 13.530  1.06   1
     3353  55.289376 -161.387858    24.454    24853.2    20939.5     5415.4    172.2    348.6    322.3 2021  5 14 19 17 24.040  0.57   1
     3356  54.509277 -162.164258    81.439   -24829.1   -65904.7    62400.0    761.9    238.7    229.6 2021  5 14 22 27 18.280  2.10   1
     3357  55.389006 -161.464486     5.560    19948.5    32030.8   -13478.5    134.6    258.5    209.2 2021  5 14 23 36 11.160  0.67   1
     3358  55.238383 -161.363525     0.777    26419.6    15262.8   -18261.7    287.4    278.3    204.1 2021  5 15  0  2 15.010  0.39   1
     3362  55.283643 -161.456478    23.555    20484.8    20301.3     4515.6    186.7    238.7    172.4 2021  5 15  2  1 56.340  0.65   1
     3364  55.347229 -161.919938    12.227    -9024.5    27380.0    -6812.0    582.2    448.2    298.1 2021  5 15  3 42 48.060  2.29   1
     3365  55.163391 -161.441553    15.910    21467.5     6914.3    -3129.2    259.5    299.5    485.7 2021  5 15  3 42 54.980  1.04   1
     3367  55.384570 -161.019401    42.163    48260.0    31537.0    23124.0    226.5    341.9    338.4 2021  5 15  5 57 21.500  1.71   1
     3370  54.843750 -161.363770    26.541    26534.0   -28669.6     7501.6    233.6    245.4   2437.5 2021  5 15  6 37 34.780  1.89   1
     3372  55.589278 -161.588102    50.936    12055.7    54326.1    31896.9    693.0    469.6    438.3 2021  5 15  7 15 16.310  1.83   1
     3373  55.241610 -162.238688     6.823   -29347.4    15622.0   -12215.7    285.9    128.0    815.8 2021  5 15  7 15 26.030  1.43   1
     3374  54.913257 -161.406657    16.977    23767.1   -20931.8    -2062.1    289.2    318.1    331.2 2021  5 15 10 36 20.720  1.66   1
     3375  54.985555 -161.654899    12.965     7877.1   -12883.2    -6074.1    188.9    312.1    564.4 2021  5 15 10 36 34.920  1.52   1
     3380  55.636605 -161.556657    12.853    14042.4    59594.7    -6185.9    590.8    448.2    553.8 2021  5 15 13 13 25.240  1.89   1
     3382  55.449410 -161.754297    33.916     1514.4    38755.3    14877.0    569.2    530.3    256.6 2021  5 15 13 35 13.120  1.00   1
     3383  54.989319 -162.345866     3.286   -36290.7   -12464.2   -15752.8    199.6    190.5    150.3 2021  5 15 14 52 23.320  0.87   1
     3384  55.151302 -161.464876    30.796    19982.9     5568.5    11757.5    362.9    350.6    600.9 2021  5 15 15 36 52.700  0.89   1
     3385  55.482515 -161.767171    31.869      695.9    42440.7    12830.0    401.8    440.2    264.1 2021  5 15 15 47 36.730  0.98   1
     3388  55.158687 -161.924202    38.704    -9317.8     6390.7    19665.4    325.5    458.8    405.1 2021  5 15 20 18 33.180  1.01   1
     3393  54.985278 -161.550309    27.090    14563.0   -12914.0     8050.8    315.6    278.0    412.1 2021  5 16  0 53  7.740  0.93   1
     3396  55.176465 -162.055794    18.016   -17707.6     8369.7    -1022.9    405.3    282.0    429.0 2021  5 16  1  9  5.960  0.90   1
     3397  55.178475 -160.743978    29.944    65948.4     8593.5    10905.1    240.8    613.4   1051.0 2021  5 16  1 33 35.780  1.52   1
     3398  55.165230 -162.005908    15.682   -14528.3     7119.1    -3356.9    405.1    223.3    369.1 2021  5 16  2 20  2.990  0.38   1
     3400  55.398722 -161.376644    16.888    25532.4    33112.5    -2150.8    191.8    366.3    341.5 2021  5 16  4 52 24.950  0.68   1
     3405  54.530131 -161.061198    10.127    46088.0   -63583.2    -8912.0    170.3    241.1    247.6 2021  5 16  8 39 48.910  1.29   1
     3406  55.281384 -161.492301    25.393    18203.8    20049.9     6353.9    235.8    270.5    318.4 2021  5 16 13 25 13.300  0.24   1
     3407  54.970483 -162.250146     3.515   -30179.2   -14561.1   -15524.0    117.9    139.0    159.7 2021  5 16 13 30  7.200  0.56   1
     3408  55.448600 -161.845166    30.912    -4260.8    38665.1    11873.2    298.7    232.1    139.2 2021  5 16 13 53 43.390  0.82   1
     3409  55.384159 -161.718669    44.471     3781.9    31491.3    25432.5    391.4    485.3    240.4 2021  5 16 14 13  7.700  0.88   1
     3410  54.336344 -162.005843    10.629   -14673.9   -85156.4    -8409.5    585.6    300.2    335.2 2021  5 16 14 18 29.620  1.41   1
     3411  55.053341 -161.415039    32.128    23190.4    -5337.0    13089.6    357.5    438.8    553.8 2021  5 16 14 21 27.210  1.32   1
     3416  55.189587 -161.793896    14.192    -1005.6     9830.6    -4846.8    612.6    204.9    540.4 2021  5 16 16 14 45.940  0.84   1
     3422  55.093624 -161.443245    15.781    21378.1     -852.5    -3257.6    381.1    449.7    771.0 2021  5 16 18 18 15.480  1.00   1
     3425  55.410994 -161.811393    32.470    -2115.4    34478.7    13431.3    220.2    359.8    176.7 2021  5 16 20 19 15.640  0.99   1
     3427  54.829187 -160.881836    32.289    57405.9   -30290.9    13250.0    243.7    289.3    662.2 2021  5 16 21 36 36.740  2.43   1
     3428  55.341935 -161.246403    20.429    33839.2    26790.7     1390.0    202.0    586.0    396.0 2021  5 16 21 59 23.240  0.68   1
     3429  55.092346 -162.006348    47.573   -14569.6     -994.7    28534.0   1240.5    642.9    613.0 2021  5 16 22 14 27.880  1.17   1
     3433  55.267611 -161.498828    54.837    17791.2    18516.5    35798.6    339.1    454.9    239.5 2021  5 17  0 38 22.050  1.11   1
     3434  55.247664 -162.147819    58.903   -23555.3    16296.0    39863.6    734.6    642.4    441.4 2021  5 17  0 47 31.340  1.01   1
     3438  54.956356 -162.937354     0.701   -74129.7   -16133.8   -18337.5    212.5    311.2    185.1 2021  5 17  4 38 16.010  1.41   1
     3440  55.384611 -161.698551    23.197     5061.4    31541.5     4157.7    290.4    342.0    264.8 2021  5 17  5 41 47.170  0.99   1
     3442  55.001294 -161.438997    29.968    21674.2   -11131.1    10928.8    284.2    299.2    439.1 2021  5 17  6  2 33.070  1.54   1
     3443  55.499430 -161.960905    48.571   -11609.3    44323.8    29531.7    540.5    568.7    316.4 2021  5 17  8 16 27.680  1.10   1
     3446  55.346663 -162.060726     9.500   -17983.9    27317.0    -9538.6    276.1    332.8    363.0 2021  5 17  9 36 42.670  0.08   1
     3447  54.714144 -161.820329     0.145    -2706.9   -43098.0   -18893.8    194.8    169.9    147.3 2021  5 17 10 19 10.370  2.31   1
     3461  54.669592 -162.571956    67.191   -50944.1   -48057.7    48152.4    271.4    206.6    175.9 2021  5 17 16 53 21.180  1.13   1
     3465  55.079838 -161.891146     5.467    -7216.3    -2387.2   -13571.6    209.9    113.1    252.6 2021  5 17 17 15  6.340  0.30   1
     3470  55.145955 -162.193164     9.559   -26478.1     4973.3    -9479.5    305.4    396.3    360.6 2021  5 17 20 27 53.480  0.70   1
     3475  55.361621 -161.777100    23.339       65.2    28982.2     4300.4    350.8    270.7    183.6 2021  5 18  2  9 28.260  0.88   1
     3477  54.407003 -161.477604    19.989    19348.4   -77290.4      949.8    531.6    370.1    390.1 2021  5 18  2 18 46.920  1.87   1
     3478  54.710103 -161.814876    27.541    -2357.3   -43547.8     8501.8    380.9    326.2   1213.0 2021  5 18  2 51  3.530  0.98   1
     3479  55.258744 -160.825016    42.103    60719.7    17529.5    23064.4    194.3    532.3    333.4 2021  5 18  3 55  2.690  1.68   1
     3481  54.993514 -161.525488    31.299    16148.0   -11997.2    12259.7    257.9    441.0    426.5 2021  5 18  3 59 33.580  1.28   1
     3482  55.282198 -162.165885    15.780   -24695.8    20140.5    -3259.2    465.0    500.9    542.8 2021  5 18  4 31 47.580  0.32   1
     3483  55.323596 -161.729980    16.564     3064.7    24749.1    -2475.3    223.6    310.8    156.3 2021  5 18  4 49 36.490  0.71   1
     3485  55.248946 -161.783545    16.649     -345.3    16438.7    -2389.8    377.8    378.7    485.4 2021  5 18  5 27 30.450  0.03   1
     3487  55.379232 -161.779801    21.673     -106.6    30942.7     2634.5    281.5    279.3    124.9 2021  5 18  7 19 28.310  0.46   1
     3489  55.776522 -161.666764    14.305     7048.5    75170.9    -4733.7   1114.9    704.3    872.5 2021  5 18  8 49 20.920  1.02   1
     3497  55.304720 -161.410384    18.897    23414.2    22647.7     -142.2    390.2    439.5    609.4 2021  5 18 10 48 58.890  0.39   1
     3498  55.367883 -161.918636    25.424    -8939.3    29679.3     6384.7    533.9    523.2    253.5 2021  5 18 11  7 27.860  0.45   1
      350  55.127059 -161.257113    31.232    33246.7     2869.6    12192.9    319.1    399.8    555.3 2021  1 12  7 15  5.890  2.33   1
     3501  55.146838 -161.622005    38.463     9959.8     5071.6    19424.4    514.2    312.9    400.5 2021  5 18 11 21 53.870  0.53   1
     3503  55.731787 -161.393066     1.971    24385.7    70190.8   -17068.1    348.8    324.3    331.1 2021  5 18 13 38 44.810  0.92   1
     3504  55.304500 -161.841943    18.930    -4063.4    22623.2     -108.8    372.2    229.6    203.1 2021  5 18 14  4 40.010  0.72   1
     3505  55.485217 -161.917904    36.876    -8879.7    42741.5    17836.9    340.9    509.2    208.7 2021  5 18 14 11 35.590  0.80   1
     3506  55.447461 -161.880046    29.286    -6477.7    38538.3    10247.1    200.8    261.3    154.5 2021  5 18 15 45  1.890  0.60   1
     3507  55.427238 -161.846647    29.748    -4356.1    36287.0    10709.1    297.5    276.5    207.7 2021  5 18 15 49  3.250  0.37   1
     3508  55.345500 -161.823665    17.326    -2898.1    27187.5    -1712.9    268.3    279.6    226.9 2021  5 18 15 59 11.160  0.74   1
     3509  55.712854 -161.926579     4.279    -9403.8    68083.1   -14760.3    842.8    301.0    500.4 2021  5 18 17 28 18.980  0.56   1
     3510  55.070898 -160.956429    13.883    52470.5    -3382.4    -5156.0    240.5    371.8    278.5 2021  5 18 17 33 46.000  1.50   1
     3511  55.410958 -161.259033    21.852    33006.9    34474.6     2812.8    294.7    730.0   1109.9 2021  5 18 18  8 15.740  0.54   1
     3518  54.770793 -161.511019    81.074    17120.1   -36791.6    62034.9    117.1    131.4     95.7 2021  5 19  0 58 10.000  1.81   1
     3521  54.927759 -162.705322    16.326   -59312.9   -19317.4    -2713.3    363.6    469.3    914.9 2021  5 19  4 20  7.470  1.64   1
     3524  54.685221 -160.734033     7.809    66991.6   -46317.8   -11230.3    527.8    552.1    510.5 2021  5 19 11 27 32.130  2.43   1
     3526  55.196688 -161.926742    13.547    -9475.2    10621.1    -5492.4    301.1    129.4    255.2 2021  5 19 13 17 28.240  1.01   1
     3529  55.311849 -161.617236     6.453    10242.9    23441.3   -12586.4    128.8    187.5    797.9 2021  5 19 19  5 54.640  0.23   1
     3532  55.301831 -161.648763    18.382     8236.8    22326.1     -657.0    357.3    304.9    365.3 2021  5 20  4 12 16.580  1.75   1
     3533  55.404736 -161.849430     4.254    -4534.4    33782.0   -14784.6    315.6    191.8    322.2 2021  5 20  4 12 47.660 -0.00   1
     3534  54.673210 -162.478923    15.009   -44971.6   -47655.0    -4029.8    278.9    194.2    336.7 2021  5 20  5 19 20.220  1.34   1
     3536  55.207808 -163.482454     7.067  -108646.8    11859.1   -11972.3    296.1    651.6    495.4 2021  5 20  8 39 31.430  2.25   1
     3544  54.567570 -162.081868    14.925   -19517.3   -59415.3    -4114.1    264.1    130.2    430.6 2021  5 20 16 56 12.880  1.48   1
     3547  55.305949 -161.896761    17.780    -7553.5    22784.5    -1259.2    337.3    217.3    133.0 2021  5 20 19 41 11.400  0.42   1
      355  54.849353 -161.815820    13.537    -2413.7   -28045.9    -5502.1    314.4    240.6    277.0 2021  1 12 11 37 23.670  1.48   1
     3550  55.187101 -161.821794     6.611    -2784.5     9553.8   -12428.2    306.7    363.5    381.8 2021  5 20 20 53 40.440  1.96   1
     3552  55.251489 -162.006478    21.889   -14549.0    16721.8     2850.2    446.8    337.4    254.9 2021  5 20 22 38 31.760  0.60   1
     3553  54.574715 -161.293848    14.517    31114.9   -58619.9    -4521.7    236.4    183.2    190.5 2021  5 20 23  5 59.920  1.60   1
     3558  55.157003 -162.883887    16.141   -70534.2     6203.1    -2898.3    164.2    499.9    500.3 2021  5 21  1  7  7.610  1.99   1
      356  54.865621 -161.778190     0.991       -4.2   -26234.9   -18047.6    221.7    186.3    153.9 2021  1 12 11 37 36.830  1.87   1
     3560  54.831254 -161.779020     0.565      -57.3   -30060.8   -18473.7    183.2    171.0    137.9 2021  5 21  3 21 13.460  1.01   1
     3561  54.728507 -161.732764    15.575     2908.9   -41499.0    -3463.9    373.6    225.4    394.7 2021  5 21  3 21 17.160  1.31   1
     3562  55.377633 -162.019515    25.056   -15355.4    30764.7     6017.2    339.7    566.8    270.9 2021  5 21  4 48 44.590  0.51   1
     3566  54.569893 -161.269092    13.341    32707.4   -59156.6    -5697.8    174.4    171.4    145.0 2021  5 21 14 50 55.870  2.36   1
     3572  55.065535 -160.920866    14.270    54745.1    -3979.4    -4769.4    188.1    332.5    196.2 2021  5 21 19 31 35.400  1.50   1
     3573  55.316272 -160.515234    70.961    80397.1    23933.7    51921.7    169.5    347.9    234.6 2021  5 21 21 43  9.960  1.98   1
     3575  54.728935 -162.543278    79.904   -49067.7   -41451.4    60864.6    389.6    316.9    250.3 2021  5 22  3 41 15.140  1.80   1
     3576  55.317419 -161.678548     7.312     6339.1    24061.5   -11727.2    166.2    173.1    261.3 2021  5 22  5  3 48.750  0.37   1
      358  54.577726 -161.270133    24.304    32637.3   -58284.7     5265.5    188.0    182.0    175.0 2021  1 12 12 44 20.610  2.80   1
     3581  55.203735 -161.582015    22.438    12502.2    11405.6     3399.0    369.0    214.0    363.0 2021  5 22 12 36 27.900  0.88   1
     3585  55.161145 -161.188965    21.614    37579.4     6664.3     2574.9    242.1    302.5    302.6 2021  5 22 17  6 17.600  1.39   1
     3594  55.032190 -161.526042    21.680    16104.9    -7691.6     2641.0    276.8    166.6    248.5 2021  5 22 22 37  9.980  1.15   1
     3603  54.423694 -161.238249    12.712    34751.7   -75432.3    -6326.4    472.6    423.1    379.8 2021  5 23  4 28 56.450  1.75   1
     3606  54.738102 -161.546273     0.120    14866.5   -40430.9   -18919.1    254.1    262.3    204.1 2021  5 23  5 15 38.400  1.56   1
     3607  54.790450 -161.268083    13.047    32683.1   -34603.2    -5992.0    263.3    284.2    281.6 2021  5 23  5 39 52.590  2.75   1
     3611  54.571151 -161.231950    13.573    35093.4   -59016.7    -5466.2    215.4    188.4    185.7 2021  5 23  7 38 42.560  1.54   1
     3613  55.145504 -161.687793     5.807     5762.9     4923.0   -13231.8    192.6    178.8    272.0 2021  5 23  8  1 53.250  1.04   1
     3615  54.471073 -161.726139     9.906     3344.4   -70157.8    -9133.2    230.7    165.9    192.1 2021  5 23 12 28 44.560  1.66   1
     3620  55.230477 -162.020785    20.345   -15464.6    14382.6     1305.9    358.3    305.4    368.9 2021  5 23 16 37 52.300  0.83   1
     3623  55.064453 -160.942952    14.397    53335.4    -4099.9    -4642.1    199.8    373.7    192.3 2021  5 23 18  5 45.920  1.53   1
     3624  55.077242 -162.058236     2.259   -17885.4    -2676.2   -16780.4    372.2    314.5    358.6 2021  5 23 22 32 31.280  0.82   1
     3625  55.070679 -161.765820     9.313      785.7    -3406.9    -9726.3    250.0    292.1    401.7 2021  5 23 22 32 50.860  0.88   1
     3626  55.407446 -161.646908    59.412     8343.9    34083.7    40372.9    512.2    742.1    293.7 2021  5 23 23 35 36.600  1.47   1
     3634  54.921822 -160.850472    11.588    59346.4   -19978.3    -7451.0    252.8    409.6    327.9 2021  5 24 14 33 50.470  1.73   1
     3636  54.853634 -162.608561    15.582   -53172.0   -27569.4    -3456.5    179.1    172.8    331.0 2021  5 25  6 58  5.810  1.76   1
     3639  55.445992 -161.319352    31.146    29158.6    38374.8    12107.5    375.5    526.2    518.1 2021  5 25 14 27 25.980  1.05   1
     3641  55.144897 -161.903939     6.345    -8026.6     4855.5   -12694.2    259.3    186.6    304.2 2021  5 25 22 51 39.800  0.15   1
     3643  55.105249 -161.564665     4.110    13625.0      441.7   -14929.4    209.9    210.6    178.1 2021  5 25 23 51 59.360  0.99   1
     3650  54.417139 -162.899023    10.063   -72157.8   -76162.0    -8976.1    397.1    282.6    337.1 2021  5 26 21 25 30.760  1.59   1
     3655  55.266976 -161.282861    28.507    31548.5    18445.9     9468.0    292.9    537.4    590.8 2021  5 27  1  9  4.910  2.57   1
     3662  54.884595 -162.572103    37.179   -50818.1   -24122.6    18140.0    298.1    401.8    350.7 2021  5 27 14 38 33.410  1.20   1
     3663  54.497648 -162.499251    48.643   -46376.5   -67199.3    29603.7    396.6    226.3    292.9 2021  5 27 16 55 52.760  1.64   1
      367  54.894312 -161.833447    19.069    -3540.4   -23040.9       30.0    462.9    345.2    436.7 2021  1 12 18  0 16.640  1.37   1
     3673  55.034932 -162.319678    20.449   -34597.1    -7386.3     1410.3    317.2    312.6    305.9 2021  5 27 23 29 19.500  1.33   1
     3675  54.686471 -161.508724    76.521    17285.2   -46178.7    57482.2    369.6    288.7    279.0 2021  5 28  6  3  5.550  2.11   1
     3681  54.505090 -161.701546    14.294     4924.4   -66370.8    -4745.3    272.3    234.7    304.9 2021  5 28 12 11 11.870  1.41   1
     3685  54.498071 -162.016341    10.578   -15319.9   -67152.2    -8460.6    565.5    258.8    420.9 2021  5 28 16 12 18.370  1.87   1
     3686  55.368335 -161.634489    12.716     9138.1    29729.6    -6323.0    195.8    251.2    199.9 2021  5 28 19  0 32.540 -0.14   1
     3687  54.861141 -161.459163    68.203    20420.9   -26733.6    49163.8    153.8    139.5    118.3 2021  5 29  0 41  8.790  1.81   1
     3692  55.369222 -161.946615    26.361   -10719.1    29828.4     7321.8    191.8    217.7    186.6 2021  5 29 15 48 13.110  0.68   1
       37  55.145605 -161.538135     2.530    15310.7     4934.3   -16509.2    161.8    252.8    169.3 2021  1  2  5 52  5.290  1.64   1
     3700  55.220129 -161.780029     9.281     -121.4    13230.7    -9757.8    334.1    289.7    540.8 2021  5 30  5 38 43.780  1.56   1
     3701  54.574638 -161.275814    24.490    32273.6   -58628.5     5450.7    207.4    168.3    174.5 2021  5 30  7 40 42.830  2.37   1
     3702  55.218734 -161.813688    17.456    -2266.8    13075.3    -1583.4    537.9    284.1    399.8 2021  5 30  8 27 17.670  0.93   1
     3705  54.601656 -161.172445    12.293    38902.1   -55620.7    -6746.2    261.8    278.2    256.5 2021  5 30 14 25 32.580  1.76   1
     3706  55.410506 -161.724821    23.555     3389.4    34424.3     4516.4    419.4    341.8    492.7 2021  5 30 14 36 51.050  1.79   1
     3711  55.085628 -161.687663    21.972     5775.5    -1742.6     2933.3    337.8    311.8    348.0 2021  5 30 18 22 20.960  1.02   1
     3713  54.283903 -162.424626    10.370   -41686.6   -90994.4    -8669.1   1321.2    534.2    574.3 2021  5 30 19 21 58.960  2.52   1
     3715  55.166056 -162.031022    23.305   -16130.0     7211.0     4266.3    548.8    327.8   1233.7 2021  5 31  6  6 47.190  0.88   1
     3716  55.437378 -161.781331     9.438     -203.8    37415.8    -9600.6    210.2    269.6    315.1 2021  5 31  7  2 12.850  2.46   1
     3719  55.199223 -161.686279     3.937     5855.6    10903.3   -15101.5    332.2    270.7    423.0 2021  5 31 10 33 20.850  1.56   1
      372  55.155603 -161.949007     6.115   -10900.4     6047.3   -12923.5    205.3    124.7    191.2 2021  1 12 20 52 39.440  1.06   1
     3721  55.266545 -161.688298     5.860     5722.1    18397.8   -13178.5    186.6    177.8    228.4 2021  5 31 10 33 36.600  0.48   1
     3722  54.825928 -163.650212    11.199  -119908.9   -30653.7    -7839.9    642.6   1127.5    639.8 2021  5 31 11 46  6.760  1.57   1
     3723  55.680408 -161.232389    49.632    34583.8    64471.0    30592.7    602.3    590.9    653.5 2021  5 31 12 16 55.270  1.81   1
     3726  54.529952 -161.181331     8.894    38365.3   -63603.1   -10144.7    311.2    297.2    357.1 2021  5 31 14 56 35.150  1.75   1
     3727  54.586296 -161.255160    12.537    33595.8   -57330.7    -6502.0    173.0    122.8    114.3 2021  5 31 18 40 55.920  2.67   1
     3729  55.272294 -161.384326     9.706    25083.5    19037.9    -9332.5    230.5    340.5    511.2 2021  6  1  0 14 28.020  1.04   1
      373  54.772750 -161.741211     0.133     2365.9   -36573.7   -18906.2    344.5    226.9    188.5 2021  1 12 21  2 28.880  1.49   1
     3730  54.943827 -162.087956     5.845   -19816.0   -17528.6   -13193.8    208.2    166.6    229.6 2021  6  1  0 14 32.840  1.07   1
     3737  55.282886 -161.644938    39.816     8482.4    20217.0    20776.9    232.3    311.9    201.5 2021  6  1 18 53 47.560  0.91   1
     3739  54.655062 -160.875879    11.632    57912.0   -49675.3    -7406.6    380.6    374.8    353.0 2021  6  1 22  3 43.520  1.82   1
     3742  54.484456 -163.400098    11.325  -104328.0   -68667.9    -7714.3    667.0    708.0    588.4 2021  6  2  1 31 26.530  1.42   1
     3743  54.812671 -162.191992     0.785   -26512.9   -32129.5   -18253.5    164.7    132.0    122.2 2021  6  2  7 15 37.580  1.76   1
     3744  54.920081 -162.180827     1.481   -25763.3   -20172.2   -17557.5    182.9    139.9    159.1 2021  6  2  7 15 55.180  2.07   1
     3747  54.875663 -161.709635    75.455     4384.1   -25116.9    56415.7    253.4    233.9    173.0 2021  6  2 16  7 25.570  1.54   1
      375  54.921745 -162.196240     1.040   -26748.9   -19986.9   -17998.7    199.6    171.2    156.4 2021  1 12 21 24  9.860  1.74   1
     3752  55.027360 -162.162923    15.436   -24585.1    -8229.3    -3602.7    465.7    555.8    635.6 2021  6  3  2 17 36.170  1.35   1
     3756  55.451265 -161.877474    26.445    -6314.0    38961.8     7405.8    219.5    351.4    150.1 2021  6  3  6 33 28.600  0.73   1
     3757  55.471366 -161.869857    28.703    -5828.4    41199.6     9664.1    264.3    418.7    199.5 2021  6  3  9 54 50.620  0.60   1
     3758  55.270577 -162.286426    53.555   -32377.5    18846.7    34515.7    448.0    823.2    314.5 2021  6  3 10 21 53.200  2.15   1
     3762  55.232670 -162.105859    18.522   -20885.8    14626.8     -517.2    310.8    213.1    325.9 2021  6  3 14 31 59.230  0.34   1
     3765  54.887130 -161.198356    27.890    37106.6   -23840.4     8851.5    280.2    258.5    730.0 2021  6  3 16 32 56.870  1.75   1
     3769  55.339185 -162.276579    32.209   -31723.1    26484.5    13169.7    801.1    550.9    667.9 2021  6  3 18  8 46.200  0.91   1
     3770  55.265088 -162.011084     5.512   -14839.9    18235.7   -13526.6    647.8    333.7    383.2 2021  6  3 18 13 35.580  0.31   1
     3772  54.677498 -162.426318     8.506   -41593.7   -47177.6   -10533.2    270.2    139.0    399.8 2021  6  3 20 34 55.120  1.13   1
     3778  55.209587 -161.721452     5.999     3612.7    12057.0   -13039.8    354.3    142.1    168.7 2021  6  4  3 26 24.870 -0.12   1
     3779  55.304643 -161.670052    51.915     6881.1    22639.1    32876.0    528.0    508.8    299.7 2021  6  4  3 40 23.080  1.27   1
     3780  55.755379 -161.507308     0.886    17145.7    72817.2   -18153.3   1302.0    996.9    865.9 2021  6  4  3 54 33.790  1.36   1
     3788  55.342924 -161.780794    11.144     -169.9    26900.8    -7895.4    330.0    314.4    205.4 2021  6  4 10 13 50.120 -0.46   1
     3789  54.861564 -162.676188    31.718   -57496.4   -26686.5    12679.4    310.5    213.5    416.5 2021  6  4 11 45 44.710  1.50   1
     3796  55.132694 -161.682568     5.144     6097.2     3497.0   -13894.6    247.8    170.2    257.5 2021  6  4 14 45 10.050  0.01   1
     3797  55.316748 -161.787077     3.388     -569.9    23986.7   -15650.6    175.2    115.3    378.8 2021  6  4 14 45 27.990 -0.20   1
      380  55.245715 -161.665885    16.032     7151.6    16079.0    -3006.8    348.2    329.5    347.2 2021  1 12 21 37 47.960  0.56   1
     3800  55.207495 -161.657764    13.166     7672.8    11824.2    -5872.7    269.6    292.9    317.1 2021  6  4 15 40 30.890  1.37   1
     3804  55.069889 -161.040674    31.773    47091.6    -3494.8    12734.2    232.5    426.9    593.9 2021  6  4 16 35 14.680  2.70   1
     3808  54.893966 -162.358854    34.596   -37164.9   -23079.4    15557.1    406.9    310.5    397.2 2021  6  4 17 48 51.680  1.93   1
     3809  54.961833 -162.221077    13.534   -28323.7   -15524.1    -5504.6    284.0    191.8    183.7 2021  6  4 17 49  3.920  2.25   1
      381  54.624259 -161.601742    33.138    11325.7   -53104.4    14099.4    431.2    329.1    796.0 2021  1 13  0  1 46.290  2.89   1
     3811  54.758488 -162.605420     4.517   -53033.3   -38161.4   -14521.7    206.2    167.4    243.4 2021  6  4 19  7 57.560  0.92   1
     3816  54.697750 -162.869027    31.875   -69984.2   -44923.1    12836.5    435.0    410.2    840.2 2021  6  4 23  5  7.040  1.86   1
     3823  55.195166 -160.904248    13.062    55716.3    10451.6    -5976.9    222.2    404.3    288.0 2021  6  5 12 43 55.500  2.47   1
     3824  55.546285 -160.475846     9.760    82666.0    49539.9    -9278.6    683.3   1406.8    765.3 2021  6  5 13 58  4.980  1.99   1
      383  55.328040 -161.747640     3.490     1940.4    25243.7   -15549.1    104.3    117.3    265.6 2021  1 13  8  0 58.440 -0.30   1
     3833  55.347392 -161.694971     5.500     5291.6    27398.1   -13539.3    106.8    211.9    192.1 2021  6  5 21 42 39.120  1.33   1
     3844  54.550789 -162.468831    10.730   -44391.1   -61283.4    -8309.1    465.6    232.3    322.9 2021  6  6  2 33 30.020  1.91   1
     3848  55.189705 -162.018148    29.203   -15304.3     9843.7    10163.9    328.4    313.8    295.4 2021  6  6  6 20 13.790  0.62   1
     3850  55.378373 -161.779753     4.392     -103.5    30847.1   -14646.5    260.4    184.6    198.3 2021  6  6  7 58 52.960 -0.29   1
     3851  55.276917 -161.455420    28.528    20553.9    19552.5     9488.9    201.8    381.1    294.2 2021  6  6  8  4 21.630  1.12   1
     3855  54.484481 -163.118945     2.371   -86243.8   -68665.2   -16668.3    176.6    159.6    163.9 2021  6  6 13 56  5.790  2.77   1
     3858  54.805611 -161.924495    16.447    -9377.5   -32915.4    -2592.1    161.4    114.4    227.4 2021  6  6 14 12 15.840  1.47   1
     3860  55.044543 -161.796826    16.850    -1194.6    -6316.4    -2189.2    296.4    245.9    348.5 2021  6  6 17  1 17.940  1.12   1
     3863  55.436389 -162.474528    18.358   -44267.2    37305.7     -681.4    924.9    487.4   1006.6 2021  6  6 17 17 35.300  2.01   1
     3864  55.693892 -161.690625    17.110     5544.0    65972.2    -1929.1    497.0    384.8    646.3 2021  6  6 18  1 35.440  0.79   1
     3866  55.459814 -161.401465    13.402    23935.6    39913.5    -5636.4    294.9    332.8    402.5 2021  6  6 18 21 47.580  1.93   1
     3867  55.125716 -161.351074    15.324    27251.3     2720.2    -3714.9    213.7    238.5    603.4 2021  6  6 18 21 53.480  1.87   1
     3871  54.415295 -161.735905    12.937     2718.0   -76367.2    -6101.8    282.4    196.7    225.8 2021  6  6 20 41  7.240  2.00   1
     3872  55.372217 -161.893522     3.029    -7341.2    30161.8   -16009.6    175.6    324.0    426.5 2021  6  6 20 41 15.880 -0.14   1
     3873  54.678666 -160.965739    60.839    52129.0   -47047.6    41800.1    476.9    459.2   4592.0 2021  6  6 21 34 41.680  2.69   1
     3880  55.252470 -161.503353    18.462    17506.3    16831.0     -576.8    221.9    241.6    277.6 2021  6  7  2 16 53.850  1.03   1
     3884  55.233521 -161.844255    21.413    -4214.2    14721.4     2373.6    366.2    145.5    124.2 2021  6  7  6 10 53.040  0.99   1
      389  54.955359 -161.524674    20.635    16207.7   -16244.8     1595.9    210.0    209.5    165.9 2021  1 13 12 35 40.560  1.47   1
     3898  54.461918 -162.174170    62.911   -25481.3   -71177.0    43872.6    632.1    265.9    325.7 2021  6  8  0 35  9.080  2.85   1
     3902  55.273796 -161.754150    15.039     1527.1    19205.1    -4000.0    321.3    292.4    285.7 2021  6  8 11 10 50.780  0.24   1
     3903  54.962512 -162.698633     4.030   -58859.6   -15448.5   -15008.4    168.0    285.6    311.8 2021  6  8 16 16 36.830  1.40   1
     3906  55.046684 -163.378385    10.285  -102217.6    -6078.1    -8753.7    243.0    654.1    463.7 2021  6  8 18 49 25.700  1.83   1
     3911  55.433565 -161.499365    13.255    17720.1    36991.4    -5783.4    248.0    418.9    389.4 2021  6  8 21 16  0.160  0.93   1
     3913  55.398145 -161.697656    20.985     5117.5    33048.2     1946.5    325.6    238.5    214.0 2021  6  8 23 27 54.760  0.35   1
     3917  55.315869 -161.729118    27.846     3119.9    23888.9     8807.3    326.0    270.1    284.6 2021  6  9  4 36 38.220  1.29   1
     3919  55.333175 -161.700309    37.083     4952.8    25815.4    18044.0    369.3    445.8    274.9 2021  6  9  7 41 34.480  1.47   1
     3922  55.274475 -161.579443    24.091    12654.9    19280.7     5052.6    240.9    329.1    257.6 2021  6  9 11 46 41.310  1.08   1
     3923  55.492936 -161.352865    64.052    27012.7    43600.8    45012.8    379.1    452.1    310.0 2021  6  9 12 40 29.520  1.36   1
     3926  55.197176 -161.598031    17.717    11482.1    10675.4    -1322.3    310.0    291.1    393.0 2021  6  9 14 33 56.860  1.57   1
     3928  55.256649 -161.703727    41.478     4739.8    17296.2    22439.4    483.2    266.9    340.6 2021  6  9 20 22 41.520  1.18   1
     3934  55.465348 -161.831966    28.219    -3421.2    40529.6     9180.5    226.8    496.4    257.4 2021  6 10 10 19 53.060  1.00   1
     3936  54.494332 -162.352197    56.950   -36920.8   -67568.5    37911.0    252.2    125.6    201.5 2021  6 10 17 27 56.300  2.34   1
     3942  55.374186 -161.647559    31.415     8306.0    30381.0    12376.4    284.7    364.4    183.2 2021  6 10 22 23 22.200  1.26   1
     3951  54.360693 -161.724186    13.014     3474.7   -82445.8    -6025.1    596.6    352.9    415.3 2021  6 11 14 44 30.210  1.39   1
     3958  55.061210 -161.777816    18.533       19.7    -4461.0     -505.7    362.0    295.6    349.1 2021  6 11 19 41 33.920  0.55   1
     3960  54.786434 -161.403076    59.218    24034.0   -35050.3    40179.3    157.1    167.1    152.3 2021  6 11 21 52 49.580  1.48   1
     3961  55.463257 -161.873551    26.201    -6063.8    40296.8     7162.5    653.8    499.6    216.7 2021  6 11 22 53  2.420  0.34   1
     3964  55.301595 -161.784456    12.417     -403.1    22299.8    -6621.6    351.2    261.9    372.1 2021  6 12  3 58 33.030  1.00   1
     3971  55.231441 -161.734587    15.584     2774.6    14490.0    -3455.1    320.0    256.7    279.0 2021  6 12 10  6 13.170  0.56   1
     3975  54.443490 -161.593392    12.446    11888.3   -73228.5    -6593.2    422.0    263.1    282.8 2021  6 12 11 46 24.620  3.60   1
     3976  55.305180 -161.741829     2.799     2310.9    22698.9   -16240.0    160.0    141.1    508.3 2021  6 12 11 46 52.350  3.58   1
     3978  54.404032 -161.561361    13.998    13956.4   -77621.1    -5040.5    308.0    226.7    253.3 2021  6 12 11 57 37.100  1.49   1
      398  55.108036 -161.549398     3.993    14598.9      751.9   -15045.6    245.6    206.3    343.3 2021  1 13 15 42 15.780  1.29   1
     3984  55.300346 -161.718359    15.065     3805.5    22160.8    -3974.3    243.7    220.8    211.8 2021  6 12 18 33 24.320  0.39   1
     3992  55.057886 -161.655632     1.083     7823.3    -4831.0   -17956.0    241.9    169.9    211.8 2021  6 12 23 54 40.160  0.53   1
     3995  55.432975 -161.761442    37.792     1060.5    36925.7    18753.4    246.6    277.1    151.9 2021  6 13  1 51 52.850  0.58   1
     3998  55.176794 -163.141943    11.022   -86973.7     8406.4    -8016.4    406.3    570.2    367.3 2021  6 13  2 18 56.880  1.44   1
     4000  55.119104 -163.184180    10.600   -89731.7     1984.1    -8438.5    275.8    398.0    351.7 2021  6 13  3  3 51.250  2.27   1
     4006  55.488786 -161.414762     5.858    23082.2    43138.8   -13181.2    263.9    426.8    407.6 2021  6 13  5 13 50.640  0.06   1
      401  54.869279 -161.556576    16.119    14182.8   -25827.6    -2920.3    257.7    290.8    342.0 2021  1 13 16 14  7.200  1.81   1
     4016  54.823295 -161.900391    23.089    -7831.5   -30946.8     4050.0    276.4    254.1    327.2 2021  6 13 12 12 45.330  0.65   1
     4026  54.983675 -160.806201    55.009    62130.9   -13092.5    35970.6    167.8    347.7    275.7 2021  6 13 19 37 21.960  1.29   1
     4028  54.945695 -161.605615    20.285    11033.0   -17320.6     1246.4    164.0    214.3    174.3 2021  6 13 19 43 50.120  1.25   1
     4032  54.918693 -162.863981     1.428   -69470.2   -20326.6   -17611.0    256.1    357.7    289.8 2021  6 13 22 24 53.480  1.65   1
     4034  55.315047 -161.800244     3.397    -1408.2    23797.4   -15642.2    191.3    124.0    298.0 2021  6 13 22 25 18.400  0.24   1
     4037  55.148755 -162.107243     4.893   -20995.9     5284.9   -14146.1    330.5    272.5    393.7 2021  6 14  0 12 27.690  0.29   1
     4038  54.830298 -161.358984    12.584    26844.9   -30167.2    -6455.3    292.7    247.1    332.8 2021  6 14  0 26 10.680  1.54   1
     4042  54.549040 -160.972786    11.849    51759.5   -61478.2    -7189.7    371.8    372.0    315.3 2021  6 14  1 55  4.220  1.82   1
     4048  54.681140 -161.354085    11.745    27208.9   -46772.1    -7293.8    290.0    271.0    366.7 2021  6 14 10 42 18.270  3.07   1
     4059  54.999780 -161.436003    32.285    21866.0   -11299.6    13245.9    241.1    238.3    364.3 2021  6 15  5  7 53.150  2.02   1
     4065  54.558630 -162.164779    30.180   -24847.5   -60410.5    11141.2    702.5    280.0   1033.5 2021  6 15 10 40 37.300  1.68   1
     4067  55.157454 -161.979427     9.081   -12840.6     6253.4    -9957.7    242.3    181.1    353.1 2021  6 15 11 58  0.550  0.44   1
     4068  55.351591 -161.881950    19.618    -6606.7    27865.6      578.9    436.8    329.6    230.3 2021  6 16 13 52 27.930  0.55   1
     4069  55.349813 -161.840674     1.516    -3980.3    27667.6   -17523.0    285.9    334.4    426.9 2021  6 16 17  4 37.580  1.93   1
     4073  54.941878 -162.250586     3.552   -30218.1   -17745.5   -15487.0    154.3    106.6    191.7 2021  6 16 18 14 33.580  1.81   1
     4075  54.978088 -162.275000     2.978   -31765.3   -13714.5   -16059.7    105.4    124.0    145.1 2021  6 16 18 34 58.240  0.39   1
     4079  55.062415 -161.138477    23.112    40850.0    -4326.9     4072.7    268.8    400.3    292.5 2021  6 16 19  1 43.900  2.47   1
     4081  54.559237 -161.416829    14.175    23217.7   -60343.0    -4864.0    264.0    235.4    244.5 2021  6 17  4 22 37.900  1.46   1
     4082  55.087793 -161.985938     5.770   -13267.4    -1501.6   -13268.7    331.0    324.4    528.4 2021  6 17  4 23 14.920  1.08   1
     4086  54.653292 -163.032910    80.818   -80542.0   -49872.3    61779.6    569.9    618.4    511.8 2021  6 17  9 28 19.570  1.84   1
     4087  54.596171 -161.287793    42.120    31495.6   -56231.3    23080.7    270.7    217.1    324.8 2021  6 17  9 32 46.880  1.58   1
     4088  55.494727 -161.788281    24.992     -645.1    43800.1     5952.7    306.4    368.0    251.1 2021  6 17 10  9 15.390  0.81   1
      409  55.028556 -162.033154     8.317   -16293.8    -8096.1   -10721.8    249.2    220.3    355.7 2021  1 13 20 56 29.260  0.53   1
     4090  55.482182 -161.892611    28.728    -7273.2    42403.6     9688.6    275.3    361.2    185.9 2021  6 17 10 12 23.360  0.83   1
     4093  54.497319 -161.665527    11.009     7241.3   -67236.0    -8030.2    296.9    188.6    241.7 2021  6 17 14 24 36.740  1.80   1
     4094  55.376127 -161.011458    32.961    48770.4    30597.1    13921.9    179.0    401.4    371.3 2021  6 17 14 41  3.250  1.05   1
     4100  54.862142 -162.350863    37.132   -36667.9   -26622.2    18093.3    345.7    250.2    356.5 2021  6 17 18 42 30.320  1.99   1
     4101  54.938826 -162.249935    21.879   -30177.6   -18085.3     2840.0    267.6    197.1    168.8 2021  6 17 18 42 41.240  2.01   1
     4106  55.165808 -163.289730    11.225   -96411.6     7183.4    -7814.0    256.1    580.0    352.1 2021  6 18  3 52 19.460  1.66   1
     4107  54.939535 -162.247005     4.408   -29989.9   -18006.5   -14631.0    115.3    127.6    141.2 2021  6 18  4  8 59.880  1.04   1
     4108  54.955790 -162.256917     2.126   -30617.7   -16196.8   -16913.2    167.1    150.2    168.0 2021  6 18  4  9 19.810  1.37   1
     4109  54.967635 -162.220605     6.119   -28291.5   -14878.2   -12920.2    170.0    184.2    222.2 2021  6 18  4 33 59.580  1.85   1
     4110  54.960791 -162.230811     6.618   -28946.5   -15640.1   -12421.2    191.2    191.5    254.8 2021  6 18  4 34 11.000  2.00   1
     4114  54.832389 -161.866585     2.442    -5665.5   -29934.4   -16596.5    277.7    180.1    192.2 2021  6 18 11 11 42.410  1.15   1
     4116  54.582646 -161.649072    31.475     8290.8   -57737.0    12436.0    365.7    264.4    686.8 2021  6 18 11 40 51.220  1.29   1
     4119  55.154871 -161.485677    22.013    18655.1     5965.8     2973.9    300.4    262.4    368.0 2021  6 18 12 26  6.630  0.69   1
     4122  54.777714 -161.702458    31.943     4849.5   -36021.1    12904.5    775.2    515.5    900.0 2021  6 18 13 18 34.300  0.94   1
     4124  54.536483 -160.951432     7.366    53140.2   -62876.1   -11672.4    222.2    290.1    273.0 2021  6 18 19 14 49.840  1.70   1
     4125  55.219930 -162.151367     9.279   -23789.7    13208.5    -9759.5    245.7    266.5    488.3 2021  6 18 19 15 14.660  0.51   1
     4132  54.495455 -163.200439    14.138   -91473.2   -67443.5    -4900.8    453.8    442.1    455.5 2021  6 18 20 51 32.360  1.60   1
     4142  54.823437 -160.437028    49.334    85901.2   -30930.9    30294.9    508.2    711.8   3720.8 2021  6 18 23 55  4.320  1.45   1
     4144  55.351021 -161.859717    20.740    -5192.0    27802.2     1701.0    405.8    237.0    149.4 2021  6 19  1 25  8.930  0.36   1
     4145  55.008024 -162.354281    15.233   -36820.0   -10381.9    -3806.0    192.9    182.5    399.8 2021  6 19  2 53 26.610  1.66   1
     4146  54.998018 -162.361882     8.206   -37310.4   -11495.8   -10833.2    188.7    171.9    213.1 2021  6 19  2 53 53.080  0.64   1
     4149  54.407092 -163.247184     7.480   -94582.3   -77280.4   -11559.3    412.6    335.1    307.0 2021  6 19  7 50 29.840  3.06   1
     4153  54.795744 -161.092041    31.174    43960.8   -34013.9    12135.2    165.1    287.0    511.3 2021  6 19 10 14 15.130  0.90   1
     4154  54.954708 -160.738200    10.008    66501.9   -16317.3    -9031.3    293.1    399.7    307.7 2021  6 19 10 16 26.140  1.41   1
      416  55.158228 -161.472607    29.806    19488.0     6339.5    10767.2    341.1    380.1    426.1 2021  1 13 21 42 18.680  2.63   1
     4161  55.395597 -162.335254    47.692   -35432.3    32764.6    28653.6    372.3    372.2    385.5 2021  6 19 15 59 51.280  0.84   1
     4164  54.951355 -162.069792     5.590   -18652.5   -16690.6   -13449.2    187.5    201.1    263.7 2021  6 19 16 32 56.240  0.12   1
     4165  55.375342 -161.848128    31.588    -4453.2    30509.7    12549.6    459.0    374.2    190.5 2021  6 19 21 40 49.040  0.98   1
     4170  54.930632 -162.293896     5.821   -32992.8   -18997.6   -13217.8    213.1    149.1    222.2 2021  6 20  0 20 56.300  1.11   1
     4172  54.860640 -162.554183    29.294   -49685.9   -26789.3    10255.3    613.3    620.0   1016.1 2021  6 20  0 45 25.130  1.10   1
     4176  55.035181 -161.634717     0.373     9161.6    -7358.7   -18665.9    272.4    218.1    200.4 2021  6 20  2 39 25.990  2.46   1
     4177  54.465267 -161.257471    11.814    33497.3   -70804.2    -7224.4    413.4    311.5    272.4 2021  6 20  2 41 24.880  1.15   1
     4180  54.932121 -162.874821     1.636   -70152.0   -18831.8   -17402.9    195.7    351.4    210.6 2021  6 20  3 23 46.280  1.29   1
     4183  54.934167 -163.471012    30.591  -108285.6   -18603.9    11552.6    432.5    972.7   1538.9 2021  6 20  6 25 36.390  1.81   1
     4185  54.565637 -161.339681     8.897    28173.3   -59630.5   -10141.6    310.7    246.4    278.0 2021  6 20  7 47 25.200  1.27   1
     4189  55.625232 -162.262305     3.969   -30704.2    58328.6   -15069.9    370.2    330.7    542.4 2021  6 20 11 16 42.940  0.69   1
     4191  55.392786 -162.102832    14.375   -20651.5    32451.6    -4664.0    462.5    348.8    560.9 2021  6 20 12  2 47.720  0.73   1
     4196  55.137142 -161.712646    18.172     4177.8     3992.1     -867.1    280.9    224.1    320.4 2021  6 20 15  1  2.300  0.99   1
     4197  54.457117 -161.820231    18.801    -2709.2   -71711.5     -238.0    480.8    257.3    278.4 2021  6 20 15  5 19.400  1.61   1
     4203  55.067900 -162.232243    53.395   -28999.4    -3716.3    34355.9    440.4    442.2    301.6 2021  6 20 17 37  7.560  1.64   1
     4206  54.745431 -162.583740     4.324   -51651.9   -39615.0   -14715.0    229.5    182.7    266.2 2021  6 20 21 38  4.240  2.22   1
     4208  54.920658 -161.804769    31.915    -1704.6   -20107.8    12876.5    386.6    342.0    474.2 2021  6 20 23 53 58.480  1.19   1
     4212  55.248018 -161.862728    30.210    -5390.5    16335.4    11171.4    383.2    244.8    155.2 2021  6 21  1 44 22.090  0.60   1
     4213  55.118860 -162.425000    42.498   -41282.4     1956.9    23459.0    391.5    429.6    259.1 2021  6 21  1 53  1.600  1.69   1
     4215  54.891300 -162.163949     0.790   -24692.3   -23376.1   -18248.6     92.1    111.2    106.6 2021  6 21  2 33 11.480  0.33   1
     4218  55.101803 -162.225114     5.827   -28532.1       58.0   -13212.3    164.9    355.9    183.6 2021  6 21  2 35 11.390  0.15   1
      422  55.075566 -162.042334     3.561   -16870.5    -2862.8   -15478.3    127.2    147.7    304.8 2021  1 13 22 45 41.860  0.91   1
     4220  55.412337 -161.923763    27.858    -9260.3    34628.2     8819.0    273.4    322.8    198.1 2021  6 21  7 59 55.150  0.09   1
     4221  55.292517 -161.585465    47.686    12268.6    21289.2    28647.4    306.3    459.0    261.5 2021  6 21  8  2  0.740  0.77   1
     4222  54.812077 -161.246908    30.902    34030.8   -32195.7    11862.8    226.9    245.1    499.3 2021  6 21  9 56 53.630  2.15   1
     4223  55.128715 -161.512516     1.594    16948.6     3054.0   -17445.0    252.8    215.7    269.9 2021  6 21  9 57 16.050  2.02   1
     4224  55.106364 -162.214730     4.682   -27867.7      565.8   -14356.4    141.1    211.9    259.4 2021  6 21 10  4 51.070  0.34   1
     4226  55.303284 -161.582536     9.212    12453.5    22487.8    -9827.1    274.6    328.5    542.1 2021  6 21 11 55 41.980  0.98   1
     4229  55.396086 -161.724219    27.595     3428.3    32818.9     8556.6    338.0    307.7    179.3 2021  6 21 13  4 47.480  0.55   1
      423  55.053491 -162.049463     6.109   -17330.4    -5320.3   -12930.0    168.9    184.0    260.1 2021  1 13 22 46 11.400  0.56   1
     4232  55.118848 -161.913656    26.191    -8649.3     1955.5     7152.2    417.3    535.2    405.5 2021  6 21 13 58 15.120  0.43   1
     4238  54.414762 -161.622103     7.837    10044.2   -76426.6   -11201.9    521.7    299.7    375.5 2021  6 21 14 53 44.070  2.03   1
     4240  54.598397 -161.249137    26.782    33977.6   -55983.5     7742.7    198.4    185.0   2547.4 2021  6 21 17 21  4.620  2.88   1
     4243  55.139734 -161.859912     0.556    -5218.2     4280.7   -18483.4    198.9    235.7    229.1 2021  6 22  4  4 44.280  0.42   1
     4247  54.569995 -161.323242    11.775    29228.0   -59145.3    -7263.8    283.8    302.3    324.6 2021  6 22  7  4 16.310  1.82   1
      425  55.096696 -162.049300     3.819   -17310.7     -510.5   -15220.3    100.5    160.4    243.2 2021  1 13 23 19 54.520  0.69   1
     4250  55.223934 -161.685352    22.226     5912.9    13654.2     3187.4    329.6    207.8    257.5 2021  6 22  8  2 11.240  0.95   1
     4251  54.801412 -161.343050    18.516    27875.4   -33382.9     -522.7    369.5    571.9   1146.0 2021  6 22  9 14 18.760  1.42   1
     4252  55.096200 -162.961930     1.489   -75569.7     -565.8   -17550.4    186.5    382.2    215.9 2021  6 22  9 54  5.540  1.36   1
     4253  55.306388 -161.607389    28.535    10870.6    22833.4     9496.4    242.1    167.9    248.2 2021  6 22  9 59 29.680  1.23   1
     4256  55.058781 -162.024919     2.748   -15761.7    -4731.4   -16291.0    228.4    288.1    652.6 2021  6 22 13 54 16.860  0.66   1
     4259  54.750264 -163.656950     9.617  -120453.3   -39076.9    -9421.6    380.7    578.8    372.2 2021  6 22 17 35 47.140  1.64   1
      426  55.097721 -162.046549     3.278   -17134.9     -396.4   -15760.6    138.1     93.6    352.2 2021  1 13 23 37 36.140  0.72   1
     4261  54.734424 -160.816309    31.347    61675.1   -40840.3    12308.5    252.3    298.6   1224.3 2021  6 22 18 38 50.000  2.26   1
     4262  54.651180 -161.194596    12.345    37456.5   -50107.4    -6694.3    277.9    219.1    202.9 2021  6 22 19  3 26.840  1.51   1
     4263  54.505408 -162.209440    57.515   -27735.8   -66335.5    38475.7    305.5    163.7    189.7 2021  6 22 19 40 20.340  1.80   1
     4265  55.373499 -161.771338    20.681      431.8    30304.5     1641.8    362.9    338.2    177.2 2021  6 22 20  2  9.700  0.68   1
     4268  54.986584 -161.895182     3.580    -7482.7   -12768.6   -15459.0    231.3    140.0    344.3 2021  6 22 23 12 45.300  0.94   1
     4270  55.129232 -161.767578     6.146      673.0     3111.5   -12892.9    192.1    288.1    269.8 2021  6 23  1 16 53.250  0.32   1
     4271  55.343347 -161.222363    17.042    35368.5    26947.9    -1996.6    290.3    369.2    433.4 2021  6 23  5  6 23.470  0.79   1
     4272  55.285384 -161.867904     5.850    -5717.6    20495.1   -13188.6    415.8    339.0    548.8 2021  6 23  5  6 45.290  1.49   1
     4275  55.410864 -162.710221     1.831   -59268.2    34464.2   -17207.9    326.4    446.6    358.0 2021  6 23 12 36 44.650  2.11   1
     4285  55.386727 -161.900586    40.741    -7789.1    31777.1    21701.7    804.2    543.1    311.0 2021  6 25  8 20 16.700  0.87   1
      429  55.102490 -162.049333     3.979   -17311.5      134.5   -15060.4    119.2    178.4    242.2 2021  1 13 23 49 37.880  1.30   1
     4291  55.281331 -161.773682    21.708      283.0    20044.0     2668.8    511.9    376.8    307.6 2021  6 25 15 23  3.090  1.99   1
     4294  55.014254 -161.602490    19.415    11223.3    -9688.4      375.8    234.4    245.7    286.7 2021  6 25 18 35  2.740  1.25   1
     4299  54.621281 -161.293083    25.852    31146.2   -53435.9     6813.0    229.9    227.7   1255.7 2021  6 26  2 45 35.190  1.77   1
       43  54.820256 -161.804476     0.140    -1687.9   -31285.2   -18898.6    237.5    175.7    141.8 2021  1  2 11 51 52.070  1.44   1
      430  55.102071 -162.050146     3.383   -17363.6       87.9   -15655.5    118.6    137.2    383.2 2021  1 13 23 52  2.120  1.04   1
     4301  55.193070 -161.268880    16.275    32469.1    10218.4    -2763.5    214.9    257.4    575.0 2021  6 26  3 13 42.950  1.35   1
     4302  55.359245 -161.823258    10.234    -2871.7    28717.7    -8804.7    476.6    309.2    277.4 2021  6 26  3 14 15.740  0.73   1
     4306  54.529911 -161.774170    13.086      254.3   -63607.6    -5952.7    115.7    143.0    203.9 2021  6 26 15 14  9.370  1.38   1
     4308  55.078369 -161.889421    44.609    -7106.3    -2550.7    25569.8    891.1    432.6    447.2 2021  6 26 16  3 36.550  1.01   1
     4309  55.340828 -160.961165    46.502    51992.7    26667.5    27463.6    169.4    554.8    303.4 2021  6 26 16 31 50.790  1.48   1
     4313  55.432914 -161.409456    24.247    23435.6    36918.9     5208.6    367.6    654.9    731.0 2021  6 26 18 50 27.000  2.18   1
     4315  54.646375 -161.560270    12.947    13984.8   -50642.4    -6092.3    179.7    149.4    272.8 2021  6 26 20  4 10.440  2.60   1
     4316  54.786450 -161.843083    24.843    -4162.6   -35048.5     5804.6    344.9    287.9    305.8 2021  6 26 20  4 18.300  2.96   1
     4317  54.696293 -162.895410     0.430   -71678.1   -45085.2   -18609.0    206.5    202.7    159.4 2021  6 27  0 18 59.030  1.46   1
     4322  54.609062 -161.267074    30.370    32821.2   -54796.2    11331.1    197.9    195.9    529.8 2021  6 27  1 59 57.060  1.65   1
     4323  55.104537 -162.213151     4.312   -27767.6      362.4   -14726.7    229.3    227.2    383.4 2021  6 27  3 10 27.460  0.38   1
     4331  55.217969 -162.358529    12.436   -36994.6    12990.1    -6602.7    238.4    369.1    386.5 2021  6 27  7 25 25.280  1.71   1
     4332  55.090454 -161.699756    25.698     5003.2    -1205.4     6658.7    446.5    364.8    627.1 2021  6 27  8 17 30.870  0.61   1
     4335  55.213798 -161.651253    35.147     8087.2    12525.8    16108.6    266.9    228.6    226.6 2021  6 27  9 40 12.910  0.24   1
     4336  55.375842 -161.543896     8.963    14900.2    30565.4   -10076.0    245.4    432.8    369.0 2021  6 27 10 16 59.090  0.24   1
     4339  55.279565 -161.658089    14.213     7645.1    19847.4    -4826.3    202.1    169.5    194.7 2021  6 27 14 31 30.200  0.23   1
     4342  55.469287 -162.108740    26.997   -21007.1    40968.1     7957.8    428.5    357.8    411.1 2021  6 27 16 34 13.480  1.32   1
     4345  55.390955 -161.649235     8.733     8197.6    32247.7   -10306.2    222.2    404.1    275.1 2021  6 27 17 15 50.320  0.64   1
     4348  54.962691 -161.586833    21.109    12231.7   -15428.5     2070.1    194.0    193.0    266.8 2021  6 27 23 55 56.660  0.83   1
     4349  54.825415 -161.373470    29.871    25918.7   -30710.8    10832.4    356.8    385.6    778.4 2021  6 27 23 56  6.060  1.35   1
     4353  55.253280 -161.652279    48.784     8017.8    16921.1    29744.8    694.9    563.3    318.1 2021  6 28  8  6 19.230  0.90   1
     4357  54.480754 -162.972965    14.830   -76857.6   -69080.1    -4208.6    353.0    285.7    308.3 2021  6 28  9 19 33.570  1.33   1
     4358  54.399597 -161.647168     8.930     8432.2   -78114.8   -10108.6    409.5    314.1    405.7 2021  6 28 10 15 43.900  1.48   1
     4361  55.278007 -161.865023    51.920    -5534.7    19673.9    32881.3    555.3    394.6    239.7 2021  6 28 12  0 14.640  1.11   1
     4365  55.418774 -161.453206     9.279    20658.2    35344.8    -9759.4    251.3    277.5    566.0 2021  6 28 13 22 43.780  0.55   1
     4368  54.617867 -161.518783    45.213    16653.9   -53816.0    26174.1    242.5    219.9    282.2 2021  6 28 16  4 46.700  1.23   1
     4370  55.185628 -161.767090    20.751      703.7     9389.9     1711.7    400.6    192.8    289.1 2021  6 28 17  9  2.320  0.58   1
     4373  54.489461 -161.713232    15.625     4173.7   -68110.7    -3413.9    359.4    280.1    326.5 2021  6 28 18 39 41.400  1.00   1
     4376  54.991060 -161.876595    10.227    -6294.2   -12270.4    -8812.2    217.4    191.3    331.2 2021  6 28 20 21 15.940  0.82   1
     4378  55.001127 -162.298486     9.677   -33257.2   -11149.7    -9361.5    179.8    162.0    194.3 2021  6 28 21  9 23.720  1.11   1
      438  54.423800 -161.324284     7.470    29213.6   -75420.5   -11568.6    434.5    364.3    394.2 2021  1 14  2  7 56.070  1.53   1
     4383  55.163965 -162.174935     2.161   -25309.5     6978.2   -16878.0    202.2    181.5    201.0 2021  6 29  0 17 22.290  0.37   1
     4386  55.335209 -161.727165     6.281     3243.4    26041.9   -12758.3    178.7    146.7    201.5 2021  6 29  0 57 57.850  1.85   1
     4393  54.897502 -161.568799    18.685    13395.6   -22685.8     -353.8    224.6    161.1    270.2 2021  6 29  8 12 43.520  1.05   1
     4395  55.573767 -161.287679    62.023    31121.8    52599.3    42983.7    439.8    449.5    368.8 2021  6 29  8 46 29.590  1.89   1
     4400  55.159794 -161.842887     7.433    -4130.9     6513.9   -11605.8    194.9    220.4    226.0 2021  6 29 12 38 19.600  0.43   1
     4402  54.784790 -161.935661     1.970   -10095.5   -35233.3   -17068.9    221.9    138.1    153.0 2021  6 29 17 54 52.480  1.33   1
     4409  54.981921 -161.892074     3.988    -7284.4   -13287.8   -15050.8    152.8     97.0    243.8 2021  6 30  1 46 12.980  1.38   1
     4410  54.605811 -161.278792    11.554    32069.9   -55158.2    -7485.1    139.8    137.1    132.1 2021  6 30  1 48 22.170  1.73   1
     4411  55.014575 -162.260742     2.956   -30839.8    -9652.6   -16082.7    231.1    206.5    254.8 2021  6 30  2 59 12.060  1.17   1
     4413  55.026587 -161.510579    32.013    17093.9    -8315.4    12974.5    398.4    402.1    554.2 2021  6 30 10 40  7.880  1.94   1
     4419  55.147428 -160.951237    71.486    52751.8     5137.3    52447.5    122.5    297.6    160.3 2021  7  1  0 35 51.240  2.53   1
     4422  54.735758 -163.510221    12.907  -111066.3   -40691.8    -6131.8    516.3    781.1    586.9 2021  7  1 10 29 36.020  2.03   1
     4423  54.874784 -163.150830    15.458   -87869.8   -25214.8    -3580.4    267.4    420.7    459.0 2021  7  1 17 26 23.240  2.29   1
     4432  54.953996 -162.069043     5.663   -18604.0   -16396.6   -13375.9    183.0    201.1    251.6 2021  7  2 20 25 30.240  1.67   1
     4437  54.498303 -161.721012    11.062     3673.0   -67126.4    -7976.7    223.2    168.6    194.3 2021  7  3 12 15 37.400  1.94   1
     4444  55.033398 -161.788444    16.829     -659.2    -7557.1    -2210.0    373.7    286.4    405.3 2021  7  4  2 21  5.830  1.33   1
     4448  55.235767 -161.393799    40.556    24491.3    14971.5    21517.0    468.8    525.8    455.4 2021  7  4  7  6 29.930  0.82   1
      445  54.541317 -161.195020     9.429    37480.1   -62337.9    -9609.7    341.5    291.1    335.5 2021  1 14  3 41 35.420  2.25   1
     4450  54.553304 -162.102262    22.282   -20831.4   -61003.5     3242.6    416.4    221.9    273.4 2021  7  4 14 27 16.240  1.15   1
     4452  55.479594 -161.777344     1.560       49.6    42115.5   -17479.1    350.8    331.7    358.1 2021  7  4 15  1 17.480  0.82   1
     4454  55.213236 -161.933919     4.347    -9930.8    12463.3   -14692.3    262.2    245.0    322.4 2021  7  4 18 15 21.120  0.26   1
     4459  55.050761 -161.656673    23.559     7757.4    -5624.2     4520.5    304.6    283.5    283.9 2021  7  4 20 39  1.200  1.23   1
     4460  55.107983 -161.978044    53.018   -12760.2      746.1    33979.0    723.8    533.8    479.0 2021  7  4 20 39 10.800  1.44   1
     4465  55.395846 -162.086947    21.981   -19640.4    32792.2     2942.4    264.0    425.4    259.5 2021  7  5  2 20 34.560  0.02   1
     4468  54.977950 -160.821696    57.965    61144.7   -13729.9    38926.0    253.8    326.9    309.5 2021  7  5  2 47 31.390  1.37   1
     4469  55.096501 -162.096973    25.036   -20354.0     -532.3     5996.7    848.6   1165.4    413.8 2021  7  5  3 36 30.270  1.40   1
     4475  54.953524 -162.254850     2.194   -30486.4   -16449.1   -16845.1    121.4    110.8    135.4 2021  7  5 18 18  8.520  1.18   1
     4476  54.937634 -162.243213     1.816   -29748.1   -18218.0   -17222.7    114.4    141.3    165.8 2021  7  5 18 18 20.600  1.62   1
      448  55.057723 -162.446598     2.872   -42693.3    -4849.2   -16166.8    234.6    247.7    266.0 2021  1 14  5 15 42.230  1.23   1
     4481  54.537972 -162.561312    21.874   -50342.7   -62710.3     2835.6    400.3    256.1    318.4 2021  7  5 23 55 26.360  1.45   1
     4482  55.308931 -161.831364    14.873    -3389.6    23116.5    -4166.0    359.6    216.4    206.1 2021  7  6  0 32 48.470  0.46   1
      449  55.046065 -162.075846     9.837   -19017.3    -6147.0    -9202.0    134.7    155.7    298.0 2021  1 14  5 28 25.250  0.58   1
     4494  55.264205 -161.534993     8.339    15488.1    18137.4   -10700.2    145.8    167.8    549.1 2021  7  6 12 45 54.120  0.17   1
     4497  54.758679 -161.058008    29.643    46162.6   -38140.1    10604.0    268.8    295.7    930.4 2021  7  6 17 56 24.900  2.19   1
     4498  55.205884 -161.604395    12.519    11075.2    11644.8    -6520.0    330.8    420.3    553.7 2021  7  6 18 44 15.680  1.23   1
     4502  54.817131 -161.195475    29.851    37323.3   -31633.0    10811.8    143.7    179.6    445.1 2021  7  6 21 35 16.960  2.77   1
     4503  55.366394 -162.191602     5.219   -26305.9    29513.5   -13819.4    366.0    160.7    446.2 2021  7  6 22 19  1.240  0.67   1
     4511  55.100777 -162.366895     7.848   -37582.7      -56.2   -11190.8    225.7    255.4    249.1 2021  7  7  9 44 11.680  0.66   1
     4513  55.072782 -162.159847     5.151   -24374.8    -3172.7   -13887.9    206.9    234.1    340.8 2021  7  7 11 42 57.200  0.53   1
     4518  55.100956 -162.383984     6.821   -38673.5      -36.2   -12218.2    212.6    295.5    250.3 2021  7  7 14 16 21.290  0.34   1
     4520  55.284595 -162.083496    24.215   -19448.0    20407.3     5176.2    479.0    430.3    409.3 2021  7  7 15 59 53.770  1.23   1
     4522  54.784155 -161.233447    32.300    34905.2   -35304.0    13261.2    276.3    337.5    594.5 2021  7  7 19 52 52.340  2.06   1
     4524  55.264766 -161.890885     7.668    -7183.1    18199.9   -11370.6    330.8    228.8    341.0 2021  7  7 20 45 36.740  0.90   1
     4525  55.337854 -161.610612     5.947    10661.2    26336.3   -13091.7    354.3    421.9    732.7 2021  7  7 22 34 11.960  0.65   1
     4531  55.082296 -161.432292     1.776    22080.5    -2113.6   -17262.6    194.0    154.2    164.4 2021  7  8  4  1 53.270  1.57   1
     4535  55.749711 -161.194548    63.772    36949.6    72186.2    44733.2    776.5    778.3    759.9 2021  7  8  5 21 56.310  1.68   1
     4537  55.299988 -161.905811    25.749    -8130.3    22120.9     6710.6    381.6    275.7    240.9 2021  7  8  7 45 43.930  0.98   1
      454  55.302124 -161.644010    29.140     8539.4    22358.7    10101.2    472.2    548.3    395.1 2021  1 14  6 11 28.110  0.59   1
     4540  54.459875 -163.130908     7.487   -87039.6   -71404.4   -11551.8    164.1    158.9    240.0 2021  7  8 12 11 31.290  1.60   1
     4543  54.366890 -161.657943    13.580     7741.5   -81755.9    -5458.9    565.2    341.6    432.2 2021  7  8 15 10 15.810  1.26   1
     4545  54.611405 -161.413070    45.560    23444.3   -54535.3    26520.7    202.4    199.2   3498.7 2021  7  8 16  9 52.700  1.43   1
     4549  55.303849 -162.047673    19.634   -17162.4    22550.8      594.7    514.8    529.3    479.8 2021  7  8 21 55  7.980  0.76   1
     4550  54.766382 -163.010042    11.731   -78963.7   -37282.6    -7308.0    201.1    288.6    317.8 2021  7  8 22 29 34.120  1.26   1
     4551  54.629732 -161.318766    30.742    29493.8   -52495.1    11703.1    186.0    155.4    340.0 2021  7  8 22 50  7.200  1.39   1
      456  54.595662 -161.294531    12.318    31063.0   -56287.9    -6720.8    200.8    172.1    173.8 2021  1 14  6 30 46.600  2.02   1
      457  54.563940 -161.219678    13.734    35885.1   -59819.4    -5304.5    250.4    205.0    194.7 2021  1 14  6 32 54.860  3.58   1
     4572  55.200081 -162.217952    15.707   -28040.6    10998.8    -3332.2    389.3    382.7    354.5 2021  7  9 13 43  5.320  2.19   1
     4575  54.957320 -161.555062    18.816    14264.1   -16026.5     -223.1    154.3    196.2    365.5 2021  7  9 15  3 55.090  1.22   1
     4579  54.556071 -163.344303    13.176  -100650.4   -60695.4    -5862.6    375.8    429.5    413.6 2021  7  9 19 13 56.000  1.44   1
      458  54.576921 -161.286719    27.878    31572.1   -58374.3     8838.8    202.9    198.1    895.2 2021  1 14  6 33 52.080  2.82   1
     4583  55.209676 -161.927458    10.128    -9519.4    12067.0    -8910.7    438.5    380.9    355.4 2021  7 10  0  5 57.390  0.53   1
     4588  55.406970 -161.858187     7.463    -5091.1    34030.7   -11576.0    254.4    177.6    274.9 2021  7 10  7  5 59.730  0.52   1
      459  54.581209 -161.324967    11.839    29113.1   -57896.9    -7199.9    219.2    146.5    159.3 2021  1 14  6 38 26.640  1.53   1
     4591  55.447961 -161.886410    29.368    -6882.2    38594.0    10329.5    206.7    345.7    214.2 2021  7 10 11  3 19.860  1.09   1
     4593  55.660010 -161.496436    12.309    17855.5    62200.2    -6729.9    662.2    641.6    673.9 2021  7 10 13 23 45.840  1.07   1
     4596  55.283040 -161.724479    17.392     3416.6    20234.2    -1646.9    215.0    169.5    146.1 2021  7 10 14 34 15.640  0.83   1
      460  54.570317 -161.280339    24.923    31984.6   -59109.5     5884.1    210.6    181.1    184.1 2021  1 14  6 43 26.000  1.84   1
     4600  55.247359 -161.890739    29.687    -7175.3    16262.0    10648.0    552.7    635.0    586.7 2021  7 10 22 58 25.720  1.64   1
     4605  55.477083 -161.599463    27.637    11351.0    41836.0     8597.6    555.9    578.0    661.1 2021  7 11  1 25 40.410  1.47   1
     4606  55.389461 -161.902881    16.058    -7934.8    32081.5    -2980.9    365.9    454.1    145.1 2021  7 11  1 59  7.380  0.56   1
     4611  55.562561 -161.100260    63.439    43020.7    51351.8    44399.8    479.1    613.7    491.1 2021  7 11 10 56 20.030  1.77   1
     4612  55.337524 -161.543018    16.508    14963.2    26299.6    -2530.9    199.7    307.6    476.8 2021  7 11 10 56 26.820  0.83   1
     4613  55.223641 -161.544938    38.085    14862.1    13621.6    19046.4    357.4    862.7    489.3 2021  7 11 10 57 42.430  1.07   1
     4614  55.214950 -161.707585     4.549     4496.4    12654.0   -14490.3    304.0    175.0    471.0 2021  7 11 11 28 36.000  0.23   1
     4615  54.884778 -162.985238    13.832   -77260.3   -24102.2    -5205.9    270.2    421.5    361.1 2021  7 11 17  6 33.980  1.60   1
     4616  55.015670 -162.610628     1.179   -53197.2    -9530.7   -17859.9    393.4    972.7    384.0 2021  7 11 17 33  9.740  0.64   1
     4627  54.674223 -162.252783    34.783   -30459.4   -47542.2    15744.5    462.8    320.7    490.8 2021  7 11 23  3 12.840  1.59   1
     4637  55.342550 -161.744271    17.798     2154.5    26859.1    -1241.3    381.9    485.7    363.9 2021  7 12  5  1 56.300  0.89   1
     4641  54.642562 -161.905111    34.081    -8152.0   -51066.9    15042.5    419.2    277.3    490.4 2021  7 12  8 31  3.070  1.13   1
     4645  55.136841 -161.253988    14.780    33442.0     3958.6    -4259.0    276.3    288.4    989.5 2021  7 12 10 41 33.710  1.60   1
     4652  54.944661 -161.423877    91.941    22656.5   -17435.7    72902.6    324.1    525.3    263.6 2021  7 12 14 53 22.980  1.07   1
     4653  55.336011 -161.716764    38.353     3905.3    26131.1    19314.3    555.2    677.7    419.3 2021  7 12 14 54 30.030  1.42   1
     4656  54.914237 -162.750016     1.686   -62182.4   -20822.6   -17353.1    251.8    399.0    255.7 2021  7 12 16  6 56.230  0.87   1
     4657  55.046195 -163.111344    14.210   -85160.8    -6132.5    -4828.7    229.0    898.3    504.0 2021  7 12 16  8 32.310  0.93   1
     4661  54.649792 -162.468457    68.287   -44312.9   -50261.9    49247.8    230.9    157.2    163.8 2021  7 12 21 46 18.640  1.28   1
     4663  55.027116 -162.298421    11.431   -33242.3    -8256.5    -7608.1    223.7    231.6    223.0 2021  7 12 21 47  0.100  1.43   1
     4669  54.803674 -162.001074     1.636   -14284.0   -33131.1   -17403.1    220.6    178.2    197.0 2021  7 13  1 13 57.760  0.62   1
     4671  54.925557 -162.636361    33.775   -54902.9   -19562.5    14735.7    332.3    324.9    335.3 2021  7 13  2 12 40.900  1.48   1
     4673  55.361365 -161.830192    14.824    -3312.8    28953.7    -4214.7    337.1    325.0    191.6 2021  7 13  4  9 14.290  0.10   1
     4674  55.672351 -161.479622     2.375    18918.3    63574.1   -16663.5    434.0    364.5    369.4 2021  7 13  4 23 53.660  1.13   1
     4675  55.388110 -161.861979    11.923    -5333.5    31931.1    -7116.3    404.2    356.3    194.7 2021  7 13  4 30  9.930  0.19   1
     4680  54.370935 -161.401709    16.875    24245.5   -81305.6    -2163.5    517.5    396.5    413.0 2021  7 13  6  3 25.690  1.36   1
     4681  55.247485 -161.983887     5.690   -13110.3    16276.1   -13349.0    344.7    265.1    304.7 2021  7 13  6  3 54.010  0.36   1
     4682  54.680160 -163.461930    11.986  -108044.0   -46881.3    -7053.0    329.8    423.2    322.4 2021  7 13  6 47 56.560  1.46   1
     4684  55.386633 -161.905160    15.565    -8080.1    31766.7    -3473.5    192.7    258.6    146.6 2021  7 13  7 20 54.030  0.65   1
     4686  55.001184 -162.257975     4.428   -30668.1   -11143.3   -14611.4    323.1    249.4    481.5 2021  7 13  7 49  4.670  2.77   1
      469  54.567546 -161.261198    24.228    33215.6   -59418.0     5188.7    256.8    207.7    213.3 2021  1 14 11  1 27.670  2.23   1
     4693  55.492590 -161.975081    14.471   -12510.8    43562.3    -4567.8    218.2    237.1    221.0 2021  7 13 10 50  3.920  0.62   1
     4698  55.095487 -161.566960    32.786    13480.1     -645.0    13747.0    382.7    469.1    412.2 2021  7 13 12  9 19.200  0.78   1
     4699  55.399215 -161.376758    23.005    25525.0    33167.3     3966.5    274.9    767.1    338.7 2021  7 13 12 18 58.060  1.16   1
     4703  55.245719 -161.514648     8.965    16788.0    16079.5   -10073.8    216.5    259.7    454.7 2021  7 13 13  5 16.280  1.03   1
     4706  54.709810 -161.479183    49.575    19175.1   -43580.4    30535.9    208.6    176.5    227.8 2021  7 13 14 46 34.100  1.28   1
     4707  55.267013 -161.998324    17.117   -14026.7    18449.9    -1921.6    383.6    298.8    355.1 2021  7 13 15 25 34.290  0.41   1
     4708  54.492965 -162.199398    69.817   -27094.1   -67720.7    50778.1    733.4    232.8    253.5 2021  7 13 16  5 14.050  1.79   1
     4712  55.415063 -161.894824    13.727    -7420.0    34931.7    -5311.5    120.2    234.7    159.0 2021  7 13 18 27 25.340  0.49   1
     4714  55.067778 -161.626025     4.090     9712.9    -3729.8   -14948.5    279.8    166.7    324.4 2021  7 13 18 33 12.400  0.64   1
     4716  55.326884 -161.829915    16.980    -3296.6    25115.1    -2058.8    346.9    188.9    175.6 2021  7 13 18 35 57.780  0.55   1
     4719  54.751013 -162.495589    14.938   -45996.9   -38993.5    -4101.0    297.2    218.2    665.4 2021  7 13 20 31 13.000  0.75   1
     4720  54.630204 -162.943180    61.170   -74803.8   -52442.6    42131.5    403.8    380.2    381.4 2021  7 13 21 36  6.880  1.67   1
     4733  55.204500 -161.421208    34.645    22753.5    11490.8    15606.1    306.9    360.8    359.1 2021  7 14  5  5 18.740  1.13   1
     4739  54.958529 -161.399007    35.225    24242.9   -15891.9    16186.1    326.1    374.8    337.5 2021  7 14 10 44 55.050  1.15   1
     4740  54.972852 -163.115299    13.790   -85491.3   -14297.5    -5248.4    284.8    407.3    338.7 2021  7 14 12 30 40.540  1.22   1
     4743  55.367318 -162.278906    22.902   -31860.0    29616.4     3863.2    346.7    487.5    347.9 2021  7 14 15 59 54.440  0.65   1
     4745  54.947135 -163.039827     0.298   -80691.8   -17160.3   -18741.3    188.0    296.1    167.2 2021  7 14 16 18 52.940  1.98   1
     4747  54.985461 -163.106348    13.660   -84905.7   -12893.7    -5378.8    295.1    505.3    400.4 2021  7 14 16 26  6.050  0.93   1
     4748  54.938110 -161.550456    29.024    14562.2   -18165.0     9985.5    331.6    379.4    671.6 2021  7 14 16 36 55.550  0.74   1
     4749  55.182975 -161.912142    11.808    -8545.9     9094.5    -7231.2    267.3    439.5    306.1 2021  7 14 16 37 18.660  0.77   1
      475  55.161975 -161.877409    20.549    -6332.7     6756.7     1509.7    493.1    250.6    353.5 2021  1 14 15 59 37.150  0.43   1
     4751  54.511926 -161.110693    12.971    42915.8   -65609.8    -6067.9    290.0    272.9    233.8 2021  7 14 17  7 51.240  1.39   1
     4752  54.989510 -163.120329    13.223   -85795.1   -12442.9    -5815.7    289.4    408.4    314.1 2021  7 14 17 26 13.840  0.80   1
     4757  55.297819 -160.638037    52.880    72596.1    21879.5    33841.1    167.5    329.9    242.3 2021  7 14 18 16  1.720  1.42   1
     4758  55.259949 -161.457568    23.524    20421.4    17663.6     4485.3    305.0    836.4   1082.2 2021  7 14 18 16 44.240  1.38   1
     4759  55.354077 -162.012223    13.631   -14895.9    28142.4    -5408.3    214.5    300.3    238.4 2021  7 14 18 41  0.480  0.08   1
      476  55.009261 -162.079915    34.416   -19286.0   -10244.2    15377.2    569.4    456.5    659.7 2021  1 14 15 59 52.470  1.17   1
     4760  54.716105 -162.463477    10.737   -43957.1   -42879.7    -8302.2    330.3    185.3    465.9 2021  7 14 18 44 43.160  0.70   1
     4763  55.006087 -161.533024    30.830    15663.9   -10597.5    11791.0    218.2    310.2    328.7 2021  7 15  0 53 45.770  1.21   1
     4767  55.757959 -161.967383    16.214   -11981.7    73104.4    -2824.5    927.2    474.6   1015.4 2021  7 15  1 33 32.500  1.03   1
     4777  54.965470 -162.259603     2.221   -30785.8   -15119.2   -16817.5     97.9    118.2    140.6 2021  7 15 11  1 54.060  1.20   1
     4778  55.159416 -161.937712     2.612   -10179.4     6471.7   -16426.8    269.5    260.9    351.5 2021  7 15 11 12  0.550  0.69   1
     4783  54.986833 -162.273275     0.272   -31651.6   -12741.0   -18766.4    181.0    159.0    159.6 2021  7 15 13 38  1.880  3.07   1
     4786  54.864779 -161.150456    26.379    40183.5   -26328.6     7340.4    268.4    204.9   1061.2 2021  7 15 17 35 26.800  2.56   1
     4795  54.597868 -163.362484    12.795  -101766.2   -56042.4    -6244.2    312.2    360.5    319.9 2021  7 15 23 15 37.720  1.07   1
     4796  55.312040 -162.197135    18.114   -26676.1    23462.6     -924.4    458.9    387.2    559.1 2021  7 15 23 59 55.540  0.87   1
     4798  55.936576 -162.454053    13.532   -42695.9    92988.9    -5507.3   1011.6    791.5    912.0 2021  7 16  0 42 45.590  2.38   1
     4806  55.176335 -162.530680    12.613   -47992.4     8355.2    -6426.3    215.4    641.2    441.8 2021  7 16  5  0 22.420  0.72   1
     4810  55.284294 -161.598079    19.605    11466.5    20373.7      566.6    265.9    272.6    332.7 2021  7 16  5 49 28.290  2.96   1
     4812  54.854643 -161.047152    13.398    46802.9   -27457.0    -5641.3    269.3    369.1    311.2 2021  7 16  7 28 56.660  1.64   1
     4815  54.773531 -161.115251    30.628    42485.3   -36486.7    11589.4    292.7    201.1    594.1 2021  7 16  9 46 59.940  2.35   1
     4818  54.807239 -160.697770    12.304    69213.8   -32734.2    -6734.6    333.0    359.3    295.4 2021  7 16 14 27 49.820  1.93   1
     4825  55.089010 -161.057910    14.449    45979.9    -1366.2    -4590.3    212.8    526.7    240.7 2021  7 16 19 12 22.420  1.30   1
     4826  55.030225 -161.565527    17.182    13582.6    -7910.4    -1857.4    169.5    277.8    321.4 2021  7 16 19 14  5.040  1.12   1
     4829  55.335677 -161.555143    23.503    14191.8    26094.0     4463.8    381.0    476.2    571.8 2021  7 16 20  4 38.880  0.74   1
      483  54.550448 -162.493734    58.439   -45991.7   -61321.4    39399.7    219.5    136.2    222.3 2021  1 14 19 23 40.880  1.84   1
     4833  55.492314 -161.152083     2.032    39766.8    43531.5   -17006.7    517.7    851.8    588.5 2021  7 17  1  1 43.160  1.21   1
     4840  55.054256 -161.154704    38.997    39817.7    -5235.1    19958.2    240.6    274.0    312.8 2021  7 17  1 58 19.480  1.61   1
     4843  55.201176 -162.174512    15.049   -25270.8    11120.7    -3989.8    350.5    263.0    488.0 2021  7 17  3 34 35.640  1.96   1
     4850  55.528308 -161.841569     8.634    -4028.2    47538.6   -10405.0    194.6    180.2    248.7 2021  7 17  6 51  4.340  0.22   1
     4851  54.921179 -162.168994     1.256   -25006.0   -20049.9   -17782.8     88.9    116.2    136.6 2021  7 17  7 17  6.110  1.02   1
     4860  54.272827 -162.083529    50.991   -19695.2   -92227.5    31951.8   1082.4    388.8   2708.6 2021  7 17 15 42 22.500  2.08   1
     4863  55.191923 -162.301514     6.440   -33371.3    10090.6   -12599.4    411.4    169.3    255.8 2021  7 17 20 27 25.800  0.18   1
     4872  54.852612 -161.798275    33.589    -1290.2   -27683.1    14550.0    635.7    545.2    807.2 2021  7 18  0 47 40.400  1.63   1
     4874  54.446077 -161.585693     8.270    12383.4   -72940.4   -10769.3    315.5    260.7    346.6 2021  7 18  1  1 52.230  2.14   1
     4878  55.057336 -162.832894     4.402   -67365.1    -4892.2   -14637.0    135.3    193.0    205.1 2021  7 18  5 26 36.120  0.65   1
     4880  55.289648 -162.187760    30.986   -26086.6    20969.9    11947.1    355.1    508.6    537.7 2021  7 18  7 59 53.010  1.00   1
     4882  54.658679 -161.903141     2.520    -8024.0   -49272.6   -16519.4    315.2    219.4    245.3 2021  7 18 11 27 20.990  1.78   1
     4884  55.169401 -161.720247    17.111     3691.3     7583.4    -1927.6    338.6    456.2    261.5 2021  7 18 12 55 42.130  0.33   1
     4885  55.474605 -161.533219     5.419    15560.1    41560.1   -13619.8    255.1    299.0    367.4 2021  7 18 13  1  4.330  0.84   1
     4886  55.352930 -162.301400     1.259   -33297.0    28014.6   -17779.5    720.5    484.8    641.1 2021  7 18 14 33 37.780  0.69   1
     4893  55.328133 -161.669987     5.520     6883.2    25254.2   -13519.3    321.8    156.8    396.6 2021  7 18 16 10 50.680  0.95   1
     4898  55.107381 -161.652555    22.965     8014.8      679.0     3925.9    252.9    270.0    266.3 2021  7 18 17 55 44.500  1.15   1
     4899  55.908927 -162.425374    13.608   -40898.7    89910.9    -5430.5   1004.6    791.9    912.0 2021  7 18 17 55 47.360  1.53   1
      490  54.526078 -162.035563    53.251   -16550.4   -64034.3    34211.8    472.6    204.8    308.3 2021  1 14 21 44  4.920  1.57   1
     4900  54.949475 -160.922656    12.609    54709.7   -16899.8    -6429.7    294.7    493.9    347.4 2021  7 18 20 41 55.000  1.17   1
     4902  55.013753 -162.303451    11.868   -33569.2    -9744.1    -7171.0    304.7    212.8    273.0 2021  7 18 22 16 44.080  1.42   1
     4903  55.002169 -162.436279    20.457   -42063.3   -11033.7     1418.1    200.1    212.8    169.6 2021  7 18 22 16 54.660  1.21   1
     4915  54.683382 -162.247005    72.579   -30085.2   -46522.5    53540.4    344.2    181.0    169.9 2021  7 19  2 49 27.590  1.74   1
     4919  54.481262 -162.941992    12.956   -74864.8   -69023.5    -6083.0    372.8    289.2    291.3 2021  7 19  5 28 39.740  1.55   1
      492  55.310111 -162.023551    12.078   -15625.3    23247.9    -6960.4    349.8    344.0    381.4 2021  1 14 22 51 22.560  0.29   1
     4922  55.136072 -161.883626    11.112    -6731.5     3873.0    -7927.3    182.5    318.5    263.8 2021  7 19  6 49 48.660  1.23   1
     4924  55.056641 -162.022135    38.760   -15584.4    -4969.7    19720.7    744.6    677.6    553.0 2021  7 19  6 50 39.570  0.78   1
     4928  55.377327 -161.776139     7.006      126.3    30730.7   -12032.8    240.1    244.5    373.9 2021  7 19 10 54  2.080  0.80   1
     4930  55.194430 -162.074447    18.211   -18892.9    10369.6     -828.3    423.8    348.7    413.3 2021  7 19 11  1 36.140  1.05   1
     4935  55.265389 -161.967725    10.796   -12077.8    18269.2    -8243.1    578.8    356.4   1281.7 2021  7 19 13 46 34.510  1.00   1
     4938  55.290405 -161.698812    18.457     5050.8    21054.1     -582.3    161.8    109.2     92.6 2021  7 19 13 53 47.990  0.42   1
     4948  54.876705 -161.462842    37.553    20181.5   -25000.9    18513.7    267.2    280.5   3420.5 2021  7 19 20 12 17.800  1.43   1
      495  54.635075 -161.321452     9.472    29319.5   -51900.3    -9567.3    257.0    226.6    308.7 2021  1 14 23 56  1.640  1.51   1
     4952  55.403971 -162.427018    26.129   -41264.0    33696.8     7090.3    416.5    380.1    737.2 2021  7 19 23 59 53.100  1.16   1
      496  55.156425 -161.959245    27.795   -11553.3     6138.8     8755.8   1006.3    539.5    458.0 2021  1 15  1  1 21.850  2.06   1
     4965  55.033195 -161.775830     9.679      146.6    -7579.7    -9360.1    274.1    372.2    580.4 2021  7 21  6 39 15.070  1.98   1
     4966  55.165808 -161.565723    34.015    13547.2     7183.4    14976.3    507.9    302.1    368.6 2021  7 21  6 50 46.680  1.33   1
     4968  54.661796 -162.554183    95.505   -49808.3   -48925.6    76465.9    276.2    214.3    119.9 2021  7 21  9 29 25.950  1.64   1
     4969  54.560026 -163.313314    10.513   -98654.0   -60255.1    -8525.5    360.4    387.1    342.3 2021  7 21 12 41 42.380  1.84   1
     4970  55.281173 -162.193490    30.003   -26454.2    20026.3    10964.1    401.1    471.1    502.9 2021  7 21 15 59 52.910  1.30   1
     4971  54.482284 -161.754720    10.151     1505.5   -68909.8    -8887.8    179.8    102.8    192.9 2021  7 21 20 31 47.920  2.22   1
     4975  54.616927 -161.191715    27.561    37657.3   -53920.6     8522.0    198.2    194.4   1039.1 2021  7 22  1 40 11.400  3.64   1
     4977  54.369368 -162.095329    10.791   -20432.0   -81480.0    -8248.0    637.2    186.5    270.9 2021  7 22  7 22 36.130  1.97   1
     4980  55.327946 -161.930973     4.435    -9729.1    25233.3   -14603.6    399.6    323.1    542.3 2021  7 22  9  4 45.420  0.13   1
     4988  55.159737 -162.317220     5.204   -34386.6     6507.5   -13835.0    284.0    231.7    189.5 2021  7 22 22  2 49.720  1.46   1
     4991  55.357393 -162.114535    20.167   -21405.2    28511.6     1128.4    486.1    394.2    272.8 2021  7 22 23 59 55.060  1.51   1
     4992  54.544177 -163.314046    13.139   -98720.4   -62019.5    -5900.0    231.7    250.7    230.4 2021  7 23  9 54 20.990  1.39   1
     4994  55.232402 -161.657243    33.522     7703.6    14596.9    14482.9    257.4    182.5    185.1 2021  7 23 12  9 54.420  1.21   1
     4999  55.738798 -162.029557    10.925   -15921.8    70971.3    -8114.2    663.7    374.2    776.4 2021  7 23 17  5 47.360  1.44   1
      501  54.772717 -160.580420    10.637    76764.7   -36577.3    -8401.8    279.0    329.4    255.7 2021  1 15  3 54 42.200  2.08   1
     5016  55.226624 -161.703711    49.773     4742.6    13953.6    30733.6    303.2    225.2    167.0 2021  7 24 13 15 17.290  1.58   1
     5017  55.275301 -161.749154    39.466     1845.3    19372.7    20426.7    391.8    290.1    219.2 2021  7 24 13 22 53.650  1.33   1
     5020  55.125354 -161.937858     5.155   -10193.1     2679.8   -13883.8    371.3    165.7    336.9 2021  7 24 14 49  8.780  1.64   1
     5022  55.348063 -161.894076     1.720    -7378.6    27472.9   -17319.3    182.7    182.6    367.5 2021  7 24 14 49 33.800  1.21   1
     5024  55.422217 -161.959847     6.104   -11553.3    35728.0   -12934.5    380.9    372.8    323.3 2021  7 24 17 27 45.020  0.77   1
     5027  55.133521 -161.967269     9.061   -12068.6     3589.0    -9978.2    369.1    265.7    316.8 2021  7 24 18 53 48.920  0.80   1
     5033  54.586491 -161.161393    30.199    39619.4   -57308.9    11160.5    313.0    285.5   1799.5 2021  7 24 23 34 53.640  1.52   1
     5037  54.700326 -160.901253    24.664    56251.8   -44636.3     5625.2    395.6    428.3    389.5 2021  7 25  3  5 58.420  1.56   1
     5038  54.991882 -163.620264    34.996  -117748.0   -12178.9    15957.6    428.2   1036.4   1396.9 2021  7 25  3 23  6.400  1.69   1
     5039  54.987663 -162.391683     6.164   -39220.2   -12648.6   -12874.7    177.9    213.3    287.3 2021  7 25  3 45 12.690 -0.25   1
     5052  55.250655 -162.091390    12.662   -19959.2    16628.9    -6377.3    299.7    204.1    312.8 2021  7 25  9 49 47.520  0.46   1
     5054  54.934875 -161.113021    32.217    42543.0   -18525.1    13178.4    240.3    270.1    502.3 2021  7 25 10 21 50.290  1.29   1
     5058  55.304142 -161.805518    22.520    -1744.1    22583.4     3480.8    297.1    294.2    233.5 2021  7 25 12  8 56.600  0.97   1
     5060  55.310457 -161.852441    17.036    -4731.4    23286.4    -2003.3    177.3    201.3    173.1 2021  7 25 12 23 17.770  0.79   1
     5061  55.373328 -161.730648     6.938     3020.3    30285.4   -12100.8    196.0    270.8    315.2 2021  7 25 12 27 56.580  0.68   1
     5065  54.797400 -160.987891    32.074    50633.2   -33829.6    13034.8    188.4    199.6    503.2 2021  7 25 12 47 46.620  1.86   1
     5067  54.544312 -162.059912    30.901   -18111.7   -62004.5    11862.1    805.8    331.7    986.7 2021  7 25 14 39 59.930  1.39   1
     5070  54.948584 -162.205632     3.951   -27340.6   -16999.0   -15087.7    218.1    159.7    286.8 2021  7 25 16 25  3.000  1.64   1
     5072  55.372310 -161.853255     1.957    -4779.5    30172.2   -17081.9    174.6    170.0    195.6 2021  7 25 16 25 28.660  0.47   1
     5077  55.202824 -161.863851     8.035    -5465.2    11304.1   -11004.3    223.2    146.1    284.5 2021  7 25 19 36  7.300  0.33   1
     5079  55.411930 -161.895492     8.302    -7462.8    34582.9   -10737.1    227.9    269.1    253.8 2021  7 25 20 36 32.600  1.04   1
     5080  55.045447 -161.705680    16.880     4627.5    -6215.8    -2159.3    318.7    294.7    407.0 2021  7 25 22 15 17.640  1.08   1
     5087  55.176188 -162.056022    29.404   -17722.2     8338.9    10364.9    483.5    387.3    347.5 2021  7 26  3 55 17.930  1.16   1
     5092  55.235905 -161.925016    41.166    -9360.7    14986.9    22127.2    481.2    513.0    417.6 2021  7 26  7 39 30.430  0.82   1
     5094  55.151457 -161.951790     6.258   -11078.5     5585.7   -12780.4    361.3    281.9    306.0 2021  7 26  8 11 19.980  0.33   1
     5097  55.506934 -161.760173    28.434     1140.1    45159.1     9394.7    431.3    306.7    181.9 2021  7 26 11 28 48.480  0.23   1
       51  54.976510 -162.895182     1.477   -71415.0   -13890.2   -17561.7    212.1    298.9    240.5 2021  1  2 14 13 33.960  1.91   1
      510  55.014941 -161.344043    32.725    27738.2    -9611.8    13686.1    228.2    234.3    323.7 2021  1 15 18 22 22.660  1.88   1
     5101  54.459489 -161.826921    63.072    -3139.6   -71447.4    44032.8    632.5    419.9    474.9 2021  7 26 16 27 49.760  1.58   1
     5107  54.445703 -162.022852    62.884   -15748.7   -72982.1    43845.6    501.4    157.0    216.1 2021  7 27  0 58 57.370  1.47   1
      511  55.061088 -161.415853    33.060    23136.2    -4474.5    14021.5    267.5    268.7    392.8 2021  1 15 18 22 35.920  2.02   1
     5115  55.299715 -162.254639    11.748   -30341.7    22090.5    -7291.0    344.8    357.9    498.5 2021  7 27  7 59 55.370  1.15   1
      512  55.549878 -161.800260     9.930    -1405.0    49939.8    -9108.9    319.1    185.0    352.2 2021  1 15 21 12 37.760  0.89   1
     5120  54.608761 -161.286426    12.730    31578.5   -54829.8    -6309.1    184.7    120.9    125.2 2021  7 27 12 12 34.910  2.82   1
     5121  54.571879 -161.342350    13.689    27999.6   -58935.6    -5349.4    211.4    196.7    205.6 2021  7 27 12 17 41.790  1.43   1
     5122  55.262431 -162.048210    13.672   -17205.5    17939.9    -5366.7    245.6    206.0    231.6 2021  7 27 12 28 41.640  0.22   1
     5130  55.276546 -161.751709    17.991     1682.5    19511.3    -1047.6    334.8    321.2    247.9 2021  7 27 20  4 43.080  0.60   1
     5131  54.928906 -162.249056     3.761   -30125.1   -19189.7   -15277.9    171.2    115.8    199.5 2021  7 27 20 20 50.280  1.56   1
     5133  55.030318 -163.145801    12.489   -87378.9    -7900.0    -6549.7    332.5    592.8    393.4 2021  7 27 23 12 28.800  1.32   1
     5135  54.844963 -161.210107    57.678    36373.5   -28534.7    38638.8    170.6    263.2    191.0 2021  7 28  1 31 19.340  1.39   1
     5139  54.613761 -162.646387     7.719   -55759.1   -54273.1   -11320.2    357.7    268.6    325.5 2021  7 28 11 54 45.260  1.86   1
     5143  54.989189 -162.347835     9.380   -36416.6   -12478.7    -9658.5    148.3    206.3    216.8 2021  7 28 15 34 17.450  1.46   1
     5147  55.006576 -161.535303    79.943    15518.2   -10543.1    60903.7    231.7    284.1    169.6 2021  7 28 21 12 14.340  1.93   1
     5150  54.486304 -162.128337    14.567   -22525.7   -68462.2    -4471.7    502.5    140.7    385.4 2021  7 29  5 47 12.170  1.84   1
     5151  55.250464 -160.788851    10.615    63030.2    16607.7    -8423.9    341.6    689.8    453.3 2021  7 29  5 49 50.580  2.03   1
     5152  55.747420 -161.243180    16.397    33871.3    71931.2    -2642.1    515.2    568.4    568.2 2021  7 29  5 49 52.440  1.81   1
     5154  55.385665 -161.487728    13.041    18471.0    31658.9    -5998.2    243.6    248.2    343.7 2021  7 29  6 16 19.630  4.95   1
     5160  55.318099 -160.729427    30.394    66759.8    24137.1    11355.0    281.5    595.4    811.8 2021  7 29  6 33  6.800  3.99   1
     5163  55.057182 -161.683903     3.536     6017.7    -4909.4   -15502.5    528.2    433.6    637.6 2021  7 29  6 37 17.390  2.92   1
     5166  55.270687 -161.743913    28.501     2179.2    18859.0     9462.0    635.6    485.2    206.4 2021  7 29  6 47 57.360  2.94   1
     5167  55.494735 -160.412874    11.189    86719.4    43801.0    -7850.4    411.7    859.7    415.3 2021  7 29  6 53 55.630  3.33   1
     5169  55.435905 -160.653695    13.724    71475.4    37251.8    -5314.5    278.5    642.5    339.0 2021  7 29  6 57 33.840  2.72   1
      517  55.362866 -161.849072     6.776    -4514.0    29120.8   -12263.0    430.9    253.9    226.0 2021  1 16  4 15 37.410  0.57   1
     5177  55.382646 -161.395215    28.144    24356.3    31322.8     9104.7    262.2    529.9    446.3 2021  7 29  7 21 49.290  1.53   1
     5178  55.319690 -161.246354    29.239    33851.7    24314.2    10199.7    289.5   1000.2    526.6 2021  7 29  7 22 46.910  2.50   1
     5182  55.448014 -161.573812     5.120    12985.4    38599.9   -13918.8    325.0    507.9   3145.3 2021  7 29  7 30 24.080  1.51   1
     5184  55.359583 -161.031217    48.109    47523.3    28755.3    29070.2    276.4    710.7    351.4 2021  7 29  7 33  3.480  3.18   1
     5185  55.255806 -161.587516     8.035    12143.6    17202.4   -11003.9    287.7    254.5    607.2 2021  7 29  7 33 44.320  2.69   1
     5186  55.182438 -161.913330    15.065    -8621.7     9034.7    -3974.2    422.0    289.8    377.5 2021  7 29  7 35 18.750  2.18   1
      519  54.870776 -161.404118    27.617    23942.2   -25660.9     8578.4    179.9    122.1   1794.5 2021  1 16  6 42  0.470  1.66   1
     5190  55.243009 -161.465267    16.591    19935.2    15777.8    -2447.6    238.9    248.7    410.2 2021  7 29  7 47 26.120  2.92   1
     5193  55.379256 -162.152637    43.839   -23823.1    30945.4    24800.3    484.4    447.2    275.1 2021  7 29  7 59 52.840  2.51   1
     5198  55.176383 -161.235889    46.078    34579.8     8360.7    27038.7    370.4    710.2    424.0 2021  7 29  8  9 30.510  2.56   1
     5199  55.244071 -162.056104     4.901   -17712.4    15896.0   -14138.4    439.3    481.9    759.1 2021  7 29  8 10 24.440  2.24   1
      520  55.212500 -161.868229    15.257    -5743.6    12381.3    -3782.3    465.4    173.8    253.4 2021  1 16  6 42 26.060  0.67   1
     5200  55.242411 -161.411556    20.643    23357.8    15711.2     1604.2    359.7    807.4   2120.5 2021  7 29  8 10 57.020  3.06   1
     5204  55.322823 -160.939551    55.419    53380.3    24663.0    36379.7    183.0    509.6    213.2 2021  7 29  8 16 19.590  2.92   1
     5209  55.429114 -161.794840     5.907    -1062.6    36495.8   -13131.7    725.2    446.2    741.1 2021  7 29  8 30 43.400  2.26   1
     5212  55.288163 -161.342806     0.155    27722.7    20804.5   -18884.3    232.5    341.0    228.0 2021  7 29  8 39 55.570  2.19   1
     5213  55.271586 -160.671029    48.982    70518.5    18959.1    29943.5    150.1    409.6    228.2 2021  7 29  8 40 44.620  2.73   1
     5217  55.055859 -161.801807     5.008    -1512.5    -5056.6   -14031.3    585.2    367.0    544.5 2021  7 29  8 56  0.180  2.16   1
      522  54.840230 -161.961410     2.868   -11737.5   -29061.5   -16170.5    251.0    214.8    325.6 2021  1 16  9  4  4.730  0.92   1
     5220  55.363562 -161.894482    42.093    -7403.1    29198.3    23054.1    985.2    631.8    423.7 2021  7 29  8 58 21.580  2.29   1
     5222  55.177539 -161.206559    22.238    36449.7     8489.3     3199.1    249.4    375.3    307.7 2021  7 29  9  8 22.960  1.99   1
     5224  55.265226 -161.214616    51.765    35896.6    18251.1    32725.8    143.4    357.1    126.5 2021  7 29  9 17 39.300  2.11   1
      523  55.162162 -162.234701    16.298   -29122.1     6777.5    -2741.0    296.6    303.9    182.9 2021  1 16 11 12 33.480  0.81   1
     5230  55.167106 -161.721354    42.739     3620.8     7327.9    23700.2    374.1    435.1    282.0 2021  7 29  9 36  0.080  1.33   1
     5231  55.355522 -161.695736    20.611     5242.4    28303.2     1572.6    358.3    396.2    337.1 2021  7 29  9 36 33.740  1.21   1
     5234  55.475777 -161.899463    30.498    -7709.1    41690.6    11459.5    443.0    319.7    434.1 2021  7 29  9 39 21.410  1.96   1
     5235  55.426990 -162.189388    24.258   -26145.2    36259.3     5218.8    507.9    399.9    671.0 2021  7 29  9 43 53.970  1.46   1
     5238  55.279712 -161.072673    32.228    44930.5    19863.7    13189.1    189.3    396.4    341.5 2021  7 29  9 52 52.530  2.22   1
     5239  55.324622 -160.982113    46.810    50669.8    24863.2    27771.2    182.2    307.5    210.9 2021  7 29  9 54 13.660  2.79   1
     5242  55.251619 -161.358854    50.494    26712.9    16736.3    31455.2    364.6    376.1    344.0 2021  7 29  9 59 11.570  2.08   1
     5244  55.440092 -162.186328     2.368   -25946.4    37717.9   -16670.5    349.9    424.1    454.8 2021  7 29 10  2 15.930  2.18   1
     5246  55.095382 -161.588281    38.083    12119.0     -656.8    19044.3    346.7    393.7    379.7 2021  7 29 10  5 44.020  1.73   1
     5247  55.222725 -161.958089    28.880   -11470.1    13519.7     9840.7    373.1    353.8    208.9 2021  7 29 10  6 27.170  1.15   1
     5248  54.878373 -160.673340    11.278    70716.6   -24815.2    -7760.9    461.4    952.6    528.1 2021  7 29 10  8 23.740  2.21   1
     5254  55.129773 -161.526660    34.204    16045.9     3171.8    15164.8    419.3    446.3    398.9 2021  7 29 10 18 13.710  2.44   1
     5255  55.388957 -161.899642    23.931    -7728.9    32025.3     4891.9    392.8    357.4    324.4 2021  7 29 10 20 42.390  1.62   1
     5257  55.430762 -161.687370    18.708     5769.3    36679.3     -331.3    386.0    401.1    430.3 2021  7 29 10 22 56.750  1.25   1
     5258  55.099052 -161.267594     1.376    32589.2     -248.2   -17662.6    207.5    386.8    240.4 2021  7 29 10 23 28.230  1.87   1
     5259  55.229972 -160.863574    32.817    58284.2    14326.4    13777.9    174.5    325.3    532.9 2021  7 29 10 24 42.520  2.05   1
      526  54.896948 -161.052100    30.407    46461.7   -22747.4    11368.4    300.0    327.5   1454.1 2021  1 16 11 47 21.970  2.47   1
     5260  55.247473 -160.872754    54.997    57686.6    16274.7    35958.3    214.0    363.5    267.7 2021  7 29 10 27 25.890  2.07   1
     5261  55.044755 -161.769906    11.815      525.0    -6292.8    -7224.3    263.6    256.1    383.2 2021  7 29 10 28  6.220  1.86   1
     5262  55.291459 -160.756331    50.191    65068.8    21171.4    31152.5    127.6    423.8    187.0 2021  7 29 10 38 28.250  1.86   1
     5263  55.255489 -161.427018     4.942    22368.9    17167.1   -14097.1    247.3    389.5    278.2 2021  7 29 10 42 51.470  1.08   1
     5265  55.344515 -162.942415     0.418   -74093.9    27077.9   -18620.7    461.6    734.4    391.7 2021  7 29 10 50 46.240  1.91   1
     5266  55.509757 -161.176986    15.735    38176.6    45473.4    -3304.2    608.5    807.6    651.4 2021  7 29 10 54 33.180  1.36   1
     5267  55.270683 -161.801676     3.030    -1500.2    18858.5   -16009.2    272.3    239.7    257.3 2021  7 29 10 55 16.230  0.77   1
     5268  55.285400 -161.334570    37.496    28248.1    20497.0    18456.9    264.3    667.1    397.1 2021  7 29 10 59  3.250  1.64   1
     5270  55.198832 -161.613851    19.679    10473.2    10859.8      640.4    322.2    455.7    314.9 2021  7 29 11  5 32.310  2.05   1
     5271  55.242017 -161.073454    31.312    44901.9    15667.3    12273.4    194.6    295.9    441.2 2021  7 29 11  9 16.950  2.69   1
      528  54.824491 -163.172087    10.361   -89286.2   -30813.6    -8678.1    290.5    412.1    372.0 2021  1 16 20 41 35.700  2.91   1
     5282  55.261702 -161.563607    14.043    13665.8    17858.8    -4995.4    211.6    220.0    300.4 2021  7 29 11 48 29.290  1.30   1
     5285  55.253369 -161.305111     3.496    30136.3    16931.1   -15543.3    237.9    402.4    356.7 2021  7 29 12 17 22.580  1.22   1
     5286  55.130640 -161.315462    21.883    29522.0     3268.3     2844.4    390.4    502.1    385.3 2021  7 29 12 18 29.800  1.93   1
     5290  55.244161 -161.290088    19.356    31097.0    15906.0      316.8    236.4    296.8    322.3 2021  7 29 12 28 54.180  2.30   1
     5292  55.208521 -160.671305    15.041    70556.4    11938.3    -3997.7    251.4    773.2    359.7 2021  7 29 12 32 39.070  1.91   1
     5293  55.196114 -161.294010    30.907    30865.6    10557.2    11868.6    404.6    529.8    771.5 2021  7 29 16  0 22.560  1.79   1
     5297  55.239925 -160.902653    32.372    55786.8    15434.4    13333.0    182.8    354.1    492.7 2021  7 29 16  9 42.880  3.21   1
      530  54.653353 -160.676937    21.814    70682.9   -49865.5     2774.7    561.6    577.6    535.4 2021  1 17  8 14 31.480  2.86   1
     5300  55.253772 -160.872835    56.856    57676.9    16975.9    37816.7    223.3    726.6    244.4 2021  7 29 16 38 28.030  1.75   1
     5304  55.420174 -161.653727    46.480     7909.0    35500.6    27440.7    821.1    663.8    387.0 2021  7 29 17  4 20.940  1.87   1
     5305  55.289876 -161.598340    13.245    11449.1    20995.2    -5794.1    541.8    656.0    771.0 2021  7 29 17  4 30.440  1.55   1
     5308  55.276331 -162.049463    35.773   -17282.3    19487.3    16733.9    834.5    968.4    538.7 2021  7 29 17 23 19.880  2.03   1
     5311  55.134871 -161.297412    26.860    30672.1     3739.4     7821.4    201.4    294.8    495.9 2021  7 29 17 33  9.360  1.35   1
     5315  55.260417 -160.776286    50.138    63822.8    17715.6    31099.2    121.2    402.6    219.5 2021  7 29 17 52 10.720  1.82   1
     5318  55.176827 -161.215381    31.825    35887.4     8410.1    12785.9    340.0    735.2    501.4 2021  7 29 18 14 55.100  2.21   1
     5319  55.431694 -162.088346    14.839   -19720.5    36783.0    -4199.9    342.9    331.4    528.5 2021  7 29 18 15  7.600  1.72   1
      532  55.075468 -162.014453     7.205   -15090.2    -2873.7   -11834.2    157.4    166.2    264.0 2021  1 17 16 26 15.000  1.05   1
     5320  55.181738 -161.552637    42.207    14379.0     8956.8    23168.5    342.5    333.9    295.3 2021  7 29 18 17 44.500  1.03   1
     5322  55.402637 -160.938493    17.182    53394.2    33548.3    -1857.2    240.2    865.5    776.8 2021  7 29 18 38 14.140  1.82   1
     5323  55.246956 -161.906901    15.517    -8205.1    16217.2    -3522.0    208.7    325.7    374.6 2021  7 29 18 38 46.660  1.04   1
     5324  55.294934 -160.935726    48.589    53642.4    21558.3    29550.3    136.2    439.9    176.2 2021  7 29 18 46 50.080  1.48   1
     5326  54.681340 -161.951286    12.182   -11111.0   -46749.9    -6857.1    439.7    222.5    346.8 2021  7 29 18 53 55.900  1.35   1
     5328  55.472465 -161.685937    26.446     5857.3    41321.9     7407.3    438.1    414.7    539.0 2021  7 29 19 12 48.560  2.91   1
     5330  55.304073 -160.911768    32.455    55161.8    22575.7    13416.1    174.1    419.0    413.7 2021  7 29 19 53 31.080  1.75   1
     5334  55.443705 -162.055566     3.828   -17634.1    38120.2   -15211.2    292.4    339.8    467.4 2021  7 29 20 24  8.820  1.75   1
     5335  55.249512 -160.835254    31.694    60074.4    16501.7    12655.0    201.7    540.6    526.8 2021  7 29 20 25 39.660  1.54   1
     5336  55.271598 -161.227344    27.067    35083.0    18960.4     8028.3    216.8    532.5    938.6 2021  7 29 20 31  8.820  2.55   1
     5339  55.200334 -161.765771     6.017      787.6    11026.9   -13021.8    175.8    248.3    440.5 2021  7 29 20 34  7.480  3.07   1
     5340  55.378206 -161.685368    22.307     5900.5    30828.6     3268.1    347.2    365.0    384.7 2021  7 29 20 42 33.160  1.16   1
     5341  55.008818 -161.714860     3.766     4043.0   -10293.5   -15272.4    273.6    218.4    339.7 2021  7 29 20 43  0.040  1.83   1
     5343  55.371627 -160.985384    41.088    50431.9    30096.1    22049.6    174.6    196.8    239.0 2021  7 30  0 55 44.980  1.75   1
     5347  55.240906 -160.760010    56.254    64875.5    15543.6    37215.2    129.6    376.4    156.2 2021  7 30  2 56 24.590  1.95   1
     5351  55.235718 -161.785026    10.460     -439.8    14966.1    -8578.8    347.2    209.1    337.0 2021  7 30  3 37 43.990  1.56   1
     5352  55.331730 -160.716618    58.337    67563.8    25654.6    39298.0    158.2    290.6    199.7 2021  7 30  3 52 43.560  3.37   1
     5353  55.281531 -160.864030    47.852    58217.7    20066.2    28812.8    136.9    495.7    208.0 2021  7 30  4 12  9.130  1.89   1
     5354  55.242411 -161.780518    11.583     -152.5    15711.2    -7455.6    374.6    246.2    404.6 2021  7 30  4 22  7.230  1.85   1
     5355  55.330127 -161.825749     5.057    -3031.3    25476.1   -13981.8    371.1    427.1    535.4 2021  7 30  4 22 34.820  1.53   1
     5359  55.217533 -161.661507    15.885     7433.2    12941.7    -3153.4    284.7    235.4    406.2 2021  7 30  5 32 58.760  4.03   1
      536  54.797058 -161.868864     1.810    -5814.0   -33867.6   -17228.4    224.1    147.3    171.0 2021  1 17 18 59 30.400  2.67   1
     5360  55.247599 -161.413216    19.201    23250.5    16288.8      162.3    205.4    322.0    352.6 2021  7 30  5 41 30.770  1.91   1
     5361  55.219796 -162.276090    18.083   -31739.3    13193.5     -956.0    315.0    353.9    416.2 2021  7 30  5 42  9.460  2.12   1
     5362  55.277946 -160.563932    33.564    77334.0    19667.1    14524.7    293.2    559.2    970.2 2021  7 30  5 49 52.850  2.08   1
     5365  55.467887 -161.123177    47.638    41615.7    40812.3    28599.1    305.0    457.5    375.8 2021  7 30  6 47  0.330  1.97   1
     5368  55.271204 -160.615771    52.179    74038.5    18916.5    33140.3    193.7    403.0    293.5 2021  7 30  7 25 12.630  2.59   1
     5372  55.076017 -161.734652    11.694     2775.9    -2812.6    -7345.1    380.2    324.1    526.9 2021  7 30  8 40 28.800  1.00   1
     5373  55.123779 -162.766341    16.380   -63062.4     2504.5    -2659.4    242.4    338.8   1310.6 2021  7 30  9 27 58.210  1.58   1
     5375  54.960901 -161.477311    13.269    19235.2   -15627.9    -5770.1    276.9    412.7    348.8 2021  7 30  9 55 18.120  1.49   1
     5377  55.117790 -161.810335     9.306    -2055.6     1837.7    -9733.3    371.4    361.8    470.6 2021  7 30  9 58 41.950  1.84   1
     5384  55.014490 -161.439827    17.050    21617.6    -9662.1    -1989.0    231.5    440.8    464.7 2021  7 30 12 38  8.830  1.43   1
     5387  55.228280 -160.885319    32.193    56899.6    14138.0    13154.5    208.6    381.7    502.8 2021  7 30 13 28 45.830  2.34   1
     5388  55.207393 -161.439421     3.583    21591.7    11812.8   -15456.4    281.2    328.1    661.0 2021  7 30 13 29 23.700  2.48   1
     5389  55.376160 -161.393066    18.120    24494.9    30600.7     -918.5    200.2    722.9    384.1 2021  7 30 13 53 54.860  1.59   1
     5390  55.248157 -161.577930    19.792    12755.5    16350.8      753.1    409.5    451.2    477.9 2021  7 30 14 20 41.680  1.92   1
     5394  55.068945 -161.018099    16.468    48533.7    -3599.8    -2570.9    274.2    422.6    355.2 2021  7 30 14 35 25.930  1.03   1
     5396  55.201282 -160.866390    41.220    58125.6    11132.5    22181.5    219.5    390.0    337.2 2021  7 30 14 42 18.030  2.54   1
     5397  55.267281 -161.654167    28.932     7896.2    18479.8     9892.7    720.4    527.2    748.9 2021  7 30 14 42 47.950  2.93   1
     5399  55.293616 -161.020231    39.441    48262.1    21411.5    20401.9    294.9    460.9    451.0 2021  7 30 14 58 52.760  2.23   1
       54  55.061910 -162.042660     3.036   -16894.1    -4383.0   -16002.6    146.2    178.2    410.3 2021  1  2 18  7 19.400  1.16   1
      540  54.574886 -161.269352    13.353    32688.7   -58600.8    -5685.7    199.0    188.9    173.6 2021  1 17 20 28 44.120  2.36   1
     5400  55.149117 -161.709521    26.132     4376.5     5325.2     7093.3    362.5    646.5    328.5 2021  7 30 14 59 27.710  2.35   1
     5401  55.137638 -161.788005    13.735     -630.3     4047.4    -5304.1    394.7    857.6    874.3 2021  7 30 15 27 17.720  0.80   1
     5402  54.438102 -161.806722    15.480    -1840.5   -73828.3    -3559.1    300.8    191.0    233.8 2021  7 30 16 57 32.750  2.05   1
     5404  55.228438 -160.887598    32.342    56754.3    14155.7    13303.2    178.3    401.9    420.1 2021  7 30 19 16  7.520  2.22   1
     5406  54.293233 -161.501416    10.757    17840.3   -89955.8    -8282.2    476.4    328.1    302.8 2021  7 30 21 25 29.680  1.80   1
     5407  55.462382 -161.109505    53.472    42487.3    40199.4    34432.9    261.2    397.7    300.8 2021  7 30 21 45  3.100  2.11   1
     5408  55.471147 -161.810872     6.479    -2080.7    41175.1   -12559.7    480.3    205.1    526.1 2021  7 30 21 55 23.880  1.57   1
     5409  55.431596 -161.724691     6.324     3396.8    36772.1   -12714.7    170.0    295.4    285.4 2021  7 30 22 12 38.600  2.21   1
      541  54.582369 -161.262142    14.055    33148.9   -57767.8    -4984.1    191.4    144.0    140.4 2021  1 17 22 21  2.560  2.73   1
     5412  55.279118 -161.096061    32.565    43441.2    19797.6    13526.5    212.6    456.3    436.5 2021  7 31  0 59 25.490  1.76   1
     5422  54.544560 -161.849935    12.903    -4615.5   -61976.9    -6136.2    227.9    162.2    211.6 2021  7 31 12 12 41.240  2.71   1
     5424  54.972742 -162.424300    24.255   -41312.8   -14309.7     5216.3    351.4    338.5    264.5 2021  7 31 14  4  8.180  0.87   1
     5435  55.235364 -161.349805     4.044    27295.0    14926.6   -14995.3    176.6    259.2    291.6 2021  8  1  1 49 34.080  1.51   1
     5441  55.243799 -161.062158    54.828    45620.6    15865.7    35789.1    212.6    565.7    194.8 2021  8  1  5 37 32.330  1.69   1
     5442  55.324072 -161.800179    29.194    -1403.8    24802.1    10155.0    686.3    666.9    785.4 2021  8  1  5 38  6.350  1.59   1
     5448  54.507487 -163.169710     0.929   -89483.7   -66104.0   -18109.7    262.0    243.3    197.4 2021  8  1  6 37  6.710  2.05   1
      545  55.457410 -161.618799     7.220    10125.0    39645.8   -11818.8    177.1    243.3   1396.2 2021  1 18  6 44 23.680  0.37   1
     5453  55.172274 -161.880257     5.281    -6513.6     7903.2   -13757.6    157.1    149.7    156.6 2021  8  1  7 51 38.960  1.73   1
     5454  55.354041 -160.769645    49.352    64170.7    28138.3    30313.1    229.0    356.4    327.8 2021  8  1  8 59 42.810  2.29   1
     5458  55.107556 -161.283789    30.799    31552.1      698.5    11760.6    221.9    282.4    405.8 2021  8  1 10  8 40.590  1.21   1
      546  54.592183 -161.199756     9.622    37152.3   -56675.2    -9417.0    386.7    312.7    309.3 2021  1 18  9 17 23.290  1.82   1
     5460  55.111857 -161.898275     5.922    -7668.4     1177.3   -13116.5    192.3    249.6    223.2 2021  8  1 10 28  7.020  0.20   1
     5461  55.341777 -160.918880    45.301    54683.1    26773.0    26262.2    211.1    436.7    313.6 2021  8  1 11 52 29.480  1.70   1
     5464  54.831641 -161.126432    36.290    41738.6   -30017.7    17250.7    219.5    174.0    369.3 2021  8  1 13  4 20.970  2.61   1
     5465  55.201636 -160.768376    53.256    64374.0    11171.9    34216.7    214.2    421.4    282.0 2021  8  1 13 43 17.330  2.03   1
     5467  55.208455 -160.673633    31.719    70408.1    11931.1    12680.0    211.6    442.1    642.7 2021  8  1 14 44 18.300  2.12   1
     5473  55.242008 -161.633301    14.650     9228.2    15666.4    -4388.8    193.6    253.6    334.7 2021  8  1 16 11 46.050  1.99   1
     5475  55.259888 -161.287354    32.696    31265.1    17656.8    13657.0    233.3    339.2    344.7 2021  8  1 20  1 48.880  1.63   1
     5477  54.894731 -162.339486    13.378   -35925.0   -22994.2    -5660.8    789.5    592.0    521.5 2021  8  1 20 37 39.240  1.51   1
     5478  55.306230 -161.072575    39.522    44921.8    22815.8    20483.6    248.6    267.5    359.9 2021  8  1 21 35 39.880  1.58   1
     5483  55.183118 -161.035433    33.287    47359.4     9110.4    14248.0    233.6    510.7    496.6 2021  8  2  4 48 30.770  1.69   1
     5486  55.436934 -161.295410    49.964    30683.8    37366.4    30925.4    266.2    381.1    262.6 2021  8  2  5 24 22.090  1.20   1
      549  55.334017 -161.724284     5.276     3426.8    25909.2   -13763.0    212.7    171.4    284.0 2021  1 18 14 24 49.090  1.81   1
     5492  55.309261 -160.900651    33.106    55865.9    23153.2    14067.0    209.7    200.1    449.2 2021  8  2  7 16  7.250  1.51   1
     5493  54.526575 -161.149723    13.333    40398.9   -63979.1    -5705.8    253.6    244.8    211.0 2021  8  2  8  0 10.500  1.84   1
     5495  54.329370 -162.713005     9.652   -60247.8   -85932.8    -9386.8    834.3    472.7    494.0 2021  8  2 13 21 17.330  1.85   1
     5496  55.078414 -161.653646    15.531     7948.0    -2545.8    -3507.7    310.9    290.6    420.6 2021  8  2 13 24 15.170  1.43   1
       55  54.545020 -161.526790    10.518    16154.2   -61925.7    -8520.5    325.1    263.7    296.5 2021  1  2 19 13 26.520  2.55   1
     5503  55.061853 -161.815869    17.493    -2410.5    -4389.4    -1546.3    273.0    238.9    307.0 2021  8  2 19 47 22.560  0.80   1
     5505  55.054655 -161.599642    13.130    11399.6    -5190.7    -5909.4    245.2    216.7    269.3 2021  8  2 21 57 27.480  0.90   1
     5506  55.173421 -161.959473    26.513   -11565.4     8030.9     7474.0    281.3    321.3    320.9 2021  8  2 21 57 45.960  1.12   1
     5509  54.821912 -161.137516    52.640    41033.6   -31100.8    33601.6    118.3    138.0    154.9 2021  8  3  3 28 18.770  2.01   1
     5510  55.306730 -161.948340    37.727   -10837.4    22871.5    18688.0    552.5    634.9    237.6 2021  8  3  3 44 48.540  0.89   1
     5515  55.229671 -161.040299    47.555    47021.7    14292.9    28516.3    190.6    402.1    258.9 2021  8  3  7 40  8.620  1.98   1
      552  55.208883 -161.364648    21.475    26357.8    11978.6     2436.3    299.3    378.3    415.1 2021  1 18 20  8 17.180  1.02   1
     5520  54.951986 -162.243896     4.746   -29786.5   -16620.3   -14293.2    142.6    125.8    171.1 2021  8  3 16 43 38.770  1.54   1
     5522  54.922221 -162.227474     3.882   -28746.9   -19933.9   -15156.8    134.3     96.3    152.2 2021  8  3 16 50  6.570  2.06   1
     5528  55.319702 -161.659603     6.866     7544.9    24315.6   -12172.9    132.6    152.0    221.3 2021  8  3 18 43 42.120  0.10   1
     5530  55.325020 -160.837061    11.731    59902.7    24907.6    -7307.8    233.7    720.2    375.7 2021  8  3 20  5 33.200  1.62   1
     5532  55.367745 -161.224495    81.535    35222.0    29663.9    62496.6    502.9    761.9    387.9 2021  8  3 21 30 14.100  1.92   1
     5535  55.267753 -161.616992    33.220    10264.1    18532.4    14181.4    351.5    368.7    266.8 2021  8  3 23 31 43.720  1.79   1
     5536  55.223560 -162.189551    15.412   -26222.2    13612.5    -3627.0    346.3    358.2    355.1 2021  8  3 23 32 22.520  1.77   1
     5540  55.258525 -161.843685    12.725    -4176.6    17505.0    -6314.4    188.4    134.7    157.3 2021  8  4  5 21 40.130  0.63   1
     5543  55.044145 -161.395817    23.094    24420.9    -6360.8     4055.5    292.9    321.8    185.0 2021  8  4  7 21 45.230  2.03   1
     5547  54.396631 -162.009961    14.510   -14928.2   -78445.0    -4528.7    452.3    202.9    222.9 2021  8  4 10 26 47.930  2.10   1
     5548  55.680192 -162.076335     2.145   -18897.9    64447.0   -16893.6    607.2    435.4    498.0 2021  8  4 11  5 27.830  1.82   1
     5552  55.492228 -161.365088    20.790    26236.5    43522.0     1750.7    572.7    746.1    391.9 2021  8  4 14 48  7.490  1.77   1
     5558  55.005160 -162.264730     2.508   -31098.2   -10700.8   -16531.0    175.4    164.0    205.6 2021  8  5  0 36 31.640  1.16   1
     5559  55.490938 -162.093766    21.054   -20050.2    43378.4     2015.2    431.8    494.7    417.0 2021  8  5  1 46 48.260  1.57   1
      556  55.167175 -161.032894    13.014    47530.7     7335.6    -6024.9    320.8    473.8   1246.6 2021  1 18 22  2 51.800  1.01   1
     5560  55.140658 -161.410970    30.410    23424.8     4383.5    11371.3    226.5    279.9    433.8 2021  8  5  3 54 50.840  1.24   1
     5562  55.047697 -161.231917    26.870    34888.9    -5965.3     7831.3    322.8    465.3    852.3 2021  8  5  7 16  1.430  1.95   1
     5574  54.827995 -162.520117    88.414   -47524.1   -30423.6    69375.5    353.1    251.6    154.9 2021  8  5  9 47  1.370  1.84   1
     5578  55.501595 -161.667627    24.026     7018.1    44564.8     4987.2    241.9    233.8    182.2 2021  8  5 12 19 40.770  0.49   1
     5587  55.349215 -161.890999    17.827    -7182.8    27601.1    -1212.4    467.6    550.7    433.3 2021  8  5 15 46  8.370  0.69   1
     5591  55.032853 -161.421549    28.266    22780.4    -7617.8     9227.3    228.0    258.2    488.9 2021  8  5 16 27 42.350  1.20   1
     5592  55.333073 -161.946712     8.344   -10730.2    25804.1   -10695.1    346.9    218.4    402.9 2021  8  5 16 28 16.720  1.25   1
     5595  55.454867 -162.169515    22.170   -24873.1    39362.7     3130.7    438.8    571.7    446.6 2021  8  5 17  5 19.920  0.75   1
     5604  55.080957 -161.667204    16.786     7082.1    -2262.6    -2252.8    330.2    553.9    368.9 2021  8  5 21 24  9.780  1.36   1
     5605  55.294735 -160.997575    56.193    49704.1    21536.1    37154.2    244.7    464.3    291.3 2021  8  5 21 43 37.560  1.71   1
     5609  54.928731 -162.201318     0.774   -27071.4   -19209.1   -18264.9    111.4    124.5    113.4 2021  8  5 23 12 11.760  1.67   1
     5612  54.945394 -162.390723    15.901   -39179.4   -17354.2    -3138.1    237.8    205.4    333.9 2021  8  5 23 26 36.760  2.19   1
     5613  54.903988 -162.253304     5.293   -30406.2   -21963.7   -13745.9    179.3    128.5    202.1 2021  8  5 23 47  8.560  0.29   1
     5615  55.404525 -161.302962    34.437    30216.0    33758.4    15397.8    257.8    635.3    346.8 2021  8  5 23 56 16.800  1.24   1
     5618  55.217045 -161.469971    27.101    19641.8    12887.3     8062.5    251.1    230.6    313.6 2021  8  6  1  9  9.680  1.19   1
     5619  55.302856 -161.633333     9.278     9219.2    22440.2    -9761.1    196.4    329.3    457.4 2021  8  6  3  7 29.530  0.34   1
     5621  55.357410 -161.954997    17.389   -11254.1    28513.4    -1650.0    352.7    323.5    313.5 2021  8  6  3 37 43.900  0.94   1
     5627  55.196521 -161.826107     7.701    -3059.1    10602.5   -11337.6    195.4    269.9    193.6 2021  8  6  6 10 52.460  0.71   1
     5628  55.278984 -161.395540    27.292    24367.1    19782.6     8253.0    225.1    349.0    533.2 2021  8  6  7 53 33.740  1.77   1
     5629  55.164083 -161.353044    18.475    27112.7     6991.3     -563.9    330.2    473.9    496.0 2021  8  6  7 54  4.800  1.67   1
     5630  55.150277 -162.306494    23.692   -33706.4     5454.3     4653.2    359.4    643.7    482.4 2021  8  6  9 10 41.980  0.97   1
     5640  55.005473 -161.292725    35.859    31021.2   -10665.9    16820.1    257.2    410.7    329.9 2021  8  6 12 42 25.430  1.21   1
     5641  54.896623 -161.335677    16.864    28314.4   -22783.6    -2174.9    260.1    319.3    310.1 2021  8  6 12 42 45.170  1.59   1
     5642  54.445024 -161.453044    11.076    20919.9   -73057.7    -7962.7    355.0    299.8    319.0 2021  8  6 13 43 21.530  1.07   1
     5643  55.015540 -160.394645     9.154    88404.9    -9545.2    -9884.8    352.7    555.7    346.6 2021  8  6 13 50 26.060  2.88   1
     5644  54.952970 -160.500944     9.011    81675.8   -16510.7   -10027.6    328.0    502.2    321.0 2021  8  6 14  4 34.230  1.62   1
     5645  55.020284 -161.321891    12.920    29151.8    -9017.0    -6119.4    260.4    273.1    356.5 2021  8  6 14  4 49.410  1.51   1
     5647  54.363009 -161.483675    11.347    18967.8   -82188.0    -7691.6    462.3    361.2    342.0 2021  8  6 14 31 16.580  1.39   1
     5652  54.939945 -162.183822     2.414   -25948.5   -17960.7   -16624.9    165.2    106.7    159.4 2021  8  6 16 18 20.580  1.02   1
     5657  54.540731 -161.269564    14.144    32688.8   -62403.2    -4895.2    395.8    361.2    370.6 2021  8  6 17 10  3.080  1.23   1
     5660  55.375680 -161.883561    23.949    -6707.2    30547.2     4910.5    528.7    649.8    381.0 2021  8  6 18  1  3.520  0.04   1
     5665  54.936552 -162.211995     3.127   -27751.7   -18338.5   -15912.0    159.2     83.7    211.7 2021  8  6 22 33 35.060  1.43   1
     5667  54.790820 -162.399577    14.934   -39821.9   -34562.0    -4104.9    240.7    188.2    487.7 2021  8  6 23  7 12.960  0.90   1
     5670  55.262321 -161.886475     8.260    -6902.3    17927.6   -10778.8    316.4    305.8    597.4 2021  8  7  0 40  1.680  0.43   1
     5671  55.454272 -161.904460    27.599    -8028.7    39296.6     8559.8    164.6    349.7    209.9 2021  8  7  1 15 34.050  0.65   1
     5673  55.166211 -160.944629    35.274    53160.9     7228.2    16235.6    191.1    468.0    468.0 2021  8  7  3 58  6.720  1.71   1
     5682  54.580180 -162.106022    56.287   -21066.0   -58011.5    37247.8    310.5    161.9    239.8 2021  8  7  9 13 34.180  1.61   1
     5683  55.289176 -161.967562    28.140   -12063.9    20917.3     9100.7    375.8    291.4    274.7 2021  8  7 10  3 15.400  0.68   1
     5684  54.491626 -162.322884    58.194   -35036.7   -67869.7    39155.1    410.6    156.1    189.9 2021  8  7 11 35 23.460  1.60   1
     5691  55.241772 -162.390918    21.092   -39047.5    15640.1     2053.5    417.1    381.0    365.0 2021  8  7 15  2 41.800  1.74   1
     5692  55.325582 -161.112126    17.050    42393.4    24970.1    -1989.0    321.7    519.8    937.3 2021  8  7 16 50  3.040  1.29   1
     5693  55.373051 -161.856120    16.408    -4961.7    30254.6    -2631.2    563.4    336.3    271.5 2021  8  7 16 50 36.610  0.93   1
     5695  54.997050 -162.323307     3.843   -34845.4   -11603.6   -15195.7    204.4    170.8    182.2 2021  8  7 22 30 42.160  0.52   1
     5697  55.203333 -161.691374    40.250     5530.5    11360.8    21211.4    465.3    445.5    305.3 2021  8  7 23 21 41.940  0.80   1
      570  55.173580 -161.896305    29.711    -7536.9     8048.6    10672.0    312.5    334.7    359.6 2021  1 19  2 32 13.050  1.47   1
     5706  55.428800 -161.725260    10.816     3360.7    36460.9    -8223.3    206.7    395.0    240.5 2021  8  8 18 49 55.400  0.46   1
     5721  55.272351 -161.877816    18.393    -6349.9    19044.2     -645.5    579.8    369.6    344.7 2021  8  9  8 31 56.940  0.66   1
     5724  55.079675 -162.406413    15.635   -40115.8    -2405.3    -3403.6    302.5    228.5    376.4 2021  8  9  9 45 44.230  1.44   1
     5729  54.703959 -161.627458    84.419     9665.0   -44231.8    65379.7    464.9    330.0    303.7 2021  8  9 11 29 55.190  2.54   1
      573  55.185095 -161.341504    12.554    27841.4     9330.5    -6484.8    382.4    470.5    582.1 2021  1 19  2 41 36.710  0.97   1
     5730  54.957357 -162.242464     2.867   -29692.9   -16022.4   -16171.8    155.3    154.5    181.5 2021  8  9 12 56 49.430  1.54   1
     5738  55.251839 -161.240934    28.774    34225.8    16760.8     9735.3    201.1    337.5    390.9 2021  8  9 14 51  9.250  1.57   1
     5740  55.322225 -160.616650    44.841    73935.4    24596.4    25802.5    182.0    302.0    299.2 2021  8  9 14 55  5.430  1.96   1
     5745  54.835319 -162.412191    16.033   -40607.8   -29608.2    -3006.1    322.7    233.1    789.6 2021  8  9 18 33 46.560  1.50   1
     5749  54.996781 -161.351823    31.378    27247.2   -11633.5    12338.7    308.8    439.4    568.4 2021  8 10  3 51 54.600  1.96   1
     5750  55.348962 -160.598698    40.962    75053.0    27573.0    21923.1    266.9    431.8    505.7 2021  8 10  6  4 45.990  1.79   1
     5754  55.381539 -161.776367     1.397      111.8    31199.5   -17641.8    176.7    200.5    253.2 2021  8 10  7 36  0.510 -0.55   1
     5757  55.394604 -161.810140     4.988    -2036.1    32654.1   -14050.5    274.8    225.8    336.2 2021  8 10 10 56 14.690  0.52   1
     5758  55.711955 -161.510921    37.423    16926.2    67983.0    18384.2    441.6    243.4    584.0 2021  8 10 13 52 46.540  1.57   1
     5760  55.271741 -160.877686    31.842    57355.0    18976.3    12803.3    155.9    321.5    404.9 2021  8 10 19 25 15.400  1.54   1
     5761  55.221785 -161.823730     8.938    -2906.7    13415.0   -10101.3    345.6    228.2    468.4 2021  8 10 19 25 57.920  1.57   1
     5763  54.881962 -161.796110    29.736    -1151.2   -24415.7    10696.8    511.0    427.2   1932.1 2021  8 10 21 16 38.560  2.47   1
     5764  54.969206 -161.806022     4.823    -1783.7   -14703.3   -14215.8    286.2    269.1    255.9 2021  8 10 21 16 43.800  2.18   1
     5773  55.266553 -161.010286    51.537    48911.9    18398.7    32497.8    164.4    387.4    210.9 2021  8 11  5 31 28.350  1.79   1
     5774  55.158394 -161.838118    15.532    -3826.8     6358.0    -3507.2    367.5    401.9    207.6 2021  8 11  5 32  9.070  1.22   1
     5776  55.224247 -160.777848    55.240    63752.1    13689.1    36201.1    182.6    344.4    254.8 2021  8 11  5 46 44.440  2.31   1
     5780  55.259941 -161.973698    11.791   -12459.2    17662.6    -7247.7    555.6    247.6    387.5 2021  8 11  5 52 18.960  1.65   1
     5783  54.994462 -161.500716    32.612    17731.2   -11891.7    13573.2    218.4    183.7    321.3 2021  8 11  6 53 51.870  1.66   1
     5786  55.133264 -160.524854    55.082    79967.2     3560.4    36043.0    135.7    308.5    223.5 2021  8 11  8 15 45.230  2.55   1
     5796  55.236837 -161.653743    16.524     7926.1    15090.6    -2515.0    197.8    210.5    216.4 2021  8 11 12 59  9.760  1.71   1
     5804  55.285824 -161.945459     8.295   -10656.7    20544.1   -10743.9    421.0    338.2    408.9 2021  8 11 17 57 41.760  1.03   1
     5806  55.242757 -161.729997    17.019     3066.7    15749.7    -2019.9    372.3    270.8    277.1 2021  8 11 18 51 11.440  0.65   1
     5808  55.167167 -161.608659     4.545    10808.5     7334.7   -14493.5    368.9    503.8    588.3 2021  8 11 19 28 41.400  1.55   1
     5809  54.674951 -161.625537    18.208     9791.7   -47461.1     -830.7    373.0    282.9    759.9 2021  8 11 20 39 50.860  1.29   1
     5814  55.049569 -162.283757     1.717   -32296.4    -5756.9   -17322.3    154.0    124.0    142.4 2021  8 12  2 55 20.360  1.43   1
     5817  55.025850 -162.447152     5.028   -42745.6    -8397.4   -14011.0    197.4    211.3    297.7 2021  8 12  3 14 53.090  1.18   1
     5818  55.046818 -162.317594     4.523   -34458.9    -6063.2   -14515.8    212.3    151.0    224.3 2021  8 12  3 15  9.930  1.24   1
     5821  54.621293 -161.332015    11.035    28646.2   -53434.6    -8003.6    212.9    169.4    190.4 2021  8 12  4 52 38.690  2.44   1
     5824  54.896802 -162.188151     0.388   -26239.5   -22763.7   -18650.7    108.0    119.2    102.3 2021  8 12  5 15  7.380  0.70   1
     5826  55.230127 -161.440137    21.342    21539.9    14343.7     2302.7    207.4    335.9    334.6 2021  8 12  8 52 12.690  1.45   1
     5828  55.242493 -160.819678    39.401    61072.2    15720.3    20362.2    179.8    361.2    343.7 2021  8 12  9 55  3.590  2.53   1
     5833  55.031539 -161.395752    16.943    24428.9    -7764.1    -2095.9    230.6    423.9    882.0 2021  8 12 10 28 46.860  2.41   1
     5837  55.387321 -161.619499     9.418    10089.4    31843.2    -9621.4    220.3    302.5    294.5 2021  8 12 11 12 27.940  0.56   1
     5845  55.163517 -162.620866    56.744   -53752.3     6928.4    37705.0    513.0    575.9    469.0 2021  8 12 16  4 55.830  1.53   1
     5850  55.244600 -160.742155    66.276    66010.2    15954.9    47237.5    138.7    281.5    150.5 2021  8 12 20 45 42.400  1.92   1
     5851  55.184180 -161.515202    22.769    16765.6     9228.6     3730.6    271.8    315.1    338.7 2021  8 12 20 46 11.920  2.14   1
     5852  55.071261 -162.339421    35.180   -35842.1    -3342.1    16141.1    436.0    427.0    298.5 2021  8 12 21 15  8.960  1.41   1
     5854  55.214620 -161.820492     7.438    -2700.5    12617.3   -11601.2    282.1    282.6    403.0 2021  8 12 21 17 11.360  0.95   1
     5856  54.855164 -161.277425    28.270    32058.7   -27399.0     9231.0    164.5    159.5    469.3 2021  8 12 21 50 11.600  1.90   1
     5857  55.262903 -161.139746    33.109    40667.1    17992.4    14070.3    169.7    310.6    256.6 2021  8 12 22  1 24.060  1.73   1
     5858  55.215621 -162.278467    14.446   -31892.4    12728.8    -4592.8    408.0    152.8    273.8 2021  8 12 22  2  6.280  1.16   1
     5863  55.333887 -161.821891    28.439    -2785.6    25894.7     9400.4    381.1    310.0    200.6 2021  8 12 23 16  3.040  0.54   1
     5866  55.246362 -161.082487    30.728    44323.9    16151.1    11689.0    325.2   1017.4    847.9 2021  8 13  0 53  1.730  1.50   1
     5876  55.283911 -160.961702    45.245    51995.5    20331.2    26205.8    125.9    311.7    212.7 2021  8 13  6  3 21.350  1.49   1
      588  55.044763 -161.723861    24.001     3466.3    -6291.9     4961.7    259.6    278.2    304.1 2021  1 19  8 11 12.470  1.43   1
     5880  54.624089 -163.390592    12.070  -103538.2   -53123.4    -6969.1    329.0    411.8    361.5 2021  8 13  8 12 39.920  1.33   1
     5881  55.433016 -162.129899    21.140   -22361.7    36930.2     2101.4    387.4    353.0    393.1 2021  8 13 10 49 39.510  1.17   1
     5884  54.574483 -161.450667    10.660    21039.3   -58645.7    -8378.5    180.4    173.0    241.6 2021  8 13 12 10 26.830  2.09   1
     5888  55.211873 -162.128109    10.505   -22309.5    12311.6    -8533.4    255.5    129.9    349.5 2021  8 13 13 54 17.250  0.54   1
     5889  55.170007 -161.746680    19.078     2005.5     7650.9       38.8    489.1    225.7    271.8 2021  8 13 14 21 44.790  0.77   1
     5893  54.620451 -161.282145    29.895    31848.8   -53528.4    10855.8    195.6    200.2    545.7 2021  8 13 16  7  1.830  1.20   1
     5896  55.360881 -161.601042    57.710    11267.0    28899.8    38671.4    559.8    559.5    234.4 2021  8 13 17 29 12.560  1.98   1
     5897  55.161886 -161.594385    25.254    11719.7     6746.7     6214.8    373.0    562.0    660.4 2021  8 13 17 29 48.240  2.05   1
     5898  54.859985 -162.693376    31.834   -58597.9   -26862.2    12795.3    239.9    226.8    385.2 2021  8 13 17 33 51.380  1.56   1
     5901  55.452413 -161.886833    25.108    -6908.7    39089.6     6068.8    313.4    374.9    221.3 2021  8 13 18 51 23.200  0.47   1
     5906  54.549943 -162.482682    33.503   -45281.8   -61377.6    14463.9    562.6    305.3    652.4 2021  8 13 21 19 52.440  0.99   1
     5908  54.787797 -160.966748    30.687    51994.0   -34898.6    11648.3    319.7    342.8   1138.3 2021  8 13 22 18 20.100  1.42   1
     5918  55.516801 -161.131787    55.668    41043.4    46257.6    36629.4    385.0    602.9    394.7 2021  8 14  2 45 28.360  1.05   1
     5921  55.234521 -161.403304    17.518    23885.9    14832.9    -1520.9    262.7    442.0    484.9 2021  8 14  3 31 19.160  0.72   1
     5922  54.913607 -162.797298    11.631   -65208.1   -20892.9    -7408.0    206.6    325.5    427.9 2021  8 14  4 20 29.180  0.92   1
     5924  54.963306 -162.698307     3.975   -58838.2   -15360.1   -15063.8    217.8    295.9    345.3 2021  8 14  4 21 31.600  0.91   1
     5929  54.903438 -161.587207    75.869    12216.7   -22024.9    56830.1    201.2    161.7     73.6 2021  8 14  8 43  6.550  1.12   1
     5932  55.404472 -161.993229    16.520   -13678.7    33752.5    -2518.9    589.2    450.3    413.3 2021  8 14 10 37 55.350  0.63   1
     5934  55.435632 -161.073503    50.329    44790.1    37221.5    31290.0    255.6    397.4    301.3 2021  8 14 10 55 26.030  1.18   1
     5935  55.281323 -160.808903    61.775    61728.8    20043.1    42736.4    199.7    381.2    220.3 2021  8 14 11 58  9.290  4.54   1
     5937  55.328927 -161.625423    26.359     9719.6    25342.5     7319.6    461.3    619.0    539.8 2021  8 14 12 15 28.860  2.42   1
     5939  55.017407 -163.471468    24.222  -108202.8    -9337.3     5183.4    329.7    831.0    363.2 2021  8 14 12 22 30.090  3.25   1
      594  54.594328 -161.199447    27.197    37171.2   -56436.5     8158.2    244.9    208.2   1519.7 2021  1 19  9 39 34.210  3.00   1
     5940  55.333057 -161.561247    34.358    13803.8    25802.3    15319.4    409.0    523.5    365.4 2021  8 14 12 35 26.600  1.87   1
     5943  55.280098 -160.855452    44.624    58765.0    19906.7    25585.3    186.3    340.3    292.4 2021  8 14 13  0 12.500  1.82   1
     5944  55.296895 -161.218490    54.048    35635.7    21776.6    35009.3    279.9    455.5    256.2 2021  8 14 13  7  7.690  2.47   1
     5945  55.016789 -161.215576    34.018    35946.5    -9406.2    14979.4    269.6    341.5    515.8 2021  8 14 13 12 17.880  1.42   1
     5947  55.107906 -161.556364    19.610    14154.3      737.5      570.7    262.1    358.2    407.3 2021  8 14 13 45 22.540  1.24   1
     5950  55.109949 -161.402865    29.534    23951.1      964.9    10494.8    409.4    439.2    743.9 2021  8 14 14 21 27.600  1.46   1
     5951  55.271708 -161.777539    16.969       37.3    18972.7    -2069.8    367.2    338.2    298.0 2021  8 14 14 22  2.170  1.15   1
     5952  55.255550 -160.755469    41.009    65152.9    17173.9    21969.7    129.1    457.7    216.9 2021  8 14 14 34 20.330  1.45   1
     5954  55.301514 -161.289535    41.884    31110.0    22290.8    22845.1    265.6    561.3    292.0 2021  8 14 14 55 32.730  1.92   1
     5956  55.272314 -161.392415    24.482    24568.2    19040.2     5442.7    285.0    409.8    247.5 2021  8 14 15 11 32.050  1.05   1
     5962  55.435201 -161.975651    15.598   -12556.0    37173.5    -3441.3    398.9    375.3    656.1 2021  8 14 16 55 51.490  1.10   1
     5965  55.189681 -161.034912    35.088    47388.7     9841.0    16049.6    231.9    365.8    373.0 2021  8 14 17  2 13.420  1.39   1
     5966  55.432784 -161.989339    11.242   -13426.5    36904.4    -7796.4    330.8    370.2    276.2 2021  8 14 17  2 53.600  1.18   1
     5967  55.133069 -160.818848    12.502    61208.6     3538.7    -6537.4    199.2    469.2    332.9 2021  8 14 17 33 48.840  1.61   1
      597  54.990914 -162.265820    12.540   -31173.5   -12286.7    -6499.2    338.0    296.9    300.6 2021  1 19 12 27 58.890  1.09   1
     5970  54.665767 -162.333480    48.911   -35641.6   -48483.5    29872.1    301.1    163.9    186.5 2021  8 14 17 47  2.480  0.80   1
     5971  55.208895 -161.658512    39.308     7624.9    11980.0    20269.6    450.1    319.3    278.8 2021  8 14 17 58 16.060  1.32   1
     5972  55.196293 -162.264014    36.631   -30978.6    10577.1    17592.0    493.6    420.0    438.0 2021  8 14 18  7  2.960  1.02   1
     5976  55.080204 -161.667594    14.390     7057.3    -2346.4    -4649.1    213.9    298.4    486.5 2021  8 14 18 38 46.520  1.17   1
     5977  55.399247 -161.620296     2.378    10037.1    33170.9   -16661.1    175.2    320.3    231.9 2021  8 14 18 38 48.080  0.94   1
     5978  55.509762 -161.126530    58.318    41380.9    45473.9    39279.3    685.7   1074.4    843.1 2021  8 14 18 39  8.140  1.95   1
     5979  55.241423 -160.867920    34.937    57999.0    15601.1    15898.4    226.4    374.6    471.0 2021  8 14 18 45  6.340  2.34   1
     5982  54.882882 -163.468180    24.451  -108173.3   -24313.3     5412.4    585.9   1097.8    642.7 2021  8 14 19 39 23.160  1.77   1
     5983  55.355627 -161.771745    18.473      406.0    28315.0     -565.7    702.5    796.1    526.0 2021  8 14 19 39 34.600  1.61   1
     5987  54.774312 -161.907308     1.885    -8279.6   -36399.8   -17153.5    393.7    143.8    159.3 2021  8 14 20 56 42.800  1.28   1
     5988  55.295264 -162.218945    24.623   -28070.5    21595.0     5584.6    289.0    392.6    387.6 2021  8 14 23 59 53.360  0.82   1
      599  55.109819 -162.204541    14.252   -27216.2      950.4    -4787.4    301.4    202.4    188.2 2021  1 19 14 19 31.300  0.72   1
     5991  54.898389 -160.719775    12.352    67727.4   -22587.0    -6686.8    394.2    593.7    437.8 2021  8 15  0 29 46.160  1.29   1
     5994  55.223185 -161.666064    24.427     7142.2    13570.9     5388.5    467.9    327.1    230.5 2021  8 15  2 32 36.430  1.08   1
     5998  54.803662 -160.865658    31.725    58460.5   -33132.4    12685.7    266.7    303.5    772.3 2021  8 15  7  9 35.250  2.06   1
        6  54.607996 -161.336686    13.946    28350.9   -54914.9    -5093.2    214.7    213.7    164.1 2021  1  1 11 56 44.770  1.91   1
     6000  54.968880 -161.401595    32.283    24074.4   -14739.6    13244.4    447.6    463.9    738.5 2021  8 15  7 58 40.300  1.46   1
     6003  55.264079 -161.379818    33.327    25373.3    18123.3    14288.2    395.8    502.4    771.0 2021  8 15  9  9 15.240  1.26   1
     6006  55.262720 -160.877230    39.754    57390.5    17972.0    20714.7    187.4    694.4    298.7 2021  8 15 11 22 17.540  1.43   1
     6011  55.236401 -161.123861     1.027    41692.8    15042.2   -18012.3    220.8    345.4    194.2 2021  8 15 11 59  9.380  1.15   1
     6013  54.981315 -161.599984    37.237    11388.1   -13355.2    18198.0    359.9    315.0    408.0 2021  8 15 12 18 40.120  1.17   1
     6014  55.252970 -160.644727    31.640    72210.6    16886.7    12601.0    360.2    623.7   1228.8 2021  8 15 12 19  4.750  2.25   1
     6016  55.271847 -160.631331    13.725    73046.8    18988.1    -5314.4    229.7    506.8    278.5 2021  8 15 12 57 21.280  1.14   1
     6019  54.608679 -161.233366    11.319    34986.2   -54838.8    -7719.9    201.3    182.8    198.9 2021  8 15 15 14 16.690  1.29   1
     6022  55.430107 -161.521419    22.896    16318.9    36606.3     3856.6    434.1    435.3    473.6 2021  8 15 17 47 31.780  1.38   1
     6023  54.585132 -161.995459    29.961   -13962.0   -57460.2    10922.3    591.0    227.9    768.9 2021  8 15 19 18 24.160  2.10   1
     6024  55.160124 -161.110140    39.081    42607.7     6550.6    20041.9    327.4    415.3    480.5 2021  8 15 19 45 13.080  1.18   1
     6026  55.093925 -161.235824    32.577    34619.5     -819.0    13538.5    257.3    392.5    474.5 2021  8 15 22 19 31.480  1.63   1
     6029  54.954154 -162.237500     2.081   -29376.6   -16378.9   -16958.0    130.5    124.7    174.3 2021  8 16  0 40 22.930  0.65   1
     6032  55.165592 -160.996224    12.207    49870.5     7159.4    -6832.3    266.2    539.4    464.0 2021  8 16  1 47 33.550  1.88   1
     6035  55.332837 -161.745654     5.893     2066.7    25777.8   -13146.2    168.4    128.7    171.2 2021  8 16  3 16 43.670  0.09   1
     6038  55.343075 -161.803955     1.796    -1643.8    26917.5   -17243.1    218.8    170.2    241.4 2021  8 16  4 12 55.890 -0.47   1
     6039  55.186348 -161.864339    11.128    -5497.4     9470.0    -7911.3    314.3    402.8    158.8 2021  8 16  4 47 56.940  0.45   1
      604  55.094637 -161.727083     9.975     3258.4     -739.7    -9063.6    303.5    166.6    320.7 2021  1 19 18 37 51.200  0.44   1
     6040  54.573816 -162.437419    33.682   -42360.2   -58720.0    14642.9    693.5    306.9    610.1 2021  8 16  4 53 28.460  1.81   1
     6041  55.309521 -161.937386    25.887   -10139.6    23182.2     6847.8    681.6    496.9    328.8 2021  8 16  8  5 52.420  0.78   1
     6043  55.435449 -161.729525    15.258     3089.3    37201.1    -3780.6    241.8    237.3    189.6 2021  8 16  8 48 57.480  0.32   1
     6044  54.375789 -162.200179    39.150   -27183.5   -80765.2    20110.8    749.7    328.0    633.0 2021  8 16  9 56  3.240  1.91   1
     6046  55.307235 -161.341764    40.596    27782.4    22927.7    21557.5    214.9    362.9    256.0 2021  8 16 12 20 16.890  1.90   1
     6047  55.302698 -161.708398     4.615     4439.6    22422.6   -14424.2    254.3    291.9    462.2 2021  8 16 12 56  9.530  0.26   1
     6049  55.108219 -161.663574     6.629     7311.4      772.3   -12409.9    214.0    247.1   1080.1 2021  8 16 13  6 36.010  0.70   1
      605  54.992163 -161.484587    13.397    18762.7   -12147.6    -5641.8    302.3    192.8    238.5 2021  1 19 21 57 11.960  1.26   1
     6050  55.212581 -161.824251     2.581    -2940.3    12390.4   -16457.8    349.9    187.1    315.6 2021  8 16 13  7 23.760  0.34   1
     6051  54.959762 -162.946387     0.703   -74704.1   -15754.7   -18336.1    210.7    333.6    187.2 2021  8 16 15 39 16.110  1.69   1
     6054  55.633276 -161.149365    19.130    39868.8    59224.1       91.6    458.7    570.8    514.5 2021  8 17  0 22 46.400  2.23   1
     6058  55.209672 -161.913428    56.924    -8625.0    12066.5    37885.1    947.8    526.5    214.3 2021  8 17  9 14 20.080  1.42   1
     6059  54.984749 -161.516178    16.205    16744.9   -12972.9    -2834.0    394.7    311.3   1084.6 2021  8 17  9 14 23.190  1.42   1
      606  55.123507 -161.721875     4.663     3589.6     2474.2   -14375.5    232.0    227.4    381.2 2021  1 19 21 57 33.120  1.18   1
     6061  55.290739 -161.427279    25.501    22342.4    21091.3     6462.0    257.7    355.0    589.8 2021  8 17  9 49 28.980  1.50   1
     6062  55.303658 -161.072119    31.422    44952.3    22529.5    12383.1    354.9    659.9    697.5 2021  8 17  9 49 52.190  1.38   1
     6063  55.302283 -161.445085    19.635    21205.5    22376.4      596.6    244.8    406.2    350.5 2021  8 17 11 24 55.960  0.89   1
     6070  55.459176 -161.731510     5.128     2962.2    39842.4   -13910.5    272.7    289.2    380.1 2021  8 18  4 35  6.640  0.91   1
     6073  54.962882 -162.709163     3.844   -59532.7   -15407.3   -15194.4    201.6    310.7    340.8 2021  8 18  4 58 45.360  1.42   1
     6074  55.269576 -161.761523     2.835     1057.5    18735.3   -16203.6    217.8    191.6    237.1 2021  8 18  4 59  5.810  1.67   1
     6077  55.363481 -161.779264    39.485      -72.5    29189.2    20446.0    633.2    580.3    259.9 2021  8 18  9 43 43.220  1.72   1
      608  55.108053 -162.192855    13.112   -26470.9      753.8    -5927.1    474.4    467.4    336.8 2021  1 19 23 43  6.180  0.87   1
     6087  55.302999 -161.770426    29.863      490.2    22456.1    10824.5    342.0    396.1    228.1 2021  8 18 17 49 52.000  1.05   1
     6088  55.462085 -161.790153     2.737     -764.3    40166.3   -16302.0    329.1    314.2    383.5 2021  8 18 17 56 50.020  0.49   1
     6091  55.238534 -162.119743    25.523   -21768.9    15279.5     6484.5    540.0    432.6    620.6 2021  8 18 18 16 42.680  0.79   1
     6093  54.988627 -161.563200    32.046    13738.4   -12541.2    13007.3    345.2    315.9    473.6 2021  8 18 18 22 18.880  1.85   1
     6096  55.165910 -160.733317    69.251    66638.7     7194.7    50212.6    250.9    561.5    316.9 2021  8 18 20  7 24.800  1.92   1
     6098  55.171847 -161.270492     1.151    32374.9     7855.6   -17887.6    212.7    258.8    228.0 2021  8 18 20 29 22.340  1.03   1
     6100  55.588171 -162.294954    19.918   -32790.0    54202.8      878.9    435.6    360.1    578.8 2021  8 18 21 22 29.440  1.30   1
     6104  54.814156 -161.158268    13.978    39708.2   -31964.2    -5061.1    271.0    274.8    344.0 2021  8 18 22 16 30.600  1.68   1
     6105  54.919938 -161.369580    67.220    26137.2   -20188.0    48181.5    370.3    334.2    327.0 2021  8 18 22 16 38.120  1.91   1
     6106  55.284013 -161.582992    27.959    12427.4    20342.5     8920.0    239.7    246.1    244.5 2021  8 18 22 27 51.880  0.99   1
     6112  55.003027 -160.236149    23.645    98548.2   -10938.1     4606.6    657.4   1102.6    715.4 2021  8 19  2  9 58.910  1.71   1
     6113  55.600614 -161.381755    28.407    25143.6    55588.1     9368.1    331.5    358.4    614.9 2021  8 19  2 23  7.460  1.96   1
     6115  55.325179 -161.696517     1.943     5194.7    24925.3   -17095.9    240.9    176.2    213.5 2021  8 19  2 43 30.140  0.44   1
     6119  55.518787 -161.729883    34.928     3063.4    46478.6    15889.3    447.5    432.8    277.7 2021  8 19  3 34 54.970  0.98   1
      612  54.870398 -160.978630    20.881    51180.2   -25703.1     1842.2    281.0    311.4   1940.9 2021  1 20  2  7  0.610  3.85   1
     6122  55.384273 -161.438184    19.437    21622.7    31503.9      397.8    226.2    346.9    345.5 2021  8 19  8  3 10.660  0.66   1
     6123  54.615889 -161.293359    25.354    31130.5   -54036.1     6315.3    244.7    203.3   1321.8 2021  8 19  8 46  3.640  1.64   1
     6126  55.249845 -162.010547     5.570   -14808.5    16538.8   -13468.5    369.7    322.3    856.8 2021  8 19 12 20 54.760  1.03   1
     6127  55.268050 -161.170687    65.039    38693.6    18565.4    45999.9    250.7    868.5    232.6 2021  8 19 12 27 29.090  1.29   1
     6132  54.718066 -162.685579    13.785   -58201.0   -42661.3    -5254.2    301.5    265.0    481.7 2021  8 19 18 29  4.820  0.96   1
     6134  55.131230 -161.854134    26.702    -4850.0     3333.9     7663.3    503.4    416.1    562.8 2021  8 19 18 32 30.120  1.17   1
     6141  55.210750 -161.741895    38.756     2309.5    12186.6    19717.6    453.0    284.4    240.5 2021  8 20  6 53 34.640  0.84   1
     6142  55.111975 -161.622933    43.173     9904.9     1190.4    24133.9    425.3    195.4    275.2 2021  8 20  6 57 34.520  0.79   1
     6143  54.935763 -162.226774     2.838   -28697.3   -18426.4   -16201.2     94.0    112.1    126.3 2021  8 20  9  2 35.480  1.53   1
     6148  55.046484 -161.270459    33.133    32427.6    -6100.3    14094.0    223.2    433.8    392.3 2021  8 20 10 47 22.590  1.18   1
     6149  54.871273 -162.666113    31.143   -56844.5   -25605.7    12103.9    300.4    279.3    348.9 2021  8 20 12 21 54.310  1.49   1
     6161  55.261418 -161.234684    32.831    34619.8    17827.1    13791.7    280.8    380.3    462.6 2021  8 20 23 49  5.240  1.51   1
     6164  55.253121 -161.169043    31.286    38805.5    16903.5    12247.2    184.0    308.8    333.2 2021  8 21  3 54 30.650  1.79   1
     6165  55.311112 -162.308789     4.743   -33784.9    23359.3   -14296.0    309.3    302.7    403.5 2021  8 21  3 55 10.900  2.65   1
     6167  55.315063 -160.439502    12.746    85219.6    23799.2    -6292.8    250.0    509.3    253.8 2021  8 21  8 45  2.920  1.71   1
     6168  54.917981 -162.200977    23.539   -27053.1   -20405.9     4499.9    413.6    311.1    304.7 2021  8 21  8 52 21.740  2.00   1
     6169  54.945919 -162.236719    17.928   -29329.7   -17295.7    -1110.5    195.3    185.4    203.3 2021  8 21  8 52 31.430  2.12   1
     6174  55.078821 -162.889567    15.485   -70965.7    -2500.5    -3554.2    293.3    405.1    310.1 2021  8 21 16 40 16.890  1.46   1
     6177  54.942981 -162.230729     6.208   -28947.7   -17622.8   -12830.6     91.9    142.7    149.4 2021  8 22  0  5 25.130  0.76   1
     6183  55.125798 -161.595801    19.737    11634.6     2729.2      698.2    277.7    471.2    331.1 2021  8 22  6 42 13.970  0.95   1
     6184  54.952047 -161.419808    21.110    22914.7   -16613.5     2070.7    338.1    417.9    556.6 2021  8 22  6 42 44.270  1.68   1
     6194  55.160356 -161.927897    21.440    -9553.3     6576.4     2400.7    506.7    224.3    276.4 2021  8 22 18 47 15.400  0.69   1
     6195  54.835331 -161.186084    31.049    37916.4   -29606.9    12009.7    285.7    191.2    599.3 2021  8 22 20 51 29.240  2.37   1
     6198  55.797925 -161.986572     1.004   -13190.0    77553.6   -18035.0    531.2    231.9    213.7 2021  8 23  7 18 58.980  2.02   1
     6199  55.404801 -161.445866    23.980    21128.6    33789.2     4940.7    340.1    593.2    375.3 2021  8 23  7 21 46.360  1.47   1
       62  54.936426 -161.415413    29.817    23200.2   -18352.5    10777.8    237.5    263.6    451.2 2021  1  2 21 33 59.180  1.62   1
     6202  55.318868 -161.873975    18.550    -6101.7    24222.7     -489.1    478.7    295.8    190.0 2021  8 23 12 22 34.930  0.35   1
     6203  55.468929 -161.878385    23.989    -6370.5    40928.2     4949.7    282.0    434.4    205.2 2021  8 23 13 15 22.840  1.01   1
     6204  54.913883 -162.207454     0.068   -27469.0   -20862.1   -18971.3    222.6    198.0    166.6 2021  8 23 15 37  9.380  2.04   1
     6206  54.613831 -161.399854    11.945    24292.3   -54265.4    -7093.8    239.3    199.0    189.7 2021  8 23 18  2 57.340  2.00   1
     6215  55.142493 -161.912516    16.458    -8574.1     4587.8    -2580.4    263.1    188.5    274.6 2021  8 24  0 52 39.680  0.58   1
     6216  54.917074 -162.218197     4.203   -28155.2   -20506.9   -14835.5    211.1    183.7    257.2 2021  8 24  0 59 41.460  1.01   1
     6227  54.534241 -163.354785    23.780  -101351.2   -63125.7     4741.2    620.0    668.3    602.5 2021  8 24 11 52 45.080  1.29   1
     6229  54.709037 -162.989681    15.997   -77713.7   -43666.5    -3041.7    311.3    291.0    724.5 2021  8 24 12 23 59.360  1.94   1
     6230  54.980204 -161.632796    23.020     9290.6   -13478.9     3981.4    359.8    309.4    361.9 2021  8 24 12 31 40.480  1.49   1
     6233  55.447843 -161.721338     7.324     3609.2    38580.9   -11715.1    198.7    321.9    348.6 2021  8 24 12 36 29.100  1.07   1
     6237  55.136348 -161.358285    15.547    26787.7     3903.8    -3491.9    195.9    297.8    562.0 2021  8 24 14 26  9.350  1.16   1
      624  55.166191 -161.413037    14.617    23285.5     7226.0    -4422.0    190.9    241.2    677.0 2021  1 21  5  1 58.740  1.91   1
     6242  54.680981 -161.723600    29.866     3498.6   -46789.8    10827.0    383.7    335.9    743.1 2021  8 24 17 29 38.940  1.18   1
     6247  55.276912 -161.992025    20.329   -13623.8    19552.0     1289.8    339.1    240.9    221.6 2021  8 24 20 27 24.000  1.52   1
     6259  55.463871 -161.731445    14.227     2966.2    40365.2    -4812.1    217.1    222.5    232.4 2021  8 25  2 11 30.510  1.02   1
     6260  55.337113 -161.706885    10.129     4534.1    26253.9    -8910.0    198.4    223.5    226.6 2021  8 25  2 17 46.410  0.57   1
     6264  55.247119 -161.849854    12.797    -4570.3    16235.3    -6242.1    331.2    218.3    267.6 2021  8 25  4  8  3.370 -0.43   1
     6265  55.011975 -161.667822     2.792     7048.7    -9942.0   -16246.5    181.3    337.2    214.9 2021  8 25  4 42 10.750  0.89   1
     6269  55.377275 -161.737240    21.173     2600.8    30724.8     2134.6    196.9    343.3    153.1 2021  8 25  5 34 12.550  0.27   1
     6277  55.545321 -162.188835     5.894   -26071.3    49432.5   -13144.6    387.8    355.8    543.9 2021  8 25  7 51 28.200  0.91   1
     6278  55.389913 -162.014242    66.184   -15017.6    32131.8    47145.3   1199.5    827.6    328.1 2021  8 25  7 59 50.300  1.36   1
     6281  55.437703 -161.879525    42.856    -6445.4    37452.0    23817.1    500.0    414.5    182.7 2021  8 25  8  9 20.870  1.27   1
     6282  55.383582 -161.872770    10.809    -6020.2    31426.9    -8230.1    273.5    228.9    175.4 2021  8 25  8 28 29.800  0.68   1
     6284  55.237903 -161.392936     1.648    24545.6    15209.3   -17391.3    176.2    270.1    252.7 2021  8 25  9 37 41.810  1.22   1
     6285  55.364270 -160.724202    13.394    67053.7    29277.1    -5645.0    268.4    729.6    412.1 2021  8 25  9 37 50.510  1.52   1
     6296  54.598263 -162.064079    15.430   -18367.2   -55998.5    -3609.3    294.9    151.2    585.2 2021  8 25 13 40  8.950  1.00   1
     6297  54.639486 -161.413770    14.646    23391.2   -51409.3    -4392.5    251.8    259.2    293.6 2021  8 25 14 46 33.870  1.16   1
     6298  55.349430 -162.216276    24.621   -27881.7    27625.1     5582.6    448.8    422.7    696.2 2021  8 25 15 59 54.160  0.71   1
     6299  55.329724 -161.727881    11.589     3198.1    25431.3    -7449.4    186.0    269.4    216.2 2021  8 25 16 13 23.300 -0.05   1
     6301  55.355025 -162.149756     4.776   -23647.0    28247.9   -14262.4    152.8    330.6    535.0 2021  8 25 16 51 22.960  0.92   1
     6307  55.305473 -161.504867     5.803    17398.3    22731.5   -13236.3    179.0    204.2    258.5 2021  8 25 18 53 11.720  0.57   1
     6308  55.228027 -161.609424     5.125    10751.6    14109.9   -13913.7    225.0    158.0    328.1 2021  8 25 18 57 22.080  0.62   1
      631  54.505481 -161.720785    10.285     3687.3   -66327.3    -8753.5    248.5    198.1    204.3 2021  1 21  7 50  6.900  1.59   1
     6310  55.446895 -161.881689    11.694    -6582.3    38475.3    -7344.4    443.1    438.3    346.0 2021  8 25 19 34 41.320  0.97   1
     6312  54.648572 -161.434147    12.481    22080.5   -50397.8    -6558.4    204.0    171.5    210.9 2021  8 25 19 56 14.720  2.00   1
     6316  55.210156 -161.460173    32.816    20268.1    12120.4    13777.3    416.6    443.2    506.8 2021  8 25 21 47 48.980  1.58   1
     6318  55.259570 -161.306429    45.248    30050.0    17621.4    26209.3    351.6    472.3    342.1 2021  8 25 22  7 56.880  1.40   1
     6322  54.714880 -161.374251    21.828    25904.1   -43016.0     2788.7    319.6    289.2   1463.9 2021  8 25 22 54 30.780  1.08   1
     6324  55.269409 -161.839567    15.228    -3913.8    18716.7    -3811.1    635.6    326.6    325.7 2021  8 26  0 26 53.410  0.73   1
     6326  55.417041 -161.740202     4.885     2411.2    35151.8   -14154.4    241.0    168.5    225.4 2021  8 26  1 22 23.300 -0.02   1
     6333  55.388684 -161.927246    14.304    -9484.6    31995.0    -4734.6    171.2    343.4    184.7 2021  8 26  2 22 17.830  0.37   1
     6334  55.025102 -162.202376    12.086   -27106.6    -8480.7    -6952.7    365.9    429.4    442.2 2021  8 26  2 26 43.400  0.26   1
     6335  54.721476 -162.890120    11.052   -71316.5   -42281.7    -7987.1    161.2    216.8    308.5 2021  8 26  3 15 56.130  1.03   1
     6336  55.069291 -162.990023    12.511   -77389.0    -3561.3    -6528.1    374.8    648.8    447.9 2021  8 26  4 40 30.260  1.10   1
     6338  55.345386 -161.773551    20.294      291.1    27174.8     1255.5    253.9    308.2    368.9 2021  8 26  5 34 44.570 -0.10   1
     6342  54.659318 -161.838753    39.634    -3891.3   -49201.5    20595.6    377.1    283.1    393.3 2021  8 26  8 49 43.490  0.85   1
     6345  55.290157 -161.529085     4.863    15859.3    21026.5   -14175.5    178.1    308.1    425.6 2021  8 26 10 42  2.770  1.03   1
     6349  55.211690 -160.917122    31.668    54884.1    12291.2    12629.2    292.1    461.6    688.7 2021  8 26 12 16 18.730  1.11   1
      635  55.380953 -161.865951     6.042    -5586.6    31134.3   -12996.9    341.0    212.4    234.3 2021  1 21  8 21 46.610  0.25   1
     6350  55.543054 -161.583724    28.688    12340.7    49180.2     9648.7    510.6    506.4    609.2 2021  8 26 13 57 17.920  1.03   1
     6353  55.233411 -160.925684    31.800    54323.7    14709.2    12760.8    192.1    437.2    380.0 2021  8 26 15  6 21.390  1.16   1
     6367  54.507499 -162.081706    15.394   -19521.3   -66102.7    -3644.6    474.4    155.7    722.0 2021  8 27  0 25 56.640  1.11   1
     6368  55.315023 -160.978304    73.009    50918.4    23794.7    53970.1    205.9    626.0    283.8 2021  8 27  1 11 19.300  1.05   1
      637  55.134013 -162.396761    39.834   -39472.8     3643.8    20795.4    253.3    309.4    259.7 2021  1 21 12 34 27.020  2.76   1
     6373  54.728027 -160.864958    28.861    58560.2   -41552.4     9822.6    425.0    456.8   1257.2 2021  8 27  2 40 13.020  2.31   1
     6377  55.187195 -161.634098     2.689     9183.7     9564.2   -16350.0    355.4    493.2    343.7 2021  8 27  3  5 34.690  0.07   1
     6381  54.815161 -161.045264    31.228    46946.7   -31852.3    12189.5    239.3    180.1    504.0 2021  8 27  5 24 28.610  1.73   1
     6382  54.551957 -162.290495    59.817   -32929.1   -61153.4    40778.0    427.4    160.9    161.8 2021  8 27  6 32 50.270  1.12   1
     6387  54.752197 -162.952832    11.647   -75309.8   -38861.7    -7391.8    799.9    803.8    688.8 2021  8 27  7 56 36.670  1.18   1
     6392  55.201786 -161.797461     4.327    -1232.7    11188.6   -14712.0    273.6    281.7    388.7 2021  8 27 10 20  2.040  0.26   1
     6393  55.209863 -161.996045    16.812   -13891.5    12087.8    -2227.4    337.2    280.0    432.8 2021  8 27 10 20 18.710  0.59   1
     6394  55.143575 -162.444450    47.054   -42510.6     4708.3    28015.0    357.2    367.8    243.8 2021  8 27 10 33 56.580  1.89   1
     6396  55.224919 -161.154215     0.781    39764.2    13763.8   -18257.6    242.1    412.7    208.0 2021  8 27 11 36 53.980  1.43   1
       64  54.808984 -161.310710    32.279    29944.7   -32539.9    13240.4    265.2    140.2    412.0 2021  1  2 23 32 26.740  2.17   1
      640  54.608639 -161.634977    12.485     9193.4   -54843.4    -6554.4    195.3    126.7    166.2 2021  1 21 16 27 56.260  2.90   1
     6406  55.047965 -161.555176    28.740    14240.8    -5935.4     9701.0    269.2    323.8    454.2 2021  8 27 20 23 16.680  2.80   1
     6408  55.145959 -162.002246    28.772   -14298.2     4973.7     9733.2    486.7    302.3    419.1 2021  8 27 21 55 18.520  0.63   1
     6409  55.221676 -162.086458    40.814   -19652.1    13402.8    21774.7    581.0    540.8    318.3 2021  8 27 23 59 53.240  0.57   1
     6411  55.008724 -161.564762    20.057    13635.1   -10304.0     1017.8    231.4    258.3    278.4 2021  8 28  1 35 21.250  1.08   1
     6412  54.446114 -161.497103     8.013    18084.3   -72936.3   -11025.5    294.5    261.6    323.5 2021  8 28  3 57 27.040  1.75   1
     6417  55.273889 -161.888656    12.035    -7040.2    19215.5    -7003.7    481.2    460.5    479.0 2021  8 28  7 59 43.700  1.35   1
     6420  54.994771 -162.349967     2.788   -36550.4   -11857.2   -16250.7    163.4    169.8    221.9 2021  8 28  8 10 58.300  0.81   1
     6423  55.123844 -160.365609    10.548    90138.7     2511.8    -8490.7    464.2    862.5    465.5 2021  8 28 10 27 19.370  2.16   1
     6427  55.108350 -160.338704    10.656    91873.3      786.8    -8382.5    374.2    670.9    374.5 2021  8 28 12 49 16.000  1.41   1
     6428  55.666850 -161.338997    39.165    27832.7    62961.7    20126.3    524.9    544.9    630.5 2021  8 28 13 32 16.190  1.18   1
     6437  55.109277 -161.022233    81.445    48245.5      890.1    62406.1    180.8    304.8    181.1 2021  8 28 18 20 12.540  1.78   1
     6448  54.872449 -162.622070    32.307   -54024.3   -25474.8    13267.6    248.4    358.1    312.5 2021  8 28 19 45 12.080  1.39   1
     6450  54.710470 -161.224414    15.196    35516.4   -43507.1    -3843.1    317.4    365.5    222.5 2021  8 28 19 51  1.160  0.98   1
     6452  55.405029 -161.845752    21.971    -4300.4    33814.6     2931.8    334.5    341.6    154.8 2021  8 28 19 54 26.040 -0.05   1
     6455  54.319307 -162.249772    15.337   -30398.8   -87053.1    -3701.8    890.5    337.8    515.0 2021  8 28 20  8 45.400  1.03   1
     6456  55.278141 -161.583659    28.310    12385.8    19688.8     9271.5    356.2    338.3    341.5 2021  8 28 20 22 20.360  1.89   1
     6457  55.322465 -161.299788    31.046    30449.1    24623.2    12007.5    305.6    432.7    564.3 2021  8 28 21 55 25.400  0.95   1
     6458  55.312162 -162.197673     6.204   -26710.3    23476.2   -12834.8    401.7    172.8    505.4 2021  8 28 23 59 56.400  0.79   1
     6464  55.032520 -161.654313    20.976     7910.0    -7654.9     1937.3    163.2    181.1    169.9 2021  8 29  1  4 52.410  0.83   1
     6465  55.121200 -160.361263     9.651    90419.0     2217.3    -9387.8    276.0    512.8    276.5 2021  8 29  1 16  1.050  1.62   1
     6468  54.936483 -162.530485    32.108   -48123.3   -18346.2    13068.9    420.9    474.8    558.2 2021  8 29  8 31 12.900  1.46   1
      647  55.175924 -161.714811    11.065     4037.7     8309.5    -7974.3    210.9    240.1    204.7 2021  1 21 21 23  0.380  0.62   1
     6471  54.642220 -161.419792    11.572    23003.8   -51104.9    -7466.4    198.6    151.4    215.1 2021  8 29 10 46 25.870  1.28   1
     6483  54.987406 -162.280290     7.267   -32099.7   -12677.1   -11771.6    136.1    120.1    187.7 2021  8 29 14  7 42.490  1.04   1
      649  54.587061 -161.331364    14.793    28700.1   -57245.5    -4246.0    289.1    212.9    291.5 2021  1 22  5  8 24.920  1.60   1
     6491  55.127950 -161.887028    12.949    -6949.2     2968.8    -6090.1    282.7    146.0    211.1 2021  8 29 16 23 17.630  0.60   1
     6493  55.036601 -160.544238    10.218    78825.2    -7200.6    -8821.3    350.9    452.2    278.7 2021  8 29 17 16 22.680  1.14   1
       65  54.810787 -161.416634    15.279    23158.2   -32339.2    -3760.2    279.9    280.0    450.7 2021  1  2 23 32 40.800  2.11   1
      650  54.867179 -161.780192    15.600     -132.3   -26061.4    -3439.2    297.9    254.2    555.5 2021  1 22  5  8 52.590  1.52   1
     6501  55.321977 -161.998405     2.373   -14022.3    24568.8   -16666.1    164.2    119.0    226.8 2021  8 29 18 50  5.820  0.10   1
     6517  55.192033 -161.200977    32.606    36799.0    10102.8    13566.7    172.7    331.7    355.3 2021  8 31 22 16 28.320  2.37   1
     6518  55.248088 -161.019710    58.387    48322.7    16343.1    39348.5    170.5    500.7    172.3 2021  8 31 22 16 51.440  2.59   1
     6531  55.240824 -161.286507    54.566    31326.5    15534.5    35527.2    306.2    509.4    280.5 2021  9  1  6 54 57.500  1.21   1
     6533  55.474874 -160.372477    73.525    89307.6    41590.0    54486.3    242.8    530.5    304.0 2021  9  1  7 11  9.200  1.74   1
     6536  55.380221 -162.560791    23.033   -49785.6    31052.8     3993.6    356.9    366.9    470.1 2021  9  1  9 46  1.810  1.79   1
     6539  55.221684 -161.645459    14.858     8455.7    13403.7    -4181.1    287.2    369.3    439.6 2021  9  1 13 17 57.550  2.08   1
     6542  55.291557 -161.661605     6.301     7420.1    21182.3   -12738.0    139.6    170.3    433.3 2021  9  1 14 33 39.070  0.29   1
     6543  54.597319 -161.406820    12.767    23849.8   -56103.6    -6271.6    255.4    195.6    194.3 2021  9  1 16  5 38.970  1.54   1
     6546  54.984542 -162.368213    11.448   -37721.4   -12996.0    -7590.5    189.5    180.8    134.5 2021  9  1 17 34 26.120  0.61   1
     6549  55.216357 -163.316130    13.220   -98033.5    12810.8    -5818.5    440.3   1056.2    458.0 2021  9  1 19 53 28.660  1.80   1
      655  55.053833 -161.738428    17.640     2535.5    -5282.2    -1399.3    244.3    159.0    208.0 2021  1 22 11 29 25.190  1.60   1
     6558  55.392098 -161.891553     8.198    -7214.1    32375.0   -10840.8    246.5    138.6    220.0 2021  9  2  4 28 27.930  0.01   1
     6559  55.232369 -161.257389    20.302    33185.4    14593.2     1263.0    285.6    382.7   1953.5 2021  9  2  4 56 30.850  0.99   1
      656  55.077421 -161.818669    17.092    -2588.8    -2656.3    -1947.1    188.4    167.3    177.0 2021  1 22 11 29 41.730  2.15   1
     6562  54.730526 -160.908870     9.353    55742.4   -41274.3    -9685.4    495.7    508.3    457.7 2021  9  2  5 10 44.000  2.09   1
     6563  54.949666 -161.336475    21.490    28244.7   -16878.5     2450.8    245.0    269.6    168.4 2021  9  2  8  7 54.680  2.42   1
      657  54.457776 -162.264030    46.878   -31264.5   -71638.1    27838.9    369.8    189.8    276.6 2021  1 22 12 58  1.920  1.98   1
     6570  54.206930 -162.125049    19.618   -22390.9   -99563.5      578.6   1094.2    375.7    417.5 2021  9  2 10  3 10.170  1.95   1
     6577  55.196948 -161.745817    20.483     2059.8    10650.0     1444.4    358.1    296.1    245.3 2021  9  2 12 56 32.960  1.30   1
     6579  54.664205 -160.834131     9.301    60584.8   -48657.4    -9737.7    404.3    409.3    383.5 2021  9  2 16  2 51.040  2.25   1
     6580  55.226636 -163.411572     8.656  -104103.7    13955.0   -10383.2    337.7    445.0    413.0 2021  9  2 16 53 44.620  1.83   1
     6589  54.453385 -162.205990    15.115   -27531.5   -72126.9    -3924.3    771.1    238.1    480.7 2021  9  3  3 48  0.470  1.49   1
     6590  54.883154 -162.184782     0.103   -26028.3   -24283.0   -18936.3    160.7    148.1    136.5 2021  9  3  3 56 11.060  2.67   1
     6592  54.655347 -162.621322    12.434   -54121.6   -49643.6    -6604.5    205.6    166.4    221.8 2021  9  3  6 19 39.710  1.32   1
     6594  55.412675 -161.878906     6.010    -6408.1    34665.8   -13028.7    287.5    243.9    323.0 2021  9  3 10 22 32.430 -0.18   1
     6597  54.485669 -161.353581     8.741    27307.0   -68532.9   -10297.4    368.1    249.7    302.1 2021  9  3 13 44  6.890  1.76   1
     6598  55.356649 -161.768571     5.250      607.9    28428.7   -13788.5    202.0    108.6    172.9 2021  9  3 14 50 28.240 -0.45   1
     6601  55.307825 -162.049821    35.942   -17298.3    22993.3    16903.1    487.8    543.0    517.6 2021  9  3 15 59 53.310  0.90   1
     6607  54.524772 -161.311686     8.752    29987.2   -64179.8   -10287.1    384.9    270.6    353.9 2021  9  3 16 46 58.870  1.88   1
     6608  55.292598 -161.752246     8.080     1648.0    21298.3   -10958.6    230.1    193.7    187.3 2021  9  3 16 47 26.440  2.30   1
     6610  55.107658 -161.648991    30.499     8242.3      709.8    11459.7    426.3    373.3    480.2 2021  9  3 16 49  2.340  1.59   1
     6615  55.119584 -161.646110    34.546     8424.9     2037.5    15507.0    420.6    394.1    422.9 2021  9  3 17 31 23.480  1.78   1
     6616  54.721480 -161.901139    12.914    -7889.4   -42281.3    -6125.0    319.0    161.7    315.0 2021  9  3 18 36 23.860  1.17   1
     6618  55.215841 -161.538916    17.268    15247.5    12753.2    -1770.5    213.9    212.8    302.4 2021  9  4  0 46 25.530  1.13   1
     6619  55.026514 -161.324007    49.979    29014.3    -8323.5    30940.3    581.9    773.9    599.2 2021  9  4  1 23 56.150  0.96   1
     6621  55.338965 -161.755794     4.481     1421.2    26460.0   -14557.9    521.1    471.3    463.6 2021  9  4  1 39 18.940  0.65   1
     6622  55.065222 -162.814583     4.067   -66189.2    -4014.3   -14971.7    138.8    263.5    218.8 2021  9  4  2 35 16.270  0.97   1
     6623  55.447083 -161.465088     2.565    19895.7    38496.2   -16474.1    187.1    343.0   2165.2 2021  9  4  2 54 59.860  0.48   1
     6625  55.125928 -163.116455     0.599   -85402.4     2743.7   -18440.0    325.8    819.5    300.5 2021  9  4  4  2 22.450  1.75   1
     6627  54.947180 -161.889583     3.071    -7128.3   -17155.3   -15968.2    213.2    185.1    266.1 2021  9  4  4  3  5.740  1.12   1
     6628  55.440995 -161.786458     4.205     -529.7    37818.5   -14834.1    231.4    236.1    326.5 2021  9  4  4  5 26.770  0.37   1
     6629  55.272827 -161.725391     8.193     3359.0    19097.2   -10846.3    187.6    199.6    370.5 2021  9  4  5 45  4.580  0.18   1
     6632  55.197469 -163.013656    13.400   -78772.2    10708.0    -5639.3    400.0    819.6    598.8 2021  9  4 10 23 42.390  1.20   1
     6641  55.359070 -161.808333    16.416    -1922.1    28698.2    -2622.8    329.7    343.7    158.9 2021  9  4 16  0 24.680  0.86   1
     6642  55.191968 -161.049984    15.612    46426.4    10095.6    -3426.7    408.8    624.7    491.4 2021  9  4 16  2 13.820  1.34   1
     6644  54.933919 -161.374577    28.278    25813.0   -18631.6     9239.0    297.5    305.6   1131.5 2021  9  4 16 19 47.520  1.35   1
     6647  55.272591 -162.493734    16.044   -45581.4    19071.0    -2995.1    275.2    307.7    535.8 2021  9  4 18 54 44.040  1.35   1
     6648  55.196676 -161.435303    27.368    21857.1    10619.7     8328.8    195.0    215.8    402.6 2021  9  4 19 32 39.040  1.52   1
     6649  55.213212 -161.806689    11.056    -1820.8    12460.6    -7983.2    459.8    259.1    458.6 2021  9  4 19 33 38.860  0.78   1
     6652  55.339421 -161.686800    18.368     5812.2    26510.7     -671.1    332.9    336.9    263.9 2021  9  5  0 35 26.740  0.52   1
     6653  55.246012 -161.888900    41.779    -7058.2    16112.1    22740.1    350.6    391.5    224.6 2021  9  5  2 22 56.380  1.34   1
     6655  55.403735 -161.972103    16.980   -12335.4    33670.6    -2058.5    230.1    264.0    268.6 2021  9  5  5  7 35.520  1.53   1
     6656  55.309420 -162.334749    64.779   -35438.4    23170.9    45739.8    402.1    908.4    271.6 2021  9  5  7 59 49.410  1.02   1
     6659  55.517265 -161.395654    43.909    24287.3    46309.2    24870.0    356.0    465.7    408.0 2021  9  5 14 56 32.180  1.30   1
      666  54.761804 -161.157764    24.915    39766.3   -37792.2     5875.6    326.5    297.4   1275.8 2021  1 22 19 16 52.420  2.28   1
     6661  55.031283 -161.656966    24.884     7740.6    -7792.6     5844.8    248.6    218.3    187.5 2021  9  5 16 42 37.540  1.29   1
     6662  54.931335 -161.591895    20.158    11912.7   -18919.2     1119.0    230.2    202.6    250.4 2021  9  5 16 42 51.020  1.41   1
      667  55.354195 -161.884473    15.502    -6767.0    28155.5    -3536.5    492.2    375.2    251.1 2021  1 22 19 42 19.600  0.51   1
     6671  55.379952 -161.577718    12.382    12748.0    31022.9    -6657.1    161.8    239.1    198.7 2021  9  6  1 52 45.900  1.00   1
     6673  54.409237 -161.390690    12.288    24943.5   -77041.7    -6750.5    387.8    301.5    282.4 2021  9  6  2 34 15.930  1.13   1
     6680  55.297420 -162.239941    22.631   -29406.7    21835.1     3591.7    211.4    399.9    342.2 2021  9  6  7 59 53.770  1.22   1
     6682  54.994731 -163.643164    13.495  -119207.5   -11861.8    -5543.8    235.9   1252.8    240.5 2021  9  6  8 35 41.290  1.47   1
     6684  54.545260 -163.042676    13.461   -81277.1   -61899.0    -5577.7    342.1    309.6    356.9 2021  9  6  9 31 41.580  1.27   1
     6687  54.808533 -160.900277    72.983    56239.1   -32590.2    53944.2    286.2    424.9    328.2 2021  9  6 12 34 51.550  1.55   1
     6688  54.634184 -161.551611    48.411    14542.9   -51999.5    29372.6    238.7    210.2    232.5 2021  9  6 13 52 12.440  1.47   1
      669  54.854586 -160.979460    32.270    51137.1   -27463.4    13231.6    206.2    319.3    526.4 2021  1 22 19 49  6.560  2.34   1
     6692  54.919877 -162.195915     0.664   -26728.7   -20194.8   -18375.2    116.9    147.2    134.1 2021  9  6 17 28 29.920  1.28   1
     6693  54.938851 -162.253776     4.080   -30423.3   -18082.6   -14958.8    260.5    212.9    281.9 2021  9  6 17 28 50.240  1.50   1
     6697  55.232381 -161.667529     7.687     7048.0    14594.6   -11352.0    244.9    251.6    442.6 2021  9  6 21 53 55.000  2.73   1
      670  54.813167 -161.577702    67.694    12839.3   -32074.2    48654.9    224.4    199.7    186.8 2021  1 22 21  6 35.560  2.10   1
     6707  54.483911 -161.759831    10.838     1176.7   -68728.6    -8200.7    221.9    151.6    212.8 2021  9  7  1 32 17.350  1.54   1
     6708  55.239677 -161.892936    12.495    -7316.0    15406.8    -6544.0    419.8    205.7    319.8 2021  9  7  2 32 46.410  0.96   1
     6711  55.333012 -161.895850    13.627    -7492.9    25797.3    -5411.5    241.2    226.7    149.6 2021  9  7  3 47 45.070 -0.06   1
     6714  55.118408 -161.840023    51.226    -3950.2     1906.6    32187.1    705.8    398.9    351.4 2021  9  7  4 39 39.060  1.41   1
     6716  55.239213 -161.887240    13.145    -6953.1    15355.2    -5893.9    224.7    185.9    252.6 2021  9  7  4 47  2.280  0.88   1
     6728  55.573901 -161.845736    14.427    -4290.3    52614.2    -4612.4    301.1    182.0    398.5 2021  9  7 10 22 46.600  0.44   1
      673  55.206767 -161.525749    18.859    16088.6    11743.1     -179.8    266.9    282.7    347.8 2021  1 22 22 26 35.020  1.45   1
     6731  55.349915 -161.851221    37.251    -4651.4    27679.0    18211.7    568.1    487.0    355.6 2021  9  7 14 10  5.680  1.15   1
     6733  54.499451 -163.204753     7.494   -91746.1   -66998.7   -11544.7    181.5    176.4    192.3 2021  9  7 15 10 56.830  1.52   1
     6734  55.375810 -161.306624    41.408    29993.9    30561.7    22368.8    317.1    576.3    366.1 2021  9  7 15 19 32.750  1.31   1
     6736  55.430444 -161.862695    31.483    -5376.2    36643.9    12443.9    256.6    343.1    144.3 2021  9  7 17 26 24.840  0.84   1
     6738  55.480208 -161.966439    19.651   -11963.7    42183.9      612.3    392.3    294.0    285.5 2021  9  7 17 27 29.400  0.53   1
     6741  55.676188 -161.477409    54.383    19057.7    64001.3    35343.7    472.4    397.6    403.4 2021  9  7 18 10 18.160  1.18   1
     6742  55.114347 -161.345459    16.951    27613.5     1454.5    -2088.0    288.1    631.1    611.0 2021  9  7 18 11 36.200  0.80   1
      675  55.214311 -161.755420    10.069     1447.3    12582.9    -8969.9    427.7    221.8    421.8 2021  1 23  2 36  0.250  0.86   1
     6754  54.372876 -161.459375     9.836    20530.7   -81089.6    -9202.5    323.5    251.9    238.1 2021  9  7 21 53 16.320  1.95   1
     6764  54.934497 -162.214160     1.853   -27890.9   -18567.3   -17186.1    119.2     55.2     90.2 2021  9  8  3  9 46.090  1.52   1
     6765  54.842696 -162.376937    15.861   -38346.5   -28787.0    -3178.0    298.5    181.5    429.6 2021  9  8  3 10  2.640  1.84   1
     6766  54.931148 -162.181413     0.149   -25797.3   -18940.1   -18889.7    192.5    111.6     90.6 2021  9  8  3 12 53.720  1.31   1
     6767  54.846053 -162.220898     2.811   -28353.0   -28413.3   -16228.0    206.2    152.9    184.5 2021  9  8  3 13 11.220  1.80   1
     6769  54.437537 -161.322640    11.187    29314.5   -73891.2    -7852.3    442.5    393.1    355.5 2021  9  8  4 52 59.830  1.12   1
     6771  55.383171 -161.848975    15.793    -4506.6    31381.2    -3246.4    225.5    179.8    161.4 2021  9  8  4 56 17.390  0.33   1
     6772  55.272493 -161.951270     7.577   -11028.6    19060.1   -11462.1    351.9    280.3    486.7 2021  9  8  5 43 47.380 -0.00   1
     6777  55.155575 -161.731559    13.295     2970.4     6044.1    -5743.6    504.6    322.6    423.3 2021  9  8 10 37 55.460 -0.03   1
     6779  55.479138 -161.398275    19.568    24132.4    42064.8      529.3    185.6    489.9    387.7 2021  9  8 11 39  8.340  0.46   1
     6781  55.389010 -161.931706    19.550    -9768.2    32031.2      511.1    588.3    517.2    347.5 2021  9  8 14 29 29.460  1.31   1
     6783  55.279102 -161.838216    31.233    -3827.3    19795.7    12194.2    527.3    405.6    283.7 2021  9  8 14 43 11.140  0.75   1
     6785  55.377661 -160.837337    15.510    59845.7    30767.9    -3528.5    211.4    939.2    864.9 2021  9  8 16 18 12.380  1.47   1
     6797  55.450916 -161.862663    27.180    -5372.7    38922.9     8141.5    406.9    421.3    205.5 2021  9  9  8  3 51.340  1.33   1
     6798  55.451168 -161.853662    27.753    -4800.7    38951.0     8714.4    241.4    306.7    164.6 2021  9  9  8  5  0.600  1.28   1
     6799  55.433822 -161.963802    29.693   -11803.0    37019.9    10653.7    875.6    248.0    328.4 2021  9  9  8  5 37.040  1.11   1
       68  55.225684 -162.896159    33.864   -71256.0    13849.0    14825.5    324.5    649.6    656.4 2021  1  3  1 52 19.270  1.76   1
     6801  55.514653 -161.787712    20.962     -608.8    46018.4     1923.0    457.6    439.9    347.3 2021  9  9  8  6 58.280  1.41   1
     6805  54.857874 -162.202311     1.884   -27158.8   -27097.3   -17154.4    197.2    124.2    167.9 2021  9  9 17 57 48.720  1.45   1
     6806  54.943433 -162.153597     1.861   -24014.3   -17572.5   -17177.9    242.4    133.4    155.1 2021  9  9 19 23 51.640  2.59   1
     6809  55.360347 -161.631071    10.738     9356.5    28840.4    -8300.8    200.1    228.2    183.2 2021  9 10  5 42 52.380  0.17   1
      681  54.836544 -161.192432    13.098    37509.3   -29471.9    -5941.3    262.7    244.1    302.9 2021  1 23  7 11 40.680  1.69   1
     6814  54.967224 -162.199154     1.709   -26920.1   -14923.9   -17330.4    220.4    176.4    202.4 2021  9 10  9 15 43.130  2.22   1
     6816  55.254431 -160.672510    42.068    70439.2    17049.3    23029.5    243.2    831.2    418.4 2021  9 10  9 21 37.860  2.02   1
     6824  55.281287 -161.567350     4.144    13424.0    20039.0   -14895.3    235.1    224.5   1451.1 2021  9 10 12  7 24.820  0.65   1
     6825  55.282975 -161.638753    12.808     8876.3    20227.0    -6230.5    267.9    284.6    296.8 2021  9 10 12 34 42.390  0.69   1
     6828  55.167090 -162.185124     5.476   -25958.3     7326.1   -13563.0    231.6    425.0   1286.3 2021  9 10 13  8 42.470  1.80   1
     6836  54.940902 -162.294368     6.219   -33018.8   -17854.3   -12819.6    157.7    151.1    146.2 2021  9 11  0  3 31.470  0.98   1
     6837  54.863000 -162.251774     2.692   -30323.7   -26526.6   -16347.4    270.3     96.3    143.6 2021  9 11  0  3 49.390  1.52   1
     6842  55.377686 -161.764014    13.338      897.7    30770.6    -5701.0    508.5    414.0    319.6 2021  9 11  1 27 33.110  0.89   1
     6845  54.377909 -161.644971    11.208     8575.9   -80529.2    -7830.8    518.3    295.6    291.1 2021  9 11  5 32 10.690  2.11   1
     6847  55.490068 -162.402067    15.909   -39634.5    43281.5    -3130.0    387.7    516.7    665.0 2021  9 11  7 25 34.950  1.37   1
     6856  55.167354 -162.233333     0.285   -29033.0     7355.5   -18753.6    188.1    234.9    220.2 2021  9 11 20 56  5.280  1.52   1
     6859  55.024101 -161.796126    17.739    -1150.2    -8592.2    -1299.4    292.7    227.4    345.4 2021  9 11 23 34  3.440  0.97   1
     6864  55.309676 -161.087126    45.020    43993.5    23199.4    25980.7    151.6    577.7    322.4 2021  9 12  5 18 10.450  1.67   1
     6866  55.352002 -161.757552    17.363     1309.1    27911.4    -1676.2    226.0    209.6    120.8 2021  9 12  6  1 28.930  0.80   1
     6873  55.256213 -161.542171     5.178    15032.4    17247.7   -13861.0    237.6    273.2    538.9 2021  9 12 16 57 51.170  1.45   1
     6874  54.909583 -162.190202     1.354   -26366.6   -21340.9   -17684.9    147.1    115.5    150.3 2021  9 12 17  3 37.360  2.48   1
     6875  55.350997 -161.870817     1.745    -5898.3    27799.5   -17294.3    156.9    253.4    243.6 2021  9 12 17  4 12.760  1.03   1
     6876  55.356185 -161.961377    10.137   -11660.2    28377.0    -8902.4    271.7    430.1    294.5 2021  9 12 17  9 22.220  1.00   1
     6877  55.056807 -161.487663     1.980    18551.1    -4951.1   -17059.1    277.6    243.2    292.2 2021  9 12 22 49  3.560  1.97   1
     6879  55.236060 -161.693245     4.806     5409.0    15004.1   -14232.8    240.1    198.6    380.2 2021  9 12 22 49 20.840  1.25   1
     6883  55.006413 -162.239665     3.984   -29495.9   -10561.3   -15055.1    215.8    182.1    262.8 2021  9 13  3 20 14.870  1.40   1
     6884  54.938261 -162.206250     2.128   -27383.6   -18148.2   -16911.0     98.5    120.8    142.9 2021  9 13  3 20 33.680  1.48   1
     6888  54.999748 -162.294368     6.414   -32994.6   -11303.2   -12625.2    153.9    144.6    202.1 2021  9 13 14  3 21.710  1.84   1
     6896  55.455986 -161.881982    34.790    -6600.1    39487.3    15751.6    769.8    447.6    213.4 2021  9 13 18 29 10.660  1.06   1
      690  54.933822 -162.828076    16.180   -67160.4   -18642.4    -2859.0    236.6    357.1    494.6 2021  1 23 14  6 22.750  1.68   1
     6901  54.931193 -161.368115    16.707    26227.3   -18935.1    -2332.0    281.6    303.8    515.7 2021  9 14  1 40 14.530  2.29   1
     6902  54.995048 -161.538444    29.464    15319.6   -11826.4    10425.4    326.8    308.9    530.4 2021  9 14  1 40 29.040  2.71   1
     6904  54.642798 -160.772493    22.000    64557.7   -51040.6     2960.6    367.7    390.4    357.6 2021  9 14  3 18 46.700  2.31   1
      691  55.127743 -161.659554     5.254     7566.2     2945.7   -13785.3    243.1    173.5    271.5 2021  1 23 14  6 27.130  0.45   1
     6911  54.930766 -161.126855    60.377    41660.2   -18982.6    41338.0    141.0    175.9    158.8 2021  9 14 17 37 19.300  2.15   1
     6913  54.951843 -162.767057     3.015   -63243.2   -16636.2   -16024.0    184.7    321.0    189.1 2021  9 14 19 17  6.200  1.59   1
     6917  54.802673 -162.673372    31.490   -57358.0   -33242.5    12451.1    313.5    327.5    433.1 2021  9 15  3 34 53.360  2.29   1
     6918  54.983032 -162.312354     8.586   -34151.2   -13164.1   -10452.5    214.1    156.5    162.8 2021  9 15  3 35 11.090  2.85   1
      692  55.271537 -161.789518     5.897     -725.7    18953.6   -13142.3    202.3    159.4    241.4 2021  1 23 14  6 45.040  0.35   1
     6920  55.359656 -161.799251    15.285    -1344.2    28763.4    -3753.6    196.6    228.1    141.0 2021  9 15  5 53  8.200  0.11   1
     6923  55.252397 -160.704671    49.677    68391.9    16822.8    30638.0    120.6    390.2    230.6 2021  9 15 10 49 31.970  2.07   1
     6925  55.114425 -161.620882    10.205    10035.5     1463.1    -8833.7    261.2    345.2   1770.3 2021  9 15 12 30 24.780  0.98   1
     6926  54.566105 -162.821224     9.143   -67026.4   -59578.4    -9895.9    282.3    278.6    307.1 2021  9 15 13 30  0.480  1.71   1
     6932  54.519678 -162.503206    13.864   -46618.2   -64746.9    -5174.5    361.6    209.1    264.0 2021  9 15 20 51  1.260  1.50   1
     6933  54.494718 -162.124235    14.740   -22259.6   -67525.5    -4299.2    422.4    130.8    653.7 2021  9 15 21 52 38.580  1.79   1
     6940  55.259562 -161.173389    30.613    38525.5    17620.5    11574.6    189.5    269.6    417.8 2021  9 16 18 35 42.040  1.38   1
     6941  55.190397 -161.833252     2.979    -3515.0     9920.7   -16059.5    200.0    199.2    443.1 2021  9 16 18 36 25.280  0.76   1
     6942  54.971216 -160.448421     7.022    85015.4   -14479.5   -12016.4    394.2    579.6    383.9 2021  9 16 19 49  6.920  2.06   1
      695  54.874972 -161.866536     0.882    -5659.4   -25193.9   -18156.8    327.6    174.1    141.6 2021  1 23 16 56 33.020  1.72   1
     6961  54.496627 -161.969255    10.253   -12291.9   -67313.0    -8785.9    351.8    215.3    229.1 2021  9 18  1 56 38.430  1.69   1
     6962  55.480884 -161.754590    15.113     1495.2    42259.1    -3925.9    164.6    113.1    160.9 2021  9 18  5  1 16.760  1.30   1
     6963  55.496407 -161.723454    12.808     3472.6    43987.2    -6230.8    359.2    357.4    241.8 2021  9 18  5  3  4.180  0.28   1
     6964  55.563932 -161.969499    19.941   -12145.3    51504.4      902.4    557.4    405.4    281.9 2021  9 18  5 15 33.950 -0.01   1
     6974  55.370841 -161.769515    32.623      547.8    30008.7    13584.3    714.3    620.4    438.6 2021  9 18 11 33 44.810  2.00   1
     6977  54.968758 -162.217887     6.400   -28117.3   -14753.2   -12639.2    240.0    238.0    374.4 2021  9 18 11 47 18.630  0.79   1
     6978  55.402433 -161.586068     9.270    12213.4    33525.6    -9768.8    148.3    215.9    227.6 2021  9 18 14  9 17.000  0.38   1
     6984  55.256930 -161.552100     4.747    14399.7    17327.4   -14292.2    126.7    148.3    268.8 2021  9 18 23  6 27.080  0.55   1
     6985  54.734973 -162.635482    14.385   -54976.4   -40779.2    -4653.5    260.5    227.4    267.0 2021  9 18 23 57 26.240  1.46   1
     6989  55.488338 -161.734473    13.389     2773.0    43088.9    -5649.6    206.8    174.0    166.2 2021  9 19  5 20 31.220  0.77   1
      699  55.192228 -161.773796     7.970      276.0    10124.6   -11068.8    490.5    222.6    331.7 2021  1 23 19 28 20.440  1.56   1
     6992  55.332450 -161.711296     5.815     4253.6    25734.8   -13224.0    138.6    139.4    205.3 2021  9 19  8 54 38.570  0.10   1
     6995  55.487952 -161.747786    14.402     1927.2    43045.9    -4637.4    182.7    138.4    177.4 2021  9 19 12 30 59.690  1.06   1
     6999  54.901249 -161.313851    30.831    29709.4   -22268.6    11791.8    230.8    190.9    423.4 2021  9 19 14 13 10.600  2.02   1
     7005  55.002030 -161.434684    31.718    21949.7   -11049.1    12678.7    272.1    267.8    441.1 2021  9 19 14 51 40.960  1.84   1
     7007  54.645882 -162.706755     1.957   -59612.2   -50697.2   -17081.7    334.1    280.7    278.6 2021  9 19 15 18 42.350  2.04   1
     7012  55.269613 -161.540820     3.874    15115.9    18739.4   -15164.4    149.8    185.0    333.6 2021  9 19 16 16  5.710  0.58   1
     7013  55.622864 -161.758854     5.504     1222.1    58065.0   -13535.1    263.9    263.0    372.7 2021  9 19 17 18 18.460  0.52   1
     7014  55.492151 -161.721110    12.554     3621.7    43513.4    -6485.3    281.4    233.1    177.4 2021  9 19 17 45 22.720  0.75   1
     7021  55.000993 -161.559831    32.547    13951.6   -11164.6    13507.7    323.7    295.3    419.9 2021  9 19 18 27 21.000  1.78   1
     7025  54.898018 -161.351009    31.644    27332.7   -22628.2    12605.1    254.9    233.8    450.5 2021  9 19 19 26  1.720  2.02   1
     7027  55.158529 -161.866569    18.494    -5641.6     6373.0     -544.5    309.3    208.8    288.5 2021  9 19 19 33 52.240  0.68   1
      704  55.329777 -161.676888     6.272     6443.8    25437.2   -12766.8    153.0    159.9    291.4 2021  1 23 22 28 43.560  0.58   1
     7043  55.336263 -161.523177     5.969    16226.2    26159.2   -13070.2    145.2    183.3    227.5 2021  9 21  4 37 13.000  0.72   1
     7044  55.198625 -160.722103    68.752    67326.5    10836.7    49713.3    205.2    509.7    250.0 2021  9 21  8 45 12.850  1.94   1
     7047  55.250391 -161.612158     5.166    10574.3    16599.5   -13873.0    267.9    272.7    266.3 2021  9 21 11 11 59.170  0.36   1
     7048  55.306877 -161.581641     9.886    12509.9    22887.8    -9152.5    264.0    345.1    382.8 2021  9 21 11 15 43.540  0.42   1
     7049  55.296143 -161.583171     4.153    12414.2    21692.8   -14885.5    198.8    240.7    447.4 2021  9 21 11 16 55.190  0.22   1
     7050  54.765352 -161.268001    48.582    32698.4   -37397.2    29543.3    233.5    191.7    226.4 2021  9 21 11 23 14.860  1.54   1
     7052  55.350574 -161.926449     5.509    -9438.4    27752.4   -13530.2    182.5    284.5    296.5 2021  9 21 11 35 57.590  0.17   1
     7057  54.663497 -163.358057    13.113  -101399.7   -48736.3    -5925.7    456.0    572.4    530.9 2021  9 21 13 25 16.770  1.51   1
     7058  54.721484 -163.147087    32.042   -87796.7   -42280.8    13003.0    301.6    338.3    973.2 2021  9 21 13 50 54.470  1.50   1
     7059  55.380823 -161.881673    29.504    -6586.7    31119.8    10465.1    640.7    591.5    219.7 2021  9 21 13 58 47.960  0.02   1
     7063  55.436690 -161.541292     5.042    15054.3    37339.3   -13996.6    200.0    266.0    248.4 2021  9 21 21  3 40.540  0.03   1
     7066  55.256421 -162.224121     5.630   -28413.9    17270.8   -13408.6    277.0    192.8    368.2 2021  9 21 22 57  2.520  0.36   1
     7079  54.525578 -162.214030    11.223   -28023.9   -64090.1    -7815.6    679.1    199.5    278.5 2021  9 22  9 52 39.310  1.74   1
     7085  55.338220 -161.767057    16.026      704.4    26377.1    -3013.1    136.1    251.7    127.5 2021  9 22 12 38 16.390  0.34   1
     7086  55.345186 -161.831868    15.848    -3420.1    27152.6    -3190.9    320.2    237.9    188.4 2021  9 22 12 43 11.430  0.32   1
     7087  55.328227 -161.640755    11.066     8743.8    25264.6    -7973.1    231.3    381.5    358.8 2021  9 22 12 46 33.690  0.29   1
     7088  55.394670 -161.749235    12.459     1837.4    32661.3    -6579.5    381.8    301.2    327.3 2021  9 22 12 49 31.860  0.48   1
     7089  55.368567 -161.822868    14.044    -2846.5    29755.4    -4994.9    200.7    252.2    154.8 2021  9 22 12 51 11.460  0.07   1
     7090  55.459900 -161.842139    16.166    -4067.9    39923.1    -2872.6    479.1    368.8    234.9 2021  9 22 12 52  1.600  0.47   1
     7091  55.025313 -161.524609    13.377    16197.8    -8457.2    -5661.5    225.1    273.0    436.6 2021  9 22 12 54 13.350  0.98   1
     7092  55.342912 -161.748910    17.472     1859.3    26899.4    -1566.7    209.6    218.0    136.7 2021  9 22 12 54 53.910  0.46   1
     7093  55.339966 -161.729785    15.058     3076.5    26571.4    -3980.8    218.6    208.2    154.9 2021  9 22 12 57  7.060 -0.39   1
     7094  55.346171 -161.741699    17.111     2318.0    27262.2    -1927.5    180.1    217.1    128.1 2021  9 22 12 58 48.690  0.38   1
     7096  55.451331 -161.887174    15.529    -6930.5    38969.1    -3510.2    219.5    144.0    118.2 2021  9 22 13  3 25.550  0.52   1
     7097  55.379163 -161.745622    14.907     2067.6    30935.0    -4132.1    323.5    231.0    191.1 2021  9 22 13  6  4.180  0.24   1
     7105  55.189860 -161.228841    32.752    35023.3     9861.0    13712.8    193.2    263.4    300.9 2021  9 22 21 40 26.920  1.89   1
     7107  55.309676 -161.675114    21.476     6558.3    23199.4     2437.5    271.0    286.8    279.1 2021  9 22 22 20 59.560  0.64   1
     7109  55.315096 -162.075000    41.002   -18899.7    23802.8    21962.7    577.3    628.5    340.8 2021  9 22 23 59 52.780  1.16   1
      711  55.267021 -161.680501    20.567     6218.7    18450.8     1527.9    364.3    383.1    258.9 2021  1 24  7 42 45.190  0.28   1
     7112  55.166329 -161.138395    23.998    40802.3     7241.4     4959.3    289.3    431.9    309.9 2021  9 23  4 33 52.330  2.34   1
     7114  55.390621 -161.668750    16.479     6956.5    32210.6    -2559.7    202.3    358.5    179.5 2021  9 23 10 47 36.020  0.40   1
     7116  55.489030 -161.916390    13.370    -8783.1    43166.0    -5669.0    437.6    241.5    261.3 2021  9 23 11 22 31.990  0.52   1
     7117  55.081803 -162.082292     2.717   -19420.3    -2168.4   -16322.2    102.8    158.8    183.5 2021  9 23 17 23  4.760  0.93   1
     7119  55.203491 -163.487077     7.312  -108947.3    11378.4   -11726.6    275.8    697.0    401.5 2021  9 23 21 55 58.180  2.24   1
     7123  55.006828 -162.275586     6.855   -31791.4   -10515.1   -12183.5    239.3    195.8    235.9 2021  9 24  7  5  1.710  1.96   1
     7126  55.033321 -161.494271    16.021    18134.4    -7565.7    -3018.2    312.0    194.4    572.1 2021  9 24  7 28 26.640  1.67   1
     7129  55.367794 -161.786312    15.320     -520.8    29669.4    -3718.6    215.7    182.6     76.6 2021  9 24  8 50 22.280  0.32   1
     7130  55.353247 -161.823600    16.700    -2893.7    28050.0    -2339.1    459.9    373.7    193.3 2021  9 24  8 53 25.760  0.47   1
     7131  55.428935 -161.785433    11.014     -464.6    36475.9    -8024.5    205.2    268.0    245.3 2021  9 24  8 55 45.960  0.40   1
     7134  55.326729 -161.893294    11.177    -7330.9    25097.9    -7862.3    331.2    222.8    183.8 2021  9 24  9 12 19.070  0.38   1
     7141  55.313216 -161.226807    41.947    35098.9    23593.5    22907.9    263.5    583.7    352.5 2021  9 24 14  0 50.650  1.70   1
     7148  55.347624 -161.779557    14.980      -91.1    27423.9    -4058.4    237.9    275.1    174.7 2021  9 24 19 18 25.480  0.07   1
     7149  55.265727 -161.563623     3.834    13664.1    18306.8   -15204.7    144.3    176.9    361.7 2021  9 24 19 19 10.960  0.36   1
     7156  55.290601 -161.984001    25.956   -13110.5    21075.9     6916.9    428.3    362.7    286.7 2021  9 25  0 49 44.530  0.97   1
     7157  55.269096 -161.643896     7.765     8550.2    18681.9   -11273.8    183.2    243.5    562.0 2021  9 25  0 52  0.650  0.52   1
     7163  55.312443 -161.912305    16.370    -8542.4    23507.5    -2669.3    333.0    316.4    240.3 2021  9 25  1  8  4.460  0.35   1
     7169  54.856108 -161.499723     1.806    17825.2   -27293.9   -17232.8    228.8    270.2    238.5 2021  9 25  3 16 43.710  1.04   1
     7174  55.166203 -161.841764     8.508    -4059.0     7227.3   -10530.8    352.0    285.5    272.4 2021  9 25  5 50 37.350  1.11   1
     7175  55.030367 -161.507422    22.295    17294.8    -7894.6     3256.4    178.8    270.4    251.2 2021  9 25  7 52 28.710  1.65   1
      718  54.966231 -161.410319    24.021    23517.4   -15034.5     4982.4    268.5    242.3    224.3 2021  1 24 13 54 12.850  1.58   1
     7181  55.122770 -161.450195    18.650    20926.9     2392.2     -388.5    237.2    202.0    360.1 2021  9 25  9 12 30.350  1.62   1
     7182  55.401489 -161.809961    15.836    -2024.6    33420.5    -3202.4    262.9    303.8    198.4 2021  9 25  9 18 45.940  0.40   1
     7183  55.367957 -161.800000    15.405    -1391.7    29687.5    -3633.5    250.5    250.5    110.9 2021  9 25  9 19 24.700  0.14   1
     7184  55.399577 -161.887142    15.478    -6932.9    33207.6    -3560.4    205.0    251.2    231.3 2021  9 25  9 21 23.370  0.08   1
     7185  55.314132 -161.935319    13.815   -10007.4    23695.5    -5224.2    423.3    264.8    215.8 2021  9 25  9 25  6.660  0.75   1
     7195  55.330473 -161.729590    15.427     3089.3    25514.6    -3611.9    328.2    304.0    236.5 2021  9 25 16 16 16.260  0.05   1
     7196  55.338029 -161.867383    17.759    -5680.7    26355.8    -1279.7    298.3    225.4    128.7 2021  9 25 16 17 20.700  0.43   1
     7197  55.211544 -161.727035    15.423     3256.7    12274.9    -3615.8    364.9    222.1    383.6 2021  9 25 16 19 31.200  0.55   1
      720  55.209477 -162.054492    16.523   -17617.4    12044.8    -2515.6    365.2    216.8    455.2 2021  1 24 13 55 20.110  0.99   1
     7201  55.336393 -161.768164    18.445      634.0    26173.7     -593.8    339.8    242.3    206.7 2021  9 25 22 51 36.720  0.18   1
     7202  55.390584 -161.758317    15.927     1259.8    32206.5    -3112.1    245.1    190.4    109.8 2021  9 25 22 57 39.920  0.24   1
     7204  55.410836 -161.876351    14.158    -6245.8    34461.0    -4880.9    219.0    307.0    143.6 2021  9 25 22 59 12.340  0.37   1
     7206  55.039868 -161.257389    32.587    33265.1    -6836.8    13548.1    180.7    290.7    342.5 2021  9 26  0 19  7.700  1.06   1
     7208  55.162390 -161.869596     7.370    -5834.4     6802.9   -11669.2    237.5    287.6    335.2 2021  9 26  0 19 51.730  0.34   1
     7209  54.914018 -162.208089     1.358   -27509.6   -20847.1   -17681.2    147.0    100.7    146.0 2021  9 26  0 26 43.570  0.83   1
     7211  54.649703 -161.781576    55.060     -221.5   -50271.9    36021.0    288.8    206.7    256.4 2021  9 26  2 13 55.090  1.20   1
     7214  55.410954 -161.842822    14.451    -4113.8    34474.1    -4588.2    369.8    355.2    206.4 2021  9 26  3  7 42.960 -0.29   1
     7218  55.362651 -161.800505    16.297    -1423.9    29096.8    -2741.8    365.7    567.0    178.9 2021  9 26  5 48 24.220  0.34   1
     7219  55.397933 -161.885628    14.373    -6836.8    33024.6    -4665.6    202.3    332.2    186.1 2021  9 26  5 49 11.180  0.36   1
      722  55.208049 -162.055225    19.323   -17664.4    11885.8      283.7    263.6    237.8    233.5 2021  1 24 13 55 59.740  0.94   1
     7220  55.353536 -161.811637    16.595    -2132.4    28082.1    -2444.2    231.7    205.6    134.8 2021  9 26  5 50 50.600  0.15   1
     7223  55.452429 -161.690055    13.121     5597.1    39091.4    -5918.2    343.7    365.9    343.1 2021  9 26  6  0 20.900  0.39   1
     7226  55.379521 -161.756803    21.467     1356.3    30974.9     2427.8    341.7    584.4    225.8 2021  9 26  6  6 24.950  0.55   1
     7234  54.895927 -162.183675     2.409   -25953.3   -22861.1   -16630.2    115.4    175.5    215.9 2021  9 26 13  2 23.780  0.45   1
     7235  54.542537 -162.019580    11.355   -15519.7   -62202.0    -7683.7    394.6    231.4    289.6 2021  9 26 13  2 32.250  1.10   1
      724  55.237606 -162.105778     2.297   -20879.3    15176.2   -16742.4    187.2    207.1    194.5 2021  1 24 15 11  8.640  0.86   1
     7243  54.669014 -160.904395    23.193    56072.0   -48122.0     4154.2    476.3    481.7    453.4 2021  9 26 17 39 54.360  1.71   1
     7247  55.341988 -161.720003    17.380     3698.9    26796.6    -1658.5    200.8    198.9    160.0 2021  9 26 19 10 13.200  0.43   1
     7248  55.349878 -161.812679    15.518    -2198.8    27674.9    -3520.5    172.3    250.1     91.4 2021  9 26 19 15 41.440  0.86   1
     7255  55.255831 -162.029167     4.187   -15993.7    17205.1   -14852.0    344.8    337.1    399.4 2021  9 27  1 34 11.790  0.70   1
     7256  54.573348 -161.307943    28.221    30209.8   -58772.1     9182.1    202.4    182.3    687.5 2021  9 27  1 40 42.150  1.61   1
     7257  55.159627 -162.179899     1.138   -25627.5     6495.3   -17901.0    249.0    302.0    264.2 2021  9 27  2 43 22.440  1.50   1
     7260  55.354732 -161.754215    17.794     1521.4    28215.3    -1244.5    188.5    242.1    138.9 2021  9 27  3 58  1.920  0.38   1
     7261  55.349634 -161.756331    15.134     1386.8    27647.7    -3905.0    183.5    249.1    189.1 2021  9 27  3 58 27.900  0.56   1
     7262  55.374679 -161.756966    17.660     1346.0    30435.8    -1379.4    238.7    168.3    131.8 2021  9 27  4  1 23.460  0.52   1
     7263  55.299272 -161.754134    16.064     1527.6    22041.2    -2974.8    297.3    211.7    160.3 2021  9 27  4  2 16.990  0.32   1
     7264  55.331132 -161.854476    18.560    -4859.7    25588.0     -478.7    202.8    263.8    122.9 2021  9 27  4  3  0.030  0.35   1
     7265  55.361723 -161.777799    18.100       20.7    28993.5     -938.7    323.3    269.1    164.5 2021  9 27  4  4  3.210  0.61   1
      727  55.014270 -161.553158    33.253    14375.7    -9686.6    14214.2    306.9    312.3    404.2 2021  1 24 18 57 12.040  2.29   1
     7276  54.830990 -161.029395    31.839    47953.9   -30090.2    12799.9    231.5    176.6    514.7 2021  9 27 13  1 59.790  2.66   1
     7279  55.270394 -161.585026     5.777    12300.0    18826.4   -13261.6    195.5    214.9    272.2 2021  9 27 15  9 51.900  0.57   1
     7283  55.354561 -161.764388    17.633      874.1    28196.3    -1405.8    358.8    263.2    179.4 2021  9 27 22 33 47.480  0.73   1
     7284  55.340601 -161.848893    16.407    -4503.8    26642.1    -2631.6    326.6    202.6    138.2 2021  9 27 22 43 50.760  0.62   1
     7291  55.075610 -161.753516    15.191     1571.4    -2857.9    -3848.1    227.7    196.4    305.7 2021  9 28 17  2 20.060  1.23   1
     7299  55.286812 -161.674658    14.839     6589.2    20654.1    -4200.0    272.3    252.5    265.4 2021  9 29 14 25 43.640  0.94   1
       73  54.990161 -162.269678     5.578   -31420.3   -12370.5   -13460.8    189.5    177.5    258.0 2021  1  3  5  8 33.310  1.68   1
     7302  55.291439 -161.664827    15.887     7214.9    21169.2    -3152.1    147.4    113.0    118.5 2021  9 29 23  7 14.760  0.73   1
     7304  55.164587 -162.258594     4.972   -30645.2     7047.5   -14067.3    253.6    216.8    248.6 2021  9 30  1  2 42.310  1.45   1
     7305  55.360400 -161.827832    18.290    -3162.7    28846.3     -749.1    354.3    268.0    157.0 2021  9 30  4 38 29.360  0.94   1
     7307  55.317008 -161.755143    16.527     1463.0    24015.7    -2511.7    405.1    272.4    219.1 2021  9 30  6 25 42.810  1.06   1
     7309  54.776005 -161.091130    31.568    44029.9   -36211.3    12529.2    316.6    402.4    866.0 2021  9 30 10 54 12.800  2.78   1
      731  55.153581 -162.048519     3.617   -17248.6     5822.2   -15421.4    285.7    258.0    399.2 2021  1 24 19 36  4.400  0.99   1
     7310  54.877010 -161.860368     1.782    -5264.4   -24967.0   -17256.9    206.4    195.2    221.7 2021  9 30 11  5 24.240  1.33   1
     7312  54.877425 -161.409733    30.988    23580.8   -24920.8    11948.7    269.3    321.1    479.7 2021  9 30 12  6 14.010  2.08   1
     7313  55.007585 -162.313216    13.286   -34195.9   -10430.8    -5752.5    209.9    183.9    204.0 2021  9 30 16 10 14.260  1.04   1
     7317  55.265356 -161.150488    14.207    39981.5    18265.6    -4830.8    286.8    469.2    440.0 2021  9 30 23 16  3.080  2.19   1
      732  55.324390 -161.714486     4.809     4050.9    24837.4   -14230.0    109.9    175.0     94.2 2021  1 24 20 52 53.320  1.36   1
     7321  54.981824 -162.224170     3.625   -28514.4   -13298.6   -15414.4    139.4    163.5    266.6 2021 10  1  5  8 21.050  0.62   1
     7322  54.414242 -162.034294    15.941   -16491.4   -76484.5    -3098.2    333.1    187.9    229.5 2021 10  1  7 34 27.890  1.79   1
     7325  54.852494 -161.177100    16.371    38483.6   -27696.2    -2667.7    285.1    303.4    359.9 2021 10  1 12 27 28.960  2.30   1
     7327  55.507324 -162.017318    39.914   -15190.9    45202.6    20875.4    392.1    320.2    264.6 2021 10  1 14 14  5.160  3.80   1
     7329  55.016785 -162.386670    17.789   -38885.7    -9406.6    -1249.6    237.1    162.1    361.6 2021 10  1 21 23 40.720  1.91   1
     7337  54.476884 -162.244206    61.552   -29981.9   -69510.9    42513.5    406.1    173.6    200.9 2021 10  5  2 40 17.350  1.85   1
     7339  55.346903 -161.810791     1.042    -2078.8    27343.8   -17996.4    387.6    318.9    307.2 2021 10  5  4 28 38.180  0.94   1
     7341  54.541927 -163.313314    13.363   -98676.0   -62270.0    -5676.2    384.8    417.4    387.2 2021 10  5  5 47 43.300  1.61   1
     7344  54.824817 -161.902181     0.914    -7946.0   -30777.4   -18125.0    228.3    196.8    179.2 2021 10  5  9 17 49.140  1.82   1
     7345  55.359184 -161.571322     9.583    13158.3    28710.9    -9455.9    172.5    243.2    282.5 2021 10  5 11 39 41.750  0.38   1
     7346  55.369250 -161.770882    15.810      460.8    29831.5    -3228.7    251.3    220.9    180.6 2021 10  5 15 44 11.470  0.92   1
      735  54.380518 -161.902393     8.327    -8003.3   -80238.9   -10712.0    467.4    273.4    392.8 2021  1 24 21 16 22.960  5.31   1
     7352  55.470736 -161.581527    27.507    12491.5    41129.3     8468.4    450.2    436.0    496.3 2021 10  5 19 59  6.500  1.74   1
     7359  54.828634 -162.195264     1.614   -26717.2   -30352.5   -17424.8    103.2    120.5    149.7 2021 10  6  3 42 47.150  2.29   1
     7360  54.920280 -162.261670     5.407   -30935.3   -20150.0   -13631.5    222.5    160.2    205.9 2021 10  6  3 43  8.370  2.37   1
     7366  54.994743 -162.440902     7.388   -42362.6   -11860.4   -11651.3    189.8    220.0    349.6 2021 10  6  6 28 37.800  1.83   1
     7368  55.002633 -162.237646     3.970   -29368.3   -10982.1   -15069.3    219.2    154.4    273.8 2021 10  6  6 43 16.730  1.92   1
     7381  55.442102 -161.950472    41.430   -10954.5    37941.7    22390.8    386.3    350.1    130.1 2021 10  7  6  8  1.900  1.33   1
     7382  55.244784 -161.643766    34.302     8561.1    15975.3    15262.7    305.2    272.2    230.7 2021 10  7  8 35 23.410  1.15   1
     7384  55.464181 -161.695459    14.696     5252.9    40399.6    -4342.4    178.6    202.8    220.1 2021 10  7 12 25 27.080  0.10   1
     7386  55.406368 -161.858203     5.915    -5092.1    33963.6   -13123.9    384.9    320.7    398.6 2021 10  7 16 55  8.250  0.58   1
     7398  55.011442 -162.304297     6.467   -33624.3   -10001.4   -12571.5    395.8    280.8    218.1 2021 10  9  6  0 37.850  1.00   1
     7399  54.944283 -162.071956    19.333   -18792.6   -17477.8      293.8    407.9    391.3    465.4 2021 10  9 11  9 32.760  2.49   1
     7400  54.561755 -161.805143    11.293    -1736.2   -60062.6    -7745.6    304.0    149.6    298.7 2021 10  9 15  6  0.030  2.39   1
     7411  55.375818 -161.601009    15.169    11267.0    30562.7    -3870.4    272.8    603.0    359.3 2021 10 10 10 24 41.830  0.01   1
     7412  54.612036 -161.460238    11.651    20414.9   -54465.1    -7387.9    212.1    176.8    256.4 2021 10 10 14 34 51.400  1.88   1
     7416  55.331531 -161.971159    17.372   -12286.4    25632.4    -1666.6    423.9    211.3    304.9 2021 10 10 18 56 57.500  1.05   1
      742  55.253406 -161.404834     4.976    23782.8    16935.2   -14062.5    194.1    242.8    283.5 2021  1 25  4 42 41.080  0.75   1
     7420  55.320158 -161.546615     5.576    14737.5    24366.3   -13462.5    200.8    277.3   1101.2 2021 10 11  4 21  3.640  0.62   1
     7421  55.368864 -161.310417    17.197    29755.3    29788.5    -1842.1    264.6    273.8    567.8 2021 10 11  9 11  5.030  4.84   1
     7422  55.389889 -161.385075    18.913    24999.0    32129.1     -125.4    212.8    393.3    355.3 2021 10 11  9 11 37.720  5.55   1
     7428  54.896533 -161.702751    15.817     4823.6   -22793.6    -3222.0    355.8    292.0    720.3 2021 10 11 12 25 38.840  2.16   1
      743  54.675956 -161.090755    12.166    44108.5   -47349.2    -6872.6    322.7    392.3    290.0 2021  1 25  5 26 57.040  1.24   1
     7433  55.263888 -161.875016     5.489    -6172.3    18102.0   -13549.9    482.3    359.1    494.6 2021 10 11 17 57 46.040  1.36   1
     7434  55.376326 -161.623193     6.146     9855.7    30619.3   -12893.1    232.7    269.1    684.3 2021 10 11 19 36 40.880  2.04   1
     7437  55.232760 -161.873714     7.153    -6091.7    14636.7   -11885.9    289.2    277.4    241.6 2021 10 11 19 41 45.020  2.21   1
     7439  55.422331 -161.437630    22.081    21647.5    35740.7     3042.2    247.6    494.7    242.9 2021 10 12  0 54 54.760  1.59   1
      744  55.140515 -161.509945     3.440    17110.2     4367.6   -15598.8    181.0    273.3    324.4 2021  1 25  5 35 14.680  0.69   1
     7441  55.096383 -161.919141     2.278    -9001.9     -545.4   -16760.9    190.0    203.1    280.7 2021 10 12  0 58  1.950  1.29   1
     7452  55.364058 -161.743083    19.949     2229.5    29253.5      909.9    549.3    763.6    383.8 2021 10 12 14 15  0.590  0.01   1
     7455  55.299349 -161.942985    15.181   -10497.4    22049.8    -3857.8    463.4    313.4    246.3 2021 10 12 19  6 27.380  1.39   1
     7465  55.702946 -162.209456     1.947   -27326.1    66980.1   -17092.3    615.0    470.7    512.3 2021 10 13  3  5 17.820  2.01   1
     7466  54.997278 -162.282715     6.147   -32250.8   -11578.2   -12892.3    175.1    150.8    175.3 2021 10 13  5 25 10.600  1.41   1
     7468  55.040393 -162.201660    30.315   -27055.7    -6778.4    11275.7    622.2    541.7    505.9 2021 10 13  6  6 51.980  1.77   1
     7469  55.122335 -161.792480     5.977     -916.1     2343.7   -13061.9    197.4    250.4    293.1 2021 10 13  7 25 59.470  0.83   1
     7471  55.066512 -161.076774    36.250    44788.2    -3870.7    17211.4    330.6    633.7    588.1 2021 10 13 11 34 58.770  2.14   1
     7475  54.638269 -161.862777    21.922    -5434.6   -51544.8     2882.8    311.7    230.1    218.3 2021 10 13 17 58 24.700  1.93   1
     7476  55.460457 -161.121224    39.190    41743.7    39985.1    20151.2    342.8    622.5    469.6 2021 10 14  1 14  1.840  1.87   1
     7485  55.211422 -161.672135     4.153     6756.3    12261.3   -14886.0    327.2    216.2    351.2 2021 10 14 13  4 28.920  0.81   1
     7486  54.643896 -161.398763    11.962    24353.3   -50918.3    -7076.7    221.4    150.4    203.4 2021 10 14 13 54 54.980  2.52   1
     7488  55.085714 -161.606755    22.695    10941.1    -1733.1     3656.2    453.0    284.6   1399.6 2021 10 14 15 23  4.770  0.30   1
     7490  55.387183 -161.929411     6.448    -9622.5    31827.8   -12591.3    199.0    136.1    256.8 2021 10 14 15 59 58.120  0.27   1
     7491  55.179085 -161.457292     4.744    20459.7     8661.5   -14295.0    282.4    261.2    339.0 2021 10 14 18  5 58.280  1.07   1
     7492  55.433500 -161.625863    10.192     9679.0    36984.1    -8847.0    166.1    280.4    266.9 2021 10 14 18 10 42.020  0.54   1
     7496  54.774573 -161.260563    13.643    33171.4   -36370.8    -5395.8    445.8    315.5    413.4 2021 10 14 19 30 12.720  2.07   1
     7498  54.500326 -162.055990    15.330   -17869.2   -66901.3    -3708.6    352.8    228.0    447.6 2021 10 14 20  4 46.620  2.06   1
     7502  54.917192 -162.216097     2.409   -28020.8   -20493.8   -16629.6    124.3     94.2    122.0 2021 10 14 21 35 34.360  1.74   1
     7504  55.221053 -161.420768     4.146    22776.8    13333.5   -14893.3    176.3    291.2    268.6 2021 10 15  0 17 46.620  1.00   1
     7505  55.385799 -161.767415     4.799      681.2    31673.8   -14239.5    291.8    412.5    323.1 2021 10 15  2 46 27.700  0.92   1
     7506  55.497416 -161.692041    11.963     5467.8    44099.5    -7076.2    297.3    202.4    302.0 2021 10 15  2 46 59.210  1.06   1
      751  54.944722 -162.249821     6.203   -30168.1   -17428.9   -12835.9    144.9    134.8    134.2 2021  1 25 15 34 57.710  1.47   1
     7513  55.345654 -161.868408     0.494    -5745.4    27204.7   -18544.5    188.1    370.8    360.3 2021 10 15  8 18 50.890  3.14   1
     7516  54.990621 -162.314762     7.879   -34302.0   -12319.3   -11159.7    210.9    180.6    171.6 2021 10 15  9 49 25.890  1.72   1
     7518  55.429390 -161.598356    10.452    11428.1    36526.6    -8586.4    184.7    262.2    275.5 2021 10 15 17  5  9.140  0.44   1
     7522  55.376668 -161.002230    21.810    49357.1    30657.3     2770.7    296.3    777.0    398.1 2021 10 16  4 28 12.600  1.35   1
     7524  55.314351 -160.465169    12.058    83586.3    23719.9    -6981.3    247.3    529.4    248.5 2021 10 16  6 16 28.460  1.63   1
     7527  54.993530 -161.810937     4.633    -2097.3   -11995.4   -14405.5    215.7    197.1    309.9 2021 10 16  7 38 27.140  1.22   1
     7528  55.364827 -162.264648     5.290   -30953.9    29339.2   -13749.4    238.7    358.1    406.4 2021 10 16  7 59 55.480  1.37   1
      753  55.064482 -161.695003     5.781     5308.3    -4096.8   -13258.2    201.0    259.0    313.6 2021  1 25 21 59  6.360  1.38   1
     7530  55.388729 -161.548600    19.950    14598.6    32000.0      911.6    212.9    281.2   2433.2 2021 10 16  9 36 58.290  0.15   1
     7531  55.297286 -161.777718    12.681       25.9    21820.1    -6357.9    408.0    259.2    250.6 2021 10 16  9 42 50.900  0.76   1
     7533  55.435038 -161.666374    13.682     7103.7    37155.3    -5356.9    295.4    340.3    297.3 2021 10 16 10  5 18.810  0.40   1
     7535  55.384001 -161.836084    15.326    -3686.6    31473.6    -3713.2    129.6    218.3    145.8 2021 10 16 10 50 37.620  0.66   1
     7536  54.995292 -161.639469    23.372     8862.4   -11799.3     4333.5    283.4    237.9    258.7 2021 10 16 10 54 30.620  1.40   1
     7538  55.386654 -161.810677    16.918    -2070.5    31768.9    -2120.6    207.8    261.1    178.4 2021 10 16 14 19 59.740  0.69   1
     7544  55.287492 -161.480599    17.456    18947.7    20729.8    -1582.5    194.6    267.0    317.5 2021 10 16 17 35 56.920  0.72   1
     7547  54.506213 -162.195475    53.426   -26837.5   -66245.8    34387.3    560.5    207.3    235.2 2021 10 16 21  0 20.720  1.89   1
     7559  55.357251 -161.655404    17.025     7808.6    28495.7    -2013.7    208.1    261.9    187.3 2021 10 18 11 13 55.140  1.19   1
     7562  55.095365 -162.076986     7.072   -19078.4     -658.6   -11966.6    140.4    237.2    529.6 2021 10 18 15  0 54.360  1.15   1
     7563  55.411540 -161.602165    16.222    11188.5    34539.4    -2817.3    206.8    317.3    320.5 2021 10 18 20 17 32.540  1.03   1
     7564  54.882267 -162.164811     0.134   -24750.3   -24381.7   -18905.2    161.6    154.3    141.5 2021 10 18 20 24 46.800  1.48   1
     7567  55.402897 -161.549837     4.102    14517.3    33577.2   -14937.0    193.9    377.8    313.4 2021 10 18 22 23 28.900  0.43   1
     7570  55.380168 -161.564518     4.348    13587.6    31046.9   -14690.5    132.2    170.9    156.2 2021 10 19  4 56 46.280  0.48   1
     7579  55.365820 -161.662858    18.883     7333.5    29449.7     -155.5    280.3    384.6    227.2 2021 10 19 20 46 21.180  0.96   1
     7585  55.366423 -161.758040    15.309     1277.8    29516.7    -3730.4    240.7    217.6    157.0 2021 10 20  3  1  1.960  0.68   1
     7587  55.359916 -161.683952     8.512     5991.9    28792.4   -10526.5    265.4    272.3    376.4 2021 10 20  3 43 33.910  1.67   1
     7588  55.402608 -161.592480     6.586    11805.6    33545.1   -12452.6    171.6    225.7    642.3 2021 10 20  5 26 53.150  0.20   1
     7592  55.366699 -161.800114    16.415    -1399.0    29547.5    -2623.6    234.0    289.2    174.9 2021 10 20 10 35 14.480  0.89   1
     7595  55.432023 -161.757520     5.365     1309.9    36819.7   -13673.8    287.9    244.7    367.6 2021 10 20 12 41 30.150  0.56   1
     7602  54.672546 -160.729915     7.259    67266.4   -47728.8   -11779.5    501.9    522.0    469.8 2021 10 21  2  7 40.270  2.78   1
     7606  55.243075 -161.372575    24.509    25841.4    15785.0     5469.6    258.5    473.0   1495.7 2021 10 21  8 25 35.430  1.83   1
     7610  55.360449 -161.766113    15.098      764.3    28851.7    -3940.4    261.6    224.9    148.6 2021 10 21 11  7 18.980  1.12   1
     7612  54.688892 -161.484115    43.062    18863.6   -45909.2    24022.9    233.5    263.3    297.1 2021 10 21 12 32 42.960  1.80   1
     7613  55.415495 -161.858480    14.370    -5109.1    34979.7    -4669.1    337.7    291.3    157.9 2021 10 21 13 18 21.200  0.66   1
     7618  55.285811 -161.914616    32.319    -8692.5    20542.7    13280.2    715.9    466.1    279.0 2021 10 22  7 32  5.690  0.89   1
     7621  54.901257 -162.236572     6.294   -29336.6   -22267.7   -12744.8    462.9    392.5    609.0 2021 10 22 18 36 32.760  1.68   1
     7627  55.136951 -161.335010     0.264    28272.5     3970.8   -18775.3    245.9    281.3    206.8 2021 10 23 20 59  9.840  2.46   1
     7633  54.881063 -162.191488     1.468   -26458.2   -24515.8   -17571.2    141.9    123.2    140.7 2021 10 24 14 30 22.330  1.15   1
     7644  54.517594 -161.461165     6.817    20379.1   -64978.8   -12221.7    433.1    319.0    356.3 2021 10 25  8 37 18.900  1.74   1
     7645  55.078109 -162.067806     0.708   -18496.3    -2579.7   -18330.6    139.3    269.7    249.3 2021 10 25 13 19 39.520  1.47   1
     7646  55.068066 -162.068587     5.013   -18548.5    -3697.7   -14025.4    136.1    104.1    283.4 2021 10 25 16 44 28.910  0.79   1
     7663  54.414909 -161.602799    10.184    11286.9   -76410.3    -8855.0    310.7    241.5    253.1 2021 10 27  0  0 11.710  1.89   1
     7665  54.918608 -162.195475     2.297   -26701.0   -20336.1   -16741.5    166.6    123.1    153.9 2021 10 27  2 51 52.540  2.05   1
     7667  54.909094 -162.189827     0.971   -26342.8   -21395.2   -18067.8    125.2    110.4    104.2 2021 10 27  3  8 18.840  1.11   1
     7668  54.863534 -162.197917     0.403   -26875.5   -26467.2   -18635.7    175.8    198.1    188.6 2021 10 27  3  8 31.690  1.39   1
     7669  55.137162 -163.244287    14.809   -93546.6     3994.4    -4230.1    311.4    501.0    325.8 2021 10 27  6 59 21.160  3.09   1
      767  55.304858 -161.678011     6.505     6374.3    22663.1   -12534.2    124.4    179.1    217.7 2021  1 26 19 19 41.320  1.54   1
     7674  55.078011 -162.077409     3.031   -19109.5    -2590.6   -16007.9    133.1    229.2    573.6 2021 10 27 10 13 27.160  1.51   1
     7677  55.078520 -162.072363     3.648   -18787.2    -2534.0   -15390.6    125.6    115.1    276.3 2021 10 27 12 56 54.520  1.10   1
      768  54.533199 -162.217171    55.424   -28223.2   -63241.6    36385.1    491.9    157.1    152.0 2021  1 26 19 36 57.400  1.51   1
     7681  54.375045 -161.519368     8.428    16666.1   -80848.1   -10610.7    442.6    368.4    386.2 2021 10 27 15 11  7.230  2.49   1
     7683  54.941842 -161.408350    33.308    23650.4   -17749.6    14269.4    308.3    290.8    362.5 2021 10 27 16 16 10.650  1.48   1
     7689  54.528353 -162.122363    28.923   -22130.0   -63781.1     9884.6    759.7    291.6   1162.2 2021 10 28  2 58 55.960  2.33   1
     7691  55.373653 -161.581478    11.367    12509.8    30321.7    -7672.2    230.6    289.8    311.6 2021 10 28  5 53 47.120  0.32   1
     7693  55.310396 -161.678060    17.421     6370.7    23279.6    -1618.4    243.1    255.2    201.4 2021 10 28 11 56 20.060  1.01   1
     7696  54.575028 -161.307113    14.793    30262.5   -58585.0    -4246.2    207.3    184.5    192.2 2021 10 28 15  5 52.680  1.86   1
     7699  55.343774 -162.195150    11.934   -26539.2    26995.4    -7105.3    317.6    283.3    460.3 2021 10 28 15 59 55.260  1.58   1
     7700  54.609745 -161.337028    14.000    28328.3   -54720.1    -5038.7    157.6    213.1    149.2 2021 10 28 18 35 56.340  1.72   1
     7705  54.975631 -162.637272     4.819   -54927.1   -13988.1   -14220.2    127.7    248.1    241.6 2021 10 28 21 30 22.900  1.56   1
     7709  54.950146 -161.532682    21.457    15696.6   -16825.1     2418.0    254.0    233.4    362.0 2021 10 28 22 41 30.440  1.97   1
      771  54.471000 -161.680876    34.962     6256.3   -70165.9    15922.8    544.0    350.2   1357.1 2021  1 26 22 17  9.840  1.92   1
     7711  55.304997 -162.165527    39.708   -24666.0    22678.5    20669.3    408.1    454.9    263.5 2021 10 28 23 59 53.260  1.45   1
     7719  54.952364 -161.768018     4.410      646.4   -16578.2   -14628.4    223.9    233.5    240.3 2021 10 29  5 21 21.040  1.21   1
      772  55.548881 -162.598665    12.556   -52084.5    49828.9    -6482.9    493.1    637.9   1449.5 2021  1 26 22 24 53.720  1.65   1
     7723  55.316073 -161.765430    12.123      808.2    23911.5    -6915.5    359.8    319.7    250.0 2021 10 29  8 15 33.330  0.10   1
     7726  55.310844 -161.895947    14.569    -7501.2    23329.4    -4469.7    398.9    287.1    283.9 2021 10 29  8 32 40.840  0.11   1
     7730  55.201367 -160.877181    15.337    57437.6    11142.0    -3701.8    316.9    645.5    399.9 2021 10 29  9 20 40.510  1.90   1
     7731  55.302507 -161.757275    21.535     1327.5    22401.3     2496.6    796.7    544.4    478.8 2021 10 29  9 22  5.270  1.26   1
     7735  55.191829 -161.602246     9.994    11214.1    10080.2    -9045.0    467.5    248.7    435.2 2021 10 31  1 50  3.300  1.83   1
     7742  55.348617 -161.723991     6.219     3444.8    27534.5   -12819.6    335.1    305.1    425.3 2021 10 31 14 28  1.510  0.43   1
     7750  55.366317 -161.487923    14.531    18463.0    29504.9    -4507.8    189.9    238.5    411.1 2021 10 31 17 11 37.460  1.34   1
      776  55.008626 -161.595915    38.387    11644.3   -10314.8    19347.9    287.8    245.4    271.7 2021  1 26 23 39 36.360  2.17   1
     7762  55.335844 -162.006852     6.358   -14557.5    26112.6   -12681.2    293.8    169.0    528.9 2021 11  1  7  1 10.340  1.35   1
     7766  54.834001 -162.799316     9.210   -65401.8   -29755.0    -9829.3    170.0    172.4    338.6 2021 11  1  8 41 31.230  1.52   1
      777  54.577002 -162.045492    52.273   -17177.9   -58365.3    33234.6    296.4    156.5    228.8 2021  1 26 23 47 27.680  1.94   1
     7775  55.231604 -161.503223    24.661    17519.1    14508.1     5622.3    192.5    216.5    133.5 2021 11  1 11  0 23.140  1.64   1
     7779  54.840568 -161.266846    30.928    32742.0   -29023.9    11889.4    261.2    270.6    589.8 2021 11  1 11 27  0.290  2.63   1
     7788  55.288318 -161.033447    39.664    47423.6    20821.7    20624.9    163.3    404.3    321.0 2021 11  1 14 58 47.590  1.78   1
     7792  54.829211 -162.392415    15.767   -39344.3   -30288.1    -3271.4    392.3    169.4    429.0 2021 11  1 17  8 19.620  0.90   1
     7794  55.262284 -163.468522     7.704  -107685.3    17923.6   -11334.9    316.1    581.8    463.1 2021 11  1 18 29 17.320  2.80   1
     7796  55.248739 -161.712174     9.010     4202.0    16415.6   -10028.7    395.5    320.1    496.2 2021 11  1 19 31  8.700  1.33   1
     7798  55.358870 -161.621338     9.961     9975.9    28676.0    -9078.3     91.3    313.0    246.3 2021 11  1 20 26 55.080  0.67   1
     7803  55.283948 -161.262044     1.181    32867.6    20335.2   -17857.6    242.0    358.4    248.1 2021 11  2  1 36 10.570  1.20   1
     7805  54.546753 -161.693441    11.828     5442.9   -61732.8    -7210.8    149.8    108.4    190.1 2021 11  2  1 51  5.080  2.08   1
     7807  55.327999 -161.769434    14.393      553.2    25239.2    -4645.7    304.3    293.2    151.9 2021 11  2  2 20 10.100  0.58   1
     7810  54.938025 -162.244271     4.480   -29815.6   -18174.5   -14558.6    276.2    143.8    347.1 2021 11  2  7  5  3.520  0.95   1
     7812  55.298446 -161.944759    11.383   -10610.5    21949.2    -7655.9    631.5    620.0    571.0 2021 11  2  8 21 34.590  1.73   1
     7825  54.882955 -162.190202     4.944   -26375.3   -24305.2   -14094.7    305.2    247.9    267.1 2021 11  2 18 12 27.200  0.97   1
     7829  55.374731 -161.735189    18.897     2731.4    30441.7     -142.2    230.9    189.2    128.2 2021 11  2 19  3 34.880  0.80   1
      783  55.653719 -161.246419    60.517    33706.0    61499.9    41477.7    613.2    600.0    561.3 2021  1 27  1 21 14.170  2.07   1
     7834  55.175671 -161.696338    24.798     5215.8     8281.4     5759.4    361.9    250.7     84.4 2021 11  3  1 28 35.140  1.10   1
     7835  54.873136 -160.978125    13.054    51210.8   -25398.2    -5984.5    390.5    404.8    412.7 2021 11  3  7 48 30.350  2.25   1
     7836  55.065023 -161.581201    34.510    12575.8    -4036.5    15471.1    304.2    328.8    388.3 2021 11  3 13 15 20.120  2.25   1
     7837  55.307003 -161.649137     6.562     8212.5    22901.8   -12476.5    176.0    208.0    439.8 2021 11  3 13 15 42.950  1.25   1
     7842  55.379024 -161.486719     5.656    18536.7    30919.6   -13382.4    149.5    265.4    229.1 2021 11  4  3 45 18.910  0.99   1
     7843  55.414388 -161.573649    11.309    13001.2    34856.5    -7729.9    168.1    307.2    218.5 2021 11  4  3 54 36.170  1.28   1
     7846  55.425891 -160.948145    53.613    52765.1    36137.0    34574.2    248.9    550.7    333.5 2021 11  4  6 52 14.600  2.29   1
     7847  55.541455 -161.842594    11.128    -4092.6    49002.2    -7911.1    523.4    213.9    357.1 2021 11  4  6 52 54.210  1.61   1
     7848  55.376762 -162.934001     0.958   -73528.8    30667.7   -18080.4    416.6    480.8    348.4 2021 11  4  6 52 58.340  2.12   1
     7849  54.995907 -162.293457     6.960   -32938.0   -11730.9   -12078.5    206.2    186.1    203.9 2021 11  4  8 58  6.310  2.84   1
     7857  55.204374 -161.908659     3.114    -8321.6    11476.7   -15925.3    207.2    284.1    260.8 2021 11  4 23 40 36.900  1.18   1
     7861  55.434131 -161.645589    18.366     8424.9    37054.3     -672.7    227.0    282.6    229.4 2021 11  5  4 25 23.170  1.03   1
     7862  55.343396 -161.559326    19.069    13924.3    26953.3       29.9    135.1    272.1    203.5 2021 11  5  4 27 55.680  1.18   1
     7866  55.326567 -161.504704     1.605    17404.1    25079.8   -17434.3    402.3    511.2    445.1 2021 11  5  7 28 38.700  1.60   1
     7871  55.443140 -161.818229    21.934    -2549.0    38057.2     2895.1    281.8    277.8    189.8 2021 11  5 13 17 58.610  0.98   1
     7872  55.316785 -161.649870     8.274     8164.8    23990.8   -10764.7    208.0    322.3    229.9 2021 11  5 15 50 47.600  1.26   1
     7873  55.417594 -161.913102    21.124    -8581.9    35213.4     2085.5    356.6    441.5    232.1 2021 11  5 15 59 56.170  1.65   1
     7874  55.351514 -161.716797    31.005     3902.5    27857.0    11965.6    409.8    634.0    301.6 2021 11  5 17 27 28.240  1.83   1
     7877  54.895390 -162.499854    26.919   -46187.6   -22920.9     7879.8    278.1    256.6    566.7 2021 11  5 21 49  9.440  1.92   1
     7878  55.170158 -161.831836    12.560    -3425.5     7667.6    -6478.9    454.8    205.7    348.3 2021 11  5 23 58  2.880  1.86   1
     7879  55.394995 -161.588167    21.627    12081.0    32697.6     2587.7    178.3    274.9    194.8 2021 11  5 23 58  3.300  0.85   1
     7880  55.364266 -161.928971     7.412    -9597.3    29276.6   -11626.6    355.2    247.4    357.5 2021 11  6  0  1 51.100  1.32   1
     7882  54.951668 -162.237581     2.096   -29382.8   -16655.7   -16942.8    120.6    123.3    160.0 2021 11  6 11 17 24.790  1.25   1
     7884  55.325301 -161.695101    16.203     5284.8    24938.9    -2835.8    218.5    213.2    191.1 2021 11  6 14 47 26.170  1.61   1
     7889  55.298437 -162.145557    48.572   -23396.4    21948.3    29533.4    379.6    342.8    249.6 2021 11  6 15 59 52.330  1.67   1
     7890  55.386808 -161.840674     5.174    -3978.4    31786.2   -13865.1    258.3    232.3    289.0 2021 11  6 21 35 46.280  0.28   1
     7894  54.940385 -160.416178    11.624    87110.2   -17911.8    -7414.6    498.0    715.1    480.9 2021 11  7  3 21  1.110  2.31   1
      790  55.002006 -162.273047    19.830   -31631.0   -11051.8      791.0    244.8    219.5    164.6 2021  1 27  2  7 34.120  1.76   1
     7903  55.417350 -161.923324    13.355    -9231.8    35186.2    -5684.1    255.7    194.2    141.3 2021 11  7 10 51 56.410  1.49   1
     7905  55.371004 -161.935400     1.389   -10005.5    30026.8   -17650.3    322.7    290.6    362.8 2021 11  7 11  1 16.900  0.86   1
     7909  55.428369 -161.655811    16.510     7775.8    36412.9    -2528.8    223.2    283.8    245.0 2021 11  7 16 53 33.990  1.17   1
      791  55.264185 -160.311751    11.581    93411.9    18135.1    -7457.9    333.0    608.0    338.3 2021  1 27  2 11 53.510  1.44   1
     7913  55.328825 -160.494206    13.507    81723.0    25331.2    -5532.0    296.1    686.0    304.0 2021 11  7 17 58  5.520  3.12   1
     7915  55.286348 -161.631673    27.911     9326.8    20602.5     8872.5    283.9    339.8    289.1 2021 11  8  3 22 52.080  1.86   1
     7916  55.340019 -161.871224    20.355    -5925.0    26577.3     1316.0    485.5    289.3    227.2 2021 11  8  3 31 27.700  1.90   1
      792  55.264950 -161.545866    12.441    14795.4    18220.3    -6598.2    149.9    197.0    262.4 2021  1 27  3  8 54.450 -0.20   1
     7927  55.495801 -161.991455    11.715   -13550.3    43919.7    -7323.5    404.0    314.7    429.5 2021 11  8 11  5 30.690  1.43   1
      793  54.495260 -162.067220    50.268   -18592.6   -67465.2    31229.3    413.1    195.4    268.9 2021  1 27  4 14  5.590  1.60   1
     7933  55.359115 -162.331087    44.727   -35183.4    28703.2    25688.1    246.6    481.9    180.7 2021 11  8 15 59 52.080  1.57   1
     7935  55.696114 -162.068327     1.293   -18386.7    66219.5   -17745.5    529.5    348.3    358.4 2021 11  8 16 33 19.830  2.08   1
      794  55.049202 -161.469352    17.085    19722.4    -5797.7    -1954.0    201.2    335.7    489.1 2021  1 27  4 24  7.540  1.70   1
     7940  55.276400 -161.719922    22.678     3707.1    19495.0     3638.7    326.3    232.9    209.9 2021 11  8 19 29  9.180  1.93   1
     7941  55.561072 -161.890511     2.360    -7132.7    51186.0   -16678.8    401.9    214.8    238.4 2021 11  8 19 29  9.140  1.29   1
     7945  55.567806 -162.073128    10.149   -18721.1    51935.7    -8889.9    364.1    284.7    434.4 2021 11  8 19 37 10.360  1.78   1
     7947  55.093632 -161.849951     9.830    -4585.3     -851.6    -9208.8    319.9    286.0    322.2 2021 11  8 21 15  2.240  0.97   1
     7949  54.711951 -161.854411    32.456    -4893.1   -43342.2    13417.5    277.5    242.7    368.4 2021 11  9  0  1 28.240  1.25   1
     7954  55.543929 -161.858089    15.332    -5076.1    49277.6    -3706.9    434.0    281.9    283.9 2021 11  9  5 52 12.820  1.09   1
      796  55.065279 -160.827995    63.388    60676.1    -4008.0    44349.0    153.9    320.5    193.0 2021  1 27  4 46  2.420  2.19   1
     7961  55.018103 -162.280290    18.456   -32087.5    -9259.8     -582.6    283.9    303.2    255.2 2021 11  9 13  8 43.110  1.10   1
     7963  55.219173 -161.860010     6.801    -5219.2    13124.2   -12238.0    516.4    460.6    704.0 2021 11  9 13 16 10.200  0.30   1
     7967  54.400761 -161.196647     9.957    37440.2   -77985.3    -9081.8    434.2    390.4    339.8 2021 11  9 17 49 51.560  1.53   1
     7968  54.531258 -161.768213    41.008      637.2   -63457.7    21969.2    412.3    279.7    476.7 2021 11  9 18 11 27.580  1.31   1
     7969  54.908765 -162.225895     5.291   -28650.7   -21431.9   -13747.6    112.6    114.0    148.0 2021 11  9 18 21 38.600  0.36   1
      797  54.882739 -161.502344    28.315    17651.6   -24329.2     9275.7    312.1    241.4    574.6 2021  1 27  7 10 24.620  1.38   1
     7975  54.507581 -163.241325     2.622   -94088.7   -66093.6   -16416.8    251.9    244.7    244.1 2021 11 10  1 47 18.050  2.06   1
     7993  55.322701 -161.998047     8.877   -13999.4    24649.4   -10162.4    406.2    386.5    468.6 2021 11 11 19  0 20.720  1.81   1
     7995  55.401335 -161.894092     9.831    -7374.7    33403.3    -9207.9    358.4    292.7    211.6 2021 11 11 23 59 57.800  1.60   1
     7996  55.073279 -162.857422     3.622   -68918.0    -3117.4   -15416.8    154.4    189.3    241.1 2021 11 12  0 50 11.380  1.46   1
        8  54.625285 -161.421794    12.008    22880.1   -52990.2    -7030.9    219.1    190.2    237.5 2021  1  1 12 35 10.290  1.64   1
       80  54.649109 -160.991471    34.986    50496.2   -50338.0    15947.6    346.8    381.7   2187.5 2021  1  3  6  4 33.760  2.38   1
     8000  55.359859 -161.788965     0.790     -689.7    28786.1   -18249.0    168.5    108.7    176.4 2021 11 12 10 29  4.990  1.70   1
     8002  55.267041 -161.302572    16.462    30292.9    18453.1    -2576.8    220.1    447.2    570.3 2021 11 12 12 16 57.820  1.48   1
     8003  55.345618 -161.941764     6.481   -10413.7    27200.6   -12557.6    217.8    206.8    132.7 2021 11 12 12 22 52.240  0.08   1
     8006  55.349634 -161.983415     6.446   -13063.5    27647.7   -12592.7    229.9    303.7    281.0 2021 11 12 16 32 31.600  1.05   1
     8013  55.444930 -161.742415    10.904     2269.7    38256.5    -8134.6    180.2    378.5    381.7 2021 11 12 19 29 55.120  1.58   1
     8016  55.405383 -161.823372     5.374    -2877.3    33854.0   -13665.2    224.1    204.9    233.3 2021 11 12 19 37 15.100  0.31   1
     8017  55.450435 -161.660010     6.499     7506.7    38869.4   -12540.2    256.3    314.9    732.1 2021 11 12 19 44 20.160  0.07   1
     8018  54.989282 -162.770833     3.046   -63455.2   -12468.3   -15993.3    192.8    316.6    331.9 2021 11 12 19 46 31.040  1.44   1
     8019  54.498169 -163.243294     6.645   -94226.2   -67141.4   -12393.5    312.1    305.1    324.2 2021 11 12 21 19 52.400  2.15   1
     8025  55.523706 -161.853727     7.750    -4800.4    47026.3   -11289.2    270.5    224.4    348.3 2021 11 13  3  1 50.580  0.98   1
     8038  54.488647 -163.217041    10.330   -92548.7   -68201.3    -8708.7    304.0    289.6    269.0 2021 11 13 12  7 42.080  2.11   1
      804  54.378455 -162.129655    34.472   -22640.5   -80468.5    15433.5    819.2    324.3   1640.6 2021  1 27  9  5 59.730  2.00   1
     8044  55.399259 -161.951628    10.195   -11033.9    33172.3    -8844.3    221.9    135.3    178.7 2021 11 13 15 59 57.610  0.84   1
     8047  55.341650 -161.735335    15.685     2723.2    26759.0    -3354.1    202.7    330.7    141.6 2021 11 13 16 11 33.560  1.84   1
     8051  55.398861 -161.690739    14.873     5557.4    33127.9    -4165.5    264.2    474.7    236.3 2021 11 13 19 22 38.240  0.36   1
     8055  55.364156 -161.896745    23.528    -7547.0    29264.4     4488.8    475.8    373.2    176.6 2021 11 13 19 25 42.960  1.66   1
     8060  55.359005 -161.881494     0.869    -6577.1    28690.9   -18169.4    263.2    225.5    273.4 2021 11 13 19 35 14.000  0.32   1
     8066  54.532756 -163.289600    14.242   -97162.7   -63291.0    -4797.1    336.6    358.8    352.8 2021 11 14  0  4 47.600  1.67   1
     8067  55.304464 -161.649984     7.133     8158.8    22619.2   -11906.3    166.1    334.7    801.1 2021 11 14  2 14 19.250  1.62   1
     8068  55.095345 -161.878092    17.221    -6381.6     -660.9    -1818.1    463.7    196.8    232.9 2021 11 14  2 14 28.850  1.93   1
     8069  55.517550 -161.798145    14.453    -1271.3    46340.9    -4585.5    209.1    151.1    228.4 2021 11 14  2 18 35.610  1.27   1
     8081  55.440283 -161.723226     5.777     3489.5    37739.2   -13261.5    212.2    258.9    369.5 2021 11 14  7 25 28.710  0.93   1
     8082  55.429366 -161.894303    15.057    -7385.6    36523.9    -3981.5    227.8    139.7    107.8 2021 11 14  7 26  8.450  1.26   1
     8089  55.468567 -161.827100     2.580    -3111.8    40887.9   -16459.0    232.8    346.9    463.2 2021 11 14 10 55 24.520  0.78   1
     8091  55.419385 -161.919173    12.694    -8967.7    35412.7    -6344.8    379.9    420.6    256.5 2021 11 14 13 55 18.930  1.38   1
     8099  55.141146 -162.072689    42.544   -18793.3     4437.9    23505.6    931.4    529.2    532.3 2021 11 14 17 15  3.440  1.04   1
       81  55.153170 -161.917301     5.180    -8878.2     5776.4   -13859.0    249.0    243.4    310.2 2021  1  3  6  5  4.440  1.21   1
     8100  55.520304 -161.857324    10.543    -5029.0    46647.6    -8496.1    508.4    355.1    394.1 2021 11 14 17 16  7.440  1.64   1
     8102  55.350618 -161.766097     3.549      765.4    27757.3   -15490.0    195.4    205.1    268.7 2021 11 14 17 18  4.840  0.66   1
     8104  55.289921 -161.653288    32.637     7949.9    21000.2    13598.5    374.9    439.5    336.4 2021 11 14 17 25 59.080  1.46   1
     8108  55.420801 -161.897575    15.937    -7594.4    35570.4    -3101.5    210.2    301.6    170.4 2021 11 14 19 19 47.720  0.93   1
     8109  55.363607 -161.797428    20.938    -1228.1    29203.3     1898.8    206.0    337.9    133.6 2021 11 14 19 23 13.420  1.10   1
     8110  55.470138 -161.868701    11.623    -5755.1    41062.8    -7416.0    178.9    123.3    111.2 2021 11 14 19 26 53.520  1.88   1
     8115  55.441634 -161.940804    13.952   -10340.1    37889.6    -5087.4    253.2    211.4    197.6 2021 11 14 22 28 10.120  1.30   1
     8118  55.370841 -161.838965     5.588    -3870.5    30008.7   -13450.7    237.6    166.5    229.9 2021 11 14 22 42 20.560  0.10   1
     8122  54.869702 -161.144092    56.913    40588.4   -25780.5    37874.6    144.4    159.5    161.4 2021 11 15  0 46 32.610  2.01   1
     8123  55.359554 -161.772998     1.248      326.2    28752.1   -17790.6    173.9    140.6    251.1 2021 11 15  1 23 57.360  1.73   1
     8124  55.364254 -161.789225     7.308     -706.2    29275.3   -11731.0    258.8    167.1    188.8 2021 11 15  1 29  6.440  1.92   1
     8128  54.859957 -162.150993     0.089   -23872.5   -26865.4   -18950.0    181.4    187.7    179.6 2021 11 15  3 37 21.740  1.73   1
     8132  54.404150 -163.272559    56.601   -96219.5   -77607.9    37561.7    795.8    742.1   4722.7 2021 11 15  5 14 42.700  1.62   1
     8134  55.353739 -161.782650    24.321     -287.9    28104.8     5281.6    219.4    269.2    136.0 2021 11 15  5 51  9.820  1.43   1
      814  55.158923 -161.368392    32.471    26135.4     6416.9    13431.9    331.5    375.3    456.8 2021  1 27 15 31 11.340  2.57   1
     8140  55.366479 -161.794271     7.518    -1027.2    29523.1   -11520.7    286.0    338.6    312.0 2021 11 15  8 54 46.330 -0.04   1
     8141  55.282068 -161.803857     2.763    -1638.9    20126.0   -16276.3    323.2    173.7    262.5 2021 11 15  8 56 45.270  0.46   1
     8143  54.595036 -161.472266    12.984    19646.6   -56357.7    -6054.4    246.0    210.7    250.3 2021 11 15  9 15 48.260  1.82   1
     8144  55.283695 -160.641243    31.292    72404.7    20307.2    12253.3    290.3    472.3    778.0 2021 11 15  9 19 55.610  2.52   1
     8146  55.305318 -161.675439    17.402     6538.0    22714.3    -1637.2    164.9    164.0    145.3 2021 11 15 11 22 49.170  1.45   1
     8154  55.551542 -161.867578    14.541    -5677.9    50125.1    -4497.6    280.0    187.6    317.1 2021 11 15 13  5 53.380  1.28   1
     8155  55.383057 -161.898210    14.782    -7638.3    31368.5    -4257.0    249.9    259.4    207.2 2021 11 15 13  9 28.850  1.22   1
     8159  55.233431 -161.810661     6.506    -2073.4    14711.5   -12532.5    320.3    410.5    437.8 2021 11 15 14 21 15.650  1.02   1
     8170  55.447013 -161.853369     9.118    -4782.3    38488.5    -9920.9    289.4    166.5    190.3 2021 11 15 15 56 26.480  0.79   1
     8172  55.246570 -161.471777    17.091    19519.5    16174.2    -1948.0    170.4    250.9    311.7 2021 11 15 17 16  9.020  1.41   1
     8173  55.319080 -161.977865    18.009   -12715.2    24246.3    -1029.6    332.2    347.6    282.6 2021 11 15 17 16 10.160  1.47   1
     8177  55.363855 -161.788851    18.728     -682.4    29230.9     -310.7    167.4    269.6    103.7 2021 11 15 20 41 50.680  1.01   1
     8184  55.380005 -161.896257     4.569    -7514.4    31028.8   -14470.1    118.3    101.1    280.2 2021 11 15 20 51 40.760 -0.23   1
     8185  55.385612 -161.849984    10.767    -4570.6    31653.0    -8271.7    319.5    256.8    251.5 2021 11 15 20 57 10.520  1.37   1
     8186  55.692647 -161.372396    12.304    25707.5    65833.6    -6735.1    460.8    433.1    653.3 2021 11 15 21 18 56.860  2.03   1
      819  54.573617 -161.277930    13.461    32138.1   -58742.2    -5578.2    188.5    159.8    158.9 2021  1 27 16 46  4.750  2.23   1
     8191  55.378227 -162.020817     8.973   -15438.1    30830.8   -10065.9    316.4    450.4    242.7 2021 11 15 23 19 57.800  0.34   1
     8198  55.316113 -161.816895     2.811    -2468.1    23916.1   -16227.8    250.9    211.0    212.4 2021 11 16  3 30  3.340  0.82   1
      820  54.987329 -161.664160    22.937     7285.0   -12685.7     3897.9    273.8    283.6    502.4 2021  1 27 18 18 24.000  1.47   1
     8202  55.379220 -161.751400    17.894     1700.0    30941.3    -1145.0    190.6    274.3    148.1 2021 11 16  6 59  6.100  1.23   1
     8214  55.415540 -161.876888    21.155    -6279.6    34984.7     2115.9    227.4    237.7    118.4 2021 11 16 14  0 11.780  1.45   1
     8219  55.045841 -162.432764    38.207   -41815.9    -6171.9    19167.9    320.6    311.3    503.1 2021 11 16 14 13 57.140  1.82   1
      822  54.967603 -162.485791    20.736   -45247.1   -14881.8     1697.6    310.9    316.5    411.0 2021  1 27 19 30 37.800  1.29   1
     8221  54.561739 -162.553255    18.445   -49810.2   -60064.4     -594.1    235.8    154.6    162.3 2021 11 16 15 18 49.780  2.41   1
     8225  54.455904 -163.170882     0.481   -89616.0   -71846.5   -18557.7    238.7    211.8    175.0 2021 11 16 18 49 55.900  2.53   1
     8227  54.407874 -162.064372    15.809   -18429.2   -77193.5    -3229.7    431.2    197.7    270.8 2021 11 16 19 39 22.720  2.15   1
     8228  55.374976 -161.924089    13.807    -9285.4    30468.9    -5231.7    347.0    355.4    185.9 2021 11 16 20  7 11.800  1.38   1
     8235  55.225476 -161.351367    17.651    27198.8    13825.9    -1388.1    318.2    421.9    552.6 2021 11 16 23  1 52.340  1.27   1
     8241  55.721847 -160.552832    11.436    77607.5    69084.2    -7602.5    520.5    772.7    507.1 2021 11 17  2 43 56.180  1.77   1
     8242  55.319568 -161.975472    22.272   -12562.8    24300.6     3233.2    473.1    508.7    284.8 2021 11 17  2 54 14.340  2.21   1
     8243  54.948820 -162.799007     2.920   -65288.9   -16972.8   -16119.3    209.6    444.0    234.0 2021 11 17  2 54  9.420  2.12   1
     8245  54.991634 -162.296859     1.908   -33157.1   -12206.5   -17131.4    198.7    171.5    188.6 2021 11 17  6 12 34.250  1.65   1
      825  54.449349 -162.189551    43.967   -26475.0   -72576.2    24928.1    415.9    177.6    287.1 2021  1 27 21 14 15.160  1.67   1
     8256  54.517419 -162.008285    10.533   -14798.2   -64998.3    -8505.4    302.3    199.2    268.8 2021 11 17 10  3  4.480  2.48   1
     8258  55.365605 -161.787484    19.666     -595.4    29425.7      627.4    179.3    133.2    107.8 2021 11 17 11 28 57.750  1.34   1
      826  54.961495 -162.286035     4.410   -32477.5   -15561.7   -14629.2    218.7    164.9    192.0 2021  1 27 21 23 43.960  0.87   1
     8262  55.386027 -161.932650    16.800    -9828.6    31699.2    -2239.1    358.6    433.5    185.5 2021 11 17 15 59 56.870  1.25   1
     8263  55.572990 -162.647607     0.948   -55174.4    52512.8   -18090.8    380.6    481.9    318.6 2021 11 17 16 11  7.270  1.48   1
     8266  55.115328 -162.200830     6.551   -26977.5     1563.7   -12488.2    277.6    445.2    262.6 2021 11 17 17 13  0.000  2.20   1
     8268  55.115922 -161.939811     4.644   -10318.9     1629.8   -14395.4    261.0    257.2    264.6 2021 11 17 20 19 27.680  1.10   1
     8269  54.775191 -161.328109    10.150    28842.1   -36301.9    -8889.2    288.8    253.8    299.1 2021 11 17 20 19 26.000  1.47   1
     8271  55.367175 -161.898470     4.576    -7656.4    29600.5   -14462.7    182.5    134.3    200.9 2021 11 17 20 23 37.920  0.46   1
     8274  55.315788 -161.688883    17.589     5681.3    23879.8    -1449.7    114.6    192.2    104.5 2021 11 17 20 34  6.520  1.19   1
     8279  54.772599 -162.761003     1.393   -62995.8   -36590.5   -17645.9    156.9    145.3    150.8 2021 11 17 23 18 50.640  1.30   1
     8283  55.370728 -162.576742     2.327   -50806.3    29996.0   -16712.3    315.2    469.8    338.5 2021 11 18  0 31 48.740  2.22   1
     8294  55.429972 -161.449609    30.351    20883.9    36591.4    11311.6    271.3    418.8    329.1 2021 11 18  5 20 30.930  1.37   1
     8300  55.363021 -161.800098     0.495    -1398.0    29138.0   -18543.7    295.0    217.8    350.9 2021 11 18 13 55 36.220 -0.38   1
     8301  55.339311 -161.723779    18.555     3458.7    26498.5     -483.6    246.0    297.7    175.2 2021 11 18 13 57 48.800  1.19   1
     8304  54.950435 -162.250407     3.404   -30203.4   -16792.9   -15634.6    150.2    140.7    217.1 2021 11 18 14  6 29.210  1.94   1
     8307  54.690177 -161.961735    30.940   -11780.2   -45766.1    11901.2   1149.9    273.7    813.3 2021 11 18 14 14 50.180  1.83   1
     8309  54.578263 -161.290771    12.640    31311.2   -58224.9    -6399.3    167.5    141.8    146.4 2021 11 18 14 45 46.690  3.05   1
     8311  55.217542 -161.909619    22.807    -8381.4    12942.6     3768.2    306.6    430.8    261.5 2021 11 18 17  7 50.560  1.14   1
     8312  55.419596 -161.884928    17.601    -6790.4    35436.3    -1438.0    239.0    197.0    151.5 2021 11 18 17 49 22.320  1.07   1
     8314  55.391907 -161.531380    18.768    15693.2    32353.7     -271.0    207.0    357.9    271.7 2021 11 18 17 54 37.660  1.33   1
     8324  55.382170 -161.774593     5.647      224.7    31269.8   -13391.6    177.7    343.3    151.8 2021 11 18 20 18 26.520  0.60   1
     8331  55.372620 -161.770378    20.368      492.9    30206.6     1329.0    243.7    328.5    149.1 2021 11 19  1 59 23.600  1.15   1
     8332  55.407959 -161.944759     7.611   -10596.0    34140.8   -11427.8    327.8    238.5    340.0 2021 11 19  2  1  4.130  1.61   1
     8333  55.401640 -161.836328     2.431    -3701.3    33437.3   -16607.8    307.7    245.3    200.1 2021 11 19  2  3 36.990  0.84   1
     8334  55.380074 -161.881657    11.639    -6585.7    31036.5    -7400.1    283.0    295.1    248.0 2021 11 19  2  6 44.440  1.13   1
     8336  55.336426 -161.811100     8.733    -2098.7    26177.3   -10306.1    272.0    191.1    207.7 2021 11 19  2 11 28.910 -0.22   1
     8339  54.600920 -161.281901    14.225    31872.2   -55702.7    -4813.8    235.7    235.6    295.1 2021 11 19  3 51  8.890  2.79   1
     8353  55.417472 -161.884391    16.868    -6756.5    35199.8    -2170.5    166.6    236.3    146.1 2021 11 19 21 15  4.880  1.71   1
     8359  55.440381 -161.847510     8.254    -4410.3    37750.1   -10784.8    261.0    149.2    201.1 2021 11 20  2 34 10.230  0.72   1
     8361  55.421440 -161.881136    18.375    -6549.2    35641.5     -663.9    130.8    206.3    165.8 2021 11 20  4 39  9.480  1.35   1
     8365  55.352482 -162.267692    22.522   -31152.3    27964.8     3482.7    451.7    328.9    377.4 2021 11 20  7 59 54.680  0.94   1
     8369  55.325924 -161.643359    17.095     8578.3    25008.2    -1944.0    167.0    227.1    174.2 2021 11 20 15 21 53.490  1.18   1
     8375  55.304476 -161.409066    25.043    23498.2    22620.5     6004.5    242.6    384.6    200.5 2021 11 20 18 17 19.780  1.38   1
     8376  55.418925 -161.889811    15.097    -7100.9    35361.5    -3942.4    209.9    165.5    125.1 2021 11 20 18 17 23.080  1.26   1
     8378  55.342061 -161.888135    25.077    -7001.1    26804.7     6037.6    460.9    294.1    172.5 2021 11 20 18 19 35.040  1.14   1
     8388  55.488135 -161.857699     9.989    -5054.9    43066.3    -9049.5    217.7    210.2    298.0 2021 11 21  3 30 18.600  1.11   1
     8390  55.379919 -161.963542     5.149   -11794.4    31019.3   -13890.1    309.5    297.7    454.5 2021 11 21  3 41 22.600  1.53   1
     8393  55.460213 -161.821891     4.261    -2781.2    39957.9   -14778.1    177.8    207.8    320.4 2021 11 21 10  3  8.220  0.60   1
     8398  55.134294 -161.161410    30.468    39350.1     3675.0    11429.0    166.9    233.3    353.2 2021 11 21 10 48 23.220  2.29   1
     8401  54.785950 -161.827035    18.553    -3134.3   -35104.2     -486.2    325.2    253.8    508.0 2021 11 21 14 34 31.030  1.96   1
     8402  54.764140 -161.860677     0.702    -5291.6   -37532.2   -18337.0    301.0    221.8    174.9 2021 11 21 14 40 33.040  1.70   1
     8412  54.494067 -161.112467    20.382    42811.1   -67598.0     1343.6    303.9    292.3    275.9 2021 11 22  7 45 44.860  2.09   1
     8416  55.401318 -161.720492    36.796     3665.1    33401.5    17757.2    445.7    527.3    413.3 2021 11 22 11 28  8.690  2.11   1
     8417  55.345841 -161.930534     9.424    -9698.9    27225.5    -9615.1    383.5    537.9    428.7 2021 11 22 11 29  3.660  1.49   1
     8418  54.604545 -162.270931    56.472   -31651.2   -55299.1    37432.7    493.8    196.5    237.1 2021 11 22 12 36 18.810  1.71   1
     8423  54.724255 -162.086475    16.867   -19775.0   -41972.3    -2171.7    349.9    207.3    437.4 2021 11 23  1 14 36.660  0.82   1
     8424  54.876135 -162.054264     1.835   -17676.0   -25064.4   -17204.3    152.7    181.6    224.5 2021 11 23  1 14 59.760  1.23   1
     8425  55.282874 -162.865527    30.274   -69254.2    20215.7    11235.4    427.3    664.6    816.3 2021 11 23  3 36 30.860  1.93   1
     8427  55.344849 -162.283268     3.554   -32146.5    27115.0   -15485.2    293.2    226.5    566.4 2021 11 23  5  5 26.970  1.96   1
     8428  55.356551 -161.621989     4.761     9934.8    28417.8   -14277.5    176.9    294.9    372.1 2021 11 23  5 21  3.910  2.00   1
     8430  55.234005 -160.951579    13.974    52673.0    14775.3    -5065.2    312.6    435.2    384.1 2021 11 23  7 19  6.990  1.73   1
     8434  55.189551 -161.889714     3.829    -7115.1     9826.5   -15210.2    246.2    293.5    359.9 2021 11 23 11 15 25.290  0.88   1
     8441  54.858215 -161.195280    30.561    37316.8   -27059.3    11522.2    205.6    222.6    507.8 2021 11 23 19 31 53.000  2.10   1
     8443  54.422620 -163.147721     5.335   -88161.8   -75551.9   -13703.9    327.5    284.5    254.1 2021 11 23 21  4  9.480  1.95   1
     8445  55.449849 -161.659131    22.182     7562.6    38804.2     3142.6    260.2    298.2    223.6 2021 11 24  0 35 32.850  1.04   1
     8456  55.374316 -161.668506    14.040     6973.4    30395.5    -4999.0    320.4    384.6    286.2 2021 11 25  2 43 28.290  1.71   1
     8466  54.645471 -161.491602    42.310    18393.1   -50743.0    23270.9    243.9    245.8    320.5 2021 11 25 16 50 49.730  1.73   1
     8469  55.338232 -161.704085    18.426     4712.2    26378.5     -613.0    360.5    322.2    260.2 2021 11 25 18 59 36.040  0.94   1
      847  54.865955 -162.055208     3.296   -17738.6   -26197.7   -15743.1    115.1    187.2    287.2 2021  1 28 10 39 29.960  1.71   1
     8471  55.442424 -161.922965    12.299    -9206.2    37977.5    -6739.4    382.6    197.4    213.3 2021 11 25 19  0 27.400  1.25   1
     8474  55.366317 -161.775586    21.165      161.5    29504.9     2126.1    262.2    194.2    153.8 2021 11 25 22 33 55.400  1.45   1
     8476  55.386764 -161.905273    25.121    -8087.3    31781.2     6082.6    252.9    271.1    157.9 2021 11 25 22 36 54.360  1.52   1
      848  54.519389 -161.162988    13.376    39549.6   -64779.1    -5662.5    365.3    348.2    306.6 2021  1 28 11 14 23.180  2.08   1
     8481  54.950675 -161.673112    12.430     6715.8   -16766.2    -6608.6    185.5    243.0    248.0 2021 11 26  2  5 26.460  1.38   1
     8485  55.373743 -161.859212     2.055    -5158.4    30331.6   -16984.4    257.4    341.3    477.4 2021 11 26  3 17 31.950 -0.18   1
     8486  55.272664 -161.685433    15.644     5904.1    19079.1    -3394.8    250.6    264.7    238.7 2021 11 26  3 24 12.050  0.73   1
     8489  55.186353 -161.880127     5.310    -6504.1     9470.5   -13728.9    275.6    237.8    244.4 2021 11 26  5  8 19.930  0.81   1
     8497  54.892187 -162.585758    26.739   -51687.2   -23277.4     7699.8    259.2    241.6    269.3 2021 11 27  4 25 45.400  1.58   1
     8498  55.005644 -162.344922     9.211   -36223.0   -10646.9    -9827.9    203.8    169.2    197.2 2021 11 27  4 26 13.660  0.79   1
     8499  55.442769 -161.878304    13.602    -6367.4    38016.0    -5436.6    230.4    246.2    171.8 2021 11 27  7 59 57.180  1.47   1
     8502  54.634709 -161.855827    22.151    -4988.7   -51941.1     3111.7    299.4    224.0    248.1 2021 11 27  8  4 23.980  2.31   1
     8505  54.849589 -162.036702     1.952   -16557.3   -28019.6   -17087.4    147.1    198.8    232.4 2021 11 27 19 49 46.340  1.39   1
     8514  54.403316 -162.339160    33.756   -36122.8   -77700.8    14717.3    847.4    321.8   1034.1 2021 11 28 10 12 11.870  2.04   1
      852  54.697994 -162.493896    71.954   -45918.5   -44895.9    52915.1    337.8    186.4    208.2 2021  1 28 18 16  9.840  1.72   1
     8522  55.364034 -161.642350    19.222     8638.4    29250.8      183.4    210.0    329.7    224.4 2021 11 29  4 14 51.700  1.03   1
     8523  55.242188 -161.527995    17.291    15938.3    15686.3    -1748.2    266.0    337.5    496.7 2021 11 29  4 21  9.960  1.66   1
     8527  55.225736 -161.806820    24.062    -1828.8    13854.9     5022.8    620.8    345.0    339.2 2021 11 29  8 37 36.790  0.98   1
     8529  54.325944 -161.618571     8.241    10282.8   -86314.2   -10797.7    321.4    238.0    242.9 2021 11 29 11 15 37.670  2.15   1
     8533  55.373010 -161.821615     4.287    -2766.6    30250.1   -14752.3    284.6    169.3    330.5 2021 11 29 13 36 24.200  0.56   1
     8534  55.414465 -161.870020     7.453    -5842.9    34865.1   -11585.8    273.0    275.8    267.5 2021 11 29 13 43 40.220  0.58   1
     8535  55.425061 -161.901204     8.197    -7824.7    36044.6   -10842.4    238.0    280.7    271.0 2021 11 29 18  2 47.460  1.10   1
      854  54.890112 -162.645085    13.862   -55485.4   -23508.4    -5176.6    267.4    312.6    602.8 2021  1 28 18 32 52.120  1.68   1
     8541  55.394259 -161.657959    12.528     7642.4    32615.6    -6510.9    200.3    285.4    215.2 2021 11 29 23 59 25.380  0.41   1
     8542  55.140279 -161.557015     2.688    14107.1     4341.4   -16350.9    336.5    238.5    243.5 2021 11 30  0  0 16.890  1.33   1
     8544  55.362130 -161.696208    16.392     5212.0    29038.8    -2646.6    410.4    749.2    382.8 2021 11 30  5 28  7.010  0.40   1
     8546  55.360205 -161.708626    19.542     4421.9    28824.6      502.7    241.8    343.5    185.6 2021 11 30  7  1 22.390  1.28   1
     8547  55.284196 -161.551335    10.142    14443.5    20362.9    -8896.7    232.5    354.1    353.9 2021 11 30  7  2 53.280  1.42   1
     8550  55.335933 -161.728613    19.320     3151.2    26122.5      281.4    226.0    212.2    175.9 2021 11 30  9  2  8.870  1.78   1
     8557  55.340849 -161.658008    21.282     7644.5    26669.7     2243.1    223.7    293.4    200.6 2021 11 30 13 54 36.420  1.66   1
     8563  55.259355 -161.526009     5.280    16061.4    17597.4   -13758.5    119.9    148.7    352.8 2021 11 30 16 30 26.810  1.58   1
     8569  55.403231 -161.797103     5.557    -1206.8    33614.4   -13481.9    219.8    242.2    272.4 2021 11 30 19 19 37.040  2.02   1
     8572  55.314905 -161.533057     4.462    15601.6    23781.5   -14577.1    241.7    269.5    434.6 2021 11 30 22 56 24.360  1.11   1
     8575  54.811389 -161.315511    20.154    29636.2   -32272.2     1115.2    231.6    239.9    242.1 2021 11 30 23 36  8.620  2.00   1
      858  55.159908 -161.369076    17.135    26091.5     6526.6    -1903.4    238.8    269.2    477.5 2021  1 28 20 22 40.580  1.66   1
     8580  55.229163 -161.710938    30.612     4281.9    14236.3    11573.0    332.6    307.6    308.0 2021 12  1  0 50 59.720  1.42   1
     8582  55.323319 -161.527083    15.494    15980.2    24718.3    -3544.4    136.7    265.0    230.3 2021 12  1  1 35  3.920  1.50   1
     8583  55.408411 -161.979557    21.326   -12808.6    34191.0     2287.6    342.3    353.1    157.8 2021 12  1  1 35  4.150  1.74   1
     8586  55.342761 -161.784147    14.364     -383.2    26882.6    -4674.9    313.7    229.7    209.8 2021 12  1  2 51 19.430  1.31   1
     8593  55.338855 -161.560693    10.438    13838.0    26447.8    -8600.7    270.8    639.6    452.9 2021 12  1  6 49  8.520  0.89   1
     8597  55.364689 -161.637744    10.041     8931.4    29323.7    -8997.8    226.5    334.3    324.3 2021 12  1  8 10 19.430  0.17   1
     8598  55.311865 -161.505176    11.881    17377.2    23443.1    -7157.9    172.5    263.9    321.4 2021 12  1  9 20 20.040  1.33   1
      860  55.172392 -161.952848    32.876   -11143.1     7916.3    13837.4    643.5    511.7    377.5 2021  1 29  0 16 47.810  2.57   1
     8603  55.339242 -161.920426    16.146    -9056.5    26490.8    -2892.8    335.1    258.6    160.2 2021 12  1 11 31  6.230  1.46   1
     8613  55.402275 -161.845801    17.748    -4303.7    33507.9    -1291.0    200.9    217.6    193.4 2021 12  1 16 26 32.770  1.03   1
     8614  55.322465 -161.674967    26.149     6566.6    24623.2     7110.2    326.3    348.1    225.0 2021 12  1 16 35 10.190  0.53   1
     8617  55.177010 -162.444092    13.911   -42470.0     8430.4    -5127.5    241.7    267.9    359.6 2021 12  1 17 34 15.920  0.89   1
     8624  55.175826 -161.008398    13.690    49087.7     8298.6    -5348.5    208.0    585.3    329.6 2021 12  1 20 56 40.920  2.12   1
     8625  55.756775 -161.976921     1.228   -12585.8    72972.6   -17810.4    504.4    235.3    271.8 2021 12  1 20 56 50.100  2.23   1
     8634  55.190861 -162.179932     7.104   -25619.6     9972.4   -11935.2    444.4    434.2   1040.2 2021 12  1 22 22 32.560  1.00   1
     8635  55.419413 -161.779785    18.833     -105.6    35415.9     -205.7    337.8    366.7    206.2 2021 12  1 22 26 48.720  0.72   1
     8637  55.001676 -162.413818    16.465   -40628.1   -11088.5    -2573.4    434.4    300.7    523.2 2021 12  1 22 31 44.360  1.66   1
      864  55.102429 -161.529525    22.050    15868.5      127.7     3010.8    207.5    152.5    251.2 2021  1 29  5 23 13.890  1.58   1
     8641  55.172457 -161.118522    33.305    42066.6     7923.6    14265.6    219.7    448.9    399.8 2021 12  1 23 55 37.060  2.33   1
     8642  55.367143 -161.674105    38.494     6617.8    29596.9    19454.9    362.6    507.5    290.7 2021 12  1 23 56 10.440  2.77   1
     8652  55.746155 -162.047201     1.857   -17037.5    71790.3   -17181.6    520.0    323.0    368.9 2021 12  2  1 40 49.080  2.29   1
     8655  54.995369 -162.298942     1.752   -33288.8   -11790.7   -17286.9    267.2    220.5    256.5 2021 12  2  2 17 42.140  2.49   1
     8657  54.960791 -162.594401    23.790   -52195.9   -15640.1     4751.3    260.2    228.9    195.6 2021 12  2  2 29 38.420  2.39   1
      866  55.794535 -161.412256    32.700    23152.2    77176.2    13660.9    561.7    492.0    896.4 2021  1 29  6 34 20.150  2.18   1
     8664  55.406527 -161.745524     2.950     2073.1    33981.3   -16088.9    227.4    336.9    322.4 2021 12  2  4 45 45.350  0.07   1
     8666  55.150163 -160.840706    13.248    59801.1     5441.7    -5790.8    249.5    519.5    239.9 2021 12  2  5 44 39.630  1.88   1
     8667  55.164160 -162.226107     0.471   -28573.3     6999.9   -18567.4    218.1    268.2    224.1 2021 12  2  7 16 19.060  1.81   1
     8669  55.251021 -161.742627    22.133     2261.7    16669.7     3094.3    256.7    172.2    166.7 2021 12  2  8  1 59.300  1.00   1
     8671  55.399569 -161.452897     5.465    20682.8    33206.7   -13573.8    154.7    358.2    453.5 2021 12  2  8  8 59.810  0.92   1
     8674  55.419739 -161.890625    15.924    -7152.6    35452.1    -3115.3    272.3    282.4    207.1 2021 12  2  8 25 55.520  0.99   1
     8675  55.373771 -161.567546    12.302    13396.1    30334.8    -6736.5    231.4    312.2    302.2 2021 12  2 10 35 13.830  0.63   1
     8678  55.401681 -161.554867    24.887    14197.7    33441.8     5847.9    305.4    408.5    220.0 2021 12  2 10 42 46.400  1.28   1
      868  55.528943 -161.913184    15.417    -8575.1    47609.2    -3622.3    474.2    287.5    345.6 2021  1 29  9 19 52.090  1.37   1
     8688  54.797066 -160.909196    43.229    55675.6   -33866.7    24190.3    175.2    258.6    313.0 2021 12  2 13 37 36.200  1.94   1
     8691  54.788908 -161.859668    65.871    -5225.3   -34774.9    46831.6    267.3    226.3    169.2 2021 12  2 14 16 11.230  1.45   1
     8693  55.385543 -161.872868     2.815    -6026.2    31645.3   -16223.9    309.1    254.4    321.2 2021 12  2 14 37 18.040  0.23   1
     8703  55.386446 -161.843864     2.236    -4181.3    31745.8   -16803.1    226.6    224.1    325.5 2021 12  2 16  5 13.750  0.54   1
     8705  55.257141 -161.643815     5.158     8556.7    17351.0   -13880.5    167.0    150.4    376.7 2021 12  2 17 28 37.480  0.36   1
     8709  55.305396 -162.209131    23.877   -27442.1    22722.9     4838.3    362.0    504.4    361.8 2021 12  2 18 45 55.200  1.01   1
      872  55.367708 -161.833268    13.469    -3508.2    29659.9    -5569.7    410.7    283.0    173.2 2021  1 29 12  9 21.570 -0.19   1
     8724  55.355526 -161.673356     7.983     6666.4    28303.6   -11055.5    310.1    261.5    395.2 2021 12  2 23 44 44.080  0.75   1
     8727  55.440853 -161.879606    11.547    -6450.3    37802.7    -7491.6    247.9    191.7    208.1 2021 12  2 23 59 57.460  1.11   1
     8728  55.344373 -161.671826    16.495     6764.7    27062.0    -2544.3    252.7    390.3    250.3 2021 12  3  0 49 56.730  1.72   1
     8730  55.393250 -161.859310     3.808    -5163.4    32503.2   -15230.4    207.8    126.3    272.8 2021 12  3  0 54 31.390  0.83   1
     8731  55.366260 -161.819059     1.305    -2604.3    29498.6   -17733.7    153.8    181.4    348.7 2021 12  3  1  1 10.080 -1.02   1
     8732  55.440837 -161.880208    19.147    -6488.6    37800.8      107.8    241.0    301.8    184.6 2021 12  3  1 49 10.410  1.27   1
     8733  55.362040 -161.622705    14.698     9888.6    29028.9    -4341.3    178.5    397.9    209.3 2021 12  3  1 53 33.410  1.80   1
     8734  55.423629 -161.887240    18.310    -6937.0    35885.2     -728.9    227.1    260.9    101.7 2021 12  3  3  5 35.440  1.59   1
     8737  55.409066 -161.865804    20.338    -5575.3    34264.0     1298.9    177.9    239.8    128.7 2021 12  3  4 16 15.540  1.22   1
     8738  55.103813 -161.494124    32.403    18127.8      281.8    13363.7    384.0    343.6    489.1 2021 12  3  4 19 21.310  1.29   1
     8742  55.350570 -161.878906     6.197    -6413.1    27751.9   -12842.2    269.6    397.6    215.7 2021 12  3  5 28  4.840 -0.13   1
     8744  55.388163 -161.658268    16.928     7623.4    31937.0    -2110.8    193.5    384.3    171.2 2021 12  3  7 34  6.870  0.89   1
     8745  55.397766 -161.911800    20.683    -8501.2    33006.0     1644.5    236.5    246.5    111.1 2021 12  3  7 34 46.470  1.19   1
     8749  54.830790 -161.315918    12.319    29603.0   -30112.4    -6720.0    222.7    266.9   1180.1 2021 12  3  8 35 48.530  1.92   1
     8751  55.139417 -161.934391     5.591    -9970.1     4245.3   -13447.9    202.8    266.8    205.6 2021 12  3  8 37 28.130  0.43   1
     8752  55.379740 -161.893490    17.418    -7338.4    30999.3    -1620.4    299.8    202.1    165.8 2021 12  3  8 57 34.150  1.13   1
     8755  55.284135 -161.636198    13.058     9038.9    20356.1    -5980.7    123.2    120.1    146.8 2021 12  3  9  1 48.420  0.14   1
     8756  55.418884 -161.877441    16.752    -6314.5    35357.0    -2286.9    306.9    246.0    180.4 2021 12  3  9  2 59.870  1.17   1
     8757  55.399878 -161.640413     9.148     8757.7    33241.1    -9891.1    146.5    328.7    236.4 2021 12  3  9  5 19.590  0.29   1
     8761  55.007963 -162.944548    40.218   -74541.9   -10388.7    21179.3    633.1    887.8    929.7 2021 12  3 10 31 42.760  1.84   1
     8762  55.268701 -161.643799    19.249     8556.5    18637.9      210.5    353.7    335.7    329.2 2021 12  3 10 32 51.390  1.80   1
     8764  55.360844 -161.491846    32.257    18214.7    28895.7    13218.0    314.8    443.6    371.7 2021 12  3 10 45 25.500  1.07   1
     8766  55.359029 -161.803743    21.897    -1630.0    28693.7     2857.7    283.8    264.9    184.0 2021 12  3 12 37 22.870  1.21   1
     8767  55.460925 -161.788770     4.288     -676.4    40037.2   -14750.8    281.5    189.0    279.1 2021 12  3 12 43 57.250  0.60   1
     8769  55.488359 -161.313151    31.338    29537.1    43091.2    12298.8    372.1    909.4    593.7 2021 12  3 12 49 37.670  1.24   1
     8771  55.072083 -163.291113    15.073   -96612.5    -3250.6    -3965.8    222.1    482.4    439.6 2021 12  3 13 35 32.810  2.45   1
     8772  55.347782 -161.907747     4.085    -8248.7    27441.6   -14953.9    328.4    430.1    647.3 2021 12  3 13 35 45.480  2.04   1
     8773  55.371118 -161.794840    20.312    -1063.4    30039.5     1273.6    141.1    139.4     78.9 2021 12  3 15  5  4.940  1.27   1
     8778  55.368530 -161.791813    20.762     -870.8    29751.4     1722.7    164.6    211.2     82.9 2021 12  3 16 53 35.670  1.02   1
      878  55.221366 -162.066895    31.543   -18405.2    13368.4    12504.3    717.3    687.9    530.4 2021  1 29 21 12  4.680  2.51   1
     8783  55.317000 -161.835042    17.211    -3623.4    24014.8    -1827.8    512.9    414.6    312.0 2021 12  3 19  2 23.800  1.02   1
     8791  54.857910 -161.298356    28.756    30717.5   -27093.3     9716.6    260.0    355.4    693.6 2021 12  3 23 35 30.000  1.64   1
     8797  55.167932 -162.234505     0.519   -29107.6     7419.8   -18519.9    224.5    253.9    185.5 2021 12  4  4  2 43.690  1.76   1
     8799  55.242224 -160.983024    30.951    50663.9    15690.4    11912.5    228.9    454.0    656.6 2021 12  4  4  9 58.020  2.79   1
       88  55.239673 -161.708936     4.205     4408.9    15406.3   -14833.4    224.3    208.2    277.5 2021  1  3  8  0 13.360  1.86   1
     8801  55.416854 -161.277181    36.705    31850.6    35131.0    17666.5    196.4   1001.8    300.0 2021 12  4  6  3 50.880  1.39   1
     8802  55.318770 -161.718815    18.482     3775.6    24211.9     -557.0    203.4    182.0    139.7 2021 12  4  7  3 29.570  1.10   1
     8805  54.881978 -162.149235     0.236   -23753.4   -24413.9   -18802.9    139.9    158.3    148.0 2021 12  4  7 37 14.690  1.13   1
     8810  55.497632 -161.875033    51.352    -6155.3    44123.6    32312.9    992.7    562.5    221.4 2021 12  4  9 21 53.150  1.98   1
     8816  55.270919 -161.565837     5.775    13522.2    18884.8   -13263.8    209.0    277.4    273.4 2021 12  4 14  6  9.020  1.65   1
     8817  55.332039 -161.547201    16.615    14698.0    25689.0    -2423.7    148.3    272.6    201.8 2021 12  4 15 52 45.960  1.37   1
     8818  55.446224 -161.861344    13.341    -5289.2    38400.6    -5697.9    130.4    135.5     75.4 2021 12  4 15 57 48.970  1.24   1
     8820  55.236466 -161.719629    33.785     3727.6    15049.4    14745.8    412.5    306.7    282.6 2021 12  4 17 28 52.720  0.74   1
     8822  55.527999 -161.765576     8.349      796.8    47504.2   -10689.8    207.2    183.6    284.0 2021 12  4 17 39 59.560  2.13   1
     8823  55.528491 -161.765788     7.754      783.3    47559.0   -11285.3    172.8    156.5    279.4 2021 12  4 17 40 57.920  1.61   1
     8824  55.422673 -161.881559     5.530    -6576.0    35778.7   -13509.2    123.2    194.4    212.9 2021 12  4 19 15 55.500  0.94   1
     8826  55.348372 -161.657161    12.290     7697.6    27507.3    -6748.4    175.4    274.2    287.7 2021 12  4 20 16 11.640  1.14   1
      883  54.715519 -160.767578    11.831    64815.0   -42944.9    -7207.8    413.5    421.3    348.6 2021  1 30  6 22 29.320  2.02   1
     8831  55.369678 -161.689339    21.723     5648.4    29879.1     2683.6    299.7    335.6    173.6 2021 12  4 22 26 27.100  1.57   1
     8837  55.407910 -161.899300    19.855    -7705.3    34135.3      815.7    405.1    390.4    250.7 2021 12  4 22 46 44.000  1.42   1
      884  55.466858 -161.913444     7.538    -8598.3    40697.7   -11501.2    197.5    211.9    270.2 2021  1 30  8 39  8.970  0.32   1
     8841  55.316402 -161.819987    17.806    -2665.0    23948.2    -1233.0    651.6    443.7    269.4 2021 12  4 23 45 32.760  0.56   1
     8842  55.464620 -161.848486     9.824    -4471.0    40448.5    -9214.5    337.4    233.4    310.7 2021 12  4 23 53 25.660  0.97   1
     8847  54.957011 -162.258789     6.132   -30737.0   -16060.9   -12907.1    145.2    129.5    137.5 2021 12  5  1  2 23.740  2.35   1
     8848  54.958158 -162.268376     6.467   -31349.6   -15933.2   -12572.0    259.4    241.6    186.6 2021 12  5  1  3  8.450  2.63   1
     8852  54.608472 -161.303548    15.021    30478.9   -54861.9    -4017.7    161.9    179.2    219.5 2021 12  5  3 59 25.640  1.68   1
     8856  55.362968 -161.811702     1.056    -2136.3    29132.1   -17982.7    219.9    289.1    303.1 2021 12  5 17 33 52.480  0.29   1
     8866  54.952311 -160.609033    10.525    74764.1   -16584.1    -8514.1    428.7    531.9    394.7 2021 12  6  8 16 10.000  2.45   1
     8868  55.350509 -161.805518     2.915    -1743.1    27745.1   -16123.8    336.5    324.1    971.0 2021 12  6  8 21 39.980  0.58   1
     8873  54.523922 -161.130452     8.531    41639.1   -64274.4   -10507.7    245.6    223.4    210.3 2021 12  6 13 16  5.030  2.76   1
     8875  54.563375 -161.683171    32.347     6101.7   -59882.3    13307.7    347.0    244.9    650.7 2021 12  6 15 44 52.630  2.30   1
     8877  54.937748 -162.244303     5.719   -29817.8   -18205.3   -13319.8    233.4    160.3    239.7 2021 12  6 17 19 45.320  1.77   1
     8882  55.420492 -162.717871     1.441   -59747.4    35535.9   -17597.7    415.9    444.5    443.1 2021 12  7  1 34 27.240  1.90   1
     8883  55.503194 -161.793441    14.009     -972.7    44742.8    -5029.4    374.2    369.3    310.2 2021 12  7  6 10 26.950  1.23   1
     8890  55.321163 -161.708138     6.951     4455.2    24478.2   -12088.4    119.5    109.7    247.7 2021 12  7 11 30 18.660  1.72   1
     8898  55.331567 -161.867546    18.389    -5691.5    25636.5     -650.4    364.9    296.9    202.1 2021 12  7 17 12 46.240  1.24   1
     8900  55.405363 -161.797965     4.538    -1261.7    33851.8   -14500.7    194.6    201.4    269.8 2021 12  7 18 53 58.600  1.27   1
     8901  55.350203 -161.581006    10.547    12543.5    27711.1    -8491.9    205.0    301.9    300.0 2021 12  7 21 13 49.500  0.28   1
     8903  54.577181 -162.651351    60.254   -56103.2   -58345.4    41215.5    260.6    194.6    205.3 2021 12  7 21 50 32.960  2.10   1
     8906  55.169409 -162.242887     0.488   -29641.6     7584.3   -18550.8    177.1    242.7    230.7 2021 12  8  2 53 24.650  1.89   1
     8910  55.300090 -161.084212     5.794    44184.3    22132.2   -13244.6    250.1    680.9   2101.0 2021 12  8  7 37 14.770  2.04   1
     8912  54.696208 -160.663883    23.092    71482.9   -45094.7     4053.3    468.5    478.8    445.0 2021 12  8 15 59  0.930  2.45   1
     8917  54.952214 -162.206494     2.014   -27394.5   -16595.0   -17025.4    115.1     98.8    112.0 2021 12  9  0 17  3.830  1.88   1
     8922  54.921073 -161.404508    38.818    23902.3   -20061.6    19779.0    456.7    363.5    513.1 2021 12  9 15 50 32.910  1.98   1
     8927  54.663106 -161.316878    26.316    29602.9   -48779.8     7276.6    265.2    213.8    972.9 2021 12 10  8 37 23.420  2.61   1
      893  55.032751 -162.353402     1.836   -36752.5    -7629.1   -17203.4    224.6    164.5    226.1 2021  1 30 17 50 51.480  1.42   1
     8931  54.716744 -162.309928    40.921   -34108.6   -42808.6    21882.0    678.8    353.5    413.5 2021 12 10 20 39 33.000  1.65   1
     8949  54.728442 -161.687012    21.586     5842.9   -41506.2     2547.5    272.2    247.2    251.1 2021 12 12 18 25 26.200  2.62   1
     8950  54.595662 -161.699886    44.628     5025.6   -56287.9    25589.5    361.4    225.3    347.8 2021 12 12 18 25 26.000  2.78   1
     8953  55.309440 -161.862012     9.470    -5340.8    23173.2    -9568.9    241.1    388.1    295.0 2021 12 13  5 58 10.650  0.69   1
     8956  55.353780 -161.204232    33.172    36517.6    28109.3    14133.4    294.6    451.8    489.4 2021 12 13 13 50 24.180  2.05   1
      896  55.165389 -161.959554     4.834   -11571.8     7136.7   -14204.6    303.1    127.6    248.5 2021  1 30 17 57  5.100  1.45   1
     8960  54.994226 -162.285824     0.879   -32450.7   -11917.9   -18160.0    113.8    106.6    112.0 2021 12 13 19 32 58.480  1.89   1
     8963  55.215776 -161.682129     9.309     6118.9    12746.0    -9730.2    305.9    270.4    491.3 2021 12 14  0  2 46.720  2.83   1
     8965  55.184855 -161.501530    22.238    17637.3     9303.8     3198.9    177.5    231.3    235.0 2021 12 14  1 23 16.410  2.79   1
     8969  55.189893 -161.923730     9.663    -9284.1     9864.6    -9375.7    157.8    214.4    258.0 2021 12 14  4 38 33.310  1.27   1
      897  54.567476 -161.290804    10.720    31313.2   -59425.7    -8319.0    227.9    184.4    185.4 2021  1 30 18 13 55.740  1.99   1
     8972  55.320321 -161.541471    16.203    15064.9    24384.4    -2835.5    164.8    254.3    182.8 2021 12 14 10 44  0.800  1.06   1
     8973  55.321411 -161.499544    12.682    17733.6    24505.8    -6356.6    155.2    201.9    196.0 2021 12 14 12 50 16.640  1.36   1
     8974  55.321948 -161.619027    17.562    10127.7    24565.6    -1476.4    169.7    231.5    174.4 2021 12 14 12 53 17.500  1.45   1
     8979  54.844438 -160.795247    42.544    62939.8   -28593.1    23504.7    245.6    404.8    393.6 2021 12 14 19  6 21.180  2.41   1
     8981  55.114530 -161.588981    27.703    12071.5     1474.9     8663.9    263.8    300.9    504.3 2021 12 14 20 57  9.360  1.88   1
     8985  55.360559 -161.699837    18.213     4981.1    28864.0     -825.9    168.4    273.4    146.2 2021 12 14 23 59 41.760  0.69   1
      899  55.146647 -161.858203     9.872    -5108.7     5050.3    -9166.5    259.5    143.5    228.3 2021  1 30 18 26 55.160  1.33   1
     8992  55.627226 -161.531331     5.030    15650.0    58550.6   -14009.0    273.7    205.9    292.7 2021 12 15 15 34 39.300  1.40   1
     8994  54.768091 -160.959798    45.301    52452.2   -37092.4    26261.7    322.3    361.5    502.8 2021 12 15 23 10 22.000  1.96   1
     8998  55.229736 -162.362891    39.205   -37267.2    14300.2    20166.4    483.4    498.0    400.6 2021 12 16  7 54  1.310  1.54   1
      900  54.787850 -161.208529    49.163    36500.4   -34892.7    30123.8    161.0    150.8    207.2 2021  1 30 19 12 24.940  2.80   1
     9001  54.835494 -161.283122    78.409    31701.7   -29588.7    59370.4    248.9    276.7    205.9 2021 12 16 10 49  2.170  1.80   1
     9008  54.565881 -163.335026    12.343  -100042.0   -59603.3    -6695.8    249.1    275.6    245.1 2021 12 16 17 25 21.260  1.49   1
     9009  54.519759 -161.720280    15.798     3719.1   -64737.8    -3240.6    354.2    261.6    342.1 2021 12 16 21 14 37.960  1.59   1
      901  54.886255 -161.396924    35.365    24398.0   -23937.8    16325.6    299.0    304.8    438.2 2021  1 30 19 18 38.820  1.34   1
     9015  54.902266 -162.171338     0.383   -25161.8   -22155.3   -18656.3    169.0    128.9    105.0 2021 12 17  8 25 49.810  0.91   1
     9020  54.963395 -162.953825     0.547   -75176.4   -15350.2   -18491.9    227.6    264.3    197.8 2021 12 17 10 33 53.620  1.86   1
     9021  55.011609 -162.452848     8.205   -43117.2    -9982.8   -10833.6    191.1    182.9    268.3 2021 12 17 10 34 12.180  2.23   1
     9025  55.872420 -161.622266     0.903     9853.1    85846.8   -18136.3   1388.2    860.4    777.5 2021 12 17 15 56 56.070  1.90   1
     9035  54.495402 -163.196484     1.609   -91218.9   -67449.4   -17430.4    202.2    195.3    195.0 2021 12 18 17 42 15.960  2.48   1
     9036  55.043555 -162.146582     2.904   -23536.3    -6426.4   -16134.7    216.3    121.5    344.2 2021 12 18 17 42 41.600  2.08   1
     9037  54.847070 -162.690365    59.246   -58414.5   -28300.0    40206.6   1165.6   1215.9    996.9 2021 12 18 19 26 16.920  1.61   1
      904  54.491439 -161.690511    11.089     5635.0   -67890.6    -7949.6    286.2    199.0    236.7 2021  1 30 20 48  8.580  1.99   1
     9040  55.406681 -161.966960     8.068   -12007.8    33998.5   -10971.3    322.1    342.3    479.4 2021 12 18 23 59 57.620  1.53   1
     9046  55.219019 -161.882812     6.148    -6672.6    13107.0   -12891.2    333.8    257.2    510.0 2021 12 19 18  9  4.240  0.53   1
     9047  55.322274 -160.928190    43.778    54103.8    24601.9    24738.8    191.5    297.9    307.0 2021 12 19 18 26 36.040  2.04   1
     9048  55.294312 -160.841130    48.559    59666.6    21489.0    29520.2    110.0    446.7    179.7 2021 12 19 23 18 40.420  2.30   1
      905  54.208146 -161.669010    11.298     7042.3   -99428.0    -7740.9   1341.1    672.9    657.3 2021  1 30 20 55 34.820  1.59   1
     9056  55.167151 -161.893913     4.899    -7384.9     7332.9   -14139.5    225.2    250.2    187.6 2021 12 20  9 47 22.410  0.65   1
     9066  55.142090 -161.744906    31.628     2119.4     4543.0    12589.2    493.1   1079.3    551.5 2021 12 21  6 35 28.140  1.71   1
     9069  55.406738 -161.923275     7.386    -9229.9    34004.9   -11653.1    264.7    242.6    264.7 2021 12 21  6 47 29.670  1.40   1
     9073  55.385038 -161.500749    12.335    17642.9    31589.1    -6703.6    142.0    353.7    318.2 2021 12 21  8 30 58.710  0.09   1
     9074  55.420732 -161.608854    11.991    10761.9    35562.7    -7047.7    346.9    447.1    456.8 2021 12 21  8 33 18.930  1.08   1
     9077  55.242281 -161.750179    16.758     1780.7    15696.7    -2280.6    426.4    275.6    354.5 2021 12 21  8 34 55.150  2.04   1
     9078  55.575781 -161.864974     2.941    -5511.0    52823.5   -16097.8    549.7    173.9    202.4 2021 12 21  8 34 54.390  1.53   1
     9080  55.359106 -161.775553     3.173      163.6    28702.3   -15865.9    187.9    145.3    179.3 2021 12 21  8 40 16.220  1.64   1
     9084  55.354317 -161.808171     2.096    -1911.8    28169.1   -16942.9    186.3    141.0    256.9 2021 12 21  9 46 21.180  0.24   1
     9086  55.245333 -161.443913    13.487    21295.2    16036.4    -5552.2    246.4    312.1    288.0 2021 12 21  9 54  2.580  0.69   1
     9088  55.493652 -161.873356     3.544    -6049.1    43680.5   -15494.9    194.0    198.0    521.5 2021 12 21 10 50  8.260  1.61   1
     9090  55.342399 -161.738770    18.667     2504.6    26842.3     -371.7    270.2    204.4    145.4 2021 12 21 10 55 36.920  0.40   1
     9092  54.690918 -161.574284    51.090    13078.1   -45683.6    32050.8    198.7    176.5    218.2 2021 12 21 11 40  9.270  1.83   1
     9096  55.506140 -161.815462    12.930    -2371.3    45070.7    -6108.4    280.0    244.0    267.8 2021 12 21 13 14 10.410  0.33   1
     9099  55.481559 -161.719857     5.836     3701.8    42334.3   -13202.6    113.1    200.0    325.4 2021 12 21 13 23 26.720  0.79   1
       91  55.587199 -160.719857    62.727    67142.2    54094.6    43688.0    522.6    844.9    628.9 2021  1  3  8 46  0.560  2.68   1
      910  55.184509 -162.573812    32.720   -50737.8     9265.3    13680.6    663.9    806.3    945.5 2021  1 31  0 52 56.090  1.74   1
     9102  54.863566 -160.990771    31.264    50407.2   -26463.6    12224.8    347.3    377.3    902.0 2021 12 21 13 28 58.360  1.59   1
     9104  55.370528 -161.801058    19.784    -1458.9    29973.8      745.2    105.9     97.6     94.0 2021 12 21 14 32 38.950  1.07   1
     9109  55.348698 -161.785645     1.724     -478.5    27543.5   -17314.7    122.3    174.6    360.4 2021 12 21 17 13 57.840  0.65   1
      911  54.430493 -161.432992    17.866    22214.3   -74675.3    -1172.4    475.3    373.1    382.5 2021  1 31  1  0 39.750  1.90   1
     9112  55.328715 -161.637549    14.468     8947.9    25318.9    -4571.0    179.4    261.5    198.0 2021 12 21 17 25 46.040  0.71   1
     9114  55.326420 -161.695068     3.702     5286.8    25063.5   -15336.5    212.8    214.3    445.7 2021 12 21 17 30 20.320  0.51   1
     9115  54.869405 -161.796419    87.708    -1171.1   -25813.6    68669.6    240.3    228.5    148.1 2021 12 21 17 36 53.880  1.86   1
     9118  54.483781 -161.321354    11.561    29380.5   -68743.1    -7477.9    361.5    224.1    232.8 2021 12 21 19  4 25.720  1.51   1
     9119  55.204687 -161.688249     4.069     5729.6    11511.6   -14969.8    181.5    138.2    291.3 2021 12 21 19 57 17.880  1.43   1
      912  54.785636 -161.701562    29.472     4906.3   -35139.1    10433.2    471.7    308.8    731.0 2021  1 31  1  1  6.010  1.85   1
     9121  54.991890 -162.293555     1.361   -32945.8   -12178.0   -17677.6    189.9    158.1    199.7 2021 12 21 20 56  6.200  1.56   1
     9129  55.652991 -160.904671    66.463    55370.7    61418.8    47424.3    627.6    828.8    677.8 2021 12 21 22 43 35.200  3.55   1
     9132  55.394637 -161.910140     5.170    -8396.0    32657.7   -13869.3    140.2    148.4    239.7 2021 12 21 23 32 21.680  0.87   1
     9136  55.320597 -161.522152     5.541    16294.7    24415.2   -13498.3    228.8    274.3    221.7 2021 12 22  1  2 45.760  0.24   1
     9137  55.258512 -161.581527     4.878    12524.7    17503.7   -14160.8    142.0    149.2    475.9 2021 12 22  1  4 50.360  1.50   1
     9139  55.300850 -161.127018    60.992    41458.2    22216.9    41953.3    292.0    499.4    328.5 2021 12 22  1 14 13.240  1.57   1
     9140  55.348059 -161.793034     2.906     -948.7    27472.4   -16132.9    213.7    135.9    102.2 2021 12 22  1 16  1.870  1.44   1
      915  55.158830 -161.756592    15.227     1373.5     6406.5    -3811.8    262.9    233.5    249.8 2021  1 31  5 23 58.520  1.69   1
     9150  55.233110 -161.481559    21.495    18899.4    14675.7     2456.3    159.7    160.3    179.5 2021 12 22  6 38  5.170  1.01   1
     9152  55.242989 -161.938900     9.114   -10244.5    15775.5    -9924.5    460.9    185.6    377.8 2021 12 22  8 12 37.260  0.59   1
     9161  55.135604 -162.421143     5.377   -41027.7     3820.9   -13661.7    302.3    322.8    397.8 2021 12 29  4  1 11.130  0.89   1
     9169  55.067741 -162.104834    10.658   -20863.3    -3733.9    -8381.2    517.8    362.2    627.3 2021 12 29 18 38  4.720  3.03   1
     9173  55.340995 -161.601107    17.293    11265.7    26686.0    -1745.5    205.9    328.0    241.8 2021 12 30  4  6 38.900  1.10   1
      918  55.313826 -161.686898     5.851     5807.8    23661.5   -13188.0    119.6    159.6    146.0 2021  1 31  6 25 51.410  0.56   1
     9186  55.289396 -161.728320    17.087     3171.7    20941.8    -1951.4    381.5    366.8    245.9 2021 12 30  9  0 57.550  0.60   1
      919  55.212976 -161.409521    13.972    23496.0    12434.3    -5066.9    167.0    191.1    206.0 2021  1 31  6 26  3.820  0.34   1
     9190  55.153902 -161.682699    16.727     6087.3     5858.0    -2312.1    378.1    261.8    422.2 2021 12 30  9 18 12.910  0.81   1
     9199  55.330790 -161.728206     9.894     3177.3    25550.0    -9145.3    217.3    126.2    154.0 2021 12 30 13 22 12.030  0.72   1
     9205  54.903406 -161.111019    18.078    42687.8   -22028.5     -961.1    488.1    440.8   1082.3 2021 12 30 15 59 48.330  0.99   1
     9208  55.337618 -161.575488     9.403    12896.7    26310.1    -9636.0    202.8    393.7    384.2 2021 12 30 18 59 34.080  0.72   1
     9209  55.393266 -161.801074     5.060    -1459.6    32505.0   -13978.6    300.2    266.8    185.0 2021 12 30 20 35 50.140 -0.22   1
     9211  54.516728 -162.308122    50.444   -34076.7   -65075.3    31404.8    438.5    159.7    216.5 2021 12 30 21 34 26.520  1.90   1
     9214  54.626713 -163.303174    13.646   -97921.8   -52831.2    -5393.1    255.9    260.2    202.0 2021 12 30 23 37 45.240  2.01   1
     9215  55.191711 -162.108659     4.145   -21074.9    10067.1   -14893.4    173.1    291.8    426.4 2021 12 30 23 38 13.640  0.71   1
     9217  55.345402 -161.632568    17.371     9262.9    27176.6    -1668.0    164.1    233.0    161.0 2021 12 31  2 33  9.430  0.56   1
     9222  55.343164 -161.719792     4.852     3712.3    26927.5   -14186.4    183.0    213.9    276.0 2021 12 31  7 44 33.140  0.33   1
     9223  55.387386 -161.925749    11.862    -9389.5    31850.5    -7176.8    361.1    223.7    202.5 2021 12 31  7 59 57.510  0.78   1
     9232  55.345516 -161.707210     8.946     4512.9    27189.3   -10092.9    209.8    298.2    227.6 2021 12 31 14 51 42.980  0.68   1
     9236  55.308895 -161.671908     5.400     6762.6    23112.5   -13638.7    240.8    220.9    240.1 2021 12 31 17  2 53.880  1.93   1
     9237  55.296098 -161.568066     5.099    13376.0    21687.8   -13939.8    220.4    266.2    347.7 2021 12 31 17  9 41.560  0.05   1
     9238  54.670992 -162.629378    12.894   -54628.2   -47901.9    -6144.6    191.9    176.4    144.6 2021 12 31 17 37 15.720  1.95   1
     9239  55.385628 -161.628548     6.965     9514.0    31654.8   -12073.8    276.0    366.5    449.6 2021 12 31 18 19 11.960  0.25   1
     9252  54.993868 -162.298698     1.928   -33273.8   -11957.8   -17111.0    253.9    215.2    248.6 2021 12 31 23 10 47.400  2.71   1
     9253  55.142472 -161.980013     4.512   -12880.4     4585.5   -14527.3    274.3    187.9    398.2 2021 12 31 23 11  4.520  2.99   1
     9255  55.383993 -161.797689    14.430    -1244.4    31472.7    -4609.1    428.3    513.1    225.1 2021 12 31 23 17 32.840  1.03   1
     9257  55.268046 -161.517822    28.853    16581.2    18565.0     9814.5    303.9    358.0    365.6 2021 12 31 23 28  2.340  0.73   1
       93  55.154655 -161.892041     6.084    -7266.7     5941.8   -12955.3    201.1    199.9    172.4 2021  1  3  8 50 12.680  0.66   1
      932  55.314347 -161.902653    14.948    -7927.8    23719.5    -4091.3    267.6    307.2    258.1 2021  1 31 17 46 13.460  0.13   1
      933  54.911165 -162.198551     8.193   -26900.3   -21164.6   -10845.8    312.9    195.0    301.1 2021  1 31 18  9 51.920  0.81   1
      938  55.330745 -161.755697     6.307     1427.6    25545.0   -12731.4    199.8    234.6    246.9 2021  1 31 22 30 42.360  0.07   1
      940  55.101469 -163.248844    15.354   -93879.1       20.8    -3684.4    233.0    890.2    409.2 2021  2  1  0  3 49.930  2.26   1
      943  55.300570 -161.320329    28.458    29149.6    22185.7     9419.0    166.0    328.1    353.1 2021  2  1  3 47 47.050  2.24   1
      947  54.446012 -162.001286    43.001   -14360.9   -72947.7    23962.6    374.6    164.9    294.9 2021  2  1  4 32 54.010  2.22   1
      961  54.583256 -161.267057    14.163    32832.7   -57669.1    -4876.4    194.7    165.2    167.8 2021  2  1 20 17  6.480  2.57   1
      962  55.288342 -162.793652    16.119   -64672.3    20824.5    -2919.9    341.1    404.5   1406.5 2021  2  2  3 43 44.200  2.00   1
      968  55.380404 -161.823551     2.985    -2889.6    31073.2   -16054.3    307.5    133.4    285.4 2021  2  2 10 43 18.760 -0.48   1
       97  55.054399 -161.764404    14.004      876.3    -5219.3    -5035.2    286.3    234.6    185.4 2021  1  3 10 23  0.640  1.54   1
      974  55.047729 -162.137467     4.051   -22952.9    -5961.7   -14987.6    356.2    290.9    444.8 2021  2  2 22 32 26.920  1.00   1
      976  55.173897 -161.963590     4.092   -11828.0     8083.9   -14946.6    212.8    137.8    262.9 2021  2  3  0 49 58.720  0.73   1
      980  55.035388 -160.882080    53.497    57243.5    -7335.6    34458.5    203.7    334.6    269.9 2021  2  3  6 41  1.380  1.43   1
      982  55.069722 -161.458870    33.119    20386.7    -3513.3    14080.1    307.4    273.4    398.7 2021  2  3  7 25 42.350  0.85   1
      984  55.057487 -161.745687    17.992     2071.7    -4875.4    -1046.8    299.2    292.6    419.0 2021  2  3  8 32  8.890  1.52   1
      985  54.566117 -162.353353    58.699   -36962.4   -59577.0    39660.2    359.2    203.8    190.7 2021  2  3  9  2 58.440  1.62   1
       99  55.495968 -161.832959    36.544    -3482.9    43938.3    17505.2    782.5    571.4    258.1 2021  1  3 12 41 27.660  2.31   1
      993  55.071615 -161.173031    32.643    38638.8    -3302.7    13604.5    205.3    266.5    356.3 2021  2  3 15 36 28.290  1.77   1
      998  54.563831 -161.274023    13.625    32393.0   -59831.6    -5414.3    188.6    170.7    149.7 2021  2  3 17 35 48.880  1.73   1
