time,latitude,longitude,depth_km,mag,event_id,r_km
2021-02-08 22:12:30.960000+00:00,56.877283,-158.137077,3.14,1.4,22,5.41299952903264
2021-02-23 20:07:48.560000+00:00,56.895695,-158.215658,15.23,1.13,31,1.1961735891494463
2021-02-28 18:02:46.280000+00:00,56.877234,-158.135465,4.54,1.96,36,5.496026444106382
2021-03-03 02:43:22.840000+00:00,56.89856,-158.167676,8.96,1.34,37,2.6438624642184525
2021-03-04 01:32:44.090000+00:00,56.895882,-158.208659,6.74,1.64,41,1.1046450515213073
2021-03-06 01:48:42.130000+00:00,56.881026,-158.13807,6.38,1.51,45,5.12817970474612
2021-03-07 19:26:48.640000+00:00,56.886682,-158.1868,10.48,1.57,48,2.52244345612016
2021-04-02 02:45:15.960000+00:00,56.887272,-158.254655,18.38,-0.45,72,3.463794912396376
2021-04-03 23:50:47.320000+00:00,56.880709,-158.141585,2.12,1.24,74,4.968716530351936
2021-04-07 02:59:06.550000+00:00,56.876009,-158.17679,24.86,-0.18,76,3.8548288159769677
2021-04-14 23:05:36.020000+00:00,56.883407,-158.14113,3.27,1.39,78,4.829792034447189
2021-04-16 00:26:20.760000+00:00,56.899825,-158.437679,4.86,1.35,84,13.949400386657402
2021-05-04 12:51:07.280000+00:00,56.93477,-158.122412,3.66,1.37,89,6.181912114604949
2021-05-04 12:53:02.880000+00:00,56.890869,-158.202425,10.7,1.56,90,1.7102811595635448
2021-07-14 18:15:58.880000+00:00,56.812854,-158.123617,15.12,0.87,109,11.586855306860276
2021-07-27 14:26:10.970000+00:00,56.888298,-158.059456,5.52,0.63,121,9.31927385216374
2021-07-29 08:14:09.250000+00:00,56.816085,-158.036491,11.15,1.07,136,14.509932539088883
2021-07-29 08:25:18.590000+00:00,56.76807,-158.099414,4.68,0.7,138,16.732317110546152
2021-07-29 09:03:26.600000+00:00,56.814925,-158.143018,31.87,0.8,144,10.890634989222109
2021-07-29 16:26:39.710000+00:00,56.764612,-158.051758,2.01,0.67,188,18.420459440251243
2021-07-29 16:28:59.360000+00:00,56.788546,-158.108577,0.94,0.03,189,14.423534664368539
2021-07-29 17:27:23.980000+00:00,56.784623,-158.035693,4.76,0.46,193,17.144556802419583
2021-07-29 22:13:19.680000+00:00,56.764978,-158.105094,19.85,0.72,209,16.91555698995909
2021-07-30 05:25:38.660000+00:00,56.824736,-158.050472,10.11,1.09,217,13.22782284471848
2021-08-05 03:04:20.560000+00:00,56.895105,-158.101628,4.27,0.71,264,6.650157955324605
2021-08-17 17:55:18.320000+00:00,56.92065,-158.158512,21.0,-0.22,290,3.491809857316999
2021-09-11 10:03:42.900000+00:00,56.747795,-158.246305,5.2,0.18,320,17.74173018931501
2021-09-14 20:10:54.560000+00:00,56.876717,-158.187679,6.42,0.17,322,3.489609944574686
2021-09-29 15:34:42.130000+00:00,56.956543,-158.008936,20.4,1.01,325,13.427617102748195
2021-10-12 19:50:10.520000+00:00,56.876143,-158.210189,22.76,1.89,328,3.3033368709940043
2021-11-11 21:24:14.040000+00:00,56.868726,-158.160775,9.65,0.86,337,5.06809351614951
2021-11-14 05:40:02.090000+00:00,56.895418,-158.197119,18.77,1.34,340,1.364085085536916
2021-11-20 10:55:04.170000+00:00,56.897624,-158.152946,17.17,0.2,344,3.534767481143337
2021-12-12 22:21:37.560000+00:00,56.860832,-158.279948,9.66,1.45,348,6.6168224691028055
2021-12-31 19:53:19.260000+00:00,56.898739,-158.15638,17.69,0.17,356,3.3012196113068817
2021-12-31 20:06:12.360000+00:00,56.888171,-158.138981,22.27,-0.04,357,4.6968937226943135
2022-02-13 15:44:56.580000+00:00,56.915828,-158.209505,6.62,-0.1,361,1.1171244580322794
2022-02-13 16:03:00.020000+00:00,56.894527,-158.159798,18.78,0.07,362,3.25031897370428
2022-02-13 16:08:59.050000+00:00,56.865259,-158.112988,20.53,0.25,363,7.391619455503423
2022-02-13 16:09:36.940000+00:00,56.871712,-158.100553,27.0,0.94,364,7.622615798411731
2022-02-20 03:02:59.520000+00:00,56.933167,-158.143555,27.84,0.62,371,5.017400061278536
2022-03-05 16:42:29.370000+00:00,56.850423,-158.260482,1.83,0.38,377,6.919558281858202
2022-03-17 02:23:56.200000+00:00,56.845174,-158.263493,53.71,1.66,378,7.524538058527478
2022-03-17 02:40:06.840000+00:00,56.839115,-158.263786,47.89,2.01,379,8.142785160887241
2022-03-18 02:52:34.980000+00:00,56.8776,-158.206527,24.0,0.25,382,3.1439088740119376
2022-03-19 00:25:31.170000+00:00,56.87266,-158.221208,18.67,1.56,385,3.7646719152164616
2022-03-20 01:25:47.220000+00:00,56.852262,-158.155306,17.38,1.55,389,6.801534178789095
2022-03-20 20:56:55.880000+00:00,56.887659,-158.142611,7.86,-0.44,391,4.522086984135533
2022-03-20 20:57:47.100000+00:00,56.917273,-158.178483,6.35,-0.34,392,2.255684928514953
2022-03-25 02:57:22.560000+00:00,56.872196,-158.206559,8.41,-0.01,395,3.7450271085091025
2022-03-25 03:03:59.610000+00:00,56.877067,-158.150407,7.05,0.39,396,4.794905482055102
2022-03-27 00:17:39.100000+00:00,56.880693,-158.177344,22.42,1.05,398,3.3969238698492514
2022-03-28 21:57:05.520000+00:00,56.87266,-158.230908,9.31,1.1,399,3.9245656147285937
2022-03-31 10:47:51.170000+00:00,56.934151,-158.15778,18.38,0.78,401,4.438272776518498
2022-04-01 01:17:25.400000+00:00,56.900407,-158.16512,21.17,0.29,402,2.7402293898428858
2022-04-04 20:52:34.400000+00:00,56.876225,-158.189795,12.82,1.35,409,3.4952418212755862
2022-04-07 01:24:14.710000+00:00,56.904622,-158.181152,4.69,1.09,414,1.7017478033497149
2022-04-08 20:02:59.320000+00:00,56.880949,-158.126465,3.25,1.41,418,5.741154164718857
2022-04-12 02:50:23.250000+00:00,56.874658,-158.200244,9.36,0.38,424,3.508733002473141
2022-04-12 20:11:11.200000+00:00,56.877987,-158.205208,9.07,1.04,425,3.105809381393955
2022-04-24 00:04:12.470000+00:00,56.867061,-158.193864,8.04,0.82,430,4.411455251737054
2022-04-24 00:35:36.610000+00:00,56.885726,-158.210498,28.35,0.71,434,2.237263957976769
2022-04-24 00:41:10.210000+00:00,56.82513,-158.298031,54.5,1.09,435,10.496862990607065
2022-04-24 00:46:12.350000+00:00,56.876213,-158.215869,20.46,0.77,437,3.3212401121574757
2022-04-24 23:45:32.920000+00:00,56.866492,-158.187288,15.37,1.24,439,4.572967861450317
2022-04-25 00:40:20.480000+00:00,56.886426,-158.224219,26.24,0.41,441,2.3483583753367885
2022-04-25 01:45:29.440000+00:00,56.846309,-158.137077,21.32,0.46,444,7.944793308939413
2022-05-01 01:01:03.400000+00:00,56.875684,-158.193278,5.39,0.66,448,3.4878734502203432
2022-05-03 16:18:32.350000+00:00,56.892627,-158.157031,19.89,0.75,449,3.4900560334827753
2022-05-03 19:36:00.680000+00:00,56.856116,-158.169775,16.69,1.75,450,6.0273969977475925
2022-05-03 19:38:42.440000+00:00,56.855448,-158.235303,29.21,1.5,451,5.831890579303858
2022-05-03 19:59:58.420000+00:00,56.782601,-158.311491,17.08,1.52,452,15.077571644606474
2022-05-03 22:54:02.840000+00:00,56.876392,-158.198324,10.41,0.88,455,3.3388340776417107
2022-05-05 01:58:05.150000+00:00,56.878084,-158.21071,13.07,1.14,456,3.088155784095471
2022-05-05 02:53:55.100000+00:00,56.861312,-158.220475,20.93,1.81,458,5.00323026467726
2022-05-06 22:09:11.820000+00:00,56.861894,-158.161149,6.9,1.05,462,5.693353032019178
2022-05-07 00:59:45.240000+00:00,56.867863,-158.191162,14.32,1.17,463,4.362271423616431
2022-05-07 01:32:45.260000+00:00,56.891239,-158.336621,3.92,-0.03,465,7.9441456507188235
2022-05-07 03:06:54.280000+00:00,56.914315,-158.173796,22.05,1.29,468,2.3448554618342277
2022-05-07 03:07:48.960000+00:00,56.812459,-158.014486,15.86,1.26,469,15.774450801578542
2022-05-07 03:11:58.030000+00:00,56.875077,-158.166683,21.72,1.13,470,4.284561841063489
2022-05-07 03:17:32.110000+00:00,56.878125,-158.205566,13.18,-0.24,472,3.0889297187439735
2022-05-07 03:56:35.680000+00:00,56.780363,-158.218457,51.94,2.03,476,13.980213581775883
2022-05-07 04:03:07.450000+00:00,56.887158,-158.220117,24.84,0.3,477,2.1836870450468506
2022-05-08 03:58:54.790000+00:00,56.878971,-158.198389,3.66,0.78,479,3.056816307076549
2022-05-08 04:02:30.680000+00:00,56.890959,-158.231576,26.43,0.7,480,2.1503336640601547
2022-05-08 04:06:03.410000+00:00,56.875899,-158.235465,20.01,1.04,481,3.6998502712209183
2022-05-08 04:07:18.620000+00:00,56.87242,-158.17513,8.02,0.93,483,4.2519492059279225
2022-05-09 01:19:03.140000+00:00,56.882397,-158.23221,8.91,0.91,490,2.9652484385157454
2022-05-09 01:27:58.100000+00:00,56.886772,-158.199967,12.57,0.88,491,2.1892585585272673
2022-05-09 01:40:47.460000+00:00,56.877494,-158.211035,7.93,1.14,493,3.154536914494623
2022-05-09 02:09:14.570000+00:00,56.874939,-158.218701,7.75,-0.02,496,3.487111802405647
2022-05-09 02:12:07.750000+00:00,56.905147,-158.255697,9.63,-0.14,497,2.8459990519501885
2022-05-09 02:21:44.610000+00:00,56.856934,-158.065104,7.99,0.71,500,10.323321573723335
2022-05-12 04:41:38.440000+00:00,56.887655,-158.210661,12.63,1.18,504,2.023125127142376
2022-05-13 05:28:55.180000+00:00,56.792794,-158.287484,47.34,2.08,507,13.464447491797978
2022-05-13 16:50:41.430000+00:00,56.884937,-158.203581,12.72,1.2,509,2.346616689494732
2022-05-16 05:01:42.920000+00:00,56.8757,-158.198779,8.1,-0.29,510,3.409273825688583
2022-05-19 15:12:33.230000+00:00,56.777836,-157.994954,10.44,0.02,511,19.331315677414274
2022-06-18 18:40:27.660000+00:00,56.907511,-158.157194,16.5,0.17,520,3.1619878436450892
2022-06-18 18:44:39.360000+00:00,56.891915,-158.144482,19.32,0.75,521,4.224652098184389
2022-06-18 18:49:21.840000+00:00,56.901034,-158.154313,20.26,0.61,522,3.374056308134782
2022-07-03 03:29:06.770000+00:00,56.908643,-158.153141,17.19,-0.46,526,3.417811080709386
2022-07-10 06:33:54.030000+00:00,56.895219,-158.128923,19.85,0.26,530,5.019682130606272
2022-07-24 06:50:59.120000+00:00,56.897119,-158.166276,18.51,0.3,533,2.7769811297417784
2022-07-24 12:50:20.980000+00:00,56.887142,-158.134082,16.44,0.92,534,5.016104100297202
2022-07-24 12:57:11.970000+00:00,56.913595,-158.15918,22.59,0.97,535,3.1566932823531153
2022-07-31 11:36:11.030000+00:00,56.869893,-158.053337,21.27,0.14,539,10.296517061417925
2022-08-10 05:21:10.400000+00:00,56.803019,-158.382129,7.19,1.38,541,15.574437804101965
2022-08-17 00:20:31.310000+00:00,56.934497,-157.94318,7.12,1.25,547,16.501425043846165
2022-08-19 00:00:41.010000+00:00,56.759338,-158.142155,2.65,0.39,552,16.812262765788102
2022-08-22 08:53:20.110000+00:00,56.935079,-158.305355,9.41,1.15,554,6.713145051170617
2022-09-04 20:36:59.720000+00:00,56.855518,-158.270199,1.61,-0.03,577,6.728528655492158
2022-09-25 20:02:01.940000+00:00,56.873104,-158.179248,21.69,0.48,607,4.0675766468763195
2022-09-26 08:08:43.060000+00:00,56.907194,-158.075244,7.85,0.48,613,8.150496761065453
2022-09-28 23:07:59.560000+00:00,56.935742,-157.962109,6.44,0.65,619,15.401227626120843
2022-09-30 23:11:35.360000+00:00,56.915609,-158.210335,7.46,0.65,624,1.095336546306713
2022-10-01 01:40:03.140000+00:00,56.870007,-158.145036,16.47,0.59,626,5.575694395005988
2022-10-06 16:12:29.930000+00:00,56.92039,-158.097819,5.92,1.31,640,6.964612809713396
2022-10-07 15:53:03.880000+00:00,56.931982,-158.061149,5.0,0.3,642,9.465010494344764
2022-10-07 16:08:18.750000+00:00,56.934485,-158.060531,4.85,0.42,643,9.589746701737809
2022-10-07 16:36:39.530000+00:00,56.904407,-158.019368,2.38,0.05,644,11.554705816501802
2022-10-07 20:03:35.240000+00:00,56.903512,-158.007861,0.57,-0.03,645,12.257543189981762
2022-10-07 21:07:57.300000+00:00,56.882357,-158.189339,5.11,-0.04,647,2.8724232744595355
2022-10-07 21:42:26.680000+00:00,56.911873,-158.01945,9.06,0.25,648,11.567302444427282
2022-10-07 23:20:44.300000+00:00,56.908793,-158.092139,4.86,0.41,649,7.127344121804647
2022-10-08 00:30:27.090000+00:00,56.907023,-158.091634,7.51,0.41,650,7.15177914158788
2022-10-08 01:16:05.940000+00:00,56.845846,-158.157113,17.05,1.19,652,7.388029110055413
2022-10-08 01:17:33.530000+00:00,56.859298,-158.123828,18.48,1.25,653,7.333228127515182
2022-10-08 01:29:41.080000+00:00,56.806099,-158.089844,15.74,0.73,654,13.270531535999076
2022-10-08 01:30:21.220000+00:00,56.849459,-158.175505,19.02,0.72,655,6.598019394731451
2022-10-08 01:31:06.350000+00:00,56.837231,-158.118278,17.64,0.61,656,9.429238910439471
2022-10-08 01:33:15.320000+00:00,56.857121,-158.202425,19.19,0.84,657,5.435584254368676
2022-10-08 01:35:08.060000+00:00,56.865698,-158.162809,16.14,0.57,658,5.279254215068195
2022-10-08 04:18:58.010000+00:00,56.91108,-158.077588,7.81,0.13,660,8.027357793477996
2022-10-08 05:42:55.490000+00:00,56.904675,-158.016878,1.45,-0.05,662,11.70600052767415
2022-10-08 09:04:05.600000+00:00,56.904781,-158.085189,7.44,0.53,663,7.544220968615455
2022-10-10 05:18:29.440000+00:00,56.904187,-158.052327,5.38,0.64,669,9.547298081866517
2022-10-10 15:16:37.630000+00:00,56.900496,-158.008968,1.7,0.53,670,12.202242603657751
2022-10-11 00:07:42.990000+00:00,56.857222,-158.21652,7.31,1.6,671,5.428929221475521
2022-10-11 23:30:47.960000+00:00,56.87618,-158.14668,5.36,0.33,674,5.030640405495663
2022-10-13 16:44:37.080000+00:00,56.902393,-158.035319,5.01,0.12,689,10.588906003893142
2022-10-13 18:53:31.240000+00:00,56.953337,-157.977132,5.54,0.43,690,15.077563112026509
2022-10-15 00:31:38.820000+00:00,56.932292,-158.086491,5.52,1.28,691,8.023345992631285
2022-10-15 01:19:51.640000+00:00,56.938542,-158.025195,4.63,1.07,693,11.772394003588062
2022-10-15 12:20:15.240000+00:00,56.906563,-158.093359,7.25,1.23,694,7.045942917131274
2022-10-15 12:41:40.950000+00:00,56.922803,-158.027669,9.79,1.06,695,11.206310967730047
2022-10-15 16:53:48.070000+00:00,56.909123,-158.090202,8.37,1.08,696,7.246976938600643
2022-10-16 04:26:35.700000+00:00,56.853121,-158.139958,5.83,1.17,697,7.220207968862694
2022-10-16 13:04:41.090000+00:00,56.904679,-158.026872,4.06,0.33,700,11.097132153696045
2022-10-16 14:23:51.560000+00:00,56.84519,-158.15332,9.83,0.47,701,7.555185626034804
2022-10-17 05:28:33+00:00,56.905396,-158.002718,0.59,0.34,705,12.568008862070135
2022-10-18 06:02:45.750000+00:00,56.902104,-158.074902,7.19,0.07,708,8.180770184568853
2022-10-18 18:10:59.880000+00:00,56.908105,-158.044401,5.81,0.51,712,10.031274526630252
2022-10-18 20:50:57.480000+00:00,56.915279,-158.041748,10.62,0.73,713,10.243177138566443
2022-10-19 17:47:02.200000+00:00,56.907149,-158.045215,5.6,0.68,716,9.979656274775587
2022-10-19 17:56:42.040000+00:00,56.90568,-158.060075,5.15,0.59,717,9.07337525669583
2022-10-20 22:25:02.780000+00:00,56.904163,-158.020882,3.17,0.64,719,11.462908402906288
2022-10-22 15:28:05.870000+00:00,56.904256,-158.037874,4.21,0.73,720,10.427593038055907
2022-10-26 18:24:55.540000+00:00,56.79222,-158.265495,5.09,2.37,727,13.109303499024481
2022-10-30 07:50:15.480000+00:00,56.915869,-158.108431,7.1,1.4,734,6.228169777176192
2022-11-03 06:04:30.890000+00:00,56.87876,-158.214128,5.23,0.42,741,3.027295406751488
2022-11-03 22:33:58.740000+00:00,56.916292,-158.106722,7.09,1.09,742,6.339082374118706
2022-11-04 05:41:58.380000+00:00,56.918286,-158.089844,5.79,0.62,743,7.390418464219303
2022-11-05 18:45:29.840000+00:00,56.88175,-158.141064,7.19,0.93,744,4.9310485392119
2022-11-06 07:52:39.880000+00:00,56.916964,-158.085026,6.09,0.52,746,7.6537114222489855
2022-11-06 11:02:41.730000+00:00,56.910107,-158.088265,4.99,0.28,749,7.371054719949208
2022-11-06 17:57:00.340000+00:00,56.882593,-158.205013,4.97,0.11,751,2.5956827751223632
2022-11-06 20:19:09.040000+00:00,56.888359,-158.049072,4.13,0.28,752,9.937623604517139
2022-11-08 01:04:23.830000+00:00,56.928271,-158.081494,10.14,0.93,755,8.159242473203923
2022-11-09 00:21:34.800000+00:00,56.87065,-158.162012,4.66,0.21,760,4.85019231183081
2022-11-09 00:23:33.240000+00:00,56.911597,-158.045671,3.14,0.62,761,9.97107122420259
2022-11-09 00:23:47.550000+00:00,56.911255,-158.052572,4.64,0.89,762,9.549122075663657
2022-11-09 03:58:12.510000+00:00,56.90013,-158.162354,7.2,0.58,765,2.911443210257287
2022-11-09 09:59:12.380000+00:00,56.90894,-158.097982,5.74,1.56,766,6.7725919424632925
2022-11-09 10:10:30.950000+00:00,56.922632,-158.087158,5.6,0.73,767,7.654667829830508
2022-11-09 10:23:58.210000+00:00,56.911865,-158.093766,5.58,1.15,768,7.052550423559972
2022-11-09 23:15:03.220000+00:00,56.911174,-158.09279,4.97,0.74,769,7.1049084686883335
2022-11-11 21:19:03.400000+00:00,56.899715,-158.073177,6.16,1.21,774,8.303471165546704
2022-11-12 06:14:07.490000+00:00,56.906604,-158.079492,6.57,0.59,776,7.890781281591779
2022-11-12 06:27:59.160000+00:00,56.899744,-158.077181,6.45,0.65,777,8.060069491875137
2022-11-12 19:39:01.720000+00:00,56.910262,-158.023975,2.54,0.91,779,11.28303915067835
2022-11-12 22:06:28.640000+00:00,56.911747,-158.033333,2.75,0.82,781,10.722243948284117
2022-11-12 22:08:44.080000+00:00,56.915519,-158.007259,5.17,0.73,783,12.337165223021119
2022-11-13 01:20:06.830000+00:00,56.916479,-157.983333,3.99,0.51,786,13.798281054769859
2022-11-13 01:39:46.870000+00:00,56.900281,-158.079313,5.88,0.9,787,7.925710883858596
2022-11-13 03:00:28.240000+00:00,56.911263,-158.029818,2.71,0.75,788,10.932918598476094
2022-11-13 03:03:05.630000+00:00,56.93278,-158.04471,4.86,0.96,789,10.447201542043889
2022-11-13 19:55:46.840000+00:00,56.92865,-157.983757,2.79,0.86,790,13.95286080375593
2022-11-13 20:52:42.760000+00:00,56.901383,-158.077116,5.77,0.68,791,8.050631514994619
2022-11-14 05:43:51.880000+00:00,56.899353,-158.080273,5.56,1.64,792,7.876238821045706
2022-11-14 05:48:27.330000+00:00,56.907182,-158.078548,6.59,0.42,793,7.9492149802948
2022-11-14 05:51:11.680000+00:00,56.901888,-158.076009,5.36,0.61,794,8.114687409681844
2022-11-14 05:53:08.520000+00:00,56.903357,-158.088721,7.09,0.71,795,7.333362582228987
2022-11-14 06:40:26.680000+00:00,56.865365,-158.128646,7.45,0.34,796,6.65340337717786
2022-11-14 06:44:11.220000+00:00,56.902018,-158.077653,5.92,0.82,797,8.013878989623977
2022-11-14 07:41:02.700000+00:00,56.902258,-158.079997,6.47,0.51,798,7.869853135283947
2022-11-14 13:36:58.390000+00:00,56.901839,-158.065527,4.7,0.22,800,8.752768322345398
2022-11-14 17:16:12.760000+00:00,56.937097,-157.97627,4.11,0.63,802,14.595499909816184
2022-11-14 20:47:28.940000+00:00,56.903507,-158.028955,5.43,0.44,806,10.972663324686298
2022-11-17 16:42:06.130000+00:00,56.911019,-158.092318,5.27,1.11,819,7.132148947960028
2022-11-18 10:45:48.870000+00:00,56.890222,-158.188607,7.25,1.0,821,2.133928153062743
2022-11-18 15:21:08.570000+00:00,56.907605,-158.154948,7.59,3.52,822,3.2992024317149102
2022-11-18 15:29:20.410000+00:00,56.911837,-158.181982,6.96,1.03,823,1.7779536446151694
2022-11-18 22:35:56.980000+00:00,56.906449,-158.137581,6.5,0.97,824,4.351811330692938
2022-11-19 01:20:44.030000+00:00,56.903768,-158.166602,10.74,0.65,825,2.593087630890425
2022-11-19 10:41:22+00:00,56.913033,-158.107357,7.42,0.38,826,6.2442332091263975
2022-11-19 13:43:19.340000+00:00,56.910225,-158.151937,9.19,0.25,827,3.5111441416498836
2022-11-19 16:42:23.440000+00:00,56.915515,-158.111914,6.37,0.43,828,6.012391671110255
2022-11-19 16:42:33.270000+00:00,56.912248,-158.088444,5.6,0.35,829,7.379336011941221
2022-11-19 17:13:39.660000+00:00,56.92432,-158.042887,9.59,0.3,830,10.326081093967971
2022-11-19 21:05:44.880000+00:00,56.910588,-158.102555,6.47,1.24,832,6.506697685560595
2022-11-19 21:10:00.760000+00:00,56.914335,-158.107438,6.28,0.5,833,6.259601887766849
2022-11-19 23:39:21.840000+00:00,56.936454,-158.032943,3.92,0.37,835,11.252270806851845
2022-11-21 05:19:47.520000+00:00,56.938643,-158.012907,4.55,0.69,836,12.489348948422831
2022-11-21 19:02:09.600000+00:00,56.918042,-158.00651,7.64,0.53,838,12.409916988881614
2022-11-21 19:06:06.320000+00:00,56.923718,-158.030029,7.92,0.38,839,11.082412466627243
2022-11-21 19:43:12.200000+00:00,56.937752,-158.09471,10.28,0.42,840,7.816961859925544
2022-11-21 20:21:30.340000+00:00,56.876086,-158.161442,2.16,0.29,841,4.3989694916358015
2022-11-21 20:36:57.460000+00:00,56.917289,-158.090088,5.84,0.4,842,7.355795014885451
2022-11-21 21:27:27.920000+00:00,56.908512,-158.106771,7.09,1.04,843,6.235459928695205
2022-11-22 00:44:59.070000+00:00,56.915393,-158.17251,8.3,0.32,845,2.4662578954724146
2022-11-22 00:51:10.330000+00:00,56.936361,-158.10306,8.43,0.49,846,7.294381912003432
2022-11-22 01:59:21.820000+00:00,56.926632,-158.106006,10.68,0.54,847,6.688419349730868
2022-11-22 16:34:18.460000+00:00,56.911926,-158.093213,5.5,1.15,849,7.086730405403614
2022-11-22 19:39:28.920000+00:00,56.913916,-158.106608,6.77,0.99,850,6.302757693182352
2022-11-25 16:11:59.620000+00:00,56.855579,-158.136654,17.12,0.9,852,7.122510039478079
2022-11-27 08:39:34.030000+00:00,56.863477,-158.138688,6.33,0.22,854,6.370562595010032
2022-11-27 20:29:39.200000+00:00,56.876127,-158.192171,4.69,0.12,857,3.4598648014847577
2022-11-28 03:46:01.810000+00:00,56.92218,-158.086149,5.52,0.74,859,7.702240300817746
2022-11-29 01:18:49.530000+00:00,56.842627,-158.107633,5.52,0.83,862,9.364498991190269
2022-11-29 20:56:56.440000+00:00,56.865173,-158.17137,18.17,0.81,863,5.072441163206402
2022-11-30 14:57:58.970000+00:00,56.845101,-158.021761,11.17,0.36,869,13.267770752048637
2022-11-30 18:51:27.820000+00:00,56.885673,-158.050505,7.19,0.76,871,9.915635403067043
2022-12-01 21:05:56+00:00,56.913538,-158.089762,5.41,0.39,872,7.314831725531283
2022-12-02 10:32:12.400000+00:00,56.939368,-158.225179,8.18,0.48,875,3.8657495241457243
2022-12-02 11:14:20.660000+00:00,56.908097,-158.171517,7.01,0.15,876,2.2978870976212225
2022-12-02 20:14:25.860000+00:00,56.895907,-158.148633,7.73,0.15,877,3.8398154023150552
2022-12-05 04:11:03.040000+00:00,56.902869,-158.073568,5.74,0.99,887,8.258057298415356
2022-12-05 21:59:48.880000+00:00,56.884082,-158.166797,5.12,0.25,890,3.530460323408574
2022-12-08 13:12:11.570000+00:00,56.869788,-158.188639,2.91,1.03,893,4.197880231819127
2022-12-08 20:06:57.100000+00:00,56.913204,-158.046517,6.99,0.52,894,9.932680060354889
2022-12-09 21:28:03.200000+00:00,56.911983,-158.086019,5.59,0.53,898,7.523649064923591
2022-12-10 04:21:15.380000+00:00,56.906087,-158.018441,2.41,0.22,901,11.609926945404634
2022-12-12 20:17:33.240000+00:00,56.882792,-158.150033,5.12,0.62,906,4.413526022847667
2022-12-13 14:22:59.170000+00:00,56.870988,-158.163704,3.27,0.58,907,4.759297895715776
2022-12-14 06:30:29.580000+00:00,56.854993,-158.147445,16.66,1.19,911,6.789244567913309
2022-12-14 06:31:12.750000+00:00,56.847522,-158.121468,17.91,1.15,912,8.402428603009318
2022-12-14 06:32:25.140000+00:00,56.855717,-158.182487,17.71,1.44,914,5.8066453663743856
2022-12-14 06:33:26.260000+00:00,56.849854,-158.146419,20.01,1.42,915,7.305627719322234
2022-12-14 17:24:07.680000+00:00,56.93879,-158.090609,5.53,0.86,917,8.091870874277394
2022-12-14 17:38:41.260000+00:00,56.86615,-158.052897,9.94,0.98,918,10.490185050699838
2022-12-15 08:01:46.650000+00:00,56.894165,-158.217952,4.31,0.8,924,1.405799747415536
2022-12-15 08:02:01.630000+00:00,56.892025,-158.219027,4.11,0.75,925,1.6511702196045728
2022-12-15 11:57:11.950000+00:00,56.918144,-158.095101,6.48,0.57,926,7.073083675354128
2022-12-15 15:27:13.080000+00:00,56.862895,-158.139144,5.12,0.81,927,6.4001504658125405
2022-12-16 11:04:18.830000+00:00,56.897461,-158.188883,5.97,0.19,930,1.537809418060021
2022-12-17 08:03:48.360000+00:00,56.928861,-158.077653,4.86,0.81,931,8.4020085649988
2022-12-17 08:13:35.900000+00:00,56.934542,-158.056169,4.64,0.74,932,9.842684808928823
2022-12-17 08:19:30.300000+00:00,56.928878,-158.090104,4.94,0.98,934,7.684076350706886
2022-12-17 08:21:40.950000+00:00,56.937935,-158.073568,6.01,0.97,935,8.990598545669936
2022-12-17 08:22:17.540000+00:00,56.931433,-158.053109,4.8,0.73,936,9.914308015591208
2022-12-17 08:25:31.420000+00:00,56.949333,-158.001969,2.58,0.79,937,13.506146450001328
2022-12-17 08:30:03.190000+00:00,56.946098,-158.016243,5.08,1.07,938,12.56611161712801
2022-12-17 08:31:26.880000+00:00,56.940316,-157.998958,5.96,0.75,939,13.356056729472447
2022-12-17 08:32:47.780000+00:00,56.927169,-158.096501,4.69,0.96,940,7.253556253557385
2022-12-17 08:36:32.050000+00:00,56.938733,-157.993896,1.88,1.13,941,13.603253348176443
2022-12-17 08:39:13.060000+00:00,56.930273,-158.08986,5.24,0.79,942,7.751200450791922
2022-12-17 08:40:25.760000+00:00,56.92981,-158.087565,5.41,0.99,943,7.864573078102098
2022-12-17 08:43:23.800000+00:00,56.927519,-158.090332,4.78,1.07,944,7.621748641339599
2022-12-17 09:28:59.930000+00:00,56.941569,-158.223519,7.75,0.97,945,4.080131774239425
2022-12-17 18:49:11.920000+00:00,56.935982,-158.078857,5.72,0.51,946,8.609036637965186
2022-12-18 09:49:38.830000+00:00,56.910376,-158.091715,6.04,1.85,947,7.1633748147039205
2022-12-18 11:17:12.520000+00:00,56.912679,-158.091211,5.55,0.87,948,7.2164835656121396
2022-12-18 16:41:18.790000+00:00,56.903528,-158.105973,6.31,0.61,949,6.2822737890732725
2022-12-19 07:22:08.700000+00:00,56.860038,-158.20459,5.89,-0.09,955,5.103041361522334
2022-12-21 16:55:19.970000+00:00,56.912081,-158.008838,2.6,0.86,970,12.214015655670137
2022-12-24 12:08:20.910000+00:00,56.935319,-158.093376,5.26,0.79,975,7.771163117839883
2022-12-25 13:57:07.620000+00:00,56.8672,-158.161572,2.53,-0.04,978,5.180216806276715
2022-12-26 02:17:27.160000+00:00,56.913615,-158.077881,5.67,0.58,982,8.034943204377102
2022-12-26 02:29:39.450000+00:00,56.915133,-158.044531,6.33,0.57,983,10.072889339055227
2022-12-26 02:30:56.580000+00:00,56.887952,-158.015186,2.55,0.75,984,11.977114505355946
2022-12-26 03:18:20.520000+00:00,56.907532,-158.070329,5.66,1.0,986,8.450625333567926
2022-12-26 08:37:33.710000+00:00,56.915812,-158.07972,5.91,0.5,987,7.953940984155969
2022-12-27 16:59:30.550000+00:00,56.91224,-158.085677,5.91,0.53,991,7.547036717839937
2022-12-27 18:17:31.180000+00:00,56.849129,-157.975765,11.01,1.1,992,15.558119441380109
2022-12-27 23:33:45.640000+00:00,56.864482,-158.145312,4.65,0.29,995,6.020198262512194
2022-12-30 10:49:30.340000+00:00,56.856075,-158.165641,5.18,0.61,1005,6.135878834517381
2022-12-30 21:39:15.120000+00:00,56.931437,-158.093506,5.3,0.52,1008,7.591408734362606
2022-12-31 00:35:14.200000+00:00,56.918306,-158.088607,6.37,0.36,1010,7.464852006615218
2022-12-31 00:48:47.590000+00:00,56.918986,-158.099691,6.38,0.28,1011,6.8185313684773226
2022-12-31 00:56:16.910000+00:00,56.887882,-158.271061,2.34,0.18,1012,4.276083290997293
2022-12-31 19:08:58.520000+00:00,56.946273,-158.027409,4.73,0.64,1015,11.940805187036826
2022-12-31 22:08:00.720000+00:00,56.937834,-158.082161,5.61,0.65,1018,8.508365041011913
2023-01-01 08:37:17.090000+00:00,56.942696,-158.179427,5.63,1.08,1021,4.4860227420001575
2023-01-01 19:02:43.160000+00:00,56.871175,-158.057145,9.81,1.28,1022,10.027118270070206
2023-01-01 19:05:51.920000+00:00,56.854289,-158.130697,17.55,1.22,1023,7.462836129215049
2023-01-01 21:39:50.580000+00:00,56.936357,-158.074691,5.16,0.74,1025,8.859088950463095
2023-01-02 05:33:43.390000+00:00,56.86794,-158.152979,4.44,0.63,1028,5.4254833240855165
2023-01-02 08:43:42.020000+00:00,56.870312,-158.054769,9.76,1.1,1031,10.197916516633075
2023-01-02 10:08:31.570000+00:00,56.836886,-158.010498,10.96,1.05,1032,14.332567266361059
2023-01-02 20:40:02.760000+00:00,56.834953,-158.010807,10.9,0.87,1034,14.43344201793371
2023-01-02 21:26:45.760000+00:00,56.941536,-158.018327,4.42,0.5,1036,12.274335574116428
2023-01-03 00:48:31.330000+00:00,56.950806,-157.996387,1.76,0.61,1037,13.882059259176664
2023-01-03 01:30:25.680000+00:00,56.936353,-158.012109,2.26,0.62,1038,12.46416421501966
2023-01-03 02:31:56.630000+00:00,56.88914,-158.012321,4.74,0.48,1039,12.128194159637806
2023-01-03 20:14:51.080000+00:00,56.92911,-158.099105,4.4,0.38,1047,7.179050185758413
2023-01-03 20:50:03.600000+00:00,56.939962,-158.037793,4.4,0.42,1048,11.098485634319264
2023-01-04 01:23:13.110000+00:00,56.846863,-158.140023,6.55,0.27,1051,7.795040374065291
2023-01-04 04:04:46.970000+00:00,56.841862,-158.144401,6.46,-0.24,1052,8.136992024292924
2023-01-04 04:10:15.360000+00:00,56.847367,-158.179215,6.21,0.1,1053,6.755644210088032
2023-01-04 07:17:22.350000+00:00,56.839636,-158.013721,11.24,1.43,1055,14.003073562468828
2023-01-04 07:18:36.090000+00:00,56.876896,-158.06333,10.21,0.53,1056,9.443892191468569
2023-01-04 07:23:37.470000+00:00,56.887764,-158.032845,3.8,0.18,1057,10.921210998000861
2023-01-04 10:32:01.580000+00:00,56.851135,-158.213281,4.26,0.4,1059,6.092961731749744
2023-01-04 10:44:09.850000+00:00,56.937012,-158.012874,1.81,0.61,1060,12.439554379989893
2023-01-04 11:34:36.300000+00:00,56.840304,-158.00319,10.82,1.02,1061,14.515477160486917
2023-01-04 13:22:13.260000+00:00,56.932365,-158.070166,4.86,0.34,1062,8.958093453827773
2023-01-04 14:17:59+00:00,56.866557,-158.222314,3.66,0.27,1063,4.444739893735392
2023-01-04 14:18:59.380000+00:00,56.873617,-158.166064,3.88,-0.17,1064,4.437643920559306
2023-01-05 02:51:30.720000+00:00,56.932621,-158.038477,3.43,0.39,1070,10.80644264347403
2023-01-05 09:03:33.170000+00:00,56.887455,-158.021794,2.87,0.38,1072,11.589899849708091
2023-01-05 09:57:58.060000+00:00,56.920199,-158.098226,6.68,0.44,1074,6.935575929246578
2023-01-05 10:15:11.710000+00:00,56.855033,-158.20918,4.25,-0.17,1075,5.653308590949754
2023-01-05 23:48:44.760000+00:00,56.88446,-158.024219,2.12,0.17,1078,11.509116206589077
2023-01-06 03:08:17.410000+00:00,56.883927,-158.206673,3.38,0.05,1082,2.439858283955397
2023-01-06 03:51:36.020000+00:00,56.934131,-158.01862,2.06,0.38,1084,12.016188989288484
2023-01-06 06:50:02.370000+00:00,56.904395,-158.033675,4.4,0.1,1085,10.683133234557776
2023-01-06 07:45:24+00:00,56.880501,-158.20236,7.54,0.25,1087,2.8461619583487847
2023-01-06 12:08:48.570000+00:00,56.934753,-158.020964,2.64,0.3,1089,11.89699316745543
2023-01-06 14:38:43.030000+00:00,56.864067,-158.151514,4.27,0.07,1090,5.820450526464561
2023-01-06 17:52:46.120000+00:00,56.88894,-158.097949,6.06,0.46,1095,7.022990519385021
2023-01-06 19:39:43.640000+00:00,56.939689,-158.075667,4.86,0.09,1096,8.953859907950092
2023-01-06 22:23:02.600000+00:00,56.94681,-158.073421,5.87,0.51,1098,9.434644827076607
2023-01-07 07:51:07.480000+00:00,56.934688,-158.072933,5.17,0.48,1111,8.889269869289942
2023-01-07 08:08:11.890000+00:00,56.889832,-158.008838,2.28,0.17,1112,12.326526637867486
2023-01-07 08:25:12.920000+00:00,56.896472,-158.026937,6.02,0.03,1113,11.142211179897531
2023-01-07 08:32:08.440000+00:00,56.85094,-158.139307,19.54,2.13,1114,7.441546593818377
2023-01-07 12:02:29.520000+00:00,56.900618,-158.181445,8.96,0.45,1115,1.7753244119021327
2023-01-07 21:34:42.180000+00:00,56.885234,-158.176465,5.65,0.15,1119,3.0292415054558814
2023-01-08 01:16:45.830000+00:00,56.932808,-158.038721,4.25,0.45,1124,10.797918488885603
2023-01-08 06:53:47.340000+00:00,56.90175,-158.185449,7.08,0.37,1125,1.5041434625933143
2023-01-08 16:33:30.070000+00:00,56.866508,-158.161523,2.33,0.41,1131,5.245997009287251
2023-01-08 17:01:51.500000+00:00,56.890658,-158.019727,4.93,0.66,1132,11.656513071055816
2023-01-08 17:09:41.960000+00:00,56.886365,-158.039714,5.61,0.71,1134,10.541102733441937
2023-01-08 20:00:14.960000+00:00,56.877507,-158.1396,6.69,0.86,1135,5.27428915546734
2023-01-09 00:44:43.210000+00:00,56.930737,-158.019889,2.73,0.51,1137,11.847897656039818
2023-01-09 00:56:13.680000+00:00,56.948336,-158.034603,4.96,0.63,1140,11.627739068680945
2023-01-09 13:57:25.980000+00:00,56.933557,-158.042025,3.88,0.82,1143,10.62866243477444
2023-01-11 00:33:28.890000+00:00,56.86637,-158.162402,3.3,0.36,1152,5.229527689442935
2023-01-11 07:16:17.230000+00:00,56.886422,-158.0264,3.77,0.31,1154,11.335196969019984
2023-01-11 17:19:35.480000+00:00,56.861532,-158.180648,3.37,-0.03,1159,5.223805162490867
2023-01-12 02:24:44.420000+00:00,56.910864,-158.200179,7.17,0.09,1164,0.7789674800505038
2023-01-12 17:16:56.340000+00:00,56.925313,-158.049072,9.52,0.36,1168,9.980587387257678
2023-01-12 17:32:28.380000+00:00,56.922115,-158.014355,2.38,0.48,1169,11.994676483190563
2023-01-13 01:59:57.310000+00:00,56.879911,-158.13986,5.8,0.62,1172,5.105679442565095
2023-01-13 07:25:28.850000+00:00,56.908118,-158.033838,6.77,0.73,1174,10.67464690891909
2023-01-13 12:22:57.730000+00:00,56.936788,-158.090299,5.54,0.41,1175,8.01033196891426
2023-01-14 01:15:54.760000+00:00,56.90365,-158.113753,10.5,0.75,1184,5.8080885465125975
2023-01-14 07:47:55.690000+00:00,56.882511,-158.18444,6.05,0.75,1186,2.9943638962602046
2023-01-14 17:09:28.120000+00:00,56.883065,-158.178825,6.53,0.45,1190,3.129138693077718
2023-01-14 18:15:56.240000+00:00,56.842839,-158.206576,5.77,0.84,1191,7.0127450739253945
2023-01-14 21:08:46.680000+00:00,56.90009,-158.029883,2.21,0.26,1195,10.932156937668045
2023-01-15 07:33:29.670000+00:00,56.883044,-158.140544,6.97,0.22,1197,4.881291515815504
2023-01-15 08:53:02.610000+00:00,56.946773,-158.099561,6.37,0.68,1198,8.076319247947067
2023-01-15 19:41:59.480000+00:00,56.932886,-158.077181,5.21,0.61,1203,8.576163581732295
2023-01-15 19:45:11.960000+00:00,56.935303,-158.07863,5.44,0.81,1204,8.592638522812056
2023-01-15 22:21:47.980000+00:00,56.871842,-157.931413,5.07,1.56,1205,17.337251201362573
2023-01-16 05:04:37.760000+00:00,56.942859,-158.042253,4.83,0.46,1208,10.960712184580473
2023-01-16 06:36:51.540000+00:00,56.941248,-158.027067,4.17,0.84,1211,11.76135168300862
2023-01-16 11:42:42.190000+00:00,56.935286,-158.013037,2.68,1.28,1216,12.377919718139804
2023-01-16 14:23:37.870000+00:00,56.930334,-158.09056,5.46,0.3,1217,7.713700902249567
2023-01-16 22:01:51.940000+00:00,56.952405,-157.997998,6.34,0.44,1224,13.856078449766937
2023-01-16 23:22:07.520000+00:00,56.932719,-158.038688,3.84,0.17,1225,10.797104827920302
2023-01-17 03:17:16.610000+00:00,56.936519,-158.0736,5.66,0.59,1228,8.9273520325399
2023-01-17 03:49:12.420000+00:00,56.93162,-158.087956,5.26,0.48,1229,7.913003726505788
2023-01-17 04:21:50.970000+00:00,56.931669,-158.080876,5.37,0.38,1230,8.318094320078533
2023-01-17 04:25:43.010000+00:00,56.8646,-157.950732,8.11,1.15,1231,16.398668369300548
2023-01-17 05:17:53.620000+00:00,56.893913,-158.18361,6.6,0.31,1233,2.03614445946337
2023-01-17 05:33:12.210000+00:00,56.841374,-158.19349,6.89,0.64,1234,7.236395784963335
2023-01-17 05:48:42.650000+00:00,56.872717,-158.14834,0.76,1.41,1235,5.2194721183322885
2023-01-17 06:09:12.100000+00:00,56.924402,-158.054557,3.92,0.43,1237,9.63257263334035
2023-01-17 06:09:33.290000+00:00,56.927348,-158.06333,4.6,0.4,1238,9.19123372493521
2023-01-17 07:05:59.370000+00:00,56.85304,-157.983105,10.96,0.61,1239,14.973305675632334
2023-01-17 07:47:48.330000+00:00,56.929952,-158.09139,4.96,0.5,1240,7.651425099225866
2023-01-17 08:21:38.090000+00:00,56.935763,-158.082389,5.39,0.51,1241,8.40172904718366
2023-01-17 10:28:29.600000+00:00,56.963993,-158.001204,7.63,0.55,1242,14.213483195951923
2023-01-17 13:21:34.390000+00:00,56.928353,-158.053841,4.13,0.37,1244,9.778335688043855
2023-01-17 15:03:14.800000+00:00,56.929016,-158.018848,2.09,0.34,1245,11.866580389810927
2023-01-17 18:44:48.360000+00:00,56.935844,-158.039469,4.48,0.47,1248,10.853179486117781
2023-01-18 02:50:10.200000+00:00,56.935624,-158.098828,6.09,0.69,1250,7.4865963641247255
2023-01-18 10:45:55.970000+00:00,56.933468,-158.066748,4.93,0.46,1252,9.195147462235445
2023-01-18 10:46:27.370000+00:00,56.932418,-158.087663,5.08,0.53,1253,7.962211238817865
2023-01-18 10:47:08.160000+00:00,56.931144,-158.043278,4.26,0.48,1254,10.480451315247235
2023-01-18 12:11:38.870000+00:00,56.930579,-158.024642,2.85,0.23,1255,11.56248906400149
2023-01-18 16:06:59.820000+00:00,56.924101,-158.01556,0.48,0.21,1259,11.95752094362503
2023-01-18 17:20:24.720000+00:00,57.008598,-158.235124,12.28,0.32,1264,11.557309687008566
2023-01-18 17:35:18.160000+00:00,56.972241,-158.014583,5.09,0.37,1265,13.956947849396968
2023-01-18 17:39:03.760000+00:00,56.911222,-158.144743,0.59,0.13,1267,3.960905490082264
2023-01-18 17:40:07.400000+00:00,56.928849,-158.078076,5.36,0.5,1268,8.37707326148771
2023-01-18 17:41:48+00:00,56.93066,-158.055501,4.28,-0.09,1269,9.750185817142278
2023-01-18 17:43:17.860000+00:00,56.931698,-158.009001,0.84,0.45,1270,12.517598066506478
2023-01-18 17:44:05.200000+00:00,56.930111,-158.094938,5.29,0.62,1271,7.455905004596849
2023-01-18 17:45:35.060000+00:00,56.932129,-158.099854,5.75,0.4,1272,7.2653258697866185
2023-01-18 17:47:05.960000+00:00,56.934855,-158.065788,4.92,0.45,1273,9.302689131734077
2023-01-18 17:47:35.920000+00:00,56.927795,-158.109001,5.09,0.43,1274,6.5647533042301704
2023-01-18 17:49:19.960000+00:00,56.930347,-158.074316,4.57,0.27,1275,8.646478378472146
2023-01-18 17:50:57.280000+00:00,56.930135,-158.027002,3.67,0.81,1277,11.41117805578945
2023-01-18 21:13:45.920000+00:00,56.924813,-158.053971,4.35,0.6,1281,9.677293720861554
2023-01-18 22:21:37.800000+00:00,56.956482,-158.021289,7.83,0.43,1282,12.746281004972253
2023-01-18 23:35:37.660000+00:00,56.912569,-158.053939,4.92,1.06,1283,9.476362766769336
2023-01-19 16:21:13.810000+00:00,56.886552,-158.011051,0.56,0.31,1289,12.25221213413085
2023-01-19 18:40:44.760000+00:00,56.928792,-158.050651,4.83,0.88,1291,9.978613616968389
2023-01-19 19:19:13.200000+00:00,56.929972,-158.062402,4.51,0.62,1292,9.325613906742264
2023-01-20 09:32:02.900000+00:00,56.951082,-158.061084,5.04,0.61,1296,10.321958733985076
2023-01-20 17:21:37.400000+00:00,56.938147,-158.078646,5.72,0.65,1298,8.717481080415775
2023-01-21 05:56:16.270000+00:00,56.935087,-158.038965,2.99,0.72,1302,10.856862801274406
2023-01-21 17:21:13.740000+00:00,56.909965,-158.126383,7.87,1.34,1305,5.054538658191785
2023-01-21 18:26:25.600000+00:00,56.933451,-158.082422,4.5,0.98,1306,8.30119964680303
2023-01-21 20:00:32.120000+00:00,56.928333,-158.070117,4.84,1.0,1308,8.82330699066844
2023-01-21 20:55:18.760000+00:00,56.947685,-158.076449,5.02,0.74,1310,9.322020073489107
2023-01-21 22:11:22.940000+00:00,56.899939,-158.17251,7.89,1.0,1311,2.3171681639988226
2023-01-22 01:47:36.670000+00:00,56.853149,-158.216276,4.05,0.82,1313,5.879852898402288
2023-01-22 10:24:42.650000+00:00,56.940373,-158.050618,4.06,0.78,1315,10.385073601387315
2023-01-22 12:10:04.670000+00:00,56.93645,-158.03527,3.41,0.98,1316,11.117180514161555
2023-01-22 16:15:31.160000+00:00,56.939579,-158.024349,7.58,1.05,1317,11.857370324376944
2023-01-22 16:17:22.430000+00:00,56.930794,-158.023356,2.15,0.77,1318,11.644233389395048
2023-01-23 07:51:04.430000+00:00,56.947546,-158.027116,5.33,0.8,1321,12.011305484174333
2023-01-23 19:01:01.640000+00:00,56.913949,-158.082926,5.9,1.02,1325,7.733727123487007
2023-01-23 20:11:09.680000+00:00,56.869364,-158.018278,6.29,1.5,1326,12.313218421764152
2023-01-24 21:55:36.220000+00:00,56.823763,-158.242448,11.52,0.78,1328,9.360448777995241
2023-01-25 07:05:35.630000+00:00,56.923063,-158.018685,4.75,0.79,1336,11.750700544650872
2023-01-25 10:16:23.100000+00:00,56.941536,-158.08724,6.47,0.45,1338,8.415175838266446
2023-01-25 12:07:14.200000+00:00,56.865527,-157.930811,7.49,0.49,1339,17.540945882948286
2023-01-25 15:30:01.940000+00:00,56.932967,-158.077132,5.49,0.33,1342,8.582124611020129
2023-01-25 18:38:34.880000+00:00,56.901237,-158.184163,6.7,0.13,1344,1.5963327403709766
2023-01-26 00:13:22.580000+00:00,56.940592,-158.076921,6.26,0.42,1345,8.927755283309004
2023-01-26 10:39:56.700000+00:00,56.884859,-158.260026,2.56,0.3,1349,3.886898291082082
2023-01-26 11:31:15.340000+00:00,56.897546,-158.042025,7.19,0.2,1350,10.215614377017886
2023-01-26 17:20:31.720000+00:00,56.887065,-158.030583,3.95,0.13,1354,11.07123963743207
2023-01-26 17:53:17.760000+00:00,56.940531,-158.073503,5.87,0.43,1355,9.112849062159567
2023-01-26 23:50:09.640000+00:00,56.93302,-158.098942,5.38,0.45,1360,7.356432556293615
2023-01-26 23:57:19.560000+00:00,56.936523,-158.070931,7.09,0.3,1361,9.077870221021087
2023-01-27 01:02:44.470000+00:00,56.941545,-157.964779,2.87,0.69,1362,15.39568006765602
2023-01-27 02:06:41.050000+00:00,56.932357,-157.995475,6.2,0.25,1365,13.336551442937774
2023-01-27 02:09:15.940000+00:00,56.933508,-158.019824,7.24,0.41,1366,11.927407876073756
2023-01-27 03:46:59.580000+00:00,56.848625,-158.221419,4.86,0.33,1367,6.411744638475177
2023-01-27 06:14:56.750000+00:00,56.86676,-158.168083,4.28,0.01,1370,5.0120834883402905
2023-01-27 15:19:59.250000+00:00,56.915413,-158.072673,3.6,1.72,1374,8.373451914473378
2023-01-28 03:59:00.950000+00:00,56.933765,-158.0507,4.01,0.85,1378,10.131399863898219
2023-01-28 06:12:32.430000+00:00,56.914917,-158.089925,6.08,1.01,1379,7.324540423770813
2023-01-28 06:46:17.410000+00:00,56.912573,-158.073584,5.19,0.36,1380,8.2839665034337
2023-01-28 08:05:47.560000+00:00,56.888761,-158.021745,2.44,0.43,1381,11.567900771122847
2023-01-28 08:27:38.990000+00:00,56.926473,-158.05708,5.95,0.65,1382,9.535336519963037
2023-01-28 09:14:10.550000+00:00,56.913741,-158.073014,5.19,0.14,1383,8.331218658791636
2023-01-28 09:17:33.210000+00:00,56.932353,-158.077979,4.96,0.54,1384,8.509932869206738
2023-01-28 12:47:22.960000+00:00,56.932515,-158.07863,5.22,0.36,1387,8.479062477368899
2023-01-28 13:10:14.280000+00:00,56.908488,-158.059554,4.04,0.86,1389,9.109685170935206
2023-01-28 14:18:01.940000+00:00,56.941016,-158.034456,3.41,0.45,1390,11.329554389446054
2023-01-28 15:19:42.440000+00:00,56.965523,-158.00804,7.04,0.57,1392,13.924736126600969
2023-01-29 00:52:57.190000+00:00,56.937716,-158.071191,5.55,0.27,1395,9.114062443203984
2023-01-29 01:12:46.490000+00:00,56.934281,-158.071224,6.69,0.93,1396,8.970293917096145
2023-01-29 02:53:42.480000+00:00,56.856816,-158.237191,0.54,1.26,1398,5.71910228874007
2023-01-29 09:52:22.870000+00:00,56.936117,-158.071745,5.5,0.65,1401,9.014985120869078
2023-01-29 12:29:44.550000+00:00,56.933146,-158.055111,4.81,0.83,1403,9.854663591662002
2023-01-29 13:09:40.500000+00:00,56.933468,-158.070003,5.29,0.48,1404,9.008612757725366
2023-01-29 13:11:01.480000+00:00,56.93158,-158.0632,4.93,0.64,1405,9.332426530072835
2023-01-30 09:29:23.900000+00:00,56.944857,-158.027832,8.98,1.26,1413,11.858413306754706
2023-01-30 10:19:44.610000+00:00,56.934237,-158.087451,5.25,0.5,1414,8.051522276605118
2023-01-30 11:19:15.250000+00:00,56.940564,-158.013981,3.98,0.56,1415,12.491167555848126
2023-01-30 15:14:31.670000+00:00,56.884139,-158.018376,2.79,0.33,1417,11.865024762660124
2023-01-30 20:10:19.380000+00:00,56.946273,-158.008154,7.23,0.6,1419,13.034080704067174
2023-01-31 02:29:55.780000+00:00,56.908419,-158.06748,4.05,0.98,1423,8.626826179186686
2023-01-31 04:38:16.460000+00:00,56.932568,-158.067139,5.29,0.75,1426,9.139635974283545
2023-01-31 08:23:45.580000+00:00,56.907247,-158.027816,4.26,1.06,1427,11.039712603527137
2023-01-31 11:39:51.440000+00:00,56.926396,-158.056657,4.25,0.86,1430,9.55828895262748
2023-01-31 13:21:37.450000+00:00,56.935624,-158.083512,5.6,0.59,1431,8.332837449289523
2023-01-31 15:44:22.210000+00:00,56.938188,-158.043001,4.19,0.35,1433,10.733330338061178
2023-01-31 17:13:17.320000+00:00,56.931136,-158.019515,7.71,0.56,1435,11.880456332376788
2023-01-31 22:04:19.520000+00:00,56.946053,-158.018245,4.01,0.43,1436,12.450520336393495
2023-02-01 02:47:27.570000+00:00,56.9507,-158.092301,5.11,0.29,1437,8.688549446558882
2023-02-01 05:06:38.610000+00:00,56.930404,-158.016016,3.78,0.42,1439,12.068918181403921
2023-02-01 05:40:35.860000+00:00,56.930868,-158.016211,4.49,0.48,1441,12.069127361909404
2023-02-01 08:57:43.840000+00:00,56.933276,-158.060563,4.96,0.86,1442,9.544037521372912
2023-02-01 09:33:12.950000+00:00,56.915869,-158.083919,6.13,0.32,1443,7.701673177849826
2023-02-01 10:13:22.530000+00:00,56.939978,-158.019613,4.03,0.63,1445,12.145023469899941
2023-02-01 14:55:36.440000+00:00,56.932682,-158.079932,5.3,0.62,1449,8.411436711326857
2023-02-01 17:43:04.720000+00:00,56.912134,-158.042285,0.22,0.77,1452,10.180820749524317
2023-02-01 18:00:33.240000+00:00,56.928528,-158.010156,0.33,0.34,1453,12.372648405816808
2023-02-01 18:12:36.520000+00:00,56.925102,-158.001432,5.85,0.4,1454,12.824360815288761
2023-02-01 20:16:38.360000+00:00,56.947046,-157.987907,2.1,0.32,1457,14.224751390276873
2023-02-01 21:10:28.520000+00:00,56.939388,-158.091569,5.6,0.34,1458,8.070419725275926
2023-02-01 21:55:21.520000+00:00,56.93999,-158.021436,7.86,0.25,1459,12.040070046513774
2023-02-01 22:31:08.760000+00:00,56.911849,-158.031592,5.71,0.43,1460,10.828792392662606
2023-02-01 22:48:47.520000+00:00,56.935193,-158.090495,5.86,0.24,1461,7.924703204745151
2023-02-02 01:46:13.030000+00:00,56.909334,-158.085384,6.12,0.27,1463,7.541304006414206
2023-02-02 01:49:58.560000+00:00,56.913049,-158.016585,5.58,0.3,1464,11.74963232361038
2023-02-02 03:26:38.910000+00:00,56.942122,-158.048682,8.88,0.24,1466,10.567454089596884
2023-02-02 03:27:10.180000+00:00,56.919828,-157.984505,2.17,0.2,1467,13.763868524142467
2023-02-02 03:28:07.080000+00:00,56.915959,-158.06818,3.34,0.87,1468,8.652657678145731
2023-02-02 03:39:56.390000+00:00,56.944242,-158.014648,4.43,0.45,1470,12.58535949920289
2023-02-02 03:55:19.390000+00:00,56.923527,-158.054915,3.86,0.35,1473,9.590856820638104
2023-02-02 06:05:43.250000+00:00,56.874752,-158.182943,6.39,0.26,1476,3.804768973389108
2023-02-02 09:11:00.270000+00:00,56.898128,-158.167383,8.63,0.5,1479,2.675853395824404
2023-02-02 09:27:33.350000+00:00,56.866012,-158.218994,3.5,-0.04,1480,4.472392211178965
2023-02-02 15:25:14.600000+00:00,56.934408,-157.995133,0.82,0.61,1489,13.408934974717573
2023-02-02 16:14:40.820000+00:00,56.881816,-158.044206,4.41,0.14,1491,10.392450855424144
2023-02-02 16:32:26.850000+00:00,56.885962,-158.027555,3.75,0.15,1492,11.276095071754662
2023-02-02 17:09:28.040000+00:00,56.887516,-158.028402,3.45,0.2,1494,11.19248826708789
2023-02-02 20:59:30.940000+00:00,56.857507,-158.210156,7.69,0.32,1498,5.378261751805221
2023-02-02 21:12:35.720000+00:00,56.914473,-158.074854,5.81,0.37,1499,8.228858335936332
2023-02-02 21:25:33.960000+00:00,56.909713,-158.067106,4.57,0.95,1500,8.655506122385967
2023-02-02 22:40:30.440000+00:00,56.911922,-158.090934,5.9,0.51,1503,7.224894491462372
2023-02-03 03:25:13.160000+00:00,56.903011,-158.196924,5.38,0.36,1507,0.798629850678615
2023-02-03 06:10:25.990000+00:00,56.91484,-158.080078,5.87,0.44,1510,7.917961351501614
2023-02-03 09:03:17.930000+00:00,56.930855,-158.085661,6.26,0.41,1515,8.013400563765334
2023-02-03 09:04:10.110000+00:00,56.930627,-157.994645,6.03,1.56,1516,13.344903822892345
2023-02-03 09:16:29.840000+00:00,56.921122,-157.975472,7.91,0.57,1517,14.32688810449522
2023-02-03 13:00:50+00:00,56.888599,-158.018604,4.71,0.19,1520,11.759710824353977
2023-02-03 13:01:23.640000+00:00,56.929801,-158.007568,4.75,0.45,1521,12.556188831163158
2023-02-03 13:46:22.390000+00:00,56.926489,-158.068864,4.66,0.66,1525,8.840980477540318
2023-02-03 16:01:52.670000+00:00,56.933297,-158.105436,4.87,0.37,1527,7.011353863358951
2023-02-03 16:36:12.470000+00:00,56.958455,-158.002865,6.21,0.18,1528,13.852283846874652
2023-02-03 20:32:28.040000+00:00,56.914718,-158.032682,3.04,0.01,1531,10.786817839483184
2023-02-03 20:40:33.720000+00:00,56.899373,-158.204118,6.35,0.16,1532,0.7750547046330286
2023-02-04 03:08:24.480000+00:00,56.923401,-158.090072,5.93,0.19,1535,7.504537529684787
2023-02-04 03:10:53.020000+00:00,56.927563,-158.087354,6.07,0.24,1536,7.795488095079621
2023-02-04 03:16:14.140000+00:00,56.928495,-158.003141,4.42,0.14,1537,12.790454030485199
2023-02-04 03:20:02.970000+00:00,56.920048,-158.075472,5.08,0.43,1538,8.287036171307804
2023-02-04 04:12:30.740000+00:00,56.888444,-158.057292,4.6,-0.25,1539,9.444913805799496
2023-02-04 04:13:19.530000+00:00,56.886401,-158.080225,4.2,0.31,1540,8.139626807510618
2023-02-04 07:45:47.630000+00:00,56.886149,-158.011198,4.65,0.21,1548,12.25139205846156
2023-02-04 08:28:17.580000+00:00,56.95811,-157.987044,2.14,0.29,1549,14.715408762080122
2023-02-04 12:03:48.340000+00:00,56.88868,-158.271549,1.92,-0.07,1551,4.261887335582385
2023-02-04 13:33:37.210000+00:00,56.870284,-158.036475,7.69,1.89,1553,11.235301355028989
2023-02-04 14:13:18.470000+00:00,56.937895,-158.162337,5.83,0.28,1556,4.566114373382116
2023-02-04 14:15:19.430000+00:00,56.919914,-158.035645,2.72,0.42,1557,10.67609688470855
2023-02-04 14:17:11.980000+00:00,57.084387,-158.218717,23.26,0.79,1558,19.89617791818649
2023-02-04 14:52:19.490000+00:00,56.855937,-157.958024,8.27,0.55,1562,16.27740355496819
2023-02-04 15:26:16.230000+00:00,56.93938,-158.031787,3.85,0.24,1565,11.421463137820078
2023-02-04 16:28:07.070000+00:00,56.936869,-158.019743,3.61,0.22,1567,12.033892548579614
2023-02-04 17:32:41.720000+00:00,56.857251,-158.108333,6.74,0.81,1572,8.1788217347327
2023-02-04 17:58:35+00:00,56.884265,-158.257943,2.35,0.49,1573,3.8272191610300323
2023-02-04 23:47:29.240000+00:00,56.862874,-157.961068,8.43,0.85,1578,15.851969288704867
2023-02-05 00:34:12.150000+00:00,56.831576,-158.146859,5.81,0.44,1579,9.092795111182179
2023-02-05 16:09:10.470000+00:00,56.940556,-158.070833,4.95,0.96,1586,9.261492355332958
2023-02-05 16:49:36.590000+00:00,56.928805,-158.065885,4.48,1.05,1589,9.085347381248322
2023-02-06 06:41:20.180000+00:00,56.842607,-158.251449,0.9,0.75,1593,7.497971304991216
2023-02-06 12:00:49.190000+00:00,56.921765,-158.010758,0.86,1.15,1595,12.205613114078524
2023-02-06 13:49:41.880000+00:00,56.937012,-158.028076,8.17,0.51,1596,11.553518838742496
2023-02-06 15:55:11.730000+00:00,56.940304,-158.026351,8.28,0.61,1599,11.76782416784006
2023-02-06 23:12:57.720000+00:00,56.909143,-158.06263,4.39,1.04,1605,8.92505475222885
2023-02-07 00:04:25.910000+00:00,56.933346,-158.084619,5.28,0.63,1607,8.172705714405389
2023-02-07 01:18:16.260000+00:00,56.930656,-158.070898,4.87,0.41,1609,8.85488438989452
2023-02-07 02:19:25.680000+00:00,56.92876,-158.059652,4.51,0.38,1612,9.448830006227954
2023-02-07 02:41:46.330000+00:00,56.930725,-158.045085,3.92,0.91,1613,10.361961914478307
2023-02-07 11:05:43.680000+00:00,56.933272,-158.054346,3.87,0.7,1615,9.903295161958072
2023-02-07 13:34:25.550000+00:00,56.928019,-157.991423,3.57,0.61,1616,13.481082955076673
2023-02-07 13:38:14.060000+00:00,56.931193,-158.018132,2.76,0.56,1617,11.963785006770648
2023-02-07 18:00:02.720000+00:00,56.908167,-158.051611,6.68,0.6,1619,9.592344118412534
2023-02-07 19:19:49.180000+00:00,56.886051,-158.252881,2.79,0.3,1620,3.4623375025847225
2023-02-07 20:15:28.960000+00:00,56.892818,-158.154443,5.7,1.66,1623,3.625215450969303
2023-02-07 20:40:39.320000+00:00,56.928455,-158.090885,4.92,0.52,1624,7.62358489104158
2023-02-07 23:41:28.260000+00:00,56.833268,-158.217546,5.77,0.45,1627,8.093781968739364
2023-02-08 01:02:56.860000+00:00,56.91331,-157.998112,0.7,0.77,1629,12.874385331676624
2023-02-08 02:10:37.300000+00:00,56.903947,-158.256543,6.35,0.3,1632,2.9040002795344972
2023-02-08 02:33:29.420000+00:00,56.952763,-157.988135,2.16,0.54,1635,14.428993384430948
2023-02-08 07:25:51.690000+00:00,56.966777,-158.008659,5.68,0.37,1638,13.95885567124846
2023-02-08 07:35:13.920000+00:00,56.92686,-158.023714,1.29,0.96,1639,11.526589504384365
2023-02-08 07:35:46.130000+00:00,56.939567,-158.060921,5.32,0.4,1640,9.770310879761237
2023-02-08 07:51:02.370000+00:00,56.935986,-158.020459,2.92,0.36,1641,11.964267445801125
2023-02-08 08:56:06.010000+00:00,56.952075,-158.045833,4.71,0.61,1643,11.191824748316394
2023-02-08 09:51:33.470000+00:00,57.019739,-158.05599,3.81,0.21,1644,15.736218934495842
2023-02-08 09:54:48.980000+00:00,56.878385,-158.255941,2.62,0.14,1645,4.183915204285644
2023-02-08 12:21:28.140000+00:00,56.939461,-158.014372,4.83,0.13,1649,12.431110152512433
2023-02-08 12:45:01.560000+00:00,56.924349,-157.995671,4.26,1.5,1651,13.157134356146333
2023-02-08 12:55:31.880000+00:00,56.919377,-158.01932,2.06,2.08,1653,11.652776197506173
2023-02-08 14:39:02.960000+00:00,56.877344,-158.205404,7.65,0.17,1656,3.1763718274981723
2023-02-08 14:45:24.990000+00:00,56.930729,-158.053304,4.88,0.57,1657,9.880708707353715
2023-02-08 15:52:52.450000+00:00,56.932528,-158.018294,2.86,1.33,1659,11.990033293230207
2023-02-08 16:22:54.950000+00:00,56.923124,-158.041618,3.6,0.73,1660,10.376405706049775
2023-02-08 16:51:45.070000+00:00,56.940023,-158.055827,4.25,0.06,1662,10.076382572692316
2023-02-08 16:59:45.220000+00:00,56.886466,-158.064941,5.74,0.4,1664,9.039299444859237
2023-02-08 17:01:19.540000+00:00,56.936414,-158.048014,4.66,0.41,1666,10.379967521856765
2023-02-08 17:38:35.640000+00:00,56.926172,-158.022949,1.25,1.03,1668,11.557032864153031
2023-02-08 17:38:51.920000+00:00,56.935689,-158.020654,2.5,0.69,1669,11.943655342927308
2023-02-08 17:39:54.320000+00:00,56.897599,-158.017122,2.91,0.06,1670,11.727182755596605
2023-02-08 17:57:19.800000+00:00,56.932328,-158.040771,3.96,0.76,1671,10.663194801638015
2023-02-08 18:36:27.040000+00:00,56.93514,-158.089339,4.77,0.18,1672,7.986461089130338
2023-02-08 19:17:27.800000+00:00,56.866211,-158.134863,3.5,1.29,1675,6.313377889250733
2023-02-08 19:46:32.360000+00:00,56.930509,-158.05651,4.72,0.21,1676,9.686505166498828
2023-02-08 20:39:18.880000+00:00,56.924202,-157.991178,4.61,0.43,1678,13.424997541852155
2023-02-08 21:05:19.620000+00:00,56.941239,-158.051074,5.02,0.51,1682,10.395411091518437
2023-02-08 21:26:13.360000+00:00,56.927515,-158.02098,2.0,1.36,1683,11.704432465614307
2023-02-08 22:10:32.720000+00:00,56.926538,-158.022428,1.42,1.28,1684,11.596144097873267
2023-02-08 22:49:22.520000+00:00,56.93881,-158.040918,4.46,0.36,1685,10.876025505785503
2023-02-09 01:19:10.850000+00:00,56.946041,-158.044922,5.4,0.45,1687,10.950096994996354
2023-02-09 01:25:30.680000+00:00,56.942139,-158.055908,4.46,0.35,1688,10.163075883065659
2023-02-09 01:42:28.400000+00:00,56.925183,-158.127897,18.62,1.44,1689,5.390943914111049
2023-02-09 02:15:28.330000+00:00,56.948743,-158.038379,5.28,0.53,1690,11.436966448415467
2023-02-09 02:33:05.130000+00:00,56.896956,-158.085107,7.31,0.46,1691,7.613122751255657
2023-02-09 04:21:25.370000+00:00,56.904053,-158.210254,6.55,0.4,1692,0.20900770677477562
2023-02-09 04:44:18.180000+00:00,56.933879,-158.02207,2.98,0.35,1693,11.806149163334656
2023-02-09 04:53:40.400000+00:00,56.949658,-157.946208,5.56,0.47,1694,16.73012712215314
2023-02-09 05:41:58.160000+00:00,56.926143,-158.025423,4.44,0.53,1695,11.408676572513132
2023-02-09 05:42:51.180000+00:00,56.927356,-158.024837,1.45,0.92,1696,11.470986723394136
2023-02-09 06:20:10.430000+00:00,56.92889,-158.023991,3.45,0.81,1697,11.55795199283687
2023-02-09 08:54:28.280000+00:00,56.933809,-158.077507,5.33,0.54,1703,8.594254361000337
2023-02-09 09:24:23.790000+00:00,56.918665,-158.037712,0.47,0.86,1704,10.531928606275827
2023-02-09 09:53:19.380000+00:00,56.936129,-158.030192,4.66,0.29,1707,11.401297991703629
2023-02-09 09:53:42.930000+00:00,56.95885,-157.977832,8.6,0.47,1708,15.26364180477635
2023-02-09 11:05:53.260000+00:00,56.97734,-158.024512,10.75,0.57,1711,13.76822239607939
2023-02-09 12:52:43.550000+00:00,56.859998,-158.102539,17.56,0.69,1714,8.254484631251302
2023-02-09 13:09:31.090000+00:00,56.94526,-157.98571,5.48,0.34,1715,14.289329102888058
2023-02-09 13:46:02.740000+00:00,56.929834,-158.028809,1.66,0.45,1718,11.296354445967642
2023-02-09 13:47:35.050000+00:00,56.92109,-158.043945,2.41,1.35,1719,10.19718197363653
2023-02-09 13:55:10.830000+00:00,56.9302,-158.043229,4.24,0.34,1720,10.455638152141116
2023-02-09 14:18:07.940000+00:00,56.906657,-158.036344,4.6,1.24,1723,10.519488940746543
2023-02-09 14:19:45.080000+00:00,56.867708,-158.203841,4.28,0.34,1724,4.253484106030988
2023-02-09 14:52:30.140000+00:00,56.936426,-158.009733,0.91,0.53,1725,12.60561639129045
2023-02-09 16:33:22.310000+00:00,56.880697,-158.18182,3.16,0.36,1730,3.249370288636229
2023-02-09 17:44:48.080000+00:00,56.936568,-158.003288,5.49,0.37,1731,12.988056646228967
2023-02-09 19:24:47.480000+00:00,56.922241,-158.042529,4.25,0.4,1737,10.304080664937667
2023-02-09 19:31:12.960000+00:00,56.924028,-157.974137,2.79,0.27,1738,14.448978025899878
2023-02-09 19:35:12.200000+00:00,56.945805,-158.014714,5.17,0.48,1740,12.641629487202259
2023-02-09 19:35:39.120000+00:00,56.924422,-158.063477,5.06,0.53,1741,9.103218070372568
2023-02-09 19:36:47.240000+00:00,56.932369,-157.966471,5.46,0.29,1742,15.064385479624802
2023-02-09 19:38:11.520000+00:00,56.919808,-158.050879,4.5,0.47,1743,9.757317916486485
2023-02-09 19:46:54.560000+00:00,56.932446,-158.015413,7.97,0.28,1744,12.15786371183815
2023-02-09 20:50:57.160000+00:00,56.936979,-158.055941,4.99,0.46,1745,9.946974889716296
2023-02-09 21:03:09.440000+00:00,56.999182,-158.281006,21.86,1.36,1746,11.284304979340869
2023-02-09 21:04:11.240000+00:00,56.928703,-158.03986,3.58,0.39,1747,10.612821895001664
2023-02-09 21:11:29.220000+00:00,56.876624,-158.243929,15.88,1.01,1748,3.884338408866118
2023-02-09 22:33:36.580000+00:00,56.950106,-158.045378,5.56,0.38,1749,11.117629437208478
2023-02-09 23:01:21.680000+00:00,56.938436,-158.088558,5.15,0.22,1751,8.18580898183539
2023-02-10 00:02:43.050000+00:00,56.889506,-158.028353,7.12,0.09,1753,11.156962023171292
2023-02-10 00:04:28.500000+00:00,56.942338,-158.00376,1.83,0.46,1754,13.143895498288213
2023-02-10 00:26:38.050000+00:00,56.93573,-158.060661,4.62,0.73,1755,9.629245044138989
2023-02-10 00:27:52.530000+00:00,56.879443,-158.205485,3.07,0.31,1756,2.942869359925407
2023-02-10 01:43:16.070000+00:00,56.890771,-158.272087,0.7,0.28,1758,4.192881869621246
2023-02-10 02:50:13.030000+00:00,56.927209,-157.99764,5.75,0.33,1760,13.092449572205899
2023-02-10 08:29:31.480000+00:00,56.917065,-158.039437,2.45,0.97,1764,10.405074360674053
2023-02-10 09:37:49.230000+00:00,56.91532,-158.04541,3.95,0.87,1766,10.021786365925736
2023-02-10 10:46:18.680000+00:00,56.938688,-158.004606,0.97,0.56,1767,12.974960310819348
2023-02-10 12:59:54.980000+00:00,56.931201,-158.016455,2.64,1.26,1768,12.063260407427729
2023-02-10 13:04:22.740000+00:00,56.935018,-158.019515,8.03,1.22,1769,11.989896651167303
2023-02-10 14:12:32.760000+00:00,56.961267,-158.003906,2.13,0.73,1771,13.930454328311825
2023-02-10 17:50:55.600000+00:00,56.937366,-158.068457,5.04,1.02,1773,9.25276801836467
2023-02-10 22:27:27.200000+00:00,56.940332,-158.017708,1.92,0.91,1777,12.267491423167273
2023-02-10 22:36:53.720000+00:00,56.936918,-158.019596,4.03,1.21,1779,12.04402875835206
2023-02-11 00:06:00.410000+00:00,56.854228,-158.214632,4.23,0.8,1780,5.753196393541556
2023-02-11 00:21:46.330000+00:00,56.860661,-158.098242,4.93,0.5,1781,8.417657461285698
2023-02-11 03:25:17.430000+00:00,56.924064,-157.990788,6.35,1.13,1782,13.44616598440043
2023-02-11 03:54:20.820000+00:00,56.936646,-158.083854,5.56,0.9,1783,8.35975924857795
2023-02-11 05:03:14.520000+00:00,56.828817,-158.204036,5.52,0.67,1785,8.577978231610482
2023-02-11 05:19:08.650000+00:00,56.933232,-158.004232,2.97,0.8,1786,12.839729900805398
2023-02-11 06:20:37.250000+00:00,56.83571,-158.18776,6.78,0.66,1790,7.9117984071705
2023-02-11 06:59:37.330000+00:00,56.979032,-158.030794,6.29,1.09,1791,13.570372419952971
2023-02-11 09:39:26.090000+00:00,56.895268,-158.016943,1.99,0.46,1794,11.761462214071901
2023-02-11 10:31:25.620000+00:00,56.984448,-158.028809,9.34,0.79,1797,14.034737375389039
2023-02-11 10:59:28.750000+00:00,56.887056,-158.021777,3.81,1.27,1799,11.598892841814635
2023-02-11 13:27:01.510000+00:00,56.893534,-158.087549,13.56,0.61,1804,7.525688638288137
2023-02-11 16:57:21.600000+00:00,56.871155,-158.163949,6.39,0.77,1805,4.735483591250398
2023-02-11 17:18:35.360000+00:00,56.923315,-158.029541,3.95,0.74,1807,11.103739692728182
2023-02-11 18:24:42.280000+00:00,56.863354,-158.343896,13.57,0.86,1808,9.4849377646557
2023-02-11 19:07:52.640000+00:00,56.926607,-158.024333,5.74,1.33,1809,11.483998084846364
2023-02-11 20:30:15.700000+00:00,56.884163,-158.254834,2.62,0.64,1812,3.688880568453431
2023-02-11 22:14:32.400000+00:00,56.881055,-158.237158,4.24,0.64,1814,3.2462455948345914
2023-02-12 01:09:39.090000+00:00,56.935567,-158.023356,7.92,0.82,1822,11.781896294715576
2023-02-12 03:53:35.870000+00:00,56.930868,-157.977327,5.36,0.74,1825,14.383579525087871
2023-02-12 04:13:02.700000+00:00,56.863289,-158.224642,3.12,0.43,1826,4.829011058842565
2023-02-12 07:00:29.040000+00:00,56.931287,-158.085368,5.22,0.77,1829,8.046932175951689
2023-02-12 07:02:42.010000+00:00,56.932247,-158.085189,5.27,0.69,1830,8.095320483015136
2023-02-12 07:39:55.900000+00:00,56.92336,-158.058415,3.3,0.73,1831,9.378459849249571
2023-02-12 09:31:22.650000+00:00,56.90815,-158.035059,2.07,0.63,1834,10.600363800252333
2023-02-12 10:18:56.390000+00:00,56.908594,-158.077376,5.33,0.55,1835,8.025011028589356
2023-02-12 14:19:35.780000+00:00,56.919755,-158.094873,5.36,0.85,1837,7.123534144602618
2023-02-12 16:35:04.690000+00:00,56.927856,-158.034554,2.61,0.69,1839,10.905286851132123
2023-02-12 18:42:29.620000+00:00,56.877657,-158.090527,5.59,0.56,1840,7.871528336928855
2023-02-12 19:15:44.160000+00:00,56.937728,-158.088086,6.11,0.82,1842,8.177049361642515
2023-02-12 19:48:22.680000+00:00,56.947754,-158.015999,4.0,0.57,1845,12.646705064012762
2023-02-12 21:18:34.040000+00:00,56.932768,-158.006673,0.7,0.56,1847,12.683123607966762
2023-02-13 09:07:22.620000+00:00,56.93914,-158.01403,4.32,0.61,1860,12.440303272708734
2023-02-13 09:30:21.920000+00:00,56.943896,-157.98903,3.94,0.66,1861,14.0507240136476
2023-02-13 11:28:41.910000+00:00,56.954858,-158.008236,0.92,0.54,1863,13.38888884102124
2023-02-13 14:31:00.200000+00:00,56.881258,-158.159766,6.48,0.36,1866,4.058642927214538
2023-02-13 18:47:20.360000+00:00,56.934729,-158.012174,2.08,0.57,1871,12.412446171968677
2023-02-13 19:34:33.960000+00:00,56.9592,-158.003109,10.05,0.77,1874,13.874068690773932
2023-02-13 20:12:59.240000+00:00,56.927539,-157.983724,4.43,0.78,1875,13.933009714702669
2023-02-13 22:18:49.440000+00:00,56.9368,-158.01416,7.3,0.81,1877,12.357792014930684
2023-02-13 22:42:25.600000+00:00,56.933968,-158.066829,4.34,0.65,1878,9.209260794835098
2023-02-14 00:18:49.060000+00:00,56.920186,-158.03916,2.59,0.92,1881,10.468919241490639
2023-02-14 01:46:39.320000+00:00,56.971318,-158.082129,7.29,1.19,1883,10.624276456511764
2023-02-14 01:59:23.270000+00:00,56.954683,-158.011068,7.36,0.5,1885,13.223645835503827
2023-02-14 02:08:51.370000+00:00,56.936145,-157.987321,6.41,0.68,1886,13.916933757358153
2023-02-14 02:11:52.580000+00:00,56.929565,-158.107666,6.23,0.84,1887,6.715332178236487
2023-02-14 02:18:00.850000+00:00,56.973991,-157.997412,11.38,1.27,1888,14.951325349801547
2023-02-14 02:45:21.710000+00:00,56.925562,-158.101676,6.04,0.65,1890,6.897538292304121
2023-02-14 03:58:05.490000+00:00,56.934469,-158.018197,2.66,0.59,1894,12.050914872125137
2023-02-14 04:08:34.650000+00:00,56.919845,-158.061344,4.55,0.85,1895,9.12931932770272
2023-02-14 05:08:03.940000+00:00,56.930184,-158.006576,6.41,0.61,1897,12.624272753987063
2023-02-14 06:23:33.660000+00:00,56.931124,-158.069043,4.39,1.15,1900,8.978453664059769
2023-02-14 08:14:43.070000+00:00,56.874662,-158.182959,6.32,0.79,1903,3.813473343967722
2023-02-14 08:32:29.570000+00:00,56.864827,-158.162402,4.93,0.9,1904,5.37463710081392
2023-02-14 09:59:08.050000+00:00,56.889465,-158.022152,3.91,1.2,1906,11.530702453935461
2023-02-14 10:18:40.430000+00:00,56.887419,-158.040902,5.41,0.53,1907,10.44648597492701
2023-02-14 10:24:47.390000+00:00,56.938529,-158.092692,5.51,0.68,1908,7.965735149970473
2023-02-14 17:04:32.800000+00:00,56.940238,-158.020605,8.14,0.92,1916,12.09678054235241
2023-02-14 17:48:51.040000+00:00,56.921602,-158.101514,5.46,0.63,1917,6.779619811380443
2023-02-14 17:57:51.240000+00:00,56.899703,-158.084945,5.83,0.61,1918,7.589177895663176
2023-02-14 17:58:14.380000+00:00,56.93857,-158.021598,7.96,0.78,1919,11.981813692683314
2023-02-14 18:28:27.680000+00:00,56.92502,-158.012891,1.91,1.83,1921,12.135230863609438
2023-02-14 20:10:28.480000+00:00,56.891768,-158.279232,1.39,0.65,1927,4.5560678188002335
2023-02-14 20:19:20.200000+00:00,56.893913,-158.199837,4.95,0.79,1929,1.4366532649771864
2023-02-15 00:13:49.200000+00:00,56.853353,-158.130583,5.87,0.9,1933,7.547683660533825
2023-02-15 03:24:01.320000+00:00,56.920894,-158.09637,5.38,0.53,1937,7.063571279961547
2023-02-15 05:41:06.740000+00:00,56.922827,-157.993538,5.82,0.98,1939,13.260430873326188
2023-02-15 07:53:46.610000+00:00,56.935522,-158.026286,7.74,0.73,1941,11.609348580378192
2023-02-15 14:24:55.470000+00:00,56.912179,-158.034701,3.72,0.77,1944,10.642106335937838
2023-02-15 16:30:29.640000+00:00,56.884896,-158.259473,2.48,0.7,1946,3.857499968712962
2023-02-15 19:03:13.400000+00:00,56.881169,-158.24012,2.69,0.73,1949,3.3347378029144967
2023-02-15 21:05:05.600000+00:00,56.941736,-158.004362,7.11,0.78,1952,13.088485104741029
2023-02-15 22:56:10.480000+00:00,56.956681,-157.994678,2.36,0.62,1955,14.225880800071582
2023-02-15 23:05:21.880000+00:00,56.952258,-158.021257,6.51,0.43,1956,12.547458182204647
2023-02-16 01:14:39.810000+00:00,56.854818,-158.208805,4.17,0.27,1961,5.67725220132065
2023-02-16 01:21:44.410000+00:00,56.872563,-157.927897,2.97,1.37,1962,17.529175766205814
2023-02-16 01:48:27.930000+00:00,56.88669,-158.036702,5.57,0.27,1963,10.713522004667341
2023-02-16 01:50:07.710000+00:00,56.92255,-158.093734,6.29,0.35,1964,7.264624884611346
2023-02-16 04:05:13.560000+00:00,56.919161,-158.049235,3.07,0.69,1968,9.845123130941902
2023-02-16 04:17:24.640000+00:00,56.862887,-157.95638,9.38,0.64,1969,16.12424767789308
2023-02-16 04:33:10.690000+00:00,56.93256,-157.980241,6.18,0.97,1970,14.247423559525712
2023-02-16 05:31:44.720000+00:00,56.883541,-158.261719,2.1,0.3,1973,4.057922016006879
2023-02-16 08:57:00.590000+00:00,56.867814,-158.200667,4.38,0.51,1980,4.260427836425331
2023-02-16 11:29:58.630000+00:00,56.95024,-158.031006,9.27,0.48,1981,11.914345839241877
2023-02-16 12:52:40.490000+00:00,56.911686,-158.05363,5.73,0.55,1987,9.487939306884199
2023-02-16 12:56:20.750000+00:00,56.849296,-158.211084,3.87,0.45,1988,6.293437188663159
2023-02-16 13:46:16.070000+00:00,56.91908,-158.013444,0.88,0.29,1989,12.003701720236762
2023-02-16 15:06:27.350000+00:00,56.885527,-158.190413,6.33,0.44,1991,2.52579932424598
2023-02-16 15:12:35.220000+00:00,56.933883,-158.008626,1.87,0.44,1993,12.597663534000182
2023-02-16 15:45:27.920000+00:00,56.854736,-158.187939,5.9,0.34,1996,5.8295410944392945
2023-02-16 16:17:43.760000+00:00,56.927816,-157.97041,2.99,0.8,1999,14.737323816350138
2023-02-16 18:08:25.960000+00:00,56.914246,-158.016064,2.72,0.68,2002,11.790992386678436
2023-02-16 19:58:33.480000+00:00,56.935583,-157.994368,5.92,0.68,2007,13.485578212333625
2023-02-16 20:01:26.560000+00:00,56.8967,-158.133008,6.77,0.83,2008,4.740013709332402
2023-02-16 20:39:41.880000+00:00,56.891353,-158.086458,7.4,0.21,2009,7.638726168769526
2023-02-16 20:42:04.180000+00:00,56.886564,-158.267204,0.5,0.47,2010,4.143660832867188
2023-02-16 21:38:08.560000+00:00,56.849141,-158.172428,6.34,0.45,2012,6.691859567819724
2023-02-17 01:18:29.030000+00:00,56.89093,-158.273665,2.76,0.64,2014,4.274323334864025
2023-02-17 02:31:50.010000+00:00,56.865527,-158.110091,6.13,0.78,2016,7.514356522768238
2023-02-17 04:49:53.390000+00:00,56.956974,-157.997184,5.85,0.88,2017,14.099170387348233
2023-02-17 07:41:54.350000+00:00,56.864506,-157.959229,10.0,1.47,2019,15.905085744329487
2023-02-17 11:38:43.380000+00:00,56.877645,-158.21001,3.36,1.59,2021,3.135886890937195
2023-02-17 13:26:15.510000+00:00,56.915889,-158.042546,1.97,1.37,2023,10.201999525489914
2023-02-17 14:55:03.720000+00:00,56.867403,-158.023633,8.44,2.87,2024,12.081342341368567
2023-02-17 18:06:12.400000+00:00,56.995284,-158.143604,9.47,0.99,2028,10.73008902294949
2023-02-17 18:39:07.440000+00:00,56.866838,-158.017383,17.77,0.97,2030,12.460245927430195
2023-02-17 18:39:45.560000+00:00,56.884094,-158.186426,6.15,1.12,2031,2.7812217772337995
2023-02-17 18:46:46.280000+00:00,56.937874,-158.000684,2.05,0.75,2032,13.17954430836485
2023-02-17 18:50:09.560000+00:00,56.929358,-157.986702,4.59,0.72,2033,13.791190575166713
2023-02-17 19:02:35.720000+00:00,56.882589,-158.184977,5.88,0.71,2034,2.9705778201366466
2023-02-17 20:08:10.720000+00:00,56.924613,-158.030094,3.91,0.51,2036,11.096773491123505
2023-02-17 23:40:30.480000+00:00,56.89775,-158.138574,7.18,0.82,2039,4.3838437390247424
2023-02-17 23:49:04.040000+00:00,56.908455,-158.110758,6.81,0.57,2041,5.992542871261611
2023-02-18 00:19:46.340000+00:00,56.890031,-158.15887,7.15,0.29,2043,3.523583346356188
2023-02-18 00:34:40.640000+00:00,56.921525,-158.032259,0.46,0.93,2046,10.907278164398528
2023-02-18 01:09:44.620000+00:00,56.89421,-158.147396,5.15,1.22,2048,3.969521859981196
2023-02-18 03:10:44.930000+00:00,56.928906,-158.072038,4.96,1.06,2053,8.7297314247679
2023-02-18 06:54:09.880000+00:00,56.934928,-158.12404,5.6,0.75,2056,6.106872341947844
2023-02-18 08:54:42.970000+00:00,56.953809,-158.005176,4.14,0.83,2058,13.512715062290251
2023-02-18 10:20:20.070000+00:00,56.896659,-158.09624,8.46,0.79,2060,6.945809225134964
2023-02-18 10:37:55.240000+00:00,56.898653,-158.089014,8.16,0.57,2061,7.354114877287081
2023-02-18 11:22:00.470000+00:00,56.838708,-158.190983,7.37,1.12,2063,7.551554477519989
2023-02-18 12:04:33.590000+00:00,56.928267,-158.057845,3.14,0.83,2064,9.540343865274787
2023-02-18 15:06:29.760000+00:00,56.939909,-158.027425,8.05,0.71,2066,11.691715441919595
2023-02-18 15:13:22.050000+00:00,56.960588,-158.020345,8.11,0.9,2068,13.005402318598795
2023-02-18 16:04:36.450000+00:00,56.979228,-158.046029,9.02,1.01,2070,12.855144394080128
2023-02-18 16:06:13.160000+00:00,56.92369,-158.034554,2.31,1.33,2071,10.810836974015288
2023-02-18 16:06:49.230000+00:00,56.950895,-158.077246,5.37,0.84,2072,9.464451906008359
2023-02-18 16:13:21.800000+00:00,56.912667,-157.995199,2.79,0.6,2073,13.047193308514771
2023-02-18 16:13:37.220000+00:00,56.937496,-158.035954,4.47,1.11,2074,11.113845685579077
2023-02-18 21:46:06.200000+00:00,56.885579,-158.03304,9.07,1.5,2081,10.957241955516155
2023-02-19 04:49:01.300000+00:00,56.909717,-158.063721,4.6,0.96,2087,8.86149458527742
2023-02-19 04:57:19.650000+00:00,56.916549,-158.072298,5.62,1.12,2088,8.413048529264065
2023-02-19 06:43:54.200000+00:00,56.926697,-157.990348,4.94,1.04,2091,13.5195671984066
2023-02-19 07:48:32.330000+00:00,56.915393,-158.027262,3.05,0.32,2094,11.122502616196636
2023-02-19 09:34:50.490000+00:00,56.949931,-157.988542,6.89,0.9,2099,14.294911114182938
2023-02-19 09:36:42.780000+00:00,56.871086,-158.158724,2.24,0.79,2100,4.9330247964761496
2023-02-19 10:13:56.730000+00:00,56.929822,-158.071859,4.8,0.51,2102,8.770623830934554
2023-02-19 10:18:13.670000+00:00,56.932699,-158.059261,4.64,0.19,2103,9.599004007568505
2023-02-19 10:19:59.600000+00:00,56.931344,-158.082438,4.54,0.57,2104,8.216346196116213
2023-02-19 10:22:17.670000+00:00,56.938444,-158.074609,4.85,0.45,2105,8.955283369459682
2023-02-19 10:51:18.820000+00:00,56.970516,-158.03138,4.12,0.81,2106,12.993887437282169
2023-02-19 10:55:15.990000+00:00,56.93807,-158.069857,4.31,0.67,2108,9.204207741297747
2023-02-19 10:58:26.180000+00:00,56.929175,-158.02596,3.34,0.96,2109,11.448195947545475
2023-02-19 11:02:47.700000+00:00,56.929952,-157.968604,4.8,0.76,2111,14.88651969479043
2023-02-19 11:03:01.010000+00:00,56.940523,-157.987028,6.4,0.75,2112,14.05967044887877
2023-02-19 11:06:12.840000+00:00,56.954272,-157.993831,7.16,0.75,2114,14.169234791762188
2023-02-19 12:33:39.410000+00:00,56.945304,-158.000277,2.46,0.7,2117,13.449639280573958
2023-02-19 13:33:45.280000+00:00,56.95437,-158.018587,2.59,0.54,2120,12.793089135596349
2023-02-19 16:35:16.850000+00:00,56.887895,-158.020768,5.0,0.41,2125,11.642893842338609
2023-02-19 17:02:28.880000+00:00,56.859119,-158.247168,8.8,0.72,2127,5.695306591990923
2023-02-19 17:04:17.640000+00:00,56.935238,-158.045443,3.84,0.31,2128,10.486457675037586
2023-02-19 17:08:45.860000+00:00,56.923877,-158.06875,5.46,0.62,2129,8.776728352815756
2023-02-19 17:20:56.600000+00:00,56.925171,-157.998568,5.56,0.65,2130,12.997633195032924
2023-02-19 22:47:53.200000+00:00,56.914714,-158.115023,16.37,2.33,2152,5.810347954122555
2023-02-19 23:08:48.840000+00:00,56.924723,-158.010498,1.89,1.79,2154,12.273055784197737
2023-02-19 23:20:15.640000+00:00,56.923189,-158.040527,2.32,0.87,2156,10.443039812778142
2023-02-19 23:44:10.440000+00:00,56.937008,-158.054574,5.54,0.27,2158,10.02614681740293
2023-02-19 23:48:15+00:00,56.932227,-158.073324,5.28,0.38,2159,8.771625054916715
2023-02-20 00:40:00.550000+00:00,56.932011,-158.005729,5.78,0.23,2163,12.719502116600435
2023-02-20 01:31:17.950000+00:00,56.926803,-158.061833,4.31,0.4,2168,9.263836188049336
2023-02-20 01:57:53.590000+00:00,56.950476,-157.998926,2.63,0.72,2170,13.724691408066997
2023-02-20 04:51:55+00:00,56.927258,-158.060221,4.22,0.77,2174,9.371610263714734
2023-02-20 05:31:06.730000+00:00,56.930351,-158.000049,0.7,0.47,2176,13.016646267689378
2023-02-20 05:33:33.580000+00:00,56.926701,-158.076074,4.28,0.54,2177,8.424249268883298
2023-02-20 07:23:38.690000+00:00,56.951152,-157.9993,4.51,0.38,2180,13.730871869607766
2023-02-20 08:21:41.190000+00:00,56.933346,-158.084212,4.78,0.31,2182,8.195686382581469
2023-02-20 10:24:43.420000+00:00,56.908858,-158.056885,4.08,0.65,2188,9.273579298343783
2023-02-20 10:36:31.740000+00:00,56.948336,-157.996126,2.91,0.5,2189,13.800470790208664
2023-02-20 11:56:12.150000+00:00,56.939958,-158.000781,0.72,0.85,2192,13.238323855215333
2023-02-20 12:38:01.150000+00:00,56.936951,-158.058073,4.83,0.42,2194,9.824308580392591
2023-02-20 13:40:05.730000+00:00,56.946134,-158.099512,5.76,0.34,2196,8.038854681385924
2023-02-20 13:45:18.050000+00:00,56.884342,-158.259896,2.02,0.14,2198,3.915447010699119
2023-02-20 14:17:36.080000+00:00,56.938057,-157.973226,4.55,0.34,2199,14.800985213478175
2023-02-20 14:29:48.470000+00:00,56.923059,-158.01875,2.83,0.95,2200,11.746722378411608
2023-02-20 14:45:03.190000+00:00,56.938253,-158.066081,4.86,0.04,2202,9.424117510250097
2023-02-20 14:45:54.660000+00:00,56.930143,-158.05446,4.17,0.13,2203,9.794968544700696
2023-02-20 15:15:26.960000+00:00,56.927816,-158.047542,3.8,0.94,2204,10.135035730379773
2023-02-20 15:18:42.680000+00:00,56.957528,-158.33724,11.45,0.93,2205,9.7026770821033
2023-02-20 15:46:46.640000+00:00,56.886532,-158.012158,2.01,-0.03,2207,12.18619131713292
2023-02-20 16:09:18.310000+00:00,56.947827,-158.005811,2.9,0.17,2209,13.228032555071554
2023-02-20 16:36:23.460000+00:00,56.903137,-158.043311,4.49,0.54,2212,10.0994216776162
2023-02-20 16:54:45.260000+00:00,56.896672,-158.108659,3.21,0.56,2213,6.198005401120675
2023-02-20 17:06:40.660000+00:00,56.880623,-158.126595,6.47,-0.2,2214,5.7518404285806355
2023-02-20 17:14:22.620000+00:00,56.950163,-158.018506,4.34,0.39,2216,12.607312675210562
2023-02-20 17:16:29.920000+00:00,56.930815,-158.021403,1.85,1.16,2217,11.760318310568131
2023-02-20 17:16:56.400000+00:00,56.929427,-158.066178,4.81,0.45,2218,9.087968388541725
2023-02-20 17:27:36.720000+00:00,56.937248,-158.028988,3.79,0.65,2220,11.50849979473301
2023-02-20 17:31:33.880000+00:00,56.883044,-158.224089,5.43,0.18,2221,2.6957579762310564
2023-02-20 17:34:23.440000+00:00,56.929305,-158.063021,4.88,0.38,2222,9.268350421838207
2023-02-20 18:21:55.600000+00:00,56.886088,-158.017757,3.44,0.03,2224,11.859583761477587
2023-02-20 18:28:15.080000+00:00,56.890621,-158.083008,5.83,0.27,2225,7.861565336769709
2023-02-20 18:40:07.720000+00:00,56.939555,-158.013525,5.46,0.11,2228,12.483433429947388
2023-02-20 18:44:07.680000+00:00,56.932764,-158.063688,4.04,0.21,2229,9.345541837807229
2023-02-20 18:48:52.080000+00:00,56.867578,-158.136914,3.2,1.5,2230,6.117566644328168
2023-02-20 18:56:45.860000+00:00,56.846724,-158.198096,5.64,0.26,2232,6.612076211398492
2023-02-20 19:04:10.460000+00:00,56.931718,-157.994775,5.55,0.06,2233,13.362685147250234
2023-02-20 19:50:07.860000+00:00,56.917741,-158.030355,6.82,-0.05,2235,10.963262930490895
2023-02-20 20:26:53.840000+00:00,56.906311,-158.281217,7.79,0.05,2238,4.400205491358231
2023-02-20 22:06:37.360000+00:00,56.946472,-158.005452,2.69,0.25,2241,13.196144259448205
2023-02-20 22:19:57.260000+00:00,56.88833,-158.025781,2.28,0.04,2242,11.333555207943771
2023-02-20 22:21:21.760000+00:00,56.90201,-158.179964,6.52,0.47,2243,1.8187725592919834
2023-02-20 22:36:45.520000+00:00,56.883057,-158.180013,6.0,0.07,2245,3.087874904322228
2023-02-20 22:38:27.760000+00:00,56.886825,-158.118864,6.78,-0.26,2246,5.885384016247304
2023-02-20 23:56:11.040000+00:00,56.928373,-158.039079,3.39,1.23,2252,10.650313506597229
2023-02-21 00:39:26.920000+00:00,56.886601,-158.159766,7.13,0.04,2254,3.6841798365321248
2023-02-21 00:56:29.450000+00:00,56.955269,-158.09974,8.46,0.24,2257,8.637153272426753
2023-02-21 01:15:28.080000+00:00,56.920178,-158.037581,2.41,0.45,2259,10.56384576504789
2023-02-21 01:22:52.090000+00:00,56.95422,-158.001774,4.29,0.3,2260,13.721051723210824
2023-02-21 01:33:29.680000+00:00,56.927043,-158.057357,4.45,0.33,2261,9.534446426876842
2023-02-21 01:33:43.360000+00:00,56.936894,-157.954199,4.83,0.54,2262,15.899084581964646
2023-02-21 01:37:10.890000+00:00,56.846842,-158.244596,4.78,0.03,2263,6.914876177207626
2023-02-21 01:41:23.450000+00:00,56.940194,-157.980111,5.72,0.44,2264,14.455426419597298
2023-02-21 02:22:54.220000+00:00,56.932666,-158.026465,3.9,0.2,2268,11.512592099991998
2023-02-21 02:28:03.820000+00:00,56.93855,-158.095801,5.86,0.22,2270,7.7989535097447655
2023-02-21 03:03:15.300000+00:00,56.934371,-158.000488,4.38,0.68,2271,13.091374766053514
2023-02-21 03:10:44+00:00,56.874068,-158.073421,5.88,0.57,2274,8.987534349871687
2023-02-21 03:15:19.440000+00:00,56.926066,-157.968864,4.26,0.23,2276,14.799553154580314
2023-02-21 03:27:03.240000+00:00,56.921395,-158.004199,4.36,1.25,2279,12.595326273401454
2023-02-21 04:03:53.100000+00:00,56.937646,-158.011589,1.83,0.12,2281,12.534407302345109
2023-02-21 04:30:26.990000+00:00,56.944889,-158.035889,7.71,0.28,2286,11.404758261638806
2023-02-21 05:06:12.160000+00:00,56.923958,-158.030078,2.33,0.54,2291,11.084286533719613
2023-02-21 05:51:13.780000+00:00,56.913208,-158.05708,7.55,0.59,2296,9.291599885490243
2023-02-21 06:12:07.310000+00:00,56.916292,-158.023649,1.69,0.14,2302,11.351332772082007
2023-02-21 06:59:23.250000+00:00,56.932218,-158.081706,5.51,0.4,2306,8.29212915344892
2023-02-21 08:06:25.210000+00:00,56.940861,-158.087777,5.28,0.22,2311,8.351028949885473
2023-02-21 08:52:18.700000+00:00,56.884802,-158.26237,2.0,0.01,2313,4.005804876609117
2023-02-21 09:34:25.390000+00:00,56.880562,-158.247803,4.08,0.17,2316,3.673060090822568
2023-02-21 09:43:11.960000+00:00,56.923263,-158.035889,2.94,0.51,2318,10.72225712780322
2023-02-21 09:44:32.140000+00:00,56.949772,-158.008512,3.48,0.21,2319,13.153123313113712
2023-02-21 09:46:29.980000+00:00,56.925785,-158.052279,3.65,0.47,2320,9.801769500936304
2023-02-21 10:04:53.640000+00:00,56.861222,-158.180029,3.34,0.23,2321,5.26892498244228
2023-02-21 10:24:16.610000+00:00,56.93245,-158.017643,7.91,0.73,2325,12.02631009295526
2023-02-21 10:33:34.250000+00:00,56.957471,-158.006331,0.97,0.33,2327,13.614869371459127
2023-02-21 11:48:09.070000+00:00,56.937764,-158.081429,5.98,0.25,2331,8.545613466756265
2023-02-21 12:56:47.020000+00:00,56.908264,-158.062565,4.13,0.8,2333,8.925570866061035
2023-02-21 13:00:29.420000+00:00,56.935579,-158.09694,5.07,0.15,2334,7.587628748855296
2023-02-21 13:36:02.910000+00:00,56.947168,-158.008984,7.6,0.38,2337,13.021457445447195
2023-02-21 15:02:42.860000+00:00,56.935246,-158.020524,7.7,0.25,2342,11.937679701800045
2023-02-21 15:42:49.510000+00:00,56.931807,-158.062777,4.35,0.32,2345,9.364704218189205
2023-02-21 16:16:40.300000+00:00,56.922546,-158.036263,2.02,0.58,2347,10.685731348517553
2023-02-21 19:45:59.780000+00:00,56.941699,-158.074756,5.72,0.71,2348,9.100083796283188
2023-02-21 20:15:36.680000+00:00,56.93387,-158.060645,4.73,0.77,2349,9.56066095653263
2023-02-21 23:11:47.160000+00:00,56.928149,-158.013428,1.97,1.85,2352,12.169000251736252
2023-02-22 02:52:55.200000+00:00,56.929989,-158.084863,5.32,0.63,2356,8.026184871851775
2023-02-22 06:31:34.840000+00:00,56.931222,-158.079215,5.0,0.98,2360,8.396199831371481
2023-02-22 06:34:19.910000+00:00,56.92371,-158.045833,2.6,0.88,2361,10.136813124143282
2023-02-22 07:28:06.590000+00:00,56.946924,-158.064681,5.13,0.69,2362,9.909539704724653
2023-02-22 07:28:18.100000+00:00,56.944804,-158.085205,5.51,0.67,2363,8.700126505899279
2023-02-22 08:35:42.640000+00:00,56.93031,-158.039648,4.01,2.11,2367,10.66951103836438
2023-02-22 08:36:27.580000+00:00,56.933907,-158.059245,4.96,0.65,2368,9.642611602178306
2023-02-22 08:41:54.040000+00:00,56.92819,-158.071322,4.24,0.36,2369,8.748432680828492
2023-02-22 09:38:21.250000+00:00,56.861918,-158.235791,0.58,1.12,2370,5.152308177036534
2023-02-22 10:34:51.440000+00:00,56.869527,-158.241878,12.76,0.52,2372,4.509120304822315
2023-02-22 11:41:32.310000+00:00,56.886202,-158.027669,5.01,0.32,2375,11.2640390860689
2023-02-22 14:39:02.990000+00:00,56.903333,-158.203385,6.47,0.57,2378,0.4387594352449843
2023-02-22 15:55:00.910000+00:00,56.90531,-158.066097,6.46,0.56,2379,8.706684794455198
2023-02-22 16:31:32+00:00,56.854431,-158.210205,4.0,0.64,2380,5.720806754249403
2023-02-22 17:31:48.680000+00:00,56.935616,-158.090088,5.63,0.59,2381,7.966762603707541
2023-02-22 18:38:12.320000+00:00,56.952173,-157.990137,6.63,0.63,2382,14.291680274231556
2023-02-22 18:47:41.320000+00:00,56.93116,-158.076953,4.98,0.6,2384,8.523742468754017
2023-02-22 20:49:51.560000+00:00,56.93136,-158.054622,4.54,0.91,2388,9.823747205468681
2023-02-22 20:51:46.400000+00:00,56.924772,-158.044108,3.5,1.79,2389,10.263401853752056
2023-02-22 20:52:27.520000+00:00,56.962585,-158.003662,2.6,0.89,2390,14.00920773310181
2023-02-22 20:55:09.120000+00:00,56.982015,-158.13623,6.71,0.93,2392,9.57336094991567
2023-02-23 01:17:42.750000+00:00,56.930098,-158.012842,6.37,1.15,2398,12.249739419089847
2023-02-23 03:10:48.940000+00:00,56.923767,-158.038525,3.54,1.11,2400,10.574804050082285
2023-02-23 03:29:39.780000+00:00,56.900566,-158.138558,5.93,0.66,2401,4.331418759338353
2023-02-23 04:01:28.450000+00:00,56.93116,-158.081494,5.13,0.84,2402,8.263301711332407
2023-02-23 06:01:08.410000+00:00,56.934521,-158.259945,7.13,0.77,2405,4.455987271200998
2023-02-23 06:51:20.940000+00:00,56.919845,-157.994173,3.91,1.28,2407,13.179146860304295
2023-02-23 06:53:43.970000+00:00,56.932336,-158.057406,4.88,0.93,2408,9.694046983747194
2023-02-23 06:54:38.650000+00:00,56.938114,-158.016455,2.78,1.48,2409,12.265582437786048
2023-02-23 07:01:42.770000+00:00,56.929806,-158.017171,6.59,0.75,2411,11.985482045584845
2023-02-23 07:02:34.970000+00:00,56.931759,-158.027637,8.2,0.76,2412,11.417820778891524
2023-02-23 07:12:52.990000+00:00,56.920451,-158.01333,0.78,0.66,2414,12.030129013119849
2023-02-23 08:27:13.440000+00:00,56.920785,-158.01377,2.19,1.02,2421,12.00863444428577
2023-02-23 08:28:53.790000+00:00,56.920374,-158.005208,5.48,0.87,2422,12.519376882021966
2023-02-23 08:51:45.730000+00:00,56.93833,-158.01473,4.18,0.43,2426,12.37303762576791
2023-02-23 09:25:11.270000+00:00,56.93184,-158.034359,3.89,0.5,2432,11.02460481244664
2023-02-23 09:28:51.910000+00:00,56.921659,-158.014372,2.2,0.65,2433,11.986137383013128
2023-02-23 09:49:11.630000+00:00,56.857906,-158.116439,6.67,1.06,2438,7.764512845207178
2023-02-23 10:24:58.360000+00:00,56.970268,-158.011117,3.78,0.57,2445,14.022814256027802
2023-02-23 11:02:16.940000+00:00,56.888489,-158.190413,7.06,0.34,2447,2.2358622281328766
2023-02-23 11:33:10.580000+00:00,56.936381,-158.000488,0.77,0.66,2450,13.147235973091453
2023-02-23 11:54:12.890000+00:00,56.8849,-158.262386,2.09,0.55,2451,4.000234000792943
2023-02-23 12:30:46.060000+00:00,56.939315,-158.007796,2.35,0.6,2453,12.808781789469657
2023-02-23 12:39:43.410000+00:00,56.858972,-158.103271,6.45,1.27,2454,8.29089400668378
2023-02-23 13:17:37.360000+00:00,56.92535,-158.001921,5.34,0.65,2455,12.799625317421825
2023-02-23 13:27:35.950000+00:00,56.952177,-158.047396,4.61,0.61,2457,11.112693705378552
2023-02-23 13:45:50.100000+00:00,56.848889,-158.233919,5.39,0.37,2460,6.517059638364199
2023-02-23 15:24:59.160000+00:00,56.92063,-158.014779,1.85,0.67,2464,11.945397963013917
2023-02-23 16:47:32.980000+00:00,56.954415,-158.010254,7.59,0.72,2469,13.256652460499724
2023-02-23 17:01:55.680000+00:00,56.932239,-158.062956,4.92,0.45,2471,9.369294119440204
2023-02-23 17:48:53+00:00,56.95328,-157.998405,2.0,0.47,2475,13.86981649145842
2023-02-23 17:55:07.400000+00:00,56.937756,-158.016846,2.82,0.41,2477,12.231215942516378
2023-02-23 19:01:17.520000+00:00,56.920715,-158.089128,5.34,0.53,2483,7.488340159993668
2023-02-23 19:10:47.820000+00:00,56.951538,-157.993994,7.34,0.55,2486,14.047268308583515
2023-02-23 19:11:14.400000+00:00,56.934139,-158.084717,5.33,0.45,2487,8.200675231167263
2023-02-23 19:11:51.640000+00:00,56.91991,-158.048193,3.92,1.04,2488,9.920643011292988
2023-02-23 19:43:25.240000+00:00,56.938741,-157.997575,0.97,0.41,2493,13.387881419118314
2023-02-23 19:44:51.920000+00:00,56.933171,-157.997331,5.33,0.5,2494,13.246777658949464
2023-02-23 19:55:45.820000+00:00,56.948519,-158.057161,4.64,0.81,2496,10.397666327168968
2023-02-23 21:03:12.980000+00:00,56.924019,-157.984424,4.02,0.81,2498,13.828737981029432
2023-02-23 21:06:43.740000+00:00,56.927185,-158.023649,2.28,0.88,2499,11.537833253990259
2023-02-23 21:14:17.540000+00:00,56.941789,-158.007845,6.25,0.75,2501,12.88852919871526
2023-02-23 21:40:14.640000+00:00,56.895658,-158.205745,6.41,0.16,2504,1.1466774063498366
2023-02-23 22:31:21.300000+00:00,56.854468,-158.255257,10.03,0.68,2506,6.374046585079587
2023-02-23 23:35:59.080000+00:00,56.864229,-157.983757,7.26,1.45,2508,14.490060787318184
2023-02-24 01:20:13.630000+00:00,56.892216,-158.128597,4.56,0.24,2512,5.127695952244177
2023-02-24 03:16:21.180000+00:00,56.931514,-158.001286,3.89,0.39,2515,12.970778616813174
2023-02-24 03:18:20.370000+00:00,56.913322,-158.145589,5.46,-0.07,2516,3.9527404599305918
2023-02-24 03:46:51.830000+00:00,56.940637,-158.015592,8.87,0.79,2520,12.400459620924053
2023-02-24 03:49:15.920000+00:00,56.933903,-158.060124,4.96,0.33,2521,9.591847653031675
2023-02-24 04:52:05.210000+00:00,56.941435,-157.977897,2.83,0.27,2523,14.622151360021476
2023-02-24 06:32:25.460000+00:00,56.925411,-158.025846,2.82,0.32,2526,11.367592269782094
2023-02-24 06:32:52.680000+00:00,56.944922,-157.998975,4.72,0.49,2527,13.510871692612778
2023-02-24 06:56:34.810000+00:00,56.919698,-158.044971,3.4,0.56,2531,10.110866171917065
2023-02-24 07:02:41.550000+00:00,56.965002,-158.021419,8.16,0.4,2534,13.185858266332408
2023-02-24 07:10:00.130000+00:00,56.918339,-158.021208,0.84,0.87,2536,11.524333007699228
2023-02-24 07:21:58.930000+00:00,56.886609,-158.01224,2.84,0.19,2538,12.179752672509593
2023-02-24 07:50:45.830000+00:00,56.944523,-157.990902,5.18,0.44,2540,13.963389917104735
2023-02-24 08:08:51.170000+00:00,56.928402,-158.039355,3.69,1.21,2542,10.634738724420304
2023-02-24 09:39:40.760000+00:00,56.818502,-158.200846,5.51,0.37,2546,9.733993587835476
2023-02-24 11:07:46.180000+00:00,56.885734,-158.022852,3.39,0.12,2550,11.562200291163153
2023-02-24 11:25:55.720000+00:00,56.90815,-158.103385,6.86,-0.16,2551,6.4397793320137815
2023-02-24 11:26:36.050000+00:00,56.952783,-158.083968,5.86,0.75,2552,9.237381232314023
2023-02-24 12:35:50.150000+00:00,56.936251,-158.058073,4.95,0.24,2554,9.79713652555546
2023-02-24 13:50:54.350000+00:00,56.942993,-158.047087,4.35,0.27,2555,10.694334307724391
2023-02-24 13:55:39.780000+00:00,56.883732,-158.177393,5.94,0.17,2556,3.1224141457661476
2023-02-24 16:20:07.160000+00:00,56.921724,-158.000553,3.89,0.48,2561,12.820290901277579
2023-02-24 16:29:24.980000+00:00,56.934106,-158.010693,3.93,0.01,2563,12.48197039855809
2023-02-24 23:19:34.520000+00:00,56.866223,-158.212467,4.2,0.5,2578,4.412273255244185
2023-02-25 00:05:04.670000+00:00,56.903227,-158.201107,5.14,2.04,2580,0.5597890035802744
2023-02-25 02:45:07.100000+00:00,56.852022,-158.217464,3.84,0.79,2587,6.010787634624947
2023-02-25 04:57:21.160000+00:00,56.984546,-158.034668,9.59,0.62,2590,13.76483960507625
2023-02-25 05:24:30.870000+00:00,56.927531,-158.047526,4.02,1.03,2591,10.128388012800547
2023-02-25 05:41:18.930000+00:00,56.887463,-158.004687,1.81,0.44,2592,12.617279635490377
2023-02-25 06:32:55.680000+00:00,56.919019,-157.990251,4.41,0.86,2595,13.406128420352859
2023-02-25 07:17:24.350000+00:00,56.918022,-158.036768,4.36,0.7,2601,10.57954061752298
2023-02-25 07:18:43.560000+00:00,56.919421,-157.990023,3.72,0.98,2602,13.424846049682062
2023-02-25 07:22:04.490000+00:00,56.921033,-158.165299,3.65,0.86,2604,3.156515372516952
2023-02-25 07:25:33.700000+00:00,56.931824,-158.18833,5.02,0.86,2606,3.1596157818379758
2023-02-25 07:32:44.960000+00:00,56.931795,-158.028385,8.27,0.86,2609,11.374768793559062
2023-02-25 07:36:11.560000+00:00,56.920691,-157.99681,3.45,1.15,2610,13.031173169429014
2023-02-25 07:50:08.700000+00:00,56.919389,-158.005094,5.68,1.62,2616,12.512686083964137
2023-02-25 08:04:16.810000+00:00,56.926514,-157.987533,4.48,1.8,2619,13.685080502537405
2023-02-25 08:05:45.940000+00:00,56.920015,-158.017806,1.95,0.91,2620,11.753486385857295
2023-02-25 08:25:43.390000+00:00,56.929268,-158.013883,3.73,0.89,2622,12.167853701808431
2023-02-25 10:39:39.120000+00:00,56.909725,-158.047607,6.14,1.05,2631,9.842165614061086
2023-02-25 11:44:20.030000+00:00,56.872355,-158.140706,0.62,1.12,2633,5.585614445020363
2023-02-25 12:43:12.050000+00:00,56.927401,-158.065007,4.05,1.3,2637,9.094225627361569
2023-02-25 15:11:51.460000+00:00,56.962789,-158.027669,8.85,0.67,2639,12.733436109705366
2023-02-25 16:27:23.440000+00:00,56.906877,-158.060254,6.08,0.65,2642,9.06310833076236
2023-02-25 20:58:26.440000+00:00,56.888481,-158.162891,6.75,0.39,2651,3.4080653816079254
2023-02-25 21:07:24.780000+00:00,56.905334,-158.202409,4.91,0.96,2652,0.40490257438666316
2023-02-25 22:07:37.840000+00:00,56.910079,-158.002344,0.41,0.17,2653,12.598940765512777
2023-02-25 23:15:18.880000+00:00,56.889502,-158.171257,8.55,0.41,2655,2.929844910359639
2023-02-26 00:13:04.850000+00:00,56.887667,-158.020557,2.95,0.95,2658,11.65996703005106
2023-02-26 00:35:17.540000+00:00,56.93151,-158.076595,4.8,0.61,2659,8.557243609571367
2023-02-26 00:35:46.840000+00:00,56.934351,-158.078841,5.25,0.53,2660,8.540830797646407
2023-02-26 00:41:57.990000+00:00,56.929663,-158.078646,4.62,0.82,2661,8.372278690540764
2023-02-26 03:22:26.220000+00:00,56.925403,-157.990771,5.51,1.65,2665,13.470313435619412
2023-02-26 05:55:57.130000+00:00,56.897534,-158.306934,0.77,0.82,2673,6.03792810109323
2023-02-26 06:09:13.490000+00:00,56.909656,-158.02443,5.21,0.8,2674,11.25266045691923
2023-02-26 07:56:17.280000+00:00,56.899019,-158.191602,6.23,0.37,2677,1.3015283724596047
2023-02-26 08:35:08.540000+00:00,57.019995,-158.03457,18.02,1.28,2678,16.562226931552956
2023-02-26 09:26:05.210000+00:00,56.883455,-158.26696,1.82,0.4,2681,4.320738977015365
2023-02-26 10:17:02.390000+00:00,56.947168,-158.078874,5.68,0.4,2688,9.16544337525302
2023-02-26 10:26:43.990000+00:00,56.922721,-158.01582,0.82,0.58,2690,11.916866986372959
2023-02-26 10:28:16.280000+00:00,56.921611,-158.021012,1.94,0.48,2691,11.58543846918192
2023-02-26 11:04:19.940000+00:00,56.922937,-158.194157,2.87,0.92,2694,2.11168433123767
2023-02-26 11:06:12.500000+00:00,56.918925,-158.008675,0.29,1.11,2695,12.290003806286663
2023-02-26 11:08:12.840000+00:00,56.920593,-158.023145,3.51,0.95,2696,11.440317409794288
2023-02-26 12:06:23.740000+00:00,56.914189,-158.039388,2.85,1.26,2700,10.374705107496245
2023-02-26 12:10:49.810000+00:00,56.921358,-157.990527,4.27,0.85,2702,13.420138353180212
2023-02-26 12:31:25.910000+00:00,56.924996,-158.044482,3.63,1.68,2706,10.246255994417586
2023-02-26 13:35:46.680000+00:00,56.933516,-158.02557,2.91,0.48,2708,11.58996095336228
2023-02-26 13:44:04.350000+00:00,56.92771,-158.015365,1.92,0.58,2710,12.043609432582615
2023-02-26 15:26:17.870000+00:00,56.926412,-158.020378,2.49,3.37,2713,11.715794212143052
2023-02-26 15:27:18+00:00,56.930367,-157.997738,5.7,1.25,2714,13.154660362127615
2023-02-26 15:33:30.140000+00:00,56.981694,-158.058236,2.9,0.64,2716,12.475079449861784
2023-02-26 16:03:23.010000+00:00,56.9212,-158.050993,3.88,0.66,2721,9.77628334568438
2023-02-26 16:03:58.720000+00:00,56.925667,-158.003174,5.41,0.8,2722,12.730459051583844
2023-02-26 16:19:11.130000+00:00,56.909269,-157.995003,3.49,0.41,2724,13.043018840325017
2023-02-26 16:25:15.600000+00:00,56.910453,-158.030371,4.04,0.48,2726,10.894736897141671
2023-02-26 17:46:10.440000+00:00,56.933569,-157.995508,5.76,0.66,2730,13.364967482595294
2023-02-26 17:52:17.720000+00:00,56.929692,-158.026172,4.0,0.7,2731,11.448789464658724
2023-02-26 19:50:28.040000+00:00,56.871484,-158.15498,2.26,1.14,2734,5.044276278498552
2023-02-27 00:04:05.040000+00:00,56.97203,-158.065316,11.48,0.6,2743,11.440824526889585
2023-02-27 02:35:32.170000+00:00,56.924341,-158.019255,5.13,0.63,2746,11.740445615122177
2023-02-27 02:36:05.010000+00:00,56.922233,-157.991309,2.87,0.93,2747,13.385723066960196
2023-02-27 02:37:14.880000+00:00,56.921228,-158.045394,3.49,0.53,2748,10.112749940567646
2023-02-27 03:47:20.420000+00:00,56.932894,-158.051709,4.55,0.42,2749,10.04348522268468
2023-02-27 03:52:58.870000+00:00,56.885486,-158.144694,2.94,1.03,2750,4.524971873793146
2023-02-27 05:35:35.720000+00:00,56.888965,-158.03265,10.1,0.62,2758,10.908945072942906
2023-02-27 05:57:15.710000+00:00,56.88988,-158.264583,2.25,0.53,2760,3.8230460047209345
2023-02-27 06:27:42.870000+00:00,56.910685,-158.000977,4.28,0.36,2761,12.68477430122959
2023-02-27 07:57:56.280000+00:00,56.965047,-157.991325,4.81,0.32,2764,14.80307255729809
2023-02-27 08:15:24.850000+00:00,56.930017,-158.068587,4.12,0.6,2765,8.96710440866124
2023-02-27 08:17:48.700000+00:00,56.917021,-158.022998,0.76,1.04,2766,11.399282941800543
2023-02-27 08:34:38.570000+00:00,56.893376,-158.145052,4.09,0.85,2771,4.135037543219413
2023-02-27 08:44:49.490000+00:00,56.956348,-158.011003,5.7,0.8,2772,13.304387190969955
2023-02-27 10:29:06.060000+00:00,56.901888,-158.205664,6.55,0.54,2775,0.4807184684432522
2023-02-27 11:21:59.340000+00:00,56.88916,-158.094189,5.88,0.31,2777,7.23771113962789
2023-02-27 12:35:33.170000+00:00,56.930937,-158.016292,2.05,1.06,2780,12.066097571804399
2023-02-27 13:11:21.020000+00:00,56.903247,-158.19235,7.44,0.45,2784,1.0535307865894565
2023-02-27 13:23:17.750000+00:00,56.908044,-158.092708,6.5,0.34,2785,7.089357986561071
2023-02-27 13:53:29.030000+00:00,56.906213,-158.01613,3.96,0.44,2786,11.750751675049747
2023-02-27 13:58:32.330000+00:00,56.92664,-158.088753,4.82,0.55,2787,7.68296249819587
2023-02-27 13:59:19.840000+00:00,56.894519,-158.020312,7.64,0.62,2788,11.566092468893808
2023-02-27 14:03:03.450000+00:00,56.884485,-158.169238,6.41,0.54,2789,3.392039227101063
2023-02-27 14:03:11.180000+00:00,56.888501,-158.194922,14.19,1.57,2790,2.10878132504006
2023-02-27 14:12:25.270000+00:00,56.887549,-158.049349,5.24,0.56,2791,9.939223933965167
2023-02-27 14:13:37.820000+00:00,56.887362,-158.004378,1.91,0.4,2792,12.637701401612222
2023-02-27 14:52:27.080000+00:00,56.907031,-158.056836,5.47,0.37,2794,9.27154988114596
2023-02-27 15:15:05.110000+00:00,56.887878,-158.0507,5.88,0.49,2796,9.851118293497352
2023-02-27 15:35:44.980000+00:00,56.886507,-158.021973,2.07,0.3,2799,11.598394513371108
2023-02-27 16:22:57.420000+00:00,56.931551,-158.011475,6.08,0.48,2801,12.367239719351867
2023-02-27 16:42:22.120000+00:00,56.925199,-158.027458,2.55,0.51,2802,11.266731071455444
2023-02-27 17:19:34.160000+00:00,56.953084,-158.0861,22.97,1.17,2805,9.149917759752979
2023-02-27 17:20:33.280000+00:00,56.90588,-158.069255,6.56,0.46,2806,8.51404925618556
2023-02-27 17:24:24.320000+00:00,56.940344,-158.022054,11.57,0.64,2807,12.016882347292004
2023-02-27 19:49:33.400000+00:00,56.970715,-157.996875,3.88,0.55,2814,14.798390356938988
2023-02-27 19:53:05.720000+00:00,56.883858,-158.007536,2.23,0.37,2817,12.518689391698647
2023-02-27 21:00:40.680000+00:00,56.926099,-157.975391,3.67,1.5,2823,14.40734659879298
2023-02-27 22:56:16.880000+00:00,56.842716,-158.180192,6.31,0.3,2828,7.24118274908281
2023-02-27 23:27:29.500000+00:00,56.922005,-157.986621,2.72,0.87,2829,13.665319076525295
2023-02-27 23:49:10.720000+00:00,56.964058,-158.137842,6.81,0.39,2831,7.800902843129173
2023-02-28 03:19:28.500000+00:00,56.958447,-158.14458,7.19,0.73,2839,7.053641453325861
2023-02-28 03:29:16.150000+00:00,56.913505,-158.073454,3.53,2.17,2841,8.301834735450145
2023-02-28 03:47:02.090000+00:00,56.920573,-158.025277,13.67,0.5,2846,11.311497398697707
2023-02-28 05:04:05.760000+00:00,56.899756,-158.202393,6.75,1.22,2852,0.7842547933681957
2023-02-28 09:42:34.800000+00:00,56.949316,-158.070768,4.79,0.72,2857,9.712260183501451
2023-02-28 11:43:39.100000+00:00,56.923287,-158.172754,3.98,1.39,2863,2.9438795982836043
2023-02-28 12:28:27.720000+00:00,56.916276,-158.028581,1.91,1.76,2865,11.052342965768045
2023-02-28 13:43:11.650000+00:00,56.908757,-158.080062,6.12,0.69,2868,7.862218709973
2023-02-28 14:35:12.360000+00:00,56.909786,-158.034098,4.06,0.76,2871,10.66468901815755
2023-02-28 16:51:05.440000+00:00,56.865446,-158.168717,4.36,0.45,2875,5.120895298990248
2023-02-28 17:31:36.880000+00:00,56.900773,-158.044238,4.59,0.35,2877,10.054499874124305
2023-02-28 19:02:14.440000+00:00,56.937728,-158.026074,8.36,1.13,2881,11.693744191001834
2023-02-28 19:47:54.620000+00:00,56.966764,-157.998177,4.95,0.73,2883,14.519012555151415
2023-02-28 20:04:50.360000+00:00,56.944495,-158.0139,4.16,0.63,2890,12.637742628019911
2023-02-28 20:11:43.720000+00:00,56.912073,-158.000602,2.97,0.42,2891,12.714918125322736
2023-02-28 21:12:50.800000+00:00,56.950016,-158.006038,0.85,0.61,2899,13.303050289652186
2023-02-28 21:51:13.240000+00:00,56.952258,-158.00848,4.72,0.58,2902,13.260094897694314
2023-02-28 22:00:09.680000+00:00,56.913033,-158.204557,2.31,0.7,2904,0.8497157636559292
2023-02-28 22:40:26.580000+00:00,56.940173,-158.010807,2.64,0.68,2905,12.661909586307296
2023-02-28 22:40:35.280000+00:00,56.93999,-158.016406,2.21,0.54,2906,12.331047548190467
2023-02-28 23:44:23.920000+00:00,56.92913,-158.03763,6.4,0.63,2911,10.756041806392359
2023-02-28 23:49:31.960000+00:00,56.925252,-157.982682,4.38,1.11,2912,13.954134220371294
2023-03-01 00:04:31.190000+00:00,56.916203,-158.041992,2.62,1.62,2914,10.239397790199245
2023-03-01 00:13:54.870000+00:00,56.937748,-158.037907,8.34,0.63,2915,11.010133170174743
2023-03-01 00:21:11.220000+00:00,56.91971,-158.06945,2.96,0.61,2916,8.640570446017827
2023-03-01 00:44:35.720000+00:00,56.941003,-158.043604,4.26,0.71,2917,10.808103205434003
2023-03-01 02:04:01.680000+00:00,56.823958,-158.24318,28.28,2.27,2923,9.349110320176802
2023-03-01 02:04:46.070000+00:00,56.886682,-158.021273,2.49,1.97,2924,11.636710545151793
2023-03-01 02:13:26.160000+00:00,56.88682,-158.072884,4.62,0.88,2925,8.560092223464897
2023-03-01 02:15:36.850000+00:00,56.888822,-158.085189,5.46,0.81,2926,7.778249679620716
2023-03-01 02:41:01.600000+00:00,56.892957,-158.149414,5.57,0.75,2927,3.9024488447845767
2023-03-01 04:45:43.790000+00:00,56.919124,-158.044466,2.88,0.73,2938,10.131784704698276
2023-03-01 04:47:18.770000+00:00,56.932792,-158.007308,5.63,0.38,2939,12.646184018829366
2023-03-01 05:11:16.910000+00:00,56.929346,-158.065771,4.6,0.26,2944,9.109107063524274
2023-03-01 05:41:04.660000+00:00,56.92677,-157.998112,4.95,0.49,2945,13.055424059321188
2023-03-01 05:47:29.870000+00:00,56.876624,-158.073649,6.77,0.72,2946,8.866290803850609
2023-03-01 06:05:11.800000+00:00,56.888371,-158.285693,0.88,0.4,2947,5.0606344046194875
2023-03-01 06:06:10.520000+00:00,56.941874,-158.022087,4.62,0.63,2949,12.070387318067656
2023-03-01 06:33:00.920000+00:00,56.884436,-158.163232,6.36,0.39,2952,3.666027138462413
2023-03-01 06:35:16.740000+00:00,56.923714,-158.011605,0.52,0.7,2953,12.187900684852607
2023-03-01 06:56:07.830000+00:00,56.944189,-158.009066,7.53,0.71,2954,12.903572991932387
2023-03-01 09:03:42.160000+00:00,56.930188,-157.994336,5.87,0.63,2959,13.353362692646892
2023-03-01 12:07:47.920000+00:00,56.943233,-158.053434,4.09,0.67,2961,10.349785431160754
2023-03-01 12:21:07.510000+00:00,56.919275,-158.028906,1.97,0.95,2962,11.072514208636477
2023-03-01 18:23:34.240000+00:00,56.932389,-158.083757,4.75,1.41,2967,8.182315791543301
2023-03-02 05:36:39.840000+00:00,56.93702,-158.007699,6.52,1.12,2977,12.74270673704208
2023-03-02 06:00:31.500000+00:00,56.901774,-158.080143,6.02,0.85,2978,7.863908034557391
2023-03-02 12:51:07.170000+00:00,56.837345,-158.202441,6.01,1.26,2985,7.633468762894625
2023-03-02 13:48:28.790000+00:00,56.897013,-158.168815,7.15,0.82,2986,2.636861130084872
2023-03-02 20:16:41.100000+00:00,56.939205,-158.005078,2.84,0.85,2995,12.963708000838157
2023-03-02 20:34:36.960000+00:00,56.928345,-157.980745,3.75,0.89,2996,14.127256182187397
2023-03-02 20:38:57.320000+00:00,56.933793,-158.046826,4.66,0.61,2997,10.357103784487233
2023-03-02 20:56:22.280000+00:00,56.937948,-158.010238,2.31,0.6,2999,12.622792308239577
2023-03-02 21:14:42.960000+00:00,56.944169,-158.001563,5.61,0.65,3000,13.334809037622891
2023-03-02 21:31:43.560000+00:00,56.893591,-158.062402,4.69,0.75,3001,9.035902152460215
2023-03-02 21:43:37+00:00,56.92454,-158.02666,2.48,0.68,3002,11.300753609745312
2023-03-03 00:51:40.410000+00:00,56.946908,-158.011491,4.16,0.67,3007,12.868497992508924
2023-03-03 01:54:54.430000+00:00,56.869596,-158.159163,6.5,0.37,3009,5.047984670869866
2023-03-03 02:30:22.930000+00:00,56.846838,-158.129639,8.62,0.72,3010,8.156339348616985
2023-03-03 02:31:56.530000+00:00,56.856299,-158.204395,4.21,0.5,3011,5.519464379229333
2023-03-03 03:01:15.180000+00:00,56.920984,-158.048454,2.78,0.91,3014,9.92448209272583
2023-03-03 03:01:43.310000+00:00,56.880066,-158.122282,11.78,1.28,3015,6.01208287235513
2023-03-03 03:03:23.680000+00:00,56.923995,-157.981673,4.59,2.22,3016,13.994129012604082
2023-03-03 03:03:42.670000+00:00,56.939803,-158.005941,8.37,1.48,3017,12.932617499786387
2023-03-03 04:49:10.650000+00:00,56.952291,-158.07985,5.39,0.72,3019,9.414892694992929
2023-03-03 05:17:32.150000+00:00,56.866679,-158.20612,4.05,0.44,3021,4.359965808473145
2023-03-03 09:28:13.420000+00:00,56.908919,-158.006641,0.9,1.02,3031,12.33322720576513
2023-03-03 10:14:28.130000+00:00,56.93761,-158.050358,4.53,0.7,3032,10.290181422605988
2023-03-03 12:19:49.570000+00:00,56.878369,-158.238932,2.78,0.32,3038,3.55794848165986
2023-03-03 12:52:37.420000+00:00,56.871704,-158.207959,3.1,0.92,3039,3.797388470518339
2023-03-03 16:13:16.090000+00:00,56.88363,-158.181657,3.79,0.39,3046,2.978563396378677
2023-03-03 17:39:45.720000+00:00,56.918901,-158.029557,2.26,1.08,3048,11.027693034488042
2023-03-03 18:57:47.460000+00:00,56.923645,-158.001855,2.38,0.69,3050,12.772957519767022
2023-03-03 19:29:14.820000+00:00,56.923832,-157.977572,4.48,1.19,3051,14.238797084361162
2023-03-03 22:05:22.640000+00:00,56.92773,-158.060059,4.19,1.02,3056,9.394621975825142
2023-03-03 22:09:41.520000+00:00,56.873763,-158.195199,5.01,0.38,3057,3.6654039158233247
2023-03-04 07:19:27.700000+00:00,56.855863,-158.273779,2.92,0.77,3071,6.820596496606475
2023-03-04 08:29:19.920000+00:00,56.937382,-158.021012,3.79,0.34,3075,11.976469269935556
2023-03-04 08:36:28.380000+00:00,56.949056,-158.073779,5.38,0.53,3077,9.539180862922043
2023-03-04 08:44:17.540000+00:00,56.941007,-158.001579,7.19,0.98,3083,13.225770884860962
2023-03-04 08:44:49.290000+00:00,56.921163,-158.017171,1.89,0.82,3084,11.809479002441492
2023-03-04 08:50:10.780000+00:00,56.896517,-158.153874,7.02,0.27,3087,3.5144729816885585
2023-03-04 10:58:10.970000+00:00,56.934578,-157.979069,5.88,2.19,3097,14.365317976408598
2023-03-04 11:28:06.580000+00:00,56.945744,-158.014355,4.13,0.81,3098,12.659710772901496
2023-03-04 12:15:24.880000+00:00,56.923352,-158.035303,3.68,0.82,3101,10.759144853459372
2023-03-04 13:34:51.620000+00:00,56.886849,-158.035368,4.94,1.17,3107,10.789710633619073
2023-03-04 15:15:54.890000+00:00,56.935799,-158.004574,1.87,0.43,3109,12.890194700591202
2023-03-04 16:10:16.440000+00:00,56.865027,-158.098047,6.83,0.7,3110,8.146224205748236
2023-03-04 17:11:34.760000+00:00,56.996859,-158.010465,11.11,0.75,3114,15.772708750126215
2023-03-04 17:24:17.680000+00:00,56.887337,-158.258561,2.6,0.39,3116,3.6536620119099807
2023-03-04 17:36:31.560000+00:00,56.930546,-158.072445,5.08,0.56,3117,8.761585961843517
2023-03-04 17:53:46.440000+00:00,56.961068,-158.074349,7.48,0.68,3118,10.250853323010958
2023-03-04 19:28:05.760000+00:00,56.931071,-158.079395,4.79,0.45,3123,8.380233114816852
2023-03-04 19:56:42+00:00,56.921257,-158.01945,2.36,0.45,3127,11.67366430570509
2023-03-04 20:16:54.060000+00:00,56.936955,-158.014909,7.34,0.41,3128,12.31882661968101
2023-03-04 20:19:08.960000+00:00,56.916524,-158.042415,2.64,0.77,3129,10.217868537074159
2023-03-04 21:28:05.720000+00:00,56.945378,-158.075309,5.25,0.81,3133,9.257374313216799
2023-03-04 22:15:03.480000+00:00,56.909094,-158.130094,3.98,0.2,3136,4.821162196914717
2023-03-04 22:24:57.280000+00:00,56.896794,-158.142887,6.83,0.28,3137,4.151421181430387
2023-03-04 22:38:53.280000+00:00,56.960022,-158.01263,1.58,0.7,3138,13.393563777035949
2023-03-04 22:39:38.880000+00:00,56.927051,-158.006559,2.98,0.43,3139,12.555379262057155
2023-03-04 22:44:16.520000+00:00,56.936117,-158.047087,4.71,0.69,3141,10.42258422262228
2023-03-04 22:52:37.360000+00:00,56.872286,-158.168587,6.14,0.23,3142,4.4716869602405165
2023-03-04 23:08:17.120000+00:00,56.873865,-158.230664,4.42,0.54,3143,3.7934505269127508
2023-03-04 23:16:21.660000+00:00,56.935254,-158.088818,5.22,0.46,3144,8.020597621438394
2023-03-04 23:20:24.240000+00:00,56.92474,-158.083366,5.86,0.77,3145,7.937730219838468
2023-03-04 23:53:59.900000+00:00,56.919312,-158.012581,0.45,1.79,3147,12.059031957116252
2023-03-05 00:32:28.220000+00:00,56.921602,-158.025602,2.42,0.72,3150,11.309021816640183
2023-03-05 01:11:59.430000+00:00,56.955949,-158.062158,4.75,0.53,3151,10.541273952450178
2023-03-05 01:15:14.550000+00:00,56.924544,-158.073942,5.35,0.52,3152,8.487110237432747
2023-03-05 01:46:00.210000+00:00,56.953544,-158.070866,5.21,0.52,3156,9.95009464884553
2023-03-05 02:50:24.330000+00:00,56.928719,-158.004183,5.43,0.8,3165,12.733185974525332
2023-03-05 03:16:53.010000+00:00,56.888668,-158.044027,3.47,0.56,3167,10.23280069716216
2023-03-05 04:04:32.610000+00:00,56.868949,-158.183105,6.51,0.24,3169,4.396751372371877
2023-03-05 04:09:49.670000+00:00,56.997343,-157.927913,8.17,1.04,3171,19.911852673092067
2023-03-05 04:43:33.540000+00:00,56.925639,-158.011849,2.27,0.58,3173,12.20989521143034
2023-03-05 04:53:29.200000+00:00,56.891073,-158.012305,0.87,0.36,3174,12.097796952813082
2023-03-05 05:06:06.220000+00:00,56.928113,-158.039307,2.93,0.39,3175,10.63004943732639
2023-03-05 05:06:49.220000+00:00,56.946977,-157.990137,5.55,0.58,3176,14.09381387414946
2023-03-05 05:21:21.810000+00:00,56.92828,-157.999756,0.98,1.73,3178,12.988023741911771
2023-03-05 05:44:12.720000+00:00,56.927458,-158.019661,6.28,0.4,3180,11.781756034650261
2023-03-05 05:54:16.050000+00:00,56.919116,-158.044906,2.94,0.86,3181,10.105142223048624
2023-03-05 07:18:05.160000+00:00,56.882699,-158.17347,6.42,0.22,3185,3.362502842618805
2023-03-05 09:52:58.080000+00:00,56.86123,-158.237256,2.12,0.19,3189,5.253633285691975
2023-03-05 11:49:06.290000+00:00,56.933289,-158.034782,4.09,0.76,3195,11.043188523864554
2023-03-05 12:23:10.020000+00:00,56.926241,-158.10249,5.25,0.99,3198,6.875174291978674
2023-03-05 12:56:17.480000+00:00,56.858789,-158.190283,4.4,0.62,3201,5.357953319860982
2023-03-05 13:27:04.600000+00:00,56.935527,-158.009098,6.45,0.82,3204,12.616354445171776
2023-03-05 13:28:17.180000+00:00,56.927323,-157.965576,3.3,0.24,3205,15.01896607075457
2023-03-05 14:28:16.560000+00:00,56.857629,-158.255322,1.75,0.51,3208,6.062165405324552
2023-03-05 17:19:38.760000+00:00,56.902783,-158.062663,5.16,0.65,3213,8.922362398692579
2023-03-05 17:22:45.680000+00:00,56.940271,-157.980745,2.88,0.97,3214,14.420467214375295
2023-03-05 17:46:45.360000+00:00,56.956799,-158.144596,6.61,0.67,3215,6.901357285403371
2023-03-05 19:13:46.620000+00:00,56.923442,-157.998975,5.76,2.46,3219,12.94285780647892
2023-03-05 19:49:15.600000+00:00,56.923511,-158.076058,4.3,0.95,3221,8.334382275467336
2023-03-05 21:30:09.580000+00:00,56.867782,-158.0521,6.17,1.16,3226,10.459213704280742
2023-03-05 21:50:33.920000+00:00,56.951803,-158.006494,6.61,1.07,3228,13.352065200220451
2023-03-06 01:01:29.640000+00:00,56.916044,-158.017594,0.46,1.57,3230,11.715605124022607
2023-03-06 01:16:41.130000+00:00,56.918815,-158.003825,4.57,2.5,3232,12.5819948471259
2023-03-06 15:21:04.210000+00:00,56.926632,-157.99847,5.89,1.73,3244,13.031249842233539
2023-03-06 15:28:21.080000+00:00,56.93597,-158.003874,6.19,0.55,3246,12.936278514784226
2023-03-06 15:29:23.870000+00:00,56.874605,-158.20651,4.83,0.55,3247,3.4771236386019004
2023-03-06 15:34:01.790000+00:00,56.870805,-158.136263,5.83,1.64,3248,5.902826098353011
2023-03-06 16:51:01.690000+00:00,56.94919,-158.064779,4.75,0.81,3251,10.023188585577136
2023-03-06 17:35:08.720000+00:00,56.931665,-158.054492,4.11,1.17,3252,9.841175684082856
2023-03-06 18:16:35.500000+00:00,56.919194,-157.993506,3.9,1.47,3253,13.211223016098728
2023-03-06 18:23:52.640000+00:00,56.91958,-158.027295,2.4,1.03,3254,11.174319036959439
2023-03-06 18:24:31.960000+00:00,56.920675,-158.164372,4.23,0.71,3255,3.1833646166593264
2023-03-06 18:25:09.320000+00:00,56.919987,-158.014372,2.02,1.57,3256,11.960384641539937
2023-03-06 22:21:28.520000+00:00,56.943701,-158.041553,4.12,0.76,3266,11.035626513956652
2023-03-06 22:55:17.020000+00:00,56.94078,-158.055615,4.23,0.7,3267,10.120393832952427
2023-03-06 23:54:41+00:00,56.932894,-158.167773,17.91,0.83,3270,3.9252572730612427
2023-03-07 02:29:06.360000+00:00,56.920276,-158.193945,5.87,0.97,3276,1.8546196132007353
2023-03-07 05:34:43.170000+00:00,56.937789,-158.017887,3.2,1.24,3277,12.171646037556258
2023-03-07 09:51:28.970000+00:00,56.919995,-158.070052,4.67,0.53,3286,8.610234879085208
2023-03-07 13:01:37.140000+00:00,56.871667,-158.231771,4.02,0.54,3290,4.046467605754872
2023-03-07 13:19:36.060000+00:00,56.870512,-158.184115,5.77,0.46,3291,4.21219196953233
2023-03-07 14:51:26.850000+00:00,56.886804,-158.051676,4.77,0.52,3292,9.81808771053703
2023-03-07 17:06:05.600000+00:00,56.950016,-158.047445,3.61,0.59,3294,11.000506105947501
2023-03-07 17:40:04.580000+00:00,56.888843,-158.021208,2.96,0.29,3296,11.598680816971603
2023-03-07 18:03:16.600000+00:00,56.928735,-157.993327,0.92,0.42,3297,13.381966601202476
2023-03-07 18:07:23.920000+00:00,56.987012,-158.031543,9.18,0.74,3298,14.08640463811256
2023-03-07 19:52:32+00:00,56.887345,-158.020866,3.65,0.34,3303,11.647743090472838
2023-03-07 19:59:49.280000+00:00,56.990552,-158.042546,8.79,0.63,3304,13.845110804534198
2023-03-07 20:39:03.480000+00:00,56.875232,-158.21735,4.0,0.55,3306,3.441824464504083
2023-03-07 20:40:06.900000+00:00,56.910881,-158.077344,3.88,0.24,3307,8.040614235830054
2023-03-07 23:25:41.220000+00:00,56.903687,-158.258382,0.88,0.19,3311,3.0179023195401022
2023-03-08 00:48:34.690000+00:00,56.928768,-158.018115,2.67,0.64,3313,11.90423003673985
2023-03-08 01:11:19.430000+00:00,56.929618,-158.03571,1.58,0.79,3317,10.882606676904961
2023-03-08 01:20:07.760000+00:00,56.856478,-158.062988,6.03,0.79,3319,10.459789177228734
2023-03-08 02:04:32.530000+00:00,56.94991,-158.0611,5.09,0.82,3323,10.258100749572796
2023-03-08 03:38:59.470000+00:00,56.946016,-158.011833,2.54,0.57,3329,12.81411857066655
2023-03-08 04:26:19.040000+00:00,56.963599,-158.022021,8.3,0.31,3331,13.076713706186265
2023-03-08 04:51:28.930000+00:00,56.927067,-158.016699,2.75,0.3,3336,11.949756607059566
2023-03-08 06:40:55.010000+00:00,56.917517,-158.019531,4.72,0.25,3341,11.615229503169406
2023-03-08 06:59:33.880000+00:00,56.916585,-157.967253,4.4,0.41,3343,14.77535479585907
2023-03-08 07:55:31.600000+00:00,56.942472,-157.972119,3.75,0.55,3345,14.991961490778984
2023-03-08 07:57:52.090000+00:00,56.957865,-158.015544,2.66,0.42,3346,13.127912030465865
2023-03-08 08:10:00.300000+00:00,56.928357,-158.044417,3.87,1.04,3349,10.33422983417285
2023-03-08 08:22:13.320000+00:00,56.942114,-158.081396,6.29,0.41,3352,8.759842992622746
2023-03-08 08:35:47.180000+00:00,56.918844,-158.061995,3.28,0.82,3356,9.07185691752526
2023-03-08 08:50:39.860000+00:00,56.909163,-158.027311,3.79,0.21,3358,11.075353352166859
2023-03-08 09:01:23.100000+00:00,56.928975,-158.006641,5.92,0.46,3360,12.592320974159751
2023-03-08 09:02:33.130000+00:00,56.929427,-158.005355,5.51,0.45,3361,12.67927028784636
2023-03-08 09:30:41.470000+00:00,56.843555,-158.187337,7.26,0.44,3365,7.056198047867921
2023-03-08 09:48:19.510000+00:00,56.868184,-158.248893,2.35,0.26,3368,4.843516930234696
2023-03-08 09:48:56.910000+00:00,56.924223,-158.013411,2.73,0.35,3369,12.088802479883928
2023-03-08 09:54:59.370000+00:00,56.940401,-157.975977,4.25,0.73,3370,14.704316339173316
2023-03-08 10:00:27.900000+00:00,56.918734,-157.999479,4.21,1.29,3374,12.844004434071348
2023-03-08 10:01:03.550000+00:00,56.921981,-158.008333,0.6,0.66,3375,12.355219639338875
2023-03-08 10:13:47.880000+00:00,56.933008,-158.080762,4.86,0.15,3378,8.37724514818318
2023-03-08 10:14:14.230000+00:00,56.918111,-158.025993,1.98,1.43,3379,11.231962313537966
2023-03-08 10:23:27.110000+00:00,56.937146,-158.004622,2.37,0.35,3382,12.926850018168594
2023-03-08 11:22:31.530000+00:00,56.94432,-158.006445,5.68,0.84,3388,13.059034636266054
2023-03-08 11:25:35.930000+00:00,56.918376,-158.022933,7.65,0.09,3389,11.420534171571004
2023-03-08 12:03:35.210000+00:00,56.910331,-158.045573,7.01,0.21,3393,9.969068135836569
2023-03-08 12:34:09.630000+00:00,56.946806,-158.004346,5.5,0.26,3395,13.272118966204866
2023-03-08 13:19:47.010000+00:00,56.870178,-158.120785,2.94,0.06,3401,6.681973544431772
2023-03-08 13:20:16.130000+00:00,56.839872,-158.202783,6.16,0.13,3402,7.3513653021311915
2023-03-08 13:31:35.420000+00:00,56.934497,-158.084814,4.98,0.24,3403,8.210623617601053
2023-03-08 13:32:30.070000+00:00,56.943148,-158.045264,2.71,0.27,3404,10.80338271438849
2023-03-08 13:38:40.750000+00:00,56.933651,-158.010612,5.05,0.18,3405,12.474120733438419
2023-03-08 13:56:14.300000+00:00,56.845837,-158.064128,7.35,0.41,3406,11.073271809328835
2023-03-08 14:01:49.980000+00:00,56.889754,-158.146875,4.74,0.62,3407,4.186317060259506
2023-03-08 14:16:25.710000+00:00,56.946362,-158.00599,6.86,0.29,3410,13.161186957670283
2023-03-08 14:39:33.290000+00:00,56.942961,-158.096956,5.58,0.2,3416,7.97981561800219
2023-03-08 14:54:47.330000+00:00,56.926929,-158.075749,4.42,0.47,3420,8.450286314892207
2023-03-08 15:11:35.510000+00:00,56.878874,-158.116064,7.07,-0.03,3422,6.408897302288354
2023-03-08 15:56:51.120000+00:00,56.941911,-158.040104,3.41,0.4,3424,11.043299630701892
2023-03-08 16:38:15.050000+00:00,56.94729,-158.111556,5.82,0.29,3428,7.5202279564930805
2023-03-08 16:44:55.950000+00:00,56.905469,-158.111117,6.04,-0.24,3429,5.963725329334228
2023-03-08 17:26:23.880000+00:00,56.891943,-158.28584,4.11,0.61,3433,4.93010467524589
2023-03-08 17:29:48.680000+00:00,57.022404,-158.074919,13.93,0.89,3435,15.334030507169441
2023-03-08 17:52:31.640000+00:00,56.931649,-158.05734,4.88,0.35,3440,9.67491974915844
2023-03-08 18:02:42.840000+00:00,56.888973,-158.167074,7.03,0.02,3441,3.1684289209991956
2023-03-08 18:30:50.940000+00:00,56.920182,-157.993376,4.44,0.52,3445,13.231784692329937
2023-03-08 19:02:45.440000+00:00,56.945919,-158.029932,4.55,0.21,3449,11.783725063461041
2023-03-08 19:11:45.560000+00:00,56.930583,-158.074333,5.03,0.35,3450,8.653816829092305
2023-03-08 19:15:17.420000+00:00,56.939583,-158.067415,4.96,0.14,3452,9.407242609140004
2023-03-08 19:46:40.580000+00:00,56.947514,-157.986849,4.99,0.64,3456,14.302500524333105
2023-03-08 20:08:45.040000+00:00,56.857377,-158.252799,8.08,0.41,3458,6.017196846587588
2023-03-08 20:12:57.580000+00:00,56.926261,-158.054688,3.08,0.37,3460,9.671221108797178
2023-03-08 20:21:48.140000+00:00,56.945768,-158.058675,5.12,0.25,3463,10.178439229901823
2023-03-08 20:48:45+00:00,56.882255,-158.248584,2.94,-0.09,3466,3.5629127942846277
2023-03-08 20:58:37.060000+00:00,56.971916,-158.014648,2.19,0.24,3469,13.93448014218969
2023-03-08 21:07:32.840000+00:00,56.867362,-158.164079,6.58,-0.05,3471,5.081297429725123
2023-03-08 21:08:27.880000+00:00,56.946061,-157.997542,5.49,0.48,3472,13.634494798501585
2023-03-08 21:15:44.740000+00:00,56.864388,-158.168913,3.76,0.22,3473,5.2189991053457225
2023-03-08 22:06:55.240000+00:00,56.940776,-158.023893,8.35,0.37,3476,11.92640103609635
2023-03-08 22:25:43.160000+00:00,56.931982,-158.089974,5.3,0.33,3477,7.813546733183864
2023-03-08 22:38:16.640000+00:00,56.928809,-158.011296,9.14,0.47,3481,12.311121021857096
2023-03-08 22:52:55.280000+00:00,56.932967,-158.015348,2.79,1.35,3486,12.175908589611115
2023-03-09 00:15:14.340000+00:00,56.939242,-158.102165,5.84,0.48,3491,7.4965091639996295
2023-03-09 00:20:11.070000+00:00,56.941349,-158.088672,5.6,0.19,3493,8.328538925370031
2023-03-09 00:29:22.370000+00:00,56.852291,-158.214518,4.08,0.27,3494,5.968129417679865
2023-03-09 00:29:52.410000+00:00,56.92489,-158.055973,3.99,0.45,3495,9.560236830336462
2023-03-09 00:37:31.370000+00:00,56.9316,-158.055485,5.03,0.36,3496,9.781240946360201
2023-03-09 00:42:47.020000+00:00,56.924101,-158.03667,2.3,0.17,3498,10.692754941981518
2023-03-09 00:53:07.750000+00:00,56.938184,-158.054346,5.45,0.07,3500,10.085116306287407
2023-03-09 01:05:07.540000+00:00,56.953141,-158.008757,7.23,0.42,3503,13.283152395288006
2023-03-09 01:15:22.360000+00:00,56.928601,-158.03234,3.99,0.22,3505,11.055367510517407
2023-03-09 01:33:37+00:00,56.905054,-158.039193,4.67,0.5,3507,10.346036111161977
2023-03-09 01:43:22.320000+00:00,56.959896,-158.003727,5.79,0.42,3510,13.873457131734678
2023-03-09 01:43:44.930000+00:00,56.953442,-158.061751,4.65,0.39,3511,10.41764617382736
2023-03-09 01:49:10.600000+00:00,56.908447,-158.07596,6.04,0.2,3512,8.11061880816652
2023-03-09 01:55:08.880000+00:00,56.910649,-158.080892,6.2,-0.07,3513,7.823213904043736
2023-03-09 02:37:44.410000+00:00,56.923352,-158.150342,15.41,0.85,3520,4.072615876133407
2023-03-09 02:56:26.480000+00:00,56.959367,-158.002881,6.73,0.42,3523,13.894559873717872
2023-03-09 02:56:48.960000+00:00,56.967285,-158.008773,6.92,0.41,3524,13.980338567474234
2023-03-09 03:08:43.540000+00:00,56.9455,-158.053011,5.22,0.44,3525,10.477102928821155
2023-03-09 03:46:48.890000+00:00,56.865125,-158.167676,4.65,0.17,3530,5.182841316018886
2023-03-09 04:10:22.160000+00:00,56.944169,-158.094499,5.18,0.23,3532,8.177494844198561
2023-03-09 05:02:16.490000+00:00,56.907487,-158.035286,1.91,0.01,3536,10.58506439101356
2023-03-09 05:05:24.780000+00:00,56.894417,-158.201969,7.7,-0.07,3537,1.3380348467608243
2023-03-09 05:34:19.010000+00:00,56.87985,-158.224642,5.3,-0.02,3539,3.0429308079955164
2023-03-09 05:34:44.850000+00:00,56.881974,-158.083057,5.32,0.19,3540,8.121231134915455
2023-03-09 06:16:17.560000+00:00,56.933691,-157.995703,5.62,0.33,3545,13.356545987411852
2023-03-09 06:19:58.260000+00:00,56.958614,-157.994076,5.87,0.7,3546,14.346091815132358
2023-03-09 08:13:22.010000+00:00,56.969975,-158.11971,4.36,0.05,3551,8.978591899203288
2023-03-09 08:18:05.220000+00:00,56.954171,-157.99209,4.89,0.3,3552,14.263066679407855
2023-03-09 08:21:54.190000+00:00,56.842171,-158.211117,5.04,0.46,3553,7.08674954762128
2023-03-09 08:22:42.410000+00:00,56.839954,-158.127376,6.12,0.12,3554,8.862225760913045
2023-03-09 08:57:51.080000+00:00,56.903674,-158.049788,5.05,0.43,3558,9.703256815599802
2023-03-09 09:10:44.210000+00:00,56.94161,-157.999837,2.1,0.62,3560,13.346932635671468
2023-03-09 09:16:00.920000+00:00,56.886707,-158.17596,6.25,0.04,3561,2.92826236210866
2023-03-09 09:24:12.270000+00:00,56.904643,-158.071729,6.06,0.6,3562,8.36444537452594
2023-03-09 09:36:03.330000+00:00,56.863216,-158.212207,2.44,0.16,3565,4.746088948966315
2023-03-09 10:05:42.220000+00:00,56.934627,-158.066553,5.12,0.18,3567,9.250205136677293
2023-03-09 11:37:30.440000+00:00,56.877612,-158.176286,3.73,0.37,3571,3.718679931453392
2023-03-09 12:05:04.440000+00:00,56.927584,-158.064616,3.55,0.4,3578,9.122571727164022
2023-03-09 12:24:56.700000+00:00,56.929618,-158.034408,1.94,0.64,3582,10.959532315372364
2023-03-09 12:26:00.820000+00:00,56.930949,-158.040674,1.74,0.37,3583,10.627557849600208
2023-03-09 12:30:33.010000+00:00,56.927844,-158.041618,4.23,0.22,3585,10.486226019306283
2023-03-09 12:31:44.170000+00:00,56.834993,-158.28859,2.73,0.26,3586,9.259024880459293
2023-03-09 12:36:09.270000+00:00,56.925859,-158.047738,3.7,1.97,3587,10.07314557286456
2023-03-09 12:41:19.400000+00:00,56.926453,-158.040592,3.21,0.39,3588,10.512204165123789
2023-03-09 13:01:27.190000+00:00,56.931681,-158.022087,2.32,0.16,3591,11.743016133335376
2023-03-09 13:03:51.300000+00:00,56.928516,-158.034749,2.41,0.97,3592,10.910429904291528
2023-03-09 13:22:41.590000+00:00,56.867057,-158.129704,3.6,1.65,3594,6.479025688561727
2023-03-09 13:40:22.010000+00:00,56.935893,-158.081087,5.58,0.67,3595,8.480257610985602
2023-03-09 13:40:45+00:00,56.904488,-158.073063,5.59,1.64,3596,8.283482686397448
2023-03-09 14:35:51.590000+00:00,56.922278,-157.994759,4.36,0.28,3598,13.17826938414929
2023-03-09 15:18:59.400000+00:00,56.950562,-158.05682,4.91,0.6,3600,10.521761291253778
2023-03-09 15:29:21.070000+00:00,56.939811,-157.995394,2.01,0.46,3602,13.548313478015531
2023-03-09 16:43:39.310000+00:00,56.843416,-158.166471,5.48,0.1,3610,7.415181799531262
2023-03-09 16:50:36.240000+00:00,56.951864,-158.070589,4.88,0.59,3611,9.865963080129918
2023-03-09 17:37:50.840000+00:00,56.935486,-158.021989,3.47,0.38,3615,11.859303018792378
2023-03-09 18:07:07.720000+00:00,56.950553,-158.064063,5.19,0.65,3617,10.135033321213896
2023-03-09 18:12:23.680000+00:00,56.835437,-158.191488,6.91,0.21,3618,7.907893681889674
2023-03-09 18:14:49.060000+00:00,56.891724,-158.008415,0.54,0.38,3619,12.323161835944447
2023-03-09 18:17:54.360000+00:00,56.872457,-158.153467,3.37,0.34,3620,5.024330943190369
2023-03-09 18:17:59.040000+00:00,56.866577,-158.186361,3.62,0.66,3621,4.580614153197828
2023-03-09 18:18:56.040000+00:00,56.923914,-158.051042,4.32,0.71,3622,9.830538237079562
2023-03-09 18:19:13.980000+00:00,56.920968,-158.057406,4.46,0.4,3623,9.387300022715394
2023-03-09 18:25:37.600000+00:00,56.940601,-158.109245,2.56,0.39,3625,7.205688550666233
2023-03-09 19:44:50.640000+00:00,56.9387,-158.009196,2.51,0.41,3627,12.707429475048444
2023-03-09 20:02:24.700000+00:00,56.927893,-157.995215,6.5,0.63,3628,13.251522327831838
2023-03-09 20:36:29.240000+00:00,56.957182,-158.070882,5.18,0.43,3633,10.17118918442028
2023-03-09 21:02:02.840000+00:00,56.951872,-158.045898,3.58,0.37,3637,11.177941813566523
2023-03-09 21:15:10.280000+00:00,56.944759,-158.078255,6.75,0.71,3641,9.066892049169654
2023-03-09 22:00:18.680000+00:00,56.947074,-158.042122,5.34,0.58,3645,11.152669495852084
2023-03-09 22:18:02.440000+00:00,56.942367,-157.988167,0.77,0.68,3649,14.050807998601627
2023-03-09 23:27:10.960000+00:00,56.912146,-158.195671,5.15,0.34,3658,1.0764546607922898
2023-03-10 00:09:03.860000+00:00,56.946806,-158.045931,3.69,0.68,3661,10.929291094706858
2023-03-10 00:19:01.250000+00:00,56.896346,-158.031592,6.28,0.26,3664,10.861203823014
2023-03-10 00:25:51.870000+00:00,56.916178,-158.030941,1.47,0.56,3665,10.908244861441704
2023-03-10 00:37:13.300000+00:00,56.934554,-158.010693,7.16,0.3,3666,12.494592241988112
2023-03-10 00:39:38.590000+00:00,56.882438,-158.123307,6.21,0.05,3667,5.834626514419462
2023-03-10 00:44:58.030000+00:00,56.892293,-158.014339,1.5,0.89,3669,11.956965937693738
2023-03-10 01:15:39.840000+00:00,56.863017,-158.173763,4.42,0.98,3672,5.226086425263193
2023-03-10 01:48:50.580000+00:00,56.937679,-158.021973,1.51,1.33,3673,11.930293470366706
2023-03-10 02:01:38.850000+00:00,56.907198,-158.04165,4.9,1.13,3675,10.19690323532495
2023-03-10 02:26:56+00:00,56.922782,-158.244661,4.54,0.16,3676,2.880028128536542
2023-03-10 02:37:18.810000+00:00,56.890601,-158.171729,7.27,0.65,3679,2.8325088294726397
2023-03-10 02:56:31.280000+00:00,56.928031,-157.985579,4.42,0.29,3680,13.831371061235572
2023-03-10 05:59:22.360000+00:00,56.921611,-158.168099,6.65,0.38,3689,3.050747193257854
2023-03-10 06:19:05.740000+00:00,56.866996,-158.073747,5.81,0.29,3691,9.308402856979702
2023-03-10 06:22:08.550000+00:00,56.870487,-158.131087,2.31,1.09,3692,6.16586886517786
2023-03-10 06:33:35.790000+00:00,56.95247,-158.069336,4.99,0.38,3693,9.966177176161562
2023-03-10 07:05:44.080000+00:00,56.916829,-157.962712,2.48,1.31,3697,15.053223044103603
2023-03-10 07:59:35.940000+00:00,56.887008,-158.217546,2.43,0.27,3705,2.1564729737400827
2023-03-10 08:01:11.200000+00:00,56.933447,-158.089681,5.79,0.57,3706,7.8921733173508075
2023-03-10 08:09:34.920000+00:00,56.93339,-158.07889,5.44,0.9,3707,8.498886052362149
2023-03-10 08:19:40.110000+00:00,56.950753,-158.053141,11.11,0.74,3708,10.729450254414651
2023-03-10 08:26:15.500000+00:00,56.886678,-158.045589,4.53,0.11,3709,10.18357859838163
2023-03-10 08:39:58.500000+00:00,56.902885,-158.111865,6.59,0.08,3712,5.927138718138982
2023-03-10 09:00:55.540000+00:00,56.866508,-158.072363,2.21,0.85,3713,9.408405538572437
2023-03-10 09:23:48.750000+00:00,56.933459,-157.990462,3.27,0.33,3716,13.661381862592153
2023-03-10 10:29:50.850000+00:00,56.881034,-158.184391,5.99,0.45,3719,3.1393328838986174
2023-03-10 10:34:47.310000+00:00,57.017753,-158.068766,8.39,0.6,3720,15.106448367340652
2023-03-10 12:02:49.760000+00:00,56.903589,-158.108496,6.32,0.14,3724,6.128399930720588
2023-03-10 12:14:38.720000+00:00,56.926847,-158.003304,0.56,0.71,3725,12.745973753379127
2023-03-10 12:49:49.870000+00:00,56.950842,-158.055501,4.91,0.56,3729,10.607235758764698
2023-03-10 13:51:00.940000+00:00,56.887691,-158.164616,2.95,0.06,3734,3.3737857836833895
2023-03-10 13:52:26.230000+00:00,56.865434,-158.135872,6.65,0.3,3735,6.330670922715866
2023-03-10 14:28:39.250000+00:00,56.901461,-158.096501,6.89,0.45,3742,6.871480570832569
2023-03-10 14:47:40.280000+00:00,56.931718,-158.15887,9.78,0.45,3745,4.201401116348069
2023-03-10 14:49:37.260000+00:00,56.922225,-158.023307,2.41,0.43,3746,11.45791129374266
2023-03-10 15:02:39.640000+00:00,56.879435,-158.017562,7.82,0.63,3749,12.03131128913039
2023-03-10 15:13:12.110000+00:00,56.969381,-158.001318,6.12,0.41,3752,14.490027941384536
2023-03-10 16:21:30.090000+00:00,56.887179,-158.003923,1.79,0.15,3755,12.66841155856518
2023-03-10 16:35:40.560000+00:00,56.989201,-158.072087,3.23,0.31,3757,12.477273307403717
2023-03-10 16:44:23.330000+00:00,56.946574,-158.002214,7.42,0.39,3758,13.385340704468458
2023-03-10 16:48:42.400000+00:00,56.888778,-158.23138,3.5,0.26,3759,2.3351831328237043
2023-03-10 17:24:49.080000+00:00,56.955648,-157.998226,6.59,0.77,3761,13.982096783163604
2023-03-10 18:20:38.640000+00:00,56.877486,-158.054443,5.26,0.68,3764,9.933710081396692
2023-03-10 18:47:39.480000+00:00,56.936031,-158.034863,4.71,0.41,3768,11.126623153007829
2023-03-10 18:56:42.720000+00:00,56.951119,-158.066325,5.27,0.59,3770,10.046787757684326
2023-03-10 19:40:14.200000+00:00,56.842183,-158.177083,7.02,0.28,3772,7.346711973180207
2023-03-10 19:46:49.480000+00:00,56.850277,-158.180632,6.18,0.81,3777,6.42028031321068
2023-03-10 19:57:46.640000+00:00,56.877974,-158.272298,2.76,0.43,3781,4.948236052021575
2023-03-10 19:58:49.480000+00:00,56.882251,-158.151904,6.99,0.13,3782,4.357197240773044
2023-03-10 20:18:59.460000+00:00,56.930391,-158.004753,2.2,0.5,3784,12.737629655117656
2023-03-10 20:39:34.840000+00:00,56.974776,-158.024577,8.05,0.4,3786,13.602056715703757
2023-03-10 20:41:31.680000+00:00,56.839937,-158.273324,5.92,0.21,3787,8.31733517706857
2023-03-10 22:13:34.160000+00:00,56.921379,-158.016797,0.43,2.06,3794,11.835489021380527
2023-03-10 22:15:51.520000+00:00,56.917745,-158.043669,2.84,0.94,3796,10.158750691430027
2023-03-10 22:18:33.160000+00:00,56.84399,-158.164648,6.17,0.45,3797,7.395248775441816
2023-03-10 22:24:55.640000+00:00,56.938875,-158.046452,3.85,0.45,3798,10.561973105688187
2023-03-10 23:08:06.600000+00:00,56.928731,-158.062842,4.58,0.34,3803,9.26104684122774
2023-03-10 23:15:16.260000+00:00,56.91123,-158.035937,4.11,0.88,3805,10.560533575528279
2023-03-10 23:21:39.160000+00:00,56.927271,-158.090088,5.42,0.22,3806,7.627163880759597
2023-03-10 23:23:47.360000+00:00,56.921159,-158.013151,0.44,0.93,3807,12.05175611434207
2023-03-11 00:06:43.460000+00:00,56.906966,-158.208936,7.61,0.52,3812,0.1299021905101682
2023-03-11 00:16:29.470000+00:00,56.872396,-158.062516,8.11,3.26,3813,9.672489157502339
2023-03-11 00:24:09.060000+00:00,56.907581,-158.193685,7.87,0.55,3814,0.9538995825095982
2023-03-11 00:27:37.310000+00:00,56.951217,-158.070703,5.38,0.65,3815,9.822806511829041
2023-03-11 00:45:45.620000+00:00,56.934709,-158.061882,3.98,0.64,3820,9.520586331169934
2023-03-11 01:38:06.220000+00:00,56.892029,-158.218734,5.7,-0.06,3827,1.6442313684878571
2023-03-11 01:40:29.700000+00:00,56.886812,-158.025586,2.9,0.1,3828,11.375690326891217
2023-03-11 01:45:46.690000+00:00,56.935022,-158.020573,1.83,1.13,3831,11.92801412822039
2023-03-11 02:45:56.180000+00:00,56.901636,-158.119238,0.65,0.28,3836,5.488734091773798
2023-03-11 02:46:16.550000+00:00,56.952462,-158.034196,9.54,0.69,3837,11.844096953409787
2023-03-11 04:42:21.410000+00:00,56.898621,-158.095736,5.79,0.2,3840,6.947492738257114
2023-03-11 04:46:12.840000+00:00,56.937044,-157.997607,1.95,0.31,3841,13.335741523130405
2023-03-11 05:02:26.210000+00:00,56.951127,-158.036296,3.14,0.42,3843,11.664400402710623
2023-03-11 05:21:30.680000+00:00,56.864335,-158.167529,4.1,0.16,3845,5.264207705221096
2023-03-11 05:25:44.920000+00:00,56.935803,-158.090299,5.48,0.49,3846,7.963780950189787
2023-03-11 05:27:30.460000+00:00,56.934534,-158.03387,3.54,1.16,3847,11.135439726219435
2023-03-11 05:50:23.040000+00:00,56.917277,-158.15026,11.17,0.3,3848,3.799621056415509
2023-03-11 06:02:35.910000+00:00,56.913603,-158.017383,6.81,0.18,3850,11.70546538653269
2023-03-11 06:58:18.700000+00:00,56.866988,-158.139014,3.07,1.14,3854,6.072884151366755
2023-03-11 07:01:40.210000+00:00,56.856368,-158.183154,5.22,0.12,3855,5.72572468459776
2023-03-11 07:19:05.470000+00:00,56.90789,-158.177995,5.28,0.39,3857,1.9032310024482435
2023-03-11 08:44:29.950000+00:00,56.941964,-158.090023,5.8,0.31,3865,8.289250974944792
2023-03-11 10:17:33.090000+00:00,56.88776,-158.127979,1.32,0.33,3870,5.330483443063138
2023-03-11 10:22:10.650000+00:00,56.83903,-157.999382,2.66,0.71,3871,14.787716197828658
2023-03-11 10:35:09.600000+00:00,56.936003,-158.027962,2.01,0.87,3873,11.526997589549852
2023-03-11 11:15:57.100000+00:00,56.94023,-158.140055,4.91,-0.39,3877,5.6857925337100985
2023-03-11 11:21:21.700000+00:00,56.944067,-158.038298,3.21,0.8,3878,11.234375244469337
2023-03-11 11:28:32.350000+00:00,56.957951,-158.067952,5.07,0.26,3879,10.366817872324571
2023-03-11 11:34:42.130000+00:00,56.906209,-158.210905,5.93,0.22,3880,0.12467939000827441
2023-03-11 12:01:20.330000+00:00,56.881767,-158.187598,6.91,0.4,3883,2.9772013358524276
2023-03-11 12:17:32.430000+00:00,56.953784,-158.062614,4.7,0.1,3887,10.391955991043856
2023-03-11 13:25:45.950000+00:00,56.881258,-158.143538,4.67,0.3,3891,4.835916456345727
2023-03-11 13:42:33.620000+00:00,56.948421,-158.082275,5.75,0.48,3893,9.059217192438375
2023-03-11 13:59:16.450000+00:00,56.910612,-158.062288,6.39,0.12,3894,8.953996332204252
2023-03-11 14:28:00.210000+00:00,56.890568,-158.01167,2.26,-0.07,3896,12.14394360086097
2023-03-11 15:17:57.130000+00:00,56.971244,-158.023486,7.45,0.34,3901,13.440082635611388
2023-03-11 15:24:20.320000+00:00,56.843994,-158.153613,8.19,0.02,3903,7.666534277592363
2023-03-11 15:27:30.300000+00:00,56.927124,-158.020345,1.2,0.26,3904,11.733446810347044
2023-03-11 15:40:54.040000+00:00,56.938961,-158.013444,4.02,0.17,3906,12.468477128696549
2023-03-11 16:59:31.670000+00:00,56.931514,-158.024349,12.61,0.45,3911,11.604934589931856
2023-03-11 17:10:32.320000+00:00,56.896712,-158.005534,2.47,-0.09,3913,12.439036035143905
2023-03-11 17:27:27.800000+00:00,56.95481,-158.127067,5.03,-0.16,3914,7.394049825139477
2023-03-11 17:48:15.880000+00:00,56.964632,-158.013102,7.25,0.26,3917,13.606864690981405
2023-03-11 17:54:13.840000+00:00,56.890096,-158.142057,6.94,0.11,3918,4.438434574631668
2023-03-11 17:54:58.080000+00:00,56.857288,-158.207129,4.29,0.01,3919,5.403391337424149
2023-03-11 19:09:51.320000+00:00,56.925321,-158.019076,2.9,1.02,3928,11.770694631566613
2023-03-11 19:12:10+00:00,56.899117,-158.080697,5.08,1.04,3929,7.852983516321737
2023-03-11 19:17:06.040000+00:00,56.890515,-158.17972,2.98,0.16,3930,2.4659239564445876
2023-03-11 19:25:32.240000+00:00,56.888786,-158.223665,3.03,1.15,3931,2.094836959389777
2023-03-11 19:30:17.120000+00:00,56.860657,-158.14502,6.57,0.27,3932,6.362694866395328
2023-03-11 20:08:07.900000+00:00,56.921655,-158.006331,0.56,0.92,3935,12.470736909293555
2023-03-11 20:41:35.120000+00:00,56.917985,-158.167432,5.95,-0.11,3945,2.8727927740789894
2023-03-11 20:42:26+00:00,56.937231,-158.024967,8.25,0.17,3946,11.741440214577779
2023-03-11 21:09:26.600000+00:00,56.888826,-158.015869,7.08,-0.23,3951,11.920115930382224
2023-03-11 21:25:22.960000+00:00,56.928727,-158.072998,5.35,0.25,3953,8.6680023208752
2023-03-11 21:35:42.600000+00:00,56.854622,-158.174544,13.65,0.06,3955,6.0738986985239745
2023-03-11 22:02:00.760000+00:00,56.925989,-157.991081,2.61,0.13,3960,13.462322695547503
2023-03-11 22:22:36.440000+00:00,56.930802,-158.062305,4.32,0.34,3964,9.358256503303915
2023-03-11 22:33:15.060000+00:00,56.933435,-158.060514,4.58,-0.13,3965,9.552535457884025
2023-03-11 22:38:30.440000+00:00,56.878682,-158.113184,5.6,-0.07,3966,6.574351207015367
2023-03-11 22:51:13.480000+00:00,56.936357,-158.053418,4.92,0.12,3968,10.067556543081759
2023-03-11 22:59:08.460000+00:00,56.884998,-158.193115,6.97,-0.04,3969,2.5106163352220054
2023-03-11 23:16:52.560000+00:00,56.921342,-157.987354,3.2,0.22,3975,13.611596698426872
2023-03-12 00:01:24.270000+00:00,56.929073,-158.083626,4.75,0.39,3982,8.063924473444029
2023-03-12 00:07:46.310000+00:00,56.90317,-158.098893,6.56,0.01,3984,6.714965562751398
2023-03-12 00:40:33.050000+00:00,56.872135,-158.225309,4.31,-0.31,3990,3.878424522093476
2023-03-12 00:44:09.670000+00:00,56.901615,-158.097591,6.2,0.23,3993,6.804023727897444
2023-03-12 01:09:27.530000+00:00,56.895785,-158.023454,2.94,-0.21,3997,11.360892475982658
2023-03-12 01:14:09.450000+00:00,56.942432,-158.125586,5.91,-0.2,3999,6.514793229925702
2023-03-12 01:17:33.610000+00:00,56.866484,-158.138216,5.62,0.02,4000,6.147021434264168
2023-03-12 02:03:56.460000+00:00,56.915487,-158.162679,4.78,-0.12,4009,3.020935082316563
2023-03-12 02:18:48.040000+00:00,56.915507,-158.188411,7.24,0.62,4012,1.6557686762355708
2023-03-12 02:22:15.100000+00:00,56.934216,-158.079932,5.54,-0.18,4013,8.473585438467099
2023-03-12 02:28:06.990000+00:00,56.893538,-158.149463,4.83,-0.17,4016,3.876384045934392
2023-03-12 02:29:55.840000+00:00,56.901558,-158.194596,6.22,-0.19,4017,0.9966774234277863
2023-03-12 02:48:24.320000+00:00,56.89248,-158.260677,3.77,-0.33,4020,3.4808682785583622
2023-03-12 03:28:30.390000+00:00,56.917721,-157.999951,5.91,-0.33,4024,12.803418381728106
2023-03-12 04:00:33.320000+00:00,56.932467,-158.031006,1.7,0.19,4029,11.239912271151018
2023-03-12 04:05:34.680000+00:00,56.963314,-158.093213,6.77,0.13,4030,9.524074646470174
2023-03-12 04:06:27.660000+00:00,56.932568,-157.978923,3.84,0.05,4031,14.326113006003265
2023-03-12 04:19:12.810000+00:00,56.836051,-158.238151,9.36,0.25,4035,7.967918045771412
2023-03-12 04:20:48.740000+00:00,56.927551,-158.04196,2.92,0.17,4036,10.45840953938559
2023-03-12 04:49:23.660000+00:00,56.939425,-158.041846,4.23,-0.02,4042,10.84622770908811
2023-03-12 04:59:47+00:00,56.967411,-158.009229,9.63,0.37,4043,13.963014204032255
2023-03-12 05:05:27.790000+00:00,56.864209,-158.235905,0.48,-0.09,4044,4.913309600328038
2023-03-12 05:17:10.890000+00:00,56.894137,-158.250212,4.74,-0.35,4047,2.8272291057267225
2023-03-12 05:36:43.600000+00:00,56.919527,-157.992806,2.76,0.25,4048,13.257757679036123
2023-03-12 05:38:26.070000+00:00,56.940129,-158.027409,4.79,0.1,4049,11.70058756322812
2023-03-12 05:43:08.630000+00:00,56.920825,-158.015186,0.63,0.42,4051,11.923841893357002
2023-03-12 05:44:03.020000+00:00,56.887354,-158.209603,4.42,0.64,4052,2.0544387296006112
2023-03-12 05:45:11.080000+00:00,56.924654,-158.174528,3.79,0.1,4054,2.9693183212656478
2023-03-12 05:48:15.260000+00:00,56.92535,-158.014893,2.44,0.03,4056,12.02176917547969
2023-03-12 05:48:55.080000+00:00,56.968819,-158.007406,2.91,0.05,4057,14.136749105113177
2023-03-12 05:50:14.330000+00:00,56.918266,-157.973796,2.74,0.77,4060,14.39465614082257
2023-03-12 06:02:01.190000+00:00,56.919307,-158.03055,2.52,0.12,4067,10.973786076434612
2023-03-12 06:10:34.990000+00:00,56.858634,-158.21084,3.31,0.08,4070,5.253497990123288
2023-03-12 06:23:32.690000+00:00,56.901326,-158.26486,2.86,-0.17,4073,3.4397822042124027
2023-03-12 06:30:03.700000+00:00,56.879122,-158.18807,6.71,-0.12,4074,3.2330981735616495
2023-03-12 06:33:38.050000+00:00,56.884306,-158.257812,4.94,0.12,4076,3.8181353838617693
2023-03-12 07:22:49.740000+00:00,56.929492,-158.078646,3.71,-0.19,4085,8.366271411093908
2023-03-12 07:25:49.140000+00:00,56.907857,-158.040592,2.77,0.49,4088,10.262639191989503
2023-03-12 07:56:32.180000+00:00,56.856262,-158.18348,6.33,0.34,4096,5.731647387281265
2023-03-12 07:57:11.750000+00:00,56.889132,-158.163574,6.88,-0.04,4097,3.332901878704942
2023-03-12 08:18:33.030000+00:00,56.954049,-158.098291,3.83,-0.06,4098,8.620039858685558
2023-03-12 08:23:12.830000+00:00,56.928634,-158.060547,4.29,-0.04,4099,9.392569945520997
2023-03-12 08:26:13.330000+00:00,56.93741,-158.024609,3.65,0.01,4100,11.768174254182455
2023-03-12 08:29:11+00:00,56.936943,-158.070492,5.17,-0.07,4101,9.120277861622043
2023-03-12 08:35:09.910000+00:00,56.942924,-158.064616,4.65,-0.14,4103,9.715734286464274
2023-03-12 08:57:19.920000+00:00,56.934115,-158.05485,4.05,-0.27,4106,9.903492508642177
2023-03-12 09:26:17.480000+00:00,56.887638,-158.031299,4.66,0.34,4111,11.016416637648684
2023-03-12 09:28:33.840000+00:00,56.864648,-158.172412,4.02,0.12,4112,5.096543741380284
2023-03-12 09:32:44.160000+00:00,56.916427,-158.022852,6.59,-0.03,4113,11.401157150725108
2023-03-12 09:48:02.390000+00:00,56.943302,-158.081234,4.9,-0.05,4115,8.83027761814433
2023-03-12 09:53:34.390000+00:00,56.951982,-158.000163,5.31,-0.2,4117,13.71627731690421
2023-03-12 10:07:23.960000+00:00,56.929565,-158.011589,8.56,-0.52,4119,12.311369543496147
2023-03-12 10:10:14.760000+00:00,56.923022,-158.133545,8.27,-0.21,4121,4.9801627086405205
2023-03-12 10:47:09.340000+00:00,56.921619,-158.093376,5.76,0.2,4126,7.259936976187487
2023-03-12 10:49:11.920000+00:00,56.882357,-158.181494,6.67,-0.47,4127,3.1024482402791542
2023-03-12 10:57:09.250000+00:00,56.909029,-158.177897,4.58,-0.02,4128,1.9287037275795018
2023-03-12 11:06:21.430000+00:00,56.950317,-158.071061,5.32,-0.33,4130,9.752890030876666
2023-03-12 11:06:40.850000+00:00,56.792159,-158.072331,18.0,0.26,4131,15.15539378112954
2023-03-12 11:35:41.640000+00:00,56.880115,-158.025798,2.82,-0.25,4132,11.526054024556911
2023-03-12 11:38:37.130000+00:00,56.855827,-158.343538,11.42,0.08,4133,9.911880114874322
2023-03-12 11:41:16.930000+00:00,56.902047,-158.262581,17.44,-0.05,4134,3.2912631493017823
2023-03-12 11:50:18.660000+00:00,56.950765,-158.027132,8.64,-0.18,4139,12.153215714555014
2023-03-12 11:52:17.120000+00:00,56.881718,-158.178564,6.91,-0.26,4140,3.26073619448347
2023-03-12 12:08:37.050000+00:00,56.858423,-158.282764,3.63,-0.16,4142,6.932294670151244
2023-03-12 12:20:38.010000+00:00,56.981978,-158.046989,7.22,-0.11,4145,13.007448245001495
2023-03-12 12:36:51.260000+00:00,56.910303,-158.043848,12.1,1.09,4148,10.073873232929163
2023-03-12 13:01:46.900000+00:00,56.880351,-158.128874,2.78,0.46,4151,5.646126550687142
2023-03-12 13:20:24.780000+00:00,56.913794,-158.187533,6.68,-0.34,4154,1.5819815489963847
2023-03-12 13:22:33.190000+00:00,56.942155,-158.01984,4.08,-0.22,4155,12.209804650352739
2023-03-12 13:24:34.020000+00:00,56.885071,-158.029378,5.16,-0.28,4156,11.187350518939924
2023-03-12 13:35:57.390000+00:00,56.887423,-158.263737,2.17,0.01,4157,3.9134123141900243
2023-03-12 13:36:44.940000+00:00,56.938057,-158.052572,3.4,-0.22,4159,10.181098571736715
2023-03-12 13:55:00.510000+00:00,56.979696,-158.036654,7.46,-0.03,4162,13.332452068089221
2023-03-12 13:55:19.240000+00:00,56.925806,-158.077458,5.75,0.01,4163,8.316105105742816
2023-03-12 13:57:02.990000+00:00,56.9453,-158.045557,4.3,-0.4,4165,10.881299987986505
2023-03-12 13:57:24.170000+00:00,56.945426,-158.030518,2.52,-0.17,4166,11.730017132948447
2023-03-12 14:20:59.710000+00:00,56.932263,-158.057715,4.48,0.01,4172,9.673654083526129
2023-03-12 14:36:32.110000+00:00,56.946464,-158.048617,5.76,0.26,4176,10.764875627085255
2023-03-12 14:45:50.390000+00:00,56.944747,-158.018132,7.17,-0.07,4179,12.405539137898451
2023-03-12 14:48:04.770000+00:00,56.935555,-157.962744,2.58,0.37,4180,15.359005517592655
2023-03-12 14:49:03.680000+00:00,56.893144,-158.008219,2.05,-0.13,4181,12.31568261534575
2023-03-12 15:26:34.060000+00:00,56.884517,-158.190495,6.79,-0.14,4186,2.6246661185395865
2023-03-12 15:45:55.540000+00:00,56.94102,-158.074951,4.72,-0.19,4188,9.056483568132002
2023-03-12 15:48:51.620000+00:00,56.86296,-158.167969,4.87,-0.18,4189,5.386527359083769
2023-03-12 15:50:23.020000+00:00,56.864042,-158.170264,3.65,0.43,4190,5.2152784999261055
2023-03-12 16:21:22.510000+00:00,56.886076,-158.041227,4.46,-0.33,4192,10.45763036290162
2023-03-12 16:25:10.040000+00:00,56.92559,-158.053076,3.36,0.04,4193,9.749591601075531
2023-03-12 17:08:05.240000+00:00,56.941797,-158.025374,3.36,-0.72,4198,11.878933463150673
2023-03-12 17:18:56.580000+00:00,56.928735,-158.072493,4.99,0.09,4200,8.697661259081874
2023-03-12 17:32:31.640000+00:00,56.874137,-158.180176,6.27,-0.16,4202,3.9393805640383444
2023-03-12 17:35:03.120000+00:00,56.876501,-158.179997,5.82,-0.33,4204,3.7107790697347305
2023-03-12 17:51:02.260000+00:00,56.905778,-158.170687,3.56,-0.31,4207,2.334246429825563
2023-03-12 18:03:30.060000+00:00,56.896057,-158.196061,5.98,-0.34,4210,1.3411741000477206
2023-03-12 18:12:05.400000+00:00,56.929138,-158.012142,2.01,0.21,4212,12.268383990010282
2023-03-12 18:16:22.120000+00:00,56.923556,-158.0993,4.94,1.72,4213,6.968370179499857
2023-03-12 18:17:19.380000+00:00,56.94622,-158.075911,5.85,-0.02,4214,9.270236370281383
2023-03-12 18:28:40.880000+00:00,56.909961,-158.053206,5.32,0.16,4217,9.502624923967147
2023-03-12 18:29:38.120000+00:00,56.870154,-158.146322,7.07,0.14,4218,5.509353519751701
2023-03-12 18:31:27.420000+00:00,56.873543,-158.163704,5.82,-0.05,4219,4.530499208004544
2023-03-12 18:45:53.880000+00:00,56.876457,-158.143669,4.3,0.54,4222,5.1509735274373405
2023-03-12 18:46:13.600000+00:00,56.877234,-158.145443,4.61,1.07,4223,5.012470534575876
2023-03-12 18:49:28.200000+00:00,56.88809,-158.050505,5.95,-0.07,4224,9.857978698027583
2023-03-12 19:03:06.960000+00:00,56.875452,-158.179492,6.32,0.05,4227,3.8282681923280357
2023-03-12 19:14:23.600000+00:00,56.913879,-158.018929,2.63,0.09,4229,11.61384404024595
2023-03-12 19:21:47.040000+00:00,56.883761,-158.233773,2.15,-0.42,4230,2.8814148157565778
2023-03-12 19:27:22.040000+00:00,56.932491,-158.023258,3.62,0.83,4231,11.69636828757878
2023-03-12 19:48:07.320000+00:00,56.941113,-158.074902,5.04,-0.3,4234,9.063652584838207
2023-03-12 19:50:17.160000+00:00,56.910653,-158.145378,8.95,0.43,4235,3.913454163328366
2023-03-12 20:09:46.440000+00:00,56.915271,-158.068392,2.49,0.19,4239,8.630234868976826
2023-03-12 20:28:34.040000+00:00,56.939677,-157.991455,4.31,0.21,4241,13.774718505535564
2023-03-12 20:34:48.780000+00:00,56.967851,-158.016618,7.61,0.05,4243,13.597825270289587
2023-03-12 20:39:06.620000+00:00,56.972742,-158.153727,8.61,0.44,4245,8.178680624028175
2023-03-12 20:46:34.660000+00:00,56.927869,-158.078792,5.18,0.15,4249,8.302716729591806
2023-03-12 20:47:14.520000+00:00,56.895691,-158.06084,1.71,0.07,4250,9.097875648955997
2023-03-12 20:50:10.600000+00:00,56.925464,-158.025618,1.91,0.14,4251,11.382347489961898
2023-03-12 20:51:01.240000+00:00,56.932357,-158.046208,4.92,0.03,4252,10.346346429783313
2023-03-12 21:02:03.820000+00:00,56.954854,-158.004329,7.72,0.17,4254,13.606234179090826
2023-03-12 21:17:20.580000+00:00,56.932218,-158.050586,4.29,0.09,4256,10.086612735546472
2023-03-12 21:29:34.680000+00:00,56.949976,-158.156429,7.19,0.39,4258,5.869145206897727
2023-03-12 21:29:46.040000+00:00,56.951396,-158.157194,7.37,0.5,4259,5.977562213557982
2023-03-12 21:31:11.040000+00:00,56.932145,-158.038167,4.05,-0.07,4260,10.810146711581593
2023-03-12 21:33:04.560000+00:00,56.950326,-158.068294,5.11,0.14,4262,9.898854390074769
2023-03-12 21:33:11.380000+00:00,56.929822,-158.023486,2.99,0.31,4263,11.611274395126888
2023-03-12 21:49:18.680000+00:00,56.871167,-158.131429,0.16,0.01,4266,6.101651607493345
2023-03-12 21:49:54+00:00,56.93772,-158.01499,2.86,0.07,4267,12.33824969394231
2023-03-12 22:17:21.560000+00:00,56.932194,-158.069743,4.94,0.14,4273,8.97617960891579
2023-03-12 22:22:00.020000+00:00,56.984603,-158.061165,10.85,0.66,4274,12.568293586011201
2023-03-12 22:27:49.720000+00:00,56.927995,-158.036019,3.57,0.38,4275,10.821874009359412
2023-03-12 22:30:10.860000+00:00,56.952425,-158.081055,4.97,0.05,4277,9.361954515087987
2023-03-12 22:34:16.720000+00:00,56.949198,-157.998486,2.87,0.13,4279,13.69901694861822
2023-03-12 22:37:02.080000+00:00,56.868193,-158.229964,3.37,0.06,4280,4.378464803528624
2023-03-12 22:37:42.880000+00:00,56.93171,-158.053125,4.3,0.27,4281,9.922267002399948
2023-03-12 22:41:46.360000+00:00,56.940841,-158.070508,5.67,-0.01,4282,9.292729471864423
2023-03-12 22:49:00.720000+00:00,56.953955,-158.068294,4.7,0.1,4284,10.106980755086294
2023-03-12 23:02:57.200000+00:00,56.923885,-158.077132,4.26,0.16,4289,8.280827468721379
2023-03-12 23:08:53.600000+00:00,56.924943,-158.042041,2.44,-0.12,4290,10.390506466822538
2023-03-12 23:28:02.760000+00:00,56.963139,-158.049349,8.97,0.37,4293,11.629149391471302
2023-03-12 23:38:58.720000+00:00,56.855953,-158.190202,4.97,0.38,4294,5.667922150121556
2023-03-12 23:43:11.880000+00:00,56.921265,-158.049805,2.95,0.19,4295,9.84878900472826
2023-03-12 23:44:44+00:00,56.931433,-158.051318,4.47,0.21,4296,10.01881881119398
2023-03-12 23:49:54.040000+00:00,56.937907,-158.027311,4.16,0.06,4298,11.628088783636018
2023-03-12 23:50:02.720000+00:00,56.924154,-157.985254,3.78,0.2,4299,13.780928392151681
2023-03-12 23:54:05.880000+00:00,56.941125,-158.0271,4.28,0.37,4301,11.754885057148961
2023-03-13 00:30:14.830000+00:00,56.867407,-158.138102,3.17,0.56,4306,6.079144397446627
2023-03-13 00:55:16.470000+00:00,56.939978,-157.97443,4.04,0.63,4310,14.78313388897179
2023-03-13 01:03:18.830000+00:00,56.897811,-158.061882,4.78,0.55,4314,9.008252391833674
2023-03-13 01:18:39.250000+00:00,56.94987,-158.071126,5.42,0.23,4317,9.72430915675135
2023-03-13 01:29:40.280000+00:00,56.93678,-158.079753,5.64,0.29,4319,8.59403445435876
2023-03-13 01:52:20.530000+00:00,56.888139,-158.02959,4.49,0.25,4323,11.108725375410945
2023-03-13 01:59:00.650000+00:00,56.924723,-158.056706,4.36,0.16,4324,9.512596027392918
2023-03-13 02:16:46.230000+00:00,56.943014,-157.998535,2.2,0.72,4326,13.469666954707806
2023-03-13 02:23:53.350000+00:00,56.939062,-157.974528,5.89,0.72,4328,14.751593846511632
2023-03-13 02:31:51.150000+00:00,56.935596,-158.017415,7.93,0.47,4329,12.130401806769267
2023-03-13 02:40:30.170000+00:00,56.936963,-158.061475,5.62,0.03,4331,9.631229119437526
2023-03-13 02:57:41.350000+00:00,56.933752,-157.971094,5.54,2.22,4332,14.819732249642426
2023-03-13 02:58:30.050000+00:00,56.917611,-158.004378,4.73,1.28,4333,12.533955349193944
2023-03-13 04:14:12.980000+00:00,56.941565,-158.06792,5.21,0.3,4338,9.469545145564725
2023-03-13 04:29:09.870000+00:00,56.932019,-158.016439,2.03,0.79,4339,12.085765216524562
2023-03-13 04:50:12.590000+00:00,56.9446,-158.00695,5.83,0.29,4341,13.040247765677755
2023-03-13 04:55:54.300000+00:00,56.936328,-158.009733,5.91,0.18,4342,12.602683522486114
2023-03-13 05:43:04.190000+00:00,56.941581,-158.035042,3.19,1.08,4351,11.318003187182661
2023-03-13 06:36:33.960000+00:00,56.935441,-158.038525,3.43,0.64,4357,10.89425707619308
2023-03-13 06:51:59.310000+00:00,56.928035,-158.061849,4.66,0.67,4358,9.2983396448806
2023-03-13 06:53:42.470000+00:00,56.960791,-158.022786,2.68,0.59,4359,12.885049392222658
2023-03-13 07:12:53.810000+00:00,56.936759,-158.018669,7.28,0.4,4360,12.093071068228511
2023-03-13 07:24:38.230000+00:00,56.936511,-158.041585,4.16,0.61,4361,10.753965462766992
2023-03-13 07:47:22.190000+00:00,56.885856,-158.279622,0.7,0.42,4364,4.843090153006441
2023-03-13 07:51:29.300000+00:00,56.932654,-158.018327,3.76,0.87,4365,11.99155878559629
2023-03-13 08:35:26.400000+00:00,56.880005,-158.174365,6.64,0.49,4369,3.5646846616385393
2023-03-13 08:37:54.630000+00:00,56.950378,-158.055876,4.83,0.92,4370,10.562791416504103
2023-03-13 08:45:10.970000+00:00,56.844226,-158.133089,6.76,0.69,4371,8.272844377847312
2023-03-13 09:03:22.760000+00:00,56.93564,-158.038249,3.52,0.95,4373,10.91697541584375
2023-03-13 09:03:34.410000+00:00,56.934094,-158.031413,3.64,0.82,4374,11.265106110030933
2023-03-13 09:07:17.760000+00:00,56.927356,-158.042139,2.85,0.99,4375,10.44281665509317
2023-03-13 09:19:27.450000+00:00,56.947432,-158.090055,5.57,0.72,4376,8.599471701872767
2023-03-13 09:39:22.320000+00:00,56.846871,-158.219694,6.45,0.59,4379,6.594511366131698
2023-03-13 10:12:33+00:00,56.939591,-157.989893,5.94,1.03,4381,13.863641086252585
2023-03-13 10:34:50.900000+00:00,56.948617,-158.058968,5.38,0.94,4386,10.304985203025458
2023-03-13 11:36:21.540000+00:00,56.947115,-158.080371,5.84,0.86,4390,9.083768283791853
2023-03-13 12:12:47.110000+00:00,56.923857,-158.009798,0.52,0.8,4392,12.299066273666678
2023-03-13 13:27:56.650000+00:00,56.934111,-158.039648,4.02,0.85,4395,10.785053323174193
2023-03-13 13:28:15.490000+00:00,56.946847,-158.083122,5.01,0.67,4396,8.924433323948408
2023-03-13 13:46:30.050000+00:00,56.922746,-158.024723,2.12,0.62,4399,11.382171791970988
2023-03-13 13:59:24.590000+00:00,56.888391,-158.025814,2.95,0.39,4401,11.330400858378942
2023-03-13 14:54:06.400000+00:00,56.94847,-158.05848,4.75,0.6,4402,10.323808346278799
2023-03-13 14:59:12.150000+00:00,56.933195,-158.073405,4.23,0.37,4403,8.803647523697256
2023-03-13 15:01:28.390000+00:00,56.950004,-158.066195,5.17,0.89,4404,9.991995284403986
2023-03-13 15:15:11.050000+00:00,56.924544,-158.02321,0.68,1.19,4405,11.50742578905265
2023-03-13 15:17:10.640000+00:00,56.937179,-158.079134,4.88,0.54,4406,8.646396572320993
2023-03-13 17:08:32.760000+00:00,56.950724,-158.071794,5.3,0.78,4410,9.737647884667291
2023-03-13 18:25:58.540000+00:00,56.941089,-158.052913,5.01,0.39,4413,10.28551767904128
2023-03-13 18:35:15.560000+00:00,56.947371,-158.191032,17.89,0.67,4415,4.7568222673593095
2023-03-13 19:10:35.680000+00:00,56.953215,-158.079264,5.49,0.81,4417,9.501425881989777
2023-03-13 19:52:25.640000+00:00,56.935543,-157.987272,2.27,0.51,4418,13.903812206470349
2023-03-13 20:48:22.060000+00:00,56.89742,-158.108024,6.84,2.16,4421,6.223082170157545
2023-03-13 21:39:53.780000+00:00,56.921244,-158.031771,5.88,0.3,4424,10.931692503180875
2023-03-13 21:52:23.520000+00:00,56.949129,-158.056169,4.77,0.59,4425,10.482439831669652
2023-03-13 21:54:09+00:00,56.934668,-158.05599,4.13,0.37,4426,9.857546465472192
2023-03-13 22:58:52.820000+00:00,56.909587,-158.190153,7.77,1.35,4428,1.2232019999467787
2023-03-13 23:04:49.020000+00:00,56.926314,-158.026449,2.98,1.43,4429,11.35122703489582
2023-03-13 23:08:35.960000+00:00,56.929435,-158.044938,4.33,0.53,4430,10.33323433667829
2023-03-14 00:39:37.830000+00:00,56.936873,-158.0479,4.02,0.48,4435,10.403357380684492
2023-03-14 00:55:13.050000+00:00,56.92028,-157.996956,3.58,0.49,4437,13.016673705840681
2023-03-14 00:57:15.320000+00:00,56.925997,-157.987256,2.96,0.52,4440,13.692228545370755
2023-03-14 03:55:53.770000+00:00,56.949967,-158.001416,6.61,0.84,4444,13.562922801138809
2023-03-14 04:30:41.830000+00:00,56.952893,-157.977425,4.31,0.48,4450,15.04363142855344
2023-03-14 05:02:20.600000+00:00,56.934928,-158.007422,5.67,0.5,4452,12.697769008754658
2023-03-14 05:41:19.380000+00:00,56.864408,-158.164014,4.65,0.9,4454,5.363409001391935
2023-03-14 05:49:53+00:00,56.920947,-158.036735,3.0,0.5,4458,10.62793401671232
2023-03-14 05:52:13.470000+00:00,56.933712,-158.049105,11.75,0.39,4459,10.222091193448529
2023-03-14 06:20:37.610000+00:00,56.917594,-158.028174,2.34,1.97,4461,11.093222821404519
2023-03-14 06:21:08.320000+00:00,56.927596,-157.992594,2.5,0.99,4462,13.402440912520108
2023-03-14 07:07:22.780000+00:00,56.908252,-158.036263,7.05,0.21,4467,10.527308335469511
2023-03-14 07:26:21.500000+00:00,56.925102,-158.069076,4.25,0.54,4469,8.789626166572845
2023-03-14 08:52:31.650000+00:00,56.920496,-158.135531,7.95,0.47,4472,4.765104548722196
2023-03-14 10:22:13.970000+00:00,56.932556,-158.064925,5.05,-0.05,4478,9.266779850022553
2023-03-14 11:08:58.360000+00:00,56.903621,-158.197982,6.5,0.49,4480,0.7138068788570799
2023-03-14 11:11:22.280000+00:00,56.933785,-158.081445,5.41,0.62,4481,8.37023052223895
2023-03-14 13:03:02.940000+00:00,56.942371,-158.023405,2.56,0.97,4486,12.013309384903618
2023-03-14 13:42:39.130000+00:00,56.886316,-158.042594,3.58,0.35,4488,10.370539852468807
2023-03-14 14:05:38.940000+00:00,56.886662,-158.016569,2.67,0.79,4489,11.9190558933632
2023-03-14 14:13:23+00:00,56.888094,-158.032227,4.09,1.14,4490,10.95150953943709
2023-03-14 14:25:19.140000+00:00,56.955208,-158.056787,4.98,0.65,4492,10.777733322951228
2023-03-14 16:16:15.530000+00:00,56.95214,-158.056201,4.68,0.7,4495,10.638911386677854
2023-03-14 16:19:08.580000+00:00,56.929602,-158.02526,2.55,1.5,4496,11.500521519859856
2023-03-14 16:21:54.610000+00:00,56.919002,-158.029704,2.41,1.48,4498,11.020297476154095
2023-03-14 16:52:00.450000+00:00,56.940011,-158.033757,18.54,0.79,4501,11.331519343896037
2023-03-14 17:02:48.040000+00:00,56.889107,-158.006608,0.45,1.63,4503,12.472908458535404
2023-03-14 17:04:27.520000+00:00,56.89209,-158.023519,5.55,0.98,4504,11.405263225674224
2023-03-14 17:05:15.720000+00:00,56.88868,-158.12985,4.43,0.96,4505,5.186465954425664
2023-03-14 17:07:38.440000+00:00,56.885258,-158.019206,3.73,1.2,4506,11.790525265926725
2023-03-14 17:15:48.600000+00:00,56.918734,-158.03387,2.63,0.75,4507,10.76485189298688
2023-03-14 18:49:25.420000+00:00,56.923832,-158.057796,3.8,0.74,4519,9.426338311799746
2023-03-14 18:55:01.720000+00:00,56.952669,-158.065413,5.71,0.64,4521,10.182074543561907
2023-03-14 18:59:33.280000+00:00,56.892769,-158.159619,5.12,1.84,4522,3.340711646908361
2023-03-14 19:03:57.180000+00:00,56.938822,-158.081315,4.56,0.5,4523,8.601530984926494
2023-03-14 19:21:14.520000+00:00,56.938416,-158.007829,2.41,0.5,4525,12.77818495120925
2023-03-14 19:52:21.760000+00:00,56.941593,-158.021566,1.63,0.95,4526,12.089998284262895
2023-03-14 20:01:44.560000+00:00,56.939449,-158.011344,4.4,0.35,4529,12.606654060359963
2023-03-14 20:22:54.920000+00:00,56.935559,-158.022363,3.44,0.7,4531,11.839692515300687
2023-03-14 20:36:48.280000+00:00,56.900553,-158.095101,7.6,0.41,4533,6.9644102667993915
2023-03-14 23:04:48.480000+00:00,56.853422,-158.093848,5.28,0.53,4535,9.127398034688458
2023-03-14 23:37:12.720000+00:00,56.911593,-158.307422,12.65,1.15,4538,6.030562583196831
2023-03-14 23:42:15.880000+00:00,56.925468,-158.033154,2.16,1.48,4540,10.93235244582501
2023-03-15 00:47:21.940000+00:00,56.885197,-158.00944,1.65,0.45,4543,12.37618507359606
2023-03-15 01:13:32.050000+00:00,56.926672,-157.998535,4.64,2.01,4544,13.028141227306087
2023-03-15 01:19:18.980000+00:00,56.964152,-158.030664,8.79,0.73,4546,12.652794652958637
2023-03-15 01:23:39.800000+00:00,56.941203,-158.012728,5.34,0.65,4547,12.585748106142525
2023-03-15 01:37:26.370000+00:00,56.886784,-158.256722,2.3,0.63,4548,3.5974961712666036
2023-03-15 01:38:20.140000+00:00,56.938049,-158.091602,5.48,0.7,4549,8.000723070538065
2023-03-15 02:48:51.210000+00:00,56.898356,-158.193197,7.29,0.57,4551,1.2705674480601958
2023-03-15 03:01:56.180000+00:00,56.8559,-158.18833,7.97,0.58,4552,5.697852081475755
2023-03-15 03:06:34.060000+00:00,56.951009,-158.047428,4.04,0.7,4553,11.051249040118012
2023-03-15 03:51:12.980000+00:00,56.947196,-158.052799,4.64,0.43,4554,10.569606289033173
2023-03-15 04:11:42.120000+00:00,56.901107,-158.202588,7.52,0.58,4556,0.6524916778757639
2023-03-15 04:33:48.700000+00:00,56.919958,-158.011523,6.12,0.54,4558,12.132014288672288
2023-03-15 05:11:49.060000+00:00,56.885071,-158.256934,2.46,0.23,4560,3.7231644258909453
2023-03-15 06:26:02.070000+00:00,56.950065,-157.97998,6.41,0.97,4562,14.790501071531379
2023-03-15 06:38:50.550000+00:00,56.944832,-158.003337,4.74,0.52,4563,13.25644217743201
2023-03-15 07:06:04.100000+00:00,56.936218,-158.020052,7.69,0.62,4564,11.99529337260046
2023-03-15 07:42:18.520000+00:00,56.891199,-158.029085,4.32,0.62,4568,11.083484464632592
2023-03-15 09:01:16.780000+00:00,56.864901,-158.234961,0.31,1.25,4569,4.82154053406402
2023-03-15 09:37:44.300000+00:00,56.90295,-158.105469,6.25,0.33,4572,6.3159121283656114
2023-03-15 10:16:33.330000+00:00,56.907483,-157.982324,5.61,1.77,4575,13.811337726781703
2023-03-15 12:47:29.960000+00:00,56.950663,-158.039551,3.63,0.72,4580,11.463490320207496
2023-03-15 14:36:16.110000+00:00,56.945744,-158.046908,3.86,0.99,4582,10.826272213303348
2023-03-15 15:08:16.070000+00:00,56.833976,-158.192627,5.7,0.38,4583,8.06022929159348
2023-03-15 15:18:59.790000+00:00,56.867293,-158.164632,4.29,0.44,4584,5.069710269850518
2023-03-15 15:32:05.130000+00:00,56.934481,-158.042855,2.72,1.03,4586,10.610705321156935
2023-03-15 15:33:41.120000+00:00,56.93597,-157.998779,4.59,0.4,4587,13.236167348688298
2023-03-15 15:50:26.110000+00:00,56.95494,-158.115788,4.8,0.47,4588,7.883733952848395
2023-03-15 17:00:54.440000+00:00,56.924109,-158.034505,2.09,1.08,4593,10.822405142445422
2023-03-15 18:44:28.440000+00:00,56.955086,-158.063835,4.43,0.54,4595,10.403885746462027
2023-03-15 18:51:02.140000+00:00,56.947388,-158.036247,4.6,0.64,4596,11.49356875912366
2023-03-15 18:51:24.640000+00:00,56.879215,-158.092122,6.22,0.71,4597,7.714081075395989
2023-03-15 19:04:22.600000+00:00,56.949552,-158.07819,4.92,0.36,4598,9.336997292079745
2023-03-15 19:09:55.280000+00:00,56.843701,-158.223551,2.71,0.25,4599,6.971885938278747
2023-03-15 19:17:05.580000+00:00,56.895581,-158.182471,9.49,0.41,4600,1.976891540118489
2023-03-15 19:39:49.960000+00:00,56.861857,-158.168099,5.06,0.82,4602,5.492019311434144
2023-03-15 20:44:52.680000+00:00,56.897644,-158.021289,3.46,0.25,4603,11.473661478676123
2023-03-15 21:38:05.600000+00:00,56.941748,-158.009701,1.78,0.72,4604,12.779732432506535
2023-03-15 23:12:18.240000+00:00,56.915096,-158.063363,5.43,0.39,4607,8.932114331588684
2023-03-15 23:54:27.640000+00:00,56.920728,-158.07321,4.93,0.63,4614,8.43683521756959
2023-03-15 23:54:42.980000+00:00,56.922144,-158.081722,5.84,0.52,4615,7.9635706098325185
2023-03-16 00:08:09.940000+00:00,56.926249,-157.999023,4.92,0.25,4616,12.990627091645898
2023-03-16 00:09:51.860000+00:00,56.938021,-158.033317,2.0,0.42,4617,11.2846212346975
2023-03-16 00:49:04.380000+00:00,56.879822,-158.083219,5.72,0.86,4619,8.193618043791735
2023-03-16 00:56:07.250000+00:00,56.893038,-158.156169,4.87,0.71,4620,3.5190397895305905
2023-03-16 01:25:17.180000+00:00,56.902201,-158.207324,5.83,0.56,4622,0.41358281236888794
2023-03-16 01:31:57.250000+00:00,56.95815,-158.060579,4.69,0.42,4623,10.75358204975384
2023-03-16 01:53:46.450000+00:00,56.924382,-158.030876,3.55,1.39,4624,11.045186655549541
2023-03-16 02:15:01.070000+00:00,56.927763,-158.077441,4.42,0.32,4625,8.377908361647888
2023-03-16 02:57:40.830000+00:00,56.893262,-158.155794,5.87,0.82,4628,3.5300074589823316
2023-03-16 03:16:01.460000+00:00,56.946908,-158.02736,2.67,0.37,4629,11.970344720047162
2023-03-16 03:23:16.790000+00:00,56.929936,-158.089014,3.8,0.61,4630,7.786455281581721
2023-03-16 03:24:17.950000+00:00,56.86558,-158.167627,4.53,0.57,4631,5.140077397140971
2023-03-16 03:25:46.070000+00:00,56.930282,-158.048844,3.27,0.65,4633,10.12823601700191
2023-03-16 03:57:21.680000+00:00,56.879679,-158.133691,7.7,0.11,4636,5.433943059960005
2023-03-16 03:59:31.550000+00:00,56.904899,-158.088444,6.52,0.31,4637,7.345725581207599
2023-03-16 04:10:22.020000+00:00,56.899414,-158.080794,4.75,1.22,4640,7.8440014293769975
2023-03-16 04:12:54.310000+00:00,56.904,-158.102669,5.93,0.18,4641,6.481540788354829
2023-03-16 04:59:29.620000+00:00,56.924731,-158.030127,4.43,0.75,4644,11.09727145855037
2023-03-16 05:25:28.220000+00:00,56.92832,-158.026156,1.59,0.76,4645,11.415401501470525
2023-03-16 05:29:29.300000+00:00,56.951937,-158.064746,4.94,0.35,4646,10.175640726665955
2023-03-16 05:31:27.650000+00:00,56.936743,-158.074984,5.84,0.62,4647,8.859207601365135
2023-03-16 05:35:33.560000+00:00,56.940035,-157.960775,2.77,1.23,4649,15.58967047483038
2023-03-16 05:58:41.730000+00:00,56.930461,-158.024414,2.09,1.04,4651,11.572866776081906
2023-03-16 06:11:55.140000+00:00,56.86318,-158.134066,4.37,0.87,4652,6.587246333646444
2023-03-16 06:57:52.590000+00:00,56.927588,-158.007389,6.28,0.64,4656,12.51710229323717
2023-03-16 07:47:47.550000+00:00,56.89775,-158.134587,7.14,0.15,4659,4.621914026893197
2023-03-16 08:21:34.820000+00:00,56.886731,-158.176286,6.07,0.21,4661,2.912688012235845
2023-03-16 08:36:51.300000+00:00,56.877743,-158.076872,4.53,1.64,4664,8.637852819013908
2023-03-16 08:39:20.440000+00:00,56.941557,-158.043636,3.53,0.78,4665,10.828750468357729
2023-03-16 08:45:51.520000+00:00,56.921468,-158.01359,0.58,0.41,4666,12.030180176483398
2023-03-16 08:49:23.370000+00:00,56.883244,-158.045508,16.22,0.44,4667,10.275578611995774
2023-03-16 08:53:37.380000+00:00,56.918953,-157.99554,2.87,0.75,4669,13.085132596694171
2023-03-16 09:55:45.890000+00:00,56.918929,-158.054346,3.81,0.82,4676,9.533512564161244
2023-03-16 10:02:00.070000+00:00,56.921672,-158.017301,5.46,1.53,4677,11.809915178607346
2023-03-16 10:17:12.190000+00:00,56.91674,-158.016585,0.77,0.73,4678,11.784431632322027
2023-03-16 10:25:05.450000+00:00,56.918872,-158.023584,2.39,0.44,4679,11.388032690284092
2023-03-16 10:47:00.950000+00:00,56.925061,-158.012874,0.34,0.27,4681,12.137049678714574
2023-03-16 11:03:41.520000+00:00,56.951847,-158.013428,3.96,0.85,4683,12.96512105321984
2023-03-16 11:04:56.470000+00:00,56.939421,-158.001937,0.76,0.5,4684,13.15385133991597
2023-03-16 12:43:23.630000+00:00,56.872469,-158.028695,9.63,0.4,4690,11.599935968658404
2023-03-16 13:41:17.380000+00:00,56.93398,-158.014193,3.64,3.05,4695,12.27226238043807
2023-03-16 13:43:02.040000+00:00,56.93112,-158.027197,2.25,1.13,4697,11.426071860156698
2023-03-16 13:45:05.040000+00:00,56.932259,-158.023796,1.59,0.73,4699,11.65815818521051
2023-03-16 13:45:28.480000+00:00,56.924963,-158.065007,3.17,0.96,4700,9.026491031468671
2023-03-16 13:45:33.310000+00:00,56.933358,-158.051628,3.58,1.44,4701,10.063769646121347
2023-03-16 13:46:27.360000+00:00,56.92974,-158.036572,3.47,2.18,4702,10.835014366398646
2023-03-16 14:23:09.560000+00:00,56.948446,-158.057829,4.1,0.44,4706,10.357793038938475
2023-03-16 14:24:48.400000+00:00,56.93206,-158.01766,0.83,0.96,4707,12.01472144581588
2023-03-16 14:57:56.990000+00:00,56.91925,-158.001986,0.69,1.43,4712,12.698827758834302
2023-03-16 15:04:37.930000+00:00,56.931356,-157.974967,5.24,1.17,4713,14.535060456965068
2023-03-16 15:28:37.360000+00:00,56.959977,-157.993164,6.67,0.51,4715,14.459205605625842
2023-03-16 15:51:42.920000+00:00,56.927169,-158.009245,4.01,0.63,4717,12.397246958310387
2023-03-16 16:25:08.070000+00:00,56.956384,-158.070573,4.54,0.39,4719,10.137175441804475
2023-03-16 16:25:39.740000+00:00,56.938387,-158.038102,2.73,0.96,4720,11.022033837272618
2023-03-16 17:44:16.520000+00:00,56.945687,-158.056657,4.61,0.62,4723,10.285201361221791
2023-03-16 17:45:41.760000+00:00,56.866207,-158.183512,6.67,0.12,4724,4.674736792567606
2023-03-16 17:46:41.040000+00:00,56.953178,-158.070654,5.48,0.8,4725,9.939348179480753
2023-03-16 18:08:02.440000+00:00,56.908761,-158.011393,2.45,0.2,4726,12.043369321125938
2023-03-16 18:40:05.960000+00:00,56.849679,-158.215381,2.05,0.4,4727,6.261603072619071
2023-03-16 19:27:36.240000+00:00,56.941846,-158.036165,3.9,1.11,4730,11.264467361680326
2023-03-16 19:41:58.560000+00:00,56.934774,-157.997298,2.41,0.84,4731,13.290668111394654
2023-03-16 19:48:44.920000+00:00,56.929146,-158.006868,1.96,0.59,4732,12.582682022148573
2023-03-16 20:38:04.500000+00:00,56.956921,-158.068945,4.94,0.53,4736,10.25276332954242
2023-03-16 21:29:58.040000+00:00,56.881372,-158.257829,2.39,0.27,4739,4.03184947410704
2023-03-16 22:08:48.640000+00:00,56.945785,-158.093278,4.84,0.17,4741,8.33557572353236
2023-03-16 23:12:08.360000+00:00,56.978109,-158.128434,6.05,0.24,4746,9.427927393531276
2023-03-16 23:19:35.280000+00:00,56.966284,-158.135531,6.88,0.4,4747,8.085134097512784
2023-03-16 23:58:48.600000+00:00,56.939368,-158.012142,2.82,0.2,4750,12.557586331652635
2023-03-17 00:02:18.600000+00:00,56.90188,-158.055827,5.05,-0.07,4751,9.34285506755179
2023-03-17 00:45:12.700000+00:00,56.941146,-158.023665,2.61,0.33,4753,11.952976903295875
2023-03-17 01:20:24.800000+00:00,56.865007,-158.116618,5.68,0.07,4757,7.2352735751097015
2023-03-17 01:47:38.320000+00:00,56.900374,-158.020996,3.42,0.25,4758,11.47101781796489
2023-03-17 01:50:10.990000+00:00,56.862423,-158.16307,5.46,0.38,4759,5.583197192844776
2023-03-17 01:52:01.640000+00:00,56.86768,-158.244613,0.2,-0.25,4760,4.767838500276164
2023-03-17 01:54:46.410000+00:00,56.864079,-158.164225,4.5,0.09,4762,5.388406384468722
2023-03-17 01:58:38.190000+00:00,56.933842,-158.048682,4.36,1.3,4763,10.251020749039627
2023-03-17 02:04:22.090000+00:00,56.868652,-158.154362,6.39,-0.05,4764,5.310813969012998
2023-03-17 02:06:31.350000+00:00,56.867582,-158.156055,6.94,-0.05,4765,5.341187694539405
2023-03-17 02:11:29.420000+00:00,56.868445,-158.16945,6.57,0.01,4766,4.8078811541806505
2023-03-17 02:28:27.250000+00:00,56.886544,-158.271208,1.97,0.11,4767,4.355460125434993
2023-03-17 03:02:20.670000+00:00,56.864945,-158.158415,5.1,0.15,4768,5.496070518202345
2023-03-17 03:12:46.970000+00:00,56.905306,-158.176628,8.42,0.36,4769,1.973065221401202
2023-03-17 03:25:54.350000+00:00,56.914335,-158.052637,4.37,2.71,4770,9.572728899739491
2023-03-17 03:30:12.820000+00:00,56.918311,-158.065951,5.5,0.85,4771,8.824566697548052
2023-03-17 03:34:20.530000+00:00,56.921403,-158.072201,5.43,0.33,4772,8.51205175429998
2023-03-17 03:45:32.660000+00:00,56.884371,-158.179215,6.93,-0.19,4773,2.9982156404358364
2023-03-17 05:41:49.530000+00:00,56.928251,-158.003792,2.92,0.89,4781,12.746270249925646
2023-03-17 06:16:54.580000+00:00,56.921362,-158.062646,3.93,-0.01,4782,9.081729564911694
2023-03-17 06:41:19.710000+00:00,56.943738,-158.082829,5.24,0.18,4785,8.768070627204938
2023-03-17 06:45:28.270000+00:00,56.933931,-158.019971,7.0,0.2,4786,11.930978447099383
2023-03-17 06:49:37.830000+00:00,56.938574,-158.006901,1.96,0.2,4787,12.837344405538314
2023-03-17 07:27:21.670000+00:00,56.921757,-158.118197,6.4,0.02,4789,5.809480696246262
2023-03-17 07:28:48.360000+00:00,56.885714,-158.05127,5.54,0.19,4790,9.86918612394586
2023-03-17 07:42:14.750000+00:00,56.865458,-158.123991,4.3,1.93,4793,6.858203644357277
2023-03-17 08:33:09.380000+00:00,56.864144,-158.141292,6.06,-0.23,4795,6.209152018968664
2023-03-17 09:03:06.030000+00:00,56.884542,-158.175488,6.38,0.05,4798,3.1264894866083153
2023-03-17 09:16:29.400000+00:00,56.885067,-158.020231,2.07,-0.07,4799,11.733447972047243
2023-03-17 09:18:08.360000+00:00,56.883341,-158.02347,2.86,0.1,4800,11.580219392976737
2023-03-17 09:34:28.130000+00:00,56.884473,-158.170312,5.93,0.33,4801,3.3465428431039537
2023-03-17 09:37:41.120000+00:00,56.919067,-158.018929,0.62,0.35,4802,11.672020707765125
2023-03-17 09:45:29.750000+00:00,56.888078,-158.042415,4.57,0.2,4804,10.34174395443322
2023-03-17 10:03:50.280000+00:00,56.88632,-158.049056,4.72,-0.18,4806,9.985693935834602
2023-03-17 10:08:55.490000+00:00,56.887484,-158.059424,4.16,-0.13,4807,9.340651369070878
2023-03-17 11:30:17.180000+00:00,56.888794,-158.174984,6.74,0.03,4812,2.807720648651962
2023-03-17 11:38:24.150000+00:00,56.92288,-158.082324,3.12,0.66,4813,7.9470189020816875
2023-03-17 11:51:04.970000+00:00,56.864319,-158.219564,2.68,-0.14,4815,4.663906324868104
2023-03-17 11:51:31.150000+00:00,56.873612,-158.158805,1.59,1.05,4816,4.712562228121133
2023-03-17 12:00:13.850000+00:00,56.923047,-158.014502,4.48,0.09,4817,12.001850366663337
2023-03-17 12:13:27.070000+00:00,56.900627,-158.099593,8.0,0.08,4818,6.690996428614553
2023-03-17 12:34:11.040000+00:00,56.864575,-158.151563,5.57,0.81,4820,5.773557054926622
2023-03-17 12:42:51.620000+00:00,56.926428,-158.058887,4.64,0.22,4821,9.427350670199022
2023-03-17 13:35:26.860000+00:00,56.878507,-158.253581,2.01,0.04,4823,4.076766008542875
2023-03-17 13:49:08.810000+00:00,56.902075,-158.204232,5.27,0.21,4825,0.5064202651494739
2023-03-17 14:09:54.900000+00:00,56.935413,-158.025212,1.87,0.53,4826,11.668636549055455
2023-03-17 16:46:41.700000+00:00,56.859102,-158.189665,4.15,0.36,4830,5.332104087613471
2023-03-17 16:55:22.860000+00:00,56.919556,-158.140918,8.39,0.36,4831,4.421043964264948
2023-03-17 17:18:36.960000+00:00,56.918376,-158.036702,3.45,0.05,4834,10.588620037325006
2023-03-17 19:18:45.400000+00:00,56.875106,-158.126709,7.29,0.44,4839,6.069595290346517
2023-03-17 21:02:20.160000+00:00,56.864689,-158.161458,7.27,0.07,4842,5.418252202620264
2023-03-17 21:34:27.560000+00:00,56.858887,-158.276156,0.79,0.24,4845,6.63724688149386
2023-03-17 23:28:08.760000+00:00,56.883553,-158.173177,6.5,0.28,4852,3.302079393169092
2023-03-17 23:29:03.640000+00:00,56.89366,-158.304492,0.9,0.71,4853,5.973832799772624
2023-03-17 23:47:39.600000+00:00,56.893583,-158.156624,4.87,0.58,4855,3.4694276888150517
2023-03-18 01:19:48.410000+00:00,56.916911,-157.996826,2.5,0.33,4862,12.984002874979689
2023-03-18 01:58:42.840000+00:00,56.947624,-158.005094,7.39,0.35,4864,13.260951973778342
2023-03-18 02:20:27.630000+00:00,56.949638,-158.059733,4.65,0.45,4868,10.316912958908397
2023-03-18 02:41:06.120000+00:00,56.945593,-158.066715,3.86,0.39,4871,9.731627832632219
2023-03-18 02:54:36.900000+00:00,56.919893,-158.015186,2.21,0.98,4872,11.909867729796023
2023-03-18 03:07:53.930000+00:00,56.956669,-158.068213,4.71,0.58,4873,10.274384431948377
2023-03-18 03:30:45.530000+00:00,56.912354,-158.024414,0.3,0.41,4875,11.268693671343721
2023-03-18 04:12:33.550000+00:00,56.923657,-158.034749,4.03,0.5,4879,10.798490243341536
2023-03-18 04:58:41.680000+00:00,56.920825,-158.00734,4.04,0.48,4881,12.397220921638924
2023-03-18 05:32:10.840000+00:00,56.912634,-158.164762,17.97,0.07,4883,2.8003726652119374
2023-03-18 05:43:03.690000+00:00,56.879386,-158.098096,6.31,0.29,4885,7.3715520315629774
2023-03-18 05:48:07.270000+00:00,56.929647,-158.001188,2.71,0.41,4887,12.93262178452043
2023-03-18 05:49:06.950000+00:00,56.908838,-158.018815,2.18,0.36,4888,11.591608763092411
2023-03-18 05:52:38.510000+00:00,56.883232,-158.038053,10.02,0.5,4889,10.717023358036545
2023-03-18 06:20:28.050000+00:00,56.888131,-158.030273,5.22,0.61,4891,11.067922786852561
2023-03-18 06:55:50.640000+00:00,56.859924,-158.189876,4.29,0.55,4892,5.239992172081582
2023-03-18 07:54:03.740000+00:00,56.908419,-158.01543,2.9,1.23,4893,11.796567447250212
2023-03-18 07:59:44.140000+00:00,56.911906,-158.173844,8.97,0.55,4894,2.247072082516555
2023-03-18 08:11:24.320000+00:00,56.892794,-158.114876,5.71,0.35,4897,5.915599048235858
2023-03-18 08:31:01.150000+00:00,56.943827,-158.015365,8.01,0.45,4899,12.528676536612554
2023-03-18 11:38:58+00:00,56.93221,-158.014111,7.29,0.32,4906,12.228467139551233
2023-03-18 12:02:45.890000+00:00,56.909298,-158.100993,6.18,0.35,4909,6.591608299971616
2023-03-18 12:11:04.520000+00:00,56.955477,-158.068018,4.59,0.25,4910,10.211892849949049
2023-03-18 12:50:51.440000+00:00,56.866386,-158.225553,3.41,0.55,4911,4.503551375770177
2023-03-18 12:59:43.290000+00:00,56.937594,-157.974642,3.71,0.09,4912,14.70493147285721
2023-03-18 14:08:42.530000+00:00,56.931978,-158.152865,8.44,0.2,4916,4.492959062312463
2023-03-18 14:20:44.660000+00:00,56.862219,-158.181494,3.99,0.57,4917,5.1345955582311404
2023-03-18 14:21:45.870000+00:00,56.848226,-158.150944,6.92,-0.01,4918,7.323603653983274
2023-03-18 14:24:33.650000+00:00,56.899662,-158.205859,7.07,-0.06,4920,0.709804147910708
2023-03-18 14:25:04.740000+00:00,56.891821,-158.157259,5.45,0.86,4921,3.5162883103473006
2023-03-18 14:33:53.570000+00:00,56.889185,-158.081559,5.52,0.18,4922,7.983505009419477
2023-03-18 14:44:00.480000+00:00,56.806868,-158.311995,11.76,0.29,4925,12.682667206013443
2023-03-18 14:56:33.310000+00:00,56.850903,-158.190658,5.62,0.05,4926,6.214651176848685
2023-03-18 15:12:21.130000+00:00,56.92432,-158.018636,2.69,0.71,4929,11.777156931690813
2023-03-18 15:15:03.060000+00:00,56.886369,-158.171777,6.89,0.31,4930,3.134927154131299
2023-03-18 16:49:40.180000+00:00,56.864457,-158.214567,1.64,0.73,4938,4.6163567083097155
2023-03-18 17:17:22.600000+00:00,56.878198,-158.144499,0.9,0.87,4939,4.990199305500433
2023-03-18 17:25:14.760000+00:00,56.945947,-158.059326,4.9,0.58,4940,10.151546582870942
2023-03-18 18:30:31+00:00,56.863603,-158.23182,3.6,-0.03,4944,4.900556571306928
2023-03-18 19:24:20.640000+00:00,56.952966,-158.027995,0.94,0.02,4946,12.208484844975413
2023-03-18 19:32:32+00:00,56.86499,-158.166813,4.58,0.4,4947,5.221694118063846
2023-03-18 19:46:20.700000+00:00,56.899434,-158.171696,7.96,-0.04,4950,2.380947702080992
2023-03-18 19:49:24.760000+00:00,56.872782,-158.141048,4.54,0.88,4951,5.538398056008164
2023-03-18 19:59:58.180000+00:00,56.890861,-158.027067,6.22,-0.07,4952,11.21071342334383
2023-03-18 20:51:51.600000+00:00,56.885795,-158.038379,4.11,0.25,4960,10.633932827020868
2023-03-18 21:09:12.960000+00:00,56.839876,-158.095622,6.15,-0.2,4961,10.084229047917706
2023-03-18 21:51:13.280000+00:00,56.93488,-157.980094,5.99,0.07,4964,14.311990199549877
2023-03-18 22:12:44.720000+00:00,56.860144,-158.192952,4.47,0.47,4965,5.1774240429349065
2023-03-18 22:15:41.460000+00:00,56.952804,-158.068815,5.01,0.21,4966,10.012619561572812
2023-03-18 22:16:33.640000+00:00,56.857235,-158.19611,4.59,-0.05,4967,5.464885603893266
2023-03-18 22:20:11.960000+00:00,56.87111,-158.184408,6.13,-0.27,4968,4.1436385033472805
2023-03-18 22:20:29.680000+00:00,56.871663,-158.18291,6.02,-0.06,4969,4.120655162705488
2023-03-18 23:36:14.460000+00:00,56.936312,-158.030143,1.99,0.31,4974,11.410174610081693
2023-03-18 23:47:20.140000+00:00,56.900326,-158.071061,7.42,0.1,4975,8.426713446954812
2023-03-19 00:16:58.550000+00:00,56.898539,-158.002067,0.36,-0.29,4977,12.634645578978457
2023-03-19 01:08:39.030000+00:00,56.945479,-158.112598,4.4,0.08,4984,7.347359355104886
2023-03-19 01:13:49.100000+00:00,56.910522,-158.037728,5.17,0.2,4985,10.44743835158738
2023-03-19 01:15:49.230000+00:00,56.90544,-158.021533,3.73,0.86,4986,11.421670845185975
2023-03-19 01:27:55.780000+00:00,56.850122,-158.222673,2.16,0.17,4989,6.255967637686569
2023-03-19 01:33:16.670000+00:00,56.908492,-158.027197,4.22,0.4,4990,11.08012052606528
2023-03-19 01:42:58.280000+00:00,56.885038,-158.263379,2.41,-0.18,4992,4.040788857284291
2023-03-19 01:58:35.560000+00:00,56.899064,-158.072249,5.24,0.52,4995,8.366087713773588
2023-03-19 02:22:59.580000+00:00,56.837297,-158.235059,7.69,-0.05,4996,7.792090033554163
2023-03-19 02:40:24.400000+00:00,56.934884,-158.016764,6.95,-0.1,4997,12.147268838207218
2023-03-19 03:02:57.830000+00:00,56.861247,-158.163151,5.22,-0.12,4998,5.694470366452464
2023-03-19 03:09:33.460000+00:00,56.889299,-158.025765,1.85,0.38,5000,11.316351851715446
2023-03-19 03:12:06.330000+00:00,56.889714,-158.024984,3.94,0.38,5001,11.355873423907461
2023-03-19 03:21:50.430000+00:00,56.900277,-158.202295,5.72,0.2,5003,0.7383531046596653
2023-03-19 05:38:47.630000+00:00,56.889221,-158.093376,5.26,0.27,5015,7.283884264063986
2023-03-19 05:48:57.670000+00:00,56.941805,-158.03221,3.99,1.01,5018,11.488233503860894
2023-03-19 07:03:04.790000+00:00,56.906791,-158.106673,7.54,0.04,5022,6.2352326665159925
2023-03-19 07:05:16.680000+00:00,56.869413,-158.144027,5.34,0.36,5023,5.666009509547939
2023-03-19 07:18:32.660000+00:00,56.924333,-157.987174,4.22,0.23,5025,13.668247948346977
2023-03-19 07:19:04.810000+00:00,56.850785,-158.25153,11.66,0.45,5026,6.652526243493902
2023-03-19 07:23:52.640000+00:00,56.940381,-158.019987,7.53,0.1,5027,12.137501852988704
2023-03-19 07:30:37.790000+00:00,56.868913,-158.138704,1.84,0.28,5028,5.9357860217559075
2023-03-19 08:05:15.790000+00:00,56.922282,-158.033415,2.8,0.29,5030,10.851614917199896
2023-03-19 08:27:05.070000+00:00,56.944336,-158.044531,3.64,0.24,5031,10.895867278331425
2023-03-19 08:39:18.550000+00:00,56.948633,-158.010026,2.01,0.17,5032,13.020782215584784
2023-03-19 08:43:32.230000+00:00,56.836434,-158.233773,2.5,0.63,5033,7.870771401895789
2023-03-19 10:19:17.260000+00:00,56.955253,-158.066357,4.88,0.35,5037,10.283687091184131
2023-03-19 10:19:45.330000+00:00,56.969194,-158.088656,4.73,0.21,5038,10.17368463047882
2023-03-19 10:37:03.430000+00:00,56.865442,-158.102523,5.33,1.29,5039,7.894715511877628
2023-03-19 10:43:40.260000+00:00,56.911532,-158.02526,5.15,0.13,5040,11.211802963684852
2023-03-19 10:43:50.820000+00:00,56.933988,-158.002881,1.89,0.22,5041,12.939703393657252
2023-03-19 11:53:37.370000+00:00,56.947115,-158.02889,2.84,0.51,5044,11.893185031058252
2023-03-19 12:12:10.530000+00:00,56.944722,-158.065218,5.05,0.55,5046,9.76954844962988
2023-03-19 12:12:29.160000+00:00,56.945646,-158.075472,5.34,0.65,5047,9.262880471469694
2023-03-19 13:08:29.670000+00:00,56.955306,-158.063704,5.06,0.52,5050,10.423576830017648
2023-03-19 13:18:28.820000+00:00,56.924821,-157.993083,5.4,0.72,5052,13.321013427674922
2023-03-19 13:55:23.510000+00:00,56.918693,-158.003776,3.94,0.31,5054,12.583422729927735
2023-03-19 14:02:48.350000+00:00,56.918319,-157.999837,4.6,0.79,5055,12.817296060087095
2023-03-19 14:12:49.930000+00:00,56.899312,-158.061149,4.86,1.4,5056,9.037622899831344
2023-03-19 15:13:23.180000+00:00,56.932544,-158.003841,6.63,1.4,5058,12.844992842189585
2023-03-19 15:26:56.860000+00:00,56.928015,-158.052295,3.36,0.64,5060,9.859900020110903
2023-03-19 15:35:31.920000+00:00,56.901949,-158.188802,7.55,0.57,5062,1.303218266697268
2023-03-19 15:41:47.660000+00:00,56.930823,-158.029346,1.55,0.76,5063,11.291115363188894
2023-03-19 15:42:13.720000+00:00,56.949711,-158.059375,4.96,0.54,5064,10.339955990355786
2023-03-19 15:42:29.820000+00:00,56.935164,-158.033057,1.64,0.89,5065,11.203063220805843
2023-03-19 15:45:11.170000+00:00,56.953121,-158.070671,4.84,0.55,5066,9.935108257955285
2023-03-19 18:26:04.040000+00:00,56.881042,-158.09821,8.74,0.74,5073,7.2933565950915185
2023-03-19 19:00:51.380000+00:00,56.87561,-158.193604,4.98,0.27,5075,3.4904034578506873
2023-03-19 19:03:27.600000+00:00,56.885384,-158.175049,5.97,0.31,5076,3.074037401520915
2023-03-19 19:32:12.820000+00:00,56.919328,-158.042285,4.58,0.61,5077,10.266507307769158
2023-03-19 19:33:31.420000+00:00,56.918591,-158.026335,2.98,0.38,5078,11.21787605196813
2023-03-19 20:44:17+00:00,56.93844,-157.929297,5.67,2.25,5082,17.417125103241414
2023-03-19 21:39:24.800000+00:00,56.931478,-158.006478,1.97,0.46,5087,12.661655848251801
2023-03-19 22:40:53.200000+00:00,56.918522,-157.991634,5.25,0.76,5092,13.316481633573337
2023-03-19 22:51:43.400000+00:00,56.931458,-158.069076,5.0,0.51,5093,8.988263470955571
2023-03-19 23:11:56.560000+00:00,56.88245,-158.173714,5.74,0.42,5094,3.3742712376412793
2023-03-19 23:12:26.640000+00:00,56.92227,-158.019694,2.34,0.2,5095,11.675997092835411
2023-03-19 23:56:15.120000+00:00,56.881189,-158.05734,3.42,0.95,5097,9.640771949033981
2023-03-20 00:08:35.760000+00:00,56.91995,-157.99598,5.22,0.4,5098,13.07124568099
2023-03-20 01:29:25.410000+00:00,56.862484,-158.167448,3.56,0.2,5106,5.448228925991777
2023-03-20 02:15:46.290000+00:00,56.887585,-158.023942,2.82,0.08,5107,11.45848153401604
2023-03-20 03:40:21.800000+00:00,56.929199,-158.009229,2.12,0.99,5111,12.443246095820877
2023-03-20 04:46:28.350000+00:00,56.891101,-158.024609,3.62,0.02,5117,11.354942812484728
2023-03-20 05:20:51.490000+00:00,56.887447,-158.256966,2.41,-0.04,5121,3.566693788999439
2023-03-20 05:41:49.870000+00:00,56.872949,-158.056445,6.21,0.06,5122,9.992313403892993
2023-03-20 05:54:56.050000+00:00,56.873165,-158.04012,5.91,0.4,5124,10.916295035252496
2023-03-20 06:05:25.530000+00:00,56.946497,-158.059847,4.04,0.13,5127,10.150211212952206
2023-03-20 06:07:11.100000+00:00,56.86687,-158.171273,3.64,0.44,5128,4.907383112751668
2023-03-20 06:38:11.990000+00:00,56.872599,-158.129102,5.49,0.09,5131,6.114417574056313
2023-03-20 06:54:10.400000+00:00,56.874874,-158.119661,3.86,0.16,5133,6.442923585481759
2023-03-20 06:59:40.100000+00:00,56.911068,-158.014844,2.75,0.36,5134,11.842782562131113
2023-03-20 07:42:06.310000+00:00,56.870642,-158.128678,2.61,1.43,5140,6.2688650412451254
2023-03-20 08:19:43.530000+00:00,56.923946,-157.97557,5.99,0.91,5142,14.361291553512098
2023-03-20 08:20:37.040000+00:00,56.922237,-157.978662,5.5,0.64,5143,14.149295627809627
2023-03-20 08:32:51.960000+00:00,56.854232,-158.093669,4.82,0.54,5144,9.078414352951343
2023-03-20 08:40:16.800000+00:00,56.896069,-158.127344,6.92,0.43,5145,5.09222503931732
2023-03-20 09:23:40.930000+00:00,56.867891,-158.18151,5.17,0.49,5146,4.541884475951064
2023-03-20 10:50:14.630000+00:00,56.889417,-158.029069,2.0,0.32,5148,11.115548152855805
2023-03-20 10:59:47.540000+00:00,56.874341,-158.171631,6.27,0.32,5149,4.178555788680007
2023-03-20 11:51:04.990000+00:00,56.945955,-158.047656,3.4,0.53,5151,10.794449484498546
2023-03-20 12:45:45.760000+00:00,56.881295,-158.249105,2.75,0.35,5155,3.6634305444967854
2023-03-20 12:46:26.030000+00:00,56.922253,-157.99139,5.19,1.14,5156,13.381136776014868
2023-03-20 15:11:10.970000+00:00,56.875033,-158.170882,6.09,0.35,5158,4.139601967863208
2023-03-20 15:35:31.610000+00:00,56.904976,-158.012223,0.98,0.45,5159,11.98924595151427
2023-03-20 16:23:24.800000+00:00,56.911312,-157.990544,2.64,0.81,5162,13.322735295146032
2023-03-20 16:38:49.820000+00:00,56.94727,-158.069499,5.33,0.82,5164,9.668630171028626
2023-03-20 18:40:03.460000+00:00,56.940011,-158.012663,2.07,0.49,5175,12.54875449540064
2023-03-20 19:01:58.780000+00:00,56.947742,-158.005892,4.13,0.7,5177,13.220085545585661
2023-03-20 19:32:33.720000+00:00,56.936747,-158.082796,5.7,0.71,5180,8.423129074161194
2023-03-20 19:56:26.680000+00:00,56.952344,-158.122656,6.73,0.46,5181,7.382639783138615
2023-03-20 20:16:25.880000+00:00,56.885132,-158.249674,2.41,0.61,5184,3.3825198827620078
2023-03-20 20:42:27.420000+00:00,56.918388,-158.002246,5.09,0.45,5186,12.67226764654379
2023-03-20 22:22:06.280000+00:00,56.923527,-158.007682,1.71,0.72,5189,12.420397142470705
2023-03-20 22:30:23+00:00,56.921505,-158.012207,2.05,0.61,5191,12.114126360371994
2023-03-20 22:36:20.880000+00:00,56.921708,-157.993327,3.66,0.59,5192,13.25611901104553
2023-03-20 23:00:36.240000+00:00,56.945544,-158.050439,3.08,0.86,5197,10.621335757587834
2023-03-20 23:01:29.480000+00:00,56.955493,-158.060791,4.92,0.78,5198,10.585367821589637
2023-03-20 23:24:45.920000+00:00,56.915535,-158.027865,0.98,1.86,5200,11.087453654122355
2023-03-20 23:28:20.720000+00:00,56.890422,-158.277327,0.74,0.67,5201,4.502123399278254
2023-03-20 23:34:50.600000+00:00,56.92959,-158.013656,4.08,0.95,5203,12.189050267559391
2023-03-21 00:52:48.390000+00:00,56.89443,-158.25153,3.6,0.51,5204,2.884320617286153
2023-03-21 01:02:46.640000+00:00,56.982198,-158.021729,7.89,1.32,5205,14.22295205554021
2023-03-21 01:12:23.550000+00:00,56.941109,-158.014974,6.95,0.58,5206,12.452636123457067
2023-03-21 01:13:29.990000+00:00,56.934338,-158.00835,6.37,0.73,5207,12.626532425676743
2023-03-21 01:19:01.700000+00:00,56.87985,-158.10293,5.92,0.69,5209,7.0810979508689345
2023-03-21 01:31:15.310000+00:00,56.953691,-158.065723,5.02,0.76,5211,10.224667730902798
2023-03-21 01:33:41.560000+00:00,56.950769,-158.061702,5.1,0.7,5212,10.27213747164098
2023-03-21 02:34:57.700000+00:00,56.851945,-158.203792,3.95,0.28,5219,6.0055692602087625
2023-03-21 03:19:15.800000+00:00,56.923088,-158.04585,2.78,0.41,5220,10.122477507307911
2023-03-21 04:37:00.150000+00:00,56.851607,-158.207503,3.32,0.62,5222,6.035498027368709
2023-03-21 07:12:58.800000+00:00,56.922738,-158.096387,6.06,0.38,5229,7.1140693838764895
2023-03-21 07:59:11.110000+00:00,56.885844,-158.041064,3.74,0.3,5232,10.472825056402286
2023-03-21 07:59:30.330000+00:00,56.887093,-158.14554,5.34,0.1,5233,4.392685638504774
2023-03-21 08:02:34.710000+00:00,56.950802,-158.056559,4.67,0.72,5234,10.548404131697273
2023-03-21 08:49:59.450000+00:00,56.924247,-158.037028,2.01,0.81,5238,10.674446258266562
2023-03-21 09:13:30.840000+00:00,56.926196,-158.031738,2.62,3.11,5239,11.03316545415674
2023-03-21 09:18:04.030000+00:00,56.925492,-157.964762,3.66,0.75,5243,15.037186936821998
2023-03-21 09:57:42.120000+00:00,56.938534,-157.997477,2.97,0.58,5247,13.387360573596464
2023-03-21 10:48:12.890000+00:00,56.928385,-158.032129,1.95,0.91,5252,11.06241272422116
2023-03-21 11:26:34.080000+00:00,56.901485,-158.183187,5.64,0.31,5255,1.6445298600951894
2023-03-21 11:47:32.430000+00:00,56.937691,-158.036898,2.56,0.2,5261,11.066271262972737
2023-03-21 12:22:14.720000+00:00,56.942985,-158.028857,3.9,1.05,5263,11.725392974742174
2023-03-21 12:58:45.230000+00:00,56.956274,-158.058366,9.34,0.34,5267,10.756617287102495
2023-03-21 12:59:48.800000+00:00,56.873197,-158.0604,4.79,1.98,5268,9.758045211333688
2023-03-21 13:09:45.320000+00:00,56.949752,-158.089437,5.3,0.35,5269,8.772478498739261
2023-03-21 13:15:04.790000+00:00,56.833708,-158.187419,6.5,0.15,5270,8.13515287911463
2023-03-21 13:50:27.580000+00:00,56.955115,-157.984863,4.16,0.42,5276,14.71020691044897
2023-03-21 13:55:57.120000+00:00,56.889823,-158.034017,3.68,0.24,5277,10.810634912028165
2023-03-21 14:10:06.010000+00:00,56.920915,-157.986784,3.33,0.46,5278,13.64016340435624
2023-03-21 14:34:17.040000+00:00,56.924613,-158.061865,4.29,1.07,5281,9.203647213370328
2023-03-21 14:41:34.450000+00:00,56.904154,-157.998584,4.09,0.31,5283,12.821319088001367
2023-03-21 15:09:16.620000+00:00,56.920284,-158.027686,4.36,0.43,5289,11.161683469061826
2023-03-21 15:21:27.490000+00:00,56.868994,-158.290967,7.26,0.5,5290,6.4623771571900175
2023-03-21 15:44:57.460000+00:00,56.888102,-158.096354,5.74,0.32,5291,7.141958360330896
2023-03-21 15:46:38.640000+00:00,56.858561,-158.1882,2.9,0.35,5292,5.411106698145266
2023-03-21 16:59:56.270000+00:00,56.859334,-158.179004,5.33,0.94,5302,5.487977470236107
2023-03-21 17:37:34.920000+00:00,56.864657,-158.166195,4.74,0.55,5305,5.272546516238872
2023-03-21 18:14:27.780000+00:00,56.91912,-157.988867,0.99,1.22,5306,13.491141867832042
2023-03-21 18:31:15.840000+00:00,56.88536,-158.176172,6.78,0.36,5308,3.0304038516159832
2023-03-21 18:46:47.680000+00:00,56.875269,-158.103109,5.37,0.09,5309,7.2948355040701625
2023-03-21 20:04:20.840000+00:00,56.881991,-158.17998,6.74,0.43,5314,3.187089867914949
2023-03-21 21:20:32.720000+00:00,56.916895,-157.983122,3.36,1.18,5318,13.815076409364352
2023-03-21 21:30:50.500000+00:00,56.905493,-158.012891,0.66,0.71,5321,11.948162434225026
2023-03-21 22:13:10.360000+00:00,56.919824,-158.010742,0.45,0.97,5323,12.177285079693151
2023-03-22 01:28:31.670000+00:00,56.927523,-158.030648,2.12,1.25,5327,11.129136653096177
2023-03-22 02:19:22.790000+00:00,56.934452,-158.013314,2.64,0.42,5331,12.337439444789686
2023-03-22 02:28:36.790000+00:00,56.938668,-158.008594,2.81,0.53,5332,12.741519084848376
2023-03-22 03:25:17.330000+00:00,56.886361,-158.073535,4.07,0.91,5335,8.534523454747145
2023-03-22 03:36:43.340000+00:00,56.935754,-158.085677,6.03,0.81,5336,8.217932649910935
2023-03-22 03:50:20.290000+00:00,56.865104,-158.16416,4.9,0.31,5339,5.292334156920415
2023-03-22 04:04:02.620000+00:00,56.929464,-158.003792,7.13,0.53,5340,12.77325338406517
2023-03-22 04:22:23.880000+00:00,56.93182,-158.07111,5.1,0.4,5341,8.8839240285552
2023-03-22 04:30:53.410000+00:00,56.908822,-158.027132,7.81,0.2,5342,11.085085003949832
2023-03-22 05:27:44.120000+00:00,56.921273,-157.991553,5.63,0.95,5344,13.356957712363954
2023-03-22 05:29:38.230000+00:00,56.923796,-158.139355,4.88,1.53,5345,4.691677752569654
2023-03-22 05:36:20.380000+00:00,56.891003,-158.267822,0.66,0.33,5348,3.9450736073177026
2023-03-22 06:23:04.190000+00:00,56.90872,-158.026514,4.61,1.0,5349,11.122395491078155
2023-03-22 07:08:16.230000+00:00,56.957804,-158.021696,7.51,0.51,5353,12.789867385950183
2023-03-22 07:18:12.770000+00:00,56.87723,-158.029687,4.28,0.48,5354,11.382591063469585
2023-03-22 07:39:50.990000+00:00,56.898511,-158.003369,4.17,0.52,5355,12.555682286071756
2023-03-22 07:42:40.440000+00:00,56.894857,-158.059196,5.42,0.46,5356,9.209218838786368
2023-03-22 07:43:09.980000+00:00,56.899817,-158.063102,5.17,0.41,5357,8.914571763003417
2023-03-22 08:13:00.560000+00:00,56.869303,-158.134408,2.42,1.69,5358,6.098456331984314
2023-03-22 08:35:15.200000+00:00,56.919804,-158.068359,4.16,0.81,5359,8.707817424027725
2023-03-22 08:50:02.680000+00:00,56.855859,-158.083984,4.83,0.74,5361,9.435013410746171
2023-03-22 09:38:36.250000+00:00,56.945662,-157.997331,6.93,1.14,5362,13.63216142030719
2023-03-22 09:49:32.170000+00:00,56.90745,-158.017367,2.6,0.55,5363,11.67654989273481
2023-03-22 09:50:15.510000+00:00,56.863619,-158.181234,2.99,0.79,5364,4.992842816240768
2023-03-22 09:50:39.650000+00:00,56.912899,-158.044873,5.98,0.71,5365,10.029796132901904
2023-03-22 10:15:04.620000+00:00,56.876587,-158.100895,14.57,0.82,5366,7.34824786004352
2023-03-22 10:34:18.590000+00:00,56.867875,-158.057422,6.77,0.86,5367,10.159095178177614
2023-03-22 10:50:30.690000+00:00,56.896777,-158.14209,7.12,0.85,5368,4.199016265818139
2023-03-22 11:32:06.040000+00:00,56.93488,-158.005583,0.75,0.82,5369,12.80473847952808
2023-03-22 11:36:32.430000+00:00,56.94467,-158.034717,3.53,1.82,5370,11.461551840282352
2023-03-22 16:06:51.090000+00:00,56.919849,-158.020996,2.26,1.2,5378,11.558479271278454
2023-03-22 16:07:20.590000+00:00,56.918054,-158.014128,0.41,2.14,5379,11.94892964319906
2023-03-22 17:06:22.840000+00:00,56.875008,-158.114355,5.7,1.03,5380,6.710830463277872
2023-03-22 17:19:45.540000+00:00,56.939543,-158.018538,7.39,1.05,5382,12.19225611806109
2023-03-22 17:36:59.680000+00:00,56.91792,-158.17015,10.71,1.65,5384,2.7243863624948395
2023-03-22 18:33:35.500000+00:00,56.939168,-158.006299,7.33,1.1,5385,12.89131337806548
2023-03-22 18:52:20.360000+00:00,56.945858,-158.003483,1.98,1.24,5386,13.285805673647868
2023-03-22 20:12:59.200000+00:00,56.937821,-158.006136,6.97,1.11,5389,12.85863065767844
2023-03-22 20:37:10.400000+00:00,56.924878,-158.031966,2.84,0.83,5393,10.990449756037862
2023-03-22 22:13:41.040000+00:00,56.944629,-158.018083,2.22,1.08,5399,12.403765064730404
2023-03-22 23:56:38.520000+00:00,56.886926,-158.032243,3.44,0.63,5403,10.974880186180574
2023-03-23 00:37:24.410000+00:00,56.885502,-158.208512,4.67,0.75,5406,2.260540414713371
2023-03-23 00:38:31.340000+00:00,56.935132,-158.036279,3.58,1.91,5407,11.01447842140951
2023-03-23 01:18:10.210000+00:00,56.918823,-158.019613,2.0,2.34,5409,11.627308419740759
2023-03-23 01:23:43.260000+00:00,56.919157,-158.044613,18.79,1.21,5413,10.123461768397135
2023-03-23 04:42:08.250000+00:00,56.964193,-158.002669,6.69,0.93,5424,14.144359378866948
2023-03-23 05:06:17.260000+00:00,56.928861,-158.01722,4.27,0.95,5426,11.959679666186897
2023-03-23 05:29:49.860000+00:00,56.930147,-158.030257,2.52,1.51,5427,11.219021009309145
2023-03-23 05:41:44.670000+00:00,56.926656,-158.036068,2.1,1.3,5429,10.786065488494977
2023-03-23 06:09:44.500000+00:00,56.886796,-158.277979,2.59,0.48,5430,4.706297874185256
2023-03-23 07:50:53.800000+00:00,56.959851,-158.071338,4.78,0.73,5432,10.31850322422535
2023-03-23 09:47:28.320000+00:00,56.948397,-158.014486,4.4,0.61,5439,12.758715475479939
2023-03-23 09:59:59.910000+00:00,56.909033,-158.188704,6.07,1.07,5441,1.2878399028863505
2023-03-23 10:20:59.140000+00:00,56.877051,-158.160531,5.87,0.65,5442,4.356155197187948
2023-03-23 10:24:25.830000+00:00,56.909102,-158.042741,4.51,0.52,5443,10.135660498889447
2023-03-23 10:40:57.010000+00:00,56.944804,-158.032633,3.91,1.01,5444,11.584724974987333
2023-03-23 11:05:12.610000+00:00,56.914636,-158.112923,6.94,0.98,5445,5.93499584078339
2023-03-23 11:44:58.900000+00:00,56.924797,-157.97627,3.7,0.59,5446,14.33260034579334
2023-03-23 12:52:34.090000+00:00,56.898364,-158.009408,2.82,0.39,5450,12.189634675491785
2023-03-23 12:53:06.120000+00:00,56.92133,-158.083903,5.46,0.46,5451,7.813815525054031
2023-03-23 13:07:59.430000+00:00,56.889189,-158.048031,4.31,0.41,5452,9.982199779109362
2023-03-23 13:13:07.440000+00:00,56.928833,-158.045378,3.76,0.61,5453,10.290485500877953
2023-03-23 14:18:22.480000+00:00,56.919897,-157.997917,4.17,0.55,5455,12.953415874557274
2023-03-23 14:24:24.670000+00:00,56.879862,-158.248324,3.73,0.41,5456,3.7532517866845967
2023-03-23 14:41:02.510000+00:00,56.9521,-158.071891,5.58,0.76,5457,9.812092912829792
2023-03-23 14:44:41.910000+00:00,56.915991,-158.029281,2.54,0.5,5458,11.006664072953168
2023-03-23 15:12:42.730000+00:00,56.956254,-158.058496,4.83,0.74,5460,10.74870737510754
2023-03-23 15:27:27.620000+00:00,56.925069,-158.013883,2.43,0.34,5463,12.076720764358532
2023-03-23 16:11:32.660000+00:00,56.934021,-158.051676,4.31,1.45,5466,10.08366994563447
2023-03-23 17:24:37.760000+00:00,56.898466,-158.058024,5.56,0.37,5469,9.23539262700686
2023-03-23 17:50:21.640000+00:00,56.921387,-158.086214,3.99,0.78,5471,7.678026834106531
2023-03-23 17:57:15.280000+00:00,56.892855,-158.082471,7.61,0.65,5472,7.843793754774185
2023-03-23 18:42:46.320000+00:00,56.866976,-158.150016,5.21,0.67,5473,5.6230817894418355
2023-03-23 19:13:22.360000+00:00,56.897062,-158.245557,4.1,0.41,5474,2.4307739315915136
2023-03-23 20:51:35.560000+00:00,56.951705,-158.063672,4.67,0.32,5477,10.219215996155238
2023-03-23 20:52:14.740000+00:00,56.941268,-158.015511,3.75,0.53,5478,12.427204070045516
2023-03-23 21:50:11.800000+00:00,56.865181,-158.229655,0.68,0.5,5482,4.695217647046574
2023-03-23 21:52:43.040000+00:00,56.881356,-158.245231,2.3,0.12,5483,3.505032874844459
2023-03-23 22:02:39.560000+00:00,56.859456,-158.208333,3.56,0.62,5484,5.160924725322875
2023-03-23 22:08:44.440000+00:00,56.967196,-158.140462,8.24,0.89,5485,8.009516050562778
2023-03-23 23:35:47.640000+00:00,56.88621,-158.169645,7.56,0.42,5489,3.242078229972546
2023-03-24 01:25:03.380000+00:00,56.952926,-158.034017,4.1,0.58,5498,11.87657343855142
2023-03-24 02:19:17.310000+00:00,56.927722,-157.978223,4.82,1.18,5500,14.266525638010807
2023-03-24 02:38:19.400000+00:00,56.926742,-158.036914,2.63,0.45,5503,10.737815330464496
2023-03-24 02:52:44.490000+00:00,56.964978,-158.011849,7.01,0.94,5504,13.692223723814294
2023-03-24 04:44:42.400000+00:00,56.875073,-158.180078,6.18,0.68,5509,3.84909210660433
2023-03-24 04:58:52.420000+00:00,56.872847,-158.095068,6.04,0.99,5511,7.854360857059758
2023-03-24 05:09:33.430000+00:00,56.947241,-158.06307,5.28,0.74,5512,10.012823408388085
2023-03-24 06:55:41.590000+00:00,56.955005,-158.073193,5.34,0.83,5517,9.919425232570779
2023-03-24 06:57:23.630000+00:00,56.889954,-158.178288,6.6,0.44,5519,2.572240419840282
2023-03-24 08:48:09.960000+00:00,56.951575,-158.055339,4.3,0.52,5524,10.65465728488099
2023-03-24 10:29:13.750000+00:00,56.929858,-158.018734,1.49,0.6,5531,11.893998085218865
2023-03-24 10:34:23.220000+00:00,56.88925,-158.200212,5.54,0.58,5532,1.9192067169478015
2023-03-24 12:43:08.690000+00:00,56.928569,-158.036898,2.8,0.4,5540,10.784528724910569
2023-03-24 12:47:16.310000+00:00,56.912927,-158.160303,7.3,1.11,5541,3.070940937804456
2023-03-24 12:56:24.010000+00:00,56.930819,-158.017432,7.19,0.37,5542,11.995529910095184
2023-03-24 13:08:11.080000+00:00,56.925602,-157.978939,3.59,1.21,5543,14.185341505172243
2023-03-24 13:09:41.780000+00:00,56.943368,-158.073698,6.48,0.59,5544,9.24048599796575
2023-03-24 14:54:28.700000+00:00,56.879118,-158.113525,5.5,1.18,5550,6.53364494498638
2023-03-24 15:01:15.280000+00:00,56.919963,-158.042285,1.74,0.87,5552,10.277036162168423
2023-03-24 15:12:26.610000+00:00,56.945866,-158.068034,5.68,0.65,5553,9.67414412286764
2023-03-24 15:37:20.260000+00:00,56.931775,-158.041423,3.38,0.57,5556,10.608161254778755
2023-03-24 15:52:34.650000+00:00,56.880249,-158.263753,0.35,0.45,5557,4.3853559791559835
2023-03-24 15:52:57.110000+00:00,56.934436,-158.101172,5.65,0.35,5558,7.300274141303448
2023-03-24 17:06:06.560000+00:00,56.859534,-158.168294,6.79,0.79,5564,5.71857625361739
2023-03-24 17:08:22.200000+00:00,56.908724,-158.194238,7.5,0.52,5565,0.9564789596461629
2023-03-24 17:09:27.280000+00:00,56.934188,-158.012142,2.45,0.57,5566,12.398915216389328
2023-03-24 18:15:36+00:00,56.921082,-158.054508,3.8,1.21,5568,9.563235083529708
2023-03-24 18:33:25.840000+00:00,56.931632,-158.007617,2.14,0.15,5571,12.597967507904137
2023-03-24 19:13:01.320000+00:00,56.929207,-158.029574,3.38,0.4,5574,11.234778094313324
2023-03-24 20:38:27.880000+00:00,56.923169,-157.991146,4.84,0.23,5575,13.410030739271383
2023-03-24 20:59:39.360000+00:00,56.925081,-158.07583,4.97,0.5,5577,8.390737504593758
2023-03-24 21:01:39.480000+00:00,56.92168,-158.033757,3.32,1.15,5578,10.820010078942953
2023-03-24 21:42:11.520000+00:00,56.933488,-157.999105,5.65,0.12,5583,13.149837225024914
2023-03-24 21:56:49.560000+00:00,56.904468,-158.004476,2.44,0.02,5584,12.461857891833805
2023-03-24 23:06:05.880000+00:00,56.930522,-158.018652,2.03,0.66,5590,11.915629977776513
2023-03-24 23:51:27.320000+00:00,56.931075,-158.026546,2.37,0.26,5593,11.463274070246683
2023-03-25 00:05:55.210000+00:00,56.849121,-158.205697,2.1,0.81,5595,6.314853960195404
2023-03-25 00:07:01.370000+00:00,56.92183,-158.047803,3.47,0.86,5596,9.979869506946208
2023-03-25 00:30:50.960000+00:00,56.952299,-158.000342,4.29,0.4,5599,13.719408562667676
2023-03-25 00:39:53.420000+00:00,56.926066,-158.040771,3.91,1.06,5600,10.492263799612637
2023-03-25 01:23:04.870000+00:00,56.871228,-158.132699,1.3,1.01,5602,6.0375259978318505
2023-03-25 01:43:14.290000+00:00,56.920471,-158.045426,3.5,0.85,5604,10.096946314710994
2023-03-25 01:47:10.420000+00:00,56.917236,-158.153369,6.74,0.55,5605,3.6202210431011017
2023-03-25 03:12:31.010000+00:00,56.920866,-157.98667,4.35,0.42,5614,13.64639135565844
2023-03-25 03:13:07.780000+00:00,56.921041,-157.988395,4.15,0.14,5615,13.54451612850757
2023-03-25 03:41:54.740000+00:00,56.934888,-158.049023,4.63,0.37,5616,10.267263378742818
2023-03-25 04:19:41.060000+00:00,56.932235,-158.033805,7.65,0.25,5617,11.068724014941036
2023-03-25 04:52:43+00:00,56.927026,-158.082536,4.88,0.5,5622,8.057223872917223
2023-03-25 05:03:57.970000+00:00,56.885299,-158.018115,7.37,0.33,5625,11.854870674205374
2023-03-25 05:09:51.200000+00:00,56.953805,-158.044629,5.77,0.03,5627,11.346230053746037
2023-03-25 05:52:30.750000+00:00,56.929578,-158.039355,3.08,0.29,5628,10.66633396990844
2023-03-25 05:53:25.580000+00:00,56.932772,-158.031527,2.87,0.7,5629,11.218315199867238
2023-03-25 06:01:08.350000+00:00,56.919515,-158.042204,2.75,0.55,5632,10.274437698206437
2023-03-25 06:04:33.730000+00:00,56.914624,-158.05446,2.83,0.33,5633,9.465479930927737
2023-03-25 06:15:48.750000+00:00,56.884721,-158.265023,2.11,0.12,5634,4.143264756047625
2023-03-25 06:21:27.380000+00:00,56.915458,-158.03221,1.99,2.11,5635,10.823221146777376
2023-03-25 06:38:05.140000+00:00,56.886597,-158.035173,3.72,-0.05,5637,10.80691757696929
2023-03-25 06:59:26.730000+00:00,56.869552,-158.087549,14.74,0.04,5638,8.432002921404745
2023-03-25 07:59:30.840000+00:00,56.915226,-158.066048,3.83,1.74,5642,8.771377639866303
2023-03-25 08:27:09.960000+00:00,56.895117,-158.190788,4.99,0.04,5647,1.6268848986435422
2023-03-25 08:37:00.920000+00:00,56.921871,-157.997721,5.36,1.41,5651,12.99337871205636
2023-03-25 08:50:18.650000+00:00,56.94196,-158.059489,4.63,0.08,5655,9.955358261262845
2023-03-25 08:57:26.380000+00:00,56.934379,-158.057845,4.21,0.35,5656,9.74028980579335
2023-03-25 09:03:46.040000+00:00,56.919047,-158.054736,3.78,0.68,5657,9.512051799093848
2023-03-25 09:22:55.830000+00:00,56.878019,-158.110645,5.82,1.19,5661,6.745768761881588
2023-03-25 09:31:56.140000+00:00,56.871773,-158.049609,6.07,0.04,5663,10.428186816422071
2023-03-25 09:44:40.950000+00:00,56.902946,-158.100049,6.29,0.15,5667,6.645766815066711
2023-03-25 10:29:07.800000+00:00,56.934159,-158.067611,4.63,0.28,5672,9.171778083961188
2023-03-25 10:50:26.590000+00:00,56.846309,-158.137826,9.84,0.55,5674,7.919675781851408
2023-03-25 11:01:36.180000+00:00,56.945345,-158.043783,4.07,0.12,5676,10.98219501711731
2023-03-25 11:02:36.190000+00:00,56.935836,-158.016732,1.86,0.6,5677,12.177693782935442
2023-03-25 11:04:01.920000+00:00,56.949463,-158.043197,4.31,0.14,5678,11.205613546938714
2023-03-25 11:12:58.010000+00:00,56.889058,-158.21141,6.26,0.35,5681,1.8701318540148242
2023-03-25 11:15:06.190000+00:00,56.926864,-157.983073,2.75,-0.08,5682,13.959354551672854
2023-03-25 11:19:38.210000+00:00,56.944893,-158.114014,6.51,0.57,5683,7.239261206743337
2023-03-25 12:01:54.070000+00:00,56.846232,-158.184098,6.49,0.52,5687,6.804912725372545
2023-03-25 12:04:58.230000+00:00,56.888546,-158.017122,2.46,0.28,5688,11.849790034241103
2023-03-25 12:24:28.410000+00:00,56.852584,-158.230973,0.44,0.48,5695,6.075552180310055
2023-03-25 12:42:23.510000+00:00,56.87913,-158.115462,6.03,0.11,5697,6.428109461952224
2023-03-25 12:46:29.600000+00:00,56.926457,-158.021468,2.21,0.34,5701,11.651679031066385
2023-03-25 12:55:03.880000+00:00,56.937496,-158.009831,1.88,0.22,5702,12.632476812217668
2023-03-25 13:20:33.350000+00:00,56.928674,-158.085059,4.25,-0.02,5705,7.967046164510709
2023-03-25 14:03:57.870000+00:00,56.931734,-158.055664,4.5,0.17,5709,9.775202599856744
2023-03-25 14:15:10.290000+00:00,56.881824,-158.184017,6.08,0.02,5711,3.0735574993515713
2023-03-25 14:24:03.390000+00:00,56.888477,-158.088883,5.43,0.35,5713,7.569820298090175
2023-03-25 14:26:28.990000+00:00,56.946724,-158.043799,4.17,0.28,5714,11.043610931012683
2023-03-25 14:27:34.270000+00:00,56.926298,-158.02054,2.81,0.19,5715,11.703652956364442
2023-03-25 14:38:04.180000+00:00,56.934542,-158.240267,4.43,0.19,5717,3.7242913867020597
2023-03-25 14:51:02.920000+00:00,56.923893,-158.062614,3.14,0.6,5719,9.141306786762136
2023-03-25 15:02:22.710000+00:00,56.857902,-158.203467,4.14,0.44,5720,5.344469389131906
2023-03-25 15:03:52.010000+00:00,56.924768,-158.018457,1.99,0.02,5721,11.796653744407182
2023-03-25 15:18:39.370000+00:00,56.926208,-157.996566,5.19,0.94,5723,13.137205726720214
2023-03-25 15:20:04.450000+00:00,56.91877,-158.012809,5.84,0.15,5724,12.037947406876405
2023-03-25 15:39:07.510000+00:00,56.853674,-158.098063,7.45,-0.04,5726,8.912924696377726
2023-03-25 15:46:48.550000+00:00,56.953035,-158.048454,3.96,-0.1,5728,11.100549532436027
2023-03-25 15:47:45.790000+00:00,56.943555,-157.984619,8.36,0.38,5729,14.295869753013559
2023-03-25 15:55:06.300000+00:00,56.92738,-158.00682,5.28,0.33,5731,12.546679948404686
2023-03-25 16:04:23.340000+00:00,56.805424,-158.264502,2.87,0.1,5736,11.67920765164426
2023-03-25 16:07:20.280000+00:00,56.924259,-157.99432,3.46,0.25,5737,13.2368657554613
2023-03-25 16:21:58.810000+00:00,56.901839,-158.061165,4.17,2.25,5742,9.018212185908945
2023-03-25 16:40:59.380000+00:00,56.925834,-158.039958,1.98,0.63,5744,10.535159273299755
2023-03-25 16:58:56.820000+00:00,56.937821,-158.0993,5.55,0.06,5746,7.572748321239514
2023-03-25 17:24:46+00:00,56.90734,-158.065804,5.57,-0.27,5750,8.725813827553615
2023-03-25 17:26:08.680000+00:00,56.909444,-158.063786,5.7,-0.2,5752,8.856126636745081
2023-03-25 17:39:21.660000+00:00,56.946191,-158.06001,14.18,0.15,5754,10.126182336166469
2023-03-25 17:52:08.440000+00:00,56.909753,-158.080322,5.73,0.28,5757,7.851725067247937
2023-03-25 18:08:22.720000+00:00,56.865849,-158.14974,5.79,0.34,5760,5.730760766708258
2023-03-25 18:36:55.200000+00:00,56.902714,-158.037728,5.01,-0.24,5767,10.440942731830745
2023-03-25 19:10:14+00:00,56.951156,-158.055322,4.13,0.34,5771,10.633370303571025
2023-03-25 19:10:30.120000+00:00,56.897896,-158.181234,8.54,-0.27,5772,1.9071000996284002
2023-03-25 19:13:45+00:00,56.906128,-158.022754,3.75,0.92,5773,11.347164447107303
2023-03-25 19:15:27.040000+00:00,56.92524,-158.007406,0.47,-0.32,5774,12.468418468600332
2023-03-25 19:21:50.060000+00:00,56.880278,-157.999154,0.72,0.32,5775,13.101339360438542
2023-03-25 19:28:20.680000+00:00,56.917464,-158.018571,7.71,0.14,5777,11.672690563920929
2023-03-25 19:28:34.040000+00:00,56.903495,-158.194482,6.89,-0.12,5778,0.9210354387799582
2023-03-25 19:34:02.160000+00:00,56.896965,-158.181592,7.46,-0.19,5779,1.9383025663625177
2023-03-25 19:34:40.840000+00:00,56.888184,-158.018929,2.94,-0.13,5780,11.747862142099892
2023-03-25 19:43:38.080000+00:00,56.896265,-158.181348,5.81,-0.34,5781,1.9915847374089757
2023-03-25 19:47:19.840000+00:00,56.926558,-158.01792,2.87,0.15,5782,11.865777238737287
2023-03-25 19:51:02.800000+00:00,56.91602,-158.03234,2.85,0.97,5783,10.821663255717612
2023-03-25 19:54:42.100000+00:00,56.928475,-158.044287,5.58,0.66,5784,10.345094597574239
2023-03-25 20:08:11.160000+00:00,56.945312,-158.037223,3.52,0.6,5786,11.347844405982418
2023-03-25 20:10:55.040000+00:00,56.955452,-158.061377,4.71,0.3,5788,10.552580426456533
2023-03-25 20:11:20+00:00,56.942891,-158.02666,3.02,0.06,5789,11.84701314042464
2023-03-25 20:27:13.080000+00:00,56.839982,-158.17985,8.08,0.21,5793,7.541803637364057
2023-03-25 20:54:55.020000+00:00,56.95343,-158.057975,4.65,0.18,5796,10.615486899729145
2023-03-25 20:55:51.500000+00:00,56.919153,-158.017301,1.91,0.21,5797,11.771591633710774
2023-03-25 21:06:19.840000+00:00,56.946212,-158.045687,4.2,1.41,5798,10.915426252568215
2023-03-25 21:08:08.380000+00:00,56.957564,-158.06276,5.1,0.21,5801,10.606697497772078
2023-03-25 21:08:17.760000+00:00,56.953406,-158.056364,4.78,0.32,5802,10.699244406762512
2023-03-25 21:14:09.280000+00:00,56.955147,-158.060238,4.77,0.14,5803,10.59408351673759
2023-03-25 21:32:48.560000+00:00,56.877694,-158.04196,3.57,-0.3,5805,10.651070476327533
2023-03-25 21:58:31.360000+00:00,56.917025,-158.019466,1.8,0.7,5807,11.613214592213632
2023-03-25 22:19:00.520000+00:00,56.935799,-158.024284,2.12,0.57,5811,11.734968528793832
2023-03-25 22:31:37.960000+00:00,56.962036,-158.007438,4.58,0.25,5815,13.776650873335546
2023-03-25 22:40:43.320000+00:00,56.884521,-158.206592,4.28,0.45,5816,2.3741266452875682
2023-03-25 22:57:55.760000+00:00,56.921204,-158.011344,5.95,0.19,5817,12.16142065034109
2023-03-25 23:37:26.080000+00:00,56.914103,-158.039958,3.43,1.32,5823,10.33927390134963
2023-03-25 23:38:59.640000+00:00,56.917013,-158.016146,1.58,0.61,5824,11.814162883121645
2023-03-26 00:05:56.560000+00:00,56.92065,-158.032389,1.94,0.18,5827,10.884357070156517
2023-03-26 00:15:33.030000+00:00,56.905123,-158.222103,5.15,0.27,5830,0.8018678593052438
2023-03-26 00:23:08.610000+00:00,56.923177,-158.08234,5.12,-0.27,5832,7.954024332231083
2023-03-26 00:24:48.550000+00:00,56.856523,-158.17902,5.49,0.95,5833,5.783767999442157
2023-03-26 00:36:47.170000+00:00,56.868351,-158.161247,6.53,-0.13,5835,5.085654366962485
2023-03-26 00:57:50.680000+00:00,56.934485,-157.956315,4.51,1.08,5836,15.717113249820516
2023-03-26 01:06:13.100000+00:00,56.916715,-158.050977,3.56,2.17,5839,9.702681374018873
2023-03-26 01:07:27.210000+00:00,56.923714,-158.017301,4.56,0.09,5841,11.845766665015164
2023-03-26 01:07:53.590000+00:00,56.940938,-158.011882,4.16,0.15,5842,12.625547754321452
2023-03-26 01:10:25.850000+00:00,56.880318,-158.222803,4.78,-0.19,5843,2.959695409759609
2023-03-26 01:19:13.260000+00:00,56.870882,-158.127425,2.6,1.13,5846,6.312183004080682
2023-03-26 01:21:31.810000+00:00,56.94705,-158.038184,3.66,0.18,5847,11.37050441372775
2023-03-26 01:25:00.580000+00:00,56.862968,-158.319515,5.06,0.24,5849,8.254553945142279
2023-03-26 01:42:35.030000+00:00,56.855351,-158.222461,3.27,0.23,5850,5.6775127093332225
2023-03-26 02:08:06.740000+00:00,56.891284,-158.253288,3.77,0.0,5851,3.1458703412753075
2023-03-26 02:55:36.590000+00:00,56.929191,-158.067594,5.24,0.28,5855,8.997835847587677
2023-03-26 03:22:56.480000+00:00,56.865641,-158.162842,5.55,0.32,5857,5.2835540769058404
2023-03-26 03:23:36.020000+00:00,56.942794,-158.05262,4.34,0.89,5858,10.375719439373968
2023-03-26 03:23:57.200000+00:00,56.936682,-158.038151,2.72,0.43,5859,10.958381363798502
2023-03-26 03:26:55.790000+00:00,56.948157,-158.068392,5.16,0.36,5860,9.775093119545561
2023-03-26 03:32:31.250000+00:00,56.922624,-158.018604,0.61,0.16,5861,11.747739781555163
2023-03-26 04:19:20.350000+00:00,56.979985,-158.162223,4.79,0.22,5863,8.737999597804919
2023-03-26 04:22:04.450000+00:00,56.89377,-158.158301,4.46,0.37,5864,3.3673151856718246
2023-03-26 04:28:08.530000+00:00,56.91884,-158.034196,3.57,0.08,5865,10.746746110404954
2023-03-26 05:18:34.660000+00:00,56.923621,-157.996615,3.51,0.2,5868,13.087937824705573
2023-03-26 05:19:20.450000+00:00,56.913749,-158.017301,0.29,0.45,5869,11.711641871208162
2023-03-26 05:49:42.990000+00:00,56.919023,-158.035465,2.66,0.25,5872,10.672925851877507
2023-03-26 06:09:14.160000+00:00,56.925444,-158.010124,2.02,0.08,5877,12.309397976127617
2023-03-26 06:09:28.360000+00:00,56.893136,-158.018929,2.69,-0.01,5878,11.667694378902551
2023-03-26 06:10:03.110000+00:00,56.893209,-158.023096,10.85,0.55,5879,11.41466493984687
2023-03-26 06:30:35.160000+00:00,56.893005,-158.023356,3.73,0.16,5883,11.401788908192328
2023-03-26 07:08:02.400000+00:00,56.923747,-158.051058,4.39,0.58,5887,9.825805998753252
2023-03-26 07:19:38.540000+00:00,56.91237,-158.061768,6.21,-0.17,5888,8.999205550234409
2023-03-26 07:38:47.390000+00:00,56.894462,-158.166862,5.41,2.4,5892,2.8613026391306007
2023-03-26 07:43:58.430000+00:00,56.920447,-158.039616,2.75,0.4,5894,10.445933716137015
2023-03-26 07:47:00.980000+00:00,56.923128,-157.989518,2.76,0.27,5895,13.507519488197799
2023-03-26 07:55:55.420000+00:00,56.914628,-158.065967,4.15,0.59,5896,8.768630423243035
2023-03-26 08:22:06.170000+00:00,56.926115,-158.013688,6.15,-0.11,5899,12.109464571406374
2023-03-26 08:52:17.070000+00:00,56.935384,-158.019255,3.69,0.18,5902,12.01619352103291
2023-03-26 08:57:17.350000+00:00,56.919788,-158.038265,2.73,0.33,5903,10.516196931109949
2023-03-26 09:01:32.400000+00:00,56.938236,-158.03973,4.7,0.07,5905,10.922913987315496
2023-03-26 09:04:47.970000+00:00,56.908675,-158.02832,4.84,0.58,5906,11.01227544652198
2023-03-26 09:11:03.520000+00:00,56.936226,-158.07583,5.89,0.23,5907,8.789463714265576
2023-03-26 09:13:39.890000+00:00,56.858358,-158.117464,8.77,0.41,5908,7.6845030477071505
2023-03-26 09:36:39.090000+00:00,56.891349,-158.188525,7.14,0.3,5910,2.0362655583596525
2023-03-26 10:06:39.540000+00:00,56.887952,-158.032308,4.2,-0.14,5915,10.949533417618117
2023-03-26 10:11:19.450000+00:00,56.939258,-158.046191,4.38,1.8,5916,10.591751404497227
2023-03-26 10:30:21.380000+00:00,56.924028,-158.024007,2.4,0.25,5921,11.449438731092926
2023-03-26 10:43:12+00:00,56.92255,-157.996956,4.31,0.85,5925,13.050010692197457
2023-03-26 10:43:37.740000+00:00,56.920549,-158.027523,2.56,0.39,5926,11.175768284425407
2023-03-26 10:44:01.040000+00:00,56.922424,-158.054785,4.71,0.28,5927,9.574235494480396
2023-03-26 10:56:29.450000+00:00,56.863656,-158.177897,4.25,0.61,5929,5.061600736842013
2023-03-26 11:02:29.380000+00:00,56.945634,-158.017334,4.17,0.22,5930,12.485697807739118
2023-03-26 11:14:43.990000+00:00,56.936027,-158.007845,0.66,0.12,5931,12.704565400678106
2023-03-26 11:15:07.120000+00:00,56.939872,-158.036507,5.19,0.37,5932,11.168691244120362
2023-03-26 11:34:15.590000+00:00,56.92345,-158.000651,4.04,0.33,5935,12.84209782782869
2023-03-26 11:44:13.380000+00:00,56.918941,-158.062191,3.54,0.22,5938,9.061798443850057
2023-03-26 12:17:12.060000+00:00,56.924805,-157.976758,3.37,1.1,5940,14.30333274350461
2023-03-26 12:20:06.040000+00:00,56.921525,-158.010124,0.51,1.07,5943,12.240007467270077
2023-03-26 12:23:15.250000+00:00,56.916325,-157.996842,1.89,0.5,5945,12.97707706382293
2023-03-26 12:48:50.450000+00:00,56.907682,-158.263574,2.64,-0.08,5948,3.331471341126802
2023-03-26 12:50:17.110000+00:00,56.922986,-158.010449,0.45,0.41,5950,12.24455328820558
2023-03-26 12:50:26.800000+00:00,56.882104,-158.216553,5.42,0.29,5951,2.6785878760777484
2023-03-26 12:55:24.730000+00:00,56.922233,-158.015609,0.8,0.18,5953,11.92117102831572
2023-03-26 13:04:13.230000+00:00,56.914917,-158.045036,2.1,0.17,5957,10.039858273904592
2023-03-26 13:09:55.210000+00:00,56.935994,-158.055208,4.46,0.07,5959,9.9513398751997
2023-03-26 13:14:58.190000+00:00,56.914498,-158.010059,11.96,0.56,5962,12.157841404346232
2023-03-26 13:15:49.190000+00:00,56.929097,-158.004362,0.61,0.17,5963,12.730954435770057
2023-03-26 13:24:21.980000+00:00,56.938318,-158.008171,2.32,0.17,5964,12.7551307807685
2023-03-26 13:26:13.300000+00:00,56.939242,-158.006771,2.65,0.39,5965,12.866163056139701
2023-03-26 14:37:43.970000+00:00,56.922319,-158.027995,3.94,0.4,5973,11.1778138368984
2023-03-26 14:41:53.920000+00:00,56.931181,-158.000179,1.98,0.14,5975,13.028505476890643
2023-03-26 15:15:51.410000+00:00,56.915332,-158.169938,7.13,0.23,5977,2.605587764291654
2023-03-26 15:17:25.410000+00:00,56.883879,-158.153841,7.04,0.07,5978,4.154407112051668
2023-03-26 15:33:24.700000+00:00,56.832633,-158.210352,18.3,-0.05,5980,8.148113590815171
2023-03-26 15:45:09.230000+00:00,56.93068,-158.01123,6.5,0.13,5982,12.359788611726694
2023-03-26 16:22:02.590000+00:00,56.950964,-158.058919,5.2,0.37,5984,10.43085094282504
2023-03-26 16:43:05.390000+00:00,56.927686,-158.012826,2.35,0.45,5987,12.194557149712661
2023-03-26 16:43:40.170000+00:00,56.932495,-157.962467,2.63,0.71,5988,15.306264212978547
2023-03-26 17:50:50.360000+00:00,56.938289,-158.013265,2.73,0.18,5994,12.457052326077138
2023-03-26 17:52:52.960000+00:00,56.942061,-158.031657,4.16,0.3,5995,11.529716113987087
2023-03-26 18:32:03.640000+00:00,56.90144,-158.038281,4.29,0.17,6000,10.413094705635253
2023-03-26 18:43:46.880000+00:00,56.919503,-158.023063,3.48,-0.03,6003,11.428584715188938
2023-03-26 18:46:39.600000+00:00,56.92065,-158.029313,2.96,1.48,6004,11.069588467286069
2023-03-26 18:47:40.800000+00:00,56.892692,-158.008138,3.38,-0.09,6005,12.326518474012946
2023-03-26 19:05:38.880000+00:00,56.938204,-158.005208,2.19,0.55,6007,12.924719981738034
2023-03-26 19:15:59.240000+00:00,56.921598,-157.989242,3.46,0.35,6013,13.501174082023875
2023-03-26 19:18:17.840000+00:00,56.919202,-158.018896,2.08,0.47,6015,11.675906057307957
2023-03-26 19:29:36.520000+00:00,56.922713,-158.016178,2.59,0.64,6019,11.89519553807094
2023-03-26 19:31:01.040000+00:00,56.919641,-158.013851,0.48,0.15,6021,11.98688283355691
2023-03-26 19:38:36.320000+00:00,56.954049,-158.147461,14.97,0.07,6025,6.550393356171502
2023-03-26 19:40:09.060000+00:00,56.925041,-158.013298,0.71,-0.19,6026,12.111240134047573
2023-03-26 19:44:08.920000+00:00,56.919299,-158.024447,7.49,-0.06,6029,11.342036783137328
2023-03-26 19:45:58+00:00,56.919849,-158.024805,2.46,0.17,6033,11.328635973506465
2023-03-26 19:46:51.760000+00:00,56.918827,-158.018994,1.8,0.4,6035,11.664776081701053
2023-03-26 19:50:41.520000+00:00,56.927645,-158.001188,6.05,0.75,6038,12.88902341410501
2023-03-26 19:51:46.300000+00:00,56.920898,-158.153451,3.61,0.45,6039,3.778358448404391
2023-03-26 19:52:42.920000+00:00,56.860042,-158.198665,21.13,1.95,6041,5.134313781975396
2023-03-26 19:57:13.640000+00:00,56.918294,-158.028581,2.83,0.53,6044,11.078022496045918
2023-03-26 19:59:11.320000+00:00,56.91473,-158.046338,2.81,0.72,6048,9.958876335162804
2023-03-26 20:02:08.340000+00:00,56.921928,-157.988395,3.59,0.34,6052,13.557089471277779
2023-03-26 20:02:25.740000+00:00,56.920015,-157.985107,3.91,0.62,6053,13.729787202751822
2023-03-26 20:05:13.800000+00:00,56.918604,-158.017008,0.74,0.24,6056,11.781827226662845
2023-03-26 20:05:30.820000+00:00,56.916272,-158.030046,1.82,0.27,6057,10.963555224943336
2023-03-26 20:06:19.820000+00:00,56.917151,-158.016911,0.48,0.84,6058,11.769442905468111
2023-03-26 20:07:35.180000+00:00,56.917228,-158.021354,0.37,0.25,6059,11.5013276586923
2023-03-26 20:09:01.120000+00:00,56.922778,-158.014502,6.59,0.23,6060,11.997135263746756
2023-03-26 20:09:38.980000+00:00,56.916134,-157.999023,3.38,0.5,6061,12.842874877070125
2023-03-26 20:15:29.800000+00:00,56.874129,-158.115885,9.84,0.88,6066,6.682038488373045
2023-03-26 20:16:10.560000+00:00,56.913224,-158.042594,0.19,0.6,6068,10.171040218262032
2023-03-26 20:18:14.520000+00:00,56.919604,-157.988623,3.69,0.15,6069,13.511854266675355
2023-03-26 20:20:34.920000+00:00,56.918445,-158.015609,2.1,0.58,6071,11.864336056124191
2023-03-26 20:21:28+00:00,56.918213,-158.01237,0.78,0.86,6073,12.057316614926776
2023-03-26 20:22:48.900000+00:00,56.914913,-158.036312,2.15,1.57,6074,10.568678701589933
2023-03-26 20:29:03.640000+00:00,56.913505,-158.041895,1.98,1.15,6077,10.21602507216703
2023-03-26 20:31:18.080000+00:00,56.922819,-158.00918,4.05,0.77,6080,12.318057939814262
2023-03-26 20:31:57.580000+00:00,56.919214,-157.994189,2.94,0.53,6081,13.170134078837087
2023-03-26 20:33:57.120000+00:00,56.936641,-158.020085,8.31,0.49,6082,12.00669195652085
2023-03-26 20:40:58.920000+00:00,56.907304,-158.096387,0.2,0.79,6085,6.8629256600674635
2023-03-26 20:42:52.200000+00:00,56.931213,-158.009163,2.2,0.43,6087,12.495731783756268
2023-03-26 20:46:00.760000+00:00,56.918823,-158.02264,1.75,0.74,6088,11.444381693176734
2023-03-26 20:46:40.360000+00:00,56.922534,-157.995931,5.29,0.31,6089,13.111556828293354
2023-03-26 20:47:58.960000+00:00,56.917391,-158.030127,2.66,0.27,6091,10.972446799430895
2023-03-26 20:54:25.680000+00:00,56.921269,-158.02277,3.65,0.55,6094,11.473881057773122
2023-03-26 21:10:27.160000+00:00,56.933228,-158.038932,4.47,0.37,6101,10.798656600190112
2023-03-26 21:18:35.920000+00:00,56.921773,-158.016927,2.16,1.12,6103,11.834110096370692
2023-03-26 21:21:13.360000+00:00,56.926005,-158.01416,0.53,0.32,6106,12.078952225969418
2023-03-26 21:31:09.840000+00:00,57.006445,-158.254704,26.59,1.23,6108,11.547561099547321
2023-03-26 21:37:59.440000+00:00,56.922758,-157.984261,2.55,0.47,6112,13.818898789873481
2023-03-26 21:50:14.720000+00:00,56.849455,-158.226139,2.33,0.09,6115,6.360873338625314
2023-03-26 22:12:43.960000+00:00,56.935274,-158.017139,6.48,0.19,6119,12.136872810897248
2023-03-26 22:24:12.040000+00:00,56.929293,-158.019596,2.74,0.22,6121,11.828862885414688
2023-03-26 22:33:54.920000+00:00,56.940076,-157.996452,4.29,0.32,6123,13.494737318881262
2023-03-26 22:43:08.740000+00:00,56.930286,-158.020801,3.53,0.27,6125,11.782249606436805
2023-03-26 22:53:00.080000+00:00,56.937585,-158.159961,8.15,0.23,6127,4.631115437705749
2023-03-26 22:58:14.540000+00:00,56.93689,-158.002311,2.0,0.17,6129,13.054869465734855
2023-03-26 22:59:42.760000+00:00,56.865898,-158.276888,2.26,0.1,6130,6.072029101620886
2023-03-26 23:11:13.960000+00:00,56.929822,-158.035026,8.22,0.27,6134,10.92852537677766
2023-03-26 23:30:02.560000+00:00,56.926774,-157.989974,3.49,0.18,6136,13.543470143065669
2023-03-27 00:07:28.010000+00:00,56.949174,-158.035368,5.45,0.24,6139,11.623571890997574
2023-03-27 00:07:54.290000+00:00,56.920736,-158.060775,3.52,0.22,6140,9.18081876451796
2023-03-27 00:10:00.560000+00:00,56.922982,-158.007015,4.64,1.47,6141,12.451128078839828
2023-03-27 00:19:32.070000+00:00,56.940503,-158.016813,2.03,0.09,6143,12.325191408081661
2023-03-27 00:42:49.420000+00:00,56.922774,-158.029574,4.58,0.6,6150,11.091413056989902
2023-03-27 00:49:13.170000+00:00,56.865076,-158.124658,5.78,0.16,6151,6.855617770699379
2023-03-27 01:01:46.640000+00:00,56.937093,-158.020361,3.91,0.24,6153,12.005034054447627
2023-03-27 01:17:20.780000+00:00,56.953536,-158.062484,4.94,0.25,6154,10.384606862898881
2023-03-27 01:29:36.930000+00:00,56.925724,-158.058122,4.77,0.38,6157,9.453927177175462
2023-03-27 01:36:37.140000+00:00,56.940125,-158.024756,2.76,0.03,6158,11.853257101971275
2023-03-27 01:45:47.580000+00:00,56.941182,-158.029964,3.57,0.1,6161,11.592827245228978
2023-03-27 01:54:54.850000+00:00,56.92183,-158.051302,3.91,0.32,6162,9.770248003169593
2023-03-27 01:57:41.440000+00:00,56.93068,-157.969613,2.88,0.65,6163,14.840862123837987
2023-03-27 02:25:15.880000+00:00,56.932727,-158.00376,1.88,0.19,6165,12.854500322556314
2023-03-27 02:31:37.120000+00:00,56.925488,-157.997559,5.99,1.0,6168,13.064066849654402
2023-03-27 02:41:41.080000+00:00,56.930001,-158.01403,2.31,0.18,6169,12.176800821559459
2023-03-27 02:43:03.180000+00:00,56.933142,-158.022493,7.83,0.29,6170,11.759901354682082
2023-03-27 02:57:38.230000+00:00,56.922013,-158.017122,1.8,0.41,6172,11.826380713090845
2023-03-27 03:10:28.880000+00:00,56.94126,-158.04362,5.15,0.33,6173,10.81757705294676
2023-03-27 03:17:26.900000+00:00,56.958044,-158.039176,6.04,0.42,6176,11.86382759223031
2023-03-27 03:45:45.410000+00:00,56.932841,-158.006999,2.96,0.17,6180,12.66575305662208
2023-03-27 04:07:27.050000+00:00,56.91995,-158.069108,9.62,0.2,6183,8.665859290095575
2023-03-27 04:32:11.080000+00:00,56.90658,-157.998047,3.45,0.18,6186,12.852603424700757
2023-03-27 05:07:39.550000+00:00,56.926774,-157.998877,6.25,1.11,6195,13.009662437924112
2023-03-27 05:17:13.090000+00:00,56.919584,-158.06512,3.77,0.82,6200,8.897765301568223
2023-03-27 05:24:12.270000+00:00,56.945349,-157.998405,5.56,0.13,6203,13.559032580576895
2023-03-27 05:26:40.120000+00:00,56.857279,-158.091715,3.46,0.1,6204,8.962208038337854
2023-03-27 05:27:44.550000+00:00,56.93466,-157.999154,0.81,0.28,6205,13.177961123977516
2023-03-27 05:30:30.720000+00:00,56.931657,-157.995052,5.17,0.72,6206,13.344756354153294
2023-03-27 05:33:56.330000+00:00,56.921061,-157.996077,4.54,0.7,6207,13.080686556540766
2023-03-27 05:41:41.890000+00:00,56.950553,-157.998796,4.66,0.39,6209,13.73516552797644
2023-03-27 05:45:59.880000+00:00,56.929277,-158.028971,8.17,0.27,6210,11.27230118857545
2023-03-27 05:48:23.730000+00:00,56.913131,-158.040755,1.83,0.99,6211,10.281889867647864
2023-03-27 05:48:29.200000+00:00,56.921415,-158.160189,4.05,0.8,6212,3.4443693038535756
2023-03-27 05:51:00.140000+00:00,56.921855,-158.069694,4.19,0.46,6213,8.671788279368528
2023-03-27 06:09:03.970000+00:00,56.933993,-158.026237,3.39,0.31,6216,11.565048804644276
2023-03-27 06:38:34.530000+00:00,56.933655,-158.012467,2.65,0.19,6219,12.364836446435254
2023-03-27 06:47:43.860000+00:00,56.927588,-158.013053,0.64,0.08,6220,12.178846853202792
2023-03-27 07:03:23.920000+00:00,56.92336,-158.17181,4.08,0.63,6226,2.992548706467098
2023-03-27 07:18:24.900000+00:00,56.927592,-158.006722,0.91,0.24,6228,12.557045208799694
2023-03-27 07:19:35.660000+00:00,56.926908,-158.000098,2.02,0.32,6230,12.939188383866977
2023-03-27 07:25:48.250000+00:00,56.92679,-158.008008,2.4,0.22,6232,12.4632745038615
2023-03-27 07:26:05.430000+00:00,56.93512,-158.023535,7.85,0.47,6233,11.757580419128873
2023-03-27 07:31:38.760000+00:00,57.002555,-158.049626,6.64,1.33,6235,14.495872090492028
2023-03-27 07:35:45.240000+00:00,56.921842,-158.024674,4.05,0.58,6238,11.36899696046238
2023-03-27 07:36:03.610000+00:00,56.926693,-158.054395,4.96,0.48,6239,9.69993938732324
2023-03-27 07:37:01.310000+00:00,56.889974,-158.161882,6.84,0.14,6240,3.369014688774661
2023-03-27 07:49:08.050000+00:00,56.922673,-158.028955,4.07,0.3,6242,11.126677515712377
2023-03-27 08:00:26.320000+00:00,56.922302,-158.035661,2.42,0.33,6246,10.717181079638166
2023-03-27 08:03:20.140000+00:00,56.936194,-158.068896,5.67,0.52,6248,9.17924581039103
2023-03-27 08:03:52.570000+00:00,56.928044,-157.998372,0.73,0.99,6249,13.065780815392417
2023-03-27 08:19:30.980000+00:00,56.875517,-158.031429,2.51,0.38,6251,11.336201379153726
2023-03-27 08:43:51.560000+00:00,56.92262,-158.050098,3.89,0.28,6252,9.858596008135208
2023-03-27 09:02:30.780000+00:00,56.880542,-158.23304,4.44,0.24,6256,3.17140670803219
2023-03-27 09:05:12.860000+00:00,56.911788,-158.166178,4.36,0.2,6257,2.69262202907673
2023-03-27 09:23:30.350000+00:00,56.97509,-158.015446,5.77,0.61,6260,14.08334339176113
2023-03-27 09:31:55.240000+00:00,56.927486,-158.006478,6.25,1.09,6261,12.56937083476487
2023-03-27 09:34:22.890000+00:00,56.933911,-158.007503,5.91,0.28,6263,12.664693682049606
2023-03-27 09:46:34.740000+00:00,56.881791,-158.25612,2.7,0.12,6264,3.923643502901523
2023-03-27 09:56:31.970000+00:00,56.9434,-158.030339,2.77,0.83,6265,11.657467343673634
2023-03-27 09:57:23.200000+00:00,56.923743,-157.989535,4.15,0.99,6266,13.516340097399276
2023-03-27 10:08:20.130000+00:00,56.878361,-158.08916,5.93,1.17,6267,7.917378681488146
2023-03-27 10:16:15.370000+00:00,56.927425,-157.982682,3.99,0.33,6269,13.993345196844215
2023-03-27 10:27:22.260000+00:00,56.923112,-158.075993,4.9,0.57,6270,8.327873398147679
2023-03-27 10:40:40.790000+00:00,56.877441,-158.090007,6.09,0.81,6273,7.910202673140598
2023-03-27 10:57:25.990000+00:00,56.927995,-158.011702,2.42,0.55,6275,12.268481090874806
2023-03-27 10:57:44.770000+00:00,56.924927,-157.993115,3.78,0.39,6276,13.320953007924016
2023-03-27 11:06:46.330000+00:00,56.928394,-158.00848,4.37,0.57,6278,12.469589549895451
2023-03-27 11:09:35.790000+00:00,56.922477,-158.2604,9.07,0.42,6279,3.6402359730779468
2023-03-27 11:16:08.120000+00:00,56.937158,-158.024642,4.34,0.4,6280,11.757927952536903
2023-03-27 11:40:12.310000+00:00,56.934485,-158.083236,5.86,0.53,6281,8.298720490387074
2023-03-27 11:45:35.750000+00:00,56.875505,-158.220736,4.8,0.04,6282,3.448589367985009
2023-03-27 11:52:00.460000+00:00,56.895728,-158.015576,2.33,0.08,6283,11.839312341363692
2023-03-27 12:02:39.020000+00:00,57.057259,-158.146859,24.12,3.3,6285,17.2844213348659
2023-03-27 12:08:37.500000+00:00,56.886157,-158.026628,3.34,0.14,6286,11.327256971847497
2023-03-27 12:20:27.070000+00:00,56.929163,-157.99362,4.31,0.43,6287,13.373565840574226
2023-03-27 12:23:23.210000+00:00,56.92301,-158.172624,5.68,0.8,6288,2.9295574703388327
2023-03-27 12:24:09.050000+00:00,56.922852,-158.005062,0.5,0.42,6289,12.566514423836955
2023-03-27 12:34:02.880000+00:00,56.938212,-158.06097,5.67,0.37,6290,9.710618185839444
2023-03-27 12:42:31.240000+00:00,56.935506,-158.006331,6.2,0.46,6293,12.77843858737163
2023-03-27 12:50:10.610000+00:00,56.927124,-158.037614,4.17,0.34,6295,10.705504204146054
2023-03-27 12:52:36.100000+00:00,56.909017,-158.193278,5.97,0.31,6296,1.0226325964076388
2023-03-27 12:58:12.150000+00:00,56.931608,-158.000863,0.9,0.32,6297,12.99820177858854
2023-03-27 13:33:20.750000+00:00,56.888826,-158.022168,4.16,0.36,6299,11.541275862420145
2023-03-27 14:10:37.250000+00:00,56.925415,-158.020231,2.36,0.59,6305,11.703496214841506
2023-03-27 14:13:31.040000+00:00,56.940649,-158.011458,7.12,0.32,6306,12.64022587235513
2023-03-27 14:48:29.100000+00:00,56.947913,-158.040641,2.82,0.43,6309,11.273337774069265
2023-03-27 14:51:02.070000+00:00,56.916553,-158.120752,17.72,0.64,6311,5.507541367353311
2023-03-27 15:04:48.020000+00:00,56.929142,-158.180843,4.03,1.45,6315,3.114089307157209
2023-03-27 15:43:17+00:00,56.953825,-157.989095,2.51,0.69,6322,14.4178021963149
2023-03-27 16:28:04.570000+00:00,56.935201,-158.077409,4.66,0.36,6328,8.657103877678246
2023-03-27 16:54:45.840000+00:00,56.834595,-158.196956,5.19,0.23,6332,7.963159401244228
2023-03-27 16:58:20.040000+00:00,56.850671,-158.232633,6.81,0.23,6334,6.3058725820038
2023-03-27 17:12:55.560000+00:00,56.925598,-158.058171,4.62,0.4,6336,9.44775696322872
2023-03-27 17:34:43.620000+00:00,56.940088,-158.010205,6.42,0.46,6339,12.694022283775269
2023-03-27 17:43:50.440000+00:00,56.87393,-158.071045,2.75,1.28,6341,9.126848724527061
2023-03-27 17:58:53.600000+00:00,56.941455,-158.012028,6.67,0.55,6343,12.63498950203526
2023-03-27 18:20:00.260000+00:00,56.936646,-158.023389,2.83,0.33,6347,11.814185430419432
2023-03-27 18:36:19.880000+00:00,56.883752,-158.171663,7.25,0.75,6350,3.347504657030004
2023-03-27 19:19:45.880000+00:00,56.879928,-158.097575,6.15,0.39,6355,7.376853088675069
2023-03-27 20:18:13.080000+00:00,56.9269,-158.05625,3.9,0.47,6360,9.595883834611065
2023-03-27 20:20:26.520000+00:00,56.891239,-158.252197,5.56,0.34,6361,3.091651180544379
2023-03-27 20:24:28.880000+00:00,56.962541,-158.06154,9.85,0.56,6362,10.977991123377727
2023-03-27 20:56:33.200000+00:00,56.88208,-158.251221,2.39,0.08,6364,3.687572361765535
2023-03-27 20:59:50.700000+00:00,56.943197,-158.15695,18.89,-0.03,6365,5.233467292463383
2023-03-27 21:09:08.720000+00:00,56.898592,-158.192171,11.08,0.13,6367,1.3022124060364142
2023-03-27 21:09:52.400000+00:00,56.935352,-157.999756,0.86,0.34,6368,13.161350085202667
2023-03-27 21:13:29.640000+00:00,56.91851,-158.258724,3.57,0.06,6370,3.343322915380363
2023-03-27 21:20:59.780000+00:00,56.892261,-158.015788,2.83,0.67,6372,11.869832506363181
2023-03-27 21:27:41.440000+00:00,56.93079,-158.02085,4.29,0.26,6373,11.792389552524716
2023-03-27 21:35:47.360000+00:00,56.947913,-158.083561,5.42,0.22,6374,8.96292779464704
2023-03-27 22:06:56.160000+00:00,56.917354,-158.206055,4.76,0.45,6377,1.2990804464546275
2023-03-27 22:11:06.140000+00:00,56.9184,-158.072852,3.6,0.33,6378,8.41136113105292
2023-03-27 22:34:32.880000+00:00,56.924447,-157.951562,6.31,0.25,6382,15.817551518186091
2023-03-27 23:09:19.920000+00:00,56.951432,-158.056429,3.81,0.04,6390,10.588789291653807
2023-03-27 23:20:54.800000+00:00,56.920369,-158.001253,4.97,0.39,6391,12.758226025620168
2023-03-27 23:22:01.620000+00:00,56.918717,-158.013184,0.46,1.17,6392,12.014569955992918
2023-03-27 23:49:37.640000+00:00,56.937467,-158.007129,2.79,-0.03,6400,12.789670744663418
2023-03-27 23:56:11.240000+00:00,56.889762,-158.027214,3.89,-0.03,6402,11.220842951705704
2023-03-28 00:00:51.470000+00:00,56.887142,-158.263021,4.42,0.04,6406,3.892908317844957
2023-03-28 00:15:24.880000+00:00,56.893209,-158.008659,0.54,-0.03,6408,12.288208807886395
2023-03-28 00:43:04.770000+00:00,56.941032,-158.029525,2.25,0.1,6411,11.612339456037576
2023-03-28 00:58:24.910000+00:00,56.92769,-158.030859,2.06,0.24,6414,11.12063066490932
2023-03-28 01:00:15.100000+00:00,56.896765,-158.135303,6.88,-0.23,6416,4.601910830160338
2023-03-28 01:14:46.130000+00:00,56.906055,-158.010856,0.37,0.92,6419,12.072040343841275
2023-03-28 01:18:41.710000+00:00,56.889807,-158.008854,4.54,0.08,6420,12.325967787147924
2023-03-28 01:40:58.360000+00:00,56.920866,-158.058138,4.13,0.39,6424,9.34140832841097
2023-03-28 02:02:27.310000+00:00,56.921505,-158.030566,8.1,-0.06,6430,11.008727121800256
2023-03-28 02:04:14.680000+00:00,56.918087,-158.030078,2.33,0.92,6431,10.984694964445055
2023-03-28 02:10:18.550000+00:00,56.924642,-157.994434,4.53,1.93,6433,13.236633839415715
2023-03-28 02:29:14.020000+00:00,56.933285,-158.041064,3.83,0.03,6437,10.675986696364864
2023-03-28 02:36:13.620000+00:00,56.886361,-158.18859,4.48,0.15,6438,2.4965882392245424
2023-03-28 03:01:52.580000+00:00,56.936096,-158.099984,4.72,-0.2,6442,7.447192414269556
2023-03-28 03:13:18.980000+00:00,56.896981,-158.214844,5.93,-0.19,6445,1.0446324800343745
2023-03-28 04:13:28.760000+00:00,56.856299,-158.068066,5.97,0.96,6449,10.208382343872811
2023-03-28 04:34:45.930000+00:00,56.94384,-158.106787,6.82,0.1,6452,7.528967580281431
2023-03-28 04:38:19.700000+00:00,56.961882,-158.009391,5.96,0.06,6453,13.663028400267661
2023-03-28 04:45:16.970000+00:00,56.936308,-158.09847,6.19,0.52,6454,7.540098750469361
2023-03-28 04:52:07.850000+00:00,56.890308,-158.013118,7.36,-0.03,6455,12.060725070938583
2023-03-28 05:16:56.660000+00:00,56.95693,-158.000488,4.45,0.17,6456,13.913412015003866
2023-03-28 05:54:50.410000+00:00,56.888216,-158.016618,5.27,0.27,6459,11.886147787681317
2023-03-28 06:35:39.480000+00:00,56.968734,-158.015837,7.08,0.3,6460,13.688754781655618
2023-03-28 06:46:09.490000+00:00,56.986015,-158.16403,9.7,0.71,6461,9.34253019532096
2023-03-28 07:28:28.840000+00:00,56.886515,-158.019531,4.31,-0.1,6468,11.744505948253412
2023-03-28 09:07:50.640000+00:00,56.940251,-158.007878,2.65,0.09,6480,12.834627869243144
2023-03-28 09:35:39.270000+00:00,56.978996,-158.085775,13.44,0.17,6486,11.076658391019379
2023-03-28 09:39:24.590000+00:00,56.917456,-158.025977,5.22,0.13,6487,11.224358121357055
2023-03-28 09:42:07.240000+00:00,56.919145,-158.030941,2.54,0.34,6488,10.947753617808104
2023-03-28 09:45:35.550000+00:00,56.902681,-158.188265,6.93,0.3,6489,1.3102208253481595
2023-03-28 09:46:10.360000+00:00,56.910881,-158.201562,5.79,-0.23,6490,0.7248951070980901
2023-03-28 09:55:51.990000+00:00,56.905839,-158.019482,2.48,0.17,6493,11.546498738638103
2023-03-28 09:56:47.270000+00:00,56.867729,-158.157357,3.54,0.02,6494,5.280454330487704
2023-03-28 09:57:04.100000+00:00,56.934257,-158.01429,6.41,-0.12,6495,12.27443633618422
2023-03-28 10:01:40.380000+00:00,56.946029,-158.044189,3.88,0.65,6496,10.99029460808093
2023-03-28 10:13:50.530000+00:00,56.93739,-157.999251,4.54,-0.01,6498,13.24923601669266
2023-03-28 10:17:45.510000+00:00,56.901701,-158.143197,8.65,-0.11,6499,4.035210076283493
2023-03-28 10:20:21.980000+00:00,56.922054,-157.988883,4.37,0.27,6500,13.529474367942225
2023-03-28 10:21:11.420000+00:00,56.911487,-158.00625,2.04,-0.25,6501,12.367956927199208
2023-03-28 10:23:22.800000+00:00,56.948551,-158.176709,16.91,-0.12,6503,5.150749008001321
2023-03-28 10:29:07.160000+00:00,56.904667,-158.16792,4.99,0.48,6504,2.5060416747388548
2023-03-28 10:29:31.530000+00:00,56.929972,-158.083464,5.43,0.08,6505,8.10587362852343
2023-03-28 10:56:02.930000+00:00,56.945634,-158.07596,5.51,0.37,6507,9.236166165312977
2023-03-28 11:09:01.010000+00:00,56.915438,-158.18335,6.3,0.16,6510,1.8956389894954313
2023-03-28 11:26:28.600000+00:00,56.957076,-157.986947,5.09,0.1,6518,14.675821470728192
2023-03-28 11:50:48.170000+00:00,56.858183,-158.192741,4.33,0.2,6522,5.394373137515662
2023-03-28 12:04:54.730000+00:00,56.934281,-158.089095,5.77,0.26,6525,7.961511866167917
2023-03-28 12:09:23.690000+00:00,56.901062,-158.216211,5.0,-0.28,6527,0.6865981649872511
2023-03-28 12:19:03.590000+00:00,56.922673,-158.087956,4.34,0.23,6529,7.608671508630659
2023-03-28 12:26:00.740000+00:00,56.888741,-158.266292,1.98,-0.25,6530,3.9746956541390963
2023-03-28 12:45:17.910000+00:00,56.893937,-158.000212,7.67,0.12,6532,12.790957209190436
2023-03-28 12:48:00.510000+00:00,56.953963,-157.952018,4.59,-0.06,6533,16.540406873820103
2023-03-28 12:56:35.770000+00:00,56.899626,-158.016471,0.44,-0.19,6535,11.751048522850606
2023-03-28 13:21:47.740000+00:00,56.887874,-158.161117,5.25,0.06,6541,3.5354721903168715
2023-03-28 13:29:21.040000+00:00,56.921427,-158.061556,4.44,0.38,6544,9.148279920284054
2023-03-28 13:59:02.040000+00:00,56.942179,-158.039339,2.52,0.01,6547,11.097525059353979
2023-03-28 14:36:45.480000+00:00,56.950354,-158.068506,5.03,0.22,6550,9.889245302624238
2023-03-28 14:38:33.790000+00:00,56.944824,-158.044808,4.76,0.43,6551,10.901852839950807
2023-03-28 14:43:03.670000+00:00,56.904598,-158.201595,6.67,0.01,6552,0.4705989535069616
2023-03-28 14:46:40.340000+00:00,56.902991,-158.28833,1.8,-0.04,6553,4.843524444366455
2023-03-28 14:52:52.690000+00:00,56.947689,-158.027262,3.76,0.19,6555,12.009265566384869
2023-03-28 14:54:27.280000+00:00,56.942936,-158.048893,4.1,0.01,6556,10.590552268931086
2023-03-28 15:13:35.410000+00:00,56.945243,-158.084294,5.55,0.41,6558,8.772572700391393
2023-03-28 15:14:17.290000+00:00,56.947115,-158.078206,5.49,0.26,6559,9.197681984877962
2023-03-28 15:26:22.500000+00:00,56.921305,-158.031852,2.97,2.06,6562,10.927882544837125
2023-03-28 15:26:55.960000+00:00,56.930664,-158.050879,3.0,0.74,6563,10.020546458067196
2023-03-28 15:36:10.790000+00:00,56.906828,-158.023649,5.19,0.08,6564,11.293052090325844
2023-03-28 15:46:49.750000+00:00,56.865885,-158.217562,4.14,0.03,6567,4.475385515104338
2023-03-28 16:38:55.380000+00:00,56.938957,-157.995817,5.78,1.38,6576,13.49740021106333
2023-03-28 16:39:48.540000+00:00,56.847493,-158.215837,2.95,-0.02,6577,6.506300010426482
2023-03-28 16:40:36.590000+00:00,56.823979,-158.20363,7.37,0.06,6578,9.11726307083503
2023-03-28 16:50:28.970000+00:00,56.94102,-158.170736,18.82,-0.01,6580,4.5620281813864905
2023-03-28 17:20:20.880000+00:00,56.934399,-158.065641,5.76,0.56,6586,9.293609855800378
2023-03-28 17:41:29.300000+00:00,56.91735,-158.147119,7.24,-0.13,6587,3.9829447596475824
2023-03-28 17:57:08.760000+00:00,56.892253,-158.202539,4.57,0.13,6588,1.5590976809846355
2023-03-28 18:58:43.240000+00:00,56.84554,-158.134359,7.25,-0.16,6591,8.108214739901745
2023-03-28 19:03:28.480000+00:00,56.908508,-158.037972,17.91,0.42,6594,10.423975389215686
2023-03-28 19:05:06.820000+00:00,56.925427,-158.05485,3.96,0.51,6595,9.640254116707723
2023-03-28 19:42:35.840000+00:00,56.937976,-158.093815,5.7,0.21,6599,7.876829098409511
2023-03-28 19:43:42.320000+00:00,56.904354,-158.26569,3.75,-0.05,6600,3.4576932822384125
2023-03-28 20:00:53.200000+00:00,56.878638,-158.105599,6.0,-0.18,6602,6.990334730554868
2023-03-28 20:13:05.360000+00:00,56.868644,-158.169271,6.48,-0.12,6603,4.794220187631124
2023-03-28 20:38:50.280000+00:00,56.917586,-158.19834,6.24,0.24,6610,1.4643256238365117
2023-03-28 21:07:30.160000+00:00,56.935583,-158.024007,3.79,-0.17,6612,11.7443570278111
2023-03-28 21:23:07.800000+00:00,56.902311,-158.193245,6.5,-0.06,6615,1.035575679646434
2023-03-28 21:23:22.880000+00:00,56.904468,-158.208008,6.46,0.18,6616,0.16017000412790633
2023-03-28 21:56:38.280000+00:00,56.910404,-158.082048,3.2,0.4,6619,7.751130793796811
2023-03-28 21:58:53+00:00,56.882967,-158.136475,6.27,0.79,6620,5.099140098326291
2023-03-28 22:01:04.840000+00:00,56.910714,-158.057617,6.25,0.09,6621,9.238720502630626
2023-03-28 23:02:37.080000+00:00,56.963501,-158.002816,6.4,0.08,6633,14.101235326808894
2023-03-28 23:09:41.160000+00:00,56.919987,-158.018815,1.78,1.03,6634,11.692169625952225
2023-03-28 23:11:05.440000+00:00,56.86261,-158.119417,4.09,0.9,6635,7.277003698899771
2023-03-28 23:23:52.280000+00:00,56.885136,-158.12653,6.89,-0.23,6637,5.5276572140102145
2023-03-28 23:29:12.060000+00:00,56.873914,-158.074951,5.21,-0.24,6639,8.908700990226711
2023-03-28 23:34:44.080000+00:00,56.906246,-158.042171,5.36,-0.25,6640,10.164223771046874
2023-03-28 23:37:29.340000+00:00,56.91215,-158.103223,9.38,-0.1,6642,6.4826668776673
2023-03-28 23:38:14.360000+00:00,56.937134,-158.07596,5.92,0.24,6643,8.821571955866812
2023-03-28 23:46:12.240000+00:00,56.884509,-158.12207,6.87,-0.24,6645,5.804108478861924
2023-03-29 00:12:27.950000+00:00,56.952787,-158.085156,5.04,-0.11,6646,9.178112984310479
2023-03-29 01:02:22.850000+00:00,56.865259,-158.151465,5.47,0.32,6649,5.7168234309456185
2023-03-29 01:23:47.950000+00:00,56.940145,-158.045931,4.09,1.89,6655,10.641563710981048
2023-03-29 01:37:49.840000+00:00,56.912362,-157.985742,2.81,-0.29,6660,13.62055603578047
2023-03-29 01:45:46.080000+00:00,56.908122,-158.019076,1.73,-0.09,6662,11.573769490201375
2023-03-29 01:50:44.950000+00:00,56.86967,-158.033285,7.09,0.03,6665,11.441452202924033
2023-03-29 01:59:05.850000+00:00,56.86866,-158.137402,2.47,1.19,6667,6.0126843230024765
2023-03-29 02:18:32.840000+00:00,56.950049,-158.070947,4.76,0.1,6668,9.743768009430994
2023-03-29 02:25:02.240000+00:00,56.941707,-158.048112,4.59,0.25,6669,10.582031328838138
2023-03-29 02:29:17.480000+00:00,56.878153,-158.10319,5.71,0.78,6670,7.146123927959338
2023-03-29 02:35:20.820000+00:00,56.956868,-158.066097,4.75,0.33,6671,10.394196785304242
2023-03-29 02:47:10.220000+00:00,56.928585,-158.05127,4.93,0.03,6672,9.936293555214387
2023-03-29 03:21:40.740000+00:00,56.888912,-158.046289,2.51,0.52,6678,10.092274843434264
2023-03-29 03:24:40.920000+00:00,56.890397,-158.084749,5.18,0.24,6680,7.76348221105081
2023-03-29 03:41:46.070000+00:00,56.935034,-158.095117,6.13,-0.13,6683,7.6617024460955605
2023-03-29 04:06:13.460000+00:00,56.864294,-158.169889,4.21,0.78,6688,5.200709505298404
2023-03-29 04:08:34.620000+00:00,56.934143,-158.007568,5.44,0.05,6689,12.667233503389541
2023-03-29 04:28:15.910000+00:00,56.862817,-158.231152,2.57,0.39,6691,4.9733378052498285
2023-03-29 04:58:46.890000+00:00,56.933126,-157.987777,4.89,0.48,6693,13.81258717043785
2023-03-29 05:24:08.060000+00:00,56.921493,-157.989518,2.68,0.34,6696,13.483003814684098
2023-03-29 05:28:40.370000+00:00,56.880009,-158.162158,2.92,0.23,6697,4.049544936761524
2023-03-29 05:57:12.410000+00:00,56.877942,-158.107617,5.71,0.63,6700,6.914135527987447
2023-03-29 06:08:32.810000+00:00,56.917,-158.040055,4.02,0.09,6704,10.366839158854445
2023-03-29 06:09:13.100000+00:00,56.92747,-158.013037,2.31,0.07,6705,12.177209500178032
2023-03-29 06:13:23.950000+00:00,56.927071,-158.010905,0.84,0.06,6706,12.295943284971221
2023-03-29 06:17:05+00:00,56.873405,-158.042301,4.86,0.79,6707,10.782030163572811
2023-03-29 06:43:14.330000+00:00,56.914844,-158.337402,22.28,0.91,6709,7.886598401710303
2023-03-29 06:47:14.540000+00:00,56.891341,-158.021647,9.81,0.2,6711,11.529785151537896
2023-03-29 06:48:12.460000+00:00,56.893599,-158.008854,4.05,0.18,6712,12.27145653390009
2023-03-29 07:13:59.820000+00:00,56.915507,-158.189404,9.42,0.14,6720,1.6104311158115725
2023-03-29 07:29:22.030000+00:00,56.862248,-158.094564,4.52,1.88,6721,8.496332078369061
2023-03-29 08:01:51.260000+00:00,56.8559,-158.197217,4.46,0.2,6724,5.602993168938862
2023-03-29 08:17:44.970000+00:00,56.877714,-158.15249,26.8,0.91,6726,4.652353219748813
2023-03-29 08:33:00.610000+00:00,56.894674,-158.096615,8.49,0.49,6727,6.959321567207471
2023-03-29 08:45:37.320000+00:00,56.914351,-158.293441,2.53,0.28,6729,5.231426636804673
2023-03-29 09:37:11.610000+00:00,56.893595,-158.134831,6.13,0.71,6732,4.719468718766482
2023-03-29 10:15:29.340000+00:00,56.856726,-158.201367,4.06,0.35,6733,5.484547616868534
2023-03-29 10:18:29.020000+00:00,56.934562,-158.036133,2.68,1.04,6734,11.00440521682777
2023-03-29 10:34:59.350000+00:00,56.857666,-158.191292,4.61,0.53,6736,5.46772988944017
2023-03-29 10:49:07.730000+00:00,56.892171,-158.026725,3.34,0.06,6737,11.210452111595298
2023-03-29 11:33:41.710000+00:00,56.895081,-158.164909,7.69,0.21,6740,2.939884864454194
2023-03-29 11:58:57.310000+00:00,56.859615,-158.091471,6.29,0.09,6742,8.819723309674197
2023-03-29 13:50:58.020000+00:00,56.901994,-158.19528,6.56,0.05,6748,0.9372464502593953
2023-03-29 14:32:23.210000+00:00,56.888326,-158.046191,3.96,2.51,6749,10.110574655096656
2023-03-29 15:16:06.250000+00:00,56.884159,-158.026823,8.9,0.02,6751,11.360994079227648
2023-03-29 15:22:05.920000+00:00,56.91259,-158.164844,4.1,0.14,6753,2.7942372106002464
2023-03-29 15:22:23.900000+00:00,56.91189,-158.002913,4.29,0.16,6754,12.573260945016202
2023-03-29 15:23:05.470000+00:00,56.917179,-158.01766,4.95,-0.01,6755,11.724413729720052
2023-03-29 17:01:33.680000+00:00,56.95955,-158.038298,16.35,0.52,6760,11.993073118486901
2023-03-29 18:35:40.080000+00:00,57.046147,-158.117643,15.54,1.19,6762,16.586995859412582
2023-03-29 18:46:41.040000+00:00,56.870272,-158.079134,6.0,0.38,6763,8.849539273281213
2023-03-29 19:30:27.900000+00:00,56.922567,-158.084115,4.4,0.25,6766,7.832789238678121
2023-03-29 19:42:23.880000+00:00,56.932048,-158.084115,5.84,0.64,6770,8.148327344386724
2023-03-29 19:45:41.400000+00:00,56.935848,-158.102588,5.95,0.27,6772,7.293473708298655
2023-03-29 19:46:39.760000+00:00,56.92373,-157.984733,4.37,1.68,6773,13.80548150410681
2023-03-29 20:59:36.540000+00:00,56.92924,-158.075895,5.17,0.28,6774,8.516822693301721
2023-03-29 21:00:17.320000+00:00,56.873206,-158.14891,2.67,0.01,6775,5.156427872887717
2023-03-29 21:03:53.680000+00:00,56.928276,-158.015446,2.77,0.36,6776,12.051622892864474
2023-03-29 21:06:14.720000+00:00,56.858586,-158.300423,10.74,0.22,6778,7.662045198621099
2023-03-29 21:16:52.680000+00:00,56.863993,-158.224512,3.88,0.04,6781,4.75059862296386
2023-03-29 21:32:05.540000+00:00,56.936157,-157.965039,2.82,0.49,6784,15.237173985873477
2023-03-29 21:49:39.480000+00:00,56.88538,-158.037419,3.59,-0.1,6786,10.700927484724337
2023-03-29 21:50:31.340000+00:00,56.914754,-158.01097,4.37,-0.08,6787,12.104795610408615
2023-03-29 22:27:02.480000+00:00,56.852022,-158.220296,3.41,0.11,6792,6.028066650529578
2023-03-29 22:39:04.760000+00:00,56.921281,-158.012858,0.71,2.3,6796,12.071336701134568
2023-03-29 22:44:21.920000+00:00,56.932227,-158.063118,5.42,0.12,6799,9.359509069672765
2023-03-30 00:02:08.470000+00:00,56.911589,-158.254102,2.64,-0.24,6802,2.8222670625064654
2023-03-30 00:15:23.130000+00:00,56.950842,-158.005013,1.71,0.25,6804,13.39509275701592
2023-03-30 00:21:26.740000+00:00,56.871,-158.044661,11.73,0.07,6805,10.740583692437925
2023-03-30 00:24:02.090000+00:00,56.927437,-158.027751,3.54,0.57,6806,11.29939963890795
2023-03-30 00:26:24.950000+00:00,56.906706,-158.013574,0.79,-0.07,6807,11.906735634093279
2023-03-30 00:40:23.960000+00:00,56.895878,-158.179297,5.16,0.15,6808,2.1205149493126765
2023-03-30 00:49:37.440000+00:00,56.985779,-158.067415,2.34,0.59,6810,12.392537067331132
2023-03-30 01:24:52.970000+00:00,56.932821,-158.087419,5.49,0.3,6815,7.992755117365206
2023-03-30 02:30:54.170000+00:00,56.90024,-158.210693,4.97,0.24,6817,0.6276855659755853
2023-03-30 02:49:28.750000+00:00,56.976628,-158.115202,6.48,0.41,6819,9.736830206718135
2023-03-30 03:41:13.020000+00:00,56.854,-158.2132,4.04,0.64,6821,5.774010746706102
2023-03-30 04:58:21.740000+00:00,56.929057,-158.051888,5.66,0.58,6823,9.913448657405915
2023-03-30 05:26:50.930000+00:00,56.858362,-158.174967,4.71,0.28,6827,5.6754322862840265
2023-03-30 05:29:20.060000+00:00,56.933907,-158.059473,4.58,0.11,6828,9.629478713848068
2023-03-30 06:25:57.510000+00:00,56.926737,-158.011442,1.58,0.45,6829,12.256773097557867
2023-03-30 07:30:55.670000+00:00,56.92677,-157.993799,5.63,0.12,6832,13.313968872571913
2023-03-30 07:32:30.750000+00:00,56.867973,-158.018327,5.81,0.2,6833,12.362519931011885
2023-03-30 08:37:56.210000+00:00,56.879114,-158.166781,6.93,0.12,6837,3.930906292317445
2023-03-30 08:43:20.190000+00:00,56.947555,-158.02915,5.44,0.33,6839,11.897591413630293
2023-03-30 09:36:13.910000+00:00,56.89825,-158.046696,4.09,0.82,6842,9.925146201769932
2023-03-30 10:02:13.670000+00:00,56.877319,-158.098112,10.95,0.83,6843,7.465667093540601
2023-03-30 10:22:07.750000+00:00,56.910852,-158.09554,6.71,0.71,6846,6.935013477296781
2023-03-30 10:24:13.070000+00:00,56.920687,-158.031592,3.3,1.35,6847,10.93296275797991
2023-03-30 11:29:21.330000+00:00,56.912842,-158.055111,2.41,0.84,6850,9.407643560990602
2023-03-30 12:17:43.930000+00:00,56.869535,-158.042253,5.7,1.06,6851,10.936969825061851
2023-03-30 13:42:11.980000+00:00,56.922437,-157.994287,5.6,0.47,6853,13.209184659608667
2023-03-30 14:10:18.550000+00:00,56.928711,-158.081006,4.64,0.34,6855,8.202602125882919
2023-03-30 17:37:59.540000+00:00,56.844145,-158.231104,2.67,0.49,6858,6.996797868125194
2023-03-30 17:55:49.200000+00:00,56.849792,-158.178451,8.96,0.43,6859,6.509109098282397
2023-03-30 18:59:17.560000+00:00,56.883647,-158.190137,7.02,0.52,6861,2.7216168000659517
2023-03-30 20:08:47.880000+00:00,56.907699,-158.082812,5.81,0.99,6865,7.690797804195726
2023-03-30 22:27:32.640000+00:00,56.927584,-158.029736,3.34,1.09,6869,11.184825722046575
2023-03-30 22:44:53.960000+00:00,56.92913,-158.00887,4.15,0.48,6870,12.463034617265755
2023-03-30 23:13:22.400000+00:00,56.94436,-157.991504,7.15,0.98,6871,13.922946760587823
2023-03-30 23:51:45.880000+00:00,56.866394,-158.155436,5.03,0.9,6872,5.4696564641275645
2023-03-31 02:47:15.170000+00:00,56.948669,-158.057878,4.87,0.74,6877,10.366529423670183
2023-03-31 03:43:14.460000+00:00,56.9236,-158.022721,2.36,0.79,6880,11.51830375786909
2023-03-31 04:05:32.370000+00:00,56.847156,-158.176367,7.44,0.69,6881,6.826856570087437
2023-03-31 04:09:15.130000+00:00,56.853011,-158.191602,8.13,1.07,6882,5.973396948468073
2023-03-31 04:26:44.370000+00:00,56.861593,-158.185514,7.25,0.7,6884,5.1267720840277935
2023-03-31 04:34:54.280000+00:00,56.895113,-158.05179,5.72,0.2,6887,9.653127768384955
2023-03-31 06:26:30.600000+00:00,56.90002,-158.191374,6.33,0.54,6895,1.2520671471142872
2023-03-31 07:07:48.030000+00:00,56.94646,-158.062598,4.68,0.6,6897,9.998737581338776
2023-03-31 07:29:45.830000+00:00,56.948885,-157.994141,5.21,0.79,6901,13.934899312080514
2023-03-31 07:52:30.520000+00:00,56.922518,-158.000944,4.45,1.15,6902,12.809122002746788
2023-03-31 09:09:39.260000+00:00,56.932764,-158.019694,8.0,0.9,6905,11.914016711447118
2023-03-31 10:09:13.810000+00:00,56.943652,-158.00013,7.27,0.85,6908,13.39936004559179
2023-03-31 11:29:32.660000+00:00,56.925146,-158.043945,3.12,2.05,6910,10.28171443938458
2023-03-31 12:47:27.810000+00:00,56.931433,-158.026107,2.59,1.48,6912,11.4989744161748
2023-03-31 13:36:25.230000+00:00,56.941744,-158.05179,4.56,0.8,6914,10.376589207066694
2023-03-31 14:19:53.560000+00:00,56.953499,-158.066943,5.01,1.01,6917,10.150178437382454
2023-03-31 18:22:14.100000+00:00,56.898413,-158.171891,8.24,0.83,6920,2.40609795457106
2023-03-31 20:17:06.480000+00:00,56.931567,-158.016325,2.96,0.88,6923,12.080517370049558
2023-03-31 20:17:22.320000+00:00,56.897831,-158.186361,5.93,0.63,6924,1.640232799175866
2023-03-31 23:20:06.040000+00:00,56.868225,-158.144173,7.12,1.25,6928,5.7552882111544905
2023-03-31 23:34:16.460000+00:00,56.952779,-158.067041,5.2,0.75,6930,10.10341718370604
2023-04-01 00:35:48.340000+00:00,56.921761,-158.013786,2.27,0.94,6936,12.023101649047504
2023-04-01 01:15:44.880000+00:00,56.93396,-158.065055,5.55,1.27,6937,9.310615391184312
2023-04-01 01:55:44.800000+00:00,56.948885,-158.054639,5.07,1.16,6938,10.552878876592967
2023-04-01 02:40:48.810000+00:00,56.893278,-158.15127,4.75,0.87,6940,3.7841147741458183
2023-04-01 03:17:52.420000+00:00,56.902234,-158.055941,2.85,0.72,6942,9.334112551112622
2023-04-01 09:03:57.460000+00:00,56.946362,-158.070117,6.34,1.14,6946,9.587626275012125
2023-04-01 13:03:35.540000+00:00,56.948238,-158.058789,4.91,0.7,6951,10.29524857175106
2023-04-01 13:06:52.110000+00:00,56.86639,-158.065625,6.26,1.3,6952,9.77978683077137
2023-04-01 16:07:50.950000+00:00,56.869202,-157.953988,5.55,3.0,6956,16.069741115706137
2023-04-01 17:26:53.160000+00:00,56.948507,-158.031966,3.89,0.76,6957,11.782214019138122
2023-04-01 18:21:52.360000+00:00,56.896179,-158.173861,6.43,0.9,6959,2.3942294647671356
2023-04-01 20:09:16.940000+00:00,56.923173,-157.989567,2.21,0.47,6961,13.505274418749275
2023-04-01 20:53:29.200000+00:00,56.869511,-158.080876,5.69,0.42,6962,8.793378890256038
2023-04-01 22:29:50.220000+00:00,56.916602,-158.059163,3.07,0.89,6963,9.206518324819449
2023-04-01 23:31:45.680000+00:00,56.879325,-158.08667,5.85,0.5,6967,8.017412784448199
2023-04-02 00:19:59.870000+00:00,56.93621,-158.047054,4.99,0.6,6969,10.42783261029492
2023-04-02 00:32:22.310000+00:00,56.92358,-158.017204,7.71,0.48,6970,11.849108763531882
2023-04-02 02:02:03.020000+00:00,56.946537,-158.063883,5.02,0.33,6972,9.932941623524071
2023-04-02 02:30:33.820000+00:00,56.954301,-158.075016,6.07,0.35,6974,9.78366125308156
2023-04-02 03:56:01.880000+00:00,56.933683,-158.077409,5.6,0.43,6977,8.594749791660044
2023-04-02 05:05:14.570000+00:00,56.922803,-157.987305,4.98,0.2,6980,13.635933227563239
2023-04-02 05:17:14.080000+00:00,56.866866,-158.189909,6.45,0.04,6982,4.489071438501924
2023-04-02 05:41:25.760000+00:00,56.925708,-157.994694,4.08,0.05,6985,13.240172330510578
2023-04-02 06:19:26.010000+00:00,56.93632,-158.080387,5.67,0.4,6989,8.538210002060973
2023-04-02 06:33:04.900000+00:00,56.925875,-158.070378,14.8,1.11,6991,8.734300871581361
2023-04-02 07:18:46+00:00,56.914209,-158.032357,7.95,-0.07,6993,10.801543893958161
2023-04-02 08:02:21.780000+00:00,56.892765,-158.016569,0.37,1.23,6994,11.815523569737742
2023-04-02 08:15:18.810000+00:00,56.919503,-158.065397,5.21,-0.09,6997,8.879600271557578
2023-04-02 08:32:13.380000+00:00,56.903076,-158.183447,7.89,-0.04,6999,1.5861654658331887
2023-04-02 09:32:15.580000+00:00,56.867135,-158.142432,5.7,-0.05,7001,5.916444480592987
2023-04-02 10:18:14.470000+00:00,56.967997,-158.048519,5.88,0.06,7003,11.975421249847969
2023-04-02 10:18:50.120000+00:00,56.890621,-158.021794,3.2,0.07,7005,11.53250237217033
2023-04-02 10:41:28.080000+00:00,56.935693,-158.099577,6.04,0.3,7006,7.449167760702252
2023-04-02 10:45:08.770000+00:00,56.936344,-158.048242,8.94,-0.0,7007,10.364301291444793
2023-04-02 11:06:48.500000+00:00,56.961023,-158.014486,2.92,0.24,7009,13.343662365053943
2023-04-02 11:13:33.610000+00:00,56.88182,-158.15612,3.3,0.11,7010,4.1853504997824995
2023-04-02 11:19:14.750000+00:00,56.920858,-158.064453,4.32,0.03,7011,8.96309586840241
2023-04-02 11:22:36.490000+00:00,56.910144,-158.265771,3.51,-0.06,7012,3.492274712627001
2023-04-02 11:25:02.470000+00:00,56.951558,-158.016455,7.62,0.13,7013,12.783227067446457
2023-04-02 11:26:16.990000+00:00,56.927653,-157.992318,5.09,0.2,7014,13.420113510233596
2023-04-02 11:28:04.430000+00:00,56.876379,-158.20765,3.87,1.16,7015,3.27729452082203
2023-04-02 11:43:51.620000+00:00,56.896399,-158.141195,7.18,-0.03,7016,4.262150495002506
2023-04-02 11:53:17.250000+00:00,56.916048,-158.0243,6.73,0.28,7019,11.309149480295485
2023-04-02 11:58:19.960000+00:00,56.908944,-158.013265,4.51,-0.24,7021,11.929915804599219
2023-04-02 12:43:53.710000+00:00,56.932422,-158.039681,2.62,0.4,7023,10.729872496979898
2023-04-02 12:49:12.790000+00:00,56.941557,-158.061556,5.97,0.87,7024,9.82213917753248
2023-04-02 12:54:02.150000+00:00,56.934676,-157.987679,2.7,0.59,7025,13.857170095643045
2023-04-02 12:55:07.870000+00:00,56.919828,-157.983496,4.36,-0.04,7026,13.824935520998851
2023-04-02 13:21:30.350000+00:00,56.936943,-157.977018,5.58,0.34,7027,14.547198826152007
2023-04-02 13:32:02.490000+00:00,56.919031,-158.077962,4.21,0.49,7029,8.117005200498657
2023-04-02 13:49:34.760000+00:00,56.932723,-158.049137,4.88,0.43,7031,10.1874034567738
2023-04-02 14:10:23.300000+00:00,56.862939,-158.160482,5.32,0.14,7032,5.61502692522521
2023-04-02 15:02:49.580000+00:00,56.936056,-158.015641,6.84,0.17,7034,12.248278328992896
2023-04-02 15:29:08.890000+00:00,56.91333,-158.012956,0.8,-0.11,7037,11.972303318110777
2023-04-02 15:35:23.280000+00:00,56.938131,-158.011165,9.22,0.12,7039,12.574458163145572
2023-04-02 15:36:43.190000+00:00,56.929338,-158.020882,7.24,0.28,7040,11.753599375920933
2023-04-02 15:42:17.150000+00:00,56.906026,-157.998275,2.34,-0.14,7041,12.838538742583571
2023-04-02 16:30:09.450000+00:00,56.957804,-157.986377,3.84,0.04,7042,14.739338522477594
2023-04-02 17:02:45.040000+00:00,56.927865,-158.020133,2.48,0.42,7044,11.762940260782848
2023-04-02 17:20:01.840000+00:00,56.935775,-158.083773,5.17,-0.12,7046,8.324975470199112
2023-04-02 17:27:47.700000+00:00,56.931641,-158.088623,5.47,0.18,7047,7.876023054057047
2023-04-02 18:58:53.380000+00:00,56.902641,-158.010205,5.65,-0.21,7052,12.117329271231442
2023-04-02 19:47:55.440000+00:00,56.888143,-158.127507,6.24,-0.35,7056,5.341266544369778
2023-04-02 20:12:31.120000+00:00,56.940344,-158.00542,4.13,0.56,7060,12.98059819866853
2023-04-02 20:13:16.040000+00:00,56.922668,-158.028955,3.53,0.76,7061,11.126584226988603
2023-04-02 20:35:18.440000+00:00,56.911149,-158.163184,5.98,-0.01,7063,2.854020929729427
2023-04-02 21:03:53.800000+00:00,56.867847,-158.040251,5.88,-0.19,7064,11.120755269510061
2023-04-02 21:09:58.640000+00:00,56.943233,-158.049561,4.99,0.36,7065,10.566084296360534
2023-04-02 21:29:42.920000+00:00,56.93783,-158.001986,6.16,-0.07,7068,13.101910442414024
2023-04-02 21:32:13.400000+00:00,56.9191,-158.044596,3.63,0.8,7069,10.123563061294037
2023-04-02 21:43:16.440000+00:00,56.940401,-158.080404,5.84,-0.01,7072,8.7277558805095
2023-04-02 22:01:12.280000+00:00,56.920288,-158.039014,2.75,-0.12,7075,10.479436754378014
2023-04-02 22:26:53.080000+00:00,56.938676,-158.145915,19.85,0.03,7079,5.3068396916069815
2023-04-02 22:30:36.580000+00:00,56.955253,-158.073812,5.09,-0.06,7082,9.903338685658193
2023-04-02 22:31:20.080000+00:00,56.932849,-158.025277,7.87,0.42,7083,11.587729289512977
2023-04-02 22:35:16.120000+00:00,56.925309,-157.99751,5.79,-0.24,7084,13.06370983098239
2023-04-02 22:47:09.240000+00:00,56.93363,-158.008561,2.0,-0.11,7087,12.594576143775603
2023-04-02 23:26:16.920000+00:00,56.855135,-158.189551,4.24,-0.16,7091,5.7651948816605225
2023-04-02 23:40:40.920000+00:00,56.918848,-158.023535,2.13,0.87,7094,11.390655410886282
2023-04-02 23:43:24.200000+00:00,56.938208,-158.019857,2.85,-0.04,7096,12.070784376969995
2023-04-02 23:44:22.040000+00:00,56.941077,-158.010482,2.63,-0.06,7097,12.711386960380066
2023-04-02 23:45:38.780000+00:00,56.95011,-158.057389,4.77,0.14,7098,10.467490797286631
2023-04-02 23:57:07.960000+00:00,56.864685,-158.096842,7.94,0.04,7103,8.228469886960035
2023-04-03 00:08:08.820000+00:00,56.937252,-158.036361,4.38,-0.12,7105,11.081760343429291
2023-04-03 00:19:21.470000+00:00,56.917851,-158.048747,3.71,0.54,7106,9.853753231975404
2023-04-03 00:33:27.370000+00:00,56.919828,-158.06945,4.51,0.55,7108,8.642922583901532
2023-04-03 00:37:27.140000+00:00,56.930029,-157.994336,2.93,0.11,7109,13.34980012403128
2023-04-03 01:42:01.850000+00:00,56.875049,-158.217822,4.84,0.68,7114,3.4663264183666556
2023-04-03 03:17:07.320000+00:00,56.923714,-157.998128,3.61,1.44,7122,12.998422061389128
2023-04-03 04:20:33.470000+00:00,56.92605,-158.075309,4.12,1.1,7125,8.449473014176526
2023-04-03 04:25:27.160000+00:00,56.824292,-158.159212,0.68,1.32,7127,9.571030584192403
2023-04-03 04:36:07.040000+00:00,56.934745,-158.084082,4.92,0.21,7128,8.262418372183527
2023-04-03 04:56:39.600000+00:00,56.951017,-158.063737,5.21,0.33,7129,10.177738489516647
2023-04-03 05:20:50.890000+00:00,56.953215,-158.051497,4.57,0.3,7130,10.947377388298134
2023-04-03 05:37:10.360000+00:00,56.927254,-158.058691,3.98,0.12,7132,9.461637410743954
2023-04-03 05:46:33.940000+00:00,56.885225,-158.191732,6.1,0.21,7133,2.5213098302113828
2023-04-03 08:15:51.440000+00:00,56.906283,-158.007682,3.66,0.2,7139,12.265464660412386
2023-04-03 08:18:24.190000+00:00,56.922209,-157.930615,8.9,0.86,7140,17.055225072430282
2023-04-03 08:22:16.800000+00:00,56.902787,-158.010563,1.66,0.53,7142,12.095040694126522
2023-04-03 08:22:59.410000+00:00,56.923918,-158.036165,2.06,0.25,7143,10.719123470297836
2023-04-03 09:46:52.880000+00:00,56.871912,-158.044873,5.16,0.42,7149,10.692154542456025
2023-04-03 10:11:13.170000+00:00,56.930021,-158.07054,4.97,0.89,7150,8.853869325760598
2023-04-03 10:29:25.780000+00:00,56.933468,-157.99873,6.22,0.47,7154,13.171522439899837
2023-04-03 10:32:19.550000+00:00,56.920561,-158.000472,3.69,1.01,7156,12.808108917214058
2023-04-03 10:39:04.680000+00:00,56.923515,-157.976449,2.97,0.55,7158,14.301667144540668
2023-04-03 11:06:05.200000+00:00,56.947664,-158.027165,8.75,0.64,7160,12.013631297616676
2023-04-03 11:15:27.610000+00:00,56.958008,-158.086377,4.92,0.3,7163,9.462380798482203
2023-04-03 11:26:56.910000+00:00,56.916984,-158.034521,2.4,1.09,7165,10.701374017720767
2023-04-03 12:23:52.770000+00:00,56.938371,-158.047201,4.32,1.5,7171,10.49977785648922
2023-04-03 13:00:00.890000+00:00,56.931763,-157.947266,15.39,0.89,7173,16.20083965299659
2023-04-03 14:13:48.430000+00:00,56.967847,-158.010775,5.22,0.4,7175,13.905123488215112
2023-04-03 14:51:23.890000+00:00,56.889498,-158.163118,6.61,0.1,7178,3.333637785378257
2023-04-03 15:21:41.150000+00:00,56.946415,-158.102799,6.8,0.69,7179,7.891522978670972
2023-04-03 16:14:40.720000+00:00,56.866016,-158.173633,4.2,0.31,7182,4.926978639552401
2023-04-03 16:22:52.510000+00:00,56.893681,-158.176351,11.41,0.32,7184,2.404022993038601
2023-04-03 16:53:15.760000+00:00,56.922481,-158.044629,2.99,0.57,7185,10.18303554683899
2023-04-03 16:56:25.810000+00:00,56.931714,-158.013151,7.23,0.54,7188,12.27219856118338
2023-04-03 17:09:00.280000+00:00,56.872624,-158.083545,5.56,0.18,7194,8.492492130715759
2023-04-03 17:10:18.440000+00:00,56.873039,-158.08374,5.71,0.22,7195,8.46172647197633
2023-04-03 17:10:46.720000+00:00,56.933809,-158.027523,7.83,0.19,7196,11.484133058301659
2023-04-03 17:12:44.480000+00:00,56.935014,-158.058952,4.37,0.41,7197,9.700009557282318
2023-04-03 17:22:17.280000+00:00,56.90708,-158.067546,4.08,0.48,7204,8.619206852671503
2023-04-03 17:36:06.900000+00:00,56.9375,-158.009733,2.44,0.41,7208,12.638331187337405
2023-04-03 18:13:03.120000+00:00,56.93634,-158.028255,2.3,0.39,7211,11.52090590833996
2023-04-03 18:18:52.900000+00:00,56.950244,-158.059294,4.43,0.45,7212,10.372434146114424
2023-04-03 18:23:53.880000+00:00,56.928174,-158.025065,2.38,0.6,7213,11.476718067240544
2023-04-03 18:41:23.940000+00:00,56.865531,-158.165153,4.63,0.62,7215,5.220417259622297
2023-04-03 18:43:58.880000+00:00,56.92242,-158.013737,0.73,0.79,7217,12.037014813050797
2023-04-03 20:13:23+00:00,56.920736,-158.092708,4.91,0.03,7225,7.27639453289977
2023-04-03 21:20:13.740000+00:00,56.909375,-158.103532,7.42,0.38,7228,6.437720127821443
2023-04-03 22:41:52.340000+00:00,56.923429,-158.09611,4.31,0.52,7235,7.1510187026949374
2023-04-03 23:03:39.160000+00:00,56.92609,-158.051156,4.58,0.58,7236,9.876073293320566
2023-04-03 23:40:18.860000+00:00,56.879065,-158.212907,2.95,0.65,7238,2.986662355561406
2023-04-04 00:31:14.080000+00:00,56.934277,-158.013965,6.84,0.24,7242,12.29413088526132
2023-04-04 00:51:04.500000+00:00,56.888477,-158.274512,0.66,0.39,7244,4.433913910824032
2023-04-04 01:49:53.940000+00:00,56.905595,-158.138802,5.55,0.41,7249,4.276931341462906
2023-04-04 02:03:33.920000+00:00,56.951595,-158.04471,4.23,0.44,7250,11.228245962549671
2023-04-04 02:06:23.560000+00:00,56.890723,-158.040902,3.91,0.55,7251,10.380220710830098
2023-04-04 02:24:37.290000+00:00,56.925334,-158.012077,5.86,0.24,7253,12.19017889790699
2023-04-04 02:50:55.880000+00:00,56.861951,-158.16748,5.42,0.64,7255,5.4999568660771185
2023-04-04 03:33:56.260000+00:00,56.939876,-158.08929,6.37,0.69,7258,8.218561061057049
2023-04-04 04:05:44.960000+00:00,56.953813,-158.064111,5.13,0.5,7260,10.315558231329737
2023-04-04 04:32:15.580000+00:00,56.955233,-158.065951,4.89,0.64,7263,10.303383760739136
2023-04-04 04:41:50.260000+00:00,56.921989,-158.049382,4.02,0.94,7264,9.88844699442343
2023-04-04 05:42:04.030000+00:00,56.923437,-158.047135,3.24,0.48,7266,10.053121055911742
2023-04-04 06:32:05.620000+00:00,56.872876,-158.149056,0.43,1.76,7269,5.176086294578839
2023-04-04 06:34:38.240000+00:00,56.871724,-158.175765,2.19,0.04,7270,4.301515230662708
2023-04-04 06:34:55+00:00,56.929154,-158.033594,8.14,0.5,7271,10.995371318045887
2023-04-04 06:43:28.160000+00:00,56.880204,-158.193327,6.74,0.33,7272,3.006118510265196
2023-04-04 07:12:53.200000+00:00,56.937325,-158.02959,4.58,0.4,7274,11.476191392041518
2023-04-04 07:19:25.550000+00:00,56.893665,-158.01556,1.41,0.18,7275,11.8645718948993
2023-04-04 07:38:58.640000+00:00,56.95116,-158.054736,4.87,0.38,7276,10.664992980526613
2023-04-04 07:45:48.010000+00:00,56.948263,-158.05057,4.51,0.24,7277,10.743549400368247
2023-04-04 07:56:03.080000+00:00,56.933704,-158.043245,0.72,0.59,7279,10.562379495349171
2023-04-04 10:44:44.630000+00:00,56.953015,-158.073796,4.53,0.29,7283,9.767977821026792
2023-04-04 11:13:42.830000+00:00,56.921073,-158.066211,4.36,0.42,7286,8.862462469330454
2023-04-04 11:13:58.140000+00:00,56.925529,-158.02902,2.72,0.55,7287,11.18048561695446
2023-04-04 11:25:41.590000+00:00,56.927783,-158.03929,3.6,0.87,7290,10.622571673335347
2023-04-04 11:34:31.440000+00:00,56.952035,-158.064437,4.45,0.45,7291,10.197381003411172
2023-04-04 11:34:43.600000+00:00,56.956327,-158.074951,4.65,0.26,7292,9.913071215142459
2023-04-04 11:49:47.710000+00:00,56.940894,-158.02653,2.73,0.39,7294,11.779073469328724
2023-04-04 11:51:07.610000+00:00,56.931315,-158.000505,4.02,0.22,7295,13.012351970658106
2023-04-04 12:08:01.860000+00:00,56.854911,-158.210433,3.53,0.53,7296,5.667556942176755
2023-04-04 12:08:43.800000+00:00,56.945487,-158.044401,5.16,0.27,7297,10.954084008200503
2023-04-04 12:12:24.010000+00:00,56.930269,-158.006657,1.73,0.71,7300,12.621481324693423
2023-04-04 13:35:07.860000+00:00,56.94633,-158.128743,3.27,0.51,7306,6.6523526640686725
2023-04-04 13:38:47.380000+00:00,56.938619,-158.006836,2.74,0.27,7307,12.84255758253852
2023-04-04 14:13:23.510000+00:00,56.917916,-158.008789,0.67,0.03,7309,12.27040961798234
2023-04-04 14:59:54.640000+00:00,56.903166,-158.098779,6.04,0.17,7312,6.721924506957551
2023-04-04 15:14:19.410000+00:00,56.92994,-158.115479,5.65,0.77,7314,6.298465341867521
2023-04-04 15:21:28.020000+00:00,56.883842,-158.186947,6.69,0.29,7315,2.7902149303353263
2023-04-04 16:13:00.670000+00:00,56.876803,-157.992285,0.97,0.11,7318,13.597579075135007
2023-04-04 16:28:38.680000+00:00,56.906152,-158.00127,1.66,0.16,7319,12.6560819062021
2023-04-04 18:27:52.800000+00:00,56.933695,-158.021777,2.91,0.01,7326,11.817982145703787
2023-04-04 18:37:28.120000+00:00,56.886007,-158.044922,4.67,-0.06,7327,10.23924309907856
2023-04-04 18:39:47+00:00,56.882389,-158.213639,6.14,0.07,7328,2.622287037599612
2023-04-04 18:48:57.380000+00:00,56.859794,-158.158008,4.93,0.1,7330,5.992494994276991
2023-04-04 19:09:14.560000+00:00,56.896484,-158.182308,5.26,0.26,7331,1.9291184727699957
2023-04-04 19:32:30.480000+00:00,56.929846,-158.007194,6.47,0.08,7334,12.57950510381309
2023-04-04 19:35:20.820000+00:00,56.932227,-158.015967,8.0,0.3,7335,12.119234445773106
2023-04-04 20:12:34.200000+00:00,56.862817,-158.143945,5.56,0.25,7339,6.215949494705944
2023-04-04 20:15:45.320000+00:00,56.952836,-158.073079,5.11,0.18,7340,9.794140215704019
2023-04-04 20:26:24.060000+00:00,56.886336,-158.038786,4.03,1.31,7344,10.597121897264412
2023-04-04 20:31:32.200000+00:00,56.9238,-157.993132,2.45,0.55,7345,13.30063521113449
2023-04-04 21:00:18.320000+00:00,56.920931,-158.067643,4.3,0.58,7347,8.773837605191853
2023-04-04 21:19:12.840000+00:00,56.942936,-158.016357,4.83,0.25,7350,12.438633961764298
2023-04-04 21:24:26.080000+00:00,56.937687,-158.001563,2.54,0.14,7352,13.12240507385354
2023-04-04 21:25:11.380000+00:00,56.875814,-158.094727,5.67,-0.08,7353,7.724025633093072
2023-04-04 21:31:33.840000+00:00,56.891561,-158.028792,5.24,0.1,7354,11.095261130508105
2023-04-04 21:32:16.460000+00:00,56.897742,-158.008382,2.69,0.21,7355,12.25698427734143
2023-04-04 21:33:35.360000+00:00,56.870308,-158.12959,3.16,2.02,7356,6.249019792926306
2023-04-04 21:48:06+00:00,56.875716,-158.039616,5.82,0.44,7357,10.85391994727915
2023-04-04 22:03:19.040000+00:00,56.832202,-158.124447,6.62,-0.04,7360,9.682919815820773
2023-04-04 22:07:49.200000+00:00,56.940845,-158.046989,3.88,0.76,7362,10.609802392275325
2023-04-04 22:20:14.080000+00:00,56.89141,-158.009766,0.88,-0.11,7365,12.246085954491312
2023-04-04 22:28:19.680000+00:00,56.856409,-158.068424,4.54,0.03,7367,10.183387202211335
2023-04-04 22:45:49.680000+00:00,56.93492,-158.014274,3.69,0.36,7370,12.294542862358384
2023-04-04 22:52:21.080000+00:00,56.864083,-158.227246,2.59,-0.2,7371,4.776812853284352
2023-04-04 22:57:59.920000+00:00,56.925028,-157.993555,5.46,0.14,7372,13.296287203515394
2023-04-04 23:00:35.940000+00:00,56.908626,-158.10804,6.13,-0.03,7373,6.158866225296795
2023-04-04 23:19:58.720000+00:00,56.888627,-158.03929,4.49,-0.0,7375,10.517382483969824
2023-04-04 23:22:47.440000+00:00,56.918372,-158.014811,0.78,0.06,7376,11.911657568068591
2023-04-04 23:32:24.200000+00:00,56.932817,-157.997998,6.21,-0.0,7378,13.198265771414007
2023-04-04 23:38:12.280000+00:00,56.88116,-158.101595,5.68,0.23,7379,7.097691305137799
2023-04-04 23:49:35+00:00,56.912703,-158.024056,7.11,-0.18,7381,11.29298384605496
2023-04-04 23:53:36.200000+00:00,56.945829,-158.009538,5.8,0.36,7382,12.937986386637315
2023-04-05 00:11:12.890000+00:00,56.91475,-158.02085,0.29,0.39,7387,11.505037034850545
2023-04-05 00:39:53.450000+00:00,56.87655,-158.079281,4.65,1.2,7392,8.550969600320665
2023-04-05 00:41:54.080000+00:00,56.877218,-158.101465,6.07,-0.12,7393,7.286095222590939
2023-04-05 00:42:07.770000+00:00,56.87157,-158.034701,5.9,0.01,7394,11.287243563829788
2023-04-05 00:45:35.340000+00:00,56.885071,-158.033089,10.28,0.23,7396,10.966158870925897
2023-04-05 00:46:00.690000+00:00,56.878756,-158.107812,4.97,0.72,7397,6.863200705497378
2023-04-05 00:46:43.230000+00:00,56.876412,-158.103874,6.03,0.52,7398,7.1947474769243644
2023-04-05 00:47:11.690000+00:00,56.871501,-158.022445,0.69,-0.06,7399,11.99550920322787
2023-04-05 00:47:17+00:00,56.875863,-158.100407,5.58,0.09,7400,7.410902817587848
2023-04-05 00:57:01.870000+00:00,56.873128,-158.056087,6.38,-0.1,7402,10.005336320515786
2023-04-05 01:01:23.580000+00:00,56.871696,-158.126823,4.5,-0.12,7403,6.285909421873607
2023-04-05 01:04:33.850000+00:00,56.898999,-158.088949,6.05,-0.09,7405,7.353950747377051
2023-04-05 01:08:38.760000+00:00,56.916943,-158.026351,7.55,-0.3,7406,11.195328748720792
2023-04-05 01:09:10.180000+00:00,56.913936,-158.031576,2.91,-0.02,7407,10.846400686297171
2023-04-05 01:11:28.920000+00:00,56.908097,-158.006982,1.82,-0.04,7408,12.310353749008204
2023-04-05 01:12:32.750000+00:00,56.912773,-158.014779,4.85,-0.18,7409,11.857386892090668
2023-04-05 01:26:40.400000+00:00,56.914465,-158.178353,0.87,0.06,7413,2.1015838323894545
2023-04-05 01:41:33.310000+00:00,56.929138,-158.010856,5.56,0.96,7415,12.344943422962483
2023-04-05 04:04:01.440000+00:00,56.924121,-158.168213,6.79,-0.01,7421,3.2147279348917794
2023-04-05 04:12:41.150000+00:00,56.92026,-158.022607,1.85,0.28,7424,11.467532616967127
2023-04-05 05:08:07.520000+00:00,56.916968,-158.066227,3.72,0.35,7428,8.78570519799062
2023-04-05 05:09:09.430000+00:00,56.932568,-158.007454,7.23,0.09,7429,12.631673156097444
2023-04-05 05:23:46.360000+00:00,56.927681,-157.965104,3.48,0.26,7430,15.053678184122766
2023-04-05 05:31:14.100000+00:00,56.932312,-158.004932,1.96,0.71,7431,12.774408629014237
2023-04-05 05:42:18.700000+00:00,56.874418,-158.112858,5.92,0.01,7433,6.822880805306842
2023-04-05 05:43:48.450000+00:00,56.879382,-158.238704,3.22,-0.22,7434,3.4542671672050624
2023-04-05 05:45:05.700000+00:00,56.866931,-158.140446,3.06,0.86,7435,6.016451115674396
2023-04-05 06:21:58.250000+00:00,56.936418,-158.038167,3.55,0.36,7440,10.948299967739105
2023-04-05 06:53:56.900000+00:00,56.926306,-157.990495,2.96,0.07,7442,13.503384637780517
2023-04-05 07:17:54.550000+00:00,56.924398,-158.011572,5.03,0.9,7443,12.202471705636901
2023-04-05 07:40:49.930000+00:00,56.938212,-158.038623,4.23,0.72,7445,10.985684108887472
2023-04-05 08:15:02.670000+00:00,56.943233,-158.064648,7.69,0.33,7448,9.728632035563955
2023-04-05 08:17:23.600000+00:00,56.897314,-158.191764,8.39,0.29,7449,1.412794081702516
2023-04-05 08:19:33.420000+00:00,56.855326,-158.121175,4.89,0.81,7450,7.762831645142844
2023-04-05 08:32:03.420000+00:00,56.870728,-158.184684,6.22,-0.11,7452,4.177328465498839
2023-04-05 08:40:25.830000+00:00,56.871969,-158.138525,0.75,0.48,7453,5.713645342782307
2023-04-05 09:43:08.170000+00:00,56.904688,-158.051237,5.55,0.67,7459,9.61275187752823
2023-04-05 09:49:19.180000+00:00,56.861507,-158.175553,5.14,0.68,7460,5.337203616313743
2023-04-05 09:58:19.230000+00:00,56.864067,-158.166097,4.48,0.4,7461,5.3326740970460484
2023-04-05 10:22:28.300000+00:00,56.952922,-158.10026,5.73,0.16,7464,8.448177001838454
2023-04-05 10:29:47.160000+00:00,56.898621,-158.186198,5.28,0.13,7465,1.6029427157825376
2023-04-05 10:39:14.590000+00:00,56.940434,-158.037191,2.86,0.12,7466,11.150940410807973
2023-04-05 11:54:35.200000+00:00,56.929688,-158.003776,6.11,0.24,7474,12.779339361140034
2023-04-05 11:59:41.330000+00:00,56.880953,-158.160433,1.25,-0.48,7477,4.051808379425532
2023-04-05 13:09:10.190000+00:00,56.912231,-158.012777,0.31,0.11,7479,11.975414952593066
2023-04-05 13:12:37.900000+00:00,56.910771,-158.109229,0.99,0.41,7480,6.103364102293774
2023-04-05 13:14:19.150000+00:00,56.928743,-158.017432,2.57,0.47,7481,11.944269281097464
2023-04-05 13:44:47.940000+00:00,56.911491,-158.17723,4.58,0.07,7482,2.036574149945484
2023-04-05 14:33:18.650000+00:00,56.976961,-158.121338,6.36,0.34,7487,9.55336408063329
2023-04-05 14:36:52.460000+00:00,56.86744,-158.144271,5.52,0.56,7488,5.815124738715672
2023-04-05 14:54:02.030000+00:00,56.906901,-158.207943,4.41,0.18,7491,0.13848866918054162
2023-04-05 15:06:38.340000+00:00,56.946928,-158.043506,3.94,1.4,7492,11.069219875429228
2023-04-05 15:30:36.300000+00:00,56.904639,-158.075033,6.35,0.33,7494,8.163175958617218
2023-04-05 15:31:10.560000+00:00,56.952555,-158.06556,5.36,0.75,7495,10.167895469411922
2023-04-05 16:03:59.170000+00:00,56.86226,-158.137158,5.24,0.62,7498,6.533661191841551
2023-04-05 16:41:24.490000+00:00,56.900667,-158.098747,5.7,0.16,7500,6.741970457504103
2023-04-05 16:42:24.140000+00:00,56.905334,-158.197119,6.7,0.56,7501,0.7257198630937315
2023-04-05 17:27:00.600000+00:00,56.927458,-158.00848,2.45,0.48,7502,12.449126948900558
2023-04-05 17:47:14.280000+00:00,56.906136,-158.195947,7.65,0.29,7503,0.7961386774541925
2023-04-05 18:16:33.640000+00:00,56.900708,-158.059684,3.84,0.94,7504,9.115445362677653
2023-04-05 18:56:30.900000+00:00,56.906689,-158.07168,6.09,0.47,7510,8.366795377647128
2023-04-05 19:05:47.960000+00:00,56.904618,-158.032292,4.05,1.29,7511,10.767021668779384
2023-04-05 19:40:44.240000+00:00,56.955986,-158.069059,4.73,0.32,7513,10.189603667174982
2023-04-05 21:05:39.920000+00:00,56.934403,-158.053613,3.7,1.12,7515,9.985087097016928
2023-04-05 21:10:36.680000+00:00,56.921993,-158.091016,5.66,0.17,7516,7.409467882763777
2023-04-05 21:33:10.540000+00:00,56.930876,-157.99362,4.88,0.29,7517,13.41168672655724
2023-04-05 21:47:05.600000+00:00,56.921488,-158.082031,4.37,0.7,7518,7.928899024991916
2023-04-05 22:07:13.160000+00:00,56.933354,-158.022477,4.58,0.99,7521,11.766945461549264
2023-04-05 23:18:40.940000+00:00,56.953548,-158.07915,5.25,0.49,7524,9.527812755476228
2023-04-06 00:52:01.830000+00:00,56.911731,-158.033057,2.24,0.38,7530,10.7389185866226
2023-04-06 00:55:17.290000+00:00,56.938835,-157.992594,5.67,0.65,7531,13.682656593569511
2023-04-06 01:21:29.660000+00:00,56.932422,-157.997949,2.12,0.57,7533,13.19128255400872
2023-04-06 01:48:11.180000+00:00,56.931999,-158.019466,8.6,0.46,7536,11.906409034892901
2023-04-06 02:49:39.740000+00:00,56.928422,-157.962386,2.6,0.28,7540,15.23034996712519
2023-04-06 03:04:51.540000+00:00,56.943355,-158.010824,1.57,2.11,7544,12.772031386471765
2023-04-06 03:06:36.530000+00:00,56.9493,-158.01792,4.9,0.42,7545,12.603022393742178
2023-04-06 03:07:27.610000+00:00,56.863497,-158.176514,3.44,0.66,7546,5.1101007643467
2023-04-06 03:41:41.870000+00:00,56.936393,-158.087907,6.16,0.83,7549,8.123527885843416
2023-04-06 04:33:01.310000+00:00,56.877612,-158.086312,5.55,1.19,7553,8.10977518624029
2023-04-06 04:37:58.440000+00:00,56.945308,-158.039062,3.74,0.95,7554,11.244531959903654
2023-04-06 09:10:33.230000+00:00,56.865613,-158.067708,6.78,0.6,7560,9.706150224212104
2023-04-06 10:36:47.450000+00:00,56.864547,-158.171745,4.71,1.99,7568,5.1245493839495095
2023-04-06 11:14:14.810000+00:00,56.847713,-158.033398,2.77,0.62,7572,12.509183401411855
2023-04-06 11:26:04.270000+00:00,56.924711,-158.025081,3.7,0.36,7574,11.398768240915103
2023-04-06 11:27:26.640000+00:00,56.904753,-158.00472,0.4,0.21,7575,12.446607694040347
2023-04-06 11:49:02.860000+00:00,56.877067,-158.029753,4.33,0.13,7577,11.383840083056622
2023-04-06 13:16:06.720000+00:00,56.918921,-158.028711,2.28,0.15,7580,11.079066795447622
2023-04-06 13:19:52.390000+00:00,56.870455,-158.013053,6.48,0.1,7581,12.575641226283043
2023-04-06 14:27:17.320000+00:00,56.866085,-158.226009,2.4,-0.1,7584,4.542488916741741
2023-04-06 14:45:35.340000+00:00,56.88057,-158.158838,6.33,-0.16,7585,4.1521079061444155
2023-04-06 14:48:32.410000+00:00,56.940576,-158.037777,3.58,0.68,7586,11.122940882292939
2023-04-06 16:08:10.900000+00:00,56.910164,-158.008366,0.72,0.26,7588,12.232696733187893
2023-04-06 16:11:50.060000+00:00,56.928752,-158.0368,4.34,1.86,7589,10.795112214645085
2023-04-06 16:45:55.200000+00:00,56.931514,-158.086572,5.47,0.17,7591,7.987363433961975
2023-04-06 17:30:32.080000+00:00,56.854659,-158.212581,3.8,-0.23,7592,5.699128898026902
2023-04-06 17:38:47.120000+00:00,56.924133,-158.026416,4.33,0.18,7593,11.307148973437032
2023-04-06 18:06:29.400000+00:00,56.822579,-158.226416,4.71,0.11,7595,9.327959524052037
2023-04-06 18:45:07.320000+00:00,56.940011,-157.985221,4.22,0.29,7597,14.150133653994226
2023-04-06 19:13:46+00:00,56.905119,-157.996322,4.49,-0.0,7601,12.957880326958207
2023-04-06 19:19:46.540000+00:00,56.907052,-158.011279,2.01,-0.08,7605,12.046881813799937
2023-04-06 19:20:37.240000+00:00,56.910795,-158.177783,3.88,0.03,7606,1.981463709114432
2023-04-06 19:22:32.640000+00:00,56.908004,-158.006152,3.48,0.11,7608,12.360714944834184
2023-04-06 19:25:46.160000+00:00,56.909196,-158.007617,5.71,-0.01,7610,12.274656234654369
2023-04-06 19:27:50.680000+00:00,56.885384,-158.144808,8.46,0.12,7612,4.524657454513605
2023-04-06 19:46:31.600000+00:00,56.91982,-158.064274,4.07,0.49,7616,8.95304870251437
2023-04-06 20:05:45.080000+00:00,56.918701,-158.026611,2.22,0.52,7618,11.20274781192004
2023-04-06 20:07:29.200000+00:00,56.920308,-158.059212,3.89,0.42,7620,9.266089720243114
2023-04-06 20:11:07.200000+00:00,56.870943,-158.083968,5.9,-0.12,7622,8.552750895672473
2023-04-06 20:11:52.260000+00:00,56.916105,-157.989551,4.4,0.09,7623,13.41738938593397
2023-04-06 20:34:26.080000+00:00,56.93149,-158.060563,4.9,0.52,7625,9.482354795708316
2023-04-06 21:55:30.660000+00:00,56.923783,-158.04279,8.6,-0.15,7629,10.320171454695762
2023-04-06 22:44:24.520000+00:00,56.825566,-158.355452,5.41,0.3,7632,12.633802831919187
2023-04-06 23:08:37.960000+00:00,56.900387,-158.032145,2.53,0.1,7634,10.79262864065946
2023-04-06 23:42:51.520000+00:00,56.864705,-158.170068,4.56,0.47,7636,5.155038312864477
2023-04-07 01:18:50.090000+00:00,56.886568,-158.197591,5.2,0.12,7638,2.251671341636217
2023-04-07 01:19:11.110000+00:00,56.884993,-158.003841,2.24,0.06,7639,12.715797591274587
2023-04-07 01:19:59.380000+00:00,56.915804,-158.039062,2.04,0.72,7640,10.411965758535583
2023-04-07 01:35:55.190000+00:00,56.884851,-158.110905,5.2,0.04,7642,6.417219042744811
2023-04-07 01:48:57.830000+00:00,56.947795,-158.027474,4.79,0.28,7643,12.001951249987188
2023-04-07 02:36:44.980000+00:00,56.908378,-158.185091,6.58,0.12,7645,1.4846417503034037
2023-04-07 03:03:45.840000+00:00,56.858427,-158.199593,4.53,0.27,7647,5.306432114135544
2023-04-07 03:08:02.600000+00:00,56.907129,-158.193701,6.7,0.17,7648,0.9437610705143786
2023-04-07 03:10:48.190000+00:00,56.914242,-158.013102,2.75,0.07,7649,11.970832946299087
2023-04-07 03:30:51.540000+00:00,56.923657,-158.244173,5.06,0.01,7650,2.923050950799374
2023-04-07 03:41:01.560000+00:00,56.910824,-158.207552,6.52,-0.02,7651,0.5663757397474716
2023-04-07 03:43:13.190000+00:00,56.925269,-157.977734,3.74,0.04,7652,14.252223642834096
2023-04-07 04:43:25.960000+00:00,56.919902,-158.067464,3.7,0.15,7654,8.763397605442577
2023-04-07 05:28:50.630000+00:00,56.905469,-158.009798,5.45,0.4,7658,12.136617006190727
2023-04-07 06:55:23.960000+00:00,56.892993,-158.190837,6.09,-0.1,7662,1.805244224609374
2023-04-07 07:04:30.910000+00:00,56.863322,-158.224398,2.57,-0.03,7664,4.822491351788346
2023-04-07 07:05:35.450000+00:00,56.913713,-158.018555,2.95,1.21,7665,11.635170510006091
2023-04-07 07:20:36.860000+00:00,56.844751,-158.183073,21.68,0.83,7667,6.979668788528162
2023-04-07 08:12:21.460000+00:00,56.854814,-158.156755,5.42,1.19,7671,6.510129567836334
2023-04-07 08:44:15.150000+00:00,56.935551,-158.008138,6.65,0.07,7678,12.673475209165542
2023-04-07 08:49:05.850000+00:00,56.92686,-157.994873,0.79,0.37,7679,13.251326769536183
2023-04-07 09:05:54.040000+00:00,56.886589,-158.040674,6.56,0.17,7681,10.478701228002262
2023-04-07 09:06:48.150000+00:00,56.866174,-158.146338,6.26,-0.25,7682,5.836270922415919
2023-04-07 09:09:02.800000+00:00,56.866427,-158.149658,6.24,-0.2,7683,5.684100670442039
2023-04-07 09:12:31.540000+00:00,56.866838,-158.15166,6.33,0.24,7684,5.5715000229004845
2023-04-07 09:39:53.310000+00:00,56.927226,-158.003792,4.06,-0.07,7689,12.724542399089009
2023-04-07 10:37:38.080000+00:00,56.867017,-158.147314,6.26,-0.2,7691,5.726352186009624
2023-04-07 11:23:18.420000+00:00,56.908386,-158.03488,4.88,1.41,7692,10.6119130211436
2023-04-07 11:30:53.200000+00:00,56.868184,-158.160433,6.47,-0.06,7693,5.129395114391658
2023-04-07 11:44:35.660000+00:00,56.862174,-158.164388,5.1,0.39,7694,5.567522509808932
2023-04-07 11:48:02.700000+00:00,56.863664,-158.171615,4.4,0.38,7695,5.216346164758587
2023-04-07 12:23:01.450000+00:00,56.876489,-158.176693,5.89,0.47,7698,3.811969692373231
2023-04-07 13:07:46.740000+00:00,56.906661,-158.296143,5.2,-0.04,7704,5.310048290607758
2023-04-07 14:02:34.920000+00:00,56.938155,-158.022624,4.45,-0.01,7705,11.908311047560668
2023-04-07 14:15:58.640000+00:00,56.932296,-158.012907,2.72,0.14,7707,12.301936100331723
2023-04-07 14:29:44.220000+00:00,56.895414,-158.013835,0.44,-0.04,7709,11.94830879636381
2023-04-07 14:35:53.200000+00:00,56.943986,-158.069548,4.48,0.41,7710,9.497059853226645
2023-04-07 14:36:19.420000+00:00,56.946065,-158.073177,4.85,0.39,7711,9.407899043379405
2023-04-07 15:14:00.030000+00:00,56.854822,-158.062663,6.38,0.93,7714,10.574664867419948
2023-04-07 15:26:41.310000+00:00,56.936666,-158.105371,6.03,0.48,7716,7.1863579413535295
2023-04-07 16:14:12.440000+00:00,56.980042,-158.124202,2.76,0.18,7718,9.746284244017007
2023-04-07 16:56:41.500000+00:00,56.904154,-158.07959,6.55,0.31,7719,7.886691092883146
2023-04-07 17:42:26.120000+00:00,56.880221,-158.022852,3.71,0.19,7722,11.697175528907357
2023-04-07 17:46:46.880000+00:00,56.89255,-158.031169,4.22,0.6,7723,10.936375705269349
2023-04-07 17:53:45.400000+00:00,56.956486,-158.015251,2.79,0.43,7725,13.077103413472003
2023-04-07 17:56:06.040000+00:00,56.864742,-158.168115,4.85,0.06,7726,5.207300830229791
2023-04-07 18:08:06.080000+00:00,56.880208,-158.03304,4.39,0.46,7728,11.096348568977929
2023-04-07 18:20:30.840000+00:00,56.881238,-158.027441,2.81,0.24,7729,11.398264013121146
2023-04-07 18:27:13.400000+00:00,56.954,-158.151855,6.28,0.18,7730,6.3965455422917135
2023-04-07 18:31:35.720000+00:00,56.895227,-158.020785,3.67,0.0,7731,11.529015251333602
2023-04-07 18:57:25.400000+00:00,56.935356,-158.01307,2.57,0.02,7734,12.37804163885341
2023-04-07 19:24:06.260000+00:00,56.900891,-158.029215,2.0,-0.09,7735,10.967865235638175
2023-04-07 19:35:32.460000+00:00,56.908138,-158.091081,6.71,0.35,7737,7.188782741645758
2023-04-07 20:04:10.380000+00:00,56.944942,-158.0632,4.5,0.42,7738,9.890576003017536
2023-04-07 20:10:55.960000+00:00,56.878512,-158.107161,6.13,-0.03,7740,6.910798236319821
2023-04-07 20:26:33.200000+00:00,56.943945,-158.063232,4.71,0.49,7741,9.840500837489135
2023-04-07 20:41:13.740000+00:00,56.886397,-158.06945,3.85,0.81,7742,8.774563641508363
2023-04-07 20:54:35.600000+00:00,56.935059,-158.004508,6.73,0.07,7743,12.873092313797267
2023-04-07 21:16:20.320000+00:00,56.945085,-158.026563,4.82,0.48,7745,11.939584026135812
2023-04-07 21:28:24.360000+00:00,56.918209,-158.038395,8.41,-0.08,7746,10.483960794138358
2023-04-07 21:46:50.320000+00:00,56.918872,-158.042171,6.19,0.15,7749,10.26611453297483
2023-04-07 21:49:48.160000+00:00,56.911759,-158.004069,4.66,-0.02,7752,12.502178846325117
2023-04-07 21:51:54.680000+00:00,56.910872,-158.02041,2.4,-0.01,7753,11.503060843907429
2023-04-07 21:53:47.960000+00:00,56.91062,-158.004378,4.69,-0.06,7757,12.477471053163812
2023-04-07 22:03:40.720000+00:00,56.916618,-158.027848,7.37,-0.01,7759,11.100764990607797
2023-04-07 22:56:48.840000+00:00,56.944507,-158.094287,6.55,0.3,7761,8.208180777316722
2023-04-07 23:53:37.720000+00:00,56.876095,-158.108529,2.76,1.16,7765,6.960006531146741
2023-04-07 23:54:04.200000+00:00,56.933382,-158.087679,5.45,0.51,7766,8.001807395786257
2023-04-08 00:07:23.840000+00:00,56.861906,-158.18291,4.01,-0.24,7767,5.140192676708303
2023-04-08 00:25:27.020000+00:00,56.924711,-157.985954,4.68,1.15,7768,13.748028294846844
2023-04-08 00:27:11.540000+00:00,56.889193,-158.020719,4.52,0.31,7770,11.62176507427857
2023-04-08 00:35:13.810000+00:00,56.878369,-158.024349,3.88,0.14,7771,11.661292748195727
2023-04-08 00:43:04.700000+00:00,56.927873,-158.013444,6.49,0.4,7772,12.161840330973313
2023-04-08 00:43:39.270000+00:00,56.932874,-158.007113,2.6,0.34,7773,12.659878612287333
2023-04-08 00:45:40.420000+00:00,56.944926,-158.172021,18.7,0.19,7774,4.904501602967443
2023-04-08 00:58:16.020000+00:00,56.923234,-158.063981,4.21,0.28,7777,9.044147307641467
2023-04-08 01:55:04.790000+00:00,56.868599,-158.177637,2.97,0.48,7779,4.5624728306478195
2023-04-08 02:46:15.790000+00:00,56.927677,-158.017562,0.77,0.7,7784,11.911853576518144
2023-04-08 04:30:37.350000+00:00,56.886796,-158.033301,3.59,0.17,7787,10.914420917635198
2023-04-08 04:53:46.570000+00:00,56.926213,-158.044808,2.14,0.67,7788,10.255862110265848
2023-04-08 07:17:11.540000+00:00,56.90734,-158.010645,0.38,0.29,7790,12.085871431294363
2023-04-08 08:10:42.090000+00:00,56.905802,-158.011165,0.42,1.16,7791,12.053221755284573
2023-04-08 08:38:41.680000+00:00,56.929175,-158.045768,3.25,0.58,7794,10.27701932087221
2023-04-08 08:41:17.370000+00:00,56.893905,-158.022331,2.12,0.34,7795,11.451600757418744
2023-04-08 09:53:15.170000+00:00,56.939213,-158.014014,2.46,0.45,7799,12.443650499546996
2023-04-08 09:55:29.620000+00:00,56.918896,-157.99624,5.04,0.42,7800,13.042059564973385
2023-04-08 11:11:56.510000+00:00,56.885465,-158.255794,2.56,0.4,7804,3.6414505975510796
2023-04-08 11:48:56.700000+00:00,56.931596,-158.071338,4.47,0.55,7806,8.862705663549127
2023-04-08 13:23:10.740000+00:00,56.879183,-158.181527,5.29,0.11,7808,3.4042643854383026
2023-04-08 18:32:47.960000+00:00,56.924817,-158.106006,5.51,0.71,7816,6.6211759564434
2023-04-08 21:44:54+00:00,56.887276,-158.251693,4.17,0.63,7819,3.3202697795038043
2023-04-09 00:27:32.760000+00:00,56.909709,-158.155713,6.12,1.28,7820,3.2754296671248966
2023-04-09 03:51:40.210000+00:00,56.932141,-158.029232,1.86,0.71,7823,11.334749767643952
2023-04-09 06:42:14.360000+00:00,56.935343,-158.057829,5.29,0.84,7827,9.776697267516463
2023-04-09 07:27:59.470000+00:00,56.937061,-158.116227,5.88,0.79,7828,6.636255412061789
2023-04-09 09:14:40.520000+00:00,56.88798,-158.150488,5.87,0.57,7829,4.080720080990032
2023-04-09 09:32:31.210000+00:00,56.873482,-158.096631,6.03,1.26,7830,7.737061736995952
2023-04-09 10:46:01.220000+00:00,56.898958,-158.171419,4.46,0.83,7832,2.4132865110972856
2023-04-09 11:59:01.060000+00:00,56.93669,-158.0396,4.09,0.68,7834,10.874910518765256
2023-04-09 12:02:38.270000+00:00,56.862305,-158.225309,5.92,0.79,7835,4.944494351776372
2023-04-09 15:17:45.140000+00:00,56.960201,-158.059749,5.3,1.06,7837,10.920893670388146
2023-04-09 16:01:05.470000+00:00,56.89305,-158.013021,1.78,0.44,7838,12.026283563237557
2023-04-09 18:54:31.320000+00:00,56.887321,-158.220589,3.71,0.55,7842,2.1756047183539478
2023-04-09 19:32:14.600000+00:00,56.934497,-158.02666,2.75,0.56,7843,11.555579543304612
2023-04-09 19:32:29.920000+00:00,56.883875,-158.177572,5.68,0.27,7844,3.1031494660302994
2023-04-09 19:50:32.160000+00:00,56.895418,-158.186523,5.36,0.17,7845,1.7923337682004692
2023-04-09 20:10:12.400000+00:00,56.920797,-158.080924,4.15,0.77,7846,7.9782953546257
2023-04-10 00:58:39.050000+00:00,56.913725,-158.051855,3.64,0.54,7851,9.613737284280075
2023-04-10 01:42:29.520000+00:00,56.905033,-158.131836,6.74,0.47,7855,4.70209071225013
2023-04-10 01:50:37.260000+00:00,56.915523,-158.038184,2.79,0.58,7857,10.46189992305149
2023-04-10 01:53:35.290000+00:00,56.913204,-158.055794,3.65,0.71,7858,9.36959695967842
2023-04-10 01:55:11.870000+00:00,56.91036,-158.008691,13.88,0.49,7859,12.213768753367722
2023-04-10 01:57:55.720000+00:00,56.920715,-158.075651,11.44,0.35,7860,8.290823322693448
2023-04-10 02:02:12.040000+00:00,56.926453,-158.03597,8.11,0.34,7861,10.78708021240641
2023-04-10 02:03:13.890000+00:00,56.913371,-158.047201,3.61,0.56,7862,9.892701090608211
2023-04-10 02:06:21.300000+00:00,56.919014,-158.007926,5.48,0.36,7863,12.3364702443535
2023-04-10 02:07:24.050000+00:00,56.919543,-157.999479,4.39,0.43,7865,12.854281550896957
2023-04-10 02:18:54.570000+00:00,56.916581,-158.017041,2.01,0.74,7869,11.755006000373099
2023-04-10 02:22:28.640000+00:00,56.934216,-158.020492,3.87,0.56,7870,11.90871592236452
2023-04-10 02:26:12.160000+00:00,56.918245,-158.011605,0.53,0.43,7871,12.104013260927811
2023-04-10 02:29:30.330000+00:00,56.917371,-158.014323,0.76,0.5,7872,11.928781349408048
2023-04-10 02:38:40.610000+00:00,56.921431,-158.023503,5.79,0.27,7876,11.432448436165611
2023-04-10 02:38:55.970000+00:00,56.916361,-158.025033,2.06,0.61,7877,11.268263764088035
2023-04-10 02:43:13.790000+00:00,56.908683,-158.014111,1.44,0.99,7879,11.877617483959137
2023-04-10 02:45:09.700000+00:00,56.91438,-158.027197,5.18,0.43,7881,11.116329887939578
2023-04-10 02:49:17.270000+00:00,56.914079,-158.023079,0.38,0.7,7882,11.363561734769343
2023-04-10 02:52:00.350000+00:00,56.932308,-158.010482,2.7,0.68,7884,12.445682788495374
2023-04-10 02:56:57.920000+00:00,56.915251,-158.050033,2.91,0.25,7887,9.740964477317574
2023-04-10 03:12:44.760000+00:00,56.923999,-158.021826,2.29,0.64,7892,11.579643354933634
2023-04-10 03:14:57.380000+00:00,56.940588,-158.042627,3.75,1.27,7893,10.84703122220965
2023-04-10 03:35:37.100000+00:00,56.914766,-158.048307,3.96,0.8,7900,9.839936181297492
2023-04-10 03:55:33.580000+00:00,56.946582,-158.057487,4.51,0.53,7904,10.28316562004149
2023-04-10 03:58:24.250000+00:00,56.915491,-158.013509,0.62,0.79,7906,11.957666915942145
2023-04-10 04:01:05.720000+00:00,56.9196,-158.019238,2.77,0.18,7907,11.660941448901799
2023-04-10 04:20:24.740000+00:00,56.927002,-158.006722,1.9,0.48,7914,12.544609100808866
2023-04-10 04:20:59.110000+00:00,56.931978,-158.004329,2.25,0.44,7915,12.801675670559474
2023-04-10 04:44:14.450000+00:00,56.909623,-158.038395,0.15,0.83,7916,10.402402153997196
2023-04-10 04:53:19.180000+00:00,56.921354,-158.006706,1.73,0.56,7918,12.443464338409875
2023-04-10 05:02:20.900000+00:00,56.922823,-157.999495,5.12,0.44,7919,12.90134791005996
2023-04-10 05:20:39.430000+00:00,56.922803,-158.030257,4.03,0.41,7922,11.050969864412664
2023-04-10 05:33:28.460000+00:00,56.919869,-157.993994,3.78,0.88,7924,13.190286504919355
2023-04-10 06:56:17.700000+00:00,56.940422,-158.017367,3.88,0.52,7929,12.290339510663333
2023-04-10 07:05:19.230000+00:00,56.972673,-157.98877,11.4,0.63,7931,15.335180579797957
2023-04-10 07:57:50.240000+00:00,56.923649,-158.169987,4.16,0.67,7933,3.0980018991368015
2023-04-10 08:06:12.610000+00:00,56.887516,-158.02902,4.14,0.2,7934,11.15545755156872
2023-04-10 08:24:51.620000+00:00,56.936084,-158.092318,5.98,0.51,7935,7.8656764382877356
2023-04-10 09:17:55.630000+00:00,56.870036,-158.066569,6.17,0.46,7938,9.551731001638405
2023-04-10 09:24:34.730000+00:00,56.873218,-158.058219,8.81,2.71,7939,9.880700458410363
2023-04-10 09:39:03.220000+00:00,56.932129,-158.089762,5.76,0.57,7940,7.831627778096187
2023-04-10 10:31:26.950000+00:00,56.951449,-158.009896,2.12,0.08,7942,13.145775294511614
2023-04-10 10:43:25.480000+00:00,56.898409,-158.122559,6.82,0.17,7943,5.330913011451271
2023-04-10 11:06:30.150000+00:00,56.880225,-158.084749,5.72,0.3,7945,8.09049721838751
2023-04-10 11:09:45.090000+00:00,56.908248,-157.995817,3.75,0.2,7947,12.990743594840243
2023-04-10 11:53:04.420000+00:00,56.895093,-158.084424,6.62,0.05,7951,7.684026287343161
2023-04-10 12:13:23.700000+00:00,56.881864,-158.206462,4.16,0.17,7952,2.6699487021763417
2023-04-10 12:54:56.230000+00:00,56.909298,-158.087126,6.44,0.43,7953,7.435115702722394
2023-04-10 14:58:07.300000+00:00,56.935295,-158.028971,3.24,0.41,7956,11.445461646499318
2023-04-10 15:02:05.240000+00:00,56.93232,-158.002913,2.28,1.71,7957,12.894278758590158
2023-04-10 16:10:51.730000+00:00,56.920471,-158.058903,3.94,0.52,7958,9.287780416239688
2023-04-10 16:11:43.760000+00:00,56.928328,-158.001823,0.73,1.47,7959,12.865545153500136
2023-04-10 16:23:33.260000+00:00,56.934615,-158.009082,2.11,0.28,7960,12.59117405732568
2023-04-10 16:29:19.280000+00:00,56.894259,-158.182113,7.11,0.45,7961,2.082287774360929
2023-04-10 16:29:48.950000+00:00,56.893542,-158.183024,6.87,0.41,7962,2.090157341396082
2023-04-10 17:10:46.860000+00:00,56.914107,-158.167676,9.31,0.49,7964,2.681993067012664
2023-04-10 17:56:03.400000+00:00,56.866703,-158.04974,5.64,0.1,7965,10.639647686306915
2023-04-10 18:32:00.560000+00:00,56.87393,-158.205111,3.39,0.65,7967,3.5568836174735936
2023-04-10 18:40:56.440000+00:00,56.933679,-158.063509,4.8,0.43,7969,9.388961407943961
2023-04-10 18:41:57.800000+00:00,56.940238,-158.009749,2.02,0.44,7970,12.725509026484437
2023-04-10 19:04:29.300000+00:00,56.874634,-158.02238,16.74,0.66,7972,11.892357408043447
2023-04-10 19:27:42.480000+00:00,56.94578,-158.06123,5.28,0.55,7974,10.039341986221784
2023-04-10 20:14:37.440000+00:00,56.887541,-158.043913,5.62,0.56,7977,10.26389763670124
2023-04-10 20:15:07.400000+00:00,56.888066,-158.027214,3.91,1.16,7978,11.252695168391055
2023-04-10 21:22:25.340000+00:00,56.943921,-158.058285,4.49,0.36,7980,10.111951232256471
2023-04-10 22:02:39.080000+00:00,56.878304,-158.097835,6.3,0.27,7983,7.435034210998751
2023-04-10 23:25:49.640000+00:00,56.940527,-158.021175,4.04,0.6,7991,12.074091634885361
2023-04-10 23:46:18.320000+00:00,56.942537,-158.015397,2.39,0.2,7992,12.479206134165487
2023-04-11 01:33:39.490000+00:00,56.945475,-158.05459,4.19,0.5,7997,10.388829367531132
2023-04-11 01:35:08.690000+00:00,56.907377,-158.017497,1.95,0.33,7998,11.668516926898695
2023-04-11 01:50:28.500000+00:00,56.866333,-158.139941,3.21,2.08,7999,6.08581103173052
2023-04-11 01:58:44.290000+00:00,56.858077,-158.193913,4.92,0.34,8000,5.3933332136628875
2023-04-11 01:59:27.440000+00:00,56.846903,-158.173796,6.68,0.04,8001,6.90095459420384
2023-04-11 02:48:37.340000+00:00,56.937931,-158.009684,5.15,0.24,8002,12.654616140051225
2023-04-11 03:05:01.210000+00:00,56.851062,-158.186702,4.24,-0.16,8005,6.245267539437305
2023-04-11 03:36:29.120000+00:00,56.926204,-158.051644,3.62,0.4,8008,9.850046758535973
2023-04-11 03:40:17.520000+00:00,56.924154,-158.02238,1.99,0.28,8009,11.549439979917622
2023-04-11 03:40:32.650000+00:00,56.918457,-158.042611,2.65,0.8,8010,10.233171584314988
2023-04-11 03:42:31.910000+00:00,56.873669,-158.028402,4.99,0.82,8011,11.574687094682366
2023-04-11 04:01:22.230000+00:00,56.907609,-158.033854,2.2,0.08,8016,10.672524653106741
2023-04-11 04:02:13.770000+00:00,56.909884,-158.01001,1.59,0.09,8017,12.131457052299165
2023-04-11 04:57:21.460000+00:00,56.927633,-157.965658,3.73,0.63,8020,15.019524454826577
2023-04-11 05:17:39.140000+00:00,56.936178,-158.024089,7.87,0.31,8024,11.758371332014915
2023-04-11 05:19:02.960000+00:00,56.918835,-158.016048,0.47,0.99,8025,11.842967417657857
2023-04-11 05:23:54.900000+00:00,56.946936,-158.181283,17.88,0.35,8026,4.881868281055064
2023-04-11 05:24:44.010000+00:00,56.970076,-158.114176,4.28,0.21,8027,9.195186662796889
2023-04-11 06:01:50.970000+00:00,56.919832,-158.054378,2.93,0.27,8032,9.547415378249527
2023-04-11 06:16:48.860000+00:00,56.927258,-158.077832,4.62,0.52,8033,8.338897024761659
2023-04-11 06:24:20.510000+00:00,56.936572,-158.003548,2.25,0.2,8034,12.972901084132122
2023-04-11 06:30:58.970000+00:00,56.930115,-158.018701,5.8,-0.03,8035,11.902395466606627
2023-04-11 06:50:04.580000+00:00,56.904134,-158.056755,5.25,0.06,8036,9.277685504021584
2023-04-11 07:33:26.580000+00:00,56.902852,-158.053223,4.74,0.28,8039,9.496862726913418
2023-04-11 07:41:18.490000+00:00,56.909469,-157.98973,3.05,0.08,8041,13.364753597518659
2023-04-11 08:20:07.550000+00:00,56.920207,-158.031934,3.3,0.64,8044,10.9044477826769
2023-04-11 08:21:26.180000+00:00,56.934045,-158.019743,7.7,0.36,8046,11.947696417087506
2023-04-11 08:40:04.250000+00:00,56.936255,-158.016064,2.69,0.1,8047,12.229609852724934
2023-04-11 09:27:12.550000+00:00,56.879032,-158.106706,6.25,0.13,8053,6.910502248915297
2023-04-11 09:43:41.320000+00:00,56.918034,-158.016585,1.77,1.21,8054,11.799997327597298
2023-04-11 11:21:35.300000+00:00,56.882438,-158.251025,5.01,0.47,8056,3.6507232135900063
2023-04-11 11:23:54.030000+00:00,56.90422,-158.012288,0.6,0.06,8057,11.98634708504327
2023-04-11 13:25:51.700000+00:00,56.907719,-158.278011,3.98,0.13,8059,4.2098593547078265
2023-04-11 13:50:25.310000+00:00,56.923836,-158.197819,7.63,0.3,8060,2.120785519516388
2023-04-11 15:39:59.960000+00:00,56.865523,-158.155827,5.79,0.48,8061,5.533800975901836
2023-04-11 18:02:05.500000+00:00,56.930806,-158.074056,6.19,0.39,8064,8.677722003445405
2023-04-11 19:08:02.040000+00:00,56.877547,-158.093376,6.2,1.04,8067,7.71754653707376
2023-04-11 19:16:19.440000+00:00,56.92347,-157.994873,2.48,0.82,8068,13.190334954721298
2023-04-11 19:42:19+00:00,56.9071,-158.012939,3.99,0.53,8069,11.945809778249279
2023-04-11 20:22:24.740000+00:00,56.860193,-158.170801,6.91,0.53,8071,5.587133013812824
2023-04-11 22:01:27.520000+00:00,56.861865,-158.144303,7.04,0.03,8074,6.284257604873458
2023-04-12 04:57:10.200000+00:00,56.934692,-158.096729,5.68,0.41,8079,7.556681206734535
2023-04-12 06:13:32.260000+00:00,56.924048,-158.036377,2.86,0.09,8080,10.70916100884904
2023-04-12 06:16:33.980000+00:00,56.931401,-158.062712,5.66,0.56,8081,9.354637536174042
2023-04-12 06:52:05.050000+00:00,56.928735,-158.010042,2.51,0.53,8084,12.384145579583535
2023-04-12 06:53:57.850000+00:00,56.934928,-158.066862,5.69,0.48,8085,9.244233438527996
2023-04-12 06:58:40.430000+00:00,56.920345,-158.033789,3.43,1.48,8086,10.794970626408762
2023-04-12 06:59:53.530000+00:00,56.929712,-158.103109,5.65,0.47,8087,6.977497836234741
2023-04-12 07:43:09.830000+00:00,56.896102,-158.150993,4.29,0.22,8088,3.695875247710276
2023-04-12 08:09:16.800000+00:00,56.902869,-158.20682,6.53,0.23,8089,0.3523817749279952
2023-04-12 08:44:24.710000+00:00,56.907198,-158.008968,3.79,0.38,8090,12.187842223413991
2023-04-12 09:26:40.950000+00:00,56.902226,-158.087646,6.35,0.05,8093,7.4046273436056085
2023-04-12 12:43:26.900000+00:00,56.923515,-158.017692,5.03,0.2,8094,11.8186027403059
2023-04-12 12:47:58.200000+00:00,56.862736,-158.174121,3.17,0.28,8095,5.245747728446105
2023-04-12 15:38:23.210000+00:00,56.904488,-158.10651,5.37,0.31,8096,6.2460878826734625
2023-04-12 16:05:46.220000+00:00,56.944389,-158.072607,4.95,0.57,8097,9.35136980452141
2023-04-12 19:48:25.300000+00:00,56.896261,-158.091878,8.06,0.15,8099,7.215263983289364
2023-04-12 20:40:53.940000+00:00,56.93394,-158.003809,5.73,0.13,8100,12.883587857763807
2023-04-12 20:48:51.680000+00:00,56.865177,-158.192301,6.48,0.28,8101,4.636807268689326
2023-04-12 22:51:20.780000+00:00,56.906527,-158.010368,2.63,0.54,8103,12.101932992647207
2023-04-12 23:04:07.760000+00:00,56.937386,-158.065788,5.16,0.15,8106,9.404156989652751
2023-04-13 05:55:11.680000+00:00,56.935144,-158.094564,5.85,0.52,8113,7.6973859557780635
2023-04-13 06:44:03.110000+00:00,56.904789,-158.009619,2.69,0.01,8115,12.148098836276587
2023-04-13 06:50:58.690000+00:00,56.907515,-158.009261,3.27,0.0,8116,12.17044402606538
2023-04-13 07:53:21.340000+00:00,56.909562,-158.010156,4.4,0.09,8118,12.12132850684047
2023-04-13 11:27:47+00:00,56.944238,-158.072575,6.56,0.31,8124,9.345401772784662
2023-04-13 12:03:58.220000+00:00,56.907471,-158.020133,0.73,0.35,8125,11.508088936295506
2023-04-13 17:12:32.600000+00:00,56.939685,-158.134961,10.73,0.33,8130,5.879453274576917
2023-04-13 18:19:07.440000+00:00,56.905546,-158.013981,2.29,0.4,8131,11.8817296122429
2023-04-13 18:21:15.540000+00:00,56.908931,-158.012728,0.36,-0.02,8132,11.962577213905579
2023-04-13 18:58:39.120000+00:00,56.89856,-158.084814,5.33,1.1,8134,7.609673934954533
2023-04-13 18:58:58.380000+00:00,56.894881,-158.087744,5.15,0.73,8135,7.488058225225279
2023-04-13 19:00:28.960000+00:00,56.902612,-158.106071,6.78,0.61,8136,6.281323240222623
2023-04-13 19:18:02.880000+00:00,56.897819,-158.091341,5.13,1.11,8138,7.224092726587845
2023-04-13 21:58:33.500000+00:00,56.944531,-158.026465,8.38,0.15,8139,11.922757773467591
2023-04-14 06:12:09.530000+00:00,56.904744,-158.014958,0.52,0.16,8145,11.822882966954165
2023-04-14 08:51:24.990000+00:00,56.894503,-158.129232,6.82,0.68,8146,5.020808676087133
2023-04-14 19:19:42.320000+00:00,56.93682,-157.968945,8.17,0.68,8148,15.021995586278624
2023-04-14 19:22:23.960000+00:00,56.91982,-158.061507,4.03,1.08,8149,9.119063183186647
2023-04-14 22:22:23.120000+00:00,56.908724,-158.011426,0.33,0.76,8150,12.041253438167344
2023-04-15 14:06:10.750000+00:00,56.915002,-158.016195,5.14,0.39,8153,11.789937766096905
2023-04-15 16:00:30.020000+00:00,56.91062,-158.005632,2.79,0.54,8154,12.401146444956126
2023-04-15 23:35:23.240000+00:00,56.907694,-158.003727,1.67,0.54,8156,12.50784842039108
2023-04-16 02:39:17.080000+00:00,56.900887,-158.006169,2.49,0.52,8157,12.37052164049378
2023-04-16 13:30:21.860000+00:00,56.918799,-158.047868,2.48,0.56,8161,9.921530532796133
2023-04-16 20:20:17.160000+00:00,56.920687,-158.04834,2.94,0.74,8162,9.925785620474901
2023-04-16 20:35:33.260000+00:00,56.919108,-158.054785,2.86,0.87,8165,9.510151685252824
2023-04-16 20:55:55.680000+00:00,56.93951,-158.041292,3.35,1.17,8167,10.881148298752125
2023-04-17 03:20:50.940000+00:00,56.918461,-158.022021,2.55,0.43,8171,11.476817855636153
2023-04-17 10:32:03.120000+00:00,56.914233,-158.040169,7.69,0.42,8174,10.327760055089332
2023-04-17 20:59:23.560000+00:00,56.942542,-157.995557,7.15,0.52,8177,13.626535010750095
2023-04-18 04:19:09.710000+00:00,56.907235,-158.099707,19.65,0.53,8185,6.660536059207972
2023-04-18 04:21:54.790000+00:00,56.921151,-157.997607,4.24,0.51,8187,12.98958476277163
2023-04-18 04:27:52.520000+00:00,56.921989,-158.012891,5.09,0.58,8193,12.080748844738139
2023-04-18 04:30:48.750000+00:00,56.916638,-157.985156,4.3,0.32,8195,13.689166944565528
2023-04-18 07:09:49.480000+00:00,56.933032,-157.998145,5.0,0.53,8210,13.194994719794092
2023-04-18 07:10:53.540000+00:00,56.92616,-157.988021,4.68,0.79,8211,13.649242560435502
2023-04-18 07:40:00.260000+00:00,56.909184,-158.01346,0.4,0.78,8214,11.918817799241586
2023-04-18 08:24:35.810000+00:00,56.947078,-158.083105,5.36,0.61,8215,8.938503417782862
2023-04-18 11:00:02.730000+00:00,56.906787,-158.00625,0.54,1.57,8218,12.352997383105063
2023-04-18 11:34:59.500000+00:00,56.923157,-158.02028,5.28,0.75,8222,11.656583301050581
2023-04-18 12:17:11.670000+00:00,56.933183,-158.012467,4.31,0.62,8223,12.35182874561398
2023-04-18 15:47:14.810000+00:00,56.897091,-158.018913,2.45,0.49,8228,11.623049322640714
2023-04-18 20:10:44.580000+00:00,56.934098,-158.018766,6.86,0.77,8235,12.006649321453592
2023-04-18 20:18:58.920000+00:00,56.921969,-158.036719,4.46,1.03,8236,10.647408608538546
2023-04-18 20:20:21.720000+00:00,56.92655,-157.992839,4.5,0.56,8238,13.367320020840577
2023-04-18 20:32:43.880000+00:00,56.936308,-157.997933,0.86,0.6,8239,13.295520344039554
2023-04-18 21:31:37.920000+00:00,56.935592,-158.003353,5.54,0.37,8244,12.956140514507824
2023-04-19 01:59:59.350000+00:00,56.872152,-158.238314,3.35,0.22,8253,4.151187545564691
2023-04-19 03:07:06.180000+00:00,56.918506,-157.959261,9.43,0.48,8255,15.278576569894486
2023-04-19 03:19:31.170000+00:00,56.928902,-158.018766,3.83,0.39,8256,11.868713914328866
2023-04-19 03:50:13+00:00,56.87972,-158.240153,4.19,0.41,8257,3.469790426122646
2023-04-19 07:52:54.050000+00:00,56.885787,-158.014616,2.49,0.36,8260,12.053945072452041
2023-04-19 08:04:46.470000+00:00,56.935527,-158.063737,5.24,0.75,8261,9.445791137636668
2023-04-19 08:16:14.700000+00:00,56.86403,-158.217025,3.75,0.35,8262,4.677070315586058
2023-04-19 08:41:20.630000+00:00,56.932471,-158.089535,5.84,0.16,8263,7.858732505896594
2023-04-19 10:56:57.820000+00:00,56.913318,-158.017822,2.76,0.01,8265,11.676521628031056
2023-04-19 11:26:20.620000+00:00,56.91486,-158.03737,8.1,-0.07,8269,10.50396573590283
2023-04-19 13:22:16.160000+00:00,56.886963,-158.039453,2.29,1.11,8272,10.543138547141682
2023-04-19 13:47:03.050000+00:00,56.97168,-158.338916,28.41,1.34,8274,10.787114581335036
2023-04-19 14:13:19.280000+00:00,56.91687,-158.042204,2.83,1.21,8277,10.235156448145322
2023-04-19 14:22:05.230000+00:00,56.965828,-157.936979,12.25,1.54,8280,17.858038362182338
2023-04-19 14:55:22.820000+00:00,56.938684,-158.063037,4.99,0.26,8283,9.61371776085264
2023-04-19 15:36:57.870000+00:00,56.937345,-158.005664,0.95,0.08,8288,12.871759267585755
2023-04-19 16:20:47.630000+00:00,56.946049,-158.018213,4.47,0.33,8292,12.452178500961606
2023-04-19 16:32:05.650000+00:00,56.915527,-158.046387,2.53,0.86,8294,9.965057551292613
2023-04-19 17:11:09.380000+00:00,56.923409,-158.013395,0.81,1.22,8296,12.074839306845506
2023-04-19 17:12:41.900000+00:00,56.913192,-158.069222,2.65,0.71,8299,8.554917599898161
2023-04-19 17:21:40.920000+00:00,56.924247,-158.070687,4.26,0.73,8300,8.671559024887502
2023-04-19 17:24:20.720000+00:00,56.810042,-158.313151,9.68,0.92,8301,12.412698999733216
2023-04-19 17:58:54.440000+00:00,56.90907,-158.012972,0.74,0.03,8303,11.948157866259027
2023-04-19 17:59:53.560000+00:00,56.906047,-158.013379,2.53,0.55,8305,11.918325223542098
2023-04-19 18:01:16.200000+00:00,56.913481,-158.013997,2.15,0.08,8307,11.910214591610528
2023-04-19 18:45:40.760000+00:00,56.945923,-158.024007,2.55,0.68,8312,12.118515549164497
2023-04-19 19:32:12.720000+00:00,56.846623,-158.164193,7.09,0.01,8314,7.133704201028125
2023-04-19 19:39:24.880000+00:00,56.922127,-158.05127,4.54,-0.08,8315,9.77822248816514
2023-04-19 20:00:49.040000+00:00,56.93234,-158.001156,0.73,0.05,8316,12.998968614354203
2023-04-19 20:29:15.640000+00:00,56.887858,-158.015234,2.69,-0.13,8318,11.975986458983385
2023-04-19 20:36:08.240000+00:00,56.919039,-158.013118,6.48,0.15,8319,12.02285468687144
2023-04-19 21:17:35.200000+00:00,56.901115,-158.007194,4.09,-0.11,8320,12.306990367069135
2023-04-19 21:20:11.720000+00:00,56.886344,-158.045117,4.0,0.23,8322,10.219572766604504
2023-04-19 21:51:48.200000+00:00,56.92358,-158.039437,2.73,0.81,8324,10.516346696557095
2023-04-19 22:09:10.400000+00:00,56.93516,-158.010596,2.93,0.06,8326,12.517664111790925
2023-04-19 22:43:23.600000+00:00,56.933691,-157.996842,5.35,0.02,8329,13.289088980601703
2023-04-19 22:48:55.160000+00:00,56.945923,-157.999756,4.81,0.18,8333,13.502177204584791
2023-04-19 23:00:14.080000+00:00,56.887126,-158.02028,8.86,-0.06,8336,11.6872434231539
2023-04-19 23:00:23.840000+00:00,56.888725,-158.043197,6.07,0.06,8337,10.281314671567806
2023-04-19 23:09:56.080000+00:00,56.977905,-158.093083,5.89,0.1,8340,10.688944013984909
2023-04-19 23:12:20.280000+00:00,56.926237,-158.016927,1.53,1.6,8341,11.918278420119377
2023-04-19 23:49:50.800000+00:00,56.918559,-158.017122,0.55,0.1,8344,11.774335198925112
2023-04-19 23:51:13.680000+00:00,56.921672,-158.039844,2.19,0.4,8346,10.454246116853009
2023-04-19 23:52:36.340000+00:00,56.9158,-158.031641,1.88,1.77,8347,10.86150173213663
2023-04-20 00:15:58.120000+00:00,56.87747,-158.111914,5.92,0.03,8348,6.705714775494406
2023-04-20 00:19:49.500000+00:00,56.923877,-158.011979,0.9,0.61,8349,12.168391592922912
2023-04-20 00:21:54.900000+00:00,56.922668,-158.068994,4.63,-0.04,8350,8.732450541468367
2023-04-20 00:26:58.160000+00:00,56.935335,-158.102344,5.85,0.27,8351,7.280736167757163
2023-04-20 00:59:25.630000+00:00,56.929631,-158.01512,4.26,-0.23,8354,12.103024572045197
2023-04-20 01:08:54.540000+00:00,56.921224,-158.055892,3.47,-0.04,8356,9.483122527529256
2023-04-20 01:15:27.200000+00:00,56.938529,-158.093783,5.78,-0.09,8357,7.906715214331594
2023-04-20 01:19:25.580000+00:00,56.913574,-158.062679,3.04,0.23,8358,8.955713769197178
2023-04-20 01:29:43.170000+00:00,56.89071,-158.027132,3.35,-0.16,8359,11.209326856981415
2023-04-20 01:34:10.260000+00:00,56.94329,-158.049056,4.91,-0.22,8360,10.59684122824982
2023-04-20 02:01:06.990000+00:00,56.944067,-158.087109,5.96,0.03,8362,8.55876741639286
2023-04-20 02:31:56.890000+00:00,56.90603,-157.997868,5.96,-0.1,8368,12.863335522485023
2023-04-20 02:32:09.620000+00:00,56.884546,-158.07041,5.43,-0.06,8369,8.771434310653955
2023-04-20 02:46:52.510000+00:00,56.941614,-158.060954,5.37,-0.31,8373,9.85822242583245
2023-04-20 04:12:28.980000+00:00,56.924361,-158.097314,5.52,-0.28,8378,7.109921541008212
2023-04-20 04:29:49.830000+00:00,56.914669,-158.017757,2.0,0.26,8382,11.692007609181417
2023-04-20 05:00:29.530000+00:00,56.939681,-158.022575,3.78,-0.11,8387,11.96343499606432
2023-04-20 06:04:26.250000+00:00,56.933667,-158.070882,5.48,-0.0,8393,8.965950832686591
2023-04-20 06:11:23.330000+00:00,56.941951,-157.99541,5.81,0.02,8394,13.615568056934
2023-04-20 06:12:40.520000+00:00,56.878035,-158.087337,6.02,0.22,8395,8.033924594423079
2023-04-20 07:05:40.040000+00:00,56.877848,-158.088835,5.75,0.08,8399,7.957872719255617
2023-04-20 07:05:59.060000+00:00,56.878601,-158.073877,4.25,0.73,8400,8.774757085386137
2023-04-20 07:09:57.660000+00:00,56.878971,-158.086979,5.86,0.42,8402,8.014546690792255
2023-04-20 07:35:59.170000+00:00,56.87994,-158.074951,3.72,0.63,8404,8.662511160299514
2023-04-20 07:42:06.860000+00:00,56.879248,-158.083431,5.66,2.24,8405,8.204404111690737
2023-04-20 07:43:35.240000+00:00,56.875378,-158.027132,2.42,-0.23,8406,11.591044164029316
2023-04-20 07:44:22.650000+00:00,56.877938,-158.086719,5.12,-0.31,8407,8.072856742072625
2023-04-20 07:54:13.560000+00:00,56.908557,-158.04235,3.87,-0.0,8408,10.157524123160368
2023-04-20 07:58:48.170000+00:00,56.941756,-158.035872,4.21,-0.09,8410,11.27759011893068
2023-04-20 08:12:19.880000+00:00,56.906295,-157.995866,4.41,0.23,8414,12.985353670131614
2023-04-20 08:16:07.850000+00:00,56.879374,-158.084473,5.18,0.78,8415,8.14010197850543
2023-04-20 08:28:02.900000+00:00,56.878544,-158.093213,6.09,0.24,8418,7.681994588105268
2023-04-20 08:40:59.540000+00:00,56.890686,-158.024268,3.63,-0.43,8420,11.382309252424212
2023-04-20 08:56:12.930000+00:00,56.973669,-158.115674,6.51,0.12,8421,9.454725209494718
2023-04-20 09:13:19.560000+00:00,56.933016,-158.005339,7.5,0.4,8423,12.768560122516446
2023-04-20 09:14:17.690000+00:00,56.935441,-158.010905,2.71,-0.56,8424,12.507677397402833
2023-04-20 09:16:09.560000+00:00,56.936255,-158.015837,7.71,-0.04,8425,12.242892733353223
2023-04-20 09:16:18.950000+00:00,56.90284,-158.154118,8.46,0.07,8426,3.3600606387849896
2023-04-20 09:41:19.650000+00:00,56.996741,-157.93208,44.09,1.17,8428,19.659965721483754
2023-04-20 10:08:23.560000+00:00,56.869462,-158.032975,4.79,-0.43,8431,11.467324131267452
2023-04-20 10:13:41.390000+00:00,56.875028,-158.021175,5.79,-0.23,8432,11.949912523918776
2023-04-20 10:38:39.260000+00:00,56.986117,-158.049626,6.35,0.38,8434,13.193797948417055
2023-04-20 11:05:39.300000+00:00,56.927018,-158.041797,3.37,1.0,8439,10.454564362649926
2023-04-20 11:28:11.280000+00:00,56.913135,-158.008105,5.74,-0.25,8447,12.265681964739922
2023-04-20 11:51:19.660000+00:00,56.891215,-158.009017,2.2,-0.47,8449,12.294218307118847
2023-04-20 12:00:22.130000+00:00,56.893884,-158.013607,1.55,-0.42,8451,11.980051777760556
2023-04-20 12:42:08.400000+00:00,56.890592,-158.099935,5.9,-0.12,8454,6.858578877287296
2023-04-20 13:56:03.670000+00:00,56.94519,-158.047607,5.05,-0.03,8462,10.762255550864657
2023-04-20 14:16:06.030000+00:00,56.928259,-158.028841,2.12,0.08,8468,11.254415123864884
2023-04-20 15:02:42.430000+00:00,56.930371,-158.091064,5.02,0.14,8477,7.6864644410528875
2023-04-20 15:03:55.510000+00:00,56.933765,-158.072266,5.32,-0.11,8478,8.890725172343231
2023-04-20 16:11:51.030000+00:00,56.928918,-158.005827,0.53,0.26,8490,12.639565636427276
2023-04-20 16:30:01.110000+00:00,56.870732,-158.177262,3.16,1.32,8491,4.358018762531741
2023-04-20 16:54:58.960000+00:00,56.945943,-158.034033,3.96,0.93,8493,11.554065387720817
2023-04-20 16:55:20.620000+00:00,56.939514,-158.020459,2.03,0.84,8494,12.080019220522155
2023-04-20 16:57:28.800000+00:00,56.94729,-158.044954,3.92,-0.17,8496,11.005828044222786
2023-04-20 17:49:38.800000+00:00,56.920536,-158.045459,3.16,-0.44,8503,10.096128066419036
2023-04-20 17:49:52.160000+00:00,56.888456,-158.0507,6.03,-0.22,8504,9.83820737749548
2023-04-20 17:51:14.880000+00:00,56.912004,-158.15332,6.85,-0.45,8505,3.461699059369202
2023-04-20 17:55:51.880000+00:00,56.922567,-158.147884,17.36,0.26,8506,4.1646979010134215
2023-04-20 17:58:38.640000+00:00,56.920553,-158.095964,3.67,-0.02,8508,7.078715351554988
2023-04-20 19:17:01.600000+00:00,56.914795,-158.019499,2.73,-0.04,8514,11.587455659630864
2023-04-20 19:18:43.080000+00:00,56.910083,-158.017627,0.45,-0.41,8515,11.668605119681635
2023-04-20 19:25:36.820000+00:00,56.935046,-158.059993,5.04,0.18,8516,9.641505627195471
2023-04-20 21:01:58.920000+00:00,56.803784,-158.341667,17.59,0.79,8521,13.94864659690218
2023-04-20 21:24:42.160000+00:00,56.950041,-158.073796,4.17,-0.04,8524,9.594055197352702
2023-04-20 22:36:02.800000+00:00,56.914718,-158.092025,5.22,1.03,8529,7.194795445186057
2023-04-20 23:18:12.720000+00:00,56.941166,-158.006868,6.73,-0.13,8530,12.923876404523925
2023-04-20 23:20:34.480000+00:00,56.869739,-158.056055,5.57,0.04,8531,10.150838085566193
2023-04-20 23:22:42.720000+00:00,56.919771,-158.030762,7.16,-0.17,8532,10.968137381744038
2023-04-20 23:25:29.120000+00:00,56.924032,-158.07015,3.53,-0.15,8533,8.697744202190174
2023-04-20 23:37:15.120000+00:00,56.948568,-158.064014,5.06,0.04,8536,10.03101858514053
2023-04-21 00:03:32.080000+00:00,56.889311,-158.018164,2.4,-0.04,8538,11.773432092459673
2023-04-21 00:04:37.500000+00:00,56.888953,-158.028337,2.86,-0.18,8539,11.168183611384094
2023-04-21 00:14:47.820000+00:00,56.921952,-158.198714,6.75,0.13,8540,1.9046618657661476
2023-04-21 00:28:38.330000+00:00,56.889417,-158.020231,4.03,1.06,8541,11.64715819649591
2023-04-21 00:29:14.880000+00:00,56.953524,-158.058431,4.8,0.43,8542,10.596681645396481
2023-04-21 00:50:34.100000+00:00,56.889185,-158.022705,2.14,0.01,8544,11.502442645302617
2023-04-21 00:51:22.460000+00:00,56.890609,-158.023079,3.91,0.44,8546,11.455247568826634
2023-04-21 00:51:41.610000+00:00,56.893966,-158.025505,2.71,-0.06,8547,11.258706462455407
2023-04-21 01:43:13.400000+00:00,56.783626,-158.137061,16.78,0.22,8553,14.295705477090879
2023-04-21 01:44:10.530000+00:00,56.948873,-157.998307,2.64,0.23,8554,13.696552022600137
2023-04-21 02:27:10.220000+00:00,56.917391,-158.033415,0.33,0.38,8556,10.773570892804582
2023-04-21 02:27:51.530000+00:00,56.923267,-158.025879,2.25,0.26,8557,11.322484171087726
2023-04-21 03:53:45.710000+00:00,56.900354,-158.031982,6.42,0.1,8566,10.802755169426142
2023-04-21 04:07:48.970000+00:00,56.936629,-158.015592,2.72,0.31,8570,12.268762456061827
2023-04-21 04:09:47.770000+00:00,56.926929,-157.988167,3.85,0.73,8571,13.654832135661607
2023-04-21 05:25:47.920000+00:00,56.936308,-158.000505,1.84,0.42,8580,13.144144504721464
2023-04-21 05:33:49.530000+00:00,56.876363,-158.014128,0.86,0.33,8582,12.321422233826297
2023-04-21 05:34:13.180000+00:00,56.910055,-158.008936,2.25,0.02,8583,12.19753885844105
2023-04-21 05:56:50.540000+00:00,56.925208,-158.007829,2.51,2.67,8585,12.442431453308577
2023-04-21 05:58:45.030000+00:00,56.930778,-158.012256,2.42,1.09,8588,12.30134567126847
2023-04-21 06:01:03.280000+00:00,56.971509,-158.022949,8.34,0.56,8590,13.48351794165106
2023-04-21 06:05:30.650000+00:00,56.932292,-158.033285,4.16,0.71,8591,11.100934061069928
2023-04-21 06:10:39.400000+00:00,56.935311,-158.002783,2.04,0.96,8592,12.98178889739943
2023-04-21 06:11:20.600000+00:00,56.925264,-158.013949,1.9,1.0,8593,12.076612647861058
2023-04-21 06:16:06.700000+00:00,56.876754,-158.115023,5.45,0.17,8594,6.577997778268283
2023-04-21 06:34:57.140000+00:00,56.928284,-157.993327,4.17,0.3,8599,13.372550084119439
2023-04-21 06:51:00.730000+00:00,56.857129,-158.19681,5.14,0.33,8601,5.47060664653864
2023-04-21 07:02:11.800000+00:00,56.963346,-158.07819,4.86,0.32,8602,10.221731106002094
2023-04-21 07:03:36.100000+00:00,56.951001,-158.05612,4.52,0.45,8604,10.582433596351223
2023-04-21 07:06:43.650000+00:00,56.930668,-158.004508,2.96,0.31,8606,12.758817490688273
2023-04-21 07:16:42.840000+00:00,56.887809,-158.171273,6.62,0.28,8608,3.049527236249517
2023-04-21 07:21:40.240000+00:00,56.927035,-158.03029,7.99,0.21,8609,11.138827613960778
2023-04-21 07:38:48.980000+00:00,56.941317,-157.988542,3.94,-0.08,8611,13.995642670587264
2023-04-21 09:22:46.770000+00:00,56.92793,-158.011328,5.55,0.29,8619,12.289351030481665
2023-04-21 09:26:54.790000+00:00,56.915556,-158.05778,4.63,1.7,8620,9.275815507559289
2023-04-21 09:35:51.690000+00:00,56.915487,-158.066813,4.18,0.15,8622,8.72862635820769
2023-04-21 09:44:53.270000+00:00,56.961536,-158.069808,4.51,0.54,8623,10.503921241833181
2023-04-21 10:14:58.540000+00:00,56.962533,-158.087223,4.9,0.59,8624,9.740464661516322
2023-04-21 10:49:56.270000+00:00,56.932861,-158.060758,5.2,0.44,8626,9.518104158212116
2023-04-21 11:17:45.990000+00:00,56.877397,-158.088005,5.96,0.27,8630,8.024158082645863
2023-04-21 11:36:44.030000+00:00,56.95529,-158.061019,4.74,0.56,8636,10.561743934682692
2023-04-21 12:11:49.980000+00:00,56.908883,-158.015658,4.4,0.43,8639,11.784000302337864
2023-04-21 14:33:46.030000+00:00,56.912036,-158.01307,4.68,0.3,8646,11.95634747605618
2023-04-21 16:32:29.490000+00:00,56.851493,-158.274365,2.17,0.84,8648,7.242572127138485
2023-04-21 16:45:53.710000+00:00,56.926424,-158.020964,3.77,0.41,8649,11.681056304841482
2023-04-21 20:47:22.580000+00:00,56.928333,-158.04362,2.21,0.95,8656,10.380680561981588
2023-04-21 21:22:43.560000+00:00,56.91744,-158.085563,6.62,0.27,8660,7.630213988583141
2023-04-21 21:38:23.400000+00:00,56.889445,-158.038932,4.83,0.41,8661,10.522576608651528
2023-04-21 21:50:43.380000+00:00,56.904521,-158.018376,2.0,0.07,8663,11.614959415742842
2023-04-22 00:04:37.650000+00:00,56.905184,-158.013216,0.39,0.39,8666,11.92855911809116
2023-04-22 00:30:19.390000+00:00,56.913525,-158.087858,4.26,0.48,8667,7.429860604082683
2023-04-22 01:16:16.440000+00:00,56.948678,-158.111605,5.48,0.54,8669,7.613756493978657
2023-04-22 03:44:57.920000+00:00,56.907458,-158.192578,7.16,0.37,8672,1.017392228787868
2023-04-22 03:51:18.170000+00:00,56.91556,-158.073617,2.17,0.9,8673,8.318527512356335
2023-04-22 04:06:04.440000+00:00,56.930412,-158.023519,3.9,0.45,8674,11.624546901716958
2023-04-22 05:10:47.360000+00:00,56.950468,-158.02002,7.65,0.13,8679,12.535945339455386
2023-04-22 06:47:46.990000+00:00,56.862927,-158.19152,2.66,0.26,8685,4.891715366640263
2023-04-22 07:10:00.860000+00:00,56.88477,-158.256608,2.26,0.05,8686,3.728566896262153
2023-04-22 09:05:32.650000+00:00,56.900826,-158.20695,4.76,0.28,8689,0.5678041855820936
2023-04-22 10:19:46.480000+00:00,56.921887,-158.04681,1.85,0.82,8691,10.040509208342431
2023-04-22 12:40:51.520000+00:00,56.91202,-158.046549,2.03,1.02,8699,9.920817082914835
2023-04-22 12:47:08.950000+00:00,56.928162,-158.14873,8.39,0.53,8700,4.435822466498378
2023-04-22 14:18:37.970000+00:00,56.88903,-158.171484,5.75,0.64,8702,2.951976497637524
2023-04-22 14:25:03.720000+00:00,56.957642,-158.086182,4.74,0.52,8703,9.44681724771938
2023-04-22 15:21:50.320000+00:00,56.883049,-158.202067,7.09,0.46,8704,2.568497242364692
2023-04-22 18:09:19.320000+00:00,56.924255,-157.99165,6.4,0.48,8706,13.397480166181383
2023-04-22 18:55:02.960000+00:00,56.94801,-158.109635,4.55,0.37,8708,7.661739873496379
2023-04-22 21:24:20.760000+00:00,56.802071,-158.130566,1.71,1.66,8711,12.502950293111539
2023-04-22 21:43:19.880000+00:00,56.935107,-158.045801,2.84,0.71,8712,10.461206177095073
2023-04-22 22:08:26.560000+00:00,56.909029,-158.004736,4.31,0.26,8714,12.449569490049091
2023-04-23 02:00:23.010000+00:00,56.930046,-158.022347,2.33,0.65,8721,11.684496827854325
2023-04-23 04:49:26.170000+00:00,56.887781,-158.034131,3.47,0.49,8729,10.843835183355138
2023-04-23 05:05:48.690000+00:00,56.958663,-158.097656,4.51,0.52,8731,8.97816712551617
2023-04-23 05:34:11.690000+00:00,56.876363,-158.09598,6.14,0.93,8733,7.628717554680446
2023-04-23 06:31:22.180000+00:00,56.946708,-158.040576,4.04,2.04,8734,11.221948396491065
2023-04-23 06:34:27.020000+00:00,56.955933,-158.056152,4.79,0.64,8735,10.852229638999377
2023-04-23 07:41:36.480000+00:00,56.857483,-158.203955,4.75,0.79,8737,5.389256276336742
2023-04-23 08:32:24.780000+00:00,56.914937,-158.210531,6.03,0.54,8742,1.0217460913140748
2023-04-23 09:35:20.220000+00:00,56.947628,-158.082682,5.38,0.64,8745,8.992127962562474
2023-04-23 09:37:10.890000+00:00,56.908488,-158.155257,8.64,0.68,8747,3.287863658002966
2023-04-23 10:20:11.700000+00:00,56.882141,-158.035889,7.79,0.23,8750,10.874216865698763
2023-04-23 12:12:56.820000+00:00,56.890877,-158.013558,3.99,0.8,8753,12.02517911284965
2023-04-23 12:14:53.320000+00:00,56.891382,-158.025163,4.05,0.85,8755,11.317013698922576
2023-04-23 12:15:28.900000+00:00,56.943156,-158.053076,3.78,0.76,8756,10.366308281419652
2023-04-23 12:25:04.450000+00:00,56.891508,-158.038021,5.76,0.49,8757,10.539847696765452
2023-04-23 12:38:16.740000+00:00,56.925277,-158.030794,5.54,0.6,8762,11.06906211839373
2023-04-23 12:45:55.100000+00:00,56.891349,-158.015983,2.09,0.29,8765,11.87152807535024
2023-04-23 12:48:38.490000+00:00,56.889844,-158.013021,2.09,1.22,8768,12.074144097285506
2023-04-23 13:00:56.230000+00:00,56.864176,-158.219059,3.78,0.6,8769,4.67554172242222
2023-04-23 13:25:25.720000+00:00,56.957906,-158.16766,5.92,0.58,8771,6.324817575156597
2023-04-23 13:32:35.860000+00:00,56.91508,-158.155762,9.7,0.65,8772,3.403820779849618
2023-04-23 13:35:14.360000+00:00,56.925045,-158.034375,5.8,0.51,8773,10.850156605379574
2023-04-23 13:46:37.880000+00:00,56.91226,-158.006592,2.37,0.42,8775,12.351736421209473
2023-04-23 15:48:42.550000+00:00,56.890515,-158.013428,4.82,0.33,8779,12.038715452147432
2023-04-23 16:11:57.970000+00:00,56.920133,-158.030973,2.7,0.98,8781,10.961160003416575
2023-04-23 16:44:54.510000+00:00,56.929622,-158.063688,3.98,0.95,8783,9.239424052099967
2023-04-23 18:05:56.740000+00:00,56.926241,-158.033447,3.35,0.54,8789,10.93235847489001
2023-04-23 19:48:24.680000+00:00,56.879346,-158.056038,4.8,0.88,8795,9.776962699763626
2023-04-23 19:49:00.680000+00:00,56.914954,-158.021615,6.74,0.97,8796,11.460577679334142
2023-04-23 20:07:48.980000+00:00,56.92653,-158.041732,3.17,1.21,8799,10.446342631390433
2023-04-23 20:54:18.240000+00:00,56.844096,-158.186035,6.35,0.72,8800,7.0124471771211905
2023-04-23 22:57:25.780000+00:00,56.960758,-158.140381,6.51,0.6,8802,7.40994149594619
2023-04-24 00:36:21.320000+00:00,56.948812,-158.046305,3.96,0.69,8804,11.003745352442579
2023-04-24 02:59:32.930000+00:00,56.911373,-158.168522,9.08,0.93,8810,2.5428578769668793
2023-04-24 03:48:04.490000+00:00,56.860352,-158.189225,3.59,0.26,8812,5.202587839088798
2023-04-24 05:14:29.690000+00:00,56.946049,-158.015153,5.91,0.44,8818,12.626199620999547
2023-04-24 05:41:14.340000+00:00,56.895654,-158.010042,4.04,0.27,8820,12.175819081637025
2023-04-24 06:19:08.420000+00:00,56.90592,-158.075505,5.8,1.04,8824,8.133266500550612
2023-04-24 06:19:40.540000+00:00,56.905924,-157.995736,4.47,0.5,8825,12.993228699231402
2023-04-24 06:57:31.520000+00:00,56.942822,-158.034489,4.41,0.54,8826,11.398616283362447
2023-04-24 07:19:13.720000+00:00,56.930477,-157.982975,2.55,0.77,8829,14.037768653379318
2023-04-24 07:42:18.090000+00:00,56.93276,-158.042513,2.82,0.87,8831,10.574794362248237
2023-04-24 07:43:10.300000+00:00,56.921985,-158.030941,0.49,0.91,8832,10.994742476276528
2023-04-24 07:46:27.960000+00:00,56.938509,-158.056608,3.67,0.68,8834,9.969719960595771
2023-04-24 08:15:59.290000+00:00,56.948287,-158.063265,5.19,0.6,8835,10.056450387425706
2023-04-24 08:18:04.230000+00:00,56.909351,-158.178044,4.79,0.72,8836,1.926935449716499
2023-04-24 08:19:55.920000+00:00,56.894438,-158.183057,12.91,0.64,8837,2.024819865286468
2023-04-24 08:23:09.580000+00:00,56.933956,-158.028809,3.0,0.85,8838,11.413241295445628
2023-04-24 08:39:58.340000+00:00,56.956226,-158.098047,5.72,0.66,8839,8.784464286304658
2023-04-24 08:57:41.370000+00:00,56.869112,-158.16027,6.51,0.34,8840,5.051171757956286
2023-04-24 09:48:42.090000+00:00,56.894153,-158.086719,6.83,0.28,8848,7.563245128183862
2023-04-24 09:59:54.710000+00:00,56.944954,-157.965495,4.39,1.74,8849,15.45568472044408
2023-04-24 10:28:53+00:00,56.88175,-158.181706,6.62,0.4,8852,3.1527077282390756
2023-04-24 10:44:22.300000+00:00,56.995907,-158.053857,6.31,0.55,8853,13.777309869365734
2023-04-24 10:53:36.730000+00:00,56.955481,-158.092106,2.98,0.41,8854,9.014478367112677
2023-04-24 11:21:37.960000+00:00,56.907751,-157.996615,4.4,0.74,8858,12.941175790400566
2023-04-24 12:37:42.130000+00:00,56.886934,-158.036735,5.33,0.35,8862,10.706152508751554
2023-04-24 12:41:10.700000+00:00,56.983911,-158.038005,6.7,0.78,8863,13.563517635784947
2023-04-24 13:21:34.020000+00:00,56.944088,-158.029329,8.09,0.51,8864,11.742395443322248
2023-04-24 14:21:58.280000+00:00,56.892167,-158.032992,4.9,0.4,8865,10.832264130247333
2023-04-24 14:42:11.170000+00:00,56.925781,-158.056087,3.19,0.9,8866,9.575926176137813
2023-04-24 15:20:31.790000+00:00,56.885982,-158.022575,2.92,0.27,8870,11.573428633448675
2023-04-24 15:35:18.040000+00:00,56.917533,-158.080648,5.73,0.83,8872,7.927119022999451
2023-04-24 15:56:37.300000+00:00,56.864303,-158.160091,4.04,0.25,8874,5.499355489586547
2023-04-24 16:35:13.630000+00:00,56.91377,-158.021175,5.36,0.54,8876,11.47650752277236
2023-04-24 16:44:22.140000+00:00,56.929472,-158.041439,3.77,1.31,8877,10.540481441217327
2023-04-24 16:44:49.790000+00:00,56.951013,-157.979883,4.73,0.87,8878,14.831407269407485
2023-04-24 17:01:27.520000+00:00,56.899996,-157.988949,3.9,0.21,8879,13.42335345999992
2023-04-24 17:41:08.040000+00:00,56.931087,-158.105941,5.26,0.62,8881,6.879520269301303
2023-04-24 17:46:30.060000+00:00,56.864913,-158.162972,4.6,0.62,8882,5.348197247021211
2023-04-24 18:10:37.560000+00:00,56.908171,-158.075114,6.11,0.47,8883,8.161104143901095
2023-04-24 18:13:18.200000+00:00,56.86381,-158.180094,3.65,0.81,8884,4.996917897556953
2023-04-24 18:15:38.720000+00:00,56.905839,-158.015234,1.92,0.09,8885,11.805310499672077
2023-04-24 18:23:27.720000+00:00,56.901648,-158.049544,3.35,1.51,8888,9.726493055158501
2023-04-24 18:27:10.360000+00:00,56.908789,-158.073161,6.05,0.12,8889,8.282438540307052
2023-04-24 18:50:00.700000+00:00,56.903931,-158.067187,4.62,1.49,8893,8.642770015033935
2023-04-24 18:57:44+00:00,56.911646,-158.017611,0.33,0.09,8894,11.677744568476962
2023-04-24 21:20:10.360000+00:00,56.899996,-158.013411,3.44,0.31,8903,11.934820796026337
2023-04-24 21:21:50.680000+00:00,56.902995,-158.069222,9.67,0.11,8906,8.52210979696774
2023-04-24 22:25:45.100000+00:00,56.950749,-158.06097,5.12,0.55,8909,10.3099966994224
2023-04-24 22:27:05.620000+00:00,56.888249,-158.021257,3.58,0.2,8910,11.606779172326023
2023-04-24 22:34:24.800000+00:00,56.8743,-158.035498,3.66,0.18,8912,11.141752455576956
2023-04-24 22:35:01.120000+00:00,56.907735,-158.002344,5.57,-0.01,8913,12.59216487223925
2023-04-24 22:41:43.720000+00:00,56.887142,-158.027523,9.18,-0.01,8914,11.252835046848825
2023-04-24 22:45:00.280000+00:00,56.902433,-157.995345,5.47,0.54,8915,13.023048997357131
2023-04-24 22:46:43.680000+00:00,56.865702,-158.124219,7.11,-0.08,8916,6.829900583673578
2023-04-24 22:53:56+00:00,56.897078,-158.014258,2.54,-0.06,8918,11.905845445017071
2023-04-24 22:59:35.020000+00:00,56.932931,-158.028678,4.51,0.2,8920,11.390250964653113
2023-04-24 23:17:51.260000+00:00,56.865564,-158.15485,4.79,0.53,8921,5.565216885531081
2023-04-24 23:41:41.580000+00:00,56.889058,-158.042806,4.02,-0.05,8924,10.297909688722214
2023-04-24 23:44:36.840000+00:00,56.866443,-158.167513,4.14,0.57,8925,5.060014185758682
2023-04-25 00:17:04.490000+00:00,56.89174,-158.218734,5.68,0.33,8929,1.6742877707467485
2023-04-25 00:27:09.930000+00:00,56.951554,-158.070654,5.21,0.51,8930,9.844701779549586
2023-04-25 00:27:37.870000+00:00,56.952393,-158.067969,5.05,0.28,8931,10.032861772067637
2023-04-25 00:44:57.660000+00:00,56.887524,-158.049788,5.63,0.17,8932,9.913612176008053
2023-04-25 01:27:27.260000+00:00,56.855017,-158.196143,4.39,0.21,8933,5.709146211870173
2023-04-25 02:08:42.910000+00:00,56.906287,-158.011702,0.34,1.07,8936,12.020549143590767
2023-04-25 02:21:47.610000+00:00,56.912406,-158.010384,0.78,-0.04,8938,12.122078341824585
2023-04-25 03:14:58.470000+00:00,56.942619,-158.070036,6.2,0.17,8945,9.403269565654353
2023-04-25 04:13:08.200000+00:00,56.932218,-158.019938,8.42,0.18,8949,11.884521318859528
2023-04-25 05:04:47.140000+00:00,56.881836,-158.187256,6.34,0.37,8951,2.979507452898957
2023-04-25 05:18:30.110000+00:00,56.939868,-158.005518,2.59,0.22,8953,12.959357450189815
2023-04-25 05:25:54.820000+00:00,56.942322,-158.024723,2.86,1.24,8954,11.935978741826876
2023-04-25 05:34:54.590000+00:00,56.862911,-158.172347,4.18,0.9,8955,5.272845380458274
2023-04-25 06:51:36.710000+00:00,56.922152,-158.038949,3.11,0.3,8962,10.517039547300573
2023-04-25 07:09:39.090000+00:00,56.877657,-158.107585,5.69,1.99,8965,6.930193646958971
2023-04-25 07:17:31+00:00,56.946,-158.036768,3.29,0.2,8967,11.403158397140986
2023-04-25 07:24:59.550000+00:00,56.92887,-158.050651,3.93,0.52,8968,9.980836106968361
2023-04-25 07:38:43.590000+00:00,56.966569,-158.055404,2.49,0.29,8970,11.542231939631098
2023-04-25 08:31:16.250000+00:00,56.865515,-158.151432,5.1,1.01,8973,5.695569837672216
2023-04-25 09:12:34.910000+00:00,56.887642,-158.036654,3.44,0.77,8976,10.695710552847727
2023-04-25 09:38:37.160000+00:00,56.909021,-158.078011,6.34,0.52,8977,7.9883022078723664
2023-04-25 09:44:30.310000+00:00,56.948812,-158.046322,4.51,0.81,8979,11.002813432399623
2023-04-25 10:37:46.640000+00:00,56.878841,-158.09458,6.01,0.78,8983,7.592365441896389
2023-04-25 12:46:03.010000+00:00,56.942773,-158.044613,4.34,0.72,8988,10.824073950679667
2023-04-25 13:24:33.940000+00:00,56.926563,-158.03221,1.64,0.63,8989,11.01348931324055
2023-04-25 13:25:59.400000+00:00,56.879769,-158.160254,6.89,0.41,8991,4.150799460294045
2023-04-25 14:40:26.190000+00:00,56.962158,-157.999414,6.58,0.54,8994,14.219471108308813
2023-04-25 15:37:36.640000+00:00,56.935868,-158.015267,2.45,0.27,8996,12.264474590845358
2023-04-25 16:42:03.130000+00:00,56.883984,-158.171924,5.98,0.0,8999,3.317744268741401
2023-04-25 17:11:54.760000+00:00,56.918852,-158.013883,7.23,0.13,9002,11.974091864321885
2023-04-25 17:22:31.440000+00:00,56.906038,-158.011572,2.94,0.01,9003,12.028416304980023
2023-04-25 17:30:23.320000+00:00,56.867342,-158.145475,4.82,0.27,9005,5.773672299317741
2023-04-25 17:52:03.280000+00:00,56.861328,-158.240137,2.62,0.1,9008,5.303617177401815
2023-04-25 18:11:07.360000+00:00,56.954207,-158.284342,20.24,0.48,9011,7.07821384545196
2023-04-25 18:41:17.720000+00:00,56.900277,-158.197493,7.12,0.65,9013,0.932650457263352
2023-04-25 18:43:01.100000+00:00,56.872286,-158.077523,4.81,2.07,9014,8.840298906751142
2023-04-25 18:59:21.120000+00:00,56.951074,-158.044466,4.47,0.42,9015,11.215345863392402
2023-04-25 19:13:14+00:00,56.882654,-158.162435,13.1,0.41,9016,3.8336702681298824
2023-04-25 19:31:00.640000+00:00,56.869788,-158.168083,6.51,0.23,9017,4.722537930171034
2023-04-25 20:26:12.840000+00:00,56.948755,-158.066178,5.07,0.44,9020,9.92524722059318
2023-04-25 21:12:03.600000+00:00,56.932446,-158.023242,8.03,0.26,9024,11.696045031429996
2023-04-25 21:39:07.920000+00:00,56.919381,-157.999463,4.31,2.45,9026,12.853141540379461
2023-04-25 21:49:00.520000+00:00,56.937712,-158.047054,4.89,0.19,9031,10.483157355352189
2023-04-25 22:04:38.440000+00:00,56.916972,-158.017562,2.46,0.3,9037,11.727913000895649
2023-04-25 22:09:04.520000+00:00,56.917896,-158.0146,0.61,0.16,9038,11.918389557574796
2023-04-25 22:15:27.240000+00:00,56.913713,-158.045996,10.43,0.39,9040,9.969092812256672
2023-04-25 22:19:05.140000+00:00,56.914453,-158.017676,3.83,0.54,9045,11.69495150229547
2023-04-25 22:21:38+00:00,56.920996,-158.013509,1.73,0.39,9047,12.027628835439447
2023-04-25 22:31:28.720000+00:00,56.920858,-158.008919,7.29,0.48,9053,12.302420603450335
2023-04-25 22:40:13.520000+00:00,56.901481,-158.09681,5.14,0.69,9059,6.852541691384889
2023-04-25 22:41:18.240000+00:00,56.932328,-158.024186,4.05,0.41,9061,11.637116392928164
2023-04-25 22:41:45.440000+00:00,56.922152,-157.999577,6.0,0.72,9062,12.885749269510976
2023-04-25 22:43:34.140000+00:00,56.942725,-157.958268,7.01,0.56,9064,15.812455436316093
2023-04-25 22:45:18.800000+00:00,56.945378,-158.039144,6.24,0.73,9065,11.242981488349411
2023-04-25 22:52:43.700000+00:00,56.923665,-158.19113,1.78,0.69,9069,2.2677238143316343
2023-04-25 23:05:01.720000+00:00,56.930115,-158.007031,4.27,0.21,9078,12.595567753768828
2023-04-25 23:07:20.400000+00:00,56.919747,-157.986882,3.59,1.4,9080,13.619004043468706
2023-04-25 23:10:05.060000+00:00,56.913778,-158.007666,2.62,0.87,9081,12.297226802714992
2023-04-25 23:45:57.380000+00:00,56.924516,-158.002279,5.49,0.48,9089,12.762781472074785
2023-04-25 23:55:48.600000+00:00,56.956116,-158.065592,5.15,0.64,9092,10.374554449937722
2023-04-26 00:05:27.450000+00:00,56.929016,-157.998714,4.78,0.19,9097,13.066150592630226
2023-04-26 00:10:41.110000+00:00,56.930379,-158.041536,2.89,0.82,9099,10.560368084459677
2023-04-26 00:25:49.150000+00:00,56.89974,-158.175309,7.06,0.31,9101,2.1608873898799716
2023-04-26 00:32:12.640000+00:00,56.938342,-158.009261,6.47,0.2,9102,12.692255056512707
2023-04-26 00:36:55.240000+00:00,56.917147,-158.032813,1.94,0.7,9104,10.806803238208609
2023-04-26 00:38:09.090000+00:00,56.869295,-158.123747,4.86,0.3,9106,6.597736096705189
2023-04-26 00:41:39.490000+00:00,56.885242,-158.05988,4.77,0.67,9107,9.37164126224141
2023-04-26 00:43:16.620000+00:00,56.886235,-158.029964,8.11,0.18,9108,11.126136524337674
2023-04-26 00:52:27.760000+00:00,56.925203,-157.989893,8.45,0.33,9111,13.519545838403037
2023-04-26 00:54:24.960000+00:00,56.917147,-158.031901,2.37,0.83,9112,10.861979833490576
2023-04-26 00:58:01.040000+00:00,56.920662,-158.04738,3.11,1.26,9113,9.982987297618726
2023-04-26 00:59:08.010000+00:00,56.940194,-157.962939,7.27,1.01,9114,15.46626696840026
2023-04-26 01:09:01.800000+00:00,56.924255,-158.043115,6.36,0.71,9116,10.311037149928959
2023-04-26 01:47:38.150000+00:00,56.907597,-158.00472,2.79,0.89,9117,12.447197278491483
2023-04-26 02:07:07.280000+00:00,56.934688,-158.002376,6.53,0.48,9119,12.988514976709258
2023-04-26 03:00:27.970000+00:00,56.943274,-158.009261,4.13,0.59,9120,12.859083447361547
2023-04-26 03:07:23.400000+00:00,56.82052,-158.176774,6.97,0.2,9121,9.697852973831942
2023-04-26 03:39:15.550000+00:00,56.924365,-158.050732,3.81,0.67,9124,9.859371233579498
2023-04-26 03:43:00.400000+00:00,56.906755,-158.056494,6.6,0.49,9125,9.292015509231273
2023-04-26 04:26:01.440000+00:00,56.928076,-158.007633,4.07,0.17,9127,12.513104045737546
2023-04-26 04:27:15.960000+00:00,56.935994,-158.014274,2.21,0.6,9128,12.32646381633219
2023-04-26 04:28:55.240000+00:00,56.940731,-157.9882,6.74,0.43,9129,13.99744800122343
2023-04-26 04:42:29.120000+00:00,56.933325,-158.012337,6.29,0.58,9133,12.363390081550401
2023-04-26 04:53:47.850000+00:00,56.930261,-158.079346,5.72,0.53,9136,8.35327745675962
2023-04-26 04:59:44.480000+00:00,56.925834,-158.034261,3.26,0.43,9139,10.874538188486541
2023-04-26 05:07:34.730000+00:00,56.950696,-158.04056,8.64,0.2,9140,11.409831636418591
2023-04-26 05:10:08.270000+00:00,56.914762,-158.031055,7.28,0.15,9141,10.885956614410885
2023-04-26 05:10:20.080000+00:00,56.906543,-158.013428,4.27,0.36,9142,11.915516431643674
2023-04-26 05:14:18.620000+00:00,56.92677,-158.09266,4.71,0.98,9149,7.46096123162832
2023-04-26 05:15:53.410000+00:00,56.940499,-158.014827,5.46,0.79,9152,12.439954917863693
2023-04-26 05:16:12.110000+00:00,56.916337,-158.029427,0.76,0.32,9153,11.001809896608266
2023-04-26 05:16:39.080000+00:00,56.90651,-158.00944,10.28,1.1,9154,12.158460433083864
2023-04-26 05:19:15.010000+00:00,56.943636,-157.976335,4.35,0.44,9156,14.781312175765828
2023-04-26 05:20:21.060000+00:00,56.916606,-158.051514,2.9,0.69,9157,9.668723359680703
2023-04-26 05:27:00.450000+00:00,56.925033,-158.099186,5.78,0.31,9159,7.02330020426697
2023-04-26 05:30:29.930000+00:00,56.912504,-158.187646,9.33,0.42,9160,1.499881573958742
2023-04-26 05:37:32.590000+00:00,56.930855,-158.064535,4.16,0.22,9161,9.230452664026455
2023-04-26 06:21:40.390000+00:00,56.900924,-158.20682,5.64,0.3,9164,0.558992560128834
2023-04-26 06:23:38.680000+00:00,56.908341,-158.019255,4.91,0.39,9165,11.56340411622327
2023-04-26 07:40:42.550000+00:00,56.931453,-158.063216,4.01,0.53,9170,9.327172446001443
2023-04-26 07:41:36.660000+00:00,56.941667,-158.01307,3.74,0.24,9171,12.582207690387413
2023-04-26 08:20:53.630000+00:00,56.911438,-158.015609,2.49,0.13,9172,11.798297825969517
2023-04-26 08:44:39.070000+00:00,56.858976,-158.21224,2.72,0.44,9173,5.217955951166143
2023-04-26 08:45:01.120000+00:00,56.934888,-158.105404,5.92,0.54,9174,7.092134713565068
2023-04-26 09:53:32.450000+00:00,56.907576,-158.043734,6.55,0.14,9177,10.0706394796591
2023-04-26 10:03:36.700000+00:00,56.877775,-158.114535,5.92,0.58,9179,6.548907546330073
2023-04-26 10:42:10.350000+00:00,56.88737,-158.026221,4.91,0.31,9181,11.326163681188666
2023-04-26 10:48:05.340000+00:00,56.943962,-158.083854,6.83,0.72,9183,8.725530282087105
2023-04-26 10:49:23.500000+00:00,56.871639,-158.140462,1.92,1.17,9184,5.6501082207190745
2023-04-26 10:57:25.360000+00:00,56.964604,-158.068669,4.54,0.34,9187,10.764021207837585
2023-04-26 11:14:32.650000+00:00,56.839303,-158.32487,14.03,0.65,9188,10.235118986307171
2023-04-26 11:17:10.650000+00:00,56.86014,-158.173877,4.65,0.14,9189,5.517049988973534
2023-04-26 11:18:39.490000+00:00,56.834656,-158.281738,11.44,1.04,9190,9.079716828441317
2023-04-26 11:39:59.040000+00:00,56.943502,-158.043197,3.62,0.28,9191,10.934690503654307
2023-04-26 11:59:53.500000+00:00,56.844824,-158.196549,6.08,0.11,9194,6.832454682535405
2023-04-26 12:16:27.690000+00:00,56.847375,-158.187337,6.43,0.14,9195,6.638798258438568
2023-04-26 12:58:18.520000+00:00,56.892102,-158.022152,3.75,0.22,9197,11.487640163036588
2023-04-26 13:07:29.690000+00:00,56.898796,-158.280827,6.02,-0.16,9199,4.4454717298383954
2023-04-26 13:35:31.420000+00:00,56.906779,-158.012142,0.37,1.45,9200,11.994036347635724
2023-04-26 13:56:19.240000+00:00,56.905587,-158.014583,2.14,-0.1,9201,11.845035874871195
2023-04-26 14:03:16.080000+00:00,56.92015,-158.177246,7.96,0.03,9202,2.5089734367323584
2023-04-26 14:08:11.910000+00:00,56.884058,-158.253304,2.69,-0.06,9204,3.6265864451603766
2023-04-26 14:09:40+00:00,56.872876,-158.024512,2.79,-0.19,9205,11.827592234240027
2023-04-26 14:54:47.260000+00:00,56.913749,-158.054867,5.71,-0.1,9208,9.43128602275158
2023-04-26 15:20:55.430000+00:00,56.906848,-158.009326,0.33,0.18,9212,12.165653636297764
2023-04-26 15:21:07.890000+00:00,56.88881,-158.028923,6.43,0.23,9213,11.135697372290448
2023-04-26 16:21:21.990000+00:00,56.888184,-158.041895,4.96,0.06,9222,10.37059876983097
2023-04-26 16:39:04.330000+00:00,56.926705,-158.144255,9.51,0.34,9224,4.579383941200539
2023-04-26 17:05:55.040000+00:00,56.895264,-158.032064,6.18,-0.03,9229,10.845106964942037
2023-04-26 17:14:23.680000+00:00,56.863794,-158.169499,4.95,0.41,9230,5.2611008453926384
2023-04-26 17:17:51.560000+00:00,56.931938,-158.032796,3.57,1.1,9232,11.119312809254925
2023-04-26 17:51:50.160000+00:00,56.886312,-158.234717,2.92,0.21,9236,2.676891487449263
2023-04-26 18:23:06.320000+00:00,56.943449,-158.049512,4.28,-0.09,9240,10.578310543762054
2023-04-26 18:50:42.400000+00:00,56.858268,-158.184538,5.64,-0.1,9242,5.49913237048801
2023-04-26 19:19:15+00:00,56.900964,-158.082324,5.28,0.66,9243,7.73707992787346
2023-04-26 19:31:48.680000+00:00,56.913302,-157.993294,7.6,-0.03,9246,13.167234054973086
2023-04-26 19:35:41.320000+00:00,56.893164,-158.00721,0.8,1.62,9248,12.376508344752752
2023-04-26 19:47:09.280000+00:00,56.952026,-158.089355,5.62,0.59,9254,8.920136553459727
2023-04-26 19:58:45.720000+00:00,56.907878,-158.27832,5.4,-0.07,9259,4.2295835151103605
2023-04-26 20:31:44.840000+00:00,56.916553,-158.059798,6.61,-0.11,9263,9.16746071372566
2023-04-26 20:47:18.800000+00:00,56.827047,-158.435645,2.12,0.46,9267,16.370210632326362
2023-04-26 20:50:10.620000+00:00,56.908044,-158.003532,1.67,-0.18,9268,12.520385624480454
2023-04-26 20:54:54.240000+00:00,56.880566,-158.232178,3.12,-0.44,9269,3.145092570752493
2023-04-26 20:56:40.840000+00:00,56.900224,-158.03055,4.32,-0.0,9270,10.890705123664485
2023-04-26 21:04:32.320000+00:00,56.926794,-158.024479,4.04,0.06,9274,11.479483734895956
2023-04-26 21:17:51.400000+00:00,56.914661,-158.024023,6.72,-0.17,9279,11.311626767669845
2023-04-26 21:18:27.640000+00:00,56.861869,-158.205208,4.61,-0.14,9280,4.897517801000502
2023-04-26 21:21:01.500000+00:00,56.911503,-158.005811,1.41,0.03,9281,12.394754738513534
2023-04-26 21:32:40.480000+00:00,56.871651,-158.139274,0.65,0.25,9283,5.702966094570645
2023-04-26 21:43:23.360000+00:00,56.956702,-158.072591,4.89,0.16,9285,10.055148892243153
2023-04-26 21:43:34.480000+00:00,56.886056,-158.054085,5.65,0.47,9286,9.693425243926676
2023-04-26 21:44:47.640000+00:00,56.934941,-157.998665,1.76,0.06,9287,13.21444787724576
2023-04-26 21:53:56+00:00,56.920561,-158.049935,2.96,0.18,9290,9.827666217399472
2023-04-26 21:56:24.200000+00:00,56.943066,-158.021387,3.72,-0.04,9291,12.155097213308233
2023-04-26 22:07:09.480000+00:00,56.86215,-158.18387,6.0,0.17,9295,5.09646416489133
2023-04-26 22:29:41.660000+00:00,56.908704,-158.012012,0.41,0.13,9300,12.005508541049698
2023-04-26 22:50:56.360000+00:00,56.939034,-158.014648,5.86,0.12,9303,12.40087636069369
2023-04-26 23:12:42.840000+00:00,56.954468,-158.109456,5.89,-0.05,9306,8.130548391394727
2023-04-26 23:15:30.560000+00:00,56.901477,-158.007715,0.4,-0.14,9308,12.273568279699306
2023-04-26 23:17:19+00:00,56.940458,-158.027767,2.19,0.45,9309,11.691981416888416
2023-04-26 23:28:52.660000+00:00,56.953288,-158.090088,5.36,0.02,9310,8.965790248011848
2023-04-26 23:43:05.440000+00:00,56.951139,-158.057048,4.34,0.15,9316,10.540101926093815
2023-04-26 23:51:54.920000+00:00,56.963041,-158.09113,5.77,0.1,9317,9.598110665443341
2023-04-26 23:54:48.720000+00:00,56.943726,-158.092692,5.77,0.01,9319,8.246177440818922
2023-04-26 23:55:07.580000+00:00,56.884566,-158.254183,2.34,-0.03,9320,3.6295242469160787
2023-04-27 00:11:29.970000+00:00,56.951912,-158.233415,22.3,0.83,9321,5.345822884423792
2023-04-27 00:16:14.060000+00:00,56.935763,-158.035465,2.76,0.57,9322,11.082699176852708
2023-04-27 00:22:55.080000+00:00,56.97832,-158.03916,9.93,0.12,9323,13.118043875410693
2023-04-27 00:23:35.800000+00:00,56.94434,-158.034701,3.43,0.22,9324,11.448670899008388
2023-04-27 00:24:31.530000+00:00,56.964559,-157.99681,6.78,0.04,9325,14.480360921769206
2023-04-27 00:27:15.820000+00:00,56.903068,-158.278076,4.72,0.2,9326,4.219635375800672
2023-04-27 00:35:57.030000+00:00,56.877958,-158.093506,6.19,0.43,9327,7.691714685568129
2023-04-27 00:49:50.830000+00:00,56.935213,-158.021403,8.21,-0.17,9328,11.885206986352326
2023-04-27 00:57:01.150000+00:00,56.864067,-158.170036,3.81,-0.22,9329,5.219106753000471
2023-04-27 01:01:11.720000+00:00,56.924536,-158.051253,6.51,0.1,9330,9.832346266114936
2023-04-27 01:05:43.330000+00:00,56.878101,-158.092855,6.28,0.24,9331,7.721655167587305
2023-04-27 01:14:32.120000+00:00,56.916711,-158.161621,9.28,0.08,9333,3.1315024089333563
2023-04-27 01:16:14.260000+00:00,56.884941,-158.204753,4.58,0.16,9334,2.3371919215783983
2023-04-27 01:25:10.130000+00:00,56.883451,-158.215739,4.34,0.24,9336,2.522399632830942
2023-04-27 01:51:41.860000+00:00,56.935563,-158.106576,4.95,0.08,9338,7.063619075528091
2023-04-27 01:53:59.610000+00:00,56.907393,-158.306331,6.54,0.29,9339,5.932480673605711
2023-04-27 02:07:05.940000+00:00,56.941374,-158.052018,4.22,1.05,9340,10.347981069610547
2023-04-27 02:39:28.440000+00:00,56.940491,-158.366683,10.63,0.37,9344,10.350434707813637
2023-04-27 03:38:55.780000+00:00,56.9547,-158.088411,5.58,0.16,9346,9.14112044355678
2023-04-27 04:44:31.310000+00:00,56.941073,-158.036589,3.48,0.97,9351,11.209996064382493
2023-04-27 04:45:20.890000+00:00,56.937581,-158.043164,3.83,1.2,9352,10.70151481069532
2023-04-27 05:24:32.370000+00:00,56.884721,-158.175895,4.97,0.03,9356,3.0951966219947002
2023-04-27 06:01:23.780000+00:00,56.931991,-158.061523,4.38,0.15,9359,9.44365096208048
2023-04-27 06:09:13.630000+00:00,56.906995,-158.094124,6.93,0.33,9361,7.000047557376141
2023-04-27 06:16:52.840000+00:00,56.937569,-158.068245,5.21,0.35,9363,9.273291124692241
2023-04-27 06:27:03.150000+00:00,56.922652,-158.051514,2.62,0.72,9364,9.77460896499062
2023-04-27 06:28:12.890000+00:00,56.912419,-158.098649,1.76,-0.07,9365,6.762897895450304
2023-04-27 06:41:11.340000+00:00,56.946073,-157.948812,2.7,0.4,9368,16.466084009774807
2023-04-27 07:04:03.890000+00:00,56.868266,-158.155078,5.39,0.42,9370,5.317284871874946
2023-04-27 07:15:28.170000+00:00,56.917285,-157.979167,2.53,1.55,9373,14.058863994271276
2023-04-27 07:18:13.760000+00:00,56.925183,-158.03807,3.84,0.45,9374,10.632711370086055
2023-04-27 07:27:19.180000+00:00,56.886007,-158.198112,6.08,0.61,9376,2.3018197279195176
2023-04-27 07:57:44.230000+00:00,56.972693,-157.943929,7.3,0.55,9378,17.7716927393614
2023-04-27 08:27:27.140000+00:00,56.92631,-158.02985,2.65,1.16,9384,11.14830136330183
2023-04-27 08:28:47.310000+00:00,56.931946,-158.054964,4.21,0.31,9386,9.822887039936408
2023-04-27 08:29:29.720000+00:00,56.934892,-158.036393,3.92,0.4,9387,10.99997953681935
2023-04-27 08:40:50.660000+00:00,56.923104,-158.0132,3.4,0.62,9389,12.081143651927485
2023-04-27 09:21:51.180000+00:00,56.892582,-158.192952,5.29,0.12,9395,1.7671683096947859
2023-04-27 09:39:06.380000+00:00,56.921545,-158.034619,8.58,0.11,9397,10.765773102931785
2023-04-27 09:39:56.710000+00:00,56.877421,-158.244368,3.79,0.0,9398,3.8254145943093083
2023-04-27 09:41:18.890000+00:00,56.856112,-158.191406,4.88,0.3,9399,5.636153555628485
2023-04-27 09:56:26.710000+00:00,56.953756,-158.061003,4.11,0.46,9400,10.474618243205676
2023-04-27 10:10:07.830000+00:00,56.94436,-158.066943,4.33,0.3,9403,9.657568663159733
2023-04-27 10:16:03.140000+00:00,56.933301,-157.999609,0.7,0.15,9404,13.115152606805083
2023-04-27 11:03:42.710000+00:00,56.943856,-158.042122,3.51,0.41,9406,11.010232229266691
2023-04-27 11:10:53.260000+00:00,56.879976,-158.103874,5.96,0.45,9407,7.02284535759762
2023-04-27 11:20:34.020000+00:00,56.950557,-158.064209,4.76,0.08,9408,10.12751223664913
2023-04-27 11:28:11.340000+00:00,56.923059,-158.007926,0.52,0.46,9411,12.397613569149328
2023-04-27 11:34:36.960000+00:00,56.889567,-158.000456,4.54,0.23,9412,12.83634981132298
2023-04-27 11:59:12.910000+00:00,56.880001,-158.110889,6.11,0.04,9416,6.633893674319661
2023-04-27 12:13:25.010000+00:00,56.942839,-158.056787,4.35,0.46,9419,10.14535775291594
2023-04-27 12:29:51.040000+00:00,56.852572,-158.215869,0.7,0.14,9420,5.942124695868831
2023-04-27 13:15:19.460000+00:00,56.946875,-158.047689,4.32,1.16,9425,10.835359358910418
2023-04-27 13:15:26.040000+00:00,56.945935,-158.0882,4.13,1.01,9426,8.607213405252907
2023-04-27 13:21:29.820000+00:00,56.947286,-158.021273,2.44,0.5,9427,12.329293959654475
2023-04-27 13:28:37.230000+00:00,56.871269,-158.031755,5.49,0.36,9429,11.467660283152803
2023-04-27 14:01:06.510000+00:00,56.899109,-158.06766,4.11,0.53,9433,8.64417218746694
2023-04-27 14:11:26.660000+00:00,56.864368,-158.140446,6.15,0.54,9435,6.225034043775208
2023-04-27 14:52:42.250000+00:00,56.913359,-158.176839,6.09,0.22,9437,2.132403494524893
2023-04-27 15:15:39.390000+00:00,56.903109,-158.011523,2.32,0.2,9439,12.035574486503025
2023-04-27 15:18:46.390000+00:00,56.888403,-158.116553,7.11,0.47,9440,5.957492540375251
2023-04-27 15:31:54.140000+00:00,56.967216,-158.110238,5.38,0.26,9442,9.106112518503211
2023-04-27 15:43:39.230000+00:00,56.928845,-158.013558,2.26,0.22,9443,12.177238963402692
2023-04-27 15:44:14.580000+00:00,56.912093,-158.032015,3.42,0.03,9444,10.804766139672513
2023-04-27 15:46:12.030000+00:00,56.915605,-158.170345,9.5,1.02,9445,2.5955979416431614
2023-04-27 16:21:33.510000+00:00,56.916764,-158.159912,9.93,0.34,9447,3.2299304343043564
2023-04-27 16:46:31.990000+00:00,56.955782,-158.068864,5.45,0.43,9450,10.187122975852862
2023-04-27 17:25:06.360000+00:00,56.956026,-158.064469,4.21,0.33,9453,10.426793078045621
2023-04-27 17:56:29.600000+00:00,56.911466,-158.225765,6.01,0.09,9454,1.2005178249245314
2023-04-27 17:59:47.820000+00:00,56.905046,-158.192757,7.09,0.35,9455,0.9931808759198162
2023-04-27 18:51:08.480000+00:00,56.907308,-158.009814,2.3,0.26,9461,12.136449836032487
2023-04-27 18:53:26.160000+00:00,56.894706,-158.039144,1.51,1.49,9462,10.423588065920066
2023-04-27 18:57:33.100000+00:00,56.856714,-158.207617,4.28,0.29,9463,5.466756583587906
2023-04-27 19:16:00.600000+00:00,56.882182,-158.210026,4.43,0.49,9467,2.6307958620183323
2023-04-27 19:45:29.440000+00:00,56.902584,-158.033366,4.27,0.14,9468,10.70706375838305
2023-04-27 19:47:51+00:00,56.922473,-158.030664,5.17,0.21,9470,11.020342657287799
2023-04-27 19:50:45.120000+00:00,56.878215,-158.101237,5.75,0.26,9471,7.250791183173228
2023-04-27 19:59:14.800000+00:00,56.923946,-157.960303,2.24,0.06,9473,15.282525262093426
2023-04-27 20:18:53.680000+00:00,56.949959,-158.006559,7.24,0.39,9475,13.271240447441254
2023-04-27 20:30:30.380000+00:00,56.929871,-158.020394,5.83,0.27,9477,11.795841193828164
2023-04-27 20:36:40.660000+00:00,56.926676,-158.018262,6.59,0.08,9480,11.847899579373898
2023-04-27 21:06:49.180000+00:00,56.925228,-158.006364,5.89,0.08,9481,12.530698501357703
2023-04-27 21:43:52.800000+00:00,56.908557,-158.060824,5.22,0.59,9488,9.03260413899039
2023-04-27 21:50:48.840000+00:00,56.900277,-158.22832,6.13,-0.05,9490,1.3281541293229568
2023-04-27 21:52:10.680000+00:00,56.9007,-158.238721,3.47,0.33,9491,1.8978619679621518
2023-04-27 21:57:44.840000+00:00,56.866838,-158.070785,2.02,0.22,9492,9.47675351090364
2023-04-27 22:18:10.160000+00:00,56.884981,-158.125391,6.39,-0.1,9495,5.59798068969119
2023-04-27 22:18:56.520000+00:00,56.884318,-158.108968,6.94,-0.07,9496,6.548817534346229
2023-04-27 22:33:58.100000+00:00,56.855021,-158.216536,3.25,-0.03,9498,5.673268887342618
2023-04-27 22:51:56.040000+00:00,56.876632,-158.216976,3.38,0.07,9501,3.284265523474579
2023-04-27 22:55:55.400000+00:00,56.907711,-158.067301,5.0,0.01,9503,8.635504387135239
2023-04-27 22:56:06.280000+00:00,56.898368,-158.02028,3.63,0.46,9504,11.528771337309557
2023-04-27 22:59:54.560000+00:00,56.888713,-158.019564,2.54,0.17,9505,11.699905357466864
2023-04-27 23:06:21.520000+00:00,56.903581,-158.012907,2.51,0.09,9507,11.949999043438615
2023-04-27 23:20:04.720000+00:00,56.957882,-158.022363,7.8,0.34,9508,12.757608668505549
2023-04-27 23:28:16.760000+00:00,56.885368,-158.11766,6.74,-0.16,9510,6.0135181779455715
2023-04-27 23:38:26.200000+00:00,56.888542,-158.032357,3.73,-0.08,9511,10.934775323769445
2023-04-27 23:40:36.040000+00:00,56.923767,-158.024268,2.82,-0.09,9512,11.428707830054202
2023-04-27 23:57:30.640000+00:00,56.880062,-158.100114,6.04,0.09,9515,7.228711258893581
2023-04-28 00:13:03.430000+00:00,56.973002,-158.04484,2.97,0.37,9520,12.484174849972717
2023-04-28 00:27:11.010000+00:00,56.8566,-158.1757,5.63,0.49,9522,5.842841767361969
2023-04-28 01:09:22.230000+00:00,56.975448,-158.10459,3.32,0.19,9526,10.02718249084562
2023-04-28 02:00:35.830000+00:00,56.926383,-158.042871,2.05,0.38,9534,10.375084697926
2023-04-28 02:33:46.600000+00:00,56.855859,-158.212288,2.8,0.27,9537,5.564928381201298
2023-04-28 03:24:31.730000+00:00,56.940137,-158.030404,1.33,0.53,9541,11.528656804225058
2023-04-28 03:30:54.310000+00:00,56.947648,-158.035352,3.76,1.24,9545,11.55508051913315
2023-04-28 03:41:11.390000+00:00,56.956344,-158.06193,4.8,0.47,9548,10.576353102957809
2023-04-28 03:59:49.910000+00:00,56.859245,-158.18501,4.66,0.12,9550,5.38660488164634
2023-04-28 04:13:44.130000+00:00,56.885038,-158.026872,4.61,0.35,9551,11.337583395321131
2023-04-28 04:36:47.770000+00:00,56.890609,-158.196875,8.41,0.47,9552,1.8459632609413956
2023-04-28 04:41:55.290000+00:00,56.886475,-158.045605,5.38,0.74,9554,10.187402750280901
2023-04-28 04:44:30.410000+00:00,56.89338,-158.190169,4.78,0.45,9555,1.797105599960268
2023-04-28 05:30:45.820000+00:00,56.949654,-158.06735,5.43,0.19,9561,9.911628181291082
2023-04-28 05:39:06.710000+00:00,56.902555,-158.226367,7.14,0.52,9562,1.118142580478781
2023-04-28 05:46:17.390000+00:00,56.931278,-158.009326,2.66,1.74,9564,12.487694680852623
2023-04-28 05:54:47.280000+00:00,56.858761,-158.19707,3.84,0.96,9566,5.288408352542675
2023-04-28 06:00:04.390000+00:00,56.952934,-158.072738,5.3,0.45,9567,9.81751151138752
2023-04-28 06:10:04.860000+00:00,56.84718,-158.156527,6.31,2.0,9568,7.269697316326125
2023-04-28 06:24:20.670000+00:00,56.92441,-158.045199,3.54,0.64,9571,10.190153822712542
2023-04-28 06:36:02.140000+00:00,56.89012,-158.015365,0.76,0.58,9574,11.928296944977241
2023-04-28 06:48:13.190000+00:00,56.926404,-158.057536,3.2,0.31,9575,9.506536937370356
2023-04-28 06:48:29.750000+00:00,56.861169,-158.183919,4.22,0.74,9576,5.199884111465129
2023-04-28 06:53:50.660000+00:00,56.924626,-158.029199,2.48,1.18,9579,11.15058282206333
2023-04-28 07:18:59.260000+00:00,56.890731,-158.020947,0.95,0.07,9584,11.581764096983447
2023-04-28 10:13:00.220000+00:00,56.840975,-158.188639,6.57,0.73,9595,7.3247506723203095
2023-04-28 12:20:20.740000+00:00,56.900594,-158.018913,1.77,0.42,9614,11.596476213757825
2023-04-28 12:35:09.420000+00:00,56.887577,-158.089225,5.2,0.56,9615,7.575981322198045
2023-04-28 13:49:04.880000+00:00,56.903475,-158.032682,3.52,0.21,9619,10.7457393088139
2023-04-28 14:10:20.470000+00:00,56.886373,-158.028483,3.66,0.15,9620,11.211662266167519
2023-04-28 14:32:24.110000+00:00,56.924113,-158.058854,4.72,0.64,9621,9.370110698960485
2023-04-28 15:17:43.550000+00:00,56.926477,-158.043376,3.87,0.68,9625,10.347399903303952
2023-04-28 15:27:39.450000+00:00,56.950354,-158.061247,5.2,0.27,9627,10.273982393202171
2023-04-28 15:34:07.880000+00:00,56.930318,-158.030729,3.76,1.49,9628,11.195732216635118
2023-04-28 15:38:38.100000+00:00,56.941402,-158.06403,5.67,0.47,9629,9.677541840097748
2023-04-28 15:39:48+00:00,56.937964,-158.099512,5.29,0.42,9631,7.568872355119445
2023-04-28 16:12:02.750000+00:00,56.946277,-158.12679,5.87,0.11,9633,6.7362529587549265
2023-04-28 16:25:29.530000+00:00,56.944051,-158.07041,4.97,0.79,9636,9.453406528194435
2023-04-28 16:52:30.700000+00:00,56.943693,-158.072786,5.3,0.13,9637,9.306360454450324
2023-04-28 16:53:36.530000+00:00,56.93949,-158.065951,5.03,0.5,9638,9.484933778581151
2023-04-28 16:56:00.960000+00:00,56.89412,-158.028125,5.15,0.57,9639,11.09812388969462
2023-04-28 16:59:17.310000+00:00,56.950431,-158.060433,5.26,0.2,9640,10.321529591890659
2023-04-28 17:11:01.360000+00:00,56.88418,-158.174284,6.31,0.12,9642,3.2050827289156656
2023-04-28 18:21:02.780000+00:00,56.914323,-158.013818,3.75,0.82,9647,11.928051839463317
2023-04-28 19:09:14.380000+00:00,56.908423,-158.031592,3.99,0.58,9649,10.812262253302203
2023-04-28 19:21:37.720000+00:00,56.953031,-158.040967,4.53,0.19,9650,11.50380851909159
2023-04-28 21:18:47.900000+00:00,56.940116,-158.003646,3.93,0.52,9656,13.076410814442593
2023-04-28 21:21:19.200000+00:00,56.929057,-158.066309,5.61,0.81,9657,9.068519941427938
2023-04-28 21:22:59.440000+00:00,56.931966,-158.073161,5.38,0.61,9658,8.771306903514931
2023-04-28 21:30:34+00:00,56.933875,-158.022201,3.27,0.43,9660,11.798338542497953
2023-04-28 21:32:33.600000+00:00,56.947009,-158.000195,6.43,0.3,9661,13.517355952618304
2023-04-28 21:37:09.440000+00:00,56.927315,-158.037484,3.63,0.68,9662,10.717933657106942
2023-04-28 21:38:49.720000+00:00,56.863725,-158.173275,3.81,0.87,9663,5.166774858662415
2023-04-28 22:27:43.480000+00:00,56.883016,-158.185042,6.29,0.51,9666,2.927315969940089
2023-04-29 00:31:13.950000+00:00,56.941606,-158.059635,5.02,0.52,9673,9.931374714890028
2023-04-29 00:44:47.290000+00:00,56.947282,-158.018424,2.1,0.29,9674,12.490140743853367
2023-04-29 01:09:58.600000+00:00,56.955465,-158.038314,4.65,0.41,9675,11.772282955609013
2023-04-29 01:15:53.610000+00:00,56.905436,-158.012533,4.03,0.46,9676,11.970002723987122
2023-04-29 01:36:28.250000+00:00,56.892855,-158.247575,3.62,0.4,9677,2.757425074235687
2023-04-29 01:42:16.070000+00:00,56.951758,-158.060596,5.07,0.67,9681,10.384715894228666
2023-04-29 02:31:07.450000+00:00,56.890129,-158.017741,2.68,0.95,9684,11.784936302244613
2023-04-29 03:18:01.770000+00:00,56.892456,-158.130062,8.63,1.52,9687,5.034497740648159
2023-04-29 03:31:10+00:00,56.940515,-158.00498,2.88,0.9,9691,13.011809504419137
2023-04-29 03:50:05.540000+00:00,56.963493,-158.010758,3.12,0.14,9693,13.672208078469785
2023-04-29 03:51:18.050000+00:00,56.88433,-158.083789,5.51,0.83,9694,7.996531785844977
2023-04-29 04:43:32.060000+00:00,56.924264,-158.068962,3.66,0.83,9697,8.774115913644655
2023-04-29 04:44:55.380000+00:00,56.906108,-158.008675,0.64,0.71,9698,12.204924747431747
2023-04-29 04:58:38.850000+00:00,56.8625,-158.105745,3.22,1.04,9700,7.929099202822649
2023-04-29 05:42:38.070000+00:00,56.904211,-158.014518,0.77,0.34,9703,11.850511305973567
2023-04-29 07:36:09.950000+00:00,56.930741,-158.016276,2.72,1.97,9705,12.062031009227683
2023-04-29 07:45:39.530000+00:00,56.93123,-158.012467,2.11,1.76,9707,12.300247987378034
2023-04-29 08:01:04.120000+00:00,56.955542,-158.059489,4.08,0.34,9712,10.655856328598254
2023-04-29 08:01:37.690000+00:00,56.851965,-158.238867,0.82,0.57,9713,6.265403277074475
2023-04-29 08:25:25.270000+00:00,56.930363,-158.064095,3.93,0.34,9722,9.23968892674744
2023-04-29 08:36:27.930000+00:00,56.957039,-158.049382,3.97,0.36,9724,11.26943280840499
2023-04-29 10:18:01.920000+00:00,56.906653,-158.046305,5.29,1.37,9730,9.912638686270759
2023-04-29 11:23:31.990000+00:00,56.875704,-158.056494,5.77,0.98,9734,9.880989145820688
2023-04-29 11:50:15.400000+00:00,56.890511,-158.199447,4.8,0.53,9735,1.7993266385624302
2023-04-29 12:24:05.680000+00:00,56.955693,-158.065381,4.94,0.34,9737,10.36007230712935
2023-04-29 12:34:43.590000+00:00,56.908346,-158.008838,4.23,0.41,9738,12.197876393751152
2023-04-29 13:42:38.100000+00:00,56.941207,-158.079736,4.09,0.1,9739,8.804027913427678
2023-04-29 13:52:02.550000+00:00,56.919515,-157.986963,0.58,0.39,9740,13.61122076978493
2023-04-29 14:47:31.430000+00:00,56.869963,-158.1354,2.73,2.5,9742,6.004381519964426
2023-04-29 17:08:27.940000+00:00,56.903292,-158.299919,2.56,0.18,9745,5.5465205172755185
2023-04-29 17:14:01.760000+00:00,56.950208,-158.064258,5.43,0.89,9746,10.105876328831581
2023-04-29 18:01:28+00:00,56.88783,-158.163086,6.64,0.22,9752,3.4399544660049766
2023-04-29 18:17:01.340000+00:00,56.895955,-158.064225,4.6,0.84,9753,8.88953189033171
2023-04-29 18:28:34.880000+00:00,56.945251,-158.025179,3.2,1.71,9754,12.02475762990267
2023-04-29 18:32:13.240000+00:00,56.918831,-158.015316,0.56,1.09,9755,11.887168484062114
2023-04-29 19:27:47.680000+00:00,56.907113,-158.267106,3.44,0.18,9757,3.543101870314593
2023-04-29 19:40:32.320000+00:00,56.886047,-158.185514,10.15,0.24,9758,2.624316336755107
2023-04-29 19:59:05.160000+00:00,56.930644,-158.080518,6.92,0.38,9761,8.2999116257843
2023-04-29 20:38:39.760000+00:00,56.889115,-158.020964,2.82,0.3,9764,11.608424327841835
2023-04-29 21:18:41.160000+00:00,56.945667,-158.067578,5.59,0.68,9767,9.688636347655459
2023-04-29 22:17:37.960000+00:00,56.909041,-158.013346,0.69,0.09,9768,11.9252897412227
2023-04-29 22:18:41.960000+00:00,56.899166,-158.072314,11.63,0.16,9769,8.361120607246049
2023-04-29 22:50:04.700000+00:00,56.873271,-158.244694,1.64,0.12,9770,4.225499224460377
2023-04-29 23:34:10.040000+00:00,56.901701,-158.010352,2.4,0.31,9773,12.112021606043816
2023-04-30 01:40:03.920000+00:00,56.893583,-158.203451,5.96,0.52,9776,1.4018519311090307
2023-04-30 01:45:36.430000+00:00,56.916353,-158.02137,6.77,1.16,9777,11.490117754048093
2023-04-30 02:01:32.470000+00:00,56.881278,-158.088216,6.06,0.93,9778,7.851425840873619
2023-04-30 03:12:23.490000+00:00,56.942643,-158.118604,6.09,0.85,9780,6.865477875975707
2023-04-30 03:47:41.760000+00:00,56.942,-158.033626,2.54,0.72,9781,11.415090470394764
2023-04-30 04:59:17.580000+00:00,56.879028,-158.229134,4.61,0.49,9782,3.2239437700349325
2023-04-30 06:42:58.260000+00:00,56.882898,-158.218945,5.31,0.62,9787,2.6213509621720967
2023-04-30 08:39:31.160000+00:00,56.861475,-158.189811,3.85,0.82,9789,5.072658427306458
2023-04-30 10:43:17.040000+00:00,56.945378,-158.069466,5.75,1.14,9790,9.571762557883218
2023-04-30 11:25:53.380000+00:00,56.858297,-158.049316,4.12,2.41,9791,11.079392181101504
2023-04-30 12:24:40.600000+00:00,56.87017,-158.081006,6.05,1.63,9792,8.752771726297565
2023-04-30 21:06:23.360000+00:00,56.995426,-158.058496,6.73,0.81,9800,13.54595194462346
2023-04-30 21:21:59.400000+00:00,56.941488,-158.008708,2.27,0.67,9802,12.82821434518522
2023-04-30 21:22:56.360000+00:00,56.876929,-158.097428,6.16,1.08,9803,7.5219200282921355
2023-04-30 23:10:00.160000+00:00,56.939714,-158.007861,5.78,0.58,9805,12.817953519781426
2023-04-30 23:19:25.480000+00:00,56.943628,-158.052425,5.45,0.85,9806,10.423706281704435
2023-04-30 23:41:58.840000+00:00,56.907052,-158.000195,4.53,0.4,9807,12.722126867494211
2023-05-01 00:36:30.070000+00:00,56.904793,-158.200049,4.37,0.91,9808,0.556762593905192
2023-05-01 00:41:31+00:00,56.93505,-157.995622,5.37,0.62,9810,13.397102160648407
2023-05-01 00:57:43.840000+00:00,56.910079,-157.995573,3.73,0.89,9811,13.011158499651392
2023-05-01 01:11:04.100000+00:00,56.91901,-158.095052,5.58,1.14,9813,7.095297705363614
2023-05-01 01:20:48.520000+00:00,56.869417,-158.042318,7.99,3.31,9816,10.938163055302782
2023-05-01 01:42:53.450000+00:00,56.878422,-158.058773,6.8,1.04,9817,9.650268920975616
2023-05-01 02:00:22.970000+00:00,56.962817,-157.972754,3.96,1.13,9818,15.721618779471115
2023-05-01 02:35:38.860000+00:00,56.895992,-158.024837,2.31,0.47,9819,11.27474395177477
2023-05-01 02:44:38.880000+00:00,56.904537,-158.290739,0.97,0.85,9820,4.98207121068325
2023-05-01 02:54:27.300000+00:00,56.954399,-158.098926,5.62,0.84,9822,8.614248773208725
2023-05-01 09:44:38.740000+00:00,56.87124,-158.128092,2.3,1.46,9826,6.255583195143948
2023-05-01 17:23:55.280000+00:00,56.948067,-158.059847,4.43,0.63,9834,10.229299345970572
2023-05-01 18:44:06.400000+00:00,56.887382,-158.138216,7.7,0.51,9837,4.776390454338982
2023-05-01 19:15:57.320000+00:00,56.886877,-158.234993,2.65,0.11,9840,2.6362082841634265
2023-05-01 20:05:22.840000+00:00,56.883553,-158.208431,4.4,0.68,9841,2.4776238219447846
2023-05-01 23:08:59.320000+00:00,56.915129,-157.98138,4.54,0.67,9849,13.905023055515546
2023-05-02 00:35:10.590000+00:00,56.917069,-158.161198,4.78,0.6,9851,3.1708197263989772
2023-05-02 00:37:35.370000+00:00,56.928829,-158.036898,3.51,0.75,9852,10.791337126569047
2023-05-02 02:15:24.150000+00:00,56.933879,-158.05,4.3,1.59,9861,10.175856061852835
2023-05-02 02:22:21.270000+00:00,56.91239,-158.002295,4.0,0.31,9863,12.61388801623616
2023-05-02 02:47:00.600000+00:00,56.907576,-158.009766,0.65,0.47,9865,12.139779978190399
2023-05-02 03:05:48.660000+00:00,56.913013,-158.191813,9.18,0.48,9866,1.319637013000634
2023-05-02 03:30:25.740000+00:00,56.911576,-158.027946,6.31,0.55,9867,11.048716355185299
2023-05-02 04:28:10.320000+00:00,56.908647,-158.17876,7.51,0.85,9871,1.869401297240681
2023-05-02 04:40:33.450000+00:00,56.877783,-158.110872,6.09,0.56,9872,6.745608571685461
2023-05-02 04:40:53.720000+00:00,56.93984,-158.04458,4.9,0.6,9873,10.706345747862457
2023-05-02 05:06:41.840000+00:00,56.895402,-158.262419,3.82,0.47,9876,3.4548542183670903
2023-05-02 05:13:05.560000+00:00,56.905391,-158.082161,6.12,1.1,9878,7.727924061687089
2023-05-02 05:53:40.470000+00:00,56.907849,-158.008919,0.37,0.72,9883,12.191862505786666
2023-05-02 06:31:59.100000+00:00,56.958447,-158.062907,4.02,0.49,9885,10.652894459970216
2023-05-02 06:37:24.950000+00:00,56.961707,-158.242497,14.88,0.77,9887,6.55121856350047
2023-05-02 07:10:17.590000+00:00,56.891496,-158.030436,4.03,0.34,9888,10.99717343059967
2023-05-02 07:10:25.390000+00:00,56.886137,-158.024154,3.96,0.8,9889,11.475653177776934
2023-05-02 07:10:46.590000+00:00,56.889677,-158.01652,2.2,1.07,9890,11.866108383267967
2023-05-02 08:17:23.410000+00:00,56.875167,-158.107161,6.03,0.54,9893,7.0827345374486885
2023-05-02 10:28:03.420000+00:00,56.89904,-158.04082,2.28,1.05,9899,10.275011718263391
2023-05-02 13:13:51.580000+00:00,56.919132,-158.037598,3.44,0.67,9903,10.545939115816159
2023-05-02 13:36:32.770000+00:00,56.908606,-158.193978,7.73,1.89,9907,0.9670638282117023
2023-05-02 13:51:25.320000+00:00,56.851986,-158.225081,2.4,0.58,9908,6.072279449139293
2023-05-02 14:43:09.240000+00:00,56.867554,-158.145394,5.0,0.8,9910,5.759498414899264
2023-05-02 15:01:55.850000+00:00,56.935221,-158.066178,4.76,0.46,9911,9.29467217738563
2023-05-02 15:29:16.430000+00:00,56.905221,-158.214388,6.16,0.39,9912,0.33454202247582776
2023-05-02 15:37:05.230000+00:00,56.895304,-158.295443,4.31,0.59,9913,5.395455349396056
2023-05-02 15:56:24.850000+00:00,56.890792,-158.229915,4.23,0.55,9914,2.1017862085247225
2023-05-02 16:46:04.540000+00:00,56.876619,-158.095101,5.95,1.06,9917,7.66497802386586
2023-05-02 16:56:57.950000+00:00,56.853088,-158.314681,4.81,0.67,9918,8.716112312340927
2023-05-02 17:10:21.040000+00:00,56.879008,-158.156266,6.76,0.84,9920,4.385327929580885
2023-05-02 17:14:17.640000+00:00,56.864201,-158.213216,3.71,0.59,9921,4.639497563587074
2023-05-02 20:19:42.480000+00:00,56.949382,-158.031608,4.08,0.6,9926,11.841645907550264
2023-05-02 20:29:26.720000+00:00,56.875932,-158.095394,5.24,0.89,9927,7.681678863026293
2023-05-02 20:32:05.500000+00:00,56.882048,-158.184391,6.69,0.34,9928,3.0406045340317527
2023-05-02 20:49:31.800000+00:00,56.878048,-158.083219,5.77,2.02,9929,8.26560011442513
2023-05-02 22:08:15.760000+00:00,56.851685,-158.227507,0.82,0.63,9931,6.130852795073072
2023-05-02 22:25:01.520000+00:00,56.868083,-158.133203,3.21,1.81,9932,6.244033203965202
2023-05-02 22:27:35.280000+00:00,56.916048,-158.0243,6.73,0.55,9933,11.309149480295485
2023-05-02 22:33:16.920000+00:00,56.862545,-158.213102,3.41,0.66,9935,4.823268133466921
2023-05-02 22:41:04.920000+00:00,56.908988,-158.028548,4.0,1.03,9937,10.999414644494685
2023-05-03 00:02:14.380000+00:00,56.883602,-158.221794,4.19,0.8,9942,2.5919809226549386
2023-05-03 00:49:42.660000+00:00,56.907857,-158.012012,0.49,0.51,9943,12.003474030246561
2023-05-03 01:35:32.930000+00:00,56.855318,-158.188916,4.46,0.44,9946,5.7533678246557765
2023-05-03 03:07:18.310000+00:00,56.944332,-158.087516,5.81,0.53,9950,8.5520280780546
2023-05-03 04:07:25.730000+00:00,56.886564,-158.183285,4.37,0.38,9955,2.6541173661552913
2023-05-03 04:21:55.220000+00:00,56.928263,-157.994792,5.47,0.39,9956,13.28447247053552
2023-05-03 04:23:29.130000+00:00,56.898633,-158.276904,0.91,0.15,9957,4.213763759199314
2023-05-03 04:35:41.480000+00:00,56.914872,-158.150326,7.77,0.37,9959,3.7143424340594207
2023-05-03 04:36:18.290000+00:00,56.921248,-157.973177,3.33,0.86,9960,14.467335967585536
2023-05-03 06:24:07.840000+00:00,56.89043,-158.171956,5.83,0.01,9967,2.832897324491766
2023-05-03 06:31:58.740000+00:00,56.956824,-158.06818,5.33,0.72,9968,10.285570940236587
2023-05-03 07:13:48.600000+00:00,56.907849,-158.289697,1.48,0.24,9980,4.9216743909598275
2023-05-03 07:38:43.520000+00:00,56.921745,-158.027327,5.25,0.29,9983,11.207729985872147
2023-05-03 08:11:03.740000+00:00,56.862553,-158.048128,7.17,0.06,9986,10.925562165724164
2023-05-03 08:34:42.430000+00:00,56.853125,-158.192969,6.52,0.27,9992,5.94663881753749
2023-05-03 09:00:52.520000+00:00,56.858561,-158.082617,4.65,0.21,9996,9.329331415229358
2023-05-03 09:59:47.790000+00:00,56.945447,-158.032406,3.48,0.38,10000,11.62446125488033
2023-05-03 10:29:12.710000+00:00,56.903137,-158.050553,3.78,0.78,10005,9.658381660713184
2023-05-03 10:39:50.540000+00:00,56.953992,-158.054574,5.07,0.16,10006,10.826182548014737
2023-05-03 11:02:04.800000+00:00,56.885649,-158.212467,4.21,0.77,10009,2.2539002665964216
2023-05-03 11:06:32.210000+00:00,56.920341,-158.051595,3.71,0.36,10011,9.723906938727769
2023-05-03 11:51:08.990000+00:00,56.945549,-158.023421,2.88,1.39,10018,12.136492925448701
2023-05-03 11:51:46.670000+00:00,56.937439,-158.034391,2.21,0.87,10019,11.202154635491006
2023-05-03 12:01:04.050000+00:00,56.916207,-158.099626,4.22,-0.17,10021,6.7627925114185885
2023-05-03 12:04:15.090000+00:00,56.909981,-158.142301,8.04,1.02,10022,4.090039332500728
2023-05-03 12:23:08.980000+00:00,56.87373,-158.162435,11.55,0.17,10023,4.561720507880507
2023-05-03 12:58:50.310000+00:00,56.947786,-158.005908,6.97,0.35,10026,13.220899295246344
2023-05-03 13:26:01.360000+00:00,56.906433,-158.014014,2.13,0.25,10028,11.879753717673667
2023-05-03 13:59:10.990000+00:00,56.920642,-158.053369,3.43,0.38,10031,9.623034210962494
2023-05-03 14:09:30.120000+00:00,56.864791,-158.068652,6.1,1.56,10032,9.697972111357448
2023-05-03 15:05:37.740000+00:00,56.864311,-158.173356,2.94,0.47,10036,5.105562775990006
2023-05-03 16:12:37.650000+00:00,56.942957,-158.037467,4.49,0.6,10038,11.235248638462107
2023-05-03 16:15:47.220000+00:00,56.904537,-158.273454,6.09,0.53,10039,3.9294858929535725
2023-05-03 16:17:08.730000+00:00,56.894076,-158.150374,4.76,0.53,10040,3.8034772120484335
2023-05-03 17:48:13.360000+00:00,56.904972,-158.209521,6.35,0.61,10043,0.0975155209440091
2023-05-03 18:22:09.500000+00:00,56.897477,-158.24694,3.49,0.11,10044,2.490648489102899
2023-05-03 18:25:00.960000+00:00,56.943132,-158.067985,5.28,0.6,10045,9.540524897318377
2023-05-03 18:25:19.340000+00:00,56.941683,-158.06193,4.84,0.48,10046,9.807018543604427
2023-05-03 18:58:05.740000+00:00,56.904224,-158.233545,9.8,0.55,10047,1.5057144195520442
2023-05-03 20:29:57.560000+00:00,56.906531,-158.025667,4.41,1.52,10053,11.169866650527906
2023-05-03 21:04:03.160000+00:00,56.885522,-158.220068,5.15,0.69,10055,2.356704468743688
2023-05-03 21:04:29+00:00,56.955428,-158.080273,5.36,0.46,10056,9.590088417910264
2023-05-03 21:05:11.780000+00:00,56.940165,-158.052474,4.66,0.88,10057,10.27155969965845
2023-05-03 22:13:57.040000+00:00,56.90352,-158.0493,18.02,0.82,10060,9.733432787598211
2023-05-04 00:06:01.080000+00:00,56.914453,-158.017253,2.66,0.5,10067,11.720632624383358
2023-05-04 00:23:08.060000+00:00,56.895284,-158.265885,2.45,0.24,10068,3.6587123552470118
2023-05-04 00:53:31.130000+00:00,56.923905,-158.024984,2.55,0.95,10070,11.388461810201566
2023-05-04 01:30:33.160000+00:00,56.89093,-158.181152,6.63,0.26,10072,2.37102857275754
2023-05-04 01:39:04.620000+00:00,56.911239,-157.982161,6.85,1.4,10075,13.832569579768279
2023-05-04 01:42:02.730000+00:00,56.919063,-158.058577,3.48,0.66,10077,9.28126107718786
2023-05-04 01:43:31.030000+00:00,56.941207,-158.053809,4.64,0.85,10078,10.240153340027605
2023-05-04 01:44:29.290000+00:00,56.933818,-158.055583,5.35,0.48,10079,9.850694035268015
2023-05-04 01:49:39.970000+00:00,56.92996,-158.089876,5.27,0.55,10082,7.738129123633604
2023-05-04 02:00:45.750000+00:00,56.929549,-158.010303,0.77,0.35,10085,12.38749742394328
2023-05-04 02:37:06.840000+00:00,56.927502,-157.995166,5.26,0.5,10088,13.246509026901798
2023-05-04 03:03:40.460000+00:00,56.921456,-157.973112,2.93,0.56,10089,14.47399926905733
2023-05-04 03:27:18.860000+00:00,56.910441,-158.034473,8.43,0.36,10091,10.645061788473102
2023-05-04 03:55:13.190000+00:00,56.930534,-158.010905,6.35,0.48,10092,12.375474194151787
2023-05-04 03:56:23.980000+00:00,56.903442,-158.009001,5.02,0.56,10093,12.188277829683972
2023-05-04 05:21:44.210000+00:00,56.925712,-158.013232,2.75,0.33,10096,12.128529551600295
2023-05-04 05:35:45.510000+00:00,56.884753,-158.053369,4.85,0.38,10097,9.769877672402666
2023-05-04 05:40:30.280000+00:00,56.906018,-158.297542,2.52,0.41,10099,5.394517572915507
2023-05-04 06:10:22.800000+00:00,56.890047,-158.096061,6.08,0.49,10100,7.102377062148814
2023-05-04 06:12:43.110000+00:00,56.90942,-158.036719,6.9,0.22,10101,10.50356011335848
2023-05-04 06:14:55.050000+00:00,56.907483,-158.059538,22.48,1.19,10102,9.107791609433939
2023-05-04 06:15:11.500000+00:00,56.956641,-158.060628,4.96,0.66,10103,10.661047031690847
2023-05-04 06:34:40.220000+00:00,56.911544,-158.018311,2.86,0.25,10104,11.634552361612945
2023-05-04 06:56:27.980000+00:00,56.942802,-158.061963,4.66,1.3,10106,9.856500646908447
2023-05-04 06:56:40.050000+00:00,56.941227,-158.055697,4.48,1.1,10107,10.135005797810702
2023-05-04 07:47:02.090000+00:00,56.91309,-158.172998,8.86,1.27,10110,2.338650625820365
2023-05-04 08:27:24.820000+00:00,56.906551,-158.010693,0.89,0.21,10114,12.082147141690252
2023-05-04 08:53:27.010000+00:00,56.940999,-158.019482,4.16,0.73,10117,12.188536785559917
2023-05-04 09:17:04.640000+00:00,56.845251,-158.236865,0.39,0.33,10118,6.953373170690091
2023-05-04 09:21:33.560000+00:00,56.889604,-158.029997,3.5,0.56,10120,11.056324771346459
2023-05-04 09:51:35.010000+00:00,56.907479,-158.009538,0.49,1.48,10122,12.153513617476406
2023-05-04 11:16:04.930000+00:00,56.883919,-158.199935,7.51,0.61,10129,2.4984677651166165
2023-05-04 11:27:27.360000+00:00,56.952234,-158.04624,8.45,0.75,10130,11.177993231561736
2023-05-04 11:27:39.720000+00:00,56.962882,-158.040104,2.69,0.89,10131,12.08844839897641
2023-05-04 11:31:00.150000+00:00,56.927535,-158.031624,3.99,0.65,10132,11.07140971757223
2023-05-04 12:17:24.550000+00:00,56.88833,-158.248698,3.51,0.32,10134,3.1043779864888648
2023-05-04 12:22:46.600000+00:00,56.940088,-157.998519,2.51,0.47,10137,13.374428765324932
2023-05-04 12:24:57.130000+00:00,56.916268,-158.162728,10.69,0.37,10138,3.0502861658975196
2023-05-04 12:29:27.890000+00:00,56.853918,-158.183594,5.74,0.55,10139,5.981496796302995
2023-05-04 13:04:55.960000+00:00,56.919527,-158.035791,5.59,2.23,10141,10.661089958668097
2023-05-04 13:14:21.800000+00:00,56.930859,-158.031152,2.67,1.15,10142,11.185550097940123
2023-05-04 13:30:02.450000+00:00,56.878097,-158.103792,5.82,0.18,10143,7.115736057362784
2023-05-04 13:38:45.440000+00:00,56.949166,-158.055322,3.73,0.45,10144,10.530137054915835
2023-05-04 14:26:20.290000+00:00,56.912195,-158.221875,6.68,0.34,10147,1.0594072408422532
2023-05-04 14:30:15.760000+00:00,56.895719,-158.170133,4.94,0.18,10148,2.6209072252085717
2023-05-04 15:19:10.520000+00:00,56.89729,-158.282764,6.46,0.18,10152,4.593447356296207
2023-05-04 15:35:36.450000+00:00,56.973897,-158.036849,8.32,0.43,10154,12.93489042380352
2023-05-04 15:55:48.780000+00:00,56.88752,-158.031104,2.92,0.3,10156,11.030532438661291
2023-05-04 17:25:55.840000+00:00,56.920321,-158.060449,4.04,0.38,10162,9.19215588997821
2023-05-04 17:57:43.800000+00:00,56.948344,-158.064339,5.02,0.51,10164,10.001789706650928
2023-05-04 17:58:06.240000+00:00,56.940247,-158.041846,4.09,1.44,10165,10.8780633674924
2023-05-04 18:00:42.480000+00:00,56.917635,-158.074512,2.52,0.61,10167,8.29780212808227
2023-05-04 18:05:21.940000+00:00,56.8837,-158.210596,6.6,0.41,10168,2.4629329071510933
2023-05-04 18:06:58.140000+00:00,56.953882,-158.065316,5.15,0.6,10169,10.256886906182615
2023-05-04 18:11:54.760000+00:00,56.941484,-158.049528,4.78,1.45,10171,10.492842693539021
2023-05-04 18:15:23.240000+00:00,56.889396,-158.027295,2.87,0.13,10172,11.222585293895342
2023-05-04 18:23:58.040000+00:00,56.908492,-158.004655,0.55,0.32,10174,12.453008493252717
2023-05-04 18:46:54.480000+00:00,56.890918,-158.01333,2.57,0.28,10176,12.038303921992826
2023-05-04 19:04:16.840000+00:00,56.911702,-158.016097,5.97,0.66,10177,11.770174186710122
2023-05-04 19:37:39.820000+00:00,56.88938,-158.189453,4.2,0.32,10181,2.182270932299266
2023-05-04 19:42:49.720000+00:00,56.910649,-158.158268,7.53,1.74,10182,3.1374951400189466
2023-05-04 21:40:12.560000+00:00,56.848649,-158.260628,2.39,0.66,10193,7.100152057019677
2023-05-04 22:09:11.720000+00:00,56.905937,-158.004232,0.96,0.58,10196,12.475605649169422
2023-05-04 23:43:34.840000+00:00,56.909265,-158.012614,2.2,0.29,10197,11.970607268324217
2023-05-04 23:59:04.240000+00:00,56.886658,-158.179574,7.06,0.52,10198,2.7855973523547863
2023-05-05 00:02:11.870000+00:00,56.917403,-158.021908,6.93,2.0,10199,11.469940313928669
2023-05-05 02:47:07.480000+00:00,56.950557,-158.059766,4.55,0.56,10205,10.363869780295497
2023-05-05 02:47:27.770000+00:00,56.955916,-158.07098,4.9,0.42,10206,10.08770100301825
2023-05-05 04:02:15.130000+00:00,56.884347,-158.204883,7.14,0.9,10210,2.402102551742209
2023-05-05 05:05:37.920000+00:00,56.906608,-158.010449,0.32,0.79,10214,12.097048813015679
2023-05-05 07:05:08.980000+00:00,56.888542,-158.085742,5.78,0.46,10219,7.753262199394454
2023-05-05 07:46:57.760000+00:00,56.896981,-158.014372,5.78,0.62,10220,11.899824174803571
2023-05-05 07:51:16.170000+00:00,56.880066,-158.188281,6.43,0.3,10221,3.131564804334822
2023-05-05 08:47:53.510000+00:00,56.908496,-158.005485,3.68,0.53,10224,12.402466902836242
2023-05-05 08:53:48.580000+00:00,56.905717,-158.009782,0.49,0.4,10226,12.137499143685591
2023-05-05 09:07:32.430000+00:00,56.886576,-158.003809,2.1,0.27,10229,12.686522498752023
2023-05-05 09:59:55.350000+00:00,56.882292,-158.169759,7.03,0.29,10231,3.545748211073282
2023-05-05 10:48:23.310000+00:00,56.887911,-158.02347,9.01,0.33,10233,11.480388932210689
2023-05-05 11:45:30.930000+00:00,56.888123,-158.066178,5.64,0.36,10235,8.923404473671779
2023-05-05 12:56:30.480000+00:00,56.882585,-158.109847,1.61,0.53,10243,6.572592847714259
2023-05-05 13:18:00.740000+00:00,56.894511,-158.237663,3.91,0.3,10245,2.151947886149609
2023-05-05 16:04:13.470000+00:00,56.876567,-158.104102,6.33,0.37,10260,7.174514630795486
2023-05-05 16:11:23.260000+00:00,56.855566,-158.221826,2.87,0.59,10262,5.648333507828034
2023-05-05 16:28:21.320000+00:00,56.887866,-158.039502,5.16,0.66,10263,10.520539302119442
2023-05-05 17:59:00.440000+00:00,56.881934,-158.032975,2.96,0.03,10268,11.052151915083133
2023-05-05 18:01:21.100000+00:00,56.911511,-158.285173,4.47,0.32,10269,4.683910875557854
2023-05-05 19:14:11.940000+00:00,56.843604,-158.166829,7.29,0.42,10273,7.387943773224226
2023-05-05 19:45:11.800000+00:00,56.94987,-158.09847,5.77,0.12,10276,8.32941222360248
2023-05-05 20:01:29+00:00,56.877775,-158.112858,5.63,0.07,10277,6.63894499341251
2023-05-05 20:33:37.600000+00:00,56.889506,-158.073145,4.79,0.31,10278,8.475360311852098
2023-05-05 20:48:58.180000+00:00,56.842318,-158.128939,7.52,0.28,10280,8.591078441807994
2023-05-05 21:08:04.520000+00:00,56.919698,-158.030436,2.56,0.35,10286,10.986657419424699
2023-05-05 21:12:20.960000+00:00,57.00026,-158.094645,12.9,0.55,10288,12.61219416966787
2023-05-05 21:40:31.760000+00:00,56.834318,-158.188981,6.52,0.17,10291,8.053135633792122
2023-05-05 22:07:53.240000+00:00,56.873254,-158.099544,3.38,1.42,10293,7.592440472312276
2023-05-05 22:20:30.200000+00:00,56.945231,-158.018783,3.6,0.08,10296,12.387338913277848
2023-05-05 22:35:41.320000+00:00,56.87911,-158.045573,4.72,0.41,10297,10.394425768780753
2023-05-05 22:42:44.140000+00:00,56.87452,-158.116341,5.9,0.53,10298,6.635462700016393
2023-05-05 22:45:51.540000+00:00,56.883923,-158.193115,5.77,0.17,10299,2.621480316476181
2023-05-05 23:06:52.680000+00:00,56.889827,-158.025277,3.52,-0.04,10301,11.336244368370833
2023-05-05 23:07:34.020000+00:00,56.948588,-158.052897,4.39,0.3,10302,10.63263390292558
2023-05-05 23:21:25.800000+00:00,56.938383,-158.003385,2.29,0.17,10303,13.036866367071136
2023-05-05 23:33:32.640000+00:00,56.853141,-158.229964,0.36,0.14,10306,6.00166488706901
2023-05-05 23:36:56.960000+00:00,56.886707,-158.133496,6.54,-0.0,10308,5.0687814104787146
2023-05-06 01:08:01.890000+00:00,56.898958,-158.299707,2.42,0.28,10320,5.57915766200573
2023-05-06 03:27:15.360000+00:00,56.865474,-158.16377,3.18,0.44,10323,5.2694888885688895
2023-05-06 04:39:17.260000+00:00,56.944491,-158.031966,2.46,0.08,10324,11.609449439148504
2023-05-06 06:45:03.420000+00:00,56.892839,-158.137939,6.09,0.69,10327,4.564391649884011
2023-05-06 08:59:41.530000+00:00,56.944259,-158.091309,6.57,0.93,10334,8.348869673390169
2023-05-06 08:59:59.920000+00:00,56.953947,-158.093359,8.24,0.27,10335,8.84996022026184
2023-05-06 09:18:03.950000+00:00,56.879679,-158.104427,5.81,0.88,10337,7.005800798291591
2023-05-06 09:35:44.410000+00:00,56.954679,-158.05708,4.51,0.2,10339,10.732457574980094
2023-05-06 10:02:59.620000+00:00,56.94624,-158.054248,4.47,0.37,10340,10.444043010964766
2023-05-06 13:52:05.390000+00:00,56.8821,-158.244352,5.09,0.24,10345,3.406944743127697
2023-05-06 14:25:02.340000+00:00,56.936711,-158.074886,5.31,0.2,10347,8.863324891168773
2023-05-06 14:26:32.520000+00:00,56.939303,-158.094645,5.87,0.38,10348,7.900438704748964
2023-05-06 14:39:42.430000+00:00,56.919222,-158.049805,3.16,0.55,10351,9.81182658618407
2023-05-06 15:45:01.760000+00:00,56.910132,-158.023975,2.4,0.1,10360,11.282430469955333
2023-05-06 17:45:00.040000+00:00,56.947294,-158.040316,3.8,0.51,10364,11.262959738846678
2023-05-06 17:49:02+00:00,56.911707,-158.010173,2.16,0.4,10365,12.130551944694336
2023-05-06 18:46:58.440000+00:00,56.952039,-158.045052,2.86,0.45,10369,11.232224881304441
2023-05-06 19:07:58.680000+00:00,56.886951,-158.11263,10.45,0.52,10371,6.236706159175528
2023-05-06 19:53:35.560000+00:00,56.889941,-158.023828,3.19,0.73,10374,11.421472308054208
2023-05-06 20:13:06.560000+00:00,56.898238,-158.213444,6.74,0.23,10376,0.8845552848903345
2023-05-06 21:39:50.400000+00:00,56.882043,-158.193636,7.6,0.52,10378,2.8063506668525604
2023-05-06 23:25:37.260000+00:00,56.971887,-158.009521,7.07,0.49,10382,14.198735300211853
2023-05-07 00:55:08.880000+00:00,56.919629,-158.016292,1.76,1.11,10388,11.839268721111472
2023-05-07 01:29:00.170000+00:00,56.892485,-158.02347,2.9,0.36,10391,11.40235991244472
2023-05-07 01:52:04.580000+00:00,56.891728,-158.012061,0.85,0.44,10393,12.102764695948817
2023-05-07 04:05:20.830000+00:00,56.929256,-158.158496,8.56,0.45,10398,4.0354166697967155
2023-05-07 04:34:16.700000+00:00,56.910046,-158.018245,2.93,0.54,10401,11.6308243376174
2023-05-07 06:26:36.920000+00:00,56.885311,-158.211084,4.7,0.79,10408,2.2851461585071693
2023-05-07 08:11:13.780000+00:00,56.951062,-158.069368,5.79,0.31,10410,9.883780517009875
2023-05-07 08:56:50.590000+00:00,56.846139,-158.306185,3.37,0.55,10413,8.902454368427131
2023-05-07 13:28:32.980000+00:00,56.923576,-158.003597,5.99,0.4,10419,12.666961587875333
2023-05-07 13:28:55.590000+00:00,56.924296,-158.034701,2.81,0.26,10420,10.814601277229185
2023-05-07 13:29:51.620000+00:00,56.924935,-157.995736,4.44,0.84,10421,13.163529437639516
2023-05-07 13:40:10.970000+00:00,56.945516,-158.024251,2.83,0.55,10422,12.088106595277367
2023-05-07 15:09:42.940000+00:00,56.916984,-158.037093,2.65,2.09,10424,10.5457772211927
2023-05-07 15:58:47.450000+00:00,56.89751,-158.149382,8.8,0.73,10428,3.7481324450107816
2023-05-07 17:13:07.760000+00:00,56.923246,-158.056885,4.45,0.43,10429,9.467026330079564
2023-05-07 17:13:38.920000+00:00,56.924967,-158.016846,0.6,-0.05,10430,11.897132211809618
2023-05-07 19:59:03.360000+00:00,56.864473,-158.173405,4.26,-0.24,10437,5.087967321866248
2023-05-07 20:21:41.720000+00:00,56.838733,-158.168522,10.42,-0.03,10438,7.865753064158169
2023-05-07 20:45:54.480000+00:00,56.957894,-157.963265,1.85,0.76,10439,16.046443644975525
2023-05-07 20:50:15.560000+00:00,56.960441,-157.965023,2.05,0.63,10441,16.05158302375349
2023-05-07 21:05:32.960000+00:00,56.911112,-158.016829,2.03,-0.12,10443,11.72224312124936
2023-05-07 21:33:33.080000+00:00,56.876839,-158.100651,6.39,-0.06,10445,7.349208179957975
2023-05-07 22:40:04.580000+00:00,56.889994,-158.061296,5.75,0.17,10449,9.171343453848218
2023-05-07 22:50:33.700000+00:00,56.905632,-158.255664,3.52,-0.39,10450,2.843102484442973
2023-05-07 23:04:26.440000+00:00,56.88986,-158.16429,6.65,0.0,10451,3.2517767823542405
2023-05-07 23:48:04.680000+00:00,56.876497,-158.019368,4.83,0.02,10453,12.009774258220341
2023-05-07 23:54:12.240000+00:00,56.888399,-158.035417,4.97,-0.14,10454,10.75413033653576
2023-05-08 00:13:05.960000+00:00,56.91969,-158.196273,4.57,0.3,10455,1.7301766154235696
2023-05-08 00:24:26.600000+00:00,56.931755,-158.046305,5.21,0.16,10461,10.321789586431414
2023-05-08 00:35:09.520000+00:00,56.879297,-158.091895,5.84,0.05,10463,7.723357376847175
2023-05-08 02:07:37.910000+00:00,56.916101,-158.181982,10.33,0.43,10469,2.0061669842197185
2023-05-08 02:31:39.630000+00:00,56.92253,-158.025179,2.64,0.13,10473,11.350840526763731
2023-05-08 04:22:09.950000+00:00,56.926603,-158.022965,7.72,0.97,10474,11.565531131796135
2023-05-08 04:36:28.810000+00:00,56.925545,-157.998031,4.96,0.57,10476,13.036785569421664
2023-05-08 06:56:06.210000+00:00,56.888538,-158.017725,2.72,1.61,10480,11.813677352281966
2023-05-08 15:39:36.210000+00:00,56.922518,-158.062793,4.69,1.07,10483,9.098270703226635
2023-05-08 20:46:16.080000+00:00,56.903589,-158.031901,1.86,0.48,10488,10.792996437173594
2023-05-08 21:36:01.640000+00:00,56.921969,-158.025277,1.99,1.03,10489,11.334943607874756
2023-05-08 21:53:29.920000+00:00,56.896179,-158.250163,2.85,0.53,10490,2.7274418771170947
2023-05-08 22:09:30.480000+00:00,56.901746,-158.057308,4.88,1.85,10492,9.25345153505837
2023-05-09 00:10:19.780000+00:00,56.932117,-158.005859,6.0,0.56,10494,12.71449447853717
2023-05-09 06:30:44.420000+00:00,56.895146,-158.127132,6.35,0.8,10502,5.127709712130776
2023-05-09 08:13:13.290000+00:00,56.918241,-158.013346,0.51,2.06,10508,11.998612224062152
2023-05-09 09:21:46.680000+00:00,56.86602,-158.205208,6.06,0.9,10512,4.435841279942859
2023-05-09 11:09:16.150000+00:00,56.914754,-158.301481,3.87,0.66,10515,5.721346687866498
2023-05-09 11:56:01.540000+00:00,56.867244,-158.128776,3.63,2.15,10516,6.507570157472776
2023-05-09 13:00:28.860000+00:00,56.975834,-158.015413,7.1,0.99,10518,14.130483507249494
2023-05-09 13:31:03.650000+00:00,56.945475,-158.04834,4.71,0.9,10521,10.734501082914365
2023-05-09 16:12:11.580000+00:00,56.887118,-158.110954,5.16,0.47,10526,6.326826364370126
2023-05-09 16:50:15.170000+00:00,56.90009,-158.009993,5.13,0.47,10527,12.142212369505236
2023-05-09 16:52:40.780000+00:00,56.888159,-158.223779,5.79,0.47,10528,2.161080579814992
2023-05-09 18:27:27.560000+00:00,56.893844,-158.15752,4.36,1.0,10534,3.4077992557387704
2023-05-09 18:55:49.880000+00:00,56.866895,-158.125033,8.34,0.35,10535,6.705783333754195
2023-05-09 21:35:05.180000+00:00,56.928121,-158.009538,2.56,0.48,10540,12.400395833974875
2023-05-09 21:42:28.880000+00:00,56.937594,-158.025977,4.69,0.41,10542,11.694864768388772
2023-05-09 21:56:06.540000+00:00,56.904704,-157.994499,3.33,0.41,10546,13.06936911447595
2023-05-09 21:59:33.420000+00:00,56.931201,-158.015983,3.48,0.56,10547,12.091207946852249
2023-05-09 22:13:55.280000+00:00,56.916927,-157.989453,2.6,0.74,10551,13.431326079253694
2023-05-09 22:19:35.520000+00:00,56.934086,-158.024479,3.92,0.59,10552,11.670908614882787
2023-05-09 22:22:05+00:00,56.931958,-158.026009,7.52,0.64,10554,11.519325218860164
2023-05-09 23:00:49.120000+00:00,56.950179,-158.064242,3.54,0.37,10562,10.105149188896803
2023-05-09 23:36:41.920000+00:00,56.923991,-157.97404,12.48,0.96,10565,14.454256788810685
2023-05-09 23:54:00.040000+00:00,56.864575,-158.171159,4.36,0.93,10566,5.13769337966953
2023-05-10 00:12:05.140000+00:00,56.918689,-158.028597,3.55,0.25,10569,11.082608781634828
2023-05-10 02:09:56.720000+00:00,56.893335,-158.183219,5.21,0.21,10574,2.096367827525032
2023-05-10 03:04:38.470000+00:00,56.969486,-157.949414,8.24,0.94,10575,17.320467112159672
2023-05-10 03:38:19.920000+00:00,56.867025,-158.145052,2.15,0.53,10576,5.817162369472641
2023-05-10 04:00:36.090000+00:00,56.925907,-157.991683,3.39,0.56,10577,13.424659993661475
2023-05-10 04:03:39.410000+00:00,56.92821,-157.992448,3.32,0.41,10579,13.423622942940606
2023-05-10 04:25:00.930000+00:00,56.855066,-158.180876,5.48,0.21,10581,5.904084315286076
2023-05-10 04:36:46.400000+00:00,56.900936,-158.167806,8.31,0.36,10582,2.567713173750288
2023-05-10 05:47:02.360000+00:00,56.91495,-158.013965,5.52,0.02,10590,11.92478893472079
2023-05-10 06:51:09.390000+00:00,56.866569,-158.020296,8.13,0.15,10591,12.304587509541044
2023-05-10 06:54:28.410000+00:00,56.817171,-158.219727,5.22,0.14,10592,9.891160436360835
2023-05-10 07:06:38.090000+00:00,56.952478,-158.062598,4.54,0.34,10593,10.318905089617381
2023-05-10 08:23:46.520000+00:00,56.878259,-158.0771,4.84,0.01,10595,8.604198782297289
2023-05-10 08:56:13.200000+00:00,57.01051,-158.188623,7.27,0.94,10596,11.726133965897757
2023-05-10 09:19:10.670000+00:00,56.906226,-158.024398,3.77,0.25,10597,11.247029737606136
2023-05-10 09:32:43.960000+00:00,56.87961,-158.097135,6.27,0.45,10598,7.41542966650776
2023-05-10 10:07:04.530000+00:00,56.88005,-158.098128,5.76,0.52,10599,7.340510272447721
2023-05-10 11:46:04.890000+00:00,56.877018,-158.027995,1.32,0.21,10601,11.488236511469301
2023-05-10 11:47:05.800000+00:00,56.938424,-158.007552,0.58,0.9,10602,12.794610756231949
2023-05-10 11:55:13.890000+00:00,56.904858,-158.005859,0.48,0.44,10603,12.377093559825145
2023-05-10 12:12:55.430000+00:00,56.879053,-158.090723,5.44,1.01,10605,7.7997715348813115
2023-05-10 14:30:29.780000+00:00,56.878182,-158.099935,6.28,0.57,10607,7.324294533845511
2023-05-10 19:02:37.920000+00:00,56.826518,-158.275456,3.63,1.07,10615,9.714579572298964
2023-05-10 20:52:09.520000+00:00,56.903719,-158.10262,6.66,0.78,10616,6.48559178899292
2023-05-10 21:09:37.080000+00:00,56.945325,-158.093799,5.28,0.9,10617,8.28147129246575
2023-05-11 01:05:47.760000+00:00,56.893884,-158.188379,7.01,0.63,10619,1.827481868225262
2023-05-11 01:49:10.900000+00:00,56.884835,-158.022559,2.21,0.45,10621,11.599587808078848
2023-05-11 03:17:49.430000+00:00,56.947941,-158.047721,4.19,0.69,10623,10.884118514411426
2023-05-11 05:18:41.460000+00:00,56.894832,-158.035286,5.14,0.59,10626,10.655418212791075
2023-05-11 12:39:16.300000+00:00,56.934196,-158.056673,4.97,0.65,10636,9.801205351817602
2023-05-11 13:40:17.420000+00:00,56.876278,-158.10778,5.79,0.74,10640,6.990586182623952
2023-05-11 13:54:41.010000+00:00,56.87148,-158.036263,5.62,0.66,10641,11.201101327704732
2023-05-11 15:58:32.660000+00:00,56.956405,-158.06154,4.75,0.53,10649,10.600067389970677
2023-05-11 16:00:28.630000+00:00,56.956824,-158.057617,4.87,1.01,10650,10.827482229850679
2023-05-11 20:35:52.560000+00:00,56.871798,-157.935645,2.08,1.46,10658,17.08669535263052
2023-05-11 22:10:52.640000+00:00,56.911145,-158.02557,3.75,0.49,10666,11.19063095272684
2023-05-11 22:12:20.200000+00:00,56.886214,-158.065413,5.7,0.45,10667,9.018139906669798
2023-05-11 22:29:07.280000+00:00,56.877783,-158.095036,6.27,0.2,10669,7.6144467318751285
2023-05-11 23:15:26.400000+00:00,56.884106,-158.18457,5.62,0.13,10674,2.8377368703959878
2023-05-11 23:35:38.800000+00:00,56.870801,-158.02054,4.67,0.21,10675,12.13056002497034
2023-05-11 23:58:38.940000+00:00,56.874756,-158.031592,6.33,-0.01,10678,11.35233972255566
2023-05-12 00:14:53.460000+00:00,56.86838,-158.141374,5.78,0.37,10679,5.861455004902331
2023-05-12 00:27:23.790000+00:00,56.944141,-157.973193,4.84,0.64,10680,14.980642789959148
2023-05-12 00:47:08.310000+00:00,56.92347,-158.010514,0.64,0.19,10681,12.249107952561532
2023-05-12 03:11:31.060000+00:00,56.876908,-158.096208,5.75,0.34,10686,7.590202830041357
2023-05-12 04:29:13.140000+00:00,56.939164,-158.051921,4.99,0.38,10688,10.262056544430939
2023-05-12 04:44:33.090000+00:00,56.868738,-158.153939,3.93,0.64,10691,5.319585781114838
2023-05-12 05:34:44.740000+00:00,56.920931,-158.024593,2.26,0.12,10695,11.358513162256823
2023-05-12 07:52:54.160000+00:00,56.881722,-158.091618,5.97,0.08,10697,7.639840714889064
2023-05-12 09:55:19.950000+00:00,56.876807,-158.106055,6.12,0.29,10701,7.056359129165663
2023-05-12 10:10:59.160000+00:00,56.880684,-158.027946,0.75,-0.02,10702,11.383467581145874
2023-05-12 10:16:58.240000+00:00,56.876355,-158.099756,6.0,0.26,10703,7.421955378785083
2023-05-12 10:20:47.030000+00:00,56.858492,-158.083203,4.76,-0.04,10704,9.30420325166868
2023-05-12 10:21:47.880000+00:00,56.869149,-158.153402,4.87,0.4,10705,5.304995358563989
2023-05-12 10:30:06.370000+00:00,56.891012,-158.093343,9.59,-0.05,10706,7.237699367257991
2023-05-12 10:54:14.210000+00:00,56.88693,-158.052067,8.03,0.12,10708,9.791784342097394
2023-05-12 11:30:13.650000+00:00,56.936047,-158.018083,1.52,0.8,10713,12.105087209333524
2023-05-12 11:58:56.260000+00:00,56.874768,-158.046924,4.71,0.08,10714,10.46565025553349
2023-05-12 12:34:20.860000+00:00,56.900326,-158.208659,5.7,0.22,10716,0.6099284341482801
2023-05-12 12:56:14.640000+00:00,56.892879,-158.018571,2.86,0.08,10718,11.692876523294364
2023-05-12 14:35:06.670000+00:00,56.874626,-158.133073,0.78,1.55,10722,5.785145328344182
2023-05-12 14:47:19.360000+00:00,56.859542,-158.092367,6.15,0.33,10724,8.78017892143773
2023-05-12 15:45:07.940000+00:00,56.889632,-158.04681,5.72,0.83,10727,10.046311749192592
2023-05-12 16:15:01.610000+00:00,56.942908,-158.053418,4.56,0.64,10729,10.33619279091023
2023-05-12 16:23:19.930000+00:00,56.951774,-158.067562,5.36,0.38,10730,10.018742554933072
2023-05-12 16:52:16.410000+00:00,56.976217,-158.018376,7.08,0.46,10731,14.004229540732062
2023-05-12 18:53:09.080000+00:00,56.958695,-158.07736,4.3,0.34,10734,9.946321481179977
2023-05-12 21:11:36.080000+00:00,56.907153,-158.208789,8.5,0.44,10737,0.15121505126702073
2023-05-12 21:50:03.360000+00:00,56.90776,-158.192806,6.37,0.3,10738,1.0104583612987839
2023-05-13 02:48:18.760000+00:00,56.917794,-158.180892,10.62,1.84,10750,2.1715481082883032
2023-05-13 05:13:45.410000+00:00,56.942143,-158.053581,4.81,0.41,10752,10.293392710729615
2023-05-13 05:20:41.270000+00:00,56.905322,-158.211898,6.95,0.41,10753,0.18441278988784035
2023-05-13 05:34:03.780000+00:00,56.878678,-158.095345,6.23,0.62,10754,7.5568128451135275
2023-05-13 06:40:33.390000+00:00,56.878943,-158.07985,5.29,0.29,10756,8.420391365101635
2023-05-13 06:41:38.140000+00:00,56.959937,-158.075407,5.51,0.89,10757,10.124013993882453
2023-05-13 09:13:00.570000+00:00,56.931718,-158.003044,1.55,0.31,10764,12.871413179792702
2023-05-13 10:46:04.010000+00:00,56.9519,-157.998861,6.65,0.38,10767,13.786412416597361
2023-05-13 10:59:17.940000+00:00,56.915405,-158.023031,5.49,0.26,10768,11.379204867565972
2023-05-13 11:12:45.510000+00:00,56.894344,-158.051546,23.61,1.55,10769,9.678894576418374
2023-05-13 14:09:52.330000+00:00,56.948254,-158.018164,2.96,2.64,10779,12.545099562381932
2023-05-13 14:13:40.870000+00:00,56.936784,-158.009359,5.81,0.49,10782,12.638314742965083
2023-05-13 14:19:20.870000+00:00,56.92467,-158.025472,3.58,1.43,10788,11.374524841684408
2023-05-13 14:35:41.390000+00:00,56.953267,-158.003434,6.76,0.4,10793,13.586677965214543
2023-05-13 14:43:29.820000+00:00,56.930518,-158.038216,2.73,0.56,10794,10.759723212372727
2023-05-13 14:49:32.970000+00:00,56.897375,-158.106657,7.39,0.04,10796,6.3061946634592845
2023-05-13 15:24:53.800000+00:00,56.899866,-158.07806,6.8,0.68,10798,8.005554785902948
2023-05-13 17:55:56.520000+00:00,56.87546,-158.03016,5.67,0.17,10806,11.411954436722693
2023-05-13 19:20:59.080000+00:00,56.960738,-158.147087,5.83,0.42,10808,7.185786326861081
2023-05-13 20:03:37.160000+00:00,56.87817,-158.077979,4.51,1.67,10809,8.55773279727031
2023-05-13 22:53:07.720000+00:00,56.910063,-158.010352,0.34,1.62,10811,12.111372303024607
2023-05-13 22:53:13.720000+00:00,56.931637,-158.049235,7.24,1.98,10812,10.146882461752513
2023-05-14 03:38:31.290000+00:00,56.920203,-158.02054,2.84,0.79,10815,11.591336174597624
2023-05-14 07:30:06.020000+00:00,56.921842,-157.997428,4.5,0.92,10822,13.010617351199006
2023-05-14 21:51:29.840000+00:00,56.879618,-158.128727,6.63,0.95,10830,5.695270092078274
2023-05-17 20:27:40.180000+00:00,56.924483,-157.986328,5.48,1.48,10837,13.721685450356269
2023-05-17 23:55:14.440000+00:00,56.908976,-157.974479,4.61,1.53,10841,14.29210800044336
2023-05-18 00:11:44.090000+00:00,56.920483,-157.993587,5.61,1.89,10842,13.223076907178541
2023-05-18 00:17:30.370000+00:00,56.918245,-157.978646,5.02,0.69,10843,14.100396107460991
2023-05-18 04:09:00.800000+00:00,56.921334,-157.981543,5.31,1.68,10845,13.96265224026985
2023-05-18 11:53:35.370000+00:00,56.916573,-158.027848,3.56,0.95,10849,11.100228891691318
2023-05-18 16:05:05.660000+00:00,56.954989,-157.997347,11.04,1.17,10852,14.00246656298267
2023-05-18 16:43:19.320000+00:00,56.927763,-157.979899,4.71,2.1,10854,14.166740625859077
2023-05-18 23:58:17.880000+00:00,56.928951,-158.025651,2.94,2.76,10860,11.460919694076978
2023-05-19 02:36:02.850000+00:00,56.872803,-158.209163,6.35,1.18,10864,3.674489749721106
2023-05-20 21:03:41.040000+00:00,56.920557,-158.000439,5.11,0.98,10870,12.81004596899388
2023-05-20 23:31:06.500000+00:00,56.919145,-157.983643,6.44,2.39,10873,13.80777033708091
2023-05-22 16:59:25.640000+00:00,56.921342,-158.054785,2.88,2.26,10879,9.551803464440765
2023-05-23 16:06:57.090000+00:00,56.88866,-158.228711,7.81,0.61,10883,2.255189863257127
2023-05-24 06:26:30.640000+00:00,56.873901,-158.184375,6.78,0.54,10891,3.8562891957730994
2023-05-24 08:29:53.380000+00:00,56.917387,-157.980778,4.44,1.54,10892,13.96216398337605
2023-05-24 09:56:36.140000+00:00,56.947689,-158.047721,5.03,2.93,10893,10.872078596917623
2023-05-24 16:59:58.870000+00:00,56.917021,-158.025439,0.46,1.17,10897,11.25149372857325
2023-05-24 17:22:36.440000+00:00,56.800533,-158.012988,16.16,1.58,10898,16.74595752124461
2023-05-24 20:18:26.800000+00:00,56.909497,-157.967773,2.66,1.27,10903,14.701943771038493
2023-05-25 03:38:40.840000+00:00,56.923877,-157.985824,4.7,1.11,10905,13.742091638964489
2023-05-25 03:39:24.150000+00:00,56.922359,-158.008317,6.97,1.5,10906,12.362331320320825
2023-05-25 13:58:06.160000+00:00,56.906433,-158.149642,7.75,0.31,10910,3.6170810398350857
2023-05-25 14:35:26.260000+00:00,56.890243,-158.096436,11.7,1.03,10911,7.074841865008944
2023-05-26 12:36:09.270000+00:00,56.924874,-157.98724,4.13,0.69,10915,13.673406315542449
2023-05-27 00:16:48.200000+00:00,56.868892,-158.072135,4.71,1.58,10920,9.300144562479005
2023-05-27 08:40:45.560000+00:00,56.874874,-158.12181,6.14,0.75,10923,6.33260912081945
2023-05-27 22:31:55.800000+00:00,56.928442,-157.978597,6.81,1.63,10927,14.25790968422733
2023-06-02 01:33:11.780000+00:00,56.928162,-158.017122,3.38,1.93,10932,11.94915214777892
2023-06-02 11:57:53.800000+00:00,56.936243,-157.988835,4.91,1.94,10937,13.830161259382578
2023-06-02 12:05:38.160000+00:00,56.916467,-157.961605,2.54,1.14,10938,15.117285610006212
2023-06-04 17:30:57.300000+00:00,56.896236,-158.146045,7.36,1.34,10942,3.9811652315791397
2023-06-12 12:56:46.750000+00:00,56.931795,-158.002458,6.87,0.96,10944,12.908104467845508
2023-06-12 17:11:04.680000+00:00,56.928153,-157.99165,5.21,0.64,10945,13.470218237938553
2023-06-14 05:47:43.070000+00:00,56.87183,-158.112988,5.19,0.65,10946,6.9683989109732005
2023-06-17 22:51:32.920000+00:00,56.830237,-158.397982,9.08,1.41,10948,14.270258086871776
2023-06-18 08:18:13.440000+00:00,56.967395,-157.996712,2.15,1.19,10949,14.630619803248468
2023-06-21 09:25:06.990000+00:00,56.873324,-158.171289,7.81,0.05,10953,4.285110498926229
2023-06-23 03:32:26.860000+00:00,56.913346,-158.003027,6.64,0.87,10959,12.575874789906734
2023-06-25 23:15:21.820000+00:00,56.922424,-157.982699,5.19,1.94,10965,13.90821803408251
2023-06-25 23:16:54.080000+00:00,56.936857,-157.979948,6.69,2.42,10967,14.37167697121377
2023-06-29 16:14:09.460000+00:00,56.91838,-158.050407,3.79,0.42,10968,9.761796787611146
2023-06-29 16:43:21.740000+00:00,56.922152,-158.03068,4.24,0.72,10969,11.013461410457918
2023-06-29 18:01:22.040000+00:00,56.930168,-158.001481,2.39,0.53,10970,12.927125052928593
2023-06-29 23:28:26.940000+00:00,56.967358,-158.014437,5.54,0.29,10971,13.684824045680779
2023-07-10 12:05:05.970000+00:00,56.850452,-158.050195,7.07,0.23,10980,11.477700331748952
2023-07-11 01:36:55.840000+00:00,56.93311,-157.978369,6.26,0.83,10985,14.371668234921007
2023-07-11 06:52:42.080000+00:00,56.899076,-157.952018,7.23,0.28,10986,15.676086112509394
2023-07-12 14:40:55.100000+00:00,56.86748,-158.079492,5.37,0.13,10988,8.973894062396665
2023-07-12 15:26:09.690000+00:00,56.862203,-158.083398,6.17,0.1,10989,9.06625062088959
2023-07-12 20:10:18.480000+00:00,56.86842,-158.031901,2.46,0.39,10990,11.569979970878961
2023-07-13 02:42:47.440000+00:00,56.862606,-158.058366,4.94,0.58,10991,10.366253457380445
2023-07-14 12:18:16.990000+00:00,56.860901,-158.072721,5.82,0.35,10993,9.696347074019608
2023-07-14 14:22:37.220000+00:00,56.860433,-158.084945,6.69,0.24,10994,9.09488722671159
2023-07-15 01:57:21.470000+00:00,56.858671,-158.103792,5.32,-0.04,10995,8.287430726219945
2023-07-15 10:17:24.010000+00:00,56.866939,-158.063721,5.04,0.88,11000,9.856593578236692
2023-07-15 14:28:26.460000+00:00,56.862223,-158.045817,4.48,-0.08,11003,11.06829361642114
2023-07-15 21:54:12.640000+00:00,56.871163,-158.124821,6.73,1.26,11005,6.419091944058146
2023-07-16 08:26:44.650000+00:00,56.898385,-158.000667,0.5,0.97,11008,12.720903688772395
2023-07-16 19:14:00.720000+00:00,56.776444,-158.335547,13.59,1.54,11010,16.344546688894216
2023-07-17 05:53:16.740000+00:00,56.876843,-158.06499,4.71,0.8,11011,9.350877264912544
2023-07-17 09:06:07.450000+00:00,56.846077,-158.01154,8.1,3.4,11012,13.7546911760494
2023-07-17 15:59:26.110000+00:00,56.915898,-157.982568,5.04,0.84,11013,13.839409189679937
2023-07-17 16:29:53.140000+00:00,56.920496,-157.980469,6.72,0.75,11014,14.016524115535194
2023-07-17 17:59:44.980000+00:00,56.857149,-158.144027,2.99,0.66,11015,6.711286946025227
2023-07-18 16:40:51.700000+00:00,56.864848,-158.076579,5.43,0.81,11018,9.27134013154005
2023-07-20 00:02:25.800000+00:00,56.894784,-158.034912,6.06,0.63,11019,10.67867730622958
2023-07-21 05:04:26.220000+00:00,56.91746,-157.987191,6.3,0.41,11021,13.573990658532693
2023-07-21 09:09:14.970000+00:00,56.840601,-158.045003,6.44,0.55,11023,12.35798875620355
2023-07-22 03:26:00.740000+00:00,56.897343,-158.241488,3.54,0.9,11030,2.192173690655068
2023-07-23 09:23:18.910000+00:00,56.924687,-158.10057,7.38,1.23,11033,6.931304208694118
2023-07-23 17:03:34.280000+00:00,56.904724,-158.031608,2.31,1.33,11034,10.80853972733631
2023-07-23 18:27:36.280000+00:00,56.818424,-158.272005,10.42,1.33,11035,10.461434517310645
2023-07-24 20:51:11.360000+00:00,56.857267,-158.075195,4.64,0.71,11042,9.785331977966344
2023-07-25 02:24:29.870000+00:00,56.863704,-158.121631,5.21,0.16,11044,7.095142105303803
2023-07-25 04:24:01.510000+00:00,56.865479,-158.125732,4.67,0.21,11045,6.77681921470709
2023-07-25 07:38:15.820000+00:00,56.912712,-158.081901,7.36,0.24,11046,7.7810367558183895
2023-07-25 08:00:38.550000+00:00,56.90861,-158.051872,2.73,0.24,11047,9.577877175286957
2023-07-25 08:01:15.220000+00:00,56.951135,-158.085449,6.79,-0.03,11048,9.059813202611789
2023-07-25 08:05:02.330000+00:00,56.971558,-158.11276,5.37,0.2,11049,9.377760487758348
2023-07-25 12:12:42.680000+00:00,56.930949,-158.06665,8.87,0.1,11050,9.110948765170281
2023-07-25 12:36:16.910000+00:00,56.854537,-158.123779,15.23,0.2,11051,7.718977912683782
2023-07-25 12:44:35.620000+00:00,56.836084,-158.076644,18.0,0.45,11052,11.199001275283022
2023-07-25 12:47:05.340000+00:00,56.880212,-158.309342,25.14,0.55,11053,6.746737441750289
2023-07-25 12:47:58.910000+00:00,56.874349,-158.150081,16.52,0.25,11054,5.016258366691581
2023-07-25 13:18:07.400000+00:00,56.856262,-158.133496,4.0,-0.24,11055,7.184728005015169
2023-07-25 13:31:36.240000+00:00,56.910327,-158.086768,5.76,0.23,11056,7.463657069480259
2023-07-25 15:18:28.850000+00:00,56.833451,-158.08348,6.7,0.13,11057,11.1132569291473
2023-07-25 19:37:01.900000+00:00,56.839071,-158.204541,14.53,0.38,11059,7.435753722870097
2023-07-26 01:33:14.700000+00:00,56.84668,-158.073438,6.66,0.38,11061,10.567127159885354
2023-07-26 03:01:53.710000+00:00,56.85415,-158.142008,2.98,0.22,11063,7.054296083466592
2023-07-26 09:16:04.710000+00:00,56.89377,-158.20555,7.55,0.03,11065,1.3560326856317704
2023-07-26 13:56:46.560000+00:00,56.928711,-158.075374,8.2,0.21,11067,8.529282318911244
2023-07-26 15:27:39.550000+00:00,56.851501,-158.072868,9.07,0.68,11069,10.268913410320538
2023-07-26 19:26:34.460000+00:00,56.878027,-158.042432,4.4,0.84,11072,10.612667392004564
2023-07-26 19:32:19.800000+00:00,56.874137,-158.034212,5.59,0.81,11073,11.221888845751938
2023-07-26 23:41:58.480000+00:00,56.914364,-158.060661,4.1,1.53,11074,9.086797296371763
2023-07-27 03:40:59.120000+00:00,56.94939,-157.961995,9.03,0.94,11075,15.804080990798711
2023-07-27 12:15:18.770000+00:00,56.852783,-158.106706,8.74,0.05,11076,8.587921884557925
2023-07-27 13:10:03.670000+00:00,56.871338,-158.045426,1.53,0.23,11077,10.68348823445136
2023-07-27 16:44:05.920000+00:00,56.869523,-158.040527,5.17,0.26,11078,11.035302623448262
2023-07-27 17:48:08.480000+00:00,56.904248,-158.065723,6.49,0.2,11079,8.73113469897238
2023-07-27 17:50:30.240000+00:00,56.906311,-158.05944,5.96,3.33,11080,9.112154092320107
2023-07-27 17:58:44.720000+00:00,56.907011,-158.054476,5.55,0.44,11081,9.415286839734565
2023-07-27 21:33:25.100000+00:00,56.895308,-158.07181,7.47,0.77,11082,8.440813802084872
2023-07-27 22:48:58.400000+00:00,56.907515,-158.047217,6.71,0.91,11083,9.85835652765958
2023-07-28 14:02:28.010000+00:00,56.885368,-158.044857,0.74,0.73,11086,10.258741753272957
2023-07-28 17:09:08.720000+00:00,56.89856,-158.129948,7.59,0.49,11088,4.883768090552887
2023-07-28 17:20:45+00:00,56.867542,-158.062191,5.07,0.86,11089,9.911359866899614
2023-07-28 17:23:24.920000+00:00,56.842171,-157.99401,9.4,0.44,11090,14.90184995373285
2023-07-28 17:32:57.240000+00:00,56.869747,-158.040348,2.99,0.15,11091,11.036329762184229
2023-07-30 00:42:51.250000+00:00,56.866305,-158.046826,4.02,0.95,11093,10.81995702456654
2023-07-30 02:19:01.660000+00:00,56.86755,-158.042773,4.14,1.1,11094,10.991524419046371
2023-07-30 02:28:30.970000+00:00,56.868599,-158.061003,4.18,1.24,11095,9.926985803418605
2023-07-30 09:35:43.780000+00:00,56.930868,-158.056885,4.36,0.35,11096,9.676023765457545
2023-07-31 10:31:36.280000+00:00,56.886678,-158.030078,3.4,0.13,11097,11.109699772797166
2023-07-31 10:39:18.230000+00:00,56.888826,-158.02653,0.99,0.14,11098,11.279131378853263
2023-07-31 15:33:47.200000+00:00,56.906494,-158.048698,3.2,0.7,11099,9.766716756649968
2023-07-31 22:14:17.800000+00:00,56.842619,-158.08877,3.62,0.28,11105,10.161121984509624
2023-07-31 23:01:13.360000+00:00,56.84541,-158.100033,5.67,0.39,11106,9.45357234104458
2023-07-31 23:51:35.860000+00:00,56.86084,-158.233089,4.7,-0.12,11107,5.217571521961822
2023-07-31 23:54:32.400000+00:00,56.831974,-158.09502,6.34,0.17,11108,10.765902505157287
2023-08-01 01:29:02.420000+00:00,56.837939,-158.068083,7.62,1.39,11109,11.443317887959406
2023-08-01 08:16:49.340000+00:00,56.866663,-158.078727,5.75,-0.02,11110,9.058439243629175
2023-08-01 08:25:30.870000+00:00,56.856478,-158.066374,5.87,-0.47,11111,10.284679491247822
2023-08-01 10:20:49.100000+00:00,56.823551,-158.080469,5.2,-0.32,11112,12.055899008565737
2023-08-01 15:18:53.170000+00:00,56.867224,-158.067464,5.34,-0.47,11113,9.637900141362126
2023-08-01 15:36:14.780000+00:00,56.876709,-158.029753,1.68,0.61,11114,11.395159486733062
2023-08-01 21:00:05.680000+00:00,56.869552,-158.03208,1.86,-0.45,11121,11.514856429593658
2023-08-02 02:51:39.600000+00:00,56.844405,-158.083398,6.53,0.18,11124,10.266298428893291
2023-08-02 11:58:22.010000+00:00,56.857048,-158.094954,6.68,-0.28,11132,8.821293752797834
2023-08-02 12:28:47.170000+00:00,56.837484,-158.099561,6.75,-0.05,11133,10.119916536655008
2023-08-02 12:59:26.460000+00:00,56.925907,-158.039258,3.96,0.39,11134,10.578540476278198
2023-08-02 13:20:03.710000+00:00,56.897176,-158.004997,4.04,0.83,11135,12.467485586027582
2023-08-03 07:35:35.480000+00:00,56.801628,-158.15651,4.32,0.72,11138,12.03423125026527
2023-08-03 10:01:05.710000+00:00,56.918803,-158.049951,2.26,0.43,11139,9.796085100825772
2023-08-04 08:45:01.590000+00:00,56.8066,-158.206999,2.34,0.63,11142,11.047318288612914
2023-08-05 03:36:04.280000+00:00,56.8658,-158.194027,4.92,1.46,11143,4.546864436323661
2023-08-07 05:42:03.210000+00:00,56.914604,-158.013477,1.78,0.96,11147,11.951241010068038
2023-08-07 10:59:28.080000+00:00,56.866638,-158.064941,4.2,1.12,11148,9.804725267766555
2023-08-07 11:32:41.090000+00:00,56.839115,-158.049528,7.01,0.71,11149,12.235655260468825
2023-08-07 13:48:32.600000+00:00,56.864506,-158.076432,5.8,0.55,11151,9.297951279298083
2023-08-07 14:23:31.550000+00:00,56.902087,-157.996777,4.77,0.36,11152,12.937069913931778
2023-08-07 16:24:45.760000+00:00,56.937496,-158.00415,7.42,0.95,11154,12.965029577139193
2023-08-07 21:21:28.960000+00:00,56.904765,-158.004557,5.49,0.37,11155,12.456523834574464
2023-08-08 02:53:01.380000+00:00,56.928866,-158.014046,9.08,1.16,11157,12.148676525345993
2023-08-08 05:46:58.250000+00:00,56.870296,-158.094954,5.04,0.04,11158,7.997273622087297
2023-08-08 06:22:07.340000+00:00,56.871082,-158.100065,4.86,-0.13,11159,7.683532951442859
2023-08-08 11:39:14.290000+00:00,56.86569,-158.084229,5.66,0.2,11161,8.820361126931186
2023-08-08 14:29:55.830000+00:00,56.866593,-158.083431,5.72,0.16,11162,8.812010261341635
2023-08-09 08:46:09.910000+00:00,56.872457,-158.013232,4.25,0.94,11165,12.496935106465827
2023-08-10 07:56:04.660000+00:00,56.858712,-158.20804,7.43,1.08,11166,5.243941000104908
2023-08-10 21:56:11.240000+00:00,56.95498,-157.956462,10.09,0.41,11167,16.322136944957776
2023-08-11 05:29:33.550000+00:00,56.869991,-158.183382,5.82,0.73,11169,4.282460823560132
2023-08-11 10:05:37.300000+00:00,56.899898,-157.986621,4.67,0.17,11171,13.565578458519784
2023-08-13 09:01:53.830000+00:00,56.887191,-157.990918,2.17,1.2,11172,13.450674486453048
2023-08-13 11:19:06.720000+00:00,56.93693,-158.016276,4.76,1.16,11174,12.238183136130647
2023-08-13 20:01:08.320000+00:00,56.883285,-157.988346,2.8,0.34,11175,13.67925978351412
2023-08-13 20:45:40.680000+00:00,56.918717,-157.998389,6.94,0.45,11176,12.909777018261327
2023-08-14 13:58:41.920000+00:00,56.892204,-158.013949,8.8,0.73,11177,11.981805118791586
2023-08-14 16:12:08.100000+00:00,56.821126,-158.178271,6.81,0.07,11178,9.61355967831802
2023-08-15 03:22:30.320000+00:00,56.872563,-158.122607,5.81,1.26,11181,6.436494134763387
2023-08-15 04:14:21.070000+00:00,56.874573,-158.140267,6.47,0.84,11183,5.444517817087303
2023-08-15 04:26:12.300000+00:00,56.936263,-157.972705,7.4,1.59,11184,14.78499000191368
2023-08-15 04:26:24.760000+00:00,56.917497,-157.944808,5.42,1.69,11185,16.146169847533237
2023-08-15 19:11:26.320000+00:00,56.889217,-158.338835,19.18,0.73,11190,8.124677794686749
2023-08-16 18:28:56.680000+00:00,56.842379,-158.077051,6.83,1.45,11199,10.705789857934171
2023-08-17 21:24:19.320000+00:00,56.889193,-158.025846,5.92,0.97,11203,11.313420426710874
2023-08-17 23:20:50.760000+00:00,56.808203,-158.168962,5.81,0.28,11204,11.139225989479584
2023-08-17 23:47:30.640000+00:00,56.843856,-158.076855,6.38,0.97,11205,10.606965807273795
2023-08-18 10:52:35.220000+00:00,56.929663,-158.00516,7.25,0.27,11209,12.69632493757318
2023-08-18 12:41:42.790000+00:00,56.834668,-158.200798,12.06,0.94,11210,7.936861883505974
2023-08-19 00:10:59.470000+00:00,56.909782,-157.970199,4.51,0.85,11211,14.555081143019766
2023-08-19 21:32:37.980000+00:00,56.994861,-158.232096,24.94,0.76,11215,10.016832985328424
2023-08-20 00:14:42.390000+00:00,56.924731,-157.999235,2.44,0.22,11216,12.949578876414458
2023-08-20 01:05:44.600000+00:00,56.810022,-158.013623,3.67,1.03,11217,15.994052820041004
2023-08-20 10:32:30.320000+00:00,56.883049,-158.01958,6.35,0.09,11220,11.818778710173524
2023-08-20 13:59:54.590000+00:00,56.814905,-158.221029,9.52,0.34,11221,10.148389843738721
2023-08-21 05:20:44.100000+00:00,56.956616,-157.941227,9.76,0.25,11228,17.25730942209236
2023-08-22 02:07:47.880000+00:00,56.966772,-158.155697,9.42,-0.05,11230,7.5252973871299345
2023-08-22 02:49:08.410000+00:00,56.95356,-158.031608,0.31,0.46,11232,12.039269187402372
2023-08-22 11:46:24.970000+00:00,56.85848,-158.083431,7.16,-0.31,11233,9.293508108327798
2023-08-22 14:17:43.760000+00:00,56.912968,-157.925505,5.5,0.07,11237,17.28888707140865
2023-08-22 19:50:55.580000+00:00,56.843652,-158.098991,5.67,-0.02,11240,9.638039172483685
2023-08-23 03:52:27.930000+00:00,56.912805,-158.047298,7.78,0.49,11242,9.881712506364627
2023-08-23 04:43:54.370000+00:00,56.907121,-158.099658,7.72,0.21,11243,6.663238294200853
2023-08-23 08:48:52.540000+00:00,56.939709,-157.991032,4.72,1.06,11244,13.800464408412095
2023-08-23 09:30:18.570000+00:00,56.860669,-158.062174,6.12,0.4,11245,10.265253967376896
2023-08-25 19:16:45.720000+00:00,56.875924,-158.106689,7.9,1.21,11246,7.067835707401149
2023-08-29 09:59:04.910000+00:00,56.862667,-158.084505,5.96,1.16,11251,8.98155239514258
2023-08-29 10:00:22.900000+00:00,56.84812,-158.216016,7.23,0.37,11252,6.437339939512691
2023-08-30 02:51:17.140000+00:00,56.925606,-158.040967,4.21,0.72,11253,10.46975613675468
2023-08-30 05:30:34.830000+00:00,56.915304,-158.025977,2.87,1.47,11254,11.199494891265685
2023-09-05 00:03:55.220000+00:00,56.929924,-158.001904,3.55,0.93,11256,12.896289871911751
2023-09-11 18:01:52.360000+00:00,56.925179,-157.985758,6.39,0.47,11259,13.767814363340955
2023-09-12 21:27:05.520000+00:00,56.923486,-158.00765,1.8,1.45,11262,12.421603441609161
2023-09-15 03:01:55.660000+00:00,56.844747,-158.344189,7.01,1.28,11264,10.685166238305975
2023-09-16 06:28:30.400000+00:00,56.86724,-158.098893,7.74,0.5,11265,7.967827355135081
2023-09-18 12:13:42.770000+00:00,56.869291,-158.087533,7.63,0.47,11266,8.44683237807622
2023-09-19 08:09:58.590000+00:00,56.870251,-158.046094,5.2,0.18,11270,10.689864903816492
2023-09-20 12:50:34.220000+00:00,56.864042,-158.100602,10.87,1.07,11272,8.080074472768239
2023-09-21 10:29:52.550000+00:00,56.875285,-158.099495,6.25,1.7,11273,7.489617689164861
2023-09-23 09:36:55.670000+00:00,56.939502,-158.031559,8.88,0.68,11276,11.439017039915706
2023-09-23 10:02:37.330000+00:00,56.934119,-158.006266,3.64,0.14,11278,12.743385189446126
2023-09-24 17:47:35.600000+00:00,56.941073,-157.994336,5.19,0.43,11283,13.649750414191413
2023-09-25 13:29:33.400000+00:00,56.869552,-158.098828,8.04,0.04,11290,7.835301174496499
2023-09-25 18:55:13.200000+00:00,56.880005,-158.004704,4.19,0.67,11291,12.7781964731921
2023-09-27 23:43:42.560000+00:00,56.923698,-158.084082,5.01,0.41,11296,7.865596289836362
2023-09-28 13:46:21.080000+00:00,56.917249,-158.048356,5.68,0.0,11300,9.8685434786203
2023-09-28 16:12:03.500000+00:00,56.858525,-157.996403,8.53,-0.11,11301,13.989146863488015
2023-09-29 04:13:43.610000+00:00,56.923735,-158.011605,1.25,0.02,11307,12.188280334999524
2023-09-29 06:26:37.980000+00:00,56.887602,-158.094548,6.27,0.42,11308,7.263188921205032
2023-10-02 09:03:58.230000+00:00,56.941789,-158.044482,4.63,2.21,11310,10.790397984548799
2023-10-04 17:50:36+00:00,56.851941,-158.273633,5.7,1.0,11311,7.176351680085479
2023-10-05 03:45:40.990000+00:00,56.819548,-158.247624,3.21,1.42,11312,9.889512078933341
2023-10-08 12:58:01+00:00,56.906392,-158.022575,5.43,0.16,11316,11.358162542449934
2023-10-12 22:43:54.540000+00:00,56.865906,-158.09974,7.63,0.14,11320,8.005951529227968
2023-10-13 06:35:00.470000+00:00,56.860063,-158.28029,2.07,0.29,11321,6.695406993317695
2023-10-14 11:19:57.410000+00:00,56.885478,-158.192692,7.43,0.94,11322,2.471634283772864
2023-10-15 07:55:26.960000+00:00,56.941976,-158.010465,3.85,0.5,11323,12.743525868187463
2023-10-15 13:52:38.890000+00:00,56.964937,-157.990609,5.91,0.52,11324,14.836681108135753
2023-10-17 08:55:12.900000+00:00,56.874186,-158.095622,6.6,1.55,11327,7.755599968242255
2023-10-17 09:18:16.100000+00:00,56.90859,-158.100586,9.79,1.16,11328,6.612249840770803
2023-10-20 15:26:13.550000+00:00,56.980107,-157.980566,15.94,1.34,11329,16.179707804428865
2023-10-30 09:36:10.300000+00:00,56.927824,-158.090674,4.83,0.74,11332,7.612843713156712
2023-10-30 15:49:03.410000+00:00,56.921403,-158.018701,1.83,0.69,11333,11.721168090291279
2023-10-31 11:15:31.460000+00:00,56.884355,-158.125195,15.13,0.28,11335,5.638065036870621
2023-11-16 18:17:48.160000+00:00,56.926807,-158.083073,4.88,1.16,11343,8.018834020016145
2023-11-18 03:44:22.060000+00:00,56.849955,-157.982878,11.2,0.94,11344,15.124538736519753
2023-11-20 06:13:59.620000+00:00,56.874536,-158.191309,4.94,0.48,11346,3.644653330668312
2023-11-26 05:25:29.960000+00:00,56.926729,-158.005208,1.76,0.82,11349,12.6295873382565
2023-11-26 11:17:15.620000+00:00,56.93774,-158.018034,7.98,0.93,11350,12.16149638894279
2023-11-28 05:07:36.400000+00:00,56.932035,-158.068473,5.54,0.85,11351,9.04358098150664
2023-12-02 02:38:02.170000+00:00,56.896765,-158.174984,5.8,0.22,11354,2.303986072685381
2023-12-02 06:26:15.350000+00:00,56.89939,-158.06849,21.57,1.02,11356,8.591100221115404
2023-12-02 06:26:40.790000+00:00,56.866797,-158.091227,19.86,1.29,11357,8.390716978818734
2023-12-21 17:11:52.500000+00:00,56.98313,-158.111898,4.92,0.66,11368,10.444263049824277
2023-12-30 21:28:28.760000+00:00,56.883667,-158.206478,5.91,0.42,11371,2.469474129824235
2024-01-09 11:49:29.990000+00:00,56.893754,-158.075553,7.53,0.77,11375,8.241552132908726
2024-01-10 02:23:47.330000+00:00,56.937374,-158.005046,3.35,0.46,11376,12.908845423008264
2024-01-16 02:22:10.370000+00:00,56.909908,-158.060563,4.93,0.18,11380,9.054685940593803
2024-01-22 19:14:43.860000+00:00,56.955103,-157.897949,5.18,1.38,11384,19.71825171419702
2024-01-25 23:36:51.720000+00:00,56.887378,-158.328125,14.81,0.18,11391,7.543839498131342
2024-02-05 19:33:16.880000+00:00,56.879012,-158.079264,5.5,0.48,11405,8.45106536884506
2024-02-07 04:08:23.790000+00:00,56.852612,-158.256885,7.06,1.48,11407,6.603342718593747
2024-03-06 07:51:30.820000+00:00,56.832576,-158.171077,18.73,1.1,11419,8.475683285935911
2024-03-08 14:45:30.710000+00:00,56.86344,-158.183854,15.36,0.94,11422,4.959937722434995
2024-03-16 00:29:33.100000+00:00,56.885099,-157.955192,12.35,0.24,11427,15.638521123052872
2024-03-17 01:03:22.770000+00:00,56.926322,-158.082161,5.17,0.38,11431,8.056544390310624
2024-03-26 15:21:29.560000+00:00,56.917912,-158.166211,4.51,0.33,11440,2.9348187538138344
2024-03-27 21:29:17.680000+00:00,56.908004,-158.045752,5.25,0.22,11441,9.948723338530518
2024-03-28 13:43:05.830000+00:00,56.871619,-158.10498,17.24,0.45,11444,7.395167987244996
2024-04-26 04:42:24.220000+00:00,56.936023,-158.037695,2.52,0.18,11464,10.962087001317766
2024-05-09 15:26:11.120000+00:00,56.901591,-158.111344,8.22,0.83,11472,5.968521705155632
2024-06-13 07:46:21.290000+00:00,56.963953,-158.202539,18.62,0.29,11485,6.487777280826703
2024-07-04 04:34:43.280000+00:00,56.923376,-158.025472,2.89,0.22,11502,11.348978315887429
2024-07-07 07:36:28.040000+00:00,56.874023,-158.122917,15.84,0.9,11513,6.328639182823735
2024-07-07 07:37:54.920000+00:00,56.851392,-158.083154,17.38,1.25,11514,9.776533597510754
2024-07-09 05:09:59.410000+00:00,56.847054,-158.078711,15.69,0.6,11517,10.291024434133812
2024-07-21 01:03:35.510000+00:00,56.857454,-158.105908,17.31,0.59,11525,8.275596693475892
2024-07-22 07:24:44.300000+00:00,56.922327,-158.105469,6.64,0.5,11528,6.569365224107322
2024-07-24 17:45:08.440000+00:00,56.738957,-158.168148,5.71,2.21,11539,18.745793242708526
2024-07-27 22:10:45.160000+00:00,56.882678,-158.11263,15.54,0.62,11544,6.412829811675525
2024-07-28 03:43:47.450000+00:00,56.908435,-158.03112,2.61,0.83,11545,10.84104201074389
2024-07-28 18:02:42.400000+00:00,56.825358,-158.172835,3.31,1.68,11547,9.225388299575435
2024-08-07 12:40:59.450000+00:00,56.912781,-158.180387,8.3,0.4,11556,1.9085980121921498
2024-08-09 22:16:18.480000+00:00,56.873617,-158.178662,3.81,-0.39,11567,4.032769271545506
2024-08-20 20:41:07.520000+00:00,56.920992,-157.974268,1.94,1.07,11583,14.398024672127729
2024-08-22 09:44:16.060000+00:00,56.940519,-157.986263,5.53,0.7,11585,14.104344833493625
2024-08-24 03:11:26.290000+00:00,56.922693,-158.444189,7.16,1.3,11588,14.448785213915572
2024-08-24 03:12:28.200000+00:00,56.870142,-158.189176,21.69,2.0,11589,4.150589132444719
2024-08-24 03:13:39.410000+00:00,56.862533,-158.114062,16.53,1.18,11590,7.530566778991261
2024-08-24 03:15:49.550000+00:00,56.832788,-158.196159,16.4,1.29,11592,8.168062852025454
2024-08-24 03:16:12.870000+00:00,56.880505,-158.167936,19.58,1.95,11593,3.768003309791422
2024-08-26 07:49:24.530000+00:00,56.873853,-158.169092,11.73,0.55,11596,4.309642937878824
2024-08-26 07:53:31.530000+00:00,56.862252,-158.104899,17.71,1.22,11597,7.9868566630253905
2024-08-26 13:48:12.560000+00:00,56.87902,-158.248405,22.64,1.05,11598,3.828989357081037
2024-08-31 09:24:35.490000+00:00,56.807841,-158.397428,8.01,0.96,11604,15.847137825680248
2024-09-08 22:06:00.820000+00:00,56.841443,-158.378516,14.66,0.04,11626,12.578118651890897
2024-10-02 08:40:53.400000+00:00,56.883386,-158.158496,18.54,0.84,11649,3.962756384053214
2024-10-02 08:44:04+00:00,56.958911,-158.296012,8.87,0.22,11650,7.939978375906417
2024-10-02 08:45:58.490000+00:00,56.867155,-158.15708,17.11,1.06,11651,5.3419098626262445
2024-10-12 23:32:48.200000+00:00,56.876538,-158.103597,15.83,1.15,11663,7.203419370626398
2024-10-13 23:57:30.560000+00:00,56.893778,-158.005208,15.5,1.18,11668,12.49010393873194
2024-10-16 17:07:34.200000+00:00,56.920984,-158.141829,6.93,-0.21,11673,4.427218731771922
2024-10-16 20:49:28.520000+00:00,56.74989,-158.306608,7.72,1.65,11676,18.355884323706647
2024-10-28 22:49:43.880000+00:00,56.923311,-158.064941,4.8,0.66,11694,8.988891639310541
2024-11-11 18:24:55.740000+00:00,56.814945,-158.343831,14.45,1.36,11706,13.03862630634431
2024-11-11 19:40:44+00:00,56.81838,-158.346077,13.96,1.36,11707,12.832696515842068
2024-11-11 23:00:27.980000+00:00,56.88444,-158.12902,15.26,1.09,11708,5.423636095469388
2024-11-21 10:32:37.160000+00:00,56.879675,-158.177474,4.97,-0.26,11719,3.486463044199541
2024-11-23 17:40:37.040000+00:00,56.771619,-158.329688,6.66,1.65,11725,16.659033860898635
2024-11-25 14:42:29.470000+00:00,56.801998,-158.121745,3.55,1.51,11729,12.726031076609372
2024-11-25 20:10:29.320000+00:00,56.878434,-158.417204,11.4,0.57,11731,13.050388688287006
2024-12-05 21:35:08.480000+00:00,56.769999,-158.053092,8.31,1.69,11750,17.86731640262716
2024-12-08 10:42:57.900000+00:00,56.813774,-158.185335,4.68,1.36,11758,10.34894946737679
2024-12-09 08:39:32.470000+00:00,56.919059,-158.14528,14.59,1.96,11760,4.1528364685864725
2024-12-12 07:47:17.800000+00:00,56.857251,-158.385303,13.51,1.19,11762,12.031413460776163
2024-12-16 16:50:23.730000+00:00,56.875224,-158.410547,11.26,1.22,11767,12.747530128772585
2024-12-21 15:33:05.830000+00:00,56.850159,-158.373779,11.92,1.25,11771,11.803718362025217
2024-12-22 11:45:33.480000+00:00,56.824801,-158.110645,6.61,3.57,11774,10.832517491724913
2024-12-26 09:32:18.480000+00:00,56.880855,-158.084245,6.41,0.54,11776,8.09485359220572
